air_temp,azimuth,cloud_opacity,ghi,gti,precipitation_rate,surface_pressure,wind_direction_10m,wind_speed_10m,zenith,weather_type,pm10,pm2.5,period_end,period
25,62,33.6,0,0,0.1,1015,249,1,166,PARTLY CLOUDY,44.3,19.9,2025-08-01T00:05:00+09:30,PT5M
25,60,32,0,0,0.1,1015.1,251,1,167,PARTLY CLOUDY,44.6,20,2025-08-01T00:10:00+09:30,PT5M
25,57,26.8,0,0,0.1,1015.1,252,0.9,168,PARTLY CLOUDY,44.8,20.2,2025-08-01T00:15:00+09:30,PT5M
25,53,26.8,0,0,0.1,1015.1,254,0.9,169,PARTLY CLOUDY,45,20.3,2025-08-01T00:20:00+09:30,PT5M
25,49,26.8,0,0,0.1,1015.1,255,0.9,170,PARTLY CLOUDY,45.2,20.4,2025-08-01T00:25:00+09:30,PT5M
25,45,26.8,0,0,0.1,1015.1,257,0.9,171,PARTLY CLOUDY,45.5,20.6,2025-08-01T00:30:00+09:30,PT5M
25,38,23.2,0,0,0,1015.1,258,0.9,172,PARTLY CLOUDY,45.7,20.7,2025-08-01T00:35:00+09:30,PT5M
25,31,26.8,0,0,0,1015.1,259,0.9,173,PARTLY CLOUDY,46,20.9,2025-08-01T00:40:00+09:30,PT5M
25,22,26.8,0,0,0,1015,260,0.9,173,PARTLY CLOUDY,46.2,21,2025-08-01T00:45:00+09:30,PT5M
25,12,26.8,0,0,0,1015,261,0.9,174,PARTLY CLOUDY,46.4,21.1,2025-08-01T00:50:00+09:30,PT5M
25,1,28.5,0,0,0,1015,262,0.9,174,PARTLY CLOUDY,46.7,21.3,2025-08-01T00:55:00+09:30,PT5M
25,-10,28.5,0,0,0,1015,263,0.9,174,PARTLY CLOUDY,46.9,21.4,2025-08-01T01:00:00+09:30,PT5M
25,-20,30.3,0,0,0,1014.9,264,0.9,174,PARTLY CLOUDY,47.2,21.7,2025-08-01T01:05:00+09:30,PT5M
25,-29,28.5,0,0,0,1014.9,265,0.9,173,PARTLY CLOUDY,47.6,22.2,2025-08-01T01:10:00+09:30,PT5M
25,-37,33.6,0,0,0,1014.9,266,0.9,172,PARTLY CLOUDY,47.9,22.7,2025-08-01T01:15:00+09:30,PT5M
25,-43,33.6,0,0,0,1014.9,267,0.9,172,PARTLY CLOUDY,48.3,23.2,2025-08-01T01:20:00+09:30,PT5M
25,-48,30.3,0,0,0,1014.8,268,0.9,171,PARTLY CLOUDY,48.7,23.7,2025-08-01T01:25:00+09:30,PT5M
25,-53,28.5,0,0,0,1014.8,269,0.9,170,PARTLY CLOUDY,49.1,24.2,2025-08-01T01:30:00+09:30,PT5M
25,-56,28.5,0,0,0,1014.8,270,0.9,169,PARTLY CLOUDY,49.4,24.6,2025-08-01T01:35:00+09:30,PT5M
25,-59,26.8,0,0,0,1014.8,269,0.8,168,PARTLY CLOUDY,49.8,25.1,2025-08-01T01:40:00+09:30,PT5M
25,-61,26.8,0,0,0,1014.8,268,0.8,167,PARTLY CLOUDY,50.2,25.6,2025-08-01T01:45:00+09:30,PT5M
25,-63,26.8,0,0,0,1014.8,268,0.7,166,PARTLY CLOUDY,50.6,26.1,2025-08-01T01:50:00+09:30,PT5M
25,-65,26.8,0,0,0,1014.7,267,0.6,164,PARTLY CLOUDY,50.9,26.6,2025-08-01T01:55:00+09:30,PT5M
25,-67,26.8,0,0,0,1014.7,265,0.6,163,PARTLY CLOUDY,51.3,27.1,2025-08-01T02:00:00+09:30,PT5M
25,-68,28.5,0,0,0,1014.7,264,0.5,162,PARTLY CLOUDY,51.7,27.4,2025-08-01T02:05:00+09:30,PT5M
25,-69,25,0,0,0,1014.7,262,0.5,161,PARTLY CLOUDY,52.1,27.7,2025-08-01T02:10:00+09:30,PT5M
25,-70,25,0,0,0,1014.7,260,0.4,160,PARTLY CLOUDY,52.4,27.9,2025-08-01T02:15:00+09:30,PT5M
25,-71,23.2,0,0,0,1014.7,257,0.4,159,PARTLY CLOUDY,52.8,28.1,2025-08-01T02:20:00+09:30,PT5M
25,-71,25,0,0,0,1014.7,253,0.3,158,PARTLY CLOUDY,53.2,28.4,2025-08-01T02:25:00+09:30,PT5M
25,-72,19.6,0,0,0,1014.7,247,0.2,156,PARTLY CLOUDY,53.6,28.6,2025-08-01T02:30:00+09:30,PT5M
25,-73,25,0,0,0,1014.7,237,0.2,155,PARTLY CLOUDY,53.9,28.9,2025-08-01T02:35:00+09:30,PT5M
25,-73,26.8,0,0,0,1014.6,210,0.1,154,PARTLY CLOUDY,54.3,29.1,2025-08-01T02:40:00+09:30,PT5M
25,-74,25,0,0,0,1014.6,148,0.1,153,PARTLY CLOUDY,54.7,29.4,2025-08-01T02:45:00+09:30,PT5M
25,-74,28.5,0,0,0,1014.6,115,0.2,152,PARTLY CLOUDY,55.1,29.6,2025-08-01T02:50:00+09:30,PT5M
25,-74,21.4,0,0,0,1014.6,104,0.3,151,PARTLY CLOUDY,55.4,29.8,2025-08-01T02:55:00+09:30,PT5M
25,-75,25,0,0,0,1014.5,99,0.4,149,PARTLY CLOUDY,55.8,30.1,2025-08-01T03:00:00+09:30,PT5M
25,-75,28.5,0,0,0,1014.5,96,0.5,148,PARTLY CLOUDY,56.1,30.2,2025-08-01T03:05:00+09:30,PT5M
25,-75,32,0,0,0,1014.5,94,0.6,147,PARTLY CLOUDY,56.4,30.1,2025-08-01T03:10:00+09:30,PT5M
25,-75,35.3,0,0,0,1014.5,93,0.7,146,MOSTLY CLOUDY,56.7,30.1,2025-08-01T03:15:00+09:30,PT5M
25,-75,36.9,0,0,0,1014.4,92,0.8,145,MOSTLY CLOUDY,57,30.1,2025-08-01T03:20:00+09:30,PT5M
25,-76,38.5,0,0,0,1014.4,91,0.9,144,MOSTLY CLOUDY,57.3,30,2025-08-01T03:25:00+09:30,PT5M
25,-76,38.5,0,0,0,1014.4,90,1,142,MOSTLY CLOUDY,57.6,30,2025-08-01T03:30:00+09:30,PT5M
25,-76,40.1,0,0,0.2,1014.4,90,1.1,141,RAIN,57.8,29.9,2025-08-01T03:35:00+09:30,PT5M
25,-76,32,0,0,0.2,1014.4,91,1.2,140,INTERMITTENT RAIN,58.1,29.9,2025-08-01T03:40:00+09:30,PT5M
25,-76,25,0,0,0.2,1014.4,91,1.3,139,INTERMITTENT RAIN,58.4,29.8,2025-08-01T03:45:00+09:30,PT5M
25,-76,17.8,0,0,0.2,1014.4,91,1.4,138,PARTLY CLOUDY,58.7,29.8,2025-08-01T03:50:00+09:30,PT5M
25,-76,35.3,0,0,0.2,1014.3,91,1.5,136,INTERMITTENT RAIN,59,29.8,2025-08-01T03:55:00+09:30,PT5M
25,-76,36.9,0,0,0.2,1014.3,92,1.6,135,INTERMITTENT RAIN,59.3,29.7,2025-08-01T04:00:00+09:30,PT5M
25,-76,38.5,0,0,0.2,1014.3,92,1.7,134,INTERMITTENT RAIN,59.5,29.8,2025-08-01T04:05:00+09:30,PT5M
25,-76,36.9,0,0,0.2,1014.3,92,1.8,133,INTERMITTENT RAIN,59.7,29.9,2025-08-01T04:10:00+09:30,PT5M
24,-76,25,0,0,0.2,1014.3,92,1.9,132,INTERMITTENT RAIN,59.9,30,2025-08-01T04:15:00+09:30,PT5M
24,-76,25,0,0,0.2,1014.3,92,2,131,INTERMITTENT RAIN,60,30.2,2025-08-01T04:20:00+09:30,PT5M
24,-76,23.2,0,0,0.2,1014.3,92,2.1,129,INTERMITTENT RAIN,60.2,30.3,2025-08-01T04:25:00+09:30,PT5M
24,-76,25,0,0,0.2,1014.3,92,2.2,128,INTERMITTENT RAIN,60.4,30.4,2025-08-01T04:30:00+09:30,PT5M
24,-76,26.8,0,0,0.1,1014.3,92,2.3,127,PARTLY CLOUDY,60.6,30.6,2025-08-01T04:35:00+09:30,PT5M
24,-76,33.6,0,0,0.1,1014.3,92,2.4,126,PARTLY CLOUDY,60.8,30.7,2025-08-01T04:40:00+09:30,PT5M
24,-76,30.3,0,0,0.1,1014.3,91,2.4,125,PARTLY CLOUDY,61,30.8,2025-08-01T04:45:00+09:30,PT5M
24,-76,28.5,0,0,0.1,1014.4,91,2.5,123,PARTLY CLOUDY,61.1,31,2025-08-01T04:50:00+09:30,PT5M
24,-76,30.3,0,0,0.1,1014.4,91,2.6,122,PARTLY CLOUDY,61.3,31.1,2025-08-01T04:55:00+09:30,PT5M
24,-76,28.5,0,0,0.1,1014.4,90,2.6,121,PARTLY CLOUDY,61.5,31.2,2025-08-01T05:00:00+09:30,PT5M
24,-76,28.5,0,0,0.1,1014.4,90,2.7,120,PARTLY CLOUDY,61.7,31.3,2025-08-01T05:05:00+09:30,PT5M
24,-76,28.5,0,0,0.1,1014.5,89,2.7,119,PARTLY CLOUDY,61.9,31.2,2025-08-01T05:10:00+09:30,PT5M
24,-75,30.3,0,0,0.1,1014.5,89,2.8,118,PARTLY CLOUDY,62.1,31.2,2025-08-01T05:15:00+09:30,PT5M
24,-75,30.3,0,0,0.1,1014.5,89,2.9,116,PARTLY CLOUDY,62.2,31.2,2025-08-01T05:20:00+09:30,PT5M
24,-75,30.3,0,0,0.1,1014.5,89,2.9,115,PARTLY CLOUDY,62.4,31.1,2025-08-01T05:25:00+09:30,PT5M
24,-75,30.3,0,0,0.1,1014.6,88,3,114,PARTLY CLOUDY,62.6,31.1,2025-08-01T05:30:00+09:30,PT5M
24,-75,25,0,0,0,1014.6,88,3,113,PARTLY CLOUDY,62.8,31,2025-08-01T05:35:00+09:30,PT5M
24,-75,23.2,0,0,0,1014.7,89,3,112,PARTLY CLOUDY,63,31,2025-08-01T05:40:00+09:30,PT5M
24,-75,17.8,0,0,0,1014.7,89,3,110,PARTLY CLOUDY,63.2,30.9,2025-08-01T05:45:00+09:30,PT5M
24,-75,23.2,0,0,0,1014.8,89,3.1,109,PARTLY CLOUDY,63.3,30.9,2025-08-01T05:50:00+09:30,PT5M
24,-74,23.2,0,0,0,1014.9,90,3.1,108,PARTLY CLOUDY,63.5,30.9,2025-08-01T05:55:00+09:30,PT5M
24,-74,23.2,0,0,0,1014.9,90,3.1,107,PARTLY CLOUDY,63.7,30.8,2025-08-01T06:00:00+09:30,PT5M
24,-74,23.2,0,0,0,1015,90,3.1,106,PARTLY CLOUDY,63.6,30.7,2025-08-01T06:05:00+09:30,PT5M
24,-74,14,0,0,0,1015,90,3.1,105,PARTLY CLOUDY,63.4,30.6,2025-08-01T06:10:00+09:30,PT5M
24,-74,21.4,0,0,0,1015.1,91,3.1,103,PARTLY CLOUDY,63,30.4,2025-08-01T06:15:00+09:30,PT5M
24,-73,25,0,0,0,1015.1,91,3.2,102,PARTLY CLOUDY,62.8,30.2,2025-08-01T06:20:00+09:30,PT5M
24,-73,21.4,0,0,0,1015.2,91,3.2,101,PARTLY CLOUDY,62.5,30,2025-08-01T06:25:00+09:30,PT5M
24,-73,19.6,0,0,0,1015.3,92,3.2,100,PARTLY CLOUDY,62.2,29.9,2025-08-01T06:30:00+09:30,PT5M
24,-73,25,0,0,0,1015.3,92,3.2,99,PARTLY CLOUDY,61.8,29.7,2025-08-01T06:35:00+09:30,PT5M
24,-73,17.8,0,0,0,1015.3,92,3.1,98,PARTLY CLOUDY,61.5,29.6,2025-08-01T06:40:00+09:30,PT5M
24,-72,21.4,0,0,0,1015.3,92,3,96,PARTLY CLOUDY,61.2,29.4,2025-08-01T06:45:00+09:30,PT5M
24,-72,26.8,0,0,0,1015.3,92,2.9,95,PARTLY CLOUDY,61,29.2,2025-08-01T06:50:00+09:30,PT5M
24,-72,36.9,0,0,0,1015.3,92,2.8,94,MOSTLY CLOUDY,60.6,29,2025-08-01T06:55:00+09:30,PT5M
24,-72,46.3,0,0,0,1015.3,92,2.7,93,MOSTLY CLOUDY,60.4,28.9,2025-08-01T07:00:00+09:30,PT5M
24,-71,53.5,0,0,0,1015.3,92,2.7,92,MOSTLY CLOUDY,59.8,28.6,2025-08-01T07:05:00+09:30,PT5M
24,-71,54.8,0,0,0,1015.4,92,2.6,91,MOSTLY CLOUDY,59,28.3,2025-08-01T07:10:00+09:30,PT5M
24,-71,47.8,1,1,0,1015.4,92,2.5,89,MOSTLY CLOUDY,58.3,27.9,2025-08-01T07:15:00+09:30,PT5M
24,-71,38.5,5,5,0,1015.4,92,2.4,88,MOSTLY CLOUDY,57.5,27.6,2025-08-01T07:20:00+09:30,PT5M
24,-70,35.3,11,11,0,1015.4,92,2.3,87,MOSTLY CLOUDY,56.7,27.3,2025-08-01T07:25:00+09:30,PT5M
24,-70,21.4,20,19,0,1015.4,93,2.2,86,PARTLY CLOUDY,55.9,26.9,2025-08-01T07:30:00+09:30,PT5M
24,-70,19.6,28,27,0,1015.4,94,2.2,85,PARTLY CLOUDY,55.2,26.6,2025-08-01T07:35:00+09:30,PT5M
24,-69,15.9,38,37,0,1015.5,95,2.2,84,PARTLY CLOUDY,54.4,26.2,2025-08-01T07:40:00+09:30,PT5M
24,-69,19.6,45,45,0,1015.5,97,2.3,83,PARTLY CLOUDY,53.6,25.9,2025-08-01T07:45:00+09:30,PT5M
25,-69,16.9,57,56,0,1015.6,99,2.3,81,PARTLY CLOUDY,52.8,25.6,2025-08-01T07:50:00+09:30,PT5M
25,-68,17.7,67,67,0,1015.7,101,2.3,80,PARTLY CLOUDY,52.1,25.2,2025-08-01T07:55:00+09:30,PT5M
25,-68,18.4,78,77,0,1015.7,103,2.3,79,PARTLY CLOUDY,51.3,24.9,2025-08-01T08:00:00+09:30,PT5M
25,-68,21.7,87,86,0,1015.8,104,2.4,78,PARTLY CLOUDY,50.5,24.5,2025-08-01T08:05:00+09:30,PT5M
25,-67,19,102,102,0,1015.8,106,2.4,77,PARTLY CLOUDY,49.7,24.1,2025-08-01T08:10:00+09:30,PT5M
25,-67,16.6,118,122,0,1015.9,107,2.5,76,PARTLY CLOUDY,49,23.7,2025-08-01T08:15:00+09:30,PT5M
25,-67,9.5,143,156,0,1015.9,109,2.5,75,HAZY,48.2,23.3,2025-08-01T08:20:00+09:30,PT5M
25,-66,16.6,146,152,0,1016,110,2.5,74,PARTLY CLOUDY,47.4,22.9,2025-08-01T08:25:00+09:30,PT5M
25,-66,21.1,151,154,0,1016.1,112,2.6,72,PARTLY CLOUDY,46.6,22.5,2025-08-01T08:30:00+09:30,PT5M
25,-65,19.6,168,174,0,1016.1,113,2.6,71,PARTLY CLOUDY,45.9,22.2,2025-08-01T08:35:00+09:30,PT5M
26,-65,15.8,191,202,0,1016.2,115,2.7,70,PARTLY CLOUDY,45.1,21.8,2025-08-01T08:40:00+09:30,PT5M
26,-64,14.3,209,224,0,1016.2,117,2.7,69,PARTLY CLOUDY,44.3,21.4,2025-08-01T08:45:00+09:30,PT5M
26,-64,15.2,222,237,0,1016.3,118,2.8,68,PARTLY CLOUDY,43.5,21,2025-08-01T08:50:00+09:30,PT5M
26,-63,26.2,206,207,0,1016.3,120,2.8,67,PARTLY CLOUDY,42.8,20.6,2025-08-01T08:55:00+09:30,PT5M
26,-63,32.3,201,199,0,1016.4,121,2.9,66,PARTLY CLOUDY,42,20.2,2025-08-01T09:00:00+09:30,PT5M
26,-62,40.4,188,186,0,1016.4,122,3,65,MOSTLY CLOUDY,41.3,19.6,2025-08-01T09:05:00+09:30,PT5M
26,-62,45.8,181,179,0,1016.5,124,3,64,MOSTLY CLOUDY,40.8,18.9,2025-08-01T09:10:00+09:30,PT5M
26,-61,47.2,186,184,0,1016.5,125,3.1,63,MOSTLY CLOUDY,40.3,18.2,2025-08-01T09:15:00+09:30,PT5M
26,-61,46.4,198,196,0,1016.6,126,3.2,61,MOSTLY CLOUDY,39.8,17.5,2025-08-01T09:20:00+09:30,PT5M
27,-60,47.8,203,201,0,1016.6,127,3.2,60,MOSTLY CLOUDY,39.3,16.7,2025-08-01T09:25:00+09:30,PT5M
27,-59,51.4,197,195,0,1016.7,128,3.3,59,MOSTLY CLOUDY,38.8,16,2025-08-01T09:30:00+09:30,PT5M
27,-59,54,195,193,0,1016.7,129,3.4,58,MOSTLY CLOUDY,38.3,15.3,2025-08-01T09:35:00+09:30,PT5M
27,-58,55.5,196,194,0,1016.7,129,3.5,57,MOSTLY CLOUDY,37.8,14.6,2025-08-01T09:40:00+09:30,PT5M
27,-57,57,197,195,0,1016.7,129,3.6,56,MOSTLY CLOUDY,37.3,13.8,2025-08-01T09:45:00+09:30,PT5M
27,-57,55.2,213,211,0,1016.7,129,3.7,55,MOSTLY CLOUDY,36.8,13.1,2025-08-01T09:50:00+09:30,PT5M
27,-56,51.7,238,235,0,1016.7,129,3.8,54,MOSTLY CLOUDY,36.3,12.4,2025-08-01T09:55:00+09:30,PT5M
27,-55,59.5,206,204,0,1016.7,129,3.9,53,MOSTLY CLOUDY,35.8,11.7,2025-08-01T10:00:00+09:30,PT5M
27,-54,58.3,219,216,0,1016.7,129,4,52,MOSTLY CLOUDY,35.4,11.2,2025-08-01T10:05:00+09:30,PT5M
27,-54,66.6,180,178,0,1016.8,129,4.1,51,OVERCAST,35.1,11.1,2025-08-01T10:10:00+09:30,PT5M
27,-53,77.6,124,123,0,1016.8,129,4.2,50,OVERCAST,34.9,11,2025-08-01T10:15:00+09:30,PT5M
27,-52,88.9,63,62,0,1016.8,129,4.4,49,OVERCAST,34.7,10.9,2025-08-01T10:20:00+09:30,PT5M
27,-51,90.8,54,53,0,1016.8,129,4.5,48,OVERCAST,34.4,10.8,2025-08-01T10:25:00+09:30,PT5M
28,-50,79.9,120,118,0,1016.8,129,4.6,47,OVERCAST,34.2,10.7,2025-08-01T10:30:00+09:30,PT5M
28,-49,66.2,205,203,0,1016.8,128,4.6,46,OVERCAST,33.9,10.5,2025-08-01T10:35:00+09:30,PT5M
28,-48,52.1,297,293,0,1016.7,127,4.7,46,MOSTLY CLOUDY,33.7,10.4,2025-08-01T10:40:00+09:30,PT5M
28,-47,37.4,395,393,0,1016.6,125,4.8,45,MOSTLY CLOUDY,33.4,10.3,2025-08-01T10:45:00+09:30,PT5M
28,-46,22.4,499,525,0,1016.5,124,4.8,44,PARTLY CLOUDY,33.2,10.2,2025-08-01T10:50:00+09:30,PT5M
28,-44,3,636,700,0,1016.4,123,4.9,43,MOSTLY SUNNY,33,10.1,2025-08-01T10:55:00+09:30,PT5M
29,-43,0,666,736,0,1016.3,122,4.9,42,SUNNY,32.7,10,2025-08-01T11:00:00+09:30,PT5M
29,-42,0,677,748,0,1016.2,120,5,41,SUNNY,32.5,9.9,2025-08-01T11:05:00+09:30,PT5M
29,-41,0,688,759,0,1016.2,119,5.1,40,SUNNY,32.2,9.9,2025-08-01T11:10:00+09:30,PT5M
29,-39,0,697,769,0,1016.1,118,5.1,40,SUNNY,32,9.9,2025-08-01T11:15:00+09:30,PT5M
29,-38,0,707,779,0,1016,117,5.2,39,SUNNY,31.7,9.9,2025-08-01T11:20:00+09:30,PT5M
29,-36,0,716,789,0,1015.9,116,5.3,38,SUNNY,31.5,9.9,2025-08-01T11:25:00+09:30,PT5M
30,-35,0,725,798,0,1015.8,115,5.3,37,SUNNY,31.2,9.9,2025-08-01T11:30:00+09:30,PT5M
30,-33,0,733,806,0,1015.8,114,5.3,37,SUNNY,31,9.9,2025-08-01T11:35:00+09:30,PT5M
30,-31,0,741,815,0,1015.7,113,5.3,36,SUNNY,30.7,9.9,2025-08-01T11:40:00+09:30,PT5M
30,-30,0,748,822,0,1015.6,111,5.3,35,SUNNY,30.5,9.9,2025-08-01T11:45:00+09:30,PT5M
30,-28,0,755,830,0,1015.6,110,5.2,35,SUNNY,30.2,9.9,2025-08-01T11:50:00+09:30,PT5M
30,-26,0,761,836,0,1015.5,109,5.2,34,SUNNY,30,9.9,2025-08-01T11:55:00+09:30,PT5M
30,-24,0,767,843,0,1015.5,108,5.2,34,SUNNY,29.7,9.9,2025-08-01T12:00:00+09:30,PT5M
30,-22,0,773,848,0,1015.4,107,5.1,33,SUNNY,29.5,9.9,2025-08-01T12:05:00+09:30,PT5M
30,-20,0,777,853,0,1015.4,106,5.1,33,SUNNY,29.2,10,2025-08-01T12:10:00+09:30,PT5M
31,-18,0,782,858,0,1015.3,105,5.1,32,SUNNY,28.9,10,2025-08-01T12:15:00+09:30,PT5M
31,-16,0,786,862,0,1015.2,103,5,32,SUNNY,28.6,10.1,2025-08-01T12:20:00+09:30,PT5M
31,-14,0,789,865,0,1015.2,102,5,32,SUNNY,28.3,10.1,2025-08-01T12:25:00+09:30,PT5M
31,-12,0,792,868,0,1015.1,101,5,32,SUNNY,28,10.2,2025-08-01T12:30:00+09:30,PT5M
31,-9,0,794,871,0,1015,100,5,31,SUNNY,27.7,10.2,2025-08-01T12:35:00+09:30,PT5M
31,-7,0,796,873,0,1014.9,100,4.9,31,SUNNY,27.4,10.3,2025-08-01T12:40:00+09:30,PT5M
31,-5,0,797,874,0,1014.8,100,4.9,31,SUNNY,27.1,10.3,2025-08-01T12:45:00+09:30,PT5M
31,-3,0,798,875,0,1014.7,99,4.8,31,SUNNY,26.8,10.4,2025-08-01T12:50:00+09:30,PT5M
31,0,0,799,876,0,1014.6,99,4.8,31,SUNNY,26.5,10.4,2025-08-01T12:55:00+09:30,PT5M
31,2,1.3,788,863,0,1014.5,99,4.8,31,MOSTLY SUNNY,26.2,10.5,2025-08-01T13:00:00+09:30,PT5M
31,4,2.7,777,849,0,1014.4,98,4.7,31,MOSTLY SUNNY,25.9,10.5,2025-08-01T13:05:00+09:30,PT5M
31,7,4,765,834,0,1014.3,98,4.7,31,MOSTLY SUNNY,25.6,10.5,2025-08-01T13:10:00+09:30,PT5M
31,9,2.5,776,848,0,1014.2,98,4.7,31,MOSTLY SUNNY,25.2,10.6,2025-08-01T13:15:00+09:30,PT5M
31,11,0.9,786,861,0,1014.1,97,4.6,31,MOSTLY SUNNY,24.8,10.6,2025-08-01T13:20:00+09:30,PT5M
32,13,5.1,751,819,0,1013.9,97,4.6,32,MOSTLY SUNNY,24.5,10.6,2025-08-01T13:25:00+09:30,PT5M
32,16,9.1,716,776,0,1013.8,97,4.5,32,MOSTLY SUNNY,24.1,10.6,2025-08-01T13:30:00+09:30,PT5M
32,18,7.5,726,788,0,1013.7,96,4.5,32,MOSTLY SUNNY,23.8,10.7,2025-08-01T13:35:00+09:30,PT5M
32,20,5.9,735,801,0,1013.7,96,4.5,33,MOSTLY SUNNY,23.4,10.7,2025-08-01T13:40:00+09:30,PT5M
32,22,0,777,853,0,1013.6,96,4.5,33,SUNNY,23.1,10.7,2025-08-01T13:45:00+09:30,PT5M
32,24,0,772,848,0,1013.5,96,4.4,34,SUNNY,22.7,10.7,2025-08-01T13:50:00+09:30,PT5M
32,26,0,766,842,0,1013.4,96,4.4,34,SUNNY,22.3,10.8,2025-08-01T13:55:00+09:30,PT5M
32,28,0,761,836,0,1013.4,96,4.4,35,SUNNY,22,10.8,2025-08-01T14:00:00+09:30,PT5M
32,29,0,755,830,0,1013.3,96,4.4,35,SUNNY,21.6,10.8,2025-08-01T14:05:00+09:30,PT5M
32,31,0,748,823,0,1013.2,96,4.3,36,SUNNY,21.3,10.9,2025-08-01T14:10:00+09:30,PT5M
32,33,0,741,815,0,1013.1,96,4.3,37,SUNNY,20.9,10.9,2025-08-01T14:15:00+09:30,PT5M
32,34,3,711,780,0,1013.1,96,4.3,37,MOSTLY SUNNY,20.6,10.9,2025-08-01T14:20:00+09:30,PT5M
32,36,1.4,715,786,0,1013,96,4.3,38,MOSTLY SUNNY,20.2,11,2025-08-01T14:25:00+09:30,PT5M
32,37,3,695,764,0,1012.9,95,4.2,39,MOSTLY SUNNY,19.9,11,2025-08-01T14:30:00+09:30,PT5M
32,39,0,708,781,0,1012.9,95,4.2,39,SUNNY,19.5,11,2025-08-01T14:35:00+09:30,PT5M
32,40,0,698,771,0,1012.8,95,4.2,40,SUNNY,19.2,11.1,2025-08-01T14:40:00+09:30,PT5M
32,42,0,689,761,0,1012.8,95,4.1,41,SUNNY,18.8,11.1,2025-08-01T14:45:00+09:30,PT5M
32,43,0,679,750,0,1012.7,94,4.1,42,SUNNY,18.5,11.1,2025-08-01T14:50:00+09:30,PT5M
32,44,0,668,739,0,1012.7,94,4,43,SUNNY,18.1,11.2,2025-08-01T14:55:00+09:30,PT5M
32,45,0,657,728,0,1012.6,94,4,44,SUNNY,17.8,11.2,2025-08-01T15:00:00+09:30,PT5M
32,47,0,646,716,0,1012.6,93,3.9,44,SUNNY,17.5,11,2025-08-01T15:05:00+09:30,PT5M
32,48,0,635,705,0,1012.5,93,3.9,45,SUNNY,17.4,10.7,2025-08-01T15:10:00+09:30,PT5M
32,49,0,623,692,0,1012.5,93,3.9,46,SUNNY,17.3,10.4,2025-08-01T15:15:00+09:30,PT5M
32,50,0,611,680,0,1012.4,92,3.8,47,SUNNY,17.1,10.1,2025-08-01T15:20:00+09:30,PT5M
32,51,0,598,667,0,1012.4,92,3.8,48,SUNNY,17,9.8,2025-08-01T15:25:00+09:30,PT5M
32,52,0,586,654,0,1012.3,92,3.7,49,SUNNY,16.9,9.5,2025-08-01T15:30:00+09:30,PT5M
32,53,0,573,640,0,1012.3,91,3.7,50,SUNNY,16.7,9.1,2025-08-01T15:35:00+09:30,PT5M
32,53,0,559,626,0,1012.3,91,3.7,51,SUNNY,16.6,8.8,2025-08-01T15:40:00+09:30,PT5M
32,54,0,545,612,0,1012.3,91,3.6,52,SUNNY,16.5,8.5,2025-08-01T15:45:00+09:30,PT5M
32,55,0,531,597,0,1012.3,90,3.6,53,SUNNY,16.3,8.2,2025-08-01T15:50:00+09:30,PT5M
32,56,0,517,582,0,1012.3,90,3.6,54,SUNNY,16.2,7.9,2025-08-01T15:55:00+09:30,PT5M
32,57,0,502,567,0,1012.3,89,3.5,55,SUNNY,16.1,7.6,2025-08-01T16:00:00+09:30,PT5M
32,57,0,487,551,0,1012.3,89,3.5,56,SUNNY,16,7.4,2025-08-01T16:05:00+09:30,PT5M
32,58,0,471,534,0,1012.3,89,3.5,57,SUNNY,16.1,7.4,2025-08-01T16:10:00+09:30,PT5M
32,59,0,455,517,0,1012.4,88,3.4,58,SUNNY,16.2,7.5,2025-08-01T16:15:00+09:30,PT5M
32,59,0,439,500,0,1012.4,88,3.4,59,SUNNY,16.3,7.5,2025-08-01T16:20:00+09:30,PT5M
32,60,0,422,483,0,1012.4,87,3.4,60,SUNNY,16.4,7.5,2025-08-01T16:25:00+09:30,PT5M
32,61,0,406,465,0,1012.4,87,3.3,61,SUNNY,16.5,7.5,2025-08-01T16:30:00+09:30,PT5M
32,61,0,389,447,0,1012.4,87,3.3,62,SUNNY,16.6,7.6,2025-08-01T16:35:00+09:30,PT5M
32,62,0,372,429,0,1012.4,87,3.3,63,SUNNY,16.7,7.6,2025-08-01T16:40:00+09:30,PT5M
32,62,0,355,411,0,1012.5,87,3.3,64,SUNNY,16.8,7.6,2025-08-01T16:45:00+09:30,PT5M
32,63,0,337,392,0,1012.5,87,3.2,66,SUNNY,16.9,7.6,2025-08-01T16:50:00+09:30,PT5M
32,63,0,320,373,0,1012.6,87,3.2,67,SUNNY,17,7.7,2025-08-01T16:55:00+09:30,PT5M
32,64,0,302,354,0,1012.6,87,3.2,68,SUNNY,17.1,7.7,2025-08-01T17:00:00+09:30,PT5M
32,64,0,284,335,0,1012.7,87,3.2,69,SUNNY,17.2,7.7,2025-08-01T17:05:00+09:30,PT5M
32,65,0,267,316,0,1012.7,88,3.2,70,SUNNY,17.3,7.8,2025-08-01T17:10:00+09:30,PT5M
32,65,0,249,296,0,1012.7,88,3.2,71,SUNNY,17.4,7.8,2025-08-01T17:15:00+09:30,PT5M
31,66,0,231,277,0,1012.8,88,3.1,72,SUNNY,17.4,7.8,2025-08-01T17:20:00+09:30,PT5M
31,66,0,213,257,0,1012.8,88,3.1,73,SUNNY,17.6,7.8,2025-08-01T17:25:00+09:30,PT5M
31,67,0,196,238,0,1012.9,88,3.1,74,SUNNY,17.7,7.9,2025-08-01T17:30:00+09:30,PT5M
31,67,0,178,218,0,1012.9,88,3.1,75,SUNNY,17.8,7.9,2025-08-01T17:35:00+09:30,PT5M
31,67,0,161,199,0,1013,88,3.1,77,SUNNY,17.8,8,2025-08-01T17:40:00+09:30,PT5M
31,68,0,143,179,0,1013,88,3,78,SUNNY,18,8,2025-08-01T17:45:00+09:30,PT5M
31,68,0,126,160,0,1013.1,88,3,79,SUNNY,18.1,8,2025-08-01T17:50:00+09:30,PT5M
31,68,0,110,141,0,1013.2,87,3,80,SUNNY,18.2,8,2025-08-01T17:55:00+09:30,PT5M
31,69,0,94,122,0,1013.2,87,3,81,SUNNY,18.2,8.1,2025-08-01T18:00:00+09:30,PT5M
31,69,0,78,103,0,1013.3,87,2.9,82,SUNNY,18.3,8.1,2025-08-01T18:05:00+09:30,PT5M
31,69,0,63,85,0,1013.4,87,2.9,83,SUNNY,18.4,8.2,2025-08-01T18:10:00+09:30,PT5M
31,70,10.1,44,53,0,1013.5,87,2.9,85,PARTLY CLOUDY,18.5,8.2,2025-08-01T18:15:00+09:30,PT5M
30,70,10.1,32,37,0,1013.5,86,2.9,86,PARTLY CLOUDY,18.6,8.2,2025-08-01T18:20:00+09:30,PT5M
30,70,17.8,20,20,0,1013.6,86,2.8,87,PARTLY CLOUDY,18.7,8.3,2025-08-01T18:25:00+09:30,PT5M
30,71,23.2,11,11,0,1013.7,86,2.8,88,PARTLY CLOUDY,18.8,8.3,2025-08-01T18:30:00+09:30,PT5M
30,71,23.2,4,4,0,1013.7,87,2.8,89,PARTLY CLOUDY,18.9,8.4,2025-08-01T18:35:00+09:30,PT5M
30,71,21.4,0,0,0,1013.8,88,2.7,90,PARTLY CLOUDY,19,8.4,2025-08-01T18:40:00+09:30,PT5M
30,71,23.2,0,0,0,1013.9,89,2.6,91,PARTLY CLOUDY,19.1,8.5,2025-08-01T18:45:00+09:30,PT5M
30,72,25,0,0,0,1014,91,2.5,93,PARTLY CLOUDY,19.2,8.5,2025-08-01T18:50:00+09:30,PT5M
29,72,23.2,0,0,0,1014.1,92,2.5,94,PARTLY CLOUDY,19.3,8.5,2025-08-01T18:55:00+09:30,PT5M
29,72,25,0,0,0,1014.2,94,2.4,95,PARTLY CLOUDY,19.4,8.6,2025-08-01T19:00:00+09:30,PT5M
29,72,25,0,0,0,1014.3,96,2.3,96,PARTLY CLOUDY,19.4,8.6,2025-08-01T19:05:00+09:30,PT5M
29,73,23.2,0,0,0,1014.4,98,2.3,97,PARTLY CLOUDY,19.5,8.7,2025-08-01T19:10:00+09:30,PT5M
29,73,23.2,0,0,0,1014.5,100,2.2,98,PARTLY CLOUDY,19.6,8.7,2025-08-01T19:15:00+09:30,PT5M
29,73,23.2,0,0,0,1014.6,102,2.1,100,PARTLY CLOUDY,19.7,8.7,2025-08-01T19:20:00+09:30,PT5M
28,73,23.2,0,0,0,1014.6,104,2.1,101,PARTLY CLOUDY,19.8,8.8,2025-08-01T19:25:00+09:30,PT5M
28,74,23.2,0,0,0,1014.7,106,2,102,PARTLY CLOUDY,19.9,8.8,2025-08-01T19:30:00+09:30,PT5M
28,74,21.4,0,0,0,1014.8,108,2,103,PARTLY CLOUDY,19.9,8.8,2025-08-01T19:35:00+09:30,PT5M
28,74,23.2,0,0,0,1014.9,110,2,104,PARTLY CLOUDY,20,8.8,2025-08-01T19:40:00+09:30,PT5M
28,74,21.4,0,0,0,1014.9,111,2,105,PARTLY CLOUDY,20.1,8.9,2025-08-01T19:45:00+09:30,PT5M
28,74,21.4,0,0,0,1015,112,2,107,PARTLY CLOUDY,20.2,8.9,2025-08-01T19:50:00+09:30,PT5M
28,74,21.4,0,0,0,1015.1,114,2,108,PARTLY CLOUDY,20.3,8.9,2025-08-01T19:55:00+09:30,PT5M
28,75,21.4,0,0,0,1015.1,115,1.9,109,PARTLY CLOUDY,20.4,9,2025-08-01T20:00:00+09:30,PT5M
27,75,21.4,0,0,0,1015.2,117,1.9,110,PARTLY CLOUDY,20.4,9,2025-08-01T20:05:00+09:30,PT5M
27,75,21.4,0,0,0,1015.2,118,1.9,111,PARTLY CLOUDY,20.5,9,2025-08-01T20:10:00+09:30,PT5M
27,75,21.4,0,0,0,1015.3,119,1.9,113,PARTLY CLOUDY,20.6,9,2025-08-01T20:15:00+09:30,PT5M
27,75,21.4,0,0,0,1015.3,121,1.9,114,PARTLY CLOUDY,20.7,9,2025-08-01T20:20:00+09:30,PT5M
27,75,21.4,0,0,0,1015.4,122,1.9,115,PARTLY CLOUDY,20.8,9,2025-08-01T20:25:00+09:30,PT5M
27,75,21.4,0,0,0,1015.5,124,1.9,116,PARTLY CLOUDY,20.9,9,2025-08-01T20:30:00+09:30,PT5M
27,76,21.4,0,0,0,1015.5,126,2,117,PARTLY CLOUDY,20.9,9.1,2025-08-01T20:35:00+09:30,PT5M
27,76,21.4,0,0,0,1015.6,128,2,118,PARTLY CLOUDY,21,9.1,2025-08-01T20:40:00+09:30,PT5M
27,76,21.4,0,0,0,1015.6,130,2.1,120,PARTLY CLOUDY,21.1,9.1,2025-08-01T20:45:00+09:30,PT5M
27,76,19.6,0,0,0,1015.6,132,2.1,121,PARTLY CLOUDY,21.2,9.1,2025-08-01T20:50:00+09:30,PT5M
27,76,17.8,0,0,0,1015.7,134,2.2,122,PARTLY CLOUDY,21.3,9.1,2025-08-01T20:55:00+09:30,PT5M
27,76,19.6,0,0,0,1015.7,136,2.2,123,PARTLY CLOUDY,21.4,9.1,2025-08-01T21:00:00+09:30,PT5M
27,76,19.6,0,0,0,1015.8,138,2.3,124,PARTLY CLOUDY,21.4,9.1,2025-08-01T21:05:00+09:30,PT5M
27,76,19.6,0,0,0,1015.8,139,2.4,126,PARTLY CLOUDY,21.4,9.1,2025-08-01T21:10:00+09:30,PT5M
27,76,19.6,0,0,0,1015.8,141,2.4,127,PARTLY CLOUDY,21.5,9.1,2025-08-01T21:15:00+09:30,PT5M
27,76,17.8,0,0,0,1015.9,142,2.5,128,PARTLY CLOUDY,21.5,9.1,2025-08-01T21:20:00+09:30,PT5M
26,76,21.4,0,0,0,1015.9,144,2.6,129,PARTLY CLOUDY,21.5,9.1,2025-08-01T21:25:00+09:30,PT5M
26,76,19.6,0,0,0,1016,145,2.6,130,PARTLY CLOUDY,21.5,9.1,2025-08-01T21:30:00+09:30,PT5M
26,76,25,0,0,0,1016,146,2.7,131,PARTLY CLOUDY,21.6,9,2025-08-01T21:35:00+09:30,PT5M
26,76,35.3,0,0,0,1016,146,2.8,133,MOSTLY CLOUDY,21.6,9,2025-08-01T21:40:00+09:30,PT5M
26,76,38.5,0,0,0,1016,146,2.8,134,MOSTLY CLOUDY,21.6,9,2025-08-01T21:45:00+09:30,PT5M
26,76,38.5,0,0,0,1016,147,2.9,135,MOSTLY CLOUDY,21.6,9,2025-08-01T21:50:00+09:30,PT5M
26,76,47.8,0,0,0,1016.1,147,2.9,136,MOSTLY CLOUDY,21.7,9,2025-08-01T21:55:00+09:30,PT5M
26,76,47.8,0,0,0,1016.1,147,3,137,MOSTLY CLOUDY,21.7,9,2025-08-01T22:00:00+09:30,PT5M
26,76,49.2,0,0,0,1016.1,147,3.1,139,MOSTLY CLOUDY,21.7,9,2025-08-01T22:05:00+09:30,PT5M
26,76,43.3,0,0,0,1016.1,147,3.1,140,MOSTLY CLOUDY,21.6,8.9,2025-08-01T22:10:00+09:30,PT5M
26,76,38.5,0,0,0,1016.1,148,3.2,141,MOSTLY CLOUDY,21.6,8.9,2025-08-01T22:15:00+09:30,PT5M
26,76,41.7,0,0,0,1016.1,148,3.3,142,MOSTLY CLOUDY,21.6,8.9,2025-08-01T22:20:00+09:30,PT5M
26,76,43.3,0,0,0,1016.2,148,3.3,143,MOSTLY CLOUDY,21.5,8.8,2025-08-01T22:25:00+09:30,PT5M
26,76,43.3,0,0,0,1016.2,148,3.4,144,MOSTLY CLOUDY,21.5,8.8,2025-08-01T22:30:00+09:30,PT5M
26,76,46.3,0,0,0,1016.2,148,3.4,146,MOSTLY CLOUDY,21.4,8.8,2025-08-01T22:35:00+09:30,PT5M
26,75,43.3,0,0,0,1016.2,147,3.5,147,MOSTLY CLOUDY,21.4,8.8,2025-08-01T22:40:00+09:30,PT5M
26,75,41.7,0,0,0,1016.2,147,3.5,148,MOSTLY CLOUDY,21.3,8.7,2025-08-01T22:45:00+09:30,PT5M
26,75,38.5,0,0,0,1016.2,146,3.6,149,MOSTLY CLOUDY,21.3,8.7,2025-08-01T22:50:00+09:30,PT5M
26,75,33.6,0,0,0,1016.2,146,3.7,150,PARTLY CLOUDY,21.3,8.7,2025-08-01T22:55:00+09:30,PT5M
26,74,28.5,0,0,0,1016.2,145,3.7,152,PARTLY CLOUDY,21.2,8.6,2025-08-01T23:00:00+09:30,PT5M
26,74,30.3,0,0,0,1016.2,145,3.8,153,PARTLY CLOUDY,21.2,8.6,2025-08-01T23:05:00+09:30,PT5M
26,74,33.6,0,0,0,1016.3,144,3.8,154,PARTLY CLOUDY,21.2,8.6,2025-08-01T23:10:00+09:30,PT5M
26,73,30.3,0,0,0,1016.3,144,3.9,155,PARTLY CLOUDY,21.1,8.6,2025-08-01T23:15:00+09:30,PT5M
26,73,26.8,0,0,0,1016.3,143,3.9,156,PARTLY CLOUDY,21.1,8.5,2025-08-01T23:20:00+09:30,PT5M
26,72,17.8,0,0,0,1016.3,143,4,157,PARTLY CLOUDY,21,8.5,2025-08-01T23:25:00+09:30,PT5M
25,71,21.4,0,0,0,1016.3,142,4,159,PARTLY CLOUDY,21,8.5,2025-08-01T23:30:00+09:30,PT5M
25,71,21.4,0,0,0,1016.3,142,4.1,160,PARTLY CLOUDY,21,8.5,2025-08-01T23:35:00+09:30,PT5M
25,70,19.6,0,0,0,1016.3,141,4.1,161,PARTLY CLOUDY,21,8.5,2025-08-01T23:40:00+09:30,PT5M
25,69,17.8,0,0,0,1016.3,140,4.1,162,PARTLY CLOUDY,20.9,8.5,2025-08-01T23:45:00+09:30,PT5M
25,68,19.6,0,0,0,1016.3,140,4.1,163,PARTLY CLOUDY,20.9,8.4,2025-08-01T23:50:00+09:30,PT5M
25,66,19.6,0,0,0,1016.3,139,4.1,164,PARTLY CLOUDY,20.8,8.4,2025-08-01T23:55:00+09:30,PT5M
25,65,19.6,0,0,0,1016.3,138,4.2,165,PARTLY CLOUDY,20.8,8.4,2025-08-02T00:00:00+09:30,PT5M
25,63,19.6,0,0,0,1016.3,138,4.2,166,PARTLY CLOUDY,20.8,8.4,2025-08-02T00:05:00+09:30,PT5M
25,61,19.6,0,0,0,1016.3,137,4.2,168,PARTLY CLOUDY,20.9,8.4,2025-08-02T00:10:00+09:30,PT5M
25,58,19.6,0,0,0,1016.3,136,4.2,169,PARTLY CLOUDY,20.9,8.4,2025-08-02T00:15:00+09:30,PT5M
25,55,19.6,0,0,0,1016.3,136,4.3,170,PARTLY CLOUDY,21,8.4,2025-08-02T00:20:00+09:30,PT5M
25,51,19.6,0,0,0,1016.3,135,4.3,171,PARTLY CLOUDY,21.1,8.4,2025-08-02T00:25:00+09:30,PT5M
25,46,19.6,0,0,0,1016.3,134,4.3,172,PARTLY CLOUDY,21.1,8.4,2025-08-02T00:30:00+09:30,PT5M
25,40,17.8,0,0,0,1016.3,134,4.3,172,PARTLY CLOUDY,21.2,8.3,2025-08-02T00:35:00+09:30,PT5M
25,32,19.6,0,0,0,1016.3,133,4.3,173,PARTLY CLOUDY,21.2,8.3,2025-08-02T00:40:00+09:30,PT5M
25,23,17.8,0,0,0,1016.3,133,4.4,174,PARTLY CLOUDY,21.3,8.3,2025-08-02T00:45:00+09:30,PT5M
25,13,15.9,0,0,0,1016.3,132,4.4,174,PARTLY CLOUDY,21.4,8.3,2025-08-02T00:50:00+09:30,PT5M
25,1,15.9,0,0,0,1016.3,132,4.4,174,PARTLY CLOUDY,21.4,8.3,2025-08-02T00:55:00+09:30,PT5M
25,-10,17.8,0,0,0,1016.2,131,4.4,174,PARTLY CLOUDY,21.5,8.3,2025-08-02T01:00:00+09:30,PT5M
25,-21,15.9,0,0,0,1016.2,131,4.4,174,PARTLY CLOUDY,21.6,8.3,2025-08-02T01:05:00+09:30,PT5M
25,-30,14,0,0,0,1016.2,130,4.5,173,PARTLY CLOUDY,21.7,8.4,2025-08-02T01:10:00+09:30,PT5M
25,-38,14,0,0,0,1016.2,130,4.5,173,PARTLY CLOUDY,21.9,8.4,2025-08-02T01:15:00+09:30,PT5M
25,-44,14,0,0,0,1016.2,129,4.5,172,PARTLY CLOUDY,22,8.4,2025-08-02T01:20:00+09:30,PT5M
25,-50,14,0,0,0,1016.2,129,4.5,171,PARTLY CLOUDY,22.1,8.4,2025-08-02T01:25:00+09:30,PT5M
24,-54,12.1,0,0,0,1016.2,128,4.5,170,PARTLY CLOUDY,22.3,8.5,2025-08-02T01:30:00+09:30,PT5M
24,-57,12.1,0,0,0,1016.2,128,4.6,169,PARTLY CLOUDY,22.4,8.5,2025-08-02T01:35:00+09:30,PT5M
24,-60,12.1,0,0,0,1016.2,127,4.6,168,PARTLY CLOUDY,22.6,8.6,2025-08-02T01:40:00+09:30,PT5M
24,-62,12.1,0,0,0,1016.2,127,4.6,167,PARTLY CLOUDY,22.7,8.6,2025-08-02T01:45:00+09:30,PT5M
24,-64,12.1,0,0,0,1016.2,127,4.6,166,PARTLY CLOUDY,22.8,8.6,2025-08-02T01:50:00+09:30,PT5M
24,-66,12.1,0,0,0,1016.2,126,4.6,165,PARTLY CLOUDY,23,8.6,2025-08-02T01:55:00+09:30,PT5M
24,-67,10.1,0,0,0,1016.1,126,4.6,163,PARTLY CLOUDY,23.1,8.7,2025-08-02T02:00:00+09:30,PT5M
24,-69,10.1,0,0,0,1016.1,126,4.6,162,PARTLY CLOUDY,23.3,8.7,2025-08-02T02:05:00+09:30,PT5M
24,-70,12.1,0,0,0,1016.1,125,4.6,161,PARTLY CLOUDY,23.4,8.8,2025-08-02T02:10:00+09:30,PT5M
24,-71,12.1,0,0,0,1016.1,125,4.6,160,PARTLY CLOUDY,23.5,8.9,2025-08-02T02:15:00+09:30,PT5M
24,-71,14,0,0,0,1016.1,125,4.7,159,PARTLY CLOUDY,23.7,9,2025-08-02T02:20:00+09:30,PT5M
24,-72,14,0,0,0,1016.1,124,4.7,158,PARTLY CLOUDY,23.8,9.1,2025-08-02T02:25:00+09:30,PT5M
23,-73,14,0,0,0,1016.1,124,4.7,157,PARTLY CLOUDY,23.9,9.2,2025-08-02T02:30:00+09:30,PT5M
23,-73,14,0,0,0,1016.1,124,4.7,155,PARTLY CLOUDY,24.1,9.2,2025-08-02T02:35:00+09:30,PT5M
23,-74,14,0,0,0,1016.1,124,4.7,154,PARTLY CLOUDY,24.2,9.3,2025-08-02T02:40:00+09:30,PT5M
23,-74,12.1,0,0,0,1016,124,4.7,153,PARTLY CLOUDY,24.3,9.4,2025-08-02T02:45:00+09:30,PT5M
23,-74,12.1,0,0,0,1016,124,4.7,152,PARTLY CLOUDY,24.5,9.5,2025-08-02T02:50:00+09:30,PT5M
23,-75,12.1,0,0,0,1016,124,4.8,151,PARTLY CLOUDY,24.6,9.6,2025-08-02T02:55:00+09:30,PT5M
23,-75,10.1,0,0,0,1016,124,4.8,149,PARTLY CLOUDY,24.7,9.7,2025-08-02T03:00:00+09:30,PT5M
23,-75,12.1,0,0,0,1015.9,124,4.8,148,PARTLY CLOUDY,24.9,9.7,2025-08-02T03:05:00+09:30,PT5M
23,-76,12.1,0,0,0,1015.9,125,4.8,147,PARTLY CLOUDY,25,9.8,2025-08-02T03:10:00+09:30,PT5M
23,-76,12.1,0,0,0,1015.9,125,4.8,146,PARTLY CLOUDY,25.2,9.9,2025-08-02T03:15:00+09:30,PT5M
23,-76,14,0,0,0,1015.9,125,4.8,145,PARTLY CLOUDY,25.3,9.9,2025-08-02T03:20:00+09:30,PT5M
23,-76,14,0,0,0,1015.8,125,4.9,144,PARTLY CLOUDY,25.5,10,2025-08-02T03:25:00+09:30,PT5M
23,-76,14,0,0,0,1015.8,125,4.9,142,PARTLY CLOUDY,25.6,10.1,2025-08-02T03:30:00+09:30,PT5M
23,-76,12.1,0,0,0,1015.8,125,4.9,141,PARTLY CLOUDY,25.8,10.1,2025-08-02T03:35:00+09:30,PT5M
23,-76,10.1,0,0,0,1015.9,125,4.9,140,PARTLY CLOUDY,25.9,10.2,2025-08-02T03:40:00+09:30,PT5M
23,-76,10.1,0,0,0,1015.9,125,5,139,PARTLY CLOUDY,26.1,10.3,2025-08-02T03:45:00+09:30,PT5M
23,-76,10.1,0,0,0,1015.9,125,5,138,PARTLY CLOUDY,26.2,10.3,2025-08-02T03:50:00+09:30,PT5M
23,-76,10.1,0,0,0,1016,125,5,136,PARTLY CLOUDY,26.4,10.4,2025-08-02T03:55:00+09:30,PT5M
23,-77,10.1,0,0,0,1016,125,5,135,PARTLY CLOUDY,26.5,10.5,2025-08-02T04:00:00+09:30,PT5M
23,-77,10.1,0,0,0,1016.1,125,5.1,134,PARTLY CLOUDY,26.7,10.5,2025-08-02T04:05:00+09:30,PT5M
23,-77,10.1,0,0,0,1016.1,125,5.1,133,PARTLY CLOUDY,26.8,10.6,2025-08-02T04:10:00+09:30,PT5M
23,-77,12.1,0,0,0,1016.1,125,5.1,132,PARTLY CLOUDY,27,10.6,2025-08-02T04:15:00+09:30,PT5M
23,-76,12.1,0,0,0,1016.2,125,5.2,131,PARTLY CLOUDY,27.1,10.6,2025-08-02T04:20:00+09:30,PT5M
23,-76,12.1,0,0,0,1016.2,125,5.2,129,PARTLY CLOUDY,27.3,10.6,2025-08-02T04:25:00+09:30,PT5M
23,-76,15.9,0,0,0,1016.3,125,5.2,128,PARTLY CLOUDY,27.4,10.7,2025-08-02T04:30:00+09:30,PT5M
23,-76,15.9,0,0,0,1016.3,125,5.3,127,PARTLY CLOUDY,27.6,10.7,2025-08-02T04:35:00+09:30,PT5M
22,-76,15.9,0,0,0,1016.3,125,5.3,126,PARTLY CLOUDY,27.7,10.8,2025-08-02T04:40:00+09:30,PT5M
22,-76,15.9,0,0,0,1016.4,125,5.3,125,PARTLY CLOUDY,27.9,10.8,2025-08-02T04:45:00+09:30,PT5M
22,-76,15.9,0,0,0,1016.4,125,5.4,123,PARTLY CLOUDY,28,10.8,2025-08-02T04:50:00+09:30,PT5M
22,-76,14,0,0,0,1016.4,125,5.4,122,PARTLY CLOUDY,28.2,10.8,2025-08-02T04:55:00+09:30,PT5M
22,-76,14,0,0,0,1016.5,125,5.4,121,PARTLY CLOUDY,28.3,10.9,2025-08-02T05:00:00+09:30,PT5M
22,-76,14,0,0,0,1016.5,125,5.5,120,PARTLY CLOUDY,28.5,10.9,2025-08-02T05:05:00+09:30,PT5M
22,-76,12.1,0,0,0,1016.5,125,5.5,119,PARTLY CLOUDY,28.6,10.9,2025-08-02T05:10:00+09:30,PT5M
22,-76,10.1,0,0,0,1016.6,125,5.5,117,PARTLY CLOUDY,28.8,10.9,2025-08-02T05:15:00+09:30,PT5M
22,-76,10.1,0,0,0,1016.6,126,5.6,116,PARTLY CLOUDY,29,10.9,2025-08-02T05:20:00+09:30,PT5M
22,-75,10.1,0,0,0,1016.6,126,5.6,115,PARTLY CLOUDY,29.1,10.9,2025-08-02T05:25:00+09:30,PT5M
22,-75,10.1,0,0,0,1016.7,126,5.6,114,PARTLY CLOUDY,29.3,10.9,2025-08-02T05:30:00+09:30,PT5M
22,-75,10.1,0,0,0,1016.7,126,5.7,113,PARTLY CLOUDY,29.4,11,2025-08-02T05:35:00+09:30,PT5M
22,-75,10.1,0,0,0,1016.7,126,5.7,112,PARTLY CLOUDY,29.6,11,2025-08-02T05:40:00+09:30,PT5M
22,-75,10.1,0,0,0,1016.8,126,5.8,110,PARTLY CLOUDY,29.7,11,2025-08-02T05:45:00+09:30,PT5M
22,-75,10.1,0,0,0,1016.8,126,5.8,109,PARTLY CLOUDY,29.9,11,2025-08-02T05:50:00+09:30,PT5M
22,-75,10.1,0,0,0,1016.8,126,5.9,108,PARTLY CLOUDY,30.1,11,2025-08-02T05:55:00+09:30,PT5M
22,-74,10.1,0,0,0,1016.9,126,5.9,107,PARTLY CLOUDY,30.2,11,2025-08-02T06:00:00+09:30,PT5M
22,-74,10.1,0,0,0,1016.9,126,6,106,PARTLY CLOUDY,30.3,11,2025-08-02T06:05:00+09:30,PT5M
22,-74,10.1,0,0,0,1016.9,126,6,105,PARTLY CLOUDY,30.4,10.9,2025-08-02T06:10:00+09:30,PT5M
22,-74,10.1,0,0,0,1017,126,6.1,103,PARTLY CLOUDY,30.4,10.8,2025-08-02T06:15:00+09:30,PT5M
22,-74,14,0,0,0,1017,126,6.1,102,PARTLY CLOUDY,30.4,10.7,2025-08-02T06:20:00+09:30,PT5M
22,-74,15.9,0,0,0,1017,126,6.2,101,PARTLY CLOUDY,30.5,10.7,2025-08-02T06:25:00+09:30,PT5M
22,-73,12.1,0,0,0,1017.1,126,6.2,100,PARTLY CLOUDY,30.5,10.6,2025-08-02T06:30:00+09:30,PT5M
22,-73,12.1,0,0,0,1017.1,127,6.2,99,PARTLY CLOUDY,30.6,10.5,2025-08-02T06:35:00+09:30,PT5M
22,-73,8.2,0,0,0,1017.2,127,6.2,97,MOSTLY CLEAR,30.6,10.4,2025-08-02T06:40:00+09:30,PT5M
22,-73,12.1,0,0,0,1017.2,127,6.2,96,PARTLY CLOUDY,30.7,10.4,2025-08-02T06:45:00+09:30,PT5M
22,-72,10.1,0,0,0,1017.2,127,6.3,95,PARTLY CLOUDY,30.7,10.3,2025-08-02T06:50:00+09:30,PT5M
22,-72,0,0,0,0,1017.3,127,6.3,94,CLEAR,30.7,10.2,2025-08-02T06:55:00+09:30,PT5M
22,-72,0,0,0,0,1017.3,127,6.3,93,CLEAR,30.8,10.1,2025-08-02T07:00:00+09:30,PT5M
21,-72,0,0,0,0,1017.4,127,6.3,92,CLEAR,30.8,10,2025-08-02T07:05:00+09:30,PT5M
21,-71,8.2,0,0,0,1017.4,127,6.3,91,MOSTLY CLEAR,30.7,9.9,2025-08-02T07:10:00+09:30,PT5M
21,-71,8.2,4,4,0,1017.4,128,6.3,89,MOSTLY SUNNY,30.6,9.8,2025-08-02T07:15:00+09:30,PT5M
21,-71,8.2,13,13,0,1017.5,128,6.3,88,MOSTLY SUNNY,30.5,9.6,2025-08-02T07:20:00+09:30,PT5M
21,-71,8.2,23,26,0,1017.5,128,6.3,87,MOSTLY SUNNY,30.5,9.5,2025-08-02T07:25:00+09:30,PT5M
21,-70,0,38,52,0,1017.6,128,6.3,86,SUNNY,30.4,9.4,2025-08-02T07:30:00+09:30,PT5M
21,-70,0,52,76,0,1017.6,128,6.4,85,SUNNY,30.3,9.2,2025-08-02T07:35:00+09:30,PT5M
21,-70,0,67,95,0,1017.7,128,6.4,84,SUNNY,30.2,9.1,2025-08-02T07:40:00+09:30,PT5M
22,-69,0,83,115,0,1017.7,128,6.5,82,SUNNY,30.2,9,2025-08-02T07:45:00+09:30,PT5M
22,-69,0,100,135,0,1017.7,127,6.5,81,SUNNY,30.1,8.8,2025-08-02T07:50:00+09:30,PT5M
22,-69,0,117,155,0,1017.8,127,6.6,80,SUNNY,30,8.7,2025-08-02T07:55:00+09:30,PT5M
22,-68,0,135,175,0,1017.8,127,6.6,79,SUNNY,29.9,8.6,2025-08-02T08:00:00+09:30,PT5M
22,-68,0,153,196,0,1017.9,127,6.7,78,SUNNY,29.9,8.5,2025-08-02T08:05:00+09:30,PT5M
22,-68,0,171,216,0,1017.9,127,6.7,77,SUNNY,29.8,8.4,2025-08-02T08:10:00+09:30,PT5M
22,-67,0,189,236,0,1018,127,6.8,76,SUNNY,29.7,8.3,2025-08-02T08:15:00+09:30,PT5M
23,-67,0,208,256,0,1018,127,6.8,75,SUNNY,29.6,8.2,2025-08-02T08:20:00+09:30,PT5M
23,-66,0,226,277,0,1018,126,6.9,73,SUNNY,29.5,8.1,2025-08-02T08:25:00+09:30,PT5M
23,-66,0,244,297,0,1018.1,126,6.9,72,SUNNY,29.4,8,2025-08-02T08:30:00+09:30,PT5M
23,-66,0,263,317,0,1018.1,126,7,71,SUNNY,29.4,8,2025-08-02T08:35:00+09:30,PT5M
23,-65,0,281,337,0,1018.1,126,7,70,SUNNY,29.3,7.9,2025-08-02T08:40:00+09:30,PT5M
23,-65,0,300,356,0,1018.1,125,7,69,SUNNY,29.2,7.8,2025-08-02T08:45:00+09:30,PT5M
23,-64,0,318,376,0,1018.1,125,7,68,SUNNY,29.1,7.7,2025-08-02T08:50:00+09:30,PT5M
23,-64,0,336,395,0,1018.1,125,7,67,SUNNY,29,7.6,2025-08-02T08:55:00+09:30,PT5M
23,-63,0,354,415,0,1018.1,125,7.1,66,SUNNY,28.9,7.5,2025-08-02T09:00:00+09:30,PT5M
23,-63,0,372,434,0,1018.2,124,7.1,65,SUNNY,28.9,7.5,2025-08-02T09:05:00+09:30,PT5M
24,-62,0,390,452,0,1018.2,124,7.1,64,SUNNY,28.9,7.5,2025-08-02T09:10:00+09:30,PT5M
24,-62,0,407,471,0,1018.2,124,7.1,62,SUNNY,28.9,7.6,2025-08-02T09:15:00+09:30,PT5M
24,-61,0,425,489,0,1018.2,123,7.2,61,SUNNY,28.9,7.6,2025-08-02T09:20:00+09:30,PT5M
24,-60,0,442,507,0,1018.2,123,7.2,60,SUNNY,28.9,7.6,2025-08-02T09:25:00+09:30,PT5M
24,-60,0,459,525,0,1018.2,123,7.2,59,SUNNY,28.9,7.6,2025-08-02T09:30:00+09:30,PT5M
24,-59,0,475,542,0,1018.2,122,7.2,58,SUNNY,28.9,7.7,2025-08-02T09:35:00+09:30,PT5M
24,-58,0,492,560,0,1018.2,122,7.2,57,SUNNY,28.9,7.7,2025-08-02T09:40:00+09:30,PT5M
24,-58,0,508,576,0,1018.2,122,7.1,56,SUNNY,28.9,7.7,2025-08-02T09:45:00+09:30,PT5M
24,-57,0,524,593,0,1018.2,122,7.1,55,SUNNY,28.9,7.7,2025-08-02T09:50:00+09:30,PT5M
25,-56,0,539,609,0,1018.2,121,7.1,54,SUNNY,28.9,7.8,2025-08-02T09:55:00+09:30,PT5M
25,-55,0,554,625,0,1018.2,121,7,53,SUNNY,28.9,7.8,2025-08-02T10:00:00+09:30,PT5M
25,-55,0,569,641,0,1018.2,121,7,52,SUNNY,28.9,7.8,2025-08-02T10:05:00+09:30,PT5M
25,-54,0,584,656,0,1018.2,121,6.9,51,SUNNY,29,7.9,2025-08-02T10:10:00+09:30,PT5M
25,-53,0,599,671,0,1018.2,120,6.9,50,SUNNY,29.1,8,2025-08-02T10:15:00+09:30,PT5M
25,-52,0,613,686,0,1018.2,120,6.9,49,SUNNY,29.1,8.1,2025-08-02T10:20:00+09:30,PT5M
25,-51,0,626,700,0,1018.2,120,6.8,48,SUNNY,29.2,8.2,2025-08-02T10:25:00+09:30,PT5M
25,-50,0,640,714,0,1018.2,119,6.8,47,SUNNY,29.3,8.3,2025-08-02T10:30:00+09:30,PT5M
26,-49,0,653,728,0,1018.2,119,6.7,46,SUNNY,29.3,8.3,2025-08-02T10:35:00+09:30,PT5M
26,-48,0,665,741,0,1018.1,119,6.7,45,SUNNY,29.4,8.4,2025-08-02T10:40:00+09:30,PT5M
26,-47,0,678,754,0,1018.1,119,6.6,44,SUNNY,29.5,8.5,2025-08-02T10:45:00+09:30,PT5M
26,-46,0,689,766,0,1018,119,6.6,44,SUNNY,29.5,8.6,2025-08-02T10:50:00+09:30,PT5M
26,-45,0,701,778,0,1017.9,119,6.6,43,SUNNY,29.6,8.7,2025-08-02T10:55:00+09:30,PT5M
26,-43,0,712,789,0,1017.9,119,6.5,42,SUNNY,29.7,8.8,2025-08-02T11:00:00+09:30,PT5M
26,-42,0,722,800,0,1017.8,120,6.5,41,SUNNY,29.7,8.9,2025-08-02T11:05:00+09:30,PT5M
26,-41,0,732,810,0,1017.8,120,6.4,40,SUNNY,29.8,9.1,2025-08-02T11:10:00+09:30,PT5M
27,-39,0,742,820,0,1017.7,120,6.4,39,SUNNY,29.8,9.3,2025-08-02T11:15:00+09:30,PT5M
27,-38,0,751,829,0,1017.6,120,6.3,39,SUNNY,29.9,9.4,2025-08-02T11:20:00+09:30,PT5M
27,-36,0,759,838,0,1017.6,120,6.3,38,SUNNY,30,9.6,2025-08-02T11:25:00+09:30,PT5M
27,-35,0,767,847,0,1017.5,120,6.2,37,SUNNY,30,9.8,2025-08-02T11:30:00+09:30,PT5M
27,-33,0,775,855,0,1017.5,120,6.2,37,SUNNY,30.1,10,2025-08-02T11:35:00+09:30,PT5M
27,-32,0,782,862,0,1017.4,120,6.2,36,SUNNY,30.1,10.2,2025-08-02T11:40:00+09:30,PT5M
27,-30,0,789,869,0,1017.3,120,6.1,35,SUNNY,30.2,10.4,2025-08-02T11:45:00+09:30,PT5M
27,-28,0,796,876,0,1017.2,120,6.1,35,SUNNY,30.3,10.5,2025-08-02T11:50:00+09:30,PT5M
27,-26,0,801,882,0,1017.1,120,6,34,SUNNY,30.3,10.7,2025-08-02T11:55:00+09:30,PT5M
28,-24,0,807,887,0,1017,120,6,34,SUNNY,30.4,10.9,2025-08-02T12:00:00+09:30,PT5M
28,-22,0,812,892,0,1017,120,5.9,33,SUNNY,30.5,11.1,2025-08-02T12:05:00+09:30,PT5M
28,-20,0,816,897,0,1016.9,120,5.9,33,SUNNY,30.8,11.2,2025-08-02T12:10:00+09:30,PT5M
28,-18,0,820,901,0,1016.8,120,5.8,32,SUNNY,31,11.4,2025-08-02T12:15:00+09:30,PT5M
28,-16,0,824,905,0,1016.7,120,5.8,32,SUNNY,31.3,11.6,2025-08-02T12:20:00+09:30,PT5M
28,-14,0,827,908,0,1016.6,120,5.7,32,SUNNY,31.5,11.7,2025-08-02T12:25:00+09:30,PT5M
28,-12,0,830,911,0,1016.5,120,5.7,31,SUNNY,31.8,11.9,2025-08-02T12:30:00+09:30,PT5M
28,-9,0,832,913,0,1016.4,120,5.6,31,SUNNY,32,12,2025-08-02T12:35:00+09:30,PT5M
28,-7,0,834,915,0,1016.3,120,5.6,31,SUNNY,32.3,12.2,2025-08-02T12:40:00+09:30,PT5M
29,-5,0,835,916,0,1016.2,120,5.6,31,SUNNY,32.5,12.3,2025-08-02T12:45:00+09:30,PT5M
29,-3,0,835,917,0,1016.1,120,5.5,31,SUNNY,32.8,12.5,2025-08-02T12:50:00+09:30,PT5M
29,0,0,836,917,0,1016,120,5.5,31,SUNNY,33,12.7,2025-08-02T12:55:00+09:30,PT5M
29,2,0,835,917,0,1015.9,120,5.4,31,SUNNY,33.3,12.8,2025-08-02T13:00:00+09:30,PT5M
29,4,0,835,916,0,1015.8,120,5.4,31,SUNNY,33.6,13,2025-08-02T13:05:00+09:30,PT5M
29,7,0,833,914,0,1015.7,120,5.4,31,SUNNY,34.1,13.1,2025-08-02T13:10:00+09:30,PT5M
29,9,0,832,913,0,1015.6,120,5.3,31,SUNNY,34.5,13.2,2025-08-02T13:15:00+09:30,PT5M
29,11,0,829,910,0,1015.5,120,5.3,31,SUNNY,34.9,13.3,2025-08-02T13:20:00+09:30,PT5M
29,13,0,827,907,0,1015.4,120,5.3,31,SUNNY,35.4,13.4,2025-08-02T13:25:00+09:30,PT5M
29,16,0,823,904,0,1015.2,120,5.2,32,SUNNY,35.8,13.5,2025-08-02T13:30:00+09:30,PT5M
30,18,0,820,900,0,1015.1,120,5.2,32,SUNNY,36.2,13.6,2025-08-02T13:35:00+09:30,PT5M
30,20,0,815,896,0,1015.1,120,5.2,33,SUNNY,36.6,13.7,2025-08-02T13:40:00+09:30,PT5M
30,22,0,811,891,0,1015,120,5.1,33,SUNNY,37.1,13.8,2025-08-02T13:45:00+09:30,PT5M
30,24,0,806,885,0,1014.9,120,5.1,33,SUNNY,37.5,13.9,2025-08-02T13:50:00+09:30,PT5M
30,26,0,800,879,0,1014.8,120,5.1,34,SUNNY,38,14,2025-08-02T13:55:00+09:30,PT5M
30,28,0,794,873,0,1014.7,120,5,35,SUNNY,38.4,14.1,2025-08-02T14:00:00+09:30,PT5M
30,30,0,787,866,0,1014.6,120,5,35,SUNNY,38.8,14.2,2025-08-02T14:05:00+09:30,PT5M
30,31,0,780,859,0,1014.6,120,5,36,SUNNY,39.3,14.3,2025-08-02T14:10:00+09:30,PT5M
30,33,0,772,851,0,1014.5,120,4.9,36,SUNNY,39.7,14.3,2025-08-02T14:15:00+09:30,PT5M
30,35,0,764,842,0,1014.4,120,4.9,37,SUNNY,40.1,14.4,2025-08-02T14:20:00+09:30,PT5M
30,36,0,756,833,0,1014.3,120,4.9,38,SUNNY,40.6,14.5,2025-08-02T14:25:00+09:30,PT5M
31,38,0,747,824,0,1014.2,120,4.9,38,SUNNY,41,14.5,2025-08-02T14:30:00+09:30,PT5M
31,39,0,737,814,0,1014.1,120,4.8,39,SUNNY,41.4,14.6,2025-08-02T14:35:00+09:30,PT5M
31,41,0,728,804,0,1014.1,120,4.8,40,SUNNY,41.8,14.6,2025-08-02T14:40:00+09:30,PT5M
31,42,0,717,793,0,1014,120,4.8,41,SUNNY,42.3,14.7,2025-08-02T14:45:00+09:30,PT5M
31,43,0,707,782,0,1013.9,120,4.7,42,SUNNY,42.7,14.8,2025-08-02T14:50:00+09:30,PT5M
31,44,0,695,770,0,1013.8,120,4.7,43,SUNNY,43.2,14.8,2025-08-02T14:55:00+09:30,PT5M
31,46,0,684,758,0,1013.8,120,4.7,43,SUNNY,43.6,14.9,2025-08-02T15:00:00+09:30,PT5M
31,47,0,672,745,0,1013.7,120,4.6,44,SUNNY,43.9,15,2025-08-02T15:05:00+09:30,PT5M
31,48,0,659,732,0,1013.6,121,4.6,45,SUNNY,44,15.3,2025-08-02T15:10:00+09:30,PT5M
31,49,0,646,718,0,1013.5,121,4.6,46,SUNNY,44.1,15.6,2025-08-02T15:15:00+09:30,PT5M
31,50,0,633,704,0,1013.5,121,4.5,47,SUNNY,44.2,15.9,2025-08-02T15:20:00+09:30,PT5M
31,51,0,619,690,0,1013.4,121,4.5,48,SUNNY,44.3,16.1,2025-08-02T15:25:00+09:30,PT5M
31,52,0,605,675,0,1013.3,121,4.5,49,SUNNY,44.4,16.4,2025-08-02T15:30:00+09:30,PT5M
31,53,0,591,660,0,1013.3,121,4.4,50,SUNNY,44.6,16.7,2025-08-02T15:35:00+09:30,PT5M
31,54,0,576,644,0,1013.3,121,4.4,51,SUNNY,44.7,17,2025-08-02T15:40:00+09:30,PT5M
31,55,0,561,628,0,1013.3,121,4.4,52,SUNNY,44.8,17.2,2025-08-02T15:45:00+09:30,PT5M
31,55,0,545,611,0,1013.3,121,4.3,53,SUNNY,44.9,17.5,2025-08-02T15:50:00+09:30,PT5M
31,56,0,529,594,0,1013.3,121,4.3,54,SUNNY,45,17.8,2025-08-02T15:55:00+09:30,PT5M
31,57,0,513,577,0,1013.3,121,4.3,55,SUNNY,45.1,18.1,2025-08-02T16:00:00+09:30,PT5M
31,58,0,497,560,0,1013.3,121,4.2,56,SUNNY,45.1,18.2,2025-08-02T16:05:00+09:30,PT5M
31,58,0,481,543,0,1013.3,121,4.2,57,SUNNY,44.9,18.1,2025-08-02T16:10:00+09:30,PT5M
31,59,0,464,525,0,1013.3,121,4.2,58,SUNNY,44.7,18,2025-08-02T16:15:00+09:30,PT5M
31,60,0,448,508,0,1013.3,121,4.2,59,SUNNY,44.5,17.9,2025-08-02T16:20:00+09:30,PT5M
31,60,0,431,490,0,1013.3,121,4.1,60,SUNNY,44.3,17.8,2025-08-02T16:25:00+09:30,PT5M
31,61,0,414,472,0,1013.3,121,4.1,61,SUNNY,44.1,17.7,2025-08-02T16:30:00+09:30,PT5M
31,61,0,396,453,0,1013.3,121,4.1,62,SUNNY,43.9,17.7,2025-08-02T16:35:00+09:30,PT5M
31,62,0,379,434,0,1013.3,121,4.1,63,SUNNY,43.7,17.6,2025-08-02T16:40:00+09:30,PT5M
31,63,0,361,415,0,1013.4,121,4.1,64,SUNNY,43.5,17.5,2025-08-02T16:45:00+09:30,PT5M
31,63,0,343,396,0,1013.4,121,4.1,65,SUNNY,43.3,17.4,2025-08-02T16:50:00+09:30,PT5M
30,64,0,325,377,0,1013.4,121,4,67,SUNNY,43.1,17.3,2025-08-02T16:55:00+09:30,PT5M
30,64,0,307,357,0,1013.5,121,4,68,SUNNY,42.9,17.2,2025-08-02T17:00:00+09:30,PT5M
30,65,0,289,337,0,1013.5,121,4,69,SUNNY,42.7,17.2,2025-08-02T17:05:00+09:30,PT5M
30,65,0,270,318,0,1013.5,121,4,70,SUNNY,42.5,17.1,2025-08-02T17:10:00+09:30,PT5M
30,66,0,252,298,0,1013.6,121,4,71,SUNNY,42.3,17.1,2025-08-02T17:15:00+09:30,PT5M
30,66,0,234,278,0,1013.6,122,4,72,SUNNY,42.1,17,2025-08-02T17:20:00+09:30,PT5M
30,66,0,216,258,0,1013.6,122,4,73,SUNNY,41.9,17,2025-08-02T17:25:00+09:30,PT5M
30,67,0,198,238,0,1013.7,122,4,74,SUNNY,41.7,16.9,2025-08-02T17:30:00+09:30,PT5M
30,67,0,180,218,0,1013.7,122,4,75,SUNNY,41.5,16.9,2025-08-02T17:35:00+09:30,PT5M
30,68,0,162,198,0,1013.7,122,3.9,77,SUNNY,41.3,16.8,2025-08-02T17:40:00+09:30,PT5M
30,68,0,145,178,0,1013.8,122,3.9,78,SUNNY,41.1,16.8,2025-08-02T17:45:00+09:30,PT5M
29,68,0,127,158,0,1013.8,122,3.8,79,SUNNY,40.9,16.7,2025-08-02T17:50:00+09:30,PT5M
29,69,0,111,139,0,1013.9,123,3.8,80,SUNNY,40.7,16.7,2025-08-02T17:55:00+09:30,PT5M
29,69,0,94,119,0,1013.9,123,3.7,81,SUNNY,40.5,16.6,2025-08-02T18:00:00+09:30,PT5M
29,69,0,78,101,0,1014,123,3.7,82,SUNNY,40.3,16.6,2025-08-02T18:05:00+09:30,PT5M
29,70,0,63,82,0,1014,123,3.6,83,SUNNY,40.1,16.5,2025-08-02T18:10:00+09:30,PT5M
29,70,0,49,65,0,1014,123,3.6,84,SUNNY,39.9,16.4,2025-08-02T18:15:00+09:30,PT5M
29,70,0,36,45,0,1014.1,124,3.5,86,SUNNY,39.8,16.4,2025-08-02T18:20:00+09:30,PT5M
29,71,14,21,21,0,1014.1,124,3.5,87,PARTLY CLOUDY,39.6,16.3,2025-08-02T18:25:00+09:30,PT5M
29,71,17.8,12,12,0,1014.2,124,3.4,88,PARTLY CLOUDY,39.4,16.2,2025-08-02T18:30:00+09:30,PT5M
29,71,19.6,4,4,0,1014.2,125,3.4,89,PARTLY CLOUDY,39.2,16.2,2025-08-02T18:35:00+09:30,PT5M
28,71,21.4,0,0,0,1014.3,125,3.3,90,PARTLY CLOUDY,39,16.1,2025-08-02T18:40:00+09:30,PT5M
28,72,19.6,0,0,0,1014.4,126,3.3,91,PARTLY CLOUDY,38.8,16,2025-08-02T18:45:00+09:30,PT5M
28,72,15.9,0,0,0,1014.4,127,3.2,93,PARTLY CLOUDY,38.7,16,2025-08-02T18:50:00+09:30,PT5M
28,72,17.8,0,0,0,1014.5,128,3.2,94,PARTLY CLOUDY,38.5,15.9,2025-08-02T18:55:00+09:30,PT5M
28,72,14,0,0,0,1014.6,129,3.1,95,PARTLY CLOUDY,38.3,15.8,2025-08-02T19:00:00+09:30,PT5M
27,73,14,0,0,0,1014.6,130,3.1,96,PARTLY CLOUDY,38.1,15.8,2025-08-02T19:05:00+09:30,PT5M
27,73,12.1,0,0,0,1014.7,130,3,97,PARTLY CLOUDY,37.9,15.7,2025-08-02T19:10:00+09:30,PT5M
27,73,14,0,0,0,1014.8,131,3,98,PARTLY CLOUDY,37.8,15.6,2025-08-02T19:15:00+09:30,PT5M
27,73,15.9,0,0,0,1014.8,132,2.9,100,PARTLY CLOUDY,37.6,15.5,2025-08-02T19:20:00+09:30,PT5M
27,74,14,0,0,0,1014.9,133,2.9,101,PARTLY CLOUDY,37.4,15.4,2025-08-02T19:25:00+09:30,PT5M
26,74,14,0,0,0,1015,134,2.8,102,PARTLY CLOUDY,37.2,15.3,2025-08-02T19:30:00+09:30,PT5M
26,74,14,0,0,0,1015,135,2.8,103,PARTLY CLOUDY,37.1,15.2,2025-08-02T19:35:00+09:30,PT5M
26,74,14,0,0,0,1015.1,136,2.9,104,PARTLY CLOUDY,36.9,15.1,2025-08-02T19:40:00+09:30,PT5M
26,74,14,0,0,0,1015.1,137,2.9,105,PARTLY CLOUDY,36.7,15,2025-08-02T19:45:00+09:30,PT5M
26,75,14,0,0,0,1015.2,138,2.9,107,PARTLY CLOUDY,36.5,14.9,2025-08-02T19:50:00+09:30,PT5M
26,75,14,0,0,0,1015.2,139,3,108,PARTLY CLOUDY,36.4,14.8,2025-08-02T19:55:00+09:30,PT5M
26,75,14,0,0,0,1015.3,139,3,109,PARTLY CLOUDY,36.2,14.7,2025-08-02T20:00:00+09:30,PT5M
25,75,14,0,0,0,1015.3,140,3,110,PARTLY CLOUDY,36,14.7,2025-08-02T20:05:00+09:30,PT5M
25,75,14,0,0,0,1015.4,141,3.1,111,PARTLY CLOUDY,35.8,14.6,2025-08-02T20:10:00+09:30,PT5M
25,75,14,0,0,0,1015.4,141,3.1,112,PARTLY CLOUDY,35.7,14.5,2025-08-02T20:15:00+09:30,PT5M
25,75,12.1,0,0,0,1015.5,142,3.1,114,PARTLY CLOUDY,35.5,14.4,2025-08-02T20:20:00+09:30,PT5M
25,76,14,0,0,0,1015.5,143,3.2,115,PARTLY CLOUDY,35.4,14.3,2025-08-02T20:25:00+09:30,PT5M
25,76,14,0,0,0,1015.6,144,3.2,116,PARTLY CLOUDY,35.2,14.2,2025-08-02T20:30:00+09:30,PT5M
25,76,14,0,0,0,1015.6,144,3.2,117,PARTLY CLOUDY,35,14.1,2025-08-02T20:35:00+09:30,PT5M
25,76,14,0,0,0,1015.7,145,3.3,118,PARTLY CLOUDY,34.8,14,2025-08-02T20:40:00+09:30,PT5M
25,76,14,0,0,0,1015.7,145,3.3,120,PARTLY CLOUDY,34.7,13.9,2025-08-02T20:45:00+09:30,PT5M
25,76,12.1,0,0,0,1015.7,146,3.4,121,PARTLY CLOUDY,34.5,13.8,2025-08-02T20:50:00+09:30,PT5M
24,76,12.1,0,0,0,1015.8,146,3.4,122,PARTLY CLOUDY,34.4,13.7,2025-08-02T20:55:00+09:30,PT5M
24,76,12.1,0,0,0,1015.8,147,3.4,123,PARTLY CLOUDY,34.2,13.6,2025-08-02T21:00:00+09:30,PT5M
24,76,12.1,0,0,0,1015.9,147,3.5,124,PARTLY CLOUDY,34,13.5,2025-08-02T21:05:00+09:30,PT5M
24,77,12.1,0,0,0,1015.9,147,3.5,126,PARTLY CLOUDY,33.8,13.4,2025-08-02T21:10:00+09:30,PT5M
24,77,12.1,0,0,0,1015.9,148,3.6,127,PARTLY CLOUDY,33.7,13.3,2025-08-02T21:15:00+09:30,PT5M
24,77,12.1,0,0,0,1016,148,3.6,128,PARTLY CLOUDY,33.5,13.2,2025-08-02T21:20:00+09:30,PT5M
24,77,12.1,0,0,0,1016,149,3.7,129,PARTLY CLOUDY,33.4,13.1,2025-08-02T21:25:00+09:30,PT5M
24,77,10.1,0,0,0,1016.1,149,3.7,130,PARTLY CLOUDY,33.2,13,2025-08-02T21:30:00+09:30,PT5M
24,77,10.1,0,0,0,1016.1,149,3.7,131,PARTLY CLOUDY,33,12.9,2025-08-02T21:35:00+09:30,PT5M
24,77,8.2,0,0,0,1016.1,150,3.8,133,MOSTLY CLEAR,32.8,12.8,2025-08-02T21:40:00+09:30,PT5M
24,77,8.2,0,0,0,1016.1,150,3.8,134,MOSTLY CLEAR,32.7,12.7,2025-08-02T21:45:00+09:30,PT5M
24,77,8.2,0,0,0,1016.1,150,3.9,135,MOSTLY CLEAR,32.5,12.6,2025-08-02T21:50:00+09:30,PT5M
24,77,8.2,0,0,0,1016.1,150,3.9,136,MOSTLY CLEAR,32.4,12.5,2025-08-02T21:55:00+09:30,PT5M
24,77,8.2,0,0,0,1016.1,150,3.9,137,MOSTLY CLEAR,32.2,12.4,2025-08-02T22:00:00+09:30,PT5M
24,77,10.1,0,0,0,1016.1,151,4,139,PARTLY CLOUDY,32,12.2,2025-08-02T22:05:00+09:30,PT5M
24,77,10.1,0,0,0,1016.1,151,4,140,PARTLY CLOUDY,31.9,12.1,2025-08-02T22:10:00+09:30,PT5M
23,77,10.1,0,0,0,1016.1,151,4.1,141,PARTLY CLOUDY,31.7,12,2025-08-02T22:15:00+09:30,PT5M
23,76,10.1,0,0,0,1016.1,151,4.1,142,PARTLY CLOUDY,31.6,11.9,2025-08-02T22:20:00+09:30,PT5M
23,76,8.2,0,0,0,1016.1,151,4.1,143,MOSTLY CLEAR,31.4,11.8,2025-08-02T22:25:00+09:30,PT5M
23,76,10.1,0,0,0,1016.1,152,4.2,145,PARTLY CLOUDY,31.3,11.7,2025-08-02T22:30:00+09:30,PT5M
23,76,12.1,0,0,0,1016.1,151,4.2,146,PARTLY CLOUDY,31.1,11.6,2025-08-02T22:35:00+09:30,PT5M
23,76,10.1,0,0,0,1016.1,151,4.2,147,PARTLY CLOUDY,31,11.5,2025-08-02T22:40:00+09:30,PT5M
23,76,12.1,0,0,0,1016.2,151,4.2,148,PARTLY CLOUDY,30.8,11.4,2025-08-02T22:45:00+09:30,PT5M
23,76,12.1,0,0,0,1016.2,150,4.3,149,PARTLY CLOUDY,30.7,11.3,2025-08-02T22:50:00+09:30,PT5M
23,75,10.1,0,0,0,1016.2,150,4.3,150,PARTLY CLOUDY,30.5,11.2,2025-08-02T22:55:00+09:30,PT5M
23,75,10.1,0,0,0,1016.2,149,4.3,152,PARTLY CLOUDY,30.4,11.1,2025-08-02T23:00:00+09:30,PT5M
23,75,10.1,0,0,0,1016.3,149,4.3,153,PARTLY CLOUDY,30.2,11,2025-08-02T23:05:00+09:30,PT5M
22,74,10.1,0,0,0,1016.3,149,4.3,154,PARTLY CLOUDY,30.1,10.9,2025-08-02T23:10:00+09:30,PT5M
22,74,10.1,0,0,0,1016.3,148,4.3,155,PARTLY CLOUDY,29.9,10.9,2025-08-02T23:15:00+09:30,PT5M
22,73,10.1,0,0,0,1016.3,148,4.4,156,PARTLY CLOUDY,29.8,10.8,2025-08-02T23:20:00+09:30,PT5M
22,73,10.1,0,0,0,1016.4,148,4.4,157,PARTLY CLOUDY,29.6,10.7,2025-08-02T23:25:00+09:30,PT5M
22,72,10.1,0,0,0,1016.4,147,4.4,159,PARTLY CLOUDY,29.5,10.7,2025-08-02T23:30:00+09:30,PT5M
22,71,10.1,0,0,0,1016.4,147,4.4,160,PARTLY CLOUDY,29.3,10.6,2025-08-02T23:35:00+09:30,PT5M
22,71,10.1,0,0,0,1016.4,146,4.4,161,PARTLY CLOUDY,29.2,10.6,2025-08-02T23:40:00+09:30,PT5M
22,70,10.1,0,0,0,1016.4,146,4.4,162,PARTLY CLOUDY,29,10.5,2025-08-02T23:45:00+09:30,PT5M
22,68,10.1,0,0,0,1016.4,145,4.4,163,PARTLY CLOUDY,28.9,10.4,2025-08-02T23:50:00+09:30,PT5M
22,67,8.2,0,0,0,1016.4,145,4.4,164,MOSTLY CLEAR,28.7,10.4,2025-08-02T23:55:00+09:30,PT5M
22,66,8.2,0,0,0,1016.4,144,4.4,165,MOSTLY CLEAR,28.6,10.3,2025-08-03T00:00:00+09:30,PT5M
22,64,10.1,0,0,0,1016.4,144,4.4,167,PARTLY CLOUDY,28.5,10.3,2025-08-03T00:05:00+09:30,PT5M
22,62,10.1,0,0,0,1016.5,143,4.5,168,PARTLY CLOUDY,28.4,10.2,2025-08-03T00:10:00+09:30,PT5M
22,59,10.1,0,0,0,1016.5,143,4.5,169,PARTLY CLOUDY,28.3,10.2,2025-08-03T00:15:00+09:30,PT5M
22,56,8.2,0,0,0,1016.5,143,4.5,170,MOSTLY CLEAR,28.2,10.1,2025-08-03T00:20:00+09:30,PT5M
22,52,10.1,0,0,0,1016.5,142,4.5,171,PARTLY CLOUDY,28.1,10.1,2025-08-03T00:25:00+09:30,PT5M
22,47,8.2,0,0,0,1016.5,142,4.5,172,MOSTLY CLEAR,28,10,2025-08-03T00:30:00+09:30,PT5M
22,41,8.2,0,0,0,1016.5,141,4.5,173,MOSTLY CLEAR,28,10,2025-08-03T00:35:00+09:30,PT5M
21,33,8.2,0,0,0,1016.5,141,4.5,173,MOSTLY CLEAR,27.9,9.9,2025-08-03T00:40:00+09:30,PT5M
21,24,10.1,0,0,0,1016.5,140,4.5,174,PARTLY CLOUDY,27.8,9.9,2025-08-03T00:45:00+09:30,PT5M
21,13,12.1,0,0,0,1016.4,140,4.5,174,PARTLY CLOUDY,27.7,9.8,2025-08-03T00:50:00+09:30,PT5M
21,1,12.1,0,0,0,1016.4,140,4.5,174,PARTLY CLOUDY,27.6,9.8,2025-08-03T00:55:00+09:30,PT5M
21,-11,12.1,0,0,0,1016.4,139,4.5,174,PARTLY CLOUDY,27.5,9.7,2025-08-03T01:00:00+09:30,PT5M
21,-22,12.1,0,0,0,1016.4,139,4.5,174,PARTLY CLOUDY,27.5,9.7,2025-08-03T01:05:00+09:30,PT5M
21,-32,10.1,0,0,0,1016.4,138,4.5,173,PARTLY CLOUDY,27.5,9.7,2025-08-03T01:10:00+09:30,PT5M
21,-39,8.2,0,0,0,1016.4,138,4.5,173,MOSTLY CLEAR,27.5,9.6,2025-08-03T01:15:00+09:30,PT5M
21,-46,8.2,0,0,0,1016.3,138,4.5,172,MOSTLY CLEAR,27.5,9.6,2025-08-03T01:20:00+09:30,PT5M
21,-51,10.1,0,0,0,1016.3,137,4.5,171,PARTLY CLOUDY,27.5,9.6,2025-08-03T01:25:00+09:30,PT5M
21,-55,12.1,0,0,0,1016.3,137,4.5,170,PARTLY CLOUDY,27.5,9.6,2025-08-03T01:30:00+09:30,PT5M
21,-58,10.1,0,0,0,1016.3,137,4.5,169,PARTLY CLOUDY,27.4,9.5,2025-08-03T01:35:00+09:30,PT5M
21,-61,8.2,0,0,0,1016.2,136,4.5,168,MOSTLY CLEAR,27.4,9.5,2025-08-03T01:40:00+09:30,PT5M
21,-63,8.2,0,0,0,1016.2,136,4.6,167,MOSTLY CLEAR,27.4,9.5,2025-08-03T01:45:00+09:30,PT5M
21,-65,8.2,0,0,0,1016.2,135,4.6,166,MOSTLY CLEAR,27.4,9.5,2025-08-03T01:50:00+09:30,PT5M
21,-67,8.2,0,0,0,1016.1,135,4.6,165,MOSTLY CLEAR,27.4,9.4,2025-08-03T01:55:00+09:30,PT5M
21,-68,10.1,0,0,0,1016.1,134,4.6,163,PARTLY CLOUDY,27.4,9.4,2025-08-03T02:00:00+09:30,PT5M
21,-69,10.1,0,0,0,1016.1,134,4.6,162,PARTLY CLOUDY,27.4,9.4,2025-08-03T02:05:00+09:30,PT5M
21,-70,8.2,0,0,0,1016,133,4.6,161,MOSTLY CLEAR,27.4,9.4,2025-08-03T02:10:00+09:30,PT5M
20,-71,10.1,0,0,0,1016,133,4.6,160,PARTLY CLOUDY,27.4,9.4,2025-08-03T02:15:00+09:30,PT5M
20,-72,12.1,0,0,0,1016,133,4.6,159,PARTLY CLOUDY,27.4,9.3,2025-08-03T02:20:00+09:30,PT5M
20,-73,10.1,0,0,0,1015.9,132,4.7,158,PARTLY CLOUDY,27.4,9.3,2025-08-03T02:25:00+09:30,PT5M
20,-73,8.2,0,0,0,1015.9,132,4.7,157,MOSTLY CLEAR,27.4,9.3,2025-08-03T02:30:00+09:30,PT5M
20,-74,8.2,0,0,0,1015.9,131,4.7,155,MOSTLY CLEAR,27.3,9.3,2025-08-03T02:35:00+09:30,PT5M
20,-74,8.2,0,0,0,1015.9,131,4.7,154,MOSTLY CLEAR,27.3,9.3,2025-08-03T02:40:00+09:30,PT5M
20,-75,10.1,0,0,0,1015.9,130,4.7,153,PARTLY CLOUDY,27.3,9.3,2025-08-03T02:45:00+09:30,PT5M
20,-75,14,0,0,0,1015.9,130,4.7,152,PARTLY CLOUDY,27.3,9.2,2025-08-03T02:50:00+09:30,PT5M
20,-75,12.1,0,0,0,1015.9,129,4.7,151,PARTLY CLOUDY,27.3,9.2,2025-08-03T02:55:00+09:30,PT5M
20,-76,8.2,0,0,0,1015.9,128,4.7,150,MOSTLY CLEAR,27.3,9.2,2025-08-03T03:00:00+09:30,PT5M
20,-76,8.2,0,0,0,1015.9,128,4.7,148,MOSTLY CLEAR,27.3,9.2,2025-08-03T03:05:00+09:30,PT5M
20,-76,8.2,0,0,0,1015.9,127,4.7,147,MOSTLY CLEAR,27.3,9.2,2025-08-03T03:10:00+09:30,PT5M
20,-76,8.2,0,0,0,1015.9,127,4.7,146,MOSTLY CLEAR,27.4,9.2,2025-08-03T03:15:00+09:30,PT5M
20,-76,8.2,0,0,0,1015.9,126,4.7,145,MOSTLY CLEAR,27.4,9.2,2025-08-03T03:20:00+09:30,PT5M
20,-76,10.1,0,0,0,1015.9,126,4.7,144,PARTLY CLOUDY,27.4,9.2,2025-08-03T03:25:00+09:30,PT5M
20,-77,10.1,0,0,0,1015.9,125,4.7,142,PARTLY CLOUDY,27.4,9.2,2025-08-03T03:30:00+09:30,PT5M
20,-77,10.1,0,0,0,1015.9,124,4.7,141,PARTLY CLOUDY,27.5,9.3,2025-08-03T03:35:00+09:30,PT5M
20,-77,10.1,0,0,0,1015.9,124,4.8,140,PARTLY CLOUDY,27.5,9.3,2025-08-03T03:40:00+09:30,PT5M
20,-77,10.1,0,0,0,1016,124,4.8,139,PARTLY CLOUDY,27.5,9.3,2025-08-03T03:45:00+09:30,PT5M
20,-77,8.2,0,0,0,1016,123,4.8,138,MOSTLY CLEAR,27.5,9.3,2025-08-03T03:50:00+09:30,PT5M
20,-77,8.2,0,0,0,1016,123,4.8,136,MOSTLY CLEAR,27.6,9.3,2025-08-03T03:55:00+09:30,PT5M
20,-77,10.1,0,0,0,1016,122,4.8,135,PARTLY CLOUDY,27.6,9.3,2025-08-03T04:00:00+09:30,PT5M
20,-77,8.2,0,0,0,1016.1,122,4.8,134,MOSTLY CLEAR,27.6,9.3,2025-08-03T04:05:00+09:30,PT5M
20,-77,8.2,0,0,0,1016.1,122,4.8,133,MOSTLY CLEAR,27.7,9.3,2025-08-03T04:10:00+09:30,PT5M
20,-77,8.2,0,0,0,1016.1,121,4.8,132,MOSTLY CLEAR,27.7,9.3,2025-08-03T04:15:00+09:30,PT5M
20,-77,8.2,0,0,0,1016.1,121,4.8,131,MOSTLY CLEAR,27.8,9.3,2025-08-03T04:20:00+09:30,PT5M
20,-77,8.2,0,0,0,1016.2,120,4.8,129,MOSTLY CLEAR,27.8,9.3,2025-08-03T04:25:00+09:30,PT5M
20,-77,8.2,0,0,0,1016.2,120,4.8,128,MOSTLY CLEAR,27.9,9.3,2025-08-03T04:30:00+09:30,PT5M
20,-77,8.2,0,0,0,1016.2,120,4.8,127,MOSTLY CLEAR,27.9,9.3,2025-08-03T04:35:00+09:30,PT5M
19,-77,8.2,0,0,0,1016.2,119,4.9,126,MOSTLY CLEAR,28,9.3,2025-08-03T04:40:00+09:30,PT5M
19,-77,8.2,0,0,0,1016.2,119,4.9,125,MOSTLY CLEAR,28,9.3,2025-08-03T04:45:00+09:30,PT5M
19,-76,8.2,0,0,0,1016.2,119,4.9,123,MOSTLY CLEAR,28.1,9.3,2025-08-03T04:50:00+09:30,PT5M
19,-76,8.2,0,0,0,1016.3,119,4.9,122,MOSTLY CLEAR,28.1,9.3,2025-08-03T04:55:00+09:30,PT5M
19,-76,8.2,0,0,0,1016.3,119,4.9,121,MOSTLY CLEAR,28.2,9.3,2025-08-03T05:00:00+09:30,PT5M
19,-76,8.2,0,0,0,1016.3,119,4.9,120,MOSTLY CLEAR,28.2,9.3,2025-08-03T05:05:00+09:30,PT5M
19,-76,8.2,0,0,0,1016.3,118,4.9,119,MOSTLY CLEAR,28.3,9.3,2025-08-03T05:10:00+09:30,PT5M
19,-76,8.2,0,0,0,1016.3,118,4.9,117,MOSTLY CLEAR,28.3,9.3,2025-08-03T05:15:00+09:30,PT5M
19,-76,8.2,0,0,0,1016.4,118,4.9,116,MOSTLY CLEAR,28.4,9.3,2025-08-03T05:20:00+09:30,PT5M
19,-76,8.2,0,0,0,1016.4,118,4.9,115,MOSTLY CLEAR,28.5,9.3,2025-08-03T05:25:00+09:30,PT5M
19,-76,8.2,0,0,0,1016.4,118,5,114,MOSTLY CLEAR,28.5,9.3,2025-08-03T05:30:00+09:30,PT5M
19,-75,0,0,0,0,1016.4,118,5,113,CLEAR,28.6,9.4,2025-08-03T05:35:00+09:30,PT5M
19,-75,8.2,0,0,0,1016.4,118,5,112,MOSTLY CLEAR,28.6,9.4,2025-08-03T05:40:00+09:30,PT5M
19,-75,8.2,0,0,0,1016.5,117,5,110,MOSTLY CLEAR,28.7,9.4,2025-08-03T05:45:00+09:30,PT5M
19,-75,8.2,0,0,0,1016.5,117,5,109,MOSTLY CLEAR,28.8,9.4,2025-08-03T05:50:00+09:30,PT5M
19,-75,8.2,0,0,0,1016.5,117,5,108,MOSTLY CLEAR,28.8,9.4,2025-08-03T05:55:00+09:30,PT5M
19,-75,8.2,0,0,0,1016.5,117,5,107,MOSTLY CLEAR,28.9,9.4,2025-08-03T06:00:00+09:30,PT5M
19,-75,8.2,0,0,0,1016.6,117,5,106,MOSTLY CLEAR,29,9.4,2025-08-03T06:05:00+09:30,PT5M
19,-74,10.1,0,0,0,1016.6,117,5,104,PARTLY CLOUDY,29.1,9.4,2025-08-03T06:10:00+09:30,PT5M
18,-74,10.1,0,0,0,1016.6,117,5,103,PARTLY CLOUDY,29.2,9.4,2025-08-03T06:15:00+09:30,PT5M
18,-74,8.2,0,0,0,1016.6,117,5,102,MOSTLY CLEAR,29.3,9.4,2025-08-03T06:20:00+09:30,PT5M
18,-74,10.1,0,0,0,1016.7,117,5,101,PARTLY CLOUDY,29.5,9.4,2025-08-03T06:25:00+09:30,PT5M
18,-74,10.1,0,0,0,1016.7,117,5.1,100,PARTLY CLOUDY,29.6,9.4,2025-08-03T06:30:00+09:30,PT5M
18,-73,8.2,0,0,0,1016.7,117,5.1,99,MOSTLY CLEAR,29.7,9.5,2025-08-03T06:35:00+09:30,PT5M
18,-73,0,0,0,0,1016.8,117,5.1,97,CLEAR,29.8,9.5,2025-08-03T06:40:00+09:30,PT5M
18,-73,8.2,0,0,0,1016.8,117,5.1,96,MOSTLY CLEAR,30,9.5,2025-08-03T06:45:00+09:30,PT5M
18,-73,8.2,0,0,0,1016.9,117,5.1,95,MOSTLY CLEAR,30.1,9.5,2025-08-03T06:50:00+09:30,PT5M
18,-72,8.2,0,0,0,1016.9,117,5.1,94,MOSTLY CLEAR,30.2,9.5,2025-08-03T06:55:00+09:30,PT5M
18,-72,15.9,0,0,0,1017,117,5.1,93,PARTLY CLOUDY,30.3,9.5,2025-08-03T07:00:00+09:30,PT5M
18,-72,0,0,0,0,1017,117,5.1,92,CLEAR,30.5,9.5,2025-08-03T07:05:00+09:30,PT5M
18,-72,0,0,0,0,1017.1,117,5.1,90,CLEAR,30.7,9.5,2025-08-03T07:10:00+09:30,PT5M
18,-71,0,4,5,0,1017.1,117,5.1,89,SUNNY,30.8,9.5,2025-08-03T07:15:00+09:30,PT5M
18,-71,0,15,16,0,1017.2,117,5.1,88,SUNNY,31,9.4,2025-08-03T07:20:00+09:30,PT5M
18,-71,0,26,33,0,1017.2,117,5.1,87,SUNNY,31.2,9.4,2025-08-03T07:25:00+09:30,PT5M
18,-71,0,40,54,0,1017.3,117,5.1,86,SUNNY,31.4,9.4,2025-08-03T07:30:00+09:30,PT5M
18,-70,0,54,78,0,1017.3,117,5.1,85,SUNNY,31.5,9.4,2025-08-03T07:35:00+09:30,PT5M
19,-70,0,70,98,0,1017.4,117,5.1,84,SUNNY,31.7,9.4,2025-08-03T07:40:00+09:30,PT5M
19,-70,0,86,118,0,1017.5,117,5.1,82,SUNNY,31.9,9.4,2025-08-03T07:45:00+09:30,PT5M
19,-69,0,103,138,0,1017.5,117,5.1,81,SUNNY,32.1,9.3,2025-08-03T07:50:00+09:30,PT5M
19,-69,0,121,158,0,1017.6,117,5.1,80,SUNNY,32.2,9.3,2025-08-03T07:55:00+09:30,PT5M
20,-69,0,139,179,0,1017.7,117,5.1,79,SUNNY,32.4,9.3,2025-08-03T08:00:00+09:30,PT5M
20,-68,0,157,200,0,1017.7,117,5.1,78,SUNNY,32.6,9.3,2025-08-03T08:05:00+09:30,PT5M
20,-68,0,175,220,0,1017.8,117,5.1,77,SUNNY,32.8,9.2,2025-08-03T08:10:00+09:30,PT5M
20,-67,0,194,241,0,1017.9,117,5.1,76,SUNNY,33,9.2,2025-08-03T08:15:00+09:30,PT5M
21,-67,0,213,262,0,1017.9,117,5.1,74,SUNNY,33.2,9.1,2025-08-03T08:20:00+09:30,PT5M
21,-67,0,231,282,0,1018,117,5.1,73,SUNNY,33.4,9,2025-08-03T08:25:00+09:30,PT5M
21,-66,0,250,303,0,1018.1,117,5.1,72,SUNNY,33.6,9,2025-08-03T08:30:00+09:30,PT5M
21,-66,0,269,323,0,1018.1,117,5.1,71,SUNNY,33.7,8.9,2025-08-03T08:35:00+09:30,PT5M
22,-65,0,288,343,0,1018.1,117,5.1,70,SUNNY,33.9,8.9,2025-08-03T08:40:00+09:30,PT5M
22,-65,0,307,363,0,1018.2,117,5.1,69,SUNNY,34.1,8.8,2025-08-03T08:45:00+09:30,PT5M
22,-64,0,325,383,0,1018.2,116,5.2,68,SUNNY,34.3,8.7,2025-08-03T08:50:00+09:30,PT5M
22,-64,0,344,403,0,1018.2,116,5.2,67,SUNNY,34.5,8.7,2025-08-03T08:55:00+09:30,PT5M
22,-63,0,362,423,0,1018.2,116,5.2,66,SUNNY,34.7,8.6,2025-08-03T09:00:00+09:30,PT5M
22,-63,0,380,442,0,1018.3,116,5.2,64,SUNNY,34.8,8.7,2025-08-03T09:05:00+09:30,PT5M
22,-62,0,398,461,0,1018.3,116,5.3,63,SUNNY,34.8,8.8,2025-08-03T09:10:00+09:30,PT5M
22,-62,0,416,479,0,1018.3,116,5.3,62,SUNNY,34.8,8.9,2025-08-03T09:15:00+09:30,PT5M
22,-61,0,433,498,0,1018.3,116,5.3,61,SUNNY,34.7,9,2025-08-03T09:20:00+09:30,PT5M
22,-61,0,451,516,0,1018.4,115,5.4,60,SUNNY,34.7,9,2025-08-03T09:25:00+09:30,PT5M
22,-60,0,468,534,0,1018.4,115,5.4,59,SUNNY,34.7,9.2,2025-08-03T09:30:00+09:30,PT5M
23,-59,0,485,552,0,1018.4,115,5.4,58,SUNNY,34.7,9.2,2025-08-03T09:35:00+09:30,PT5M
23,-59,0,502,569,0,1018.4,115,5.3,57,SUNNY,34.7,9.4,2025-08-03T09:40:00+09:30,PT5M
23,-58,0,518,587,0,1018.4,115,5.2,56,SUNNY,34.7,9.4,2025-08-03T09:45:00+09:30,PT5M
23,-57,0,534,603,0,1018.4,115,5.2,55,SUNNY,34.6,9.6,2025-08-03T09:50:00+09:30,PT5M
23,-56,0,550,620,0,1018.4,115,5.1,54,SUNNY,34.6,9.6,2025-08-03T09:55:00+09:30,PT5M
23,-56,0,565,636,0,1018.4,116,5,53,SUNNY,34.6,9.8,2025-08-03T10:00:00+09:30,PT5M
23,-55,0,580,652,0,1018.4,116,5,52,SUNNY,34.5,9.8,2025-08-03T10:05:00+09:30,PT5M
24,-54,0,595,667,0,1018.4,116,4.9,51,SUNNY,34.3,9.7,2025-08-03T10:10:00+09:30,PT5M
24,-53,0,610,683,0,1018.4,116,4.8,50,SUNNY,34.1,9.7,2025-08-03T10:15:00+09:30,PT5M
24,-52,0,624,698,0,1018.4,116,4.7,49,SUNNY,33.9,9.7,2025-08-03T10:20:00+09:30,PT5M
24,-51,0,638,712,0,1018.4,116,4.7,48,SUNNY,33.7,9.6,2025-08-03T10:25:00+09:30,PT5M
24,-50,0,652,726,0,1018.4,116,4.6,47,SUNNY,33.5,9.6,2025-08-03T10:30:00+09:30,PT5M
24,-49,0,665,740,0,1018.4,116,4.5,46,SUNNY,33.3,9.5,2025-08-03T10:35:00+09:30,PT5M
25,-48,0,678,753,0,1018.3,116,4.5,45,SUNNY,33.1,9.5,2025-08-03T10:40:00+09:30,PT5M
25,-47,0,690,766,0,1018.2,116,4.4,44,SUNNY,32.9,9.4,2025-08-03T10:45:00+09:30,PT5M
25,-46,0,702,779,0,1018.2,116,4.3,43,SUNNY,32.7,9.4,2025-08-03T10:50:00+09:30,PT5M
25,-45,0,714,791,0,1018.1,116,4.3,43,SUNNY,32.5,9.4,2025-08-03T10:55:00+09:30,PT5M
25,-44,0,725,803,0,1018,116,4.2,42,SUNNY,32.3,9.3,2025-08-03T11:00:00+09:30,PT5M
26,-42,0,736,814,0,1018,116,4.1,41,SUNNY,32.1,9.3,2025-08-03T11:05:00+09:30,PT5M
26,-41,0,746,824,0,1017.9,116,4.1,40,SUNNY,31.9,9.3,2025-08-03T11:10:00+09:30,PT5M
26,-40,0,756,835,0,1017.8,116,4,39,SUNNY,31.7,9.2,2025-08-03T11:15:00+09:30,PT5M
26,-38,0,765,845,0,1017.8,116,4,38,SUNNY,31.5,9.2,2025-08-03T11:20:00+09:30,PT5M
27,-37,0,774,854,0,1017.7,116,3.9,38,SUNNY,31.3,9.2,2025-08-03T11:25:00+09:30,PT5M
27,-35,0,783,863,0,1017.6,117,3.8,37,SUNNY,31.1,9.2,2025-08-03T11:30:00+09:30,PT5M
27,-34,0,791,871,0,1017.6,117,3.8,36,SUNNY,30.8,9.1,2025-08-03T11:35:00+09:30,PT5M
27,-32,0,799,879,0,1017.5,117,3.7,36,SUNNY,30.6,9.1,2025-08-03T11:40:00+09:30,PT5M
27,-30,0,806,887,0,1017.4,117,3.7,35,SUNNY,30.4,9.1,2025-08-03T11:45:00+09:30,PT5M
27,-28,0,813,894,0,1017.3,117,3.7,34,SUNNY,30.2,9.1,2025-08-03T11:50:00+09:30,PT5M
27,-26,0,819,900,0,1017.2,117,3.6,34,SUNNY,30,9,2025-08-03T11:55:00+09:30,PT5M
27,-25,0,825,906,0,1017.1,117,3.6,33,SUNNY,29.8,9,2025-08-03T12:00:00+09:30,PT5M
27,-23,0,830,912,0,1017.1,117,3.6,33,SUNNY,29.6,9,2025-08-03T12:05:00+09:30,PT5M
28,-20,0,835,917,0,1017,117,3.5,32,SUNNY,29.6,9,2025-08-03T12:10:00+09:30,PT5M
28,-18,0,839,921,0,1016.9,117,3.5,32,SUNNY,29.4,8.9,2025-08-03T12:15:00+09:30,PT5M
28,-16,0,843,925,0,1016.8,117,3.4,32,SUNNY,29.4,8.9,2025-08-03T12:20:00+09:30,PT5M
28,-14,0,846,929,0,1016.7,117,3.4,31,SUNNY,29.2,8.9,2025-08-03T12:25:00+09:30,PT5M
28,-12,0,849,932,0,1016.6,117,3.4,31,SUNNY,29.2,8.9,2025-08-03T12:30:00+09:30,PT5M
28,-10,0,851,934,0,1016.5,117,3.3,31,SUNNY,29,8.8,2025-08-03T12:35:00+09:30,PT5M
28,-7,0,853,936,0,1016.4,116,3.3,31,SUNNY,29,8.8,2025-08-03T12:40:00+09:30,PT5M
28,-5,0,855,937,0,1016.3,116,3.2,31,SUNNY,28.8,8.8,2025-08-03T12:45:00+09:30,PT5M
28,-3,0,855,938,0,1016.2,116,3.2,30,SUNNY,28.8,8.8,2025-08-03T12:50:00+09:30,PT5M
28,0,0,856,938,0,1016.1,116,3.1,30,SUNNY,28.6,8.7,2025-08-03T12:55:00+09:30,PT5M
29,2,0,856,938,0,1016,116,3.1,30,SUNNY,28.6,8.7,2025-08-03T13:00:00+09:30,PT5M
29,4,0,855,938,0,1015.9,116,3,30,SUNNY,28.5,8.7,2025-08-03T13:05:00+09:30,PT5M
29,7,0,854,936,0,1015.8,116,3,31,SUNNY,28.5,8.7,2025-08-03T13:10:00+09:30,PT5M
29,9,0,852,935,0,1015.7,116,2.9,31,SUNNY,28.5,8.7,2025-08-03T13:15:00+09:30,PT5M
29,11,0,850,932,0,1015.6,116,2.9,31,SUNNY,28.5,8.6,2025-08-03T13:20:00+09:30,PT5M
29,14,0,847,930,0,1015.5,116,2.8,31,SUNNY,28.5,8.6,2025-08-03T13:25:00+09:30,PT5M
29,16,0,844,926,0,1015.4,116,2.8,32,SUNNY,28.5,8.6,2025-08-03T13:30:00+09:30,PT5M
29,18,0,840,923,0,1015.3,116,2.7,32,SUNNY,28.6,8.6,2025-08-03T13:35:00+09:30,PT5M
29,20,0,836,918,0,1015.3,116,2.7,32,SUNNY,28.6,8.6,2025-08-03T13:40:00+09:30,PT5M
30,22,0,832,913,0,1015.2,116,2.6,33,SUNNY,28.6,8.6,2025-08-03T13:45:00+09:30,PT5M
30,24,0,827,908,0,1015.1,116,2.6,33,SUNNY,28.6,8.5,2025-08-03T13:50:00+09:30,PT5M
30,26,0,821,902,0,1015,116,2.5,34,SUNNY,28.6,8.5,2025-08-03T13:55:00+09:30,PT5M
30,28,0,815,896,0,1014.9,116,2.5,34,SUNNY,28.6,8.5,2025-08-03T14:00:00+09:30,PT5M
30,30,0,808,889,0,1014.8,116,2.4,35,SUNNY,28.6,8.5,2025-08-03T14:05:00+09:30,PT5M
30,32,0,801,882,0,1014.7,115,2.4,36,SUNNY,28.6,8.5,2025-08-03T14:10:00+09:30,PT5M
30,33,0,794,874,0,1014.6,115,2.3,36,SUNNY,28.6,8.5,2025-08-03T14:15:00+09:30,PT5M
30,35,0,786,866,0,1014.5,115,2.2,37,SUNNY,28.6,8.5,2025-08-03T14:20:00+09:30,PT5M
30,36,0,777,857,0,1014.4,115,2.2,38,SUNNY,28.6,8.5,2025-08-03T14:25:00+09:30,PT5M
30,38,0,768,848,0,1014.3,115,2.1,38,SUNNY,28.6,8.5,2025-08-03T14:30:00+09:30,PT5M
31,39,0,759,838,0,1014.2,115,2.1,39,SUNNY,28.6,8.4,2025-08-03T14:35:00+09:30,PT5M
31,41,0,749,828,0,1014.2,115,2,40,SUNNY,28.6,8.4,2025-08-03T14:40:00+09:30,PT5M
31,42,0,739,817,0,1014.1,115,2,41,SUNNY,28.6,8.4,2025-08-03T14:45:00+09:30,PT5M
31,43,0,728,806,0,1014,115,1.9,41,SUNNY,28.6,8.4,2025-08-03T14:50:00+09:30,PT5M
31,45,0,717,795,0,1013.9,115,1.9,42,SUNNY,28.6,8.4,2025-08-03T14:55:00+09:30,PT5M
31,46,0,706,783,0,1013.9,115,1.8,43,SUNNY,28.6,8.4,2025-08-03T15:00:00+09:30,PT5M
31,47,0,694,770,0,1013.8,114,1.8,44,SUNNY,28.6,8.4,2025-08-03T15:05:00+09:30,PT5M
31,48,0,681,757,0,1013.7,114,1.7,45,SUNNY,28.5,8.5,2025-08-03T15:10:00+09:30,PT5M
31,49,0,668,744,0,1013.6,114,1.7,46,SUNNY,28.5,8.6,2025-08-03T15:15:00+09:30,PT5M
31,50,0,655,730,0,1013.6,114,1.6,47,SUNNY,28.4,8.7,2025-08-03T15:20:00+09:30,PT5M
31,51,0,642,716,0,1013.5,114,1.6,48,SUNNY,28.3,8.7,2025-08-03T15:25:00+09:30,PT5M
31,52,0,628,701,0,1013.4,113,1.5,49,SUNNY,28.3,8.8,2025-08-03T15:30:00+09:30,PT5M
31,53,0,613,686,0,1013.4,113,1.5,50,SUNNY,28.2,8.9,2025-08-03T15:35:00+09:30,PT5M
31,54,0,598,670,0,1013.4,114,1.5,51,SUNNY,28.2,9,2025-08-03T15:40:00+09:30,PT5M
31,55,0,583,655,0,1013.3,114,1.4,52,SUNNY,28.1,9,2025-08-03T15:45:00+09:30,PT5M
31,56,0,568,638,0,1013.3,115,1.4,53,SUNNY,28,9.1,2025-08-03T15:50:00+09:30,PT5M
31,56,0,552,622,0,1013.3,116,1.4,54,SUNNY,28,9.2,2025-08-03T15:55:00+09:30,PT5M
31,57,0,536,605,0,1013.3,116,1.4,55,SUNNY,27.9,9.3,2025-08-03T16:00:00+09:30,PT5M
31,58,0,520,588,0,1013.3,117,1.3,56,SUNNY,27.8,9.3,2025-08-03T16:05:00+09:30,PT5M
31,59,0,503,571,0,1013.3,118,1.3,57,SUNNY,27.7,9.3,2025-08-03T16:10:00+09:30,PT5M
31,59,0,487,553,0,1013.2,118,1.3,58,SUNNY,27.6,9.3,2025-08-03T16:15:00+09:30,PT5M
31,60,0,470,535,0,1013.2,119,1.2,59,SUNNY,27.5,9.2,2025-08-03T16:20:00+09:30,PT5M
31,61,0,452,517,0,1013.2,120,1.2,60,SUNNY,27.4,9.2,2025-08-03T16:25:00+09:30,PT5M
31,61,0,435,498,0,1013.2,121,1.2,61,SUNNY,27.3,9.2,2025-08-03T16:30:00+09:30,PT5M
31,62,0,417,480,0,1013.2,121,1.2,62,SUNNY,27.1,9.2,2025-08-03T16:35:00+09:30,PT5M
30,62,0,399,461,0,1013.2,121,1.1,63,SUNNY,27,9.2,2025-08-03T16:40:00+09:30,PT5M
30,63,0,381,441,0,1013.2,122,1.1,64,SUNNY,26.9,9.2,2025-08-03T16:45:00+09:30,PT5M
30,63,0,363,422,0,1013.2,122,1.1,65,SUNNY,26.8,9.1,2025-08-03T16:50:00+09:30,PT5M
30,64,0,345,402,0,1013.3,122,1.1,66,SUNNY,26.7,9.1,2025-08-03T16:55:00+09:30,PT5M
30,64,0,326,382,0,1013.3,123,1,68,SUNNY,26.6,9.1,2025-08-03T17:00:00+09:30,PT5M
30,65,0,307,362,0,1013.3,123,1,69,SUNNY,26.4,9.1,2025-08-03T17:05:00+09:30,PT5M
30,65,0,289,342,0,1013.3,123,1,70,SUNNY,26.3,9.1,2025-08-03T17:10:00+09:30,PT5M
30,66,0,270,322,0,1013.3,124,0.9,71,SUNNY,26.2,9.1,2025-08-03T17:15:00+09:30,PT5M
29,66,0,251,302,0,1013.3,124,0.9,72,SUNNY,26.1,9.1,2025-08-03T17:20:00+09:30,PT5M
29,67,0,232,281,0,1013.4,125,0.9,73,SUNNY,26,9.1,2025-08-03T17:25:00+09:30,PT5M
29,67,0,213,260,0,1013.4,125,0.9,74,SUNNY,25.9,9.1,2025-08-03T17:30:00+09:30,PT5M
29,67,0,195,240,0,1013.4,124,0.8,75,SUNNY,25.8,9.1,2025-08-03T17:35:00+09:30,PT5M
29,68,0,176,219,0,1013.4,122,0.8,76,SUNNY,25.7,9.1,2025-08-03T17:40:00+09:30,PT5M
29,68,0,158,198,0,1013.5,120,0.8,78,SUNNY,25.6,9.1,2025-08-03T17:45:00+09:30,PT5M
29,69,0,140,178,0,1013.5,117,0.7,79,SUNNY,25.5,9.1,2025-08-03T17:50:00+09:30,PT5M
29,69,0,122,157,0,1013.6,114,0.7,80,SUNNY,25.4,9.1,2025-08-03T17:55:00+09:30,PT5M
29,69,0,104,137,0,1013.6,110,0.6,81,SUNNY,25.3,9.1,2025-08-03T18:00:00+09:30,PT5M
28,70,0,87,117,0,1013.7,106,0.6,82,SUNNY,25.2,9.1,2025-08-03T18:05:00+09:30,PT5M
28,70,0,71,97,0,1013.7,102,0.6,83,SUNNY,25.2,9.1,2025-08-03T18:10:00+09:30,PT5M
28,70,0,56,78,0,1013.7,98,0.6,84,SUNNY,25.1,9.1,2025-08-03T18:15:00+09:30,PT5M
28,71,0,41,55,0,1013.8,93,0.5,86,SUNNY,25.1,9.2,2025-08-03T18:20:00+09:30,PT5M
28,71,12.1,25,26,0,1013.8,87,0.5,87,PARTLY CLOUDY,25,9.2,2025-08-03T18:25:00+09:30,PT5M
28,71,15.9,14,13,0,1013.9,82,0.5,88,PARTLY CLOUDY,25,9.2,2025-08-03T18:30:00+09:30,PT5M
28,71,14,5,5,0,1013.9,77,0.5,89,PARTLY CLOUDY,25,9.2,2025-08-03T18:35:00+09:30,PT5M
28,72,10.1,0,0,0,1014,74,0.4,90,PARTLY CLOUDY,25,9.2,2025-08-03T18:40:00+09:30,PT5M
27,72,12.1,0,0,0,1014.1,69,0.4,91,PARTLY CLOUDY,24.9,9.2,2025-08-03T18:45:00+09:30,PT5M
27,72,14,0,0,0,1014.2,64,0.4,93,PARTLY CLOUDY,24.9,9.3,2025-08-03T18:50:00+09:30,PT5M
27,72,12.1,0,0,0,1014.3,58,0.3,94,PARTLY CLOUDY,24.8,9.3,2025-08-03T18:55:00+09:30,PT5M
27,73,0,0,0,0,1014.3,50,0.3,95,CLEAR,24.8,9.3,2025-08-03T19:00:00+09:30,PT5M
26,73,8.2,0,0,0,1014.4,40,0.3,96,MOSTLY CLEAR,24.8,9.3,2025-08-03T19:05:00+09:30,PT5M
26,73,8.2,0,0,0,1014.5,29,0.3,97,MOSTLY CLEAR,24.9,9.3,2025-08-03T19:10:00+09:30,PT5M
26,73,8.2,0,0,0,1014.6,17,0.3,98,MOSTLY CLEAR,24.9,9.3,2025-08-03T19:15:00+09:30,PT5M
26,74,12.1,0,0,0,1014.7,6,0.3,100,PARTLY CLOUDY,24.9,9.3,2025-08-03T19:20:00+09:30,PT5M
25,74,10.1,0,0,0,1014.8,355,0.3,101,PARTLY CLOUDY,25,9.3,2025-08-03T19:25:00+09:30,PT5M
25,74,10.1,0,0,0,1014.8,346,0.3,102,PARTLY CLOUDY,25,9.3,2025-08-03T19:30:00+09:30,PT5M
25,74,10.1,0,0,0,1014.9,337,0.3,103,PARTLY CLOUDY,25.1,9.4,2025-08-03T19:35:00+09:30,PT5M
25,74,12.1,0,0,0,1015,329,0.3,104,PARTLY CLOUDY,25.1,9.4,2025-08-03T19:40:00+09:30,PT5M
25,75,10.1,0,0,0,1015,322,0.3,105,PARTLY CLOUDY,25.2,9.4,2025-08-03T19:45:00+09:30,PT5M
24,75,10.1,0,0,0,1015.1,315,0.3,107,PARTLY CLOUDY,25.2,9.4,2025-08-03T19:50:00+09:30,PT5M
24,75,10.1,0,0,0,1015.1,308,0.4,108,PARTLY CLOUDY,25.2,9.4,2025-08-03T19:55:00+09:30,PT5M
24,75,8.2,0,0,0,1015.2,302,0.4,109,MOSTLY CLEAR,25.3,9.4,2025-08-03T20:00:00+09:30,PT5M
24,75,8.2,0,0,0,1015.2,297,0.4,110,MOSTLY CLEAR,25.3,9.4,2025-08-03T20:05:00+09:30,PT5M
24,75,8.2,0,0,0,1015.3,293,0.4,111,MOSTLY CLEAR,25.4,9.4,2025-08-03T20:10:00+09:30,PT5M
24,76,10.1,0,0,0,1015.3,289,0.5,112,PARTLY CLOUDY,25.4,9.4,2025-08-03T20:15:00+09:30,PT5M
23,76,10.1,0,0,0,1015.4,286,0.5,114,PARTLY CLOUDY,25.4,9.4,2025-08-03T20:20:00+09:30,PT5M
23,76,10.1,0,0,0,1015.4,283,0.6,115,PARTLY CLOUDY,25.5,9.4,2025-08-03T20:25:00+09:30,PT5M
23,76,8.2,0,0,0,1015.5,281,0.6,116,MOSTLY CLEAR,25.5,9.4,2025-08-03T20:30:00+09:30,PT5M
23,76,0,0,0,0,1015.5,278,0.6,117,CLEAR,25.5,9.5,2025-08-03T20:35:00+09:30,PT5M
23,76,0,0,0,0,1015.6,274,0.7,118,CLEAR,25.6,9.5,2025-08-03T20:40:00+09:30,PT5M
23,76,8.2,0,0,0,1015.6,271,0.7,120,MOSTLY CLEAR,25.6,9.5,2025-08-03T20:45:00+09:30,PT5M
23,76,8.2,0,0,0,1015.7,269,0.8,121,MOSTLY CLEAR,25.6,9.5,2025-08-03T20:50:00+09:30,PT5M
23,77,8.2,0,0,0,1015.8,267,0.9,122,MOSTLY CLEAR,25.6,9.5,2025-08-03T20:55:00+09:30,PT5M
23,77,8.2,0,0,0,1015.8,265,0.9,123,MOSTLY CLEAR,25.7,9.5,2025-08-03T21:00:00+09:30,PT5M
22,77,8.2,0,0,0,1015.9,263,1,124,MOSTLY CLEAR,25.7,9.5,2025-08-03T21:05:00+09:30,PT5M
22,77,8.2,0,0,0,1015.9,262,1,126,MOSTLY CLEAR,25.6,9.5,2025-08-03T21:10:00+09:30,PT5M
22,77,8.2,0,0,0,1016,261,1.1,127,MOSTLY CLEAR,25.6,9.4,2025-08-03T21:15:00+09:30,PT5M
22,77,8.2,0,0,0,1016,259,1.2,128,MOSTLY CLEAR,25.5,9.4,2025-08-03T21:20:00+09:30,PT5M
22,77,8.2,0,0,0,1016.1,258,1.2,129,MOSTLY CLEAR,25.5,9.4,2025-08-03T21:25:00+09:30,PT5M
22,77,0,0,0,0,1016.2,257,1.3,130,CLEAR,25.4,9.4,2025-08-03T21:30:00+09:30,PT5M
22,77,8.2,0,0,0,1016.2,256,1.3,131,MOSTLY CLEAR,25.4,9.3,2025-08-03T21:35:00+09:30,PT5M
22,77,8.2,0,0,0,1016.2,255,1.4,133,MOSTLY CLEAR,25.3,9.3,2025-08-03T21:40:00+09:30,PT5M
22,77,8.2,0,0,0,1016.1,253,1.4,134,MOSTLY CLEAR,25.3,9.3,2025-08-03T21:45:00+09:30,PT5M
22,77,8.2,0,0,0,1016.1,252,1.4,135,MOSTLY CLEAR,25.2,9.3,2025-08-03T21:50:00+09:30,PT5M
21,77,8.2,0,0,0,1016.1,250,1.5,136,MOSTLY CLEAR,25.2,9.2,2025-08-03T21:55:00+09:30,PT5M
21,77,8.2,0,0,0,1016.1,249,1.5,137,MOSTLY CLEAR,25.1,9.2,2025-08-03T22:00:00+09:30,PT5M
21,77,8.2,0,0,0,1016.1,248,1.5,139,MOSTLY CLEAR,25,9.2,2025-08-03T22:05:00+09:30,PT5M
21,77,8.2,0,0,0,1016.1,247,1.6,140,MOSTLY CLEAR,24.9,9.1,2025-08-03T22:10:00+09:30,PT5M
21,77,8.2,0,0,0,1016,246,1.6,141,MOSTLY CLEAR,24.7,9.1,2025-08-03T22:15:00+09:30,PT5M
21,77,0,0,0,0,1016,244,1.6,142,CLEAR,24.6,9.1,2025-08-03T22:20:00+09:30,PT5M
21,77,0,0,0,0,1016,243,1.6,143,CLEAR,24.5,9,2025-08-03T22:25:00+09:30,PT5M
21,77,0,0,0,0,1016,242,1.7,145,CLEAR,24.3,9,2025-08-03T22:30:00+09:30,PT5M
21,77,0,0,0,0,1016,241,1.7,146,CLEAR,24.2,8.9,2025-08-03T22:35:00+09:30,PT5M
21,76,0,0,0,0,1016,239,1.7,147,CLEAR,24,8.9,2025-08-03T22:40:00+09:30,PT5M
20,76,8.2,0,0,0,1016.1,237,1.7,148,MOSTLY CLEAR,23.9,8.8,2025-08-03T22:45:00+09:30,PT5M
20,76,8.2,0,0,0,1016.1,235,1.7,149,MOSTLY CLEAR,23.8,8.8,2025-08-03T22:50:00+09:30,PT5M
20,76,8.2,0,0,0,1016.1,233,1.7,150,MOSTLY CLEAR,23.6,8.8,2025-08-03T22:55:00+09:30,PT5M
20,75,10.1,0,0,0,1016.1,231,1.8,152,PARTLY CLOUDY,23.5,8.7,2025-08-03T23:00:00+09:30,PT5M
20,75,8.2,0,0,0,1016.2,229,1.8,153,MOSTLY CLEAR,23.3,8.7,2025-08-03T23:05:00+09:30,PT5M
20,75,8.2,0,0,0,1016.2,227,1.8,154,MOSTLY CLEAR,23.2,8.6,2025-08-03T23:10:00+09:30,PT5M
20,74,8.2,0,0,0,1016.2,225,1.8,155,MOSTLY CLEAR,23,8.6,2025-08-03T23:15:00+09:30,PT5M
20,74,8.2,0,0,0,1016.2,223,1.9,156,MOSTLY CLEAR,22.9,8.6,2025-08-03T23:20:00+09:30,PT5M
20,73,8.2,0,0,0,1016.3,221,1.9,158,MOSTLY CLEAR,22.8,8.5,2025-08-03T23:25:00+09:30,PT5M
20,73,8.2,0,0,0,1016.3,220,1.9,159,MOSTLY CLEAR,22.6,8.5,2025-08-03T23:30:00+09:30,PT5M
20,72,8.2,0,0,0,1016.3,217,1.9,160,MOSTLY CLEAR,22.5,8.4,2025-08-03T23:35:00+09:30,PT5M
20,71,8.2,0,0,0,1016.3,215,1.9,161,MOSTLY CLEAR,22.3,8.4,2025-08-03T23:40:00+09:30,PT5M
19,70,8.2,0,0,0,1016.2,212,1.9,162,MOSTLY CLEAR,22.2,8.3,2025-08-03T23:45:00+09:30,PT5M
19,69,8.2,0,0,0,1016.2,209,1.9,163,MOSTLY CLEAR,22.1,8.3,2025-08-03T23:50:00+09:30,PT5M
19,68,0,0,0,0,1016.2,206,1.9,164,CLEAR,21.9,8.3,2025-08-03T23:55:00+09:30,PT5M
19,66,0,0,0,0,1016.2,203,1.9,166,CLEAR,21.8,8.2,2025-08-04T00:00:00+09:30,PT5M
19,65,0,0,0,0,1016.1,200,1.9,167,CLEAR,21.7,8.2,2025-08-04T00:05:00+09:30,PT5M
19,63,8.2,0,0,0,1016.1,198,1.9,168,MOSTLY CLEAR,21.6,8.1,2025-08-04T00:10:00+09:30,PT5M
19,60,8.2,0,0,0,1016.1,195,1.9,169,MOSTLY CLEAR,21.5,8.1,2025-08-04T00:15:00+09:30,PT5M
19,57,0,0,0,0,1016.1,192,1.9,170,CLEAR,21.4,8,2025-08-04T00:20:00+09:30,PT5M
19,53,0,0,0,0,1016,190,2,171,CLEAR,21.3,8,2025-08-04T00:25:00+09:30,PT5M
19,48,0,0,0,0,1016,187,2,172,CLEAR,21.2,7.9,2025-08-04T00:30:00+09:30,PT5M
19,42,0,0,0,0,1016,185,2,173,CLEAR,21.2,7.9,2025-08-04T00:35:00+09:30,PT5M
19,34,0,0,0,0,1015.9,183,2,173,CLEAR,21.1,7.8,2025-08-04T00:40:00+09:30,PT5M
18,25,0,0,0,0,1015.9,181,2,174,CLEAR,21,7.8,2025-08-04T00:45:00+09:30,PT5M
18,14,8.2,0,0,0,1015.8,179,2.1,174,MOSTLY CLEAR,20.9,7.7,2025-08-04T00:50:00+09:30,PT5M
18,1,0,0,0,0,1015.8,177,2.1,175,CLEAR,20.8,7.7,2025-08-04T00:55:00+09:30,PT5M
18,-11,0,0,0,0,1015.8,175,2.1,175,CLEAR,20.7,7.6,2025-08-04T01:00:00+09:30,PT5M
18,-23,0,0,0,0,1015.7,174,2.1,174,CLEAR,20.7,7.6,2025-08-04T01:05:00+09:30,PT5M
18,-33,0,0,0,0,1015.7,172,2.1,174,CLEAR,20.6,7.6,2025-08-04T01:10:00+09:30,PT5M
18,-41,0,0,0,0,1015.6,170,2.2,173,CLEAR,20.6,7.5,2025-08-04T01:15:00+09:30,PT5M
18,-47,0,0,0,0,1015.6,169,2.2,172,CLEAR,20.6,7.5,2025-08-04T01:20:00+09:30,PT5M
18,-52,0,0,0,0,1015.6,167,2.2,171,CLEAR,20.6,7.4,2025-08-04T01:25:00+09:30,PT5M
18,-56,0,0,0,0,1015.5,166,2.3,170,CLEAR,20.5,7.4,2025-08-04T01:30:00+09:30,PT5M
18,-60,0,0,0,0,1015.5,164,2.3,169,CLEAR,20.5,7.4,2025-08-04T01:35:00+09:30,PT5M
18,-62,8.2,0,0,0,1015.5,162,2.3,168,MOSTLY CLEAR,20.4,7.4,2025-08-04T01:40:00+09:30,PT5M
18,-64,8.2,0,0,0,1015.4,161,2.3,167,MOSTLY CLEAR,20.4,7.3,2025-08-04T01:45:00+09:30,PT5M
18,-66,8.2,0,0,0,1015.4,159,2.3,166,MOSTLY CLEAR,20.4,7.3,2025-08-04T01:50:00+09:30,PT5M
18,-68,8.2,0,0,0,1015.4,157,2.3,165,MOSTLY CLEAR,20.4,7.2,2025-08-04T01:55:00+09:30,PT5M
18,-69,8.2,0,0,0,1015.4,156,2.4,164,MOSTLY CLEAR,20.3,7.2,2025-08-04T02:00:00+09:30,PT5M
18,-70,0,0,0,0,1015.3,154,2.4,162,CLEAR,20.3,7.2,2025-08-04T02:05:00+09:30,PT5M
18,-71,0,0,0,0,1015.3,153,2.4,161,CLEAR,20.2,7.2,2025-08-04T02:10:00+09:30,PT5M
18,-72,8.2,0,0,0,1015.3,151,2.4,160,MOSTLY CLEAR,20.2,7.2,2025-08-04T02:15:00+09:30,PT5M
18,-73,10.1,0,0,0,1015.3,150,2.5,159,PARTLY CLOUDY,20.2,7.2,2025-08-04T02:20:00+09:30,PT5M
18,-73,8.2,0,0,0,1015.2,148,2.5,158,MOSTLY CLEAR,20.1,7.2,2025-08-04T02:25:00+09:30,PT5M
18,-74,8.2,0,0,0,1015.2,147,2.5,157,MOSTLY CLEAR,20.1,7.2,2025-08-04T02:30:00+09:30,PT5M
18,-74,0,0,0,0,1015.2,146,2.5,155,CLEAR,20.1,7.1,2025-08-04T02:35:00+09:30,PT5M
18,-75,0,0,0,0,1015.1,145,2.6,154,CLEAR,20,7.1,2025-08-04T02:40:00+09:30,PT5M
18,-75,8.2,0,0,0,1015.1,144,2.6,153,MOSTLY CLEAR,20,7.1,2025-08-04T02:45:00+09:30,PT5M
18,-76,8.2,0,0,0,1015.1,143,2.6,152,MOSTLY CLEAR,20,7.1,2025-08-04T02:50:00+09:30,PT5M
18,-76,8.2,0,0,0,1015,142,2.7,151,MOSTLY CLEAR,20,7.1,2025-08-04T02:55:00+09:30,PT5M
18,-76,0,0,0,0,1015,141,2.7,150,CLEAR,19.9,7.1,2025-08-04T03:00:00+09:30,PT5M
17,-76,0,0,0,0,1015,140,2.8,148,CLEAR,19.9,7.1,2025-08-04T03:05:00+09:30,PT5M
17,-76,0,0,0,0,1014.9,139,2.8,147,CLEAR,20,7.1,2025-08-04T03:10:00+09:30,PT5M
17,-77,0,0,0,0,1014.9,138,2.8,146,CLEAR,20.1,7.1,2025-08-04T03:15:00+09:30,PT5M
17,-77,8.2,0,0,0,1014.9,137,2.9,145,MOSTLY CLEAR,20.2,7.1,2025-08-04T03:20:00+09:30,PT5M
17,-77,0,0,0,0,1014.8,136,2.9,144,CLEAR,20.3,7.1,2025-08-04T03:25:00+09:30,PT5M
17,-77,0,0,0,0,1014.8,135,2.9,142,CLEAR,20.4,7.1,2025-08-04T03:30:00+09:30,PT5M
17,-77,0,0,0,0,1014.8,135,3,141,CLEAR,20.5,7.2,2025-08-04T03:35:00+09:30,PT5M
17,-77,8.2,0,0,0,1014.8,134,3,140,MOSTLY CLEAR,20.6,7.2,2025-08-04T03:40:00+09:30,PT5M
17,-77,0,0,0,0,1014.8,133,3,139,CLEAR,20.7,7.2,2025-08-04T03:45:00+09:30,PT5M
17,-77,0,0,0,0,1014.8,132,3,138,CLEAR,20.8,7.2,2025-08-04T03:50:00+09:30,PT5M
17,-77,0,0,0,0,1014.8,131,3,136,CLEAR,20.9,7.2,2025-08-04T03:55:00+09:30,PT5M
17,-77,0,0,0,0,1014.8,130,3,135,CLEAR,21,7.2,2025-08-04T04:00:00+09:30,PT5M
17,-77,0,0,0,0,1014.8,129,3.1,134,CLEAR,21.1,7.2,2025-08-04T04:05:00+09:30,PT5M
17,-77,8.2,0,0,0,1014.8,128,3.1,133,MOSTLY CLEAR,21.3,7.2,2025-08-04T04:10:00+09:30,PT5M
17,-77,8.2,0,0,0,1014.8,128,3.1,132,MOSTLY CLEAR,21.5,7.3,2025-08-04T04:15:00+09:30,PT5M
17,-77,8.2,0,0,0,1014.8,127,3.1,130,MOSTLY CLEAR,21.7,7.3,2025-08-04T04:20:00+09:30,PT5M
17,-77,8.2,0,0,0,1014.8,126,3.1,129,MOSTLY CLEAR,21.9,7.4,2025-08-04T04:25:00+09:30,PT5M
17,-77,0,0,0,0,1014.8,125,3.2,128,CLEAR,22.1,7.4,2025-08-04T04:30:00+09:30,PT5M
17,-77,0,0,0,0,1014.8,124,3.2,127,CLEAR,22.3,7.4,2025-08-04T04:35:00+09:30,PT5M
17,-77,0,0,0,0,1014.8,124,3.2,126,CLEAR,22.5,7.4,2025-08-04T04:40:00+09:30,PT5M
17,-77,8.2,0,0,0,1014.8,124,3.2,125,MOSTLY CLEAR,22.7,7.5,2025-08-04T04:45:00+09:30,PT5M
17,-77,8.2,0,0,0,1014.8,123,3.3,123,MOSTLY CLEAR,22.9,7.5,2025-08-04T04:50:00+09:30,PT5M
17,-77,8.2,0,0,0,1014.7,123,3.3,122,MOSTLY CLEAR,23.1,7.6,2025-08-04T04:55:00+09:30,PT5M
17,-77,8.2,0,0,0,1014.7,122,3.4,121,MOSTLY CLEAR,23.3,7.6,2025-08-04T05:00:00+09:30,PT5M
17,-76,10.1,0,0,0,1014.7,122,3.4,120,PARTLY CLOUDY,23.5,7.6,2025-08-04T05:05:00+09:30,PT5M
17,-76,10.1,0,0,0,1014.7,122,3.4,119,PARTLY CLOUDY,23.7,7.7,2025-08-04T05:10:00+09:30,PT5M
17,-76,10.1,0,0,0,1014.7,121,3.5,117,PARTLY CLOUDY,23.9,7.7,2025-08-04T05:15:00+09:30,PT5M
17,-76,10.1,0,0,0,1014.7,121,3.5,116,PARTLY CLOUDY,24.1,7.7,2025-08-04T05:20:00+09:30,PT5M
17,-76,10.1,0,0,0,1014.7,121,3.5,115,PARTLY CLOUDY,24.3,7.8,2025-08-04T05:25:00+09:30,PT5M
17,-76,8.2,0,0,0,1014.7,120,3.6,114,MOSTLY CLEAR,24.5,7.8,2025-08-04T05:30:00+09:30,PT5M
17,-76,8.2,0,0,0,1014.7,120,3.6,113,MOSTLY CLEAR,24.8,7.9,2025-08-04T05:35:00+09:30,PT5M
17,-76,8.2,0,0,0,1014.7,120,3.6,111,MOSTLY CLEAR,25,7.9,2025-08-04T05:40:00+09:30,PT5M
17,-75,8.2,0,0,0,1014.8,120,3.6,110,MOSTLY CLEAR,25.2,8,2025-08-04T05:45:00+09:30,PT5M
17,-75,8.2,0,0,0,1014.8,120,3.6,109,MOSTLY CLEAR,25.4,8,2025-08-04T05:50:00+09:30,PT5M
17,-75,8.2,0,0,0,1014.9,119,3.6,108,MOSTLY CLEAR,25.6,8,2025-08-04T05:55:00+09:30,PT5M
17,-75,8.2,0,0,0,1014.9,119,3.6,107,MOSTLY CLEAR,25.8,8.1,2025-08-04T06:00:00+09:30,PT5M
17,-75,10.1,0,0,0,1015,119,3.6,106,PARTLY CLOUDY,26,8.1,2025-08-04T06:05:00+09:30,PT5M
17,-75,10.1,0,0,0,1015,119,3.6,104,PARTLY CLOUDY,26.3,8.2,2025-08-04T06:10:00+09:30,PT5M
17,-74,8.2,0,0,0,1015,119,3.6,103,MOSTLY CLEAR,26.5,8.2,2025-08-04T06:15:00+09:30,PT5M
17,-74,10.1,0,0,0,1015.1,118,3.6,102,PARTLY CLOUDY,26.7,8.2,2025-08-04T06:20:00+09:30,PT5M
16,-74,10.1,0,0,0,1015.1,118,3.6,101,PARTLY CLOUDY,27,8.3,2025-08-04T06:25:00+09:30,PT5M
16,-74,0,0,0,0,1015.2,118,3.6,100,CLEAR,27.2,8.3,2025-08-04T06:30:00+09:30,PT5M
16,-74,8.2,0,0,0,1015.2,118,3.6,99,MOSTLY CLEAR,27.5,8.4,2025-08-04T06:35:00+09:30,PT5M
16,-73,8.2,0,0,0,1015.3,119,3.6,97,MOSTLY CLEAR,27.7,8.4,2025-08-04T06:40:00+09:30,PT5M
16,-73,8.2,0,0,0,1015.3,119,3.6,96,MOSTLY CLEAR,28,8.5,2025-08-04T06:45:00+09:30,PT5M
17,-73,8.2,0,0,0,1015.4,119,3.6,95,MOSTLY CLEAR,28.2,8.5,2025-08-04T06:50:00+09:30,PT5M
17,-73,0,0,0,0,1015.4,120,3.6,94,CLEAR,28.4,8.5,2025-08-04T06:55:00+09:30,PT5M
17,-72,0,0,0,0,1015.5,120,3.7,93,CLEAR,28.7,8.6,2025-08-04T07:00:00+09:30,PT5M
17,-72,0,0,0,0,1015.5,121,3.7,92,CLEAR,28.9,8.6,2025-08-04T07:05:00+09:30,PT5M
17,-72,0,0,0,0,1015.6,121,3.7,90,CLEAR,29.2,8.7,2025-08-04T07:10:00+09:30,PT5M
17,-72,0,5,5,0,1015.6,121,3.7,89,SUNNY,29.5,8.7,2025-08-04T07:15:00+09:30,PT5M
17,-71,0,15,17,0,1015.7,122,3.7,88,SUNNY,29.8,8.7,2025-08-04T07:20:00+09:30,PT5M
17,-71,0,27,32,0,1015.7,122,3.7,87,SUNNY,30.1,8.8,2025-08-04T07:25:00+09:30,PT5M
17,-71,0,40,53,0,1015.8,123,3.7,86,SUNNY,30.4,8.8,2025-08-04T07:30:00+09:30,PT5M
17,-70,0,54,76,0,1015.8,123,3.7,85,SUNNY,30.6,8.9,2025-08-04T07:35:00+09:30,PT5M
17,-70,0,70,96,0,1015.9,123,3.7,83,SUNNY,30.9,8.9,2025-08-04T07:40:00+09:30,PT5M
18,-70,0,86,116,0,1015.9,123,3.7,82,SUNNY,31.2,9,2025-08-04T07:45:00+09:30,PT5M
18,-70,0,103,136,0,1016,123,3.7,81,SUNNY,31.5,9,2025-08-04T07:50:00+09:30,PT5M
18,-69,0,121,157,0,1016.1,123,3.7,80,SUNNY,31.8,9,2025-08-04T07:55:00+09:30,PT5M
19,-69,0,139,177,0,1016.1,123,3.7,79,SUNNY,32.1,9.1,2025-08-04T08:00:00+09:30,PT5M
19,-68,0,157,198,0,1016.2,124,3.7,78,SUNNY,32.3,9.1,2025-08-04T08:05:00+09:30,PT5M
20,-68,0,175,218,0,1016.2,124,3.7,77,SUNNY,32.6,9.2,2025-08-04T08:10:00+09:30,PT5M
20,-68,0,194,239,0,1016.3,124,3.7,75,SUNNY,32.9,9.2,2025-08-04T08:15:00+09:30,PT5M
20,-67,0,213,260,0,1016.3,124,3.7,74,SUNNY,33.2,9.3,2025-08-04T08:20:00+09:30,PT5M
21,-67,0,231,280,0,1016.4,124,3.7,73,SUNNY,33.4,9.4,2025-08-04T08:25:00+09:30,PT5M
21,-66,0,250,301,0,1016.5,124,3.7,72,SUNNY,33.7,9.4,2025-08-04T08:30:00+09:30,PT5M
21,-66,0,269,321,0,1016.5,124,3.7,71,SUNNY,34,9.5,2025-08-04T08:35:00+09:30,PT5M
22,-66,0,288,341,0,1016.5,123,3.7,70,SUNNY,34.3,9.5,2025-08-04T08:40:00+09:30,PT5M
22,-65,0,306,362,0,1016.6,123,3.7,69,SUNNY,34.5,9.6,2025-08-04T08:45:00+09:30,PT5M
22,-65,0,325,382,0,1016.6,122,3.7,68,SUNNY,34.8,9.7,2025-08-04T08:50:00+09:30,PT5M
22,-64,0,344,401,0,1016.6,122,3.7,67,SUNNY,35.1,9.7,2025-08-04T08:55:00+09:30,PT5M
22,-64,0,362,421,0,1016.7,121,3.7,65,SUNNY,35.4,9.8,2025-08-04T09:00:00+09:30,PT5M
22,-63,0,380,440,0,1016.7,120,3.7,64,SUNNY,35.5,9.8,2025-08-04T09:05:00+09:30,PT5M
23,-63,0,398,459,0,1016.7,120,3.7,63,SUNNY,35.6,9.9,2025-08-04T09:10:00+09:30,PT5M
23,-62,0,416,478,0,1016.8,119,3.7,62,SUNNY,35.7,9.9,2025-08-04T09:15:00+09:30,PT5M
23,-61,0,433,496,0,1016.8,119,3.7,61,SUNNY,35.8,10,2025-08-04T09:20:00+09:30,PT5M
23,-61,0,451,515,0,1016.8,118,3.7,60,SUNNY,35.9,10.1,2025-08-04T09:25:00+09:30,PT5M
23,-60,0,468,533,0,1016.9,118,3.7,59,SUNNY,36,10.1,2025-08-04T09:30:00+09:30,PT5M
23,-60,0,485,551,0,1016.9,117,3.7,58,SUNNY,36,10.2,2025-08-04T09:35:00+09:30,PT5M
24,-59,0,502,568,0,1016.9,116,3.7,57,SUNNY,36.1,10.2,2025-08-04T09:40:00+09:30,PT5M
24,-58,0,518,585,0,1016.9,116,3.7,56,SUNNY,36.2,10.3,2025-08-04T09:45:00+09:30,PT5M
24,-58,0,534,602,0,1016.9,115,3.6,55,SUNNY,36.3,10.4,2025-08-04T09:50:00+09:30,PT5M
24,-57,0,550,618,0,1016.9,115,3.6,54,SUNNY,36.4,10.4,2025-08-04T09:55:00+09:30,PT5M
24,-56,0,565,635,0,1016.9,114,3.6,53,SUNNY,36.5,10.5,2025-08-04T10:00:00+09:30,PT5M
25,-55,0,580,650,0,1016.9,113,3.6,52,SUNNY,36.4,10.5,2025-08-04T10:05:00+09:30,PT5M
25,-54,0,595,666,0,1016.9,113,3.6,51,SUNNY,36.3,10.5,2025-08-04T10:10:00+09:30,PT5M
25,-53,0,610,681,0,1016.9,112,3.6,50,SUNNY,36.2,10.5,2025-08-04T10:15:00+09:30,PT5M
25,-53,0,624,696,0,1016.9,112,3.5,49,SUNNY,36.1,10.5,2025-08-04T10:20:00+09:30,PT5M
26,-52,0,638,711,0,1016.9,111,3.5,48,SUNNY,36,10.5,2025-08-04T10:25:00+09:30,PT5M
26,-51,0,652,725,0,1016.9,110,3.5,47,SUNNY,35.9,10.5,2025-08-04T10:30:00+09:30,PT5M
26,-50,0,665,739,0,1016.9,110,3.5,46,SUNNY,35.8,10.5,2025-08-04T10:35:00+09:30,PT5M
26,-49,0,678,752,0,1016.8,109,3.4,45,SUNNY,35.7,10.5,2025-08-04T10:40:00+09:30,PT5M
26,-48,0,690,765,0,1016.7,108,3.4,44,SUNNY,35.6,10.5,2025-08-04T10:45:00+09:30,PT5M
27,-46,0,702,777,0,1016.6,107,3.4,43,SUNNY,35.5,10.5,2025-08-04T10:50:00+09:30,PT5M
27,-45,0,714,789,0,1016.6,106,3.3,42,SUNNY,35.4,10.5,2025-08-04T10:55:00+09:30,PT5M
27,-44,0,725,801,0,1016.5,106,3.3,41,SUNNY,35.3,10.5,2025-08-04T11:00:00+09:30,PT5M
27,-43,0,736,812,0,1016.4,105,3.2,41,SUNNY,35.1,10.5,2025-08-04T11:05:00+09:30,PT5M
27,-41,0,746,823,0,1016.3,104,3.2,40,SUNNY,35,10.5,2025-08-04T11:10:00+09:30,PT5M
28,-40,0,756,833,0,1016.3,103,3.2,39,SUNNY,34.9,10.5,2025-08-04T11:15:00+09:30,PT5M
28,-38,0,765,843,0,1016.2,102,3.1,38,SUNNY,34.8,10.5,2025-08-04T11:20:00+09:30,PT5M
28,-37,0,774,853,0,1016.1,101,3.1,38,SUNNY,34.7,10.5,2025-08-04T11:25:00+09:30,PT5M
28,-35,0,783,861,0,1016,100,3.1,37,SUNNY,34.6,10.5,2025-08-04T11:30:00+09:30,PT5M
28,-34,0,791,870,0,1016,99,3,36,SUNNY,34.4,10.4,2025-08-04T11:35:00+09:30,PT5M
28,-32,0,799,878,0,1015.9,98,3,35,SUNNY,34.3,10.4,2025-08-04T11:40:00+09:30,PT5M
28,-30,0,806,885,0,1015.9,97,2.9,35,SUNNY,34.2,10.4,2025-08-04T11:45:00+09:30,PT5M
28,-28,0,812,892,0,1015.8,96,2.9,34,SUNNY,34.1,10.4,2025-08-04T11:50:00+09:30,PT5M
29,-27,0,819,899,0,1015.8,96,2.9,34,SUNNY,34,10.4,2025-08-04T11:55:00+09:30,PT5M
29,-25,0,824,905,0,1015.8,95,2.8,33,SUNNY,33.9,10.4,2025-08-04T12:00:00+09:30,PT5M
29,-23,0,830,910,0,1015.7,94,2.8,33,SUNNY,33.7,10.4,2025-08-04T12:05:00+09:30,PT5M
29,-21,0,834,915,0,1015.7,93,2.8,32,SUNNY,33.5,10.4,2025-08-04T12:10:00+09:30,PT5M
29,-19,0,839,919,0,1015.6,92,2.7,32,SUNNY,33.4,10.4,2025-08-04T12:15:00+09:30,PT5M
29,-16,0,842,923,0,1015.6,91,2.7,31,SUNNY,33.2,10.3,2025-08-04T12:20:00+09:30,PT5M
29,-14,0,846,927,0,1015.6,89,2.7,31,SUNNY,33,10.3,2025-08-04T12:25:00+09:30,PT5M
29,-12,0,848,929,0,1015.5,88,2.6,31,SUNNY,32.8,10.3,2025-08-04T12:30:00+09:30,PT5M
29,-10,0,851,932,0,1015.4,87,2.6,31,SUNNY,32.7,10.3,2025-08-04T12:35:00+09:30,PT5M
29,-7,0,852,934,0,1015.3,87,2.6,30,SUNNY,32.5,10.3,2025-08-04T12:40:00+09:30,PT5M
29,-5,0,854,935,0,1015.2,86,2.5,30,SUNNY,32.3,10.3,2025-08-04T12:45:00+09:30,PT5M
29,-3,0,855,936,0,1015.1,85,2.5,30,SUNNY,32.1,10.2,2025-08-04T12:50:00+09:30,PT5M
29,0,0,855,936,0,1015,84,2.5,30,SUNNY,32,10.2,2025-08-04T12:55:00+09:30,PT5M
30,2,0,855,936,0,1014.9,83,2.5,30,SUNNY,31.8,10.2,2025-08-04T13:00:00+09:30,PT5M
30,5,0,854,935,0,1014.8,83,2.5,30,SUNNY,31.6,10.2,2025-08-04T13:05:00+09:30,PT5M
30,7,0,853,934,0,1014.7,82,2.4,30,SUNNY,31.4,10.2,2025-08-04T13:10:00+09:30,PT5M
30,9,0,851,932,0,1014.6,81,2.4,31,SUNNY,31.1,10.2,2025-08-04T13:15:00+09:30,PT5M
30,12,0,849,930,0,1014.5,80,2.4,31,SUNNY,30.9,10.2,2025-08-04T13:20:00+09:30,PT5M
30,14,0,846,927,0,1014.3,79,2.4,31,SUNNY,30.6,10.2,2025-08-04T13:25:00+09:30,PT5M
30,16,0,843,924,0,1014.2,78,2.4,31,SUNNY,30.4,10.2,2025-08-04T13:30:00+09:30,PT5M
30,18,0,839,920,0,1014.2,77,2.3,32,SUNNY,30.2,10.1,2025-08-04T13:35:00+09:30,PT5M
30,20,0,835,916,0,1014.1,77,2.3,32,SUNNY,30,10.1,2025-08-04T13:40:00+09:30,PT5M
30,22,0,830,911,0,1014,76,2.3,33,SUNNY,29.7,10.1,2025-08-04T13:45:00+09:30,PT5M
30,24,0,825,905,0,1014,76,2.3,33,SUNNY,29.5,10.1,2025-08-04T13:50:00+09:30,PT5M
30,26,0,820,900,0,1013.9,75,2.2,34,SUNNY,29.2,10.1,2025-08-04T13:55:00+09:30,PT5M
30,28,0,813,893,0,1013.8,74,2.2,34,SUNNY,29,10.1,2025-08-04T14:00:00+09:30,PT5M
31,30,0,807,886,0,1013.8,74,2.2,35,SUNNY,28.8,10.1,2025-08-04T14:05:00+09:30,PT5M
31,32,0,800,879,0,1013.7,73,2.1,35,SUNNY,28.6,10.1,2025-08-04T14:10:00+09:30,PT5M
31,34,0,792,871,0,1013.6,72,2.1,36,SUNNY,28.3,10.1,2025-08-04T14:15:00+09:30,PT5M
31,35,0,784,863,0,1013.6,72,2.1,37,SUNNY,28.1,10.1,2025-08-04T14:20:00+09:30,PT5M
31,37,0,776,854,0,1013.5,71,2.1,37,SUNNY,27.8,10.1,2025-08-04T14:25:00+09:30,PT5M
31,38,0,767,845,0,1013.4,70,2,38,SUNNY,27.6,10.1,2025-08-04T14:30:00+09:30,PT5M
31,40,0,757,835,0,1013.4,70,2,39,SUNNY,27.4,10,2025-08-04T14:35:00+09:30,PT5M
31,41,0,748,825,0,1013.3,69,2,40,SUNNY,27.2,10,2025-08-04T14:40:00+09:30,PT5M
31,42,0,737,814,0,1013.3,69,2,40,SUNNY,26.9,10,2025-08-04T14:45:00+09:30,PT5M
31,44,0,727,803,0,1013.2,68,2,41,SUNNY,26.7,10,2025-08-04T14:50:00+09:30,PT5M
31,45,0,716,791,0,1013.2,68,2,42,SUNNY,26.4,10,2025-08-04T14:55:00+09:30,PT5M
31,46,0,704,779,0,1013.1,68,2,43,SUNNY,26.2,10,2025-08-04T15:00:00+09:30,PT5M
31,47,0,692,767,0,1013.1,67,1.9,44,SUNNY,26,10,2025-08-04T15:05:00+09:30,PT5M
31,48,0,680,754,0,1013,67,1.9,45,SUNNY,25.9,9.9,2025-08-04T15:10:00+09:30,PT5M
31,50,0,667,741,0,1013,66,1.9,46,SUNNY,25.8,9.9,2025-08-04T15:15:00+09:30,PT5M
31,51,0,654,727,0,1012.9,66,1.9,47,SUNNY,25.7,9.9,2025-08-04T15:20:00+09:30,PT5M
31,52,0,640,713,0,1012.9,65,1.9,48,SUNNY,25.6,9.8,2025-08-04T15:25:00+09:30,PT5M
31,52,0,627,699,0,1012.8,65,1.9,49,SUNNY,25.5,9.8,2025-08-04T15:30:00+09:30,PT5M
31,53,0,612,684,0,1012.8,65,1.9,50,SUNNY,25.4,9.7,2025-08-04T15:35:00+09:30,PT5M
31,54,0,598,669,0,1012.8,64,1.9,51,SUNNY,25.3,9.7,2025-08-04T15:40:00+09:30,PT5M
31,55,0,583,653,0,1012.8,64,1.9,52,SUNNY,25.2,9.6,2025-08-04T15:45:00+09:30,PT5M
31,56,0,568,637,0,1012.8,63,1.8,53,SUNNY,25.1,9.6,2025-08-04T15:50:00+09:30,PT5M
31,57,0,552,621,0,1012.7,63,1.8,54,SUNNY,25,9.6,2025-08-04T15:55:00+09:30,PT5M
31,57,0,536,604,0,1012.7,62,1.8,55,SUNNY,24.9,9.5,2025-08-04T16:00:00+09:30,PT5M
31,58,0,520,587,0,1012.7,62,1.8,56,SUNNY,24.8,9.5,2025-08-04T16:05:00+09:30,PT5M
31,59,0,504,570,0,1012.7,61,1.8,57,SUNNY,24.8,9.5,2025-08-04T16:10:00+09:30,PT5M
31,60,0,487,552,0,1012.7,61,1.8,58,SUNNY,24.8,9.5,2025-08-04T16:15:00+09:30,PT5M
31,60,0,470,535,0,1012.7,60,1.8,59,SUNNY,24.9,9.5,2025-08-04T16:20:00+09:30,PT5M
31,61,0,453,516,0,1012.7,60,1.8,60,SUNNY,24.9,9.5,2025-08-04T16:25:00+09:30,PT5M
31,61,0,435,498,0,1012.7,59,1.8,61,SUNNY,24.9,9.5,2025-08-04T16:30:00+09:30,PT5M
31,62,0,418,479,0,1012.7,59,1.7,62,SUNNY,24.9,9.4,2025-08-04T16:35:00+09:30,PT5M
31,63,0,400,460,0,1012.7,59,1.7,63,SUNNY,24.9,9.4,2025-08-04T16:40:00+09:30,PT5M
30,63,0,382,441,0,1012.7,59,1.7,64,SUNNY,24.9,9.4,2025-08-04T16:45:00+09:30,PT5M
30,64,0,364,422,0,1012.8,59,1.7,65,SUNNY,25,9.4,2025-08-04T16:50:00+09:30,PT5M
30,64,0,345,402,0,1012.8,58,1.7,66,SUNNY,25,9.4,2025-08-04T16:55:00+09:30,PT5M
30,65,0,327,383,0,1012.8,58,1.7,67,SUNNY,25,9.4,2025-08-04T17:00:00+09:30,PT5M
30,65,0,308,363,0,1012.8,58,1.7,69,SUNNY,25,9.4,2025-08-04T17:05:00+09:30,PT5M
30,66,0,289,343,0,1012.9,58,1.7,70,SUNNY,25,9.4,2025-08-04T17:10:00+09:30,PT5M
30,66,0,271,322,0,1012.9,58,1.7,71,SUNNY,25,9.4,2025-08-04T17:15:00+09:30,PT5M
30,67,0,252,302,0,1012.9,58,1.7,72,SUNNY,25,9.5,2025-08-04T17:20:00+09:30,PT5M
30,67,0,233,282,0,1012.9,57,1.7,73,SUNNY,25,9.5,2025-08-04T17:25:00+09:30,PT5M
30,67,0,214,261,0,1013,57,1.7,74,SUNNY,25,9.5,2025-08-04T17:30:00+09:30,PT5M
30,68,0,196,240,0,1013,57,1.7,75,SUNNY,25.1,9.5,2025-08-04T17:35:00+09:30,PT5M
30,68,0,177,220,0,1013,57,1.6,76,SUNNY,25.1,9.5,2025-08-04T17:40:00+09:30,PT5M
29,68,0,159,199,0,1013.1,56,1.6,78,SUNNY,25.1,9.5,2025-08-04T17:45:00+09:30,PT5M
29,69,0,141,179,0,1013.1,56,1.6,79,SUNNY,25.1,9.6,2025-08-04T17:50:00+09:30,PT5M
29,69,0,123,158,0,1013.2,56,1.6,80,SUNNY,25.1,9.6,2025-08-04T17:55:00+09:30,PT5M
29,70,0,105,138,0,1013.2,55,1.6,81,SUNNY,25.1,9.6,2025-08-04T18:00:00+09:30,PT5M
29,70,0,88,118,0,1013.3,55,1.6,82,SUNNY,25.1,9.6,2025-08-04T18:05:00+09:30,PT5M
29,70,0,72,98,0,1013.3,55,1.6,83,SUNNY,25.2,9.7,2025-08-04T18:10:00+09:30,PT5M
29,71,0,57,79,0,1013.3,54,1.5,84,SUNNY,25.3,9.7,2025-08-04T18:15:00+09:30,PT5M
29,71,0,42,57,0,1013.4,54,1.5,86,SUNNY,25.4,9.8,2025-08-04T18:20:00+09:30,PT5M
29,71,0,29,36,0,1013.4,54,1.5,87,SUNNY,25.4,9.8,2025-08-04T18:25:00+09:30,PT5M
29,71,8.2,15,16,0,1013.5,53,1.5,88,MOSTLY SUNNY,25.5,9.9,2025-08-04T18:30:00+09:30,PT5M
29,72,0,7,7,0,1013.5,52,1.5,89,SUNNY,25.6,9.9,2025-08-04T18:35:00+09:30,PT5M
28,72,0,0,0,0,1013.6,51,1.5,90,CLEAR,25.7,10,2025-08-04T18:40:00+09:30,PT5M
28,72,0,0,0,0,1013.6,49,1.4,91,CLEAR,25.7,10,2025-08-04T18:45:00+09:30,PT5M
28,73,8.2,0,0,0,1013.7,48,1.4,92,MOSTLY CLEAR,25.8,10.1,2025-08-04T18:50:00+09:30,PT5M
28,73,0,0,0,0,1013.7,46,1.4,94,CLEAR,25.9,10.1,2025-08-04T18:55:00+09:30,PT5M
27,73,0,0,0,0,1013.8,44,1.4,95,CLEAR,26,10.2,2025-08-04T19:00:00+09:30,PT5M
27,73,8.2,0,0,0,1013.9,43,1.4,96,MOSTLY CLEAR,26.1,10.2,2025-08-04T19:05:00+09:30,PT5M
27,73,8.2,0,0,0,1013.9,41,1.4,97,MOSTLY CLEAR,26.2,10.3,2025-08-04T19:10:00+09:30,PT5M
27,74,8.2,0,0,0,1014,39,1.3,98,MOSTLY CLEAR,26.4,10.3,2025-08-04T19:15:00+09:30,PT5M
26,74,8.2,0,0,0,1014,37,1.3,99,MOSTLY CLEAR,26.6,10.3,2025-08-04T19:20:00+09:30,PT5M
26,74,0,0,0,0,1014.1,35,1.3,101,CLEAR,26.7,10.4,2025-08-04T19:25:00+09:30,PT5M
26,74,0,0,0,0,1014.2,33,1.3,102,CLEAR,26.9,10.4,2025-08-04T19:30:00+09:30,PT5M
26,75,0,0,0,0,1014.2,32,1.3,103,CLEAR,27,10.4,2025-08-04T19:35:00+09:30,PT5M
25,75,0,0,0,0,1014.3,31,1.3,104,CLEAR,27.2,10.5,2025-08-04T19:40:00+09:30,PT5M
25,75,8.2,0,0,0,1014.4,31,1.3,105,MOSTLY CLEAR,27.3,10.5,2025-08-04T19:45:00+09:30,PT5M
25,75,10.1,0,0,0,1014.4,30,1.3,107,PARTLY CLOUDY,27.5,10.5,2025-08-04T19:50:00+09:30,PT5M
25,75,8.2,0,0,0,1014.5,29,1.3,108,MOSTLY CLEAR,27.7,10.6,2025-08-04T19:55:00+09:30,PT5M
25,75,8.2,0,0,0,1014.6,29,1.4,109,MOSTLY CLEAR,27.8,10.6,2025-08-04T20:00:00+09:30,PT5M
24,76,0,0,0,0,1014.6,28,1.4,110,CLEAR,28,10.6,2025-08-04T20:05:00+09:30,PT5M
24,76,0,0,0,0,1014.7,27,1.4,111,CLEAR,28.1,10.6,2025-08-04T20:10:00+09:30,PT5M
24,76,0,0,0,0,1014.8,27,1.4,112,CLEAR,28.3,10.7,2025-08-04T20:15:00+09:30,PT5M
24,76,0,0,0,0,1014.8,26,1.4,114,CLEAR,28.4,10.7,2025-08-04T20:20:00+09:30,PT5M
24,76,8.2,0,0,0,1014.9,26,1.4,115,MOSTLY CLEAR,28.5,10.7,2025-08-04T20:25:00+09:30,PT5M
23,76,8.2,0,0,0,1015,25,1.4,116,MOSTLY CLEAR,28.7,10.7,2025-08-04T20:30:00+09:30,PT5M
23,76,8.2,0,0,0,1015,25,1.4,117,MOSTLY CLEAR,28.8,10.8,2025-08-04T20:35:00+09:30,PT5M
23,77,8.2,0,0,0,1015,25,1.4,118,MOSTLY CLEAR,29,10.8,2025-08-04T20:40:00+09:30,PT5M
23,77,8.2,0,0,0,1015.1,25,1.3,120,MOSTLY CLEAR,29.1,10.8,2025-08-04T20:45:00+09:30,PT5M
23,77,8.2,0,0,0,1015.1,25,1.3,121,MOSTLY CLEAR,29.2,10.8,2025-08-04T20:50:00+09:30,PT5M
23,77,8.2,0,0,0,1015.1,25,1.2,122,MOSTLY CLEAR,29.4,10.9,2025-08-04T20:55:00+09:30,PT5M
23,77,10.1,0,0,0,1015.2,25,1.2,123,PARTLY CLOUDY,29.5,10.9,2025-08-04T21:00:00+09:30,PT5M
23,77,10.1,0,0,0,1015.2,26,1.1,124,PARTLY CLOUDY,29.6,10.9,2025-08-04T21:05:00+09:30,PT5M
23,77,10.1,0,0,0,1015.2,26,1.1,126,PARTLY CLOUDY,29.6,10.9,2025-08-04T21:10:00+09:30,PT5M
23,77,10.1,0,0,0,1015.3,26,1.1,127,PARTLY CLOUDY,29.7,10.9,2025-08-04T21:15:00+09:30,PT5M
23,77,8.2,0,0,0,1015.3,26,1,128,MOSTLY CLEAR,29.7,11,2025-08-04T21:20:00+09:30,PT5M
23,77,0,0,0,0,1015.3,26,1,129,CLEAR,29.7,11,2025-08-04T21:25:00+09:30,PT5M
23,77,0,0,0,0,1015.4,26,0.9,130,CLEAR,29.7,11,2025-08-04T21:30:00+09:30,PT5M
23,77,0,0,0,0,1015.4,27,0.8,131,CLEAR,29.8,11,2025-08-04T21:35:00+09:30,PT5M
22,77,8.2,0,0,0,1015.4,27,0.7,133,MOSTLY CLEAR,29.8,11,2025-08-04T21:40:00+09:30,PT5M
22,77,8.2,0,0,0,1015.5,27,0.6,134,MOSTLY CLEAR,29.8,11,2025-08-04T21:45:00+09:30,PT5M
22,77,8.2,0,0,0,1015.5,27,0.4,135,MOSTLY CLEAR,29.8,11.1,2025-08-04T21:50:00+09:30,PT5M
22,77,8.2,0,0,0,1015.5,27,0.3,136,MOSTLY CLEAR,29.9,11.1,2025-08-04T21:55:00+09:30,PT5M
22,77,8.2,0,0,0,1015.5,27,0.2,137,MOSTLY CLEAR,29.9,11.1,2025-08-04T22:00:00+09:30,PT5M
22,77,8.2,0,0,0,1015.6,27,0,139,MOSTLY CLEAR,29.8,11.1,2025-08-04T22:05:00+09:30,PT5M
21,77,0,0,0,0,1015.6,207,0.1,140,CLEAR,29.7,11.1,2025-08-04T22:10:00+09:30,PT5M
21,77,0,0,0,0,1015.6,207,0.2,141,CLEAR,29.6,11.1,2025-08-04T22:15:00+09:30,PT5M
21,77,8.2,0,0,0,1015.6,207,0.3,142,MOSTLY CLEAR,29.5,11.1,2025-08-04T22:20:00+09:30,PT5M
21,77,8.2,0,0,0,1015.7,207,0.5,143,MOSTLY CLEAR,29.4,11.1,2025-08-04T22:25:00+09:30,PT5M
21,77,0,0,0,0,1015.7,207,0.6,145,CLEAR,29.3,11.1,2025-08-04T22:30:00+09:30,PT5M
21,77,0,0,0,0,1015.7,206,0.7,146,CLEAR,29.2,11.2,2025-08-04T22:35:00+09:30,PT5M
20,77,0,0,0,0,1015.6,206,0.7,147,CLEAR,29.1,11.2,2025-08-04T22:40:00+09:30,PT5M
20,77,0,0,0,0,1015.6,205,0.8,148,CLEAR,29,11.2,2025-08-04T22:45:00+09:30,PT5M
20,76,0,0,0,0,1015.6,205,0.9,149,CLEAR,28.9,11.2,2025-08-04T22:50:00+09:30,PT5M
20,76,0,0,0,0,1015.5,204,0.9,151,CLEAR,28.8,11.2,2025-08-04T22:55:00+09:30,PT5M
20,76,0,0,0,0,1015.5,204,1,152,CLEAR,28.7,11.2,2025-08-04T23:00:00+09:30,PT5M
20,76,0,0,0,0,1015.5,204,1,153,CLEAR,28.6,11.2,2025-08-04T23:05:00+09:30,PT5M
20,75,0,0,0,0,1015.4,204,1.1,154,CLEAR,28.4,11.2,2025-08-04T23:10:00+09:30,PT5M
20,75,0,0,0,0,1015.4,203,1.1,155,CLEAR,28.4,11.2,2025-08-04T23:15:00+09:30,PT5M
20,75,0,0,0,0,1015.4,203,1.2,156,CLEAR,28.2,11.2,2025-08-04T23:20:00+09:30,PT5M
19,74,0,0,0,0,1015.3,203,1.2,158,CLEAR,28.2,11.2,2025-08-04T23:25:00+09:30,PT5M
19,73,0,0,0,0,1015.3,203,1.3,159,CLEAR,28,11.2,2025-08-04T23:30:00+09:30,PT5M
19,73,0,0,0,0,1015.3,202,1.3,160,CLEAR,28,11.1,2025-08-04T23:35:00+09:30,PT5M
19,72,0,0,0,0,1015.3,202,1.4,161,CLEAR,27.8,11.1,2025-08-04T23:40:00+09:30,PT5M
19,71,0,0,0,0,1015.3,202,1.5,162,CLEAR,27.8,11.1,2025-08-04T23:45:00+09:30,PT5M
19,70,8.2,0,0,0,1015.3,202,1.5,163,MOSTLY CLEAR,27.6,11.1,2025-08-04T23:50:00+09:30,PT5M
19,69,8.2,0,0,0,1015.3,201,1.6,165,MOSTLY CLEAR,27.6,11.1,2025-08-04T23:55:00+09:30,PT5M
19,67,8.2,0,0,0,1015.3,201,1.6,166,MOSTLY CLEAR,27.4,11.1,2025-08-05T00:00:00+09:30,PT5M
19,66,8.2,0,0,0,1015.3,201,1.7,167,MOSTLY CLEAR,27.3,11.1,2025-08-05T00:05:00+09:30,PT5M
19,64,8.2,0,0,0,1015.4,201,1.8,168,MOSTLY CLEAR,27.2,11,2025-08-05T00:10:00+09:30,PT5M
19,61,0,0,0,0,1015.4,201,1.8,169,CLEAR,27,11,2025-08-05T00:15:00+09:30,PT5M
19,58,0,0,0,0,1015.4,201,1.9,170,CLEAR,26.9,11,2025-08-05T00:20:00+09:30,PT5M
19,54,0,0,0,0,1015.4,200,1.9,171,CLEAR,26.7,11,2025-08-05T00:25:00+09:30,PT5M
19,50,0,0,0,0,1015.4,200,2,172,CLEAR,26.6,10.9,2025-08-05T00:30:00+09:30,PT5M
19,43,0,0,0,0,1015.4,200,2,173,CLEAR,26.4,10.9,2025-08-05T00:35:00+09:30,PT5M
19,36,0,0,0,0,1015.3,199,2.1,174,CLEAR,26.3,10.8,2025-08-05T00:40:00+09:30,PT5M
19,26,0,0,0,0,1015.3,199,2.1,174,CLEAR,26.1,10.8,2025-08-05T00:45:00+09:30,PT5M
19,14,0,0,0,0,1015.2,198,2.1,175,CLEAR,26,10.8,2025-08-05T00:50:00+09:30,PT5M
19,1,0,0,0,0,1015.2,197,2.1,175,CLEAR,25.8,10.8,2025-08-05T00:55:00+09:30,PT5M
19,-12,0,0,0,0,1015.2,197,2.1,175,CLEAR,25.7,10.7,2025-08-05T01:00:00+09:30,PT5M
19,-24,0,0,0,0,1015.1,196,2.1,174,CLEAR,25.5,10.7,2025-08-05T01:05:00+09:30,PT5M
19,-34,0,0,0,0,1015.1,195,2.2,174,CLEAR,25.3,10.6,2025-08-05T01:10:00+09:30,PT5M
19,-42,0,0,0,0,1015,195,2.2,173,CLEAR,25.1,10.6,2025-08-05T01:15:00+09:30,PT5M
19,-49,0,0,0,0,1015,194,2.2,172,CLEAR,25,10.5,2025-08-05T01:20:00+09:30,PT5M
19,-54,0,0,0,0,1015,194,2.2,171,CLEAR,24.8,10.5,2025-08-05T01:25:00+09:30,PT5M
19,-58,0,0,0,0,1014.9,193,2.2,170,CLEAR,24.6,10.4,2025-08-05T01:30:00+09:30,PT5M
19,-61,0,0,0,0,1014.9,192,2.3,169,CLEAR,24.4,10.4,2025-08-05T01:35:00+09:30,PT5M
18,-63,0,0,0,0,1014.9,191,2.3,168,CLEAR,24.2,10.3,2025-08-05T01:40:00+09:30,PT5M
18,-66,0,0,0,0,1014.9,190,2.3,167,CLEAR,24,10.3,2025-08-05T01:45:00+09:30,PT5M
18,-67,0,0,0,0,1014.9,189,2.3,166,CLEAR,23.9,10.2,2025-08-05T01:50:00+09:30,PT5M
18,-69,0,0,0,0,1014.9,188,2.3,165,CLEAR,23.7,10.2,2025-08-05T01:55:00+09:30,PT5M
18,-70,0,0,0,0,1014.8,187,2.3,164,CLEAR,23.5,10.1,2025-08-05T02:00:00+09:30,PT5M
18,-71,0,0,0,0,1014.8,186,2.3,162,CLEAR,23.3,10.1,2025-08-05T02:05:00+09:30,PT5M
18,-72,0,0,0,0,1014.8,185,2.3,161,CLEAR,23.1,10,2025-08-05T02:10:00+09:30,PT5M
18,-73,0,0,0,0,1014.8,184,2.3,160,CLEAR,22.9,9.9,2025-08-05T02:15:00+09:30,PT5M
18,-73,0,0,0,0,1014.8,183,2.4,159,CLEAR,22.8,9.9,2025-08-05T02:20:00+09:30,PT5M
18,-74,0,0,0,0,1014.8,182,2.4,158,CLEAR,22.6,9.8,2025-08-05T02:25:00+09:30,PT5M
18,-75,0,0,0,0,1014.8,180,2.4,157,CLEAR,22.4,9.7,2025-08-05T02:30:00+09:30,PT5M
18,-75,0,0,0,0,1014.8,179,2.4,155,CLEAR,22.2,9.7,2025-08-05T02:35:00+09:30,PT5M
18,-75,0,0,0,0,1014.7,178,2.4,154,CLEAR,22,9.6,2025-08-05T02:40:00+09:30,PT5M
18,-76,0,0,0,0,1014.7,177,2.4,153,CLEAR,21.8,9.5,2025-08-05T02:45:00+09:30,PT5M
18,-76,0,0,0,0,1014.7,176,2.4,152,CLEAR,21.7,9.5,2025-08-05T02:50:00+09:30,PT5M
18,-76,0,0,0,0,1014.6,175,2.4,151,CLEAR,21.5,9.4,2025-08-05T02:55:00+09:30,PT5M
18,-77,0,0,0,0,1014.6,173,2.4,150,CLEAR,21.3,9.3,2025-08-05T03:00:00+09:30,PT5M
17,-77,0,0,0,0,1014.6,172,2.4,148,CLEAR,21.2,9.3,2025-08-05T03:05:00+09:30,PT5M
17,-77,0,0,0,0,1014.5,171,2.4,147,CLEAR,21.1,9.2,2025-08-05T03:10:00+09:30,PT5M
17,-77,0,0,0,0,1014.5,170,2.4,146,CLEAR,21,9.1,2025-08-05T03:15:00+09:30,PT5M
17,-77,8.2,0,0,0,1014.5,168,2.4,145,MOSTLY CLEAR,20.9,9,2025-08-05T03:20:00+09:30,PT5M
17,-77,0,0,0,0,1014.4,167,2.4,144,CLEAR,20.8,9,2025-08-05T03:25:00+09:30,PT5M
17,-77,0,0,0,0,1014.4,166,2.4,142,CLEAR,20.7,8.9,2025-08-05T03:30:00+09:30,PT5M
17,-77,0,0,0,0,1014.4,165,2.4,141,CLEAR,20.7,8.8,2025-08-05T03:35:00+09:30,PT5M
17,-78,0,0,0,0,1014.4,163,2.4,140,CLEAR,20.6,8.7,2025-08-05T03:40:00+09:30,PT5M
17,-78,0,0,0,0,1014.4,162,2.4,139,CLEAR,20.5,8.7,2025-08-05T03:45:00+09:30,PT5M
17,-78,0,0,0,0,1014.4,160,2.4,138,CLEAR,20.4,8.6,2025-08-05T03:50:00+09:30,PT5M
17,-78,0,0,0,0,1014.5,159,2.4,136,CLEAR,20.3,8.5,2025-08-05T03:55:00+09:30,PT5M
17,-78,0,0,0,0,1014.5,157,2.4,135,CLEAR,20.2,8.4,2025-08-05T04:00:00+09:30,PT5M
17,-78,0,0,0,0,1014.5,156,2.4,134,CLEAR,20.2,8.4,2025-08-05T04:05:00+09:30,PT5M
17,-78,0,0,0,0,1014.5,154,2.4,133,CLEAR,20.2,8.3,2025-08-05T04:10:00+09:30,PT5M
17,-78,0,0,0,0,1014.5,153,2.4,132,CLEAR,20.2,8.3,2025-08-05T04:15:00+09:30,PT5M
17,-77,0,0,0,0,1014.5,152,2.4,130,CLEAR,20.3,8.2,2025-08-05T04:20:00+09:30,PT5M
17,-77,0,0,0,0,1014.6,150,2.4,129,CLEAR,20.3,8.2,2025-08-05T04:25:00+09:30,PT5M
17,-77,0,0,0,0,1014.6,149,2.5,128,CLEAR,20.3,8.1,2025-08-05T04:30:00+09:30,PT5M
17,-77,0,0,0,0,1014.6,148,2.5,127,CLEAR,20.3,8.1,2025-08-05T04:35:00+09:30,PT5M
17,-77,0,0,0,0,1014.6,146,2.5,126,CLEAR,20.3,8,2025-08-05T04:40:00+09:30,PT5M
16,-77,0,0,0,0,1014.6,145,2.5,125,CLEAR,20.3,8,2025-08-05T04:45:00+09:30,PT5M
16,-77,0,0,0,0,1014.6,144,2.5,123,CLEAR,20.4,7.9,2025-08-05T04:50:00+09:30,PT5M
16,-77,8.2,0,0,0,1014.5,143,2.5,122,MOSTLY CLEAR,20.4,7.9,2025-08-05T04:55:00+09:30,PT5M
16,-77,8.2,0,0,0,1014.5,142,2.6,121,MOSTLY CLEAR,20.4,7.8,2025-08-05T05:00:00+09:30,PT5M
16,-77,8.2,0,0,0,1014.5,141,2.6,120,MOSTLY CLEAR,20.4,7.8,2025-08-05T05:05:00+09:30,PT5M
16,-77,8.2,0,0,0,1014.5,140,2.6,119,MOSTLY CLEAR,20.4,7.8,2025-08-05T05:10:00+09:30,PT5M
16,-77,8.2,0,0,0,1014.5,139,2.6,117,MOSTLY CLEAR,20.4,7.8,2025-08-05T05:15:00+09:30,PT5M
16,-76,8.2,0,0,0,1014.5,138,2.6,116,MOSTLY CLEAR,20.5,7.7,2025-08-05T05:20:00+09:30,PT5M
16,-76,8.2,0,0,0,1014.5,137,2.7,115,MOSTLY CLEAR,20.5,7.7,2025-08-05T05:25:00+09:30,PT5M
16,-76,8.2,0,0,0,1014.5,136,2.7,114,MOSTLY CLEAR,20.5,7.7,2025-08-05T05:30:00+09:30,PT5M
16,-76,8.2,0,0,0,1014.5,135,2.7,113,MOSTLY CLEAR,20.5,7.7,2025-08-05T05:35:00+09:30,PT5M
16,-76,8.2,0,0,0,1014.6,134,2.7,111,MOSTLY CLEAR,20.5,7.7,2025-08-05T05:40:00+09:30,PT5M
16,-76,0,0,0,0,1014.6,134,2.8,110,CLEAR,20.5,7.7,2025-08-05T05:45:00+09:30,PT5M
16,-76,0,0,0,0,1014.7,134,2.8,109,CLEAR,20.6,7.6,2025-08-05T05:50:00+09:30,PT5M
16,-75,0,0,0,0,1014.7,133,2.8,108,CLEAR,20.6,7.6,2025-08-05T05:55:00+09:30,PT5M
16,-75,0,0,0,0,1014.8,133,2.9,107,CLEAR,20.6,7.6,2025-08-05T06:00:00+09:30,PT5M
16,-75,0,0,0,0,1014.9,133,2.9,106,CLEAR,20.6,7.6,2025-08-05T06:05:00+09:30,PT5M
16,-75,8.2,0,0,0,1014.9,132,2.9,104,MOSTLY CLEAR,20.7,7.6,2025-08-05T06:10:00+09:30,PT5M
16,-75,0,0,0,0,1015,132,2.9,103,CLEAR,20.8,7.7,2025-08-05T06:15:00+09:30,PT5M
16,-74,8.2,0,0,0,1015,132,3,102,MOSTLY CLEAR,20.9,7.7,2025-08-05T06:20:00+09:30,PT5M
16,-74,10.1,0,0,0,1015.1,131,3,101,PARTLY CLOUDY,21,7.7,2025-08-05T06:25:00+09:30,PT5M
16,-74,10.1,0,0,0,1015.2,131,3,100,PARTLY CLOUDY,21.1,7.7,2025-08-05T06:30:00+09:30,PT5M
16,-74,10.1,0,0,0,1015.2,130,3.1,98,PARTLY CLOUDY,21.1,7.8,2025-08-05T06:35:00+09:30,PT5M
16,-74,0,0,0,0,1015.3,129,3.1,97,CLEAR,21.2,7.8,2025-08-05T06:40:00+09:30,PT5M
16,-73,0,0,0,0,1015.3,128,3.1,96,CLEAR,21.3,7.8,2025-08-05T06:45:00+09:30,PT5M
16,-73,8.2,0,0,0,1015.4,127,3.1,95,MOSTLY CLEAR,21.4,7.8,2025-08-05T06:50:00+09:30,PT5M
16,-73,8.2,0,0,0,1015.5,126,3.1,94,MOSTLY CLEAR,21.5,7.9,2025-08-05T06:55:00+09:30,PT5M
16,-73,0,0,0,0,1015.5,125,3.2,93,CLEAR,21.6,7.9,2025-08-05T07:00:00+09:30,PT5M
16,-72,0,0,0,0,1015.6,124,3.2,91,CLEAR,21.7,7.9,2025-08-05T07:05:00+09:30,PT5M
16,-72,0,0,0,0,1015.6,123,3.2,90,CLEAR,21.8,8,2025-08-05T07:10:00+09:30,PT5M
16,-72,0,6,6,0,1015.7,122,3.2,89,SUNNY,22,8,2025-08-05T07:15:00+09:30,PT5M
16,-72,0,16,19,0,1015.7,121,3.2,88,SUNNY,22.1,8,2025-08-05T07:20:00+09:30,PT5M
15,-71,0,28,36,0,1015.8,120,3.3,87,SUNNY,22.3,8.1,2025-08-05T07:25:00+09:30,PT5M
15,-71,0,42,58,0,1015.9,119,3.3,86,SUNNY,22.4,8.1,2025-08-05T07:30:00+09:30,PT5M
16,-71,0,57,81,0,1015.9,119,3.3,85,SUNNY,22.6,8.2,2025-08-05T07:35:00+09:30,PT5M
16,-70,0,72,101,0,1016,118,3.4,83,SUNNY,22.7,8.2,2025-08-05T07:40:00+09:30,PT5M
17,-70,0,89,120,0,1016,118,3.4,82,SUNNY,22.9,8.3,2025-08-05T07:45:00+09:30,PT5M
17,-70,0,106,140,0,1016.1,118,3.4,81,SUNNY,23,8.3,2025-08-05T07:50:00+09:30,PT5M
18,-69,0,123,160,0,1016.2,117,3.4,80,SUNNY,23.2,8.3,2025-08-05T07:55:00+09:30,PT5M
19,-69,0,141,181,0,1016.2,117,3.5,79,SUNNY,23.3,8.4,2025-08-05T08:00:00+09:30,PT5M
19,-69,0,159,201,0,1016.3,116,3.5,78,SUNNY,23.5,8.4,2025-08-05T08:05:00+09:30,PT5M
20,-68,0,178,221,0,1016.3,116,3.5,77,SUNNY,23.6,8.5,2025-08-05T08:10:00+09:30,PT5M
20,-68,0,196,242,0,1016.4,116,3.5,75,SUNNY,23.8,8.5,2025-08-05T08:15:00+09:30,PT5M
21,-68,0,215,262,0,1016.4,115,3.6,74,SUNNY,24,8.6,2025-08-05T08:20:00+09:30,PT5M
21,-67,0,233,282,0,1016.5,115,3.6,73,SUNNY,24.1,8.7,2025-08-05T08:25:00+09:30,PT5M
22,-67,0,252,302,0,1016.6,115,3.6,72,SUNNY,24.3,8.7,2025-08-05T08:30:00+09:30,PT5M
22,-66,0,270,322,0,1016.6,114,3.6,71,SUNNY,24.4,8.8,2025-08-05T08:35:00+09:30,PT5M
23,-66,0,289,342,0,1016.6,113,3.6,70,SUNNY,24.6,8.8,2025-08-05T08:40:00+09:30,PT5M
23,-65,0,307,362,0,1016.7,112,3.6,69,SUNNY,24.7,8.9,2025-08-05T08:45:00+09:30,PT5M
23,-65,0,326,382,0,1016.7,111,3.6,68,SUNNY,24.9,9,2025-08-05T08:50:00+09:30,PT5M
23,-64,0,344,401,0,1016.7,110,3.6,66,SUNNY,25.1,9,2025-08-05T08:55:00+09:30,PT5M
23,-64,0,362,420,0,1016.7,108,3.6,65,SUNNY,25.2,9.1,2025-08-05T09:00:00+09:30,PT5M
24,-63,0,380,439,0,1016.8,107,3.6,64,SUNNY,25.3,9.1,2025-08-05T09:05:00+09:30,PT5M
24,-63,0,398,459,0,1016.8,106,3.6,63,SUNNY,25.3,9,2025-08-05T09:10:00+09:30,PT5M
24,-62,0,416,478,0,1016.8,105,3.6,62,SUNNY,25.3,9,2025-08-05T09:15:00+09:30,PT5M
24,-62,0,434,496,0,1016.8,104,3.6,61,SUNNY,25.3,8.9,2025-08-05T09:20:00+09:30,PT5M
24,-61,0,452,515,0,1016.9,103,3.6,60,SUNNY,25.3,8.9,2025-08-05T09:25:00+09:30,PT5M
25,-60,0,469,533,0,1016.9,102,3.6,59,SUNNY,25.3,8.8,2025-08-05T09:30:00+09:30,PT5M
25,-60,0,486,552,0,1016.9,101,3.6,58,SUNNY,25.3,8.8,2025-08-05T09:35:00+09:30,PT5M
25,-59,0,503,569,0,1016.9,99,3.6,57,SUNNY,25.3,8.7,2025-08-05T09:40:00+09:30,PT5M
25,-58,0,520,587,0,1016.9,98,3.6,56,SUNNY,25.3,8.7,2025-08-05T09:45:00+09:30,PT5M
25,-58,0,536,604,0,1016.9,96,3.6,55,SUNNY,25.3,8.6,2025-08-05T09:50:00+09:30,PT5M
26,-57,0,552,620,0,1016.9,95,3.6,54,SUNNY,25.3,8.6,2025-08-05T09:55:00+09:30,PT5M
26,-56,0,567,637,0,1016.8,93,3.6,53,SUNNY,25.3,8.5,2025-08-05T10:00:00+09:30,PT5M
26,-55,0,583,653,0,1016.8,92,3.7,52,SUNNY,25.2,8.5,2025-08-05T10:05:00+09:30,PT5M
26,-55,0,597,668,0,1016.8,90,3.7,51,SUNNY,25.1,8.4,2025-08-05T10:10:00+09:30,PT5M
27,-54,0,612,683,0,1016.8,89,3.7,50,SUNNY,24.9,8.4,2025-08-05T10:15:00+09:30,PT5M
27,-53,0,626,698,0,1016.8,87,3.7,49,SUNNY,24.8,8.3,2025-08-05T10:20:00+09:30,PT5M
27,-52,0,640,712,0,1016.8,86,3.8,48,SUNNY,24.6,8.2,2025-08-05T10:25:00+09:30,PT5M
27,-51,0,653,726,0,1016.8,85,3.8,47,SUNNY,24.5,8.2,2025-08-05T10:30:00+09:30,PT5M
27,-50,0,666,740,0,1016.8,84,3.8,46,SUNNY,24.3,8.1,2025-08-05T10:35:00+09:30,PT5M
28,-49,0,679,753,0,1016.7,83,3.8,45,SUNNY,24.2,8.1,2025-08-05T10:40:00+09:30,PT5M
28,-48,0,691,766,0,1016.6,82,3.8,44,SUNNY,24,8,2025-08-05T10:45:00+09:30,PT5M
28,-47,0,703,778,0,1016.6,81,3.8,43,SUNNY,23.9,7.9,2025-08-05T10:50:00+09:30,PT5M
28,-45,0,714,790,0,1016.5,80,3.7,42,SUNNY,23.7,7.9,2025-08-05T10:55:00+09:30,PT5M
28,-44,0,725,801,0,1016.4,80,3.7,41,SUNNY,23.6,7.8,2025-08-05T11:00:00+09:30,PT5M
29,-43,0,736,813,0,1016.4,79,3.7,40,SUNNY,23.4,7.8,2025-08-05T11:05:00+09:30,PT5M
29,-42,0,746,823,0,1016.3,78,3.7,40,SUNNY,23.3,7.8,2025-08-05T11:10:00+09:30,PT5M
29,-40,0,756,833,0,1016.2,77,3.7,39,SUNNY,23.1,7.7,2025-08-05T11:15:00+09:30,PT5M
29,-39,0,766,843,0,1016.2,76,3.7,38,SUNNY,23,7.7,2025-08-05T11:20:00+09:30,PT5M
29,-37,0,774,852,0,1016.1,75,3.7,37,SUNNY,22.8,7.7,2025-08-05T11:25:00+09:30,PT5M
29,-36,0,783,861,0,1016,74,3.6,37,SUNNY,22.7,7.7,2025-08-05T11:30:00+09:30,PT5M
30,-34,0,791,869,0,1015.9,74,3.6,36,SUNNY,22.5,7.6,2025-08-05T11:35:00+09:30,PT5M
30,-32,0,799,877,0,1015.9,74,3.6,35,SUNNY,22.4,7.6,2025-08-05T11:40:00+09:30,PT5M
30,-31,0,806,885,0,1015.8,74,3.5,35,SUNNY,22.2,7.6,2025-08-05T11:45:00+09:30,PT5M
30,-29,0,812,892,0,1015.7,74,3.5,34,SUNNY,22.1,7.6,2025-08-05T11:50:00+09:30,PT5M
30,-27,0,819,898,0,1015.6,74,3.4,33,SUNNY,21.9,7.5,2025-08-05T11:55:00+09:30,PT5M
30,-25,0,825,904,0,1015.5,74,3.4,33,SUNNY,21.8,7.5,2025-08-05T12:00:00+09:30,PT5M
30,-23,0,830,910,0,1015.4,74,3.3,32,SUNNY,21.6,7.5,2025-08-05T12:05:00+09:30,PT5M
30,-21,0,835,915,0,1015.4,74,3.2,32,SUNNY,21.5,7.5,2025-08-05T12:10:00+09:30,PT5M
30,-19,0,839,919,0,1015.3,74,3.2,32,SUNNY,21.3,7.5,2025-08-05T12:15:00+09:30,PT5M
30,-16,0,843,923,0,1015.2,74,3.1,31,SUNNY,21.2,7.5,2025-08-05T12:20:00+09:30,PT5M
30,-14,0,846,927,0,1015.1,75,3.1,31,SUNNY,21.1,7.5,2025-08-05T12:25:00+09:30,PT5M
30,-12,0,849,930,0,1015,75,3,31,SUNNY,20.9,7.5,2025-08-05T12:30:00+09:30,PT5M
30,-10,0,851,932,0,1014.9,75,3,30,SUNNY,20.8,7.4,2025-08-05T12:35:00+09:30,PT5M
30,-7,0,853,934,0,1014.8,75,2.9,30,SUNNY,20.6,7.4,2025-08-05T12:40:00+09:30,PT5M
30,-5,0,855,936,0,1014.7,75,2.9,30,SUNNY,20.5,7.4,2025-08-05T12:45:00+09:30,PT5M
30,-3,0,856,936,0,1014.6,75,2.8,30,SUNNY,20.4,7.4,2025-08-05T12:50:00+09:30,PT5M
31,0,0,856,937,0,1014.5,75,2.8,30,SUNNY,20.2,7.4,2025-08-05T12:55:00+09:30,PT5M
31,2,0,856,937,0,1014.4,75,2.7,30,SUNNY,20.1,7.4,2025-08-05T13:00:00+09:30,PT5M
31,5,0,855,936,0,1014.3,75,2.7,30,SUNNY,19.9,7.4,2025-08-05T13:05:00+09:30,PT5M
31,7,0,854,935,0,1014.2,75,2.6,30,SUNNY,19.8,7.4,2025-08-05T13:10:00+09:30,PT5M
31,9,0,853,933,0,1014.1,75,2.6,30,SUNNY,19.6,7.4,2025-08-05T13:15:00+09:30,PT5M
31,12,0,850,931,0,1014,75,2.5,30,SUNNY,19.5,7.4,2025-08-05T13:20:00+09:30,PT5M
31,14,0,848,929,0,1013.9,75,2.5,31,SUNNY,19.4,7.4,2025-08-05T13:25:00+09:30,PT5M
31,16,4.1,810,884,0,1013.8,75,2.4,31,MOSTLY SUNNY,19.2,7.4,2025-08-05T13:30:00+09:30,PT5M
31,18,5.2,797,869,0,1013.7,75,2.4,31,MOSTLY SUNNY,19.1,7.4,2025-08-05T13:35:00+09:30,PT5M
31,21,6.4,783,853,0,1013.7,75,2.3,32,MOSTLY SUNNY,18.9,7.4,2025-08-05T13:40:00+09:30,PT5M
31,23,3.2,805,880,0,1013.6,75,2.3,32,MOSTLY SUNNY,18.8,7.4,2025-08-05T13:45:00+09:30,PT5M
31,25,0,827,907,0,1013.5,75,2.3,33,SUNNY,18.7,7.4,2025-08-05T13:50:00+09:30,PT5M
31,27,0,822,902,0,1013.4,75,2.2,33,SUNNY,18.5,7.4,2025-08-05T13:55:00+09:30,PT5M
31,28,0,816,895,0,1013.4,75,2.2,34,SUNNY,18.4,7.4,2025-08-05T14:00:00+09:30,PT5M
31,30,0,809,889,0,1013.3,75,2.2,34,SUNNY,18.2,7.4,2025-08-05T14:05:00+09:30,PT5M
31,32,0,802,881,0,1013.2,75,2.1,35,SUNNY,18.1,7.4,2025-08-05T14:10:00+09:30,PT5M
31,34,0,795,873,0,1013.1,75,2.1,36,SUNNY,18,7.4,2025-08-05T14:15:00+09:30,PT5M
32,35,0,787,865,0,1013.1,75,2.1,36,SUNNY,17.8,7.4,2025-08-05T14:20:00+09:30,PT5M
32,37,0,778,856,0,1013,75,2,37,SUNNY,17.7,7.4,2025-08-05T14:25:00+09:30,PT5M
32,39,0,769,847,0,1012.9,75,2,38,SUNNY,17.6,7.4,2025-08-05T14:30:00+09:30,PT5M
32,40,0,760,837,0,1012.9,75,2,39,SUNNY,17.4,7.5,2025-08-05T14:35:00+09:30,PT5M
32,41,0,750,827,0,1012.8,75,1.9,39,SUNNY,17.3,7.5,2025-08-05T14:40:00+09:30,PT5M
32,43,0,740,816,0,1012.7,75,1.9,40,SUNNY,17.2,7.5,2025-08-05T14:45:00+09:30,PT5M
32,44,10.7,651,709,0,1012.7,75,1.9,41,PARTLY CLOUDY,17,7.5,2025-08-05T14:50:00+09:30,PT5M
32,45,0,718,793,0,1012.6,75,1.9,42,SUNNY,16.9,7.5,2025-08-05T14:55:00+09:30,PT5M
32,47,0,706,781,0,1012.6,75,1.9,43,SUNNY,16.8,7.5,2025-08-05T15:00:00+09:30,PT5M
32,48,0,694,769,0,1012.5,74,1.9,44,SUNNY,16.7,7.5,2025-08-05T15:05:00+09:30,PT5M
32,49,0,682,756,0,1012.4,74,1.8,45,SUNNY,16.6,7.5,2025-08-05T15:10:00+09:30,PT5M
32,50,0,670,743,0,1012.4,74,1.8,46,SUNNY,16.5,7.5,2025-08-05T15:15:00+09:30,PT5M
32,51,0,657,729,0,1012.3,74,1.8,47,SUNNY,16.5,7.5,2025-08-05T15:20:00+09:30,PT5M
32,52,0,643,716,0,1012.3,74,1.8,48,SUNNY,16.4,7.5,2025-08-05T15:25:00+09:30,PT5M
32,53,0,629,701,0,1012.2,74,1.8,48,SUNNY,16.3,7.5,2025-08-05T15:30:00+09:30,PT5M
32,54,0,615,686,0,1012.2,73,1.8,49,SUNNY,16.3,7.5,2025-08-05T15:35:00+09:30,PT5M
32,55,0,601,671,0,1012.2,73,1.8,50,SUNNY,16.2,7.5,2025-08-05T15:40:00+09:30,PT5M
32,55,0,586,656,0,1012.1,73,1.7,51,SUNNY,16.1,7.5,2025-08-05T15:45:00+09:30,PT5M
32,56,0,571,640,0,1012.1,72,1.7,52,SUNNY,16.1,7.5,2025-08-05T15:50:00+09:30,PT5M
32,57,0,555,624,0,1012.1,72,1.7,53,SUNNY,16,7.5,2025-08-05T15:55:00+09:30,PT5M
32,58,0,539,607,0,1012.1,71,1.7,54,SUNNY,15.9,7.5,2025-08-05T16:00:00+09:30,PT5M
32,58,0,523,590,0,1012.1,71,1.7,56,SUNNY,15.9,7.5,2025-08-05T16:05:00+09:30,PT5M
32,59,0,507,573,0,1012.1,70,1.7,57,SUNNY,15.9,7.5,2025-08-05T16:10:00+09:30,PT5M
32,60,0,490,556,0,1012,70,1.7,58,SUNNY,15.9,7.5,2025-08-05T16:15:00+09:30,PT5M
32,60,0,473,538,0,1012,69,1.6,59,SUNNY,15.9,7.5,2025-08-05T16:20:00+09:30,PT5M
32,61,0,456,520,0,1012,69,1.6,60,SUNNY,15.9,7.5,2025-08-05T16:25:00+09:30,PT5M
32,62,0,439,502,0,1012,68,1.6,61,SUNNY,15.9,7.5,2025-08-05T16:30:00+09:30,PT5M
31,62,0,421,483,0,1012,68,1.6,62,SUNNY,15.9,7.4,2025-08-05T16:35:00+09:30,PT5M
31,63,0,403,464,0,1012,68,1.6,63,SUNNY,15.9,7.4,2025-08-05T16:40:00+09:30,PT5M
31,63,0,385,445,0,1012,67,1.7,64,SUNNY,15.9,7.4,2025-08-05T16:45:00+09:30,PT5M
31,64,0,367,426,0,1012.1,67,1.7,65,SUNNY,15.9,7.4,2025-08-05T16:50:00+09:30,PT5M
31,64,0,349,406,0,1012.1,66,1.7,66,SUNNY,15.9,7.4,2025-08-05T16:55:00+09:30,PT5M
31,65,0,330,386,0,1012.1,66,1.7,67,SUNNY,15.9,7.4,2025-08-05T17:00:00+09:30,PT5M
31,65,0,312,367,0,1012.1,65,1.7,68,SUNNY,15.9,7.4,2025-08-05T17:05:00+09:30,PT5M
31,66,0,293,346,0,1012.2,65,1.7,70,SUNNY,15.9,7.4,2025-08-05T17:10:00+09:30,PT5M
31,66,0,274,326,0,1012.2,65,1.7,71,SUNNY,15.9,7.4,2025-08-05T17:15:00+09:30,PT5M
31,67,0,255,306,0,1012.2,64,1.8,72,SUNNY,15.9,7.5,2025-08-05T17:20:00+09:30,PT5M
30,67,0,236,286,0,1012.2,64,1.8,73,SUNNY,15.9,7.5,2025-08-05T17:25:00+09:30,PT5M
30,68,0,218,265,0,1012.3,64,1.8,74,SUNNY,15.9,7.5,2025-08-05T17:30:00+09:30,PT5M
30,68,0,199,245,0,1012.3,63,1.8,75,SUNNY,15.9,7.5,2025-08-05T17:35:00+09:30,PT5M
30,68,0,180,224,0,1012.3,61,1.8,76,SUNNY,15.9,7.5,2025-08-05T17:40:00+09:30,PT5M
30,69,0,162,203,0,1012.4,60,1.8,77,SUNNY,15.9,7.5,2025-08-05T17:45:00+09:30,PT5M
30,69,0,144,183,0,1012.4,58,1.8,79,SUNNY,15.9,7.6,2025-08-05T17:50:00+09:30,PT5M
30,69,0,126,162,0,1012.5,57,1.8,80,SUNNY,15.9,7.6,2025-08-05T17:55:00+09:30,PT5M
30,70,0,108,142,0,1012.5,56,1.8,81,SUNNY,15.9,7.6,2025-08-05T18:00:00+09:30,PT5M
30,70,0,91,122,0,1012.6,54,1.8,82,SUNNY,15.9,7.6,2025-08-05T18:05:00+09:30,PT5M
29,70,0,74,103,0,1012.6,53,1.8,83,SUNNY,16,7.6,2025-08-05T18:10:00+09:30,PT5M
29,71,0,59,83,0,1012.6,52,1.9,84,SUNNY,16,7.7,2025-08-05T18:15:00+09:30,PT5M
29,71,0,44,61,0,1012.7,50,1.9,85,SUNNY,16.1,7.7,2025-08-05T18:20:00+09:30,PT5M
29,71,8.2,28,33,0,1012.7,49,1.9,87,MOSTLY SUNNY,16.1,7.7,2025-08-05T18:25:00+09:30,PT5M
29,72,12.1,16,16,0,1012.8,48,1.9,88,PARTLY CLOUDY,16.2,7.7,2025-08-05T18:30:00+09:30,PT5M
29,72,10.1,7,7,0,1012.8,46,1.9,89,PARTLY CLOUDY,16.2,7.8,2025-08-05T18:35:00+09:30,PT5M
28,72,0,0,0,0,1012.9,44,1.9,90,CLEAR,16.3,7.8,2025-08-05T18:40:00+09:30,PT5M
28,73,0,0,0,0,1012.9,42,1.8,91,CLEAR,16.3,7.8,2025-08-05T18:45:00+09:30,PT5M
28,73,8.2,0,0,0,1013,40,1.8,92,MOSTLY CLEAR,16.4,7.8,2025-08-05T18:50:00+09:30,PT5M
28,73,10.1,0,0,0,1013,38,1.8,94,PARTLY CLOUDY,16.4,7.9,2025-08-05T18:55:00+09:30,PT5M
27,73,8.2,0,0,0,1013.1,36,1.8,95,MOSTLY CLEAR,16.5,7.9,2025-08-05T19:00:00+09:30,PT5M
27,73,8.2,0,0,0,1013.2,33,1.8,96,MOSTLY CLEAR,16.5,7.9,2025-08-05T19:05:00+09:30,PT5M
27,74,10.1,0,0,0,1013.2,31,1.7,97,PARTLY CLOUDY,16.6,7.9,2025-08-05T19:10:00+09:30,PT5M
26,74,10.1,0,0,0,1013.3,29,1.7,98,PARTLY CLOUDY,16.7,7.9,2025-08-05T19:15:00+09:30,PT5M
26,74,8.2,0,0,0,1013.3,27,1.7,99,MOSTLY CLEAR,16.8,7.9,2025-08-05T19:20:00+09:30,PT5M
26,74,8.2,0,0,0,1013.4,24,1.7,101,MOSTLY CLEAR,16.9,7.9,2025-08-05T19:25:00+09:30,PT5M
25,75,10.1,0,0,0,1013.5,22,1.7,102,PARTLY CLOUDY,17,7.9,2025-08-05T19:30:00+09:30,PT5M
25,75,8.2,0,0,0,1013.5,20,1.7,103,MOSTLY CLEAR,17.1,8,2025-08-05T19:35:00+09:30,PT5M
25,75,0,0,0,0,1013.6,19,1.7,104,CLEAR,17.2,8,2025-08-05T19:40:00+09:30,PT5M
25,75,8.2,0,0,0,1013.7,19,1.8,105,MOSTLY CLEAR,17.3,8,2025-08-05T19:45:00+09:30,PT5M
24,75,12.1,0,0,0,1013.7,18,1.8,107,PARTLY CLOUDY,17.4,8,2025-08-05T19:50:00+09:30,PT5M
24,76,10.1,0,0,0,1013.8,17,1.8,108,PARTLY CLOUDY,17.5,8,2025-08-05T19:55:00+09:30,PT5M
24,76,10.1,0,0,0,1013.9,16,1.8,109,PARTLY CLOUDY,17.6,8,2025-08-05T20:00:00+09:30,PT5M
24,76,10.1,0,0,0,1014,16,1.8,110,PARTLY CLOUDY,17.6,8,2025-08-05T20:05:00+09:30,PT5M
24,76,10.1,0,0,0,1014,15,1.8,111,PARTLY CLOUDY,17.7,8,2025-08-05T20:10:00+09:30,PT5M
23,76,8.2,0,0,0,1014.1,14,1.9,112,MOSTLY CLEAR,17.8,8,2025-08-05T20:15:00+09:30,PT5M
23,76,8.2,0,0,0,1014.2,14,1.9,114,MOSTLY CLEAR,17.9,8.1,2025-08-05T20:20:00+09:30,PT5M
23,76,8.2,0,0,0,1014.3,13,1.9,115,MOSTLY CLEAR,18,8.1,2025-08-05T20:25:00+09:30,PT5M
23,77,8.2,0,0,0,1014.3,12,1.9,116,MOSTLY CLEAR,18.1,8.1,2025-08-05T20:30:00+09:30,PT5M
23,77,0,0,0,0,1014.4,11,1.9,117,CLEAR,18.2,8.1,2025-08-05T20:35:00+09:30,PT5M
23,77,0,0,0,0,1014.5,9,1.9,118,CLEAR,18.3,8.1,2025-08-05T20:40:00+09:30,PT5M
23,77,0,0,0,0,1014.5,8,1.9,120,CLEAR,18.4,8.1,2025-08-05T20:45:00+09:30,PT5M
22,77,10.1,0,0,0,1014.6,6,1.9,121,PARTLY CLOUDY,18.5,8.2,2025-08-05T20:50:00+09:30,PT5M
22,77,8.2,0,0,0,1014.6,4,1.8,122,MOSTLY CLEAR,18.6,8.2,2025-08-05T20:55:00+09:30,PT5M
22,77,8.2,0,0,0,1014.7,3,1.8,123,MOSTLY CLEAR,18.7,8.2,2025-08-05T21:00:00+09:30,PT5M
22,77,8.2,0,0,0,1014.7,1,1.8,124,MOSTLY CLEAR,18.7,8.2,2025-08-05T21:05:00+09:30,PT5M
22,77,10.1,0,0,0,1014.8,359,1.8,126,PARTLY CLOUDY,18.8,8.2,2025-08-05T21:10:00+09:30,PT5M
22,78,8.2,0,0,0,1014.8,357,1.8,127,MOSTLY CLEAR,18.8,8.2,2025-08-05T21:15:00+09:30,PT5M
22,78,8.2,0,0,0,1014.9,355,1.7,128,MOSTLY CLEAR,18.8,8.2,2025-08-05T21:20:00+09:30,PT5M
22,78,0,0,0,0,1014.9,353,1.7,129,CLEAR,18.9,8.2,2025-08-05T21:25:00+09:30,PT5M
22,78,0,0,0,0,1015,351,1.7,130,CLEAR,18.9,8.2,2025-08-05T21:30:00+09:30,PT5M
22,78,0,0,0,0,1015,348,1.7,131,CLEAR,18.9,8.3,2025-08-05T21:35:00+09:30,PT5M
22,78,0,0,0,0,1015,345,1.6,133,CLEAR,19,8.3,2025-08-05T21:40:00+09:30,PT5M
22,78,0,0,0,0,1015.1,340,1.5,134,CLEAR,19,8.3,2025-08-05T21:45:00+09:30,PT5M
22,78,0,0,0,0,1015.1,336,1.4,135,CLEAR,19,8.3,2025-08-05T21:50:00+09:30,PT5M
22,78,10.1,0,0,0,1015.1,331,1.4,136,PARTLY CLOUDY,19.1,8.3,2025-08-05T21:55:00+09:30,PT5M
22,78,10.1,0,0,0,1015.1,326,1.3,137,PARTLY CLOUDY,19.1,8.3,2025-08-05T22:00:00+09:30,PT5M
22,78,10.1,0,0,0,1015.2,320,1.3,139,PARTLY CLOUDY,19.1,8.3,2025-08-05T22:05:00+09:30,PT5M
22,78,8.2,0,0,0,1015.2,314,1.3,140,MOSTLY CLEAR,19.1,8.3,2025-08-05T22:10:00+09:30,PT5M
22,78,8.2,0,0,0,1015.2,308,1.3,141,MOSTLY CLEAR,19.1,8.3,2025-08-05T22:15:00+09:30,PT5M
21,78,10.1,0,0,0,1015.2,302,1.3,142,PARTLY CLOUDY,19,8.3,2025-08-05T22:20:00+09:30,PT5M
21,78,8.2,0,0,0,1015.3,296,1.3,143,MOSTLY CLEAR,19,8.3,2025-08-05T22:25:00+09:30,PT5M
21,78,8.2,0,0,0,1015.3,290,1.3,145,MOSTLY CLEAR,19,8.3,2025-08-05T22:30:00+09:30,PT5M
21,77,8.2,0,0,0,1015.3,285,1.3,146,MOSTLY CLEAR,19,8.4,2025-08-05T22:35:00+09:30,PT5M
21,77,0,0,0,0,1015.3,280,1.3,147,CLEAR,19,8.4,2025-08-05T22:40:00+09:30,PT5M
21,77,8.2,0,0,0,1015.3,275,1.3,148,MOSTLY CLEAR,19,8.4,2025-08-05T22:45:00+09:30,PT5M
21,77,8.2,0,0,0,1015.3,270,1.3,149,MOSTLY CLEAR,18.9,8.4,2025-08-05T22:50:00+09:30,PT5M
21,77,8.2,0,0,0,1015.3,265,1.3,151,MOSTLY CLEAR,18.9,8.4,2025-08-05T22:55:00+09:30,PT5M
20,77,8.2,0,0,0,1015.3,259,1.3,152,MOSTLY CLEAR,18.9,8.4,2025-08-05T23:00:00+09:30,PT5M
20,76,8.2,0,0,0,1015.3,255,1.3,153,MOSTLY CLEAR,18.9,8.4,2025-08-05T23:05:00+09:30,PT5M
20,76,8.2,0,0,0,1015.3,250,1.4,154,MOSTLY CLEAR,18.9,8.4,2025-08-05T23:10:00+09:30,PT5M
20,76,8.2,0,0,0,1015.3,246,1.4,155,MOSTLY CLEAR,18.8,8.5,2025-08-05T23:15:00+09:30,PT5M
20,75,8.2,0,0,0,1015.3,241,1.5,156,MOSTLY CLEAR,18.8,8.5,2025-08-05T23:20:00+09:30,PT5M
19,75,8.2,0,0,0,1015.3,238,1.5,158,MOSTLY CLEAR,18.8,8.5,2025-08-05T23:25:00+09:30,PT5M
19,74,8.2,0,0,0,1015.3,234,1.6,159,MOSTLY CLEAR,18.8,8.5,2025-08-05T23:30:00+09:30,PT5M
19,74,8.2,0,0,0,1015.3,231,1.6,160,MOSTLY CLEAR,18.7,8.6,2025-08-05T23:35:00+09:30,PT5M
19,73,8.2,0,0,0,1015.3,229,1.7,161,MOSTLY CLEAR,18.7,8.6,2025-08-05T23:40:00+09:30,PT5M
19,72,8.2,0,0,0,1015.2,227,1.7,162,MOSTLY CLEAR,18.7,8.6,2025-08-05T23:45:00+09:30,PT5M
19,71,8.2,0,0,0,1015.2,225,1.7,164,MOSTLY CLEAR,18.7,8.6,2025-08-05T23:50:00+09:30,PT5M
19,70,8.2,0,0,0,1015.2,222,1.7,165,MOSTLY CLEAR,18.6,8.7,2025-08-05T23:55:00+09:30,PT5M
19,68,8.2,0,0,0,1015.2,220,1.7,166,MOSTLY CLEAR,18.6,8.7,2025-08-06T00:00:00+09:30,PT5M
19,67,8.2,0,0,0,1015.2,218,1.8,167,MOSTLY CLEAR,18.6,8.7,2025-08-06T00:05:00+09:30,PT5M
19,65,8.2,0,0,0,1015.2,216,1.8,168,MOSTLY CLEAR,18.5,8.7,2025-08-06T00:10:00+09:30,PT5M
19,62,8.2,0,0,0,1015.1,214,1.8,169,MOSTLY CLEAR,18.5,8.8,2025-08-06T00:15:00+09:30,PT5M
19,59,8.2,0,0,0,1015.1,212,1.8,170,MOSTLY CLEAR,18.5,8.8,2025-08-06T00:20:00+09:30,PT5M
19,56,8.2,0,0,0,1015.1,211,1.9,171,MOSTLY CLEAR,18.4,8.8,2025-08-06T00:25:00+09:30,PT5M
19,51,8.2,0,0,0,1015.1,209,1.9,172,MOSTLY CLEAR,18.4,8.8,2025-08-06T00:30:00+09:30,PT5M
19,45,0,0,0,0,1015.1,207,1.9,173,CLEAR,18.3,8.9,2025-08-06T00:35:00+09:30,PT5M
18,37,0,0,0,0,1015.1,206,2,174,CLEAR,18.3,8.9,2025-08-06T00:40:00+09:30,PT5M
18,27,0,0,0,0,1015,205,2,175,CLEAR,18.2,8.9,2025-08-06T00:45:00+09:30,PT5M
18,15,8.2,0,0,0,1015,204,2,175,MOSTLY CLEAR,18.2,8.9,2025-08-06T00:50:00+09:30,PT5M
18,1,0,0,0,0,1015,203,2,175,CLEAR,18.2,9,2025-08-06T00:55:00+09:30,PT5M
18,-13,0,0,0,0,1015,202,2.1,175,CLEAR,18.1,9,2025-08-06T01:00:00+09:30,PT5M
18,-26,0,0,0,0,1015,201,2.1,175,CLEAR,18.1,9,2025-08-06T01:05:00+09:30,PT5M
18,-36,0,0,0,0,1015,199,2.1,174,CLEAR,18,9,2025-08-06T01:10:00+09:30,PT5M
18,-44,0,0,0,0,1014.9,199,2.2,173,CLEAR,17.9,9.1,2025-08-06T01:15:00+09:30,PT5M
18,-50,0,0,0,0,1014.9,198,2.2,172,CLEAR,17.9,9.1,2025-08-06T01:20:00+09:30,PT5M
18,-55,8.2,0,0,0,1014.9,197,2.2,171,MOSTLY CLEAR,17.8,9.1,2025-08-06T01:25:00+09:30,PT5M
18,-59,8.2,0,0,0,1014.9,196,2.3,170,MOSTLY CLEAR,17.7,9.1,2025-08-06T01:30:00+09:30,PT5M
18,-62,8.2,0,0,0,1014.9,195,2.3,169,MOSTLY CLEAR,17.7,9.2,2025-08-06T01:35:00+09:30,PT5M
18,-65,8.2,0,0,0,1014.9,194,2.3,168,MOSTLY CLEAR,17.6,9.2,2025-08-06T01:40:00+09:30,PT5M
18,-67,8.2,0,0,0,1014.8,194,2.3,167,MOSTLY CLEAR,17.5,9.2,2025-08-06T01:45:00+09:30,PT5M
18,-68,8.2,0,0,0,1014.8,193,2.3,166,MOSTLY CLEAR,17.5,9.2,2025-08-06T01:50:00+09:30,PT5M
18,-70,8.2,0,0,0,1014.8,192,2.3,165,MOSTLY CLEAR,17.4,9.3,2025-08-06T01:55:00+09:30,PT5M
18,-71,8.2,0,0,0,1014.7,192,2.3,164,MOSTLY CLEAR,17.3,9.3,2025-08-06T02:00:00+09:30,PT5M
18,-72,8.2,0,0,0,1014.7,191,2.3,162,MOSTLY CLEAR,17.3,9.3,2025-08-06T02:05:00+09:30,PT5M
18,-73,8.2,0,0,0,1014.7,190,2.3,161,MOSTLY CLEAR,17.2,9.3,2025-08-06T02:10:00+09:30,PT5M
18,-74,8.2,0,0,0,1014.7,190,2.3,160,MOSTLY CLEAR,17.1,9.3,2025-08-06T02:15:00+09:30,PT5M
17,-74,8.2,0,0,0,1014.6,189,2.3,159,MOSTLY CLEAR,17.1,9.3,2025-08-06T02:20:00+09:30,PT5M
17,-75,0,0,0,0,1014.6,188,2.3,158,CLEAR,17,9.3,2025-08-06T02:25:00+09:30,PT5M
17,-75,0,0,0,0,1014.6,188,2.3,157,CLEAR,16.9,9.3,2025-08-06T02:30:00+09:30,PT5M
17,-76,0,0,0,0,1014.6,187,2.3,155,CLEAR,16.9,9.2,2025-08-06T02:35:00+09:30,PT5M
17,-76,0,0,0,0,1014.5,186,2.3,154,CLEAR,16.8,9.2,2025-08-06T02:40:00+09:30,PT5M
17,-76,0,0,0,0,1014.5,185,2.3,153,CLEAR,16.7,9.2,2025-08-06T02:45:00+09:30,PT5M
17,-77,0,0,0,0,1014.5,184,2.3,152,CLEAR,16.7,9.2,2025-08-06T02:50:00+09:30,PT5M
17,-77,8.2,0,0,0,1014.4,183,2.3,151,MOSTLY CLEAR,16.6,9.2,2025-08-06T02:55:00+09:30,PT5M
17,-77,8.2,0,0,0,1014.4,182,2.3,150,MOSTLY CLEAR,16.5,9.2,2025-08-06T03:00:00+09:30,PT5M
17,-77,8.2,0,0,0,1014.4,181,2.3,148,MOSTLY CLEAR,16.5,9.2,2025-08-06T03:05:00+09:30,PT5M
17,-77,0,0,0,0,1014.3,180,2.3,147,CLEAR,16.5,9.1,2025-08-06T03:10:00+09:30,PT5M
17,-78,0,0,0,0,1014.3,179,2.3,146,CLEAR,16.4,9.1,2025-08-06T03:15:00+09:30,PT5M
17,-78,0,0,0,0,1014.3,178,2.3,145,CLEAR,16.4,9.1,2025-08-06T03:20:00+09:30,PT5M
17,-78,0,0,0,0,1014.2,177,2.3,144,CLEAR,16.4,9,2025-08-06T03:25:00+09:30,PT5M
17,-78,0,0,0,0,1014.2,176,2.3,142,CLEAR,16.4,9,2025-08-06T03:30:00+09:30,PT5M
17,-78,0,0,0,0,1014.2,174,2.3,141,CLEAR,16.3,8.9,2025-08-06T03:35:00+09:30,PT5M
17,-78,0,0,0,0,1014.2,173,2.3,140,CLEAR,16.3,8.9,2025-08-06T03:40:00+09:30,PT5M
17,-78,0,0,0,0,1014.2,171,2.3,139,CLEAR,16.3,8.8,2025-08-06T03:45:00+09:30,PT5M
16,-78,0,0,0,0,1014.2,170,2.3,138,CLEAR,16.3,8.8,2025-08-06T03:50:00+09:30,PT5M
16,-78,0,0,0,0,1014.1,169,2.3,136,CLEAR,16.2,8.8,2025-08-06T03:55:00+09:30,PT5M
16,-78,0,0,0,0,1014.1,167,2.4,135,CLEAR,16.2,8.7,2025-08-06T04:00:00+09:30,PT5M
16,-78,0,0,0,0,1014.1,166,2.4,134,CLEAR,16.2,8.7,2025-08-06T04:05:00+09:30,PT5M
16,-78,8.2,0,0,0,1014.1,165,2.4,133,MOSTLY CLEAR,16.2,8.6,2025-08-06T04:10:00+09:30,PT5M
16,-78,8.2,0,0,0,1014.1,163,2.4,132,MOSTLY CLEAR,16.2,8.5,2025-08-06T04:15:00+09:30,PT5M
16,-78,8.2,0,0,0,1014.1,162,2.4,130,MOSTLY CLEAR,16.2,8.4,2025-08-06T04:20:00+09:30,PT5M
16,-78,8.2,0,0,0,1014.1,161,2.4,129,MOSTLY CLEAR,16.2,8.3,2025-08-06T04:25:00+09:30,PT5M
16,-78,8.2,0,0,0,1014.1,159,2.5,128,MOSTLY CLEAR,16.2,8.2,2025-08-06T04:30:00+09:30,PT5M
16,-78,8.2,0,0,0,1014.1,158,2.5,127,MOSTLY CLEAR,16.2,8.2,2025-08-06T04:35:00+09:30,PT5M
16,-78,8.2,0,0,0,1014.1,156,2.5,126,MOSTLY CLEAR,16.2,8.1,2025-08-06T04:40:00+09:30,PT5M
16,-77,8.2,0,0,0,1014.1,155,2.5,124,MOSTLY CLEAR,16.2,8,2025-08-06T04:45:00+09:30,PT5M
16,-77,8.2,0,0,0,1014.1,153,2.5,123,MOSTLY CLEAR,16.2,7.9,2025-08-06T04:50:00+09:30,PT5M
16,-77,8.2,0,0,0,1014.2,152,2.6,122,MOSTLY CLEAR,16.2,7.8,2025-08-06T04:55:00+09:30,PT5M
16,-77,0,0,0,0,1014.2,151,2.6,121,CLEAR,16.2,7.7,2025-08-06T05:00:00+09:30,PT5M
16,-77,0,0,0,0,1014.2,149,2.6,120,CLEAR,16.2,7.7,2025-08-06T05:05:00+09:30,PT5M
16,-77,8.2,0,0,0,1014.2,148,2.6,119,MOSTLY CLEAR,16.2,7.6,2025-08-06T05:10:00+09:30,PT5M
16,-77,0,0,0,0,1014.2,147,2.7,117,CLEAR,16.2,7.6,2025-08-06T05:15:00+09:30,PT5M
16,-77,0,0,0,0,1014.2,145,2.7,116,CLEAR,16.2,7.5,2025-08-06T05:20:00+09:30,PT5M
16,-77,0,0,0,0,1014.3,144,2.7,115,CLEAR,16.2,7.5,2025-08-06T05:25:00+09:30,PT5M
16,-76,8.2,0,0,0,1014.3,143,2.8,114,MOSTLY CLEAR,16.2,7.4,2025-08-06T05:30:00+09:30,PT5M
16,-76,8.2,0,0,0,1014.3,142,2.8,113,MOSTLY CLEAR,16.2,7.4,2025-08-06T05:35:00+09:30,PT5M
16,-76,8.2,0,0,0,1014.3,140,2.8,111,MOSTLY CLEAR,16.2,7.3,2025-08-06T05:40:00+09:30,PT5M
16,-76,8.2,0,0,0,1014.4,139,2.9,110,MOSTLY CLEAR,16.2,7.3,2025-08-06T05:45:00+09:30,PT5M
16,-76,8.2,0,0,0,1014.4,137,2.9,109,MOSTLY CLEAR,16.2,7.2,2025-08-06T05:50:00+09:30,PT5M
16,-76,8.2,0,0,0,1014.4,136,2.9,108,MOSTLY CLEAR,16.2,7.2,2025-08-06T05:55:00+09:30,PT5M
16,-75,8.2,0,0,0,1014.5,134,3,107,MOSTLY CLEAR,16.2,7.1,2025-08-06T06:00:00+09:30,PT5M
16,-75,8.2,0,0,0,1014.5,133,3,105,MOSTLY CLEAR,16.3,7.1,2025-08-06T06:05:00+09:30,PT5M
16,-75,8.2,0,0,0,1014.5,132,3,104,MOSTLY CLEAR,16.4,7.1,2025-08-06T06:10:00+09:30,PT5M
16,-75,8.2,0,0,0,1014.6,130,3.1,103,MOSTLY CLEAR,16.5,7.1,2025-08-06T06:15:00+09:30,PT5M
16,-75,8.2,0,0,0,1014.6,129,3.1,102,MOSTLY CLEAR,16.6,7,2025-08-06T06:20:00+09:30,PT5M
16,-75,8.2,0,0,0,1014.6,128,3.2,101,MOSTLY CLEAR,16.7,7,2025-08-06T06:25:00+09:30,PT5M
16,-74,8.2,0,0,0,1014.7,127,3.2,100,MOSTLY CLEAR,16.8,7,2025-08-06T06:30:00+09:30,PT5M
16,-74,0,0,0,0,1014.7,125,3.2,98,CLEAR,17,7,2025-08-06T06:35:00+09:30,PT5M
16,-74,0,0,0,0,1014.7,123,3.2,97,CLEAR,17.1,7,2025-08-06T06:40:00+09:30,PT5M
16,-74,0,0,0,0,1014.7,120,3.2,96,CLEAR,17.2,7,2025-08-06T06:45:00+09:30,PT5M
16,-73,8.2,0,0,0,1014.8,118,3.2,95,MOSTLY CLEAR,17.3,6.9,2025-08-06T06:50:00+09:30,PT5M
16,-73,8.2,0,0,0,1014.8,116,3.2,94,MOSTLY CLEAR,17.4,6.9,2025-08-06T06:55:00+09:30,PT5M
16,-73,8.2,0,0,0,1014.8,114,3.2,93,MOSTLY CLEAR,17.5,6.9,2025-08-06T07:00:00+09:30,PT5M
16,-73,8.2,0,0,0,1014.9,112,3.3,91,MOSTLY CLEAR,17.7,6.9,2025-08-06T07:05:00+09:30,PT5M
16,-72,8.2,0,0,0,1014.9,109,3.3,90,MOSTLY CLEAR,18,6.9,2025-08-06T07:10:00+09:30,PT5M
16,-72,0,6,7,0,1014.9,107,3.3,89,SUNNY,18.2,7,2025-08-06T07:15:00+09:30,PT5M
16,-72,0,17,20,0,1014.9,105,3.3,88,SUNNY,18.4,7,2025-08-06T07:20:00+09:30,PT5M
16,-72,0,29,37,0,1015,103,3.4,87,SUNNY,18.7,7,2025-08-06T07:25:00+09:30,PT5M
16,-71,0,43,59,0,1015,101,3.4,86,SUNNY,18.9,7,2025-08-06T07:30:00+09:30,PT5M
16,-71,0,57,83,0,1015,100,3.5,84,SUNNY,19.1,7.1,2025-08-06T07:35:00+09:30,PT5M
16,-71,0,73,102,0,1015,99,3.5,83,SUNNY,19.4,7.1,2025-08-06T07:40:00+09:30,PT5M
17,-70,0,89,121,0,1015.1,98,3.5,82,SUNNY,19.6,7.1,2025-08-06T07:45:00+09:30,PT5M
17,-70,0,106,141,0,1015.1,97,3.5,81,SUNNY,19.8,7.1,2025-08-06T07:50:00+09:30,PT5M
18,-70,0,124,161,0,1015.1,96,3.5,80,SUNNY,20,7.2,2025-08-06T07:55:00+09:30,PT5M
18,-69,0,141,181,0,1015.2,95,3.6,79,SUNNY,20.3,7.2,2025-08-06T08:00:00+09:30,PT5M
19,-69,0,159,201,0,1015.2,94,3.6,78,SUNNY,20.5,7.2,2025-08-06T08:05:00+09:30,PT5M
19,-69,0,178,221,0,1015.2,94,3.6,76,SUNNY,20.8,7.2,2025-08-06T08:10:00+09:30,PT5M
19,-68,0,196,242,0,1015.3,93,3.6,75,SUNNY,21,7.3,2025-08-06T08:15:00+09:30,PT5M
20,-68,0,214,262,0,1015.3,92,3.6,74,SUNNY,21.2,7.3,2025-08-06T08:20:00+09:30,PT5M
20,-67,0,233,282,0,1015.3,91,3.7,73,SUNNY,21.5,7.3,2025-08-06T08:25:00+09:30,PT5M
21,-67,0,251,302,0,1015.4,90,3.7,72,SUNNY,21.7,7.3,2025-08-06T08:30:00+09:30,PT5M
21,-67,0,270,322,0,1015.4,89,3.7,71,SUNNY,22,7.4,2025-08-06T08:35:00+09:30,PT5M
22,-66,0,288,342,0,1015.5,88,3.7,70,SUNNY,22.2,7.4,2025-08-06T08:40:00+09:30,PT5M
22,-66,0,307,361,0,1015.5,87,3.6,69,SUNNY,22.5,7.4,2025-08-06T08:45:00+09:30,PT5M
22,-65,0,325,381,0,1015.6,86,3.6,67,SUNNY,22.7,7.4,2025-08-06T08:50:00+09:30,PT5M
23,-65,0,343,400,0,1015.6,85,3.6,66,SUNNY,22.9,7.5,2025-08-06T08:55:00+09:30,PT5M
23,-64,0,362,420,0,1015.7,84,3.6,65,SUNNY,23.2,7.5,2025-08-06T09:00:00+09:30,PT5M
23,-64,0,380,439,0,1015.7,83,3.6,64,SUNNY,23.3,7.5,2025-08-06T09:05:00+09:30,PT5M
24,-63,0,397,457,0,1015.8,82,3.5,63,SUNNY,23.4,7.5,2025-08-06T09:10:00+09:30,PT5M
24,-63,0,415,476,0,1015.8,81,3.5,62,SUNNY,23.4,7.5,2025-08-06T09:15:00+09:30,PT5M
24,-62,0,432,494,0,1015.9,80,3.5,61,SUNNY,23.4,7.6,2025-08-06T09:20:00+09:30,PT5M
25,-61,0,449,512,0,1015.9,78,3.5,60,SUNNY,23.5,7.6,2025-08-06T09:25:00+09:30,PT5M
25,-61,0,466,530,0,1016,77,3.5,59,SUNNY,23.5,7.6,2025-08-06T09:30:00+09:30,PT5M
25,-60,0,484,548,0,1016,76,3.5,58,SUNNY,23.6,7.6,2025-08-06T09:35:00+09:30,PT5M
26,-59,0,500,565,0,1016,75,3.5,57,SUNNY,23.6,7.6,2025-08-06T09:40:00+09:30,PT5M
26,-59,0,516,582,0,1016,74,3.5,56,SUNNY,23.7,7.6,2025-08-06T09:45:00+09:30,PT5M
26,-58,0,532,599,0,1016,73,3.5,55,SUNNY,23.7,7.7,2025-08-06T09:50:00+09:30,PT5M
26,-57,0,548,615,0,1016,71,3.5,53,SUNNY,23.7,7.7,2025-08-06T09:55:00+09:30,PT5M
27,-57,0,563,631,0,1016,70,3.5,52,SUNNY,23.8,7.7,2025-08-06T10:00:00+09:30,PT5M
27,-56,0,578,647,0,1016,69,3.5,51,SUNNY,23.7,7.7,2025-08-06T10:05:00+09:30,PT5M
27,-55,0,593,662,0,1016,68,3.5,50,SUNNY,23.6,7.7,2025-08-06T10:10:00+09:30,PT5M
27,-54,0,607,677,0,1016,67,3.5,49,SUNNY,23.4,7.6,2025-08-06T10:15:00+09:30,PT5M
28,-53,0,621,692,0,1016,66,3.5,48,SUNNY,23.2,7.6,2025-08-06T10:20:00+09:30,PT5M
28,-52,0,635,706,0,1016,64,3.5,47,SUNNY,23.1,7.6,2025-08-06T10:25:00+09:30,PT5M
28,-51,0,648,720,0,1016,63,3.5,47,SUNNY,22.9,7.6,2025-08-06T10:30:00+09:30,PT5M
28,-50,0,661,733,0,1016,63,3.5,46,SUNNY,22.8,7.5,2025-08-06T10:35:00+09:30,PT5M
28,-49,0,674,746,0,1015.9,63,3.5,45,SUNNY,22.6,7.5,2025-08-06T10:40:00+09:30,PT5M
29,-48,0,686,759,0,1015.9,63,3.4,44,SUNNY,22.5,7.5,2025-08-06T10:45:00+09:30,PT5M
29,-47,0,698,771,0,1015.8,63,3.4,43,SUNNY,22.3,7.5,2025-08-06T10:50:00+09:30,PT5M
29,-46,0,709,783,0,1015.8,63,3.4,42,SUNNY,22.1,7.4,2025-08-06T10:55:00+09:30,PT5M
29,-44,0,720,795,0,1015.8,63,3.4,41,SUNNY,22,7.4,2025-08-06T11:00:00+09:30,PT5M
30,-43,0,730,805,0,1015.7,63,3.4,40,SUNNY,21.8,7.4,2025-08-06T11:05:00+09:30,PT5M
30,-42,0,741,816,0,1015.7,63,3.3,39,SUNNY,21.7,7.4,2025-08-06T11:10:00+09:30,PT5M
30,-40,0,750,826,0,1015.6,63,3.3,39,SUNNY,21.5,7.4,2025-08-06T11:15:00+09:30,PT5M
30,-39,0,760,836,0,1015.6,63,3.3,38,SUNNY,21.4,7.3,2025-08-06T11:20:00+09:30,PT5M
30,-37,0,768,845,0,1015.6,63,3.3,37,SUNNY,21.2,7.3,2025-08-06T11:25:00+09:30,PT5M
31,-36,0,777,853,0,1015.5,63,3.3,36,SUNNY,21.1,7.3,2025-08-06T11:30:00+09:30,PT5M
31,-34,0,785,862,0,1015.4,63,3.3,36,SUNNY,20.9,7.3,2025-08-06T11:35:00+09:30,PT5M
31,-33,0,792,869,0,1015.4,63,3.2,35,SUNNY,20.8,7.3,2025-08-06T11:40:00+09:30,PT5M
31,-31,0,799,877,0,1015.3,64,3.2,34,SUNNY,20.6,7.3,2025-08-06T11:45:00+09:30,PT5M
31,-29,0,806,883,0,1015.2,64,3.2,34,SUNNY,20.5,7.2,2025-08-06T11:50:00+09:30,PT5M
31,-27,0,812,890,0,1015.1,65,3.2,33,SUNNY,20.3,7.2,2025-08-06T11:55:00+09:30,PT5M
31,-25,0,817,896,0,1015,65,3.1,33,SUNNY,20.2,7.2,2025-08-06T12:00:00+09:30,PT5M
31,-23,0,823,901,0,1014.9,66,3.1,32,SUNNY,20,7.2,2025-08-06T12:05:00+09:30,PT5M
31,-21,0,827,906,0,1014.8,66,3.1,32,SUNNY,19.9,7.2,2025-08-06T12:10:00+09:30,PT5M
31,-19,0,831,910,0,1014.7,67,3.1,31,SUNNY,19.8,7.2,2025-08-06T12:15:00+09:30,PT5M
31,-17,0,835,913,0,1014.6,67,3.1,31,SUNNY,19.6,7.1,2025-08-06T12:20:00+09:30,PT5M
31,-14,0,838,917,0,1014.5,68,3,31,SUNNY,19.5,7.1,2025-08-06T12:25:00+09:30,PT5M
31,-12,0,840,919,0,1014.4,68,3,30,SUNNY,19.4,7.1,2025-08-06T12:30:00+09:30,PT5M
31,-10,0,843,922,0,1014.3,69,3,30,SUNNY,19.2,7.1,2025-08-06T12:35:00+09:30,PT5M
31,-7,0,844,923,0,1014.2,69,3,30,SUNNY,19.1,7.1,2025-08-06T12:40:00+09:30,PT5M
31,-5,0,846,925,0,1014.1,69,3,30,SUNNY,19,7.1,2025-08-06T12:45:00+09:30,PT5M
31,-3,0,846,925,0,1013.9,69,3,30,SUNNY,18.8,7,2025-08-06T12:50:00+09:30,PT5M
32,0,0,847,926,0,1013.8,70,2.9,30,SUNNY,18.7,7,2025-08-06T12:55:00+09:30,PT5M
32,2,0,846,925,0,1013.7,70,2.9,30,SUNNY,18.6,7,2025-08-06T13:00:00+09:30,PT5M
32,5,0,846,925,0,1013.5,70,2.9,30,SUNNY,18.4,7,2025-08-06T13:05:00+09:30,PT5M
32,7,0,845,923,0,1013.4,70,2.9,30,SUNNY,18.3,7,2025-08-06T13:10:00+09:30,PT5M
32,9,0,843,922,0,1013.2,71,2.9,30,SUNNY,18.1,7,2025-08-06T13:15:00+09:30,PT5M
32,12,0,841,920,0,1013.1,71,2.9,30,SUNNY,18,7,2025-08-06T13:20:00+09:30,PT5M
32,14,0,838,917,0,1013,71,2.9,31,SUNNY,17.9,7,2025-08-06T13:25:00+09:30,PT5M
32,16,0,835,914,0,1012.8,71,2.9,31,SUNNY,17.7,7,2025-08-06T13:30:00+09:30,PT5M
32,19,0,832,910,0,1012.7,72,2.8,31,SUNNY,17.6,7.1,2025-08-06T13:35:00+09:30,PT5M
32,21,0,828,906,0,1012.7,71,2.8,32,SUNNY,17.4,7.1,2025-08-06T13:40:00+09:30,PT5M
32,23,0,823,901,0,1012.6,71,2.8,32,SUNNY,17.3,7.1,2025-08-06T13:45:00+09:30,PT5M
32,25,0,818,896,0,1012.5,71,2.8,33,SUNNY,17.2,7.1,2025-08-06T13:50:00+09:30,PT5M
32,27,0,813,890,0,1012.5,71,2.8,33,SUNNY,17,7.1,2025-08-06T13:55:00+09:30,PT5M
32,29,0,807,884,0,1012.4,71,2.8,34,SUNNY,16.9,7.1,2025-08-06T14:00:00+09:30,PT5M
32,31,0,800,878,0,1012.3,71,2.7,34,SUNNY,16.7,7.1,2025-08-06T14:05:00+09:30,PT5M
32,32,0,793,870,0,1012.3,71,2.7,35,SUNNY,16.6,7.1,2025-08-06T14:10:00+09:30,PT5M
32,34,0,786,863,0,1012.2,71,2.7,36,SUNNY,16.5,7.1,2025-08-06T14:15:00+09:30,PT5M
32,36,0,778,855,0,1012.1,71,2.7,36,SUNNY,16.4,7.1,2025-08-06T14:20:00+09:30,PT5M
32,37,0,770,846,0,1012.1,70,2.7,37,SUNNY,16.2,7.1,2025-08-06T14:25:00+09:30,PT5M
32,39,0,761,837,0,1012,70,2.7,38,SUNNY,16.1,7.1,2025-08-06T14:30:00+09:30,PT5M
32,40,0,752,828,0,1011.9,70,2.6,39,SUNNY,16,7.2,2025-08-06T14:35:00+09:30,PT5M
32,42,0,743,818,0,1011.9,69,2.6,39,SUNNY,15.9,7.2,2025-08-06T14:40:00+09:30,PT5M
32,43,0,733,807,0,1011.8,69,2.6,40,SUNNY,15.7,7.2,2025-08-06T14:45:00+09:30,PT5M
32,44,0,722,796,0,1011.7,68,2.6,41,SUNNY,15.6,7.2,2025-08-06T14:50:00+09:30,PT5M
32,46,0,711,785,0,1011.6,68,2.6,42,SUNNY,15.5,7.2,2025-08-06T14:55:00+09:30,PT5M
32,47,0,700,773,0,1011.6,67,2.6,43,SUNNY,15.4,7.2,2025-08-06T15:00:00+09:30,PT5M
33,48,0,688,761,0,1011.5,67,2.5,44,SUNNY,15.3,7.2,2025-08-06T15:05:00+09:30,PT5M
33,49,0,676,749,0,1011.4,66,2.5,45,SUNNY,15.2,7.2,2025-08-06T15:10:00+09:30,PT5M
33,50,0,664,736,0,1011.3,66,2.5,45,SUNNY,15.2,7.2,2025-08-06T15:15:00+09:30,PT5M
33,51,0,651,722,0,1011.3,65,2.5,46,SUNNY,15.1,7.2,2025-08-06T15:20:00+09:30,PT5M
33,52,0,638,709,0,1011.2,64,2.5,47,SUNNY,15.1,7.2,2025-08-06T15:25:00+09:30,PT5M
33,53,0,624,694,0,1011.1,64,2.5,48,SUNNY,15,7.2,2025-08-06T15:30:00+09:30,PT5M
33,54,0,610,680,0,1011.1,63,2.5,49,SUNNY,15,7.1,2025-08-06T15:35:00+09:30,PT5M
32,55,0,596,665,0,1011,63,2.4,50,SUNNY,14.9,7.1,2025-08-06T15:40:00+09:30,PT5M
32,56,0,581,650,0,1011,62,2.4,51,SUNNY,14.9,7.1,2025-08-06T15:45:00+09:30,PT5M
32,57,0,566,634,0,1011,62,2.4,52,SUNNY,14.8,7.1,2025-08-06T15:50:00+09:30,PT5M
32,57,0,551,618,0,1011,61,2.4,53,SUNNY,14.8,7.1,2025-08-06T15:55:00+09:30,PT5M
32,58,0,535,602,0,1010.9,61,2.4,54,SUNNY,14.7,7.1,2025-08-06T16:00:00+09:30,PT5M
32,59,0,519,585,0,1010.9,60,2.4,55,SUNNY,14.7,7.1,2025-08-06T16:05:00+09:30,PT5M
32,59,0,503,568,0,1010.9,59,2.4,56,SUNNY,14.8,7.1,2025-08-06T16:10:00+09:30,PT5M
32,60,0,487,551,0,1010.9,59,2.4,58,SUNNY,14.8,7.1,2025-08-06T16:15:00+09:30,PT5M
32,61,0,470,533,0,1010.8,58,2.4,59,SUNNY,14.8,7.1,2025-08-06T16:20:00+09:30,PT5M
32,61,0,453,515,0,1010.8,58,2.4,60,SUNNY,14.8,7.1,2025-08-06T16:25:00+09:30,PT5M
32,62,0,436,497,0,1010.8,57,2.4,61,SUNNY,14.9,7.1,2025-08-06T16:30:00+09:30,PT5M
32,63,0,418,479,0,1010.8,57,2.4,62,SUNNY,14.9,7.1,2025-08-06T16:35:00+09:30,PT5M
32,63,0,401,460,0,1010.8,56,2.4,63,SUNNY,15,7.1,2025-08-06T16:40:00+09:30,PT5M
32,64,0,383,441,0,1010.8,55,2.4,64,SUNNY,15,7.1,2025-08-06T16:45:00+09:30,PT5M
32,64,0,365,422,0,1010.9,54,2.4,65,SUNNY,15,7.1,2025-08-06T16:50:00+09:30,PT5M
31,65,0,347,403,0,1010.9,54,2.4,66,SUNNY,15,7.1,2025-08-06T16:55:00+09:30,PT5M
31,65,0,328,384,0,1010.9,53,2.4,67,SUNNY,15.1,7.1,2025-08-06T17:00:00+09:30,PT5M
31,66,0,310,364,0,1010.9,52,2.4,68,SUNNY,15.1,7.1,2025-08-06T17:05:00+09:30,PT5M
31,66,0,291,344,0,1011,52,2.4,70,SUNNY,15.1,7.1,2025-08-06T17:10:00+09:30,PT5M
31,67,0,273,324,0,1011,51,2.4,71,SUNNY,15.2,7.2,2025-08-06T17:15:00+09:30,PT5M
31,67,0,254,304,0,1011,50,2.4,72,SUNNY,15.2,7.2,2025-08-06T17:20:00+09:30,PT5M
31,67,0,235,284,0,1011,49,2.4,73,SUNNY,15.2,7.2,2025-08-06T17:25:00+09:30,PT5M
31,68,0,217,264,0,1011.1,49,2.4,74,SUNNY,15.2,7.2,2025-08-06T17:30:00+09:30,PT5M
30,68,0,198,243,0,1011.1,48,2.4,75,SUNNY,15.3,7.3,2025-08-06T17:35:00+09:30,PT5M
30,69,0,180,223,0,1011.1,46,2.4,76,SUNNY,15.3,7.3,2025-08-06T17:40:00+09:30,PT5M
30,69,0,161,203,0,1011.2,45,2.4,77,SUNNY,15.3,7.3,2025-08-06T17:45:00+09:30,PT5M
30,69,0,143,182,0,1011.2,43,2.4,79,SUNNY,15.3,7.3,2025-08-06T17:50:00+09:30,PT5M
30,70,0,125,162,0,1011.3,42,2.4,80,SUNNY,15.4,7.4,2025-08-06T17:55:00+09:30,PT5M
30,70,0,108,142,0,1011.3,41,2.4,81,SUNNY,15.4,7.4,2025-08-06T18:00:00+09:30,PT5M
30,70,0,91,122,0,1011.3,39,2.4,82,SUNNY,15.5,7.4,2025-08-06T18:05:00+09:30,PT5M
30,71,0,75,103,0,1011.4,38,2.4,83,SUNNY,15.6,7.4,2025-08-06T18:10:00+09:30,PT5M
29,71,0,59,83,0,1011.4,36,2.4,84,SUNNY,15.7,7.5,2025-08-06T18:15:00+09:30,PT5M
29,71,0,44,61,0,1011.5,35,2.4,85,SUNNY,15.8,7.5,2025-08-06T18:20:00+09:30,PT5M
29,72,8.2,28,33,0,1011.5,34,2.5,87,MOSTLY SUNNY,15.9,7.6,2025-08-06T18:25:00+09:30,PT5M
29,72,12.1,16,17,0,1011.6,32,2.5,88,PARTLY CLOUDY,16,7.6,2025-08-06T18:30:00+09:30,PT5M
29,72,12.1,7,7,0,1011.6,31,2.5,89,PARTLY CLOUDY,16.1,7.6,2025-08-06T18:35:00+09:30,PT5M
29,73,12.1,0,0,0,1011.7,30,2.5,90,PARTLY CLOUDY,16.2,7.6,2025-08-06T18:40:00+09:30,PT5M
28,73,8.2,0,0,0,1011.8,28,2.5,91,MOSTLY CLEAR,16.3,7.7,2025-08-06T18:45:00+09:30,PT5M
28,73,0,0,0,0,1011.8,27,2.4,92,CLEAR,16.4,7.7,2025-08-06T18:50:00+09:30,PT5M
28,73,0,0,0,0,1011.9,25,2.4,94,CLEAR,16.5,7.8,2025-08-06T18:55:00+09:30,PT5M
27,74,0,0,0,0,1012,24,2.4,95,CLEAR,16.6,7.8,2025-08-06T19:00:00+09:30,PT5M
27,74,0,0,0,0,1012.1,22,2.4,96,CLEAR,16.8,7.8,2025-08-06T19:05:00+09:30,PT5M
27,74,8.2,0,0,0,1012.1,21,2.4,97,MOSTLY CLEAR,17,7.9,2025-08-06T19:10:00+09:30,PT5M
27,74,8.2,0,0,0,1012.2,19,2.4,98,MOSTLY CLEAR,17.2,7.9,2025-08-06T19:15:00+09:30,PT5M
26,74,0,0,0,0,1012.3,18,2.5,99,CLEAR,17.3,7.9,2025-08-06T19:20:00+09:30,PT5M
26,75,10.1,0,0,0,1012.4,16,2.5,101,PARTLY CLOUDY,17.5,8,2025-08-06T19:25:00+09:30,PT5M
26,75,14,0,0,0,1012.4,15,2.5,102,PARTLY CLOUDY,17.7,8,2025-08-06T19:30:00+09:30,PT5M
26,75,12.1,0,0,0,1012.5,14,2.4,103,PARTLY CLOUDY,17.9,8,2025-08-06T19:35:00+09:30,PT5M
25,75,12.1,0,0,0,1012.6,14,2.4,104,PARTLY CLOUDY,18.1,8.1,2025-08-06T19:40:00+09:30,PT5M
25,75,12.1,0,0,0,1012.6,13,2.3,105,PARTLY CLOUDY,18.3,8.1,2025-08-06T19:45:00+09:30,PT5M
25,76,10.1,0,0,0,1012.7,13,2.3,107,PARTLY CLOUDY,18.4,8.1,2025-08-06T19:50:00+09:30,PT5M
24,76,8.2,0,0,0,1012.7,13,2.2,108,MOSTLY CLEAR,18.6,8.2,2025-08-06T19:55:00+09:30,PT5M
24,76,10.1,0,0,0,1012.8,13,2.1,109,PARTLY CLOUDY,18.8,8.2,2025-08-06T20:00:00+09:30,PT5M
24,76,10.1,0,0,0,1012.9,12,2.1,110,PARTLY CLOUDY,19,8.2,2025-08-06T20:05:00+09:30,PT5M
24,76,17.8,0,0,0,1012.9,12,2,111,PARTLY CLOUDY,19.2,8.2,2025-08-06T20:10:00+09:30,PT5M
23,76,14,0,0,0,1013,12,1.9,112,PARTLY CLOUDY,19.4,8.3,2025-08-06T20:15:00+09:30,PT5M
23,77,8.2,0,0,0,1013,11,1.9,114,MOSTLY CLEAR,19.5,8.3,2025-08-06T20:20:00+09:30,PT5M
23,77,0,0,0,0,1013.1,11,1.8,115,CLEAR,19.7,8.3,2025-08-06T20:25:00+09:30,PT5M
22,77,10.1,0,0,0,1013.2,10,1.8,116,PARTLY CLOUDY,19.9,8.3,2025-08-06T20:30:00+09:30,PT5M
22,77,10.1,0,0,0,1013.2,9,1.7,117,PARTLY CLOUDY,20.1,8.4,2025-08-06T20:35:00+09:30,PT5M
22,77,12.1,0,0,0,1013.2,8,1.7,118,PARTLY CLOUDY,20.3,8.4,2025-08-06T20:40:00+09:30,PT5M
22,77,10.1,0,0,0,1013.3,7,1.7,120,PARTLY CLOUDY,20.5,8.4,2025-08-06T20:45:00+09:30,PT5M
22,77,14,0,0,0,1013.3,5,1.7,121,PARTLY CLOUDY,20.6,8.4,2025-08-06T20:50:00+09:30,PT5M
22,78,21.4,0,0,0,1013.3,4,1.7,122,PARTLY CLOUDY,20.8,8.5,2025-08-06T20:55:00+09:30,PT5M
22,78,26.8,0,0,0,1013.4,2,1.7,123,PARTLY CLOUDY,21,8.5,2025-08-06T21:00:00+09:30,PT5M
22,78,35.3,0,0,0,1013.4,1,1.6,124,MOSTLY CLOUDY,21.2,8.5,2025-08-06T21:05:00+09:30,PT5M
22,78,26.8,0,0,0,1013.4,360,1.6,126,PARTLY CLOUDY,21.4,8.6,2025-08-06T21:10:00+09:30,PT5M
22,78,28.5,0,0,0,1013.5,358,1.6,127,PARTLY CLOUDY,21.5,8.6,2025-08-06T21:15:00+09:30,PT5M
22,78,23.2,0,0,0,1013.5,357,1.6,128,PARTLY CLOUDY,21.7,8.6,2025-08-06T21:20:00+09:30,PT5M
22,78,26.8,0,0,0,1013.5,355,1.6,129,PARTLY CLOUDY,21.8,8.6,2025-08-06T21:25:00+09:30,PT5M
22,78,30.3,0,0,0,1013.6,354,1.6,130,PARTLY CLOUDY,22,8.7,2025-08-06T21:30:00+09:30,PT5M
22,78,26.8,0,0,0,1013.6,352,1.6,132,PARTLY CLOUDY,22.2,8.7,2025-08-06T21:35:00+09:30,PT5M
22,78,23.2,0,0,0,1013.6,349,1.5,133,PARTLY CLOUDY,22.4,8.8,2025-08-06T21:40:00+09:30,PT5M
22,78,25,0,0,0,1013.6,346,1.4,134,PARTLY CLOUDY,22.5,8.8,2025-08-06T21:45:00+09:30,PT5M
22,78,32,0,0,0,1013.6,343,1.3,135,PARTLY CLOUDY,22.7,8.8,2025-08-06T21:50:00+09:30,PT5M
22,78,36.9,0,0,0,1013.7,340,1.2,136,MOSTLY CLOUDY,22.9,8.8,2025-08-06T21:55:00+09:30,PT5M
22,78,40.1,0,0,0,1013.7,336,1.2,137,MOSTLY CLOUDY,23,8.9,2025-08-06T22:00:00+09:30,PT5M
22,78,25,0,0,0,1013.7,331,1.1,139,PARTLY CLOUDY,23.2,8.9,2025-08-06T22:05:00+09:30,PT5M
22,78,23.2,0,0,0,1013.7,326,1,140,PARTLY CLOUDY,23.3,8.9,2025-08-06T22:10:00+09:30,PT5M
22,78,10.1,0,0,0,1013.7,320,1,141,PARTLY CLOUDY,23.5,9,2025-08-06T22:15:00+09:30,PT5M
22,78,10.1,0,0,0,1013.7,314,0.9,142,PARTLY CLOUDY,23.6,9,2025-08-06T22:20:00+09:30,PT5M
22,78,15.9,0,0,0,1013.8,307,0.9,143,PARTLY CLOUDY,23.8,9,2025-08-06T22:25:00+09:30,PT5M
22,78,14,0,0,0,1013.8,300,0.9,145,PARTLY CLOUDY,23.9,9,2025-08-06T22:30:00+09:30,PT5M
22,78,8.2,0,0,0,1013.8,296,0.9,146,MOSTLY CLEAR,24.1,9.1,2025-08-06T22:35:00+09:30,PT5M
22,78,10.1,0,0,0,1013.8,295,0.9,147,PARTLY CLOUDY,24.2,9.1,2025-08-06T22:40:00+09:30,PT5M
22,78,0,0,0,0,1013.8,295,0.9,148,CLEAR,24.4,9.1,2025-08-06T22:45:00+09:30,PT5M
22,78,0,0,0,0,1013.8,294,0.8,149,CLEAR,24.5,9.1,2025-08-06T22:50:00+09:30,PT5M
22,77,0,0,0,0,1013.9,293,0.8,151,CLEAR,24.7,9.2,2025-08-06T22:55:00+09:30,PT5M
22,77,10.1,0,0,0,1013.9,292,0.8,152,PARTLY CLOUDY,24.8,9.2,2025-08-06T23:00:00+09:30,PT5M
21,77,10.1,0,0,0,1013.9,291,0.8,153,PARTLY CLOUDY,25,9.2,2025-08-06T23:05:00+09:30,PT5M
21,77,10.1,0,0,0,1013.9,290,0.8,154,PARTLY CLOUDY,25.1,9.2,2025-08-06T23:10:00+09:30,PT5M
21,76,10.1,0,0,0,1013.9,290,0.8,155,PARTLY CLOUDY,25.3,9.3,2025-08-06T23:15:00+09:30,PT5M
21,76,10.1,0,0,0,1013.9,289,0.8,157,PARTLY CLOUDY,25.4,9.3,2025-08-06T23:20:00+09:30,PT5M
21,75,10.1,0,0,0,1014,288,0.7,158,PARTLY CLOUDY,25.6,9.4,2025-08-06T23:25:00+09:30,PT5M
21,75,10.1,0,0,0,1014,286,0.7,159,PARTLY CLOUDY,25.7,9.4,2025-08-06T23:30:00+09:30,PT5M
21,74,10.1,0,0,0,1014,287,0.7,160,PARTLY CLOUDY,25.9,9.4,2025-08-06T23:35:00+09:30,PT5M
21,74,10.1,0,0,0,1014,288,0.7,161,PARTLY CLOUDY,26,9.4,2025-08-06T23:40:00+09:30,PT5M
21,73,8.2,0,0,0,1014,289,0.6,162,MOSTLY CLEAR,26.2,9.5,2025-08-06T23:45:00+09:30,PT5M
21,72,8.2,0,0,0,1014.1,291,0.6,164,MOSTLY CLEAR,26.3,9.5,2025-08-06T23:50:00+09:30,PT5M
21,71,8.2,0,0,0,1014.1,293,0.5,165,MOSTLY CLEAR,26.5,9.6,2025-08-06T23:55:00+09:30,PT5M
20,69,8.2,0,0,0,1014.1,295,0.5,166,MOSTLY CLEAR,26.6,9.6,2025-08-07T00:00:00+09:30,PT5M
20,68,8.2,0,0,0,1014.1,298,0.4,167,MOSTLY CLEAR,26.8,9.6,2025-08-07T00:05:00+09:30,PT5M
20,66,8.2,0,0,0,1014.2,302,0.4,168,MOSTLY CLEAR,27,9.6,2025-08-07T00:10:00+09:30,PT5M
20,64,8.2,0,0,0,1014.2,306,0.3,169,MOSTLY CLEAR,27.1,9.7,2025-08-07T00:15:00+09:30,PT5M
20,61,8.2,0,0,0,1014.2,312,0.3,170,MOSTLY CLEAR,27.3,9.7,2025-08-07T00:20:00+09:30,PT5M
20,57,8.2,0,0,0,1014.2,319,0.3,171,MOSTLY CLEAR,27.5,9.8,2025-08-07T00:25:00+09:30,PT5M
20,52,8.2,0,0,0,1014.3,328,0.2,172,MOSTLY CLEAR,27.7,9.8,2025-08-07T00:30:00+09:30,PT5M
20,46,8.2,0,0,0,1014.3,337,0.2,173,MOSTLY CLEAR,27.8,9.8,2025-08-07T00:35:00+09:30,PT5M
20,38,8.2,0,0,0,1014.2,344,0.2,174,MOSTLY CLEAR,28,9.8,2025-08-07T00:40:00+09:30,PT5M
20,28,8.2,0,0,0,1014.2,351,0.2,175,MOSTLY CLEAR,28.2,9.9,2025-08-07T00:45:00+09:30,PT5M
20,15,8.2,0,0,0,1014.1,357,0.3,175,MOSTLY CLEAR,28.4,9.9,2025-08-07T00:50:00+09:30,PT5M
20,1,8.2,0,0,0,1014.1,3,0.3,175,MOSTLY CLEAR,28.5,10,2025-08-07T00:55:00+09:30,PT5M
20,-14,8.2,0,0,0,1014,7,0.3,175,MOSTLY CLEAR,28.7,10,2025-08-07T01:00:00+09:30,PT5M
20,-27,8.2,0,0,0,1014,11,0.3,175,MOSTLY CLEAR,28.9,10,2025-08-07T01:05:00+09:30,PT5M
20,-38,8.2,0,0,0,1013.9,15,0.3,174,MOSTLY CLEAR,29.1,10.1,2025-08-07T01:10:00+09:30,PT5M
20,-46,8.2,0,0,0,1013.9,18,0.4,173,MOSTLY CLEAR,29.3,10.1,2025-08-07T01:15:00+09:30,PT5M
20,-52,8.2,0,0,0,1013.8,21,0.4,172,MOSTLY CLEAR,29.6,10.1,2025-08-07T01:20:00+09:30,PT5M
20,-57,10.1,0,0,0,1013.8,23,0.4,171,PARTLY CLOUDY,29.8,10.2,2025-08-07T01:25:00+09:30,PT5M
19,-61,8.2,0,0,0,1013.7,26,0.4,170,MOSTLY CLEAR,30,10.2,2025-08-07T01:30:00+09:30,PT5M
19,-63,10.1,0,0,0,1013.7,28,0.4,169,PARTLY CLOUDY,30.2,10.3,2025-08-07T01:35:00+09:30,PT5M
19,-66,12.1,0,0,0,1013.7,32,0.5,168,PARTLY CLOUDY,30.4,10.3,2025-08-07T01:40:00+09:30,PT5M
19,-68,12.1,0,0,0,1013.7,35,0.5,167,PARTLY CLOUDY,30.6,10.4,2025-08-07T01:45:00+09:30,PT5M
19,-69,10.1,0,0,0,1013.7,38,0.5,166,PARTLY CLOUDY,30.9,10.4,2025-08-07T01:50:00+09:30,PT5M
19,-71,10.1,0,0,0,1013.6,41,0.5,165,PARTLY CLOUDY,31.1,10.4,2025-08-07T01:55:00+09:30,PT5M
19,-72,10.1,0,0,0,1013.6,44,0.5,164,PARTLY CLOUDY,31.3,10.5,2025-08-07T02:00:00+09:30,PT5M
19,-73,10.1,0,0,0,1013.6,46,0.5,163,PARTLY CLOUDY,31.5,10.5,2025-08-07T02:05:00+09:30,PT5M
19,-74,10.1,0,0,0,1013.6,49,0.5,161,PARTLY CLOUDY,31.7,10.6,2025-08-07T02:10:00+09:30,PT5M
19,-74,10.1,0,0,0,1013.6,51,0.5,160,PARTLY CLOUDY,31.9,10.6,2025-08-07T02:15:00+09:30,PT5M
19,-75,8.2,0,0,0,1013.6,54,0.5,159,MOSTLY CLEAR,32.1,10.6,2025-08-07T02:20:00+09:30,PT5M
19,-75,8.2,0,0,0,1013.6,56,0.6,158,MOSTLY CLEAR,32.3,10.7,2025-08-07T02:25:00+09:30,PT5M
19,-76,8.2,0,0,0,1013.6,58,0.6,157,MOSTLY CLEAR,32.5,10.7,2025-08-07T02:30:00+09:30,PT5M
19,-76,8.2,0,0,0,1013.6,59,0.6,155,MOSTLY CLEAR,32.8,10.8,2025-08-07T02:35:00+09:30,PT5M
18,-77,8.2,0,0,0,1013.5,60,0.6,154,MOSTLY CLEAR,33,10.8,2025-08-07T02:40:00+09:30,PT5M
18,-77,8.2,0,0,0,1013.5,60,0.6,153,MOSTLY CLEAR,33.2,10.9,2025-08-07T02:45:00+09:30,PT5M
18,-77,8.2,0,0,0,1013.4,61,0.7,152,MOSTLY CLEAR,33.4,10.9,2025-08-07T02:50:00+09:30,PT5M
18,-77,8.2,0,0,0,1013.4,61,0.7,151,MOSTLY CLEAR,33.6,10.9,2025-08-07T02:55:00+09:30,PT5M
18,-78,8.2,0,0,0,1013.4,62,0.7,150,MOSTLY CLEAR,33.8,11,2025-08-07T03:00:00+09:30,PT5M
18,-78,8.2,0,0,0,1013.3,62,0.8,148,MOSTLY CLEAR,34,11,2025-08-07T03:05:00+09:30,PT5M
18,-78,8.2,0,0,0,1013.3,62,0.8,147,MOSTLY CLEAR,34.2,11.1,2025-08-07T03:10:00+09:30,PT5M
18,-78,8.2,0,0,0,1013.2,63,0.8,146,MOSTLY CLEAR,34.4,11.1,2025-08-07T03:15:00+09:30,PT5M
18,-78,8.2,0,0,0,1013.2,63,0.8,145,MOSTLY CLEAR,34.7,11.2,2025-08-07T03:20:00+09:30,PT5M
18,-78,10.1,0,0,0,1013.1,63,0.9,144,PARTLY CLOUDY,34.9,11.2,2025-08-07T03:25:00+09:30,PT5M
18,-78,10.1,0,0,0,1013.1,63,0.9,142,PARTLY CLOUDY,35.1,11.3,2025-08-07T03:30:00+09:30,PT5M
18,-78,10.1,0,0,0,1013.1,65,0.9,141,PARTLY CLOUDY,35.3,11.3,2025-08-07T03:35:00+09:30,PT5M
18,-78,10.1,0,0,0,1013.1,68,0.9,140,PARTLY CLOUDY,35.5,11.4,2025-08-07T03:40:00+09:30,PT5M
18,-78,10.1,0,0,0,1013.1,71,1,139,PARTLY CLOUDY,35.7,11.4,2025-08-07T03:45:00+09:30,PT5M
18,-78,10.1,0,0,0,1013.1,74,1,138,PARTLY CLOUDY,36,11.5,2025-08-07T03:50:00+09:30,PT5M
18,-78,10.1,0,0,0,1013.2,76,1.1,136,PARTLY CLOUDY,36.2,11.5,2025-08-07T03:55:00+09:30,PT5M
18,-78,10.1,0,0,0,1013.2,79,1.1,135,PARTLY CLOUDY,36.4,11.6,2025-08-07T04:00:00+09:30,PT5M
18,-78,8.2,0,0,0,1013.2,81,1.1,134,MOSTLY CLEAR,36.6,11.6,2025-08-07T04:05:00+09:30,PT5M
17,-78,8.2,0,0,0,1013.2,83,1.2,133,MOSTLY CLEAR,36.8,11.7,2025-08-07T04:10:00+09:30,PT5M
17,-78,8.2,0,0,0,1013.2,85,1.2,132,MOSTLY CLEAR,37,11.7,2025-08-07T04:15:00+09:30,PT5M
17,-78,10.1,0,0,0,1013.2,86,1.3,130,PARTLY CLOUDY,37.3,11.8,2025-08-07T04:20:00+09:30,PT5M
17,-78,8.2,0,0,0,1013.3,88,1.3,129,MOSTLY CLEAR,37.5,11.8,2025-08-07T04:25:00+09:30,PT5M
17,-78,8.2,0,0,0,1013.3,89,1.4,128,MOSTLY CLEAR,37.7,11.9,2025-08-07T04:30:00+09:30,PT5M
17,-78,8.2,0,0,0,1013.3,91,1.4,127,MOSTLY CLEAR,37.9,11.9,2025-08-07T04:35:00+09:30,PT5M
17,-78,10.1,0,0,0,1013.3,92,1.4,126,PARTLY CLOUDY,38.1,12,2025-08-07T04:40:00+09:30,PT5M
17,-78,10.1,0,0,0,1013.3,93,1.4,124,PARTLY CLOUDY,38.3,12,2025-08-07T04:45:00+09:30,PT5M
17,-78,10.1,0,0,0,1013.3,95,1.5,123,PARTLY CLOUDY,38.6,12.1,2025-08-07T04:50:00+09:30,PT5M
17,-78,8.2,0,0,0,1013.4,96,1.5,122,MOSTLY CLEAR,38.8,12.1,2025-08-07T04:55:00+09:30,PT5M
17,-78,10.1,0,0,0,1013.4,97,1.5,121,PARTLY CLOUDY,39,12.2,2025-08-07T05:00:00+09:30,PT5M
17,-77,10.1,0,0,0,1013.4,98,1.5,120,PARTLY CLOUDY,39.2,12.2,2025-08-07T05:05:00+09:30,PT5M
17,-77,10.1,0,0,0,1013.4,99,1.5,118,PARTLY CLOUDY,39.4,12.3,2025-08-07T05:10:00+09:30,PT5M
17,-77,8.2,0,0,0,1013.4,100,1.6,117,MOSTLY CLEAR,39.6,12.3,2025-08-07T05:15:00+09:30,PT5M
17,-77,10.1,0,0,0,1013.4,101,1.6,116,PARTLY CLOUDY,39.8,12.3,2025-08-07T05:20:00+09:30,PT5M
17,-77,10.1,0,0,0,1013.5,103,1.6,115,PARTLY CLOUDY,40,12.4,2025-08-07T05:25:00+09:30,PT5M
17,-77,10.1,0,0,0,1013.5,104,1.6,114,PARTLY CLOUDY,40.2,12.4,2025-08-07T05:30:00+09:30,PT5M
17,-77,8.2,0,0,0,1013.5,104,1.7,113,MOSTLY CLEAR,40.5,12.5,2025-08-07T05:35:00+09:30,PT5M
17,-76,8.2,0,0,0,1013.6,105,1.7,111,MOSTLY CLEAR,40.7,12.5,2025-08-07T05:40:00+09:30,PT5M
17,-76,8.2,0,0,0,1013.7,105,1.7,110,MOSTLY CLEAR,40.9,12.6,2025-08-07T05:45:00+09:30,PT5M
17,-76,10.1,0,0,0,1013.7,105,1.7,109,PARTLY CLOUDY,41.1,12.6,2025-08-07T05:50:00+09:30,PT5M
17,-76,10.1,0,0,0,1013.8,106,1.7,108,PARTLY CLOUDY,41.3,12.6,2025-08-07T05:55:00+09:30,PT5M
17,-76,10.1,0,0,0,1013.9,106,1.8,107,PARTLY CLOUDY,41.5,12.7,2025-08-07T06:00:00+09:30,PT5M
17,-76,10.1,0,0,0,1013.9,107,1.8,105,PARTLY CLOUDY,41.6,12.7,2025-08-07T06:05:00+09:30,PT5M
17,-75,12.1,0,0,0,1014,107,1.8,104,PARTLY CLOUDY,41.6,12.8,2025-08-07T06:10:00+09:30,PT5M
17,-75,12.1,0,0,0,1014.1,107,1.8,103,PARTLY CLOUDY,41.6,12.8,2025-08-07T06:15:00+09:30,PT5M
17,-75,12.1,0,0,0,1014.1,108,1.8,102,PARTLY CLOUDY,41.6,12.8,2025-08-07T06:20:00+09:30,PT5M
17,-75,12.1,0,0,0,1014.2,108,1.9,101,PARTLY CLOUDY,41.6,12.8,2025-08-07T06:25:00+09:30,PT5M
17,-75,12.1,0,0,0,1014.3,108,1.9,100,PARTLY CLOUDY,41.6,12.9,2025-08-07T06:30:00+09:30,PT5M
17,-74,8.2,0,0,0,1014.3,108,1.9,98,MOSTLY CLEAR,41.5,12.9,2025-08-07T06:35:00+09:30,PT5M
17,-74,0,0,0,0,1014.4,108,1.9,97,CLEAR,41.5,13,2025-08-07T06:40:00+09:30,PT5M
17,-74,0,0,0,0,1014.4,108,2,96,CLEAR,41.5,13,2025-08-07T06:45:00+09:30,PT5M
17,-74,0,0,0,0,1014.5,108,2,95,CLEAR,41.5,13,2025-08-07T06:50:00+09:30,PT5M
17,-73,0,0,0,0,1014.5,108,2,94,CLEAR,41.5,13,2025-08-07T06:55:00+09:30,PT5M
17,-73,0,0,0,0,1014.6,108,2,92,CLEAR,41.5,13.1,2025-08-07T07:00:00+09:30,PT5M
18,-73,0,0,0,0,1014.6,108,2.1,91,CLEAR,41.4,13.1,2025-08-07T07:05:00+09:30,PT5M
18,-73,0,0,0,0,1014.7,108,2.1,90,CLEAR,41.2,13,2025-08-07T07:10:00+09:30,PT5M
18,-72,0,6,6,0,1014.7,108,2.1,89,SUNNY,40.9,13,2025-08-07T07:15:00+09:30,PT5M
18,-72,0,16,17,0,1014.8,108,2.1,88,SUNNY,40.7,13,2025-08-07T07:20:00+09:30,PT5M
18,-72,0,27,32,0,1014.8,108,2.2,87,SUNNY,40.5,12.9,2025-08-07T07:25:00+09:30,PT5M
18,-72,0,39,51,0,1014.9,108,2.2,86,SUNNY,40.3,12.9,2025-08-07T07:30:00+09:30,PT5M
18,-71,0,53,72,0,1014.9,108,2.2,84,SUNNY,40,12.8,2025-08-07T07:35:00+09:30,PT5M
18,-71,0,68,90,0,1014.9,108,2.2,83,SUNNY,39.8,12.8,2025-08-07T07:40:00+09:30,PT5M
19,-71,0,84,109,0,1014.9,107,2.2,82,SUNNY,39.6,12.7,2025-08-07T07:45:00+09:30,PT5M
19,-70,0,100,129,0,1014.9,107,2.2,81,SUNNY,39.4,12.7,2025-08-07T07:50:00+09:30,PT5M
19,-70,0,117,148,0,1015,107,2.2,80,SUNNY,39.1,12.7,2025-08-07T07:55:00+09:30,PT5M
20,-70,0,134,168,0,1015,106,2.2,79,SUNNY,38.9,12.6,2025-08-07T08:00:00+09:30,PT5M
20,-69,0,152,188,0,1015,106,2.2,77,SUNNY,38.7,12.5,2025-08-07T08:05:00+09:30,PT5M
20,-69,0,170,208,0,1015,105,2.2,76,SUNNY,38.5,12.4,2025-08-07T08:10:00+09:30,PT5M
21,-68,0,188,228,0,1015,105,2.2,75,SUNNY,38.2,12.2,2025-08-07T08:15:00+09:30,PT5M
21,-68,0,206,248,0,1015,104,2.2,74,SUNNY,38,12,2025-08-07T08:20:00+09:30,PT5M
22,-68,0,224,268,0,1015.1,104,2.2,73,SUNNY,37.8,11.9,2025-08-07T08:25:00+09:30,PT5M
22,-67,0,242,288,0,1015.1,104,2.2,72,SUNNY,37.5,11.7,2025-08-07T08:30:00+09:30,PT5M
22,-67,0,261,308,0,1015.1,103,2.1,71,SUNNY,37.3,11.6,2025-08-07T08:35:00+09:30,PT5M
23,-66,0,279,327,0,1015.2,102,2.1,70,SUNNY,37,11.4,2025-08-07T08:40:00+09:30,PT5M
23,-66,0,297,347,0,1015.2,101,2.1,68,SUNNY,36.8,11.3,2025-08-07T08:45:00+09:30,PT5M
23,-65,0,315,367,0,1015.3,100,2,67,SUNNY,36.6,11.1,2025-08-07T08:50:00+09:30,PT5M
24,-65,0,333,386,0,1015.3,99,2,66,SUNNY,36.4,10.9,2025-08-07T08:55:00+09:30,PT5M
24,-64,0,351,405,0,1015.4,98,2,65,SUNNY,36.1,10.8,2025-08-07T09:00:00+09:30,PT5M
24,-64,0,369,424,0,1015.4,97,2,64,SUNNY,35.9,10.7,2025-08-07T09:05:00+09:30,PT5M
25,-63,0,387,442,0,1015.5,96,1.9,63,SUNNY,35.7,10.7,2025-08-07T09:10:00+09:30,PT5M
25,-63,0,404,461,0,1015.5,94,1.9,62,SUNNY,35.4,10.7,2025-08-07T09:15:00+09:30,PT5M
25,-62,0,421,479,0,1015.6,93,1.9,61,SUNNY,35.2,10.6,2025-08-07T09:20:00+09:30,PT5M
26,-62,0,438,497,0,1015.6,92,1.8,60,SUNNY,35,10.6,2025-08-07T09:25:00+09:30,PT5M
26,-61,0,455,514,0,1015.7,91,1.8,59,SUNNY,34.8,10.6,2025-08-07T09:30:00+09:30,PT5M
26,-60,0,472,532,0,1015.7,89,1.8,58,SUNNY,34.5,10.6,2025-08-07T09:35:00+09:30,PT5M
26,-60,0,488,549,0,1015.7,88,1.8,56,SUNNY,34.3,10.6,2025-08-07T09:40:00+09:30,PT5M
27,-59,0,504,566,0,1015.8,86,1.8,55,SUNNY,34.1,10.6,2025-08-07T09:45:00+09:30,PT5M
27,-58,0,520,582,0,1015.8,85,1.8,54,SUNNY,33.9,10.5,2025-08-07T09:50:00+09:30,PT5M
27,-58,0,535,598,0,1015.8,83,1.9,53,SUNNY,33.6,10.5,2025-08-07T09:55:00+09:30,PT5M
27,-57,0,550,614,0,1015.8,82,1.9,52,SUNNY,33.4,10.5,2025-08-07T10:00:00+09:30,PT5M
27,-56,0,565,630,0,1015.9,80,1.9,51,SUNNY,33.2,10.5,2025-08-07T10:05:00+09:30,PT5M
27,-55,0,580,645,0,1015.9,79,1.9,50,SUNNY,33,10.4,2025-08-07T10:10:00+09:30,PT5M
28,-54,0,594,660,0,1015.9,77,1.9,49,SUNNY,32.8,10.4,2025-08-07T10:15:00+09:30,PT5M
28,-53,0,608,675,0,1015.9,76,1.9,48,SUNNY,32.6,10.4,2025-08-07T10:20:00+09:30,PT5M
28,-52,0,622,690,0,1016,74,2,47,SUNNY,32.4,10.3,2025-08-07T10:25:00+09:30,PT5M
28,-51,0,636,704,0,1016,73,2,46,SUNNY,32.2,10.3,2025-08-07T10:30:00+09:30,PT5M
28,-50,0,649,717,0,1016,72,2,45,SUNNY,31.9,10.2,2025-08-07T10:35:00+09:30,PT5M
29,-49,0,661,731,0,1015.9,71,2,44,SUNNY,31.7,10.2,2025-08-07T10:40:00+09:30,PT5M
29,-48,0,674,743,0,1015.8,70,2,44,SUNNY,31.5,10.1,2025-08-07T10:45:00+09:30,PT5M
29,-47,0,686,756,0,1015.8,70,2.1,43,SUNNY,31.3,10.1,2025-08-07T10:50:00+09:30,PT5M
29,-46,0,697,768,0,1015.7,69,2.1,42,SUNNY,31.1,10.1,2025-08-07T10:55:00+09:30,PT5M
29,-45,0,708,779,0,1015.6,68,2.1,41,SUNNY,30.9,10,2025-08-07T11:00:00+09:30,PT5M
30,-43,0,719,790,0,1015.6,67,2.1,40,SUNNY,30.7,10,2025-08-07T11:05:00+09:30,PT5M
30,-42,0,729,801,0,1015.5,67,2.1,39,SUNNY,30.5,9.9,2025-08-07T11:10:00+09:30,PT5M
30,-41,0,739,811,0,1015.4,66,2.2,38,SUNNY,30.3,9.9,2025-08-07T11:15:00+09:30,PT5M
30,-39,0,748,821,0,1015.4,65,2.2,38,SUNNY,30.1,9.9,2025-08-07T11:20:00+09:30,PT5M
30,-38,0,757,830,0,1015.3,64,2.2,37,SUNNY,29.9,9.8,2025-08-07T11:25:00+09:30,PT5M
31,-36,0,765,839,0,1015.2,64,2.2,36,SUNNY,29.7,9.8,2025-08-07T11:30:00+09:30,PT5M
31,-34,0,773,847,0,1015.1,63,2.3,35,SUNNY,29.4,9.7,2025-08-07T11:35:00+09:30,PT5M
31,-33,0,781,855,0,1015,62,2.3,35,SUNNY,29.2,9.7,2025-08-07T11:40:00+09:30,PT5M
31,-31,0,788,862,0,1014.9,62,2.4,34,SUNNY,29,9.6,2025-08-07T11:45:00+09:30,PT5M
31,-29,0,794,869,0,1014.8,61,2.4,33,SUNNY,28.8,9.6,2025-08-07T11:50:00+09:30,PT5M
31,-27,0,800,875,0,1014.7,60,2.5,33,SUNNY,28.6,9.6,2025-08-07T11:55:00+09:30,PT5M
31,-25,0,806,881,0,1014.6,60,2.5,32,SUNNY,28.4,9.5,2025-08-07T12:00:00+09:30,PT5M
31,-23,0,811,886,0,1014.5,59,2.6,32,SUNNY,28.3,9.5,2025-08-07T12:05:00+09:30,PT5M
31,-21,0,816,891,0,1014.4,59,2.6,31,SUNNY,28.3,9.5,2025-08-07T12:10:00+09:30,PT5M
31,-19,0,820,895,0,1014.3,58,2.7,31,SUNNY,28.3,9.5,2025-08-07T12:15:00+09:30,PT5M
31,-17,0,823,899,0,1014.2,58,2.7,31,SUNNY,28.3,9.4,2025-08-07T12:20:00+09:30,PT5M
31,-14,0,827,903,0,1014,57,2.8,30,SUNNY,28.3,9.4,2025-08-07T12:25:00+09:30,PT5M
31,-12,0,829,905,0,1013.9,57,2.9,30,SUNNY,28.3,9.4,2025-08-07T12:30:00+09:30,PT5M
31,-10,0,832,908,0,1013.8,56,2.9,30,SUNNY,28.4,9.4,2025-08-07T12:35:00+09:30,PT5M
32,-7,0,833,910,0,1013.7,56,2.9,30,SUNNY,28.4,9.4,2025-08-07T12:40:00+09:30,PT5M
32,-5,0,835,911,0,1013.6,56,2.9,29,SUNNY,28.4,9.4,2025-08-07T12:45:00+09:30,PT5M
32,-2,0,836,912,0,1013.4,56,2.9,29,SUNNY,28.4,9.3,2025-08-07T12:50:00+09:30,PT5M
32,0,0,836,912,0,1013.3,55,2.9,29,SUNNY,28.4,9.3,2025-08-07T12:55:00+09:30,PT5M
32,2,0,836,912,0,1013.2,55,2.9,29,SUNNY,28.4,9.3,2025-08-07T13:00:00+09:30,PT5M
32,5,0,835,911,0,1013.1,55,2.9,29,SUNNY,28.5,9.3,2025-08-07T13:05:00+09:30,PT5M
32,7,0,834,910,0,1012.9,55,2.9,30,SUNNY,28.8,9.3,2025-08-07T13:10:00+09:30,PT5M
32,10,0,832,908,0,1012.8,54,2.9,30,SUNNY,29,9.3,2025-08-07T13:15:00+09:30,PT5M
32,12,0,830,906,0,1012.7,54,2.9,30,SUNNY,29.2,9.3,2025-08-07T13:20:00+09:30,PT5M
32,14,0,827,903,0,1012.6,54,2.9,30,SUNNY,29.5,9.3,2025-08-07T13:25:00+09:30,PT5M
32,17,0,824,900,0,1012.4,54,2.9,31,SUNNY,29.7,9.3,2025-08-07T13:30:00+09:30,PT5M
32,19,0,820,896,0,1012.4,53,2.8,31,SUNNY,30,9.3,2025-08-07T13:35:00+09:30,PT5M
33,21,0,816,892,0,1012.3,53,2.8,31,SUNNY,30.2,9.3,2025-08-07T13:40:00+09:30,PT5M
33,23,0,812,887,0,1012.3,52,2.8,32,SUNNY,30.5,9.3,2025-08-07T13:45:00+09:30,PT5M
33,25,0,807,882,0,1012.2,51,2.8,32,SUNNY,30.7,9.3,2025-08-07T13:50:00+09:30,PT5M
33,27,0,801,876,0,1012.2,51,2.7,33,SUNNY,30.9,9.3,2025-08-07T13:55:00+09:30,PT5M
33,29,0,795,870,0,1012.1,50,2.7,33,SUNNY,31.2,9.3,2025-08-07T14:00:00+09:30,PT5M
33,31,0,789,863,0,1012.1,49,2.7,34,SUNNY,31.4,9.3,2025-08-07T14:05:00+09:30,PT5M
33,33,0,782,856,0,1012,48,2.7,35,SUNNY,31.7,9.3,2025-08-07T14:10:00+09:30,PT5M
33,34,0,774,848,0,1012,48,2.6,35,SUNNY,31.9,9.3,2025-08-07T14:15:00+09:30,PT5M
33,36,0,766,840,0,1011.9,47,2.6,36,SUNNY,32.1,9.4,2025-08-07T14:20:00+09:30,PT5M
33,38,0,758,831,0,1011.9,46,2.6,37,SUNNY,32.4,9.4,2025-08-07T14:25:00+09:30,PT5M
33,39,0,749,822,0,1011.8,45,2.6,38,SUNNY,32.6,9.4,2025-08-07T14:30:00+09:30,PT5M
33,41,0,740,812,0,1011.8,45,2.5,38,SUNNY,32.9,9.4,2025-08-07T14:35:00+09:30,PT5M
33,42,0,730,802,0,1011.7,44,2.5,39,SUNNY,33.1,9.4,2025-08-07T14:40:00+09:30,PT5M
33,43,0,720,792,0,1011.7,43,2.5,40,SUNNY,33.4,9.4,2025-08-07T14:45:00+09:30,PT5M
33,45,0,710,781,0,1011.6,42,2.4,41,SUNNY,33.6,9.5,2025-08-07T14:50:00+09:30,PT5M
33,46,0,699,770,0,1011.6,41,2.4,42,SUNNY,33.8,9.5,2025-08-07T14:55:00+09:30,PT5M
33,47,0,687,758,0,1011.5,40,2.4,43,SUNNY,34.1,9.5,2025-08-07T15:00:00+09:30,PT5M
33,48,0,675,745,0,1011.5,39,2.3,43,SUNNY,34.3,9.6,2025-08-07T15:05:00+09:30,PT5M
33,49,0,662,732,0,1011.5,38,2.3,44,SUNNY,34.5,9.8,2025-08-07T15:10:00+09:30,PT5M
33,50,0,649,718,0,1011.4,37,2.3,45,SUNNY,34.7,10.1,2025-08-07T15:15:00+09:30,PT5M
33,52,0,636,703,0,1011.4,36,2.2,46,SUNNY,34.8,10.3,2025-08-07T15:20:00+09:30,PT5M
33,52,0,622,688,0,1011.3,35,2.2,47,SUNNY,35,10.6,2025-08-07T15:25:00+09:30,PT5M
33,53,0,607,673,0,1011.3,34,2.2,48,SUNNY,35.2,10.8,2025-08-07T15:30:00+09:30,PT5M
33,54,0,592,657,0,1011.3,33,2.1,49,SUNNY,35.4,11,2025-08-07T15:35:00+09:30,PT5M
33,55,0,577,641,0,1011.3,32,2.1,50,SUNNY,35.6,11.3,2025-08-07T15:40:00+09:30,PT5M
33,56,0,562,625,0,1011.3,32,2.1,51,SUNNY,35.8,11.5,2025-08-07T15:45:00+09:30,PT5M
33,57,0,546,608,0,1011.4,31,2.1,52,SUNNY,35.9,11.7,2025-08-07T15:50:00+09:30,PT5M
33,58,0,530,591,0,1011.4,30,2,53,SUNNY,36.1,12,2025-08-07T15:55:00+09:30,PT5M
33,58,0,514,573,0,1011.4,29,2,54,SUNNY,36.3,12.2,2025-08-07T16:00:00+09:30,PT5M
33,59,0,497,556,0,1011.4,28,2,55,SUNNY,36.5,12.3,2025-08-07T16:05:00+09:30,PT5M
32,60,0,481,539,0,1011.5,27,2,56,SUNNY,36.6,12.3,2025-08-07T16:10:00+09:30,PT5M
32,60,0,465,522,0,1011.5,26,1.9,57,SUNNY,36.7,12.3,2025-08-07T16:15:00+09:30,PT5M
32,61,0,448,504,0,1011.5,25,1.9,58,SUNNY,36.8,12.3,2025-08-07T16:20:00+09:30,PT5M
32,62,0,431,487,0,1011.5,24,1.9,60,SUNNY,36.9,12.3,2025-08-07T16:25:00+09:30,PT5M
32,62,0,414,468,0,1011.6,23,1.9,61,SUNNY,37,12.3,2025-08-07T16:30:00+09:30,PT5M
32,63,0,397,450,0,1011.6,22,1.8,62,SUNNY,37.2,12.4,2025-08-07T16:35:00+09:30,PT5M
32,63,0,379,431,0,1011.6,20,1.8,63,SUNNY,37.3,12.4,2025-08-07T16:40:00+09:30,PT5M
32,64,0,362,413,0,1011.7,18,1.8,64,SUNNY,37.4,12.4,2025-08-07T16:45:00+09:30,PT5M
32,65,0,344,394,0,1011.7,17,1.8,65,SUNNY,37.5,12.4,2025-08-07T16:50:00+09:30,PT5M
32,65,0,326,375,0,1011.7,15,1.8,66,SUNNY,37.6,12.4,2025-08-07T16:55:00+09:30,PT5M
31,66,0,308,355,0,1011.8,14,1.8,67,SUNNY,37.7,12.4,2025-08-07T17:00:00+09:30,PT5M
31,66,0,290,336,0,1011.8,12,1.8,68,SUNNY,37.9,12.4,2025-08-07T17:05:00+09:30,PT5M
31,66,0,272,316,0,1011.8,10,1.8,69,SUNNY,38,12.5,2025-08-07T17:10:00+09:30,PT5M
31,67,0,253,296,0,1011.9,9,1.8,71,SUNNY,38.1,12.5,2025-08-07T17:15:00+09:30,PT5M
31,67,0,235,276,0,1011.9,7,1.8,72,SUNNY,38.2,12.5,2025-08-07T17:20:00+09:30,PT5M
31,68,0,217,255,0,1011.9,6,1.8,73,SUNNY,38.4,12.6,2025-08-07T17:25:00+09:30,PT5M
30,68,0,198,235,0,1012,4,1.8,74,SUNNY,38.5,12.6,2025-08-07T17:30:00+09:30,PT5M
30,69,0,180,215,0,1012,2,1.8,75,SUNNY,38.6,12.7,2025-08-07T17:35:00+09:30,PT5M
30,69,0,162,195,0,1012.1,1,1.8,76,SUNNY,38.7,12.7,2025-08-07T17:40:00+09:30,PT5M
30,69,0,145,175,0,1012.2,359,1.8,77,SUNNY,38.9,12.8,2025-08-07T17:45:00+09:30,PT5M
30,70,0,127,155,0,1012.3,358,1.8,78,SUNNY,39,12.8,2025-08-07T17:50:00+09:30,PT5M
30,70,0,111,136,0,1012.4,356,1.8,80,SUNNY,39.1,12.8,2025-08-07T17:55:00+09:30,PT5M
30,70,0,94,116,0,1012.4,354,1.8,81,SUNNY,39.2,12.9,2025-08-07T18:00:00+09:30,PT5M
30,71,0,79,98,0,1012.5,353,1.8,82,SUNNY,39.4,12.9,2025-08-07T18:05:00+09:30,PT5M
29,71,0,64,80,0,1012.6,351,1.8,83,SUNNY,39.6,13,2025-08-07T18:10:00+09:30,PT5M
29,71,8.2,46,52,0,1012.7,350,1.8,84,MOSTLY SUNNY,39.8,13.1,2025-08-07T18:15:00+09:30,PT5M
29,72,10.1,33,35,0,1012.8,348,1.8,85,PARTLY CLOUDY,40,13.2,2025-08-07T18:20:00+09:30,PT5M
29,72,19.6,20,20,0,1012.9,347,1.8,87,PARTLY CLOUDY,40.2,13.3,2025-08-07T18:25:00+09:30,PT5M
29,72,28.5,11,11,0,1012.9,345,1.9,88,PARTLY CLOUDY,40.4,13.4,2025-08-07T18:30:00+09:30,PT5M
29,73,30.3,4,4,0,1013,343,1.9,89,PARTLY CLOUDY,40.7,13.4,2025-08-07T18:35:00+09:30,PT5M
29,73,32,0,0,0,1013.1,341,1.8,90,PARTLY CLOUDY,40.9,13.5,2025-08-07T18:40:00+09:30,PT5M
28,73,33.6,0,0,0,1013.1,339,1.8,91,PARTLY CLOUDY,41.1,13.6,2025-08-07T18:45:00+09:30,PT5M
28,73,35.3,0,0,0,1013.2,337,1.8,92,MOSTLY CLOUDY,41.3,13.7,2025-08-07T18:50:00+09:30,PT5M
28,74,36.9,0,0,0,1013.3,335,1.8,94,MOSTLY CLOUDY,41.5,13.8,2025-08-07T18:55:00+09:30,PT5M
28,74,33.6,0,0,0,1013.3,333,1.8,95,PARTLY CLOUDY,41.7,13.9,2025-08-07T19:00:00+09:30,PT5M
28,74,35.3,0,0,0,1013.4,331,1.8,96,MOSTLY CLOUDY,42,13.9,2025-08-07T19:05:00+09:30,PT5M
27,74,33.6,0,0,0,1013.5,329,1.8,97,PARTLY CLOUDY,42.3,14,2025-08-07T19:10:00+09:30,PT5M
27,74,33.6,0,0,0,1013.6,327,1.8,98,PARTLY CLOUDY,42.6,14,2025-08-07T19:15:00+09:30,PT5M
27,75,32,0,0,0,1013.6,325,1.8,99,PARTLY CLOUDY,42.9,14,2025-08-07T19:20:00+09:30,PT5M
27,75,30.3,0,0,0,1013.7,323,1.8,101,PARTLY CLOUDY,43.2,14.1,2025-08-07T19:25:00+09:30,PT5M
27,75,30.3,0,0,0,1013.8,320,1.8,102,PARTLY CLOUDY,43.4,14.1,2025-08-07T19:30:00+09:30,PT5M
26,75,30.3,0,0,0,1013.8,318,1.8,103,PARTLY CLOUDY,43.8,14.2,2025-08-07T19:35:00+09:30,PT5M
26,76,30.3,0,0,0,1013.9,315,1.8,104,PARTLY CLOUDY,44,14.2,2025-08-07T19:40:00+09:30,PT5M
26,76,30.3,0,0,0,1014,312,1.7,105,PARTLY CLOUDY,44.4,14.3,2025-08-07T19:45:00+09:30,PT5M
26,76,30.3,0,0,0,1014,308,1.6,107,PARTLY CLOUDY,44.7,14.3,2025-08-07T19:50:00+09:30,PT5M
26,76,28.5,0,0,0,1014.1,305,1.6,108,PARTLY CLOUDY,45,14.3,2025-08-07T19:55:00+09:30,PT5M
26,76,28.5,0,0,0,1014.2,301,1.6,109,PARTLY CLOUDY,45.3,14.4,2025-08-07T20:00:00+09:30,PT5M
26,76,26.8,0,0,0,1014.2,297,1.5,110,PARTLY CLOUDY,45.6,14.4,2025-08-07T20:05:00+09:30,PT5M
26,77,30.3,0,0,0,1014.3,293,1.5,111,PARTLY CLOUDY,45.9,14.4,2025-08-07T20:10:00+09:30,PT5M
25,77,33.6,0,0,0,1014.4,289,1.5,112,PARTLY CLOUDY,46.2,14.4,2025-08-07T20:15:00+09:30,PT5M
25,77,36.9,0,0,0,1014.4,284,1.5,114,MOSTLY CLOUDY,46.5,14.4,2025-08-07T20:20:00+09:30,PT5M
25,77,35.3,0,0,0,1014.5,280,1.5,115,MOSTLY CLOUDY,46.8,14.4,2025-08-07T20:25:00+09:30,PT5M
25,77,32,0,0,0,1014.6,276,1.5,116,PARTLY CLOUDY,47.1,14.4,2025-08-07T20:30:00+09:30,PT5M
25,77,32,0,0,0,1014.6,272,1.5,117,PARTLY CLOUDY,47.4,14.5,2025-08-07T20:35:00+09:30,PT5M
25,77,30.3,0,0,0,1014.6,270,1.5,118,PARTLY CLOUDY,47.7,14.5,2025-08-07T20:40:00+09:30,PT5M
25,78,30.3,0,0,0,1014.7,267,1.5,120,PARTLY CLOUDY,48,14.5,2025-08-07T20:45:00+09:30,PT5M
25,78,30.3,0,0,0,1014.7,264,1.5,121,PARTLY CLOUDY,48.3,14.5,2025-08-07T20:50:00+09:30,PT5M
25,78,30.3,0,0,0,1014.8,261,1.6,122,PARTLY CLOUDY,48.6,14.5,2025-08-07T20:55:00+09:30,PT5M
25,78,32,0,0,0,1014.8,259,1.6,123,PARTLY CLOUDY,48.9,14.5,2025-08-07T21:00:00+09:30,PT5M
25,78,33.6,0,0,0,1014.9,256,1.6,124,PARTLY CLOUDY,49.2,14.5,2025-08-07T21:05:00+09:30,PT5M
25,78,35.3,0,0,0,1014.9,254,1.6,126,MOSTLY CLOUDY,49.3,14.5,2025-08-07T21:10:00+09:30,PT5M
25,78,32,0,0,0,1014.9,251,1.7,127,PARTLY CLOUDY,49.5,14.5,2025-08-07T21:15:00+09:30,PT5M
24,78,30.3,0,0,0,1015,249,1.7,128,PARTLY CLOUDY,49.7,14.5,2025-08-07T21:20:00+09:30,PT5M
24,78,30.3,0,0,0,1015,247,1.7,129,PARTLY CLOUDY,49.8,14.5,2025-08-07T21:25:00+09:30,PT5M
24,78,30.3,0,0,0,1015.1,244,1.8,130,PARTLY CLOUDY,50,14.5,2025-08-07T21:30:00+09:30,PT5M
24,79,32,0,0,0,1015.1,243,1.8,132,PARTLY CLOUDY,50.1,14.5,2025-08-07T21:35:00+09:30,PT5M
24,79,32,0,0,0,1015.1,243,1.8,133,PARTLY CLOUDY,50.3,14.5,2025-08-07T21:40:00+09:30,PT5M
24,79,30.3,0,0,0,1015.2,243,1.8,134,PARTLY CLOUDY,50.4,14.5,2025-08-07T21:45:00+09:30,PT5M
24,79,28.5,0,0,0,1015.2,243,1.7,135,PARTLY CLOUDY,50.6,14.5,2025-08-07T21:50:00+09:30,PT5M
24,79,26.8,0,0,0,1015.2,242,1.7,136,PARTLY CLOUDY,50.8,14.5,2025-08-07T21:55:00+09:30,PT5M
24,79,26.8,0,0,0,1015.2,242,1.7,137,PARTLY CLOUDY,50.9,14.5,2025-08-07T22:00:00+09:30,PT5M
24,79,26.8,0,0,0,1015.3,242,1.7,139,PARTLY CLOUDY,51,14.5,2025-08-07T22:05:00+09:30,PT5M
24,79,28.5,0,0,0,1015.3,242,1.7,140,PARTLY CLOUDY,51,14.5,2025-08-07T22:10:00+09:30,PT5M
24,79,26.8,0,0,0,1015.3,241,1.7,141,PARTLY CLOUDY,51,14.5,2025-08-07T22:15:00+09:30,PT5M
24,79,26.8,0,0,0,1015.3,241,1.6,142,PARTLY CLOUDY,51.1,14.5,2025-08-07T22:20:00+09:30,PT5M
23,79,25,0,0,0,1015.4,241,1.6,143,PARTLY CLOUDY,51.1,14.5,2025-08-07T22:25:00+09:30,PT5M
23,79,25,0,0,0,1015.4,240,1.6,145,PARTLY CLOUDY,51.1,14.5,2025-08-07T22:30:00+09:30,PT5M
23,78,21.4,0,0,0,1015.4,240,1.6,146,PARTLY CLOUDY,51.1,14.6,2025-08-07T22:35:00+09:30,PT5M
23,78,23.2,0,0,0,1015.4,240,1.6,147,PARTLY CLOUDY,51.1,14.6,2025-08-07T22:40:00+09:30,PT5M
23,78,30.3,0,0,0,1015.5,240,1.6,148,PARTLY CLOUDY,51.1,14.6,2025-08-07T22:45:00+09:30,PT5M
23,78,30.3,0,0,0,1015.5,240,1.5,149,PARTLY CLOUDY,51.2,14.6,2025-08-07T22:50:00+09:30,PT5M
23,78,26.8,0,0,0,1015.5,240,1.5,151,PARTLY CLOUDY,51.2,14.6,2025-08-07T22:55:00+09:30,PT5M
23,78,25,0,0,0,1015.5,240,1.5,152,PARTLY CLOUDY,51.2,14.6,2025-08-07T23:00:00+09:30,PT5M
23,77,25,0,0,0,1015.6,240,1.5,153,PARTLY CLOUDY,51.2,14.6,2025-08-07T23:05:00+09:30,PT5M
22,77,23.2,0,0,0,1015.6,240,1.5,154,PARTLY CLOUDY,51.2,14.6,2025-08-07T23:10:00+09:30,PT5M
22,77,25,0,0,0,1015.6,240,1.5,155,PARTLY CLOUDY,51.2,14.6,2025-08-07T23:15:00+09:30,PT5M
22,77,23.2,0,0,0,1015.6,240,1.4,157,PARTLY CLOUDY,51.3,14.6,2025-08-07T23:20:00+09:30,PT5M
22,76,17.8,0,0,0,1015.7,240,1.4,158,PARTLY CLOUDY,51.3,14.6,2025-08-07T23:25:00+09:30,PT5M
22,76,19.6,0,0,0,1015.7,240,1.4,159,PARTLY CLOUDY,51.3,14.6,2025-08-07T23:30:00+09:30,PT5M
22,75,21.4,0,0,0,1015.7,239,1.4,160,PARTLY CLOUDY,51.3,14.6,2025-08-07T23:35:00+09:30,PT5M
22,74,25,0,0,0,1015.7,237,1.3,161,PARTLY CLOUDY,51.3,14.6,2025-08-07T23:40:00+09:30,PT5M
22,74,26.8,0,0,0,1015.7,236,1.2,163,PARTLY CLOUDY,51.3,14.6,2025-08-07T23:45:00+09:30,PT5M
22,73,30.3,0,0,0,1015.7,234,1.1,164,PARTLY CLOUDY,51.4,14.6,2025-08-07T23:50:00+09:30,PT5M
22,72,32,0,0,0,1015.7,231,1.1,165,PARTLY CLOUDY,51.4,14.6,2025-08-07T23:55:00+09:30,PT5M
22,70,32,0,0,0,1015.7,229,1,166,PARTLY CLOUDY,51.4,14.6,2025-08-08T00:00:00+09:30,PT5M
22,69,30.3,0,0,0,1015.7,226,0.9,167,PARTLY CLOUDY,51.4,14.6,2025-08-08T00:05:00+09:30,PT5M
22,67,28.5,0,0,0,1015.7,222,0.9,168,PARTLY CLOUDY,51.4,14.6,2025-08-08T00:10:00+09:30,PT5M
22,65,30.3,0,0,0,1015.7,218,0.8,169,PARTLY CLOUDY,51.3,14.6,2025-08-08T00:15:00+09:30,PT5M
22,62,30.3,0,0,0,1015.7,213,0.7,170,PARTLY CLOUDY,51.3,14.6,2025-08-08T00:20:00+09:30,PT5M
22,59,30.3,0,0,0,1015.7,208,0.7,172,PARTLY CLOUDY,51.3,14.6,2025-08-08T00:25:00+09:30,PT5M
22,54,30.3,0,0,0,1015.7,202,0.7,173,PARTLY CLOUDY,51.3,14.6,2025-08-08T00:30:00+09:30,PT5M
22,48,32,0,0,0,1015.7,196,0.6,174,PARTLY CLOUDY,51.2,14.6,2025-08-08T00:35:00+09:30,PT5M
22,40,33.6,0,0,0,1015.7,190,0.6,174,PARTLY CLOUDY,51.2,14.6,2025-08-08T00:40:00+09:30,PT5M
22,29,35.3,0,0,0,1015.6,183,0.6,175,MOSTLY CLOUDY,51.2,14.6,2025-08-08T00:45:00+09:30,PT5M
22,16,36.9,0,0,0,1015.6,176,0.5,176,MOSTLY CLOUDY,51.2,14.6,2025-08-08T00:50:00+09:30,PT5M
22,0,38.5,0,0,0,1015.6,169,0.5,176,MOSTLY CLOUDY,51.1,14.6,2025-08-08T00:55:00+09:30,PT5M
21,-15,40.1,0,0,0,1015.6,162,0.5,176,MOSTLY CLOUDY,51.1,14.6,2025-08-08T01:00:00+09:30,PT5M
21,-29,40.1,0,0,0,1015.5,155,0.5,175,MOSTLY CLOUDY,51.1,14.6,2025-08-08T01:05:00+09:30,PT5M
21,-40,40.1,0,0,0,1015.5,148,0.6,174,MOSTLY CLOUDY,51,14.6,2025-08-08T01:10:00+09:30,PT5M
21,-48,40.1,0,0,0,1015.5,141,0.6,174,MOSTLY CLOUDY,50.9,14.6,2025-08-08T01:15:00+09:30,PT5M
21,-54,40.1,0,0,0,1015.5,136,0.6,173,MOSTLY CLOUDY,50.9,14.6,2025-08-08T01:20:00+09:30,PT5M
21,-58,40.1,0,0,0,1015.4,130,0.7,172,MOSTLY CLOUDY,50.8,14.6,2025-08-08T01:25:00+09:30,PT5M
21,-62,38.5,0,0,0,1015.4,126,0.7,171,MOSTLY CLOUDY,50.7,14.6,2025-08-08T01:30:00+09:30,PT5M
21,-65,35.3,0,0,0,1015.4,122,0.7,169,MOSTLY CLOUDY,50.7,14.5,2025-08-08T01:35:00+09:30,PT5M
21,-67,32,0,0,0,1015.3,120,0.7,168,PARTLY CLOUDY,50.6,14.5,2025-08-08T01:40:00+09:30,PT5M
21,-69,28.5,0,0,0,1015.3,118,0.7,167,PARTLY CLOUDY,50.5,14.5,2025-08-08T01:45:00+09:30,PT5M
21,-71,26.8,0,0,0,1015.3,115,0.7,166,PARTLY CLOUDY,50.5,14.5,2025-08-08T01:50:00+09:30,PT5M
20,-72,28.5,0,0,0,1015.2,113,0.7,165,PARTLY CLOUDY,50.4,14.5,2025-08-08T01:55:00+09:30,PT5M
20,-73,30.3,0,0,0,1015.2,111,0.7,164,PARTLY CLOUDY,50.3,14.5,2025-08-08T02:00:00+09:30,PT5M
20,-74,32,0,0,0,1015.2,109,0.7,163,PARTLY CLOUDY,50.3,14.5,2025-08-08T02:05:00+09:30,PT5M
20,-74,32,0,0,0,1015.1,106,0.8,161,PARTLY CLOUDY,50.2,14.5,2025-08-08T02:10:00+09:30,PT5M
20,-75,30.3,0,0,0,1015.1,104,0.8,160,PARTLY CLOUDY,50.1,14.5,2025-08-08T02:15:00+09:30,PT5M
20,-76,30.3,0,0,0,1015.1,102,0.8,159,PARTLY CLOUDY,50,14.4,2025-08-08T02:20:00+09:30,PT5M
20,-76,30.3,0,0,0,1015,100,0.8,158,PARTLY CLOUDY,49.9,14.4,2025-08-08T02:25:00+09:30,PT5M
20,-77,30.3,0,0,0,1015,98,0.8,157,PARTLY CLOUDY,49.8,14.4,2025-08-08T02:30:00+09:30,PT5M
20,-77,28.5,0,0,0,1015,96,0.8,155,PARTLY CLOUDY,49.8,14.4,2025-08-08T02:35:00+09:30,PT5M
20,-77,26.8,0,0,0,1014.9,93,0.8,154,PARTLY CLOUDY,49.7,14.4,2025-08-08T02:40:00+09:30,PT5M
20,-78,25,0,0,0,1014.9,91,0.9,153,PARTLY CLOUDY,49.6,14.4,2025-08-08T02:45:00+09:30,PT5M
20,-78,25,0,0,0,1014.8,89,0.9,152,PARTLY CLOUDY,49.5,14.3,2025-08-08T02:50:00+09:30,PT5M
20,-78,25,0,0,0,1014.8,87,0.9,151,PARTLY CLOUDY,49.4,14.3,2025-08-08T02:55:00+09:30,PT5M
20,-78,25,0,0,0,1014.8,85,0.9,150,PARTLY CLOUDY,49.3,14.3,2025-08-08T03:00:00+09:30,PT5M
20,-78,21.4,0,0,0,1014.7,83,1,148,PARTLY CLOUDY,49.3,14.3,2025-08-08T03:05:00+09:30,PT5M
20,-78,19.6,0,0,0,1014.7,81,1,147,PARTLY CLOUDY,49.2,14.3,2025-08-08T03:10:00+09:30,PT5M
20,-79,17.8,0,0,0,1014.6,80,1,146,PARTLY CLOUDY,49.1,14.3,2025-08-08T03:15:00+09:30,PT5M
20,-79,19.6,0,0,0,1014.6,78,1.1,145,PARTLY CLOUDY,49,14.3,2025-08-08T03:20:00+09:30,PT5M
20,-79,17.8,0,0,0,1014.5,77,1.1,144,PARTLY CLOUDY,48.9,14.3,2025-08-08T03:25:00+09:30,PT5M
20,-79,15.9,0,0,0,1014.5,75,1.1,142,PARTLY CLOUDY,48.8,14.3,2025-08-08T03:30:00+09:30,PT5M
20,-79,15.9,0,0,0,1014.5,75,1.2,141,PARTLY CLOUDY,48.7,14.2,2025-08-08T03:35:00+09:30,PT5M
20,-79,15.9,0,0,0,1014.5,74,1.2,140,PARTLY CLOUDY,48.6,14.2,2025-08-08T03:40:00+09:30,PT5M
20,-79,14,0,0,0,1014.5,74,1.2,139,PARTLY CLOUDY,48.5,14.2,2025-08-08T03:45:00+09:30,PT5M
20,-79,14,0,0,0,1014.5,74,1.3,138,PARTLY CLOUDY,48.4,14.2,2025-08-08T03:50:00+09:30,PT5M
20,-79,15.9,0,0,0,1014.5,73,1.3,136,PARTLY CLOUDY,48.3,14.2,2025-08-08T03:55:00+09:30,PT5M
20,-79,15.9,0,0,0,1014.5,73,1.3,135,PARTLY CLOUDY,48.2,14.2,2025-08-08T04:00:00+09:30,PT5M
20,-79,17.8,0,0,0,1014.5,73,1.4,134,PARTLY CLOUDY,48.1,14.2,2025-08-08T04:05:00+09:30,PT5M
20,-79,17.8,0,0,0,1014.5,73,1.4,133,PARTLY CLOUDY,48,14.2,2025-08-08T04:10:00+09:30,PT5M
20,-79,15.9,0,0,0,1014.5,72,1.5,132,PARTLY CLOUDY,47.9,14.2,2025-08-08T04:15:00+09:30,PT5M
20,-79,14,0,0,0,1014.5,72,1.5,130,PARTLY CLOUDY,47.8,14.2,2025-08-08T04:20:00+09:30,PT5M
20,-78,14,0,0,0,1014.5,72,1.5,129,PARTLY CLOUDY,47.7,14.2,2025-08-08T04:25:00+09:30,PT5M
20,-78,15.9,0,0,0,1014.5,72,1.6,128,PARTLY CLOUDY,47.6,14.2,2025-08-08T04:30:00+09:30,PT5M
20,-78,23.2,0,0,0,1014.5,72,1.6,127,PARTLY CLOUDY,47.5,14.1,2025-08-08T04:35:00+09:30,PT5M
20,-78,25,0,0,0,1014.5,72,1.6,126,PARTLY CLOUDY,47.4,14.1,2025-08-08T04:40:00+09:30,PT5M
20,-78,26.8,0,0,0,1014.5,72,1.6,124,PARTLY CLOUDY,47.3,14.1,2025-08-08T04:45:00+09:30,PT5M
20,-78,26.8,0,0,0,1014.5,72,1.6,123,PARTLY CLOUDY,47.2,14.1,2025-08-08T04:50:00+09:30,PT5M
20,-78,28.5,0,0,0,1014.5,72,1.6,122,PARTLY CLOUDY,47.1,14.1,2025-08-08T04:55:00+09:30,PT5M
20,-78,28.5,0,0,0,1014.5,72,1.6,121,PARTLY CLOUDY,47,14.1,2025-08-08T05:00:00+09:30,PT5M
20,-78,26.8,0,0,0,1014.5,72,1.6,120,PARTLY CLOUDY,46.8,14.1,2025-08-08T05:05:00+09:30,PT5M
20,-78,21.4,0,0,0,1014.5,72,1.6,118,PARTLY CLOUDY,46.7,14.1,2025-08-08T05:10:00+09:30,PT5M
20,-77,19.6,0,0,0,1014.6,72,1.6,117,PARTLY CLOUDY,46.6,14.1,2025-08-08T05:15:00+09:30,PT5M
20,-77,19.6,0,0,0,1014.6,72,1.7,116,PARTLY CLOUDY,46.5,14,2025-08-08T05:20:00+09:30,PT5M
20,-77,17.8,0,0,0,1014.6,73,1.7,115,PARTLY CLOUDY,46.4,14,2025-08-08T05:25:00+09:30,PT5M
20,-77,14,0,0,0,1014.6,73,1.7,114,PARTLY CLOUDY,46.3,14,2025-08-08T05:30:00+09:30,PT5M
20,-77,19.6,0,0,0,1014.6,73,1.7,112,PARTLY CLOUDY,46.1,14,2025-08-08T05:35:00+09:30,PT5M
20,-77,23.2,0,0,0,1014.6,74,1.7,111,PARTLY CLOUDY,46,14,2025-08-08T05:40:00+09:30,PT5M
20,-77,15.9,0,0,0,1014.7,75,1.7,110,PARTLY CLOUDY,45.9,14,2025-08-08T05:45:00+09:30,PT5M
20,-76,17.8,0,0,0,1014.7,75,1.7,109,PARTLY CLOUDY,45.8,13.9,2025-08-08T05:50:00+09:30,PT5M
20,-76,25,0,0,0,1014.8,76,1.8,108,PARTLY CLOUDY,45.7,13.9,2025-08-08T05:55:00+09:30,PT5M
20,-76,26.8,0,0,0,1014.8,77,1.8,107,PARTLY CLOUDY,45.6,13.9,2025-08-08T06:00:00+09:30,PT5M
20,-76,25,0,0,0,1014.9,77,1.8,105,PARTLY CLOUDY,45.4,13.9,2025-08-08T06:05:00+09:30,PT5M
20,-76,25,0,0,0,1014.9,78,1.8,104,PARTLY CLOUDY,45.1,13.8,2025-08-08T06:10:00+09:30,PT5M
20,-75,25,0,0,0,1014.9,79,1.8,103,PARTLY CLOUDY,44.9,13.8,2025-08-08T06:15:00+09:30,PT5M
19,-75,25,0,0,0,1015,79,1.9,102,PARTLY CLOUDY,44.7,13.7,2025-08-08T06:20:00+09:30,PT5M
19,-75,23.2,0,0,0,1015,80,1.9,101,PARTLY CLOUDY,44.4,13.6,2025-08-08T06:25:00+09:30,PT5M
19,-75,19.6,0,0,0,1015.1,81,1.9,99,PARTLY CLOUDY,44.2,13.6,2025-08-08T06:30:00+09:30,PT5M
19,-75,28.5,0,0,0,1015.1,81,1.9,98,PARTLY CLOUDY,43.9,13.5,2025-08-08T06:35:00+09:30,PT5M
19,-74,30.3,0,0,0,1015.2,80,1.9,97,PARTLY CLOUDY,43.7,13.5,2025-08-08T06:40:00+09:30,PT5M
19,-74,30.3,0,0,0,1015.2,80,1.9,96,PARTLY CLOUDY,43.4,13.4,2025-08-08T06:45:00+09:30,PT5M
19,-74,32,0,0,0,1015.2,80,1.8,95,PARTLY CLOUDY,43.2,13.3,2025-08-08T06:50:00+09:30,PT5M
19,-74,25,0,0,0,1015.3,79,1.8,94,PARTLY CLOUDY,43,13.3,2025-08-08T06:55:00+09:30,PT5M
19,-73,28.5,0,0,0,1015.3,79,1.8,92,PARTLY CLOUDY,42.7,13.2,2025-08-08T07:00:00+09:30,PT5M
20,-73,30.3,0,0,0,1015.4,78,1.8,91,PARTLY CLOUDY,42.4,13.1,2025-08-08T07:05:00+09:30,PT5M
20,-73,28.5,0,0,0,1015.4,78,1.8,90,PARTLY CLOUDY,42.1,13,2025-08-08T07:10:00+09:30,PT5M
20,-73,26.8,4,4,0,1015.4,78,1.7,89,PARTLY CLOUDY,41.7,12.9,2025-08-08T07:15:00+09:30,PT5M
20,-72,26.8,10,10,0,1015.5,77,1.7,88,PARTLY CLOUDY,41.3,12.8,2025-08-08T07:20:00+09:30,PT5M
20,-72,14,20,20,0,1015.5,77,1.7,87,PARTLY CLOUDY,41,12.7,2025-08-08T07:25:00+09:30,PT5M
20,-72,8.2,32,32,0,1015.6,76,1.7,85,MOSTLY SUNNY,40.6,12.6,2025-08-08T07:30:00+09:30,PT5M
20,-71,0,46,55,0,1015.6,76,1.6,84,SUNNY,40.3,12.5,2025-08-08T07:35:00+09:30,PT5M
20,-71,0,59,71,0,1015.7,77,1.6,83,SUNNY,39.9,12.4,2025-08-08T07:40:00+09:30,PT5M
21,-71,0,73,89,0,1015.7,77,1.6,82,SUNNY,39.6,12.3,2025-08-08T07:45:00+09:30,PT5M
21,-71,0,88,106,0,1015.8,78,1.6,81,SUNNY,39.2,12.2,2025-08-08T07:50:00+09:30,PT5M
22,-70,0,104,125,0,1015.9,78,1.6,80,SUNNY,38.8,12.1,2025-08-08T07:55:00+09:30,PT5M
22,-70,0,120,144,0,1015.9,79,1.6,78,SUNNY,38.5,12,2025-08-08T08:00:00+09:30,PT5M
22,-69,0,137,163,0,1016,79,1.6,77,SUNNY,38.1,11.9,2025-08-08T08:05:00+09:30,PT5M
23,-69,0,154,183,0,1016,80,1.6,76,SUNNY,37.8,11.8,2025-08-08T08:10:00+09:30,PT5M
23,-69,0,172,202,0,1016.1,80,1.6,75,SUNNY,37.4,11.7,2025-08-08T08:15:00+09:30,PT5M
24,-68,0,190,222,0,1016.1,81,1.5,74,SUNNY,37,11.6,2025-08-08T08:20:00+09:30,PT5M
24,-68,0,208,242,0,1016.2,82,1.5,73,SUNNY,36.7,11.5,2025-08-08T08:25:00+09:30,PT5M
25,-68,0,226,262,0,1016.3,82,1.5,72,SUNNY,36.3,11.4,2025-08-08T08:30:00+09:30,PT5M
25,-67,0,244,282,0,1016.3,81,1.5,71,SUNNY,36,11.3,2025-08-08T08:35:00+09:30,PT5M
25,-67,0,262,302,0,1016.3,78,1.6,69,SUNNY,35.6,11.2,2025-08-08T08:40:00+09:30,PT5M
25,-66,0,280,322,0,1016.4,75,1.7,68,SUNNY,35.3,11.1,2025-08-08T08:45:00+09:30,PT5M
25,-66,0,298,341,0,1016.4,73,1.8,67,SUNNY,34.9,11,2025-08-08T08:50:00+09:30,PT5M
26,-65,0,316,361,0,1016.4,70,1.8,66,SUNNY,34.5,10.9,2025-08-08T08:55:00+09:30,PT5M
26,-65,0,334,380,0,1016.5,68,1.9,65,SUNNY,34.2,10.8,2025-08-08T09:00:00+09:30,PT5M
26,-64,0,352,399,0,1016.5,66,2,64,SUNNY,33.9,10.7,2025-08-08T09:05:00+09:30,PT5M
26,-64,0,370,419,0,1016.5,65,2.1,63,SUNNY,33.6,10.6,2025-08-08T09:10:00+09:30,PT5M
26,-63,0,388,438,0,1016.6,63,2.2,62,SUNNY,33.4,10.5,2025-08-08T09:15:00+09:30,PT5M
26,-63,0,405,456,0,1016.6,62,2.2,61,SUNNY,33.2,10.4,2025-08-08T09:20:00+09:30,PT5M
26,-62,0,422,475,0,1016.6,60,2.3,60,SUNNY,33,10.3,2025-08-08T09:25:00+09:30,PT5M
26,-61,0,440,493,0,1016.7,59,2.4,58,SUNNY,32.7,10.2,2025-08-08T09:30:00+09:30,PT5M
27,-61,0,457,511,0,1016.7,58,2.5,57,SUNNY,32.5,10,2025-08-08T09:35:00+09:30,PT5M
27,-60,0,474,529,0,1016.7,59,2.5,56,SUNNY,32.2,9.9,2025-08-08T09:40:00+09:30,PT5M
27,-59,0,490,546,0,1016.7,59,2.6,55,SUNNY,32,9.8,2025-08-08T09:45:00+09:30,PT5M
27,-59,0,506,563,0,1016.7,59,2.6,54,SUNNY,31.8,9.7,2025-08-08T09:50:00+09:30,PT5M
27,-58,0,522,580,0,1016.7,59,2.6,53,SUNNY,31.6,9.6,2025-08-08T09:55:00+09:30,PT5M
27,-57,0,537,597,0,1016.6,59,2.7,52,SUNNY,31.3,9.5,2025-08-08T10:00:00+09:30,PT5M
28,-56,0,552,612,0,1016.6,60,2.7,51,SUNNY,31.2,9.4,2025-08-08T10:05:00+09:30,PT5M
28,-55,0,567,628,0,1016.6,60,2.7,50,SUNNY,31.1,9.4,2025-08-08T10:10:00+09:30,PT5M
28,-55,0,581,643,0,1016.6,60,2.7,49,SUNNY,31,9.4,2025-08-08T10:15:00+09:30,PT5M
28,-54,0,595,658,0,1016.6,60,2.8,48,SUNNY,30.9,9.3,2025-08-08T10:20:00+09:30,PT5M
28,-53,0,609,672,0,1016.6,60,2.8,47,SUNNY,30.8,9.3,2025-08-08T10:25:00+09:30,PT5M
28,-52,0,622,686,0,1016.6,61,2.8,46,SUNNY,30.7,9.3,2025-08-08T10:30:00+09:30,PT5M
29,-51,0,635,700,0,1016.6,61,2.9,45,SUNNY,30.6,9.3,2025-08-08T10:35:00+09:30,PT5M
29,-50,0,648,713,0,1016.5,62,2.9,44,SUNNY,30.5,9.3,2025-08-08T10:40:00+09:30,PT5M
29,-49,0,660,726,0,1016.4,62,2.8,43,SUNNY,30.4,9.3,2025-08-08T10:45:00+09:30,PT5M
29,-47,0,672,738,0,1016.4,63,2.8,42,SUNNY,30.3,9.2,2025-08-08T10:50:00+09:30,PT5M
29,-46,0,683,750,0,1016.3,64,2.8,42,SUNNY,30.2,9.2,2025-08-08T10:55:00+09:30,PT5M
30,-45,0,694,761,0,1016.3,64,2.8,41,SUNNY,30.1,9.2,2025-08-08T11:00:00+09:30,PT5M
30,-44,0,705,772,0,1016.2,65,2.8,40,SUNNY,30,9.2,2025-08-08T11:05:00+09:30,PT5M
30,-42,0,715,783,0,1016.2,66,2.8,39,SUNNY,29.9,9.2,2025-08-08T11:10:00+09:30,PT5M
30,-41,0,725,793,0,1016.1,67,2.8,38,SUNNY,29.8,9.2,2025-08-08T11:15:00+09:30,PT5M
30,-39,0,734,803,0,1016,67,2.8,37,SUNNY,29.7,9.2,2025-08-08T11:20:00+09:30,PT5M
31,-38,0,743,812,0,1016,68,2.8,37,SUNNY,29.6,9.2,2025-08-08T11:25:00+09:30,PT5M
31,-36,0,751,821,0,1015.9,69,2.8,36,SUNNY,29.5,9.2,2025-08-08T11:30:00+09:30,PT5M
31,-35,0,759,829,0,1015.9,69,2.8,35,SUNNY,29.4,9.1,2025-08-08T11:35:00+09:30,PT5M
31,-33,0,767,837,0,1015.8,70,2.8,34,SUNNY,29.3,9.1,2025-08-08T11:40:00+09:30,PT5M
31,-31,0,774,844,0,1015.8,70,2.8,34,SUNNY,29.2,9.1,2025-08-08T11:45:00+09:30,PT5M
31,-29,0,780,851,0,1015.7,70,2.8,33,SUNNY,29.1,9.1,2025-08-08T11:50:00+09:30,PT5M
31,-27,0,786,858,0,1015.7,71,2.8,33,SUNNY,29,9.1,2025-08-08T11:55:00+09:30,PT5M
31,-25,0,792,864,0,1015.7,71,2.8,32,SUNNY,28.9,9.1,2025-08-08T12:00:00+09:30,PT5M
31,-23,0,797,869,0,1015.6,71,2.8,32,SUNNY,28.8,9.1,2025-08-08T12:05:00+09:30,PT5M
31,-21,0,802,874,0,1015.6,72,2.8,31,SUNNY,28.7,9.1,2025-08-08T12:10:00+09:30,PT5M
31,-19,1.5,794,864,0,1015.5,72,2.8,31,MOSTLY SUNNY,28.7,9,2025-08-08T12:15:00+09:30,PT5M
31,-17,3.2,784,851,0,1015.5,73,2.8,30,MOSTLY SUNNY,28.6,9,2025-08-08T12:20:00+09:30,PT5M
31,-14,4.8,774,838,0,1015.5,73,2.8,30,MOSTLY SUNNY,28.6,9,2025-08-08T12:25:00+09:30,PT5M
32,-12,5,775,839,0,1015.4,73,2.8,30,MOSTLY SUNNY,28.5,9,2025-08-08T12:30:00+09:30,PT5M
32,-10,0,818,890,0,1015.3,73,2.8,29,SUNNY,28.5,8.9,2025-08-08T12:35:00+09:30,PT5M
32,-7,0,819,892,0,1015.2,73,2.8,29,SUNNY,28.4,8.9,2025-08-08T12:40:00+09:30,PT5M
32,-5,0,821,893,0,1015.1,73,2.7,29,SUNNY,28.4,8.9,2025-08-08T12:45:00+09:30,PT5M
32,-2,1.3,811,881,0,1015,73,2.7,29,MOSTLY SUNNY,28.3,8.9,2025-08-08T12:50:00+09:30,PT5M
32,0,1.3,811,881,0,1014.9,72,2.6,29,MOSTLY SUNNY,28.3,8.8,2025-08-08T12:55:00+09:30,PT5M
32,2,0,821,894,0,1014.8,72,2.6,29,SUNNY,28.2,8.8,2025-08-08T13:00:00+09:30,PT5M
32,5,0,821,893,0,1014.7,72,2.6,29,SUNNY,28.2,8.8,2025-08-08T13:05:00+09:30,PT5M
32,7,1.2,810,881,0,1014.6,71,2.5,29,MOSTLY SUNNY,28.2,8.8,2025-08-08T13:10:00+09:30,PT5M
32,10,0,818,891,0,1014.5,71,2.5,29,SUNNY,28.2,8.7,2025-08-08T13:15:00+09:30,PT5M
32,12,0,816,889,0,1014.4,71,2.4,30,SUNNY,28.2,8.7,2025-08-08T13:20:00+09:30,PT5M
32,14,0,814,886,0,1014.3,71,2.4,30,SUNNY,28.2,8.7,2025-08-08T13:25:00+09:30,PT5M
32,17,0,811,883,0,1014.2,70,2.4,30,SUNNY,28.2,8.7,2025-08-08T13:30:00+09:30,PT5M
32,19,0,807,879,0,1014.2,70,2.3,31,SUNNY,28.1,8.6,2025-08-08T13:35:00+09:30,PT5M
32,21,0,803,875,0,1014.1,70,2.3,31,SUNNY,28.1,8.6,2025-08-08T13:40:00+09:30,PT5M
32,23,0,799,871,0,1014,71,2.3,32,SUNNY,28.1,8.6,2025-08-08T13:45:00+09:30,PT5M
32,25,0,794,866,0,1014,71,2.3,32,SUNNY,28.1,8.6,2025-08-08T13:50:00+09:30,PT5M
32,27,0,788,860,0,1013.9,71,2.2,33,SUNNY,28.1,8.5,2025-08-08T13:55:00+09:30,PT5M
32,29,0,782,854,0,1013.8,71,2.2,33,SUNNY,28.1,8.5,2025-08-08T14:00:00+09:30,PT5M
32,31,0,776,847,0,1013.8,72,2.2,34,SUNNY,28.1,8.5,2025-08-08T14:05:00+09:30,PT5M
33,33,0,769,840,0,1013.7,72,2.2,34,SUNNY,28.1,8.4,2025-08-08T14:10:00+09:30,PT5M
33,35,0,762,832,0,1013.6,72,2.2,35,SUNNY,28.1,8.4,2025-08-08T14:15:00+09:30,PT5M
33,36,0,754,824,0,1013.6,73,2.1,36,SUNNY,28.1,8.4,2025-08-08T14:20:00+09:30,PT5M
33,38,0,746,816,0,1013.5,73,2.1,37,SUNNY,28.1,8.4,2025-08-08T14:25:00+09:30,PT5M
33,40,0,737,807,0,1013.4,73,2.1,37,SUNNY,28.1,8.3,2025-08-08T14:30:00+09:30,PT5M
33,41,0,728,797,0,1013.3,73,2.1,38,SUNNY,28.1,8.3,2025-08-08T14:35:00+09:30,PT5M
33,42,0,718,787,0,1013.3,72,2,39,SUNNY,28.1,8.2,2025-08-08T14:40:00+09:30,PT5M
33,44,0,708,776,0,1013.2,71,2,40,SUNNY,28.1,8.2,2025-08-08T14:45:00+09:30,PT5M
33,45,0,698,766,0,1013.1,71,2,41,SUNNY,28.1,8.2,2025-08-08T14:50:00+09:30,PT5M
33,46,0,687,754,0,1013.1,70,2,42,SUNNY,28.1,8.2,2025-08-08T14:55:00+09:30,PT5M
33,48,0,675,743,0,1013,69,1.9,42,SUNNY,28.1,8.1,2025-08-08T15:00:00+09:30,PT5M
33,49,0,664,730,0,1012.9,68,1.9,43,SUNNY,28.1,8.2,2025-08-08T15:05:00+09:30,PT5M
33,50,0,651,717,0,1012.9,67,1.9,44,SUNNY,28.1,8.3,2025-08-08T15:10:00+09:30,PT5M
33,51,0,639,704,0,1012.8,67,1.9,45,SUNNY,28.1,8.4,2025-08-08T15:15:00+09:30,PT5M
33,52,0,625,690,0,1012.7,66,1.8,46,SUNNY,28.2,8.5,2025-08-08T15:20:00+09:30,PT5M
33,53,0,612,676,0,1012.7,65,1.8,47,SUNNY,28.2,8.6,2025-08-08T15:25:00+09:30,PT5M
33,54,0,598,661,0,1012.6,64,1.8,48,SUNNY,28.2,8.7,2025-08-08T15:30:00+09:30,PT5M
33,55,0,584,646,0,1012.6,63,1.8,49,SUNNY,28.2,8.8,2025-08-08T15:35:00+09:30,PT5M
33,56,0,569,631,0,1012.5,63,1.8,50,SUNNY,28.2,8.9,2025-08-08T15:40:00+09:30,PT5M
32,56,0,555,615,0,1012.5,62,1.8,51,SUNNY,28.2,9,2025-08-08T15:45:00+09:30,PT5M
32,57,0,539,599,0,1012.5,62,1.8,52,SUNNY,28.3,9.1,2025-08-08T15:50:00+09:30,PT5M
32,58,0,524,583,0,1012.5,61,1.7,53,SUNNY,28.3,9.2,2025-08-08T15:55:00+09:30,PT5M
32,59,0,508,566,0,1012.4,61,1.7,54,SUNNY,28.3,9.3,2025-08-08T16:00:00+09:30,PT5M
32,59,0,492,550,0,1012.4,60,1.7,55,SUNNY,28.3,9.4,2025-08-08T16:05:00+09:30,PT5M
32,60,0,476,533,0,1012.4,60,1.7,56,SUNNY,28.4,9.4,2025-08-08T16:10:00+09:30,PT5M
32,61,0,460,516,0,1012.4,59,1.7,57,SUNNY,28.4,9.4,2025-08-08T16:15:00+09:30,PT5M
32,61,0,444,498,0,1012.3,59,1.7,58,SUNNY,28.5,9.5,2025-08-08T16:20:00+09:30,PT5M
32,62,0,427,481,0,1012.3,58,1.7,59,SUNNY,28.5,9.5,2025-08-08T16:25:00+09:30,PT5M
32,63,0,410,463,0,1012.3,58,1.7,61,SUNNY,28.6,9.5,2025-08-08T16:30:00+09:30,PT5M
32,63,0,393,444,0,1012.3,57,1.7,62,SUNNY,28.6,9.5,2025-08-08T16:35:00+09:30,PT5M
32,64,0,376,426,0,1012.3,56,1.7,63,SUNNY,28.7,9.5,2025-08-08T16:40:00+09:30,PT5M
32,64,0,358,407,0,1012.3,56,1.6,64,SUNNY,28.7,9.5,2025-08-08T16:45:00+09:30,PT5M
32,65,0,341,389,0,1012.3,55,1.6,65,SUNNY,28.8,9.6,2025-08-08T16:50:00+09:30,PT5M
32,65,0,323,370,0,1012.4,55,1.6,66,SUNNY,28.8,9.6,2025-08-08T16:55:00+09:30,PT5M
32,66,0,305,350,0,1012.4,54,1.6,67,SUNNY,28.9,9.6,2025-08-08T17:00:00+09:30,PT5M
32,66,0,287,331,0,1012.4,54,1.6,68,SUNNY,28.9,9.6,2025-08-08T17:05:00+09:30,PT5M
32,67,0,269,312,0,1012.4,53,1.6,69,SUNNY,29,9.6,2025-08-08T17:10:00+09:30,PT5M
31,67,0,251,292,0,1012.4,52,1.6,70,SUNNY,29,9.6,2025-08-08T17:15:00+09:30,PT5M
31,68,0,233,273,0,1012.4,52,1.6,72,SUNNY,29.1,9.7,2025-08-08T17:20:00+09:30,PT5M
31,68,0,215,253,0,1012.5,51,1.6,73,SUNNY,29.1,9.7,2025-08-08T17:25:00+09:30,PT5M
31,68,0,197,233,0,1012.5,51,1.6,74,SUNNY,29.2,9.7,2025-08-08T17:30:00+09:30,PT5M
31,69,0,179,213,0,1012.5,49,1.5,75,SUNNY,29.2,9.7,2025-08-08T17:35:00+09:30,PT5M
31,69,0,162,194,0,1012.6,45,1.5,76,SUNNY,29.3,9.7,2025-08-08T17:40:00+09:30,PT5M
31,70,9.4,131,150,0,1012.6,42,1.5,77,MOSTLY SUNNY,29.3,9.7,2025-08-08T17:45:00+09:30,PT5M
31,70,14.7,109,120,0,1012.7,38,1.5,78,PARTLY CLOUDY,29.4,9.8,2025-08-08T17:50:00+09:30,PT5M
31,70,13.9,95,106,0,1012.7,35,1.4,80,PARTLY CLOUDY,29.4,9.8,2025-08-08T17:55:00+09:30,PT5M
31,71,9.4,86,98,0,1012.8,31,1.4,81,MOSTLY SUNNY,29.5,9.8,2025-08-08T18:00:00+09:30,PT5M
31,71,0,79,98,0,1012.9,27,1.4,82,SUNNY,29.5,9.8,2025-08-08T18:05:00+09:30,PT5M
31,71,0,64,80,0,1012.9,24,1.4,83,SUNNY,29.6,9.8,2025-08-08T18:10:00+09:30,PT5M
31,72,0,50,63,0,1013,20,1.4,84,SUNNY,29.7,9.8,2025-08-08T18:15:00+09:30,PT5M
31,72,8.2,34,37,0,1013,16,1.5,85,MOSTLY SUNNY,29.8,9.9,2025-08-08T18:20:00+09:30,PT5M
30,72,19.6,21,20,0,1013.1,13,1.5,87,PARTLY CLOUDY,29.9,9.9,2025-08-08T18:25:00+09:30,PT5M
30,72,30.3,11,11,0,1013.2,9,1.5,88,PARTLY CLOUDY,30,9.9,2025-08-08T18:30:00+09:30,PT5M
30,73,30.3,5,5,0,1013.2,6,1.5,89,PARTLY CLOUDY,30.1,9.9,2025-08-08T18:35:00+09:30,PT5M
30,73,30.3,0,0,0,1013.3,2,1.5,90,PARTLY CLOUDY,30.2,9.9,2025-08-08T18:40:00+09:30,PT5M
30,73,30.3,0,0,0,1013.4,358,1.4,91,PARTLY CLOUDY,30.3,9.9,2025-08-08T18:45:00+09:30,PT5M
30,74,28.5,0,0,0,1013.5,354,1.4,92,PARTLY CLOUDY,30.4,10,2025-08-08T18:50:00+09:30,PT5M
29,74,26.8,0,0,0,1013.6,350,1.4,94,PARTLY CLOUDY,30.5,10,2025-08-08T18:55:00+09:30,PT5M
29,74,30.3,0,0,0,1013.6,345,1.4,95,PARTLY CLOUDY,30.6,10,2025-08-08T19:00:00+09:30,PT5M
29,74,28.5,0,0,0,1013.7,341,1.4,96,PARTLY CLOUDY,30.7,10,2025-08-08T19:05:00+09:30,PT5M
29,75,30.3,0,0,0,1013.8,336,1.4,97,PARTLY CLOUDY,30.8,10,2025-08-08T19:10:00+09:30,PT5M
29,75,28.5,0,0,0,1013.9,332,1.4,98,PARTLY CLOUDY,30.9,10,2025-08-08T19:15:00+09:30,PT5M
28,75,26.8,0,0,0,1014,328,1.4,99,PARTLY CLOUDY,31,10,2025-08-08T19:20:00+09:30,PT5M
28,75,26.8,0,0,0,1014.1,324,1.4,101,PARTLY CLOUDY,31.2,10,2025-08-08T19:25:00+09:30,PT5M
28,75,25,0,0,0,1014.1,320,1.5,102,PARTLY CLOUDY,31.3,10,2025-08-08T19:30:00+09:30,PT5M
28,76,25,0,0,0,1014.2,317,1.5,103,PARTLY CLOUDY,31.4,10.1,2025-08-08T19:35:00+09:30,PT5M
28,76,26.8,0,0,0,1014.3,317,1.5,104,PARTLY CLOUDY,31.5,10.1,2025-08-08T19:40:00+09:30,PT5M
27,76,25,0,0,0,1014.4,316,1.5,105,PARTLY CLOUDY,31.7,10.1,2025-08-08T19:45:00+09:30,PT5M
27,76,25,0,0,0,1014.5,315,1.5,106,PARTLY CLOUDY,31.8,10.1,2025-08-08T19:50:00+09:30,PT5M
27,76,25,0,0,0,1014.6,315,1.6,108,PARTLY CLOUDY,31.9,10.1,2025-08-08T19:55:00+09:30,PT5M
27,77,23.2,0,0,0,1014.7,314,1.6,109,PARTLY CLOUDY,32,10.1,2025-08-08T20:00:00+09:30,PT5M
27,77,23.2,0,0,0,1014.8,313,1.6,110,PARTLY CLOUDY,32.2,10.1,2025-08-08T20:05:00+09:30,PT5M
27,77,23.2,0,0,0,1014.9,313,1.6,111,PARTLY CLOUDY,32.3,10.1,2025-08-08T20:10:00+09:30,PT5M
27,77,23.2,0,0,0,1015,312,1.6,112,PARTLY CLOUDY,32.4,10.2,2025-08-08T20:15:00+09:30,PT5M
26,77,23.2,0,0,0,1015.1,312,1.7,114,PARTLY CLOUDY,32.6,10.2,2025-08-08T20:20:00+09:30,PT5M
26,77,23.2,0,0,0,1015.2,311,1.7,115,PARTLY CLOUDY,32.7,10.2,2025-08-08T20:25:00+09:30,PT5M
26,78,23.2,0,0,0,1015.2,311,1.7,116,PARTLY CLOUDY,32.8,10.2,2025-08-08T20:30:00+09:30,PT5M
26,78,23.2,0,0,0,1015.3,310,1.7,117,PARTLY CLOUDY,33,10.3,2025-08-08T20:35:00+09:30,PT5M
26,78,25,0,0,0,1015.3,311,1.7,118,PARTLY CLOUDY,33.1,10.3,2025-08-08T20:40:00+09:30,PT5M
26,78,25,0,0,0,1015.4,311,1.6,120,PARTLY CLOUDY,33.2,10.3,2025-08-08T20:45:00+09:30,PT5M
26,78,25,0,0,0,1015.4,311,1.6,121,PARTLY CLOUDY,33.4,10.3,2025-08-08T20:50:00+09:30,PT5M
26,78,25,0,0,0,1015.4,312,1.6,122,PARTLY CLOUDY,33.5,10.4,2025-08-08T20:55:00+09:30,PT5M
26,78,26.8,0,0,0,1015.5,312,1.6,123,PARTLY CLOUDY,33.6,10.4,2025-08-08T21:00:00+09:30,PT5M
26,78,26.8,0,0,0,1015.5,313,1.5,124,PARTLY CLOUDY,33.8,10.4,2025-08-08T21:05:00+09:30,PT5M
26,78,26.8,0,0,0,1015.5,313,1.5,126,PARTLY CLOUDY,33.9,10.4,2025-08-08T21:10:00+09:30,PT5M
26,79,26.8,0,0,0,1015.6,313,1.5,127,PARTLY CLOUDY,34,10.5,2025-08-08T21:15:00+09:30,PT5M
26,79,26.8,0,0,0,1015.6,314,1.5,128,PARTLY CLOUDY,34.1,10.5,2025-08-08T21:20:00+09:30,PT5M
26,79,28.5,0,0,0,1015.6,314,1.4,129,PARTLY CLOUDY,34.2,10.5,2025-08-08T21:25:00+09:30,PT5M
26,79,28.5,0,0,0,1015.7,315,1.4,130,PARTLY CLOUDY,34.3,10.5,2025-08-08T21:30:00+09:30,PT5M
26,79,28.5,0,0,0,1015.7,316,1.4,132,PARTLY CLOUDY,34.4,10.6,2025-08-08T21:35:00+09:30,PT5M
25,79,26.8,0,0,0,1015.7,317,1.4,133,PARTLY CLOUDY,34.5,10.6,2025-08-08T21:40:00+09:30,PT5M
25,79,28.5,0,0,0,1015.8,319,1.4,134,PARTLY CLOUDY,34.6,10.6,2025-08-08T21:45:00+09:30,PT5M
25,79,30.3,0,0,0,1015.8,320,1.4,135,PARTLY CLOUDY,34.7,10.6,2025-08-08T21:50:00+09:30,PT5M
25,79,28.5,0,0,0,1015.8,322,1.4,136,PARTLY CLOUDY,34.8,10.7,2025-08-08T21:55:00+09:30,PT5M
25,79,28.5,0,0,0,1015.9,323,1.4,138,PARTLY CLOUDY,34.9,10.7,2025-08-08T22:00:00+09:30,PT5M
25,79,28.5,0,0,0,1015.9,325,1.4,139,PARTLY CLOUDY,35,10.7,2025-08-08T22:05:00+09:30,PT5M
25,79,28.5,0,0,0,1015.9,326,1.4,140,PARTLY CLOUDY,35.1,10.7,2025-08-08T22:10:00+09:30,PT5M
25,79,28.5,0,0,0,1016,328,1.3,141,PARTLY CLOUDY,35.2,10.7,2025-08-08T22:15:00+09:30,PT5M
24,79,28.5,0,0,0,1016,329,1.3,142,PARTLY CLOUDY,35.3,10.7,2025-08-08T22:20:00+09:30,PT5M
24,79,28.5,0,0,0,1016,331,1.3,144,PARTLY CLOUDY,35.4,10.7,2025-08-08T22:25:00+09:30,PT5M
24,79,30.3,0,0,0,1016.1,333,1.3,145,PARTLY CLOUDY,35.5,10.7,2025-08-08T22:30:00+09:30,PT5M
24,79,30.3,0,0,0,1016.1,335,1.3,146,PARTLY CLOUDY,35.5,10.8,2025-08-08T22:35:00+09:30,PT5M
24,79,30.3,0,0,0,1016.2,337,1.3,147,PARTLY CLOUDY,35.6,10.8,2025-08-08T22:40:00+09:30,PT5M
24,79,28.5,0,0,0,1016.2,339,1.2,148,PARTLY CLOUDY,35.7,10.8,2025-08-08T22:45:00+09:30,PT5M
24,79,28.5,0,0,0,1016.2,342,1.2,150,PARTLY CLOUDY,35.8,10.8,2025-08-08T22:50:00+09:30,PT5M
24,78,28.5,0,0,0,1016.3,345,1.2,151,PARTLY CLOUDY,35.9,10.8,2025-08-08T22:55:00+09:30,PT5M
24,78,28.5,0,0,0,1016.3,348,1.1,152,PARTLY CLOUDY,36,10.8,2025-08-08T23:00:00+09:30,PT5M
24,78,28.5,0,0,0,1016.4,351,1.1,153,PARTLY CLOUDY,36,10.8,2025-08-08T23:05:00+09:30,PT5M
23,78,28.5,0,0,0,1016.4,355,1.1,154,PARTLY CLOUDY,36.1,10.8,2025-08-08T23:10:00+09:30,PT5M
23,78,26.8,0,0,0,1016.4,358,1.1,155,PARTLY CLOUDY,36.2,10.8,2025-08-08T23:15:00+09:30,PT5M
23,77,26.8,0,0,0,1016.5,2,1,157,PARTLY CLOUDY,36.3,10.8,2025-08-08T23:20:00+09:30,PT5M
23,77,28.5,0,0,0,1016.5,6,1,158,PARTLY CLOUDY,36.4,10.8,2025-08-08T23:25:00+09:30,PT5M
23,76,28.5,0,0,0,1016.6,9,1,159,PARTLY CLOUDY,36.5,10.8,2025-08-08T23:30:00+09:30,PT5M
23,76,26.8,0,0,0,1016.6,12,1,160,PARTLY CLOUDY,36.5,10.9,2025-08-08T23:35:00+09:30,PT5M
23,75,26.8,0,0,0,1016.6,14,1,161,PARTLY CLOUDY,36.6,10.9,2025-08-08T23:40:00+09:30,PT5M
23,75,28.5,0,0,0,1016.5,16,1,163,PARTLY CLOUDY,36.7,10.9,2025-08-08T23:45:00+09:30,PT5M
23,74,28.5,0,0,0,1016.5,18,1,164,PARTLY CLOUDY,36.8,10.9,2025-08-08T23:50:00+09:30,PT5M
23,73,28.5,0,0,0,1016.5,19,1.1,165,PARTLY CLOUDY,36.9,10.9,2025-08-08T23:55:00+09:30,PT5M
23,72,28.5,0,0,0,1016.5,21,1.1,166,PARTLY CLOUDY,37,10.9,2025-08-09T00:00:00+09:30,PT5M
23,70,30.3,0,0,0,1016.4,23,1.1,167,PARTLY CLOUDY,37,10.9,2025-08-09T00:05:00+09:30,PT5M
23,68,32,0,0,0,1016.4,24,1.1,168,PARTLY CLOUDY,37.1,10.9,2025-08-09T00:10:00+09:30,PT5M
23,66,30.3,0,0,0,1016.4,26,1.1,170,PARTLY CLOUDY,37.1,10.9,2025-08-09T00:15:00+09:30,PT5M
23,64,32,0,0,0,1016.4,27,1.1,171,PARTLY CLOUDY,37.1,10.9,2025-08-09T00:20:00+09:30,PT5M
23,60,30.3,0,0,0,1016.3,29,1.1,172,PARTLY CLOUDY,37.2,10.9,2025-08-09T00:25:00+09:30,PT5M
23,56,30.3,0,0,0,1016.3,30,1.2,173,PARTLY CLOUDY,37.2,10.9,2025-08-09T00:30:00+09:30,PT5M
23,50,28.5,0,0,0,1016.3,31,1.2,174,PARTLY CLOUDY,37.3,11,2025-08-09T00:35:00+09:30,PT5M
23,42,25,0,0,0,1016.3,32,1.2,175,PARTLY CLOUDY,37.3,11,2025-08-09T00:40:00+09:30,PT5M
23,31,25,0,0,0,1016.2,33,1.2,175,PARTLY CLOUDY,37.4,11,2025-08-09T00:45:00+09:30,PT5M
23,17,26.8,0,0,0,1016.2,34,1.2,176,PARTLY CLOUDY,37.4,11,2025-08-09T00:50:00+09:30,PT5M
23,0,25,0,0,0,1016.2,35,1.2,176,PARTLY CLOUDY,37.4,11,2025-08-09T00:55:00+09:30,PT5M
23,-17,25,0,0,0,1016.2,36,1.2,176,PARTLY CLOUDY,37.5,11,2025-08-09T01:00:00+09:30,PT5M
23,-31,25,0,0,0,1016.2,37,1.2,175,PARTLY CLOUDY,37.5,11,2025-08-09T01:05:00+09:30,PT5M
23,-42,25,0,0,0,1016.2,38,1.2,175,PARTLY CLOUDY,37.5,11,2025-08-09T01:10:00+09:30,PT5M
23,-50,23.2,0,0,0,1016.1,39,1.2,174,PARTLY CLOUDY,37.5,11,2025-08-09T01:15:00+09:30,PT5M
22,-56,23.2,0,0,0,1016.1,39,1.2,173,PARTLY CLOUDY,37.5,10.9,2025-08-09T01:20:00+09:30,PT5M
22,-60,19.6,0,0,0,1016.1,40,1.2,172,PARTLY CLOUDY,37.5,10.9,2025-08-09T01:25:00+09:30,PT5M
22,-64,17.8,0,0,0,1016.1,41,1.2,171,PARTLY CLOUDY,37.5,10.9,2025-08-09T01:30:00+09:30,PT5M
22,-66,17.8,0,0,0,1016.1,42,1.2,170,PARTLY CLOUDY,37.5,10.9,2025-08-09T01:35:00+09:30,PT5M
22,-68,19.6,0,0,0,1016,43,1.2,168,PARTLY CLOUDY,37.5,10.9,2025-08-09T01:40:00+09:30,PT5M
22,-70,21.4,0,0,0,1016,44,1.2,167,PARTLY CLOUDY,37.5,10.9,2025-08-09T01:45:00+09:30,PT5M
22,-72,23.2,0,0,0,1015.9,46,1.2,166,PARTLY CLOUDY,37.5,10.8,2025-08-09T01:50:00+09:30,PT5M
22,-73,23.2,0,0,0,1015.9,47,1.2,165,PARTLY CLOUDY,37.5,10.8,2025-08-09T01:55:00+09:30,PT5M
22,-74,21.4,0,0,0,1015.9,48,1.2,164,PARTLY CLOUDY,37.5,10.8,2025-08-09T02:00:00+09:30,PT5M
22,-75,23.2,0,0,0,1015.8,49,1.2,163,PARTLY CLOUDY,37.5,10.8,2025-08-09T02:05:00+09:30,PT5M
22,-75,25,0,0,0,1015.8,50,1.2,161,PARTLY CLOUDY,37.5,10.8,2025-08-09T02:10:00+09:30,PT5M
22,-76,23.2,0,0,0,1015.7,51,1.2,160,PARTLY CLOUDY,37.5,10.8,2025-08-09T02:15:00+09:30,PT5M
22,-76,21.4,0,0,0,1015.7,52,1.2,159,PARTLY CLOUDY,37.5,10.8,2025-08-09T02:20:00+09:30,PT5M
22,-77,23.2,0,0,0,1015.7,53,1.2,158,PARTLY CLOUDY,37.5,10.8,2025-08-09T02:25:00+09:30,PT5M
22,-77,23.2,0,0,0,1015.6,54,1.2,157,PARTLY CLOUDY,37.5,10.8,2025-08-09T02:30:00+09:30,PT5M
22,-78,23.2,0,0,0,1015.6,56,1.2,155,PARTLY CLOUDY,37.5,10.7,2025-08-09T02:35:00+09:30,PT5M
22,-78,25,0,0,0,1015.6,59,1.2,154,PARTLY CLOUDY,37.5,10.7,2025-08-09T02:40:00+09:30,PT5M
22,-78,25,0,0,0,1015.6,61,1.2,153,PARTLY CLOUDY,37.5,10.7,2025-08-09T02:45:00+09:30,PT5M
22,-78,26.8,0,0,0,1015.6,64,1.2,152,PARTLY CLOUDY,37.5,10.7,2025-08-09T02:50:00+09:30,PT5M
22,-79,26.8,0,0,0,1015.6,66,1.2,151,PARTLY CLOUDY,37.5,10.7,2025-08-09T02:55:00+09:30,PT5M
22,-79,28.5,0,0,0,1015.6,69,1.2,150,PARTLY CLOUDY,37.5,10.7,2025-08-09T03:00:00+09:30,PT5M
22,-79,28.5,0,0,0,1015.6,71,1.2,148,PARTLY CLOUDY,37.5,10.7,2025-08-09T03:05:00+09:30,PT5M
22,-79,28.5,0,0,0,1015.7,74,1.2,147,PARTLY CLOUDY,37.5,10.7,2025-08-09T03:10:00+09:30,PT5M
22,-79,30.3,0,0,0,1015.7,76,1.2,146,PARTLY CLOUDY,37.5,10.7,2025-08-09T03:15:00+09:30,PT5M
22,-79,32,0,0,0,1015.7,79,1.2,145,PARTLY CLOUDY,37.4,10.6,2025-08-09T03:20:00+09:30,PT5M
22,-79,33.6,0,0,0,1015.7,82,1.2,144,PARTLY CLOUDY,37.4,10.6,2025-08-09T03:25:00+09:30,PT5M
22,-79,33.6,0,0,0,1015.7,84,1.2,142,PARTLY CLOUDY,37.4,10.6,2025-08-09T03:30:00+09:30,PT5M
22,-79,33.6,0,0,0,1015.7,86,1.2,141,PARTLY CLOUDY,37.4,10.6,2025-08-09T03:35:00+09:30,PT5M
22,-79,33.6,0,0,0,1015.7,88,1.2,140,PARTLY CLOUDY,37.4,10.6,2025-08-09T03:40:00+09:30,PT5M
22,-79,32,0,0,0,1015.7,89,1.2,139,PARTLY CLOUDY,37.4,10.6,2025-08-09T03:45:00+09:30,PT5M
21,-79,30.3,0,0,0,1015.7,91,1.1,138,PARTLY CLOUDY,37.3,10.5,2025-08-09T03:50:00+09:30,PT5M
21,-79,28.5,0,0,0,1015.7,93,1.1,136,PARTLY CLOUDY,37.3,10.5,2025-08-09T03:55:00+09:30,PT5M
21,-79,26.8,0,0,0,1015.6,94,1.1,135,PARTLY CLOUDY,37.3,10.5,2025-08-09T04:00:00+09:30,PT5M
21,-79,26.8,0,0,0,1015.6,96,1.1,134,PARTLY CLOUDY,37.3,10.5,2025-08-09T04:05:00+09:30,PT5M
21,-79,25,0,0,0,1015.6,98,1.1,133,PARTLY CLOUDY,37.3,10.5,2025-08-09T04:10:00+09:30,PT5M
21,-79,26.8,0,0,0,1015.6,100,1.1,132,PARTLY CLOUDY,37.2,10.5,2025-08-09T04:15:00+09:30,PT5M
21,-79,28.5,0,0,0,1015.6,102,1.1,130,PARTLY CLOUDY,37.2,10.5,2025-08-09T04:20:00+09:30,PT5M
21,-79,28.5,0,0,0,1015.6,104,1.1,129,PARTLY CLOUDY,37.2,10.5,2025-08-09T04:25:00+09:30,PT5M
21,-79,26.8,0,0,0,1015.6,106,1,128,PARTLY CLOUDY,37.1,10.5,2025-08-09T04:30:00+09:30,PT5M
21,-79,26.8,0,0,0,1015.6,107,1,127,PARTLY CLOUDY,37.1,10.4,2025-08-09T04:35:00+09:30,PT5M
21,-79,26.8,0,0,0,1015.6,109,1,126,PARTLY CLOUDY,37.1,10.4,2025-08-09T04:40:00+09:30,PT5M
21,-78,28.5,0,0,0,1015.7,111,1,124,PARTLY CLOUDY,37,10.4,2025-08-09T04:45:00+09:30,PT5M
21,-78,28.5,0,0,0,1015.7,112,1,123,PARTLY CLOUDY,37,10.4,2025-08-09T04:50:00+09:30,PT5M
21,-78,28.5,0,0,0,1015.7,114,1,122,PARTLY CLOUDY,36.9,10.4,2025-08-09T04:55:00+09:30,PT5M
21,-78,28.5,0,0,0,1015.7,116,1,121,PARTLY CLOUDY,36.9,10.4,2025-08-09T05:00:00+09:30,PT5M
21,-78,26.8,0,0,0,1015.8,117,1,120,PARTLY CLOUDY,36.9,10.4,2025-08-09T05:05:00+09:30,PT5M
21,-78,26.8,0,0,0,1015.8,119,1,118,PARTLY CLOUDY,36.9,10.4,2025-08-09T05:10:00+09:30,PT5M
21,-78,21.4,0,0,0,1015.8,121,1,117,PARTLY CLOUDY,36.8,10.4,2025-08-09T05:15:00+09:30,PT5M
21,-78,21.4,0,0,0,1015.8,123,1,116,PARTLY CLOUDY,36.8,10.4,2025-08-09T05:20:00+09:30,PT5M
21,-77,21.4,0,0,0,1015.9,124,1,115,PARTLY CLOUDY,36.8,10.4,2025-08-09T05:25:00+09:30,PT5M
21,-77,23.2,0,0,0,1015.9,126,1,114,PARTLY CLOUDY,36.8,10.4,2025-08-09T05:30:00+09:30,PT5M
21,-77,21.4,0,0,0,1015.9,127,1,112,PARTLY CLOUDY,36.7,10.3,2025-08-09T05:35:00+09:30,PT5M
21,-77,15.9,0,0,0,1015.9,129,1,111,PARTLY CLOUDY,36.7,10.3,2025-08-09T05:40:00+09:30,PT5M
21,-77,17.8,0,0,0,1016,130,1,110,PARTLY CLOUDY,36.7,10.3,2025-08-09T05:45:00+09:30,PT5M
21,-77,21.4,0,0,0,1016,131,1,109,PARTLY CLOUDY,36.7,10.3,2025-08-09T05:50:00+09:30,PT5M
21,-77,23.2,0,0,0,1016,133,0.9,108,PARTLY CLOUDY,36.6,10.3,2025-08-09T05:55:00+09:30,PT5M
21,-76,21.4,0,0,0,1016,134,0.9,106,PARTLY CLOUDY,36.6,10.3,2025-08-09T06:00:00+09:30,PT5M
21,-76,25,0,0,0,1016.1,136,0.9,105,PARTLY CLOUDY,36.6,10.3,2025-08-09T06:05:00+09:30,PT5M
21,-76,26.8,0,0,0,1016.1,137,0.9,104,PARTLY CLOUDY,36.5,10.3,2025-08-09T06:10:00+09:30,PT5M
21,-76,25,0,0,0,1016.1,139,0.9,103,PARTLY CLOUDY,36.5,10.3,2025-08-09T06:15:00+09:30,PT5M
21,-76,25,0,0,0,1016.1,140,0.9,102,PARTLY CLOUDY,36.4,10.3,2025-08-09T06:20:00+09:30,PT5M
21,-75,25,0,0,0,1016.2,142,0.9,101,PARTLY CLOUDY,36.3,10.3,2025-08-09T06:25:00+09:30,PT5M
20,-75,26.8,0,0,0,1016.2,144,0.9,99,PARTLY CLOUDY,36.3,10.3,2025-08-09T06:30:00+09:30,PT5M
20,-75,28.5,0,0,0,1016.2,145,0.9,98,PARTLY CLOUDY,36.2,10.3,2025-08-09T06:35:00+09:30,PT5M
20,-75,32,0,0,0,1016.3,147,0.9,97,PARTLY CLOUDY,36.2,10.3,2025-08-09T06:40:00+09:30,PT5M
20,-74,30.3,0,0,0,1016.4,149,0.9,96,PARTLY CLOUDY,36.1,10.3,2025-08-09T06:45:00+09:30,PT5M
20,-74,33.6,0,0,0,1016.4,151,1,95,PARTLY CLOUDY,36,10.3,2025-08-09T06:50:00+09:30,PT5M
20,-74,35.3,0,0,0,1016.5,152,1,93,MOSTLY CLOUDY,36,10.3,2025-08-09T06:55:00+09:30,PT5M
20,-74,36.9,0,0,0,1016.6,154,1,92,MOSTLY CLOUDY,35.9,10.3,2025-08-09T07:00:00+09:30,PT5M
20,-73,35.3,0,0,0,1016.6,155,1.1,91,MOSTLY CLOUDY,35.9,10.3,2025-08-09T07:05:00+09:30,PT5M
20,-73,36.9,0,0,0,1016.7,157,1.1,90,MOSTLY CLOUDY,35.8,10.3,2025-08-09T07:10:00+09:30,PT5M
20,-73,36.9,4,4,0,1016.8,158,1.1,89,MOSTLY CLOUDY,35.7,10.2,2025-08-09T07:15:00+09:30,PT5M
20,-73,35.3,11,11,0,1016.8,159,1.2,88,MOSTLY CLOUDY,35.6,10.2,2025-08-09T07:20:00+09:30,PT5M
20,-72,21.4,21,21,0,1016.9,160,1.2,86,PARTLY CLOUDY,35.5,10.2,2025-08-09T07:25:00+09:30,PT5M
20,-72,8.2,36,41,0,1017,161,1.2,85,MOSTLY SUNNY,35.4,10.2,2025-08-09T07:30:00+09:30,PT5M
21,-72,8.2,49,58,0,1017,161,1.3,84,MOSTLY SUNNY,35.4,10.1,2025-08-09T07:35:00+09:30,PT5M
21,-71,0,68,87,0,1017,160,1.3,83,SUNNY,35.3,10.1,2025-08-09T07:40:00+09:30,PT5M
22,-71,0,84,106,0,1017.1,159,1.3,82,SUNNY,35.2,10.1,2025-08-09T07:45:00+09:30,PT5M
22,-71,0,100,126,0,1017.1,157,1.3,81,SUNNY,35.1,10.1,2025-08-09T07:50:00+09:30,PT5M
22,-70,0,117,146,0,1017.1,156,1.3,80,SUNNY,35,10,2025-08-09T07:55:00+09:30,PT5M
23,-70,0,134,166,0,1017.2,155,1.3,78,SUNNY,34.9,10,2025-08-09T08:00:00+09:30,PT5M
23,-70,0,152,186,0,1017.2,154,1.3,77,SUNNY,34.9,9.9,2025-08-09T08:05:00+09:30,PT5M
24,-69,0,170,206,0,1017.2,153,1.3,76,SUNNY,34.8,9.8,2025-08-09T08:10:00+09:30,PT5M
24,-69,0,189,227,0,1017.3,152,1.3,75,SUNNY,34.7,9.7,2025-08-09T08:15:00+09:30,PT5M
25,-69,0,207,247,0,1017.3,150,1.3,74,SUNNY,34.6,9.6,2025-08-09T08:20:00+09:30,PT5M
25,-68,0,225,267,0,1017.3,149,1.3,73,SUNNY,34.5,9.5,2025-08-09T08:25:00+09:30,PT5M
25,-68,0,244,288,0,1017.4,148,1.3,72,SUNNY,34.4,9.4,2025-08-09T08:30:00+09:30,PT5M
26,-67,0,263,308,0,1017.4,146,1.3,70,SUNNY,34.4,9.3,2025-08-09T08:35:00+09:30,PT5M
26,-67,0,281,328,0,1017.5,143,1.4,69,SUNNY,34.3,9.2,2025-08-09T08:40:00+09:30,PT5M
26,-66,0,300,348,0,1017.5,141,1.5,68,SUNNY,34.2,9.1,2025-08-09T08:45:00+09:30,PT5M
26,-66,0,318,368,0,1017.5,139,1.5,67,SUNNY,34.1,9,2025-08-09T08:50:00+09:30,PT5M
26,-65,0,336,387,0,1017.6,137,1.6,66,SUNNY,34,8.9,2025-08-09T08:55:00+09:30,PT5M
26,-65,0,355,407,0,1017.6,135,1.7,65,SUNNY,33.9,8.8,2025-08-09T09:00:00+09:30,PT5M
26,-64,0,373,426,0,1017.7,133,1.8,64,SUNNY,33.9,8.7,2025-08-09T09:05:00+09:30,PT5M
27,-64,0,390,444,0,1017.7,131,1.9,63,SUNNY,33.8,8.8,2025-08-09T09:10:00+09:30,PT5M
27,-63,0,407,462,0,1017.7,130,1.9,62,SUNNY,33.7,8.9,2025-08-09T09:15:00+09:30,PT5M
27,-63,0,424,480,0,1017.8,129,2,60,SUNNY,33.6,9,2025-08-09T09:20:00+09:30,PT5M
27,-62,0,441,498,0,1017.8,127,2.1,59,SUNNY,33.5,9.1,2025-08-09T09:25:00+09:30,PT5M
27,-62,0,458,516,0,1017.9,126,2.2,58,SUNNY,33.4,9.2,2025-08-09T09:30:00+09:30,PT5M
27,-61,0,475,534,0,1017.9,126,2.3,57,SUNNY,33.3,9.3,2025-08-09T09:35:00+09:30,PT5M
27,-60,0,491,551,0,1017.9,126,2.3,56,SUNNY,33.2,9.4,2025-08-09T09:40:00+09:30,PT5M
28,-60,0,507,567,0,1017.9,126,2.4,55,SUNNY,33.1,9.5,2025-08-09T09:45:00+09:30,PT5M
28,-59,0,523,584,0,1017.9,125,2.5,54,SUNNY,33,9.6,2025-08-09T09:50:00+09:30,PT5M
28,-58,0,538,600,0,1017.9,125,2.6,53,SUNNY,32.9,9.7,2025-08-09T09:55:00+09:30,PT5M
28,-57,0,553,615,0,1017.9,125,2.7,52,SUNNY,32.8,9.8,2025-08-09T10:00:00+09:30,PT5M
28,-57,0,568,631,0,1017.8,125,2.7,51,SUNNY,32.7,9.8,2025-08-09T10:05:00+09:30,PT5M
29,-56,0,583,646,0,1017.8,125,2.8,50,SUNNY,32.6,9.8,2025-08-09T10:10:00+09:30,PT5M
29,-55,0,598,662,0,1017.8,125,2.9,49,SUNNY,32.5,9.8,2025-08-09T10:15:00+09:30,PT5M
29,-54,0,612,676,0,1017.8,125,3,48,SUNNY,32.4,9.8,2025-08-09T10:20:00+09:30,PT5M
29,-53,0,626,691,0,1017.8,125,3,47,SUNNY,32.3,9.8,2025-08-09T10:25:00+09:30,PT5M
29,-52,0,639,705,0,1017.8,125,3.1,46,SUNNY,32.2,9.8,2025-08-09T10:30:00+09:30,PT5M
30,-51,0,652,718,0,1017.8,124,3.2,45,SUNNY,32,9.8,2025-08-09T10:35:00+09:30,PT5M
30,-50,0,665,732,0,1017.7,123,3.2,44,SUNNY,31.9,9.8,2025-08-09T10:40:00+09:30,PT5M
30,-49,0,677,744,0,1017.7,123,3.3,43,SUNNY,31.8,9.8,2025-08-09T10:45:00+09:30,PT5M
30,-48,0,689,757,0,1017.6,122,3.4,42,SUNNY,31.7,9.8,2025-08-09T10:50:00+09:30,PT5M
30,-47,0,701,769,0,1017.6,121,3.4,41,SUNNY,31.6,9.8,2025-08-09T10:55:00+09:30,PT5M
30,-45,0,712,781,0,1017.5,120,3.5,40,SUNNY,31.5,9.8,2025-08-09T11:00:00+09:30,PT5M
31,-44,0,722,792,0,1017.5,119,3.5,40,SUNNY,31.3,9.8,2025-08-09T11:05:00+09:30,PT5M
31,-43,0,733,803,0,1017.4,119,3.6,39,SUNNY,31.2,9.8,2025-08-09T11:10:00+09:30,PT5M
31,-41,0,743,813,0,1017.4,118,3.7,38,SUNNY,31.1,9.8,2025-08-09T11:15:00+09:30,PT5M
31,-40,0,753,823,0,1017.3,117,3.7,37,SUNNY,31,9.8,2025-08-09T11:20:00+09:30,PT5M
31,-38,0,762,833,0,1017.3,117,3.8,36,SUNNY,30.9,9.8,2025-08-09T11:25:00+09:30,PT5M
32,-37,0,770,842,0,1017.2,116,3.9,36,SUNNY,30.8,9.8,2025-08-09T11:30:00+09:30,PT5M
32,-35,0,779,850,0,1017.1,115,3.9,35,SUNNY,30.6,9.8,2025-08-09T11:35:00+09:30,PT5M
32,-33,0,786,859,0,1017.1,115,3.9,34,SUNNY,30.5,9.8,2025-08-09T11:40:00+09:30,PT5M
32,-31,0,794,866,0,1017,114,3.9,34,SUNNY,30.4,9.8,2025-08-09T11:45:00+09:30,PT5M
32,-30,0,801,874,0,1016.9,113,3.9,33,SUNNY,30.3,9.8,2025-08-09T11:50:00+09:30,PT5M
32,-28,0,807,880,0,1016.8,112,3.9,32,SUNNY,30.2,9.8,2025-08-09T11:55:00+09:30,PT5M
32,-26,0,813,887,0,1016.7,111,3.8,32,SUNNY,30.1,9.8,2025-08-09T12:00:00+09:30,PT5M
32,-23,0,819,892,0,1016.6,110,3.8,31,SUNNY,29.9,9.8,2025-08-09T12:05:00+09:30,PT5M
32,-21,0,823,897,0,1016.5,109,3.8,31,SUNNY,29.7,9.8,2025-08-09T12:10:00+09:30,PT5M
32,-19,0,828,902,0,1016.4,108,3.8,30,SUNNY,29.5,9.8,2025-08-09T12:15:00+09:30,PT5M
32,-17,0,832,906,0,1016.3,107,3.8,30,SUNNY,29.3,9.8,2025-08-09T12:20:00+09:30,PT5M
32,-15,0,835,909,0,1016.2,106,3.8,30,SUNNY,29.1,9.8,2025-08-09T12:25:00+09:30,PT5M
32,-12,0,838,912,0,1016.1,106,3.8,29,SUNNY,28.9,9.8,2025-08-09T12:30:00+09:30,PT5M
32,-10,0,840,914,0,1016,105,3.8,29,SUNNY,28.7,9.8,2025-08-09T12:35:00+09:30,PT5M
32,-7,0,842,916,0,1015.9,104,3.8,29,SUNNY,28.5,9.8,2025-08-09T12:40:00+09:30,PT5M
33,-5,0,843,918,0,1015.8,103,3.7,29,SUNNY,28.3,9.8,2025-08-09T12:45:00+09:30,PT5M
33,-2,0,844,919,0,1015.7,102,3.7,29,SUNNY,28.1,9.8,2025-08-09T12:50:00+09:30,PT5M
33,0,0,845,919,0,1015.6,101,3.6,29,SUNNY,27.9,9.8,2025-08-09T12:55:00+09:30,PT5M
33,3,0,844,919,0,1015.5,99,3.6,29,SUNNY,27.7,9.8,2025-08-09T13:00:00+09:30,PT5M
33,5,0,844,918,0,1015.4,98,3.5,29,SUNNY,27.5,9.8,2025-08-09T13:05:00+09:30,PT5M
33,7,0,843,917,0,1015.3,97,3.5,29,SUNNY,27.2,9.8,2025-08-09T13:10:00+09:30,PT5M
33,10,0,841,915,0,1015.2,96,3.4,29,SUNNY,26.9,9.9,2025-08-09T13:15:00+09:30,PT5M
33,12,0,839,913,0,1015.1,95,3.4,29,SUNNY,26.6,9.9,2025-08-09T13:20:00+09:30,PT5M
33,15,0,836,911,0,1015,94,3.4,30,SUNNY,26.3,10,2025-08-09T13:25:00+09:30,PT5M
33,17,0,833,907,0,1014.9,92,3.3,30,SUNNY,26,10,2025-08-09T13:30:00+09:30,PT5M
33,19,0,830,904,0,1014.8,91,3.3,30,SUNNY,25.7,10,2025-08-09T13:35:00+09:30,PT5M
33,21,0,826,899,0,1014.7,91,3.2,31,SUNNY,25.4,10,2025-08-09T13:40:00+09:30,PT5M
33,24,0,821,894,0,1014.7,90,3.2,31,SUNNY,25.1,10.1,2025-08-09T13:45:00+09:30,PT5M
33,26,0,816,889,0,1014.6,90,3.1,32,SUNNY,24.8,10.1,2025-08-09T13:50:00+09:30,PT5M
34,28,0,810,883,0,1014.5,89,3,32,SUNNY,24.5,10.2,2025-08-09T13:55:00+09:30,PT5M
34,30,0,804,877,0,1014.4,88,3,33,SUNNY,24.2,10.2,2025-08-09T14:00:00+09:30,PT5M
34,31,0,798,870,0,1014.3,88,2.9,34,SUNNY,24,10.2,2025-08-09T14:05:00+09:30,PT5M
34,33,0,791,863,0,1014.2,87,2.9,34,SUNNY,23.7,10.3,2025-08-09T14:10:00+09:30,PT5M
34,35,0,783,855,0,1014.1,86,2.8,35,SUNNY,23.4,10.3,2025-08-09T14:15:00+09:30,PT5M
34,37,0,776,847,0,1014,85,2.8,36,SUNNY,23.1,10.3,2025-08-09T14:20:00+09:30,PT5M
34,38,0,767,839,0,1013.9,85,2.7,36,SUNNY,22.8,10.4,2025-08-09T14:25:00+09:30,PT5M
34,40,0,759,830,0,1013.8,84,2.6,37,SUNNY,22.5,10.4,2025-08-09T14:30:00+09:30,PT5M
34,41,0,749,820,0,1013.8,83,2.6,38,SUNNY,22.2,10.5,2025-08-09T14:35:00+09:30,PT5M
34,43,0,740,810,0,1013.7,82,2.5,39,SUNNY,21.9,10.5,2025-08-09T14:40:00+09:30,PT5M
34,44,0,729,799,0,1013.7,82,2.5,40,SUNNY,21.6,10.6,2025-08-09T14:45:00+09:30,PT5M
34,45,0,719,788,0,1013.7,81,2.4,40,SUNNY,21.3,10.6,2025-08-09T14:50:00+09:30,PT5M
34,47,0,708,777,0,1013.6,80,2.4,41,SUNNY,21,10.6,2025-08-09T14:55:00+09:30,PT5M
34,48,0,696,765,0,1013.6,79,2.3,42,SUNNY,20.7,10.7,2025-08-09T15:00:00+09:30,PT5M
34,49,0,685,753,0,1013.6,78,2.3,43,SUNNY,20.5,10.6,2025-08-09T15:05:00+09:30,PT5M
34,50,0,673,740,0,1013.5,77,2.2,44,SUNNY,20.4,10.4,2025-08-09T15:10:00+09:30,PT5M
34,51,0,660,728,0,1013.5,76,2.2,45,SUNNY,20.2,10.3,2025-08-09T15:15:00+09:30,PT5M
34,52,0,648,714,0,1013.5,75,2.1,46,SUNNY,20,10.1,2025-08-09T15:20:00+09:30,PT5M
34,53,0,635,701,0,1013.4,74,2.1,47,SUNNY,19.8,10,2025-08-09T15:25:00+09:30,PT5M
34,54,0,621,687,0,1013.4,73,2,48,SUNNY,19.7,9.8,2025-08-09T15:30:00+09:30,PT5M
34,55,0,607,673,0,1013.4,73,2,49,SUNNY,19.5,9.6,2025-08-09T15:35:00+09:30,PT5M
34,56,0,593,658,0,1013.3,73,1.9,50,SUNNY,19.4,9.4,2025-08-09T15:40:00+09:30,PT5M
34,57,0,579,643,0,1013.3,73,1.9,51,SUNNY,19.2,9.3,2025-08-09T15:45:00+09:30,PT5M
34,57,0,564,627,0,1013.2,73,1.8,52,SUNNY,19,9.1,2025-08-09T15:50:00+09:30,PT5M
33,58,0,549,611,0,1013.2,73,1.8,53,SUNNY,18.8,9,2025-08-09T15:55:00+09:30,PT5M
33,59,0,533,595,0,1013.2,73,1.7,54,SUNNY,18.7,8.8,2025-08-09T16:00:00+09:30,PT5M
33,60,0,517,578,0,1013.1,73,1.7,55,SUNNY,18.6,8.7,2025-08-09T16:05:00+09:30,PT5M
33,60,0,501,561,0,1013.1,73,1.7,56,SUNNY,18.6,8.7,2025-08-09T16:10:00+09:30,PT5M
33,61,0,484,544,0,1013,73,1.6,57,SUNNY,18.5,8.7,2025-08-09T16:15:00+09:30,PT5M
33,62,0,467,526,0,1013,74,1.6,58,SUNNY,18.5,8.7,2025-08-09T16:20:00+09:30,PT5M
33,62,0,449,507,0,1012.9,74,1.5,59,SUNNY,18.5,8.7,2025-08-09T16:25:00+09:30,PT5M
33,63,0,432,489,0,1012.9,74,1.5,60,SUNNY,18.5,8.7,2025-08-09T16:30:00+09:30,PT5M
33,63,0,414,470,0,1012.9,74,1.4,62,SUNNY,18.4,8.6,2025-08-09T16:35:00+09:30,PT5M
33,64,0,396,451,0,1012.9,75,1.4,63,SUNNY,18.4,8.6,2025-08-09T16:40:00+09:30,PT5M
33,65,0,378,432,0,1012.9,76,1.3,64,SUNNY,18.4,8.6,2025-08-09T16:45:00+09:30,PT5M
33,65,0,360,413,0,1012.9,77,1.3,65,SUNNY,18.4,8.6,2025-08-09T16:50:00+09:30,PT5M
33,66,0,342,393,0,1013,78,1.2,66,SUNNY,18.3,8.6,2025-08-09T16:55:00+09:30,PT5M
32,66,0,323,373,0,1013,80,1.2,67,SUNNY,18.3,8.6,2025-08-09T17:00:00+09:30,PT5M
32,67,0,305,353,0,1013,81,1.1,68,SUNNY,18.3,8.6,2025-08-09T17:05:00+09:30,PT5M
32,67,0,286,333,0,1013,82,1.1,69,SUNNY,18.2,8.6,2025-08-09T17:10:00+09:30,PT5M
32,67,0,267,313,0,1013,84,1.1,70,SUNNY,18.2,8.6,2025-08-09T17:15:00+09:30,PT5M
32,68,0,249,293,0,1013,85,1,72,SUNNY,18.2,8.6,2025-08-09T17:20:00+09:30,PT5M
32,68,0,230,273,0,1013.1,87,1,73,SUNNY,18.2,8.6,2025-08-09T17:25:00+09:30,PT5M
32,69,0,212,253,0,1013.1,89,0.9,74,SUNNY,18.1,8.6,2025-08-09T17:30:00+09:30,PT5M
32,69,0,193,232,0,1013.1,90,0.8,75,SUNNY,18.1,8.7,2025-08-09T17:35:00+09:30,PT5M
31,69,0,175,212,0,1013.2,89,0.7,76,SUNNY,18.1,8.7,2025-08-09T17:40:00+09:30,PT5M
31,70,0,157,192,0,1013.2,88,0.6,77,SUNNY,18,8.7,2025-08-09T17:45:00+09:30,PT5M
31,70,0,139,172,0,1013.3,87,0.5,78,SUNNY,18,8.7,2025-08-09T17:50:00+09:30,PT5M
31,71,0,121,152,0,1013.3,85,0.4,80,SUNNY,18,8.7,2025-08-09T17:55:00+09:30,PT5M
31,71,0,104,132,0,1013.4,81,0.3,81,SUNNY,17.9,8.7,2025-08-09T18:00:00+09:30,PT5M
31,71,0,87,113,0,1013.4,75,0.2,82,SUNNY,17.9,8.7,2025-08-09T18:05:00+09:30,PT5M
31,72,0,72,94,0,1013.5,54,0.1,83,SUNNY,17.9,8.7,2025-08-09T18:10:00+09:30,PT5M
31,72,0,56,75,0,1013.5,344,0.1,84,SUNNY,17.9,8.7,2025-08-09T18:15:00+09:30,PT5M
31,72,0,42,56,0,1013.6,302,0.2,85,SUNNY,17.9,8.7,2025-08-09T18:20:00+09:30,PT5M
31,72,8.2,27,30,0,1013.6,290,0.3,86,MOSTLY SUNNY,17.9,8.7,2025-08-09T18:25:00+09:30,PT5M
31,73,12.1,16,16,0,1013.7,285,0.4,88,PARTLY CLOUDY,17.9,8.7,2025-08-09T18:30:00+09:30,PT5M
31,73,12.1,7,7,0,1013.7,284,0.4,89,PARTLY CLOUDY,18,8.8,2025-08-09T18:35:00+09:30,PT5M
30,73,14,0,0,0,1013.8,283,0.5,90,PARTLY CLOUDY,18,8.8,2025-08-09T18:40:00+09:30,PT5M
30,74,12.1,0,0,0,1013.9,282,0.6,91,PARTLY CLOUDY,18,8.8,2025-08-09T18:45:00+09:30,PT5M
30,74,8.2,0,0,0,1014,282,0.6,92,MOSTLY CLEAR,18,8.8,2025-08-09T18:50:00+09:30,PT5M
30,74,10.1,0,0,0,1014.1,281,0.7,93,PARTLY CLOUDY,18,8.8,2025-08-09T18:55:00+09:30,PT5M
29,74,17.8,0,0,0,1014.1,281,0.8,95,PARTLY CLOUDY,18,8.8,2025-08-09T19:00:00+09:30,PT5M
29,75,15.9,0,0,0,1014.2,280,0.8,96,PARTLY CLOUDY,18,8.8,2025-08-09T19:05:00+09:30,PT5M
29,75,12.1,0,0,0,1014.3,280,0.9,97,PARTLY CLOUDY,18.1,8.8,2025-08-09T19:10:00+09:30,PT5M
29,75,12.1,0,0,0,1014.4,280,1,98,PARTLY CLOUDY,18.1,8.8,2025-08-09T19:15:00+09:30,PT5M
28,75,12.1,0,0,0,1014.5,280,1,99,PARTLY CLOUDY,18.2,8.8,2025-08-09T19:20:00+09:30,PT5M
28,76,14,0,0,0,1014.6,280,1.1,101,PARTLY CLOUDY,18.3,8.8,2025-08-09T19:25:00+09:30,PT5M
28,76,14,0,0,0,1014.6,280,1.2,102,PARTLY CLOUDY,18.3,8.8,2025-08-09T19:30:00+09:30,PT5M
28,76,8.2,0,0,0,1014.7,279,1.2,103,MOSTLY CLEAR,18.4,8.7,2025-08-09T19:35:00+09:30,PT5M
27,76,0,0,0,0,1014.8,279,1.3,104,CLEAR,18.4,8.7,2025-08-09T19:40:00+09:30,PT5M
27,76,10.1,0,0,0,1014.8,279,1.3,105,PARTLY CLOUDY,18.5,8.7,2025-08-09T19:45:00+09:30,PT5M
27,76,14,0,0,0,1014.9,279,1.3,106,PARTLY CLOUDY,18.6,8.7,2025-08-09T19:50:00+09:30,PT5M
27,77,14,0,0,0,1014.9,279,1.3,108,PARTLY CLOUDY,18.6,8.7,2025-08-09T19:55:00+09:30,PT5M
27,77,14,0,0,0,1015,279,1.4,109,PARTLY CLOUDY,18.7,8.7,2025-08-09T20:00:00+09:30,PT5M
27,77,14,0,0,0,1015,278,1.4,110,PARTLY CLOUDY,18.7,8.7,2025-08-09T20:05:00+09:30,PT5M
27,77,12.1,0,0,0,1015.1,278,1.4,111,PARTLY CLOUDY,18.8,8.7,2025-08-09T20:10:00+09:30,PT5M
26,77,14,0,0,0,1015.1,278,1.4,112,PARTLY CLOUDY,18.8,8.7,2025-08-09T20:15:00+09:30,PT5M
26,78,14,0,0,0,1015.2,278,1.5,114,PARTLY CLOUDY,18.9,8.7,2025-08-09T20:20:00+09:30,PT5M
26,78,14,0,0,0,1015.2,278,1.5,115,PARTLY CLOUDY,18.9,8.7,2025-08-09T20:25:00+09:30,PT5M
26,78,12.1,0,0,0,1015.3,278,1.5,116,PARTLY CLOUDY,19,8.7,2025-08-09T20:30:00+09:30,PT5M
26,78,10.1,0,0,0,1015.3,278,1.5,117,PARTLY CLOUDY,19,8.6,2025-08-09T20:35:00+09:30,PT5M
26,78,10.1,0,0,0,1015.3,279,1.5,118,PARTLY CLOUDY,19.1,8.6,2025-08-09T20:40:00+09:30,PT5M
26,78,10.1,0,0,0,1015.3,280,1.5,120,PARTLY CLOUDY,19.1,8.6,2025-08-09T20:45:00+09:30,PT5M
25,78,12.1,0,0,0,1015.3,281,1.5,121,PARTLY CLOUDY,19.2,8.6,2025-08-09T20:50:00+09:30,PT5M
25,78,12.1,0,0,0,1015.3,282,1.5,122,PARTLY CLOUDY,19.2,8.6,2025-08-09T20:55:00+09:30,PT5M
25,79,14,0,0,0,1015.3,283,1.5,123,PARTLY CLOUDY,19.3,8.6,2025-08-09T21:00:00+09:30,PT5M
25,79,14,0,0,0,1015.3,284,1.5,124,PARTLY CLOUDY,19.3,8.6,2025-08-09T21:05:00+09:30,PT5M
25,79,12.1,0,0,0,1015.4,285,1.5,126,PARTLY CLOUDY,19.4,8.6,2025-08-09T21:10:00+09:30,PT5M
25,79,12.1,0,0,0,1015.4,286,1.5,127,PARTLY CLOUDY,19.5,8.6,2025-08-09T21:15:00+09:30,PT5M
25,79,12.1,0,0,0,1015.4,287,1.5,128,PARTLY CLOUDY,19.6,8.5,2025-08-09T21:20:00+09:30,PT5M
25,79,12.1,0,0,0,1015.4,288,1.5,129,PARTLY CLOUDY,19.7,8.5,2025-08-09T21:25:00+09:30,PT5M
24,79,12.1,0,0,0,1015.4,289,1.5,130,PARTLY CLOUDY,19.8,8.5,2025-08-09T21:30:00+09:30,PT5M
24,79,12.1,0,0,0,1015.4,290,1.5,132,PARTLY CLOUDY,19.8,8.5,2025-08-09T21:35:00+09:30,PT5M
24,79,14,0,0,0,1015.5,292,1.5,133,PARTLY CLOUDY,19.9,8.5,2025-08-09T21:40:00+09:30,PT5M
24,79,14,0,0,0,1015.5,294,1.4,134,PARTLY CLOUDY,20,8.5,2025-08-09T21:45:00+09:30,PT5M
24,79,14,0,0,0,1015.5,296,1.4,135,PARTLY CLOUDY,20.1,8.4,2025-08-09T21:50:00+09:30,PT5M
24,79,12.1,0,0,0,1015.6,297,1.4,136,PARTLY CLOUDY,20.2,8.4,2025-08-09T21:55:00+09:30,PT5M
24,79,10.1,0,0,0,1015.6,299,1.4,138,PARTLY CLOUDY,20.3,8.4,2025-08-09T22:00:00+09:30,PT5M
24,80,10.1,0,0,0,1015.7,301,1.4,139,PARTLY CLOUDY,20.4,8.4,2025-08-09T22:05:00+09:30,PT5M
24,80,10.1,0,0,0,1015.7,303,1.4,140,PARTLY CLOUDY,20.5,8.4,2025-08-09T22:10:00+09:30,PT5M
24,80,10.1,0,0,0,1015.7,305,1.4,141,PARTLY CLOUDY,20.6,8.4,2025-08-09T22:15:00+09:30,PT5M
23,80,10.1,0,0,0,1015.8,307,1.4,142,PARTLY CLOUDY,20.7,8.4,2025-08-09T22:20:00+09:30,PT5M
23,80,10.1,0,0,0,1015.8,309,1.4,144,PARTLY CLOUDY,20.9,8.4,2025-08-09T22:25:00+09:30,PT5M
23,79,10.1,0,0,0,1015.9,311,1.3,145,PARTLY CLOUDY,21,8.4,2025-08-09T22:30:00+09:30,PT5M
23,79,8.2,0,0,0,1015.9,313,1.3,146,MOSTLY CLEAR,21.1,8.5,2025-08-09T22:35:00+09:30,PT5M
23,79,8.2,0,0,0,1015.9,317,1.3,147,MOSTLY CLEAR,21.2,8.5,2025-08-09T22:40:00+09:30,PT5M
23,79,8.2,0,0,0,1016,320,1.2,148,MOSTLY CLEAR,21.4,8.5,2025-08-09T22:45:00+09:30,PT5M
23,79,8.2,0,0,0,1016,324,1.2,150,MOSTLY CLEAR,21.5,8.5,2025-08-09T22:50:00+09:30,PT5M
23,79,8.2,0,0,0,1016,328,1.1,151,MOSTLY CLEAR,21.6,8.5,2025-08-09T22:55:00+09:30,PT5M
23,79,8.2,0,0,0,1016,332,1.1,152,MOSTLY CLEAR,21.7,8.5,2025-08-09T23:00:00+09:30,PT5M
22,79,8.2,0,0,0,1016.1,337,1,153,MOSTLY CLEAR,21.9,8.5,2025-08-09T23:05:00+09:30,PT5M
22,78,8.2,0,0,0,1016.1,342,1,154,MOSTLY CLEAR,22,8.5,2025-08-09T23:10:00+09:30,PT5M
22,78,8.2,0,0,0,1016.1,347,1,156,MOSTLY CLEAR,22.1,8.5,2025-08-09T23:15:00+09:30,PT5M
22,78,12.1,0,0,0,1016.1,352,1,157,PARTLY CLOUDY,22.2,8.6,2025-08-09T23:20:00+09:30,PT5M
22,78,10.1,0,0,0,1016.2,358,1,158,PARTLY CLOUDY,22.3,8.6,2025-08-09T23:25:00+09:30,PT5M
22,77,8.2,0,0,0,1016.2,3,1,159,MOSTLY CLEAR,22.4,8.6,2025-08-09T23:30:00+09:30,PT5M
22,77,10.1,0,0,0,1016.2,7,1,160,PARTLY CLOUDY,22.5,8.6,2025-08-09T23:35:00+09:30,PT5M
22,76,12.1,0,0,0,1016.2,9,1,161,PARTLY CLOUDY,22.6,8.6,2025-08-09T23:40:00+09:30,PT5M
22,75,10.1,0,0,0,1016.2,11,1,163,PARTLY CLOUDY,22.7,8.6,2025-08-09T23:45:00+09:30,PT5M
22,75,10.1,0,0,0,1016.2,13,1,164,PARTLY CLOUDY,22.8,8.7,2025-08-09T23:50:00+09:30,PT5M
22,74,10.1,0,0,0,1016.2,15,1,165,PARTLY CLOUDY,22.9,8.7,2025-08-09T23:55:00+09:30,PT5M
22,73,10.1,0,0,0,1016.1,17,1,166,PARTLY CLOUDY,23,8.7,2025-08-10T00:00:00+09:30,PT5M
22,71,10.1,0,0,0,1016.1,19,1,167,PARTLY CLOUDY,23.2,8.7,2025-08-10T00:05:00+09:30,PT5M
22,70,10.1,0,0,0,1016.1,20,1,169,PARTLY CLOUDY,23.3,8.8,2025-08-10T00:10:00+09:30,PT5M
21,68,10.1,0,0,0,1016.1,22,1,170,PARTLY CLOUDY,23.5,8.8,2025-08-10T00:15:00+09:30,PT5M
21,65,12.1,0,0,0,1016.1,24,1,171,PARTLY CLOUDY,23.6,8.8,2025-08-10T00:20:00+09:30,PT5M
21,62,12.1,0,0,0,1016.1,26,1,172,PARTLY CLOUDY,23.7,8.8,2025-08-10T00:25:00+09:30,PT5M
21,58,14,0,0,0,1016.1,28,1,173,PARTLY CLOUDY,23.9,8.9,2025-08-10T00:30:00+09:30,PT5M
21,52,12.1,0,0,0,1016.1,30,1,174,PARTLY CLOUDY,24,8.9,2025-08-10T00:35:00+09:30,PT5M
21,44,12.1,0,0,0,1016.1,32,1,175,PARTLY CLOUDY,24.2,9,2025-08-10T00:40:00+09:30,PT5M
21,32,10.1,0,0,0,1016,35,0.9,176,PARTLY CLOUDY,24.3,9,2025-08-10T00:45:00+09:30,PT5M
21,18,10.1,0,0,0,1016,38,0.9,176,PARTLY CLOUDY,24.4,9,2025-08-10T00:50:00+09:30,PT5M
21,0,12.1,0,0,0,1016,40,0.9,176,PARTLY CLOUDY,24.6,9,2025-08-10T00:55:00+09:30,PT5M
21,-18,12.1,0,0,0,1016,43,0.9,176,PARTLY CLOUDY,24.7,9.1,2025-08-10T01:00:00+09:30,PT5M
21,-33,12.1,0,0,0,1016,47,0.8,176,PARTLY CLOUDY,24.9,9.1,2025-08-10T01:05:00+09:30,PT5M
21,-44,10.1,0,0,0,1016,50,0.8,175,PARTLY CLOUDY,25,9.2,2025-08-10T01:10:00+09:30,PT5M
21,-52,10.1,0,0,0,1015.9,53,0.8,174,PARTLY CLOUDY,25.2,9.2,2025-08-10T01:15:00+09:30,PT5M
21,-58,12.1,0,0,0,1015.9,57,0.8,173,PARTLY CLOUDY,25.4,9.2,2025-08-10T01:20:00+09:30,PT5M
21,-62,10.1,0,0,0,1015.9,61,0.8,172,PARTLY CLOUDY,25.5,9.3,2025-08-10T01:25:00+09:30,PT5M
21,-65,8.2,0,0,0,1015.9,65,0.8,171,MOSTLY CLEAR,25.7,9.3,2025-08-10T01:30:00+09:30,PT5M
21,-68,10.1,0,0,0,1015.9,68,0.8,170,PARTLY CLOUDY,25.8,9.4,2025-08-10T01:35:00+09:30,PT5M
21,-70,12.1,0,0,0,1015.9,70,0.8,168,PARTLY CLOUDY,26,9.4,2025-08-10T01:40:00+09:30,PT5M
21,-71,12.1,0,0,0,1015.8,73,0.8,167,PARTLY CLOUDY,26.1,9.5,2025-08-10T01:45:00+09:30,PT5M
21,-73,12.1,0,0,0,1015.8,75,0.8,166,PARTLY CLOUDY,26.3,9.5,2025-08-10T01:50:00+09:30,PT5M
21,-74,10.1,0,0,0,1015.8,77,0.8,165,PARTLY CLOUDY,26.5,9.5,2025-08-10T01:55:00+09:30,PT5M
21,-75,10.1,0,0,0,1015.8,79,0.9,164,PARTLY CLOUDY,26.6,9.6,2025-08-10T02:00:00+09:30,PT5M
21,-76,10.1,0,0,0,1015.7,81,0.9,163,PARTLY CLOUDY,26.8,9.6,2025-08-10T02:05:00+09:30,PT5M
21,-76,12.1,0,0,0,1015.7,83,0.9,161,PARTLY CLOUDY,27,9.6,2025-08-10T02:10:00+09:30,PT5M
21,-77,12.1,0,0,0,1015.7,85,0.9,160,PARTLY CLOUDY,27.1,9.7,2025-08-10T02:15:00+09:30,PT5M
21,-77,12.1,0,0,0,1015.7,86,0.9,159,PARTLY CLOUDY,27.3,9.7,2025-08-10T02:20:00+09:30,PT5M
21,-78,12.1,0,0,0,1015.6,88,1,158,PARTLY CLOUDY,27.4,9.8,2025-08-10T02:25:00+09:30,PT5M
21,-78,14,0,0,0,1015.6,89,1,157,PARTLY CLOUDY,27.6,9.8,2025-08-10T02:30:00+09:30,PT5M
21,-78,12.1,0,0,0,1015.6,91,1,155,PARTLY CLOUDY,27.8,9.8,2025-08-10T02:35:00+09:30,PT5M
20,-79,8.2,0,0,0,1015.6,92,1,154,MOSTLY CLEAR,28,9.8,2025-08-10T02:40:00+09:30,PT5M
20,-79,8.2,0,0,0,1015.6,93,1,153,MOSTLY CLEAR,28.1,9.9,2025-08-10T02:45:00+09:30,PT5M
20,-79,8.2,0,0,0,1015.6,95,1.1,152,MOSTLY CLEAR,28.3,9.9,2025-08-10T02:50:00+09:30,PT5M
20,-79,10.1,0,0,0,1015.6,96,1.1,151,PARTLY CLOUDY,28.5,10,2025-08-10T02:55:00+09:30,PT5M
20,-79,10.1,0,0,0,1015.6,97,1.1,149,PARTLY CLOUDY,28.6,10,2025-08-10T03:00:00+09:30,PT5M
20,-79,10.1,0,0,0,1015.6,98,1.1,148,PARTLY CLOUDY,28.7,10,2025-08-10T03:05:00+09:30,PT5M
20,-79,12.1,0,0,0,1015.6,99,1.1,147,PARTLY CLOUDY,28.8,10,2025-08-10T03:10:00+09:30,PT5M
20,-80,10.1,0,0,0,1015.6,101,1.2,146,PARTLY CLOUDY,28.8,10.1,2025-08-10T03:15:00+09:30,PT5M
20,-80,10.1,0,0,0,1015.6,102,1.2,145,PARTLY CLOUDY,28.9,10.1,2025-08-10T03:20:00+09:30,PT5M
20,-80,10.1,0,0,0,1015.6,103,1.2,143,PARTLY CLOUDY,28.9,10.1,2025-08-10T03:25:00+09:30,PT5M
20,-80,10.1,0,0,0,1015.6,104,1.2,142,PARTLY CLOUDY,29,10.1,2025-08-10T03:30:00+09:30,PT5M
20,-80,10.1,0,0,0,1015.6,105,1.3,141,PARTLY CLOUDY,29,10.2,2025-08-10T03:35:00+09:30,PT5M
20,-80,10.1,0,0,0,1015.6,106,1.3,140,PARTLY CLOUDY,29.1,10.2,2025-08-10T03:40:00+09:30,PT5M
20,-80,10.1,0,0,0,1015.6,108,1.3,139,PARTLY CLOUDY,29.1,10.2,2025-08-10T03:45:00+09:30,PT5M
20,-80,10.1,0,0,0,1015.6,109,1.4,137,PARTLY CLOUDY,29.2,10.2,2025-08-10T03:50:00+09:30,PT5M
20,-80,10.1,0,0,0,1015.6,110,1.4,136,PARTLY CLOUDY,29.2,10.3,2025-08-10T03:55:00+09:30,PT5M
19,-80,10.1,0,0,0,1015.5,112,1.4,135,PARTLY CLOUDY,29.3,10.3,2025-08-10T04:00:00+09:30,PT5M
19,-79,10.1,0,0,0,1015.5,113,1.5,134,PARTLY CLOUDY,29.3,10.3,2025-08-10T04:05:00+09:30,PT5M
19,-79,10.1,0,0,0,1015.5,114,1.5,133,PARTLY CLOUDY,29.2,10.3,2025-08-10T04:10:00+09:30,PT5M
19,-79,10.1,0,0,0,1015.5,115,1.6,131,PARTLY CLOUDY,29.2,10.3,2025-08-10T04:15:00+09:30,PT5M
19,-79,10.1,0,0,0,1015.5,116,1.6,130,PARTLY CLOUDY,29.2,10.3,2025-08-10T04:20:00+09:30,PT5M
19,-79,10.1,0,0,0,1015.5,117,1.6,129,PARTLY CLOUDY,29.1,10.3,2025-08-10T04:25:00+09:30,PT5M
19,-79,10.1,0,0,0,1015.5,118,1.7,128,PARTLY CLOUDY,29.1,10.3,2025-08-10T04:30:00+09:30,PT5M
19,-79,8.2,0,0,0,1015.5,118,1.7,127,MOSTLY CLEAR,29,10.4,2025-08-10T04:35:00+09:30,PT5M
19,-79,8.2,0,0,0,1015.5,119,1.7,126,MOSTLY CLEAR,29,10.4,2025-08-10T04:40:00+09:30,PT5M
19,-79,8.2,0,0,0,1015.6,119,1.8,124,MOSTLY CLEAR,28.9,10.4,2025-08-10T04:45:00+09:30,PT5M
19,-79,8.2,0,0,0,1015.6,120,1.8,123,MOSTLY CLEAR,28.9,10.4,2025-08-10T04:50:00+09:30,PT5M
19,-79,8.2,0,0,0,1015.6,120,1.8,122,MOSTLY CLEAR,28.9,10.4,2025-08-10T04:55:00+09:30,PT5M
19,-78,8.2,0,0,0,1015.6,120,1.8,121,MOSTLY CLEAR,28.8,10.4,2025-08-10T05:00:00+09:30,PT5M
19,-78,10.1,0,0,0,1015.7,121,1.9,120,PARTLY CLOUDY,28.8,10.4,2025-08-10T05:05:00+09:30,PT5M
19,-78,10.1,0,0,0,1015.7,121,1.9,118,PARTLY CLOUDY,28.7,10.4,2025-08-10T05:10:00+09:30,PT5M
19,-78,8.2,0,0,0,1015.7,122,1.9,117,MOSTLY CLEAR,28.7,10.3,2025-08-10T05:15:00+09:30,PT5M
19,-78,0,0,0,0,1015.7,122,2,116,CLEAR,28.6,10.3,2025-08-10T05:20:00+09:30,PT5M
19,-78,0,0,0,0,1015.8,122,2,115,CLEAR,28.5,10.3,2025-08-10T05:25:00+09:30,PT5M
19,-78,8.2,0,0,0,1015.8,123,2,114,MOSTLY CLEAR,28.5,10.3,2025-08-10T05:30:00+09:30,PT5M
19,-77,10.1,0,0,0,1015.8,123,2,112,PARTLY CLOUDY,28.4,10.2,2025-08-10T05:35:00+09:30,PT5M
19,-77,12.1,0,0,0,1015.9,124,2,111,PARTLY CLOUDY,28.4,10.2,2025-08-10T05:40:00+09:30,PT5M
19,-77,10.1,0,0,0,1015.9,124,2,110,PARTLY CLOUDY,28.3,10.2,2025-08-10T05:45:00+09:30,PT5M
19,-77,10.1,0,0,0,1015.9,125,2,109,PARTLY CLOUDY,28.2,10.2,2025-08-10T05:50:00+09:30,PT5M
19,-77,8.2,0,0,0,1016,125,2,108,MOSTLY CLEAR,28.2,10.1,2025-08-10T05:55:00+09:30,PT5M
19,-77,8.2,0,0,0,1016,126,2,106,MOSTLY CLEAR,28.1,10.1,2025-08-10T06:00:00+09:30,PT5M
19,-76,8.2,0,0,0,1016.1,126,2,105,MOSTLY CLEAR,28,10.1,2025-08-10T06:05:00+09:30,PT5M
19,-76,8.2,0,0,0,1016.1,127,2,104,MOSTLY CLEAR,27.7,10,2025-08-10T06:10:00+09:30,PT5M
19,-76,8.2,0,0,0,1016.1,127,2,103,MOSTLY CLEAR,27.5,10,2025-08-10T06:15:00+09:30,PT5M
19,-76,10.1,0,0,0,1016.2,128,2.1,102,PARTLY CLOUDY,27.3,10,2025-08-10T06:20:00+09:30,PT5M
19,-76,10.1,0,0,0,1016.2,128,2.1,100,PARTLY CLOUDY,27,10,2025-08-10T06:25:00+09:30,PT5M
19,-75,10.1,0,0,0,1016.3,129,2.1,99,PARTLY CLOUDY,26.8,9.9,2025-08-10T06:30:00+09:30,PT5M
19,-75,0,0,0,0,1016.3,129,2.1,98,CLEAR,26.5,9.9,2025-08-10T06:35:00+09:30,PT5M
19,-75,0,0,0,0,1016.4,129,2.1,97,CLEAR,26.3,9.8,2025-08-10T06:40:00+09:30,PT5M
19,-75,0,0,0,0,1016.4,128,2.1,96,CLEAR,26,9.8,2025-08-10T06:45:00+09:30,PT5M
19,-74,0,0,0,0,1016.5,128,2.1,95,CLEAR,25.8,9.8,2025-08-10T06:50:00+09:30,PT5M
19,-74,0,0,0,0,1016.5,128,2.2,93,CLEAR,25.6,9.8,2025-08-10T06:55:00+09:30,PT5M
19,-74,0,0,0,0,1016.6,128,2.2,92,CLEAR,25.3,9.7,2025-08-10T07:00:00+09:30,PT5M
19,-74,0,0,0,0,1016.6,128,2.2,91,CLEAR,25,9.7,2025-08-10T07:05:00+09:30,PT5M
19,-73,8.2,0,0,0,1016.7,127,2.2,90,MOSTLY CLEAR,24.5,9.6,2025-08-10T07:10:00+09:30,PT5M
19,-73,8.2,8,7,0,1016.7,127,2.3,89,MOSTLY SUNNY,24.1,9.6,2025-08-10T07:15:00+09:30,PT5M
19,-73,8.2,17,17,0,1016.8,127,2.3,88,MOSTLY SUNNY,23.6,9.6,2025-08-10T07:20:00+09:30,PT5M
19,-73,0,30,35,0,1016.8,127,2.3,86,SUNNY,23.2,9.5,2025-08-10T07:25:00+09:30,PT5M
19,-72,0,43,55,0,1016.9,126,2.3,85,SUNNY,22.7,9.5,2025-08-10T07:30:00+09:30,PT5M
19,-72,0,57,74,0,1016.9,126,2.4,84,SUNNY,22.3,9.4,2025-08-10T07:35:00+09:30,PT5M
20,-72,0,72,93,0,1017,126,2.4,83,SUNNY,21.8,9.4,2025-08-10T07:40:00+09:30,PT5M
20,-71,0,88,112,0,1017,125,2.5,82,SUNNY,21.4,9.3,2025-08-10T07:45:00+09:30,PT5M
21,-71,0,105,132,0,1017.1,125,2.5,81,SUNNY,20.9,9.3,2025-08-10T07:50:00+09:30,PT5M
21,-71,0,122,152,0,1017.1,125,2.5,79,SUNNY,20.5,9.3,2025-08-10T07:55:00+09:30,PT5M
22,-70,0,140,172,0,1017.2,124,2.6,78,SUNNY,20,9.2,2025-08-10T08:00:00+09:30,PT5M
22,-70,0,158,192,0,1017.2,124,2.6,77,SUNNY,19.6,9.2,2025-08-10T08:05:00+09:30,PT5M
23,-70,0,176,213,0,1017.3,123,2.7,76,SUNNY,19.1,9.1,2025-08-10T08:10:00+09:30,PT5M
23,-69,0,195,233,0,1017.3,123,2.7,75,SUNNY,18.7,9.1,2025-08-10T08:15:00+09:30,PT5M
23,-69,0,213,254,0,1017.4,123,2.7,74,SUNNY,18.2,9.1,2025-08-10T08:20:00+09:30,PT5M
24,-68,0,232,274,0,1017.4,122,2.8,73,SUNNY,17.8,9,2025-08-10T08:25:00+09:30,PT5M
24,-68,0,251,295,0,1017.5,122,2.8,71,SUNNY,17.3,9,2025-08-10T08:30:00+09:30,PT5M
25,-68,0,270,315,0,1017.5,122,2.9,70,SUNNY,16.9,8.9,2025-08-10T08:35:00+09:30,PT5M
25,-67,0,289,336,0,1017.5,121,2.9,69,SUNNY,16.4,8.9,2025-08-10T08:40:00+09:30,PT5M
25,-67,0,307,356,0,1017.6,120,2.9,68,SUNNY,16,8.8,2025-08-10T08:45:00+09:30,PT5M
25,-66,0,326,376,0,1017.6,119,3,67,SUNNY,15.5,8.8,2025-08-10T08:50:00+09:30,PT5M
25,-66,0,345,396,0,1017.6,119,3,66,SUNNY,15.1,8.8,2025-08-10T08:55:00+09:30,PT5M
25,-65,0,363,416,0,1017.7,118,3.1,65,SUNNY,14.6,8.7,2025-08-10T09:00:00+09:30,PT5M
26,-65,0,382,436,0,1017.7,117,3.1,64,SUNNY,14.3,8.5,2025-08-10T09:05:00+09:30,PT5M
26,-64,0,401,456,0,1017.7,117,3.2,62,SUNNY,14.1,8.2,2025-08-10T09:10:00+09:30,PT5M
26,-64,0,420,476,0,1017.8,116,3.2,61,SUNNY,14,7.9,2025-08-10T09:15:00+09:30,PT5M
26,-63,0,439,496,0,1017.8,116,3.3,60,SUNNY,13.8,7.5,2025-08-10T09:20:00+09:30,PT5M
26,-62,0,457,516,0,1017.8,115,3.3,59,SUNNY,13.6,7.2,2025-08-10T09:25:00+09:30,PT5M
26,-62,0,475,535,0,1017.9,115,3.4,58,SUNNY,13.4,6.9,2025-08-10T09:30:00+09:30,PT5M
27,-61,0,494,555,0,1017.9,114,3.4,57,SUNNY,13.3,6.5,2025-08-10T09:35:00+09:30,PT5M
27,-61,0,511,573,0,1017.9,113,3.5,56,SUNNY,13.1,6.2,2025-08-10T09:40:00+09:30,PT5M
27,-60,0,529,592,0,1017.9,113,3.6,55,SUNNY,12.9,5.9,2025-08-10T09:45:00+09:30,PT5M
27,-59,0,546,610,0,1017.9,113,3.7,54,SUNNY,12.7,5.5,2025-08-10T09:50:00+09:30,PT5M
27,-58,0,562,627,0,1017.9,112,3.8,53,SUNNY,12.6,5.2,2025-08-10T09:55:00+09:30,PT5M
27,-58,0,579,645,0,1017.9,112,3.9,52,SUNNY,12.4,4.9,2025-08-10T10:00:00+09:30,PT5M
28,-57,0,595,661,0,1017.9,111,4,51,SUNNY,12.3,4.7,2025-08-10T10:05:00+09:30,PT5M
28,-56,0,610,677,0,1017.9,111,4.1,50,SUNNY,12.4,4.7,2025-08-10T10:10:00+09:30,PT5M
28,-55,0,625,693,0,1017.9,110,4.2,49,SUNNY,12.5,4.7,2025-08-10T10:15:00+09:30,PT5M
28,-54,0,640,708,0,1017.9,110,4.3,48,SUNNY,12.6,4.7,2025-08-10T10:20:00+09:30,PT5M
28,-53,0,654,723,0,1017.9,110,4.4,47,SUNNY,12.7,4.7,2025-08-10T10:25:00+09:30,PT5M
28,-52,0,668,737,0,1017.9,109,4.5,46,SUNNY,12.8,4.7,2025-08-10T10:30:00+09:30,PT5M
29,-51,0,681,751,0,1017.9,109,4.6,45,SUNNY,12.8,4.8,2025-08-10T10:35:00+09:30,PT5M
29,-50,0,694,765,0,1017.8,110,4.6,44,SUNNY,12.9,4.8,2025-08-10T10:40:00+09:30,PT5M
29,-49,0,707,778,0,1017.7,110,4.6,43,SUNNY,13,4.8,2025-08-10T10:45:00+09:30,PT5M
29,-48,0,719,791,0,1017.6,110,4.7,42,SUNNY,13.1,4.8,2025-08-10T10:50:00+09:30,PT5M
29,-47,0,731,803,0,1017.6,111,4.7,41,SUNNY,13.2,4.8,2025-08-10T10:55:00+09:30,PT5M
29,-46,0,742,815,0,1017.5,111,4.7,40,SUNNY,13.3,4.8,2025-08-10T11:00:00+09:30,PT5M
29,-44,0,753,826,0,1017.4,111,4.8,39,SUNNY,13.3,4.8,2025-08-10T11:05:00+09:30,PT5M
30,-43,0,764,837,0,1017.3,111,4.8,39,SUNNY,13.4,4.8,2025-08-10T11:10:00+09:30,PT5M
30,-41,0,774,848,0,1017.3,112,4.9,38,SUNNY,13.5,4.9,2025-08-10T11:15:00+09:30,PT5M
30,-40,0,783,858,0,1017.2,112,4.9,37,SUNNY,13.6,4.9,2025-08-10T11:20:00+09:30,PT5M
30,-38,0,793,867,0,1017.1,112,4.9,36,SUNNY,13.7,4.9,2025-08-10T11:25:00+09:30,PT5M
30,-37,0,801,876,0,1017,112,5,35,SUNNY,13.8,4.9,2025-08-10T11:30:00+09:30,PT5M
30,-35,0,810,885,0,1016.9,113,5,35,SUNNY,13.8,5,2025-08-10T11:35:00+09:30,PT5M
30,-33,0,818,893,0,1016.8,113,5,34,SUNNY,13.9,5,2025-08-10T11:40:00+09:30,PT5M
30,-32,0,825,901,0,1016.7,114,4.9,33,SUNNY,14,5,2025-08-10T11:45:00+09:30,PT5M
31,-30,0,832,908,0,1016.6,115,4.9,33,SUNNY,14.1,5,2025-08-10T11:50:00+09:30,PT5M
31,-28,0,838,914,0,1016.5,115,4.9,32,SUNNY,14.2,5.1,2025-08-10T11:55:00+09:30,PT5M
31,-26,0,844,920,0,1016.4,116,4.9,32,SUNNY,14.3,5.1,2025-08-10T12:00:00+09:30,PT5M
31,-24,0,849,926,0,1016.3,116,4.9,31,SUNNY,14.4,5.1,2025-08-10T12:05:00+09:30,PT5M
31,-21,0,854,931,0,1016.2,117,4.9,31,SUNNY,14.5,5.1,2025-08-10T12:10:00+09:30,PT5M
31,-19,0,859,936,0,1016.1,118,4.9,30,SUNNY,14.6,5.1,2025-08-10T12:15:00+09:30,PT5M
31,-17,0,863,940,0,1016,118,4.9,30,SUNNY,14.7,5.2,2025-08-10T12:20:00+09:30,PT5M
31,-15,0,866,944,0,1015.9,119,4.9,29,SUNNY,14.8,5.2,2025-08-10T12:25:00+09:30,PT5M
31,-12,0,869,947,0,1015.7,119,4.8,29,SUNNY,14.9,5.2,2025-08-10T12:30:00+09:30,PT5M
31,-10,0,872,949,0,1015.6,120,4.8,29,SUNNY,15,5.2,2025-08-10T12:35:00+09:30,PT5M
32,-7,0,874,951,0,1015.5,121,4.8,29,SUNNY,15.1,5.2,2025-08-10T12:40:00+09:30,PT5M
32,-5,0,875,953,0,1015.4,122,4.8,29,SUNNY,15.2,5.2,2025-08-10T12:45:00+09:30,PT5M
32,-2,0,876,953,0,1015.3,123,4.8,29,SUNNY,15.3,5.3,2025-08-10T12:50:00+09:30,PT5M
32,0,0,876,954,0,1015.2,124,4.8,29,SUNNY,15.4,5.3,2025-08-10T12:55:00+09:30,PT5M
32,3,0,876,954,0,1015.1,125,4.8,29,SUNNY,15.5,5.3,2025-08-10T13:00:00+09:30,PT5M
32,5,0,875,953,0,1015,126,4.8,29,SUNNY,15.7,5.3,2025-08-10T13:05:00+09:30,PT5M
32,8,0,874,952,0,1014.9,127,4.8,29,SUNNY,15.8,5.3,2025-08-10T13:10:00+09:30,PT5M
32,10,0,873,950,0,1014.8,127,4.8,29,SUNNY,15.9,5.3,2025-08-10T13:15:00+09:30,PT5M
32,13,0,871,948,0,1014.7,128,4.8,29,SUNNY,16,5.4,2025-08-10T13:20:00+09:30,PT5M
32,15,0,868,945,0,1014.6,129,4.8,29,SUNNY,16.2,5.4,2025-08-10T13:25:00+09:30,PT5M
32,17,0,865,942,0,1014.5,130,4.8,30,SUNNY,16.3,5.4,2025-08-10T13:30:00+09:30,PT5M
32,20,0,861,938,0,1014.4,131,4.7,30,SUNNY,16.4,5.4,2025-08-10T13:35:00+09:30,PT5M
32,22,0,857,934,0,1014.4,131,4.7,31,SUNNY,16.5,5.4,2025-08-10T13:40:00+09:30,PT5M
32,24,0,852,929,0,1014.3,132,4.7,31,SUNNY,16.7,5.4,2025-08-10T13:45:00+09:30,PT5M
32,26,0,847,924,0,1014.2,132,4.7,32,SUNNY,16.8,5.5,2025-08-10T13:50:00+09:30,PT5M
33,28,0,841,918,0,1014.1,133,4.7,32,SUNNY,16.9,5.5,2025-08-10T13:55:00+09:30,PT5M
33,30,0,835,911,0,1014,133,4.7,33,SUNNY,17,5.5,2025-08-10T14:00:00+09:30,PT5M
33,32,0,829,905,0,1013.9,133,4.7,33,SUNNY,17.2,5.5,2025-08-10T14:05:00+09:30,PT5M
33,34,0,821,897,0,1013.9,134,4.7,34,SUNNY,17.3,5.5,2025-08-10T14:10:00+09:30,PT5M
33,35,0,814,889,0,1013.8,134,4.6,35,SUNNY,17.4,5.5,2025-08-10T14:15:00+09:30,PT5M
33,37,0,806,881,0,1013.7,135,4.6,35,SUNNY,17.5,5.6,2025-08-10T14:20:00+09:30,PT5M
33,39,0,797,872,0,1013.6,135,4.6,36,SUNNY,17.6,5.6,2025-08-10T14:25:00+09:30,PT5M
33,40,0,788,863,0,1013.5,136,4.6,37,SUNNY,17.7,5.6,2025-08-10T14:30:00+09:30,PT5M
33,42,0,779,853,0,1013.4,136,4.6,38,SUNNY,17.9,5.6,2025-08-10T14:35:00+09:30,PT5M
33,43,0,769,843,0,1013.4,136,4.6,39,SUNNY,18,5.6,2025-08-10T14:40:00+09:30,PT5M
33,44,0,758,832,0,1013.3,136,4.5,39,SUNNY,18.1,5.6,2025-08-10T14:45:00+09:30,PT5M
33,46,0,748,821,0,1013.2,136,4.5,40,SUNNY,18.2,5.7,2025-08-10T14:50:00+09:30,PT5M
33,47,0,736,809,0,1013.1,137,4.5,41,SUNNY,18.3,5.7,2025-08-10T14:55:00+09:30,PT5M
33,48,0,725,797,0,1013.1,137,4.5,42,SUNNY,18.4,5.7,2025-08-10T15:00:00+09:30,PT5M
33,49,0,712,784,0,1013,137,4.4,43,SUNNY,18.5,5.8,2025-08-10T15:05:00+09:30,PT5M
33,50,0,700,771,0,1012.9,137,4.4,44,SUNNY,18.6,5.9,2025-08-10T15:10:00+09:30,PT5M
33,51,0,687,757,0,1012.8,137,4.4,45,SUNNY,18.7,6,2025-08-10T15:15:00+09:30,PT5M
33,53,0,673,743,0,1012.8,137,4.4,46,SUNNY,18.7,6.1,2025-08-10T15:20:00+09:30,PT5M
33,53,0,659,729,0,1012.7,138,4.4,47,SUNNY,18.8,6.3,2025-08-10T15:25:00+09:30,PT5M
33,54,0,645,714,0,1012.6,138,4.3,48,SUNNY,18.9,6.4,2025-08-10T15:30:00+09:30,PT5M
33,55,0,631,699,0,1012.6,138,4.3,49,SUNNY,18.9,6.5,2025-08-10T15:35:00+09:30,PT5M
33,56,0,616,683,0,1012.6,138,4.3,50,SUNNY,19,6.6,2025-08-10T15:40:00+09:30,PT5M
33,57,0,601,667,0,1012.5,138,4.2,51,SUNNY,19.1,6.8,2025-08-10T15:45:00+09:30,PT5M
33,58,0,585,651,0,1012.5,138,4.2,52,SUNNY,19.1,6.9,2025-08-10T15:50:00+09:30,PT5M
33,59,0,569,635,0,1012.5,138,4.2,53,SUNNY,19.2,7,2025-08-10T15:55:00+09:30,PT5M
33,59,0,553,618,0,1012.5,137,4.2,54,SUNNY,19.3,7.1,2025-08-10T16:00:00+09:30,PT5M
33,60,0,536,600,0,1012.5,137,4.1,55,SUNNY,19.3,7.2,2025-08-10T16:05:00+09:30,PT5M
33,61,0,520,583,0,1012.5,137,4.1,56,SUNNY,19.3,7.2,2025-08-10T16:10:00+09:30,PT5M
33,61,0,502,565,0,1012.4,137,4.1,57,SUNNY,19.3,7.3,2025-08-10T16:15:00+09:30,PT5M
33,62,0,485,546,0,1012.4,137,4,58,SUNNY,19.3,7.3,2025-08-10T16:20:00+09:30,PT5M
33,63,0,467,528,0,1012.4,137,4,59,SUNNY,19.3,7.4,2025-08-10T16:25:00+09:30,PT5M
33,63,0,450,509,0,1012.4,137,4,60,SUNNY,19.3,7.4,2025-08-10T16:30:00+09:30,PT5M
33,64,0,432,490,0,1012.4,137,3.9,61,SUNNY,19.2,7.4,2025-08-10T16:35:00+09:30,PT5M
32,64,0,413,471,0,1012.4,137,3.9,63,SUNNY,19.2,7.4,2025-08-10T16:40:00+09:30,PT5M
32,65,0,395,451,0,1012.4,137,3.9,64,SUNNY,19.2,7.5,2025-08-10T16:45:00+09:30,PT5M
32,65,0,376,431,0,1012.4,136,3.8,65,SUNNY,19.2,7.5,2025-08-10T16:50:00+09:30,PT5M
32,66,0,357,411,0,1012.4,136,3.8,66,SUNNY,19.2,7.6,2025-08-10T16:55:00+09:30,PT5M
32,66,0,338,391,0,1012.4,136,3.8,67,SUNNY,19.2,7.6,2025-08-10T17:00:00+09:30,PT5M
32,67,0,319,371,0,1012.4,136,3.7,68,SUNNY,19.2,7.6,2025-08-10T17:05:00+09:30,PT5M
31,67,0,300,351,0,1012.4,136,3.7,69,SUNNY,19.2,7.7,2025-08-10T17:10:00+09:30,PT5M
31,68,0,281,330,0,1012.5,136,3.7,70,SUNNY,19.2,7.7,2025-08-10T17:15:00+09:30,PT5M
31,68,0,262,310,0,1012.5,135,3.6,71,SUNNY,19.2,7.7,2025-08-10T17:20:00+09:30,PT5M
31,69,0,243,289,0,1012.5,135,3.6,73,SUNNY,19.2,7.8,2025-08-10T17:25:00+09:30,PT5M
31,69,0,224,268,0,1012.5,135,3.6,74,SUNNY,19.2,7.8,2025-08-10T17:30:00+09:30,PT5M
31,69,0,205,247,0,1012.5,135,3.5,75,SUNNY,19.3,7.9,2025-08-10T17:35:00+09:30,PT5M
30,70,0,186,227,0,1012.6,135,3.4,76,SUNNY,19.3,7.9,2025-08-10T17:40:00+09:30,PT5M
30,70,0,167,206,0,1012.6,135,3.4,77,SUNNY,19.3,8,2025-08-10T17:45:00+09:30,PT5M
30,71,0,148,185,0,1012.7,135,3.3,78,SUNNY,19.3,8,2025-08-10T17:50:00+09:30,PT5M
30,71,0,130,164,0,1012.8,135,3.2,79,SUNNY,19.3,8,2025-08-10T17:55:00+09:30,PT5M
30,71,0,112,144,0,1012.8,135,3.1,81,SUNNY,19.3,8.1,2025-08-10T18:00:00+09:30,PT5M
30,72,0,95,124,0,1012.9,135,3.1,82,SUNNY,19.3,8.1,2025-08-10T18:05:00+09:30,PT5M
30,72,0,78,104,0,1013,135,3,83,SUNNY,19.3,8.2,2025-08-10T18:10:00+09:30,PT5M
30,72,0,61,84,0,1013,135,2.9,84,SUNNY,19.3,8.2,2025-08-10T18:15:00+09:30,PT5M
30,72,0,46,63,0,1013.1,135,2.9,85,SUNNY,19.3,8.2,2025-08-10T18:20:00+09:30,PT5M
30,73,0,32,40,0,1013.2,135,2.8,86,SUNNY,19.3,8.3,2025-08-10T18:25:00+09:30,PT5M
29,73,0,20,22,0,1013.2,135,2.7,88,SUNNY,19.3,8.3,2025-08-10T18:30:00+09:30,PT5M
29,73,0,9,9,0,1013.3,135,2.6,89,SUNNY,19.3,8.4,2025-08-10T18:35:00+09:30,PT5M
29,74,0,0,0,0,1013.4,135,2.5,90,CLEAR,19.3,8.4,2025-08-10T18:40:00+09:30,PT5M
29,74,0,0,0,0,1013.4,135,2.4,91,CLEAR,19.3,8.5,2025-08-10T18:45:00+09:30,PT5M
29,74,0,0,0,0,1013.5,136,2.3,92,CLEAR,19.3,8.5,2025-08-10T18:50:00+09:30,PT5M
29,74,8.2,0,0,0,1013.5,136,2.2,93,MOSTLY CLEAR,19.3,8.5,2025-08-10T18:55:00+09:30,PT5M
28,75,0,0,0,0,1013.6,136,2.1,95,CLEAR,19.3,8.6,2025-08-10T19:00:00+09:30,PT5M
28,75,0,0,0,0,1013.7,136,2,96,CLEAR,19.3,8.6,2025-08-10T19:05:00+09:30,PT5M
28,75,0,0,0,0,1013.7,136,1.9,97,CLEAR,19.3,8.7,2025-08-10T19:10:00+09:30,PT5M
28,75,0,0,0,0,1013.8,137,1.8,98,CLEAR,19.3,8.7,2025-08-10T19:15:00+09:30,PT5M
27,76,0,0,0,0,1013.8,137,1.7,99,CLEAR,19.4,8.7,2025-08-10T19:20:00+09:30,PT5M
27,76,0,0,0,0,1013.9,137,1.6,101,CLEAR,19.4,8.8,2025-08-10T19:25:00+09:30,PT5M
27,76,0,0,0,0,1014,138,1.5,102,CLEAR,19.4,8.8,2025-08-10T19:30:00+09:30,PT5M
27,76,0,0,0,0,1014,139,1.5,103,CLEAR,19.4,8.8,2025-08-10T19:35:00+09:30,PT5M
27,76,0,0,0,0,1014,140,1.5,104,CLEAR,19.4,8.8,2025-08-10T19:40:00+09:30,PT5M
26,77,0,0,0,0,1014.1,142,1.5,105,CLEAR,19.4,8.9,2025-08-10T19:45:00+09:30,PT5M
26,77,0,0,0,0,1014.1,143,1.5,106,CLEAR,19.5,8.9,2025-08-10T19:50:00+09:30,PT5M
26,77,0,0,0,0,1014.2,145,1.5,108,CLEAR,19.5,8.9,2025-08-10T19:55:00+09:30,PT5M
26,77,8.2,0,0,0,1014.2,146,1.5,109,MOSTLY CLEAR,19.5,9,2025-08-10T20:00:00+09:30,PT5M
25,77,8.2,0,0,0,1014.3,148,1.6,110,MOSTLY CLEAR,19.5,9,2025-08-10T20:05:00+09:30,PT5M
25,78,10.1,0,0,0,1014.3,149,1.6,111,PARTLY CLOUDY,19.5,9.1,2025-08-10T20:10:00+09:30,PT5M
25,78,10.1,0,0,0,1014.3,150,1.6,112,PARTLY CLOUDY,19.6,9.1,2025-08-10T20:15:00+09:30,PT5M
25,78,10.1,0,0,0,1014.4,152,1.6,114,PARTLY CLOUDY,19.6,9.1,2025-08-10T20:20:00+09:30,PT5M
25,78,10.1,0,0,0,1014.4,153,1.6,115,PARTLY CLOUDY,19.6,9.2,2025-08-10T20:25:00+09:30,PT5M
24,78,10.1,0,0,0,1014.5,154,1.6,116,PARTLY CLOUDY,19.6,9.2,2025-08-10T20:30:00+09:30,PT5M
24,78,10.1,0,0,0,1014.5,156,1.7,117,PARTLY CLOUDY,19.7,9.3,2025-08-10T20:35:00+09:30,PT5M
24,78,10.1,0,0,0,1014.5,157,1.7,118,PARTLY CLOUDY,19.7,9.3,2025-08-10T20:40:00+09:30,PT5M
24,79,10.1,0,0,0,1014.6,158,1.7,120,PARTLY CLOUDY,19.7,9.4,2025-08-10T20:45:00+09:30,PT5M
24,79,10.1,0,0,0,1014.6,159,1.8,121,PARTLY CLOUDY,19.7,9.4,2025-08-10T20:50:00+09:30,PT5M
24,79,10.1,0,0,0,1014.6,160,1.8,122,PARTLY CLOUDY,19.8,9.4,2025-08-10T20:55:00+09:30,PT5M
24,79,10.1,0,0,0,1014.7,161,1.8,123,PARTLY CLOUDY,19.8,9.5,2025-08-10T21:00:00+09:30,PT5M
24,79,8.2,0,0,0,1014.7,162,1.9,124,MOSTLY CLEAR,19.8,9.5,2025-08-10T21:05:00+09:30,PT5M
24,79,8.2,0,0,0,1014.7,162,1.9,126,MOSTLY CLEAR,19.8,9.6,2025-08-10T21:10:00+09:30,PT5M
24,79,8.2,0,0,0,1014.8,163,1.9,127,MOSTLY CLEAR,19.8,9.6,2025-08-10T21:15:00+09:30,PT5M
23,79,8.2,0,0,0,1014.8,164,2,128,MOSTLY CLEAR,19.8,9.6,2025-08-10T21:20:00+09:30,PT5M
23,79,8.2,0,0,0,1014.8,165,2,129,MOSTLY CLEAR,19.8,9.6,2025-08-10T21:25:00+09:30,PT5M
23,80,8.2,0,0,0,1014.9,166,2,130,MOSTLY CLEAR,19.8,9.7,2025-08-10T21:30:00+09:30,PT5M
23,80,0,0,0,0,1014.9,166,2.1,132,CLEAR,19.8,9.7,2025-08-10T21:35:00+09:30,PT5M
23,80,0,0,0,0,1014.9,165,2.1,133,CLEAR,19.8,9.8,2025-08-10T21:40:00+09:30,PT5M
23,80,0,0,0,0,1015,165,2.1,134,CLEAR,19.8,9.8,2025-08-10T21:45:00+09:30,PT5M
23,80,8.2,0,0,0,1015,165,2.1,135,MOSTLY CLEAR,19.8,9.8,2025-08-10T21:50:00+09:30,PT5M
23,80,8.2,0,0,0,1015,164,2.1,136,MOSTLY CLEAR,19.8,9.8,2025-08-10T21:55:00+09:30,PT5M
23,80,0,0,0,0,1015,164,2.1,138,CLEAR,19.8,9.9,2025-08-10T22:00:00+09:30,PT5M
23,80,0,0,0,0,1015.1,164,2.1,139,CLEAR,19.8,9.9,2025-08-10T22:05:00+09:30,PT5M
23,80,0,0,0,0,1015.1,163,2.2,140,CLEAR,19.8,9.9,2025-08-10T22:10:00+09:30,PT5M
23,80,0,0,0,0,1015.1,163,2.2,141,CLEAR,19.8,9.9,2025-08-10T22:15:00+09:30,PT5M
22,80,0,0,0,0,1015.1,162,2.2,142,CLEAR,19.8,9.9,2025-08-10T22:20:00+09:30,PT5M
22,80,0,0,0,0,1015.2,162,2.2,144,CLEAR,19.8,9.9,2025-08-10T22:25:00+09:30,PT5M
22,80,0,0,0,0,1015.2,162,2.2,145,CLEAR,19.8,9.9,2025-08-10T22:30:00+09:30,PT5M
22,80,0,0,0,0,1015.2,161,2.2,146,CLEAR,19.7,9.9,2025-08-10T22:35:00+09:30,PT5M
22,80,0,0,0,0,1015.2,161,2.2,147,CLEAR,19.7,9.9,2025-08-10T22:40:00+09:30,PT5M
22,80,0,0,0,0,1015.2,160,2.2,148,CLEAR,19.7,9.9,2025-08-10T22:45:00+09:30,PT5M
22,80,0,0,0,0,1015.2,160,2.2,150,CLEAR,19.7,9.9,2025-08-10T22:50:00+09:30,PT5M
22,80,0,0,0,0,1015.2,159,2.2,151,CLEAR,19.7,9.9,2025-08-10T22:55:00+09:30,PT5M
22,79,0,0,0,0,1015.2,159,2.2,152,CLEAR,19.7,9.9,2025-08-10T23:00:00+09:30,PT5M
22,79,0,0,0,0,1015.2,158,2.2,153,CLEAR,19.7,9.9,2025-08-10T23:05:00+09:30,PT5M
22,79,0,0,0,0,1015.2,158,2.2,154,CLEAR,19.7,9.9,2025-08-10T23:10:00+09:30,PT5M
21,79,0,0,0,0,1015.2,157,2.2,156,CLEAR,19.7,9.9,2025-08-10T23:15:00+09:30,PT5M
21,79,0,0,0,0,1015.2,157,2.2,157,CLEAR,19.6,9.8,2025-08-10T23:20:00+09:30,PT5M
21,78,0,0,0,0,1015.2,157,2.2,158,CLEAR,19.6,9.8,2025-08-10T23:25:00+09:30,PT5M
21,78,8.2,0,0,0,1015.2,156,2.2,159,MOSTLY CLEAR,19.6,9.8,2025-08-10T23:30:00+09:30,PT5M
21,78,8.2,0,0,0,1015.2,155,2.2,160,MOSTLY CLEAR,19.6,9.8,2025-08-10T23:35:00+09:30,PT5M
21,77,8.2,0,0,0,1015.2,154,2.2,162,MOSTLY CLEAR,19.6,9.8,2025-08-10T23:40:00+09:30,PT5M
21,76,8.2,0,0,0,1015.1,153,2.2,163,MOSTLY CLEAR,19.6,9.8,2025-08-10T23:45:00+09:30,PT5M
21,76,8.2,0,0,0,1015.1,152,2.2,164,MOSTLY CLEAR,19.5,9.7,2025-08-10T23:50:00+09:30,PT5M
21,75,8.2,0,0,0,1015.1,151,2.2,165,MOSTLY CLEAR,19.5,9.7,2025-08-10T23:55:00+09:30,PT5M
21,74,8.2,0,0,0,1015.1,150,2.2,166,MOSTLY CLEAR,19.5,9.7,2025-08-11T00:00:00+09:30,PT5M
21,73,0,0,0,0,1015.1,149,2.2,167,CLEAR,19.5,9.7,2025-08-11T00:05:00+09:30,PT5M
21,71,0,0,0,0,1015.1,148,2.2,169,CLEAR,19.4,9.6,2025-08-11T00:10:00+09:30,PT5M
21,69,0,0,0,0,1015,148,2.2,170,CLEAR,19.4,9.6,2025-08-11T00:15:00+09:30,PT5M
20,67,0,0,0,0,1015,147,2.2,171,CLEAR,19.3,9.6,2025-08-11T00:20:00+09:30,PT5M
20,64,0,0,0,0,1015,146,2.2,172,CLEAR,19.3,9.5,2025-08-11T00:25:00+09:30,PT5M
20,59,0,0,0,0,1015,145,2.2,173,CLEAR,19.2,9.5,2025-08-11T00:30:00+09:30,PT5M
20,54,0,0,0,0,1015,144,2.2,174,CLEAR,19.2,9.4,2025-08-11T00:35:00+09:30,PT5M
20,46,0,0,0,0,1014.9,144,2.2,175,CLEAR,19.1,9.4,2025-08-11T00:40:00+09:30,PT5M
20,34,0,0,0,0,1014.9,143,2.2,176,CLEAR,19.1,9.3,2025-08-11T00:45:00+09:30,PT5M
20,18,0,0,0,0,1014.9,143,2.3,176,CLEAR,19,9.3,2025-08-11T00:50:00+09:30,PT5M
20,-1,0,0,0,0,1014.8,143,2.3,177,CLEAR,19,9.3,2025-08-11T00:55:00+09:30,PT5M
20,-20,0,0,0,0,1014.8,142,2.3,176,CLEAR,18.9,9.2,2025-08-11T01:00:00+09:30,PT5M
20,-36,0,0,0,0,1014.8,142,2.3,176,CLEAR,18.9,9.2,2025-08-11T01:05:00+09:30,PT5M
20,-47,0,0,0,0,1014.7,142,2.3,175,CLEAR,18.8,9.1,2025-08-11T01:10:00+09:30,PT5M
20,-54,8.2,0,0,0,1014.7,141,2.3,174,MOSTLY CLEAR,18.7,9.1,2025-08-11T01:15:00+09:30,PT5M
20,-60,8.2,0,0,0,1014.7,141,2.3,173,MOSTLY CLEAR,18.6,9,2025-08-11T01:20:00+09:30,PT5M
20,-64,0,0,0,0,1014.6,141,2.3,172,CLEAR,18.5,9,2025-08-11T01:25:00+09:30,PT5M
19,-67,0,0,0,0,1014.6,140,2.3,171,CLEAR,18.4,8.9,2025-08-11T01:30:00+09:30,PT5M
19,-69,0,0,0,0,1014.6,140,2.3,170,CLEAR,18.4,8.9,2025-08-11T01:35:00+09:30,PT5M
19,-71,0,0,0,0,1014.5,140,2.3,169,CLEAR,18.3,8.8,2025-08-11T01:40:00+09:30,PT5M
19,-73,0,0,0,0,1014.5,139,2.4,167,CLEAR,18.2,8.8,2025-08-11T01:45:00+09:30,PT5M
19,-74,0,0,0,0,1014.5,139,2.4,166,CLEAR,18.1,8.7,2025-08-11T01:50:00+09:30,PT5M
19,-75,8.2,0,0,0,1014.4,138,2.4,165,MOSTLY CLEAR,18,8.7,2025-08-11T01:55:00+09:30,PT5M
19,-76,8.2,0,0,0,1014.4,138,2.4,164,MOSTLY CLEAR,17.9,8.6,2025-08-11T02:00:00+09:30,PT5M
19,-77,0,0,0,0,1014.4,137,2.4,163,CLEAR,17.9,8.6,2025-08-11T02:05:00+09:30,PT5M
19,-77,0,0,0,0,1014.3,137,2.4,161,CLEAR,17.8,8.5,2025-08-11T02:10:00+09:30,PT5M
19,-78,0,0,0,0,1014.3,136,2.4,160,CLEAR,17.7,8.5,2025-08-11T02:15:00+09:30,PT5M
19,-78,0,0,0,0,1014.3,136,2.4,159,CLEAR,17.6,8.4,2025-08-11T02:20:00+09:30,PT5M
19,-78,0,0,0,0,1014.2,136,2.4,158,CLEAR,17.5,8.4,2025-08-11T02:25:00+09:30,PT5M
18,-79,0,0,0,0,1014.2,135,2.4,157,CLEAR,17.4,8.3,2025-08-11T02:30:00+09:30,PT5M
18,-79,0,0,0,0,1014.2,135,2.4,155,CLEAR,17.3,8.3,2025-08-11T02:35:00+09:30,PT5M
18,-79,0,0,0,0,1014.2,134,2.4,154,CLEAR,17.2,8.2,2025-08-11T02:40:00+09:30,PT5M
18,-79,0,0,0,0,1014.2,134,2.4,153,CLEAR,17.1,8.2,2025-08-11T02:45:00+09:30,PT5M
18,-80,0,0,0,0,1014.2,133,2.4,152,CLEAR,17,8.1,2025-08-11T02:50:00+09:30,PT5M
18,-80,0,0,0,0,1014.2,133,2.5,151,CLEAR,16.9,8.1,2025-08-11T02:55:00+09:30,PT5M
18,-80,0,0,0,0,1014.2,132,2.5,149,CLEAR,16.8,8,2025-08-11T03:00:00+09:30,PT5M
18,-80,0,0,0,0,1014.2,131,2.5,148,CLEAR,16.8,8,2025-08-11T03:05:00+09:30,PT5M
18,-80,0,0,0,0,1014.2,131,2.5,147,CLEAR,16.7,7.9,2025-08-11T03:10:00+09:30,PT5M
18,-80,0,0,0,0,1014.2,130,2.5,146,CLEAR,16.6,7.9,2025-08-11T03:15:00+09:30,PT5M
18,-80,0,0,0,0,1014.2,130,2.5,145,CLEAR,16.6,7.8,2025-08-11T03:20:00+09:30,PT5M
18,-80,0,0,0,0,1014.2,129,2.5,143,CLEAR,16.5,7.7,2025-08-11T03:25:00+09:30,PT5M
18,-80,0,0,0,0,1014.2,129,2.6,142,CLEAR,16.4,7.7,2025-08-11T03:30:00+09:30,PT5M
18,-80,0,0,0,0,1014.2,129,2.6,141,CLEAR,16.4,7.6,2025-08-11T03:35:00+09:30,PT5M
18,-80,0,0,0,0,1014.2,128,2.6,140,CLEAR,16.3,7.6,2025-08-11T03:40:00+09:30,PT5M
18,-80,0,0,0,0,1014.1,128,2.6,139,CLEAR,16.2,7.5,2025-08-11T03:45:00+09:30,PT5M
18,-80,0,0,0,0,1014.1,128,2.6,137,CLEAR,16.2,7.4,2025-08-11T03:50:00+09:30,PT5M
18,-80,0,0,0,0,1014.1,128,2.7,136,CLEAR,16.1,7.4,2025-08-11T03:55:00+09:30,PT5M
18,-80,0,0,0,0,1014.1,128,2.7,135,CLEAR,16,7.3,2025-08-11T04:00:00+09:30,PT5M
18,-80,0,0,0,0,1014.1,127,2.7,134,CLEAR,16,7.3,2025-08-11T04:05:00+09:30,PT5M
18,-80,0,0,0,0,1014.1,127,2.7,133,CLEAR,15.9,7.2,2025-08-11T04:10:00+09:30,PT5M
18,-80,0,0,0,0,1014,127,2.8,131,CLEAR,15.9,7.2,2025-08-11T04:15:00+09:30,PT5M
18,-80,0,0,0,0,1014,127,2.8,130,CLEAR,15.8,7.2,2025-08-11T04:20:00+09:30,PT5M
17,-80,0,0,0,0,1014,127,2.8,129,CLEAR,15.8,7.2,2025-08-11T04:25:00+09:30,PT5M
17,-79,0,0,0,0,1014,127,2.8,128,CLEAR,15.7,7.1,2025-08-11T04:30:00+09:30,PT5M
17,-79,0,0,0,0,1014,127,2.9,127,CLEAR,15.7,7.1,2025-08-11T04:35:00+09:30,PT5M
17,-79,0,0,0,0,1014,127,2.9,125,CLEAR,15.6,7,2025-08-11T04:40:00+09:30,PT5M
17,-79,0,0,0,0,1014,127,2.9,124,CLEAR,15.6,7,2025-08-11T04:45:00+09:30,PT5M
17,-79,0,0,0,0,1014.1,127,2.9,123,CLEAR,15.5,7,2025-08-11T04:50:00+09:30,PT5M
17,-79,0,0,0,0,1014.1,127,2.9,122,CLEAR,15.5,7,2025-08-11T04:55:00+09:30,PT5M
17,-79,0,0,0,0,1014.1,127,2.9,121,CLEAR,15.4,6.9,2025-08-11T05:00:00+09:30,PT5M
17,-79,0,0,0,0,1014.1,127,2.9,119,CLEAR,15.4,6.9,2025-08-11T05:05:00+09:30,PT5M
17,-79,0,0,0,0,1014.2,127,2.9,118,CLEAR,15.3,6.8,2025-08-11T05:10:00+09:30,PT5M
17,-78,0,0,0,0,1014.2,128,2.9,117,CLEAR,15.3,6.8,2025-08-11T05:15:00+09:30,PT5M
17,-78,0,0,0,0,1014.2,128,2.9,116,CLEAR,15.2,6.8,2025-08-11T05:20:00+09:30,PT5M
17,-78,8.2,0,0,0,1014.2,128,2.9,115,MOSTLY CLEAR,15.2,6.8,2025-08-11T05:25:00+09:30,PT5M
17,-78,8.2,0,0,0,1014.3,128,2.9,113,MOSTLY CLEAR,15.1,6.7,2025-08-11T05:30:00+09:30,PT5M
17,-78,8.2,0,0,0,1014.3,128,2.9,112,MOSTLY CLEAR,15.1,6.7,2025-08-11T05:35:00+09:30,PT5M
17,-78,8.2,0,0,0,1014.4,128,2.9,111,MOSTLY CLEAR,15,6.6,2025-08-11T05:40:00+09:30,PT5M
17,-77,0,0,0,0,1014.4,128,3,110,CLEAR,15,6.6,2025-08-11T05:45:00+09:30,PT5M
17,-77,0,0,0,0,1014.5,129,3,109,CLEAR,14.9,6.6,2025-08-11T05:50:00+09:30,PT5M
17,-77,0,0,0,0,1014.5,129,3,108,CLEAR,14.9,6.6,2025-08-11T05:55:00+09:30,PT5M
17,-77,8.2,0,0,0,1014.6,129,3,106,MOSTLY CLEAR,14.8,6.5,2025-08-11T06:00:00+09:30,PT5M
17,-77,0,0,0,0,1014.7,129,3,105,CLEAR,14.8,6.5,2025-08-11T06:05:00+09:30,PT5M
17,-77,0,0,0,0,1014.7,129,3,104,CLEAR,14.8,6.5,2025-08-11T06:10:00+09:30,PT5M
17,-76,8.2,0,0,0,1014.8,129,3.1,103,MOSTLY CLEAR,14.8,6.5,2025-08-11T06:15:00+09:30,PT5M
17,-76,8.2,0,0,0,1014.8,129,3.1,102,MOSTLY CLEAR,14.8,6.4,2025-08-11T06:20:00+09:30,PT5M
17,-76,0,0,0,0,1014.9,130,3.1,100,CLEAR,14.8,6.4,2025-08-11T06:25:00+09:30,PT5M
17,-76,0,0,0,0,1015,130,3.1,99,CLEAR,14.8,6.4,2025-08-11T06:30:00+09:30,PT5M
17,-75,0,0,0,0,1015,130,3.2,98,CLEAR,14.9,6.4,2025-08-11T06:35:00+09:30,PT5M
17,-75,0,0,0,0,1015.1,130,3.2,97,CLEAR,14.9,6.4,2025-08-11T06:40:00+09:30,PT5M
17,-75,8.2,0,0,0,1015.1,131,3.3,96,MOSTLY CLEAR,14.9,6.4,2025-08-11T06:45:00+09:30,PT5M
17,-75,10.1,0,0,0,1015.2,131,3.4,94,PARTLY CLOUDY,14.9,6.3,2025-08-11T06:50:00+09:30,PT5M
17,-75,25,0,0,0,1015.2,132,3.5,93,PARTLY CLOUDY,14.9,6.3,2025-08-11T06:55:00+09:30,PT5M
17,-74,26.8,0,0,0,1015.3,132,3.5,92,PARTLY CLOUDY,14.9,6.3,2025-08-11T07:00:00+09:30,PT5M
17,-74,21.4,0,0,0,1015.3,132,3.6,91,PARTLY CLOUDY,14.9,6.3,2025-08-11T07:05:00+09:30,PT5M
17,-74,17.8,1,1,0,1015.4,133,3.7,90,PARTLY CLOUDY,15,6.3,2025-08-11T07:10:00+09:30,PT5M
17,-73,15.9,9,9,0,1015.4,133,3.8,89,PARTLY CLOUDY,15,6.3,2025-08-11T07:15:00+09:30,PT5M
17,-73,8.2,21,24,0,1015.5,133,3.8,87,MOSTLY SUNNY,15.1,6.3,2025-08-11T07:20:00+09:30,PT5M
17,-73,8.2,34,41,0,1015.5,134,3.9,86,MOSTLY SUNNY,15.2,6.3,2025-08-11T07:25:00+09:30,PT5M
17,-73,0,52,74,0,1015.6,134,4,85,SUNNY,15.2,6.3,2025-08-11T07:30:00+09:30,PT5M
17,-72,0,68,95,0,1015.6,134,4,84,SUNNY,15.3,6.3,2025-08-11T07:35:00+09:30,PT5M
18,-72,0,85,115,0,1015.6,134,4.1,83,SUNNY,15.3,6.3,2025-08-11T07:40:00+09:30,PT5M
18,-72,0,102,136,0,1015.7,133,4.1,82,SUNNY,15.4,6.3,2025-08-11T07:45:00+09:30,PT5M
19,-71,0,120,157,0,1015.7,133,4.1,80,SUNNY,15.5,6.3,2025-08-11T07:50:00+09:30,PT5M
19,-71,0,139,177,0,1015.7,133,4.1,79,SUNNY,15.5,6.3,2025-08-11T07:55:00+09:30,PT5M
20,-71,0,158,198,0,1015.7,133,4.1,78,SUNNY,15.6,6.3,2025-08-11T08:00:00+09:30,PT5M
20,-70,0,177,220,0,1015.8,132,4.1,77,SUNNY,15.6,6.3,2025-08-11T08:05:00+09:30,PT5M
21,-70,0,196,241,0,1015.8,132,4.2,76,SUNNY,15.7,6.3,2025-08-11T08:10:00+09:30,PT5M
21,-70,0,215,262,0,1015.8,132,4.2,75,SUNNY,15.8,6.3,2025-08-11T08:15:00+09:30,PT5M
21,-69,0,235,283,0,1015.8,132,4.2,74,SUNNY,15.8,6.3,2025-08-11T08:20:00+09:30,PT5M
22,-69,0,254,304,0,1015.9,132,4.2,72,SUNNY,15.9,6.3,2025-08-11T08:25:00+09:30,PT5M
22,-68,0,274,325,0,1015.9,131,4.2,71,SUNNY,16,6.3,2025-08-11T08:30:00+09:30,PT5M
23,-68,0,293,346,0,1015.9,131,4.2,70,SUNNY,16,6.2,2025-08-11T08:35:00+09:30,PT5M
23,-67,0,313,366,0,1015.9,131,4.2,69,SUNNY,16.1,6.2,2025-08-11T08:40:00+09:30,PT5M
23,-67,0,332,387,0,1016,130,4.2,68,SUNNY,16.2,6.2,2025-08-11T08:45:00+09:30,PT5M
23,-67,0,351,407,0,1016,130,4.2,67,SUNNY,16.2,6.2,2025-08-11T08:50:00+09:30,PT5M
23,-66,0,370,427,0,1016,130,4.2,66,SUNNY,16.3,6.2,2025-08-11T08:55:00+09:30,PT5M
23,-66,0,389,447,0,1016,129,4.2,65,SUNNY,16.4,6.2,2025-08-11T09:00:00+09:30,PT5M
24,-65,0,408,467,0,1016.1,129,4.2,63,SUNNY,16.4,6.2,2025-08-11T09:05:00+09:30,PT5M
24,-64,0,427,487,0,1016.1,129,4.2,62,SUNNY,16.4,6.2,2025-08-11T09:10:00+09:30,PT5M
24,-64,0,445,506,0,1016.1,128,4.2,61,SUNNY,16.4,6.1,2025-08-11T09:15:00+09:30,PT5M
24,-63,0,463,525,0,1016.1,128,4.2,60,SUNNY,16.5,6.1,2025-08-11T09:20:00+09:30,PT5M
24,-63,0,481,544,0,1016.2,128,4.2,59,SUNNY,16.5,6,2025-08-11T09:25:00+09:30,PT5M
25,-62,0,499,562,0,1016.2,127,4.1,58,SUNNY,16.5,6,2025-08-11T09:30:00+09:30,PT5M
25,-62,0,517,581,0,1016.2,127,4.1,57,SUNNY,16.5,6,2025-08-11T09:35:00+09:30,PT5M
25,-61,0,534,599,0,1016.2,127,4.1,56,SUNNY,16.5,6,2025-08-11T09:40:00+09:30,PT5M
25,-60,0,551,617,0,1016.2,126,4.1,55,SUNNY,16.5,5.9,2025-08-11T09:45:00+09:30,PT5M
25,-59,0,568,634,0,1016.2,126,4.2,54,SUNNY,16.6,5.9,2025-08-11T09:50:00+09:30,PT5M
26,-59,0,584,651,0,1016.2,126,4.2,53,SUNNY,16.6,5.8,2025-08-11T09:55:00+09:30,PT5M
26,-58,0,600,668,0,1016.1,125,4.2,52,SUNNY,16.6,5.8,2025-08-11T10:00:00+09:30,PT5M
26,-57,0,616,684,0,1016.1,125,4.2,51,SUNNY,16.6,5.8,2025-08-11T10:05:00+09:30,PT5M
26,-56,0,631,700,0,1016.1,125,4.2,50,SUNNY,16.6,5.8,2025-08-11T10:10:00+09:30,PT5M
27,-55,0,646,716,0,1016.1,124,4.2,49,SUNNY,16.5,5.7,2025-08-11T10:15:00+09:30,PT5M
27,-55,0,661,731,0,1016.1,124,4.2,48,SUNNY,16.5,5.7,2025-08-11T10:20:00+09:30,PT5M
27,-54,0,675,746,0,1016.1,124,4.2,47,SUNNY,16.5,5.6,2025-08-11T10:25:00+09:30,PT5M
27,-53,0,689,760,0,1016.1,123,4.2,46,SUNNY,16.5,5.6,2025-08-11T10:30:00+09:30,PT5M
28,-52,0,702,774,0,1016.1,123,4.2,45,SUNNY,16.4,5.6,2025-08-11T10:35:00+09:30,PT5M
28,-51,0,715,788,0,1016,123,4.2,44,SUNNY,16.4,5.6,2025-08-11T10:40:00+09:30,PT5M
28,-49,0,728,801,0,1015.9,122,4.3,43,SUNNY,16.4,5.5,2025-08-11T10:45:00+09:30,PT5M
28,-48,0,740,813,0,1015.8,122,4.3,42,SUNNY,16.4,5.5,2025-08-11T10:50:00+09:30,PT5M
28,-47,0,752,826,0,1015.8,122,4.3,41,SUNNY,16.3,5.4,2025-08-11T10:55:00+09:30,PT5M
28,-46,0,764,837,0,1015.7,121,4.4,40,SUNNY,16.3,5.4,2025-08-11T11:00:00+09:30,PT5M
29,-45,0,774,849,0,1015.6,121,4.4,39,SUNNY,16.3,5.4,2025-08-11T11:05:00+09:30,PT5M
29,-43,0,785,860,0,1015.5,120,4.4,38,SUNNY,16.3,5.4,2025-08-11T11:10:00+09:30,PT5M
29,-42,0,795,870,0,1015.5,120,4.5,37,SUNNY,16.3,5.4,2025-08-11T11:15:00+09:30,PT5M
29,-40,0,805,880,0,1015.4,120,4.5,37,SUNNY,16.2,5.4,2025-08-11T11:20:00+09:30,PT5M
29,-39,0,814,890,0,1015.3,119,4.5,36,SUNNY,16.2,5.4,2025-08-11T11:25:00+09:30,PT5M
30,-37,0,822,898,0,1015.2,119,4.5,35,SUNNY,16.2,5.4,2025-08-11T11:30:00+09:30,PT5M
30,-35,0,831,907,0,1015.1,119,4.6,34,SUNNY,16.2,5.5,2025-08-11T11:35:00+09:30,PT5M
30,-34,0,838,915,0,1015.1,119,4.5,34,SUNNY,16.2,5.5,2025-08-11T11:40:00+09:30,PT5M
30,-32,0,846,922,0,1015,119,4.5,33,SUNNY,16.2,5.5,2025-08-11T11:45:00+09:30,PT5M
30,-30,0,852,929,0,1014.9,119,4.5,32,SUNNY,16.1,5.5,2025-08-11T11:50:00+09:30,PT5M
30,-28,0,859,936,0,1014.8,120,4.5,32,SUNNY,16.1,5.5,2025-08-11T11:55:00+09:30,PT5M
30,-26,0,864,942,0,1014.7,120,4.4,31,SUNNY,16.1,5.5,2025-08-11T12:00:00+09:30,PT5M
30,-24,0,870,947,0,1014.6,120,4.4,31,SUNNY,16.1,5.5,2025-08-11T12:05:00+09:30,PT5M
30,-22,0,874,952,0,1014.5,120,4.4,30,SUNNY,16.1,5.5,2025-08-11T12:10:00+09:30,PT5M
30,-19,0,879,957,0,1014.4,120,4.4,30,SUNNY,16.1,5.5,2025-08-11T12:15:00+09:30,PT5M
30,-17,0,882,960,0,1014.3,120,4.4,29,SUNNY,16,5.5,2025-08-11T12:20:00+09:30,PT5M
30,-15,0,886,964,0,1014.2,120,4.3,29,SUNNY,16,5.5,2025-08-11T12:25:00+09:30,PT5M
30,-12,0,888,967,0,1014.1,121,4.3,29,SUNNY,16,5.5,2025-08-11T12:30:00+09:30,PT5M
30,-10,0,891,969,0,1014,121,4.3,29,SUNNY,16,5.5,2025-08-11T12:35:00+09:30,PT5M
30,-7,0,892,971,0,1013.9,121,4.3,28,SUNNY,16,5.5,2025-08-11T12:40:00+09:30,PT5M
31,-5,0,894,972,0,1013.8,121,4.2,28,SUNNY,16,5.5,2025-08-11T12:45:00+09:30,PT5M
31,-2,0,894,973,0,1013.7,121,4.2,28,SUNNY,15.9,5.5,2025-08-11T12:50:00+09:30,PT5M
31,0,0,894,973,0,1013.6,121,4.2,28,SUNNY,15.9,5.5,2025-08-11T12:55:00+09:30,PT5M
31,3,0,894,973,0,1013.5,121,4.2,28,SUNNY,15.9,5.5,2025-08-11T13:00:00+09:30,PT5M
31,5,0,893,972,0,1013.4,121,4.1,28,SUNNY,15.9,5.5,2025-08-11T13:05:00+09:30,PT5M
31,8,0,892,970,0,1013.3,121,4.1,28,SUNNY,15.9,5.5,2025-08-11T13:10:00+09:30,PT5M
31,10,0,890,968,0,1013.2,121,4.1,29,SUNNY,15.9,5.5,2025-08-11T13:15:00+09:30,PT5M
31,13,0,888,966,0,1013.1,121,4.1,29,SUNNY,15.8,5.5,2025-08-11T13:20:00+09:30,PT5M
31,15,0,885,963,0,1012.9,122,4,29,SUNNY,15.8,5.5,2025-08-11T13:25:00+09:30,PT5M
31,17,0,881,959,0,1012.8,122,4,30,SUNNY,15.8,5.5,2025-08-11T13:30:00+09:30,PT5M
31,20,0,877,955,0,1012.7,122,4,30,SUNNY,15.8,5.6,2025-08-11T13:35:00+09:30,PT5M
31,22,0,873,951,0,1012.7,122,3.9,30,SUNNY,15.8,5.6,2025-08-11T13:40:00+09:30,PT5M
31,24,0,868,946,0,1012.6,122,3.9,31,SUNNY,15.8,5.6,2025-08-11T13:45:00+09:30,PT5M
32,26,0,863,940,0,1012.5,122,3.9,31,SUNNY,15.7,5.6,2025-08-11T13:50:00+09:30,PT5M
32,28,0,857,934,0,1012.5,121,3.8,32,SUNNY,15.7,5.6,2025-08-11T13:55:00+09:30,PT5M
32,30,0,850,927,0,1012.4,121,3.8,33,SUNNY,15.7,5.6,2025-08-11T14:00:00+09:30,PT5M
32,32,0,844,920,0,1012.3,121,3.7,33,SUNNY,15.7,5.6,2025-08-11T14:05:00+09:30,PT5M
32,34,0,836,912,0,1012.3,121,3.7,34,SUNNY,15.7,5.6,2025-08-11T14:10:00+09:30,PT5M
32,36,0,828,904,0,1012.2,121,3.6,35,SUNNY,15.7,5.6,2025-08-11T14:15:00+09:30,PT5M
32,37,0,820,896,0,1012.1,121,3.6,35,SUNNY,15.7,5.6,2025-08-11T14:20:00+09:30,PT5M
32,39,0,811,887,0,1012.1,121,3.6,36,SUNNY,15.7,5.6,2025-08-11T14:25:00+09:30,PT5M
32,41,0,802,877,0,1012,121,3.5,37,SUNNY,15.7,5.6,2025-08-11T14:30:00+09:30,PT5M
32,42,0,792,867,0,1011.9,121,3.5,38,SUNNY,15.6,5.5,2025-08-11T14:35:00+09:30,PT5M
32,43,0,782,856,0,1011.9,121,3.5,38,SUNNY,15.6,5.5,2025-08-11T14:40:00+09:30,PT5M
32,45,0,771,845,0,1011.8,120,3.4,39,SUNNY,15.6,5.5,2025-08-11T14:45:00+09:30,PT5M
32,46,0,760,834,0,1011.7,120,3.4,40,SUNNY,15.6,5.5,2025-08-11T14:50:00+09:30,PT5M
32,47,0,749,822,0,1011.7,120,3.4,41,SUNNY,15.6,5.5,2025-08-11T14:55:00+09:30,PT5M
32,49,0,737,810,0,1011.6,120,3.3,42,SUNNY,15.6,5.5,2025-08-11T15:00:00+09:30,PT5M
32,50,0,725,797,0,1011.5,120,3.3,43,SUNNY,15.6,5.5,2025-08-11T15:05:00+09:30,PT5M
32,51,0,712,784,0,1011.5,119,3.3,44,SUNNY,15.5,5.6,2025-08-11T15:10:00+09:30,PT5M
32,52,0,699,770,0,1011.4,119,3.3,45,SUNNY,15.5,5.6,2025-08-11T15:15:00+09:30,PT5M
32,53,0,685,756,0,1011.3,119,3.2,46,SUNNY,15.5,5.7,2025-08-11T15:20:00+09:30,PT5M
32,54,0,671,741,0,1011.3,119,3.2,47,SUNNY,15.4,5.7,2025-08-11T15:25:00+09:30,PT5M
32,55,0,656,726,0,1011.2,118,3.2,48,SUNNY,15.4,5.8,2025-08-11T15:30:00+09:30,PT5M
32,56,0,642,710,0,1011.2,118,3.2,49,SUNNY,15.3,5.8,2025-08-11T15:35:00+09:30,PT5M
32,57,0,627,695,0,1011.2,117,3.1,50,SUNNY,15.3,5.9,2025-08-11T15:40:00+09:30,PT5M
32,57,0,611,678,0,1011.1,117,3.1,51,SUNNY,15.2,5.9,2025-08-11T15:45:00+09:30,PT5M
32,58,0,595,662,0,1011.1,117,3.1,52,SUNNY,15.2,6,2025-08-11T15:50:00+09:30,PT5M
32,59,0,579,645,0,1011.1,116,3.1,53,SUNNY,15.2,6,2025-08-11T15:55:00+09:30,PT5M
32,60,0,562,628,0,1011.1,116,3.1,54,SUNNY,15.1,6.1,2025-08-11T16:00:00+09:30,PT5M
32,60,0,546,610,0,1011.1,115,3,55,SUNNY,15.1,6.1,2025-08-11T16:05:00+09:30,PT5M
32,61,0,529,592,0,1011.1,115,3,56,SUNNY,15,6.1,2025-08-11T16:10:00+09:30,PT5M
32,62,0,512,574,0,1011,114,3,57,SUNNY,14.9,6,2025-08-11T16:15:00+09:30,PT5M
32,62,0,494,556,0,1011,114,3,58,SUNNY,14.8,6,2025-08-11T16:20:00+09:30,PT5M
32,63,0,476,538,0,1011,113,2.9,59,SUNNY,14.7,6,2025-08-11T16:25:00+09:30,PT5M
32,64,0,458,519,0,1011,112,2.9,60,SUNNY,14.6,6,2025-08-11T16:30:00+09:30,PT5M
32,64,0,440,500,0,1011,112,2.9,61,SUNNY,14.6,5.9,2025-08-11T16:35:00+09:30,PT5M
32,65,0,422,480,0,1011,111,2.9,62,SUNNY,14.5,5.9,2025-08-11T16:40:00+09:30,PT5M
32,65,0,403,461,0,1011,111,2.8,64,SUNNY,14.4,5.9,2025-08-11T16:45:00+09:30,PT5M
32,66,0,384,441,0,1011,110,2.8,65,SUNNY,14.3,5.9,2025-08-11T16:50:00+09:30,PT5M
31,66,0,365,421,0,1011,110,2.8,66,SUNNY,14.2,5.8,2025-08-11T16:55:00+09:30,PT5M
31,67,0,346,401,0,1011,109,2.8,67,SUNNY,14.1,5.8,2025-08-11T17:00:00+09:30,PT5M
31,67,0,327,380,0,1011,109,2.7,68,SUNNY,14.1,5.8,2025-08-11T17:05:00+09:30,PT5M
31,68,0,308,360,0,1011,108,2.7,69,SUNNY,14,5.8,2025-08-11T17:10:00+09:30,PT5M
31,68,0,289,339,0,1011,108,2.7,70,SUNNY,13.9,5.8,2025-08-11T17:15:00+09:30,PT5M
31,68,0,269,318,0,1011.1,107,2.7,71,SUNNY,13.9,5.8,2025-08-11T17:20:00+09:30,PT5M
31,69,0,250,298,0,1011.1,107,2.6,73,SUNNY,13.8,5.8,2025-08-11T17:25:00+09:30,PT5M
30,69,0,230,277,0,1011.1,106,2.6,74,SUNNY,13.7,5.8,2025-08-11T17:30:00+09:30,PT5M
30,70,0,211,256,0,1011.1,105,2.6,75,SUNNY,13.7,5.7,2025-08-11T17:35:00+09:30,PT5M
30,70,0,192,235,0,1011.1,103,2.5,76,SUNNY,13.6,5.7,2025-08-11T17:40:00+09:30,PT5M
30,70,0,173,214,0,1011.2,102,2.4,77,SUNNY,13.5,5.7,2025-08-11T17:45:00+09:30,PT5M
30,71,0,154,193,0,1011.2,100,2.3,78,SUNNY,13.5,5.7,2025-08-11T17:50:00+09:30,PT5M
30,71,0,135,172,0,1011.2,98,2.2,79,SUNNY,13.4,5.7,2025-08-11T17:55:00+09:30,PT5M
30,71,0,117,151,0,1011.3,96,2.1,81,SUNNY,13.3,5.7,2025-08-11T18:00:00+09:30,PT5M
30,72,0,99,130,0,1011.3,94,2.1,82,SUNNY,13.3,5.7,2025-08-11T18:05:00+09:30,PT5M
29,72,0,81,110,0,1011.3,92,2,83,SUNNY,13.2,5.7,2025-08-11T18:10:00+09:30,PT5M
29,72,0,65,90,0,1011.4,90,1.9,84,SUNNY,13.2,5.7,2025-08-11T18:15:00+09:30,PT5M
29,73,0,49,69,0,1011.4,87,1.9,85,SUNNY,13.1,5.7,2025-08-11T18:20:00+09:30,PT5M
29,73,0,34,44,0,1011.4,84,1.8,86,SUNNY,13.1,5.7,2025-08-11T18:25:00+09:30,PT5M
29,73,0,21,25,0,1011.5,82,1.8,88,SUNNY,13,5.7,2025-08-11T18:30:00+09:30,PT5M
29,74,0,10,10,0,1011.5,79,1.7,89,SUNNY,13,5.7,2025-08-11T18:35:00+09:30,PT5M
29,74,0,0,1,0,1011.6,76,1.7,90,CLEAR,12.9,5.7,2025-08-11T18:40:00+09:30,PT5M
28,74,0,0,0,0,1011.7,74,1.7,91,CLEAR,12.9,5.7,2025-08-11T18:45:00+09:30,PT5M
28,74,8.2,0,0,0,1011.7,71,1.6,92,MOSTLY CLEAR,12.8,5.7,2025-08-11T18:50:00+09:30,PT5M
28,75,8.2,0,0,0,1011.8,68,1.6,93,MOSTLY CLEAR,12.8,5.7,2025-08-11T18:55:00+09:30,PT5M
28,75,0,0,0,0,1011.9,66,1.6,95,CLEAR,12.7,5.7,2025-08-11T19:00:00+09:30,PT5M
28,75,0,0,0,0,1012,63,1.6,96,CLEAR,12.7,5.7,2025-08-11T19:05:00+09:30,PT5M
28,75,0,0,0,0,1012,60,1.6,97,CLEAR,12.7,5.7,2025-08-11T19:10:00+09:30,PT5M
27,76,0,0,0,0,1012.1,57,1.6,98,CLEAR,12.6,5.7,2025-08-11T19:15:00+09:30,PT5M
27,76,0,0,0,0,1012.2,54,1.6,99,CLEAR,12.6,5.8,2025-08-11T19:20:00+09:30,PT5M
27,76,0,0,0,0,1012.3,52,1.6,101,CLEAR,12.6,5.8,2025-08-11T19:25:00+09:30,PT5M
27,76,10.1,0,0,0,1012.3,49,1.6,102,PARTLY CLOUDY,12.5,5.8,2025-08-11T19:30:00+09:30,PT5M
27,77,10.1,0,0,0,1012.4,47,1.6,103,PARTLY CLOUDY,12.5,5.8,2025-08-11T19:35:00+09:30,PT5M
26,77,10.1,0,0,0,1012.5,45,1.6,104,PARTLY CLOUDY,12.4,5.8,2025-08-11T19:40:00+09:30,PT5M
26,77,10.1,0,0,0,1012.6,43,1.6,105,PARTLY CLOUDY,12.4,5.8,2025-08-11T19:45:00+09:30,PT5M
26,77,10.1,0,0,0,1012.6,41,1.6,106,PARTLY CLOUDY,12.4,5.9,2025-08-11T19:50:00+09:30,PT5M
26,77,8.2,0,0,0,1012.7,39,1.6,108,MOSTLY CLEAR,12.4,5.9,2025-08-11T19:55:00+09:30,PT5M
26,77,8.2,0,0,0,1012.8,37,1.5,109,MOSTLY CLEAR,12.3,5.9,2025-08-11T20:00:00+09:30,PT5M
25,78,8.2,0,0,0,1012.9,35,1.5,110,MOSTLY CLEAR,12.3,5.9,2025-08-11T20:05:00+09:30,PT5M
25,78,8.2,0,0,0,1012.9,33,1.5,111,MOSTLY CLEAR,12.3,5.9,2025-08-11T20:10:00+09:30,PT5M
25,78,8.2,0,0,0,1013,31,1.5,112,MOSTLY CLEAR,12.2,6,2025-08-11T20:15:00+09:30,PT5M
25,78,8.2,0,0,0,1013.1,28,1.5,114,MOSTLY CLEAR,12.2,6,2025-08-11T20:20:00+09:30,PT5M
25,78,8.2,0,0,0,1013.2,26,1.5,115,MOSTLY CLEAR,12.2,6,2025-08-11T20:25:00+09:30,PT5M
24,78,8.2,0,0,0,1013.2,24,1.5,116,MOSTLY CLEAR,12.2,6,2025-08-11T20:30:00+09:30,PT5M
24,79,8.2,0,0,0,1013.3,23,1.5,117,MOSTLY CLEAR,12.1,6.1,2025-08-11T20:35:00+09:30,PT5M
24,79,8.2,0,0,0,1013.4,21,1.4,118,MOSTLY CLEAR,12.1,6.1,2025-08-11T20:40:00+09:30,PT5M
24,79,8.2,0,0,0,1013.4,20,1.4,120,MOSTLY CLEAR,12.1,6.1,2025-08-11T20:45:00+09:30,PT5M
24,79,8.2,0,0,0,1013.5,19,1.3,121,MOSTLY CLEAR,12.1,6.1,2025-08-11T20:50:00+09:30,PT5M
24,79,8.2,0,0,0,1013.5,17,1.3,122,MOSTLY CLEAR,12,6.2,2025-08-11T20:55:00+09:30,PT5M
24,79,0,0,0,0,1013.6,16,1.2,123,CLEAR,12,6.2,2025-08-11T21:00:00+09:30,PT5M
24,79,0,0,0,0,1013.6,14,1.2,124,CLEAR,12,6.2,2025-08-11T21:05:00+09:30,PT5M
24,80,0,0,0,0,1013.7,12,1.1,126,CLEAR,12,6.2,2025-08-11T21:10:00+09:30,PT5M
23,80,0,0,0,0,1013.7,9,1.1,127,CLEAR,12,6.3,2025-08-11T21:15:00+09:30,PT5M
23,80,0,0,0,0,1013.8,7,1,128,CLEAR,12,6.3,2025-08-11T21:20:00+09:30,PT5M
23,80,0,0,0,0,1013.8,4,1,129,CLEAR,12,6.4,2025-08-11T21:25:00+09:30,PT5M
23,80,0,0,0,0,1013.9,2,0.9,130,CLEAR,12,6.4,2025-08-11T21:30:00+09:30,PT5M
23,80,0,0,0,0,1013.9,358,0.9,132,CLEAR,11.9,6.4,2025-08-11T21:35:00+09:30,PT5M
23,80,0,0,0,0,1013.9,354,0.8,133,CLEAR,11.9,6.4,2025-08-11T21:40:00+09:30,PT5M
22,80,8.2,0,0,0,1013.9,349,0.7,134,MOSTLY CLEAR,11.9,6.5,2025-08-11T21:45:00+09:30,PT5M
22,80,8.2,0,0,0,1013.9,343,0.6,135,MOSTLY CLEAR,11.9,6.5,2025-08-11T21:50:00+09:30,PT5M
22,80,8.2,0,0,0,1014,335,0.5,136,MOSTLY CLEAR,11.9,6.6,2025-08-11T21:55:00+09:30,PT5M
22,80,8.2,0,0,0,1014,325,0.5,138,MOSTLY CLEAR,11.9,6.6,2025-08-11T22:00:00+09:30,PT5M
21,80,8.2,0,0,0,1014,313,0.4,139,MOSTLY CLEAR,11.9,6.6,2025-08-11T22:05:00+09:30,PT5M
21,80,8.2,0,0,0,1014,300,0.4,140,MOSTLY CLEAR,11.9,6.7,2025-08-11T22:10:00+09:30,PT5M
21,80,0,0,0,0,1014,286,0.4,141,CLEAR,12,6.7,2025-08-11T22:15:00+09:30,PT5M
21,80,0,0,0,0,1014,274,0.5,142,CLEAR,12,6.7,2025-08-11T22:20:00+09:30,PT5M
21,80,8.2,0,0,0,1014.1,263,0.5,144,MOSTLY CLEAR,12,6.8,2025-08-11T22:25:00+09:30,PT5M
20,80,8.2,0,0,0,1014.1,255,0.6,145,MOSTLY CLEAR,12,6.8,2025-08-11T22:30:00+09:30,PT5M
20,80,8.2,0,0,0,1014.1,249,0.6,146,MOSTLY CLEAR,12.1,6.9,2025-08-11T22:35:00+09:30,PT5M
20,80,8.2,0,0,0,1014.1,243,0.7,147,MOSTLY CLEAR,12.1,6.9,2025-08-11T22:40:00+09:30,PT5M
20,80,0,0,0,0,1014.1,238,0.7,148,CLEAR,12.1,7,2025-08-11T22:45:00+09:30,PT5M
20,80,0,0,0,0,1014.1,233,0.7,150,CLEAR,12.1,7,2025-08-11T22:50:00+09:30,PT5M
20,80,0,0,0,0,1014.1,228,0.8,151,CLEAR,12.2,7,2025-08-11T22:55:00+09:30,PT5M
19,80,0,0,0,0,1014.1,224,0.8,152,CLEAR,12.2,7.1,2025-08-11T23:00:00+09:30,PT5M
19,80,0,0,0,0,1014.1,221,0.8,153,CLEAR,12.2,7.1,2025-08-11T23:05:00+09:30,PT5M
19,80,8.2,0,0,0,1014.1,218,0.9,154,MOSTLY CLEAR,12.2,7.2,2025-08-11T23:10:00+09:30,PT5M
19,80,8.2,0,0,0,1014.1,215,0.9,156,MOSTLY CLEAR,12.2,7.2,2025-08-11T23:15:00+09:30,PT5M
19,79,8.2,0,0,0,1014.1,212,1,157,MOSTLY CLEAR,12.3,7.2,2025-08-11T23:20:00+09:30,PT5M
19,79,8.2,0,0,0,1014.1,210,1,158,MOSTLY CLEAR,12.3,7.3,2025-08-11T23:25:00+09:30,PT5M
19,79,8.2,0,0,0,1014.1,208,1.1,159,MOSTLY CLEAR,12.3,7.3,2025-08-11T23:30:00+09:30,PT5M
18,78,8.2,0,0,0,1014.1,205,1.1,160,MOSTLY CLEAR,12.3,7.4,2025-08-11T23:35:00+09:30,PT5M
18,78,8.2,0,0,0,1014.1,203,1.1,162,MOSTLY CLEAR,12.3,7.4,2025-08-11T23:40:00+09:30,PT5M
18,77,8.2,0,0,0,1014.1,201,1.1,163,MOSTLY CLEAR,12.3,7.5,2025-08-11T23:45:00+09:30,PT5M
18,77,8.2,0,0,0,1014.1,198,1.1,164,MOSTLY CLEAR,12.4,7.5,2025-08-11T23:50:00+09:30,PT5M
18,76,8.2,0,0,0,1014.1,195,1,165,MOSTLY CLEAR,12.4,7.5,2025-08-11T23:55:00+09:30,PT5M
18,75,0,0,0,0,1014.1,193,1,166,CLEAR,12.4,7.6,2025-08-12T00:00:00+09:30,PT5M
18,74,0,0,0,0,1014.1,190,1,168,CLEAR,12.4,7.6,2025-08-12T00:05:00+09:30,PT5M
18,72,0,0,0,0,1014.1,187,1,169,CLEAR,12.4,7.6,2025-08-12T00:10:00+09:30,PT5M
18,71,8.2,0,0,0,1014.1,184,1,170,MOSTLY CLEAR,12.4,7.7,2025-08-12T00:15:00+09:30,PT5M
18,68,8.2,0,0,0,1014.1,181,1,171,MOSTLY CLEAR,12.5,7.7,2025-08-12T00:20:00+09:30,PT5M
18,65,10.1,0,0,0,1014.1,179,1,172,PARTLY CLOUDY,12.5,7.8,2025-08-12T00:25:00+09:30,PT5M
18,61,12.1,0,0,0,1014.1,176,1,173,PARTLY CLOUDY,12.5,7.8,2025-08-12T00:30:00+09:30,PT5M
18,56,10.1,0,0,0,1014.1,172,1,174,PARTLY CLOUDY,12.5,7.8,2025-08-12T00:35:00+09:30,PT5M
18,48,8.2,0,0,0,1014,168,0.9,175,MOSTLY CLEAR,12.5,7.9,2025-08-12T00:40:00+09:30,PT5M
18,36,8.2,0,0,0,1014,163,0.9,176,MOSTLY CLEAR,12.5,7.9,2025-08-12T00:45:00+09:30,PT5M
18,19,8.2,0,0,0,1014,158,0.9,177,MOSTLY CLEAR,12.6,7.9,2025-08-12T00:50:00+09:30,PT5M
18,-2,0,0,0,0,1014,153,0.9,177,CLEAR,12.6,8,2025-08-12T00:55:00+09:30,PT5M
18,-22,0,0,0,0,1013.9,147,0.9,177,CLEAR,12.6,8,2025-08-12T01:00:00+09:30,PT5M
18,-38,0,0,0,0,1013.9,142,0.9,176,CLEAR,12.6,8,2025-08-12T01:05:00+09:30,PT5M
18,-49,0,0,0,0,1013.9,136,0.9,175,CLEAR,12.6,8,2025-08-12T01:10:00+09:30,PT5M
18,-57,0,0,0,0,1013.9,131,0.9,174,CLEAR,12.7,8.1,2025-08-12T01:15:00+09:30,PT5M
18,-62,0,0,0,0,1013.8,126,0.9,173,CLEAR,12.7,8.1,2025-08-12T01:20:00+09:30,PT5M
18,-66,0,0,0,0,1013.8,121,0.9,172,CLEAR,12.7,8.1,2025-08-12T01:25:00+09:30,PT5M
17,-69,0,0,0,0,1013.8,116,1,171,CLEAR,12.7,8.1,2025-08-12T01:30:00+09:30,PT5M
17,-71,0,0,0,0,1013.8,113,1,170,CLEAR,12.8,8.2,2025-08-12T01:35:00+09:30,PT5M
17,-73,0,0,0,0,1013.7,110,1,169,CLEAR,12.8,8.2,2025-08-12T01:40:00+09:30,PT5M
17,-74,0,0,0,0,1013.7,107,1,167,CLEAR,12.8,8.2,2025-08-12T01:45:00+09:30,PT5M
17,-75,0,0,0,0,1013.7,104,1,166,CLEAR,12.8,8.2,2025-08-12T01:50:00+09:30,PT5M
17,-76,0,0,0,0,1013.7,102,1,165,CLEAR,12.9,8.3,2025-08-12T01:55:00+09:30,PT5M
17,-77,0,0,0,0,1013.6,99,1.1,164,CLEAR,12.9,8.3,2025-08-12T02:00:00+09:30,PT5M
17,-78,0,0,0,0,1013.6,97,1.1,163,CLEAR,12.9,8.3,2025-08-12T02:05:00+09:30,PT5M
17,-78,0,0,0,0,1013.6,95,1.1,161,CLEAR,13,8.3,2025-08-12T02:10:00+09:30,PT5M
17,-79,0,0,0,0,1013.6,92,1.1,160,CLEAR,13,8.3,2025-08-12T02:15:00+09:30,PT5M
17,-79,0,0,0,0,1013.5,90,1.1,159,CLEAR,13,8.4,2025-08-12T02:20:00+09:30,PT5M
17,-79,0,0,0,0,1013.5,88,1.2,158,CLEAR,13,8.4,2025-08-12T02:25:00+09:30,PT5M
17,-79,0,0,0,0,1013.5,86,1.2,157,CLEAR,13.1,8.4,2025-08-12T02:30:00+09:30,PT5M
17,-80,0,0,0,0,1013.5,85,1.2,155,CLEAR,13.1,8.4,2025-08-12T02:35:00+09:30,PT5M
17,-80,0,0,0,0,1013.5,85,1.2,154,CLEAR,13.2,8.4,2025-08-12T02:40:00+09:30,PT5M
17,-80,0,0,0,0,1013.5,85,1.3,153,CLEAR,13.2,8.4,2025-08-12T02:45:00+09:30,PT5M
17,-80,0,0,0,0,1013.5,84,1.3,152,CLEAR,13.2,8.5,2025-08-12T02:50:00+09:30,PT5M
17,-80,0,0,0,0,1013.5,84,1.3,151,CLEAR,13.2,8.5,2025-08-12T02:55:00+09:30,PT5M
17,-80,0,0,0,0,1013.5,84,1.3,149,CLEAR,13.3,8.5,2025-08-12T03:00:00+09:30,PT5M
17,-80,0,0,0,0,1013.5,84,1.4,148,CLEAR,13.3,8.5,2025-08-12T03:05:00+09:30,PT5M
17,-81,0,0,0,0,1013.5,83,1.4,147,CLEAR,13.3,8.5,2025-08-12T03:10:00+09:30,PT5M
17,-81,0,0,0,0,1013.6,83,1.4,146,CLEAR,13.4,8.5,2025-08-12T03:15:00+09:30,PT5M
17,-81,8.2,0,0,0,1013.6,83,1.4,145,MOSTLY CLEAR,13.4,8.5,2025-08-12T03:20:00+09:30,PT5M
17,-81,0,0,0,0,1013.6,83,1.5,143,CLEAR,13.4,8.5,2025-08-12T03:25:00+09:30,PT5M
17,-81,0,0,0,0,1013.6,82,1.5,142,CLEAR,13.4,8.5,2025-08-12T03:30:00+09:30,PT5M
17,-81,0,0,0,0,1013.6,83,1.5,141,CLEAR,13.5,8.6,2025-08-12T03:35:00+09:30,PT5M
17,-81,8.2,0,0,0,1013.6,84,1.5,140,MOSTLY CLEAR,13.5,8.6,2025-08-12T03:40:00+09:30,PT5M
17,-80,0,0,0,0,1013.6,85,1.5,139,CLEAR,13.5,8.6,2025-08-12T03:45:00+09:30,PT5M
17,-80,0,0,0,0,1013.6,86,1.6,137,CLEAR,13.5,8.6,2025-08-12T03:50:00+09:30,PT5M
17,-80,0,0,0,0,1013.5,87,1.6,136,CLEAR,13.6,8.6,2025-08-12T03:55:00+09:30,PT5M
17,-80,0,0,0,0,1013.5,88,1.6,135,CLEAR,13.6,8.6,2025-08-12T04:00:00+09:30,PT5M
17,-80,0,0,0,0,1013.5,89,1.6,134,CLEAR,13.6,8.6,2025-08-12T04:05:00+09:30,PT5M
17,-80,8.2,0,0,0,1013.5,90,1.6,133,MOSTLY CLEAR,13.7,8.6,2025-08-12T04:10:00+09:30,PT5M
17,-80,0,0,0,0,1013.5,90,1.6,131,CLEAR,13.7,8.6,2025-08-12T04:15:00+09:30,PT5M
17,-80,0,0,0,0,1013.5,91,1.7,130,CLEAR,13.7,8.6,2025-08-12T04:20:00+09:30,PT5M
16,-80,0,0,0,0,1013.5,92,1.7,129,CLEAR,13.8,8.6,2025-08-12T04:25:00+09:30,PT5M
16,-80,8.2,0,0,0,1013.5,93,1.7,128,MOSTLY CLEAR,13.8,8.6,2025-08-12T04:30:00+09:30,PT5M
16,-80,0,0,0,0,1013.5,94,1.7,127,CLEAR,13.9,8.5,2025-08-12T04:35:00+09:30,PT5M
16,-80,8.2,0,0,0,1013.5,94,1.7,125,MOSTLY CLEAR,13.9,8.5,2025-08-12T04:40:00+09:30,PT5M
16,-80,0,0,0,0,1013.5,95,1.7,124,CLEAR,14,8.5,2025-08-12T04:45:00+09:30,PT5M
16,-79,8.2,0,0,0,1013.5,96,1.6,123,MOSTLY CLEAR,14,8.5,2025-08-12T04:50:00+09:30,PT5M
16,-79,10.1,0,0,0,1013.5,96,1.6,122,PARTLY CLOUDY,14,8.5,2025-08-12T04:55:00+09:30,PT5M
16,-79,10.1,0,0,0,1013.5,97,1.6,121,PARTLY CLOUDY,14.1,8.5,2025-08-12T05:00:00+09:30,PT5M
16,-79,10.1,0,0,0,1013.5,97,1.6,119,PARTLY CLOUDY,14.1,8.5,2025-08-12T05:05:00+09:30,PT5M
16,-79,10.1,0,0,0,1013.5,98,1.6,118,PARTLY CLOUDY,14.2,8.5,2025-08-12T05:10:00+09:30,PT5M
16,-79,10.1,0,0,0,1013.6,99,1.6,117,PARTLY CLOUDY,14.2,8.5,2025-08-12T05:15:00+09:30,PT5M
16,-79,10.1,0,0,0,1013.6,100,1.6,116,PARTLY CLOUDY,14.2,8.5,2025-08-12T05:20:00+09:30,PT5M
16,-78,10.1,0,0,0,1013.6,100,1.5,115,PARTLY CLOUDY,14.2,8.5,2025-08-12T05:25:00+09:30,PT5M
16,-78,10.1,0,0,0,1013.6,101,1.5,113,PARTLY CLOUDY,14.3,8.5,2025-08-12T05:30:00+09:30,PT5M
16,-78,10.1,0,0,0,1013.6,102,1.5,112,PARTLY CLOUDY,14.3,8.5,2025-08-12T05:35:00+09:30,PT5M
16,-78,8.2,0,0,0,1013.6,104,1.5,111,MOSTLY CLEAR,14.4,8.5,2025-08-12T05:40:00+09:30,PT5M
16,-78,8.2,0,0,0,1013.7,106,1.5,110,MOSTLY CLEAR,14.4,8.5,2025-08-12T05:45:00+09:30,PT5M
16,-78,8.2,0,0,0,1013.7,109,1.5,109,MOSTLY CLEAR,14.4,8.5,2025-08-12T05:50:00+09:30,PT5M
16,-77,8.2,0,0,0,1013.7,111,1.5,107,MOSTLY CLEAR,14.4,8.5,2025-08-12T05:55:00+09:30,PT5M
16,-77,8.2,0,0,0,1013.8,113,1.5,106,MOSTLY CLEAR,14.5,8.5,2025-08-12T06:00:00+09:30,PT5M
16,-77,8.2,0,0,0,1013.8,115,1.5,105,MOSTLY CLEAR,14.5,8.5,2025-08-12T06:05:00+09:30,PT5M
16,-77,8.2,0,0,0,1013.8,117,1.5,104,MOSTLY CLEAR,14.6,8.5,2025-08-12T06:10:00+09:30,PT5M
16,-77,8.2,0,0,0,1013.9,119,1.5,103,MOSTLY CLEAR,14.7,8.5,2025-08-12T06:15:00+09:30,PT5M
16,-76,10.1,0,0,0,1013.9,122,1.5,102,PARTLY CLOUDY,14.7,8.5,2025-08-12T06:20:00+09:30,PT5M
16,-76,8.2,0,0,0,1013.9,124,1.5,100,MOSTLY CLEAR,14.8,8.5,2025-08-12T06:25:00+09:30,PT5M
16,-76,8.2,0,0,0,1014,126,1.5,99,MOSTLY CLEAR,14.9,8.5,2025-08-12T06:30:00+09:30,PT5M
16,-76,0,0,0,0,1014,128,1.5,98,CLEAR,14.9,8.4,2025-08-12T06:35:00+09:30,PT5M
16,-76,0,0,0,0,1014.1,130,1.5,97,CLEAR,15,8.4,2025-08-12T06:40:00+09:30,PT5M
16,-75,0,0,0,0,1014.1,132,1.4,96,CLEAR,15.1,8.4,2025-08-12T06:45:00+09:30,PT5M
16,-75,10.1,0,0,0,1014.2,134,1.4,94,PARTLY CLOUDY,15.1,8.4,2025-08-12T06:50:00+09:30,PT5M
16,-75,0,0,0,0,1014.2,136,1.4,93,CLEAR,15.2,8.4,2025-08-12T06:55:00+09:30,PT5M
16,-75,0,0,0,0,1014.3,138,1.4,92,CLEAR,15.3,8.4,2025-08-12T07:00:00+09:30,PT5M
16,-74,0,0,0,0,1014.4,141,1.4,91,CLEAR,15.4,8.4,2025-08-12T07:05:00+09:30,PT5M
16,-74,0,2,2,0,1014.4,143,1.4,90,CLEAR,15.5,8.4,2025-08-12T07:10:00+09:30,PT5M
16,-74,0,11,12,0,1014.5,145,1.4,89,SUNNY,15.6,8.4,2025-08-12T07:15:00+09:30,PT5M
16,-73,0,23,27,0,1014.5,147,1.3,87,SUNNY,15.7,8.4,2025-08-12T07:20:00+09:30,PT5M
16,-73,0,36,46,0,1014.6,150,1.3,86,SUNNY,15.8,8.4,2025-08-12T07:25:00+09:30,PT5M
16,-73,0,50,71,0,1014.7,152,1.3,85,SUNNY,15.9,8.4,2025-08-12T07:30:00+09:30,PT5M
16,-73,0,65,90,0,1014.7,153,1.4,84,SUNNY,16,8.3,2025-08-12T07:35:00+09:30,PT5M
16,-72,0,81,109,0,1014.7,153,1.4,83,SUNNY,16.1,8.3,2025-08-12T07:40:00+09:30,PT5M
17,-72,0,98,128,0,1014.7,153,1.4,82,SUNNY,16.2,8.3,2025-08-12T07:45:00+09:30,PT5M
17,-72,0,116,148,0,1014.8,152,1.5,80,SUNNY,16.3,8.3,2025-08-12T07:50:00+09:30,PT5M
18,-71,0,133,168,0,1014.8,152,1.5,79,SUNNY,16.4,8.3,2025-08-12T07:55:00+09:30,PT5M
18,-71,0,151,189,0,1014.8,152,1.6,78,SUNNY,16.5,8.3,2025-08-12T08:00:00+09:30,PT5M
19,-71,0,170,209,0,1014.9,152,1.6,77,SUNNY,16.6,8.3,2025-08-12T08:05:00+09:30,PT5M
19,-70,0,188,229,0,1014.9,151,1.7,76,SUNNY,16.8,8.2,2025-08-12T08:10:00+09:30,PT5M
20,-70,0,207,249,0,1014.9,151,1.7,75,SUNNY,16.8,8.2,2025-08-12T08:15:00+09:30,PT5M
20,-69,0,226,270,0,1014.9,151,1.7,73,SUNNY,17,8.1,2025-08-12T08:20:00+09:30,PT5M
20,-69,0,244,290,0,1015,151,1.8,72,SUNNY,17,8,2025-08-12T08:25:00+09:30,PT5M
21,-69,0,263,310,0,1015,151,1.8,71,SUNNY,17.2,8,2025-08-12T08:30:00+09:30,PT5M
21,-68,0,282,330,0,1015,150,1.8,70,SUNNY,17.2,7.9,2025-08-12T08:35:00+09:30,PT5M
22,-68,0,301,350,0,1015.1,150,1.8,69,SUNNY,17.4,7.9,2025-08-12T08:40:00+09:30,PT5M
22,-67,0,319,370,0,1015.1,150,1.8,68,SUNNY,17.4,7.8,2025-08-12T08:45:00+09:30,PT5M
22,-67,0,338,390,0,1015.2,149,1.8,67,SUNNY,17.6,7.7,2025-08-12T08:50:00+09:30,PT5M
23,-66,0,356,409,0,1015.2,149,1.7,66,SUNNY,17.6,7.7,2025-08-12T08:55:00+09:30,PT5M
23,-66,0,375,429,0,1015.3,148,1.7,64,SUNNY,17.8,7.6,2025-08-12T09:00:00+09:30,PT5M
23,-65,0,393,448,0,1015.3,148,1.7,63,SUNNY,17.8,7.6,2025-08-12T09:05:00+09:30,PT5M
24,-65,0,411,467,0,1015.4,147,1.7,62,SUNNY,17.8,7.5,2025-08-12T09:10:00+09:30,PT5M
24,-64,0,429,485,0,1015.4,147,1.7,61,SUNNY,17.8,7.5,2025-08-12T09:15:00+09:30,PT5M
24,-64,0,446,504,0,1015.5,147,1.6,60,SUNNY,17.9,7.5,2025-08-12T09:20:00+09:30,PT5M
24,-63,0,464,522,0,1015.5,146,1.6,59,SUNNY,17.9,7.4,2025-08-12T09:25:00+09:30,PT5M
25,-62,0,481,540,0,1015.6,146,1.6,58,SUNNY,17.9,7.4,2025-08-12T09:30:00+09:30,PT5M
25,-62,0,498,558,0,1015.6,144,1.5,57,SUNNY,17.9,7.3,2025-08-12T09:35:00+09:30,PT5M
25,-61,0,515,576,0,1015.6,141,1.5,56,SUNNY,17.9,7.3,2025-08-12T09:40:00+09:30,PT5M
25,-60,0,531,593,0,1015.5,139,1.4,55,SUNNY,17.9,7.2,2025-08-12T09:45:00+09:30,PT5M
26,-60,0,547,609,0,1015.5,136,1.4,54,SUNNY,18,7.2,2025-08-12T09:50:00+09:30,PT5M
26,-59,0,563,626,0,1015.5,132,1.3,52,SUNNY,18,7.2,2025-08-12T09:55:00+09:30,PT5M
26,-58,0,578,642,0,1015.5,129,1.3,51,SUNNY,18,7.1,2025-08-12T10:00:00+09:30,PT5M
26,-57,0,594,658,0,1015.4,125,1.2,50,SUNNY,18,7.1,2025-08-12T10:05:00+09:30,PT5M
26,-57,0,608,673,0,1015.4,121,1.2,49,SUNNY,17.9,7,2025-08-12T10:10:00+09:30,PT5M
27,-56,0,623,688,0,1015.4,117,1.2,48,SUNNY,17.8,7,2025-08-12T10:15:00+09:30,PT5M
27,-55,0,637,703,0,1015.4,112,1.1,47,SUNNY,17.7,6.9,2025-08-12T10:20:00+09:30,PT5M
27,-54,0,651,717,0,1015.3,107,1.1,46,SUNNY,17.6,6.9,2025-08-12T10:25:00+09:30,PT5M
27,-53,0,664,731,0,1015.3,103,1.1,45,SUNNY,17.5,6.8,2025-08-12T10:30:00+09:30,PT5M
27,-52,0,677,745,0,1015.3,99,1.1,44,SUNNY,17.4,6.8,2025-08-12T10:35:00+09:30,PT5M
28,-51,0,690,758,0,1015.2,97,1.1,43,SUNNY,17.3,6.7,2025-08-12T10:40:00+09:30,PT5M
28,-50,0,702,770,0,1015.2,95,1.1,43,SUNNY,17.2,6.7,2025-08-12T10:45:00+09:30,PT5M
28,-49,0,714,783,0,1015.1,93,1.1,42,SUNNY,17.1,6.6,2025-08-12T10:50:00+09:30,PT5M
28,-47,0,725,794,0,1015.1,91,1.1,41,SUNNY,17,6.6,2025-08-12T10:55:00+09:30,PT5M
28,-46,0,736,806,0,1015.1,88,1.1,40,SUNNY,16.9,6.5,2025-08-12T11:00:00+09:30,PT5M
28,-45,0,747,817,0,1015,86,1.1,39,SUNNY,16.9,6.5,2025-08-12T11:05:00+09:30,PT5M
29,-43,0,757,827,0,1015,84,1.1,38,SUNNY,16.8,6.5,2025-08-12T11:10:00+09:30,PT5M
29,-42,0,767,837,0,1014.9,82,1.1,37,SUNNY,16.7,6.5,2025-08-12T11:15:00+09:30,PT5M
29,-41,0,776,847,0,1014.9,80,1.1,36,SUNNY,16.6,6.4,2025-08-12T11:20:00+09:30,PT5M
29,-39,0,785,856,0,1014.9,78,1.1,36,SUNNY,16.5,6.4,2025-08-12T11:25:00+09:30,PT5M
29,-37,0,793,865,0,1014.8,76,1.1,35,SUNNY,16.4,6.4,2025-08-12T11:30:00+09:30,PT5M
29,-36,0,801,873,0,1014.7,75,1.1,34,SUNNY,16.3,6.4,2025-08-12T11:35:00+09:30,PT5M
29,-34,0,809,881,0,1014.7,75,1.2,33,SUNNY,16.2,6.4,2025-08-12T11:40:00+09:30,PT5M
30,-32,0,815,888,0,1014.6,75,1.2,33,SUNNY,16.1,6.4,2025-08-12T11:45:00+09:30,PT5M
30,-30,0,822,895,0,1014.5,75,1.2,32,SUNNY,16,6.3,2025-08-12T11:50:00+09:30,PT5M
30,-28,0,828,901,0,1014.4,75,1.2,32,SUNNY,15.9,6.3,2025-08-12T11:55:00+09:30,PT5M
30,-26,0,834,907,0,1014.4,75,1.2,31,SUNNY,15.8,6.3,2025-08-12T12:00:00+09:30,PT5M
30,-24,0,839,912,0,1014.3,75,1.2,31,SUNNY,15.8,6.3,2025-08-12T12:05:00+09:30,PT5M
30,-22,0,843,917,0,1014.2,76,1.2,30,SUNNY,15.9,6.3,2025-08-12T12:10:00+09:30,PT5M
30,-20,0,847,921,0,1014.1,76,1.2,30,SUNNY,16,6.3,2025-08-12T12:15:00+09:30,PT5M
30,-17,0,851,925,0,1014.1,76,1.2,29,SUNNY,16.1,6.3,2025-08-12T12:20:00+09:30,PT5M
30,-15,0,854,928,0,1014,76,1.2,29,SUNNY,16.2,6.3,2025-08-12T12:25:00+09:30,PT5M
30,-12,0,857,930,0,1013.9,76,1.2,29,SUNNY,16.3,6.3,2025-08-12T12:30:00+09:30,PT5M
30,-10,0,859,933,0,1013.9,76,1.2,28,SUNNY,16.3,6.2,2025-08-12T12:35:00+09:30,PT5M
30,-7,0,860,934,0,1013.8,75,1.2,28,SUNNY,16.4,6.2,2025-08-12T12:40:00+09:30,PT5M
30,-5,0,862,936,0,1013.7,74,1.2,28,SUNNY,16.5,6.2,2025-08-12T12:45:00+09:30,PT5M
30,-2,0,862,936,0,1013.7,74,1.2,28,SUNNY,16.6,6.2,2025-08-12T12:50:00+09:30,PT5M
30,0,0,862,936,0,1013.6,73,1.1,28,SUNNY,16.7,6.2,2025-08-12T12:55:00+09:30,PT5M
31,3,0,862,936,0,1013.5,72,1.1,28,SUNNY,16.8,6.2,2025-08-12T13:00:00+09:30,PT5M
31,5,0,861,935,0,1013.5,71,1.1,28,SUNNY,16.9,6.2,2025-08-12T13:05:00+09:30,PT5M
31,8,0,860,933,0,1013.4,70,1.1,28,SUNNY,17.2,6.2,2025-08-12T13:10:00+09:30,PT5M
31,10,0,858,931,0,1013.3,69,1.1,28,SUNNY,17.4,6.2,2025-08-12T13:15:00+09:30,PT5M
31,13,0,855,929,0,1013.2,68,1,29,SUNNY,17.7,6.2,2025-08-12T13:20:00+09:30,PT5M
31,15,0,852,926,0,1013.2,68,1,29,SUNNY,17.9,6.2,2025-08-12T13:25:00+09:30,PT5M
31,18,0,849,922,0,1013.1,67,1,29,SUNNY,18.2,6.2,2025-08-12T13:30:00+09:30,PT5M
31,20,0,845,918,0,1013.1,65,1,30,SUNNY,18.4,6.2,2025-08-12T13:35:00+09:30,PT5M
31,22,0,840,913,0,1013,64,0.9,30,SUNNY,18.7,6.2,2025-08-12T13:40:00+09:30,PT5M
31,24,0,835,908,0,1013,63,0.9,31,SUNNY,18.9,6.2,2025-08-12T13:45:00+09:30,PT5M
31,27,0,830,903,0,1012.9,61,0.9,31,SUNNY,19.2,6.2,2025-08-12T13:50:00+09:30,PT5M
31,29,0,824,897,0,1012.9,60,0.9,32,SUNNY,19.4,6.2,2025-08-12T13:55:00+09:30,PT5M
31,31,0,818,890,0,1012.9,58,0.8,32,SUNNY,19.7,6.2,2025-08-12T14:00:00+09:30,PT5M
31,32,0,811,883,0,1012.8,56,0.8,33,SUNNY,19.9,6.2,2025-08-12T14:05:00+09:30,PT5M
31,34,0,804,875,0,1012.8,55,0.8,34,SUNNY,20.2,6.2,2025-08-12T14:10:00+09:30,PT5M
31,36,0,796,868,0,1012.7,53,0.8,34,SUNNY,20.4,6.2,2025-08-12T14:15:00+09:30,PT5M
31,38,0,788,859,0,1012.7,51,0.8,35,SUNNY,20.6,6.2,2025-08-12T14:20:00+09:30,PT5M
31,39,0,780,850,0,1012.6,48,0.7,36,SUNNY,20.9,6.2,2025-08-12T14:25:00+09:30,PT5M
31,41,0,771,841,0,1012.6,46,0.7,37,SUNNY,21.1,6.2,2025-08-12T14:30:00+09:30,PT5M
31,42,0,761,831,0,1012.5,44,0.7,37,SUNNY,21.4,6.3,2025-08-12T14:35:00+09:30,PT5M
31,44,0,752,821,0,1012.5,41,0.7,38,SUNNY,21.6,6.3,2025-08-12T14:40:00+09:30,PT5M
31,45,0,741,810,0,1012.4,38,0.6,39,SUNNY,21.9,6.3,2025-08-12T14:45:00+09:30,PT5M
31,46,0,731,799,0,1012.3,35,0.6,40,SUNNY,22.1,6.3,2025-08-12T14:50:00+09:30,PT5M
31,48,0,720,788,0,1012.3,32,0.6,41,SUNNY,22.3,6.3,2025-08-12T14:55:00+09:30,PT5M
31,49,0,708,776,0,1012.2,28,0.6,42,SUNNY,22.6,6.3,2025-08-12T15:00:00+09:30,PT5M
31,50,0,696,763,0,1012.1,25,0.6,43,SUNNY,22.8,6.4,2025-08-12T15:05:00+09:30,PT5M
31,51,0,683,750,0,1012.1,21,0.5,44,SUNNY,22.9,6.7,2025-08-12T15:10:00+09:30,PT5M
31,52,0,670,736,0,1012,16,0.5,45,SUNNY,23,6.9,2025-08-12T15:15:00+09:30,PT5M
31,53,0,656,721,0,1011.9,12,0.5,46,SUNNY,23.1,7.2,2025-08-12T15:20:00+09:30,PT5M
31,54,0,642,707,0,1011.9,7,0.5,47,SUNNY,23.2,7.4,2025-08-12T15:25:00+09:30,PT5M
31,55,0,627,691,0,1011.8,2,0.5,48,SUNNY,23.3,7.7,2025-08-12T15:30:00+09:30,PT5M
31,56,0,613,676,0,1011.8,360,0.5,49,SUNNY,23.5,7.9,2025-08-12T15:35:00+09:30,PT5M
31,57,0,598,660,0,1011.8,359,0.5,50,SUNNY,23.6,8.2,2025-08-12T15:40:00+09:30,PT5M
31,58,0,582,644,0,1011.8,358,0.5,51,SUNNY,23.7,8.4,2025-08-12T15:45:00+09:30,PT5M
31,58,0,566,627,0,1011.8,357,0.5,52,SUNNY,23.8,8.7,2025-08-12T15:50:00+09:30,PT5M
31,59,0,550,610,0,1011.8,356,0.5,53,SUNNY,23.9,8.9,2025-08-12T15:55:00+09:30,PT5M
31,60,0,534,593,0,1011.8,355,0.5,54,SUNNY,24,9.2,2025-08-12T16:00:00+09:30,PT5M
31,61,0,517,575,0,1011.8,354,0.6,55,SUNNY,24.1,9.3,2025-08-12T16:05:00+09:30,PT5M
31,61,0,501,558,0,1011.8,354,0.6,56,SUNNY,24.1,9.3,2025-08-12T16:10:00+09:30,PT5M
31,62,0,484,541,0,1011.8,353,0.6,57,SUNNY,24,9.3,2025-08-12T16:15:00+09:30,PT5M
31,63,0,467,523,0,1011.9,352,0.6,58,SUNNY,24,9.3,2025-08-12T16:20:00+09:30,PT5M
31,63,0,450,505,0,1011.9,352,0.6,59,SUNNY,24,9.3,2025-08-12T16:25:00+09:30,PT5M
31,64,0,433,486,0,1011.9,351,0.6,60,SUNNY,24,9.3,2025-08-12T16:30:00+09:30,PT5M
31,64,0,415,468,0,1011.9,350,0.6,61,SUNNY,23.9,9.3,2025-08-12T16:35:00+09:30,PT5M
31,65,0,397,449,0,1011.9,349,0.6,62,SUNNY,23.9,9.3,2025-08-12T16:40:00+09:30,PT5M
31,66,0,379,430,0,1011.9,348,0.7,63,SUNNY,23.9,9.3,2025-08-12T16:45:00+09:30,PT5M
31,66,0,361,411,0,1011.8,346,0.7,65,SUNNY,23.9,9.3,2025-08-12T16:50:00+09:30,PT5M
31,67,0,343,392,0,1011.8,345,0.7,66,SUNNY,23.8,9.3,2025-08-12T16:55:00+09:30,PT5M
31,67,0,325,372,0,1011.8,345,0.7,67,SUNNY,23.8,9.3,2025-08-12T17:00:00+09:30,PT5M
30,67,0,306,352,0,1011.8,344,0.7,68,SUNNY,23.8,9.3,2025-08-12T17:05:00+09:30,PT5M
30,68,0,288,333,0,1011.8,343,0.8,69,SUNNY,23.8,9.3,2025-08-12T17:10:00+09:30,PT5M
30,68,0,269,313,0,1011.8,342,0.8,70,SUNNY,23.7,9.3,2025-08-12T17:15:00+09:30,PT5M
30,69,0,251,293,0,1011.8,341,0.8,71,SUNNY,23.7,9.3,2025-08-12T17:20:00+09:30,PT5M
30,69,0,232,273,0,1011.8,340,0.8,72,SUNNY,23.7,9.3,2025-08-12T17:25:00+09:30,PT5M
30,70,0,214,253,0,1011.8,340,0.8,74,SUNNY,23.7,9.3,2025-08-12T17:30:00+09:30,PT5M
30,70,0,196,233,0,1011.8,339,0.9,75,SUNNY,23.6,9.4,2025-08-12T17:35:00+09:30,PT5M
30,70,0,177,213,0,1011.9,338,0.9,76,SUNNY,23.6,9.4,2025-08-12T17:40:00+09:30,PT5M
30,71,0,159,193,0,1011.9,337,0.9,77,SUNNY,23.6,9.4,2025-08-12T17:45:00+09:30,PT5M
30,71,0,141,173,0,1012,336,0.9,78,SUNNY,23.6,9.4,2025-08-12T17:50:00+09:30,PT5M
29,71,0,124,153,0,1012.1,335,1,79,SUNNY,23.5,9.4,2025-08-12T17:55:00+09:30,PT5M
29,72,0,106,133,0,1012.1,334,1,81,SUNNY,23.5,9.4,2025-08-12T18:00:00+09:30,PT5M
29,72,0,90,114,0,1012.2,333,1,82,SUNNY,23.5,9.4,2025-08-12T18:05:00+09:30,PT5M
29,72,0,74,95,0,1012.3,332,1,83,SUNNY,23.5,9.4,2025-08-12T18:10:00+09:30,PT5M
29,73,0,58,76,0,1012.3,331,1.1,84,SUNNY,23.5,9.4,2025-08-12T18:15:00+09:30,PT5M
29,73,0,44,57,0,1012.4,331,1.1,85,SUNNY,23.5,9.4,2025-08-12T18:20:00+09:30,PT5M
29,73,8.2,28,31,0,1012.5,330,1.1,86,MOSTLY SUNNY,23.5,9.4,2025-08-12T18:25:00+09:30,PT5M
29,74,14,16,16,0,1012.5,329,1.2,88,PARTLY CLOUDY,23.5,9.4,2025-08-12T18:30:00+09:30,PT5M
29,74,12.1,8,7,0,1012.6,328,1.2,89,PARTLY CLOUDY,23.4,9.5,2025-08-12T18:35:00+09:30,PT5M
29,74,10.1,1,0,0,1012.7,325,1.2,90,PARTLY CLOUDY,23.4,9.5,2025-08-12T18:40:00+09:30,PT5M
28,74,15.9,0,0,0,1012.7,322,1.2,91,PARTLY CLOUDY,23.4,9.5,2025-08-12T18:45:00+09:30,PT5M
28,75,8.2,0,0,0,1012.8,320,1.2,92,MOSTLY CLEAR,23.4,9.5,2025-08-12T18:50:00+09:30,PT5M
28,75,8.2,0,0,0,1012.9,317,1.2,93,MOSTLY CLEAR,23.4,9.5,2025-08-12T18:55:00+09:30,PT5M
28,75,0,0,0,0,1012.9,315,1.2,95,CLEAR,23.4,9.5,2025-08-12T19:00:00+09:30,PT5M
27,75,0,0,0,0,1013,312,1.2,96,CLEAR,23.4,9.5,2025-08-12T19:05:00+09:30,PT5M
27,76,0,0,0,0,1013.1,309,1.2,97,CLEAR,23.4,9.5,2025-08-12T19:10:00+09:30,PT5M
27,76,0,0,0,0,1013.1,307,1.2,98,CLEAR,23.4,9.5,2025-08-12T19:15:00+09:30,PT5M
27,76,0,0,0,0,1013.2,304,1.2,99,CLEAR,23.4,9.5,2025-08-12T19:20:00+09:30,PT5M
26,76,0,0,0,0,1013.3,302,1.2,101,CLEAR,23.4,9.5,2025-08-12T19:25:00+09:30,PT5M
26,77,0,0,0,0,1013.3,300,1.2,102,CLEAR,23.4,9.5,2025-08-12T19:30:00+09:30,PT5M
26,77,0,0,0,0,1013.4,298,1.3,103,CLEAR,23.5,9.4,2025-08-12T19:35:00+09:30,PT5M
26,77,8.2,0,0,0,1013.5,297,1.3,104,MOSTLY CLEAR,23.5,9.4,2025-08-12T19:40:00+09:30,PT5M
25,77,10.1,0,0,0,1013.5,296,1.3,105,PARTLY CLOUDY,23.5,9.4,2025-08-12T19:45:00+09:30,PT5M
25,77,14,0,0,0,1013.6,296,1.3,106,PARTLY CLOUDY,23.5,9.4,2025-08-12T19:50:00+09:30,PT5M
25,78,15.9,0,0,0,1013.6,295,1.3,108,PARTLY CLOUDY,23.5,9.4,2025-08-12T19:55:00+09:30,PT5M
25,78,12.1,0,0,0,1013.7,294,1.3,109,PARTLY CLOUDY,23.5,9.4,2025-08-12T20:00:00+09:30,PT5M
25,78,12.1,0,0,0,1013.7,293,1.3,110,PARTLY CLOUDY,23.5,9.4,2025-08-12T20:05:00+09:30,PT5M
25,78,12.1,0,0,0,1013.8,292,1.3,111,PARTLY CLOUDY,23.5,9.4,2025-08-12T20:10:00+09:30,PT5M
24,78,12.1,0,0,0,1013.8,291,1.3,112,PARTLY CLOUDY,23.5,9.4,2025-08-12T20:15:00+09:30,PT5M
24,78,12.1,0,0,0,1013.9,291,1.3,114,PARTLY CLOUDY,23.5,9.3,2025-08-12T20:20:00+09:30,PT5M
24,79,10.1,0,0,0,1013.9,290,1.3,115,PARTLY CLOUDY,23.5,9.3,2025-08-12T20:25:00+09:30,PT5M
24,79,10.1,0,0,0,1014,289,1.3,116,PARTLY CLOUDY,23.5,9.3,2025-08-12T20:30:00+09:30,PT5M
24,79,10.1,0,0,0,1014,288,1.3,117,PARTLY CLOUDY,23.5,9.3,2025-08-12T20:35:00+09:30,PT5M
24,79,10.1,0,0,0,1014,286,1.3,118,PARTLY CLOUDY,23.5,9.3,2025-08-12T20:40:00+09:30,PT5M
23,79,10.1,0,0,0,1014.1,285,1.3,120,PARTLY CLOUDY,23.5,9.3,2025-08-12T20:45:00+09:30,PT5M
23,79,10.1,0,0,0,1014.1,284,1.3,121,PARTLY CLOUDY,23.5,9.2,2025-08-12T20:50:00+09:30,PT5M
23,80,10.1,0,0,0,1014.2,282,1.3,122,PARTLY CLOUDY,23.5,9.2,2025-08-12T20:55:00+09:30,PT5M
23,80,10.1,0,0,0,1014.2,281,1.4,123,PARTLY CLOUDY,23.5,9.2,2025-08-12T21:00:00+09:30,PT5M
23,80,10.1,0,0,0,1014.3,280,1.4,124,PARTLY CLOUDY,23.5,9.2,2025-08-12T21:05:00+09:30,PT5M
23,80,10.1,0,0,0,1014.3,279,1.4,126,PARTLY CLOUDY,23.5,9.2,2025-08-12T21:10:00+09:30,PT5M
23,80,10.1,0,0,0,1014.3,278,1.4,127,PARTLY CLOUDY,23.4,9.2,2025-08-12T21:15:00+09:30,PT5M
23,80,10.1,0,0,0,1014.4,276,1.4,128,PARTLY CLOUDY,23.4,9.1,2025-08-12T21:20:00+09:30,PT5M
23,80,8.2,0,0,0,1014.4,275,1.5,129,MOSTLY CLEAR,23.4,9.1,2025-08-12T21:25:00+09:30,PT5M
22,80,0,0,0,0,1014.5,274,1.5,130,CLEAR,23.4,9.1,2025-08-12T21:30:00+09:30,PT5M
22,80,0,0,0,0,1014.5,273,1.5,132,CLEAR,23.3,9.1,2025-08-12T21:35:00+09:30,PT5M
22,81,0,0,0,0,1014.5,272,1.5,133,CLEAR,23.3,9.1,2025-08-12T21:40:00+09:30,PT5M
22,81,0,0,0,0,1014.6,271,1.5,134,CLEAR,23.3,9.1,2025-08-12T21:45:00+09:30,PT5M
22,81,0,0,0,0,1014.6,269,1.5,135,CLEAR,23.3,9,2025-08-12T21:50:00+09:30,PT5M
22,81,0,0,0,0,1014.7,268,1.5,136,CLEAR,23.2,9,2025-08-12T21:55:00+09:30,PT5M
22,81,0,0,0,0,1014.7,267,1.5,138,CLEAR,23.2,9,2025-08-12T22:00:00+09:30,PT5M
22,81,0,0,0,0,1014.8,266,1.6,139,CLEAR,23.2,9,2025-08-12T22:05:00+09:30,PT5M
22,81,8.2,0,0,0,1014.8,265,1.6,140,MOSTLY CLEAR,23.1,9,2025-08-12T22:10:00+09:30,PT5M
22,81,0,0,0,0,1014.8,263,1.6,141,CLEAR,23.1,9,2025-08-12T22:15:00+09:30,PT5M
22,81,0,0,0,0,1014.9,262,1.6,142,CLEAR,23,9,2025-08-12T22:20:00+09:30,PT5M
22,81,0,0,0,0,1014.9,261,1.6,144,CLEAR,23,9,2025-08-12T22:25:00+09:30,PT5M
22,81,0,0,0,0,1015,260,1.6,145,CLEAR,22.9,9,2025-08-12T22:30:00+09:30,PT5M
22,81,0,0,0,0,1015,259,1.6,146,CLEAR,22.9,9.1,2025-08-12T22:35:00+09:30,PT5M
22,81,0,0,0,0,1015,257,1.7,147,CLEAR,22.8,9.1,2025-08-12T22:40:00+09:30,PT5M
22,81,0,0,0,0,1015.1,256,1.7,148,CLEAR,22.8,9.1,2025-08-12T22:45:00+09:30,PT5M
21,81,0,0,0,0,1015.1,255,1.7,150,CLEAR,22.7,9.1,2025-08-12T22:50:00+09:30,PT5M
21,81,0,0,0,0,1015.1,253,1.7,151,CLEAR,22.7,9.1,2025-08-12T22:55:00+09:30,PT5M
21,81,0,0,0,0,1015.2,252,1.7,152,CLEAR,22.6,9.1,2025-08-12T23:00:00+09:30,PT5M
21,81,8.2,0,0,0,1015.2,251,1.7,153,MOSTLY CLEAR,22.6,9.1,2025-08-12T23:05:00+09:30,PT5M
21,80,10.1,0,0,0,1015.2,250,1.8,155,PARTLY CLOUDY,22.5,9.2,2025-08-12T23:10:00+09:30,PT5M
21,80,10.1,0,0,0,1015.3,249,1.8,156,PARTLY CLOUDY,22.5,9.2,2025-08-12T23:15:00+09:30,PT5M
21,80,10.1,0,0,0,1015.3,247,1.8,157,PARTLY CLOUDY,22.4,9.2,2025-08-12T23:20:00+09:30,PT5M
21,80,10.1,0,0,0,1015.3,246,1.8,158,PARTLY CLOUDY,22.4,9.3,2025-08-12T23:25:00+09:30,PT5M
21,80,10.1,0,0,0,1015.4,245,1.9,159,PARTLY CLOUDY,22.3,9.3,2025-08-12T23:30:00+09:30,PT5M
21,79,10.1,0,0,0,1015.4,244,1.9,161,PARTLY CLOUDY,22.3,9.4,2025-08-12T23:35:00+09:30,PT5M
21,79,8.2,0,0,0,1015.4,243,1.9,162,MOSTLY CLEAR,22.2,9.4,2025-08-12T23:40:00+09:30,PT5M
21,78,8.2,0,0,0,1015.4,241,1.9,163,MOSTLY CLEAR,22.2,9.5,2025-08-12T23:45:00+09:30,PT5M
20,78,8.2,0,0,0,1015.4,240,2,164,MOSTLY CLEAR,22.1,9.5,2025-08-12T23:50:00+09:30,PT5M
20,77,8.2,0,0,0,1015.4,239,2,165,MOSTLY CLEAR,22.1,9.5,2025-08-12T23:55:00+09:30,PT5M
20,76,8.2,0,0,0,1015.4,238,2,166,MOSTLY CLEAR,22,9.6,2025-08-13T00:00:00+09:30,PT5M
20,75,8.2,0,0,0,1015.4,237,2,168,MOSTLY CLEAR,22,9.7,2025-08-13T00:05:00+09:30,PT5M
20,74,8.2,0,0,0,1015.4,235,2.1,169,MOSTLY CLEAR,22.1,9.8,2025-08-13T00:10:00+09:30,PT5M
20,72,8.2,0,0,0,1015.4,234,2.1,170,MOSTLY CLEAR,22.1,9.9,2025-08-13T00:15:00+09:30,PT5M
20,70,8.2,0,0,0,1015.4,233,2.1,171,MOSTLY CLEAR,22.2,10,2025-08-13T00:20:00+09:30,PT5M
20,67,8.2,0,0,0,1015.4,232,2.2,172,MOSTLY CLEAR,22.2,10.1,2025-08-13T00:25:00+09:30,PT5M
20,64,8.2,0,0,0,1015.4,231,2.2,173,MOSTLY CLEAR,22.3,10.2,2025-08-13T00:30:00+09:30,PT5M
20,58,0,0,0,0,1015.4,230,2.2,174,CLEAR,22.3,10.4,2025-08-13T00:35:00+09:30,PT5M
20,50,0,0,0,0,1015.3,229,2.2,175,CLEAR,22.4,10.5,2025-08-13T00:40:00+09:30,PT5M
20,39,0,0,0,0,1015.3,227,2.2,176,CLEAR,22.4,10.6,2025-08-13T00:45:00+09:30,PT5M
20,21,0,0,0,0,1015.2,226,2.2,177,CLEAR,22.5,10.7,2025-08-13T00:50:00+09:30,PT5M
20,-3,0,0,0,0,1015.2,225,2.2,177,CLEAR,22.5,10.8,2025-08-13T00:55:00+09:30,PT5M
20,-25,0,0,0,0,1015.1,224,2.3,177,CLEAR,22.6,10.9,2025-08-13T01:00:00+09:30,PT5M
20,-42,0,0,0,0,1015.1,223,2.3,176,CLEAR,22.7,11.1,2025-08-13T01:05:00+09:30,PT5M
20,-52,0,0,0,0,1015,221,2.3,175,CLEAR,22.8,11.3,2025-08-13T01:10:00+09:30,PT5M
20,-60,0,0,0,0,1015,220,2.3,174,CLEAR,23,11.4,2025-08-13T01:15:00+09:30,PT5M
20,-65,0,0,0,0,1014.9,219,2.3,173,CLEAR,23.1,11.6,2025-08-13T01:20:00+09:30,PT5M
20,-68,0,0,0,0,1014.9,218,2.3,172,CLEAR,23.3,11.8,2025-08-13T01:25:00+09:30,PT5M
20,-71,8.2,0,0,0,1014.8,217,2.4,171,MOSTLY CLEAR,23.4,12,2025-08-13T01:30:00+09:30,PT5M
20,-73,8.2,0,0,0,1014.8,216,2.3,170,MOSTLY CLEAR,23.6,12.1,2025-08-13T01:35:00+09:30,PT5M
20,-74,8.2,0,0,0,1014.8,214,2.3,169,MOSTLY CLEAR,23.7,12.3,2025-08-13T01:40:00+09:30,PT5M
20,-75,8.2,0,0,0,1014.7,213,2.3,167,MOSTLY CLEAR,23.9,12.5,2025-08-13T01:45:00+09:30,PT5M
20,-76,8.2,0,0,0,1014.7,211,2.3,166,MOSTLY CLEAR,24,12.7,2025-08-13T01:50:00+09:30,PT5M
19,-77,8.2,0,0,0,1014.7,210,2.2,165,MOSTLY CLEAR,24.2,12.8,2025-08-13T01:55:00+09:30,PT5M
19,-78,8.2,0,0,0,1014.7,208,2.2,164,MOSTLY CLEAR,24.3,13,2025-08-13T02:00:00+09:30,PT5M
19,-79,8.2,0,0,0,1014.7,206,2.2,163,MOSTLY CLEAR,24.5,13.2,2025-08-13T02:05:00+09:30,PT5M
19,-79,8.2,0,0,0,1014.7,205,2.2,161,MOSTLY CLEAR,24.6,13.4,2025-08-13T02:10:00+09:30,PT5M
19,-79,0,0,0,0,1014.6,203,2.1,160,CLEAR,24.8,13.6,2025-08-13T02:15:00+09:30,PT5M
19,-80,0,0,0,0,1014.6,201,2.1,159,CLEAR,24.9,13.7,2025-08-13T02:20:00+09:30,PT5M
19,-80,0,0,0,0,1014.6,199,2.1,158,CLEAR,25,13.9,2025-08-13T02:25:00+09:30,PT5M
19,-80,0,0,0,0,1014.6,198,2.1,157,CLEAR,25.2,14.1,2025-08-13T02:30:00+09:30,PT5M
19,-80,0,0,0,0,1014.6,196,2.1,155,CLEAR,25.3,14.3,2025-08-13T02:35:00+09:30,PT5M
19,-81,0,0,0,0,1014.5,194,2.1,154,CLEAR,25.5,14.5,2025-08-13T02:40:00+09:30,PT5M
19,-81,0,0,0,0,1014.5,192,2.1,153,CLEAR,25.6,14.7,2025-08-13T02:45:00+09:30,PT5M
19,-81,0,0,0,0,1014.5,189,2.1,152,CLEAR,25.7,14.8,2025-08-13T02:50:00+09:30,PT5M
19,-81,0,0,0,0,1014.4,187,2.1,151,CLEAR,25.9,15,2025-08-13T02:55:00+09:30,PT5M
19,-81,0,0,0,0,1014.4,185,2.1,149,CLEAR,26,15.2,2025-08-13T03:00:00+09:30,PT5M
19,-81,0,0,0,0,1014.4,183,2.1,148,CLEAR,26.2,15.3,2025-08-13T03:05:00+09:30,PT5M
19,-81,0,0,0,0,1014.3,181,2.1,147,CLEAR,26.2,15.4,2025-08-13T03:10:00+09:30,PT5M
18,-81,0,0,0,0,1014.3,179,2.1,146,CLEAR,26.4,15.5,2025-08-13T03:15:00+09:30,PT5M
18,-81,0,0,0,0,1014.3,177,2.1,145,CLEAR,26.4,15.6,2025-08-13T03:20:00+09:30,PT5M
18,-81,0,0,0,0,1014.2,175,2.1,143,CLEAR,26.6,15.7,2025-08-13T03:25:00+09:30,PT5M
18,-81,0,0,0,0,1014.2,173,2.1,142,CLEAR,26.6,15.8,2025-08-13T03:30:00+09:30,PT5M
18,-81,0,0,0,0,1014.2,171,2.1,141,CLEAR,26.8,15.8,2025-08-13T03:35:00+09:30,PT5M
18,-81,0,0,0,0,1014.2,169,2.1,140,CLEAR,26.8,15.9,2025-08-13T03:40:00+09:30,PT5M
18,-81,0,0,0,0,1014.2,166,2.2,139,CLEAR,27,16,2025-08-13T03:45:00+09:30,PT5M
18,-81,8.2,0,0,0,1014.2,164,2.2,137,MOSTLY CLEAR,27,16.1,2025-08-13T03:50:00+09:30,PT5M
18,-81,8.2,0,0,0,1014.3,162,2.2,136,MOSTLY CLEAR,27.2,16.2,2025-08-13T03:55:00+09:30,PT5M
18,-81,8.2,0,0,0,1014.3,160,2.2,135,MOSTLY CLEAR,27.2,16.3,2025-08-13T04:00:00+09:30,PT5M
18,-81,8.2,0,0,0,1014.3,158,2.3,134,MOSTLY CLEAR,27.3,16.2,2025-08-13T04:05:00+09:30,PT5M
18,-81,0,0,0,0,1014.3,156,2.3,133,CLEAR,27.4,16.2,2025-08-13T04:10:00+09:30,PT5M
18,-81,0,0,0,0,1014.3,154,2.3,131,CLEAR,27.4,16.1,2025-08-13T04:15:00+09:30,PT5M
18,-80,0,0,0,0,1014.3,153,2.4,130,CLEAR,27.4,16,2025-08-13T04:20:00+09:30,PT5M
18,-80,0,0,0,0,1014.4,151,2.4,129,CLEAR,27.5,15.8,2025-08-13T04:25:00+09:30,PT5M
18,-80,0,0,0,0,1014.4,149,2.4,128,CLEAR,27.5,15.8,2025-08-13T04:30:00+09:30,PT5M
18,-80,0,0,0,0,1014.4,148,2.5,127,CLEAR,27.6,15.6,2025-08-13T04:35:00+09:30,PT5M
18,-80,0,0,0,0,1014.4,146,2.5,125,CLEAR,27.6,15.6,2025-08-13T04:40:00+09:30,PT5M
18,-80,8.2,0,0,0,1014.4,145,2.5,124,MOSTLY CLEAR,27.7,15.4,2025-08-13T04:45:00+09:30,PT5M
18,-80,8.2,0,0,0,1014.4,144,2.6,123,MOSTLY CLEAR,27.7,15.3,2025-08-13T04:50:00+09:30,PT5M
18,-80,8.2,0,0,0,1014.5,143,2.6,122,MOSTLY CLEAR,27.7,15.2,2025-08-13T04:55:00+09:30,PT5M
17,-79,8.2,0,0,0,1014.5,142,2.6,121,MOSTLY CLEAR,27.8,15.2,2025-08-13T05:00:00+09:30,PT5M
17,-79,8.2,0,0,0,1014.5,141,2.6,119,MOSTLY CLEAR,27.8,15,2025-08-13T05:05:00+09:30,PT5M
17,-79,0,0,0,0,1014.5,140,2.7,118,CLEAR,27.9,14.8,2025-08-13T05:10:00+09:30,PT5M
17,-79,8.2,0,0,0,1014.5,138,2.7,117,MOSTLY CLEAR,27.9,14.7,2025-08-13T05:15:00+09:30,PT5M
17,-79,8.2,0,0,0,1014.5,137,2.7,116,MOSTLY CLEAR,27.9,14.5,2025-08-13T05:20:00+09:30,PT5M
17,-79,8.2,0,0,0,1014.6,136,2.8,115,MOSTLY CLEAR,28,14.4,2025-08-13T05:25:00+09:30,PT5M
17,-79,8.2,0,0,0,1014.6,135,2.8,113,MOSTLY CLEAR,28,14.2,2025-08-13T05:30:00+09:30,PT5M
17,-78,8.2,0,0,0,1014.6,135,2.8,112,MOSTLY CLEAR,28.1,14,2025-08-13T05:35:00+09:30,PT5M
17,-78,8.2,0,0,0,1014.7,134,2.9,111,MOSTLY CLEAR,28.1,13.8,2025-08-13T05:40:00+09:30,PT5M
17,-78,8.2,0,0,0,1014.7,134,2.9,110,MOSTLY CLEAR,28.2,13.7,2025-08-13T05:45:00+09:30,PT5M
17,-78,8.2,0,0,0,1014.8,133,2.9,109,MOSTLY CLEAR,28.2,13.5,2025-08-13T05:50:00+09:30,PT5M
17,-78,8.2,0,0,0,1014.9,132,3,107,MOSTLY CLEAR,28.2,13.4,2025-08-13T05:55:00+09:30,PT5M
17,-77,8.2,0,0,0,1014.9,132,3,106,MOSTLY CLEAR,28.3,13.2,2025-08-13T06:00:00+09:30,PT5M
17,-77,8.2,0,0,0,1015,131,3,105,MOSTLY CLEAR,28.3,13,2025-08-13T06:05:00+09:30,PT5M
17,-77,8.2,0,0,0,1015,131,3.1,104,MOSTLY CLEAR,28.2,12.9,2025-08-13T06:10:00+09:30,PT5M
17,-77,8.2,0,0,0,1015.1,130,3.1,103,MOSTLY CLEAR,28.2,12.8,2025-08-13T06:15:00+09:30,PT5M
17,-77,0,0,0,0,1015.1,130,3.1,101,CLEAR,28.2,12.6,2025-08-13T06:20:00+09:30,PT5M
17,-76,8.2,0,0,0,1015.2,129,3.2,100,MOSTLY CLEAR,28.1,12.5,2025-08-13T06:25:00+09:30,PT5M
17,-76,8.2,0,0,0,1015.3,129,3.2,99,MOSTLY CLEAR,28.1,12.4,2025-08-13T06:30:00+09:30,PT5M
17,-76,0,0,0,0,1015.3,128,3.2,98,CLEAR,28,12.2,2025-08-13T06:35:00+09:30,PT5M
17,-76,0,0,0,0,1015.4,127,3.2,97,CLEAR,28,12.1,2025-08-13T06:40:00+09:30,PT5M
17,-76,8.2,0,0,0,1015.4,126,3.2,95,MOSTLY CLEAR,27.9,12,2025-08-13T06:45:00+09:30,PT5M
17,-75,10.1,0,0,0,1015.5,125,3.2,94,PARTLY CLOUDY,27.9,11.8,2025-08-13T06:50:00+09:30,PT5M
17,-75,0,0,0,0,1015.6,125,3.3,93,CLEAR,27.9,11.7,2025-08-13T06:55:00+09:30,PT5M
17,-75,0,0,0,0,1015.6,124,3.3,92,CLEAR,27.8,11.6,2025-08-13T07:00:00+09:30,PT5M
17,-75,0,0,0,0,1015.7,123,3.3,91,CLEAR,27.7,11.4,2025-08-13T07:05:00+09:30,PT5M
17,-74,0,2,2,0,1015.7,122,3.3,90,CLEAR,27.6,11.3,2025-08-13T07:10:00+09:30,PT5M
17,-74,0,11,12,0,1015.8,121,3.3,88,SUNNY,27.5,11.2,2025-08-13T07:15:00+09:30,PT5M
17,-74,0,22,25,0,1015.8,120,3.3,87,SUNNY,27.4,11.1,2025-08-13T07:20:00+09:30,PT5M
17,-73,0,34,42,0,1015.9,119,3.4,86,SUNNY,27.2,11,2025-08-13T07:25:00+09:30,PT5M
17,-73,0,48,65,0,1016,118,3.4,85,SUNNY,27.1,10.9,2025-08-13T07:30:00+09:30,PT5M
18,-73,0,63,83,0,1016,118,3.4,84,SUNNY,27,10.7,2025-08-13T07:35:00+09:30,PT5M
18,-73,0,79,103,0,1016,118,3.4,83,SUNNY,26.9,10.6,2025-08-13T07:40:00+09:30,PT5M
19,-72,0,96,122,0,1016.1,117,3.3,81,SUNNY,26.7,10.5,2025-08-13T07:45:00+09:30,PT5M
19,-72,0,114,142,0,1016.1,117,3.3,80,SUNNY,26.6,10.4,2025-08-13T07:50:00+09:30,PT5M
19,-72,0,132,163,0,1016.1,116,3.3,79,SUNNY,26.5,10.3,2025-08-13T07:55:00+09:30,PT5M
20,-71,0,150,183,0,1016.2,116,3.2,78,SUNNY,26.4,10.2,2025-08-13T08:00:00+09:30,PT5M
20,-71,0,168,204,0,1016.2,116,3.2,77,SUNNY,26.2,10,2025-08-13T08:05:00+09:30,PT5M
21,-70,0,187,224,0,1016.2,115,3.2,76,SUNNY,26.1,9.9,2025-08-13T08:10:00+09:30,PT5M
21,-70,0,206,245,0,1016.3,115,3.1,74,SUNNY,26,9.7,2025-08-13T08:15:00+09:30,PT5M
22,-70,0,224,265,0,1016.3,114,3.1,73,SUNNY,25.9,9.5,2025-08-13T08:20:00+09:30,PT5M
22,-69,0,243,286,0,1016.3,114,3.1,72,SUNNY,25.7,9.4,2025-08-13T08:25:00+09:30,PT5M
23,-69,0,262,306,0,1016.4,113,3.1,71,SUNNY,25.6,9.2,2025-08-13T08:30:00+09:30,PT5M
23,-68,0,281,326,0,1016.4,113,3,70,SUNNY,25.5,9.1,2025-08-13T08:35:00+09:30,PT5M
23,-68,0,300,346,0,1016.5,112,3,69,SUNNY,25.4,8.9,2025-08-13T08:40:00+09:30,PT5M
23,-68,0,318,366,0,1016.5,110,3,68,SUNNY,25.2,8.8,2025-08-13T08:45:00+09:30,PT5M
24,-67,0,337,386,0,1016.5,109,2.9,67,SUNNY,25.1,8.6,2025-08-13T08:50:00+09:30,PT5M
24,-67,0,356,406,0,1016.6,108,2.9,65,SUNNY,25,8.4,2025-08-13T08:55:00+09:30,PT5M
24,-66,0,374,425,0,1016.6,107,2.9,64,SUNNY,24.9,8.3,2025-08-13T09:00:00+09:30,PT5M
24,-66,0,392,445,0,1016.7,106,2.9,63,SUNNY,24.8,8.2,2025-08-13T09:05:00+09:30,PT5M
24,-65,0,410,464,0,1016.7,104,2.8,62,SUNNY,24.7,8.1,2025-08-13T09:10:00+09:30,PT5M
25,-65,0,428,483,0,1016.7,103,2.8,61,SUNNY,24.7,8,2025-08-13T09:15:00+09:30,PT5M
25,-64,0,446,501,0,1016.8,102,2.8,60,SUNNY,24.7,7.9,2025-08-13T09:20:00+09:30,PT5M
25,-63,0,463,519,0,1016.8,100,2.8,59,SUNNY,24.6,7.8,2025-08-13T09:25:00+09:30,PT5M
25,-63,0,481,538,0,1016.9,99,2.7,58,SUNNY,24.6,7.7,2025-08-13T09:30:00+09:30,PT5M
25,-62,0,498,556,0,1016.9,98,2.7,57,SUNNY,24.5,7.7,2025-08-13T09:35:00+09:30,PT5M
26,-61,0,515,574,0,1016.9,97,2.7,55,SUNNY,24.5,7.6,2025-08-13T09:40:00+09:30,PT5M
26,-61,0,531,591,0,1016.9,96,2.7,54,SUNNY,24.4,7.5,2025-08-13T09:45:00+09:30,PT5M
26,-60,0,548,608,0,1016.9,95,2.7,53,SUNNY,24.4,7.4,2025-08-13T09:50:00+09:30,PT5M
26,-59,0,563,624,0,1016.9,95,2.7,52,SUNNY,24.4,7.3,2025-08-13T09:55:00+09:30,PT5M
26,-59,0,579,640,0,1016.9,94,2.7,51,SUNNY,24.3,7.2,2025-08-13T10:00:00+09:30,PT5M
27,-58,0,594,656,0,1016.9,93,2.7,50,SUNNY,24.3,7.2,2025-08-13T10:05:00+09:30,PT5M
27,-57,0,609,672,0,1017,92,2.7,49,SUNNY,24.4,7.2,2025-08-13T10:10:00+09:30,PT5M
27,-56,0,623,687,0,1017,91,2.7,48,SUNNY,24.4,7.2,2025-08-13T10:15:00+09:30,PT5M
27,-55,0,638,702,0,1017,90,2.7,47,SUNNY,24.5,7.2,2025-08-13T10:20:00+09:30,PT5M
28,-54,0,651,716,0,1017,89,2.7,46,SUNNY,24.5,7.2,2025-08-13T10:25:00+09:30,PT5M
28,-53,0,665,730,0,1017,88,2.7,45,SUNNY,24.6,7.2,2025-08-13T10:30:00+09:30,PT5M
28,-52,0,678,743,0,1016.9,88,2.7,44,SUNNY,24.6,7.3,2025-08-13T10:35:00+09:30,PT5M
28,-51,0,691,757,0,1016.8,88,2.7,43,SUNNY,24.7,7.3,2025-08-13T10:40:00+09:30,PT5M
28,-50,0,703,769,0,1016.7,89,2.8,42,SUNNY,24.7,7.3,2025-08-13T10:45:00+09:30,PT5M
29,-49,0,715,782,0,1016.6,89,2.8,41,SUNNY,24.8,7.3,2025-08-13T10:50:00+09:30,PT5M
29,-48,0,726,793,0,1016.5,89,2.8,40,SUNNY,24.8,7.3,2025-08-13T10:55:00+09:30,PT5M
29,-46,0,737,805,0,1016.4,90,2.8,40,SUNNY,24.9,7.3,2025-08-13T11:00:00+09:30,PT5M
29,-45,0,748,816,0,1016.3,90,2.9,39,SUNNY,24.9,7.3,2025-08-13T11:05:00+09:30,PT5M
29,-44,0,758,826,0,1016.2,90,2.9,38,SUNNY,25,7.3,2025-08-13T11:10:00+09:30,PT5M
30,-42,0,768,836,0,1016.1,91,2.9,37,SUNNY,25,7.3,2025-08-13T11:15:00+09:30,PT5M
30,-41,0,777,846,0,1016,91,2.9,36,SUNNY,25.1,7.4,2025-08-13T11:20:00+09:30,PT5M
30,-39,0,786,855,0,1015.9,91,3,35,SUNNY,25.1,7.4,2025-08-13T11:25:00+09:30,PT5M
30,-38,0,794,864,0,1015.8,92,3,35,SUNNY,25.2,7.4,2025-08-13T11:30:00+09:30,PT5M
30,-36,0,802,872,0,1015.8,92,3,34,SUNNY,25.2,7.4,2025-08-13T11:35:00+09:30,PT5M
30,-34,0,809,880,0,1015.7,93,3.1,33,SUNNY,25.3,7.4,2025-08-13T11:40:00+09:30,PT5M
31,-32,0,816,887,0,1015.7,94,3.1,33,SUNNY,25.3,7.4,2025-08-13T11:45:00+09:30,PT5M
31,-30,0,823,894,0,1015.6,95,3.1,32,SUNNY,25.4,7.5,2025-08-13T11:50:00+09:30,PT5M
31,-28,0,829,900,0,1015.6,95,3.2,31,SUNNY,25.4,7.5,2025-08-13T11:55:00+09:30,PT5M
31,-26,0,835,906,0,1015.6,96,3.2,31,SUNNY,25.5,7.5,2025-08-13T12:00:00+09:30,PT5M
31,-24,0,840,911,0,1015.5,97,3.2,30,SUNNY,25.6,7.5,2025-08-13T12:05:00+09:30,PT5M
31,-22,0,844,916,0,1015.5,97,3.3,30,SUNNY,25.8,7.5,2025-08-13T12:10:00+09:30,PT5M
31,-20,0,848,920,0,1015.4,98,3.3,29,SUNNY,26.1,7.5,2025-08-13T12:15:00+09:30,PT5M
31,-17,0,852,924,0,1015.4,99,3.4,29,SUNNY,26.3,7.5,2025-08-13T12:20:00+09:30,PT5M
31,-15,0,855,927,0,1015.4,99,3.4,29,SUNNY,26.5,7.5,2025-08-13T12:25:00+09:30,PT5M
31,-12,0,858,930,0,1015.3,100,3.4,28,SUNNY,26.7,7.5,2025-08-13T12:30:00+09:30,PT5M
31,-10,0.8,853,924,0,1015.2,100,3.5,28,MOSTLY SUNNY,27,7.5,2025-08-13T12:35:00+09:30,PT5M
31,-7,1,853,924,0,1015.2,100,3.5,28,MOSTLY SUNNY,27.2,7.5,2025-08-13T12:40:00+09:30,PT5M
32,-5,0,863,935,0,1015.1,100,3.5,28,SUNNY,27.4,7.5,2025-08-13T12:45:00+09:30,PT5M
32,-2,0,863,936,0,1015,100,3.5,28,SUNNY,27.6,7.5,2025-08-13T12:50:00+09:30,PT5M
32,0,0,864,936,0,1014.9,101,3.5,28,SUNNY,27.9,7.5,2025-08-13T12:55:00+09:30,PT5M
32,3,0,863,936,0,1014.8,101,3.5,28,SUNNY,28.1,7.5,2025-08-13T13:00:00+09:30,PT5M
32,6,0,863,935,0,1014.7,101,3.5,28,SUNNY,28.4,7.5,2025-08-13T13:05:00+09:30,PT5M
32,8,0,861,933,0,1014.6,101,3.5,28,SUNNY,28.8,7.5,2025-08-13T13:10:00+09:30,PT5M
32,11,0,859,932,0,1014.5,101,3.5,28,SUNNY,29.2,7.5,2025-08-13T13:15:00+09:30,PT5M
32,13,0,857,929,0,1014.4,101,3.5,28,SUNNY,29.6,7.5,2025-08-13T13:20:00+09:30,PT5M
32,16,0,854,926,0,1014.3,101,3.6,29,SUNNY,30,7.5,2025-08-13T13:25:00+09:30,PT5M
32,18,0,851,923,0,1014.2,101,3.6,29,SUNNY,30.4,7.5,2025-08-13T13:30:00+09:30,PT5M
32,20,0,847,919,0,1014.2,101,3.5,29,SUNNY,30.8,7.5,2025-08-13T13:35:00+09:30,PT5M
32,23,0,843,915,0,1014.1,101,3.5,30,SUNNY,31.2,7.5,2025-08-13T13:40:00+09:30,PT5M
32,25,0,838,910,0,1014.1,100,3.5,30,SUNNY,31.6,7.5,2025-08-13T13:45:00+09:30,PT5M
32,27,0,833,904,0,1014,100,3.4,31,SUNNY,32,7.5,2025-08-13T13:50:00+09:30,PT5M
32,29,0,828,899,0,1014,99,3.4,31,SUNNY,32.4,7.5,2025-08-13T13:55:00+09:30,PT5M
32,31,0,821,892,0,1013.9,99,3.4,32,SUNNY,32.8,7.5,2025-08-13T14:00:00+09:30,PT5M
33,33,0,815,885,0,1013.9,98,3.3,33,SUNNY,33.2,7.5,2025-08-13T14:05:00+09:30,PT5M
33,35,0,807,878,0,1013.8,98,3.3,33,SUNNY,33.6,7.5,2025-08-13T14:10:00+09:30,PT5M
33,36,0,800,870,0,1013.8,97,3.2,34,SUNNY,34,7.5,2025-08-13T14:15:00+09:30,PT5M
33,38,0,792,861,0,1013.7,97,3.2,35,SUNNY,34.4,7.5,2025-08-13T14:20:00+09:30,PT5M
33,40,0,783,852,0,1013.7,96,3.2,36,SUNNY,34.8,7.5,2025-08-13T14:25:00+09:30,PT5M
33,41,0,774,843,0,1013.6,96,3.1,36,SUNNY,35.2,7.5,2025-08-13T14:30:00+09:30,PT5M
33,43,0,764,833,0,1013.6,95,3.1,37,SUNNY,35.6,7.6,2025-08-13T14:35:00+09:30,PT5M
33,44,0,754,822,0,1013.5,94,3.1,38,SUNNY,36,7.6,2025-08-13T14:40:00+09:30,PT5M
33,46,0,744,811,0,1013.4,94,3,39,SUNNY,36.4,7.6,2025-08-13T14:45:00+09:30,PT5M
33,47,0,733,800,0,1013.3,93,3,40,SUNNY,36.8,7.6,2025-08-13T14:50:00+09:30,PT5M
33,48,0,722,788,0,1013.3,92,3,41,SUNNY,37.2,7.6,2025-08-13T14:55:00+09:30,PT5M
33,49,0,710,776,0,1013.2,91,2.9,42,SUNNY,37.6,7.6,2025-08-13T15:00:00+09:30,PT5M
33,50,0,697,763,0,1013.1,91,2.9,43,SUNNY,37.8,7.8,2025-08-13T15:05:00+09:30,PT5M
33,52,0,684,749,0,1013.1,90,2.9,43,SUNNY,37.9,8.3,2025-08-13T15:10:00+09:30,PT5M
33,53,0,671,735,0,1013,89,2.8,44,SUNNY,38,8.8,2025-08-13T15:15:00+09:30,PT5M
33,54,0,657,720,0,1012.9,88,2.8,45,SUNNY,38.1,9.2,2025-08-13T15:20:00+09:30,PT5M
33,55,0,642,705,0,1012.9,87,2.8,46,SUNNY,38.2,9.7,2025-08-13T15:25:00+09:30,PT5M
33,55,0,628,690,0,1012.8,86,2.7,47,SUNNY,38.3,10.2,2025-08-13T15:30:00+09:30,PT5M
33,56,0,613,674,0,1012.8,85,2.7,48,SUNNY,38.3,10.6,2025-08-13T15:35:00+09:30,PT5M
33,57,0,597,657,0,1012.7,84,2.7,49,SUNNY,38.4,11.1,2025-08-13T15:40:00+09:30,PT5M
33,58,0,581,640,0,1012.7,83,2.6,50,SUNNY,38.5,11.6,2025-08-13T15:45:00+09:30,PT5M
33,59,0,565,623,0,1012.7,82,2.6,51,SUNNY,38.6,12,2025-08-13T15:50:00+09:30,PT5M
33,60,0,548,606,0,1012.7,81,2.6,53,SUNNY,38.7,12.5,2025-08-13T15:55:00+09:30,PT5M
33,60,0,532,588,0,1012.6,80,2.6,54,SUNNY,38.8,13,2025-08-13T16:00:00+09:30,PT5M
33,61,0,515,570,0,1012.6,79,2.5,55,SUNNY,38.7,13.2,2025-08-13T16:05:00+09:30,PT5M
33,62,0,498,553,0,1012.6,78,2.5,56,SUNNY,38.4,13.1,2025-08-13T16:10:00+09:30,PT5M
33,62,0,481,535,0,1012.6,77,2.5,57,SUNNY,38.2,13.1,2025-08-13T16:15:00+09:30,PT5M
33,63,0,464,517,0,1012.5,76,2.5,58,SUNNY,38,13,2025-08-13T16:20:00+09:30,PT5M
32,64,0,447,499,0,1012.5,75,2.4,59,SUNNY,37.7,13,2025-08-13T16:25:00+09:30,PT5M
32,64,0,429,480,0,1012.5,74,2.4,60,SUNNY,37.5,12.9,2025-08-13T16:30:00+09:30,PT5M
32,65,0,412,462,0,1012.5,73,2.4,61,SUNNY,37.2,12.9,2025-08-13T16:35:00+09:30,PT5M
32,65,0,394,442,0,1012.5,72,2.4,62,SUNNY,37,12.8,2025-08-13T16:40:00+09:30,PT5M
32,66,0,375,423,0,1012.5,71,2.3,63,SUNNY,36.7,12.8,2025-08-13T16:45:00+09:30,PT5M
32,66,0,357,404,0,1012.5,71,2.3,65,SUNNY,36.5,12.7,2025-08-13T16:50:00+09:30,PT5M
32,67,0,339,384,0,1012.6,70,2.3,66,SUNNY,36.3,12.7,2025-08-13T16:55:00+09:30,PT5M
32,67,0,320,364,0,1012.6,69,2.2,67,SUNNY,36,12.6,2025-08-13T17:00:00+09:30,PT5M
32,68,0,302,344,0,1012.6,68,2.2,68,SUNNY,35.8,12.6,2025-08-13T17:05:00+09:30,PT5M
31,68,0,283,324,0,1012.6,67,2.2,69,SUNNY,35.5,12.6,2025-08-13T17:10:00+09:30,PT5M
31,69,0,264,304,0,1012.6,67,2.1,70,SUNNY,35.3,12.5,2025-08-13T17:15:00+09:30,PT5M
31,69,0,245,284,0,1012.6,66,2.1,71,SUNNY,35.1,12.5,2025-08-13T17:20:00+09:30,PT5M
31,70,0,227,263,0,1012.7,65,2.1,72,SUNNY,34.8,12.4,2025-08-13T17:25:00+09:30,PT5M
31,70,0,208,243,0,1012.7,64,2,74,SUNNY,34.6,12.4,2025-08-13T17:30:00+09:30,PT5M
31,70,0,190,223,0,1012.7,62,2,75,SUNNY,34.3,12.4,2025-08-13T17:35:00+09:30,PT5M
31,71,0,171,203,0,1012.7,59,1.9,76,SUNNY,34.1,12.4,2025-08-13T17:40:00+09:30,PT5M
31,71,0,153,182,0,1012.8,55,1.8,77,SUNNY,33.8,12.3,2025-08-13T17:45:00+09:30,PT5M
31,71,0,135,162,0,1012.8,52,1.7,78,SUNNY,33.6,12.3,2025-08-13T17:50:00+09:30,PT5M
31,72,0,118,143,0,1012.9,48,1.7,79,SUNNY,33.4,12.2,2025-08-13T17:55:00+09:30,PT5M
30,72,0,101,123,0,1012.9,43,1.6,80,SUNNY,33.1,12.2,2025-08-13T18:00:00+09:30,PT5M
30,72,0,85,104,0,1013,39,1.6,82,SUNNY,33,12.2,2025-08-13T18:05:00+09:30,PT5M
30,73,0,69,86,0,1013,34,1.5,83,SUNNY,33,12.2,2025-08-13T18:10:00+09:30,PT5M
30,73,0,55,69,0,1013,29,1.5,84,SUNNY,32.9,12.2,2025-08-13T18:15:00+09:30,PT5M
30,73,0,41,51,0,1013.1,24,1.5,85,SUNNY,32.9,12.2,2025-08-13T18:20:00+09:30,PT5M
30,74,8.2,26,28,0,1013.1,19,1.5,86,MOSTLY SUNNY,32.9,12.2,2025-08-13T18:25:00+09:30,PT5M
30,74,10.1,16,16,0,1013.2,14,1.5,88,PARTLY CLOUDY,32.8,12.2,2025-08-13T18:30:00+09:30,PT5M
30,74,8.2,7,7,0,1013.2,9,1.5,89,MOSTLY SUNNY,32.8,12.1,2025-08-13T18:35:00+09:30,PT5M
30,74,0,1,1,0,1013.3,5,1.5,90,CLEAR,32.8,12.1,2025-08-13T18:40:00+09:30,PT5M
29,75,8.2,0,0,0,1013.4,0,1.5,91,MOSTLY CLEAR,32.7,12.1,2025-08-13T18:45:00+09:30,PT5M
29,75,14,0,0,0,1013.4,356,1.4,92,PARTLY CLOUDY,32.7,12.1,2025-08-13T18:50:00+09:30,PT5M
29,75,15.9,0,0,0,1013.5,351,1.4,93,PARTLY CLOUDY,32.7,12.1,2025-08-13T18:55:00+09:30,PT5M
29,76,14,0,0,0,1013.6,346,1.4,95,PARTLY CLOUDY,32.6,12.1,2025-08-13T19:00:00+09:30,PT5M
29,76,15.9,0,0,0,1013.7,342,1.5,96,PARTLY CLOUDY,32.7,12.1,2025-08-13T19:05:00+09:30,PT5M
29,76,15.9,0,0,0,1013.7,337,1.5,97,PARTLY CLOUDY,32.8,12.1,2025-08-13T19:10:00+09:30,PT5M
28,76,14,0,0,0,1013.8,333,1.5,98,PARTLY CLOUDY,33,12.1,2025-08-13T19:15:00+09:30,PT5M
28,76,15.9,0,0,0,1013.9,329,1.6,99,PARTLY CLOUDY,33.2,12.1,2025-08-13T19:20:00+09:30,PT5M
28,77,15.9,0,0,0,1014,325,1.6,100,PARTLY CLOUDY,33.3,12.1,2025-08-13T19:25:00+09:30,PT5M
28,77,15.9,0,0,0,1014,321,1.7,102,PARTLY CLOUDY,33.5,12.1,2025-08-13T19:30:00+09:30,PT5M
28,77,15.9,0,0,0,1014.1,320,1.7,103,PARTLY CLOUDY,33.6,12.2,2025-08-13T19:35:00+09:30,PT5M
27,77,15.9,0,0,0,1014.2,320,1.7,104,PARTLY CLOUDY,33.8,12.2,2025-08-13T19:40:00+09:30,PT5M
27,78,15.9,0,0,0,1014.3,320,1.6,105,PARTLY CLOUDY,33.9,12.2,2025-08-13T19:45:00+09:30,PT5M
27,78,15.9,0,0,0,1014.3,320,1.6,106,PARTLY CLOUDY,34.1,12.2,2025-08-13T19:50:00+09:30,PT5M
27,78,15.9,0,0,0,1014.4,320,1.6,108,PARTLY CLOUDY,34.3,12.2,2025-08-13T19:55:00+09:30,PT5M
27,78,14,0,0,0,1014.5,320,1.6,109,PARTLY CLOUDY,34.4,12.2,2025-08-13T20:00:00+09:30,PT5M
26,78,14,0,0,0,1014.5,320,1.6,110,PARTLY CLOUDY,34.6,12.2,2025-08-13T20:05:00+09:30,PT5M
26,78,14,0,0,0,1014.6,320,1.5,111,PARTLY CLOUDY,34.7,12.2,2025-08-13T20:10:00+09:30,PT5M
26,79,14,0,0,0,1014.7,320,1.5,112,PARTLY CLOUDY,34.9,12.2,2025-08-13T20:15:00+09:30,PT5M
26,79,14,0,0,0,1014.7,320,1.5,114,PARTLY CLOUDY,35.1,12.2,2025-08-13T20:20:00+09:30,PT5M
25,79,10.1,0,0,0,1014.8,321,1.5,115,PARTLY CLOUDY,35.2,12.2,2025-08-13T20:25:00+09:30,PT5M
25,79,8.2,0,0,0,1014.9,321,1.4,116,MOSTLY CLEAR,35.4,12.2,2025-08-13T20:30:00+09:30,PT5M
25,79,10.1,0,0,0,1014.9,321,1.4,117,PARTLY CLOUDY,35.5,12.3,2025-08-13T20:35:00+09:30,PT5M
25,79,12.1,0,0,0,1015,323,1.4,118,PARTLY CLOUDY,35.7,12.3,2025-08-13T20:40:00+09:30,PT5M
25,80,12.1,0,0,0,1015,325,1.4,120,PARTLY CLOUDY,35.8,12.3,2025-08-13T20:45:00+09:30,PT5M
25,80,10.1,0,0,0,1015,326,1.4,121,PARTLY CLOUDY,36,12.3,2025-08-13T20:50:00+09:30,PT5M
25,80,8.2,0,0,0,1015.1,328,1.3,122,MOSTLY CLEAR,36.2,12.3,2025-08-13T20:55:00+09:30,PT5M
25,80,8.2,0,0,0,1015.1,330,1.3,123,MOSTLY CLEAR,36.3,12.3,2025-08-13T21:00:00+09:30,PT5M
25,80,10.1,0,0,0,1015.2,331,1.3,124,PARTLY CLOUDY,36.5,12.3,2025-08-13T21:05:00+09:30,PT5M
25,80,15.9,0,0,0,1015.2,333,1.3,126,PARTLY CLOUDY,36.6,12.3,2025-08-13T21:10:00+09:30,PT5M
25,80,15.9,0,0,0,1015.2,335,1.3,127,PARTLY CLOUDY,36.7,12.3,2025-08-13T21:15:00+09:30,PT5M
25,80,15.9,0,0,0,1015.3,337,1.3,128,PARTLY CLOUDY,36.9,12.3,2025-08-13T21:20:00+09:30,PT5M
25,81,15.9,0,0,0,1015.3,339,1.3,129,PARTLY CLOUDY,37,12.3,2025-08-13T21:25:00+09:30,PT5M
25,81,12.1,0,0,0,1015.4,341,1.3,130,PARTLY CLOUDY,37.1,12.3,2025-08-13T21:30:00+09:30,PT5M
25,81,10.1,0,0,0,1015.4,342,1.3,132,PARTLY CLOUDY,37.3,12.4,2025-08-13T21:35:00+09:30,PT5M
24,81,8.2,0,0,0,1015.5,342,1.3,133,MOSTLY CLEAR,37.4,12.4,2025-08-13T21:40:00+09:30,PT5M
24,81,10.1,0,0,0,1015.5,342,1.3,134,PARTLY CLOUDY,37.5,12.4,2025-08-13T21:45:00+09:30,PT5M
24,81,12.1,0,0,0,1015.5,342,1.3,135,PARTLY CLOUDY,37.7,12.4,2025-08-13T21:50:00+09:30,PT5M
24,81,15.9,0,0,0,1015.6,342,1.3,136,PARTLY CLOUDY,37.8,12.4,2025-08-13T21:55:00+09:30,PT5M
24,81,19.6,0,0,0,1015.6,342,1.3,138,PARTLY CLOUDY,37.9,12.4,2025-08-13T22:00:00+09:30,PT5M
24,81,14,0,0,0,1015.7,342,1.3,139,PARTLY CLOUDY,38.1,12.4,2025-08-13T22:05:00+09:30,PT5M
24,81,10.1,0,0,0,1015.7,342,1.3,140,PARTLY CLOUDY,38.2,12.4,2025-08-13T22:10:00+09:30,PT5M
24,81,14,0,0,0,1015.7,343,1.3,141,PARTLY CLOUDY,38.3,12.5,2025-08-13T22:15:00+09:30,PT5M
24,81,15.9,0,0,0,1015.8,343,1.3,142,PARTLY CLOUDY,38.4,12.5,2025-08-13T22:20:00+09:30,PT5M
24,81,15.9,0,0,0,1015.8,343,1.3,144,PARTLY CLOUDY,38.5,12.5,2025-08-13T22:25:00+09:30,PT5M
24,81,15.9,0,0,0,1015.9,343,1.4,145,PARTLY CLOUDY,38.6,12.5,2025-08-13T22:30:00+09:30,PT5M
24,81,15.9,0,0,0,1015.9,343,1.3,146,PARTLY CLOUDY,38.8,12.6,2025-08-13T22:35:00+09:30,PT5M
24,81,12.1,0,0,0,1015.9,344,1.3,147,PARTLY CLOUDY,38.9,12.6,2025-08-13T22:40:00+09:30,PT5M
24,81,14,0,0,0,1016,344,1.3,149,PARTLY CLOUDY,39,12.6,2025-08-13T22:45:00+09:30,PT5M
24,81,14,0,0,0,1016,345,1.3,150,PARTLY CLOUDY,39.1,12.6,2025-08-13T22:50:00+09:30,PT5M
24,81,14,0,0,0,1016,345,1.3,151,PARTLY CLOUDY,39.2,12.7,2025-08-13T22:55:00+09:30,PT5M
24,81,15.9,0,0,0,1016.1,346,1.2,152,PARTLY CLOUDY,39.3,12.7,2025-08-13T23:00:00+09:30,PT5M
24,81,14,0,0,0,1016.1,346,1.2,153,PARTLY CLOUDY,39.5,12.7,2025-08-13T23:05:00+09:30,PT5M
24,81,14,0,0,0,1016.1,347,1.2,155,PARTLY CLOUDY,39.6,12.7,2025-08-13T23:10:00+09:30,PT5M
24,81,12.1,0,0,0,1016.2,347,1.2,156,PARTLY CLOUDY,39.7,12.7,2025-08-13T23:15:00+09:30,PT5M
24,81,12.1,0,0,0,1016.2,348,1.2,157,PARTLY CLOUDY,39.8,12.7,2025-08-13T23:20:00+09:30,PT5M
24,81,12.1,0,0,0,1016.2,349,1.1,158,PARTLY CLOUDY,39.9,12.7,2025-08-13T23:25:00+09:30,PT5M
24,80,14,0,0,0,1016.3,349,1.1,159,PARTLY CLOUDY,40,12.7,2025-08-13T23:30:00+09:30,PT5M
24,80,15.9,0,0,0,1016.3,352,1.1,161,PARTLY CLOUDY,40.2,12.8,2025-08-13T23:35:00+09:30,PT5M
24,80,15.9,0,0,0,1016.3,358,1,162,PARTLY CLOUDY,40.3,12.8,2025-08-13T23:40:00+09:30,PT5M
24,79,17.8,0,0,0,1016.3,4,1,163,PARTLY CLOUDY,40.4,12.8,2025-08-13T23:45:00+09:30,PT5M
24,79,17.8,0,0,0,1016.3,11,0.9,164,PARTLY CLOUDY,40.5,12.8,2025-08-13T23:50:00+09:30,PT5M
23,78,17.8,0,0,0,1016.3,18,0.9,165,PARTLY CLOUDY,40.6,12.8,2025-08-13T23:55:00+09:30,PT5M
23,77,21.4,0,0,0,1016.2,26,0.9,167,PARTLY CLOUDY,40.7,12.8,2025-08-14T00:00:00+09:30,PT5M
23,76,25,0,0,0,1016.2,33,0.9,168,PARTLY CLOUDY,40.8,12.8,2025-08-14T00:05:00+09:30,PT5M
23,75,35.3,0,0,0,1016.2,40,0.9,169,MOSTLY CLOUDY,40.9,12.8,2025-08-14T00:10:00+09:30,PT5M
23,74,32,0,0,0,1016.2,47,1,170,PARTLY CLOUDY,40.9,12.8,2025-08-14T00:15:00+09:30,PT5M
23,72,26.8,0,0,0,1016.2,53,1,171,PARTLY CLOUDY,41,12.9,2025-08-14T00:20:00+09:30,PT5M
23,69,26.8,0,0,0,1016.2,58,1.1,172,PARTLY CLOUDY,41.1,12.9,2025-08-14T00:25:00+09:30,PT5M
23,66,25,0,0,0,1016.2,63,1.2,174,PARTLY CLOUDY,41.1,12.9,2025-08-14T00:30:00+09:30,PT5M
23,61,23.2,0,0,0,1016.2,67,1.2,175,PARTLY CLOUDY,41.2,12.9,2025-08-14T00:35:00+09:30,PT5M
23,53,19.6,0,0,0,1016.2,69,1.2,176,PARTLY CLOUDY,41.2,12.9,2025-08-14T00:40:00+09:30,PT5M
23,41,17.8,0,0,0,1016.2,72,1.2,177,PARTLY CLOUDY,41.3,12.9,2025-08-14T00:45:00+09:30,PT5M
23,22,19.6,0,0,0,1016.2,74,1.2,177,PARTLY CLOUDY,41.4,13,2025-08-14T00:50:00+09:30,PT5M
23,-4,17.8,0,0,0,1016.2,77,1.2,177,PARTLY CLOUDY,41.4,13,2025-08-14T00:55:00+09:30,PT5M
23,-28,21.4,0,0,0,1016.1,79,1.2,177,PARTLY CLOUDY,41.5,13,2025-08-14T01:00:00+09:30,PT5M
23,-45,21.4,0,0,0,1016.1,82,1.2,176,PARTLY CLOUDY,41.5,13,2025-08-14T01:05:00+09:30,PT5M
23,-56,21.4,0,0,0,1016.1,84,1.2,175,PARTLY CLOUDY,41.5,13,2025-08-14T01:10:00+09:30,PT5M
23,-62,21.4,0,0,0,1016.1,87,1.2,174,PARTLY CLOUDY,41.5,13,2025-08-14T01:15:00+09:30,PT5M
23,-67,21.4,0,0,0,1016.1,89,1.3,173,PARTLY CLOUDY,41.5,13,2025-08-14T01:20:00+09:30,PT5M
23,-70,19.6,0,0,0,1016.1,91,1.3,172,PARTLY CLOUDY,41.5,13,2025-08-14T01:25:00+09:30,PT5M
23,-73,21.4,0,0,0,1016.1,93,1.3,171,PARTLY CLOUDY,41.5,13,2025-08-14T01:30:00+09:30,PT5M
23,-74,19.6,0,0,0,1016.1,95,1.3,170,PARTLY CLOUDY,41.4,13.1,2025-08-14T01:35:00+09:30,PT5M
23,-76,14,0,0,0,1016,96,1.3,169,PARTLY CLOUDY,41.4,13.1,2025-08-14T01:40:00+09:30,PT5M
23,-77,15.9,0,0,0,1015.9,97,1.3,167,PARTLY CLOUDY,41.4,13.1,2025-08-14T01:45:00+09:30,PT5M
22,-78,23.2,0,0,0,1015.9,98,1.3,166,PARTLY CLOUDY,41.4,13.1,2025-08-14T01:50:00+09:30,PT5M
22,-78,28.5,0,0,0,1015.8,100,1.3,165,PARTLY CLOUDY,41.4,13.1,2025-08-14T01:55:00+09:30,PT5M
22,-79,33.6,0,0,0,1015.8,101,1.3,164,PARTLY CLOUDY,41.4,13.1,2025-08-14T02:00:00+09:30,PT5M
22,-80,28.5,0,0,0,1015.7,102,1.3,163,PARTLY CLOUDY,41.4,13.1,2025-08-14T02:05:00+09:30,PT5M
22,-80,25,0,0,0,1015.7,103,1.3,161,PARTLY CLOUDY,41.4,13.1,2025-08-14T02:10:00+09:30,PT5M
22,-80,23.2,0,0,0,1015.6,104,1.3,160,PARTLY CLOUDY,41.4,13,2025-08-14T02:15:00+09:30,PT5M
22,-81,25,0,0,0,1015.5,105,1.3,159,PARTLY CLOUDY,41.4,13,2025-08-14T02:20:00+09:30,PT5M
22,-81,26.8,0,0,0,1015.5,107,1.3,158,PARTLY CLOUDY,41.4,13,2025-08-14T02:25:00+09:30,PT5M
22,-81,23.2,0,0,0,1015.4,108,1.3,157,PARTLY CLOUDY,41.4,13,2025-08-14T02:30:00+09:30,PT5M
22,-81,23.2,0,0,0,1015.4,109,1.3,155,PARTLY CLOUDY,41.3,12.9,2025-08-14T02:35:00+09:30,PT5M
22,-81,28.5,0,0,0,1015.4,110,1.3,154,PARTLY CLOUDY,41.3,12.9,2025-08-14T02:40:00+09:30,PT5M
22,-81,35.3,0,0,0,1015.4,111,1.3,153,MOSTLY CLOUDY,41.3,12.9,2025-08-14T02:45:00+09:30,PT5M
22,-81,41.7,0,0,0,1015.4,112,1.3,152,MOSTLY CLOUDY,41.3,12.9,2025-08-14T02:50:00+09:30,PT5M
22,-82,40.1,0,0,0,1015.4,113,1.3,151,MOSTLY CLOUDY,41.3,12.8,2025-08-14T02:55:00+09:30,PT5M
22,-82,36.9,0,0,0,1015.3,114,1.3,149,MOSTLY CLOUDY,41.3,12.8,2025-08-14T03:00:00+09:30,PT5M
22,-82,36.9,0,0,0,1015.3,115,1.3,148,MOSTLY CLOUDY,41.2,12.8,2025-08-14T03:05:00+09:30,PT5M
22,-82,26.8,0,0,0,1015.3,116,1.3,147,PARTLY CLOUDY,41,12.7,2025-08-14T03:10:00+09:30,PT5M
22,-82,23.2,0,0,0,1015.3,117,1.3,146,PARTLY CLOUDY,40.8,12.7,2025-08-14T03:15:00+09:30,PT5M
22,-82,21.4,0,0,0,1015.3,118,1.4,145,PARTLY CLOUDY,40.6,12.6,2025-08-14T03:20:00+09:30,PT5M
22,-82,23.2,0,0,0,1015.3,119,1.4,143,PARTLY CLOUDY,40.4,12.5,2025-08-14T03:25:00+09:30,PT5M
22,-82,19.6,0,0,0,1015.3,120,1.4,142,PARTLY CLOUDY,40.2,12.5,2025-08-14T03:30:00+09:30,PT5M
22,-81,26.8,0,0,0,1015.3,120,1.4,141,PARTLY CLOUDY,39.9,12.4,2025-08-14T03:35:00+09:30,PT5M
22,-81,28.5,0,0,0,1015.3,121,1.4,140,PARTLY CLOUDY,39.7,12.4,2025-08-14T03:40:00+09:30,PT5M
22,-81,26.8,0,0,0,1015.3,121,1.4,139,PARTLY CLOUDY,39.5,12.3,2025-08-14T03:45:00+09:30,PT5M
22,-81,26.8,0,0,0,1015.3,122,1.4,137,PARTLY CLOUDY,39.3,12.2,2025-08-14T03:50:00+09:30,PT5M
22,-81,23.2,0,0,0,1015.3,122,1.5,136,PARTLY CLOUDY,39.1,12.2,2025-08-14T03:55:00+09:30,PT5M
21,-81,21.4,0,0,0,1015.2,122,1.5,135,PARTLY CLOUDY,38.9,12.1,2025-08-14T04:00:00+09:30,PT5M
21,-81,21.4,0,0,0,1015.2,123,1.5,134,PARTLY CLOUDY,38.6,12.1,2025-08-14T04:05:00+09:30,PT5M
21,-81,17.8,0,0,0,1015.2,123,1.5,132,PARTLY CLOUDY,38.2,12,2025-08-14T04:10:00+09:30,PT5M
21,-81,17.8,0,0,0,1015.2,124,1.5,131,PARTLY CLOUDY,37.8,11.9,2025-08-14T04:15:00+09:30,PT5M
21,-81,15.9,0,0,0,1015.2,124,1.5,130,PARTLY CLOUDY,37.4,11.8,2025-08-14T04:20:00+09:30,PT5M
21,-81,15.9,0,0,0,1015.2,124,1.6,129,PARTLY CLOUDY,37,11.7,2025-08-14T04:25:00+09:30,PT5M
21,-81,14,0,0,0,1015.2,125,1.6,128,PARTLY CLOUDY,36.6,11.6,2025-08-14T04:30:00+09:30,PT5M
21,-80,15.9,0,0,0,1015.2,125,1.6,126,PARTLY CLOUDY,36.3,11.6,2025-08-14T04:35:00+09:30,PT5M
21,-80,17.8,0,0,0,1015.2,125,1.6,125,PARTLY CLOUDY,35.9,11.5,2025-08-14T04:40:00+09:30,PT5M
21,-80,15.9,0,0,0,1015.2,125,1.6,124,PARTLY CLOUDY,35.5,11.4,2025-08-14T04:45:00+09:30,PT5M
21,-80,14,0,0,0,1015.2,125,1.6,123,PARTLY CLOUDY,35.1,11.3,2025-08-14T04:50:00+09:30,PT5M
21,-80,10.1,0,0,0,1015.2,125,1.6,122,PARTLY CLOUDY,34.7,11.2,2025-08-14T04:55:00+09:30,PT5M
21,-80,8.2,0,0,0,1015.2,125,1.6,120,MOSTLY CLEAR,34.3,11.1,2025-08-14T05:00:00+09:30,PT5M
21,-80,8.2,0,0,0,1015.2,125,1.7,119,MOSTLY CLEAR,33.9,11,2025-08-14T05:05:00+09:30,PT5M
20,-80,8.2,0,0,0,1015.2,125,1.7,118,MOSTLY CLEAR,33.5,10.9,2025-08-14T05:10:00+09:30,PT5M
20,-79,8.2,0,0,0,1015.2,125,1.7,117,MOSTLY CLEAR,33.1,10.8,2025-08-14T05:15:00+09:30,PT5M
20,-79,8.2,0,0,0,1015.2,125,1.7,116,MOSTLY CLEAR,32.7,10.7,2025-08-14T05:20:00+09:30,PT5M
20,-79,0,0,0,0,1015.2,125,1.7,114,CLEAR,32.3,10.6,2025-08-14T05:25:00+09:30,PT5M
20,-79,0,0,0,0,1015.2,126,1.7,113,CLEAR,31.9,10.5,2025-08-14T05:30:00+09:30,PT5M
20,-79,8.2,0,0,0,1015.2,126,1.7,112,MOSTLY CLEAR,31.5,10.3,2025-08-14T05:35:00+09:30,PT5M
20,-79,10.1,0,0,0,1015.2,126,1.8,111,PARTLY CLOUDY,31.1,10.2,2025-08-14T05:40:00+09:30,PT5M
20,-78,8.2,0,0,0,1015.3,126,1.8,110,MOSTLY CLEAR,30.7,10.1,2025-08-14T05:45:00+09:30,PT5M
20,-78,8.2,0,0,0,1015.3,126,1.8,108,MOSTLY CLEAR,30.3,10,2025-08-14T05:50:00+09:30,PT5M
20,-78,8.2,0,0,0,1015.3,126,1.8,107,MOSTLY CLEAR,29.9,9.9,2025-08-14T05:55:00+09:30,PT5M
20,-78,0,0,0,0,1015.4,126,1.8,106,CLEAR,29.5,9.8,2025-08-14T06:00:00+09:30,PT5M
20,-78,0,0,0,0,1015.4,126,1.9,105,CLEAR,29.2,9.6,2025-08-14T06:05:00+09:30,PT5M
20,-77,0,0,0,0,1015.4,126,1.9,104,CLEAR,28.9,9.5,2025-08-14T06:10:00+09:30,PT5M
20,-77,8.2,0,0,0,1015.5,127,1.9,103,MOSTLY CLEAR,28.7,9.4,2025-08-14T06:15:00+09:30,PT5M
20,-77,10.1,0,0,0,1015.5,127,1.9,101,PARTLY CLOUDY,28.4,9.3,2025-08-14T06:20:00+09:30,PT5M
20,-77,10.1,0,0,0,1015.5,127,2,100,PARTLY CLOUDY,28.1,9.2,2025-08-14T06:25:00+09:30,PT5M
20,-77,10.1,0,0,0,1015.6,127,2,99,PARTLY CLOUDY,27.9,9.1,2025-08-14T06:30:00+09:30,PT5M
20,-76,0,0,0,0,1015.6,127,2,98,CLEAR,27.6,9,2025-08-14T06:35:00+09:30,PT5M
20,-76,0,0,0,0,1015.7,128,2,97,CLEAR,27.4,8.9,2025-08-14T06:40:00+09:30,PT5M
20,-76,0,0,0,0,1015.8,130,2,95,CLEAR,27.1,8.8,2025-08-14T06:45:00+09:30,PT5M
20,-76,0,0,0,0,1015.8,131,2.1,94,CLEAR,26.8,8.7,2025-08-14T06:50:00+09:30,PT5M
20,-75,0,0,0,0,1015.9,132,2.1,93,CLEAR,26.6,8.6,2025-08-14T06:55:00+09:30,PT5M
20,-75,8.2,0,0,0,1016,133,2.1,92,MOSTLY CLEAR,26.3,8.5,2025-08-14T07:00:00+09:30,PT5M
20,-75,0,0,0,0,1016,134,2.1,91,CLEAR,26.1,8.3,2025-08-14T07:05:00+09:30,PT5M
20,-75,0,3,3,0,1016.1,135,2.2,89,SUNNY,26,8.2,2025-08-14T07:10:00+09:30,PT5M
20,-74,8.2,11,11,0,1016.2,135,2.2,88,MOSTLY SUNNY,25.9,8.1,2025-08-14T07:15:00+09:30,PT5M
20,-74,10.1,21,22,0,1016.2,136,2.2,87,PARTLY CLOUDY,25.8,8,2025-08-14T07:20:00+09:30,PT5M
20,-74,0,37,46,0,1016.3,137,2.2,86,SUNNY,25.7,7.9,2025-08-14T07:25:00+09:30,PT5M
20,-73,0,51,69,0,1016.4,138,2.3,85,SUNNY,25.6,7.8,2025-08-14T07:30:00+09:30,PT5M
20,-73,0,66,88,0,1016.4,138,2.3,84,SUNNY,25.5,7.7,2025-08-14T07:35:00+09:30,PT5M
21,-73,0,83,108,0,1016.4,138,2.3,82,SUNNY,25.4,7.6,2025-08-14T07:40:00+09:30,PT5M
21,-72,0,100,128,0,1016.4,138,2.4,81,SUNNY,25.3,7.5,2025-08-14T07:45:00+09:30,PT5M
22,-72,0,117,148,0,1016.5,137,2.4,80,SUNNY,25.2,7.4,2025-08-14T07:50:00+09:30,PT5M
22,-72,0,136,168,0,1016.5,137,2.5,79,SUNNY,25.1,7.3,2025-08-14T07:55:00+09:30,PT5M
22,-71,0,154,189,0,1016.5,137,2.5,78,SUNNY,25,7.2,2025-08-14T08:00:00+09:30,PT5M
23,-71,0,173,210,0,1016.5,136,2.6,77,SUNNY,24.8,7,2025-08-14T08:05:00+09:30,PT5M
23,-71,0,192,231,0,1016.5,136,2.6,76,SUNNY,24.7,6.9,2025-08-14T08:10:00+09:30,PT5M
24,-70,0,211,251,0,1016.5,136,2.7,74,SUNNY,24.6,6.8,2025-08-14T08:15:00+09:30,PT5M
24,-70,0,230,272,0,1016.6,136,2.7,73,SUNNY,24.5,6.7,2025-08-14T08:20:00+09:30,PT5M
24,-70,0,249,293,0,1016.6,135,2.8,72,SUNNY,24.4,6.6,2025-08-14T08:25:00+09:30,PT5M
25,-69,0,268,314,0,1016.6,135,2.8,71,SUNNY,24.3,6.5,2025-08-14T08:30:00+09:30,PT5M
25,-69,0,287,334,0,1016.6,134,2.9,70,SUNNY,24.1,6.4,2025-08-14T08:35:00+09:30,PT5M
25,-68,0,306,354,0,1016.6,133,2.9,69,SUNNY,24,6.3,2025-08-14T08:40:00+09:30,PT5M
26,-68,0,325,375,0,1016.6,132,3,68,SUNNY,23.9,6.2,2025-08-14T08:45:00+09:30,PT5M
26,-67,0,344,395,0,1016.7,132,3.1,66,SUNNY,23.8,6.1,2025-08-14T08:50:00+09:30,PT5M
26,-67,0,363,415,0,1016.7,131,3.2,65,SUNNY,23.7,6,2025-08-14T08:55:00+09:30,PT5M
26,-66,0,382,435,0,1016.7,130,3.3,64,SUNNY,23.6,5.9,2025-08-14T09:00:00+09:30,PT5M
26,-66,0,400,454,0,1016.7,129,3.3,63,SUNNY,23.5,5.8,2025-08-14T09:05:00+09:30,PT5M
27,-65,0,418,473,0,1016.7,128,3.4,62,SUNNY,23.4,5.8,2025-08-14T09:10:00+09:30,PT5M
27,-65,0,436,492,0,1016.7,128,3.5,61,SUNNY,23.4,5.9,2025-08-14T09:15:00+09:30,PT5M
27,-64,0,454,510,0,1016.8,127,3.6,60,SUNNY,23.3,5.9,2025-08-14T09:20:00+09:30,PT5M
27,-64,0,471,528,0,1016.8,126,3.7,59,SUNNY,23.2,5.9,2025-08-14T09:25:00+09:30,PT5M
27,-63,0,489,546,0,1016.8,126,3.8,58,SUNNY,23.2,5.9,2025-08-14T09:30:00+09:30,PT5M
28,-62,0,506,565,0,1016.8,125,3.8,56,SUNNY,23.1,6,2025-08-14T09:35:00+09:30,PT5M
28,-62,0,523,582,0,1016.8,125,3.9,55,SUNNY,23.1,6,2025-08-14T09:40:00+09:30,PT5M
28,-61,0,539,599,0,1016.9,124,3.9,54,SUNNY,23,6,2025-08-14T09:45:00+09:30,PT5M
28,-60,0,556,616,0,1016.9,123,4,53,SUNNY,22.9,6,2025-08-14T09:50:00+09:30,PT5M
28,-60,0,571,633,0,1016.9,123,4,52,SUNNY,22.9,6.1,2025-08-14T09:55:00+09:30,PT5M
28,-59,0,587,649,0,1016.9,122,4.1,51,SUNNY,22.8,6.1,2025-08-14T10:00:00+09:30,PT5M
29,-58,0,602,664,0,1017,122,4.2,50,SUNNY,22.8,6.1,2025-08-14T10:05:00+09:30,PT5M
29,-57,0,617,680,0,1017,121,4.2,49,SUNNY,22.8,6.1,2025-08-14T10:10:00+09:30,PT5M
29,-56,0,632,695,0,1017,121,4.3,48,SUNNY,22.8,6.1,2025-08-14T10:15:00+09:30,PT5M
29,-55,0,646,710,0,1017,121,4.3,47,SUNNY,22.8,6.1,2025-08-14T10:20:00+09:30,PT5M
29,-55,0,660,725,0,1017.1,120,4.4,46,SUNNY,22.8,6.1,2025-08-14T10:25:00+09:30,PT5M
29,-54,0,673,739,0,1017.1,120,4.4,45,SUNNY,22.8,6.1,2025-08-14T10:30:00+09:30,PT5M
30,-53,0,687,752,0,1017.1,119,4.5,44,SUNNY,22.8,6.1,2025-08-14T10:35:00+09:30,PT5M
30,-51,0,699,766,0,1017,118,4.5,43,SUNNY,22.8,6.1,2025-08-14T10:40:00+09:30,PT5M
30,-50,0,712,778,0,1016.9,118,4.6,42,SUNNY,22.8,6.1,2025-08-14T10:45:00+09:30,PT5M
30,-49,0,724,791,0,1016.8,117,4.6,41,SUNNY,22.8,6.1,2025-08-14T10:50:00+09:30,PT5M
30,-48,0,735,803,0,1016.8,116,4.6,40,SUNNY,22.8,6.1,2025-08-14T10:55:00+09:30,PT5M
31,-47,0,746,814,0,1016.7,116,4.7,39,SUNNY,22.8,6.1,2025-08-14T11:00:00+09:30,PT5M
31,-45,0,757,825,0,1016.6,115,4.7,38,SUNNY,22.8,6.1,2025-08-14T11:05:00+09:30,PT5M
31,-44,0,767,836,0,1016.5,114,4.8,38,SUNNY,22.8,6.2,2025-08-14T11:10:00+09:30,PT5M
31,-43,0,777,846,0,1016.5,114,4.8,37,SUNNY,22.8,6.2,2025-08-14T11:15:00+09:30,PT5M
31,-41,0,787,856,0,1016.4,113,4.8,36,SUNNY,22.8,6.2,2025-08-14T11:20:00+09:30,PT5M
31,-40,0,796,865,0,1016.3,112,4.9,35,SUNNY,22.8,6.2,2025-08-14T11:25:00+09:30,PT5M
32,-38,0,804,874,0,1016.2,112,4.9,34,SUNNY,22.8,6.3,2025-08-14T11:30:00+09:30,PT5M
32,-36,0,812,882,0,1016.2,111,5,34,SUNNY,22.9,6.3,2025-08-14T11:35:00+09:30,PT5M
32,-34,0,820,890,0,1016.1,110,5,33,SUNNY,22.9,6.4,2025-08-14T11:40:00+09:30,PT5M
32,-33,0,827,898,0,1016,109,5.1,32,SUNNY,22.9,6.4,2025-08-14T11:45:00+09:30,PT5M
32,-31,0,833,905,0,1015.9,108,5.1,32,SUNNY,22.9,6.4,2025-08-14T11:50:00+09:30,PT5M
32,-29,0,839,911,0,1015.9,107,5.2,31,SUNNY,22.9,6.4,2025-08-14T11:55:00+09:30,PT5M
32,-27,0,845,917,0,1015.8,106,5.2,30,SUNNY,22.9,6.5,2025-08-14T12:00:00+09:30,PT5M
32,-24,0,850,922,0,1015.7,106,5.3,30,SUNNY,22.9,6.5,2025-08-14T12:05:00+09:30,PT5M
32,-22,0,855,927,0,1015.6,105,5.3,29,SUNNY,22.8,6.6,2025-08-14T12:10:00+09:30,PT5M
32,-20,0,859,931,0,1015.6,104,5.4,29,SUNNY,22.8,6.6,2025-08-14T12:15:00+09:30,PT5M
32,-17,0,862,934,0,1015.5,103,5.5,29,SUNNY,22.7,6.6,2025-08-14T12:20:00+09:30,PT5M
32,-15,0,865,938,0,1015.4,102,5.5,28,SUNNY,22.7,6.7,2025-08-14T12:25:00+09:30,PT5M
32,-13,0,868,940,0,1015.3,102,5.6,28,SUNNY,22.6,6.7,2025-08-14T12:30:00+09:30,PT5M
32,-10,0,870,942,0,1015.2,101,5.6,28,SUNNY,22.6,6.8,2025-08-14T12:35:00+09:30,PT5M
32,-7,0,872,944,0,1015.2,100,5.5,28,SUNNY,22.5,6.8,2025-08-14T12:40:00+09:30,PT5M
32,-5,0,873,945,0,1015.1,100,5.5,27,SUNNY,22.5,6.9,2025-08-14T12:45:00+09:30,PT5M
32,-2,0,873,945,0,1015,99,5.5,27,SUNNY,22.4,6.9,2025-08-14T12:50:00+09:30,PT5M
33,0,0,873,945,0,1014.9,99,5.4,27,SUNNY,22.4,6.9,2025-08-14T12:55:00+09:30,PT5M
33,3,0,873,945,0,1014.8,98,5.4,27,SUNNY,22.3,7,2025-08-14T13:00:00+09:30,PT5M
33,6,0,872,944,0,1014.7,97,5.3,27,SUNNY,22.3,7,2025-08-14T13:05:00+09:30,PT5M
33,8,1.2,860,930,0,1014.6,97,5.3,28,MOSTLY SUNNY,22.2,7.1,2025-08-14T13:10:00+09:30,PT5M
33,11,0,868,940,0,1014.5,96,5.2,28,SUNNY,22.1,7.1,2025-08-14T13:15:00+09:30,PT5M
33,13,0,865,937,0,1014.4,95,5.2,28,SUNNY,22,7.2,2025-08-14T13:20:00+09:30,PT5M
33,16,0,862,934,0,1014.3,94,5.2,28,SUNNY,21.9,7.3,2025-08-14T13:25:00+09:30,PT5M
33,18,0,859,930,0,1014.2,94,5.1,29,SUNNY,21.8,7.3,2025-08-14T13:30:00+09:30,PT5M
33,21,0,855,926,0,1014.1,93,5.1,29,SUNNY,21.7,7.4,2025-08-14T13:35:00+09:30,PT5M
33,23,0.9,842,912,0,1014.1,92,5,30,MOSTLY SUNNY,21.6,7.4,2025-08-14T13:40:00+09:30,PT5M
33,25,0,845,916,0,1014,92,4.9,30,SUNNY,21.5,7.5,2025-08-14T13:45:00+09:30,PT5M
33,27,0,840,911,0,1013.9,91,4.9,31,SUNNY,21.4,7.6,2025-08-14T13:50:00+09:30,PT5M
33,29,0,834,904,0,1013.8,90,4.8,31,SUNNY,21.3,7.6,2025-08-14T13:55:00+09:30,PT5M
33,31,0,827,898,0,1013.7,90,4.7,32,SUNNY,21.2,7.7,2025-08-14T14:00:00+09:30,PT5M
33,33,0,820,890,0,1013.6,89,4.7,32,SUNNY,21.2,7.7,2025-08-14T14:05:00+09:30,PT5M
33,35,0,813,883,0,1013.6,88,4.6,33,SUNNY,21.1,7.8,2025-08-14T14:10:00+09:30,PT5M
33,37,0,805,874,0,1013.5,88,4.5,34,SUNNY,21,7.8,2025-08-14T14:15:00+09:30,PT5M
33,39,0,797,866,0,1013.4,87,4.5,35,SUNNY,20.9,7.9,2025-08-14T14:20:00+09:30,PT5M
33,40,0,788,856,0,1013.3,86,4.4,35,SUNNY,20.8,8,2025-08-14T14:25:00+09:30,PT5M
34,42,0,779,847,0,1013.2,85,4.3,36,SUNNY,20.7,8,2025-08-14T14:30:00+09:30,PT5M
34,43,0,769,837,0,1013.2,84,4.3,37,SUNNY,20.6,8.1,2025-08-14T14:35:00+09:30,PT5M
34,45,0,759,826,0,1013.1,84,4.2,38,SUNNY,20.5,8.1,2025-08-14T14:40:00+09:30,PT5M
34,46,0,748,815,0,1013,83,4.1,39,SUNNY,20.4,8.2,2025-08-14T14:45:00+09:30,PT5M
33,47,0,737,804,0,1013,82,4.1,40,SUNNY,20.3,8.3,2025-08-14T14:50:00+09:30,PT5M
33,48,0,726,792,0,1012.9,81,4,41,SUNNY,20.2,8.3,2025-08-14T14:55:00+09:30,PT5M
33,50,0,714,779,0,1012.9,80,3.9,41,SUNNY,20.1,8.4,2025-08-14T15:00:00+09:30,PT5M
33,51,0,702,767,0,1012.8,79,3.9,42,SUNNY,20.1,8.4,2025-08-14T15:05:00+09:30,PT5M
33,52,0,689,754,0,1012.7,78,3.8,43,SUNNY,20,8.4,2025-08-14T15:10:00+09:30,PT5M
33,53,0,676,740,0,1012.7,77,3.8,44,SUNNY,20,8.3,2025-08-14T15:15:00+09:30,PT5M
33,54,0,663,726,0,1012.6,76,3.7,45,SUNNY,19.9,8.3,2025-08-14T15:20:00+09:30,PT5M
33,55,0,649,712,0,1012.6,75,3.6,46,SUNNY,19.8,8.3,2025-08-14T15:25:00+09:30,PT5M
33,56,1.4,626,687,0,1012.5,74,3.6,47,MOSTLY SUNNY,19.8,8.2,2025-08-14T15:30:00+09:30,PT5M
33,57,0,621,682,0,1012.5,73,3.5,48,SUNNY,19.7,8.2,2025-08-14T15:35:00+09:30,PT5M
33,58,0,606,667,0,1012.4,72,3.5,49,SUNNY,19.7,8.2,2025-08-14T15:40:00+09:30,PT5M
33,58,0,591,651,0,1012.4,71,3.4,50,SUNNY,19.6,8.1,2025-08-14T15:45:00+09:30,PT5M
33,59,0,575,635,0,1012.4,70,3.4,51,SUNNY,19.5,8.1,2025-08-14T15:50:00+09:30,PT5M
33,60,0,560,619,0,1012.3,69,3.4,52,SUNNY,19.5,8.1,2025-08-14T15:55:00+09:30,PT5M
33,61,0,544,602,0,1012.3,68,3.3,53,SUNNY,19.4,8,2025-08-14T16:00:00+09:30,PT5M
33,61,0,527,585,0,1012.3,66,3.3,55,SUNNY,19.4,8,2025-08-14T16:05:00+09:30,PT5M
33,62,0.2,509,566,0,1012.2,65,3.3,56,MOSTLY SUNNY,19.4,8,2025-08-14T16:10:00+09:30,PT5M
33,63,0,494,550,0,1012.2,64,3.2,57,SUNNY,19.4,8,2025-08-14T16:15:00+09:30,PT5M
33,63,0,476,532,0,1012.2,63,3.2,58,SUNNY,19.4,8.1,2025-08-14T16:20:00+09:30,PT5M
33,64,0,459,514,0,1012.1,61,3.2,59,SUNNY,19.4,8.1,2025-08-14T16:25:00+09:30,PT5M
33,65,0,441,495,0,1012.1,60,3.2,60,SUNNY,19.4,8.1,2025-08-14T16:30:00+09:30,PT5M
33,65,0,424,476,0,1012.1,59,3.1,61,SUNNY,19.4,8.1,2025-08-14T16:35:00+09:30,PT5M
33,66,0,406,457,0,1012.1,57,3.1,62,SUNNY,19.4,8.1,2025-08-14T16:40:00+09:30,PT5M
33,66,0,387,438,0,1012.1,56,3.1,63,SUNNY,19.4,8.1,2025-08-14T16:45:00+09:30,PT5M
33,67,0,369,419,0,1012.1,55,3.1,64,SUNNY,19.4,8.2,2025-08-14T16:50:00+09:30,PT5M
32,67,0,350,399,0,1012.1,53,3,66,SUNNY,19.4,8.2,2025-08-14T16:55:00+09:30,PT5M
32,68,0,332,379,0,1012.1,52,3,67,SUNNY,19.4,8.2,2025-08-14T17:00:00+09:30,PT5M
32,68,0,313,359,0,1012.1,50,3,68,SUNNY,19.4,8.2,2025-08-14T17:05:00+09:30,PT5M
32,69,4.7,280,319,0,1012.1,49,3,69,MOSTLY SUNNY,19.4,8.2,2025-08-14T17:10:00+09:30,PT5M
32,69,0,275,318,0,1012.1,47,3,70,SUNNY,19.4,8.2,2025-08-14T17:15:00+09:30,PT5M
32,69,0,256,298,0,1012.1,46,3,71,SUNNY,19.4,8.2,2025-08-14T17:20:00+09:30,PT5M
32,70,0,237,277,0,1012.1,44,3,72,SUNNY,19.4,8.2,2025-08-14T17:25:00+09:30,PT5M
31,70,0,218,257,0,1012.1,43,3,74,SUNNY,19.4,8.2,2025-08-14T17:30:00+09:30,PT5M
31,71,0,199,236,0,1012.1,41,3,75,SUNNY,19.3,8.2,2025-08-14T17:35:00+09:30,PT5M
31,71,0,180,215,0,1012.2,39,3,76,SUNNY,19.3,8.2,2025-08-14T17:40:00+09:30,PT5M
31,71,0,162,195,0,1012.2,37,3,77,SUNNY,19.3,8.2,2025-08-14T17:45:00+09:30,PT5M
31,72,0,143,174,0,1012.3,35,2.9,78,SUNNY,19.3,8.2,2025-08-14T17:50:00+09:30,PT5M
31,72,0,125,154,0,1012.4,33,3,79,SUNNY,19.3,8.2,2025-08-14T17:55:00+09:30,PT5M
31,72,0,108,134,0,1012.4,31,3,80,SUNNY,19.3,8.2,2025-08-14T18:00:00+09:30,PT5M
31,73,0,91,114,0,1012.5,29,3,82,SUNNY,19.3,8.2,2025-08-14T18:05:00+09:30,PT5M
31,73,0,74,95,0,1012.6,28,3,83,SUNNY,19.4,8.2,2025-08-14T18:10:00+09:30,PT5M
31,73,0,59,77,0,1012.6,26,3,84,SUNNY,19.4,8.2,2025-08-14T18:15:00+09:30,PT5M
31,74,0,45,59,0,1012.7,24,3,85,SUNNY,19.5,8.2,2025-08-14T18:20:00+09:30,PT5M
31,74,10.1,28,31,0,1012.8,22,3,86,PARTLY CLOUDY,19.5,8.2,2025-08-14T18:25:00+09:30,PT5M
31,74,17.8,16,16,0,1012.8,20,3.1,87,PARTLY CLOUDY,19.6,8.2,2025-08-14T18:30:00+09:30,PT5M
30,75,15.9,8,8,0,1012.9,18,3,89,PARTLY CLOUDY,19.6,8.2,2025-08-14T18:35:00+09:30,PT5M
30,75,17.8,1,1,0,1013,17,2.9,90,PARTLY CLOUDY,19.7,8.2,2025-08-14T18:40:00+09:30,PT5M
30,75,17.8,0,0,0,1013.1,16,2.8,91,PARTLY CLOUDY,19.7,8.2,2025-08-14T18:45:00+09:30,PT5M
30,75,12.1,0,0,0,1013.1,15,2.8,92,PARTLY CLOUDY,19.8,8.2,2025-08-14T18:50:00+09:30,PT5M
29,76,12.1,0,0,0,1013.2,14,2.7,93,PARTLY CLOUDY,19.8,8.2,2025-08-14T18:55:00+09:30,PT5M
29,76,12.1,0,0,0,1013.3,12,2.6,95,PARTLY CLOUDY,19.9,8.2,2025-08-14T19:00:00+09:30,PT5M
29,76,12.1,0,0,0,1013.4,11,2.5,96,PARTLY CLOUDY,19.9,8.2,2025-08-14T19:05:00+09:30,PT5M
29,76,12.1,0,0,0,1013.4,9,2.4,97,PARTLY CLOUDY,20,8.2,2025-08-14T19:10:00+09:30,PT5M
28,77,15.9,0,0,0,1013.5,7,2.4,98,PARTLY CLOUDY,20.1,8.2,2025-08-14T19:15:00+09:30,PT5M
28,77,14,0,0,0,1013.6,5,2.3,99,PARTLY CLOUDY,20.2,8.2,2025-08-14T19:20:00+09:30,PT5M
28,77,14,0,0,0,1013.7,3,2.2,100,PARTLY CLOUDY,20.3,8.2,2025-08-14T19:25:00+09:30,PT5M
28,77,15.9,0,0,0,1013.7,1,2.1,102,PARTLY CLOUDY,20.4,8.2,2025-08-14T19:30:00+09:30,PT5M
28,77,14,0,0,0,1013.8,360,2.1,103,PARTLY CLOUDY,20.5,8.1,2025-08-14T19:35:00+09:30,PT5M
27,78,10.1,0,0,0,1013.9,359,2,104,PARTLY CLOUDY,20.6,8.1,2025-08-14T19:40:00+09:30,PT5M
27,78,14,0,0,0,1014,358,1.9,105,PARTLY CLOUDY,20.7,8.1,2025-08-14T19:45:00+09:30,PT5M
27,78,14,0,0,0,1014,356,1.9,106,PARTLY CLOUDY,20.8,8.1,2025-08-14T19:50:00+09:30,PT5M
27,78,14,0,0,0,1014.1,355,1.8,108,PARTLY CLOUDY,20.9,8.1,2025-08-14T19:55:00+09:30,PT5M
27,78,14,0,0,0,1014.2,354,1.7,109,PARTLY CLOUDY,21,8.1,2025-08-14T20:00:00+09:30,PT5M
27,79,21.4,0,0,0,1014.2,353,1.7,110,PARTLY CLOUDY,21,8.1,2025-08-14T20:05:00+09:30,PT5M
27,79,19.6,0,0,0,1014.3,351,1.6,111,PARTLY CLOUDY,21.1,8.1,2025-08-14T20:10:00+09:30,PT5M
26,79,15.9,0,0,0,1014.4,350,1.6,112,PARTLY CLOUDY,21.2,8.1,2025-08-14T20:15:00+09:30,PT5M
26,79,15.9,0,0,0,1014.4,348,1.5,114,PARTLY CLOUDY,21.3,8.1,2025-08-14T20:20:00+09:30,PT5M
26,79,15.9,0,0,0,1014.5,346,1.4,115,PARTLY CLOUDY,21.4,8.1,2025-08-14T20:25:00+09:30,PT5M
26,79,23.2,0,0,0,1014.6,344,1.4,116,PARTLY CLOUDY,21.5,8.1,2025-08-14T20:30:00+09:30,PT5M
26,80,14,0,0,0,1014.6,342,1.3,117,PARTLY CLOUDY,21.6,8,2025-08-14T20:35:00+09:30,PT5M
26,80,10.1,0,0,0,1014.6,340,1.3,118,PARTLY CLOUDY,21.7,8,2025-08-14T20:40:00+09:30,PT5M
26,80,8.2,0,0,0,1014.7,337,1.3,120,MOSTLY CLEAR,21.8,8,2025-08-14T20:45:00+09:30,PT5M
26,80,15.9,0,0,0,1014.7,335,1.2,121,PARTLY CLOUDY,21.9,8,2025-08-14T20:50:00+09:30,PT5M
26,80,10.1,0,0,0,1014.8,332,1.2,122,PARTLY CLOUDY,22,8,2025-08-14T20:55:00+09:30,PT5M
26,80,12.1,0,0,0,1014.8,329,1.1,123,PARTLY CLOUDY,22.1,8,2025-08-14T21:00:00+09:30,PT5M
26,81,12.1,0,0,0,1014.9,326,1.1,124,PARTLY CLOUDY,22.1,8,2025-08-14T21:05:00+09:30,PT5M
26,81,15.9,0,0,0,1014.9,323,1.1,126,PARTLY CLOUDY,22.2,8,2025-08-14T21:10:00+09:30,PT5M
26,81,10.1,0,0,0,1014.9,320,1.1,127,PARTLY CLOUDY,22.3,8,2025-08-14T21:15:00+09:30,PT5M
26,81,12.1,0,0,0,1015,316,1,128,PARTLY CLOUDY,22.3,8,2025-08-14T21:20:00+09:30,PT5M
26,81,14,0,0,0,1015,313,1,129,PARTLY CLOUDY,22.4,8,2025-08-14T21:25:00+09:30,PT5M
25,81,17.8,0,0,0,1015.1,309,1,130,PARTLY CLOUDY,22.5,8,2025-08-14T21:30:00+09:30,PT5M
25,81,14,0,0,0,1015.1,305,1,132,PARTLY CLOUDY,22.5,7.9,2025-08-14T21:35:00+09:30,PT5M
25,81,17.8,0,0,0,1015.1,301,1,133,PARTLY CLOUDY,22.6,7.9,2025-08-14T21:40:00+09:30,PT5M
25,81,15.9,0,0,0,1015.2,297,1,134,PARTLY CLOUDY,22.7,7.9,2025-08-14T21:45:00+09:30,PT5M
25,82,17.8,0,0,0,1015.2,293,1,135,PARTLY CLOUDY,22.7,7.9,2025-08-14T21:50:00+09:30,PT5M
25,82,15.9,0,0,0,1015.2,290,1,136,PARTLY CLOUDY,22.8,7.9,2025-08-14T21:55:00+09:30,PT5M
25,82,14,0,0,0,1015.2,286,1,138,PARTLY CLOUDY,22.9,7.9,2025-08-14T22:00:00+09:30,PT5M
25,82,14,0,0,0,1015.3,282,1,139,PARTLY CLOUDY,22.9,7.9,2025-08-14T22:05:00+09:30,PT5M
25,82,15.9,0,0,0,1015.3,279,1.1,140,PARTLY CLOUDY,23,7.9,2025-08-14T22:10:00+09:30,PT5M
25,82,15.9,0,0,0,1015.3,275,1.1,141,PARTLY CLOUDY,23,7.9,2025-08-14T22:15:00+09:30,PT5M
25,82,19.6,0,0,0,1015.3,272,1.1,143,PARTLY CLOUDY,23.1,7.9,2025-08-14T22:20:00+09:30,PT5M
25,82,17.8,0,0,0,1015.4,269,1.2,144,PARTLY CLOUDY,23.2,7.9,2025-08-14T22:25:00+09:30,PT5M
25,82,14,0,0,0,1015.4,267,1.2,145,PARTLY CLOUDY,23.2,7.9,2025-08-14T22:30:00+09:30,PT5M
25,82,10.1,0,0,0,1015.4,264,1.2,146,PARTLY CLOUDY,23.3,7.9,2025-08-14T22:35:00+09:30,PT5M
25,82,12.1,0,0,0,1015.4,262,1.2,147,PARTLY CLOUDY,23.3,7.9,2025-08-14T22:40:00+09:30,PT5M
25,82,19.6,0,0,0,1015.4,261,1.2,149,PARTLY CLOUDY,23.4,7.9,2025-08-14T22:45:00+09:30,PT5M
24,82,15.9,0,0,0,1015.4,259,1.3,150,PARTLY CLOUDY,23.5,7.9,2025-08-14T22:50:00+09:30,PT5M
24,82,14,0,0,0,1015.4,257,1.3,151,PARTLY CLOUDY,23.5,7.9,2025-08-14T22:55:00+09:30,PT5M
24,82,12.1,0,0,0,1015.4,255,1.3,152,PARTLY CLOUDY,23.6,7.9,2025-08-14T23:00:00+09:30,PT5M
24,82,10.1,0,0,0,1015.4,254,1.3,153,PARTLY CLOUDY,23.6,7.9,2025-08-14T23:05:00+09:30,PT5M
24,82,0,0,0,0,1015.5,252,1.3,155,CLEAR,23.7,7.9,2025-08-14T23:10:00+09:30,PT5M
24,82,8.2,0,0,0,1015.5,250,1.3,156,MOSTLY CLEAR,23.7,7.9,2025-08-14T23:15:00+09:30,PT5M
24,82,10.1,0,0,0,1015.5,249,1.4,157,PARTLY CLOUDY,23.8,7.9,2025-08-14T23:20:00+09:30,PT5M
24,81,12.1,0,0,0,1015.5,247,1.4,158,PARTLY CLOUDY,23.8,7.9,2025-08-14T23:25:00+09:30,PT5M
24,81,14,0,0,0,1015.5,246,1.4,159,PARTLY CLOUDY,23.9,7.9,2025-08-14T23:30:00+09:30,PT5M
24,81,12.1,0,0,0,1015.5,244,1.4,161,PARTLY CLOUDY,23.9,7.9,2025-08-14T23:35:00+09:30,PT5M
24,81,12.1,0,0,0,1015.5,243,1.5,162,PARTLY CLOUDY,24,7.9,2025-08-14T23:40:00+09:30,PT5M
24,80,15.9,0,0,0,1015.5,241,1.5,163,PARTLY CLOUDY,24,7.9,2025-08-14T23:45:00+09:30,PT5M
24,80,21.4,0,0,0,1015.5,239,1.5,164,PARTLY CLOUDY,24.1,7.9,2025-08-14T23:50:00+09:30,PT5M
24,79,15.9,0,0,0,1015.5,238,1.5,165,PARTLY CLOUDY,24.1,7.9,2025-08-14T23:55:00+09:30,PT5M
24,79,8.2,0,0,0,1015.4,236,1.6,167,MOSTLY CLEAR,24.2,7.9,2025-08-15T00:00:00+09:30,PT5M
24,78,15.9,0,0,0,1015.4,235,1.6,168,PARTLY CLOUDY,24.2,7.9,2025-08-15T00:05:00+09:30,PT5M
24,77,15.9,0,0,0,1015.4,233,1.6,169,PARTLY CLOUDY,24.2,7.9,2025-08-15T00:10:00+09:30,PT5M
24,75,15.9,0,0,0,1015.4,232,1.7,170,PARTLY CLOUDY,24.2,7.9,2025-08-15T00:15:00+09:30,PT5M
24,74,15.9,0,0,0,1015.4,230,1.7,171,PARTLY CLOUDY,24.3,7.9,2025-08-15T00:20:00+09:30,PT5M
24,71,15.9,0,0,0,1015.4,229,1.7,173,PARTLY CLOUDY,24.3,7.9,2025-08-15T00:25:00+09:30,PT5M
24,68,14,0,0,0,1015.4,228,1.8,174,PARTLY CLOUDY,24.3,7.9,2025-08-15T00:30:00+09:30,PT5M
24,64,12.1,0,0,0,1015.4,227,1.8,175,PARTLY CLOUDY,24.3,7.8,2025-08-15T00:35:00+09:30,PT5M
24,56,19.6,0,0,0,1015.4,227,1.7,176,PARTLY CLOUDY,24.3,7.8,2025-08-15T00:40:00+09:30,PT5M
24,44,14,0,0,0,1015.3,226,1.7,177,PARTLY CLOUDY,24.3,7.8,2025-08-15T00:45:00+09:30,PT5M
23,24,14,0,0,0,1015.3,226,1.7,178,PARTLY CLOUDY,24.4,7.8,2025-08-15T00:50:00+09:30,PT5M
23,-5,12.1,0,0,0,1015.3,226,1.7,178,PARTLY CLOUDY,24.4,7.8,2025-08-15T00:55:00+09:30,PT5M
23,-32,8.2,0,0,0,1015.3,225,1.6,177,MOSTLY CLEAR,24.4,7.8,2025-08-15T01:00:00+09:30,PT5M
23,-49,14,0,0,0,1015.2,225,1.6,177,PARTLY CLOUDY,24.4,7.8,2025-08-15T01:05:00+09:30,PT5M
23,-59,17.8,0,0,0,1015.2,224,1.6,176,PARTLY CLOUDY,24.4,7.8,2025-08-15T01:10:00+09:30,PT5M
23,-65,14,0,0,0,1015.2,224,1.6,174,PARTLY CLOUDY,24.4,7.8,2025-08-15T01:15:00+09:30,PT5M
23,-70,10.1,0,0,0,1015.2,223,1.5,173,PARTLY CLOUDY,24.3,7.8,2025-08-15T01:20:00+09:30,PT5M
23,-72,14,0,0,0,1015.1,223,1.5,172,PARTLY CLOUDY,24.3,7.8,2025-08-15T01:25:00+09:30,PT5M
23,-75,21.4,0,0,0,1015.1,223,1.5,171,PARTLY CLOUDY,24.3,7.8,2025-08-15T01:30:00+09:30,PT5M
23,-76,17.8,0,0,0,1015.1,221,1.5,170,PARTLY CLOUDY,24.3,7.7,2025-08-15T01:35:00+09:30,PT5M
23,-77,14,0,0,0,1015.1,220,1.4,169,PARTLY CLOUDY,24.3,7.7,2025-08-15T01:40:00+09:30,PT5M
23,-78,21.4,0,0,0,1015,218,1.4,167,PARTLY CLOUDY,24.3,7.7,2025-08-15T01:45:00+09:30,PT5M
23,-79,19.6,0,0,0,1015,216,1.3,166,PARTLY CLOUDY,24.2,7.7,2025-08-15T01:50:00+09:30,PT5M
23,-80,19.6,0,0,0,1015,213,1.3,165,PARTLY CLOUDY,24.2,7.7,2025-08-15T01:55:00+09:30,PT5M
23,-80,14,0,0,0,1015,211,1.2,164,PARTLY CLOUDY,24.2,7.7,2025-08-15T02:00:00+09:30,PT5M
23,-81,17.8,0,0,0,1015,208,1.2,163,PARTLY CLOUDY,24.2,7.7,2025-08-15T02:05:00+09:30,PT5M
23,-81,19.6,0,0,0,1015,206,1.2,161,PARTLY CLOUDY,24.2,7.7,2025-08-15T02:10:00+09:30,PT5M
23,-81,15.9,0,0,0,1014.9,203,1.1,160,PARTLY CLOUDY,24.1,7.7,2025-08-15T02:15:00+09:30,PT5M
22,-81,14,0,0,0,1014.9,200,1.1,159,PARTLY CLOUDY,24.1,7.7,2025-08-15T02:20:00+09:30,PT5M
22,-82,25,0,0,0,1014.9,197,1.1,158,PARTLY CLOUDY,24.1,7.7,2025-08-15T02:25:00+09:30,PT5M
22,-82,26.8,0,0,0,1014.9,193,1,157,PARTLY CLOUDY,24.1,7.7,2025-08-15T02:30:00+09:30,PT5M
22,-82,19.6,0,0,0,1014.9,189,1,155,PARTLY CLOUDY,24,7.6,2025-08-15T02:35:00+09:30,PT5M
22,-82,23.2,0,0,0,1014.8,185,0.9,154,PARTLY CLOUDY,24,7.6,2025-08-15T02:40:00+09:30,PT5M
22,-82,32,0,0,0,1014.8,179,0.9,153,PARTLY CLOUDY,24,7.6,2025-08-15T02:45:00+09:30,PT5M
22,-82,35.3,0,0,0,1014.8,174,0.9,152,MOSTLY CLOUDY,24,7.6,2025-08-15T02:50:00+09:30,PT5M
22,-82,28.5,0,0,0,1014.7,168,0.8,151,PARTLY CLOUDY,23.9,7.6,2025-08-15T02:55:00+09:30,PT5M
22,-82,33.6,0,0,0,1014.7,161,0.8,149,PARTLY CLOUDY,23.9,7.6,2025-08-15T03:00:00+09:30,PT5M
22,-82,30.3,0,0,0,1014.7,155,0.8,148,PARTLY CLOUDY,23.9,7.6,2025-08-15T03:05:00+09:30,PT5M
22,-82,28.5,0,0,0,1014.6,148,0.8,147,PARTLY CLOUDY,23.9,7.6,2025-08-15T03:10:00+09:30,PT5M
22,-82,25,0,0,0,1014.6,142,0.8,146,PARTLY CLOUDY,23.9,7.6,2025-08-15T03:15:00+09:30,PT5M
22,-82,17.8,0,0,0,1014.6,136,0.8,145,PARTLY CLOUDY,23.9,7.7,2025-08-15T03:20:00+09:30,PT5M
22,-82,17.8,0,0,0,1014.5,130,0.9,143,PARTLY CLOUDY,23.9,7.7,2025-08-15T03:25:00+09:30,PT5M
22,-82,17.8,0,0,0,1014.5,124,0.9,142,PARTLY CLOUDY,23.9,7.7,2025-08-15T03:30:00+09:30,PT5M
22,-82,23.2,0,0,0,1014.5,121,1,141,PARTLY CLOUDY,23.9,7.7,2025-08-15T03:35:00+09:30,PT5M
22,-82,19.6,0,0,0,1014.5,120,1,140,PARTLY CLOUDY,23.9,7.7,2025-08-15T03:40:00+09:30,PT5M
22,-82,17.8,0,0,0,1014.5,119,1,138,PARTLY CLOUDY,23.9,7.7,2025-08-15T03:45:00+09:30,PT5M
22,-82,17.8,0,0,0,1014.5,118,1.1,137,PARTLY CLOUDY,23.9,7.8,2025-08-15T03:50:00+09:30,PT5M
22,-82,14,0,0,0,1014.5,117,1.1,136,PARTLY CLOUDY,23.9,7.8,2025-08-15T03:55:00+09:30,PT5M
22,-82,12.1,0,0,0,1014.5,116,1.1,135,PARTLY CLOUDY,23.9,7.8,2025-08-15T04:00:00+09:30,PT5M
22,-82,12.1,0,0,0,1014.5,115,1.2,134,PARTLY CLOUDY,23.9,7.8,2025-08-15T04:05:00+09:30,PT5M
22,-81,12.1,0,0,0,1014.5,114,1.2,132,PARTLY CLOUDY,23.9,7.8,2025-08-15T04:10:00+09:30,PT5M
22,-81,12.1,0,0,0,1014.6,113,1.3,131,PARTLY CLOUDY,23.9,7.8,2025-08-15T04:15:00+09:30,PT5M
22,-81,10.1,0,0,0,1014.6,113,1.3,130,PARTLY CLOUDY,23.9,7.9,2025-08-15T04:20:00+09:30,PT5M
22,-81,10.1,0,0,0,1014.6,112,1.3,129,PARTLY CLOUDY,23.9,7.9,2025-08-15T04:25:00+09:30,PT5M
22,-81,10.1,0,0,0,1014.6,111,1.4,128,PARTLY CLOUDY,23.9,7.9,2025-08-15T04:30:00+09:30,PT5M
22,-81,12.1,0,0,0,1014.6,111,1.4,126,PARTLY CLOUDY,23.9,7.9,2025-08-15T04:35:00+09:30,PT5M
22,-81,12.1,0,0,0,1014.5,110,1.4,125,PARTLY CLOUDY,23.9,7.9,2025-08-15T04:40:00+09:30,PT5M
22,-81,12.1,0,0,0,1014.5,109,1.4,124,PARTLY CLOUDY,23.9,7.9,2025-08-15T04:45:00+09:30,PT5M
22,-80,10.1,0,0,0,1014.5,108,1.5,123,PARTLY CLOUDY,23.9,8,2025-08-15T04:50:00+09:30,PT5M
21,-80,8.2,0,0,0,1014.5,107,1.5,122,MOSTLY CLEAR,23.9,8,2025-08-15T04:55:00+09:30,PT5M
21,-80,10.1,0,0,0,1014.4,106,1.5,120,PARTLY CLOUDY,23.9,8,2025-08-15T05:00:00+09:30,PT5M
21,-80,8.2,0,0,0,1014.4,105,1.5,119,MOSTLY CLEAR,23.9,8,2025-08-15T05:05:00+09:30,PT5M
21,-80,0,0,0,0,1014.4,104,1.5,118,CLEAR,23.9,8,2025-08-15T05:10:00+09:30,PT5M
21,-80,0,0,0,0,1014.4,103,1.6,117,CLEAR,23.9,8,2025-08-15T05:15:00+09:30,PT5M
21,-80,0,0,0,0,1014.3,103,1.6,116,CLEAR,23.9,8,2025-08-15T05:20:00+09:30,PT5M
21,-79,8.2,0,0,0,1014.3,102,1.6,114,MOSTLY CLEAR,23.9,8,2025-08-15T05:25:00+09:30,PT5M
21,-79,10.1,0,0,0,1014.3,101,1.6,113,PARTLY CLOUDY,23.9,8,2025-08-15T05:30:00+09:30,PT5M
21,-79,8.2,0,0,0,1014.3,100,1.6,112,MOSTLY CLEAR,24,7.9,2025-08-15T05:35:00+09:30,PT5M
21,-79,0,0,0,0,1014.3,100,1.7,111,CLEAR,24,7.9,2025-08-15T05:40:00+09:30,PT5M
21,-79,8.2,0,0,0,1014.3,99,1.7,110,MOSTLY CLEAR,24,7.9,2025-08-15T05:45:00+09:30,PT5M
21,-78,8.2,0,0,0,1014.4,99,1.7,108,MOSTLY CLEAR,24,7.9,2025-08-15T05:50:00+09:30,PT5M
21,-78,8.2,0,0,0,1014.4,99,1.8,107,MOSTLY CLEAR,24,7.9,2025-08-15T05:55:00+09:30,PT5M
21,-78,10.1,0,0,0,1014.4,98,1.8,106,PARTLY CLOUDY,24,7.9,2025-08-15T06:00:00+09:30,PT5M
21,-78,10.1,0,0,0,1014.4,98,1.8,105,PARTLY CLOUDY,24,7.9,2025-08-15T06:05:00+09:30,PT5M
21,-78,8.2,0,0,0,1014.5,97,1.9,104,MOSTLY CLEAR,23.8,7.8,2025-08-15T06:10:00+09:30,PT5M
21,-77,8.2,0,0,0,1014.5,97,1.9,102,MOSTLY CLEAR,23.8,7.8,2025-08-15T06:15:00+09:30,PT5M
21,-77,8.2,0,0,0,1014.5,97,1.9,101,MOSTLY CLEAR,23.6,7.8,2025-08-15T06:20:00+09:30,PT5M
21,-77,8.2,0,0,0,1014.5,96,2,100,MOSTLY CLEAR,23.6,7.8,2025-08-15T06:25:00+09:30,PT5M
21,-77,10.1,0,0,0,1014.6,96,2,99,PARTLY CLOUDY,23.5,7.7,2025-08-15T06:30:00+09:30,PT5M
21,-77,0,0,0,0,1014.6,96,2,98,CLEAR,23.4,7.7,2025-08-15T06:35:00+09:30,PT5M
21,-76,0,0,0,0,1014.6,97,2,96,CLEAR,23.2,7.6,2025-08-15T06:40:00+09:30,PT5M
21,-76,0,0,0,0,1014.7,97,2,95,CLEAR,23.2,7.6,2025-08-15T06:45:00+09:30,PT5M
21,-76,8.2,0,0,0,1014.7,98,2,94,MOSTLY CLEAR,23,7.6,2025-08-15T06:50:00+09:30,PT5M
21,-76,8.2,0,0,0,1014.7,99,2.1,93,MOSTLY CLEAR,23,7.6,2025-08-15T06:55:00+09:30,PT5M
21,-75,0,0,0,0,1014.8,99,2.1,92,CLEAR,22.9,7.5,2025-08-15T07:00:00+09:30,PT5M
21,-75,0,0,0,0,1014.8,100,2.1,91,CLEAR,22.7,7.5,2025-08-15T07:05:00+09:30,PT5M
21,-75,0,4,4,0,1014.8,101,2.1,89,SUNNY,22.5,7.4,2025-08-15T07:10:00+09:30,PT5M
21,-75,0,13,15,0,1014.9,101,2.1,88,SUNNY,22.3,7.4,2025-08-15T07:15:00+09:30,PT5M
21,-74,12.1,22,23,0,1014.9,102,2.1,87,PARTLY CLOUDY,22,7.3,2025-08-15T07:20:00+09:30,PT5M
21,-74,0,38,48,0,1014.9,102,2.1,86,SUNNY,21.8,7.3,2025-08-15T07:25:00+09:30,PT5M
21,-74,0,52,71,0,1015,103,2.2,85,SUNNY,21.6,7.2,2025-08-15T07:30:00+09:30,PT5M
21,-73,0,68,90,0,1015,103,2.2,84,SUNNY,21.4,7.2,2025-08-15T07:35:00+09:30,PT5M
21,-73,0,84,109,0,1015,103,2.2,82,SUNNY,21.2,7.1,2025-08-15T07:40:00+09:30,PT5M
22,-73,0,101,129,0,1015.1,103,2.2,81,SUNNY,21,7.1,2025-08-15T07:45:00+09:30,PT5M
22,-72,0,119,149,0,1015.1,103,2.3,80,SUNNY,20.7,7,2025-08-15T07:50:00+09:30,PT5M
22,-72,0,137,169,0,1015.1,103,2.3,79,SUNNY,20.5,7,2025-08-15T07:55:00+09:30,PT5M
23,-72,0,155,189,0,1015.1,102,2.3,78,SUNNY,20.3,6.9,2025-08-15T08:00:00+09:30,PT5M
23,-71,0,174,210,0,1015.2,102,2.4,77,SUNNY,20.1,6.9,2025-08-15T08:05:00+09:30,PT5M
23,-71,0,192,231,0,1015.2,102,2.4,75,SUNNY,19.9,6.8,2025-08-15T08:10:00+09:30,PT5M
24,-71,0,211,251,0,1015.2,102,2.4,74,SUNNY,19.6,6.7,2025-08-15T08:15:00+09:30,PT5M
24,-70,0,231,272,0,1015.2,102,2.5,73,SUNNY,19.4,6.6,2025-08-15T08:20:00+09:30,PT5M
24,-70,0,250,293,0,1015.3,102,2.5,72,SUNNY,19.2,6.6,2025-08-15T08:25:00+09:30,PT5M
25,-69,0,269,314,0,1015.3,101,2.5,71,SUNNY,19,6.5,2025-08-15T08:30:00+09:30,PT5M
25,-69,0,288,334,0,1015.3,101,2.6,70,SUNNY,18.7,6.4,2025-08-15T08:35:00+09:30,PT5M
25,-69,0,307,355,0,1015.4,99,2.6,68,SUNNY,18.5,6.3,2025-08-15T08:40:00+09:30,PT5M
26,-68,0,326,375,0,1015.4,98,2.6,67,SUNNY,18.3,6.3,2025-08-15T08:45:00+09:30,PT5M
26,-68,0,345,395,0,1015.5,97,2.7,66,SUNNY,18.1,6.2,2025-08-15T08:50:00+09:30,PT5M
26,-67,0,364,415,0,1015.5,96,2.7,65,SUNNY,17.8,6.1,2025-08-15T08:55:00+09:30,PT5M
26,-67,0,383,435,0,1015.6,95,2.7,64,SUNNY,17.6,6,2025-08-15T09:00:00+09:30,PT5M
26,-66,0,402,454,0,1015.6,94,2.8,63,SUNNY,17.4,6,2025-08-15T09:05:00+09:30,PT5M
27,-66,0,420,474,0,1015.7,93,2.8,62,SUNNY,17.4,5.9,2025-08-15T09:10:00+09:30,PT5M
27,-65,0,438,493,0,1015.7,92,2.9,61,SUNNY,17.3,5.8,2025-08-15T09:15:00+09:30,PT5M
27,-65,0,456,511,0,1015.8,90,2.9,60,SUNNY,17.2,5.7,2025-08-15T09:20:00+09:30,PT5M
27,-64,0,474,530,0,1015.8,90,2.9,58,SUNNY,17,5.6,2025-08-15T09:25:00+09:30,PT5M
28,-63,0,491,548,0,1015.9,89,3,57,SUNNY,17,5.5,2025-08-15T09:30:00+09:30,PT5M
28,-63,0,509,567,0,1015.9,88,3,56,SUNNY,16.9,5.5,2025-08-15T09:35:00+09:30,PT5M
28,-62,0,526,585,0,1015.9,88,3,55,SUNNY,16.8,5.4,2025-08-15T09:40:00+09:30,PT5M
28,-61,0,543,602,0,1015.8,87,3.1,54,SUNNY,16.6,5.3,2025-08-15T09:45:00+09:30,PT5M
28,-61,0,559,619,0,1015.8,87,3.1,53,SUNNY,16.6,5.2,2025-08-15T09:50:00+09:30,PT5M
28,-60,0,575,636,0,1015.8,87,3.1,52,SUNNY,16.5,5.1,2025-08-15T09:55:00+09:30,PT5M
28,-59,0,591,652,0,1015.8,87,3.1,51,SUNNY,16.4,5,2025-08-15T10:00:00+09:30,PT5M
29,-58,0,606,668,0,1015.7,86,3.2,50,SUNNY,16.3,5,2025-08-15T10:05:00+09:30,PT5M
29,-58,0,621,684,0,1015.7,86,3.2,49,SUNNY,16.3,5,2025-08-15T10:10:00+09:30,PT5M
29,-57,0,636,699,0,1015.7,86,3.2,48,SUNNY,16.3,5,2025-08-15T10:15:00+09:30,PT5M
29,-56,0,650,714,0,1015.7,85,3.2,47,SUNNY,16.3,5.1,2025-08-15T10:20:00+09:30,PT5M
29,-55,0,664,728,0,1015.6,85,3.3,46,SUNNY,16.3,5.1,2025-08-15T10:25:00+09:30,PT5M
29,-54,0,677,742,0,1015.6,85,3.3,45,SUNNY,16.3,5.1,2025-08-15T10:30:00+09:30,PT5M
29,-53,0,691,756,0,1015.6,85,3.3,44,SUNNY,16.4,5.1,2025-08-15T10:35:00+09:30,PT5M
30,-52,0,703,769,0,1015.5,85,3.4,43,SUNNY,16.4,5.1,2025-08-15T10:40:00+09:30,PT5M
30,-51,0,716,782,0,1015.5,86,3.4,42,SUNNY,16.4,5.1,2025-08-15T10:45:00+09:30,PT5M
30,-50,0,728,794,0,1015.4,86,3.5,41,SUNNY,16.4,5.2,2025-08-15T10:50:00+09:30,PT5M
30,-48,0,739,806,0,1015.4,86,3.5,40,SUNNY,16.4,5.2,2025-08-15T10:55:00+09:30,PT5M
30,-47,0,750,818,0,1015.3,87,3.5,39,SUNNY,16.4,5.2,2025-08-15T11:00:00+09:30,PT5M
30,-46,0,761,829,0,1015.3,87,3.6,38,SUNNY,16.4,5.2,2025-08-15T11:05:00+09:30,PT5M
31,-44,0,771,840,0,1015.2,87,3.6,37,SUNNY,16.4,5.2,2025-08-15T11:10:00+09:30,PT5M
31,-43,0,781,850,0,1015.2,88,3.7,36,SUNNY,16.4,5.2,2025-08-15T11:15:00+09:30,PT5M
31,-41,0,791,859,0,1015.1,88,3.7,36,SUNNY,16.4,5.2,2025-08-15T11:20:00+09:30,PT5M
31,-40,0,799,869,0,1015.1,88,3.7,35,SUNNY,16.4,5.2,2025-08-15T11:25:00+09:30,PT5M
31,-38,0,808,877,0,1015,88,3.8,34,SUNNY,16.4,5.2,2025-08-15T11:30:00+09:30,PT5M
31,-36,0,816,886,0,1014.9,89,3.8,33,SUNNY,16.5,5.2,2025-08-15T11:35:00+09:30,PT5M
31,-35,0,824,894,0,1014.8,89,3.8,33,SUNNY,16.5,5.2,2025-08-15T11:40:00+09:30,PT5M
31,-33,0,831,901,0,1014.7,89,3.8,32,SUNNY,16.5,5.2,2025-08-15T11:45:00+09:30,PT5M
31,-31,0,837,908,0,1014.6,90,3.8,31,SUNNY,16.5,5.2,2025-08-15T11:50:00+09:30,PT5M
31,-29,0,843,914,0,1014.5,90,3.8,31,SUNNY,16.5,5.2,2025-08-15T11:55:00+09:30,PT5M
32,-27,0,849,920,0,1014.4,91,3.8,30,SUNNY,16.5,5.2,2025-08-15T12:00:00+09:30,PT5M
32,-25,0,854,925,0,1014.3,91,3.9,30,SUNNY,16.5,5.2,2025-08-15T12:05:00+09:30,PT5M
32,-22,0,859,930,0,1014.2,91,3.9,29,SUNNY,16.6,5.2,2025-08-15T12:10:00+09:30,PT5M
32,-20,0,863,934,0,1014.1,92,3.9,29,SUNNY,16.6,5.2,2025-08-15T12:15:00+09:30,PT5M
32,-18,0,866,938,0,1014,92,3.9,28,SUNNY,16.7,5.1,2025-08-15T12:20:00+09:30,PT5M
32,-15,0,869,941,0,1013.9,92,3.9,28,SUNNY,16.8,5.1,2025-08-15T12:25:00+09:30,PT5M
32,-13,0,872,944,0,1013.8,93,3.9,28,SUNNY,16.8,5.1,2025-08-15T12:30:00+09:30,PT5M
32,-10,0,874,946,0,1013.7,93,3.9,27,SUNNY,16.9,5.1,2025-08-15T12:35:00+09:30,PT5M
32,-7,0,876,947,0,1013.7,93,3.8,27,SUNNY,16.9,5.1,2025-08-15T12:40:00+09:30,PT5M
32,-5,0,877,948,0,1013.6,93,3.8,27,SUNNY,17,5.1,2025-08-15T12:45:00+09:30,PT5M
32,-2,0,877,949,0,1013.5,93,3.8,27,SUNNY,17.1,5,2025-08-15T12:50:00+09:30,PT5M
32,1,0,877,949,0,1013.4,93,3.7,27,SUNNY,17.1,5,2025-08-15T12:55:00+09:30,PT5M
32,3,0,877,949,0,1013.3,92,3.7,27,SUNNY,17.2,5,2025-08-15T13:00:00+09:30,PT5M
32,6,0,876,948,0,1013.2,92,3.6,27,SUNNY,17.3,5,2025-08-15T13:05:00+09:30,PT5M
32,8,0,875,946,0,1013.2,92,3.6,27,SUNNY,17.4,5,2025-08-15T13:10:00+09:30,PT5M
32,11,0,873,944,0,1013.1,92,3.5,28,SUNNY,17.4,5,2025-08-15T13:15:00+09:30,PT5M
32,14,0,871,942,0,1013,92,3.5,28,SUNNY,17.6,4.9,2025-08-15T13:20:00+09:30,PT5M
32,16,0,868,939,0,1012.9,92,3.5,28,SUNNY,17.7,4.9,2025-08-15T13:25:00+09:30,PT5M
33,19,0,864,936,0,1012.8,92,3.4,28,SUNNY,17.8,4.9,2025-08-15T13:30:00+09:30,PT5M
33,21,0,861,932,0,1012.7,92,3.4,29,SUNNY,17.8,4.9,2025-08-15T13:35:00+09:30,PT5M
33,23,0,856,927,0,1012.7,91,3.4,29,SUNNY,18,4.9,2025-08-15T13:40:00+09:30,PT5M
33,25,0,852,922,0,1012.6,91,3.3,30,SUNNY,18,4.9,2025-08-15T13:45:00+09:30,PT5M
33,28,0,846,917,0,1012.5,91,3.3,30,SUNNY,18.2,4.8,2025-08-15T13:50:00+09:30,PT5M
33,30,0,840,911,0,1012.4,91,3.3,31,SUNNY,18.2,4.8,2025-08-15T13:55:00+09:30,PT5M
33,32,0,834,904,0,1012.3,91,3.2,32,SUNNY,18.4,4.8,2025-08-15T14:00:00+09:30,PT5M
33,34,0,827,897,0,1012.2,91,3.2,32,SUNNY,18.4,4.8,2025-08-15T14:05:00+09:30,PT5M
33,35,0,820,890,0,1012.2,91,3.2,33,SUNNY,18.6,4.8,2025-08-15T14:10:00+09:30,PT5M
33,37,0,812,882,0,1012.1,91,3.1,34,SUNNY,18.6,4.8,2025-08-15T14:15:00+09:30,PT5M
33,39,0,804,873,0,1012,90,3.1,34,SUNNY,18.8,4.8,2025-08-15T14:20:00+09:30,PT5M
33,41,0,796,864,0,1011.9,90,3.1,35,SUNNY,18.8,4.8,2025-08-15T14:25:00+09:30,PT5M
33,42,0,787,855,0,1011.8,90,3,36,SUNNY,19,4.8,2025-08-15T14:30:00+09:30,PT5M
33,44,0,777,845,0,1011.8,90,3,37,SUNNY,19,4.7,2025-08-15T14:35:00+09:30,PT5M
33,45,0,767,835,0,1011.7,90,3,38,SUNNY,19.2,4.7,2025-08-15T14:40:00+09:30,PT5M
33,46,0,757,824,0,1011.7,90,2.9,39,SUNNY,19.2,4.7,2025-08-15T14:45:00+09:30,PT5M
33,48,0,746,813,0,1011.7,89,2.9,39,SUNNY,19.4,4.7,2025-08-15T14:50:00+09:30,PT5M
33,49,0,734,801,0,1011.6,89,2.9,40,SUNNY,19.4,4.7,2025-08-15T14:55:00+09:30,PT5M
33,50,0,723,789,0,1011.6,89,2.8,41,SUNNY,19.6,4.7,2025-08-15T15:00:00+09:30,PT5M
33,51,0,710,776,0,1011.6,89,2.8,42,SUNNY,19.6,4.8,2025-08-15T15:05:00+09:30,PT5M
33,52,0,697,762,0,1011.5,89,2.8,43,SUNNY,19.6,4.9,2025-08-15T15:10:00+09:30,PT5M
33,53,0,684,749,0,1011.5,89,2.7,44,SUNNY,19.7,5.1,2025-08-15T15:15:00+09:30,PT5M
33,54,0,671,734,0,1011.5,88,2.7,45,SUNNY,19.7,5.2,2025-08-15T15:20:00+09:30,PT5M
33,55,0,657,720,0,1011.4,88,2.7,46,SUNNY,19.8,5.4,2025-08-15T15:25:00+09:30,PT5M
33,56,0,642,705,0,1011.4,88,2.6,47,SUNNY,19.8,5.5,2025-08-15T15:30:00+09:30,PT5M
33,57,0,627,689,0,1011.4,88,2.6,48,SUNNY,19.8,5.7,2025-08-15T15:35:00+09:30,PT5M
33,58,0,612,673,0,1011.3,88,2.6,49,SUNNY,19.8,5.8,2025-08-15T15:40:00+09:30,PT5M
33,59,0,597,657,0,1011.3,88,2.6,50,SUNNY,19.9,6,2025-08-15T15:45:00+09:30,PT5M
33,60,0,581,641,0,1011.3,88,2.5,51,SUNNY,19.9,6.1,2025-08-15T15:50:00+09:30,PT5M
33,60,0,565,624,0,1011.3,88,2.5,52,SUNNY,20,6.3,2025-08-15T15:55:00+09:30,PT5M
33,61,0,548,607,0,1011.2,88,2.5,53,SUNNY,20,6.4,2025-08-15T16:00:00+09:30,PT5M
33,62,0,532,589,0,1011.2,88,2.5,54,SUNNY,20,6.5,2025-08-15T16:05:00+09:30,PT5M
33,62,0,515,572,0,1011.2,88,2.5,56,SUNNY,20,6.5,2025-08-15T16:10:00+09:30,PT5M
33,63,0,498,554,0,1011.2,88,2.5,57,SUNNY,20,6.5,2025-08-15T16:15:00+09:30,PT5M
33,64,0,481,536,0,1011.1,88,2.4,58,SUNNY,20,6.5,2025-08-15T16:20:00+09:30,PT5M
33,64,0,463,518,0,1011.1,88,2.4,59,SUNNY,20,6.5,2025-08-15T16:25:00+09:30,PT5M
33,65,0,446,499,0,1011.1,88,2.4,60,SUNNY,20,6.5,2025-08-15T16:30:00+09:30,PT5M
32,65,0,428,480,0,1011.1,88,2.4,61,SUNNY,19.9,6.4,2025-08-15T16:35:00+09:30,PT5M
32,66,0,410,461,0,1011.1,88,2.4,62,SUNNY,19.9,6.4,2025-08-15T16:40:00+09:30,PT5M
32,66,0,391,442,0,1011.1,88,2.4,63,SUNNY,19.9,6.4,2025-08-15T16:45:00+09:30,PT5M
32,67,0,373,422,0,1011.2,88,2.3,64,SUNNY,19.9,6.4,2025-08-15T16:50:00+09:30,PT5M
32,67,0,354,403,0,1011.2,88,2.3,65,SUNNY,19.9,6.4,2025-08-15T16:55:00+09:30,PT5M
32,68,0,336,383,0,1011.2,88,2.3,67,SUNNY,19.9,6.4,2025-08-15T17:00:00+09:30,PT5M
32,68,0,317,363,0,1011.2,88,2.3,68,SUNNY,19.9,6.4,2025-08-15T17:05:00+09:30,PT5M
32,69,0,298,343,0,1011.3,87,2.3,69,SUNNY,19.9,6.4,2025-08-15T17:10:00+09:30,PT5M
32,69,0,279,322,0,1011.3,87,2.3,70,SUNNY,19.8,6.4,2025-08-15T17:15:00+09:30,PT5M
31,70,0,260,302,0,1011.3,87,2.2,71,SUNNY,19.8,6.5,2025-08-15T17:20:00+09:30,PT5M
31,70,0,241,281,0,1011.3,87,2.2,72,SUNNY,19.8,6.5,2025-08-15T17:25:00+09:30,PT5M
31,71,0,222,261,0,1011.4,87,2.2,73,SUNNY,19.8,6.5,2025-08-15T17:30:00+09:30,PT5M
31,71,0,203,240,0,1011.4,87,2.2,75,SUNNY,19.7,6.5,2025-08-15T17:35:00+09:30,PT5M
31,71,0,184,220,0,1011.5,86,2.1,76,SUNNY,19.7,6.5,2025-08-15T17:40:00+09:30,PT5M
31,72,0,165,199,0,1011.5,86,2.1,77,SUNNY,19.7,6.5,2025-08-15T17:45:00+09:30,PT5M
31,72,0,147,179,0,1011.6,85,2.1,78,SUNNY,19.7,6.6,2025-08-15T17:50:00+09:30,PT5M
31,72,0,129,158,0,1011.6,84,2,79,SUNNY,19.6,6.6,2025-08-15T17:55:00+09:30,PT5M
31,73,0,111,138,0,1011.7,83,2,80,SUNNY,19.6,6.6,2025-08-15T18:00:00+09:30,PT5M
31,73,0,94,118,0,1011.8,82,1.9,82,SUNNY,19.6,6.6,2025-08-15T18:05:00+09:30,PT5M
31,73,0,77,99,0,1011.8,81,1.9,83,SUNNY,19.7,6.6,2025-08-15T18:10:00+09:30,PT5M
31,74,0,61,80,0,1011.9,80,1.9,84,SUNNY,19.7,6.7,2025-08-15T18:15:00+09:30,PT5M
30,74,0,46,61,0,1011.9,79,1.8,85,SUNNY,19.8,6.7,2025-08-15T18:20:00+09:30,PT5M
30,74,8.2,30,33,0,1012,78,1.8,86,MOSTLY SUNNY,19.9,6.7,2025-08-15T18:25:00+09:30,PT5M
30,75,12.1,18,18,0,1012.1,77,1.8,87,PARTLY CLOUDY,19.9,6.7,2025-08-15T18:30:00+09:30,PT5M
30,75,12.1,8,8,0,1012.1,78,1.7,89,PARTLY CLOUDY,20,6.8,2025-08-15T18:35:00+09:30,PT5M
30,75,12.1,1,1,0,1012.2,79,1.6,90,PARTLY CLOUDY,20,6.8,2025-08-15T18:40:00+09:30,PT5M
30,75,12.1,0,0,0,1012.2,82,1.4,91,PARTLY CLOUDY,20.1,6.8,2025-08-15T18:45:00+09:30,PT5M
29,76,15.9,0,0,0,1012.3,84,1.3,92,PARTLY CLOUDY,20.2,6.8,2025-08-15T18:50:00+09:30,PT5M
29,76,8.2,0,0,0,1012.4,87,1.2,93,MOSTLY CLEAR,20.2,6.9,2025-08-15T18:55:00+09:30,PT5M
29,76,14,0,0,0,1012.4,91,1.1,95,PARTLY CLOUDY,20.3,6.9,2025-08-15T19:00:00+09:30,PT5M
29,76,15.9,0,0,0,1012.5,95,1,96,PARTLY CLOUDY,20.4,6.9,2025-08-15T19:05:00+09:30,PT5M
28,77,10.1,0,0,0,1012.6,100,0.9,97,PARTLY CLOUDY,20.5,6.9,2025-08-15T19:10:00+09:30,PT5M
28,77,0,0,0,0,1012.6,107,0.8,98,CLEAR,20.7,6.9,2025-08-15T19:15:00+09:30,PT5M
28,77,0,0,0,0,1012.7,115,0.7,99,CLEAR,20.8,7,2025-08-15T19:20:00+09:30,PT5M
28,77,0,0,0,0,1012.8,125,0.7,100,CLEAR,20.9,7,2025-08-15T19:25:00+09:30,PT5M
27,78,0,0,0,0,1012.8,136,0.6,102,CLEAR,21.1,7,2025-08-15T19:30:00+09:30,PT5M
27,78,0,0,0,0,1012.9,142,0.6,103,CLEAR,21.2,7,2025-08-15T19:35:00+09:30,PT5M
27,78,0,0,0,0,1013,144,0.6,104,CLEAR,21.4,7,2025-08-15T19:40:00+09:30,PT5M
27,78,0,0,0,0,1013,146,0.5,105,CLEAR,21.5,7,2025-08-15T19:45:00+09:30,PT5M
27,78,0,0,0,0,1013.1,148,0.5,106,CLEAR,21.6,7.1,2025-08-15T19:50:00+09:30,PT5M
26,79,8.2,0,0,0,1013.1,151,0.4,108,MOSTLY CLEAR,21.8,7.1,2025-08-15T19:55:00+09:30,PT5M
26,79,14,0,0,0,1013.2,155,0.4,109,PARTLY CLOUDY,21.9,7.1,2025-08-15T20:00:00+09:30,PT5M
26,79,14,0,0,0,1013.3,159,0.4,110,PARTLY CLOUDY,22.1,7.1,2025-08-15T20:05:00+09:30,PT5M
26,79,14,0,0,0,1013.3,164,0.3,111,PARTLY CLOUDY,22.2,7.1,2025-08-15T20:10:00+09:30,PT5M
26,79,12.1,0,0,0,1013.4,171,0.3,112,PARTLY CLOUDY,22.3,7.1,2025-08-15T20:15:00+09:30,PT5M
25,79,12.1,0,0,0,1013.4,179,0.3,114,PARTLY CLOUDY,22.5,7.2,2025-08-15T20:20:00+09:30,PT5M
25,80,12.1,0,0,0,1013.5,189,0.2,115,PARTLY CLOUDY,22.6,7.2,2025-08-15T20:25:00+09:30,PT5M
25,80,12.1,0,0,0,1013.6,200,0.2,116,PARTLY CLOUDY,22.7,7.2,2025-08-15T20:30:00+09:30,PT5M
25,80,12.1,0,0,0,1013.6,209,0.2,117,PARTLY CLOUDY,22.9,7.2,2025-08-15T20:35:00+09:30,PT5M
25,80,12.1,0,0,0,1013.6,212,0.3,118,PARTLY CLOUDY,23,7.2,2025-08-15T20:40:00+09:30,PT5M
25,80,12.1,0,0,0,1013.7,215,0.3,120,PARTLY CLOUDY,23.1,7.2,2025-08-15T20:45:00+09:30,PT5M
25,80,12.1,0,0,0,1013.7,217,0.4,121,PARTLY CLOUDY,23.3,7.3,2025-08-15T20:50:00+09:30,PT5M
25,81,10.1,0,0,0,1013.8,219,0.4,122,PARTLY CLOUDY,23.4,7.3,2025-08-15T20:55:00+09:30,PT5M
24,81,10.1,0,0,0,1013.8,220,0.4,123,PARTLY CLOUDY,23.5,7.3,2025-08-15T21:00:00+09:30,PT5M
24,81,10.1,0,0,0,1013.9,221,0.5,124,PARTLY CLOUDY,23.6,7.3,2025-08-15T21:05:00+09:30,PT5M
24,81,10.1,0,0,0,1013.9,222,0.5,126,PARTLY CLOUDY,23.8,7.3,2025-08-15T21:10:00+09:30,PT5M
24,81,10.1,0,0,0,1013.9,223,0.6,127,PARTLY CLOUDY,23.8,7.3,2025-08-15T21:15:00+09:30,PT5M
24,81,8.2,0,0,0,1014,224,0.6,128,MOSTLY CLEAR,24,7.4,2025-08-15T21:20:00+09:30,PT5M
24,81,12.1,0,0,0,1014,224,0.6,129,PARTLY CLOUDY,24,7.4,2025-08-15T21:25:00+09:30,PT5M
24,82,12.1,0,0,0,1014.1,225,0.7,130,PARTLY CLOUDY,24.2,7.4,2025-08-15T21:30:00+09:30,PT5M
24,82,12.1,0,0,0,1014.1,225,0.7,132,PARTLY CLOUDY,24.2,7.4,2025-08-15T21:35:00+09:30,PT5M
24,82,12.1,0,0,0,1014.1,225,0.8,133,PARTLY CLOUDY,24.4,7.4,2025-08-15T21:40:00+09:30,PT5M
24,82,12.1,0,0,0,1014.1,225,0.9,134,PARTLY CLOUDY,24.4,7.4,2025-08-15T21:45:00+09:30,PT5M
23,82,12.1,0,0,0,1014.1,225,0.9,135,PARTLY CLOUDY,24.6,7.5,2025-08-15T21:50:00+09:30,PT5M
23,82,10.1,0,0,0,1014.1,225,1,137,PARTLY CLOUDY,24.6,7.5,2025-08-15T21:55:00+09:30,PT5M
23,82,10.1,0,0,0,1014.1,225,1,138,PARTLY CLOUDY,24.8,7.5,2025-08-15T22:00:00+09:30,PT5M
23,82,10.1,0,0,0,1014.1,225,1.1,139,PARTLY CLOUDY,24.8,7.5,2025-08-15T22:05:00+09:30,PT5M
23,82,8.2,0,0,0,1014.1,225,1.1,140,MOSTLY CLEAR,24.9,7.5,2025-08-15T22:10:00+09:30,PT5M
23,82,10.1,0,0,0,1014.2,225,1.2,141,PARTLY CLOUDY,25,7.5,2025-08-15T22:15:00+09:30,PT5M
23,82,10.1,0,0,0,1014.2,225,1.3,143,PARTLY CLOUDY,25,7.6,2025-08-15T22:20:00+09:30,PT5M
23,82,10.1,0,0,0,1014.2,225,1.3,144,PARTLY CLOUDY,25.1,7.6,2025-08-15T22:25:00+09:30,PT5M
22,83,10.1,0,0,0,1014.2,225,1.4,145,PARTLY CLOUDY,25.2,7.6,2025-08-15T22:30:00+09:30,PT5M
22,83,8.2,0,0,0,1014.2,225,1.4,146,MOSTLY CLEAR,25.2,7.6,2025-08-15T22:35:00+09:30,PT5M
22,83,8.2,0,0,0,1014.2,224,1.4,147,MOSTLY CLEAR,25.3,7.6,2025-08-15T22:40:00+09:30,PT5M
22,83,8.2,0,0,0,1014.2,224,1.4,149,MOSTLY CLEAR,25.4,7.6,2025-08-15T22:45:00+09:30,PT5M
22,83,8.2,0,0,0,1014.2,223,1.4,150,MOSTLY CLEAR,25.4,7.7,2025-08-15T22:50:00+09:30,PT5M
22,83,10.1,0,0,0,1014.3,223,1.4,151,PARTLY CLOUDY,25.5,7.7,2025-08-15T22:55:00+09:30,PT5M
22,83,10.1,0,0,0,1014.3,222,1.4,152,PARTLY CLOUDY,25.6,7.7,2025-08-15T23:00:00+09:30,PT5M
22,83,8.2,0,0,0,1014.3,222,1.4,153,MOSTLY CLEAR,25.6,7.7,2025-08-15T23:05:00+09:30,PT5M
22,83,8.2,0,0,0,1014.3,221,1.4,155,MOSTLY CLEAR,25.7,7.7,2025-08-15T23:10:00+09:30,PT5M
22,82,8.2,0,0,0,1014.3,221,1.4,156,MOSTLY CLEAR,25.8,7.7,2025-08-15T23:15:00+09:30,PT5M
22,82,8.2,0,0,0,1014.3,220,1.4,157,MOSTLY CLEAR,25.9,7.8,2025-08-15T23:20:00+09:30,PT5M
22,82,8.2,0,0,0,1014.4,220,1.4,158,MOSTLY CLEAR,25.9,7.8,2025-08-15T23:25:00+09:30,PT5M
22,82,8.2,0,0,0,1014.4,220,1.4,159,MOSTLY CLEAR,26,7.8,2025-08-15T23:30:00+09:30,PT5M
22,82,8.2,0,0,0,1014.4,219,1.4,161,MOSTLY CLEAR,26.1,7.8,2025-08-15T23:35:00+09:30,PT5M
22,82,8.2,0,0,0,1014.4,219,1.4,162,MOSTLY CLEAR,26.2,7.8,2025-08-15T23:40:00+09:30,PT5M
22,81,8.2,0,0,0,1014.4,219,1.4,163,MOSTLY CLEAR,26.2,7.8,2025-08-15T23:45:00+09:30,PT5M
22,81,8.2,0,0,0,1014.4,219,1.4,164,MOSTLY CLEAR,26.3,7.9,2025-08-15T23:50:00+09:30,PT5M
22,81,8.2,0,0,0,1014.3,218,1.5,166,MOSTLY CLEAR,26.4,7.9,2025-08-15T23:55:00+09:30,PT5M
22,80,8.2,0,0,0,1014.3,218,1.5,167,MOSTLY CLEAR,26.5,7.9,2025-08-16T00:00:00+09:30,PT5M
22,79,8.2,0,0,0,1014.3,218,1.5,168,MOSTLY CLEAR,26.5,7.9,2025-08-16T00:05:00+09:30,PT5M
22,78,8.2,0,0,0,1014.3,218,1.5,169,MOSTLY CLEAR,26.6,7.9,2025-08-16T00:10:00+09:30,PT5M
22,77,8.2,0,0,0,1014.3,218,1.5,170,MOSTLY CLEAR,26.6,7.9,2025-08-16T00:15:00+09:30,PT5M
22,76,8.2,0,0,0,1014.3,217,1.5,172,MOSTLY CLEAR,26.7,8,2025-08-16T00:20:00+09:30,PT5M
22,74,8.2,0,0,0,1014.3,217,1.5,173,MOSTLY CLEAR,26.7,8,2025-08-16T00:25:00+09:30,PT5M
22,71,8.2,0,0,0,1014.3,217,1.5,174,MOSTLY CLEAR,26.8,8,2025-08-16T00:30:00+09:30,PT5M
21,67,8.2,0,0,0,1014.3,216,1.5,175,MOSTLY CLEAR,26.8,8,2025-08-16T00:35:00+09:30,PT5M
21,60,8.2,0,0,0,1014.3,215,1.5,176,MOSTLY CLEAR,26.9,8,2025-08-16T00:40:00+09:30,PT5M
21,48,8.2,0,0,0,1014.3,214,1.5,177,MOSTLY CLEAR,26.9,8,2025-08-16T00:45:00+09:30,PT5M
21,26,8.2,0,0,0,1014.3,213,1.5,178,MOSTLY CLEAR,27,8.1,2025-08-16T00:50:00+09:30,PT5M
21,-7,0,0,0,0,1014.2,212,1.6,178,CLEAR,27,8.1,2025-08-16T00:55:00+09:30,PT5M
21,-37,0,0,0,0,1014.2,211,1.6,178,CLEAR,27.1,8.1,2025-08-16T01:00:00+09:30,PT5M
21,-54,0,0,0,0,1014.2,210,1.6,177,CLEAR,27.1,8.1,2025-08-16T01:05:00+09:30,PT5M
21,-63,0,0,0,0,1014.2,209,1.6,176,CLEAR,27.1,8.1,2025-08-16T01:10:00+09:30,PT5M
21,-69,8.2,0,0,0,1014.2,208,1.6,175,MOSTLY CLEAR,27.2,8.1,2025-08-16T01:15:00+09:30,PT5M
20,-72,10.1,0,0,0,1014.2,207,1.6,173,PARTLY CLOUDY,27.2,8.1,2025-08-16T01:20:00+09:30,PT5M
20,-75,10.1,0,0,0,1014.2,206,1.6,172,PARTLY CLOUDY,27.2,8.1,2025-08-16T01:25:00+09:30,PT5M
20,-76,8.2,0,0,0,1014.2,205,1.6,171,MOSTLY CLEAR,27.2,8.1,2025-08-16T01:30:00+09:30,PT5M
20,-78,8.2,0,0,0,1014.2,205,1.7,170,MOSTLY CLEAR,27.3,8.2,2025-08-16T01:35:00+09:30,PT5M
20,-79,8.2,0,0,0,1014.1,204,1.7,169,MOSTLY CLEAR,27.3,8.2,2025-08-16T01:40:00+09:30,PT5M
20,-80,8.2,0,0,0,1014.1,203,1.7,167,MOSTLY CLEAR,27.3,8.2,2025-08-16T01:45:00+09:30,PT5M
20,-80,8.2,0,0,0,1014.1,202,1.7,166,MOSTLY CLEAR,27.3,8.2,2025-08-16T01:50:00+09:30,PT5M
20,-81,8.2,0,0,0,1014,201,1.7,165,MOSTLY CLEAR,27.4,8.2,2025-08-16T01:55:00+09:30,PT5M
19,-81,8.2,0,0,0,1014,200,1.7,164,MOSTLY CLEAR,27.4,8.2,2025-08-16T02:00:00+09:30,PT5M
19,-82,8.2,0,0,0,1014,200,1.8,163,MOSTLY CLEAR,27.4,8.2,2025-08-16T02:05:00+09:30,PT5M
19,-82,8.2,0,0,0,1013.9,199,1.8,161,MOSTLY CLEAR,27.4,8.2,2025-08-16T02:10:00+09:30,PT5M
19,-82,8.2,0,0,0,1013.9,198,1.8,160,MOSTLY CLEAR,27.5,8.2,2025-08-16T02:15:00+09:30,PT5M
19,-82,8.2,0,0,0,1013.9,197,1.8,159,MOSTLY CLEAR,27.5,8.2,2025-08-16T02:20:00+09:30,PT5M
19,-82,8.2,0,0,0,1013.8,197,1.8,158,MOSTLY CLEAR,27.6,8.2,2025-08-16T02:25:00+09:30,PT5M
19,-83,8.2,0,0,0,1013.8,196,1.9,157,MOSTLY CLEAR,27.6,8.2,2025-08-16T02:30:00+09:30,PT5M
18,-83,0,0,0,0,1013.8,195,1.9,155,CLEAR,27.6,8.2,2025-08-16T02:35:00+09:30,PT5M
18,-83,0,0,0,0,1013.8,194,1.9,154,CLEAR,27.6,8.2,2025-08-16T02:40:00+09:30,PT5M
18,-83,0,0,0,0,1013.7,192,1.9,153,CLEAR,27.7,8.2,2025-08-16T02:45:00+09:30,PT5M
18,-83,8.2,0,0,0,1013.7,191,1.9,152,MOSTLY CLEAR,27.7,8.2,2025-08-16T02:50:00+09:30,PT5M
18,-83,8.2,0,0,0,1013.7,190,1.9,151,MOSTLY CLEAR,27.8,8.2,2025-08-16T02:55:00+09:30,PT5M
18,-83,8.2,0,0,0,1013.7,188,1.9,149,MOSTLY CLEAR,27.8,8.2,2025-08-16T03:00:00+09:30,PT5M
18,-83,8.2,0,0,0,1013.7,187,1.9,148,MOSTLY CLEAR,27.8,8.2,2025-08-16T03:05:00+09:30,PT5M
18,-83,8.2,0,0,0,1013.7,186,1.9,147,MOSTLY CLEAR,28,8.2,2025-08-16T03:10:00+09:30,PT5M
18,-83,8.2,0,0,0,1013.6,184,1.9,146,MOSTLY CLEAR,28,8.2,2025-08-16T03:15:00+09:30,PT5M
18,-83,8.2,0,0,0,1013.6,183,1.9,144,MOSTLY CLEAR,28.2,8.2,2025-08-16T03:20:00+09:30,PT5M
18,-83,8.2,0,0,0,1013.6,182,1.9,143,MOSTLY CLEAR,28.2,8.2,2025-08-16T03:25:00+09:30,PT5M
18,-83,10.1,0,0,0,1013.6,181,1.9,142,PARTLY CLOUDY,28.4,8.2,2025-08-16T03:30:00+09:30,PT5M
18,-82,8.2,0,0,0,1013.6,179,1.9,141,MOSTLY CLEAR,28.4,8.3,2025-08-16T03:35:00+09:30,PT5M
18,-82,8.2,0,0,0,1013.6,177,1.9,140,MOSTLY CLEAR,28.6,8.3,2025-08-16T03:40:00+09:30,PT5M
18,-82,8.2,0,0,0,1013.6,176,1.9,138,MOSTLY CLEAR,28.6,8.3,2025-08-16T03:45:00+09:30,PT5M
18,-82,8.2,0,0,0,1013.7,174,1.9,137,MOSTLY CLEAR,28.8,8.3,2025-08-16T03:50:00+09:30,PT5M
18,-82,8.2,0,0,0,1013.7,172,1.8,136,MOSTLY CLEAR,28.8,8.3,2025-08-16T03:55:00+09:30,PT5M
18,-82,8.2,0,0,0,1013.7,170,1.8,135,MOSTLY CLEAR,29,8.3,2025-08-16T04:00:00+09:30,PT5M
18,-82,8.2,0,0,0,1013.7,168,1.8,134,MOSTLY CLEAR,29.1,8.3,2025-08-16T04:05:00+09:30,PT5M
18,-82,8.2,0,0,0,1013.8,166,1.8,132,MOSTLY CLEAR,29.2,8.3,2025-08-16T04:10:00+09:30,PT5M
18,-82,8.2,0,0,0,1013.8,164,1.8,131,MOSTLY CLEAR,29.4,8.3,2025-08-16T04:15:00+09:30,PT5M
18,-82,8.2,0,0,0,1013.8,162,1.8,130,MOSTLY CLEAR,29.6,8.4,2025-08-16T04:20:00+09:30,PT5M
18,-81,8.2,0,0,0,1013.8,160,1.8,129,MOSTLY CLEAR,29.8,8.4,2025-08-16T04:25:00+09:30,PT5M
18,-81,0,0,0,0,1013.9,159,1.8,128,CLEAR,29.9,8.4,2025-08-16T04:30:00+09:30,PT5M
18,-81,8.2,0,0,0,1013.9,156,1.8,126,MOSTLY CLEAR,30.1,8.4,2025-08-16T04:35:00+09:30,PT5M
17,-81,8.2,0,0,0,1013.9,153,1.9,125,MOSTLY CLEAR,30.3,8.4,2025-08-16T04:40:00+09:30,PT5M
17,-81,8.2,0,0,0,1013.9,150,1.9,124,MOSTLY CLEAR,30.4,8.4,2025-08-16T04:45:00+09:30,PT5M
17,-81,8.2,0,0,0,1014,147,1.9,123,MOSTLY CLEAR,30.6,8.5,2025-08-16T04:50:00+09:30,PT5M
17,-81,8.2,0,0,0,1014,144,1.9,122,MOSTLY CLEAR,30.8,8.5,2025-08-16T04:55:00+09:30,PT5M
17,-81,8.2,0,0,0,1014,142,1.9,120,MOSTLY CLEAR,30.9,8.5,2025-08-16T05:00:00+09:30,PT5M
17,-80,8.2,0,0,0,1014,139,2,119,MOSTLY CLEAR,31.1,8.5,2025-08-16T05:05:00+09:30,PT5M
17,-80,8.2,0,0,0,1014.1,136,2,118,MOSTLY CLEAR,31.2,8.5,2025-08-16T05:10:00+09:30,PT5M
17,-80,10.1,0,0,0,1014.1,134,2,117,PARTLY CLOUDY,31.4,8.6,2025-08-16T05:15:00+09:30,PT5M
17,-80,10.1,0,0,0,1014.1,131,2.1,116,PARTLY CLOUDY,31.6,8.6,2025-08-16T05:20:00+09:30,PT5M
17,-80,10.1,0,0,0,1014.1,129,2.1,114,PARTLY CLOUDY,31.7,8.6,2025-08-16T05:25:00+09:30,PT5M
17,-80,8.2,0,0,0,1014.2,127,2.2,113,MOSTLY CLEAR,31.9,8.6,2025-08-16T05:30:00+09:30,PT5M
17,-79,8.2,0,0,0,1014.2,125,2.2,112,MOSTLY CLEAR,32,8.7,2025-08-16T05:35:00+09:30,PT5M
17,-79,10.1,0,0,0,1014.3,122,2.2,111,PARTLY CLOUDY,32.2,8.7,2025-08-16T05:40:00+09:30,PT5M
17,-79,10.1,0,0,0,1014.3,120,2.3,110,PARTLY CLOUDY,32.3,8.7,2025-08-16T05:45:00+09:30,PT5M
17,-79,10.1,0,0,0,1014.4,118,2.3,108,PARTLY CLOUDY,32.5,8.7,2025-08-16T05:50:00+09:30,PT5M
17,-79,8.2,0,0,0,1014.4,116,2.3,107,MOSTLY CLEAR,32.7,8.8,2025-08-16T05:55:00+09:30,PT5M
17,-78,8.2,0,0,0,1014.5,114,2.3,106,MOSTLY CLEAR,32.8,8.8,2025-08-16T06:00:00+09:30,PT5M
17,-78,8.2,0,0,0,1014.6,112,2.3,105,MOSTLY CLEAR,32.9,8.8,2025-08-16T06:05:00+09:30,PT5M
17,-78,8.2,0,0,0,1014.6,110,2.4,104,MOSTLY CLEAR,32.9,8.8,2025-08-16T06:10:00+09:30,PT5M
17,-78,10.1,0,0,0,1014.7,108,2.4,102,PARTLY CLOUDY,32.9,8.9,2025-08-16T06:15:00+09:30,PT5M
17,-78,10.1,0,0,0,1014.7,106,2.4,101,PARTLY CLOUDY,32.9,8.9,2025-08-16T06:20:00+09:30,PT5M
17,-77,10.1,0,0,0,1014.8,104,2.5,100,PARTLY CLOUDY,32.9,8.9,2025-08-16T06:25:00+09:30,PT5M
16,-77,10.1,0,0,0,1014.9,102,2.5,99,PARTLY CLOUDY,32.9,8.9,2025-08-16T06:30:00+09:30,PT5M
17,-77,0,0,0,0,1014.9,101,2.5,98,CLEAR,32.9,9,2025-08-16T06:35:00+09:30,PT5M
17,-77,0,0,0,0,1015,101,2.5,96,CLEAR,32.9,9,2025-08-16T06:40:00+09:30,PT5M
17,-76,0,0,0,0,1015,101,2.5,95,CLEAR,32.9,9,2025-08-16T06:45:00+09:30,PT5M
17,-76,0,0,0,0,1015.1,101,2.5,94,CLEAR,32.9,9,2025-08-16T06:50:00+09:30,PT5M
17,-76,0,0,0,0,1015.2,101,2.5,93,CLEAR,32.9,9.1,2025-08-16T06:55:00+09:30,PT5M
17,-76,0,0,0,0,1015.2,101,2.5,92,CLEAR,32.9,9.1,2025-08-16T07:00:00+09:30,PT5M
17,-75,0,0,0,0,1015.3,101,2.4,90,CLEAR,32.8,9.1,2025-08-16T07:05:00+09:30,PT5M
17,-75,8.2,4,4,0,1015.3,100,2.4,89,MOSTLY SUNNY,32.6,9.1,2025-08-16T07:10:00+09:30,PT5M
18,-75,0,13,14,0,1015.4,100,2.4,88,SUNNY,32.4,9.2,2025-08-16T07:15:00+09:30,PT5M
18,-75,0,24,26,0,1015.4,100,2.4,87,SUNNY,32.3,9.2,2025-08-16T07:20:00+09:30,PT5M
18,-74,0,36,43,0,1015.5,100,2.4,86,SUNNY,32.1,9.2,2025-08-16T07:25:00+09:30,PT5M
18,-74,0,50,63,0,1015.6,100,2.3,85,SUNNY,31.9,9.2,2025-08-16T07:30:00+09:30,PT5M
18,-74,0,65,81,0,1015.6,100,2.3,83,SUNNY,31.7,9.3,2025-08-16T07:35:00+09:30,PT5M
19,-73,0,81,100,0,1015.7,99,2.3,82,SUNNY,31.5,9.3,2025-08-16T07:40:00+09:30,PT5M
19,-73,0,97,119,0,1015.7,98,2.3,81,SUNNY,31.3,9.3,2025-08-16T07:45:00+09:30,PT5M
20,-73,0,114,139,0,1015.7,98,2.3,80,SUNNY,31.2,9.3,2025-08-16T07:50:00+09:30,PT5M
20,-72,0,132,159,0,1015.8,97,2.3,79,SUNNY,31,9.4,2025-08-16T07:55:00+09:30,PT5M
20,-72,0,150,180,0,1015.8,97,2.3,78,SUNNY,30.8,9.4,2025-08-16T08:00:00+09:30,PT5M
21,-72,0,169,201,0,1015.9,96,2.3,76,SUNNY,30.6,9.4,2025-08-16T08:05:00+09:30,PT5M
21,-71,0,188,221,0,1015.9,95,2.2,75,SUNNY,30.4,9.4,2025-08-16T08:10:00+09:30,PT5M
22,-71,0,207,242,0,1015.9,95,2.2,74,SUNNY,30.3,9.3,2025-08-16T08:15:00+09:30,PT5M
22,-71,0,226,263,0,1016,94,2.2,73,SUNNY,30.1,9.3,2025-08-16T08:20:00+09:30,PT5M
22,-70,0,245,284,0,1016,94,2.2,72,SUNNY,29.9,9.2,2025-08-16T08:25:00+09:30,PT5M
23,-70,0,264,305,0,1016.1,93,2.2,71,SUNNY,29.7,9.2,2025-08-16T08:30:00+09:30,PT5M
23,-69,0,284,326,0,1016.1,92,2.2,69,SUNNY,29.6,9.2,2025-08-16T08:35:00+09:30,PT5M
24,-69,0,303,346,0,1016.1,92,2.2,68,SUNNY,29.4,9.1,2025-08-16T08:40:00+09:30,PT5M
24,-68,0,322,367,0,1016.2,92,2.2,67,SUNNY,29.2,9.1,2025-08-16T08:45:00+09:30,PT5M
24,-68,0,341,387,0,1016.2,91,2.2,66,SUNNY,29,9.1,2025-08-16T08:50:00+09:30,PT5M
25,-67,0,360,407,0,1016.2,91,2.2,65,SUNNY,28.9,9,2025-08-16T08:55:00+09:30,PT5M
25,-67,0,379,427,0,1016.2,90,2.2,64,SUNNY,28.7,9,2025-08-16T09:00:00+09:30,PT5M
25,-66,0,398,447,0,1016.3,90,2.2,63,SUNNY,28.5,8.9,2025-08-16T09:05:00+09:30,PT5M
26,-66,0,416,467,0,1016.3,89,2.2,62,SUNNY,28.3,8.7,2025-08-16T09:10:00+09:30,PT5M
26,-65,0,435,487,0,1016.3,89,2.2,60,SUNNY,28.1,8.5,2025-08-16T09:15:00+09:30,PT5M
26,-65,0,453,506,0,1016.3,88,2.2,59,SUNNY,27.9,8.4,2025-08-16T09:20:00+09:30,PT5M
27,-64,0,471,525,0,1016.4,88,2.2,58,SUNNY,27.7,8.2,2025-08-16T09:25:00+09:30,PT5M
27,-64,0,489,544,0,1016.4,88,2.2,57,SUNNY,27.5,8,2025-08-16T09:30:00+09:30,PT5M
27,-63,0,508,563,0,1016.4,87,2.2,56,SUNNY,27.3,7.8,2025-08-16T09:35:00+09:30,PT5M
27,-62,0,525,581,0,1016.4,87,2.3,55,SUNNY,27.1,7.6,2025-08-16T09:40:00+09:30,PT5M
27,-62,0,542,599,0,1016.4,87,2.3,54,SUNNY,26.9,7.4,2025-08-16T09:45:00+09:30,PT5M
28,-61,0,559,617,0,1016.4,87,2.4,53,SUNNY,26.7,7.3,2025-08-16T09:50:00+09:30,PT5M
28,-60,0,575,634,0,1016.4,87,2.5,52,SUNNY,26.5,7.1,2025-08-16T09:55:00+09:30,PT5M
28,-59,0,592,651,0,1016.4,87,2.5,51,SUNNY,26.3,6.9,2025-08-16T10:00:00+09:30,PT5M
28,-59,0,607,668,0,1016.4,87,2.6,50,SUNNY,26.1,6.8,2025-08-16T10:05:00+09:30,PT5M
28,-58,0,623,684,0,1016.5,86,2.6,49,SUNNY,25.9,6.7,2025-08-16T10:10:00+09:30,PT5M
29,-57,0,638,699,0,1016.5,86,2.7,48,SUNNY,25.6,6.7,2025-08-16T10:15:00+09:30,PT5M
29,-56,0,652,715,0,1016.5,86,2.8,47,SUNNY,25.4,6.7,2025-08-16T10:20:00+09:30,PT5M
29,-55,0,667,730,0,1016.5,86,2.8,46,SUNNY,25.2,6.6,2025-08-16T10:25:00+09:30,PT5M
29,-54,0,681,744,0,1016.5,86,2.9,45,SUNNY,25,6.6,2025-08-16T10:30:00+09:30,PT5M
29,-53,0,694,758,0,1016.5,86,2.9,44,SUNNY,24.7,6.5,2025-08-16T10:35:00+09:30,PT5M
29,-52,0,708,772,0,1016.4,87,3,43,SUNNY,24.5,6.5,2025-08-16T10:40:00+09:30,PT5M
30,-51,0,720,785,0,1016.3,88,3,42,SUNNY,24.3,6.4,2025-08-16T10:45:00+09:30,PT5M
30,-50,0,733,798,0,1016.3,89,3,41,SUNNY,24.1,6.4,2025-08-16T10:50:00+09:30,PT5M
30,-49,0,745,811,0,1016.2,90,3.1,40,SUNNY,23.8,6.4,2025-08-16T10:55:00+09:30,PT5M
30,-47,0,756,823,0,1016.1,91,3.1,39,SUNNY,23.6,6.3,2025-08-16T11:00:00+09:30,PT5M
30,-46,0,767,834,0,1016.1,91,3.1,38,SUNNY,23.4,6.3,2025-08-16T11:05:00+09:30,PT5M
30,-45,0,778,846,0,1016,92,3.2,37,SUNNY,23.2,6.2,2025-08-16T11:10:00+09:30,PT5M
30,-43,0,788,856,0,1015.9,93,3.2,36,SUNNY,22.9,6.2,2025-08-16T11:15:00+09:30,PT5M
31,-42,0,798,867,0,1015.9,93,3.2,35,SUNNY,22.7,6.2,2025-08-16T11:20:00+09:30,PT5M
31,-40,0,808,876,0,1015.8,94,3.3,35,SUNNY,22.5,6.1,2025-08-16T11:25:00+09:30,PT5M
31,-38,0,817,886,0,1015.7,95,3.3,34,SUNNY,22.3,6.1,2025-08-16T11:30:00+09:30,PT5M
31,-37,0,825,894,0,1015.7,95,3.3,33,SUNNY,22,6,2025-08-16T11:35:00+09:30,PT5M
31,-35,0,833,903,0,1015.6,96,3.4,32,SUNNY,21.8,6,2025-08-16T11:40:00+09:30,PT5M
31,-33,0,840,910,0,1015.5,96,3.4,32,SUNNY,21.6,5.9,2025-08-16T11:45:00+09:30,PT5M
31,-31,0,848,918,0,1015.4,96,3.4,31,SUNNY,21.4,5.9,2025-08-16T11:50:00+09:30,PT5M
31,-29,0,854,925,0,1015.4,96,3.4,30,SUNNY,21.1,5.9,2025-08-16T11:55:00+09:30,PT5M
31,-27,0,860,931,0,1015.3,97,3.5,30,SUNNY,20.9,5.8,2025-08-16T12:00:00+09:30,PT5M
31,-25,0,866,937,0,1015.2,97,3.5,29,SUNNY,20.7,5.8,2025-08-16T12:05:00+09:30,PT5M
31,-22,0,870,941,0,1015.1,97,3.5,29,SUNNY,20.6,5.8,2025-08-16T12:10:00+09:30,PT5M
31,-20,0,875,946,0,1015.1,97,3.5,28,SUNNY,20.4,5.7,2025-08-16T12:15:00+09:30,PT5M
31,-18,0,879,950,0,1015,97,3.6,28,SUNNY,20.3,5.7,2025-08-16T12:20:00+09:30,PT5M
31,-15,0,882,953,0,1014.9,98,3.6,28,SUNNY,20.1,5.7,2025-08-16T12:25:00+09:30,PT5M
32,-13,0,885,956,0,1014.8,98,3.6,27,SUNNY,20,5.7,2025-08-16T12:30:00+09:30,PT5M
32,-10,0,887,959,0,1014.7,98,3.6,27,SUNNY,19.8,5.6,2025-08-16T12:35:00+09:30,PT5M
32,-7,0,889,960,0,1014.6,98,3.6,27,SUNNY,19.7,5.6,2025-08-16T12:40:00+09:30,PT5M
32,-5,0,890,961,0,1014.6,97,3.6,27,SUNNY,19.5,5.6,2025-08-16T12:45:00+09:30,PT5M
32,-2,0,890,962,0,1014.5,97,3.5,27,SUNNY,19.4,5.6,2025-08-16T12:50:00+09:30,PT5M
32,1,0,891,962,0,1014.4,97,3.5,27,SUNNY,19.2,5.5,2025-08-16T12:55:00+09:30,PT5M
32,3,0,890,962,0,1014.3,97,3.5,27,SUNNY,19.1,5.5,2025-08-16T13:00:00+09:30,PT5M
32,6,0,889,961,0,1014.2,97,3.5,27,SUNNY,19,5.5,2025-08-16T13:05:00+09:30,PT5M
32,9,0,888,960,0,1014.1,96,3.4,27,SUNNY,18.9,5.5,2025-08-16T13:10:00+09:30,PT5M
32,11,0,886,958,0,1014,96,3.4,27,SUNNY,18.8,5.5,2025-08-16T13:15:00+09:30,PT5M
32,14,0,884,956,0,1013.9,96,3.4,27,SUNNY,18.8,5.5,2025-08-16T13:20:00+09:30,PT5M
32,16,0,881,953,0,1013.8,96,3.4,28,SUNNY,18.7,5.5,2025-08-16T13:25:00+09:30,PT5M
32,19,0,878,949,0,1013.7,95,3.3,28,SUNNY,18.6,5.5,2025-08-16T13:30:00+09:30,PT5M
32,21,0,874,945,0,1013.6,95,3.3,29,SUNNY,18.6,5.5,2025-08-16T13:35:00+09:30,PT5M
32,24,0,870,941,0,1013.6,95,3.3,29,SUNNY,18.5,5.5,2025-08-16T13:40:00+09:30,PT5M
32,26,0,865,936,0,1013.5,95,3.2,30,SUNNY,18.4,5.5,2025-08-16T13:45:00+09:30,PT5M
32,28,0,860,930,0,1013.4,95,3.2,30,SUNNY,18.4,5.5,2025-08-16T13:50:00+09:30,PT5M
32,30,0,854,924,0,1013.3,95,3.2,31,SUNNY,18.3,5.5,2025-08-16T13:55:00+09:30,PT5M
32,32,0,847,918,0,1013.3,95,3.1,31,SUNNY,18.2,5.5,2025-08-16T14:00:00+09:30,PT5M
32,34,0,841,910,0,1013.2,95,3.1,32,SUNNY,18.2,5.5,2025-08-16T14:05:00+09:30,PT5M
32,36,0,833,903,0,1013.1,94,3.1,33,SUNNY,18.1,5.5,2025-08-16T14:10:00+09:30,PT5M
32,38,0,825,894,0,1013,94,3,33,SUNNY,18,5.6,2025-08-16T14:15:00+09:30,PT5M
32,39,0,817,886,0,1013,94,3,34,SUNNY,18,5.6,2025-08-16T14:20:00+09:30,PT5M
32,41,0,808,877,0,1012.9,94,3,35,SUNNY,17.9,5.6,2025-08-16T14:25:00+09:30,PT5M
32,43,0,799,867,0,1012.8,94,2.9,36,SUNNY,17.8,5.6,2025-08-16T14:30:00+09:30,PT5M
32,44,0,789,857,0,1012.8,94,2.9,37,SUNNY,17.8,5.7,2025-08-16T14:35:00+09:30,PT5M
32,45,0,778,846,0,1012.7,94,2.9,37,SUNNY,17.7,5.7,2025-08-16T14:40:00+09:30,PT5M
33,47,0,768,835,0,1012.6,94,2.8,38,SUNNY,17.6,5.7,2025-08-16T14:45:00+09:30,PT5M
33,48,0,757,823,0,1012.6,94,2.8,39,SUNNY,17.6,5.7,2025-08-16T14:50:00+09:30,PT5M
33,49,0,745,811,0,1012.5,94,2.8,40,SUNNY,17.5,5.8,2025-08-16T14:55:00+09:30,PT5M
33,50,0,733,799,0,1012.5,94,2.8,41,SUNNY,17.4,5.8,2025-08-16T15:00:00+09:30,PT5M
33,52,0,720,786,0,1012.4,94,2.7,42,SUNNY,17.4,5.8,2025-08-16T15:05:00+09:30,PT5M
33,53,0,708,772,0,1012.3,94,2.7,43,SUNNY,17.3,5.9,2025-08-16T15:10:00+09:30,PT5M
33,54,0,694,758,0,1012.3,94,2.7,44,SUNNY,17.2,5.9,2025-08-16T15:15:00+09:30,PT5M
33,55,0,681,744,0,1012.2,94,2.7,45,SUNNY,17.1,6,2025-08-16T15:20:00+09:30,PT5M
33,56,0,667,730,0,1012.2,94,2.6,46,SUNNY,17.1,6,2025-08-16T15:25:00+09:30,PT5M
33,57,0,652,715,0,1012.1,94,2.6,47,SUNNY,17,6.1,2025-08-16T15:30:00+09:30,PT5M
33,58,0,637,699,0,1012.1,94,2.6,48,SUNNY,16.9,6.1,2025-08-16T15:35:00+09:30,PT5M
33,58,0,622,683,0,1012.1,94,2.6,49,SUNNY,16.8,6.2,2025-08-16T15:40:00+09:30,PT5M
33,59,0,607,667,0,1012,94,2.5,50,SUNNY,16.8,6.2,2025-08-16T15:45:00+09:30,PT5M
33,60,0,591,651,0,1012,93,2.5,51,SUNNY,16.7,6.3,2025-08-16T15:50:00+09:30,PT5M
33,61,0,575,634,0,1012,93,2.5,52,SUNNY,16.6,6.3,2025-08-16T15:55:00+09:30,PT5M
33,61,0,558,617,0,1012,93,2.5,53,SUNNY,16.5,6.4,2025-08-16T16:00:00+09:30,PT5M
32,62,0,542,599,0,1012,92,2.4,54,SUNNY,16.5,6.4,2025-08-16T16:05:00+09:30,PT5M
32,63,0,525,582,0,1012,92,2.4,55,SUNNY,16.4,6.4,2025-08-16T16:10:00+09:30,PT5M
32,63,0,508,564,0,1011.9,91,2.4,57,SUNNY,16.3,6.4,2025-08-16T16:15:00+09:30,PT5M
32,64,0,490,545,0,1011.9,91,2.4,58,SUNNY,16.2,6.5,2025-08-16T16:20:00+09:30,PT5M
32,65,0,472,527,0,1011.9,91,2.3,59,SUNNY,16.2,6.5,2025-08-16T16:25:00+09:30,PT5M
32,65,0,454,508,0,1011.9,90,2.3,60,SUNNY,16.1,6.5,2025-08-16T16:30:00+09:30,PT5M
32,66,0,436,489,0,1011.9,90,2.3,61,SUNNY,16,6.5,2025-08-16T16:35:00+09:30,PT5M
32,66,0,418,470,0,1011.9,90,2.3,62,SUNNY,15.9,6.5,2025-08-16T16:40:00+09:30,PT5M
32,67,0,399,450,0,1012,91,2.3,63,SUNNY,15.9,6.5,2025-08-16T16:45:00+09:30,PT5M
32,67,0,381,430,0,1012,91,2.2,64,SUNNY,15.8,6.6,2025-08-16T16:50:00+09:30,PT5M
32,68,0,362,410,0,1012,91,2.2,65,SUNNY,15.7,6.6,2025-08-16T16:55:00+09:30,PT5M
32,68,0,343,390,0,1012.1,91,2.2,67,SUNNY,15.6,6.6,2025-08-16T17:00:00+09:30,PT5M
31,69,0,324,370,0,1012.1,91,2.2,68,SUNNY,15.6,6.6,2025-08-16T17:05:00+09:30,PT5M
31,69,0,304,350,0,1012.1,92,2.2,69,SUNNY,15.5,6.6,2025-08-16T17:10:00+09:30,PT5M
31,70,0,285,329,0,1012.2,92,2.2,70,SUNNY,15.4,6.6,2025-08-16T17:15:00+09:30,PT5M
31,70,0,266,308,0,1012.2,92,2.1,71,SUNNY,15.3,6.6,2025-08-16T17:20:00+09:30,PT5M
31,70,0,246,288,0,1012.2,92,2.1,72,SUNNY,15.3,6.6,2025-08-16T17:25:00+09:30,PT5M
31,71,0,227,267,0,1012.3,93,2.1,73,SUNNY,15.2,6.6,2025-08-16T17:30:00+09:30,PT5M
31,71,0,208,246,0,1012.3,93,2.1,75,SUNNY,15.1,6.6,2025-08-16T17:35:00+09:30,PT5M
31,72,0,189,225,0,1012.3,92,2,76,SUNNY,15,6.6,2025-08-16T17:40:00+09:30,PT5M
31,72,0,170,204,0,1012.4,92,2,77,SUNNY,15,6.6,2025-08-16T17:45:00+09:30,PT5M
30,72,0,151,183,0,1012.4,92,2,78,SUNNY,14.9,6.6,2025-08-16T17:50:00+09:30,PT5M
30,73,0,132,163,0,1012.4,92,1.9,79,SUNNY,14.8,6.6,2025-08-16T17:55:00+09:30,PT5M
30,73,0,114,142,0,1012.5,92,1.9,80,SUNNY,14.7,6.6,2025-08-16T18:00:00+09:30,PT5M
30,73,0,97,122,0,1012.5,91,1.8,82,SUNNY,14.7,6.6,2025-08-16T18:05:00+09:30,PT5M
30,74,0,80,103,0,1012.5,91,1.8,83,SUNNY,14.7,6.6,2025-08-16T18:10:00+09:30,PT5M
30,74,0,63,83,0,1012.6,91,1.7,84,SUNNY,14.6,6.6,2025-08-16T18:15:00+09:30,PT5M
30,74,0,48,64,0,1012.6,91,1.7,85,SUNNY,14.6,6.6,2025-08-16T18:20:00+09:30,PT5M
30,75,8.2,31,35,0,1012.6,90,1.7,86,MOSTLY SUNNY,14.6,6.6,2025-08-16T18:25:00+09:30,PT5M
30,75,10.1,19,20,0,1012.7,90,1.6,87,PARTLY CLOUDY,14.6,6.6,2025-08-16T18:30:00+09:30,PT5M
30,75,10.1,9,9,0,1012.7,90,1.6,89,PARTLY CLOUDY,14.5,6.7,2025-08-16T18:35:00+09:30,PT5M
30,75,12.1,1,1,0,1012.8,90,1.5,90,PARTLY CLOUDY,14.5,6.7,2025-08-16T18:40:00+09:30,PT5M
29,76,10.1,0,0,0,1012.8,89,1.4,91,PARTLY CLOUDY,14.5,6.7,2025-08-16T18:45:00+09:30,PT5M
29,76,10.1,0,0,0,1012.9,89,1.3,92,PARTLY CLOUDY,14.5,6.7,2025-08-16T18:50:00+09:30,PT5M
29,76,10.1,0,0,0,1013,88,1.2,93,PARTLY CLOUDY,14.4,6.7,2025-08-16T18:55:00+09:30,PT5M
29,76,0,0,0,0,1013,88,1.1,95,CLEAR,14.4,6.7,2025-08-16T19:00:00+09:30,PT5M
29,77,0,0,0,0,1013.1,87,1,96,CLEAR,14.4,6.7,2025-08-16T19:05:00+09:30,PT5M
28,77,8.2,0,0,0,1013.2,86,0.9,97,MOSTLY CLEAR,14.4,6.7,2025-08-16T19:10:00+09:30,PT5M
28,77,0,0,0,0,1013.2,85,0.8,98,CLEAR,14.4,6.7,2025-08-16T19:15:00+09:30,PT5M
28,77,0,0,0,0,1013.3,83,0.7,99,CLEAR,14.4,6.7,2025-08-16T19:20:00+09:30,PT5M
28,78,0,0,0,0,1013.4,81,0.6,100,CLEAR,14.4,6.7,2025-08-16T19:25:00+09:30,PT5M
28,78,0,0,0,0,1013.5,78,0.5,102,CLEAR,14.4,6.7,2025-08-16T19:30:00+09:30,PT5M
27,78,0,0,0,0,1013.5,76,0.4,103,CLEAR,14.5,6.7,2025-08-16T19:35:00+09:30,PT5M
27,78,0,0,0,0,1013.6,77,0.3,104,CLEAR,14.5,6.7,2025-08-16T19:40:00+09:30,PT5M
27,78,8.2,0,0,0,1013.7,78,0.3,105,MOSTLY CLEAR,14.5,6.7,2025-08-16T19:45:00+09:30,PT5M
27,79,14,0,0,0,1013.7,80,0.2,106,PARTLY CLOUDY,14.5,6.7,2025-08-16T19:50:00+09:30,PT5M
26,79,12.1,0,0,0,1013.8,82,0.2,108,PARTLY CLOUDY,14.5,6.7,2025-08-16T19:55:00+09:30,PT5M
26,79,10.1,0,0,0,1013.9,86,0.1,109,PARTLY CLOUDY,14.5,6.7,2025-08-16T20:00:00+09:30,PT5M
26,79,10.1,0,0,0,1013.9,96,0.1,110,PARTLY CLOUDY,14.5,6.7,2025-08-16T20:05:00+09:30,PT5M
25,79,8.2,0,0,0,1014,135,0,111,MOSTLY CLEAR,14.5,6.7,2025-08-16T20:10:00+09:30,PT5M
25,80,8.2,0,0,0,1014.1,211,0,112,MOSTLY CLEAR,14.6,6.7,2025-08-16T20:15:00+09:30,PT5M
25,80,8.2,0,0,0,1014.1,232,0.1,114,MOSTLY CLEAR,14.6,6.7,2025-08-16T20:20:00+09:30,PT5M
25,80,8.2,0,0,0,1014.2,239,0.1,115,MOSTLY CLEAR,14.6,6.7,2025-08-16T20:25:00+09:30,PT5M
24,80,8.2,0,0,0,1014.3,242,0.2,116,MOSTLY CLEAR,14.6,6.7,2025-08-16T20:30:00+09:30,PT5M
24,80,8.2,0,0,0,1014.3,239,0.2,117,MOSTLY CLEAR,14.7,6.6,2025-08-16T20:35:00+09:30,PT5M
24,80,8.2,0,0,0,1014.4,232,0.3,118,MOSTLY CLEAR,14.7,6.6,2025-08-16T20:40:00+09:30,PT5M
24,81,8.2,0,0,0,1014.4,227,0.4,120,MOSTLY CLEAR,14.7,6.6,2025-08-16T20:45:00+09:30,PT5M
24,81,8.2,0,0,0,1014.5,223,0.4,121,MOSTLY CLEAR,14.7,6.6,2025-08-16T20:50:00+09:30,PT5M
24,81,8.2,0,0,0,1014.5,221,0.5,122,MOSTLY CLEAR,14.8,6.6,2025-08-16T20:55:00+09:30,PT5M
24,81,10.1,0,0,0,1014.6,219,0.5,123,PARTLY CLOUDY,14.8,6.6,2025-08-16T21:00:00+09:30,PT5M
24,81,10.1,0,0,0,1014.7,217,0.6,124,PARTLY CLOUDY,14.8,6.6,2025-08-16T21:05:00+09:30,PT5M
24,81,10.1,0,0,0,1014.7,216,0.7,126,PARTLY CLOUDY,14.8,6.6,2025-08-16T21:10:00+09:30,PT5M
24,82,10.1,0,0,0,1014.8,215,0.7,127,PARTLY CLOUDY,14.9,6.6,2025-08-16T21:15:00+09:30,PT5M
24,82,10.1,0,0,0,1014.8,214,0.8,128,PARTLY CLOUDY,14.9,6.6,2025-08-16T21:20:00+09:30,PT5M
23,82,10.1,0,0,0,1014.9,213,0.8,129,PARTLY CLOUDY,14.9,6.6,2025-08-16T21:25:00+09:30,PT5M
23,82,8.2,0,0,0,1015,212,0.9,130,MOSTLY CLEAR,14.9,6.6,2025-08-16T21:30:00+09:30,PT5M
23,82,8.2,0,0,0,1015,212,1,132,MOSTLY CLEAR,15,6.5,2025-08-16T21:35:00+09:30,PT5M
23,82,10.1,0,0,0,1015,211,1,133,PARTLY CLOUDY,15,6.5,2025-08-16T21:40:00+09:30,PT5M
23,82,8.2,0,0,0,1015,210,1.1,134,MOSTLY CLEAR,15,6.5,2025-08-16T21:45:00+09:30,PT5M
23,82,0,0,0,0,1015,210,1.1,135,CLEAR,15,6.5,2025-08-16T21:50:00+09:30,PT5M
23,83,0,0,0,0,1015.1,209,1.2,137,CLEAR,15.1,6.5,2025-08-16T21:55:00+09:30,PT5M
23,83,0,0,0,0,1015.1,209,1.2,138,CLEAR,15.1,6.5,2025-08-16T22:00:00+09:30,PT5M
23,83,0,0,0,0,1015.1,208,1.3,139,CLEAR,15.1,6.5,2025-08-16T22:05:00+09:30,PT5M
23,83,8.2,0,0,0,1015.1,208,1.3,140,MOSTLY CLEAR,15.2,6.5,2025-08-16T22:10:00+09:30,PT5M
23,83,0,0,0,0,1015.1,208,1.4,141,CLEAR,15.2,6.5,2025-08-16T22:15:00+09:30,PT5M
22,83,0,0,0,0,1015.1,207,1.4,143,CLEAR,15.2,6.5,2025-08-16T22:20:00+09:30,PT5M
22,83,0,0,0,0,1015.2,207,1.5,144,CLEAR,15.2,6.5,2025-08-16T22:25:00+09:30,PT5M
22,83,8.2,0,0,0,1015.2,207,1.5,145,MOSTLY CLEAR,15.3,6.5,2025-08-16T22:30:00+09:30,PT5M
22,83,8.2,0,0,0,1015.2,206,1.6,146,MOSTLY CLEAR,15.3,6.4,2025-08-16T22:35:00+09:30,PT5M
22,83,8.2,0,0,0,1015.2,205,1.6,147,MOSTLY CLEAR,15.3,6.4,2025-08-16T22:40:00+09:30,PT5M
22,83,8.2,0,0,0,1015.2,205,1.7,149,MOSTLY CLEAR,15.4,6.4,2025-08-16T22:45:00+09:30,PT5M
22,83,8.2,0,0,0,1015.2,204,1.7,150,MOSTLY CLEAR,15.4,6.4,2025-08-16T22:50:00+09:30,PT5M
22,83,8.2,0,0,0,1015.3,203,1.8,151,MOSTLY CLEAR,15.4,6.4,2025-08-16T22:55:00+09:30,PT5M
22,83,8.2,0,0,0,1015.3,203,1.8,152,MOSTLY CLEAR,15.5,6.4,2025-08-16T23:00:00+09:30,PT5M
22,83,8.2,0,0,0,1015.3,202,1.9,154,MOSTLY CLEAR,15.5,6.4,2025-08-16T23:05:00+09:30,PT5M
21,83,8.2,0,0,0,1015.3,202,1.9,155,MOSTLY CLEAR,15.6,6.4,2025-08-16T23:10:00+09:30,PT5M
21,83,8.2,0,0,0,1015.3,201,2,156,MOSTLY CLEAR,15.6,6.4,2025-08-16T23:15:00+09:30,PT5M
21,83,8.2,0,0,0,1015.3,200,2,157,MOSTLY CLEAR,15.6,6.4,2025-08-16T23:20:00+09:30,PT5M
21,83,8.2,0,0,0,1015.4,200,2,158,MOSTLY CLEAR,15.6,6.4,2025-08-16T23:25:00+09:30,PT5M
21,83,8.2,0,0,0,1015.4,200,2.1,160,MOSTLY CLEAR,15.7,6.4,2025-08-16T23:30:00+09:30,PT5M
21,83,0,0,0,0,1015.4,199,2.1,161,CLEAR,15.7,6.4,2025-08-16T23:35:00+09:30,PT5M
21,83,0,0,0,0,1015.4,198,2.1,162,CLEAR,15.8,6.4,2025-08-16T23:40:00+09:30,PT5M
21,82,0,0,0,0,1015.4,197,2.1,163,CLEAR,15.8,6.4,2025-08-16T23:45:00+09:30,PT5M
21,82,0,0,0,0,1015.4,197,2.1,164,CLEAR,15.8,6.4,2025-08-16T23:50:00+09:30,PT5M
21,82,0,0,0,0,1015.4,196,2.2,166,CLEAR,15.8,6.4,2025-08-16T23:55:00+09:30,PT5M
21,81,8.2,0,0,0,1015.4,195,2.2,167,MOSTLY CLEAR,15.9,6.4,2025-08-17T00:00:00+09:30,PT5M
21,81,8.2,0,0,0,1015.4,194,2.2,168,MOSTLY CLEAR,16,6.4,2025-08-17T00:05:00+09:30,PT5M
21,80,8.2,0,0,0,1015.4,194,2.2,169,MOSTLY CLEAR,16.2,6.4,2025-08-17T00:10:00+09:30,PT5M
21,79,8.2,0,0,0,1015.4,193,2.2,170,MOSTLY CLEAR,16.3,6.4,2025-08-17T00:15:00+09:30,PT5M
21,78,8.2,0,0,0,1015.4,192,2.2,172,MOSTLY CLEAR,16.5,6.4,2025-08-17T00:20:00+09:30,PT5M
21,76,10.1,0,0,0,1015.4,191,2.2,173,PARTLY CLOUDY,16.6,6.4,2025-08-17T00:25:00+09:30,PT5M
20,73,10.1,0,0,0,1015.4,191,2.2,174,PARTLY CLOUDY,16.8,6.4,2025-08-17T00:30:00+09:30,PT5M
20,70,10.1,0,0,0,1015.4,190,2.2,175,PARTLY CLOUDY,17,6.4,2025-08-17T00:35:00+09:30,PT5M
20,64,10.1,0,0,0,1015.4,188,2.2,176,PARTLY CLOUDY,17.2,6.4,2025-08-17T00:40:00+09:30,PT5M
20,52,10.1,0,0,0,1015.3,187,2.2,177,PARTLY CLOUDY,17.3,6.4,2025-08-17T00:45:00+09:30,PT5M
20,29,8.2,0,0,0,1015.3,185,2.1,178,MOSTLY CLEAR,17.5,6.4,2025-08-17T00:50:00+09:30,PT5M
20,-10,8.2,0,0,0,1015.3,184,2.1,178,MOSTLY CLEAR,17.7,6.4,2025-08-17T00:55:00+09:30,PT5M
20,-43,8.2,0,0,0,1015.3,182,2.1,178,MOSTLY CLEAR,17.8,6.4,2025-08-17T01:00:00+09:30,PT5M
20,-59,10.1,0,0,0,1015.3,181,2,177,PARTLY CLOUDY,18.1,6.4,2025-08-17T01:05:00+09:30,PT5M
20,-67,10.1,0,0,0,1015.3,179,2,176,PARTLY CLOUDY,18.4,6.4,2025-08-17T01:10:00+09:30,PT5M
20,-72,8.2,0,0,0,1015.2,177,2,175,MOSTLY CLEAR,18.7,6.5,2025-08-17T01:15:00+09:30,PT5M
19,-75,8.2,0,0,0,1015.2,176,2,173,MOSTLY CLEAR,19,6.5,2025-08-17T01:20:00+09:30,PT5M
19,-77,8.2,0,0,0,1015.2,174,1.9,172,MOSTLY CLEAR,19.3,6.6,2025-08-17T01:25:00+09:30,PT5M
19,-79,8.2,0,0,0,1015.2,172,1.9,171,MOSTLY CLEAR,19.6,6.6,2025-08-17T01:30:00+09:30,PT5M
19,-80,8.2,0,0,0,1015.2,169,1.9,170,MOSTLY CLEAR,19.9,6.6,2025-08-17T01:35:00+09:30,PT5M
19,-80,8.2,0,0,0,1015.2,166,1.9,169,MOSTLY CLEAR,20.2,6.6,2025-08-17T01:40:00+09:30,PT5M
19,-81,8.2,0,0,0,1015.1,163,1.9,167,MOSTLY CLEAR,20.5,6.7,2025-08-17T01:45:00+09:30,PT5M
19,-82,8.2,0,0,0,1015.1,160,1.9,166,MOSTLY CLEAR,20.8,6.7,2025-08-17T01:50:00+09:30,PT5M
19,-82,8.2,0,0,0,1015.1,157,1.9,165,MOSTLY CLEAR,21.1,6.8,2025-08-17T01:55:00+09:30,PT5M
19,-82,8.2,0,0,0,1015.1,154,1.9,164,MOSTLY CLEAR,21.4,6.8,2025-08-17T02:00:00+09:30,PT5M
19,-83,8.2,0,0,0,1015,151,1.9,163,MOSTLY CLEAR,21.8,6.8,2025-08-17T02:05:00+09:30,PT5M
19,-83,8.2,0,0,0,1015,148,2,161,MOSTLY CLEAR,22.1,6.9,2025-08-17T02:10:00+09:30,PT5M
19,-83,8.2,0,0,0,1015,145,2,160,MOSTLY CLEAR,22.4,6.9,2025-08-17T02:15:00+09:30,PT5M
19,-83,10.1,0,0,0,1015,142,2,159,PARTLY CLOUDY,22.7,7,2025-08-17T02:20:00+09:30,PT5M
19,-83,10.1,0,0,0,1014.9,139,2.1,158,PARTLY CLOUDY,23,7.1,2025-08-17T02:25:00+09:30,PT5M
19,-83,10.1,0,0,0,1014.9,136,2.1,157,PARTLY CLOUDY,23.3,7.1,2025-08-17T02:30:00+09:30,PT5M
19,-83,8.2,0,0,0,1014.9,134,2.2,155,MOSTLY CLEAR,23.6,7.2,2025-08-17T02:35:00+09:30,PT5M
19,-83,8.2,0,0,0,1014.9,131,2.3,154,MOSTLY CLEAR,23.9,7.2,2025-08-17T02:40:00+09:30,PT5M
19,-83,8.2,0,0,0,1014.9,129,2.4,153,MOSTLY CLEAR,24.2,7.3,2025-08-17T02:45:00+09:30,PT5M
19,-83,8.2,0,0,0,1014.9,127,2.5,152,MOSTLY CLEAR,24.5,7.4,2025-08-17T02:50:00+09:30,PT5M
19,-83,8.2,0,0,0,1014.9,126,2.6,150,MOSTLY CLEAR,24.8,7.4,2025-08-17T02:55:00+09:30,PT5M
19,-83,8.2,0,0,0,1014.9,124,2.7,149,MOSTLY CLEAR,25.1,7.5,2025-08-17T03:00:00+09:30,PT5M
19,-83,8.2,0,0,0,1014.9,122,2.8,148,MOSTLY CLEAR,25.4,7.5,2025-08-17T03:05:00+09:30,PT5M
19,-83,8.2,0,0,0,1014.9,121,2.9,147,MOSTLY CLEAR,25.5,7.6,2025-08-17T03:10:00+09:30,PT5M
19,-83,8.2,0,0,0,1014.9,120,3,146,MOSTLY CLEAR,25.7,7.7,2025-08-17T03:15:00+09:30,PT5M
19,-83,8.2,0,0,0,1014.9,118,3.1,144,MOSTLY CLEAR,25.9,7.7,2025-08-17T03:20:00+09:30,PT5M
20,-83,8.2,0,0,0,1014.9,117,3.3,143,MOSTLY CLEAR,26,7.8,2025-08-17T03:25:00+09:30,PT5M
20,-83,8.2,0,0,0,1014.9,116,3.4,142,MOSTLY CLEAR,26.2,7.9,2025-08-17T03:30:00+09:30,PT5M
20,-83,8.2,0,0,0,1014.9,115,3.5,141,MOSTLY CLEAR,26.3,7.9,2025-08-17T03:35:00+09:30,PT5M
20,-83,8.2,0,0,0,1014.9,114,3.5,140,MOSTLY CLEAR,26.5,8,2025-08-17T03:40:00+09:30,PT5M
20,-83,8.2,0,0,0,1015,113,3.5,138,MOSTLY CLEAR,26.6,8.1,2025-08-17T03:45:00+09:30,PT5M
20,-83,8.2,0,0,0,1015,111,3.5,137,MOSTLY CLEAR,26.8,8.1,2025-08-17T03:50:00+09:30,PT5M
20,-83,8.2,0,0,0,1015,110,3.6,136,MOSTLY CLEAR,27,8.2,2025-08-17T03:55:00+09:30,PT5M
20,-82,8.2,0,0,0,1015,109,3.6,135,MOSTLY CLEAR,27.1,8.3,2025-08-17T04:00:00+09:30,PT5M
20,-82,8.2,0,0,0,1015.1,108,3.7,134,MOSTLY CLEAR,27.2,8.3,2025-08-17T04:05:00+09:30,PT5M
20,-82,8.2,0,0,0,1015.1,107,3.7,132,MOSTLY CLEAR,27.2,8.3,2025-08-17T04:10:00+09:30,PT5M
20,-82,8.2,0,0,0,1015.1,106,3.7,131,MOSTLY CLEAR,27.2,8.3,2025-08-17T04:15:00+09:30,PT5M
20,-82,8.2,0,0,0,1015.1,105,3.8,130,MOSTLY CLEAR,27.2,8.4,2025-08-17T04:20:00+09:30,PT5M
20,-82,8.2,0,0,0,1015.2,103,3.8,129,MOSTLY CLEAR,27.2,8.4,2025-08-17T04:25:00+09:30,PT5M
20,-82,8.2,0,0,0,1015.2,102,3.9,127,MOSTLY CLEAR,27.2,8.4,2025-08-17T04:30:00+09:30,PT5M
20,-82,8.2,0,0,0,1015.2,101,3.9,126,MOSTLY CLEAR,27.3,8.4,2025-08-17T04:35:00+09:30,PT5M
20,-81,10.1,0,0,0,1015.2,100,3.9,125,PARTLY CLOUDY,27.3,8.4,2025-08-17T04:40:00+09:30,PT5M
20,-81,8.2,0,0,0,1015.2,100,3.8,124,MOSTLY CLEAR,27.3,8.4,2025-08-17T04:45:00+09:30,PT5M
19,-81,8.2,0,0,0,1015.2,99,3.8,123,MOSTLY CLEAR,27.3,8.5,2025-08-17T04:50:00+09:30,PT5M
19,-81,8.2,0,0,0,1015.2,98,3.8,121,MOSTLY CLEAR,27.3,8.5,2025-08-17T04:55:00+09:30,PT5M
19,-81,10.1,0,0,0,1015.2,97,3.8,120,PARTLY CLOUDY,27.3,8.5,2025-08-17T05:00:00+09:30,PT5M
19,-81,10.1,0,0,0,1015.2,96,3.8,119,PARTLY CLOUDY,27.3,8.5,2025-08-17T05:05:00+09:30,PT5M
19,-81,10.1,0,0,0,1015.2,95,3.7,118,PARTLY CLOUDY,27.3,8.5,2025-08-17T05:10:00+09:30,PT5M
19,-80,8.2,0,0,0,1015.2,94,3.7,117,MOSTLY CLEAR,27.3,8.5,2025-08-17T05:15:00+09:30,PT5M
19,-80,8.2,0,0,0,1015.2,93,3.7,115,MOSTLY CLEAR,27.3,8.5,2025-08-17T05:20:00+09:30,PT5M
19,-80,8.2,0,0,0,1015.2,92,3.7,114,MOSTLY CLEAR,27.3,8.5,2025-08-17T05:25:00+09:30,PT5M
19,-80,8.2,0,0,0,1015.2,91,3.7,113,MOSTLY CLEAR,27.3,8.5,2025-08-17T05:30:00+09:30,PT5M
19,-80,8.2,0,0,0,1015.2,90,3.7,112,MOSTLY CLEAR,27.4,8.4,2025-08-17T05:35:00+09:30,PT5M
19,-79,8.2,0,0,0,1015.3,90,3.7,111,MOSTLY CLEAR,27.4,8.4,2025-08-17T05:40:00+09:30,PT5M
19,-79,8.2,0,0,0,1015.3,89,3.6,109,MOSTLY CLEAR,27.4,8.4,2025-08-17T05:45:00+09:30,PT5M
19,-79,8.2,0,0,0,1015.4,89,3.6,108,MOSTLY CLEAR,27.4,8.4,2025-08-17T05:50:00+09:30,PT5M
19,-79,8.2,0,0,0,1015.4,89,3.6,107,MOSTLY CLEAR,27.4,8.4,2025-08-17T05:55:00+09:30,PT5M
19,-79,8.2,0,0,0,1015.5,89,3.6,106,MOSTLY CLEAR,27.4,8.4,2025-08-17T06:00:00+09:30,PT5M
19,-79,8.2,0,0,0,1015.5,88,3.5,105,MOSTLY CLEAR,27.4,8.4,2025-08-17T06:05:00+09:30,PT5M
19,-78,8.2,0,0,0,1015.6,88,3.5,103,MOSTLY CLEAR,27.3,8.4,2025-08-17T06:10:00+09:30,PT5M
19,-78,8.2,0,0,0,1015.6,88,3.5,102,MOSTLY CLEAR,27.2,8.3,2025-08-17T06:15:00+09:30,PT5M
19,-78,10.1,0,0,0,1015.7,87,3.5,101,PARTLY CLOUDY,27.1,8.3,2025-08-17T06:20:00+09:30,PT5M
19,-78,8.2,0,0,0,1015.7,87,3.4,100,MOSTLY CLEAR,27,8.3,2025-08-17T06:25:00+09:30,PT5M
19,-77,8.2,0,0,0,1015.8,87,3.4,99,MOSTLY CLEAR,26.9,8.3,2025-08-17T06:30:00+09:30,PT5M
19,-77,0,0,0,0,1015.8,87,3.4,97,CLEAR,26.8,8.2,2025-08-17T06:35:00+09:30,PT5M
19,-77,0,0,0,0,1015.9,87,3.3,96,CLEAR,26.7,8.2,2025-08-17T06:40:00+09:30,PT5M
19,-77,0,0,0,0,1015.9,87,3.3,95,CLEAR,26.6,8.2,2025-08-17T06:45:00+09:30,PT5M
19,-76,0,0,0,0,1016,86,3.2,94,CLEAR,26.5,8.2,2025-08-17T06:50:00+09:30,PT5M
19,-76,8.2,0,0,0,1016,86,3.2,93,MOSTLY CLEAR,26.4,8.1,2025-08-17T06:55:00+09:30,PT5M
19,-76,8.2,0,0,0,1016.1,86,3.1,92,MOSTLY CLEAR,26.3,8.1,2025-08-17T07:00:00+09:30,PT5M
19,-76,8.2,0,0,0,1016.1,86,3.1,90,MOSTLY CLEAR,26.2,8.1,2025-08-17T07:05:00+09:30,PT5M
19,-75,0,5,6,0,1016.2,86,3,89,SUNNY,26,8.1,2025-08-17T07:10:00+09:30,PT5M
19,-75,0,16,17,0,1016.2,86,3,88,SUNNY,25.8,8.1,2025-08-17T07:15:00+09:30,PT5M
19,-75,8.2,25,28,0,1016.3,86,2.9,87,MOSTLY SUNNY,25.7,8,2025-08-17T07:20:00+09:30,PT5M
19,-75,0,41,52,0,1016.3,86,2.9,86,SUNNY,25.5,8,2025-08-17T07:25:00+09:30,PT5M
19,-74,0,56,74,0,1016.4,86,2.8,84,SUNNY,25.3,8,2025-08-17T07:30:00+09:30,PT5M
19,-74,0,72,94,0,1016.4,86,2.8,83,SUNNY,25.1,8,2025-08-17T07:35:00+09:30,PT5M
19,-74,0,89,114,0,1016.5,87,2.8,82,SUNNY,24.9,8,2025-08-17T07:40:00+09:30,PT5M
20,-73,0,107,134,0,1016.5,87,2.9,81,SUNNY,24.7,8,2025-08-17T07:45:00+09:30,PT5M
20,-73,0,125,155,0,1016.6,88,2.9,80,SUNNY,24.6,7.9,2025-08-17T07:50:00+09:30,PT5M
21,-73,0,143,175,0,1016.6,88,2.9,79,SUNNY,24.4,7.9,2025-08-17T07:55:00+09:30,PT5M
21,-72,0,162,196,0,1016.7,89,2.9,77,SUNNY,24.2,7.9,2025-08-17T08:00:00+09:30,PT5M
22,-72,0,181,217,0,1016.7,89,3,76,SUNNY,24,7.9,2025-08-17T08:05:00+09:30,PT5M
22,-72,0,200,238,0,1016.8,90,3,75,SUNNY,23.8,7.8,2025-08-17T08:10:00+09:30,PT5M
23,-71,0,220,259,0,1016.8,90,3,74,SUNNY,23.6,7.8,2025-08-17T08:15:00+09:30,PT5M
23,-71,0,239,280,0,1016.9,91,3,73,SUNNY,23.4,7.8,2025-08-17T08:20:00+09:30,PT5M
24,-70,0,259,301,0,1016.9,91,3.1,72,SUNNY,23.2,7.7,2025-08-17T08:25:00+09:30,PT5M
24,-70,0,278,322,0,1017,92,3.1,70,SUNNY,23,7.7,2025-08-17T08:30:00+09:30,PT5M
25,-70,0,298,343,0,1017,92,3.1,69,SUNNY,22.9,7.6,2025-08-17T08:35:00+09:30,PT5M
25,-69,0,317,363,0,1017,91,3.2,68,SUNNY,22.7,7.6,2025-08-17T08:40:00+09:30,PT5M
25,-69,0,336,384,0,1017.1,91,3.2,67,SUNNY,22.5,7.5,2025-08-17T08:45:00+09:30,PT5M
25,-68,0,356,404,0,1017.1,90,3.2,66,SUNNY,22.3,7.5,2025-08-17T08:50:00+09:30,PT5M
25,-68,0,375,425,0,1017.1,90,3.3,65,SUNNY,22.1,7.5,2025-08-17T08:55:00+09:30,PT5M
25,-67,0,394,445,0,1017.1,89,3.3,64,SUNNY,21.9,7.4,2025-08-17T09:00:00+09:30,PT5M
26,-67,0,413,465,0,1017.2,89,3.4,63,SUNNY,21.8,7.4,2025-08-17T09:05:00+09:30,PT5M
26,-66,0,432,484,0,1017.2,89,3.4,61,SUNNY,21.7,7.3,2025-08-17T09:10:00+09:30,PT5M
26,-66,0,450,504,0,1017.2,88,3.5,60,SUNNY,21.7,7.2,2025-08-17T09:15:00+09:30,PT5M
26,-65,0,469,524,0,1017.2,88,3.5,59,SUNNY,21.6,7.1,2025-08-17T09:20:00+09:30,PT5M
26,-65,0,487,543,0,1017.3,87,3.5,58,SUNNY,21.6,7.1,2025-08-17T09:25:00+09:30,PT5M
26,-64,0,505,562,0,1017.3,87,3.6,57,SUNNY,21.5,7,2025-08-17T09:30:00+09:30,PT5M
26,-63,0,524,581,0,1017.3,87,3.6,56,SUNNY,21.5,6.9,2025-08-17T09:35:00+09:30,PT5M
27,-63,0,541,599,0,1017.3,88,3.7,55,SUNNY,21.4,6.8,2025-08-17T09:40:00+09:30,PT5M
27,-62,0,558,617,0,1017.3,88,3.7,54,SUNNY,21.4,6.8,2025-08-17T09:45:00+09:30,PT5M
27,-61,0,575,635,0,1017.3,89,3.7,53,SUNNY,21.3,6.7,2025-08-17T09:50:00+09:30,PT5M
27,-61,0,592,652,0,1017.3,89,3.8,52,SUNNY,21.3,6.6,2025-08-17T09:55:00+09:30,PT5M
27,-60,0,608,669,0,1017.2,90,3.8,50,SUNNY,21.2,6.5,2025-08-17T10:00:00+09:30,PT5M
28,-59,0,624,685,0,1017.2,90,3.8,49,SUNNY,21.3,6.5,2025-08-17T10:05:00+09:30,PT5M
28,-58,0,639,702,0,1017.2,91,3.9,48,SUNNY,21.4,6.5,2025-08-17T10:10:00+09:30,PT5M
28,-57,0,654,717,0,1017.2,91,3.9,47,SUNNY,21.4,6.6,2025-08-17T10:15:00+09:30,PT5M
28,-56,0,669,732,0,1017.2,92,3.9,46,SUNNY,21.6,6.6,2025-08-17T10:20:00+09:30,PT5M
28,-55,0,683,747,0,1017.2,92,4,45,SUNNY,21.7,6.6,2025-08-17T10:25:00+09:30,PT5M
28,-55,0,697,762,0,1017.2,93,4,44,SUNNY,21.8,6.6,2025-08-17T10:30:00+09:30,PT5M
29,-54,0,711,776,0,1017.2,93,4,43,SUNNY,21.8,6.7,2025-08-17T10:35:00+09:30,PT5M
29,-52,0,724,790,0,1017.1,93,4.1,42,SUNNY,22,6.7,2025-08-17T10:40:00+09:30,PT5M
29,-51,0,737,803,0,1017,94,4.2,41,SUNNY,22.1,6.7,2025-08-17T10:45:00+09:30,PT5M
29,-50,0,749,815,0,1017,94,4.2,40,SUNNY,22.2,6.7,2025-08-17T10:50:00+09:30,PT5M
29,-49,0,761,828,0,1016.9,95,4.3,40,SUNNY,22.2,6.8,2025-08-17T10:55:00+09:30,PT5M
29,-48,0,772,840,0,1016.9,95,4.3,39,SUNNY,22.4,6.8,2025-08-17T11:00:00+09:30,PT5M
30,-46,0,783,851,0,1016.8,95,4.4,38,SUNNY,22.4,6.8,2025-08-17T11:05:00+09:30,PT5M
30,-45,0,794,862,0,1016.8,96,4.5,37,SUNNY,22.5,6.9,2025-08-17T11:10:00+09:30,PT5M
30,-44,0,804,872,0,1016.7,96,4.5,36,SUNNY,22.6,7,2025-08-17T11:15:00+09:30,PT5M
30,-42,0,813,882,0,1016.6,96,4.6,35,SUNNY,22.7,7.1,2025-08-17T11:20:00+09:30,PT5M
30,-40,0,823,891,0,1016.6,97,4.6,34,SUNNY,22.8,7.1,2025-08-17T11:25:00+09:30,PT5M
30,-39,0,831,900,0,1016.5,97,4.7,34,SUNNY,22.9,7.2,2025-08-17T11:30:00+09:30,PT5M
30,-37,0,839,909,0,1016.5,97,4.8,33,SUNNY,23,7.3,2025-08-17T11:35:00+09:30,PT5M
30,-35,0,847,917,0,1016.4,97,4.8,32,SUNNY,23.1,7.4,2025-08-17T11:40:00+09:30,PT5M
31,-33,0,854,924,0,1016.3,98,4.8,31,SUNNY,23.2,7.4,2025-08-17T11:45:00+09:30,PT5M
31,-31,0,861,931,0,1016.2,98,4.9,31,SUNNY,23.3,7.5,2025-08-17T11:50:00+09:30,PT5M
31,-29,0,867,937,0,1016.1,98,4.9,30,SUNNY,23.4,7.6,2025-08-17T11:55:00+09:30,PT5M
31,-27,0,873,943,0,1016,98,5,30,SUNNY,23.5,7.7,2025-08-17T12:00:00+09:30,PT5M
31,-25,0,878,949,0,1015.9,98,5,29,SUNNY,23.5,7.7,2025-08-17T12:05:00+09:30,PT5M
31,-23,0,883,954,0,1015.9,98,5.1,29,SUNNY,23.6,7.8,2025-08-17T12:10:00+09:30,PT5M
31,-20,0,887,958,0,1015.8,98,5.1,28,SUNNY,23.6,7.9,2025-08-17T12:15:00+09:30,PT5M
31,-18,0,891,962,0,1015.7,98,5.2,28,SUNNY,23.6,8,2025-08-17T12:20:00+09:30,PT5M
31,-15,0,894,965,0,1015.6,99,5.2,27,SUNNY,23.7,8,2025-08-17T12:25:00+09:30,PT5M
31,-13,0,897,968,0,1015.5,99,5.2,27,SUNNY,23.7,8.1,2025-08-17T12:30:00+09:30,PT5M
32,-10,0,899,970,0,1015.4,99,5.3,27,SUNNY,23.8,8.2,2025-08-17T12:35:00+09:30,PT5M
32,-7,0,901,972,0,1015.4,99,5.2,27,SUNNY,23.8,8.3,2025-08-17T12:40:00+09:30,PT5M
32,-5,0,902,973,0,1015.3,99,5.2,26,SUNNY,23.9,8.3,2025-08-17T12:45:00+09:30,PT5M
32,-2,0,903,974,0,1015.2,100,5.2,26,SUNNY,23.9,8.4,2025-08-17T12:50:00+09:30,PT5M
32,1,0,903,974,0,1015.1,100,5.2,26,SUNNY,23.9,8.5,2025-08-17T12:55:00+09:30,PT5M
32,4,0,902,974,0,1015,100,5.1,26,SUNNY,24,8.6,2025-08-17T13:00:00+09:30,PT5M
32,6,0,901,973,0,1014.9,100,5.1,27,SUNNY,24,8.6,2025-08-17T13:05:00+09:30,PT5M
32,9,0,900,971,0,1014.8,100,5.1,27,SUNNY,24,8.7,2025-08-17T13:10:00+09:30,PT5M
32,12,0,898,969,0,1014.7,101,5.1,27,SUNNY,24,8.8,2025-08-17T13:15:00+09:30,PT5M
32,14,0,895,966,0,1014.6,101,5.1,27,SUNNY,23.9,8.9,2025-08-17T13:20:00+09:30,PT5M
32,17,0,893,963,0,1014.5,101,5,28,SUNNY,23.9,9,2025-08-17T13:25:00+09:30,PT5M
32,19,0,889,960,0,1014.4,101,5,28,SUNNY,23.9,9.1,2025-08-17T13:30:00+09:30,PT5M
32,22,0,885,956,0,1014.4,102,5,28,SUNNY,23.9,9.1,2025-08-17T13:35:00+09:30,PT5M
32,24,0,880,951,0,1014.3,102,4.9,29,SUNNY,23.9,9.2,2025-08-17T13:40:00+09:30,PT5M
32,26,0,875,945,0,1014.3,102,4.9,29,SUNNY,23.9,9.3,2025-08-17T13:45:00+09:30,PT5M
32,28,0,870,940,0,1014.2,103,4.8,30,SUNNY,23.8,9.4,2025-08-17T13:50:00+09:30,PT5M
32,30,0,864,933,0,1014.2,103,4.8,30,SUNNY,23.8,9.5,2025-08-17T13:55:00+09:30,PT5M
33,32,0,857,927,0,1014.1,103,4.7,31,SUNNY,23.8,9.6,2025-08-17T14:00:00+09:30,PT5M
33,34,0,850,919,0,1014.1,104,4.7,32,SUNNY,23.8,9.6,2025-08-17T14:05:00+09:30,PT5M
33,36,0,842,911,0,1014,104,4.6,32,SUNNY,23.8,9.7,2025-08-17T14:10:00+09:30,PT5M
33,38,0,834,903,0,1014,105,4.5,33,SUNNY,23.8,9.8,2025-08-17T14:15:00+09:30,PT5M
33,40,0,826,894,0,1013.9,105,4.5,34,SUNNY,23.8,9.8,2025-08-17T14:20:00+09:30,PT5M
33,41,0,817,885,0,1013.9,105,4.4,35,SUNNY,23.8,9.9,2025-08-17T14:25:00+09:30,PT5M
33,43,0,807,875,0,1013.8,106,4.4,36,SUNNY,23.8,10,2025-08-17T14:30:00+09:30,PT5M
33,44,0,797,865,0,1013.8,106,4.3,36,SUNNY,23.7,10,2025-08-17T14:35:00+09:30,PT5M
33,46,0,787,854,0,1013.7,106,4.3,37,SUNNY,23.7,10.1,2025-08-17T14:40:00+09:30,PT5M
33,47,0,776,843,0,1013.7,106,4.3,38,SUNNY,23.7,10.2,2025-08-17T14:45:00+09:30,PT5M
33,48,0,765,831,0,1013.6,106,4.2,39,SUNNY,23.7,10.2,2025-08-17T14:50:00+09:30,PT5M
33,50,0,753,819,0,1013.6,107,4.2,40,SUNNY,23.7,10.3,2025-08-17T14:55:00+09:30,PT5M
33,51,0,741,806,0,1013.5,107,4.1,41,SUNNY,23.7,10.4,2025-08-17T15:00:00+09:30,PT5M
33,52,0,728,793,0,1013.5,107,4.1,42,SUNNY,23.7,10.5,2025-08-17T15:05:00+09:30,PT5M
33,53,0,715,779,0,1013.4,107,4.1,43,SUNNY,23.7,10.6,2025-08-17T15:10:00+09:30,PT5M
33,54,0,701,765,0,1013.4,107,4,44,SUNNY,23.7,10.7,2025-08-17T15:15:00+09:30,PT5M
33,55,0,687,750,0,1013.3,108,4,45,SUNNY,23.7,10.8,2025-08-17T15:20:00+09:30,PT5M
33,56,0,673,735,0,1013.3,108,3.9,46,SUNNY,23.7,10.9,2025-08-17T15:25:00+09:30,PT5M
33,57,0,658,720,0,1013.2,108,3.9,47,SUNNY,23.7,11,2025-08-17T15:30:00+09:30,PT5M
33,58,0,643,704,0,1013.2,108,3.9,48,SUNNY,23.8,11.1,2025-08-17T15:35:00+09:30,PT5M
33,59,0,628,688,0,1013.2,108,3.8,49,SUNNY,23.8,11.2,2025-08-17T15:40:00+09:30,PT5M
33,60,0,612,671,0,1013.2,108,3.8,50,SUNNY,23.8,11.3,2025-08-17T15:45:00+09:30,PT5M
33,60,0,595,654,0,1013.2,108,3.8,51,SUNNY,23.8,11.4,2025-08-17T15:50:00+09:30,PT5M
33,61,0,579,637,0,1013.2,108,3.7,52,SUNNY,23.8,11.5,2025-08-17T15:55:00+09:30,PT5M
33,62,0,562,619,0,1013.2,108,3.7,53,SUNNY,23.8,11.6,2025-08-17T16:00:00+09:30,PT5M
33,62,0,545,601,0,1013.2,108,3.7,54,SUNNY,23.8,11.7,2025-08-17T16:05:00+09:30,PT5M
33,63,0,528,583,0,1013.2,108,3.6,55,SUNNY,23.8,11.7,2025-08-17T16:10:00+09:30,PT5M
33,64,0,510,565,0,1013.2,108,3.6,56,SUNNY,23.8,11.7,2025-08-17T16:15:00+09:30,PT5M
33,64,0,493,546,0,1013.2,108,3.6,58,SUNNY,23.9,11.7,2025-08-17T16:20:00+09:30,PT5M
33,65,0,475,528,0,1013.2,108,3.5,59,SUNNY,23.9,11.7,2025-08-17T16:25:00+09:30,PT5M
33,66,0,456,508,0,1013.2,108,3.5,60,SUNNY,23.9,11.7,2025-08-17T16:30:00+09:30,PT5M
33,66,0,438,489,0,1013.2,109,3.5,61,SUNNY,23.9,11.8,2025-08-17T16:35:00+09:30,PT5M
33,67,0,419,469,0,1013.2,109,3.4,62,SUNNY,23.9,11.8,2025-08-17T16:40:00+09:30,PT5M
32,67,0,400,450,0,1013.3,109,3.4,63,SUNNY,23.9,11.8,2025-08-17T16:45:00+09:30,PT5M
32,68,0,381,430,0,1013.3,109,3.4,64,SUNNY,24,11.8,2025-08-17T16:50:00+09:30,PT5M
32,68,0,362,409,0,1013.3,109,3.3,65,SUNNY,24,11.8,2025-08-17T16:55:00+09:30,PT5M
32,69,0,343,389,0,1013.4,109,3.3,66,SUNNY,24,11.8,2025-08-17T17:00:00+09:30,PT5M
32,69,0,324,368,0,1013.4,110,3.3,68,SUNNY,24,11.8,2025-08-17T17:05:00+09:30,PT5M
32,70,0,304,347,0,1013.4,110,3.2,69,SUNNY,24,11.8,2025-08-17T17:10:00+09:30,PT5M
32,70,0,285,327,0,1013.5,110,3.2,70,SUNNY,24,11.8,2025-08-17T17:15:00+09:30,PT5M
31,70,0,265,306,0,1013.5,110,3.2,71,SUNNY,24,11.8,2025-08-17T17:20:00+09:30,PT5M
31,71,0,245,285,0,1013.5,110,3.1,72,SUNNY,24,11.8,2025-08-17T17:25:00+09:30,PT5M
31,71,0,226,264,0,1013.6,111,3.1,73,SUNNY,24,11.8,2025-08-17T17:30:00+09:30,PT5M
31,72,0,207,242,0,1013.6,111,3.1,75,SUNNY,24.1,11.8,2025-08-17T17:35:00+09:30,PT5M
31,72,0,187,221,0,1013.6,111,3,76,SUNNY,24.1,11.8,2025-08-17T17:40:00+09:30,PT5M
31,72,0,168,200,0,1013.7,111,2.9,77,SUNNY,24.1,11.8,2025-08-17T17:45:00+09:30,PT5M
31,73,0,149,180,0,1013.7,111,2.9,78,SUNNY,24.1,11.8,2025-08-17T17:50:00+09:30,PT5M
31,73,0,131,159,0,1013.8,112,2.8,79,SUNNY,24.1,11.8,2025-08-17T17:55:00+09:30,PT5M
31,73,0,113,138,0,1013.8,112,2.7,80,SUNNY,24.1,11.8,2025-08-17T18:00:00+09:30,PT5M
31,74,0,95,118,0,1013.9,112,2.7,82,SUNNY,24.1,11.8,2025-08-17T18:05:00+09:30,PT5M
31,74,0,78,99,0,1013.9,112,2.6,83,SUNNY,24.1,11.8,2025-08-17T18:10:00+09:30,PT5M
31,74,0,62,80,0,1013.9,112,2.5,84,SUNNY,24.1,11.8,2025-08-17T18:15:00+09:30,PT5M
30,75,0,47,61,0,1014,113,2.5,85,SUNNY,24.2,11.8,2025-08-17T18:20:00+09:30,PT5M
30,75,0,33,39,0,1014,113,2.4,86,SUNNY,24.2,11.8,2025-08-17T18:25:00+09:30,PT5M
30,75,0,21,23,0,1014.1,113,2.3,87,SUNNY,24.2,11.8,2025-08-17T18:30:00+09:30,PT5M
30,75,0,10,10,0,1014.1,113,2.2,89,SUNNY,24.2,11.7,2025-08-17T18:35:00+09:30,PT5M
30,76,8.2,1,1,0,1014.2,114,2.1,90,MOSTLY CLEAR,24.2,11.7,2025-08-17T18:40:00+09:30,PT5M
29,76,8.2,0,0,0,1014.3,114,2,91,MOSTLY CLEAR,24.2,11.7,2025-08-17T18:45:00+09:30,PT5M
29,76,8.2,0,0,0,1014.3,115,2,92,MOSTLY CLEAR,24.3,11.7,2025-08-17T18:50:00+09:30,PT5M
29,77,8.2,0,0,0,1014.4,115,1.9,93,MOSTLY CLEAR,24.3,11.7,2025-08-17T18:55:00+09:30,PT5M
29,77,0,0,0,0,1014.5,116,1.8,94,CLEAR,24.3,11.7,2025-08-17T19:00:00+09:30,PT5M
28,77,0,0,0,0,1014.6,116,1.7,96,CLEAR,24.3,11.7,2025-08-17T19:05:00+09:30,PT5M
28,77,8.2,0,0,0,1014.6,117,1.6,97,MOSTLY CLEAR,24.3,11.7,2025-08-17T19:10:00+09:30,PT5M
28,77,0,0,0,0,1014.7,117,1.5,98,CLEAR,24.3,11.6,2025-08-17T19:15:00+09:30,PT5M
27,78,0,0,0,0,1014.8,118,1.4,99,CLEAR,24.3,11.6,2025-08-17T19:20:00+09:30,PT5M
27,78,0,0,0,0,1014.9,119,1.3,100,CLEAR,24.3,11.6,2025-08-17T19:25:00+09:30,PT5M
27,78,0,0,0,0,1015,120,1.2,102,CLEAR,24.3,11.6,2025-08-17T19:30:00+09:30,PT5M
27,78,0,0,0,0,1015,123,1.2,103,CLEAR,24.3,11.5,2025-08-17T19:35:00+09:30,PT5M
26,79,0,0,0,0,1015.1,126,1.2,104,CLEAR,24.3,11.5,2025-08-17T19:40:00+09:30,PT5M
26,79,0,0,0,0,1015.2,129,1.2,105,CLEAR,24.3,11.5,2025-08-17T19:45:00+09:30,PT5M
26,79,8.2,0,0,0,1015.3,132,1.2,106,MOSTLY CLEAR,24.3,11.5,2025-08-17T19:50:00+09:30,PT5M
25,79,8.2,0,0,0,1015.4,135,1.3,108,MOSTLY CLEAR,24.3,11.4,2025-08-17T19:55:00+09:30,PT5M
25,79,8.2,0,0,0,1015.4,138,1.3,109,MOSTLY CLEAR,24.3,11.4,2025-08-17T20:00:00+09:30,PT5M
25,80,8.2,0,0,0,1015.5,141,1.3,110,MOSTLY CLEAR,24.3,11.4,2025-08-17T20:05:00+09:30,PT5M
25,80,8.2,0,0,0,1015.6,144,1.4,111,MOSTLY CLEAR,24.3,11.4,2025-08-17T20:10:00+09:30,PT5M
24,80,10.1,0,0,0,1015.7,146,1.4,112,PARTLY CLOUDY,24.3,11.4,2025-08-17T20:15:00+09:30,PT5M
24,80,12.1,0,0,0,1015.8,148,1.5,114,PARTLY CLOUDY,24.3,11.3,2025-08-17T20:20:00+09:30,PT5M
24,80,10.1,0,0,0,1015.9,150,1.5,115,PARTLY CLOUDY,24.3,11.3,2025-08-17T20:25:00+09:30,PT5M
23,81,8.2,0,0,0,1015.9,152,1.5,116,MOSTLY CLEAR,24.3,11.3,2025-08-17T20:30:00+09:30,PT5M
23,81,8.2,0,0,0,1016,154,1.6,117,MOSTLY CLEAR,24.4,11.3,2025-08-17T20:35:00+09:30,PT5M
23,81,8.2,0,0,0,1016.1,156,1.6,118,MOSTLY CLEAR,24.4,11.3,2025-08-17T20:40:00+09:30,PT5M
23,81,10.1,0,0,0,1016.1,158,1.6,120,PARTLY CLOUDY,24.4,11.3,2025-08-17T20:45:00+09:30,PT5M
23,81,12.1,0,0,0,1016.1,160,1.5,121,PARTLY CLOUDY,24.4,11.2,2025-08-17T20:50:00+09:30,PT5M
23,81,12.1,0,0,0,1016.2,162,1.5,122,PARTLY CLOUDY,24.4,11.2,2025-08-17T20:55:00+09:30,PT5M
23,81,12.1,0,0,0,1016.2,164,1.6,123,PARTLY CLOUDY,24.4,11.2,2025-08-17T21:00:00+09:30,PT5M
23,82,10.1,0,0,0,1016.3,166,1.6,124,PARTLY CLOUDY,24.4,11.2,2025-08-17T21:05:00+09:30,PT5M
23,82,10.1,0,0,0,1016.3,168,1.6,126,PARTLY CLOUDY,24.4,11.2,2025-08-17T21:10:00+09:30,PT5M
23,82,8.2,0,0,0,1016.3,170,1.6,127,MOSTLY CLEAR,24.5,11.1,2025-08-17T21:15:00+09:30,PT5M
22,82,8.2,0,0,0,1016.4,172,1.6,128,MOSTLY CLEAR,24.5,11.1,2025-08-17T21:20:00+09:30,PT5M
22,82,8.2,0,0,0,1016.4,174,1.6,129,MOSTLY CLEAR,24.5,11.1,2025-08-17T21:25:00+09:30,PT5M
22,82,8.2,0,0,0,1016.5,176,1.6,131,MOSTLY CLEAR,24.5,11,2025-08-17T21:30:00+09:30,PT5M
22,82,0,0,0,0,1016.5,176,1.6,132,CLEAR,24.6,11,2025-08-17T21:35:00+09:30,PT5M
22,83,0,0,0,0,1016.5,176,1.6,133,CLEAR,24.6,11,2025-08-17T21:40:00+09:30,PT5M
22,83,0,0,0,0,1016.5,176,1.6,134,CLEAR,24.6,10.9,2025-08-17T21:45:00+09:30,PT5M
22,83,8.2,0,0,0,1016.5,175,1.6,135,MOSTLY CLEAR,24.6,10.9,2025-08-17T21:50:00+09:30,PT5M
22,83,8.2,0,0,0,1016.5,175,1.6,137,MOSTLY CLEAR,24.7,10.9,2025-08-17T21:55:00+09:30,PT5M
22,83,8.2,0,0,0,1016.4,175,1.6,138,MOSTLY CLEAR,24.7,10.8,2025-08-17T22:00:00+09:30,PT5M
21,83,0,0,0,0,1016.4,174,1.6,139,CLEAR,24.7,10.8,2025-08-17T22:05:00+09:30,PT5M
21,83,0,0,0,0,1016.4,174,1.6,140,CLEAR,24.7,10.8,2025-08-17T22:10:00+09:30,PT5M
21,83,0,0,0,0,1016.4,174,1.6,141,CLEAR,24.8,10.7,2025-08-17T22:15:00+09:30,PT5M
21,83,0,0,0,0,1016.4,174,1.6,143,CLEAR,24.8,10.7,2025-08-17T22:20:00+09:30,PT5M
21,84,0,0,0,0,1016.4,173,1.6,144,CLEAR,24.8,10.7,2025-08-17T22:25:00+09:30,PT5M
21,84,8.2,0,0,0,1016.4,173,1.6,145,MOSTLY CLEAR,24.8,10.7,2025-08-17T22:30:00+09:30,PT5M
21,84,0,0,0,0,1016.4,172,1.6,146,CLEAR,24.9,10.6,2025-08-17T22:35:00+09:30,PT5M
21,84,0,0,0,0,1016.4,171,1.6,147,CLEAR,24.9,10.6,2025-08-17T22:40:00+09:30,PT5M
21,84,0,0,0,0,1016.4,170,1.6,149,CLEAR,24.9,10.6,2025-08-17T22:45:00+09:30,PT5M
21,84,8.2,0,0,0,1016.5,169,1.6,150,MOSTLY CLEAR,24.9,10.6,2025-08-17T22:50:00+09:30,PT5M
20,84,8.2,0,0,0,1016.5,168,1.6,151,MOSTLY CLEAR,25,10.5,2025-08-17T22:55:00+09:30,PT5M
20,84,8.2,0,0,0,1016.5,167,1.6,152,MOSTLY CLEAR,25,10.5,2025-08-17T23:00:00+09:30,PT5M
20,84,0,0,0,0,1016.5,165,1.7,154,CLEAR,25,10.5,2025-08-17T23:05:00+09:30,PT5M
20,84,0,0,0,0,1016.5,164,1.7,155,CLEAR,25.1,10.4,2025-08-17T23:10:00+09:30,PT5M
20,84,0,0,0,0,1016.5,163,1.7,156,CLEAR,25.1,10.4,2025-08-17T23:15:00+09:30,PT5M
20,84,8.2,0,0,0,1016.6,162,1.7,157,MOSTLY CLEAR,25.1,10.4,2025-08-17T23:20:00+09:30,PT5M
20,84,8.2,0,0,0,1016.6,161,1.7,158,MOSTLY CLEAR,25.2,10.3,2025-08-17T23:25:00+09:30,PT5M
20,84,8.2,0,0,0,1016.6,160,1.7,160,MOSTLY CLEAR,25.2,10.3,2025-08-17T23:30:00+09:30,PT5M
20,84,8.2,0,0,0,1016.6,158,1.7,161,MOSTLY CLEAR,25.2,10.2,2025-08-17T23:35:00+09:30,PT5M
20,84,8.2,0,0,0,1016.6,156,1.7,162,MOSTLY CLEAR,25.2,10.2,2025-08-17T23:40:00+09:30,PT5M
20,83,8.2,0,0,0,1016.6,154,1.8,163,MOSTLY CLEAR,25.3,10.1,2025-08-17T23:45:00+09:30,PT5M
20,83,8.2,0,0,0,1016.6,152,1.8,164,MOSTLY CLEAR,25.3,10.1,2025-08-17T23:50:00+09:30,PT5M
20,83,8.2,0,0,0,1016.6,150,1.8,166,MOSTLY CLEAR,25.4,10.1,2025-08-17T23:55:00+09:30,PT5M
20,83,8.2,0,0,0,1016.6,148,1.8,167,MOSTLY CLEAR,25.4,10,2025-08-18T00:00:00+09:30,PT5M
20,82,8.2,0,0,0,1016.6,146,1.9,168,MOSTLY CLEAR,25.5,10,2025-08-18T00:05:00+09:30,PT5M
19,82,8.2,0,0,0,1016.6,144,1.9,169,MOSTLY CLEAR,25.7,10,2025-08-18T00:10:00+09:30,PT5M
19,81,8.2,0,0,0,1016.6,143,1.9,171,MOSTLY CLEAR,25.8,9.9,2025-08-18T00:15:00+09:30,PT5M
19,80,0,0,0,0,1016.6,141,2,172,CLEAR,26,9.9,2025-08-18T00:20:00+09:30,PT5M
19,78,0,0,0,0,1016.6,139,2,173,CLEAR,26.2,9.8,2025-08-18T00:25:00+09:30,PT5M
19,76,0,0,0,0,1016.6,138,2,174,CLEAR,26.4,9.8,2025-08-18T00:30:00+09:30,PT5M
19,73,0,0,0,0,1016.6,136,2.1,175,CLEAR,26.5,9.8,2025-08-18T00:35:00+09:30,PT5M
19,68,8.2,0,0,0,1016.6,134,2.1,176,MOSTLY CLEAR,26.7,9.8,2025-08-18T00:40:00+09:30,PT5M
19,57,8.2,0,0,0,1016.6,132,2.1,178,MOSTLY CLEAR,26.9,9.7,2025-08-18T00:45:00+09:30,PT5M
19,33,8.2,0,0,0,1016.6,130,2.1,178,MOSTLY CLEAR,27.1,9.7,2025-08-18T00:50:00+09:30,PT5M
19,-15,8.2,0,0,0,1016.6,128,2.1,179,MOSTLY CLEAR,27.2,9.6,2025-08-18T00:55:00+09:30,PT5M
19,-50,8.2,0,0,0,1016.6,126,2.1,178,MOSTLY CLEAR,27.4,9.6,2025-08-18T01:00:00+09:30,PT5M
19,-64,0,0,0,0,1016.6,125,2.2,177,CLEAR,27.6,9.6,2025-08-18T01:05:00+09:30,PT5M
19,-71,8.2,0,0,0,1016.6,123,2.2,176,MOSTLY CLEAR,28,9.6,2025-08-18T01:10:00+09:30,PT5M
19,-75,8.2,0,0,0,1016.6,121,2.2,175,MOSTLY CLEAR,28.2,9.6,2025-08-18T01:15:00+09:30,PT5M
19,-78,8.2,0,0,0,1016.6,119,2.2,173,MOSTLY CLEAR,28.6,9.6,2025-08-18T01:20:00+09:30,PT5M
19,-79,8.2,0,0,0,1016.6,118,2.3,172,MOSTLY CLEAR,28.8,9.6,2025-08-18T01:25:00+09:30,PT5M
19,-81,8.2,0,0,0,1016.6,116,2.3,171,MOSTLY CLEAR,29.2,9.6,2025-08-18T01:30:00+09:30,PT5M
19,-81,8.2,0,0,0,1016.6,115,2.4,170,MOSTLY CLEAR,29.4,9.6,2025-08-18T01:35:00+09:30,PT5M
19,-82,8.2,0,0,0,1016.6,114,2.4,169,MOSTLY CLEAR,29.8,9.6,2025-08-18T01:40:00+09:30,PT5M
19,-83,8.2,0,0,0,1016.6,114,2.5,167,MOSTLY CLEAR,30,9.6,2025-08-18T01:45:00+09:30,PT5M
19,-83,10.1,0,0,0,1016.6,113,2.5,166,PARTLY CLOUDY,30.4,9.6,2025-08-18T01:50:00+09:30,PT5M
19,-83,8.2,0,0,0,1016.6,113,2.6,165,MOSTLY CLEAR,30.6,9.6,2025-08-18T01:55:00+09:30,PT5M
19,-84,10.1,0,0,0,1016.6,112,2.7,164,PARTLY CLOUDY,31,9.6,2025-08-18T02:00:00+09:30,PT5M
19,-84,10.1,0,0,0,1016.6,112,2.7,163,PARTLY CLOUDY,31.3,9.6,2025-08-18T02:05:00+09:30,PT5M
19,-84,10.1,0,0,0,1016.6,111,2.8,161,PARTLY CLOUDY,31.6,9.7,2025-08-18T02:10:00+09:30,PT5M
19,-84,10.1,0,0,0,1016.6,111,2.8,160,PARTLY CLOUDY,31.9,9.8,2025-08-18T02:15:00+09:30,PT5M
19,-84,10.1,0,0,0,1016.6,110,2.9,159,PARTLY CLOUDY,32.2,9.9,2025-08-18T02:20:00+09:30,PT5M
19,-84,10.1,0,0,0,1016.6,110,3,158,PARTLY CLOUDY,32.5,9.9,2025-08-18T02:25:00+09:30,PT5M
19,-84,10.1,0,0,0,1016.6,109,3,156,PARTLY CLOUDY,32.8,10,2025-08-18T02:30:00+09:30,PT5M
19,-84,10.1,0,0,0,1016.6,109,3.1,155,PARTLY CLOUDY,33.1,10.1,2025-08-18T02:35:00+09:30,PT5M
19,-84,10.1,0,0,0,1016.6,108,3.1,154,PARTLY CLOUDY,33.4,10.2,2025-08-18T02:40:00+09:30,PT5M
19,-84,10.1,0,0,0,1016.6,108,3.1,153,PARTLY CLOUDY,33.7,10.2,2025-08-18T02:45:00+09:30,PT5M
19,-84,10.1,0,0,0,1016.6,107,3.1,152,PARTLY CLOUDY,34,10.3,2025-08-18T02:50:00+09:30,PT5M
19,-84,10.1,0,0,0,1016.6,107,3.2,150,PARTLY CLOUDY,34.3,10.4,2025-08-18T02:55:00+09:30,PT5M
19,-84,10.1,0,0,0,1016.6,107,3.2,149,PARTLY CLOUDY,34.6,10.5,2025-08-18T03:00:00+09:30,PT5M
19,-84,10.1,0,0,0,1016.6,106,3.2,148,PARTLY CLOUDY,34.9,10.5,2025-08-18T03:05:00+09:30,PT5M
19,-84,10.1,0,0,0,1016.6,106,3.2,147,PARTLY CLOUDY,35,10.6,2025-08-18T03:10:00+09:30,PT5M
19,-84,10.1,0,0,0,1016.6,105,3.2,146,PARTLY CLOUDY,35.2,10.7,2025-08-18T03:15:00+09:30,PT5M
19,-84,10.1,0,0,0,1016.6,105,3.2,144,PARTLY CLOUDY,35.3,10.7,2025-08-18T03:20:00+09:30,PT5M
19,-84,10.1,0,0,0,1016.6,105,3.3,143,PARTLY CLOUDY,35.5,10.8,2025-08-18T03:25:00+09:30,PT5M
20,-84,10.1,0,0,0,1016.6,104,3.3,142,PARTLY CLOUDY,35.6,10.9,2025-08-18T03:30:00+09:30,PT5M
20,-83,10.1,0,0,0,1016.6,104,3.3,141,PARTLY CLOUDY,35.8,10.9,2025-08-18T03:35:00+09:30,PT5M
19,-83,8.2,0,0,0,1016.6,103,3.3,140,MOSTLY CLEAR,35.9,11,2025-08-18T03:40:00+09:30,PT5M
19,-83,8.2,0,0,0,1016.7,103,3.3,138,MOSTLY CLEAR,36.1,11.1,2025-08-18T03:45:00+09:30,PT5M
19,-83,8.2,0,0,0,1016.7,102,3.3,137,MOSTLY CLEAR,36.2,11.1,2025-08-18T03:50:00+09:30,PT5M
19,-83,8.2,0,0,0,1016.7,101,3.3,136,MOSTLY CLEAR,36.4,11.2,2025-08-18T03:55:00+09:30,PT5M
19,-83,10.1,0,0,0,1016.7,101,3.3,135,PARTLY CLOUDY,36.5,11.3,2025-08-18T04:00:00+09:30,PT5M
19,-83,10.1,0,0,0,1016.8,100,3.3,133,PARTLY CLOUDY,36.6,11.3,2025-08-18T04:05:00+09:30,PT5M
19,-83,8.2,0,0,0,1016.8,100,3.2,132,MOSTLY CLEAR,36.6,11.3,2025-08-18T04:10:00+09:30,PT5M
19,-83,10.1,0,0,0,1016.8,99,3.2,131,PARTLY CLOUDY,36.6,11.3,2025-08-18T04:15:00+09:30,PT5M
19,-82,10.1,0,0,0,1016.8,99,3.2,130,PARTLY CLOUDY,36.6,11.4,2025-08-18T04:20:00+09:30,PT5M
19,-82,8.2,0,0,0,1016.9,98,3.2,129,MOSTLY CLEAR,36.6,11.4,2025-08-18T04:25:00+09:30,PT5M
19,-82,8.2,0,0,0,1016.9,97,3.2,127,MOSTLY CLEAR,36.6,11.4,2025-08-18T04:30:00+09:30,PT5M
19,-82,10.1,0,0,0,1016.9,97,3.2,126,PARTLY CLOUDY,36.5,11.4,2025-08-18T04:35:00+09:30,PT5M
19,-82,10.1,0,0,0,1016.9,97,3.2,125,PARTLY CLOUDY,36.5,11.4,2025-08-18T04:40:00+09:30,PT5M
19,-82,10.1,0,0,0,1016.9,97,3.2,124,PARTLY CLOUDY,36.5,11.4,2025-08-18T04:45:00+09:30,PT5M
19,-82,8.2,0,0,0,1016.9,97,3.2,123,MOSTLY CLEAR,36.5,11.5,2025-08-18T04:50:00+09:30,PT5M
19,-81,8.2,0,0,0,1016.9,97,3.2,121,MOSTLY CLEAR,36.5,11.5,2025-08-18T04:55:00+09:30,PT5M
19,-81,8.2,0,0,0,1016.9,97,3.2,120,MOSTLY CLEAR,36.5,11.5,2025-08-18T05:00:00+09:30,PT5M
18,-81,8.2,0,0,0,1016.9,97,3.2,119,MOSTLY CLEAR,36.5,11.5,2025-08-18T05:05:00+09:30,PT5M
18,-81,8.2,0,0,0,1016.9,97,3.2,118,MOSTLY CLEAR,36.5,11.5,2025-08-18T05:10:00+09:30,PT5M
18,-81,8.2,0,0,0,1016.9,97,3.2,117,MOSTLY CLEAR,36.5,11.5,2025-08-18T05:15:00+09:30,PT5M
18,-81,8.2,0,0,0,1016.9,97,3.2,115,MOSTLY CLEAR,36.5,11.5,2025-08-18T05:20:00+09:30,PT5M
18,-80,8.2,0,0,0,1016.9,97,3.2,114,MOSTLY CLEAR,36.5,11.5,2025-08-18T05:25:00+09:30,PT5M
18,-80,8.2,0,0,0,1016.9,97,3.2,113,MOSTLY CLEAR,36.5,11.5,2025-08-18T05:30:00+09:30,PT5M
18,-80,10.1,0,0,0,1016.9,98,3.2,112,PARTLY CLOUDY,36.4,11.4,2025-08-18T05:35:00+09:30,PT5M
18,-80,12.1,0,0,0,1017,98,3.2,111,PARTLY CLOUDY,36.4,11.4,2025-08-18T05:40:00+09:30,PT5M
18,-80,12.1,0,0,0,1017,99,3.2,109,PARTLY CLOUDY,36.4,11.4,2025-08-18T05:45:00+09:30,PT5M
18,-79,12.1,0,0,0,1017.1,100,3.3,108,PARTLY CLOUDY,36.4,11.4,2025-08-18T05:50:00+09:30,PT5M
18,-79,12.1,0,0,0,1017.1,101,3.3,107,PARTLY CLOUDY,36.4,11.4,2025-08-18T05:55:00+09:30,PT5M
18,-79,10.1,0,0,0,1017.2,102,3.3,106,PARTLY CLOUDY,36.4,11.4,2025-08-18T06:00:00+09:30,PT5M
18,-79,10.1,0,0,0,1017.2,103,3.3,105,PARTLY CLOUDY,36.3,11.4,2025-08-18T06:05:00+09:30,PT5M
18,-79,8.2,0,0,0,1017.3,104,3.3,103,MOSTLY CLEAR,36.2,11.4,2025-08-18T06:10:00+09:30,PT5M
18,-78,10.1,0,0,0,1017.3,104,3.3,102,PARTLY CLOUDY,36.1,11.4,2025-08-18T06:15:00+09:30,PT5M
18,-78,8.2,0,0,0,1017.4,105,3.3,101,MOSTLY CLEAR,35.9,11.3,2025-08-18T06:20:00+09:30,PT5M
18,-78,8.2,0,0,0,1017.4,106,3.3,100,MOSTLY CLEAR,35.8,11.3,2025-08-18T06:25:00+09:30,PT5M
18,-78,8.2,0,0,0,1017.5,107,3.3,99,MOSTLY CLEAR,35.7,11.3,2025-08-18T06:30:00+09:30,PT5M
18,-78,0,0,0,0,1017.5,108,3.4,97,CLEAR,35.5,11.3,2025-08-18T06:35:00+09:30,PT5M
18,-77,0,0,0,0,1017.6,109,3.4,96,CLEAR,35.4,11.3,2025-08-18T06:40:00+09:30,PT5M
18,-77,8.2,0,0,0,1017.7,110,3.4,95,MOSTLY CLEAR,35.3,11.3,2025-08-18T06:45:00+09:30,PT5M
18,-77,0,0,0,0,1017.8,111,3.4,94,CLEAR,35.1,11.2,2025-08-18T06:50:00+09:30,PT5M
18,-77,8.2,0,0,0,1017.9,112,3.5,93,MOSTLY CLEAR,35,11.2,2025-08-18T06:55:00+09:30,PT5M
18,-76,8.2,0,0,0,1018,113,3.5,91,MOSTLY CLEAR,34.9,11.2,2025-08-18T07:00:00+09:30,PT5M
18,-76,8.2,0,0,0,1018.1,114,3.5,90,MOSTLY CLEAR,34.7,11.2,2025-08-18T07:05:00+09:30,PT5M
18,-76,8.2,6,6,0,1018.2,115,3.5,89,MOSTLY SUNNY,34.4,11.2,2025-08-18T07:10:00+09:30,PT5M
18,-75,0,17,18,0,1018.3,116,3.6,88,SUNNY,34.2,11.1,2025-08-18T07:15:00+09:30,PT5M
18,-75,0,29,33,0,1018.4,117,3.6,87,SUNNY,33.9,11.1,2025-08-18T07:20:00+09:30,PT5M
18,-75,0,42,54,0,1018.5,118,3.6,85,SUNNY,33.6,11.1,2025-08-18T07:25:00+09:30,PT5M
18,-75,0,57,75,0,1018.6,119,3.7,84,SUNNY,33.4,11,2025-08-18T07:30:00+09:30,PT5M
18,-74,0,74,94,0,1018.6,120,3.7,83,SUNNY,33.1,11,2025-08-18T07:35:00+09:30,PT5M
19,-74,0,91,114,0,1018.7,120,3.7,82,SUNNY,32.9,11,2025-08-18T07:40:00+09:30,PT5M
19,-74,0,108,135,0,1018.8,120,3.8,81,SUNNY,32.6,10.9,2025-08-18T07:45:00+09:30,PT5M
19,-73,0,127,155,0,1018.9,121,3.8,80,SUNNY,32.3,10.9,2025-08-18T07:50:00+09:30,PT5M
20,-73,0,145,176,0,1018.9,121,3.9,78,SUNNY,32.1,10.9,2025-08-18T07:55:00+09:30,PT5M
20,-73,0,164,197,0,1019,121,3.9,77,SUNNY,31.8,10.8,2025-08-18T08:00:00+09:30,PT5M
20,-72,0,183,218,0,1019.1,122,3.9,76,SUNNY,31.6,10.8,2025-08-18T08:05:00+09:30,PT5M
21,-72,0,203,239,0,1019.2,122,4,75,SUNNY,31.3,10.7,2025-08-18T08:10:00+09:30,PT5M
21,-72,0,222,260,0,1019.2,122,4,74,SUNNY,31.1,10.6,2025-08-18T08:15:00+09:30,PT5M
21,-71,0,241,281,0,1019.3,123,4.1,73,SUNNY,30.8,10.5,2025-08-18T08:20:00+09:30,PT5M
22,-71,0,261,302,0,1019.4,123,4.1,71,SUNNY,30.5,10.4,2025-08-18T08:25:00+09:30,PT5M
22,-70,0,280,323,0,1019.5,123,4.2,70,SUNNY,30.3,10.3,2025-08-18T08:30:00+09:30,PT5M
22,-70,0,300,344,0,1019.5,123,4.2,69,SUNNY,30,10.2,2025-08-18T08:35:00+09:30,PT5M
22,-69,0,319,365,0,1019.5,122,4.3,68,SUNNY,29.8,10.1,2025-08-18T08:40:00+09:30,PT5M
23,-69,0,339,385,0,1019.5,122,4.3,67,SUNNY,29.5,10,2025-08-18T08:45:00+09:30,PT5M
23,-69,0,358,405,0,1019.5,121,4.4,66,SUNNY,29.2,9.9,2025-08-18T08:50:00+09:30,PT5M
23,-68,0,377,426,0,1019.5,120,4.4,65,SUNNY,29,9.8,2025-08-18T08:55:00+09:30,PT5M
23,-68,0,396,446,0,1019.5,120,4.5,63,SUNNY,28.7,9.7,2025-08-18T09:00:00+09:30,PT5M
24,-67,0,415,466,0,1019.5,119,4.5,62,SUNNY,28.5,9.6,2025-08-18T09:05:00+09:30,PT5M
24,-67,0,434,485,0,1019.5,119,4.6,61,SUNNY,28.4,9.5,2025-08-18T09:10:00+09:30,PT5M
24,-66,0,453,505,0,1019.5,118,4.6,60,SUNNY,28.3,9.4,2025-08-18T09:15:00+09:30,PT5M
24,-65,0,471,524,0,1019.5,117,4.7,59,SUNNY,28.2,9.3,2025-08-18T09:20:00+09:30,PT5M
24,-65,0,489,544,0,1019.5,117,4.7,58,SUNNY,28.1,9.1,2025-08-18T09:25:00+09:30,PT5M
25,-64,0,507,562,0,1019.5,116,4.8,57,SUNNY,28,9,2025-08-18T09:30:00+09:30,PT5M
25,-64,0,526,582,0,1019.5,116,4.8,56,SUNNY,27.8,8.9,2025-08-18T09:35:00+09:30,PT5M
25,-63,0,543,600,0,1019.5,115,4.8,55,SUNNY,27.7,8.8,2025-08-18T09:40:00+09:30,PT5M
25,-62,0,560,618,0,1019.5,114,4.9,53,SUNNY,27.6,8.6,2025-08-18T09:45:00+09:30,PT5M
26,-62,0,577,635,0,1019.5,114,4.9,52,SUNNY,27.5,8.5,2025-08-18T09:50:00+09:30,PT5M
26,-61,0,594,653,0,1019.5,113,5,51,SUNNY,27.4,8.4,2025-08-18T09:55:00+09:30,PT5M
26,-60,0,610,669,0,1019.5,113,5,50,SUNNY,27.3,8.3,2025-08-18T10:00:00+09:30,PT5M
26,-59,0,626,686,0,1019.5,112,5,49,SUNNY,27.2,8.2,2025-08-18T10:05:00+09:30,PT5M
26,-59,0,641,702,0,1019.5,111,5.1,48,SUNNY,27.2,8.2,2025-08-18T10:10:00+09:30,PT5M
26,-58,0,656,717,0,1019.5,111,5.1,47,SUNNY,27.2,8.2,2025-08-18T10:15:00+09:30,PT5M
27,-57,0,671,733,0,1019.5,110,5.2,46,SUNNY,27.2,8.2,2025-08-18T10:20:00+09:30,PT5M
27,-56,0,685,747,0,1019.5,110,5.2,45,SUNNY,27.2,8.2,2025-08-18T10:25:00+09:30,PT5M
27,-55,0,699,762,0,1019.5,109,5.3,44,SUNNY,27.2,8.2,2025-08-18T10:30:00+09:30,PT5M
27,-54,0,712,776,0,1019.5,109,5.3,43,SUNNY,27.3,8.2,2025-08-18T10:35:00+09:30,PT5M
27,-53,0,725,789,0,1019.4,108,5.4,42,SUNNY,27.3,8.2,2025-08-18T10:40:00+09:30,PT5M
28,-52,0,738,802,0,1019.3,108,5.4,41,SUNNY,27.3,8.2,2025-08-18T10:45:00+09:30,PT5M
28,-50,0,750,815,0,1019.2,107,5.4,40,SUNNY,27.3,8.2,2025-08-18T10:50:00+09:30,PT5M
28,-49,0,762,827,0,1019.1,107,5.5,39,SUNNY,27.3,8.2,2025-08-18T10:55:00+09:30,PT5M
28,-48,0,773,839,0,1019,106,5.5,38,SUNNY,27.3,8.2,2025-08-18T11:00:00+09:30,PT5M
28,-47,0,784,850,0,1019,106,5.6,37,SUNNY,27.3,8.2,2025-08-18T11:05:00+09:30,PT5M
28,-45,0,795,861,0,1018.9,106,5.6,37,SUNNY,27.3,8.2,2025-08-18T11:10:00+09:30,PT5M
28,-44,0,804,871,0,1018.8,105,5.7,36,SUNNY,27.3,8.2,2025-08-18T11:15:00+09:30,PT5M
29,-42,0,814,881,0,1018.7,105,5.7,35,SUNNY,27.4,8.3,2025-08-18T11:20:00+09:30,PT5M
29,-41,0,823,890,0,1018.6,104,5.8,34,SUNNY,27.4,8.3,2025-08-18T11:25:00+09:30,PT5M
29,-39,0,831,899,0,1018.5,104,5.8,33,SUNNY,27.4,8.3,2025-08-18T11:30:00+09:30,PT5M
29,-37,0,839,907,0,1018.4,104,5.8,33,SUNNY,27.4,8.3,2025-08-18T11:35:00+09:30,PT5M
29,-35,0,847,915,0,1018.3,104,5.8,32,SUNNY,27.4,8.3,2025-08-18T11:40:00+09:30,PT5M
29,-34,0,854,922,0,1018.2,104,5.8,31,SUNNY,27.4,8.3,2025-08-18T11:45:00+09:30,PT5M
29,-32,0,861,929,0,1018.1,104,5.7,30,SUNNY,27.5,8.4,2025-08-18T11:50:00+09:30,PT5M
29,-29,0,867,935,0,1018,104,5.7,30,SUNNY,27.5,8.4,2025-08-18T11:55:00+09:30,PT5M
29,-27,0,872,941,0,1017.9,104,5.6,29,SUNNY,27.5,8.4,2025-08-18T12:00:00+09:30,PT5M
29,-25,0,877,946,0,1017.7,104,5.6,29,SUNNY,27.5,8.4,2025-08-18T12:05:00+09:30,PT5M
30,-23,0,882,951,0,1017.6,104,5.6,28,SUNNY,27.4,8.4,2025-08-18T12:10:00+09:30,PT5M
30,-20,0,886,955,0,1017.5,104,5.5,28,SUNNY,27.4,8.4,2025-08-18T12:15:00+09:30,PT5M
30,-18,0,889,959,0,1017.4,104,5.5,27,SUNNY,27.3,8.4,2025-08-18T12:20:00+09:30,PT5M
30,-15,0,893,962,0,1017.3,104,5.4,27,SUNNY,27.2,8.4,2025-08-18T12:25:00+09:30,PT5M
30,-13,0,895,965,0,1017.2,104,5.4,27,SUNNY,27.2,8.4,2025-08-18T12:30:00+09:30,PT5M
30,-10,0,897,967,0,1017.1,104,5.3,26,SUNNY,27.1,8.4,2025-08-18T12:35:00+09:30,PT5M
30,-7,0,899,968,0,1017,104,5.3,26,SUNNY,27.1,8.4,2025-08-18T12:40:00+09:30,PT5M
30,-5,0,900,969,0,1016.9,104,5.2,26,SUNNY,27,8.4,2025-08-18T12:45:00+09:30,PT5M
30,-2,0,900,969,0,1016.9,104,5.1,26,SUNNY,26.9,8.4,2025-08-18T12:50:00+09:30,PT5M
30,1,0,900,969,0,1016.8,104,5.1,26,SUNNY,26.9,8.4,2025-08-18T12:55:00+09:30,PT5M
30,4,0,899,969,0,1016.8,105,5,26,SUNNY,26.8,8.4,2025-08-18T13:00:00+09:30,PT5M
30,6,0,898,968,0,1016.7,105,4.9,26,SUNNY,26.7,8.4,2025-08-18T13:05:00+09:30,PT5M
30,9,0,897,966,0,1016.7,105,4.9,26,SUNNY,26.6,8.4,2025-08-18T13:10:00+09:30,PT5M
31,12,0,895,964,0,1016.6,105,4.8,27,SUNNY,26.5,8.4,2025-08-18T13:15:00+09:30,PT5M
31,14,0,892,961,0,1016.5,105,4.7,27,SUNNY,26.3,8.4,2025-08-18T13:20:00+09:30,PT5M
31,17,0,889,958,0,1016.5,105,4.7,27,SUNNY,26.2,8.4,2025-08-18T13:25:00+09:30,PT5M
31,19,0,886,954,0,1016.4,105,4.6,28,SUNNY,26.1,8.4,2025-08-18T13:30:00+09:30,PT5M
31,22,0,881,950,0,1016.4,105,4.5,28,SUNNY,25.9,8.3,2025-08-18T13:35:00+09:30,PT5M
31,24,0,877,945,0,1016.3,106,4.5,29,SUNNY,25.8,8.3,2025-08-18T13:40:00+09:30,PT5M
31,27,0,872,940,0,1016.2,106,4.4,29,SUNNY,25.7,8.3,2025-08-18T13:45:00+09:30,PT5M
31,29,0,866,934,0,1016.1,106,4.3,30,SUNNY,25.5,8.3,2025-08-18T13:50:00+09:30,PT5M
31,31,0,860,928,0,1016,106,4.3,30,SUNNY,25.4,8.3,2025-08-18T13:55:00+09:30,PT5M
31,33,0,853,921,0,1015.9,107,4.2,31,SUNNY,25.3,8.3,2025-08-18T14:00:00+09:30,PT5M
31,35,0,846,914,0,1015.8,107,4.1,32,SUNNY,25.1,8.3,2025-08-18T14:05:00+09:30,PT5M
31,37,0,839,906,0,1015.8,107,4.1,32,SUNNY,25,8.3,2025-08-18T14:10:00+09:30,PT5M
31,38,0,830,897,0,1015.7,107,4,33,SUNNY,24.9,8.3,2025-08-18T14:15:00+09:30,PT5M
31,40,0,822,888,0,1015.6,108,4,34,SUNNY,24.7,8.3,2025-08-18T14:20:00+09:30,PT5M
31,42,0,813,879,0,1015.5,108,3.9,35,SUNNY,24.6,8.3,2025-08-18T14:25:00+09:30,PT5M
32,43,0,803,869,0,1015.4,108,3.8,35,SUNNY,24.5,8.3,2025-08-18T14:30:00+09:30,PT5M
32,45,0,793,858,0,1015.4,109,3.8,36,SUNNY,24.3,8.2,2025-08-18T14:35:00+09:30,PT5M
32,46,0,782,847,0,1015.3,109,3.7,37,SUNNY,24.2,8.2,2025-08-18T14:40:00+09:30,PT5M
32,48,0,771,836,0,1015.2,109,3.7,38,SUNNY,24.1,8.2,2025-08-18T14:45:00+09:30,PT5M
32,49,0,760,824,0,1015.2,109,3.6,39,SUNNY,23.9,8.2,2025-08-18T14:50:00+09:30,PT5M
32,50,0,748,812,0,1015.1,110,3.6,40,SUNNY,23.8,8.2,2025-08-18T14:55:00+09:30,PT5M
32,51,0,736,799,0,1015.1,110,3.5,41,SUNNY,23.7,8.2,2025-08-18T15:00:00+09:30,PT5M
32,52,0,723,786,0,1015,110,3.5,42,SUNNY,23.6,8.2,2025-08-18T15:05:00+09:30,PT5M
32,54,0,710,772,0,1015,110,3.4,43,SUNNY,23.6,8.2,2025-08-18T15:10:00+09:30,PT5M
32,55,0,697,758,0,1014.9,111,3.4,44,SUNNY,23.5,8.2,2025-08-18T15:15:00+09:30,PT5M
32,56,0,683,744,0,1014.8,111,3.3,45,SUNNY,23.5,8.3,2025-08-18T15:20:00+09:30,PT5M
32,57,0,669,729,0,1014.8,111,3.3,46,SUNNY,23.4,8.3,2025-08-18T15:25:00+09:30,PT5M
32,57,0,654,714,0,1014.7,112,3.3,47,SUNNY,23.4,8.3,2025-08-18T15:30:00+09:30,PT5M
32,58,0,639,698,0,1014.7,112,3.2,48,SUNNY,23.4,8.3,2025-08-18T15:35:00+09:30,PT5M
32,59,0,624,682,0,1014.6,112,3.2,49,SUNNY,23.4,8.3,2025-08-18T15:40:00+09:30,PT5M
32,60,0,608,666,0,1014.5,112,3.1,50,SUNNY,23.3,8.3,2025-08-18T15:45:00+09:30,PT5M
32,61,0,592,649,0,1014.5,112,3.1,51,SUNNY,23.3,8.4,2025-08-18T15:50:00+09:30,PT5M
32,61,0,575,632,0,1014.4,112,3.1,52,SUNNY,23.2,8.4,2025-08-18T15:55:00+09:30,PT5M
32,62,0,559,614,0,1014.4,112,3,53,SUNNY,23.2,8.4,2025-08-18T16:00:00+09:30,PT5M
32,63,0,542,596,0,1014.3,112,3,54,SUNNY,23.2,8.4,2025-08-18T16:05:00+09:30,PT5M
32,64,0,524,578,0,1014.2,112,3,55,SUNNY,23.3,8.5,2025-08-18T16:10:00+09:30,PT5M
32,64,0,507,560,0,1014.2,113,2.9,56,SUNNY,23.3,8.5,2025-08-18T16:15:00+09:30,PT5M
32,65,0,489,541,0,1014.1,113,2.9,57,SUNNY,23.4,8.6,2025-08-18T16:20:00+09:30,PT5M
32,65,0,471,522,0,1014.1,113,2.9,59,SUNNY,23.5,8.6,2025-08-18T16:25:00+09:30,PT5M
32,66,0,453,503,0,1014,113,2.8,60,SUNNY,23.5,8.7,2025-08-18T16:30:00+09:30,PT5M
31,66,0,434,484,0,1014,113,2.8,61,SUNNY,23.6,8.7,2025-08-18T16:35:00+09:30,PT5M
31,67,0,416,464,0,1014,114,2.8,62,SUNNY,23.6,8.8,2025-08-18T16:40:00+09:30,PT5M
31,68,0,397,444,0,1014,114,2.8,63,SUNNY,23.7,8.8,2025-08-18T16:45:00+09:30,PT5M
31,68,0,378,424,0,1014,115,2.8,64,SUNNY,23.8,8.9,2025-08-18T16:50:00+09:30,PT5M
31,69,0,358,403,0,1014,115,2.8,65,SUNNY,23.8,8.9,2025-08-18T16:55:00+09:30,PT5M
31,69,0,339,383,0,1014,115,2.8,66,SUNNY,23.9,9,2025-08-18T17:00:00+09:30,PT5M
31,69,0,320,362,0,1014,116,2.8,68,SUNNY,23.9,9.1,2025-08-18T17:05:00+09:30,PT5M
31,70,0,300,341,0,1014,116,2.8,69,SUNNY,24,9.2,2025-08-18T17:10:00+09:30,PT5M
31,70,0,280,320,0,1014,117,2.8,70,SUNNY,24.1,9.3,2025-08-18T17:15:00+09:30,PT5M
31,71,0,261,299,0,1014,117,2.7,71,SUNNY,24.1,9.4,2025-08-18T17:20:00+09:30,PT5M
30,71,0,241,278,0,1014,118,2.7,72,SUNNY,24.2,9.5,2025-08-18T17:25:00+09:30,PT5M
30,72,0,222,257,0,1014,118,2.7,73,SUNNY,24.3,9.6,2025-08-18T17:30:00+09:30,PT5M
30,72,0,202,236,0,1014,119,2.7,74,SUNNY,24.3,9.7,2025-08-18T17:35:00+09:30,PT5M
30,72,0,183,215,0,1014,119,2.7,76,SUNNY,24.4,9.8,2025-08-18T17:40:00+09:30,PT5M
30,73,0,164,193,0,1014.1,120,2.6,77,SUNNY,24.5,9.9,2025-08-18T17:45:00+09:30,PT5M
30,73,0,145,173,0,1014.1,121,2.6,78,SUNNY,24.5,10,2025-08-18T17:50:00+09:30,PT5M
30,73,0,127,152,0,1014.1,121,2.6,79,SUNNY,24.6,10.1,2025-08-18T17:55:00+09:30,PT5M
30,74,0,109,131,0,1014.2,122,2.6,80,SUNNY,24.7,10.2,2025-08-18T18:00:00+09:30,PT5M
30,74,0,91,111,0,1014.2,122,2.5,81,SUNNY,24.8,10.4,2025-08-18T18:05:00+09:30,PT5M
30,74,0,75,92,0,1014.2,123,2.5,83,SUNNY,25.1,10.6,2025-08-18T18:10:00+09:30,PT5M
30,75,0,59,73,0,1014.3,124,2.5,84,SUNNY,25.4,10.8,2025-08-18T18:15:00+09:30,PT5M
30,75,0,44,55,0,1014.3,125,2.4,85,SUNNY,25.7,11.1,2025-08-18T18:20:00+09:30,PT5M
30,75,10.1,28,29,0,1014.3,125,2.4,86,PARTLY CLOUDY,25.9,11.3,2025-08-18T18:25:00+09:30,PT5M
29,75,17.8,16,16,0,1014.4,126,2.4,87,PARTLY CLOUDY,26.2,11.5,2025-08-18T18:30:00+09:30,PT5M
29,76,15.9,8,8,0,1014.4,127,2.3,89,PARTLY CLOUDY,26.5,11.7,2025-08-18T18:35:00+09:30,PT5M
29,76,15.9,1,1,0,1014.5,129,2.2,90,PARTLY CLOUDY,26.8,11.9,2025-08-18T18:40:00+09:30,PT5M
29,76,14,0,0,0,1014.6,131,2.1,91,PARTLY CLOUDY,27,12.1,2025-08-18T18:45:00+09:30,PT5M
29,77,12.1,0,0,0,1014.6,133,2.1,92,PARTLY CLOUDY,27.3,12.4,2025-08-18T18:50:00+09:30,PT5M
28,77,8.2,0,0,0,1014.7,135,2,93,MOSTLY CLEAR,27.6,12.6,2025-08-18T18:55:00+09:30,PT5M
28,77,10.1,0,0,0,1014.8,137,1.9,94,PARTLY CLOUDY,27.9,12.8,2025-08-18T19:00:00+09:30,PT5M
28,77,8.2,0,0,0,1014.9,139,1.8,96,MOSTLY CLEAR,28.2,13.1,2025-08-18T19:05:00+09:30,PT5M
27,78,10.1,0,0,0,1015,142,1.8,97,PARTLY CLOUDY,28.7,13.6,2025-08-18T19:10:00+09:30,PT5M
27,78,12.1,0,0,0,1015,145,1.7,98,PARTLY CLOUDY,29.2,14,2025-08-18T19:15:00+09:30,PT5M
27,78,14,0,0,0,1015.1,148,1.6,99,PARTLY CLOUDY,29.6,14.5,2025-08-18T19:20:00+09:30,PT5M
27,78,12.1,0,0,0,1015.2,151,1.6,100,PARTLY CLOUDY,30.1,14.9,2025-08-18T19:25:00+09:30,PT5M
26,79,10.1,0,0,0,1015.3,155,1.5,102,PARTLY CLOUDY,30.6,15.4,2025-08-18T19:30:00+09:30,PT5M
26,79,10.1,0,0,0,1015.3,157,1.5,103,PARTLY CLOUDY,31,15.8,2025-08-18T19:35:00+09:30,PT5M
26,79,8.2,0,0,0,1015.4,157,1.5,104,MOSTLY CLEAR,31.5,16.3,2025-08-18T19:40:00+09:30,PT5M
26,79,10.1,0,0,0,1015.4,158,1.5,105,PARTLY CLOUDY,32,16.7,2025-08-18T19:45:00+09:30,PT5M
25,79,10.1,0,0,0,1015.5,158,1.5,106,PARTLY CLOUDY,32.4,17.2,2025-08-18T19:50:00+09:30,PT5M
25,80,12.1,0,0,0,1015.6,159,1.5,108,PARTLY CLOUDY,32.9,17.6,2025-08-18T19:55:00+09:30,PT5M
25,80,14,0,0,0,1015.6,159,1.5,109,PARTLY CLOUDY,33.4,18.1,2025-08-18T20:00:00+09:30,PT5M
25,80,12.1,0,0,0,1015.7,159,1.6,110,PARTLY CLOUDY,33.8,18.6,2025-08-18T20:05:00+09:30,PT5M
25,80,12.1,0,0,0,1015.7,160,1.6,111,PARTLY CLOUDY,34.3,19.2,2025-08-18T20:10:00+09:30,PT5M
24,80,10.1,0,0,0,1015.8,160,1.6,112,PARTLY CLOUDY,34.8,19.7,2025-08-18T20:15:00+09:30,PT5M
24,81,10.1,0,0,0,1015.8,161,1.6,114,PARTLY CLOUDY,35.3,20.3,2025-08-18T20:20:00+09:30,PT5M
24,81,10.1,0,0,0,1015.9,161,1.6,115,PARTLY CLOUDY,35.8,20.9,2025-08-18T20:25:00+09:30,PT5M
24,81,10.1,0,0,0,1016,161,1.6,116,PARTLY CLOUDY,36.3,21.5,2025-08-18T20:30:00+09:30,PT5M
24,81,12.1,0,0,0,1016,162,1.6,117,PARTLY CLOUDY,36.7,22,2025-08-18T20:35:00+09:30,PT5M
23,81,12.1,0,0,0,1016,163,1.6,118,PARTLY CLOUDY,37.2,22.6,2025-08-18T20:40:00+09:30,PT5M
23,81,10.1,0,0,0,1016.1,163,1.7,120,PARTLY CLOUDY,37.7,23.2,2025-08-18T20:45:00+09:30,PT5M
23,82,10.1,0,0,0,1016.1,164,1.7,121,PARTLY CLOUDY,38.2,23.8,2025-08-18T20:50:00+09:30,PT5M
23,82,10.1,0,0,0,1016.1,164,1.7,122,PARTLY CLOUDY,38.7,24.3,2025-08-18T20:55:00+09:30,PT5M
23,82,10.1,0,0,0,1016.2,165,1.7,123,PARTLY CLOUDY,39.2,24.9,2025-08-18T21:00:00+09:30,PT5M
23,82,8.2,0,0,0,1016.2,165,1.8,124,MOSTLY CLEAR,39.5,25.4,2025-08-18T21:05:00+09:30,PT5M
23,82,0,0,0,0,1016.2,166,1.8,126,CLEAR,39.6,25.7,2025-08-18T21:10:00+09:30,PT5M
23,82,0,0,0,0,1016.3,166,1.8,127,CLEAR,39.8,26.1,2025-08-18T21:15:00+09:30,PT5M
23,82,8.2,0,0,0,1016.3,167,1.9,128,MOSTLY CLEAR,39.9,26.5,2025-08-18T21:20:00+09:30,PT5M
23,83,8.2,0,0,0,1016.3,167,1.9,129,MOSTLY CLEAR,40.1,26.8,2025-08-18T21:25:00+09:30,PT5M
22,83,8.2,0,0,0,1016.4,168,1.9,131,MOSTLY CLEAR,40.2,27.2,2025-08-18T21:30:00+09:30,PT5M
22,83,8.2,0,0,0,1016.4,168,1.9,132,MOSTLY CLEAR,40.4,27.5,2025-08-18T21:35:00+09:30,PT5M
22,83,0,0,0,0,1016.4,168,2,133,CLEAR,40.5,27.9,2025-08-18T21:40:00+09:30,PT5M
22,83,0,0,0,0,1016.5,168,2,134,CLEAR,40.7,28.2,2025-08-18T21:45:00+09:30,PT5M
22,83,8.2,0,0,0,1016.5,168,2,135,MOSTLY CLEAR,40.8,28.6,2025-08-18T21:50:00+09:30,PT5M
22,83,8.2,0,0,0,1016.5,169,2,137,MOSTLY CLEAR,41,29,2025-08-18T21:55:00+09:30,PT5M
22,84,8.2,0,0,0,1016.6,169,2,138,MOSTLY CLEAR,41.1,29.3,2025-08-18T22:00:00+09:30,PT5M
22,84,8.2,0,0,0,1016.6,169,2,139,MOSTLY CLEAR,41.1,29.4,2025-08-18T22:05:00+09:30,PT5M
22,84,8.2,0,0,0,1016.6,169,2.1,140,MOSTLY CLEAR,41,29.3,2025-08-18T22:10:00+09:30,PT5M
22,84,8.2,0,0,0,1016.7,169,2.1,141,MOSTLY CLEAR,40.8,29.2,2025-08-18T22:15:00+09:30,PT5M
22,84,8.2,0,0,0,1016.7,169,2.1,143,MOSTLY CLEAR,40.6,29,2025-08-18T22:20:00+09:30,PT5M
21,84,8.2,0,0,0,1016.7,169,2.1,144,MOSTLY CLEAR,40.4,28.9,2025-08-18T22:25:00+09:30,PT5M
21,84,8.2,0,0,0,1016.8,169,2.1,145,MOSTLY CLEAR,40.3,28.8,2025-08-18T22:30:00+09:30,PT5M
21,84,8.2,0,0,0,1016.8,169,2.1,146,MOSTLY CLEAR,40.1,28.6,2025-08-18T22:35:00+09:30,PT5M
21,84,8.2,0,0,0,1016.8,169,2.2,148,MOSTLY CLEAR,39.9,28.5,2025-08-18T22:40:00+09:30,PT5M
21,84,8.2,0,0,0,1016.7,168,2.2,149,MOSTLY CLEAR,39.8,28.4,2025-08-18T22:45:00+09:30,PT5M
21,85,8.2,0,0,0,1016.7,168,2.2,150,MOSTLY CLEAR,39.6,28.2,2025-08-18T22:50:00+09:30,PT5M
21,85,8.2,0,0,0,1016.7,167,2.2,151,MOSTLY CLEAR,39.4,28.1,2025-08-18T22:55:00+09:30,PT5M
21,85,8.2,0,0,0,1016.7,167,2.2,152,MOSTLY CLEAR,39.3,28,2025-08-18T23:00:00+09:30,PT5M
21,85,8.2,0,0,0,1016.6,167,2.2,154,MOSTLY CLEAR,39.1,27.6,2025-08-18T23:05:00+09:30,PT5M
21,85,8.2,0,0,0,1016.6,166,2.2,155,MOSTLY CLEAR,39,27.1,2025-08-18T23:10:00+09:30,PT5M
21,85,8.2,0,0,0,1016.6,166,2.2,156,MOSTLY CLEAR,38.8,26.6,2025-08-18T23:15:00+09:30,PT5M
20,85,8.2,0,0,0,1016.6,166,2.2,157,MOSTLY CLEAR,38.6,26.1,2025-08-18T23:20:00+09:30,PT5M
20,85,8.2,0,0,0,1016.5,165,2.3,158,MOSTLY CLEAR,38.5,25.5,2025-08-18T23:25:00+09:30,PT5M
20,85,8.2,0,0,0,1016.5,165,2.3,160,MOSTLY CLEAR,38.3,25,2025-08-18T23:30:00+09:30,PT5M
20,85,8.2,0,0,0,1016.5,164,2.3,161,MOSTLY CLEAR,38.1,24.5,2025-08-18T23:35:00+09:30,PT5M
20,85,8.2,0,0,0,1016.5,163,2.3,162,MOSTLY CLEAR,38,24,2025-08-18T23:40:00+09:30,PT5M
20,85,0,0,0,0,1016.5,162,2.4,163,CLEAR,37.8,23.4,2025-08-18T23:45:00+09:30,PT5M
20,84,8.2,0,0,0,1016.5,161,2.4,165,MOSTLY CLEAR,37.6,22.9,2025-08-18T23:50:00+09:30,PT5M
20,84,8.2,0,0,0,1016.5,160,2.5,166,MOSTLY CLEAR,37.4,22.4,2025-08-18T23:55:00+09:30,PT5M
20,84,8.2,0,0,0,1016.5,158,2.5,167,MOSTLY CLEAR,37.3,21.9,2025-08-19T00:00:00+09:30,PT5M
20,84,0,0,0,0,1016.5,157,2.6,168,CLEAR,37.1,21.3,2025-08-19T00:05:00+09:30,PT5M
20,83,8.2,0,0,0,1016.5,157,2.6,169,MOSTLY CLEAR,37,20.7,2025-08-19T00:10:00+09:30,PT5M
20,83,8.2,0,0,0,1016.5,156,2.6,171,MOSTLY CLEAR,36.9,20.1,2025-08-19T00:15:00+09:30,PT5M
20,82,8.2,0,0,0,1016.5,155,2.7,172,MOSTLY CLEAR,36.7,19.6,2025-08-19T00:20:00+09:30,PT5M
20,81,8.2,0,0,0,1016.5,154,2.7,173,MOSTLY CLEAR,36.6,19,2025-08-19T00:25:00+09:30,PT5M
20,79,8.2,0,0,0,1016.5,153,2.8,174,MOSTLY CLEAR,36.5,18.4,2025-08-19T00:30:00+09:30,PT5M
20,77,8.2,0,0,0,1016.5,152,2.8,175,MOSTLY CLEAR,36.3,17.8,2025-08-19T00:35:00+09:30,PT5M
20,72,10.1,0,0,0,1016.5,151,2.8,177,PARTLY CLOUDY,36.2,17.2,2025-08-19T00:40:00+09:30,PT5M
20,63,8.2,0,0,0,1016.5,149,2.9,178,MOSTLY CLEAR,36.1,16.6,2025-08-19T00:45:00+09:30,PT5M
19,39,0,0,0,0,1016.5,148,2.9,179,CLEAR,35.9,16.1,2025-08-19T00:50:00+09:30,PT5M
19,-22,0,0,0,0,1016.5,147,2.9,179,CLEAR,35.8,15.5,2025-08-19T00:55:00+09:30,PT5M
19,-58,0,0,0,0,1016.4,145,2.9,178,CLEAR,35.7,14.9,2025-08-19T01:00:00+09:30,PT5M
19,-70,8.2,0,0,0,1016.4,144,3,177,MOSTLY CLEAR,35.6,14.4,2025-08-19T01:05:00+09:30,PT5M
19,-76,8.2,0,0,0,1016.4,143,3,176,MOSTLY CLEAR,35.5,14.1,2025-08-19T01:10:00+09:30,PT5M
19,-79,8.2,0,0,0,1016.4,142,3,175,MOSTLY CLEAR,35.4,13.7,2025-08-19T01:15:00+09:30,PT5M
19,-80,8.2,0,0,0,1016.4,140,3,173,MOSTLY CLEAR,35.3,13.4,2025-08-19T01:20:00+09:30,PT5M
19,-82,8.2,0,0,0,1016.4,139,3.1,172,MOSTLY CLEAR,35.2,13,2025-08-19T01:25:00+09:30,PT5M
19,-83,0,0,0,0,1016.4,138,3.1,171,CLEAR,35.1,12.7,2025-08-19T01:30:00+09:30,PT5M
19,-83,0,0,0,0,1016.4,137,3.1,170,CLEAR,35.1,12.3,2025-08-19T01:35:00+09:30,PT5M
19,-84,8.2,0,0,0,1016.3,136,3.2,169,MOSTLY CLEAR,35,12,2025-08-19T01:40:00+09:30,PT5M
19,-84,8.2,0,0,0,1016.3,134,3.2,167,MOSTLY CLEAR,34.9,11.6,2025-08-19T01:45:00+09:30,PT5M
19,-84,8.2,0,0,0,1016.2,133,3.3,166,MOSTLY CLEAR,34.8,11.3,2025-08-19T01:50:00+09:30,PT5M
19,-84,8.2,0,0,0,1016.2,132,3.3,165,MOSTLY CLEAR,34.7,10.9,2025-08-19T01:55:00+09:30,PT5M
19,-85,8.2,0,0,0,1016.1,131,3.4,164,MOSTLY CLEAR,34.6,10.6,2025-08-19T02:00:00+09:30,PT5M
19,-85,0,0,0,0,1016.1,130,3.4,163,CLEAR,34.6,10.4,2025-08-19T02:05:00+09:30,PT5M
19,-85,0,0,0,0,1016,129,3.5,161,CLEAR,34.5,10.3,2025-08-19T02:10:00+09:30,PT5M
19,-85,0,0,0,0,1016,128,3.5,160,CLEAR,34.4,10.2,2025-08-19T02:15:00+09:30,PT5M
19,-85,0,0,0,0,1015.9,127,3.6,159,CLEAR,34.3,10.1,2025-08-19T02:20:00+09:30,PT5M
19,-85,0,0,0,0,1015.9,126,3.7,158,CLEAR,34.2,10.1,2025-08-19T02:25:00+09:30,PT5M
19,-85,8.2,0,0,0,1015.8,125,3.7,156,MOSTLY CLEAR,34.1,10,2025-08-19T02:30:00+09:30,PT5M
19,-85,8.2,0,0,0,1015.8,124,3.8,155,MOSTLY CLEAR,34,9.9,2025-08-19T02:35:00+09:30,PT5M
19,-85,8.2,0,0,0,1015.8,123,3.8,154,MOSTLY CLEAR,33.9,9.8,2025-08-19T02:40:00+09:30,PT5M
19,-85,0,0,0,0,1015.8,122,3.8,153,CLEAR,33.8,9.8,2025-08-19T02:45:00+09:30,PT5M
19,-85,0,0,0,0,1015.8,121,3.9,152,CLEAR,33.7,9.7,2025-08-19T02:50:00+09:30,PT5M
19,-85,0,0,0,0,1015.8,121,3.9,150,CLEAR,33.6,9.6,2025-08-19T02:55:00+09:30,PT5M
19,-85,0,0,0,0,1015.8,120,3.9,149,CLEAR,33.5,9.5,2025-08-19T03:00:00+09:30,PT5M
19,-85,0,0,0,0,1015.8,119,4,148,CLEAR,33.5,9.5,2025-08-19T03:05:00+09:30,PT5M
19,-84,8.2,0,0,0,1015.9,118,4,147,MOSTLY CLEAR,33.5,9.5,2025-08-19T03:10:00+09:30,PT5M
19,-84,8.2,0,0,0,1015.9,118,4.1,146,MOSTLY CLEAR,33.5,9.5,2025-08-19T03:15:00+09:30,PT5M
19,-84,8.2,0,0,0,1015.9,117,4.1,144,MOSTLY CLEAR,33.4,9.5,2025-08-19T03:20:00+09:30,PT5M
19,-84,8.2,0,0,0,1015.9,116,4.1,143,MOSTLY CLEAR,33.4,9.5,2025-08-19T03:25:00+09:30,PT5M
19,-84,8.2,0,0,0,1015.9,116,4.2,142,MOSTLY CLEAR,33.4,9.5,2025-08-19T03:30:00+09:30,PT5M
19,-84,0,0,0,0,1015.9,115,4.2,141,CLEAR,33.4,9.6,2025-08-19T03:35:00+09:30,PT5M
19,-84,8.2,0,0,0,1015.9,115,4.2,139,MOSTLY CLEAR,33.4,9.6,2025-08-19T03:40:00+09:30,PT5M
19,-84,0,0,0,0,1016,114,4.2,138,CLEAR,33.4,9.6,2025-08-19T03:45:00+09:30,PT5M
19,-84,8.2,0,0,0,1016,114,4.2,137,MOSTLY CLEAR,33.3,9.6,2025-08-19T03:50:00+09:30,PT5M
19,-83,8.2,0,0,0,1016,113,4.2,136,MOSTLY CLEAR,33.3,9.6,2025-08-19T03:55:00+09:30,PT5M
19,-83,8.2,0,0,0,1016,113,4.2,135,MOSTLY CLEAR,33.3,9.6,2025-08-19T04:00:00+09:30,PT5M
19,-83,8.2,0,0,0,1016.1,112,4.2,133,MOSTLY CLEAR,33.3,9.6,2025-08-19T04:05:00+09:30,PT5M
19,-83,8.2,0,0,0,1016.1,112,4.2,132,MOSTLY CLEAR,33.4,9.6,2025-08-19T04:10:00+09:30,PT5M
19,-83,10.1,0,0,0,1016.1,111,4.2,131,PARTLY CLOUDY,33.4,9.7,2025-08-19T04:15:00+09:30,PT5M
19,-83,10.1,0,0,0,1016.1,111,4.2,130,PARTLY CLOUDY,33.5,9.7,2025-08-19T04:20:00+09:30,PT5M
18,-83,8.2,0,0,0,1016.2,110,4.1,129,MOSTLY CLEAR,33.6,9.7,2025-08-19T04:25:00+09:30,PT5M
18,-83,8.2,0,0,0,1016.2,110,4.1,127,MOSTLY CLEAR,33.6,9.7,2025-08-19T04:30:00+09:30,PT5M
18,-82,8.2,0,0,0,1016.2,110,4.1,126,MOSTLY CLEAR,33.7,9.8,2025-08-19T04:35:00+09:30,PT5M
18,-82,8.2,0,0,0,1016.3,110,4.1,125,MOSTLY CLEAR,33.7,9.8,2025-08-19T04:40:00+09:30,PT5M
18,-82,8.2,0,0,0,1016.3,110,4.1,124,MOSTLY CLEAR,33.8,9.8,2025-08-19T04:45:00+09:30,PT5M
18,-82,8.2,0,0,0,1016.4,111,4.1,122,MOSTLY CLEAR,33.9,9.8,2025-08-19T04:50:00+09:30,PT5M
18,-82,8.2,0,0,0,1016.4,111,4.1,121,MOSTLY CLEAR,33.9,9.9,2025-08-19T04:55:00+09:30,PT5M
18,-82,8.2,0,0,0,1016.5,111,4.1,120,MOSTLY CLEAR,34,9.9,2025-08-19T05:00:00+09:30,PT5M
18,-81,8.2,0,0,0,1016.5,112,4.1,119,MOSTLY CLEAR,34,9.9,2025-08-19T05:05:00+09:30,PT5M
18,-81,8.2,0,0,0,1016.6,112,4.1,118,MOSTLY CLEAR,34.1,9.9,2025-08-19T05:10:00+09:30,PT5M
18,-81,8.2,0,0,0,1016.6,112,4.1,116,MOSTLY CLEAR,34.1,9.9,2025-08-19T05:15:00+09:30,PT5M
18,-81,10.1,0,0,0,1016.7,113,4.1,115,PARTLY CLOUDY,34.2,9.9,2025-08-19T05:20:00+09:30,PT5M
18,-81,8.2,0,0,0,1016.7,113,4,114,MOSTLY CLEAR,34.3,9.9,2025-08-19T05:25:00+09:30,PT5M
18,-81,0,0,0,0,1016.8,113,4,113,CLEAR,34.3,9.9,2025-08-19T05:30:00+09:30,PT5M
18,-80,0,0,0,0,1016.8,114,4,112,CLEAR,34.4,10,2025-08-19T05:35:00+09:30,PT5M
18,-80,0,0,0,0,1016.9,114,4,110,CLEAR,34.4,10,2025-08-19T05:40:00+09:30,PT5M
18,-80,0,0,0,0,1016.9,115,4,109,CLEAR,34.5,10,2025-08-19T05:45:00+09:30,PT5M
18,-80,8.2,0,0,0,1017,115,4,108,MOSTLY CLEAR,34.6,10,2025-08-19T05:50:00+09:30,PT5M
18,-80,0,0,0,0,1017.1,116,4,107,CLEAR,34.6,10,2025-08-19T05:55:00+09:30,PT5M
18,-79,0,0,0,0,1017.1,116,4,106,CLEAR,34.7,10,2025-08-19T06:00:00+09:30,PT5M
18,-79,0,0,0,0,1017.2,117,4,104,CLEAR,34.7,10,2025-08-19T06:05:00+09:30,PT5M
18,-79,0,0,0,0,1017.2,117,4,103,CLEAR,34.6,10,2025-08-19T06:10:00+09:30,PT5M
18,-79,8.2,0,0,0,1017.3,118,4,102,MOSTLY CLEAR,34.5,10,2025-08-19T06:15:00+09:30,PT5M
18,-78,0,0,0,0,1017.3,118,4,101,CLEAR,34.4,9.9,2025-08-19T06:20:00+09:30,PT5M
18,-78,0,0,0,0,1017.4,119,4,100,CLEAR,34.4,9.9,2025-08-19T06:25:00+09:30,PT5M
18,-78,8.2,0,0,0,1017.5,119,4,98,MOSTLY CLEAR,34.3,9.9,2025-08-19T06:30:00+09:30,PT5M
18,-78,0,0,0,0,1017.5,120,4,97,CLEAR,34.2,9.9,2025-08-19T06:35:00+09:30,PT5M
18,-78,0,0,0,0,1017.6,120,4,96,CLEAR,34.1,9.9,2025-08-19T06:40:00+09:30,PT5M
18,-77,8.2,0,0,0,1017.7,121,4,95,MOSTLY CLEAR,34.1,9.9,2025-08-19T06:45:00+09:30,PT5M
18,-77,0,0,0,0,1017.8,121,4,94,CLEAR,34,9.8,2025-08-19T06:50:00+09:30,PT5M
18,-77,0,0,0,0,1017.9,121,4,92,CLEAR,33.9,9.8,2025-08-19T06:55:00+09:30,PT5M
18,-77,0,0,0,0,1018,122,4,91,CLEAR,33.8,9.8,2025-08-19T07:00:00+09:30,PT5M
18,-76,0,0,0,0,1018,122,4,90,CLEAR,33.7,9.8,2025-08-19T07:05:00+09:30,PT5M
18,-76,8.2,7,7,0,1018.1,122,4,89,MOSTLY SUNNY,33.5,9.8,2025-08-19T07:10:00+09:30,PT5M
18,-76,0,18,19,0,1018.2,123,4,88,SUNNY,33.3,9.8,2025-08-19T07:15:00+09:30,PT5M
18,-75,0,30,35,0,1018.3,123,4,87,SUNNY,33.1,9.8,2025-08-19T07:20:00+09:30,PT5M
18,-75,0,44,56,0,1018.4,123,4,85,SUNNY,32.9,9.8,2025-08-19T07:25:00+09:30,PT5M
18,-75,0,59,76,0,1018.5,124,4,84,SUNNY,32.7,9.8,2025-08-19T07:30:00+09:30,PT5M
18,-75,0,75,96,0,1018.5,124,4,83,SUNNY,32.4,9.7,2025-08-19T07:35:00+09:30,PT5M
18,-74,0,92,115,0,1018.6,124,4,82,SUNNY,32.2,9.7,2025-08-19T07:40:00+09:30,PT5M
19,-74,0,110,136,0,1018.6,124,4,81,SUNNY,32,9.7,2025-08-19T07:45:00+09:30,PT5M
19,-74,0,128,156,0,1018.6,124,4,79,SUNNY,31.8,9.7,2025-08-19T07:50:00+09:30,PT5M
19,-73,0,147,177,0,1018.7,124,4,78,SUNNY,31.6,9.7,2025-08-19T07:55:00+09:30,PT5M
20,-73,0,166,198,0,1018.7,124,4,77,SUNNY,31.4,9.7,2025-08-19T08:00:00+09:30,PT5M
20,-73,0,185,219,0,1018.8,124,4,76,SUNNY,31.2,9.7,2025-08-19T08:05:00+09:30,PT5M
20,-72,0,204,240,0,1018.8,124,4.1,75,SUNNY,31,9.7,2025-08-19T08:10:00+09:30,PT5M
21,-72,0,224,261,0,1018.9,124,4.1,74,SUNNY,30.8,9.7,2025-08-19T08:15:00+09:30,PT5M
21,-71,0,243,282,0,1018.9,124,4.1,72,SUNNY,30.6,9.7,2025-08-19T08:20:00+09:30,PT5M
21,-71,0,263,303,0,1018.9,124,4.1,71,SUNNY,30.4,9.7,2025-08-19T08:25:00+09:30,PT5M
22,-71,0,282,324,0,1019,124,4.1,70,SUNNY,30.2,9.7,2025-08-19T08:30:00+09:30,PT5M
22,-70,0,302,345,0,1019,124,4.1,69,SUNNY,30,9.7,2025-08-19T08:35:00+09:30,PT5M
22,-70,0,322,366,0,1019.1,123,4.2,68,SUNNY,29.8,9.7,2025-08-19T08:40:00+09:30,PT5M
22,-69,0,341,386,0,1019.1,123,4.2,67,SUNNY,29.6,9.7,2025-08-19T08:45:00+09:30,PT5M
23,-69,0,360,407,0,1019.1,122,4.3,66,SUNNY,29.4,9.7,2025-08-19T08:50:00+09:30,PT5M
23,-68,0,380,427,0,1019.2,122,4.3,64,SUNNY,29.2,9.7,2025-08-19T08:55:00+09:30,PT5M
23,-68,0,399,447,0,1019.2,121,4.4,63,SUNNY,29,9.7,2025-08-19T09:00:00+09:30,PT5M
23,-67,0,418,467,0,1019.3,121,4.4,62,SUNNY,28.9,9.7,2025-08-19T09:05:00+09:30,PT5M
23,-67,0,437,487,0,1019.3,120,4.4,61,SUNNY,28.8,9.6,2025-08-19T09:10:00+09:30,PT5M
23,-66,0,455,507,0,1019.4,120,4.5,60,SUNNY,28.7,9.6,2025-08-19T09:15:00+09:30,PT5M
23,-66,0,474,526,0,1019.4,119,4.5,59,SUNNY,28.6,9.5,2025-08-19T09:20:00+09:30,PT5M
24,-65,0,492,545,0,1019.4,119,4.6,58,SUNNY,28.5,9.4,2025-08-19T09:25:00+09:30,PT5M
24,-65,0,510,564,0,1019.5,118,4.6,57,SUNNY,28.4,9.4,2025-08-19T09:30:00+09:30,PT5M
24,-64,0,529,584,0,1019.5,118,4.7,55,SUNNY,28.3,9.3,2025-08-19T09:35:00+09:30,PT5M
24,-63,0,546,602,0,1019.5,117,4.7,54,SUNNY,28.2,9.3,2025-08-19T09:40:00+09:30,PT5M
24,-63,0,564,620,0,1019.5,117,4.7,53,SUNNY,28.1,9.2,2025-08-19T09:45:00+09:30,PT5M
24,-62,0,581,638,0,1019.5,116,4.8,52,SUNNY,28,9.1,2025-08-19T09:50:00+09:30,PT5M
25,-61,0,597,655,0,1019.5,116,4.8,51,SUNNY,27.9,9.1,2025-08-19T09:55:00+09:30,PT5M
25,-60,0,613,672,0,1019.5,115,4.8,50,SUNNY,27.8,9,2025-08-19T10:00:00+09:30,PT5M
25,-60,0,629,689,0,1019.4,115,4.9,49,SUNNY,27.8,9,2025-08-19T10:05:00+09:30,PT5M
25,-59,0,645,704,0,1019.4,114,4.9,48,SUNNY,27.8,9,2025-08-19T10:10:00+09:30,PT5M
26,-58,0,660,720,0,1019.4,114,4.9,47,SUNNY,27.8,9.1,2025-08-19T10:15:00+09:30,PT5M
26,-57,0,674,735,0,1019.4,113,5,46,SUNNY,27.9,9.1,2025-08-19T10:20:00+09:30,PT5M
26,-56,0,689,750,0,1019.4,113,5,45,SUNNY,27.9,9.1,2025-08-19T10:25:00+09:30,PT5M
26,-55,0,703,764,0,1019.4,112,5.1,44,SUNNY,27.9,9.1,2025-08-19T10:30:00+09:30,PT5M
26,-54,0,716,778,0,1019.4,112,5.1,43,SUNNY,27.9,9.2,2025-08-19T10:35:00+09:30,PT5M
27,-53,0,729,792,0,1019.3,111,5.1,42,SUNNY,27.9,9.2,2025-08-19T10:40:00+09:30,PT5M
27,-52,0,742,805,0,1019.1,111,5.2,41,SUNNY,27.9,9.2,2025-08-19T10:45:00+09:30,PT5M
27,-51,0,754,818,0,1019,110,5.2,40,SUNNY,28,9.2,2025-08-19T10:50:00+09:30,PT5M
27,-50,0,766,830,0,1018.9,109,5.3,39,SUNNY,28,9.3,2025-08-19T10:55:00+09:30,PT5M
27,-48,0,778,842,0,1018.8,109,5.3,38,SUNNY,28,9.3,2025-08-19T11:00:00+09:30,PT5M
28,-47,0,789,854,0,1018.7,108,5.4,37,SUNNY,28,9.3,2025-08-19T11:05:00+09:30,PT5M
28,-46,0,799,865,0,1018.6,108,5.4,36,SUNNY,28,9.4,2025-08-19T11:10:00+09:30,PT5M
28,-44,0,810,875,0,1018.5,107,5.4,35,SUNNY,28.1,9.4,2025-08-19T11:15:00+09:30,PT5M
28,-43,0,819,886,0,1018.4,107,5.5,35,SUNNY,28.1,9.4,2025-08-19T11:20:00+09:30,PT5M
28,-41,0,829,895,0,1018.3,106,5.5,34,SUNNY,28.1,9.4,2025-08-19T11:25:00+09:30,PT5M
29,-39,0,838,904,0,1018.2,106,5.6,33,SUNNY,28.1,9.5,2025-08-19T11:30:00+09:30,PT5M
29,-38,0,846,913,0,1018.1,105,5.6,32,SUNNY,28.2,9.5,2025-08-19T11:35:00+09:30,PT5M
29,-36,0,854,921,0,1018,105,5.6,32,SUNNY,28.2,9.6,2025-08-19T11:40:00+09:30,PT5M
29,-34,0,861,929,0,1017.9,104,5.5,31,SUNNY,28.2,9.6,2025-08-19T11:45:00+09:30,PT5M
29,-32,0,868,936,0,1017.8,104,5.5,30,SUNNY,28.2,9.6,2025-08-19T11:50:00+09:30,PT5M
29,-30,0,874,942,0,1017.7,103,5.5,30,SUNNY,28.3,9.6,2025-08-19T11:55:00+09:30,PT5M
29,-28,0,880,949,0,1017.6,102,5.5,29,SUNNY,28.3,9.7,2025-08-19T12:00:00+09:30,PT5M
29,-25,0,886,954,0,1017.5,102,5.5,28,SUNNY,28.3,9.7,2025-08-19T12:05:00+09:30,PT5M
29,-23,0,890,959,0,1017.4,101,5.4,28,SUNNY,28.2,9.8,2025-08-19T12:10:00+09:30,PT5M
29,-20,0,895,963,0,1017.3,101,5.4,27,SUNNY,28.2,9.8,2025-08-19T12:15:00+09:30,PT5M
29,-18,0,898,967,0,1017.2,100,5.4,27,SUNNY,28.2,9.8,2025-08-19T12:20:00+09:30,PT5M
30,-15,0,902,970,0,1017.1,99,5.4,27,SUNNY,28.1,9.8,2025-08-19T12:25:00+09:30,PT5M
30,-13,0,904,973,0,1017,99,5.4,26,SUNNY,28.1,9.9,2025-08-19T12:30:00+09:30,PT5M
30,-10,0,906,975,0,1016.9,98,5.3,26,SUNNY,28,9.9,2025-08-19T12:35:00+09:30,PT5M
30,-7,0,908,977,0,1016.8,98,5.3,26,SUNNY,28,10,2025-08-19T12:40:00+09:30,PT5M
30,-5,0,909,978,0,1016.7,98,5.2,26,SUNNY,27.9,10,2025-08-19T12:45:00+09:30,PT5M
30,-2,0,910,979,0,1016.6,98,5.1,26,SUNNY,27.9,10,2025-08-19T12:50:00+09:30,PT5M
30,1,0,910,979,0,1016.5,97,5.1,26,SUNNY,27.9,10,2025-08-19T12:55:00+09:30,PT5M
30,4,0,909,978,0,1016.4,97,5,26,SUNNY,27.8,10.1,2025-08-19T13:00:00+09:30,PT5M
30,7,0,908,977,0,1016.3,97,5,26,SUNNY,27.8,10.1,2025-08-19T13:05:00+09:30,PT5M
30,9,0,907,976,0,1016.2,96,4.9,26,SUNNY,27.7,10.1,2025-08-19T13:10:00+09:30,PT5M
30,12,0,905,974,0,1016.1,96,4.8,26,SUNNY,27.6,10.2,2025-08-19T13:15:00+09:30,PT5M
30,15,0,902,971,0,1016,96,4.8,27,SUNNY,27.5,10.2,2025-08-19T13:20:00+09:30,PT5M
30,17,0,899,968,0,1015.9,95,4.7,27,SUNNY,27.4,10.2,2025-08-19T13:25:00+09:30,PT5M
30,20,0,896,964,0,1015.8,95,4.6,27,SUNNY,27.3,10.2,2025-08-19T13:30:00+09:30,PT5M
30,22,0,892,960,0,1015.8,95,4.6,28,SUNNY,27.2,10.3,2025-08-19T13:35:00+09:30,PT5M
31,25,0,887,955,0,1015.7,95,4.5,28,SUNNY,27.1,10.3,2025-08-19T13:40:00+09:30,PT5M
31,27,0,882,950,0,1015.6,95,4.5,29,SUNNY,27,10.3,2025-08-19T13:45:00+09:30,PT5M
31,29,0,876,944,0,1015.5,95,4.4,29,SUNNY,26.9,10.3,2025-08-19T13:50:00+09:30,PT5M
31,31,0,870,938,0,1015.5,95,4.4,30,SUNNY,26.8,10.4,2025-08-19T13:55:00+09:30,PT5M
31,33,0,864,931,0,1015.4,95,4.3,31,SUNNY,26.7,10.4,2025-08-19T14:00:00+09:30,PT5M
31,35,0,856,923,0,1015.3,95,4.2,31,SUNNY,26.6,10.4,2025-08-19T14:05:00+09:30,PT5M
31,37,0,849,916,0,1015.2,95,4.2,32,SUNNY,26.6,10.4,2025-08-19T14:10:00+09:30,PT5M
31,39,0,841,907,0,1015.2,95,4.1,33,SUNNY,26.4,10.4,2025-08-19T14:15:00+09:30,PT5M
31,41,0,833,899,0,1015.1,95,4.1,34,SUNNY,26.4,10.5,2025-08-19T14:20:00+09:30,PT5M
31,42,0,824,889,0,1015,94,4,34,SUNNY,26.2,10.5,2025-08-19T14:25:00+09:30,PT5M
31,44,0,814,880,0,1014.9,94,3.9,35,SUNNY,26.2,10.5,2025-08-19T14:30:00+09:30,PT5M
31,45,0,804,869,0,1014.9,94,3.9,36,SUNNY,26,10.5,2025-08-19T14:35:00+09:30,PT5M
31,47,0,794,859,0,1014.8,94,3.8,37,SUNNY,26,10.5,2025-08-19T14:40:00+09:30,PT5M
31,48,0,783,847,0,1014.7,95,3.8,38,SUNNY,25.8,10.5,2025-08-19T14:45:00+09:30,PT5M
31,49,0,772,836,0,1014.6,95,3.8,39,SUNNY,25.8,10.6,2025-08-19T14:50:00+09:30,PT5M
31,51,0,760,824,0,1014.5,95,3.7,40,SUNNY,25.6,10.6,2025-08-19T14:55:00+09:30,PT5M
31,52,0,748,811,0,1014.5,95,3.7,41,SUNNY,25.6,10.6,2025-08-19T15:00:00+09:30,PT5M
31,53,0,736,798,0,1014.4,95,3.6,42,SUNNY,25.4,10.6,2025-08-19T15:05:00+09:30,PT5M
31,54,0,723,785,0,1014.3,95,3.6,43,SUNNY,25.4,10.6,2025-08-19T15:10:00+09:30,PT5M
31,55,0,709,771,0,1014.2,95,3.6,44,SUNNY,25.2,10.6,2025-08-19T15:15:00+09:30,PT5M
31,56,0,695,757,0,1014.2,95,3.5,45,SUNNY,25.2,10.7,2025-08-19T15:20:00+09:30,PT5M
31,57,0,681,742,0,1014.1,95,3.5,46,SUNNY,25.1,10.7,2025-08-19T15:25:00+09:30,PT5M
31,58,0,667,727,0,1014,95,3.4,47,SUNNY,25,10.7,2025-08-19T15:30:00+09:30,PT5M
31,59,0,652,711,0,1014,95,3.4,48,SUNNY,24.8,10.7,2025-08-19T15:35:00+09:30,PT5M
31,60,0,636,695,0,1013.9,95,3.3,49,SUNNY,24.8,10.7,2025-08-19T15:40:00+09:30,PT5M
31,60,0,621,679,0,1013.9,94,3.3,50,SUNNY,24.7,10.7,2025-08-19T15:45:00+09:30,PT5M
31,61,0,605,662,0,1013.8,94,3.3,51,SUNNY,24.6,10.8,2025-08-19T15:50:00+09:30,PT5M
31,62,0,588,645,0,1013.8,94,3.2,52,SUNNY,24.5,10.8,2025-08-19T15:55:00+09:30,PT5M
31,63,0,572,628,0,1013.8,94,3.2,53,SUNNY,24.4,10.8,2025-08-19T16:00:00+09:30,PT5M
31,63,0,554,610,0,1013.7,94,3.1,54,SUNNY,24.3,10.8,2025-08-19T16:05:00+09:30,PT5M
31,64,0,537,591,0,1013.7,93,3.1,55,SUNNY,24.2,10.8,2025-08-19T16:10:00+09:30,PT5M
31,65,0,519,573,0,1013.6,93,3,56,SUNNY,24.1,10.7,2025-08-19T16:15:00+09:30,PT5M
31,65,0,501,554,0,1013.6,93,3,57,SUNNY,24,10.7,2025-08-19T16:20:00+09:30,PT5M
31,66,0,483,535,0,1013.5,92,3,58,SUNNY,23.9,10.7,2025-08-19T16:25:00+09:30,PT5M
31,66,0,464,515,0,1013.5,92,2.9,60,SUNNY,23.8,10.7,2025-08-19T16:30:00+09:30,PT5M
31,67,0,446,496,0,1013.5,92,2.9,61,SUNNY,23.7,10.6,2025-08-19T16:35:00+09:30,PT5M
31,67,0,427,476,0,1013.5,92,2.9,62,SUNNY,23.6,10.6,2025-08-19T16:40:00+09:30,PT5M
31,68,0,407,455,0,1013.5,92,2.8,63,SUNNY,23.5,10.6,2025-08-19T16:45:00+09:30,PT5M
31,68,0,388,435,0,1013.5,91,2.8,64,SUNNY,23.4,10.6,2025-08-19T16:50:00+09:30,PT5M
31,69,0,368,414,0,1013.5,91,2.8,65,SUNNY,23.3,10.5,2025-08-19T16:55:00+09:30,PT5M
31,69,0,349,393,0,1013.5,91,2.8,66,SUNNY,23.2,10.5,2025-08-19T17:00:00+09:30,PT5M
30,70,0,329,372,0,1013.5,91,2.7,68,SUNNY,23.2,10.5,2025-08-19T17:05:00+09:30,PT5M
30,70,0,309,351,0,1013.5,91,2.7,69,SUNNY,23.1,10.5,2025-08-19T17:10:00+09:30,PT5M
30,71,0,289,330,0,1013.6,91,2.7,70,SUNNY,23,10.5,2025-08-19T17:15:00+09:30,PT5M
30,71,0,270,309,0,1013.6,90,2.7,71,SUNNY,22.9,10.4,2025-08-19T17:20:00+09:30,PT5M
30,71,0,250,288,0,1013.6,90,2.6,72,SUNNY,22.8,10.4,2025-08-19T17:25:00+09:30,PT5M
30,72,0,230,266,0,1013.6,90,2.6,73,SUNNY,22.7,10.4,2025-08-19T17:30:00+09:30,PT5M
30,72,0,210,245,0,1013.6,90,2.6,74,SUNNY,22.6,10.4,2025-08-19T17:35:00+09:30,PT5M
30,73,0,191,224,0,1013.7,89,2.5,76,SUNNY,22.5,10.4,2025-08-19T17:40:00+09:30,PT5M
30,73,0,171,202,0,1013.7,89,2.5,77,SUNNY,22.4,10.4,2025-08-19T17:45:00+09:30,PT5M
30,73,0,152,181,0,1013.8,88,2.4,78,SUNNY,22.3,10.3,2025-08-19T17:50:00+09:30,PT5M
29,74,0,133,160,0,1013.8,87,2.3,79,SUNNY,22.2,10.3,2025-08-19T17:55:00+09:30,PT5M
29,74,0,115,139,0,1013.9,87,2.3,80,SUNNY,22.1,10.3,2025-08-19T18:00:00+09:30,PT5M
29,74,0,97,119,0,1013.9,86,2.2,81,SUNNY,22.1,10.3,2025-08-19T18:05:00+09:30,PT5M
29,75,0,79,99,0,1014,85,2.2,83,SUNNY,22.1,10.3,2025-08-19T18:10:00+09:30,PT5M
29,75,0,63,79,0,1014,84,2.1,84,SUNNY,22,10.3,2025-08-19T18:15:00+09:30,PT5M
29,75,0,48,61,0,1014.1,83,2.1,85,SUNNY,22,10.3,2025-08-19T18:20:00+09:30,PT5M
29,76,0,34,39,0,1014.1,82,2,86,SUNNY,22,10.3,2025-08-19T18:25:00+09:30,PT5M
29,76,0,21,23,0,1014.2,82,2,87,SUNNY,22,10.3,2025-08-19T18:30:00+09:30,PT5M
29,76,0,10,10,0,1014.2,80,1.9,89,SUNNY,21.9,10.3,2025-08-19T18:35:00+09:30,PT5M
28,76,0,1,1,0,1014.3,79,1.8,90,CLEAR,21.9,10.3,2025-08-19T18:40:00+09:30,PT5M
28,77,0,0,0,0,1014.4,78,1.8,91,CLEAR,21.9,10.3,2025-08-19T18:45:00+09:30,PT5M
28,77,0,0,0,0,1014.4,77,1.7,92,CLEAR,21.9,10.3,2025-08-19T18:50:00+09:30,PT5M
28,77,0,0,0,0,1014.5,76,1.7,93,CLEAR,21.8,10.3,2025-08-19T18:55:00+09:30,PT5M
28,77,0,0,0,0,1014.6,74,1.6,94,CLEAR,21.8,10.3,2025-08-19T19:00:00+09:30,PT5M
27,78,0,0,0,0,1014.6,72,1.5,96,CLEAR,21.8,10.3,2025-08-19T19:05:00+09:30,PT5M
27,78,8.2,0,0,0,1014.7,71,1.5,97,MOSTLY CLEAR,21.9,10.3,2025-08-19T19:10:00+09:30,PT5M
27,78,10.1,0,0,0,1014.8,69,1.4,98,PARTLY CLOUDY,21.9,10.3,2025-08-19T19:15:00+09:30,PT5M
27,78,10.1,0,0,0,1014.8,67,1.4,99,PARTLY CLOUDY,22,10.4,2025-08-19T19:20:00+09:30,PT5M
26,79,10.1,0,0,0,1014.9,65,1.3,100,PARTLY CLOUDY,22,10.4,2025-08-19T19:25:00+09:30,PT5M
26,79,10.1,0,0,0,1015,63,1.3,102,PARTLY CLOUDY,22.1,10.4,2025-08-19T19:30:00+09:30,PT5M
26,79,8.2,0,0,0,1015,61,1.2,103,MOSTLY CLEAR,22.1,10.4,2025-08-19T19:35:00+09:30,PT5M
26,79,8.2,0,0,0,1015.1,61,1.2,104,MOSTLY CLEAR,22.2,10.4,2025-08-19T19:40:00+09:30,PT5M
26,79,8.2,0,0,0,1015.1,60,1.2,105,MOSTLY CLEAR,22.2,10.4,2025-08-19T19:45:00+09:30,PT5M
25,80,10.1,0,0,0,1015.2,60,1.1,106,PARTLY CLOUDY,22.3,10.5,2025-08-19T19:50:00+09:30,PT5M
25,80,10.1,0,0,0,1015.3,59,1.1,108,PARTLY CLOUDY,22.3,10.5,2025-08-19T19:55:00+09:30,PT5M
25,80,10.1,0,0,0,1015.3,59,1.1,109,PARTLY CLOUDY,22.4,10.5,2025-08-19T20:00:00+09:30,PT5M
25,80,10.1,0,0,0,1015.4,58,1,110,PARTLY CLOUDY,22.4,10.5,2025-08-19T20:05:00+09:30,PT5M
25,80,12.1,0,0,0,1015.4,58,1,111,PARTLY CLOUDY,22.5,10.6,2025-08-19T20:10:00+09:30,PT5M
24,81,8.2,0,0,0,1015.5,57,1,112,MOSTLY CLEAR,22.5,10.6,2025-08-19T20:15:00+09:30,PT5M
24,81,0,0,0,0,1015.5,56,0.9,114,CLEAR,22.6,10.7,2025-08-19T20:20:00+09:30,PT5M
24,81,0,0,0,0,1015.6,56,0.9,115,CLEAR,22.6,10.8,2025-08-19T20:25:00+09:30,PT5M
24,81,0,0,0,0,1015.7,55,0.9,116,CLEAR,22.7,10.8,2025-08-19T20:30:00+09:30,PT5M
24,81,0,0,0,0,1015.7,55,0.8,117,CLEAR,22.7,10.9,2025-08-19T20:35:00+09:30,PT5M
24,82,8.2,0,0,0,1015.7,55,0.8,118,MOSTLY CLEAR,22.8,10.9,2025-08-19T20:40:00+09:30,PT5M
24,82,0,0,0,0,1015.7,56,0.7,120,CLEAR,22.8,11,2025-08-19T20:45:00+09:30,PT5M
23,82,0,0,0,0,1015.7,57,0.7,121,CLEAR,22.9,11.1,2025-08-19T20:50:00+09:30,PT5M
23,82,0,0,0,0,1015.7,58,0.7,122,CLEAR,22.9,11.1,2025-08-19T20:55:00+09:30,PT5M
23,82,0,0,0,0,1015.7,58,0.6,123,CLEAR,23,11.2,2025-08-19T21:00:00+09:30,PT5M
23,82,0,0,0,0,1015.7,60,0.6,125,CLEAR,23,11.3,2025-08-19T21:05:00+09:30,PT5M
23,83,0,0,0,0,1015.8,61,0.5,126,CLEAR,23,11.4,2025-08-19T21:10:00+09:30,PT5M
23,83,0,0,0,0,1015.8,63,0.5,127,CLEAR,23.1,11.5,2025-08-19T21:15:00+09:30,PT5M
23,83,8.2,0,0,0,1015.8,64,0.4,128,MOSTLY CLEAR,23.1,11.6,2025-08-19T21:20:00+09:30,PT5M
23,83,8.2,0,0,0,1015.8,67,0.4,129,MOSTLY CLEAR,23.1,11.6,2025-08-19T21:25:00+09:30,PT5M
22,83,0,0,0,0,1015.8,70,0.3,131,CLEAR,23.1,11.8,2025-08-19T21:30:00+09:30,PT5M
22,83,8.2,0,0,0,1015.8,76,0.3,132,MOSTLY CLEAR,23.2,11.8,2025-08-19T21:35:00+09:30,PT5M
22,83,10.1,0,0,0,1015.8,87,0.3,133,PARTLY CLOUDY,23.2,12,2025-08-19T21:40:00+09:30,PT5M
22,84,10.1,0,0,0,1015.9,101,0.2,134,PARTLY CLOUDY,23.2,12,2025-08-19T21:45:00+09:30,PT5M
22,84,10.1,0,0,0,1015.9,116,0.2,135,PARTLY CLOUDY,23.2,12.2,2025-08-19T21:50:00+09:30,PT5M
21,84,10.1,0,0,0,1015.9,131,0.2,137,PARTLY CLOUDY,23.3,12.2,2025-08-19T21:55:00+09:30,PT5M
21,84,10.1,0,0,0,1015.9,144,0.3,138,PARTLY CLOUDY,23.3,12.4,2025-08-19T22:00:00+09:30,PT5M
21,84,8.2,0,0,0,1016,154,0.3,139,MOSTLY CLEAR,23.3,12.4,2025-08-19T22:05:00+09:30,PT5M
21,84,8.2,0,0,0,1016,162,0.4,140,MOSTLY CLEAR,23.3,12.5,2025-08-19T22:10:00+09:30,PT5M
21,84,8.2,0,0,0,1016,168,0.4,141,MOSTLY CLEAR,23.3,12.5,2025-08-19T22:15:00+09:30,PT5M
20,85,10.1,0,0,0,1016,172,0.5,143,PARTLY CLOUDY,23.3,12.6,2025-08-19T22:20:00+09:30,PT5M
20,85,10.1,0,0,0,1016.1,176,0.5,144,PARTLY CLOUDY,23.3,12.7,2025-08-19T22:25:00+09:30,PT5M
20,85,8.2,0,0,0,1016.1,179,0.6,145,MOSTLY CLEAR,23.3,12.7,2025-08-19T22:30:00+09:30,PT5M
20,85,8.2,0,0,0,1016.1,180,0.6,146,MOSTLY CLEAR,23.2,12.8,2025-08-19T22:35:00+09:30,PT5M
20,85,8.2,0,0,0,1016.1,181,0.6,148,MOSTLY CLEAR,23.2,12.8,2025-08-19T22:40:00+09:30,PT5M
20,85,8.2,0,0,0,1016,182,0.6,149,MOSTLY CLEAR,23.2,12.9,2025-08-19T22:45:00+09:30,PT5M
20,85,8.2,0,0,0,1016,183,0.7,150,MOSTLY CLEAR,23.2,13,2025-08-19T22:50:00+09:30,PT5M
20,85,10.1,0,0,0,1016,183,0.7,151,PARTLY CLOUDY,23.2,13,2025-08-19T22:55:00+09:30,PT5M
19,85,8.2,0,0,0,1016,184,0.7,152,MOSTLY CLEAR,23.2,13.1,2025-08-19T23:00:00+09:30,PT5M
19,85,8.2,0,0,0,1016,184,0.7,154,MOSTLY CLEAR,23.2,13.1,2025-08-19T23:05:00+09:30,PT5M
19,86,8.2,0,0,0,1016,185,0.7,155,MOSTLY CLEAR,23.2,13,2025-08-19T23:10:00+09:30,PT5M
19,86,8.2,0,0,0,1015.9,185,0.7,156,MOSTLY CLEAR,23.2,12.9,2025-08-19T23:15:00+09:30,PT5M
19,86,8.2,0,0,0,1015.9,186,0.8,157,MOSTLY CLEAR,23.2,12.8,2025-08-19T23:20:00+09:30,PT5M
19,86,8.2,0,0,0,1015.9,186,0.8,159,MOSTLY CLEAR,23.2,12.7,2025-08-19T23:25:00+09:30,PT5M
19,86,8.2,0,0,0,1015.9,187,0.8,160,MOSTLY CLEAR,23.2,12.6,2025-08-19T23:30:00+09:30,PT5M
19,86,8.2,0,0,0,1015.9,186,0.8,161,MOSTLY CLEAR,23.1,12.6,2025-08-19T23:35:00+09:30,PT5M
19,86,8.2,0,0,0,1015.9,185,0.9,162,MOSTLY CLEAR,23.1,12.5,2025-08-19T23:40:00+09:30,PT5M
19,86,8.2,0,0,0,1015.9,184,0.9,163,MOSTLY CLEAR,23.1,12.4,2025-08-19T23:45:00+09:30,PT5M
19,86,8.2,0,0,0,1015.9,183,0.9,165,MOSTLY CLEAR,23.1,12.3,2025-08-19T23:50:00+09:30,PT5M
19,86,8.2,0,0,0,1015.9,182,1,166,MOSTLY CLEAR,23.1,12.2,2025-08-19T23:55:00+09:30,PT5M
19,85,8.2,0,0,0,1015.9,180,1,167,MOSTLY CLEAR,23.1,12.1,2025-08-20T00:00:00+09:30,PT5M
19,85,8.2,0,0,0,1015.9,180,1,168,MOSTLY CLEAR,23.1,12,2025-08-20T00:05:00+09:30,PT5M
19,85,8.2,0,0,0,1016,179,1.1,169,MOSTLY CLEAR,23.1,11.8,2025-08-20T00:10:00+09:30,PT5M
19,85,8.2,0,0,0,1016,178,1.1,171,MOSTLY CLEAR,23.1,11.6,2025-08-20T00:15:00+09:30,PT5M
19,84,8.2,0,0,0,1016,177,1.1,172,MOSTLY CLEAR,23.2,11.5,2025-08-20T00:20:00+09:30,PT5M
19,83,8.2,0,0,0,1016,176,1.2,173,MOSTLY CLEAR,23.2,11.3,2025-08-20T00:25:00+09:30,PT5M
19,82,10.1,0,0,0,1016,176,1.2,174,PARTLY CLOUDY,23.2,11.1,2025-08-20T00:30:00+09:30,PT5M
19,81,8.2,0,0,0,1016,175,1.2,176,MOSTLY CLEAR,23.2,10.9,2025-08-20T00:35:00+09:30,PT5M
19,77,8.2,0,0,0,1016,175,1.2,177,MOSTLY CLEAR,23.2,10.7,2025-08-20T00:40:00+09:30,PT5M
19,71,0,0,0,0,1016,174,1.2,178,CLEAR,23.2,10.5,2025-08-20T00:45:00+09:30,PT5M
19,48,0,0,0,0,1016,174,1.2,179,CLEAR,23.3,10.4,2025-08-20T00:50:00+09:30,PT5M
18,-34,0,0,0,0,1016,174,1.2,179,CLEAR,23.3,10.2,2025-08-20T00:55:00+09:30,PT5M
18,-68,0,0,0,0,1015.9,173,1.3,178,CLEAR,23.3,10,2025-08-20T01:00:00+09:30,PT5M
18,-76,0,0,0,0,1015.9,173,1.3,177,CLEAR,23.3,9.8,2025-08-20T01:05:00+09:30,PT5M
18,-80,0,0,0,0,1015.9,173,1.3,176,CLEAR,23.4,9.6,2025-08-20T01:10:00+09:30,PT5M
18,-82,0,0,0,0,1015.9,172,1.3,175,CLEAR,23.4,9.5,2025-08-20T01:15:00+09:30,PT5M
18,-83,0,0,0,0,1015.9,172,1.3,173,CLEAR,23.4,9.3,2025-08-20T01:20:00+09:30,PT5M
17,-84,0,0,0,0,1015.9,172,1.3,172,CLEAR,23.5,9.1,2025-08-20T01:25:00+09:30,PT5M
17,-85,0,0,0,0,1015.9,171,1.3,171,CLEAR,23.5,8.9,2025-08-20T01:30:00+09:30,PT5M
17,-85,0,0,0,0,1015.9,170,1.3,170,CLEAR,23.5,8.8,2025-08-20T01:35:00+09:30,PT5M
17,-85,0,0,0,0,1015.9,168,1.4,169,CLEAR,23.6,8.6,2025-08-20T01:40:00+09:30,PT5M
17,-86,0,0,0,0,1015.9,166,1.5,167,CLEAR,23.6,8.4,2025-08-20T01:45:00+09:30,PT5M
17,-86,0,0,0,0,1015.9,165,1.5,166,CLEAR,23.6,8.2,2025-08-20T01:50:00+09:30,PT5M
17,-86,0,0,0,0,1015.9,163,1.6,165,CLEAR,23.6,8.1,2025-08-20T01:55:00+09:30,PT5M
17,-86,0,0,0,0,1015.8,162,1.7,164,CLEAR,23.7,7.9,2025-08-20T02:00:00+09:30,PT5M
17,-86,0,0,0,0,1015.8,160,1.7,162,CLEAR,23.7,7.8,2025-08-20T02:05:00+09:30,PT5M
17,-86,0,0,0,0,1015.8,159,1.8,161,CLEAR,23.8,7.7,2025-08-20T02:10:00+09:30,PT5M
17,-86,0,0,0,0,1015.8,158,1.9,160,CLEAR,23.8,7.7,2025-08-20T02:15:00+09:30,PT5M
17,-86,0,0,0,0,1015.8,157,1.9,159,CLEAR,23.8,7.6,2025-08-20T02:20:00+09:30,PT5M
17,-86,0,0,0,0,1015.8,156,2,158,CLEAR,23.9,7.6,2025-08-20T02:25:00+09:30,PT5M
17,-86,0,0,0,0,1015.8,155,2.1,156,CLEAR,23.9,7.5,2025-08-20T02:30:00+09:30,PT5M
17,-86,0,0,0,0,1015.8,154,2.1,155,CLEAR,23.9,7.5,2025-08-20T02:35:00+09:30,PT5M
17,-86,0,0,0,0,1015.8,153,2.1,154,CLEAR,24,7.4,2025-08-20T02:40:00+09:30,PT5M
17,-85,0,0,0,0,1015.7,152,2.2,153,CLEAR,24,7.4,2025-08-20T02:45:00+09:30,PT5M
17,-85,0,0,0,0,1015.7,150,2.2,152,CLEAR,24,7.3,2025-08-20T02:50:00+09:30,PT5M
17,-85,0,0,0,0,1015.7,149,2.2,150,CLEAR,24,7.3,2025-08-20T02:55:00+09:30,PT5M
17,-85,8.2,0,0,0,1015.7,148,2.2,149,MOSTLY CLEAR,24.1,7.2,2025-08-20T03:00:00+09:30,PT5M
17,-85,8.2,0,0,0,1015.7,147,2.3,148,MOSTLY CLEAR,24.2,7.2,2025-08-20T03:05:00+09:30,PT5M
17,-85,8.2,0,0,0,1015.7,146,2.3,147,MOSTLY CLEAR,24.3,7.2,2025-08-20T03:10:00+09:30,PT5M
17,-85,8.2,0,0,0,1015.6,145,2.3,145,MOSTLY CLEAR,24.5,7.3,2025-08-20T03:15:00+09:30,PT5M
17,-85,0,0,0,0,1015.6,144,2.3,144,CLEAR,24.6,7.3,2025-08-20T03:20:00+09:30,PT5M
17,-85,0,0,0,0,1015.6,143,2.4,143,CLEAR,24.8,7.4,2025-08-20T03:25:00+09:30,PT5M
17,-85,0,0,0,0,1015.6,142,2.4,142,CLEAR,24.9,7.4,2025-08-20T03:30:00+09:30,PT5M
17,-84,0,0,0,0,1015.6,141,2.5,141,CLEAR,25.1,7.4,2025-08-20T03:35:00+09:30,PT5M
17,-84,0,0,0,0,1015.6,140,2.5,139,CLEAR,25.2,7.4,2025-08-20T03:40:00+09:30,PT5M
17,-84,0,0,0,0,1015.6,139,2.6,138,CLEAR,25.4,7.5,2025-08-20T03:45:00+09:30,PT5M
17,-84,0,0,0,0,1015.6,138,2.7,137,CLEAR,25.5,7.5,2025-08-20T03:50:00+09:30,PT5M
17,-84,0,0,0,0,1015.6,136,2.7,136,CLEAR,25.7,7.6,2025-08-20T03:55:00+09:30,PT5M
17,-84,0,0,0,0,1015.6,135,2.8,135,CLEAR,25.8,7.6,2025-08-20T04:00:00+09:30,PT5M
17,-84,8.2,0,0,0,1015.6,135,2.9,133,MOSTLY CLEAR,26,7.6,2025-08-20T04:05:00+09:30,PT5M
17,-83,8.2,0,0,0,1015.6,134,2.9,132,MOSTLY CLEAR,26.3,7.7,2025-08-20T04:10:00+09:30,PT5M
17,-83,8.2,0,0,0,1015.6,133,3,131,MOSTLY CLEAR,26.6,7.7,2025-08-20T04:15:00+09:30,PT5M
17,-83,8.2,0,0,0,1015.6,132,3.1,130,MOSTLY CLEAR,26.9,7.8,2025-08-20T04:20:00+09:30,PT5M
17,-83,8.2,0,0,0,1015.6,131,3.2,128,MOSTLY CLEAR,27.2,7.8,2025-08-20T04:25:00+09:30,PT5M
17,-83,8.2,0,0,0,1015.6,130,3.2,127,MOSTLY CLEAR,27.5,7.9,2025-08-20T04:30:00+09:30,PT5M
17,-83,8.2,0,0,0,1015.6,129,3.3,126,MOSTLY CLEAR,27.7,7.9,2025-08-20T04:35:00+09:30,PT5M
17,-83,8.2,0,0,0,1015.6,128,3.3,125,MOSTLY CLEAR,28,8,2025-08-20T04:40:00+09:30,PT5M
17,-82,8.2,0,0,0,1015.6,126,3.3,124,MOSTLY CLEAR,28.3,8,2025-08-20T04:45:00+09:30,PT5M
17,-82,10.1,0,0,0,1015.6,125,3.4,122,PARTLY CLOUDY,28.6,8.1,2025-08-20T04:50:00+09:30,PT5M
17,-82,8.2,0,0,0,1015.7,123,3.4,121,MOSTLY CLEAR,28.9,8.1,2025-08-20T04:55:00+09:30,PT5M
17,-82,8.2,0,0,0,1015.7,122,3.4,120,MOSTLY CLEAR,29.2,8.2,2025-08-20T05:00:00+09:30,PT5M
17,-82,8.2,0,0,0,1015.7,121,3.5,119,MOSTLY CLEAR,29.4,8.2,2025-08-20T05:05:00+09:30,PT5M
17,-82,8.2,0,0,0,1015.7,119,3.5,118,MOSTLY CLEAR,29.7,8.3,2025-08-20T05:10:00+09:30,PT5M
17,-81,0,0,0,0,1015.7,118,3.6,116,CLEAR,30,8.3,2025-08-20T05:15:00+09:30,PT5M
17,-81,0,0,0,0,1015.7,117,3.6,115,CLEAR,30.3,8.3,2025-08-20T05:20:00+09:30,PT5M
17,-81,0,0,0,0,1015.8,116,3.6,114,CLEAR,30.5,8.4,2025-08-20T05:25:00+09:30,PT5M
17,-81,0,0,0,0,1015.8,114,3.7,113,CLEAR,30.8,8.4,2025-08-20T05:30:00+09:30,PT5M
17,-81,0,0,0,0,1015.8,114,3.7,112,CLEAR,31.1,8.5,2025-08-20T05:35:00+09:30,PT5M
17,-80,8.2,0,0,0,1015.8,113,3.7,110,MOSTLY CLEAR,31.4,8.5,2025-08-20T05:40:00+09:30,PT5M
17,-80,0,0,0,0,1015.8,112,3.7,109,CLEAR,31.6,8.6,2025-08-20T05:45:00+09:30,PT5M
17,-80,0,0,0,0,1015.8,112,3.7,108,CLEAR,31.9,8.6,2025-08-20T05:50:00+09:30,PT5M
17,-80,0,0,0,0,1015.9,111,3.7,107,CLEAR,32.2,8.6,2025-08-20T05:55:00+09:30,PT5M
17,-80,8.2,0,0,0,1015.9,111,3.7,106,MOSTLY CLEAR,32.5,8.7,2025-08-20T06:00:00+09:30,PT5M
17,-79,0,0,0,0,1015.9,110,3.7,104,CLEAR,32.6,8.7,2025-08-20T06:05:00+09:30,PT5M
17,-79,0,0,0,0,1015.9,110,3.7,103,CLEAR,32.5,8.7,2025-08-20T06:10:00+09:30,PT5M
17,-79,8.2,0,0,0,1015.9,109,3.7,102,MOSTLY CLEAR,32.4,8.7,2025-08-20T06:15:00+09:30,PT5M
17,-79,8.2,0,0,0,1015.9,109,3.7,101,MOSTLY CLEAR,32.4,8.7,2025-08-20T06:20:00+09:30,PT5M
17,-79,8.2,0,0,0,1016,108,3.7,100,MOSTLY CLEAR,32.3,8.7,2025-08-20T06:25:00+09:30,PT5M
17,-78,8.2,0,0,0,1016,108,3.7,98,MOSTLY CLEAR,32.2,8.7,2025-08-20T06:30:00+09:30,PT5M
17,-78,8.2,0,0,0,1016,108,3.7,97,MOSTLY CLEAR,32.2,8.8,2025-08-20T06:35:00+09:30,PT5M
17,-78,10.1,0,0,0,1016,108,3.7,96,PARTLY CLOUDY,32.1,8.8,2025-08-20T06:40:00+09:30,PT5M
17,-78,8.2,0,0,0,1016.1,109,3.8,95,MOSTLY CLEAR,32,8.8,2025-08-20T06:45:00+09:30,PT5M
17,-77,0,0,0,0,1016.1,110,3.8,94,CLEAR,32,8.8,2025-08-20T06:50:00+09:30,PT5M
17,-77,0,0,0,0,1016.1,110,3.8,92,CLEAR,31.9,8.8,2025-08-20T06:55:00+09:30,PT5M
17,-77,0,0,0,0,1016.2,111,3.9,91,CLEAR,31.8,8.8,2025-08-20T07:00:00+09:30,PT5M
17,-77,0,0,0,0,1016.2,111,3.9,90,CLEAR,31.6,8.8,2025-08-20T07:05:00+09:30,PT5M
17,-76,0,8,8,0,1016.2,112,4,89,SUNNY,31.2,8.8,2025-08-20T07:10:00+09:30,PT5M
17,-76,0,19,20,0,1016.3,112,4,88,SUNNY,30.8,8.7,2025-08-20T07:15:00+09:30,PT5M
17,-76,0,31,36,0,1016.3,113,4.1,86,SUNNY,30.4,8.7,2025-08-20T07:20:00+09:30,PT5M
17,-75,0,45,57,0,1016.3,113,4.1,85,SUNNY,30,8.7,2025-08-20T07:25:00+09:30,PT5M
17,-75,0,60,77,0,1016.4,114,4.1,84,SUNNY,29.6,8.7,2025-08-20T07:30:00+09:30,PT5M
17,-75,0,77,96,0,1016.4,114,4.2,83,SUNNY,29.1,8.6,2025-08-20T07:35:00+09:30,PT5M
18,-75,0,94,116,0,1016.4,114,4.2,82,SUNNY,28.7,8.6,2025-08-20T07:40:00+09:30,PT5M
18,-74,0,112,137,0,1016.5,114,4.2,81,SUNNY,28.3,8.6,2025-08-20T07:45:00+09:30,PT5M
19,-74,0,130,158,0,1016.5,114,4.2,79,SUNNY,27.9,8.6,2025-08-20T07:50:00+09:30,PT5M
19,-74,0,149,179,0,1016.5,114,4.2,78,SUNNY,27.5,8.5,2025-08-20T07:55:00+09:30,PT5M
20,-73,0,168,200,0,1016.5,114,4.3,77,SUNNY,27.1,8.5,2025-08-20T08:00:00+09:30,PT5M
20,-73,0,188,221,0,1016.6,114,4.3,76,SUNNY,26.7,8.5,2025-08-20T08:05:00+09:30,PT5M
21,-73,0,207,243,0,1016.6,114,4.3,75,SUNNY,26.3,8.4,2025-08-20T08:10:00+09:30,PT5M
21,-72,0,227,264,0,1016.6,114,4.3,74,SUNNY,25.9,8.3,2025-08-20T08:15:00+09:30,PT5M
21,-72,0,247,286,0,1016.6,114,4.3,72,SUNNY,25.5,8.2,2025-08-20T08:20:00+09:30,PT5M
22,-71,0,267,307,0,1016.7,114,4.4,71,SUNNY,25.1,8.1,2025-08-20T08:25:00+09:30,PT5M
22,-71,0,287,329,0,1016.7,114,4.4,70,SUNNY,24.7,8,2025-08-20T08:30:00+09:30,PT5M
23,-71,0,307,350,0,1016.7,114,4.4,69,SUNNY,24.2,8,2025-08-20T08:35:00+09:30,PT5M
23,-70,0,327,371,0,1016.8,114,4.4,68,SUNNY,23.8,7.9,2025-08-20T08:40:00+09:30,PT5M
23,-70,0,347,392,0,1016.8,114,4.5,67,SUNNY,23.4,7.8,2025-08-20T08:45:00+09:30,PT5M
23,-69,0,367,413,0,1016.9,113,4.5,65,SUNNY,23,7.7,2025-08-20T08:50:00+09:30,PT5M
23,-69,0,386,433,0,1016.9,113,4.5,64,SUNNY,22.6,7.6,2025-08-20T08:55:00+09:30,PT5M
24,-68,0,405,454,0,1017,113,4.5,63,SUNNY,22.2,7.5,2025-08-20T09:00:00+09:30,PT5M
24,-68,0,425,474,0,1017,112,4.6,62,SUNNY,21.9,7.4,2025-08-20T09:05:00+09:30,PT5M
24,-67,0,444,494,0,1017.1,112,4.6,61,SUNNY,21.7,7.3,2025-08-20T09:10:00+09:30,PT5M
24,-67,0,463,514,0,1017.1,112,4.6,60,SUNNY,21.5,7.2,2025-08-20T09:15:00+09:30,PT5M
24,-66,0,481,533,0,1017.2,112,4.6,59,SUNNY,21.2,7.1,2025-08-20T09:20:00+09:30,PT5M
24,-66,0,500,553,0,1017.2,111,4.7,58,SUNNY,21,7,2025-08-20T09:25:00+09:30,PT5M
25,-65,0,518,571,0,1017.3,111,4.7,56,SUNNY,20.8,6.9,2025-08-20T09:30:00+09:30,PT5M
25,-64,0,536,591,0,1017.3,111,4.7,55,SUNNY,20.6,6.8,2025-08-20T09:35:00+09:30,PT5M
25,-64,0,554,609,0,1017.3,111,4.7,54,SUNNY,20.4,6.7,2025-08-20T09:40:00+09:30,PT5M
25,-63,0,571,627,0,1017.3,110,4.7,53,SUNNY,20.2,6.6,2025-08-20T09:45:00+09:30,PT5M
25,-62,0,588,645,0,1017.3,110,4.7,52,SUNNY,19.9,6.5,2025-08-20T09:50:00+09:30,PT5M
26,-62,0,605,662,0,1017.3,109,4.7,51,SUNNY,19.7,6.4,2025-08-20T09:55:00+09:30,PT5M
26,-61,0,621,679,0,1017.2,109,4.7,50,SUNNY,19.5,6.3,2025-08-20T10:00:00+09:30,PT5M
26,-60,0,637,696,0,1017.2,108,4.7,49,SUNNY,19.4,6.2,2025-08-20T10:05:00+09:30,PT5M
26,-59,0,652,711,0,1017.2,108,4.7,48,SUNNY,19.4,6.2,2025-08-20T10:10:00+09:30,PT5M
27,-58,0,667,727,0,1017.2,108,4.7,47,SUNNY,19.3,6.2,2025-08-20T10:15:00+09:30,PT5M
27,-57,0,682,742,0,1017.2,107,4.7,46,SUNNY,19.3,6.2,2025-08-20T10:20:00+09:30,PT5M
27,-56,0,696,757,0,1017.2,107,4.7,45,SUNNY,19.2,6.2,2025-08-20T10:25:00+09:30,PT5M
27,-56,0,710,771,0,1017.2,106,4.7,44,SUNNY,19.2,6.2,2025-08-20T10:30:00+09:30,PT5M
27,-55,0,723,785,0,1017.2,106,4.7,43,SUNNY,19.2,6.3,2025-08-20T10:35:00+09:30,PT5M
28,-53,0,736,799,0,1017.1,106,4.7,42,SUNNY,19.2,6.3,2025-08-20T10:40:00+09:30,PT5M
28,-52,0,749,812,0,1017,106,4.7,41,SUNNY,19.1,6.3,2025-08-20T10:45:00+09:30,PT5M
28,-51,0,761,825,0,1017,105,4.7,40,SUNNY,19.1,6.3,2025-08-20T10:50:00+09:30,PT5M
28,-50,0,773,837,0,1016.9,105,4.7,39,SUNNY,19.1,6.3,2025-08-20T10:55:00+09:30,PT5M
28,-49,0,785,849,0,1016.9,105,4.7,38,SUNNY,19,6.3,2025-08-20T11:00:00+09:30,PT5M
28,-47,0,795,860,0,1016.8,105,4.7,37,SUNNY,19,6.3,2025-08-20T11:05:00+09:30,PT5M
29,-46,0,806,871,0,1016.8,105,4.7,36,SUNNY,19,6.4,2025-08-20T11:10:00+09:30,PT5M
29,-44,0,816,881,0,1016.7,104,4.6,35,SUNNY,18.9,6.5,2025-08-20T11:15:00+09:30,PT5M
29,-43,0,825,891,0,1016.6,104,4.6,34,SUNNY,18.9,6.5,2025-08-20T11:20:00+09:30,PT5M
29,-41,0,834,900,0,1016.6,104,4.6,34,SUNNY,18.8,6.6,2025-08-20T11:25:00+09:30,PT5M
29,-40,0,843,909,0,1016.5,104,4.6,33,SUNNY,18.8,6.7,2025-08-20T11:30:00+09:30,PT5M
29,-38,0,851,917,0,1016.4,104,4.6,32,SUNNY,18.8,6.7,2025-08-20T11:35:00+09:30,PT5M
29,-36,0,858,925,0,1016.3,103,4.5,31,SUNNY,18.8,6.8,2025-08-20T11:40:00+09:30,PT5M
29,-34,0,865,932,0,1016.2,103,4.5,31,SUNNY,18.7,6.9,2025-08-20T11:45:00+09:30,PT5M
30,-32,0,872,939,0,1016.1,103,4.4,30,SUNNY,18.7,6.9,2025-08-20T11:50:00+09:30,PT5M
30,-30,0,878,945,0,1016,103,4.3,29,SUNNY,18.7,7,2025-08-20T11:55:00+09:30,PT5M
30,-28,0,883,951,0,1015.9,102,4.3,29,SUNNY,18.6,7.1,2025-08-20T12:00:00+09:30,PT5M
30,-25,0,888,956,0,1015.8,102,4.2,28,SUNNY,18.7,7.1,2025-08-20T12:05:00+09:30,PT5M
30,-23,0,893,961,0,1015.7,102,4.2,28,SUNNY,18.8,7.2,2025-08-20T12:10:00+09:30,PT5M
30,-21,0,897,965,0,1015.6,102,4.1,27,SUNNY,18.8,7.3,2025-08-20T12:15:00+09:30,PT5M
30,-18,0,900,968,0,1015.5,101,4,27,SUNNY,19,7.3,2025-08-20T12:20:00+09:30,PT5M
30,-15,0,903,971,0,1015.4,101,4,26,SUNNY,19.1,7.4,2025-08-20T12:25:00+09:30,PT5M
30,-13,0,906,974,0,1015.3,101,3.9,26,SUNNY,19.2,7.5,2025-08-20T12:30:00+09:30,PT5M
30,-10,0,908,976,0,1015.2,100,3.8,26,SUNNY,19.2,7.5,2025-08-20T12:35:00+09:30,PT5M
30,-7,0,909,977,0,1015.1,100,3.8,26,SUNNY,19.4,7.6,2025-08-20T12:40:00+09:30,PT5M
30,-4,0,910,978,0,1015,100,3.7,26,SUNNY,19.5,7.7,2025-08-20T12:45:00+09:30,PT5M
30,-2,0,911,979,0,1014.9,100,3.7,25,SUNNY,19.6,7.7,2025-08-20T12:50:00+09:30,PT5M
30,1,0,911,979,0,1014.8,99,3.6,25,SUNNY,19.6,7.8,2025-08-20T12:55:00+09:30,PT5M
30,4,0,910,978,0,1014.6,99,3.6,26,SUNNY,19.8,7.9,2025-08-20T13:00:00+09:30,PT5M
31,7,0,909,977,0,1014.5,99,3.5,26,SUNNY,19.9,7.9,2025-08-20T13:05:00+09:30,PT5M
31,10,0,907,975,0,1014.4,99,3.5,26,SUNNY,20.2,8,2025-08-20T13:10:00+09:30,PT5M
31,12,0,905,973,0,1014.3,98,3.4,26,SUNNY,20.4,8.1,2025-08-20T13:15:00+09:30,PT5M
31,15,0,903,970,0,1014.2,98,3.4,26,SUNNY,20.6,8.2,2025-08-20T13:20:00+09:30,PT5M
31,18,0,899,967,0,1014.1,98,3.3,27,SUNNY,20.8,8.2,2025-08-20T13:25:00+09:30,PT5M
31,20,0,896,963,0,1013.9,97,3.3,27,SUNNY,21.1,8.3,2025-08-20T13:30:00+09:30,PT5M
31,23,0,891,959,0,1013.8,97,3.2,28,SUNNY,21.3,8.4,2025-08-20T13:35:00+09:30,PT5M
31,25,0,887,954,0,1013.8,96,3.2,28,SUNNY,21.6,8.5,2025-08-20T13:40:00+09:30,PT5M
31,27,0,881,948,0,1013.7,95,3.1,29,SUNNY,21.8,8.5,2025-08-20T13:45:00+09:30,PT5M
31,30,0,876,942,0,1013.6,95,3.1,29,SUNNY,22,8.6,2025-08-20T13:50:00+09:30,PT5M
31,32,0,869,936,0,1013.5,94,3,30,SUNNY,22.2,8.7,2025-08-20T13:55:00+09:30,PT5M
31,34,0,863,929,0,1013.5,93,3,30,SUNNY,22.5,8.8,2025-08-20T14:00:00+09:30,PT5M
31,36,0,855,921,0,1013.4,93,2.9,31,SUNNY,22.7,8.8,2025-08-20T14:05:00+09:30,PT5M
32,38,0,847,913,0,1013.3,92,2.9,32,SUNNY,22.9,8.9,2025-08-20T14:10:00+09:30,PT5M
32,39,0,839,904,0,1013.2,91,2.8,33,SUNNY,23.2,9,2025-08-20T14:15:00+09:30,PT5M
32,41,0,830,895,0,1013.2,90,2.8,33,SUNNY,23.4,9,2025-08-20T14:20:00+09:30,PT5M
32,43,0,821,886,0,1013.1,89,2.8,34,SUNNY,23.6,9.1,2025-08-20T14:25:00+09:30,PT5M
32,44,0,812,876,0,1013,88,2.7,35,SUNNY,23.8,9.2,2025-08-20T14:30:00+09:30,PT5M
32,46,0,801,865,0,1013,88,2.7,36,SUNNY,24.1,9.2,2025-08-20T14:35:00+09:30,PT5M
32,47,0,791,854,0,1012.9,87,2.7,37,SUNNY,24.3,9.3,2025-08-20T14:40:00+09:30,PT5M
32,49,0,780,843,0,1012.9,86,2.6,38,SUNNY,24.5,9.4,2025-08-20T14:45:00+09:30,PT5M
32,50,0,768,831,0,1012.8,85,2.6,39,SUNNY,24.7,9.4,2025-08-20T14:50:00+09:30,PT5M
32,51,0,756,818,0,1012.8,84,2.6,40,SUNNY,25,9.5,2025-08-20T14:55:00+09:30,PT5M
32,52,0,744,805,0,1012.8,84,2.5,40,SUNNY,25.2,9.6,2025-08-20T15:00:00+09:30,PT5M
32,53,0,731,792,0,1012.7,83,2.5,41,SUNNY,25.4,9.7,2025-08-20T15:05:00+09:30,PT5M
32,54,0,718,778,0,1012.7,82,2.5,42,SUNNY,25.5,10,2025-08-20T15:10:00+09:30,PT5M
32,55,0,704,763,0,1012.6,81,2.4,43,SUNNY,25.7,10.2,2025-08-20T15:15:00+09:30,PT5M
32,56,0,689,748,0,1012.6,80,2.4,44,SUNNY,25.8,10.5,2025-08-20T15:20:00+09:30,PT5M
32,57,0,675,733,0,1012.5,79,2.4,45,SUNNY,25.9,10.8,2025-08-20T15:25:00+09:30,PT5M
32,58,0,659,717,0,1012.5,78,2.4,47,SUNNY,26.1,11,2025-08-20T15:30:00+09:30,PT5M
32,59,0,644,701,0,1012.5,77,2.4,48,SUNNY,26.2,11.3,2025-08-20T15:35:00+09:30,PT5M
32,60,0,628,684,0,1012.5,76,2.4,49,SUNNY,26.4,11.5,2025-08-20T15:40:00+09:30,PT5M
32,61,0,612,667,0,1012.4,76,2.4,50,SUNNY,26.5,11.8,2025-08-20T15:45:00+09:30,PT5M
32,62,0,595,650,0,1012.4,75,2.4,51,SUNNY,26.6,12.1,2025-08-20T15:50:00+09:30,PT5M
32,62,0,579,632,0,1012.4,74,2.4,52,SUNNY,26.8,12.3,2025-08-20T15:55:00+09:30,PT5M
32,63,0,561,614,0,1012.4,73,2.4,53,SUNNY,26.9,12.6,2025-08-20T16:00:00+09:30,PT5M
32,64,0,544,596,0,1012.4,72,2.4,54,SUNNY,27,12.7,2025-08-20T16:05:00+09:30,PT5M
32,64,0,527,578,0,1012.4,71,2.4,55,SUNNY,27,12.7,2025-08-20T16:10:00+09:30,PT5M
32,65,0,509,560,0,1012.3,71,2.4,56,SUNNY,27.1,12.7,2025-08-20T16:15:00+09:30,PT5M
32,66,0,491,541,0,1012.3,70,2.4,57,SUNNY,27.1,12.7,2025-08-20T16:20:00+09:30,PT5M
32,66,0,473,522,0,1012.3,69,2.4,58,SUNNY,27.2,12.7,2025-08-20T16:25:00+09:30,PT5M
32,67,0,455,503,0,1012.3,68,2.4,60,SUNNY,27.2,12.7,2025-08-20T16:30:00+09:30,PT5M
32,67,0,436,483,0,1012.3,68,2.4,61,SUNNY,27.2,12.8,2025-08-20T16:35:00+09:30,PT5M
31,68,0,418,464,0,1012.3,67,2.4,62,SUNNY,27.2,12.8,2025-08-20T16:40:00+09:30,PT5M
31,68,0,399,444,0,1012.3,67,2.3,63,SUNNY,27.3,12.8,2025-08-20T16:45:00+09:30,PT5M
31,69,0,380,424,0,1012.3,67,2.3,64,SUNNY,27.3,12.8,2025-08-20T16:50:00+09:30,PT5M
31,69,0,361,403,0,1012.4,66,2.3,65,SUNNY,27.4,12.8,2025-08-20T16:55:00+09:30,PT5M
31,70,0,341,383,0,1012.4,66,2.3,66,SUNNY,27.4,12.8,2025-08-20T17:00:00+09:30,PT5M
31,70,0,322,362,0,1012.4,65,2.3,67,SUNNY,27.4,12.8,2025-08-20T17:05:00+09:30,PT5M
31,71,0,302,341,0,1012.4,65,2.3,69,SUNNY,27.4,12.8,2025-08-20T17:10:00+09:30,PT5M
31,71,0,283,321,0,1012.4,65,2.3,70,SUNNY,27.5,12.8,2025-08-20T17:15:00+09:30,PT5M
31,71,0,263,300,0,1012.4,64,2.3,71,SUNNY,27.5,12.8,2025-08-20T17:20:00+09:30,PT5M
30,72,0,243,279,0,1012.5,64,2.3,72,SUNNY,27.6,12.8,2025-08-20T17:25:00+09:30,PT5M
30,72,0,224,257,0,1012.5,64,2.2,73,SUNNY,27.6,12.8,2025-08-20T17:30:00+09:30,PT5M
30,73,0,204,236,0,1012.5,63,2.2,74,SUNNY,27.6,12.7,2025-08-20T17:35:00+09:30,PT5M
30,73,0,185,215,0,1012.5,62,2.1,76,SUNNY,27.6,12.7,2025-08-20T17:40:00+09:30,PT5M
30,73,0,166,194,0,1012.6,61,2.1,77,SUNNY,27.7,12.7,2025-08-20T17:45:00+09:30,PT5M
30,74,0,147,174,0,1012.6,60,2,78,SUNNY,27.7,12.7,2025-08-20T17:50:00+09:30,PT5M
30,74,0,129,153,0,1012.7,60,2,79,SUNNY,27.8,12.7,2025-08-20T17:55:00+09:30,PT5M
30,74,0,111,133,0,1012.7,59,1.9,80,SUNNY,27.8,12.7,2025-08-20T18:00:00+09:30,PT5M
30,75,0,93,113,0,1012.8,57,1.9,81,SUNNY,27.8,12.7,2025-08-20T18:05:00+09:30,PT5M
30,75,0,77,94,0,1012.8,56,1.8,83,SUNNY,27.9,12.6,2025-08-20T18:10:00+09:30,PT5M
30,75,0,61,75,0,1012.8,55,1.7,84,SUNNY,27.9,12.6,2025-08-20T18:15:00+09:30,PT5M
30,76,0,46,58,0,1012.9,54,1.7,85,SUNNY,27.9,12.6,2025-08-20T18:20:00+09:30,PT5M
29,76,0,32,37,0,1012.9,52,1.6,86,SUNNY,28,12.5,2025-08-20T18:25:00+09:30,PT5M
29,76,0,20,22,0,1013,51,1.6,87,SUNNY,28,12.5,2025-08-20T18:30:00+09:30,PT5M
29,76,0,10,10,0,1013,50,1.5,89,SUNNY,28.1,12.4,2025-08-20T18:35:00+09:30,PT5M
29,77,0,1,1,0,1013.1,50,1.3,90,CLEAR,28.1,12.4,2025-08-20T18:40:00+09:30,PT5M
29,77,0,0,0,0,1013.2,50,1.2,91,CLEAR,28.2,12.3,2025-08-20T18:45:00+09:30,PT5M
29,77,0,0,0,0,1013.3,50,1.1,92,CLEAR,28.2,12.3,2025-08-20T18:50:00+09:30,PT5M
28,77,0,0,0,0,1013.4,50,0.9,93,CLEAR,28.2,12.3,2025-08-20T18:55:00+09:30,PT5M
28,78,0,0,0,0,1013.4,51,0.8,94,CLEAR,28.3,12.2,2025-08-20T19:00:00+09:30,PT5M
28,78,0,0,0,0,1013.5,51,0.6,96,CLEAR,28.3,12.2,2025-08-20T19:05:00+09:30,PT5M
28,78,0,0,0,0,1013.6,51,0.5,97,CLEAR,28.4,12.1,2025-08-20T19:10:00+09:30,PT5M
28,78,0,0,0,0,1013.7,52,0.4,98,CLEAR,28.4,12.1,2025-08-20T19:15:00+09:30,PT5M
27,79,0,0,0,0,1013.8,53,0.2,99,CLEAR,28.4,12,2025-08-20T19:20:00+09:30,PT5M
27,79,0,0,0,0,1013.9,59,0.1,100,CLEAR,28.5,12,2025-08-20T19:25:00+09:30,PT5M
27,79,0,0,0,0,1013.9,220,0.1,102,CLEAR,28.5,11.9,2025-08-20T19:30:00+09:30,PT5M
27,79,0,0,0,0,1014,225,0.2,103,CLEAR,28.6,11.9,2025-08-20T19:35:00+09:30,PT5M
27,80,8.2,0,0,0,1014,225,0.2,104,MOSTLY CLEAR,28.6,11.8,2025-08-20T19:40:00+09:30,PT5M
26,80,0,0,0,0,1014.1,225,0.3,105,CLEAR,28.7,11.8,2025-08-20T19:45:00+09:30,PT5M
26,80,0,0,0,0,1014.1,225,0.4,106,CLEAR,28.7,11.7,2025-08-20T19:50:00+09:30,PT5M
26,80,0,0,0,0,1014.1,225,0.5,108,CLEAR,28.7,11.7,2025-08-20T19:55:00+09:30,PT5M
26,80,0,0,0,0,1014.2,225,0.5,109,CLEAR,28.8,11.6,2025-08-20T20:00:00+09:30,PT5M
26,81,0,0,0,0,1014.2,225,0.6,110,CLEAR,28.8,11.6,2025-08-20T20:05:00+09:30,PT5M
25,81,0,0,0,0,1014.2,225,0.7,111,CLEAR,28.9,11.6,2025-08-20T20:10:00+09:30,PT5M
25,81,0,0,0,0,1014.3,225,0.7,112,CLEAR,28.9,11.5,2025-08-20T20:15:00+09:30,PT5M
25,81,0,0,0,0,1014.3,225,0.8,114,CLEAR,29,11.5,2025-08-20T20:20:00+09:30,PT5M
25,81,0,0,0,0,1014.3,225,0.9,115,CLEAR,29,11.5,2025-08-20T20:25:00+09:30,PT5M
25,82,8.2,0,0,0,1014.4,225,1,116,MOSTLY CLEAR,29.1,11.5,2025-08-20T20:30:00+09:30,PT5M
24,82,8.2,0,0,0,1014.4,225,1,117,MOSTLY CLEAR,29.1,11.4,2025-08-20T20:35:00+09:30,PT5M
24,82,8.2,0,0,0,1014.4,225,1.1,118,MOSTLY CLEAR,29.2,11.4,2025-08-20T20:40:00+09:30,PT5M
24,82,10.1,0,0,0,1014.5,225,1.1,120,PARTLY CLOUDY,29.2,11.4,2025-08-20T20:45:00+09:30,PT5M
24,82,10.1,0,0,0,1014.5,225,1.2,121,PARTLY CLOUDY,29.3,11.4,2025-08-20T20:50:00+09:30,PT5M
24,82,10.1,0,0,0,1014.5,225,1.3,122,PARTLY CLOUDY,29.3,11.3,2025-08-20T20:55:00+09:30,PT5M
24,83,8.2,0,0,0,1014.6,225,1.3,123,MOSTLY CLEAR,29.4,11.3,2025-08-20T21:00:00+09:30,PT5M
24,83,8.2,0,0,0,1014.6,225,1.4,125,MOSTLY CLEAR,29.4,11.3,2025-08-20T21:05:00+09:30,PT5M
24,83,8.2,0,0,0,1014.6,225,1.4,126,MOSTLY CLEAR,29.5,11.3,2025-08-20T21:10:00+09:30,PT5M
24,83,8.2,0,0,0,1014.7,225,1.5,127,MOSTLY CLEAR,29.5,11.3,2025-08-20T21:15:00+09:30,PT5M
24,83,8.2,0,0,0,1014.7,225,1.5,128,MOSTLY CLEAR,29.6,11.3,2025-08-20T21:20:00+09:30,PT5M
23,83,8.2,0,0,0,1014.7,225,1.6,129,MOSTLY CLEAR,29.6,11.3,2025-08-20T21:25:00+09:30,PT5M
23,84,0,0,0,0,1014.8,225,1.7,131,CLEAR,29.7,11.3,2025-08-20T21:30:00+09:30,PT5M
23,84,0,0,0,0,1014.8,225,1.7,132,CLEAR,29.7,11.2,2025-08-20T21:35:00+09:30,PT5M
23,84,0,0,0,0,1014.9,224,1.7,133,CLEAR,29.8,11.2,2025-08-20T21:40:00+09:30,PT5M
23,84,8.2,0,0,0,1014.9,224,1.7,134,MOSTLY CLEAR,29.8,11.2,2025-08-20T21:45:00+09:30,PT5M
23,84,8.2,0,0,0,1015,224,1.7,135,MOSTLY CLEAR,29.9,11.2,2025-08-20T21:50:00+09:30,PT5M
23,84,8.2,0,0,0,1015,223,1.7,137,MOSTLY CLEAR,29.9,11.2,2025-08-20T21:55:00+09:30,PT5M
22,85,8.2,0,0,0,1015.1,223,1.7,138,MOSTLY CLEAR,30,11.2,2025-08-20T22:00:00+09:30,PT5M
22,85,0,0,0,0,1015.1,222,1.7,139,CLEAR,30,11.2,2025-08-20T22:05:00+09:30,PT5M
22,85,0,0,0,0,1015.2,222,1.7,140,CLEAR,30.1,11.2,2025-08-20T22:10:00+09:30,PT5M
22,85,0,0,0,0,1015.2,222,1.7,142,CLEAR,30.1,11.2,2025-08-20T22:15:00+09:30,PT5M
22,85,8.2,0,0,0,1015.3,221,1.7,143,MOSTLY CLEAR,30.2,11.3,2025-08-20T22:20:00+09:30,PT5M
22,85,8.2,0,0,0,1015.3,221,1.7,144,MOSTLY CLEAR,30.2,11.3,2025-08-20T22:25:00+09:30,PT5M
22,85,0,0,0,0,1015.4,220,1.7,145,CLEAR,30.3,11.3,2025-08-20T22:30:00+09:30,PT5M
21,85,0,0,0,0,1015.4,220,1.7,146,CLEAR,30.3,11.3,2025-08-20T22:35:00+09:30,PT5M
21,86,0,0,0,0,1015.4,220,1.7,148,CLEAR,30.4,11.3,2025-08-20T22:40:00+09:30,PT5M
21,86,0,0,0,0,1015.5,220,1.7,149,CLEAR,30.4,11.3,2025-08-20T22:45:00+09:30,PT5M
21,86,0,0,0,0,1015.5,219,1.7,150,CLEAR,30.5,11.4,2025-08-20T22:50:00+09:30,PT5M
21,86,0,0,0,0,1015.5,219,1.7,151,CLEAR,30.5,11.4,2025-08-20T22:55:00+09:30,PT5M
21,86,0,0,0,0,1015.5,219,1.7,152,CLEAR,30.6,11.4,2025-08-20T23:00:00+09:30,PT5M
21,86,8.2,0,0,0,1015.6,219,1.7,154,MOSTLY CLEAR,30.6,11.4,2025-08-20T23:05:00+09:30,PT5M
21,86,10.1,0,0,0,1015.6,219,1.7,155,PARTLY CLOUDY,30.7,11.4,2025-08-20T23:10:00+09:30,PT5M
20,86,8.2,0,0,0,1015.6,218,1.7,156,MOSTLY CLEAR,30.7,11.4,2025-08-20T23:15:00+09:30,PT5M
20,86,8.2,0,0,0,1015.6,218,1.7,157,MOSTLY CLEAR,30.8,11.5,2025-08-20T23:20:00+09:30,PT5M
20,87,0,0,0,0,1015.7,218,1.6,159,CLEAR,30.8,11.5,2025-08-20T23:25:00+09:30,PT5M
20,87,0,0,0,0,1015.7,218,1.6,160,CLEAR,30.9,11.5,2025-08-20T23:30:00+09:30,PT5M
20,87,0,0,0,0,1015.7,217,1.6,161,CLEAR,30.9,11.5,2025-08-20T23:35:00+09:30,PT5M
20,87,0,0,0,0,1015.7,217,1.7,162,CLEAR,31,11.5,2025-08-20T23:40:00+09:30,PT5M
20,87,8.2,0,0,0,1015.7,216,1.7,163,MOSTLY CLEAR,31,11.5,2025-08-20T23:45:00+09:30,PT5M
20,87,8.2,0,0,0,1015.7,216,1.7,165,MOSTLY CLEAR,31.1,11.6,2025-08-20T23:50:00+09:30,PT5M
20,87,8.2,0,0,0,1015.7,215,1.7,166,MOSTLY CLEAR,31.1,11.6,2025-08-20T23:55:00+09:30,PT5M
20,87,8.2,0,0,0,1015.7,214,1.7,167,MOSTLY CLEAR,31.2,11.6,2025-08-21T00:00:00+09:30,PT5M
20,87,8.2,0,0,0,1015.7,214,1.7,168,MOSTLY CLEAR,31.2,11.6,2025-08-21T00:05:00+09:30,PT5M
20,87,8.2,0,0,0,1015.7,213,1.7,170,MOSTLY CLEAR,31.2,11.6,2025-08-21T00:10:00+09:30,PT5M
20,87,8.2,0,0,0,1015.7,213,1.7,171,MOSTLY CLEAR,31.3,11.6,2025-08-21T00:15:00+09:30,PT5M
20,86,8.2,0,0,0,1015.7,212,1.7,172,MOSTLY CLEAR,31.3,11.5,2025-08-21T00:20:00+09:30,PT5M
20,86,8.2,0,0,0,1015.7,212,1.7,173,MOSTLY CLEAR,31.3,11.5,2025-08-21T00:25:00+09:30,PT5M
20,86,8.2,0,0,0,1015.7,211,1.7,174,MOSTLY CLEAR,31.3,11.5,2025-08-21T00:30:00+09:30,PT5M
20,85,8.2,0,0,0,1015.7,211,1.8,176,MOSTLY CLEAR,31.4,11.5,2025-08-21T00:35:00+09:30,PT5M
19,83,8.2,0,0,0,1015.7,210,1.8,177,MOSTLY CLEAR,31.4,11.5,2025-08-21T00:40:00+09:30,PT5M
19,79,8.2,0,0,0,1015.7,209,1.8,178,MOSTLY CLEAR,31.4,11.5,2025-08-21T00:45:00+09:30,PT5M
19,63,0,0,0,0,1015.7,208,1.8,179,CLEAR,31.4,11.4,2025-08-21T00:50:00+09:30,PT5M
19,-55,0,0,0,0,1015.7,208,1.8,179,CLEAR,31.5,11.4,2025-08-21T00:55:00+09:30,PT5M
19,-78,8.2,0,0,0,1015.6,207,1.8,178,MOSTLY CLEAR,31.5,11.4,2025-08-21T01:00:00+09:30,PT5M
19,-83,0,0,0,0,1015.6,206,1.8,177,CLEAR,31.5,11.4,2025-08-21T01:05:00+09:30,PT5M
19,-85,0,0,0,0,1015.6,205,1.8,176,CLEAR,31.5,11.3,2025-08-21T01:10:00+09:30,PT5M
19,-86,0,0,0,0,1015.6,205,1.8,175,CLEAR,31.5,11.3,2025-08-21T01:15:00+09:30,PT5M
19,-86,8.2,0,0,0,1015.6,204,1.8,173,MOSTLY CLEAR,31.5,11.3,2025-08-21T01:20:00+09:30,PT5M
19,-87,0,0,0,0,1015.6,203,1.8,172,CLEAR,31.5,11.2,2025-08-21T01:25:00+09:30,PT5M
19,-87,0,0,0,0,1015.6,203,1.8,171,CLEAR,31.5,11.2,2025-08-21T01:30:00+09:30,PT5M
19,-87,0,0,0,0,1015.6,201,1.8,170,CLEAR,31.6,11.1,2025-08-21T01:35:00+09:30,PT5M
19,-87,0,0,0,0,1015.5,200,1.9,169,CLEAR,31.6,11.1,2025-08-21T01:40:00+09:30,PT5M
19,-87,0,0,0,0,1015.5,198,1.9,167,CLEAR,31.6,11,2025-08-21T01:45:00+09:30,PT5M
19,-87,0,0,0,0,1015.5,196,1.9,166,CLEAR,31.6,11,2025-08-21T01:50:00+09:30,PT5M
18,-87,0,0,0,0,1015.4,194,1.9,165,CLEAR,31.6,11,2025-08-21T01:55:00+09:30,PT5M
18,-87,0,0,0,0,1015.4,193,1.9,164,CLEAR,31.6,10.9,2025-08-21T02:00:00+09:30,PT5M
18,-87,0,0,0,0,1015.4,191,2,162,CLEAR,31.6,10.9,2025-08-21T02:05:00+09:30,PT5M
18,-87,8.2,0,0,0,1015.3,189,2,161,MOSTLY CLEAR,31.6,10.8,2025-08-21T02:10:00+09:30,PT5M
18,-87,8.2,0,0,0,1015.3,188,2,160,MOSTLY CLEAR,31.6,10.8,2025-08-21T02:15:00+09:30,PT5M
18,-87,8.2,0,0,0,1015.3,186,2,159,MOSTLY CLEAR,31.6,10.8,2025-08-21T02:20:00+09:30,PT5M
18,-87,8.2,0,0,0,1015.2,185,2.1,158,MOSTLY CLEAR,31.6,10.8,2025-08-21T02:25:00+09:30,PT5M
18,-86,8.2,0,0,0,1015.2,183,2.1,156,MOSTLY CLEAR,31.6,10.7,2025-08-21T02:30:00+09:30,PT5M
18,-86,8.2,0,0,0,1015.2,181,2.1,155,MOSTLY CLEAR,31.7,10.7,2025-08-21T02:35:00+09:30,PT5M
18,-86,8.2,0,0,0,1015.1,178,2.2,154,MOSTLY CLEAR,31.7,10.6,2025-08-21T02:40:00+09:30,PT5M
18,-86,8.2,0,0,0,1015.1,176,2.2,153,MOSTLY CLEAR,31.7,10.6,2025-08-21T02:45:00+09:30,PT5M
18,-86,0,0,0,0,1015.1,173,2.2,151,CLEAR,31.7,10.6,2025-08-21T02:50:00+09:30,PT5M
18,-86,8.2,0,0,0,1015,170,2.3,150,MOSTLY CLEAR,31.7,10.6,2025-08-21T02:55:00+09:30,PT5M
18,-86,0,0,0,0,1015,168,2.3,149,CLEAR,31.7,10.5,2025-08-21T03:00:00+09:30,PT5M
18,-86,0,0,0,0,1015,165,2.4,148,CLEAR,31.7,10.5,2025-08-21T03:05:00+09:30,PT5M
18,-86,0,0,0,0,1014.9,163,2.5,147,CLEAR,31.7,10.5,2025-08-21T03:10:00+09:30,PT5M
18,-85,0,0,0,0,1014.9,161,2.5,145,CLEAR,31.8,10.5,2025-08-21T03:15:00+09:30,PT5M
18,-85,0,0,0,0,1014.9,159,2.6,144,CLEAR,31.8,10.4,2025-08-21T03:20:00+09:30,PT5M
18,-85,0,0,0,0,1014.8,157,2.7,143,CLEAR,31.8,10.4,2025-08-21T03:25:00+09:30,PT5M
18,-85,0,0,0,0,1014.8,155,2.7,142,CLEAR,31.8,10.4,2025-08-21T03:30:00+09:30,PT5M
18,-85,8.2,0,0,0,1014.8,153,2.8,140,MOSTLY CLEAR,31.9,10.4,2025-08-21T03:35:00+09:30,PT5M
18,-85,8.2,0,0,0,1014.8,151,2.8,139,MOSTLY CLEAR,31.9,10.4,2025-08-21T03:40:00+09:30,PT5M
18,-85,0,0,0,0,1014.8,149,2.9,138,CLEAR,31.9,10.4,2025-08-21T03:45:00+09:30,PT5M
18,-85,0,0,0,0,1014.8,147,2.9,137,CLEAR,31.9,10.3,2025-08-21T03:50:00+09:30,PT5M
18,-84,8.2,0,0,0,1014.9,145,3,136,MOSTLY CLEAR,32,10.3,2025-08-21T03:55:00+09:30,PT5M
18,-84,10.1,0,0,0,1014.9,143,3.1,134,PARTLY CLOUDY,32,10.3,2025-08-21T04:00:00+09:30,PT5M
18,-84,10.1,0,0,0,1014.9,141,3.1,133,PARTLY CLOUDY,32,10.3,2025-08-21T04:05:00+09:30,PT5M
18,-84,10.1,0,0,0,1014.9,140,3.2,132,PARTLY CLOUDY,32.1,10.3,2025-08-21T04:10:00+09:30,PT5M
18,-84,8.2,0,0,0,1014.9,138,3.3,131,MOSTLY CLEAR,32.1,10.3,2025-08-21T04:15:00+09:30,PT5M
18,-84,8.2,0,0,0,1014.9,136,3.3,130,MOSTLY CLEAR,32.1,10.2,2025-08-21T04:20:00+09:30,PT5M
18,-83,8.2,0,0,0,1015,135,3.4,128,MOSTLY CLEAR,32.2,10.2,2025-08-21T04:25:00+09:30,PT5M
18,-83,8.2,0,0,0,1015,133,3.5,127,MOSTLY CLEAR,32.2,10.2,2025-08-21T04:30:00+09:30,PT5M
18,-83,8.2,0,0,0,1015,132,3.5,126,MOSTLY CLEAR,32.3,10.2,2025-08-21T04:35:00+09:30,PT5M
18,-83,8.2,0,0,0,1015,131,3.6,125,MOSTLY CLEAR,32.3,10.2,2025-08-21T04:40:00+09:30,PT5M
18,-83,8.2,0,0,0,1015,129,3.6,124,MOSTLY CLEAR,32.4,10.2,2025-08-21T04:45:00+09:30,PT5M
18,-83,8.2,0,0,0,1015,128,3.6,122,MOSTLY CLEAR,32.4,10.1,2025-08-21T04:50:00+09:30,PT5M
18,-82,8.2,0,0,0,1015,127,3.7,121,MOSTLY CLEAR,32.4,10.1,2025-08-21T04:55:00+09:30,PT5M
18,-82,8.2,0,0,0,1015,125,3.7,120,MOSTLY CLEAR,32.5,10.1,2025-08-21T05:00:00+09:30,PT5M
18,-82,8.2,0,0,0,1015,124,3.7,119,MOSTLY CLEAR,32.5,10.1,2025-08-21T05:05:00+09:30,PT5M
18,-82,8.2,0,0,0,1015.1,123,3.8,117,MOSTLY CLEAR,32.5,10.1,2025-08-21T05:10:00+09:30,PT5M
18,-82,8.2,0,0,0,1015.1,121,3.8,116,MOSTLY CLEAR,32.6,10.1,2025-08-21T05:15:00+09:30,PT5M
17,-82,10.1,0,0,0,1015.1,120,3.8,115,PARTLY CLOUDY,32.6,10.1,2025-08-21T05:20:00+09:30,PT5M
17,-81,8.2,0,0,0,1015.1,119,3.9,114,MOSTLY CLEAR,32.7,10.1,2025-08-21T05:25:00+09:30,PT5M
17,-81,8.2,0,0,0,1015.1,118,3.9,113,MOSTLY CLEAR,32.7,10.1,2025-08-21T05:30:00+09:30,PT5M
17,-81,8.2,0,0,0,1015.1,117,3.9,111,MOSTLY CLEAR,32.7,10,2025-08-21T05:35:00+09:30,PT5M
17,-81,8.2,0,0,0,1015.2,116,3.9,110,MOSTLY CLEAR,32.8,10,2025-08-21T05:40:00+09:30,PT5M
17,-81,8.2,0,0,0,1015.2,116,3.9,109,MOSTLY CLEAR,32.8,10,2025-08-21T05:45:00+09:30,PT5M
17,-80,8.2,0,0,0,1015.2,115,3.9,108,MOSTLY CLEAR,32.8,10,2025-08-21T05:50:00+09:30,PT5M
17,-80,8.2,0,0,0,1015.3,114,3.9,107,MOSTLY CLEAR,32.9,10,2025-08-21T05:55:00+09:30,PT5M
17,-80,8.2,0,0,0,1015.3,114,3.9,105,MOSTLY CLEAR,32.9,10,2025-08-21T06:00:00+09:30,PT5M
17,-80,8.2,0,0,0,1015.4,113,3.9,104,MOSTLY CLEAR,32.9,10,2025-08-21T06:05:00+09:30,PT5M
17,-80,8.2,0,0,0,1015.4,112,3.9,103,MOSTLY CLEAR,32.8,10,2025-08-21T06:10:00+09:30,PT5M
17,-79,10.1,0,0,0,1015.4,112,3.9,102,PARTLY CLOUDY,32.7,9.9,2025-08-21T06:15:00+09:30,PT5M
17,-79,10.1,0,0,0,1015.5,111,3.9,101,PARTLY CLOUDY,32.7,9.9,2025-08-21T06:20:00+09:30,PT5M
17,-79,10.1,0,0,0,1015.5,110,3.9,99,PARTLY CLOUDY,32.6,9.9,2025-08-21T06:25:00+09:30,PT5M
17,-79,10.1,0,0,0,1015.6,110,3.9,98,PARTLY CLOUDY,32.5,9.9,2025-08-21T06:30:00+09:30,PT5M
17,-78,0,0,0,0,1015.6,109,3.9,97,CLEAR,32.5,9.8,2025-08-21T06:35:00+09:30,PT5M
17,-78,0,0,0,0,1015.7,108,3.8,96,CLEAR,32.4,9.8,2025-08-21T06:40:00+09:30,PT5M
17,-78,8.2,0,0,0,1015.8,107,3.7,95,MOSTLY CLEAR,32.3,9.8,2025-08-21T06:45:00+09:30,PT5M
17,-78,0,0,0,0,1015.9,107,3.6,93,CLEAR,32.3,9.8,2025-08-21T06:50:00+09:30,PT5M
17,-77,0,0,0,0,1016,106,3.6,92,CLEAR,32.2,9.7,2025-08-21T06:55:00+09:30,PT5M
18,-77,8.2,0,0,0,1016,105,3.5,91,MOSTLY CLEAR,32.1,9.7,2025-08-21T07:00:00+09:30,PT5M
18,-77,14,1,1,0,1016.1,104,3.4,90,PARTLY CLOUDY,32,9.7,2025-08-21T07:05:00+09:30,PT5M
18,-77,23.2,7,7,0,1016.2,103,3.3,89,PARTLY CLOUDY,31.8,9.6,2025-08-21T07:10:00+09:30,PT5M
18,-76,15.9,17,17,0,1016.3,102,3.3,87,PARTLY CLOUDY,31.6,9.6,2025-08-21T07:15:00+09:30,PT5M
18,-76,0,32,38,0,1016.4,101,3.2,86,SUNNY,31.4,9.6,2025-08-21T07:20:00+09:30,PT5M
18,-76,0,46,59,0,1016.5,99,3.1,85,SUNNY,31.2,9.6,2025-08-21T07:25:00+09:30,PT5M
18,-75,0,62,78,0,1016.6,98,3.1,84,SUNNY,31,9.5,2025-08-21T07:30:00+09:30,PT5M
18,-75,0,78,97,0,1016.6,98,3,83,SUNNY,30.9,9.5,2025-08-21T07:35:00+09:30,PT5M
19,-75,0,95,117,0,1016.7,97,3,82,SUNNY,30.7,9.4,2025-08-21T07:40:00+09:30,PT5M
19,-75,0,113,137,0,1016.7,97,3,80,SUNNY,30.5,9.4,2025-08-21T07:45:00+09:30,PT5M
20,-74,0,131,157,0,1016.8,97,3,79,SUNNY,30.3,9.4,2025-08-21T07:50:00+09:30,PT5M
20,-74,0,149,178,0,1016.8,97,3,78,SUNNY,30.1,9.4,2025-08-21T07:55:00+09:30,PT5M
21,-74,0,168,199,0,1016.9,97,3,77,SUNNY,29.9,9.3,2025-08-21T08:00:00+09:30,PT5M
21,-73,0,187,219,0,1016.9,97,3,76,SUNNY,29.7,9.3,2025-08-21T08:05:00+09:30,PT5M
22,-73,0,206,240,0,1017,96,3,75,SUNNY,29.5,9.2,2025-08-21T08:10:00+09:30,PT5M
22,-72,0,226,261,0,1017,96,3,73,SUNNY,29.4,9.2,2025-08-21T08:15:00+09:30,PT5M
23,-72,0,245,282,0,1017.1,96,3,72,SUNNY,29.2,9.1,2025-08-21T08:20:00+09:30,PT5M
23,-72,0,265,303,0,1017.1,96,3,71,SUNNY,29,9.1,2025-08-21T08:25:00+09:30,PT5M
24,-71,0,284,324,0,1017.2,96,3,70,SUNNY,28.8,9,2025-08-21T08:30:00+09:30,PT5M
24,-71,0,304,344,0,1017.2,95,3,69,SUNNY,28.7,9,2025-08-21T08:35:00+09:30,PT5M
24,-70,0,323,365,0,1017.3,95,3,68,SUNNY,28.5,8.9,2025-08-21T08:40:00+09:30,PT5M
24,-70,0,342,385,0,1017.3,94,3,66,SUNNY,28.3,8.9,2025-08-21T08:45:00+09:30,PT5M
25,-70,0,361,405,0,1017.3,93,3,65,SUNNY,28.1,8.8,2025-08-21T08:50:00+09:30,PT5M
25,-69,0,380,426,0,1017.4,92,3,64,SUNNY,28,8.8,2025-08-21T08:55:00+09:30,PT5M
25,-69,0,399,445,0,1017.4,91,3,63,SUNNY,27.8,8.7,2025-08-21T09:00:00+09:30,PT5M
25,-68,0,418,465,0,1017.5,91,2.9,62,SUNNY,27.6,8.7,2025-08-21T09:05:00+09:30,PT5M
25,-68,0,437,485,0,1017.5,90,2.9,61,SUNNY,27.4,8.7,2025-08-21T09:10:00+09:30,PT5M
25,-67,0,455,504,0,1017.5,89,2.9,60,SUNNY,27.2,8.7,2025-08-21T09:15:00+09:30,PT5M
26,-66,0,473,523,0,1017.6,88,2.9,58,SUNNY,27,8.7,2025-08-21T09:20:00+09:30,PT5M
26,-66,0,491,542,0,1017.6,87,2.9,57,SUNNY,26.8,8.7,2025-08-21T09:25:00+09:30,PT5M
26,-65,0,509,560,0,1017.7,86,2.9,56,SUNNY,26.6,8.7,2025-08-21T09:30:00+09:30,PT5M
26,-65,0,527,579,0,1017.7,86,2.9,55,SUNNY,26.5,8.8,2025-08-21T09:35:00+09:30,PT5M
26,-64,0,544,597,0,1017.6,85,2.8,54,SUNNY,26.3,8.8,2025-08-21T09:40:00+09:30,PT5M
27,-63,0,561,615,0,1017.6,84,2.8,53,SUNNY,26.1,8.8,2025-08-21T09:45:00+09:30,PT5M
27,-63,0,578,632,0,1017.5,83,2.7,52,SUNNY,25.9,8.8,2025-08-21T09:50:00+09:30,PT5M
27,-62,0,594,649,0,1017.5,82,2.7,51,SUNNY,25.7,8.8,2025-08-21T09:55:00+09:30,PT5M
27,-61,0,610,666,0,1017.5,81,2.7,50,SUNNY,25.5,8.8,2025-08-21T10:00:00+09:30,PT5M
27,-60,0,626,682,0,1017.4,80,2.6,49,SUNNY,25.3,8.8,2025-08-21T10:05:00+09:30,PT5M
28,-60,0,641,698,0,1017.4,79,2.6,48,SUNNY,25.1,8.7,2025-08-21T10:10:00+09:30,PT5M
28,-59,0,656,713,0,1017.3,77,2.5,46,SUNNY,24.9,8.7,2025-08-21T10:15:00+09:30,PT5M
28,-58,0,671,728,0,1017.3,76,2.5,45,SUNNY,24.7,8.6,2025-08-21T10:20:00+09:30,PT5M
28,-57,0,685,743,0,1017.3,75,2.5,44,SUNNY,24.5,8.6,2025-08-21T10:25:00+09:30,PT5M
28,-56,0,699,757,0,1017.2,74,2.4,43,SUNNY,24.3,8.5,2025-08-21T10:30:00+09:30,PT5M
29,-55,0,712,771,0,1017.2,73,2.4,42,SUNNY,24.1,8.5,2025-08-21T10:35:00+09:30,PT5M
29,-54,0,725,785,0,1017.1,72,2.4,41,SUNNY,23.9,8.4,2025-08-21T10:40:00+09:30,PT5M
29,-53,0,738,798,0,1017,72,2.3,40,SUNNY,23.7,8.4,2025-08-21T10:45:00+09:30,PT5M
29,-52,0,750,811,0,1017,71,2.3,39,SUNNY,23.5,8.3,2025-08-21T10:50:00+09:30,PT5M
29,-50,0,762,823,0,1016.9,70,2.3,39,SUNNY,23.3,8.3,2025-08-21T10:55:00+09:30,PT5M
30,-49,0,773,835,0,1016.8,69,2.3,38,SUNNY,23.1,8.2,2025-08-21T11:00:00+09:30,PT5M
30,-48,0,784,846,0,1016.8,69,2.2,37,SUNNY,22.9,8.2,2025-08-21T11:05:00+09:30,PT5M
30,-46,0,795,857,0,1016.7,68,2.2,36,SUNNY,22.7,8.1,2025-08-21T11:10:00+09:30,PT5M
30,-45,0,805,867,0,1016.6,67,2.2,35,SUNNY,22.5,8.1,2025-08-21T11:15:00+09:30,PT5M
30,-43,0,814,877,0,1016.6,67,2.2,34,SUNNY,22.3,8,2025-08-21T11:20:00+09:30,PT5M
30,-42,0,823,887,0,1016.5,66,2.1,33,SUNNY,22.1,8,2025-08-21T11:25:00+09:30,PT5M
31,-40,0,832,896,0,1016.4,65,2.1,32,SUNNY,21.9,7.9,2025-08-21T11:30:00+09:30,PT5M
31,-38,0,840,904,0,1016.3,65,2.1,32,SUNNY,21.8,7.9,2025-08-21T11:35:00+09:30,PT5M
31,-36,0,848,912,0,1016.2,65,2,31,SUNNY,21.6,7.8,2025-08-21T11:40:00+09:30,PT5M
31,-34,0,855,920,0,1016.1,65,2,30,SUNNY,21.4,7.8,2025-08-21T11:45:00+09:30,PT5M
31,-32,0,862,926,0,1016,65,1.9,30,SUNNY,21.2,7.7,2025-08-21T11:50:00+09:30,PT5M
31,-30,0,868,933,0,1015.9,65,1.9,29,SUNNY,21,7.7,2025-08-21T11:55:00+09:30,PT5M
31,-28,0,874,939,0,1015.8,65,1.8,28,SUNNY,20.8,7.6,2025-08-21T12:00:00+09:30,PT5M
31,-26,0,879,944,0,1015.7,66,1.8,28,SUNNY,20.7,7.6,2025-08-21T12:05:00+09:30,PT5M
31,-23,0,884,949,0,1015.6,66,1.7,27,SUNNY,20.8,7.6,2025-08-21T12:10:00+09:30,PT5M
31,-21,0,888,954,0,1015.5,66,1.7,27,SUNNY,20.8,7.5,2025-08-21T12:15:00+09:30,PT5M
31,-18,0,892,957,0,1015.4,66,1.6,26,SUNNY,20.8,7.5,2025-08-21T12:20:00+09:30,PT5M
31,-16,0,895,961,0,1015.3,66,1.6,26,SUNNY,20.9,7.5,2025-08-21T12:25:00+09:30,PT5M
31,-13,0,898,964,0,1015.1,67,1.5,26,SUNNY,20.9,7.5,2025-08-21T12:30:00+09:30,PT5M
31,-10,0,900,966,0,1015,67,1.5,26,SUNNY,21,7.4,2025-08-21T12:35:00+09:30,PT5M
31,-7,0,902,968,0,1015,66,1.4,25,SUNNY,21,7.4,2025-08-21T12:40:00+09:30,PT5M
31,-4,0,903,969,0,1014.9,66,1.4,25,SUNNY,21.1,7.4,2025-08-21T12:45:00+09:30,PT5M
31,-2,0,903,970,0,1014.8,65,1.4,25,SUNNY,21.1,7.4,2025-08-21T12:50:00+09:30,PT5M
32,1,0,904,970,0,1014.7,64,1.3,25,SUNNY,21.1,7.3,2025-08-21T12:55:00+09:30,PT5M
32,4,0,903,969,0,1014.6,64,1.3,25,SUNNY,21.2,7.3,2025-08-21T13:00:00+09:30,PT5M
32,7,0,902,968,0,1014.5,63,1.2,25,SUNNY,21.3,7.3,2025-08-21T13:05:00+09:30,PT5M
32,10,0,901,967,0,1014.4,62,1.2,25,SUNNY,21.6,7.3,2025-08-21T13:10:00+09:30,PT5M
32,13,0,899,965,0,1014.3,62,1.1,26,SUNNY,21.9,7.3,2025-08-21T13:15:00+09:30,PT5M
32,15,0,897,962,0,1014.2,61,1.1,26,SUNNY,22.2,7.3,2025-08-21T13:20:00+09:30,PT5M
32,18,0,894,959,0,1014.1,60,1,26,SUNNY,22.5,7.3,2025-08-21T13:25:00+09:30,PT5M
32,21,0,890,956,0,1014,59,1,27,SUNNY,22.8,7.3,2025-08-21T13:30:00+09:30,PT5M
32,23,0,886,952,0,1013.9,57,0.9,27,SUNNY,23.1,7.2,2025-08-21T13:35:00+09:30,PT5M
32,25,0,882,947,0,1013.9,54,0.9,28,SUNNY,23.4,7.2,2025-08-21T13:40:00+09:30,PT5M
32,28,0,877,942,0,1013.8,51,0.9,28,SUNNY,23.7,7.2,2025-08-21T13:45:00+09:30,PT5M
32,30,0,871,936,0,1013.7,48,0.8,29,SUNNY,24,7.2,2025-08-21T13:50:00+09:30,PT5M
32,32,0,865,930,0,1013.6,45,0.8,29,SUNNY,24.3,7.2,2025-08-21T13:55:00+09:30,PT5M
32,34,0,859,923,0,1013.6,42,0.8,30,SUNNY,24.6,7.2,2025-08-21T14:00:00+09:30,PT5M
32,36,0,852,916,0,1013.5,38,0.8,31,SUNNY,24.8,7.2,2025-08-21T14:05:00+09:30,PT5M
32,38,0,844,908,0,1013.4,34,0.8,32,SUNNY,25.1,7.2,2025-08-21T14:10:00+09:30,PT5M
32,40,0,836,900,0,1013.3,30,0.7,32,SUNNY,25.4,7.2,2025-08-21T14:15:00+09:30,PT5M
32,42,0,828,891,0,1013.3,26,0.7,33,SUNNY,25.7,7.2,2025-08-21T14:20:00+09:30,PT5M
32,43,0,819,882,0,1013.2,22,0.7,34,SUNNY,26,7.2,2025-08-21T14:25:00+09:30,PT5M
32,45,0,809,872,0,1013.1,18,0.7,35,SUNNY,26.3,7.2,2025-08-21T14:30:00+09:30,PT5M
32,46,0,799,862,0,1013.1,15,0.7,36,SUNNY,26.6,7.2,2025-08-21T14:35:00+09:30,PT5M
32,48,0,789,851,0,1013,13,0.8,37,SUNNY,26.9,7.2,2025-08-21T14:40:00+09:30,PT5M
32,49,0,778,840,0,1013,12,0.8,37,SUNNY,27.2,7.2,2025-08-21T14:45:00+09:30,PT5M
32,50,0,767,828,0,1012.9,10,0.8,38,SUNNY,27.5,7.2,2025-08-21T14:50:00+09:30,PT5M
32,52,0,755,816,0,1012.9,9,0.8,39,SUNNY,27.8,7.2,2025-08-21T14:55:00+09:30,PT5M
32,53,0,743,803,0,1012.8,7,0.8,40,SUNNY,28.1,7.2,2025-08-21T15:00:00+09:30,PT5M
32,54,0,730,790,0,1012.8,6,0.9,41,SUNNY,28.3,7.3,2025-08-21T15:05:00+09:30,PT5M
32,55,0,717,776,0,1012.7,5,0.9,42,SUNNY,28.4,7.4,2025-08-21T15:10:00+09:30,PT5M
32,56,0,703,762,0,1012.7,4,0.9,43,SUNNY,28.5,7.6,2025-08-21T15:15:00+09:30,PT5M
32,57,0,689,748,0,1012.6,3,0.9,44,SUNNY,28.6,7.8,2025-08-21T15:20:00+09:30,PT5M
32,58,0,675,733,0,1012.6,1,1,45,SUNNY,28.7,8,2025-08-21T15:25:00+09:30,PT5M
32,59,0,660,717,0,1012.5,0,1,46,SUNNY,28.8,8.1,2025-08-21T15:30:00+09:30,PT5M
32,60,0,645,702,0,1012.5,360,1,47,SUNNY,28.9,8.3,2025-08-21T15:35:00+09:30,PT5M
32,60,0,630,685,0,1012.5,359,1.1,48,SUNNY,29,8.4,2025-08-21T15:40:00+09:30,PT5M
32,61,0,614,669,0,1012.5,358,1.1,50,SUNNY,29.1,8.6,2025-08-21T15:45:00+09:30,PT5M
32,62,0,598,652,0,1012.5,357,1.1,51,SUNNY,29.2,8.8,2025-08-21T15:50:00+09:30,PT5M
32,63,0,581,635,0,1012.4,356,1.2,52,SUNNY,29.3,8.9,2025-08-21T15:55:00+09:30,PT5M
32,63,0,564,617,0,1012.4,356,1.2,53,SUNNY,29.4,9.1,2025-08-21T16:00:00+09:30,PT5M
32,64,0,547,599,0,1012.4,355,1.2,54,SUNNY,29.5,9.2,2025-08-21T16:05:00+09:30,PT5M
32,65,0,530,581,0,1012.4,354,1.3,55,SUNNY,29.4,9.2,2025-08-21T16:10:00+09:30,PT5M
32,65,0,512,563,0,1012.4,354,1.3,56,SUNNY,29.3,9.2,2025-08-21T16:15:00+09:30,PT5M
32,66,0,495,545,0,1012.4,353,1.3,57,SUNNY,29.2,9.1,2025-08-21T16:20:00+09:30,PT5M
32,66,0,477,526,0,1012.4,353,1.4,58,SUNNY,29.2,9.1,2025-08-21T16:25:00+09:30,PT5M
32,67,0,458,507,0,1012.4,352,1.4,59,SUNNY,29.1,9.1,2025-08-21T16:30:00+09:30,PT5M
32,68,0,440,487,0,1012.4,352,1.4,61,SUNNY,29,9.1,2025-08-21T16:35:00+09:30,PT5M
32,68,0,421,468,0,1012.4,351,1.5,62,SUNNY,28.9,9.1,2025-08-21T16:40:00+09:30,PT5M
32,69,0,402,448,0,1012.4,351,1.5,63,SUNNY,28.9,9.1,2025-08-21T16:45:00+09:30,PT5M
32,69,0,383,428,0,1012.4,350,1.5,64,SUNNY,28.8,9,2025-08-21T16:50:00+09:30,PT5M
31,70,0,364,408,0,1012.5,350,1.6,65,SUNNY,28.7,9,2025-08-21T16:55:00+09:30,PT5M
31,70,0,345,387,0,1012.5,350,1.6,66,SUNNY,28.6,9,2025-08-21T17:00:00+09:30,PT5M
31,70,0,325,367,0,1012.5,349,1.6,67,SUNNY,28.6,9,2025-08-21T17:05:00+09:30,PT5M
31,71,0,306,346,0,1012.5,349,1.7,69,SUNNY,28.5,9,2025-08-21T17:10:00+09:30,PT5M
31,71,0,286,325,0,1012.5,349,1.7,70,SUNNY,28.4,9.1,2025-08-21T17:15:00+09:30,PT5M
31,72,0,266,304,0,1012.5,348,1.8,71,SUNNY,28.3,9.1,2025-08-21T17:20:00+09:30,PT5M
31,72,0,247,283,0,1012.6,348,1.8,72,SUNNY,28.3,9.1,2025-08-21T17:25:00+09:30,PT5M
30,73,0,227,262,0,1012.6,348,1.8,73,SUNNY,28.2,9.1,2025-08-21T17:30:00+09:30,PT5M
30,73,0,208,240,0,1012.6,347,1.9,74,SUNNY,28.1,9.2,2025-08-21T17:35:00+09:30,PT5M
30,73,0,188,219,0,1012.7,346,1.9,76,SUNNY,28,9.2,2025-08-21T17:40:00+09:30,PT5M
30,74,0,169,198,0,1012.7,345,1.9,77,SUNNY,28,9.2,2025-08-21T17:45:00+09:30,PT5M
30,74,0,150,177,0,1012.8,343,1.9,78,SUNNY,27.9,9.2,2025-08-21T17:50:00+09:30,PT5M
30,74,0,131,156,0,1012.8,342,1.9,79,SUNNY,27.8,9.3,2025-08-21T17:55:00+09:30,PT5M
30,75,0,113,136,0,1012.9,341,2,80,SUNNY,27.7,9.3,2025-08-21T18:00:00+09:30,PT5M
30,75,0,95,116,0,1012.9,340,2,81,SUNNY,27.7,9.3,2025-08-21T18:05:00+09:30,PT5M
30,75,0,78,96,0,1013,339,2,83,SUNNY,27.8,9.4,2025-08-21T18:10:00+09:30,PT5M
29,76,0,62,77,0,1013,338,2,84,SUNNY,27.8,9.4,2025-08-21T18:15:00+09:30,PT5M
29,76,0,47,59,0,1013.1,337,2,85,SUNNY,27.8,9.5,2025-08-21T18:20:00+09:30,PT5M
29,76,8.2,31,33,0,1013.1,336,2.1,86,MOSTLY SUNNY,27.9,9.6,2025-08-21T18:25:00+09:30,PT5M
29,76,12.1,18,18,0,1013.2,335,2.1,87,PARTLY CLOUDY,27.9,9.6,2025-08-21T18:30:00+09:30,PT5M
29,77,8.2,9,9,0,1013.2,333,2.1,88,MOSTLY SUNNY,28,9.7,2025-08-21T18:35:00+09:30,PT5M
29,77,0,2,2,0,1013.3,330,2.1,90,CLEAR,28,9.7,2025-08-21T18:40:00+09:30,PT5M
29,77,0,0,0,0,1013.3,326,2.1,91,CLEAR,28.1,9.8,2025-08-21T18:45:00+09:30,PT5M
28,78,0,0,0,0,1013.4,323,2.1,92,CLEAR,28.1,9.9,2025-08-21T18:50:00+09:30,PT5M
28,78,0,0,0,0,1013.5,320,2.1,93,CLEAR,28.1,9.9,2025-08-21T18:55:00+09:30,PT5M
28,78,10.1,0,0,0,1013.6,317,2.1,94,PARTLY CLOUDY,28.2,10,2025-08-21T19:00:00+09:30,PT5M
28,78,10.1,0,0,0,1013.6,313,2.1,96,PARTLY CLOUDY,28.3,10,2025-08-21T19:05:00+09:30,PT5M
27,79,14,0,0,0,1013.7,310,2.2,97,PARTLY CLOUDY,28.4,10.1,2025-08-21T19:10:00+09:30,PT5M
27,79,14,0,0,0,1013.8,307,2.2,98,PARTLY CLOUDY,28.6,10.1,2025-08-21T19:15:00+09:30,PT5M
27,79,14,0,0,0,1013.8,304,2.2,99,PARTLY CLOUDY,28.8,10.2,2025-08-21T19:20:00+09:30,PT5M
27,79,14,0,0,0,1013.9,302,2.3,100,PARTLY CLOUDY,28.9,10.2,2025-08-21T19:25:00+09:30,PT5M
26,80,12.1,0,0,0,1014,299,2.3,102,PARTLY CLOUDY,29.1,10.3,2025-08-21T19:30:00+09:30,PT5M
26,80,19.6,0,0,0,1014,297,2.4,103,PARTLY CLOUDY,29.2,10.3,2025-08-21T19:35:00+09:30,PT5M
26,80,21.4,0,0,0,1014,295,2.3,104,PARTLY CLOUDY,29.4,10.4,2025-08-21T19:40:00+09:30,PT5M
26,80,25,0,0,0,1014,293,2.3,105,PARTLY CLOUDY,29.5,10.4,2025-08-21T19:45:00+09:30,PT5M
26,80,26.8,0,0,0,1014.1,292,2.3,106,PARTLY CLOUDY,29.7,10.5,2025-08-21T19:50:00+09:30,PT5M
26,81,26.8,0,0,0,1014.1,290,2.2,108,PARTLY CLOUDY,29.9,10.5,2025-08-21T19:55:00+09:30,PT5M
25,81,28.5,0,0,0,1014.1,288,2.2,109,PARTLY CLOUDY,30,10.6,2025-08-21T20:00:00+09:30,PT5M
25,81,30.3,0,0,0,1014.1,286,2.2,110,PARTLY CLOUDY,30.2,10.6,2025-08-21T20:05:00+09:30,PT5M
25,81,30.3,0,0,0,1014.2,284,2.2,111,PARTLY CLOUDY,30.3,10.7,2025-08-21T20:10:00+09:30,PT5M
25,81,30.3,0,0,0,1014.2,282,2.2,112,PARTLY CLOUDY,30.5,10.7,2025-08-21T20:15:00+09:30,PT5M
25,82,32,0,0,0,1014.2,280,2.1,114,PARTLY CLOUDY,30.7,10.8,2025-08-21T20:20:00+09:30,PT5M
25,82,30.3,0,0,0,1014.2,278,2.1,115,PARTLY CLOUDY,30.8,10.8,2025-08-21T20:25:00+09:30,PT5M
25,82,28.5,0,0,0,1014.3,276,2.1,116,PARTLY CLOUDY,31,10.9,2025-08-21T20:30:00+09:30,PT5M
24,82,25,0,0,0,1014.3,274,2.1,117,PARTLY CLOUDY,31.1,10.9,2025-08-21T20:35:00+09:30,PT5M
24,82,19.6,0,0,0,1014.4,272,2.1,119,PARTLY CLOUDY,31.3,11,2025-08-21T20:40:00+09:30,PT5M
24,83,21.4,0,0,0,1014.4,269,2.1,120,PARTLY CLOUDY,31.4,11,2025-08-21T20:45:00+09:30,PT5M
24,83,23.2,0,0,0,1014.5,267,2.1,121,PARTLY CLOUDY,31.6,11.1,2025-08-21T20:50:00+09:30,PT5M
24,83,23.2,0,0,0,1014.5,264,2.1,122,PARTLY CLOUDY,31.8,11.1,2025-08-21T20:55:00+09:30,PT5M
24,83,26.8,0,0,0,1014.6,262,2.1,123,PARTLY CLOUDY,31.9,11.2,2025-08-21T21:00:00+09:30,PT5M
24,83,26.8,0,0,0,1014.6,259,2.1,125,PARTLY CLOUDY,32,11.2,2025-08-21T21:05:00+09:30,PT5M
24,83,28.5,0,0,0,1014.7,257,2.1,126,PARTLY CLOUDY,32.2,11.3,2025-08-21T21:10:00+09:30,PT5M
24,84,30.3,0,0,0,1014.7,254,2.1,127,PARTLY CLOUDY,32.2,11.3,2025-08-21T21:15:00+09:30,PT5M
24,84,40.1,0,0,0,1014.8,252,2.1,128,MOSTLY CLOUDY,32.4,11.3,2025-08-21T21:20:00+09:30,PT5M
24,84,62.6,0,0,0,1014.8,249,2.2,129,OVERCAST,32.4,11.4,2025-08-21T21:25:00+09:30,PT5M
24,84,72.8,0,0,0,1014.9,247,2.2,131,OVERCAST,32.6,11.4,2025-08-21T21:30:00+09:30,PT5M
24,84,67.4,0,0,0,1014.9,245,2.2,132,OVERCAST,32.6,11.4,2025-08-21T21:35:00+09:30,PT5M
24,84,63.8,0,0,0,1014.9,244,2.2,133,OVERCAST,32.8,11.4,2025-08-21T21:40:00+09:30,PT5M
24,85,76.8,0,0,0,1014.9,243,2.2,134,OVERCAST,32.8,11.5,2025-08-21T21:45:00+09:30,PT5M
24,85,78.6,0,0,0,1014.9,241,2.2,135,OVERCAST,33,11.5,2025-08-21T21:50:00+09:30,PT5M
24,85,73.8,0,0,0,1014.9,240,2.3,137,OVERCAST,33,11.5,2025-08-21T21:55:00+09:30,PT5M
24,85,71.8,0,0,0,1014.9,239,2.3,138,OVERCAST,33.2,11.6,2025-08-21T22:00:00+09:30,PT5M
24,85,69.6,0,0,0,1014.9,238,2.3,139,OVERCAST,33.2,11.6,2025-08-21T22:05:00+09:30,PT5M
23,85,70.7,0,0,0,1015,237,2.3,140,OVERCAST,33.2,11.6,2025-08-21T22:10:00+09:30,PT5M
23,85,71.8,0,0,0,1015,236,2.3,142,OVERCAST,33.3,11.7,2025-08-21T22:15:00+09:30,PT5M
23,86,72.8,0,0,0,1015,234,2.4,143,OVERCAST,33.3,11.7,2025-08-21T22:20:00+09:30,PT5M
23,86,72.8,0,0,0,1015,233,2.4,144,OVERCAST,33.4,11.7,2025-08-21T22:25:00+09:30,PT5M
23,86,70.7,0,0,0,1015,232,2.4,145,OVERCAST,33.4,11.7,2025-08-21T22:30:00+09:30,PT5M
23,86,69.6,0,0,0,1015,231,2.4,146,OVERCAST,33.4,11.8,2025-08-21T22:35:00+09:30,PT5M
23,86,68.5,0,0,0,1015,231,2.4,148,OVERCAST,33.4,11.8,2025-08-21T22:40:00+09:30,PT5M
23,86,69.6,0,0,0,1015,230,2.4,149,OVERCAST,33.5,11.8,2025-08-21T22:45:00+09:30,PT5M
23,86,70.7,0,0,0,1015,230,2.4,150,OVERCAST,33.5,11.8,2025-08-21T22:50:00+09:30,PT5M
23,87,72.8,0,0,0,1015.1,229,2.4,151,OVERCAST,33.6,11.9,2025-08-21T22:55:00+09:30,PT5M
23,87,75.8,0,0,0,1015.1,229,2.4,153,OVERCAST,33.6,11.9,2025-08-21T23:00:00+09:30,PT5M
22,87,74.8,0,0,0,1015.1,228,2.4,154,OVERCAST,33.6,11.9,2025-08-21T23:05:00+09:30,PT5M
22,87,70.7,0,0,0,1015.1,228,2.4,155,OVERCAST,33.7,11.9,2025-08-21T23:10:00+09:30,PT5M
22,87,68.5,0,0,0,1015.1,227,2.4,156,OVERCAST,33.7,11.9,2025-08-21T23:15:00+09:30,PT5M
22,87,67.4,0,0,0,1015.1,226,2.4,157,OVERCAST,33.7,12,2025-08-21T23:20:00+09:30,PT5M
22,87,70.7,0,0,0,1015.2,226,2.4,159,OVERCAST,33.8,12,2025-08-21T23:25:00+09:30,PT5M
22,88,69.6,0,0,0,1015.2,225,2.4,160,OVERCAST,33.8,12,2025-08-21T23:30:00+09:30,PT5M
22,88,63.8,0,0,0,1015.2,225,2.4,161,OVERCAST,33.9,12,2025-08-21T23:35:00+09:30,PT5M
22,88,65,0,0,0,1015.1,224,2.4,162,OVERCAST,33.9,12,2025-08-21T23:40:00+09:30,PT5M
22,88,58.8,0,0,0,1015.1,224,2.4,163,MOSTLY CLOUDY,34,12,2025-08-21T23:45:00+09:30,PT5M
22,88,54.8,0,0,0,1015.1,224,2.4,165,MOSTLY CLOUDY,34,12.1,2025-08-21T23:50:00+09:30,PT5M
22,88,56.2,0,0,0,1015,223,2.4,166,MOSTLY CLOUDY,34,12.1,2025-08-21T23:55:00+09:30,PT5M
22,88,56.2,0,0,0,1015,223,2.4,167,MOSTLY CLOUDY,34.1,12.1,2025-08-22T00:00:00+09:30,PT5M
21,88,56.2,0,0,0,1015,222,2.4,168,MOSTLY CLOUDY,34.1,12.1,2025-08-22T00:05:00+09:30,PT5M
21,89,58.8,0,0,0,1014.9,222,2.4,170,MOSTLY CLOUDY,34.1,12.1,2025-08-22T00:10:00+09:30,PT5M
21,89,56.2,0,0,0,1014.9,221,2.4,171,MOSTLY CLOUDY,34.1,12.1,2025-08-22T00:15:00+09:30,PT5M
21,89,61.4,0,0,0,1014.9,221,2.4,172,OVERCAST,34.2,12.2,2025-08-22T00:20:00+09:30,PT5M
21,89,58.8,0,0,0,1014.8,220,2.3,173,MOSTLY CLOUDY,34.2,12.2,2025-08-22T00:25:00+09:30,PT5M
21,89,56.2,0,0,0,1014.8,220,2.3,174,MOSTLY CLOUDY,34.2,12.2,2025-08-22T00:30:00+09:30,PT5M
21,89,52.1,0,0,0,1014.8,220,2.3,176,MOSTLY CLOUDY,34.2,12.2,2025-08-22T00:35:00+09:30,PT5M
21,89,46.3,0,0,0,1014.8,220,2.3,177,MOSTLY CLOUDY,34.2,12.2,2025-08-22T00:40:00+09:30,PT5M
21,89,43.3,0,0,0,1014.8,220,2.3,178,MOSTLY CLOUDY,34.2,12.2,2025-08-22T00:45:00+09:30,PT5M
21,87,41.7,0,0,0,1014.8,220,2.3,179,MOSTLY CLOUDY,34.3,12.3,2025-08-22T00:50:00+09:30,PT5M
21,-86,41.7,0,0,0,1014.7,220,2.3,179,MOSTLY CLOUDY,34.3,12.3,2025-08-22T00:55:00+09:30,PT5M
21,-89,41.7,0,0,0,1014.7,220,2.3,178,MOSTLY CLOUDY,34.3,12.3,2025-08-22T01:00:00+09:30,PT5M
21,-89,43.3,0,0,0,1014.7,220,2.3,177,MOSTLY CLOUDY,34.3,12.3,2025-08-22T01:05:00+09:30,PT5M
21,-89,41.7,0,0,0,1014.7,220,2.3,176,MOSTLY CLOUDY,34.3,12.3,2025-08-22T01:10:00+09:30,PT5M
21,-89,41.7,0,0,0,1014.7,220,2.3,175,MOSTLY CLOUDY,34.3,12.3,2025-08-22T01:15:00+09:30,PT5M
21,-89,40.1,0,0,0,1014.7,220,2.3,173,MOSTLY CLOUDY,34.3,12.3,2025-08-22T01:20:00+09:30,PT5M
21,-89,40.1,0,0,0,1014.7,220,2.3,172,MOSTLY CLOUDY,34.3,12.3,2025-08-22T01:25:00+09:30,PT5M
21,-89,40.1,0,0,0,1014.7,220,2.3,171,MOSTLY CLOUDY,34.3,12.3,2025-08-22T01:30:00+09:30,PT5M
21,-89,36.9,0,0,0,1014.7,220,2.3,170,MOSTLY CLOUDY,34.3,12.4,2025-08-22T01:35:00+09:30,PT5M
21,-89,35.3,0,0,0,1014.6,219,2.3,168,MOSTLY CLOUDY,34.3,12.4,2025-08-22T01:40:00+09:30,PT5M
21,-88,32,0,0,0,1014.6,219,2.3,167,PARTLY CLOUDY,34.3,12.4,2025-08-22T01:45:00+09:30,PT5M
20,-88,30.3,0,0,0,1014.5,218,2.3,166,PARTLY CLOUDY,34.3,12.4,2025-08-22T01:50:00+09:30,PT5M
20,-88,30.3,0,0,0,1014.5,218,2.3,165,PARTLY CLOUDY,34.3,12.4,2025-08-22T01:55:00+09:30,PT5M
20,-88,28.5,0,0,0,1014.5,217,2.3,164,PARTLY CLOUDY,34.3,12.4,2025-08-22T02:00:00+09:30,PT5M
20,-88,26.8,0,0,0,1014.4,217,2.2,162,PARTLY CLOUDY,34.3,12.4,2025-08-22T02:05:00+09:30,PT5M
20,-88,25,0,0,0,1014.4,216,2.2,161,PARTLY CLOUDY,34.3,12.4,2025-08-22T02:10:00+09:30,PT5M
20,-88,25,0,0,0,1014.3,216,2.2,160,PARTLY CLOUDY,34.3,12.4,2025-08-22T02:15:00+09:30,PT5M
20,-88,25,0,0,0,1014.3,215,2.2,159,PARTLY CLOUDY,34.3,12.4,2025-08-22T02:20:00+09:30,PT5M
20,-87,23.2,0,0,0,1014.2,215,2.2,157,PARTLY CLOUDY,34.3,12.4,2025-08-22T02:25:00+09:30,PT5M
20,-87,23.2,0,0,0,1014.2,214,2.2,156,PARTLY CLOUDY,34.3,12.4,2025-08-22T02:30:00+09:30,PT5M
20,-87,25,0,0,0,1014.2,213,2.2,155,PARTLY CLOUDY,34.3,12.3,2025-08-22T02:35:00+09:30,PT5M
20,-87,26.8,0,0,0,1014.1,212,2.2,154,PARTLY CLOUDY,34.3,12.3,2025-08-22T02:40:00+09:30,PT5M
20,-87,28.5,0,0,0,1014.1,212,2.2,153,PARTLY CLOUDY,34.3,12.3,2025-08-22T02:45:00+09:30,PT5M
20,-87,30.3,0,0,0,1014.1,211,2.2,151,PARTLY CLOUDY,34.3,12.3,2025-08-22T02:50:00+09:30,PT5M
20,-87,35.3,0,0,0,1014.1,210,2.2,150,MOSTLY CLOUDY,34.3,12.3,2025-08-22T02:55:00+09:30,PT5M
20,-86,38.5,0,0,0,1014,209,2.2,149,MOSTLY CLOUDY,34.3,12.3,2025-08-22T03:00:00+09:30,PT5M
20,-86,38.5,0,0,0,1014,209,2.2,148,MOSTLY CLOUDY,34.3,12.3,2025-08-22T03:05:00+09:30,PT5M
20,-86,38.5,0,0,0,1014,208,2.2,146,MOSTLY CLOUDY,34.3,12.3,2025-08-22T03:10:00+09:30,PT5M
20,-86,35.3,0,0,0,1014,207,2.2,145,MOSTLY CLOUDY,34.3,12.3,2025-08-22T03:15:00+09:30,PT5M
20,-86,36.9,0,0,0,1013.9,206,2.2,144,MOSTLY CLOUDY,34.2,12.3,2025-08-22T03:20:00+09:30,PT5M
20,-86,38.5,0,0,0,1013.9,205,2.2,143,MOSTLY CLOUDY,34.2,12.3,2025-08-22T03:25:00+09:30,PT5M
20,-86,38.5,0,0,0,1013.9,205,2.2,142,MOSTLY CLOUDY,34.2,12.3,2025-08-22T03:30:00+09:30,PT5M
20,-85,35.3,0,0,0,1013.9,204,2.2,140,MOSTLY CLOUDY,34.2,12.3,2025-08-22T03:35:00+09:30,PT5M
19,-85,32,0,0,0,1013.9,203,2.2,139,PARTLY CLOUDY,34.2,12.3,2025-08-22T03:40:00+09:30,PT5M
19,-85,30.3,0,0,0,1013.9,203,2.2,138,PARTLY CLOUDY,34.2,12.3,2025-08-22T03:45:00+09:30,PT5M
19,-85,26.8,0,0,0,1013.9,202,2.2,137,PARTLY CLOUDY,34.1,12.3,2025-08-22T03:50:00+09:30,PT5M
19,-85,25,0,0,0,1013.8,201,2.2,136,PARTLY CLOUDY,34.1,12.3,2025-08-22T03:55:00+09:30,PT5M
19,-85,25,0,0,0,1013.8,200,2.2,134,PARTLY CLOUDY,34.1,12.3,2025-08-22T04:00:00+09:30,PT5M
19,-85,26.8,0,0,0,1013.8,200,2.2,133,PARTLY CLOUDY,34.1,12.3,2025-08-22T04:05:00+09:30,PT5M
19,-84,26.8,0,0,0,1013.8,199,2.2,132,PARTLY CLOUDY,34,12.3,2025-08-22T04:10:00+09:30,PT5M
19,-84,26.8,0,0,0,1013.8,198,2.2,131,PARTLY CLOUDY,34,12.3,2025-08-22T04:15:00+09:30,PT5M
19,-84,26.8,0,0,0,1013.8,198,2.2,129,PARTLY CLOUDY,33.9,12.3,2025-08-22T04:20:00+09:30,PT5M
19,-84,26.8,0,0,0,1013.8,197,2.2,128,PARTLY CLOUDY,33.9,12.3,2025-08-22T04:25:00+09:30,PT5M
19,-84,28.5,0,0,0,1013.8,196,2.2,127,PARTLY CLOUDY,33.8,12.3,2025-08-22T04:30:00+09:30,PT5M
19,-84,30.3,0,0,0,1013.8,196,2.2,126,PARTLY CLOUDY,33.8,12.2,2025-08-22T04:35:00+09:30,PT5M
19,-83,33.6,0,0,0,1013.8,195,2.2,125,PARTLY CLOUDY,33.7,12.2,2025-08-22T04:40:00+09:30,PT5M
19,-83,32,0,0,0,1013.9,195,2.2,123,PARTLY CLOUDY,33.7,12.2,2025-08-22T04:45:00+09:30,PT5M
19,-83,33.6,0,0,0,1013.9,194,2.2,122,PARTLY CLOUDY,33.6,12.2,2025-08-22T04:50:00+09:30,PT5M
19,-83,32,0,0,0,1013.9,194,2.2,121,PARTLY CLOUDY,33.6,12.2,2025-08-22T04:55:00+09:30,PT5M
19,-83,30.3,0,0,0,1014,193,2.2,120,PARTLY CLOUDY,33.5,12.2,2025-08-22T05:00:00+09:30,PT5M
19,-82,28.5,0,0,0,1014,193,2.2,119,PARTLY CLOUDY,33.5,12.2,2025-08-22T05:05:00+09:30,PT5M
19,-82,25,0,0,0,1014,192,2.2,117,PARTLY CLOUDY,33.4,12.2,2025-08-22T05:10:00+09:30,PT5M
19,-82,25,0,0,0,1014.1,192,2.2,116,PARTLY CLOUDY,33.4,12.2,2025-08-22T05:15:00+09:30,PT5M
18,-82,26.8,0,0,0,1014.1,191,2.2,115,PARTLY CLOUDY,33.3,12.1,2025-08-22T05:20:00+09:30,PT5M
18,-82,26.8,0,0,0,1014.1,191,2.2,114,PARTLY CLOUDY,33.2,12.1,2025-08-22T05:25:00+09:30,PT5M
18,-82,28.5,0,0,0,1014.2,191,2.2,113,PARTLY CLOUDY,33.2,12.1,2025-08-22T05:30:00+09:30,PT5M
18,-81,32,0,0,0,1014.2,190,2.2,111,PARTLY CLOUDY,33.1,12.1,2025-08-22T05:35:00+09:30,PT5M
18,-81,32,0,0,0,1014.2,189,2.2,110,PARTLY CLOUDY,33.1,12.1,2025-08-22T05:40:00+09:30,PT5M
18,-81,30.3,0,0,0,1014.3,188,2.2,109,PARTLY CLOUDY,33,12.1,2025-08-22T05:45:00+09:30,PT5M
18,-81,26.8,0,0,0,1014.3,187,2.2,108,PARTLY CLOUDY,32.9,12,2025-08-22T05:50:00+09:30,PT5M
18,-81,32,0,0,0,1014.4,186,2.2,106,PARTLY CLOUDY,32.9,12,2025-08-22T05:55:00+09:30,PT5M
18,-80,32,0,0,0,1014.4,185,2.2,105,PARTLY CLOUDY,32.8,12,2025-08-22T06:00:00+09:30,PT5M
18,-80,38.5,0,0,0,1014.5,183,2.1,104,MOSTLY CLOUDY,32.8,12,2025-08-22T06:05:00+09:30,PT5M
18,-80,44.8,0,0,0,1014.5,182,2.1,103,MOSTLY CLOUDY,32.8,12,2025-08-22T06:10:00+09:30,PT5M
18,-80,44.8,0,0,0,1014.5,181,2.1,102,MOSTLY CLOUDY,32.8,12,2025-08-22T06:15:00+09:30,PT5M
18,-79,46.3,0,0,0,1014.6,180,2.1,100,MOSTLY CLOUDY,32.9,12,2025-08-22T06:20:00+09:30,PT5M
18,-79,50.7,0,0,0,1014.6,179,2.1,99,MOSTLY CLOUDY,32.9,12,2025-08-22T06:25:00+09:30,PT5M
18,-79,54.8,0,0,0,1014.7,178,2.1,98,MOSTLY CLOUDY,32.9,12,2025-08-22T06:30:00+09:30,PT5M
18,-79,63.8,0,0,0,1014.7,176,2.1,97,OVERCAST,32.9,11.9,2025-08-22T06:35:00+09:30,PT5M
18,-79,95.1,0,0,0,1014.8,173,2,96,OVERCAST,32.9,11.9,2025-08-22T06:40:00+09:30,PT5M
18,-78,72.8,0,0,0,1014.8,171,2,94,OVERCAST,32.9,11.9,2025-08-22T06:45:00+09:30,PT5M
18,-78,63.8,0,0,0,1014.9,168,2,93,OVERCAST,33,11.9,2025-08-22T06:50:00+09:30,PT5M
18,-78,63.8,0,0,0,1015,165,1.9,92,OVERCAST,33,11.9,2025-08-22T06:55:00+09:30,PT5M
18,-77,63.8,0,0,0,1015,162,1.9,91,OVERCAST,33,11.9,2025-08-22T07:00:00+09:30,PT5M
18,-77,62.6,1,1,0,1015.1,159,1.9,90,OVERCAST,33,11.9,2025-08-22T07:05:00+09:30,PT5M
18,-77,61.4,4,4,0,1015.1,155,1.9,89,OVERCAST,33.1,11.9,2025-08-22T07:10:00+09:30,PT5M
18,-77,47.8,11,10,0,1015.2,152,1.9,87,MOSTLY CLOUDY,33.2,11.8,2025-08-22T07:15:00+09:30,PT5M
18,-76,32,22,22,0,1015.2,149,1.9,86,PARTLY CLOUDY,33.2,11.8,2025-08-22T07:20:00+09:30,PT5M
18,-76,28.5,33,32,0,1015.3,146,1.9,85,PARTLY CLOUDY,33.3,11.8,2025-08-22T07:25:00+09:30,PT5M
18,-76,19.6,48,49,0,1015.4,143,1.9,84,PARTLY CLOUDY,33.4,11.8,2025-08-22T07:30:00+09:30,PT5M
18,-75,15.9,64,69,0,1015.4,141,1.9,83,PARTLY CLOUDY,33.4,11.7,2025-08-22T07:35:00+09:30,PT5M
19,-75,18.7,75,80,0,1015.5,141,1.8,81,PARTLY CLOUDY,33.5,11.7,2025-08-22T07:40:00+09:30,PT5M
19,-75,19.4,89,94,0,1015.6,140,1.8,80,PARTLY CLOUDY,33.6,11.7,2025-08-22T07:45:00+09:30,PT5M
20,-75,15.1,109,119,0,1015.7,140,1.7,79,PARTLY CLOUDY,33.6,11.7,2025-08-22T07:50:00+09:30,PT5M
20,-74,12.8,128,142,0,1015.7,140,1.7,78,PARTLY CLOUDY,33.7,11.6,2025-08-22T07:55:00+09:30,PT5M
21,-74,17.5,136,147,0,1015.8,139,1.6,77,PARTLY CLOUDY,33.8,11.6,2025-08-22T08:00:00+09:30,PT5M
21,-73,15.1,156,171,0,1015.9,139,1.6,76,PARTLY CLOUDY,33.8,11.6,2025-08-22T08:05:00+09:30,PT5M
22,-73,13.2,176,194,0,1016,138,1.5,74,PARTLY CLOUDY,33.9,11.5,2025-08-22T08:10:00+09:30,PT5M
22,-73,11.7,196,217,0,1016,137,1.5,73,PARTLY CLOUDY,34,11.5,2025-08-22T08:15:00+09:30,PT5M
23,-72,10.2,217,240,0,1016.1,137,1.4,72,PARTLY CLOUDY,34,11.5,2025-08-22T08:20:00+09:30,PT5M
23,-72,8.7,238,264,0,1016.2,136,1.4,71,MOSTLY SUNNY,34.1,11.4,2025-08-22T08:25:00+09:30,PT5M
24,-72,8.5,256,283,0,1016.3,135,1.3,70,MOSTLY SUNNY,34.2,11.4,2025-08-22T08:30:00+09:30,PT5M
24,-71,8.3,274,303,0,1016.3,134,1.3,69,MOSTLY SUNNY,34.2,11.3,2025-08-22T08:35:00+09:30,PT5M
24,-71,8,292,322,0,1016.3,133,1.2,67,MOSTLY SUNNY,34.3,11.3,2025-08-22T08:40:00+09:30,PT5M
24,-70,9,306,336,0,1016.4,132,1.2,66,MOSTLY SUNNY,34.4,11.2,2025-08-22T08:45:00+09:30,PT5M
24,-70,8.7,324,356,0,1016.4,131,1.2,65,MOSTLY SUNNY,34.4,11.2,2025-08-22T08:50:00+09:30,PT5M
25,-69,7.8,345,378,0,1016.4,130,1.1,64,MOSTLY SUNNY,34.5,11.2,2025-08-22T08:55:00+09:30,PT5M
25,-69,6.7,366,402,0,1016.4,128,1.1,63,MOSTLY SUNNY,34.6,11.1,2025-08-22T09:00:00+09:30,PT5M
25,-68,7,382,418,0,1016.5,127,1.1,62,MOSTLY SUNNY,34.6,11.1,2025-08-22T09:05:00+09:30,PT5M
25,-68,7.4,397,434,0,1016.5,125,1,61,MOSTLY SUNNY,34.5,11.2,2025-08-22T09:10:00+09:30,PT5M
25,-67,3.7,431,472,0,1016.5,123,1,59,MOSTLY SUNNY,34.4,11.2,2025-08-22T09:15:00+09:30,PT5M
25,-67,2.6,452,496,0,1016.5,122,1,58,MOSTLY SUNNY,34.4,11.3,2025-08-22T09:20:00+09:30,PT5M
26,-66,0,482,529,0,1016.6,120,0.9,57,SUNNY,34.3,11.3,2025-08-22T09:25:00+09:30,PT5M
26,-66,0,499,547,0,1016.6,118,0.9,56,SUNNY,34.2,11.4,2025-08-22T09:30:00+09:30,PT5M
26,-65,0,517,566,0,1016.6,115,0.9,55,SUNNY,34.2,11.4,2025-08-22T09:35:00+09:30,PT5M
26,-64,0,534,583,0,1016.6,112,0.8,54,SUNNY,34.1,11.5,2025-08-22T09:40:00+09:30,PT5M
26,-64,0,550,600,0,1016.6,108,0.8,53,SUNNY,34,11.5,2025-08-22T09:45:00+09:30,PT5M
27,-63,0,566,617,0,1016.7,104,0.7,52,SUNNY,34,11.6,2025-08-22T09:50:00+09:30,PT5M
27,-62,0,582,633,0,1016.7,99,0.7,51,SUNNY,33.9,11.6,2025-08-22T09:55:00+09:30,PT5M
27,-61,3,579,628,0,1016.7,93,0.6,49,MOSTLY SUNNY,33.8,11.7,2025-08-22T10:00:00+09:30,PT5M
27,-61,0,612,665,0,1016.7,87,0.6,48,SUNNY,33.7,11.7,2025-08-22T10:05:00+09:30,PT5M
28,-60,0,627,680,0,1016.7,80,0.6,47,SUNNY,33.5,11.6,2025-08-22T10:10:00+09:30,PT5M
28,-59,0,642,696,0,1016.7,72,0.5,46,SUNNY,33.3,11.5,2025-08-22T10:15:00+09:30,PT5M
28,-58,0,656,710,0,1016.8,64,0.5,45,SUNNY,33.2,11.5,2025-08-22T10:20:00+09:30,PT5M
28,-57,0,670,725,0,1016.8,56,0.5,44,SUNNY,33,11.4,2025-08-22T10:25:00+09:30,PT5M
29,-56,0,683,739,0,1016.8,49,0.6,43,SUNNY,32.8,11.3,2025-08-22T10:30:00+09:30,PT5M
29,-55,0,696,752,0,1016.8,42,0.6,42,SUNNY,32.6,11.3,2025-08-22T10:35:00+09:30,PT5M
29,-54,0,709,766,0,1016.7,36,0.6,41,SUNNY,32.4,11.2,2025-08-22T10:40:00+09:30,PT5M
29,-53,0,722,779,0,1016.6,30,0.6,40,SUNNY,32.2,11.1,2025-08-22T10:45:00+09:30,PT5M
30,-52,0,734,791,0,1016.5,24,0.6,39,SUNNY,32.1,11.1,2025-08-22T10:50:00+09:30,PT5M
30,-51,0,745,803,0,1016.5,18,0.6,38,SUNNY,31.9,11,2025-08-22T10:55:00+09:30,PT5M
30,-49,0,756,815,0,1016.4,12,0.6,37,SUNNY,31.7,10.9,2025-08-22T11:00:00+09:30,PT5M
30,-48,0,767,826,0,1016.3,7,0.6,36,SUNNY,31.5,10.9,2025-08-22T11:05:00+09:30,PT5M
31,-47,0,777,836,0,1016.2,2,0.7,36,SUNNY,31.3,10.8,2025-08-22T11:10:00+09:30,PT5M
31,-45,0,787,846,0,1016.2,358,0.7,35,SUNNY,31.1,10.7,2025-08-22T11:15:00+09:30,PT5M
31,-44,0,796,856,0,1016.1,354,0.7,34,SUNNY,30.9,10.6,2025-08-22T11:20:00+09:30,PT5M
31,-42,0,805,865,0,1016,351,0.8,33,SUNNY,30.7,10.6,2025-08-22T11:25:00+09:30,PT5M
32,-40,0,813,873,0,1015.9,347,0.8,32,SUNNY,30.5,10.5,2025-08-22T11:30:00+09:30,PT5M
32,-38,0,821,881,0,1015.8,346,0.8,31,SUNNY,30.4,10.4,2025-08-22T11:35:00+09:30,PT5M
32,-37,0,828,889,0,1015.8,346,0.8,31,SUNNY,30.2,10.3,2025-08-22T11:40:00+09:30,PT5M
32,-35,0,835,896,0,1015.7,346,0.8,30,SUNNY,30,10.3,2025-08-22T11:45:00+09:30,PT5M
32,-33,0,842,903,0,1015.6,347,0.7,29,SUNNY,29.8,10.2,2025-08-22T11:50:00+09:30,PT5M
32,-30,0,848,909,0,1015.5,347,0.7,29,SUNNY,29.6,10.1,2025-08-22T11:55:00+09:30,PT5M
32,-28,0,853,915,0,1015.4,347,0.7,28,SUNNY,29.4,10,2025-08-22T12:00:00+09:30,PT5M
32,-26,0,858,920,0,1015.3,347,0.7,27,SUNNY,29.3,10,2025-08-22T12:05:00+09:30,PT5M
32,-23,0,863,925,0,1015.3,347,0.6,27,SUNNY,29.2,9.9,2025-08-22T12:10:00+09:30,PT5M
32,-21,0,867,929,0,1015.2,348,0.6,26,SUNNY,29.1,9.9,2025-08-22T12:15:00+09:30,PT5M
33,-18,0,870,932,0,1015.1,348,0.6,26,SUNNY,29,9.8,2025-08-22T12:20:00+09:30,PT5M
33,-16,0,873,935,0,1015,348,0.5,26,SUNNY,28.9,9.8,2025-08-22T12:25:00+09:30,PT5M
33,-13,0,876,938,0,1014.9,349,0.5,25,SUNNY,28.8,9.7,2025-08-22T12:30:00+09:30,PT5M
33,-10,0,877,940,0,1014.8,350,0.5,25,SUNNY,28.7,9.7,2025-08-22T12:35:00+09:30,PT5M
33,-7,0,879,941,0,1014.7,351,0.5,25,SUNNY,28.6,9.6,2025-08-22T12:40:00+09:30,PT5M
33,-4,0,880,942,0,1014.6,353,0.5,25,SUNNY,28.5,9.6,2025-08-22T12:45:00+09:30,PT5M
33,-1,0,880,942,0,1014.4,355,0.5,25,SUNNY,28.4,9.5,2025-08-22T12:50:00+09:30,PT5M
33,2,0,880,942,0,1014.3,357,0.5,25,SUNNY,28.3,9.5,2025-08-22T12:55:00+09:30,PT5M
33,4,0,879,941,0,1014.2,359,0.5,25,SUNNY,28.2,9.4,2025-08-22T13:00:00+09:30,PT5M
33,7,0,878,940,0,1014.1,1,0.5,25,SUNNY,28.2,9.4,2025-08-22T13:05:00+09:30,PT5M
33,10,0,876,938,0,1013.9,3,0.5,25,SUNNY,28.2,9.3,2025-08-22T13:10:00+09:30,PT5M
33,13,0,874,936,0,1013.8,5,0.5,25,SUNNY,28.2,9.3,2025-08-22T13:15:00+09:30,PT5M
33,16,0,872,933,0,1013.7,7,0.5,26,SUNNY,28.1,9.3,2025-08-22T13:20:00+09:30,PT5M
33,18,0,868,930,0,1013.6,9,0.5,26,SUNNY,28.1,9.2,2025-08-22T13:25:00+09:30,PT5M
33,21,0,865,926,0,1013.4,10,0.5,26,SUNNY,28.1,9.2,2025-08-22T13:30:00+09:30,PT5M
33,23,0,861,922,0,1013.3,11,0.5,27,SUNNY,28.1,9.1,2025-08-22T13:35:00+09:30,PT5M
33,26,0,856,917,0,1013.2,9,0.6,27,SUNNY,28.1,9.1,2025-08-22T13:40:00+09:30,PT5M
33,28,0,851,912,0,1013.1,8,0.6,28,SUNNY,28.1,9,2025-08-22T13:45:00+09:30,PT5M
33,30,0,845,906,0,1013,7,0.6,29,SUNNY,28,9,2025-08-22T13:50:00+09:30,PT5M
33,33,0,839,900,0,1012.9,5,0.7,29,SUNNY,28,9,2025-08-22T13:55:00+09:30,PT5M
33,35,0,833,893,0,1012.8,5,0.7,30,SUNNY,28,8.9,2025-08-22T14:00:00+09:30,PT5M
34,37,0,825,886,0,1012.7,4,0.7,31,SUNNY,28,8.9,2025-08-22T14:05:00+09:30,PT5M
34,39,0,818,878,0,1012.6,3,0.8,31,SUNNY,28,8.9,2025-08-22T14:10:00+09:30,PT5M
34,40,0,810,870,0,1012.5,2,0.8,32,SUNNY,28,8.8,2025-08-22T14:15:00+09:30,PT5M
34,42,0,801,861,0,1012.4,1,0.8,33,SUNNY,28,8.8,2025-08-22T14:20:00+09:30,PT5M
34,44,0,792,851,0,1012.3,1,0.9,34,SUNNY,28,8.8,2025-08-22T14:25:00+09:30,PT5M
34,45,0,783,842,0,1012.2,0,0.9,35,SUNNY,28,8.8,2025-08-22T14:30:00+09:30,PT5M
34,47,0,773,831,0,1012.1,358,0.9,36,SUNNY,27.9,8.7,2025-08-22T14:35:00+09:30,PT5M
34,48,0,763,821,0,1012.1,354,1,36,SUNNY,27.9,8.7,2025-08-22T14:40:00+09:30,PT5M
34,49,0,752,810,0,1012,350,1,37,SUNNY,27.9,8.7,2025-08-22T14:45:00+09:30,PT5M
34,51,0,741,798,0,1011.9,347,1,38,SUNNY,27.9,8.7,2025-08-22T14:50:00+09:30,PT5M
34,52,0,729,786,0,1011.9,344,1.1,39,SUNNY,27.9,8.6,2025-08-22T14:55:00+09:30,PT5M
34,53,0,717,774,0,1011.8,341,1.1,40,SUNNY,27.9,8.6,2025-08-22T15:00:00+09:30,PT5M
34,54,0,705,761,0,1011.7,339,1.2,41,SUNNY,27.9,8.7,2025-08-22T15:05:00+09:30,PT5M
34,55,0,692,747,0,1011.7,337,1.3,42,SUNNY,27.9,8.8,2025-08-22T15:10:00+09:30,PT5M
34,56,0,678,733,0,1011.6,334,1.3,43,SUNNY,27.9,9,2025-08-22T15:15:00+09:30,PT5M
34,57,0,664,718,0,1011.5,333,1.4,44,SUNNY,27.9,9.2,2025-08-22T15:20:00+09:30,PT5M
34,58,0,650,704,0,1011.5,331,1.4,45,SUNNY,27.9,9.3,2025-08-22T15:25:00+09:30,PT5M
34,59,0,636,688,0,1011.4,329,1.5,46,SUNNY,27.9,9.5,2025-08-22T15:30:00+09:30,PT5M
34,60,0,621,673,0,1011.4,327,1.6,47,SUNNY,27.9,9.6,2025-08-22T15:35:00+09:30,PT5M
33,61,0,605,657,0,1011.4,325,1.6,48,SUNNY,27.9,9.8,2025-08-22T15:40:00+09:30,PT5M
33,62,0,590,640,0,1011.4,323,1.7,49,SUNNY,27.9,9.9,2025-08-22T15:45:00+09:30,PT5M
33,62,0,574,624,0,1011.3,321,1.7,51,SUNNY,27.9,10.1,2025-08-22T15:50:00+09:30,PT5M
33,63,0,557,607,0,1011.3,319,1.8,52,SUNNY,27.9,10.3,2025-08-22T15:55:00+09:30,PT5M
33,64,0,541,589,0,1011.3,318,1.9,53,SUNNY,27.9,10.4,2025-08-22T16:00:00+09:30,PT5M
33,64,0,524,572,0,1011.3,316,1.9,54,SUNNY,27.9,10.5,2025-08-22T16:05:00+09:30,PT5M
33,65,0,507,554,0,1011.3,315,2,55,SUNNY,27.9,10.5,2025-08-22T16:10:00+09:30,PT5M
33,66,0,490,536,0,1011.3,314,2.1,56,SUNNY,27.9,10.5,2025-08-22T16:15:00+09:30,PT5M
33,66,0,473,518,0,1011.3,312,2.2,57,SUNNY,27.9,10.5,2025-08-22T16:20:00+09:30,PT5M
33,67,0,455,500,0,1011.3,311,2.2,58,SUNNY,27.9,10.5,2025-08-22T16:25:00+09:30,PT5M
33,67,0,437,481,0,1011.3,310,2.3,59,SUNNY,27.9,10.5,2025-08-22T16:30:00+09:30,PT5M
33,68,1.9,411,452,0,1011.3,309,2.4,60,MOSTLY SUNNY,27.9,10.4,2025-08-22T16:35:00+09:30,PT5M
33,68,8.3,368,400,0,1011.3,307,2.4,62,MOSTLY SUNNY,27.9,10.4,2025-08-22T16:40:00+09:30,PT5M
33,69,14.2,329,352,0,1011.3,306,2.5,63,PARTLY CLOUDY,27.9,10.4,2025-08-22T16:45:00+09:30,PT5M
32,69,14.9,310,332,0,1011.4,304,2.5,64,PARTLY CLOUDY,27.9,10.4,2025-08-22T16:50:00+09:30,PT5M
32,70,14.4,296,318,0,1011.4,303,2.6,65,PARTLY CLOUDY,27.9,10.4,2025-08-22T16:55:00+09:30,PT5M
32,70,14.7,279,299,0,1011.4,301,2.6,66,PARTLY CLOUDY,27.9,10.4,2025-08-22T17:00:00+09:30,PT5M
32,71,11.6,272,296,0,1011.4,300,2.7,67,PARTLY CLOUDY,27.9,10.4,2025-08-22T17:05:00+09:30,PT5M
32,71,9.5,262,287,0,1011.5,298,2.8,69,MOSTLY SUNNY,27.9,10.4,2025-08-22T17:10:00+09:30,PT5M
32,72,9.7,244,268,0,1011.5,297,2.8,70,MOSTLY SUNNY,27.9,10.4,2025-08-22T17:15:00+09:30,PT5M
32,72,8.7,229,253,0,1011.5,296,2.9,71,MOSTLY SUNNY,27.9,10.5,2025-08-22T17:20:00+09:30,PT5M
31,72,11.4,206,225,0,1011.5,295,2.9,72,PARTLY CLOUDY,27.9,10.5,2025-08-22T17:25:00+09:30,PT5M
31,73,15.3,181,195,0,1011.6,294,3,73,PARTLY CLOUDY,27.9,10.5,2025-08-22T17:30:00+09:30,PT5M
31,73,14.4,167,181,0,1011.6,293,3.1,74,PARTLY CLOUDY,28,10.5,2025-08-22T17:35:00+09:30,PT5M
31,74,12.4,154,169,0,1011.6,292,3.1,75,PARTLY CLOUDY,28,10.5,2025-08-22T17:40:00+09:30,PT5M
31,74,14.7,135,146,0,1011.7,290,3.1,77,PARTLY CLOUDY,28,10.5,2025-08-22T17:45:00+09:30,PT5M
31,74,15.7,118,127,0,1011.7,289,3.2,78,PARTLY CLOUDY,28,10.6,2025-08-22T17:50:00+09:30,PT5M
31,75,19.8,98,103,0,1011.7,288,3.2,79,PARTLY CLOUDY,28,10.6,2025-08-22T17:55:00+09:30,PT5M
31,75,24.2,80,80,0,1011.8,287,3.3,80,PARTLY CLOUDY,28,10.6,2025-08-22T18:00:00+09:30,PT5M
31,75,35.2,57,57,0,1011.8,286,3.3,81,MOSTLY CLOUDY,28,10.6,2025-08-22T18:05:00+09:30,PT5M
31,76,46.3,39,38,0,1011.8,285,3.4,83,MOSTLY CLOUDY,28.1,10.7,2025-08-22T18:10:00+09:30,PT5M
30,76,44.8,32,31,0,1011.9,284,3.4,84,MOSTLY CLOUDY,28.2,10.7,2025-08-22T18:15:00+09:30,PT5M
30,76,25,32,32,0,1011.9,283,3.4,85,PARTLY CLOUDY,28.3,10.7,2025-08-22T18:20:00+09:30,PT5M
30,77,40.1,18,18,0,1011.9,283,3.5,86,MOSTLY CLOUDY,28.4,10.8,2025-08-22T18:25:00+09:30,PT5M
30,77,49.2,10,10,0,1012,282,3.5,87,MOSTLY CLOUDY,28.5,10.8,2025-08-22T18:30:00+09:30,PT5M
30,77,54.8,4,4,0,1012,281,3.6,88,MOSTLY CLOUDY,28.5,10.9,2025-08-22T18:35:00+09:30,PT5M
30,77,54.8,1,1,0,1012.1,281,3.5,90,MOSTLY CLOUDY,28.6,10.9,2025-08-22T18:40:00+09:30,PT5M
29,78,56.2,0,0,0,1012.2,280,3.5,91,MOSTLY CLOUDY,28.7,11,2025-08-22T18:45:00+09:30,PT5M
29,78,52.1,0,0,0,1012.2,280,3.5,92,MOSTLY CLOUDY,28.8,11,2025-08-22T18:50:00+09:30,PT5M
29,78,54.8,0,0,0,1012.3,280,3.5,93,MOSTLY CLOUDY,28.9,11,2025-08-22T18:55:00+09:30,PT5M
29,78,41.7,0,0,0,1012.4,279,3.5,94,MOSTLY CLOUDY,29,11.1,2025-08-22T19:00:00+09:30,PT5M
28,79,36.9,0,0,0,1012.5,279,3.4,96,MOSTLY CLOUDY,29.1,11.1,2025-08-22T19:05:00+09:30,PT5M
28,79,35.3,0,0,0,1012.5,279,3.4,97,MOSTLY CLOUDY,29.2,11.2,2025-08-22T19:10:00+09:30,PT5M
28,79,36.9,0,0,0,1012.6,278,3.4,98,MOSTLY CLOUDY,29.4,11.2,2025-08-22T19:15:00+09:30,PT5M
27,79,35.3,0,0,0,1012.7,278,3.4,99,MOSTLY CLOUDY,29.6,11.3,2025-08-22T19:20:00+09:30,PT5M
27,80,30.3,0,0,0,1012.8,277,3.4,100,PARTLY CLOUDY,29.7,11.3,2025-08-22T19:25:00+09:30,PT5M
27,80,32,0,0,0,1012.8,277,3.3,102,PARTLY CLOUDY,29.9,11.4,2025-08-22T19:30:00+09:30,PT5M
27,80,40.1,0,0,0,1012.9,277,3.3,103,MOSTLY CLOUDY,30,11.4,2025-08-22T19:35:00+09:30,PT5M
27,80,43.3,0,0,0,1013,277,3.2,104,MOSTLY CLOUDY,30.2,11.5,2025-08-22T19:40:00+09:30,PT5M
26,81,25,0,0,0,1013,277,3.1,105,PARTLY CLOUDY,30.3,11.5,2025-08-22T19:45:00+09:30,PT5M
26,81,19.6,0,0,0,1013.1,277,3,106,PARTLY CLOUDY,30.5,11.6,2025-08-22T19:50:00+09:30,PT5M
26,81,17.8,0,0,0,1013.1,277,2.9,108,PARTLY CLOUDY,30.7,11.6,2025-08-22T19:55:00+09:30,PT5M
26,81,19.6,0,0,0,1013.2,276,2.8,109,PARTLY CLOUDY,30.8,11.7,2025-08-22T20:00:00+09:30,PT5M
26,81,19.6,0,0,0,1013.2,276,2.7,110,PARTLY CLOUDY,31,11.7,2025-08-22T20:05:00+09:30,PT5M
26,82,19.6,0,0,0,1013.3,276,2.6,111,PARTLY CLOUDY,31.1,11.8,2025-08-22T20:10:00+09:30,PT5M
26,82,19.6,0,0,0,1013.3,276,2.5,112,PARTLY CLOUDY,31.3,11.8,2025-08-22T20:15:00+09:30,PT5M
26,82,19.6,0,0,0,1013.4,276,2.4,114,PARTLY CLOUDY,31.4,11.9,2025-08-22T20:20:00+09:30,PT5M
26,82,19.6,0,0,0,1013.4,276,2.3,115,PARTLY CLOUDY,31.6,11.9,2025-08-22T20:25:00+09:30,PT5M
26,82,19.6,0,0,0,1013.5,276,2.2,116,PARTLY CLOUDY,31.7,12,2025-08-22T20:30:00+09:30,PT5M
26,83,19.6,0,0,0,1013.5,275,2.1,117,PARTLY CLOUDY,31.9,12,2025-08-22T20:35:00+09:30,PT5M
25,83,19.6,0,0,0,1013.6,275,2,119,PARTLY CLOUDY,32,12.1,2025-08-22T20:40:00+09:30,PT5M
25,83,19.6,0,0,0,1013.6,274,1.9,120,PARTLY CLOUDY,32.2,12.1,2025-08-22T20:45:00+09:30,PT5M
25,83,19.6,0,0,0,1013.7,274,1.8,121,PARTLY CLOUDY,32.3,12.2,2025-08-22T20:50:00+09:30,PT5M
25,83,19.6,0,0,0,1013.7,273,1.8,122,PARTLY CLOUDY,32.5,12.2,2025-08-22T20:55:00+09:30,PT5M
25,83,19.6,0,0,0,1013.8,272,1.7,123,PARTLY CLOUDY,32.6,12.3,2025-08-22T21:00:00+09:30,PT5M
25,84,21.4,0,0,0,1013.8,271,1.6,125,PARTLY CLOUDY,32.8,12.3,2025-08-22T21:05:00+09:30,PT5M
25,84,19.6,0,0,0,1013.9,270,1.5,126,PARTLY CLOUDY,32.8,12.3,2025-08-22T21:10:00+09:30,PT5M
25,84,21.4,0,0,0,1013.9,270,1.5,127,PARTLY CLOUDY,33,12.4,2025-08-22T21:15:00+09:30,PT5M
25,84,21.4,0,0,0,1014,268,1.4,128,PARTLY CLOUDY,33,12.4,2025-08-22T21:20:00+09:30,PT5M
25,84,21.4,0,0,0,1014,267,1.3,129,PARTLY CLOUDY,33.2,12.4,2025-08-22T21:25:00+09:30,PT5M
25,85,21.4,0,0,0,1014.1,266,1.2,131,PARTLY CLOUDY,33.3,12.4,2025-08-22T21:30:00+09:30,PT5M
25,85,23.2,0,0,0,1014.1,264,1.2,132,PARTLY CLOUDY,33.4,12.5,2025-08-22T21:35:00+09:30,PT5M
25,85,25,0,0,0,1014.1,261,1.2,133,PARTLY CLOUDY,33.4,12.5,2025-08-22T21:40:00+09:30,PT5M
25,85,25,0,0,0,1014.1,258,1.2,134,PARTLY CLOUDY,33.6,12.5,2025-08-22T21:45:00+09:30,PT5M
25,85,25,0,0,0,1014.1,256,1.2,136,PARTLY CLOUDY,33.6,12.5,2025-08-22T21:50:00+09:30,PT5M
25,85,19.6,0,0,0,1014.1,253,1.3,137,PARTLY CLOUDY,33.8,12.6,2025-08-22T21:55:00+09:30,PT5M
25,86,23.2,0,0,0,1014.1,251,1.3,138,PARTLY CLOUDY,33.8,12.6,2025-08-22T22:00:00+09:30,PT5M
25,86,35.3,0,0,0,1014.1,248,1.3,139,MOSTLY CLOUDY,33.9,12.6,2025-08-22T22:05:00+09:30,PT5M
24,86,50.7,0,0,0,1014.1,246,1.3,140,MOSTLY CLOUDY,34,12.6,2025-08-22T22:10:00+09:30,PT5M
24,86,54.8,0,0,0,1014.1,244,1.3,142,MOSTLY CLOUDY,34,12.6,2025-08-22T22:15:00+09:30,PT5M
24,86,53.5,0,0,0,1014.1,241,1.4,143,MOSTLY CLOUDY,34.1,12.7,2025-08-22T22:20:00+09:30,PT5M
24,86,50.7,0,0,0,1014.1,239,1.4,144,MOSTLY CLOUDY,34.1,12.7,2025-08-22T22:25:00+09:30,PT5M
24,86,44.8,0,0,0,1014.1,237,1.4,145,MOSTLY CLOUDY,34.2,12.7,2025-08-22T22:30:00+09:30,PT5M
24,87,47.8,0,0,0,1014.1,236,1.4,146,MOSTLY CLOUDY,34.2,12.7,2025-08-22T22:35:00+09:30,PT5M
24,87,49.2,0,0,0,1014.1,235,1.4,148,MOSTLY CLOUDY,34.3,12.7,2025-08-22T22:40:00+09:30,PT5M
24,87,52.1,0,0,0,1014.2,234,1.4,149,MOSTLY CLOUDY,34.3,12.7,2025-08-22T22:45:00+09:30,PT5M
24,87,53.5,0,0,0,1014.2,234,1.5,150,MOSTLY CLOUDY,34.4,12.8,2025-08-22T22:50:00+09:30,PT5M
24,87,49.2,0,0,0,1014.2,233,1.5,151,MOSTLY CLOUDY,34.4,12.8,2025-08-22T22:55:00+09:30,PT5M
24,87,50.7,0,0,0,1014.3,232,1.5,153,MOSTLY CLOUDY,34.5,12.8,2025-08-22T23:00:00+09:30,PT5M
24,88,49.2,0,0,0,1014.3,232,1.5,154,MOSTLY CLOUDY,34.5,12.8,2025-08-22T23:05:00+09:30,PT5M
23,88,49.2,0,0,0,1014.3,231,1.5,155,MOSTLY CLOUDY,34.6,12.8,2025-08-22T23:10:00+09:30,PT5M
23,88,53.5,0,0,0,1014.4,230,1.5,156,MOSTLY CLOUDY,34.6,12.9,2025-08-22T23:15:00+09:30,PT5M
23,88,66.2,0,0,0,1014.4,229,1.5,157,OVERCAST,34.6,12.9,2025-08-22T23:20:00+09:30,PT5M
23,88,76.8,0,0,0,1014.4,229,1.5,159,OVERCAST,34.7,12.9,2025-08-22T23:25:00+09:30,PT5M
23,89,82.1,0,0,0,1014.5,228,1.5,160,OVERCAST,34.7,12.9,2025-08-22T23:30:00+09:30,PT5M
23,89,82.1,0,0,0,1014.5,228,1.5,161,OVERCAST,34.8,13,2025-08-22T23:35:00+09:30,PT5M
23,89,85.9,0,0,0,1014.4,228,1.5,162,OVERCAST,34.8,13,2025-08-22T23:40:00+09:30,PT5M
23,89,83.7,0,0,0,1014.4,228,1.5,164,OVERCAST,34.9,13,2025-08-22T23:45:00+09:30,PT5M
23,89,85.9,0,0,0,1014.3,228,1.6,165,OVERCAST,34.9,13,2025-08-22T23:50:00+09:30,PT5M
23,90,87.3,0,0,0,1014.3,228,1.6,166,OVERCAST,34.9,13.1,2025-08-22T23:55:00+09:30,PT5M
23,90,89.1,0,0,0,1014.3,228,1.6,167,OVERCAST,35,13.1,2025-08-23T00:00:00+09:30,PT5M
23,90,86.6,0,0,0,1014.2,227,1.6,168,OVERCAST,35,13.1,2025-08-23T00:05:00+09:30,PT5M
23,90,87.9,0,0,0,1014.2,227,1.7,170,OVERCAST,35.1,13.1,2025-08-23T00:10:00+09:30,PT5M
23,91,81.2,0,0,0,1014.1,227,1.7,171,OVERCAST,35.1,13.1,2025-08-23T00:15:00+09:30,PT5M
23,91,70.7,0,0,0,1014.1,227,1.7,172,OVERCAST,35.2,13.2,2025-08-23T00:20:00+09:30,PT5M
23,92,56.2,0,0,0,1014,227,1.7,173,MOSTLY CLOUDY,35.2,13.2,2025-08-23T00:25:00+09:30,PT5M
23,92,49.2,0,0,0,1014,227,1.8,175,MOSTLY CLOUDY,35.3,13.2,2025-08-23T00:30:00+09:30,PT5M
23,93,46.3,0,0,0,1014,227,1.7,176,MOSTLY CLOUDY,35.3,13.2,2025-08-23T00:35:00+09:30,PT5M
23,95,41.7,0,0,0,1013.9,228,1.7,177,MOSTLY CLOUDY,35.4,13.2,2025-08-23T00:40:00+09:30,PT5M
23,99,47.8,0,0,0,1013.9,228,1.7,178,MOSTLY CLOUDY,35.4,13.2,2025-08-23T00:45:00+09:30,PT5M
23,117,41.7,0,0,0,1013.9,228,1.6,179,MOSTLY CLOUDY,35.5,13.3,2025-08-23T00:50:00+09:30,PT5M
23,-115,46.3,0,0,0,1013.8,229,1.6,179,MOSTLY CLOUDY,35.5,13.3,2025-08-23T00:55:00+09:30,PT5M
23,-99,56.2,0,0,0,1013.8,229,1.5,178,MOSTLY CLOUDY,35.6,13.3,2025-08-23T01:00:00+09:30,PT5M
23,-95,66.2,0,0,0,1013.8,229,1.5,177,OVERCAST,35.6,13.3,2025-08-23T01:05:00+09:30,PT5M
23,-94,72.8,0,0,0,1013.7,230,1.5,176,OVERCAST,35.7,13.3,2025-08-23T01:10:00+09:30,PT5M
23,-93,71.8,0,0,0,1013.7,230,1.4,174,OVERCAST,35.7,13.3,2025-08-23T01:15:00+09:30,PT5M
23,-92,69.6,0,0,0,1013.7,230,1.4,173,OVERCAST,35.8,13.4,2025-08-23T01:20:00+09:30,PT5M
23,-91,65,0,0,0,1013.6,231,1.3,172,OVERCAST,35.8,13.4,2025-08-23T01:25:00+09:30,PT5M
23,-91,58.8,0,0,0,1013.6,231,1.3,171,MOSTLY CLOUDY,35.9,13.4,2025-08-23T01:30:00+09:30,PT5M
23,-91,54.8,0,0,0,1013.6,231,1.3,170,MOSTLY CLOUDY,35.9,13.4,2025-08-23T01:35:00+09:30,PT5M
22,-90,47.8,0,0,0,1013.5,230,1.2,168,MOSTLY CLOUDY,36,13.4,2025-08-23T01:40:00+09:30,PT5M
22,-90,43.3,0,0,0,1013.5,230,1.2,167,MOSTLY CLOUDY,36,13.4,2025-08-23T01:45:00+09:30,PT5M
22,-90,41.7,0,0,0,1013.4,229,1.1,166,MOSTLY CLOUDY,36.1,13.5,2025-08-23T01:50:00+09:30,PT5M
22,-89,44.8,0,0,0,1013.4,228,1.1,165,MOSTLY CLOUDY,36.1,13.5,2025-08-23T01:55:00+09:30,PT5M
22,-89,49.2,0,0,0,1013.4,227,1,163,MOSTLY CLOUDY,36.2,13.5,2025-08-23T02:00:00+09:30,PT5M
22,-89,52.1,0,0,0,1013.3,227,1,162,MOSTLY CLOUDY,36.2,13.5,2025-08-23T02:05:00+09:30,PT5M
22,-89,53.5,0,0,0,1013.3,226,1,161,MOSTLY CLOUDY,36.3,13.5,2025-08-23T02:10:00+09:30,PT5M
22,-89,54.8,0,0,0,1013.2,224,0.9,160,MOSTLY CLOUDY,36.3,13.5,2025-08-23T02:15:00+09:30,PT5M
22,-88,56.2,0,0,0,1013.2,223,0.9,159,MOSTLY CLOUDY,36.3,13.5,2025-08-23T02:20:00+09:30,PT5M
22,-88,54.8,0,0,0,1013.1,222,0.8,157,MOSTLY CLOUDY,36.4,13.5,2025-08-23T02:25:00+09:30,PT5M
22,-88,54.8,0,0,0,1013.1,221,0.8,156,MOSTLY CLOUDY,36.4,13.5,2025-08-23T02:30:00+09:30,PT5M
22,-88,54.8,0,0,0,1013.1,218,0.7,155,MOSTLY CLOUDY,36.5,13.6,2025-08-23T02:35:00+09:30,PT5M
22,-88,54.8,0,0,0,1013.1,213,0.6,154,MOSTLY CLOUDY,36.5,13.6,2025-08-23T02:40:00+09:30,PT5M
22,-88,58.8,0,0,0,1013.1,204,0.5,153,MOSTLY CLOUDY,36.6,13.6,2025-08-23T02:45:00+09:30,PT5M
22,-87,66.2,0,0,0,1013.1,190,0.3,151,OVERCAST,36.6,13.6,2025-08-23T02:50:00+09:30,PT5M
22,-87,70.7,0,0,0,1013.1,167,0.3,150,OVERCAST,36.6,13.6,2025-08-23T02:55:00+09:30,PT5M
22,-87,75.8,0,0,0,1013.1,135,0.3,149,OVERCAST,36.7,13.6,2025-08-23T03:00:00+09:30,PT5M
22,-87,73.8,0,0,0,1013.1,110,0.3,148,OVERCAST,36.7,13.6,2025-08-23T03:05:00+09:30,PT5M
22,-87,70.7,0,0,0,1013.1,95,0.4,146,OVERCAST,36.8,13.6,2025-08-23T03:10:00+09:30,PT5M
22,-87,66.2,0,0,0,1013.1,86,0.6,145,OVERCAST,36.8,13.6,2025-08-23T03:15:00+09:30,PT5M
22,-86,61.4,0,0,0,1013.1,81,0.7,144,OVERCAST,36.8,13.6,2025-08-23T03:20:00+09:30,PT5M
22,-86,60.1,0,0,0,1013.1,77,0.8,143,OVERCAST,36.8,13.6,2025-08-23T03:25:00+09:30,PT5M
22,-86,56.2,0,0,0,1013.1,74,1,142,MOSTLY CLOUDY,36.9,13.6,2025-08-23T03:30:00+09:30,PT5M
22,-86,56.2,0,0,0,1013.1,74,1.1,140,MOSTLY CLOUDY,36.9,13.7,2025-08-23T03:35:00+09:30,PT5M
21,-86,61.4,0,0,0,1013.1,74,1.1,139,OVERCAST,37,13.7,2025-08-23T03:40:00+09:30,PT5M
21,-86,63.8,0,0,0,1013.1,75,1.1,138,OVERCAST,37,13.7,2025-08-23T03:45:00+09:30,PT5M
21,-85,66.2,0,0,0,1013.1,76,1.1,137,OVERCAST,37,13.7,2025-08-23T03:50:00+09:30,PT5M
21,-85,63.8,0,0,0,1013,76,1.1,135,OVERCAST,37.1,13.7,2025-08-23T03:55:00+09:30,PT5M
21,-85,81.2,0,0,0,1013,77,1.1,134,OVERCAST,37.1,13.7,2025-08-23T04:00:00+09:30,PT5M
21,-85,77.7,0,0,0,1013,77,1.1,133,OVERCAST,37.1,13.7,2025-08-23T04:05:00+09:30,PT5M
21,-85,72.8,0,0,0,1013,78,1.1,132,OVERCAST,37.1,13.7,2025-08-23T04:10:00+09:30,PT5M
21,-85,66.2,0,0,0,1013,79,1.2,131,OVERCAST,37.1,13.7,2025-08-23T04:15:00+09:30,PT5M
21,-84,58.8,0,0,0,1013,79,1.2,129,MOSTLY CLOUDY,37.2,13.7,2025-08-23T04:20:00+09:30,PT5M
21,-84,47.8,0,0,0,1013,80,1.2,128,MOSTLY CLOUDY,37.2,13.7,2025-08-23T04:25:00+09:30,PT5M
21,-84,36.9,0,0,0,1013,80,1.2,127,MOSTLY CLOUDY,37.2,13.7,2025-08-23T04:30:00+09:30,PT5M
21,-84,33.6,0,0,0,1013,81,1.2,126,PARTLY CLOUDY,37.2,13.8,2025-08-23T04:35:00+09:30,PT5M
21,-84,26.8,0,0,0,1013,82,1.2,125,PARTLY CLOUDY,37.2,13.8,2025-08-23T04:40:00+09:30,PT5M
21,-84,25,0,0,0,1013,83,1.3,123,PARTLY CLOUDY,37.2,13.8,2025-08-23T04:45:00+09:30,PT5M
21,-83,25,0,0,0,1013,84,1.3,122,PARTLY CLOUDY,37.3,13.8,2025-08-23T04:50:00+09:30,PT5M
21,-83,21.4,0,0,0,1013.1,84,1.3,121,PARTLY CLOUDY,37.3,13.8,2025-08-23T04:55:00+09:30,PT5M
20,-83,17.8,0,0,0,1013.1,85,1.3,120,PARTLY CLOUDY,37.3,13.8,2025-08-23T05:00:00+09:30,PT5M
20,-83,19.6,0,0,0,1013.1,86,1.3,118,PARTLY CLOUDY,37.3,13.8,2025-08-23T05:05:00+09:30,PT5M
20,-83,21.4,0,0,0,1013.1,87,1.3,117,PARTLY CLOUDY,37.3,13.8,2025-08-23T05:10:00+09:30,PT5M
20,-82,17.8,0,0,0,1013.1,88,1.3,116,PARTLY CLOUDY,37.3,13.8,2025-08-23T05:15:00+09:30,PT5M
20,-82,14,0,0,0,1013.1,88,1.4,115,PARTLY CLOUDY,37.4,13.9,2025-08-23T05:20:00+09:30,PT5M
20,-82,15.9,0,0,0,1013.2,89,1.4,114,PARTLY CLOUDY,37.4,13.9,2025-08-23T05:25:00+09:30,PT5M
20,-82,15.9,0,0,0,1013.2,90,1.4,112,PARTLY CLOUDY,37.4,13.9,2025-08-23T05:30:00+09:30,PT5M
20,-82,17.8,0,0,0,1013.2,90,1.4,111,PARTLY CLOUDY,37.4,13.9,2025-08-23T05:35:00+09:30,PT5M
20,-81,14,0,0,0,1013.2,91,1.4,110,PARTLY CLOUDY,37.4,13.9,2025-08-23T05:40:00+09:30,PT5M
20,-81,15.9,0,0,0,1013.2,91,1.4,109,PARTLY CLOUDY,37.4,13.9,2025-08-23T05:45:00+09:30,PT5M
20,-81,14,0,0,0,1013.2,91,1.5,108,PARTLY CLOUDY,37.5,14,2025-08-23T05:50:00+09:30,PT5M
20,-81,14,0,0,0,1013.2,91,1.5,106,PARTLY CLOUDY,37.5,14,2025-08-23T05:55:00+09:30,PT5M
20,-81,15.9,0,0,0,1013.2,92,1.5,105,PARTLY CLOUDY,37.5,14,2025-08-23T06:00:00+09:30,PT5M
20,-80,14,0,0,0,1013.2,92,1.5,104,PARTLY CLOUDY,37.4,14,2025-08-23T06:05:00+09:30,PT5M
20,-80,12.1,0,0,0,1013.2,92,1.5,103,PARTLY CLOUDY,37.3,14,2025-08-23T06:10:00+09:30,PT5M
20,-80,12.1,0,0,0,1013.3,93,1.5,102,PARTLY CLOUDY,37.2,14,2025-08-23T06:15:00+09:30,PT5M
20,-80,14,0,0,0,1013.3,93,1.6,100,PARTLY CLOUDY,37.1,14,2025-08-23T06:20:00+09:30,PT5M
20,-80,14,0,0,0,1013.3,93,1.6,99,PARTLY CLOUDY,37,14,2025-08-23T06:25:00+09:30,PT5M
20,-79,12.1,0,0,0,1013.3,93,1.6,98,PARTLY CLOUDY,36.9,14,2025-08-23T06:30:00+09:30,PT5M
20,-79,12.1,0,0,0,1013.3,93,1.6,97,PARTLY CLOUDY,36.7,14.1,2025-08-23T06:35:00+09:30,PT5M
20,-79,0,0,0,0,1013.4,92,1.6,96,CLEAR,36.6,14.1,2025-08-23T06:40:00+09:30,PT5M
20,-79,0,0,0,0,1013.4,91,1.6,94,CLEAR,36.5,14.1,2025-08-23T06:45:00+09:30,PT5M
20,-78,0,0,0,0,1013.5,90,1.6,93,CLEAR,36.4,14.1,2025-08-23T06:50:00+09:30,PT5M
20,-78,0,0,0,0,1013.5,90,1.6,92,CLEAR,36.3,14.1,2025-08-23T06:55:00+09:30,PT5M
20,-78,0,0,0,0,1013.6,89,1.6,91,CLEAR,36.2,14.1,2025-08-23T07:00:00+09:30,PT5M
20,-78,0,2,2,0,1013.6,88,1.5,90,CLEAR,36,14.1,2025-08-23T07:05:00+09:30,PT5M
20,-77,8.2,9,9,0,1013.7,87,1.5,88,MOSTLY SUNNY,35.7,14.1,2025-08-23T07:10:00+09:30,PT5M
20,-77,8.2,18,18,0,1013.7,86,1.5,87,MOSTLY SUNNY,35.5,14.1,2025-08-23T07:15:00+09:30,PT5M
21,-77,8.2,28,30,0,1013.8,85,1.5,86,MOSTLY SUNNY,35.3,14,2025-08-23T07:20:00+09:30,PT5M
21,-76,0,43,52,0,1013.8,84,1.5,85,SUNNY,35,14,2025-08-23T07:25:00+09:30,PT5M
21,-76,0,57,68,0,1013.9,83,1.5,84,SUNNY,34.8,14,2025-08-23T07:30:00+09:30,PT5M
21,-76,0,72,86,0,1013.9,82,1.5,82,SUNNY,34.5,14,2025-08-23T07:35:00+09:30,PT5M
22,-75,0,88,104,0,1013.9,81,1.5,81,SUNNY,34.3,14,2025-08-23T07:40:00+09:30,PT5M
22,-75,0,104,122,0,1014,80,1.4,80,SUNNY,34,14,2025-08-23T07:45:00+09:30,PT5M
23,-75,0,121,141,0,1014,78,1.4,79,SUNNY,33.8,13.9,2025-08-23T07:50:00+09:30,PT5M
23,-75,0,139,161,0,1014,77,1.4,78,SUNNY,33.6,13.9,2025-08-23T07:55:00+09:30,PT5M
24,-74,0,156,180,0,1014.1,76,1.4,77,SUNNY,33.3,13.9,2025-08-23T08:00:00+09:30,PT5M
24,-74,0,175,200,0,1014.1,74,1.3,75,SUNNY,33.1,13.9,2025-08-23T08:05:00+09:30,PT5M
25,-73,0,193,220,0,1014.1,73,1.3,74,SUNNY,32.8,13.8,2025-08-23T08:10:00+09:30,PT5M
25,-73,0,212,240,0,1014.2,71,1.3,73,SUNNY,32.6,13.7,2025-08-23T08:15:00+09:30,PT5M
26,-73,0,230,261,0,1014.2,70,1.3,72,SUNNY,32.3,13.6,2025-08-23T08:20:00+09:30,PT5M
26,-72,0,249,281,0,1014.2,68,1.2,71,SUNNY,32.1,13.5,2025-08-23T08:25:00+09:30,PT5M
27,-72,0,268,301,0,1014.3,66,1.2,70,SUNNY,31.8,13.4,2025-08-23T08:30:00+09:30,PT5M
27,-71,0,287,321,0,1014.3,64,1.2,68,SUNNY,31.6,13.4,2025-08-23T08:35:00+09:30,PT5M
27,-71,0,306,341,0,1014.3,62,1.2,67,SUNNY,31.3,13.3,2025-08-23T08:40:00+09:30,PT5M
27,-71,0,324,361,0,1014.3,60,1.3,66,SUNNY,31.1,13.2,2025-08-23T08:45:00+09:30,PT5M
27,-70,0,343,380,0,1014.4,57,1.3,65,SUNNY,30.8,13.1,2025-08-23T08:50:00+09:30,PT5M
28,-70,0,361,400,0,1014.4,55,1.3,64,SUNNY,30.6,13,2025-08-23T08:55:00+09:30,PT5M
28,-69,0,380,419,0,1014.4,53,1.4,63,SUNNY,30.3,12.9,2025-08-23T09:00:00+09:30,PT5M
28,-69,0,398,439,0,1014.4,51,1.4,62,SUNNY,30.1,12.7,2025-08-23T09:05:00+09:30,PT5M
28,-68,0,417,459,0,1014.5,50,1.4,60,SUNNY,29.8,12.4,2025-08-23T09:10:00+09:30,PT5M
28,-68,0,436,478,0,1014.5,48,1.5,59,SUNNY,29.6,12.1,2025-08-23T09:15:00+09:30,PT5M
28,-67,0,454,498,0,1014.5,46,1.5,58,SUNNY,29.3,11.8,2025-08-23T09:20:00+09:30,PT5M
28,-67,0,472,517,0,1014.5,45,1.6,57,SUNNY,29,11.5,2025-08-23T09:25:00+09:30,PT5M
29,-66,0,490,536,0,1014.6,43,1.6,56,SUNNY,28.8,11.2,2025-08-23T09:30:00+09:30,PT5M
29,-65,0,509,555,0,1014.6,43,1.6,55,SUNNY,28.5,10.9,2025-08-23T09:35:00+09:30,PT5M
29,-65,0,526,573,0,1014.6,44,1.6,54,SUNNY,28.3,10.6,2025-08-23T09:40:00+09:30,PT5M
29,-64,0,543,591,0,1014.6,45,1.6,52,SUNNY,28,10.3,2025-08-23T09:45:00+09:30,PT5M
29,-63,0,560,609,0,1014.7,46,1.6,51,SUNNY,27.7,10,2025-08-23T09:50:00+09:30,PT5M
29,-63,0,576,626,0,1014.7,47,1.7,50,SUNNY,27.5,9.7,2025-08-23T09:55:00+09:30,PT5M
30,-62,0,592,643,0,1014.7,48,1.7,49,SUNNY,27.2,9.4,2025-08-23T10:00:00+09:30,PT5M
30,-61,0,608,659,0,1014.7,49,1.7,48,SUNNY,27,9.2,2025-08-23T10:05:00+09:30,PT5M
30,-60,0,623,675,0,1014.8,50,1.7,47,SUNNY,26.7,9.1,2025-08-23T10:10:00+09:30,PT5M
30,-59,0,637,690,0,1014.8,51,1.7,46,SUNNY,26.5,9.1,2025-08-23T10:15:00+09:30,PT5M
30,-58,0,651,705,0,1014.8,52,1.7,45,SUNNY,26.2,9.1,2025-08-23T10:20:00+09:30,PT5M
30,-58,0,665,719,0,1014.9,53,1.7,44,SUNNY,25.9,9,2025-08-23T10:25:00+09:30,PT5M
31,-57,0,679,733,0,1014.9,54,1.7,43,SUNNY,25.7,9,2025-08-23T10:30:00+09:30,PT5M
31,-56,0,692,747,0,1014.9,55,1.7,42,SUNNY,25.4,9,2025-08-23T10:35:00+09:30,PT5M
31,-54,0,704,760,0,1014.8,57,1.8,41,SUNNY,25.2,9,2025-08-23T10:40:00+09:30,PT5M
31,-53,0,717,772,0,1014.7,58,1.8,40,SUNNY,24.9,8.9,2025-08-23T10:45:00+09:30,PT5M
31,-52,0,728,785,0,1014.7,59,1.8,39,SUNNY,24.6,8.9,2025-08-23T10:50:00+09:30,PT5M
32,-51,0,740,797,0,1014.6,61,1.8,38,SUNNY,24.4,8.9,2025-08-23T10:55:00+09:30,PT5M
32,-50,0,751,808,0,1014.5,62,1.8,37,SUNNY,24.1,8.8,2025-08-23T11:00:00+09:30,PT5M
32,-48,0,761,819,0,1014.5,63,1.9,36,SUNNY,23.9,8.8,2025-08-23T11:05:00+09:30,PT5M
32,-47,0,772,829,0,1014.4,65,1.9,35,SUNNY,23.6,8.7,2025-08-23T11:10:00+09:30,PT5M
32,-45,0,781,839,0,1014.3,66,1.9,34,SUNNY,23.3,8.6,2025-08-23T11:15:00+09:30,PT5M
32,-44,0,790,849,0,1014.3,67,2,33,SUNNY,23.1,8.5,2025-08-23T11:20:00+09:30,PT5M
33,-42,0,799,858,0,1014.2,68,2,33,SUNNY,22.8,8.4,2025-08-23T11:25:00+09:30,PT5M
33,-41,0,808,867,0,1014.1,69,2,32,SUNNY,22.5,8.3,2025-08-23T11:30:00+09:30,PT5M
33,-39,0,815,875,0,1014,70,2,31,SUNNY,22.3,8.2,2025-08-23T11:35:00+09:30,PT5M
33,-37,0,823,883,0,1014,71,2,30,SUNNY,22,8.1,2025-08-23T11:40:00+09:30,PT5M
33,-35,0,830,890,0,1013.9,72,2.1,30,SUNNY,21.7,8,2025-08-23T11:45:00+09:30,PT5M
33,-33,0,836,897,0,1013.8,73,2.1,29,SUNNY,21.5,7.9,2025-08-23T11:50:00+09:30,PT5M
33,-31,0,842,903,0,1013.7,74,2.1,28,SUNNY,21.2,7.8,2025-08-23T11:55:00+09:30,PT5M
33,-28,1.1,839,898,0,1013.6,75,2.1,28,MOSTLY SUNNY,20.9,7.7,2025-08-23T12:00:00+09:30,PT5M
33,-26,0.2,851,911,0,1013.5,75,2.1,27,MOSTLY SUNNY,20.7,7.6,2025-08-23T12:05:00+09:30,PT5M
33,-24,0,858,919,0,1013.5,76,2.1,27,SUNNY,20.6,7.5,2025-08-23T12:10:00+09:30,PT5M
33,-21,0,862,923,0,1013.4,77,2.2,26,SUNNY,20.5,7.4,2025-08-23T12:15:00+09:30,PT5M
33,-18,0,865,926,0,1013.3,78,2.2,26,SUNNY,20.4,7.3,2025-08-23T12:20:00+09:30,PT5M
33,-16,0,868,930,0,1013.2,79,2.2,25,SUNNY,20.2,7.2,2025-08-23T12:25:00+09:30,PT5M
34,-13,0,871,932,0,1013.1,79,2.2,25,SUNNY,20.1,7.1,2025-08-23T12:30:00+09:30,PT5M
34,-10,0,873,935,0,1013,79,2.2,25,SUNNY,20,6.9,2025-08-23T12:35:00+09:30,PT5M
34,-7,0,875,936,0,1012.9,79,2.2,25,SUNNY,19.9,6.8,2025-08-23T12:40:00+09:30,PT5M
34,-4,0,876,938,0,1012.8,79,2.2,25,SUNNY,19.7,6.7,2025-08-23T12:45:00+09:30,PT5M
34,-1,0,877,939,0,1012.7,78,2.2,24,SUNNY,19.6,6.6,2025-08-23T12:50:00+09:30,PT5M
34,2,0,877,939,0,1012.6,78,2.2,24,SUNNY,19.5,6.5,2025-08-23T12:55:00+09:30,PT5M
34,5,0,877,939,0,1012.4,77,2.2,25,SUNNY,19.4,6.4,2025-08-23T13:00:00+09:30,PT5M
34,8,0,876,938,0,1012.3,77,2.2,25,SUNNY,19.3,6.3,2025-08-23T13:05:00+09:30,PT5M
34,10,0,875,937,0,1012.2,76,2.2,25,SUNNY,19.3,6.2,2025-08-23T13:10:00+09:30,PT5M
34,13,0,873,935,0,1012.1,76,2.2,25,SUNNY,19.4,6.1,2025-08-23T13:15:00+09:30,PT5M
34,16,0,871,932,0,1012,75,2.2,25,SUNNY,19.4,6,2025-08-23T13:20:00+09:30,PT5M
34,19,0,868,930,0,1011.9,75,2.2,26,SUNNY,19.4,5.8,2025-08-23T13:25:00+09:30,PT5M
34,21,0,865,926,0,1011.7,74,2.2,26,SUNNY,19.4,5.8,2025-08-23T13:30:00+09:30,PT5M
34,24,0,861,922,0,1011.6,74,2.2,27,SUNNY,19.5,5.6,2025-08-23T13:35:00+09:30,PT5M
34,26,0,857,918,0,1011.6,73,2.1,27,SUNNY,19.5,5.6,2025-08-23T13:40:00+09:30,PT5M
34,29,0,852,913,0,1011.5,72,2.1,28,SUNNY,19.5,5.4,2025-08-23T13:45:00+09:30,PT5M
34,31,0,847,908,0,1011.4,71,2.1,28,SUNNY,19.5,5.4,2025-08-23T13:50:00+09:30,PT5M
34,33,0,841,902,0,1011.3,71,2,29,SUNNY,19.6,5.2,2025-08-23T13:55:00+09:30,PT5M
34,35,0,835,895,0,1011.3,70,2,30,SUNNY,19.6,5.2,2025-08-23T14:00:00+09:30,PT5M
34,37,0,828,889,0,1011.2,69,2,30,SUNNY,19.6,5.1,2025-08-23T14:05:00+09:30,PT5M
34,39,0,821,881,0,1011.1,68,1.9,31,SUNNY,19.6,5,2025-08-23T14:10:00+09:30,PT5M
34,41,0,813,873,0,1011,67,1.9,32,SUNNY,19.6,5,2025-08-23T14:15:00+09:30,PT5M
35,43,0,805,865,0,1011,66,1.9,33,SUNNY,19.7,4.9,2025-08-23T14:20:00+09:30,PT5M
35,44,0,796,856,0,1010.9,65,1.8,34,SUNNY,19.7,4.8,2025-08-23T14:25:00+09:30,PT5M
35,46,0,787,846,0,1010.8,64,1.8,34,SUNNY,19.7,4.8,2025-08-23T14:30:00+09:30,PT5M
35,47,0,777,836,0,1010.8,63,1.8,35,SUNNY,19.7,4.7,2025-08-23T14:35:00+09:30,PT5M
35,49,0,767,826,0,1010.7,61,1.7,36,SUNNY,19.7,4.7,2025-08-23T14:40:00+09:30,PT5M
34,50,0,757,815,0,1010.7,59,1.7,37,SUNNY,19.7,4.6,2025-08-23T14:45:00+09:30,PT5M
34,51,0,746,804,0,1010.6,57,1.6,38,SUNNY,19.8,4.5,2025-08-23T14:50:00+09:30,PT5M
34,52,0,735,792,0,1010.6,55,1.6,39,SUNNY,19.8,4.5,2025-08-23T14:55:00+09:30,PT5M
34,54,0,723,780,0,1010.5,53,1.5,40,SUNNY,19.8,4.4,2025-08-23T15:00:00+09:30,PT5M
34,55,0,711,767,0,1010.5,50,1.5,41,SUNNY,19.8,4.5,2025-08-23T15:05:00+09:30,PT5M
34,56,0,698,754,0,1010.4,48,1.5,42,SUNNY,19.8,4.6,2025-08-23T15:10:00+09:30,PT5M
34,57,0,685,740,0,1010.3,46,1.4,43,SUNNY,19.8,4.7,2025-08-23T15:15:00+09:30,PT5M
34,58,0,671,726,0,1010.3,43,1.4,44,SUNNY,19.8,4.9,2025-08-23T15:20:00+09:30,PT5M
34,59,0,657,711,0,1010.2,40,1.4,45,SUNNY,19.8,5,2025-08-23T15:25:00+09:30,PT5M
34,60,0,643,696,0,1010.2,37,1.4,46,SUNNY,19.8,5.1,2025-08-23T15:30:00+09:30,PT5M
34,60,0,628,681,0,1010.2,35,1.3,47,SUNNY,19.9,5.3,2025-08-23T15:35:00+09:30,PT5M
34,61,0,613,665,0,1010.2,31,1.3,48,SUNNY,19.9,5.4,2025-08-23T15:40:00+09:30,PT5M
34,62,0,597,649,0,1010.2,28,1.3,49,SUNNY,19.9,5.5,2025-08-23T15:45:00+09:30,PT5M
34,63,0,582,633,0,1010.2,25,1.3,50,SUNNY,19.9,5.7,2025-08-23T15:50:00+09:30,PT5M
34,63,0,566,616,0,1010.2,21,1.3,52,SUNNY,19.9,5.8,2025-08-23T15:55:00+09:30,PT5M
34,64,0,549,599,0,1010.2,18,1.3,53,SUNNY,19.9,5.9,2025-08-23T16:00:00+09:30,PT5M
34,65,0,533,582,0,1010.2,15,1.2,54,SUNNY,19.9,6,2025-08-23T16:05:00+09:30,PT5M
34,65,0,516,564,0,1010.2,11,1.2,55,SUNNY,19.9,6,2025-08-23T16:10:00+09:30,PT5M
34,66,0,499,547,0,1010.2,7,1.3,56,SUNNY,19.9,6,2025-08-23T16:15:00+09:30,PT5M
34,67,0,482,529,0,1010.2,4,1.3,57,SUNNY,20,5.9,2025-08-23T16:20:00+09:30,PT5M
34,67,0,464,510,0,1010.2,1,1.3,58,SUNNY,20,5.9,2025-08-23T16:25:00+09:30,PT5M
34,68,0,447,492,0,1010.2,357,1.3,59,SUNNY,20,5.9,2025-08-23T16:30:00+09:30,PT5M
34,68,0,429,473,0,1010.2,354,1.3,60,SUNNY,20,5.9,2025-08-23T16:35:00+09:30,PT5M
34,69,0,411,454,0,1010.2,350,1.3,62,SUNNY,20,5.9,2025-08-23T16:40:00+09:30,PT5M
33,69,0,392,435,0,1010.2,346,1.4,63,SUNNY,20,5.9,2025-08-23T16:45:00+09:30,PT5M
33,70,0,374,416,0,1010.2,343,1.4,64,SUNNY,20.1,5.8,2025-08-23T16:50:00+09:30,PT5M
33,70,5.2,336,372,0,1010.2,340,1.5,65,MOSTLY SUNNY,20.1,5.8,2025-08-23T16:55:00+09:30,PT5M
33,71,6.6,314,347,0,1010.2,337,1.5,66,MOSTLY SUNNY,20.1,5.8,2025-08-23T17:00:00+09:30,PT5M
32,71,4.5,303,338,0,1010.2,334,1.6,67,MOSTLY SUNNY,20.1,5.8,2025-08-23T17:05:00+09:30,PT5M
32,72,8.3,274,303,0,1010.2,331,1.6,68,MOSTLY SUNNY,20.1,5.8,2025-08-23T17:10:00+09:30,PT5M
32,72,4.8,266,298,0,1010.2,329,1.7,70,MOSTLY SUNNY,20.1,5.9,2025-08-23T17:15:00+09:30,PT5M
32,72,0,261,297,0,1010.3,326,1.8,71,SUNNY,20.1,5.9,2025-08-23T17:20:00+09:30,PT5M
31,73,6.5,227,255,0,1010.3,324,1.8,72,MOSTLY SUNNY,20.1,6,2025-08-23T17:25:00+09:30,PT5M
31,73,9.2,203,227,0,1010.3,322,1.9,73,MOSTLY SUNNY,20.1,6,2025-08-23T17:30:00+09:30,PT5M
31,74,8.1,188,212,0,1010.3,320,1.9,74,MOSTLY SUNNY,20.2,6,2025-08-23T17:35:00+09:30,PT5M
31,74,0,186,217,0,1010.4,318,2,75,SUNNY,20.2,6,2025-08-23T17:40:00+09:30,PT5M
31,74,0,168,197,0,1010.4,316,2,77,SUNNY,20.2,6.1,2025-08-23T17:45:00+09:30,PT5M
31,75,6.6,139,161,0,1010.5,313,2.1,78,MOSTLY SUNNY,20.2,6.1,2025-08-23T17:50:00+09:30,PT5M
31,75,15.1,111,124,0,1010.5,311,2.2,79,PARTLY CLOUDY,20.2,6.2,2025-08-23T17:55:00+09:30,PT5M
31,75,24.1,86,91,0,1010.6,310,2.2,80,PARTLY CLOUDY,20.2,6.2,2025-08-23T18:00:00+09:30,PT5M
31,76,18.6,78,86,0,1010.7,308,2.3,81,PARTLY CLOUDY,20.3,6.2,2025-08-23T18:05:00+09:30,PT5M
31,76,17.8,65,72,0,1010.7,306,2.3,83,PARTLY CLOUDY,20.6,6.4,2025-08-23T18:10:00+09:30,PT5M
30,76,10.1,57,67,0,1010.8,304,2.4,84,PARTLY CLOUDY,20.8,6.4,2025-08-23T18:15:00+09:30,PT5M
30,77,15.9,41,45,0,1010.8,303,2.5,85,PARTLY CLOUDY,21,6.6,2025-08-23T18:20:00+09:30,PT5M
30,77,32,24,23,0,1010.9,301,2.5,86,PARTLY CLOUDY,21.3,6.6,2025-08-23T18:25:00+09:30,PT5M
30,77,35.3,14,14,0,1010.9,300,2.6,87,MOSTLY CLOUDY,21.5,6.8,2025-08-23T18:30:00+09:30,PT5M
30,77,26.8,8,8,0,1011,299,2.6,88,PARTLY CLOUDY,21.8,6.8,2025-08-23T18:35:00+09:30,PT5M
30,78,21.4,1,1,0,1011.1,297,2.7,90,PARTLY CLOUDY,22,7,2025-08-23T18:40:00+09:30,PT5M
30,78,21.4,0,0,0,1011.1,295,2.7,91,PARTLY CLOUDY,22.3,7,2025-08-23T18:45:00+09:30,PT5M
29,78,21.4,0,0,0,1011.2,293,2.7,92,PARTLY CLOUDY,22.5,7.2,2025-08-23T18:50:00+09:30,PT5M
29,79,26.8,0,0,0,1011.2,291,2.7,93,PARTLY CLOUDY,22.7,7.2,2025-08-23T18:55:00+09:30,PT5M
29,79,32,0,0,0,1011.3,289,2.7,94,PARTLY CLOUDY,23,7.4,2025-08-23T19:00:00+09:30,PT5M
29,79,21.4,0,0,0,1011.3,287,2.7,96,PARTLY CLOUDY,23.3,7.5,2025-08-23T19:05:00+09:30,PT5M
29,79,15.9,0,0,0,1011.4,285,2.8,97,PARTLY CLOUDY,23.8,7.6,2025-08-23T19:10:00+09:30,PT5M
28,79,15.9,0,0,0,1011.4,284,2.8,98,PARTLY CLOUDY,24.3,7.7,2025-08-23T19:15:00+09:30,PT5M
28,80,14,0,0,0,1011.5,282,2.8,99,PARTLY CLOUDY,24.8,7.8,2025-08-23T19:20:00+09:30,PT5M
28,80,14,0,0,0,1011.5,280,2.9,100,PARTLY CLOUDY,25.3,8,2025-08-23T19:25:00+09:30,PT5M
28,80,10.1,0,0,0,1011.6,279,2.9,102,PARTLY CLOUDY,25.8,8.1,2025-08-23T19:30:00+09:30,PT5M
28,80,10.1,0,0,0,1011.6,278,2.9,103,PARTLY CLOUDY,26.2,8.2,2025-08-23T19:35:00+09:30,PT5M
27,81,8.2,0,0,0,1011.7,277,2.8,104,MOSTLY CLEAR,26.7,8.3,2025-08-23T19:40:00+09:30,PT5M
27,81,12.1,0,0,0,1011.7,277,2.8,105,PARTLY CLOUDY,27.2,8.5,2025-08-23T19:45:00+09:30,PT5M
27,81,10.1,0,0,0,1011.8,276,2.7,106,PARTLY CLOUDY,27.7,8.6,2025-08-23T19:50:00+09:30,PT5M
27,81,12.1,0,0,0,1011.8,275,2.7,108,PARTLY CLOUDY,28.2,8.7,2025-08-23T19:55:00+09:30,PT5M
27,82,12.1,0,0,0,1011.9,275,2.6,109,PARTLY CLOUDY,28.7,8.8,2025-08-23T20:00:00+09:30,PT5M
27,82,12.1,0,0,0,1012,274,2.6,110,PARTLY CLOUDY,29.1,9,2025-08-23T20:05:00+09:30,PT5M
27,82,14,0,0,0,1012,273,2.5,111,PARTLY CLOUDY,29.6,9.1,2025-08-23T20:10:00+09:30,PT5M
27,82,12.1,0,0,0,1012.1,273,2.5,112,PARTLY CLOUDY,30.1,9.2,2025-08-23T20:15:00+09:30,PT5M
26,82,10.1,0,0,0,1012.1,272,2.4,114,PARTLY CLOUDY,30.6,9.4,2025-08-23T20:20:00+09:30,PT5M
26,83,12.1,0,0,0,1012.2,271,2.4,115,PARTLY CLOUDY,31.1,9.5,2025-08-23T20:25:00+09:30,PT5M
26,83,15.9,0,0,0,1012.3,270,2.3,116,PARTLY CLOUDY,31.6,9.6,2025-08-23T20:30:00+09:30,PT5M
26,83,12.1,0,0,0,1012.3,270,2.3,117,PARTLY CLOUDY,32,9.8,2025-08-23T20:35:00+09:30,PT5M
26,83,10.1,0,0,0,1012.4,270,2.2,119,PARTLY CLOUDY,32.5,9.9,2025-08-23T20:40:00+09:30,PT5M
26,83,10.1,0,0,0,1012.4,270,2.2,120,PARTLY CLOUDY,33,10,2025-08-23T20:45:00+09:30,PT5M
26,83,8.2,0,0,0,1012.5,270,2.1,121,MOSTLY CLEAR,33.5,10.2,2025-08-23T20:50:00+09:30,PT5M
26,84,0,0,0,0,1012.5,270,2.1,122,CLEAR,34,10.3,2025-08-23T20:55:00+09:30,PT5M
26,84,0,0,0,0,1012.6,270,2,123,CLEAR,34.5,10.4,2025-08-23T21:00:00+09:30,PT5M
26,84,0,0,0,0,1012.6,270,2,125,CLEAR,34.9,10.6,2025-08-23T21:05:00+09:30,PT5M
26,84,0,0,0,0,1012.7,270,1.9,126,CLEAR,35.3,10.7,2025-08-23T21:10:00+09:30,PT5M
26,84,0,0,0,0,1012.7,270,1.9,127,CLEAR,35.6,10.8,2025-08-23T21:15:00+09:30,PT5M
26,85,0,0,0,0,1012.8,270,1.8,128,CLEAR,36,10.9,2025-08-23T21:20:00+09:30,PT5M
26,85,8.2,0,0,0,1012.8,270,1.8,129,MOSTLY CLEAR,36.4,11,2025-08-23T21:25:00+09:30,PT5M
25,85,10.1,0,0,0,1012.9,270,1.7,131,PARTLY CLOUDY,36.8,11.1,2025-08-23T21:30:00+09:30,PT5M
25,85,10.1,0,0,0,1012.9,270,1.7,132,PARTLY CLOUDY,37.1,11.2,2025-08-23T21:35:00+09:30,PT5M
25,85,10.1,0,0,0,1012.9,270,1.6,133,PARTLY CLOUDY,37.5,11.3,2025-08-23T21:40:00+09:30,PT5M
25,85,8.2,0,0,0,1013,270,1.6,134,MOSTLY CLEAR,37.9,11.4,2025-08-23T21:45:00+09:30,PT5M
25,86,8.2,0,0,0,1013,270,1.5,136,MOSTLY CLEAR,38.3,11.5,2025-08-23T21:50:00+09:30,PT5M
25,86,8.2,0,0,0,1013,270,1.4,137,MOSTLY CLEAR,38.6,11.6,2025-08-23T21:55:00+09:30,PT5M
25,86,0,0,0,0,1013.1,270,1.4,138,CLEAR,39,11.7,2025-08-23T22:00:00+09:30,PT5M
25,86,8.2,0,0,0,1013.1,270,1.3,139,MOSTLY CLEAR,39.3,11.8,2025-08-23T22:05:00+09:30,PT5M
25,86,8.2,0,0,0,1013.1,270,1.3,140,MOSTLY CLEAR,39.6,12,2025-08-23T22:10:00+09:30,PT5M
25,87,8.2,0,0,0,1013.2,270,1.2,142,MOSTLY CLEAR,39.9,12,2025-08-23T22:15:00+09:30,PT5M
24,87,0,0,0,0,1013.2,270,1.1,143,CLEAR,40.2,12.2,2025-08-23T22:20:00+09:30,PT5M
24,87,0,0,0,0,1013.2,270,1.1,144,CLEAR,40.4,12.2,2025-08-23T22:25:00+09:30,PT5M
24,87,0,0,0,0,1013.3,270,1,145,CLEAR,40.7,12.4,2025-08-23T22:30:00+09:30,PT5M
24,87,0,0,0,0,1013.3,270,1,146,CLEAR,41,12.4,2025-08-23T22:35:00+09:30,PT5M
24,87,0,0,0,0,1013.3,270,1,148,CLEAR,41.3,12.6,2025-08-23T22:40:00+09:30,PT5M
24,88,0,0,0,0,1013.4,270,1.1,149,CLEAR,41.5,12.7,2025-08-23T22:45:00+09:30,PT5M
24,88,0,0,0,0,1013.4,270,1.1,150,CLEAR,41.8,12.8,2025-08-23T22:50:00+09:30,PT5M
24,88,0,0,0,0,1013.4,270,1.1,151,CLEAR,42.1,12.8,2025-08-23T22:55:00+09:30,PT5M
24,88,0,0,0,0,1013.5,270,1.1,153,CLEAR,42.4,13,2025-08-23T23:00:00+09:30,PT5M
24,88,0,0,0,0,1013.5,270,1.2,154,CLEAR,42.6,13,2025-08-23T23:05:00+09:30,PT5M
24,89,0,0,0,0,1013.5,270,1.2,155,CLEAR,42.9,13.1,2025-08-23T23:10:00+09:30,PT5M
24,89,10.1,0,0,0,1013.6,270,1.2,156,PARTLY CLOUDY,43.2,13.2,2025-08-23T23:15:00+09:30,PT5M
23,89,14,0,0,0,1013.6,270,1.2,157,PARTLY CLOUDY,43.5,13.2,2025-08-23T23:20:00+09:30,PT5M
23,89,12.1,0,0,0,1013.6,270,1.3,159,PARTLY CLOUDY,43.7,13.3,2025-08-23T23:25:00+09:30,PT5M
23,90,10.1,0,0,0,1013.7,270,1.3,160,PARTLY CLOUDY,44,13.4,2025-08-23T23:30:00+09:30,PT5M
23,90,10.1,0,0,0,1013.7,270,1.3,161,PARTLY CLOUDY,44.3,13.4,2025-08-23T23:35:00+09:30,PT5M
23,90,10.1,0,0,0,1013.7,269,1.3,162,PARTLY CLOUDY,44.6,13.5,2025-08-23T23:40:00+09:30,PT5M
23,90,10.1,0,0,0,1013.8,269,1.3,164,PARTLY CLOUDY,44.8,13.6,2025-08-23T23:45:00+09:30,PT5M
23,91,12.1,0,0,0,1013.8,269,1.4,165,PARTLY CLOUDY,45.1,13.6,2025-08-23T23:50:00+09:30,PT5M
23,91,12.1,0,0,0,1013.9,268,1.4,166,PARTLY CLOUDY,45.4,13.7,2025-08-23T23:55:00+09:30,PT5M
23,91,12.1,0,0,0,1013.9,268,1.4,167,PARTLY CLOUDY,45.7,13.8,2025-08-24T00:00:00+09:30,PT5M
23,92,12.1,0,0,0,1014,268,1.4,168,PARTLY CLOUDY,45.9,13.8,2025-08-24T00:05:00+09:30,PT5M
23,92,12.1,0,0,0,1014,267,1.4,170,PARTLY CLOUDY,46,13.9,2025-08-24T00:10:00+09:30,PT5M
23,93,12.1,0,0,0,1014,267,1.4,171,PARTLY CLOUDY,46.1,13.9,2025-08-24T00:15:00+09:30,PT5M
23,94,12.1,0,0,0,1014.1,267,1.5,172,PARTLY CLOUDY,46.3,13.9,2025-08-24T00:20:00+09:30,PT5M
23,95,12.1,0,0,0,1014.1,267,1.5,173,PARTLY CLOUDY,46.4,14,2025-08-24T00:25:00+09:30,PT5M
23,96,12.1,0,0,0,1014.2,266,1.5,175,PARTLY CLOUDY,46.5,14,2025-08-24T00:30:00+09:30,PT5M
23,98,14,0,0,0,1014.2,266,1.5,176,PARTLY CLOUDY,46.7,14.1,2025-08-24T00:35:00+09:30,PT5M
23,102,14,0,0,0,1014.1,265,1.5,177,PARTLY CLOUDY,46.8,14.1,2025-08-24T00:40:00+09:30,PT5M
23,110,14,0,0,0,1014.1,265,1.5,178,PARTLY CLOUDY,46.9,14.2,2025-08-24T00:45:00+09:30,PT5M
23,140,12.1,0,0,0,1014.1,264,1.5,179,PARTLY CLOUDY,47.1,14.2,2025-08-24T00:50:00+09:30,PT5M
23,-132,12.1,0,0,0,1014.1,263,1.5,179,PARTLY CLOUDY,47.2,14.2,2025-08-24T00:55:00+09:30,PT5M
23,-108,12.1,0,0,0,1014,263,1.5,178,PARTLY CLOUDY,47.3,14.3,2025-08-24T01:00:00+09:30,PT5M
23,-101,12.1,0,0,0,1014,262,1.5,177,PARTLY CLOUDY,47.4,14.3,2025-08-24T01:05:00+09:30,PT5M
23,-98,12.1,0,0,0,1014,261,1.5,176,PARTLY CLOUDY,47.4,14.3,2025-08-24T01:10:00+09:30,PT5M
23,-96,12.1,0,0,0,1014,261,1.5,174,PARTLY CLOUDY,47.4,14.3,2025-08-24T01:15:00+09:30,PT5M
22,-95,10.1,0,0,0,1013.9,260,1.5,173,PARTLY CLOUDY,47.4,14.4,2025-08-24T01:20:00+09:30,PT5M
22,-94,10.1,0,0,0,1013.9,260,1.5,172,PARTLY CLOUDY,47.4,14.4,2025-08-24T01:25:00+09:30,PT5M
22,-93,8.2,0,0,0,1013.9,259,1.5,171,MOSTLY CLEAR,47.4,14.4,2025-08-24T01:30:00+09:30,PT5M
22,-92,8.2,0,0,0,1013.9,258,1.5,170,MOSTLY CLEAR,47.4,14.4,2025-08-24T01:35:00+09:30,PT5M
22,-92,8.2,0,0,0,1013.9,256,1.5,168,MOSTLY CLEAR,47.4,14.4,2025-08-24T01:40:00+09:30,PT5M
22,-91,10.1,0,0,0,1013.9,254,1.5,167,PARTLY CLOUDY,47.4,14.4,2025-08-24T01:45:00+09:30,PT5M
22,-91,10.1,0,0,0,1013.9,252,1.5,166,PARTLY CLOUDY,47.4,14.5,2025-08-24T01:50:00+09:30,PT5M
22,-91,10.1,0,0,0,1013.8,250,1.5,165,PARTLY CLOUDY,47.4,14.5,2025-08-24T01:55:00+09:30,PT5M
22,-90,10.1,0,0,0,1013.8,248,1.5,163,PARTLY CLOUDY,47.4,14.5,2025-08-24T02:00:00+09:30,PT5M
22,-90,10.1,0,0,0,1013.8,246,1.5,162,PARTLY CLOUDY,47.4,14.5,2025-08-24T02:05:00+09:30,PT5M
22,-90,10.1,0,0,0,1013.8,244,1.5,161,PARTLY CLOUDY,47.4,14.5,2025-08-24T02:10:00+09:30,PT5M
22,-90,12.1,0,0,0,1013.8,242,1.5,160,PARTLY CLOUDY,47.4,14.5,2025-08-24T02:15:00+09:30,PT5M
22,-89,12.1,0,0,0,1013.8,240,1.5,159,PARTLY CLOUDY,47.4,14.5,2025-08-24T02:20:00+09:30,PT5M
22,-89,14,0,0,0,1013.8,238,1.6,157,PARTLY CLOUDY,47.4,14.5,2025-08-24T02:25:00+09:30,PT5M
22,-89,14,0,0,0,1013.8,236,1.6,156,PARTLY CLOUDY,47.4,14.5,2025-08-24T02:30:00+09:30,PT5M
22,-89,14,0,0,0,1013.8,234,1.6,155,PARTLY CLOUDY,47.3,14.6,2025-08-24T02:35:00+09:30,PT5M
21,-89,12.1,0,0,0,1013.8,232,1.6,154,PARTLY CLOUDY,47.3,14.6,2025-08-24T02:40:00+09:30,PT5M
21,-88,12.1,0,0,0,1013.7,229,1.5,152,PARTLY CLOUDY,47.3,14.6,2025-08-24T02:45:00+09:30,PT5M
21,-88,12.1,0,0,0,1013.7,227,1.5,151,PARTLY CLOUDY,47.3,14.6,2025-08-24T02:50:00+09:30,PT5M
21,-88,12.1,0,0,0,1013.7,225,1.5,150,PARTLY CLOUDY,47.3,14.6,2025-08-24T02:55:00+09:30,PT5M
21,-88,12.1,0,0,0,1013.7,222,1.5,149,PARTLY CLOUDY,47.3,14.6,2025-08-24T03:00:00+09:30,PT5M
21,-88,12.1,0,0,0,1013.7,220,1.5,148,PARTLY CLOUDY,47.3,14.6,2025-08-24T03:05:00+09:30,PT5M
21,-87,12.1,0,0,0,1013.7,217,1.5,146,PARTLY CLOUDY,47.2,14.6,2025-08-24T03:10:00+09:30,PT5M
21,-87,10.1,0,0,0,1013.6,215,1.5,145,PARTLY CLOUDY,47.1,14.6,2025-08-24T03:15:00+09:30,PT5M
21,-87,8.2,0,0,0,1013.6,212,1.5,144,MOSTLY CLEAR,47,14.6,2025-08-24T03:20:00+09:30,PT5M
21,-87,8.2,0,0,0,1013.6,210,1.5,143,MOSTLY CLEAR,47,14.6,2025-08-24T03:25:00+09:30,PT5M
21,-87,8.2,0,0,0,1013.6,208,1.6,141,MOSTLY CLEAR,46.9,14.6,2025-08-24T03:30:00+09:30,PT5M
21,-86,8.2,0,0,0,1013.6,206,1.6,140,MOSTLY CLEAR,46.8,14.7,2025-08-24T03:35:00+09:30,PT5M
21,-86,0,0,0,0,1013.6,204,1.6,139,CLEAR,46.7,14.7,2025-08-24T03:40:00+09:30,PT5M
21,-86,0,0,0,0,1013.6,202,1.6,138,CLEAR,46.7,14.7,2025-08-24T03:45:00+09:30,PT5M
21,-86,0,0,0,0,1013.6,201,1.6,137,CLEAR,46.6,14.7,2025-08-24T03:50:00+09:30,PT5M
21,-86,8.2,0,0,0,1013.6,199,1.6,135,MOSTLY CLEAR,46.5,14.7,2025-08-24T03:55:00+09:30,PT5M
21,-86,8.2,0,0,0,1013.6,198,1.6,134,MOSTLY CLEAR,46.4,14.7,2025-08-24T04:00:00+09:30,PT5M
21,-85,8.2,0,0,0,1013.6,196,1.6,133,MOSTLY CLEAR,46.3,14.7,2025-08-24T04:05:00+09:30,PT5M
21,-85,8.2,0,0,0,1013.6,194,1.6,132,MOSTLY CLEAR,46.2,14.7,2025-08-24T04:10:00+09:30,PT5M
21,-85,10.1,0,0,0,1013.7,193,1.6,130,PARTLY CLOUDY,46,14.7,2025-08-24T04:15:00+09:30,PT5M
21,-85,12.1,0,0,0,1013.7,191,1.6,129,PARTLY CLOUDY,45.9,14.7,2025-08-24T04:20:00+09:30,PT5M
21,-85,10.1,0,0,0,1013.7,189,1.6,128,PARTLY CLOUDY,45.7,14.7,2025-08-24T04:25:00+09:30,PT5M
21,-85,8.2,0,0,0,1013.7,188,1.6,127,MOSTLY CLEAR,45.6,14.7,2025-08-24T04:30:00+09:30,PT5M
21,-84,8.2,0,0,0,1013.7,187,1.6,126,MOSTLY CLEAR,45.4,14.7,2025-08-24T04:35:00+09:30,PT5M
21,-84,8.2,0,0,0,1013.7,186,1.5,124,MOSTLY CLEAR,45.3,14.7,2025-08-24T04:40:00+09:30,PT5M
21,-84,10.1,0,0,0,1013.7,185,1.5,123,PARTLY CLOUDY,45.1,14.7,2025-08-24T04:45:00+09:30,PT5M
21,-84,12.1,0,0,0,1013.7,184,1.5,122,PARTLY CLOUDY,45,14.7,2025-08-24T04:50:00+09:30,PT5M
21,-84,10.1,0,0,0,1013.8,184,1.4,121,FOG,44.8,14.7,2025-08-24T04:55:00+09:30,PT5M
21,-83,8.2,0,0,0,1013.8,183,1.4,120,FOG,44.7,14.7,2025-08-24T05:00:00+09:30,PT5M
21,-83,8.2,0,0,0,1013.8,182,1.3,118,FOG,44.5,14.7,2025-08-24T05:05:00+09:30,PT5M
20,-83,8.2,0,0,0,1013.8,181,1.3,117,FOG,44.4,14.7,2025-08-24T05:10:00+09:30,PT5M
20,-83,10.1,0,0,0,1013.8,179,1.2,116,FOG,44.2,14.7,2025-08-24T05:15:00+09:30,PT5M
20,-83,10.1,0,0,0,1013.8,178,1.2,115,FOG,44.1,14.7,2025-08-24T05:20:00+09:30,PT5M
20,-82,10.1,0,0,0,1013.9,177,1.2,114,FOG,43.9,14.7,2025-08-24T05:25:00+09:30,PT5M
20,-82,10.1,0,0,0,1013.9,176,1.1,112,FOG,43.8,14.7,2025-08-24T05:30:00+09:30,PT5M
20,-82,8.2,0,0,0,1013.9,174,1.1,111,FOG,43.6,14.7,2025-08-24T05:35:00+09:30,PT5M
20,-82,0,0,0,0,1013.9,172,1,110,FOG,43.5,14.7,2025-08-24T05:40:00+09:30,PT5M
20,-82,8.2,0,0,0,1014,169,1,109,FOG,43.3,14.7,2025-08-24T05:45:00+09:30,PT5M
20,-81,8.2,0,0,0,1014,166,0.9,107,FOG,43.2,14.7,2025-08-24T05:50:00+09:30,PT5M
20,-81,8.2,0,0,0,1014.1,163,0.9,106,FOG,43,14.7,2025-08-24T05:55:00+09:30,PT5M
20,-81,8.2,0,0,0,1014.1,160,0.8,105,FOG,42.9,14.7,2025-08-24T06:00:00+09:30,PT5M
20,-81,0,0,0,0,1014.2,156,0.8,104,FOG,42.7,14.7,2025-08-24T06:05:00+09:30,PT5M
20,-81,8.2,0,0,0,1014.2,152,0.7,103,FOG,42.4,14.7,2025-08-24T06:10:00+09:30,PT5M
20,-80,8.2,0,0,0,1014.2,148,0.7,101,FOG,42.2,14.7,2025-08-24T06:15:00+09:30,PT5M
20,-80,8.2,0,0,0,1014.3,143,0.7,100,FOG,41.9,14.6,2025-08-24T06:20:00+09:30,PT5M
20,-80,8.2,0,0,0,1014.3,137,0.7,99,FOG,41.6,14.6,2025-08-24T06:25:00+09:30,PT5M
20,-80,8.2,0,0,0,1014.4,132,0.6,98,FOG,41.4,14.6,2025-08-24T06:30:00+09:30,PT5M
20,-79,10.1,0,0,0,1014.4,129,0.6,97,FOG,41.1,14.6,2025-08-24T06:35:00+09:30,PT5M
20,-79,0,0,0,0,1014.4,130,0.6,95,FOG,40.9,14.6,2025-08-24T06:40:00+09:30,PT5M
20,-79,0,0,0,0,1014.5,131,0.6,94,FOG,40.6,14.6,2025-08-24T06:45:00+09:30,PT5M
20,-79,0,0,0,0,1014.5,132,0.6,93,FOG,40.3,14.5,2025-08-24T06:50:00+09:30,PT5M
20,-78,0,0,0,0,1014.6,133,0.5,92,FOG,40.1,14.5,2025-08-24T06:55:00+09:30,PT5M
20,-78,0,0,0,0,1014.6,134,0.5,91,FOG,39.8,14.5,2025-08-24T07:00:00+09:30,PT5M
20,-78,0,3,3,0,1014.7,136,0.5,89,FOG,39.5,14.5,2025-08-24T07:05:00+09:30,PT5M
20,-78,0,12,12,0,1014.7,137,0.5,88,FOG,39.1,14.4,2025-08-24T07:10:00+09:30,PT5M
20,-77,0,23,24,0,1014.7,139,0.4,87,FOG,38.8,14.4,2025-08-24T07:15:00+09:30,PT5M
20,-77,0,35,41,0,1014.8,141,0.4,86,FOG,38.4,14.3,2025-08-24T07:20:00+09:30,PT5M
20,-77,0,49,61,0,1014.8,143,0.4,85,FOG,38,14.2,2025-08-24T07:25:00+09:30,PT5M
20,-76,0,64,79,0,1014.9,145,0.4,83,FOG,37.7,14.2,2025-08-24T07:30:00+09:30,PT5M
20,-76,0,80,97,0,1014.9,148,0.4,82,FOG,37.3,14.1,2025-08-24T07:35:00+09:30,PT5M
21,-76,0,96,116,0,1014.9,153,0.4,81,SUNNY,36.9,14.1,2025-08-24T07:40:00+09:30,PT5M
21,-75,0,114,136,0,1015,156,0.4,80,SUNNY,36.6,14,2025-08-24T07:45:00+09:30,PT5M
22,-75,0,132,156,0,1015,160,0.4,79,SUNNY,36.2,13.9,2025-08-24T07:50:00+09:30,PT5M
22,-75,0,150,176,0,1015,163,0.4,78,SUNNY,35.8,13.9,2025-08-24T07:55:00+09:30,PT5M
23,-74,0,169,196,0,1015,166,0.5,76,SUNNY,35.5,13.8,2025-08-24T08:00:00+09:30,PT5M
23,-74,0,188,217,0,1015.1,169,0.5,75,SUNNY,35.1,13.7,2025-08-24T08:05:00+09:30,PT5M
24,-74,0,207,237,0,1015.1,171,0.5,74,SUNNY,34.7,13.5,2025-08-24T08:10:00+09:30,PT5M
24,-73,0,226,258,0,1015.1,174,0.5,73,SUNNY,34.4,13.3,2025-08-24T08:15:00+09:30,PT5M
25,-73,0,245,278,0,1015.1,176,0.5,72,SUNNY,34,13.1,2025-08-24T08:20:00+09:30,PT5M
25,-73,0,264,299,0,1015.2,177,0.6,71,SUNNY,33.6,12.9,2025-08-24T08:25:00+09:30,PT5M
26,-72,0,283,319,0,1015.2,179,0.6,69,SUNNY,33.3,12.7,2025-08-24T08:30:00+09:30,PT5M
26,-72,0,302,340,0,1015.2,182,0.6,68,SUNNY,32.9,12.6,2025-08-24T08:35:00+09:30,PT5M
26,-71,0,322,360,0,1015.2,185,0.6,67,SUNNY,32.5,12.4,2025-08-24T08:40:00+09:30,PT5M
26,-71,0,341,380,0,1015.2,188,0.6,66,SUNNY,32.2,12.2,2025-08-24T08:45:00+09:30,PT5M
26,-70,0,360,400,0,1015.2,192,0.6,65,SUNNY,31.8,12,2025-08-24T08:50:00+09:30,PT5M
26,-70,0,378,420,0,1015.2,195,0.6,64,SUNNY,31.4,11.8,2025-08-24T08:55:00+09:30,PT5M
27,-70,0,397,439,0,1015.2,198,0.6,62,SUNNY,31.1,11.6,2025-08-24T09:00:00+09:30,PT5M
27,-69,0,416,459,0,1015.2,202,0.6,61,SUNNY,30.8,11.4,2025-08-24T09:05:00+09:30,PT5M
27,-69,0,434,478,0,1015.3,205,0.6,60,SUNNY,30.5,11.3,2025-08-24T09:10:00+09:30,PT5M
27,-68,0,452,497,0,1015.3,208,0.6,59,SUNNY,30.3,11.1,2025-08-24T09:15:00+09:30,PT5M
27,-67,0,470,516,0,1015.3,211,0.6,58,SUNNY,30,11,2025-08-24T09:20:00+09:30,PT5M
27,-67,0,488,535,0,1015.3,214,0.6,57,SUNNY,29.8,10.9,2025-08-24T09:25:00+09:30,PT5M
27,-66,0,506,553,0,1015.3,217,0.6,56,SUNNY,29.5,10.7,2025-08-24T09:30:00+09:30,PT5M
28,-66,0,524,572,0,1015.3,220,0.6,55,SUNNY,29.3,10.6,2025-08-24T09:35:00+09:30,PT5M
28,-65,0,541,590,0,1015.3,222,0.6,53,SUNNY,29,10.4,2025-08-24T09:40:00+09:30,PT5M
28,-64,0,558,607,0,1015.3,225,0.6,52,SUNNY,28.8,10.3,2025-08-24T09:45:00+09:30,PT5M
28,-64,0,574,624,0,1015.3,228,0.5,51,SUNNY,28.5,10.2,2025-08-24T09:50:00+09:30,PT5M
28,-63,0,590,641,0,1015.3,232,0.5,50,SUNNY,28.3,10,2025-08-24T09:55:00+09:30,PT5M
29,-62,0,606,658,0,1015.3,236,0.5,49,SUNNY,28,9.9,2025-08-24T10:00:00+09:30,PT5M
29,-61,0,622,674,0,1015.3,240,0.5,48,SUNNY,27.8,9.8,2025-08-24T10:05:00+09:30,PT5M
29,-61,0,637,689,0,1015.4,245,0.4,47,SUNNY,27.7,9.8,2025-08-24T10:10:00+09:30,PT5M
29,-60,0,652,705,0,1015.4,250,0.4,46,SUNNY,27.6,9.7,2025-08-24T10:15:00+09:30,PT5M
29,-59,0,666,720,0,1015.4,255,0.4,45,SUNNY,27.5,9.7,2025-08-24T10:20:00+09:30,PT5M
30,-58,0,680,734,0,1015.4,261,0.4,44,SUNNY,27.3,9.7,2025-08-24T10:25:00+09:30,PT5M
30,-57,0,694,748,0,1015.4,267,0.4,43,SUNNY,27.2,9.7,2025-08-24T10:30:00+09:30,PT5M
30,-56,0,707,762,0,1015.4,272,0.4,42,SUNNY,27.1,9.6,2025-08-24T10:35:00+09:30,PT5M
30,-55,0,720,775,0,1015.3,276,0.3,41,SUNNY,27,9.6,2025-08-24T10:40:00+09:30,PT5M
30,-54,0,732,788,0,1015.2,282,0.3,40,SUNNY,26.8,9.6,2025-08-24T10:45:00+09:30,PT5M
31,-53,0,744,801,0,1015.1,289,0.3,39,SUNNY,26.7,9.6,2025-08-24T10:50:00+09:30,PT5M
31,-51,0,756,813,0,1015.1,298,0.2,38,SUNNY,26.6,9.5,2025-08-24T10:55:00+09:30,PT5M
31,-50,0,767,824,0,1015,309,0.2,37,SUNNY,26.5,9.5,2025-08-24T11:00:00+09:30,PT5M
31,-49,0,777,835,0,1014.9,322,0.2,36,SUNNY,26.3,9.5,2025-08-24T11:05:00+09:30,PT5M
31,-47,0,788,846,0,1014.8,335,0.2,35,SUNNY,26.2,9.5,2025-08-24T11:10:00+09:30,PT5M
32,-46,0,798,856,0,1014.7,348,0.2,34,SUNNY,26.1,9.6,2025-08-24T11:15:00+09:30,PT5M
32,-44,0,807,865,0,1014.7,359,0.2,33,SUNNY,25.9,9.6,2025-08-24T11:20:00+09:30,PT5M
32,-43,0,816,875,0,1014.6,8,0.3,32,SUNNY,25.8,9.6,2025-08-24T11:25:00+09:30,PT5M
32,-41,0,824,883,0,1014.5,15,0.3,32,SUNNY,25.7,9.6,2025-08-24T11:30:00+09:30,PT5M
32,-39,0,832,891,0,1014.4,20,0.3,31,SUNNY,25.5,9.7,2025-08-24T11:35:00+09:30,PT5M
32,-37,0,839,899,0,1014.3,23,0.4,30,SUNNY,25.4,9.7,2025-08-24T11:40:00+09:30,PT5M
33,-35,0,846,906,0,1014.3,25,0.4,29,SUNNY,25.3,9.7,2025-08-24T11:45:00+09:30,PT5M
33,-33,0.3,850,909,0,1014.2,28,0.4,29,MOSTLY SUNNY,25.1,9.7,2025-08-24T11:50:00+09:30,PT5M
33,-31,0.9,851,910,0,1014.1,30,0.4,28,MOSTLY SUNNY,25,9.8,2025-08-24T11:55:00+09:30,PT5M
33,-29,1.4,852,911,0,1014,31,0.5,27,MOSTLY SUNNY,24.9,9.8,2025-08-24T12:00:00+09:30,PT5M
33,-26,0.5,864,924,0,1013.9,33,0.5,27,MOSTLY SUNNY,24.8,9.8,2025-08-24T12:05:00+09:30,PT5M
33,-24,0,873,934,0,1013.8,34,0.5,26,SUNNY,24.7,9.8,2025-08-24T12:10:00+09:30,PT5M
33,-21,0,877,938,0,1013.7,35,0.5,26,SUNNY,24.7,9.8,2025-08-24T12:15:00+09:30,PT5M
33,-18,0,880,941,0,1013.6,36,0.6,25,SUNNY,24.7,9.9,2025-08-24T12:20:00+09:30,PT5M
33,-16,0,883,944,0,1013.5,37,0.6,25,SUNNY,24.6,9.9,2025-08-24T12:25:00+09:30,PT5M
33,-13,0,886,947,0,1013.4,38,0.6,25,SUNNY,24.6,9.9,2025-08-24T12:30:00+09:30,PT5M
33,-10,0,888,949,0,1013.3,37,0.6,24,SUNNY,24.5,9.9,2025-08-24T12:35:00+09:30,PT5M
33,-7,0,889,950,0,1013.3,35,0.6,24,SUNNY,24.5,9.9,2025-08-24T12:40:00+09:30,PT5M
33,-4,0,890,951,0,1013.2,32,0.6,24,SUNNY,24.4,9.9,2025-08-24T12:45:00+09:30,PT5M
34,-1,0,890,951,0,1013.1,29,0.6,24,SUNNY,24.4,10,2025-08-24T12:50:00+09:30,PT5M
34,2,0,890,951,0,1013,27,0.6,24,SUNNY,24.4,10,2025-08-24T12:55:00+09:30,PT5M
34,5,0,889,951,0,1013,24,0.6,24,SUNNY,24.3,10,2025-08-24T13:00:00+09:30,PT5M
34,8,0,888,949,0,1012.9,21,0.7,24,SUNNY,24.3,10,2025-08-24T13:05:00+09:30,PT5M
34,11,0,886,948,0,1012.8,19,0.7,25,SUNNY,24.4,10,2025-08-24T13:10:00+09:30,PT5M
34,14,0,884,945,0,1012.7,16,0.7,25,SUNNY,24.4,10.1,2025-08-24T13:15:00+09:30,PT5M
34,16,0,881,942,0,1012.7,14,0.7,25,SUNNY,24.5,10.1,2025-08-24T13:20:00+09:30,PT5M
34,19,0,878,939,0,1012.6,12,0.7,25,SUNNY,24.5,10.1,2025-08-24T13:25:00+09:30,PT5M
34,22,0,874,935,0,1012.5,9,0.7,26,SUNNY,24.6,10.1,2025-08-24T13:30:00+09:30,PT5M
34,24,0,870,930,0,1012.4,6,0.7,26,SUNNY,24.6,10.2,2025-08-24T13:35:00+09:30,PT5M
34,27,0,865,926,0,1012.4,2,0.7,27,SUNNY,24.7,10.2,2025-08-24T13:40:00+09:30,PT5M
34,29,0,860,920,0,1012.3,358,0.7,27,SUNNY,24.7,10.2,2025-08-24T13:45:00+09:30,PT5M
34,31,0,854,914,0,1012.2,354,0.8,28,SUNNY,24.8,10.2,2025-08-24T13:50:00+09:30,PT5M
34,34,0.2,846,906,0,1012.1,351,0.8,29,MOSTLY SUNNY,24.8,10.3,2025-08-24T13:55:00+09:30,PT5M
34,36,1,833,891,0,1012,348,0.8,29,MOSTLY SUNNY,24.9,10.3,2025-08-24T14:00:00+09:30,PT5M
34,38,1.9,819,875,0,1011.9,344,0.8,30,MOSTLY SUNNY,24.9,10.3,2025-08-24T14:05:00+09:30,PT5M
34,40,0,827,886,0,1011.9,342,0.9,31,SUNNY,25,10.3,2025-08-24T14:10:00+09:30,PT5M
34,41,0,819,877,0,1011.8,339,0.9,32,SUNNY,25,10.3,2025-08-24T14:15:00+09:30,PT5M
34,43,0,810,869,0,1011.7,336,0.9,33,SUNNY,25.1,10.4,2025-08-24T14:20:00+09:30,PT5M
34,45,0,802,859,0,1011.6,334,1,33,SUNNY,25.1,10.4,2025-08-24T14:25:00+09:30,PT5M
34,46,0,792,850,0,1011.5,332,1,34,SUNNY,25.2,10.4,2025-08-24T14:30:00+09:30,PT5M
34,48,0,782,840,0,1011.4,330,1.1,35,SUNNY,25.2,10.4,2025-08-24T14:35:00+09:30,PT5M
34,49,0,772,829,0,1011.4,328,1.1,36,SUNNY,25.3,10.4,2025-08-24T14:40:00+09:30,PT5M
34,50,0,761,818,0,1011.3,327,1.2,37,SUNNY,25.3,10.4,2025-08-24T14:45:00+09:30,PT5M
34,52,0,750,806,0,1011.3,325,1.2,38,SUNNY,25.4,10.5,2025-08-24T14:50:00+09:30,PT5M
34,53,0,739,794,0,1011.2,324,1.3,39,SUNNY,25.4,10.5,2025-08-24T14:55:00+09:30,PT5M
34,54,0,727,782,0,1011.2,323,1.4,40,SUNNY,25.5,10.5,2025-08-24T15:00:00+09:30,PT5M
34,55,0,714,769,0,1011.1,322,1.4,41,SUNNY,25.5,10.5,2025-08-24T15:05:00+09:30,PT5M
34,56,0,701,755,0,1011,321,1.5,42,SUNNY,25.6,10.5,2025-08-24T15:10:00+09:30,PT5M
34,57,0,688,741,0,1011,320,1.5,43,SUNNY,25.6,10.5,2025-08-24T15:15:00+09:30,PT5M
34,58,0,674,727,0,1010.9,319,1.6,44,SUNNY,25.7,10.5,2025-08-24T15:20:00+09:30,PT5M
34,59,0,660,712,0,1010.9,318,1.7,45,SUNNY,25.7,10.5,2025-08-24T15:25:00+09:30,PT5M
34,60,3,626,675,0,1010.8,318,1.7,46,MOSTLY SUNNY,25.8,10.5,2025-08-24T15:30:00+09:30,PT5M
34,61,0,630,682,0,1010.8,317,1.8,47,SUNNY,25.8,10.5,2025-08-24T15:35:00+09:30,PT5M
34,62,0,615,666,0,1010.8,316,1.9,48,SUNNY,25.9,10.5,2025-08-24T15:40:00+09:30,PT5M
34,62,0,599,650,0,1010.7,314,1.9,49,SUNNY,25.9,10.5,2025-08-24T15:45:00+09:30,PT5M
33,63,0,584,633,0,1010.7,313,2,50,SUNNY,26,10.5,2025-08-24T15:50:00+09:30,PT5M
33,64,0,567,616,0,1010.7,313,2,51,SUNNY,26,10.5,2025-08-24T15:55:00+09:30,PT5M
33,65,0,551,599,0,1010.7,312,2.1,53,SUNNY,26.1,10.5,2025-08-24T16:00:00+09:30,PT5M
33,65,0,534,581,0,1010.7,311,2.2,54,SUNNY,26.1,10.5,2025-08-24T16:05:00+09:30,PT5M
33,66,0,517,564,0,1010.7,310,2.2,55,SUNNY,26.1,10.5,2025-08-24T16:10:00+09:30,PT5M
33,66,0,500,546,0,1010.6,309,2.3,56,SUNNY,26.1,10.5,2025-08-24T16:15:00+09:30,PT5M
33,67,0,482,527,0,1010.6,309,2.3,57,SUNNY,26.2,10.4,2025-08-24T16:20:00+09:30,PT5M
33,68,0,464,509,0,1010.6,308,2.4,58,SUNNY,26.2,10.4,2025-08-24T16:25:00+09:30,PT5M
33,68,0,446,490,0,1010.6,307,2.5,59,SUNNY,26.2,10.4,2025-08-24T16:30:00+09:30,PT5M
33,69,0,428,471,0,1010.6,306,2.5,60,SUNNY,26.2,10.4,2025-08-24T16:35:00+09:30,PT5M
33,69,0,410,452,0,1010.6,305,2.6,62,SUNNY,26.2,10.4,2025-08-24T16:40:00+09:30,PT5M
33,70,0,391,432,0,1010.7,305,2.6,63,SUNNY,26.2,10.4,2025-08-24T16:45:00+09:30,PT5M
33,70,0,373,413,0,1010.7,304,2.6,64,SUNNY,26.3,10.3,2025-08-24T16:50:00+09:30,PT5M
32,71,0,354,393,0,1010.7,303,2.7,65,SUNNY,26.3,10.3,2025-08-24T16:55:00+09:30,PT5M
32,71,0,335,373,0,1010.8,302,2.7,66,SUNNY,26.3,10.3,2025-08-24T17:00:00+09:30,PT5M
32,72,0,316,353,0,1010.8,301,2.8,67,SUNNY,26.3,10.3,2025-08-24T17:05:00+09:30,PT5M
32,72,0,297,333,0,1010.8,301,2.8,68,SUNNY,26.3,10.3,2025-08-24T17:10:00+09:30,PT5M
32,72,0,278,313,0,1010.9,300,2.9,70,SUNNY,26.4,10.4,2025-08-24T17:15:00+09:30,PT5M
31,73,0,259,293,0,1010.9,299,2.9,71,SUNNY,26.4,10.4,2025-08-24T17:20:00+09:30,PT5M
31,73,0,240,272,0,1010.9,298,3,72,SUNNY,26.4,10.4,2025-08-24T17:25:00+09:30,PT5M
31,74,0,221,252,0,1011,298,3,73,SUNNY,26.4,10.4,2025-08-24T17:30:00+09:30,PT5M
31,74,0,202,232,0,1011,297,3,74,SUNNY,26.5,10.5,2025-08-24T17:35:00+09:30,PT5M
31,74,0,184,212,0,1011,296,3.1,75,SUNNY,26.5,10.5,2025-08-24T17:40:00+09:30,PT5M
31,75,0,165,192,0,1011,295,3.1,77,SUNNY,26.5,10.5,2025-08-24T17:45:00+09:30,PT5M
31,75,0,147,172,0,1011.1,295,3.1,78,SUNNY,26.5,10.5,2025-08-24T17:50:00+09:30,PT5M
30,75,15.1,110,120,0,1011.1,294,3.1,79,PARTLY CLOUDY,26.6,10.6,2025-08-24T17:55:00+09:30,PT5M
30,76,22.5,86,90,0,1011.1,293,3.1,80,PARTLY CLOUDY,26.6,10.6,2025-08-24T18:00:00+09:30,PT5M
30,76,16.9,78,85,0,1011.1,292,3.1,81,PARTLY CLOUDY,26.7,10.6,2025-08-24T18:05:00+09:30,PT5M
30,76,10.1,70,80,0,1011.2,292,3.1,83,PARTLY CLOUDY,26.8,10.7,2025-08-24T18:10:00+09:30,PT5M
30,77,0,62,77,0,1011.2,291,3.1,84,SUNNY,26.9,10.7,2025-08-24T18:15:00+09:30,PT5M
30,77,0,47,59,0,1011.2,290,3.1,85,SUNNY,27,10.8,2025-08-24T18:20:00+09:30,PT5M
30,77,14,29,30,0,1011.2,290,3.1,86,PARTLY CLOUDY,27.2,10.8,2025-08-24T18:25:00+09:30,PT5M
30,77,15.9,18,18,0,1011.3,289,3.2,87,PARTLY CLOUDY,27.3,10.9,2025-08-24T18:30:00+09:30,PT5M
30,78,12.1,9,9,0,1011.3,288,3.1,88,PARTLY CLOUDY,27.4,10.9,2025-08-24T18:35:00+09:30,PT5M
30,78,12.1,2,2,0,1011.4,288,3.1,90,PARTLY CLOUDY,27.5,11,2025-08-24T18:40:00+09:30,PT5M
29,78,12.1,0,0,0,1011.4,287,3.1,91,PARTLY CLOUDY,27.7,11,2025-08-24T18:45:00+09:30,PT5M
29,79,12.1,0,0,0,1011.5,287,3.1,92,PARTLY CLOUDY,27.8,11.1,2025-08-24T18:50:00+09:30,PT5M
29,79,14,0,0,0,1011.6,286,3,93,PARTLY CLOUDY,27.9,11.1,2025-08-24T18:55:00+09:30,PT5M
29,79,17.8,0,0,0,1011.6,286,3,94,PARTLY CLOUDY,28,11.2,2025-08-24T19:00:00+09:30,PT5M
28,79,23.2,0,0,0,1011.7,285,3,96,PARTLY CLOUDY,28.2,11.2,2025-08-24T19:05:00+09:30,PT5M
28,80,21.4,0,0,0,1011.8,285,3,97,PARTLY CLOUDY,28.4,11.3,2025-08-24T19:10:00+09:30,PT5M
28,80,17.8,0,0,0,1011.8,284,2.9,98,PARTLY CLOUDY,28.7,11.3,2025-08-24T19:15:00+09:30,PT5M
28,80,19.6,0,0,0,1011.9,284,2.9,99,PARTLY CLOUDY,28.9,11.3,2025-08-24T19:20:00+09:30,PT5M
27,80,21.4,0,0,0,1012,283,2.9,100,PARTLY CLOUDY,29.1,11.4,2025-08-24T19:25:00+09:30,PT5M
27,81,25,0,0,0,1012,282,2.9,102,PARTLY CLOUDY,29.3,11.4,2025-08-24T19:30:00+09:30,PT5M
27,81,26.8,0,0,0,1012.1,282,2.8,103,PARTLY CLOUDY,29.6,11.5,2025-08-24T19:35:00+09:30,PT5M
27,81,26.8,0,0,0,1012.2,281,2.8,104,PARTLY CLOUDY,29.8,11.5,2025-08-24T19:40:00+09:30,PT5M
27,81,25,0,0,0,1012.2,280,2.7,105,PARTLY CLOUDY,30,11.6,2025-08-24T19:45:00+09:30,PT5M
27,81,26.8,0,0,0,1012.3,279,2.6,106,PARTLY CLOUDY,30.2,11.6,2025-08-24T19:50:00+09:30,PT5M
26,82,25,0,0,0,1012.3,279,2.5,108,PARTLY CLOUDY,30.5,11.6,2025-08-24T19:55:00+09:30,PT5M
26,82,19.6,0,0,0,1012.4,278,2.5,109,PARTLY CLOUDY,30.7,11.7,2025-08-24T20:00:00+09:30,PT5M
26,82,19.6,0,0,0,1012.5,277,2.4,110,PARTLY CLOUDY,30.9,11.7,2025-08-24T20:05:00+09:30,PT5M
26,82,19.6,0,0,0,1012.5,276,2.3,111,PARTLY CLOUDY,31.1,11.7,2025-08-24T20:10:00+09:30,PT5M
26,82,12.1,0,0,0,1012.6,274,2.2,112,PARTLY CLOUDY,31.4,11.8,2025-08-24T20:15:00+09:30,PT5M
26,83,12.1,0,0,0,1012.6,273,2.2,114,PARTLY CLOUDY,31.6,11.8,2025-08-24T20:20:00+09:30,PT5M
26,83,15.9,0,0,0,1012.7,272,2.1,115,PARTLY CLOUDY,31.8,11.8,2025-08-24T20:25:00+09:30,PT5M
25,83,19.6,0,0,0,1012.8,271,2,116,PARTLY CLOUDY,32,11.8,2025-08-24T20:30:00+09:30,PT5M
25,83,12.1,0,0,0,1012.8,270,2,117,PARTLY CLOUDY,32.3,11.9,2025-08-24T20:35:00+09:30,PT5M
25,83,15.9,0,0,0,1012.8,269,1.9,119,PARTLY CLOUDY,32.5,11.9,2025-08-24T20:40:00+09:30,PT5M
25,84,12.1,0,0,0,1012.8,268,1.9,120,PARTLY CLOUDY,32.7,11.9,2025-08-24T20:45:00+09:30,PT5M
25,84,8.2,0,0,0,1012.8,267,1.8,121,MOSTLY CLEAR,32.9,11.9,2025-08-24T20:50:00+09:30,PT5M
25,84,0,0,0,0,1012.9,266,1.7,122,CLEAR,33.2,12,2025-08-24T20:55:00+09:30,PT5M
25,84,0,0,0,0,1012.9,265,1.7,123,CLEAR,33.4,12,2025-08-24T21:00:00+09:30,PT5M
25,84,0,0,0,0,1012.9,264,1.6,125,CLEAR,33.6,12,2025-08-24T21:05:00+09:30,PT5M
25,85,0,0,0,0,1012.9,263,1.6,126,CLEAR,33.7,12,2025-08-24T21:10:00+09:30,PT5M
25,85,0,0,0,0,1012.9,262,1.5,127,CLEAR,33.9,12,2025-08-24T21:15:00+09:30,PT5M
25,85,0,0,0,0,1012.9,261,1.5,128,CLEAR,34,12.1,2025-08-24T21:20:00+09:30,PT5M
25,85,0,0,0,0,1013,259,1.4,129,CLEAR,34.2,12.1,2025-08-24T21:25:00+09:30,PT5M
25,85,0,0,0,0,1013,258,1.4,131,CLEAR,34.3,12.1,2025-08-24T21:30:00+09:30,PT5M
25,86,0,0,0,0,1013,256,1.3,132,CLEAR,34.5,12.1,2025-08-24T21:35:00+09:30,PT5M
25,86,0,0,0,0,1013,255,1.3,133,CLEAR,34.6,12.1,2025-08-24T21:40:00+09:30,PT5M
25,86,0,0,0,0,1013.1,253,1.3,134,CLEAR,34.8,12.1,2025-08-24T21:45:00+09:30,PT5M
25,86,0,0,0,0,1013.1,251,1.3,136,CLEAR,34.9,12.2,2025-08-24T21:50:00+09:30,PT5M
25,86,0,0,0,0,1013.1,250,1.3,137,CLEAR,35.1,12.2,2025-08-24T21:55:00+09:30,PT5M
24,87,0,0,0,0,1013.2,248,1.3,138,CLEAR,35.2,12.2,2025-08-24T22:00:00+09:30,PT5M
24,87,0,0,0,0,1013.2,247,1.3,139,CLEAR,35.3,12.2,2025-08-24T22:05:00+09:30,PT5M
24,87,0,0,0,0,1013.2,245,1.3,140,CLEAR,35.4,12.2,2025-08-24T22:10:00+09:30,PT5M
24,87,0,0,0,0,1013.3,243,1.3,142,CLEAR,35.5,12.3,2025-08-24T22:15:00+09:30,PT5M
24,87,8.2,0,0,0,1013.3,242,1.3,143,MOSTLY CLEAR,35.5,12.3,2025-08-24T22:20:00+09:30,PT5M
24,87,8.2,0,0,0,1013.3,240,1.3,144,MOSTLY CLEAR,35.6,12.3,2025-08-24T22:25:00+09:30,PT5M
24,88,10.1,0,0,0,1013.4,238,1.3,145,PARTLY CLOUDY,35.7,12.3,2025-08-24T22:30:00+09:30,PT5M
24,88,8.2,0,0,0,1013.4,237,1.3,147,MOSTLY CLEAR,35.7,12.4,2025-08-24T22:35:00+09:30,PT5M
24,88,8.2,0,0,0,1013.4,235,1.3,148,MOSTLY CLEAR,35.8,12.4,2025-08-24T22:40:00+09:30,PT5M
24,88,8.2,0,0,0,1013.4,234,1.3,149,MOSTLY CLEAR,35.9,12.4,2025-08-24T22:45:00+09:30,PT5M
24,89,8.2,0,0,0,1013.4,232,1.3,150,MOSTLY CLEAR,35.9,12.4,2025-08-24T22:50:00+09:30,PT5M
24,89,12.1,0,0,0,1013.4,231,1.3,151,PARTLY CLOUDY,36,12.5,2025-08-24T22:55:00+09:30,PT5M
24,89,15.9,0,0,0,1013.4,229,1.3,153,PARTLY CLOUDY,36.1,12.5,2025-08-24T23:00:00+09:30,PT5M
24,89,15.9,0,0,0,1013.4,227,1.3,154,PARTLY CLOUDY,36.1,12.5,2025-08-24T23:05:00+09:30,PT5M
24,89,15.9,0,0,0,1013.4,226,1.3,155,PARTLY CLOUDY,36.2,12.6,2025-08-24T23:10:00+09:30,PT5M
24,90,15.9,0,0,0,1013.4,224,1.3,156,PARTLY CLOUDY,36.3,12.6,2025-08-24T23:15:00+09:30,PT5M
24,90,15.9,0,0,0,1013.4,223,1.3,158,PARTLY CLOUDY,36.4,12.6,2025-08-24T23:20:00+09:30,PT5M
24,90,14,0,0,0,1013.4,221,1.3,159,PARTLY CLOUDY,36.4,12.7,2025-08-24T23:25:00+09:30,PT5M
24,91,12.1,0,0,0,1013.4,219,1.3,160,PARTLY CLOUDY,36.5,12.7,2025-08-24T23:30:00+09:30,PT5M
24,91,10.1,0,0,0,1013.4,218,1.3,161,PARTLY CLOUDY,36.6,12.7,2025-08-24T23:35:00+09:30,PT5M
24,91,10.1,0,0,0,1013.4,217,1.3,162,PARTLY CLOUDY,36.7,12.8,2025-08-24T23:40:00+09:30,PT5M
24,92,10.1,0,0,0,1013.4,216,1.3,164,PARTLY CLOUDY,36.7,12.8,2025-08-24T23:45:00+09:30,PT5M
23,92,12.1,0,0,0,1013.4,215,1.3,165,PARTLY CLOUDY,36.8,12.8,2025-08-24T23:50:00+09:30,PT5M
23,92,12.1,0,0,0,1013.4,214,1.3,166,PARTLY CLOUDY,36.9,12.8,2025-08-24T23:55:00+09:30,PT5M
23,93,10.1,0,0,0,1013.4,213,1.3,167,PARTLY CLOUDY,37,12.9,2025-08-25T00:00:00+09:30,PT5M
23,94,12.1,0,0,0,1013.4,212,1.3,168,PARTLY CLOUDY,37,12.9,2025-08-25T00:05:00+09:30,PT5M
23,94,14,0,0,0,1013.4,211,1.3,170,PARTLY CLOUDY,37,13,2025-08-25T00:10:00+09:30,PT5M
23,95,14,0,0,0,1013.5,210,1.3,171,PARTLY CLOUDY,37.1,13,2025-08-25T00:15:00+09:30,PT5M
23,96,12.1,0,0,0,1013.5,209,1.3,172,PARTLY CLOUDY,37.1,13,2025-08-25T00:20:00+09:30,PT5M
23,98,10.1,0,0,0,1013.5,208,1.3,173,PARTLY CLOUDY,37.1,13,2025-08-25T00:25:00+09:30,PT5M
23,100,10.1,0,0,0,1013.5,207,1.3,175,PARTLY CLOUDY,37.1,13.1,2025-08-25T00:30:00+09:30,PT5M
22,103,8.2,0,0,0,1013.5,207,1.4,176,MOSTLY CLEAR,37.2,13.1,2025-08-25T00:35:00+09:30,PT5M
22,108,8.2,0,0,0,1013.4,207,1.4,177,MOSTLY CLEAR,37.2,13.2,2025-08-25T00:40:00+09:30,PT5M
22,120,0,0,0,0,1013.4,207,1.4,178,CLEAR,37.2,13.2,2025-08-25T00:45:00+09:30,PT5M
22,154,8.2,0,0,0,1013.3,207,1.4,179,MOSTLY CLEAR,37.2,13.2,2025-08-25T00:50:00+09:30,PT5M
22,-142,8.2,0,0,0,1013.3,207,1.5,179,MOSTLY CLEAR,37.3,13.2,2025-08-25T00:55:00+09:30,PT5M
22,-116,8.2,0,0,0,1013.2,207,1.5,178,MOSTLY CLEAR,37.3,13.3,2025-08-25T01:00:00+09:30,PT5M
22,-106,8.2,0,0,0,1013.2,207,1.5,177,MOSTLY CLEAR,37.3,13.3,2025-08-25T01:05:00+09:30,PT5M
22,-102,8.2,0,0,0,1013.1,208,1.6,175,MOSTLY CLEAR,37.3,13.3,2025-08-25T01:10:00+09:30,PT5M
22,-99,8.2,0,0,0,1013.1,208,1.6,174,MOSTLY CLEAR,37.3,13.3,2025-08-25T01:15:00+09:30,PT5M
21,-97,8.2,0,0,0,1013,208,1.6,173,MOSTLY CLEAR,37.2,13.4,2025-08-25T01:20:00+09:30,PT5M
21,-96,8.2,0,0,0,1013,208,1.7,172,MOSTLY CLEAR,37.2,13.4,2025-08-25T01:25:00+09:30,PT5M
21,-95,8.2,0,0,0,1012.9,208,1.7,171,MOSTLY CLEAR,37.2,13.4,2025-08-25T01:30:00+09:30,PT5M
21,-94,0,0,0,0,1012.9,208,1.7,169,CLEAR,37.2,13.4,2025-08-25T01:35:00+09:30,PT5M
21,-93,0,0,0,0,1012.9,207,1.7,168,CLEAR,37.2,13.4,2025-08-25T01:40:00+09:30,PT5M
21,-93,8.2,0,0,0,1012.9,207,1.8,167,MOSTLY CLEAR,37.2,13.4,2025-08-25T01:45:00+09:30,PT5M
21,-92,10.1,0,0,0,1012.9,207,1.8,166,PARTLY CLOUDY,37.1,13.5,2025-08-25T01:50:00+09:30,PT5M
21,-92,10.1,0,0,0,1012.9,206,1.8,165,PARTLY CLOUDY,37.1,13.5,2025-08-25T01:55:00+09:30,PT5M
21,-92,10.1,0,0,0,1012.9,206,1.8,163,PARTLY CLOUDY,37.1,13.5,2025-08-25T02:00:00+09:30,PT5M
20,-91,8.2,0,0,0,1012.9,206,1.8,162,MOSTLY CLEAR,37.1,13.5,2025-08-25T02:05:00+09:30,PT5M
20,-91,8.2,0,0,0,1012.9,205,1.9,161,MOSTLY CLEAR,37.1,13.5,2025-08-25T02:10:00+09:30,PT5M
20,-91,0,0,0,0,1012.9,205,1.9,160,CLEAR,37.1,13.5,2025-08-25T02:15:00+09:30,PT5M
20,-90,0,0,0,0,1012.9,205,1.9,158,CLEAR,37.1,13.5,2025-08-25T02:20:00+09:30,PT5M
20,-90,0,0,0,0,1012.9,204,1.9,157,CLEAR,37.1,13.5,2025-08-25T02:25:00+09:30,PT5M
20,-90,8.2,0,0,0,1012.9,204,2,156,MOSTLY CLEAR,37.1,13.5,2025-08-25T02:30:00+09:30,PT5M
20,-89,8.2,0,0,0,1012.9,203,2,155,MOSTLY CLEAR,37,13.5,2025-08-25T02:35:00+09:30,PT5M
20,-89,0,0,0,0,1012.9,201,1.9,154,CLEAR,37,13.5,2025-08-25T02:40:00+09:30,PT5M
20,-89,0,0,0,0,1012.8,200,1.9,152,CLEAR,37,13.5,2025-08-25T02:45:00+09:30,PT5M
20,-89,0,0,0,0,1012.8,198,1.9,151,CLEAR,37,13.5,2025-08-25T02:50:00+09:30,PT5M
20,-89,0,0,0,0,1012.8,196,1.9,150,CLEAR,37,13.5,2025-08-25T02:55:00+09:30,PT5M
20,-88,0,0,0,0,1012.8,195,1.9,149,CLEAR,37,13.5,2025-08-25T03:00:00+09:30,PT5M
20,-88,0,0,0,0,1012.8,193,1.9,147,CLEAR,37,13.5,2025-08-25T03:05:00+09:30,PT5M
20,-88,0,0,0,0,1012.8,191,1.9,146,CLEAR,36.9,13.5,2025-08-25T03:10:00+09:30,PT5M
19,-88,8.2,0,0,0,1012.7,189,1.9,145,MOSTLY CLEAR,36.9,13.5,2025-08-25T03:15:00+09:30,PT5M
19,-88,8.2,0,0,0,1012.7,187,1.9,144,MOSTLY CLEAR,36.9,13.5,2025-08-25T03:20:00+09:30,PT5M
19,-87,8.2,0,0,0,1012.7,186,1.9,143,MOSTLY CLEAR,36.8,13.5,2025-08-25T03:25:00+09:30,PT5M
19,-87,8.2,0,0,0,1012.7,184,1.9,141,MOSTLY CLEAR,36.8,13.5,2025-08-25T03:30:00+09:30,PT5M
19,-87,10.1,0,0,0,1012.7,182,1.9,140,PARTLY CLOUDY,36.7,13.6,2025-08-25T03:35:00+09:30,PT5M
19,-87,12.1,0,0,0,1012.7,180,1.9,139,PARTLY CLOUDY,36.7,13.6,2025-08-25T03:40:00+09:30,PT5M
19,-87,10.1,0,0,0,1012.7,179,1.9,138,PARTLY CLOUDY,36.6,13.6,2025-08-25T03:45:00+09:30,PT5M
19,-86,8.2,0,0,0,1012.7,177,1.9,136,MOSTLY CLEAR,36.6,13.6,2025-08-25T03:50:00+09:30,PT5M
19,-86,10.1,0,0,0,1012.7,175,1.9,135,PARTLY CLOUDY,36.6,13.6,2025-08-25T03:55:00+09:30,PT5M
19,-86,14,0,0,0,1012.7,173,1.9,134,PARTLY CLOUDY,36.5,13.6,2025-08-25T04:00:00+09:30,PT5M
19,-86,14,0,0,0,1012.7,172,1.9,133,PARTLY CLOUDY,36.5,13.6,2025-08-25T04:05:00+09:30,PT5M
19,-86,17.8,0,0,0,1012.7,170,1.9,132,PARTLY CLOUDY,36.4,13.6,2025-08-25T04:10:00+09:30,PT5M
19,-85,25,0,0,0,1012.7,168,1.9,130,PARTLY CLOUDY,36.4,13.6,2025-08-25T04:15:00+09:30,PT5M
19,-85,28.5,0,0,0,1012.7,167,2,129,PARTLY CLOUDY,36.3,13.6,2025-08-25T04:20:00+09:30,PT5M
19,-85,38.5,0,0,0,1012.7,165,2,128,MOSTLY CLOUDY,36.3,13.6,2025-08-25T04:25:00+09:30,PT5M
19,-85,41.7,0,0,0,1012.7,163,2,127,MOSTLY CLOUDY,36.2,13.6,2025-08-25T04:30:00+09:30,PT5M
19,-85,43.3,0,0,0,1012.7,162,2,126,MOSTLY CLOUDY,36.2,13.7,2025-08-25T04:35:00+09:30,PT5M
19,-85,36.9,0,0,0,1012.7,161,2,124,MOSTLY CLOUDY,36.1,13.7,2025-08-25T04:40:00+09:30,PT5M
19,-84,30.3,0,0,0,1012.8,161,2,123,PARTLY CLOUDY,36.1,13.7,2025-08-25T04:45:00+09:30,PT5M
19,-84,21.4,0,0,0,1012.8,160,2,122,PARTLY CLOUDY,36,13.7,2025-08-25T04:50:00+09:30,PT5M
19,-84,26.8,0,0,0,1012.8,159,2,121,PARTLY CLOUDY,36,13.7,2025-08-25T04:55:00+09:30,PT5M
19,-84,28.5,0,0,0,1012.9,158,2,119,PARTLY CLOUDY,35.9,13.7,2025-08-25T05:00:00+09:30,PT5M
19,-84,26.8,0,0,0,1012.9,158,2,118,PARTLY CLOUDY,35.9,13.7,2025-08-25T05:05:00+09:30,PT5M
19,-83,23.2,0,0,0,1012.9,157,2,117,PARTLY CLOUDY,35.8,13.7,2025-08-25T05:10:00+09:30,PT5M
19,-83,23.2,0,0,0,1013,156,2,116,PARTLY CLOUDY,35.8,13.7,2025-08-25T05:15:00+09:30,PT5M
19,-83,19.6,0,0,0,1013,155,2,115,PARTLY CLOUDY,35.7,13.7,2025-08-25T05:20:00+09:30,PT5M
18,-83,12.1,0,0,0,1013,155,2,113,PARTLY CLOUDY,35.6,13.7,2025-08-25T05:25:00+09:30,PT5M
18,-83,0,0,0,0,1013.1,154,2,112,CLEAR,35.6,13.7,2025-08-25T05:30:00+09:30,PT5M
18,-82,8.2,0,0,0,1013.1,153,2,111,MOSTLY CLEAR,35.5,13.7,2025-08-25T05:35:00+09:30,PT5M
18,-82,8.2,0,0,0,1013.1,153,2,110,MOSTLY CLEAR,35.5,13.7,2025-08-25T05:40:00+09:30,PT5M
18,-82,0,0,0,0,1013.1,153,2,109,CLEAR,35.4,13.7,2025-08-25T05:45:00+09:30,PT5M
18,-82,0,0,0,0,1013.1,153,2,107,CLEAR,35.3,13.7,2025-08-25T05:50:00+09:30,PT5M
18,-82,0,0,0,0,1013.2,153,2,106,CLEAR,35.3,13.7,2025-08-25T05:55:00+09:30,PT5M
18,-81,8.2,0,0,0,1013.2,153,2,105,MOSTLY CLEAR,35.2,13.7,2025-08-25T06:00:00+09:30,PT5M
18,-81,8.2,0,0,0,1013.2,153,2,104,MOSTLY CLEAR,35.1,13.7,2025-08-25T06:05:00+09:30,PT5M
18,-81,8.2,0,0,0,1013.2,153,2,103,MOSTLY CLEAR,35,13.7,2025-08-25T06:10:00+09:30,PT5M
18,-81,8.2,0,0,0,1013.2,153,2,101,MOSTLY CLEAR,34.8,13.7,2025-08-25T06:15:00+09:30,PT5M
18,-80,10.1,0,0,0,1013.2,153,2,100,PARTLY CLOUDY,34.6,13.7,2025-08-25T06:20:00+09:30,PT5M
18,-80,8.2,0,0,0,1013.3,153,2,99,MOSTLY CLEAR,34.5,13.7,2025-08-25T06:25:00+09:30,PT5M
18,-80,8.2,0,0,0,1013.3,153,2,98,MOSTLY CLEAR,34.3,13.7,2025-08-25T06:30:00+09:30,PT5M
18,-80,8.2,0,0,0,1013.3,154,2,96,MOSTLY CLEAR,34.2,13.8,2025-08-25T06:35:00+09:30,PT5M
18,-79,0,0,0,0,1013.3,156,1.9,95,CLEAR,34,13.8,2025-08-25T06:40:00+09:30,PT5M
18,-79,0,0,0,0,1013.4,158,1.8,94,CLEAR,33.9,13.8,2025-08-25T06:45:00+09:30,PT5M
19,-79,0,0,0,0,1013.4,160,1.8,93,CLEAR,33.7,13.8,2025-08-25T06:50:00+09:30,PT5M
19,-79,0,0,0,0,1013.5,162,1.7,92,FOG,33.5,13.8,2025-08-25T06:55:00+09:30,PT5M
19,-78,0,0,0,0,1013.5,164,1.6,91,FOG,33.4,13.8,2025-08-25T07:00:00+09:30,PT5M
19,-78,0,4,4,0,1013.6,167,1.6,89,FOG,33.2,13.8,2025-08-25T07:05:00+09:30,PT5M
19,-78,0,14,14,0,1013.6,170,1.5,88,FOG,32.9,13.7,2025-08-25T07:10:00+09:30,PT5M
19,-78,0,25,27,0,1013.6,172,1.5,87,FOG,32.7,13.7,2025-08-25T07:15:00+09:30,PT5M
19,-77,0,38,45,0,1013.7,176,1.4,86,FOG,32.4,13.6,2025-08-25T07:20:00+09:30,PT5M
19,-77,0,52,65,0,1013.7,179,1.4,85,FOG,32.2,13.6,2025-08-25T07:25:00+09:30,PT5M
19,-77,0,68,83,0,1013.8,183,1.3,83,FOG,31.9,13.5,2025-08-25T07:30:00+09:30,PT5M
19,-76,0,84,102,0,1013.8,185,1.3,82,SUNNY,31.7,13.5,2025-08-25T07:35:00+09:30,PT5M
19,-76,0,102,122,0,1013.9,188,1.2,81,SUNNY,31.4,13.4,2025-08-25T07:40:00+09:30,PT5M
20,-76,0,119,142,0,1013.9,190,1.2,80,SUNNY,31.2,13.4,2025-08-25T07:45:00+09:30,PT5M
21,-75,0,138,162,0,1014,192,1.2,79,SUNNY,30.9,13.3,2025-08-25T07:50:00+09:30,PT5M
21,-75,0,156,182,0,1014,195,1.1,77,SUNNY,30.7,13.3,2025-08-25T07:55:00+09:30,PT5M
22,-75,0,175,203,0,1014.1,198,1.1,76,SUNNY,30.4,13.2,2025-08-25T08:00:00+09:30,PT5M
22,-74,0,194,224,0,1014.1,201,1,75,SUNNY,30.2,13.1,2025-08-25T08:05:00+09:30,PT5M
23,-74,0,214,245,0,1014.2,204,1,74,SUNNY,29.9,13,2025-08-25T08:10:00+09:30,PT5M
23,-74,0,234,266,0,1014.2,207,1,73,SUNNY,29.7,12.9,2025-08-25T08:15:00+09:30,PT5M
24,-73,0,253,287,0,1014.3,211,1,72,SUNNY,29.5,12.8,2025-08-25T08:20:00+09:30,PT5M
24,-73,0,273,308,0,1014.3,215,0.9,70,SUNNY,29.2,12.6,2025-08-25T08:25:00+09:30,PT5M
25,-73,0,293,329,0,1014.4,219,0.9,69,SUNNY,29,12.5,2025-08-25T08:30:00+09:30,PT5M
25,-72,0,312,350,0,1014.4,222,0.9,68,SUNNY,28.7,12.4,2025-08-25T08:35:00+09:30,PT5M
25,-72,0,332,370,0,1014.4,224,0.9,67,SUNNY,28.5,12.3,2025-08-25T08:40:00+09:30,PT5M
26,-71,0,351,391,0,1014.5,226,0.9,66,SUNNY,28.2,12.1,2025-08-25T08:45:00+09:30,PT5M
26,-71,0,371,411,0,1014.5,228,0.9,65,SUNNY,28,12,2025-08-25T08:50:00+09:30,PT5M
26,-70,0,390,431,0,1014.5,230,0.9,63,SUNNY,27.8,11.9,2025-08-25T08:55:00+09:30,PT5M
26,-70,0,409,451,0,1014.6,233,0.9,62,SUNNY,27.5,11.8,2025-08-25T09:00:00+09:30,PT5M
26,-69,0,428,471,0,1014.6,235,0.9,61,SUNNY,27.3,11.6,2025-08-25T09:05:00+09:30,PT5M
27,-69,0,447,491,0,1014.6,237,0.9,60,SUNNY,27.1,11.4,2025-08-25T09:10:00+09:30,PT5M
27,-68,0,465,510,0,1014.7,239,0.9,59,SUNNY,26.8,11.2,2025-08-25T09:15:00+09:30,PT5M
27,-68,0,483,529,0,1014.7,241,1,58,SUNNY,26.6,11.1,2025-08-25T09:20:00+09:30,PT5M
27,-67,0,501,548,0,1014.7,243,1,57,SUNNY,26.4,10.9,2025-08-25T09:25:00+09:30,PT5M
27,-67,0,519,567,0,1014.8,245,1,55,SUNNY,26.2,10.7,2025-08-25T09:30:00+09:30,PT5M
28,-66,0,538,586,0,1014.8,247,1,54,SUNNY,25.9,10.5,2025-08-25T09:35:00+09:30,PT5M
28,-65,0,555,604,0,1014.8,250,1,53,SUNNY,25.7,10.3,2025-08-25T09:40:00+09:30,PT5M
28,-65,0,572,622,0,1014.8,253,1,52,SUNNY,25.5,10.1,2025-08-25T09:45:00+09:30,PT5M
28,-64,0,589,639,0,1014.8,256,1,51,SUNNY,25.3,10,2025-08-25T09:50:00+09:30,PT5M
28,-63,0,605,656,0,1014.8,258,1,50,SUNNY,25,9.8,2025-08-25T09:55:00+09:30,PT5M
29,-62,0,621,672,0,1014.8,261,1.1,49,SUNNY,24.8,9.6,2025-08-25T10:00:00+09:30,PT5M
29,-62,0,636,689,0,1014.8,263,1.1,48,SUNNY,24.6,9.5,2025-08-25T10:05:00+09:30,PT5M
29,-61,0,651,704,0,1014.9,265,1.1,47,SUNNY,24.4,9.4,2025-08-25T10:10:00+09:30,PT5M
29,-60,0,666,720,0,1014.9,268,1.1,46,SUNNY,24.2,9.4,2025-08-25T10:15:00+09:30,PT5M
30,-59,0,681,734,0,1014.9,270,1.1,45,SUNNY,24,9.3,2025-08-25T10:20:00+09:30,PT5M
30,-58,0,695,749,0,1014.9,272,1.2,43,SUNNY,23.8,9.2,2025-08-25T10:25:00+09:30,PT5M
30,-57,0,708,763,0,1014.9,274,1.2,42,SUNNY,23.6,9.2,2025-08-25T10:30:00+09:30,PT5M
30,-56,0,721,777,0,1014.9,276,1.2,41,SUNNY,23.5,9.1,2025-08-25T10:35:00+09:30,PT5M
30,-55,0,734,790,0,1014.8,278,1.2,40,SUNNY,23.3,9.1,2025-08-25T10:40:00+09:30,PT5M
31,-54,0,746,803,0,1014.8,280,1.2,39,SUNNY,23.1,9,2025-08-25T10:45:00+09:30,PT5M
31,-53,0,758,815,0,1014.8,282,1.2,38,SUNNY,22.9,8.9,2025-08-25T10:50:00+09:30,PT5M
31,-52,0,770,827,0,1014.7,284,1.2,37,SUNNY,22.7,8.9,2025-08-25T10:55:00+09:30,PT5M
31,-50,0,781,838,0,1014.7,286,1.2,37,SUNNY,22.5,8.8,2025-08-25T11:00:00+09:30,PT5M
31,-49,0,791,849,0,1014.7,288,1.2,36,SUNNY,22.3,8.8,2025-08-25T11:05:00+09:30,PT5M
32,-48,0,802,860,0,1014.6,290,1.2,35,SUNNY,22.1,8.7,2025-08-25T11:10:00+09:30,PT5M
32,-46,0,811,870,0,1014.6,292,1.2,34,SUNNY,21.9,8.6,2025-08-25T11:15:00+09:30,PT5M
32,-45,0,821,879,0,1014.6,294,1.2,33,SUNNY,21.7,8.6,2025-08-25T11:20:00+09:30,PT5M
32,-43,0,829,888,0,1014.5,296,1.2,32,SUNNY,21.5,8.5,2025-08-25T11:25:00+09:30,PT5M
32,-41,0,838,897,0,1014.5,298,1.2,31,SUNNY,21.3,8.4,2025-08-25T11:30:00+09:30,PT5M
32,-39,0,846,905,0,1014.5,299,1.3,30,SUNNY,21.1,8.4,2025-08-25T11:35:00+09:30,PT5M
33,-37,0,853,913,0,1014.4,300,1.3,30,SUNNY,20.9,8.3,2025-08-25T11:40:00+09:30,PT5M
33,-35,0,860,920,0,1014.3,301,1.3,29,SUNNY,20.7,8.2,2025-08-25T11:45:00+09:30,PT5M
33,-33,0,866,926,0,1014.3,302,1.3,28,SUNNY,20.5,8.2,2025-08-25T11:50:00+09:30,PT5M
33,-31,0,872,932,0,1014.2,303,1.4,28,SUNNY,20.3,8.1,2025-08-25T11:55:00+09:30,PT5M
33,-29,0,877,938,0,1014.2,304,1.4,27,SUNNY,20.1,8,2025-08-25T12:00:00+09:30,PT5M
33,-26,0,882,943,0,1014.1,305,1.4,26,SUNNY,20.1,8,2025-08-25T12:05:00+09:30,PT5M
33,-24,0,886,947,0,1014,306,1.4,26,SUNNY,20.3,7.9,2025-08-25T12:10:00+09:30,PT5M
33,-21,0,890,951,0,1014,307,1.5,25,SUNNY,20.5,7.8,2025-08-25T12:15:00+09:30,PT5M
33,-19,0,893,954,0,1013.9,308,1.5,25,SUNNY,20.7,7.8,2025-08-25T12:20:00+09:30,PT5M
33,-16,0,896,957,0,1013.9,309,1.5,25,SUNNY,20.9,7.7,2025-08-25T12:25:00+09:30,PT5M
33,-13,0,898,959,0,1013.8,309,1.5,24,SUNNY,21.1,7.6,2025-08-25T12:30:00+09:30,PT5M
33,-10,0,900,961,0,1013.7,310,1.6,24,SUNNY,21.3,7.6,2025-08-25T12:35:00+09:30,PT5M
33,-7,0,901,962,0,1013.6,310,1.6,24,SUNNY,21.5,7.5,2025-08-25T12:40:00+09:30,PT5M
33,-4,0,902,963,0,1013.5,310,1.7,24,SUNNY,21.7,7.4,2025-08-25T12:45:00+09:30,PT5M
33,-1,0,902,963,0,1013.4,310,1.7,24,SUNNY,21.9,7.4,2025-08-25T12:50:00+09:30,PT5M
33,2,0,901,963,0,1013.3,309,1.7,24,SUNNY,22.1,7.3,2025-08-25T12:55:00+09:30,PT5M
33,5,0,901,962,0,1013.2,309,1.8,24,SUNNY,22.3,7.2,2025-08-25T13:00:00+09:30,PT5M
34,8,0,899,960,0,1013.1,309,1.8,24,SUNNY,22.7,7.2,2025-08-25T13:05:00+09:30,PT5M
34,11,0,897,958,0,1013,309,1.9,24,SUNNY,23.3,7.1,2025-08-25T13:10:00+09:30,PT5M
34,14,0,895,956,0,1012.9,309,1.9,24,SUNNY,23.9,7.1,2025-08-25T13:15:00+09:30,PT5M
34,17,0,892,953,0,1012.8,309,2,25,SUNNY,24.4,7.1,2025-08-25T13:20:00+09:30,PT5M
34,20,0,888,949,0,1012.7,309,2,25,SUNNY,25,7,2025-08-25T13:25:00+09:30,PT5M
34,22,1.5,871,930,0,1012.6,309,2,26,MOSTLY SUNNY,25.6,7,2025-08-25T13:30:00+09:30,PT5M
34,25,0,880,940,0,1012.5,309,2.1,26,SUNNY,26.2,6.9,2025-08-25T13:35:00+09:30,PT5M
34,27,0,875,935,0,1012.5,308,2.1,27,SUNNY,26.8,6.9,2025-08-25T13:40:00+09:30,PT5M
34,30,0,870,930,0,1012.4,308,2.2,27,SUNNY,27.4,6.8,2025-08-25T13:45:00+09:30,PT5M
34,32,0,864,923,0,1012.3,307,2.2,28,SUNNY,27.9,6.8,2025-08-25T13:50:00+09:30,PT5M
34,34,0,857,917,0,1012.3,307,2.3,29,SUNNY,28.5,6.8,2025-08-25T13:55:00+09:30,PT5M
34,36,0,850,910,0,1012.2,307,2.3,29,SUNNY,29.1,6.7,2025-08-25T14:00:00+09:30,PT5M
34,38,0,843,902,0,1012.1,306,2.4,30,SUNNY,29.7,6.7,2025-08-25T14:05:00+09:30,PT5M
34,40,0,835,894,0,1012.1,306,2.4,31,SUNNY,30.3,6.7,2025-08-25T14:10:00+09:30,PT5M
34,42,0,827,885,0,1012,305,2.5,32,SUNNY,30.9,6.7,2025-08-25T14:15:00+09:30,PT5M
34,44,0,818,876,0,1011.9,305,2.5,32,SUNNY,31.4,6.6,2025-08-25T14:20:00+09:30,PT5M
34,45,0,809,866,0,1011.9,305,2.6,33,SUNNY,32,6.6,2025-08-25T14:25:00+09:30,PT5M
34,47,0,799,856,0,1011.8,304,2.6,34,SUNNY,32.6,6.6,2025-08-25T14:30:00+09:30,PT5M
34,48,0,789,846,0,1011.8,304,2.7,35,SUNNY,33.2,6.6,2025-08-25T14:35:00+09:30,PT5M
34,50,0,778,835,0,1011.7,304,2.8,36,SUNNY,33.8,6.6,2025-08-25T14:40:00+09:30,PT5M
34,51,0,767,824,0,1011.7,304,2.8,37,SUNNY,34.4,6.6,2025-08-25T14:45:00+09:30,PT5M
34,52,0,756,812,0,1011.6,304,2.9,38,SUNNY,34.9,6.5,2025-08-25T14:50:00+09:30,PT5M
33,53,0,744,799,0,1011.6,304,3,39,SUNNY,35.5,6.5,2025-08-25T14:55:00+09:30,PT5M
33,55,0,732,787,0,1011.5,304,3,40,SUNNY,36.1,6.5,2025-08-25T15:00:00+09:30,PT5M
33,56,0,719,773,0,1011.5,304,3.1,41,SUNNY,36.5,6.8,2025-08-25T15:05:00+09:30,PT5M
33,57,0,705,759,0,1011.5,304,3.2,42,SUNNY,36.8,7.2,2025-08-25T15:10:00+09:30,PT5M
33,58,0,691,745,0,1011.4,303,3.2,43,SUNNY,37.1,7.8,2025-08-25T15:15:00+09:30,PT5M
33,59,0,677,730,0,1011.4,303,3.3,44,SUNNY,37.4,8.3,2025-08-25T15:20:00+09:30,PT5M
33,60,0,662,714,0,1011.3,303,3.4,45,SUNNY,37.7,8.8,2025-08-25T15:25:00+09:30,PT5M
33,60,0,647,698,0,1011.3,303,3.4,46,SUNNY,38,9.2,2025-08-25T15:30:00+09:30,PT5M
33,61,0,631,682,0,1011.3,303,3.5,47,SUNNY,38.2,9.8,2025-08-25T15:35:00+09:30,PT5M
33,62,0,616,666,0,1011.2,302,3.5,48,SUNNY,38.5,10.3,2025-08-25T15:40:00+09:30,PT5M
33,63,4.5,572,616,0,1011.2,302,3.6,49,MOSTLY SUNNY,38.8,10.8,2025-08-25T15:45:00+09:30,PT5M
33,64,13.8,503,534,0,1011.2,301,3.6,50,PARTLY CLOUDY,39.1,11.3,2025-08-25T15:50:00+09:30,PT5M
33,64,6.1,532,572,0,1011.2,301,3.7,51,MOSTLY SUNNY,39.4,11.8,2025-08-25T15:55:00+09:30,PT5M
32,65,2.9,533,577,0,1011.1,301,3.7,52,MOSTLY SUNNY,39.7,12.2,2025-08-25T16:00:00+09:30,PT5M
32,66,0,533,579,0,1011.1,300,3.8,54,SUNNY,39.8,12.5,2025-08-25T16:05:00+09:30,PT5M
32,66,0,516,561,0,1011.1,300,3.8,55,SUNNY,39.8,12.5,2025-08-25T16:10:00+09:30,PT5M
32,67,0,498,543,0,1011.1,299,3.9,56,SUNNY,39.7,12.5,2025-08-25T16:15:00+09:30,PT5M
32,67,0,481,525,0,1011,299,3.9,57,SUNNY,39.7,12.5,2025-08-25T16:20:00+09:30,PT5M
32,68,2.4,452,493,0,1011,298,4,58,MOSTLY SUNNY,39.6,12.5,2025-08-25T16:25:00+09:30,PT5M
32,69,4.9,424,461,0,1011,298,4,59,MOSTLY SUNNY,39.6,12.5,2025-08-25T16:30:00+09:30,PT5M
31,69,4.5,408,445,0,1011,298,4.1,60,MOSTLY SUNNY,39.6,12.4,2025-08-25T16:35:00+09:30,PT5M
31,70,0.1,408,449,0,1011,297,4.1,61,MOSTLY SUNNY,39.6,12.4,2025-08-25T16:40:00+09:30,PT5M
31,70,0,391,430,0,1011,296,4.1,63,SUNNY,39.5,12.4,2025-08-25T16:45:00+09:30,PT5M
31,71,0,372,411,0,1011,296,4.1,64,SUNNY,39.5,12.4,2025-08-25T16:50:00+09:30,PT5M
31,71,0,353,391,0,1011.1,295,4.1,65,SUNNY,39.4,12.4,2025-08-25T16:55:00+09:30,PT5M
30,72,0,334,371,0,1011.1,294,4.2,66,SUNNY,39.4,12.4,2025-08-25T17:00:00+09:30,PT5M
30,72,4.4,301,333,0,1011.1,294,4.2,67,MOSTLY SUNNY,39.4,12.4,2025-08-25T17:05:00+09:30,PT5M
30,72,4.6,283,313,0,1011.1,293,4.2,68,MOSTLY SUNNY,39.4,12.5,2025-08-25T17:10:00+09:30,PT5M
30,73,0,277,310,0,1011.1,293,4.2,70,SUNNY,39.3,12.6,2025-08-25T17:15:00+09:30,PT5M
30,73,0,258,290,0,1011.1,292,4.2,71,SUNNY,39.3,12.7,2025-08-25T17:20:00+09:30,PT5M
29,74,0,239,270,0,1011.2,291,4.2,72,SUNNY,39.2,12.8,2025-08-25T17:25:00+09:30,PT5M
29,74,0,220,249,0,1011.2,291,4.3,73,SUNNY,39.2,12.9,2025-08-25T17:30:00+09:30,PT5M
29,74,0,201,229,0,1011.2,290,4.3,74,SUNNY,39.2,13,2025-08-25T17:35:00+09:30,PT5M
29,75,12.4,159,175,0,1011.2,289,4.2,75,PARTLY CLOUDY,39.2,13.1,2025-08-25T17:40:00+09:30,PT5M
29,75,20,130,138,0,1011.3,289,4.2,77,PARTLY CLOUDY,39.1,13.2,2025-08-25T17:45:00+09:30,PT5M
29,75,20,116,122,0,1011.3,288,4.2,78,PARTLY CLOUDY,39.1,13.3,2025-08-25T17:50:00+09:30,PT5M
29,76,27.2,92,93,0,1011.3,287,4.2,79,PARTLY CLOUDY,39,13.4,2025-08-25T17:55:00+09:30,PT5M
29,76,36.2,69,69,0,1011.4,286,4.2,80,MOSTLY CLOUDY,39,13.5,2025-08-25T18:00:00+09:30,PT5M
28,76,22.1,72,73,0,1011.4,286,4.2,81,PARTLY CLOUDY,39.1,13.6,2025-08-25T18:05:00+09:30,PT5M
28,77,23.2,58,58,0,1011.4,285,4.1,82,PARTLY CLOUDY,39.2,13.7,2025-08-25T18:10:00+09:30,PT5M
28,77,23.2,46,46,0,1011.5,284,4.1,84,PARTLY CLOUDY,39.3,13.9,2025-08-25T18:15:00+09:30,PT5M
28,77,43.3,26,26,0,1011.5,283,4.1,85,MOSTLY CLOUDY,39.4,14,2025-08-25T18:20:00+09:30,PT5M
28,78,21.4,25,25,0,1011.5,283,4.1,86,PARTLY CLOUDY,39.5,14.1,2025-08-25T18:25:00+09:30,PT5M
28,78,49.2,10,10,0,1011.6,282,4.1,87,MOSTLY CLOUDY,39.6,14.3,2025-08-25T18:30:00+09:30,PT5M
28,78,50.7,5,5,0,1011.6,281,4.1,88,MOSTLY CLOUDY,39.7,14.4,2025-08-25T18:35:00+09:30,PT5M
28,78,47.8,1,1,0,1011.7,280,4.1,90,MOSTLY CLOUDY,39.8,14.6,2025-08-25T18:40:00+09:30,PT5M
28,79,44.8,0,0,0,1011.7,279,4.1,91,MOSTLY CLOUDY,39.9,14.7,2025-08-25T18:45:00+09:30,PT5M
28,79,44.8,0,0,0,1011.8,278,4,92,MOSTLY CLOUDY,40,14.8,2025-08-25T18:50:00+09:30,PT5M
27,79,46.3,0,0,0,1011.8,278,4,93,MOSTLY CLOUDY,40.1,15,2025-08-25T18:55:00+09:30,PT5M
27,79,97,0,0,0,1011.9,277,4,94,OVERCAST,40.2,15.1,2025-08-25T19:00:00+09:30,PT5M
27,80,63.8,0,0,0,1012,276,4,96,OVERCAST,40.4,15.2,2025-08-25T19:05:00+09:30,PT5M
27,80,38.5,0,0,0,1012,275,4,97,MOSTLY CLOUDY,40.7,15.4,2025-08-25T19:10:00+09:30,PT5M
27,80,35.3,0,0,0,1012.1,274,4,98,MOSTLY CLOUDY,40.9,15.4,2025-08-25T19:15:00+09:30,PT5M
27,80,40.1,0,0,0,1012.1,274,4,99,MOSTLY CLOUDY,41.1,15.6,2025-08-25T19:20:00+09:30,PT5M
27,81,46.3,0,0,0,1012.2,273,4,100,MOSTLY CLOUDY,41.4,15.6,2025-08-25T19:25:00+09:30,PT5M
27,81,43.3,0,0,0,1012.3,272,4,102,MOSTLY CLOUDY,41.6,15.8,2025-08-25T19:30:00+09:30,PT5M
26,81,49.2,0,0,0,1012.3,271,4,103,MOSTLY CLOUDY,41.8,15.8,2025-08-25T19:35:00+09:30,PT5M
26,81,54.8,0,0,0,1012.4,271,3.9,104,MOSTLY CLOUDY,42,16,2025-08-25T19:40:00+09:30,PT5M
26,82,61.4,0,0,0,1012.4,270,3.9,105,OVERCAST,42.3,16.1,2025-08-25T19:45:00+09:30,PT5M
26,82,65,0,0,0,1012.5,270,3.8,106,OVERCAST,42.5,16.2,2025-08-25T19:50:00+09:30,PT5M
26,82,69.6,0,0,0,1012.5,269,3.8,108,OVERCAST,42.8,16.2,2025-08-25T19:55:00+09:30,PT5M
26,82,73.8,0,0,0,1012.6,269,3.7,109,OVERCAST,43,16.4,2025-08-25T20:00:00+09:30,PT5M
26,82,62.6,0,0,0,1012.7,268,3.7,110,OVERCAST,43.2,16.4,2025-08-25T20:05:00+09:30,PT5M
26,83,47.8,0,0,0,1012.7,268,3.6,111,MOSTLY CLOUDY,43.4,16.5,2025-08-25T20:10:00+09:30,PT5M
26,83,47.8,0,0,0,1012.8,267,3.6,113,MOSTLY CLOUDY,43.7,16.6,2025-08-25T20:15:00+09:30,PT5M
26,83,47.8,0,0,0,1012.8,266,3.5,114,MOSTLY CLOUDY,43.9,16.7,2025-08-25T20:20:00+09:30,PT5M
25,83,53.5,0,0,0,1012.9,266,3.5,115,MOSTLY CLOUDY,44.2,16.7,2025-08-25T20:25:00+09:30,PT5M
25,83,58.8,0,0,0,1013,265,3.4,116,MOSTLY CLOUDY,44.4,16.8,2025-08-25T20:30:00+09:30,PT5M
25,84,67.4,0,0,0,1013,265,3.4,117,OVERCAST,44.6,16.9,2025-08-25T20:35:00+09:30,PT5M
25,84,75.8,0,0,0,1013.1,265,3.4,119,OVERCAST,44.8,17,2025-08-25T20:40:00+09:30,PT5M
25,84,74.8,0,0,0,1013.1,265,3.4,120,OVERCAST,45.1,17,2025-08-25T20:45:00+09:30,PT5M
25,84,68.5,0,0,0,1013.2,264,3.3,121,OVERCAST,45.3,17.1,2025-08-25T20:50:00+09:30,PT5M
25,84,76.8,0,0,0,1013.2,264,3.3,122,OVERCAST,45.6,17.2,2025-08-25T20:55:00+09:30,PT5M
25,85,82.1,0,0,0,1013.3,264,3.3,123,OVERCAST,45.8,17.3,2025-08-25T21:00:00+09:30,PT5M
25,85,82.1,0,0,0,1013.3,264,3.3,125,OVERCAST,46,17.3,2025-08-25T21:05:00+09:30,PT5M
25,85,80.4,0,0,0,1013.4,264,3.2,126,OVERCAST,46.1,17.4,2025-08-25T21:10:00+09:30,PT5M
25,85,75.8,0,0,0,1013.4,263,3.2,127,OVERCAST,46.2,17.4,2025-08-25T21:15:00+09:30,PT5M
25,85,77.7,0,0,0,1013.5,263,3.2,128,OVERCAST,46.3,17.4,2025-08-25T21:20:00+09:30,PT5M
25,86,80.4,0,0,0,1013.5,263,3.2,130,OVERCAST,46.4,17.5,2025-08-25T21:25:00+09:30,PT5M
25,86,81.2,0,0,0,1013.6,263,3.1,131,OVERCAST,46.5,17.5,2025-08-25T21:30:00+09:30,PT5M
25,86,83.7,0,0,0,1013.6,262,3.1,132,OVERCAST,46.6,17.6,2025-08-25T21:35:00+09:30,PT5M
25,86,82.9,0,0,0,1013.6,262,3.1,133,OVERCAST,46.7,17.6,2025-08-25T21:40:00+09:30,PT5M
25,86,82.9,0,0,0,1013.6,262,3.1,134,OVERCAST,46.8,17.7,2025-08-25T21:45:00+09:30,PT5M
25,87,83.7,0,0,0,1013.6,261,3,136,OVERCAST,46.9,17.7,2025-08-25T21:50:00+09:30,PT5M
25,87,83.7,0,0,0,1013.6,261,3,137,OVERCAST,47,17.7,2025-08-25T21:55:00+09:30,PT5M
25,87,82.9,0,0,0,1013.6,261,3,138,OVERCAST,47.1,17.8,2025-08-25T22:00:00+09:30,PT5M
25,87,85.9,0,0,0,1013.6,260,3,139,OVERCAST,47.2,17.8,2025-08-25T22:05:00+09:30,PT5M
25,87,85.9,0,0,0,1013.6,260,3,140,OVERCAST,47.2,17.8,2025-08-25T22:10:00+09:30,PT5M
25,88,85.9,0,0,0,1013.6,259,2.9,142,OVERCAST,47.2,17.9,2025-08-25T22:15:00+09:30,PT5M
25,88,86.6,0,0,0,1013.6,259,2.9,143,OVERCAST,47.2,17.9,2025-08-25T22:20:00+09:30,PT5M
25,88,82.9,0,0,0,1013.6,259,2.9,144,OVERCAST,47.2,17.9,2025-08-25T22:25:00+09:30,PT5M
25,88,82.9,0,0,0,1013.6,258,2.9,145,OVERCAST,47.2,17.9,2025-08-25T22:30:00+09:30,PT5M
25,89,82.9,0,0,0,1013.6,258,2.8,147,OVERCAST,47.1,18,2025-08-25T22:35:00+09:30,PT5M
24,89,81.2,0,0,0,1013.6,257,2.8,148,OVERCAST,47.1,18,2025-08-25T22:40:00+09:30,PT5M
24,89,74.8,0,0,0,1013.6,257,2.8,149,OVERCAST,47.1,18,2025-08-25T22:45:00+09:30,PT5M
24,89,68.5,0,0,0,1013.6,256,2.7,150,OVERCAST,47.1,18,2025-08-25T22:50:00+09:30,PT5M
24,89,62.6,0,0,0,1013.7,256,2.7,151,OVERCAST,47.1,18.1,2025-08-25T22:55:00+09:30,PT5M
24,90,66.2,0,0,0,1013.7,255,2.7,153,OVERCAST,47.1,18.1,2025-08-25T23:00:00+09:30,PT5M
24,90,66.2,0,0,0,1013.7,254,2.6,154,OVERCAST,47.1,18.1,2025-08-25T23:05:00+09:30,PT5M
24,90,57.5,0,0,0,1013.7,254,2.6,155,MOSTLY CLOUDY,47.1,18.1,2025-08-25T23:10:00+09:30,PT5M
24,91,50.7,0,0,0,1013.7,253,2.6,156,MOSTLY CLOUDY,47.1,18.1,2025-08-25T23:15:00+09:30,PT5M
24,91,46.3,0,0,0,1013.7,252,2.5,158,MOSTLY CLOUDY,47.1,18.2,2025-08-25T23:20:00+09:30,PT5M
24,91,46.3,0,0,0,1013.8,252,2.5,159,MOSTLY CLOUDY,47.1,18.2,2025-08-25T23:25:00+09:30,PT5M
24,92,41.7,0,0,0,1013.8,251,2.5,160,MOSTLY CLOUDY,47.1,18.2,2025-08-25T23:30:00+09:30,PT5M
24,92,44.8,0,0,0,1013.8,250,2.4,161,MOSTLY CLOUDY,47,18.2,2025-08-25T23:35:00+09:30,PT5M
23,92,46.3,0,0,0,1013.8,250,2.4,162,MOSTLY CLOUDY,47,18.2,2025-08-25T23:40:00+09:30,PT5M
23,93,50.7,0,0,0,1013.8,249,2.4,164,MOSTLY CLOUDY,47,18.2,2025-08-25T23:45:00+09:30,PT5M
23,93,49.2,0,0,0,1013.8,248,2.4,165,MOSTLY CLOUDY,47,18.3,2025-08-25T23:50:00+09:30,PT5M
23,94,53.5,0,0,0,1013.7,247,2.4,166,MOSTLY CLOUDY,47,18.3,2025-08-25T23:55:00+09:30,PT5M
23,94,53.5,0,0,0,1013.7,246,2.4,167,MOSTLY CLOUDY,47,18.3,2025-08-26T00:00:00+09:30,PT5M
23,95,40.1,0,0,0,1013.7,245,2.4,169,MOSTLY CLOUDY,47,18.3,2025-08-26T00:05:00+09:30,PT5M
23,96,35.3,0,0,0,1013.7,244,2.4,170,MOSTLY CLOUDY,47,18.3,2025-08-26T00:10:00+09:30,PT5M
23,97,26.8,0,0,0,1013.7,243,2.4,171,PARTLY CLOUDY,46.9,18.3,2025-08-26T00:15:00+09:30,PT5M
23,99,21.4,0,0,0,1013.7,242,2.4,172,PARTLY CLOUDY,46.9,18.3,2025-08-26T00:20:00+09:30,PT5M
23,101,17.8,0,0,0,1013.7,242,2.4,173,PARTLY CLOUDY,46.8,18.3,2025-08-26T00:25:00+09:30,PT5M
23,103,21.4,0,0,0,1013.7,241,2.4,175,PARTLY CLOUDY,46.8,18.3,2025-08-26T00:30:00+09:30,PT5M
23,107,25,0,0,0,1013.7,240,2.4,176,PARTLY CLOUDY,46.8,18.3,2025-08-26T00:35:00+09:30,PT5M
23,114,25,0,0,0,1013.6,240,2.4,177,PARTLY CLOUDY,46.8,18.3,2025-08-26T00:40:00+09:30,PT5M
23,129,23.2,0,0,0,1013.5,239,2.4,178,PARTLY CLOUDY,46.7,18.3,2025-08-26T00:45:00+09:30,PT5M
23,163,23.2,0,0,0,1013.5,239,2.4,179,PARTLY CLOUDY,46.7,18.3,2025-08-26T00:50:00+09:30,PT5M
23,-148,25,0,0,0,1013.4,238,2.4,178,PARTLY CLOUDY,46.6,18.3,2025-08-26T00:55:00+09:30,PT5M
23,-122,25,0,0,0,1013.4,238,2.4,178,PARTLY CLOUDY,46.6,18.3,2025-08-26T01:00:00+09:30,PT5M
23,-111,25,0,0,0,1013.3,237,2.4,176,PARTLY CLOUDY,46.6,18.3,2025-08-26T01:05:00+09:30,PT5M
23,-106,17.8,0,0,0,1013.2,237,2.4,175,PARTLY CLOUDY,46.5,18.3,2025-08-26T01:10:00+09:30,PT5M
23,-102,15.9,0,0,0,1013.2,237,2.4,174,PARTLY CLOUDY,46.5,18.3,2025-08-26T01:15:00+09:30,PT5M
23,-100,15.9,0,0,0,1013.1,236,2.4,173,PARTLY CLOUDY,46.4,18.3,2025-08-26T01:20:00+09:30,PT5M
23,-98,14,0,0,0,1013.1,236,2.4,172,PARTLY CLOUDY,46.3,18.3,2025-08-26T01:25:00+09:30,PT5M
23,-97,15.9,0,0,0,1013,235,2.4,171,PARTLY CLOUDY,46.3,18.3,2025-08-26T01:30:00+09:30,PT5M
23,-96,14,0,0,0,1013,235,2.4,169,PARTLY CLOUDY,46.2,18.2,2025-08-26T01:35:00+09:30,PT5M
22,-95,14,0,0,0,1012.9,235,2.4,168,PARTLY CLOUDY,46.2,18.2,2025-08-26T01:40:00+09:30,PT5M
22,-94,12.1,0,0,0,1012.9,234,2.4,167,PARTLY CLOUDY,46.1,18.2,2025-08-26T01:45:00+09:30,PT5M
22,-94,10.1,0,0,0,1012.9,234,2.4,166,PARTLY CLOUDY,46,18.2,2025-08-26T01:50:00+09:30,PT5M
22,-93,14,0,0,0,1012.8,234,2.4,164,PARTLY CLOUDY,46,18.2,2025-08-26T01:55:00+09:30,PT5M
22,-93,15.9,0,0,0,1012.8,234,2.4,163,PARTLY CLOUDY,45.9,18.2,2025-08-26T02:00:00+09:30,PT5M
22,-92,17.8,0,0,0,1012.8,233,2.4,162,PARTLY CLOUDY,45.9,18.2,2025-08-26T02:05:00+09:30,PT5M
22,-92,17.8,0,0,0,1012.7,233,2.3,161,PARTLY CLOUDY,45.8,18.2,2025-08-26T02:10:00+09:30,PT5M
22,-92,17.8,0,0,0,1012.7,233,2.3,160,PARTLY CLOUDY,45.8,18.2,2025-08-26T02:15:00+09:30,PT5M
22,-91,15.9,0,0,0,1012.7,233,2.3,158,PARTLY CLOUDY,45.7,18.1,2025-08-26T02:20:00+09:30,PT5M
22,-91,15.9,0,0,0,1012.6,233,2.3,157,PARTLY CLOUDY,45.7,18.1,2025-08-26T02:25:00+09:30,PT5M
22,-91,12.1,0,0,0,1012.6,232,2.3,156,PARTLY CLOUDY,45.6,18.1,2025-08-26T02:30:00+09:30,PT5M
22,-90,14,0,0,0,1012.6,232,2.3,155,PARTLY CLOUDY,45.6,18.1,2025-08-26T02:35:00+09:30,PT5M
22,-90,12.1,0,0,0,1012.5,232,2.3,153,PARTLY CLOUDY,45.5,18.1,2025-08-26T02:40:00+09:30,PT5M
22,-90,14,0,0,0,1012.5,231,2.2,152,PARTLY CLOUDY,45.5,18.1,2025-08-26T02:45:00+09:30,PT5M
22,-89,19.6,0,0,0,1012.5,231,2.2,151,PARTLY CLOUDY,45.4,18,2025-08-26T02:50:00+09:30,PT5M
22,-89,15.9,0,0,0,1012.4,231,2.2,150,PARTLY CLOUDY,45.4,18,2025-08-26T02:55:00+09:30,PT5M
22,-89,15.9,0,0,0,1012.4,231,2.2,149,PARTLY CLOUDY,45.3,18,2025-08-26T03:00:00+09:30,PT5M
22,-89,14,0,0,0,1012.4,230,2.2,147,PARTLY CLOUDY,45.3,18,2025-08-26T03:05:00+09:30,PT5M
22,-89,14,0,0,0,1012.3,230,2.2,146,PARTLY CLOUDY,45.2,18,2025-08-26T03:10:00+09:30,PT5M
22,-88,15.9,0,0,0,1012.3,230,2.2,145,PARTLY CLOUDY,45.1,18,2025-08-26T03:15:00+09:30,PT5M
22,-88,15.9,0,0,0,1012.3,230,2.2,144,PARTLY CLOUDY,45,17.9,2025-08-26T03:20:00+09:30,PT5M
22,-88,17.8,0,0,0,1012.2,229,2.1,142,PARTLY CLOUDY,45,17.9,2025-08-26T03:25:00+09:30,PT5M
22,-88,14,0,0,0,1012.2,229,2.1,141,PARTLY CLOUDY,44.9,17.9,2025-08-26T03:30:00+09:30,PT5M
22,-87,12.1,0,0,0,1012.2,229,2.1,140,PARTLY CLOUDY,44.8,17.9,2025-08-26T03:35:00+09:30,PT5M
22,-87,8.2,0,0,0,1012.2,228,2.1,139,MOSTLY CLEAR,44.7,17.9,2025-08-26T03:40:00+09:30,PT5M
22,-87,8.2,0,0,0,1012.2,227,2.1,138,MOSTLY CLEAR,44.7,17.9,2025-08-26T03:45:00+09:30,PT5M
22,-87,8.2,0,0,0,1012.2,227,2.1,136,MOSTLY CLEAR,44.6,17.8,2025-08-26T03:50:00+09:30,PT5M
22,-87,8.2,0,0,0,1012.2,226,2.1,135,MOSTLY CLEAR,44.5,17.8,2025-08-26T03:55:00+09:30,PT5M
22,-86,8.2,0,0,0,1012.2,225,2.1,134,MOSTLY CLEAR,44.4,17.8,2025-08-26T04:00:00+09:30,PT5M
21,-86,10.1,0,0,0,1012.2,225,2,133,PARTLY CLOUDY,44.4,17.8,2025-08-26T04:05:00+09:30,PT5M
21,-86,10.1,0,0,0,1012.2,224,2,131,PARTLY CLOUDY,44.3,17.8,2025-08-26T04:10:00+09:30,PT5M
21,-86,10.1,0,0,0,1012.2,223,2,130,PARTLY CLOUDY,44.2,17.7,2025-08-26T04:15:00+09:30,PT5M
21,-86,10.1,0,0,0,1012.2,223,2,129,PARTLY CLOUDY,44.1,17.7,2025-08-26T04:20:00+09:30,PT5M
21,-86,8.2,0,0,0,1012.2,222,2,128,MOSTLY CLEAR,44,17.7,2025-08-26T04:25:00+09:30,PT5M
21,-85,8.2,0,0,0,1012.2,221,2,127,MOSTLY CLEAR,43.9,17.7,2025-08-26T04:30:00+09:30,PT5M
21,-85,10.1,0,0,0,1012.2,220,2,125,PARTLY CLOUDY,43.9,17.6,2025-08-26T04:35:00+09:30,PT5M
21,-85,12.1,0,0,0,1012.2,219,2,124,PARTLY CLOUDY,43.8,17.6,2025-08-26T04:40:00+09:30,PT5M
21,-85,10.1,0,0,0,1012.2,218,2,123,PARTLY CLOUDY,43.7,17.6,2025-08-26T04:45:00+09:30,PT5M
21,-85,0,0,0,0,1012.2,217,2,122,CLEAR,43.6,17.6,2025-08-26T04:50:00+09:30,PT5M
21,-84,0,0,0,0,1012.3,216,2,121,CLEAR,43.5,17.5,2025-08-26T04:55:00+09:30,PT5M
21,-84,0,0,0,0,1012.3,215,2,119,CLEAR,43.4,17.5,2025-08-26T05:00:00+09:30,PT5M
21,-84,8.2,0,0,0,1012.3,214,2,118,MOSTLY CLEAR,43.4,17.5,2025-08-26T05:05:00+09:30,PT5M
21,-84,8.2,0,0,0,1012.3,213,2,117,MOSTLY CLEAR,43.3,17.5,2025-08-26T05:10:00+09:30,PT5M
21,-84,8.2,0,0,0,1012.3,212,2,116,MOSTLY CLEAR,43.2,17.4,2025-08-26T05:15:00+09:30,PT5M
21,-83,8.2,0,0,0,1012.3,211,2,114,MOSTLY CLEAR,43.1,17.4,2025-08-26T05:20:00+09:30,PT5M
21,-83,8.2,0,0,0,1012.4,210,2,113,MOSTLY CLEAR,43,17.4,2025-08-26T05:25:00+09:30,PT5M
21,-83,0,0,0,0,1012.4,210,2.1,112,CLEAR,42.9,17.4,2025-08-26T05:30:00+09:30,PT5M
21,-83,0,0,0,0,1012.4,208,2,111,CLEAR,42.8,17.3,2025-08-26T05:35:00+09:30,PT5M
20,-83,8.2,0,0,0,1012.5,206,2,110,MOSTLY CLEAR,42.7,17.3,2025-08-26T05:40:00+09:30,PT5M
20,-82,8.2,0,0,0,1012.5,204,2,108,MOSTLY CLEAR,42.6,17.3,2025-08-26T05:45:00+09:30,PT5M
20,-82,8.2,0,0,0,1012.6,202,2,107,MOSTLY CLEAR,42.5,17.3,2025-08-26T05:50:00+09:30,PT5M
20,-82,0,0,0,0,1012.6,200,2,106,CLEAR,42.4,17.2,2025-08-26T05:55:00+09:30,PT5M
20,-82,0,0,0,0,1012.7,198,1.9,105,CLEAR,42.3,17.2,2025-08-26T06:00:00+09:30,PT5M
20,-81,0,0,0,0,1012.8,195,1.9,104,CLEAR,42.2,17.2,2025-08-26T06:05:00+09:30,PT5M
20,-81,8.2,0,0,0,1012.8,193,1.9,102,MOSTLY CLEAR,42.1,17.2,2025-08-26T06:10:00+09:30,PT5M
20,-81,8.2,0,0,0,1012.9,191,1.9,101,MOSTLY CLEAR,41.9,17.2,2025-08-26T06:15:00+09:30,PT5M
20,-81,8.2,0,0,0,1012.9,189,1.9,100,MOSTLY CLEAR,41.8,17.1,2025-08-26T06:20:00+09:30,PT5M
20,-81,0,0,0,0,1013,186,1.9,99,CLEAR,41.7,17.1,2025-08-26T06:25:00+09:30,PT5M
20,-80,0,0,0,0,1013.1,184,1.9,98,CLEAR,41.5,17.1,2025-08-26T06:30:00+09:30,PT5M
20,-80,0,0,0,0,1013.1,184,1.9,96,CLEAR,41.4,17.1,2025-08-26T06:35:00+09:30,PT5M
20,-80,0,0,0,0,1013.1,186,1.9,95,CLEAR,41.2,17.1,2025-08-26T06:40:00+09:30,PT5M
20,-80,0,0,0,0,1013.1,188,1.8,94,CLEAR,41.1,17.1,2025-08-26T06:45:00+09:30,PT5M
20,-79,0,0,0,0,1013.2,190,1.8,93,CLEAR,41,17,2025-08-26T06:50:00+09:30,PT5M
20,-79,0,0,0,0,1013.2,192,1.8,92,CLEAR,40.8,17,2025-08-26T06:55:00+09:30,PT5M
20,-79,0,0,0,0,1013.2,194,1.8,90,CLEAR,40.7,17,2025-08-26T07:00:00+09:30,PT5M
20,-78,0,5,5,0,1013.2,196,1.8,89,SUNNY,40.5,17,2025-08-26T07:05:00+09:30,PT5M
20,-78,0,14,14,0,1013.3,198,1.7,88,FOG,40.3,17,2025-08-26T07:10:00+09:30,PT5M
20,-78,0,25,27,0,1013.3,200,1.7,87,FOG,40.1,16.9,2025-08-26T07:15:00+09:30,PT5M
20,-78,0,37,43,0,1013.3,202,1.7,86,FOG,39.9,16.9,2025-08-26T07:20:00+09:30,PT5M
20,-77,0,51,62,0,1013.3,205,1.7,84,FOG,39.7,16.8,2025-08-26T07:25:00+09:30,PT5M
20,-77,0,66,79,0,1013.4,207,1.7,83,FOG,39.5,16.8,2025-08-26T07:30:00+09:30,PT5M
20,-77,0,82,97,0,1013.4,208,1.7,82,FOG,39.3,16.8,2025-08-26T07:35:00+09:30,PT5M
21,-76,0,99,116,0,1013.4,208,1.6,81,SUNNY,39.1,16.8,2025-08-26T07:40:00+09:30,PT5M
21,-76,0,116,136,0,1013.4,209,1.6,80,SUNNY,38.9,16.7,2025-08-26T07:45:00+09:30,PT5M
21,-76,0,134,155,0,1013.5,209,1.5,78,SUNNY,38.7,16.7,2025-08-26T07:50:00+09:30,PT5M
22,-75,0,152,175,0,1013.5,209,1.5,77,SUNNY,38.5,16.6,2025-08-26T07:55:00+09:30,PT5M
22,-75,0,171,196,0,1013.5,209,1.5,76,SUNNY,38.3,16.6,2025-08-26T08:00:00+09:30,PT5M
22,-75,0,190,216,0,1013.5,209,1.4,75,SUNNY,38.1,16.5,2025-08-26T08:05:00+09:30,PT5M
23,-74,0,209,237,0,1013.6,210,1.4,74,SUNNY,37.9,16.4,2025-08-26T08:10:00+09:30,PT5M
23,-74,0,228,258,0,1013.6,210,1.3,73,SUNNY,37.7,16.3,2025-08-26T08:15:00+09:30,PT5M
23,-74,0,248,278,0,1013.6,210,1.3,71,SUNNY,37.5,16.2,2025-08-26T08:20:00+09:30,PT5M
23,-73,0,267,299,0,1013.6,210,1.2,70,SUNNY,37.3,16.1,2025-08-26T08:25:00+09:30,PT5M
24,-73,4.7,273,301,0,1013.7,211,1.2,69,MOSTLY SUNNY,37.1,16,2025-08-26T08:30:00+09:30,PT5M
24,-72,5.8,288,317,0,1013.7,212,1.2,68,MOSTLY SUNNY,36.8,15.8,2025-08-26T08:35:00+09:30,PT5M
24,-72,6.7,303,332,0,1013.8,214,1.1,67,MOSTLY SUNNY,36.6,15.7,2025-08-26T08:40:00+09:30,PT5M
25,-72,6.5,322,352,0,1013.9,216,1.1,66,MOSTLY SUNNY,36.4,15.6,2025-08-26T08:45:00+09:30,PT5M
25,-71,7,338,368,0,1013.9,218,1.1,64,MOSTLY SUNNY,36.2,15.5,2025-08-26T08:50:00+09:30,PT5M
25,-71,4.6,365,399,0,1014,220,1.1,63,MOSTLY SUNNY,36,15.4,2025-08-26T08:55:00+09:30,PT5M
26,-70,2.2,393,430,0,1014.1,222,1,62,MOSTLY SUNNY,35.8,15.3,2025-08-26T09:00:00+09:30,PT5M
26,-70,1,416,456,0,1014.1,224,1,61,MOSTLY SUNNY,35.6,15.2,2025-08-26T09:05:00+09:30,PT5M
26,-69,0,438,480,0,1014.2,227,1,60,SUNNY,35.4,15.1,2025-08-26T09:10:00+09:30,PT5M
26,-69,3,443,482,0,1014.3,229,1,59,MOSTLY SUNNY,35.2,15,2025-08-26T09:15:00+09:30,PT5M
27,-68,0.4,473,515,0,1014.3,231,1,58,MOSTLY SUNNY,35,14.9,2025-08-26T09:20:00+09:30,PT5M
27,-68,0,492,536,0,1014.4,234,1,56,SUNNY,34.8,14.8,2025-08-26T09:25:00+09:30,PT5M
27,-67,0,510,554,0,1014.5,237,0.9,55,SUNNY,34.6,14.7,2025-08-26T09:30:00+09:30,PT5M
27,-66,0,528,573,0,1014.5,240,1,54,SUNNY,34.3,14.7,2025-08-26T09:35:00+09:30,PT5M
28,-66,0,545,591,0,1014.4,243,1,53,SUNNY,34.1,14.6,2025-08-26T09:40:00+09:30,PT5M
28,-65,0,562,608,0,1014.4,246,1,52,SUNNY,33.9,14.5,2025-08-26T09:45:00+09:30,PT5M
28,-64,0,578,625,0,1014.4,249,1.1,51,SUNNY,33.7,14.4,2025-08-26T09:50:00+09:30,PT5M
29,-64,0,594,642,0,1014.4,252,1.1,50,SUNNY,33.5,14.3,2025-08-26T09:55:00+09:30,PT5M
29,-63,0,610,658,0,1014.3,254,1.2,49,SUNNY,33.3,14.2,2025-08-26T10:00:00+09:30,PT5M
29,-62,0,625,674,0,1014.3,256,1.2,47,SUNNY,33.1,14.2,2025-08-26T10:05:00+09:30,PT5M
29,-61,0,640,690,0,1014.3,259,1.3,46,SUNNY,32.9,14.1,2025-08-26T10:10:00+09:30,PT5M
30,-60,0,655,705,0,1014.3,261,1.3,45,SUNNY,32.7,14,2025-08-26T10:15:00+09:30,PT5M
30,-60,0,669,719,0,1014.2,262,1.4,44,SUNNY,32.4,13.9,2025-08-26T10:20:00+09:30,PT5M
30,-59,0,683,734,0,1014.2,264,1.4,43,SUNNY,32.2,13.8,2025-08-26T10:25:00+09:30,PT5M
30,-58,0,696,748,0,1014.2,265,1.5,42,SUNNY,32,13.7,2025-08-26T10:30:00+09:30,PT5M
31,-57,0,709,761,0,1014.2,267,1.5,41,SUNNY,31.8,13.6,2025-08-26T10:35:00+09:30,PT5M
31,-56,0,722,775,0,1014.1,270,1.5,40,SUNNY,31.6,13.5,2025-08-26T10:40:00+09:30,PT5M
31,-54,0,734,787,0,1014.1,272,1.5,39,SUNNY,31.4,13.4,2025-08-26T10:45:00+09:30,PT5M
31,-53,0,746,800,0,1014,274,1.6,38,SUNNY,31.1,13.3,2025-08-26T10:50:00+09:30,PT5M
31,-52,0,758,811,0,1014,276,1.6,37,SUNNY,30.9,13.2,2025-08-26T10:55:00+09:30,PT5M
31,-51,0,769,823,0,1014,278,1.6,36,SUNNY,30.7,13.1,2025-08-26T11:00:00+09:30,PT5M
32,-49,0,779,834,0,1013.9,280,1.6,35,SUNNY,30.5,13.1,2025-08-26T11:05:00+09:30,PT5M
32,-48,0,789,844,0,1013.9,282,1.7,34,SUNNY,30.3,13,2025-08-26T11:10:00+09:30,PT5M
32,-47,0,799,854,0,1013.8,284,1.7,34,SUNNY,30.1,12.9,2025-08-26T11:15:00+09:30,PT5M
32,-45,0,808,864,0,1013.8,285,1.7,33,SUNNY,29.9,12.9,2025-08-26T11:20:00+09:30,PT5M
32,-43,0,817,873,0,1013.7,287,1.8,32,SUNNY,29.7,12.8,2025-08-26T11:25:00+09:30,PT5M
33,-42,0,825,881,0,1013.7,289,1.8,31,SUNNY,29.5,12.7,2025-08-26T11:30:00+09:30,PT5M
33,-40,0,833,889,0,1013.6,290,1.8,30,SUNNY,29.2,12.7,2025-08-26T11:35:00+09:30,PT5M
33,-38,0,840,897,0,1013.6,291,1.8,29,SUNNY,29,12.6,2025-08-26T11:40:00+09:30,PT5M
33,-36,0,847,904,0,1013.5,291,1.9,29,SUNNY,28.8,12.5,2025-08-26T11:45:00+09:30,PT5M
33,-34,0,853,910,0,1013.4,292,1.9,28,SUNNY,28.6,12.5,2025-08-26T11:50:00+09:30,PT5M
33,-31,0,859,916,0,1013.3,293,1.9,27,SUNNY,28.4,12.4,2025-08-26T11:55:00+09:30,PT5M
33,-29,0,864,922,0,1013.3,294,2,27,SUNNY,28.2,12.3,2025-08-26T12:00:00+09:30,PT5M
33,-27,0,869,927,0,1013.2,294,2,26,SUNNY,28,12.3,2025-08-26T12:05:00+09:30,PT5M
33,-24,0,874,931,0,1013.1,295,2,26,SUNNY,27.9,12.2,2025-08-26T12:10:00+09:30,PT5M
33,-21,0,877,935,0,1013,296,2,25,SUNNY,27.8,12.2,2025-08-26T12:15:00+09:30,PT5M
33,-19,0,881,938,0,1013,296,2.1,25,SUNNY,27.7,12.1,2025-08-26T12:20:00+09:30,PT5M
34,-16,0,883,941,0,1012.9,297,2.1,24,SUNNY,27.6,12,2025-08-26T12:25:00+09:30,PT5M
34,-13,0,886,944,0,1012.8,297,2.1,24,SUNNY,27.5,12,2025-08-26T12:30:00+09:30,PT5M
34,-10,0,888,946,0,1012.7,298,2.2,24,SUNNY,27.3,11.9,2025-08-26T12:35:00+09:30,PT5M
34,-7,0,889,947,0,1012.7,298,2.2,24,SUNNY,27.2,11.9,2025-08-26T12:40:00+09:30,PT5M
34,-4,0,889,947,0,1012.6,298,2.3,24,SUNNY,27.1,11.8,2025-08-26T12:45:00+09:30,PT5M
34,-1,0,890,948,0,1012.5,299,2.3,23,SUNNY,27,11.7,2025-08-26T12:50:00+09:30,PT5M
34,2,0,889,947,0,1012.4,299,2.4,23,SUNNY,26.9,11.7,2025-08-26T12:55:00+09:30,PT5M
34,5,0,888,946,0,1012.3,299,2.4,24,SUNNY,26.8,11.6,2025-08-26T13:00:00+09:30,PT5M
34,8,0,887,945,0,1012.2,299,2.5,24,SUNNY,26.7,11.6,2025-08-26T13:05:00+09:30,PT5M
34,11,0,885,943,0,1012.2,299,2.5,24,SUNNY,26.7,11.6,2025-08-26T13:10:00+09:30,PT5M
34,14,0,883,940,0,1012.1,300,2.6,24,SUNNY,26.7,11.5,2025-08-26T13:15:00+09:30,PT5M
34,17,0,880,937,0,1012,300,2.6,24,SUNNY,26.6,11.5,2025-08-26T13:20:00+09:30,PT5M
34,20,0,876,933,0,1011.9,300,2.7,25,SUNNY,26.6,11.5,2025-08-26T13:25:00+09:30,PT5M
34,23,0,872,929,0,1011.8,300,2.8,25,SUNNY,26.6,11.5,2025-08-26T13:30:00+09:30,PT5M
34,25,1.4,856,911,0,1011.7,300,2.8,26,MOSTLY SUNNY,26.6,11.4,2025-08-26T13:35:00+09:30,PT5M
34,28,0.9,855,910,0,1011.7,301,2.9,26,MOSTLY SUNNY,26.6,11.4,2025-08-26T13:40:00+09:30,PT5M
34,30,1.7,842,897,0,1011.6,301,2.9,27,MOSTLY SUNNY,26.6,11.4,2025-08-26T13:45:00+09:30,PT5M
34,32,2.5,829,883,0,1011.5,301,3,28,MOSTLY SUNNY,26.5,11.4,2025-08-26T13:50:00+09:30,PT5M
34,35,0.6,839,894,0,1011.4,301,3.1,28,MOSTLY SUNNY,26.5,11.3,2025-08-26T13:55:00+09:30,PT5M
34,37,0,837,893,0,1011.3,301,3.1,29,SUNNY,26.5,11.3,2025-08-26T14:00:00+09:30,PT5M
34,39,0,830,885,0,1011.2,302,3.2,30,SUNNY,26.5,11.3,2025-08-26T14:05:00+09:30,PT5M
34,41,0,822,877,0,1011.2,302,3.3,31,SUNNY,26.5,11.3,2025-08-26T14:10:00+09:30,PT5M
34,42,0,813,868,0,1011.1,302,3.3,31,SUNNY,26.5,11.3,2025-08-26T14:15:00+09:30,PT5M
34,44,0,805,859,0,1011,302,3.4,32,SUNNY,26.5,11.3,2025-08-26T14:20:00+09:30,PT5M
34,46,0,795,850,0,1010.9,302,3.5,33,SUNNY,26.5,11.3,2025-08-26T14:25:00+09:30,PT5M
34,47,0,786,840,0,1010.8,302,3.5,34,SUNNY,26.5,11.3,2025-08-26T14:30:00+09:30,PT5M
34,49,0,775,829,0,1010.7,302,3.6,35,SUNNY,26.4,11.3,2025-08-26T14:35:00+09:30,PT5M
34,50,10.6,684,723,0,1010.7,302,3.6,36,PARTLY CLOUDY,26.4,11.3,2025-08-26T14:40:00+09:30,PT5M
34,51,10.6,674,713,0,1010.6,302,3.6,37,PARTLY CLOUDY,26.4,11.3,2025-08-26T14:45:00+09:30,PT5M
34,53,3,720,769,0,1010.6,302,3.7,38,MOSTLY SUNNY,26.4,11.3,2025-08-26T14:50:00+09:30,PT5M
33,54,0,731,783,0,1010.5,302,3.7,39,SUNNY,26.4,11.3,2025-08-26T14:55:00+09:30,PT5M
33,55,4.5,686,732,0,1010.5,302,3.7,40,MOSTLY SUNNY,26.4,11.3,2025-08-26T15:00:00+09:30,PT5M
33,56,12.1,620,655,0,1010.4,302,3.7,41,PARTLY CLOUDY,26.5,11.3,2025-08-26T15:05:00+09:30,PT5M
33,57,35.9,444,445,0,1010.3,302,3.8,42,MOSTLY CLOUDY,26.7,11.4,2025-08-26T15:10:00+09:30,PT5M
33,58,32,462,468,0,1010.3,302,3.8,43,PARTLY CLOUDY,26.8,11.4,2025-08-26T15:15:00+09:30,PT5M
33,59,7.7,615,655,0,1010.2,302,3.8,44,MOSTLY SUNNY,27,11.5,2025-08-26T15:20:00+09:30,PT5M
33,60,9.2,592,629,0,1010.2,302,3.9,45,MOSTLY SUNNY,27.2,11.6,2025-08-26T15:25:00+09:30,PT5M
33,61,12.3,559,592,0,1010.1,302,3.9,46,PARTLY CLOUDY,27.4,11.6,2025-08-26T15:30:00+09:30,PT5M
33,62,7.7,575,613,0,1010.1,302,3.9,47,MOSTLY SUNNY,27.5,11.7,2025-08-26T15:35:00+09:30,PT5M
33,63,4.5,580,622,0,1010.1,302,4,48,MOSTLY SUNNY,27.7,11.7,2025-08-26T15:40:00+09:30,PT5M
33,63,15.3,501,529,0,1010.1,302,4.1,49,PARTLY CLOUDY,27.9,11.8,2025-08-26T15:45:00+09:30,PT5M
33,64,24.1,437,452,0,1010.1,302,4.2,50,PARTLY CLOUDY,28.1,11.9,2025-08-26T15:50:00+09:30,PT5M
32,65,16.9,466,490,0,1010.1,302,4.2,51,PARTLY CLOUDY,28.2,11.9,2025-08-26T15:55:00+09:30,PT5M
32,65,12.4,477,507,0,1010.1,301,4.3,52,PARTLY CLOUDY,28.4,12,2025-08-26T16:00:00+09:30,PT5M
32,66,9.3,479,512,0,1010.1,301,4.4,53,MOSTLY SUNNY,28.7,12,2025-08-26T16:05:00+09:30,PT5M
32,67,13.9,439,466,0,1010.1,301,4.4,55,PARTLY CLOUDY,29,12.2,2025-08-26T16:10:00+09:30,PT5M
32,67,14.3,423,449,0,1010.1,301,4.5,56,PARTLY CLOUDY,29.4,12.2,2025-08-26T16:15:00+09:30,PT5M
32,68,11.9,419,447,0,1010.2,301,4.6,57,PARTLY CLOUDY,29.8,12.4,2025-08-26T16:20:00+09:30,PT5M
32,68,9.7,414,444,0,1010.2,301,4.6,58,MOSTLY SUNNY,30.1,12.4,2025-08-26T16:25:00+09:30,PT5M
32,69,9.1,400,430,0,1010.2,300,4.7,59,MOSTLY SUNNY,30.5,12.6,2025-08-26T16:30:00+09:30,PT5M
32,70,9.9,380,409,0,1010.2,300,4.7,60,MOSTLY SUNNY,30.8,12.7,2025-08-26T16:35:00+09:30,PT5M
31,70,13.3,350,374,0,1010.2,299,4.7,61,PARTLY CLOUDY,31.2,12.8,2025-08-26T16:40:00+09:30,PT5M
31,71,16.5,322,341,0,1010.2,299,4.7,63,PARTLY CLOUDY,31.5,12.8,2025-08-26T16:45:00+09:30,PT5M
31,71,18.3,300,316,0,1010.2,298,4.7,64,PARTLY CLOUDY,31.9,13,2025-08-26T16:50:00+09:30,PT5M
31,71,18.8,282,298,0,1010.2,297,4.7,65,PARTLY CLOUDY,32.3,13,2025-08-26T16:55:00+09:30,PT5M
31,72,14.7,281,300,0,1010.2,296,4.7,66,PARTLY CLOUDY,32.6,13.2,2025-08-26T17:00:00+09:30,PT5M
31,72,8,285,310,0,1010.2,296,4.7,67,MOSTLY SUNNY,33,13.3,2025-08-26T17:05:00+09:30,PT5M
31,73,4.6,277,305,0,1010.2,295,4.7,68,MOSTLY SUNNY,33.4,13.4,2025-08-26T17:10:00+09:30,PT5M
31,73,8.5,249,272,0,1010.2,294,4.6,69,MOSTLY SUNNY,33.7,13.5,2025-08-26T17:15:00+09:30,PT5M
30,74,12.3,222,240,0,1010.2,293,4.6,71,PARTLY CLOUDY,34.1,13.6,2025-08-26T17:20:00+09:30,PT5M
30,74,16.2,196,209,0,1010.2,293,4.6,72,PARTLY CLOUDY,34.4,13.8,2025-08-26T17:25:00+09:30,PT5M
30,74,23.6,164,170,0,1010.2,292,4.6,73,PARTLY CLOUDY,34.8,13.9,2025-08-26T17:30:00+09:30,PT5M
30,75,29.8,137,137,0,1010.2,291,4.6,74,PARTLY CLOUDY,35.2,14,2025-08-26T17:35:00+09:30,PT5M
30,75,30.7,123,122,0,1010.3,291,4.6,75,PARTLY CLOUDY,35.6,14.1,2025-08-26T17:40:00+09:30,PT5M
30,75,34,105,104,0,1010.3,290,4.5,77,PARTLY CLOUDY,35.9,14.3,2025-08-26T17:45:00+09:30,PT5M
30,76,37.4,88,87,0,1010.4,289,4.5,78,MOSTLY CLOUDY,36.3,14.4,2025-08-26T17:50:00+09:30,PT5M
29,76,40.9,73,72,0,1010.4,289,4.5,79,MOSTLY CLOUDY,36.6,14.5,2025-08-26T17:55:00+09:30,PT5M
29,76,43.2,60,59,0,1010.5,288,4.4,80,MOSTLY CLOUDY,37,14.6,2025-08-26T18:00:00+09:30,PT5M
29,77,33.5,59,58,0,1010.6,287,4.4,81,PARTLY CLOUDY,37.4,14.8,2025-08-26T18:05:00+09:30,PT5M
29,77,28.5,52,52,0,1010.6,287,4.4,82,PARTLY CLOUDY,37.7,15,2025-08-26T18:10:00+09:30,PT5M
29,77,35.3,37,37,0,1010.7,286,4.3,84,MOSTLY CLOUDY,38.1,15.1,2025-08-26T18:15:00+09:30,PT5M
29,78,47.8,23,23,0,1010.7,285,4.3,85,MOSTLY CLOUDY,38.5,15.3,2025-08-26T18:20:00+09:30,PT5M
28,78,46.3,17,17,0,1010.8,285,4.3,86,MOSTLY CLOUDY,38.8,15.4,2025-08-26T18:25:00+09:30,PT5M
28,78,62.6,7,7,0,1010.8,284,4.2,87,OVERCAST,39.2,15.6,2025-08-26T18:30:00+09:30,PT5M
28,78,50.7,5,5,0,1010.9,283,4.2,88,MOSTLY CLOUDY,39.5,15.8,2025-08-26T18:35:00+09:30,PT5M
28,79,56.2,1,1,0,1010.9,282,4.2,90,MOSTLY CLOUDY,39.9,16,2025-08-26T18:40:00+09:30,PT5M
28,79,69.6,0,0,0,1011,282,4.1,91,OVERCAST,40.2,16.1,2025-08-26T18:45:00+09:30,PT5M
28,79,84.4,0,0,0,1011,281,4.1,92,OVERCAST,40.6,16.3,2025-08-26T18:50:00+09:30,PT5M
27,80,91.4,0,0,0,1011,280,4.1,93,OVERCAST,41,16.5,2025-08-26T18:55:00+09:30,PT5M
27,80,78.6,0,0,0,1011.1,279,4.1,94,OVERCAST,41.3,16.6,2025-08-26T19:00:00+09:30,PT5M
27,80,57.5,0,0,0,1011.1,278,4,96,MOSTLY CLOUDY,41.7,16.8,2025-08-26T19:05:00+09:30,PT5M
27,80,40.1,0,0,0,1011.1,277,4,97,MOSTLY CLOUDY,42,16.9,2025-08-26T19:10:00+09:30,PT5M
27,81,47.8,0,0,0,1011.2,276,4,98,MOSTLY CLOUDY,42.4,17.1,2025-08-26T19:15:00+09:30,PT5M
27,81,46.3,0,0,0,1011.2,275,4,99,MOSTLY CLOUDY,42.8,17.2,2025-08-26T19:20:00+09:30,PT5M
27,81,52.1,0,0,0,1011.2,274,3.9,100,MOSTLY CLOUDY,43.2,17.4,2025-08-26T19:25:00+09:30,PT5M
26,81,61.4,0,0,0,1011.3,273,3.9,102,OVERCAST,43.5,17.5,2025-08-26T19:30:00+09:30,PT5M
26,81,58.8,0,0,0,1011.3,273,3.9,103,MOSTLY CLOUDY,43.9,17.7,2025-08-26T19:35:00+09:30,PT5M
26,82,56.2,0,0,0,1011.4,272,3.8,104,MOSTLY CLOUDY,44.2,17.8,2025-08-26T19:40:00+09:30,PT5M
26,82,54.8,0,0,0,1011.4,272,3.8,105,MOSTLY CLOUDY,44.6,18,2025-08-26T19:45:00+09:30,PT5M
26,82,47.8,0,0,0,1011.5,272,3.7,106,MOSTLY CLOUDY,45,18.1,2025-08-26T19:50:00+09:30,PT5M
26,82,38.5,0,0,0,1011.6,271,3.7,108,MOSTLY CLOUDY,45.4,18.3,2025-08-26T19:55:00+09:30,PT5M
26,83,33.6,0,0,0,1011.6,271,3.6,109,PARTLY CLOUDY,45.7,18.4,2025-08-26T20:00:00+09:30,PT5M
26,83,32,0,0,0,1011.7,271,3.6,110,PARTLY CLOUDY,46.1,18.5,2025-08-26T20:05:00+09:30,PT5M
26,83,30.3,0,0,0,1011.8,270,3.5,111,PARTLY CLOUDY,46.4,18.6,2025-08-26T20:10:00+09:30,PT5M
26,83,30.3,0,0,0,1011.8,270,3.5,113,PARTLY CLOUDY,46.8,18.7,2025-08-26T20:15:00+09:30,PT5M
25,83,35.3,0,0,0,1011.9,269,3.4,114,MOSTLY CLOUDY,47.2,18.8,2025-08-26T20:20:00+09:30,PT5M
25,84,40.1,0,0,0,1012,269,3.4,115,MOSTLY CLOUDY,47.6,18.9,2025-08-26T20:25:00+09:30,PT5M
25,84,49.2,0,0,0,1012,268,3.3,116,MOSTLY CLOUDY,47.9,19,2025-08-26T20:30:00+09:30,PT5M
25,84,56.2,0,0,0,1012.1,268,3.3,117,MOSTLY CLOUDY,48.3,19.1,2025-08-26T20:35:00+09:30,PT5M
25,84,63.8,0,0,0,1012.1,268,3.3,119,OVERCAST,48.6,19.2,2025-08-26T20:40:00+09:30,PT5M
25,84,72.8,0,0,0,1012.1,269,3.2,120,OVERCAST,49,19.3,2025-08-26T20:45:00+09:30,PT5M
25,85,70.7,0,0,0,1012.1,269,3.2,121,OVERCAST,49.4,19.4,2025-08-26T20:50:00+09:30,PT5M
25,85,52.1,0,0,0,1012.1,269,3.2,122,MOSTLY CLOUDY,49.8,19.5,2025-08-26T20:55:00+09:30,PT5M
25,85,30.3,0,0,0,1012.1,269,3.2,123,PARTLY CLOUDY,50.1,19.6,2025-08-26T21:00:00+09:30,PT5M
25,85,25,0,0,0,1012.1,269,3.1,125,PARTLY CLOUDY,50.4,19.6,2025-08-26T21:05:00+09:30,PT5M
25,86,21.4,0,0,0,1012.1,269,3.1,126,PARTLY CLOUDY,50.7,19.7,2025-08-26T21:10:00+09:30,PT5M
25,86,19.6,0,0,0,1012.2,269,3.1,127,PARTLY CLOUDY,50.9,19.8,2025-08-26T21:15:00+09:30,PT5M
25,86,17.8,0,0,0,1012.2,270,3.1,128,PARTLY CLOUDY,51.2,19.9,2025-08-26T21:20:00+09:30,PT5M
25,86,23.2,0,0,0,1012.2,270,3,130,PARTLY CLOUDY,51.4,19.9,2025-08-26T21:25:00+09:30,PT5M
25,86,38.5,0,0,0,1012.2,270,3,131,MOSTLY CLOUDY,51.7,20,2025-08-26T21:30:00+09:30,PT5M
25,87,43.3,0,0,0,1012.2,270,3,132,MOSTLY CLOUDY,51.9,20.1,2025-08-26T21:35:00+09:30,PT5M
25,87,43.3,0,0,0,1012.2,271,3,133,MOSTLY CLOUDY,52.2,20.2,2025-08-26T21:40:00+09:30,PT5M
25,87,43.3,0,0,0,1012.2,272,2.9,134,MOSTLY CLOUDY,52.4,20.2,2025-08-26T21:45:00+09:30,PT5M
25,87,41.7,0,0,0,1012.2,272,2.9,136,MOSTLY CLOUDY,52.7,20.3,2025-08-26T21:50:00+09:30,PT5M
25,87,47.8,0,0,0,1012.3,273,2.9,137,MOSTLY CLOUDY,52.9,20.4,2025-08-26T21:55:00+09:30,PT5M
25,88,52.1,0,0,0,1012.3,274,2.9,138,MOSTLY CLOUDY,53.2,20.5,2025-08-26T22:00:00+09:30,PT5M
25,88,47.8,0,0,0,1012.3,274,2.8,139,MOSTLY CLOUDY,53.4,20.5,2025-08-26T22:05:00+09:30,PT5M
25,88,44.8,0,0,0,1012.3,275,2.8,141,MOSTLY CLOUDY,53.5,20.6,2025-08-26T22:10:00+09:30,PT5M
25,88,35.3,0,0,0,1012.3,276,2.8,142,MOSTLY CLOUDY,53.7,20.6,2025-08-26T22:15:00+09:30,PT5M
25,88,23.2,0,0,0,1012.3,277,2.8,143,PARTLY CLOUDY,53.8,20.7,2025-08-26T22:20:00+09:30,PT5M
24,89,19.6,0,0,0,1012.4,277,2.8,144,PARTLY CLOUDY,53.9,20.8,2025-08-26T22:25:00+09:30,PT5M
24,89,14,0,0,0,1012.4,278,2.7,145,PARTLY CLOUDY,54.1,20.8,2025-08-26T22:30:00+09:30,PT5M
24,89,8.2,0,0,0,1012.4,279,2.7,147,MOSTLY CLEAR,54.2,20.9,2025-08-26T22:35:00+09:30,PT5M
24,89,10.1,0,0,0,1012.4,280,2.7,148,PARTLY CLOUDY,54.4,20.9,2025-08-26T22:40:00+09:30,PT5M
24,90,10.1,0,0,0,1012.4,281,2.7,149,PARTLY CLOUDY,54.5,21,2025-08-26T22:45:00+09:30,PT5M
24,90,8.2,0,0,0,1012.4,282,2.7,150,MOSTLY CLEAR,54.6,21.1,2025-08-26T22:50:00+09:30,PT5M
24,90,8.2,0,0,0,1012.4,283,2.7,151,MOSTLY CLEAR,54.8,21.1,2025-08-26T22:55:00+09:30,PT5M
24,90,8.2,0,0,0,1012.4,284,2.6,153,MOSTLY CLEAR,54.9,21.2,2025-08-26T23:00:00+09:30,PT5M
24,91,10.1,0,0,0,1012.4,285,2.6,154,PARTLY CLOUDY,55.1,21.2,2025-08-26T23:05:00+09:30,PT5M
24,91,10.1,0,0,0,1012.4,286,2.6,155,PARTLY CLOUDY,55.2,21.3,2025-08-26T23:10:00+09:30,PT5M
24,91,10.1,0,0,0,1012.5,287,2.6,156,PARTLY CLOUDY,55.4,21.3,2025-08-26T23:15:00+09:30,PT5M
24,92,10.1,0,0,0,1012.5,288,2.6,158,PARTLY CLOUDY,55.5,21.3,2025-08-26T23:20:00+09:30,PT5M
23,92,12.1,0,0,0,1012.5,289,2.6,159,PARTLY CLOUDY,55.6,21.4,2025-08-26T23:25:00+09:30,PT5M
23,93,14,0,0,0,1012.5,290,2.6,160,PARTLY CLOUDY,55.8,21.4,2025-08-26T23:30:00+09:30,PT5M
23,93,19.6,0,0,0,1012.5,291,2.6,161,PARTLY CLOUDY,55.9,21.5,2025-08-26T23:35:00+09:30,PT5M
23,93,23.2,0,0,0,1012.5,292,2.5,162,PARTLY CLOUDY,56.1,21.5,2025-08-26T23:40:00+09:30,PT5M
23,94,19.6,0,0,0,1012.5,292,2.5,164,PARTLY CLOUDY,56.2,21.6,2025-08-26T23:45:00+09:30,PT5M
23,95,17.8,0,0,0,1012.5,293,2.5,165,PARTLY CLOUDY,56.3,21.6,2025-08-26T23:50:00+09:30,PT5M
23,95,17.8,0,0,0,1012.5,294,2.5,166,PARTLY CLOUDY,56.5,21.6,2025-08-26T23:55:00+09:30,PT5M
23,96,19.6,0,0,0,1012.5,295,2.5,167,PARTLY CLOUDY,56.6,21.7,2025-08-27T00:00:00+09:30,PT5M
23,97,21.4,0,0,0,1012.5,295,2.5,169,PARTLY CLOUDY,56.7,21.7,2025-08-27T00:05:00+09:30,PT5M
23,98,23.2,0,0,0,1012.5,296,2.5,170,PARTLY CLOUDY,56.8,21.8,2025-08-27T00:10:00+09:30,PT5M
23,100,25,0,0,0,1012.5,297,2.5,171,PARTLY CLOUDY,56.9,21.8,2025-08-27T00:15:00+09:30,PT5M
23,101,25,0,0,0,1012.5,298,2.4,172,PARTLY CLOUDY,57,21.8,2025-08-27T00:20:00+09:30,PT5M
23,104,21.4,0,0,0,1012.5,299,2.4,173,PARTLY CLOUDY,57.1,21.9,2025-08-27T00:25:00+09:30,PT5M
23,107,19.6,0,0,0,1012.5,299,2.4,175,PARTLY CLOUDY,57.2,21.9,2025-08-27T00:30:00+09:30,PT5M
23,112,21.4,0,0,0,1012.5,300,2.4,176,PARTLY CLOUDY,57.2,22,2025-08-27T00:35:00+09:30,PT5M
23,120,28.5,0,0,0,1012.4,301,2.4,177,PARTLY CLOUDY,57.3,22,2025-08-27T00:40:00+09:30,PT5M
23,137,23.2,0,0,0,1012.4,301,2.4,178,PARTLY CLOUDY,57.4,22.1,2025-08-27T00:45:00+09:30,PT5M
23,169,12.1,0,0,0,1012.4,302,2.4,178,PARTLY CLOUDY,57.5,22.1,2025-08-27T00:50:00+09:30,PT5M
23,-151,12.1,0,0,0,1012.3,303,2.4,178,PARTLY CLOUDY,57.6,22.1,2025-08-27T00:55:00+09:30,PT5M
23,-128,10.1,0,0,0,1012.3,303,2.3,177,PARTLY CLOUDY,57.7,22.2,2025-08-27T01:00:00+09:30,PT5M
23,-116,8.2,0,0,0,1012.3,304,2.3,176,MOSTLY CLEAR,57.7,22.2,2025-08-27T01:05:00+09:30,PT5M
23,-109,8.2,0,0,0,1012.2,305,2.3,175,MOSTLY CLEAR,57.8,22.2,2025-08-27T01:10:00+09:30,PT5M
23,-105,10.1,0,0,0,1012.2,305,2.3,174,PARTLY CLOUDY,57.8,22.2,2025-08-27T01:15:00+09:30,PT5M
23,-103,10.1,0,0,0,1012.2,306,2.3,173,PARTLY CLOUDY,57.8,22.3,2025-08-27T01:20:00+09:30,PT5M
23,-100,12.1,0,0,0,1012.1,307,2.3,172,PARTLY CLOUDY,57.9,22.3,2025-08-27T01:25:00+09:30,PT5M
23,-99,14,0,0,0,1012.1,308,2.3,170,PARTLY CLOUDY,57.9,22.3,2025-08-27T01:30:00+09:30,PT5M
23,-98,12.1,0,0,0,1012.1,308,2.3,169,PARTLY CLOUDY,58,22.3,2025-08-27T01:35:00+09:30,PT5M
23,-97,10.1,0,0,0,1012.1,310,2.3,168,PARTLY CLOUDY,58,22.3,2025-08-27T01:40:00+09:30,PT5M
23,-96,8.2,0,0,0,1012,311,2.2,167,MOSTLY CLEAR,58.1,22.3,2025-08-27T01:45:00+09:30,PT5M
23,-95,8.2,0,0,0,1012,312,2.2,166,MOSTLY CLEAR,58.1,22.4,2025-08-27T01:50:00+09:30,PT5M
23,-94,8.2,0,0,0,1012,313,2.2,164,MOSTLY CLEAR,58.1,22.4,2025-08-27T01:55:00+09:30,PT5M
22,-94,8.2,0,0,0,1012,314,2.2,163,MOSTLY CLEAR,58.2,22.4,2025-08-27T02:00:00+09:30,PT5M
22,-93,8.2,0,0,0,1012,316,2.2,162,MOSTLY CLEAR,58.2,22.4,2025-08-27T02:05:00+09:30,PT5M
22,-93,8.2,0,0,0,1012,317,2.2,161,MOSTLY CLEAR,58.3,22.4,2025-08-27T02:10:00+09:30,PT5M
22,-92,8.2,0,0,0,1011.9,318,2.2,159,MOSTLY CLEAR,58.3,22.4,2025-08-27T02:15:00+09:30,PT5M
22,-92,8.2,0,0,0,1011.9,319,2.2,158,MOSTLY CLEAR,58.3,22.5,2025-08-27T02:20:00+09:30,PT5M
22,-92,8.2,0,0,0,1011.9,321,2.1,157,MOSTLY CLEAR,58.4,22.5,2025-08-27T02:25:00+09:30,PT5M
22,-91,8.2,0,0,0,1011.9,322,2.1,156,MOSTLY CLEAR,58.4,22.5,2025-08-27T02:30:00+09:30,PT5M
22,-91,10.1,0,0,0,1011.9,323,2.1,155,PARTLY CLOUDY,58.5,22.5,2025-08-27T02:35:00+09:30,PT5M
22,-91,10.1,0,0,0,1011.8,324,2.1,153,PARTLY CLOUDY,58.5,22.5,2025-08-27T02:40:00+09:30,PT5M
22,-90,12.1,0,0,0,1011.8,325,2.1,152,PARTLY CLOUDY,58.6,22.5,2025-08-27T02:45:00+09:30,PT5M
22,-90,12.1,0,0,0,1011.8,326,2.1,151,PARTLY CLOUDY,58.6,22.6,2025-08-27T02:50:00+09:30,PT5M
22,-90,14,0,0,0,1011.8,327,2,150,PARTLY CLOUDY,58.6,22.6,2025-08-27T02:55:00+09:30,PT5M
22,-90,15.9,0,0,0,1011.7,328,2,148,PARTLY CLOUDY,58.7,22.6,2025-08-27T03:00:00+09:30,PT5M
22,-89,17.8,0,0,0,1011.7,329,2,147,PARTLY CLOUDY,58.7,22.6,2025-08-27T03:05:00+09:30,PT5M
22,-89,19.6,0,0,0,1011.7,330,2,146,PARTLY CLOUDY,58.7,22.6,2025-08-27T03:10:00+09:30,PT5M
22,-89,21.4,0,0,0,1011.7,331,1.9,145,PARTLY CLOUDY,58.7,22.6,2025-08-27T03:15:00+09:30,PT5M
22,-89,21.4,0,0,0,1011.6,332,1.9,144,PARTLY CLOUDY,58.7,22.6,2025-08-27T03:20:00+09:30,PT5M
22,-88,25,0,0,0,1011.6,333,1.9,142,PARTLY CLOUDY,58.7,22.6,2025-08-27T03:25:00+09:30,PT5M
22,-88,25,0,0,0,1011.6,334,1.9,141,PARTLY CLOUDY,58.7,22.6,2025-08-27T03:30:00+09:30,PT5M
22,-88,30.3,0,0,0,1011.6,335,1.9,140,PARTLY CLOUDY,58.6,22.6,2025-08-27T03:35:00+09:30,PT5M
22,-88,28.5,0,0,0,1011.6,336,1.9,139,PARTLY CLOUDY,58.6,22.6,2025-08-27T03:40:00+09:30,PT5M
22,-88,28.5,0,0,0,1011.6,336,1.9,137,PARTLY CLOUDY,58.6,22.6,2025-08-27T03:45:00+09:30,PT5M
21,-87,26.8,0,0,0,1011.6,337,1.9,136,PARTLY CLOUDY,58.6,22.6,2025-08-27T03:50:00+09:30,PT5M
21,-87,25,0,0,0,1011.6,338,1.9,135,PARTLY CLOUDY,58.6,22.6,2025-08-27T03:55:00+09:30,PT5M
21,-87,25,0,0,0,1011.6,338,1.9,134,PARTLY CLOUDY,58.6,22.6,2025-08-27T04:00:00+09:30,PT5M
21,-87,25,0,0,0,1011.6,339,1.9,133,PARTLY CLOUDY,58.6,22.6,2025-08-27T04:05:00+09:30,PT5M
21,-87,25,0,0,0,1011.6,340,1.9,131,PARTLY CLOUDY,58.5,22.6,2025-08-27T04:10:00+09:30,PT5M
21,-86,32,0,0,0,1011.6,340,2,130,PARTLY CLOUDY,58.5,22.6,2025-08-27T04:15:00+09:30,PT5M
21,-86,30.3,0,0,0,1011.6,341,2,129,PARTLY CLOUDY,58.5,22.6,2025-08-27T04:20:00+09:30,PT5M
21,-86,35.3,0,0,0,1011.6,342,2,128,MOSTLY CLOUDY,58.4,22.6,2025-08-27T04:25:00+09:30,PT5M
21,-86,38.5,0,0,0,1011.6,342,2,127,MOSTLY CLOUDY,58.4,22.6,2025-08-27T04:30:00+09:30,PT5M
21,-86,35.3,0,0,0,1011.6,343,2,125,MOSTLY CLOUDY,58.3,22.5,2025-08-27T04:35:00+09:30,PT5M
21,-85,30.3,0,0,0,1011.6,344,2,124,PARTLY CLOUDY,58.3,22.5,2025-08-27T04:40:00+09:30,PT5M
21,-85,26.8,0,0,0,1011.6,344,2,123,PARTLY CLOUDY,58.2,22.5,2025-08-27T04:45:00+09:30,PT5M
21,-85,25,0,0,0,1011.6,345,2,122,PARTLY CLOUDY,58.2,22.5,2025-08-27T04:50:00+09:30,PT5M
21,-85,25,0,0,0,1011.7,346,2,120,PARTLY CLOUDY,58.2,22.5,2025-08-27T04:55:00+09:30,PT5M
21,-85,28.5,0,0,0,1011.7,346,2,119,PARTLY CLOUDY,58.1,22.5,2025-08-27T05:00:00+09:30,PT5M
21,-84,30.3,0,0,0,1011.7,347,1.9,118,PARTLY CLOUDY,58.1,22.5,2025-08-27T05:05:00+09:30,PT5M
21,-84,28.5,0,0,0,1011.7,348,1.9,117,PARTLY CLOUDY,58,22.5,2025-08-27T05:10:00+09:30,PT5M
21,-84,26.8,0,0,0,1011.7,348,1.9,116,PARTLY CLOUDY,58,22.5,2025-08-27T05:15:00+09:30,PT5M
21,-84,23.2,0,0,0,1011.7,349,1.9,114,PARTLY CLOUDY,57.9,22.4,2025-08-27T05:20:00+09:30,PT5M
21,-83,19.6,0,0,0,1011.8,350,1.9,113,PARTLY CLOUDY,57.9,22.4,2025-08-27T05:25:00+09:30,PT5M
21,-83,21.4,0,0,0,1011.8,351,1.9,112,PARTLY CLOUDY,57.8,22.4,2025-08-27T05:30:00+09:30,PT5M
21,-83,17.8,0,0,0,1011.8,351,1.9,111,PARTLY CLOUDY,57.8,22.4,2025-08-27T05:35:00+09:30,PT5M
20,-83,19.6,0,0,0,1011.8,351,1.9,110,PARTLY CLOUDY,57.7,22.4,2025-08-27T05:40:00+09:30,PT5M
20,-83,17.8,0,0,0,1011.9,352,1.9,108,PARTLY CLOUDY,57.7,22.4,2025-08-27T05:45:00+09:30,PT5M
20,-82,15.9,0,0,0,1011.9,352,1.9,107,PARTLY CLOUDY,57.6,22.3,2025-08-27T05:50:00+09:30,PT5M
20,-82,12.1,0,0,0,1012,352,2,106,PARTLY CLOUDY,57.6,22.3,2025-08-27T05:55:00+09:30,PT5M
20,-82,10.1,0,0,0,1012,353,2,105,PARTLY CLOUDY,57.5,22.3,2025-08-27T06:00:00+09:30,PT5M
20,-82,15.9,0,0,0,1012.1,353,2,103,PARTLY CLOUDY,57.4,22.3,2025-08-27T06:05:00+09:30,PT5M
20,-82,15.9,0,0,0,1012.1,353,2,102,PARTLY CLOUDY,57.2,22.3,2025-08-27T06:10:00+09:30,PT5M
20,-81,10.1,0,0,0,1012.1,353,2,101,PARTLY CLOUDY,57,22.2,2025-08-27T06:15:00+09:30,PT5M
20,-81,10.1,0,0,0,1012.2,354,2,100,PARTLY CLOUDY,56.9,22.2,2025-08-27T06:20:00+09:30,PT5M
20,-81,10.1,0,0,0,1012.2,354,2,99,PARTLY CLOUDY,56.7,22.2,2025-08-27T06:25:00+09:30,PT5M
20,-81,8.2,0,0,0,1012.3,354,2,97,MOSTLY CLEAR,56.5,22.2,2025-08-27T06:30:00+09:30,PT5M
20,-80,8.2,0,0,0,1012.3,355,2,96,MOSTLY CLEAR,56.3,22.1,2025-08-27T06:35:00+09:30,PT5M
20,-80,0,0,0,0,1012.4,356,2,95,CLEAR,56.1,22.1,2025-08-27T06:40:00+09:30,PT5M
20,-80,8.2,0,0,0,1012.4,357,1.9,94,MOSTLY CLEAR,55.9,22.1,2025-08-27T06:45:00+09:30,PT5M
20,-80,8.2,0,0,0,1012.5,358,1.9,93,MOSTLY CLEAR,55.8,22.1,2025-08-27T06:50:00+09:30,PT5M
20,-79,8.2,0,0,0,1012.5,358,1.9,91,MOSTLY CLEAR,55.6,22,2025-08-27T06:55:00+09:30,PT5M
20,-79,10.1,0,0,0,1012.6,359,1.9,90,PARTLY CLOUDY,55.4,22,2025-08-27T07:00:00+09:30,PT5M
20,-79,8.2,5,5,0,1012.6,1,1.8,89,MOSTLY SUNNY,55.1,22,2025-08-27T07:05:00+09:30,PT5M
20,-79,8.2,14,14,0,1012.7,2,1.8,88,MOSTLY SUNNY,54.8,21.9,2025-08-27T07:10:00+09:30,PT5M
20,-78,0,26,28,0,1012.7,3,1.8,87,SUNNY,54.5,21.9,2025-08-27T07:15:00+09:30,PT5M
20,-78,0,38,44,0,1012.8,4,1.8,85,SUNNY,54.2,21.8,2025-08-27T07:20:00+09:30,PT5M
20,-78,0,52,62,0,1012.8,5,1.7,84,SUNNY,53.9,21.8,2025-08-27T07:25:00+09:30,PT5M
21,-77,0,67,79,0,1012.9,6,1.7,83,SUNNY,53.6,21.7,2025-08-27T07:30:00+09:30,PT5M
21,-77,0,83,97,0,1012.9,6,1.7,82,SUNNY,53.3,21.7,2025-08-27T07:35:00+09:30,PT5M
21,-77,0,99,116,0,1012.9,4,1.6,81,SUNNY,53,21.6,2025-08-27T07:40:00+09:30,PT5M
22,-76,0,117,135,0,1013,1,1.5,79,SUNNY,52.7,21.6,2025-08-27T07:45:00+09:30,PT5M
22,-76,0,134,155,0,1013,359,1.4,78,SUNNY,52.4,21.5,2025-08-27T07:50:00+09:30,PT5M
22,-76,0,153,175,0,1013.1,356,1.3,77,SUNNY,52.1,21.5,2025-08-27T07:55:00+09:30,PT5M
23,-75,0,171,195,0,1013.1,352,1.3,76,SUNNY,51.8,21.4,2025-08-27T08:00:00+09:30,PT5M
23,-75,0,190,215,0,1013.2,349,1.2,75,SUNNY,51.4,21.3,2025-08-27T08:05:00+09:30,PT5M
24,-75,0,209,235,0,1013.2,344,1.1,74,SUNNY,51.1,21.1,2025-08-27T08:10:00+09:30,PT5M
24,-74,0,228,256,0,1013.2,340,1.1,72,SUNNY,50.8,20.9,2025-08-27T08:15:00+09:30,PT5M
25,-74,0,247,276,0,1013.3,334,1,71,SUNNY,50.5,20.7,2025-08-27T08:20:00+09:30,PT5M
25,-74,0,266,297,0,1013.3,329,1,70,SUNNY,50.2,20.5,2025-08-27T08:25:00+09:30,PT5M
25,-73,0,286,317,0,1013.4,323,0.9,69,SUNNY,49.9,20.3,2025-08-27T08:30:00+09:30,PT5M
26,-73,0,305,337,0,1013.4,317,1,68,SUNNY,49.5,20.1,2025-08-27T08:35:00+09:30,PT5M
26,-72,0,324,358,0,1013.5,313,1,67,SUNNY,49.2,19.9,2025-08-27T08:40:00+09:30,PT5M
26,-72,4.1,329,359,0,1013.6,309,1.1,65,MOSTLY SUNNY,48.9,19.7,2025-08-27T08:45:00+09:30,PT5M
26,-71,10.4,324,349,0,1013.6,306,1.2,64,PARTLY CLOUDY,48.6,19.5,2025-08-27T08:50:00+09:30,PT5M
26,-71,13.1,330,353,0,1013.7,304,1.3,63,PARTLY CLOUDY,48.3,19.3,2025-08-27T08:55:00+09:30,PT5M
26,-71,12.4,350,374,0,1013.8,301,1.3,62,PARTLY CLOUDY,48,19.1,2025-08-27T09:00:00+09:30,PT5M
27,-70,12.9,364,388,0,1013.8,299,1.4,61,PARTLY CLOUDY,47.7,19,2025-08-27T09:05:00+09:30,PT5M
27,-70,9.4,394,423,0,1013.9,297,1.5,60,MOSTLY SUNNY,47.4,18.9,2025-08-27T09:10:00+09:30,PT5M
27,-69,7.2,421,453,0,1014,296,1.6,58,MOSTLY SUNNY,47.1,18.8,2025-08-27T09:15:00+09:30,PT5M
27,-68,3.3,456,493,0,1014,294,1.7,57,MOSTLY SUNNY,46.8,18.8,2025-08-27T09:20:00+09:30,PT5M
27,-68,0,489,530,0,1014.1,293,1.8,56,SUNNY,46.5,18.7,2025-08-27T09:25:00+09:30,PT5M
27,-67,0,506,548,0,1014.2,292,1.9,55,SUNNY,46.2,18.6,2025-08-27T09:30:00+09:30,PT5M
28,-67,0,524,567,0,1014.2,291,2,54,SUNNY,45.9,18.6,2025-08-27T09:35:00+09:30,PT5M
28,-66,0,541,584,0,1014.2,291,2,53,SUNNY,45.6,18.5,2025-08-27T09:40:00+09:30,PT5M
28,-65,0,557,601,0,1014.2,290,2,52,SUNNY,45.3,18.4,2025-08-27T09:45:00+09:30,PT5M
28,-65,0,573,618,0,1014.2,290,2.1,51,SUNNY,45,18.4,2025-08-27T09:50:00+09:30,PT5M
28,-64,0,589,634,0,1014.2,289,2.1,49,SUNNY,44.7,18.3,2025-08-27T09:55:00+09:30,PT5M
28,-63,0,604,650,0,1014.2,289,2.1,48,SUNNY,44.4,18.2,2025-08-27T10:00:00+09:30,PT5M
29,-62,0,619,666,0,1014.2,289,2.2,47,SUNNY,44.2,18.1,2025-08-27T10:05:00+09:30,PT5M
29,-62,0,634,681,0,1014.2,288,2.2,46,SUNNY,43.9,18,2025-08-27T10:10:00+09:30,PT5M
29,-61,0,649,696,0,1014.2,288,2.3,45,SUNNY,43.6,17.9,2025-08-27T10:15:00+09:30,PT5M
29,-60,0,663,711,0,1014.2,288,2.3,44,SUNNY,43.3,17.8,2025-08-27T10:20:00+09:30,PT5M
29,-59,0,677,725,0,1014.2,287,2.3,43,SUNNY,43.1,17.7,2025-08-27T10:25:00+09:30,PT5M
30,-58,0,690,739,0,1014.2,287,2.4,42,SUNNY,42.8,17.6,2025-08-27T10:30:00+09:30,PT5M
30,-57,0,703,753,0,1014.1,287,2.4,41,SUNNY,42.5,17.4,2025-08-27T10:35:00+09:30,PT5M
30,-56,0,716,766,0,1014,286,2.4,40,SUNNY,42.2,17.3,2025-08-27T10:40:00+09:30,PT5M
30,-55,0,728,779,0,1014,286,2.5,39,SUNNY,42,17.2,2025-08-27T10:45:00+09:30,PT5M
30,-54,0,740,791,0,1013.9,286,2.5,38,SUNNY,41.7,17.1,2025-08-27T10:50:00+09:30,PT5M
30,-52,0,751,803,0,1013.8,285,2.5,37,SUNNY,41.4,17,2025-08-27T10:55:00+09:30,PT5M
30,-51,0,762,814,0,1013.7,285,2.6,36,SUNNY,41.1,16.9,2025-08-27T11:00:00+09:30,PT5M
31,-50,0,773,825,0,1013.6,284,2.6,35,SUNNY,40.9,16.8,2025-08-27T11:05:00+09:30,PT5M
31,-48,0,783,836,0,1013.5,284,2.6,34,SUNNY,40.6,16.7,2025-08-27T11:10:00+09:30,PT5M
31,-47,0,793,846,0,1013.4,284,2.7,33,SUNNY,40.3,16.6,2025-08-27T11:15:00+09:30,PT5M
31,-45,0,802,855,0,1013.3,283,2.7,32,SUNNY,40.1,16.6,2025-08-27T11:20:00+09:30,PT5M
31,-44,0,811,864,0,1013.2,283,2.7,31,SUNNY,39.8,16.5,2025-08-27T11:25:00+09:30,PT5M
31,-42,0,819,873,0,1013.1,283,2.8,31,SUNNY,39.5,16.4,2025-08-27T11:30:00+09:30,PT5M
31,-40,0,827,881,0,1013,282,2.8,30,SUNNY,39.3,16.4,2025-08-27T11:35:00+09:30,PT5M
32,-38,2.7,812,863,0,1013,282,2.8,29,MOSTLY SUNNY,39,16.3,2025-08-27T11:40:00+09:30,PT5M
32,-36,1.9,825,877,0,1012.9,282,2.8,28,MOSTLY SUNNY,38.7,16.2,2025-08-27T11:45:00+09:30,PT5M
32,-34,2.4,827,878,0,1012.8,281,2.9,28,MOSTLY SUNNY,38.5,16.2,2025-08-27T11:50:00+09:30,PT5M
32,-32,5.5,806,854,0,1012.7,281,2.9,27,MOSTLY SUNNY,38.2,16.1,2025-08-27T11:55:00+09:30,PT5M
32,-29,8.5,786,830,0,1012.7,281,2.9,26,MOSTLY SUNNY,37.9,16,2025-08-27T12:00:00+09:30,PT5M
32,-27,10.1,777,818,0,1012.6,281,3,26,PARTLY CLOUDY,37.7,16,2025-08-27T12:05:00+09:30,PT5M
32,-24,12.8,757,794,0,1012.5,280,3,25,PARTLY CLOUDY,37.6,16,2025-08-27T12:10:00+09:30,PT5M
32,-22,11.7,770,809,0,1012.4,280,3,25,PARTLY CLOUDY,37.4,15.9,2025-08-27T12:15:00+09:30,PT5M
32,-19,10.4,784,825,0,1012.4,280,3.1,24,PARTLY CLOUDY,37.2,15.9,2025-08-27T12:20:00+09:30,PT5M
32,-16,10.4,787,828,0,1012.3,280,3.1,24,PARTLY CLOUDY,37.1,15.8,2025-08-27T12:25:00+09:30,PT5M
32,-13,10.3,789,830,0,1012.2,279,3.1,24,PARTLY CLOUDY,36.9,15.8,2025-08-27T12:30:00+09:30,PT5M
32,-10,9.1,802,845,0,1012.1,279,3.2,23,MOSTLY SUNNY,36.8,15.8,2025-08-27T12:35:00+09:30,PT5M
32,-7,7.8,814,859,0,1012,279,3.2,23,MOSTLY SUNNY,36.6,15.8,2025-08-27T12:40:00+09:30,PT5M
32,-4,9,804,847,0,1011.9,279,3.2,23,MOSTLY SUNNY,36.5,15.7,2025-08-27T12:45:00+09:30,PT5M
32,-1,9,804,847,0,1011.8,279,3.2,23,MOSTLY SUNNY,36.3,15.7,2025-08-27T12:50:00+09:30,PT5M
32,2,9,804,847,0,1011.7,279,3.3,23,MOSTLY SUNNY,36.1,15.6,2025-08-27T12:55:00+09:30,PT5M
32,6,7.8,814,859,0,1011.5,280,3.3,23,MOSTLY SUNNY,36,15.6,2025-08-27T13:00:00+09:30,PT5M
32,9,7.8,812,857,0,1011.4,280,3.3,23,MOSTLY SUNNY,35.9,15.6,2025-08-27T13:05:00+09:30,PT5M
32,12,7.9,810,855,0,1011.3,280,3.3,24,MOSTLY SUNNY,35.9,15.6,2025-08-27T13:10:00+09:30,PT5M
32,15,5.5,829,877,0,1011.2,280,3.4,24,MOSTLY SUNNY,35.8,15.6,2025-08-27T13:15:00+09:30,PT5M
32,18,4.3,836,886,0,1011.1,280,3.4,24,MOSTLY SUNNY,35.8,15.7,2025-08-27T13:20:00+09:30,PT5M
32,20,3.2,843,894,0,1011,280,3.4,25,MOSTLY SUNNY,35.8,15.7,2025-08-27T13:25:00+09:30,PT5M
33,23,0,867,922,0,1010.8,280,3.4,25,SUNNY,35.7,15.7,2025-08-27T13:30:00+09:30,PT5M
33,26,0,863,917,0,1010.7,280,3.5,26,SUNNY,35.7,15.7,2025-08-27T13:35:00+09:30,PT5M
33,28,0,858,912,0,1010.7,280,3.4,26,SUNNY,35.7,15.7,2025-08-27T13:40:00+09:30,PT5M
33,31,0,852,906,0,1010.6,279,3.4,27,SUNNY,35.6,15.7,2025-08-27T13:45:00+09:30,PT5M
33,33,0,846,900,0,1010.5,279,3.4,27,SUNNY,35.6,15.8,2025-08-27T13:50:00+09:30,PT5M
33,35,0,840,894,0,1010.4,279,3.4,28,SUNNY,35.6,15.8,2025-08-27T13:55:00+09:30,PT5M
33,37,0,833,887,0,1010.4,279,3.4,29,SUNNY,35.5,15.8,2025-08-27T14:00:00+09:30,PT5M
33,39,0,826,879,0,1010.3,278,3.4,29,SUNNY,35.5,15.8,2025-08-27T14:05:00+09:30,PT5M
33,41,0,818,871,0,1010.2,278,3.4,30,SUNNY,35.5,15.8,2025-08-27T14:10:00+09:30,PT5M
33,43,0,810,863,0,1010.1,278,3.4,31,SUNNY,35.4,15.9,2025-08-27T14:15:00+09:30,PT5M
33,45,0,801,854,0,1010.1,277,3.4,32,SUNNY,35.4,15.9,2025-08-27T14:20:00+09:30,PT5M
33,46,0,792,844,0,1010,277,3.4,33,SUNNY,35.4,15.9,2025-08-27T14:25:00+09:30,PT5M
33,48,0,783,834,0,1009.9,277,3.4,34,SUNNY,35.3,15.9,2025-08-27T14:30:00+09:30,PT5M
33,49,0,772,824,0,1009.8,277,3.4,35,SUNNY,35.3,16,2025-08-27T14:35:00+09:30,PT5M
33,51,0,762,813,0,1009.8,276,3.4,36,SUNNY,35.2,16,2025-08-27T14:40:00+09:30,PT5M
33,52,0,751,802,0,1009.7,276,3.5,37,SUNNY,35.2,16,2025-08-27T14:45:00+09:30,PT5M
33,53,0,740,790,0,1009.7,276,3.5,37,SUNNY,35.2,16,2025-08-27T14:50:00+09:30,PT5M
33,54,0,728,778,0,1009.6,276,3.5,38,SUNNY,35.2,16.1,2025-08-27T14:55:00+09:30,PT5M
33,56,0,716,765,0,1009.6,276,3.5,39,SUNNY,35.1,16.1,2025-08-27T15:00:00+09:30,PT5M
33,57,0,703,752,0,1009.5,276,3.5,40,SUNNY,35.2,16,2025-08-27T15:05:00+09:30,PT5M
33,58,0,690,738,0,1009.5,275,3.5,42,SUNNY,35.3,15.9,2025-08-27T15:10:00+09:30,PT5M
33,59,0,677,725,0,1009.4,275,3.6,43,SUNNY,35.4,15.8,2025-08-27T15:15:00+09:30,PT5M
33,60,0,663,711,0,1009.4,275,3.6,44,SUNNY,35.5,15.7,2025-08-27T15:20:00+09:30,PT5M
33,61,0,649,696,0,1009.3,275,3.6,45,SUNNY,35.6,15.6,2025-08-27T15:25:00+09:30,PT5M
33,61,0,635,681,0,1009.3,275,3.6,46,SUNNY,35.7,15.5,2025-08-27T15:30:00+09:30,PT5M
33,62,0,620,666,0,1009.3,275,3.6,47,SUNNY,35.8,15.3,2025-08-27T15:35:00+09:30,PT5M
33,63,0,605,650,0,1009.3,274,3.7,48,SUNNY,35.9,15.2,2025-08-27T15:40:00+09:30,PT5M
33,64,0,589,634,0,1009.3,274,3.7,49,SUNNY,36,15.1,2025-08-27T15:45:00+09:30,PT5M
32,64,0,574,618,0,1009.2,274,3.8,50,SUNNY,36.1,15,2025-08-27T15:50:00+09:30,PT5M
32,65,0,558,601,0,1009.2,274,3.8,51,SUNNY,36.2,14.9,2025-08-27T15:55:00+09:30,PT5M
32,66,0,541,584,0,1009.2,274,3.8,52,SUNNY,36.3,14.8,2025-08-27T16:00:00+09:30,PT5M
32,66,0,525,567,0,1009.2,274,3.9,53,SUNNY,36.5,14.7,2025-08-27T16:05:00+09:30,PT5M
32,67,0,507,549,0,1009.2,273,3.9,55,SUNNY,36.8,14.8,2025-08-27T16:10:00+09:30,PT5M
32,68,0,490,530,0,1009.2,273,4,56,SUNNY,37,14.8,2025-08-27T16:15:00+09:30,PT5M
32,68,0,472,512,0,1009.2,273,4,57,SUNNY,37.3,14.9,2025-08-27T16:20:00+09:30,PT5M
32,69,0,454,493,0,1009.2,273,4,58,SUNNY,37.5,14.9,2025-08-27T16:25:00+09:30,PT5M
32,69,0,436,474,0,1009.2,273,4.1,59,SUNNY,37.8,15,2025-08-27T16:30:00+09:30,PT5M
32,70,0,418,455,0,1009.2,273,4.1,60,SUNNY,38,15,2025-08-27T16:35:00+09:30,PT5M
32,70,0,400,436,0,1009.2,273,4.2,61,SUNNY,38.3,15.1,2025-08-27T16:40:00+09:30,PT5M
32,71,0,381,416,0,1009.3,273,4.2,62,SUNNY,38.5,15.1,2025-08-27T16:45:00+09:30,PT5M
32,71,0,362,396,0,1009.3,273,4.3,64,SUNNY,38.8,15.2,2025-08-27T16:50:00+09:30,PT5M
31,72,0,343,377,0,1009.3,273,4.3,65,SUNNY,39,15.2,2025-08-27T16:55:00+09:30,PT5M
31,72,0,324,357,0,1009.4,273,4.3,66,SUNNY,39.3,15.3,2025-08-27T17:00:00+09:30,PT5M
31,73,0,305,336,0,1009.4,273,4.4,67,SUNNY,39.5,15.3,2025-08-27T17:05:00+09:30,PT5M
31,73,0,286,316,0,1009.4,273,4.4,68,SUNNY,39.8,15.4,2025-08-27T17:10:00+09:30,PT5M
31,74,0,267,295,0,1009.5,273,4.5,69,SUNNY,40,15.5,2025-08-27T17:15:00+09:30,PT5M
31,74,0,248,275,0,1009.5,273,4.5,71,SUNNY,40.3,15.5,2025-08-27T17:20:00+09:30,PT5M
31,74,0,228,254,0,1009.5,273,4.5,72,SUNNY,40.5,15.6,2025-08-27T17:25:00+09:30,PT5M
31,75,0,209,234,0,1009.6,273,4.6,73,SUNNY,40.8,15.7,2025-08-27T17:30:00+09:30,PT5M
30,75,0,191,213,0,1009.6,272,4.6,74,SUNNY,41,15.7,2025-08-27T17:35:00+09:30,PT5M
30,75,0,172,193,0,1009.6,272,4.6,75,SUNNY,41.3,15.8,2025-08-27T17:40:00+09:30,PT5M
30,76,0,153,173,0,1009.7,272,4.6,77,SUNNY,41.5,15.9,2025-08-27T17:45:00+09:30,PT5M
30,76,0,135,153,0,1009.7,272,4.6,78,SUNNY,41.8,15.9,2025-08-27T17:50:00+09:30,PT5M
30,76,0,118,134,0,1009.8,272,4.6,79,SUNNY,42,16,2025-08-27T17:55:00+09:30,PT5M
30,77,0,101,115,0,1009.8,271,4.6,80,SUNNY,42.3,16.1,2025-08-27T18:00:00+09:30,PT5M
30,77,0,85,97,0,1009.8,271,4.6,81,SUNNY,42.5,16.1,2025-08-27T18:05:00+09:30,PT5M
30,77,0,69,80,0,1009.9,271,4.6,82,SUNNY,42.7,16.2,2025-08-27T18:10:00+09:30,PT5M
30,78,0,55,63,0,1009.9,271,4.6,84,SUNNY,43,16.3,2025-08-27T18:15:00+09:30,PT5M
30,78,0,42,48,0,1010,271,4.6,85,SUNNY,43.2,16.4,2025-08-27T18:20:00+09:30,PT5M
29,78,12.1,26,26,0,1010,270,4.6,86,PARTLY CLOUDY,43.4,16.5,2025-08-27T18:25:00+09:30,PT5M
29,79,15.9,16,16,0,1010.1,270,4.6,87,PARTLY CLOUDY,43.6,16.6,2025-08-27T18:30:00+09:30,PT5M
29,79,19.6,8,7,0,1010.1,270,4.6,88,PARTLY CLOUDY,43.9,16.6,2025-08-27T18:35:00+09:30,PT5M
29,79,21.4,1,1,0,1010.2,270,4.6,90,PARTLY CLOUDY,44.1,16.7,2025-08-27T18:40:00+09:30,PT5M
29,79,21.4,0,0,0,1010.2,270,4.6,91,PARTLY CLOUDY,44.3,16.8,2025-08-27T18:45:00+09:30,PT5M
29,80,23.2,0,0,0,1010.3,270,4.5,92,PARTLY CLOUDY,44.5,16.9,2025-08-27T18:50:00+09:30,PT5M
29,80,21.4,0,0,0,1010.3,270,4.5,93,PARTLY CLOUDY,44.8,17,2025-08-27T18:55:00+09:30,PT5M
28,80,21.4,0,0,0,1010.4,269,4.5,94,PARTLY CLOUDY,45,17.1,2025-08-27T19:00:00+09:30,PT5M
28,80,21.4,0,0,0,1010.5,269,4.5,96,PARTLY CLOUDY,45.2,17.1,2025-08-27T19:05:00+09:30,PT5M
28,81,21.4,0,0,0,1010.5,269,4.5,97,PARTLY CLOUDY,45.4,17.2,2025-08-27T19:10:00+09:30,PT5M
28,81,21.4,0,0,0,1010.6,269,4.5,98,PARTLY CLOUDY,45.6,17.2,2025-08-27T19:15:00+09:30,PT5M
28,81,23.2,0,0,0,1010.6,269,4.4,99,PARTLY CLOUDY,45.8,17.3,2025-08-27T19:20:00+09:30,PT5M
28,81,23.2,0,0,0,1010.7,269,4.4,100,PARTLY CLOUDY,46,17.4,2025-08-27T19:25:00+09:30,PT5M
27,82,23.2,0,0,0,1010.7,269,4.4,102,PARTLY CLOUDY,46.2,17.4,2025-08-27T19:30:00+09:30,PT5M
27,82,23.2,0,0,0,1010.8,269,4.4,103,PARTLY CLOUDY,46.3,17.5,2025-08-27T19:35:00+09:30,PT5M
27,82,23.2,0,0,0,1010.9,269,4.3,104,PARTLY CLOUDY,46.5,17.5,2025-08-27T19:40:00+09:30,PT5M
27,82,23.2,0,0,0,1010.9,269,4.3,105,PARTLY CLOUDY,46.7,17.6,2025-08-27T19:45:00+09:30,PT5M
27,83,23.2,0,0,0,1011,269,4.2,106,PARTLY CLOUDY,46.9,17.7,2025-08-27T19:50:00+09:30,PT5M
27,83,23.2,0,0,0,1011,269,4.2,108,PARTLY CLOUDY,47.1,17.7,2025-08-27T19:55:00+09:30,PT5M
27,83,25,0,0,0,1011.1,269,4.1,109,PARTLY CLOUDY,47.3,17.8,2025-08-27T20:00:00+09:30,PT5M
27,83,25,0,0,0,1011.2,269,4.1,110,PARTLY CLOUDY,47.5,17.8,2025-08-27T20:05:00+09:30,PT5M
27,83,26.8,0,0,0,1011.2,269,4,111,PARTLY CLOUDY,47.7,17.8,2025-08-27T20:10:00+09:30,PT5M
27,84,26.8,0,0,0,1011.3,270,4,113,PARTLY CLOUDY,47.9,17.9,2025-08-27T20:15:00+09:30,PT5M
26,84,28.5,0,0,0,1011.3,270,3.9,114,PARTLY CLOUDY,48,17.9,2025-08-27T20:20:00+09:30,PT5M
26,84,28.5,0,0,0,1011.4,270,3.9,115,PARTLY CLOUDY,48.2,17.9,2025-08-27T20:25:00+09:30,PT5M
26,84,28.5,0,0,0,1011.4,270,3.8,116,PARTLY CLOUDY,48.4,17.9,2025-08-27T20:30:00+09:30,PT5M
26,84,28.5,0,0,0,1011.5,270,3.8,117,PARTLY CLOUDY,48.6,18,2025-08-27T20:35:00+09:30,PT5M
26,85,28.5,0,0,0,1011.6,271,3.7,119,PARTLY CLOUDY,48.8,18,2025-08-27T20:40:00+09:30,PT5M
26,85,28.5,0,0,0,1011.6,271,3.7,120,PARTLY CLOUDY,49,18,2025-08-27T20:45:00+09:30,PT5M
26,85,26.8,0,0,0,1011.7,272,3.7,121,PARTLY CLOUDY,49.1,18,2025-08-27T20:50:00+09:30,PT5M
26,85,26.8,0,0,0,1011.7,272,3.6,122,PARTLY CLOUDY,49.3,18.1,2025-08-27T20:55:00+09:30,PT5M
26,86,25,0,0,0,1011.8,273,3.6,123,PARTLY CLOUDY,49.5,18.1,2025-08-27T21:00:00+09:30,PT5M
26,86,25,0,0,0,1011.9,274,3.5,125,PARTLY CLOUDY,49.7,18.1,2025-08-27T21:05:00+09:30,PT5M
26,86,23.2,0,0,0,1011.9,274,3.5,126,PARTLY CLOUDY,49.8,18.1,2025-08-27T21:10:00+09:30,PT5M
26,86,23.2,0,0,0,1012,275,3.5,127,PARTLY CLOUDY,49.9,18.1,2025-08-27T21:15:00+09:30,PT5M
25,86,23.2,0,0,0,1012,275,3.4,128,PARTLY CLOUDY,50,18.1,2025-08-27T21:20:00+09:30,PT5M
25,87,21.4,0,0,0,1012.1,276,3.4,130,PARTLY CLOUDY,50.1,18.1,2025-08-27T21:25:00+09:30,PT5M
25,87,21.4,0,0,0,1012.2,277,3.3,131,PARTLY CLOUDY,50.2,18.1,2025-08-27T21:30:00+09:30,PT5M
25,87,21.4,0,0,0,1012.2,277,3.3,132,PARTLY CLOUDY,50.3,18.2,2025-08-27T21:35:00+09:30,PT5M
25,87,21.4,0,0,0,1012.2,279,3.3,133,PARTLY CLOUDY,50.4,18.2,2025-08-27T21:40:00+09:30,PT5M
25,87,21.4,0,0,0,1012.3,280,3.3,134,PARTLY CLOUDY,50.5,18.2,2025-08-27T21:45:00+09:30,PT5M
25,88,21.4,0,0,0,1012.3,281,3.2,136,PARTLY CLOUDY,50.6,18.2,2025-08-27T21:50:00+09:30,PT5M
25,88,21.4,0,0,0,1012.3,282,3.2,137,PARTLY CLOUDY,50.7,18.2,2025-08-27T21:55:00+09:30,PT5M
25,88,21.4,0,0,0,1012.4,283,3.2,138,PARTLY CLOUDY,50.8,18.2,2025-08-27T22:00:00+09:30,PT5M
25,88,25,0,0,0,1012.4,284,3.2,139,PARTLY CLOUDY,50.9,18.2,2025-08-27T22:05:00+09:30,PT5M
25,89,28.5,0,0,0,1012.4,285,3.2,141,PARTLY CLOUDY,51,18.2,2025-08-27T22:10:00+09:30,PT5M
25,89,26.8,0,0,0,1012.5,287,3.1,142,PARTLY CLOUDY,51,18.2,2025-08-27T22:15:00+09:30,PT5M
25,89,25,0,0,0,1012.5,288,3.1,143,PARTLY CLOUDY,51,18.2,2025-08-27T22:20:00+09:30,PT5M
25,89,25,0,0,0,1012.5,289,3.1,144,PARTLY CLOUDY,51,18.2,2025-08-27T22:25:00+09:30,PT5M
25,90,23.2,0,0,0,1012.6,290,3.1,145,PARTLY CLOUDY,51.1,18.2,2025-08-27T22:30:00+09:30,PT5M
25,90,23.2,0,0,0,1012.6,291,3.1,147,PARTLY CLOUDY,51.1,18.1,2025-08-27T22:35:00+09:30,PT5M
25,90,23.2,0,0,0,1012.6,293,3.1,148,PARTLY CLOUDY,51.2,18.1,2025-08-27T22:40:00+09:30,PT5M
24,90,23.2,0,0,0,1012.7,294,3.1,149,PARTLY CLOUDY,51.2,18.1,2025-08-27T22:45:00+09:30,PT5M
24,91,23.2,0,0,0,1012.7,295,3,150,PARTLY CLOUDY,51.2,18.1,2025-08-27T22:50:00+09:30,PT5M
24,91,25,0,0,0,1012.7,297,3,152,PARTLY CLOUDY,51.2,18.1,2025-08-27T22:55:00+09:30,PT5M
24,91,25,0,0,0,1012.8,298,3,153,PARTLY CLOUDY,51.3,18.1,2025-08-27T23:00:00+09:30,PT5M
24,92,25,0,0,0,1012.8,299,3,154,PARTLY CLOUDY,51.3,18.1,2025-08-27T23:05:00+09:30,PT5M
24,92,25,0,0,0,1012.8,301,3,155,PARTLY CLOUDY,51.3,18.1,2025-08-27T23:10:00+09:30,PT5M
24,92,30.3,0,0,0,1012.9,302,3,156,PARTLY CLOUDY,51.4,18.1,2025-08-27T23:15:00+09:30,PT5M
24,93,35.3,0,0,0,1012.9,303,3,158,MOSTLY CLOUDY,51.4,18.1,2025-08-27T23:20:00+09:30,PT5M
24,93,38.5,0,0,0,1012.9,305,3,159,MOSTLY CLOUDY,51.4,18.1,2025-08-27T23:25:00+09:30,PT5M
24,94,44.8,0,0,0,1013,306,3,160,MOSTLY CLOUDY,51.4,18.1,2025-08-27T23:30:00+09:30,PT5M
24,94,43.3,0,0,0,1013,307,3,161,MOSTLY CLOUDY,51.5,18,2025-08-27T23:35:00+09:30,PT5M
24,95,41.7,0,0,0,1012.9,308,3,162,MOSTLY CLOUDY,51.5,18,2025-08-27T23:40:00+09:30,PT5M
24,95,41.7,0,0,0,1012.9,308,2.9,164,MOSTLY CLOUDY,51.5,18,2025-08-27T23:45:00+09:30,PT5M
24,96,38.5,0,0,0,1012.9,309,2.9,165,MOSTLY CLOUDY,51.5,18,2025-08-27T23:50:00+09:30,PT5M
24,97,35.3,0,0,0,1012.9,309,2.9,166,MOSTLY CLOUDY,51.6,18,2025-08-27T23:55:00+09:30,PT5M
24,98,33.6,0,0,0,1012.8,310,2.8,167,PARTLY CLOUDY,51.6,18,2025-08-28T00:00:00+09:30,PT5M
24,99,30.3,0,0,0,1012.8,310,2.8,169,PARTLY CLOUDY,51.6,18,2025-08-28T00:05:00+09:30,PT5M
24,100,26.8,0,0,0,1012.8,311,2.8,170,PARTLY CLOUDY,51.6,18,2025-08-28T00:10:00+09:30,PT5M
24,102,30.3,0,0,0,1012.8,311,2.7,171,PARTLY CLOUDY,51.6,18,2025-08-28T00:15:00+09:30,PT5M
24,104,36.9,0,0,0,1012.7,312,2.7,172,MOSTLY CLOUDY,51.6,17.9,2025-08-28T00:20:00+09:30,PT5M
24,107,41.7,0,0,0,1012.7,313,2.7,173,MOSTLY CLOUDY,51.6,17.9,2025-08-28T00:25:00+09:30,PT5M
24,111,49.2,0,0,0,1012.7,313,2.6,174,MOSTLY CLOUDY,51.6,17.9,2025-08-28T00:30:00+09:30,PT5M
24,116,50.7,0,0,0,1012.7,313,2.6,176,MOSTLY CLOUDY,51.7,17.9,2025-08-28T00:35:00+09:30,PT5M
24,126,54.8,0,0,0,1012.6,313,2.6,177,MOSTLY CLOUDY,51.7,17.9,2025-08-28T00:40:00+09:30,PT5M
24,143,52.1,0,0,0,1012.6,312,2.6,178,MOSTLY CLOUDY,51.7,17.9,2025-08-28T00:45:00+09:30,PT5M
24,173,49.2,0,0,0,1012.6,312,2.5,178,MOSTLY CLOUDY,51.7,17.8,2025-08-28T00:50:00+09:30,PT5M
24,-154,52.1,0,0,0,1012.5,311,2.5,178,MOSTLY CLOUDY,51.7,17.8,2025-08-28T00:55:00+09:30,PT5M
24,-132,52.1,0,0,0,1012.5,310,2.5,177,MOSTLY CLOUDY,51.7,17.8,2025-08-28T01:00:00+09:30,PT5M
24,-120,46.3,0,0,0,1012.5,310,2.5,176,MOSTLY CLOUDY,51.7,17.8,2025-08-28T01:05:00+09:30,PT5M
24,-113,40.1,0,0,0,1012.4,309,2.5,175,MOSTLY CLOUDY,51.7,17.8,2025-08-28T01:10:00+09:30,PT5M
24,-108,40.1,0,0,0,1012.4,309,2.4,174,MOSTLY CLOUDY,51.7,17.7,2025-08-28T01:15:00+09:30,PT5M
24,-105,38.5,0,0,0,1012.4,308,2.4,173,MOSTLY CLOUDY,51.7,17.7,2025-08-28T01:20:00+09:30,PT5M
24,-103,38.5,0,0,0,1012.3,307,2.4,171,MOSTLY CLOUDY,51.7,17.7,2025-08-28T01:25:00+09:30,PT5M
23,-101,40.1,0,0,0,1012.3,307,2.4,170,MOSTLY CLOUDY,51.7,17.7,2025-08-28T01:30:00+09:30,PT5M
23,-99,40.1,0,0,0,1012.2,306,2.3,169,MOSTLY CLOUDY,51.6,17.6,2025-08-28T01:35:00+09:30,PT5M
23,-98,40.1,0,0,0,1012.2,305,2.3,168,MOSTLY CLOUDY,51.6,17.6,2025-08-28T01:40:00+09:30,PT5M
23,-97,40.1,0,0,0,1012.1,305,2.3,167,MOSTLY CLOUDY,51.6,17.6,2025-08-28T01:45:00+09:30,PT5M
23,-96,38.5,0,0,0,1012,304,2.3,165,MOSTLY CLOUDY,51.6,17.6,2025-08-28T01:50:00+09:30,PT5M
23,-96,38.5,0,0,0,1011.9,303,2.2,164,MOSTLY CLOUDY,51.6,17.5,2025-08-28T01:55:00+09:30,PT5M
23,-95,40.1,0,0,0,1011.8,302,2.2,163,MOSTLY CLOUDY,51.6,17.5,2025-08-28T02:00:00+09:30,PT5M
23,-94,41.7,0,0,0,1011.7,301,2.2,162,MOSTLY CLOUDY,51.6,17.5,2025-08-28T02:05:00+09:30,PT5M
23,-94,41.7,0,0,0,1011.7,301,2.1,161,MOSTLY CLOUDY,51.6,17.5,2025-08-28T02:10:00+09:30,PT5M
23,-93,38.5,0,0,0,1011.6,300,2.1,159,MOSTLY CLOUDY,51.6,17.5,2025-08-28T02:15:00+09:30,PT5M
23,-93,38.5,0,0,0,1011.5,299,2.1,158,MOSTLY CLOUDY,51.6,17.5,2025-08-28T02:20:00+09:30,PT5M
23,-93,33.6,0,0,0,1011.4,298,2.1,157,PARTLY CLOUDY,51.6,17.5,2025-08-28T02:25:00+09:30,PT5M
23,-92,28.5,0,0,0,1011.3,297,2,156,PARTLY CLOUDY,51.6,17.5,2025-08-28T02:30:00+09:30,PT5M
23,-92,28.5,0,0,0,1011.3,296,2,154,PARTLY CLOUDY,51.5,17.4,2025-08-28T02:35:00+09:30,PT5M
23,-91,32,0,0,0,1011.3,296,2,153,PARTLY CLOUDY,51.5,17.4,2025-08-28T02:40:00+09:30,PT5M
23,-91,35.3,0,0,0,1011.3,296,2,152,MOSTLY CLOUDY,51.5,17.4,2025-08-28T02:45:00+09:30,PT5M
23,-91,47.8,0,0,0,1011.4,295,2,151,MOSTLY CLOUDY,51.5,17.4,2025-08-28T02:50:00+09:30,PT5M
23,-91,57.5,0,0,0,1011.4,295,1.9,150,MOSTLY CLOUDY,51.5,17.4,2025-08-28T02:55:00+09:30,PT5M
23,-90,53.5,0,0,0,1011.4,295,1.9,148,MOSTLY CLOUDY,51.5,17.4,2025-08-28T03:00:00+09:30,PT5M
23,-90,46.3,0,0,0,1011.4,294,1.9,147,MOSTLY CLOUDY,51.5,17.4,2025-08-28T03:05:00+09:30,PT5M
23,-90,38.5,0,0,0,1011.5,294,1.9,146,MOSTLY CLOUDY,51.4,17.4,2025-08-28T03:10:00+09:30,PT5M
23,-89,35.3,0,0,0,1011.5,294,1.9,145,MOSTLY CLOUDY,51.4,17.4,2025-08-28T03:15:00+09:30,PT5M
23,-89,32,0,0,0,1011.5,293,1.9,143,PARTLY CLOUDY,51.4,17.3,2025-08-28T03:20:00+09:30,PT5M
23,-89,32,0,0,0,1011.5,293,1.9,142,PARTLY CLOUDY,51.4,17.3,2025-08-28T03:25:00+09:30,PT5M
23,-89,32,0,0,0,1011.6,293,1.8,141,PARTLY CLOUDY,51.3,17.3,2025-08-28T03:30:00+09:30,PT5M
23,-89,32,0,0,0,1011.6,293,1.8,140,PARTLY CLOUDY,51.3,17.3,2025-08-28T03:35:00+09:30,PT5M
23,-88,35.3,0,0,0,1011.6,293,1.8,139,MOSTLY CLOUDY,51.2,17.3,2025-08-28T03:40:00+09:30,PT5M
23,-88,35.3,0,0,0,1011.6,293,1.8,137,MOSTLY CLOUDY,51.2,17.3,2025-08-28T03:45:00+09:30,PT5M
23,-88,35.3,0,0,0,1011.6,294,1.8,136,MOSTLY CLOUDY,51.2,17.2,2025-08-28T03:50:00+09:30,PT5M
23,-88,36.9,0,0,0,1011.7,294,1.8,135,MOSTLY CLOUDY,51.2,17.2,2025-08-28T03:55:00+09:30,PT5M
23,-87,36.9,0,0,0,1011.7,294,1.8,134,MOSTLY CLOUDY,51.1,17.2,2025-08-28T04:00:00+09:30,PT5M
23,-87,36.9,0,0,0,1011.7,295,1.8,132,MOSTLY CLOUDY,51.1,17.2,2025-08-28T04:05:00+09:30,PT5M
23,-87,35.3,0,0,0,1011.7,295,1.8,131,MOSTLY CLOUDY,51,17.2,2025-08-28T04:10:00+09:30,PT5M
23,-87,35.3,0,0,0,1011.7,295,1.8,130,MOSTLY CLOUDY,51,17.2,2025-08-28T04:15:00+09:30,PT5M
23,-87,35.3,0,0,0,1011.7,296,1.8,129,MOSTLY CLOUDY,51,17.2,2025-08-28T04:20:00+09:30,PT5M
23,-86,35.3,0,0,0,1011.8,296,1.8,128,MOSTLY CLOUDY,50.9,17.2,2025-08-28T04:25:00+09:30,PT5M
23,-86,35.3,0,0,0,1011.8,296,1.8,126,MOSTLY CLOUDY,50.9,17.2,2025-08-28T04:30:00+09:30,PT5M
23,-86,33.6,0,0,0,1011.8,297,1.8,125,PARTLY CLOUDY,50.8,17.1,2025-08-28T04:35:00+09:30,PT5M
23,-86,33.6,0,0,0,1011.8,297,1.8,124,PARTLY CLOUDY,50.8,17.1,2025-08-28T04:40:00+09:30,PT5M
23,-86,33.6,0,0,0,1011.8,298,1.7,123,PARTLY CLOUDY,50.7,17.1,2025-08-28T04:45:00+09:30,PT5M
23,-85,32,0,0,0,1011.9,299,1.7,122,PARTLY CLOUDY,50.7,17.1,2025-08-28T04:50:00+09:30,PT5M
23,-85,30.3,0,0,0,1011.9,299,1.7,120,PARTLY CLOUDY,50.7,17.1,2025-08-28T04:55:00+09:30,PT5M
23,-85,28.5,0,0,0,1011.9,300,1.7,119,PARTLY CLOUDY,50.6,17.1,2025-08-28T05:00:00+09:30,PT5M
23,-85,28.5,0,0,0,1011.9,301,1.7,118,PARTLY CLOUDY,50.6,17.1,2025-08-28T05:05:00+09:30,PT5M
23,-84,28.5,0,0,0,1012,301,1.7,117,PARTLY CLOUDY,50.5,17.1,2025-08-28T05:10:00+09:30,PT5M
23,-84,28.5,0,0,0,1012,302,1.6,115,PARTLY CLOUDY,50.5,17.1,2025-08-28T05:15:00+09:30,PT5M
23,-84,28.5,0,0,0,1012,303,1.6,114,PARTLY CLOUDY,50.4,17,2025-08-28T05:20:00+09:30,PT5M
22,-84,26.8,0,0,0,1012,304,1.6,113,PARTLY CLOUDY,50.4,17,2025-08-28T05:25:00+09:30,PT5M
22,-84,23.2,0,0,0,1012.1,304,1.6,112,PARTLY CLOUDY,50.3,17,2025-08-28T05:30:00+09:30,PT5M
22,-83,21.4,0,0,0,1012.1,305,1.6,111,PARTLY CLOUDY,50.3,17,2025-08-28T05:35:00+09:30,PT5M
22,-83,23.2,0,0,0,1012.1,305,1.6,109,PARTLY CLOUDY,50.2,17,2025-08-28T05:40:00+09:30,PT5M
22,-83,21.4,0,0,0,1012.1,305,1.6,108,PARTLY CLOUDY,50.2,17,2025-08-28T05:45:00+09:30,PT5M
22,-83,25,0,0,0,1012.2,306,1.6,107,PARTLY CLOUDY,50.1,16.9,2025-08-28T05:50:00+09:30,PT5M
22,-83,21.4,0,0,0,1012.2,306,1.7,106,PARTLY CLOUDY,50.1,16.9,2025-08-28T05:55:00+09:30,PT5M
22,-82,23.2,0,0,0,1012.2,306,1.7,105,PARTLY CLOUDY,50,16.9,2025-08-28T06:00:00+09:30,PT5M
22,-82,30.3,0,0,0,1012.2,307,1.7,103,PARTLY CLOUDY,50,16.9,2025-08-28T06:05:00+09:30,PT5M
22,-82,43.3,0,0,0,1012.3,307,1.7,102,MOSTLY CLOUDY,49.9,16.9,2025-08-28T06:10:00+09:30,PT5M
22,-82,58.8,0,0,0,1012.3,307,1.7,101,MOSTLY CLOUDY,49.8,16.9,2025-08-28T06:15:00+09:30,PT5M
22,-81,61.4,0,0,0,1012.3,308,1.7,100,OVERCAST,49.7,16.8,2025-08-28T06:20:00+09:30,PT5M
22,-81,52.1,0,0,0,1012.3,308,1.8,99,MOSTLY CLOUDY,49.7,16.8,2025-08-28T06:25:00+09:30,PT5M
22,-81,41.7,0,0,0,1012.4,308,1.8,97,MOSTLY CLOUDY,49.6,16.8,2025-08-28T06:30:00+09:30,PT5M
22,-81,40.1,0,0,0,1012.4,308,1.8,96,MOSTLY CLOUDY,49.5,16.8,2025-08-28T06:35:00+09:30,PT5M
22,-80,35.3,0,0,0,1012.5,306,1.7,95,MOSTLY CLOUDY,49.4,16.8,2025-08-28T06:40:00+09:30,PT5M
22,-80,26.8,0,0,0,1012.5,305,1.7,94,PARTLY CLOUDY,49.4,16.8,2025-08-28T06:45:00+09:30,PT5M
23,-80,17.8,0,0,0,1012.6,303,1.7,92,PARTLY CLOUDY,49.3,16.7,2025-08-28T06:50:00+09:30,PT5M
23,-80,10.1,0,0,0,1012.6,302,1.7,91,PARTLY CLOUDY,49.2,16.7,2025-08-28T06:55:00+09:30,PT5M
23,-79,0,0,0,0,1012.7,301,1.6,90,CLEAR,49.1,16.7,2025-08-28T07:00:00+09:30,PT5M
23,-79,0,6,6,0,1012.7,299,1.6,89,SUNNY,49,16.7,2025-08-28T07:05:00+09:30,PT5M
23,-79,8.2,14,14,0,1012.8,297,1.6,88,MOSTLY SUNNY,48.9,16.7,2025-08-28T07:10:00+09:30,PT5M
23,-79,0,25,26,0,1012.8,296,1.6,86,SUNNY,48.8,16.7,2025-08-28T07:15:00+09:30,PT5M
23,-78,0,37,41,0,1012.9,294,1.5,85,SUNNY,48.7,16.6,2025-08-28T07:20:00+09:30,PT5M
23,-78,0,49,56,0,1012.9,292,1.5,84,SUNNY,48.6,16.6,2025-08-28T07:25:00+09:30,PT5M
23,-78,0,64,72,0,1013,291,1.5,83,SUNNY,48.5,16.6,2025-08-28T07:30:00+09:30,PT5M
23,-77,0,79,90,0,1013,289,1.5,82,SUNNY,48.3,16.6,2025-08-28T07:35:00+09:30,PT5M
24,-77,0,95,107,0,1013,288,1.6,81,SUNNY,48.2,16.6,2025-08-28T07:40:00+09:30,PT5M
24,-77,8.8,101,110,0,1013.1,286,1.6,79,MOSTLY SUNNY,48.1,16.6,2025-08-28T07:45:00+09:30,PT5M
24,-76,9.9,116,125,0,1013.1,285,1.7,78,MOSTLY SUNNY,48,16.5,2025-08-28T07:50:00+09:30,PT5M
24,-76,9.3,133,144,0,1013.2,284,1.8,77,MOSTLY SUNNY,47.9,16.5,2025-08-28T07:55:00+09:30,PT5M
25,-76,8.7,150,163,0,1013.2,283,1.8,76,MOSTLY SUNNY,47.8,16.5,2025-08-28T08:00:00+09:30,PT5M
25,-75,8.2,168,183,0,1013.3,282,1.9,75,MOSTLY SUNNY,47.7,16.5,2025-08-28T08:05:00+09:30,PT5M
25,-75,8,186,202,0,1013.3,281,1.9,73,MOSTLY SUNNY,47.6,16.5,2025-08-28T08:10:00+09:30,PT5M
25,-75,10.2,198,213,0,1013.3,280,2,72,PARTLY CLOUDY,47.5,16.5,2025-08-28T08:15:00+09:30,PT5M
26,-74,13.6,207,220,0,1013.4,280,2.1,71,PARTLY CLOUDY,47.4,16.5,2025-08-28T08:20:00+09:30,PT5M
26,-74,15.7,218,230,0,1013.4,279,2.1,70,PARTLY CLOUDY,47.3,16.5,2025-08-28T08:25:00+09:30,PT5M
26,-74,17.7,228,239,0,1013.5,278,2.2,69,PARTLY CLOUDY,47.2,16.5,2025-08-28T08:30:00+09:30,PT5M
26,-73,18.5,241,252,0,1013.5,277,2.2,68,PARTLY CLOUDY,47,16.5,2025-08-28T08:35:00+09:30,PT5M
26,-73,20.4,251,261,0,1013.6,276,2.2,66,PARTLY CLOUDY,47,16.5,2025-08-28T08:40:00+09:30,PT5M
27,-72,19,271,283,0,1013.7,276,2.3,65,PARTLY CLOUDY,46.8,16.5,2025-08-28T08:45:00+09:30,PT5M
27,-72,16.1,296,311,0,1013.7,275,2.3,64,PARTLY CLOUDY,46.8,16.5,2025-08-28T08:50:00+09:30,PT5M
27,-71,15.4,314,331,0,1013.8,274,2.3,63,PARTLY CLOUDY,46.6,16.5,2025-08-28T08:55:00+09:30,PT5M
27,-71,13.5,337,357,0,1013.9,273,2.3,62,PARTLY CLOUDY,46.5,16.5,2025-08-28T09:00:00+09:30,PT5M
27,-70,14.1,351,370,0,1014,272,2.3,61,PARTLY CLOUDY,46.5,16.5,2025-08-28T09:05:00+09:30,PT5M
27,-70,12.1,375,397,0,1014,271,2.3,59,PARTLY CLOUDY,46.4,16.5,2025-08-28T09:10:00+09:30,PT5M
27,-69,8.5,406,434,0,1014.1,270,2.3,58,MOSTLY SUNNY,46.3,16.6,2025-08-28T09:15:00+09:30,PT5M
27,-69,9.2,419,447,0,1014.2,270,2.4,57,MOSTLY SUNNY,46.2,16.6,2025-08-28T09:20:00+09:30,PT5M
27,-68,8.4,439,467,0,1014.3,269,2.4,56,MOSTLY SUNNY,46.1,16.6,2025-08-28T09:25:00+09:30,PT5M
28,-68,9.3,450,478,0,1014.3,268,2.4,55,MOSTLY SUNNY,46,16.6,2025-08-28T09:30:00+09:30,PT5M
28,-67,6.1,483,515,0,1014.4,268,2.4,54,MOSTLY SUNNY,45.9,16.7,2025-08-28T09:35:00+09:30,PT5M
28,-66,4.5,507,542,0,1014.4,268,2.4,53,MOSTLY SUNNY,45.8,16.7,2025-08-28T09:40:00+09:30,PT5M
28,-66,1.3,540,579,0,1014.4,268,2.3,51,MOSTLY SUNNY,45.7,16.7,2025-08-28T09:45:00+09:30,PT5M
28,-65,0,563,605,0,1014.4,268,2.3,50,SUNNY,45.6,16.7,2025-08-28T09:50:00+09:30,PT5M
28,-64,0,579,621,0,1014.4,268,2.3,49,SUNNY,45.5,16.8,2025-08-28T09:55:00+09:30,PT5M
28,-64,0,594,637,0,1014.4,269,2.3,48,SUNNY,45.4,16.8,2025-08-28T10:00:00+09:30,PT5M
29,-63,0,609,653,0,1014.4,269,2.2,47,SUNNY,45.4,16.8,2025-08-28T10:05:00+09:30,PT5M
29,-62,0,625,668,0,1014.4,269,2.2,46,SUNNY,45.3,16.8,2025-08-28T10:10:00+09:30,PT5M
29,-61,0,639,684,0,1014.5,269,2.2,45,SUNNY,45.3,16.9,2025-08-28T10:15:00+09:30,PT5M
29,-60,0,653,699,0,1014.5,269,2.2,44,SUNNY,45.2,16.9,2025-08-28T10:20:00+09:30,PT5M
29,-59,0,667,713,0,1014.5,270,2.1,43,SUNNY,45.2,16.9,2025-08-28T10:25:00+09:30,PT5M
29,-58,0,681,727,0,1014.5,270,2.1,42,SUNNY,45.1,16.9,2025-08-28T10:30:00+09:30,PT5M
29,-57,0,694,741,0,1014.4,271,2.1,41,SUNNY,45.1,17,2025-08-28T10:35:00+09:30,PT5M
29,-56,0,707,754,0,1014.4,272,2.1,40,SUNNY,45,17,2025-08-28T10:40:00+09:30,PT5M
30,-55,0,719,767,0,1014.3,273,2.1,39,SUNNY,45,17,2025-08-28T10:45:00+09:30,PT5M
30,-54,1.4,721,767,0,1014.2,275,2.1,38,MOSTLY SUNNY,44.9,17,2025-08-28T10:50:00+09:30,PT5M
30,-53,0,743,791,0,1014.1,276,2.1,37,SUNNY,44.9,17.1,2025-08-28T10:55:00+09:30,PT5M
30,-52,0,754,803,0,1014,277,2.1,36,SUNNY,44.8,17.1,2025-08-28T11:00:00+09:30,PT5M
30,-50,0,765,814,0,1013.9,279,2.1,35,SUNNY,44.8,17.1,2025-08-28T11:05:00+09:30,PT5M
30,-49,0,775,824,0,1013.9,280,2.1,34,SUNNY,44.7,17.1,2025-08-28T11:10:00+09:30,PT5M
31,-47,0,784,835,0,1013.8,281,2.1,33,SUNNY,44.7,17.1,2025-08-28T11:15:00+09:30,PT5M
31,-46,0.5,790,840,0,1013.7,283,2.2,32,MOSTLY SUNNY,44.6,17,2025-08-28T11:20:00+09:30,PT5M
31,-44,1.1,793,843,0,1013.6,284,2.2,31,MOSTLY SUNNY,44.5,17,2025-08-28T11:25:00+09:30,PT5M
31,-42,0.3,808,858,0,1013.5,285,2.2,30,MOSTLY SUNNY,44.5,17,2025-08-28T11:30:00+09:30,PT5M
31,-40,0,819,870,0,1013.4,286,2.2,30,SUNNY,44.4,17,2025-08-28T11:35:00+09:30,PT5M
31,-38,0.2,824,875,0,1013.4,287,2.2,29,MOSTLY SUNNY,44.4,17,2025-08-28T11:40:00+09:30,PT5M
31,-36,0.8,826,877,0,1013.3,288,2.3,28,MOSTLY SUNNY,44.3,17,2025-08-28T11:45:00+09:30,PT5M
31,-34,4,806,853,0,1013.2,288,2.3,27,MOSTLY SUNNY,44.2,16.9,2025-08-28T11:50:00+09:30,PT5M
31,-32,1.9,829,879,0,1013.1,289,2.3,27,MOSTLY SUNNY,44.2,16.9,2025-08-28T11:55:00+09:30,PT5M
31,-30,0,851,903,0,1013.1,289,2.4,26,SUNNY,44.1,16.9,2025-08-28T12:00:00+09:30,PT5M
31,-27,1.7,841,892,0,1013,290,2.4,25,MOSTLY SUNNY,44.1,16.9,2025-08-28T12:05:00+09:30,PT5M
31,-24,2,843,893,0,1012.9,290,2.4,25,MOSTLY SUNNY,44,16.8,2025-08-28T12:10:00+09:30,PT5M
31,-22,1.9,847,898,0,1012.8,291,2.5,24,MOSTLY SUNNY,43.9,16.8,2025-08-28T12:15:00+09:30,PT5M
31,-19,0,868,921,0,1012.8,291,2.5,24,SUNNY,43.8,16.8,2025-08-28T12:20:00+09:30,PT5M
31,-16,0,871,924,0,1012.7,292,2.5,24,SUNNY,43.7,16.8,2025-08-28T12:25:00+09:30,PT5M
32,-13,0,873,926,0,1012.6,292,2.6,23,SUNNY,43.6,16.7,2025-08-28T12:30:00+09:30,PT5M
32,-10,0,875,928,0,1012.5,292,2.6,23,SUNNY,43.5,16.7,2025-08-28T12:35:00+09:30,PT5M
32,-7,1.6,863,914,0,1012.4,292,2.7,23,MOSTLY SUNNY,43.4,16.6,2025-08-28T12:40:00+09:30,PT5M
32,-4,1.6,864,915,0,1012.3,292,2.7,23,MOSTLY SUNNY,43.3,16.6,2025-08-28T12:45:00+09:30,PT5M
32,0,0,878,931,0,1012.1,291,2.7,23,SUNNY,43.2,16.6,2025-08-28T12:50:00+09:30,PT5M
32,3,1.6,864,915,0,1012,291,2.8,23,MOSTLY SUNNY,43.1,16.6,2025-08-28T12:55:00+09:30,PT5M
32,6,2.8,852,902,0,1011.9,291,2.8,23,MOSTLY SUNNY,43,16.5,2025-08-28T13:00:00+09:30,PT5M
32,9,2.9,851,901,0,1011.8,291,2.9,23,MOSTLY SUNNY,42.9,16.5,2025-08-28T13:05:00+09:30,PT5M
32,12,1.7,860,911,0,1011.6,290,2.9,23,MOSTLY SUNNY,42.8,16.4,2025-08-28T13:10:00+09:30,PT5M
32,15,3,847,896,0,1011.5,290,2.9,24,MOSTLY SUNNY,42.7,16.4,2025-08-28T13:15:00+09:30,PT5M
32,18,3,844,893,0,1011.4,290,3,24,MOSTLY SUNNY,42.5,16.4,2025-08-28T13:20:00+09:30,PT5M
32,21,3.1,840,889,0,1011.3,289,3,24,MOSTLY SUNNY,42.4,16.3,2025-08-28T13:25:00+09:30,PT5M
32,24,4.5,825,872,0,1011.1,289,3,25,MOSTLY SUNNY,42.3,16.3,2025-08-28T13:30:00+09:30,PT5M
32,26,5.5,812,858,0,1011,289,3.1,25,MOSTLY SUNNY,42.1,16.2,2025-08-28T13:35:00+09:30,PT5M
32,29,3.9,822,870,0,1011,289,3.1,26,MOSTLY SUNNY,42,16.2,2025-08-28T13:40:00+09:30,PT5M
33,31,4.7,810,857,0,1010.9,289,3.1,26,MOSTLY SUNNY,41.9,16.1,2025-08-28T13:45:00+09:30,PT5M
33,34,4.2,809,856,0,1010.8,289,3.1,27,MOSTLY SUNNY,41.7,16.1,2025-08-28T13:50:00+09:30,PT5M
33,36,3.7,808,855,0,1010.7,289,3.1,28,MOSTLY SUNNY,41.6,16.1,2025-08-28T13:55:00+09:30,PT5M
33,38,3.1,806,854,0,1010.7,288,3.2,29,MOSTLY SUNNY,41.5,16,2025-08-28T14:00:00+09:30,PT5M
33,40,3.9,792,839,0,1010.6,288,3.2,29,MOSTLY SUNNY,41.3,16,2025-08-28T14:05:00+09:30,PT5M
33,42,3.4,790,837,0,1010.5,288,3.2,30,MOSTLY SUNNY,41.2,16,2025-08-28T14:10:00+09:30,PT5M
33,44,2.8,786,834,0,1010.4,288,3.2,31,MOSTLY SUNNY,41.1,15.9,2025-08-28T14:15:00+09:30,PT5M
33,45,0,800,851,0,1010.4,288,3.2,32,SUNNY,40.9,15.9,2025-08-28T14:20:00+09:30,PT5M
33,47,0,791,842,0,1010.3,288,3.2,33,SUNNY,40.8,15.9,2025-08-28T14:25:00+09:30,PT5M
33,48,0,782,832,0,1010.2,288,3.2,34,SUNNY,40.7,15.9,2025-08-28T14:30:00+09:30,PT5M
33,50,0,772,822,0,1010.2,288,3.3,34,SUNNY,40.5,15.8,2025-08-28T14:35:00+09:30,PT5M
33,51,0,761,811,0,1010.1,288,3.3,35,SUNNY,40.4,15.8,2025-08-28T14:40:00+09:30,PT5M
33,53,1.4,740,787,0,1010.1,288,3.3,36,MOSTLY SUNNY,40.3,15.8,2025-08-28T14:45:00+09:30,PT5M
33,54,3,717,762,0,1010,289,3.3,37,MOSTLY SUNNY,40.1,15.8,2025-08-28T14:50:00+09:30,PT5M
33,55,3,705,750,0,1010,289,3.4,38,MOSTLY SUNNY,40,15.7,2025-08-28T14:55:00+09:30,PT5M
33,56,1.4,705,751,0,1009.9,289,3.4,39,MOSTLY SUNNY,39.9,15.7,2025-08-28T15:00:00+09:30,PT5M
33,57,1.4,693,738,0,1009.9,289,3.4,40,MOSTLY SUNNY,39.8,15.7,2025-08-28T15:05:00+09:30,PT5M
33,58,1.4,680,725,0,1009.9,289,3.4,41,MOSTLY SUNNY,39.8,15.6,2025-08-28T15:10:00+09:30,PT5M
33,59,3,656,699,0,1009.8,289,3.4,42,MOSTLY SUNNY,39.8,15.5,2025-08-28T15:15:00+09:30,PT5M
33,60,3,643,686,0,1009.8,290,3.5,43,MOSTLY SUNNY,39.7,15.4,2025-08-28T15:20:00+09:30,PT5M
33,61,3,630,672,0,1009.7,290,3.5,45,MOSTLY SUNNY,39.7,15.3,2025-08-28T15:25:00+09:30,PT5M
33,62,3,616,658,0,1009.7,290,3.5,46,MOSTLY SUNNY,39.7,15.2,2025-08-28T15:30:00+09:30,PT5M
33,63,1.4,612,655,0,1009.7,290,3.5,47,MOSTLY SUNNY,39.7,15.1,2025-08-28T15:35:00+09:30,PT5M
33,63,0,606,650,0,1009.7,290,3.6,48,SUNNY,39.7,15,2025-08-28T15:40:00+09:30,PT5M
33,64,0,590,634,0,1009.7,290,3.6,49,SUNNY,39.7,14.9,2025-08-28T15:45:00+09:30,PT5M
32,65,0,575,618,0,1009.8,290,3.6,50,SUNNY,39.6,14.8,2025-08-28T15:50:00+09:30,PT5M
32,66,0,559,601,0,1009.8,290,3.7,51,SUNNY,39.6,14.7,2025-08-28T15:55:00+09:30,PT5M
32,66,1.3,536,576,0,1009.8,290,3.7,52,MOSTLY SUNNY,39.6,14.6,2025-08-28T16:00:00+09:30,PT5M
32,67,7.7,486,518,0,1009.8,290,3.7,53,MOSTLY SUNNY,39.6,14.6,2025-08-28T16:05:00+09:30,PT5M
32,68,9.3,462,492,0,1009.9,290,3.8,54,MOSTLY SUNNY,39.8,14.6,2025-08-28T16:10:00+09:30,PT5M
32,68,9.6,444,473,0,1009.9,290,3.8,56,MOSTLY SUNNY,39.8,14.6,2025-08-28T16:15:00+09:30,PT5M
32,69,10.4,425,453,0,1009.9,289,3.8,57,PARTLY CLOUDY,40,14.7,2025-08-28T16:20:00+09:30,PT5M
32,69,8.2,419,448,0,1009.9,289,3.9,58,MOSTLY SUNNY,40.1,14.7,2025-08-28T16:25:00+09:30,PT5M
32,70,7.6,405,435,0,1010,289,3.9,59,MOSTLY SUNNY,40.2,14.7,2025-08-28T16:30:00+09:30,PT5M
32,70,4.3,402,434,0,1010,289,3.9,60,MOSTLY SUNNY,40.2,14.7,2025-08-28T16:35:00+09:30,PT5M
32,71,4,386,417,0,1010,289,4,61,MOSTLY SUNNY,40.4,14.7,2025-08-28T16:40:00+09:30,PT5M
32,71,5.1,364,393,0,1010,289,4,62,MOSTLY SUNNY,40.4,14.7,2025-08-28T16:45:00+09:30,PT5M
31,72,8.7,333,358,0,1010.1,289,4.1,64,MOSTLY SUNNY,40.6,14.8,2025-08-28T16:50:00+09:30,PT5M
31,72,10.8,309,330,0,1010.1,288,4.1,65,PARTLY CLOUDY,40.7,14.8,2025-08-28T16:55:00+09:30,PT5M
31,73,12.4,287,306,0,1010.1,288,4.1,66,PARTLY CLOUDY,40.8,14.8,2025-08-28T17:00:00+09:30,PT5M
31,73,12.7,269,287,0,1010.1,288,4.2,67,PARTLY CLOUDY,40.8,14.8,2025-08-28T17:05:00+09:30,PT5M
31,73,14.1,248,264,0,1010.2,288,4.2,68,PARTLY CLOUDY,41,14.8,2025-08-28T17:10:00+09:30,PT5M
30,74,14.4,231,246,0,1010.2,288,4.3,69,PARTLY CLOUDY,41,14.9,2025-08-28T17:15:00+09:30,PT5M
30,74,15.9,211,224,0,1010.2,288,4.3,71,PARTLY CLOUDY,41.2,14.9,2025-08-28T17:20:00+09:30,PT5M
30,75,16.2,194,206,0,1010.2,287,4.3,72,PARTLY CLOUDY,41.2,15,2025-08-28T17:25:00+09:30,PT5M
30,75,17.7,175,185,0,1010.3,287,4.4,73,PARTLY CLOUDY,41.4,15,2025-08-28T17:30:00+09:30,PT5M
30,75,19.2,157,164,0,1010.3,287,4.4,74,PARTLY CLOUDY,41.4,15,2025-08-28T17:35:00+09:30,PT5M
30,76,23.5,134,138,0,1010.4,287,4.4,75,PARTLY CLOUDY,41.6,15,2025-08-28T17:40:00+09:30,PT5M
30,76,23.9,120,122,0,1010.4,286,4.4,76,PARTLY CLOUDY,41.6,15.1,2025-08-28T17:45:00+09:30,PT5M
30,76,24.1,106,107,0,1010.5,286,4.3,78,PARTLY CLOUDY,41.8,15.1,2025-08-28T17:50:00+09:30,PT5M
29,77,25.6,90,90,0,1010.6,285,4.3,79,PARTLY CLOUDY,41.8,15.2,2025-08-28T17:55:00+09:30,PT5M
29,77,27.1,76,75,0,1010.6,285,4.3,80,PARTLY CLOUDY,42,15.2,2025-08-28T18:00:00+09:30,PT5M
29,77,35,57,56,0,1010.7,285,4.3,81,PARTLY CLOUDY,42.1,15.2,2025-08-28T18:05:00+09:30,PT5M
29,78,38.4,44,44,0,1010.8,284,4.3,82,MOSTLY CLOUDY,42.2,15.3,2025-08-28T18:10:00+09:30,PT5M
29,78,40.1,34,34,0,1010.8,284,4.3,84,MOSTLY CLOUDY,42.4,15.3,2025-08-28T18:15:00+09:30,PT5M
29,78,33.6,29,28,0,1010.9,283,4.2,85,PARTLY CLOUDY,42.5,15.4,2025-08-28T18:20:00+09:30,PT5M
29,79,46.3,17,16,0,1011,283,4.2,86,MOSTLY CLOUDY,42.6,15.4,2025-08-28T18:25:00+09:30,PT5M
29,79,61.4,8,7,0,1011,283,4.2,87,OVERCAST,42.8,15.5,2025-08-28T18:30:00+09:30,PT5M
29,79,65,3,3,0,1011.1,282,4.2,88,OVERCAST,42.9,15.5,2025-08-28T18:35:00+09:30,PT5M
28,79,68.5,1,1,0,1011.1,281,4.2,90,OVERCAST,43.1,15.6,2025-08-28T18:40:00+09:30,PT5M
28,80,70.7,0,0,0,1011.2,281,4.2,91,OVERCAST,43.2,15.6,2025-08-28T18:45:00+09:30,PT5M
28,80,69.6,0,0,0,1011.2,280,4.2,92,OVERCAST,43.3,15.7,2025-08-28T18:50:00+09:30,PT5M
28,80,67.4,0,0,0,1011.3,280,4.2,93,OVERCAST,43.5,15.7,2025-08-28T18:55:00+09:30,PT5M
28,81,49.2,0,0,0,1011.3,279,4.2,94,MOSTLY CLOUDY,43.6,15.8,2025-08-28T19:00:00+09:30,PT5M
28,81,52.1,0,0,0,1011.3,279,4.3,96,MOSTLY CLOUDY,43.8,15.8,2025-08-28T19:05:00+09:30,PT5M
27,81,52.1,0,0,0,1011.4,278,4.3,97,MOSTLY CLOUDY,44,15.9,2025-08-28T19:10:00+09:30,PT5M
27,81,53.5,0,0,0,1011.4,277,4.3,98,MOSTLY CLOUDY,44.2,15.9,2025-08-28T19:15:00+09:30,PT5M
27,81,53.5,0,0,0,1011.5,277,4.3,99,MOSTLY CLOUDY,44.3,16,2025-08-28T19:20:00+09:30,PT5M
27,82,69.6,0,0,0,1011.5,276,4.3,100,OVERCAST,44.5,16.1,2025-08-28T19:25:00+09:30,PT5M
27,82,89.1,0,0,0,1011.6,276,4.3,102,OVERCAST,44.7,16.1,2025-08-28T19:30:00+09:30,PT5M
27,82,87.9,0,0,0,1011.6,275,4.3,103,OVERCAST,44.9,16.2,2025-08-28T19:35:00+09:30,PT5M
27,82,78.6,0,0,0,1011.6,275,4.3,104,OVERCAST,45.1,16.2,2025-08-28T19:40:00+09:30,PT5M
26,83,76.8,0,0,0,1011.7,274,4.2,105,OVERCAST,45.3,16.3,2025-08-28T19:45:00+09:30,PT5M
26,83,68.5,0,0,0,1011.7,274,4.2,106,OVERCAST,45.4,16.4,2025-08-28T19:50:00+09:30,PT5M
26,83,70.7,0,0,0,1011.8,273,4.1,108,OVERCAST,45.6,16.4,2025-08-28T19:55:00+09:30,PT5M
26,83,68.5,0,0,0,1011.8,273,4.1,109,OVERCAST,45.8,16.5,2025-08-28T20:00:00+09:30,PT5M
26,84,71.8,0,0,0,1011.8,273,4,110,OVERCAST,46,16.5,2025-08-28T20:05:00+09:30,PT5M
26,84,69.6,0,0,0,1011.9,272,4,111,OVERCAST,46.2,16.6,2025-08-28T20:10:00+09:30,PT5M
26,84,68.5,0,0,0,1011.9,272,3.9,113,OVERCAST,46.3,16.6,2025-08-28T20:15:00+09:30,PT5M
26,84,68.5,0,0,0,1012,271,3.9,114,OVERCAST,46.5,16.7,2025-08-28T20:20:00+09:30,PT5M
26,84,65,0,0,0,1012,271,3.9,115,OVERCAST,46.7,16.7,2025-08-28T20:25:00+09:30,PT5M
26,85,60.1,0,0,0,1012.1,270,3.8,116,OVERCAST,46.9,16.8,2025-08-28T20:30:00+09:30,PT5M
26,85,63.8,0,0,0,1012.1,270,3.8,117,OVERCAST,47,16.8,2025-08-28T20:35:00+09:30,PT5M
26,85,68.5,0,0,0,1012.2,270,3.7,119,OVERCAST,47.2,16.9,2025-08-28T20:40:00+09:30,PT5M
26,85,72.8,0,0,0,1012.3,269,3.7,120,OVERCAST,47.4,16.9,2025-08-28T20:45:00+09:30,PT5M
26,86,75.8,0,0,0,1012.4,269,3.7,121,OVERCAST,47.6,17,2025-08-28T20:50:00+09:30,PT5M
26,86,73.8,0,0,0,1012.5,269,3.6,122,OVERCAST,47.7,17,2025-08-28T20:55:00+09:30,PT5M
26,86,73.8,0,0,0,1012.5,269,3.6,123,OVERCAST,47.9,17.1,2025-08-28T21:00:00+09:30,PT5M
26,86,69.6,0,0,0,1012.6,268,3.5,125,OVERCAST,48.1,17.1,2025-08-28T21:05:00+09:30,PT5M
26,86,63.8,0,0,0,1012.7,268,3.5,126,OVERCAST,48.2,17.1,2025-08-28T21:10:00+09:30,PT5M
26,87,65,0,0,0,1012.8,268,3.4,127,OVERCAST,48.3,17.2,2025-08-28T21:15:00+09:30,PT5M
25,87,67.4,0,0,0,1012.9,267,3.4,128,OVERCAST,48.4,17.2,2025-08-28T21:20:00+09:30,PT5M
25,87,67.4,0,0,0,1013,267,3.4,130,OVERCAST,48.6,17.2,2025-08-28T21:25:00+09:30,PT5M
25,87,60.1,0,0,0,1013,267,3.3,131,OVERCAST,48.7,17.2,2025-08-28T21:30:00+09:30,PT5M
25,87,47.8,0,0,0,1013.1,267,3.3,132,MOSTLY CLOUDY,48.8,17.3,2025-08-28T21:35:00+09:30,PT5M
25,88,50.7,0,0,0,1013.1,267,3.3,133,MOSTLY CLOUDY,48.9,17.3,2025-08-28T21:40:00+09:30,PT5M
25,88,53.5,0,0,0,1013.1,267,3.2,134,MOSTLY CLOUDY,49.1,17.3,2025-08-28T21:45:00+09:30,PT5M
25,88,57.5,0,0,0,1013.2,267,3.2,136,MOSTLY CLOUDY,49.2,17.3,2025-08-28T21:50:00+09:30,PT5M
25,88,50.7,0,0,0,1013.2,267,3.2,137,MOSTLY CLOUDY,49.3,17.4,2025-08-28T21:55:00+09:30,PT5M
25,89,28.5,0,0,0,1013.2,267,3.1,138,PARTLY CLOUDY,49.4,17.4,2025-08-28T22:00:00+09:30,PT5M
25,89,19.6,0,0,0,1013.2,267,3.1,139,PARTLY CLOUDY,49.5,17.4,2025-08-28T22:05:00+09:30,PT5M
25,89,21.4,0,0,0,1013.3,267,3.1,141,PARTLY CLOUDY,49.6,17.5,2025-08-28T22:10:00+09:30,PT5M
25,89,21.4,0,0,0,1013.3,268,3,142,PARTLY CLOUDY,49.7,17.5,2025-08-28T22:15:00+09:30,PT5M
25,90,19.6,0,0,0,1013.3,268,3,143,PARTLY CLOUDY,49.8,17.5,2025-08-28T22:20:00+09:30,PT5M
25,90,19.6,0,0,0,1013.3,268,3,144,PARTLY CLOUDY,49.8,17.6,2025-08-28T22:25:00+09:30,PT5M
25,90,17.8,0,0,0,1013.4,268,2.9,145,PARTLY CLOUDY,49.9,17.6,2025-08-28T22:30:00+09:30,PT5M
25,90,19.6,0,0,0,1013.4,268,2.9,147,PARTLY CLOUDY,50,17.7,2025-08-28T22:35:00+09:30,PT5M
25,91,21.4,0,0,0,1013.3,268,2.9,148,PARTLY CLOUDY,50.1,17.7,2025-08-28T22:40:00+09:30,PT5M
25,91,21.4,0,0,0,1013.3,267,2.9,149,PARTLY CLOUDY,50.1,17.8,2025-08-28T22:45:00+09:30,PT5M
24,91,21.4,0,0,0,1013.3,267,2.8,150,PARTLY CLOUDY,50.2,17.8,2025-08-28T22:50:00+09:30,PT5M
24,92,19.6,0,0,0,1013.3,266,2.8,152,PARTLY CLOUDY,50.3,17.8,2025-08-28T22:55:00+09:30,PT5M
24,92,19.6,0,0,0,1013.2,266,2.8,153,PARTLY CLOUDY,50.4,17.9,2025-08-28T23:00:00+09:30,PT5M
24,92,21.4,0,0,0,1013.2,266,2.8,154,PARTLY CLOUDY,50.4,17.9,2025-08-28T23:05:00+09:30,PT5M
24,93,23.2,0,0,0,1013.2,265,2.8,155,PARTLY CLOUDY,50.5,17.9,2025-08-28T23:10:00+09:30,PT5M
24,93,23.2,0,0,0,1013.2,265,2.8,156,PARTLY CLOUDY,50.5,17.9,2025-08-28T23:15:00+09:30,PT5M
24,94,25,0,0,0,1013.1,265,2.8,158,PARTLY CLOUDY,50.6,18,2025-08-28T23:20:00+09:30,PT5M
24,94,25,0,0,0,1013.1,264,2.7,159,PARTLY CLOUDY,50.7,18,2025-08-28T23:25:00+09:30,PT5M
24,95,25,0,0,0,1013.1,264,2.7,160,PARTLY CLOUDY,50.7,18,2025-08-28T23:30:00+09:30,PT5M
24,95,23.2,0,0,0,1013.1,263,2.7,161,PARTLY CLOUDY,50.8,18,2025-08-28T23:35:00+09:30,PT5M
24,96,23.2,0,0,0,1013,263,2.7,163,PARTLY CLOUDY,50.8,18,2025-08-28T23:40:00+09:30,PT5M
24,97,23.2,0,0,0,1013,262,2.7,164,PARTLY CLOUDY,50.9,18,2025-08-28T23:45:00+09:30,PT5M
24,97,21.4,0,0,0,1013,262,2.6,165,PARTLY CLOUDY,51,18.1,2025-08-28T23:50:00+09:30,PT5M
24,98,21.4,0,0,0,1013,261,2.6,166,PARTLY CLOUDY,51,18.1,2025-08-28T23:55:00+09:30,PT5M
24,99,19.6,0,0,0,1012.9,260,2.6,167,PARTLY CLOUDY,51.1,18.1,2025-08-29T00:00:00+09:30,PT5M
24,101,19.6,0,0,0,1012.9,260,2.6,169,PARTLY CLOUDY,51.1,18.1,2025-08-29T00:05:00+09:30,PT5M
24,102,19.6,0,0,0,1012.9,259,2.6,170,PARTLY CLOUDY,51.1,18.1,2025-08-29T00:10:00+09:30,PT5M
24,104,17.8,0,0,0,1012.9,258,2.5,171,PARTLY CLOUDY,51.1,18.1,2025-08-29T00:15:00+09:30,PT5M
24,106,15.9,0,0,0,1012.8,258,2.5,172,PARTLY CLOUDY,51.2,18.2,2025-08-29T00:20:00+09:30,PT5M
24,110,14,0,0,0,1012.8,257,2.5,173,PARTLY CLOUDY,51.2,18.2,2025-08-29T00:25:00+09:30,PT5M
24,114,14,0,0,0,1012.8,256,2.5,174,PARTLY CLOUDY,51.2,18.2,2025-08-29T00:30:00+09:30,PT5M
24,121,14,0,0,0,1012.8,256,2.5,175,PARTLY CLOUDY,51.2,18.2,2025-08-29T00:35:00+09:30,PT5M
24,131,14,0,0,0,1012.7,255,2.4,176,PARTLY CLOUDY,51.2,18.2,2025-08-29T00:40:00+09:30,PT5M
24,149,14,0,0,0,1012.7,255,2.4,177,PARTLY CLOUDY,51.2,18.2,2025-08-29T00:45:00+09:30,PT5M
24,176,12.1,0,0,0,1012.7,254,2.4,178,PARTLY CLOUDY,51.3,18.3,2025-08-29T00:50:00+09:30,PT5M
23,-156,14,0,0,0,1012.7,254,2.4,177,PARTLY CLOUDY,51.3,18.3,2025-08-29T00:55:00+09:30,PT5M
23,-136,14,0,0,0,1012.6,253,2.4,177,PARTLY CLOUDY,51.3,18.3,2025-08-29T01:00:00+09:30,PT5M
23,-124,14,0,0,0,1012.6,252,2.3,176,PARTLY CLOUDY,51.3,18.3,2025-08-29T01:05:00+09:30,PT5M
23,-116,14,0,0,0,1012.6,252,2.3,175,PARTLY CLOUDY,51.3,18.3,2025-08-29T01:10:00+09:30,PT5M
23,-111,14,0,0,0,1012.6,251,2.3,174,PARTLY CLOUDY,51.2,18.3,2025-08-29T01:15:00+09:30,PT5M
23,-107,14,0,0,0,1012.5,251,2.3,172,PARTLY CLOUDY,51.2,18.3,2025-08-29T01:20:00+09:30,PT5M
23,-105,14,0,0,0,1012.5,250,2.3,171,PARTLY CLOUDY,51.2,18.3,2025-08-29T01:25:00+09:30,PT5M
23,-103,14,0,0,0,1012.5,249,2.3,170,PARTLY CLOUDY,51.2,18.3,2025-08-29T01:30:00+09:30,PT5M
23,-101,14,0,0,0,1012.5,249,2.2,169,PARTLY CLOUDY,51.1,18.3,2025-08-29T01:35:00+09:30,PT5M
23,-100,12.1,0,0,0,1012.4,249,2.2,168,PARTLY CLOUDY,51.1,18.3,2025-08-29T01:40:00+09:30,PT5M
23,-99,14,0,0,0,1012.4,249,2.1,166,PARTLY CLOUDY,51.1,18.3,2025-08-29T01:45:00+09:30,PT5M
23,-98,14,0,0,0,1012.4,248,2.1,165,PARTLY CLOUDY,51.1,18.3,2025-08-29T01:50:00+09:30,PT5M
23,-97,14,0,0,0,1012.3,248,2.1,164,PARTLY CLOUDY,51,18.3,2025-08-29T01:55:00+09:30,PT5M
23,-96,12.1,0,0,0,1012.3,248,2,163,PARTLY CLOUDY,51,18.3,2025-08-29T02:00:00+09:30,PT5M
23,-95,14,0,0,0,1012.3,248,2,162,PARTLY CLOUDY,51,18.3,2025-08-29T02:05:00+09:30,PT5M
23,-95,14,0,0,0,1012.2,248,1.9,160,PARTLY CLOUDY,51,18.3,2025-08-29T02:10:00+09:30,PT5M
23,-94,15.9,0,0,0,1012.2,247,1.9,159,PARTLY CLOUDY,50.9,18.3,2025-08-29T02:15:00+09:30,PT5M
23,-94,17.8,0,0,0,1012.2,247,1.9,158,PARTLY CLOUDY,50.9,18.2,2025-08-29T02:20:00+09:30,PT5M
23,-93,17.8,0,0,0,1012.1,247,1.8,157,PARTLY CLOUDY,50.8,18.2,2025-08-29T02:25:00+09:30,PT5M
23,-93,14,0,0,0,1012.1,247,1.8,156,PARTLY CLOUDY,50.8,18.2,2025-08-29T02:30:00+09:30,PT5M
23,-93,14,0,0,0,1012.1,246,1.7,154,PARTLY CLOUDY,50.8,18.2,2025-08-29T02:35:00+09:30,PT5M
23,-92,14,0,0,0,1012.1,245,1.7,153,PARTLY CLOUDY,50.8,18.2,2025-08-29T02:40:00+09:30,PT5M
23,-92,14,0,0,0,1012.1,245,1.7,152,PARTLY CLOUDY,50.7,18.2,2025-08-29T02:45:00+09:30,PT5M
23,-92,14,0,0,0,1012.1,244,1.7,151,PARTLY CLOUDY,50.7,18.1,2025-08-29T02:50:00+09:30,PT5M
23,-91,14,0,0,0,1012.1,244,1.7,149,PARTLY CLOUDY,50.6,18.1,2025-08-29T02:55:00+09:30,PT5M
23,-91,14,0,0,0,1012.1,243,1.6,148,PARTLY CLOUDY,50.6,18.1,2025-08-29T03:00:00+09:30,PT5M
22,-91,14,0,0,0,1012.1,242,1.6,147,PARTLY CLOUDY,50.6,18.1,2025-08-29T03:05:00+09:30,PT5M
22,-90,14,0,0,0,1012.1,242,1.6,146,PARTLY CLOUDY,50.5,18,2025-08-29T03:10:00+09:30,PT5M
22,-90,14,0,0,0,1012.2,241,1.6,145,PARTLY CLOUDY,50.5,18,2025-08-29T03:15:00+09:30,PT5M
22,-90,15.9,0,0,0,1012.2,240,1.6,143,PARTLY CLOUDY,50.4,18,2025-08-29T03:20:00+09:30,PT5M
22,-90,15.9,0,0,0,1012.2,240,1.6,142,PARTLY CLOUDY,50.3,18,2025-08-29T03:25:00+09:30,PT5M
22,-89,15.9,0,0,0,1012.2,239,1.5,141,PARTLY CLOUDY,50.3,17.9,2025-08-29T03:30:00+09:30,PT5M
22,-89,15.9,0,0,0,1012.2,238,1.4,140,PARTLY CLOUDY,50.2,17.9,2025-08-29T03:35:00+09:30,PT5M
22,-89,15.9,0,0,0,1012.2,236,1.2,138,PARTLY CLOUDY,50.2,17.8,2025-08-29T03:40:00+09:30,PT5M
22,-89,15.9,0,0,0,1012.2,234,1,137,PARTLY CLOUDY,50.1,17.8,2025-08-29T03:45:00+09:30,PT5M
23,-88,15.9,0,0,0,1012.3,231,0.8,136,PARTLY CLOUDY,50,17.8,2025-08-29T03:50:00+09:30,PT5M
23,-88,14,0,0,0,1012.3,226,0.7,135,PARTLY CLOUDY,50,17.8,2025-08-29T03:55:00+09:30,PT5M
23,-88,14,0,0,0,1012.3,217,0.5,134,PARTLY CLOUDY,49.9,17.7,2025-08-29T04:00:00+09:30,PT5M
23,-88,14,0,0,0,1012.3,199,0.3,132,PARTLY CLOUDY,49.9,17.7,2025-08-29T04:05:00+09:30,PT5M
23,-87,14,0,0,0,1012.4,162,0.2,131,PARTLY CLOUDY,49.8,17.7,2025-08-29T04:10:00+09:30,PT5M
23,-87,14,0,0,0,1012.4,122,0.3,130,PARTLY CLOUDY,49.7,17.6,2025-08-29T04:15:00+09:30,PT5M
23,-87,14,0,0,0,1012.4,101,0.5,129,PARTLY CLOUDY,49.6,17.6,2025-08-29T04:20:00+09:30,PT5M
23,-87,14,0,0,0,1012.4,91,0.6,127,PARTLY CLOUDY,49.4,17.6,2025-08-29T04:25:00+09:30,PT5M
23,-87,15.9,0,0,0,1012.5,86,0.8,126,PARTLY CLOUDY,49.4,17.6,2025-08-29T04:30:00+09:30,PT5M
23,-86,15.9,0,0,0,1012.5,82,0.9,125,PARTLY CLOUDY,49.2,17.5,2025-08-29T04:35:00+09:30,PT5M
23,-86,14,0,0,0,1012.6,78,1,124,PARTLY CLOUDY,49.2,17.5,2025-08-29T04:40:00+09:30,PT5M
23,-86,12.1,0,0,0,1012.6,75,1.1,123,PARTLY CLOUDY,49,17.5,2025-08-29T04:45:00+09:30,PT5M
23,-86,12.1,0,0,0,1012.7,72,1.2,121,PARTLY CLOUDY,49,17.5,2025-08-29T04:50:00+09:30,PT5M
23,-86,14,0,0,0,1012.7,69,1.2,120,PARTLY CLOUDY,48.8,17.4,2025-08-29T04:55:00+09:30,PT5M
22,-85,15.9,0,0,0,1012.8,67,1.3,119,PARTLY CLOUDY,48.7,17.4,2025-08-29T05:00:00+09:30,PT5M
22,-85,15.9,0,0,0,1012.8,65,1.4,118,PARTLY CLOUDY,48.7,17.4,2025-08-29T05:05:00+09:30,PT5M
22,-85,14,0,0,0,1012.9,64,1.5,117,PARTLY CLOUDY,48.6,17.4,2025-08-29T05:10:00+09:30,PT5M
22,-85,14,0,0,0,1012.9,62,1.6,115,PARTLY CLOUDY,48.5,17.3,2025-08-29T05:15:00+09:30,PT5M
22,-84,14,0,0,0,1013,61,1.7,114,PARTLY CLOUDY,48.4,17.3,2025-08-29T05:20:00+09:30,PT5M
22,-84,14,0,0,0,1013,60,1.8,113,PARTLY CLOUDY,48.3,17.3,2025-08-29T05:25:00+09:30,PT5M
22,-84,30.3,0,0,0,1013.1,59,1.8,112,PARTLY CLOUDY,48.2,17.3,2025-08-29T05:30:00+09:30,PT5M
22,-84,28.5,0,0,0,1013.1,58,1.9,110,PARTLY CLOUDY,48.1,17.2,2025-08-29T05:35:00+09:30,PT5M
22,-84,26.8,0,0,0,1013.1,57,1.9,109,PARTLY CLOUDY,48,17.2,2025-08-29T05:40:00+09:30,PT5M
22,-83,30.3,0,0,0,1013.2,56,1.9,108,PARTLY CLOUDY,47.9,17.2,2025-08-29T05:45:00+09:30,PT5M
22,-83,28.5,0,0,0,1013.2,56,1.9,107,PARTLY CLOUDY,47.8,17.2,2025-08-29T05:50:00+09:30,PT5M
22,-83,28.5,0,0,0,1013.2,55,1.9,106,PARTLY CLOUDY,47.7,17.1,2025-08-29T05:55:00+09:30,PT5M
22,-83,30.3,0,0,0,1013.3,55,2,104,PARTLY CLOUDY,47.6,17.1,2025-08-29T06:00:00+09:30,PT5M
22,-82,30.3,0,0,0,1013.3,54,2,103,PARTLY CLOUDY,47.5,17.1,2025-08-29T06:05:00+09:30,PT5M
22,-82,28.5,0,0,0,1013.3,53,2,102,PARTLY CLOUDY,47.4,17.1,2025-08-29T06:10:00+09:30,PT5M
22,-82,30.3,0,0,0,1013.4,53,2,101,PARTLY CLOUDY,47.3,17.1,2025-08-29T06:15:00+09:30,PT5M
22,-82,32,0,0,0,1013.4,52,2,100,PARTLY CLOUDY,47.2,17,2025-08-29T06:20:00+09:30,PT5M
22,-81,33.6,0,0,0,1013.4,52,2,98,PARTLY CLOUDY,47.1,17,2025-08-29T06:25:00+09:30,PT5M
22,-81,36.9,0,0,0,1013.5,51,2.1,97,MOSTLY CLOUDY,47,17,2025-08-29T06:30:00+09:30,PT5M
22,-81,38.5,0,0,0,1013.5,51,2,96,MOSTLY CLOUDY,46.9,17,2025-08-29T06:35:00+09:30,PT5M
22,-81,41.7,0,0,0,1013.6,52,2,95,MOSTLY CLOUDY,46.8,17,2025-08-29T06:40:00+09:30,PT5M
22,-80,40.1,0,0,0,1013.6,52,2,94,MOSTLY CLOUDY,46.7,17,2025-08-29T06:45:00+09:30,PT5M
22,-80,38.5,0,0,0,1013.7,52,1.9,92,MOSTLY CLOUDY,46.6,16.9,2025-08-29T06:50:00+09:30,PT5M
22,-80,36.9,0,0,0,1013.7,53,1.9,91,MOSTLY CLOUDY,46.5,16.9,2025-08-29T06:55:00+09:30,PT5M
22,-80,35.3,0,0,0,1013.8,53,1.9,90,MOSTLY CLOUDY,46.4,16.9,2025-08-29T07:00:00+09:30,PT5M
22,-79,32,5,5,0,1013.9,54,1.8,89,PARTLY CLOUDY,46.2,16.9,2025-08-29T07:05:00+09:30,PT5M
22,-79,32,11,11,0,1013.9,55,1.8,88,PARTLY CLOUDY,46.1,16.9,2025-08-29T07:10:00+09:30,PT5M
22,-79,19.6,21,21,0,1014,55,1.8,86,PARTLY CLOUDY,46,16.9,2025-08-29T07:15:00+09:30,PT5M
22,-79,0,38,43,0,1014,56,1.7,85,SUNNY,45.9,16.9,2025-08-29T07:20:00+09:30,PT5M
22,-78,0,51,58,0,1014.1,56,1.7,84,SUNNY,45.8,16.9,2025-08-29T07:25:00+09:30,PT5M
22,-78,0,65,74,0,1014.2,57,1.7,83,SUNNY,45.7,16.9,2025-08-29T07:30:00+09:30,PT5M
23,-78,0,80,91,0,1014.2,57,1.7,82,SUNNY,45.5,16.8,2025-08-29T07:35:00+09:30,PT5M
23,-77,0,96,109,0,1014.2,57,1.7,80,SUNNY,45.4,16.8,2025-08-29T07:40:00+09:30,PT5M
23,-77,0,112,127,0,1014.3,57,1.7,79,SUNNY,45.3,16.8,2025-08-29T07:45:00+09:30,PT5M
24,-77,0,130,146,0,1014.3,57,1.7,78,SUNNY,45.2,16.8,2025-08-29T07:50:00+09:30,PT5M
24,-76,6.3,138,151,0,1014.3,57,1.7,77,MOSTLY SUNNY,45.1,16.8,2025-08-29T07:55:00+09:30,PT5M
24,-76,0,165,184,0,1014.4,57,1.7,76,SUNNY,45,16.8,2025-08-29T08:00:00+09:30,PT5M
25,-76,10.7,164,176,0,1014.4,57,1.7,74,PARTLY CLOUDY,44.8,16.8,2025-08-29T08:05:00+09:30,PT5M
25,-75,19,164,170,0,1014.4,57,1.8,73,PARTLY CLOUDY,44.7,16.8,2025-08-29T08:10:00+09:30,PT5M
25,-75,16.3,185,194,0,1014.5,57,1.8,72,PARTLY CLOUDY,44.6,16.8,2025-08-29T08:15:00+09:30,PT5M
25,-75,16,201,212,0,1014.5,56,1.8,71,PARTLY CLOUDY,44.5,16.8,2025-08-29T08:20:00+09:30,PT5M
26,-74,15.7,218,230,0,1014.5,56,1.8,70,PARTLY CLOUDY,44.4,16.8,2025-08-29T08:25:00+09:30,PT5M
26,-74,16.5,231,243,0,1014.6,56,1.8,69,PARTLY CLOUDY,44.3,16.8,2025-08-29T08:30:00+09:30,PT5M
26,-73,15,251,265,0,1014.6,56,1.8,67,PARTLY CLOUDY,44.1,16.9,2025-08-29T08:35:00+09:30,PT5M
26,-73,12.4,275,293,0,1014.7,54,1.8,66,PARTLY CLOUDY,44,16.9,2025-08-29T08:40:00+09:30,PT5M
27,-73,12.2,293,311,0,1014.7,53,1.7,65,PARTLY CLOUDY,43.9,16.9,2025-08-29T08:45:00+09:30,PT5M
27,-72,11.3,312,332,0,1014.8,51,1.7,64,PARTLY CLOUDY,43.8,16.9,2025-08-29T08:50:00+09:30,PT5M
27,-72,11.6,327,348,0,1014.9,50,1.7,63,PARTLY CLOUDY,43.7,16.9,2025-08-29T08:55:00+09:30,PT5M
27,-71,12.1,342,362,0,1014.9,48,1.6,62,PARTLY CLOUDY,43.6,16.9,2025-08-29T09:00:00+09:30,PT5M
27,-71,5.9,383,411,0,1015,47,1.6,60,MOSTLY SUNNY,43.4,16.9,2025-08-29T09:05:00+09:30,PT5M
27,-70,9.2,386,411,0,1015,45,1.6,59,MOSTLY SUNNY,43.3,16.8,2025-08-29T09:10:00+09:30,PT5M
27,-70,5.4,419,449,0,1015.1,43,1.6,58,MOSTLY SUNNY,43.2,16.8,2025-08-29T09:15:00+09:30,PT5M
27,-69,6,433,463,0,1015.1,42,1.5,57,MOSTLY SUNNY,43,16.8,2025-08-29T09:20:00+09:30,PT5M
27,-69,5.1,454,486,0,1015.2,40,1.5,56,MOSTLY SUNNY,42.9,16.8,2025-08-29T09:25:00+09:30,PT5M
27,-68,2.9,481,516,0,1015.3,38,1.5,55,MOSTLY SUNNY,42.8,16.7,2025-08-29T09:30:00+09:30,PT5M
28,-67,4.5,491,525,0,1015.3,36,1.5,53,MOSTLY SUNNY,42.6,16.7,2025-08-29T09:35:00+09:30,PT5M
28,-67,7.7,490,521,0,1015.3,34,1.5,52,MOSTLY SUNNY,42.5,16.6,2025-08-29T09:40:00+09:30,PT5M
28,-66,4.5,522,558,0,1015.3,32,1.5,51,MOSTLY SUNNY,42.4,16.6,2025-08-29T09:45:00+09:30,PT5M
28,-65,1.3,556,595,0,1015.3,31,1.5,50,MOSTLY SUNNY,42.2,16.6,2025-08-29T09:50:00+09:30,PT5M
28,-65,1.4,571,612,0,1015.3,29,1.5,49,MOSTLY SUNNY,42.1,16.6,2025-08-29T09:55:00+09:30,PT5M
28,-64,1.4,587,627,0,1015.3,27,1.6,48,MOSTLY SUNNY,42,16.5,2025-08-29T10:00:00+09:30,PT5M
29,-63,0,610,653,0,1015.3,26,1.6,47,SUNNY,41.8,16.5,2025-08-29T10:05:00+09:30,PT5M
29,-62,0,625,668,0,1015.4,24,1.6,46,SUNNY,41.7,16.5,2025-08-29T10:10:00+09:30,PT5M
29,-62,0,639,683,0,1015.4,23,1.6,45,SUNNY,41.6,16.5,2025-08-29T10:15:00+09:30,PT5M
29,-61,0,653,698,0,1015.4,21,1.6,44,SUNNY,41.4,16.4,2025-08-29T10:20:00+09:30,PT5M
29,-60,0,667,712,0,1015.4,20,1.6,43,SUNNY,41.3,16.4,2025-08-29T10:25:00+09:30,PT5M
29,-59,0,680,726,0,1015.4,18,1.7,41,SUNNY,41.2,16.4,2025-08-29T10:30:00+09:30,PT5M
30,-58,0,693,739,0,1015.4,16,1.7,40,SUNNY,41,16.4,2025-08-29T10:35:00+09:30,PT5M
30,-57,0,706,752,0,1015.3,14,1.7,39,SUNNY,40.9,16.4,2025-08-29T10:40:00+09:30,PT5M
30,-56,0,718,765,0,1015.3,12,1.7,38,SUNNY,40.8,16.4,2025-08-29T10:45:00+09:30,PT5M
30,-54,0,730,777,0,1015.2,10,1.7,37,SUNNY,40.6,16.3,2025-08-29T10:50:00+09:30,PT5M
30,-53,0,741,789,0,1015.2,8,1.8,36,SUNNY,40.5,16.3,2025-08-29T10:55:00+09:30,PT5M
30,-52,0,752,800,0,1015.2,6,1.8,35,SUNNY,40.4,16.3,2025-08-29T11:00:00+09:30,PT5M
31,-51,0,762,811,0,1015.1,4,1.8,34,SUNNY,40.2,16.3,2025-08-29T11:05:00+09:30,PT5M
31,-49,0,772,821,0,1015.1,2,1.9,34,SUNNY,40.1,16.2,2025-08-29T11:10:00+09:30,PT5M
31,-48,0,782,831,0,1015,0,1.9,33,SUNNY,40,16.2,2025-08-29T11:15:00+09:30,PT5M
31,-46,0,791,840,0,1015,358,1.9,32,SUNNY,39.8,16.2,2025-08-29T11:20:00+09:30,PT5M
31,-44,0,799,849,0,1015,357,2,31,SUNNY,39.7,16.1,2025-08-29T11:25:00+09:30,PT5M
31,-43,0,808,858,0,1014.9,355,2,30,SUNNY,39.6,16.1,2025-08-29T11:30:00+09:30,PT5M
31,-41,1.2,805,854,0,1014.9,354,2,29,MOSTLY SUNNY,39.4,16,2025-08-29T11:35:00+09:30,PT5M
31,-39,1.8,808,856,0,1014.8,352,2,28,MOSTLY SUNNY,39.3,16,2025-08-29T11:40:00+09:30,PT5M
32,-37,2.4,809,857,0,1014.7,351,2,28,MOSTLY SUNNY,39.2,15.9,2025-08-29T11:45:00+09:30,PT5M
32,-34,3,811,858,0,1014.6,350,2,27,MOSTLY SUNNY,39,15.9,2025-08-29T11:50:00+09:30,PT5M
32,-32,3.5,812,859,0,1014.5,349,2,26,MOSTLY SUNNY,38.9,15.9,2025-08-29T11:55:00+09:30,PT5M
32,-30,4,813,859,0,1014.5,348,2,26,MOSTLY SUNNY,38.8,15.8,2025-08-29T12:00:00+09:30,PT5M
32,-27,4.4,814,860,0,1014.4,346,2,25,MOSTLY SUNNY,38.6,15.8,2025-08-29T12:05:00+09:30,PT5M
32,-25,4.4,818,864,0,1014.3,345,2,25,MOSTLY SUNNY,38.5,15.8,2025-08-29T12:10:00+09:30,PT5M
32,-22,3.1,833,881,0,1014.2,344,2,24,MOSTLY SUNNY,38.4,15.7,2025-08-29T12:15:00+09:30,PT5M
32,-19,3,837,885,0,1014.2,343,2,24,MOSTLY SUNNY,38.3,15.7,2025-08-29T12:20:00+09:30,PT5M
32,-16,2.9,840,888,0,1014.1,342,2,23,MOSTLY SUNNY,38.2,15.6,2025-08-29T12:25:00+09:30,PT5M
32,-13,2.8,843,891,0,1014,340,2,23,MOSTLY SUNNY,38.1,15.6,2025-08-29T12:30:00+09:30,PT5M
32,-10,1.5,856,906,0,1013.9,339,2,23,MOSTLY SUNNY,37.9,15.6,2025-08-29T12:35:00+09:30,PT5M
32,-7,1.5,857,907,0,1013.8,339,2,23,MOSTLY SUNNY,37.8,15.6,2025-08-29T12:40:00+09:30,PT5M
32,-4,1.5,858,908,0,1013.8,338,2,22,MOSTLY SUNNY,37.7,15.5,2025-08-29T12:45:00+09:30,PT5M
32,0,0,871,923,0,1013.7,337,2,22,SUNNY,37.6,15.5,2025-08-29T12:50:00+09:30,PT5M
32,3,0,870,922,0,1013.6,336,2,22,SUNNY,37.5,15.4,2025-08-29T12:55:00+09:30,PT5M
32,6,0,869,921,0,1013.5,336,2,23,SUNNY,37.4,15.4,2025-08-29T13:00:00+09:30,PT5M
32,9,1.5,855,905,0,1013.4,335,2,23,MOSTLY SUNNY,37.3,15.4,2025-08-29T13:05:00+09:30,PT5M
32,12,1.6,853,902,0,1013.3,334,2,23,MOSTLY SUNNY,37.2,15.4,2025-08-29T13:10:00+09:30,PT5M
32,15,2.9,839,887,0,1013.2,333,2,23,MOSTLY SUNNY,37.1,15.3,2025-08-29T13:15:00+09:30,PT5M
32,18,4.2,825,871,0,1013.1,333,2,24,MOSTLY SUNNY,37,15.3,2025-08-29T13:20:00+09:30,PT5M
32,21,4.3,821,867,0,1013,332,2.1,24,MOSTLY SUNNY,36.9,15.3,2025-08-29T13:25:00+09:30,PT5M
32,24,4.4,817,862,0,1012.9,331,2.1,24,MOSTLY SUNNY,36.8,15.3,2025-08-29T13:30:00+09:30,PT5M
32,27,5.7,801,845,0,1012.8,331,2,25,MOSTLY SUNNY,36.7,15.2,2025-08-29T13:35:00+09:30,PT5M
32,29,6.5,790,832,0,1012.8,331,2,26,MOSTLY SUNNY,36.6,15.2,2025-08-29T13:40:00+09:30,PT5M
32,32,7.3,778,819,0,1012.7,331,2,26,MOSTLY SUNNY,36.5,15.2,2025-08-29T13:45:00+09:30,PT5M
33,34,5.6,787,831,0,1012.6,331,2,27,MOSTLY SUNNY,36.4,15.2,2025-08-29T13:50:00+09:30,PT5M
33,36,1.2,818,867,0,1012.5,331,2,28,MOSTLY SUNNY,36.3,15.1,2025-08-29T13:55:00+09:30,PT5M
33,38,2,805,853,0,1012.5,331,2,28,MOSTLY SUNNY,36.2,15.1,2025-08-29T14:00:00+09:30,PT5M
33,40,0,814,864,0,1012.4,331,1.9,29,SUNNY,36.2,15.1,2025-08-29T14:05:00+09:30,PT5M
33,42,0,806,856,0,1012.3,331,1.9,30,SUNNY,36.1,15.1,2025-08-29T14:10:00+09:30,PT5M
33,44,0,798,848,0,1012.2,331,1.9,31,SUNNY,36,15.1,2025-08-29T14:15:00+09:30,PT5M
33,46,0,790,839,0,1012.2,331,1.9,32,SUNNY,35.9,15,2025-08-29T14:20:00+09:30,PT5M
33,47,0,781,829,0,1012.1,331,1.9,32,SUNNY,35.8,15,2025-08-29T14:25:00+09:30,PT5M
33,49,0,771,820,0,1012,331,1.8,33,SUNNY,35.7,15,2025-08-29T14:30:00+09:30,PT5M
33,50,0,761,809,0,1012,331,1.8,34,SUNNY,35.7,15,2025-08-29T14:35:00+09:30,PT5M
33,52,0,751,799,0,1011.9,331,1.8,35,SUNNY,35.6,15,2025-08-29T14:40:00+09:30,PT5M
33,53,0,740,787,0,1011.9,331,1.8,36,SUNNY,35.5,15,2025-08-29T14:45:00+09:30,PT5M
33,54,0,729,776,0,1011.9,331,1.8,37,SUNNY,35.4,14.9,2025-08-29T14:50:00+09:30,PT5M
33,55,0,717,764,0,1011.9,332,1.8,38,SUNNY,35.3,14.9,2025-08-29T14:55:00+09:30,PT5M
33,57,0,705,751,0,1011.8,332,1.8,39,SUNNY,35.2,14.9,2025-08-29T15:00:00+09:30,PT5M
33,58,0,693,738,0,1011.8,332,1.8,40,SUNNY,35.2,14.9,2025-08-29T15:05:00+09:30,PT5M
33,59,0,680,725,0,1011.8,332,1.8,41,SUNNY,35.2,14.8,2025-08-29T15:10:00+09:30,PT5M
33,60,0,667,711,0,1011.8,333,1.8,42,SUNNY,35.2,14.8,2025-08-29T15:15:00+09:30,PT5M
33,61,0,653,697,0,1011.7,333,1.8,43,SUNNY,35.1,14.7,2025-08-29T15:20:00+09:30,PT5M
33,61,0,639,683,0,1011.7,333,1.8,44,SUNNY,35.1,14.6,2025-08-29T15:25:00+09:30,PT5M
33,62,0,625,668,0,1011.7,333,1.8,46,SUNNY,35.1,14.6,2025-08-29T15:30:00+09:30,PT5M
33,63,0,610,652,0,1011.7,333,1.8,47,SUNNY,35.1,14.5,2025-08-29T15:35:00+09:30,PT5M
33,64,0,595,637,0,1011.6,334,1.8,48,SUNNY,35.1,14.5,2025-08-29T15:40:00+09:30,PT5M
33,65,0,580,621,0,1011.6,334,1.8,49,SUNNY,35.1,14.4,2025-08-29T15:45:00+09:30,PT5M
33,65,0,564,605,0,1011.6,334,1.8,50,SUNNY,35,14.3,2025-08-29T15:50:00+09:30,PT5M
32,66,0,548,588,0,1011.6,334,1.8,51,SUNNY,35,14.3,2025-08-29T15:55:00+09:30,PT5M
32,67,0,532,571,0,1011.5,334,1.8,52,SUNNY,35,14.2,2025-08-29T16:00:00+09:30,PT5M
32,67,0,515,554,0,1011.5,334,1.8,53,SUNNY,35,14.2,2025-08-29T16:05:00+09:30,PT5M
32,68,0,498,536,0,1011.5,334,1.8,54,SUNNY,35.1,14.2,2025-08-29T16:10:00+09:30,PT5M
32,69,0,481,518,0,1011.5,334,1.9,55,SUNNY,35.2,14.2,2025-08-29T16:15:00+09:30,PT5M
32,69,0,464,500,0,1011.4,335,1.9,57,SUNNY,35.3,14.2,2025-08-29T16:20:00+09:30,PT5M
32,70,0,446,482,0,1011.4,335,1.9,58,SUNNY,35.3,14.2,2025-08-29T16:25:00+09:30,PT5M
32,70,0,429,463,0,1011.4,335,1.9,59,SUNNY,35.4,14.2,2025-08-29T16:30:00+09:30,PT5M
32,71,0,411,445,0,1011.4,335,1.9,60,SUNNY,35.5,14.3,2025-08-29T16:35:00+09:30,PT5M
32,71,0,393,426,0,1011.4,335,1.9,61,SUNNY,35.6,14.3,2025-08-29T16:40:00+09:30,PT5M
32,72,0,374,406,0,1011.5,335,1.9,62,SUNNY,35.6,14.3,2025-08-29T16:45:00+09:30,PT5M
32,72,0,356,387,0,1011.5,335,2,64,SUNNY,35.7,14.3,2025-08-29T16:50:00+09:30,PT5M
32,73,0,337,368,0,1011.5,335,2,65,SUNNY,35.8,14.3,2025-08-29T16:55:00+09:30,PT5M
32,73,0,319,348,0,1011.6,335,2,66,SUNNY,35.9,14.3,2025-08-29T17:00:00+09:30,PT5M
31,73,0,300,328,0,1011.6,335,2,67,SUNNY,35.9,14.3,2025-08-29T17:05:00+09:30,PT5M
31,74,0,281,308,0,1011.6,335,2.1,68,SUNNY,36,14.4,2025-08-29T17:10:00+09:30,PT5M
31,74,0,262,288,0,1011.7,336,2.1,69,SUNNY,36.1,14.4,2025-08-29T17:15:00+09:30,PT5M
31,75,0,244,269,0,1011.7,336,2.1,71,SUNNY,36.2,14.4,2025-08-29T17:20:00+09:30,PT5M
31,75,0,225,249,0,1011.7,336,2.2,72,SUNNY,36.2,14.5,2025-08-29T17:25:00+09:30,PT5M
31,75,0,206,229,0,1011.8,336,2.2,73,SUNNY,36.3,14.5,2025-08-29T17:30:00+09:30,PT5M
31,76,0,188,209,0,1011.8,336,2.2,74,SUNNY,36.4,14.6,2025-08-29T17:35:00+09:30,PT5M
31,76,0,170,189,0,1011.9,336,2.2,75,SUNNY,36.5,14.6,2025-08-29T17:40:00+09:30,PT5M
30,76,0,152,170,0,1011.9,336,2.3,76,SUNNY,36.5,14.7,2025-08-29T17:45:00+09:30,PT5M
30,77,0,134,151,0,1012,337,2.3,78,SUNNY,36.6,14.7,2025-08-29T17:50:00+09:30,PT5M
30,77,0,117,132,0,1012,337,2.3,79,SUNNY,36.7,14.7,2025-08-29T17:55:00+09:30,PT5M
30,77,0,100,113,0,1012.1,337,2.3,80,SUNNY,36.8,14.8,2025-08-29T18:00:00+09:30,PT5M
30,78,0,84,96,0,1012.1,337,2.3,81,SUNNY,36.9,14.8,2025-08-29T18:05:00+09:30,PT5M
30,78,0,69,78,0,1012.2,338,2.4,82,SUNNY,37,14.9,2025-08-29T18:10:00+09:30,PT5M
30,78,0,55,62,0,1012.2,338,2.4,84,SUNNY,37.2,15,2025-08-29T18:15:00+09:30,PT5M
30,79,0,41,47,0,1012.3,338,2.4,85,SUNNY,37.3,15,2025-08-29T18:20:00+09:30,PT5M
30,79,44.8,16,16,0,1012.3,338,2.4,86,MOSTLY CLOUDY,37.5,15.1,2025-08-29T18:25:00+09:30,PT5M
30,79,26.8,14,14,0,1012.4,339,2.5,87,PARTLY CLOUDY,37.6,15.2,2025-08-29T18:30:00+09:30,PT5M
29,80,33.6,6,6,0,1012.4,339,2.5,88,PARTLY CLOUDY,37.8,15.2,2025-08-29T18:35:00+09:30,PT5M
29,80,36.9,1,1,0,1012.5,339,2.5,90,MOSTLY CLOUDY,37.9,15.3,2025-08-29T18:40:00+09:30,PT5M
29,80,33.6,0,0,0,1012.6,339,2.5,91,PARTLY CLOUDY,38.1,15.4,2025-08-29T18:45:00+09:30,PT5M
29,80,36.9,0,0,0,1012.6,340,2.5,92,MOSTLY CLOUDY,38.2,15.4,2025-08-29T18:50:00+09:30,PT5M
29,81,47.8,0,0,0,1012.7,340,2.5,93,MOSTLY CLOUDY,38.4,15.5,2025-08-29T18:55:00+09:30,PT5M
29,81,35.3,0,0,0,1012.8,340,2.5,94,MOSTLY CLOUDY,38.5,15.6,2025-08-29T19:00:00+09:30,PT5M
29,81,38.5,0,0,0,1012.9,341,2.6,96,MOSTLY CLOUDY,38.7,15.6,2025-08-29T19:05:00+09:30,PT5M
29,81,40.1,0,0,0,1012.9,341,2.6,97,MOSTLY CLOUDY,38.9,15.7,2025-08-29T19:10:00+09:30,PT5M
28,82,41.7,0,0,0,1013,341,2.6,98,MOSTLY CLOUDY,39.1,15.8,2025-08-29T19:15:00+09:30,PT5M
28,82,43.3,0,0,0,1013.1,342,2.6,99,MOSTLY CLOUDY,39.3,15.9,2025-08-29T19:20:00+09:30,PT5M
28,82,53.5,0,0,0,1013.2,342,2.6,100,MOSTLY CLOUDY,39.5,16,2025-08-29T19:25:00+09:30,PT5M
28,82,66.2,0,0,0,1013.2,342,2.6,102,OVERCAST,39.7,16.1,2025-08-29T19:30:00+09:30,PT5M
28,83,49.2,0,0,0,1013.3,342,2.6,103,MOSTLY CLOUDY,39.9,16.1,2025-08-29T19:35:00+09:30,PT5M
28,83,47.8,0,0,0,1013.4,342,2.6,104,MOSTLY CLOUDY,40.1,16.2,2025-08-29T19:40:00+09:30,PT5M
28,83,57.5,0,0,0,1013.5,342,2.6,105,MOSTLY CLOUDY,40.3,16.3,2025-08-29T19:45:00+09:30,PT5M
28,83,60.1,0,0,0,1013.5,342,2.6,107,OVERCAST,40.5,16.4,2025-08-29T19:50:00+09:30,PT5M
28,84,62.6,0,0,0,1013.6,342,2.6,108,OVERCAST,40.7,16.5,2025-08-29T19:55:00+09:30,PT5M
27,84,61.4,0,0,0,1013.7,342,2.5,109,OVERCAST,40.9,16.6,2025-08-29T20:00:00+09:30,PT5M
27,84,69.6,0,0,0,1013.7,342,2.5,110,OVERCAST,41.1,16.6,2025-08-29T20:05:00+09:30,PT5M
27,84,69.6,0,0,0,1013.8,341,2.5,111,OVERCAST,41.3,16.7,2025-08-29T20:10:00+09:30,PT5M
27,84,67.4,0,0,0,1013.9,341,2.5,113,OVERCAST,41.5,16.8,2025-08-29T20:15:00+09:30,PT5M
27,85,63.8,0,0,0,1013.9,341,2.5,114,OVERCAST,41.7,16.9,2025-08-29T20:20:00+09:30,PT5M
27,85,62.6,0,0,0,1014,341,2.5,115,OVERCAST,41.9,16.9,2025-08-29T20:25:00+09:30,PT5M
27,85,61.4,0,0,0,1014.1,341,2.4,116,OVERCAST,42.1,17,2025-08-29T20:30:00+09:30,PT5M
27,85,58.8,0,0,0,1014.1,340,2.4,117,MOSTLY CLOUDY,42.4,17.1,2025-08-29T20:35:00+09:30,PT5M
27,85,61.4,0,0,0,1014.1,339,2.4,119,OVERCAST,42.6,17.2,2025-08-29T20:40:00+09:30,PT5M
27,86,63.8,0,0,0,1014.2,338,2.4,120,OVERCAST,42.8,17.2,2025-08-29T20:45:00+09:30,PT5M
27,86,68.5,0,0,0,1014.2,337,2.4,121,OVERCAST,43,17.3,2025-08-29T20:50:00+09:30,PT5M
27,86,69.6,0,0,0,1014.3,337,2.4,122,OVERCAST,43.2,17.4,2025-08-29T20:55:00+09:30,PT5M
27,86,73.8,0,0,0,1014.3,336,2.4,124,OVERCAST,43.4,17.5,2025-08-29T21:00:00+09:30,PT5M
27,87,81.2,0,0,0,1014.4,335,2.4,125,OVERCAST,43.6,17.5,2025-08-29T21:05:00+09:30,PT5M
27,87,85.9,0,0,0,1014.4,334,2.4,126,OVERCAST,43.8,17.6,2025-08-29T21:10:00+09:30,PT5M
27,87,87.9,0,0,0,1014.4,333,2.4,127,OVERCAST,44,17.7,2025-08-29T21:15:00+09:30,PT5M
27,87,87.9,0,0,0,1014.5,332,2.3,128,OVERCAST,44.3,17.7,2025-08-29T21:20:00+09:30,PT5M
27,87,86.6,0,0,0,1014.5,331,2.3,130,OVERCAST,44.5,17.8,2025-08-29T21:25:00+09:30,PT5M
27,88,86.6,0,0,0,1014.6,330,2.3,131,OVERCAST,44.7,17.9,2025-08-29T21:30:00+09:30,PT5M
27,88,86.6,0,0,0,1014.6,329,2.3,132,OVERCAST,44.9,17.9,2025-08-29T21:35:00+09:30,PT5M
26,88,86.6,0,0,0,1014.7,328,2.3,133,OVERCAST,45.1,18,2025-08-29T21:40:00+09:30,PT5M
26,88,85.2,0,0,0,1014.7,328,2.3,134,OVERCAST,45.3,18.1,2025-08-29T21:45:00+09:30,PT5M
26,89,82.9,0,0,0,1014.8,327,2.3,136,OVERCAST,45.6,18.1,2025-08-29T21:50:00+09:30,PT5M
26,89,81.2,0,0,0,1014.9,327,2.3,137,OVERCAST,45.8,18.2,2025-08-29T21:55:00+09:30,PT5M
26,89,84.4,0,0,0,1014.9,326,2.2,138,OVERCAST,46,18.3,2025-08-29T22:00:00+09:30,PT5M
26,89,79.5,0,0,0,1015,326,2.2,139,OVERCAST,46.2,18.3,2025-08-29T22:05:00+09:30,PT5M
26,90,70.7,0,0,0,1015,325,2.2,141,OVERCAST,46.4,18.4,2025-08-29T22:10:00+09:30,PT5M
26,90,65,0,0,0,1015.1,325,2.2,142,OVERCAST,46.6,18.5,2025-08-29T22:15:00+09:30,PT5M
26,90,57.5,0,0,0,1015.1,324,2.2,143,MOSTLY CLOUDY,46.9,18.5,2025-08-29T22:20:00+09:30,PT5M
26,90,49.2,0,0,0,1015.2,323,2.2,144,MOSTLY CLOUDY,47.1,18.6,2025-08-29T22:25:00+09:30,PT5M
26,91,40.1,0,0,0,1015.3,323,2.1,145,MOSTLY CLOUDY,47.3,18.7,2025-08-29T22:30:00+09:30,PT5M
26,91,33.6,0,0,0,1015.3,323,2.1,147,PARTLY CLOUDY,47.5,18.7,2025-08-29T22:35:00+09:30,PT5M
26,91,28.5,0,0,0,1015.3,324,2.1,148,PARTLY CLOUDY,47.7,18.8,2025-08-29T22:40:00+09:30,PT5M
26,92,28.5,0,0,0,1015.4,325,2.1,149,PARTLY CLOUDY,47.9,18.9,2025-08-29T22:45:00+09:30,PT5M
26,92,28.5,0,0,0,1015.4,326,2.1,150,PARTLY CLOUDY,48.2,18.9,2025-08-29T22:50:00+09:30,PT5M
26,92,30.3,0,0,0,1015.4,327,2,152,PARTLY CLOUDY,48.4,19,2025-08-29T22:55:00+09:30,PT5M
26,93,33.6,0,0,0,1015.4,328,2,153,PARTLY CLOUDY,48.6,19.1,2025-08-29T23:00:00+09:30,PT5M
26,93,35.3,0,0,0,1015.5,329,2,154,MOSTLY CLOUDY,48.8,19.1,2025-08-29T23:05:00+09:30,PT5M
26,94,36.9,0,0,0,1015.5,330,2,155,MOSTLY CLOUDY,49,19.2,2025-08-29T23:10:00+09:30,PT5M
25,94,40.1,0,0,0,1015.5,331,1.9,156,MOSTLY CLOUDY,49.2,19.2,2025-08-29T23:15:00+09:30,PT5M
25,95,44.8,0,0,0,1015.5,332,1.9,158,MOSTLY CLOUDY,49.4,19.3,2025-08-29T23:20:00+09:30,PT5M
25,95,49.2,0,0,0,1015.6,333,1.9,159,MOSTLY CLOUDY,49.6,19.4,2025-08-29T23:25:00+09:30,PT5M
25,96,49.2,0,0,0,1015.6,334,1.9,160,MOSTLY CLOUDY,49.8,19.4,2025-08-29T23:30:00+09:30,PT5M
25,96,46.3,0,0,0,1015.6,335,1.9,161,MOSTLY CLOUDY,50.1,19.5,2025-08-29T23:35:00+09:30,PT5M
25,97,40.1,0,0,0,1015.6,336,1.8,163,MOSTLY CLOUDY,50.3,19.5,2025-08-29T23:40:00+09:30,PT5M
25,98,40.1,0,0,0,1015.6,337,1.8,164,MOSTLY CLOUDY,50.5,19.6,2025-08-29T23:45:00+09:30,PT5M
25,99,41.7,0,0,0,1015.6,339,1.8,165,MOSTLY CLOUDY,50.7,19.7,2025-08-29T23:50:00+09:30,PT5M
25,100,41.7,0,0,0,1015.6,340,1.8,166,MOSTLY CLOUDY,50.9,19.7,2025-08-29T23:55:00+09:30,PT5M
25,101,40.1,0,0,0,1015.6,341,1.7,167,MOSTLY CLOUDY,51.1,19.8,2025-08-30T00:00:00+09:30,PT5M
25,102,40.1,0,0,0,1015.6,342,1.7,169,MOSTLY CLOUDY,51.3,19.8,2025-08-30T00:05:00+09:30,PT5M
25,104,40.1,0,0,0,1015.7,343,1.7,170,MOSTLY CLOUDY,51.4,19.9,2025-08-30T00:10:00+09:30,PT5M
25,106,40.1,0,0,0,1015.7,345,1.7,171,MOSTLY CLOUDY,51.6,19.9,2025-08-30T00:15:00+09:30,PT5M
25,109,40.1,0,0,0,1015.7,346,1.7,172,MOSTLY CLOUDY,51.7,20,2025-08-30T00:20:00+09:30,PT5M
25,113,40.1,0,0,0,1015.7,347,1.7,173,MOSTLY CLOUDY,51.9,20,2025-08-30T00:25:00+09:30,PT5M
25,118,50.7,0,0,0,1015.7,349,1.6,174,MOSTLY CLOUDY,52,20.1,2025-08-30T00:30:00+09:30,PT5M
25,125,50.7,0,0,0,1015.6,350,1.6,175,MOSTLY CLOUDY,52.2,20.1,2025-08-30T00:35:00+09:30,PT5M
25,136,52.1,0,0,0,1015.5,351,1.6,176,MOSTLY CLOUDY,52.3,20.2,2025-08-30T00:40:00+09:30,PT5M
25,153,53.5,0,0,0,1015.4,351,1.6,177,MOSTLY CLOUDY,52.5,20.2,2025-08-30T00:45:00+09:30,PT5M
25,178,52.1,0,0,0,1015.3,352,1.6,177,MOSTLY CLOUDY,52.6,20.3,2025-08-30T00:50:00+09:30,PT5M
25,-157,46.3,0,0,0,1015.2,353,1.6,177,MOSTLY CLOUDY,52.8,20.3,2025-08-30T00:55:00+09:30,PT5M
25,-139,44.8,0,0,0,1015.1,354,1.6,176,MOSTLY CLOUDY,52.9,20.4,2025-08-30T01:00:00+09:30,PT5M
25,-127,43.3,0,0,0,1015,355,1.6,176,MOSTLY CLOUDY,53,20.4,2025-08-30T01:05:00+09:30,PT5M
25,-119,40.1,0,0,0,1014.9,356,1.5,174,MOSTLY CLOUDY,53.1,20.4,2025-08-30T01:10:00+09:30,PT5M
25,-114,38.5,0,0,0,1014.8,357,1.5,173,MOSTLY CLOUDY,53.2,20.5,2025-08-30T01:15:00+09:30,PT5M
24,-110,35.3,0,0,0,1014.7,358,1.5,172,MOSTLY CLOUDY,53.3,20.5,2025-08-30T01:20:00+09:30,PT5M
24,-107,32,0,0,0,1014.6,359,1.5,171,PARTLY CLOUDY,53.3,20.5,2025-08-30T01:25:00+09:30,PT5M
24,-105,30.3,0,0,0,1014.5,360,1.5,170,PARTLY CLOUDY,53.4,20.5,2025-08-30T01:30:00+09:30,PT5M
24,-103,30.3,0,0,0,1014.5,0,1.5,169,PARTLY CLOUDY,53.5,20.6,2025-08-30T01:35:00+09:30,PT5M
24,-101,32,0,0,0,1014.5,1,1.5,168,PARTLY CLOUDY,53.6,20.6,2025-08-30T01:40:00+09:30,PT5M
24,-100,30.3,0,0,0,1014.4,2,1.5,166,PARTLY CLOUDY,53.6,20.6,2025-08-30T01:45:00+09:30,PT5M
24,-99,30.3,0,0,0,1014.4,2,1.5,165,PARTLY CLOUDY,53.7,20.6,2025-08-30T01:50:00+09:30,PT5M
24,-98,28.5,0,0,0,1014.4,3,1.5,164,PARTLY CLOUDY,53.8,20.7,2025-08-30T01:55:00+09:30,PT5M
24,-97,28.5,0,0,0,1014.4,3,1.5,163,PARTLY CLOUDY,53.9,20.7,2025-08-30T02:00:00+09:30,PT5M
24,-97,28.5,0,0,0,1014.4,4,1.5,162,PARTLY CLOUDY,53.9,20.7,2025-08-30T02:05:00+09:30,PT5M
24,-96,26.8,0,0,0,1014.4,5,1.5,160,PARTLY CLOUDY,54,20.7,2025-08-30T02:10:00+09:30,PT5M
24,-95,26.8,0,0,0,1014.3,5,1.5,159,PARTLY CLOUDY,54.1,20.7,2025-08-30T02:15:00+09:30,PT5M
24,-95,26.8,0,0,0,1014.3,6,1.5,158,PARTLY CLOUDY,54.1,20.7,2025-08-30T02:20:00+09:30,PT5M
23,-94,26.8,0,0,0,1014.3,7,1.5,157,PARTLY CLOUDY,54.2,20.7,2025-08-30T02:25:00+09:30,PT5M
23,-94,26.8,0,0,0,1014.3,7,1.5,155,PARTLY CLOUDY,54.3,20.7,2025-08-30T02:30:00+09:30,PT5M
23,-93,26.8,0,0,0,1014.3,8,1.5,154,PARTLY CLOUDY,54.3,20.7,2025-08-30T02:35:00+09:30,PT5M
23,-93,25,0,0,0,1014.3,8,1.5,153,PARTLY CLOUDY,54.4,20.7,2025-08-30T02:40:00+09:30,PT5M
23,-93,25,0,0,0,1014.2,8,1.5,152,PARTLY CLOUDY,54.5,20.7,2025-08-30T02:45:00+09:30,PT5M
23,-92,25,0,0,0,1014.2,9,1.5,151,PARTLY CLOUDY,54.5,20.7,2025-08-30T02:50:00+09:30,PT5M
23,-92,25,0,0,0,1014.2,9,1.5,149,PARTLY CLOUDY,54.6,20.7,2025-08-30T02:55:00+09:30,PT5M
23,-92,25,0,0,0,1014.2,9,1.5,148,PARTLY CLOUDY,54.7,20.7,2025-08-30T03:00:00+09:30,PT5M
23,-91,25,0,0,0,1014.2,10,1.5,147,PARTLY CLOUDY,54.7,20.7,2025-08-30T03:05:00+09:30,PT5M
23,-91,25,0,0,0,1014.2,10,1.5,146,PARTLY CLOUDY,54.7,20.7,2025-08-30T03:10:00+09:30,PT5M
23,-91,25,0,0,0,1014.1,10,1.5,144,PARTLY CLOUDY,54.7,20.7,2025-08-30T03:15:00+09:30,PT5M
23,-90,25,0,0,0,1014.1,11,1.5,143,PARTLY CLOUDY,54.7,20.7,2025-08-30T03:20:00+09:30,PT5M
23,-90,25,0,0,0,1014.1,11,1.5,142,PARTLY CLOUDY,54.7,20.7,2025-08-30T03:25:00+09:30,PT5M
23,-90,25,0,0,0,1014.1,11,1.5,141,PARTLY CLOUDY,54.7,20.7,2025-08-30T03:30:00+09:30,PT5M
23,-90,25,0,0,0,1014.1,12,1.5,140,PARTLY CLOUDY,54.8,20.7,2025-08-30T03:35:00+09:30,PT5M
23,-89,25,0,0,0,1014.1,13,1.5,138,PARTLY CLOUDY,54.8,20.7,2025-08-30T03:40:00+09:30,PT5M
23,-89,25,0,0,0,1014.2,14,1.5,137,PARTLY CLOUDY,54.8,20.7,2025-08-30T03:45:00+09:30,PT5M
23,-89,23.2,0,0,0,1014.2,15,1.5,136,PARTLY CLOUDY,54.8,20.7,2025-08-30T03:50:00+09:30,PT5M
23,-89,25,0,0,0,1014.3,16,1.5,135,PARTLY CLOUDY,54.8,20.7,2025-08-30T03:55:00+09:30,PT5M
23,-88,25,0,0,0,1014.3,17,1.5,133,PARTLY CLOUDY,54.8,20.7,2025-08-30T04:00:00+09:30,PT5M
23,-88,25,0,0,0,1014.4,18,1.5,132,PARTLY CLOUDY,54.8,20.7,2025-08-30T04:05:00+09:30,PT5M
23,-88,25,0,0,0,1014.4,20,1.5,131,PARTLY CLOUDY,54.7,20.7,2025-08-30T04:10:00+09:30,PT5M
23,-88,25,0,0,0,1014.4,21,1.5,130,PARTLY CLOUDY,54.6,20.6,2025-08-30T04:15:00+09:30,PT5M
23,-87,23.2,0,0,0,1014.5,22,1.4,129,PARTLY CLOUDY,54.5,20.6,2025-08-30T04:20:00+09:30,PT5M
23,-87,23.2,0,0,0,1014.5,23,1.4,127,PARTLY CLOUDY,54.4,20.6,2025-08-30T04:25:00+09:30,PT5M
23,-87,23.2,0,0,0,1014.6,24,1.4,126,PARTLY CLOUDY,54.3,20.6,2025-08-30T04:30:00+09:30,PT5M
23,-87,25,0,0,0,1014.6,26,1.4,125,PARTLY CLOUDY,54.2,20.5,2025-08-30T04:35:00+09:30,PT5M
23,-87,23.2,0,0,0,1014.6,28,1.4,124,PARTLY CLOUDY,54.1,20.5,2025-08-30T04:40:00+09:30,PT5M
23,-86,21.4,0,0,0,1014.6,30,1.4,122,PARTLY CLOUDY,54,20.5,2025-08-30T04:45:00+09:30,PT5M
23,-86,23.2,0,0,0,1014.7,33,1.4,121,PARTLY CLOUDY,53.9,20.5,2025-08-30T04:50:00+09:30,PT5M
23,-86,23.2,0,0,0,1014.7,35,1.4,120,PARTLY CLOUDY,53.8,20.4,2025-08-30T04:55:00+09:30,PT5M
23,-86,25,0,0,0,1014.7,37,1.5,119,PARTLY CLOUDY,53.7,20.4,2025-08-30T05:00:00+09:30,PT5M
23,-85,25,0,0,0,1014.7,39,1.5,118,PARTLY CLOUDY,53.7,20.4,2025-08-30T05:05:00+09:30,PT5M
23,-85,23.2,0,0,0,1014.8,41,1.5,116,PARTLY CLOUDY,53.6,20.4,2025-08-30T05:10:00+09:30,PT5M
23,-85,25,0,0,0,1014.8,43,1.5,115,PARTLY CLOUDY,53.5,20.3,2025-08-30T05:15:00+09:30,PT5M
23,-85,25,0,0,0,1014.8,45,1.5,114,PARTLY CLOUDY,53.4,20.3,2025-08-30T05:20:00+09:30,PT5M
23,-85,25,0,0,0,1014.9,47,1.5,113,PARTLY CLOUDY,53.3,20.3,2025-08-30T05:25:00+09:30,PT5M
23,-84,25,0,0,0,1014.9,49,1.6,112,PARTLY CLOUDY,53.2,20.3,2025-08-30T05:30:00+09:30,PT5M
23,-84,23.2,0,0,0,1014.9,50,1.6,110,PARTLY CLOUDY,53.2,20.2,2025-08-30T05:35:00+09:30,PT5M
23,-84,21.4,0,0,0,1015,50,1.6,109,PARTLY CLOUDY,53.1,20.2,2025-08-30T05:40:00+09:30,PT5M
23,-84,21.4,0,0,0,1015,50,1.7,108,PARTLY CLOUDY,53,20.2,2025-08-30T05:45:00+09:30,PT5M
23,-83,21.4,0,0,0,1015.1,50,1.7,107,PARTLY CLOUDY,52.9,20.2,2025-08-30T05:50:00+09:30,PT5M
23,-83,23.2,0,0,0,1015.1,50,1.7,105,PARTLY CLOUDY,52.8,20.1,2025-08-30T05:55:00+09:30,PT5M
23,-83,23.2,0,0,0,1015.2,50,1.8,104,PARTLY CLOUDY,52.7,20.1,2025-08-30T06:00:00+09:30,PT5M
23,-83,25,0,0,0,1015.2,50,1.8,103,PARTLY CLOUDY,52.6,20.1,2025-08-30T06:05:00+09:30,PT5M
23,-83,26.8,0,0,0,1015.3,49,1.8,102,PARTLY CLOUDY,52.4,20,2025-08-30T06:10:00+09:30,PT5M
23,-82,25,0,0,0,1015.3,49,1.9,101,PARTLY CLOUDY,52.2,20,2025-08-30T06:15:00+09:30,PT5M
23,-82,25,0,0,0,1015.4,49,1.9,99,PARTLY CLOUDY,52,19.9,2025-08-30T06:20:00+09:30,PT5M
23,-82,25,0,0,0,1015.4,49,1.9,98,PARTLY CLOUDY,51.8,19.9,2025-08-30T06:25:00+09:30,PT5M
23,-82,26.8,0,0,0,1015.5,49,2,97,PARTLY CLOUDY,51.6,19.8,2025-08-30T06:30:00+09:30,PT5M
23,-81,28.5,0,0,0,1015.5,49,2,96,PARTLY CLOUDY,51.3,19.8,2025-08-30T06:35:00+09:30,PT5M
23,-81,41.7,0,0,0,1015.6,48,2,95,MOSTLY CLOUDY,51.1,19.7,2025-08-30T06:40:00+09:30,PT5M
23,-81,68.5,0,0,0,1015.6,48,2.1,93,OVERCAST,50.9,19.7,2025-08-30T06:45:00+09:30,PT5M
23,-81,73.8,0,0,0,1015.7,48,2.1,92,OVERCAST,50.7,19.6,2025-08-30T06:50:00+09:30,PT5M
23,-80,72.8,0,0,0,1015.7,47,2.1,91,OVERCAST,50.5,19.6,2025-08-30T06:55:00+09:30,PT5M
23,-80,69.6,0,0,0,1015.8,47,2.2,90,OVERCAST,50.3,19.5,2025-08-30T07:00:00+09:30,PT5M
23,-80,68.5,2,2,0,1015.8,47,2.2,89,OVERCAST,50,19.5,2025-08-30T07:05:00+09:30,PT5M
23,-79,66.2,6,6,0,1015.9,46,2.2,87,OVERCAST,49.7,19.4,2025-08-30T07:10:00+09:30,PT5M
23,-79,52.1,13,13,0,1015.9,46,2.3,86,MOSTLY CLOUDY,49.4,19.3,2025-08-30T07:15:00+09:30,PT5M
23,-79,21.4,29,29,0,1016,46,2.3,85,PARTLY CLOUDY,49.1,19.2,2025-08-30T07:20:00+09:30,PT5M
23,-79,35.3,32,32,0,1016,45,2.4,84,MOSTLY CLOUDY,48.8,19.1,2025-08-30T07:25:00+09:30,PT5M
23,-78,38.5,39,39,0,1016.1,45,2.4,83,MOSTLY CLOUDY,48.5,19,2025-08-30T07:30:00+09:30,PT5M
24,-78,38.3,48,48,0,1016.1,45,2.4,81,MOSTLY CLOUDY,48.1,19,2025-08-30T07:35:00+09:30,PT5M
24,-78,37.8,58,58,0,1016.1,45,2.5,80,MOSTLY CLOUDY,47.8,18.9,2025-08-30T07:40:00+09:30,PT5M
24,-77,39.8,66,65,0,1016.1,44,2.5,79,MOSTLY CLOUDY,47.5,18.8,2025-08-30T07:45:00+09:30,PT5M
24,-77,38.9,78,77,0,1016.1,44,2.5,78,MOSTLY CLOUDY,47.2,18.7,2025-08-30T07:50:00+09:30,PT5M
24,-77,37.8,90,89,0,1016.2,44,2.6,77,MOSTLY CLOUDY,46.9,18.6,2025-08-30T07:55:00+09:30,PT5M
25,-76,36.6,103,102,0,1016.2,44,2.6,75,MOSTLY CLOUDY,46.6,18.5,2025-08-30T08:00:00+09:30,PT5M
25,-76,36.6,115,113,0,1016.2,43,2.6,74,MOSTLY CLOUDY,46.2,18.4,2025-08-30T08:05:00+09:30,PT5M
25,-76,37.2,125,124,0,1016.2,43,2.7,73,MOSTLY CLOUDY,45.9,18.4,2025-08-30T08:10:00+09:30,PT5M
25,-75,40,131,129,0,1016.2,43,2.7,72,MOSTLY CLOUDY,45.6,18.2,2025-08-30T08:15:00+09:30,PT5M
26,-75,43.7,133,132,0,1016.2,43,2.7,71,MOSTLY CLOUDY,45.2,18.2,2025-08-30T08:20:00+09:30,PT5M
26,-75,48.4,132,131,0,1016.3,42,2.8,70,MOSTLY CLOUDY,44.9,18,2025-08-30T08:25:00+09:30,PT5M
26,-74,51.9,132,131,0,1016.3,42,2.8,68,MOSTLY CLOUDY,44.6,18,2025-08-30T08:30:00+09:30,PT5M
26,-74,52.3,140,138,0,1016.3,42,2.9,67,MOSTLY CLOUDY,44.2,17.8,2025-08-30T08:35:00+09:30,PT5M
26,-73,52.8,147,146,0,1016.4,42,2.9,66,MOSTLY CLOUDY,43.9,17.8,2025-08-30T08:40:00+09:30,PT5M
26,-73,50.5,164,162,0,1016.4,43,2.9,65,MOSTLY CLOUDY,43.6,17.6,2025-08-30T08:45:00+09:30,PT5M
27,-72,48.9,179,177,0,1016.5,43,3,64,MOSTLY CLOUDY,43.2,17.5,2025-08-30T08:50:00+09:30,PT5M
27,-72,48.2,191,189,0,1016.5,43,3,63,MOSTLY CLOUDY,42.9,17.4,2025-08-30T08:55:00+09:30,PT5M
27,-72,47.5,203,201,0,1016.6,43,3.1,61,MOSTLY CLOUDY,42.6,17.4,2025-08-30T09:00:00+09:30,PT5M
27,-71,45.7,220,218,0,1016.6,43,3.1,60,MOSTLY CLOUDY,42.3,17.2,2025-08-30T09:05:00+09:30,PT5M
27,-71,44.8,234,231,0,1016.7,43,3.1,59,MOSTLY CLOUDY,42.1,17,2025-08-30T09:10:00+09:30,PT5M
27,-70,46.3,238,235,0,1016.7,43,3.2,58,MOSTLY CLOUDY,42,16.7,2025-08-30T09:15:00+09:30,PT5M
27,-70,46.5,246,243,0,1016.8,43,3.2,57,MOSTLY CLOUDY,41.8,16.5,2025-08-30T09:20:00+09:30,PT5M
27,-69,44.4,266,263,0,1016.8,44,3.3,56,MOSTLY CLOUDY,41.6,16.3,2025-08-30T09:25:00+09:30,PT5M
28,-68,42,288,285,0,1016.9,44,3.3,54,MOSTLY CLOUDY,41.4,16.1,2025-08-30T09:30:00+09:30,PT5M
28,-68,35.3,332,331,0,1016.9,44,3.3,53,MOSTLY CLOUDY,41.3,15.8,2025-08-30T09:35:00+09:30,PT5M
28,-67,25.6,395,404,0,1016.8,45,3.3,52,PARTLY CLOUDY,41.1,15.6,2025-08-30T09:40:00+09:30,PT5M
28,-66,19.8,439,456,0,1016.8,45,3.2,51,PARTLY CLOUDY,40.9,15.4,2025-08-30T09:45:00+09:30,PT5M
28,-66,15.3,478,500,0,1016.7,46,3.2,50,PARTLY CLOUDY,40.7,15.2,2025-08-30T09:50:00+09:30,PT5M
28,-65,16.8,483,504,0,1016.7,46,3.2,49,PARTLY CLOUDY,40.6,14.9,2025-08-30T09:55:00+09:30,PT5M
28,-64,16.8,497,518,0,1016.7,47,3.2,48,PARTLY CLOUDY,40.4,14.7,2025-08-30T10:00:00+09:30,PT5M
29,-64,16.7,510,532,0,1016.6,47,3.1,47,PARTLY CLOUDY,40.3,14.6,2025-08-30T10:05:00+09:30,PT5M
29,-63,16.7,522,545,0,1016.6,48,3.1,45,PARTLY CLOUDY,40.3,14.5,2025-08-30T10:10:00+09:30,PT5M
29,-62,16.7,535,557,0,1016.5,48,3.1,44,PARTLY CLOUDY,40.2,14.5,2025-08-30T10:15:00+09:30,PT5M
29,-61,16.7,547,570,0,1016.5,49,3.1,43,PARTLY CLOUDY,40.2,14.5,2025-08-30T10:20:00+09:30,PT5M
29,-60,15.2,568,594,0,1016.5,50,3,42,PARTLY CLOUDY,40.2,14.4,2025-08-30T10:25:00+09:30,PT5M
29,-59,18,560,582,0,1016.4,50,3,41,PARTLY CLOUDY,40.2,14.4,2025-08-30T10:30:00+09:30,PT5M
29,-58,15.1,591,618,0,1016.4,51,3,40,PARTLY CLOUDY,40.1,14.3,2025-08-30T10:35:00+09:30,PT5M
30,-57,13.6,613,641,0,1016.3,52,3,39,PARTLY CLOUDY,40.1,14.3,2025-08-30T10:40:00+09:30,PT5M
30,-56,12.1,634,665,0,1016.3,52,2.9,38,PARTLY CLOUDY,40.1,14.2,2025-08-30T10:45:00+09:30,PT5M
30,-55,10.6,656,689,0,1016.2,53,2.9,37,PARTLY CLOUDY,40.1,14.2,2025-08-30T10:50:00+09:30,PT5M
30,-54,6.1,700,739,0,1016.2,54,2.9,36,MOSTLY SUNNY,40,14.2,2025-08-30T10:55:00+09:30,PT5M
30,-52,10.6,676,710,0,1016.1,55,2.9,35,PARTLY CLOUDY,40,14.1,2025-08-30T11:00:00+09:30,PT5M
30,-51,9.5,694,730,0,1016.1,55,2.9,34,MOSTLY SUNNY,40,14.1,2025-08-30T11:05:00+09:30,PT5M
30,-50,8.5,710,748,0,1016,56,2.8,33,MOSTLY SUNNY,40,14.1,2025-08-30T11:10:00+09:30,PT5M
31,-48,6.1,738,779,0,1016,57,2.8,32,MOSTLY SUNNY,39.9,14.1,2025-08-30T11:15:00+09:30,PT5M
31,-46,3.8,765,809,0,1015.9,58,2.8,31,MOSTLY SUNNY,39.9,14.1,2025-08-30T11:20:00+09:30,PT5M
31,-45,4.4,768,812,0,1015.9,59,2.8,31,MOSTLY SUNNY,39.9,14.1,2025-08-30T11:25:00+09:30,PT5M
31,-43,3.6,783,828,0,1015.8,59,2.8,30,MOSTLY SUNNY,39.9,14.1,2025-08-30T11:30:00+09:30,PT5M
31,-41,2.8,796,843,0,1015.7,60,2.8,29,MOSTLY SUNNY,39.8,14,2025-08-30T11:35:00+09:30,PT5M
31,-39,2.1,810,857,0,1015.6,61,2.8,28,MOSTLY SUNNY,39.8,14,2025-08-30T11:40:00+09:30,PT5M
31,-37,2.7,811,858,0,1015.5,62,2.9,27,MOSTLY SUNNY,39.8,14,2025-08-30T11:45:00+09:30,PT5M
31,-35,1.9,823,871,0,1015.4,63,2.9,27,MOSTLY SUNNY,39.8,14,2025-08-30T11:50:00+09:30,PT5M
31,-32,2.5,824,872,0,1015.3,64,3,26,MOSTLY SUNNY,39.7,14,2025-08-30T11:55:00+09:30,PT5M
31,-30,1.8,836,884,0,1015.1,64,3,25,MOSTLY SUNNY,39.7,14,2025-08-30T12:00:00+09:30,PT5M
31,-27,0,856,906,0,1015,65,3.1,25,SUNNY,39.7,14,2025-08-30T12:05:00+09:30,PT5M
32,-25,0,860,911,0,1014.9,66,3.1,24,SUNNY,39.8,14,2025-08-30T12:10:00+09:30,PT5M
32,-22,0,864,915,0,1014.8,67,3.2,24,SUNNY,39.8,14,2025-08-30T12:15:00+09:30,PT5M
32,-19,0,867,918,0,1014.7,67,3.2,23,SUNNY,39.8,14,2025-08-30T12:20:00+09:30,PT5M
32,-16,1.6,856,905,0,1014.6,68,3.3,23,MOSTLY SUNNY,39.9,14,2025-08-30T12:25:00+09:30,PT5M
32,-13,1.5,859,908,0,1014.4,69,3.3,23,MOSTLY SUNNY,39.9,14,2025-08-30T12:30:00+09:30,PT5M
32,-10,1.5,861,911,0,1014.4,69,3.3,22,MOSTLY SUNNY,40,13.9,2025-08-30T12:35:00+09:30,PT5M
32,-7,1.4,863,913,0,1014.3,69,3.3,22,MOSTLY SUNNY,40,13.9,2025-08-30T12:40:00+09:30,PT5M
32,-3,1.4,864,914,0,1014.2,68,3.4,22,MOSTLY SUNNY,40.1,13.9,2025-08-30T12:45:00+09:30,PT5M
32,0,1.4,864,914,0,1014.2,68,3.4,22,MOSTLY SUNNY,40.1,13.9,2025-08-30T12:50:00+09:30,PT5M
32,3,1.4,864,914,0,1014.1,68,3.4,22,MOSTLY SUNNY,40.1,13.9,2025-08-30T12:55:00+09:30,PT5M
32,6,0,876,927,0,1014,68,3.4,22,SUNNY,40.2,13.9,2025-08-30T13:00:00+09:30,PT5M
33,10,1.5,862,911,0,1014,67,3.4,22,MOSTLY SUNNY,40.3,13.9,2025-08-30T13:05:00+09:30,PT5M
33,13,2.8,849,897,0,1013.9,67,3.4,23,MOSTLY SUNNY,40.4,13.9,2025-08-30T13:10:00+09:30,PT5M
33,16,0,871,922,0,1013.8,67,3.4,23,SUNNY,40.5,13.9,2025-08-30T13:15:00+09:30,PT5M
33,19,0,868,920,0,1013.8,67,3.5,23,SUNNY,40.6,13.8,2025-08-30T13:20:00+09:30,PT5M
33,22,0,865,916,0,1013.7,67,3.5,24,SUNNY,40.8,13.8,2025-08-30T13:25:00+09:30,PT5M
33,25,0,862,913,0,1013.6,66,3.5,24,SUNNY,40.9,13.8,2025-08-30T13:30:00+09:30,PT5M
33,27,0,858,909,0,1013.6,66,3.5,25,SUNNY,41,13.8,2025-08-30T13:35:00+09:30,PT5M
33,30,0,853,904,0,1013.5,65,3.5,25,SUNNY,41.1,13.8,2025-08-30T13:40:00+09:30,PT5M
33,32,0,848,899,0,1013.4,65,3.5,26,SUNNY,41.3,13.8,2025-08-30T13:45:00+09:30,PT5M
34,35,0,843,893,0,1013.4,64,3.6,27,SUNNY,41.4,13.7,2025-08-30T13:50:00+09:30,PT5M
34,37,0,837,887,0,1013.3,64,3.6,27,SUNNY,41.5,13.7,2025-08-30T13:55:00+09:30,PT5M
34,39,0,830,880,0,1013.3,63,3.6,28,SUNNY,41.6,13.7,2025-08-30T14:00:00+09:30,PT5M
34,41,0,823,873,0,1013.2,62,3.6,29,SUNNY,41.8,13.7,2025-08-30T14:05:00+09:30,PT5M
34,43,0,816,865,0,1013.1,62,3.6,30,SUNNY,41.9,13.7,2025-08-30T14:10:00+09:30,PT5M
34,45,0,808,857,0,1013.1,61,3.6,30,SUNNY,42,13.7,2025-08-30T14:15:00+09:30,PT5M
34,46,0,799,848,0,1013,61,3.7,31,SUNNY,42.1,13.6,2025-08-30T14:20:00+09:30,PT5M
34,48,1.8,776,822,0,1013,60,3.7,32,MOSTLY SUNNY,42.2,13.6,2025-08-30T14:25:00+09:30,PT5M
34,50,4.1,748,792,0,1012.9,60,3.7,33,MOSTLY SUNNY,42.3,13.6,2025-08-30T14:30:00+09:30,PT5M
34,51,6.5,720,761,0,1012.9,59,3.7,34,MOSTLY SUNNY,42.4,13.6,2025-08-30T14:35:00+09:30,PT5M
34,52,9.1,692,728,0,1012.8,58,3.7,35,MOSTLY SUNNY,42.5,13.6,2025-08-30T14:40:00+09:30,PT5M
34,54,0,750,797,0,1012.8,58,3.8,36,SUNNY,42.6,13.6,2025-08-30T14:45:00+09:30,PT5M
34,55,0,739,785,0,1012.7,57,3.8,37,SUNNY,42.7,13.5,2025-08-30T14:50:00+09:30,PT5M
34,56,0,727,773,0,1012.7,56,3.8,38,SUNNY,42.8,13.5,2025-08-30T14:55:00+09:30,PT5M
34,57,0,715,761,0,1012.6,55,3.8,39,SUNNY,42.9,13.5,2025-08-30T15:00:00+09:30,PT5M
34,58,0,702,748,0,1012.6,55,3.9,40,SUNNY,43.1,13.6,2025-08-30T15:05:00+09:30,PT5M
34,59,0,688,733,0,1012.5,54,3.9,41,SUNNY,43.4,13.9,2025-08-30T15:10:00+09:30,PT5M
34,60,0,674,719,0,1012.5,53,3.9,42,SUNNY,43.6,14.2,2025-08-30T15:15:00+09:30,PT5M
34,61,0,660,703,0,1012.4,53,3.9,43,SUNNY,43.8,14.4,2025-08-30T15:20:00+09:30,PT5M
34,62,0,645,688,0,1012.4,52,3.9,44,SUNNY,44.1,14.7,2025-08-30T15:25:00+09:30,PT5M
34,63,0,630,672,0,1012.3,51,4,45,SUNNY,44.3,15,2025-08-30T15:30:00+09:30,PT5M
34,64,0,614,656,0,1012.3,51,4,46,SUNNY,44.6,15.2,2025-08-30T15:35:00+09:30,PT5M
34,64,0,598,639,0,1012.3,50,4,48,SUNNY,44.8,15.5,2025-08-30T15:40:00+09:30,PT5M
34,65,0,582,622,0,1012.3,50,4,49,SUNNY,45.1,15.8,2025-08-30T15:45:00+09:30,PT5M
34,66,0,565,604,0,1012.3,49,4,50,SUNNY,45.3,16,2025-08-30T15:50:00+09:30,PT5M
34,67,0,548,586,0,1012.3,49,4,51,SUNNY,45.5,16.3,2025-08-30T15:55:00+09:30,PT5M
34,67,0,531,568,0,1012.3,48,4,52,SUNNY,45.8,16.6,2025-08-30T16:00:00+09:30,PT5M
34,68,0,514,550,0,1012.3,48,4,53,SUNNY,46.1,16.7,2025-08-30T16:05:00+09:30,PT5M
34,68,0,497,533,0,1012.3,47,4.1,54,SUNNY,46.4,16.7,2025-08-30T16:10:00+09:30,PT5M
34,69,0,480,515,0,1012.3,47,4.1,55,SUNNY,46.8,16.7,2025-08-30T16:15:00+09:30,PT5M
34,70,0,462,497,0,1012.3,46,4.1,57,SUNNY,47.2,16.8,2025-08-30T16:20:00+09:30,PT5M
33,70,0,445,478,0,1012.3,46,4.1,58,SUNNY,47.5,16.8,2025-08-30T16:25:00+09:30,PT5M
33,71,0,427,459,0,1012.3,45,4.1,59,SUNNY,47.9,16.8,2025-08-30T16:30:00+09:30,PT5M
33,71,0,409,440,0,1012.3,45,4.1,60,SUNNY,48.2,16.8,2025-08-30T16:35:00+09:30,PT5M
33,72,0,390,421,0,1012.3,44,4.1,61,SUNNY,48.6,16.8,2025-08-30T16:40:00+09:30,PT5M
33,72,0,372,402,0,1012.3,43,4.1,62,SUNNY,48.9,16.8,2025-08-30T16:45:00+09:30,PT5M
33,73,0,353,383,0,1012.4,42,4,63,SUNNY,49.3,16.9,2025-08-30T16:50:00+09:30,PT5M
33,73,0,335,363,0,1012.4,42,4,65,SUNNY,49.7,16.9,2025-08-30T16:55:00+09:30,PT5M
33,73,0,316,343,0,1012.4,41,4,66,SUNNY,50,16.9,2025-08-30T17:00:00+09:30,PT5M
33,74,0,297,323,0,1012.4,40,4,67,SUNNY,50.4,16.9,2025-08-30T17:05:00+09:30,PT5M
33,74,0,278,303,0,1012.5,39,4,68,SUNNY,50.8,17,2025-08-30T17:10:00+09:30,PT5M
32,75,0,259,283,0,1012.5,38,4,69,SUNNY,51.1,17,2025-08-30T17:15:00+09:30,PT5M
32,75,0,240,263,0,1012.5,38,4,71,SUNNY,51.5,17,2025-08-30T17:20:00+09:30,PT5M
32,75,0,222,243,0,1012.5,37,4,72,SUNNY,51.8,17.1,2025-08-30T17:25:00+09:30,PT5M
32,76,0,203,223,0,1012.6,36,3.9,73,SUNNY,52.2,17.1,2025-08-30T17:30:00+09:30,PT5M
32,76,0,185,204,0,1012.6,35,3.9,74,SUNNY,52.6,17.2,2025-08-30T17:35:00+09:30,PT5M
32,77,0,166,184,0,1012.6,35,3.9,75,SUNNY,53,17.2,2025-08-30T17:40:00+09:30,PT5M
32,77,0,148,165,0,1012.7,34,3.9,76,SUNNY,53.3,17.3,2025-08-30T17:45:00+09:30,PT5M
32,77,0,131,146,0,1012.7,33,3.9,78,SUNNY,53.7,17.3,2025-08-30T17:50:00+09:30,PT5M
32,78,0,114,127,0,1012.8,33,3.8,79,SUNNY,54,17.3,2025-08-30T17:55:00+09:30,PT5M
31,78,0,97,109,0,1012.8,32,3.8,80,SUNNY,54.4,17.4,2025-08-30T18:00:00+09:30,PT5M
31,78,0,82,91,0,1012.9,31,3.8,81,SUNNY,54.8,17.5,2025-08-30T18:05:00+09:30,PT5M
31,78,0,67,75,0,1012.9,31,3.8,82,SUNNY,55.2,17.6,2025-08-30T18:10:00+09:30,PT5M
31,79,0,53,59,0,1012.9,30,3.8,84,SUNNY,55.7,17.7,2025-08-30T18:15:00+09:30,PT5M
31,79,0,40,45,0,1013,29,3.8,85,SUNNY,56.1,17.8,2025-08-30T18:20:00+09:30,PT5M
31,79,14,25,24,0,1013,28,3.7,86,PARTLY CLOUDY,56.5,17.9,2025-08-30T18:25:00+09:30,PT5M
31,80,23.2,14,14,0,1013.1,28,3.7,87,PARTLY CLOUDY,56.9,18,2025-08-30T18:30:00+09:30,PT5M
31,80,23.2,7,7,0,1013.1,27,3.7,88,PARTLY CLOUDY,57.4,18.2,2025-08-30T18:35:00+09:30,PT5M
31,80,23.2,1,1,0,1013.1,28,3.7,90,PARTLY CLOUDY,57.8,18.3,2025-08-30T18:40:00+09:30,PT5M
31,80,25,0,0,0,1013.2,28,3.7,91,PARTLY CLOUDY,58.2,18.4,2025-08-30T18:45:00+09:30,PT5M
30,81,25,0,0,0,1013.2,28,3.7,92,PARTLY CLOUDY,58.6,18.5,2025-08-30T18:50:00+09:30,PT5M
30,81,25,0,0,0,1013.3,28,3.7,93,PARTLY CLOUDY,59.1,18.6,2025-08-30T18:55:00+09:30,PT5M
30,81,25,0,0,0,1013.3,28,3.8,94,PARTLY CLOUDY,59.5,18.7,2025-08-30T19:00:00+09:30,PT5M
30,81,23.2,0,0,0,1013.4,29,3.8,96,PARTLY CLOUDY,59.9,18.8,2025-08-30T19:05:00+09:30,PT5M
30,82,25,0,0,0,1013.4,29,3.8,97,PARTLY CLOUDY,60.4,19,2025-08-30T19:10:00+09:30,PT5M
30,82,25,0,0,0,1013.4,29,3.8,98,PARTLY CLOUDY,60.9,19,2025-08-30T19:15:00+09:30,PT5M
30,82,26.8,0,0,0,1013.5,29,3.8,99,PARTLY CLOUDY,61.4,19.2,2025-08-30T19:20:00+09:30,PT5M
30,82,26.8,0,0,0,1013.5,30,3.8,100,PARTLY CLOUDY,61.9,19.2,2025-08-30T19:25:00+09:30,PT5M
29,83,26.8,0,0,0,1013.6,30,3.8,102,PARTLY CLOUDY,62.4,19.4,2025-08-30T19:30:00+09:30,PT5M
29,83,25,0,0,0,1013.6,30,3.8,103,PARTLY CLOUDY,62.8,19.4,2025-08-30T19:35:00+09:30,PT5M
29,83,25,0,0,0,1013.7,31,3.8,104,PARTLY CLOUDY,63.3,19.6,2025-08-30T19:40:00+09:30,PT5M
29,83,25,0,0,0,1013.8,31,3.8,105,PARTLY CLOUDY,63.8,19.6,2025-08-30T19:45:00+09:30,PT5M
29,84,25,0,0,0,1013.8,32,3.7,107,PARTLY CLOUDY,64.3,19.8,2025-08-30T19:50:00+09:30,PT5M
29,84,25,0,0,0,1013.9,32,3.7,108,PARTLY CLOUDY,64.8,19.8,2025-08-30T19:55:00+09:30,PT5M
29,84,23.2,0,0,0,1014,33,3.7,109,PARTLY CLOUDY,65.3,20,2025-08-30T20:00:00+09:30,PT5M
29,84,23.2,0,0,0,1014.1,33,3.7,110,PARTLY CLOUDY,65.7,20,2025-08-30T20:05:00+09:30,PT5M
28,85,23.2,0,0,0,1014.1,34,3.7,111,PARTLY CLOUDY,66.2,20,2025-08-30T20:10:00+09:30,PT5M
28,85,23.2,0,0,0,1014.2,34,3.6,113,PARTLY CLOUDY,66.7,20.1,2025-08-30T20:15:00+09:30,PT5M
28,85,23.2,0,0,0,1014.3,35,3.6,114,PARTLY CLOUDY,67.2,20.1,2025-08-30T20:20:00+09:30,PT5M
28,85,25,0,0,0,1014.4,35,3.6,115,PARTLY CLOUDY,67.7,20.2,2025-08-30T20:25:00+09:30,PT5M
28,85,25,0,0,0,1014.4,36,3.6,116,PARTLY CLOUDY,68.2,20.2,2025-08-30T20:30:00+09:30,PT5M
28,86,25,0,0,0,1014.5,36,3.6,117,PARTLY CLOUDY,68.7,20.2,2025-08-30T20:35:00+09:30,PT5M
28,86,25,0,0,0,1014.5,36,3.5,119,PARTLY CLOUDY,69.2,20.2,2025-08-30T20:40:00+09:30,PT5M
28,86,25,0,0,0,1014.6,36,3.5,120,PARTLY CLOUDY,69.7,20.3,2025-08-30T20:45:00+09:30,PT5M
28,86,23.2,0,0,0,1014.6,36,3.4,121,PARTLY CLOUDY,70.2,20.3,2025-08-30T20:50:00+09:30,PT5M
28,87,23.2,0,0,0,1014.6,36,3.4,122,PARTLY CLOUDY,70.7,20.4,2025-08-30T20:55:00+09:30,PT5M
28,87,23.2,0,0,0,1014.7,36,3.4,124,PARTLY CLOUDY,71.2,20.4,2025-08-30T21:00:00+09:30,PT5M
28,87,23.2,0,0,0,1014.7,36,3.3,125,PARTLY CLOUDY,71.5,20.4,2025-08-30T21:05:00+09:30,PT5M
28,87,23.2,0,0,0,1014.7,36,3.3,126,PARTLY CLOUDY,71.7,20.4,2025-08-30T21:10:00+09:30,PT5M
27,87,23.2,0,0,0,1014.8,36,3.2,127,PARTLY CLOUDY,71.8,20.4,2025-08-30T21:15:00+09:30,PT5M
27,88,23.2,0,0,0,1014.8,36,3.2,128,PARTLY CLOUDY,72,20.4,2025-08-30T21:20:00+09:30,PT5M
27,88,23.2,0,0,0,1014.8,36,3.1,130,PARTLY CLOUDY,72.2,20.4,2025-08-30T21:25:00+09:30,PT5M
27,88,23.2,0,0,0,1014.9,36,3.1,131,PARTLY CLOUDY,72.3,20.4,2025-08-30T21:30:00+09:30,PT5M
27,88,23.2,0,0,0,1014.9,36,3,132,PARTLY CLOUDY,72.5,20.3,2025-08-30T21:35:00+09:30,PT5M
27,89,23.2,0,0,0,1014.9,36,3,133,PARTLY CLOUDY,72.6,20.3,2025-08-30T21:40:00+09:30,PT5M
27,89,23.2,0,0,0,1015,35,2.9,135,PARTLY CLOUDY,72.8,20.3,2025-08-30T21:45:00+09:30,PT5M
27,89,23.2,0,0,0,1015,35,2.8,136,PARTLY CLOUDY,73,20.3,2025-08-30T21:50:00+09:30,PT5M
27,89,23.2,0,0,0,1015,35,2.7,137,PARTLY CLOUDY,73.2,20.3,2025-08-30T21:55:00+09:30,PT5M
27,90,23.2,0,0,0,1015,35,2.7,138,PARTLY CLOUDY,73.3,20.3,2025-08-30T22:00:00+09:30,PT5M
27,90,23.2,0,0,0,1015.1,35,2.6,139,PARTLY CLOUDY,73.3,20.3,2025-08-30T22:05:00+09:30,PT5M
27,90,23.2,0,0,0,1015.1,35,2.5,141,PARTLY CLOUDY,73.2,20.2,2025-08-30T22:10:00+09:30,PT5M
27,91,23.2,0,0,0,1015.1,34,2.4,142,PARTLY CLOUDY,73,20.2,2025-08-30T22:15:00+09:30,PT5M
27,91,23.2,0,0,0,1015.1,34,2.4,143,PARTLY CLOUDY,72.8,20.2,2025-08-30T22:20:00+09:30,PT5M
27,91,21.4,0,0,0,1015.2,34,2.3,144,PARTLY CLOUDY,72.6,20.1,2025-08-30T22:25:00+09:30,PT5M
26,91,21.4,0,0,0,1015.2,34,2.2,145,PARTLY CLOUDY,72.5,20.1,2025-08-30T22:30:00+09:30,PT5M
26,92,21.4,0,0,0,1015.2,34,2.1,147,PARTLY CLOUDY,72.3,20.1,2025-08-30T22:35:00+09:30,PT5M
26,92,23.2,0,0,0,1015.2,35,2.1,148,PARTLY CLOUDY,72.2,20,2025-08-30T22:40:00+09:30,PT5M
26,92,23.2,0,0,0,1015.2,35,2,149,PARTLY CLOUDY,72,20,2025-08-30T22:45:00+09:30,PT5M
26,93,21.4,0,0,0,1015.2,36,2,150,PARTLY CLOUDY,71.8,20,2025-08-30T22:50:00+09:30,PT5M
26,93,21.4,0,0,0,1015.3,37,1.9,152,PARTLY CLOUDY,71.7,20,2025-08-30T22:55:00+09:30,PT5M
26,94,21.4,0,0,0,1015.3,38,1.9,153,PARTLY CLOUDY,71.5,19.9,2025-08-30T23:00:00+09:30,PT5M
26,94,21.4,0,0,0,1015.3,39,1.8,154,PARTLY CLOUDY,71.3,19.9,2025-08-30T23:05:00+09:30,PT5M
25,94,21.4,0,0,0,1015.3,40,1.8,155,PARTLY CLOUDY,71.2,19.8,2025-08-30T23:10:00+09:30,PT5M
25,95,21.4,0,0,0,1015.3,41,1.7,156,PARTLY CLOUDY,71,19.7,2025-08-30T23:15:00+09:30,PT5M
25,96,21.4,0,0,0,1015.3,42,1.7,158,PARTLY CLOUDY,70.8,19.6,2025-08-30T23:20:00+09:30,PT5M
25,96,21.4,0,0,0,1015.4,43,1.6,159,PARTLY CLOUDY,70.6,19.6,2025-08-30T23:25:00+09:30,PT5M
25,97,21.4,0,0,0,1015.4,44,1.6,160,PARTLY CLOUDY,70.5,19.5,2025-08-30T23:30:00+09:30,PT5M
25,97,21.4,0,0,0,1015.4,47,1.5,161,PARTLY CLOUDY,70.3,19.4,2025-08-30T23:35:00+09:30,PT5M
25,98,21.4,0,0,0,1015.4,50,1.5,163,PARTLY CLOUDY,70.2,19.3,2025-08-30T23:40:00+09:30,PT5M
25,99,19.6,0,0,0,1015.3,53,1.4,164,PARTLY CLOUDY,70,19.3,2025-08-30T23:45:00+09:30,PT5M
25,100,19.6,0,0,0,1015.3,57,1.4,165,PARTLY CLOUDY,69.8,19.2,2025-08-30T23:50:00+09:30,PT5M
24,101,19.6,0,0,0,1015.3,61,1.3,166,PARTLY CLOUDY,69.6,19.1,2025-08-30T23:55:00+09:30,PT5M
24,103,21.4,0,0,0,1015.3,65,1.3,167,PARTLY CLOUDY,69.5,19,2025-08-31T00:00:00+09:30,PT5M
