air_temp,azimuth,cloud_opacity,ghi,gti,precipitation_rate,surface_pressure,wind_direction_10m,wind_speed_10m,zenith,weather_type,pm10,pm2.5,period_end,period
6,118,8.2,0,0,0,961.2,144,2.7,170,MOSTLY CLEAR,4.6,2.3,2025-08-01T00:05:00+09:30,PT5M
5,122,0,0,0,0,961.2,145,2.7,171,CLEAR,4.6,2.3,2025-08-01T00:10:00+09:30,PT5M
5,126,0,0,0,0,961.2,146,2.7,172,CLEAR,4.7,2.3,2025-08-01T00:15:00+09:30,PT5M
5,132,0,0,0,0,961.2,147,2.7,172,CLEAR,4.7,2.3,2025-08-01T00:20:00+09:30,PT5M
5,139,0,0,0,0,961.2,148,2.8,173,CLEAR,4.7,2.3,2025-08-01T00:25:00+09:30,PT5M
5,148,0,0,0,0,961.2,149,2.8,174,CLEAR,4.8,2.3,2025-08-01T00:30:00+09:30,PT5M
5,159,0,0,0,0,961.2,150,2.8,174,CLEAR,4.8,2.4,2025-08-01T00:35:00+09:30,PT5M
5,171,8.2,0,0,0,961.1,151,2.8,175,MOSTLY CLEAR,4.9,2.4,2025-08-01T00:40:00+09:30,PT5M
5,-176,8.2,0,0,0,961.1,152,2.8,175,MOSTLY CLEAR,4.9,2.4,2025-08-01T00:45:00+09:30,PT5M
5,-163,8.2,0,0,0,961.1,154,2.9,175,MOSTLY CLEAR,4.9,2.4,2025-08-01T00:50:00+09:30,PT5M
5,-152,8.2,0,0,0,961.1,155,2.9,174,MOSTLY CLEAR,5,2.4,2025-08-01T00:55:00+09:30,PT5M
5,-142,0,0,0,0,961.1,156,2.9,174,CLEAR,5,2.4,2025-08-01T01:00:00+09:30,PT5M
5,-135,8.2,0,0,0,961.1,157,3,173,MOSTLY CLEAR,5,2.4,2025-08-01T01:05:00+09:30,PT5M
5,-129,8.2,0,0,0,961.1,157,3,172,MOSTLY CLEAR,5.1,2.4,2025-08-01T01:10:00+09:30,PT5M
5,-124,8.2,0,0,0,961.1,158,3,171,MOSTLY CLEAR,5.1,2.4,2025-08-01T01:15:00+09:30,PT5M
5,-120,0,0,0,0,961.1,159,3.1,170,CLEAR,5.1,2.4,2025-08-01T01:20:00+09:30,PT5M
5,-116,0,0,0,0,961.1,160,3.1,169,CLEAR,5.2,2.4,2025-08-01T01:25:00+09:30,PT5M
5,-113,8.2,0,0,0,961.1,161,3.1,168,MOSTLY CLEAR,5.2,2.4,2025-08-01T01:30:00+09:30,PT5M
5,-111,8.2,0,0,0,961,162,3.2,167,MOSTLY CLEAR,5.3,2.5,2025-08-01T01:35:00+09:30,PT5M
5,-109,8.2,0,0,0,961,162,3.1,166,MOSTLY CLEAR,5.3,2.5,2025-08-01T01:40:00+09:30,PT5M
5,-107,8.2,0,0,0,961,163,3.1,165,MOSTLY CLEAR,5.4,2.5,2025-08-01T01:45:00+09:30,PT5M
5,-105,8.2,0,0,0,961,164,3.1,164,MOSTLY CLEAR,5.4,2.5,2025-08-01T01:50:00+09:30,PT5M
5,-104,8.2,0,0,0,961,164,3.1,163,MOSTLY CLEAR,5.4,2.5,2025-08-01T01:55:00+09:30,PT5M
5,-103,8.2,0,0,0,961,165,3.1,161,MOSTLY CLEAR,5.5,2.5,2025-08-01T02:00:00+09:30,PT5M
5,-101,8.2,0,0,0,960.9,165,3.1,160,MOSTLY CLEAR,5.5,2.5,2025-08-01T02:05:00+09:30,PT5M
4,-100,8.2,0,0,0,960.9,166,3.1,159,MOSTLY CLEAR,5.6,2.5,2025-08-01T02:10:00+09:30,PT5M
4,-99,0,0,0,0,960.9,167,3.1,158,CLEAR,5.6,2.5,2025-08-01T02:15:00+09:30,PT5M
4,-98,0,0,0,0,960.9,167,3.1,157,CLEAR,5.6,2.5,2025-08-01T02:20:00+09:30,PT5M
4,-97,0,0,0,0,960.9,168,3.1,156,CLEAR,5.7,2.5,2025-08-01T02:25:00+09:30,PT5M
4,-97,0,0,0,0,960.9,168,3.1,155,CLEAR,5.7,2.5,2025-08-01T02:30:00+09:30,PT5M
4,-96,0,0,0,0,960.9,169,3.1,154,CLEAR,5.8,2.5,2025-08-01T02:35:00+09:30,PT5M
4,-95,0,0,0,0,960.9,169,3.1,152,CLEAR,5.8,2.5,2025-08-01T02:40:00+09:30,PT5M
4,-95,8.2,0,0,0,960.9,169,3.1,151,MOSTLY CLEAR,5.9,2.5,2025-08-01T02:45:00+09:30,PT5M
4,-94,8.2,0,0,0,960.9,169,3.1,150,MOSTLY CLEAR,5.9,2.5,2025-08-01T02:50:00+09:30,PT5M
4,-93,8.2,0,0,0,960.9,170,3.1,149,MOSTLY CLEAR,5.9,2.5,2025-08-01T02:55:00+09:30,PT5M
4,-93,8.2,0,0,0,960.9,170,3.1,148,MOSTLY CLEAR,6,2.5,2025-08-01T03:00:00+09:30,PT5M
4,-92,8.2,0,0,0,960.9,170,3.2,147,MOSTLY CLEAR,6,2.5,2025-08-01T03:05:00+09:30,PT5M
4,-92,8.2,0,0,0,960.9,170,3.2,146,MOSTLY CLEAR,6,2.5,2025-08-01T03:10:00+09:30,PT5M
4,-91,0,0,0,0,960.9,170,3.2,144,CLEAR,6.1,2.5,2025-08-01T03:15:00+09:30,PT5M
4,-90,0,0,0,0,960.9,171,3.2,143,CLEAR,6.1,2.5,2025-08-01T03:20:00+09:30,PT5M
4,-90,0,0,0,0,960.9,171,3.2,142,CLEAR,6.1,2.5,2025-08-01T03:25:00+09:30,PT5M
4,-89,0,0,0,0,960.9,171,3.2,141,CLEAR,6.1,2.5,2025-08-01T03:30:00+09:30,PT5M
4,-89,0,0,0,0,960.9,171,3.2,140,CLEAR,6.2,2.6,2025-08-01T03:35:00+09:30,PT5M
4,-89,0,0,0,0,960.9,171,3.2,139,CLEAR,6.2,2.6,2025-08-01T03:40:00+09:30,PT5M
4,-88,8.2,0,0,0,960.9,171,3.2,138,MOSTLY CLEAR,6.2,2.6,2025-08-01T03:45:00+09:30,PT5M
4,-88,10.1,0,0,0,960.9,171,3.2,136,PARTLY CLOUDY,6.2,2.6,2025-08-01T03:50:00+09:30,PT5M
4,-87,8.2,0,0,0,960.9,171,3.2,135,MOSTLY CLEAR,6.3,2.6,2025-08-01T03:55:00+09:30,PT5M
4,-87,8.2,0,0,0,960.9,171,3.2,134,MOSTLY CLEAR,6.3,2.6,2025-08-01T04:00:00+09:30,PT5M
4,-86,0,0,0,0,960.9,171,3.2,133,CLEAR,6.3,2.6,2025-08-01T04:05:00+09:30,PT5M
4,-86,0,0,0,0,960.9,171,3.2,132,CLEAR,6.3,2.6,2025-08-01T04:10:00+09:30,PT5M
4,-85,0,0,0,0,960.9,171,3.2,131,CLEAR,6.3,2.6,2025-08-01T04:15:00+09:30,PT5M
4,-85,0,0,0,0,960.9,171,3.2,130,CLEAR,6.3,2.6,2025-08-01T04:20:00+09:30,PT5M
4,-85,0,0,0,0,960.9,171,3.2,128,CLEAR,6.3,2.6,2025-08-01T04:25:00+09:30,PT5M
4,-84,8.2,0,0,0,961,171,3.2,127,MOSTLY CLEAR,6.3,2.6,2025-08-01T04:30:00+09:30,PT5M
4,-84,8.2,0,0,0,961,171,3.2,126,MOSTLY CLEAR,6.4,2.6,2025-08-01T04:35:00+09:30,PT5M
4,-83,0,0,0,0,961,171,3.2,125,CLEAR,6.4,2.6,2025-08-01T04:40:00+09:30,PT5M
4,-83,0,0,0,0,961.1,171,3.2,124,CLEAR,6.4,2.6,2025-08-01T04:45:00+09:30,PT5M
3,-83,8.2,0,0,0,961.1,171,3.2,123,MOSTLY CLEAR,6.4,2.6,2025-08-01T04:50:00+09:30,PT5M
3,-82,8.2,0,0,0,961.1,172,3.2,122,MOSTLY CLEAR,6.4,2.6,2025-08-01T04:55:00+09:30,PT5M
3,-82,8.2,0,0,0,961.2,172,3.1,120,MOSTLY CLEAR,6.4,2.6,2025-08-01T05:00:00+09:30,PT5M
3,-81,0,0,0,0,961.2,172,3.1,119,CLEAR,6.4,2.6,2025-08-01T05:05:00+09:30,PT5M
3,-81,0,0,0,0,961.3,172,3.1,118,CLEAR,6.4,2.6,2025-08-01T05:10:00+09:30,PT5M
3,-80,0,0,0,0,961.3,172,3.1,117,CLEAR,6.4,2.6,2025-08-01T05:15:00+09:30,PT5M
3,-80,0,0,0,0,961.4,172,3.1,116,CLEAR,6.4,2.6,2025-08-01T05:20:00+09:30,PT5M
3,-80,0,0,0,0,961.4,172,3.1,115,CLEAR,6.4,2.6,2025-08-01T05:25:00+09:30,PT5M
3,-79,0,0,0,0,961.4,172,3,114,CLEAR,6.4,2.6,2025-08-01T05:30:00+09:30,PT5M
3,-79,0,0,0,0,961.5,172,3,113,CLEAR,6.5,2.6,2025-08-01T05:35:00+09:30,PT5M
3,-78,0,0,0,0,961.6,173,3,111,CLEAR,6.5,2.6,2025-08-01T05:40:00+09:30,PT5M
3,-78,0,0,0,0,961.6,173,3,110,CLEAR,6.5,2.6,2025-08-01T05:45:00+09:30,PT5M
3,-78,0,0,0,0,961.7,173,3,109,CLEAR,6.5,2.6,2025-08-01T05:50:00+09:30,PT5M
3,-77,0,0,0,0,961.7,173,2.9,108,CLEAR,6.5,2.6,2025-08-01T05:55:00+09:30,PT5M
3,-77,0,0,0,0,961.8,173,2.9,107,CLEAR,6.5,2.6,2025-08-01T06:00:00+09:30,PT5M
3,-76,0,0,0,0,961.8,173,2.9,106,CLEAR,6.5,2.6,2025-08-01T06:05:00+09:30,PT5M
3,-76,8.2,0,0,0,961.9,173,2.9,105,MOSTLY CLEAR,6.4,2.6,2025-08-01T06:10:00+09:30,PT5M
3,-76,0,0,0,0,962,173,2.9,104,CLEAR,6.3,2.6,2025-08-01T06:15:00+09:30,PT5M
3,-75,0,0,0,0,962,174,2.9,102,CLEAR,6.2,2.6,2025-08-01T06:20:00+09:30,PT5M
3,-75,0,0,0,0,962.1,174,2.8,101,CLEAR,6.1,2.6,2025-08-01T06:25:00+09:30,PT5M
3,-74,0,0,0,0,962.1,174,2.8,100,CLEAR,6,2.6,2025-08-01T06:30:00+09:30,PT5M
3,-74,0,0,0,0,962.2,174,2.8,99,CLEAR,6,2.5,2025-08-01T06:35:00+09:30,PT5M
3,-73,0,0,0,0,962.3,174,2.8,98,CLEAR,5.9,2.5,2025-08-01T06:40:00+09:30,PT5M
3,-73,0,0,0,0,962.3,174,2.8,97,CLEAR,5.8,2.5,2025-08-01T06:45:00+09:30,PT5M
3,-72,0,0,0,0,962.4,174,2.8,96,CLEAR,5.7,2.5,2025-08-01T06:50:00+09:30,PT5M
3,-72,0,0,0,0,962.4,174,2.8,95,CLEAR,5.6,2.5,2025-08-01T06:55:00+09:30,PT5M
3,-71,0,0,0,0,962.5,174,2.8,94,CLEAR,5.5,2.5,2025-08-01T07:00:00+09:30,PT5M
3,-71,0,0,0,0,962.6,174,2.8,93,CLEAR,5.4,2.5,2025-08-01T07:05:00+09:30,PT5M
3,-70,0,0,0,0,962.6,174,2.8,92,CLEAR,5.3,2.5,2025-08-01T07:10:00+09:30,PT5M
3,-70,0,0,0,0,962.7,174,2.7,90,CLEAR,5.1,2.5,2025-08-01T07:15:00+09:30,PT5M
3,-69,0,5,8,0,962.7,174,2.7,89,SUNNY,4.9,2.4,2025-08-01T07:20:00+09:30,PT5M
3,-69,0,17,28,0,962.8,174,2.7,88,SUNNY,4.8,2.4,2025-08-01T07:25:00+09:30,PT5M
3,-68,0,30,57,0,962.8,174,2.7,87,SUNNY,4.6,2.4,2025-08-01T07:30:00+09:30,PT5M
3,-68,0,44,91,0,962.9,174,2.7,86,SUNNY,4.4,2.4,2025-08-01T07:35:00+09:30,PT5M
3,-67,0,59,133,0,962.9,174,2.7,85,SUNNY,4.2,2.4,2025-08-01T07:40:00+09:30,PT5M
4,-67,0,75,160,0,963,174,2.7,84,SUNNY,4.1,2.4,2025-08-01T07:45:00+09:30,PT5M
4,-66,0,92,183,0,963,174,2.7,83,SUNNY,3.9,2.3,2025-08-01T07:50:00+09:30,PT5M
4,-66,0,109,207,0,963.1,175,2.8,82,SUNNY,3.8,2.3,2025-08-01T07:55:00+09:30,PT5M
5,-65,0,127,230,0,963.1,175,2.8,81,SUNNY,3.6,2.3,2025-08-01T08:00:00+09:30,PT5M
5,-65,0,145,253,0,963.1,175,2.8,80,SUNNY,3.4,2.3,2025-08-01T08:05:00+09:30,PT5M
5,-64,0,163,276,0,963.2,175,2.8,79,SUNNY,3.2,2.2,2025-08-01T08:10:00+09:30,PT5M
6,-63,0,181,299,0,963.2,175,2.8,78,SUNNY,3.1,2.1,2025-08-01T08:15:00+09:30,PT5M
6,-63,0,200,322,0,963.3,175,2.8,77,SUNNY,2.9,2,2025-08-01T08:20:00+09:30,PT5M
6,-62,0,218,345,0,963.3,176,2.8,76,SUNNY,2.7,2,2025-08-01T08:25:00+09:30,PT5M
7,-61,0,237,367,0,963.4,176,2.8,75,SUNNY,2.5,1.9,2025-08-01T08:30:00+09:30,PT5M
7,-61,0,255,390,0,963.4,175,2.8,74,SUNNY,2.4,1.8,2025-08-01T08:35:00+09:30,PT5M
7,-60,0,274,412,0,963.4,174,2.9,73,SUNNY,2.2,1.7,2025-08-01T08:40:00+09:30,PT5M
7,-59,0,292,433,0,963.5,172,3,72,SUNNY,2,1.7,2025-08-01T08:45:00+09:30,PT5M
8,-59,0,310,455,0,963.5,171,3.1,71,SUNNY,1.8,1.6,2025-08-01T08:50:00+09:30,PT5M
8,-58,0,328,476,0,963.6,170,3.2,70,SUNNY,1.7,1.5,2025-08-01T08:55:00+09:30,PT5M
8,-57,0,346,497,0,963.6,168,3.3,69,SUNNY,1.5,1.4,2025-08-01T09:00:00+09:30,PT5M
8,-57,0,364,518,0,963.7,167,3.4,68,SUNNY,1.4,1.4,2025-08-01T09:05:00+09:30,PT5M
8,-56,0,381,538,0,963.7,166,3.5,67,SUNNY,1.3,1.2,2025-08-01T09:10:00+09:30,PT5M
9,-55,0,399,558,0,963.7,165,3.6,66,SUNNY,1.2,1.2,2025-08-01T09:15:00+09:30,PT5M
9,-54,0,416,578,0,963.8,164,3.6,65,SUNNY,1.1,1.1,2025-08-01T09:20:00+09:30,PT5M
9,-53,0,433,598,0,963.8,163,3.7,64,SUNNY,1,1,2025-08-01T09:25:00+09:30,PT5M
9,-53,0,449,617,0,963.9,162,3.8,63,SUNNY,0.9,0.8,2025-08-01T09:30:00+09:30,PT5M
10,-52,0,466,636,0,963.9,161,4,62,SUNNY,0.9,0.8,2025-08-01T09:35:00+09:30,PT5M
10,-51,0,482,654,0,963.9,160,4.1,61,SUNNY,0.8,0.6,2025-08-01T09:40:00+09:30,PT5M
10,-50,0,498,672,0,963.9,159,4.2,61,SUNNY,0.7,0.6,2025-08-01T09:45:00+09:30,PT5M
10,-49,0,513,690,0,963.9,159,4.3,60,SUNNY,0.6,0.4,2025-08-01T09:50:00+09:30,PT5M
10,-48,0,528,707,0,963.8,158,4.4,59,SUNNY,0.5,0.4,2025-08-01T09:55:00+09:30,PT5M
10,-47,0,543,724,0,963.8,157,4.6,58,SUNNY,0.4,0.2,2025-08-01T10:00:00+09:30,PT5M
10,-46,0,558,740,0,963.8,156,4.7,57,SUNNY,0.4,0.2,2025-08-01T10:05:00+09:30,PT5M
11,-45,0,572,756,0,963.8,155,4.8,56,SUNNY,0.4,0.2,2025-08-01T10:10:00+09:30,PT5M
11,-44,0,586,772,0,963.8,155,5,56,SUNNY,0.4,0.2,2025-08-01T10:15:00+09:30,PT5M
11,-43,0,599,787,0,963.8,154,5.1,55,SUNNY,0.4,0.2,2025-08-01T10:20:00+09:30,PT5M
11,-42,0,612,802,0,963.8,153,5.2,54,SUNNY,0.4,0.2,2025-08-01T10:25:00+09:30,PT5M
11,-41,0,625,816,0,963.8,153,5.3,53,SUNNY,0.4,0.2,2025-08-01T10:30:00+09:30,PT5M
11,-39,0,637,830,0,963.8,153,5.4,53,SUNNY,0.5,0.2,2025-08-01T10:35:00+09:30,PT5M
11,-38,0,649,844,0,963.7,153,5.4,52,SUNNY,0.5,0.2,2025-08-01T10:40:00+09:30,PT5M
11,-37,0,661,857,0,963.7,153,5.4,51,SUNNY,0.5,0.2,2025-08-01T10:45:00+09:30,PT5M
12,-36,0,672,869,0,963.6,153,5.4,50,SUNNY,0.5,0.2,2025-08-01T10:50:00+09:30,PT5M
12,-34,0,682,881,0,963.6,153,5.4,50,SUNNY,0.5,0.2,2025-08-01T10:55:00+09:30,PT5M
12,-33,0,692,892,0,963.6,153,5.4,49,SUNNY,0.5,0.2,2025-08-01T11:00:00+09:30,PT5M
12,-32,0,702,903,0,963.5,153,5.4,49,SUNNY,0.5,0.2,2025-08-01T11:05:00+09:30,PT5M
12,-30,0,711,914,0,963.5,153,5.4,48,SUNNY,0.5,0.2,2025-08-01T11:10:00+09:30,PT5M
12,-29,0,720,924,0,963.4,153,5.4,47,SUNNY,0.5,0.2,2025-08-01T11:15:00+09:30,PT5M
12,-28,0,729,933,0,963.4,153,5.4,47,SUNNY,0.5,0.2,2025-08-01T11:20:00+09:30,PT5M
12,-26,0,737,942,0,963.3,153,5.4,46,SUNNY,0.5,0.2,2025-08-01T11:25:00+09:30,PT5M
12,-25,0,744,951,0,963.3,153,5.4,46,SUNNY,0.5,0.2,2025-08-01T11:30:00+09:30,PT5M
12,-23,0,751,958,0,963.2,153,5.4,45,SUNNY,0.5,0.2,2025-08-01T11:35:00+09:30,PT5M
13,-22,0,758,966,0,963.1,154,5.4,45,SUNNY,0.5,0.2,2025-08-01T11:40:00+09:30,PT5M
13,-20,0,764,972,0,963,154,5.4,45,SUNNY,0.5,0.2,2025-08-01T11:45:00+09:30,PT5M
13,-18,0,769,979,0,962.9,154,5.4,44,SUNNY,0.5,0.2,2025-08-01T11:50:00+09:30,PT5M
13,-17,0,774,984,0,962.8,154,5.3,44,SUNNY,0.5,0.2,2025-08-01T11:55:00+09:30,PT5M
13,-15,0,779,989,0,962.7,154,5.3,43,SUNNY,0.5,0.2,2025-08-01T12:00:00+09:30,PT5M
13,-13,0,783,994,0,962.6,154,5.3,43,SUNNY,0.5,0.2,2025-08-01T12:05:00+09:30,PT5M
13,-12,0,786,998,0,962.5,154,5.3,43,SUNNY,0.5,0.2,2025-08-01T12:10:00+09:30,PT5M
13,-10,0,789,1001,0,962.4,154,5.3,43,SUNNY,0.5,0.2,2025-08-01T12:15:00+09:30,PT5M
13,-8,0,792,1004,0,962.2,154,5.3,43,SUNNY,0.5,0.2,2025-08-01T12:20:00+09:30,PT5M
13,-6,0,794,1007,0,962.1,154,5.3,42,SUNNY,0.5,0.2,2025-08-01T12:25:00+09:30,PT5M
13,-5,0,796,1008,0,962,154,5.3,42,SUNNY,0.5,0.2,2025-08-01T12:30:00+09:30,PT5M
13,-3,0,797,1010,0,961.9,154,5.3,42,SUNNY,0.6,0.2,2025-08-01T12:35:00+09:30,PT5M
14,-1,0,797,1010,0,961.9,155,5.3,42,SUNNY,0.6,0.2,2025-08-01T12:40:00+09:30,PT5M
14,1,0,798,1010,0,961.8,155,5.3,42,SUNNY,0.6,0.2,2025-08-01T12:45:00+09:30,PT5M
14,2,0,797,1010,0,961.7,155,5.3,42,SUNNY,0.6,0.2,2025-08-01T12:50:00+09:30,PT5M
14,4,0,796,1009,0,961.7,155,5.3,42,SUNNY,0.6,0.2,2025-08-01T12:55:00+09:30,PT5M
14,6,0,795,1007,0,961.6,155,5.3,42,SUNNY,0.6,0.2,2025-08-01T13:00:00+09:30,PT5M
14,8,0,793,1005,0,961.5,155,5.3,42,SUNNY,0.6,0.2,2025-08-01T13:05:00+09:30,PT5M
14,9,0,790,1002,0,961.5,155,5.3,43,SUNNY,0.6,0.2,2025-08-01T13:10:00+09:30,PT5M
14,11,0,787,999,0,961.4,155,5.3,43,SUNNY,0.7,0.2,2025-08-01T13:15:00+09:30,PT5M
14,13,0,784,995,0,961.3,155,5.3,43,SUNNY,0.7,0.2,2025-08-01T13:20:00+09:30,PT5M
14,14,0,780,991,0,961.3,155,5.3,43,SUNNY,0.7,0.2,2025-08-01T13:25:00+09:30,PT5M
14,16,0,776,986,0,961.2,155,5.3,44,SUNNY,0.7,0.2,2025-08-01T13:30:00+09:30,PT5M
14,18,0,771,980,0,961.1,155,5.3,44,SUNNY,0.8,0.3,2025-08-01T13:35:00+09:30,PT5M
14,19,0,766,974,0,961.1,156,5.3,44,SUNNY,0.8,0.3,2025-08-01T13:40:00+09:30,PT5M
14,21,0,760,968,0,961,156,5.3,45,SUNNY,0.8,0.3,2025-08-01T13:45:00+09:30,PT5M
14,23,0,754,961,0,961,156,5.3,45,SUNNY,0.8,0.3,2025-08-01T13:50:00+09:30,PT5M
14,24,0,747,953,0,960.9,156,5.3,46,SUNNY,0.9,0.3,2025-08-01T13:55:00+09:30,PT5M
14,26,0,740,945,0,960.8,156,5.3,46,SUNNY,0.9,0.3,2025-08-01T14:00:00+09:30,PT5M
15,27,0,732,937,0,960.8,156,5.3,47,SUNNY,0.9,0.3,2025-08-01T14:05:00+09:30,PT5M
15,29,0,724,928,0,960.7,156,5.3,47,SUNNY,0.9,0.3,2025-08-01T14:10:00+09:30,PT5M
15,30,0,715,918,0,960.7,156,5.3,48,SUNNY,1,0.3,2025-08-01T14:15:00+09:30,PT5M
15,31,0,706,908,0,960.6,157,5.3,48,SUNNY,1,0.3,2025-08-01T14:20:00+09:30,PT5M
15,33,0,697,897,0,960.5,157,5.3,49,SUNNY,1,0.3,2025-08-01T14:25:00+09:30,PT5M
15,34,0,687,886,0,960.5,157,5.3,50,SUNNY,1,0.3,2025-08-01T14:30:00+09:30,PT5M
15,35,0,677,874,0,960.4,157,5.3,50,SUNNY,1.1,0.3,2025-08-01T14:35:00+09:30,PT5M
15,37,0,666,862,0,960.4,157,5.4,51,SUNNY,1.1,0.3,2025-08-01T14:40:00+09:30,PT5M
15,38,0,655,850,0,960.4,157,5.4,52,SUNNY,1.1,0.3,2025-08-01T14:45:00+09:30,PT5M
15,39,0,643,837,0,960.4,157,5.4,52,SUNNY,1.1,0.3,2025-08-01T14:50:00+09:30,PT5M
15,40,0,631,823,0,960.3,157,5.4,53,SUNNY,1.2,0.3,2025-08-01T14:55:00+09:30,PT5M
15,41,0,618,809,0,960.3,157,5.5,54,SUNNY,1.2,0.3,2025-08-01T15:00:00+09:30,PT5M
15,42,0,606,794,0,960.3,157,5.5,54,SUNNY,1.2,0.3,2025-08-01T15:05:00+09:30,PT5M
15,44,0,592,779,0,960.3,158,5.5,55,SUNNY,1.2,0.3,2025-08-01T15:10:00+09:30,PT5M
15,45,0,579,764,0,960.2,158,5.5,56,SUNNY,1.2,0.3,2025-08-01T15:15:00+09:30,PT5M
15,46,0,565,748,0,960.2,158,5.6,57,SUNNY,1.2,0.3,2025-08-01T15:20:00+09:30,PT5M
15,47,0,550,732,0,960.2,158,5.6,58,SUNNY,1.2,0.3,2025-08-01T15:25:00+09:30,PT5M
15,48,0,536,715,0,960.2,158,5.6,59,SUNNY,1.2,0.3,2025-08-01T15:30:00+09:30,PT5M
15,49,0,521,698,0,960.2,158,5.6,59,SUNNY,1.2,0.4,2025-08-01T15:35:00+09:30,PT5M
15,50,0,505,680,0,960.2,158,5.6,60,SUNNY,1.2,0.4,2025-08-01T15:40:00+09:30,PT5M
15,50,0,490,662,0,960.2,158,5.6,61,SUNNY,1.2,0.4,2025-08-01T15:45:00+09:30,PT5M
15,51,0,474,644,0,960.2,158,5.6,62,SUNNY,1.2,0.4,2025-08-01T15:50:00+09:30,PT5M
15,52,0,457,625,0,960.2,158,5.6,63,SUNNY,1.2,0.4,2025-08-01T15:55:00+09:30,PT5M
15,53,0,441,606,0,960.2,158,5.6,64,SUNNY,1.2,0.4,2025-08-01T16:00:00+09:30,PT5M
15,54,0,424,587,0,960.3,157,5.6,65,SUNNY,1.2,0.4,2025-08-01T16:05:00+09:30,PT5M
15,55,0,407,568,0,960.3,157,5.6,66,SUNNY,1.2,0.4,2025-08-01T16:10:00+09:30,PT5M
15,56,0,390,548,0,960.3,157,5.6,67,SUNNY,1.2,0.4,2025-08-01T16:15:00+09:30,PT5M
15,56,0,373,528,0,960.3,157,5.6,68,SUNNY,1.1,0.4,2025-08-01T16:20:00+09:30,PT5M
15,57,0,355,507,0,960.3,157,5.6,68,SUNNY,1.1,0.4,2025-08-01T16:25:00+09:30,PT5M
15,58,0,337,486,0,960.3,157,5.6,69,SUNNY,1.1,0.4,2025-08-01T16:30:00+09:30,PT5M
15,59,0,319,466,0,960.4,157,5.6,70,SUNNY,1.1,0.3,2025-08-01T16:35:00+09:30,PT5M
15,59,0,301,444,0,960.4,157,5.6,71,SUNNY,1.1,0.3,2025-08-01T16:40:00+09:30,PT5M
14,60,0,283,423,0,960.5,157,5.6,72,SUNNY,1.1,0.3,2025-08-01T16:45:00+09:30,PT5M
14,61,0,265,401,0,960.5,156,5.6,73,SUNNY,1,0.3,2025-08-01T16:50:00+09:30,PT5M
14,61,0,246,379,0,960.6,156,5.5,74,SUNNY,1,0.3,2025-08-01T16:55:00+09:30,PT5M
14,62,0,228,357,0,960.6,156,5.5,75,SUNNY,1,0.3,2025-08-01T17:00:00+09:30,PT5M
14,63,0,210,334,0,960.7,156,5.5,76,SUNNY,1,0.3,2025-08-01T17:05:00+09:30,PT5M
14,63,0,191,312,0,960.7,155,5.4,77,SUNNY,1,0.3,2025-08-01T17:10:00+09:30,PT5M
14,64,0,173,289,0,960.8,155,5.4,78,SUNNY,1,0.3,2025-08-01T17:15:00+09:30,PT5M
14,64,0,154,266,0,960.8,155,5.4,79,SUNNY,0.9,0.3,2025-08-01T17:20:00+09:30,PT5M
13,65,0,136,243,0,960.9,155,5.4,81,SUNNY,0.9,0.3,2025-08-01T17:25:00+09:30,PT5M
13,66,0,118,219,0,960.9,155,5.3,82,SUNNY,0.9,0.3,2025-08-01T17:30:00+09:30,PT5M
13,66,0,101,196,0,961,154,5.3,83,SUNNY,0.9,0.4,2025-08-01T17:35:00+09:30,PT5M
13,67,0,84,172,0,961,154,5.1,84,SUNNY,0.9,0.4,2025-08-01T17:40:00+09:30,PT5M
13,67,0,67,148,0,961.1,154,5,85,SUNNY,0.9,0.4,2025-08-01T17:45:00+09:30,PT5M
13,68,0,51,110,0,961.1,154,4.9,86,SUNNY,0.8,0.4,2025-08-01T17:50:00+09:30,PT5M
13,68,0,36,73,0,961.2,154,4.7,87,SUNNY,0.8,0.4,2025-08-01T17:55:00+09:30,PT5M
13,69,0,22,41,0,961.2,153,4.6,88,SUNNY,0.8,0.4,2025-08-01T18:00:00+09:30,PT5M
13,69,0,10,16,0,961.3,153,4.5,89,SUNNY,0.8,0.4,2025-08-01T18:05:00+09:30,PT5M
12,70,0,0,0,0,961.3,153,4.3,90,CLEAR,0.8,0.4,2025-08-01T18:10:00+09:30,PT5M
12,70,0,0,0,0,961.4,152,4.2,91,CLEAR,0.8,0.4,2025-08-01T18:15:00+09:30,PT5M
12,71,0,0,0,0,961.4,152,4.1,92,CLEAR,0.8,0.4,2025-08-01T18:20:00+09:30,PT5M
12,71,0,0,0,0,961.5,152,4,93,CLEAR,0.8,0.4,2025-08-01T18:25:00+09:30,PT5M
12,72,0,0,0,0,961.5,152,3.8,94,CLEAR,0.8,0.4,2025-08-01T18:30:00+09:30,PT5M
12,72,0,0,0,0,961.6,151,3.7,95,CLEAR,0.7,0.4,2025-08-01T18:35:00+09:30,PT5M
12,73,0,0,0,0,961.7,151,3.7,97,CLEAR,0.7,0.4,2025-08-01T18:40:00+09:30,PT5M
12,73,0,0,0,0,961.8,151,3.6,98,CLEAR,0.7,0.4,2025-08-01T18:45:00+09:30,PT5M
11,74,0,0,0,0,961.9,151,3.6,99,CLEAR,0.7,0.4,2025-08-01T18:50:00+09:30,PT5M
11,74,0,0,0,0,961.9,151,3.5,100,CLEAR,0.7,0.4,2025-08-01T18:55:00+09:30,PT5M
11,75,0,0,0,0,962,151,3.5,101,CLEAR,0.7,0.4,2025-08-01T19:00:00+09:30,PT5M
11,75,0,0,0,0,962.1,150,3.4,102,CLEAR,0.7,0.4,2025-08-01T19:05:00+09:30,PT5M
11,75,0,0,0,0,962.2,150,3.4,103,CLEAR,0.7,0.4,2025-08-01T19:10:00+09:30,PT5M
11,76,0,0,0,0,962.3,150,3.3,104,CLEAR,0.7,0.4,2025-08-01T19:15:00+09:30,PT5M
10,76,0,0,0,0,962.4,150,3.3,105,CLEAR,0.7,0.5,2025-08-01T19:20:00+09:30,PT5M
10,77,0,0,0,0,962.4,150,3.2,106,CLEAR,0.7,0.5,2025-08-01T19:25:00+09:30,PT5M
10,77,8.2,0,0,0,962.5,149,3.2,108,MOSTLY CLEAR,0.7,0.5,2025-08-01T19:30:00+09:30,PT5M
10,78,0,0,0,0,962.6,149,3.1,109,CLEAR,0.8,0.5,2025-08-01T19:35:00+09:30,PT5M
10,78,0,0,0,0,962.6,149,3.1,110,CLEAR,0.8,0.5,2025-08-01T19:40:00+09:30,PT5M
10,78,0,0,0,0,962.6,148,3.1,111,CLEAR,0.8,0.5,2025-08-01T19:45:00+09:30,PT5M
9,79,0,0,0,0,962.6,148,3.1,112,CLEAR,0.8,0.6,2025-08-01T19:50:00+09:30,PT5M
9,79,0,0,0,0,962.6,147,3.1,113,CLEAR,0.8,0.6,2025-08-01T19:55:00+09:30,PT5M
9,80,0,0,0,0,962.6,147,3.1,114,CLEAR,0.8,0.6,2025-08-01T20:00:00+09:30,PT5M
9,80,0,0,0,0,962.6,147,3.1,115,CLEAR,0.8,0.6,2025-08-01T20:05:00+09:30,PT5M
9,80,0,0,0,0,962.6,146,3.1,117,CLEAR,0.8,0.6,2025-08-01T20:10:00+09:30,PT5M
9,81,0,0,0,0,962.6,146,3.1,118,CLEAR,0.8,0.6,2025-08-01T20:15:00+09:30,PT5M
8,81,0,0,0,0,962.7,145,3.1,119,CLEAR,0.8,0.6,2025-08-01T20:20:00+09:30,PT5M
8,82,0,0,0,0,962.7,145,3.1,120,CLEAR,0.8,0.6,2025-08-01T20:25:00+09:30,PT5M
8,82,0,0,0,0,962.7,144,3.1,121,CLEAR,0.8,0.6,2025-08-01T20:30:00+09:30,PT5M
8,83,0,0,0,0,962.7,144,3.1,122,CLEAR,0.9,0.6,2025-08-01T20:35:00+09:30,PT5M
8,83,0,0,0,0,962.7,144,3.1,123,CLEAR,0.9,0.6,2025-08-01T20:40:00+09:30,PT5M
8,83,0,0,0,0,962.7,144,3.1,124,CLEAR,0.9,0.6,2025-08-01T20:45:00+09:30,PT5M
8,84,0,0,0,0,962.7,144,3.1,126,CLEAR,0.9,0.6,2025-08-01T20:50:00+09:30,PT5M
8,84,0,0,0,0,962.7,144,3.1,127,CLEAR,0.9,0.6,2025-08-01T20:55:00+09:30,PT5M
8,85,0,0,0,0,962.7,144,3.1,128,CLEAR,0.9,0.6,2025-08-01T21:00:00+09:30,PT5M
8,85,0,0,0,0,962.7,143,3.1,129,CLEAR,0.9,0.6,2025-08-01T21:05:00+09:30,PT5M
8,85,0,0,0,0,962.7,143,3.1,130,CLEAR,1,0.6,2025-08-01T21:10:00+09:30,PT5M
8,86,0,0,0,0,962.7,143,3.1,131,CLEAR,1,0.6,2025-08-01T21:15:00+09:30,PT5M
7,86,0,0,0,0,962.8,143,3.1,132,CLEAR,1,0.6,2025-08-01T21:20:00+09:30,PT5M
7,87,0,0,0,0,962.8,143,3.1,134,CLEAR,1.1,0.6,2025-08-01T21:25:00+09:30,PT5M
7,87,0,0,0,0,962.8,143,3.1,135,CLEAR,1.1,0.6,2025-08-01T21:30:00+09:30,PT5M
7,88,0,0,0,0,962.8,143,3.1,136,CLEAR,1.1,0.7,2025-08-01T21:35:00+09:30,PT5M
7,88,0,0,0,0,962.8,142,3.1,137,CLEAR,1.2,0.7,2025-08-01T21:40:00+09:30,PT5M
7,89,0,0,0,0,962.8,142,3.1,138,CLEAR,1.2,0.7,2025-08-01T21:45:00+09:30,PT5M
7,89,0,0,0,0,962.7,142,3.1,139,CLEAR,1.2,0.7,2025-08-01T21:50:00+09:30,PT5M
7,90,0,0,0,0,962.7,142,3.1,140,CLEAR,1.2,0.7,2025-08-01T21:55:00+09:30,PT5M
7,90,8.2,0,0,0,962.7,142,3.1,142,MOSTLY CLEAR,1.3,0.7,2025-08-01T22:00:00+09:30,PT5M
7,91,8.2,0,0,0,962.7,141,3.1,143,MOSTLY CLEAR,1.3,0.7,2025-08-01T22:05:00+09:30,PT5M
7,91,8.2,0,0,0,962.7,141,3.1,144,MOSTLY CLEAR,1.4,0.7,2025-08-01T22:10:00+09:30,PT5M
6,92,0,0,0,0,962.7,141,3.1,145,CLEAR,1.4,0.7,2025-08-01T22:15:00+09:30,PT5M
6,92,0,0,0,0,962.7,141,3.1,146,CLEAR,1.5,0.8,2025-08-01T22:20:00+09:30,PT5M
6,93,0,0,0,0,962.7,141,3.1,147,CLEAR,1.5,0.8,2025-08-01T22:25:00+09:30,PT5M
6,93,8.2,0,0,0,962.7,140,3.1,148,MOSTLY CLEAR,1.6,0.8,2025-08-01T22:30:00+09:30,PT5M
6,94,0,0,0,0,962.7,140,3.1,150,CLEAR,1.6,0.8,2025-08-01T22:35:00+09:30,PT5M
6,95,0,0,0,0,962.6,140,3.1,151,CLEAR,1.7,0.8,2025-08-01T22:40:00+09:30,PT5M
6,95,0,0,0,0,962.6,139,3.1,152,CLEAR,1.7,0.8,2025-08-01T22:45:00+09:30,PT5M
6,96,8.2,0,0,0,962.6,139,3.1,153,MOSTLY CLEAR,1.8,0.9,2025-08-01T22:50:00+09:30,PT5M
6,97,8.2,0,0,0,962.6,139,3.1,154,MOSTLY CLEAR,1.8,0.9,2025-08-01T22:55:00+09:30,PT5M
5,98,8.2,0,0,0,962.5,138,3.1,155,MOSTLY CLEAR,1.9,0.9,2025-08-01T23:00:00+09:30,PT5M
5,99,0,0,0,0,962.5,138,3.1,156,CLEAR,1.9,0.9,2025-08-01T23:05:00+09:30,PT5M
5,99,0,0,0,0,962.5,138,3.1,158,CLEAR,2,0.9,2025-08-01T23:10:00+09:30,PT5M
5,100,0,0,0,0,962.5,137,3.1,159,CLEAR,2,1,2025-08-01T23:15:00+09:30,PT5M
5,102,0,0,0,0,962.4,137,3.1,160,CLEAR,2.1,1,2025-08-01T23:20:00+09:30,PT5M
5,103,0,0,0,0,962.4,137,3.1,161,CLEAR,2.1,1,2025-08-01T23:25:00+09:30,PT5M
5,104,8.2,0,0,0,962.4,136,3,162,MOSTLY CLEAR,2.2,1,2025-08-01T23:30:00+09:30,PT5M
5,105,8.2,0,0,0,962.4,136,3,163,MOSTLY CLEAR,2.2,1.1,2025-08-01T23:35:00+09:30,PT5M
5,107,8.2,0,0,0,962.4,136,3,164,MOSTLY CLEAR,2.3,1.1,2025-08-01T23:40:00+09:30,PT5M
5,109,8.2,0,0,0,962.4,135,3,165,MOSTLY CLEAR,2.3,1.1,2025-08-01T23:45:00+09:30,PT5M
5,111,8.2,0,0,0,962.5,134,3,166,MOSTLY CLEAR,2.4,1.1,2025-08-01T23:50:00+09:30,PT5M
4,113,0,0,0,0,962.5,134,3,167,CLEAR,2.4,1.2,2025-08-01T23:55:00+09:30,PT5M
4,116,0,0,0,0,962.5,133,3,169,CLEAR,2.5,1.2,2025-08-02T00:00:00+09:30,PT5M
4,119,0,0,0,0,962.5,133,3,170,CLEAR,2.6,1.2,2025-08-02T00:05:00+09:30,PT5M
4,123,8.2,0,0,0,962.6,132,3,171,MOSTLY CLEAR,2.7,1.2,2025-08-02T00:10:00+09:30,PT5M
4,128,8.2,0,0,0,962.6,132,3,171,MOSTLY CLEAR,2.8,1.3,2025-08-02T00:15:00+09:30,PT5M
4,134,8.2,0,0,0,962.6,131,3,172,MOSTLY CLEAR,2.9,1.3,2025-08-02T00:20:00+09:30,PT5M
4,141,8.2,0,0,0,962.6,130,3,173,MOSTLY CLEAR,3,1.4,2025-08-02T00:25:00+09:30,PT5M
4,149,8.2,0,0,0,962.7,130,3,174,MOSTLY CLEAR,3.1,1.4,2025-08-02T00:30:00+09:30,PT5M
4,160,0,0,0,0,962.7,129,3,174,CLEAR,3.2,1.4,2025-08-02T00:35:00+09:30,PT5M
4,171,0,0,0,0,962.6,129,3,175,CLEAR,3.3,1.5,2025-08-02T00:40:00+09:30,PT5M
4,-176,0,0,0,0,962.6,128,3,175,CLEAR,3.4,1.5,2025-08-02T00:45:00+09:30,PT5M
4,-164,8.2,0,0,0,962.5,128,3,174,MOSTLY CLEAR,3.5,1.5,2025-08-02T00:50:00+09:30,PT5M
4,-153,8.2,0,0,0,962.5,127,2.9,174,MOSTLY CLEAR,3.6,1.6,2025-08-02T00:55:00+09:30,PT5M
3,-144,8.2,0,0,0,962.4,127,2.9,173,MOSTLY CLEAR,3.7,1.6,2025-08-02T01:00:00+09:30,PT5M
3,-136,8.2,0,0,0,962.4,126,2.9,173,MOSTLY CLEAR,3.9,1.6,2025-08-02T01:05:00+09:30,PT5M
3,-130,8.2,0,0,0,962.4,126,2.9,172,MOSTLY CLEAR,4,1.7,2025-08-02T01:10:00+09:30,PT5M
3,-125,0,0,0,0,962.3,125,2.9,171,CLEAR,4.2,1.7,2025-08-02T01:15:00+09:30,PT5M
3,-121,0,0,0,0,962.3,125,2.9,170,CLEAR,4.3,1.8,2025-08-02T01:20:00+09:30,PT5M
3,-117,0,0,0,0,962.2,124,2.9,169,CLEAR,4.5,1.8,2025-08-02T01:25:00+09:30,PT5M
3,-114,0,0,0,0,962.2,124,2.9,168,CLEAR,4.6,1.9,2025-08-02T01:30:00+09:30,PT5M
3,-112,0,0,0,0,962.1,123,2.9,167,CLEAR,4.8,1.9,2025-08-02T01:35:00+09:30,PT5M
3,-110,8.2,0,0,0,962.1,123,2.9,166,MOSTLY CLEAR,4.9,2,2025-08-02T01:40:00+09:30,PT5M
3,-108,10.1,0,0,0,962.1,122,2.9,165,PARTLY CLOUDY,5.1,2,2025-08-02T01:45:00+09:30,PT5M
3,-106,10.1,0,0,0,962,122,2.9,164,PARTLY CLOUDY,5.2,2.1,2025-08-02T01:50:00+09:30,PT5M
3,-105,8.2,0,0,0,962,121,2.9,162,MOSTLY CLEAR,5.4,2.1,2025-08-02T01:55:00+09:30,PT5M
3,-103,8.2,0,0,0,961.9,120,2.9,161,MOSTLY CLEAR,5.5,2.2,2025-08-02T02:00:00+09:30,PT5M
3,-102,8.2,0,0,0,961.9,120,2.9,160,MOSTLY CLEAR,5.7,2.2,2025-08-02T02:05:00+09:30,PT5M
2,-101,8.2,0,0,0,961.9,119,2.9,159,MOSTLY CLEAR,5.8,2.3,2025-08-02T02:10:00+09:30,PT5M
2,-100,0,0,0,0,961.8,119,2.9,158,CLEAR,6,2.3,2025-08-02T02:15:00+09:30,PT5M
2,-99,0,0,0,0,961.8,118,2.9,157,CLEAR,6.1,2.4,2025-08-02T02:20:00+09:30,PT5M
2,-98,0,0,0,0,961.7,117,2.9,156,CLEAR,6.3,2.5,2025-08-02T02:25:00+09:30,PT5M
2,-97,0,0,0,0,961.7,117,2.9,155,CLEAR,6.4,2.5,2025-08-02T02:30:00+09:30,PT5M
2,-96,0,0,0,0,961.7,116,2.9,153,CLEAR,6.6,2.6,2025-08-02T02:35:00+09:30,PT5M
2,-96,0,0,0,0,961.7,116,2.9,152,CLEAR,6.7,2.6,2025-08-02T02:40:00+09:30,PT5M
2,-95,0,0,0,0,961.7,115,2.9,151,CLEAR,6.9,2.7,2025-08-02T02:45:00+09:30,PT5M
2,-94,0,0,0,0,961.7,115,2.9,150,CLEAR,7,2.8,2025-08-02T02:50:00+09:30,PT5M
2,-94,0,0,0,0,961.7,114,2.9,149,CLEAR,7.2,2.8,2025-08-02T02:55:00+09:30,PT5M
2,-93,8.2,0,0,0,961.7,114,2.9,148,MOSTLY CLEAR,7.3,2.9,2025-08-02T03:00:00+09:30,PT5M
2,-92,0,0,0,0,961.7,113,2.9,147,CLEAR,7.5,2.9,2025-08-02T03:05:00+09:30,PT5M
2,-92,0,0,0,0,961.7,113,2.9,145,CLEAR,7.7,3,2025-08-02T03:10:00+09:30,PT5M
2,-91,0,0,0,0,961.7,112,2.9,144,CLEAR,7.8,3.1,2025-08-02T03:15:00+09:30,PT5M
2,-91,0,0,0,0,961.7,112,2.9,143,CLEAR,8,3.1,2025-08-02T03:20:00+09:30,PT5M
2,-90,0,0,0,0,961.7,111,2.9,142,CLEAR,8.2,3.2,2025-08-02T03:25:00+09:30,PT5M
2,-90,0,0,0,0,961.7,111,2.9,141,CLEAR,8.4,3.3,2025-08-02T03:30:00+09:30,PT5M
2,-89,0,0,0,0,961.6,110,2.9,140,CLEAR,8.5,3.3,2025-08-02T03:35:00+09:30,PT5M
2,-89,8.2,0,0,0,961.6,110,2.9,139,MOSTLY CLEAR,8.7,3.4,2025-08-02T03:40:00+09:30,PT5M
2,-88,8.2,0,0,0,961.6,109,2.9,137,MOSTLY CLEAR,8.9,3.5,2025-08-02T03:45:00+09:30,PT5M
1,-88,8.2,0,0,0,961.5,108,2.9,136,MOSTLY CLEAR,9.1,3.5,2025-08-02T03:50:00+09:30,PT5M
1,-87,8.2,0,0,0,961.5,108,2.9,135,MOSTLY CLEAR,9.2,3.6,2025-08-02T03:55:00+09:30,PT5M
1,-87,8.2,0,0,0,961.5,107,2.9,134,MOSTLY CLEAR,9.4,3.7,2025-08-02T04:00:00+09:30,PT5M
1,-87,8.2,0,0,0,961.4,107,2.9,133,MOSTLY CLEAR,9.6,3.7,2025-08-02T04:05:00+09:30,PT5M
1,-86,0,0,0,0,961.4,106,2.9,132,CLEAR,9.8,3.8,2025-08-02T04:10:00+09:30,PT5M
1,-86,8.2,0,0,0,961.4,106,2.9,131,MOSTLY CLEAR,10,3.9,2025-08-02T04:15:00+09:30,PT5M
1,-85,8.2,0,0,0,961.3,105,2.9,129,MOSTLY CLEAR,10.3,3.9,2025-08-02T04:20:00+09:30,PT5M
1,-85,0,0,0,0,961.3,105,2.9,128,CLEAR,10.5,4,2025-08-02T04:25:00+09:30,PT5M
1,-84,0,0,0,0,961.3,104,2.9,127,CLEAR,10.7,4.1,2025-08-02T04:30:00+09:30,PT5M
1,-84,0,0,0,0,961.3,104,2.9,126,CLEAR,10.9,4.1,2025-08-02T04:35:00+09:30,PT5M
1,-84,10.1,0,0,0,961.3,103,2.9,125,PARTLY CLOUDY,11.1,4.2,2025-08-02T04:40:00+09:30,PT5M
1,-83,8.2,0,0,0,961.3,102,2.9,124,MOSTLY CLEAR,11.3,4.3,2025-08-02T04:45:00+09:30,PT5M
1,-83,8.2,0,0,0,961.3,101,2.9,123,MOSTLY CLEAR,11.6,4.3,2025-08-02T04:50:00+09:30,PT5M
1,-82,8.2,0,0,0,961.4,100,2.9,121,MOSTLY CLEAR,11.8,4.4,2025-08-02T04:55:00+09:30,PT5M
1,-82,8.2,0,0,0,961.4,99,2.9,120,MOSTLY CLEAR,12,4.5,2025-08-02T05:00:00+09:30,PT5M
1,-82,8.2,0,0,0,961.4,99,2.9,119,MOSTLY CLEAR,12.2,4.5,2025-08-02T05:05:00+09:30,PT5M
1,-81,8.2,0,0,0,961.4,98,2.9,118,MOSTLY CLEAR,12.4,4.6,2025-08-02T05:10:00+09:30,PT5M
1,-81,8.2,0,0,0,961.5,97,2.9,117,MOSTLY CLEAR,12.6,4.7,2025-08-02T05:15:00+09:30,PT5M
1,-80,8.2,0,0,0,961.5,96,2.9,116,MOSTLY CLEAR,12.8,4.8,2025-08-02T05:20:00+09:30,PT5M
1,-80,8.2,0,0,0,961.5,95,2.9,115,MOSTLY CLEAR,13,4.8,2025-08-02T05:25:00+09:30,PT5M
1,-80,0,0,0,0,961.6,94,2.9,114,CLEAR,13.2,4.9,2025-08-02T05:30:00+09:30,PT5M
1,-79,0,0,0,0,961.6,94,2.9,112,CLEAR,13.4,5,2025-08-02T05:35:00+09:30,PT5M
1,-79,0,0,0,0,961.6,93,2.9,111,CLEAR,13.6,5.1,2025-08-02T05:40:00+09:30,PT5M
1,-78,0,0,0,0,961.6,93,2.9,110,CLEAR,13.8,5.1,2025-08-02T05:45:00+09:30,PT5M
1,-78,0,0,0,0,961.6,93,2.9,109,CLEAR,14,5.2,2025-08-02T05:50:00+09:30,PT5M
1,-77,8.2,0,0,0,961.6,92,2.9,108,MOSTLY CLEAR,14.2,5.3,2025-08-02T05:55:00+09:30,PT5M
1,-77,8.2,0,0,0,961.6,92,2.9,107,MOSTLY CLEAR,14.4,5.4,2025-08-02T06:00:00+09:30,PT5M
1,-77,8.2,0,0,0,961.6,92,2.9,106,MOSTLY CLEAR,14.5,5.4,2025-08-02T06:05:00+09:30,PT5M
1,-76,10.1,0,0,0,961.6,91,2.9,105,PARTLY CLOUDY,14.4,5.5,2025-08-02T06:10:00+09:30,PT5M
1,-76,10.1,0,0,0,961.6,91,2.9,104,PARTLY CLOUDY,14.3,5.6,2025-08-02T06:15:00+09:30,PT5M
1,-75,10.1,0,0,0,961.6,91,2.9,102,PARTLY CLOUDY,14.2,5.7,2025-08-02T06:20:00+09:30,PT5M
1,-75,8.2,0,0,0,961.7,90,2.9,101,MOSTLY CLEAR,14.1,5.7,2025-08-02T06:25:00+09:30,PT5M
1,-74,0,0,0,0,961.7,90,2.9,100,CLEAR,14,5.8,2025-08-02T06:30:00+09:30,PT5M
1,-74,8.2,0,0,0,961.7,90,2.9,99,MOSTLY CLEAR,13.9,5.9,2025-08-02T06:35:00+09:30,PT5M
1,-74,10.1,0,0,0,961.8,89,2.9,98,PARTLY CLOUDY,13.8,6,2025-08-02T06:40:00+09:30,PT5M
1,-73,12.1,0,0,0,961.8,89,2.9,97,PARTLY CLOUDY,13.7,6,2025-08-02T06:45:00+09:30,PT5M
1,-73,14,0,0,0,961.9,88,2.9,96,PARTLY CLOUDY,13.6,6.1,2025-08-02T06:50:00+09:30,PT5M
1,-72,0,0,0,0,962,88,2.9,95,CLEAR,13.5,6.2,2025-08-02T06:55:00+09:30,PT5M
1,-72,0,0,0,0,962,87,2.9,94,CLEAR,13.4,6.3,2025-08-02T07:00:00+09:30,PT5M
1,-71,0,0,0,0,962.1,87,2.9,93,CLEAR,13.2,6.3,2025-08-02T07:05:00+09:30,PT5M
1,-71,0,0,0,0,962.2,86,2.8,91,CLEAR,12.8,6.4,2025-08-02T07:10:00+09:30,PT5M
1,-70,0,0,0,0,962.2,86,2.8,90,CLEAR,12.4,6.5,2025-08-02T07:15:00+09:30,PT5M
1,-70,0,6,9,0,962.3,85,2.8,89,SUNNY,12,6.6,2025-08-02T07:20:00+09:30,PT5M
1,-69,0,18,31,0,962.4,85,2.8,88,SUNNY,11.6,6.7,2025-08-02T07:25:00+09:30,PT5M
1,-69,0,32,61,0,962.4,84,2.8,87,SUNNY,11.2,6.8,2025-08-02T07:30:00+09:30,PT5M
1,-68,0,47,97,0,962.5,84,2.8,86,SUNNY,10.8,6.8,2025-08-02T07:35:00+09:30,PT5M
1,-68,0,63,140,0,962.5,85,2.8,85,SUNNY,10.4,6.9,2025-08-02T07:40:00+09:30,PT5M
2,-67,0,79,165,0,962.6,85,2.8,84,SUNNY,10,7,2025-08-02T07:45:00+09:30,PT5M
2,-66,0,97,189,0,962.6,86,2.8,83,SUNNY,9.6,7.1,2025-08-02T07:50:00+09:30,PT5M
3,-66,0,114,213,0,962.7,86,2.8,82,SUNNY,9.2,7.2,2025-08-02T07:55:00+09:30,PT5M
3,-65,0,132,237,0,962.7,87,2.8,81,SUNNY,8.8,7.3,2025-08-02T08:00:00+09:30,PT5M
4,-65,0,151,260,0,962.8,87,2.7,80,SUNNY,8.4,7.3,2025-08-02T08:05:00+09:30,PT5M
4,-64,0,169,283,0,962.9,88,2.7,79,SUNNY,8,7.4,2025-08-02T08:10:00+09:30,PT5M
5,-64,0,188,306,0,962.9,88,2.7,78,SUNNY,7.6,7.4,2025-08-02T08:15:00+09:30,PT5M
5,-63,0,206,329,0,963,89,2.7,77,SUNNY,7.4,7.4,2025-08-02T08:20:00+09:30,PT5M
5,-62,0,225,352,0,963,89,2.7,76,SUNNY,7.5,7.5,2025-08-02T08:25:00+09:30,PT5M
6,-62,0,243,374,0,963.1,90,2.7,75,SUNNY,7.5,7.5,2025-08-02T08:30:00+09:30,PT5M
6,-61,0,262,396,0,963.1,90,2.7,74,SUNNY,7.6,7.6,2025-08-02T08:35:00+09:30,PT5M
7,-60,0,280,418,0,963.1,91,2.8,73,SUNNY,7.6,7.6,2025-08-02T08:40:00+09:30,PT5M
7,-60,0,299,440,0,963.1,91,2.9,72,SUNNY,7.7,7.7,2025-08-02T08:45:00+09:30,PT5M
7,-59,0,317,461,0,963.1,92,3,71,SUNNY,7.7,7.7,2025-08-02T08:50:00+09:30,PT5M
7,-58,0,335,483,0,963.2,92,3.1,70,SUNNY,7.7,7.7,2025-08-02T08:55:00+09:30,PT5M
8,-58,0,353,504,0,963.2,92,3.2,69,SUNNY,7.8,7.8,2025-08-02T09:00:00+09:30,PT5M
8,-57,0,371,525,0,963.2,93,3.3,68,SUNNY,7.5,7.5,2025-08-02T09:05:00+09:30,PT5M
8,-56,0,389,546,0,963.2,93,3.4,67,SUNNY,6.9,6.9,2025-08-02T09:10:00+09:30,PT5M
8,-55,0,407,566,0,963.2,93,3.5,66,SUNNY,6.3,6.3,2025-08-02T09:15:00+09:30,PT5M
9,-54,0,424,587,0,963.2,94,3.6,65,SUNNY,5.8,5.8,2025-08-02T09:20:00+09:30,PT5M
9,-54,0,442,607,0,963.3,94,3.7,64,SUNNY,5.2,5.2,2025-08-02T09:25:00+09:30,PT5M
9,-53,0,459,626,0,963.3,94,3.8,63,SUNNY,4.6,4.6,2025-08-02T09:30:00+09:30,PT5M
9,-52,0,476,646,0,963.3,95,3.9,62,SUNNY,4,4,2025-08-02T09:35:00+09:30,PT5M
9,-51,0,492,665,0,963.3,96,4,61,SUNNY,3.4,3.4,2025-08-02T09:40:00+09:30,PT5M
9,-50,0,508,683,0,963.4,97,4.1,60,SUNNY,2.8,2.8,2025-08-02T09:45:00+09:30,PT5M
10,-49,0,524,701,0,963.4,97,4.2,60,SUNNY,2.3,2.3,2025-08-02T09:50:00+09:30,PT5M
10,-48,0,539,719,0,963.4,98,4.3,59,SUNNY,1.7,1.7,2025-08-02T09:55:00+09:30,PT5M
10,-47,0,554,736,0,963.5,99,4.4,58,SUNNY,1.5,1.1,2025-08-02T10:00:00+09:30,PT5M
10,-46,0,569,753,0,963.5,99,4.5,57,SUNNY,1.4,0.8,2025-08-02T10:05:00+09:30,PT5M
10,-45,0,583,769,0,963.5,100,4.6,56,SUNNY,1.4,0.8,2025-08-02T10:10:00+09:30,PT5M
10,-44,0,597,784,0,963.6,101,4.7,55,SUNNY,1.4,0.8,2025-08-02T10:15:00+09:30,PT5M
10,-43,0,610,799,0,963.6,101,4.8,55,SUNNY,1.4,0.7,2025-08-02T10:20:00+09:30,PT5M
10,-42,0,623,814,0,963.6,102,4.9,54,SUNNY,1.4,0.7,2025-08-02T10:25:00+09:30,PT5M
11,-41,0,636,828,0,963.7,102,5,53,SUNNY,1.4,0.7,2025-08-02T10:30:00+09:30,PT5M
11,-40,0,649,842,0,963.6,103,5,52,SUNNY,1.3,0.7,2025-08-02T10:35:00+09:30,PT5M
11,-38,0,660,856,0,963.6,102,5,52,SUNNY,1.3,0.7,2025-08-02T10:40:00+09:30,PT5M
11,-37,0,672,869,0,963.5,102,5.1,51,SUNNY,1.3,0.7,2025-08-02T10:45:00+09:30,PT5M
11,-36,0,683,881,0,963.4,102,5.1,50,SUNNY,1.3,0.6,2025-08-02T10:50:00+09:30,PT5M
11,-35,0,694,893,0,963.3,102,5.1,50,SUNNY,1.3,0.6,2025-08-02T10:55:00+09:30,PT5M
11,-33,0,704,905,0,963.3,102,5.1,49,SUNNY,1.3,0.6,2025-08-02T11:00:00+09:30,PT5M
11,-32,0,714,916,0,963.2,102,5.1,48,SUNNY,1.3,0.6,2025-08-02T11:05:00+09:30,PT5M
12,-31,0,723,926,0,963.1,102,5.1,48,SUNNY,1.3,0.6,2025-08-02T11:10:00+09:30,PT5M
12,-29,0,732,937,0,963,102,5.1,47,SUNNY,1.3,0.6,2025-08-02T11:15:00+09:30,PT5M
12,-28,0,741,946,0,963,101,5.2,47,SUNNY,1.2,0.6,2025-08-02T11:20:00+09:30,PT5M
12,-26,0,749,955,0,962.9,101,5.2,46,SUNNY,1.2,0.6,2025-08-02T11:25:00+09:30,PT5M
12,-25,0,756,963,0,962.8,101,5.2,46,SUNNY,1.2,0.6,2025-08-02T11:30:00+09:30,PT5M
12,-23,0,763,971,0,962.7,101,5.2,45,SUNNY,1.2,0.6,2025-08-02T11:35:00+09:30,PT5M
12,-22,0,770,979,0,962.6,101,5.2,45,SUNNY,1.2,0.6,2025-08-02T11:40:00+09:30,PT5M
13,-20,0,776,985,0,962.6,101,5.2,44,SUNNY,1.2,0.6,2025-08-02T11:45:00+09:30,PT5M
13,-18,0,781,992,0,962.5,101,5.2,44,SUNNY,1.1,0.6,2025-08-02T11:50:00+09:30,PT5M
13,-17,0,786,997,0,962.4,100,5.1,44,SUNNY,1.1,0.6,2025-08-02T11:55:00+09:30,PT5M
13,-15,0,791,1003,0,962.3,100,5.1,43,SUNNY,1.1,0.6,2025-08-02T12:00:00+09:30,PT5M
13,-13,0,795,1007,0,962.2,100,5.1,43,SUNNY,1.2,0.6,2025-08-02T12:05:00+09:30,PT5M
13,-12,0,799,1011,0,962.1,100,5.1,43,SUNNY,1.4,0.6,2025-08-02T12:10:00+09:30,PT5M
14,-10,0,802,1015,0,962.1,100,5.1,42,SUNNY,1.6,0.6,2025-08-02T12:15:00+09:30,PT5M
14,-8,0,805,1018,0,962,100,5.1,42,SUNNY,1.9,0.6,2025-08-02T12:20:00+09:30,PT5M
14,-7,0,807,1020,0,961.9,99,5.1,42,SUNNY,2.1,0.6,2025-08-02T12:25:00+09:30,PT5M
14,-5,0,808,1022,0,961.8,99,5.1,42,SUNNY,2.3,0.6,2025-08-02T12:30:00+09:30,PT5M
14,-3,0,809,1023,0,961.7,99,5.1,42,SUNNY,2.5,0.7,2025-08-02T12:35:00+09:30,PT5M
14,-1,0,810,1024,0,961.6,99,5,42,SUNNY,2.7,0.7,2025-08-02T12:40:00+09:30,PT5M
15,1,0,810,1024,0,961.5,99,5,42,SUNNY,2.9,0.7,2025-08-02T12:45:00+09:30,PT5M
15,2,0,810,1023,0,961.4,99,5,42,SUNNY,3.2,0.7,2025-08-02T12:50:00+09:30,PT5M
15,4,0,809,1022,0,961.3,99,5,42,SUNNY,3.4,0.7,2025-08-02T12:55:00+09:30,PT5M
15,6,0,807,1021,0,961.3,99,5,42,SUNNY,3.6,0.7,2025-08-02T13:00:00+09:30,PT5M
15,8,0,805,1019,0,961.2,99,4.9,42,SUNNY,3.9,0.7,2025-08-02T13:05:00+09:30,PT5M
15,9,0,803,1016,0,961.1,99,4.9,42,SUNNY,4.3,0.7,2025-08-02T13:10:00+09:30,PT5M
15,11,0,800,1013,0,961,99,4.9,43,SUNNY,4.8,0.7,2025-08-02T13:15:00+09:30,PT5M
15,13,0,797,1009,0,960.9,98,4.9,43,SUNNY,5.2,0.7,2025-08-02T13:20:00+09:30,PT5M
16,15,0,793,1004,0,960.8,98,4.9,43,SUNNY,5.6,0.7,2025-08-02T13:25:00+09:30,PT5M
16,16,0,788,1000,0,960.7,98,4.9,43,SUNNY,6,0.7,2025-08-02T13:30:00+09:30,PT5M
16,18,0,784,994,0,960.6,98,4.8,44,SUNNY,6.5,0.8,2025-08-02T13:35:00+09:30,PT5M
16,19,0,778,988,0,960.5,98,4.8,44,SUNNY,6.9,0.8,2025-08-02T13:40:00+09:30,PT5M
16,21,0,772,981,0,960.4,98,4.8,45,SUNNY,7.3,0.8,2025-08-02T13:45:00+09:30,PT5M
16,23,0,766,974,0,960.4,98,4.8,45,SUNNY,7.7,0.8,2025-08-02T13:50:00+09:30,PT5M
16,24,0,759,967,0,960.3,98,4.8,45,SUNNY,8.2,0.8,2025-08-02T13:55:00+09:30,PT5M
16,26,0,752,959,0,960.2,98,4.8,46,SUNNY,8.6,0.8,2025-08-02T14:00:00+09:30,PT5M
16,27,0,744,950,0,960.1,98,4.7,46,SUNNY,9,0.8,2025-08-02T14:05:00+09:30,PT5M
16,29,0,736,941,0,960,98,4.7,47,SUNNY,9.5,0.8,2025-08-02T14:10:00+09:30,PT5M
16,30,0,727,931,0,959.9,98,4.7,47,SUNNY,9.9,0.8,2025-08-02T14:15:00+09:30,PT5M
16,32,0,718,921,0,959.9,98,4.7,48,SUNNY,10.3,0.8,2025-08-02T14:20:00+09:30,PT5M
16,33,0,709,910,0,959.8,98,4.7,49,SUNNY,10.8,0.8,2025-08-02T14:25:00+09:30,PT5M
16,34,0,699,899,0,959.7,97,4.6,49,SUNNY,11.2,0.8,2025-08-02T14:30:00+09:30,PT5M
16,36,0,688,887,0,959.6,97,4.6,50,SUNNY,11.6,0.8,2025-08-02T14:35:00+09:30,PT5M
17,37,0,677,875,0,959.6,97,4.6,51,SUNNY,12.1,0.8,2025-08-02T14:40:00+09:30,PT5M
17,38,0,666,862,0,959.6,97,4.6,51,SUNNY,12.5,0.8,2025-08-02T14:45:00+09:30,PT5M
17,39,0,654,849,0,959.6,97,4.6,52,SUNNY,12.9,0.8,2025-08-02T14:50:00+09:30,PT5M
17,40,0,642,835,0,959.6,97,4.6,53,SUNNY,13.4,0.8,2025-08-02T14:55:00+09:30,PT5M
17,42,0,630,821,0,959.6,97,4.6,54,SUNNY,13.8,0.8,2025-08-02T15:00:00+09:30,PT5M
17,43,0,616,806,0,959.6,97,4.6,54,SUNNY,14.1,1,2025-08-02T15:05:00+09:30,PT5M
17,44,0,603,791,0,959.6,97,4.6,55,SUNNY,14.3,1.5,2025-08-02T15:10:00+09:30,PT5M
17,45,0,589,775,0,959.6,97,4.6,56,SUNNY,14.5,2,2025-08-02T15:15:00+09:30,PT5M
17,46,0,575,758,0,959.6,97,4.6,57,SUNNY,14.7,2.4,2025-08-02T15:20:00+09:30,PT5M
17,47,0,560,741,0,959.6,96,4.5,58,SUNNY,14.9,2.9,2025-08-02T15:25:00+09:30,PT5M
17,48,0,545,724,0,959.5,96,4.5,58,SUNNY,15.1,3.4,2025-08-02T15:30:00+09:30,PT5M
17,49,0,529,706,0,959.5,96,4.5,59,SUNNY,15.2,3.8,2025-08-02T15:35:00+09:30,PT5M
17,50,0,514,688,0,959.5,96,4.5,60,SUNNY,15.4,4.3,2025-08-02T15:40:00+09:30,PT5M
17,51,0,498,670,0,959.5,96,4.5,61,SUNNY,15.6,4.8,2025-08-02T15:45:00+09:30,PT5M
17,52,0,481,651,0,959.5,96,4.5,62,SUNNY,15.8,5.2,2025-08-02T15:50:00+09:30,PT5M
17,52,0,465,632,0,959.4,96,4.5,63,SUNNY,16,5.7,2025-08-02T15:55:00+09:30,PT5M
17,53,0,448,612,0,959.4,96,4.4,64,SUNNY,16.2,6.2,2025-08-02T16:00:00+09:30,PT5M
17,54,0,431,592,0,959.4,96,4.4,65,SUNNY,16.3,6.4,2025-08-02T16:05:00+09:30,PT5M
17,55,0,414,572,0,959.4,97,4.4,66,SUNNY,16.2,6.4,2025-08-02T16:10:00+09:30,PT5M
17,56,0,396,552,0,959.3,97,4.4,66,SUNNY,16.1,6.4,2025-08-02T16:15:00+09:30,PT5M
17,57,0,379,532,0,959.3,97,4.4,67,SUNNY,16.1,6.5,2025-08-02T16:20:00+09:30,PT5M
17,57,0,361,511,0,959.3,97,4.4,68,SUNNY,16,6.5,2025-08-02T16:25:00+09:30,PT5M
17,58,0,343,490,0,959.3,97,4.3,69,SUNNY,15.9,6.5,2025-08-02T16:30:00+09:30,PT5M
17,59,0,324,469,0,959.3,97,4.3,70,SUNNY,15.9,6.5,2025-08-02T16:35:00+09:30,PT5M
16,59,0,306,447,0,959.3,97,4.3,71,SUNNY,15.8,6.5,2025-08-02T16:40:00+09:30,PT5M
16,60,0,288,425,0,959.3,97,4.3,72,SUNNY,15.7,6.5,2025-08-02T16:45:00+09:30,PT5M
16,61,0,269,403,0,959.4,98,4.2,73,SUNNY,15.7,6.6,2025-08-02T16:50:00+09:30,PT5M
16,62,0,250,380,0,959.4,98,4.2,74,SUNNY,15.6,6.6,2025-08-02T16:55:00+09:30,PT5M
16,62,0,232,358,0,959.5,98,4.2,75,SUNNY,15.5,6.6,2025-08-02T17:00:00+09:30,PT5M
16,63,0,213,335,0,959.5,98,4.1,76,SUNNY,15.5,6.6,2025-08-02T17:05:00+09:30,PT5M
15,63,0,194,312,0,959.6,99,4.1,77,SUNNY,15.4,6.6,2025-08-02T17:10:00+09:30,PT5M
15,64,0,176,289,0,959.6,99,4.1,78,SUNNY,15.4,6.6,2025-08-02T17:15:00+09:30,PT5M
15,65,0,157,265,0,959.6,99,4,79,SUNNY,15.3,6.7,2025-08-02T17:20:00+09:30,PT5M
15,65,0,139,241,0,959.7,100,4,80,SUNNY,15.2,6.7,2025-08-02T17:25:00+09:30,PT5M
15,66,0,121,217,0,959.7,100,4,81,SUNNY,15.2,6.7,2025-08-02T17:30:00+09:30,PT5M
15,66,0,103,193,0,959.8,100,3.9,82,SUNNY,15.1,6.7,2025-08-02T17:35:00+09:30,PT5M
14,67,0,85,169,0,959.8,101,3.8,84,SUNNY,15.1,6.7,2025-08-02T17:40:00+09:30,PT5M
14,67,0,69,145,0,959.8,101,3.8,85,SUNNY,15,6.7,2025-08-02T17:45:00+09:30,PT5M
14,68,0,53,109,0,959.8,101,3.7,86,SUNNY,14.9,6.8,2025-08-02T17:50:00+09:30,PT5M
14,69,8.2,34,58,0,959.8,102,3.6,87,MOSTLY SUNNY,14.9,6.8,2025-08-02T17:55:00+09:30,PT5M
14,69,8.2,21,32,0,959.8,102,3.5,88,MOSTLY SUNNY,14.8,6.8,2025-08-02T18:00:00+09:30,PT5M
14,70,8.2,10,13,0,959.9,103,3.4,89,MOSTLY SUNNY,14.8,6.8,2025-08-02T18:05:00+09:30,PT5M
13,70,8.2,0,0,0,959.9,103,3.4,90,MOSTLY CLEAR,14.8,6.8,2025-08-02T18:10:00+09:30,PT5M
13,71,8.2,0,0,0,959.9,104,3.3,91,MOSTLY CLEAR,14.8,6.9,2025-08-02T18:15:00+09:30,PT5M
13,71,8.2,0,0,0,959.9,104,3.2,92,MOSTLY CLEAR,14.8,6.9,2025-08-02T18:20:00+09:30,PT5M
13,72,0,0,0,0,959.9,105,3.1,93,CLEAR,14.8,6.9,2025-08-02T18:25:00+09:30,PT5M
13,72,0,0,0,0,959.9,105,3,94,CLEAR,14.8,6.9,2025-08-02T18:30:00+09:30,PT5M
12,73,0,0,0,0,960,105,3,95,CLEAR,14.9,7,2025-08-02T18:35:00+09:30,PT5M
12,73,0,0,0,0,960,105,3,96,CLEAR,14.9,7,2025-08-02T18:40:00+09:30,PT5M
12,73,0,0,0,0,960,105,3,98,CLEAR,14.9,7,2025-08-02T18:45:00+09:30,PT5M
12,74,8.2,0,0,0,960.1,105,3,99,MOSTLY CLEAR,14.9,7,2025-08-02T18:50:00+09:30,PT5M
12,74,0,0,0,0,960.1,105,3,100,CLEAR,14.9,7.1,2025-08-02T18:55:00+09:30,PT5M
12,75,0,0,0,0,960.1,105,3,101,CLEAR,14.9,7.1,2025-08-02T19:00:00+09:30,PT5M
11,75,0,0,0,0,960.2,105,2.9,102,CLEAR,14.9,7.1,2025-08-02T19:05:00+09:30,PT5M
11,76,8.2,0,0,0,960.2,105,2.9,103,MOSTLY CLEAR,15,7.1,2025-08-02T19:10:00+09:30,PT5M
11,76,0,0,0,0,960.2,104,2.9,104,CLEAR,15.1,7.2,2025-08-02T19:15:00+09:30,PT5M
11,77,0,0,0,0,960.3,104,2.9,105,CLEAR,15.2,7.2,2025-08-02T19:20:00+09:30,PT5M
11,77,8.2,0,0,0,960.3,104,2.9,106,MOSTLY CLEAR,15.2,7.2,2025-08-02T19:25:00+09:30,PT5M
11,77,8.2,0,0,0,960.3,104,2.9,108,MOSTLY CLEAR,15.3,7.2,2025-08-02T19:30:00+09:30,PT5M
10,78,0,0,0,0,960.4,104,2.9,109,CLEAR,15.4,7.3,2025-08-02T19:35:00+09:30,PT5M
10,78,0,0,0,0,960.4,103,2.9,110,CLEAR,15.5,7.3,2025-08-02T19:40:00+09:30,PT5M
10,79,0,0,0,0,960.4,102,2.9,111,CLEAR,15.5,7.3,2025-08-02T19:45:00+09:30,PT5M
10,79,8.2,0,0,0,960.4,102,2.9,112,MOSTLY CLEAR,15.6,7.3,2025-08-02T19:50:00+09:30,PT5M
10,80,8.2,0,0,0,960.5,101,2.9,113,MOSTLY CLEAR,15.7,7.4,2025-08-02T19:55:00+09:30,PT5M
10,80,0,0,0,0,960.5,100,2.9,114,CLEAR,15.8,7.4,2025-08-02T20:00:00+09:30,PT5M
9,80,0,0,0,0,960.5,99,2.9,115,CLEAR,15.8,7.4,2025-08-02T20:05:00+09:30,PT5M
9,81,8.2,0,0,0,960.5,99,3,116,MOSTLY CLEAR,15.9,7.4,2025-08-02T20:10:00+09:30,PT5M
9,81,8.2,0,0,0,960.6,98,3,118,MOSTLY CLEAR,16,7.5,2025-08-02T20:15:00+09:30,PT5M
9,82,8.2,0,0,0,960.6,97,3,119,MOSTLY CLEAR,16.1,7.5,2025-08-02T20:20:00+09:30,PT5M
9,82,8.2,0,0,0,960.6,97,3,120,MOSTLY CLEAR,16.1,7.5,2025-08-02T20:25:00+09:30,PT5M
9,82,0,0,0,0,960.6,96,3,121,CLEAR,16.2,7.5,2025-08-02T20:30:00+09:30,PT5M
8,83,8.2,0,0,0,960.7,95,3,122,MOSTLY CLEAR,16.3,7.6,2025-08-02T20:35:00+09:30,PT5M
8,83,8.2,0,0,0,960.7,95,3,123,MOSTLY CLEAR,16.4,7.6,2025-08-02T20:40:00+09:30,PT5M
8,84,8.2,0,0,0,960.7,94,3,124,MOSTLY CLEAR,16.4,7.6,2025-08-02T20:45:00+09:30,PT5M
8,84,8.2,0,0,0,960.7,93,3,126,MOSTLY CLEAR,16.5,7.6,2025-08-02T20:50:00+09:30,PT5M
8,84,0,0,0,0,960.7,93,3,127,CLEAR,16.6,7.7,2025-08-02T20:55:00+09:30,PT5M
8,85,0,0,0,0,960.7,92,3,128,CLEAR,16.7,7.7,2025-08-02T21:00:00+09:30,PT5M
8,85,8.2,0,0,0,960.8,92,3,129,MOSTLY CLEAR,16.8,7.7,2025-08-02T21:05:00+09:30,PT5M
8,86,10.1,0,0,0,960.8,91,3,130,PARTLY CLOUDY,16.9,7.7,2025-08-02T21:10:00+09:30,PT5M
8,86,10.1,0,0,0,960.8,90,3,131,PARTLY CLOUDY,17,7.8,2025-08-02T21:15:00+09:30,PT5M
7,87,10.1,0,0,0,960.8,90,3,132,PARTLY CLOUDY,17,7.8,2025-08-02T21:20:00+09:30,PT5M
7,87,8.2,0,0,0,960.8,89,3,134,MOSTLY CLEAR,17.2,7.8,2025-08-02T21:25:00+09:30,PT5M
7,88,0,0,0,0,960.8,88,3,135,CLEAR,17.3,7.8,2025-08-02T21:30:00+09:30,PT5M
7,88,0,0,0,0,960.9,88,3,136,CLEAR,17.4,7.9,2025-08-02T21:35:00+09:30,PT5M
7,88,0,0,0,0,960.9,87,3,137,CLEAR,17.4,7.9,2025-08-02T21:40:00+09:30,PT5M
7,89,8.2,0,0,0,960.9,86,3,138,MOSTLY CLEAR,17.6,7.9,2025-08-02T21:45:00+09:30,PT5M
7,89,10.1,0,0,0,960.9,85,3,139,PARTLY CLOUDY,17.7,7.9,2025-08-02T21:50:00+09:30,PT5M
7,90,10.1,0,0,0,960.9,85,3,140,PARTLY CLOUDY,17.8,8,2025-08-02T21:55:00+09:30,PT5M
7,90,10.1,0,0,0,960.9,84,3,142,PARTLY CLOUDY,17.8,8,2025-08-02T22:00:00+09:30,PT5M
7,91,8.2,0,0,0,960.9,83,3,143,MOSTLY CLEAR,18,8,2025-08-02T22:05:00+09:30,PT5M
7,92,8.2,0,0,0,960.9,82,3,144,MOSTLY CLEAR,18.1,8,2025-08-02T22:10:00+09:30,PT5M
6,92,10.1,0,0,0,960.9,81,3,145,PARTLY CLOUDY,18.2,8.1,2025-08-02T22:15:00+09:30,PT5M
6,93,12.1,0,0,0,960.9,81,3,146,PARTLY CLOUDY,18.3,8.1,2025-08-02T22:20:00+09:30,PT5M
6,93,10.1,0,0,0,960.9,80,3,147,PARTLY CLOUDY,18.5,8.1,2025-08-02T22:25:00+09:30,PT5M
6,94,10.1,0,0,0,960.9,79,3.1,148,PARTLY CLOUDY,18.6,8.1,2025-08-02T22:30:00+09:30,PT5M
6,94,8.2,0,0,0,960.9,78,3.1,150,MOSTLY CLEAR,18.7,8.2,2025-08-02T22:35:00+09:30,PT5M
6,95,0,0,0,0,960.9,77,3.1,151,CLEAR,18.8,8.2,2025-08-02T22:40:00+09:30,PT5M
6,96,8.2,0,0,0,960.9,77,3.1,152,MOSTLY CLEAR,19,8.2,2025-08-02T22:45:00+09:30,PT5M
6,97,10.1,0,0,0,960.9,76,3.1,153,PARTLY CLOUDY,19.1,8.2,2025-08-02T22:50:00+09:30,PT5M
6,97,8.2,0,0,0,960.9,75,3.1,154,MOSTLY CLEAR,19.2,8.3,2025-08-02T22:55:00+09:30,PT5M
5,98,8.2,0,0,0,960.9,74,3.1,155,MOSTLY CLEAR,19.3,8.3,2025-08-02T23:00:00+09:30,PT5M
5,99,8.2,0,0,0,960.9,74,3.1,156,MOSTLY CLEAR,19.5,8.3,2025-08-02T23:05:00+09:30,PT5M
5,100,8.2,0,0,0,960.9,73,3.1,158,MOSTLY CLEAR,19.6,8.3,2025-08-02T23:10:00+09:30,PT5M
5,101,10.1,0,0,0,960.9,72,3.1,159,PARTLY CLOUDY,19.7,8.4,2025-08-02T23:15:00+09:30,PT5M
5,102,10.1,0,0,0,960.9,71,3.1,160,PARTLY CLOUDY,19.8,8.4,2025-08-02T23:20:00+09:30,PT5M
5,103,10.1,0,0,0,960.9,70,3.1,161,PARTLY CLOUDY,20,8.4,2025-08-02T23:25:00+09:30,PT5M
5,105,8.2,0,0,0,961,70,3.1,162,MOSTLY CLEAR,20.1,8.4,2025-08-02T23:30:00+09:30,PT5M
5,106,8.2,0,0,0,960.9,69,3.1,163,MOSTLY CLEAR,20.2,8.5,2025-08-02T23:35:00+09:30,PT5M
5,108,8.2,0,0,0,960.9,68,3.1,164,MOSTLY CLEAR,20.3,8.5,2025-08-02T23:40:00+09:30,PT5M
5,110,10.1,0,0,0,960.9,67,3.1,165,PARTLY CLOUDY,20.5,8.5,2025-08-02T23:45:00+09:30,PT5M
4,112,10.1,0,0,0,960.8,67,3.2,166,PARTLY CLOUDY,20.6,8.5,2025-08-02T23:50:00+09:30,PT5M
4,114,8.2,0,0,0,960.8,66,3.2,167,MOSTLY CLEAR,20.7,8.6,2025-08-02T23:55:00+09:30,PT5M
4,117,8.2,0,0,0,960.8,65,3.2,168,MOSTLY CLEAR,20.8,8.6,2025-08-03T00:00:00+09:30,PT5M
4,120,8.2,0,0,0,960.7,65,3.2,169,MOSTLY CLEAR,20.9,8.6,2025-08-03T00:05:00+09:30,PT5M
4,124,10.1,0,0,0,960.7,64,3.2,170,PARTLY CLOUDY,21,8.6,2025-08-03T00:10:00+09:30,PT5M
4,129,10.1,0,0,0,960.7,63,3.2,171,PARTLY CLOUDY,21.1,8.6,2025-08-03T00:15:00+09:30,PT5M
4,135,8.2,0,0,0,960.6,63,3.3,172,MOSTLY CLEAR,21.2,8.7,2025-08-03T00:20:00+09:30,PT5M
4,142,8.2,0,0,0,960.6,62,3.3,173,MOSTLY CLEAR,21.3,8.7,2025-08-03T00:25:00+09:30,PT5M
4,150,8.2,0,0,0,960.6,61,3.3,174,MOSTLY CLEAR,21.4,8.7,2025-08-03T00:30:00+09:30,PT5M
4,160,8.2,0,0,0,960.5,61,3.3,174,MOSTLY CLEAR,21.5,8.7,2025-08-03T00:35:00+09:30,PT5M
4,172,0,0,0,0,960.5,60,3.3,174,CLEAR,21.6,8.7,2025-08-03T00:40:00+09:30,PT5M
4,-176,10.1,0,0,0,960.4,60,3.3,174,PARTLY CLOUDY,21.7,8.7,2025-08-03T00:45:00+09:30,PT5M
4,-164,12.1,0,0,0,960.4,60,3.3,174,PARTLY CLOUDY,21.8,8.8,2025-08-03T00:50:00+09:30,PT5M
4,-154,12.1,0,0,0,960.3,59,3.3,174,PARTLY CLOUDY,21.9,8.8,2025-08-03T00:55:00+09:30,PT5M
4,-145,12.1,0,0,0,960.3,59,3.3,173,PARTLY CLOUDY,22,8.8,2025-08-03T01:00:00+09:30,PT5M
4,-137,10.1,0,0,0,960.2,58,3.3,172,PARTLY CLOUDY,22,8.8,2025-08-03T01:05:00+09:30,PT5M
4,-131,10.1,0,0,0,960.2,58,3.4,172,PARTLY CLOUDY,22.1,8.8,2025-08-03T01:10:00+09:30,PT5M
3,-126,8.2,0,0,0,960.1,57,3.4,171,MOSTLY CLEAR,22.1,8.8,2025-08-03T01:15:00+09:30,PT5M
3,-122,8.2,0,0,0,960.1,57,3.4,170,MOSTLY CLEAR,22.2,8.9,2025-08-03T01:20:00+09:30,PT5M
3,-118,8.2,0,0,0,960,56,3.4,169,MOSTLY CLEAR,22.3,8.9,2025-08-03T01:25:00+09:30,PT5M
3,-115,8.2,0,0,0,960,56,3.4,168,MOSTLY CLEAR,22.3,8.9,2025-08-03T01:30:00+09:30,PT5M
3,-113,8.2,0,0,0,959.9,56,3.4,167,MOSTLY CLEAR,22.4,8.9,2025-08-03T01:35:00+09:30,PT5M
3,-111,10.1,0,0,0,959.9,55,3.4,166,PARTLY CLOUDY,22.4,8.9,2025-08-03T01:40:00+09:30,PT5M
3,-109,10.1,0,0,0,959.8,55,3.4,165,PARTLY CLOUDY,22.5,8.9,2025-08-03T01:45:00+09:30,PT5M
3,-107,12.1,0,0,0,959.8,54,3.4,163,PARTLY CLOUDY,22.6,9,2025-08-03T01:50:00+09:30,PT5M
3,-105,12.1,0,0,0,959.8,54,3.4,162,PARTLY CLOUDY,22.6,9,2025-08-03T01:55:00+09:30,PT5M
3,-104,12.1,0,0,0,959.7,54,3.4,161,PARTLY CLOUDY,22.7,9,2025-08-03T02:00:00+09:30,PT5M
3,-103,12.1,0,0,0,959.7,53,3.4,160,PARTLY CLOUDY,22.7,9,2025-08-03T02:05:00+09:30,PT5M
3,-102,12.1,0,0,0,959.6,53,3.4,159,PARTLY CLOUDY,22.8,9,2025-08-03T02:10:00+09:30,PT5M
3,-100,10.1,0,0,0,959.6,52,3.5,158,PARTLY CLOUDY,22.9,9,2025-08-03T02:15:00+09:30,PT5M
2,-100,10.1,0,0,0,959.5,52,3.5,157,PARTLY CLOUDY,22.9,9.1,2025-08-03T02:20:00+09:30,PT5M
2,-99,10.1,0,0,0,959.5,51,3.5,156,PARTLY CLOUDY,23,9.1,2025-08-03T02:25:00+09:30,PT5M
2,-98,10.1,0,0,0,959.5,51,3.5,155,PARTLY CLOUDY,23.1,9.1,2025-08-03T02:30:00+09:30,PT5M
2,-97,10.1,0,0,0,959.4,51,3.5,153,PARTLY CLOUDY,23.1,9.1,2025-08-03T02:35:00+09:30,PT5M
2,-96,10.1,0,0,0,959.4,50,3.5,152,PARTLY CLOUDY,23.2,9.1,2025-08-03T02:40:00+09:30,PT5M
2,-95,10.1,0,0,0,959.3,50,3.5,151,PARTLY CLOUDY,23.3,9.1,2025-08-03T02:45:00+09:30,PT5M
2,-95,10.1,0,0,0,959.3,50,3.6,150,PARTLY CLOUDY,23.3,9.2,2025-08-03T02:50:00+09:30,PT5M
2,-94,10.1,0,0,0,959.2,50,3.6,149,PARTLY CLOUDY,23.4,9.2,2025-08-03T02:55:00+09:30,PT5M
2,-94,10.1,0,0,0,959.2,50,3.6,148,PARTLY CLOUDY,23.5,9.2,2025-08-03T03:00:00+09:30,PT5M
2,-93,10.1,0,0,0,959.1,49,3.6,147,PARTLY CLOUDY,23.6,9.2,2025-08-03T03:05:00+09:30,PT5M
2,-92,10.1,0,0,0,959.1,49,3.7,145,PARTLY CLOUDY,23.7,9.2,2025-08-03T03:10:00+09:30,PT5M
2,-92,10.1,0,0,0,959,49,3.7,144,PARTLY CLOUDY,23.8,9.3,2025-08-03T03:15:00+09:30,PT5M
2,-91,10.1,0,0,0,959,49,3.7,143,PARTLY CLOUDY,23.9,9.3,2025-08-03T03:20:00+09:30,PT5M
2,-91,10.1,0,0,0,958.9,49,3.7,142,PARTLY CLOUDY,24,9.3,2025-08-03T03:25:00+09:30,PT5M
2,-90,10.1,0,0,0,958.9,48,3.7,141,PARTLY CLOUDY,24.1,9.3,2025-08-03T03:30:00+09:30,PT5M
2,-90,10.1,0,0,0,958.8,48,3.8,140,PARTLY CLOUDY,24.2,9.4,2025-08-03T03:35:00+09:30,PT5M
2,-89,10.1,0,0,0,958.8,48,3.8,139,PARTLY CLOUDY,24.3,9.4,2025-08-03T03:40:00+09:30,PT5M
2,-89,8.2,0,0,0,958.8,48,3.8,137,MOSTLY CLEAR,24.4,9.4,2025-08-03T03:45:00+09:30,PT5M
2,-88,8.2,0,0,0,958.7,48,3.8,136,MOSTLY CLEAR,24.5,9.4,2025-08-03T03:50:00+09:30,PT5M
2,-88,8.2,0,0,0,958.7,48,3.8,135,MOSTLY CLEAR,24.6,9.5,2025-08-03T03:55:00+09:30,PT5M
2,-87,8.2,0,0,0,958.7,48,3.8,134,MOSTLY CLEAR,24.7,9.5,2025-08-03T04:00:00+09:30,PT5M
2,-87,0,0,0,0,958.6,48,3.9,133,CLEAR,24.9,9.5,2025-08-03T04:05:00+09:30,PT5M
2,-86,8.2,0,0,0,958.6,47,3.9,132,MOSTLY CLEAR,25,9.5,2025-08-03T04:10:00+09:30,PT5M
2,-86,8.2,0,0,0,958.5,47,3.9,131,MOSTLY CLEAR,25.2,9.5,2025-08-03T04:15:00+09:30,PT5M
2,-86,8.2,0,0,0,958.5,47,3.9,129,MOSTLY CLEAR,25.4,9.6,2025-08-03T04:20:00+09:30,PT5M
2,-85,8.2,0,0,0,958.5,47,3.9,128,MOSTLY CLEAR,25.5,9.6,2025-08-03T04:25:00+09:30,PT5M
2,-85,10.1,0,0,0,958.4,47,4,127,PARTLY CLOUDY,25.7,9.6,2025-08-03T04:30:00+09:30,PT5M
2,-84,8.2,0,0,0,958.4,47,4,126,MOSTLY CLEAR,25.8,9.6,2025-08-03T04:35:00+09:30,PT5M
2,-84,8.2,0,0,0,958.4,47,4,125,MOSTLY CLEAR,26,9.6,2025-08-03T04:40:00+09:30,PT5M
2,-83,0,0,0,0,958.3,47,4,124,CLEAR,26.1,9.6,2025-08-03T04:45:00+09:30,PT5M
2,-83,0,0,0,0,958.3,47,4,123,CLEAR,26.3,9.7,2025-08-03T04:50:00+09:30,PT5M
2,-83,8.2,0,0,0,958.2,47,4,121,MOSTLY CLEAR,26.5,9.7,2025-08-03T04:55:00+09:30,PT5M
2,-82,8.2,0,0,0,958.2,47,4.1,120,MOSTLY CLEAR,26.6,9.7,2025-08-03T05:00:00+09:30,PT5M
2,-82,8.2,0,0,0,958.2,46,4.1,119,MOSTLY CLEAR,26.8,9.7,2025-08-03T05:05:00+09:30,PT5M
2,-81,8.2,0,0,0,958.1,46,4.1,118,MOSTLY CLEAR,26.9,9.8,2025-08-03T05:10:00+09:30,PT5M
2,-81,8.2,0,0,0,958.1,46,4.1,117,MOSTLY CLEAR,27.1,9.8,2025-08-03T05:15:00+09:30,PT5M
2,-81,8.2,0,0,0,958,46,4.1,116,MOSTLY CLEAR,27.3,9.8,2025-08-03T05:20:00+09:30,PT5M
2,-80,0,0,0,0,958,46,4.1,115,CLEAR,27.4,9.8,2025-08-03T05:25:00+09:30,PT5M
2,-80,0,0,0,0,957.9,46,4.2,113,CLEAR,27.6,9.9,2025-08-03T05:30:00+09:30,PT5M
2,-79,0,0,0,0,957.9,46,4.2,112,CLEAR,27.7,9.9,2025-08-03T05:35:00+09:30,PT5M
2,-79,8.2,0,0,0,957.9,46,4.2,111,MOSTLY CLEAR,27.9,10,2025-08-03T05:40:00+09:30,PT5M
2,-79,0,0,0,0,957.9,46,4.2,110,CLEAR,28,10,2025-08-03T05:45:00+09:30,PT5M
3,-78,0,0,0,0,957.9,46,4.2,109,CLEAR,28.2,10,2025-08-03T05:50:00+09:30,PT5M
3,-78,8.2,0,0,0,957.9,46,4.2,108,MOSTLY CLEAR,28.4,10,2025-08-03T05:55:00+09:30,PT5M
3,-77,12.1,0,0,0,957.9,46,4.2,107,PARTLY CLOUDY,28.5,10.1,2025-08-03T06:00:00+09:30,PT5M
3,-77,10.1,0,0,0,957.9,46,4.2,106,PARTLY CLOUDY,28.6,10.1,2025-08-03T06:05:00+09:30,PT5M
3,-76,8.2,0,0,0,957.9,47,4.2,105,MOSTLY CLEAR,28.7,10.2,2025-08-03T06:10:00+09:30,PT5M
3,-76,10.1,0,0,0,957.9,47,4.2,103,PARTLY CLOUDY,28.7,10.2,2025-08-03T06:15:00+09:30,PT5M
3,-76,12.1,0,0,0,957.9,47,4.2,102,PARTLY CLOUDY,28.7,10.3,2025-08-03T06:20:00+09:30,PT5M
3,-75,10.1,0,0,0,957.9,47,4.2,101,PARTLY CLOUDY,28.8,10.3,2025-08-03T06:25:00+09:30,PT5M
3,-75,8.2,0,0,0,957.9,47,4.2,100,MOSTLY CLEAR,28.8,10.4,2025-08-03T06:30:00+09:30,PT5M
3,-74,8.2,0,0,0,957.9,47,4.2,99,MOSTLY CLEAR,28.9,10.4,2025-08-03T06:35:00+09:30,PT5M
3,-74,8.2,0,0,0,958,46,4.2,98,MOSTLY CLEAR,28.9,10.5,2025-08-03T06:40:00+09:30,PT5M
3,-73,8.2,0,0,0,958,46,4.1,97,MOSTLY CLEAR,29,10.5,2025-08-03T06:45:00+09:30,PT5M
3,-73,0,0,0,0,958,45,4.1,96,CLEAR,29,10.6,2025-08-03T06:50:00+09:30,PT5M
3,-72,8.2,0,0,0,958.1,44,4.1,95,MOSTLY CLEAR,29,10.6,2025-08-03T06:55:00+09:30,PT5M
3,-72,0,0,0,0,958.1,44,4,94,CLEAR,29.1,10.7,2025-08-03T07:00:00+09:30,PT5M
3,-71,0,0,0,0,958.1,43,4,92,CLEAR,29.1,10.7,2025-08-03T07:05:00+09:30,PT5M
3,-71,0,0,0,0,958.2,43,3.9,91,CLEAR,29,10.7,2025-08-03T07:10:00+09:30,PT5M
3,-70,0,0,0,0,958.2,42,3.9,90,CLEAR,28.9,10.8,2025-08-03T07:15:00+09:30,PT5M
3,-70,0,7,11,0,958.2,41,3.9,89,SUNNY,28.9,10.8,2025-08-03T07:20:00+09:30,PT5M
3,-69,0,20,33,0,958.3,41,3.8,88,SUNNY,28.8,10.8,2025-08-03T07:25:00+09:30,PT5M
3,-69,0,34,65,0,958.3,40,3.8,87,SUNNY,28.7,10.8,2025-08-03T07:30:00+09:30,PT5M
3,-68,0,49,101,0,958.4,39,3.7,86,SUNNY,28.7,10.9,2025-08-03T07:35:00+09:30,PT5M
4,-68,0,66,142,0,958.4,39,3.7,85,SUNNY,28.6,10.9,2025-08-03T07:40:00+09:30,PT5M
4,-67,0,83,167,0,958.4,38,3.7,84,SUNNY,28.5,10.9,2025-08-03T07:45:00+09:30,PT5M
5,-67,0,100,192,0,958.5,38,3.6,83,SUNNY,28.5,10.9,2025-08-03T07:50:00+09:30,PT5M
5,-66,0,118,216,0,958.5,37,3.6,82,SUNNY,28.4,11,2025-08-03T07:55:00+09:30,PT5M
6,-66,0,137,241,0,958.6,37,3.6,81,SUNNY,28.3,11,2025-08-03T08:00:00+09:30,PT5M
6,-65,0,155,265,0,958.6,36,3.5,80,SUNNY,28.3,11,2025-08-03T08:05:00+09:30,PT5M
7,-64,0,174,288,0,958.6,36,3.5,79,SUNNY,28.2,11,2025-08-03T08:10:00+09:30,PT5M
7,-64,0,193,312,0,958.7,35,3.5,78,SUNNY,28.1,10.9,2025-08-03T08:15:00+09:30,PT5M
8,-63,0,212,335,0,958.7,34,3.4,77,SUNNY,28.1,10.9,2025-08-03T08:20:00+09:30,PT5M
8,-63,0,231,358,0,958.8,34,3.4,76,SUNNY,28,10.9,2025-08-03T08:25:00+09:30,PT5M
9,-62,0,250,381,0,958.8,33,3.3,75,SUNNY,27.9,10.8,2025-08-03T08:30:00+09:30,PT5M
9,-61,0,269,404,0,958.9,32,3.3,74,SUNNY,27.9,10.8,2025-08-03T08:35:00+09:30,PT5M
9,-61,0,288,426,0,958.9,31,3.3,73,SUNNY,27.8,10.8,2025-08-03T08:40:00+09:30,PT5M
9,-60,0,306,449,0,959,29,3.2,72,SUNNY,27.7,10.7,2025-08-03T08:45:00+09:30,PT5M
9,-59,0,325,470,0,959,28,3.2,71,SUNNY,27.7,10.7,2025-08-03T08:50:00+09:30,PT5M
9,-58,0,343,492,0,959.1,26,3.2,70,SUNNY,27.6,10.7,2025-08-03T08:55:00+09:30,PT5M
10,-58,0,362,513,0,959.1,24,3.1,69,SUNNY,27.5,10.6,2025-08-03T09:00:00+09:30,PT5M
10,-57,0,380,534,0,959.2,23,3.1,68,SUNNY,27.5,10.6,2025-08-03T09:05:00+09:30,PT5M
10,-56,0,398,555,0,959.2,21,3.1,67,SUNNY,27.4,10.6,2025-08-03T09:10:00+09:30,PT5M
10,-55,0,416,576,0,959.3,20,3,66,SUNNY,27.3,10.5,2025-08-03T09:15:00+09:30,PT5M
10,-55,0,433,596,0,959.3,18,3,65,SUNNY,27.2,10.5,2025-08-03T09:20:00+09:30,PT5M
10,-54,0,450,616,0,959.4,16,3,64,SUNNY,27.1,10.5,2025-08-03T09:25:00+09:30,PT5M
11,-53,0,467,636,0,959.4,14,3,63,SUNNY,27,10.5,2025-08-03T09:30:00+09:30,PT5M
11,-52,0,484,655,0,959.5,12,3,62,SUNNY,26.9,10.4,2025-08-03T09:35:00+09:30,PT5M
11,-51,0,501,674,0,959.5,9,2.9,61,SUNNY,26.8,10.4,2025-08-03T09:40:00+09:30,PT5M
11,-50,0,517,692,0,959.5,6,2.9,60,SUNNY,26.7,10.4,2025-08-03T09:45:00+09:30,PT5M
11,-49,0,532,710,0,959.6,3,2.9,59,SUNNY,26.6,10.4,2025-08-03T09:50:00+09:30,PT5M
11,-48,0,547,727,0,959.6,360,2.9,59,SUNNY,26.5,10.3,2025-08-03T09:55:00+09:30,PT5M
11,-47,0,562,744,0,959.6,357,3,58,SUNNY,26.4,10.3,2025-08-03T10:00:00+09:30,PT5M
12,-46,0,577,760,0,959.7,354,3,57,SUNNY,26.3,10.2,2025-08-03T10:05:00+09:30,PT5M
12,-45,0,591,776,0,959.7,351,3,56,SUNNY,26.2,10.1,2025-08-03T10:10:00+09:30,PT5M
12,-44,0,605,791,0,959.7,348,3,55,SUNNY,26.1,10,2025-08-03T10:15:00+09:30,PT5M
12,-43,0,618,806,0,959.8,345,3.1,54,SUNNY,26,9.9,2025-08-03T10:20:00+09:30,PT5M
12,-42,0,631,821,0,959.8,342,3.1,54,SUNNY,25.9,9.7,2025-08-03T10:25:00+09:30,PT5M
12,-41,0,643,835,0,959.8,339,3.2,53,SUNNY,25.8,9.6,2025-08-03T10:30:00+09:30,PT5M
12,-40,0,656,849,0,959.8,338,3.2,52,SUNNY,25.7,9.5,2025-08-03T10:35:00+09:30,PT5M
13,-39,0,667,862,0,959.9,337,3.3,51,SUNNY,25.6,9.4,2025-08-03T10:40:00+09:30,PT5M
13,-37,0,679,875,0,959.9,336,3.3,51,SUNNY,25.5,9.2,2025-08-03T10:45:00+09:30,PT5M
13,-36,0,689,887,0,959.9,335,3.3,50,SUNNY,25.4,9.1,2025-08-03T10:50:00+09:30,PT5M
13,-35,0,700,898,0,959.9,334,3.3,49,SUNNY,25.3,9,2025-08-03T10:55:00+09:30,PT5M
13,-33,0,710,910,0,959.9,333,3.3,49,SUNNY,25.2,8.9,2025-08-03T11:00:00+09:30,PT5M
14,-32,0,719,920,0,959.9,332,3.3,48,SUNNY,25,8.8,2025-08-03T11:05:00+09:30,PT5M
14,-31,0,728,930,0,959.9,331,3.4,47,SUNNY,24.9,8.7,2025-08-03T11:10:00+09:30,PT5M
14,-29,0,737,940,0,959.9,330,3.4,47,SUNNY,24.8,8.6,2025-08-03T11:15:00+09:30,PT5M
14,-28,0,745,949,0,959.9,329,3.4,46,SUNNY,24.7,8.5,2025-08-03T11:20:00+09:30,PT5M
14,-26,0,753,957,0,959.9,328,3.4,46,SUNNY,24.6,8.4,2025-08-03T11:25:00+09:30,PT5M
15,-25,0,760,965,0,959.9,327,3.5,45,SUNNY,24.5,8.3,2025-08-03T11:30:00+09:30,PT5M
15,-23,0,767,973,0,959.9,327,3.5,45,SUNNY,24.3,8.2,2025-08-03T11:35:00+09:30,PT5M
15,-22,0,773,980,0,959.8,327,3.4,44,SUNNY,24.2,8.1,2025-08-03T11:40:00+09:30,PT5M
15,-20,0,779,986,0,959.7,327,3.4,44,SUNNY,24.1,8,2025-08-03T11:45:00+09:30,PT5M
15,-19,0,784,992,0,959.6,327,3.4,44,SUNNY,24,7.9,2025-08-03T11:50:00+09:30,PT5M
16,-17,0,789,997,0,959.5,327,3.4,43,SUNNY,23.9,7.8,2025-08-03T11:55:00+09:30,PT5M
16,-15,0,793,1002,0,959.4,327,3.4,43,SUNNY,23.8,7.6,2025-08-03T12:00:00+09:30,PT5M
16,-14,0,797,1006,0,959.3,327,3.3,43,SUNNY,23.6,7.6,2025-08-03T12:05:00+09:30,PT5M
16,-12,0,800,1010,0,959.3,326,3.3,42,SUNNY,23.4,7.5,2025-08-03T12:10:00+09:30,PT5M
16,-10,0,803,1013,0,959.2,326,3.3,42,SUNNY,23.1,7.4,2025-08-03T12:15:00+09:30,PT5M
16,-8,0,806,1016,0,959.1,326,3.3,42,SUNNY,22.9,7.3,2025-08-03T12:20:00+09:30,PT5M
17,-7,0,808,1018,0,959,326,3.3,42,SUNNY,22.7,7.3,2025-08-03T12:25:00+09:30,PT5M
17,-5,0,809,1020,0,958.9,326,3.3,42,SUNNY,22.5,7.2,2025-08-03T12:30:00+09:30,PT5M
17,-3,0,810,1021,0,958.8,326,3.2,42,SUNNY,22.2,7.1,2025-08-03T12:35:00+09:30,PT5M
17,-1,0,811,1021,0,958.7,326,3.2,42,SUNNY,22,7,2025-08-03T12:40:00+09:30,PT5M
17,1,0,811,1021,0,958.6,327,3.2,42,SUNNY,21.8,7,2025-08-03T12:45:00+09:30,PT5M
17,2,0,810,1021,0,958.5,327,3.2,42,SUNNY,21.6,6.9,2025-08-03T12:50:00+09:30,PT5M
17,4,0,809,1020,0,958.5,327,3.1,42,SUNNY,21.3,6.8,2025-08-03T12:55:00+09:30,PT5M
18,6,0,808,1018,0,958.4,327,3.1,42,SUNNY,21.1,6.7,2025-08-03T13:00:00+09:30,PT5M
18,8,0,806,1016,0,958.3,327,3.1,42,SUNNY,20.8,6.7,2025-08-03T13:05:00+09:30,PT5M
18,9,0,803,1013,0,958.2,327,3.1,42,SUNNY,20.5,6.6,2025-08-03T13:10:00+09:30,PT5M
18,11,0,800,1010,0,958.1,327,3,42,SUNNY,20.2,6.6,2025-08-03T13:15:00+09:30,PT5M
18,13,0,797,1006,0,958,327,3,43,SUNNY,19.9,6.5,2025-08-03T13:20:00+09:30,PT5M
18,15,0,793,1001,0,958,327,3,43,SUNNY,19.5,6.5,2025-08-03T13:25:00+09:30,PT5M
18,16,0,789,996,0,957.9,327,3,43,SUNNY,19.2,6.4,2025-08-03T13:30:00+09:30,PT5M
18,18,0,784,991,0,957.8,328,3,44,SUNNY,18.9,6.4,2025-08-03T13:35:00+09:30,PT5M
18,20,0,778,985,0,957.7,329,2.9,44,SUNNY,18.6,6.3,2025-08-03T13:40:00+09:30,PT5M
19,21,0,772,978,0,957.7,329,2.9,44,SUNNY,18.2,6.3,2025-08-03T13:45:00+09:30,PT5M
19,23,0,766,971,0,957.6,330,2.9,45,SUNNY,17.9,6.2,2025-08-03T13:50:00+09:30,PT5M
19,24,0,759,963,0,957.5,331,2.9,45,SUNNY,17.6,6.2,2025-08-03T13:55:00+09:30,PT5M
19,26,0,752,955,0,957.5,332,2.8,46,SUNNY,17.3,6.1,2025-08-03T14:00:00+09:30,PT5M
19,27,0,744,946,0,957.4,333,2.8,46,SUNNY,16.9,6.1,2025-08-03T14:05:00+09:30,PT5M
19,29,0,735,937,0,957.3,334,2.8,47,SUNNY,16.6,6,2025-08-03T14:10:00+09:30,PT5M
19,30,0,727,927,0,957.3,335,2.8,47,SUNNY,16.3,6,2025-08-03T14:15:00+09:30,PT5M
19,32,0,717,916,0,957.2,336,2.7,48,SUNNY,16,6,2025-08-03T14:20:00+09:30,PT5M
19,33,0,708,906,0,957.1,337,2.7,48,SUNNY,15.6,5.9,2025-08-03T14:25:00+09:30,PT5M
20,34,0,698,894,0,957.1,338,2.7,49,SUNNY,15.3,5.9,2025-08-03T14:30:00+09:30,PT5M
20,36,0,687,882,0,957,339,2.7,50,SUNNY,15,5.8,2025-08-03T14:35:00+09:30,PT5M
20,37,0,676,870,0,956.9,340,2.7,50,SUNNY,14.7,5.8,2025-08-03T14:40:00+09:30,PT5M
20,38,0,665,857,0,956.8,342,2.7,51,SUNNY,14.3,5.7,2025-08-03T14:45:00+09:30,PT5M
20,39,0,653,844,0,956.8,343,2.7,52,SUNNY,14,5.7,2025-08-03T14:50:00+09:30,PT5M
20,41,0,641,831,0,956.7,345,2.7,53,SUNNY,13.7,5.7,2025-08-03T14:55:00+09:30,PT5M
20,42,0,629,817,0,956.6,346,2.7,53,SUNNY,13.4,5.6,2025-08-03T15:00:00+09:30,PT5M
20,43,0,616,802,0,956.5,348,2.7,54,SUNNY,13.1,5.5,2025-08-03T15:05:00+09:30,PT5M
20,44,0,603,787,0,956.4,349,2.7,55,SUNNY,13,5.4,2025-08-03T15:10:00+09:30,PT5M
20,45,0,589,772,0,956.4,351,2.7,56,SUNNY,12.9,5.3,2025-08-03T15:15:00+09:30,PT5M
20,46,0,575,756,0,956.3,352,2.8,57,SUNNY,12.7,5.2,2025-08-03T15:20:00+09:30,PT5M
20,47,0,561,740,0,956.2,354,2.8,57,SUNNY,12.6,5.1,2025-08-03T15:25:00+09:30,PT5M
20,48,0,546,723,0,956.1,355,2.8,58,SUNNY,12.5,5,2025-08-03T15:30:00+09:30,PT5M
20,49,0,531,707,0,956.1,356,2.8,59,SUNNY,12.3,4.9,2025-08-03T15:35:00+09:30,PT5M
20,50,0,516,689,0,956.1,357,2.8,60,SUNNY,12.2,4.8,2025-08-03T15:40:00+09:30,PT5M
20,51,0,500,671,0,956,358,2.9,61,SUNNY,12.1,4.7,2025-08-03T15:45:00+09:30,PT5M
20,52,0,484,653,0,956,360,2.9,62,SUNNY,11.9,4.6,2025-08-03T15:50:00+09:30,PT5M
20,53,0,468,635,0,956,0,2.9,63,SUNNY,11.8,4.5,2025-08-03T15:55:00+09:30,PT5M
20,54,0,452,616,0,955.9,1,2.9,64,SUNNY,11.7,4.4,2025-08-03T16:00:00+09:30,PT5M
20,54,0,435,597,0,955.9,2,3,64,SUNNY,11.6,4.3,2025-08-03T16:05:00+09:30,PT5M
20,55,4.1,400,546,0,955.9,3,3,65,MOSTLY SUNNY,11.7,4.3,2025-08-03T16:10:00+09:30,PT5M
20,56,0,400,557,0,955.8,4,3,66,SUNNY,11.7,4.3,2025-08-03T16:15:00+09:30,PT5M
20,57,0,383,537,0,955.8,5,3,67,SUNNY,11.8,4.3,2025-08-03T16:20:00+09:30,PT5M
20,58,0,365,516,0,955.8,6,3.1,68,SUNNY,11.9,4.3,2025-08-03T16:25:00+09:30,PT5M
20,58,0,347,495,0,955.7,7,3.1,69,SUNNY,11.9,4.3,2025-08-03T16:30:00+09:30,PT5M
20,59,0,329,474,0,955.7,8,3.1,70,SUNNY,12,4.4,2025-08-03T16:35:00+09:30,PT5M
20,60,0,310,452,0,955.7,8,3.1,71,SUNNY,12,4.4,2025-08-03T16:40:00+09:30,PT5M
20,60,0,292,431,0,955.6,8,3.1,72,SUNNY,12.1,4.4,2025-08-03T16:45:00+09:30,PT5M
20,61,0,273,409,0,955.6,9,3.1,73,SUNNY,12.2,4.4,2025-08-03T16:50:00+09:30,PT5M
20,62,0,255,386,0,955.6,9,3.1,74,SUNNY,12.2,4.4,2025-08-03T16:55:00+09:30,PT5M
20,62,0,236,364,0,955.5,9,3,75,SUNNY,12.3,4.4,2025-08-03T17:00:00+09:30,PT5M
19,63,0,217,341,0,955.5,10,3,76,SUNNY,12.3,4.4,2025-08-03T17:05:00+09:30,PT5M
19,64,0,198,318,0,955.5,10,3,77,SUNNY,12.4,4.4,2025-08-03T17:10:00+09:30,PT5M
19,64,0,180,295,0,955.4,10,3,78,SUNNY,12.4,4.4,2025-08-03T17:15:00+09:30,PT5M
19,65,0,161,272,0,955.4,11,3,79,SUNNY,12.5,4.4,2025-08-03T17:20:00+09:30,PT5M
19,65,0,142,248,0,955.4,11,3,80,SUNNY,12.6,4.4,2025-08-03T17:25:00+09:30,PT5M
19,66,0,124,224,0,955.3,11,3,81,SUNNY,12.6,4.4,2025-08-03T17:30:00+09:30,PT5M
19,67,0,106,200,0,955.3,12,3,82,SUNNY,12.7,4.5,2025-08-03T17:35:00+09:30,PT5M
18,67,0,89,176,0,955.3,12,3,83,SUNNY,12.7,4.5,2025-08-03T17:40:00+09:30,PT5M
18,68,0,72,152,0,955.3,12,3,84,SUNNY,12.8,4.5,2025-08-03T17:45:00+09:30,PT5M
18,68,0,55,117,0,955.4,13,3,86,SUNNY,12.9,4.5,2025-08-03T17:50:00+09:30,PT5M
18,69,0,40,78,0,955.4,13,3,87,SUNNY,12.9,4.5,2025-08-03T17:55:00+09:30,PT5M
17,69,0,25,45,0,955.4,13,3,88,SUNNY,13,4.5,2025-08-03T18:00:00+09:30,PT5M
17,70,8.2,11,15,0,955.4,14,3,89,MOSTLY SUNNY,13,4.5,2025-08-03T18:05:00+09:30,PT5M
17,70,10.1,1,1,0,955.4,14,3,90,PARTLY CLOUDY,13,4.5,2025-08-03T18:10:00+09:30,PT5M
17,71,10.1,0,0,0,955.4,14,3,91,PARTLY CLOUDY,13.1,4.5,2025-08-03T18:15:00+09:30,PT5M
16,71,10.1,0,0,0,955.5,15,3,92,PARTLY CLOUDY,13.1,4.5,2025-08-03T18:20:00+09:30,PT5M
16,72,8.2,0,0,0,955.5,15,3,93,MOSTLY CLEAR,13.1,4.5,2025-08-03T18:25:00+09:30,PT5M
16,72,10.1,0,0,0,955.5,15,3,94,PARTLY CLOUDY,13.1,4.5,2025-08-03T18:30:00+09:30,PT5M
16,73,8.2,0,0,0,955.5,15,3,95,MOSTLY CLEAR,13.2,4.6,2025-08-03T18:35:00+09:30,PT5M
15,73,8.2,0,0,0,955.5,15,3,96,MOSTLY CLEAR,13.2,4.6,2025-08-03T18:40:00+09:30,PT5M
15,74,8.2,0,0,0,955.5,14,3,97,MOSTLY CLEAR,13.2,4.6,2025-08-03T18:45:00+09:30,PT5M
15,74,8.2,0,0,0,955.5,14,3,99,MOSTLY CLEAR,13.2,4.6,2025-08-03T18:50:00+09:30,PT5M
15,75,10.1,0,0,0,955.5,14,3.1,100,PARTLY CLOUDY,13.3,4.6,2025-08-03T18:55:00+09:30,PT5M
15,75,8.2,0,0,0,955.5,13,3.1,101,MOSTLY CLEAR,13.3,4.6,2025-08-03T19:00:00+09:30,PT5M
14,76,10.1,0,0,0,955.4,13,3.1,102,PARTLY CLOUDY,13.3,4.6,2025-08-03T19:05:00+09:30,PT5M
14,76,10.1,0,0,0,955.4,13,3.1,103,PARTLY CLOUDY,13.3,4.6,2025-08-03T19:10:00+09:30,PT5M
14,76,8.2,0,0,0,955.4,12,3.1,104,MOSTLY CLEAR,13.3,4.6,2025-08-03T19:15:00+09:30,PT5M
14,77,8.2,0,0,0,955.4,12,3.1,105,MOSTLY CLEAR,13.2,4.6,2025-08-03T19:20:00+09:30,PT5M
13,77,8.2,0,0,0,955.4,11,3.1,106,MOSTLY CLEAR,13.2,4.6,2025-08-03T19:25:00+09:30,PT5M
13,78,0,0,0,0,955.4,11,3.2,107,CLEAR,13.2,4.6,2025-08-03T19:30:00+09:30,PT5M
13,78,8.2,0,0,0,955.4,11,3.2,109,MOSTLY CLEAR,13.2,4.6,2025-08-03T19:35:00+09:30,PT5M
13,79,12.1,0,0,0,955.5,10,3.2,110,PARTLY CLOUDY,13.2,4.6,2025-08-03T19:40:00+09:30,PT5M
13,79,12.1,0,0,0,955.5,10,3.2,111,PARTLY CLOUDY,13.2,4.6,2025-08-03T19:45:00+09:30,PT5M
13,79,12.1,0,0,0,955.6,9,3.3,112,PARTLY CLOUDY,13.1,4.6,2025-08-03T19:50:00+09:30,PT5M
13,80,10.1,0,0,0,955.6,8,3.3,113,PARTLY CLOUDY,13.1,4.6,2025-08-03T19:55:00+09:30,PT5M
13,80,8.2,0,0,0,955.7,8,3.4,114,MOSTLY CLEAR,13.1,4.6,2025-08-03T20:00:00+09:30,PT5M
13,81,10.1,0,0,0,955.7,7,3.4,115,PARTLY CLOUDY,13.1,4.6,2025-08-03T20:05:00+09:30,PT5M
12,81,10.1,0,0,0,955.8,7,3.4,116,PARTLY CLOUDY,13.1,4.6,2025-08-03T20:10:00+09:30,PT5M
12,81,10.1,0,0,0,955.8,6,3.5,118,PARTLY CLOUDY,13.1,4.6,2025-08-03T20:15:00+09:30,PT5M
12,82,10.1,0,0,0,955.9,6,3.5,119,PARTLY CLOUDY,13.1,4.7,2025-08-03T20:20:00+09:30,PT5M
12,82,10.1,0,0,0,955.9,5,3.6,120,PARTLY CLOUDY,13.1,4.7,2025-08-03T20:25:00+09:30,PT5M
12,83,8.2,0,0,0,956,5,3.6,121,MOSTLY CLEAR,13.1,4.7,2025-08-03T20:30:00+09:30,PT5M
12,83,8.2,0,0,0,956,4,3.6,122,MOSTLY CLEAR,13,4.7,2025-08-03T20:35:00+09:30,PT5M
12,84,8.2,0,0,0,956,4,3.6,123,MOSTLY CLEAR,13,4.7,2025-08-03T20:40:00+09:30,PT5M
12,84,8.2,0,0,0,956,3,3.7,124,MOSTLY CLEAR,13,4.7,2025-08-03T20:45:00+09:30,PT5M
12,84,8.2,0,0,0,955.9,2,3.7,126,MOSTLY CLEAR,13,4.8,2025-08-03T20:50:00+09:30,PT5M
12,85,10.1,0,0,0,955.9,2,3.7,127,PARTLY CLOUDY,13,4.8,2025-08-03T20:55:00+09:30,PT5M
12,85,14,0,0,0,955.9,1,3.7,128,PARTLY CLOUDY,13,4.8,2025-08-03T21:00:00+09:30,PT5M
12,86,10.1,0,0,0,955.9,0,3.8,129,PARTLY CLOUDY,13,4.8,2025-08-03T21:05:00+09:30,PT5M
12,86,10.1,0,0,0,955.9,360,3.8,130,PARTLY CLOUDY,13,4.8,2025-08-03T21:10:00+09:30,PT5M
11,87,10.1,0,0,0,955.9,359,3.8,131,PARTLY CLOUDY,12.9,4.8,2025-08-03T21:15:00+09:30,PT5M
11,87,12.1,0,0,0,955.8,359,3.8,132,PARTLY CLOUDY,12.9,4.8,2025-08-03T21:20:00+09:30,PT5M
11,87,12.1,0,0,0,955.8,358,3.9,133,PARTLY CLOUDY,12.9,4.8,2025-08-03T21:25:00+09:30,PT5M
11,88,12.1,0,0,0,955.8,357,3.9,135,PARTLY CLOUDY,12.9,4.8,2025-08-03T21:30:00+09:30,PT5M
11,88,8.2,0,0,0,955.8,357,3.9,136,MOSTLY CLEAR,12.8,4.8,2025-08-03T21:35:00+09:30,PT5M
11,89,0,0,0,0,955.8,356,3.9,137,CLEAR,12.8,4.8,2025-08-03T21:40:00+09:30,PT5M
11,89,0,0,0,0,955.8,355,3.9,138,CLEAR,12.8,4.8,2025-08-03T21:45:00+09:30,PT5M
11,90,0,0,0,0,955.9,354,3.9,139,CLEAR,12.8,4.8,2025-08-03T21:50:00+09:30,PT5M
11,90,0,0,0,0,955.9,354,3.9,140,CLEAR,12.7,4.8,2025-08-03T21:55:00+09:30,PT5M
10,91,10.1,0,0,0,955.9,353,3.9,142,PARTLY CLOUDY,12.7,4.8,2025-08-03T22:00:00+09:30,PT5M
10,91,10.1,0,0,0,955.9,352,3.9,143,PARTLY CLOUDY,12.7,4.8,2025-08-03T22:05:00+09:30,PT5M
10,92,10.1,0,0,0,955.9,351,3.9,144,PARTLY CLOUDY,12.6,4.8,2025-08-03T22:10:00+09:30,PT5M
10,92,8.2,0,0,0,955.9,351,3.9,145,MOSTLY CLEAR,12.6,4.8,2025-08-03T22:15:00+09:30,PT5M
10,93,0,0,0,0,956,350,3.9,146,CLEAR,12.6,4.8,2025-08-03T22:20:00+09:30,PT5M
10,94,10.1,0,0,0,956,349,3.9,147,PARTLY CLOUDY,12.5,4.8,2025-08-03T22:25:00+09:30,PT5M
9,94,12.1,0,0,0,956,348,3.9,148,PARTLY CLOUDY,12.5,4.8,2025-08-03T22:30:00+09:30,PT5M
9,95,15.9,0,0,0,956,348,3.9,149,PARTLY CLOUDY,12.4,4.9,2025-08-03T22:35:00+09:30,PT5M
9,96,12.1,0,0,0,956,347,3.9,151,PARTLY CLOUDY,12.4,4.9,2025-08-03T22:40:00+09:30,PT5M
9,96,12.1,0,0,0,956,346,3.9,152,PARTLY CLOUDY,12.3,4.9,2025-08-03T22:45:00+09:30,PT5M
9,97,12.1,0,0,0,956,345,3.8,153,PARTLY CLOUDY,12.3,4.9,2025-08-03T22:50:00+09:30,PT5M
9,98,12.1,0,0,0,956,344,3.8,154,PARTLY CLOUDY,12.3,4.9,2025-08-03T22:55:00+09:30,PT5M
9,99,12.1,0,0,0,956,344,3.8,155,PARTLY CLOUDY,12.2,4.9,2025-08-03T23:00:00+09:30,PT5M
9,100,12.1,0,0,0,956,343,3.8,156,PARTLY CLOUDY,12.2,4.9,2025-08-03T23:05:00+09:30,PT5M
9,101,12.1,0,0,0,955.9,342,3.8,157,PARTLY CLOUDY,12.1,4.9,2025-08-03T23:10:00+09:30,PT5M
8,102,12.1,0,0,0,955.9,341,3.8,159,PARTLY CLOUDY,12.1,4.9,2025-08-03T23:15:00+09:30,PT5M
8,103,12.1,0,0,0,955.9,340,3.8,160,PARTLY CLOUDY,12,4.8,2025-08-03T23:20:00+09:30,PT5M
8,104,14,0,0,0,955.9,339,3.8,161,PARTLY CLOUDY,12,4.8,2025-08-03T23:25:00+09:30,PT5M
8,106,14,0,0,0,955.9,339,3.8,162,PARTLY CLOUDY,11.9,4.8,2025-08-03T23:30:00+09:30,PT5M
8,107,14,0,0,0,955.9,338,3.8,163,PARTLY CLOUDY,11.9,4.8,2025-08-03T23:35:00+09:30,PT5M
8,109,12.1,0,0,0,955.9,338,3.8,164,PARTLY CLOUDY,11.8,4.8,2025-08-03T23:40:00+09:30,PT5M
8,111,12.1,0,0,0,955.9,338,3.8,165,PARTLY CLOUDY,11.8,4.8,2025-08-03T23:45:00+09:30,PT5M
8,113,10.1,0,0,0,955.9,339,3.8,166,PARTLY CLOUDY,11.7,4.7,2025-08-03T23:50:00+09:30,PT5M
8,115,10.1,0,0,0,955.9,339,3.8,167,PARTLY CLOUDY,11.7,4.7,2025-08-03T23:55:00+09:30,PT5M
8,118,12.1,0,0,0,956,339,3.9,168,PARTLY CLOUDY,11.6,4.7,2025-08-04T00:00:00+09:30,PT5M
8,122,12.1,0,0,0,956,339,3.9,169,PARTLY CLOUDY,11.6,4.7,2025-08-04T00:05:00+09:30,PT5M
8,126,12.1,0,0,0,956,339,3.9,170,PARTLY CLOUDY,11.6,4.7,2025-08-04T00:10:00+09:30,PT5M
8,130,12.1,0,0,0,956,339,3.9,171,PARTLY CLOUDY,11.6,4.7,2025-08-04T00:15:00+09:30,PT5M
8,136,12.1,0,0,0,956,339,3.9,172,PARTLY CLOUDY,11.5,4.6,2025-08-04T00:20:00+09:30,PT5M
8,143,12.1,0,0,0,956,339,3.9,173,PARTLY CLOUDY,11.5,4.6,2025-08-04T00:25:00+09:30,PT5M
8,152,12.1,0,0,0,956,339,3.9,173,PARTLY CLOUDY,11.5,4.6,2025-08-04T00:30:00+09:30,PT5M
8,161,10.1,0,0,0,956,340,4,174,PARTLY CLOUDY,11.5,4.6,2025-08-04T00:35:00+09:30,PT5M
8,172,8.2,0,0,0,955.9,340,4,174,MOSTLY CLEAR,11.5,4.6,2025-08-04T00:40:00+09:30,PT5M
8,-176,8.2,0,0,0,955.8,341,4,174,MOSTLY CLEAR,11.5,4.6,2025-08-04T00:45:00+09:30,PT5M
8,-165,0,0,0,0,955.7,341,4,174,CLEAR,11.4,4.5,2025-08-04T00:50:00+09:30,PT5M
8,-155,8.2,0,0,0,955.6,342,4.1,173,MOSTLY CLEAR,11.4,4.5,2025-08-04T00:55:00+09:30,PT5M
8,-146,10.1,0,0,0,955.5,342,4.1,173,PARTLY CLOUDY,11.4,4.5,2025-08-04T01:00:00+09:30,PT5M
8,-138,12.1,0,0,0,955.5,342,4.1,172,PARTLY CLOUDY,11.4,4.5,2025-08-04T01:05:00+09:30,PT5M
8,-132,12.1,0,0,0,955.4,343,4.1,171,PARTLY CLOUDY,11.4,4.5,2025-08-04T01:10:00+09:30,PT5M
8,-127,12.1,0,0,0,955.3,343,4.2,171,PARTLY CLOUDY,11.4,4.5,2025-08-04T01:15:00+09:30,PT5M
8,-123,14,0,0,0,955.2,344,4.2,170,PARTLY CLOUDY,11.4,4.5,2025-08-04T01:20:00+09:30,PT5M
8,-119,12.1,0,0,0,955.1,344,4.2,169,PARTLY CLOUDY,11.4,4.5,2025-08-04T01:25:00+09:30,PT5M
8,-116,12.1,0,0,0,955,345,4.2,168,PARTLY CLOUDY,11.4,4.5,2025-08-04T01:30:00+09:30,PT5M
8,-114,10.1,0,0,0,955,345,4.3,167,PARTLY CLOUDY,11.4,4.5,2025-08-04T01:35:00+09:30,PT5M
8,-111,10.1,0,0,0,954.9,345,4.3,166,PARTLY CLOUDY,11.4,4.5,2025-08-04T01:40:00+09:30,PT5M
8,-109,10.1,0,0,0,954.9,344,4.3,164,PARTLY CLOUDY,11.4,4.5,2025-08-04T01:45:00+09:30,PT5M
8,-108,10.1,0,0,0,954.8,344,4.3,163,PARTLY CLOUDY,11.4,4.5,2025-08-04T01:50:00+09:30,PT5M
8,-106,10.1,0,0,0,954.8,344,4.3,162,PARTLY CLOUDY,11.4,4.5,2025-08-04T01:55:00+09:30,PT5M
8,-105,10.1,0,0,0,954.8,343,4.3,161,PARTLY CLOUDY,11.4,4.5,2025-08-04T02:00:00+09:30,PT5M
8,-103,10.1,0,0,0,954.7,343,4.3,160,PARTLY CLOUDY,11.4,4.5,2025-08-04T02:05:00+09:30,PT5M
8,-102,10.1,0,0,0,954.7,343,4.4,159,PARTLY CLOUDY,11.4,4.5,2025-08-04T02:10:00+09:30,PT5M
8,-101,10.1,0,0,0,954.6,343,4.4,158,PARTLY CLOUDY,11.4,4.5,2025-08-04T02:15:00+09:30,PT5M
8,-100,10.1,0,0,0,954.6,342,4.4,157,PARTLY CLOUDY,11.4,4.5,2025-08-04T02:20:00+09:30,PT5M
8,-99,8.2,0,0,0,954.6,342,4.4,156,MOSTLY CLEAR,11.4,4.5,2025-08-04T02:25:00+09:30,PT5M
8,-98,8.2,0,0,0,954.5,342,4.4,154,MOSTLY CLEAR,11.4,4.5,2025-08-04T02:30:00+09:30,PT5M
8,-97,10.1,0,0,0,954.5,342,4.4,153,PARTLY CLOUDY,11.5,4.5,2025-08-04T02:35:00+09:30,PT5M
8,-97,10.1,0,0,0,954.5,342,4.5,152,PARTLY CLOUDY,11.5,4.5,2025-08-04T02:40:00+09:30,PT5M
8,-96,10.1,0,0,0,954.4,342,4.5,151,PARTLY CLOUDY,11.5,4.5,2025-08-04T02:45:00+09:30,PT5M
8,-95,10.1,0,0,0,954.4,342,4.5,150,PARTLY CLOUDY,11.5,4.5,2025-08-04T02:50:00+09:30,PT5M
8,-95,10.1,0,0,0,954.4,342,4.5,149,PARTLY CLOUDY,11.5,4.5,2025-08-04T02:55:00+09:30,PT5M
8,-94,10.1,0,0,0,954.4,342,4.6,148,PARTLY CLOUDY,11.5,4.5,2025-08-04T03:00:00+09:30,PT5M
8,-93,8.2,0,0,0,954.4,342,4.6,146,MOSTLY CLEAR,11.5,4.5,2025-08-04T03:05:00+09:30,PT5M
8,-93,0,0,0,0,954.4,342,4.6,145,CLEAR,11.6,4.5,2025-08-04T03:10:00+09:30,PT5M
8,-92,0,0,0,0,954.3,342,4.7,144,CLEAR,11.6,4.5,2025-08-04T03:15:00+09:30,PT5M
8,-92,0,0,0,0,954.3,342,4.7,143,CLEAR,11.6,4.6,2025-08-04T03:20:00+09:30,PT5M
8,-91,0,0,0,0,954.3,342,4.7,142,CLEAR,11.7,4.6,2025-08-04T03:25:00+09:30,PT5M
9,-91,8.2,0,0,0,954.3,342,4.7,141,MOSTLY CLEAR,11.7,4.6,2025-08-04T03:30:00+09:30,PT5M
9,-90,0,0,0,0,954.3,342,4.7,140,CLEAR,11.8,4.6,2025-08-04T03:35:00+09:30,PT5M
9,-90,0,0,0,0,954.2,341,4.8,138,CLEAR,11.8,4.6,2025-08-04T03:40:00+09:30,PT5M
9,-89,0,0,0,0,954.1,341,4.8,137,CLEAR,11.9,4.6,2025-08-04T03:45:00+09:30,PT5M
9,-89,0,0,0,0,954.1,341,4.8,136,CLEAR,11.9,4.7,2025-08-04T03:50:00+09:30,PT5M
9,-88,0,0,0,0,954,341,4.8,135,CLEAR,11.9,4.7,2025-08-04T03:55:00+09:30,PT5M
9,-88,8.2,0,0,0,954,341,4.8,134,MOSTLY CLEAR,12,4.7,2025-08-04T04:00:00+09:30,PT5M
9,-87,0,0,0,0,953.9,341,4.8,133,CLEAR,12,4.7,2025-08-04T04:05:00+09:30,PT5M
9,-87,0,0,0,0,953.8,341,4.8,132,CLEAR,12.2,4.7,2025-08-04T04:10:00+09:30,PT5M
9,-86,0,0,0,0,953.8,341,4.8,130,CLEAR,12.2,4.8,2025-08-04T04:15:00+09:30,PT5M
9,-86,0,0,0,0,953.7,341,4.8,129,CLEAR,12.4,4.8,2025-08-04T04:20:00+09:30,PT5M
9,-85,0,0,0,0,953.7,341,4.9,128,CLEAR,12.4,4.9,2025-08-04T04:25:00+09:30,PT5M
9,-85,0,0,0,0,953.6,341,4.9,127,CLEAR,12.6,4.9,2025-08-04T04:30:00+09:30,PT5M
9,-85,0,0,0,0,953.6,340,4.9,126,CLEAR,12.7,4.9,2025-08-04T04:35:00+09:30,PT5M
9,-84,0,0,0,0,953.6,340,4.8,125,CLEAR,12.8,5,2025-08-04T04:40:00+09:30,PT5M
8,-84,0,0,0,0,953.6,339,4.8,124,CLEAR,12.8,5,2025-08-04T04:45:00+09:30,PT5M
8,-83,0,0,0,0,953.6,338,4.8,122,CLEAR,13,5,2025-08-04T04:50:00+09:30,PT5M
8,-83,0,0,0,0,953.6,337,4.7,121,CLEAR,13,5.1,2025-08-04T04:55:00+09:30,PT5M
8,-83,0,0,0,0,953.6,337,4.7,120,CLEAR,13.2,5.1,2025-08-04T05:00:00+09:30,PT5M
8,-82,0,0,0,0,953.6,336,4.7,119,CLEAR,13.2,5.1,2025-08-04T05:05:00+09:30,PT5M
8,-82,0,0,0,0,953.6,335,4.7,118,CLEAR,13.3,5.1,2025-08-04T05:10:00+09:30,PT5M
8,-81,0,0,0,0,953.7,334,4.6,117,CLEAR,13.4,5.1,2025-08-04T05:15:00+09:30,PT5M
8,-81,8.2,0,0,0,953.7,333,4.6,116,MOSTLY CLEAR,13.5,5.2,2025-08-04T05:20:00+09:30,PT5M
8,-80,8.2,0,0,0,953.7,332,4.6,115,MOSTLY CLEAR,13.6,5.2,2025-08-04T05:25:00+09:30,PT5M
8,-80,0,0,0,0,953.7,332,4.6,113,CLEAR,13.7,5.2,2025-08-04T05:30:00+09:30,PT5M
7,-80,0,0,0,0,953.7,331,4.6,112,CLEAR,13.8,5.2,2025-08-04T05:35:00+09:30,PT5M
8,-79,0,0,0,0,953.8,331,4.6,111,CLEAR,13.9,5.2,2025-08-04T05:40:00+09:30,PT5M
8,-79,0,0,0,0,953.8,330,4.5,110,CLEAR,14,5.2,2025-08-04T05:45:00+09:30,PT5M
8,-78,0,0,0,0,953.9,330,4.5,109,CLEAR,14.1,5.3,2025-08-04T05:50:00+09:30,PT5M
8,-78,0,0,0,0,953.9,330,4.5,108,CLEAR,14.2,5.3,2025-08-04T05:55:00+09:30,PT5M
8,-78,0,0,0,0,954,330,4.5,107,CLEAR,14.3,5.3,2025-08-04T06:00:00+09:30,PT5M
8,-77,0,0,0,0,954,329,4.5,106,CLEAR,14.2,5.3,2025-08-04T06:05:00+09:30,PT5M
8,-77,8.2,0,0,0,954.1,329,4.5,104,MOSTLY CLEAR,14.1,5.3,2025-08-04T06:10:00+09:30,PT5M
8,-76,8.2,0,0,0,954.1,329,4.5,103,MOSTLY CLEAR,14,5.3,2025-08-04T06:15:00+09:30,PT5M
8,-76,0,0,0,0,954.2,328,4.5,102,CLEAR,13.9,5.4,2025-08-04T06:20:00+09:30,PT5M
8,-75,0,0,0,0,954.2,328,4.5,101,CLEAR,13.7,5.4,2025-08-04T06:25:00+09:30,PT5M
8,-75,0,0,0,0,954.3,328,4.5,100,CLEAR,13.6,5.4,2025-08-04T06:30:00+09:30,PT5M
8,-74,0,0,0,0,954.3,328,4.5,99,CLEAR,13.5,5.4,2025-08-04T06:35:00+09:30,PT5M
8,-74,0,0,0,0,954.3,327,4.4,98,CLEAR,13.4,5.4,2025-08-04T06:40:00+09:30,PT5M
8,-74,0,0,0,0,954.4,327,4.4,97,CLEAR,13.2,5.4,2025-08-04T06:45:00+09:30,PT5M
8,-73,0,0,0,0,954.4,326,4.4,96,CLEAR,13.1,5.5,2025-08-04T06:50:00+09:30,PT5M
8,-73,0,0,0,0,954.4,326,4.4,94,CLEAR,13,5.5,2025-08-04T06:55:00+09:30,PT5M
8,-72,0,0,0,0,954.4,326,4.3,93,CLEAR,12.9,5.5,2025-08-04T07:00:00+09:30,PT5M
8,-72,0,0,0,0,954.5,325,4.3,92,CLEAR,12.6,5.5,2025-08-04T07:05:00+09:30,PT5M
8,-71,8.2,0,0,0,954.5,325,4.3,91,MOSTLY CLEAR,12.3,5.5,2025-08-04T07:10:00+09:30,PT5M
8,-71,0,0,0,0,954.5,324,4.2,90,CLEAR,11.9,5.5,2025-08-04T07:15:00+09:30,PT5M
8,-70,0,8,11,0,954.5,324,4.2,89,SUNNY,11.6,5.5,2025-08-04T07:20:00+09:30,PT5M
8,-70,0,20,32,0,954.6,324,4.2,88,SUNNY,11.2,5.5,2025-08-04T07:25:00+09:30,PT5M
8,-69,0,32,60,0,954.6,323,4.2,87,SUNNY,10.9,5.5,2025-08-04T07:30:00+09:30,PT5M
8,-69,0,47,93,0,954.6,323,4.2,86,SUNNY,10.5,5.6,2025-08-04T07:35:00+09:30,PT5M
8,-68,0,62,129,0,954.7,322,4.2,85,SUNNY,10.2,5.6,2025-08-04T07:40:00+09:30,PT5M
9,-67,0,77,152,0,954.8,322,4.2,84,SUNNY,9.8,5.6,2025-08-04T07:45:00+09:30,PT5M
9,-67,0,94,175,0,954.8,321,4.2,83,SUNNY,9.5,5.6,2025-08-04T07:50:00+09:30,PT5M
10,-66,0,110,198,0,954.9,321,4.3,82,SUNNY,9.1,5.6,2025-08-04T07:55:00+09:30,PT5M
10,-66,0,127,220,0,955,320,4.3,81,SUNNY,8.8,5.6,2025-08-04T08:00:00+09:30,PT5M
11,-65,0,145,242,0,955,320,4.3,80,SUNNY,8.4,5.6,2025-08-04T08:05:00+09:30,PT5M
11,-65,0,162,264,0,955.1,320,4.3,78,SUNNY,8.1,5.6,2025-08-04T08:10:00+09:30,PT5M
12,-64,0,180,286,0,955.2,319,4.4,77,SUNNY,7.7,5.6,2025-08-04T08:15:00+09:30,PT5M
12,-63,0,197,307,0,955.2,319,4.4,76,SUNNY,7.3,5.6,2025-08-04T08:20:00+09:30,PT5M
13,-63,0,215,329,0,955.3,318,4.4,75,SUNNY,7,5.6,2025-08-04T08:25:00+09:30,PT5M
13,-62,0,232,350,0,955.4,318,4.4,74,SUNNY,6.6,5.6,2025-08-04T08:30:00+09:30,PT5M
14,-61,0,250,371,0,955.4,318,4.5,73,SUNNY,6.3,5.5,2025-08-04T08:35:00+09:30,PT5M
14,-61,0,267,391,0,955.4,317,4.5,72,SUNNY,5.9,5.5,2025-08-04T08:40:00+09:30,PT5M
14,-60,0,284,412,0,955.4,317,4.6,71,SUNNY,5.6,5.5,2025-08-04T08:45:00+09:30,PT5M
14,-59,0,302,432,0,955.5,317,4.6,70,SUNNY,5.5,5.5,2025-08-04T08:50:00+09:30,PT5M
15,-59,0,319,452,0,955.5,317,4.7,69,SUNNY,5.5,5.5,2025-08-04T08:55:00+09:30,PT5M
15,-58,0,336,472,0,955.5,316,4.7,68,SUNNY,5.5,5.5,2025-08-04T09:00:00+09:30,PT5M
15,-57,4.5,337,461,0,955.5,316,4.8,67,MOSTLY SUNNY,5.3,5.3,2025-08-04T09:05:00+09:30,PT5M
15,-56,10.2,332,439,0,955.5,316,4.9,67,PARTLY CLOUDY,5,5,2025-08-04T09:10:00+09:30,PT5M
15,-56,13.4,334,431,0,955.5,316,4.9,66,PARTLY CLOUDY,4.7,4.7,2025-08-04T09:15:00+09:30,PT5M
16,-55,16.5,336,423,0,955.6,316,5,65,PARTLY CLOUDY,4.4,4.4,2025-08-04T09:20:00+09:30,PT5M
16,-54,14.7,357,453,0,955.6,315,5,64,PARTLY CLOUDY,4.1,4.1,2025-08-04T09:25:00+09:30,PT5M
16,-53,12.9,378,483,0,955.6,315,5.1,63,PARTLY CLOUDY,3.8,3.8,2025-08-04T09:30:00+09:30,PT5M
16,-52,5.9,424,559,0,955.6,315,5.1,62,MOSTLY SUNNY,3.4,3.4,2025-08-04T09:35:00+09:30,PT5M
16,-51,0,466,623,0,955.6,315,5.1,61,SUNNY,3.1,3.1,2025-08-04T09:40:00+09:30,PT5M
17,-50,11.1,428,546,0,955.6,314,5.2,60,PARTLY CLOUDY,2.9,2.8,2025-08-04T09:45:00+09:30,PT5M
17,-50,16,417,517,0,955.6,314,5.2,59,PARTLY CLOUDY,2.7,2.5,2025-08-04T09:50:00+09:30,PT5M
17,-49,15.6,431,534,0,955.6,314,5.3,58,PARTLY CLOUDY,2.6,2.2,2025-08-04T09:55:00+09:30,PT5M
17,-48,13.7,453,566,0,955.6,314,5.3,57,PARTLY CLOUDY,2.4,1.9,2025-08-04T10:00:00+09:30,PT5M
17,-47,5.8,508,655,0,955.5,313,5.3,57,MOSTLY SUNNY,2.3,1.7,2025-08-04T10:05:00+09:30,PT5M
17,-46,6.7,515,660,0,955.5,313,5.4,56,MOSTLY SUNNY,2.3,1.7,2025-08-04T10:10:00+09:30,PT5M
18,-45,7.7,522,665,0,955.5,313,5.4,55,MOSTLY SUNNY,2.3,1.7,2025-08-04T10:15:00+09:30,PT5M
18,-43,10.8,515,647,0,955.5,313,5.4,54,PARTLY CLOUDY,2.3,1.7,2025-08-04T10:20:00+09:30,PT5M
18,-42,9.3,536,675,0,955.5,312,5.5,53,MOSTLY SUNNY,2.3,1.7,2025-08-04T10:25:00+09:30,PT5M
18,-41,0,602,778,0,955.5,312,5.5,53,SUNNY,2.3,1.7,2025-08-04T10:30:00+09:30,PT5M
18,-40,0,614,792,0,955.5,312,5.5,52,SUNNY,2.4,1.8,2025-08-04T10:35:00+09:30,PT5M
18,-39,0,626,805,0,955.5,312,5.5,51,SUNNY,2.4,1.8,2025-08-04T10:40:00+09:30,PT5M
19,-38,0,637,817,0,955.4,311,5.5,50,SUNNY,2.4,1.8,2025-08-04T10:45:00+09:30,PT5M
19,-36,0,647,829,0,955.4,311,5.5,50,SUNNY,2.4,1.8,2025-08-04T10:50:00+09:30,PT5M
19,-35,4.5,628,794,0,955.4,311,5.5,49,MOSTLY SUNNY,2.4,1.8,2025-08-04T10:55:00+09:30,PT5M
19,-34,12.3,585,719,0,955.4,310,5.5,48,PARTLY CLOUDY,2.4,1.8,2025-08-04T11:00:00+09:30,PT5M
19,-32,1.4,667,848,0,955.3,310,5.5,48,MOSTLY SUNNY,2.4,1.8,2025-08-04T11:05:00+09:30,PT5M
19,-31,0,686,872,0,955.3,310,5.5,47,SUNNY,2.4,1.8,2025-08-04T11:10:00+09:30,PT5M
19,-29,0,694,882,0,955.3,309,5.5,47,SUNNY,2.4,1.7,2025-08-04T11:15:00+09:30,PT5M
20,-28,0,702,891,0,955.3,309,5.5,46,SUNNY,2.5,1.7,2025-08-04T11:20:00+09:30,PT5M
20,-27,0,710,900,0,955.2,309,5.5,46,SUNNY,2.5,1.7,2025-08-04T11:25:00+09:30,PT5M
20,-25,0,717,908,0,955.2,308,5.5,45,SUNNY,2.5,1.7,2025-08-04T11:30:00+09:30,PT5M
20,-23,0,724,915,0,955.2,308,5.5,45,SUNNY,2.5,1.6,2025-08-04T11:35:00+09:30,PT5M
20,-22,0,730,922,0,955.1,308,5.4,44,SUNNY,2.5,1.6,2025-08-04T11:40:00+09:30,PT5M
20,-20,0,736,929,0,955,307,5.4,44,SUNNY,2.5,1.6,2025-08-04T11:45:00+09:30,PT5M
20,-19,0,741,935,0,954.9,307,5.4,43,SUNNY,2.6,1.6,2025-08-04T11:50:00+09:30,PT5M
21,-17,0,746,940,0,954.8,306,5.3,43,SUNNY,2.6,1.5,2025-08-04T11:55:00+09:30,PT5M
21,-15,0,750,945,0,954.7,306,5.3,43,SUNNY,2.6,1.5,2025-08-04T12:00:00+09:30,PT5M
21,-14,0,754,949,0,954.7,306,5.3,42,SUNNY,3,1.5,2025-08-04T12:05:00+09:30,PT5M
21,-12,0,758,953,0,954.6,305,5.3,42,SUNNY,3.8,1.5,2025-08-04T12:10:00+09:30,PT5M
21,-10,0,761,957,0,954.5,305,5.2,42,SUNNY,4.6,1.5,2025-08-04T12:15:00+09:30,PT5M
21,-8,0,763,959,0,954.4,304,5.2,42,SUNNY,5.4,1.5,2025-08-04T12:20:00+09:30,PT5M
21,-7,0,765,962,0,954.3,304,5.2,42,SUNNY,6.2,1.5,2025-08-04T12:25:00+09:30,PT5M
21,-5,0,767,963,0,954.2,303,5.1,42,SUNNY,7,1.5,2025-08-04T12:30:00+09:30,PT5M
21,-3,0,768,964,0,954.2,303,5.1,41,SUNNY,7.7,1.4,2025-08-04T12:35:00+09:30,PT5M
22,-1,0,768,965,0,954.1,302,5,41,SUNNY,8.5,1.4,2025-08-04T12:40:00+09:30,PT5M
22,1,0,768,965,0,954,301,5,41,SUNNY,9.3,1.4,2025-08-04T12:45:00+09:30,PT5M
22,2,0,768,965,0,954,300,4.9,41,SUNNY,10.1,1.4,2025-08-04T12:50:00+09:30,PT5M
22,4,0,767,964,0,953.9,299,4.9,41,SUNNY,10.9,1.4,2025-08-04T12:55:00+09:30,PT5M
22,6,0,766,962,0,953.9,299,4.8,42,SUNNY,11.7,1.4,2025-08-04T13:00:00+09:30,PT5M
22,8,0,764,960,0,953.8,298,4.7,42,SUNNY,12.9,1.4,2025-08-04T13:05:00+09:30,PT5M
22,10,0,762,958,0,953.7,297,4.7,42,SUNNY,14.4,1.4,2025-08-04T13:10:00+09:30,PT5M
22,11,0,759,954,0,953.7,296,4.6,42,SUNNY,16,1.4,2025-08-04T13:15:00+09:30,PT5M
22,13,0,756,951,0,953.6,295,4.6,42,SUNNY,17.6,1.5,2025-08-04T13:20:00+09:30,PT5M
23,15,0,752,947,0,953.6,294,4.5,43,SUNNY,19.1,1.5,2025-08-04T13:25:00+09:30,PT5M
23,16,0,748,942,0,953.5,293,4.5,43,SUNNY,20.7,1.5,2025-08-04T13:30:00+09:30,PT5M
23,18,0,743,937,0,953.5,292,4.4,43,SUNNY,22.2,1.5,2025-08-04T13:35:00+09:30,PT5M
23,20,0,738,931,0,953.4,291,4.3,44,SUNNY,23.8,1.5,2025-08-04T13:40:00+09:30,PT5M
23,21,6.1,687,856,0,953.3,289,4.3,44,MOSTLY SUNNY,25.3,1.5,2025-08-04T13:45:00+09:30,PT5M
23,23,0,726,918,0,953.3,288,4.2,44,SUNNY,26.9,1.6,2025-08-04T13:50:00+09:30,PT5M
23,25,0,720,911,0,953.2,286,4.2,45,SUNNY,28.5,1.6,2025-08-04T13:55:00+09:30,PT5M
23,26,0,713,903,0,953.2,285,4.1,45,SUNNY,30,1.6,2025-08-04T14:00:00+09:30,PT5M
24,28,0,705,895,0,953.1,283,4,46,SUNNY,31.6,1.6,2025-08-04T14:05:00+09:30,PT5M
24,29,0,698,886,0,953,282,4,46,SUNNY,33.1,1.6,2025-08-04T14:10:00+09:30,PT5M
24,30,0,689,877,0,953,280,4,47,SUNNY,34.7,1.6,2025-08-04T14:15:00+09:30,PT5M
24,32,0,681,867,0,952.9,279,3.9,48,SUNNY,36.3,1.6,2025-08-04T14:20:00+09:30,PT5M
24,33,10.8,599,741,0,952.9,277,3.9,48,PARTLY CLOUDY,37.8,1.6,2025-08-04T14:25:00+09:30,PT5M
24,35,0,662,846,0,952.8,275,3.8,49,SUNNY,39.4,1.6,2025-08-04T14:30:00+09:30,PT5M
24,36,4.5,622,788,0,952.8,274,3.8,50,MOSTLY SUNNY,41,1.7,2025-08-04T14:35:00+09:30,PT5M
24,37,1.3,633,810,0,952.8,273,3.8,50,MOSTLY SUNNY,42.6,1.7,2025-08-04T14:40:00+09:30,PT5M
24,38,0,631,811,0,952.8,272,3.7,51,SUNNY,44.1,1.7,2025-08-04T14:45:00+09:30,PT5M
24,40,0,620,798,0,952.7,271,3.7,52,SUNNY,45.7,1.7,2025-08-04T14:50:00+09:30,PT5M
24,41,0,608,785,0,952.7,269,3.7,52,SUNNY,47.3,1.7,2025-08-04T14:55:00+09:30,PT5M
24,42,0,596,772,0,952.7,268,3.7,53,SUNNY,48.8,1.7,2025-08-04T15:00:00+09:30,PT5M
24,43,0,584,757,0,952.7,267,3.6,54,SUNNY,49.8,2.1,2025-08-04T15:05:00+09:30,PT5M
24,44,0,571,742,0,952.7,266,3.6,55,SUNNY,50.3,3,2025-08-04T15:10:00+09:30,PT5M
24,45,0,557,727,0,952.7,265,3.6,56,SUNNY,50.7,3.9,2025-08-04T15:15:00+09:30,PT5M
24,46,0,544,711,0,952.7,263,3.6,56,SUNNY,51.2,4.8,2025-08-04T15:20:00+09:30,PT5M
25,47,0,529,694,0,952.7,262,3.6,57,SUNNY,51.7,5.6,2025-08-04T15:25:00+09:30,PT5M
25,48,0,515,677,0,952.7,261,3.6,58,SUNNY,52.1,6.5,2025-08-04T15:30:00+09:30,PT5M
25,49,0,500,660,0,952.7,260,3.5,59,SUNNY,52.6,7.4,2025-08-04T15:35:00+09:30,PT5M
25,50,0,485,642,0,952.7,259,3.5,60,SUNNY,53,8.3,2025-08-04T15:40:00+09:30,PT5M
25,51,0,469,624,0,952.7,259,3.5,61,SUNNY,53.5,9.1,2025-08-04T15:45:00+09:30,PT5M
25,52,0,453,605,0,952.7,258,3.5,62,SUNNY,54,10,2025-08-04T15:50:00+09:30,PT5M
25,53,0,437,586,0,952.7,257,3.4,62,SUNNY,54.4,10.9,2025-08-04T15:55:00+09:30,PT5M
25,54,0,421,567,0,952.7,257,3.4,63,SUNNY,54.9,11.8,2025-08-04T16:00:00+09:30,PT5M
24,55,0,404,547,0,952.7,256,3.4,64,SUNNY,54.8,12.1,2025-08-04T16:05:00+09:30,PT5M
24,55,0,388,528,0,952.7,255,3.4,65,SUNNY,54.2,12,2025-08-04T16:10:00+09:30,PT5M
24,56,0,371,509,0,952.7,255,3.3,66,SUNNY,53.5,11.9,2025-08-04T16:15:00+09:30,PT5M
24,57,0,355,490,0,952.7,254,3.3,67,SUNNY,52.9,11.8,2025-08-04T16:20:00+09:30,PT5M
24,58,0,338,470,0,952.7,253,3.3,68,SUNNY,52.3,11.6,2025-08-04T16:25:00+09:30,PT5M
24,59,0,321,450,0,952.7,252,3.3,69,SUNNY,51.7,11.5,2025-08-04T16:30:00+09:30,PT5M
24,59,0,303,429,0,952.7,252,3.2,70,SUNNY,51,11.4,2025-08-04T16:35:00+09:30,PT5M
24,60,0,286,408,0,952.7,251,3.1,71,SUNNY,50.4,11.3,2025-08-04T16:40:00+09:30,PT5M
24,61,0,269,387,0,952.7,251,3,72,SUNNY,49.8,11.1,2025-08-04T16:45:00+09:30,PT5M
24,61,0,251,366,0,952.7,250,3,73,SUNNY,49.2,11,2025-08-04T16:50:00+09:30,PT5M
24,62,0,233,345,0,952.7,250,2.9,74,SUNNY,48.5,10.9,2025-08-04T16:55:00+09:30,PT5M
24,63,0,216,323,0,952.8,249,2.8,75,SUNNY,47.9,10.8,2025-08-04T17:00:00+09:30,PT5M
24,63,0,198,301,0,952.8,248,2.7,76,SUNNY,47.3,10.7,2025-08-04T17:05:00+09:30,PT5M
23,64,0,180,279,0,952.8,247,2.6,77,SUNNY,46.7,10.6,2025-08-04T17:10:00+09:30,PT5M
23,64,0,163,256,0,952.8,247,2.5,78,SUNNY,46,10.6,2025-08-04T17:15:00+09:30,PT5M
23,65,0,145,234,0,952.8,246,2.4,79,SUNNY,45.4,10.6,2025-08-04T17:20:00+09:30,PT5M
23,66,0,128,211,0,952.9,245,2.4,80,SUNNY,44.8,10.6,2025-08-04T17:25:00+09:30,PT5M
23,66,0,111,188,0,952.9,244,2.3,81,SUNNY,44.1,10.5,2025-08-04T17:30:00+09:30,PT5M
23,67,0,94,165,0,952.9,243,2.2,82,SUNNY,43.5,10.5,2025-08-04T17:35:00+09:30,PT5M
22,67,0,78,142,0,953,242,2.2,83,SUNNY,42.9,10.4,2025-08-04T17:40:00+09:30,PT5M
22,68,0,63,118,0,953,241,2.2,84,SUNNY,42.2,10.4,2025-08-04T17:45:00+09:30,PT5M
22,68,0,48,90,0,953.1,241,2.2,85,SUNNY,41.6,10.4,2025-08-04T17:50:00+09:30,PT5M
22,69,0,34,58,0,953.1,240,2.1,87,SUNNY,41,10.4,2025-08-04T17:55:00+09:30,PT5M
21,70,8.2,20,25,0,953.2,239,2.1,88,MOSTLY SUNNY,40.3,10.3,2025-08-04T18:00:00+09:30,PT5M
21,70,10.1,10,10,0,953.3,238,2.1,89,PARTLY CLOUDY,39.8,10.3,2025-08-04T18:05:00+09:30,PT5M
21,71,10.1,1,1,0,953.3,237,2.1,90,PARTLY CLOUDY,39.4,10.3,2025-08-04T18:10:00+09:30,PT5M
21,71,10.1,0,0,0,953.4,236,2.1,91,PARTLY CLOUDY,39.1,10.2,2025-08-04T18:15:00+09:30,PT5M
20,72,8.2,0,0,0,953.4,235,2,92,MOSTLY CLEAR,38.7,10.2,2025-08-04T18:20:00+09:30,PT5M
20,72,8.2,0,0,0,953.5,235,2,93,MOSTLY CLEAR,38.3,10.2,2025-08-04T18:25:00+09:30,PT5M
20,73,0,0,0,0,953.6,234,2,94,CLEAR,37.9,10.2,2025-08-04T18:30:00+09:30,PT5M
20,73,0,0,0,0,953.6,233,2,95,CLEAR,37.6,10.1,2025-08-04T18:35:00+09:30,PT5M
19,73,0,0,0,0,953.7,234,2,96,CLEAR,37.2,10.1,2025-08-04T18:40:00+09:30,PT5M
19,74,0,0,0,0,953.8,234,1.9,97,CLEAR,36.8,10.1,2025-08-04T18:45:00+09:30,PT5M
19,74,0,0,0,0,953.9,235,1.9,98,CLEAR,36.4,10.1,2025-08-04T18:50:00+09:30,PT5M
19,75,0,0,0,0,954,235,1.9,100,CLEAR,36.1,10,2025-08-04T18:55:00+09:30,PT5M
19,75,0,0,0,0,954.1,236,1.9,101,CLEAR,35.7,10,2025-08-04T19:00:00+09:30,PT5M
19,76,0,0,0,0,954.2,236,1.9,102,CLEAR,35.4,10,2025-08-04T19:05:00+09:30,PT5M
18,76,0,0,0,0,954.3,237,1.8,103,CLEAR,35.3,10,2025-08-04T19:10:00+09:30,PT5M
18,77,0,0,0,0,954.4,237,1.8,104,CLEAR,35.2,9.9,2025-08-04T19:15:00+09:30,PT5M
18,77,0,0,0,0,954.5,238,1.8,105,CLEAR,35.1,9.9,2025-08-04T19:20:00+09:30,PT5M
18,78,0,0,0,0,954.6,238,1.8,106,CLEAR,34.9,9.9,2025-08-04T19:25:00+09:30,PT5M
18,78,0,0,0,0,954.7,239,1.8,107,CLEAR,34.8,9.9,2025-08-04T19:30:00+09:30,PT5M
17,78,0,0,0,0,954.8,238,1.7,108,CLEAR,34.7,9.8,2025-08-04T19:35:00+09:30,PT5M
17,79,0,0,0,0,954.9,236,1.7,110,CLEAR,34.6,9.8,2025-08-04T19:40:00+09:30,PT5M
17,79,0,0,0,0,954.9,234,1.7,111,CLEAR,34.4,9.8,2025-08-04T19:45:00+09:30,PT5M
17,80,0,0,0,0,955,233,1.7,112,CLEAR,34.3,9.8,2025-08-04T19:50:00+09:30,PT5M
17,80,0,0,0,0,955.1,231,1.7,113,CLEAR,34.2,9.7,2025-08-04T19:55:00+09:30,PT5M
17,80,8.2,0,0,0,955.1,229,1.6,114,MOSTLY CLEAR,34.1,9.7,2025-08-04T20:00:00+09:30,PT5M
17,81,0,0,0,0,955.2,226,1.6,115,CLEAR,33.9,9.7,2025-08-04T20:05:00+09:30,PT5M
17,81,0,0,0,0,955.2,224,1.6,116,CLEAR,33.8,9.7,2025-08-04T20:10:00+09:30,PT5M
16,82,0,0,0,0,955.3,222,1.6,117,CLEAR,33.7,9.7,2025-08-04T20:15:00+09:30,PT5M
16,82,8.2,0,0,0,955.4,220,1.6,119,MOSTLY CLEAR,33.6,9.6,2025-08-04T20:20:00+09:30,PT5M
16,83,10.1,0,0,0,955.4,218,1.6,120,PARTLY CLOUDY,33.5,9.6,2025-08-04T20:25:00+09:30,PT5M
16,83,10.1,0,0,0,955.5,216,1.6,121,PARTLY CLOUDY,33.4,9.6,2025-08-04T20:30:00+09:30,PT5M
16,83,8.2,0,0,0,955.5,214,1.6,122,MOSTLY CLEAR,33.2,9.6,2025-08-04T20:35:00+09:30,PT5M
16,84,8.2,0,0,0,955.5,213,1.6,123,MOSTLY CLEAR,33.1,9.6,2025-08-04T20:40:00+09:30,PT5M
16,84,10.1,0,0,0,955.5,211,1.5,124,PARTLY CLOUDY,33,9.6,2025-08-04T20:45:00+09:30,PT5M
16,85,10.1,0,0,0,955.5,210,1.5,125,PARTLY CLOUDY,32.9,9.5,2025-08-04T20:50:00+09:30,PT5M
16,85,10.1,0,0,0,955.5,208,1.5,127,PARTLY CLOUDY,32.8,9.5,2025-08-04T20:55:00+09:30,PT5M
16,86,10.1,0,0,0,955.5,206,1.5,128,PARTLY CLOUDY,32.7,9.5,2025-08-04T21:00:00+09:30,PT5M
16,86,10.1,0,0,0,955.4,205,1.5,129,PARTLY CLOUDY,32.6,9.5,2025-08-04T21:05:00+09:30,PT5M
16,86,10.1,0,0,0,955.4,203,1.5,130,PARTLY CLOUDY,32.5,9.5,2025-08-04T21:10:00+09:30,PT5M
16,87,8.2,0,0,0,955.4,202,1.5,131,MOSTLY CLEAR,32.5,9.5,2025-08-04T21:15:00+09:30,PT5M
16,87,10.1,0,0,0,955.4,200,1.5,132,PARTLY CLOUDY,32.4,9.5,2025-08-04T21:20:00+09:30,PT5M
16,88,10.1,0,0,0,955.4,198,1.5,133,PARTLY CLOUDY,32.3,9.5,2025-08-04T21:25:00+09:30,PT5M
16,88,10.1,0,0,0,955.4,197,1.5,135,PARTLY CLOUDY,32.3,9.5,2025-08-04T21:30:00+09:30,PT5M
16,89,10.1,0,0,0,955.4,195,1.5,136,PARTLY CLOUDY,32.2,9.6,2025-08-04T21:35:00+09:30,PT5M
16,89,8.2,0,0,0,955.5,194,1.5,137,MOSTLY CLEAR,32.2,9.6,2025-08-04T21:40:00+09:30,PT5M
16,90,8.2,0,0,0,955.5,193,1.5,138,MOSTLY CLEAR,32.1,9.6,2025-08-04T21:45:00+09:30,PT5M
16,90,0,0,0,0,955.5,192,1.5,139,CLEAR,32,9.6,2025-08-04T21:50:00+09:30,PT5M
16,91,8.2,0,0,0,955.6,191,1.5,140,MOSTLY CLEAR,32,9.6,2025-08-04T21:55:00+09:30,PT5M
16,91,8.2,0,0,0,955.6,190,1.5,141,MOSTLY CLEAR,31.9,9.6,2025-08-04T22:00:00+09:30,PT5M
16,92,8.2,0,0,0,955.6,189,1.5,143,MOSTLY CLEAR,31.9,9.6,2025-08-04T22:05:00+09:30,PT5M
16,92,8.2,0,0,0,955.7,188,1.5,144,MOSTLY CLEAR,31.9,9.6,2025-08-04T22:10:00+09:30,PT5M
16,93,8.2,0,0,0,955.7,187,1.6,145,MOSTLY CLEAR,31.9,9.6,2025-08-04T22:15:00+09:30,PT5M
16,94,8.2,0,0,0,955.7,186,1.6,146,MOSTLY CLEAR,32,9.7,2025-08-04T22:20:00+09:30,PT5M
16,94,10.1,0,0,0,955.8,185,1.6,147,PARTLY CLOUDY,32,9.7,2025-08-04T22:25:00+09:30,PT5M
16,95,10.1,0,0,0,955.8,184,1.6,148,PARTLY CLOUDY,32,9.7,2025-08-04T22:30:00+09:30,PT5M
15,95,10.1,0,0,0,955.8,184,1.6,149,PARTLY CLOUDY,32,9.7,2025-08-04T22:35:00+09:30,PT5M
15,96,8.2,0,0,0,955.8,184,1.6,151,MOSTLY CLEAR,32,9.7,2025-08-04T22:40:00+09:30,PT5M
15,97,8.2,0,0,0,955.8,184,1.6,152,MOSTLY CLEAR,32,9.7,2025-08-04T22:45:00+09:30,PT5M
15,98,0,0,0,0,955.9,185,1.6,153,CLEAR,32.1,9.8,2025-08-04T22:50:00+09:30,PT5M
15,99,8.2,0,0,0,955.9,185,1.6,154,MOSTLY CLEAR,32.1,9.8,2025-08-04T22:55:00+09:30,PT5M
15,99,8.2,0,0,0,955.9,185,1.6,155,MOSTLY CLEAR,32.1,9.8,2025-08-04T23:00:00+09:30,PT5M
15,100,8.2,0,0,0,955.9,186,1.6,156,MOSTLY CLEAR,32.1,9.8,2025-08-04T23:05:00+09:30,PT5M
14,101,8.2,0,0,0,955.9,186,1.6,157,MOSTLY CLEAR,32.1,9.8,2025-08-04T23:10:00+09:30,PT5M
14,102,8.2,0,0,0,955.9,186,1.6,158,MOSTLY CLEAR,32.1,9.8,2025-08-04T23:15:00+09:30,PT5M
14,104,8.2,0,0,0,956,186,1.6,160,MOSTLY CLEAR,32.2,9.8,2025-08-04T23:20:00+09:30,PT5M
14,105,8.2,0,0,0,956,187,1.6,161,MOSTLY CLEAR,32.2,9.8,2025-08-04T23:25:00+09:30,PT5M
14,106,8.2,0,0,0,956,187,1.6,162,MOSTLY CLEAR,32.2,9.8,2025-08-04T23:30:00+09:30,PT5M
14,108,8.2,0,0,0,956,187,1.6,163,MOSTLY CLEAR,32.2,9.9,2025-08-04T23:35:00+09:30,PT5M
14,110,8.2,0,0,0,956,188,1.6,164,MOSTLY CLEAR,32.2,9.9,2025-08-04T23:40:00+09:30,PT5M
14,112,8.2,0,0,0,956,188,1.6,165,MOSTLY CLEAR,32.2,9.9,2025-08-04T23:45:00+09:30,PT5M
14,114,8.2,0,0,0,955.9,189,1.5,166,MOSTLY CLEAR,32.3,9.9,2025-08-04T23:50:00+09:30,PT5M
14,116,8.2,0,0,0,955.9,189,1.5,167,MOSTLY CLEAR,32.3,9.9,2025-08-04T23:55:00+09:30,PT5M
14,119,10.1,0,0,0,955.9,190,1.5,168,PARTLY CLOUDY,32.3,9.9,2025-08-05T00:00:00+09:30,PT5M
14,123,8.2,0,0,0,955.9,190,1.5,169,MOSTLY CLEAR,32.3,9.9,2025-08-05T00:05:00+09:30,PT5M
14,127,8.2,0,0,0,955.9,191,1.4,170,MOSTLY CLEAR,32.2,9.9,2025-08-05T00:10:00+09:30,PT5M
14,132,8.2,0,0,0,955.9,191,1.4,171,MOSTLY CLEAR,32.1,9.9,2025-08-05T00:15:00+09:30,PT5M
14,137,8.2,0,0,0,955.8,192,1.4,172,MOSTLY CLEAR,32,9.9,2025-08-05T00:20:00+09:30,PT5M
13,144,0,0,0,0,955.8,192,1.4,173,CLEAR,32,9.9,2025-08-05T00:25:00+09:30,PT5M
13,153,0,0,0,0,955.8,193,1.3,173,CLEAR,31.9,9.9,2025-08-05T00:30:00+09:30,PT5M
13,162,0,0,0,0,955.8,194,1.3,174,CLEAR,31.8,9.9,2025-08-05T00:35:00+09:30,PT5M
13,173,0,0,0,0,955.8,196,1.4,174,CLEAR,31.7,9.9,2025-08-05T00:40:00+09:30,PT5M
13,-176,0,0,0,0,955.8,198,1.4,174,CLEAR,31.7,9.9,2025-08-05T00:45:00+09:30,PT5M
13,-165,0,0,0,0,955.9,199,1.4,174,CLEAR,31.6,9.9,2025-08-05T00:50:00+09:30,PT5M
12,-155,0,0,0,0,955.9,201,1.5,173,CLEAR,31.5,9.9,2025-08-05T00:55:00+09:30,PT5M
12,-147,0,0,0,0,955.9,202,1.5,173,CLEAR,31.4,9.9,2025-08-05T01:00:00+09:30,PT5M
12,-139,12.1,0,0,0,955.9,204,1.5,172,PARTLY CLOUDY,31.3,9.9,2025-08-05T01:05:00+09:30,PT5M
12,-133,14,0,0,0,955.9,205,1.6,171,PARTLY CLOUDY,31.1,9.8,2025-08-05T01:10:00+09:30,PT5M
11,-128,23.2,0,0,0,955.9,207,1.6,170,PARTLY CLOUDY,30.9,9.8,2025-08-05T01:15:00+09:30,PT5M
11,-124,25,0,0,0,956,208,1.7,169,PARTLY CLOUDY,30.8,9.8,2025-08-05T01:20:00+09:30,PT5M
11,-120,25,0,0,0,956,209,1.7,168,PARTLY CLOUDY,30.6,9.8,2025-08-05T01:25:00+09:30,PT5M
11,-117,17.8,0,0,0,956,210,1.7,167,PARTLY CLOUDY,30.4,9.7,2025-08-05T01:30:00+09:30,PT5M
11,-115,23.2,0,0,0,956,210,1.8,166,PARTLY CLOUDY,30.2,9.7,2025-08-05T01:35:00+09:30,PT5M
11,-112,26.8,0,0,0,956,208,1.9,165,PARTLY CLOUDY,30,9.6,2025-08-05T01:40:00+09:30,PT5M
11,-110,36.9,0,0,0,956,206,2,164,MOSTLY CLOUDY,29.8,9.6,2025-08-05T01:45:00+09:30,PT5M
11,-108,46.3,0,0,0,956,205,2.1,163,MOSTLY CLOUDY,29.7,9.6,2025-08-05T01:50:00+09:30,PT5M
11,-107,49.2,0,0,0,956,203,2.2,162,MOSTLY CLOUDY,29.5,9.6,2025-08-05T01:55:00+09:30,PT5M
11,-105,53.5,0,0,0,956.1,202,2.3,161,MOSTLY CLOUDY,29.3,9.5,2025-08-05T02:00:00+09:30,PT5M
11,-104,56.2,0,0,0,956.1,201,2.4,160,MOSTLY CLOUDY,29.1,9.5,2025-08-05T02:05:00+09:30,PT5M
11,-103,63.8,0,0,0,956.1,200,2.5,159,OVERCAST,28.9,9.4,2025-08-05T02:10:00+09:30,PT5M
11,-102,65,0,0,0,956.1,199,2.6,158,OVERCAST,28.8,9.4,2025-08-05T02:15:00+09:30,PT5M
11,-101,57.5,0,0,0,956.1,198,2.7,157,MOSTLY CLOUDY,28.6,9.3,2025-08-05T02:20:00+09:30,PT5M
11,-100,58.8,0,0,0,956.1,197,2.8,155,MOSTLY CLOUDY,28.4,9.2,2025-08-05T02:25:00+09:30,PT5M
11,-99,56.2,0,0,0,956.1,196,2.9,154,MOSTLY CLOUDY,28.2,9.2,2025-08-05T02:30:00+09:30,PT5M
11,-98,57.5,0,0,0,956.1,195,2.9,153,MOSTLY CLOUDY,28.1,9.1,2025-08-05T02:35:00+09:30,PT5M
11,-97,58.8,0,0,0,956.1,193,3,152,MOSTLY CLOUDY,27.9,9.1,2025-08-05T02:40:00+09:30,PT5M
11,-96,56.2,0,0,0,956.2,191,3,151,MOSTLY CLOUDY,27.7,9,2025-08-05T02:45:00+09:30,PT5M
11,-96,56.2,0,0,0,956.2,189,3,150,MOSTLY CLOUDY,27.5,8.9,2025-08-05T02:50:00+09:30,PT5M
11,-95,49.2,0,0,0,956.2,187,3,149,MOSTLY CLOUDY,27.4,8.9,2025-08-05T02:55:00+09:30,PT5M
11,-94,56.2,0,0,0,956.2,185,3.1,147,MOSTLY CLOUDY,27.2,8.8,2025-08-05T03:00:00+09:30,PT5M
11,-94,28.5,0,0,0,956.3,184,3.1,146,PARTLY CLOUDY,27,8.8,2025-08-05T03:05:00+09:30,PT5M
11,-93,17.8,0,0,0,956.3,182,3.2,145,PARTLY CLOUDY,26.8,8.7,2025-08-05T03:10:00+09:30,PT5M
11,-93,15.9,0,0,0,956.3,180,3.2,144,PARTLY CLOUDY,26.6,8.6,2025-08-05T03:15:00+09:30,PT5M
11,-92,8.2,0,0,0,956.3,179,3.3,143,MOSTLY CLEAR,26.4,8.5,2025-08-05T03:20:00+09:30,PT5M
11,-92,25,0,0,0,956.4,177,3.3,142,PARTLY CLOUDY,26.2,8.4,2025-08-05T03:25:00+09:30,PT5M
11,-91,32,0,0,0,956.4,176,3.4,141,PARTLY CLOUDY,26,8.3,2025-08-05T03:30:00+09:30,PT5M
11,-90,40.1,0,0,0,956.4,174,3.4,139,MOSTLY CLOUDY,25.7,8.3,2025-08-05T03:35:00+09:30,PT5M
11,-90,54.8,0,0,0,956.4,173,3.4,138,MOSTLY CLOUDY,25.5,8.2,2025-08-05T03:40:00+09:30,PT5M
11,-89,49.2,0,0,0,956.4,172,3.4,137,MOSTLY CLOUDY,25.3,8.1,2025-08-05T03:45:00+09:30,PT5M
11,-89,35.3,0,0,0,956.4,171,3.4,136,MOSTLY CLOUDY,25.1,8,2025-08-05T03:50:00+09:30,PT5M
11,-88,21.4,0,0,0,956.4,170,3.4,135,PARTLY CLOUDY,24.9,7.9,2025-08-05T03:55:00+09:30,PT5M
11,-88,10.1,0,0,0,956.4,169,3.4,134,PARTLY CLOUDY,24.7,7.8,2025-08-05T04:00:00+09:30,PT5M
11,-88,12.1,0,0,0,956.4,168,3.4,133,PARTLY CLOUDY,24.5,7.8,2025-08-05T04:05:00+09:30,PT5M
10,-87,14,0,0,0,956.3,167,3.4,131,PARTLY CLOUDY,24.3,7.7,2025-08-05T04:10:00+09:30,PT5M
10,-87,10.1,0,0,0,956.3,166,3.4,130,PARTLY CLOUDY,24.1,7.6,2025-08-05T04:15:00+09:30,PT5M
10,-86,12.1,0,0,0,956.3,165,3.4,129,PARTLY CLOUDY,23.8,7.5,2025-08-05T04:20:00+09:30,PT5M
10,-86,19.6,0,0,0,956.3,164,3.4,128,PARTLY CLOUDY,23.6,7.5,2025-08-05T04:25:00+09:30,PT5M
10,-85,21.4,0,0,0,956.3,163,3.4,127,PARTLY CLOUDY,23.4,7.4,2025-08-05T04:30:00+09:30,PT5M
10,-85,12.1,0,0,0,956.3,162,3.3,126,PARTLY CLOUDY,23.2,7.3,2025-08-05T04:35:00+09:30,PT5M
10,-84,8.2,0,0,0,956.4,162,3.3,125,MOSTLY CLEAR,23,7.2,2025-08-05T04:40:00+09:30,PT5M
10,-84,8.2,0,0,0,956.4,161,3.3,123,MOSTLY CLEAR,22.8,7.2,2025-08-05T04:45:00+09:30,PT5M
10,-84,14,0,0,0,956.4,161,3.3,122,PARTLY CLOUDY,22.5,7.1,2025-08-05T04:50:00+09:30,PT5M
10,-83,15.9,0,0,0,956.5,160,3.2,121,PARTLY CLOUDY,22.3,7,2025-08-05T04:55:00+09:30,PT5M
10,-83,14,0,0,0,956.5,159,3.2,120,PARTLY CLOUDY,22.1,6.9,2025-08-05T05:00:00+09:30,PT5M
10,-82,10.1,0,0,0,956.5,159,3.2,119,PARTLY CLOUDY,21.9,6.9,2025-08-05T05:05:00+09:30,PT5M
9,-82,28.5,0,0,0,956.6,158,3.2,118,PARTLY CLOUDY,21.7,6.8,2025-08-05T05:10:00+09:30,PT5M
9,-82,14,0,0,0,956.6,157,3.2,117,PARTLY CLOUDY,21.4,6.7,2025-08-05T05:15:00+09:30,PT5M
9,-81,10.1,0,0,0,956.6,157,3.1,116,PARTLY CLOUDY,21.2,6.6,2025-08-05T05:20:00+09:30,PT5M
9,-81,8.2,0,0,0,956.7,156,3.1,114,MOSTLY CLEAR,21,6.6,2025-08-05T05:25:00+09:30,PT5M
9,-80,12.1,0,0,0,956.7,155,3.1,113,PARTLY CLOUDY,20.8,6.5,2025-08-05T05:30:00+09:30,PT5M
9,-80,47.8,0,0,0,956.7,155,3.1,112,MOSTLY CLOUDY,20.5,6.4,2025-08-05T05:35:00+09:30,PT5M
9,-79,63.8,0,0,0,956.8,154,3.1,111,OVERCAST,20.3,6.3,2025-08-05T05:40:00+09:30,PT5M
9,-79,60.1,0,0,0,956.9,153,3,110,OVERCAST,20.1,6.3,2025-08-05T05:45:00+09:30,PT5M
9,-79,62.6,0,0,0,956.9,152,3,109,OVERCAST,19.9,6.2,2025-08-05T05:50:00+09:30,PT5M
9,-78,61.4,0,0,0,957,151,3,108,OVERCAST,19.6,6.1,2025-08-05T05:55:00+09:30,PT5M
9,-78,58.8,0,0,0,957,150,3,107,MOSTLY CLOUDY,19.4,6,2025-08-05T06:00:00+09:30,PT5M
9,-77,57.5,0,0,0,957.1,150,3,105,MOSTLY CLOUDY,19.2,6,2025-08-05T06:05:00+09:30,PT5M
9,-77,58.8,0,0,0,957.2,149,3,104,MOSTLY CLOUDY,18.9,6,2025-08-05T06:10:00+09:30,PT5M
8,-76,40.1,0,0,0,957.2,148,3,103,MOSTLY CLOUDY,18.7,5.9,2025-08-05T06:15:00+09:30,PT5M
8,-76,38.5,0,0,0,957.3,147,3,102,MOSTLY CLOUDY,18.4,5.9,2025-08-05T06:20:00+09:30,PT5M
8,-76,32,0,0,0,957.3,146,3,101,PARTLY CLOUDY,18.1,5.8,2025-08-05T06:25:00+09:30,PT5M
8,-75,54.8,0,0,0,957.4,145,2.9,100,MOSTLY CLOUDY,17.9,5.8,2025-08-05T06:30:00+09:30,PT5M
8,-75,35.3,0,0,0,957.5,144,2.9,99,MOSTLY CLOUDY,17.6,5.8,2025-08-05T06:35:00+09:30,PT5M
8,-74,26.8,0,0,0,957.5,142,2.9,98,PARTLY CLOUDY,17.4,5.8,2025-08-05T06:40:00+09:30,PT5M
8,-74,32,0,0,0,957.6,140,2.9,97,PARTLY CLOUDY,17.1,5.7,2025-08-05T06:45:00+09:30,PT5M
8,-73,17.8,0,0,0,957.7,138,2.9,95,PARTLY CLOUDY,16.8,5.7,2025-08-05T06:50:00+09:30,PT5M
8,-73,25,0,0,0,957.8,136,2.9,94,PARTLY CLOUDY,16.6,5.6,2025-08-05T06:55:00+09:30,PT5M
8,-72,32,0,0,0,957.8,135,2.9,93,PARTLY CLOUDY,16.3,5.6,2025-08-05T07:00:00+09:30,PT5M
8,-72,19.6,0,0,0,957.9,133,2.9,92,PARTLY CLOUDY,16.1,5.6,2025-08-05T07:05:00+09:30,PT5M
8,-71,23.2,0,0,0,958,131,2.9,91,PARTLY CLOUDY,15.8,5.6,2025-08-05T07:10:00+09:30,PT5M
8,-71,33.6,0,0,0,958.1,129,2.9,90,PARTLY CLOUDY,15.5,5.6,2025-08-05T07:15:00+09:30,PT5M
8,-70,19.6,7,7,0,958.1,127,2.9,89,PARTLY CLOUDY,15.2,5.6,2025-08-05T07:20:00+09:30,PT5M
8,-70,19.6,16,16,0,958.2,125,2.9,88,PARTLY CLOUDY,14.9,5.6,2025-08-05T07:25:00+09:30,PT5M
8,-69,21.4,26,27,0,958.3,124,3,87,PARTLY CLOUDY,14.6,5.6,2025-08-05T07:30:00+09:30,PT5M
8,-69,26.8,34,33,0,958.3,122,3,86,PARTLY CLOUDY,14.3,5.7,2025-08-05T07:35:00+09:30,PT5M
8,-68,17.8,51,73,0,958.4,122,3,85,PARTLY CLOUDY,14,5.7,2025-08-05T07:40:00+09:30,PT5M
9,-68,15.9,66,97,0,958.4,121,3.1,84,PARTLY CLOUDY,13.7,5.7,2025-08-05T07:45:00+09:30,PT5M
9,-67,15.9,80,116,0,958.4,120,3.1,83,PARTLY CLOUDY,13.4,5.7,2025-08-05T07:50:00+09:30,PT5M
9,-67,15.2,95,138,0,958.5,120,3.1,81,PARTLY CLOUDY,13.1,5.7,2025-08-05T07:55:00+09:30,PT5M
10,-66,14.5,110,160,0,958.5,119,3.2,80,PARTLY CLOUDY,12.8,5.7,2025-08-05T08:00:00+09:30,PT5M
10,-65,18.6,119,161,0,958.5,119,3.2,79,PARTLY CLOUDY,12.6,5.7,2025-08-05T08:05:00+09:30,PT5M
11,-65,8.4,151,226,0,958.6,118,3.3,78,MOSTLY SUNNY,12.3,5.8,2025-08-05T08:10:00+09:30,PT5M
11,-64,6.5,171,256,0,958.6,118,3.3,77,MOSTLY SUNNY,12,5.8,2025-08-05T08:15:00+09:30,PT5M
12,-64,0,201,309,0,958.7,117,3.3,76,SUNNY,11.7,5.8,2025-08-05T08:20:00+09:30,PT5M
12,-63,0,219,332,0,958.7,117,3.4,75,SUNNY,11.4,5.8,2025-08-05T08:25:00+09:30,PT5M
12,-62,0,237,354,0,958.7,116,3.4,74,SUNNY,11.1,5.9,2025-08-05T08:30:00+09:30,PT5M
13,-62,0,255,376,0,958.7,116,3.5,73,SUNNY,10.9,5.9,2025-08-05T08:35:00+09:30,PT5M
13,-61,0,273,397,0,958.8,115,3.6,72,SUNNY,10.6,6,2025-08-05T08:40:00+09:30,PT5M
13,-60,0,291,419,0,958.8,115,3.7,71,SUNNY,10.3,6,2025-08-05T08:45:00+09:30,PT5M
13,-60,0,309,440,0,958.8,115,3.8,70,SUNNY,10,6,2025-08-05T08:50:00+09:30,PT5M
13,-59,0,327,461,0,958.8,115,3.9,69,SUNNY,9.7,6.1,2025-08-05T08:55:00+09:30,PT5M
13,-58,0,345,482,0,958.9,114,4.1,68,SUNNY,9.4,6.1,2025-08-05T09:00:00+09:30,PT5M
13,-57,0,362,502,0,958.9,114,4.2,67,SUNNY,9.2,5.9,2025-08-05T09:05:00+09:30,PT5M
14,-57,0,380,523,0,958.9,114,4.3,66,SUNNY,9,5.6,2025-08-05T09:10:00+09:30,PT5M
14,-56,0,397,544,0,958.9,114,4.4,65,SUNNY,8.9,5.3,2025-08-05T09:15:00+09:30,PT5M
14,-55,3.5,400,538,0,959,114,4.5,64,MOSTLY SUNNY,8.7,4.9,2025-08-05T09:20:00+09:30,PT5M
14,-54,0,431,583,0,959,114,4.6,64,SUNNY,8.6,4.6,2025-08-05T09:25:00+09:30,PT5M
14,-53,0,448,603,0,959,113,4.7,63,SUNNY,8.4,4.3,2025-08-05T09:30:00+09:30,PT5M
14,-52,0,465,622,0,959,113,4.8,62,SUNNY,8.2,3.9,2025-08-05T09:35:00+09:30,PT5M
14,-52,0,481,641,0,959.1,114,4.8,61,SUNNY,8.1,3.6,2025-08-05T09:40:00+09:30,PT5M
14,-51,0,496,659,0,959.1,114,4.9,60,SUNNY,7.9,3.3,2025-08-05T09:45:00+09:30,PT5M
15,-50,0,512,677,0,959.1,114,4.9,59,SUNNY,7.7,2.9,2025-08-05T09:50:00+09:30,PT5M
15,-49,0,527,694,0,959.1,114,5,58,SUNNY,7.6,2.6,2025-08-05T09:55:00+09:30,PT5M
15,-48,0,542,711,0,959.1,115,5,57,SUNNY,7.4,2.3,2025-08-05T10:00:00+09:30,PT5M
15,-47,0,556,727,0,959.1,115,5,56,SUNNY,7.3,2.1,2025-08-05T10:05:00+09:30,PT5M
15,-46,0,570,743,0,959.1,115,5.1,56,SUNNY,7.2,2.1,2025-08-05T10:10:00+09:30,PT5M
15,-45,0,583,758,0,959.1,115,5.1,55,SUNNY,7.2,2.1,2025-08-05T10:15:00+09:30,PT5M
15,-44,0,596,773,0,959.1,116,5.1,54,SUNNY,7.2,2.1,2025-08-05T10:20:00+09:30,PT5M
15,-42,0,609,787,0,959.1,116,5.2,53,SUNNY,7.2,2.1,2025-08-05T10:25:00+09:30,PT5M
16,-41,0,621,801,0,959.1,116,5.2,52,SUNNY,7.1,2.1,2025-08-05T10:30:00+09:30,PT5M
16,-40,0,633,815,0,959.1,116,5.2,52,SUNNY,7.1,2.1,2025-08-05T10:35:00+09:30,PT5M
16,-39,0,645,828,0,959.1,116,5.2,51,SUNNY,7,2.1,2025-08-05T10:40:00+09:30,PT5M
16,-38,0,656,840,0,959,116,5.2,50,SUNNY,7,2.1,2025-08-05T10:45:00+09:30,PT5M
16,-36,0,667,852,0,959,116,5.2,50,SUNNY,7,2.1,2025-08-05T10:50:00+09:30,PT5M
16,-35,0,677,864,0,958.9,116,5.2,49,SUNNY,7,2.1,2025-08-05T10:55:00+09:30,PT5M
17,-34,0,687,875,0,958.9,116,5.2,48,SUNNY,6.9,2.1,2025-08-05T11:00:00+09:30,PT5M
17,-32,0,697,886,0,958.9,116,5.2,48,SUNNY,6.9,2.1,2025-08-05T11:05:00+09:30,PT5M
17,-31,0,706,896,0,958.8,116,5.2,47,SUNNY,6.8,2.1,2025-08-05T11:10:00+09:30,PT5M
17,-30,0,714,906,0,958.8,116,5.2,46,SUNNY,6.8,2.1,2025-08-05T11:15:00+09:30,PT5M
17,-28,0,722,915,0,958.7,116,5.2,46,SUNNY,6.8,2.1,2025-08-05T11:20:00+09:30,PT5M
17,-27,0,730,923,0,958.7,116,5.2,45,SUNNY,6.7,2.1,2025-08-05T11:25:00+09:30,PT5M
18,-25,0,737,932,0,958.7,116,5.2,45,SUNNY,6.7,2.1,2025-08-05T11:30:00+09:30,PT5M
18,-24,0,744,939,0,958.6,116,5.2,44,SUNNY,6.6,2.1,2025-08-05T11:35:00+09:30,PT5M
18,-22,0,751,946,0,958.5,116,5.2,44,SUNNY,6.6,2.1,2025-08-05T11:40:00+09:30,PT5M
18,-20,0,756,953,0,958.4,115,5.2,44,SUNNY,6.5,2.1,2025-08-05T11:45:00+09:30,PT5M
18,-19,0,762,959,0,958.3,115,5.2,43,SUNNY,6.5,2.1,2025-08-05T11:50:00+09:30,PT5M
18,-17,0,767,964,0,958.2,115,5.2,43,SUNNY,6.5,2.1,2025-08-05T11:55:00+09:30,PT5M
18,-15,0,771,969,0,958.1,114,5.2,42,SUNNY,6.4,2.1,2025-08-05T12:00:00+09:30,PT5M
19,-14,0,775,974,0,958,114,5.2,42,SUNNY,6.4,2.1,2025-08-05T12:05:00+09:30,PT5M
19,-12,0,778,977,0,957.9,114,5.2,42,SUNNY,6.5,2.1,2025-08-05T12:10:00+09:30,PT5M
19,-10,0,781,981,0,957.8,114,5.2,42,SUNNY,6.5,2.1,2025-08-05T12:15:00+09:30,PT5M
19,-8,3,760,949,0,957.8,113,5.2,42,MOSTLY SUNNY,6.6,2.1,2025-08-05T12:20:00+09:30,PT5M
19,-7,4.5,750,932,0,957.7,113,5.2,41,MOSTLY SUNNY,6.6,2.1,2025-08-05T12:25:00+09:30,PT5M
19,-5,7.6,727,896,0,957.6,113,5.2,41,MOSTLY SUNNY,6.7,2.1,2025-08-05T12:30:00+09:30,PT5M
19,-3,22.3,612,707,0,957.5,112,5.2,41,PARTLY CLOUDY,6.7,2,2025-08-05T12:35:00+09:30,PT5M
19,-1,4.5,753,936,0,957.4,112,5.2,41,MOSTLY SUNNY,6.8,2,2025-08-05T12:40:00+09:30,PT5M
19,1,0,789,989,0,957.3,112,5.1,41,SUNNY,6.8,2,2025-08-05T12:45:00+09:30,PT5M
20,2,0,789,989,0,957.3,112,5.1,41,SUNNY,6.9,2,2025-08-05T12:50:00+09:30,PT5M
20,4,0,788,988,0,957.2,111,5.1,41,SUNNY,6.9,2,2025-08-05T12:55:00+09:30,PT5M
20,6,0,786,986,0,957.1,111,5,41,SUNNY,7,2,2025-08-05T13:00:00+09:30,PT5M
20,8,0,784,984,0,957,111,5,41,SUNNY,7.1,2,2025-08-05T13:05:00+09:30,PT5M
20,10,0,782,981,0,957,111,5,42,SUNNY,7.2,2,2025-08-05T13:10:00+09:30,PT5M
20,11,0,779,978,0,956.9,110,5,42,SUNNY,7.4,2,2025-08-05T13:15:00+09:30,PT5M
20,13,3,752,940,0,956.8,110,4.9,42,MOSTLY SUNNY,7.5,2,2025-08-05T13:20:00+09:30,PT5M
20,15,7.6,713,880,0,956.7,110,4.9,42,MOSTLY SUNNY,7.7,2,2025-08-05T13:25:00+09:30,PT5M
20,17,0,767,965,0,956.7,109,4.9,43,SUNNY,7.8,2,2025-08-05T13:30:00+09:30,PT5M
20,18,0,763,959,0,956.6,109,4.9,43,SUNNY,8,1.9,2025-08-05T13:35:00+09:30,PT5M
20,20,0,757,953,0,956.6,109,4.8,43,SUNNY,8.1,1.9,2025-08-05T13:40:00+09:30,PT5M
21,22,0,751,947,0,956.5,109,4.8,44,SUNNY,8.3,1.9,2025-08-05T13:45:00+09:30,PT5M
21,23,0,745,940,0,956.5,109,4.8,44,SUNNY,8.4,1.9,2025-08-05T13:50:00+09:30,PT5M
21,25,0,738,932,0,956.4,109,4.8,45,SUNNY,8.6,1.9,2025-08-05T13:55:00+09:30,PT5M
21,26,0,731,924,0,956.4,109,4.7,45,SUNNY,8.7,1.9,2025-08-05T14:00:00+09:30,PT5M
21,28,25.3,540,614,0,956.3,109,4.7,46,PARTLY CLOUDY,8.9,1.9,2025-08-05T14:05:00+09:30,PT5M
21,29,19.7,575,678,0,956.3,109,4.7,46,PARTLY CLOUDY,9,1.9,2025-08-05T14:10:00+09:30,PT5M
21,31,29.6,498,550,0,956.3,109,4.6,47,PARTLY CLOUDY,9.2,1.9,2025-08-05T14:15:00+09:30,PT5M
21,32,35,454,478,0,956.2,109,4.6,47,PARTLY CLOUDY,9.3,1.9,2025-08-05T14:20:00+09:30,PT5M
21,33,35,447,471,0,956.2,109,4.6,48,PARTLY CLOUDY,9.4,1.9,2025-08-05T14:25:00+09:30,PT5M
21,35,22.6,525,610,0,956.1,109,4.6,49,PARTLY CLOUDY,9.6,1.9,2025-08-05T14:30:00+09:30,PT5M
22,36,28.3,479,535,0,956.1,109,4.5,49,PARTLY CLOUDY,9.7,1.8,2025-08-05T14:35:00+09:30,PT5M
22,37,9.2,597,744,0,956.1,110,4.5,50,MOSTLY SUNNY,9.9,1.8,2025-08-05T14:40:00+09:30,PT5M
22,39,0,646,828,0,956.1,110,4.5,51,SUNNY,10,1.8,2025-08-05T14:45:00+09:30,PT5M
22,40,0,635,815,0,956,110,4.5,51,SUNNY,10.1,1.8,2025-08-05T14:50:00+09:30,PT5M
22,41,0,623,802,0,956,110,4.5,52,SUNNY,10.3,1.8,2025-08-05T14:55:00+09:30,PT5M
22,42,0,611,788,0,956,111,4.5,53,SUNNY,10.4,1.8,2025-08-05T15:00:00+09:30,PT5M
22,43,0,598,774,0,956,111,4.5,54,SUNNY,10.5,1.9,2025-08-05T15:05:00+09:30,PT5M
22,44,0,585,759,0,956,111,4.5,55,SUNNY,10.5,2,2025-08-05T15:10:00+09:30,PT5M
22,46,0,571,744,0,956,112,4.5,55,SUNNY,10.6,2.1,2025-08-05T15:15:00+09:30,PT5M
22,47,0,558,728,0,955.9,112,4.5,56,SUNNY,10.6,2.3,2025-08-05T15:20:00+09:30,PT5M
22,48,0,543,712,0,955.9,112,4.5,57,SUNNY,10.6,2.4,2025-08-05T15:25:00+09:30,PT5M
22,49,5.2,501,649,0,955.9,112,4.4,58,MOSTLY SUNNY,10.6,2.5,2025-08-05T15:30:00+09:30,PT5M
22,50,0,514,678,0,955.9,113,4.4,59,SUNNY,10.7,2.7,2025-08-05T15:35:00+09:30,PT5M
22,50,0,499,661,0,955.9,113,4.5,60,SUNNY,10.7,2.8,2025-08-05T15:40:00+09:30,PT5M
21,51,0,483,643,0,955.9,113,4.5,60,SUNNY,10.7,2.9,2025-08-05T15:45:00+09:30,PT5M
21,52,1.4,461,614,0,955.8,114,4.5,61,MOSTLY SUNNY,10.7,3.1,2025-08-05T15:50:00+09:30,PT5M
21,53,6.3,423,557,0,955.8,114,4.5,62,MOSTLY SUNNY,10.8,3.2,2025-08-05T15:55:00+09:30,PT5M
21,54,28.5,311,353,0,955.8,114,4.5,63,PARTLY CLOUDY,10.8,3.3,2025-08-05T16:00:00+09:30,PT5M
21,55,38.4,258,261,0,955.8,114,4.5,64,MOSTLY CLOUDY,10.8,3.4,2025-08-05T16:05:00+09:30,PT5M
21,56,18.9,326,404,0,955.8,115,4.5,65,PARTLY CLOUDY,10.7,3.4,2025-08-05T16:10:00+09:30,PT5M
21,56,33.4,256,276,0,955.8,115,4.5,66,PARTLY CLOUDY,10.6,3.3,2025-08-05T16:15:00+09:30,PT5M
21,57,22.9,284,343,0,955.7,115,4.5,67,PARTLY CLOUDY,10.5,3.3,2025-08-05T16:20:00+09:30,PT5M
21,58,68.7,110,106,0,955.7,116,4.5,68,OVERCAST,10.4,3.3,2025-08-05T16:25:00+09:30,PT5M
21,59,35.6,214,224,0,955.7,116,4.6,69,MOSTLY CLOUDY,10.3,3.3,2025-08-05T16:30:00+09:30,PT5M
21,59,40.3,188,183,0,955.7,116,4.6,70,MOSTLY CLOUDY,10.3,3.2,2025-08-05T16:35:00+09:30,PT5M
21,60,48.9,152,147,0,955.8,116,4.6,71,MOSTLY CLOUDY,10.2,3.2,2025-08-05T16:40:00+09:30,PT5M
21,61,7.7,258,361,0,955.9,116,4.6,72,MOSTLY SUNNY,10.1,3.2,2025-08-05T16:45:00+09:30,PT5M
21,62,0,262,385,0,955.9,117,4.6,73,SUNNY,10,3.2,2025-08-05T16:50:00+09:30,PT5M
20,62,13.1,212,291,0,956,117,4.6,74,PARTLY CLOUDY,9.9,3.1,2025-08-05T16:55:00+09:30,PT5M
20,63,40.1,135,131,0,956.1,117,4.6,75,MOSTLY CLOUDY,9.8,3.1,2025-08-05T17:00:00+09:30,PT5M
20,63,47.6,109,105,0,956.1,117,4.6,76,MOSTLY CLOUDY,9.8,3.1,2025-08-05T17:05:00+09:30,PT5M
20,64,24.5,143,177,0,956.2,117,4.6,77,PARTLY CLOUDY,9.7,3.1,2025-08-05T17:10:00+09:30,PT5M
20,65,15.8,144,201,0,956.3,118,4.6,78,PARTLY CLOUDY,9.6,3.1,2025-08-05T17:15:00+09:30,PT5M
19,65,24.4,116,145,0,956.3,118,4.6,79,PARTLY CLOUDY,9.5,3.1,2025-08-05T17:20:00+09:30,PT5M
19,66,14.2,116,170,0,956.4,118,4.6,80,PARTLY CLOUDY,9.4,3.1,2025-08-05T17:25:00+09:30,PT5M
19,67,11.4,105,162,0,956.5,118,4.6,81,PARTLY CLOUDY,9.3,3.1,2025-08-05T17:30:00+09:30,PT5M
19,67,15.7,85,127,0,956.5,118,4.6,82,PARTLY CLOUDY,9.2,3,2025-08-05T17:35:00+09:30,PT5M
19,68,17.8,69,101,0,956.5,119,4.6,83,PARTLY CLOUDY,9.1,3,2025-08-05T17:40:00+09:30,PT5M
19,68,26.8,50,57,0,956.5,119,4.5,84,PARTLY CLOUDY,9,3,2025-08-05T17:45:00+09:30,PT5M
18,69,14,45,71,0,956.5,119,4.5,85,PARTLY CLOUDY,8.9,3,2025-08-05T17:50:00+09:30,PT5M
18,69,8.2,35,57,0,956.6,120,4.4,86,MOSTLY SUNNY,8.8,3,2025-08-05T17:55:00+09:30,PT5M
18,70,8.2,23,33,0,956.6,120,4.4,87,MOSTLY SUNNY,8.7,3,2025-08-05T18:00:00+09:30,PT5M
18,70,8.2,12,15,0,956.6,121,4.3,89,MOSTLY SUNNY,8.7,3,2025-08-05T18:05:00+09:30,PT5M
18,71,19.6,2,2,0,956.6,121,4.3,90,PARTLY CLOUDY,8.7,3,2025-08-05T18:10:00+09:30,PT5M
18,71,26.8,0,0,0,956.6,121,4.2,91,PARTLY CLOUDY,8.6,3,2025-08-05T18:15:00+09:30,PT5M
17,72,47.8,0,0,0,956.6,122,4.2,92,MOSTLY CLOUDY,8.6,3,2025-08-05T18:20:00+09:30,PT5M
17,72,8.2,0,0,0,956.6,122,4.1,93,MOSTLY CLEAR,8.6,3,2025-08-05T18:25:00+09:30,PT5M
17,73,30.3,0,0,0,956.6,123,4.1,94,PARTLY CLOUDY,8.6,3,2025-08-05T18:30:00+09:30,PT5M
17,73,21.4,0,0,0,956.7,123,4,95,PARTLY CLOUDY,8.5,2.9,2025-08-05T18:35:00+09:30,PT5M
17,74,25,0,0,0,956.7,123,4,96,PARTLY CLOUDY,8.5,2.9,2025-08-05T18:40:00+09:30,PT5M
16,74,12.1,0,0,0,956.8,123,4,97,PARTLY CLOUDY,8.5,2.9,2025-08-05T18:45:00+09:30,PT5M
16,75,12.1,0,0,0,956.9,123,4,98,PARTLY CLOUDY,8.5,2.9,2025-08-05T18:50:00+09:30,PT5M
16,75,21.4,0,0,0,957,123,3.9,99,PARTLY CLOUDY,8.4,2.9,2025-08-05T18:55:00+09:30,PT5M
16,76,15.9,0,0,0,957.1,123,3.9,101,PARTLY CLOUDY,8.4,2.9,2025-08-05T19:00:00+09:30,PT5M
16,76,10.1,0,0,0,957.2,124,3.9,102,PARTLY CLOUDY,8.4,2.9,2025-08-05T19:05:00+09:30,PT5M
16,76,14,0,0,0,957.2,124,3.9,103,PARTLY CLOUDY,8.5,2.9,2025-08-05T19:10:00+09:30,PT5M
15,77,36.9,0,0,0,957.3,124,3.8,104,MOSTLY CLOUDY,8.5,2.9,2025-08-05T19:15:00+09:30,PT5M
15,77,30.3,0,0,0,957.4,124,3.8,105,PARTLY CLOUDY,8.5,2.9,2025-08-05T19:20:00+09:30,PT5M
15,78,23.2,0,0,0,957.5,124,3.8,106,PARTLY CLOUDY,8.6,2.9,2025-08-05T19:25:00+09:30,PT5M
15,78,25,0,0,0,957.6,124,3.8,107,PARTLY CLOUDY,8.6,2.9,2025-08-05T19:30:00+09:30,PT5M
15,79,14,0,0,0,957.6,124,3.8,108,PARTLY CLOUDY,8.7,3,2025-08-05T19:35:00+09:30,PT5M
14,79,21.4,0,0,0,957.7,124,3.8,110,PARTLY CLOUDY,8.7,3,2025-08-05T19:40:00+09:30,PT5M
14,79,10.1,0,0,0,957.7,124,3.8,111,PARTLY CLOUDY,8.8,3,2025-08-05T19:45:00+09:30,PT5M
14,80,8.2,0,0,0,957.8,124,3.8,112,MOSTLY CLEAR,8.8,3,2025-08-05T19:50:00+09:30,PT5M
14,80,12.1,0,0,0,957.9,124,3.8,113,PARTLY CLOUDY,8.8,3,2025-08-05T19:55:00+09:30,PT5M
14,81,17.8,0,0,0,957.9,124,3.8,114,PARTLY CLOUDY,8.9,3,2025-08-05T20:00:00+09:30,PT5M
14,81,19.6,0,0,0,958,124,3.9,115,PARTLY CLOUDY,8.9,3,2025-08-05T20:05:00+09:30,PT5M
14,82,19.6,0,0,0,958,124,3.9,116,PARTLY CLOUDY,9,3,2025-08-05T20:10:00+09:30,PT5M
13,82,23.2,0,0,0,958.1,124,3.9,117,PARTLY CLOUDY,9,3.1,2025-08-05T20:15:00+09:30,PT5M
13,82,15.9,0,0,0,958.1,124,3.9,119,PARTLY CLOUDY,9,3.1,2025-08-05T20:20:00+09:30,PT5M
13,83,32,0,0,0,958.2,124,3.9,120,PARTLY CLOUDY,9.1,3.1,2025-08-05T20:25:00+09:30,PT5M
13,83,23.2,0,0,0,958.2,124,4,121,PARTLY CLOUDY,9.1,3.1,2025-08-05T20:30:00+09:30,PT5M
13,84,17.8,0,0,0,958.3,123,4,122,PARTLY CLOUDY,9.2,3.2,2025-08-05T20:35:00+09:30,PT5M
13,84,30.3,0,0,0,958.3,123,4,123,PARTLY CLOUDY,9.2,3.2,2025-08-05T20:40:00+09:30,PT5M
13,85,21.4,0,0,0,958.3,122,4,124,PARTLY CLOUDY,9.3,3.2,2025-08-05T20:45:00+09:30,PT5M
13,85,19.6,0,0,0,958.4,121,4,125,PARTLY CLOUDY,9.3,3.2,2025-08-05T20:50:00+09:30,PT5M
13,85,12.1,0,0,0,958.4,121,4,127,PARTLY CLOUDY,9.3,3.3,2025-08-05T20:55:00+09:30,PT5M
13,86,14,0,0,0,958.5,120,4,128,PARTLY CLOUDY,9.4,3.3,2025-08-05T21:00:00+09:30,PT5M
13,86,14,0,0,0,958.5,119,4,129,PARTLY CLOUDY,9.4,3.3,2025-08-05T21:05:00+09:30,PT5M
12,87,26.8,0,0,0,958.5,118,4,130,PARTLY CLOUDY,9.5,3.4,2025-08-05T21:10:00+09:30,PT5M
12,87,21.4,0,0,0,958.6,118,4,131,PARTLY CLOUDY,9.6,3.4,2025-08-05T21:15:00+09:30,PT5M
12,88,15.9,0,0,0,958.6,117,4,132,PARTLY CLOUDY,9.7,3.4,2025-08-05T21:20:00+09:30,PT5M
12,88,15.9,0,0,0,958.7,116,4,133,PARTLY CLOUDY,9.8,3.4,2025-08-05T21:25:00+09:30,PT5M
12,89,36.9,0,0,0,958.7,116,4,135,MOSTLY CLOUDY,9.9,3.5,2025-08-05T21:30:00+09:30,PT5M
12,89,53.5,0,0,0,958.7,115,4,136,MOSTLY CLOUDY,9.9,3.5,2025-08-05T21:35:00+09:30,PT5M
12,90,19.6,0,0,0,958.7,114,4,137,PARTLY CLOUDY,10,3.6,2025-08-05T21:40:00+09:30,PT5M
12,90,12.1,0,0,0,958.7,114,4,138,PARTLY CLOUDY,10.1,3.6,2025-08-05T21:45:00+09:30,PT5M
12,91,17.8,0,0,0,958.7,113,4,139,PARTLY CLOUDY,10.2,3.6,2025-08-05T21:50:00+09:30,PT5M
12,91,8.2,0,0,0,958.7,112,4,140,MOSTLY CLEAR,10.3,3.6,2025-08-05T21:55:00+09:30,PT5M
12,92,0,0,0,0,958.6,112,4,141,CLEAR,10.4,3.7,2025-08-05T22:00:00+09:30,PT5M
12,92,8.2,0,0,0,958.6,111,4,143,MOSTLY CLEAR,10.5,3.7,2025-08-05T22:05:00+09:30,PT5M
12,93,12.1,0,0,0,958.6,110,4,144,PARTLY CLOUDY,10.6,3.8,2025-08-05T22:10:00+09:30,PT5M
12,93,12.1,0,0,0,958.6,110,4,145,PARTLY CLOUDY,10.8,3.8,2025-08-05T22:15:00+09:30,PT5M
12,94,12.1,0,0,0,958.6,109,4,146,PARTLY CLOUDY,10.9,3.8,2025-08-05T22:20:00+09:30,PT5M
12,95,25,0,0,0,958.6,108,4,147,PARTLY CLOUDY,11.1,3.9,2025-08-05T22:25:00+09:30,PT5M
12,95,35.3,0,0,0,958.5,108,4,148,MOSTLY CLOUDY,11.2,3.9,2025-08-05T22:30:00+09:30,PT5M
12,96,41.7,0,0,0,958.5,107,4,149,MOSTLY CLOUDY,11.4,4,2025-08-05T22:35:00+09:30,PT5M
11,97,60.1,0,0,0,958.5,107,4,151,OVERCAST,11.5,4,2025-08-05T22:40:00+09:30,PT5M
11,97,66.2,0,0,0,958.5,106,4,152,OVERCAST,11.7,4.1,2025-08-05T22:45:00+09:30,PT5M
11,98,32,0,0,0,958.5,106,4,153,PARTLY CLOUDY,11.8,4.1,2025-08-05T22:50:00+09:30,PT5M
11,99,44.8,0,0,0,958.5,105,3.9,154,MOSTLY CLOUDY,12,4.1,2025-08-05T22:55:00+09:30,PT5M
11,100,28.5,0,0,0,958.5,105,3.9,155,PARTLY CLOUDY,12.1,4.2,2025-08-05T23:00:00+09:30,PT5M
11,101,33.6,0,0,0,958.5,105,3.9,156,PARTLY CLOUDY,12.3,4.2,2025-08-05T23:05:00+09:30,PT5M
11,102,26.8,0,0,0,958.5,104,3.9,157,PARTLY CLOUDY,12.4,4.3,2025-08-05T23:10:00+09:30,PT5M
11,103,41.7,0,0,0,958.5,104,3.9,158,MOSTLY CLOUDY,12.6,4.3,2025-08-05T23:15:00+09:30,PT5M
11,104,49.2,0,0,0,958.5,103,3.9,160,MOSTLY CLOUDY,12.7,4.3,2025-08-05T23:20:00+09:30,PT5M
11,106,52.1,0,0,0,958.4,103,3.9,161,MOSTLY CLOUDY,12.8,4.4,2025-08-05T23:25:00+09:30,PT5M
11,107,70.7,0,0,0,958.4,102,3.9,162,OVERCAST,13,4.4,2025-08-05T23:30:00+09:30,PT5M
11,109,75.8,0,0,0,958.4,102,3.9,163,OVERCAST,13.1,4.5,2025-08-05T23:35:00+09:30,PT5M
11,111,80.4,0,0,0,958.5,102,3.8,164,OVERCAST,13.3,4.5,2025-08-05T23:40:00+09:30,PT5M
11,113,68.5,0,0,0,958.5,102,3.8,165,OVERCAST,13.4,4.6,2025-08-05T23:45:00+09:30,PT5M
11,115,75.8,0,0,0,958.5,102,3.8,166,OVERCAST,13.5,4.6,2025-08-05T23:50:00+09:30,PT5M
11,117,73.8,0,0,0,958.5,102,3.8,167,OVERCAST,13.7,4.6,2025-08-05T23:55:00+09:30,PT5M
11,120,53.5,0,0,0,958.5,102,3.7,168,MOSTLY CLOUDY,13.8,4.7,2025-08-06T00:00:00+09:30,PT5M
11,124,62.6,0,0,0,958.5,102,3.7,169,OVERCAST,14,4.7,2025-08-06T00:05:00+09:30,PT5M
11,128,52.1,0,0,0,958.6,102,3.7,170,MOSTLY CLOUDY,14.2,4.8,2025-08-06T00:10:00+09:30,PT5M
10,133,56.2,0,0,0,958.6,101,3.7,171,MOSTLY CLOUDY,14.3,4.8,2025-08-06T00:15:00+09:30,PT5M
10,139,74.8,0,0,0,958.6,101,3.6,172,OVERCAST,14.5,4.8,2025-08-06T00:20:00+09:30,PT5M
10,146,74.8,0,0,0,958.6,101,3.6,172,OVERCAST,14.7,4.9,2025-08-06T00:25:00+09:30,PT5M
10,154,87.3,0,0,0,958.6,101,3.6,173,OVERCAST,14.9,4.9,2025-08-06T00:30:00+09:30,PT5M
10,163,74.8,0,0,0,958.6,101,3.6,173,OVERCAST,15,5,2025-08-06T00:35:00+09:30,PT5M
10,173,75.8,0,0,0,958.6,101,3.5,174,OVERCAST,15.2,5,2025-08-06T00:40:00+09:30,PT5M
10,-176,74.8,0,0,0,958.5,101,3.5,174,OVERCAST,15.4,5.1,2025-08-06T00:45:00+09:30,PT5M
10,-166,81.2,0,0,0,958.5,101,3.5,173,OVERCAST,15.6,5.1,2025-08-06T00:50:00+09:30,PT5M
10,-156,82.1,0,0,0,958.5,100,3.5,173,OVERCAST,15.7,5.1,2025-08-06T00:55:00+09:30,PT5M
10,-148,79.5,0,0,0,958.4,100,3.5,172,OVERCAST,15.9,5.2,2025-08-06T01:00:00+09:30,PT5M
10,-141,73.8,0,0,0,958.4,100,3.4,172,OVERCAST,16.1,5.2,2025-08-06T01:05:00+09:30,PT5M
10,-134,79.5,0,0,0,958.4,100,3.4,171,OVERCAST,16.3,5.3,2025-08-06T01:10:00+09:30,PT5M
10,-129,70.7,0,0,0,958.3,99,3.4,170,OVERCAST,16.5,5.3,2025-08-06T01:15:00+09:30,PT5M
11,-125,72.8,0,0,0,958.3,99,3.4,169,OVERCAST,16.8,5.3,2025-08-06T01:20:00+09:30,PT5M
11,-121,65,0,0,0,958.3,99,3.4,168,OVERCAST,17,5.4,2025-08-06T01:25:00+09:30,PT5M
11,-118,76.8,0,0,0,958.2,99,3.3,167,OVERCAST,17.2,5.4,2025-08-06T01:30:00+09:30,PT5M
11,-116,75.8,0,0,0,958.2,98,3.3,166,OVERCAST,17.4,5.5,2025-08-06T01:35:00+09:30,PT5M
10,-113,77.7,0,0,0,958.2,98,3.3,165,OVERCAST,17.6,5.5,2025-08-06T01:40:00+09:30,PT5M
10,-111,81.2,0,0,0,958.1,98,3.3,164,OVERCAST,17.8,5.6,2025-08-06T01:45:00+09:30,PT5M
10,-109,82.1,0,0,0,958.1,97,3.4,163,OVERCAST,18.1,5.6,2025-08-06T01:50:00+09:30,PT5M
10,-108,77.7,0,0,0,958,97,3.4,162,OVERCAST,18.3,5.6,2025-08-06T01:55:00+09:30,PT5M
10,-106,77.7,0,0,0,958,96,3.4,161,OVERCAST,18.5,5.7,2025-08-06T02:00:00+09:30,PT5M
10,-105,75.8,0,0,0,958,96,3.4,160,OVERCAST,18.7,5.7,2025-08-06T02:05:00+09:30,PT5M
10,-104,74.8,0,0,0,957.9,95,3.4,159,OVERCAST,18.9,5.8,2025-08-06T02:10:00+09:30,PT5M
10,-102,72.8,0,0,0,957.9,95,3.4,158,OVERCAST,19.1,5.9,2025-08-06T02:15:00+09:30,PT5M
10,-101,71.8,0,0,0,957.8,94,3.4,156,OVERCAST,19.4,5.9,2025-08-06T02:20:00+09:30,PT5M
10,-100,82.9,0,0,0,957.8,94,3.4,155,OVERCAST,19.6,6,2025-08-06T02:25:00+09:30,PT5M
10,-99,85.2,0,0,0,957.7,94,3.4,154,OVERCAST,19.8,6.1,2025-08-06T02:30:00+09:30,PT5M
10,-99,69.6,0,0,0,957.7,93,3.4,153,OVERCAST,20,6.1,2025-08-06T02:35:00+09:30,PT5M
10,-98,69.6,0,0,0,957.7,93,3.4,152,OVERCAST,20.2,6.2,2025-08-06T02:40:00+09:30,PT5M
10,-97,38.5,0,0,0,957.7,93,3.3,151,MOSTLY CLOUDY,20.4,6.3,2025-08-06T02:45:00+09:30,PT5M
10,-96,21.4,0,0,0,957.7,93,3.3,150,PARTLY CLOUDY,20.7,6.3,2025-08-06T02:50:00+09:30,PT5M
10,-96,30.3,0,0,0,957.7,93,3.3,149,PARTLY CLOUDY,20.9,6.4,2025-08-06T02:55:00+09:30,PT5M
10,-95,57.5,0,0,0,957.7,94,3.3,147,MOSTLY CLOUDY,21.1,6.5,2025-08-06T03:00:00+09:30,PT5M
10,-94,57.5,0,0,0,957.7,94,3.2,146,MOSTLY CLOUDY,21.4,6.5,2025-08-06T03:05:00+09:30,PT5M
10,-94,54.8,0,0,0,957.7,94,3.2,145,MOSTLY CLOUDY,21.7,6.6,2025-08-06T03:10:00+09:30,PT5M
10,-93,82.1,0,0,0,957.7,94,3.2,144,OVERCAST,22,6.7,2025-08-06T03:15:00+09:30,PT5M
10,-92,66.2,0,0,0,957.7,94,3.2,143,OVERCAST,22.3,6.8,2025-08-06T03:20:00+09:30,PT5M
10,-92,53.5,0,0,0,957.7,94,3.1,142,MOSTLY CLOUDY,22.7,6.9,2025-08-06T03:25:00+09:30,PT5M
10,-91,38.5,0,0,0,957.7,94,3.1,141,MOSTLY CLOUDY,23,7,2025-08-06T03:30:00+09:30,PT5M
10,-91,63.8,0,0,0,957.7,94,3.1,139,OVERCAST,23.3,7.1,2025-08-06T03:35:00+09:30,PT5M
10,-90,71.8,0,0,0,957.7,94,3.1,138,OVERCAST,23.6,7.2,2025-08-06T03:40:00+09:30,PT5M
10,-90,67.4,0,0,0,957.7,95,3.1,137,OVERCAST,24,7.3,2025-08-06T03:45:00+09:30,PT5M
10,-89,62.6,0,0,0,957.7,95,3.1,136,OVERCAST,24.3,7.4,2025-08-06T03:50:00+09:30,PT5M
10,-89,61.4,0,0,0,957.6,95,3,135,OVERCAST,24.6,7.5,2025-08-06T03:55:00+09:30,PT5M
10,-88,54.8,0,0,0,957.6,96,3,134,MOSTLY CLOUDY,24.9,7.6,2025-08-06T04:00:00+09:30,PT5M
10,-88,50.7,0,0,0,957.6,96,3,133,MOSTLY CLOUDY,25.3,7.7,2025-08-06T04:05:00+09:30,PT5M
10,-87,57.5,0,0,0,957.6,96,3,131,MOSTLY CLOUDY,25.7,7.8,2025-08-06T04:10:00+09:30,PT5M
10,-87,66.2,0,0,0,957.6,97,3,130,OVERCAST,26.2,7.9,2025-08-06T04:15:00+09:30,PT5M
10,-87,54.8,0,0,0,957.6,97,3,129,MOSTLY CLOUDY,26.6,8,2025-08-06T04:20:00+09:30,PT5M
10,-86,58.8,0,0,0,957.5,97,2.9,128,MOSTLY CLOUDY,27,8.1,2025-08-06T04:25:00+09:30,PT5M
10,-86,58.8,0,0,0,957.5,98,2.9,127,MOSTLY CLOUDY,27.4,8.2,2025-08-06T04:30:00+09:30,PT5M
10,-85,57.5,0,0,0,957.5,98,2.9,126,MOSTLY CLOUDY,27.9,8.4,2025-08-06T04:35:00+09:30,PT5M
10,-85,49.2,0,0,0,957.5,98,2.9,125,MOSTLY CLOUDY,28.3,8.5,2025-08-06T04:40:00+09:30,PT5M
10,-84,43.3,0,0,0,957.5,97,2.9,123,MOSTLY CLOUDY,28.7,8.6,2025-08-06T04:45:00+09:30,PT5M
10,-84,49.2,0,0,0,957.5,97,3,122,MOSTLY CLOUDY,29.1,8.7,2025-08-06T04:50:00+09:30,PT5M
10,-84,66.2,0,0,0,957.5,97,3,121,OVERCAST,29.6,8.8,2025-08-06T04:55:00+09:30,PT5M
10,-83,65,0,0,0,957.5,97,3,120,OVERCAST,30,8.9,2025-08-06T05:00:00+09:30,PT5M
10,-83,60.1,0,0,0,957.5,97,3,119,OVERCAST,30.4,9.1,2025-08-06T05:05:00+09:30,PT5M
10,-82,57.5,0,0,0,957.5,96,3,118,MOSTLY CLOUDY,30.8,9.2,2025-08-06T05:10:00+09:30,PT5M
10,-82,58.8,0,0,0,957.5,96,3,117,MOSTLY CLOUDY,31.3,9.3,2025-08-06T05:15:00+09:30,PT5M
10,-81,61.4,0,0,0,957.5,96,3,115,OVERCAST,31.7,9.4,2025-08-06T05:20:00+09:30,PT5M
10,-81,56.2,0,0,0,957.5,96,3,114,MOSTLY CLOUDY,32.1,9.6,2025-08-06T05:25:00+09:30,PT5M
10,-81,67.4,0,0,0,957.5,96,3,113,OVERCAST,32.5,9.7,2025-08-06T05:30:00+09:30,PT5M
10,-80,67.4,0,0,0,957.6,96,3,112,OVERCAST,33,9.8,2025-08-06T05:35:00+09:30,PT5M
10,-80,75.8,0,0,0,957.6,95,3,111,OVERCAST,33.4,9.9,2025-08-06T05:40:00+09:30,PT5M
10,-79,65,0,0,0,957.7,95,3,110,OVERCAST,33.8,10.1,2025-08-06T05:45:00+09:30,PT5M
10,-79,67.4,0,0,0,957.7,95,3,109,OVERCAST,34.2,10.2,2025-08-06T05:50:00+09:30,PT5M
10,-78,58.8,0,0,0,957.8,94,3,108,MOSTLY CLOUDY,34.7,10.3,2025-08-06T05:55:00+09:30,PT5M
10,-78,79.5,0,0,0,957.8,94,3,106,OVERCAST,35.1,10.4,2025-08-06T06:00:00+09:30,PT5M
9,-78,69.6,0,0,0,957.9,94,3,105,OVERCAST,35.3,10.6,2025-08-06T06:05:00+09:30,PT5M
9,-77,85.2,0,0,0,958,93,2.9,104,OVERCAST,35.4,10.7,2025-08-06T06:10:00+09:30,PT5M
9,-77,79.5,0,0,0,958,93,2.9,103,OVERCAST,35.5,10.8,2025-08-06T06:15:00+09:30,PT5M
9,-76,79.5,0,0,0,958.1,93,2.9,102,OVERCAST,35.6,10.9,2025-08-06T06:20:00+09:30,PT5M
9,-76,78.6,0,0,0,958.1,92,2.9,101,OVERCAST,35.7,11,2025-08-06T06:25:00+09:30,PT5M
9,-75,82.9,0,0,0,958.2,92,2.9,100,OVERCAST,35.8,11.1,2025-08-06T06:30:00+09:30,PT5M
9,-75,78.6,0,0,0,958.3,92,2.9,99,OVERCAST,35.8,11.2,2025-08-06T06:35:00+09:30,PT5M
9,-74,62.6,0,0,0,958.3,91,2.9,98,OVERCAST,35.9,11.3,2025-08-06T06:40:00+09:30,PT5M
9,-74,58.8,0,0,0,958.4,90,2.9,96,MOSTLY CLOUDY,36,11.4,2025-08-06T06:45:00+09:30,PT5M
9,-74,73.8,0,0,0,958.5,90,2.9,95,OVERCAST,36.1,11.5,2025-08-06T06:50:00+09:30,PT5M
9,-73,76.8,0,0,0,958.6,89,2.9,94,OVERCAST,36.2,11.6,2025-08-06T06:55:00+09:30,PT5M
9,-73,89.7,0,0,0,958.6,88,2.9,93,OVERCAST,36.3,11.7,2025-08-06T07:00:00+09:30,PT5M
9,-72,87.9,0,0,0,958.7,88,3,92,OVERCAST,36.2,11.8,2025-08-06T07:05:00+09:30,PT5M
9,-72,91.9,0,0,0,958.8,87,3,91,OVERCAST,35.9,11.9,2025-08-06T07:10:00+09:30,PT5M
9,-71,93.2,0,0,0,958.9,86,3,90,OVERCAST,35.6,12,2025-08-06T07:15:00+09:30,PT5M
9,-71,87.3,1,1,0,958.9,86,3,89,OVERCAST,35.3,12.1,2025-08-06T07:20:00+09:30,PT5M
9,-70,73.8,5,5,0,959,85,3,88,OVERCAST,35.1,12.2,2025-08-06T07:25:00+09:30,PT5M
9,-70,35.3,21,21,0,959.1,85,3,87,MOSTLY CLOUDY,34.8,12.3,2025-08-06T07:30:00+09:30,PT5M
10,-69,44.8,26,25,0,959.2,84,3,86,MOSTLY CLOUDY,34.5,12.4,2025-08-06T07:35:00+09:30,PT5M
10,-68,63.8,22,21,0,959.2,84,3.1,85,OVERCAST,34.2,12.5,2025-08-06T07:40:00+09:30,PT5M
10,-68,30.3,53,51,0,959.2,84,3.1,83,PARTLY CLOUDY,34,12.6,2025-08-06T07:45:00+09:30,PT5M
10,-67,58.6,38,37,0,959.3,84,3.2,82,MOSTLY CLOUDY,33.7,12.7,2025-08-06T07:50:00+09:30,PT5M
10,-67,45.6,59,57,0,959.3,84,3.2,81,MOSTLY CLOUDY,33.4,12.8,2025-08-06T07:55:00+09:30,PT5M
10,-66,58.7,52,50,0,959.4,84,3.3,80,MOSTLY CLOUDY,33.1,12.9,2025-08-06T08:00:00+09:30,PT5M
10,-66,79.2,30,29,0,959.4,84,3.3,79,OVERCAST,32.9,12.9,2025-08-06T08:05:00+09:30,PT5M
11,-65,37,100,97,0,959.5,84,3.4,78,MOSTLY CLOUDY,32.6,12.9,2025-08-06T08:10:00+09:30,PT5M
11,-64,64.8,62,60,0,959.5,84,3.4,77,OVERCAST,32.3,12.9,2025-08-06T08:15:00+09:30,PT5M
11,-64,66.9,64,62,0,959.5,84,3.5,76,OVERCAST,32,12.8,2025-08-06T08:20:00+09:30,PT5M
11,-63,68,68,66,0,959.6,84,3.5,75,OVERCAST,31.8,12.8,2025-08-06T08:25:00+09:30,PT5M
11,-63,62.9,85,83,0,959.6,84,3.6,74,OVERCAST,31.5,12.8,2025-08-06T08:30:00+09:30,PT5M
11,-62,60.6,97,94,0,959.6,84,3.7,73,OVERCAST,31.2,12.8,2025-08-06T08:35:00+09:30,PT5M
11,-61,55.4,118,114,0,959.6,84,3.8,72,MOSTLY CLOUDY,30.9,12.8,2025-08-06T08:40:00+09:30,PT5M
12,-61,58.8,116,112,0,959.6,84,3.9,71,MOSTLY CLOUDY,30.7,12.8,2025-08-06T08:45:00+09:30,PT5M
12,-60,46.6,160,155,0,959.6,84,4,70,MOSTLY CLOUDY,30.4,12.7,2025-08-06T08:50:00+09:30,PT5M
12,-59,35.7,203,207,0,959.6,84,4.1,69,MOSTLY CLOUDY,30.1,12.7,2025-08-06T08:55:00+09:30,PT5M
12,-58,41.6,195,189,0,959.6,84,4.2,68,MOSTLY CLOUDY,29.8,12.7,2025-08-06T09:00:00+09:30,PT5M
12,-58,36,224,228,0,959.6,84,4.3,67,MOSTLY CLOUDY,29.5,12.4,2025-08-06T09:05:00+09:30,PT5M
12,-57,38.8,225,220,0,959.6,84,4.4,66,MOSTLY CLOUDY,29.2,11.9,2025-08-06T09:10:00+09:30,PT5M
12,-56,42.5,221,214,0,959.6,84,4.5,65,MOSTLY CLOUDY,28.8,11.4,2025-08-06T09:15:00+09:30,PT5M
13,-55,52.7,190,184,0,959.6,84,4.6,64,MOSTLY CLOUDY,28.5,10.9,2025-08-06T09:20:00+09:30,PT5M
13,-54,44.9,230,223,0,959.6,84,4.7,63,MOSTLY CLOUDY,28.1,10.3,2025-08-06T09:25:00+09:30,PT5M
13,-54,51.4,211,204,0,959.6,84,4.8,62,MOSTLY CLOUDY,27.8,9.8,2025-08-06T09:30:00+09:30,PT5M
13,-53,45.3,246,238,0,959.7,84,4.8,61,MOSTLY CLOUDY,27.4,9.3,2025-08-06T09:35:00+09:30,PT5M
13,-52,35.3,301,313,0,959.7,85,4.9,61,MOSTLY CLOUDY,27.1,8.8,2025-08-06T09:40:00+09:30,PT5M
13,-51,24.1,365,423,0,959.8,85,4.9,60,PARTLY CLOUDY,26.7,8.2,2025-08-06T09:45:00+09:30,PT5M
13,-50,46,268,259,0,959.8,86,4.9,59,MOSTLY CLOUDY,26.4,7.7,2025-08-06T09:50:00+09:30,PT5M
14,-49,58.4,212,206,0,959.9,86,5,58,MOSTLY CLOUDY,26,7.2,2025-08-06T09:55:00+09:30,PT5M
14,-48,54.5,239,232,0,959.9,87,5,57,MOSTLY CLOUDY,25.7,6.7,2025-08-06T10:00:00+09:30,PT5M
14,-47,41.8,314,304,0,960,87,5,56,MOSTLY CLOUDY,25.3,6.3,2025-08-06T10:05:00+09:30,PT5M
14,-46,41.9,321,311,0,960,88,5.1,55,MOSTLY CLOUDY,24.9,6.2,2025-08-06T10:10:00+09:30,PT5M
14,-45,38.1,350,354,0,960.1,88,5.1,55,MOSTLY CLOUDY,24.5,6.1,2025-08-06T10:15:00+09:30,PT5M
14,-44,40.6,343,337,0,960.1,89,5.1,54,MOSTLY CLOUDY,24.1,6,2025-08-06T10:20:00+09:30,PT5M
14,-43,52.8,279,270,0,960.2,89,5.2,53,MOSTLY CLOUDY,23.7,5.9,2025-08-06T10:25:00+09:30,PT5M
14,-42,52.7,285,276,0,960.2,90,5.2,52,MOSTLY CLOUDY,23.3,5.8,2025-08-06T10:30:00+09:30,PT5M
15,-40,54.9,277,268,0,960.2,90,5.2,51,MOSTLY CLOUDY,22.8,5.7,2025-08-06T10:35:00+09:30,PT5M
15,-39,39.1,381,382,0,960.2,91,5.2,51,MOSTLY CLOUDY,22.4,5.6,2025-08-06T10:40:00+09:30,PT5M
15,-38,40.4,380,375,0,960.1,91,5.2,50,MOSTLY CLOUDY,22,5.5,2025-08-06T10:45:00+09:30,PT5M
15,-37,0,648,823,0,960.1,92,5.3,49,SUNNY,21.6,5.4,2025-08-06T10:50:00+09:30,PT5M
15,-35,0,658,835,0,960,92,5.3,49,SUNNY,21.2,5.3,2025-08-06T10:55:00+09:30,PT5M
15,-34,3,648,815,0,960,93,5.3,48,MOSTLY SUNNY,20.8,5.2,2025-08-06T11:00:00+09:30,PT5M
16,-33,41.4,396,387,0,959.9,94,5.3,47,MOSTLY CLOUDY,20.4,5.1,2025-08-06T11:05:00+09:30,PT5M
16,-31,64.2,245,238,0,959.9,94,5.3,47,OVERCAST,20,5,2025-08-06T11:10:00+09:30,PT5M
16,-30,33.6,461,488,0,959.8,95,5.4,46,PARTLY CLOUDY,19.6,5,2025-08-06T11:15:00+09:30,PT5M
16,-28,18.2,574,677,0,959.8,95,5.4,46,PARTLY CLOUDY,19.1,4.9,2025-08-06T11:20:00+09:30,PT5M
16,-27,15.2,601,719,0,959.7,96,5.4,45,PARTLY CLOUDY,18.7,4.8,2025-08-06T11:25:00+09:30,PT5M
16,-25,46.2,386,374,0,959.7,96,5.4,45,MOSTLY CLOUDY,18.3,4.8,2025-08-06T11:30:00+09:30,PT5M
16,-24,44.9,398,386,0,959.6,96,5.4,44,MOSTLY CLOUDY,17.9,4.7,2025-08-06T11:35:00+09:30,PT5M
17,-22,61.9,278,269,0,959.5,97,5.5,44,OVERCAST,17.5,4.7,2025-08-06T11:40:00+09:30,PT5M
17,-20,67.9,236,229,0,959.5,97,5.5,43,OVERCAST,17.1,4.6,2025-08-06T11:45:00+09:30,PT5M
17,-19,53.1,347,337,0,959.4,97,5.5,43,MOSTLY CLOUDY,16.6,4.5,2025-08-06T11:50:00+09:30,PT5M
17,-17,55.3,333,323,0,959.3,97,5.5,43,MOSTLY CLOUDY,16.2,4.5,2025-08-06T11:55:00+09:30,PT5M
17,-15,46,405,392,0,959.3,97,5.5,42,MOSTLY CLOUDY,15.8,4.4,2025-08-06T12:00:00+09:30,PT5M
17,-14,44.8,416,403,0,959.2,97,5.6,42,MOSTLY CLOUDY,15.5,4.4,2025-08-06T12:05:00+09:30,PT5M
17,-12,16.6,631,746,0,959.1,97,5.6,42,PARTLY CLOUDY,15.3,4.4,2025-08-06T12:10:00+09:30,PT5M
17,-10,12.2,667,804,0,959.1,98,5.6,41,PARTLY CLOUDY,15.1,4.3,2025-08-06T12:15:00+09:30,PT5M
17,-8,15.1,646,770,0,959,98,5.6,41,PARTLY CLOUDY,14.9,4.3,2025-08-06T12:20:00+09:30,PT5M
17,-7,22.3,593,680,0,958.9,98,5.6,41,PARTLY CLOUDY,14.7,4.2,2025-08-06T12:25:00+09:30,PT5M
17,-5,30.6,531,575,0,958.9,98,5.6,41,PARTLY CLOUDY,14.5,4.2,2025-08-06T12:30:00+09:30,PT5M
17,-3,30.6,532,575,0,958.8,98,5.7,41,PARTLY CLOUDY,14.4,4.2,2025-08-06T12:35:00+09:30,PT5M
17,-1,38.5,472,477,0,958.7,98,5.6,41,MOSTLY CLOUDY,14.2,4.2,2025-08-06T12:40:00+09:30,PT5M
17,1,47.1,405,393,0,958.6,98,5.6,41,MOSTLY CLOUDY,14,4.1,2025-08-06T12:45:00+09:30,PT5M
17,3,60.6,302,293,0,958.6,98,5.6,41,OVERCAST,13.8,4.1,2025-08-06T12:50:00+09:30,PT5M
18,4,58.5,318,308,0,958.5,99,5.6,41,MOSTLY CLOUDY,13.6,4,2025-08-06T12:55:00+09:30,PT5M
18,6,63.7,277,268,0,958.4,99,5.6,41,OVERCAST,13.4,4,2025-08-06T13:00:00+09:30,PT5M
18,8,56.3,333,323,0,958.3,99,5.6,41,MOSTLY CLOUDY,13.3,4,2025-08-06T13:05:00+09:30,PT5M
18,10,29.3,537,587,0,958.3,99,5.6,41,PARTLY CLOUDY,13.3,4,2025-08-06T13:10:00+09:30,PT5M
18,12,44.7,418,405,0,958.2,99,5.6,42,MOSTLY CLOUDY,13.4,4,2025-08-06T13:15:00+09:30,PT5M
18,13,49.5,380,368,0,958.1,99,5.6,42,MOSTLY CLOUDY,13.4,4,2025-08-06T13:20:00+09:30,PT5M
18,15,34.7,490,513,0,958,99,5.6,42,PARTLY CLOUDY,13.4,4,2025-08-06T13:25:00+09:30,PT5M
18,17,47.2,393,381,0,958,99,5.6,42,MOSTLY CLOUDY,13.4,4,2025-08-06T13:30:00+09:30,PT5M
18,18,58.6,306,297,0,957.9,99,5.6,43,MOSTLY CLOUDY,13.5,3.9,2025-08-06T13:35:00+09:30,PT5M
18,20,37.3,461,471,0,957.9,100,5.6,43,MOSTLY CLOUDY,13.5,3.9,2025-08-06T13:40:00+09:30,PT5M
18,22,41.2,429,422,0,957.9,100,5.6,44,MOSTLY CLOUDY,13.5,3.9,2025-08-06T13:45:00+09:30,PT5M
18,23,33.4,481,509,0,957.8,100,5.6,44,PARTLY CLOUDY,13.5,3.9,2025-08-06T13:50:00+09:30,PT5M
18,25,43.7,403,391,0,957.8,100,5.5,44,MOSTLY CLOUDY,13.6,3.9,2025-08-06T13:55:00+09:30,PT5M
18,26,53.2,332,321,0,957.8,100,5.5,45,MOSTLY CLOUDY,13.6,3.9,2025-08-06T14:00:00+09:30,PT5M
18,28,40,421,418,0,957.8,100,5.5,45,MOSTLY CLOUDY,13.6,3.9,2025-08-06T14:05:00+09:30,PT5M
18,29,53.3,324,314,0,957.7,101,5.5,46,MOSTLY CLOUDY,13.6,3.9,2025-08-06T14:10:00+09:30,PT5M
18,31,60,274,266,0,957.7,101,5.5,47,MOSTLY CLOUDY,13.7,3.9,2025-08-06T14:15:00+09:30,PT5M
18,32,60.1,270,262,0,957.7,101,5.5,47,OVERCAST,13.7,3.9,2025-08-06T14:20:00+09:30,PT5M
18,34,60.1,266,258,0,957.7,101,5.5,48,OVERCAST,13.7,3.9,2025-08-06T14:25:00+09:30,PT5M
18,35,71.2,189,184,0,957.6,101,5.5,48,OVERCAST,13.7,3.9,2025-08-06T14:30:00+09:30,PT5M
18,36,64.4,230,223,0,957.6,102,5.5,49,OVERCAST,13.8,3.9,2025-08-06T14:35:00+09:30,PT5M
18,38,68.5,201,195,0,957.5,102,5.5,50,OVERCAST,13.8,3.9,2025-08-06T14:40:00+09:30,PT5M
18,39,64.5,222,215,0,957.5,102,5.5,51,OVERCAST,13.8,3.9,2025-08-06T14:45:00+09:30,PT5M
18,40,72.4,170,165,0,957.4,103,5.5,51,OVERCAST,13.8,3.9,2025-08-06T14:50:00+09:30,PT5M
18,41,64.7,213,207,0,957.3,103,5.5,52,OVERCAST,13.9,3.9,2025-08-06T14:55:00+09:30,PT5M
18,42,71.6,168,163,0,957.3,103,5.5,53,OVERCAST,13.9,3.9,2025-08-06T15:00:00+09:30,PT5M
18,44,71.6,164,159,0,957.2,104,5.5,54,OVERCAST,13.9,3.9,2025-08-06T15:05:00+09:30,PT5M
18,45,72.6,155,150,0,957.1,104,5.5,54,OVERCAST,13.9,4,2025-08-06T15:10:00+09:30,PT5M
18,46,70.8,162,157,0,957.1,105,5.5,55,OVERCAST,13.8,4,2025-08-06T15:15:00+09:30,PT5M
18,47,58.2,226,219,0,957,105,5.5,56,MOSTLY CLOUDY,13.8,4,2025-08-06T15:20:00+09:30,PT5M
18,48,70.8,153,149,0,956.9,105,5.5,57,OVERCAST,13.8,4.1,2025-08-06T15:25:00+09:30,PT5M
18,49,70.4,151,147,0,956.8,106,5.5,58,OVERCAST,13.8,4.1,2025-08-06T15:30:00+09:30,PT5M
18,50,77.1,114,110,0,956.8,106,5.5,59,OVERCAST,13.7,4.2,2025-08-06T15:35:00+09:30,PT5M
18,51,67.6,156,151,0,956.8,106,5.5,59,OVERCAST,13.7,4.2,2025-08-06T15:40:00+09:30,PT5M
18,52,63.4,171,166,0,956.8,106,5.5,60,OVERCAST,13.7,4.3,2025-08-06T15:45:00+09:30,PT5M
17,53,63.9,163,158,0,956.8,106,5.6,61,OVERCAST,13.7,4.3,2025-08-06T15:50:00+09:30,PT5M
17,53,57.6,185,179,0,956.9,106,5.6,62,MOSTLY CLOUDY,13.6,4.3,2025-08-06T15:55:00+09:30,PT5M
17,54,67.6,136,132,0,956.9,107,5.6,63,OVERCAST,13.6,4.4,2025-08-06T16:00:00+09:30,PT5M
17,55,57.7,171,165,0,956.9,107,5.6,64,MOSTLY CLOUDY,13.6,4.4,2025-08-06T16:05:00+09:30,PT5M
17,56,50.5,192,186,0,956.9,107,5.6,65,MOSTLY CLOUDY,13.5,4.4,2025-08-06T16:10:00+09:30,PT5M
17,57,63.3,136,132,0,956.9,107,5.6,66,OVERCAST,13.4,4.4,2025-08-06T16:15:00+09:30,PT5M
17,57,55.1,159,154,0,956.9,107,5.6,67,MOSTLY CLOUDY,13.4,4.3,2025-08-06T16:20:00+09:30,PT5M
17,58,44.6,187,181,0,956.9,107,5.6,68,MOSTLY CLOUDY,13.3,4.3,2025-08-06T16:25:00+09:30,PT5M
17,59,55,144,140,0,956.9,107,5.7,69,MOSTLY CLOUDY,13.2,4.3,2025-08-06T16:30:00+09:30,PT5M
17,60,59.2,124,120,0,956.9,108,5.7,70,MOSTLY CLOUDY,13.2,4.3,2025-08-06T16:35:00+09:30,PT5M
17,60,45.8,155,150,0,957,108,5.6,71,MOSTLY CLOUDY,13.1,4.3,2025-08-06T16:40:00+09:30,PT5M
17,61,35.6,173,175,0,957,108,5.6,72,MOSTLY CLOUDY,13,4.3,2025-08-06T16:45:00+09:30,PT5M
17,62,41.4,147,142,0,957,108,5.6,73,MOSTLY CLOUDY,13,4.2,2025-08-06T16:50:00+09:30,PT5M
17,62,55.1,105,101,0,957,108,5.6,74,MOSTLY CLOUDY,12.9,4.2,2025-08-06T16:55:00+09:30,PT5M
17,63,52.6,102,99,0,957.1,108,5.6,75,MOSTLY CLOUDY,12.8,4.2,2025-08-06T17:00:00+09:30,PT5M
17,64,62.4,74,72,0,957.1,108,5.6,76,OVERCAST,12.8,4.2,2025-08-06T17:05:00+09:30,PT5M
17,64,64,65,63,0,957.1,108,5.6,77,OVERCAST,12.7,4.2,2025-08-06T17:10:00+09:30,PT5M
16,65,47.5,86,83,0,957.1,109,5.5,78,MOSTLY CLOUDY,12.6,4.2,2025-08-06T17:15:00+09:30,PT5M
16,66,35.6,94,91,0,957.2,109,5.5,79,MOSTLY CLOUDY,12.5,4.1,2025-08-06T17:20:00+09:30,PT5M
16,66,62.5,48,47,0,957.2,109,5.5,80,OVERCAST,12.5,4.1,2025-08-06T17:25:00+09:30,PT5M
16,67,66.1,38,37,0,957.2,109,5.5,81,OVERCAST,12.4,4.1,2025-08-06T17:30:00+09:30,PT5M
16,67,59.2,39,38,0,957.2,109,5.5,82,MOSTLY CLOUDY,12.3,4.1,2025-08-06T17:35:00+09:30,PT5M
16,68,75.8,19,19,0,957.3,110,5.4,83,OVERCAST,12.2,4.1,2025-08-06T17:40:00+09:30,PT5M
16,68,47.8,33,32,0,957.3,110,5.3,84,MOSTLY CLOUDY,12.2,4.1,2025-08-06T17:45:00+09:30,PT5M
16,69,72.8,13,13,0,957.4,111,5.2,85,OVERCAST,12.1,4,2025-08-06T17:50:00+09:30,PT5M
16,70,65,12,12,0,957.4,111,5.1,86,OVERCAST,12,4,2025-08-06T17:55:00+09:30,PT5M
16,70,68.5,7,7,0,957.5,111,5,87,OVERCAST,11.9,4,2025-08-06T18:00:00+09:30,PT5M
16,71,82.9,2,2,0,957.5,112,5,88,OVERCAST,11.9,4,2025-08-06T18:05:00+09:30,PT5M
16,71,83.7,0,0,0,957.6,112,4.9,90,OVERCAST,11.8,4,2025-08-06T18:10:00+09:30,PT5M
16,72,85.2,0,0,0,957.6,113,4.8,91,OVERCAST,11.7,3.9,2025-08-06T18:15:00+09:30,PT5M
16,72,83.7,0,0,0,957.7,113,4.7,92,OVERCAST,11.7,3.9,2025-08-06T18:20:00+09:30,PT5M
16,73,85.2,0,0,0,957.7,114,4.6,93,OVERCAST,11.6,3.9,2025-08-06T18:25:00+09:30,PT5M
16,73,83.7,0,0,0,957.8,115,4.6,94,OVERCAST,11.5,3.9,2025-08-06T18:30:00+09:30,PT5M
16,74,72.8,0,0,0,957.9,115,4.5,95,OVERCAST,11.5,3.8,2025-08-06T18:35:00+09:30,PT5M
16,74,71.8,0,0,0,957.9,115,4.5,96,OVERCAST,11.4,3.8,2025-08-06T18:40:00+09:30,PT5M
15,74,72.8,0,0,0,958,115,4.4,97,OVERCAST,11.3,3.8,2025-08-06T18:45:00+09:30,PT5M
15,75,70.7,0,0,0,958.1,114,4.4,98,OVERCAST,11.3,3.8,2025-08-06T18:50:00+09:30,PT5M
15,75,70.7,0,0,0,958.1,114,4.3,99,OVERCAST,11.2,3.7,2025-08-06T18:55:00+09:30,PT5M
15,76,68.5,0,0,0,958.2,114,4.3,101,OVERCAST,11.1,3.7,2025-08-06T19:00:00+09:30,PT5M
15,76,71.8,0,0,0,958.3,114,4.3,102,OVERCAST,11.1,3.7,2025-08-06T19:05:00+09:30,PT5M
15,77,68.5,0,0,0,958.3,114,4.2,103,OVERCAST,11,3.7,2025-08-06T19:10:00+09:30,PT5M
15,77,65,0,0,0,958.4,114,4.2,104,OVERCAST,10.9,3.6,2025-08-06T19:15:00+09:30,PT5M
15,78,75.8,0,0,0,958.5,114,4.1,105,OVERCAST,10.8,3.6,2025-08-06T19:20:00+09:30,PT5M
15,78,72.8,0,0,0,958.5,114,4.1,106,OVERCAST,10.8,3.6,2025-08-06T19:25:00+09:30,PT5M
15,78,73.8,0,0,0,958.6,113,4.1,107,OVERCAST,10.7,3.6,2025-08-06T19:30:00+09:30,PT5M
15,79,78.6,0,0,0,958.7,114,4,108,OVERCAST,10.6,3.5,2025-08-06T19:35:00+09:30,PT5M
15,79,81.2,0,0,0,958.7,114,4,109,OVERCAST,10.5,3.5,2025-08-06T19:40:00+09:30,PT5M
15,80,81.2,0,0,0,958.7,114,4,111,OVERCAST,10.5,3.5,2025-08-06T19:45:00+09:30,PT5M
15,80,80.4,0,0,0,958.8,114,4,112,OVERCAST,10.4,3.5,2025-08-06T19:50:00+09:30,PT5M
15,81,74.8,0,0,0,958.8,115,4,113,OVERCAST,10.3,3.4,2025-08-06T19:55:00+09:30,PT5M
15,81,70.7,0,0,0,958.8,115,4,114,OVERCAST,10.2,3.4,2025-08-06T20:00:00+09:30,PT5M
15,81,78.6,0,0,0,958.9,115,4,115,OVERCAST,10.2,3.4,2025-08-06T20:05:00+09:30,PT5M
15,82,76.8,0,0,0,958.9,116,4,116,OVERCAST,10.1,3.4,2025-08-06T20:10:00+09:30,PT5M
15,82,69.6,0,0,0,958.9,116,4,117,OVERCAST,10,3.3,2025-08-06T20:15:00+09:30,PT5M
15,83,85.2,0,0,0,959,116,4,119,OVERCAST,9.9,3.3,2025-08-06T20:20:00+09:30,PT5M
15,83,82.9,0,0,0,959,117,3.9,120,OVERCAST,9.9,3.3,2025-08-06T20:25:00+09:30,PT5M
15,84,74.8,0,0,0,959,117,3.9,121,OVERCAST,9.8,3.3,2025-08-06T20:30:00+09:30,PT5M
15,84,63.8,0,0,0,959.1,117,3.9,122,OVERCAST,9.7,3.2,2025-08-06T20:35:00+09:30,PT5M
15,84,63.8,0,0,0,959.1,118,3.9,123,OVERCAST,9.6,3.2,2025-08-06T20:40:00+09:30,PT5M
15,85,76.8,0,0,0,959.2,118,3.9,124,OVERCAST,9.6,3.2,2025-08-06T20:45:00+09:30,PT5M
15,85,77.7,0,0,0,959.2,118,3.9,125,OVERCAST,9.5,3.2,2025-08-06T20:50:00+09:30,PT5M
14,86,68.5,0,0,0,959.3,119,3.9,126,OVERCAST,9.4,3.1,2025-08-06T20:55:00+09:30,PT5M
14,86,79.5,0,0,0,959.4,119,3.9,128,OVERCAST,9.3,3.1,2025-08-06T21:00:00+09:30,PT5M
14,87,84.4,0,0,0,959.4,119,3.9,129,OVERCAST,9.3,3.1,2025-08-06T21:05:00+09:30,PT5M
14,87,85.2,0,0,0,959.5,120,3.9,130,OVERCAST,9.4,3.1,2025-08-06T21:10:00+09:30,PT5M
14,88,80.4,0,0,0,959.5,120,3.9,131,OVERCAST,9.4,3.1,2025-08-06T21:15:00+09:30,PT5M
14,88,77.7,0,0,0,959.6,120,3.9,132,OVERCAST,9.5,3.1,2025-08-06T21:20:00+09:30,PT5M
14,89,71.8,0,0,0,959.7,121,3.9,133,OVERCAST,9.5,3.1,2025-08-06T21:25:00+09:30,PT5M
14,89,78.6,0,0,0,959.7,121,3.9,134,OVERCAST,9.6,3.1,2025-08-06T21:30:00+09:30,PT5M
14,89,82.1,0,0,0,959.8,121,3.9,136,OVERCAST,9.6,3.1,2025-08-06T21:35:00+09:30,PT5M
14,90,87.9,0,0,0,959.8,122,3.8,137,OVERCAST,9.7,3.1,2025-08-06T21:40:00+09:30,PT5M
14,90,87.9,0,0,0,959.8,122,3.8,138,OVERCAST,9.7,3.1,2025-08-06T21:45:00+09:30,PT5M
14,91,80.4,0,0,0,959.8,122,3.8,139,OVERCAST,9.8,3.1,2025-08-06T21:50:00+09:30,PT5M
14,92,84.4,0,0,0,959.8,123,3.8,140,OVERCAST,9.8,3.1,2025-08-06T21:55:00+09:30,PT5M
14,92,71.8,0,0,0,959.8,123,3.8,141,OVERCAST,9.9,3.1,2025-08-06T22:00:00+09:30,PT5M
14,93,73.8,0,0,0,959.9,123,3.8,142,OVERCAST,10,3.1,2025-08-06T22:05:00+09:30,PT5M
14,93,76.8,0,0,0,959.9,124,3.7,144,OVERCAST,10.2,3.1,2025-08-06T22:10:00+09:30,PT5M
14,94,79.5,0,0,0,959.9,124,3.7,145,OVERCAST,10.3,3.2,2025-08-06T22:15:00+09:30,PT5M
14,94,81.2,0,0,0,959.9,124,3.7,146,OVERCAST,10.5,3.2,2025-08-06T22:20:00+09:30,PT5M
14,95,85.9,0,0,0,959.9,124,3.7,147,OVERCAST,10.7,3.2,2025-08-06T22:25:00+09:30,PT5M
14,96,87.3,0,0,0,959.9,125,3.7,148,OVERCAST,10.9,3.2,2025-08-06T22:30:00+09:30,PT5M
14,96,86.6,0,0,0,959.9,125,3.7,149,OVERCAST,11,3.3,2025-08-06T22:35:00+09:30,PT5M
14,97,85.2,0,0,0,959.9,125,3.7,150,OVERCAST,11.2,3.3,2025-08-06T22:40:00+09:30,PT5M
14,98,67.4,0,0,0,959.9,125,3.7,152,OVERCAST,11.4,3.3,2025-08-06T22:45:00+09:30,PT5M
14,99,61.4,0,0,0,959.8,124,3.8,153,OVERCAST,11.6,3.3,2025-08-06T22:50:00+09:30,PT5M
14,100,73.8,0,0,0,959.8,124,3.8,154,OVERCAST,11.7,3.4,2025-08-06T22:55:00+09:30,PT5M
14,101,70.7,0,0,0,959.8,124,3.8,155,OVERCAST,11.9,3.4,2025-08-06T23:00:00+09:30,PT5M
14,102,67.4,0,0,0,959.7,124,3.9,156,OVERCAST,12.1,3.4,2025-08-06T23:05:00+09:30,PT5M
14,103,67.4,0,0,0,959.7,124,3.9,157,OVERCAST,12.2,3.5,2025-08-06T23:10:00+09:30,PT5M
14,104,79.5,0,0,0,959.7,123,3.9,158,OVERCAST,12.4,3.5,2025-08-06T23:15:00+09:30,PT5M
13,105,80.4,0,0,0,959.6,123,4,159,OVERCAST,12.6,3.6,2025-08-06T23:20:00+09:30,PT5M
13,106,82.1,0,0,0,959.6,123,4,161,OVERCAST,12.8,3.6,2025-08-06T23:25:00+09:30,PT5M
13,108,74.8,0,0,0,959.6,123,4,162,OVERCAST,12.9,3.7,2025-08-06T23:30:00+09:30,PT5M
13,110,75.8,0,0,0,959.5,123,4.1,163,OVERCAST,13.1,3.7,2025-08-06T23:35:00+09:30,PT5M
13,111,71.8,0,0,0,959.6,122,4.1,164,OVERCAST,13.2,3.8,2025-08-06T23:40:00+09:30,PT5M
13,113,81.2,0,0,0,959.6,122,4.1,165,OVERCAST,13.4,3.8,2025-08-06T23:45:00+09:30,PT5M
13,116,74.8,0,0,0,959.6,122,4.1,166,OVERCAST,13.6,3.9,2025-08-06T23:50:00+09:30,PT5M
13,118,67.4,0,0,0,959.6,121,4.1,167,OVERCAST,13.8,3.9,2025-08-06T23:55:00+09:30,PT5M
13,122,81.2,0,0,0,959.6,121,4.1,168,OVERCAST,13.9,4,2025-08-07T00:00:00+09:30,PT5M
13,125,90.3,0,0,0,959.6,121,4.1,169,OVERCAST,14.1,4,2025-08-07T00:05:00+09:30,PT5M
13,129,75.8,0,0,0,959.6,120,4.1,170,OVERCAST,14.4,4.1,2025-08-07T00:10:00+09:30,PT5M
13,134,87.9,0,0,0,959.6,120,4.1,171,OVERCAST,14.7,4.2,2025-08-07T00:15:00+09:30,PT5M
13,140,85.9,0,0,0,959.6,120,4.1,171,OVERCAST,15,4.2,2025-08-07T00:20:00+09:30,PT5M
13,147,77.7,0,0,0,959.6,120,4.1,172,OVERCAST,15.3,4.3,2025-08-07T00:25:00+09:30,PT5M
13,155,71.8,0,0,0,959.6,119,4.1,173,OVERCAST,15.6,4.4,2025-08-07T00:30:00+09:30,PT5M
13,164,58.8,0,0,0,959.6,119,4.1,173,MOSTLY CLOUDY,15.8,4.4,2025-08-07T00:35:00+09:30,PT5M
13,174,71.8,0,0,0,959.6,119,4.1,173,OVERCAST,16.1,4.5,2025-08-07T00:40:00+09:30,PT5M
13,-176,73.8,0,0,0,959.5,119,4.1,173,OVERCAST,16.4,4.6,2025-08-07T00:45:00+09:30,PT5M
13,-166,74.8,0,0,0,959.4,119,4.1,173,OVERCAST,16.7,4.6,2025-08-07T00:50:00+09:30,PT5M
13,-157,75.8,0,0,0,959.4,119,4.2,173,OVERCAST,17,4.7,2025-08-07T00:55:00+09:30,PT5M
13,-149,80.4,0,0,0,959.3,119,4.2,172,OVERCAST,17.3,4.8,2025-08-07T01:00:00+09:30,PT5M
13,-142,85.9,0,0,0,959.3,119,4.2,172,OVERCAST,17.6,4.8,2025-08-07T01:05:00+09:30,PT5M
13,-136,87.9,0,0,0,959.2,119,4.2,171,OVERCAST,18,4.9,2025-08-07T01:10:00+09:30,PT5M
13,-130,76.8,0,0,0,959.1,119,4.2,170,OVERCAST,18.4,5,2025-08-07T01:15:00+09:30,PT5M
13,-126,77.7,0,0,0,959.1,119,4.2,169,OVERCAST,18.7,5.1,2025-08-07T01:20:00+09:30,PT5M
13,-122,70.7,0,0,0,959,118,4.2,168,OVERCAST,19.1,5.2,2025-08-07T01:25:00+09:30,PT5M
13,-119,68.5,0,0,0,959,118,4.2,167,OVERCAST,19.5,5.3,2025-08-07T01:30:00+09:30,PT5M
13,-116,84.4,0,0,0,958.9,118,4.2,166,OVERCAST,19.9,5.3,2025-08-07T01:35:00+09:30,PT5M
13,-114,65,0,0,0,958.8,119,4.2,165,OVERCAST,20.3,5.4,2025-08-07T01:40:00+09:30,PT5M
13,-112,71.8,0,0,0,958.8,119,4.2,164,OVERCAST,20.7,5.5,2025-08-07T01:45:00+09:30,PT5M
13,-110,53.5,0,0,0,958.7,119,4.2,163,MOSTLY CLOUDY,21,5.6,2025-08-07T01:50:00+09:30,PT5M
13,-108,72.8,0,0,0,958.7,119,4.2,162,OVERCAST,21.4,5.7,2025-08-07T01:55:00+09:30,PT5M
13,-107,71.8,0,0,0,958.6,119,4.2,161,OVERCAST,21.8,5.8,2025-08-07T02:00:00+09:30,PT5M
13,-105,75.8,0,0,0,958.6,119,4.2,160,OVERCAST,22.2,5.8,2025-08-07T02:05:00+09:30,PT5M
13,-104,79.5,0,0,0,958.5,119,4.2,159,OVERCAST,22.6,5.9,2025-08-07T02:10:00+09:30,PT5M
13,-103,77.7,0,0,0,958.4,119,4.2,157,OVERCAST,23,6,2025-08-07T02:15:00+09:30,PT5M
13,-102,77.7,0,0,0,958.4,119,4.2,156,OVERCAST,23.4,6.1,2025-08-07T02:20:00+09:30,PT5M
12,-101,81.2,0,0,0,958.3,119,4.2,155,OVERCAST,23.8,6.2,2025-08-07T02:25:00+09:30,PT5M
12,-100,87.9,0,0,0,958.3,120,4.3,154,OVERCAST,24.2,6.3,2025-08-07T02:30:00+09:30,PT5M
12,-99,73.8,0,0,0,958.2,120,4.2,153,OVERCAST,24.5,6.3,2025-08-07T02:35:00+09:30,PT5M
12,-98,89.7,0,0,0,958.3,120,4.2,152,OVERCAST,24.9,6.4,2025-08-07T02:40:00+09:30,PT5M
12,-97,87.9,0,0,0,958.3,121,4.1,151,OVERCAST,25.3,6.5,2025-08-07T02:45:00+09:30,PT5M
12,-97,86.6,0,0,0,958.3,121,4.1,150,OVERCAST,25.7,6.6,2025-08-07T02:50:00+09:30,PT5M
12,-96,70.7,0,0,0,958.3,121,4,148,OVERCAST,26.1,6.7,2025-08-07T02:55:00+09:30,PT5M
12,-95,85.9,0,0,0,958.4,122,4,147,OVERCAST,26.5,6.8,2025-08-07T03:00:00+09:30,PT5M
12,-95,85.2,0,0,0,958.4,122,3.9,146,OVERCAST,26.9,6.8,2025-08-07T03:05:00+09:30,PT5M
12,-94,75.8,0,0,0,958.4,123,3.9,145,OVERCAST,27.2,6.9,2025-08-07T03:10:00+09:30,PT5M
12,-93,68.5,0,0,0,958.4,123,3.8,144,OVERCAST,27.5,7,2025-08-07T03:15:00+09:30,PT5M
12,-93,83.7,0,0,0,958.5,124,3.8,143,OVERCAST,27.8,7.1,2025-08-07T03:20:00+09:30,PT5M
12,-92,58.8,0,0,0,958.5,124,3.7,142,MOSTLY CLOUDY,28.2,7.2,2025-08-07T03:25:00+09:30,PT5M
12,-92,54.8,0,0,0,958.5,125,3.7,140,MOSTLY CLOUDY,28.5,7.3,2025-08-07T03:30:00+09:30,PT5M
12,-91,73.8,0,0,0,958.5,125,3.7,139,OVERCAST,28.8,7.3,2025-08-07T03:35:00+09:30,PT5M
12,-91,56.2,0,0,0,958.5,125,3.6,138,MOSTLY CLOUDY,29.1,7.4,2025-08-07T03:40:00+09:30,PT5M
12,-90,50.7,0,0,0,958.5,125,3.6,137,MOSTLY CLOUDY,29.5,7.5,2025-08-07T03:45:00+09:30,PT5M
12,-90,53.5,0,0,0,958.5,125,3.6,136,MOSTLY CLOUDY,29.8,7.6,2025-08-07T03:50:00+09:30,PT5M
12,-89,49.2,0,0,0,958.5,125,3.6,135,MOSTLY CLOUDY,30.1,7.7,2025-08-07T03:55:00+09:30,PT5M
12,-89,54.8,0,0,0,958.4,125,3.6,134,MOSTLY CLOUDY,30.4,7.8,2025-08-07T04:00:00+09:30,PT5M
12,-88,56.2,0,0,0,958.4,125,3.5,132,MOSTLY CLOUDY,30.7,7.8,2025-08-07T04:05:00+09:30,PT5M
12,-88,50.7,0,0,0,958.4,125,3.5,131,MOSTLY CLOUDY,31,7.9,2025-08-07T04:10:00+09:30,PT5M
12,-87,49.2,0,0,0,958.4,125,3.5,130,MOSTLY CLOUDY,31.3,8,2025-08-07T04:15:00+09:30,PT5M
12,-87,62.6,0,0,0,958.4,125,3.5,129,OVERCAST,31.6,8.1,2025-08-07T04:20:00+09:30,PT5M
12,-86,58.8,0,0,0,958.4,125,3.5,128,MOSTLY CLOUDY,31.8,8.1,2025-08-07T04:25:00+09:30,PT5M
12,-86,74.8,0,0,0,958.3,126,3.5,127,OVERCAST,32.1,8.2,2025-08-07T04:30:00+09:30,PT5M
12,-86,76.8,0,0,0,958.3,125,3.4,126,OVERCAST,32.4,8.3,2025-08-07T04:35:00+09:30,PT5M
12,-85,77.7,0,0,0,958.4,125,3.4,124,OVERCAST,32.7,8.4,2025-08-07T04:40:00+09:30,PT5M
12,-85,84.4,0,0,0,958.4,125,3.4,123,OVERCAST,32.9,8.4,2025-08-07T04:45:00+09:30,PT5M
12,-84,85.9,0,0,0,958.4,125,3.4,122,OVERCAST,33.2,8.5,2025-08-07T04:50:00+09:30,PT5M
12,-84,78.6,0,0,0,958.4,125,3.5,121,OVERCAST,33.5,8.6,2025-08-07T04:55:00+09:30,PT5M
12,-83,58.8,0,0,0,958.5,124,3.5,120,MOSTLY CLOUDY,33.8,8.7,2025-08-07T05:00:00+09:30,PT5M
12,-83,72.8,0,0,0,958.5,124,3.5,119,OVERCAST,34,8.7,2025-08-07T05:05:00+09:30,PT5M
12,-83,61.4,0,0,0,958.5,124,3.5,118,OVERCAST,34.3,8.8,2025-08-07T05:10:00+09:30,PT5M
11,-82,63.8,0,0,0,958.5,124,3.5,116,OVERCAST,34.6,8.9,2025-08-07T05:15:00+09:30,PT5M
11,-82,79.5,0,0,0,958.6,124,3.5,115,OVERCAST,34.8,8.9,2025-08-07T05:20:00+09:30,PT5M
11,-81,73.8,0,0,0,958.6,124,3.5,114,OVERCAST,35.1,9,2025-08-07T05:25:00+09:30,PT5M
11,-81,71.8,0,0,0,958.6,123,3.5,113,OVERCAST,35.4,9.1,2025-08-07T05:30:00+09:30,PT5M
11,-80,78.6,0,0,0,958.7,123,3.5,112,OVERCAST,35.6,9.1,2025-08-07T05:35:00+09:30,PT5M
11,-80,81.2,0,0,0,958.7,124,3.4,111,OVERCAST,35.9,9.2,2025-08-07T05:40:00+09:30,PT5M
11,-80,71.8,0,0,0,958.8,124,3.4,110,OVERCAST,36.2,9.3,2025-08-07T05:45:00+09:30,PT5M
11,-79,81.2,0,0,0,958.9,125,3.4,109,OVERCAST,36.4,9.3,2025-08-07T05:50:00+09:30,PT5M
11,-79,69.6,0,0,0,958.9,125,3.4,107,OVERCAST,36.7,9.4,2025-08-07T05:55:00+09:30,PT5M
11,-78,75.8,0,0,0,959,126,3.3,106,OVERCAST,37,9.5,2025-08-07T06:00:00+09:30,PT5M
11,-78,75.8,0,0,0,959.1,126,3.3,105,OVERCAST,37.1,9.5,2025-08-07T06:05:00+09:30,PT5M
11,-77,72.8,0,0,0,959.1,127,3.3,104,OVERCAST,37.1,9.6,2025-08-07T06:10:00+09:30,PT5M
11,-77,77.7,0,0,0,959.2,127,3.3,103,OVERCAST,37.1,9.6,2025-08-07T06:15:00+09:30,PT5M
11,-77,68.5,0,0,0,959.3,127,3.3,102,OVERCAST,37.1,9.6,2025-08-07T06:20:00+09:30,PT5M
11,-76,69.6,0,0,0,959.3,128,3.2,101,OVERCAST,37.1,9.7,2025-08-07T06:25:00+09:30,PT5M
11,-76,79.5,0,0,0,959.4,128,3.2,100,OVERCAST,37.1,9.7,2025-08-07T06:30:00+09:30,PT5M
11,-75,87.9,0,0,0,959.5,129,3.2,99,OVERCAST,37,9.8,2025-08-07T06:35:00+09:30,PT5M
11,-75,68.5,0,0,0,959.6,128,3.2,97,OVERCAST,37,9.8,2025-08-07T06:40:00+09:30,PT5M
11,-74,61.4,0,0,0,959.6,128,3.2,96,OVERCAST,37,9.9,2025-08-07T06:45:00+09:30,PT5M
11,-74,85.2,0,0,0,959.7,128,3.2,95,OVERCAST,37,9.9,2025-08-07T06:50:00+09:30,PT5M
11,-73,84.4,0,0,0,959.8,128,3.3,94,OVERCAST,37,9.9,2025-08-07T06:55:00+09:30,PT5M
11,-73,82.1,0,0,0,959.9,128,3.3,93,OVERCAST,37,10,2025-08-07T07:00:00+09:30,PT5M
11,-72,58.8,0,0,0,959.9,127,3.3,92,MOSTLY CLOUDY,36.9,10,2025-08-07T07:05:00+09:30,PT5M
11,-72,82.9,0,0,0,960,127,3.3,91,OVERCAST,36.6,10,2025-08-07T07:10:00+09:30,PT5M
11,-71,81.2,0,0,0,960.1,127,3.3,90,OVERCAST,36.3,10,2025-08-07T07:15:00+09:30,PT5M
11,-71,90.3,1,1,0,960.2,127,3.3,89,OVERCAST,36,10,2025-08-07T07:20:00+09:30,PT5M
11,-70,74.8,5,5,0,960.2,127,3.3,88,OVERCAST,35.7,10,2025-08-07T07:25:00+09:30,PT5M
11,-70,58.8,13,13,0,960.3,127,3.4,87,MOSTLY CLOUDY,35.4,10,2025-08-07T07:30:00+09:30,PT5M
11,-69,49.2,23,23,0,960.4,126,3.4,85,MOSTLY CLOUDY,35.2,10.1,2025-08-07T07:35:00+09:30,PT5M
11,-69,52.1,29,28,0,960.5,126,3.4,84,MOSTLY CLOUDY,34.9,10.1,2025-08-07T07:40:00+09:30,PT5M
11,-68,47.8,39,38,0,960.5,125,3.4,83,MOSTLY CLOUDY,34.6,10.1,2025-08-07T07:45:00+09:30,PT5M
11,-68,48.7,47,45,0,960.6,125,3.4,82,MOSTLY CLOUDY,34.3,10.1,2025-08-07T07:50:00+09:30,PT5M
11,-67,43.9,60,58,0,960.7,125,3.5,81,MOSTLY CLOUDY,34,10.1,2025-08-07T07:55:00+09:30,PT5M
11,-66,54.9,56,54,0,960.7,124,3.5,80,MOSTLY CLOUDY,33.7,10.1,2025-08-07T08:00:00+09:30,PT5M
11,-66,61.5,54,53,0,960.8,124,3.5,79,OVERCAST,33.5,10,2025-08-07T08:05:00+09:30,PT5M
11,-65,57.9,67,64,0,960.9,123,3.5,78,MOSTLY CLOUDY,33.2,9.9,2025-08-07T08:10:00+09:30,PT5M
11,-65,62.5,66,64,0,960.9,123,3.6,77,OVERCAST,32.9,9.8,2025-08-07T08:15:00+09:30,PT5M
11,-64,45.6,105,102,0,961,122,3.6,76,MOSTLY CLOUDY,32.6,9.7,2025-08-07T08:20:00+09:30,PT5M
11,-63,41.2,124,120,0,961.1,122,3.6,75,MOSTLY CLOUDY,32.4,9.6,2025-08-07T08:25:00+09:30,PT5M
12,-63,64.6,81,78,0,961.1,122,3.6,74,OVERCAST,32.1,9.5,2025-08-07T08:30:00+09:30,PT5M
12,-62,57.7,104,101,0,961.2,121,3.7,73,MOSTLY CLOUDY,31.8,9.3,2025-08-07T08:35:00+09:30,PT5M
12,-61,54.3,120,116,0,961.2,121,3.7,72,MOSTLY CLOUDY,31.5,9.2,2025-08-07T08:40:00+09:30,PT5M
12,-61,43.8,158,153,0,961.2,120,3.8,71,MOSTLY CLOUDY,31.3,9.1,2025-08-07T08:45:00+09:30,PT5M
12,-60,50.5,147,143,0,961.2,119,3.8,70,MOSTLY CLOUDY,31,9,2025-08-07T08:50:00+09:30,PT5M
12,-59,22.4,245,288,0,961.2,119,3.9,69,PARTLY CLOUDY,30.7,8.9,2025-08-07T08:55:00+09:30,PT5M
12,-59,20.9,263,313,0,961.2,118,3.9,68,PARTLY CLOUDY,30.4,8.8,2025-08-07T09:00:00+09:30,PT5M
12,-58,18.4,285,346,0,961.2,118,4,67,PARTLY CLOUDY,30.2,8.6,2025-08-07T09:05:00+09:30,PT5M
12,-57,21.4,288,339,0,961.2,117,4,66,PARTLY CLOUDY,30,8.5,2025-08-07T09:10:00+09:30,PT5M
12,-56,14.4,328,408,0,961.2,117,4.1,65,PARTLY CLOUDY,29.7,8.3,2025-08-07T09:15:00+09:30,PT5M
12,-55,25.3,298,338,0,961.2,116,4.2,64,PARTLY CLOUDY,29.5,8.2,2025-08-07T09:20:00+09:30,PT5M
12,-55,42.8,238,230,0,961.2,115,4.2,63,MOSTLY CLOUDY,29.2,8.1,2025-08-07T09:25:00+09:30,PT5M
13,-54,52.5,205,199,0,961.2,115,4.3,62,MOSTLY CLOUDY,29,7.9,2025-08-07T09:30:00+09:30,PT5M
13,-53,59.9,179,174,0,961.2,115,4.3,61,MOSTLY CLOUDY,28.8,7.8,2025-08-07T09:35:00+09:30,PT5M
13,-52,51.1,227,220,0,961.1,114,4.3,60,MOSTLY CLOUDY,28.6,7.6,2025-08-07T09:40:00+09:30,PT5M
13,-51,51.4,233,225,0,961.1,114,4.3,59,MOSTLY CLOUDY,28.3,7.5,2025-08-07T09:45:00+09:30,PT5M
13,-50,56,217,210,0,961.1,114,4.3,59,MOSTLY CLOUDY,28.1,7.4,2025-08-07T09:50:00+09:30,PT5M
13,-49,48.6,261,253,0,961.1,114,4.3,58,MOSTLY CLOUDY,27.8,7.2,2025-08-07T09:55:00+09:30,PT5M
13,-48,35.4,337,344,0,961.1,114,4.4,57,MOSTLY CLOUDY,27.6,7.1,2025-08-07T10:00:00+09:30,PT5M
13,-47,38,332,330,0,961.1,114,4.4,56,MOSTLY CLOUDY,27.4,7,2025-08-07T10:05:00+09:30,PT5M
13,-46,18.5,448,530,0,961.1,113,4.4,55,PARTLY CLOUDY,27.2,6.9,2025-08-07T10:10:00+09:30,PT5M
13,-45,28.6,403,440,0,961.1,113,4.4,54,PARTLY CLOUDY,27,6.8,2025-08-07T10:15:00+09:30,PT5M
13,-44,36.7,365,369,0,961.1,113,4.4,54,MOSTLY CLOUDY,26.8,6.7,2025-08-07T10:20:00+09:30,PT5M
13,-43,46.8,314,304,0,961.1,113,4.4,53,MOSTLY CLOUDY,26.6,6.7,2025-08-07T10:25:00+09:30,PT5M
13,-42,59.4,244,237,0,961.1,113,4.4,52,MOSTLY CLOUDY,26.4,6.6,2025-08-07T10:30:00+09:30,PT5M
13,-41,64.6,217,211,0,961,112,4.5,51,OVERCAST,26.2,6.5,2025-08-07T10:35:00+09:30,PT5M
13,-39,57.1,268,260,0,961,112,4.5,51,MOSTLY CLOUDY,26,6.4,2025-08-07T10:40:00+09:30,PT5M
13,-38,63.5,233,226,0,961,112,4.5,50,OVERCAST,25.8,6.4,2025-08-07T10:45:00+09:30,PT5M
13,-37,65.4,224,217,0,961,112,4.5,49,OVERCAST,25.6,6.3,2025-08-07T10:50:00+09:30,PT5M
13,-35,75.7,160,155,0,960.9,112,4.5,48,OVERCAST,25.4,6.2,2025-08-07T10:55:00+09:30,PT5M
14,-34,79.1,140,135,0,960.9,112,4.6,48,OVERCAST,25.2,6.1,2025-08-07T11:00:00+09:30,PT5M
14,-33,79.9,136,132,0,960.9,112,4.6,47,OVERCAST,25,6.1,2025-08-07T11:05:00+09:30,PT5M
14,-31,62.1,260,252,0,960.9,112,4.6,47,OVERCAST,24.8,6.1,2025-08-07T11:10:00+09:30,PT5M
14,-30,48.7,357,346,0,960.8,112,4.6,46,MOSTLY CLOUDY,24.6,6.1,2025-08-07T11:15:00+09:30,PT5M
14,-28,19.6,565,657,0,960.8,111,4.7,45,PARTLY CLOUDY,24.4,6.1,2025-08-07T11:20:00+09:30,PT5M
14,-27,22.5,551,629,0,960.8,111,4.7,45,PARTLY CLOUDY,24.2,6.1,2025-08-07T11:25:00+09:30,PT5M
14,-25,22.5,557,636,0,960.8,111,4.7,44,PARTLY CLOUDY,24,6.1,2025-08-07T11:30:00+09:30,PT5M
14,-24,22.4,562,642,0,960.7,111,4.7,44,PARTLY CLOUDY,23.9,6.1,2025-08-07T11:35:00+09:30,PT5M
14,-22,13.7,631,755,0,960.6,110,4.7,43,PARTLY CLOUDY,23.7,6.1,2025-08-07T11:40:00+09:30,PT5M
14,-21,25.2,551,618,0,960.5,110,4.8,43,PARTLY CLOUDY,23.5,6.1,2025-08-07T11:45:00+09:30,PT5M
14,-19,53.1,349,338,0,960.4,109,4.8,43,MOSTLY CLOUDY,23.3,6.1,2025-08-07T11:50:00+09:30,PT5M
14,-17,68.8,233,226,0,960.3,109,4.8,42,OVERCAST,23.1,6.1,2025-08-07T11:55:00+09:30,PT5M
14,-15,63.8,272,264,0,960.2,108,4.8,42,OVERCAST,22.9,6.1,2025-08-07T12:00:00+09:30,PT5M
14,-14,69.7,229,222,0,960.2,108,4.8,42,OVERCAST,22.7,6.1,2025-08-07T12:05:00+09:30,PT5M
14,-12,58.5,315,306,0,960.1,107,4.9,41,MOSTLY CLOUDY,22.6,6.2,2025-08-07T12:10:00+09:30,PT5M
15,-10,57.4,325,315,0,960,107,4.9,41,MOSTLY CLOUDY,22.5,6.2,2025-08-07T12:15:00+09:30,PT5M
15,-8,57.4,326,316,0,959.9,106,4.9,41,MOSTLY CLOUDY,22.4,6.2,2025-08-07T12:20:00+09:30,PT5M
15,-7,47.1,406,394,0,959.8,106,4.9,41,MOSTLY CLOUDY,22.3,6.3,2025-08-07T12:25:00+09:30,PT5M
15,-5,38.4,474,477,0,959.7,105,5,41,MOSTLY CLOUDY,22.2,6.3,2025-08-07T12:30:00+09:30,PT5M
15,-3,42.2,445,432,0,959.6,105,5,41,MOSTLY CLOUDY,22.1,6.4,2025-08-07T12:35:00+09:30,PT5M
15,-1,50.6,381,369,0,959.5,105,5,41,MOSTLY CLOUDY,22,6.4,2025-08-07T12:40:00+09:30,PT5M
15,1,51.8,372,361,0,959.5,104,5,41,MOSTLY CLOUDY,21.9,6.5,2025-08-07T12:45:00+09:30,PT5M
15,3,54,354,344,0,959.4,104,5,41,MOSTLY CLOUDY,21.8,6.5,2025-08-07T12:50:00+09:30,PT5M
15,4,58.5,320,310,0,959.3,104,5,41,MOSTLY CLOUDY,21.7,6.5,2025-08-07T12:55:00+09:30,PT5M
15,6,71.5,219,212,0,959.2,103,5,41,OVERCAST,21.6,6.6,2025-08-07T13:00:00+09:30,PT5M
15,8,71.5,218,212,0,959.2,103,5,41,OVERCAST,21.5,6.6,2025-08-07T13:05:00+09:30,PT5M
15,10,66.8,254,246,0,959.1,103,5,41,OVERCAST,21.5,6.6,2025-08-07T13:10:00+09:30,PT5M
15,12,70.6,224,217,0,959,102,5.1,41,OVERCAST,21.5,6.7,2025-08-07T13:15:00+09:30,PT5M
15,13,71.6,216,209,0,958.9,102,5.1,42,OVERCAST,21.4,6.7,2025-08-07T13:20:00+09:30,PT5M
15,15,50.7,372,361,0,958.8,102,5.1,42,MOSTLY CLOUDY,21.4,6.8,2025-08-07T13:25:00+09:30,PT5M
15,17,59.6,303,294,0,958.8,101,5.1,42,MOSTLY CLOUDY,21.4,6.8,2025-08-07T13:30:00+09:30,PT5M
15,19,63.9,270,261,0,958.7,101,5.1,43,OVERCAST,21.4,6.8,2025-08-07T13:35:00+09:30,PT5M
15,20,59.7,298,289,0,958.7,101,5.1,43,MOSTLY CLOUDY,21.4,6.8,2025-08-07T13:40:00+09:30,PT5M
15,22,53.1,344,334,0,958.6,100,5,43,MOSTLY CLOUDY,21.4,6.9,2025-08-07T13:45:00+09:30,PT5M
15,23,41.2,429,421,0,958.6,99,5,44,MOSTLY CLOUDY,21.3,6.9,2025-08-07T13:50:00+09:30,PT5M
15,25,34.8,471,492,0,958.5,99,5,44,PARTLY CLOUDY,21.3,7,2025-08-07T13:55:00+09:30,PT5M
15,27,21.1,564,653,0,958.5,98,5,45,PARTLY CLOUDY,21.3,7,2025-08-07T14:00:00+09:30,PT5M
15,28,29.5,499,545,0,958.4,98,4.9,45,PARTLY CLOUDY,21.3,7,2025-08-07T14:05:00+09:30,PT5M
15,30,28.1,503,555,0,958.4,97,4.9,46,PARTLY CLOUDY,21.3,7,2025-08-07T14:10:00+09:30,PT5M
15,31,13.8,596,718,0,958.3,97,4.9,46,PARTLY CLOUDY,21.2,7,2025-08-07T14:15:00+09:30,PT5M
15,33,35,444,463,0,958.3,96,4.9,47,PARTLY CLOUDY,21.2,7.1,2025-08-07T14:20:00+09:30,PT5M
15,34,53.5,313,303,0,958.2,96,4.8,48,MOSTLY CLOUDY,21.2,7.1,2025-08-07T14:25:00+09:30,PT5M
15,35,67.3,217,210,0,958.2,95,4.8,48,OVERCAST,21.2,7.1,2025-08-07T14:30:00+09:30,PT5M
15,37,61.3,253,245,0,958.1,94,4.8,49,OVERCAST,21.1,7.1,2025-08-07T14:35:00+09:30,PT5M
15,38,70.4,190,185,0,958.1,94,4.8,50,OVERCAST,21.1,7.1,2025-08-07T14:40:00+09:30,PT5M
15,39,61.4,244,236,0,958.1,93,4.7,50,OVERCAST,21.1,7.1,2025-08-07T14:45:00+09:30,PT5M
15,40,49.1,316,306,0,958,93,4.7,51,MOSTLY CLOUDY,21.1,7.2,2025-08-07T14:50:00+09:30,PT5M
15,42,53.8,281,272,0,958,92,4.7,52,MOSTLY CLOUDY,21,7.2,2025-08-07T14:55:00+09:30,PT5M
15,43,70.6,175,170,0,958,92,4.6,53,OVERCAST,21,7.2,2025-08-07T15:00:00+09:30,PT5M
15,44,68.8,182,177,0,958,91,4.6,53,OVERCAST,21,7.2,2025-08-07T15:05:00+09:30,PT5M
15,45,55.2,256,248,0,957.9,90,4.6,54,MOSTLY CLOUDY,21.1,7.2,2025-08-07T15:10:00+09:30,PT5M
14,46,61.8,213,206,0,957.9,90,4.5,55,OVERCAST,21.1,7.1,2025-08-07T15:15:00+09:30,PT5M
14,47,64.6,193,187,0,957.9,89,4.5,56,OVERCAST,21.1,7.1,2025-08-07T15:20:00+09:30,PT5M
14,48,75.4,130,126,0,957.9,88,4.5,57,OVERCAST,21.2,7,2025-08-07T15:25:00+09:30,PT5M
14,49,74.1,134,129,0,957.8,88,4.4,58,OVERCAST,21.2,7,2025-08-07T15:30:00+09:30,PT5M
14,50,73.7,132,128,0,957.8,87,4.4,58,OVERCAST,21.3,7,2025-08-07T15:35:00+09:30,PT5M
14,51,85.5,70,68,0,957.8,87,4.3,59,OVERCAST,21.3,7,2025-08-07T15:40:00+09:30,PT5M
14,52,82.8,81,78,0,957.8,86,4.3,60,OVERCAST,21.4,6.9,2025-08-07T15:45:00+09:30,PT5M
14,53,79.2,95,92,0,957.9,85,4.2,61,OVERCAST,21.4,6.9,2025-08-07T15:50:00+09:30,PT5M
14,54,77.1,101,98,0,957.9,85,4.2,62,OVERCAST,21.4,6.8,2025-08-07T15:55:00+09:30,PT5M
14,55,88.1,50,49,0,957.9,84,4.1,63,OVERCAST,21.5,6.8,2025-08-07T16:00:00+09:30,PT5M
14,55,81.3,76,74,0,957.9,83,4.1,64,OVERCAST,21.5,6.8,2025-08-07T16:05:00+09:30,PT5M
14,56,59.3,159,155,0,957.9,83,4.1,65,MOSTLY CLOUDY,21.6,6.8,2025-08-07T16:10:00+09:30,PT5M
14,57,52.7,177,172,0,957.9,82,4,66,MOSTLY CLOUDY,21.7,6.9,2025-08-07T16:15:00+09:30,PT5M
14,58,69.1,111,107,0,957.9,81,4,67,OVERCAST,21.8,6.9,2025-08-07T16:20:00+09:30,PT5M
14,59,71.2,98,95,0,957.9,81,3.9,68,OVERCAST,21.9,6.9,2025-08-07T16:25:00+09:30,PT5M
14,59,78.4,70,68,0,957.9,80,3.9,69,OVERCAST,22,6.9,2025-08-07T16:30:00+09:30,PT5M
14,60,67.5,100,97,0,957.9,80,3.8,70,OVERCAST,22.1,7,2025-08-07T16:35:00+09:30,PT5M
14,61,60.5,114,111,0,958,80,3.8,71,OVERCAST,22.2,7,2025-08-07T16:40:00+09:30,PT5M
14,61,53.2,127,123,0,958,80,3.8,72,MOSTLY CLOUDY,22.3,7,2025-08-07T16:45:00+09:30,PT5M
14,62,58.5,105,102,0,958.1,80,3.7,73,MOSTLY CLOUDY,22.4,7,2025-08-07T16:50:00+09:30,PT5M
14,63,58.9,97,94,0,958.1,81,3.7,74,MOSTLY CLOUDY,22.5,7.1,2025-08-07T16:55:00+09:30,PT5M
14,63,55.5,97,94,0,958.2,81,3.6,75,MOSTLY CLOUDY,22.6,7.1,2025-08-07T17:00:00+09:30,PT5M
14,64,53.3,94,91,0,958.2,81,3.6,76,MOSTLY CLOUDY,22.6,7.1,2025-08-07T17:05:00+09:30,PT5M
14,65,58.8,75,73,0,958.2,82,3.5,77,MOSTLY CLOUDY,22.7,7.1,2025-08-07T17:10:00+09:30,PT5M
14,65,49.6,84,81,0,958.3,82,3.5,78,MOSTLY CLOUDY,22.8,7.1,2025-08-07T17:15:00+09:30,PT5M
14,66,60.8,58,56,0,958.3,82,3.4,79,OVERCAST,22.9,7.2,2025-08-07T17:20:00+09:30,PT5M
14,66,81.3,24,24,0,958.4,83,3.4,80,OVERCAST,23,7.2,2025-08-07T17:25:00+09:30,PT5M
14,67,77.4,26,25,0,958.4,83,3.3,81,OVERCAST,23.1,7.2,2025-08-07T17:30:00+09:30,PT5M
14,68,22.7,75,90,0,958.4,83,3.3,82,PARTLY CLOUDY,23.2,7.2,2025-08-07T17:35:00+09:30,PT5M
14,68,32,55,54,0,958.5,84,3.2,83,PARTLY CLOUDY,23.3,7.2,2025-08-07T17:40:00+09:30,PT5M
14,69,57.5,28,27,0,958.5,85,3.2,84,MOSTLY CLOUDY,23.4,7.2,2025-08-07T17:45:00+09:30,PT5M
13,69,68.5,16,15,0,958.5,85,3.1,85,OVERCAST,23.5,7.3,2025-08-07T17:50:00+09:30,PT5M
13,70,82.9,6,6,0,958.6,86,3.1,86,OVERCAST,23.6,7.3,2025-08-07T17:55:00+09:30,PT5M
13,70,81.2,5,4,0,958.6,87,3,87,OVERCAST,23.7,7.3,2025-08-07T18:00:00+09:30,PT5M
13,71,82.1,2,2,0,958.7,88,3,88,OVERCAST,23.7,7.3,2025-08-07T18:05:00+09:30,PT5M
13,71,81.2,1,1,0,958.7,88,2.9,89,OVERCAST,23.6,7.3,2025-08-07T18:10:00+09:30,PT5M
13,72,76.8,0,0,0,958.7,89,2.9,91,OVERCAST,23.6,7.3,2025-08-07T18:15:00+09:30,PT5M
13,72,73.8,0,0,0,958.8,90,2.8,92,OVERCAST,23.5,7.2,2025-08-07T18:20:00+09:30,PT5M
13,73,76.8,0,0,0,958.8,91,2.8,93,OVERCAST,23.5,7.2,2025-08-07T18:25:00+09:30,PT5M
13,73,60.1,0,0,0,958.8,92,2.7,94,OVERCAST,23.4,7.2,2025-08-07T18:30:00+09:30,PT5M
13,74,75.8,0,0,0,958.9,93,2.7,95,OVERCAST,23.4,7.2,2025-08-07T18:35:00+09:30,PT5M
13,74,77.7,0,0,0,959,94,2.8,96,OVERCAST,23.3,7.2,2025-08-07T18:40:00+09:30,PT5M
13,75,74.8,0,0,0,959,95,2.8,97,OVERCAST,23.3,7.2,2025-08-07T18:45:00+09:30,PT5M
13,75,69.6,0,0,0,959.1,97,2.9,98,OVERCAST,23.2,7.1,2025-08-07T18:50:00+09:30,PT5M
13,76,68.5,0,0,0,959.2,98,3,99,OVERCAST,23.2,7.1,2025-08-07T18:55:00+09:30,PT5M
13,76,66.2,0,0,0,959.3,99,3,100,OVERCAST,23.1,7.1,2025-08-07T19:00:00+09:30,PT5M
13,77,73.8,0,0,0,959.4,100,3.1,102,OVERCAST,23,7.1,2025-08-07T19:05:00+09:30,PT5M
13,77,69.6,0,0,0,959.5,101,3.1,103,OVERCAST,22.8,7,2025-08-07T19:10:00+09:30,PT5M
13,77,67.4,0,0,0,959.6,102,3.2,104,OVERCAST,22.6,7,2025-08-07T19:15:00+09:30,PT5M
13,78,57.5,0,0,0,959.6,103,3.3,105,MOSTLY CLOUDY,22.5,6.9,2025-08-07T19:20:00+09:30,PT5M
13,78,68.5,0,0,0,959.7,104,3.3,106,OVERCAST,22.3,6.9,2025-08-07T19:25:00+09:30,PT5M
13,79,68.5,0,0,0,959.8,105,3.4,107,OVERCAST,22.1,6.8,2025-08-07T19:30:00+09:30,PT5M
13,79,68.5,0,0,0,959.9,106,3.4,108,OVERCAST,21.9,6.8,2025-08-07T19:35:00+09:30,PT5M
12,80,68.5,0,0,0,959.9,107,3.4,109,OVERCAST,21.7,6.7,2025-08-07T19:40:00+09:30,PT5M
12,80,71.8,0,0,0,960,109,3.4,111,OVERCAST,21.5,6.7,2025-08-07T19:45:00+09:30,PT5M
12,80,44.8,0,0,0,960.1,110,3.4,112,MOSTLY CLOUDY,21.4,6.6,2025-08-07T19:50:00+09:30,PT5M
12,81,58.8,0,0,0,960.1,112,3.4,113,MOSTLY CLOUDY,21.2,6.6,2025-08-07T19:55:00+09:30,PT5M
12,81,57.5,0,0,0,960.2,113,3.4,114,MOSTLY CLOUDY,21,6.5,2025-08-07T20:00:00+09:30,PT5M
12,82,58.8,0,0,0,960.2,115,3.5,115,MOSTLY CLOUDY,20.8,6.5,2025-08-07T20:05:00+09:30,PT5M
12,82,78.6,0,0,0,960.3,116,3.5,116,OVERCAST,20.6,6.4,2025-08-07T20:10:00+09:30,PT5M
12,83,67.4,0,0,0,960.3,118,3.5,117,OVERCAST,20.5,6.3,2025-08-07T20:15:00+09:30,PT5M
12,83,75.8,0,0,0,960.4,119,3.5,118,OVERCAST,20.3,6.3,2025-08-07T20:20:00+09:30,PT5M
12,83,72.8,0,0,0,960.5,120,3.5,120,OVERCAST,20.1,6.2,2025-08-07T20:25:00+09:30,PT5M
12,84,74.8,0,0,0,960.5,122,3.5,121,OVERCAST,19.9,6.1,2025-08-07T20:30:00+09:30,PT5M
12,84,68.5,0,0,0,960.6,123,3.6,122,OVERCAST,19.8,6.1,2025-08-07T20:35:00+09:30,PT5M
12,85,69.6,0,0,0,960.6,123,3.6,123,OVERCAST,19.6,6,2025-08-07T20:40:00+09:30,PT5M
12,85,68.5,0,0,0,960.6,124,3.6,124,OVERCAST,19.4,5.9,2025-08-07T20:45:00+09:30,PT5M
12,86,61.4,0,0,0,960.7,125,3.6,125,OVERCAST,19.2,5.9,2025-08-07T20:50:00+09:30,PT5M
12,86,61.4,0,0,0,960.7,125,3.6,126,OVERCAST,19.1,5.8,2025-08-07T20:55:00+09:30,PT5M
12,87,60.1,0,0,0,960.7,126,3.6,128,OVERCAST,18.9,5.7,2025-08-07T21:00:00+09:30,PT5M
12,87,50.7,0,0,0,960.8,126,3.7,129,MOSTLY CLOUDY,18.7,5.7,2025-08-07T21:05:00+09:30,PT5M
12,87,40.1,0,0,0,960.8,127,3.7,130,MOSTLY CLOUDY,18.6,5.6,2025-08-07T21:10:00+09:30,PT5M
12,88,35.3,0,0,0,960.8,128,3.7,131,MOSTLY CLOUDY,18.5,5.6,2025-08-07T21:15:00+09:30,PT5M
12,88,17.8,0,0,0,960.9,128,3.7,132,PARTLY CLOUDY,18.4,5.5,2025-08-07T21:20:00+09:30,PT5M
12,89,19.6,0,0,0,960.9,129,3.7,133,PARTLY CLOUDY,18.3,5.4,2025-08-07T21:25:00+09:30,PT5M
11,89,10.1,0,0,0,960.9,129,3.8,134,PARTLY CLOUDY,18.2,5.4,2025-08-07T21:30:00+09:30,PT5M
11,90,8.2,0,0,0,961,130,3.8,136,MOSTLY CLEAR,18,5.3,2025-08-07T21:35:00+09:30,PT5M
11,90,17.8,0,0,0,961,129,3.8,137,PARTLY CLOUDY,17.9,5.3,2025-08-07T21:40:00+09:30,PT5M
11,91,14,0,0,0,961.1,129,3.8,138,PARTLY CLOUDY,17.8,5.2,2025-08-07T21:45:00+09:30,PT5M
11,91,46.3,0,0,0,961.1,129,3.7,139,MOSTLY CLOUDY,17.7,5.1,2025-08-07T21:50:00+09:30,PT5M
11,92,63.8,0,0,0,961.2,129,3.7,140,OVERCAST,17.6,5.1,2025-08-07T21:55:00+09:30,PT5M
11,93,60.1,0,0,0,961.2,129,3.7,141,OVERCAST,17.5,5,2025-08-07T22:00:00+09:30,PT5M
11,93,46.3,0,0,0,961.3,129,3.7,142,MOSTLY CLOUDY,17.4,5,2025-08-07T22:05:00+09:30,PT5M
11,94,56.2,0,0,0,961.3,129,3.7,144,MOSTLY CLOUDY,17.3,5,2025-08-07T22:10:00+09:30,PT5M
11,94,44.8,0,0,0,961.4,129,3.7,145,MOSTLY CLOUDY,17.3,4.9,2025-08-07T22:15:00+09:30,PT5M
11,95,23.2,0,0,0,961.4,129,3.7,146,PARTLY CLOUDY,17.2,4.9,2025-08-07T22:20:00+09:30,PT5M
10,96,19.6,0,0,0,961.5,129,3.7,147,PARTLY CLOUDY,17.1,4.9,2025-08-07T22:25:00+09:30,PT5M
10,96,12.1,0,0,0,961.5,128,3.7,148,PARTLY CLOUDY,17.1,4.8,2025-08-07T22:30:00+09:30,PT5M
10,97,10.1,0,0,0,961.6,128,3.7,149,PARTLY CLOUDY,17,4.8,2025-08-07T22:35:00+09:30,PT5M
10,98,8.2,0,0,0,961.5,128,3.7,150,MOSTLY CLEAR,17,4.7,2025-08-07T22:40:00+09:30,PT5M
10,99,8.2,0,0,0,961.5,128,3.6,152,MOSTLY CLEAR,16.9,4.7,2025-08-07T22:45:00+09:30,PT5M
10,99,12.1,0,0,0,961.5,127,3.6,153,PARTLY CLOUDY,16.8,4.7,2025-08-07T22:50:00+09:30,PT5M
10,100,0,0,0,0,961.5,127,3.6,154,CLEAR,16.8,4.6,2025-08-07T22:55:00+09:30,PT5M
10,101,15.9,0,0,0,961.5,127,3.6,155,PARTLY CLOUDY,16.7,4.6,2025-08-07T23:00:00+09:30,PT5M
10,102,26.8,0,0,0,961.5,126,3.5,156,PARTLY CLOUDY,16.7,4.6,2025-08-07T23:05:00+09:30,PT5M
9,103,26.8,0,0,0,961.4,126,3.5,157,PARTLY CLOUDY,16.6,4.6,2025-08-07T23:10:00+09:30,PT5M
9,105,19.6,0,0,0,961.4,125,3.5,158,PARTLY CLOUDY,16.6,4.6,2025-08-07T23:15:00+09:30,PT5M
9,106,19.6,0,0,0,961.4,125,3.4,159,PARTLY CLOUDY,16.5,4.6,2025-08-07T23:20:00+09:30,PT5M
9,107,21.4,0,0,0,961.4,125,3.4,160,PARTLY CLOUDY,16.5,4.6,2025-08-07T23:25:00+09:30,PT5M
9,109,17.8,0,0,0,961.4,124,3.4,162,PARTLY CLOUDY,16.4,4.6,2025-08-07T23:30:00+09:30,PT5M
9,110,10.1,0,0,0,961.4,124,3.4,163,PARTLY CLOUDY,16.4,4.5,2025-08-07T23:35:00+09:30,PT5M
9,112,10.1,0,0,0,961.4,124,3.4,164,PARTLY CLOUDY,16.3,4.5,2025-08-07T23:40:00+09:30,PT5M
9,114,14,0,0,0,961.4,124,3.3,165,PARTLY CLOUDY,16.3,4.5,2025-08-07T23:45:00+09:30,PT5M
9,117,15.9,0,0,0,961.4,124,3.3,166,PARTLY CLOUDY,16.2,4.5,2025-08-07T23:50:00+09:30,PT5M
9,120,14,0,0,0,961.5,123,3.3,167,PARTLY CLOUDY,16.2,4.5,2025-08-07T23:55:00+09:30,PT5M
9,123,19.6,0,0,0,961.5,123,3.3,168,PARTLY CLOUDY,16.1,4.5,2025-08-08T00:00:00+09:30,PT5M
9,126,12.1,0,0,0,961.5,123,3.3,169,PARTLY CLOUDY,16.1,4.5,2025-08-08T00:05:00+09:30,PT5M
9,130,0,0,0,0,961.6,123,3.3,170,CLEAR,16.1,4.5,2025-08-08T00:10:00+09:30,PT5M
9,135,0,0,0,0,961.6,123,3.2,170,CLEAR,16,4.5,2025-08-08T00:15:00+09:30,PT5M
8,141,0,0,0,0,961.6,123,3.2,171,CLEAR,16,4.6,2025-08-08T00:20:00+09:30,PT5M
8,148,0,0,0,0,961.6,122,3.2,172,CLEAR,16,4.6,2025-08-08T00:25:00+09:30,PT5M
8,156,0,0,0,0,961.7,122,3.2,172,CLEAR,16,4.6,2025-08-08T00:30:00+09:30,PT5M
8,165,0,0,0,0,961.6,122,3.2,173,CLEAR,15.9,4.6,2025-08-08T00:35:00+09:30,PT5M
8,174,8.2,0,0,0,961.6,122,3.2,173,MOSTLY CLEAR,15.9,4.6,2025-08-08T00:40:00+09:30,PT5M
8,-176,0,0,0,0,961.5,122,3.2,173,CLEAR,15.9,4.6,2025-08-08T00:45:00+09:30,PT5M
8,-166,0,0,0,0,961.5,122,3.2,173,CLEAR,15.9,4.7,2025-08-08T00:50:00+09:30,PT5M
8,-157,8.2,0,0,0,961.4,122,3.2,172,MOSTLY CLEAR,15.8,4.7,2025-08-08T00:55:00+09:30,PT5M
8,-149,10.1,0,0,0,961.3,121,3.2,172,PARTLY CLOUDY,15.8,4.7,2025-08-08T01:00:00+09:30,PT5M
8,-142,12.1,0,0,0,961.3,121,3.2,171,PARTLY CLOUDY,15.8,4.7,2025-08-08T01:05:00+09:30,PT5M
8,-137,0,0,0,0,961.2,121,3.2,171,CLEAR,15.8,4.7,2025-08-08T01:10:00+09:30,PT5M
8,-131,10.1,0,0,0,961.2,121,3.2,170,PARTLY CLOUDY,15.9,4.7,2025-08-08T01:15:00+09:30,PT5M
8,-127,25,0,0,0,961.1,121,3.1,169,PARTLY CLOUDY,15.9,4.8,2025-08-08T01:20:00+09:30,PT5M
8,-123,35.3,0,0,0,961,121,3.1,168,MOSTLY CLOUDY,15.9,4.8,2025-08-08T01:25:00+09:30,PT5M
8,-120,15.9,0,0,0,961,121,3.1,167,PARTLY CLOUDY,15.9,4.8,2025-08-08T01:30:00+09:30,PT5M
8,-117,8.2,0,0,0,960.9,121,3.1,166,MOSTLY CLEAR,16,4.8,2025-08-08T01:35:00+09:30,PT5M
8,-115,10.1,0,0,0,960.9,121,3.1,165,PARTLY CLOUDY,16,4.8,2025-08-08T01:40:00+09:30,PT5M
8,-113,0,0,0,0,960.9,121,3.1,164,CLEAR,16,4.8,2025-08-08T01:45:00+09:30,PT5M
8,-111,0,0,0,0,960.8,120,3.1,163,CLEAR,16,4.9,2025-08-08T01:50:00+09:30,PT5M
7,-109,0,0,0,0,960.8,120,3.1,162,CLEAR,16.1,4.9,2025-08-08T01:55:00+09:30,PT5M
7,-108,0,0,0,0,960.7,120,3.1,161,CLEAR,16.1,4.9,2025-08-08T02:00:00+09:30,PT5M
7,-106,0,0,0,0,960.7,120,3.1,160,CLEAR,16.1,4.9,2025-08-08T02:05:00+09:30,PT5M
7,-105,0,0,0,0,960.6,120,3.1,158,CLEAR,16.1,4.9,2025-08-08T02:10:00+09:30,PT5M
7,-104,0,0,0,0,960.6,120,3,157,CLEAR,16.1,4.9,2025-08-08T02:15:00+09:30,PT5M
7,-103,0,0,0,0,960.6,120,3,156,CLEAR,16.2,4.9,2025-08-08T02:20:00+09:30,PT5M
7,-102,0,0,0,0,960.5,120,3,155,CLEAR,16.2,4.9,2025-08-08T02:25:00+09:30,PT5M
7,-101,0,0,0,0,960.5,120,3,154,CLEAR,16.2,4.9,2025-08-08T02:30:00+09:30,PT5M
7,-100,0,0,0,0,960.5,120,3,153,CLEAR,16.2,4.9,2025-08-08T02:35:00+09:30,PT5M
7,-99,8.2,0,0,0,960.5,120,3,152,MOSTLY CLEAR,16.2,4.9,2025-08-08T02:40:00+09:30,PT5M
7,-98,8.2,0,0,0,960.5,120,3,151,MOSTLY CLEAR,16.2,4.9,2025-08-08T02:45:00+09:30,PT5M
7,-97,10.1,0,0,0,960.5,120,3,149,PARTLY CLOUDY,16.3,4.9,2025-08-08T02:50:00+09:30,PT5M
7,-97,8.2,0,0,0,960.5,120,3,148,MOSTLY CLEAR,16.3,4.9,2025-08-08T02:55:00+09:30,PT5M
7,-96,0,0,0,0,960.5,120,2.9,147,CLEAR,16.3,4.9,2025-08-08T03:00:00+09:30,PT5M
6,-95,0,0,0,0,960.6,120,2.9,146,CLEAR,16.3,4.9,2025-08-08T03:05:00+09:30,PT5M
6,-95,0,0,0,0,960.6,120,2.9,145,CLEAR,16.4,4.9,2025-08-08T03:10:00+09:30,PT5M
6,-94,8.2,0,0,0,960.6,119,2.9,144,MOSTLY CLEAR,16.5,4.9,2025-08-08T03:15:00+09:30,PT5M
6,-93,8.2,0,0,0,960.6,119,2.9,143,MOSTLY CLEAR,16.5,4.8,2025-08-08T03:20:00+09:30,PT5M
6,-93,8.2,0,0,0,960.6,119,2.9,141,MOSTLY CLEAR,16.6,4.8,2025-08-08T03:25:00+09:30,PT5M
6,-92,8.2,0,0,0,960.6,119,2.9,140,MOSTLY CLEAR,16.7,4.8,2025-08-08T03:30:00+09:30,PT5M
6,-92,10.1,0,0,0,960.6,119,2.9,139,PARTLY CLOUDY,16.7,4.8,2025-08-08T03:35:00+09:30,PT5M
6,-91,12.1,0,0,0,960.6,119,2.8,138,PARTLY CLOUDY,16.8,4.8,2025-08-08T03:40:00+09:30,PT5M
6,-91,10.1,0,0,0,960.6,119,2.8,137,PARTLY CLOUDY,16.9,4.8,2025-08-08T03:45:00+09:30,PT5M
6,-90,0,0,0,0,960.5,119,2.8,136,CLEAR,16.9,4.7,2025-08-08T03:50:00+09:30,PT5M
6,-90,0,0,0,0,960.5,119,2.8,135,CLEAR,17,4.7,2025-08-08T03:55:00+09:30,PT5M
6,-89,0,0,0,0,960.5,119,2.8,133,CLEAR,17.1,4.7,2025-08-08T04:00:00+09:30,PT5M
6,-89,8.2,0,0,0,960.4,119,2.8,132,MOSTLY CLEAR,17.2,4.7,2025-08-08T04:05:00+09:30,PT5M
6,-88,10.1,0,0,0,960.4,119,2.8,131,PARTLY CLOUDY,17.3,4.7,2025-08-08T04:10:00+09:30,PT5M
5,-88,8.2,0,0,0,960.4,119,2.8,130,MOSTLY CLEAR,17.4,4.8,2025-08-08T04:15:00+09:30,PT5M
5,-87,8.2,0,0,0,960.3,119,2.8,129,MOSTLY CLEAR,17.5,4.8,2025-08-08T04:20:00+09:30,PT5M
5,-87,0,0,0,0,960.3,119,2.7,128,CLEAR,17.6,4.8,2025-08-08T04:25:00+09:30,PT5M
5,-86,0,0,0,0,960.3,118,2.7,127,CLEAR,17.7,4.8,2025-08-08T04:30:00+09:30,PT5M
5,-86,0,0,0,0,960.3,119,2.7,125,CLEAR,17.9,4.9,2025-08-08T04:35:00+09:30,PT5M
5,-85,0,0,0,0,960.3,119,2.7,124,CLEAR,18,4.9,2025-08-08T04:40:00+09:30,PT5M
5,-85,0,0,0,0,960.3,119,2.7,123,CLEAR,18.1,4.9,2025-08-08T04:45:00+09:30,PT5M
5,-85,0,0,0,0,960.3,120,2.7,122,CLEAR,18.2,4.9,2025-08-08T04:50:00+09:30,PT5M
5,-84,10.1,0,0,0,960.4,120,2.7,121,PARTLY CLOUDY,18.3,5,2025-08-08T04:55:00+09:30,PT5M
5,-84,12.1,0,0,0,960.4,120,2.7,120,PARTLY CLOUDY,18.4,5,2025-08-08T05:00:00+09:30,PT5M
4,-83,8.2,0,0,0,960.4,121,2.7,119,MOSTLY CLEAR,18.6,5,2025-08-08T05:05:00+09:30,PT5M
4,-83,0,0,0,0,960.4,121,2.7,117,CLEAR,18.7,5.1,2025-08-08T05:10:00+09:30,PT5M
4,-82,0,0,0,0,960.5,121,2.6,116,CLEAR,18.8,5.1,2025-08-08T05:15:00+09:30,PT5M
4,-82,0,0,0,0,960.5,122,2.6,115,CLEAR,18.9,5.1,2025-08-08T05:20:00+09:30,PT5M
4,-82,8.2,0,0,0,960.5,122,2.6,114,MOSTLY CLEAR,19,5.2,2025-08-08T05:25:00+09:30,PT5M
4,-81,10.1,0,0,0,960.5,122,2.6,113,PARTLY CLOUDY,19.1,5.2,2025-08-08T05:30:00+09:30,PT5M
4,-81,8.2,0,0,0,960.6,123,2.6,112,MOSTLY CLEAR,19.3,5.2,2025-08-08T05:35:00+09:30,PT5M
4,-80,0,0,0,0,960.6,123,2.6,111,CLEAR,19.4,5.3,2025-08-08T05:40:00+09:30,PT5M
4,-80,0,0,0,0,960.7,123,2.6,110,CLEAR,19.5,5.3,2025-08-08T05:45:00+09:30,PT5M
4,-79,0,0,0,0,960.7,124,2.6,108,CLEAR,19.6,5.3,2025-08-08T05:50:00+09:30,PT5M
4,-79,0,0,0,0,960.7,124,2.6,107,CLEAR,19.7,5.4,2025-08-08T05:55:00+09:30,PT5M
4,-79,0,0,0,0,960.8,124,2.6,106,CLEAR,19.8,5.4,2025-08-08T06:00:00+09:30,PT5M
4,-78,0,0,0,0,960.8,125,2.5,105,CLEAR,19.9,5.4,2025-08-08T06:05:00+09:30,PT5M
4,-78,0,0,0,0,960.9,125,2.5,104,CLEAR,20,5.5,2025-08-08T06:10:00+09:30,PT5M
4,-77,0,0,0,0,960.9,126,2.5,103,CLEAR,20.1,5.5,2025-08-08T06:15:00+09:30,PT5M
4,-77,8.2,0,0,0,961,126,2.5,102,MOSTLY CLEAR,20.2,5.6,2025-08-08T06:20:00+09:30,PT5M
4,-76,8.2,0,0,0,961,126,2.5,101,MOSTLY CLEAR,20.3,5.6,2025-08-08T06:25:00+09:30,PT5M
4,-76,10.1,0,0,0,961,127,2.5,100,PARTLY CLOUDY,20.4,5.7,2025-08-08T06:30:00+09:30,PT5M
4,-75,8.2,0,0,0,961.1,127,2.5,98,MOSTLY CLEAR,20.4,5.7,2025-08-08T06:35:00+09:30,PT5M
4,-75,0,0,0,0,961.2,128,2.5,97,CLEAR,20.5,5.8,2025-08-08T06:40:00+09:30,PT5M
4,-74,0,0,0,0,961.2,129,2.5,96,CLEAR,20.6,5.8,2025-08-08T06:45:00+09:30,PT5M
4,-74,0,0,0,0,961.3,130,2.4,95,CLEAR,20.7,5.9,2025-08-08T06:50:00+09:30,PT5M
4,-74,0,0,0,0,961.4,130,2.4,94,CLEAR,20.8,5.9,2025-08-08T06:55:00+09:30,PT5M
4,-73,0,0,0,0,961.4,131,2.4,93,CLEAR,20.9,6,2025-08-08T07:00:00+09:30,PT5M
4,-73,0,0,0,0,961.5,132,2.4,92,CLEAR,20.9,6,2025-08-08T07:05:00+09:30,PT5M
4,-72,0,0,0,0,961.6,133,2.4,91,CLEAR,21,6.1,2025-08-08T07:10:00+09:30,PT5M
5,-72,0,3,3,0,961.6,134,2.4,90,CLEAR,21,6.2,2025-08-08T07:15:00+09:30,PT5M
5,-71,0,12,17,0,961.7,135,2.4,89,SUNNY,21.1,6.3,2025-08-08T07:20:00+09:30,PT5M
5,-71,0,24,38,0,961.8,135,2.4,87,SUNNY,21.1,6.4,2025-08-08T07:25:00+09:30,PT5M
5,-70,0,37,65,0,961.8,136,2.3,86,SUNNY,21.2,6.5,2025-08-08T07:30:00+09:30,PT5M
5,-69,0,52,99,0,961.9,137,2.3,85,SUNNY,21.2,6.5,2025-08-08T07:35:00+09:30,PT5M
6,-69,0,67,126,0,961.9,137,2.4,84,SUNNY,21.3,6.6,2025-08-08T07:40:00+09:30,PT5M
6,-68,0,83,150,0,961.9,137,2.4,83,SUNNY,21.3,6.7,2025-08-08T07:45:00+09:30,PT5M
6,-68,0,100,173,0,962,137,2.4,82,SUNNY,21.4,6.8,2025-08-08T07:50:00+09:30,PT5M
7,-67,0,117,196,0,962,137,2.4,81,SUNNY,21.4,6.9,2025-08-08T07:55:00+09:30,PT5M
7,-67,0,134,219,0,962,137,2.4,80,SUNNY,21.5,7,2025-08-08T08:00:00+09:30,PT5M
7,-66,0,152,242,0,962,137,2.4,79,SUNNY,21.5,7,2025-08-08T08:05:00+09:30,PT5M
8,-66,0,170,265,0,962.1,137,2.4,78,SUNNY,21.6,7.1,2025-08-08T08:10:00+09:30,PT5M
8,-65,0,188,288,0,962.1,137,2.4,77,SUNNY,21.6,7.2,2025-08-08T08:15:00+09:30,PT5M
9,-64,0,206,311,0,962.1,137,2.4,76,SUNNY,21.7,7.3,2025-08-08T08:20:00+09:30,PT5M
9,-64,0,225,333,0,962.1,137,2.5,75,SUNNY,21.7,7.3,2025-08-08T08:25:00+09:30,PT5M
9,-63,0,243,355,0,962.2,137,2.5,74,SUNNY,21.8,7.4,2025-08-08T08:30:00+09:30,PT5M
10,-62,0,261,378,0,962.2,136,2.5,73,SUNNY,21.8,7.5,2025-08-08T08:35:00+09:30,PT5M
10,-62,0,279,399,0,962.2,135,2.6,72,SUNNY,21.9,7.6,2025-08-08T08:40:00+09:30,PT5M
10,-61,0,298,421,0,962.3,134,2.7,71,SUNNY,21.9,7.6,2025-08-08T08:45:00+09:30,PT5M
10,-60,0,316,442,0,962.3,133,2.7,70,SUNNY,22,7.7,2025-08-08T08:50:00+09:30,PT5M
10,-60,0,334,464,0,962.4,132,2.8,69,SUNNY,22,7.8,2025-08-08T08:55:00+09:30,PT5M
10,-59,0,351,484,0,962.4,131,2.9,68,SUNNY,22.1,7.9,2025-08-08T09:00:00+09:30,PT5M
10,-58,0,369,505,0,962.4,130,3,67,SUNNY,22.1,7.9,2025-08-08T09:05:00+09:30,PT5M
11,-57,0,386,525,0,962.5,129,3.1,66,SUNNY,22.2,8,2025-08-08T09:10:00+09:30,PT5M
11,-57,0,404,545,0,962.5,128,3.1,65,SUNNY,22.2,8,2025-08-08T09:15:00+09:30,PT5M
11,-56,0,421,565,0,962.6,127,3.2,64,SUNNY,22.2,8,2025-08-08T09:20:00+09:30,PT5M
11,-55,0,437,584,0,962.6,127,3.3,63,SUNNY,22.3,8.1,2025-08-08T09:25:00+09:30,PT5M
11,-54,0,454,603,0,962.7,126,3.4,62,SUNNY,22.3,8.1,2025-08-08T09:30:00+09:30,PT5M
11,-53,0,471,623,0,962.7,125,3.5,61,SUNNY,22.4,8.2,2025-08-08T09:35:00+09:30,PT5M
11,-52,0,487,641,0,962.7,125,3.5,60,SUNNY,22.4,8.2,2025-08-08T09:40:00+09:30,PT5M
11,-51,0,502,659,0,962.7,125,3.6,59,SUNNY,22.5,8.3,2025-08-08T09:45:00+09:30,PT5M
12,-50,0,518,677,0,962.7,125,3.7,58,SUNNY,22.5,8.3,2025-08-08T09:50:00+09:30,PT5M
12,-49,0,533,694,0,962.7,125,3.7,58,SUNNY,22.5,8.3,2025-08-08T09:55:00+09:30,PT5M
12,-48,0,548,711,0,962.7,124,3.8,57,SUNNY,22.6,8.4,2025-08-08T10:00:00+09:30,PT5M
12,-47,0,562,727,0,962.7,124,3.8,56,SUNNY,22.6,8.4,2025-08-08T10:05:00+09:30,PT5M
12,-46,0,576,743,0,962.7,124,3.9,55,SUNNY,22.6,8.5,2025-08-08T10:10:00+09:30,PT5M
12,-45,0,590,758,0,962.7,124,4,54,SUNNY,22.7,8.5,2025-08-08T10:15:00+09:30,PT5M
13,-44,0,603,773,0,962.7,124,4,53,SUNNY,22.7,8.5,2025-08-08T10:20:00+09:30,PT5M
13,-43,0,616,788,0,962.7,124,4.1,53,SUNNY,22.8,8.6,2025-08-08T10:25:00+09:30,PT5M
13,-42,0,628,802,0,962.7,123,4.2,52,SUNNY,22.8,8.6,2025-08-08T10:30:00+09:30,PT5M
13,-41,0,640,816,0,962.6,124,4.2,51,SUNNY,22.8,8.6,2025-08-08T10:35:00+09:30,PT5M
13,-40,0,652,829,0,962.6,124,4.2,50,SUNNY,22.8,8.7,2025-08-08T10:40:00+09:30,PT5M
13,-38,0,664,842,0,962.5,124,4.2,50,SUNNY,22.9,8.7,2025-08-08T10:45:00+09:30,PT5M
14,-37,0,675,854,0,962.5,125,4.2,49,SUNNY,22.9,8.7,2025-08-08T10:50:00+09:30,PT5M
14,-36,0,685,866,0,962.4,125,4.2,48,SUNNY,23,8.8,2025-08-08T10:55:00+09:30,PT5M
14,-34,0,695,877,0,962.4,126,4.3,48,SUNNY,23,8.8,2025-08-08T11:00:00+09:30,PT5M
14,-33,0,705,888,0,962.3,126,4.3,47,SUNNY,23,8.7,2025-08-08T11:05:00+09:30,PT5M
14,-32,0,714,899,0,962.3,127,4.3,46,SUNNY,23,8.6,2025-08-08T11:10:00+09:30,PT5M
15,-30,0,723,909,0,962.2,127,4.3,46,SUNNY,23,8.5,2025-08-08T11:15:00+09:30,PT5M
15,-29,0,731,918,0,962.2,127,4.3,45,SUNNY,23.1,8.4,2025-08-08T11:20:00+09:30,PT5M
15,-27,0,739,927,0,962.1,128,4.3,45,SUNNY,23.1,8.3,2025-08-08T11:25:00+09:30,PT5M
15,-26,0,747,935,0,962.1,128,4.3,44,SUNNY,23.1,8.2,2025-08-08T11:30:00+09:30,PT5M
15,-24,0,754,943,0,962,129,4.4,44,SUNNY,23.1,8,2025-08-08T11:35:00+09:30,PT5M
15,-22,0,760,950,0,962,129,4.4,43,SUNNY,23.1,7.9,2025-08-08T11:40:00+09:30,PT5M
15,-21,0,766,957,0,961.9,130,4.4,43,SUNNY,23.1,7.8,2025-08-08T11:45:00+09:30,PT5M
15,-19,0,772,963,0,961.9,130,4.4,42,SUNNY,23.2,7.7,2025-08-08T11:50:00+09:30,PT5M
16,-17,0,777,969,0,961.8,131,4.4,42,SUNNY,23.2,7.6,2025-08-08T11:55:00+09:30,PT5M
16,-16,0,781,974,0,961.7,131,4.5,42,SUNNY,23.2,7.5,2025-08-08T12:00:00+09:30,PT5M
16,-14,0,785,979,0,961.7,132,4.5,41,SUNNY,23.1,7.3,2025-08-08T12:05:00+09:30,PT5M
16,-12,0,789,983,0,961.6,132,4.5,41,SUNNY,23,7.2,2025-08-08T12:10:00+09:30,PT5M
16,-10,0,792,987,0,961.6,133,4.5,41,SUNNY,22.8,7.1,2025-08-08T12:15:00+09:30,PT5M
16,-8,0,795,990,0,961.5,133,4.5,41,SUNNY,22.6,7,2025-08-08T12:20:00+09:30,PT5M
16,-7,0,797,993,0,961.4,133,4.6,41,SUNNY,22.4,6.9,2025-08-08T12:25:00+09:30,PT5M
16,-5,0,799,995,0,961.4,134,4.6,40,SUNNY,22.3,6.8,2025-08-08T12:30:00+09:30,PT5M
16,-3,0,800,996,0,961.3,134,4.6,40,SUNNY,22.1,6.6,2025-08-08T12:35:00+09:30,PT5M
16,-1,0,801,997,0,961.2,135,4.6,40,SUNNY,22,6.5,2025-08-08T12:40:00+09:30,PT5M
16,1,0,801,997,0,961.1,135,4.7,40,SUNNY,21.8,6.4,2025-08-08T12:45:00+09:30,PT5M
17,3,0,801,997,0,961,135,4.7,40,SUNNY,21.6,6.3,2025-08-08T12:50:00+09:30,PT5M
17,4,0,801,996,0,960.9,136,4.7,40,SUNNY,21.4,6.2,2025-08-08T12:55:00+09:30,PT5M
17,6,0,799,995,0,960.9,136,4.8,41,SUNNY,21.3,6.1,2025-08-08T13:00:00+09:30,PT5M
17,8,0,798,993,0,960.8,136,4.8,41,SUNNY,21,6,2025-08-08T13:05:00+09:30,PT5M
17,10,0,795,991,0,960.7,137,4.8,41,SUNNY,20.7,5.9,2025-08-08T13:10:00+09:30,PT5M
17,12,0,793,988,0,960.6,137,4.8,41,SUNNY,20.3,5.8,2025-08-08T13:15:00+09:30,PT5M
17,14,0,789,984,0,960.5,137,4.9,41,SUNNY,19.9,5.7,2025-08-08T13:20:00+09:30,PT5M
17,15,0,785,980,0,960.4,138,4.9,42,SUNNY,19.6,5.6,2025-08-08T13:25:00+09:30,PT5M
17,17,0,781,975,0,960.3,138,4.9,42,SUNNY,19.2,5.5,2025-08-08T13:30:00+09:30,PT5M
17,19,0,777,970,0,960.2,138,5,42,SUNNY,18.8,5.5,2025-08-08T13:35:00+09:30,PT5M
18,20,0,771,964,0,960.2,138,5,43,SUNNY,18.5,5.4,2025-08-08T13:40:00+09:30,PT5M
18,22,0,766,958,0,960.1,138,5,43,SUNNY,18.1,5.3,2025-08-08T13:45:00+09:30,PT5M
18,24,0,759,951,0,960,138,5,44,SUNNY,17.7,5.2,2025-08-08T13:50:00+09:30,PT5M
18,25,0,753,943,0,960,139,5,44,SUNNY,17.4,5.1,2025-08-08T13:55:00+09:30,PT5M
18,27,0,746,935,0,959.9,139,5.1,44,SUNNY,17,5,2025-08-08T14:00:00+09:30,PT5M
18,28,0,738,927,0,959.9,139,5.1,45,SUNNY,16.6,5,2025-08-08T14:05:00+09:30,PT5M
18,30,0,730,918,0,959.8,139,5.1,46,SUNNY,16.2,4.9,2025-08-08T14:10:00+09:30,PT5M
18,31,0,721,908,0,959.7,139,5.1,46,SUNNY,15.9,4.9,2025-08-08T14:15:00+09:30,PT5M
18,33,0,712,898,0,959.7,139,5.1,47,SUNNY,15.5,4.8,2025-08-08T14:20:00+09:30,PT5M
18,34,0,703,888,0,959.6,139,5.1,47,SUNNY,15.2,4.7,2025-08-08T14:25:00+09:30,PT5M
18,35,0,693,876,0,959.6,139,5.2,48,SUNNY,14.8,4.7,2025-08-08T14:30:00+09:30,PT5M
18,37,0,683,865,0,959.5,139,5.2,49,SUNNY,14.4,4.6,2025-08-08T14:35:00+09:30,PT5M
18,38,0,672,853,0,959.5,139,5.2,49,SUNNY,14,4.6,2025-08-08T14:40:00+09:30,PT5M
18,39,0,661,840,0,959.4,139,5.2,50,SUNNY,13.7,4.5,2025-08-08T14:45:00+09:30,PT5M
18,41,0,650,827,0,959.4,139,5.2,51,SUNNY,13.3,4.4,2025-08-08T14:50:00+09:30,PT5M
18,42,0,638,814,0,959.4,139,5.2,52,SUNNY,13,4.4,2025-08-08T14:55:00+09:30,PT5M
18,43,0,625,800,0,959.3,139,5.2,52,SUNNY,12.6,4.3,2025-08-08T15:00:00+09:30,PT5M
18,44,0,612,786,0,959.3,139,5.3,53,SUNNY,12.3,4.3,2025-08-08T15:05:00+09:30,PT5M
18,45,0,599,771,0,959.2,139,5.3,54,SUNNY,12.2,4.2,2025-08-08T15:10:00+09:30,PT5M
18,46,0,586,756,0,959.2,139,5.3,55,SUNNY,12,4.1,2025-08-08T15:15:00+09:30,PT5M
18,47,0,572,740,0,959.1,139,5.3,56,SUNNY,11.8,4,2025-08-08T15:20:00+09:30,PT5M
18,48,0,558,724,0,959.1,139,5.3,56,SUNNY,11.6,3.9,2025-08-08T15:25:00+09:30,PT5M
18,49,0,543,707,0,959.1,139,5.3,57,SUNNY,11.5,3.8,2025-08-08T15:30:00+09:30,PT5M
18,50,0,528,691,0,959,139,5.3,58,SUNNY,11.3,3.8,2025-08-08T15:35:00+09:30,PT5M
18,51,0,513,673,0,959,139,5.3,59,SUNNY,11.2,3.7,2025-08-08T15:40:00+09:30,PT5M
18,52,0,498,656,0,959,138,5.3,60,SUNNY,11,3.6,2025-08-08T15:45:00+09:30,PT5M
18,53,0,482,638,0,959,138,5.4,61,SUNNY,10.8,3.5,2025-08-08T15:50:00+09:30,PT5M
18,54,0,466,619,0,959,138,5.4,62,SUNNY,10.7,3.4,2025-08-08T15:55:00+09:30,PT5M
18,55,0,449,601,0,959,138,5.4,63,SUNNY,10.5,3.3,2025-08-08T16:00:00+09:30,PT5M
18,56,0,433,582,0,959,138,5.4,64,SUNNY,10.4,3.3,2025-08-08T16:05:00+09:30,PT5M
18,56,0,416,562,0,959,138,5.4,65,SUNNY,10.4,3.3,2025-08-08T16:10:00+09:30,PT5M
18,57,0,399,543,0,959,138,5.4,66,SUNNY,10.5,3.3,2025-08-08T16:15:00+09:30,PT5M
18,58,0,381,523,0,959,138,5.4,67,SUNNY,10.5,3.3,2025-08-08T16:20:00+09:30,PT5M
18,59,0,364,502,0,958.9,137,5.4,68,SUNNY,10.5,3.3,2025-08-08T16:25:00+09:30,PT5M
18,60,0,346,482,0,958.9,137,5.4,69,SUNNY,10.5,3.3,2025-08-08T16:30:00+09:30,PT5M
18,60,0,328,461,0,958.9,137,5.4,70,SUNNY,10.6,3.2,2025-08-08T16:35:00+09:30,PT5M
18,61,0,310,440,0,958.9,137,5.4,71,SUNNY,10.6,3.2,2025-08-08T16:40:00+09:30,PT5M
18,62,0,292,418,0,958.9,136,5.4,72,SUNNY,10.6,3.2,2025-08-08T16:45:00+09:30,PT5M
17,62,0,274,397,0,958.9,136,5.4,73,SUNNY,10.6,3.2,2025-08-08T16:50:00+09:30,PT5M
17,63,0,255,375,0,958.9,136,5.4,74,SUNNY,10.7,3.2,2025-08-08T16:55:00+09:30,PT5M
17,64,0,237,353,0,958.9,135,5.4,75,SUNNY,10.7,3.2,2025-08-08T17:00:00+09:30,PT5M
17,64,0,218,331,0,958.9,135,5.4,76,SUNNY,10.7,3.2,2025-08-08T17:05:00+09:30,PT5M
17,65,0,200,308,0,958.9,134,5.4,77,SUNNY,10.8,3.2,2025-08-08T17:10:00+09:30,PT5M
17,65,0,181,286,0,958.9,134,5.3,78,SUNNY,10.8,3.2,2025-08-08T17:15:00+09:30,PT5M
17,66,0,163,263,0,958.9,134,5.3,79,SUNNY,10.8,3.2,2025-08-08T17:20:00+09:30,PT5M
16,67,0,145,240,0,958.8,133,5.3,80,SUNNY,10.8,3.2,2025-08-08T17:25:00+09:30,PT5M
16,67,0,127,217,0,958.8,133,5.3,81,SUNNY,10.9,3.2,2025-08-08T17:30:00+09:30,PT5M
16,68,0,109,194,0,958.9,133,5.3,82,SUNNY,10.9,3.3,2025-08-08T17:35:00+09:30,PT5M
16,68,0,92,171,0,958.9,133,5.2,83,SUNNY,11,3.3,2025-08-08T17:40:00+09:30,PT5M
16,69,0,75,147,0,958.9,132,5.1,84,SUNNY,11,3.3,2025-08-08T17:45:00+09:30,PT5M
16,69,0,59,123,0,959,132,5,85,SUNNY,11,3.3,2025-08-08T17:50:00+09:30,PT5M
16,70,0,44,84,0,959,132,4.9,86,SUNNY,11,3.3,2025-08-08T17:55:00+09:30,PT5M
16,71,8.2,27,43,0,959.1,132,4.8,87,MOSTLY SUNNY,11.1,3.3,2025-08-08T18:00:00+09:30,PT5M
15,71,8.2,15,21,0,959.1,132,4.7,88,MOSTLY SUNNY,11.1,3.3,2025-08-08T18:05:00+09:30,PT5M
15,72,8.2,5,6,0,959.2,132,4.6,89,MOSTLY SUNNY,11.2,3.3,2025-08-08T18:10:00+09:30,PT5M
15,72,8.2,0,0,0,959.2,132,4.6,90,MOSTLY CLEAR,11.2,3.4,2025-08-08T18:15:00+09:30,PT5M
15,73,8.2,0,0,0,959.2,132,4.5,92,MOSTLY CLEAR,11.2,3.4,2025-08-08T18:20:00+09:30,PT5M
15,73,0,0,0,0,959.3,131,4.4,93,CLEAR,11.2,3.4,2025-08-08T18:25:00+09:30,PT5M
15,74,8.2,0,0,0,959.3,131,4.3,94,MOSTLY CLEAR,11.3,3.4,2025-08-08T18:30:00+09:30,PT5M
15,74,8.2,0,0,0,959.4,131,4.2,95,MOSTLY CLEAR,11.3,3.5,2025-08-08T18:35:00+09:30,PT5M
15,75,8.2,0,0,0,959.4,131,4.2,96,MOSTLY CLEAR,11.4,3.5,2025-08-08T18:40:00+09:30,PT5M
14,75,0,0,0,0,959.5,130,4.2,97,CLEAR,11.4,3.5,2025-08-08T18:45:00+09:30,PT5M
14,75,0,0,0,0,959.5,130,4.1,98,CLEAR,11.4,3.5,2025-08-08T18:50:00+09:30,PT5M
14,76,0,0,0,0,959.6,129,4.1,99,CLEAR,11.4,3.6,2025-08-08T18:55:00+09:30,PT5M
14,76,0,0,0,0,959.7,129,4,100,CLEAR,11.5,3.6,2025-08-08T19:00:00+09:30,PT5M
14,77,0,0,0,0,959.7,128,4,101,CLEAR,11.5,3.6,2025-08-08T19:05:00+09:30,PT5M
14,77,0,0,0,0,959.8,128,4,103,CLEAR,11.6,3.6,2025-08-08T19:10:00+09:30,PT5M
14,78,0,0,0,0,959.8,127,3.9,104,CLEAR,11.6,3.7,2025-08-08T19:15:00+09:30,PT5M
13,78,0,0,0,0,959.9,127,3.9,105,CLEAR,11.6,3.7,2025-08-08T19:20:00+09:30,PT5M
13,79,0,0,0,0,960,126,3.9,106,CLEAR,11.6,3.7,2025-08-08T19:25:00+09:30,PT5M
13,79,0,0,0,0,960,126,3.8,107,CLEAR,11.7,3.7,2025-08-08T19:30:00+09:30,PT5M
13,79,0,0,0,0,960.1,125,3.8,108,CLEAR,11.7,3.8,2025-08-08T19:35:00+09:30,PT5M
13,80,0,0,0,0,960.1,124,3.8,109,CLEAR,11.8,3.8,2025-08-08T19:40:00+09:30,PT5M
13,80,0,0,0,0,960.2,124,3.7,110,CLEAR,11.8,3.8,2025-08-08T19:45:00+09:30,PT5M
12,81,0,0,0,0,960.3,123,3.7,112,CLEAR,11.8,3.8,2025-08-08T19:50:00+09:30,PT5M
12,81,0,0,0,0,960.3,122,3.7,113,CLEAR,11.8,3.9,2025-08-08T19:55:00+09:30,PT5M
12,82,8.2,0,0,0,960.4,121,3.6,114,MOSTLY CLEAR,11.9,3.9,2025-08-08T20:00:00+09:30,PT5M
12,82,0,0,0,0,960.4,120,3.6,115,CLEAR,11.9,3.9,2025-08-08T20:05:00+09:30,PT5M
12,82,0,0,0,0,960.5,120,3.6,116,CLEAR,12,3.9,2025-08-08T20:10:00+09:30,PT5M
12,83,0,0,0,0,960.5,119,3.5,117,CLEAR,12,3.9,2025-08-08T20:15:00+09:30,PT5M
12,83,0,0,0,0,960.6,118,3.5,118,CLEAR,12,4,2025-08-08T20:20:00+09:30,PT5M
11,84,0,0,0,0,960.7,117,3.5,120,CLEAR,12,4,2025-08-08T20:25:00+09:30,PT5M
11,84,0,0,0,0,960.7,116,3.5,121,CLEAR,12.1,4,2025-08-08T20:30:00+09:30,PT5M
11,85,0,0,0,0,960.8,116,3.4,122,CLEAR,12.1,4,2025-08-08T20:35:00+09:30,PT5M
11,85,0,0,0,0,960.8,115,3.4,123,CLEAR,12.2,4,2025-08-08T20:40:00+09:30,PT5M
11,86,0,0,0,0,960.9,115,3.4,124,CLEAR,12.2,4,2025-08-08T20:45:00+09:30,PT5M
11,86,0,0,0,0,960.9,114,3.3,125,CLEAR,12.2,4.1,2025-08-08T20:50:00+09:30,PT5M
11,86,0,0,0,0,960.9,113,3.3,126,CLEAR,12.2,4.1,2025-08-08T20:55:00+09:30,PT5M
11,87,0,0,0,0,961,113,3.3,127,CLEAR,12.3,4.1,2025-08-08T21:00:00+09:30,PT5M
11,87,0,0,0,0,961,112,3.2,129,CLEAR,12.3,4.1,2025-08-08T21:05:00+09:30,PT5M
11,88,0,0,0,0,961.1,112,3.2,130,CLEAR,12.4,4.1,2025-08-08T21:10:00+09:30,PT5M
11,88,0,0,0,0,961.1,111,3.2,131,CLEAR,12.4,4.1,2025-08-08T21:15:00+09:30,PT5M
10,89,8.2,0,0,0,961.2,111,3.1,132,MOSTLY CLEAR,12.5,4.1,2025-08-08T21:20:00+09:30,PT5M
10,89,8.2,0,0,0,961.2,110,3.1,133,MOSTLY CLEAR,12.5,4.1,2025-08-08T21:25:00+09:30,PT5M
10,90,8.2,0,0,0,961.2,109,3.1,134,MOSTLY CLEAR,12.6,4.1,2025-08-08T21:30:00+09:30,PT5M
10,90,8.2,0,0,0,961.3,109,3.1,135,MOSTLY CLEAR,12.6,4.1,2025-08-08T21:35:00+09:30,PT5M
10,91,8.2,0,0,0,961.3,109,3,137,MOSTLY CLEAR,12.7,4.1,2025-08-08T21:40:00+09:30,PT5M
10,91,8.2,0,0,0,961.3,108,3,138,MOSTLY CLEAR,12.7,4.1,2025-08-08T21:45:00+09:30,PT5M
10,92,8.2,0,0,0,961.3,108,3,139,MOSTLY CLEAR,12.8,4.1,2025-08-08T21:50:00+09:30,PT5M
10,92,8.2,0,0,0,961.3,107,3,140,MOSTLY CLEAR,12.8,4.1,2025-08-08T21:55:00+09:30,PT5M
9,93,0,0,0,0,961.4,107,2.9,141,CLEAR,12.9,4.1,2025-08-08T22:00:00+09:30,PT5M
9,94,0,0,0,0,961.4,107,2.9,142,CLEAR,12.9,4.1,2025-08-08T22:05:00+09:30,PT5M
9,94,0,0,0,0,961.4,106,2.9,144,CLEAR,13,4.1,2025-08-08T22:10:00+09:30,PT5M
9,95,0,0,0,0,961.4,106,2.9,145,CLEAR,13.1,4.1,2025-08-08T22:15:00+09:30,PT5M
9,95,8.2,0,0,0,961.4,106,2.8,146,MOSTLY CLEAR,13.1,4.1,2025-08-08T22:20:00+09:30,PT5M
9,96,8.2,0,0,0,961.4,105,2.8,147,MOSTLY CLEAR,13.2,4.1,2025-08-08T22:25:00+09:30,PT5M
8,97,8.2,0,0,0,961.5,105,2.8,148,MOSTLY CLEAR,13.3,4.1,2025-08-08T22:30:00+09:30,PT5M
8,98,0,0,0,0,961.5,104,2.8,149,CLEAR,13.3,4.1,2025-08-08T22:35:00+09:30,PT5M
8,98,0,0,0,0,961.5,103,2.8,150,CLEAR,13.4,4.1,2025-08-08T22:40:00+09:30,PT5M
8,99,0,0,0,0,961.5,102,2.8,151,CLEAR,13.5,4.1,2025-08-08T22:45:00+09:30,PT5M
8,100,8.2,0,0,0,961.6,101,2.8,153,MOSTLY CLEAR,13.5,4.1,2025-08-08T22:50:00+09:30,PT5M
8,101,0,0,0,0,961.6,101,2.8,154,CLEAR,13.6,4.1,2025-08-08T22:55:00+09:30,PT5M
8,102,0,0,0,0,961.6,100,2.8,155,CLEAR,13.7,4.1,2025-08-08T23:00:00+09:30,PT5M
7,103,0,0,0,0,961.6,99,2.8,156,CLEAR,13.7,4.1,2025-08-08T23:05:00+09:30,PT5M
7,104,0,0,0,0,961.7,98,2.8,157,CLEAR,13.8,4.1,2025-08-08T23:10:00+09:30,PT5M
7,105,0,0,0,0,961.7,97,2.8,158,CLEAR,13.9,4.1,2025-08-08T23:15:00+09:30,PT5M
7,107,0,0,0,0,961.7,96,2.8,159,CLEAR,14,4.2,2025-08-08T23:20:00+09:30,PT5M
7,108,0,0,0,0,961.7,95,2.8,160,CLEAR,14,4.2,2025-08-08T23:25:00+09:30,PT5M
7,110,0,0,0,0,961.8,95,2.8,161,CLEAR,14.1,4.2,2025-08-08T23:30:00+09:30,PT5M
7,111,0,0,0,0,961.8,94,2.8,163,CLEAR,14.2,4.2,2025-08-08T23:35:00+09:30,PT5M
7,113,0,0,0,0,961.8,94,2.8,164,CLEAR,14.3,4.2,2025-08-08T23:40:00+09:30,PT5M
7,115,0,0,0,0,961.8,95,2.8,165,CLEAR,14.3,4.2,2025-08-08T23:45:00+09:30,PT5M
6,118,8.2,0,0,0,961.8,95,2.8,166,MOSTLY CLEAR,14.4,4.3,2025-08-08T23:50:00+09:30,PT5M
6,121,0,0,0,0,961.8,95,2.8,167,CLEAR,14.5,4.3,2025-08-08T23:55:00+09:30,PT5M
6,124,0,0,0,0,961.8,95,2.8,168,CLEAR,14.6,4.3,2025-08-09T00:00:00+09:30,PT5M
6,127,0,0,0,0,961.8,95,2.8,169,CLEAR,14.8,4.3,2025-08-09T00:05:00+09:30,PT5M
6,132,0,0,0,0,961.8,95,2.8,169,CLEAR,15.2,4.4,2025-08-09T00:10:00+09:30,PT5M
6,137,0,0,0,0,961.8,96,2.8,170,CLEAR,15.6,4.4,2025-08-09T00:15:00+09:30,PT5M
6,142,8.2,0,0,0,961.8,96,2.8,171,MOSTLY CLEAR,15.9,4.5,2025-08-09T00:20:00+09:30,PT5M
6,149,8.2,0,0,0,961.9,96,2.8,172,MOSTLY CLEAR,16.3,4.5,2025-08-09T00:25:00+09:30,PT5M
6,157,8.2,0,0,0,961.9,96,2.8,172,MOSTLY CLEAR,16.7,4.6,2025-08-09T00:30:00+09:30,PT5M
6,165,8.2,0,0,0,961.8,96,2.8,173,MOSTLY CLEAR,17.1,4.6,2025-08-09T00:35:00+09:30,PT5M
6,175,0,0,0,0,961.8,96,2.8,173,CLEAR,17.5,4.7,2025-08-09T00:40:00+09:30,PT5M
6,-176,0,0,0,0,961.7,96,2.8,173,CLEAR,17.9,4.7,2025-08-09T00:45:00+09:30,PT5M
6,-167,0,0,0,0,961.7,96,2.8,173,CLEAR,18.2,4.8,2025-08-09T00:50:00+09:30,PT5M
6,-158,0,0,0,0,961.6,95,2.8,172,CLEAR,18.6,4.8,2025-08-09T00:55:00+09:30,PT5M
6,-150,0,0,0,0,961.6,95,2.8,172,CLEAR,19,4.9,2025-08-09T01:00:00+09:30,PT5M
6,-143,8.2,0,0,0,961.5,95,2.8,171,MOSTLY CLEAR,19.5,5,2025-08-09T01:05:00+09:30,PT5M
6,-137,8.2,0,0,0,961.5,95,2.7,170,MOSTLY CLEAR,20.2,5,2025-08-09T01:10:00+09:30,PT5M
6,-132,8.2,0,0,0,961.4,95,2.7,170,MOSTLY CLEAR,20.9,5.2,2025-08-09T01:15:00+09:30,PT5M
5,-128,8.2,0,0,0,961.4,95,2.7,169,MOSTLY CLEAR,21.6,5.2,2025-08-09T01:20:00+09:30,PT5M
5,-124,0,0,0,0,961.3,94,2.7,168,CLEAR,22.3,5.4,2025-08-09T01:25:00+09:30,PT5M
5,-121,0,0,0,0,961.3,94,2.7,167,CLEAR,23,5.4,2025-08-09T01:30:00+09:30,PT5M
5,-118,0,0,0,0,961.3,94,2.7,166,CLEAR,23.7,5.6,2025-08-09T01:35:00+09:30,PT5M
5,-116,0,0,0,0,961.3,95,2.7,165,CLEAR,24.4,5.6,2025-08-09T01:40:00+09:30,PT5M
5,-114,8.2,0,0,0,961.3,95,2.7,164,MOSTLY CLEAR,25.1,5.8,2025-08-09T01:45:00+09:30,PT5M
5,-112,8.2,0,0,0,961.3,95,2.7,163,MOSTLY CLEAR,25.8,5.8,2025-08-09T01:50:00+09:30,PT5M
5,-110,8.2,0,0,0,961.3,96,2.7,162,MOSTLY CLEAR,26.5,6,2025-08-09T01:55:00+09:30,PT5M
5,-108,0,0,0,0,961.3,96,2.7,161,CLEAR,27.2,6,2025-08-09T02:00:00+09:30,PT5M
5,-107,0,0,0,0,961.3,97,2.7,159,CLEAR,27.8,6.2,2025-08-09T02:05:00+09:30,PT5M
5,-106,0,0,0,0,961.3,97,2.7,158,CLEAR,28.6,6.4,2025-08-09T02:10:00+09:30,PT5M
5,-104,0,0,0,0,961.3,97,2.7,157,CLEAR,29.2,6.5,2025-08-09T02:15:00+09:30,PT5M
5,-103,0,0,0,0,961.3,98,2.7,156,CLEAR,30,6.7,2025-08-09T02:20:00+09:30,PT5M
5,-102,8.2,0,0,0,961.3,98,2.7,155,MOSTLY CLEAR,30.6,6.9,2025-08-09T02:25:00+09:30,PT5M
5,-101,10.1,0,0,0,961.3,98,2.7,154,PARTLY CLOUDY,31.4,7.1,2025-08-09T02:30:00+09:30,PT5M
5,-100,8.2,0,0,0,961.3,98,2.7,153,MOSTLY CLEAR,32.1,7.2,2025-08-09T02:35:00+09:30,PT5M
5,-99,0,0,0,0,961.2,98,2.7,152,CLEAR,32.8,7.4,2025-08-09T02:40:00+09:30,PT5M
5,-99,0,0,0,0,961.2,98,2.7,150,CLEAR,33.5,7.6,2025-08-09T02:45:00+09:30,PT5M
5,-98,0,0,0,0,961.2,98,2.8,149,CLEAR,34.2,7.8,2025-08-09T02:50:00+09:30,PT5M
4,-97,0,0,0,0,961.2,98,2.8,148,CLEAR,34.9,7.9,2025-08-09T02:55:00+09:30,PT5M
4,-96,0,0,0,0,961.2,97,2.8,147,CLEAR,35.6,8.1,2025-08-09T03:00:00+09:30,PT5M
4,-96,0,0,0,0,961.2,97,2.8,146,CLEAR,36.3,8.3,2025-08-09T03:05:00+09:30,PT5M
4,-95,0,0,0,0,961.1,97,2.8,145,CLEAR,37.2,8.6,2025-08-09T03:10:00+09:30,PT5M
4,-94,0,0,0,0,961.1,97,2.8,144,CLEAR,38.1,8.8,2025-08-09T03:15:00+09:30,PT5M
4,-94,0,0,0,0,961.1,97,2.8,143,CLEAR,39,9,2025-08-09T03:20:00+09:30,PT5M
4,-93,8.2,0,0,0,961.1,96,2.8,141,MOSTLY CLEAR,39.9,9.2,2025-08-09T03:25:00+09:30,PT5M
4,-93,8.2,0,0,0,961.1,96,2.8,140,MOSTLY CLEAR,40.8,9.5,2025-08-09T03:30:00+09:30,PT5M
4,-92,8.2,0,0,0,961,96,2.8,139,MOSTLY CLEAR,41.6,9.7,2025-08-09T03:35:00+09:30,PT5M
4,-91,8.2,0,0,0,961,95,2.8,138,MOSTLY CLEAR,42.5,10,2025-08-09T03:40:00+09:30,PT5M
4,-91,0,0,0,0,961,95,2.8,137,CLEAR,43.4,10.2,2025-08-09T03:45:00+09:30,PT5M
4,-90,0,0,0,0,961,94,2.8,136,CLEAR,44.3,10.4,2025-08-09T03:50:00+09:30,PT5M
4,-90,8.2,0,0,0,961,94,2.8,135,MOSTLY CLEAR,45.2,10.7,2025-08-09T03:55:00+09:30,PT5M
4,-89,10.1,0,0,0,961,93,2.9,133,PARTLY CLOUDY,46.1,10.9,2025-08-09T04:00:00+09:30,PT5M
4,-89,8.2,0,0,0,960.9,93,2.9,132,MOSTLY CLEAR,47,11.1,2025-08-09T04:05:00+09:30,PT5M
4,-88,8.2,0,0,0,960.9,92,2.9,131,MOSTLY CLEAR,48.1,11.4,2025-08-09T04:10:00+09:30,PT5M
4,-88,8.2,0,0,0,960.9,92,2.9,130,MOSTLY CLEAR,49.2,11.7,2025-08-09T04:15:00+09:30,PT5M
4,-88,8.2,0,0,0,960.9,91,2.9,129,MOSTLY CLEAR,50.3,12,2025-08-09T04:20:00+09:30,PT5M
4,-87,8.2,0,0,0,960.9,91,2.9,128,MOSTLY CLEAR,51.3,12.2,2025-08-09T04:25:00+09:30,PT5M
4,-87,8.2,0,0,0,960.9,90,2.9,127,MOSTLY CLEAR,52.4,12.5,2025-08-09T04:30:00+09:30,PT5M
4,-86,8.2,0,0,0,960.9,90,2.9,125,MOSTLY CLEAR,53.5,12.8,2025-08-09T04:35:00+09:30,PT5M
4,-86,8.2,0,0,0,960.9,89,2.9,124,MOSTLY CLEAR,54.6,13.1,2025-08-09T04:40:00+09:30,PT5M
3,-85,10.1,0,0,0,960.9,89,2.9,123,PARTLY CLOUDY,55.6,13.3,2025-08-09T04:45:00+09:30,PT5M
3,-85,10.1,0,0,0,960.9,88,2.9,122,PARTLY CLOUDY,56.7,13.6,2025-08-09T04:50:00+09:30,PT5M
3,-84,10.1,0,0,0,960.9,88,2.9,121,PARTLY CLOUDY,57.8,13.9,2025-08-09T04:55:00+09:30,PT5M
3,-84,8.2,0,0,0,960.9,87,2.9,120,MOSTLY CLEAR,58.9,14.2,2025-08-09T05:00:00+09:30,PT5M
3,-84,8.2,0,0,0,961,87,2.9,119,MOSTLY CLEAR,59.9,14.4,2025-08-09T05:05:00+09:30,PT5M
3,-83,10.1,0,0,0,961,86,2.8,117,PARTLY CLOUDY,61,14.7,2025-08-09T05:10:00+09:30,PT5M
3,-83,10.1,0,0,0,961,86,2.8,116,PARTLY CLOUDY,62.1,14.9,2025-08-09T05:15:00+09:30,PT5M
3,-82,10.1,0,0,0,961,85,2.8,115,PARTLY CLOUDY,63.1,15.2,2025-08-09T05:20:00+09:30,PT5M
3,-82,10.1,0,0,0,961,85,2.8,114,PARTLY CLOUDY,64.2,15.4,2025-08-09T05:25:00+09:30,PT5M
3,-81,8.2,0,0,0,961,84,2.8,113,MOSTLY CLEAR,65.3,15.7,2025-08-09T05:30:00+09:30,PT5M
3,-81,8.2,0,0,0,961.1,84,2.8,112,MOSTLY CLEAR,66.3,15.9,2025-08-09T05:35:00+09:30,PT5M
3,-81,8.2,0,0,0,961,83,2.8,111,MOSTLY CLEAR,67.4,16.2,2025-08-09T05:40:00+09:30,PT5M
3,-80,0,0,0,0,961,83,2.8,109,CLEAR,68.5,16.4,2025-08-09T05:45:00+09:30,PT5M
3,-80,8.2,0,0,0,961,82,2.8,108,MOSTLY CLEAR,69.5,16.7,2025-08-09T05:50:00+09:30,PT5M
3,-79,8.2,0,0,0,961,82,2.8,107,MOSTLY CLEAR,70.6,16.9,2025-08-09T05:55:00+09:30,PT5M
3,-79,8.2,0,0,0,961,81,2.8,106,MOSTLY CLEAR,71.7,17.2,2025-08-09T06:00:00+09:30,PT5M
3,-78,8.2,0,0,0,961,81,2.8,105,MOSTLY CLEAR,72.2,17.4,2025-08-09T06:05:00+09:30,PT5M
3,-78,8.2,0,0,0,961,80,2.8,104,MOSTLY CLEAR,72.2,17.6,2025-08-09T06:10:00+09:30,PT5M
3,-77,8.2,0,0,0,961,80,2.8,103,MOSTLY CLEAR,72.2,17.8,2025-08-09T06:15:00+09:30,PT5M
3,-77,10.1,0,0,0,961,79,2.9,102,PARTLY CLOUDY,72.2,18.1,2025-08-09T06:20:00+09:30,PT5M
3,-77,10.1,0,0,0,961,79,2.9,100,PARTLY CLOUDY,72.2,18.3,2025-08-09T06:25:00+09:30,PT5M
3,-76,12.1,0,0,0,961,78,2.9,99,PARTLY CLOUDY,72.2,18.5,2025-08-09T06:30:00+09:30,PT5M
3,-76,10.1,0,0,0,961,77,2.9,98,PARTLY CLOUDY,72.1,18.7,2025-08-09T06:35:00+09:30,PT5M
3,-75,0,0,0,0,961,76,2.8,97,CLEAR,72.1,18.9,2025-08-09T06:40:00+09:30,PT5M
3,-75,0,0,0,0,961,75,2.8,96,CLEAR,72.1,19.1,2025-08-09T06:45:00+09:30,PT5M
3,-74,0,0,0,0,961.1,74,2.8,95,CLEAR,72.1,19.4,2025-08-09T06:50:00+09:30,PT5M
3,-74,8.2,0,0,0,961.1,73,2.8,94,MOSTLY CLEAR,72.1,19.6,2025-08-09T06:55:00+09:30,PT5M
3,-73,0,0,0,0,961.1,72,2.7,93,CLEAR,72.1,19.8,2025-08-09T07:00:00+09:30,PT5M
3,-73,0,0,0,0,961.2,71,2.7,92,CLEAR,71.6,20,2025-08-09T07:05:00+09:30,PT5M
3,-72,0,0,0,0,961.2,70,2.7,91,CLEAR,70.4,20.1,2025-08-09T07:10:00+09:30,PT5M
3,-72,0,4,4,0,961.2,69,2.7,89,SUNNY,69.4,20.3,2025-08-09T07:15:00+09:30,PT5M
3,-71,0,14,19,0,961.3,68,2.7,88,SUNNY,68.2,20.4,2025-08-09T07:20:00+09:30,PT5M
3,-71,0,26,42,0,961.3,67,2.7,87,SUNNY,67.2,20.5,2025-08-09T07:25:00+09:30,PT5M
3,-70,8.2,37,56,0,961.3,66,2.6,86,MOSTLY SUNNY,66,20.7,2025-08-09T07:30:00+09:30,PT5M
3,-70,0,55,105,0,961.4,66,2.6,85,SUNNY,65,20.8,2025-08-09T07:35:00+09:30,PT5M
4,-69,0,71,131,0,961.4,66,2.7,84,SUNNY,63.9,21,2025-08-09T07:40:00+09:30,PT5M
4,-69,0,87,155,0,961.4,66,2.7,83,SUNNY,62.8,21.1,2025-08-09T07:45:00+09:30,PT5M
5,-68,0,104,179,0,961.4,66,2.7,82,SUNNY,61.6,21.2,2025-08-09T07:50:00+09:30,PT5M
5,-68,0,122,202,0,961.4,67,2.7,81,SUNNY,60.6,21.4,2025-08-09T07:55:00+09:30,PT5M
6,-67,0,139,225,0,961.5,67,2.7,80,SUNNY,59.5,21.5,2025-08-09T08:00:00+09:30,PT5M
7,-66,0,157,249,0,961.5,67,2.7,79,SUNNY,58.4,21.5,2025-08-09T08:05:00+09:30,PT5M
7,-66,0,176,272,0,961.5,68,2.7,78,SUNNY,57.3,21.3,2025-08-09T08:10:00+09:30,PT5M
8,-65,0,194,294,0,961.5,68,2.7,77,SUNNY,56.2,21.1,2025-08-09T08:15:00+09:30,PT5M
8,-65,0,212,317,0,961.5,68,2.8,76,SUNNY,55,20.9,2025-08-09T08:20:00+09:30,PT5M
9,-64,0,231,339,0,961.5,69,2.8,75,SUNNY,54,20.7,2025-08-09T08:25:00+09:30,PT5M
9,-63,0,249,362,0,961.6,69,2.8,74,SUNNY,52.8,20.5,2025-08-09T08:30:00+09:30,PT5M
10,-63,0,267,384,0,961.6,69,2.8,73,SUNNY,51.8,20.2,2025-08-09T08:35:00+09:30,PT5M
10,-62,0,286,405,0,961.6,70,2.9,72,SUNNY,50.6,20,2025-08-09T08:40:00+09:30,PT5M
10,-61,0,304,427,0,961.7,71,2.9,71,SUNNY,49.6,19.8,2025-08-09T08:45:00+09:30,PT5M
10,-61,0,322,448,0,961.7,72,3,70,SUNNY,48.4,19.6,2025-08-09T08:50:00+09:30,PT5M
10,-60,0,340,469,0,961.8,73,3.1,69,SUNNY,47.4,19.4,2025-08-09T08:55:00+09:30,PT5M
11,-59,0,358,490,0,961.8,73,3.1,68,SUNNY,46.2,19.2,2025-08-09T09:00:00+09:30,PT5M
11,-58,0,375,510,0,961.8,74,3.2,67,SUNNY,45.3,18.8,2025-08-09T09:05:00+09:30,PT5M
11,-58,0,393,531,0,961.9,75,3.3,66,SUNNY,44.5,18.1,2025-08-09T09:10:00+09:30,PT5M
11,-57,0,410,551,0,961.9,75,3.3,65,SUNNY,43.7,17.4,2025-08-09T09:15:00+09:30,PT5M
11,-56,0,427,571,0,962,76,3.4,64,SUNNY,42.9,16.7,2025-08-09T09:20:00+09:30,PT5M
11,-55,0,444,591,0,962,76,3.5,63,SUNNY,42.1,16.1,2025-08-09T09:25:00+09:30,PT5M
12,-54,0,461,610,0,962,77,3.6,62,SUNNY,41.3,15.4,2025-08-09T09:30:00+09:30,PT5M
12,-53,0,478,629,0,962.1,77,3.6,61,SUNNY,40.6,14.7,2025-08-09T09:35:00+09:30,PT5M
12,-52,0,494,648,0,962,78,3.7,60,SUNNY,39.8,14,2025-08-09T09:40:00+09:30,PT5M
12,-52,0,510,666,0,962,79,3.7,59,SUNNY,39,13.4,2025-08-09T09:45:00+09:30,PT5M
12,-51,0,525,684,0,962,79,3.7,58,SUNNY,38.2,12.7,2025-08-09T09:50:00+09:30,PT5M
12,-50,0,541,701,0,962,80,3.8,57,SUNNY,37.4,12,2025-08-09T09:55:00+09:30,PT5M
12,-49,0,555,718,0,962,81,3.8,56,SUNNY,36.6,11.3,2025-08-09T10:00:00+09:30,PT5M
13,-48,0,570,735,0,962,81,3.9,56,SUNNY,36,10.9,2025-08-09T10:05:00+09:30,PT5M
13,-47,0,584,751,0,961.9,82,3.9,55,SUNNY,35.5,10.7,2025-08-09T10:10:00+09:30,PT5M
13,-46,0,597,766,0,961.9,83,4,54,SUNNY,35,10.5,2025-08-09T10:15:00+09:30,PT5M
13,-44,0,611,781,0,961.9,83,4,53,SUNNY,34.4,10.3,2025-08-09T10:20:00+09:30,PT5M
13,-43,0,624,796,0,961.9,84,4.1,52,SUNNY,33.9,10.1,2025-08-09T10:25:00+09:30,PT5M
13,-42,0,636,810,0,961.9,84,4.1,52,SUNNY,33.4,9.9,2025-08-09T10:30:00+09:30,PT5M
14,-41,0,648,823,0,961.8,85,4.1,51,SUNNY,33,9.7,2025-08-09T10:35:00+09:30,PT5M
14,-40,0,660,836,0,961.8,86,4.1,50,SUNNY,32.4,9.5,2025-08-09T10:40:00+09:30,PT5M
14,-38,0,671,849,0,961.8,86,4,49,SUNNY,32,9.3,2025-08-09T10:45:00+09:30,PT5M
14,-37,0,682,861,0,961.7,87,4,49,SUNNY,31.4,9.1,2025-08-09T10:50:00+09:30,PT5M
14,-36,0,692,873,0,961.7,88,4,48,SUNNY,30.9,8.9,2025-08-09T10:55:00+09:30,PT5M
14,-34,0,702,884,0,961.7,89,4,47,SUNNY,30.4,8.7,2025-08-09T11:00:00+09:30,PT5M
14,-33,0,712,895,0,961.6,90,3.9,47,SUNNY,30,8.5,2025-08-09T11:05:00+09:30,PT5M
15,-32,0,721,905,0,961.6,91,3.9,46,SUNNY,29.4,8.4,2025-08-09T11:10:00+09:30,PT5M
15,-30,0,730,915,0,961.6,91,3.9,45,SUNNY,29,8.2,2025-08-09T11:15:00+09:30,PT5M
15,-29,0,738,924,0,961.5,92,3.9,45,SUNNY,28.4,8,2025-08-09T11:20:00+09:30,PT5M
15,-27,0,746,933,0,961.5,93,3.8,44,SUNNY,28,7.9,2025-08-09T11:25:00+09:30,PT5M
15,-26,0,753,941,0,961.5,94,3.8,44,SUNNY,27.4,7.7,2025-08-09T11:30:00+09:30,PT5M
15,-24,0,760,949,0,961.4,95,3.8,43,SUNNY,27,7.6,2025-08-09T11:35:00+09:30,PT5M
15,-22,0,767,956,0,961.3,96,3.8,43,SUNNY,26.4,7.4,2025-08-09T11:40:00+09:30,PT5M
15,-21,0,773,963,0,961.2,97,3.7,42,SUNNY,26,7.3,2025-08-09T11:45:00+09:30,PT5M
15,-19,0,778,970,0,961.1,98,3.7,42,SUNNY,25.4,7.1,2025-08-09T11:50:00+09:30,PT5M
16,-17,0,783,975,0,961,99,3.7,42,SUNNY,25,6.9,2025-08-09T11:55:00+09:30,PT5M
16,-16,0,788,981,0,961,101,3.6,41,SUNNY,24.4,6.8,2025-08-09T12:00:00+09:30,PT5M
16,-14,0,792,985,0,960.9,102,3.6,41,SUNNY,24,6.6,2025-08-09T12:05:00+09:30,PT5M
16,-12,0,796,989,0,960.8,103,3.6,41,SUNNY,23.6,6.5,2025-08-09T12:10:00+09:30,PT5M
16,-10,0,799,993,0,960.7,104,3.6,41,SUNNY,23.2,6.4,2025-08-09T12:15:00+09:30,PT5M
16,-8,0,801,995,0,960.6,105,3.5,40,SUNNY,22.8,6.3,2025-08-09T12:20:00+09:30,PT5M
16,-7,0,803,998,0,960.5,107,3.5,40,SUNNY,22.4,6.2,2025-08-09T12:25:00+09:30,PT5M
16,-5,0,805,999,0,960.4,108,3.5,40,SUNNY,22,6.1,2025-08-09T12:30:00+09:30,PT5M
16,-3,0,806,1001,0,960.3,109,3.5,40,SUNNY,21.6,6,2025-08-09T12:35:00+09:30,PT5M
16,-1,0,806,1001,0,960.2,109,3.5,40,SUNNY,21.2,5.9,2025-08-09T12:40:00+09:30,PT5M
16,1,0,806,1001,0,960.2,110,3.5,40,SUNNY,20.8,5.8,2025-08-09T12:45:00+09:30,PT5M
16,3,0,806,1001,0,960.1,110,3.5,40,SUNNY,20.4,5.7,2025-08-09T12:50:00+09:30,PT5M
16,5,0,805,1000,0,960,111,3.5,40,SUNNY,20,5.6,2025-08-09T12:55:00+09:30,PT5M
17,6,0,804,998,0,959.9,112,3.5,40,SUNNY,19.6,5.5,2025-08-09T13:00:00+09:30,PT5M
17,8,0,802,996,0,959.9,112,3.5,40,SUNNY,19.3,5.4,2025-08-09T13:05:00+09:30,PT5M
17,10,0,799,993,0,959.8,113,3.5,41,SUNNY,19,5.3,2025-08-09T13:10:00+09:30,PT5M
17,12,0,796,990,0,959.7,113,3.5,41,SUNNY,18.7,5.2,2025-08-09T13:15:00+09:30,PT5M
17,14,0,793,986,0,959.6,114,3.5,41,SUNNY,18.4,5.1,2025-08-09T13:20:00+09:30,PT5M
17,15,0,789,982,0,959.6,114,3.5,41,SUNNY,18.1,5.1,2025-08-09T13:25:00+09:30,PT5M
17,17,0,785,977,0,959.5,115,3.5,42,SUNNY,17.8,5,2025-08-09T13:30:00+09:30,PT5M
17,19,0,780,971,0,959.4,115,3.5,42,SUNNY,17.5,4.9,2025-08-09T13:35:00+09:30,PT5M
17,21,0,774,965,0,959.4,115,3.5,42,SUNNY,17.2,4.8,2025-08-09T13:40:00+09:30,PT5M
17,22,0,769,959,0,959.3,115,3.5,43,SUNNY,16.9,4.8,2025-08-09T13:45:00+09:30,PT5M
17,24,0,762,952,0,959.3,116,3.5,43,SUNNY,16.6,4.7,2025-08-09T13:50:00+09:30,PT5M
17,25,0,755,944,0,959.2,116,3.5,44,SUNNY,16.3,4.6,2025-08-09T13:55:00+09:30,PT5M
17,27,0,748,936,0,959.2,116,3.5,44,SUNNY,16,4.5,2025-08-09T14:00:00+09:30,PT5M
18,29,0,740,927,0,959.1,116,3.4,45,SUNNY,15.8,4.5,2025-08-09T14:05:00+09:30,PT5M
18,30,0,732,918,0,959.1,116,3.4,45,SUNNY,15.5,4.4,2025-08-09T14:10:00+09:30,PT5M
18,32,0,724,908,0,959,116,3.4,46,SUNNY,15.2,4.4,2025-08-09T14:15:00+09:30,PT5M
18,33,0,714,898,0,959,116,3.4,47,SUNNY,14.9,4.3,2025-08-09T14:20:00+09:30,PT5M
18,34,0,705,887,0,958.9,116,3.4,47,SUNNY,14.6,4.3,2025-08-09T14:25:00+09:30,PT5M
18,36,0,695,876,0,958.9,117,3.4,48,SUNNY,14.3,4.2,2025-08-09T14:30:00+09:30,PT5M
18,37,0,685,865,0,958.8,117,3.3,49,SUNNY,14,4.2,2025-08-09T14:35:00+09:30,PT5M
18,38,0,674,852,0,958.7,117,3.3,49,SUNNY,13.7,4.1,2025-08-09T14:40:00+09:30,PT5M
18,40,0,662,840,0,958.6,117,3.3,50,SUNNY,13.4,4.1,2025-08-09T14:45:00+09:30,PT5M
18,41,0,651,827,0,958.6,117,3.3,51,SUNNY,13.1,4,2025-08-09T14:50:00+09:30,PT5M
18,42,0,639,813,0,958.5,118,3.3,51,SUNNY,12.8,4,2025-08-09T14:55:00+09:30,PT5M
18,43,0,626,799,0,958.4,118,3.3,52,SUNNY,12.5,3.9,2025-08-09T15:00:00+09:30,PT5M
18,44,0,613,784,0,958.3,118,3.3,53,SUNNY,12.3,3.9,2025-08-09T15:05:00+09:30,PT5M
18,45,0,600,769,0,958.3,119,3.3,54,SUNNY,12.1,3.8,2025-08-09T15:10:00+09:30,PT5M
18,47,0,587,754,0,958.2,119,3.3,55,SUNNY,11.9,3.8,2025-08-09T15:15:00+09:30,PT5M
18,48,0,573,738,0,958.1,119,3.3,55,SUNNY,11.7,3.8,2025-08-09T15:20:00+09:30,PT5M
18,49,0,558,722,0,958,119,3.2,56,SUNNY,11.5,3.7,2025-08-09T15:25:00+09:30,PT5M
18,50,0,544,706,0,958,120,3.2,57,SUNNY,11.3,3.7,2025-08-09T15:30:00+09:30,PT5M
18,51,0,529,689,0,957.9,120,3.2,58,SUNNY,11.1,3.6,2025-08-09T15:35:00+09:30,PT5M
18,52,0,513,671,0,957.9,120,3.2,59,SUNNY,10.9,3.6,2025-08-09T15:40:00+09:30,PT5M
18,52,0,498,653,0,957.9,119,3.3,60,SUNNY,10.7,3.5,2025-08-09T15:45:00+09:30,PT5M
18,53,0,482,635,0,957.9,119,3.3,61,SUNNY,10.5,3.5,2025-08-09T15:50:00+09:30,PT5M
18,54,0,466,617,0,957.9,119,3.3,62,SUNNY,10.3,3.5,2025-08-09T15:55:00+09:30,PT5M
18,55,0,449,598,0,957.9,119,3.3,63,SUNNY,10.1,3.4,2025-08-09T16:00:00+09:30,PT5M
18,56,0,432,579,0,957.9,119,3.3,64,SUNNY,10,3.4,2025-08-09T16:05:00+09:30,PT5M
18,57,0,415,559,0,957.9,119,3.3,64,SUNNY,9.8,3.4,2025-08-09T16:10:00+09:30,PT5M
18,57,0,398,539,0,957.9,119,3.3,65,SUNNY,9.8,3.3,2025-08-09T16:15:00+09:30,PT5M
18,58,0,381,519,0,957.9,118,3.4,66,SUNNY,9.6,3.3,2025-08-09T16:20:00+09:30,PT5M
18,59,0,363,499,0,957.9,118,3.4,67,SUNNY,9.6,3.3,2025-08-09T16:25:00+09:30,PT5M
18,60,0,345,478,0,957.9,118,3.4,68,SUNNY,9.4,3.3,2025-08-09T16:30:00+09:30,PT5M
18,60,0,327,458,0,957.9,118,3.4,69,SUNNY,9.4,3.2,2025-08-09T16:35:00+09:30,PT5M
18,61,0,309,436,0,957.9,118,3.4,70,SUNNY,9.2,3.2,2025-08-09T16:40:00+09:30,PT5M
18,62,0,291,415,0,957.9,118,3.5,71,SUNNY,9.2,3.2,2025-08-09T16:45:00+09:30,PT5M
17,63,0,273,394,0,957.8,117,3.5,72,SUNNY,9.1,3.2,2025-08-09T16:50:00+09:30,PT5M
17,63,0,255,372,0,957.8,117,3.5,73,SUNNY,9,3.1,2025-08-09T16:55:00+09:30,PT5M
17,64,0,236,350,0,957.8,117,3.5,74,SUNNY,8.9,3.1,2025-08-09T17:00:00+09:30,PT5M
17,65,0,218,328,0,957.8,117,3.5,75,SUNNY,8.8,3.1,2025-08-09T17:05:00+09:30,PT5M
17,65,0,199,305,0,957.7,117,3.6,77,SUNNY,8.7,3.1,2025-08-09T17:10:00+09:30,PT5M
17,66,0,181,283,0,957.7,116,3.6,78,SUNNY,8.6,3.1,2025-08-09T17:15:00+09:30,PT5M
17,66,0,163,260,0,957.7,116,3.6,79,SUNNY,8.5,3,2025-08-09T17:20:00+09:30,PT5M
16,67,0,145,238,0,957.7,116,3.6,80,SUNNY,8.4,3,2025-08-09T17:25:00+09:30,PT5M
16,68,0,127,215,0,957.6,116,3.7,81,SUNNY,8.3,3,2025-08-09T17:30:00+09:30,PT5M
16,68,0,109,192,0,957.6,116,3.6,82,SUNNY,8.2,3,2025-08-09T17:35:00+09:30,PT5M
16,69,0,92,169,0,957.7,116,3.6,83,SUNNY,8.1,3,2025-08-09T17:40:00+09:30,PT5M
16,69,0,76,146,0,957.7,116,3.5,84,SUNNY,8,3,2025-08-09T17:45:00+09:30,PT5M
16,70,0,60,123,0,957.7,116,3.5,85,SUNNY,7.9,2.9,2025-08-09T17:50:00+09:30,PT5M
16,70,0,44,85,0,957.8,116,3.4,86,SUNNY,7.8,2.9,2025-08-09T17:55:00+09:30,PT5M
16,71,8.2,28,44,0,957.8,117,3.4,87,MOSTLY SUNNY,7.6,2.9,2025-08-09T18:00:00+09:30,PT5M
15,71,8.2,16,22,0,957.8,117,3.3,88,MOSTLY SUNNY,7.6,2.9,2025-08-09T18:05:00+09:30,PT5M
15,72,10.1,5,6,0,957.9,117,3.3,89,PARTLY CLOUDY,7.5,2.9,2025-08-09T18:10:00+09:30,PT5M
15,72,8.2,0,0,0,957.9,117,3.2,90,MOSTLY CLEAR,7.5,2.8,2025-08-09T18:15:00+09:30,PT5M
15,73,8.2,0,0,0,957.9,117,3.2,91,MOSTLY CLEAR,7.4,2.8,2025-08-09T18:20:00+09:30,PT5M
15,73,8.2,0,0,0,958,117,3.1,93,MOSTLY CLEAR,7.4,2.8,2025-08-09T18:25:00+09:30,PT5M
15,74,8.2,0,0,0,958,117,3.1,94,MOSTLY CLEAR,7.3,2.8,2025-08-09T18:30:00+09:30,PT5M
15,74,0,0,0,0,958.1,117,3,95,CLEAR,7.3,2.7,2025-08-09T18:35:00+09:30,PT5M
14,75,0,0,0,0,958.1,117,3,96,CLEAR,7.2,2.7,2025-08-09T18:40:00+09:30,PT5M
14,75,0,0,0,0,958.2,117,3,97,CLEAR,7.2,2.7,2025-08-09T18:45:00+09:30,PT5M
14,76,0,0,0,0,958.2,117,3,98,CLEAR,7.1,2.7,2025-08-09T18:50:00+09:30,PT5M
14,76,10.1,0,0,0,958.3,116,3,99,PARTLY CLOUDY,7.1,2.6,2025-08-09T18:55:00+09:30,PT5M
14,77,10.1,0,0,0,958.3,116,3,100,PARTLY CLOUDY,7,2.6,2025-08-09T19:00:00+09:30,PT5M
14,77,10.1,0,0,0,958.4,116,2.9,101,PARTLY CLOUDY,7,2.6,2025-08-09T19:05:00+09:30,PT5M
14,78,8.2,0,0,0,958.4,116,2.9,103,MOSTLY CLEAR,7,2.6,2025-08-09T19:10:00+09:30,PT5M
13,78,10.1,0,0,0,958.5,116,2.9,104,PARTLY CLOUDY,7,2.6,2025-08-09T19:15:00+09:30,PT5M
13,78,10.1,0,0,0,958.5,115,2.9,105,PARTLY CLOUDY,7,2.6,2025-08-09T19:20:00+09:30,PT5M
13,79,10.1,0,0,0,958.6,115,2.9,106,PARTLY CLOUDY,7,2.6,2025-08-09T19:25:00+09:30,PT5M
13,79,8.2,0,0,0,958.6,115,2.9,107,MOSTLY CLEAR,7,2.6,2025-08-09T19:30:00+09:30,PT5M
13,80,8.2,0,0,0,958.7,115,2.9,108,MOSTLY CLEAR,7.1,2.6,2025-08-09T19:35:00+09:30,PT5M
13,80,8.2,0,0,0,958.7,115,2.9,109,MOSTLY CLEAR,7.1,2.6,2025-08-09T19:40:00+09:30,PT5M
12,81,8.2,0,0,0,958.7,114,2.9,110,MOSTLY CLEAR,7.1,2.6,2025-08-09T19:45:00+09:30,PT5M
12,81,8.2,0,0,0,958.8,114,2.9,112,MOSTLY CLEAR,7.1,2.6,2025-08-09T19:50:00+09:30,PT5M
12,81,8.2,0,0,0,958.8,114,2.9,113,MOSTLY CLEAR,7.1,2.6,2025-08-09T19:55:00+09:30,PT5M
12,82,0,0,0,0,958.8,114,2.9,114,CLEAR,7.1,2.6,2025-08-09T20:00:00+09:30,PT5M
12,82,0,0,0,0,958.9,114,3,115,CLEAR,7.1,2.6,2025-08-09T20:05:00+09:30,PT5M
12,83,0,0,0,0,958.9,114,3,116,CLEAR,7.1,2.6,2025-08-09T20:10:00+09:30,PT5M
12,83,0,0,0,0,958.9,114,3,117,CLEAR,7.1,2.7,2025-08-09T20:15:00+09:30,PT5M
11,84,0,0,0,0,959,114,3,118,CLEAR,7.1,2.7,2025-08-09T20:20:00+09:30,PT5M
11,84,8.2,0,0,0,959,113,3,119,MOSTLY CLEAR,7.1,2.7,2025-08-09T20:25:00+09:30,PT5M
11,85,8.2,0,0,0,959,113,3,121,MOSTLY CLEAR,7.1,2.7,2025-08-09T20:30:00+09:30,PT5M
11,85,8.2,0,0,0,959.1,113,3,122,MOSTLY CLEAR,7.2,2.8,2025-08-09T20:35:00+09:30,PT5M
11,85,8.2,0,0,0,959.1,113,3.1,123,MOSTLY CLEAR,7.2,2.8,2025-08-09T20:40:00+09:30,PT5M
11,86,8.2,0,0,0,959.1,113,3.1,124,MOSTLY CLEAR,7.2,2.8,2025-08-09T20:45:00+09:30,PT5M
11,86,8.2,0,0,0,959.2,112,3.1,125,MOSTLY CLEAR,7.2,2.8,2025-08-09T20:50:00+09:30,PT5M
11,87,0,0,0,0,959.2,112,3.1,126,CLEAR,7.2,2.9,2025-08-09T20:55:00+09:30,PT5M
11,87,0,0,0,0,959.3,112,3.1,127,CLEAR,7.2,2.9,2025-08-09T21:00:00+09:30,PT5M
11,88,0,0,0,0,959.3,112,3.1,129,CLEAR,7.3,2.9,2025-08-09T21:05:00+09:30,PT5M
11,88,0,0,0,0,959.4,112,3.1,130,CLEAR,7.4,3,2025-08-09T21:10:00+09:30,PT5M
11,89,0,0,0,0,959.4,111,3.1,131,CLEAR,7.5,3,2025-08-09T21:15:00+09:30,PT5M
10,89,0,0,0,0,959.4,111,3.1,132,CLEAR,7.6,3,2025-08-09T21:20:00+09:30,PT5M
10,90,0,0,0,0,959.5,111,3.1,133,CLEAR,7.7,3.1,2025-08-09T21:25:00+09:30,PT5M
10,90,0,0,0,0,959.5,111,3.1,134,CLEAR,7.8,3.1,2025-08-09T21:30:00+09:30,PT5M
10,91,10.1,0,0,0,959.5,111,3.1,135,PARTLY CLOUDY,7.9,3.2,2025-08-09T21:35:00+09:30,PT5M
10,91,14,0,0,0,959.6,110,3.1,137,PARTLY CLOUDY,8,3.2,2025-08-09T21:40:00+09:30,PT5M
10,92,12.1,0,0,0,959.6,110,3.1,138,PARTLY CLOUDY,8.1,3.3,2025-08-09T21:45:00+09:30,PT5M
10,92,15.9,0,0,0,959.6,110,3.1,139,PARTLY CLOUDY,8.2,3.3,2025-08-09T21:50:00+09:30,PT5M
10,93,14,0,0,0,959.6,109,3.1,140,PARTLY CLOUDY,8.3,3.3,2025-08-09T21:55:00+09:30,PT5M
10,93,10.1,0,0,0,959.6,109,3.1,141,PARTLY CLOUDY,8.4,3.4,2025-08-09T22:00:00+09:30,PT5M
10,94,10.1,0,0,0,959.6,109,3.1,142,PARTLY CLOUDY,8.6,3.4,2025-08-09T22:05:00+09:30,PT5M
9,95,10.1,0,0,0,959.6,109,3.1,143,PARTLY CLOUDY,8.8,3.5,2025-08-09T22:10:00+09:30,PT5M
9,95,8.2,0,0,0,959.6,108,3.1,145,MOSTLY CLEAR,9,3.5,2025-08-09T22:15:00+09:30,PT5M
9,96,0,0,0,0,959.6,108,3,146,CLEAR,9.2,3.6,2025-08-09T22:20:00+09:30,PT5M
9,97,8.2,0,0,0,959.6,108,3,147,MOSTLY CLEAR,9.4,3.6,2025-08-09T22:25:00+09:30,PT5M
9,97,10.1,0,0,0,959.6,107,3,148,PARTLY CLOUDY,9.6,3.7,2025-08-09T22:30:00+09:30,PT5M
9,98,8.2,0,0,0,959.6,107,3,149,MOSTLY CLEAR,9.7,3.7,2025-08-09T22:35:00+09:30,PT5M
9,99,0,0,0,0,959.6,107,3,150,CLEAR,9.9,3.8,2025-08-09T22:40:00+09:30,PT5M
9,100,8.2,0,0,0,959.6,106,3,151,MOSTLY CLEAR,10.1,3.8,2025-08-09T22:45:00+09:30,PT5M
9,101,8.2,0,0,0,959.6,106,3,153,MOSTLY CLEAR,10.3,3.9,2025-08-09T22:50:00+09:30,PT5M
8,102,8.2,0,0,0,959.6,106,3.1,154,MOSTLY CLEAR,10.5,3.9,2025-08-09T22:55:00+09:30,PT5M
8,103,8.2,0,0,0,959.6,105,3.1,155,MOSTLY CLEAR,10.7,4,2025-08-09T23:00:00+09:30,PT5M
8,104,8.2,0,0,0,959.6,105,3.1,156,MOSTLY CLEAR,10.9,4,2025-08-09T23:05:00+09:30,PT5M
8,105,8.2,0,0,0,959.6,105,3.1,157,MOSTLY CLEAR,11.1,4.1,2025-08-09T23:10:00+09:30,PT5M
8,106,8.2,0,0,0,959.6,104,3.1,158,MOSTLY CLEAR,11.3,4.2,2025-08-09T23:15:00+09:30,PT5M
8,107,0,0,0,0,959.6,104,3.1,159,CLEAR,11.5,4.2,2025-08-09T23:20:00+09:30,PT5M
8,109,8.2,0,0,0,959.6,104,3.1,160,MOSTLY CLEAR,11.7,4.3,2025-08-09T23:25:00+09:30,PT5M
8,110,8.2,0,0,0,959.5,103,3.1,161,MOSTLY CLEAR,11.9,4.4,2025-08-09T23:30:00+09:30,PT5M
8,112,10.1,0,0,0,959.5,103,3.1,162,PARTLY CLOUDY,12.1,4.4,2025-08-09T23:35:00+09:30,PT5M
8,114,10.1,0,0,0,959.5,103,3.1,163,PARTLY CLOUDY,12.3,4.5,2025-08-09T23:40:00+09:30,PT5M
8,116,10.1,0,0,0,959.5,103,3.1,164,PARTLY CLOUDY,12.5,4.6,2025-08-09T23:45:00+09:30,PT5M
7,119,8.2,0,0,0,959.5,103,3,166,MOSTLY CLEAR,12.7,4.6,2025-08-09T23:50:00+09:30,PT5M
7,122,8.2,0,0,0,959.5,103,3,167,MOSTLY CLEAR,12.9,4.7,2025-08-09T23:55:00+09:30,PT5M
7,125,0,0,0,0,959.5,102,3,167,CLEAR,13.1,4.8,2025-08-10T00:00:00+09:30,PT5M
7,129,0,0,0,0,959.5,102,3,168,CLEAR,13.3,4.8,2025-08-10T00:05:00+09:30,PT5M
7,133,0,0,0,0,959.5,102,3,169,CLEAR,13.5,4.9,2025-08-10T00:10:00+09:30,PT5M
7,138,0,0,0,0,959.5,102,3,170,CLEAR,13.7,4.9,2025-08-10T00:15:00+09:30,PT5M
7,144,0,0,0,0,959.5,102,3,171,CLEAR,13.8,5,2025-08-10T00:20:00+09:30,PT5M
7,150,0,0,0,0,959.5,102,3,171,CLEAR,14,5.1,2025-08-10T00:25:00+09:30,PT5M
7,158,0,0,0,0,959.5,102,3,172,CLEAR,14.2,5.1,2025-08-10T00:30:00+09:30,PT5M
7,166,8.2,0,0,0,959.5,102,3,172,MOSTLY CLEAR,14.4,5.2,2025-08-10T00:35:00+09:30,PT5M
7,175,8.2,0,0,0,959.5,102,3,172,MOSTLY CLEAR,14.6,5.2,2025-08-10T00:40:00+09:30,PT5M
7,-176,8.2,0,0,0,959.5,102,3,172,MOSTLY CLEAR,14.8,5.3,2025-08-10T00:45:00+09:30,PT5M
7,-167,8.2,0,0,0,959.4,102,3,172,MOSTLY CLEAR,14.9,5.4,2025-08-10T00:50:00+09:30,PT5M
7,-159,8.2,0,0,0,959.4,102,3,172,MOSTLY CLEAR,15.1,5.4,2025-08-10T00:55:00+09:30,PT5M
7,-151,8.2,0,0,0,959.4,102,3,171,MOSTLY CLEAR,15.3,5.5,2025-08-10T01:00:00+09:30,PT5M
7,-144,8.2,0,0,0,959.3,101,3,171,MOSTLY CLEAR,15.5,5.5,2025-08-10T01:05:00+09:30,PT5M
7,-138,8.2,0,0,0,959.3,101,3,170,MOSTLY CLEAR,15.6,5.6,2025-08-10T01:10:00+09:30,PT5M
6,-133,8.2,0,0,0,959.3,101,3,169,MOSTLY CLEAR,15.8,5.6,2025-08-10T01:15:00+09:30,PT5M
6,-129,8.2,0,0,0,959.2,101,3,168,MOSTLY CLEAR,16,5.6,2025-08-10T01:20:00+09:30,PT5M
6,-125,8.2,0,0,0,959.2,101,3,168,MOSTLY CLEAR,16.2,5.7,2025-08-10T01:25:00+09:30,PT5M
6,-122,8.2,0,0,0,959.2,101,3.1,167,MOSTLY CLEAR,16.3,5.7,2025-08-10T01:30:00+09:30,PT5M
6,-119,8.2,0,0,0,959.1,101,3.1,166,MOSTLY CLEAR,16.5,5.8,2025-08-10T01:35:00+09:30,PT5M
6,-117,8.2,0,0,0,959.1,101,3,165,MOSTLY CLEAR,16.6,5.8,2025-08-10T01:40:00+09:30,PT5M
6,-114,8.2,0,0,0,959.1,101,3,164,MOSTLY CLEAR,16.8,5.9,2025-08-10T01:45:00+09:30,PT5M
6,-112,0,0,0,0,959.1,101,3,163,CLEAR,17,5.9,2025-08-10T01:50:00+09:30,PT5M
6,-111,8.2,0,0,0,959,101,3,161,MOSTLY CLEAR,17.2,5.9,2025-08-10T01:55:00+09:30,PT5M
6,-109,10.1,0,0,0,959,101,3,160,PARTLY CLOUDY,17.3,6,2025-08-10T02:00:00+09:30,PT5M
6,-108,10.1,0,0,0,959,100,3,159,PARTLY CLOUDY,17.5,6,2025-08-10T02:05:00+09:30,PT5M
6,-106,10.1,0,0,0,958.9,100,3,158,PARTLY CLOUDY,17.6,6,2025-08-10T02:10:00+09:30,PT5M
6,-105,8.2,0,0,0,958.9,100,3,157,MOSTLY CLEAR,17.8,6.1,2025-08-10T02:15:00+09:30,PT5M
5,-104,8.2,0,0,0,958.9,100,3,156,MOSTLY CLEAR,18,6.1,2025-08-10T02:20:00+09:30,PT5M
5,-103,8.2,0,0,0,958.9,100,3,155,MOSTLY CLEAR,18.2,6.1,2025-08-10T02:25:00+09:30,PT5M
5,-102,0,0,0,0,958.8,100,2.9,154,CLEAR,18.3,6.1,2025-08-10T02:30:00+09:30,PT5M
5,-101,8.2,0,0,0,958.8,100,2.9,153,MOSTLY CLEAR,18.5,6.2,2025-08-10T02:35:00+09:30,PT5M
5,-100,8.2,0,0,0,958.8,99,2.9,151,MOSTLY CLEAR,18.7,6.2,2025-08-10T02:40:00+09:30,PT5M
5,-99,8.2,0,0,0,958.8,99,2.9,150,MOSTLY CLEAR,18.8,6.2,2025-08-10T02:45:00+09:30,PT5M
5,-98,8.2,0,0,0,958.7,99,2.9,149,MOSTLY CLEAR,19,6.2,2025-08-10T02:50:00+09:30,PT5M
5,-97,8.2,0,0,0,958.7,98,2.9,148,MOSTLY CLEAR,19.2,6.3,2025-08-10T02:55:00+09:30,PT5M
5,-97,8.2,0,0,0,958.7,98,2.9,147,MOSTLY CLEAR,19.3,6.3,2025-08-10T03:00:00+09:30,PT5M
5,-96,12.1,0,0,0,958.6,98,2.9,146,PARTLY CLOUDY,19.5,6.3,2025-08-10T03:05:00+09:30,PT5M
5,-95,14,0,0,0,958.6,97,2.9,145,PARTLY CLOUDY,19.6,6.3,2025-08-10T03:10:00+09:30,PT5M
5,-95,14,0,0,0,958.5,97,2.9,144,PARTLY CLOUDY,19.6,6.3,2025-08-10T03:15:00+09:30,PT5M
5,-94,10.1,0,0,0,958.5,97,2.9,142,PARTLY CLOUDY,19.8,6.4,2025-08-10T03:20:00+09:30,PT5M
5,-94,12.1,0,0,0,958.5,96,2.9,141,PARTLY CLOUDY,19.9,6.4,2025-08-10T03:25:00+09:30,PT5M
5,-93,12.1,0,0,0,958.4,96,2.9,140,PARTLY CLOUDY,20,6.4,2025-08-10T03:30:00+09:30,PT5M
5,-92,10.1,0,0,0,958.4,96,2.9,139,PARTLY CLOUDY,20,6.4,2025-08-10T03:35:00+09:30,PT5M
5,-92,8.2,0,0,0,958.4,95,2.9,138,MOSTLY CLEAR,20.1,6.4,2025-08-10T03:40:00+09:30,PT5M
5,-91,10.1,0,0,0,958.4,94,2.9,137,PARTLY CLOUDY,20.2,6.4,2025-08-10T03:45:00+09:30,PT5M
4,-91,12.1,0,0,0,958.3,94,2.9,136,PARTLY CLOUDY,20.4,6.5,2025-08-10T03:50:00+09:30,PT5M
4,-90,10.1,0,0,0,958.3,93,2.9,134,PARTLY CLOUDY,20.4,6.5,2025-08-10T03:55:00+09:30,PT5M
4,-90,10.1,0,0,0,958.3,92,2.9,133,PARTLY CLOUDY,20.6,6.5,2025-08-10T04:00:00+09:30,PT5M
4,-89,8.2,0,0,0,958.3,92,2.9,132,MOSTLY CLEAR,20.6,6.5,2025-08-10T04:05:00+09:30,PT5M
4,-89,0,0,0,0,958.2,91,2.9,131,CLEAR,20.6,6.5,2025-08-10T04:10:00+09:30,PT5M
4,-88,0,0,0,0,958.2,90,2.9,130,CLEAR,20.7,6.5,2025-08-10T04:15:00+09:30,PT5M
4,-88,0,0,0,0,958.2,90,2.9,129,CLEAR,20.7,6.5,2025-08-10T04:20:00+09:30,PT5M
4,-87,8.2,0,0,0,958.2,89,2.9,128,MOSTLY CLEAR,20.8,6.5,2025-08-10T04:25:00+09:30,PT5M
4,-87,10.1,0,0,0,958.1,88,2.9,126,PARTLY CLOUDY,20.8,6.5,2025-08-10T04:30:00+09:30,PT5M
4,-86,10.1,0,0,0,958.1,88,2.9,125,PARTLY CLOUDY,20.8,6.5,2025-08-10T04:35:00+09:30,PT5M
4,-86,10.1,0,0,0,958.1,87,2.9,124,PARTLY CLOUDY,20.8,6.5,2025-08-10T04:40:00+09:30,PT5M
3,-86,10.1,0,0,0,958.1,86,2.9,123,PARTLY CLOUDY,20.9,6.5,2025-08-10T04:45:00+09:30,PT5M
3,-85,10.1,0,0,0,958.2,85,2.9,122,PARTLY CLOUDY,20.9,6.5,2025-08-10T04:50:00+09:30,PT5M
3,-85,10.1,0,0,0,958.2,84,2.9,121,PARTLY CLOUDY,21,6.5,2025-08-10T04:55:00+09:30,PT5M
3,-84,8.2,0,0,0,958.2,83,2.9,120,MOSTLY CLEAR,21,6.5,2025-08-10T05:00:00+09:30,PT5M
3,-84,8.2,0,0,0,958.2,83,2.9,118,MOSTLY CLEAR,21,6.5,2025-08-10T05:05:00+09:30,PT5M
3,-83,8.2,0,0,0,958.2,82,2.9,117,MOSTLY CLEAR,21.1,6.5,2025-08-10T05:10:00+09:30,PT5M
3,-83,8.2,0,0,0,958.2,81,2.9,116,MOSTLY CLEAR,21.1,6.5,2025-08-10T05:15:00+09:30,PT5M
3,-83,8.2,0,0,0,958.2,80,2.9,115,MOSTLY CLEAR,21.1,6.5,2025-08-10T05:20:00+09:30,PT5M
3,-82,8.2,0,0,0,958.2,79,2.9,114,MOSTLY CLEAR,21.2,6.5,2025-08-10T05:25:00+09:30,PT5M
2,-82,8.2,0,0,0,958.2,78,2.9,113,MOSTLY CLEAR,21.2,6.5,2025-08-10T05:30:00+09:30,PT5M
2,-81,8.2,0,0,0,958.2,77,2.9,112,MOSTLY CLEAR,21.3,6.6,2025-08-10T05:35:00+09:30,PT5M
2,-81,10.1,0,0,0,958.3,77,2.9,110,PARTLY CLOUDY,21.3,6.6,2025-08-10T05:40:00+09:30,PT5M
2,-80,8.2,0,0,0,958.3,76,2.8,109,MOSTLY CLEAR,21.4,6.6,2025-08-10T05:45:00+09:30,PT5M
2,-80,8.2,0,0,0,958.3,75,2.8,108,MOSTLY CLEAR,21.4,6.6,2025-08-10T05:50:00+09:30,PT5M
2,-79,8.2,0,0,0,958.4,74,2.8,107,MOSTLY CLEAR,21.4,6.6,2025-08-10T05:55:00+09:30,PT5M
2,-79,0,0,0,0,958.4,73,2.8,106,CLEAR,21.5,6.6,2025-08-10T06:00:00+09:30,PT5M
2,-79,8.2,0,0,0,958.4,72,2.8,105,MOSTLY CLEAR,21.4,6.6,2025-08-10T06:05:00+09:30,PT5M
2,-78,12.1,0,0,0,958.5,71,2.8,104,PARTLY CLOUDY,21.3,6.6,2025-08-10T06:10:00+09:30,PT5M
2,-78,10.1,0,0,0,958.5,70,2.8,103,PARTLY CLOUDY,21.2,6.6,2025-08-10T06:15:00+09:30,PT5M
2,-77,10.1,0,0,0,958.5,69,2.8,101,PARTLY CLOUDY,21.1,6.6,2025-08-10T06:20:00+09:30,PT5M
2,-77,10.1,0,0,0,958.6,68,2.8,100,PARTLY CLOUDY,21,6.6,2025-08-10T06:25:00+09:30,PT5M
2,-76,8.2,0,0,0,958.6,68,2.8,99,MOSTLY CLEAR,20.9,6.6,2025-08-10T06:30:00+09:30,PT5M
2,-76,8.2,0,0,0,958.7,66,2.8,98,MOSTLY CLEAR,20.8,6.6,2025-08-10T06:35:00+09:30,PT5M
3,-75,0,0,0,0,958.7,65,2.8,97,CLEAR,20.7,6.6,2025-08-10T06:40:00+09:30,PT5M
3,-75,0,0,0,0,958.8,64,2.7,96,CLEAR,20.6,6.6,2025-08-10T06:45:00+09:30,PT5M
3,-74,0,0,0,0,958.9,63,2.7,95,CLEAR,20.5,6.6,2025-08-10T06:50:00+09:30,PT5M
3,-74,0,0,0,0,958.9,61,2.7,94,CLEAR,20.4,6.6,2025-08-10T06:55:00+09:30,PT5M
3,-74,0,0,0,0,959,60,2.6,93,CLEAR,20.3,6.6,2025-08-10T07:00:00+09:30,PT5M
3,-73,0,0,0,0,959.1,58,2.6,92,CLEAR,20.1,6.6,2025-08-10T07:05:00+09:30,PT5M
3,-73,8.2,0,0,0,959.1,57,2.6,90,MOSTLY CLEAR,19.8,6.6,2025-08-10T07:10:00+09:30,PT5M
3,-72,8.2,5,6,0,959.2,55,2.6,89,MOSTLY SUNNY,19.6,6.6,2025-08-10T07:15:00+09:30,PT5M
3,-72,10.1,16,21,0,959.3,54,2.5,88,PARTLY CLOUDY,19.3,6.6,2025-08-10T07:20:00+09:30,PT5M
4,-71,8.2,28,45,0,959.3,52,2.5,87,MOSTLY SUNNY,19,6.6,2025-08-10T07:25:00+09:30,PT5M
4,-70,0,46,88,0,959.4,51,2.5,86,SUNNY,18.8,6.6,2025-08-10T07:30:00+09:30,PT5M
4,-70,0,62,128,0,959.5,50,2.5,85,SUNNY,18.5,6.6,2025-08-10T07:35:00+09:30,PT5M
5,-69,0,78,152,0,959.5,50,2.4,84,SUNNY,18.3,6.6,2025-08-10T07:40:00+09:30,PT5M
5,-69,0,95,175,0,959.5,49,2.4,83,SUNNY,18,6.6,2025-08-10T07:45:00+09:30,PT5M
6,-68,0,113,199,0,959.6,49,2.3,82,SUNNY,17.7,6.6,2025-08-10T07:50:00+09:30,PT5M
6,-68,0,131,223,0,959.6,49,2.3,81,SUNNY,17.5,6.6,2025-08-10T07:55:00+09:30,PT5M
7,-67,0,150,246,0,959.7,49,2.2,80,SUNNY,17.2,6.6,2025-08-10T08:00:00+09:30,PT5M
7,-67,0,168,269,0,959.7,49,2.2,79,SUNNY,17,6.6,2025-08-10T08:05:00+09:30,PT5M
8,-66,0,187,293,0,959.8,48,2.1,78,SUNNY,16.7,6.5,2025-08-10T08:10:00+09:30,PT5M
8,-65,0,206,316,0,959.8,48,2.1,77,SUNNY,16.5,6.4,2025-08-10T08:15:00+09:30,PT5M
9,-65,0,225,339,0,959.8,48,2,75,SUNNY,16.2,6.3,2025-08-10T08:20:00+09:30,PT5M
9,-64,0,244,361,0,959.9,48,2,74,SUNNY,15.9,6.3,2025-08-10T08:25:00+09:30,PT5M
10,-63,0,263,384,0,959.9,47,1.9,73,SUNNY,15.7,6.2,2025-08-10T08:30:00+09:30,PT5M
10,-63,0,282,406,0,959.9,48,1.9,72,SUNNY,15.4,6.1,2025-08-10T08:35:00+09:30,PT5M
10,-62,0,301,428,0,959.9,51,1.9,71,SUNNY,15.2,6,2025-08-10T08:40:00+09:30,PT5M
10,-61,0,319,450,0,959.9,53,2,70,SUNNY,14.9,6,2025-08-10T08:45:00+09:30,PT5M
11,-61,0,338,472,0,959.9,55,2,69,SUNNY,14.6,5.9,2025-08-10T08:50:00+09:30,PT5M
11,-60,0,356,493,0,959.9,58,2,68,SUNNY,14.4,5.8,2025-08-10T08:55:00+09:30,PT5M
11,-59,0,375,514,0,959.9,60,2,67,SUNNY,14.1,5.7,2025-08-10T09:00:00+09:30,PT5M
11,-59,0,393,535,0,959.9,62,2.1,66,SUNNY,13.9,5.7,2025-08-10T09:05:00+09:30,PT5M
11,-58,0,410,555,0,959.9,64,2.1,65,SUNNY,13.7,5.6,2025-08-10T09:10:00+09:30,PT5M
11,-57,0,428,575,0,959.9,66,2.2,64,SUNNY,13.5,5.5,2025-08-10T09:15:00+09:30,PT5M
12,-56,0,445,595,0,959.9,68,2.2,64,SUNNY,13.4,5.5,2025-08-10T09:20:00+09:30,PT5M
12,-55,0,463,615,0,959.9,70,2.2,63,SUNNY,13.2,5.4,2025-08-10T09:25:00+09:30,PT5M
12,-54,0,479,634,0,959.9,71,2.3,62,SUNNY,13,5.3,2025-08-10T09:30:00+09:30,PT5M
12,-54,0,497,654,0,959.9,74,2.3,61,SUNNY,12.8,5.3,2025-08-10T09:35:00+09:30,PT5M
12,-53,0,513,672,0,959.9,76,2.4,60,SUNNY,12.6,5.2,2025-08-10T09:40:00+09:30,PT5M
12,-52,0,529,690,0,959.9,78,2.4,59,SUNNY,12.4,5.1,2025-08-10T09:45:00+09:30,PT5M
12,-51,0,545,708,0,959.9,80,2.4,58,SUNNY,12.3,5.1,2025-08-10T09:50:00+09:30,PT5M
13,-50,0,560,726,0,959.9,82,2.5,57,SUNNY,12.1,5,2025-08-10T09:55:00+09:30,PT5M
13,-49,0,575,743,0,959.9,85,2.5,56,SUNNY,11.9,4.9,2025-08-10T10:00:00+09:30,PT5M
13,-48,0,590,759,0,959.9,86,2.6,55,SUNNY,11.8,4.9,2025-08-10T10:05:00+09:30,PT5M
13,-47,0,604,775,0,959.9,88,2.6,55,SUNNY,11.7,4.8,2025-08-10T10:10:00+09:30,PT5M
13,-46,0,618,791,0,959.9,90,2.7,54,SUNNY,11.6,4.8,2025-08-10T10:15:00+09:30,PT5M
13,-45,0,632,806,0,959.9,92,2.8,53,SUNNY,11.5,4.7,2025-08-10T10:20:00+09:30,PT5M
13,-43,0,645,821,0,959.9,94,2.8,52,SUNNY,11.4,4.7,2025-08-10T10:25:00+09:30,PT5M
14,-42,0,658,836,0,959.8,95,2.9,51,SUNNY,11.3,4.6,2025-08-10T10:30:00+09:30,PT5M
14,-41,0,670,850,0,959.8,97,2.9,51,SUNNY,11.2,4.6,2025-08-10T10:35:00+09:30,PT5M
14,-40,0,682,863,0,959.7,98,2.9,50,SUNNY,11.1,4.5,2025-08-10T10:40:00+09:30,PT5M
14,-39,0,694,876,0,959.7,99,2.9,49,SUNNY,11,4.5,2025-08-10T10:45:00+09:30,PT5M
14,-37,0,705,888,0,959.6,101,2.9,48,SUNNY,10.9,4.4,2025-08-10T10:50:00+09:30,PT5M
14,-36,0,715,900,0,959.5,102,2.9,48,SUNNY,10.8,4.4,2025-08-10T10:55:00+09:30,PT5M
14,-35,0,725,912,0,959.5,103,2.9,47,SUNNY,10.7,4.3,2025-08-10T11:00:00+09:30,PT5M
14,-33,0,735,923,0,959.4,104,2.9,46,SUNNY,10.7,4.3,2025-08-10T11:05:00+09:30,PT5M
14,-32,0,745,933,0,959.3,106,2.9,46,SUNNY,10.6,4.2,2025-08-10T11:10:00+09:30,PT5M
15,-30,0,753,943,0,959.3,107,3,45,SUNNY,10.5,4.2,2025-08-10T11:15:00+09:30,PT5M
15,-29,0,762,953,0,959.2,108,3,45,SUNNY,10.4,4.2,2025-08-10T11:20:00+09:30,PT5M
15,-27,0,770,961,0,959.1,110,3,44,SUNNY,10.3,4.1,2025-08-10T11:25:00+09:30,PT5M
15,-26,0,777,970,0,959.1,111,3,44,SUNNY,10.2,4.1,2025-08-10T11:30:00+09:30,PT5M
15,-24,0,784,978,0,959,112,3,43,SUNNY,10.2,4,2025-08-10T11:35:00+09:30,PT5M
15,-23,0,791,985,0,958.9,113,3,43,SUNNY,10.1,4,2025-08-10T11:40:00+09:30,PT5M
15,-21,0,797,992,0,958.9,114,3,42,SUNNY,10,3.9,2025-08-10T11:45:00+09:30,PT5M
16,-19,0,803,998,0,958.8,114,2.9,42,SUNNY,9.9,3.9,2025-08-10T11:50:00+09:30,PT5M
16,-17,0,808,1004,0,958.8,115,2.9,41,SUNNY,9.8,3.9,2025-08-10T11:55:00+09:30,PT5M
16,-16,0,812,1009,0,958.7,116,2.9,41,SUNNY,9.7,3.8,2025-08-10T12:00:00+09:30,PT5M
16,-14,0,816,1013,0,958.7,117,2.9,41,SUNNY,9.7,3.8,2025-08-10T12:05:00+09:30,PT5M
16,-12,0,820,1018,0,958.6,118,2.9,41,SUNNY,9.6,3.7,2025-08-10T12:10:00+09:30,PT5M
17,-10,0,823,1021,0,958.5,119,2.9,40,SUNNY,9.6,3.7,2025-08-10T12:15:00+09:30,PT5M
17,-8,0,826,1024,0,958.5,120,2.9,40,SUNNY,9.6,3.7,2025-08-10T12:20:00+09:30,PT5M
17,-7,0,828,1026,0,958.4,121,2.8,40,SUNNY,9.5,3.6,2025-08-10T12:25:00+09:30,PT5M
17,-5,0,829,1028,0,958.4,122,2.8,40,SUNNY,9.5,3.6,2025-08-10T12:30:00+09:30,PT5M
17,-3,0,830,1029,0,958.3,122,2.8,40,SUNNY,9.4,3.5,2025-08-10T12:35:00+09:30,PT5M
17,-1,0,831,1030,0,958.2,123,2.8,40,SUNNY,9.4,3.5,2025-08-10T12:40:00+09:30,PT5M
17,1,0,831,1030,0,958.1,124,2.8,40,SUNNY,9.3,3.4,2025-08-10T12:45:00+09:30,PT5M
18,3,0,831,1030,0,958,125,2.7,40,SUNNY,9.3,3.4,2025-08-10T12:50:00+09:30,PT5M
18,5,0,830,1029,0,957.9,125,2.7,40,SUNNY,9.3,3.4,2025-08-10T12:55:00+09:30,PT5M
18,6,0,828,1027,0,957.8,126,2.7,40,SUNNY,9.2,3.3,2025-08-10T13:00:00+09:30,PT5M
18,8,0,826,1025,0,957.7,127,2.7,40,SUNNY,9.2,3.3,2025-08-10T13:05:00+09:30,PT5M
18,10,0,824,1022,0,957.6,128,2.6,40,SUNNY,9.2,3.3,2025-08-10T13:10:00+09:30,PT5M
18,12,0,821,1019,0,957.5,129,2.6,41,SUNNY,9.3,3.2,2025-08-10T13:15:00+09:30,PT5M
18,14,0,818,1015,0,957.4,130,2.6,41,SUNNY,9.3,3.2,2025-08-10T13:20:00+09:30,PT5M
18,16,0,814,1010,0,957.3,130,2.6,41,SUNNY,9.3,3.2,2025-08-10T13:25:00+09:30,PT5M
18,17,0,809,1006,0,957.2,131,2.6,41,SUNNY,9.3,3.2,2025-08-10T13:30:00+09:30,PT5M
18,19,0,804,1000,0,957.1,132,2.6,42,SUNNY,9.4,3.1,2025-08-10T13:35:00+09:30,PT5M
18,21,0,799,994,0,957.1,132,2.6,42,SUNNY,9.4,3.1,2025-08-10T13:40:00+09:30,PT5M
18,22,0,793,987,0,957,133,2.6,43,SUNNY,9.4,3.1,2025-08-10T13:45:00+09:30,PT5M
19,24,0,786,980,0,957,133,2.6,43,SUNNY,9.4,3.1,2025-08-10T13:50:00+09:30,PT5M
19,26,0,779,972,0,956.9,134,2.6,44,SUNNY,9.5,3,2025-08-10T13:55:00+09:30,PT5M
19,27,0,772,964,0,956.9,134,2.6,44,SUNNY,9.5,3,2025-08-10T14:00:00+09:30,PT5M
19,29,0,764,955,0,956.8,134,2.6,45,SUNNY,9.5,3,2025-08-10T14:05:00+09:30,PT5M
19,30,0,755,945,0,956.8,135,2.6,45,SUNNY,9.5,3,2025-08-10T14:10:00+09:30,PT5M
19,32,0,747,936,0,956.8,135,2.6,46,SUNNY,9.6,3,2025-08-10T14:15:00+09:30,PT5M
19,33,0,737,925,0,956.7,136,2.6,46,SUNNY,9.6,2.9,2025-08-10T14:20:00+09:30,PT5M
19,35,0,728,914,0,956.7,136,2.6,47,SUNNY,9.6,2.9,2025-08-10T14:25:00+09:30,PT5M
19,36,0,718,903,0,956.6,136,2.6,48,SUNNY,9.6,2.9,2025-08-10T14:30:00+09:30,PT5M
19,37,0,707,891,0,956.6,136,2.6,48,SUNNY,9.7,2.9,2025-08-10T14:35:00+09:30,PT5M
19,39,0,696,879,0,956.6,136,2.6,49,SUNNY,9.7,2.9,2025-08-10T14:40:00+09:30,PT5M
19,40,0,685,866,0,956.5,136,2.6,50,SUNNY,9.7,2.9,2025-08-10T14:45:00+09:30,PT5M
20,41,0,673,853,0,956.5,136,2.6,50,SUNNY,9.7,2.8,2025-08-10T14:50:00+09:30,PT5M
20,42,0,661,839,0,956.4,136,2.6,51,SUNNY,9.8,2.8,2025-08-10T14:55:00+09:30,PT5M
20,43,0,648,825,0,956.4,136,2.6,52,SUNNY,9.8,2.8,2025-08-10T15:00:00+09:30,PT5M
20,45,0,635,811,0,956.3,136,2.7,53,SUNNY,9.8,2.8,2025-08-10T15:05:00+09:30,PT5M
20,46,0,621,795,0,956.3,136,2.7,54,SUNNY,9.8,2.8,2025-08-10T15:10:00+09:30,PT5M
20,47,0,607,779,0,956.3,135,2.7,54,SUNNY,9.8,2.8,2025-08-10T15:15:00+09:30,PT5M
20,48,0,593,763,0,956.2,135,2.7,55,SUNNY,9.8,2.8,2025-08-10T15:20:00+09:30,PT5M
20,49,0,578,747,0,956.2,135,2.7,56,SUNNY,9.8,2.8,2025-08-10T15:25:00+09:30,PT5M
20,50,0,563,730,0,956.1,135,2.7,57,SUNNY,9.8,2.8,2025-08-10T15:30:00+09:30,PT5M
20,51,0,548,712,0,956.1,135,2.7,58,SUNNY,9.7,2.9,2025-08-10T15:35:00+09:30,PT5M
20,52,0,532,694,0,956.1,134,2.7,59,SUNNY,9.7,2.9,2025-08-10T15:40:00+09:30,PT5M
20,53,0,516,676,0,956.1,134,2.7,60,SUNNY,9.7,2.9,2025-08-10T15:45:00+09:30,PT5M
20,54,0,500,657,0,956,134,2.7,61,SUNNY,9.7,2.9,2025-08-10T15:50:00+09:30,PT5M
20,54,0,483,638,0,956,133,2.7,62,SUNNY,9.7,2.9,2025-08-10T15:55:00+09:30,PT5M
20,55,0,466,619,0,956,133,2.7,62,SUNNY,9.7,2.9,2025-08-10T16:00:00+09:30,PT5M
20,56,0,449,599,0,956,133,2.7,63,SUNNY,9.7,2.9,2025-08-10T16:05:00+09:30,PT5M
20,57,0,432,579,0,956,132,2.7,64,SUNNY,9.6,2.9,2025-08-10T16:10:00+09:30,PT5M
20,58,0,414,559,0,956,132,2.7,65,SUNNY,9.6,2.9,2025-08-10T16:15:00+09:30,PT5M
20,59,0,396,539,0,955.9,131,2.7,66,SUNNY,9.6,2.9,2025-08-10T16:20:00+09:30,PT5M
20,59,0,378,518,0,955.9,131,2.8,67,SUNNY,9.5,2.9,2025-08-10T16:25:00+09:30,PT5M
20,60,0,360,497,0,955.9,131,2.8,68,SUNNY,9.5,2.9,2025-08-10T16:30:00+09:30,PT5M
19,61,0,341,476,0,955.9,130,2.8,69,SUNNY,9.4,2.8,2025-08-10T16:35:00+09:30,PT5M
19,61,0,323,454,0,955.9,130,2.8,70,SUNNY,9.4,2.8,2025-08-10T16:40:00+09:30,PT5M
19,62,0,304,432,0,956,130,2.8,71,SUNNY,9.3,2.8,2025-08-10T16:45:00+09:30,PT5M
19,63,0,285,410,0,956,129,2.8,72,SUNNY,9.3,2.8,2025-08-10T16:50:00+09:30,PT5M
19,64,0,266,388,0,956,129,2.8,73,SUNNY,9.3,2.8,2025-08-10T16:55:00+09:30,PT5M
19,64,0,248,365,0,956,129,2.8,74,SUNNY,9.2,2.8,2025-08-10T17:00:00+09:30,PT5M
19,65,0,229,343,0,956.1,128,2.8,75,SUNNY,9.2,2.8,2025-08-10T17:05:00+09:30,PT5M
19,65,0,210,320,0,956.1,128,2.8,76,SUNNY,9.1,2.8,2025-08-10T17:10:00+09:30,PT5M
18,66,0,191,297,0,956.1,128,2.8,77,SUNNY,9.1,2.8,2025-08-10T17:15:00+09:30,PT5M
18,67,0,172,273,0,956.1,127,2.8,78,SUNNY,9.1,2.8,2025-08-10T17:20:00+09:30,PT5M
18,67,0,153,250,0,956.2,127,2.8,80,SUNNY,9,2.8,2025-08-10T17:25:00+09:30,PT5M
18,68,0,135,227,0,956.2,127,2.9,81,SUNNY,9,2.8,2025-08-10T17:30:00+09:30,PT5M
18,68,0,116,203,0,956.2,126,2.8,82,SUNNY,8.9,2.9,2025-08-10T17:35:00+09:30,PT5M
18,69,0,98,180,0,956.2,126,2.8,83,SUNNY,8.9,2.9,2025-08-10T17:40:00+09:30,PT5M
18,69,0,81,156,0,956.3,125,2.8,84,SUNNY,8.8,2.9,2025-08-10T17:45:00+09:30,PT5M
17,70,0,64,132,0,956.3,125,2.8,85,SUNNY,8.8,2.9,2025-08-10T17:50:00+09:30,PT5M
17,71,10.1,43,73,0,956.3,124,2.7,86,PARTLY CLOUDY,8.8,2.9,2025-08-10T17:55:00+09:30,PT5M
17,71,17.8,27,37,0,956.3,124,2.7,87,PARTLY CLOUDY,8.7,2.9,2025-08-10T18:00:00+09:30,PT5M
17,72,8.2,18,25,0,956.4,123,2.7,88,MOSTLY SUNNY,8.7,2.9,2025-08-10T18:05:00+09:30,PT5M
17,72,0,7,10,0,956.4,123,2.7,89,SUNNY,8.7,2.9,2025-08-10T18:10:00+09:30,PT5M
17,73,10.1,0,0,0,956.4,122,2.6,90,PARTLY CLOUDY,8.6,2.9,2025-08-10T18:15:00+09:30,PT5M
17,73,17.8,0,0,0,956.4,122,2.6,91,PARTLY CLOUDY,8.6,2.9,2025-08-10T18:20:00+09:30,PT5M
16,74,15.9,0,0,0,956.5,121,2.6,92,PARTLY CLOUDY,8.6,2.9,2025-08-10T18:25:00+09:30,PT5M
16,74,23.2,0,0,0,956.5,121,2.6,94,PARTLY CLOUDY,8.6,2.9,2025-08-10T18:30:00+09:30,PT5M
16,75,12.1,0,0,0,956.5,120,2.6,95,PARTLY CLOUDY,8.5,3,2025-08-10T18:35:00+09:30,PT5M
16,75,0,0,0,0,956.6,120,2.6,96,CLEAR,8.5,3,2025-08-10T18:40:00+09:30,PT5M
16,76,10.1,0,0,0,956.7,119,2.6,97,PARTLY CLOUDY,8.5,3,2025-08-10T18:45:00+09:30,PT5M
15,76,10.1,0,0,0,956.7,118,2.6,98,PARTLY CLOUDY,8.5,3,2025-08-10T18:50:00+09:30,PT5M
15,76,10.1,0,0,0,956.8,118,2.7,99,PARTLY CLOUDY,8.4,3,2025-08-10T18:55:00+09:30,PT5M
15,77,10.1,0,0,0,956.9,117,2.7,100,PARTLY CLOUDY,8.4,3,2025-08-10T19:00:00+09:30,PT5M
15,77,12.1,0,0,0,956.9,116,2.7,101,PARTLY CLOUDY,8.4,3,2025-08-10T19:05:00+09:30,PT5M
14,78,10.1,0,0,0,957,116,2.7,102,PARTLY CLOUDY,8.4,3,2025-08-10T19:10:00+09:30,PT5M
14,78,12.1,0,0,0,957.1,115,2.7,104,PARTLY CLOUDY,8.4,3,2025-08-10T19:15:00+09:30,PT5M
14,79,12.1,0,0,0,957.2,114,2.8,105,PARTLY CLOUDY,8.4,3,2025-08-10T19:20:00+09:30,PT5M
14,79,12.1,0,0,0,957.2,114,2.8,106,PARTLY CLOUDY,8.4,3,2025-08-10T19:25:00+09:30,PT5M
13,80,12.1,0,0,0,957.3,113,2.8,107,PARTLY CLOUDY,8.4,3,2025-08-10T19:30:00+09:30,PT5M
13,80,8.2,0,0,0,957.3,113,2.8,108,MOSTLY CLEAR,8.3,3,2025-08-10T19:35:00+09:30,PT5M
13,80,8.2,0,0,0,957.3,112,2.8,109,MOSTLY CLEAR,8.3,3,2025-08-10T19:40:00+09:30,PT5M
13,81,14,0,0,0,957.3,112,2.8,110,PARTLY CLOUDY,8.3,3,2025-08-10T19:45:00+09:30,PT5M
13,81,15.9,0,0,0,957.3,111,2.9,111,PARTLY CLOUDY,8.3,3,2025-08-10T19:50:00+09:30,PT5M
13,82,15.9,0,0,0,957.3,111,2.9,113,PARTLY CLOUDY,8.3,3,2025-08-10T19:55:00+09:30,PT5M
13,82,12.1,0,0,0,957.3,111,2.9,114,PARTLY CLOUDY,8.3,3,2025-08-10T20:00:00+09:30,PT5M
12,83,10.1,0,0,0,957.3,110,2.9,115,PARTLY CLOUDY,8.3,3,2025-08-10T20:05:00+09:30,PT5M
12,83,8.2,0,0,0,957.3,110,2.9,116,MOSTLY CLEAR,8.3,3,2025-08-10T20:10:00+09:30,PT5M
12,84,10.1,0,0,0,957.3,109,2.9,117,PARTLY CLOUDY,8.3,3,2025-08-10T20:15:00+09:30,PT5M
12,84,10.1,0,0,0,957.3,109,2.9,118,PARTLY CLOUDY,8.3,3,2025-08-10T20:20:00+09:30,PT5M
12,84,12.1,0,0,0,957.3,108,2.9,119,PARTLY CLOUDY,8.3,3,2025-08-10T20:25:00+09:30,PT5M
12,85,14,0,0,0,957.3,108,2.9,121,PARTLY CLOUDY,8.3,3,2025-08-10T20:30:00+09:30,PT5M
12,85,12.1,0,0,0,957.3,107,2.9,122,PARTLY CLOUDY,8.2,3.1,2025-08-10T20:35:00+09:30,PT5M
11,86,12.1,0,0,0,957.3,107,3,123,PARTLY CLOUDY,8.2,3.1,2025-08-10T20:40:00+09:30,PT5M
11,86,10.1,0,0,0,957.3,106,3,124,PARTLY CLOUDY,8.2,3.1,2025-08-10T20:45:00+09:30,PT5M
11,87,8.2,0,0,0,957.3,105,3,125,MOSTLY CLEAR,8.2,3.1,2025-08-10T20:50:00+09:30,PT5M
11,87,10.1,0,0,0,957.3,105,3,126,PARTLY CLOUDY,8.2,3.1,2025-08-10T20:55:00+09:30,PT5M
11,88,12.1,0,0,0,957.3,104,3,127,PARTLY CLOUDY,8.2,3.1,2025-08-10T21:00:00+09:30,PT5M
11,88,14,0,0,0,957.3,103,3,129,PARTLY CLOUDY,8.2,3.1,2025-08-10T21:05:00+09:30,PT5M
11,89,10.1,0,0,0,957.3,103,3,130,PARTLY CLOUDY,8.2,3.1,2025-08-10T21:10:00+09:30,PT5M
11,89,14,0,0,0,957.3,102,3,131,PARTLY CLOUDY,8.2,3.1,2025-08-10T21:15:00+09:30,PT5M
11,90,23.2,0,0,0,957.3,101,3,132,PARTLY CLOUDY,8.2,3.1,2025-08-10T21:20:00+09:30,PT5M
11,90,12.1,0,0,0,957.3,100,3,133,PARTLY CLOUDY,8.2,3.1,2025-08-10T21:25:00+09:30,PT5M
11,91,8.2,0,0,0,957.3,100,3,134,MOSTLY CLEAR,8.2,3.1,2025-08-10T21:30:00+09:30,PT5M
11,91,10.1,0,0,0,957.3,99,3,135,PARTLY CLOUDY,8.3,3.2,2025-08-10T21:35:00+09:30,PT5M
11,92,12.1,0,0,0,957.3,98,3,137,PARTLY CLOUDY,8.3,3.2,2025-08-10T21:40:00+09:30,PT5M
11,92,14,0,0,0,957.3,98,3,138,PARTLY CLOUDY,8.3,3.2,2025-08-10T21:45:00+09:30,PT5M
11,93,21.4,0,0,0,957.3,97,3.1,139,PARTLY CLOUDY,8.3,3.2,2025-08-10T21:50:00+09:30,PT5M
11,93,52.1,0,0,0,957.4,97,3.1,140,MOSTLY CLOUDY,8.3,3.2,2025-08-10T21:55:00+09:30,PT5M
11,94,57.5,0,0,0,957.4,96,3.1,141,MOSTLY CLOUDY,8.3,3.2,2025-08-10T22:00:00+09:30,PT5M
10,94,32,0,0,0,957.4,95,3.1,142,PARTLY CLOUDY,8.3,3.2,2025-08-10T22:05:00+09:30,PT5M
10,95,14,0,0,0,957.4,95,3.1,143,PARTLY CLOUDY,8.3,3.2,2025-08-10T22:10:00+09:30,PT5M
10,96,0,0,0,0,957.4,94,3.1,145,CLEAR,8.4,3.2,2025-08-10T22:15:00+09:30,PT5M
10,96,28.5,0,0,0,957.4,93,3.1,146,PARTLY CLOUDY,8.4,3.2,2025-08-10T22:20:00+09:30,PT5M
10,97,30.3,0,0,0,957.4,93,3.1,147,PARTLY CLOUDY,8.4,3.2,2025-08-10T22:25:00+09:30,PT5M
10,98,19.6,0,0,0,957.4,92,3.1,148,PARTLY CLOUDY,8.4,3.2,2025-08-10T22:30:00+09:30,PT5M
10,99,8.2,0,0,0,957.4,92,3.1,149,MOSTLY CLEAR,8.5,3.3,2025-08-10T22:35:00+09:30,PT5M
10,99,0,0,0,0,957.4,91,3.1,150,CLEAR,8.5,3.3,2025-08-10T22:40:00+09:30,PT5M
9,100,0,0,0,0,957.4,91,3.1,151,CLEAR,8.5,3.3,2025-08-10T22:45:00+09:30,PT5M
9,101,8.2,0,0,0,957.4,90,3,152,MOSTLY CLEAR,8.5,3.3,2025-08-10T22:50:00+09:30,PT5M
9,102,10.1,0,0,0,957.3,90,3,154,PARTLY CLOUDY,8.6,3.3,2025-08-10T22:55:00+09:30,PT5M
9,103,10.1,0,0,0,957.3,89,3,155,PARTLY CLOUDY,8.6,3.3,2025-08-10T23:00:00+09:30,PT5M
9,104,15.9,0,0,0,957.3,89,3,156,PARTLY CLOUDY,8.6,3.3,2025-08-10T23:05:00+09:30,PT5M
9,105,14,0,0,0,957.3,88,3,157,PARTLY CLOUDY,8.6,3.3,2025-08-10T23:10:00+09:30,PT5M
8,107,12.1,0,0,0,957.3,88,3,158,PARTLY CLOUDY,8.7,3.3,2025-08-10T23:15:00+09:30,PT5M
8,108,12.1,0,0,0,957.3,87,2.9,159,PARTLY CLOUDY,8.7,3.4,2025-08-10T23:20:00+09:30,PT5M
8,110,21.4,0,0,0,957.2,87,2.9,160,PARTLY CLOUDY,8.7,3.4,2025-08-10T23:25:00+09:30,PT5M
8,111,50.7,0,0,0,957.2,86,2.9,161,MOSTLY CLOUDY,8.7,3.4,2025-08-10T23:30:00+09:30,PT5M
8,113,46.3,0,0,0,957.2,86,2.9,162,MOSTLY CLOUDY,8.8,3.4,2025-08-10T23:35:00+09:30,PT5M
8,115,35.3,0,0,0,957.2,85,2.9,163,MOSTLY CLOUDY,8.8,3.4,2025-08-10T23:40:00+09:30,PT5M
8,117,14,0,0,0,957.3,84,2.9,164,PARTLY CLOUDY,8.8,3.4,2025-08-10T23:45:00+09:30,PT5M
8,120,19.6,0,0,0,957.3,83,2.8,165,PARTLY CLOUDY,8.8,3.5,2025-08-10T23:50:00+09:30,PT5M
8,123,10.1,0,0,0,957.3,82,2.8,166,PARTLY CLOUDY,8.9,3.5,2025-08-10T23:55:00+09:30,PT5M
8,126,10.1,0,0,0,957.3,81,2.8,167,PARTLY CLOUDY,8.9,3.5,2025-08-11T00:00:00+09:30,PT5M
8,130,10.1,0,0,0,957.3,80,2.8,168,PARTLY CLOUDY,8.9,3.5,2025-08-11T00:05:00+09:30,PT5M
8,134,10.1,0,0,0,957.3,79,2.8,169,PARTLY CLOUDY,9,3.5,2025-08-11T00:10:00+09:30,PT5M
7,139,10.1,0,0,0,957.4,78,2.7,170,PARTLY CLOUDY,9,3.5,2025-08-11T00:15:00+09:30,PT5M
7,145,10.1,0,0,0,957.4,77,2.7,171,PARTLY CLOUDY,9,3.6,2025-08-11T00:20:00+09:30,PT5M
7,151,10.1,0,0,0,957.4,76,2.7,171,PARTLY CLOUDY,9,3.6,2025-08-11T00:25:00+09:30,PT5M
7,159,10.1,0,0,0,957.4,75,2.7,172,PARTLY CLOUDY,9.1,3.6,2025-08-11T00:30:00+09:30,PT5M
7,167,12.1,0,0,0,957.4,74,2.7,172,PARTLY CLOUDY,9.1,3.6,2025-08-11T00:35:00+09:30,PT5M
7,175,12.1,0,0,0,957.3,74,2.7,172,PARTLY CLOUDY,9.2,3.6,2025-08-11T00:40:00+09:30,PT5M
7,-176,10.1,0,0,0,957.3,73,2.7,172,PARTLY CLOUDY,9.2,3.6,2025-08-11T00:45:00+09:30,PT5M
7,-167,8.2,0,0,0,957.2,72,2.7,172,MOSTLY CLEAR,9.2,3.7,2025-08-11T00:50:00+09:30,PT5M
7,-159,10.1,0,0,0,957.2,71,2.7,172,PARTLY CLOUDY,9.2,3.7,2025-08-11T00:55:00+09:30,PT5M
7,-152,10.1,0,0,0,957.1,70,2.7,171,PARTLY CLOUDY,9.3,3.7,2025-08-11T01:00:00+09:30,PT5M
7,-145,10.1,0,0,0,957.1,69,2.7,171,PARTLY CLOUDY,9.3,3.7,2025-08-11T01:05:00+09:30,PT5M
7,-139,10.1,0,0,0,957,68,2.7,170,PARTLY CLOUDY,9.4,3.7,2025-08-11T01:10:00+09:30,PT5M
7,-134,10.1,0,0,0,957,67,2.7,169,PARTLY CLOUDY,9.4,3.8,2025-08-11T01:15:00+09:30,PT5M
7,-130,10.1,0,0,0,956.9,67,2.7,168,PARTLY CLOUDY,9.5,3.8,2025-08-11T01:20:00+09:30,PT5M
7,-126,10.1,0,0,0,956.9,66,2.8,167,PARTLY CLOUDY,9.5,3.8,2025-08-11T01:25:00+09:30,PT5M
7,-123,10.1,0,0,0,956.8,65,2.8,166,PARTLY CLOUDY,9.6,3.8,2025-08-11T01:30:00+09:30,PT5M
6,-120,8.2,0,0,0,956.8,64,2.8,165,MOSTLY CLEAR,9.6,3.9,2025-08-11T01:35:00+09:30,PT5M
6,-118,0,0,0,0,956.8,63,2.8,164,CLEAR,9.7,3.9,2025-08-11T01:40:00+09:30,PT5M
6,-115,0,0,0,0,956.8,63,2.8,163,CLEAR,9.7,3.9,2025-08-11T01:45:00+09:30,PT5M
6,-113,0,0,0,0,956.8,62,2.8,162,CLEAR,9.8,3.9,2025-08-11T01:50:00+09:30,PT5M
6,-111,0,0,0,0,956.8,61,2.8,161,CLEAR,9.8,4,2025-08-11T01:55:00+09:30,PT5M
6,-110,0,0,0,0,956.8,61,2.8,160,CLEAR,9.9,4,2025-08-11T02:00:00+09:30,PT5M
6,-108,8.2,0,0,0,956.8,60,2.8,159,MOSTLY CLEAR,9.9,4,2025-08-11T02:05:00+09:30,PT5M
6,-107,8.2,0,0,0,956.8,59,2.8,158,MOSTLY CLEAR,10,4,2025-08-11T02:10:00+09:30,PT5M
5,-106,10.1,0,0,0,956.7,59,2.8,157,PARTLY CLOUDY,10,4,2025-08-11T02:15:00+09:30,PT5M
5,-104,10.1,0,0,0,956.7,58,2.9,156,PARTLY CLOUDY,10.1,4.1,2025-08-11T02:20:00+09:30,PT5M
5,-103,8.2,0,0,0,956.7,57,2.9,155,MOSTLY CLEAR,10.1,4.1,2025-08-11T02:25:00+09:30,PT5M
5,-102,8.2,0,0,0,956.7,57,2.9,154,MOSTLY CLEAR,10.2,4.1,2025-08-11T02:30:00+09:30,PT5M
5,-101,8.2,0,0,0,956.7,56,2.9,152,MOSTLY CLEAR,10.2,4.1,2025-08-11T02:35:00+09:30,PT5M
5,-100,8.2,0,0,0,956.7,56,2.9,151,MOSTLY CLEAR,10.3,4.1,2025-08-11T02:40:00+09:30,PT5M
5,-100,8.2,0,0,0,956.7,55,2.9,150,MOSTLY CLEAR,10.3,4.1,2025-08-11T02:45:00+09:30,PT5M
5,-99,0,0,0,0,956.7,55,2.9,149,CLEAR,10.4,4.2,2025-08-11T02:50:00+09:30,PT5M
5,-98,8.2,0,0,0,956.6,54,2.9,148,MOSTLY CLEAR,10.4,4.2,2025-08-11T02:55:00+09:30,PT5M
5,-97,8.2,0,0,0,956.6,54,2.9,147,MOSTLY CLEAR,10.5,4.2,2025-08-11T03:00:00+09:30,PT5M
5,-97,8.2,0,0,0,956.6,53,2.9,146,MOSTLY CLEAR,10.5,4.2,2025-08-11T03:05:00+09:30,PT5M
5,-96,0,0,0,0,956.6,53,2.9,145,CLEAR,10.6,4.2,2025-08-11T03:10:00+09:30,PT5M
5,-95,10.1,0,0,0,956.6,52,2.9,143,PARTLY CLOUDY,10.6,4.2,2025-08-11T03:15:00+09:30,PT5M
5,-95,14,0,0,0,956.6,52,2.8,142,PARTLY CLOUDY,10.6,4.2,2025-08-11T03:20:00+09:30,PT5M
5,-94,14,0,0,0,956.5,51,2.8,141,PARTLY CLOUDY,10.7,4.2,2025-08-11T03:25:00+09:30,PT5M
5,-93,12.1,0,0,0,956.5,51,2.8,140,PARTLY CLOUDY,10.7,4.2,2025-08-11T03:30:00+09:30,PT5M
5,-93,8.2,0,0,0,956.5,51,2.8,139,MOSTLY CLEAR,10.8,4.3,2025-08-11T03:35:00+09:30,PT5M
5,-92,12.1,0,0,0,956.5,50,2.8,138,PARTLY CLOUDY,10.8,4.3,2025-08-11T03:40:00+09:30,PT5M
5,-92,28.5,0,0,0,956.5,50,2.8,137,PARTLY CLOUDY,10.9,4.3,2025-08-11T03:45:00+09:30,PT5M
5,-91,35.3,0,0,0,956.5,50,2.8,135,MOSTLY CLOUDY,10.9,4.3,2025-08-11T03:50:00+09:30,PT5M
4,-91,28.5,0,0,0,956.4,50,2.8,134,PARTLY CLOUDY,10.9,4.3,2025-08-11T03:55:00+09:30,PT5M
4,-90,10.1,0,0,0,956.4,50,2.8,133,PARTLY CLOUDY,11,4.3,2025-08-11T04:00:00+09:30,PT5M
4,-90,15.9,0,0,0,956.4,49,2.8,132,PARTLY CLOUDY,11,4.3,2025-08-11T04:05:00+09:30,PT5M
4,-89,32,0,0,0,956.4,49,2.7,131,PARTLY CLOUDY,11,4.3,2025-08-11T04:10:00+09:30,PT5M
4,-89,23.2,0,0,0,956.4,49,2.7,130,PARTLY CLOUDY,11,4.3,2025-08-11T04:15:00+09:30,PT5M
4,-88,23.2,0,0,0,956.4,49,2.7,129,PARTLY CLOUDY,11.1,4.3,2025-08-11T04:20:00+09:30,PT5M
4,-88,23.2,0,0,0,956.3,48,2.7,127,PARTLY CLOUDY,11.1,4.3,2025-08-11T04:25:00+09:30,PT5M
4,-87,32,0,0,0,956.3,48,2.7,126,PARTLY CLOUDY,11.1,4.3,2025-08-11T04:30:00+09:30,PT5M
4,-87,25,0,0,0,956.3,48,2.7,125,PARTLY CLOUDY,11.1,4.4,2025-08-11T04:35:00+09:30,PT5M
4,-86,40.1,0,0,0,956.3,47,2.7,124,MOSTLY CLOUDY,11.1,4.4,2025-08-11T04:40:00+09:30,PT5M
4,-86,21.4,0,0,0,956.4,47,2.7,123,PARTLY CLOUDY,11.1,4.4,2025-08-11T04:45:00+09:30,PT5M
4,-85,25,0,0,0,956.4,46,2.6,122,PARTLY CLOUDY,11.2,4.4,2025-08-11T04:50:00+09:30,PT5M
4,-85,17.8,0,0,0,956.4,46,2.6,121,PARTLY CLOUDY,11.2,4.4,2025-08-11T04:55:00+09:30,PT5M
4,-85,26.8,0,0,0,956.4,45,2.6,119,PARTLY CLOUDY,11.2,4.4,2025-08-11T05:00:00+09:30,PT5M
4,-84,23.2,0,0,0,956.4,45,2.6,118,PARTLY CLOUDY,11.2,4.4,2025-08-11T05:05:00+09:30,PT5M
4,-84,12.1,0,0,0,956.4,44,2.6,117,PARTLY CLOUDY,11.2,4.4,2025-08-11T05:10:00+09:30,PT5M
4,-83,30.3,0,0,0,956.5,44,2.6,116,PARTLY CLOUDY,11.2,4.4,2025-08-11T05:15:00+09:30,PT5M
4,-83,25,0,0,0,956.5,43,2.6,115,PARTLY CLOUDY,11.3,4.4,2025-08-11T05:20:00+09:30,PT5M
4,-82,12.1,0,0,0,956.5,43,2.6,114,PARTLY CLOUDY,11.3,4.4,2025-08-11T05:25:00+09:30,PT5M
4,-82,14,0,0,0,956.5,42,2.6,113,PARTLY CLOUDY,11.3,4.4,2025-08-11T05:30:00+09:30,PT5M
4,-82,10.1,0,0,0,956.5,42,2.5,111,PARTLY CLOUDY,11.3,4.4,2025-08-11T05:35:00+09:30,PT5M
4,-81,14,0,0,0,956.6,41,2.5,110,PARTLY CLOUDY,11.3,4.4,2025-08-11T05:40:00+09:30,PT5M
4,-81,8.2,0,0,0,956.6,41,2.5,109,MOSTLY CLEAR,11.3,4.4,2025-08-11T05:45:00+09:30,PT5M
4,-80,15.9,0,0,0,956.7,40,2.5,108,PARTLY CLOUDY,11.4,4.4,2025-08-11T05:50:00+09:30,PT5M
4,-80,8.2,0,0,0,956.7,40,2.5,107,MOSTLY CLEAR,11.4,4.4,2025-08-11T05:55:00+09:30,PT5M
4,-79,10.1,0,0,0,956.7,40,2.5,106,PARTLY CLOUDY,11.4,4.4,2025-08-11T06:00:00+09:30,PT5M
4,-79,17.8,0,0,0,956.8,39,2.5,105,PARTLY CLOUDY,11.3,4.4,2025-08-11T06:05:00+09:30,PT5M
4,-78,21.4,0,0,0,956.8,39,2.5,104,PARTLY CLOUDY,11.2,4.4,2025-08-11T06:10:00+09:30,PT5M
4,-78,15.9,0,0,0,956.9,38,2.5,102,PARTLY CLOUDY,11,4.4,2025-08-11T06:15:00+09:30,PT5M
4,-78,17.8,0,0,0,956.9,38,2.5,101,PARTLY CLOUDY,10.9,4.4,2025-08-11T06:20:00+09:30,PT5M
4,-77,17.8,0,0,0,957,37,2.5,100,PARTLY CLOUDY,10.8,4.4,2025-08-11T06:25:00+09:30,PT5M
4,-77,30.3,0,0,0,957,37,2.5,99,PARTLY CLOUDY,10.6,4.4,2025-08-11T06:30:00+09:30,PT5M
4,-76,15.9,0,0,0,957,37,2.5,98,PARTLY CLOUDY,10.5,4.3,2025-08-11T06:35:00+09:30,PT5M
4,-76,21.4,0,0,0,957.1,36,2.5,97,PARTLY CLOUDY,10.3,4.3,2025-08-11T06:40:00+09:30,PT5M
4,-75,17.8,0,0,0,957.1,35,2.5,96,PARTLY CLOUDY,10.2,4.3,2025-08-11T06:45:00+09:30,PT5M
4,-75,17.8,0,0,0,957.2,35,2.5,95,PARTLY CLOUDY,10.1,4.3,2025-08-11T06:50:00+09:30,PT5M
4,-74,21.4,0,0,0,957.2,34,2.5,94,PARTLY CLOUDY,9.9,4.3,2025-08-11T06:55:00+09:30,PT5M
4,-74,14,0,0,0,957.2,34,2.5,92,PARTLY CLOUDY,9.8,4.3,2025-08-11T07:00:00+09:30,PT5M
4,-73,28.5,0,0,0,957.3,33,2.5,91,PARTLY CLOUDY,9.6,4.3,2025-08-11T07:05:00+09:30,PT5M
5,-73,36.9,0,0,0,957.3,32,2.4,90,MOSTLY CLOUDY,9.3,4.3,2025-08-11T07:10:00+09:30,PT5M
5,-72,28.5,5,5,0,957.4,32,2.4,89,PARTLY CLOUDY,9,4.3,2025-08-11T07:15:00+09:30,PT5M
5,-72,26.8,14,13,0,957.4,31,2.4,88,PARTLY CLOUDY,8.7,4.3,2025-08-11T07:20:00+09:30,PT5M
5,-71,35.3,21,20,0,957.5,31,2.4,87,MOSTLY CLOUDY,8.4,4.3,2025-08-11T07:25:00+09:30,PT5M
5,-71,12.1,41,66,0,957.5,30,2.4,86,PARTLY CLOUDY,8.1,4.3,2025-08-11T07:30:00+09:30,PT5M
5,-70,30.3,44,44,0,957.5,30,2.4,85,PARTLY CLOUDY,7.8,4.2,2025-08-11T07:35:00+09:30,PT5M
6,-70,38.5,49,47,0,957.6,29,2.4,84,MOSTLY CLOUDY,7.5,4.2,2025-08-11T07:40:00+09:30,PT5M
6,-69,8.2,89,147,0,957.6,29,2.4,83,MOSTLY SUNNY,7.2,4.2,2025-08-11T07:45:00+09:30,PT5M
7,-69,18.9,93,129,0,957.6,29,2.4,82,PARTLY CLOUDY,6.9,4.2,2025-08-11T07:50:00+09:30,PT5M
7,-68,0,133,221,0,957.7,29,2.4,81,SUNNY,6.6,4.2,2025-08-11T07:55:00+09:30,PT5M
8,-67,0,151,244,0,957.7,29,2.4,80,SUNNY,6.3,4.2,2025-08-11T08:00:00+09:30,PT5M
9,-67,0,170,268,0,957.7,29,2.4,78,SUNNY,6.1,4.2,2025-08-11T08:05:00+09:30,PT5M
9,-66,0,188,291,0,957.8,28,2.4,77,SUNNY,5.8,4.1,2025-08-11T08:10:00+09:30,PT5M
10,-66,0,207,314,0,957.8,28,2.4,76,SUNNY,5.4,4.1,2025-08-11T08:15:00+09:30,PT5M
10,-65,0,226,337,0,957.8,28,2.4,75,SUNNY,5.2,4.1,2025-08-11T08:20:00+09:30,PT5M
11,-64,0,245,359,0,957.9,28,2.4,74,SUNNY,4.9,4,2025-08-11T08:25:00+09:30,PT5M
11,-64,0,264,382,0,957.9,28,2.4,73,SUNNY,4.6,4,2025-08-11T08:30:00+09:30,PT5M
12,-63,0,283,404,0,957.9,28,2.4,72,SUNNY,4.2,3.9,2025-08-11T08:35:00+09:30,PT5M
12,-62,0,301,426,0,958,29,2.4,71,SUNNY,4,3.9,2025-08-11T08:40:00+09:30,PT5M
12,-62,0,320,448,0,958,30,2.4,70,SUNNY,3.8,3.8,2025-08-11T08:45:00+09:30,PT5M
12,-61,0,339,469,0,958,31,2.4,69,SUNNY,3.8,3.8,2025-08-11T08:50:00+09:30,PT5M
12,-60,0,357,490,0,958,32,2.4,68,SUNNY,3.8,3.8,2025-08-11T08:55:00+09:30,PT5M
13,-60,0,375,511,0,958,33,2.4,67,SUNNY,3.7,3.7,2025-08-11T09:00:00+09:30,PT5M
13,-59,0,393,532,0,958,33,2.4,66,SUNNY,3.6,3.6,2025-08-11T09:05:00+09:30,PT5M
13,-58,11.1,365,470,0,958.1,34,2.4,65,PARTLY CLOUDY,3.3,3.3,2025-08-11T09:10:00+09:30,PT5M
13,-57,16.3,359,446,0,958.1,35,2.4,64,PARTLY CLOUDY,3,3,2025-08-11T09:15:00+09:30,PT5M
13,-56,20.4,355,427,0,958.1,36,2.4,63,PARTLY CLOUDY,2.8,2.8,2025-08-11T09:20:00+09:30,PT5M
13,-56,5.1,439,572,0,958.1,37,2.4,62,MOSTLY SUNNY,2.5,2.5,2025-08-11T09:25:00+09:30,PT5M
14,-55,0,480,631,0,958.1,38,2.4,61,SUNNY,2.2,2.2,2025-08-11T09:30:00+09:30,PT5M
14,-54,0,497,651,0,958.1,39,2.4,60,SUNNY,2,2,2025-08-11T09:35:00+09:30,PT5M
14,-53,0,513,669,0,958.1,40,2.3,60,SUNNY,1.7,1.7,2025-08-11T09:40:00+09:30,PT5M
14,-52,7.3,490,624,0,958.1,42,2.3,59,MOSTLY SUNNY,1.4,1.4,2025-08-11T09:45:00+09:30,PT5M
14,-51,13.9,469,578,0,958.1,44,2.3,58,PARTLY CLOUDY,1.2,1.2,2025-08-11T09:50:00+09:30,PT5M
14,-50,0,560,722,0,958.1,45,2.2,57,SUNNY,1,0.9,2025-08-11T09:55:00+09:30,PT5M
15,-49,0,575,739,0,958.1,47,2.2,56,SUNNY,0.9,0.6,2025-08-11T10:00:00+09:30,PT5M
15,-48,4.6,562,713,0,958.1,49,2.1,55,MOSTLY SUNNY,0.8,0.5,2025-08-11T10:05:00+09:30,PT5M
15,-47,9.3,548,682,0,958.1,51,2.1,54,MOSTLY SUNNY,0.8,0.5,2025-08-11T10:10:00+09:30,PT5M
15,-46,22.8,477,553,0,958.1,52,2.1,53,PARTLY CLOUDY,0.8,0.5,2025-08-11T10:15:00+09:30,PT5M
15,-45,16.9,525,629,0,958,54,2,53,PARTLY CLOUDY,0.8,0.5,2025-08-11T10:20:00+09:30,PT5M
15,-44,16.9,536,641,0,958,56,2,52,PARTLY CLOUDY,0.8,0.5,2025-08-11T10:25:00+09:30,PT5M
16,-43,18.4,537,637,0,958,58,2,51,PARTLY CLOUDY,0.8,0.5,2025-08-11T10:30:00+09:30,PT5M
16,-41,33.8,443,471,0,958,61,1.9,50,PARTLY CLOUDY,0.9,0.4,2025-08-11T10:35:00+09:30,PT5M
16,-40,16.8,567,677,0,958,63,1.9,50,PARTLY CLOUDY,0.9,0.4,2025-08-11T10:40:00+09:30,PT5M
16,-39,0,694,873,0,957.9,65,1.8,49,SUNNY,0.9,0.4,2025-08-11T10:45:00+09:30,PT5M
17,-38,0,705,886,0,957.9,68,1.8,48,SUNNY,0.9,0.4,2025-08-11T10:50:00+09:30,PT5M
17,-36,0,715,898,0,957.8,70,1.7,47,SUNNY,0.9,0.4,2025-08-11T10:55:00+09:30,PT5M
17,-35,0,726,909,0,957.7,73,1.7,47,SUNNY,0.9,0.4,2025-08-11T11:00:00+09:30,PT5M
18,-33,0,735,920,0,957.7,76,1.6,46,SUNNY,0.9,0.4,2025-08-11T11:05:00+09:30,PT5M
18,-32,0,745,931,0,957.6,79,1.6,46,SUNNY,0.9,0.4,2025-08-11T11:10:00+09:30,PT5M
18,-31,0,754,941,0,957.6,82,1.6,45,SUNNY,0.9,0.4,2025-08-11T11:15:00+09:30,PT5M
18,-29,0,762,950,0,957.5,85,1.5,44,SUNNY,0.9,0.4,2025-08-11T11:20:00+09:30,PT5M
19,-27,0,770,959,0,957.5,89,1.5,44,SUNNY,0.9,0.4,2025-08-11T11:25:00+09:30,PT5M
19,-26,0,777,967,0,957.4,92,1.5,43,SUNNY,0.9,0.4,2025-08-11T11:30:00+09:30,PT5M
19,-24,0,784,975,0,957.4,95,1.5,43,SUNNY,0.9,0.4,2025-08-11T11:35:00+09:30,PT5M
19,-23,0,791,982,0,957.3,98,1.5,42,SUNNY,0.9,0.4,2025-08-11T11:40:00+09:30,PT5M
19,-21,0,797,989,0,957.2,101,1.6,42,SUNNY,0.9,0.4,2025-08-11T11:45:00+09:30,PT5M
19,-19,0,802,995,0,957.1,103,1.6,42,SUNNY,0.9,0.4,2025-08-11T11:50:00+09:30,PT5M
19,-18,0,807,1001,0,957,106,1.6,41,SUNNY,0.9,0.4,2025-08-11T11:55:00+09:30,PT5M
19,-16,0,812,1006,0,956.9,108,1.7,41,SUNNY,0.9,0.4,2025-08-11T12:00:00+09:30,PT5M
19,-14,0,816,1010,0,956.8,110,1.7,41,SUNNY,0.9,0.4,2025-08-11T12:05:00+09:30,PT5M
19,-12,0,820,1014,0,956.7,112,1.8,40,SUNNY,0.9,0.4,2025-08-11T12:10:00+09:30,PT5M
20,-10,0,823,1018,0,956.6,114,1.8,40,SUNNY,0.9,0.4,2025-08-11T12:15:00+09:30,PT5M
20,-8,0,825,1021,0,956.5,116,1.8,40,SUNNY,0.9,0.4,2025-08-11T12:20:00+09:30,PT5M
20,-7,0,827,1023,0,956.4,118,1.9,40,SUNNY,0.9,0.4,2025-08-11T12:25:00+09:30,PT5M
20,-5,0,829,1025,0,956.4,120,1.9,40,SUNNY,0.9,0.4,2025-08-11T12:30:00+09:30,PT5M
20,-3,0,830,1026,0,956.3,121,2,40,SUNNY,1,0.4,2025-08-11T12:35:00+09:30,PT5M
20,-1,0,830,1026,0,956.2,121,2,39,SUNNY,1,0.4,2025-08-11T12:40:00+09:30,PT5M
20,1,0,830,1026,0,956.1,122,2.1,39,SUNNY,1,0.4,2025-08-11T12:45:00+09:30,PT5M
20,3,0,830,1026,0,956,122,2.1,40,SUNNY,1,0.4,2025-08-11T12:50:00+09:30,PT5M
20,5,0,829,1025,0,955.9,122,2.1,40,SUNNY,1,0.4,2025-08-11T12:55:00+09:30,PT5M
20,7,0,827,1023,0,955.8,123,2.2,40,SUNNY,1,0.4,2025-08-11T13:00:00+09:30,PT5M
21,8,0,825,1021,0,955.8,123,2.2,40,SUNNY,1,0.4,2025-08-11T13:05:00+09:30,PT5M
21,10,0,823,1018,0,955.7,124,2.3,40,SUNNY,1,0.4,2025-08-11T13:10:00+09:30,PT5M
21,12,0,820,1015,0,955.6,124,2.3,40,SUNNY,1,0.4,2025-08-11T13:15:00+09:30,PT5M
21,14,0,816,1011,0,955.5,124,2.3,41,SUNNY,1.1,0.4,2025-08-11T13:20:00+09:30,PT5M
21,16,0,812,1006,0,955.4,125,2.4,41,SUNNY,1.1,0.4,2025-08-11T13:25:00+09:30,PT5M
21,18,0,808,1001,0,955.3,125,2.4,41,SUNNY,1.1,0.4,2025-08-11T13:30:00+09:30,PT5M
21,19,0,803,996,0,955.3,125,2.5,41,SUNNY,1.1,0.4,2025-08-11T13:35:00+09:30,PT5M
21,21,0,797,989,0,955.2,125,2.5,42,SUNNY,1.1,0.4,2025-08-11T13:40:00+09:30,PT5M
21,23,0,791,983,0,955.2,125,2.5,42,SUNNY,1.1,0.4,2025-08-11T13:45:00+09:30,PT5M
21,24,0,785,976,0,955.1,125,2.6,43,SUNNY,1.2,0.4,2025-08-11T13:50:00+09:30,PT5M
21,26,0,778,968,0,955.1,126,2.6,43,SUNNY,1.2,0.4,2025-08-11T13:55:00+09:30,PT5M
22,27,0,771,959,0,955,126,2.6,44,SUNNY,1.2,0.4,2025-08-11T14:00:00+09:30,PT5M
22,29,0,763,951,0,955,126,2.7,44,SUNNY,1.2,0.4,2025-08-11T14:05:00+09:30,PT5M
22,31,0,754,941,0,954.9,126,2.7,45,SUNNY,1.2,0.4,2025-08-11T14:10:00+09:30,PT5M
22,32,0,746,931,0,954.9,126,2.7,45,SUNNY,1.2,0.4,2025-08-11T14:15:00+09:30,PT5M
22,33,0,736,921,0,954.8,126,2.8,46,SUNNY,1.3,0.4,2025-08-11T14:20:00+09:30,PT5M
22,35,0,727,910,0,954.8,126,2.8,47,SUNNY,1.3,0.4,2025-08-11T14:25:00+09:30,PT5M
22,36,0,716,899,0,954.7,126,2.8,47,SUNNY,1.3,0.4,2025-08-11T14:30:00+09:30,PT5M
22,38,0,706,887,0,954.7,126,2.9,48,SUNNY,1.3,0.4,2025-08-11T14:35:00+09:30,PT5M
22,39,0,695,875,0,954.6,126,2.9,49,SUNNY,1.3,0.4,2025-08-11T14:40:00+09:30,PT5M
22,40,1.3,674,848,0,954.6,126,2.9,50,MOSTLY SUNNY,1.3,0.4,2025-08-11T14:45:00+09:30,PT5M
22,41,4.5,641,802,0,954.6,126,2.9,50,MOSTLY SUNNY,1.4,0.4,2025-08-11T14:50:00+09:30,PT5M
22,43,0,659,835,0,954.5,126,2.9,51,SUNNY,1.4,0.4,2025-08-11T14:55:00+09:30,PT5M
22,44,0,646,820,0,954.5,126,3,52,SUNNY,1.4,0.4,2025-08-11T15:00:00+09:30,PT5M
22,45,0,633,806,0,954.5,126,3,53,SUNNY,1.4,0.4,2025-08-11T15:05:00+09:30,PT5M
22,46,0,620,790,0,954.4,126,3,53,SUNNY,1.4,0.4,2025-08-11T15:10:00+09:30,PT5M
22,47,0,606,775,0,954.4,126,3,54,SUNNY,1.4,0.4,2025-08-11T15:15:00+09:30,PT5M
22,48,14,509,623,0,954.4,126,3,55,PARTLY CLOUDY,1.4,0.5,2025-08-11T15:20:00+09:30,PT5M
22,49,0,577,742,0,954.3,126,3.1,56,SUNNY,1.4,0.5,2025-08-11T15:25:00+09:30,PT5M
22,50,17.7,463,558,0,954.3,126,3.1,57,PARTLY CLOUDY,1.4,0.5,2025-08-11T15:30:00+09:30,PT5M
22,51,13.9,471,582,0,954.3,126,3.1,58,PARTLY CLOUDY,1.3,0.5,2025-08-11T15:35:00+09:30,PT5M
22,52,22.5,412,484,0,954.3,126,3.1,59,PARTLY CLOUDY,1.3,0.5,2025-08-11T15:40:00+09:30,PT5M
22,53,6.6,482,617,0,954.3,126,3.2,60,MOSTLY SUNNY,1.3,0.5,2025-08-11T15:45:00+09:30,PT5M
22,54,26.8,365,417,0,954.3,126,3.2,60,PARTLY CLOUDY,1.3,0.6,2025-08-11T15:50:00+09:30,PT5M
22,55,4.1,463,603,0,954.3,127,3.2,61,MOSTLY SUNNY,1.3,0.6,2025-08-11T15:55:00+09:30,PT5M
22,56,0,466,616,0,954.3,127,3.2,62,SUNNY,1.3,0.6,2025-08-11T16:00:00+09:30,PT5M
22,56,9.6,406,522,0,954.3,127,3.3,63,MOSTLY SUNNY,1.3,0.6,2025-08-11T16:05:00+09:30,PT5M
22,57,9.2,392,507,0,954.4,127,3.3,64,MOSTLY SUNNY,1.3,0.6,2025-08-11T16:10:00+09:30,PT5M
22,58,13.3,359,457,0,954.4,127,3.3,65,PARTLY CLOUDY,1.3,0.6,2025-08-11T16:15:00+09:30,PT5M
22,59,17,329,412,0,954.4,127,3.3,66,PARTLY CLOUDY,1.2,0.6,2025-08-11T16:20:00+09:30,PT5M
22,60,21.8,296,359,0,954.4,128,3.4,67,PARTLY CLOUDY,1.2,0.6,2025-08-11T16:25:00+09:30,PT5M
22,60,4.6,344,465,0,954.4,128,3.4,68,MOSTLY SUNNY,1.2,0.6,2025-08-11T16:30:00+09:30,PT5M
22,61,14.3,293,380,0,954.4,128,3.4,69,PARTLY CLOUDY,1.2,0.5,2025-08-11T16:35:00+09:30,PT5M
22,62,8.6,296,400,0,954.4,128,3.4,70,MOSTLY SUNNY,1.2,0.5,2025-08-11T16:40:00+09:30,PT5M
22,62,34.3,200,215,0,954.5,128,3.4,71,PARTLY CLOUDY,1.2,0.5,2025-08-11T16:45:00+09:30,PT5M
21,63,28,206,240,0,954.5,128,3.5,72,PARTLY CLOUDY,1.1,0.5,2025-08-11T16:50:00+09:30,PT5M
21,64,37.3,168,172,0,954.5,128,3.5,73,MOSTLY CLOUDY,1.1,0.5,2025-08-11T16:55:00+09:30,PT5M
21,64,36.6,158,163,0,954.6,128,3.5,74,MOSTLY CLOUDY,1.1,0.5,2025-08-11T17:00:00+09:30,PT5M
21,65,36.2,147,152,0,954.6,128,3.5,75,MOSTLY CLOUDY,1.1,0.5,2025-08-11T17:05:00+09:30,PT5M
21,66,17.1,175,236,0,954.6,128,3.5,76,PARTLY CLOUDY,1.1,0.5,2025-08-11T17:10:00+09:30,PT5M
20,66,6.5,179,268,0,954.7,128,3.5,77,MOSTLY SUNNY,1.1,0.5,2025-08-11T17:15:00+09:30,PT5M
20,67,8.4,159,238,0,954.7,128,3.5,78,MOSTLY SUNNY,1,0.5,2025-08-11T17:20:00+09:30,PT5M
20,67,0,154,251,0,954.7,128,3.5,79,SUNNY,1,0.5,2025-08-11T17:25:00+09:30,PT5M
20,68,0,136,228,0,954.8,128,3.6,80,SUNNY,1,0.5,2025-08-11T17:30:00+09:30,PT5M
20,69,0,118,205,0,954.8,128,3.5,82,SUNNY,1,0.5,2025-08-11T17:35:00+09:30,PT5M
20,69,0,100,181,0,954.8,128,3.5,83,SUNNY,1,0.5,2025-08-11T17:40:00+09:30,PT5M
19,70,8.2,76,133,0,954.9,128,3.4,84,MOSTLY SUNNY,1,0.5,2025-08-11T17:45:00+09:30,PT5M
19,70,14,56,95,0,954.9,128,3.4,85,PARTLY CLOUDY,0.9,0.5,2025-08-11T17:50:00+09:30,PT5M
19,71,0,49,97,0,954.9,128,3.4,86,SUNNY,0.9,0.5,2025-08-11T17:55:00+09:30,PT5M
19,71,0,34,63,0,955,128,3.3,87,SUNNY,0.9,0.5,2025-08-11T18:00:00+09:30,PT5M
19,72,0,21,34,0,955,128,3.3,88,SUNNY,0.9,0.5,2025-08-11T18:05:00+09:30,PT5M
19,72,0,8,12,0,955,127,3.2,89,SUNNY,0.9,0.5,2025-08-11T18:10:00+09:30,PT5M
19,73,0,0,0,0,955.1,127,3.2,90,CLEAR,0.9,0.5,2025-08-11T18:15:00+09:30,PT5M
18,73,0,0,0,0,955.1,127,3.1,91,CLEAR,0.9,0.5,2025-08-11T18:20:00+09:30,PT5M
18,74,0,0,0,0,955.1,127,3.1,92,CLEAR,0.9,0.5,2025-08-11T18:25:00+09:30,PT5M
18,74,0,0,0,0,955.2,127,3,93,CLEAR,0.9,0.5,2025-08-11T18:30:00+09:30,PT5M
18,75,0,0,0,0,955.2,126,3,95,CLEAR,0.8,0.6,2025-08-11T18:35:00+09:30,PT5M
18,75,0,0,0,0,955.4,126,3,96,CLEAR,0.8,0.6,2025-08-11T18:40:00+09:30,PT5M
17,76,8.2,0,0,0,955.5,125,3,97,MOSTLY CLEAR,0.8,0.6,2025-08-11T18:45:00+09:30,PT5M
17,76,0,0,0,0,955.6,124,3.1,98,CLEAR,0.8,0.6,2025-08-11T18:50:00+09:30,PT5M
17,77,8.2,0,0,0,955.7,123,3.1,99,MOSTLY CLEAR,0.8,0.6,2025-08-11T18:55:00+09:30,PT5M
17,77,10.1,0,0,0,955.8,122,3.1,100,PARTLY CLOUDY,0.8,0.6,2025-08-11T19:00:00+09:30,PT5M
17,78,8.2,0,0,0,955.9,122,3.1,101,MOSTLY CLEAR,0.8,0.6,2025-08-11T19:05:00+09:30,PT5M
16,78,0,0,0,0,956,121,3.2,102,CLEAR,0.8,0.6,2025-08-11T19:10:00+09:30,PT5M
16,79,0,0,0,0,956.1,120,3.2,103,CLEAR,0.8,0.6,2025-08-11T19:15:00+09:30,PT5M
16,79,8.2,0,0,0,956.2,119,3.2,105,MOSTLY CLEAR,0.8,0.6,2025-08-11T19:20:00+09:30,PT5M
16,79,8.2,0,0,0,956.3,118,3.2,106,MOSTLY CLEAR,0.8,0.6,2025-08-11T19:25:00+09:30,PT5M
16,80,8.2,0,0,0,956.4,118,3.3,107,MOSTLY CLEAR,0.8,0.6,2025-08-11T19:30:00+09:30,PT5M
15,80,8.2,0,0,0,956.4,117,3.3,108,MOSTLY CLEAR,0.8,0.6,2025-08-11T19:35:00+09:30,PT5M
15,81,8.2,0,0,0,956.5,117,3.3,109,MOSTLY CLEAR,0.8,0.6,2025-08-11T19:40:00+09:30,PT5M
15,81,8.2,0,0,0,956.5,117,3.3,110,MOSTLY CLEAR,0.8,0.6,2025-08-11T19:45:00+09:30,PT5M
15,82,8.2,0,0,0,956.6,116,3.3,111,MOSTLY CLEAR,0.8,0.6,2025-08-11T19:50:00+09:30,PT5M
15,82,10.1,0,0,0,956.6,116,3.3,113,PARTLY CLOUDY,0.8,0.6,2025-08-11T19:55:00+09:30,PT5M
15,83,12.1,0,0,0,956.6,116,3.3,114,PARTLY CLOUDY,0.8,0.6,2025-08-11T20:00:00+09:30,PT5M
15,83,12.1,0,0,0,956.7,115,3.3,115,PARTLY CLOUDY,0.8,0.6,2025-08-11T20:05:00+09:30,PT5M
14,83,10.1,0,0,0,956.7,115,3.3,116,PARTLY CLOUDY,0.8,0.6,2025-08-11T20:10:00+09:30,PT5M
14,84,10.1,0,0,0,956.8,115,3.3,117,PARTLY CLOUDY,0.8,0.6,2025-08-11T20:15:00+09:30,PT5M
14,84,8.2,0,0,0,956.8,114,3.3,118,MOSTLY CLEAR,0.8,0.6,2025-08-11T20:20:00+09:30,PT5M
14,85,0,0,0,0,956.9,114,3.3,119,CLEAR,0.8,0.6,2025-08-11T20:25:00+09:30,PT5M
14,85,0,0,0,0,956.9,114,3.3,120,CLEAR,0.8,0.6,2025-08-11T20:30:00+09:30,PT5M
14,86,0,0,0,0,956.9,113,3.3,122,CLEAR,0.8,0.7,2025-08-11T20:35:00+09:30,PT5M
13,86,8.2,0,0,0,957,113,3.3,123,MOSTLY CLEAR,0.8,0.7,2025-08-11T20:40:00+09:30,PT5M
13,87,8.2,0,0,0,957,112,3.2,124,MOSTLY CLEAR,0.8,0.7,2025-08-11T20:45:00+09:30,PT5M
13,87,10.1,0,0,0,957,112,3.2,125,PARTLY CLOUDY,0.8,0.7,2025-08-11T20:50:00+09:30,PT5M
13,87,10.1,0,0,0,957.1,112,3.2,126,PARTLY CLOUDY,0.8,0.7,2025-08-11T20:55:00+09:30,PT5M
13,88,12.1,0,0,0,957.1,111,3.2,127,PARTLY CLOUDY,0.8,0.7,2025-08-11T21:00:00+09:30,PT5M
13,88,10.1,0,0,0,957.1,111,3.2,128,PARTLY CLOUDY,0.8,0.7,2025-08-11T21:05:00+09:30,PT5M
13,89,0,0,0,0,957.2,110,3.2,130,CLEAR,0.8,0.7,2025-08-11T21:10:00+09:30,PT5M
13,89,0,0,0,0,957.2,110,3.2,131,CLEAR,0.8,0.7,2025-08-11T21:15:00+09:30,PT5M
12,90,0,0,0,0,957.2,110,3.2,132,CLEAR,0.8,0.7,2025-08-11T21:20:00+09:30,PT5M
12,90,0,0,0,0,957.3,109,3.2,133,CLEAR,0.8,0.7,2025-08-11T21:25:00+09:30,PT5M
12,91,0,0,0,0,957.3,109,3.2,134,CLEAR,0.8,0.7,2025-08-11T21:30:00+09:30,PT5M
12,91,8.2,0,0,0,957.3,108,3.2,135,MOSTLY CLEAR,0.9,0.8,2025-08-11T21:35:00+09:30,PT5M
12,92,8.2,0,0,0,957.3,108,3.2,136,MOSTLY CLEAR,0.9,0.8,2025-08-11T21:40:00+09:30,PT5M
12,93,8.2,0,0,0,957.3,107,3.1,138,MOSTLY CLEAR,0.9,0.8,2025-08-11T21:45:00+09:30,PT5M
12,93,10.1,0,0,0,957.3,107,3.1,139,PARTLY CLOUDY,0.9,0.8,2025-08-11T21:50:00+09:30,PT5M
12,94,8.2,0,0,0,957.3,106,3.1,140,MOSTLY CLEAR,0.9,0.8,2025-08-11T21:55:00+09:30,PT5M
12,94,0,0,0,0,957.3,106,3.1,141,CLEAR,0.9,0.8,2025-08-11T22:00:00+09:30,PT5M
12,95,0,0,0,0,957.3,106,3.1,142,CLEAR,0.9,0.8,2025-08-11T22:05:00+09:30,PT5M
12,96,0,0,0,0,957.3,105,3.1,143,CLEAR,0.9,0.8,2025-08-11T22:10:00+09:30,PT5M
11,96,8.2,0,0,0,957.3,105,3.1,144,MOSTLY CLEAR,0.9,0.8,2025-08-11T22:15:00+09:30,PT5M
11,97,8.2,0,0,0,957.3,104,3.1,146,MOSTLY CLEAR,0.9,0.8,2025-08-11T22:20:00+09:30,PT5M
11,98,8.2,0,0,0,957.3,104,3.1,147,MOSTLY CLEAR,0.9,0.8,2025-08-11T22:25:00+09:30,PT5M
11,98,8.2,0,0,0,957.3,103,3.1,148,MOSTLY CLEAR,0.9,0.8,2025-08-11T22:30:00+09:30,PT5M
11,99,8.2,0,0,0,957.3,103,3.1,149,MOSTLY CLEAR,0.9,0.8,2025-08-11T22:35:00+09:30,PT5M
11,100,0,0,0,0,957.3,102,3.1,150,CLEAR,0.9,0.8,2025-08-11T22:40:00+09:30,PT5M
11,101,0,0,0,0,957.3,102,3.1,151,CLEAR,0.9,0.8,2025-08-11T22:45:00+09:30,PT5M
11,102,0,0,0,0,957.3,101,3.1,152,CLEAR,0.9,0.8,2025-08-11T22:50:00+09:30,PT5M
10,103,0,0,0,0,957.3,100,3,153,CLEAR,0.9,0.8,2025-08-11T22:55:00+09:30,PT5M
10,104,0,0,0,0,957.3,100,3,155,CLEAR,0.9,0.8,2025-08-11T23:00:00+09:30,PT5M
10,105,0,0,0,0,957.3,99,3,156,CLEAR,0.9,0.8,2025-08-11T23:05:00+09:30,PT5M
10,106,0,0,0,0,957.3,99,3,157,CLEAR,0.9,0.8,2025-08-11T23:10:00+09:30,PT5M
10,107,8.2,0,0,0,957.2,98,3,158,MOSTLY CLEAR,0.9,0.8,2025-08-11T23:15:00+09:30,PT5M
9,109,10.1,0,0,0,957.2,97,3,159,PARTLY CLOUDY,0.9,0.8,2025-08-11T23:20:00+09:30,PT5M
9,110,10.1,0,0,0,957.2,97,3,160,PARTLY CLOUDY,0.9,0.8,2025-08-11T23:25:00+09:30,PT5M
9,112,8.2,0,0,0,957.2,96,3,161,MOSTLY CLEAR,0.9,0.8,2025-08-11T23:30:00+09:30,PT5M
9,114,8.2,0,0,0,957.2,95,3,162,MOSTLY CLEAR,1,0.9,2025-08-11T23:35:00+09:30,PT5M
9,116,0,0,0,0,957.2,95,3,163,CLEAR,1,0.9,2025-08-11T23:40:00+09:30,PT5M
9,118,0,0,0,0,957.2,94,3,164,CLEAR,1,0.9,2025-08-11T23:45:00+09:30,PT5M
9,121,0,0,0,0,957.2,94,3,165,CLEAR,1,0.9,2025-08-11T23:50:00+09:30,PT5M
9,124,0,0,0,0,957.2,93,3,166,CLEAR,1,0.9,2025-08-11T23:55:00+09:30,PT5M
9,127,0,0,0,0,957.2,92,3,167,CLEAR,1,0.9,2025-08-12T00:00:00+09:30,PT5M
9,131,0,0,0,0,957.2,92,2.9,168,CLEAR,1,0.9,2025-08-12T00:05:00+09:30,PT5M
9,135,8.2,0,0,0,957.2,91,2.9,169,MOSTLY CLEAR,1,0.9,2025-08-12T00:10:00+09:30,PT5M
9,140,8.2,0,0,0,957.2,90,2.9,170,MOSTLY CLEAR,1,0.9,2025-08-12T00:15:00+09:30,PT5M
9,146,8.2,0,0,0,957.2,90,2.9,170,MOSTLY CLEAR,1,0.9,2025-08-12T00:20:00+09:30,PT5M
9,152,8.2,0,0,0,957.2,89,2.9,171,MOSTLY CLEAR,1,0.9,2025-08-12T00:25:00+09:30,PT5M
8,159,8.2,0,0,0,957.2,88,2.9,171,MOSTLY CLEAR,1,0.9,2025-08-12T00:30:00+09:30,PT5M
8,167,8.2,0,0,0,957.2,88,2.9,172,MOSTLY CLEAR,1.1,1,2025-08-12T00:35:00+09:30,PT5M
8,176,0,0,0,0,957.2,87,2.9,172,CLEAR,1.1,1,2025-08-12T00:40:00+09:30,PT5M
8,-176,0,0,0,0,957.2,86,2.9,172,CLEAR,1.1,1,2025-08-12T00:45:00+09:30,PT5M
8,-167,8.2,0,0,0,957.2,86,2.9,172,MOSTLY CLEAR,1.1,1,2025-08-12T00:50:00+09:30,PT5M
8,-159,8.2,0,0,0,957.2,85,2.9,171,MOSTLY CLEAR,1.1,1,2025-08-12T00:55:00+09:30,PT5M
8,-152,8.2,0,0,0,957.2,84,2.9,171,MOSTLY CLEAR,1.1,1,2025-08-12T01:00:00+09:30,PT5M
8,-146,8.2,0,0,0,957.2,84,2.9,170,MOSTLY CLEAR,1.1,1,2025-08-12T01:05:00+09:30,PT5M
8,-140,8.2,0,0,0,957.2,83,2.9,170,MOSTLY CLEAR,1.1,1,2025-08-12T01:10:00+09:30,PT5M
8,-135,8.2,0,0,0,957.1,82,2.9,169,MOSTLY CLEAR,1.1,1,2025-08-12T01:15:00+09:30,PT5M
8,-131,0,0,0,0,957.1,82,2.9,168,CLEAR,1.2,1,2025-08-12T01:20:00+09:30,PT5M
8,-127,8.2,0,0,0,957.1,81,2.9,167,MOSTLY CLEAR,1.2,1,2025-08-12T01:25:00+09:30,PT5M
7,-124,8.2,0,0,0,957.1,81,2.9,166,MOSTLY CLEAR,1.2,1,2025-08-12T01:30:00+09:30,PT5M
7,-121,8.2,0,0,0,957.1,80,2.9,165,MOSTLY CLEAR,1.2,1,2025-08-12T01:35:00+09:30,PT5M
7,-118,0,0,0,0,957.1,80,2.9,164,CLEAR,1.2,1,2025-08-12T01:40:00+09:30,PT5M
7,-116,8.2,0,0,0,957,80,2.9,163,MOSTLY CLEAR,1.2,1,2025-08-12T01:45:00+09:30,PT5M
7,-114,8.2,0,0,0,957,80,2.9,162,MOSTLY CLEAR,1.3,1,2025-08-12T01:50:00+09:30,PT5M
7,-112,8.2,0,0,0,956.9,79,2.9,161,MOSTLY CLEAR,1.3,1,2025-08-12T01:55:00+09:30,PT5M
7,-110,8.2,0,0,0,956.9,79,2.9,160,MOSTLY CLEAR,1.3,1,2025-08-12T02:00:00+09:30,PT5M
7,-109,8.2,0,0,0,956.8,79,2.9,159,MOSTLY CLEAR,1.3,1,2025-08-12T02:05:00+09:30,PT5M
7,-108,8.2,0,0,0,956.8,79,2.9,158,MOSTLY CLEAR,1.3,1,2025-08-12T02:10:00+09:30,PT5M
7,-106,8.2,0,0,0,956.8,79,2.9,157,MOSTLY CLEAR,1.3,1,2025-08-12T02:15:00+09:30,PT5M
7,-105,0,0,0,0,956.7,78,2.9,156,CLEAR,1.4,1.1,2025-08-12T02:20:00+09:30,PT5M
7,-104,8.2,0,0,0,956.7,78,2.9,155,MOSTLY CLEAR,1.4,1.1,2025-08-12T02:25:00+09:30,PT5M
7,-103,8.2,0,0,0,956.6,78,2.9,153,MOSTLY CLEAR,1.4,1.1,2025-08-12T02:30:00+09:30,PT5M
7,-102,8.2,0,0,0,956.6,78,2.9,152,MOSTLY CLEAR,1.4,1.1,2025-08-12T02:35:00+09:30,PT5M
7,-101,8.2,0,0,0,956.6,77,2.8,151,MOSTLY CLEAR,1.4,1.1,2025-08-12T02:40:00+09:30,PT5M
7,-100,8.2,0,0,0,956.7,77,2.8,150,MOSTLY CLEAR,1.4,1.1,2025-08-12T02:45:00+09:30,PT5M
7,-99,8.2,0,0,0,956.7,76,2.8,149,MOSTLY CLEAR,1.5,1.2,2025-08-12T02:50:00+09:30,PT5M
7,-98,8.2,0,0,0,956.7,76,2.8,148,MOSTLY CLEAR,1.5,1.2,2025-08-12T02:55:00+09:30,PT5M
7,-98,8.2,0,0,0,956.7,75,2.8,147,MOSTLY CLEAR,1.5,1.2,2025-08-12T03:00:00+09:30,PT5M
7,-97,8.2,0,0,0,956.7,75,2.7,146,MOSTLY CLEAR,1.5,1.2,2025-08-12T03:05:00+09:30,PT5M
7,-96,0,0,0,0,956.7,74,2.7,144,CLEAR,1.5,1.2,2025-08-12T03:10:00+09:30,PT5M
7,-96,8.2,0,0,0,956.8,74,2.7,143,MOSTLY CLEAR,1.6,1.2,2025-08-12T03:15:00+09:30,PT5M
7,-95,8.2,0,0,0,956.8,74,2.7,142,MOSTLY CLEAR,1.6,1.2,2025-08-12T03:20:00+09:30,PT5M
7,-94,8.2,0,0,0,956.8,73,2.7,141,MOSTLY CLEAR,1.6,1.2,2025-08-12T03:25:00+09:30,PT5M
7,-94,0,0,0,0,956.8,73,2.6,140,CLEAR,1.6,1.2,2025-08-12T03:30:00+09:30,PT5M
7,-93,0,0,0,0,956.8,72,2.6,139,CLEAR,1.7,1.2,2025-08-12T03:35:00+09:30,PT5M
7,-93,0,0,0,0,956.8,72,2.6,138,CLEAR,1.7,1.2,2025-08-12T03:40:00+09:30,PT5M
7,-92,0,0,0,0,956.9,71,2.6,136,CLEAR,1.7,1.2,2025-08-12T03:45:00+09:30,PT5M
7,-92,0,0,0,0,956.9,71,2.6,135,CLEAR,1.7,1.2,2025-08-12T03:50:00+09:30,PT5M
7,-91,8.2,0,0,0,956.9,71,2.5,134,MOSTLY CLEAR,1.8,1.2,2025-08-12T03:55:00+09:30,PT5M
7,-91,10.1,0,0,0,956.9,70,2.5,133,PARTLY CLOUDY,1.8,1.2,2025-08-12T04:00:00+09:30,PT5M
7,-90,10.1,0,0,0,956.9,70,2.5,132,PARTLY CLOUDY,1.8,1.2,2025-08-12T04:05:00+09:30,PT5M
7,-90,10.1,0,0,0,956.9,70,2.5,131,PARTLY CLOUDY,1.8,1.2,2025-08-12T04:10:00+09:30,PT5M
7,-89,10.1,0,0,0,957,69,2.4,130,PARTLY CLOUDY,1.9,1.2,2025-08-12T04:15:00+09:30,PT5M
7,-89,10.1,0,0,0,957,69,2.4,128,PARTLY CLOUDY,1.9,1.3,2025-08-12T04:20:00+09:30,PT5M
7,-88,10.1,0,0,0,957,68,2.4,127,PARTLY CLOUDY,2,1.3,2025-08-12T04:25:00+09:30,PT5M
7,-88,8.2,0,0,0,957,68,2.4,126,MOSTLY CLEAR,2,1.3,2025-08-12T04:30:00+09:30,PT5M
7,-87,10.1,0,0,0,957,68,2.4,125,PARTLY CLOUDY,2,1.3,2025-08-12T04:35:00+09:30,PT5M
7,-87,8.2,0,0,0,957.1,68,2.4,124,MOSTLY CLEAR,2,1.3,2025-08-12T04:40:00+09:30,PT5M
7,-86,8.2,0,0,0,957.1,68,2.3,123,MOSTLY CLEAR,2.1,1.3,2025-08-12T04:45:00+09:30,PT5M
6,-86,8.2,0,0,0,957.1,68,2.3,122,MOSTLY CLEAR,2.1,1.4,2025-08-12T04:50:00+09:30,PT5M
6,-85,8.2,0,0,0,957.1,68,2.3,120,MOSTLY CLEAR,2.2,1.4,2025-08-12T04:55:00+09:30,PT5M
6,-85,8.2,0,0,0,957.2,68,2.3,119,MOSTLY CLEAR,2.2,1.4,2025-08-12T05:00:00+09:30,PT5M
6,-84,8.2,0,0,0,957.2,68,2.3,118,MOSTLY CLEAR,2.2,1.4,2025-08-12T05:05:00+09:30,PT5M
6,-84,8.2,0,0,0,957.2,69,2.3,117,MOSTLY CLEAR,2.3,1.4,2025-08-12T05:10:00+09:30,PT5M
6,-84,8.2,0,0,0,957.2,69,2.3,116,MOSTLY CLEAR,2.3,1.4,2025-08-12T05:15:00+09:30,PT5M
6,-83,8.2,0,0,0,957.3,69,2.3,115,MOSTLY CLEAR,2.3,1.5,2025-08-12T05:20:00+09:30,PT5M
6,-83,10.1,0,0,0,957.3,69,2.3,114,PARTLY CLOUDY,2.4,1.5,2025-08-12T05:25:00+09:30,PT5M
6,-82,10.1,0,0,0,957.3,69,2.3,112,PARTLY CLOUDY,2.4,1.5,2025-08-12T05:30:00+09:30,PT5M
6,-82,10.1,0,0,0,957.3,69,2.2,111,PARTLY CLOUDY,2.5,1.5,2025-08-12T05:35:00+09:30,PT5M
6,-81,10.1,0,0,0,957.4,69,2.2,110,PARTLY CLOUDY,2.5,1.5,2025-08-12T05:40:00+09:30,PT5M
6,-81,10.1,0,0,0,957.5,69,2.2,109,PARTLY CLOUDY,2.6,1.5,2025-08-12T05:45:00+09:30,PT5M
6,-80,10.1,0,0,0,957.5,69,2.2,108,PARTLY CLOUDY,2.6,1.6,2025-08-12T05:50:00+09:30,PT5M
6,-80,12.1,0,0,0,957.6,69,2.2,107,PARTLY CLOUDY,2.6,1.6,2025-08-12T05:55:00+09:30,PT5M
6,-80,15.9,0,0,0,957.6,69,2.2,106,PARTLY CLOUDY,2.7,1.6,2025-08-12T06:00:00+09:30,PT5M
6,-79,12.1,0,0,0,957.7,69,2.2,105,PARTLY CLOUDY,2.7,1.6,2025-08-12T06:05:00+09:30,PT5M
6,-79,10.1,0,0,0,957.8,69,2.2,103,PARTLY CLOUDY,2.7,1.6,2025-08-12T06:10:00+09:30,PT5M
6,-78,10.1,0,0,0,957.8,69,2.2,102,PARTLY CLOUDY,2.7,1.7,2025-08-12T06:15:00+09:30,PT5M
6,-78,8.2,0,0,0,957.9,69,2.2,101,MOSTLY CLEAR,2.7,1.7,2025-08-12T06:20:00+09:30,PT5M
6,-77,8.2,0,0,0,957.9,69,2.2,100,MOSTLY CLEAR,2.7,1.7,2025-08-12T06:25:00+09:30,PT5M
6,-77,8.2,0,0,0,958,69,2.2,99,MOSTLY CLEAR,2.7,1.7,2025-08-12T06:30:00+09:30,PT5M
6,-76,10.1,0,0,0,958,69,2.2,98,PARTLY CLOUDY,2.6,1.8,2025-08-12T06:35:00+09:30,PT5M
6,-76,12.1,0,0,0,958.1,69,2.2,97,PARTLY CLOUDY,2.6,1.8,2025-08-12T06:40:00+09:30,PT5M
6,-75,8.2,0,0,0,958.1,69,2.2,96,MOSTLY CLEAR,2.6,1.8,2025-08-12T06:45:00+09:30,PT5M
7,-75,8.2,0,0,0,958.2,68,2.2,95,MOSTLY CLEAR,2.6,1.8,2025-08-12T06:50:00+09:30,PT5M
7,-75,0,0,0,0,958.2,68,2.1,93,CLEAR,2.6,1.9,2025-08-12T06:55:00+09:30,PT5M
7,-74,0,0,0,0,958.3,68,2.1,92,CLEAR,2.6,1.9,2025-08-12T07:00:00+09:30,PT5M
7,-74,0,0,0,0,958.3,68,2.1,91,CLEAR,2.6,1.9,2025-08-12T07:05:00+09:30,PT5M
7,-73,0,0,0,0,958.3,67,2.1,90,CLEAR,2.5,1.9,2025-08-12T07:10:00+09:30,PT5M
7,-73,0,9,12,0,958.4,67,2.1,89,SUNNY,2.5,2,2025-08-12T07:15:00+09:30,PT5M
8,-72,0,20,32,0,958.4,67,2,88,SUNNY,2.5,2,2025-08-12T07:20:00+09:30,PT5M
8,-72,0,34,60,0,958.5,66,2,87,SUNNY,2.4,2,2025-08-12T07:25:00+09:30,PT5M
8,-71,0,48,92,0,958.5,66,2,86,SUNNY,2.4,2,2025-08-12T07:30:00+09:30,PT5M
8,-70,0,63,127,0,958.6,67,2,85,SUNNY,2.3,2.1,2025-08-12T07:35:00+09:30,PT5M
9,-70,0,80,149,0,958.6,68,1.9,84,SUNNY,2.3,2.1,2025-08-12T07:40:00+09:30,PT5M
9,-69,0,97,172,0,958.7,70,1.9,83,SUNNY,2.2,2.1,2025-08-12T07:45:00+09:30,PT5M
9,-69,0,114,195,0,958.7,71,1.9,81,SUNNY,2.2,2.1,2025-08-12T07:50:00+09:30,PT5M
10,-68,0,131,217,0,958.8,73,1.8,80,SUNNY,2.2,2.2,2025-08-12T07:55:00+09:30,PT5M
10,-68,0,149,240,0,958.9,75,1.8,79,SUNNY,2.2,2.2,2025-08-12T08:00:00+09:30,PT5M
11,-67,0,167,262,0,958.9,76,1.8,78,SUNNY,2.2,2.2,2025-08-12T08:05:00+09:30,PT5M
11,-66,0,186,285,0,959,78,1.8,77,SUNNY,2.2,2.2,2025-08-12T08:10:00+09:30,PT5M
11,-66,0,204,307,0,959,80,1.8,76,SUNNY,2.2,2.2,2025-08-12T08:15:00+09:30,PT5M
12,-65,0,222,329,0,959.1,82,1.7,75,SUNNY,2.2,2.2,2025-08-12T08:20:00+09:30,PT5M
12,-65,0,241,351,0,959.2,84,1.7,74,SUNNY,2.2,2.2,2025-08-12T08:25:00+09:30,PT5M
12,-64,0,259,373,0,959.2,86,1.7,73,SUNNY,2.2,2.2,2025-08-12T08:30:00+09:30,PT5M
13,-63,0,277,394,0,959.2,88,1.7,72,SUNNY,2.2,2.2,2025-08-12T08:35:00+09:30,PT5M
13,-63,0,296,415,0,959.3,92,1.8,71,SUNNY,2.2,2.2,2025-08-12T08:40:00+09:30,PT5M
13,-62,0,314,437,0,959.3,95,1.9,70,SUNNY,2.2,2.2,2025-08-12T08:45:00+09:30,PT5M
14,-61,0,332,458,0,959.3,98,1.9,69,SUNNY,2.2,2.2,2025-08-12T08:50:00+09:30,PT5M
14,-60,0,350,478,0,959.3,101,2,68,SUNNY,2.2,2.2,2025-08-12T08:55:00+09:30,PT5M
14,-60,0,367,499,0,959.3,104,2.1,67,SUNNY,2.2,2.2,2025-08-12T09:00:00+09:30,PT5M
14,-59,0,385,519,0,959.3,106,2.2,66,SUNNY,2.2,2.2,2025-08-12T09:05:00+09:30,PT5M
15,-58,0,402,539,0,959.4,108,2.3,65,SUNNY,2.1,2.1,2025-08-12T09:10:00+09:30,PT5M
15,-57,0,419,558,0,959.4,110,2.3,64,SUNNY,2,2,2025-08-12T09:15:00+09:30,PT5M
15,-57,0,436,577,0,959.4,112,2.4,63,SUNNY,1.9,1.9,2025-08-12T09:20:00+09:30,PT5M
16,-56,0,453,596,0,959.4,114,2.5,62,SUNNY,1.8,1.8,2025-08-12T09:25:00+09:30,PT5M
16,-55,0,469,615,0,959.4,116,2.6,61,SUNNY,1.7,1.7,2025-08-12T09:30:00+09:30,PT5M
16,-54,0,486,634,0,959.5,117,2.8,60,SUNNY,1.8,1.7,2025-08-12T09:35:00+09:30,PT5M
16,-53,0,502,652,0,959.5,117,2.9,59,SUNNY,1.8,1.6,2025-08-12T09:40:00+09:30,PT5M
17,-52,0,517,670,0,959.5,117,3.1,58,SUNNY,1.8,1.5,2025-08-12T09:45:00+09:30,PT5M
17,-51,0,532,687,0,959.5,117,3.3,58,SUNNY,1.8,1.4,2025-08-12T09:50:00+09:30,PT5M
17,-50,0,547,703,0,959.6,117,3.5,57,SUNNY,1.8,1.3,2025-08-12T09:55:00+09:30,PT5M
17,-49,0,562,720,0,959.6,117,3.6,56,SUNNY,1.8,1.2,2025-08-12T10:00:00+09:30,PT5M
17,-48,0,576,736,0,959.6,117,3.8,55,SUNNY,1.8,1.2,2025-08-12T10:05:00+09:30,PT5M
17,-47,0,590,751,0,959.6,117,4,54,SUNNY,1.9,1.2,2025-08-12T10:10:00+09:30,PT5M
18,-46,0,603,767,0,959.7,117,4.1,53,SUNNY,1.9,1.2,2025-08-12T10:15:00+09:30,PT5M
18,-45,0,616,781,0,959.7,118,4.3,52,SUNNY,2,1.2,2025-08-12T10:20:00+09:30,PT5M
18,-44,0,629,796,0,959.7,118,4.5,52,SUNNY,2.1,1.2,2025-08-12T10:25:00+09:30,PT5M
18,-43,0,641,809,0,959.7,118,4.7,51,SUNNY,2.1,1.2,2025-08-12T10:30:00+09:30,PT5M
18,-42,0,653,823,0,959.7,118,4.8,50,SUNNY,2.2,1.3,2025-08-12T10:35:00+09:30,PT5M
18,-40,0,665,836,0,959.7,118,4.8,49,SUNNY,2.2,1.3,2025-08-12T10:40:00+09:30,PT5M
18,-39,0,676,848,0,959.7,118,4.9,49,SUNNY,2.3,1.3,2025-08-12T10:45:00+09:30,PT5M
19,-38,0,687,860,0,959.7,118,5,48,SUNNY,2.4,1.3,2025-08-12T10:50:00+09:30,PT5M
19,-36,0,697,872,0,959.6,119,5,47,SUNNY,2.4,1.3,2025-08-12T10:55:00+09:30,PT5M
19,-35,0,707,883,0,959.6,119,5.1,46,SUNNY,2.5,1.3,2025-08-12T11:00:00+09:30,PT5M
19,-34,0,716,893,0,959.6,119,5.2,46,SUNNY,2.5,1.3,2025-08-12T11:05:00+09:30,PT5M
19,-32,0,725,904,0,959.6,119,5.2,45,SUNNY,2.6,1.3,2025-08-12T11:10:00+09:30,PT5M
19,-31,0,734,913,0,959.5,120,5.3,45,SUNNY,2.6,1.3,2025-08-12T11:15:00+09:30,PT5M
19,-29,0,742,922,0,959.5,120,5.4,44,SUNNY,2.7,1.4,2025-08-12T11:20:00+09:30,PT5M
19,-28,0,750,931,0,959.5,120,5.5,44,SUNNY,2.8,1.4,2025-08-12T11:25:00+09:30,PT5M
20,-26,0,757,939,0,959.5,120,5.5,43,SUNNY,2.8,1.4,2025-08-12T11:30:00+09:30,PT5M
20,-24,0,764,946,0,959.4,120,5.6,43,SUNNY,2.9,1.4,2025-08-12T11:35:00+09:30,PT5M
20,-23,0,770,953,0,959.3,121,5.6,42,SUNNY,2.9,1.4,2025-08-12T11:40:00+09:30,PT5M
20,-21,0,776,960,0,959.3,121,5.6,42,SUNNY,3,1.4,2025-08-12T11:45:00+09:30,PT5M
20,-19,0,781,966,0,959.2,122,5.6,41,SUNNY,3.1,1.5,2025-08-12T11:50:00+09:30,PT5M
20,-18,0,786,971,0,959.1,122,5.6,41,SUNNY,3.1,1.5,2025-08-12T11:55:00+09:30,PT5M
20,-16,0,791,976,0,959.1,123,5.6,41,SUNNY,3.2,1.5,2025-08-12T12:00:00+09:30,PT5M
20,-14,0,794,981,0,959,123,5.6,40,SUNNY,3.3,1.5,2025-08-12T12:05:00+09:30,PT5M
20,-12,0,798,985,0,958.9,124,5.6,40,SUNNY,3.4,1.5,2025-08-12T12:10:00+09:30,PT5M
20,-10,0,801,988,0,958.9,124,5.6,40,SUNNY,3.5,1.5,2025-08-12T12:15:00+09:30,PT5M
21,-8,0,803,991,0,958.8,125,5.6,40,SUNNY,3.6,1.5,2025-08-12T12:20:00+09:30,PT5M
21,-7,0,805,993,0,958.7,125,5.6,39,SUNNY,3.7,1.5,2025-08-12T12:25:00+09:30,PT5M
21,-5,0,807,995,0,958.7,125,5.7,39,SUNNY,3.8,1.5,2025-08-12T12:30:00+09:30,PT5M
21,-3,0,808,996,0,958.6,126,5.7,39,SUNNY,3.9,1.6,2025-08-12T12:35:00+09:30,PT5M
21,-1,0,808,996,0,958.6,126,5.7,39,SUNNY,4,1.6,2025-08-12T12:40:00+09:30,PT5M
21,1,0,808,996,0,958.5,126,5.7,39,SUNNY,4.1,1.6,2025-08-12T12:45:00+09:30,PT5M
21,3,0,808,996,0,958.5,127,5.7,39,SUNNY,4.2,1.6,2025-08-12T12:50:00+09:30,PT5M
21,5,0,807,995,0,958.4,127,5.8,39,SUNNY,4.3,1.6,2025-08-12T12:55:00+09:30,PT5M
21,7,0,805,993,0,958.4,127,5.8,39,SUNNY,4.4,1.6,2025-08-12T13:00:00+09:30,PT5M
21,9,0,803,991,0,958.4,127,5.8,40,SUNNY,4.6,1.6,2025-08-12T13:05:00+09:30,PT5M
22,10,0,801,988,0,958.3,128,5.8,40,SUNNY,4.7,1.6,2025-08-12T13:10:00+09:30,PT5M
22,12,0,798,985,0,958.3,128,5.8,40,SUNNY,4.9,1.6,2025-08-12T13:15:00+09:30,PT5M
22,14,0,794,981,0,958.2,128,5.9,40,SUNNY,5.1,1.6,2025-08-12T13:20:00+09:30,PT5M
22,16,0,791,976,0,958.2,128,5.9,41,SUNNY,5.2,1.6,2025-08-12T13:25:00+09:30,PT5M
22,18,0,786,971,0,958.1,129,5.9,41,SUNNY,5.4,1.6,2025-08-12T13:30:00+09:30,PT5M
22,19,0,781,966,0,958.1,129,5.9,41,SUNNY,5.5,1.7,2025-08-12T13:35:00+09:30,PT5M
22,21,0,776,960,0,958,129,5.9,42,SUNNY,5.7,1.7,2025-08-12T13:40:00+09:30,PT5M
22,23,0,770,953,0,957.9,129,5.9,42,SUNNY,5.8,1.7,2025-08-12T13:45:00+09:30,PT5M
22,25,0,764,946,0,957.9,130,5.9,43,SUNNY,6,1.7,2025-08-12T13:50:00+09:30,PT5M
22,26,0,757,939,0,957.8,130,5.9,43,SUNNY,6.2,1.7,2025-08-12T13:55:00+09:30,PT5M
22,28,0,750,930,0,957.7,130,6,44,SUNNY,6.3,1.7,2025-08-12T14:00:00+09:30,PT5M
22,29,0,742,922,0,957.6,130,6,44,SUNNY,6.5,1.7,2025-08-12T14:05:00+09:30,PT5M
22,31,0,734,913,0,957.6,131,6,45,SUNNY,6.6,1.7,2025-08-12T14:10:00+09:30,PT5M
22,32,0,725,903,0,957.5,131,6,45,SUNNY,6.8,1.7,2025-08-12T14:15:00+09:30,PT5M
22,34,0,716,893,0,957.4,131,6,46,SUNNY,6.9,1.7,2025-08-12T14:20:00+09:30,PT5M
22,35,0,706,882,0,957.3,131,6,47,SUNNY,7.1,1.7,2025-08-12T14:25:00+09:30,PT5M
23,37,0,697,871,0,957.3,132,6,47,SUNNY,7.2,1.7,2025-08-12T14:30:00+09:30,PT5M
23,38,0,686,859,0,957.2,132,6,48,SUNNY,7.4,1.8,2025-08-12T14:35:00+09:30,PT5M
23,39,0,675,847,0,957.2,132,6,49,SUNNY,7.5,1.8,2025-08-12T14:40:00+09:30,PT5M
23,40,0,664,835,0,957.2,132,6,49,SUNNY,7.7,1.8,2025-08-12T14:45:00+09:30,PT5M
23,42,0,652,821,0,957.2,132,6.1,50,SUNNY,7.8,1.8,2025-08-12T14:50:00+09:30,PT5M
23,43,0,640,808,0,957.1,132,6.1,51,SUNNY,8,1.8,2025-08-12T14:55:00+09:30,PT5M
23,44,0,628,794,0,957.1,132,6.1,52,SUNNY,8.1,1.8,2025-08-12T15:00:00+09:30,PT5M
23,45,0,615,779,0,957.1,132,6.1,52,SUNNY,8.2,1.8,2025-08-12T15:05:00+09:30,PT5M
23,46,0,602,764,0,957.1,133,6.1,53,SUNNY,8.3,1.9,2025-08-12T15:10:00+09:30,PT5M
23,47,0,588,749,0,957.1,133,6.1,54,SUNNY,8.4,2,2025-08-12T15:15:00+09:30,PT5M
23,48,0,574,733,0,957.1,133,6.1,55,SUNNY,8.5,2.1,2025-08-12T15:20:00+09:30,PT5M
23,49,0,560,717,0,957,133,6.1,56,SUNNY,8.6,2.2,2025-08-12T15:25:00+09:30,PT5M
23,50,0,545,700,0,957,133,6.1,57,SUNNY,8.7,2.3,2025-08-12T15:30:00+09:30,PT5M
23,51,0,530,683,0,957,133,6.2,58,SUNNY,8.8,2.3,2025-08-12T15:35:00+09:30,PT5M
23,52,0,515,666,0,957,133,6.2,58,SUNNY,8.9,2.4,2025-08-12T15:40:00+09:30,PT5M
22,53,0,499,648,0,957,133,6.2,59,SUNNY,9,2.5,2025-08-12T15:45:00+09:30,PT5M
22,54,0,483,630,0,957,133,6.2,60,SUNNY,9.1,2.6,2025-08-12T15:50:00+09:30,PT5M
22,55,0,467,611,0,957.1,133,6.2,61,SUNNY,9.2,2.7,2025-08-12T15:55:00+09:30,PT5M
22,56,0,451,592,0,957.1,133,6.2,62,SUNNY,9.3,2.8,2025-08-12T16:00:00+09:30,PT5M
22,57,0,434,573,0,957.1,133,6.2,63,SUNNY,9.3,2.8,2025-08-12T16:05:00+09:30,PT5M
22,58,0,417,554,0,957.1,133,6.2,64,SUNNY,9.3,2.8,2025-08-12T16:10:00+09:30,PT5M
22,58,0,400,534,0,957.1,133,6.3,65,SUNNY,9.3,2.8,2025-08-12T16:15:00+09:30,PT5M
22,59,0,382,514,0,957.1,133,6.3,66,SUNNY,9.3,2.8,2025-08-12T16:20:00+09:30,PT5M
22,60,0,365,494,0,957.1,133,6.3,67,SUNNY,9.3,2.8,2025-08-12T16:25:00+09:30,PT5M
22,61,0,347,473,0,957.1,133,6.3,68,SUNNY,9.3,2.8,2025-08-12T16:30:00+09:30,PT5M
22,61,0,329,453,0,957.2,133,6.3,69,SUNNY,9.4,2.9,2025-08-12T16:35:00+09:30,PT5M
22,62,0,311,432,0,957.2,133,6.3,70,SUNNY,9.4,2.9,2025-08-12T16:40:00+09:30,PT5M
22,63,0,293,410,0,957.3,133,6.3,71,SUNNY,9.4,2.9,2025-08-12T16:45:00+09:30,PT5M
22,63,0,275,389,0,957.4,133,6.2,72,SUNNY,9.4,2.9,2025-08-12T16:50:00+09:30,PT5M
22,64,0,257,367,0,957.5,133,6.2,73,SUNNY,9.4,2.9,2025-08-12T16:55:00+09:30,PT5M
22,65,0,238,346,0,957.5,133,6.2,74,SUNNY,9.4,2.9,2025-08-12T17:00:00+09:30,PT5M
21,65,0,220,324,0,957.6,133,6.2,75,SUNNY,9.4,2.9,2025-08-12T17:05:00+09:30,PT5M
21,66,0,202,301,0,957.7,133,6.2,76,SUNNY,9.4,2.9,2025-08-12T17:10:00+09:30,PT5M
21,67,0,184,279,0,957.8,133,6.1,77,SUNNY,9.4,2.9,2025-08-12T17:15:00+09:30,PT5M
21,67,0,165,257,0,957.8,134,6.1,78,SUNNY,9.4,2.9,2025-08-12T17:20:00+09:30,PT5M
21,68,0,147,234,0,957.9,134,6.1,79,SUNNY,9.4,2.9,2025-08-12T17:25:00+09:30,PT5M
21,68,0,130,212,0,958,134,6.1,80,SUNNY,9.4,2.9,2025-08-12T17:30:00+09:30,PT5M
21,69,0,112,189,0,958,134,6,81,SUNNY,9.4,3,2025-08-12T17:35:00+09:30,PT5M
20,69,0,95,166,0,958.1,134,5.9,83,SUNNY,9.4,3,2025-08-12T17:40:00+09:30,PT5M
20,70,0,78,143,0,958.1,134,5.8,84,SUNNY,9.4,3,2025-08-12T17:45:00+09:30,PT5M
20,71,0,62,121,0,958.2,134,5.7,85,SUNNY,9.4,3,2025-08-12T17:50:00+09:30,PT5M
20,71,0,47,88,0,958.2,134,5.6,86,SUNNY,9.4,3,2025-08-12T17:55:00+09:30,PT5M
20,72,8.2,30,46,0,958.3,134,5.4,87,MOSTLY SUNNY,9.4,3,2025-08-12T18:00:00+09:30,PT5M
20,72,0,20,30,0,958.3,133,5.3,88,SUNNY,9.4,3,2025-08-12T18:05:00+09:30,PT5M
20,73,0,8,11,0,958.3,133,5.2,89,SUNNY,9.5,3,2025-08-12T18:10:00+09:30,PT5M
20,73,0,0,0,0,958.4,133,5.1,90,CLEAR,9.5,3,2025-08-12T18:15:00+09:30,PT5M
19,74,0,0,0,0,958.4,133,5,91,CLEAR,9.5,3.1,2025-08-12T18:20:00+09:30,PT5M
19,74,0,0,0,0,958.5,133,4.8,92,CLEAR,9.6,3.1,2025-08-12T18:25:00+09:30,PT5M
19,75,0,0,0,0,958.5,133,4.7,93,CLEAR,9.6,3.1,2025-08-12T18:30:00+09:30,PT5M
19,75,0,0,0,0,958.6,133,4.7,95,CLEAR,9.7,3.1,2025-08-12T18:35:00+09:30,PT5M
19,76,0,0,0,0,958.7,133,4.6,96,CLEAR,9.7,3.1,2025-08-12T18:40:00+09:30,PT5M
19,76,0,0,0,0,958.8,133,4.6,97,CLEAR,9.8,3.1,2025-08-12T18:45:00+09:30,PT5M
18,77,0,0,0,0,958.9,133,4.6,98,CLEAR,9.8,3.2,2025-08-12T18:50:00+09:30,PT5M
18,77,0,0,0,0,959.1,133,4.5,99,CLEAR,9.8,3.2,2025-08-12T18:55:00+09:30,PT5M
18,77,0,0,0,0,959.2,133,4.5,100,CLEAR,9.9,3.2,2025-08-12T19:00:00+09:30,PT5M
18,78,0,0,0,0,959.3,133,4.5,101,CLEAR,9.9,3.2,2025-08-12T19:05:00+09:30,PT5M
18,78,0,0,0,0,959.4,133,4.4,102,CLEAR,10,3.2,2025-08-12T19:10:00+09:30,PT5M
17,79,0,0,0,0,959.5,133,4.4,103,CLEAR,10.1,3.2,2025-08-12T19:15:00+09:30,PT5M
17,79,0,0,0,0,959.7,132,4.4,105,CLEAR,10.2,3.3,2025-08-12T19:20:00+09:30,PT5M
17,80,0,0,0,0,959.8,132,4.4,106,CLEAR,10.3,3.3,2025-08-12T19:25:00+09:30,PT5M
17,80,0,0,0,0,959.9,132,4.3,107,CLEAR,10.4,3.3,2025-08-12T19:30:00+09:30,PT5M
17,81,0,0,0,0,960,132,4.3,108,CLEAR,10.4,3.3,2025-08-12T19:35:00+09:30,PT5M
17,81,0,0,0,0,960,132,4.3,109,CLEAR,10.5,3.3,2025-08-12T19:40:00+09:30,PT5M
16,82,0,0,0,0,960,132,4.3,110,CLEAR,10.6,3.3,2025-08-12T19:45:00+09:30,PT5M
16,82,0,0,0,0,960.1,132,4.2,111,CLEAR,10.7,3.4,2025-08-12T19:50:00+09:30,PT5M
16,82,0,0,0,0,960.1,131,4.2,112,CLEAR,10.8,3.4,2025-08-12T19:55:00+09:30,PT5M
16,83,8.2,0,0,0,960.1,131,4.2,114,MOSTLY CLEAR,10.9,3.4,2025-08-12T20:00:00+09:30,PT5M
16,83,0,0,0,0,960.2,131,4.2,115,CLEAR,10.9,3.4,2025-08-12T20:05:00+09:30,PT5M
16,84,0,0,0,0,960.2,131,4.1,116,CLEAR,11,3.4,2025-08-12T20:10:00+09:30,PT5M
16,84,0,0,0,0,960.2,131,4.1,117,CLEAR,11.1,3.4,2025-08-12T20:15:00+09:30,PT5M
15,85,0,0,0,0,960.3,130,4.1,118,CLEAR,11.2,3.5,2025-08-12T20:20:00+09:30,PT5M
15,85,0,0,0,0,960.3,130,4.1,119,CLEAR,11.2,3.5,2025-08-12T20:25:00+09:30,PT5M
15,86,0,0,0,0,960.3,130,4.1,120,CLEAR,11.3,3.5,2025-08-12T20:30:00+09:30,PT5M
15,86,0,0,0,0,960.4,130,4,122,CLEAR,11.4,3.5,2025-08-12T20:35:00+09:30,PT5M
15,86,0,0,0,0,960.4,130,4,123,CLEAR,11.5,3.5,2025-08-12T20:40:00+09:30,PT5M
15,87,8.2,0,0,0,960.4,130,4,124,MOSTLY CLEAR,11.5,3.5,2025-08-12T20:45:00+09:30,PT5M
15,87,8.2,0,0,0,960.5,130,4,125,MOSTLY CLEAR,11.6,3.6,2025-08-12T20:50:00+09:30,PT5M
15,88,8.2,0,0,0,960.5,130,4,126,MOSTLY CLEAR,11.7,3.6,2025-08-12T20:55:00+09:30,PT5M
15,88,8.2,0,0,0,960.5,129,4,127,MOSTLY CLEAR,11.8,3.6,2025-08-12T21:00:00+09:30,PT5M
15,89,0,0,0,0,960.6,129,3.9,128,CLEAR,11.8,3.6,2025-08-12T21:05:00+09:30,PT5M
15,89,0,0,0,0,960.6,129,3.9,130,CLEAR,12,3.6,2025-08-12T21:10:00+09:30,PT5M
15,90,0,0,0,0,960.6,129,3.9,131,CLEAR,12,3.7,2025-08-12T21:15:00+09:30,PT5M
15,90,10.1,0,0,0,960.7,129,3.9,132,PARTLY CLOUDY,12.2,3.7,2025-08-12T21:20:00+09:30,PT5M
15,91,10.1,0,0,0,960.7,129,3.9,133,PARTLY CLOUDY,12.2,3.8,2025-08-12T21:25:00+09:30,PT5M
14,91,10.1,0,0,0,960.7,129,3.9,134,PARTLY CLOUDY,12.4,3.8,2025-08-12T21:30:00+09:30,PT5M
14,92,10.1,0,0,0,960.8,129,3.8,135,PARTLY CLOUDY,12.4,3.8,2025-08-12T21:35:00+09:30,PT5M
14,92,10.1,0,0,0,960.8,129,3.8,136,PARTLY CLOUDY,12.6,3.8,2025-08-12T21:40:00+09:30,PT5M
14,93,10.1,0,0,0,960.9,129,3.8,138,PARTLY CLOUDY,12.7,3.9,2025-08-12T21:45:00+09:30,PT5M
14,94,10.1,0,0,0,960.9,129,3.8,139,PARTLY CLOUDY,12.8,3.9,2025-08-12T21:50:00+09:30,PT5M
14,94,10.1,0,0,0,961,129,3.8,140,PARTLY CLOUDY,12.8,4,2025-08-12T21:55:00+09:30,PT5M
14,95,10.1,0,0,0,961,130,3.8,141,PARTLY CLOUDY,13,4,2025-08-12T22:00:00+09:30,PT5M
14,95,10.1,0,0,0,961.1,130,3.8,142,PARTLY CLOUDY,13.1,4,2025-08-12T22:05:00+09:30,PT5M
14,96,10.1,0,0,0,961.1,130,3.7,143,PARTLY CLOUDY,13.2,4,2025-08-12T22:10:00+09:30,PT5M
14,97,10.1,0,0,0,961.2,130,3.7,144,PARTLY CLOUDY,13.3,4,2025-08-12T22:15:00+09:30,PT5M
14,97,8.2,0,0,0,961.2,130,3.7,146,MOSTLY CLEAR,13.4,4.1,2025-08-12T22:20:00+09:30,PT5M
14,98,10.1,0,0,0,961.3,130,3.7,147,PARTLY CLOUDY,13.5,4.1,2025-08-12T22:25:00+09:30,PT5M
14,99,10.1,0,0,0,961.3,131,3.7,148,PARTLY CLOUDY,13.6,4.1,2025-08-12T22:30:00+09:30,PT5M
13,100,10.1,0,0,0,961.4,131,3.7,149,PARTLY CLOUDY,13.7,4.1,2025-08-12T22:35:00+09:30,PT5M
13,101,10.1,0,0,0,961.4,131,3.7,150,PARTLY CLOUDY,13.8,4.1,2025-08-12T22:40:00+09:30,PT5M
13,101,8.2,0,0,0,961.4,131,3.7,151,MOSTLY CLEAR,13.9,4.1,2025-08-12T22:45:00+09:30,PT5M
13,102,0,0,0,0,961.4,131,3.7,152,CLEAR,14,4.2,2025-08-12T22:50:00+09:30,PT5M
13,103,0,0,0,0,961.4,131,3.7,153,CLEAR,14.1,4.2,2025-08-12T22:55:00+09:30,PT5M
13,104,8.2,0,0,0,961.4,131,3.7,155,MOSTLY CLEAR,14.2,4.2,2025-08-12T23:00:00+09:30,PT5M
13,106,8.2,0,0,0,961.4,131,3.7,156,MOSTLY CLEAR,14.4,4.2,2025-08-12T23:05:00+09:30,PT5M
13,107,8.2,0,0,0,961.4,131,3.7,157,MOSTLY CLEAR,14.5,4.2,2025-08-12T23:10:00+09:30,PT5M
13,108,10.1,0,0,0,961.4,131,3.7,158,PARTLY CLOUDY,14.6,4.3,2025-08-12T23:15:00+09:30,PT5M
13,110,10.1,0,0,0,961.4,131,3.7,159,PARTLY CLOUDY,14.7,4.3,2025-08-12T23:20:00+09:30,PT5M
12,111,10.1,0,0,0,961.4,131,3.7,160,PARTLY CLOUDY,14.8,4.3,2025-08-12T23:25:00+09:30,PT5M
12,113,8.2,0,0,0,961.4,131,3.7,161,MOSTLY CLEAR,14.9,4.3,2025-08-12T23:30:00+09:30,PT5M
12,115,8.2,0,0,0,961.4,131,3.7,162,MOSTLY CLEAR,15.1,4.4,2025-08-12T23:35:00+09:30,PT5M
12,117,8.2,0,0,0,961.4,131,3.7,163,MOSTLY CLEAR,15.2,4.4,2025-08-12T23:40:00+09:30,PT5M
12,119,8.2,0,0,0,961.4,131,3.7,164,MOSTLY CLEAR,15.3,4.4,2025-08-12T23:45:00+09:30,PT5M
12,122,8.2,0,0,0,961.5,131,3.7,165,MOSTLY CLEAR,15.4,4.4,2025-08-12T23:50:00+09:30,PT5M
12,125,0,0,0,0,961.5,131,3.7,166,CLEAR,15.5,4.5,2025-08-12T23:55:00+09:30,PT5M
12,128,0,0,0,0,961.5,132,3.7,167,CLEAR,15.6,4.5,2025-08-13T00:00:00+09:30,PT5M
12,132,8.2,0,0,0,961.6,132,3.7,168,MOSTLY CLEAR,15.8,4.5,2025-08-13T00:05:00+09:30,PT5M
12,136,10.1,0,0,0,961.6,132,3.7,169,PARTLY CLOUDY,15.9,4.5,2025-08-13T00:10:00+09:30,PT5M
12,141,10.1,0,0,0,961.6,132,3.7,169,PARTLY CLOUDY,16.1,4.6,2025-08-13T00:15:00+09:30,PT5M
12,147,12.1,0,0,0,961.7,132,3.7,170,PARTLY CLOUDY,16.2,4.6,2025-08-13T00:20:00+09:30,PT5M
12,153,12.1,0,0,0,961.7,133,3.7,171,PARTLY CLOUDY,16.4,4.6,2025-08-13T00:25:00+09:30,PT5M
12,160,12.1,0,0,0,961.7,133,3.7,171,PARTLY CLOUDY,16.5,4.6,2025-08-13T00:30:00+09:30,PT5M
12,168,12.1,0,0,0,961.7,133,3.7,171,PARTLY CLOUDY,16.7,4.7,2025-08-13T00:35:00+09:30,PT5M
12,176,10.1,0,0,0,961.7,133,3.7,172,PARTLY CLOUDY,16.8,4.7,2025-08-13T00:40:00+09:30,PT5M
12,-176,10.1,0,0,0,961.7,133,3.7,172,PARTLY CLOUDY,17,4.7,2025-08-13T00:45:00+09:30,PT5M
12,-168,8.2,0,0,0,961.6,133,3.7,171,MOSTLY CLEAR,17.1,4.7,2025-08-13T00:50:00+09:30,PT5M
12,-160,8.2,0,0,0,961.6,133,3.7,171,MOSTLY CLEAR,17.3,4.8,2025-08-13T00:55:00+09:30,PT5M
12,-153,0,0,0,0,961.6,133,3.7,171,CLEAR,17.4,4.8,2025-08-13T01:00:00+09:30,PT5M
12,-147,8.2,0,0,0,961.5,133,3.7,170,MOSTLY CLEAR,17.6,4.8,2025-08-13T01:05:00+09:30,PT5M
12,-141,12.1,0,0,0,961.5,134,3.7,169,PARTLY CLOUDY,17.8,4.9,2025-08-13T01:10:00+09:30,PT5M
11,-136,10.1,0,0,0,961.5,134,3.7,169,PARTLY CLOUDY,18,4.9,2025-08-13T01:15:00+09:30,PT5M
11,-132,10.1,0,0,0,961.4,134,3.7,168,PARTLY CLOUDY,18.2,4.9,2025-08-13T01:20:00+09:30,PT5M
11,-128,8.2,0,0,0,961.4,134,3.7,167,MOSTLY CLEAR,18.4,5,2025-08-13T01:25:00+09:30,PT5M
11,-125,8.2,0,0,0,961.4,134,3.7,166,MOSTLY CLEAR,18.6,5,2025-08-13T01:30:00+09:30,PT5M
11,-122,8.2,0,0,0,961.3,134,3.8,165,MOSTLY CLEAR,18.8,5,2025-08-13T01:35:00+09:30,PT5M
11,-119,8.2,0,0,0,961.3,134,3.8,164,MOSTLY CLEAR,19,5.1,2025-08-13T01:40:00+09:30,PT5M
11,-117,8.2,0,0,0,961.3,134,3.8,163,MOSTLY CLEAR,19.2,5.1,2025-08-13T01:45:00+09:30,PT5M
11,-115,8.2,0,0,0,961.2,134,3.8,162,MOSTLY CLEAR,19.4,5.1,2025-08-13T01:50:00+09:30,PT5M
11,-113,8.2,0,0,0,961.2,134,3.8,161,MOSTLY CLEAR,19.6,5.2,2025-08-13T01:55:00+09:30,PT5M
11,-111,8.2,0,0,0,961.1,133,3.8,160,MOSTLY CLEAR,19.8,5.2,2025-08-13T02:00:00+09:30,PT5M
11,-110,8.2,0,0,0,961.1,133,3.8,159,MOSTLY CLEAR,20,5.2,2025-08-13T02:05:00+09:30,PT5M
11,-108,8.2,0,0,0,961,133,3.8,158,MOSTLY CLEAR,20.2,5.3,2025-08-13T02:10:00+09:30,PT5M
11,-107,8.2,0,0,0,961,133,3.8,157,MOSTLY CLEAR,20.4,5.3,2025-08-13T02:15:00+09:30,PT5M
11,-106,0,0,0,0,961,133,3.8,156,CLEAR,20.6,5.3,2025-08-13T02:20:00+09:30,PT5M
11,-105,0,0,0,0,960.9,133,3.8,154,CLEAR,20.8,5.4,2025-08-13T02:25:00+09:30,PT5M
10,-103,0,0,0,0,960.9,133,3.8,153,CLEAR,21,5.4,2025-08-13T02:30:00+09:30,PT5M
10,-102,0,0,0,0,960.9,133,3.8,152,CLEAR,21.1,5.5,2025-08-13T02:35:00+09:30,PT5M
10,-102,0,0,0,0,960.9,132,3.8,151,CLEAR,21.3,5.5,2025-08-13T02:40:00+09:30,PT5M
10,-101,0,0,0,0,960.9,132,3.8,150,CLEAR,21.5,5.6,2025-08-13T02:45:00+09:30,PT5M
10,-100,8.2,0,0,0,961,132,3.8,149,MOSTLY CLEAR,21.7,5.6,2025-08-13T02:50:00+09:30,PT5M
10,-99,8.2,0,0,0,961,132,3.8,148,MOSTLY CLEAR,21.9,5.6,2025-08-13T02:55:00+09:30,PT5M
10,-98,8.2,0,0,0,961,131,3.8,147,MOSTLY CLEAR,22.1,5.7,2025-08-13T03:00:00+09:30,PT5M
10,-97,0,0,0,0,961.1,131,3.8,145,CLEAR,22.3,5.7,2025-08-13T03:05:00+09:30,PT5M
10,-97,0,0,0,0,961.1,131,3.8,144,CLEAR,22.5,5.8,2025-08-13T03:10:00+09:30,PT5M
10,-96,0,0,0,0,961.1,131,3.8,143,CLEAR,22.7,5.8,2025-08-13T03:15:00+09:30,PT5M
10,-95,0,0,0,0,961.2,130,3.8,142,CLEAR,22.8,5.8,2025-08-13T03:20:00+09:30,PT5M
10,-95,0,0,0,0,961.2,130,3.8,141,CLEAR,23,5.9,2025-08-13T03:25:00+09:30,PT5M
10,-94,0,0,0,0,961.2,130,3.8,140,CLEAR,23.2,5.9,2025-08-13T03:30:00+09:30,PT5M
10,-94,8.2,0,0,0,961.3,130,3.8,139,MOSTLY CLEAR,23.4,6,2025-08-13T03:35:00+09:30,PT5M
10,-93,10.1,0,0,0,961.3,129,3.7,137,PARTLY CLOUDY,23.6,6,2025-08-13T03:40:00+09:30,PT5M
10,-92,8.2,0,0,0,961.3,129,3.7,136,MOSTLY CLEAR,23.8,6.1,2025-08-13T03:45:00+09:30,PT5M
10,-92,8.2,0,0,0,961.3,129,3.7,135,MOSTLY CLEAR,23.9,6.1,2025-08-13T03:50:00+09:30,PT5M
10,-91,0,0,0,0,961.3,129,3.7,134,CLEAR,24.1,6.1,2025-08-13T03:55:00+09:30,PT5M
10,-91,0,0,0,0,961.4,128,3.6,133,CLEAR,24.3,6.2,2025-08-13T04:00:00+09:30,PT5M
10,-90,0,0,0,0,961.4,128,3.6,132,CLEAR,24.5,6.2,2025-08-13T04:05:00+09:30,PT5M
10,-90,0,0,0,0,961.4,128,3.6,131,CLEAR,24.7,6.3,2025-08-13T04:10:00+09:30,PT5M
10,-89,0,0,0,0,961.4,128,3.6,129,CLEAR,24.8,6.3,2025-08-13T04:15:00+09:30,PT5M
10,-89,0,0,0,0,961.4,127,3.6,128,CLEAR,25,6.4,2025-08-13T04:20:00+09:30,PT5M
10,-88,8.2,0,0,0,961.4,127,3.5,127,MOSTLY CLEAR,25.2,6.4,2025-08-13T04:25:00+09:30,PT5M
10,-88,8.2,0,0,0,961.5,127,3.5,126,MOSTLY CLEAR,25.4,6.5,2025-08-13T04:30:00+09:30,PT5M
9,-87,8.2,0,0,0,961.5,127,3.5,125,MOSTLY CLEAR,25.5,6.5,2025-08-13T04:35:00+09:30,PT5M
9,-87,0,0,0,0,961.5,126,3.5,124,CLEAR,25.7,6.6,2025-08-13T04:40:00+09:30,PT5M
9,-87,8.2,0,0,0,961.5,126,3.4,123,MOSTLY CLEAR,25.9,6.6,2025-08-13T04:45:00+09:30,PT5M
9,-86,8.2,0,0,0,961.5,126,3.4,121,MOSTLY CLEAR,26.1,6.7,2025-08-13T04:50:00+09:30,PT5M
9,-86,8.2,0,0,0,961.5,126,3.4,120,MOSTLY CLEAR,26.2,6.7,2025-08-13T04:55:00+09:30,PT5M
9,-85,8.2,0,0,0,961.5,125,3.4,119,MOSTLY CLEAR,26.4,6.8,2025-08-13T05:00:00+09:30,PT5M
9,-85,0,0,0,0,961.5,125,3.4,118,CLEAR,26.6,6.8,2025-08-13T05:05:00+09:30,PT5M
9,-84,0,0,0,0,961.5,125,3.3,117,CLEAR,26.8,6.9,2025-08-13T05:10:00+09:30,PT5M
9,-84,0,0,0,0,961.5,125,3.3,116,CLEAR,26.9,6.9,2025-08-13T05:15:00+09:30,PT5M
8,-83,0,0,0,0,961.5,124,3.3,115,CLEAR,27.1,6.9,2025-08-13T05:20:00+09:30,PT5M
8,-83,0,0,0,0,961.6,124,3.3,113,CLEAR,27.2,7,2025-08-13T05:25:00+09:30,PT5M
8,-83,0,0,0,0,961.6,124,3.3,112,CLEAR,27.4,7,2025-08-13T05:30:00+09:30,PT5M
8,-82,8.2,0,0,0,961.6,124,3.2,111,MOSTLY CLEAR,27.6,7.1,2025-08-13T05:35:00+09:30,PT5M
8,-82,8.2,0,0,0,961.7,123,3.2,110,MOSTLY CLEAR,27.8,7.1,2025-08-13T05:40:00+09:30,PT5M
8,-81,8.2,0,0,0,961.7,123,3.2,109,MOSTLY CLEAR,27.9,7.2,2025-08-13T05:45:00+09:30,PT5M
8,-81,8.2,0,0,0,961.8,123,3.2,108,MOSTLY CLEAR,28.1,7.2,2025-08-13T05:50:00+09:30,PT5M
8,-80,8.2,0,0,0,961.8,123,3.2,107,MOSTLY CLEAR,28.2,7.2,2025-08-13T05:55:00+09:30,PT5M
8,-80,8.2,0,0,0,961.9,123,3.2,106,MOSTLY CLEAR,28.4,7.3,2025-08-13T06:00:00+09:30,PT5M
8,-79,8.2,0,0,0,961.9,123,3.1,104,MOSTLY CLEAR,28.5,7.3,2025-08-13T06:05:00+09:30,PT5M
8,-79,12.1,0,0,0,962,122,3.1,103,PARTLY CLOUDY,28.4,7.4,2025-08-13T06:10:00+09:30,PT5M
8,-79,10.1,0,0,0,962.1,122,3.1,102,PARTLY CLOUDY,28.3,7.5,2025-08-13T06:15:00+09:30,PT5M
8,-78,8.2,0,0,0,962.1,122,3.1,101,MOSTLY CLEAR,28.3,7.5,2025-08-13T06:20:00+09:30,PT5M
8,-78,8.2,0,0,0,962.2,122,3.1,100,MOSTLY CLEAR,28.2,7.6,2025-08-13T06:25:00+09:30,PT5M
8,-77,0,0,0,0,962.2,122,3.1,99,CLEAR,28.1,7.7,2025-08-13T06:30:00+09:30,PT5M
8,-77,8.2,0,0,0,962.3,121,3,98,MOSTLY CLEAR,28.1,7.7,2025-08-13T06:35:00+09:30,PT5M
8,-76,0,0,0,0,962.3,120,3,97,CLEAR,28,7.8,2025-08-13T06:40:00+09:30,PT5M
8,-76,0,0,0,0,962.4,119,3,95,CLEAR,27.9,7.9,2025-08-13T06:45:00+09:30,PT5M
8,-75,0,0,0,0,962.4,118,3,94,CLEAR,27.9,7.9,2025-08-13T06:50:00+09:30,PT5M
8,-75,8.2,0,0,0,962.5,117,3,93,MOSTLY CLEAR,27.8,8,2025-08-13T06:55:00+09:30,PT5M
8,-74,0,0,0,0,962.5,116,3,92,CLEAR,27.7,8.1,2025-08-13T07:00:00+09:30,PT5M
8,-74,0,0,0,0,962.5,115,3,91,CLEAR,27.5,8.1,2025-08-13T07:05:00+09:30,PT5M
9,-73,0,0,0,0,962.6,114,3,90,CLEAR,27.2,8.2,2025-08-13T07:10:00+09:30,PT5M
9,-73,0,10,13,0,962.6,113,3,89,SUNNY,26.9,8.3,2025-08-13T07:15:00+09:30,PT5M
9,-72,0,21,33,0,962.7,112,3,88,SUNNY,26.6,8.4,2025-08-13T07:20:00+09:30,PT5M
9,-72,0,35,60,0,962.7,111,3,87,SUNNY,26.3,8.4,2025-08-13T07:25:00+09:30,PT5M
9,-71,0,49,92,0,962.8,110,3,86,SUNNY,26,8.5,2025-08-13T07:30:00+09:30,PT5M
9,-71,0,65,124,0,962.8,110,3,85,SUNNY,25.7,8.6,2025-08-13T07:35:00+09:30,PT5M
10,-70,0,81,147,0,962.8,110,3,83,SUNNY,25.4,8.7,2025-08-13T07:40:00+09:30,PT5M
10,-70,0,98,170,0,962.9,110,3.1,82,SUNNY,25.1,8.7,2025-08-13T07:45:00+09:30,PT5M
10,-69,0,116,193,0,962.9,111,3.1,81,SUNNY,24.8,8.8,2025-08-13T07:50:00+09:30,PT5M
11,-68,0,133,216,0,962.9,111,3.1,80,SUNNY,24.5,8.9,2025-08-13T07:55:00+09:30,PT5M
11,-68,0,152,239,0,963,111,3.2,79,SUNNY,24.2,9,2025-08-13T08:00:00+09:30,PT5M
12,-67,0,170,262,0,963,111,3.2,78,SUNNY,23.8,9,2025-08-13T08:05:00+09:30,PT5M
12,-67,0,188,285,0,963,112,3.2,77,SUNNY,23.5,9.1,2025-08-13T08:10:00+09:30,PT5M
13,-66,0,207,307,0,963.1,112,3.2,76,SUNNY,23.2,9.1,2025-08-13T08:15:00+09:30,PT5M
13,-65,0,226,330,0,963.1,112,3.3,75,SUNNY,22.9,9.1,2025-08-13T08:20:00+09:30,PT5M
14,-65,0,244,352,0,963.1,112,3.3,74,SUNNY,22.6,9.2,2025-08-13T08:25:00+09:30,PT5M
14,-64,0,263,374,0,963.2,113,3.3,73,SUNNY,22.3,9.2,2025-08-13T08:30:00+09:30,PT5M
14,-64,0,281,396,0,963.2,113,3.4,72,SUNNY,21.9,9.3,2025-08-13T08:35:00+09:30,PT5M
14,-63,0,300,418,0,963.2,113,3.6,71,SUNNY,21.6,9.3,2025-08-13T08:40:00+09:30,PT5M
15,-62,0,318,439,0,963.3,113,3.7,70,SUNNY,21.3,9.4,2025-08-13T08:45:00+09:30,PT5M
15,-61,0,336,460,0,963.3,114,3.8,69,SUNNY,21,9.4,2025-08-13T08:50:00+09:30,PT5M
15,-61,0,355,481,0,963.4,114,4,68,SUNNY,20.7,9.4,2025-08-13T08:55:00+09:30,PT5M
15,-60,0,372,502,0,963.4,114,4.1,67,SUNNY,20.4,9.5,2025-08-13T09:00:00+09:30,PT5M
15,-59,0,390,523,0,963.5,114,4.2,66,SUNNY,20.1,9.4,2025-08-13T09:05:00+09:30,PT5M
15,-58,0,408,543,0,963.5,114,4.4,65,SUNNY,19.9,9.1,2025-08-13T09:10:00+09:30,PT5M
15,-58,0,425,563,0,963.5,115,4.5,64,SUNNY,19.8,8.8,2025-08-13T09:15:00+09:30,PT5M
15,-57,0,443,583,0,963.6,115,4.6,63,SUNNY,19.6,8.6,2025-08-13T09:20:00+09:30,PT5M
16,-56,0,459,602,0,963.6,115,4.8,62,SUNNY,19.4,8.3,2025-08-13T09:25:00+09:30,PT5M
16,-55,0,476,621,0,963.7,115,4.9,61,SUNNY,19.2,8,2025-08-13T09:30:00+09:30,PT5M
16,-54,0,493,641,0,963.7,115,5,60,SUNNY,19.1,7.8,2025-08-13T09:35:00+09:30,PT5M
16,-53,0,509,659,0,963.7,115,5.1,59,SUNNY,18.9,7.5,2025-08-13T09:40:00+09:30,PT5M
16,-52,0,525,677,0,963.7,115,5.2,58,SUNNY,18.7,7.2,2025-08-13T09:45:00+09:30,PT5M
16,-52,0,541,695,0,963.7,115,5.3,57,SUNNY,18.5,7,2025-08-13T09:50:00+09:30,PT5M
16,-51,0,556,712,0,963.7,114,5.4,56,SUNNY,18.4,6.7,2025-08-13T09:55:00+09:30,PT5M
17,-50,0,571,729,0,963.7,114,5.5,56,SUNNY,18.2,6.4,2025-08-13T10:00:00+09:30,PT5M
17,-49,0,585,745,0,963.7,114,5.6,55,SUNNY,18.1,6.3,2025-08-13T10:05:00+09:30,PT5M
17,-47,0,599,761,0,963.7,114,5.8,54,SUNNY,18,6.2,2025-08-13T10:10:00+09:30,PT5M
17,-46,0,613,776,0,963.7,114,5.9,53,SUNNY,18,6.2,2025-08-13T10:15:00+09:30,PT5M
17,-45,0,626,791,0,963.7,114,6,52,SUNNY,18,6.1,2025-08-13T10:20:00+09:30,PT5M
17,-44,0,639,806,0,963.7,114,6.1,51,SUNNY,18,6,2025-08-13T10:25:00+09:30,PT5M
18,-43,0,652,820,0,963.7,114,6.2,51,SUNNY,17.9,6,2025-08-13T10:30:00+09:30,PT5M
18,-42,0,664,834,0,963.7,114,6.2,50,SUNNY,17.9,5.9,2025-08-13T10:35:00+09:30,PT5M
18,-41,0,676,847,0,963.6,113,6.3,49,SUNNY,17.8,5.9,2025-08-13T10:40:00+09:30,PT5M
18,-39,0,687,860,0,963.6,113,6.3,48,SUNNY,17.8,5.8,2025-08-13T10:45:00+09:30,PT5M
18,-38,0,698,872,0,963.6,113,6.4,48,SUNNY,17.8,5.7,2025-08-13T10:50:00+09:30,PT5M
18,-37,0,709,884,0,963.6,113,6.4,47,SUNNY,17.8,5.7,2025-08-13T10:55:00+09:30,PT5M
18,-35,0,719,895,0,963.5,112,6.5,46,SUNNY,17.7,5.6,2025-08-13T11:00:00+09:30,PT5M
19,-34,0,729,906,0,963.5,112,6.5,46,SUNNY,17.7,5.6,2025-08-13T11:05:00+09:30,PT5M
19,-32,0,738,917,0,963.5,112,6.5,45,SUNNY,17.6,5.5,2025-08-13T11:10:00+09:30,PT5M
19,-31,0,747,926,0,963.5,112,6.6,44,SUNNY,17.6,5.5,2025-08-13T11:15:00+09:30,PT5M
19,-29,0,755,936,0,963.4,111,6.6,44,SUNNY,17.6,5.5,2025-08-13T11:20:00+09:30,PT5M
19,-28,0,763,945,0,963.4,111,6.7,43,SUNNY,17.5,5.4,2025-08-13T11:25:00+09:30,PT5M
19,-26,0,770,953,0,963.4,111,6.7,43,SUNNY,17.5,5.4,2025-08-13T11:30:00+09:30,PT5M
20,-25,0,777,961,0,963.3,111,6.7,42,SUNNY,17.5,5.3,2025-08-13T11:35:00+09:30,PT5M
20,-23,0,784,968,0,963.3,111,6.8,42,SUNNY,17.4,5.3,2025-08-13T11:40:00+09:30,PT5M
20,-21,0,790,975,0,963.2,111,6.8,41,SUNNY,17.4,5.2,2025-08-13T11:45:00+09:30,PT5M
20,-19,0,795,981,0,963.1,110,6.8,41,SUNNY,17.4,5.2,2025-08-13T11:50:00+09:30,PT5M
20,-18,0,800,986,0,963,110,6.8,41,SUNNY,17.4,5.2,2025-08-13T11:55:00+09:30,PT5M
20,-16,0,805,991,0,962.9,110,6.8,40,SUNNY,17.3,5.1,2025-08-13T12:00:00+09:30,PT5M
20,-14,0,809,996,0,962.8,110,6.8,40,SUNNY,17.2,5.1,2025-08-13T12:05:00+09:30,PT5M
21,-12,0,812,1000,0,962.7,110,6.8,40,SUNNY,17.1,5,2025-08-13T12:10:00+09:30,PT5M
21,-10,0,815,1003,0,962.7,110,6.8,39,SUNNY,17,5,2025-08-13T12:15:00+09:30,PT5M
21,-8,0,818,1006,0,962.6,110,6.9,39,SUNNY,16.9,5,2025-08-13T12:20:00+09:30,PT5M
21,-7,0,820,1009,0,962.5,110,6.9,39,SUNNY,16.8,4.9,2025-08-13T12:25:00+09:30,PT5M
21,-5,0,822,1010,0,962.4,110,6.9,39,SUNNY,16.7,4.9,2025-08-13T12:30:00+09:30,PT5M
21,-3,0,823,1012,0,962.3,109,6.9,39,SUNNY,16.6,4.8,2025-08-13T12:35:00+09:30,PT5M
21,-1,0,823,1012,0,962.3,110,6.9,39,SUNNY,16.5,4.8,2025-08-13T12:40:00+09:30,PT5M
21,1,0,823,1012,0,962.2,110,6.9,39,SUNNY,16.4,4.7,2025-08-13T12:45:00+09:30,PT5M
22,3,0,823,1012,0,962.1,110,6.9,39,SUNNY,16.3,4.7,2025-08-13T12:50:00+09:30,PT5M
22,5,0,822,1011,0,962.1,110,6.9,39,SUNNY,16.2,4.7,2025-08-13T12:55:00+09:30,PT5M
22,7,0,820,1009,0,962,110,6.9,39,SUNNY,16.1,4.6,2025-08-13T13:00:00+09:30,PT5M
22,9,0,819,1007,0,961.9,110,6.8,39,SUNNY,15.9,4.6,2025-08-13T13:05:00+09:30,PT5M
22,11,0,816,1004,0,961.9,110,6.8,39,SUNNY,15.7,4.6,2025-08-13T13:10:00+09:30,PT5M
22,12,0,813,1001,0,961.8,110,6.8,40,SUNNY,15.6,4.5,2025-08-13T13:15:00+09:30,PT5M
22,14,0,810,997,0,961.7,110,6.8,40,SUNNY,15.4,4.5,2025-08-13T13:20:00+09:30,PT5M
22,16,0,806,993,0,961.7,110,6.8,40,SUNNY,15.2,4.5,2025-08-13T13:25:00+09:30,PT5M
22,18,0,801,988,0,961.6,110,6.8,41,SUNNY,15,4.5,2025-08-13T13:30:00+09:30,PT5M
22,20,0,796,982,0,961.5,110,6.8,41,SUNNY,14.9,4.4,2025-08-13T13:35:00+09:30,PT5M
22,21,0,791,976,0,961.4,110,6.8,41,SUNNY,14.7,4.4,2025-08-13T13:40:00+09:30,PT5M
22,23,0,785,969,0,961.4,110,6.8,42,SUNNY,14.5,4.4,2025-08-13T13:45:00+09:30,PT5M
22,25,0,779,962,0,961.3,110,6.7,42,SUNNY,14.3,4.4,2025-08-13T13:50:00+09:30,PT5M
22,26,0,772,955,0,961.2,110,6.7,43,SUNNY,14.2,4.3,2025-08-13T13:55:00+09:30,PT5M
22,28,0,765,947,0,961.1,110,6.7,43,SUNNY,14,4.3,2025-08-13T14:00:00+09:30,PT5M
22,30,0,757,938,0,961.1,110,6.7,44,SUNNY,13.8,4.3,2025-08-13T14:05:00+09:30,PT5M
22,31,0,748,929,0,961,110,6.7,44,SUNNY,13.6,4.3,2025-08-13T14:10:00+09:30,PT5M
22,33,0,740,919,0,960.9,110,6.7,45,SUNNY,13.4,4.3,2025-08-13T14:15:00+09:30,PT5M
22,34,0,731,909,0,960.8,110,6.7,46,SUNNY,13.3,4.2,2025-08-13T14:20:00+09:30,PT5M
22,35,0,721,898,0,960.8,110,6.6,46,SUNNY,13.1,4.2,2025-08-13T14:25:00+09:30,PT5M
22,37,0,711,887,0,960.7,110,6.6,47,SUNNY,12.9,4.2,2025-08-13T14:30:00+09:30,PT5M
22,38,0,700,875,0,960.6,110,6.6,48,SUNNY,12.7,4.2,2025-08-13T14:35:00+09:30,PT5M
22,39,0,689,862,0,960.6,110,6.6,48,SUNNY,12.5,4.2,2025-08-13T14:40:00+09:30,PT5M
22,41,0,678,850,0,960.6,110,6.6,49,SUNNY,12.3,4.2,2025-08-13T14:45:00+09:30,PT5M
22,42,0,666,836,0,960.6,111,6.6,50,SUNNY,12.2,4.1,2025-08-13T14:50:00+09:30,PT5M
22,43,0,654,823,0,960.5,111,6.5,51,SUNNY,12,4.1,2025-08-13T14:55:00+09:30,PT5M
22,44,0,641,809,0,960.5,111,6.5,51,SUNNY,11.8,4.1,2025-08-13T15:00:00+09:30,PT5M
22,45,0,628,794,0,960.5,111,6.5,52,SUNNY,11.6,4.1,2025-08-13T15:05:00+09:30,PT5M
22,47,0,615,779,0,960.5,111,6.5,53,SUNNY,11.5,4,2025-08-13T15:10:00+09:30,PT5M
22,48,0,601,763,0,960.4,111,6.5,54,SUNNY,11.4,3.9,2025-08-13T15:15:00+09:30,PT5M
23,49,0,587,747,0,960.4,111,6.5,55,SUNNY,11.3,3.8,2025-08-13T15:20:00+09:30,PT5M
23,50,0,573,731,0,960.4,111,6.4,56,SUNNY,11.2,3.8,2025-08-13T15:25:00+09:30,PT5M
23,51,0,558,714,0,960.4,111,6.4,56,SUNNY,11.1,3.7,2025-08-13T15:30:00+09:30,PT5M
23,52,0,543,697,0,960.3,111,6.4,57,SUNNY,11,3.6,2025-08-13T15:35:00+09:30,PT5M
23,53,0,527,680,0,960.3,111,6.4,58,SUNNY,10.9,3.5,2025-08-13T15:40:00+09:30,PT5M
23,54,0,511,662,0,960.3,112,6.4,59,SUNNY,10.8,3.5,2025-08-13T15:45:00+09:30,PT5M
22,54,0,495,644,0,960.3,112,6.4,60,SUNNY,10.7,3.4,2025-08-13T15:50:00+09:30,PT5M
22,55,0,479,625,0,960.3,112,6.4,61,SUNNY,10.6,3.3,2025-08-13T15:55:00+09:30,PT5M
22,56,0,462,606,0,960.3,113,6.3,62,SUNNY,10.5,3.2,2025-08-13T16:00:00+09:30,PT5M
22,57,0,445,587,0,960.3,113,6.3,63,SUNNY,10.4,3.2,2025-08-13T16:05:00+09:30,PT5M
22,58,0,428,567,0,960.3,113,6.3,64,SUNNY,10.4,3.2,2025-08-13T16:10:00+09:30,PT5M
22,59,0,411,547,0,960.3,113,6.3,65,SUNNY,10.3,3.2,2025-08-13T16:15:00+09:30,PT5M
22,59,0,393,527,0,960.3,114,6.3,66,SUNNY,10.3,3.2,2025-08-13T16:20:00+09:30,PT5M
22,60,0,375,507,0,960.3,114,6.3,67,SUNNY,10.3,3.2,2025-08-13T16:25:00+09:30,PT5M
22,61,0,357,486,0,960.3,114,6.3,68,SUNNY,10.3,3.2,2025-08-13T16:30:00+09:30,PT5M
22,62,0,339,465,0,960.3,115,6.3,69,SUNNY,10.2,3.1,2025-08-13T16:35:00+09:30,PT5M
22,62,0,321,444,0,960.3,115,6.2,70,SUNNY,10.2,3.1,2025-08-13T16:40:00+09:30,PT5M
22,63,0,303,422,0,960.3,115,6.2,71,SUNNY,10.2,3.1,2025-08-13T16:45:00+09:30,PT5M
22,64,0,284,400,0,960.3,115,6.2,72,SUNNY,10.2,3.1,2025-08-13T16:50:00+09:30,PT5M
22,64,0,265,378,0,960.4,116,6.2,73,SUNNY,10.1,3.1,2025-08-13T16:55:00+09:30,PT5M
22,65,0,247,356,0,960.4,116,6.1,74,SUNNY,10.1,3.1,2025-08-13T17:00:00+09:30,PT5M
21,66,0,228,334,0,960.4,116,6.1,75,SUNNY,10.1,3.1,2025-08-13T17:05:00+09:30,PT5M
21,66,0,209,311,0,960.4,117,6.1,76,SUNNY,10.1,3.1,2025-08-13T17:10:00+09:30,PT5M
21,67,0,190,289,0,960.5,117,6.1,77,SUNNY,10,3.1,2025-08-13T17:15:00+09:30,PT5M
21,67,0,172,266,0,960.5,117,6,78,SUNNY,10,3.1,2025-08-13T17:20:00+09:30,PT5M
21,68,0,153,243,0,960.5,117,6,79,SUNNY,10,3.1,2025-08-13T17:25:00+09:30,PT5M
21,69,0,135,220,0,960.5,118,6,80,SUNNY,10,3.1,2025-08-13T17:30:00+09:30,PT5M
21,69,0,117,197,0,960.6,118,5.9,81,SUNNY,9.9,3.1,2025-08-13T17:35:00+09:30,PT5M
20,70,0,100,174,0,960.6,118,5.8,82,SUNNY,9.9,3.1,2025-08-13T17:40:00+09:30,PT5M
20,70,0,82,151,0,960.6,119,5.6,83,SUNNY,9.9,3.1,2025-08-13T17:45:00+09:30,PT5M
20,71,8.2,61,106,0,960.7,119,5.5,85,MOSTLY SUNNY,9.9,3.1,2025-08-13T17:50:00+09:30,PT5M
20,71,0,50,95,0,960.7,120,5.4,86,SUNNY,9.8,3.1,2025-08-13T17:55:00+09:30,PT5M
20,72,0,35,62,0,960.7,120,5.2,87,SUNNY,9.8,3.1,2025-08-13T18:00:00+09:30,PT5M
20,72,0,22,34,0,960.8,121,5.1,88,SUNNY,9.8,3.1,2025-08-13T18:05:00+09:30,PT5M
20,73,8.2,9,11,0,960.8,121,4.9,89,MOSTLY SUNNY,9.8,3.1,2025-08-13T18:10:00+09:30,PT5M
19,73,0,0,0,0,960.8,122,4.8,90,CLEAR,9.7,3.1,2025-08-13T18:15:00+09:30,PT5M
19,74,0,0,0,0,960.9,122,4.7,91,CLEAR,9.7,3.1,2025-08-13T18:20:00+09:30,PT5M
19,74,0,0,0,0,960.9,123,4.5,92,CLEAR,9.6,3.1,2025-08-13T18:25:00+09:30,PT5M
19,75,0,0,0,0,960.9,123,4.4,93,CLEAR,9.6,3.1,2025-08-13T18:30:00+09:30,PT5M
19,75,0,0,0,0,961,124,4.3,94,CLEAR,9.6,3,2025-08-13T18:35:00+09:30,PT5M
19,76,0,0,0,0,961.1,124,4.3,96,CLEAR,9.6,3,2025-08-13T18:40:00+09:30,PT5M
18,76,0,0,0,0,961.2,124,4.3,97,CLEAR,9.5,3,2025-08-13T18:45:00+09:30,PT5M
18,77,0,0,0,0,961.3,124,4.3,98,CLEAR,9.5,3,2025-08-13T18:50:00+09:30,PT5M
18,77,0,0,0,0,961.4,124,4.2,99,CLEAR,9.4,3,2025-08-13T18:55:00+09:30,PT5M
18,78,0,0,0,0,961.5,124,4.2,100,CLEAR,9.4,3,2025-08-13T19:00:00+09:30,PT5M
18,78,0,0,0,0,961.6,124,4.2,101,CLEAR,9.4,3,2025-08-13T19:05:00+09:30,PT5M
17,79,0,0,0,0,961.7,124,4.2,102,CLEAR,9.4,3,2025-08-13T19:10:00+09:30,PT5M
17,79,0,0,0,0,961.7,124,4.2,103,CLEAR,9.3,3,2025-08-13T19:15:00+09:30,PT5M
17,80,0,0,0,0,961.8,124,4.2,104,CLEAR,9.3,3,2025-08-13T19:20:00+09:30,PT5M
17,80,0,0,0,0,961.9,124,4.1,106,CLEAR,9.2,3,2025-08-13T19:25:00+09:30,PT5M
17,81,0,0,0,0,962,124,4.1,107,CLEAR,9.2,3,2025-08-13T19:30:00+09:30,PT5M
16,81,0,0,0,0,962.1,124,4.1,108,CLEAR,9.2,3,2025-08-13T19:35:00+09:30,PT5M
16,81,0,0,0,0,962.1,124,4.1,109,CLEAR,9.1,3,2025-08-13T19:40:00+09:30,PT5M
16,82,0,0,0,0,962.1,124,4.1,110,CLEAR,9.1,3,2025-08-13T19:45:00+09:30,PT5M
16,82,0,0,0,0,962.2,124,4,111,CLEAR,9.1,3,2025-08-13T19:50:00+09:30,PT5M
16,83,0,0,0,0,962.2,124,4,112,CLEAR,9,3,2025-08-13T19:55:00+09:30,PT5M
16,83,0,0,0,0,962.2,124,4,114,CLEAR,9,3,2025-08-13T20:00:00+09:30,PT5M
15,84,0,0,0,0,962.2,124,4,115,CLEAR,9,3,2025-08-13T20:05:00+09:30,PT5M
15,84,0,0,0,0,962.3,124,4,116,CLEAR,8.9,3,2025-08-13T20:10:00+09:30,PT5M
15,85,0,0,0,0,962.3,124,3.9,117,CLEAR,8.9,3,2025-08-13T20:15:00+09:30,PT5M
15,85,8.2,0,0,0,962.3,124,3.9,118,MOSTLY CLEAR,8.9,3,2025-08-13T20:20:00+09:30,PT5M
15,85,8.2,0,0,0,962.3,124,3.9,119,MOSTLY CLEAR,8.8,3,2025-08-13T20:25:00+09:30,PT5M
14,86,8.2,0,0,0,962.4,124,3.9,120,MOSTLY CLEAR,8.8,3,2025-08-13T20:30:00+09:30,PT5M
14,86,8.2,0,0,0,962.4,124,3.9,121,MOSTLY CLEAR,8.7,2.9,2025-08-13T20:35:00+09:30,PT5M
14,87,8.2,0,0,0,962.4,124,3.8,123,MOSTLY CLEAR,8.7,2.9,2025-08-13T20:40:00+09:30,PT5M
14,87,8.2,0,0,0,962.4,124,3.8,124,MOSTLY CLEAR,8.6,2.9,2025-08-13T20:45:00+09:30,PT5M
14,88,8.2,0,0,0,962.5,124,3.8,125,MOSTLY CLEAR,8.6,2.9,2025-08-13T20:50:00+09:30,PT5M
14,88,0,0,0,0,962.5,123,3.7,126,CLEAR,8.6,2.9,2025-08-13T20:55:00+09:30,PT5M
14,89,0,0,0,0,962.5,123,3.7,127,CLEAR,8.5,2.9,2025-08-13T21:00:00+09:30,PT5M
14,89,0,0,0,0,962.5,123,3.7,128,CLEAR,8.6,2.9,2025-08-13T21:05:00+09:30,PT5M
14,90,0,0,0,0,962.6,122,3.6,129,CLEAR,8.8,2.9,2025-08-13T21:10:00+09:30,PT5M
14,90,0,0,0,0,962.6,122,3.6,131,CLEAR,9.1,3,2025-08-13T21:15:00+09:30,PT5M
14,91,8.2,0,0,0,962.6,122,3.6,132,MOSTLY CLEAR,9.3,3,2025-08-13T21:20:00+09:30,PT5M
14,91,10.1,0,0,0,962.6,121,3.5,133,PARTLY CLOUDY,9.6,3,2025-08-13T21:25:00+09:30,PT5M
13,92,10.1,0,0,0,962.7,121,3.5,134,PARTLY CLOUDY,9.8,3,2025-08-13T21:30:00+09:30,PT5M
13,92,10.1,0,0,0,962.7,121,3.5,135,PARTLY CLOUDY,10,3.1,2025-08-13T21:35:00+09:30,PT5M
13,93,8.2,0,0,0,962.7,121,3.5,136,MOSTLY CLEAR,10.3,3.1,2025-08-13T21:40:00+09:30,PT5M
13,93,8.2,0,0,0,962.7,120,3.4,138,MOSTLY CLEAR,10.5,3.1,2025-08-13T21:45:00+09:30,PT5M
13,94,8.2,0,0,0,962.6,120,3.4,139,MOSTLY CLEAR,10.7,3.1,2025-08-13T21:50:00+09:30,PT5M
13,95,8.2,0,0,0,962.6,120,3.4,140,MOSTLY CLEAR,11,3.2,2025-08-13T21:55:00+09:30,PT5M
13,95,10.1,0,0,0,962.6,119,3.4,141,PARTLY CLOUDY,11.2,3.2,2025-08-13T22:00:00+09:30,PT5M
13,96,8.2,0,0,0,962.6,119,3.4,142,MOSTLY CLEAR,11.6,3.2,2025-08-13T22:05:00+09:30,PT5M
12,97,8.2,0,0,0,962.6,119,3.4,143,MOSTLY CLEAR,12,3.3,2025-08-13T22:10:00+09:30,PT5M
12,97,10.1,0,0,0,962.6,118,3.3,144,PARTLY CLOUDY,12.6,3.4,2025-08-13T22:15:00+09:30,PT5M
12,98,10.1,0,0,0,962.6,118,3.3,145,PARTLY CLOUDY,13,3.5,2025-08-13T22:20:00+09:30,PT5M
12,99,10.1,0,0,0,962.6,118,3.3,147,PARTLY CLOUDY,13.6,3.6,2025-08-13T22:25:00+09:30,PT5M
12,99,10.1,0,0,0,962.6,118,3.3,148,PARTLY CLOUDY,14,3.7,2025-08-13T22:30:00+09:30,PT5M
12,100,10.1,0,0,0,962.6,117,3.3,149,PARTLY CLOUDY,14.6,3.7,2025-08-13T22:35:00+09:30,PT5M
12,101,8.2,0,0,0,962.6,117,3.3,150,MOSTLY CLEAR,15,3.8,2025-08-13T22:40:00+09:30,PT5M
12,102,0,0,0,0,962.6,116,3.3,151,CLEAR,15.6,3.9,2025-08-13T22:45:00+09:30,PT5M
12,103,0,0,0,0,962.6,116,3.3,152,CLEAR,16.1,4,2025-08-13T22:50:00+09:30,PT5M
11,104,0,0,0,0,962.6,115,3.2,153,CLEAR,16.6,4.1,2025-08-13T22:55:00+09:30,PT5M
11,105,0,0,0,0,962.6,115,3.2,154,CLEAR,17,4.2,2025-08-13T23:00:00+09:30,PT5M
11,106,0,0,0,0,962.6,114,3.2,156,CLEAR,17.5,4.3,2025-08-13T23:05:00+09:30,PT5M
11,108,0,0,0,0,962.6,114,3.2,157,CLEAR,18,4.4,2025-08-13T23:10:00+09:30,PT5M
11,109,0,0,0,0,962.6,113,3.2,158,CLEAR,18.6,4.6,2025-08-13T23:15:00+09:30,PT5M
11,110,0,0,0,0,962.7,113,3.2,159,CLEAR,19,4.8,2025-08-13T23:20:00+09:30,PT5M
11,112,8.2,0,0,0,962.7,113,3.2,160,MOSTLY CLEAR,19.6,4.9,2025-08-13T23:25:00+09:30,PT5M
11,114,10.1,0,0,0,962.7,112,3.2,161,PARTLY CLOUDY,20,5.1,2025-08-13T23:30:00+09:30,PT5M
11,116,8.2,0,0,0,962.7,112,3.2,162,MOSTLY CLEAR,20.6,5.2,2025-08-13T23:35:00+09:30,PT5M
11,118,8.2,0,0,0,962.6,111,3.2,163,MOSTLY CLEAR,21,5.4,2025-08-13T23:40:00+09:30,PT5M
11,120,8.2,0,0,0,962.6,111,3.2,164,MOSTLY CLEAR,21.6,5.5,2025-08-13T23:45:00+09:30,PT5M
11,123,8.2,0,0,0,962.6,110,3.2,165,MOSTLY CLEAR,22.1,5.7,2025-08-13T23:50:00+09:30,PT5M
10,126,8.2,0,0,0,962.6,110,3.2,166,MOSTLY CLEAR,22.6,5.9,2025-08-13T23:55:00+09:30,PT5M
10,129,0,0,0,0,962.6,110,3.2,167,CLEAR,23,6,2025-08-14T00:00:00+09:30,PT5M
10,133,10.1,0,0,0,962.6,109,3.2,168,PARTLY CLOUDY,23.7,6.2,2025-08-14T00:05:00+09:30,PT5M
10,137,12.1,0,0,0,962.5,109,3.2,168,PARTLY CLOUDY,24.4,6.4,2025-08-14T00:10:00+09:30,PT5M
10,142,10.1,0,0,0,962.5,108,3.2,169,PARTLY CLOUDY,25.1,6.6,2025-08-14T00:15:00+09:30,PT5M
10,148,10.1,0,0,0,962.5,108,3.2,170,PARTLY CLOUDY,25.9,6.9,2025-08-14T00:20:00+09:30,PT5M
10,154,8.2,0,0,0,962.5,107,3.1,170,MOSTLY CLEAR,26.6,7.1,2025-08-14T00:25:00+09:30,PT5M
10,161,8.2,0,0,0,962.5,107,3.1,171,MOSTLY CLEAR,27.3,7.3,2025-08-14T00:30:00+09:30,PT5M
10,169,8.2,0,0,0,962.5,106,3.1,171,MOSTLY CLEAR,28.1,7.5,2025-08-14T00:35:00+09:30,PT5M
10,177,10.1,0,0,0,962.4,106,3.1,171,PARTLY CLOUDY,28.8,7.7,2025-08-14T00:40:00+09:30,PT5M
10,-176,10.1,0,0,0,962.4,106,3.1,171,PARTLY CLOUDY,29.5,7.9,2025-08-14T00:45:00+09:30,PT5M
10,-168,10.1,0,0,0,962.3,105,3.1,171,PARTLY CLOUDY,30.3,8.2,2025-08-14T00:50:00+09:30,PT5M
10,-160,10.1,0,0,0,962.3,105,3.1,171,PARTLY CLOUDY,31,8.4,2025-08-14T00:55:00+09:30,PT5M
10,-153,10.1,0,0,0,962.2,104,3.1,170,PARTLY CLOUDY,31.7,8.6,2025-08-14T01:00:00+09:30,PT5M
10,-147,8.2,0,0,0,962.2,104,3.1,170,MOSTLY CLEAR,32.6,8.8,2025-08-14T01:05:00+09:30,PT5M
9,-142,8.2,0,0,0,962.2,103,3.1,169,MOSTLY CLEAR,33.6,9,2025-08-14T01:10:00+09:30,PT5M
9,-137,10.1,0,0,0,962.1,103,3.1,168,PARTLY CLOUDY,34.5,9.3,2025-08-14T01:15:00+09:30,PT5M
9,-133,10.1,0,0,0,962.1,102,3.1,168,PARTLY CLOUDY,35.5,9.5,2025-08-14T01:20:00+09:30,PT5M
9,-129,8.2,0,0,0,962,102,3.1,167,MOSTLY CLEAR,36.5,9.7,2025-08-14T01:25:00+09:30,PT5M
9,-126,0,0,0,0,962,102,3.1,166,CLEAR,37.5,9.9,2025-08-14T01:30:00+09:30,PT5M
9,-123,0,0,0,0,962,101,3.1,165,CLEAR,38.4,10.2,2025-08-14T01:35:00+09:30,PT5M
9,-120,0,0,0,0,961.9,101,3,164,CLEAR,39.4,10.4,2025-08-14T01:40:00+09:30,PT5M
9,-118,8.2,0,0,0,961.9,101,3,163,MOSTLY CLEAR,40.4,10.6,2025-08-14T01:45:00+09:30,PT5M
9,-116,8.2,0,0,0,961.8,100,3,162,MOSTLY CLEAR,41.4,10.8,2025-08-14T01:50:00+09:30,PT5M
9,-114,8.2,0,0,0,961.8,100,3,161,MOSTLY CLEAR,42.3,11.1,2025-08-14T01:55:00+09:30,PT5M
9,-112,10.1,0,0,0,961.8,100,3,160,PARTLY CLOUDY,43.3,11.3,2025-08-14T02:00:00+09:30,PT5M
8,-110,10.1,0,0,0,961.7,99,3,159,PARTLY CLOUDY,44.3,11.5,2025-08-14T02:05:00+09:30,PT5M
8,-109,12.1,0,0,0,961.7,99,3,158,PARTLY CLOUDY,45.3,11.7,2025-08-14T02:10:00+09:30,PT5M
8,-108,10.1,0,0,0,961.7,99,3,156,PARTLY CLOUDY,46.3,11.9,2025-08-14T02:15:00+09:30,PT5M
8,-106,8.2,0,0,0,961.6,99,3,155,MOSTLY CLEAR,47.2,12.1,2025-08-14T02:20:00+09:30,PT5M
8,-105,8.2,0,0,0,961.6,98,2.9,154,MOSTLY CLEAR,48.2,12.3,2025-08-14T02:25:00+09:30,PT5M
8,-104,10.1,0,0,0,961.6,98,2.9,153,PARTLY CLOUDY,49.2,12.5,2025-08-14T02:30:00+09:30,PT5M
8,-103,10.1,0,0,0,961.6,98,2.9,152,PARTLY CLOUDY,50.2,12.6,2025-08-14T02:35:00+09:30,PT5M
8,-102,10.1,0,0,0,961.6,97,2.9,151,PARTLY CLOUDY,51.2,12.8,2025-08-14T02:40:00+09:30,PT5M
8,-101,10.1,0,0,0,961.5,97,2.9,150,PARTLY CLOUDY,52.2,13,2025-08-14T02:45:00+09:30,PT5M
8,-100,10.1,0,0,0,961.5,96,2.9,149,PARTLY CLOUDY,53.1,13.2,2025-08-14T02:50:00+09:30,PT5M
8,-99,8.2,0,0,0,961.5,96,2.9,148,MOSTLY CLEAR,54.1,13.4,2025-08-14T02:55:00+09:30,PT5M
8,-99,8.2,0,0,0,961.5,95,2.9,146,MOSTLY CLEAR,55.1,13.6,2025-08-14T03:00:00+09:30,PT5M
8,-98,8.2,0,0,0,961.5,95,2.9,145,MOSTLY CLEAR,56,13.8,2025-08-14T03:05:00+09:30,PT5M
8,-97,8.2,0,0,0,961.5,94,2.9,144,MOSTLY CLEAR,56.7,13.9,2025-08-14T03:10:00+09:30,PT5M
8,-97,8.2,0,0,0,961.5,94,2.9,143,MOSTLY CLEAR,57.5,14.1,2025-08-14T03:15:00+09:30,PT5M
7,-96,8.2,0,0,0,961.5,93,2.9,142,MOSTLY CLEAR,58.2,14.2,2025-08-14T03:20:00+09:30,PT5M
7,-95,8.2,0,0,0,961.5,93,2.9,141,MOSTLY CLEAR,59,14.4,2025-08-14T03:25:00+09:30,PT5M
7,-95,8.2,0,0,0,961.5,92,2.9,140,MOSTLY CLEAR,59.7,14.5,2025-08-14T03:30:00+09:30,PT5M
7,-94,8.2,0,0,0,961.5,92,2.9,138,MOSTLY CLEAR,60.5,14.7,2025-08-14T03:35:00+09:30,PT5M
7,-93,8.2,0,0,0,961.5,91,2.9,137,MOSTLY CLEAR,61.2,14.8,2025-08-14T03:40:00+09:30,PT5M
7,-93,8.2,0,0,0,961.5,91,2.9,136,MOSTLY CLEAR,62,15,2025-08-14T03:45:00+09:30,PT5M
7,-92,10.1,0,0,0,961.5,90,2.9,135,PARTLY CLOUDY,62.7,15.1,2025-08-14T03:50:00+09:30,PT5M
7,-92,8.2,0,0,0,961.5,90,2.9,134,MOSTLY CLEAR,63.5,15.3,2025-08-14T03:55:00+09:30,PT5M
7,-91,8.2,0,0,0,961.5,89,2.9,133,MOSTLY CLEAR,64.2,15.4,2025-08-14T04:00:00+09:30,PT5M
7,-91,8.2,0,0,0,961.5,89,2.9,132,MOSTLY CLEAR,64.9,15.6,2025-08-14T04:05:00+09:30,PT5M
7,-90,0,0,0,0,961.5,88,2.9,130,CLEAR,65.4,15.7,2025-08-14T04:10:00+09:30,PT5M
7,-90,0,0,0,0,961.5,88,2.9,129,CLEAR,65.9,15.8,2025-08-14T04:15:00+09:30,PT5M
7,-89,0,0,0,0,961.5,87,2.9,128,CLEAR,66.4,15.9,2025-08-14T04:20:00+09:30,PT5M
7,-89,0,0,0,0,961.5,87,2.9,127,CLEAR,66.9,16,2025-08-14T04:25:00+09:30,PT5M
7,-88,0,0,0,0,961.5,86,2.9,126,CLEAR,67.4,16.1,2025-08-14T04:30:00+09:30,PT5M
7,-88,10.1,0,0,0,961.5,86,2.9,125,PARTLY CLOUDY,67.9,16.3,2025-08-14T04:35:00+09:30,PT5M
7,-87,12.1,0,0,0,961.5,85,2.9,124,PARTLY CLOUDY,68.4,16.4,2025-08-14T04:40:00+09:30,PT5M
6,-87,10.1,0,0,0,961.5,85,2.9,122,PARTLY CLOUDY,68.9,16.5,2025-08-14T04:45:00+09:30,PT5M
6,-86,8.2,0,0,0,961.5,84,2.9,121,MOSTLY CLEAR,69.4,16.6,2025-08-14T04:50:00+09:30,PT5M
6,-86,8.2,0,0,0,961.5,84,2.9,120,MOSTLY CLEAR,69.9,16.7,2025-08-14T04:55:00+09:30,PT5M
6,-85,8.2,0,0,0,961.5,83,2.9,119,MOSTLY CLEAR,70.4,16.8,2025-08-14T05:00:00+09:30,PT5M
6,-85,8.2,0,0,0,961.5,83,2.9,118,MOSTLY CLEAR,71,17,2025-08-14T05:05:00+09:30,PT5M
6,-85,8.2,0,0,0,961.5,82,2.9,117,MOSTLY CLEAR,71.5,17,2025-08-14T05:10:00+09:30,PT5M
6,-84,8.2,0,0,0,961.5,82,2.9,116,MOSTLY CLEAR,72,17.1,2025-08-14T05:15:00+09:30,PT5M
6,-84,8.2,0,0,0,961.5,81,2.9,114,MOSTLY CLEAR,72.5,17.2,2025-08-14T05:20:00+09:30,PT5M
6,-83,8.2,0,0,0,961.5,81,2.9,113,MOSTLY CLEAR,73,17.4,2025-08-14T05:25:00+09:30,PT5M
6,-83,8.2,0,0,0,961.5,80,2.9,112,MOSTLY CLEAR,73.5,17.4,2025-08-14T05:30:00+09:30,PT5M
6,-82,8.2,0,0,0,961.5,80,2.9,111,MOSTLY CLEAR,74.1,17.5,2025-08-14T05:35:00+09:30,PT5M
6,-82,8.2,0,0,0,961.5,80,2.9,110,MOSTLY CLEAR,74.6,17.6,2025-08-14T05:40:00+09:30,PT5M
6,-81,8.2,0,0,0,961.6,79,2.9,109,MOSTLY CLEAR,75.1,17.8,2025-08-14T05:45:00+09:30,PT5M
6,-81,8.2,0,0,0,961.6,79,2.9,108,MOSTLY CLEAR,75.6,17.8,2025-08-14T05:50:00+09:30,PT5M
6,-81,8.2,0,0,0,961.7,79,2.9,107,MOSTLY CLEAR,76.1,18,2025-08-14T05:55:00+09:30,PT5M
6,-80,8.2,0,0,0,961.7,78,2.9,105,MOSTLY CLEAR,76.6,18,2025-08-14T06:00:00+09:30,PT5M
6,-80,8.2,0,0,0,961.7,78,2.9,104,MOSTLY CLEAR,76.5,18.1,2025-08-14T06:05:00+09:30,PT5M
6,-79,8.2,0,0,0,961.8,78,2.9,103,MOSTLY CLEAR,75.7,18.2,2025-08-14T06:10:00+09:30,PT5M
6,-79,8.2,0,0,0,961.8,77,2.9,102,MOSTLY CLEAR,74.8,18.2,2025-08-14T06:15:00+09:30,PT5M
6,-78,8.2,0,0,0,961.9,77,2.9,101,MOSTLY CLEAR,74,18.3,2025-08-14T06:20:00+09:30,PT5M
6,-78,10.1,0,0,0,961.9,77,2.9,100,PARTLY CLOUDY,73.2,18.4,2025-08-14T06:25:00+09:30,PT5M
6,-77,10.1,0,0,0,961.9,76,2.9,99,PARTLY CLOUDY,72.3,18.4,2025-08-14T06:30:00+09:30,PT5M
6,-77,8.2,0,0,0,962,76,2.9,98,MOSTLY CLEAR,71.5,18.5,2025-08-14T06:35:00+09:30,PT5M
6,-76,0,0,0,0,962,75,2.9,96,CLEAR,70.6,18.5,2025-08-14T06:40:00+09:30,PT5M
6,-76,0,0,0,0,962.1,75,2.9,95,CLEAR,69.8,18.6,2025-08-14T06:45:00+09:30,PT5M
6,-76,0,0,0,0,962.1,74,2.9,94,CLEAR,69,18.7,2025-08-14T06:50:00+09:30,PT5M
6,-75,0,0,0,0,962.2,73,2.8,93,CLEAR,68.2,18.7,2025-08-14T06:55:00+09:30,PT5M
6,-75,0,0,0,0,962.2,73,2.8,92,CLEAR,67.3,18.8,2025-08-14T07:00:00+09:30,PT5M
6,-74,0,0,0,0,962.2,72,2.8,91,CLEAR,65.8,18.8,2025-08-14T07:05:00+09:30,PT5M
6,-74,0,1,1,0,962.3,72,2.8,90,CLEAR,63.6,18.8,2025-08-14T07:10:00+09:30,PT5M
6,-73,0,11,15,0,962.3,71,2.8,89,SUNNY,61.4,18.9,2025-08-14T07:15:00+09:30,PT5M
6,-73,0,23,35,0,962.4,70,2.8,88,SUNNY,59.2,18.9,2025-08-14T07:20:00+09:30,PT5M
7,-72,0,37,63,0,962.4,70,2.8,87,SUNNY,57,18.9,2025-08-14T07:25:00+09:30,PT5M
7,-71,0,52,97,0,962.5,69,2.8,85,SUNNY,54.8,18.9,2025-08-14T07:30:00+09:30,PT5M
7,-71,0,68,126,0,962.5,69,2.8,84,SUNNY,52.7,19,2025-08-14T07:35:00+09:30,PT5M
7,-70,0,85,150,0,962.5,70,2.7,83,SUNNY,50.5,19,2025-08-14T07:40:00+09:30,PT5M
8,-70,0,102,174,0,962.6,71,2.7,82,SUNNY,48.3,19,2025-08-14T07:45:00+09:30,PT5M
8,-69,0,120,197,0,962.6,72,2.6,81,SUNNY,46.1,19,2025-08-14T07:50:00+09:30,PT5M
9,-69,0,138,221,0,962.7,73,2.6,80,SUNNY,43.9,19.1,2025-08-14T07:55:00+09:30,PT5M
9,-68,0,157,244,0,962.7,75,2.6,79,SUNNY,41.7,19.1,2025-08-14T08:00:00+09:30,PT5M
10,-68,0,175,267,0,962.7,76,2.5,78,SUNNY,39.5,18.9,2025-08-14T08:05:00+09:30,PT5M
10,-67,0,194,290,0,962.8,77,2.5,77,SUNNY,37.3,18.6,2025-08-14T08:10:00+09:30,PT5M
10,-66,0,213,313,0,962.8,78,2.4,76,SUNNY,35.1,18.3,2025-08-14T08:15:00+09:30,PT5M
11,-66,0,232,336,0,962.9,79,2.4,75,SUNNY,33,18,2025-08-14T08:20:00+09:30,PT5M
11,-65,0,251,358,0,962.9,81,2.4,74,SUNNY,30.8,17.7,2025-08-14T08:25:00+09:30,PT5M
12,-64,0,270,381,0,963,82,2.3,73,SUNNY,28.6,17.4,2025-08-14T08:30:00+09:30,PT5M
12,-64,0,289,403,0,963,83,2.4,72,SUNNY,26.4,17,2025-08-14T08:35:00+09:30,PT5M
12,-63,0,307,425,0,963,84,2.4,71,SUNNY,24.2,16.7,2025-08-14T08:40:00+09:30,PT5M
13,-62,0,326,447,0,963,86,2.5,70,SUNNY,22,16.4,2025-08-14T08:45:00+09:30,PT5M
13,-62,0,344,468,0,963,87,2.6,69,SUNNY,19.9,16.1,2025-08-14T08:50:00+09:30,PT5M
13,-61,0,363,490,0,963,88,2.7,68,SUNNY,17.7,15.8,2025-08-14T08:55:00+09:30,PT5M
14,-60,0,381,511,0,963,89,2.8,67,SUNNY,15.5,15.5,2025-08-14T09:00:00+09:30,PT5M
14,-59,0,399,532,0,963,89,2.8,66,SUNNY,14.7,14.7,2025-08-14T09:05:00+09:30,PT5M
14,-59,0,417,553,0,963,90,2.9,65,SUNNY,13.5,13.5,2025-08-14T09:10:00+09:30,PT5M
15,-58,0,435,574,0,963,91,3,64,SUNNY,12.3,12.3,2025-08-14T09:15:00+09:30,PT5M
15,-57,0,453,594,0,963.1,92,3.1,63,SUNNY,11.1,11.1,2025-08-14T09:20:00+09:30,PT5M
15,-56,0,470,614,0,963.1,92,3.2,62,SUNNY,9.9,9.9,2025-08-14T09:25:00+09:30,PT5M
15,-55,0,487,634,0,963.1,93,3.3,61,SUNNY,8.7,8.7,2025-08-14T09:30:00+09:30,PT5M
16,-55,0,505,654,0,963.1,93,3.3,60,SUNNY,7.6,7.6,2025-08-14T09:35:00+09:30,PT5M
16,-54,0,522,673,0,963,93,3.4,59,SUNNY,6.4,6.4,2025-08-14T09:40:00+09:30,PT5M
16,-53,0,538,691,0,963,93,3.5,58,SUNNY,5.3,5.2,2025-08-14T09:45:00+09:30,PT5M
16,-52,0,554,709,0,963,93,3.5,57,SUNNY,4.2,4,2025-08-14T09:50:00+09:30,PT5M
16,-51,0,569,727,0,963,93,3.6,56,SUNNY,3.1,2.8,2025-08-14T09:55:00+09:30,PT5M
16,-50,0,584,744,0,962.9,93,3.7,55,SUNNY,2,1.6,2025-08-14T10:00:00+09:30,PT5M
17,-49,0,599,761,0,962.9,93,3.7,54,SUNNY,1.5,1,2025-08-14T10:05:00+09:30,PT5M
17,-48,0,613,777,0,962.9,93,3.8,54,SUNNY,1.5,1,2025-08-14T10:10:00+09:30,PT5M
17,-47,0,627,792,0,962.9,93,3.9,53,SUNNY,1.5,1,2025-08-14T10:15:00+09:30,PT5M
17,-45,0,640,807,0,962.8,93,3.9,52,SUNNY,1.6,1,2025-08-14T10:20:00+09:30,PT5M
17,-44,0,654,822,0,962.8,93,4,51,SUNNY,1.6,1,2025-08-14T10:25:00+09:30,PT5M
17,-43,0,666,836,0,962.8,93,4.1,50,SUNNY,1.6,1,2025-08-14T10:30:00+09:30,PT5M
17,-42,0,678,850,0,962.7,93,4.1,50,SUNNY,1.6,1,2025-08-14T10:35:00+09:30,PT5M
18,-41,0,690,863,0,962.7,92,4.1,49,SUNNY,1.6,1,2025-08-14T10:40:00+09:30,PT5M
18,-39,0,702,876,0,962.6,92,4.1,48,SUNNY,1.6,1,2025-08-14T10:45:00+09:30,PT5M
18,-38,0,713,888,0,962.6,92,4.2,47,SUNNY,1.7,1,2025-08-14T10:50:00+09:30,PT5M
18,-37,0,723,900,0,962.5,91,4.2,47,SUNNY,1.7,1,2025-08-14T10:55:00+09:30,PT5M
18,-35,0,734,912,0,962.5,91,4.2,46,SUNNY,1.7,1,2025-08-14T11:00:00+09:30,PT5M
18,-34,0,743,923,0,962.4,91,4.2,45,SUNNY,1.7,1,2025-08-14T11:05:00+09:30,PT5M
19,-32,0,753,933,0,962.4,90,4.2,45,SUNNY,1.7,1,2025-08-14T11:10:00+09:30,PT5M
19,-31,0,761,943,0,962.3,90,4.2,44,SUNNY,1.8,1,2025-08-14T11:15:00+09:30,PT5M
19,-29,0,770,952,0,962.3,89,4.3,43,SUNNY,1.8,1,2025-08-14T11:20:00+09:30,PT5M
19,-28,0,778,961,0,962.2,89,4.3,43,SUNNY,1.8,1,2025-08-14T11:25:00+09:30,PT5M
19,-26,0,785,969,0,962.2,89,4.3,42,SUNNY,1.8,1,2025-08-14T11:30:00+09:30,PT5M
19,-25,0,792,977,0,962.1,89,4.3,42,SUNNY,1.9,1,2025-08-14T11:35:00+09:30,PT5M
19,-23,0,798,984,0,962,89,4.3,41,SUNNY,1.9,1,2025-08-14T11:40:00+09:30,PT5M
20,-21,0,804,991,0,961.9,89,4.2,41,SUNNY,1.9,1,2025-08-14T11:45:00+09:30,PT5M
20,-20,0,810,997,0,961.8,89,4.2,41,SUNNY,1.9,1,2025-08-14T11:50:00+09:30,PT5M
20,-18,0,815,1002,0,961.8,89,4.2,40,SUNNY,2,1,2025-08-14T11:55:00+09:30,PT5M
20,-16,0,819,1007,0,961.7,89,4.1,40,SUNNY,2,1,2025-08-14T12:00:00+09:30,PT5M
20,-14,0,823,1012,0,961.6,89,4.1,40,SUNNY,2.1,1,2025-08-14T12:05:00+09:30,PT5M
20,-12,0,827,1016,0,961.5,89,4.1,39,SUNNY,2.2,1,2025-08-14T12:10:00+09:30,PT5M
20,-10,0,830,1019,0,961.4,90,4,39,SUNNY,2.3,1,2025-08-14T12:15:00+09:30,PT5M
21,-8,0,833,1022,0,961.3,90,4,39,SUNNY,2.4,1,2025-08-14T12:20:00+09:30,PT5M
21,-7,0,835,1024,0,961.2,90,4,39,SUNNY,2.5,1,2025-08-14T12:25:00+09:30,PT5M
21,-5,0,836,1026,0,961.1,90,3.9,39,SUNNY,2.6,1,2025-08-14T12:30:00+09:30,PT5M
21,-3,0,837,1027,0,961,90,3.9,39,SUNNY,2.8,0.9,2025-08-14T12:35:00+09:30,PT5M
21,-1,0,838,1028,0,960.9,91,3.9,39,SUNNY,2.9,0.9,2025-08-14T12:40:00+09:30,PT5M
21,1,0,838,1028,0,960.8,91,3.8,39,SUNNY,3,0.9,2025-08-14T12:45:00+09:30,PT5M
21,3,0,837,1027,0,960.8,92,3.8,39,SUNNY,3.1,0.9,2025-08-14T12:50:00+09:30,PT5M
21,5,0,836,1026,0,960.7,92,3.8,39,SUNNY,3.2,0.9,2025-08-14T12:55:00+09:30,PT5M
21,7,0,834,1024,0,960.6,93,3.8,39,SUNNY,3.3,0.9,2025-08-14T13:00:00+09:30,PT5M
21,9,0,832,1022,0,960.5,93,3.7,39,SUNNY,3.5,0.9,2025-08-14T13:05:00+09:30,PT5M
21,11,0,830,1019,0,960.4,94,3.7,39,SUNNY,3.7,0.9,2025-08-14T13:10:00+09:30,PT5M
21,13,0,827,1016,0,960.3,94,3.7,39,SUNNY,3.9,0.9,2025-08-14T13:15:00+09:30,PT5M
21,14,0,823,1012,0,960.3,95,3.7,40,SUNNY,4.1,0.9,2025-08-14T13:20:00+09:30,PT5M
22,16,0,819,1007,0,960.2,95,3.7,40,SUNNY,4.3,0.9,2025-08-14T13:25:00+09:30,PT5M
22,18,0,815,1002,0,960.1,96,3.6,40,SUNNY,4.5,0.9,2025-08-14T13:30:00+09:30,PT5M
22,20,0,810,996,0,960,96,3.6,41,SUNNY,4.8,0.9,2025-08-14T13:35:00+09:30,PT5M
22,22,0,804,990,0,959.9,97,3.6,41,SUNNY,5,0.9,2025-08-14T13:40:00+09:30,PT5M
22,23,0,798,983,0,959.8,97,3.6,42,SUNNY,5.2,0.9,2025-08-14T13:45:00+09:30,PT5M
22,25,0,791,976,0,959.8,97,3.5,42,SUNNY,5.4,0.9,2025-08-14T13:50:00+09:30,PT5M
22,27,0,784,968,0,959.7,98,3.5,42,SUNNY,5.6,0.9,2025-08-14T13:55:00+09:30,PT5M
22,28,0,777,960,0,959.6,98,3.5,43,SUNNY,5.8,0.9,2025-08-14T14:00:00+09:30,PT5M
22,30,0,769,951,0,959.5,98,3.5,44,SUNNY,6,0.9,2025-08-14T14:05:00+09:30,PT5M
22,31,0,761,942,0,959.4,99,3.5,44,SUNNY,6.2,0.9,2025-08-14T14:10:00+09:30,PT5M
22,33,0,752,932,0,959.3,99,3.4,45,SUNNY,6.4,0.9,2025-08-14T14:15:00+09:30,PT5M
22,34,0,743,922,0,959.2,99,3.4,45,SUNNY,6.6,0.9,2025-08-14T14:20:00+09:30,PT5M
22,36,0,733,911,0,959.2,100,3.4,46,SUNNY,6.8,0.9,2025-08-14T14:25:00+09:30,PT5M
23,37,0,723,899,0,959.1,100,3.4,47,SUNNY,7,0.9,2025-08-14T14:30:00+09:30,PT5M
23,38,0,712,887,0,959,101,3.4,47,SUNNY,7.3,0.8,2025-08-14T14:35:00+09:30,PT5M
23,40,0,701,875,0,959,101,3.3,48,SUNNY,7.5,0.8,2025-08-14T14:40:00+09:30,PT5M
23,41,0,689,862,0,959,101,3.3,49,SUNNY,7.7,0.8,2025-08-14T14:45:00+09:30,PT5M
23,42,0,677,849,0,958.9,102,3.3,50,SUNNY,7.9,0.8,2025-08-14T14:50:00+09:30,PT5M
23,43,0,665,835,0,958.9,102,3.3,50,SUNNY,8.1,0.8,2025-08-14T14:55:00+09:30,PT5M
23,45,0,652,820,0,958.9,103,3.3,51,SUNNY,8.3,0.8,2025-08-14T15:00:00+09:30,PT5M
23,46,0,639,806,0,958.8,103,3.3,52,SUNNY,8.5,0.9,2025-08-14T15:05:00+09:30,PT5M
23,47,0,626,790,0,958.8,104,3.3,53,SUNNY,8.6,1.1,2025-08-14T15:10:00+09:30,PT5M
23,48,0,612,775,0,958.8,104,3.3,54,SUNNY,8.7,1.3,2025-08-14T15:15:00+09:30,PT5M
23,49,0,597,758,0,958.7,105,3.3,55,SUNNY,8.8,1.5,2025-08-14T15:20:00+09:30,PT5M
23,50,0,583,742,0,958.7,105,3.3,55,SUNNY,8.9,1.7,2025-08-14T15:25:00+09:30,PT5M
23,51,0,567,725,0,958.7,105,3.3,56,SUNNY,9,1.9,2025-08-14T15:30:00+09:30,PT5M
23,52,0,552,707,0,958.6,106,3.3,57,SUNNY,9.2,2.1,2025-08-14T15:35:00+09:30,PT5M
23,53,0,536,689,0,958.6,106,3.3,58,SUNNY,9.3,2.3,2025-08-14T15:40:00+09:30,PT5M
23,54,0,520,671,0,958.6,106,3.3,59,SUNNY,9.4,2.5,2025-08-14T15:45:00+09:30,PT5M
23,55,0,504,653,0,958.5,106,3.3,60,SUNNY,9.5,2.7,2025-08-14T15:50:00+09:30,PT5M
23,56,0,487,634,0,958.5,106,3.3,61,SUNNY,9.6,2.9,2025-08-14T15:55:00+09:30,PT5M
23,56,0,470,614,0,958.5,106,3.3,62,SUNNY,9.7,3.1,2025-08-14T16:00:00+09:30,PT5M
23,57,0,453,595,0,958.5,106,3.3,63,SUNNY,9.8,3.2,2025-08-14T16:05:00+09:30,PT5M
23,58,0,436,575,0,958.4,106,3.3,64,SUNNY,9.9,3.2,2025-08-14T16:10:00+09:30,PT5M
23,59,0,418,555,0,958.4,106,3.3,65,SUNNY,9.9,3.2,2025-08-14T16:15:00+09:30,PT5M
23,60,0,400,534,0,958.4,106,3.2,66,SUNNY,9.9,3.3,2025-08-14T16:20:00+09:30,PT5M
23,60,0,382,513,0,958.4,106,3.2,67,SUNNY,10,3.3,2025-08-14T16:25:00+09:30,PT5M
23,61,0,364,492,0,958.3,106,3.2,68,SUNNY,10,3.3,2025-08-14T16:30:00+09:30,PT5M
23,62,0,345,471,0,958.3,106,3.2,69,SUNNY,10.1,3.3,2025-08-14T16:35:00+09:30,PT5M
22,63,0,327,449,0,958.4,107,3.2,70,SUNNY,10.1,3.3,2025-08-14T16:40:00+09:30,PT5M
22,63,0,308,427,0,958.4,107,3.3,71,SUNNY,10.2,3.3,2025-08-14T16:45:00+09:30,PT5M
22,64,0,289,405,0,958.4,107,3.3,72,SUNNY,10.2,3.4,2025-08-14T16:50:00+09:30,PT5M
22,65,0,270,383,0,958.4,107,3.3,73,SUNNY,10.2,3.4,2025-08-14T16:55:00+09:30,PT5M
22,65,0,251,360,0,958.5,107,3.3,74,SUNNY,10.3,3.4,2025-08-14T17:00:00+09:30,PT5M
22,66,0,232,337,0,958.5,108,3.3,75,SUNNY,10.3,3.4,2025-08-14T17:05:00+09:30,PT5M
22,67,0,213,315,0,958.5,108,3.3,76,SUNNY,10.4,3.4,2025-08-14T17:10:00+09:30,PT5M
22,67,0,194,292,0,958.5,108,3.3,77,SUNNY,10.4,3.5,2025-08-14T17:15:00+09:30,PT5M
21,68,0,175,269,0,958.6,108,3.4,78,SUNNY,10.4,3.5,2025-08-14T17:20:00+09:30,PT5M
21,68,0,157,246,0,958.6,109,3.4,79,SUNNY,10.4,3.5,2025-08-14T17:25:00+09:30,PT5M
21,69,0,138,223,0,958.6,109,3.4,80,SUNNY,10.5,3.5,2025-08-14T17:30:00+09:30,PT5M
21,70,0,120,199,0,958.6,109,3.4,81,SUNNY,10.5,3.6,2025-08-14T17:35:00+09:30,PT5M
21,70,0,102,176,0,958.7,110,3.3,82,SUNNY,10.6,3.6,2025-08-14T17:40:00+09:30,PT5M
21,71,0,85,153,0,958.7,111,3.3,83,SUNNY,10.6,3.6,2025-08-14T17:45:00+09:30,PT5M
20,71,0,68,129,0,958.7,112,3.2,84,SUNNY,10.6,3.6,2025-08-14T17:50:00+09:30,PT5M
20,72,0,52,98,0,958.7,112,3.2,86,SUNNY,10.6,3.7,2025-08-14T17:55:00+09:30,PT5M
20,72,8.2,34,53,0,958.8,113,3.1,87,MOSTLY SUNNY,10.7,3.7,2025-08-14T18:00:00+09:30,PT5M
20,73,0,23,36,0,958.8,114,3.1,88,SUNNY,10.7,3.7,2025-08-14T18:05:00+09:30,PT5M
20,73,0,11,15,0,958.8,115,3,89,SUNNY,10.8,3.8,2025-08-14T18:10:00+09:30,PT5M
19,74,0,1,1,0,958.8,116,3,90,CLEAR,10.8,3.8,2025-08-14T18:15:00+09:30,PT5M
19,74,0,0,0,0,958.9,117,3,91,CLEAR,10.9,3.8,2025-08-14T18:20:00+09:30,PT5M
19,75,0,0,0,0,958.9,118,2.9,92,CLEAR,10.9,3.8,2025-08-14T18:25:00+09:30,PT5M
19,75,0,0,0,0,958.9,119,2.9,93,CLEAR,11,3.9,2025-08-14T18:30:00+09:30,PT5M
19,76,0,0,0,0,959,119,2.9,94,CLEAR,11,3.9,2025-08-14T18:35:00+09:30,PT5M
19,76,0,0,0,0,959,119,2.9,95,CLEAR,11.1,4,2025-08-14T18:40:00+09:30,PT5M
18,77,0,0,0,0,959,119,2.9,97,CLEAR,11.1,4,2025-08-14T18:45:00+09:30,PT5M
18,77,8.2,0,0,0,959.1,118,2.9,98,MOSTLY CLEAR,11.2,4,2025-08-14T18:50:00+09:30,PT5M
18,78,8.2,0,0,0,959.1,118,2.9,99,MOSTLY CLEAR,11.2,4,2025-08-14T18:55:00+09:30,PT5M
18,78,0,0,0,0,959.1,118,2.9,100,CLEAR,11.3,4.1,2025-08-14T19:00:00+09:30,PT5M
17,79,0,0,0,0,959.2,118,2.9,101,CLEAR,11.3,4.1,2025-08-14T19:05:00+09:30,PT5M
17,79,0,0,0,0,959.2,118,2.9,102,CLEAR,11.4,4.1,2025-08-14T19:10:00+09:30,PT5M
17,79,8.2,0,0,0,959.2,117,2.9,103,MOSTLY CLEAR,11.5,4.2,2025-08-14T19:15:00+09:30,PT5M
17,80,8.2,0,0,0,959.3,117,2.9,104,MOSTLY CLEAR,11.6,4.2,2025-08-14T19:20:00+09:30,PT5M
16,80,8.2,0,0,0,959.3,117,2.9,106,MOSTLY CLEAR,11.7,4.2,2025-08-14T19:25:00+09:30,PT5M
16,81,0,0,0,0,959.3,117,2.9,107,CLEAR,11.8,4.2,2025-08-14T19:30:00+09:30,PT5M
16,81,0,0,0,0,959.3,116,2.9,108,CLEAR,11.8,4.3,2025-08-14T19:35:00+09:30,PT5M
16,82,0,0,0,0,959.4,116,2.9,109,CLEAR,11.9,4.3,2025-08-14T19:40:00+09:30,PT5M
16,82,8.2,0,0,0,959.4,115,2.9,110,MOSTLY CLEAR,12,4.3,2025-08-14T19:45:00+09:30,PT5M
15,83,8.2,0,0,0,959.4,115,2.9,111,MOSTLY CLEAR,12.1,4.3,2025-08-14T19:50:00+09:30,PT5M
15,83,8.2,0,0,0,959.4,115,2.9,112,MOSTLY CLEAR,12.2,4.4,2025-08-14T19:55:00+09:30,PT5M
15,84,8.2,0,0,0,959.4,114,3,113,MOSTLY CLEAR,12.3,4.4,2025-08-14T20:00:00+09:30,PT5M
15,84,8.2,0,0,0,959.5,114,3,115,MOSTLY CLEAR,12.3,4.4,2025-08-14T20:05:00+09:30,PT5M
15,84,8.2,0,0,0,959.5,113,3,116,MOSTLY CLEAR,12.4,4.4,2025-08-14T20:10:00+09:30,PT5M
14,85,8.2,0,0,0,959.5,113,3,117,MOSTLY CLEAR,12.5,4.4,2025-08-14T20:15:00+09:30,PT5M
14,85,8.2,0,0,0,959.5,112,3,118,MOSTLY CLEAR,12.6,4.5,2025-08-14T20:20:00+09:30,PT5M
14,86,0,0,0,0,959.5,112,3,119,CLEAR,12.6,4.5,2025-08-14T20:25:00+09:30,PT5M
14,86,0,0,0,0,959.5,112,3,120,CLEAR,12.7,4.5,2025-08-14T20:30:00+09:30,PT5M
13,87,8.2,0,0,0,959.6,111,3,121,MOSTLY CLEAR,12.8,4.5,2025-08-14T20:35:00+09:30,PT5M
13,87,10.1,0,0,0,959.6,110,3,123,PARTLY CLOUDY,12.9,4.5,2025-08-14T20:40:00+09:30,PT5M
13,88,8.2,0,0,0,959.6,109,3,124,MOSTLY CLEAR,12.9,4.5,2025-08-14T20:45:00+09:30,PT5M
13,88,0,0,0,0,959.6,108,3,125,CLEAR,13,4.6,2025-08-14T20:50:00+09:30,PT5M
13,89,0,0,0,0,959.7,107,3,126,CLEAR,13.1,4.6,2025-08-14T20:55:00+09:30,PT5M
13,89,0,0,0,0,959.7,106,3,127,CLEAR,13.2,4.6,2025-08-14T21:00:00+09:30,PT5M
13,90,8.2,0,0,0,959.7,105,3,128,MOSTLY CLEAR,13.3,4.6,2025-08-14T21:05:00+09:30,PT5M
13,90,8.2,0,0,0,959.7,104,3,129,MOSTLY CLEAR,13.4,4.6,2025-08-14T21:10:00+09:30,PT5M
13,91,8.2,0,0,0,959.8,103,2.9,131,MOSTLY CLEAR,13.6,4.7,2025-08-14T21:15:00+09:30,PT5M
13,91,8.2,0,0,0,959.8,102,2.9,132,MOSTLY CLEAR,13.7,4.7,2025-08-14T21:20:00+09:30,PT5M
13,92,12.1,0,0,0,959.8,101,2.9,133,PARTLY CLOUDY,13.8,4.7,2025-08-14T21:25:00+09:30,PT5M
12,92,14,0,0,0,959.8,100,2.9,134,PARTLY CLOUDY,14,4.7,2025-08-14T21:30:00+09:30,PT5M
12,93,12.1,0,0,0,959.8,99,2.9,135,PARTLY CLOUDY,14.1,4.8,2025-08-14T21:35:00+09:30,PT5M
12,93,10.1,0,0,0,959.8,98,2.9,136,PARTLY CLOUDY,14.3,4.8,2025-08-14T21:40:00+09:30,PT5M
12,94,10.1,0,0,0,959.8,97,2.9,137,PARTLY CLOUDY,14.4,4.8,2025-08-14T21:45:00+09:30,PT5M
12,94,12.1,0,0,0,959.8,96,2.9,139,PARTLY CLOUDY,14.5,4.8,2025-08-14T21:50:00+09:30,PT5M
12,95,10.1,0,0,0,959.7,95,2.9,140,PARTLY CLOUDY,14.7,4.9,2025-08-14T21:55:00+09:30,PT5M
12,96,10.1,0,0,0,959.7,94,2.9,141,PARTLY CLOUDY,14.8,4.9,2025-08-14T22:00:00+09:30,PT5M
11,96,8.2,0,0,0,959.7,92,2.9,142,MOSTLY CLEAR,15,4.9,2025-08-14T22:05:00+09:30,PT5M
11,97,8.2,0,0,0,959.7,91,2.9,143,MOSTLY CLEAR,15.2,5,2025-08-14T22:10:00+09:30,PT5M
11,98,10.1,0,0,0,959.6,90,2.9,144,PARTLY CLOUDY,15.4,5,2025-08-14T22:15:00+09:30,PT5M
11,98,10.1,0,0,0,959.6,89,2.9,145,PARTLY CLOUDY,15.6,5,2025-08-14T22:20:00+09:30,PT5M
11,99,10.1,0,0,0,959.6,88,2.9,147,PARTLY CLOUDY,15.8,5.1,2025-08-14T22:25:00+09:30,PT5M
11,100,8.2,0,0,0,959.6,87,2.9,148,MOSTLY CLEAR,16,5.1,2025-08-14T22:30:00+09:30,PT5M
10,101,10.1,0,0,0,959.5,85,2.9,149,PARTLY CLOUDY,16.1,5.1,2025-08-14T22:35:00+09:30,PT5M
10,102,12.1,0,0,0,959.6,84,2.9,150,PARTLY CLOUDY,16.3,5.2,2025-08-14T22:40:00+09:30,PT5M
10,103,10.1,0,0,0,959.6,82,2.9,151,PARTLY CLOUDY,16.5,5.2,2025-08-14T22:45:00+09:30,PT5M
10,104,10.1,0,0,0,959.6,81,2.9,152,PARTLY CLOUDY,16.7,5.2,2025-08-14T22:50:00+09:30,PT5M
10,105,10.1,0,0,0,959.6,79,2.9,153,PARTLY CLOUDY,16.9,5.3,2025-08-14T22:55:00+09:30,PT5M
10,106,8.2,0,0,0,959.6,78,2.9,154,MOSTLY CLEAR,17.1,5.3,2025-08-14T23:00:00+09:30,PT5M
10,107,10.1,0,0,0,959.6,76,2.9,155,PARTLY CLOUDY,17.3,5.3,2025-08-14T23:05:00+09:30,PT5M
10,108,12.1,0,0,0,959.6,75,2.9,157,PARTLY CLOUDY,17.5,5.4,2025-08-14T23:10:00+09:30,PT5M
9,110,12.1,0,0,0,959.6,73,2.9,158,PARTLY CLOUDY,17.7,5.5,2025-08-14T23:15:00+09:30,PT5M
9,111,10.1,0,0,0,959.6,72,2.9,159,PARTLY CLOUDY,17.9,5.5,2025-08-14T23:20:00+09:30,PT5M
9,113,12.1,0,0,0,959.6,70,2.9,160,PARTLY CLOUDY,18.1,5.6,2025-08-14T23:25:00+09:30,PT5M
9,115,10.1,0,0,0,959.6,69,2.9,161,PARTLY CLOUDY,18.3,5.7,2025-08-14T23:30:00+09:30,PT5M
9,117,12.1,0,0,0,959.6,67,2.9,162,PARTLY CLOUDY,18.5,5.7,2025-08-14T23:35:00+09:30,PT5M
9,119,10.1,0,0,0,959.6,66,2.9,163,PARTLY CLOUDY,18.7,5.8,2025-08-14T23:40:00+09:30,PT5M
9,121,12.1,0,0,0,959.5,65,2.9,164,PARTLY CLOUDY,18.9,5.9,2025-08-14T23:45:00+09:30,PT5M
9,124,14,0,0,0,959.5,63,2.9,165,PARTLY CLOUDY,19.1,5.9,2025-08-14T23:50:00+09:30,PT5M
9,127,12.1,0,0,0,959.5,62,2.9,166,PARTLY CLOUDY,19.3,6,2025-08-14T23:55:00+09:30,PT5M
9,130,12.1,0,0,0,959.4,61,2.9,167,PARTLY CLOUDY,19.5,6.1,2025-08-15T00:00:00+09:30,PT5M
9,134,10.1,0,0,0,959.4,60,2.9,167,PARTLY CLOUDY,19.7,6.1,2025-08-15T00:05:00+09:30,PT5M
9,139,10.1,0,0,0,959.3,59,2.9,168,PARTLY CLOUDY,20,6.2,2025-08-15T00:10:00+09:30,PT5M
9,143,8.2,0,0,0,959.3,57,3,169,MOSTLY CLEAR,20.2,6.3,2025-08-15T00:15:00+09:30,PT5M
9,149,8.2,0,0,0,959.2,56,3,170,MOSTLY CLEAR,20.5,6.4,2025-08-15T00:20:00+09:30,PT5M
9,155,0,0,0,0,959.2,55,3,170,CLEAR,20.8,6.4,2025-08-15T00:25:00+09:30,PT5M
9,162,0,0,0,0,959.2,54,3,171,CLEAR,21,6.5,2025-08-15T00:30:00+09:30,PT5M
9,169,10.1,0,0,0,959.1,53,3,171,PARTLY CLOUDY,21.3,6.6,2025-08-15T00:35:00+09:30,PT5M
9,177,12.1,0,0,0,959,52,3,171,PARTLY CLOUDY,21.5,6.7,2025-08-15T00:40:00+09:30,PT5M
9,-175,14,0,0,0,958.9,51,3,171,PARTLY CLOUDY,21.8,6.7,2025-08-15T00:45:00+09:30,PT5M
8,-168,14,0,0,0,958.9,50,3,171,PARTLY CLOUDY,22.1,6.8,2025-08-15T00:50:00+09:30,PT5M
8,-161,14,0,0,0,958.8,49,2.9,170,PARTLY CLOUDY,22.3,6.9,2025-08-15T00:55:00+09:30,PT5M
8,-154,14,0,0,0,958.7,48,2.9,170,PARTLY CLOUDY,22.6,7,2025-08-15T01:00:00+09:30,PT5M
8,-148,12.1,0,0,0,958.6,47,2.9,169,PARTLY CLOUDY,22.9,7,2025-08-15T01:05:00+09:30,PT5M
8,-143,10.1,0,0,0,958.6,46,2.9,169,PARTLY CLOUDY,23.2,7.1,2025-08-15T01:10:00+09:30,PT5M
8,-138,10.1,0,0,0,958.5,44,2.9,168,PARTLY CLOUDY,23.5,7.2,2025-08-15T01:15:00+09:30,PT5M
8,-133,10.1,0,0,0,958.4,43,2.9,167,PARTLY CLOUDY,23.8,7.3,2025-08-15T01:20:00+09:30,PT5M
8,-130,10.1,0,0,0,958.3,42,2.9,166,PARTLY CLOUDY,24.1,7.4,2025-08-15T01:25:00+09:30,PT5M
8,-126,12.1,0,0,0,958.3,41,2.9,166,PARTLY CLOUDY,24.4,7.5,2025-08-15T01:30:00+09:30,PT5M
8,-123,10.1,0,0,0,958.2,40,2.9,165,PARTLY CLOUDY,24.8,7.5,2025-08-15T01:35:00+09:30,PT5M
7,-121,10.1,0,0,0,958.2,40,2.9,164,PARTLY CLOUDY,25.1,7.6,2025-08-15T01:40:00+09:30,PT5M
7,-118,8.2,0,0,0,958.2,39,2.9,163,MOSTLY CLEAR,25.4,7.7,2025-08-15T01:45:00+09:30,PT5M
7,-116,10.1,0,0,0,958.1,38,2.9,162,PARTLY CLOUDY,25.7,7.8,2025-08-15T01:50:00+09:30,PT5M
7,-114,8.2,0,0,0,958.1,38,2.9,161,MOSTLY CLEAR,26,7.9,2025-08-15T01:55:00+09:30,PT5M
7,-113,8.2,0,0,0,958.1,37,2.9,160,MOSTLY CLEAR,26.3,8,2025-08-15T02:00:00+09:30,PT5M
7,-111,8.2,0,0,0,958.1,36,2.9,158,MOSTLY CLEAR,26.7,8,2025-08-15T02:05:00+09:30,PT5M
7,-110,8.2,0,0,0,958,35,2.9,157,MOSTLY CLEAR,27,8.1,2025-08-15T02:10:00+09:30,PT5M
7,-108,8.2,0,0,0,958,35,2.8,156,MOSTLY CLEAR,27.3,8.2,2025-08-15T02:15:00+09:30,PT5M
7,-107,0,0,0,0,958,34,2.8,155,CLEAR,27.6,8.3,2025-08-15T02:20:00+09:30,PT5M
7,-106,8.2,0,0,0,958,33,2.8,154,MOSTLY CLEAR,28,8.4,2025-08-15T02:25:00+09:30,PT5M
6,-105,8.2,0,0,0,957.9,32,2.8,153,MOSTLY CLEAR,28.3,8.5,2025-08-15T02:30:00+09:30,PT5M
6,-104,8.2,0,0,0,957.9,32,2.8,152,MOSTLY CLEAR,28.6,8.5,2025-08-15T02:35:00+09:30,PT5M
6,-103,10.1,0,0,0,958,31,2.8,151,PARTLY CLOUDY,28.9,8.6,2025-08-15T02:40:00+09:30,PT5M
7,-102,10.1,0,0,0,958,30,2.7,150,PARTLY CLOUDY,29.3,8.7,2025-08-15T02:45:00+09:30,PT5M
7,-101,10.1,0,0,0,958,29,2.7,149,PARTLY CLOUDY,29.6,8.8,2025-08-15T02:50:00+09:30,PT5M
7,-100,10.1,0,0,0,958,28,2.7,147,PARTLY CLOUDY,29.9,8.9,2025-08-15T02:55:00+09:30,PT5M
7,-99,12.1,0,0,0,958,27,2.6,146,PARTLY CLOUDY,30.2,9,2025-08-15T03:00:00+09:30,PT5M
7,-98,8.2,0,0,0,958,26,2.6,145,MOSTLY CLEAR,30.6,9,2025-08-15T03:05:00+09:30,PT5M
7,-98,8.2,0,0,0,958.1,24,2.6,144,MOSTLY CLEAR,30.9,9.1,2025-08-15T03:10:00+09:30,PT5M
7,-97,8.2,0,0,0,958.1,23,2.5,143,MOSTLY CLEAR,31.2,9.2,2025-08-15T03:15:00+09:30,PT5M
7,-96,8.2,0,0,0,958.1,22,2.5,142,MOSTLY CLEAR,31.5,9.3,2025-08-15T03:20:00+09:30,PT5M
7,-96,8.2,0,0,0,958.1,21,2.5,141,MOSTLY CLEAR,31.8,9.4,2025-08-15T03:25:00+09:30,PT5M
7,-95,0,0,0,0,958.1,20,2.4,139,CLEAR,32.1,9.5,2025-08-15T03:30:00+09:30,PT5M
7,-94,0,0,0,0,958.1,19,2.4,138,CLEAR,32.4,9.5,2025-08-15T03:35:00+09:30,PT5M
7,-94,0,0,0,0,958.1,18,2.4,137,CLEAR,32.7,9.6,2025-08-15T03:40:00+09:30,PT5M
7,-93,0,0,0,0,958.1,17,2.4,136,CLEAR,33,9.7,2025-08-15T03:45:00+09:30,PT5M
7,-93,0,0,0,0,958.1,16,2.3,135,CLEAR,33.3,9.8,2025-08-15T03:50:00+09:30,PT5M
7,-92,0,0,0,0,958.1,15,2.3,134,CLEAR,33.6,9.9,2025-08-15T03:55:00+09:30,PT5M
7,-92,0,0,0,0,958,14,2.3,133,CLEAR,33.9,10,2025-08-15T04:00:00+09:30,PT5M
7,-91,8.2,0,0,0,958,14,2.3,131,MOSTLY CLEAR,34.3,10,2025-08-15T04:05:00+09:30,PT5M
7,-91,8.2,0,0,0,958,13,2.2,130,MOSTLY CLEAR,34.6,10.1,2025-08-15T04:10:00+09:30,PT5M
7,-90,8.2,0,0,0,958,12,2.2,129,MOSTLY CLEAR,34.9,10.2,2025-08-15T04:15:00+09:30,PT5M
7,-90,0,0,0,0,958,11,2.2,128,CLEAR,35.2,10.3,2025-08-15T04:20:00+09:30,PT5M
7,-89,0,0,0,0,958,10,2.2,127,CLEAR,35.5,10.4,2025-08-15T04:25:00+09:30,PT5M
7,-89,8.2,0,0,0,957.9,9,2.1,126,MOSTLY CLEAR,35.8,10.5,2025-08-15T04:30:00+09:30,PT5M
7,-88,8.2,0,0,0,957.9,8,2.1,125,MOSTLY CLEAR,36.1,10.5,2025-08-15T04:35:00+09:30,PT5M
7,-88,0,0,0,0,957.9,7,2.1,123,CLEAR,36.4,10.6,2025-08-15T04:40:00+09:30,PT5M
7,-87,8.2,0,0,0,957.9,6,2.2,122,MOSTLY CLEAR,36.7,10.7,2025-08-15T04:45:00+09:30,PT5M
7,-87,10.1,0,0,0,957.9,6,2.2,121,PARTLY CLOUDY,37,10.8,2025-08-15T04:50:00+09:30,PT5M
7,-86,8.2,0,0,0,957.9,5,2.2,120,MOSTLY CLEAR,37.3,10.9,2025-08-15T04:55:00+09:30,PT5M
7,-86,8.2,0,0,0,957.9,4,2.2,119,MOSTLY CLEAR,37.6,11,2025-08-15T05:00:00+09:30,PT5M
7,-85,8.2,0,0,0,957.9,4,2.2,118,MOSTLY CLEAR,38,11,2025-08-15T05:05:00+09:30,PT5M
7,-85,0,0,0,0,957.9,3,2.2,117,CLEAR,38.2,11.1,2025-08-15T05:10:00+09:30,PT5M
7,-84,0,0,0,0,957.9,2,2.2,115,CLEAR,38.6,11.2,2025-08-15T05:15:00+09:30,PT5M
7,-84,0,0,0,0,957.9,2,2.3,114,CLEAR,38.8,11.3,2025-08-15T05:20:00+09:30,PT5M
7,-84,8.2,0,0,0,957.9,1,2.3,113,MOSTLY CLEAR,39.2,11.4,2025-08-15T05:25:00+09:30,PT5M
7,-83,8.2,0,0,0,957.9,0,2.3,112,MOSTLY CLEAR,39.4,11.5,2025-08-15T05:30:00+09:30,PT5M
7,-83,8.2,0,0,0,957.9,360,2.3,111,MOSTLY CLEAR,39.8,11.6,2025-08-15T05:35:00+09:30,PT5M
7,-82,0,0,0,0,958,359,2.3,110,CLEAR,40,11.7,2025-08-15T05:40:00+09:30,PT5M
7,-82,8.2,0,0,0,958,359,2.3,109,MOSTLY CLEAR,40.4,11.8,2025-08-15T05:45:00+09:30,PT5M
6,-81,8.2,0,0,0,958,359,2.3,108,MOSTLY CLEAR,40.7,11.9,2025-08-15T05:50:00+09:30,PT5M
6,-81,8.2,0,0,0,958,358,2.3,106,MOSTLY CLEAR,41,12,2025-08-15T05:55:00+09:30,PT5M
6,-80,8.2,0,0,0,958,358,2.3,105,MOSTLY CLEAR,41.2,12.1,2025-08-15T06:00:00+09:30,PT5M
6,-80,8.2,0,0,0,958,357,2.3,104,MOSTLY CLEAR,41.3,12.1,2025-08-15T06:05:00+09:30,PT5M
6,-80,8.2,0,0,0,958.1,357,2.3,103,MOSTLY CLEAR,41,12.2,2025-08-15T06:10:00+09:30,PT5M
6,-79,8.2,0,0,0,958.1,356,2.3,102,MOSTLY CLEAR,40.8,12.3,2025-08-15T06:15:00+09:30,PT5M
6,-79,8.2,0,0,0,958.1,356,2.3,101,MOSTLY CLEAR,40.6,12.4,2025-08-15T06:20:00+09:30,PT5M
6,-78,8.2,0,0,0,958.1,356,2.3,100,MOSTLY CLEAR,40.3,12.5,2025-08-15T06:25:00+09:30,PT5M
6,-78,8.2,0,0,0,958.1,355,2.3,99,MOSTLY CLEAR,40.1,12.6,2025-08-15T06:30:00+09:30,PT5M
6,-77,8.2,0,0,0,958.1,355,2.3,97,MOSTLY CLEAR,39.8,12.6,2025-08-15T06:35:00+09:30,PT5M
6,-77,8.2,0,0,0,958.2,354,2.3,96,MOSTLY CLEAR,39.6,12.7,2025-08-15T06:40:00+09:30,PT5M
6,-76,0,0,0,0,958.2,353,2.3,95,CLEAR,39.3,12.8,2025-08-15T06:45:00+09:30,PT5M
6,-76,8.2,0,0,0,958.2,353,2.3,94,MOSTLY CLEAR,39.1,12.9,2025-08-15T06:50:00+09:30,PT5M
6,-75,0,0,0,0,958.2,352,2.3,93,CLEAR,38.9,13,2025-08-15T06:55:00+09:30,PT5M
7,-75,0,0,0,0,958.3,351,2.3,92,CLEAR,38.6,13.1,2025-08-15T07:00:00+09:30,PT5M
7,-74,0,0,0,0,958.3,351,2.3,91,CLEAR,38.1,13.1,2025-08-15T07:05:00+09:30,PT5M
7,-74,0,3,4,0,958.3,350,2.3,90,CLEAR,37.3,13.2,2025-08-15T07:10:00+09:30,PT5M
7,-73,0,14,20,0,958.3,350,2.3,89,SUNNY,36.5,13.3,2025-08-15T07:15:00+09:30,PT5M
7,-73,0,27,44,0,958.4,349,2.3,87,SUNNY,35.8,13.3,2025-08-15T07:20:00+09:30,PT5M
7,-72,0,41,73,0,958.4,348,2.3,86,SUNNY,35,13.4,2025-08-15T07:25:00+09:30,PT5M
7,-72,0,57,110,0,958.4,348,2.3,85,SUNNY,34.2,13.5,2025-08-15T07:30:00+09:30,PT5M
7,-71,0,73,138,0,958.4,347,2.2,84,SUNNY,33.4,13.5,2025-08-15T07:35:00+09:30,PT5M
8,-71,0,90,161,0,958.5,347,2.2,83,SUNNY,32.6,13.6,2025-08-15T07:40:00+09:30,PT5M
8,-70,0,108,185,0,958.5,346,2.2,82,SUNNY,31.8,13.7,2025-08-15T07:45:00+09:30,PT5M
9,-70,0,126,208,0,958.5,346,2.2,81,SUNNY,31.1,13.7,2025-08-15T07:50:00+09:30,PT5M
9,-69,0,145,231,0,958.6,346,2.2,80,SUNNY,30.3,13.8,2025-08-15T07:55:00+09:30,PT5M
10,-68,0,163,255,0,958.6,345,2.2,79,SUNNY,29.5,13.9,2025-08-15T08:00:00+09:30,PT5M
10,-68,0,182,278,0,958.7,345,2.2,78,SUNNY,28.7,13.8,2025-08-15T08:05:00+09:30,PT5M
11,-67,0,201,301,0,958.7,345,2.1,77,SUNNY,27.9,13.7,2025-08-15T08:10:00+09:30,PT5M
11,-67,0,220,324,0,958.7,344,2.1,76,SUNNY,27.1,13.5,2025-08-15T08:15:00+09:30,PT5M
12,-66,0,240,347,0,958.8,344,2.1,75,SUNNY,26.4,13.4,2025-08-15T08:20:00+09:30,PT5M
12,-65,0,259,369,0,958.8,344,2.1,74,SUNNY,25.6,13.3,2025-08-15T08:25:00+09:30,PT5M
12,-65,0,278,392,0,958.8,343,2.1,73,SUNNY,24.8,13.1,2025-08-15T08:30:00+09:30,PT5M
13,-64,0,297,414,0,958.8,344,2.1,71,SUNNY,24,13,2025-08-15T08:35:00+09:30,PT5M
13,-63,0,316,436,0,958.8,345,2.1,70,SUNNY,23.2,12.8,2025-08-15T08:40:00+09:30,PT5M
14,-63,0,334,458,0,958.8,345,2,69,SUNNY,22.4,12.7,2025-08-15T08:45:00+09:30,PT5M
14,-62,0,353,479,0,958.8,346,2,68,SUNNY,21.7,12.6,2025-08-15T08:50:00+09:30,PT5M
14,-61,0,372,501,0,958.8,347,2,67,SUNNY,20.9,12.4,2025-08-15T08:55:00+09:30,PT5M
15,-60,0,390,522,0,958.8,348,2,66,SUNNY,20.1,12.3,2025-08-15T09:00:00+09:30,PT5M
15,-60,0,408,543,0,958.8,349,2,65,SUNNY,19.4,11.9,2025-08-15T09:05:00+09:30,PT5M
16,-59,0,426,563,0,958.8,350,2,64,SUNNY,18.9,11.2,2025-08-15T09:10:00+09:30,PT5M
16,-58,0,444,584,0,958.8,351,2,63,SUNNY,18.4,10.5,2025-08-15T09:15:00+09:30,PT5M
16,-57,0,462,604,0,958.8,352,1.9,62,SUNNY,17.9,9.8,2025-08-15T09:20:00+09:30,PT5M
17,-57,0,479,623,0,958.8,353,1.9,62,SUNNY,17.4,9.1,2025-08-15T09:25:00+09:30,PT5M
17,-56,0,496,643,0,958.8,354,1.9,61,SUNNY,16.9,8.4,2025-08-15T09:30:00+09:30,PT5M
18,-55,0,513,663,0,958.8,354,1.9,60,SUNNY,16.4,7.7,2025-08-15T09:35:00+09:30,PT5M
18,-54,0,530,681,0,958.9,354,1.8,59,SUNNY,15.9,7,2025-08-15T09:40:00+09:30,PT5M
18,-53,0,546,699,0,958.9,353,1.8,58,SUNNY,15.4,6.3,2025-08-15T09:45:00+09:30,PT5M
18,-52,0,562,717,0,958.9,353,1.7,57,SUNNY,14.9,5.6,2025-08-15T09:50:00+09:30,PT5M
18,-51,0,577,735,0,958.9,353,1.6,56,SUNNY,14.4,4.9,2025-08-15T09:55:00+09:30,PT5M
18,-50,0,592,752,0,958.9,353,1.6,55,SUNNY,13.9,4.2,2025-08-15T10:00:00+09:30,PT5M
19,-49,0,607,768,0,958.9,353,1.5,54,SUNNY,13.5,3.9,2025-08-15T10:05:00+09:30,PT5M
19,-48,0,621,784,0,959,352,1.5,53,SUNNY,13.3,3.8,2025-08-15T10:10:00+09:30,PT5M
19,-47,0,635,800,0,959,352,1.4,52,SUNNY,13,3.6,2025-08-15T10:15:00+09:30,PT5M
19,-46,0,649,815,0,959,352,1.4,52,SUNNY,12.8,3.6,2025-08-15T10:20:00+09:30,PT5M
19,-45,0,662,830,0,959,351,1.3,51,SUNNY,12.6,3.4,2025-08-15T10:25:00+09:30,PT5M
20,-43,0,674,844,0,959,351,1.2,50,SUNNY,12.4,3.4,2025-08-15T10:30:00+09:30,PT5M
20,-42,0,687,858,0,959,350,1.1,49,SUNNY,12.1,3.2,2025-08-15T10:35:00+09:30,PT5M
20,-41,0,699,871,0,959,347,1,49,SUNNY,11.9,3.2,2025-08-15T10:40:00+09:30,PT5M
20,-40,0,710,884,0,959,344,0.9,48,SUNNY,11.7,3,2025-08-15T10:45:00+09:30,PT5M
20,-38,0,721,896,0,958.9,339,0.7,47,SUNNY,11.5,3,2025-08-15T10:50:00+09:30,PT5M
20,-37,0,732,908,0,958.9,332,0.6,46,SUNNY,11.2,2.8,2025-08-15T10:55:00+09:30,PT5M
20,-36,0,742,919,0,958.9,322,0.5,46,SUNNY,11,2.8,2025-08-15T11:00:00+09:30,PT5M
21,-34,0,752,930,0,958.9,306,0.4,45,SUNNY,10.8,2.7,2025-08-15T11:05:00+09:30,PT5M
21,-33,0,761,941,0,958.8,283,0.3,44,SUNNY,10.6,2.7,2025-08-15T11:10:00+09:30,PT5M
21,-31,0,770,950,0,958.8,258,0.3,44,SUNNY,10.4,2.7,2025-08-15T11:15:00+09:30,PT5M
21,-30,0,778,960,0,958.8,238,0.4,43,SUNNY,10.1,2.6,2025-08-15T11:20:00+09:30,PT5M
21,-28,0,786,968,0,958.8,225,0.5,43,SUNNY,9.9,2.6,2025-08-15T11:25:00+09:30,PT5M
21,-26,0,793,977,0,958.7,217,0.7,42,SUNNY,9.7,2.6,2025-08-15T11:30:00+09:30,PT5M
21,-25,0,800,984,0,958.7,209,0.8,42,SUNNY,9.5,2.6,2025-08-15T11:35:00+09:30,PT5M
22,-23,0,806,991,0,958.6,202,0.9,41,SUNNY,9.3,2.6,2025-08-15T11:40:00+09:30,PT5M
22,-21,0,812,998,0,958.5,196,1,41,SUNNY,9.1,2.6,2025-08-15T11:45:00+09:30,PT5M
22,-20,0,818,1004,0,958.4,192,1.1,40,SUNNY,8.8,2.5,2025-08-15T11:50:00+09:30,PT5M
22,-18,0,823,1009,0,958.4,188,1.2,40,SUNNY,8.6,2.5,2025-08-15T11:55:00+09:30,PT5M
22,-16,0,827,1014,0,958.3,185,1.4,40,SUNNY,8.4,2.5,2025-08-15T12:00:00+09:30,PT5M
22,-14,0,831,1019,0,958.2,183,1.5,39,SUNNY,8.4,2.5,2025-08-15T12:05:00+09:30,PT5M
22,-12,0,834,1022,0,958.1,181,1.7,39,SUNNY,8.5,2.5,2025-08-15T12:10:00+09:30,PT5M
22,-10,0,837,1025,0,958,179,1.8,39,SUNNY,8.6,2.5,2025-08-15T12:15:00+09:30,PT5M
23,-8,0,839,1028,0,957.9,178,1.9,39,SUNNY,8.7,2.5,2025-08-15T12:20:00+09:30,PT5M
23,-7,0,841,1030,0,957.9,177,2.1,39,SUNNY,8.8,2.5,2025-08-15T12:25:00+09:30,PT5M
23,-5,0,843,1031,0,957.8,176,2.2,38,SUNNY,8.9,2.5,2025-08-15T12:30:00+09:30,PT5M
23,-3,0,843,1032,0,957.7,174,2.4,38,SUNNY,9,2.5,2025-08-15T12:35:00+09:30,PT5M
23,-1,0,844,1032,0,957.6,173,2.5,38,SUNNY,9.1,2.5,2025-08-15T12:40:00+09:30,PT5M
23,1,0,843,1032,0,957.5,172,2.6,38,SUNNY,9.2,2.5,2025-08-15T12:45:00+09:30,PT5M
23,3,0,843,1031,0,957.4,171,2.7,38,SUNNY,9.3,2.5,2025-08-15T12:50:00+09:30,PT5M
23,5,0,841,1030,0,957.3,170,2.8,38,SUNNY,9.4,2.5,2025-08-15T12:55:00+09:30,PT5M
23,7,0,839,1027,0,957.2,169,3,39,SUNNY,9.5,2.5,2025-08-15T13:00:00+09:30,PT5M
24,9,0,837,1025,0,957.1,168,3.1,39,SUNNY,9.8,2.5,2025-08-15T13:05:00+09:30,PT5M
24,11,0,834,1022,0,957,167,3.2,39,SUNNY,10.3,2.5,2025-08-15T13:10:00+09:30,PT5M
24,13,0,831,1018,0,956.9,167,3.3,39,SUNNY,10.7,2.5,2025-08-15T13:15:00+09:30,PT5M
24,15,0,827,1014,0,956.8,166,3.4,39,SUNNY,11.1,2.5,2025-08-15T13:20:00+09:30,PT5M
24,16,0,823,1009,0,956.7,165,3.6,40,SUNNY,11.6,2.5,2025-08-15T13:25:00+09:30,PT5M
24,18,0,819,1004,0,956.6,165,3.7,40,SUNNY,12,2.5,2025-08-15T13:30:00+09:30,PT5M
24,20,0,813,998,0,956.5,164,3.8,40,SUNNY,12.5,2.6,2025-08-15T13:35:00+09:30,PT5M
24,22,0,808,992,0,956.4,164,3.9,41,SUNNY,12.9,2.6,2025-08-15T13:40:00+09:30,PT5M
24,24,0,801,985,0,956.4,163,3.9,41,SUNNY,13.4,2.6,2025-08-15T13:45:00+09:30,PT5M
24,25,0,795,977,0,956.3,163,4,42,SUNNY,13.8,2.6,2025-08-15T13:50:00+09:30,PT5M
24,27,0,788,969,0,956.2,162,4.1,42,SUNNY,14.2,2.6,2025-08-15T13:55:00+09:30,PT5M
24,28,0,780,961,0,956.2,162,4.2,43,SUNNY,14.7,2.6,2025-08-15T14:00:00+09:30,PT5M
24,30,0,772,952,0,956.1,161,4.3,43,SUNNY,15.1,2.6,2025-08-15T14:05:00+09:30,PT5M
24,32,0,763,942,0,956.1,161,4.3,44,SUNNY,15.6,2.6,2025-08-15T14:10:00+09:30,PT5M
25,33,0,754,932,0,956,160,4.4,45,SUNNY,16,2.6,2025-08-15T14:15:00+09:30,PT5M
25,35,0,745,921,0,956,160,4.5,45,SUNNY,16.5,2.6,2025-08-15T14:20:00+09:30,PT5M
25,36,0,735,910,0,955.9,159,4.6,46,SUNNY,16.9,2.6,2025-08-15T14:25:00+09:30,PT5M
25,37,0,724,898,0,955.8,159,4.7,47,SUNNY,17.4,2.6,2025-08-15T14:30:00+09:30,PT5M
25,39,0,714,886,0,955.8,159,4.7,47,SUNNY,17.8,2.7,2025-08-15T14:35:00+09:30,PT5M
25,40,0,702,874,0,955.8,159,4.8,48,SUNNY,18.3,2.7,2025-08-15T14:40:00+09:30,PT5M
25,41,0,691,861,0,955.7,159,4.8,49,SUNNY,18.7,2.7,2025-08-15T14:45:00+09:30,PT5M
25,43,0,679,847,0,955.7,159,4.8,49,SUNNY,19.2,2.7,2025-08-15T14:50:00+09:30,PT5M
25,44,0,666,833,0,955.7,159,4.9,50,SUNNY,19.6,2.7,2025-08-15T14:55:00+09:30,PT5M
25,45,0,653,819,0,955.7,159,4.9,51,SUNNY,20.1,2.7,2025-08-15T15:00:00+09:30,PT5M
25,46,0,640,804,0,955.6,159,5,52,SUNNY,20.4,2.8,2025-08-15T15:05:00+09:30,PT5M
25,47,0,626,788,0,955.6,159,5,53,SUNNY,20.5,3.1,2025-08-15T15:10:00+09:30,PT5M
25,48,0,612,772,0,955.6,159,5,54,SUNNY,20.7,3.3,2025-08-15T15:15:00+09:30,PT5M
25,49,0,597,755,0,955.6,158,5.1,54,SUNNY,20.8,3.6,2025-08-15T15:20:00+09:30,PT5M
25,50,0,582,738,0,955.5,158,5.1,55,SUNNY,20.9,3.8,2025-08-15T15:25:00+09:30,PT5M
25,51,0,567,721,0,955.5,158,5.1,56,SUNNY,21.1,4.1,2025-08-15T15:30:00+09:30,PT5M
25,52,0,551,703,0,955.5,158,5.2,57,SUNNY,21.2,4.3,2025-08-15T15:35:00+09:30,PT5M
24,53,0,536,685,0,955.6,158,5.2,58,SUNNY,21.4,4.6,2025-08-15T15:40:00+09:30,PT5M
24,54,0,519,666,0,955.6,158,5.2,59,SUNNY,21.5,4.8,2025-08-15T15:45:00+09:30,PT5M
24,55,0,503,647,0,955.6,158,5.2,60,SUNNY,21.6,5.1,2025-08-15T15:50:00+09:30,PT5M
24,56,0,486,628,0,955.7,158,5.2,61,SUNNY,21.8,5.3,2025-08-15T15:55:00+09:30,PT5M
24,57,0,469,608,0,955.7,158,5.2,62,SUNNY,21.9,5.6,2025-08-15T16:00:00+09:30,PT5M
24,58,0,451,589,0,955.7,158,5.2,63,SUNNY,21.9,5.7,2025-08-15T16:05:00+09:30,PT5M
24,58,0,434,569,0,955.8,158,5.2,64,SUNNY,21.8,5.7,2025-08-15T16:10:00+09:30,PT5M
24,59,0,416,548,0,955.8,158,5.2,65,SUNNY,21.6,5.6,2025-08-15T16:15:00+09:30,PT5M
24,60,0,398,528,0,955.8,158,5.2,66,SUNNY,21.5,5.6,2025-08-15T16:20:00+09:30,PT5M
24,61,0,380,507,0,955.9,158,5.2,67,SUNNY,21.3,5.6,2025-08-15T16:25:00+09:30,PT5M
24,61,0,362,486,0,955.9,157,5.2,68,SUNNY,21.2,5.5,2025-08-15T16:30:00+09:30,PT5M
24,62,0,344,465,0,955.9,157,5.2,69,SUNNY,21,5.5,2025-08-15T16:35:00+09:30,PT5M
24,63,0,325,443,0,955.9,157,5.2,70,SUNNY,20.9,5.5,2025-08-15T16:40:00+09:30,PT5M
24,64,0,306,421,0,956,158,5.2,71,SUNNY,20.7,5.4,2025-08-15T16:45:00+09:30,PT5M
24,64,0,288,399,0,956,158,5.2,72,SUNNY,20.6,5.4,2025-08-15T16:50:00+09:30,PT5M
23,65,0,269,377,0,956,158,5.2,73,SUNNY,20.4,5.4,2025-08-15T16:55:00+09:30,PT5M
23,66,0,250,355,0,956,158,5.1,74,SUNNY,20.3,5.3,2025-08-15T17:00:00+09:30,PT5M
23,66,0,231,332,0,956.1,158,5.1,75,SUNNY,20.1,5.3,2025-08-15T17:05:00+09:30,PT5M
23,67,0,212,309,0,956.1,158,5.1,76,SUNNY,20,5.3,2025-08-15T17:10:00+09:30,PT5M
23,67,0,193,287,0,956.1,158,5.1,77,SUNNY,19.8,5.3,2025-08-15T17:15:00+09:30,PT5M
23,68,0,174,264,0,956.1,158,5.1,78,SUNNY,19.7,5.3,2025-08-15T17:20:00+09:30,PT5M
22,69,0,156,240,0,956.2,158,5.1,79,SUNNY,19.5,5.3,2025-08-15T17:25:00+09:30,PT5M
22,69,0,137,217,0,956.2,158,5.1,80,SUNNY,19.4,5.3,2025-08-15T17:30:00+09:30,PT5M
22,70,0,119,194,0,956.2,158,5,81,SUNNY,19.2,5.2,2025-08-15T17:35:00+09:30,PT5M
22,70,0,102,171,0,956.3,158,4.9,82,SUNNY,19.1,5.2,2025-08-15T17:40:00+09:30,PT5M
22,71,0,84,147,0,956.3,157,4.8,83,SUNNY,18.9,5.2,2025-08-15T17:45:00+09:30,PT5M
22,71,0,68,124,0,956.4,157,4.7,84,SUNNY,18.8,5.2,2025-08-15T17:50:00+09:30,PT5M
22,72,0,52,94,0,956.4,157,4.5,85,SUNNY,18.6,5.2,2025-08-15T17:55:00+09:30,PT5M
22,73,0,37,61,0,956.5,157,4.4,87,SUNNY,18.5,5.2,2025-08-15T18:00:00+09:30,PT5M
21,73,0,23,35,0,956.5,156,4.3,88,SUNNY,18.4,5.2,2025-08-15T18:05:00+09:30,PT5M
21,74,0,11,14,0,956.6,156,4.2,89,SUNNY,18.3,5.2,2025-08-15T18:10:00+09:30,PT5M
21,74,0,1,1,0,956.6,156,4.1,90,CLEAR,18.2,5.2,2025-08-15T18:15:00+09:30,PT5M
21,75,0,0,0,0,956.7,155,4,91,CLEAR,18.1,5.2,2025-08-15T18:20:00+09:30,PT5M
21,75,0,0,0,0,956.7,155,3.8,92,CLEAR,18.1,5.2,2025-08-15T18:25:00+09:30,PT5M
21,76,0,0,0,0,956.8,154,3.7,93,CLEAR,18,5.2,2025-08-15T18:30:00+09:30,PT5M
21,76,0,0,0,0,956.9,154,3.6,94,CLEAR,17.9,5.2,2025-08-15T18:35:00+09:30,PT5M
20,77,0,0,0,0,956.9,154,3.6,95,CLEAR,17.8,5.2,2025-08-15T18:40:00+09:30,PT5M
20,77,0,0,0,0,957,154,3.5,96,CLEAR,17.8,5.2,2025-08-15T18:45:00+09:30,PT5M
20,77,0,0,0,0,957.1,154,3.5,98,CLEAR,17.7,5.2,2025-08-15T18:50:00+09:30,PT5M
20,78,0,0,0,0,957.2,154,3.4,99,CLEAR,17.6,5.2,2025-08-15T18:55:00+09:30,PT5M
19,78,0,0,0,0,957.3,154,3.4,100,CLEAR,17.5,5.2,2025-08-15T19:00:00+09:30,PT5M
19,79,0,0,0,0,957.4,154,3.3,101,CLEAR,17.5,5.2,2025-08-15T19:05:00+09:30,PT5M
19,79,0,0,0,0,957.4,154,3.2,102,CLEAR,17.5,5.2,2025-08-15T19:10:00+09:30,PT5M
19,80,0,0,0,0,957.5,154,3.2,103,CLEAR,17.5,5.2,2025-08-15T19:15:00+09:30,PT5M
18,80,0,0,0,0,957.6,154,3.1,104,CLEAR,17.5,5.2,2025-08-15T19:20:00+09:30,PT5M
18,81,0,0,0,0,957.7,154,3.1,105,CLEAR,17.5,5.2,2025-08-15T19:25:00+09:30,PT5M
18,81,0,0,0,0,957.8,154,3,107,CLEAR,17.5,5.2,2025-08-15T19:30:00+09:30,PT5M
18,82,0,0,0,0,957.9,154,3,108,CLEAR,17.4,5.3,2025-08-15T19:35:00+09:30,PT5M
18,82,0,0,0,0,957.9,154,3,109,CLEAR,17.4,5.3,2025-08-15T19:40:00+09:30,PT5M
17,82,0,0,0,0,958,154,3,110,CLEAR,17.4,5.3,2025-08-15T19:45:00+09:30,PT5M
17,83,0,0,0,0,958,154,3,111,CLEAR,17.4,5.3,2025-08-15T19:50:00+09:30,PT5M
17,83,0,0,0,0,958.1,153,3,112,CLEAR,17.4,5.3,2025-08-15T19:55:00+09:30,PT5M
17,84,0,0,0,0,958.1,153,3,113,CLEAR,17.4,5.3,2025-08-15T20:00:00+09:30,PT5M
17,84,0,0,0,0,958.2,153,3,115,CLEAR,17.4,5.3,2025-08-15T20:05:00+09:30,PT5M
16,85,8.2,0,0,0,958.3,153,3,116,MOSTLY CLEAR,17.4,5.3,2025-08-15T20:10:00+09:30,PT5M
16,85,8.2,0,0,0,958.3,152,3,117,MOSTLY CLEAR,17.4,5.3,2025-08-15T20:15:00+09:30,PT5M
16,86,8.2,0,0,0,958.4,152,3,118,MOSTLY CLEAR,17.4,5.3,2025-08-15T20:20:00+09:30,PT5M
16,86,8.2,0,0,0,958.4,152,3,119,MOSTLY CLEAR,17.4,5.3,2025-08-15T20:25:00+09:30,PT5M
16,87,8.2,0,0,0,958.5,152,3,120,MOSTLY CLEAR,17.4,5.3,2025-08-15T20:30:00+09:30,PT5M
15,87,0,0,0,0,958.5,152,3,121,CLEAR,17.3,5.4,2025-08-15T20:35:00+09:30,PT5M
15,88,0,0,0,0,958.6,152,3,123,CLEAR,17.3,5.4,2025-08-15T20:40:00+09:30,PT5M
15,88,0,0,0,0,958.6,152,3,124,CLEAR,17.3,5.4,2025-08-15T20:45:00+09:30,PT5M
15,88,8.2,0,0,0,958.6,153,3,125,MOSTLY CLEAR,17.3,5.4,2025-08-15T20:50:00+09:30,PT5M
15,89,8.2,0,0,0,958.6,153,3,126,MOSTLY CLEAR,17.3,5.4,2025-08-15T20:55:00+09:30,PT5M
15,89,8.2,0,0,0,958.7,153,3,127,MOSTLY CLEAR,17.3,5.4,2025-08-15T21:00:00+09:30,PT5M
15,90,8.2,0,0,0,958.7,154,3,128,MOSTLY CLEAR,17.3,5.4,2025-08-15T21:05:00+09:30,PT5M
15,90,8.2,0,0,0,958.7,154,3,129,MOSTLY CLEAR,17.3,5.4,2025-08-15T21:10:00+09:30,PT5M
15,91,8.2,0,0,0,958.7,154,3,131,MOSTLY CLEAR,17.3,5.4,2025-08-15T21:15:00+09:30,PT5M
15,91,8.2,0,0,0,958.8,154,3.1,132,MOSTLY CLEAR,17.3,5.4,2025-08-15T21:20:00+09:30,PT5M
15,92,8.2,0,0,0,958.8,155,3.1,133,MOSTLY CLEAR,17.3,5.4,2025-08-15T21:25:00+09:30,PT5M
14,93,8.2,0,0,0,958.8,155,3.1,134,MOSTLY CLEAR,17.3,5.4,2025-08-15T21:30:00+09:30,PT5M
14,93,8.2,0,0,0,958.8,155,3.1,135,MOSTLY CLEAR,17.4,5.5,2025-08-15T21:35:00+09:30,PT5M
14,94,8.2,0,0,0,958.8,156,3.1,136,MOSTLY CLEAR,17.4,5.5,2025-08-15T21:40:00+09:30,PT5M
14,94,8.2,0,0,0,958.8,156,3.2,137,MOSTLY CLEAR,17.4,5.5,2025-08-15T21:45:00+09:30,PT5M
14,95,8.2,0,0,0,958.8,157,3.2,139,MOSTLY CLEAR,17.4,5.5,2025-08-15T21:50:00+09:30,PT5M
14,96,0,0,0,0,958.8,157,3.2,140,CLEAR,17.4,5.5,2025-08-15T21:55:00+09:30,PT5M
14,96,0,0,0,0,958.8,158,3.3,141,CLEAR,17.4,5.5,2025-08-15T22:00:00+09:30,PT5M
14,97,0,0,0,0,958.8,158,3.3,142,CLEAR,17.4,5.5,2025-08-15T22:05:00+09:30,PT5M
14,98,8.2,0,0,0,958.8,158,3.3,143,MOSTLY CLEAR,17.4,5.5,2025-08-15T22:10:00+09:30,PT5M
14,98,8.2,0,0,0,958.8,159,3.4,144,MOSTLY CLEAR,17.5,5.5,2025-08-15T22:15:00+09:30,PT5M
14,99,8.2,0,0,0,958.8,159,3.4,145,MOSTLY CLEAR,17.5,5.5,2025-08-15T22:20:00+09:30,PT5M
13,100,8.2,0,0,0,958.7,159,3.5,146,MOSTLY CLEAR,17.5,5.5,2025-08-15T22:25:00+09:30,PT5M
13,101,8.2,0,0,0,958.7,160,3.5,148,MOSTLY CLEAR,17.5,5.5,2025-08-15T22:30:00+09:30,PT5M
13,101,8.2,0,0,0,958.7,160,3.5,149,MOSTLY CLEAR,17.6,5.6,2025-08-15T22:35:00+09:30,PT5M
13,102,8.2,0,0,0,958.8,160,3.6,150,MOSTLY CLEAR,17.6,5.6,2025-08-15T22:40:00+09:30,PT5M
13,103,0,0,0,0,958.8,159,3.7,151,CLEAR,17.6,5.6,2025-08-15T22:45:00+09:30,PT5M
13,104,0,0,0,0,958.8,159,3.7,152,CLEAR,17.6,5.6,2025-08-15T22:50:00+09:30,PT5M
13,105,0,0,0,0,958.8,159,3.8,153,CLEAR,17.7,5.6,2025-08-15T22:55:00+09:30,PT5M
13,107,0,0,0,0,958.8,159,3.8,154,CLEAR,17.7,5.6,2025-08-15T23:00:00+09:30,PT5M
13,108,0,0,0,0,958.8,159,3.9,155,CLEAR,17.7,5.6,2025-08-15T23:05:00+09:30,PT5M
13,109,8.2,0,0,0,958.9,158,4,156,MOSTLY CLEAR,17.8,5.6,2025-08-15T23:10:00+09:30,PT5M
13,110,0,0,0,0,958.9,158,4,158,CLEAR,17.8,5.6,2025-08-15T23:15:00+09:30,PT5M
12,112,0,0,0,0,958.9,158,4.1,159,CLEAR,17.8,5.7,2025-08-15T23:20:00+09:30,PT5M
12,114,0,0,0,0,958.9,158,4.1,160,CLEAR,17.8,5.7,2025-08-15T23:25:00+09:30,PT5M
12,115,0,0,0,0,958.9,158,4.2,161,CLEAR,17.9,5.7,2025-08-15T23:30:00+09:30,PT5M
12,117,0,0,0,0,958.9,158,4.2,162,CLEAR,17.9,5.7,2025-08-15T23:35:00+09:30,PT5M
12,120,8.2,0,0,0,958.9,157,4.3,163,MOSTLY CLEAR,18,5.7,2025-08-15T23:40:00+09:30,PT5M
12,122,0,0,0,0,959,157,4.3,164,CLEAR,18,5.7,2025-08-15T23:45:00+09:30,PT5M
12,125,0,0,0,0,959,157,4.3,165,CLEAR,18,5.8,2025-08-15T23:50:00+09:30,PT5M
12,128,0,0,0,0,959,156,4.4,166,CLEAR,18,5.8,2025-08-15T23:55:00+09:30,PT5M
12,131,0,0,0,0,959,156,4.4,166,CLEAR,18.1,5.8,2025-08-16T00:00:00+09:30,PT5M
12,135,0,0,0,0,959,156,4.5,167,CLEAR,18.1,5.8,2025-08-16T00:05:00+09:30,PT5M
12,140,8.2,0,0,0,959,156,4.5,168,MOSTLY CLEAR,18.2,5.8,2025-08-16T00:10:00+09:30,PT5M
12,145,8.2,0,0,0,959,155,4.5,169,MOSTLY CLEAR,18.3,5.8,2025-08-16T00:15:00+09:30,PT5M
12,150,8.2,0,0,0,959,155,4.6,169,MOSTLY CLEAR,18.4,5.8,2025-08-16T00:20:00+09:30,PT5M
12,156,8.2,0,0,0,959,155,4.6,170,MOSTLY CLEAR,18.4,5.8,2025-08-16T00:25:00+09:30,PT5M
12,163,10.1,0,0,0,959,155,4.6,170,PARTLY CLOUDY,18.5,5.8,2025-08-16T00:30:00+09:30,PT5M
12,170,0,0,0,0,959,154,4.6,171,CLEAR,18.6,5.9,2025-08-16T00:35:00+09:30,PT5M
12,177,0,0,0,0,959,154,4.6,171,CLEAR,18.7,5.9,2025-08-16T00:40:00+09:30,PT5M
12,-175,0,0,0,0,959,154,4.6,171,CLEAR,18.7,5.9,2025-08-16T00:45:00+09:30,PT5M
12,-168,0,0,0,0,958.9,154,4.6,171,CLEAR,18.8,5.9,2025-08-16T00:50:00+09:30,PT5M
11,-161,0,0,0,0,958.9,154,4.6,170,CLEAR,18.9,5.9,2025-08-16T00:55:00+09:30,PT5M
11,-154,8.2,0,0,0,958.9,154,4.6,170,MOSTLY CLEAR,19,5.9,2025-08-16T01:00:00+09:30,PT5M
11,-149,0,0,0,0,958.9,153,4.6,169,CLEAR,19.1,5.9,2025-08-16T01:05:00+09:30,PT5M
11,-143,0,0,0,0,958.8,153,4.6,169,CLEAR,19.2,5.9,2025-08-16T01:10:00+09:30,PT5M
11,-138,0,0,0,0,958.8,153,4.6,168,CLEAR,19.3,6,2025-08-16T01:15:00+09:30,PT5M
11,-134,0,0,0,0,958.8,153,4.5,167,CLEAR,19.5,6,2025-08-16T01:20:00+09:30,PT5M
11,-130,0,0,0,0,958.8,153,4.5,166,CLEAR,19.6,6,2025-08-16T01:25:00+09:30,PT5M
11,-127,8.2,0,0,0,958.7,152,4.5,165,MOSTLY CLEAR,19.7,6,2025-08-16T01:30:00+09:30,PT5M
11,-124,8.2,0,0,0,958.7,152,4.5,164,MOSTLY CLEAR,19.9,6.1,2025-08-16T01:35:00+09:30,PT5M
11,-122,8.2,0,0,0,958.7,152,4.5,163,MOSTLY CLEAR,20,6.1,2025-08-16T01:40:00+09:30,PT5M
11,-119,0,0,0,0,958.7,152,4.5,162,CLEAR,20.1,6.1,2025-08-16T01:45:00+09:30,PT5M
11,-117,0,0,0,0,958.6,152,4.5,161,CLEAR,20.3,6.1,2025-08-16T01:50:00+09:30,PT5M
11,-115,0,0,0,0,958.6,152,4.5,160,CLEAR,20.4,6.2,2025-08-16T01:55:00+09:30,PT5M
11,-113,8.2,0,0,0,958.5,152,4.4,159,MOSTLY CLEAR,20.5,6.2,2025-08-16T02:00:00+09:30,PT5M
11,-112,8.2,0,0,0,958.5,152,4.4,158,MOSTLY CLEAR,20.7,6.2,2025-08-16T02:05:00+09:30,PT5M
11,-110,8.2,0,0,0,958.5,152,4.4,157,MOSTLY CLEAR,20.8,6.2,2025-08-16T02:10:00+09:30,PT5M
11,-109,8.2,0,0,0,958.4,151,4.4,156,MOSTLY CLEAR,20.9,6.3,2025-08-16T02:15:00+09:30,PT5M
11,-107,10.1,0,0,0,958.4,151,4.4,155,PARTLY CLOUDY,21.1,6.3,2025-08-16T02:20:00+09:30,PT5M
11,-106,8.2,0,0,0,958.4,151,4.4,154,MOSTLY CLEAR,21.2,6.3,2025-08-16T02:25:00+09:30,PT5M
10,-105,8.2,0,0,0,958.3,151,4.3,153,MOSTLY CLEAR,21.3,6.3,2025-08-16T02:30:00+09:30,PT5M
10,-104,8.2,0,0,0,958.3,151,4.3,152,MOSTLY CLEAR,21.5,6.4,2025-08-16T02:35:00+09:30,PT5M
10,-103,8.2,0,0,0,958.4,151,4.3,151,MOSTLY CLEAR,21.6,6.4,2025-08-16T02:40:00+09:30,PT5M
10,-102,8.2,0,0,0,958.4,151,4.3,150,MOSTLY CLEAR,21.7,6.4,2025-08-16T02:45:00+09:30,PT5M
10,-101,8.2,0,0,0,958.4,151,4.3,148,MOSTLY CLEAR,21.9,6.4,2025-08-16T02:50:00+09:30,PT5M
10,-100,8.2,0,0,0,958.4,152,4.3,147,MOSTLY CLEAR,22,6.5,2025-08-16T02:55:00+09:30,PT5M
10,-100,8.2,0,0,0,958.5,152,4.3,146,MOSTLY CLEAR,22.1,6.5,2025-08-16T03:00:00+09:30,PT5M
10,-99,10.1,0,0,0,958.5,152,4.3,145,PARTLY CLOUDY,22.3,6.5,2025-08-16T03:05:00+09:30,PT5M
10,-98,12.1,0,0,0,958.5,152,4.3,144,PARTLY CLOUDY,22.5,6.6,2025-08-16T03:10:00+09:30,PT5M
10,-97,10.1,0,0,0,958.5,152,4.3,143,PARTLY CLOUDY,22.7,6.6,2025-08-16T03:15:00+09:30,PT5M
10,-97,8.2,0,0,0,958.6,152,4.3,142,MOSTLY CLEAR,22.9,6.7,2025-08-16T03:20:00+09:30,PT5M
10,-96,8.2,0,0,0,958.6,152,4.3,140,MOSTLY CLEAR,23.1,6.7,2025-08-16T03:25:00+09:30,PT5M
10,-95,8.2,0,0,0,958.6,152,4.3,139,MOSTLY CLEAR,23.3,6.8,2025-08-16T03:30:00+09:30,PT5M
10,-95,0,0,0,0,958.6,152,4.3,138,CLEAR,23.4,6.8,2025-08-16T03:35:00+09:30,PT5M
10,-94,0,0,0,0,958.6,152,4.3,137,CLEAR,23.6,6.9,2025-08-16T03:40:00+09:30,PT5M
10,-94,0,0,0,0,958.7,152,4.3,136,CLEAR,23.8,6.9,2025-08-16T03:45:00+09:30,PT5M
10,-93,0,0,0,0,958.7,152,4.3,135,CLEAR,24,7,2025-08-16T03:50:00+09:30,PT5M
10,-93,0,0,0,0,958.7,152,4.3,134,CLEAR,24.2,7,2025-08-16T03:55:00+09:30,PT5M
10,-92,0,0,0,0,958.7,152,4.3,132,CLEAR,24.4,7.1,2025-08-16T04:00:00+09:30,PT5M
10,-91,0,0,0,0,958.7,152,4.3,131,CLEAR,24.6,7.1,2025-08-16T04:05:00+09:30,PT5M
10,-91,0,0,0,0,958.7,152,4.3,130,CLEAR,24.9,7.2,2025-08-16T04:10:00+09:30,PT5M
10,-90,0,0,0,0,958.7,152,4.3,129,CLEAR,25.1,7.2,2025-08-16T04:15:00+09:30,PT5M
10,-90,0,0,0,0,958.7,152,4.3,128,CLEAR,25.4,7.3,2025-08-16T04:20:00+09:30,PT5M
10,-89,0,0,0,0,958.7,152,4.3,127,CLEAR,25.7,7.4,2025-08-16T04:25:00+09:30,PT5M
10,-89,0,0,0,0,958.7,152,4.3,126,CLEAR,25.9,7.4,2025-08-16T04:30:00+09:30,PT5M
10,-88,0,0,0,0,958.8,152,4.3,124,CLEAR,26.2,7.5,2025-08-16T04:35:00+09:30,PT5M
10,-88,8.2,0,0,0,958.8,152,4.3,123,MOSTLY CLEAR,26.4,7.5,2025-08-16T04:40:00+09:30,PT5M
10,-87,0,0,0,0,958.9,153,4.3,122,CLEAR,26.7,7.6,2025-08-16T04:45:00+09:30,PT5M
10,-87,0,0,0,0,958.9,153,4.3,121,CLEAR,27,7.7,2025-08-16T04:50:00+09:30,PT5M
10,-87,0,0,0,0,959,153,4.3,120,CLEAR,27.2,7.7,2025-08-16T04:55:00+09:30,PT5M
10,-86,0,0,0,0,959.1,153,4.3,119,CLEAR,27.5,7.8,2025-08-16T05:00:00+09:30,PT5M
10,-86,0,0,0,0,959.1,153,4.3,118,CLEAR,27.7,7.8,2025-08-16T05:05:00+09:30,PT5M
10,-85,0,0,0,0,959.2,153,4.3,116,CLEAR,28,7.9,2025-08-16T05:10:00+09:30,PT5M
9,-85,0,0,0,0,959.2,154,4.3,115,CLEAR,28.2,7.9,2025-08-16T05:15:00+09:30,PT5M
9,-84,8.2,0,0,0,959.3,154,4.3,114,MOSTLY CLEAR,28.5,8,2025-08-16T05:20:00+09:30,PT5M
9,-84,0,0,0,0,959.4,154,4.3,113,CLEAR,28.8,8.1,2025-08-16T05:25:00+09:30,PT5M
9,-83,0,0,0,0,959.4,154,4.3,112,CLEAR,29,8.1,2025-08-16T05:30:00+09:30,PT5M
9,-83,0,0,0,0,959.5,154,4.3,111,CLEAR,29.3,8.2,2025-08-16T05:35:00+09:30,PT5M
9,-82,0,0,0,0,959.5,154,4.4,110,CLEAR,29.5,8.2,2025-08-16T05:40:00+09:30,PT5M
9,-82,8.2,0,0,0,959.6,154,4.4,109,MOSTLY CLEAR,29.8,8.3,2025-08-16T05:45:00+09:30,PT5M
9,-82,8.2,0,0,0,959.6,154,4.4,107,MOSTLY CLEAR,30.1,8.4,2025-08-16T05:50:00+09:30,PT5M
9,-81,0,0,0,0,959.7,154,4.4,106,CLEAR,30.3,8.4,2025-08-16T05:55:00+09:30,PT5M
9,-81,0,0,0,0,959.8,154,4.4,105,CLEAR,30.6,8.5,2025-08-16T06:00:00+09:30,PT5M
9,-80,0,0,0,0,959.8,154,4.4,104,CLEAR,30.6,8.5,2025-08-16T06:05:00+09:30,PT5M
9,-80,0,0,0,0,959.9,154,4.4,103,CLEAR,30.3,8.6,2025-08-16T06:10:00+09:30,PT5M
9,-79,0,0,0,0,959.9,154,4.4,102,CLEAR,30.1,8.6,2025-08-16T06:15:00+09:30,PT5M
9,-79,8.2,0,0,0,960,154,4.4,101,MOSTLY CLEAR,29.9,8.6,2025-08-16T06:20:00+09:30,PT5M
9,-78,8.2,0,0,0,960.1,154,4.5,99,MOSTLY CLEAR,29.6,8.7,2025-08-16T06:25:00+09:30,PT5M
9,-78,0,0,0,0,960.1,153,4.5,98,CLEAR,29.4,8.7,2025-08-16T06:30:00+09:30,PT5M
9,-77,0,0,0,0,960.2,153,4.5,97,CLEAR,29.1,8.8,2025-08-16T06:35:00+09:30,PT5M
9,-77,0,0,0,0,960.3,153,4.5,96,CLEAR,28.9,8.8,2025-08-16T06:40:00+09:30,PT5M
9,-77,0,0,0,0,960.4,153,4.5,95,CLEAR,28.6,8.9,2025-08-16T06:45:00+09:30,PT5M
9,-76,10.1,0,0,0,960.5,152,4.4,94,PARTLY CLOUDY,28.4,8.9,2025-08-16T06:50:00+09:30,PT5M
9,-76,8.2,0,0,0,960.6,152,4.4,93,MOSTLY CLEAR,28.2,8.9,2025-08-16T06:55:00+09:30,PT5M
9,-75,0,0,0,0,960.8,152,4.4,92,CLEAR,27.9,9,2025-08-16T07:00:00+09:30,PT5M
9,-75,8.2,0,0,0,960.9,152,4.4,91,MOSTLY CLEAR,27.4,9,2025-08-16T07:05:00+09:30,PT5M
9,-74,8.2,4,4,0,961,151,4.4,89,MOSTLY SUNNY,26.7,9,2025-08-16T07:10:00+09:30,PT5M
9,-74,0,14,19,0,961.1,151,4.4,88,SUNNY,25.9,9,2025-08-16T07:15:00+09:30,PT5M
9,-73,0,27,41,0,961.2,151,4.4,87,SUNNY,25.2,9.1,2025-08-16T07:20:00+09:30,PT5M
9,-73,0,41,69,0,961.3,150,4.4,86,SUNNY,24.4,9.1,2025-08-16T07:25:00+09:30,PT5M
9,-72,0,56,104,0,961.4,150,4.4,85,SUNNY,23.7,9.1,2025-08-16T07:30:00+09:30,PT5M
9,-71,0,72,128,0,961.5,150,4.4,84,SUNNY,22.9,9.1,2025-08-16T07:35:00+09:30,PT5M
9,-71,0,88,151,0,961.5,150,4.5,83,SUNNY,22.2,9.1,2025-08-16T07:40:00+09:30,PT5M
9,-70,0,106,174,0,961.5,149,4.6,82,SUNNY,21.4,9.1,2025-08-16T07:45:00+09:30,PT5M
10,-70,0,123,197,0,961.6,149,4.6,81,SUNNY,20.7,9.2,2025-08-16T07:50:00+09:30,PT5M
10,-69,0,142,220,0,961.6,149,4.7,80,SUNNY,19.9,9.2,2025-08-16T07:55:00+09:30,PT5M
10,-69,0,160,243,0,961.6,149,4.8,79,SUNNY,19.2,9.2,2025-08-16T08:00:00+09:30,PT5M
10,-68,0,178,266,0,961.7,149,4.8,78,SUNNY,18.4,9.2,2025-08-16T08:05:00+09:30,PT5M
10,-67,0,197,289,0,961.7,148,4.9,76,SUNNY,17.7,9.1,2025-08-16T08:10:00+09:30,PT5M
11,-67,0,216,312,0,961.7,148,5,75,SUNNY,16.9,9,2025-08-16T08:15:00+09:30,PT5M
11,-66,0,235,334,0,961.8,148,5,74,SUNNY,16.2,9,2025-08-16T08:20:00+09:30,PT5M
11,-66,0,253,356,0,961.8,148,5.1,73,SUNNY,15.4,8.9,2025-08-16T08:25:00+09:30,PT5M
11,-65,0,272,379,0,961.8,148,5.2,72,SUNNY,14.7,8.8,2025-08-16T08:30:00+09:30,PT5M
11,-64,0,291,401,0,961.9,147,5.3,71,SUNNY,13.9,8.8,2025-08-16T08:35:00+09:30,PT5M
11,-64,0,309,422,0,962,146,5.4,70,SUNNY,13.2,8.7,2025-08-16T08:40:00+09:30,PT5M
11,-63,0,328,444,0,962,145,5.5,69,SUNNY,12.4,8.6,2025-08-16T08:45:00+09:30,PT5M
12,-62,0,346,465,0,962.1,144,5.6,68,SUNNY,11.7,8.6,2025-08-16T08:50:00+09:30,PT5M
12,-61,0,365,486,0,962.1,143,5.7,67,SUNNY,10.9,8.5,2025-08-16T08:55:00+09:30,PT5M
12,-61,0,383,507,0,962.2,142,5.8,66,SUNNY,10.2,8.4,2025-08-16T09:00:00+09:30,PT5M
12,-60,0,401,528,0,962.2,142,5.9,65,SUNNY,9.6,8.1,2025-08-16T09:05:00+09:30,PT5M
12,-59,0,419,549,0,962.3,141,6,64,SUNNY,9.3,7.6,2025-08-16T09:10:00+09:30,PT5M
12,-58,0,436,569,0,962.4,140,6.1,63,SUNNY,8.9,7.1,2025-08-16T09:15:00+09:30,PT5M
12,-58,0,454,589,0,962.4,139,6.2,62,SUNNY,8.6,6.6,2025-08-16T09:20:00+09:30,PT5M
12,-57,0,471,609,0,962.5,139,6.3,61,SUNNY,8.2,6,2025-08-16T09:25:00+09:30,PT5M
12,-56,0,488,628,0,962.5,138,6.5,60,SUNNY,7.9,5.5,2025-08-16T09:30:00+09:30,PT5M
13,-55,0,505,648,0,962.6,137,6.5,59,SUNNY,7.5,5,2025-08-16T09:35:00+09:30,PT5M
13,-54,0,522,667,0,962.6,137,6.5,58,SUNNY,7.2,4.5,2025-08-16T09:40:00+09:30,PT5M
13,-53,0,538,685,0,962.6,136,6.5,58,SUNNY,6.8,3.9,2025-08-16T09:45:00+09:30,PT5M
13,-52,0,554,703,0,962.6,136,6.5,57,SUNNY,6.5,3.4,2025-08-16T09:50:00+09:30,PT5M
13,-51,0,569,721,0,962.6,135,6.5,56,SUNNY,6.1,2.9,2025-08-16T09:55:00+09:30,PT5M
13,-50,0,584,738,0,962.6,135,6.5,55,SUNNY,5.8,2.4,2025-08-16T10:00:00+09:30,PT5M
13,-49,0,599,755,0,962.6,134,6.5,54,SUNNY,5.6,2.1,2025-08-16T10:05:00+09:30,PT5M
14,-48,0,613,771,0,962.6,134,6.6,53,SUNNY,5.6,2.1,2025-08-16T10:10:00+09:30,PT5M
14,-47,0,627,786,0,962.6,134,6.6,52,SUNNY,5.7,2.1,2025-08-16T10:15:00+09:30,PT5M
14,-46,0,640,801,0,962.6,133,6.6,51,SUNNY,5.7,2.2,2025-08-16T10:20:00+09:30,PT5M
14,-45,0,653,816,0,962.6,133,6.6,51,SUNNY,5.8,2.2,2025-08-16T10:25:00+09:30,PT5M
14,-44,0,666,830,0,962.6,132,6.6,50,SUNNY,5.8,2.2,2025-08-16T10:30:00+09:30,PT5M
14,-42,0,678,844,0,962.5,132,6.6,49,SUNNY,5.8,2.2,2025-08-16T10:35:00+09:30,PT5M
15,-41,0,690,857,0,962.5,131,6.6,48,SUNNY,5.8,2.2,2025-08-16T10:40:00+09:30,PT5M
15,-40,0,702,870,0,962.4,131,6.5,48,SUNNY,5.9,2.2,2025-08-16T10:45:00+09:30,PT5M
15,-38,0,713,882,0,962.4,131,6.5,47,SUNNY,5.9,2.3,2025-08-16T10:50:00+09:30,PT5M
15,-37,0,723,894,0,962.3,130,6.5,46,SUNNY,6,2.3,2025-08-16T10:55:00+09:30,PT5M
15,-36,0,733,906,0,962.3,130,6.5,45,SUNNY,6,2.3,2025-08-16T11:00:00+09:30,PT5M
15,-34,0,743,917,0,962.2,130,6.5,45,SUNNY,6,2.3,2025-08-16T11:05:00+09:30,PT5M
16,-33,0,753,927,0,962.2,129,6.5,44,SUNNY,6.1,2.3,2025-08-16T11:10:00+09:30,PT5M
16,-31,0,761,937,0,962.1,129,6.5,43,SUNNY,6.1,2.3,2025-08-16T11:15:00+09:30,PT5M
16,-30,0,770,947,0,962.1,128,6.5,43,SUNNY,6.1,2.2,2025-08-16T11:20:00+09:30,PT5M
16,-28,0,778,956,0,962,128,6.4,42,SUNNY,6.2,2.2,2025-08-16T11:25:00+09:30,PT5M
16,-27,0,785,964,0,962,128,6.4,42,SUNNY,6.2,2.2,2025-08-16T11:30:00+09:30,PT5M
17,-25,0,792,972,0,961.9,127,6.4,41,SUNNY,6.3,2.2,2025-08-16T11:35:00+09:30,PT5M
17,-23,0,799,979,0,961.8,127,6.4,41,SUNNY,6.3,2.2,2025-08-16T11:40:00+09:30,PT5M
17,-21,0,805,986,0,961.7,127,6.3,40,SUNNY,6.4,2.2,2025-08-16T11:45:00+09:30,PT5M
17,-20,0,811,992,0,961.6,127,6.3,40,SUNNY,6.4,2.1,2025-08-16T11:50:00+09:30,PT5M
17,-18,0,816,998,0,961.5,127,6.2,40,SUNNY,6.4,2.1,2025-08-16T11:55:00+09:30,PT5M
17,-16,0,821,1003,0,961.4,127,6.2,39,SUNNY,6.5,2.1,2025-08-16T12:00:00+09:30,PT5M
17,-14,0,825,1008,0,961.3,127,6.1,39,SUNNY,6.5,2.1,2025-08-16T12:05:00+09:30,PT5M
17,-12,0,828,1012,0,961.1,127,6.1,39,SUNNY,6.5,2.1,2025-08-16T12:10:00+09:30,PT5M
17,-10,0,831,1016,0,961,127,6.1,39,SUNNY,6.5,2.1,2025-08-16T12:15:00+09:30,PT5M
17,-8,0,834,1018,0,960.9,127,6,38,SUNNY,6.5,2,2025-08-16T12:20:00+09:30,PT5M
18,-7,0,836,1021,0,960.8,127,6,38,SUNNY,6.5,2,2025-08-16T12:25:00+09:30,PT5M
18,-5,0,838,1022,0,960.7,127,5.9,38,SUNNY,6.5,2,2025-08-16T12:30:00+09:30,PT5M
18,-3,0,839,1024,0,960.6,128,5.9,38,SUNNY,6.5,2,2025-08-16T12:35:00+09:30,PT5M
18,-1,0,839,1024,0,960.5,128,5.9,38,SUNNY,6.5,2,2025-08-16T12:40:00+09:30,PT5M
18,1,0,839,1024,0,960.5,128,5.8,38,SUNNY,6.5,2,2025-08-16T12:45:00+09:30,PT5M
18,3,0,839,1024,0,960.4,128,5.8,38,SUNNY,6.5,1.9,2025-08-16T12:50:00+09:30,PT5M
18,5,0,838,1023,0,960.3,129,5.7,38,SUNNY,6.5,1.9,2025-08-16T12:55:00+09:30,PT5M
18,7,0,836,1021,0,960.2,129,5.7,38,SUNNY,6.5,1.9,2025-08-16T13:00:00+09:30,PT5M
18,9,0,834,1019,0,960.2,129,5.6,38,SUNNY,6.5,1.9,2025-08-16T13:05:00+09:30,PT5M
18,11,0,832,1016,0,960.1,129,5.6,39,SUNNY,6.4,1.9,2025-08-16T13:10:00+09:30,PT5M
18,13,0,829,1012,0,960,130,5.5,39,SUNNY,6.4,1.9,2025-08-16T13:15:00+09:30,PT5M
18,15,0,825,1008,0,959.9,130,5.5,39,SUNNY,6.4,1.9,2025-08-16T13:20:00+09:30,PT5M
18,17,0,821,1004,0,959.9,130,5.5,39,SUNNY,6.3,1.9,2025-08-16T13:25:00+09:30,PT5M
18,19,0,816,999,0,959.8,130,5.4,40,SUNNY,6.3,1.9,2025-08-16T13:30:00+09:30,PT5M
18,20,0,811,993,0,959.7,131,5.4,40,SUNNY,6.2,1.8,2025-08-16T13:35:00+09:30,PT5M
18,22,0,806,987,0,959.7,131,5.3,41,SUNNY,6.2,1.8,2025-08-16T13:40:00+09:30,PT5M
18,24,0,800,980,0,959.6,131,5.3,41,SUNNY,6.1,1.8,2025-08-16T13:45:00+09:30,PT5M
18,25,0,793,973,0,959.6,132,5.3,41,SUNNY,6.1,1.8,2025-08-16T13:50:00+09:30,PT5M
18,27,0,786,965,0,959.6,132,5.2,42,SUNNY,6.1,1.8,2025-08-16T13:55:00+09:30,PT5M
18,29,0,779,956,0,959.5,132,5.2,43,SUNNY,6,1.8,2025-08-16T14:00:00+09:30,PT5M
18,30,0,771,948,0,959.5,132,5.2,43,SUNNY,6,1.8,2025-08-16T14:05:00+09:30,PT5M
18,32,0,762,938,0,959.4,133,5.2,44,SUNNY,5.9,1.8,2025-08-16T14:10:00+09:30,PT5M
19,33,0,754,929,0,959.4,133,5.1,44,SUNNY,5.9,1.8,2025-08-16T14:15:00+09:30,PT5M
19,35,0,744,918,0,959.3,133,5.1,45,SUNNY,5.9,1.8,2025-08-16T14:20:00+09:30,PT5M
19,36,0,735,907,0,959.3,134,5.1,46,SUNNY,5.8,1.8,2025-08-16T14:25:00+09:30,PT5M
19,38,0,725,896,0,959.3,134,5,46,SUNNY,5.8,1.8,2025-08-16T14:30:00+09:30,PT5M
19,39,0,714,884,0,959.2,134,5,47,SUNNY,5.7,1.8,2025-08-16T14:35:00+09:30,PT5M
19,40,0,703,872,0,959.2,135,5,48,SUNNY,5.7,1.8,2025-08-16T14:40:00+09:30,PT5M
19,42,0,691,859,0,959.1,135,5,48,SUNNY,5.6,1.8,2025-08-16T14:45:00+09:30,PT5M
19,43,0,680,846,0,959,135,4.9,49,SUNNY,5.6,1.8,2025-08-16T14:50:00+09:30,PT5M
19,44,0,667,832,0,959,135,4.9,50,SUNNY,5.6,1.8,2025-08-16T14:55:00+09:30,PT5M
19,45,0,655,818,0,958.9,136,4.9,51,SUNNY,5.5,1.8,2025-08-16T15:00:00+09:30,PT5M
19,46,0,641,803,0,958.9,136,4.9,52,SUNNY,5.5,1.8,2025-08-16T15:05:00+09:30,PT5M
19,47,0,628,788,0,958.8,136,4.8,52,SUNNY,5.5,1.8,2025-08-16T15:10:00+09:30,PT5M
19,49,0,614,772,0,958.7,137,4.8,53,SUNNY,5.5,1.8,2025-08-16T15:15:00+09:30,PT5M
19,50,0,600,757,0,958.7,137,4.8,54,SUNNY,5.5,1.7,2025-08-16T15:20:00+09:30,PT5M
19,51,0,586,740,0,958.6,137,4.8,55,SUNNY,5.5,1.7,2025-08-16T15:25:00+09:30,PT5M
19,52,0,571,724,0,958.6,137,4.8,56,SUNNY,5.5,1.7,2025-08-16T15:30:00+09:30,PT5M
19,53,0,555,706,0,958.5,138,4.7,57,SUNNY,5.5,1.7,2025-08-16T15:35:00+09:30,PT5M
19,54,0,540,689,0,958.6,138,4.7,58,SUNNY,5.5,1.7,2025-08-16T15:40:00+09:30,PT5M
19,54,0,524,671,0,958.6,138,4.7,59,SUNNY,5.5,1.7,2025-08-16T15:45:00+09:30,PT5M
19,55,0,508,653,0,958.6,138,4.7,60,SUNNY,5.5,1.6,2025-08-16T15:50:00+09:30,PT5M
19,56,0,491,634,0,958.6,139,4.7,61,SUNNY,5.5,1.6,2025-08-16T15:55:00+09:30,PT5M
19,57,0,475,615,0,958.7,139,4.7,62,SUNNY,5.5,1.6,2025-08-16T16:00:00+09:30,PT5M
19,58,0,458,596,0,958.7,139,4.7,63,SUNNY,5.5,1.6,2025-08-16T16:05:00+09:30,PT5M
19,59,0,440,576,0,958.7,139,4.7,63,SUNNY,5.6,1.6,2025-08-16T16:10:00+09:30,PT5M
19,60,0,422,556,0,958.7,139,4.7,64,SUNNY,5.6,1.6,2025-08-16T16:15:00+09:30,PT5M
19,60,0,405,536,0,958.8,140,4.7,65,SUNNY,5.7,1.6,2025-08-16T16:20:00+09:30,PT5M
19,61,0,386,515,0,958.8,140,4.7,66,SUNNY,5.7,1.6,2025-08-16T16:25:00+09:30,PT5M
19,62,0,368,494,0,958.8,140,4.7,67,SUNNY,5.8,1.6,2025-08-16T16:30:00+09:30,PT5M
19,63,0,350,472,0,958.8,140,4.7,68,SUNNY,5.8,1.7,2025-08-16T16:35:00+09:30,PT5M
18,63,0,331,451,0,958.9,140,4.7,69,SUNNY,5.9,1.7,2025-08-16T16:40:00+09:30,PT5M
18,64,0,312,429,0,958.9,140,4.7,71,SUNNY,5.9,1.7,2025-08-16T16:45:00+09:30,PT5M
18,65,0,293,407,0,958.9,140,4.7,72,SUNNY,6,1.7,2025-08-16T16:50:00+09:30,PT5M
18,65,0,274,385,0,958.9,140,4.7,73,SUNNY,6,1.7,2025-08-16T16:55:00+09:30,PT5M
18,66,0,255,362,0,959,140,4.7,74,SUNNY,6.1,1.7,2025-08-16T17:00:00+09:30,PT5M
18,67,0,236,340,0,959,140,4.7,75,SUNNY,6.1,1.7,2025-08-16T17:05:00+09:30,PT5M
18,67,0,217,317,0,959,140,4.7,76,SUNNY,6.2,1.7,2025-08-16T17:10:00+09:30,PT5M
18,68,0,198,294,0,959.1,140,4.7,77,SUNNY,6.2,1.7,2025-08-16T17:15:00+09:30,PT5M
18,68,0,179,271,0,959.1,140,4.7,78,SUNNY,6.2,1.8,2025-08-16T17:20:00+09:30,PT5M
17,69,0,161,249,0,959.1,140,4.7,79,SUNNY,6.3,1.8,2025-08-16T17:25:00+09:30,PT5M
17,70,0,142,225,0,959.1,140,4.7,80,SUNNY,6.3,1.8,2025-08-16T17:30:00+09:30,PT5M
17,70,0,124,202,0,959.2,140,4.6,81,SUNNY,6.4,1.8,2025-08-16T17:35:00+09:30,PT5M
17,71,0,106,179,0,959.2,140,4.6,82,SUNNY,6.4,1.8,2025-08-16T17:40:00+09:30,PT5M
17,71,0,88,156,0,959.2,141,4.5,83,SUNNY,6.5,1.8,2025-08-16T17:45:00+09:30,PT5M
17,72,8.2,65,111,0,959.3,141,4.4,84,MOSTLY SUNNY,6.5,1.9,2025-08-16T17:50:00+09:30,PT5M
17,72,8.2,50,86,0,959.3,141,4.3,85,MOSTLY SUNNY,6.5,1.9,2025-08-16T17:55:00+09:30,PT5M
17,73,0,40,69,0,959.3,141,4.2,86,SUNNY,6.6,1.9,2025-08-16T18:00:00+09:30,PT5M
16,73,0,25,40,0,959.4,141,4.1,88,SUNNY,6.6,1.9,2025-08-16T18:05:00+09:30,PT5M
16,74,0,13,18,0,959.4,142,4,89,SUNNY,6.7,1.9,2025-08-16T18:10:00+09:30,PT5M
16,74,0,2,2,0,959.4,142,3.9,90,CLEAR,6.7,2,2025-08-16T18:15:00+09:30,PT5M
16,75,0,0,0,0,959.5,142,3.9,91,CLEAR,6.8,2,2025-08-16T18:20:00+09:30,PT5M
16,75,0,0,0,0,959.5,142,3.8,92,CLEAR,6.9,2,2025-08-16T18:25:00+09:30,PT5M
16,76,0,0,0,0,959.5,143,3.7,93,CLEAR,6.9,2,2025-08-16T18:30:00+09:30,PT5M
16,76,0,0,0,0,959.6,143,3.6,94,CLEAR,7,2.1,2025-08-16T18:35:00+09:30,PT5M
16,77,0,0,0,0,959.7,143,3.6,95,CLEAR,7,2.1,2025-08-16T18:40:00+09:30,PT5M
15,77,0,0,0,0,959.7,143,3.6,96,CLEAR,7.1,2.1,2025-08-16T18:45:00+09:30,PT5M
15,78,0,0,0,0,959.8,143,3.5,98,CLEAR,7.2,2.1,2025-08-16T18:50:00+09:30,PT5M
15,78,0,0,0,0,959.9,143,3.5,99,CLEAR,7.2,2.2,2025-08-16T18:55:00+09:30,PT5M
15,79,0,0,0,0,960,143,3.5,100,CLEAR,7.3,2.2,2025-08-16T19:00:00+09:30,PT5M
15,79,0,0,0,0,960,143,3.4,101,CLEAR,7.3,2.2,2025-08-16T19:05:00+09:30,PT5M
14,80,0,0,0,0,960.1,143,3.4,102,CLEAR,7.4,2.2,2025-08-16T19:10:00+09:30,PT5M
14,80,0,0,0,0,960.2,143,3.4,103,CLEAR,7.5,2.3,2025-08-16T19:15:00+09:30,PT5M
14,81,0,0,0,0,960.3,143,3.4,104,CLEAR,7.6,2.3,2025-08-16T19:20:00+09:30,PT5M
14,81,0,0,0,0,960.3,142,3.3,105,CLEAR,7.6,2.3,2025-08-16T19:25:00+09:30,PT5M
14,81,0,0,0,0,960.4,142,3.3,107,CLEAR,7.7,2.3,2025-08-16T19:30:00+09:30,PT5M
13,82,0,0,0,0,960.5,142,3.3,108,CLEAR,7.8,2.4,2025-08-16T19:35:00+09:30,PT5M
13,82,8.2,0,0,0,960.5,142,3.3,109,MOSTLY CLEAR,7.9,2.4,2025-08-16T19:40:00+09:30,PT5M
13,83,0,0,0,0,960.6,142,3.3,110,CLEAR,7.9,2.4,2025-08-16T19:45:00+09:30,PT5M
13,83,0,0,0,0,960.7,142,3.3,111,CLEAR,8,2.4,2025-08-16T19:50:00+09:30,PT5M
13,84,0,0,0,0,960.7,142,3.3,112,CLEAR,8.1,2.5,2025-08-16T19:55:00+09:30,PT5M
13,84,0,0,0,0,960.8,142,3.3,113,CLEAR,8.2,2.5,2025-08-16T20:00:00+09:30,PT5M
12,85,0,0,0,0,960.8,142,3.3,114,CLEAR,8.2,2.5,2025-08-16T20:05:00+09:30,PT5M
12,85,0,0,0,0,960.9,142,3.3,116,CLEAR,8.3,2.5,2025-08-16T20:10:00+09:30,PT5M
12,86,0,0,0,0,961,141,3.3,117,CLEAR,8.4,2.5,2025-08-16T20:15:00+09:30,PT5M
12,86,0,0,0,0,961,141,3.3,118,CLEAR,8.4,2.6,2025-08-16T20:20:00+09:30,PT5M
12,86,0,0,0,0,961.1,141,3.3,119,CLEAR,8.5,2.6,2025-08-16T20:25:00+09:30,PT5M
11,87,0,0,0,0,961.1,141,3.3,120,CLEAR,8.6,2.6,2025-08-16T20:30:00+09:30,PT5M
11,87,0,0,0,0,961.2,141,3.3,121,CLEAR,8.6,2.6,2025-08-16T20:35:00+09:30,PT5M
11,88,0,0,0,0,961.2,141,3.3,122,CLEAR,8.7,2.6,2025-08-16T20:40:00+09:30,PT5M
11,88,0,0,0,0,961.3,141,3.3,124,CLEAR,8.8,2.6,2025-08-16T20:45:00+09:30,PT5M
11,89,0,0,0,0,961.3,141,3.3,125,CLEAR,8.8,2.7,2025-08-16T20:50:00+09:30,PT5M
11,89,0,0,0,0,961.3,141,3.3,126,CLEAR,8.9,2.7,2025-08-16T20:55:00+09:30,PT5M
11,90,0,0,0,0,961.4,141,3.3,127,CLEAR,9,2.7,2025-08-16T21:00:00+09:30,PT5M
11,90,0,0,0,0,961.4,141,3.3,128,CLEAR,9,2.7,2025-08-16T21:05:00+09:30,PT5M
11,91,0,0,0,0,961.5,141,3.3,129,CLEAR,9,2.7,2025-08-16T21:10:00+09:30,PT5M
11,91,0,0,0,0,961.5,141,3.3,130,CLEAR,9.1,2.7,2025-08-16T21:15:00+09:30,PT5M
11,92,8.2,0,0,0,961.6,141,3.3,132,MOSTLY CLEAR,9.1,2.8,2025-08-16T21:20:00+09:30,PT5M
11,92,8.2,0,0,0,961.6,141,3.3,133,MOSTLY CLEAR,9.1,2.8,2025-08-16T21:25:00+09:30,PT5M
11,93,8.2,0,0,0,961.6,141,3.3,134,MOSTLY CLEAR,9.2,2.8,2025-08-16T21:30:00+09:30,PT5M
11,94,8.2,0,0,0,961.7,141,3.3,135,MOSTLY CLEAR,9.2,2.8,2025-08-16T21:35:00+09:30,PT5M
11,94,0,0,0,0,961.7,141,3.3,136,CLEAR,9.2,2.8,2025-08-16T21:40:00+09:30,PT5M
11,95,8.2,0,0,0,961.7,141,3.3,137,MOSTLY CLEAR,9.3,2.8,2025-08-16T21:45:00+09:30,PT5M
10,95,0,0,0,0,961.8,141,3.3,138,CLEAR,9.3,2.9,2025-08-16T21:50:00+09:30,PT5M
10,96,0,0,0,0,961.8,141,3.3,140,CLEAR,9.4,2.9,2025-08-16T21:55:00+09:30,PT5M
10,97,8.2,0,0,0,961.8,141,3.3,141,MOSTLY CLEAR,9.4,2.9,2025-08-16T22:00:00+09:30,PT5M
10,97,8.2,0,0,0,961.8,141,3.3,142,MOSTLY CLEAR,9.4,2.9,2025-08-16T22:05:00+09:30,PT5M
10,98,0,0,0,0,961.9,141,3.3,143,CLEAR,9.4,2.9,2025-08-16T22:10:00+09:30,PT5M
10,99,0,0,0,0,961.9,141,3.2,144,CLEAR,9.4,2.9,2025-08-16T22:15:00+09:30,PT5M
10,100,0,0,0,0,961.9,141,3.2,145,CLEAR,9.4,2.9,2025-08-16T22:20:00+09:30,PT5M
10,100,0,0,0,0,961.9,141,3.2,146,CLEAR,9.4,2.9,2025-08-16T22:25:00+09:30,PT5M
10,101,0,0,0,0,962,141,3.2,148,CLEAR,9.4,2.9,2025-08-16T22:30:00+09:30,PT5M
10,102,0,0,0,0,962,141,3.2,149,CLEAR,9.4,3,2025-08-16T22:35:00+09:30,PT5M
10,103,0,0,0,0,961.9,141,3.2,150,CLEAR,9.4,3,2025-08-16T22:40:00+09:30,PT5M
10,104,0,0,0,0,961.9,141,3.2,151,CLEAR,9.4,3,2025-08-16T22:45:00+09:30,PT5M
9,105,0,0,0,0,961.9,141,3.2,152,CLEAR,9.4,3,2025-08-16T22:50:00+09:30,PT5M
9,106,0,0,0,0,961.9,141,3.2,153,CLEAR,9.4,3,2025-08-16T22:55:00+09:30,PT5M
9,107,0,0,0,0,961.8,141,3.2,154,CLEAR,9.4,3,2025-08-16T23:00:00+09:30,PT5M
9,108,0,0,0,0,961.8,141,3.2,155,CLEAR,9.4,3,2025-08-16T23:05:00+09:30,PT5M
9,110,0,0,0,0,961.8,141,3.2,156,CLEAR,9.4,3,2025-08-16T23:10:00+09:30,PT5M
9,111,0,0,0,0,961.8,141,3.2,157,CLEAR,9.4,3,2025-08-16T23:15:00+09:30,PT5M
9,113,0,0,0,0,961.7,141,3.2,158,CLEAR,9.4,3,2025-08-16T23:20:00+09:30,PT5M
8,114,0,0,0,0,961.7,141,3.2,160,CLEAR,9.4,3,2025-08-16T23:25:00+09:30,PT5M
8,116,0,0,0,0,961.7,141,3.2,161,CLEAR,9.4,3,2025-08-16T23:30:00+09:30,PT5M
8,118,0,0,0,0,961.7,141,3.2,162,CLEAR,9.5,3.1,2025-08-16T23:35:00+09:30,PT5M
8,121,0,0,0,0,961.7,141,3.2,163,CLEAR,9.5,3.1,2025-08-16T23:40:00+09:30,PT5M
8,123,8.2,0,0,0,961.7,141,3.2,164,MOSTLY CLEAR,9.5,3.1,2025-08-16T23:45:00+09:30,PT5M
8,126,8.2,0,0,0,961.7,140,3.1,164,MOSTLY CLEAR,9.5,3.1,2025-08-16T23:50:00+09:30,PT5M
8,129,0,0,0,0,961.7,140,3.1,165,CLEAR,9.5,3.1,2025-08-16T23:55:00+09:30,PT5M
8,132,0,0,0,0,961.8,140,3.1,166,CLEAR,9.5,3.1,2025-08-17T00:00:00+09:30,PT5M
8,136,0,0,0,0,961.8,139,3.1,167,CLEAR,9.5,3.1,2025-08-17T00:05:00+09:30,PT5M
8,141,8.2,0,0,0,961.8,139,3.1,168,MOSTLY CLEAR,9.5,3.1,2025-08-17T00:10:00+09:30,PT5M
7,146,8.2,0,0,0,961.8,139,3,169,MOSTLY CLEAR,9.5,3.1,2025-08-17T00:15:00+09:30,PT5M
7,151,0,0,0,0,961.8,139,3,169,CLEAR,9.5,3.1,2025-08-17T00:20:00+09:30,PT5M
7,157,0,0,0,0,961.8,138,3,170,CLEAR,9.5,3.1,2025-08-17T00:25:00+09:30,PT5M
7,164,0,0,0,0,961.9,138,3,170,CLEAR,9.5,3.1,2025-08-17T00:30:00+09:30,PT5M
7,170,0,0,0,0,961.8,138,3,170,CLEAR,9.4,3,2025-08-17T00:35:00+09:30,PT5M
7,178,0,0,0,0,961.8,137,3,170,CLEAR,9.4,3,2025-08-17T00:40:00+09:30,PT5M
7,-175,0,0,0,0,961.7,137,3,170,CLEAR,9.4,3,2025-08-17T00:45:00+09:30,PT5M
7,-168,0,0,0,0,961.7,137,3,170,CLEAR,9.4,3,2025-08-17T00:50:00+09:30,PT5M
7,-161,0,0,0,0,961.6,137,3,170,CLEAR,9.4,3,2025-08-17T00:55:00+09:30,PT5M
7,-155,0,0,0,0,961.5,136,3,169,CLEAR,9.4,3,2025-08-17T01:00:00+09:30,PT5M
7,-149,0,0,0,0,961.5,136,3,169,CLEAR,9.4,3,2025-08-17T01:05:00+09:30,PT5M
7,-144,0,0,0,0,961.4,136,3,168,CLEAR,9.4,3,2025-08-17T01:10:00+09:30,PT5M
6,-139,0,0,0,0,961.4,136,3,168,CLEAR,9.4,3,2025-08-17T01:15:00+09:30,PT5M
6,-135,0,0,0,0,961.3,136,3,167,CLEAR,9.3,3,2025-08-17T01:20:00+09:30,PT5M
6,-131,0,0,0,0,961.2,135,3,166,CLEAR,9.3,3,2025-08-17T01:25:00+09:30,PT5M
6,-128,0,0,0,0,961.2,135,3,165,CLEAR,9.3,3,2025-08-17T01:30:00+09:30,PT5M
6,-125,8.2,0,0,0,961.2,135,3,164,MOSTLY CLEAR,9.3,3,2025-08-17T01:35:00+09:30,PT5M
6,-122,8.2,0,0,0,961.1,135,3,163,MOSTLY CLEAR,9.3,3,2025-08-17T01:40:00+09:30,PT5M
6,-120,0,0,0,0,961.1,135,3,162,CLEAR,9.3,3,2025-08-17T01:45:00+09:30,PT5M
6,-118,0,0,0,0,961.1,135,3,161,CLEAR,9.2,3,2025-08-17T01:50:00+09:30,PT5M
6,-116,0,0,0,0,961.1,134,3,160,CLEAR,9.2,3,2025-08-17T01:55:00+09:30,PT5M
6,-114,0,0,0,0,961.1,134,3,159,CLEAR,9.2,3,2025-08-17T02:00:00+09:30,PT5M
5,-112,0,0,0,0,961,134,3,158,CLEAR,9.2,3,2025-08-17T02:05:00+09:30,PT5M
5,-111,0,0,0,0,961,134,3,157,CLEAR,9.2,3,2025-08-17T02:10:00+09:30,PT5M
5,-109,0,0,0,0,961,134,3,156,CLEAR,9.1,3,2025-08-17T02:15:00+09:30,PT5M
5,-108,0,0,0,0,961,134,3,155,CLEAR,9.1,3,2025-08-17T02:20:00+09:30,PT5M
5,-107,0,0,0,0,961,134,3,154,CLEAR,9.1,3,2025-08-17T02:25:00+09:30,PT5M
5,-106,0,0,0,0,961,134,3,153,CLEAR,9.1,3,2025-08-17T02:30:00+09:30,PT5M
5,-105,0,0,0,0,961,133,3,152,CLEAR,9,3,2025-08-17T02:35:00+09:30,PT5M
5,-104,0,0,0,0,961,133,3,150,CLEAR,9,3,2025-08-17T02:40:00+09:30,PT5M
5,-103,0,0,0,0,961,133,3,149,CLEAR,9,3,2025-08-17T02:45:00+09:30,PT5M
5,-102,8.2,0,0,0,961,132,3,148,MOSTLY CLEAR,9,3,2025-08-17T02:50:00+09:30,PT5M
4,-101,0,0,0,0,961,132,3,147,CLEAR,8.9,3,2025-08-17T02:55:00+09:30,PT5M
4,-100,0,0,0,0,961,131,3,146,CLEAR,8.9,3,2025-08-17T03:00:00+09:30,PT5M
4,-99,0,0,0,0,961,131,3,145,CLEAR,8.9,3,2025-08-17T03:05:00+09:30,PT5M
4,-99,8.2,0,0,0,961,130,3.1,144,MOSTLY CLEAR,8.9,3,2025-08-17T03:10:00+09:30,PT5M
4,-98,0,0,0,0,961,130,3.1,143,CLEAR,8.9,3,2025-08-17T03:15:00+09:30,PT5M
4,-97,0,0,0,0,961,129,3.1,141,CLEAR,8.9,3,2025-08-17T03:20:00+09:30,PT5M
4,-97,0,0,0,0,961,129,3.1,140,CLEAR,8.9,3,2025-08-17T03:25:00+09:30,PT5M
4,-96,8.2,0,0,0,961.1,129,3.1,139,MOSTLY CLEAR,8.9,3,2025-08-17T03:30:00+09:30,PT5M
4,-95,8.2,0,0,0,961,128,3.1,138,MOSTLY CLEAR,8.9,3,2025-08-17T03:35:00+09:30,PT5M
4,-95,8.2,0,0,0,961,128,3.1,137,MOSTLY CLEAR,8.9,3,2025-08-17T03:40:00+09:30,PT5M
4,-94,8.2,0,0,0,961,128,3.1,136,MOSTLY CLEAR,8.9,3,2025-08-17T03:45:00+09:30,PT5M
4,-93,8.2,0,0,0,961,128,3.1,135,MOSTLY CLEAR,8.9,3,2025-08-17T03:50:00+09:30,PT5M
4,-93,8.2,0,0,0,960.9,128,3.1,133,MOSTLY CLEAR,8.9,3,2025-08-17T03:55:00+09:30,PT5M
4,-92,8.2,0,0,0,960.9,128,3.1,132,MOSTLY CLEAR,8.9,3,2025-08-17T04:00:00+09:30,PT5M
4,-92,0,0,0,0,960.9,128,3.1,131,CLEAR,8.9,3,2025-08-17T04:05:00+09:30,PT5M
4,-91,0,0,0,0,960.9,128,3.1,130,CLEAR,8.9,3,2025-08-17T04:10:00+09:30,PT5M
4,-91,0,0,0,0,960.8,128,3.1,129,CLEAR,9,3,2025-08-17T04:15:00+09:30,PT5M
4,-90,0,0,0,0,960.8,127,3.1,128,CLEAR,9,3,2025-08-17T04:20:00+09:30,PT5M
4,-90,0,0,0,0,960.8,127,3.1,127,CLEAR,9,3,2025-08-17T04:25:00+09:30,PT5M
4,-89,8.2,0,0,0,960.8,127,3.1,125,MOSTLY CLEAR,9,3,2025-08-17T04:30:00+09:30,PT5M
4,-89,10.1,0,0,0,960.8,128,3.1,124,PARTLY CLOUDY,9.1,3.1,2025-08-17T04:35:00+09:30,PT5M
4,-88,10.1,0,0,0,960.8,129,3.1,123,PARTLY CLOUDY,9.1,3.1,2025-08-17T04:40:00+09:30,PT5M
3,-88,8.2,0,0,0,960.9,129,3.1,122,MOSTLY CLEAR,9.1,3.1,2025-08-17T04:45:00+09:30,PT5M
3,-87,8.2,0,0,0,960.9,130,3.1,121,MOSTLY CLEAR,9.1,3.1,2025-08-17T04:50:00+09:30,PT5M
3,-87,8.2,0,0,0,961,131,3.1,120,MOSTLY CLEAR,9.2,3.1,2025-08-17T04:55:00+09:30,PT5M
3,-86,8.2,0,0,0,961,132,3.1,119,MOSTLY CLEAR,9.2,3.1,2025-08-17T05:00:00+09:30,PT5M
3,-86,8.2,0,0,0,961.1,133,3.1,117,MOSTLY CLEAR,9.2,3.1,2025-08-17T05:05:00+09:30,PT5M
3,-85,8.2,0,0,0,961.1,134,3.1,116,MOSTLY CLEAR,9.2,3.1,2025-08-17T05:10:00+09:30,PT5M
3,-85,8.2,0,0,0,961.2,135,3.1,115,MOSTLY CLEAR,9.3,3.1,2025-08-17T05:15:00+09:30,PT5M
3,-85,10.1,0,0,0,961.2,135,3.1,114,PARTLY CLOUDY,9.3,3.1,2025-08-17T05:20:00+09:30,PT5M
3,-84,8.2,0,0,0,961.3,136,3.1,113,MOSTLY CLEAR,9.3,3.1,2025-08-17T05:25:00+09:30,PT5M
3,-84,8.2,0,0,0,961.3,137,3.1,112,MOSTLY CLEAR,9.3,3.1,2025-08-17T05:30:00+09:30,PT5M
3,-83,8.2,0,0,0,961.4,138,3.1,111,MOSTLY CLEAR,9.4,3.2,2025-08-17T05:35:00+09:30,PT5M
3,-83,10.1,0,0,0,961.4,138,3.1,109,PARTLY CLOUDY,9.4,3.2,2025-08-17T05:40:00+09:30,PT5M
2,-82,8.2,0,0,0,961.5,138,3.1,108,MOSTLY CLEAR,9.4,3.2,2025-08-17T05:45:00+09:30,PT5M
2,-82,8.2,0,0,0,961.5,138,3.1,107,MOSTLY CLEAR,9.4,3.2,2025-08-17T05:50:00+09:30,PT5M
2,-81,8.2,0,0,0,961.6,138,3.1,106,MOSTLY CLEAR,9.5,3.2,2025-08-17T05:55:00+09:30,PT5M
2,-81,8.2,0,0,0,961.6,138,3,105,MOSTLY CLEAR,9.5,3.2,2025-08-17T06:00:00+09:30,PT5M
2,-81,10.1,0,0,0,961.6,138,3,104,PARTLY CLOUDY,9.5,3.2,2025-08-17T06:05:00+09:30,PT5M
2,-80,10.1,0,0,0,961.7,138,3,103,PARTLY CLOUDY,9.4,3.2,2025-08-17T06:10:00+09:30,PT5M
2,-80,10.1,0,0,0,961.7,138,3,102,PARTLY CLOUDY,9.3,3.3,2025-08-17T06:15:00+09:30,PT5M
2,-79,10.1,0,0,0,961.8,138,3,100,PARTLY CLOUDY,9.2,3.3,2025-08-17T06:20:00+09:30,PT5M
2,-79,10.1,0,0,0,961.8,138,3,99,PARTLY CLOUDY,9.1,3.3,2025-08-17T06:25:00+09:30,PT5M
2,-78,10.1,0,0,0,961.8,138,3,98,PARTLY CLOUDY,9,3.3,2025-08-17T06:30:00+09:30,PT5M
2,-78,8.2,0,0,0,961.9,138,3,97,MOSTLY CLEAR,8.9,3.4,2025-08-17T06:35:00+09:30,PT5M
2,-77,0,0,0,0,962,138,3,96,CLEAR,8.8,3.4,2025-08-17T06:40:00+09:30,PT5M
3,-77,8.2,0,0,0,962.1,137,3,95,MOSTLY CLEAR,8.7,3.4,2025-08-17T06:45:00+09:30,PT5M
3,-76,12.1,0,0,0,962.1,137,3,94,PARTLY CLOUDY,8.6,3.4,2025-08-17T06:50:00+09:30,PT5M
3,-76,10.1,0,0,0,962.2,137,2.9,93,PARTLY CLOUDY,8.5,3.5,2025-08-17T06:55:00+09:30,PT5M
3,-75,10.1,0,0,0,962.3,137,2.9,92,PARTLY CLOUDY,8.4,3.5,2025-08-17T07:00:00+09:30,PT5M
3,-75,10.1,0,0,0,962.4,137,2.9,90,PARTLY CLOUDY,8.3,3.5,2025-08-17T07:05:00+09:30,PT5M
3,-74,0,6,8,0,962.4,137,2.9,89,SUNNY,8.1,3.5,2025-08-17T07:10:00+09:30,PT5M
4,-74,8.2,17,23,0,962.5,137,2.9,88,MOSTLY SUNNY,7.9,3.6,2025-08-17T07:15:00+09:30,PT5M
4,-73,10.1,29,44,0,962.6,137,2.9,87,PARTLY CLOUDY,7.7,3.6,2025-08-17T07:20:00+09:30,PT5M
4,-73,8.2,44,73,0,962.7,137,2.9,86,MOSTLY SUNNY,7.5,3.6,2025-08-17T07:25:00+09:30,PT5M
4,-72,0,64,125,0,962.7,136,2.9,85,SUNNY,7.3,3.6,2025-08-17T07:30:00+09:30,PT5M
4,-72,0,81,149,0,962.8,136,2.9,84,SUNNY,7.2,3.7,2025-08-17T07:35:00+09:30,PT5M
5,-71,0,98,172,0,962.9,136,2.8,83,SUNNY,7,3.7,2025-08-17T07:40:00+09:30,PT5M
6,-71,0,116,195,0,962.9,135,2.8,82,SUNNY,6.8,3.7,2025-08-17T07:45:00+09:30,PT5M
6,-70,0,135,219,0,963,135,2.8,81,SUNNY,6.6,3.7,2025-08-17T07:50:00+09:30,PT5M
7,-69,0,154,242,0,963,134,2.7,80,SUNNY,6.4,3.8,2025-08-17T07:55:00+09:30,PT5M
7,-69,0,173,265,0,963.1,134,2.7,78,SUNNY,6.2,3.8,2025-08-17T08:00:00+09:30,PT5M
8,-68,0,192,288,0,963.1,133,2.7,77,SUNNY,6,3.8,2025-08-17T08:05:00+09:30,PT5M
9,-68,0,211,311,0,963.2,133,2.6,76,SUNNY,5.8,3.7,2025-08-17T08:10:00+09:30,PT5M
9,-67,0,230,334,0,963.2,132,2.6,75,SUNNY,5.6,3.6,2025-08-17T08:15:00+09:30,PT5M
10,-66,0,250,357,0,963.3,132,2.6,74,SUNNY,5.4,3.6,2025-08-17T08:20:00+09:30,PT5M
11,-66,0,269,379,0,963.3,131,2.5,73,SUNNY,5.2,3.5,2025-08-17T08:25:00+09:30,PT5M
11,-65,0,288,401,0,963.4,130,2.5,72,SUNNY,5,3.4,2025-08-17T08:30:00+09:30,PT5M
12,-65,0,307,424,0,963.4,130,2.5,71,SUNNY,4.9,3.4,2025-08-17T08:35:00+09:30,PT5M
12,-64,0,326,446,0,963.4,130,2.6,70,SUNNY,4.7,3.3,2025-08-17T08:40:00+09:30,PT5M
12,-63,0,345,467,0,963.4,129,2.7,69,SUNNY,4.5,3.2,2025-08-17T08:45:00+09:30,PT5M
12,-62,0,364,489,0,963.4,129,2.8,68,SUNNY,4.3,3.2,2025-08-17T08:50:00+09:30,PT5M
12,-62,0,382,510,0,963.5,129,2.9,67,SUNNY,4.1,3.1,2025-08-17T08:55:00+09:30,PT5M
12,-61,0,401,531,0,963.5,128,3,66,SUNNY,3.9,3,2025-08-17T09:00:00+09:30,PT5M
12,-60,0,419,552,0,963.5,128,3.1,65,SUNNY,3.8,2.9,2025-08-17T09:05:00+09:30,PT5M
12,-59,0,437,572,0,963.5,128,3.2,64,SUNNY,3.6,2.7,2025-08-17T09:10:00+09:30,PT5M
13,-59,0,454,592,0,963.5,128,3.3,63,SUNNY,3.6,2.6,2025-08-17T09:15:00+09:30,PT5M
13,-58,0,472,612,0,963.5,128,3.4,62,SUNNY,3.4,2.4,2025-08-17T09:20:00+09:30,PT5M
13,-57,0,489,632,0,963.6,127,3.5,61,SUNNY,3.4,2.3,2025-08-17T09:25:00+09:30,PT5M
13,-56,0,506,651,0,963.6,127,3.6,60,SUNNY,3.2,2.1,2025-08-17T09:30:00+09:30,PT5M
13,-55,0,524,671,0,963.6,127,3.7,59,SUNNY,3.2,1.9,2025-08-17T09:35:00+09:30,PT5M
13,-54,0,540,689,0,963.6,127,3.9,58,SUNNY,3,1.8,2025-08-17T09:40:00+09:30,PT5M
13,-53,0,556,707,0,963.6,127,4,57,SUNNY,3,1.6,2025-08-17T09:45:00+09:30,PT5M
13,-52,0,572,725,0,963.6,127,4.2,56,SUNNY,2.8,1.4,2025-08-17T09:50:00+09:30,PT5M
14,-51,0,587,742,0,963.5,127,4.4,55,SUNNY,2.7,1.3,2025-08-17T09:55:00+09:30,PT5M
14,-50,0,602,759,0,963.5,127,4.5,55,SUNNY,2.6,1.1,2025-08-17T10:00:00+09:30,PT5M
14,-49,0,617,776,0,963.5,127,4.7,54,SUNNY,2.6,1,2025-08-17T10:05:00+09:30,PT5M
14,-48,0,631,792,0,963.5,127,4.9,53,SUNNY,2.6,1,2025-08-17T10:10:00+09:30,PT5M
14,-47,0,645,807,0,963.5,126,5,52,SUNNY,2.6,1,2025-08-17T10:15:00+09:30,PT5M
14,-46,0,659,823,0,963.5,126,5.2,51,SUNNY,2.7,1,2025-08-17T10:20:00+09:30,PT5M
14,-45,0,672,837,0,963.5,126,5.3,50,SUNNY,2.7,1,2025-08-17T10:25:00+09:30,PT5M
14,-44,0,685,852,0,963.5,126,5.5,50,SUNNY,2.7,1,2025-08-17T10:30:00+09:30,PT5M
15,-43,0,697,865,0,963.5,126,5.6,49,SUNNY,2.7,1,2025-08-17T10:35:00+09:30,PT5M
15,-41,0,709,879,0,963.4,126,5.6,48,SUNNY,2.7,1,2025-08-17T10:40:00+09:30,PT5M
15,-40,0,721,892,0,963.4,127,5.6,47,SUNNY,2.7,1,2025-08-17T10:45:00+09:30,PT5M
15,-39,0,732,904,0,963.3,127,5.6,46,SUNNY,2.8,1,2025-08-17T10:50:00+09:30,PT5M
15,-37,0,742,916,0,963.3,127,5.6,46,SUNNY,2.8,1,2025-08-17T10:55:00+09:30,PT5M
15,-36,0,752,927,0,963.3,127,5.6,45,SUNNY,2.8,1,2025-08-17T11:00:00+09:30,PT5M
15,-34,0,762,938,0,963.2,127,5.6,44,SUNNY,2.8,1,2025-08-17T11:05:00+09:30,PT5M
15,-33,0,771,948,0,963.2,127,5.7,44,SUNNY,2.8,1,2025-08-17T11:10:00+09:30,PT5M
15,-31,0,780,958,0,963.1,127,5.7,43,SUNNY,2.8,1,2025-08-17T11:15:00+09:30,PT5M
15,-30,0,788,967,0,963.1,128,5.7,43,SUNNY,2.8,1,2025-08-17T11:20:00+09:30,PT5M
15,-28,0,796,976,0,963,128,5.7,42,SUNNY,2.8,1,2025-08-17T11:25:00+09:30,PT5M
15,-27,0,803,984,0,963,128,5.7,42,SUNNY,2.8,1,2025-08-17T11:30:00+09:30,PT5M
15,-25,0,810,992,0,962.9,128,5.7,41,SUNNY,2.9,0.9,2025-08-17T11:35:00+09:30,PT5M
16,-23,0,817,999,0,962.9,128,5.7,41,SUNNY,2.9,0.9,2025-08-17T11:40:00+09:30,PT5M
16,-22,0,823,1005,0,962.8,128,5.7,40,SUNNY,2.9,0.9,2025-08-17T11:45:00+09:30,PT5M
16,-20,0,828,1011,0,962.7,128,5.7,40,SUNNY,2.9,0.9,2025-08-17T11:50:00+09:30,PT5M
16,-18,0,833,1017,0,962.6,128,5.6,39,SUNNY,2.9,0.9,2025-08-17T11:55:00+09:30,PT5M
16,-16,0,838,1022,0,962.5,128,5.6,39,SUNNY,2.9,0.9,2025-08-17T12:00:00+09:30,PT5M
16,-14,0,841,1026,0,962.4,129,5.6,39,SUNNY,3,0.9,2025-08-17T12:05:00+09:30,PT5M
16,-12,0,845,1030,0,962.3,129,5.6,38,SUNNY,3.2,0.9,2025-08-17T12:10:00+09:30,PT5M
17,-10,0,848,1033,0,962.3,129,5.6,38,SUNNY,3.5,0.9,2025-08-17T12:15:00+09:30,PT5M
17,-8,0,850,1036,0,962.2,129,5.6,38,SUNNY,3.7,0.9,2025-08-17T12:20:00+09:30,PT5M
17,-7,0,852,1038,0,962.1,129,5.6,38,SUNNY,4,0.9,2025-08-17T12:25:00+09:30,PT5M
17,-5,0,854,1040,0,962,129,5.6,38,SUNNY,4.2,0.9,2025-08-17T12:30:00+09:30,PT5M
17,-3,0,854,1041,0,961.9,129,5.5,38,SUNNY,4.4,0.9,2025-08-17T12:35:00+09:30,PT5M
17,-1,0,855,1041,0,961.9,129,5.5,38,SUNNY,4.6,0.9,2025-08-17T12:40:00+09:30,PT5M
17,1,0,855,1041,0,961.8,130,5.5,38,SUNNY,4.9,0.9,2025-08-17T12:45:00+09:30,PT5M
17,3,0,854,1040,0,961.7,130,5.5,38,SUNNY,5.1,0.9,2025-08-17T12:50:00+09:30,PT5M
17,5,0,853,1039,0,961.7,130,5.4,38,SUNNY,5.4,0.9,2025-08-17T12:55:00+09:30,PT5M
18,7,0,851,1037,0,961.6,130,5.4,38,SUNNY,5.6,0.9,2025-08-17T13:00:00+09:30,PT5M
18,9,0,849,1034,0,961.5,131,5.4,38,SUNNY,5.9,0.9,2025-08-17T13:05:00+09:30,PT5M
18,11,0,846,1031,0,961.5,131,5.4,38,SUNNY,6.4,0.9,2025-08-17T13:10:00+09:30,PT5M
18,13,0,843,1028,0,961.4,131,5.3,39,SUNNY,6.8,0.9,2025-08-17T13:15:00+09:30,PT5M
18,15,0,839,1023,0,961.3,131,5.3,39,SUNNY,7.3,0.9,2025-08-17T13:20:00+09:30,PT5M
18,17,0,835,1019,0,961.3,132,5.3,39,SUNNY,7.7,0.9,2025-08-17T13:25:00+09:30,PT5M
18,19,0,830,1013,0,961.2,132,5.3,39,SUNNY,8.2,0.9,2025-08-17T13:30:00+09:30,PT5M
18,21,0,825,1008,0,961.1,132,5.2,40,SUNNY,8.6,0.8,2025-08-17T13:35:00+09:30,PT5M
18,22,0,819,1001,0,961.1,132,5.2,40,SUNNY,9.1,0.8,2025-08-17T13:40:00+09:30,PT5M
18,24,0,813,994,0,961,132,5.2,41,SUNNY,9.5,0.8,2025-08-17T13:45:00+09:30,PT5M
18,26,0,806,987,0,960.9,132,5.2,41,SUNNY,10,0.8,2025-08-17T13:50:00+09:30,PT5M
18,27,0,799,979,0,960.9,132,5.1,42,SUNNY,10.4,0.8,2025-08-17T13:55:00+09:30,PT5M
18,29,0,792,970,0,960.8,133,5.1,42,SUNNY,10.9,0.8,2025-08-17T14:00:00+09:30,PT5M
18,31,0,783,961,0,960.7,133,5.1,43,SUNNY,11.3,0.8,2025-08-17T14:05:00+09:30,PT5M
18,32,0,775,951,0,960.7,133,5.1,43,SUNNY,11.8,0.8,2025-08-17T14:10:00+09:30,PT5M
18,34,0,766,941,0,960.6,133,5,44,SUNNY,12.2,0.8,2025-08-17T14:15:00+09:30,PT5M
19,35,0,756,931,0,960.5,133,5,45,SUNNY,12.6,0.8,2025-08-17T14:20:00+09:30,PT5M
19,37,0,746,919,0,960.5,133,5,45,SUNNY,13.1,0.8,2025-08-17T14:25:00+09:30,PT5M
19,38,0,736,908,0,960.4,133,5,46,SUNNY,13.5,0.8,2025-08-17T14:30:00+09:30,PT5M
19,39,0,725,896,0,960.3,133,4.9,47,SUNNY,14,0.8,2025-08-17T14:35:00+09:30,PT5M
19,41,0,714,883,0,960.3,134,4.9,47,SUNNY,14.4,0.8,2025-08-17T14:40:00+09:30,PT5M
19,42,0,702,870,0,960.2,134,4.9,48,SUNNY,14.9,0.8,2025-08-17T14:45:00+09:30,PT5M
19,43,0,690,856,0,960.2,134,4.9,49,SUNNY,15.3,0.8,2025-08-17T14:50:00+09:30,PT5M
19,44,0,677,842,0,960.2,135,4.9,50,SUNNY,15.7,0.8,2025-08-17T14:55:00+09:30,PT5M
19,46,0,664,828,0,960.1,135,4.9,51,SUNNY,16.2,0.8,2025-08-17T15:00:00+09:30,PT5M
19,47,0,651,813,0,960.1,135,4.9,51,SUNNY,16.5,1,2025-08-17T15:05:00+09:30,PT5M
19,48,0,637,797,0,960,135,4.9,52,SUNNY,16.6,1.2,2025-08-17T15:10:00+09:30,PT5M
19,49,0,623,781,0,960,136,4.8,53,SUNNY,16.7,1.6,2025-08-17T15:15:00+09:30,PT5M
19,50,0,608,764,0,960,136,4.8,54,SUNNY,16.8,1.8,2025-08-17T15:20:00+09:30,PT5M
19,51,0,593,747,0,959.9,136,4.8,55,SUNNY,16.9,2.2,2025-08-17T15:25:00+09:30,PT5M
19,52,0,578,730,0,959.9,137,4.8,56,SUNNY,17,2.5,2025-08-17T15:30:00+09:30,PT5M
19,53,0,562,712,0,959.8,137,4.8,57,SUNNY,17.2,2.8,2025-08-17T15:35:00+09:30,PT5M
19,54,0,546,694,0,959.9,137,4.8,58,SUNNY,17.3,3.1,2025-08-17T15:40:00+09:30,PT5M
19,55,0,530,675,0,959.9,137,4.8,59,SUNNY,17.4,3.4,2025-08-17T15:45:00+09:30,PT5M
19,56,0,513,656,0,959.9,137,4.7,59,SUNNY,17.5,3.7,2025-08-17T15:50:00+09:30,PT5M
19,57,0,496,637,0,959.9,137,4.7,60,SUNNY,17.6,4,2025-08-17T15:55:00+09:30,PT5M
19,57,0,479,617,0,959.9,137,4.7,61,SUNNY,17.7,4.3,2025-08-17T16:00:00+09:30,PT5M
19,58,0,461,597,0,959.9,137,4.7,62,SUNNY,17.7,4.4,2025-08-17T16:05:00+09:30,PT5M
19,59,0,444,577,0,959.9,137,4.7,63,SUNNY,17.5,4.3,2025-08-17T16:10:00+09:30,PT5M
19,60,0,426,557,0,959.9,137,4.7,64,SUNNY,17.3,4.3,2025-08-17T16:15:00+09:30,PT5M
19,61,0,408,536,0,959.9,137,4.6,65,SUNNY,17.1,4.2,2025-08-17T16:20:00+09:30,PT5M
19,61,0,390,516,0,959.9,138,4.6,66,SUNNY,16.9,4.2,2025-08-17T16:25:00+09:30,PT5M
19,62,0,371,494,0,959.9,138,4.6,67,SUNNY,16.7,4.1,2025-08-17T16:30:00+09:30,PT5M
19,63,0,353,473,0,960,138,4.6,68,SUNNY,16.4,4.1,2025-08-17T16:35:00+09:30,PT5M
19,64,0,334,451,0,960,138,4.6,69,SUNNY,16.2,4,2025-08-17T16:40:00+09:30,PT5M
18,64,0,315,429,0,960,138,4.6,70,SUNNY,16,4,2025-08-17T16:45:00+09:30,PT5M
18,65,0,296,407,0,960,138,4.6,71,SUNNY,15.8,3.9,2025-08-17T16:50:00+09:30,PT5M
18,66,0,277,385,0,960,138,4.6,72,SUNNY,15.6,3.9,2025-08-17T16:55:00+09:30,PT5M
18,66,0,258,362,0,960,138,4.6,73,SUNNY,15.4,3.8,2025-08-17T17:00:00+09:30,PT5M
18,67,0,239,340,0,960.1,138,4.6,75,SUNNY,15.2,3.8,2025-08-17T17:05:00+09:30,PT5M
18,67,0,220,317,0,960.1,138,4.6,76,SUNNY,15,3.8,2025-08-17T17:10:00+09:30,PT5M
17,68,0,200,295,0,960.1,138,4.6,77,SUNNY,14.7,3.7,2025-08-17T17:15:00+09:30,PT5M
17,69,0,181,272,0,960.1,138,4.5,78,SUNNY,14.5,3.7,2025-08-17T17:20:00+09:30,PT5M
17,69,0,163,249,0,960.1,138,4.5,79,SUNNY,14.3,3.6,2025-08-17T17:25:00+09:30,PT5M
17,70,0,144,226,0,960.1,139,4.5,80,SUNNY,14.1,3.6,2025-08-17T17:30:00+09:30,PT5M
17,70,0,126,203,0,960.2,139,4.5,81,SUNNY,13.8,3.6,2025-08-17T17:35:00+09:30,PT5M
17,71,0,107,180,0,960.2,139,4.4,82,SUNNY,13.6,3.6,2025-08-17T17:40:00+09:30,PT5M
17,72,0,90,157,0,960.3,139,4.3,83,SUNNY,13.4,3.5,2025-08-17T17:45:00+09:30,PT5M
16,72,0,73,134,0,960.3,139,4.2,84,SUNNY,13.2,3.5,2025-08-17T17:50:00+09:30,PT5M
16,73,0,56,106,0,960.3,139,4.1,85,SUNNY,12.9,3.4,2025-08-17T17:55:00+09:30,PT5M
16,73,0,41,71,0,960.4,139,4,86,SUNNY,12.7,3.4,2025-08-17T18:00:00+09:30,PT5M
16,74,0,26,42,0,960.4,139,3.9,87,SUNNY,12.5,3.4,2025-08-17T18:05:00+09:30,PT5M
16,74,0,14,19,0,960.5,139,3.8,89,SUNNY,12.4,3.4,2025-08-17T18:10:00+09:30,PT5M
16,75,0,3,3,0,960.5,139,3.7,90,CLEAR,12.3,3.4,2025-08-17T18:15:00+09:30,PT5M
16,75,0,0,0,0,960.5,139,3.6,91,CLEAR,12.2,3.3,2025-08-17T18:20:00+09:30,PT5M
15,76,0,0,0,0,960.6,139,3.5,92,CLEAR,12,3.3,2025-08-17T18:25:00+09:30,PT5M
15,76,0,0,0,0,960.6,139,3.4,93,CLEAR,11.9,3.3,2025-08-17T18:30:00+09:30,PT5M
15,77,0,0,0,0,960.7,139,3.3,94,CLEAR,11.8,3.3,2025-08-17T18:35:00+09:30,PT5M
15,77,0,0,0,0,960.8,138,3.3,95,CLEAR,11.7,3.3,2025-08-17T18:40:00+09:30,PT5M
15,78,0,0,0,0,960.8,138,3.2,96,CLEAR,11.5,3.3,2025-08-17T18:45:00+09:30,PT5M
15,78,0,0,0,0,960.9,138,3.2,97,CLEAR,11.4,3.2,2025-08-17T18:50:00+09:30,PT5M
14,79,0,0,0,0,961,138,3.1,99,CLEAR,11.3,3.2,2025-08-17T18:55:00+09:30,PT5M
14,79,0,0,0,0,961,138,3.1,100,CLEAR,11.2,3.2,2025-08-17T19:00:00+09:30,PT5M
14,79,0,0,0,0,961.1,138,3,101,CLEAR,11.1,3.2,2025-08-17T19:05:00+09:30,PT5M
14,80,0,0,0,0,961.2,137,3,102,CLEAR,11,3.2,2025-08-17T19:10:00+09:30,PT5M
14,80,0,0,0,0,961.2,137,2.9,103,CLEAR,11,3.1,2025-08-17T19:15:00+09:30,PT5M
13,81,0,0,0,0,961.3,137,2.9,104,CLEAR,10.9,3.1,2025-08-17T19:20:00+09:30,PT5M
13,81,0,0,0,0,961.4,137,2.8,105,CLEAR,10.8,3.1,2025-08-17T19:25:00+09:30,PT5M
13,82,8.2,0,0,0,961.4,137,2.8,106,MOSTLY CLEAR,10.8,3.1,2025-08-17T19:30:00+09:30,PT5M
13,82,8.2,0,0,0,961.5,136,2.8,108,MOSTLY CLEAR,10.7,3,2025-08-17T19:35:00+09:30,PT5M
13,83,8.2,0,0,0,961.5,136,2.7,109,MOSTLY CLEAR,10.7,3,2025-08-17T19:40:00+09:30,PT5M
13,83,0,0,0,0,961.5,136,2.7,110,CLEAR,10.6,3,2025-08-17T19:45:00+09:30,PT5M
12,84,0,0,0,0,961.5,135,2.7,111,CLEAR,10.5,3,2025-08-17T19:50:00+09:30,PT5M
12,84,0,0,0,0,961.5,135,2.7,112,CLEAR,10.5,2.9,2025-08-17T19:55:00+09:30,PT5M
12,85,0,0,0,0,961.5,134,2.7,113,CLEAR,10.4,2.9,2025-08-17T20:00:00+09:30,PT5M
12,85,0,0,0,0,961.5,134,2.7,114,CLEAR,10.4,2.9,2025-08-17T20:05:00+09:30,PT5M
12,85,0,0,0,0,961.5,134,2.7,116,CLEAR,10.3,2.9,2025-08-17T20:10:00+09:30,PT5M
12,86,0,0,0,0,961.5,133,2.7,117,CLEAR,10.3,2.9,2025-08-17T20:15:00+09:30,PT5M
12,86,0,0,0,0,961.5,133,2.7,118,CLEAR,10.2,2.9,2025-08-17T20:20:00+09:30,PT5M
11,87,0,0,0,0,961.5,133,2.7,119,CLEAR,10.2,2.9,2025-08-17T20:25:00+09:30,PT5M
11,87,0,0,0,0,961.5,132,2.7,120,CLEAR,10.1,2.9,2025-08-17T20:30:00+09:30,PT5M
11,88,0,0,0,0,961.5,132,2.7,121,CLEAR,10.1,2.8,2025-08-17T20:35:00+09:30,PT5M
11,88,0,0,0,0,961.5,132,2.7,122,CLEAR,10,2.8,2025-08-17T20:40:00+09:30,PT5M
11,89,0,0,0,0,961.6,131,2.7,124,CLEAR,10,2.8,2025-08-17T20:45:00+09:30,PT5M
11,89,8.2,0,0,0,961.6,131,2.7,125,MOSTLY CLEAR,9.9,2.8,2025-08-17T20:50:00+09:30,PT5M
11,90,8.2,0,0,0,961.7,131,2.7,126,MOSTLY CLEAR,9.9,2.8,2025-08-17T20:55:00+09:30,PT5M
11,90,8.2,0,0,0,961.7,131,2.8,127,MOSTLY CLEAR,9.8,2.8,2025-08-17T21:00:00+09:30,PT5M
11,91,8.2,0,0,0,961.7,130,2.8,128,MOSTLY CLEAR,9.8,2.8,2025-08-17T21:05:00+09:30,PT5M
11,91,8.2,0,0,0,961.8,130,2.8,129,MOSTLY CLEAR,9.7,2.8,2025-08-17T21:10:00+09:30,PT5M
11,92,0,0,0,0,961.8,130,2.8,130,CLEAR,9.7,2.8,2025-08-17T21:15:00+09:30,PT5M
11,92,0,0,0,0,961.9,130,2.8,132,CLEAR,9.7,2.8,2025-08-17T21:20:00+09:30,PT5M
11,93,8.2,0,0,0,961.9,130,2.8,133,MOSTLY CLEAR,9.6,2.8,2025-08-17T21:25:00+09:30,PT5M
11,93,10.1,0,0,0,961.9,129,2.8,134,PARTLY CLOUDY,9.6,2.8,2025-08-17T21:30:00+09:30,PT5M
10,94,8.2,0,0,0,962,129,2.8,135,MOSTLY CLEAR,9.5,2.8,2025-08-17T21:35:00+09:30,PT5M
10,95,8.2,0,0,0,962,128,2.8,136,MOSTLY CLEAR,9.5,2.8,2025-08-17T21:40:00+09:30,PT5M
10,95,8.2,0,0,0,962,127,2.8,137,MOSTLY CLEAR,9.4,2.8,2025-08-17T21:45:00+09:30,PT5M
10,96,8.2,0,0,0,962,126,2.8,138,MOSTLY CLEAR,9.4,2.8,2025-08-17T21:50:00+09:30,PT5M
10,96,8.2,0,0,0,962,126,2.8,140,MOSTLY CLEAR,9.4,2.8,2025-08-17T21:55:00+09:30,PT5M
10,97,8.2,0,0,0,962,125,2.8,141,MOSTLY CLEAR,9.3,2.8,2025-08-17T22:00:00+09:30,PT5M
10,98,8.2,0,0,0,962,124,2.8,142,MOSTLY CLEAR,9.3,2.8,2025-08-17T22:05:00+09:30,PT5M
9,99,8.2,0,0,0,962,123,2.8,143,MOSTLY CLEAR,9.3,2.8,2025-08-17T22:10:00+09:30,PT5M
9,99,8.2,0,0,0,962,122,2.8,144,MOSTLY CLEAR,9.2,2.8,2025-08-17T22:15:00+09:30,PT5M
9,100,10.1,0,0,0,962,121,2.9,145,PARTLY CLOUDY,9.2,2.8,2025-08-17T22:20:00+09:30,PT5M
9,101,8.2,0,0,0,962,120,2.9,146,MOSTLY CLEAR,9.2,2.8,2025-08-17T22:25:00+09:30,PT5M
9,102,0,0,0,0,962,120,2.9,147,CLEAR,9.2,2.8,2025-08-17T22:30:00+09:30,PT5M
9,103,0,0,0,0,962,119,2.9,149,CLEAR,9.1,2.8,2025-08-17T22:35:00+09:30,PT5M
8,104,8.2,0,0,0,961.9,119,2.8,150,MOSTLY CLEAR,9.1,2.8,2025-08-17T22:40:00+09:30,PT5M
8,105,8.2,0,0,0,961.9,119,2.8,151,MOSTLY CLEAR,9.1,2.8,2025-08-17T22:45:00+09:30,PT5M
8,106,8.2,0,0,0,961.9,119,2.8,152,MOSTLY CLEAR,9.1,2.8,2025-08-17T22:50:00+09:30,PT5M
8,107,0,0,0,0,961.9,118,2.8,153,CLEAR,9,2.8,2025-08-17T22:55:00+09:30,PT5M
8,108,0,0,0,0,961.8,118,2.8,154,CLEAR,9,2.8,2025-08-17T23:00:00+09:30,PT5M
8,109,0,0,0,0,961.8,118,2.8,155,CLEAR,9,2.8,2025-08-17T23:05:00+09:30,PT5M
7,111,8.2,0,0,0,961.8,118,2.8,156,MOSTLY CLEAR,9,2.8,2025-08-17T23:10:00+09:30,PT5M
7,112,8.2,0,0,0,961.8,117,2.7,157,MOSTLY CLEAR,8.9,2.8,2025-08-17T23:15:00+09:30,PT5M
7,114,8.2,0,0,0,961.7,117,2.7,158,MOSTLY CLEAR,8.9,2.8,2025-08-17T23:20:00+09:30,PT5M
7,115,8.2,0,0,0,961.7,117,2.7,159,MOSTLY CLEAR,8.9,2.8,2025-08-17T23:25:00+09:30,PT5M
7,117,0,0,0,0,961.7,117,2.7,160,CLEAR,8.9,2.8,2025-08-17T23:30:00+09:30,PT5M
7,119,0,0,0,0,961.7,116,2.7,161,CLEAR,8.8,2.8,2025-08-17T23:35:00+09:30,PT5M
7,122,0,0,0,0,961.7,116,2.7,162,CLEAR,8.8,2.8,2025-08-17T23:40:00+09:30,PT5M
7,124,0,0,0,0,961.7,115,2.6,163,CLEAR,8.8,2.8,2025-08-17T23:45:00+09:30,PT5M
7,127,8.2,0,0,0,961.8,114,2.6,164,MOSTLY CLEAR,8.8,2.8,2025-08-17T23:50:00+09:30,PT5M
6,130,8.2,0,0,0,961.8,114,2.6,165,MOSTLY CLEAR,8.7,2.8,2025-08-17T23:55:00+09:30,PT5M
6,134,10.1,0,0,0,961.8,113,2.6,166,PARTLY CLOUDY,8.7,2.8,2025-08-18T00:00:00+09:30,PT5M
6,137,8.2,0,0,0,961.8,112,2.6,167,MOSTLY CLEAR,8.7,2.8,2025-08-18T00:05:00+09:30,PT5M
6,142,8.2,0,0,0,961.9,112,2.6,168,MOSTLY CLEAR,8.7,2.8,2025-08-18T00:10:00+09:30,PT5M
6,147,8.2,0,0,0,961.9,111,2.6,168,MOSTLY CLEAR,8.6,2.8,2025-08-18T00:15:00+09:30,PT5M
6,152,8.2,0,0,0,961.9,110,2.6,169,MOSTLY CLEAR,8.6,2.8,2025-08-18T00:20:00+09:30,PT5M
6,158,8.2,0,0,0,961.9,110,2.5,169,MOSTLY CLEAR,8.6,2.8,2025-08-18T00:25:00+09:30,PT5M
6,164,8.2,0,0,0,962,109,2.5,170,MOSTLY CLEAR,8.6,2.8,2025-08-18T00:30:00+09:30,PT5M
6,171,8.2,0,0,0,961.9,109,2.5,170,MOSTLY CLEAR,8.5,2.9,2025-08-18T00:35:00+09:30,PT5M
6,178,8.2,0,0,0,961.9,109,2.5,170,MOSTLY CLEAR,8.5,2.9,2025-08-18T00:40:00+09:30,PT5M
6,-175,10.1,0,0,0,961.8,110,2.6,170,PARTLY CLOUDY,8.5,2.9,2025-08-18T00:45:00+09:30,PT5M
6,-168,10.1,0,0,0,961.7,110,2.6,170,PARTLY CLOUDY,8.5,2.9,2025-08-18T00:50:00+09:30,PT5M
6,-162,10.1,0,0,0,961.7,111,2.6,170,PARTLY CLOUDY,8.4,2.9,2025-08-18T00:55:00+09:30,PT5M
6,-155,8.2,0,0,0,961.6,111,2.6,169,MOSTLY CLEAR,8.4,2.9,2025-08-18T01:00:00+09:30,PT5M
6,-150,10.1,0,0,0,961.5,112,2.6,169,PARTLY CLOUDY,8.4,2.9,2025-08-18T01:05:00+09:30,PT5M
6,-145,10.1,0,0,0,961.5,112,2.6,168,PARTLY CLOUDY,8.4,2.9,2025-08-18T01:10:00+09:30,PT5M
6,-140,8.2,0,0,0,961.4,113,2.6,167,MOSTLY CLEAR,8.4,2.9,2025-08-18T01:15:00+09:30,PT5M
6,-136,0,0,0,0,961.3,113,2.6,167,CLEAR,8.4,2.9,2025-08-18T01:20:00+09:30,PT5M
6,-132,8.2,0,0,0,961.3,114,2.6,166,MOSTLY CLEAR,8.4,2.9,2025-08-18T01:25:00+09:30,PT5M
6,-129,8.2,0,0,0,961.2,114,2.6,165,MOSTLY CLEAR,8.4,2.9,2025-08-18T01:30:00+09:30,PT5M
6,-126,8.2,0,0,0,961.1,115,2.6,164,MOSTLY CLEAR,8.3,2.9,2025-08-18T01:35:00+09:30,PT5M
6,-123,10.1,0,0,0,961.1,116,2.6,163,PARTLY CLOUDY,8.3,2.9,2025-08-18T01:40:00+09:30,PT5M
6,-121,10.1,0,0,0,961.1,117,2.6,162,PARTLY CLOUDY,8.3,2.9,2025-08-18T01:45:00+09:30,PT5M
6,-118,10.1,0,0,0,961.1,119,2.6,161,PARTLY CLOUDY,8.3,2.9,2025-08-18T01:50:00+09:30,PT5M
6,-116,8.2,0,0,0,961,120,2.6,160,MOSTLY CLEAR,8.3,2.9,2025-08-18T01:55:00+09:30,PT5M
6,-115,8.2,0,0,0,961,121,2.6,159,MOSTLY CLEAR,8.3,2.9,2025-08-18T02:00:00+09:30,PT5M
6,-113,8.2,0,0,0,961,122,2.6,158,MOSTLY CLEAR,8.3,2.9,2025-08-18T02:05:00+09:30,PT5M
6,-111,8.2,0,0,0,961,123,2.6,157,MOSTLY CLEAR,8.3,2.9,2025-08-18T02:10:00+09:30,PT5M
6,-110,0,0,0,0,960.9,124,2.6,156,CLEAR,8.3,2.9,2025-08-18T02:15:00+09:30,PT5M
6,-109,0,0,0,0,960.9,126,2.6,155,CLEAR,8.3,2.9,2025-08-18T02:20:00+09:30,PT5M
6,-107,0,0,0,0,960.9,127,2.6,154,CLEAR,8.3,2.9,2025-08-18T02:25:00+09:30,PT5M
6,-106,0,0,0,0,960.9,128,2.6,153,CLEAR,8.3,2.9,2025-08-18T02:30:00+09:30,PT5M
6,-105,0,0,0,0,960.9,129,2.6,151,CLEAR,8.2,3,2025-08-18T02:35:00+09:30,PT5M
6,-104,8.2,0,0,0,960.9,130,2.6,150,MOSTLY CLEAR,8.2,3,2025-08-18T02:40:00+09:30,PT5M
6,-103,8.2,0,0,0,960.9,131,2.6,149,MOSTLY CLEAR,8.2,3,2025-08-18T02:45:00+09:30,PT5M
6,-102,0,0,0,0,960.9,132,2.6,148,CLEAR,8.2,3,2025-08-18T02:50:00+09:30,PT5M
6,-101,8.2,0,0,0,960.9,133,2.6,147,MOSTLY CLEAR,8.2,3,2025-08-18T02:55:00+09:30,PT5M
6,-101,10.1,0,0,0,960.9,134,2.6,146,PARTLY CLOUDY,8.2,3,2025-08-18T03:00:00+09:30,PT5M
6,-100,10.1,0,0,0,960.9,135,2.6,145,PARTLY CLOUDY,8.2,3,2025-08-18T03:05:00+09:30,PT5M
6,-99,10.1,0,0,0,960.9,136,2.6,144,PARTLY CLOUDY,8.2,3,2025-08-18T03:10:00+09:30,PT5M
6,-98,8.2,0,0,0,960.9,136,2.6,142,MOSTLY CLEAR,8.2,3,2025-08-18T03:15:00+09:30,PT5M
6,-98,8.2,0,0,0,960.9,137,2.6,141,MOSTLY CLEAR,8.2,3,2025-08-18T03:20:00+09:30,PT5M
6,-97,8.2,0,0,0,960.9,138,2.6,140,MOSTLY CLEAR,8.2,3,2025-08-18T03:25:00+09:30,PT5M
6,-96,8.2,0,0,0,961,139,2.6,139,MOSTLY CLEAR,8.2,3,2025-08-18T03:30:00+09:30,PT5M
6,-96,0,0,0,0,960.9,140,2.6,138,CLEAR,8.3,3,2025-08-18T03:35:00+09:30,PT5M
6,-95,0,0,0,0,960.9,139,2.6,137,CLEAR,8.3,3,2025-08-18T03:40:00+09:30,PT5M
6,-94,0,0,0,0,960.9,139,2.6,136,CLEAR,8.3,3,2025-08-18T03:45:00+09:30,PT5M
6,-94,0,0,0,0,960.8,139,2.6,134,CLEAR,8.3,3,2025-08-18T03:50:00+09:30,PT5M
6,-93,8.2,0,0,0,960.8,138,2.6,133,MOSTLY CLEAR,8.3,3,2025-08-18T03:55:00+09:30,PT5M
6,-93,10.1,0,0,0,960.7,138,2.6,132,PARTLY CLOUDY,8.3,3,2025-08-18T04:00:00+09:30,PT5M
6,-92,8.2,0,0,0,960.7,138,2.6,131,MOSTLY CLEAR,8.3,3,2025-08-18T04:05:00+09:30,PT5M
6,-92,8.2,0,0,0,960.6,138,2.6,130,MOSTLY CLEAR,8.4,3,2025-08-18T04:10:00+09:30,PT5M
6,-91,8.2,0,0,0,960.6,137,2.6,129,MOSTLY CLEAR,8.4,3,2025-08-18T04:15:00+09:30,PT5M
6,-91,8.2,0,0,0,960.6,137,2.6,128,MOSTLY CLEAR,8.4,3.1,2025-08-18T04:20:00+09:30,PT5M
6,-90,8.2,0,0,0,960.5,137,2.6,126,MOSTLY CLEAR,8.5,3.1,2025-08-18T04:25:00+09:30,PT5M
6,-90,8.2,0,0,0,960.5,137,2.6,125,MOSTLY CLEAR,8.5,3.1,2025-08-18T04:30:00+09:30,PT5M
6,-89,8.2,0,0,0,960.5,137,2.6,124,MOSTLY CLEAR,8.6,3.1,2025-08-18T04:35:00+09:30,PT5M
6,-89,8.2,0,0,0,960.5,138,2.6,123,MOSTLY CLEAR,8.6,3.1,2025-08-18T04:40:00+09:30,PT5M
6,-88,8.2,0,0,0,960.6,139,2.6,122,MOSTLY CLEAR,8.7,3.1,2025-08-18T04:45:00+09:30,PT5M
6,-88,8.2,0,0,0,960.7,141,2.6,121,MOSTLY CLEAR,8.7,3.2,2025-08-18T04:50:00+09:30,PT5M
6,-87,8.2,0,0,0,960.7,142,2.7,120,MOSTLY CLEAR,8.7,3.2,2025-08-18T04:55:00+09:30,PT5M
6,-87,8.2,0,0,0,960.8,143,2.7,118,MOSTLY CLEAR,8.8,3.2,2025-08-18T05:00:00+09:30,PT5M
6,-86,8.2,0,0,0,960.8,144,2.7,117,MOSTLY CLEAR,8.8,3.2,2025-08-18T05:05:00+09:30,PT5M
6,-86,8.2,0,0,0,960.9,145,2.7,116,MOSTLY CLEAR,8.9,3.2,2025-08-18T05:10:00+09:30,PT5M
5,-85,10.1,0,0,0,961,146,2.7,115,PARTLY CLOUDY,8.9,3.2,2025-08-18T05:15:00+09:30,PT5M
5,-85,10.1,0,0,0,961,147,2.7,114,PARTLY CLOUDY,8.9,3.3,2025-08-18T05:20:00+09:30,PT5M
5,-84,8.2,0,0,0,961.1,148,2.8,113,MOSTLY CLEAR,9,3.3,2025-08-18T05:25:00+09:30,PT5M
5,-84,8.2,0,0,0,961.1,149,2.8,112,MOSTLY CLEAR,9,3.3,2025-08-18T05:30:00+09:30,PT5M
5,-84,8.2,0,0,0,961.2,150,2.8,110,MOSTLY CLEAR,9.1,3.3,2025-08-18T05:35:00+09:30,PT5M
5,-83,8.2,0,0,0,961.2,150,2.8,109,MOSTLY CLEAR,9.1,3.3,2025-08-18T05:40:00+09:30,PT5M
5,-83,8.2,0,0,0,961.3,151,2.9,108,MOSTLY CLEAR,9.2,3.3,2025-08-18T05:45:00+09:30,PT5M
5,-82,8.2,0,0,0,961.3,151,2.9,107,MOSTLY CLEAR,9.2,3.4,2025-08-18T05:50:00+09:30,PT5M
5,-82,8.2,0,0,0,961.4,151,2.9,106,MOSTLY CLEAR,9.2,3.4,2025-08-18T05:55:00+09:30,PT5M
4,-81,8.2,0,0,0,961.4,152,2.9,105,MOSTLY CLEAR,9.3,3.4,2025-08-18T06:00:00+09:30,PT5M
4,-81,10.1,0,0,0,961.5,152,3,104,PARTLY CLOUDY,9.2,3.4,2025-08-18T06:05:00+09:30,PT5M
4,-80,10.1,0,0,0,961.5,152,3,103,PARTLY CLOUDY,9.1,3.4,2025-08-18T06:10:00+09:30,PT5M
4,-80,8.2,0,0,0,961.6,152,3,101,MOSTLY CLEAR,9,3.5,2025-08-18T06:15:00+09:30,PT5M
4,-79,0,0,0,0,961.6,153,3.1,100,CLEAR,8.9,3.5,2025-08-18T06:20:00+09:30,PT5M
4,-79,8.2,0,0,0,961.7,153,3.1,99,MOSTLY CLEAR,8.8,3.5,2025-08-18T06:25:00+09:30,PT5M
4,-78,8.2,0,0,0,961.7,153,3.1,98,MOSTLY CLEAR,8.7,3.5,2025-08-18T06:30:00+09:30,PT5M
4,-78,8.2,0,0,0,961.8,153,3.1,97,MOSTLY CLEAR,8.6,3.6,2025-08-18T06:35:00+09:30,PT5M
4,-78,0,0,0,0,961.9,152,3.1,96,CLEAR,8.5,3.6,2025-08-18T06:40:00+09:30,PT5M
4,-77,8.2,0,0,0,962,152,3.1,95,MOSTLY CLEAR,8.4,3.6,2025-08-18T06:45:00+09:30,PT5M
4,-77,10.1,0,0,0,962.1,151,3,94,PARTLY CLOUDY,8.3,3.6,2025-08-18T06:50:00+09:30,PT5M
4,-76,8.2,0,0,0,962.2,150,3,92,MOSTLY CLEAR,8.2,3.7,2025-08-18T06:55:00+09:30,PT5M
4,-76,0,0,0,0,962.3,149,3,91,CLEAR,8.1,3.7,2025-08-18T07:00:00+09:30,PT5M
4,-75,0,0,0,0,962.4,148,3,90,CLEAR,7.9,3.7,2025-08-18T07:05:00+09:30,PT5M
4,-75,0,8,10,0,962.5,147,3,89,SUNNY,7.6,3.8,2025-08-18T07:10:00+09:30,PT5M
5,-74,8.2,18,24,0,962.6,147,2.9,88,MOSTLY SUNNY,7.4,3.8,2025-08-18T07:15:00+09:30,PT5M
5,-74,10.1,30,43,0,962.6,146,2.9,87,PARTLY CLOUDY,7.1,3.8,2025-08-18T07:20:00+09:30,PT5M
5,-73,8.2,44,71,0,962.7,145,2.9,86,MOSTLY SUNNY,6.8,3.8,2025-08-18T07:25:00+09:30,PT5M
5,-73,0,63,119,0,962.8,144,2.9,85,SUNNY,6.6,3.9,2025-08-18T07:30:00+09:30,PT5M
5,-72,0,80,142,0,962.9,143,2.9,84,SUNNY,6.3,3.9,2025-08-18T07:35:00+09:30,PT5M
6,-71,0,97,165,0,963,143,2.9,83,SUNNY,6.1,4,2025-08-18T07:40:00+09:30,PT5M
6,-71,0,115,188,0,963,143,2.9,81,SUNNY,5.8,4,2025-08-18T07:45:00+09:30,PT5M
6,-70,0,133,211,0,963.1,143,2.9,80,SUNNY,5.5,4,2025-08-18T07:50:00+09:30,PT5M
7,-70,0,151,233,0,963.1,142,2.9,79,SUNNY,5.3,4,2025-08-18T07:55:00+09:30,PT5M
7,-69,0,170,256,0,963.2,142,2.9,78,SUNNY,5,4.1,2025-08-18T08:00:00+09:30,PT5M
8,-69,0,188,279,0,963.3,142,2.9,77,SUNNY,4.8,4.1,2025-08-18T08:05:00+09:30,PT5M
8,-68,0,207,301,0,963.3,142,2.9,76,SUNNY,4.5,4.1,2025-08-18T08:10:00+09:30,PT5M
8,-67,0,226,324,0,963.4,141,2.9,75,SUNNY,4.3,4.1,2025-08-18T08:15:00+09:30,PT5M
9,-67,0,245,346,0,963.4,141,3,74,SUNNY,4,4,2025-08-18T08:20:00+09:30,PT5M
9,-66,0,264,368,0,963.5,141,3,73,SUNNY,4,4,2025-08-18T08:25:00+09:30,PT5M
10,-65,0,283,390,0,963.6,141,3,72,SUNNY,4,4,2025-08-18T08:30:00+09:30,PT5M
10,-65,0,302,412,0,963.6,140,3,71,SUNNY,4,4,2025-08-18T08:35:00+09:30,PT5M
10,-64,0,320,434,0,963.6,138,3.2,70,SUNNY,4,4,2025-08-18T08:40:00+09:30,PT5M
10,-63,0,339,455,0,963.7,137,3.3,69,SUNNY,4,4,2025-08-18T08:45:00+09:30,PT5M
11,-63,0,357,476,0,963.7,136,3.4,68,SUNNY,3.9,3.9,2025-08-18T08:50:00+09:30,PT5M
11,-62,0,376,497,0,963.8,134,3.5,67,SUNNY,3.9,3.9,2025-08-18T08:55:00+09:30,PT5M
11,-61,0,394,518,0,963.8,133,3.6,66,SUNNY,3.9,3.9,2025-08-18T09:00:00+09:30,PT5M
11,-60,0,411,538,0,963.9,132,3.7,65,SUNNY,3.8,3.8,2025-08-18T09:05:00+09:30,PT5M
11,-60,0,429,559,0,963.9,131,3.9,64,SUNNY,3.4,3.4,2025-08-18T09:10:00+09:30,PT5M
12,-59,0,447,578,0,963.9,130,4,63,SUNNY,3.2,3.2,2025-08-18T09:15:00+09:30,PT5M
12,-58,0,464,598,0,964,130,4.1,62,SUNNY,2.9,2.9,2025-08-18T09:20:00+09:30,PT5M
12,-57,0,481,617,0,964,129,4.2,61,SUNNY,2.6,2.6,2025-08-18T09:25:00+09:30,PT5M
12,-56,0,498,636,0,964.1,128,4.4,60,SUNNY,2.3,2.3,2025-08-18T09:30:00+09:30,PT5M
12,-55,0,515,656,0,964.1,127,4.4,59,SUNNY,2,2,2025-08-18T09:35:00+09:30,PT5M
13,-55,0,531,674,0,964.1,126,4.5,58,SUNNY,1.7,1.7,2025-08-18T09:40:00+09:30,PT5M
13,-54,0,547,692,0,964.1,126,4.6,57,SUNNY,1.4,1.4,2025-08-18T09:45:00+09:30,PT5M
13,-53,0,562,709,0,964.1,125,4.6,56,SUNNY,1.1,1.1,2025-08-18T09:50:00+09:30,PT5M
13,-52,0,577,726,0,964.1,124,4.7,55,SUNNY,0.8,0.8,2025-08-18T09:55:00+09:30,PT5M
13,-51,0,592,743,0,964,123,4.7,54,SUNNY,0.6,0.5,2025-08-18T10:00:00+09:30,PT5M
13,-50,0,607,759,0,964,123,4.8,53,SUNNY,0.5,0.3,2025-08-18T10:05:00+09:30,PT5M
13,-49,0,621,775,0,964,122,4.9,53,SUNNY,0.5,0.3,2025-08-18T10:10:00+09:30,PT5M
13,-48,0,634,790,0,964,121,4.9,52,SUNNY,0.5,0.3,2025-08-18T10:15:00+09:30,PT5M
14,-46,0,648,805,0,964,121,5,51,SUNNY,0.6,0.3,2025-08-18T10:20:00+09:30,PT5M
14,-45,0,661,820,0,964,120,5.1,50,SUNNY,0.6,0.3,2025-08-18T10:25:00+09:30,PT5M
14,-44,0,673,834,0,964,119,5.1,49,SUNNY,0.6,0.3,2025-08-18T10:30:00+09:30,PT5M
14,-43,0,685,847,0,964,119,5.1,48,SUNNY,0.6,0.3,2025-08-18T10:35:00+09:30,PT5M
14,-42,0,697,860,0,963.9,119,5.1,48,SUNNY,0.6,0.3,2025-08-18T10:40:00+09:30,PT5M
14,-40,0,708,873,0,963.9,119,5.1,47,SUNNY,0.6,0.3,2025-08-18T10:45:00+09:30,PT5M
14,-39,0,719,885,0,963.9,119,5.1,46,SUNNY,0.7,0.3,2025-08-18T10:50:00+09:30,PT5M
14,-38,0,730,897,0,963.9,119,5.1,46,SUNNY,0.7,0.3,2025-08-18T10:55:00+09:30,PT5M
14,-36,0,739,908,0,963.8,119,5.1,45,SUNNY,0.7,0.3,2025-08-18T11:00:00+09:30,PT5M
15,-35,0,749,918,0,963.8,119,5.1,44,SUNNY,0.7,0.3,2025-08-18T11:05:00+09:30,PT5M
15,-33,0,758,928,0,963.8,119,5.1,44,SUNNY,0.7,0.3,2025-08-18T11:10:00+09:30,PT5M
15,-32,0,767,938,0,963.8,119,5.1,43,SUNNY,0.7,0.3,2025-08-18T11:15:00+09:30,PT5M
15,-30,0,775,947,0,963.7,119,5,42,SUNNY,0.7,0.3,2025-08-18T11:20:00+09:30,PT5M
15,-28,0,782,956,0,963.7,119,5,42,SUNNY,0.7,0.3,2025-08-18T11:25:00+09:30,PT5M
15,-27,0,790,964,0,963.7,119,5,41,SUNNY,0.7,0.3,2025-08-18T11:30:00+09:30,PT5M
15,-25,0,796,971,0,963.6,119,5,41,SUNNY,0.8,0.4,2025-08-18T11:35:00+09:30,PT5M
15,-23,0,803,978,0,963.5,120,5,40,SUNNY,0.8,0.4,2025-08-18T11:40:00+09:30,PT5M
16,-22,0,808,985,0,963.5,121,4.9,40,SUNNY,0.8,0.4,2025-08-18T11:45:00+09:30,PT5M
16,-20,0,814,990,0,963.4,122,4.9,39,SUNNY,0.8,0.4,2025-08-18T11:50:00+09:30,PT5M
16,-18,0,819,996,0,963.3,122,4.9,39,SUNNY,0.8,0.4,2025-08-18T11:55:00+09:30,PT5M
16,-16,0,823,1001,0,963.2,123,4.9,39,SUNNY,0.8,0.4,2025-08-18T12:00:00+09:30,PT5M
16,-14,0,827,1005,0,963.1,124,4.9,38,SUNNY,0.8,0.4,2025-08-18T12:05:00+09:30,PT5M
16,-12,0,830,1009,0,963,125,4.8,38,SUNNY,0.9,0.4,2025-08-18T12:10:00+09:30,PT5M
16,-10,0,833,1012,0,962.9,126,4.8,38,SUNNY,0.9,0.4,2025-08-18T12:15:00+09:30,PT5M
16,-8,0,835,1014,0,962.8,127,4.8,38,SUNNY,1,0.4,2025-08-18T12:20:00+09:30,PT5M
16,-6,0,837,1016,0,962.7,128,4.8,38,SUNNY,1,0.4,2025-08-18T12:25:00+09:30,PT5M
16,-4,0,838,1018,0,962.6,129,4.8,37,SUNNY,1.1,0.4,2025-08-18T12:30:00+09:30,PT5M
17,-2,0,839,1019,0,962.5,129,4.8,37,SUNNY,1.1,0.5,2025-08-18T12:35:00+09:30,PT5M
17,0,0,840,1019,0,962.5,130,4.8,37,SUNNY,1.2,0.5,2025-08-18T12:40:00+09:30,PT5M
17,2,0,839,1019,0,962.4,131,4.8,37,SUNNY,1.2,0.5,2025-08-18T12:45:00+09:30,PT5M
17,4,0,839,1018,0,962.3,132,4.7,37,SUNNY,1.3,0.5,2025-08-18T12:50:00+09:30,PT5M
17,6,0,837,1017,0,962.2,132,4.7,37,SUNNY,1.3,0.5,2025-08-18T12:55:00+09:30,PT5M
17,7,0,836,1015,0,962.2,133,4.7,38,SUNNY,1.4,0.5,2025-08-18T13:00:00+09:30,PT5M
17,9,0,834,1012,0,962.1,134,4.7,38,SUNNY,1.4,0.5,2025-08-18T13:05:00+09:30,PT5M
17,11,0,831,1009,0,962,134,4.7,38,SUNNY,1.5,0.5,2025-08-18T13:10:00+09:30,PT5M
17,13,0,828,1006,0,961.9,135,4.7,38,SUNNY,1.6,0.5,2025-08-18T13:15:00+09:30,PT5M
17,15,0,824,1001,0,961.9,136,4.7,39,SUNNY,1.7,0.5,2025-08-18T13:20:00+09:30,PT5M
17,17,0,820,997,0,961.8,136,4.7,39,SUNNY,1.8,0.5,2025-08-18T13:25:00+09:30,PT5M
17,19,0,815,992,0,961.7,137,4.7,39,SUNNY,1.9,0.5,2025-08-18T13:30:00+09:30,PT5M
17,21,0,810,986,0,961.6,138,4.7,40,SUNNY,1.9,0.6,2025-08-18T13:35:00+09:30,PT5M
17,23,0,804,979,0,961.6,138,4.7,40,SUNNY,2,0.6,2025-08-18T13:40:00+09:30,PT5M
17,24,0,798,973,0,961.5,138,4.7,40,SUNNY,2.1,0.6,2025-08-18T13:45:00+09:30,PT5M
17,26,0,792,965,0,961.4,139,4.7,41,SUNNY,2.2,0.6,2025-08-18T13:50:00+09:30,PT5M
17,28,0,784,957,0,961.4,139,4.7,41,SUNNY,2.3,0.6,2025-08-18T13:55:00+09:30,PT5M
17,29,0,777,949,0,961.3,140,4.7,42,SUNNY,2.4,0.6,2025-08-18T14:00:00+09:30,PT5M
18,31,0,769,940,0,961.2,140,4.6,43,SUNNY,2.4,0.6,2025-08-18T14:05:00+09:30,PT5M
18,32,0,760,930,0,961.2,140,4.6,43,SUNNY,2.5,0.6,2025-08-18T14:10:00+09:30,PT5M
18,34,1.4,741,905,0,961.1,141,4.6,44,MOSTLY SUNNY,2.6,0.6,2025-08-18T14:15:00+09:30,PT5M
18,35,0,742,910,0,961,141,4.6,44,SUNNY,2.7,0.7,2025-08-18T14:20:00+09:30,PT5M
18,37,0,732,899,0,961,142,4.6,45,SUNNY,2.7,0.7,2025-08-18T14:25:00+09:30,PT5M
18,38,0,722,888,0,960.9,142,4.6,46,SUNNY,2.8,0.7,2025-08-18T14:30:00+09:30,PT5M
18,40,0,711,876,0,960.8,142,4.6,47,SUNNY,2.9,0.7,2025-08-18T14:35:00+09:30,PT5M
18,41,0,700,863,0,960.8,143,4.6,47,SUNNY,3,0.7,2025-08-18T14:40:00+09:30,PT5M
18,42,0,689,850,0,960.8,143,4.6,48,SUNNY,3,0.7,2025-08-18T14:45:00+09:30,PT5M
18,43,0,677,837,0,960.7,144,4.6,49,SUNNY,3.1,0.8,2025-08-18T14:50:00+09:30,PT5M
18,45,0,664,823,0,960.7,144,4.6,50,SUNNY,3.2,0.8,2025-08-18T14:55:00+09:30,PT5M
18,46,0,652,809,0,960.7,145,4.6,50,SUNNY,3.3,0.8,2025-08-18T15:00:00+09:30,PT5M
18,47,0,639,794,0,960.6,145,4.6,51,SUNNY,3.4,0.8,2025-08-18T15:05:00+09:30,PT5M
18,48,0,625,779,0,960.6,145,4.6,52,SUNNY,3.5,0.9,2025-08-18T15:10:00+09:30,PT5M
18,49,0,611,763,0,960.6,146,4.6,53,SUNNY,3.6,0.9,2025-08-18T15:15:00+09:30,PT5M
18,50,0,597,747,0,960.5,146,4.6,54,SUNNY,3.7,0.9,2025-08-18T15:20:00+09:30,PT5M
18,51,7.7,537,661,0,960.5,147,4.6,55,MOSTLY SUNNY,3.8,1,2025-08-18T15:25:00+09:30,PT5M
18,52,0,567,714,0,960.5,147,4.6,56,SUNNY,3.9,1,2025-08-18T15:30:00+09:30,PT5M
18,53,2.6,538,675,0,960.4,147,4.6,57,MOSTLY SUNNY,4,1.1,2025-08-18T15:35:00+09:30,PT5M
18,54,0,537,679,0,960.4,148,4.7,57,SUNNY,4.1,1.1,2025-08-18T15:40:00+09:30,PT5M
18,55,12.8,454,553,0,960.4,148,4.7,58,PARTLY CLOUDY,4.2,1.2,2025-08-18T15:45:00+09:30,PT5M
18,56,0,504,643,0,960.4,148,4.7,59,SUNNY,4.3,1.2,2025-08-18T15:50:00+09:30,PT5M
18,57,0.2,487,622,0,960.4,148,4.7,60,MOSTLY SUNNY,4.4,1.2,2025-08-18T15:55:00+09:30,PT5M
18,58,14.5,403,491,0,960.4,148,4.7,61,PARTLY CLOUDY,4.5,1.3,2025-08-18T16:00:00+09:30,PT5M
18,59,7.5,420,530,0,960.4,148,4.8,62,MOSTLY SUNNY,4.7,1.3,2025-08-18T16:05:00+09:30,PT5M
18,59,7.1,406,515,0,960.4,149,4.8,63,MOSTLY SUNNY,4.8,1.4,2025-08-18T16:10:00+09:30,PT5M
18,60,8,386,490,0,960.4,149,4.8,64,MOSTLY SUNNY,5,1.4,2025-08-18T16:15:00+09:30,PT5M
18,61,0,402,526,0,960.4,149,4.8,65,SUNNY,5.1,1.4,2025-08-18T16:20:00+09:30,PT5M
18,62,0,384,506,0,960.4,149,4.9,66,SUNNY,5.2,1.5,2025-08-18T16:25:00+09:30,PT5M
18,62,16.1,307,378,0,960.4,149,4.9,67,PARTLY CLOUDY,5.4,1.5,2025-08-18T16:30:00+09:30,PT5M
18,63,0,347,464,0,960.4,149,4.9,68,SUNNY,5.5,1.5,2025-08-18T16:35:00+09:30,PT5M
17,64,14.4,282,355,0,960.4,149,4.9,69,PARTLY CLOUDY,5.7,1.6,2025-08-18T16:40:00+09:30,PT5M
17,65,4.9,295,393,0,960.4,149,4.9,70,MOSTLY SUNNY,5.8,1.6,2025-08-18T16:45:00+09:30,PT5M
17,65,5.1,277,372,0,960.4,149,4.9,71,MOSTLY SUNNY,5.9,1.6,2025-08-18T16:50:00+09:30,PT5M
17,66,5.3,259,350,0,960.4,149,4.9,72,MOSTLY SUNNY,6.1,1.6,2025-08-18T16:55:00+09:30,PT5M
17,67,36.2,162,166,0,960.4,149,5,73,MOSTLY CLOUDY,6.2,1.7,2025-08-18T17:00:00+09:30,PT5M
17,67,0,236,334,0,960.5,149,5,74,SUNNY,6.4,1.7,2025-08-18T17:05:00+09:30,PT5M
17,68,5.9,204,285,0,960.5,149,5,75,MOSTLY SUNNY,6.5,1.8,2025-08-18T17:10:00+09:30,PT5M
16,68,32.8,133,142,0,960.5,149,5,77,PARTLY CLOUDY,6.7,1.8,2025-08-18T17:15:00+09:30,PT5M
16,69,11.1,159,220,0,960.5,149,5,78,PARTLY CLOUDY,6.8,1.9,2025-08-18T17:20:00+09:30,PT5M
16,70,32.5,108,116,0,960.5,149,5,79,PARTLY CLOUDY,6.9,1.9,2025-08-18T17:25:00+09:30,PT5M
16,70,0,142,220,0,960.5,149,5,80,SUNNY,7.1,2,2025-08-18T17:30:00+09:30,PT5M
16,71,40.3,74,72,0,960.6,149,5,81,MOSTLY CLOUDY,7.2,2,2025-08-18T17:35:00+09:30,PT5M
16,71,72.4,29,28,0,960.6,149,4.9,82,OVERCAST,7.4,2.1,2025-08-18T17:40:00+09:30,PT5M
16,72,19.6,71,95,0,960.7,148,4.9,83,PARTLY CLOUDY,7.5,2.1,2025-08-18T17:45:00+09:30,PT5M
16,72,50.7,35,34,0,960.7,148,4.8,84,MOSTLY CLOUDY,7.6,2.2,2025-08-18T17:50:00+09:30,PT5M
15,73,54.8,25,24,0,960.8,148,4.8,85,MOSTLY CLOUDY,7.8,2.2,2025-08-18T17:55:00+09:30,PT5M
15,73,33.6,27,26,0,960.8,148,4.7,86,PARTLY CLOUDY,7.9,2.3,2025-08-18T18:00:00+09:30,PT5M
15,74,25,20,19,0,960.9,148,4.6,87,PARTLY CLOUDY,8.1,2.3,2025-08-18T18:05:00+09:30,PT5M
15,74,52.1,7,6,0,960.9,147,4.6,88,MOSTLY CLOUDY,8.3,2.4,2025-08-18T18:10:00+09:30,PT5M
15,75,46.3,2,2,0,961,147,4.5,90,MOSTLY CLOUDY,8.4,2.4,2025-08-18T18:15:00+09:30,PT5M
15,75,49.2,0,0,0,961,147,4.5,91,MOSTLY CLOUDY,8.6,2.5,2025-08-18T18:20:00+09:30,PT5M
15,76,40.1,0,0,0,961.1,147,4.4,92,MOSTLY CLOUDY,8.8,2.6,2025-08-18T18:25:00+09:30,PT5M
15,76,50.7,0,0,0,961.1,146,4.4,93,MOSTLY CLOUDY,9,2.6,2025-08-18T18:30:00+09:30,PT5M
14,77,23.2,0,0,0,961.2,146,4.3,94,PARTLY CLOUDY,9.1,2.7,2025-08-18T18:35:00+09:30,PT5M
14,77,14,0,0,0,961.2,146,4.3,95,PARTLY CLOUDY,9.3,2.7,2025-08-18T18:40:00+09:30,PT5M
14,78,10.1,0,0,0,961.3,145,4.3,96,PARTLY CLOUDY,9.5,2.8,2025-08-18T18:45:00+09:30,PT5M
14,78,12.1,0,0,0,961.3,145,4.3,97,PARTLY CLOUDY,9.7,2.9,2025-08-18T18:50:00+09:30,PT5M
14,79,19.6,0,0,0,961.3,145,4.3,98,PARTLY CLOUDY,9.8,2.9,2025-08-18T18:55:00+09:30,PT5M
14,79,30.3,0,0,0,961.4,144,4.3,100,PARTLY CLOUDY,10,3,2025-08-18T19:00:00+09:30,PT5M
14,80,8.2,0,0,0,961.4,144,4.3,101,MOSTLY CLEAR,10.2,3,2025-08-18T19:05:00+09:30,PT5M
14,80,0,0,0,0,961.5,144,4.2,102,CLEAR,10.4,3.1,2025-08-18T19:10:00+09:30,PT5M
13,81,0,0,0,0,961.5,143,4.2,103,CLEAR,10.6,3.2,2025-08-18T19:15:00+09:30,PT5M
13,81,0,0,0,0,961.6,143,4.2,104,CLEAR,10.9,3.3,2025-08-18T19:20:00+09:30,PT5M
13,82,0,0,0,0,961.6,142,4.2,105,CLEAR,11.1,3.3,2025-08-18T19:25:00+09:30,PT5M
13,82,0,0,0,0,961.6,142,4.2,106,CLEAR,11.3,3.4,2025-08-18T19:30:00+09:30,PT5M
13,83,8.2,0,0,0,961.7,142,4.2,108,MOSTLY CLEAR,11.5,3.5,2025-08-18T19:35:00+09:30,PT5M
13,83,8.2,0,0,0,961.7,141,4.2,109,MOSTLY CLEAR,11.7,3.6,2025-08-18T19:40:00+09:30,PT5M
13,83,8.2,0,0,0,961.8,141,4.1,110,MOSTLY CLEAR,11.9,3.6,2025-08-18T19:45:00+09:30,PT5M
12,84,10.1,0,0,0,961.8,141,4.1,111,PARTLY CLOUDY,12.2,3.7,2025-08-18T19:50:00+09:30,PT5M
12,84,10.1,0,0,0,961.9,140,4.1,112,PARTLY CLOUDY,12.4,3.8,2025-08-18T19:55:00+09:30,PT5M
12,85,8.2,0,0,0,961.9,140,4.1,113,MOSTLY CLEAR,12.6,3.9,2025-08-18T20:00:00+09:30,PT5M
12,85,10.1,0,0,0,962,140,4,114,PARTLY CLOUDY,12.8,3.9,2025-08-18T20:05:00+09:30,PT5M
12,86,12.1,0,0,0,962,140,4,115,PARTLY CLOUDY,13,4,2025-08-18T20:10:00+09:30,PT5M
12,86,8.2,0,0,0,962.1,139,4,117,MOSTLY CLEAR,13.2,4,2025-08-18T20:15:00+09:30,PT5M
11,87,0,0,0,0,962.1,139,4,118,CLEAR,13.5,4.1,2025-08-18T20:20:00+09:30,PT5M
11,87,0,0,0,0,962.2,139,3.9,119,CLEAR,13.7,4.1,2025-08-18T20:25:00+09:30,PT5M
11,88,0,0,0,0,962.2,138,3.9,120,CLEAR,13.9,4.2,2025-08-18T20:30:00+09:30,PT5M
11,88,0,0,0,0,962.3,138,3.9,121,CLEAR,14.1,4.2,2025-08-18T20:35:00+09:30,PT5M
11,89,0,0,0,0,962.3,137,3.9,122,CLEAR,14.3,4.3,2025-08-18T20:40:00+09:30,PT5M
11,89,0,0,0,0,962.3,137,3.8,123,CLEAR,14.5,4.3,2025-08-18T20:45:00+09:30,PT5M
11,90,0,0,0,0,962.3,137,3.8,125,CLEAR,14.8,4.4,2025-08-18T20:50:00+09:30,PT5M
11,90,0,0,0,0,962.3,136,3.8,126,CLEAR,15,4.4,2025-08-18T20:55:00+09:30,PT5M
11,91,0,0,0,0,962.3,136,3.8,127,CLEAR,15.2,4.5,2025-08-18T21:00:00+09:30,PT5M
11,91,0,0,0,0,962.3,135,3.8,128,CLEAR,15.4,4.5,2025-08-18T21:05:00+09:30,PT5M
11,92,0,0,0,0,962.3,135,3.8,129,CLEAR,15.6,4.6,2025-08-18T21:10:00+09:30,PT5M
11,92,0,0,0,0,962.3,134,3.7,130,CLEAR,15.7,4.6,2025-08-18T21:15:00+09:30,PT5M
11,93,8.2,0,0,0,962.3,134,3.7,131,MOSTLY CLEAR,15.9,4.6,2025-08-18T21:20:00+09:30,PT5M
11,93,8.2,0,0,0,962.3,133,3.7,133,MOSTLY CLEAR,16.1,4.7,2025-08-18T21:25:00+09:30,PT5M
10,94,8.2,0,0,0,962.3,133,3.7,134,MOSTLY CLEAR,16.3,4.7,2025-08-18T21:30:00+09:30,PT5M
10,94,8.2,0,0,0,962.3,133,3.7,135,MOSTLY CLEAR,16.4,4.8,2025-08-18T21:35:00+09:30,PT5M
10,95,10.1,0,0,0,962.3,133,3.7,136,PARTLY CLOUDY,16.6,4.8,2025-08-18T21:40:00+09:30,PT5M
10,96,10.1,0,0,0,962.3,133,3.7,137,PARTLY CLOUDY,16.8,4.9,2025-08-18T21:45:00+09:30,PT5M
10,96,10.1,0,0,0,962.3,133,3.6,138,PARTLY CLOUDY,17,4.9,2025-08-18T21:50:00+09:30,PT5M
10,97,10.1,0,0,0,962.3,133,3.6,139,PARTLY CLOUDY,17.1,4.9,2025-08-18T21:55:00+09:30,PT5M
10,98,10.1,0,0,0,962.3,133,3.6,141,PARTLY CLOUDY,17.3,5,2025-08-18T22:00:00+09:30,PT5M
9,98,8.2,0,0,0,962.3,133,3.6,142,MOSTLY CLEAR,17.5,5,2025-08-18T22:05:00+09:30,PT5M
9,99,0,0,0,0,962.3,133,3.6,143,CLEAR,17.6,5.1,2025-08-18T22:10:00+09:30,PT5M
9,100,0,0,0,0,962.3,133,3.6,144,CLEAR,17.8,5.1,2025-08-18T22:15:00+09:30,PT5M
9,101,0,0,0,0,962.4,133,3.6,145,CLEAR,17.9,5.1,2025-08-18T22:20:00+09:30,PT5M
9,101,0,0,0,0,962.4,133,3.6,146,CLEAR,18,5.2,2025-08-18T22:25:00+09:30,PT5M
9,102,0,0,0,0,962.4,133,3.5,147,CLEAR,18.2,5.2,2025-08-18T22:30:00+09:30,PT5M
9,103,0,0,0,0,962.4,133,3.5,148,CLEAR,18.3,5.2,2025-08-18T22:35:00+09:30,PT5M
8,104,8.2,0,0,0,962.4,132,3.5,150,MOSTLY CLEAR,18.5,5.3,2025-08-18T22:40:00+09:30,PT5M
8,105,12.1,0,0,0,962.4,132,3.5,151,PARTLY CLOUDY,18.6,5.3,2025-08-18T22:45:00+09:30,PT5M
8,106,10.1,0,0,0,962.4,132,3.5,152,PARTLY CLOUDY,18.7,5.3,2025-08-18T22:50:00+09:30,PT5M
8,107,12.1,0,0,0,962.4,132,3.5,153,PARTLY CLOUDY,18.9,5.4,2025-08-18T22:55:00+09:30,PT5M
8,109,10.1,0,0,0,962.4,132,3.5,154,PARTLY CLOUDY,19,5.4,2025-08-18T23:00:00+09:30,PT5M
8,110,10.1,0,0,0,962.4,131,3.5,155,PARTLY CLOUDY,19.2,5.4,2025-08-18T23:05:00+09:30,PT5M
8,111,10.1,0,0,0,962.4,131,3.5,156,PARTLY CLOUDY,19.3,5.4,2025-08-18T23:10:00+09:30,PT5M
8,113,8.2,0,0,0,962.4,131,3.5,157,MOSTLY CLEAR,19.4,5.5,2025-08-18T23:15:00+09:30,PT5M
8,114,0,0,0,0,962.4,131,3.5,158,CLEAR,19.6,5.5,2025-08-18T23:20:00+09:30,PT5M
8,116,0,0,0,0,962.4,131,3.5,159,CLEAR,19.7,5.6,2025-08-18T23:25:00+09:30,PT5M
7,118,8.2,0,0,0,962.4,131,3.5,160,MOSTLY CLEAR,19.8,5.6,2025-08-18T23:30:00+09:30,PT5M
7,120,0,0,0,0,962.4,130,3.6,161,CLEAR,20,5.6,2025-08-18T23:35:00+09:30,PT5M
7,123,0,0,0,0,962.3,130,3.6,162,CLEAR,20.1,5.6,2025-08-18T23:40:00+09:30,PT5M
7,125,0,0,0,0,962.3,130,3.6,163,CLEAR,20.2,5.7,2025-08-18T23:45:00+09:30,PT5M
7,128,0,0,0,0,962.3,130,3.6,164,CLEAR,20.4,5.7,2025-08-18T23:50:00+09:30,PT5M
7,131,0,0,0,0,962.3,130,3.6,165,CLEAR,20.5,5.8,2025-08-18T23:55:00+09:30,PT5M
7,135,8.2,0,0,0,962.2,130,3.6,166,MOSTLY CLEAR,20.6,5.8,2025-08-19T00:00:00+09:30,PT5M
7,138,8.2,0,0,0,962.2,130,3.6,167,MOSTLY CLEAR,20.8,5.8,2025-08-19T00:05:00+09:30,PT5M
7,143,0,0,0,0,962.2,130,3.6,167,CLEAR,21.1,5.8,2025-08-19T00:10:00+09:30,PT5M
7,148,0,0,0,0,962.2,130,3.6,168,CLEAR,21.4,5.9,2025-08-19T00:15:00+09:30,PT5M
7,153,0,0,0,0,962.1,130,3.6,169,CLEAR,21.7,5.9,2025-08-19T00:20:00+09:30,PT5M
7,159,0,0,0,0,962.1,130,3.6,169,CLEAR,22,6,2025-08-19T00:25:00+09:30,PT5M
7,165,0,0,0,0,962.1,129,3.6,169,CLEAR,22.3,6,2025-08-19T00:30:00+09:30,PT5M
7,172,8.2,0,0,0,962.1,129,3.6,170,MOSTLY CLEAR,22.5,6,2025-08-19T00:35:00+09:30,PT5M
7,178,10.1,0,0,0,962,129,3.6,170,PARTLY CLOUDY,22.8,6,2025-08-19T00:40:00+09:30,PT5M
6,-175,10.1,0,0,0,962,129,3.6,170,PARTLY CLOUDY,23.1,6.1,2025-08-19T00:45:00+09:30,PT5M
6,-168,10.1,0,0,0,962,128,3.7,170,PARTLY CLOUDY,23.4,6.1,2025-08-19T00:50:00+09:30,PT5M
6,-162,10.1,0,0,0,961.9,128,3.7,169,PARTLY CLOUDY,23.7,6.2,2025-08-19T00:55:00+09:30,PT5M
6,-156,10.1,0,0,0,961.9,128,3.7,169,PARTLY CLOUDY,24,6.2,2025-08-19T01:00:00+09:30,PT5M
6,-150,10.1,0,0,0,961.8,128,3.7,168,PARTLY CLOUDY,24.3,6.2,2025-08-19T01:05:00+09:30,PT5M
6,-145,12.1,0,0,0,961.8,127,3.7,168,PARTLY CLOUDY,24.8,6.3,2025-08-19T01:10:00+09:30,PT5M
6,-141,12.1,0,0,0,961.8,127,3.7,167,PARTLY CLOUDY,25.2,6.4,2025-08-19T01:15:00+09:30,PT5M
6,-136,10.1,0,0,0,961.7,127,3.7,166,PARTLY CLOUDY,25.6,6.4,2025-08-19T01:20:00+09:30,PT5M
6,-133,10.1,0,0,0,961.7,127,3.7,165,PARTLY CLOUDY,26,6.5,2025-08-19T01:25:00+09:30,PT5M
5,-129,8.2,0,0,0,961.7,126,3.7,165,MOSTLY CLEAR,26.5,6.6,2025-08-19T01:30:00+09:30,PT5M
5,-126,8.2,0,0,0,961.6,126,3.7,164,MOSTLY CLEAR,26.9,6.6,2025-08-19T01:35:00+09:30,PT5M
5,-124,8.2,0,0,0,961.6,126,3.7,163,MOSTLY CLEAR,27.4,6.7,2025-08-19T01:40:00+09:30,PT5M
5,-121,8.2,0,0,0,961.6,126,3.7,162,MOSTLY CLEAR,27.8,6.8,2025-08-19T01:45:00+09:30,PT5M
5,-119,8.2,0,0,0,961.5,126,3.7,161,MOSTLY CLEAR,28.2,6.8,2025-08-19T01:50:00+09:30,PT5M
5,-117,0,0,0,0,961.5,126,3.7,160,CLEAR,28.6,6.9,2025-08-19T01:55:00+09:30,PT5M
5,-115,8.2,0,0,0,961.4,126,3.7,159,MOSTLY CLEAR,29.1,7,2025-08-19T02:00:00+09:30,PT5M
5,-114,8.2,0,0,0,961.4,126,3.7,158,MOSTLY CLEAR,29.5,7.1,2025-08-19T02:05:00+09:30,PT5M
5,-112,8.2,0,0,0,961.3,126,3.7,157,MOSTLY CLEAR,29.9,7.2,2025-08-19T02:10:00+09:30,PT5M
5,-111,8.2,0,0,0,961.3,126,3.7,156,MOSTLY CLEAR,30.4,7.3,2025-08-19T02:15:00+09:30,PT5M
5,-109,0,0,0,0,961.3,126,3.7,154,CLEAR,30.8,7.4,2025-08-19T02:20:00+09:30,PT5M
5,-108,0,0,0,0,961.2,126,3.7,153,CLEAR,31.2,7.5,2025-08-19T02:25:00+09:30,PT5M
5,-107,8.2,0,0,0,961.2,126,3.7,152,MOSTLY CLEAR,31.6,7.6,2025-08-19T02:30:00+09:30,PT5M
5,-106,0,0,0,0,961.2,126,3.7,151,CLEAR,32.1,7.8,2025-08-19T02:35:00+09:30,PT5M
4,-105,0,0,0,0,961.2,126,3.7,150,CLEAR,32.5,7.9,2025-08-19T02:40:00+09:30,PT5M
4,-104,0,0,0,0,961.2,125,3.7,149,CLEAR,32.9,8,2025-08-19T02:45:00+09:30,PT5M
4,-103,0,0,0,0,961.2,125,3.7,148,CLEAR,33.3,8.1,2025-08-19T02:50:00+09:30,PT5M
4,-102,0,0,0,0,961.2,125,3.7,147,CLEAR,33.8,8.2,2025-08-19T02:55:00+09:30,PT5M
4,-101,0,0,0,0,961.3,124,3.7,146,CLEAR,34.2,8.3,2025-08-19T03:00:00+09:30,PT5M
4,-100,8.2,0,0,0,961.3,124,3.7,145,MOSTLY CLEAR,34.8,8.5,2025-08-19T03:05:00+09:30,PT5M
4,-100,10.1,0,0,0,961.3,124,3.8,143,PARTLY CLOUDY,35.6,8.7,2025-08-19T03:10:00+09:30,PT5M
4,-99,8.2,0,0,0,961.3,123,3.8,142,MOSTLY CLEAR,36.4,8.9,2025-08-19T03:15:00+09:30,PT5M
4,-98,0,0,0,0,961.3,123,3.8,141,CLEAR,37.2,9.1,2025-08-19T03:20:00+09:30,PT5M
4,-97,8.2,0,0,0,961.3,123,3.8,140,MOSTLY CLEAR,38,9.3,2025-08-19T03:25:00+09:30,PT5M
4,-97,8.2,0,0,0,961.4,122,3.8,139,MOSTLY CLEAR,38.8,9.5,2025-08-19T03:30:00+09:30,PT5M
4,-96,8.2,0,0,0,961.4,122,3.8,138,MOSTLY CLEAR,39.7,9.6,2025-08-19T03:35:00+09:30,PT5M
4,-95,8.2,0,0,0,961.3,122,3.8,137,MOSTLY CLEAR,40.5,9.8,2025-08-19T03:40:00+09:30,PT5M
4,-95,8.2,0,0,0,961.3,121,3.8,135,MOSTLY CLEAR,41.3,10,2025-08-19T03:45:00+09:30,PT5M
4,-94,10.1,0,0,0,961.3,121,3.8,134,PARTLY CLOUDY,42.1,10.2,2025-08-19T03:50:00+09:30,PT5M
4,-94,8.2,0,0,0,961.3,121,3.8,133,MOSTLY CLEAR,42.9,10.4,2025-08-19T03:55:00+09:30,PT5M
4,-93,8.2,0,0,0,961.3,120,3.8,132,MOSTLY CLEAR,43.7,10.6,2025-08-19T04:00:00+09:30,PT5M
4,-93,8.2,0,0,0,961.3,120,3.8,131,MOSTLY CLEAR,44.7,10.8,2025-08-19T04:05:00+09:30,PT5M
4,-92,0,0,0,0,961.2,120,3.8,130,CLEAR,45.9,11.1,2025-08-19T04:10:00+09:30,PT5M
4,-91,0,0,0,0,961.2,120,3.8,129,CLEAR,47.1,11.4,2025-08-19T04:15:00+09:30,PT5M
3,-91,0,0,0,0,961.2,119,3.8,127,CLEAR,48.2,11.6,2025-08-19T04:20:00+09:30,PT5M
3,-90,8.2,0,0,0,961.2,119,3.8,126,MOSTLY CLEAR,49.4,11.9,2025-08-19T04:25:00+09:30,PT5M
3,-90,8.2,0,0,0,961.2,119,3.8,125,MOSTLY CLEAR,50.6,12.2,2025-08-19T04:30:00+09:30,PT5M
3,-89,8.2,0,0,0,961.2,118,3.7,124,MOSTLY CLEAR,51.8,12.4,2025-08-19T04:35:00+09:30,PT5M
3,-89,8.2,0,0,0,961.2,118,3.7,123,MOSTLY CLEAR,53,12.7,2025-08-19T04:40:00+09:30,PT5M
3,-88,8.2,0,0,0,961.2,118,3.7,122,MOSTLY CLEAR,54.2,13,2025-08-19T04:45:00+09:30,PT5M
3,-88,10.1,0,0,0,961.2,117,3.7,121,PARTLY CLOUDY,55.3,13.2,2025-08-19T04:50:00+09:30,PT5M
3,-88,8.2,0,0,0,961.3,117,3.7,119,MOSTLY CLEAR,56.5,13.5,2025-08-19T04:55:00+09:30,PT5M
3,-87,8.2,0,0,0,961.3,116,3.6,118,MOSTLY CLEAR,57.7,13.8,2025-08-19T05:00:00+09:30,PT5M
3,-87,10.1,0,0,0,961.3,116,3.6,117,PARTLY CLOUDY,58.9,14,2025-08-19T05:05:00+09:30,PT5M
3,-86,10.1,0,0,0,961.3,116,3.6,116,PARTLY CLOUDY,60.1,14.3,2025-08-19T05:10:00+09:30,PT5M
2,-86,8.2,0,0,0,961.4,115,3.6,115,MOSTLY CLEAR,61.2,14.6,2025-08-19T05:15:00+09:30,PT5M
2,-85,8.2,0,0,0,961.4,115,3.5,114,MOSTLY CLEAR,62.4,14.9,2025-08-19T05:20:00+09:30,PT5M
2,-85,8.2,0,0,0,961.4,114,3.5,113,MOSTLY CLEAR,63.6,15.2,2025-08-19T05:25:00+09:30,PT5M
2,-84,8.2,0,0,0,961.4,114,3.5,111,MOSTLY CLEAR,64.8,15.5,2025-08-19T05:30:00+09:30,PT5M
2,-84,8.2,0,0,0,961.5,113,3.5,110,MOSTLY CLEAR,65.9,15.7,2025-08-19T05:35:00+09:30,PT5M
2,-83,8.2,0,0,0,961.5,113,3.5,109,MOSTLY CLEAR,67.1,16,2025-08-19T05:40:00+09:30,PT5M
2,-83,8.2,0,0,0,961.5,113,3.4,108,MOSTLY CLEAR,68.3,16.3,2025-08-19T05:45:00+09:30,PT5M
2,-82,8.2,0,0,0,961.5,112,3.4,107,MOSTLY CLEAR,69.5,16.6,2025-08-19T05:50:00+09:30,PT5M
2,-82,8.2,0,0,0,961.5,112,3.4,106,MOSTLY CLEAR,70.6,16.9,2025-08-19T05:55:00+09:30,PT5M
2,-82,8.2,0,0,0,961.6,112,3.4,105,MOSTLY CLEAR,71.8,17.2,2025-08-19T06:00:00+09:30,PT5M
2,-81,10.1,0,0,0,961.6,111,3.4,103,PARTLY CLOUDY,72.2,17.4,2025-08-19T06:05:00+09:30,PT5M
2,-81,10.1,0,0,0,961.6,111,3.4,102,PARTLY CLOUDY,71.8,17.6,2025-08-19T06:10:00+09:30,PT5M
2,-80,8.2,0,0,0,961.6,111,3.3,101,MOSTLY CLEAR,71.3,17.9,2025-08-19T06:15:00+09:30,PT5M
2,-80,8.2,0,0,0,961.6,110,3.3,100,MOSTLY CLEAR,70.9,18.1,2025-08-19T06:20:00+09:30,PT5M
2,-79,8.2,0,0,0,961.6,110,3.3,99,MOSTLY CLEAR,70.5,18.4,2025-08-19T06:25:00+09:30,PT5M
2,-79,8.2,0,0,0,961.7,110,3.3,98,MOSTLY CLEAR,70.1,18.6,2025-08-19T06:30:00+09:30,PT5M
2,-78,8.2,0,0,0,961.7,109,3.3,97,MOSTLY CLEAR,69.6,18.8,2025-08-19T06:35:00+09:30,PT5M
2,-78,8.2,0,0,0,961.8,108,3.3,96,MOSTLY CLEAR,69.2,19.1,2025-08-19T06:40:00+09:30,PT5M
2,-77,8.2,0,0,0,961.8,107,3.2,95,MOSTLY CLEAR,68.8,19.3,2025-08-19T06:45:00+09:30,PT5M
2,-77,0,0,0,0,961.9,106,3.2,93,CLEAR,68.4,19.5,2025-08-19T06:50:00+09:30,PT5M
2,-76,0,0,0,0,962,105,3.2,92,CLEAR,67.9,19.8,2025-08-19T06:55:00+09:30,PT5M
3,-76,0,0,0,0,962,104,3.2,91,CLEAR,67.5,20,2025-08-19T07:00:00+09:30,PT5M
3,-75,0,0,0,0,962.1,103,3.2,90,CLEAR,66.3,20.1,2025-08-19T07:05:00+09:30,PT5M
3,-75,0,9,11,0,962.2,102,3.2,89,SUNNY,64.2,20.2,2025-08-19T07:10:00+09:30,PT5M
3,-74,0,21,30,0,962.2,101,3.2,88,SUNNY,62.2,20.3,2025-08-19T07:15:00+09:30,PT5M
3,-74,0,35,55,0,962.3,100,3.1,87,SUNNY,60.2,20.4,2025-08-19T07:20:00+09:30,PT5M
3,-73,0,50,87,0,962.4,99,3.1,86,SUNNY,58.2,20.4,2025-08-19T07:25:00+09:30,PT5M
3,-73,0,66,119,0,962.4,98,3.1,85,SUNNY,56.1,20.5,2025-08-19T07:30:00+09:30,PT5M
4,-72,0,83,142,0,962.5,97,3.1,83,SUNNY,54.1,20.6,2025-08-19T07:35:00+09:30,PT5M
4,-72,0,101,166,0,962.5,98,3.2,82,SUNNY,52,20.7,2025-08-19T07:40:00+09:30,PT5M
5,-71,0,119,190,0,962.6,98,3.2,81,SUNNY,50,20.7,2025-08-19T07:45:00+09:30,PT5M
5,-71,0,137,213,0,962.6,98,3.3,80,SUNNY,48,20.8,2025-08-19T07:50:00+09:30,PT5M
6,-70,0,156,237,0,962.6,98,3.3,79,SUNNY,46,20.9,2025-08-19T07:55:00+09:30,PT5M
6,-69,0,175,260,0,962.7,98,3.4,78,SUNNY,43.9,21,2025-08-19T08:00:00+09:30,PT5M
6,-69,0,194,284,0,962.7,99,3.4,77,SUNNY,41.9,20.8,2025-08-19T08:05:00+09:30,PT5M
7,-68,0,214,307,0,962.7,99,3.5,76,SUNNY,39.8,20.2,2025-08-19T08:10:00+09:30,PT5M
7,-68,0,233,330,0,962.8,99,3.5,75,SUNNY,37.8,19.8,2025-08-19T08:15:00+09:30,PT5M
8,-67,0,252,353,0,962.8,99,3.5,74,SUNNY,35.8,19.2,2025-08-19T08:20:00+09:30,PT5M
8,-66,0,271,375,0,962.8,99,3.6,73,SUNNY,33.7,18.8,2025-08-19T08:25:00+09:30,PT5M
9,-66,0,291,398,0,962.9,99,3.6,72,SUNNY,31.7,18.2,2025-08-19T08:30:00+09:30,PT5M
9,-65,0,310,420,0,962.9,99,3.7,71,SUNNY,29.6,17.8,2025-08-19T08:35:00+09:30,PT5M
9,-64,0,329,442,0,962.9,99,3.8,70,SUNNY,27.6,17.3,2025-08-19T08:40:00+09:30,PT5M
9,-64,0,348,464,0,962.9,99,3.9,69,SUNNY,25.5,16.8,2025-08-19T08:45:00+09:30,PT5M
9,-63,0,367,486,0,962.9,99,4,68,SUNNY,23.5,16.3,2025-08-19T08:50:00+09:30,PT5M
9,-62,0,385,507,0,963,99,4.1,67,SUNNY,21.5,15.8,2025-08-19T08:55:00+09:30,PT5M
10,-62,0,404,528,0,963,99,4.3,66,SUNNY,19.4,15.2,2025-08-19T09:00:00+09:30,PT5M
10,-61,0,422,549,0,963,99,4.4,65,SUNNY,17.9,14.6,2025-08-19T09:05:00+09:30,PT5M
10,-60,0,440,570,0,963,99,4.5,64,SUNNY,17,13.7,2025-08-19T09:10:00+09:30,PT5M
10,-59,0,458,591,0,963,99,4.6,63,SUNNY,16,12.8,2025-08-19T09:15:00+09:30,PT5M
10,-58,0,476,611,0,963,99,4.7,62,SUNNY,15,11.9,2025-08-19T09:20:00+09:30,PT5M
10,-58,0,494,631,0,963.1,99,4.8,61,SUNNY,14,11,2025-08-19T09:25:00+09:30,PT5M
10,-57,0,511,651,0,963.1,99,4.9,60,SUNNY,13.1,10.1,2025-08-19T09:30:00+09:30,PT5M
10,-56,0,529,671,0,963.1,99,5,59,SUNNY,12.1,9.2,2025-08-19T09:35:00+09:30,PT5M
10,-55,0,545,690,0,963.1,99,5.1,58,SUNNY,11.2,8.3,2025-08-19T09:40:00+09:30,PT5M
11,-54,0,562,708,0,963.1,99,5.1,57,SUNNY,10.2,7.4,2025-08-19T09:45:00+09:30,PT5M
11,-53,0,578,726,0,963,98,5.2,56,SUNNY,9.2,6.5,2025-08-19T09:50:00+09:30,PT5M
11,-52,0,593,744,0,963,98,5.3,55,SUNNY,8.3,5.6,2025-08-19T09:55:00+09:30,PT5M
11,-51,0,609,761,0,963,98,5.3,54,SUNNY,7.3,4.7,2025-08-19T10:00:00+09:30,PT5M
11,-50,0,624,778,0,963,97,5.4,53,SUNNY,6.8,4.3,2025-08-19T10:05:00+09:30,PT5M
11,-49,0,638,794,0,963,97,5.4,52,SUNNY,6.9,4.2,2025-08-19T10:10:00+09:30,PT5M
11,-48,0,652,810,0,963,97,5.5,51,SUNNY,7,4.2,2025-08-19T10:15:00+09:30,PT5M
11,-47,0,666,825,0,963,97,5.6,51,SUNNY,7.1,4.2,2025-08-19T10:20:00+09:30,PT5M
11,-45,0,679,840,0,963,96,5.6,50,SUNNY,7.2,4.2,2025-08-19T10:25:00+09:30,PT5M
11,-44,0,692,854,0,963,96,5.7,49,SUNNY,7.3,4.1,2025-08-19T10:30:00+09:30,PT5M
12,-43,0,704,868,0,962.9,96,5.7,48,SUNNY,7.4,4.1,2025-08-19T10:35:00+09:30,PT5M
12,-42,0,716,882,0,962.9,96,5.7,47,SUNNY,7.5,4,2025-08-19T10:40:00+09:30,PT5M
12,-40,0,728,895,0,962.8,96,5.7,47,SUNNY,7.6,4,2025-08-19T10:45:00+09:30,PT5M
12,-39,0,739,907,0,962.8,96,5.6,46,SUNNY,7.7,4,2025-08-19T10:50:00+09:30,PT5M
12,-38,0,749,919,0,962.7,96,5.6,45,SUNNY,7.8,4,2025-08-19T10:55:00+09:30,PT5M
12,-36,0,760,930,0,962.7,96,5.6,45,SUNNY,7.9,3.9,2025-08-19T11:00:00+09:30,PT5M
13,-35,0,769,941,0,962.6,96,5.6,44,SUNNY,7.9,3.9,2025-08-19T11:05:00+09:30,PT5M
13,-33,0,779,952,0,962.5,96,5.5,43,SUNNY,8,3.8,2025-08-19T11:10:00+09:30,PT5M
13,-32,0,788,962,0,962.5,96,5.5,43,SUNNY,8.1,3.8,2025-08-19T11:15:00+09:30,PT5M
13,-30,0,796,971,0,962.4,96,5.5,42,SUNNY,8.2,3.7,2025-08-19T11:20:00+09:30,PT5M
13,-29,0,804,980,0,962.4,96,5.5,41,SUNNY,8.3,3.6,2025-08-19T11:25:00+09:30,PT5M
13,-27,0,811,988,0,962.3,96,5.4,41,SUNNY,8.4,3.6,2025-08-19T11:30:00+09:30,PT5M
14,-25,0,818,996,0,962.2,96,5.4,40,SUNNY,8.5,3.5,2025-08-19T11:35:00+09:30,PT5M
14,-24,0,825,1003,0,962.1,96,5.4,40,SUNNY,8.6,3.5,2025-08-19T11:40:00+09:30,PT5M
14,-22,0,831,1010,0,962,96,5.3,39,SUNNY,8.7,3.4,2025-08-19T11:45:00+09:30,PT5M
14,-20,0,836,1016,0,961.9,97,5.3,39,SUNNY,8.8,3.3,2025-08-19T11:50:00+09:30,PT5M
14,-18,0,842,1022,0,961.8,97,5.2,39,SUNNY,8.9,3.3,2025-08-19T11:55:00+09:30,PT5M
14,-16,0,846,1027,0,961.7,97,5.2,38,SUNNY,9,3.2,2025-08-19T12:00:00+09:30,PT5M
14,-14,0,850,1031,0,961.6,97,5.2,38,SUNNY,9,3.2,2025-08-19T12:05:00+09:30,PT5M
15,-12,0,854,1035,0,961.5,97,5.1,38,SUNNY,9,3.1,2025-08-19T12:10:00+09:30,PT5M
15,-10,0,857,1038,0,961.4,97,5.1,38,SUNNY,9,3.1,2025-08-19T12:15:00+09:30,PT5M
15,-8,0,859,1041,0,961.3,97,5,37,SUNNY,9,3,2025-08-19T12:20:00+09:30,PT5M
15,-6,0,861,1043,0,961.2,97,5,37,SUNNY,9,3,2025-08-19T12:25:00+09:30,PT5M
15,-4,0,863,1045,0,961.1,97,5,37,SUNNY,9,2.9,2025-08-19T12:30:00+09:30,PT5M
15,-2,0,864,1046,0,961,97,4.9,37,SUNNY,9.1,2.9,2025-08-19T12:35:00+09:30,PT5M
15,0,0,864,1047,0,960.9,97,4.9,37,SUNNY,9.1,2.8,2025-08-19T12:40:00+09:30,PT5M
16,2,0,864,1046,0,960.8,97,4.9,37,SUNNY,9.1,2.8,2025-08-19T12:45:00+09:30,PT5M
16,4,0,863,1046,0,960.7,97,4.8,37,SUNNY,9.1,2.7,2025-08-19T12:50:00+09:30,PT5M
16,6,0,862,1044,0,960.6,98,4.8,37,SUNNY,9.1,2.7,2025-08-19T12:55:00+09:30,PT5M
16,8,0,860,1043,0,960.5,98,4.8,37,SUNNY,9.1,2.6,2025-08-19T13:00:00+09:30,PT5M
16,10,0,858,1040,0,960.5,98,4.7,37,SUNNY,9.1,2.6,2025-08-19T13:05:00+09:30,PT5M
16,12,0,856,1037,0,960.4,98,4.7,38,SUNNY,9,2.5,2025-08-19T13:10:00+09:30,PT5M
16,14,0,852,1034,0,960.3,98,4.7,38,SUNNY,8.9,2.5,2025-08-19T13:15:00+09:30,PT5M
16,15,0,849,1029,0,960.2,98,4.6,38,SUNNY,8.8,2.5,2025-08-19T13:20:00+09:30,PT5M
16,17,0,844,1025,0,960.1,99,4.6,39,SUNNY,8.7,2.4,2025-08-19T13:25:00+09:30,PT5M
17,19,0,840,1020,0,960,99,4.6,39,SUNNY,8.6,2.4,2025-08-19T13:30:00+09:30,PT5M
17,21,0,835,1014,0,959.9,99,4.5,39,SUNNY,8.6,2.3,2025-08-19T13:35:00+09:30,PT5M
17,23,0,829,1007,0,959.8,99,4.5,40,SUNNY,8.5,2.3,2025-08-19T13:40:00+09:30,PT5M
17,25,0,823,1001,0,959.8,99,4.5,40,SUNNY,8.4,2.2,2025-08-19T13:45:00+09:30,PT5M
17,26,0,816,993,0,959.7,99,4.4,41,SUNNY,8.3,2.2,2025-08-19T13:50:00+09:30,PT5M
17,28,0,809,985,0,959.6,100,4.4,41,SUNNY,8.2,2.2,2025-08-19T13:55:00+09:30,PT5M
17,30,0,801,977,0,959.6,100,4.4,42,SUNNY,8.1,2.1,2025-08-19T14:00:00+09:30,PT5M
17,31,0,793,968,0,959.5,100,4.3,42,SUNNY,8.1,2.1,2025-08-19T14:05:00+09:30,PT5M
17,33,0,785,958,0,959.4,100,4.3,43,SUNNY,8,2.1,2025-08-19T14:10:00+09:30,PT5M
17,34,0,776,948,0,959.4,100,4.3,44,SUNNY,7.9,2.1,2025-08-19T14:15:00+09:30,PT5M
18,36,0,766,937,0,959.3,101,4.3,44,SUNNY,7.8,2,2025-08-19T14:20:00+09:30,PT5M
18,37,0,756,926,0,959.2,101,4.2,45,SUNNY,7.8,2,2025-08-19T14:25:00+09:30,PT5M
18,39,0,746,915,0,959.2,101,4.2,46,SUNNY,7.7,2,2025-08-19T14:30:00+09:30,PT5M
18,40,0,735,903,0,959.1,101,4.2,46,SUNNY,7.6,2,2025-08-19T14:35:00+09:30,PT5M
18,41,0,724,890,0,959.1,101,4.2,47,SUNNY,7.5,2,2025-08-19T14:40:00+09:30,PT5M
18,43,0,712,877,0,959,101,4.2,48,SUNNY,7.5,2,2025-08-19T14:45:00+09:30,PT5M
18,44,0,700,863,0,959,101,4.2,49,SUNNY,7.4,1.9,2025-08-19T14:50:00+09:30,PT5M
18,45,0,687,849,0,958.9,102,4.2,49,SUNNY,7.3,1.9,2025-08-19T14:55:00+09:30,PT5M
18,46,0,674,835,0,958.9,102,4.2,50,SUNNY,7.2,1.9,2025-08-19T15:00:00+09:30,PT5M
18,47,0,661,819,0,958.8,102,4.2,51,SUNNY,7.2,1.9,2025-08-19T15:05:00+09:30,PT5M
18,48,0,647,804,0,958.8,102,4.2,52,SUNNY,7.1,1.9,2025-08-19T15:10:00+09:30,PT5M
18,50,0,633,788,0,958.7,102,4.2,53,SUNNY,7.1,1.9,2025-08-19T15:15:00+09:30,PT5M
18,51,0,618,772,0,958.7,102,4.2,54,SUNNY,7.1,1.9,2025-08-19T15:20:00+09:30,PT5M
18,52,0,603,755,0,958.6,102,4.2,55,SUNNY,7,1.9,2025-08-19T15:25:00+09:30,PT5M
18,53,0,588,738,0,958.6,102,4.2,55,SUNNY,7,1.9,2025-08-19T15:30:00+09:30,PT5M
18,54,0,572,720,0,958.5,102,4.2,56,SUNNY,6.9,2,2025-08-19T15:35:00+09:30,PT5M
18,55,0,556,703,0,958.5,103,4.2,57,SUNNY,6.9,2,2025-08-19T15:40:00+09:30,PT5M
18,55,0,540,684,0,958.5,103,4.2,58,SUNNY,6.8,2,2025-08-19T15:45:00+09:30,PT5M
18,56,0,524,666,0,958.4,103,4.2,59,SUNNY,6.8,2,2025-08-19T15:50:00+09:30,PT5M
18,57,0,507,647,0,958.4,103,4.2,60,SUNNY,6.8,2,2025-08-19T15:55:00+09:30,PT5M
18,58,0,490,627,0,958.4,103,4.2,61,SUNNY,6.7,2,2025-08-19T16:00:00+09:30,PT5M
18,59,0,472,608,0,958.4,103,4.2,62,SUNNY,6.7,2,2025-08-19T16:05:00+09:30,PT5M
18,60,0,455,588,0,958.3,103,4.2,63,SUNNY,6.7,2,2025-08-19T16:10:00+09:30,PT5M
18,60,0,437,567,0,958.3,104,4.1,64,SUNNY,6.7,2,2025-08-19T16:15:00+09:30,PT5M
18,61,0,418,547,0,958.3,104,4.1,65,SUNNY,6.7,2,2025-08-19T16:20:00+09:30,PT5M
18,62,0,400,526,0,958.3,104,4.1,66,SUNNY,6.7,2,2025-08-19T16:25:00+09:30,PT5M
18,63,0,382,505,0,958.2,104,4.1,67,SUNNY,6.7,2,2025-08-19T16:30:00+09:30,PT5M
18,63,0,363,483,0,958.2,104,4.1,68,SUNNY,6.8,2,2025-08-19T16:35:00+09:30,PT5M
18,64,0,344,461,0,958.3,104,4.1,69,SUNNY,6.8,2,2025-08-19T16:40:00+09:30,PT5M
17,65,0,325,440,0,958.3,105,4.2,70,SUNNY,6.8,2,2025-08-19T16:45:00+09:30,PT5M
17,66,0,306,417,0,958.3,105,4.2,71,SUNNY,6.8,2,2025-08-19T16:50:00+09:30,PT5M
17,66,0,286,395,0,958.4,105,4.2,72,SUNNY,6.8,2,2025-08-19T16:55:00+09:30,PT5M
17,67,0,267,373,0,958.4,105,4.2,73,SUNNY,6.8,2,2025-08-19T17:00:00+09:30,PT5M
17,67,0,248,350,0,958.4,105,4.2,74,SUNNY,6.8,2,2025-08-19T17:05:00+09:30,PT5M
17,68,0,228,327,0,958.5,105,4.2,75,SUNNY,6.8,2,2025-08-19T17:10:00+09:30,PT5M
17,69,0,209,304,0,958.5,106,4.2,76,SUNNY,6.8,2,2025-08-19T17:15:00+09:30,PT5M
17,69,0,189,281,0,958.5,106,4.2,78,SUNNY,6.8,2,2025-08-19T17:20:00+09:30,PT5M
16,70,0,170,258,0,958.6,106,4.3,79,SUNNY,6.8,2,2025-08-19T17:25:00+09:30,PT5M
16,70,0,151,235,0,958.6,106,4.3,80,SUNNY,6.8,2,2025-08-19T17:30:00+09:30,PT5M
16,71,0,132,211,0,958.6,107,4.2,81,SUNNY,6.8,2.1,2025-08-19T17:35:00+09:30,PT5M
16,72,0,114,188,0,958.7,107,4.2,82,SUNNY,6.8,2.1,2025-08-19T17:40:00+09:30,PT5M
16,72,0,96,165,0,958.7,108,4.1,83,SUNNY,6.8,2.1,2025-08-19T17:45:00+09:30,PT5M
16,73,0,78,142,0,958.7,108,4.1,84,SUNNY,6.8,2.1,2025-08-19T17:50:00+09:30,PT5M
16,73,0,61,117,0,958.7,109,4,85,SUNNY,6.8,2.1,2025-08-19T17:55:00+09:30,PT5M
15,74,0,45,79,0,958.8,110,4,86,SUNNY,6.8,2.1,2025-08-19T18:00:00+09:30,PT5M
15,74,0,30,48,0,958.8,110,3.9,87,SUNNY,6.8,2.1,2025-08-19T18:05:00+09:30,PT5M
15,75,0,16,23,0,958.8,111,3.9,88,SUNNY,6.8,2.1,2025-08-19T18:10:00+09:30,PT5M
15,75,0,4,6,0,958.8,112,3.8,89,SUNNY,6.8,2.1,2025-08-19T18:15:00+09:30,PT5M
15,76,0,0,0,0,958.9,113,3.8,91,CLEAR,6.8,2.2,2025-08-19T18:20:00+09:30,PT5M
15,76,0,0,0,0,958.9,113,3.7,92,CLEAR,6.8,2.2,2025-08-19T18:25:00+09:30,PT5M
14,77,0,0,0,0,958.9,114,3.7,93,CLEAR,6.8,2.2,2025-08-19T18:30:00+09:30,PT5M
14,77,0,0,0,0,959,115,3.6,94,CLEAR,6.7,2.2,2025-08-19T18:35:00+09:30,PT5M
14,78,0,0,0,0,959.1,115,3.6,95,CLEAR,6.7,2.2,2025-08-19T18:40:00+09:30,PT5M
14,78,0,0,0,0,959.1,115,3.6,96,CLEAR,6.7,2.2,2025-08-19T18:45:00+09:30,PT5M
14,79,0,0,0,0,959.2,115,3.6,97,CLEAR,6.7,2.3,2025-08-19T18:50:00+09:30,PT5M
14,79,0,0,0,0,959.3,116,3.5,98,CLEAR,6.7,2.3,2025-08-19T18:55:00+09:30,PT5M
13,80,8.2,0,0,0,959.4,116,3.5,100,MOSTLY CLEAR,6.7,2.3,2025-08-19T19:00:00+09:30,PT5M
13,80,0,0,0,0,959.4,116,3.5,101,CLEAR,6.7,2.3,2025-08-19T19:05:00+09:30,PT5M
13,81,0,0,0,0,959.5,117,3.5,102,CLEAR,6.7,2.3,2025-08-19T19:10:00+09:30,PT5M
13,81,0,0,0,0,959.6,117,3.5,103,CLEAR,6.7,2.3,2025-08-19T19:15:00+09:30,PT5M
13,82,8.2,0,0,0,959.7,117,3.4,104,MOSTLY CLEAR,6.7,2.3,2025-08-19T19:20:00+09:30,PT5M
12,82,8.2,0,0,0,959.7,118,3.4,105,MOSTLY CLEAR,6.7,2.3,2025-08-19T19:25:00+09:30,PT5M
12,82,10.1,0,0,0,959.8,118,3.4,106,PARTLY CLOUDY,6.7,2.3,2025-08-19T19:30:00+09:30,PT5M
12,83,8.2,0,0,0,959.8,118,3.4,107,MOSTLY CLEAR,6.6,2.4,2025-08-19T19:35:00+09:30,PT5M
12,83,8.2,0,0,0,959.9,118,3.4,109,MOSTLY CLEAR,6.6,2.4,2025-08-19T19:40:00+09:30,PT5M
12,84,8.2,0,0,0,959.9,117,3.4,110,MOSTLY CLEAR,6.6,2.4,2025-08-19T19:45:00+09:30,PT5M
12,84,0,0,0,0,959.9,117,3.4,111,CLEAR,6.6,2.4,2025-08-19T19:50:00+09:30,PT5M
11,85,8.2,0,0,0,959.9,116,3.4,112,MOSTLY CLEAR,6.6,2.4,2025-08-19T19:55:00+09:30,PT5M
11,85,8.2,0,0,0,959.9,116,3.4,113,MOSTLY CLEAR,6.6,2.4,2025-08-19T20:00:00+09:30,PT5M
11,86,8.2,0,0,0,959.9,116,3.4,114,MOSTLY CLEAR,6.6,2.4,2025-08-19T20:05:00+09:30,PT5M
11,86,0,0,0,0,959.9,115,3.5,115,CLEAR,6.6,2.4,2025-08-19T20:10:00+09:30,PT5M
11,87,0,0,0,0,959.9,115,3.5,117,CLEAR,6.6,2.4,2025-08-19T20:15:00+09:30,PT5M
10,87,8.2,0,0,0,959.9,115,3.5,118,MOSTLY CLEAR,6.6,2.4,2025-08-19T20:20:00+09:30,PT5M
10,88,0,0,0,0,959.9,114,3.5,119,CLEAR,6.6,2.4,2025-08-19T20:25:00+09:30,PT5M
10,88,0,0,0,0,959.9,114,3.5,120,CLEAR,6.6,2.4,2025-08-19T20:30:00+09:30,PT5M
10,89,0,0,0,0,960,113,3.5,121,CLEAR,6.5,2.4,2025-08-19T20:35:00+09:30,PT5M
10,89,0,0,0,0,960,113,3.5,122,CLEAR,6.5,2.4,2025-08-19T20:40:00+09:30,PT5M
10,89,0,0,0,0,960.1,113,3.5,123,CLEAR,6.5,2.4,2025-08-19T20:45:00+09:30,PT5M
10,90,8.2,0,0,0,960.1,112,3.5,125,MOSTLY CLEAR,6.5,2.4,2025-08-19T20:50:00+09:30,PT5M
10,90,8.2,0,0,0,960.1,112,3.4,126,MOSTLY CLEAR,6.5,2.4,2025-08-19T20:55:00+09:30,PT5M
9,91,8.2,0,0,0,960.2,112,3.4,127,MOSTLY CLEAR,6.5,2.4,2025-08-19T21:00:00+09:30,PT5M
9,92,8.2,0,0,0,960.2,111,3.4,128,MOSTLY CLEAR,6.5,2.4,2025-08-19T21:05:00+09:30,PT5M
9,92,8.2,0,0,0,960.3,111,3.4,129,MOSTLY CLEAR,6.5,2.4,2025-08-19T21:10:00+09:30,PT5M
9,93,0,0,0,0,960.3,110,3.4,130,CLEAR,6.5,2.4,2025-08-19T21:15:00+09:30,PT5M
9,93,8.2,0,0,0,960.3,110,3.4,131,MOSTLY CLEAR,6.5,2.4,2025-08-19T21:20:00+09:30,PT5M
9,94,8.2,0,0,0,960.4,110,3.4,133,MOSTLY CLEAR,6.5,2.4,2025-08-19T21:25:00+09:30,PT5M
9,94,8.2,0,0,0,960.4,109,3.4,134,MOSTLY CLEAR,6.5,2.4,2025-08-19T21:30:00+09:30,PT5M
9,95,10.1,0,0,0,960.5,109,3.4,135,PARTLY CLOUDY,6.5,2.4,2025-08-19T21:35:00+09:30,PT5M
9,96,10.1,0,0,0,960.5,108,3.4,136,PARTLY CLOUDY,6.5,2.4,2025-08-19T21:40:00+09:30,PT5M
9,96,8.2,0,0,0,960.5,107,3.4,137,MOSTLY CLEAR,6.5,2.4,2025-08-19T21:45:00+09:30,PT5M
8,97,8.2,0,0,0,960.5,106,3.4,138,MOSTLY CLEAR,6.5,2.4,2025-08-19T21:50:00+09:30,PT5M
8,97,8.2,0,0,0,960.5,105,3.4,139,MOSTLY CLEAR,6.5,2.4,2025-08-19T21:55:00+09:30,PT5M
8,98,8.2,0,0,0,960.5,104,3.3,141,MOSTLY CLEAR,6.5,2.4,2025-08-19T22:00:00+09:30,PT5M
8,99,8.2,0,0,0,960.5,103,3.3,142,MOSTLY CLEAR,6.5,2.4,2025-08-19T22:05:00+09:30,PT5M
8,100,8.2,0,0,0,960.5,103,3.3,143,MOSTLY CLEAR,6.5,2.4,2025-08-19T22:10:00+09:30,PT5M
8,100,8.2,0,0,0,960.5,102,3.3,144,MOSTLY CLEAR,6.5,2.4,2025-08-19T22:15:00+09:30,PT5M
8,101,8.2,0,0,0,960.5,101,3.3,145,MOSTLY CLEAR,6.5,2.4,2025-08-19T22:20:00+09:30,PT5M
8,102,10.1,0,0,0,960.5,100,3.3,146,PARTLY CLOUDY,6.5,2.4,2025-08-19T22:25:00+09:30,PT5M
8,103,10.1,0,0,0,960.5,99,3.3,147,PARTLY CLOUDY,6.5,2.4,2025-08-19T22:30:00+09:30,PT5M
8,104,8.2,0,0,0,960.5,98,3.3,148,MOSTLY CLEAR,6.6,2.5,2025-08-19T22:35:00+09:30,PT5M
8,105,8.2,0,0,0,960.5,98,3.3,150,MOSTLY CLEAR,6.6,2.5,2025-08-19T22:40:00+09:30,PT5M
8,106,0,0,0,0,960.5,97,3.3,151,CLEAR,6.6,2.5,2025-08-19T22:45:00+09:30,PT5M
8,107,8.2,0,0,0,960.5,97,3.4,152,MOSTLY CLEAR,6.6,2.5,2025-08-19T22:50:00+09:30,PT5M
7,108,8.2,0,0,0,960.4,96,3.4,153,MOSTLY CLEAR,6.6,2.5,2025-08-19T22:55:00+09:30,PT5M
7,109,8.2,0,0,0,960.4,95,3.4,154,MOSTLY CLEAR,6.6,2.5,2025-08-19T23:00:00+09:30,PT5M
7,111,8.2,0,0,0,960.4,95,3.4,155,MOSTLY CLEAR,6.6,2.5,2025-08-19T23:05:00+09:30,PT5M
7,112,8.2,0,0,0,960.4,94,3.4,156,MOSTLY CLEAR,6.6,2.5,2025-08-19T23:10:00+09:30,PT5M
7,114,8.2,0,0,0,960.3,94,3.4,157,MOSTLY CLEAR,6.6,2.5,2025-08-19T23:15:00+09:30,PT5M
7,115,8.2,0,0,0,960.3,93,3.4,158,MOSTLY CLEAR,6.6,2.6,2025-08-19T23:20:00+09:30,PT5M
7,117,8.2,0,0,0,960.3,93,3.4,159,MOSTLY CLEAR,6.6,2.6,2025-08-19T23:25:00+09:30,PT5M
7,119,8.2,0,0,0,960.3,92,3.4,160,MOSTLY CLEAR,6.6,2.6,2025-08-19T23:30:00+09:30,PT5M
7,121,8.2,0,0,0,960.3,91,3.4,161,MOSTLY CLEAR,6.7,2.6,2025-08-19T23:35:00+09:30,PT5M
7,123,8.2,0,0,0,960.3,91,3.4,162,MOSTLY CLEAR,6.7,2.6,2025-08-19T23:40:00+09:30,PT5M
7,126,8.2,0,0,0,960.3,90,3.4,163,MOSTLY CLEAR,6.7,2.6,2025-08-19T23:45:00+09:30,PT5M
6,129,8.2,0,0,0,960.3,90,3.4,164,MOSTLY CLEAR,6.7,2.7,2025-08-19T23:50:00+09:30,PT5M
6,132,8.2,0,0,0,960.3,89,3.4,165,MOSTLY CLEAR,6.7,2.7,2025-08-19T23:55:00+09:30,PT5M
6,136,8.2,0,0,0,960.3,89,3.4,166,MOSTLY CLEAR,6.7,2.7,2025-08-20T00:00:00+09:30,PT5M
6,139,8.2,0,0,0,960.3,88,3.3,166,MOSTLY CLEAR,6.7,2.7,2025-08-20T00:05:00+09:30,PT5M
6,144,8.2,0,0,0,960.3,87,3.3,167,MOSTLY CLEAR,6.8,2.7,2025-08-20T00:10:00+09:30,PT5M
6,149,8.2,0,0,0,960.3,87,3.3,168,MOSTLY CLEAR,6.9,2.7,2025-08-20T00:15:00+09:30,PT5M
6,154,8.2,0,0,0,960.3,86,3.3,168,MOSTLY CLEAR,7,2.8,2025-08-20T00:20:00+09:30,PT5M
6,160,8.2,0,0,0,960.3,86,3.3,169,MOSTLY CLEAR,7.1,2.8,2025-08-20T00:25:00+09:30,PT5M
6,166,8.2,0,0,0,960.3,85,3.3,169,MOSTLY CLEAR,7.2,2.8,2025-08-20T00:30:00+09:30,PT5M
6,172,8.2,0,0,0,960.3,85,3.3,169,MOSTLY CLEAR,7.2,2.8,2025-08-20T00:35:00+09:30,PT5M
6,179,0,0,0,0,960.3,84,3.3,169,CLEAR,7.3,2.8,2025-08-20T00:40:00+09:30,PT5M
5,-175,8.2,0,0,0,960.3,84,3.3,169,MOSTLY CLEAR,7.4,2.8,2025-08-20T00:45:00+09:30,PT5M
5,-168,8.2,0,0,0,960.3,84,3.2,169,MOSTLY CLEAR,7.5,2.9,2025-08-20T00:50:00+09:30,PT5M
5,-162,10.1,0,0,0,960.3,83,3.2,169,PARTLY CLOUDY,7.6,2.9,2025-08-20T00:55:00+09:30,PT5M
5,-156,10.1,0,0,0,960.3,83,3.2,169,PARTLY CLOUDY,7.7,2.9,2025-08-20T01:00:00+09:30,PT5M
5,-151,10.1,0,0,0,960.2,83,3.2,168,PARTLY CLOUDY,7.8,2.9,2025-08-20T01:05:00+09:30,PT5M
5,-146,10.1,0,0,0,960.2,82,3.1,167,PARTLY CLOUDY,8,3,2025-08-20T01:10:00+09:30,PT5M
5,-141,10.1,0,0,0,960.2,82,3.1,167,PARTLY CLOUDY,8.1,3,2025-08-20T01:15:00+09:30,PT5M
5,-137,8.2,0,0,0,960.2,81,3.1,166,MOSTLY CLEAR,8.3,3,2025-08-20T01:20:00+09:30,PT5M
5,-133,8.2,0,0,0,960.2,81,3.1,165,MOSTLY CLEAR,8.4,3.1,2025-08-20T01:25:00+09:30,PT5M
5,-130,8.2,0,0,0,960.2,81,3.1,164,MOSTLY CLEAR,8.6,3.1,2025-08-20T01:30:00+09:30,PT5M
4,-127,0,0,0,0,960.1,80,3,163,CLEAR,8.8,3.2,2025-08-20T01:35:00+09:30,PT5M
4,-125,0,0,0,0,960.1,80,3,162,CLEAR,9,3.2,2025-08-20T01:40:00+09:30,PT5M
4,-122,8.2,0,0,0,960.1,79,3,162,MOSTLY CLEAR,9.1,3.3,2025-08-20T01:45:00+09:30,PT5M
4,-120,10.1,0,0,0,960,79,3,161,PARTLY CLOUDY,9.3,3.3,2025-08-20T01:50:00+09:30,PT5M
4,-118,8.2,0,0,0,960,78,3,160,MOSTLY CLEAR,9.4,3.3,2025-08-20T01:55:00+09:30,PT5M
4,-116,8.2,0,0,0,960,78,3,159,MOSTLY CLEAR,9.6,3.4,2025-08-20T02:00:00+09:30,PT5M
4,-114,8.2,0,0,0,959.9,77,3,157,MOSTLY CLEAR,9.8,3.4,2025-08-20T02:05:00+09:30,PT5M
4,-113,0,0,0,0,959.9,77,3,156,CLEAR,9.9,3.5,2025-08-20T02:10:00+09:30,PT5M
4,-111,0,0,0,0,959.9,76,3,155,CLEAR,10.1,3.5,2025-08-20T02:15:00+09:30,PT5M
4,-110,0,0,0,0,959.8,76,3,154,CLEAR,10.3,3.6,2025-08-20T02:20:00+09:30,PT5M
4,-109,0,0,0,0,959.8,75,3,153,CLEAR,10.4,3.6,2025-08-20T02:25:00+09:30,PT5M
3,-107,8.2,0,0,0,959.8,75,3,152,MOSTLY CLEAR,10.6,3.7,2025-08-20T02:30:00+09:30,PT5M
3,-106,8.2,0,0,0,959.7,74,3,151,MOSTLY CLEAR,10.7,3.7,2025-08-20T02:35:00+09:30,PT5M
3,-105,8.2,0,0,0,959.7,74,3,150,MOSTLY CLEAR,10.9,3.8,2025-08-20T02:40:00+09:30,PT5M
3,-104,8.2,0,0,0,959.7,74,3,149,MOSTLY CLEAR,11,3.8,2025-08-20T02:45:00+09:30,PT5M
3,-103,8.2,0,0,0,959.7,73,3,148,MOSTLY CLEAR,11.2,3.9,2025-08-20T02:50:00+09:30,PT5M
3,-102,8.2,0,0,0,959.6,73,3,147,MOSTLY CLEAR,11.4,3.9,2025-08-20T02:55:00+09:30,PT5M
3,-102,0,0,0,0,959.6,73,3,145,CLEAR,11.5,4,2025-08-20T03:00:00+09:30,PT5M
3,-101,0,0,0,0,959.6,72,3,144,CLEAR,11.7,4,2025-08-20T03:05:00+09:30,PT5M
3,-100,0,0,0,0,959.6,72,3,143,CLEAR,12,4.1,2025-08-20T03:10:00+09:30,PT5M
3,-99,0,0,0,0,959.5,72,3,142,CLEAR,12.2,4.2,2025-08-20T03:15:00+09:30,PT5M
3,-99,0,0,0,0,959.5,71,3,141,CLEAR,12.4,4.3,2025-08-20T03:20:00+09:30,PT5M
3,-98,0,0,0,0,959.5,71,3,140,CLEAR,12.7,4.3,2025-08-20T03:25:00+09:30,PT5M
3,-97,0,0,0,0,959.5,71,3,139,CLEAR,12.9,4.4,2025-08-20T03:30:00+09:30,PT5M
3,-97,8.2,0,0,0,959.4,70,3,138,MOSTLY CLEAR,13.2,4.5,2025-08-20T03:35:00+09:30,PT5M
3,-96,8.2,0,0,0,959.4,70,3,136,MOSTLY CLEAR,13.4,4.6,2025-08-20T03:40:00+09:30,PT5M
3,-95,0,0,0,0,959.4,70,3,135,CLEAR,13.7,4.6,2025-08-20T03:45:00+09:30,PT5M
3,-95,0,0,0,0,959.4,70,2.9,134,CLEAR,13.9,4.7,2025-08-20T03:50:00+09:30,PT5M
3,-94,0,0,0,0,959.3,70,2.9,133,CLEAR,14.1,4.8,2025-08-20T03:55:00+09:30,PT5M
3,-93,0,0,0,0,959.3,70,2.9,132,CLEAR,14.4,4.9,2025-08-20T04:00:00+09:30,PT5M
3,-93,0,0,0,0,959.3,70,2.9,131,CLEAR,14.7,4.9,2025-08-20T04:05:00+09:30,PT5M
3,-92,0,0,0,0,959.3,70,2.9,130,CLEAR,15,5,2025-08-20T04:10:00+09:30,PT5M
3,-92,8.2,0,0,0,959.2,70,2.9,128,MOSTLY CLEAR,15.4,5.1,2025-08-20T04:15:00+09:30,PT5M
3,-91,10.1,0,0,0,959.2,70,2.9,127,PARTLY CLOUDY,15.7,5.2,2025-08-20T04:20:00+09:30,PT5M
3,-91,8.2,0,0,0,959.2,70,2.9,126,MOSTLY CLEAR,16,5.2,2025-08-20T04:25:00+09:30,PT5M
3,-90,10.1,0,0,0,959.2,70,2.9,125,PARTLY CLOUDY,16.4,5.3,2025-08-20T04:30:00+09:30,PT5M
3,-90,10.1,0,0,0,959.1,70,2.9,124,PARTLY CLOUDY,16.7,5.4,2025-08-20T04:35:00+09:30,PT5M
3,-89,12.1,0,0,0,959.2,70,2.9,123,PARTLY CLOUDY,17.1,5.5,2025-08-20T04:40:00+09:30,PT5M
3,-89,10.1,0,0,0,959.2,70,2.9,122,PARTLY CLOUDY,17.4,5.5,2025-08-20T04:45:00+09:30,PT5M
3,-88,8.2,0,0,0,959.2,70,2.9,120,MOSTLY CLEAR,17.7,5.6,2025-08-20T04:50:00+09:30,PT5M
3,-88,10.1,0,0,0,959.2,70,2.9,119,PARTLY CLOUDY,18.1,5.7,2025-08-20T04:55:00+09:30,PT5M
3,-87,12.1,0,0,0,959.2,71,2.9,118,PARTLY CLOUDY,18.4,5.8,2025-08-20T05:00:00+09:30,PT5M
3,-87,10.1,0,0,0,959.2,71,2.9,117,PARTLY CLOUDY,18.8,5.8,2025-08-20T05:05:00+09:30,PT5M
3,-86,8.2,0,0,0,959.2,71,2.9,116,MOSTLY CLEAR,19.1,5.9,2025-08-20T05:10:00+09:30,PT5M
3,-86,8.2,0,0,0,959.2,71,2.9,115,MOSTLY CLEAR,19.4,6,2025-08-20T05:15:00+09:30,PT5M
3,-86,8.2,0,0,0,959.2,71,2.9,114,MOSTLY CLEAR,19.7,6.1,2025-08-20T05:20:00+09:30,PT5M
3,-85,10.1,0,0,0,959.2,71,2.9,112,PARTLY CLOUDY,20.1,6.2,2025-08-20T05:25:00+09:30,PT5M
3,-85,10.1,0,0,0,959.2,71,2.8,111,PARTLY CLOUDY,20.4,6.3,2025-08-20T05:30:00+09:30,PT5M
3,-84,10.1,0,0,0,959.3,72,2.8,110,PARTLY CLOUDY,20.7,6.4,2025-08-20T05:35:00+09:30,PT5M
2,-84,10.1,0,0,0,959.3,72,2.8,109,PARTLY CLOUDY,21,6.5,2025-08-20T05:40:00+09:30,PT5M
2,-83,10.1,0,0,0,959.3,73,2.8,108,PARTLY CLOUDY,21.4,6.6,2025-08-20T05:45:00+09:30,PT5M
2,-83,10.1,0,0,0,959.4,73,2.8,107,PARTLY CLOUDY,21.7,6.7,2025-08-20T05:50:00+09:30,PT5M
2,-82,10.1,0,0,0,959.4,74,2.8,106,PARTLY CLOUDY,22,6.8,2025-08-20T05:55:00+09:30,PT5M
2,-82,8.2,0,0,0,959.4,74,2.8,104,MOSTLY CLEAR,22.3,6.9,2025-08-20T06:00:00+09:30,PT5M
2,-81,10.1,0,0,0,959.5,75,2.8,103,PARTLY CLOUDY,22.4,6.9,2025-08-20T06:05:00+09:30,PT5M
2,-81,10.1,0,0,0,959.5,75,2.8,102,PARTLY CLOUDY,22.3,7,2025-08-20T06:10:00+09:30,PT5M
2,-80,10.1,0,0,0,959.5,76,2.8,101,PARTLY CLOUDY,22.1,7.1,2025-08-20T06:15:00+09:30,PT5M
2,-80,10.1,0,0,0,959.6,76,2.8,100,PARTLY CLOUDY,21.9,7.2,2025-08-20T06:20:00+09:30,PT5M
2,-80,8.2,0,0,0,959.6,77,2.8,99,MOSTLY CLEAR,21.8,7.3,2025-08-20T06:25:00+09:30,PT5M
2,-79,10.1,0,0,0,959.6,77,2.8,98,PARTLY CLOUDY,21.6,7.4,2025-08-20T06:30:00+09:30,PT5M
2,-79,10.1,0,0,0,959.7,78,2.8,97,PARTLY CLOUDY,21.5,7.5,2025-08-20T06:35:00+09:30,PT5M
2,-78,0,0,0,0,959.7,78,2.8,95,CLEAR,21.3,7.6,2025-08-20T06:40:00+09:30,PT5M
2,-78,10.1,0,0,0,959.7,78,2.8,94,PARTLY CLOUDY,21.2,7.7,2025-08-20T06:45:00+09:30,PT5M
2,-77,8.2,0,0,0,959.7,78,2.9,93,MOSTLY CLEAR,21,7.8,2025-08-20T06:50:00+09:30,PT5M
2,-77,0,0,0,0,959.8,78,2.9,92,CLEAR,20.8,7.9,2025-08-20T06:55:00+09:30,PT5M
3,-76,0,0,0,0,959.8,78,2.9,91,CLEAR,20.7,8,2025-08-20T07:00:00+09:30,PT5M
3,-76,0,1,1,0,959.8,78,2.9,90,CLEAR,20.3,8,2025-08-20T07:05:00+09:30,PT5M
3,-75,0,12,16,0,959.8,78,2.9,89,SUNNY,19.6,8.1,2025-08-20T07:10:00+09:30,PT5M
3,-75,8.2,23,32,0,959.9,78,3,88,MOSTLY SUNNY,19,8.1,2025-08-20T07:15:00+09:30,PT5M
3,-74,10.1,35,53,0,959.9,78,3,87,PARTLY CLOUDY,18.3,8.2,2025-08-20T07:20:00+09:30,PT5M
3,-74,0,55,101,0,959.9,79,3,85,SUNNY,17.6,8.3,2025-08-20T07:25:00+09:30,PT5M
3,-73,0,72,131,0,959.9,79,3,84,SUNNY,17,8.3,2025-08-20T07:30:00+09:30,PT5M
3,-73,0,89,154,0,960,79,3.1,83,SUNNY,16.3,8.4,2025-08-20T07:35:00+09:30,PT5M
4,-72,0,107,178,0,960,79,3.1,82,SUNNY,15.7,8.4,2025-08-20T07:40:00+09:30,PT5M
5,-71,0,126,201,0,960.1,79,3.1,81,SUNNY,15,8.5,2025-08-20T07:45:00+09:30,PT5M
5,-71,0,145,224,0,960.1,80,3.1,80,SUNNY,14.3,8.6,2025-08-20T07:50:00+09:30,PT5M
6,-70,0,164,248,0,960.1,80,3.2,79,SUNNY,13.7,8.6,2025-08-20T07:55:00+09:30,PT5M
6,-70,0,183,271,0,960.2,80,3.2,78,SUNNY,13,8.7,2025-08-20T08:00:00+09:30,PT5M
7,-69,0,202,294,0,960.2,80,3.2,77,SUNNY,12.4,8.6,2025-08-20T08:05:00+09:30,PT5M
8,-69,0,222,318,0,960.3,80,3.2,76,SUNNY,11.7,8.5,2025-08-20T08:10:00+09:30,PT5M
8,-68,0,241,341,0,960.3,81,3.3,75,SUNNY,11,8.4,2025-08-20T08:15:00+09:30,PT5M
9,-67,0,261,363,0,960.3,81,3.3,74,SUNNY,10.4,8.3,2025-08-20T08:20:00+09:30,PT5M
10,-67,0,280,386,0,960.4,81,3.3,73,SUNNY,9.7,8.2,2025-08-20T08:25:00+09:30,PT5M
10,-66,0,300,409,0,960.4,81,3.3,71,SUNNY,9,8.1,2025-08-20T08:30:00+09:30,PT5M
11,-65,0,319,431,0,960.5,82,3.4,70,SUNNY,8.4,8,2025-08-20T08:35:00+09:30,PT5M
11,-65,0,338,453,0,960.5,82,3.5,69,SUNNY,7.9,7.9,2025-08-20T08:40:00+09:30,PT5M
11,-64,0,357,475,0,960.5,83,3.5,68,SUNNY,7.8,7.8,2025-08-20T08:45:00+09:30,PT5M
11,-63,0,376,497,0,960.5,83,3.6,67,SUNNY,7.7,7.7,2025-08-20T08:50:00+09:30,PT5M
11,-63,0,395,518,0,960.5,84,3.7,66,SUNNY,7.6,7.6,2025-08-20T08:55:00+09:30,PT5M
11,-62,0,414,539,0,960.5,84,3.8,65,SUNNY,7.5,7.5,2025-08-20T09:00:00+09:30,PT5M
12,-61,0,432,560,0,960.6,85,3.9,64,SUNNY,7.2,7.2,2025-08-20T09:05:00+09:30,PT5M
12,-60,0,450,581,0,960.6,85,3.9,63,SUNNY,6.7,6.7,2025-08-20T09:10:00+09:30,PT5M
12,-59,0,468,601,0,960.6,86,4,62,SUNNY,6.3,6.3,2025-08-20T09:15:00+09:30,PT5M
12,-59,0,486,621,0,960.6,86,4.1,61,SUNNY,5.8,5.8,2025-08-20T09:20:00+09:30,PT5M
12,-58,0,503,641,0,960.6,87,4.2,60,SUNNY,5.4,5.4,2025-08-20T09:25:00+09:30,PT5M
12,-57,0,521,661,0,960.6,87,4.3,59,SUNNY,4.9,4.9,2025-08-20T09:30:00+09:30,PT5M
13,-56,0,539,681,0,960.7,87,4.3,58,SUNNY,4.5,4.5,2025-08-20T09:35:00+09:30,PT5M
13,-55,0,555,700,0,960.7,87,4.4,57,SUNNY,4,4,2025-08-20T09:40:00+09:30,PT5M
13,-54,0,571,718,0,960.7,87,4.4,57,SUNNY,3.6,3.6,2025-08-20T09:45:00+09:30,PT5M
13,-53,0,587,736,0,960.7,87,4.5,56,SUNNY,3.1,3.1,2025-08-20T09:50:00+09:30,PT5M
13,-52,0,603,753,0,960.7,87,4.5,55,SUNNY,2.7,2.7,2025-08-20T09:55:00+09:30,PT5M
13,-51,0,618,770,0,960.7,87,4.6,54,SUNNY,2.2,2.2,2025-08-20T10:00:00+09:30,PT5M
13,-50,0,633,787,0,960.7,88,4.6,53,SUNNY,2,2,2025-08-20T10:05:00+09:30,PT5M
14,-49,0,647,803,0,960.7,88,4.7,52,SUNNY,2,2,2025-08-20T10:10:00+09:30,PT5M
14,-48,0,661,818,0,960.7,88,4.7,51,SUNNY,2,2,2025-08-20T10:15:00+09:30,PT5M
14,-47,0,675,834,0,960.7,88,4.8,50,SUNNY,2,2,2025-08-20T10:20:00+09:30,PT5M
14,-46,0,688,848,0,960.7,88,4.8,50,SUNNY,2,2,2025-08-20T10:25:00+09:30,PT5M
14,-44,0,701,863,0,960.7,88,4.9,49,SUNNY,2,2,2025-08-20T10:30:00+09:30,PT5M
14,-43,0,713,876,0,960.6,87,4.9,48,SUNNY,2,1.9,2025-08-20T10:35:00+09:30,PT5M
15,-42,0,725,890,0,960.6,87,4.9,47,SUNNY,2,1.9,2025-08-20T10:40:00+09:30,PT5M
15,-41,0,736,903,0,960.5,87,4.9,46,SUNNY,2.2,1.9,2025-08-20T10:45:00+09:30,PT5M
15,-39,0,747,915,0,960.4,86,4.9,46,SUNNY,2.3,1.9,2025-08-20T10:50:00+09:30,PT5M
15,-38,0,758,927,0,960.4,86,4.8,45,SUNNY,2.4,1.9,2025-08-20T10:55:00+09:30,PT5M
15,-36,0,768,938,0,960.3,85,4.8,44,SUNNY,2.4,1.9,2025-08-20T11:00:00+09:30,PT5M
16,-35,0,778,949,0,960.3,85,4.8,44,SUNNY,2.5,1.9,2025-08-20T11:05:00+09:30,PT5M
16,-34,0,787,959,0,960.2,85,4.8,43,SUNNY,2.6,1.9,2025-08-20T11:10:00+09:30,PT5M
16,-32,0,796,969,0,960.2,84,4.8,42,SUNNY,2.7,1.8,2025-08-20T11:15:00+09:30,PT5M
16,-30,0,804,978,0,960.1,84,4.8,42,SUNNY,2.8,1.8,2025-08-20T11:20:00+09:30,PT5M
16,-29,0,812,987,0,960,83,4.8,41,SUNNY,2.9,1.8,2025-08-20T11:25:00+09:30,PT5M
17,-27,0,820,995,0,960,83,4.7,41,SUNNY,3,1.8,2025-08-20T11:30:00+09:30,PT5M
17,-25,0,827,1003,0,959.9,83,4.7,40,SUNNY,3.1,1.7,2025-08-20T11:35:00+09:30,PT5M
17,-24,0,833,1010,0,959.8,82,4.7,40,SUNNY,3.2,1.7,2025-08-20T11:40:00+09:30,PT5M
17,-22,0,839,1017,0,959.7,82,4.7,39,SUNNY,3.3,1.7,2025-08-20T11:45:00+09:30,PT5M
17,-20,0,844,1023,0,959.7,82,4.6,39,SUNNY,3.4,1.7,2025-08-20T11:50:00+09:30,PT5M
17,-18,0,849,1028,0,959.6,82,4.6,38,SUNNY,3.5,1.6,2025-08-20T11:55:00+09:30,PT5M
17,-16,0,854,1033,0,959.5,82,4.6,38,SUNNY,3.6,1.6,2025-08-20T12:00:00+09:30,PT5M
17,-14,0,857,1037,0,959.4,82,4.5,38,SUNNY,3.7,1.6,2025-08-20T12:05:00+09:30,PT5M
18,-12,0,861,1041,0,959.3,82,4.5,37,SUNNY,4,1.6,2025-08-20T12:10:00+09:30,PT5M
18,-10,0,864,1044,0,959.2,81,4.5,37,SUNNY,4.2,1.6,2025-08-20T12:15:00+09:30,PT5M
18,-8,0,866,1047,0,959.1,81,4.4,37,SUNNY,4.5,1.6,2025-08-20T12:20:00+09:30,PT5M
18,-6,0,868,1049,0,959.1,81,4.4,37,SUNNY,4.8,1.6,2025-08-20T12:25:00+09:30,PT5M
18,-4,0,869,1050,0,959,81,4.4,37,SUNNY,5,1.6,2025-08-20T12:30:00+09:30,PT5M
18,-2,0,870,1051,0,958.9,81,4.3,37,SUNNY,5.3,1.5,2025-08-20T12:35:00+09:30,PT5M
18,0,0,870,1052,0,958.8,81,4.3,37,SUNNY,5.5,1.5,2025-08-20T12:40:00+09:30,PT5M
18,2,0,870,1052,0,958.7,81,4.3,37,SUNNY,5.8,1.5,2025-08-20T12:45:00+09:30,PT5M
19,4,0,870,1051,0,958.6,81,4.3,37,SUNNY,6.1,1.5,2025-08-20T12:50:00+09:30,PT5M
19,6,0,868,1049,0,958.4,81,4.3,37,SUNNY,6.3,1.5,2025-08-20T12:55:00+09:30,PT5M
19,8,0,867,1048,0,958.3,81,4.3,37,SUNNY,6.6,1.5,2025-08-20T13:00:00+09:30,PT5M
19,10,0,865,1045,0,958.2,81,4.2,37,SUNNY,6.9,1.5,2025-08-20T13:05:00+09:30,PT5M
19,12,0,862,1042,0,958.1,81,4.2,37,SUNNY,7.3,1.5,2025-08-20T13:10:00+09:30,PT5M
19,14,0,859,1038,0,958,81,4.2,38,SUNNY,7.8,1.5,2025-08-20T13:15:00+09:30,PT5M
19,16,0,855,1034,0,957.9,81,4.2,38,SUNNY,8.2,1.4,2025-08-20T13:20:00+09:30,PT5M
19,18,0,851,1030,0,957.8,82,4.2,38,SUNNY,8.6,1.4,2025-08-20T13:25:00+09:30,PT5M
20,19,0,846,1024,0,957.7,82,4.2,39,SUNNY,9,1.4,2025-08-20T13:30:00+09:30,PT5M
20,21,0,841,1018,0,957.6,82,4.1,39,SUNNY,9.5,1.4,2025-08-20T13:35:00+09:30,PT5M
20,23,0,835,1012,0,957.5,82,4.1,39,SUNNY,9.9,1.4,2025-08-20T13:40:00+09:30,PT5M
20,25,0,828,1005,0,957.5,83,4.1,40,SUNNY,10.3,1.4,2025-08-20T13:45:00+09:30,PT5M
20,27,0,822,997,0,957.4,83,4.1,40,SUNNY,10.7,1.3,2025-08-20T13:50:00+09:30,PT5M
20,28,0,814,989,0,957.3,84,4.1,41,SUNNY,11.2,1.3,2025-08-20T13:55:00+09:30,PT5M
20,30,0,807,981,0,957.3,84,4.1,41,SUNNY,11.6,1.3,2025-08-20T14:00:00+09:30,PT5M
20,32,0,798,971,0,957.2,85,4.1,42,SUNNY,12,1.3,2025-08-20T14:05:00+09:30,PT5M
20,33,0,790,962,0,957.1,85,4.1,43,SUNNY,12.4,1.3,2025-08-20T14:10:00+09:30,PT5M
20,35,0,781,951,0,957.1,86,4,43,SUNNY,12.9,1.3,2025-08-20T14:15:00+09:30,PT5M
21,36,0,771,941,0,957,86,4,44,SUNNY,13.3,1.3,2025-08-20T14:20:00+09:30,PT5M
21,38,0,761,929,0,956.9,86,4,45,SUNNY,13.7,1.3,2025-08-20T14:25:00+09:30,PT5M
21,39,0,750,918,0,956.8,87,4,45,SUNNY,14.1,1.3,2025-08-20T14:30:00+09:30,PT5M
21,40,0,739,905,0,956.8,87,4,46,SUNNY,14.6,1.3,2025-08-20T14:35:00+09:30,PT5M
21,42,0,728,893,0,956.8,88,4,47,SUNNY,15,1.3,2025-08-20T14:40:00+09:30,PT5M
21,43,0,716,879,0,956.8,88,4,48,SUNNY,15.4,1.3,2025-08-20T14:45:00+09:30,PT5M
21,44,0,704,866,0,956.7,88,4,48,SUNNY,15.8,1.3,2025-08-20T14:50:00+09:30,PT5M
21,45,0,691,851,0,956.7,88,4,49,SUNNY,16.3,1.3,2025-08-20T14:55:00+09:30,PT5M
21,47,0,678,837,0,956.7,88,4,50,SUNNY,16.7,1.3,2025-08-20T15:00:00+09:30,PT5M
21,48,0,664,822,0,956.7,89,4.1,51,SUNNY,17,1.5,2025-08-20T15:05:00+09:30,PT5M
21,49,0,650,806,0,956.6,89,4.1,52,SUNNY,17.2,1.8,2025-08-20T15:10:00+09:30,PT5M
21,50,0,636,789,0,956.6,89,4.1,53,SUNNY,17.4,2.1,2025-08-20T15:15:00+09:30,PT5M
21,51,0,621,773,0,956.6,89,4.1,53,SUNNY,17.6,2.4,2025-08-20T15:20:00+09:30,PT5M
21,52,0,606,756,0,956.6,90,4.1,54,SUNNY,17.8,2.7,2025-08-20T15:25:00+09:30,PT5M
21,53,0,590,738,0,956.5,90,4.1,55,SUNNY,18,3,2025-08-20T15:30:00+09:30,PT5M
21,54,0,574,720,0,956.5,90,4.1,56,SUNNY,18.2,3.4,2025-08-20T15:35:00+09:30,PT5M
21,55,0,558,702,0,956.5,89,4.1,57,SUNNY,18.4,3.7,2025-08-20T15:40:00+09:30,PT5M
21,56,0,542,683,0,956.5,89,4.1,58,SUNNY,18.6,4,2025-08-20T15:45:00+09:30,PT5M
21,57,0,525,664,0,956.5,89,4.1,59,SUNNY,18.8,4.3,2025-08-20T15:50:00+09:30,PT5M
21,58,0,508,644,0,956.4,88,4.1,60,SUNNY,19,4.6,2025-08-20T15:55:00+09:30,PT5M
21,58,0,490,625,0,956.4,88,4.1,61,SUNNY,19.2,4.9,2025-08-20T16:00:00+09:30,PT5M
21,59,0,473,605,0,956.4,88,4.2,62,SUNNY,19.3,5.1,2025-08-20T16:05:00+09:30,PT5M
21,60,0,455,584,0,956.4,87,4.2,63,SUNNY,19.3,5.1,2025-08-20T16:10:00+09:30,PT5M
21,61,0,437,564,0,956.4,87,4.2,64,SUNNY,19.2,5.1,2025-08-20T16:15:00+09:30,PT5M
21,62,0,419,543,0,956.4,87,4.2,65,SUNNY,19.2,5.1,2025-08-20T16:20:00+09:30,PT5M
21,62,0,400,522,0,956.3,86,4.2,66,SUNNY,19.2,5.1,2025-08-20T16:25:00+09:30,PT5M
21,63,0,382,501,0,956.3,86,4.2,67,SUNNY,19.2,5.1,2025-08-20T16:30:00+09:30,PT5M
21,64,0,363,479,0,956.3,86,4.2,68,SUNNY,19.1,5.2,2025-08-20T16:35:00+09:30,PT5M
21,64,0,344,457,0,956.3,86,4.2,69,SUNNY,19.1,5.2,2025-08-20T16:40:00+09:30,PT5M
21,65,0,325,435,0,956.3,86,4.3,70,SUNNY,19.1,5.2,2025-08-20T16:45:00+09:30,PT5M
21,66,0,305,413,0,956.3,86,4.3,71,SUNNY,19.1,5.2,2025-08-20T16:50:00+09:30,PT5M
20,66,0,286,391,0,956.3,85,4.3,72,SUNNY,19,5.2,2025-08-20T16:55:00+09:30,PT5M
20,67,0,267,368,0,956.4,85,4.3,73,SUNNY,19,5.2,2025-08-20T17:00:00+09:30,PT5M
20,68,0,247,345,0,956.4,85,4.3,74,SUNNY,19,5.2,2025-08-20T17:05:00+09:30,PT5M
20,68,0,228,322,0,956.4,85,4.3,75,SUNNY,19,5.3,2025-08-20T17:10:00+09:30,PT5M
20,69,0,208,299,0,956.4,85,4.4,76,SUNNY,18.9,5.3,2025-08-20T17:15:00+09:30,PT5M
20,70,0,189,275,0,956.4,85,4.4,77,SUNNY,18.9,5.3,2025-08-20T17:20:00+09:30,PT5M
20,70,0,169,252,0,956.4,85,4.4,78,SUNNY,18.9,5.4,2025-08-20T17:25:00+09:30,PT5M
20,71,0,150,228,0,956.4,85,4.4,80,SUNNY,18.9,5.4,2025-08-20T17:30:00+09:30,PT5M
19,71,0,131,204,0,956.4,85,4.4,81,SUNNY,18.8,5.5,2025-08-20T17:35:00+09:30,PT5M
19,72,0,113,181,0,956.5,86,4.3,82,SUNNY,18.8,5.5,2025-08-20T17:40:00+09:30,PT5M
19,72,0,94,157,0,956.5,87,4.2,83,SUNNY,18.8,5.6,2025-08-20T17:45:00+09:30,PT5M
19,73,0,77,133,0,956.6,87,4.2,84,SUNNY,18.8,5.6,2025-08-20T17:50:00+09:30,PT5M
19,74,0,60,110,0,956.6,88,4.1,85,SUNNY,18.7,5.6,2025-08-20T17:55:00+09:30,PT5M
19,74,0,44,73,0,956.7,89,4,86,SUNNY,18.7,5.7,2025-08-20T18:00:00+09:30,PT5M
18,75,0,29,45,0,956.7,90,4,87,SUNNY,18.7,5.7,2025-08-20T18:05:00+09:30,PT5M
18,75,0,16,21,0,956.8,91,3.9,88,SUNNY,18.8,5.8,2025-08-20T18:10:00+09:30,PT5M
18,76,0,5,5,0,956.8,91,3.8,89,SUNNY,18.9,5.8,2025-08-20T18:15:00+09:30,PT5M
18,76,0,0,0,0,956.9,92,3.8,91,CLEAR,19,5.9,2025-08-20T18:20:00+09:30,PT5M
18,77,0,0,0,0,956.9,93,3.7,92,CLEAR,19.1,6,2025-08-20T18:25:00+09:30,PT5M
18,77,0,0,0,0,957,94,3.6,93,CLEAR,19.2,6,2025-08-20T18:30:00+09:30,PT5M
17,78,0,0,0,0,957,95,3.6,94,CLEAR,19.3,6.1,2025-08-20T18:35:00+09:30,PT5M
17,78,0,0,0,0,957.1,95,3.6,95,CLEAR,19.4,6.1,2025-08-20T18:40:00+09:30,PT5M
17,79,0,0,0,0,957.1,95,3.6,96,CLEAR,19.5,6.2,2025-08-20T18:45:00+09:30,PT5M
17,79,0,0,0,0,957.2,96,3.6,97,CLEAR,19.6,6.3,2025-08-20T18:50:00+09:30,PT5M
17,80,0,0,0,0,957.2,96,3.6,98,CLEAR,19.7,6.3,2025-08-20T18:55:00+09:30,PT5M
16,80,0,0,0,0,957.3,96,3.6,99,CLEAR,19.8,6.4,2025-08-20T19:00:00+09:30,PT5M
16,80,0,0,0,0,957.3,97,3.6,101,CLEAR,19.9,6.4,2025-08-20T19:05:00+09:30,PT5M
16,81,0,0,0,0,957.4,97,3.6,102,CLEAR,20.1,6.5,2025-08-20T19:10:00+09:30,PT5M
16,81,0,0,0,0,957.4,97,3.6,103,CLEAR,20.4,6.6,2025-08-20T19:15:00+09:30,PT5M
16,82,0,0,0,0,957.5,97,3.6,104,CLEAR,20.6,6.7,2025-08-20T19:20:00+09:30,PT5M
15,82,0,0,0,0,957.5,98,3.5,105,CLEAR,20.8,6.7,2025-08-20T19:25:00+09:30,PT5M
15,83,8.2,0,0,0,957.6,98,3.5,106,MOSTLY CLEAR,21,6.8,2025-08-20T19:30:00+09:30,PT5M
15,83,0,0,0,0,957.6,98,3.5,107,CLEAR,21.3,6.9,2025-08-20T19:35:00+09:30,PT5M
15,84,0,0,0,0,957.7,97,3.5,109,CLEAR,21.5,7,2025-08-20T19:40:00+09:30,PT5M
15,84,0,0,0,0,957.7,96,3.5,110,CLEAR,21.7,7,2025-08-20T19:45:00+09:30,PT5M
15,85,0,0,0,0,957.7,95,3.5,111,CLEAR,21.9,7.1,2025-08-20T19:50:00+09:30,PT5M
14,85,0,0,0,0,957.8,94,3.5,112,CLEAR,22.2,7.2,2025-08-20T19:55:00+09:30,PT5M
14,86,0,0,0,0,957.8,94,3.6,113,CLEAR,22.4,7.3,2025-08-20T20:00:00+09:30,PT5M
14,86,0,0,0,0,957.8,93,3.6,114,CLEAR,22.6,7.3,2025-08-20T20:05:00+09:30,PT5M
14,86,0,0,0,0,957.9,92,3.6,115,CLEAR,22.8,7.4,2025-08-20T20:10:00+09:30,PT5M
14,87,0,0,0,0,957.9,91,3.6,117,CLEAR,23,7.5,2025-08-20T20:15:00+09:30,PT5M
13,87,0,0,0,0,957.9,90,3.6,118,CLEAR,23.3,7.6,2025-08-20T20:20:00+09:30,PT5M
13,88,8.2,0,0,0,958,90,3.6,119,MOSTLY CLEAR,23.5,7.7,2025-08-20T20:25:00+09:30,PT5M
13,88,8.2,0,0,0,958,89,3.6,120,MOSTLY CLEAR,23.7,7.8,2025-08-20T20:30:00+09:30,PT5M
13,89,8.2,0,0,0,958,88,3.6,121,MOSTLY CLEAR,23.9,7.8,2025-08-20T20:35:00+09:30,PT5M
13,89,8.2,0,0,0,958.1,87,3.6,122,MOSTLY CLEAR,24.1,7.9,2025-08-20T20:40:00+09:30,PT5M
13,90,8.2,0,0,0,958.1,87,3.6,123,MOSTLY CLEAR,24.3,8,2025-08-20T20:45:00+09:30,PT5M
13,90,8.2,0,0,0,958.2,86,3.6,125,MOSTLY CLEAR,24.6,8.1,2025-08-20T20:50:00+09:30,PT5M
13,91,0,0,0,0,958.2,85,3.6,126,CLEAR,24.8,8.2,2025-08-20T20:55:00+09:30,PT5M
13,91,0,0,0,0,958.3,85,3.6,127,CLEAR,25,8.3,2025-08-20T21:00:00+09:30,PT5M
13,92,0,0,0,0,958.3,84,3.6,128,CLEAR,25.2,8.3,2025-08-20T21:05:00+09:30,PT5M
13,92,8.2,0,0,0,958.3,83,3.6,129,MOSTLY CLEAR,25.3,8.4,2025-08-20T21:10:00+09:30,PT5M
13,93,0,0,0,0,958.4,83,3.6,130,CLEAR,25.5,8.5,2025-08-20T21:15:00+09:30,PT5M
12,94,0,0,0,0,958.4,82,3.6,131,CLEAR,25.6,8.5,2025-08-20T21:20:00+09:30,PT5M
12,94,0,0,0,0,958.5,81,3.6,133,CLEAR,25.8,8.6,2025-08-20T21:25:00+09:30,PT5M
12,95,8.2,0,0,0,958.5,81,3.6,134,MOSTLY CLEAR,25.9,8.7,2025-08-20T21:30:00+09:30,PT5M
12,95,10.1,0,0,0,958.5,80,3.5,135,PARTLY CLOUDY,26.1,8.7,2025-08-20T21:35:00+09:30,PT5M
12,96,12.1,0,0,0,958.6,79,3.5,136,PARTLY CLOUDY,26.2,8.8,2025-08-20T21:40:00+09:30,PT5M
12,97,10.1,0,0,0,958.6,78,3.5,137,PARTLY CLOUDY,26.4,8.9,2025-08-20T21:45:00+09:30,PT5M
12,97,8.2,0,0,0,958.6,78,3.5,138,MOSTLY CLEAR,26.5,8.9,2025-08-20T21:50:00+09:30,PT5M
12,98,8.2,0,0,0,958.6,77,3.5,139,MOSTLY CLEAR,26.7,9,2025-08-20T21:55:00+09:30,PT5M
11,99,10.1,0,0,0,958.6,76,3.5,140,PARTLY CLOUDY,26.8,9.1,2025-08-20T22:00:00+09:30,PT5M
11,99,10.1,0,0,0,958.6,76,3.5,142,PARTLY CLOUDY,26.9,9.1,2025-08-20T22:05:00+09:30,PT5M
11,100,10.1,0,0,0,958.7,75,3.5,143,PARTLY CLOUDY,27,9.2,2025-08-20T22:10:00+09:30,PT5M
11,101,10.1,0,0,0,958.7,74,3.5,144,PARTLY CLOUDY,27.1,9.2,2025-08-20T22:15:00+09:30,PT5M
11,102,8.2,0,0,0,958.7,73,3.5,145,MOSTLY CLEAR,27.1,9.2,2025-08-20T22:20:00+09:30,PT5M
11,103,8.2,0,0,0,958.7,73,3.5,146,MOSTLY CLEAR,27.2,9.3,2025-08-20T22:25:00+09:30,PT5M
10,103,8.2,0,0,0,958.7,72,3.5,147,MOSTLY CLEAR,27.3,9.3,2025-08-20T22:30:00+09:30,PT5M
10,104,8.2,0,0,0,958.7,71,3.5,148,MOSTLY CLEAR,27.3,9.4,2025-08-20T22:35:00+09:30,PT5M
10,105,8.2,0,0,0,958.7,71,3.5,149,MOSTLY CLEAR,27.4,9.4,2025-08-20T22:40:00+09:30,PT5M
10,106,10.1,0,0,0,958.7,70,3.5,151,PARTLY CLOUDY,27.5,9.5,2025-08-20T22:45:00+09:30,PT5M
10,108,10.1,0,0,0,958.7,69,3.5,152,PARTLY CLOUDY,27.5,9.5,2025-08-20T22:50:00+09:30,PT5M
10,109,8.2,0,0,0,958.7,69,3.5,153,MOSTLY CLEAR,27.6,9.5,2025-08-20T22:55:00+09:30,PT5M
10,110,0,0,0,0,958.7,68,3.6,154,CLEAR,27.7,9.6,2025-08-20T23:00:00+09:30,PT5M
9,111,8.2,0,0,0,958.7,67,3.6,155,MOSTLY CLEAR,27.7,9.6,2025-08-20T23:05:00+09:30,PT5M
9,113,10.1,0,0,0,958.7,67,3.6,156,PARTLY CLOUDY,27.8,9.6,2025-08-20T23:10:00+09:30,PT5M
9,114,10.1,0,0,0,958.7,66,3.6,157,PARTLY CLOUDY,27.9,9.6,2025-08-20T23:15:00+09:30,PT5M
9,116,8.2,0,0,0,958.7,66,3.6,158,MOSTLY CLEAR,27.9,9.6,2025-08-20T23:20:00+09:30,PT5M
9,118,8.2,0,0,0,958.6,65,3.6,159,MOSTLY CLEAR,28,9.6,2025-08-20T23:25:00+09:30,PT5M
9,120,8.2,0,0,0,958.6,64,3.7,160,MOSTLY CLEAR,28.1,9.6,2025-08-20T23:30:00+09:30,PT5M
9,122,8.2,0,0,0,958.6,64,3.7,161,MOSTLY CLEAR,28.1,9.7,2025-08-20T23:35:00+09:30,PT5M
9,124,8.2,0,0,0,958.6,63,3.7,162,MOSTLY CLEAR,28.2,9.7,2025-08-20T23:40:00+09:30,PT5M
9,127,10.1,0,0,0,958.7,63,3.7,163,PARTLY CLOUDY,28.3,9.7,2025-08-20T23:45:00+09:30,PT5M
8,130,10.1,0,0,0,958.7,63,3.7,164,PARTLY CLOUDY,28.3,9.7,2025-08-20T23:50:00+09:30,PT5M
8,133,10.1,0,0,0,958.7,62,3.7,165,PARTLY CLOUDY,28.4,9.7,2025-08-20T23:55:00+09:30,PT5M
8,137,8.2,0,0,0,958.7,62,3.6,165,MOSTLY CLEAR,28.5,9.7,2025-08-21T00:00:00+09:30,PT5M
8,141,10.1,0,0,0,958.7,61,3.6,166,PARTLY CLOUDY,28.5,9.7,2025-08-21T00:05:00+09:30,PT5M
8,145,10.1,0,0,0,958.7,61,3.6,167,PARTLY CLOUDY,28.4,9.7,2025-08-21T00:10:00+09:30,PT5M
8,150,10.1,0,0,0,958.7,60,3.6,168,PARTLY CLOUDY,28.4,9.6,2025-08-21T00:15:00+09:30,PT5M
8,155,10.1,0,0,0,958.7,60,3.6,168,PARTLY CLOUDY,28.3,9.6,2025-08-21T00:20:00+09:30,PT5M
8,160,10.1,0,0,0,958.7,59,3.6,168,PARTLY CLOUDY,28.3,9.6,2025-08-21T00:25:00+09:30,PT5M
8,166,10.1,0,0,0,958.7,59,3.6,169,PARTLY CLOUDY,28.2,9.6,2025-08-21T00:30:00+09:30,PT5M
8,173,10.1,0,0,0,958.7,58,3.6,169,PARTLY CLOUDY,28.2,9.5,2025-08-21T00:35:00+09:30,PT5M
8,179,10.1,0,0,0,958.6,58,3.6,169,PARTLY CLOUDY,28.1,9.5,2025-08-21T00:40:00+09:30,PT5M
8,-175,10.1,0,0,0,958.6,58,3.6,169,PARTLY CLOUDY,28.1,9.5,2025-08-21T00:45:00+09:30,PT5M
8,-168,10.1,0,0,0,958.5,58,3.6,169,PARTLY CLOUDY,28,9.5,2025-08-21T00:50:00+09:30,PT5M
8,-162,8.2,0,0,0,958.5,58,3.6,169,MOSTLY CLEAR,28,9.4,2025-08-21T00:55:00+09:30,PT5M
8,-156,8.2,0,0,0,958.4,58,3.6,168,MOSTLY CLEAR,27.9,9.4,2025-08-21T01:00:00+09:30,PT5M
8,-151,8.2,0,0,0,958.4,58,3.5,168,MOSTLY CLEAR,27.8,9.4,2025-08-21T01:05:00+09:30,PT5M
8,-146,8.2,0,0,0,958.3,57,3.5,167,MOSTLY CLEAR,27.6,9.3,2025-08-21T01:10:00+09:30,PT5M
7,-142,8.2,0,0,0,958.2,57,3.5,166,MOSTLY CLEAR,27.5,9.3,2025-08-21T01:15:00+09:30,PT5M
7,-138,8.2,0,0,0,958.2,57,3.5,166,MOSTLY CLEAR,27.3,9.3,2025-08-21T01:20:00+09:30,PT5M
7,-134,0,0,0,0,958.1,57,3.5,165,CLEAR,27.2,9.2,2025-08-21T01:25:00+09:30,PT5M
7,-131,0,0,0,0,958.1,57,3.5,164,CLEAR,27,9.2,2025-08-21T01:30:00+09:30,PT5M
7,-128,0,0,0,0,958,57,3.5,163,CLEAR,26.8,9.1,2025-08-21T01:35:00+09:30,PT5M
7,-125,0,0,0,0,958,56,3.4,162,CLEAR,26.6,9.1,2025-08-21T01:40:00+09:30,PT5M
7,-123,0,0,0,0,957.9,56,3.4,161,CLEAR,26.5,9,2025-08-21T01:45:00+09:30,PT5M
7,-121,8.2,0,0,0,957.9,56,3.4,160,MOSTLY CLEAR,26.3,9,2025-08-21T01:50:00+09:30,PT5M
7,-119,8.2,0,0,0,957.8,55,3.4,159,MOSTLY CLEAR,26.2,9,2025-08-21T01:55:00+09:30,PT5M
7,-117,8.2,0,0,0,957.8,55,3.4,158,MOSTLY CLEAR,26,8.9,2025-08-21T02:00:00+09:30,PT5M
7,-115,8.2,0,0,0,957.8,54,3.4,157,MOSTLY CLEAR,25.8,8.9,2025-08-21T02:05:00+09:30,PT5M
7,-113,0,0,0,0,957.7,54,3.3,156,CLEAR,25.6,8.8,2025-08-21T02:10:00+09:30,PT5M
7,-112,8.2,0,0,0,957.7,54,3.3,155,MOSTLY CLEAR,25.5,8.7,2025-08-21T02:15:00+09:30,PT5M
6,-111,10.1,0,0,0,957.6,53,3.3,154,PARTLY CLOUDY,25.3,8.7,2025-08-21T02:20:00+09:30,PT5M
6,-109,8.2,0,0,0,957.6,53,3.3,153,MOSTLY CLEAR,25.2,8.6,2025-08-21T02:25:00+09:30,PT5M
6,-108,0,0,0,0,957.5,53,3.3,152,CLEAR,25,8.5,2025-08-21T02:30:00+09:30,PT5M
6,-107,0,0,0,0,957.5,52,3.3,151,CLEAR,24.8,8.5,2025-08-21T02:35:00+09:30,PT5M
6,-106,0,0,0,0,957.5,52,3.3,150,CLEAR,24.7,8.4,2025-08-21T02:40:00+09:30,PT5M
6,-105,0,0,0,0,957.5,51,3.3,149,CLEAR,24.5,8.3,2025-08-21T02:45:00+09:30,PT5M
6,-104,0,0,0,0,957.6,51,3.2,148,CLEAR,24.3,8.3,2025-08-21T02:50:00+09:30,PT5M
6,-103,0,0,0,0,957.6,50,3.2,146,CLEAR,24.2,8.2,2025-08-21T02:55:00+09:30,PT5M
6,-102,0,0,0,0,957.6,50,3.2,145,CLEAR,24,8.1,2025-08-21T03:00:00+09:30,PT5M
6,-101,0,0,0,0,957.6,49,3.2,144,CLEAR,23.8,8.1,2025-08-21T03:05:00+09:30,PT5M
6,-100,8.2,0,0,0,957.6,49,3.2,143,MOSTLY CLEAR,23.7,8,2025-08-21T03:10:00+09:30,PT5M
6,-100,8.2,0,0,0,957.6,48,3.2,142,MOSTLY CLEAR,23.5,7.9,2025-08-21T03:15:00+09:30,PT5M
6,-99,8.2,0,0,0,957.6,48,3.2,141,MOSTLY CLEAR,23.3,7.9,2025-08-21T03:20:00+09:30,PT5M
6,-98,0,0,0,0,957.6,47,3.2,140,CLEAR,23.2,7.8,2025-08-21T03:25:00+09:30,PT5M
5,-98,0,0,0,0,957.6,47,3.2,139,CLEAR,23,7.7,2025-08-21T03:30:00+09:30,PT5M
5,-97,0,0,0,0,957.6,46,3.2,137,CLEAR,22.9,7.7,2025-08-21T03:35:00+09:30,PT5M
5,-96,8.2,0,0,0,957.6,46,3.2,136,MOSTLY CLEAR,22.7,7.6,2025-08-21T03:40:00+09:30,PT5M
5,-96,8.2,0,0,0,957.6,45,3.2,135,MOSTLY CLEAR,22.6,7.5,2025-08-21T03:45:00+09:30,PT5M
5,-95,8.2,0,0,0,957.6,45,3.2,134,MOSTLY CLEAR,22.4,7.5,2025-08-21T03:50:00+09:30,PT5M
5,-94,8.2,0,0,0,957.6,44,3.2,133,MOSTLY CLEAR,22.2,7.4,2025-08-21T03:55:00+09:30,PT5M
5,-94,8.2,0,0,0,957.6,44,3.2,132,MOSTLY CLEAR,22.1,7.3,2025-08-21T04:00:00+09:30,PT5M
5,-93,8.2,0,0,0,957.6,44,3.2,131,MOSTLY CLEAR,21.9,7.3,2025-08-21T04:05:00+09:30,PT5M
5,-93,8.2,0,0,0,957.6,43,3.2,129,MOSTLY CLEAR,21.8,7.2,2025-08-21T04:10:00+09:30,PT5M
5,-92,8.2,0,0,0,957.6,43,3.2,128,MOSTLY CLEAR,21.6,7.2,2025-08-21T04:15:00+09:30,PT5M
5,-92,8.2,0,0,0,957.5,42,3.2,127,MOSTLY CLEAR,21.5,7.1,2025-08-21T04:20:00+09:30,PT5M
5,-91,0,0,0,0,957.5,42,3.2,126,CLEAR,21.4,7,2025-08-21T04:25:00+09:30,PT5M
5,-91,0,0,0,0,957.5,41,3.2,125,CLEAR,21.2,7,2025-08-21T04:30:00+09:30,PT5M
5,-90,0,0,0,0,957.5,41,3.2,124,CLEAR,21.1,6.9,2025-08-21T04:35:00+09:30,PT5M
5,-90,8.2,0,0,0,957.6,40,3.2,123,MOSTLY CLEAR,20.9,6.9,2025-08-21T04:40:00+09:30,PT5M
5,-89,8.2,0,0,0,957.6,40,3.2,121,MOSTLY CLEAR,20.8,6.8,2025-08-21T04:45:00+09:30,PT5M
5,-89,10.1,0,0,0,957.6,39,3.2,120,PARTLY CLOUDY,20.7,6.7,2025-08-21T04:50:00+09:30,PT5M
5,-88,8.2,0,0,0,957.6,39,3.2,119,MOSTLY CLEAR,20.5,6.7,2025-08-21T04:55:00+09:30,PT5M
5,-88,0,0,0,0,957.7,38,3.2,118,CLEAR,20.4,6.6,2025-08-21T05:00:00+09:30,PT5M
5,-87,0,0,0,0,957.7,38,3.2,117,CLEAR,20.2,6.6,2025-08-21T05:05:00+09:30,PT5M
5,-87,8.2,0,0,0,957.7,37,3.2,116,MOSTLY CLEAR,20.1,6.5,2025-08-21T05:10:00+09:30,PT5M
5,-86,8.2,0,0,0,957.7,37,3.2,115,MOSTLY CLEAR,19.9,6.5,2025-08-21T05:15:00+09:30,PT5M
5,-86,8.2,0,0,0,957.8,36,3.2,113,MOSTLY CLEAR,19.8,6.5,2025-08-21T05:20:00+09:30,PT5M
5,-85,10.1,0,0,0,957.8,36,3.2,112,PARTLY CLOUDY,19.7,6.4,2025-08-21T05:25:00+09:30,PT5M
4,-85,10.1,0,0,0,957.8,35,3.2,111,PARTLY CLOUDY,19.5,6.4,2025-08-21T05:30:00+09:30,PT5M
4,-84,10.1,0,0,0,957.9,34,3.2,110,PARTLY CLOUDY,19.4,6.3,2025-08-21T05:35:00+09:30,PT5M
4,-84,10.1,0,0,0,957.9,34,3.2,109,PARTLY CLOUDY,19.2,6.3,2025-08-21T05:40:00+09:30,PT5M
4,-84,10.1,0,0,0,958,33,3.2,108,PARTLY CLOUDY,19.1,6.2,2025-08-21T05:45:00+09:30,PT5M
4,-83,10.1,0,0,0,958.1,33,3.2,107,PARTLY CLOUDY,19,6.2,2025-08-21T05:50:00+09:30,PT5M
4,-83,10.1,0,0,0,958.1,32,3.2,105,PARTLY CLOUDY,18.8,6.2,2025-08-21T05:55:00+09:30,PT5M
4,-82,10.1,0,0,0,958.2,32,3.2,104,PARTLY CLOUDY,18.7,6.1,2025-08-21T06:00:00+09:30,PT5M
4,-82,8.2,0,0,0,958.3,31,3.2,103,MOSTLY CLEAR,18.5,6.1,2025-08-21T06:05:00+09:30,PT5M
4,-81,8.2,0,0,0,958.3,31,3.2,102,MOSTLY CLEAR,18.2,6.1,2025-08-21T06:10:00+09:30,PT5M
4,-81,0,0,0,0,958.4,30,3.2,101,CLEAR,17.9,6,2025-08-21T06:15:00+09:30,PT5M
4,-80,0,0,0,0,958.5,30,3.2,100,CLEAR,17.6,6,2025-08-21T06:20:00+09:30,PT5M
4,-80,0,0,0,0,958.5,29,3.2,99,CLEAR,17.3,6,2025-08-21T06:25:00+09:30,PT5M
4,-79,0,0,0,0,958.6,28,3.2,98,CLEAR,17,5.9,2025-08-21T06:30:00+09:30,PT5M
4,-79,0,0,0,0,958.7,28,3.2,96,CLEAR,16.7,5.9,2025-08-21T06:35:00+09:30,PT5M
4,-78,0,0,0,0,958.7,26,3.1,95,CLEAR,16.4,5.8,2025-08-21T06:40:00+09:30,PT5M
4,-78,0,0,0,0,958.7,25,3.1,94,CLEAR,16.1,5.8,2025-08-21T06:45:00+09:30,PT5M
4,-77,0,0,0,0,958.8,24,3.1,93,CLEAR,15.8,5.8,2025-08-21T06:50:00+09:30,PT5M
4,-77,0,0,0,0,958.8,23,3.1,92,CLEAR,15.5,5.8,2025-08-21T06:55:00+09:30,PT5M
5,-76,0,0,0,0,958.9,22,3.1,91,CLEAR,15.2,5.7,2025-08-21T07:00:00+09:30,PT5M
5,-76,0,3,3,0,958.9,20,3,90,CLEAR,14.9,5.7,2025-08-21T07:05:00+09:30,PT5M
5,-75,0,14,19,0,958.9,19,3,89,SUNNY,14.4,5.7,2025-08-21T07:10:00+09:30,PT5M
5,-75,0,27,41,0,959,18,3,87,SUNNY,14,5.6,2025-08-21T07:15:00+09:30,PT5M
5,-74,0,42,70,0,959,17,3,86,SUNNY,13.6,5.6,2025-08-21T07:20:00+09:30,PT5M
5,-74,0,57,105,0,959.1,15,3,85,SUNNY,13.1,5.6,2025-08-21T07:25:00+09:30,PT5M
5,-73,0,74,132,0,959.1,14,3,84,SUNNY,12.7,5.6,2025-08-21T07:30:00+09:30,PT5M
5,-73,0,92,155,0,959.2,14,3,83,SUNNY,12.2,5.5,2025-08-21T07:35:00+09:30,PT5M
6,-72,0,110,179,0,959.2,14,3,82,SUNNY,11.8,5.5,2025-08-21T07:40:00+09:30,PT5M
7,-72,0,128,202,0,959.3,13,3,81,SUNNY,11.3,5.5,2025-08-21T07:45:00+09:30,PT5M
8,-71,0,147,225,0,959.3,13,3,80,SUNNY,10.9,5.5,2025-08-21T07:50:00+09:30,PT5M
8,-71,0,166,248,0,959.4,13,3,79,SUNNY,10.5,5.4,2025-08-21T07:55:00+09:30,PT5M
9,-70,0,185,272,0,959.4,13,3,78,SUNNY,10,5.4,2025-08-21T08:00:00+09:30,PT5M
10,-69,0,205,295,0,959.5,13,3,77,SUNNY,9.6,5.4,2025-08-21T08:05:00+09:30,PT5M
10,-69,0,224,318,0,959.5,13,3,76,SUNNY,9.1,5.4,2025-08-21T08:10:00+09:30,PT5M
11,-68,0,243,340,0,959.6,13,3.1,74,SUNNY,8.7,5.3,2025-08-21T08:15:00+09:30,PT5M
12,-68,0,263,363,0,959.6,13,3.1,73,SUNNY,8.3,5.3,2025-08-21T08:20:00+09:30,PT5M
12,-67,0,282,386,0,959.7,13,3.1,72,SUNNY,7.8,5.3,2025-08-21T08:25:00+09:30,PT5M
13,-66,0,302,408,0,959.7,13,3.1,71,SUNNY,7.4,5.2,2025-08-21T08:30:00+09:30,PT5M
13,-66,0,321,430,0,959.7,13,3.1,70,SUNNY,6.9,5.2,2025-08-21T08:35:00+09:30,PT5M
14,-65,0,340,452,0,959.8,14,3.2,69,SUNNY,6.5,5.2,2025-08-21T08:40:00+09:30,PT5M
14,-64,0,359,474,0,959.8,14,3.3,68,SUNNY,6,5.1,2025-08-21T08:45:00+09:30,PT5M
14,-63,0,378,496,0,959.8,15,3.3,67,SUNNY,5.6,5.1,2025-08-21T08:50:00+09:30,PT5M
14,-63,0,397,517,0,959.8,15,3.4,66,SUNNY,5.2,5.1,2025-08-21T08:55:00+09:30,PT5M
14,-62,0,415,538,0,959.8,15,3.5,65,SUNNY,5,5,2025-08-21T09:00:00+09:30,PT5M
14,-61,0,433,559,0,959.8,16,3.6,64,SUNNY,4.9,4.9,2025-08-21T09:05:00+09:30,PT5M
15,-60,0,452,580,0,959.8,16,3.6,63,SUNNY,4.7,4.7,2025-08-21T09:10:00+09:30,PT5M
15,-60,0,470,600,0,959.8,16,3.7,62,SUNNY,4.5,4.5,2025-08-21T09:15:00+09:30,PT5M
15,-59,0,487,620,0,959.8,17,3.8,61,SUNNY,4.3,4.3,2025-08-21T09:20:00+09:30,PT5M
15,-58,0,505,640,0,959.8,17,3.9,60,SUNNY,4.1,4.1,2025-08-21T09:25:00+09:30,PT5M
15,-57,0,522,659,0,959.8,17,3.9,59,SUNNY,3.9,3.9,2025-08-21T09:30:00+09:30,PT5M
16,-56,0,540,679,0,959.8,18,4,58,SUNNY,3.7,3.7,2025-08-21T09:35:00+09:30,PT5M
16,-55,0,556,698,0,959.8,18,4.1,57,SUNNY,3.5,3.5,2025-08-21T09:40:00+09:30,PT5M
16,-54,0,572,716,0,959.8,18,4.1,56,SUNNY,3.3,3.3,2025-08-21T09:45:00+09:30,PT5M
16,-53,0,588,734,0,959.7,18,4.1,55,SUNNY,3.1,3.1,2025-08-21T09:50:00+09:30,PT5M
16,-52,0,604,752,0,959.7,18,4.2,54,SUNNY,2.9,2.9,2025-08-21T09:55:00+09:30,PT5M
16,-51,0,619,769,0,959.7,18,4.2,54,SUNNY,2.7,2.7,2025-08-21T10:00:00+09:30,PT5M
17,-50,0,634,785,0,959.6,18,4.3,53,SUNNY,2.6,2.6,2025-08-21T10:05:00+09:30,PT5M
17,-49,0,648,802,0,959.6,18,4.3,52,SUNNY,2.6,2.6,2025-08-21T10:10:00+09:30,PT5M
17,-48,0,662,817,0,959.6,18,4.4,51,SUNNY,2.6,2.6,2025-08-21T10:15:00+09:30,PT5M
17,-47,0,676,832,0,959.5,18,4.4,50,SUNNY,2.6,2.6,2025-08-21T10:20:00+09:30,PT5M
17,-46,0,689,847,0,959.5,18,4.5,49,SUNNY,2.7,2.6,2025-08-21T10:25:00+09:30,PT5M
18,-45,0,702,862,0,959.5,18,4.5,48,SUNNY,2.8,2.6,2025-08-21T10:30:00+09:30,PT5M
18,-43,0,714,875,0,959.4,18,4.5,48,SUNNY,2.8,2.5,2025-08-21T10:35:00+09:30,PT5M
18,-42,0,726,889,0,959.3,18,4.4,47,SUNNY,2.9,2.5,2025-08-21T10:40:00+09:30,PT5M
18,-41,0,738,902,0,959.3,17,4.4,46,SUNNY,3,2.5,2025-08-21T10:45:00+09:30,PT5M
18,-40,0,749,914,0,959.2,17,4.3,45,SUNNY,3.1,2.5,2025-08-21T10:50:00+09:30,PT5M
19,-38,0,760,926,0,959.1,17,4.3,45,SUNNY,3.2,2.5,2025-08-21T10:55:00+09:30,PT5M
19,-37,0,770,937,0,959,16,4.2,44,SUNNY,3.3,2.5,2025-08-21T11:00:00+09:30,PT5M
19,-35,0,780,948,0,958.9,16,4.1,43,SUNNY,3.3,2.5,2025-08-21T11:05:00+09:30,PT5M
19,-34,0,789,959,0,958.9,15,4.1,43,SUNNY,3.4,2.4,2025-08-21T11:10:00+09:30,PT5M
19,-32,0,798,969,0,958.8,15,4,42,SUNNY,3.5,2.4,2025-08-21T11:15:00+09:30,PT5M
20,-31,0,806,978,0,958.7,15,4,41,SUNNY,3.6,2.4,2025-08-21T11:20:00+09:30,PT5M
20,-29,0,814,987,0,958.6,14,3.9,41,SUNNY,3.6,2.4,2025-08-21T11:25:00+09:30,PT5M
20,-27,0,822,995,0,958.6,14,3.8,40,SUNNY,3.7,2.3,2025-08-21T11:30:00+09:30,PT5M
20,-25,0,829,1003,0,958.5,14,3.8,40,SUNNY,3.8,2.3,2025-08-21T11:35:00+09:30,PT5M
20,-24,0,835,1010,0,958.4,13,3.7,39,SUNNY,3.9,2.3,2025-08-21T11:40:00+09:30,PT5M
21,-22,0,841,1016,0,958.3,13,3.6,39,SUNNY,3.9,2.2,2025-08-21T11:45:00+09:30,PT5M
21,-20,0,846,1022,0,958.2,13,3.5,38,SUNNY,4,2.2,2025-08-21T11:50:00+09:30,PT5M
21,-18,0,851,1028,0,958.1,13,3.4,38,SUNNY,4.1,2.2,2025-08-21T11:55:00+09:30,PT5M
21,-16,0,856,1033,0,958,13,3.3,38,SUNNY,4.2,2.1,2025-08-21T12:00:00+09:30,PT5M
21,-14,0,860,1037,0,957.9,12,3.2,37,SUNNY,4.2,2.1,2025-08-21T12:05:00+09:30,PT5M
21,-12,0,863,1041,0,957.8,12,3.1,37,SUNNY,4.2,2,2025-08-21T12:10:00+09:30,PT5M
21,-10,0,866,1044,0,957.7,12,3,37,SUNNY,4.2,2,2025-08-21T12:15:00+09:30,PT5M
22,-8,0,868,1047,0,957.6,12,2.9,37,SUNNY,4.2,2,2025-08-21T12:20:00+09:30,PT5M
22,-6,0,870,1049,0,957.5,11,2.8,37,SUNNY,4.2,1.9,2025-08-21T12:25:00+09:30,PT5M
22,-4,0,872,1050,0,957.4,11,2.7,36,SUNNY,4.2,1.9,2025-08-21T12:30:00+09:30,PT5M
22,-2,0,873,1051,0,957.3,11,2.6,36,SUNNY,4.1,1.8,2025-08-21T12:35:00+09:30,PT5M
22,0,0,873,1052,0,957.2,11,2.5,36,SUNNY,4.1,1.8,2025-08-21T12:40:00+09:30,PT5M
22,2,0,873,1052,0,957.1,10,2.5,36,SUNNY,4.1,1.7,2025-08-21T12:45:00+09:30,PT5M
22,4,0,872,1051,0,957,10,2.4,36,SUNNY,4.1,1.7,2025-08-21T12:50:00+09:30,PT5M
22,6,0,871,1050,0,956.9,10,2.3,37,SUNNY,4.1,1.7,2025-08-21T12:55:00+09:30,PT5M
23,8,0,869,1048,0,956.9,9,2.2,37,SUNNY,4.1,1.6,2025-08-21T13:00:00+09:30,PT5M
23,10,0,867,1045,0,956.8,9,2.1,37,SUNNY,4.1,1.6,2025-08-21T13:05:00+09:30,PT5M
23,12,0,864,1042,0,956.7,9,2.1,37,SUNNY,4,1.6,2025-08-21T13:10:00+09:30,PT5M
23,14,0,861,1039,0,956.6,8,2,37,SUNNY,3.9,1.5,2025-08-21T13:15:00+09:30,PT5M
23,16,0,857,1035,0,956.5,8,1.9,38,SUNNY,3.8,1.5,2025-08-21T13:20:00+09:30,PT5M
23,18,0,853,1030,0,956.4,7,1.8,38,SUNNY,3.7,1.5,2025-08-21T13:25:00+09:30,PT5M
23,20,0,848,1025,0,956.4,7,1.8,38,SUNNY,3.6,1.5,2025-08-21T13:30:00+09:30,PT5M
23,22,0,843,1019,0,956.3,7,1.7,39,SUNNY,3.5,1.4,2025-08-21T13:35:00+09:30,PT5M
23,23,0,837,1012,0,956.2,7,1.6,39,SUNNY,3.4,1.4,2025-08-21T13:40:00+09:30,PT5M
23,25,0,831,1005,0,956.1,7,1.6,40,SUNNY,3.3,1.4,2025-08-21T13:45:00+09:30,PT5M
23,27,0,824,998,0,956,7,1.5,40,SUNNY,3.2,1.4,2025-08-21T13:50:00+09:30,PT5M
24,29,0,817,990,0,956,8,1.5,41,SUNNY,3.1,1.3,2025-08-21T13:55:00+09:30,PT5M
24,30,0,809,981,0,955.9,8,1.4,41,SUNNY,3,1.3,2025-08-21T14:00:00+09:30,PT5M
24,32,0,801,972,0,955.8,8,1.4,42,SUNNY,3,1.3,2025-08-21T14:05:00+09:30,PT5M
24,33,0,792,962,0,955.7,9,1.3,42,SUNNY,2.9,1.3,2025-08-21T14:10:00+09:30,PT5M
24,35,0,783,952,0,955.7,9,1.3,43,SUNNY,2.8,1.3,2025-08-21T14:15:00+09:30,PT5M
24,36,0,774,941,0,955.6,9,1.2,44,SUNNY,2.7,1.3,2025-08-21T14:20:00+09:30,PT5M
24,38,0,764,930,0,955.5,10,1.2,44,SUNNY,2.6,1.3,2025-08-21T14:25:00+09:30,PT5M
24,39,0,753,918,0,955.4,10,1.1,45,SUNNY,2.5,1.3,2025-08-21T14:30:00+09:30,PT5M
24,41,0,742,906,0,955.4,11,1.1,46,SUNNY,2.4,1.2,2025-08-21T14:35:00+09:30,PT5M
24,42,0,731,893,0,955.4,12,1.1,47,SUNNY,2.3,1.2,2025-08-21T14:40:00+09:30,PT5M
24,43,0,719,880,0,955.3,13,1.1,47,SUNNY,2.2,1.2,2025-08-21T14:45:00+09:30,PT5M
24,44,0,707,866,0,955.3,14,1,48,SUNNY,2.1,1.2,2025-08-21T14:50:00+09:30,PT5M
24,46,0,694,852,0,955.3,16,1,49,SUNNY,2,1.2,2025-08-21T14:55:00+09:30,PT5M
24,47,0,681,838,0,955.3,17,1,50,SUNNY,1.9,1.2,2025-08-21T15:00:00+09:30,PT5M
24,48,0,667,822,0,955.2,18,1,51,SUNNY,1.9,1.2,2025-08-21T15:05:00+09:30,PT5M
24,49,0,653,807,0,955.2,20,1,52,SUNNY,1.8,1.2,2025-08-21T15:10:00+09:30,PT5M
24,50,0,639,791,0,955.2,21,1,52,SUNNY,1.8,1.1,2025-08-21T15:15:00+09:30,PT5M
24,51,0,624,775,0,955.2,23,0.9,53,SUNNY,1.8,1.1,2025-08-21T15:20:00+09:30,PT5M
25,52,0,609,758,0,955.1,24,0.9,54,SUNNY,1.7,1.1,2025-08-21T15:25:00+09:30,PT5M
25,53,0,594,741,0,955.1,26,0.9,55,SUNNY,1.7,1,2025-08-21T15:30:00+09:30,PT5M
25,54,0,578,723,0,955.1,28,0.9,56,SUNNY,1.6,1,2025-08-21T15:35:00+09:30,PT5M
25,55,0,562,705,0,955.1,29,0.9,57,SUNNY,1.6,1,2025-08-21T15:40:00+09:30,PT5M
25,56,0,546,687,0,955,31,0.9,58,SUNNY,1.5,0.9,2025-08-21T15:45:00+09:30,PT5M
25,57,0,529,668,0,955,33,0.9,59,SUNNY,1.5,0.9,2025-08-21T15:50:00+09:30,PT5M
25,58,0,512,649,0,955,35,0.9,60,SUNNY,1.5,0.8,2025-08-21T15:55:00+09:30,PT5M
25,59,0,495,629,0,955,37,0.9,61,SUNNY,1.4,0.8,2025-08-21T16:00:00+09:30,PT5M
25,60,0,478,609,0,954.9,39,0.9,62,SUNNY,1.4,0.8,2025-08-21T16:05:00+09:30,PT5M
25,60,0,460,589,0,954.9,41,0.9,63,SUNNY,1.4,0.8,2025-08-21T16:10:00+09:30,PT5M
25,61,0,442,569,0,954.9,43,0.9,64,SUNNY,1.4,0.8,2025-08-21T16:15:00+09:30,PT5M
25,62,0,424,548,0,954.9,45,0.9,65,SUNNY,1.4,0.8,2025-08-21T16:20:00+09:30,PT5M
25,63,0,405,527,0,954.8,47,0.9,66,SUNNY,1.4,0.8,2025-08-21T16:25:00+09:30,PT5M
25,63,0,386,506,0,954.8,48,0.9,67,SUNNY,1.4,0.8,2025-08-21T16:30:00+09:30,PT5M
24,64,0,367,484,0,954.8,51,0.9,68,SUNNY,1.5,0.8,2025-08-21T16:35:00+09:30,PT5M
24,65,0,348,463,0,954.8,54,0.9,69,SUNNY,1.5,0.8,2025-08-21T16:40:00+09:30,PT5M
24,65,0,329,441,0,954.8,57,0.9,70,SUNNY,1.5,0.8,2025-08-21T16:45:00+09:30,PT5M
24,66,0,310,418,0,954.8,59,0.9,71,SUNNY,1.5,0.8,2025-08-21T16:50:00+09:30,PT5M
24,67,0,291,396,0,954.8,62,1,72,SUNNY,1.5,0.8,2025-08-21T16:55:00+09:30,PT5M
24,67,0,271,373,0,954.8,65,1,73,SUNNY,1.5,0.8,2025-08-21T17:00:00+09:30,PT5M
24,68,0,252,351,0,954.8,67,1,74,SUNNY,1.5,0.8,2025-08-21T17:05:00+09:30,PT5M
24,69,0,232,328,0,954.9,70,1,75,SUNNY,1.5,0.8,2025-08-21T17:10:00+09:30,PT5M
24,69,0,213,305,0,954.9,72,1,76,SUNNY,1.5,0.8,2025-08-21T17:15:00+09:30,PT5M
24,70,0,193,282,0,954.9,74,1.1,77,SUNNY,1.5,0.8,2025-08-21T17:20:00+09:30,PT5M
23,71,0,174,259,0,954.9,77,1.1,78,SUNNY,1.5,0.8,2025-08-21T17:25:00+09:30,PT5M
23,71,0,154,235,0,954.9,79,1.1,79,SUNNY,1.5,0.8,2025-08-21T17:30:00+09:30,PT5M
23,72,0,136,212,0,954.9,81,1.1,81,SUNNY,1.6,0.9,2025-08-21T17:35:00+09:30,PT5M
23,72,0,117,189,0,955,85,1.2,82,SUNNY,1.6,0.9,2025-08-21T17:40:00+09:30,PT5M
23,73,0,99,166,0,955,87,1.2,83,SUNNY,1.6,0.9,2025-08-21T17:45:00+09:30,PT5M
23,73,0,81,143,0,955,90,1.3,84,SUNNY,1.6,0.9,2025-08-21T17:50:00+09:30,PT5M
22,74,0,64,120,0,955.1,93,1.3,85,SUNNY,1.6,0.9,2025-08-21T17:55:00+09:30,PT5M
22,74,0,47,82,0,955.1,95,1.4,86,SUNNY,1.6,0.9,2025-08-21T18:00:00+09:30,PT5M
22,75,0,32,51,0,955.2,97,1.4,87,SUNNY,1.6,0.9,2025-08-21T18:05:00+09:30,PT5M
22,75,0,18,26,0,955.2,99,1.5,88,SUNNY,1.6,0.9,2025-08-21T18:10:00+09:30,PT5M
22,76,0,6,8,0,955.3,101,1.6,89,SUNNY,1.6,0.9,2025-08-21T18:15:00+09:30,PT5M
21,76,0,0,0,0,955.3,103,1.6,90,CLEAR,1.6,0.9,2025-08-21T18:20:00+09:30,PT5M
21,77,0,0,0,0,955.3,104,1.7,92,CLEAR,1.6,0.9,2025-08-21T18:25:00+09:30,PT5M
21,77,0,0,0,0,955.4,106,1.7,93,CLEAR,1.6,0.9,2025-08-21T18:30:00+09:30,PT5M
21,78,0,0,0,0,955.4,106,1.8,94,CLEAR,1.7,1,2025-08-21T18:35:00+09:30,PT5M
21,78,0,0,0,0,955.5,106,1.8,95,CLEAR,1.7,1,2025-08-21T18:40:00+09:30,PT5M
20,79,0,0,0,0,955.5,106,1.9,96,CLEAR,1.7,1,2025-08-21T18:45:00+09:30,PT5M
20,79,0,0,0,0,955.6,106,1.9,97,CLEAR,1.7,1,2025-08-21T18:50:00+09:30,PT5M
20,80,0,0,0,0,955.6,106,1.9,98,CLEAR,1.7,1,2025-08-21T18:55:00+09:30,PT5M
20,80,0,0,0,0,955.7,106,2,99,CLEAR,1.7,1,2025-08-21T19:00:00+09:30,PT5M
19,81,0,0,0,0,955.7,106,2,101,CLEAR,1.7,1,2025-08-21T19:05:00+09:30,PT5M
19,81,0,0,0,0,955.8,106,2,102,CLEAR,1.7,1,2025-08-21T19:10:00+09:30,PT5M
19,82,0,0,0,0,955.8,106,2.1,103,CLEAR,1.7,1.1,2025-08-21T19:15:00+09:30,PT5M
19,82,0,0,0,0,955.9,106,2.1,104,CLEAR,1.7,1.1,2025-08-21T19:20:00+09:30,PT5M
19,83,8.2,0,0,0,955.9,106,2.1,105,MOSTLY CLEAR,1.7,1.1,2025-08-21T19:25:00+09:30,PT5M
18,83,10.1,0,0,0,956,106,2.2,106,PARTLY CLOUDY,1.7,1.1,2025-08-21T19:30:00+09:30,PT5M
18,84,8.2,0,0,0,956,105,2.2,107,MOSTLY CLEAR,1.8,1.2,2025-08-21T19:35:00+09:30,PT5M
18,84,8.2,0,0,0,956.1,104,2.2,108,MOSTLY CLEAR,1.8,1.2,2025-08-21T19:40:00+09:30,PT5M
18,84,10.1,0,0,0,956.1,103,2.3,110,PARTLY CLOUDY,1.8,1.2,2025-08-21T19:45:00+09:30,PT5M
17,85,12.1,0,0,0,956.2,102,2.3,111,PARTLY CLOUDY,1.8,1.2,2025-08-21T19:50:00+09:30,PT5M
17,85,10.1,0,0,0,956.2,101,2.3,112,PARTLY CLOUDY,1.8,1.3,2025-08-21T19:55:00+09:30,PT5M
17,86,10.1,0,0,0,956.2,100,2.4,113,PARTLY CLOUDY,1.8,1.3,2025-08-21T20:00:00+09:30,PT5M
17,86,10.1,0,0,0,956.3,99,2.4,114,PARTLY CLOUDY,1.8,1.3,2025-08-21T20:05:00+09:30,PT5M
16,87,12.1,0,0,0,956.3,98,2.4,115,PARTLY CLOUDY,1.8,1.3,2025-08-21T20:10:00+09:30,PT5M
16,87,10.1,0,0,0,956.4,97,2.5,116,PARTLY CLOUDY,1.8,1.3,2025-08-21T20:15:00+09:30,PT5M
16,88,10.1,0,0,0,956.4,96,2.5,118,PARTLY CLOUDY,1.8,1.3,2025-08-21T20:20:00+09:30,PT5M
16,88,12.1,0,0,0,956.4,96,2.5,119,PARTLY CLOUDY,1.8,1.3,2025-08-21T20:25:00+09:30,PT5M
15,89,12.1,0,0,0,956.5,95,2.6,120,PARTLY CLOUDY,1.8,1.3,2025-08-21T20:30:00+09:30,PT5M
15,89,10.1,0,0,0,956.5,94,2.6,121,PARTLY CLOUDY,1.9,1.4,2025-08-21T20:35:00+09:30,PT5M
15,90,10.1,0,0,0,956.5,92,2.7,122,PARTLY CLOUDY,1.9,1.4,2025-08-21T20:40:00+09:30,PT5M
15,90,10.1,0,0,0,956.5,91,2.7,123,PARTLY CLOUDY,1.9,1.4,2025-08-21T20:45:00+09:30,PT5M
15,91,12.1,0,0,0,956.5,90,2.7,124,PARTLY CLOUDY,1.9,1.4,2025-08-21T20:50:00+09:30,PT5M
15,91,10.1,0,0,0,956.6,89,2.8,126,PARTLY CLOUDY,1.9,1.4,2025-08-21T20:55:00+09:30,PT5M
15,92,12.1,0,0,0,956.6,88,2.8,127,PARTLY CLOUDY,1.9,1.4,2025-08-21T21:00:00+09:30,PT5M
15,92,12.1,0,0,0,956.6,86,2.8,128,PARTLY CLOUDY,1.9,1.4,2025-08-21T21:05:00+09:30,PT5M
15,93,14,0,0,0,956.6,85,2.9,129,PARTLY CLOUDY,1.9,1.4,2025-08-21T21:10:00+09:30,PT5M
15,93,12.1,0,0,0,956.6,84,2.9,130,PARTLY CLOUDY,1.9,1.4,2025-08-21T21:15:00+09:30,PT5M
15,94,12.1,0,0,0,956.6,83,2.9,131,PARTLY CLOUDY,1.9,1.5,2025-08-21T21:20:00+09:30,PT5M
14,95,10.1,0,0,0,956.6,82,3,132,PARTLY CLOUDY,1.9,1.5,2025-08-21T21:25:00+09:30,PT5M
14,95,10.1,0,0,0,956.6,81,3,134,PARTLY CLOUDY,1.9,1.5,2025-08-21T21:30:00+09:30,PT5M
14,96,10.1,0,0,0,956.6,80,3,135,PARTLY CLOUDY,1.9,1.5,2025-08-21T21:35:00+09:30,PT5M
14,96,12.1,0,0,0,956.6,79,3.1,136,PARTLY CLOUDY,1.9,1.5,2025-08-21T21:40:00+09:30,PT5M
14,97,12.1,0,0,0,956.7,79,3.1,137,PARTLY CLOUDY,1.9,1.5,2025-08-21T21:45:00+09:30,PT5M
14,98,12.1,0,0,0,956.7,78,3.1,138,PARTLY CLOUDY,1.9,1.6,2025-08-21T21:50:00+09:30,PT5M
14,98,10.1,0,0,0,956.7,77,3.1,139,PARTLY CLOUDY,1.9,1.6,2025-08-21T21:55:00+09:30,PT5M
13,99,8.2,0,0,0,956.7,77,3.1,140,MOSTLY CLEAR,1.9,1.6,2025-08-21T22:00:00+09:30,PT5M
13,100,10.1,0,0,0,956.7,76,3.1,142,PARTLY CLOUDY,1.9,1.6,2025-08-21T22:05:00+09:30,PT5M
13,101,10.1,0,0,0,956.7,75,3.2,143,PARTLY CLOUDY,1.9,1.6,2025-08-21T22:10:00+09:30,PT5M
13,101,12.1,0,0,0,956.8,74,3.2,144,PARTLY CLOUDY,1.9,1.6,2025-08-21T22:15:00+09:30,PT5M
13,102,12.1,0,0,0,956.8,74,3.2,145,PARTLY CLOUDY,1.9,1.6,2025-08-21T22:20:00+09:30,PT5M
13,103,12.1,0,0,0,956.8,73,3.2,146,PARTLY CLOUDY,1.9,1.6,2025-08-21T22:25:00+09:30,PT5M
12,104,12.1,0,0,0,956.8,72,3.2,147,PARTLY CLOUDY,1.9,1.6,2025-08-21T22:30:00+09:30,PT5M
12,105,12.1,0,0,0,956.8,72,3.3,148,PARTLY CLOUDY,2,1.6,2025-08-21T22:35:00+09:30,PT5M
12,106,10.1,0,0,0,956.8,70,3.2,149,PARTLY CLOUDY,2,1.6,2025-08-21T22:40:00+09:30,PT5M
12,107,10.1,0,0,0,956.9,69,3.2,150,PARTLY CLOUDY,2,1.6,2025-08-21T22:45:00+09:30,PT5M
12,108,8.2,0,0,0,956.9,68,3.2,152,MOSTLY CLEAR,2,1.6,2025-08-21T22:50:00+09:30,PT5M
11,109,8.2,0,0,0,956.9,67,3.2,153,MOSTLY CLEAR,2,1.6,2025-08-21T22:55:00+09:30,PT5M
11,111,8.2,0,0,0,956.9,66,3.2,154,MOSTLY CLEAR,2,1.6,2025-08-21T23:00:00+09:30,PT5M
11,112,8.2,0,0,0,956.9,64,3.2,155,MOSTLY CLEAR,2,1.6,2025-08-21T23:05:00+09:30,PT5M
11,114,8.2,0,0,0,956.9,63,3.2,156,MOSTLY CLEAR,2,1.6,2025-08-21T23:10:00+09:30,PT5M
11,115,10.1,0,0,0,957,62,3.2,157,PARTLY CLOUDY,2,1.6,2025-08-21T23:15:00+09:30,PT5M
11,117,12.1,0,0,0,957,61,3.2,158,PARTLY CLOUDY,2,1.6,2025-08-21T23:20:00+09:30,PT5M
10,119,12.1,0,0,0,957,60,3.2,159,PARTLY CLOUDY,2,1.6,2025-08-21T23:25:00+09:30,PT5M
10,121,10.1,0,0,0,957,58,3.2,160,PARTLY CLOUDY,2,1.6,2025-08-21T23:30:00+09:30,PT5M
10,123,12.1,0,0,0,957,57,3.2,161,PARTLY CLOUDY,2,1.7,2025-08-21T23:35:00+09:30,PT5M
10,125,12.1,0,0,0,957,56,3.2,162,PARTLY CLOUDY,2,1.7,2025-08-21T23:40:00+09:30,PT5M
10,128,10.1,0,0,0,957,55,3.2,163,PARTLY CLOUDY,2,1.7,2025-08-21T23:45:00+09:30,PT5M
10,131,10.1,0,0,0,956.9,53,3.3,164,PARTLY CLOUDY,2,1.7,2025-08-21T23:50:00+09:30,PT5M
10,134,10.1,0,0,0,956.9,52,3.3,164,PARTLY CLOUDY,2,1.7,2025-08-21T23:55:00+09:30,PT5M
10,138,10.1,0,0,0,956.9,51,3.3,165,PARTLY CLOUDY,2,1.7,2025-08-22T00:00:00+09:30,PT5M
10,142,10.1,0,0,0,956.9,50,3.3,166,PARTLY CLOUDY,2,1.7,2025-08-22T00:05:00+09:30,PT5M
10,146,8.2,0,0,0,956.8,49,3.3,167,MOSTLY CLEAR,2,1.7,2025-08-22T00:10:00+09:30,PT5M
10,151,8.2,0,0,0,956.8,48,3.4,167,MOSTLY CLEAR,2,1.7,2025-08-22T00:15:00+09:30,PT5M
10,156,10.1,0,0,0,956.8,47,3.4,168,PARTLY CLOUDY,2.1,1.7,2025-08-22T00:20:00+09:30,PT5M
10,161,8.2,0,0,0,956.8,45,3.4,168,MOSTLY CLEAR,2.1,1.7,2025-08-22T00:25:00+09:30,PT5M
10,167,10.1,0,0,0,956.7,44,3.5,169,PARTLY CLOUDY,2.1,1.7,2025-08-22T00:30:00+09:30,PT5M
10,173,10.1,0,0,0,956.7,43,3.5,169,PARTLY CLOUDY,2.1,1.7,2025-08-22T00:35:00+09:30,PT5M
10,179,8.2,0,0,0,956.7,42,3.4,169,MOSTLY CLEAR,2.1,1.7,2025-08-22T00:40:00+09:30,PT5M
10,-174,8.2,0,0,0,956.7,41,3.4,169,MOSTLY CLEAR,2.1,1.7,2025-08-22T00:45:00+09:30,PT5M
10,-168,8.2,0,0,0,956.6,40,3.4,169,MOSTLY CLEAR,2.2,1.7,2025-08-22T00:50:00+09:30,PT5M
10,-162,8.2,0,0,0,956.6,39,3.4,168,MOSTLY CLEAR,2.2,1.7,2025-08-22T00:55:00+09:30,PT5M
10,-157,10.1,0,0,0,956.6,38,3.4,168,PARTLY CLOUDY,2.2,1.7,2025-08-22T01:00:00+09:30,PT5M
9,-152,10.1,0,0,0,956.6,37,3.4,167,PARTLY CLOUDY,2.2,1.7,2025-08-22T01:05:00+09:30,PT5M
9,-147,10.1,0,0,0,956.5,36,3.4,167,PARTLY CLOUDY,2.2,1.7,2025-08-22T01:10:00+09:30,PT5M
9,-142,10.1,0,0,0,956.5,34,3.4,166,PARTLY CLOUDY,2.2,1.7,2025-08-22T01:15:00+09:30,PT5M
9,-138,12.1,0,0,0,956.5,33,3.4,165,PARTLY CLOUDY,2.2,1.7,2025-08-22T01:20:00+09:30,PT5M
9,-135,8.2,0,0,0,956.4,32,3.4,165,MOSTLY CLEAR,2.2,1.7,2025-08-22T01:25:00+09:30,PT5M
9,-132,0,0,0,0,956.4,31,3.4,164,CLEAR,2.2,1.7,2025-08-22T01:30:00+09:30,PT5M
9,-129,0,0,0,0,956.4,30,3.4,163,CLEAR,2.3,1.8,2025-08-22T01:35:00+09:30,PT5M
9,-126,0,0,0,0,956.4,29,3.3,162,CLEAR,2.3,1.8,2025-08-22T01:40:00+09:30,PT5M
9,-123,0,0,0,0,956.4,28,3.3,161,CLEAR,2.3,1.8,2025-08-22T01:45:00+09:30,PT5M
9,-121,0,0,0,0,956.4,27,3.3,160,CLEAR,2.3,1.8,2025-08-22T01:50:00+09:30,PT5M
9,-119,0,0,0,0,956.3,26,3.3,159,CLEAR,2.3,1.8,2025-08-22T01:55:00+09:30,PT5M
9,-117,0,0,0,0,956.3,25,3.3,158,CLEAR,2.3,1.8,2025-08-22T02:00:00+09:30,PT5M
9,-116,0,0,0,0,956.3,24,3.3,157,CLEAR,2.3,1.8,2025-08-22T02:05:00+09:30,PT5M
9,-114,0,0,0,0,956.3,23,3.3,156,CLEAR,2.3,1.8,2025-08-22T02:10:00+09:30,PT5M
9,-112,0,0,0,0,956.3,22,3.3,155,CLEAR,2.4,1.8,2025-08-22T02:15:00+09:30,PT5M
9,-111,0,0,0,0,956.3,21,3.3,154,CLEAR,2.4,1.8,2025-08-22T02:20:00+09:30,PT5M
9,-110,0,0,0,0,956.2,19,3.3,153,CLEAR,2.4,1.8,2025-08-22T02:25:00+09:30,PT5M
8,-109,0,0,0,0,956.2,18,3.3,152,CLEAR,2.4,1.8,2025-08-22T02:30:00+09:30,PT5M
8,-107,0,0,0,0,956.2,17,3.3,151,CLEAR,2.5,1.8,2025-08-22T02:35:00+09:30,PT5M
8,-106,0,0,0,0,956.2,17,3.3,150,CLEAR,2.5,1.8,2025-08-22T02:40:00+09:30,PT5M
8,-105,8.2,0,0,0,956.2,16,3.3,148,MOSTLY CLEAR,2.5,1.8,2025-08-22T02:45:00+09:30,PT5M
8,-104,8.2,0,0,0,956.2,15,3.3,147,MOSTLY CLEAR,2.5,1.8,2025-08-22T02:50:00+09:30,PT5M
8,-103,0,0,0,0,956.2,14,3.3,146,CLEAR,2.6,1.8,2025-08-22T02:55:00+09:30,PT5M
8,-103,0,0,0,0,956.2,13,3.3,145,CLEAR,2.6,1.8,2025-08-22T03:00:00+09:30,PT5M
8,-102,0,0,0,0,956.2,13,3.3,144,CLEAR,2.6,1.8,2025-08-22T03:05:00+09:30,PT5M
8,-101,0,0,0,0,956.1,12,3.4,143,CLEAR,2.6,1.8,2025-08-22T03:10:00+09:30,PT5M
8,-100,0,0,0,0,956.1,11,3.4,142,CLEAR,2.6,1.8,2025-08-22T03:15:00+09:30,PT5M
8,-99,8.2,0,0,0,956.1,10,3.4,141,MOSTLY CLEAR,2.7,1.8,2025-08-22T03:20:00+09:30,PT5M
8,-99,8.2,0,0,0,956.1,9,3.4,139,MOSTLY CLEAR,2.7,1.8,2025-08-22T03:25:00+09:30,PT5M
8,-98,8.2,0,0,0,956.1,9,3.4,138,MOSTLY CLEAR,2.7,1.8,2025-08-22T03:30:00+09:30,PT5M
8,-97,8.2,0,0,0,956.1,8,3.4,137,MOSTLY CLEAR,2.7,1.9,2025-08-22T03:35:00+09:30,PT5M
8,-97,8.2,0,0,0,956.1,7,3.5,136,MOSTLY CLEAR,2.7,1.9,2025-08-22T03:40:00+09:30,PT5M
8,-96,8.2,0,0,0,956.2,7,3.5,135,MOSTLY CLEAR,2.7,1.9,2025-08-22T03:45:00+09:30,PT5M
8,-95,8.2,0,0,0,956.2,6,3.5,134,MOSTLY CLEAR,2.8,1.9,2025-08-22T03:50:00+09:30,PT5M
8,-95,8.2,0,0,0,956.2,6,3.5,133,MOSTLY CLEAR,2.8,1.9,2025-08-22T03:55:00+09:30,PT5M
8,-94,8.2,0,0,0,956.2,5,3.5,132,MOSTLY CLEAR,2.8,1.9,2025-08-22T04:00:00+09:30,PT5M
8,-94,8.2,0,0,0,956.2,5,3.5,130,MOSTLY CLEAR,2.8,1.9,2025-08-22T04:05:00+09:30,PT5M
8,-93,8.2,0,0,0,956.2,4,3.5,129,MOSTLY CLEAR,2.8,1.9,2025-08-22T04:10:00+09:30,PT5M
8,-93,8.2,0,0,0,956.3,4,3.5,128,MOSTLY CLEAR,2.9,1.9,2025-08-22T04:15:00+09:30,PT5M
8,-92,8.2,0,0,0,956.3,3,3.6,127,MOSTLY CLEAR,2.9,1.9,2025-08-22T04:20:00+09:30,PT5M
8,-92,0,0,0,0,956.3,2,3.6,126,CLEAR,2.9,1.9,2025-08-22T04:25:00+09:30,PT5M
8,-91,8.2,0,0,0,956.3,2,3.6,125,MOSTLY CLEAR,2.9,1.9,2025-08-22T04:30:00+09:30,PT5M
8,-90,8.2,0,0,0,956.3,1,3.6,124,MOSTLY CLEAR,3,2,2025-08-22T04:35:00+09:30,PT5M
8,-90,10.1,0,0,0,956.3,1,3.6,122,PARTLY CLOUDY,3,2,2025-08-22T04:40:00+09:30,PT5M
8,-89,10.1,0,0,0,956.3,1,3.7,121,PARTLY CLOUDY,3,2,2025-08-22T04:45:00+09:30,PT5M
8,-89,10.1,0,0,0,956.3,0,3.7,120,PARTLY CLOUDY,3,2,2025-08-22T04:50:00+09:30,PT5M
8,-89,8.2,0,0,0,956.3,360,3.7,119,MOSTLY CLEAR,3.1,2,2025-08-22T04:55:00+09:30,PT5M
8,-88,10.1,0,0,0,956.4,359,3.7,118,PARTLY CLOUDY,3.1,2,2025-08-22T05:00:00+09:30,PT5M
9,-88,8.2,0,0,0,956.4,359,3.8,117,MOSTLY CLEAR,3.1,2,2025-08-22T05:05:00+09:30,PT5M
9,-87,10.1,0,0,0,956.4,359,3.8,116,PARTLY CLOUDY,3.2,2,2025-08-22T05:10:00+09:30,PT5M
9,-87,10.1,0,0,0,956.4,358,3.8,114,PARTLY CLOUDY,3.2,2,2025-08-22T05:15:00+09:30,PT5M
9,-86,10.1,0,0,0,956.4,358,3.8,113,PARTLY CLOUDY,3.2,2,2025-08-22T05:20:00+09:30,PT5M
9,-86,10.1,0,0,0,956.4,358,3.9,112,PARTLY CLOUDY,3.2,2,2025-08-22T05:25:00+09:30,PT5M
9,-85,8.2,0,0,0,956.4,357,3.9,111,MOSTLY CLEAR,3.3,2,2025-08-22T05:30:00+09:30,PT5M
9,-85,8.2,0,0,0,956.4,357,3.9,110,MOSTLY CLEAR,3.3,2,2025-08-22T05:35:00+09:30,PT5M
9,-84,8.2,0,0,0,956.5,357,3.9,109,MOSTLY CLEAR,3.4,2,2025-08-22T05:40:00+09:30,PT5M
9,-84,8.2,0,0,0,956.6,356,3.9,108,MOSTLY CLEAR,3.4,2,2025-08-22T05:45:00+09:30,PT5M
9,-83,8.2,0,0,0,956.6,356,3.9,106,MOSTLY CLEAR,3.4,2,2025-08-22T05:50:00+09:30,PT5M
9,-83,8.2,0,0,0,956.7,356,3.9,105,MOSTLY CLEAR,3.4,2,2025-08-22T05:55:00+09:30,PT5M
9,-82,8.2,0,0,0,956.7,356,3.9,104,MOSTLY CLEAR,3.5,2,2025-08-22T06:00:00+09:30,PT5M
9,-82,8.2,0,0,0,956.8,355,3.9,103,MOSTLY CLEAR,3.5,2,2025-08-22T06:05:00+09:30,PT5M
9,-81,8.2,0,0,0,956.9,355,3.9,102,MOSTLY CLEAR,3.4,2,2025-08-22T06:10:00+09:30,PT5M
9,-81,8.2,0,0,0,956.9,355,3.9,101,MOSTLY CLEAR,3.4,2,2025-08-22T06:15:00+09:30,PT5M
9,-81,10.1,0,0,0,957,355,3.9,100,PARTLY CLOUDY,3.4,2,2025-08-22T06:20:00+09:30,PT5M
9,-80,8.2,0,0,0,957,355,3.9,98,MOSTLY CLEAR,3.3,2,2025-08-22T06:25:00+09:30,PT5M
8,-80,8.2,0,0,0,957.1,354,3.9,97,MOSTLY CLEAR,3.3,2,2025-08-22T06:30:00+09:30,PT5M
9,-79,8.2,0,0,0,957.1,354,3.9,96,MOSTLY CLEAR,3.2,2.1,2025-08-22T06:35:00+09:30,PT5M
9,-79,8.2,0,0,0,957.1,354,3.9,95,MOSTLY CLEAR,3.2,2.1,2025-08-22T06:40:00+09:30,PT5M
9,-78,0,0,0,0,957.1,354,3.9,94,CLEAR,3.1,2.1,2025-08-22T06:45:00+09:30,PT5M
9,-78,8.2,0,0,0,957.1,353,3.9,93,MOSTLY CLEAR,3.1,2.1,2025-08-22T06:50:00+09:30,PT5M
9,-77,0,0,0,0,957.2,353,3.9,92,CLEAR,3.1,2.1,2025-08-22T06:55:00+09:30,PT5M
9,-77,8.2,0,0,0,957.2,353,3.9,91,MOSTLY CLEAR,3,2.1,2025-08-22T07:00:00+09:30,PT5M
9,-76,0,4,5,0,957.2,353,3.9,89,SUNNY,3,2.1,2025-08-22T07:05:00+09:30,PT5M
9,-76,8.2,15,19,0,957.2,352,3.9,88,MOSTLY SUNNY,2.9,2.1,2025-08-22T07:10:00+09:30,PT5M
9,-75,8.2,27,39,0,957.2,352,3.9,87,MOSTLY SUNNY,2.8,2.1,2025-08-22T07:15:00+09:30,PT5M
10,-75,0,44,76,0,957.2,352,3.9,86,SUNNY,2.7,2.1,2025-08-22T07:20:00+09:30,PT5M
10,-74,0,61,113,0,957.2,352,3.9,85,SUNNY,2.6,2.1,2025-08-22T07:25:00+09:30,PT5M
10,-74,0,77,137,0,957.2,351,3.9,84,SUNNY,2.5,2.1,2025-08-22T07:30:00+09:30,PT5M
10,-73,0,95,160,0,957.2,351,3.9,83,SUNNY,2.4,2.1,2025-08-22T07:35:00+09:30,PT5M
11,-73,0,113,183,0,957.3,351,4,82,SUNNY,2.3,2.1,2025-08-22T07:40:00+09:30,PT5M
11,-72,0,132,206,0,957.4,350,4,81,SUNNY,2.2,2.1,2025-08-22T07:45:00+09:30,PT5M
12,-71,0,151,229,0,957.4,350,4,80,SUNNY,2.1,2.1,2025-08-22T07:50:00+09:30,PT5M
12,-71,0,170,252,0,957.5,350,4,79,SUNNY,2.1,2.1,2025-08-22T07:55:00+09:30,PT5M
13,-70,0,189,275,0,957.5,349,4,77,SUNNY,2.1,2.1,2025-08-22T08:00:00+09:30,PT5M
14,-70,0,208,298,0,957.6,349,4,76,SUNNY,2.1,2.1,2025-08-22T08:05:00+09:30,PT5M
14,-69,0,228,321,0,957.7,349,4,75,SUNNY,2.1,2.1,2025-08-22T08:10:00+09:30,PT5M
15,-68,0,247,344,0,957.7,348,4,74,SUNNY,2.1,2.1,2025-08-22T08:15:00+09:30,PT5M
15,-68,0,267,366,0,957.8,348,4,73,SUNNY,2,2,2025-08-22T08:20:00+09:30,PT5M
16,-67,0,286,389,0,957.8,348,4,72,SUNNY,2,2,2025-08-22T08:25:00+09:30,PT5M
16,-67,0,305,411,0,957.9,347,4,71,SUNNY,2,2,2025-08-22T08:30:00+09:30,PT5M
17,-66,0,324,433,0,957.9,347,4,70,SUNNY,2,2,2025-08-22T08:35:00+09:30,PT5M
17,-65,0,343,455,0,957.9,347,4,69,SUNNY,2,2,2025-08-22T08:40:00+09:30,PT5M
17,-64,0,362,476,0,957.8,347,4,68,SUNNY,2,2,2025-08-22T08:45:00+09:30,PT5M
18,-64,0,381,498,0,957.8,347,4,67,SUNNY,1.9,1.9,2025-08-22T08:50:00+09:30,PT5M
18,-63,0,400,519,0,957.8,347,4,66,SUNNY,1.9,1.9,2025-08-22T08:55:00+09:30,PT5M
18,-62,0,418,540,0,957.7,347,4,65,SUNNY,1.9,1.9,2025-08-22T09:00:00+09:30,PT5M
18,-62,0,436,560,0,957.7,347,4.1,64,SUNNY,1.8,1.8,2025-08-22T09:05:00+09:30,PT5M
19,-61,0,454,581,0,957.7,347,4.1,63,SUNNY,1.7,1.7,2025-08-22T09:10:00+09:30,PT5M
19,-60,0,472,600,0,957.6,347,4.1,62,SUNNY,1.5,1.5,2025-08-22T09:15:00+09:30,PT5M
19,-59,0,489,620,0,957.6,347,4.1,61,SUNNY,1.4,1.4,2025-08-22T09:20:00+09:30,PT5M
19,-58,0,506,639,0,957.6,347,4.1,60,SUNNY,1.3,1.3,2025-08-22T09:25:00+09:30,PT5M
20,-57,0,523,658,0,957.5,347,4.1,59,SUNNY,1.1,1.1,2025-08-22T09:30:00+09:30,PT5M
20,-57,0,541,678,0,957.5,347,4.1,58,SUNNY,1,1,2025-08-22T09:35:00+09:30,PT5M
20,-56,0,557,696,0,957.5,347,4.1,57,SUNNY,0.8,0.8,2025-08-22T09:40:00+09:30,PT5M
20,-55,0,573,714,0,957.5,347,4.1,56,SUNNY,0.7,0.7,2025-08-22T09:45:00+09:30,PT5M
21,-54,0,589,732,0,957.5,346,4.1,55,SUNNY,0.6,0.6,2025-08-22T09:50:00+09:30,PT5M
21,-53,0,604,749,0,957.4,346,4.2,54,SUNNY,0.4,0.4,2025-08-22T09:55:00+09:30,PT5M
21,-52,0,619,765,0,957.4,346,4.2,53,SUNNY,0.3,0.3,2025-08-22T10:00:00+09:30,PT5M
21,-51,0,633,782,0,957.4,345,4.2,52,SUNNY,0.3,0.2,2025-08-22T10:05:00+09:30,PT5M
22,-50,0,647,797,0,957.4,345,4.2,51,SUNNY,0.3,0.2,2025-08-22T10:10:00+09:30,PT5M
22,-48,0,661,813,0,957.4,345,4.2,51,SUNNY,0.3,0.2,2025-08-22T10:15:00+09:30,PT5M
22,-47,0,674,828,0,957.4,344,4.2,50,SUNNY,0.3,0.2,2025-08-22T10:20:00+09:30,PT5M
22,-46,0,687,842,0,957.3,344,4.2,49,SUNNY,0.3,0.2,2025-08-22T10:25:00+09:30,PT5M
23,-45,0,700,856,0,957.3,344,4.3,48,SUNNY,0.3,0.2,2025-08-22T10:30:00+09:30,PT5M
23,-44,0,712,870,0,957.3,343,4.2,47,SUNNY,0.4,0.3,2025-08-22T10:35:00+09:30,PT5M
23,-42,0,724,883,0,957.3,343,4.1,47,SUNNY,0.4,0.3,2025-08-22T10:40:00+09:30,PT5M
23,-41,0,735,895,0,957.2,342,4,46,SUNNY,0.4,0.3,2025-08-22T10:45:00+09:30,PT5M
24,-40,0,746,907,0,957.2,342,3.9,45,SUNNY,0.4,0.3,2025-08-22T10:50:00+09:30,PT5M
24,-38,0,756,919,0,957.2,341,3.7,44,SUNNY,0.4,0.3,2025-08-22T10:55:00+09:30,PT5M
24,-37,0,766,930,0,957.1,341,3.6,44,SUNNY,0.4,0.3,2025-08-22T11:00:00+09:30,PT5M
24,-35,0,776,940,0,957.1,340,3.5,43,SUNNY,0.4,0.3,2025-08-22T11:05:00+09:30,PT5M
25,-34,0,785,950,0,957.1,339,3.4,42,SUNNY,0.4,0.3,2025-08-22T11:10:00+09:30,PT5M
25,-32,0,793,960,0,957,338,3.3,42,SUNNY,0.4,0.3,2025-08-22T11:15:00+09:30,PT5M
25,-31,0,801,969,0,957,338,3.2,41,SUNNY,0.5,0.3,2025-08-22T11:20:00+09:30,PT5M
25,-29,0,809,977,0,957,337,3,40,SUNNY,0.5,0.3,2025-08-22T11:25:00+09:30,PT5M
26,-27,0,816,985,0,956.9,336,2.9,40,SUNNY,0.5,0.3,2025-08-22T11:30:00+09:30,PT5M
26,-26,0,823,993,0,956.9,335,2.8,39,SUNNY,0.5,0.4,2025-08-22T11:35:00+09:30,PT5M
26,-24,0,829,1000,0,956.8,334,2.6,39,SUNNY,0.5,0.4,2025-08-22T11:40:00+09:30,PT5M
26,-22,0,835,1006,0,956.7,333,2.5,39,SUNNY,0.5,0.4,2025-08-22T11:45:00+09:30,PT5M
26,-20,0,840,1011,0,956.7,332,2.3,38,SUNNY,0.6,0.4,2025-08-22T11:50:00+09:30,PT5M
26,-18,0,844,1017,0,956.6,331,2.2,38,SUNNY,0.6,0.4,2025-08-22T11:55:00+09:30,PT5M
26,-16,0,849,1021,0,956.5,330,2,37,SUNNY,0.6,0.4,2025-08-22T12:00:00+09:30,PT5M
26,-14,0,852,1025,0,956.5,329,1.9,37,SUNNY,0.8,0.4,2025-08-22T12:05:00+09:30,PT5M
26,-12,0,855,1029,0,956.4,327,1.8,37,SUNNY,1.3,0.4,2025-08-22T12:10:00+09:30,PT5M
26,-10,0,858,1032,0,956.3,325,1.6,37,SUNNY,1.7,0.4,2025-08-22T12:15:00+09:30,PT5M
26,-8,0,860,1034,0,956.3,323,1.5,36,SUNNY,2.2,0.4,2025-08-22T12:20:00+09:30,PT5M
26,-6,0,862,1036,0,956.2,320,1.3,36,SUNNY,2.6,0.4,2025-08-22T12:25:00+09:30,PT5M
26,-4,0,863,1037,0,956.1,317,1.2,36,SUNNY,3.1,0.4,2025-08-22T12:30:00+09:30,PT5M
26,-2,0,864,1038,0,956.1,314,1.1,36,SUNNY,3.5,0.5,2025-08-22T12:35:00+09:30,PT5M
26,0,0,864,1038,0,956,311,1,36,SUNNY,4,0.5,2025-08-22T12:40:00+09:30,PT5M
26,2,0,864,1037,0,956,307,0.9,36,SUNNY,4.4,0.5,2025-08-22T12:45:00+09:30,PT5M
26,4,0,863,1037,0,955.9,303,0.9,36,SUNNY,4.9,0.5,2025-08-22T12:50:00+09:30,PT5M
27,6,0,861,1035,0,955.8,298,0.8,36,SUNNY,5.3,0.5,2025-08-22T12:55:00+09:30,PT5M
27,8,0,859,1033,0,955.8,293,0.8,36,SUNNY,5.8,0.5,2025-08-22T13:00:00+09:30,PT5M
27,10,0,857,1030,0,955.7,286,0.7,37,SUNNY,6.4,0.5,2025-08-22T13:05:00+09:30,PT5M
27,12,0,854,1027,0,955.7,279,0.7,37,SUNNY,7.3,0.5,2025-08-22T13:10:00+09:30,PT5M
27,14,0,851,1024,0,955.6,272,0.7,37,SUNNY,8.2,0.5,2025-08-22T13:15:00+09:30,PT5M
27,16,0,847,1019,0,955.5,264,0.6,37,SUNNY,9.1,0.5,2025-08-22T13:20:00+09:30,PT5M
27,18,0,843,1015,0,955.5,255,0.6,38,SUNNY,10,0.5,2025-08-22T13:25:00+09:30,PT5M
27,20,0,838,1009,0,955.4,247,0.7,38,SUNNY,10.9,0.5,2025-08-22T13:30:00+09:30,PT5M
27,22,0,833,1003,0,955.4,241,0.7,38,SUNNY,11.8,0.5,2025-08-22T13:35:00+09:30,PT5M
27,24,0,827,997,0,955.4,237,0.7,39,SUNNY,12.7,0.5,2025-08-22T13:40:00+09:30,PT5M
27,25,0,821,990,0,955.3,233,0.8,39,SUNNY,13.6,0.5,2025-08-22T13:45:00+09:30,PT5M
27,27,0,814,983,0,955.3,230,0.8,40,SUNNY,14.5,0.5,2025-08-22T13:50:00+09:30,PT5M
27,29,0,807,975,0,955.2,227,0.9,40,SUNNY,15.4,0.5,2025-08-22T13:55:00+09:30,PT5M
27,31,0,799,966,0,955.2,224,0.9,41,SUNNY,16.3,0.5,2025-08-22T14:00:00+09:30,PT5M
27,32,0,791,957,0,955.2,222,1,42,SUNNY,17.2,0.5,2025-08-22T14:05:00+09:30,PT5M
27,34,0,783,948,0,955.1,220,1,42,SUNNY,18,0.5,2025-08-22T14:10:00+09:30,PT5M
27,35,0,773,937,0,955.1,218,1.1,43,SUNNY,19,0.5,2025-08-22T14:15:00+09:30,PT5M
27,37,0,764,927,0,955.1,216,1.2,43,SUNNY,19.9,0.5,2025-08-22T14:20:00+09:30,PT5M
27,38,0,754,915,0,955,215,1.2,44,SUNNY,20.8,0.5,2025-08-22T14:25:00+09:30,PT5M
28,40,0,743,904,0,955,213,1.3,45,SUNNY,21.7,0.5,2025-08-22T14:30:00+09:30,PT5M
28,41,0,732,892,0,955,212,1.3,46,SUNNY,22.6,0.5,2025-08-22T14:35:00+09:30,PT5M
28,42,0,721,879,0,954.9,210,1.4,46,SUNNY,23.5,0.5,2025-08-22T14:40:00+09:30,PT5M
28,44,0,709,866,0,954.9,208,1.4,47,SUNNY,24.4,0.5,2025-08-22T14:45:00+09:30,PT5M
28,45,0,697,852,0,954.8,207,1.4,48,SUNNY,25.2,0.5,2025-08-22T14:50:00+09:30,PT5M
28,46,0,685,838,0,954.8,205,1.5,49,SUNNY,26.2,0.5,2025-08-22T14:55:00+09:30,PT5M
28,47,0,672,824,0,954.7,204,1.5,50,SUNNY,27,0.5,2025-08-22T15:00:00+09:30,PT5M
28,48,0,658,808,0,954.7,203,1.5,50,SUNNY,27.7,0.9,2025-08-22T15:05:00+09:30,PT5M
28,50,0,643,792,0,954.6,201,1.6,51,SUNNY,28,1.6,2025-08-22T15:10:00+09:30,PT5M
28,51,0,629,775,0,954.6,200,1.6,52,SUNNY,28.3,2.3,2025-08-22T15:15:00+09:30,PT5M
28,52,0,614,757,0,954.5,199,1.7,53,SUNNY,28.7,3.1,2025-08-22T15:20:00+09:30,PT5M
28,53,0,598,740,0,954.5,198,1.7,54,SUNNY,29,3.8,2025-08-22T15:25:00+09:30,PT5M
28,54,0,582,721,0,954.4,197,1.8,55,SUNNY,29.3,4.5,2025-08-22T15:30:00+09:30,PT5M
28,55,0,566,703,0,954.4,196,1.8,56,SUNNY,29.7,5.3,2025-08-22T15:35:00+09:30,PT5M
28,56,0,549,683,0,954.4,195,1.8,57,SUNNY,30,6,2025-08-22T15:40:00+09:30,PT5M
28,56,0,532,664,0,954.4,194,1.9,58,SUNNY,30.3,6.7,2025-08-22T15:45:00+09:30,PT5M
28,57,0,515,644,0,954.4,193,1.9,59,SUNNY,30.7,7.5,2025-08-22T15:50:00+09:30,PT5M
28,58,0,497,623,0,954.4,192,2,60,SUNNY,31,8.2,2025-08-22T15:55:00+09:30,PT5M
28,59,0,479,602,0,954.4,192,2,61,SUNNY,31.3,8.9,2025-08-22T16:00:00+09:30,PT5M
28,60,0,461,581,0,954.4,191,2.1,62,SUNNY,31.4,9.3,2025-08-22T16:05:00+09:30,PT5M
28,61,0,443,561,0,954.5,190,2.1,63,SUNNY,31.2,9.2,2025-08-22T16:10:00+09:30,PT5M
28,61,0,425,541,0,954.5,190,2.2,64,SUNNY,31,9.1,2025-08-22T16:15:00+09:30,PT5M
28,62,0,407,520,0,954.5,189,2.2,65,SUNNY,30.7,9,2025-08-22T16:20:00+09:30,PT5M
28,63,0,389,499,0,954.5,188,2.2,66,SUNNY,30.5,9,2025-08-22T16:25:00+09:30,PT5M
28,64,0,371,478,0,954.5,188,2.3,67,SUNNY,30.3,8.9,2025-08-22T16:30:00+09:30,PT5M
28,64,0,352,457,0,954.5,187,2.3,68,SUNNY,30.1,8.8,2025-08-22T16:35:00+09:30,PT5M
28,65,0,333,435,0,954.5,185,2.4,69,SUNNY,29.9,8.7,2025-08-22T16:40:00+09:30,PT5M
27,66,0,314,413,0,954.5,184,2.4,70,SUNNY,29.7,8.7,2025-08-22T16:45:00+09:30,PT5M
27,66,0,295,391,0,954.5,183,2.4,71,SUNNY,29.4,8.6,2025-08-22T16:50:00+09:30,PT5M
27,67,0,276,368,0,954.5,182,2.5,72,SUNNY,29.2,8.5,2025-08-22T16:55:00+09:30,PT5M
27,68,0,257,346,0,954.5,181,2.5,73,SUNNY,29,8.4,2025-08-22T17:00:00+09:30,PT5M
27,68,0,238,323,0,954.5,179,2.5,74,SUNNY,28.8,8.4,2025-08-22T17:05:00+09:30,PT5M
27,69,0,219,301,0,954.6,178,2.6,75,SUNNY,28.6,8.4,2025-08-22T17:10:00+09:30,PT5M
26,70,0,200,278,0,954.6,177,2.6,76,SUNNY,28.3,8.4,2025-08-22T17:15:00+09:30,PT5M
26,70,0,181,255,0,954.6,176,2.6,77,SUNNY,28.1,8.3,2025-08-22T17:20:00+09:30,PT5M
26,71,0,162,232,0,954.6,175,2.7,78,SUNNY,27.9,8.3,2025-08-22T17:25:00+09:30,PT5M
26,71,0,144,208,0,954.6,174,2.7,79,SUNNY,27.7,8.3,2025-08-22T17:30:00+09:30,PT5M
26,72,0,125,185,0,954.6,173,2.7,80,SUNNY,27.4,8.3,2025-08-22T17:35:00+09:30,PT5M
26,73,0,107,162,0,954.7,172,2.7,82,SUNNY,27.2,8.3,2025-08-22T17:40:00+09:30,PT5M
25,73,0,90,139,0,954.7,171,2.7,83,SUNNY,27,8.3,2025-08-22T17:45:00+09:30,PT5M
25,74,0,73,117,0,954.8,170,2.7,84,SUNNY,26.8,8.2,2025-08-22T17:50:00+09:30,PT5M
25,74,0,57,94,0,954.8,169,2.6,85,SUNNY,26.5,8.2,2025-08-22T17:55:00+09:30,PT5M
25,75,8.2,39,52,0,954.9,167,2.6,86,MOSTLY SUNNY,26.3,8.2,2025-08-22T18:00:00+09:30,PT5M
24,75,8.2,26,32,0,954.9,166,2.6,87,MOSTLY SUNNY,26.1,8.2,2025-08-22T18:05:00+09:30,PT5M
24,76,8.2,15,16,0,955,165,2.6,88,MOSTLY SUNNY,26,8.2,2025-08-22T18:10:00+09:30,PT5M
24,76,0,5,6,0,955,164,2.6,89,SUNNY,25.8,8.2,2025-08-22T18:15:00+09:30,PT5M
24,77,0,0,0,0,955.1,163,2.6,90,CLEAR,25.7,8.2,2025-08-22T18:20:00+09:30,PT5M
23,77,0,0,0,0,955.1,161,2.6,91,CLEAR,25.5,8.2,2025-08-22T18:25:00+09:30,PT5M
23,78,8.2,0,0,0,955.2,160,2.6,93,MOSTLY CLEAR,25.4,8.2,2025-08-22T18:30:00+09:30,PT5M
23,78,0,0,0,0,955.2,159,2.6,94,CLEAR,25.2,8.1,2025-08-22T18:35:00+09:30,PT5M
23,79,0,0,0,0,955.3,158,2.6,95,CLEAR,25.1,8.1,2025-08-22T18:40:00+09:30,PT5M
22,79,0,0,0,0,955.4,157,2.6,96,CLEAR,24.9,8.1,2025-08-22T18:45:00+09:30,PT5M
22,80,0,0,0,0,955.4,157,2.6,97,CLEAR,24.8,8.1,2025-08-22T18:50:00+09:30,PT5M
22,80,0,0,0,0,955.5,156,2.7,98,CLEAR,24.6,8.1,2025-08-22T18:55:00+09:30,PT5M
22,81,0,0,0,0,955.6,155,2.7,99,CLEAR,24.5,8.1,2025-08-22T19:00:00+09:30,PT5M
21,81,0,0,0,0,955.6,154,2.7,100,CLEAR,24.4,8.1,2025-08-22T19:05:00+09:30,PT5M
21,82,0,0,0,0,955.7,154,2.7,102,CLEAR,24.3,8.1,2025-08-22T19:10:00+09:30,PT5M
21,82,0,0,0,0,955.8,153,2.8,103,CLEAR,24.2,8.1,2025-08-22T19:15:00+09:30,PT5M
21,83,8.2,0,0,0,955.8,152,2.8,104,MOSTLY CLEAR,24.1,8.1,2025-08-22T19:20:00+09:30,PT5M
21,83,8.2,0,0,0,955.9,152,2.8,105,MOSTLY CLEAR,24.1,8.1,2025-08-22T19:25:00+09:30,PT5M
20,83,0,0,0,0,956,151,2.9,106,CLEAR,24,8.1,2025-08-22T19:30:00+09:30,PT5M
20,84,0,0,0,0,956,150,2.9,107,CLEAR,23.9,8,2025-08-22T19:35:00+09:30,PT5M
20,84,0,0,0,0,956.1,150,2.9,108,CLEAR,23.8,8,2025-08-22T19:40:00+09:30,PT5M
20,85,8.2,0,0,0,956.2,149,2.9,110,MOSTLY CLEAR,23.8,8,2025-08-22T19:45:00+09:30,PT5M
19,85,8.2,0,0,0,956.2,149,2.9,111,MOSTLY CLEAR,23.7,8,2025-08-22T19:50:00+09:30,PT5M
19,86,0,0,0,0,956.3,148,2.9,112,CLEAR,23.6,8,2025-08-22T19:55:00+09:30,PT5M
19,86,0,0,0,0,956.4,147,2.9,113,CLEAR,23.5,8,2025-08-22T20:00:00+09:30,PT5M
19,87,0,0,0,0,956.4,147,2.9,114,CLEAR,23.5,8,2025-08-22T20:05:00+09:30,PT5M
19,87,0,0,0,0,956.5,146,2.9,115,CLEAR,23.4,8,2025-08-22T20:10:00+09:30,PT5M
18,88,0,0,0,0,956.6,146,2.9,116,CLEAR,23.3,8,2025-08-22T20:15:00+09:30,PT5M
18,88,0,0,0,0,956.6,145,2.9,118,CLEAR,23.2,8,2025-08-22T20:20:00+09:30,PT5M
18,89,0,0,0,0,956.7,144,2.9,119,CLEAR,23.2,8,2025-08-22T20:25:00+09:30,PT5M
18,89,0,0,0,0,956.8,144,2.9,120,CLEAR,23.1,8,2025-08-22T20:30:00+09:30,PT5M
18,90,8.2,0,0,0,956.8,143,2.9,121,MOSTLY CLEAR,23,8,2025-08-22T20:35:00+09:30,PT5M
17,90,8.2,0,0,0,956.8,142,2.8,122,MOSTLY CLEAR,22.9,8,2025-08-22T20:40:00+09:30,PT5M
17,91,8.2,0,0,0,956.8,142,2.8,123,MOSTLY CLEAR,22.9,8,2025-08-22T20:45:00+09:30,PT5M
17,91,8.2,0,0,0,956.8,141,2.8,124,MOSTLY CLEAR,22.8,8,2025-08-22T20:50:00+09:30,PT5M
17,92,8.2,0,0,0,956.8,140,2.8,126,MOSTLY CLEAR,22.7,8,2025-08-22T20:55:00+09:30,PT5M
17,92,8.2,0,0,0,956.8,139,2.8,127,MOSTLY CLEAR,22.6,8,2025-08-22T21:00:00+09:30,PT5M
17,93,10.1,0,0,0,956.8,138,2.8,128,PARTLY CLOUDY,22.6,8,2025-08-22T21:05:00+09:30,PT5M
17,93,10.1,0,0,0,956.8,137,2.8,129,PARTLY CLOUDY,22.5,8,2025-08-22T21:10:00+09:30,PT5M
17,94,8.2,0,0,0,956.8,137,2.8,130,MOSTLY CLEAR,22.4,8,2025-08-22T21:15:00+09:30,PT5M
17,94,10.1,0,0,0,956.8,136,2.8,131,PARTLY CLOUDY,22.3,8,2025-08-22T21:20:00+09:30,PT5M
17,95,10.1,0,0,0,956.8,135,2.8,132,PARTLY CLOUDY,22.2,8,2025-08-22T21:25:00+09:30,PT5M
17,96,10.1,0,0,0,956.8,134,2.8,134,PARTLY CLOUDY,22.1,8,2025-08-22T21:30:00+09:30,PT5M
17,96,10.1,0,0,0,956.8,133,2.7,135,PARTLY CLOUDY,22.1,8,2025-08-22T21:35:00+09:30,PT5M
17,97,10.1,0,0,0,956.9,131,2.7,136,PARTLY CLOUDY,22,8,2025-08-22T21:40:00+09:30,PT5M
16,98,10.1,0,0,0,956.9,129,2.7,137,PARTLY CLOUDY,21.9,8,2025-08-22T21:45:00+09:30,PT5M
16,98,8.2,0,0,0,957,128,2.7,138,MOSTLY CLEAR,21.8,8,2025-08-22T21:50:00+09:30,PT5M
16,99,10.1,0,0,0,957,126,2.7,139,PARTLY CLOUDY,21.7,8,2025-08-22T21:55:00+09:30,PT5M
16,100,10.1,0,0,0,957,124,2.6,140,PARTLY CLOUDY,21.6,8,2025-08-22T22:00:00+09:30,PT5M
16,100,8.2,0,0,0,957.1,123,2.6,141,MOSTLY CLEAR,21.6,8,2025-08-22T22:05:00+09:30,PT5M
16,101,8.2,0,0,0,957.1,121,2.6,143,MOSTLY CLEAR,21.5,8,2025-08-22T22:10:00+09:30,PT5M
16,102,8.2,0,0,0,957.2,119,2.6,144,MOSTLY CLEAR,21.4,8,2025-08-22T22:15:00+09:30,PT5M
15,103,10.1,0,0,0,957.2,117,2.6,145,PARTLY CLOUDY,21.3,7.9,2025-08-22T22:20:00+09:30,PT5M
15,104,10.1,0,0,0,957.3,115,2.6,146,PARTLY CLOUDY,21.2,7.9,2025-08-22T22:25:00+09:30,PT5M
15,105,10.1,0,0,0,957.3,114,2.6,147,PARTLY CLOUDY,21.1,7.9,2025-08-22T22:30:00+09:30,PT5M
15,106,10.1,0,0,0,957.3,112,2.6,148,PARTLY CLOUDY,21,7.9,2025-08-22T22:35:00+09:30,PT5M
15,107,8.2,0,0,0,957.3,110,2.5,149,MOSTLY CLEAR,20.9,7.9,2025-08-22T22:40:00+09:30,PT5M
15,108,12.1,0,0,0,957.3,107,2.5,150,PARTLY CLOUDY,20.8,7.9,2025-08-22T22:45:00+09:30,PT5M
15,109,14,0,0,0,957.3,105,2.5,151,PARTLY CLOUDY,20.7,7.8,2025-08-22T22:50:00+09:30,PT5M
15,110,12.1,0,0,0,957.2,103,2.5,153,PARTLY CLOUDY,20.6,7.8,2025-08-22T22:55:00+09:30,PT5M
14,111,10.1,0,0,0,957.2,101,2.4,154,PARTLY CLOUDY,20.5,7.8,2025-08-22T23:00:00+09:30,PT5M
14,113,10.1,0,0,0,957.2,98,2.4,155,PARTLY CLOUDY,20.5,7.8,2025-08-22T23:05:00+09:30,PT5M
14,114,8.2,0,0,0,957.2,96,2.4,156,MOSTLY CLEAR,20.4,7.8,2025-08-22T23:10:00+09:30,PT5M
14,116,10.1,0,0,0,957.2,94,2.4,157,PARTLY CLOUDY,20.3,7.7,2025-08-22T23:15:00+09:30,PT5M
14,118,14,0,0,0,957.2,91,2.4,158,PARTLY CLOUDY,20.2,7.7,2025-08-22T23:20:00+09:30,PT5M
14,120,12.1,0,0,0,957.1,89,2.4,159,PARTLY CLOUDY,20.1,7.7,2025-08-22T23:25:00+09:30,PT5M
14,122,10.1,0,0,0,957.1,86,2.4,160,PARTLY CLOUDY,20,7.7,2025-08-22T23:30:00+09:30,PT5M
14,124,12.1,0,0,0,957.1,84,2.4,161,PARTLY CLOUDY,19.9,7.6,2025-08-22T23:35:00+09:30,PT5M
14,126,12.1,0,0,0,957.1,83,2.4,162,PARTLY CLOUDY,19.8,7.6,2025-08-22T23:40:00+09:30,PT5M
14,129,10.1,0,0,0,957.2,81,2.4,163,PARTLY CLOUDY,19.7,7.6,2025-08-22T23:45:00+09:30,PT5M
14,132,8.2,0,0,0,957.2,79,2.4,163,MOSTLY CLEAR,19.6,7.6,2025-08-22T23:50:00+09:30,PT5M
13,135,10.1,0,0,0,957.2,77,2.4,164,PARTLY CLOUDY,19.5,7.5,2025-08-22T23:55:00+09:30,PT5M
13,139,10.1,0,0,0,957.2,75,2.4,165,PARTLY CLOUDY,19.4,7.5,2025-08-23T00:00:00+09:30,PT5M
13,142,10.1,0,0,0,957.2,73,2.4,166,PARTLY CLOUDY,19.4,7.5,2025-08-23T00:05:00+09:30,PT5M
13,147,10.1,0,0,0,957.2,71,2.4,166,PARTLY CLOUDY,19.3,7.4,2025-08-23T00:10:00+09:30,PT5M
13,151,10.1,0,0,0,957.3,70,2.4,167,PARTLY CLOUDY,19.2,7.4,2025-08-23T00:15:00+09:30,PT5M
13,156,8.2,0,0,0,957.3,68,2.4,167,MOSTLY CLEAR,19.1,7.4,2025-08-23T00:20:00+09:30,PT5M
13,162,8.2,0,0,0,957.3,66,2.4,168,MOSTLY CLEAR,19,7.4,2025-08-23T00:25:00+09:30,PT5M
13,168,0,0,0,0,957.3,64,2.5,168,CLEAR,18.9,7.3,2025-08-23T00:30:00+09:30,PT5M
13,174,8.2,0,0,0,957.3,63,2.5,168,MOSTLY CLEAR,18.8,7.3,2025-08-23T00:35:00+09:30,PT5M
13,180,8.2,0,0,0,957.2,63,2.5,168,MOSTLY CLEAR,18.7,7.2,2025-08-23T00:40:00+09:30,PT5M
13,-174,8.2,0,0,0,957.2,62,2.5,168,MOSTLY CLEAR,18.6,7.2,2025-08-23T00:45:00+09:30,PT5M
13,-168,8.2,0,0,0,957.1,61,2.5,168,MOSTLY CLEAR,18.5,7.2,2025-08-23T00:50:00+09:30,PT5M
13,-163,8.2,0,0,0,957,61,2.5,168,MOSTLY CLEAR,18.4,7.2,2025-08-23T00:55:00+09:30,PT5M
13,-157,8.2,0,0,0,956.9,60,2.5,168,MOSTLY CLEAR,18.3,7.1,2025-08-23T01:00:00+09:30,PT5M
13,-152,8.2,0,0,0,956.9,60,2.5,167,MOSTLY CLEAR,18.3,7.1,2025-08-23T01:05:00+09:30,PT5M
13,-147,8.2,0,0,0,956.8,59,2.5,166,MOSTLY CLEAR,18.2,7,2025-08-23T01:10:00+09:30,PT5M
13,-143,8.2,0,0,0,956.7,58,2.5,166,MOSTLY CLEAR,18.1,7,2025-08-23T01:15:00+09:30,PT5M
13,-139,8.2,0,0,0,956.7,58,2.5,165,MOSTLY CLEAR,18.1,7,2025-08-23T01:20:00+09:30,PT5M
13,-135,8.2,0,0,0,956.6,57,2.5,164,MOSTLY CLEAR,18,7,2025-08-23T01:25:00+09:30,PT5M
13,-132,0,0,0,0,956.5,57,2.5,163,CLEAR,17.9,6.9,2025-08-23T01:30:00+09:30,PT5M
13,-129,8.2,0,0,0,956.5,56,2.5,163,MOSTLY CLEAR,17.9,6.9,2025-08-23T01:35:00+09:30,PT5M
13,-127,8.2,0,0,0,956.5,56,2.5,162,MOSTLY CLEAR,17.8,6.8,2025-08-23T01:40:00+09:30,PT5M
13,-124,8.2,0,0,0,956.5,56,2.5,161,MOSTLY CLEAR,17.7,6.8,2025-08-23T01:45:00+09:30,PT5M
13,-122,0,0,0,0,956.5,56,2.5,160,CLEAR,17.7,6.8,2025-08-23T01:50:00+09:30,PT5M
13,-120,8.2,0,0,0,956.4,56,2.4,159,MOSTLY CLEAR,17.6,6.8,2025-08-23T01:55:00+09:30,PT5M
13,-118,10.1,0,0,0,956.4,56,2.4,158,PARTLY CLOUDY,17.5,6.7,2025-08-23T02:00:00+09:30,PT5M
13,-116,10.1,0,0,0,956.4,56,2.4,157,PARTLY CLOUDY,17.5,6.7,2025-08-23T02:05:00+09:30,PT5M
13,-115,10.1,0,0,0,956.4,56,2.4,156,PARTLY CLOUDY,17.4,6.6,2025-08-23T02:10:00+09:30,PT5M
13,-113,8.2,0,0,0,956.4,56,2.4,155,MOSTLY CLEAR,17.3,6.6,2025-08-23T02:15:00+09:30,PT5M
13,-112,0,0,0,0,956.4,56,2.3,154,CLEAR,17.2,6.6,2025-08-23T02:20:00+09:30,PT5M
13,-110,0,0,0,0,956.3,56,2.3,153,CLEAR,17.2,6.6,2025-08-23T02:25:00+09:30,PT5M
13,-109,0,0,0,0,956.3,56,2.3,152,CLEAR,17.1,6.5,2025-08-23T02:30:00+09:30,PT5M
13,-108,8.2,0,0,0,956.3,56,2.3,150,MOSTLY CLEAR,17,6.5,2025-08-23T02:35:00+09:30,PT5M
12,-107,10.1,0,0,0,956.3,57,2.2,149,PARTLY CLOUDY,16.9,6.4,2025-08-23T02:40:00+09:30,PT5M
12,-106,10.1,0,0,0,956.3,59,2.1,148,PARTLY CLOUDY,16.9,6.4,2025-08-23T02:45:00+09:30,PT5M
12,-105,8.2,0,0,0,956.3,60,2.1,147,MOSTLY CLEAR,16.8,6.4,2025-08-23T02:50:00+09:30,PT5M
12,-104,8.2,0,0,0,956.3,61,2,146,MOSTLY CLEAR,16.7,6.4,2025-08-23T02:55:00+09:30,PT5M
12,-103,0,0,0,0,956.4,63,1.9,145,CLEAR,16.6,6.3,2025-08-23T03:00:00+09:30,PT5M
12,-102,0,0,0,0,956.4,64,1.9,144,CLEAR,16.6,6.3,2025-08-23T03:05:00+09:30,PT5M
12,-101,0,0,0,0,956.4,66,1.8,143,CLEAR,16.5,6.3,2025-08-23T03:10:00+09:30,PT5M
12,-101,0,0,0,0,956.4,68,1.7,142,CLEAR,16.5,6.3,2025-08-23T03:15:00+09:30,PT5M
12,-100,8.2,0,0,0,956.4,70,1.7,140,MOSTLY CLEAR,16.4,6.2,2025-08-23T03:20:00+09:30,PT5M
12,-99,0,0,0,0,956.4,72,1.6,139,CLEAR,16.3,6.2,2025-08-23T03:25:00+09:30,PT5M
11,-98,8.2,0,0,0,956.4,74,1.6,138,MOSTLY CLEAR,16.3,6.2,2025-08-23T03:30:00+09:30,PT5M
11,-98,8.2,0,0,0,956.4,76,1.6,137,MOSTLY CLEAR,16.2,6.2,2025-08-23T03:35:00+09:30,PT5M
11,-97,8.2,0,0,0,956.4,77,1.5,136,MOSTLY CLEAR,16.2,6.2,2025-08-23T03:40:00+09:30,PT5M
11,-96,8.2,0,0,0,956.4,79,1.5,135,MOSTLY CLEAR,16.1,6.2,2025-08-23T03:45:00+09:30,PT5M
11,-96,8.2,0,0,0,956.4,81,1.6,134,MOSTLY CLEAR,16,6.1,2025-08-23T03:50:00+09:30,PT5M
11,-95,8.2,0,0,0,956.3,82,1.6,132,MOSTLY CLEAR,16,6.1,2025-08-23T03:55:00+09:30,PT5M
11,-95,8.2,0,0,0,956.3,84,1.6,131,MOSTLY CLEAR,15.9,6.1,2025-08-23T04:00:00+09:30,PT5M
11,-94,0,0,0,0,956.3,85,1.6,130,CLEAR,15.9,6.1,2025-08-23T04:05:00+09:30,PT5M
11,-94,10.1,0,0,0,956.3,87,1.6,129,PARTLY CLOUDY,15.8,6.1,2025-08-23T04:10:00+09:30,PT5M
11,-93,8.2,0,0,0,956.3,88,1.6,128,MOSTLY CLEAR,15.8,6.1,2025-08-23T04:15:00+09:30,PT5M
11,-92,10.1,0,0,0,956.3,90,1.6,127,PARTLY CLOUDY,15.8,6,2025-08-23T04:20:00+09:30,PT5M
10,-92,8.2,0,0,0,956.2,91,1.6,126,MOSTLY CLEAR,15.8,6,2025-08-23T04:25:00+09:30,PT5M
10,-91,10.1,0,0,0,956.2,93,1.6,124,PARTLY CLOUDY,15.7,6,2025-08-23T04:30:00+09:30,PT5M
10,-91,10.1,0,0,0,956.2,94,1.6,123,PARTLY CLOUDY,15.7,6,2025-08-23T04:35:00+09:30,PT5M
10,-90,10.1,0,0,0,956.2,94,1.6,122,PARTLY CLOUDY,15.6,6,2025-08-23T04:40:00+09:30,PT5M
10,-90,10.1,0,0,0,956.3,94,1.6,121,PARTLY CLOUDY,15.6,6,2025-08-23T04:45:00+09:30,PT5M
10,-89,10.1,0,0,0,956.3,95,1.6,120,PARTLY CLOUDY,15.6,5.9,2025-08-23T04:50:00+09:30,PT5M
10,-89,8.2,0,0,0,956.3,95,1.6,119,MOSTLY CLEAR,15.6,5.9,2025-08-23T04:55:00+09:30,PT5M
10,-88,10.1,0,0,0,956.3,95,1.6,118,PARTLY CLOUDY,15.5,5.9,2025-08-23T05:00:00+09:30,PT5M
10,-88,8.2,0,0,0,956.3,96,1.6,116,MOSTLY CLEAR,15.5,5.9,2025-08-23T05:05:00+09:30,PT5M
10,-87,8.2,0,0,0,956.3,96,1.6,115,MOSTLY CLEAR,15.4,5.9,2025-08-23T05:10:00+09:30,PT5M
10,-87,10.1,0,0,0,956.4,96,1.6,114,PARTLY CLOUDY,15.4,5.9,2025-08-23T05:15:00+09:30,PT5M
10,-86,8.2,0,0,0,956.4,96,1.6,113,MOSTLY CLEAR,15.4,5.9,2025-08-23T05:20:00+09:30,PT5M
10,-86,8.2,0,0,0,956.4,97,1.6,112,MOSTLY CLEAR,15.3,5.9,2025-08-23T05:25:00+09:30,PT5M
10,-86,8.2,0,0,0,956.4,97,1.6,111,MOSTLY CLEAR,15.3,5.9,2025-08-23T05:30:00+09:30,PT5M
10,-85,8.2,0,0,0,956.4,98,1.6,110,MOSTLY CLEAR,15.3,5.8,2025-08-23T05:35:00+09:30,PT5M
10,-85,8.2,0,0,0,956.5,98,1.6,108,MOSTLY CLEAR,15.2,5.8,2025-08-23T05:40:00+09:30,PT5M
10,-84,0,0,0,0,956.6,99,1.6,107,CLEAR,15.2,5.8,2025-08-23T05:45:00+09:30,PT5M
10,-84,0,0,0,0,956.6,100,1.7,106,CLEAR,15.2,5.8,2025-08-23T05:50:00+09:30,PT5M
10,-83,0,0,0,0,956.7,101,1.7,105,CLEAR,15.2,5.8,2025-08-23T05:55:00+09:30,PT5M
10,-83,0,0,0,0,956.7,102,1.7,104,CLEAR,15.1,5.8,2025-08-23T06:00:00+09:30,PT5M
10,-82,0,0,0,0,956.8,102,1.7,103,CLEAR,15,5.8,2025-08-23T06:05:00+09:30,PT5M
10,-82,0,0,0,0,956.9,103,1.7,102,CLEAR,14.8,5.8,2025-08-23T06:10:00+09:30,PT5M
9,-81,0,0,0,0,956.9,104,1.7,101,CLEAR,14.6,5.8,2025-08-23T06:15:00+09:30,PT5M
9,-81,0,0,0,0,957,105,1.7,99,CLEAR,14.4,5.8,2025-08-23T06:20:00+09:30,PT5M
9,-80,0,0,0,0,957,105,1.7,98,CLEAR,14.2,5.8,2025-08-23T06:25:00+09:30,PT5M
9,-80,0,0,0,0,957.1,106,1.8,97,CLEAR,14,5.8,2025-08-23T06:30:00+09:30,PT5M
9,-79,0,0,0,0,957.1,107,1.8,96,CLEAR,13.8,5.8,2025-08-23T06:35:00+09:30,PT5M
9,-79,0,0,0,0,957.2,108,1.8,95,CLEAR,13.6,5.8,2025-08-23T06:40:00+09:30,PT5M
9,-78,0,0,0,0,957.3,108,1.8,94,CLEAR,13.4,5.8,2025-08-23T06:45:00+09:30,PT5M
9,-78,0,0,0,0,957.3,109,1.8,93,CLEAR,13.2,5.8,2025-08-23T06:50:00+09:30,PT5M
10,-77,0,0,0,0,957.4,110,1.8,92,CLEAR,13,5.8,2025-08-23T06:55:00+09:30,PT5M
10,-77,8.2,0,0,0,957.4,111,1.8,90,MOSTLY CLEAR,12.8,5.8,2025-08-23T07:00:00+09:30,PT5M
10,-76,8.2,5,6,0,957.5,111,1.8,89,MOSTLY SUNNY,12.5,5.8,2025-08-23T07:05:00+09:30,PT5M
10,-76,8.2,15,19,0,957.6,112,1.8,88,MOSTLY SUNNY,12.1,5.8,2025-08-23T07:10:00+09:30,PT5M
10,-75,8.2,27,37,0,957.6,113,1.8,87,MOSTLY SUNNY,11.8,5.8,2025-08-23T07:15:00+09:30,PT5M
10,-75,0,44,72,0,957.7,113,1.9,86,SUNNY,11.4,5.8,2025-08-23T07:20:00+09:30,PT5M
10,-74,0,60,105,0,957.7,114,1.9,85,SUNNY,11,5.8,2025-08-23T07:25:00+09:30,PT5M
10,-74,0,76,128,0,957.8,115,1.9,84,SUNNY,10.6,5.8,2025-08-23T07:30:00+09:30,PT5M
11,-73,0,93,150,0,957.8,115,1.9,83,SUNNY,10.3,5.7,2025-08-23T07:35:00+09:30,PT5M
11,-73,0,110,172,0,957.9,115,1.9,82,SUNNY,9.9,5.7,2025-08-23T07:40:00+09:30,PT5M
12,-72,0,128,195,0,957.9,114,1.9,80,SUNNY,9.5,5.7,2025-08-23T07:45:00+09:30,PT5M
12,-72,0,147,218,0,957.9,114,1.9,79,SUNNY,9.1,5.7,2025-08-23T07:50:00+09:30,PT5M
13,-71,0,165,240,0,957.9,113,1.9,78,SUNNY,8.8,5.7,2025-08-23T07:55:00+09:30,PT5M
13,-71,0,184,263,0,958,113,1.9,77,SUNNY,8.4,5.7,2025-08-23T08:00:00+09:30,PT5M
14,-70,0,203,285,0,958,112,2,76,SUNNY,8,5.7,2025-08-23T08:05:00+09:30,PT5M
14,-69,0,222,308,0,958,112,2,75,SUNNY,7.6,5.7,2025-08-23T08:10:00+09:30,PT5M
15,-69,0,241,330,0,958,112,2,74,SUNNY,7.3,5.6,2025-08-23T08:15:00+09:30,PT5M
15,-68,0,260,352,0,958.1,111,2,73,SUNNY,6.9,5.6,2025-08-23T08:20:00+09:30,PT5M
16,-67,0,279,374,0,958.1,111,2,72,SUNNY,6.6,5.6,2025-08-23T08:25:00+09:30,PT5M
16,-67,0,298,396,0,958.1,110,2,71,SUNNY,6.2,5.5,2025-08-23T08:30:00+09:30,PT5M
16,-66,0,317,418,0,958.1,110,2.1,70,SUNNY,5.8,5.5,2025-08-23T08:35:00+09:30,PT5M
17,-65,0,335,440,0,958.2,109,2.1,69,SUNNY,5.5,5.5,2025-08-23T08:40:00+09:30,PT5M
17,-65,0,354,461,0,958.2,109,2.2,68,SUNNY,5.4,5.4,2025-08-23T08:45:00+09:30,PT5M
17,-64,0,372,482,0,958.2,108,2.2,67,SUNNY,5.4,5.4,2025-08-23T08:50:00+09:30,PT5M
17,-63,0,391,503,0,958.2,108,2.3,66,SUNNY,5.4,5.4,2025-08-23T08:55:00+09:30,PT5M
17,-63,0,409,524,0,958.2,107,2.4,65,SUNNY,5.3,5.3,2025-08-23T09:00:00+09:30,PT5M
18,-62,0,427,544,0,958.2,107,2.4,64,SUNNY,5.1,5.1,2025-08-23T09:05:00+09:30,PT5M
18,-61,0,445,565,0,958.3,106,2.5,63,SUNNY,4.8,4.8,2025-08-23T09:10:00+09:30,PT5M
18,-60,0,463,585,0,958.3,106,2.6,62,SUNNY,4.5,4.5,2025-08-23T09:15:00+09:30,PT5M
18,-59,0,480,604,0,958.3,105,2.6,61,SUNNY,4.2,4.2,2025-08-23T09:20:00+09:30,PT5M
18,-59,0,497,624,0,958.3,105,2.7,60,SUNNY,3.8,3.8,2025-08-23T09:25:00+09:30,PT5M
19,-58,0,514,643,0,958.3,105,2.8,59,SUNNY,3.5,3.5,2025-08-23T09:30:00+09:30,PT5M
19,-57,0,532,663,0,958.3,104,2.8,58,SUNNY,3.2,3.2,2025-08-23T09:35:00+09:30,PT5M
19,-56,0,548,681,0,958.3,102,2.9,57,SUNNY,2.9,2.9,2025-08-23T09:40:00+09:30,PT5M
19,-55,0,564,700,0,958.3,100,3,56,SUNNY,2.5,2.5,2025-08-23T09:45:00+09:30,PT5M
20,-54,0,580,717,0,958.3,99,3.1,55,SUNNY,2.4,2.2,2025-08-23T09:50:00+09:30,PT5M
20,-53,0,595,734,0,958.3,98,3.3,54,SUNNY,2.2,1.9,2025-08-23T09:55:00+09:30,PT5M
20,-52,0,610,751,0,958.3,96,3.4,53,SUNNY,2.1,1.6,2025-08-23T10:00:00+09:30,PT5M
20,-51,0,624,768,0,958.3,95,3.5,52,SUNNY,2,1.4,2025-08-23T10:05:00+09:30,PT5M
20,-50,0,638,783,0,958.3,94,3.6,51,SUNNY,2.1,1.4,2025-08-23T10:10:00+09:30,PT5M
21,-49,0,652,799,0,958.3,93,3.7,50,SUNNY,2.2,1.4,2025-08-23T10:15:00+09:30,PT5M
21,-48,0,666,814,0,958.3,92,3.8,49,SUNNY,2.3,1.4,2025-08-23T10:20:00+09:30,PT5M
21,-46,0,678,828,0,958.2,91,3.9,49,SUNNY,2.4,1.4,2025-08-23T10:25:00+09:30,PT5M
21,-45,0,691,842,0,958.2,90,4,48,SUNNY,2.5,1.4,2025-08-23T10:30:00+09:30,PT5M
22,-44,0,703,856,0,958.2,90,4.1,47,SUNNY,2.6,1.5,2025-08-23T10:35:00+09:30,PT5M
22,-43,0,715,869,0,958.1,89,4.2,46,SUNNY,2.7,1.5,2025-08-23T10:40:00+09:30,PT5M
22,-41,0,726,881,0,958.1,88,4.3,45,SUNNY,2.8,1.5,2025-08-23T10:45:00+09:30,PT5M
22,-40,0,737,893,0,958,88,4.4,45,SUNNY,2.9,1.5,2025-08-23T10:50:00+09:30,PT5M
22,-39,0,748,905,0,958,87,4.4,44,SUNNY,3,1.5,2025-08-23T10:55:00+09:30,PT5M
23,-37,0,758,916,0,957.9,87,4.5,43,SUNNY,3.1,1.5,2025-08-23T11:00:00+09:30,PT5M
23,-36,0,767,927,0,957.8,86,4.6,43,SUNNY,3.1,1.5,2025-08-23T11:05:00+09:30,PT5M
23,-34,0,776,937,0,957.8,85,4.7,42,SUNNY,3.2,1.5,2025-08-23T11:10:00+09:30,PT5M
23,-32,0,785,947,0,957.7,85,4.8,41,SUNNY,3.3,1.5,2025-08-23T11:15:00+09:30,PT5M
24,-31,0,793,956,0,957.7,84,4.8,41,SUNNY,3.4,1.6,2025-08-23T11:20:00+09:30,PT5M
24,-29,0,801,964,0,957.6,84,4.9,40,SUNNY,3.5,1.6,2025-08-23T11:25:00+09:30,PT5M
24,-27,0,808,973,0,957.6,83,5,40,SUNNY,3.6,1.6,2025-08-23T11:30:00+09:30,PT5M
24,-26,0,815,980,0,957.5,83,5,39,SUNNY,3.6,1.6,2025-08-23T11:35:00+09:30,PT5M
24,-24,0,821,987,0,957.4,83,5.1,39,SUNNY,3.7,1.6,2025-08-23T11:40:00+09:30,PT5M
25,-22,0,827,993,0,957.4,84,5.1,38,SUNNY,3.8,1.6,2025-08-23T11:45:00+09:30,PT5M
25,-20,0,832,999,0,957.3,84,5.1,38,SUNNY,3.9,1.7,2025-08-23T11:50:00+09:30,PT5M
25,-18,0,837,1005,0,957.2,84,5.1,37,SUNNY,4,1.7,2025-08-23T11:55:00+09:30,PT5M
25,-16,0,841,1009,0,957.2,84,5.2,37,SUNNY,4.1,1.7,2025-08-23T12:00:00+09:30,PT5M
25,-14,0,845,1014,0,957.1,85,5.2,37,SUNNY,4.2,1.7,2025-08-23T12:05:00+09:30,PT5M
25,-12,0,848,1017,0,957,85,5.2,36,SUNNY,4.2,1.7,2025-08-23T12:10:00+09:30,PT5M
25,-10,0,851,1020,0,956.9,85,5.2,36,SUNNY,4.4,1.7,2025-08-23T12:15:00+09:30,PT5M
26,-8,0,854,1023,0,956.9,85,5.3,36,SUNNY,4.4,1.7,2025-08-23T12:20:00+09:30,PT5M
26,-6,0,855,1025,0,956.8,85,5.3,36,SUNNY,4.6,1.7,2025-08-23T12:25:00+09:30,PT5M
26,-4,0,857,1026,0,956.7,86,5.3,36,SUNNY,4.6,1.7,2025-08-23T12:30:00+09:30,PT5M
26,-2,0,857,1027,0,956.7,86,5.3,36,SUNNY,4.8,1.8,2025-08-23T12:35:00+09:30,PT5M
26,0,0,858,1027,0,956.6,86,5.3,36,SUNNY,4.9,1.8,2025-08-23T12:40:00+09:30,PT5M
26,2,0,857,1027,0,956.5,86,5.3,36,SUNNY,5,1.8,2025-08-23T12:45:00+09:30,PT5M
26,4,0,857,1026,0,956.4,87,5.3,36,SUNNY,5.1,1.8,2025-08-23T12:50:00+09:30,PT5M
26,6,0,855,1025,0,956.3,87,5.3,36,SUNNY,5.2,1.8,2025-08-23T12:55:00+09:30,PT5M
26,8,0,854,1023,0,956.2,87,5.3,36,SUNNY,5.3,1.8,2025-08-23T13:00:00+09:30,PT5M
26,10,0,851,1020,0,956.1,87,5.3,36,SUNNY,5.4,1.8,2025-08-23T13:05:00+09:30,PT5M
26,12,0,849,1017,0,956,88,5.2,36,SUNNY,5.5,1.8,2025-08-23T13:10:00+09:30,PT5M
27,14,0,845,1014,0,955.9,88,5.2,37,SUNNY,5.6,1.8,2025-08-23T13:15:00+09:30,PT5M
27,16,0,841,1009,0,955.8,88,5.2,37,SUNNY,5.7,1.9,2025-08-23T13:20:00+09:30,PT5M
27,18,0,837,1005,0,955.7,88,5.2,37,SUNNY,5.9,1.9,2025-08-23T13:25:00+09:30,PT5M
27,20,0,832,999,0,955.6,89,5.2,38,SUNNY,6,1.9,2025-08-23T13:30:00+09:30,PT5M
27,22,0,827,993,0,955.5,89,5.2,38,SUNNY,6.1,1.9,2025-08-23T13:35:00+09:30,PT5M
27,24,0,821,987,0,955.5,89,5.2,39,SUNNY,6.2,1.9,2025-08-23T13:40:00+09:30,PT5M
27,26,0,815,980,0,955.4,89,5.2,39,SUNNY,6.4,1.9,2025-08-23T13:45:00+09:30,PT5M
27,27,0,808,973,0,955.4,89,5.2,40,SUNNY,6.5,2,2025-08-23T13:50:00+09:30,PT5M
27,29,0,801,965,0,955.4,89,5.2,40,SUNNY,6.6,2,2025-08-23T13:55:00+09:30,PT5M
27,31,0,793,956,0,955.3,89,5.2,41,SUNNY,6.7,2,2025-08-23T14:00:00+09:30,PT5M
27,32,0,785,947,0,955.3,89,5.1,41,SUNNY,6.9,2,2025-08-23T14:05:00+09:30,PT5M
27,34,0,777,937,0,955.2,90,5.1,42,SUNNY,7,2,2025-08-23T14:10:00+09:30,PT5M
27,36,0,768,927,0,955.2,90,5.1,43,SUNNY,7.1,2,2025-08-23T14:15:00+09:30,PT5M
27,37,0,758,917,0,955.2,90,5.1,43,SUNNY,7.2,2,2025-08-23T14:20:00+09:30,PT5M
28,39,0,748,905,0,955.1,90,5.1,44,SUNNY,7.4,2,2025-08-23T14:25:00+09:30,PT5M
28,40,0,738,894,0,955.1,90,5.1,45,SUNNY,7.5,2,2025-08-23T14:30:00+09:30,PT5M
28,41,0,727,882,0,955.1,90,5.1,45,SUNNY,7.6,2.1,2025-08-23T14:35:00+09:30,PT5M
28,43,0,716,869,0,955,90,5.1,46,SUNNY,7.7,2.1,2025-08-23T14:40:00+09:30,PT5M
28,44,0,704,856,0,955,90,5.1,47,SUNNY,7.9,2.1,2025-08-23T14:45:00+09:30,PT5M
28,45,0,692,843,0,955,90,5.1,48,SUNNY,8,2.1,2025-08-23T14:50:00+09:30,PT5M
28,46,0,679,829,0,954.9,90,5.1,49,SUNNY,8.1,2.1,2025-08-23T14:55:00+09:30,PT5M
28,48,0,666,814,0,954.9,91,5.1,49,SUNNY,8.2,2.1,2025-08-23T15:00:00+09:30,PT5M
28,49,0,653,799,0,954.8,91,5.1,50,SUNNY,8.3,2.1,2025-08-23T15:05:00+09:30,PT5M
28,50,0,639,784,0,954.8,91,5.1,51,SUNNY,8.4,2.2,2025-08-23T15:10:00+09:30,PT5M
28,51,0,625,768,0,954.7,91,5.1,52,SUNNY,8.4,2.3,2025-08-23T15:15:00+09:30,PT5M
27,52,0,611,752,0,954.7,91,5.1,53,SUNNY,8.5,2.4,2025-08-23T15:20:00+09:30,PT5M
27,53,0,596,735,0,954.7,91,5.1,54,SUNNY,8.6,2.5,2025-08-23T15:25:00+09:30,PT5M
27,54,0,581,718,0,954.6,91,5.1,55,SUNNY,8.6,2.6,2025-08-23T15:30:00+09:30,PT5M
27,55,0,565,701,0,954.6,91,5.1,56,SUNNY,8.7,2.6,2025-08-23T15:35:00+09:30,PT5M
27,56,0,549,683,0,954.6,92,5.1,57,SUNNY,8.7,2.7,2025-08-23T15:40:00+09:30,PT5M
27,57,0,533,664,0,954.6,92,5.1,58,SUNNY,8.8,2.8,2025-08-23T15:45:00+09:30,PT5M
27,58,0,517,646,0,954.6,92,5.1,59,SUNNY,8.9,2.9,2025-08-23T15:50:00+09:30,PT5M
27,59,0,500,627,0,954.6,93,5.1,60,SUNNY,8.9,3,2025-08-23T15:55:00+09:30,PT5M
27,59,0,483,608,0,954.6,93,5.1,60,SUNNY,9,3.1,2025-08-23T16:00:00+09:30,PT5M
27,60,0,466,588,0,954.6,94,5.1,61,SUNNY,9,3.1,2025-08-23T16:05:00+09:30,PT5M
27,61,0,448,568,0,954.7,94,5.1,62,SUNNY,9,3.1,2025-08-23T16:10:00+09:30,PT5M
27,62,0,431,548,0,954.7,94,5.1,63,SUNNY,9,3.1,2025-08-23T16:15:00+09:30,PT5M
27,63,0,413,528,0,954.7,95,5.1,64,SUNNY,9,3.1,2025-08-23T16:20:00+09:30,PT5M
27,63,0,395,508,0,954.7,95,5.1,66,SUNNY,9,3.1,2025-08-23T16:25:00+09:30,PT5M
27,64,0,376,487,0,954.7,95,5.1,67,SUNNY,9,3.1,2025-08-23T16:30:00+09:30,PT5M
27,65,0,358,466,0,954.7,96,5.1,68,SUNNY,9,3.1,2025-08-23T16:35:00+09:30,PT5M
27,65,0,339,444,0,954.7,96,5.2,69,SUNNY,9,3.1,2025-08-23T16:40:00+09:30,PT5M
27,66,0,321,423,0,954.7,96,5.2,70,SUNNY,9,3.1,2025-08-23T16:45:00+09:30,PT5M
26,67,0,302,401,0,954.8,96,5.2,71,SUNNY,9,3.1,2025-08-23T16:50:00+09:30,PT5M
26,67,0,283,379,0,954.8,96,5.2,72,SUNNY,9,3.1,2025-08-23T16:55:00+09:30,PT5M
26,68,0,264,357,0,954.8,97,5.2,73,SUNNY,9,3.1,2025-08-23T17:00:00+09:30,PT5M
26,69,0,245,335,0,954.8,97,5.2,74,SUNNY,9,3.1,2025-08-23T17:05:00+09:30,PT5M
26,69,0,226,313,0,954.8,97,5.3,75,SUNNY,9,3.1,2025-08-23T17:10:00+09:30,PT5M
26,70,0,207,290,0,954.8,97,5.3,76,SUNNY,9,3.1,2025-08-23T17:15:00+09:30,PT5M
26,71,0,188,268,0,954.9,97,5.3,77,SUNNY,9,3.1,2025-08-23T17:20:00+09:30,PT5M
25,71,0,169,245,0,954.9,97,5.3,78,SUNNY,9,3.1,2025-08-23T17:25:00+09:30,PT5M
25,72,0,150,222,0,954.9,97,5.3,79,SUNNY,9,3.1,2025-08-23T17:30:00+09:30,PT5M
25,72,0,132,200,0,954.9,98,5.3,80,SUNNY,8.9,3.2,2025-08-23T17:35:00+09:30,PT5M
25,73,0,114,177,0,955,98,5.3,81,SUNNY,8.9,3.2,2025-08-23T17:40:00+09:30,PT5M
25,73,0,96,155,0,955,98,5.2,83,SUNNY,8.9,3.2,2025-08-23T17:45:00+09:30,PT5M
25,74,0,79,133,0,955.1,99,5.2,84,SUNNY,8.9,3.2,2025-08-23T17:50:00+09:30,PT5M
24,75,0,62,110,0,955.1,99,5.1,85,SUNNY,8.9,3.2,2025-08-23T17:55:00+09:30,PT5M
24,75,8.2,43,65,0,955.2,100,5,86,MOSTLY SUNNY,8.9,3.2,2025-08-23T18:00:00+09:30,PT5M
24,76,10.1,29,39,0,955.2,100,5,87,PARTLY CLOUDY,8.9,3.2,2025-08-23T18:05:00+09:30,PT5M
24,76,10.1,17,21,0,955.3,100,4.9,88,PARTLY CLOUDY,8.9,3.2,2025-08-23T18:10:00+09:30,PT5M
24,77,8.2,6,7,0,955.3,101,4.9,89,MOSTLY SUNNY,8.9,3.2,2025-08-23T18:15:00+09:30,PT5M
24,77,8.2,0,0,0,955.4,101,4.8,90,MOSTLY CLEAR,8.9,3.3,2025-08-23T18:20:00+09:30,PT5M
23,78,8.2,0,0,0,955.4,102,4.8,91,MOSTLY CLEAR,8.9,3.3,2025-08-23T18:25:00+09:30,PT5M
23,78,8.2,0,0,0,955.5,102,4.7,93,MOSTLY CLEAR,8.9,3.3,2025-08-23T18:30:00+09:30,PT5M
23,79,0,0,0,0,955.5,102,4.7,94,CLEAR,8.9,3.3,2025-08-23T18:35:00+09:30,PT5M
23,79,0,0,0,0,955.6,101,4.7,95,CLEAR,8.9,3.3,2025-08-23T18:40:00+09:30,PT5M
23,80,0,0,0,0,955.6,101,4.6,96,CLEAR,8.9,3.3,2025-08-23T18:45:00+09:30,PT5M
22,80,0,0,0,0,955.7,100,4.6,97,CLEAR,8.9,3.4,2025-08-23T18:50:00+09:30,PT5M
22,80,0,0,0,0,955.8,100,4.6,98,CLEAR,8.9,3.4,2025-08-23T18:55:00+09:30,PT5M
22,81,8.2,0,0,0,955.8,99,4.5,99,MOSTLY CLEAR,8.9,3.4,2025-08-23T19:00:00+09:30,PT5M
22,81,8.2,0,0,0,955.9,99,4.5,100,MOSTLY CLEAR,8.9,3.4,2025-08-23T19:05:00+09:30,PT5M
22,82,8.2,0,0,0,955.9,98,4.5,102,MOSTLY CLEAR,8.9,3.4,2025-08-23T19:10:00+09:30,PT5M
21,82,8.2,0,0,0,956,97,4.4,103,MOSTLY CLEAR,8.9,3.4,2025-08-23T19:15:00+09:30,PT5M
21,83,8.2,0,0,0,956.1,97,4.4,104,MOSTLY CLEAR,8.8,3.4,2025-08-23T19:20:00+09:30,PT5M
21,83,8.2,0,0,0,956.1,96,4.4,105,MOSTLY CLEAR,8.8,3.4,2025-08-23T19:25:00+09:30,PT5M
21,84,8.2,0,0,0,956.2,96,4.3,106,MOSTLY CLEAR,8.8,3.4,2025-08-23T19:30:00+09:30,PT5M
21,84,8.2,0,0,0,956.2,95,4.3,107,MOSTLY CLEAR,8.8,3.5,2025-08-23T19:35:00+09:30,PT5M
20,85,0,0,0,0,956.3,94,4.3,108,CLEAR,8.8,3.5,2025-08-23T19:40:00+09:30,PT5M
20,85,0,0,0,0,956.3,94,4.3,109,CLEAR,8.8,3.5,2025-08-23T19:45:00+09:30,PT5M
20,86,0,0,0,0,956.3,93,4.3,111,CLEAR,8.7,3.5,2025-08-23T19:50:00+09:30,PT5M
20,86,0,0,0,0,956.4,93,4.3,112,CLEAR,8.7,3.5,2025-08-23T19:55:00+09:30,PT5M
20,87,0,0,0,0,956.4,92,4.3,113,CLEAR,8.7,3.5,2025-08-23T20:00:00+09:30,PT5M
20,87,0,0,0,0,956.4,92,4.4,114,CLEAR,8.7,3.5,2025-08-23T20:05:00+09:30,PT5M
19,88,0,0,0,0,956.5,91,4.4,115,CLEAR,8.7,3.5,2025-08-23T20:10:00+09:30,PT5M
19,88,0,0,0,0,956.5,91,4.4,116,CLEAR,8.7,3.5,2025-08-23T20:15:00+09:30,PT5M
19,89,8.2,0,0,0,956.5,90,4.4,117,MOSTLY CLEAR,8.7,3.5,2025-08-23T20:20:00+09:30,PT5M
19,89,8.2,0,0,0,956.6,90,4.4,119,MOSTLY CLEAR,8.7,3.5,2025-08-23T20:25:00+09:30,PT5M
19,90,8.2,0,0,0,956.6,89,4.4,120,MOSTLY CLEAR,8.7,3.5,2025-08-23T20:30:00+09:30,PT5M
19,90,0,0,0,0,956.6,89,4.4,121,CLEAR,8.6,3.5,2025-08-23T20:35:00+09:30,PT5M
18,91,0,0,0,0,956.7,88,4.4,122,CLEAR,8.6,3.5,2025-08-23T20:40:00+09:30,PT5M
18,91,0,0,0,0,956.7,88,4.3,123,CLEAR,8.6,3.5,2025-08-23T20:45:00+09:30,PT5M
18,92,0,0,0,0,956.7,87,4.3,124,CLEAR,8.6,3.5,2025-08-23T20:50:00+09:30,PT5M
18,92,8.2,0,0,0,956.8,87,4.3,125,MOSTLY CLEAR,8.6,3.5,2025-08-23T20:55:00+09:30,PT5M
18,93,10.1,0,0,0,956.8,87,4.2,127,PARTLY CLOUDY,8.6,3.5,2025-08-23T21:00:00+09:30,PT5M
18,93,8.2,0,0,0,956.8,86,4.2,128,MOSTLY CLEAR,8.6,3.5,2025-08-23T21:05:00+09:30,PT5M
18,94,0,0,0,0,956.9,86,4.2,129,CLEAR,8.5,3.4,2025-08-23T21:10:00+09:30,PT5M
18,94,0,0,0,0,956.9,86,4.1,130,CLEAR,8.4,3.4,2025-08-23T21:15:00+09:30,PT5M
18,95,8.2,0,0,0,956.9,85,4.1,131,MOSTLY CLEAR,8.3,3.4,2025-08-23T21:20:00+09:30,PT5M
18,96,10.1,0,0,0,957,85,4.1,132,PARTLY CLOUDY,8.3,3.4,2025-08-23T21:25:00+09:30,PT5M
18,96,12.1,0,0,0,957,84,4,133,PARTLY CLOUDY,8.2,3.3,2025-08-23T21:30:00+09:30,PT5M
18,97,10.1,0,0,0,957,84,4,135,PARTLY CLOUDY,8.1,3.3,2025-08-23T21:35:00+09:30,PT5M
18,97,10.1,0,0,0,957,83,4,136,PARTLY CLOUDY,8,3.2,2025-08-23T21:40:00+09:30,PT5M
18,98,10.1,0,0,0,957,83,4,137,PARTLY CLOUDY,8,3.2,2025-08-23T21:45:00+09:30,PT5M
18,99,10.1,0,0,0,957,82,4,138,PARTLY CLOUDY,7.9,3.2,2025-08-23T21:50:00+09:30,PT5M
18,99,10.1,0,0,0,957.1,82,4,139,PARTLY CLOUDY,7.8,3.2,2025-08-23T21:55:00+09:30,PT5M
18,100,10.1,0,0,0,957.1,81,4,140,PARTLY CLOUDY,7.7,3.1,2025-08-23T22:00:00+09:30,PT5M
18,101,8.2,0,0,0,957.1,80,4,141,MOSTLY CLEAR,7.6,3.1,2025-08-23T22:05:00+09:30,PT5M
18,102,8.2,0,0,0,957.1,80,4,143,MOSTLY CLEAR,7.5,3,2025-08-23T22:10:00+09:30,PT5M
18,103,10.1,0,0,0,957.1,79,4,144,PARTLY CLOUDY,7.4,3,2025-08-23T22:15:00+09:30,PT5M
17,103,10.1,0,0,0,957.1,79,4,145,PARTLY CLOUDY,7.2,3,2025-08-23T22:20:00+09:30,PT5M
17,104,8.2,0,0,0,957.1,78,4,146,MOSTLY CLEAR,7.1,2.9,2025-08-23T22:25:00+09:30,PT5M
17,105,0,0,0,0,957.1,77,4,147,CLEAR,7,2.9,2025-08-23T22:30:00+09:30,PT5M
17,106,8.2,0,0,0,957.1,77,4,148,MOSTLY CLEAR,6.8,2.8,2025-08-23T22:35:00+09:30,PT5M
17,107,8.2,0,0,0,957.1,76,4,149,MOSTLY CLEAR,6.7,2.8,2025-08-23T22:40:00+09:30,PT5M
17,108,8.2,0,0,0,957.1,76,4,150,MOSTLY CLEAR,6.6,2.7,2025-08-23T22:45:00+09:30,PT5M
17,110,8.2,0,0,0,957.1,75,4,151,MOSTLY CLEAR,6.4,2.7,2025-08-23T22:50:00+09:30,PT5M
17,111,8.2,0,0,0,957.1,75,4,152,MOSTLY CLEAR,6.3,2.7,2025-08-23T22:55:00+09:30,PT5M
16,112,8.2,0,0,0,957.1,74,4,153,MOSTLY CLEAR,6.2,2.6,2025-08-23T23:00:00+09:30,PT5M
16,114,8.2,0,0,0,957.1,74,4,155,MOSTLY CLEAR,6,2.6,2025-08-23T23:05:00+09:30,PT5M
16,115,8.2,0,0,0,957.1,73,3.9,156,MOSTLY CLEAR,5.9,2.5,2025-08-23T23:10:00+09:30,PT5M
16,117,8.2,0,0,0,957.1,73,3.9,157,MOSTLY CLEAR,5.7,2.5,2025-08-23T23:15:00+09:30,PT5M
16,118,8.2,0,0,0,957.1,72,3.9,158,MOSTLY CLEAR,5.6,2.5,2025-08-23T23:20:00+09:30,PT5M
16,120,8.2,0,0,0,957.1,71,3.9,159,MOSTLY CLEAR,5.5,2.4,2025-08-23T23:25:00+09:30,PT5M
16,122,10.1,0,0,0,957.1,71,3.9,160,PARTLY CLOUDY,5.3,2.4,2025-08-23T23:30:00+09:30,PT5M
15,125,12.1,0,0,0,957.1,71,3.9,161,PARTLY CLOUDY,5.2,2.3,2025-08-23T23:35:00+09:30,PT5M
15,127,14,0,0,0,957.1,70,3.9,161,PARTLY CLOUDY,5,2.3,2025-08-23T23:40:00+09:30,PT5M
15,130,14,0,0,0,957.1,70,3.9,162,PARTLY CLOUDY,4.9,2.2,2025-08-23T23:45:00+09:30,PT5M
15,133,14,0,0,0,957.1,70,3.8,163,PARTLY CLOUDY,4.8,2.2,2025-08-23T23:50:00+09:30,PT5M
15,136,14,0,0,0,957.2,70,3.8,164,PARTLY CLOUDY,4.6,2.2,2025-08-23T23:55:00+09:30,PT5M
15,140,14,0,0,0,957.2,70,3.8,165,PARTLY CLOUDY,4.5,2.1,2025-08-24T00:00:00+09:30,PT5M
15,143,14,0,0,0,957.2,70,3.8,166,PARTLY CLOUDY,4.5,2.1,2025-08-24T00:05:00+09:30,PT5M
15,148,12.1,0,0,0,957.2,70,3.7,166,PARTLY CLOUDY,4.6,2.1,2025-08-24T00:10:00+09:30,PT5M
15,152,12.1,0,0,0,957.2,70,3.7,167,PARTLY CLOUDY,4.8,2.1,2025-08-24T00:15:00+09:30,PT5M
15,157,12.1,0,0,0,957.2,69,3.7,167,PARTLY CLOUDY,4.9,2.1,2025-08-24T00:20:00+09:30,PT5M
14,163,14,0,0,0,957.2,69,3.7,168,PARTLY CLOUDY,5,2.1,2025-08-24T00:25:00+09:30,PT5M
14,168,14,0,0,0,957.2,69,3.7,168,PARTLY CLOUDY,5.2,2.1,2025-08-24T00:30:00+09:30,PT5M
14,174,14,0,0,0,957.2,69,3.6,168,PARTLY CLOUDY,5.3,2,2025-08-24T00:35:00+09:30,PT5M
14,180,12.1,0,0,0,957.2,69,3.6,168,PARTLY CLOUDY,5.5,2,2025-08-24T00:40:00+09:30,PT5M
14,-174,10.1,0,0,0,957.2,69,3.6,168,PARTLY CLOUDY,5.6,2,2025-08-24T00:45:00+09:30,PT5M
14,-168,14,0,0,0,957.1,69,3.7,168,PARTLY CLOUDY,5.7,2,2025-08-24T00:50:00+09:30,PT5M
14,-163,14,0,0,0,957.1,69,3.7,168,PARTLY CLOUDY,5.9,2,2025-08-24T00:55:00+09:30,PT5M
14,-157,17.8,0,0,0,957.1,68,3.7,167,PARTLY CLOUDY,6,2,2025-08-24T01:00:00+09:30,PT5M
14,-152,15.9,0,0,0,957.1,68,3.7,167,PARTLY CLOUDY,6.3,2,2025-08-24T01:05:00+09:30,PT5M
14,-148,14,0,0,0,957,68,3.7,166,PARTLY CLOUDY,6.7,2.1,2025-08-24T01:10:00+09:30,PT5M
14,-144,12.1,0,0,0,957,68,3.7,166,PARTLY CLOUDY,7.2,2.1,2025-08-24T01:15:00+09:30,PT5M
14,-140,10.1,0,0,0,957,68,3.7,165,PARTLY CLOUDY,7.6,2.2,2025-08-24T01:20:00+09:30,PT5M
14,-136,12.1,0,0,0,957,68,3.7,164,PARTLY CLOUDY,8,2.2,2025-08-24T01:25:00+09:30,PT5M
14,-133,14,0,0,0,956.9,68,3.7,163,PARTLY CLOUDY,8.4,2.3,2025-08-24T01:30:00+09:30,PT5M
14,-130,12.1,0,0,0,956.9,68,3.7,162,PARTLY CLOUDY,8.9,2.3,2025-08-24T01:35:00+09:30,PT5M
13,-127,8.2,0,0,0,956.9,68,3.7,161,MOSTLY CLEAR,9.3,2.4,2025-08-24T01:40:00+09:30,PT5M
13,-125,10.1,0,0,0,956.8,67,3.7,161,PARTLY CLOUDY,9.7,2.4,2025-08-24T01:45:00+09:30,PT5M
13,-123,12.1,0,0,0,956.8,67,3.7,160,PARTLY CLOUDY,10.1,2.5,2025-08-24T01:50:00+09:30,PT5M
13,-120,12.1,0,0,0,956.8,67,3.6,159,PARTLY CLOUDY,10.6,2.5,2025-08-24T01:55:00+09:30,PT5M
13,-119,12.1,0,0,0,956.7,67,3.6,158,PARTLY CLOUDY,11,2.6,2025-08-24T02:00:00+09:30,PT5M
13,-117,12.1,0,0,0,956.7,67,3.6,157,PARTLY CLOUDY,11.4,2.7,2025-08-24T02:05:00+09:30,PT5M
13,-115,12.1,0,0,0,956.7,67,3.6,156,PARTLY CLOUDY,11.8,2.8,2025-08-24T02:10:00+09:30,PT5M
13,-114,10.1,0,0,0,956.6,67,3.6,155,PARTLY CLOUDY,12.3,3,2025-08-24T02:15:00+09:30,PT5M
13,-112,8.2,0,0,0,956.6,67,3.6,153,MOSTLY CLEAR,12.7,3.1,2025-08-24T02:20:00+09:30,PT5M
13,-111,8.2,0,0,0,956.6,67,3.6,152,MOSTLY CLEAR,13.1,3.3,2025-08-24T02:25:00+09:30,PT5M
13,-110,0,0,0,0,956.5,67,3.6,151,CLEAR,13.5,3.4,2025-08-24T02:30:00+09:30,PT5M
13,-109,8.2,0,0,0,956.5,67,3.6,150,MOSTLY CLEAR,14,3.6,2025-08-24T02:35:00+09:30,PT5M
13,-107,10.1,0,0,0,956.5,67,3.6,149,PARTLY CLOUDY,14.4,3.7,2025-08-24T02:40:00+09:30,PT5M
13,-106,10.1,0,0,0,956.5,67,3.6,148,PARTLY CLOUDY,14.8,3.9,2025-08-24T02:45:00+09:30,PT5M
13,-105,10.1,0,0,0,956.5,66,3.6,147,PARTLY CLOUDY,15.2,4,2025-08-24T02:50:00+09:30,PT5M
13,-104,8.2,0,0,0,956.5,66,3.6,146,MOSTLY CLEAR,15.7,4.2,2025-08-24T02:55:00+09:30,PT5M
13,-104,8.2,0,0,0,956.5,66,3.7,145,MOSTLY CLEAR,16.1,4.3,2025-08-24T03:00:00+09:30,PT5M
13,-103,8.2,0,0,0,956.5,66,3.7,144,MOSTLY CLEAR,16.7,4.5,2025-08-24T03:05:00+09:30,PT5M
13,-102,8.2,0,0,0,956.4,66,3.7,142,MOSTLY CLEAR,17.5,4.8,2025-08-24T03:10:00+09:30,PT5M
13,-101,10.1,0,0,0,956.4,65,3.7,141,PARTLY CLOUDY,18.3,5,2025-08-24T03:15:00+09:30,PT5M
13,-100,10.1,0,0,0,956.4,65,3.7,140,PARTLY CLOUDY,19,5.2,2025-08-24T03:20:00+09:30,PT5M
13,-100,10.1,0,0,0,956.4,65,3.7,139,PARTLY CLOUDY,19.8,5.5,2025-08-24T03:25:00+09:30,PT5M
12,-99,10.1,0,0,0,956.4,65,3.8,138,PARTLY CLOUDY,20.6,5.7,2025-08-24T03:30:00+09:30,PT5M
12,-98,8.2,0,0,0,956.4,65,3.8,137,MOSTLY CLEAR,21.4,6,2025-08-24T03:35:00+09:30,PT5M
12,-98,0,0,0,0,956.4,64,3.8,136,CLEAR,22.2,6.2,2025-08-24T03:40:00+09:30,PT5M
12,-97,10.1,0,0,0,956.3,64,3.8,135,PARTLY CLOUDY,23,6.5,2025-08-24T03:45:00+09:30,PT5M
12,-96,12.1,0,0,0,956.3,64,3.8,133,PARTLY CLOUDY,23.7,6.7,2025-08-24T03:50:00+09:30,PT5M
12,-96,10.1,0,0,0,956.3,64,3.8,132,PARTLY CLOUDY,24.5,6.9,2025-08-24T03:55:00+09:30,PT5M
12,-95,0,0,0,0,956.3,63,3.8,131,CLEAR,25.3,7.2,2025-08-24T04:00:00+09:30,PT5M
12,-94,8.2,0,0,0,956.2,63,3.8,130,MOSTLY CLEAR,26.3,7.4,2025-08-24T04:05:00+09:30,PT5M
12,-94,10.1,0,0,0,956.2,63,3.8,129,PARTLY CLOUDY,27.4,7.8,2025-08-24T04:10:00+09:30,PT5M
12,-93,12.1,0,0,0,956.2,62,3.8,128,PARTLY CLOUDY,28.5,8,2025-08-24T04:15:00+09:30,PT5M
12,-93,14,0,0,0,956.2,62,3.8,127,PARTLY CLOUDY,29.7,8.4,2025-08-24T04:20:00+09:30,PT5M
12,-92,10.1,0,0,0,956.1,62,3.8,125,PARTLY CLOUDY,30.8,8.6,2025-08-24T04:25:00+09:30,PT5M
12,-92,10.1,0,0,0,956.1,62,3.8,124,PARTLY CLOUDY,31.9,9,2025-08-24T04:30:00+09:30,PT5M
12,-91,10.1,0,0,0,956.1,61,3.8,123,PARTLY CLOUDY,33.1,9.2,2025-08-24T04:35:00+09:30,PT5M
12,-91,10.1,0,0,0,956.1,61,3.8,122,PARTLY CLOUDY,34.2,9.6,2025-08-24T04:40:00+09:30,PT5M
12,-90,8.2,0,0,0,956.1,60,3.8,121,MOSTLY CLEAR,35.3,9.8,2025-08-24T04:45:00+09:30,PT5M
12,-90,8.2,0,0,0,956.1,60,3.8,120,MOSTLY CLEAR,36.5,10.2,2025-08-24T04:50:00+09:30,PT5M
12,-89,10.1,0,0,0,956.1,60,3.8,119,PARTLY CLOUDY,37.6,10.5,2025-08-24T04:55:00+09:30,PT5M
12,-89,12.1,0,0,0,956.1,59,3.8,117,PARTLY CLOUDY,38.7,10.8,2025-08-24T05:00:00+09:30,PT5M
12,-88,12.1,0,0,0,956.1,59,3.8,116,PARTLY CLOUDY,39.9,11,2025-08-24T05:05:00+09:30,PT5M
12,-88,14,0,0,0,956,58,3.8,115,PARTLY CLOUDY,41,11.3,2025-08-24T05:10:00+09:30,PT5M
12,-87,14,0,0,0,956,58,3.8,114,PARTLY CLOUDY,42.1,11.6,2025-08-24T05:15:00+09:30,PT5M
12,-87,14,0,0,0,956,58,3.8,113,PARTLY CLOUDY,43.3,11.8,2025-08-24T05:20:00+09:30,PT5M
12,-86,12.1,0,0,0,956,57,3.8,112,PARTLY CLOUDY,44.4,12.1,2025-08-24T05:25:00+09:30,PT5M
12,-86,10.1,0,0,0,956,57,3.8,111,PARTLY CLOUDY,45.5,12.4,2025-08-24T05:30:00+09:30,PT5M
12,-85,10.1,0,0,0,956,57,3.8,109,PARTLY CLOUDY,46.7,12.6,2025-08-24T05:35:00+09:30,PT5M
12,-85,10.1,0,0,0,956.1,56,3.8,108,PARTLY CLOUDY,47.8,12.9,2025-08-24T05:40:00+09:30,PT5M
12,-84,10.1,0,0,0,956.1,56,3.8,107,PARTLY CLOUDY,48.9,13.2,2025-08-24T05:45:00+09:30,PT5M
12,-84,12.1,0,0,0,956.2,55,3.9,106,PARTLY CLOUDY,50.1,13.4,2025-08-24T05:50:00+09:30,PT5M
12,-83,10.1,0,0,0,956.2,55,3.9,105,PARTLY CLOUDY,51.2,13.7,2025-08-24T05:55:00+09:30,PT5M
12,-83,12.1,0,0,0,956.3,55,3.9,104,PARTLY CLOUDY,52.3,14,2025-08-24T06:00:00+09:30,PT5M
12,-83,10.1,0,0,0,956.3,54,3.9,103,PARTLY CLOUDY,53,14.2,2025-08-24T06:05:00+09:30,PT5M
12,-82,10.1,0,0,0,956.4,54,3.9,101,PARTLY CLOUDY,53.2,14.4,2025-08-24T06:10:00+09:30,PT5M
12,-82,10.1,0,0,0,956.4,54,3.9,100,PARTLY CLOUDY,53.4,14.6,2025-08-24T06:15:00+09:30,PT5M
12,-81,12.1,0,0,0,956.5,53,3.9,99,PARTLY CLOUDY,53.6,14.8,2025-08-24T06:20:00+09:30,PT5M
12,-81,10.1,0,0,0,956.5,53,3.9,98,PARTLY CLOUDY,53.8,15,2025-08-24T06:25:00+09:30,PT5M
11,-80,8.2,0,0,0,956.6,52,3.9,97,MOSTLY CLEAR,54,15.2,2025-08-24T06:30:00+09:30,PT5M
12,-80,0,0,0,0,956.6,52,3.9,96,CLEAR,54.1,15.3,2025-08-24T06:35:00+09:30,PT5M
12,-79,8.2,0,0,0,956.7,51,4,95,MOSTLY CLEAR,54.3,15.5,2025-08-24T06:40:00+09:30,PT5M
12,-79,8.2,0,0,0,956.7,50,4,94,MOSTLY CLEAR,54.5,15.7,2025-08-24T06:45:00+09:30,PT5M
12,-78,8.2,0,0,0,956.7,49,4,92,MOSTLY CLEAR,54.7,15.9,2025-08-24T06:50:00+09:30,PT5M
12,-78,0,0,0,0,956.8,49,4,91,CLEAR,54.9,16.1,2025-08-24T06:55:00+09:30,PT5M
12,-77,0,0,0,0,956.8,48,4.1,90,CLEAR,55.1,16.3,2025-08-24T07:00:00+09:30,PT5M
12,-77,0,7,9,0,956.8,47,4.1,89,SUNNY,54.8,16.4,2025-08-24T07:05:00+09:30,PT5M
12,-76,0,19,25,0,956.9,46,4.1,88,SUNNY,54.1,16.5,2025-08-24T07:10:00+09:30,PT5M
13,-76,0,32,47,0,956.9,46,4.1,87,SUNNY,53.3,16.6,2025-08-24T07:15:00+09:30,PT5M
13,-75,0,46,75,0,956.9,45,4.2,86,SUNNY,52.6,16.7,2025-08-24T07:20:00+09:30,PT5M
13,-75,0,61,106,0,957,44,4.2,85,SUNNY,51.8,16.7,2025-08-24T07:25:00+09:30,PT5M
13,-74,0,78,128,0,957,43,4.2,84,SUNNY,51.1,16.8,2025-08-24T07:30:00+09:30,PT5M
13,-74,0,95,150,0,957,43,4.2,82,SUNNY,50.3,16.9,2025-08-24T07:35:00+09:30,PT5M
14,-73,0,112,172,0,957,43,4.2,81,SUNNY,49.6,17,2025-08-24T07:40:00+09:30,PT5M
14,-72,0,130,195,0,957.1,43,4.2,80,SUNNY,48.8,17,2025-08-24T07:45:00+09:30,PT5M
15,-72,0,148,217,0,957.1,43,4.2,79,SUNNY,48.1,17.1,2025-08-24T07:50:00+09:30,PT5M
15,-71,0,167,239,0,957.1,43,4.2,78,SUNNY,47.3,17.2,2025-08-24T07:55:00+09:30,PT5M
16,-71,0,185,262,0,957.1,43,4.2,77,SUNNY,46.6,17.3,2025-08-24T08:00:00+09:30,PT5M
16,-70,0,204,284,0,957.1,43,4.2,76,SUNNY,45.8,17.2,2025-08-24T08:05:00+09:30,PT5M
17,-70,0,223,306,0,957.1,42,4.2,75,SUNNY,45.1,17,2025-08-24T08:10:00+09:30,PT5M
17,-69,0,242,329,0,957.2,42,4.2,74,SUNNY,44.3,16.9,2025-08-24T08:15:00+09:30,PT5M
18,-68,0,261,351,0,957.2,42,4.2,73,SUNNY,43.6,16.7,2025-08-24T08:20:00+09:30,PT5M
18,-68,0,280,372,0,957.2,42,4.2,72,SUNNY,42.8,16.5,2025-08-24T08:25:00+09:30,PT5M
19,-67,0,298,394,0,957.2,42,4.2,71,SUNNY,42.1,16.3,2025-08-24T08:30:00+09:30,PT5M
19,-66,0,317,416,0,957.2,42,4.2,70,SUNNY,41.3,16.2,2025-08-24T08:35:00+09:30,PT5M
19,-66,0,336,437,0,957.3,42,4.3,69,SUNNY,40.6,16,2025-08-24T08:40:00+09:30,PT5M
19,-65,0,354,458,0,957.3,42,4.3,67,SUNNY,39.8,15.8,2025-08-24T08:45:00+09:30,PT5M
20,-64,0,372,479,0,957.4,42,4.4,66,SUNNY,39.1,15.6,2025-08-24T08:50:00+09:30,PT5M
20,-64,0,391,500,0,957.4,42,4.4,65,SUNNY,38.3,15.5,2025-08-24T08:55:00+09:30,PT5M
20,-63,0,409,520,0,957.5,42,4.5,64,SUNNY,37.6,15.3,2025-08-24T09:00:00+09:30,PT5M
20,-62,0,426,540,0,957.5,42,4.6,63,SUNNY,36.9,14.9,2025-08-24T09:05:00+09:30,PT5M
20,-61,0,444,560,0,957.5,42,4.6,62,SUNNY,36.2,14.3,2025-08-24T09:10:00+09:30,PT5M
20,-60,0,461,580,0,957.6,42,4.7,61,SUNNY,35.6,13.7,2025-08-24T09:15:00+09:30,PT5M
21,-60,0,479,600,0,957.6,42,4.7,60,SUNNY,35,13.1,2025-08-24T09:20:00+09:30,PT5M
21,-59,0,495,619,0,957.7,42,4.8,59,SUNNY,34.3,12.5,2025-08-24T09:25:00+09:30,PT5M
21,-58,0,512,637,0,957.7,42,4.9,58,SUNNY,33.7,11.9,2025-08-24T09:30:00+09:30,PT5M
21,-57,0,529,657,0,957.7,43,4.9,57,SUNNY,33,11.2,2025-08-24T09:35:00+09:30,PT5M
21,-56,0,546,675,0,957.7,43,4.9,56,SUNNY,32.4,10.6,2025-08-24T09:40:00+09:30,PT5M
21,-55,0,561,693,0,957.6,43,4.9,55,SUNNY,31.7,10,2025-08-24T09:45:00+09:30,PT5M
22,-54,0,577,710,0,957.6,43,4.9,55,SUNNY,31.1,9.4,2025-08-24T09:50:00+09:30,PT5M
22,-53,0,592,727,0,957.6,43,5,54,SUNNY,30.5,8.8,2025-08-24T09:55:00+09:30,PT5M
22,-52,0,606,744,0,957.5,44,5,53,SUNNY,29.8,8.2,2025-08-24T10:00:00+09:30,PT5M
22,-51,0,621,760,0,957.5,44,5,52,SUNNY,29.2,7.8,2025-08-24T10:05:00+09:30,PT5M
22,-50,0,635,775,0,957.5,44,5,51,SUNNY,28.7,7.6,2025-08-24T10:10:00+09:30,PT5M
23,-49,0,648,790,0,957.4,44,5,50,SUNNY,28.1,7.4,2025-08-24T10:15:00+09:30,PT5M
23,-48,0,661,805,0,957.4,44,5,49,SUNNY,27.6,7.2,2025-08-24T10:20:00+09:30,PT5M
23,-47,0,674,819,0,957.4,45,5.1,48,SUNNY,27.1,7,2025-08-24T10:25:00+09:30,PT5M
23,-45,0,686,833,0,957.3,45,5.1,48,SUNNY,26.5,6.8,2025-08-24T10:30:00+09:30,PT5M
23,-44,0,698,846,0,957.3,45,5.1,47,SUNNY,26,6.6,2025-08-24T10:35:00+09:30,PT5M
23,-43,0,710,859,0,957.2,45,5.1,46,SUNNY,25.4,6.4,2025-08-24T10:40:00+09:30,PT5M
24,-42,0,721,872,0,957.2,44,5.1,45,SUNNY,24.9,6.2,2025-08-24T10:45:00+09:30,PT5M
24,-40,0,732,884,0,957.1,44,5.1,44,SUNNY,24.4,6,2025-08-24T10:50:00+09:30,PT5M
24,-39,0,742,895,0,957.1,44,5,44,SUNNY,23.8,5.8,2025-08-24T10:55:00+09:30,PT5M
24,-37,0,752,906,0,957,44,5,43,SUNNY,23.3,5.6,2025-08-24T11:00:00+09:30,PT5M
25,-36,0,762,917,0,957,43,5,42,SUNNY,22.7,5.4,2025-08-24T11:05:00+09:30,PT5M
25,-34,0,771,927,0,956.9,43,5,42,SUNNY,22.2,5.3,2025-08-24T11:10:00+09:30,PT5M
25,-33,0,779,936,0,956.9,43,5,41,SUNNY,21.7,5.2,2025-08-24T11:15:00+09:30,PT5M
25,-31,0,787,945,0,956.8,42,5,40,SUNNY,21.1,5.1,2025-08-24T11:20:00+09:30,PT5M
25,-29,0,795,954,0,956.8,42,5,40,SUNNY,20.6,5,2025-08-24T11:25:00+09:30,PT5M
26,-28,0,802,962,0,956.7,42,5,39,SUNNY,20.1,4.9,2025-08-24T11:30:00+09:30,PT5M
26,-26,0,809,969,0,956.7,42,4.9,39,SUNNY,19.5,4.8,2025-08-24T11:35:00+09:30,PT5M
26,-24,0,815,976,0,956.6,41,4.9,38,SUNNY,19,4.7,2025-08-24T11:40:00+09:30,PT5M
26,-22,0,821,982,0,956.5,41,4.8,38,SUNNY,18.5,4.6,2025-08-24T11:45:00+09:30,PT5M
26,-20,0,826,988,0,956.4,41,4.8,37,SUNNY,17.9,4.5,2025-08-24T11:50:00+09:30,PT5M
26,-18,0,831,993,0,956.3,40,4.8,37,SUNNY,17.4,4.4,2025-08-24T11:55:00+09:30,PT5M
26,-16,0,835,998,0,956.2,40,4.7,37,SUNNY,16.9,4.3,2025-08-24T12:00:00+09:30,PT5M
26,-14,0,839,1002,0,956.1,40,4.7,36,SUNNY,16.4,4.2,2025-08-24T12:05:00+09:30,PT5M
27,-12,0,842,1006,0,956,39,4.6,36,SUNNY,16,4.1,2025-08-24T12:10:00+09:30,PT5M
27,-10,0,845,1009,0,955.9,39,4.6,36,SUNNY,15.6,4.1,2025-08-24T12:15:00+09:30,PT5M
27,-8,0,847,1012,0,955.8,39,4.5,36,SUNNY,15.2,4,2025-08-24T12:20:00+09:30,PT5M
27,-6,0,849,1014,0,955.7,38,4.5,36,SUNNY,14.8,3.9,2025-08-24T12:25:00+09:30,PT5M
27,-4,0,850,1015,0,955.6,38,4.4,35,SUNNY,14.4,3.9,2025-08-24T12:30:00+09:30,PT5M
27,-2,0,851,1016,0,955.5,37,4.4,35,SUNNY,13.9,3.8,2025-08-24T12:35:00+09:30,PT5M
27,0,0,851,1016,0,955.4,37,4.4,35,SUNNY,13.5,3.8,2025-08-24T12:40:00+09:30,PT5M
27,2,0,851,1016,0,955.3,37,4.4,35,SUNNY,13.1,3.7,2025-08-24T12:45:00+09:30,PT5M
28,4,0,850,1015,0,955.2,36,4.3,35,SUNNY,12.7,3.6,2025-08-24T12:50:00+09:30,PT5M
28,6,0,849,1014,0,955.1,36,4.3,36,SUNNY,12.3,3.6,2025-08-24T12:55:00+09:30,PT5M
28,9,0,847,1012,0,955,35,4.3,36,SUNNY,11.9,3.5,2025-08-24T13:00:00+09:30,PT5M
28,11,0,845,1009,0,954.8,35,4.3,36,SUNNY,11.6,3.5,2025-08-24T13:05:00+09:30,PT5M
28,13,0,842,1006,0,954.7,34,4.2,36,SUNNY,11.3,3.4,2025-08-24T13:10:00+09:30,PT5M
28,15,0,839,1003,0,954.6,34,4.2,36,SUNNY,11,3.4,2025-08-24T13:15:00+09:30,PT5M
28,17,0,835,998,0,954.5,33,4.2,37,SUNNY,10.7,3.4,2025-08-24T13:20:00+09:30,PT5M
28,19,0,831,994,0,954.4,33,4.2,37,SUNNY,10.4,3.3,2025-08-24T13:25:00+09:30,PT5M
28,21,0,826,988,0,954.2,32,4.1,37,SUNNY,10.1,3.3,2025-08-24T13:30:00+09:30,PT5M
29,22,0,821,983,0,954.2,32,4.1,38,SUNNY,9.8,3.2,2025-08-24T13:35:00+09:30,PT5M
29,24,0,815,976,0,954.1,31,4.1,38,SUNNY,9.5,3.2,2025-08-24T13:40:00+09:30,PT5M
29,26,0,809,969,0,954,31,4.1,39,SUNNY,9.2,3.1,2025-08-24T13:45:00+09:30,PT5M
29,28,0,802,962,0,954,30,4.1,39,SUNNY,8.9,3.1,2025-08-24T13:50:00+09:30,PT5M
29,30,0,795,954,0,953.9,30,4.1,40,SUNNY,8.6,3.1,2025-08-24T13:55:00+09:30,PT5M
29,31,0,787,945,0,953.8,29,4.1,40,SUNNY,8.3,3,2025-08-24T14:00:00+09:30,PT5M
29,33,0,779,936,0,953.8,28,4,41,SUNNY,8.1,3,2025-08-24T14:05:00+09:30,PT5M
29,34,0,771,927,0,953.7,28,4,42,SUNNY,7.8,3,2025-08-24T14:10:00+09:30,PT5M
29,36,0,762,917,0,953.6,27,4,42,SUNNY,7.5,2.9,2025-08-24T14:15:00+09:30,PT5M
29,37,0,752,906,0,953.5,27,4,43,SUNNY,7.2,2.9,2025-08-24T14:20:00+09:30,PT5M
29,39,0,742,895,0,953.5,26,4,44,SUNNY,6.9,2.9,2025-08-24T14:25:00+09:30,PT5M
30,40,0,732,884,0,953.4,26,4,44,SUNNY,6.6,2.9,2025-08-24T14:30:00+09:30,PT5M
30,42,0,721,872,0,953.4,25,4,45,SUNNY,6.4,2.8,2025-08-24T14:35:00+09:30,PT5M
30,43,0,710,859,0,953.3,24,4,46,SUNNY,6.1,2.8,2025-08-24T14:40:00+09:30,PT5M
30,44,0,698,846,0,953.2,23,4,47,SUNNY,5.8,2.8,2025-08-24T14:45:00+09:30,PT5M
30,46,0,686,833,0,953.2,23,4,48,SUNNY,5.5,2.8,2025-08-24T14:50:00+09:30,PT5M
30,47,0,674,819,0,953.1,22,4,48,SUNNY,5.2,2.7,2025-08-24T14:55:00+09:30,PT5M
30,48,0,661,805,0,953.1,21,4,49,SUNNY,4.9,2.7,2025-08-24T15:00:00+09:30,PT5M
30,49,0,648,790,0,953,20,4,50,SUNNY,4.7,2.6,2025-08-24T15:05:00+09:30,PT5M
30,50,0,635,775,0,952.9,20,4,51,SUNNY,4.6,2.6,2025-08-24T15:10:00+09:30,PT5M
30,51,0,621,759,0,952.9,19,4,52,SUNNY,4.5,2.4,2025-08-24T15:15:00+09:30,PT5M
30,52,0,607,743,0,952.8,18,4,53,SUNNY,4.4,2.4,2025-08-24T15:20:00+09:30,PT5M
30,53,0,592,727,0,952.8,17,4,54,SUNNY,4.3,2.3,2025-08-24T15:25:00+09:30,PT5M
30,54,0,577,711,0,952.7,17,4,55,SUNNY,4.2,2.2,2025-08-24T15:30:00+09:30,PT5M
30,55,0,562,694,0,952.7,16,3.9,56,SUNNY,4.1,2,2025-08-24T15:35:00+09:30,PT5M
30,56,0,546,676,0,952.6,16,3.9,56,SUNNY,4,2,2025-08-24T15:40:00+09:30,PT5M
30,57,0,530,658,0,952.6,16,3.9,57,SUNNY,3.9,1.8,2025-08-24T15:45:00+09:30,PT5M
30,58,0,514,640,0,952.6,15,3.9,58,SUNNY,3.8,1.8,2025-08-24T15:50:00+09:30,PT5M
30,59,0,498,622,0,952.6,15,3.9,59,SUNNY,3.7,1.6,2025-08-24T15:55:00+09:30,PT5M
30,60,0,481,603,0,952.6,15,3.9,60,SUNNY,3.6,1.6,2025-08-24T16:00:00+09:30,PT5M
29,61,0,464,584,0,952.6,15,3.9,61,SUNNY,3.5,1.5,2025-08-24T16:05:00+09:30,PT5M
29,61,0,447,564,0,952.5,15,3.9,62,SUNNY,3.6,1.5,2025-08-24T16:10:00+09:30,PT5M
29,62,0,429,544,0,952.5,14,3.9,63,SUNNY,3.6,1.5,2025-08-24T16:15:00+09:30,PT5M
29,63,0,411,524,0,952.5,14,3.8,64,SUNNY,3.7,1.6,2025-08-24T16:20:00+09:30,PT5M
29,64,0,393,504,0,952.5,14,3.8,65,SUNNY,3.8,1.6,2025-08-24T16:25:00+09:30,PT5M
29,64,0,375,483,0,952.5,14,3.8,66,SUNNY,3.8,1.6,2025-08-24T16:30:00+09:30,PT5M
29,65,0,357,462,0,952.5,14,3.8,67,SUNNY,3.9,1.6,2025-08-24T16:35:00+09:30,PT5M
29,66,0,339,441,0,952.5,14,3.8,68,SUNNY,3.9,1.6,2025-08-24T16:40:00+09:30,PT5M
29,67,0,320,420,0,952.5,14,3.8,70,SUNNY,4,1.6,2025-08-24T16:45:00+09:30,PT5M
29,67,0,301,399,0,952.5,14,3.8,71,SUNNY,4.1,1.7,2025-08-24T16:50:00+09:30,PT5M
29,68,0,282,377,0,952.5,14,3.8,72,SUNNY,4.1,1.7,2025-08-24T16:55:00+09:30,PT5M
29,68,0,264,355,0,952.5,15,3.8,73,SUNNY,4.2,1.7,2025-08-24T17:00:00+09:30,PT5M
29,69,0,245,333,0,952.5,15,3.8,74,SUNNY,4.2,1.7,2025-08-24T17:05:00+09:30,PT5M
28,70,0,226,311,0,952.5,15,3.8,75,SUNNY,4.3,1.7,2025-08-24T17:10:00+09:30,PT5M
28,70,0,207,289,0,952.5,15,3.8,76,SUNNY,4.4,1.7,2025-08-24T17:15:00+09:30,PT5M
28,71,0,188,267,0,952.6,15,3.8,77,SUNNY,4.4,1.7,2025-08-24T17:20:00+09:30,PT5M
28,72,0,169,244,0,952.6,15,3.7,78,SUNNY,4.5,1.7,2025-08-24T17:25:00+09:30,PT5M
28,72,0,151,222,0,952.6,15,3.7,79,SUNNY,4.6,1.7,2025-08-24T17:30:00+09:30,PT5M
28,73,0,133,200,0,952.6,16,3.7,80,SUNNY,4.6,1.8,2025-08-24T17:35:00+09:30,PT5M
27,73,0,114,178,0,952.6,17,3.6,81,SUNNY,4.7,1.8,2025-08-24T17:40:00+09:30,PT5M
27,74,0,97,155,0,952.6,18,3.5,82,SUNNY,4.8,1.8,2025-08-24T17:45:00+09:30,PT5M
27,74,0,80,133,0,952.7,20,3.4,84,SUNNY,4.8,1.8,2025-08-24T17:50:00+09:30,PT5M
27,75,0,63,111,0,952.7,21,3.3,85,SUNNY,4.9,1.8,2025-08-24T17:55:00+09:30,PT5M
27,75,8.2,44,67,0,952.7,22,3.2,86,MOSTLY SUNNY,5,1.8,2025-08-24T18:00:00+09:30,PT5M
26,76,10.1,30,41,0,952.7,24,3.2,87,PARTLY CLOUDY,5,1.8,2025-08-24T18:05:00+09:30,PT5M
26,76,12.1,17,21,0,952.8,25,3.1,88,PARTLY CLOUDY,5.1,1.8,2025-08-24T18:10:00+09:30,PT5M
26,77,10.1,7,8,0,952.8,27,3,89,PARTLY CLOUDY,5.1,1.9,2025-08-24T18:15:00+09:30,PT5M
26,77,8.2,0,0,0,952.8,28,2.9,90,MOSTLY CLEAR,5.1,1.9,2025-08-24T18:20:00+09:30,PT5M
26,78,8.2,0,0,0,952.8,30,2.9,91,MOSTLY CLEAR,5.2,1.9,2025-08-24T18:25:00+09:30,PT5M
25,78,8.2,0,0,0,952.9,32,2.8,92,MOSTLY CLEAR,5.2,1.9,2025-08-24T18:30:00+09:30,PT5M
25,79,0,0,0,0,952.9,33,2.8,94,CLEAR,5.3,2,2025-08-24T18:35:00+09:30,PT5M
25,79,8.2,0,0,0,952.9,33,2.8,95,MOSTLY CLEAR,5.3,2,2025-08-24T18:40:00+09:30,PT5M
25,80,0,0,0,0,953,34,2.9,96,CLEAR,5.4,2,2025-08-24T18:45:00+09:30,PT5M
24,80,8.2,0,0,0,953,34,2.9,97,MOSTLY CLEAR,5.4,2,2025-08-24T18:50:00+09:30,PT5M
24,81,8.2,0,0,0,953.1,34,3,98,MOSTLY CLEAR,5.4,2.1,2025-08-24T18:55:00+09:30,PT5M
24,81,8.2,0,0,0,953.1,34,3,99,MOSTLY CLEAR,5.5,2.1,2025-08-24T19:00:00+09:30,PT5M
24,82,8.2,0,0,0,953.1,34,3,100,MOSTLY CLEAR,5.5,2.1,2025-08-24T19:05:00+09:30,PT5M
23,82,0,0,0,0,953.2,34,3.1,101,CLEAR,5.6,2.1,2025-08-24T19:10:00+09:30,PT5M
23,83,8.2,0,0,0,953.2,35,3.1,103,MOSTLY CLEAR,5.6,2.1,2025-08-24T19:15:00+09:30,PT5M
23,83,10.1,0,0,0,953.3,35,3.2,104,PARTLY CLOUDY,5.6,2.2,2025-08-24T19:20:00+09:30,PT5M
23,84,8.2,0,0,0,953.3,35,3.2,105,MOSTLY CLEAR,5.6,2.2,2025-08-24T19:25:00+09:30,PT5M
22,84,0,0,0,0,953.4,35,3.3,106,CLEAR,5.7,2.2,2025-08-24T19:30:00+09:30,PT5M
22,85,0,0,0,0,953.4,35,3.3,107,CLEAR,5.7,2.2,2025-08-24T19:35:00+09:30,PT5M
22,85,0,0,0,0,953.4,36,3.3,108,CLEAR,5.8,2.2,2025-08-24T19:40:00+09:30,PT5M
22,86,0,0,0,0,953.5,36,3.4,109,CLEAR,5.8,2.2,2025-08-24T19:45:00+09:30,PT5M
22,86,0,0,0,0,953.5,37,3.4,111,CLEAR,5.8,2.3,2025-08-24T19:50:00+09:30,PT5M
21,87,8.2,0,0,0,953.6,37,3.4,112,MOSTLY CLEAR,5.8,2.3,2025-08-24T19:55:00+09:30,PT5M
21,87,8.2,0,0,0,953.6,38,3.5,113,MOSTLY CLEAR,5.9,2.3,2025-08-24T20:00:00+09:30,PT5M
21,87,0,0,0,0,953.7,38,3.5,114,CLEAR,5.9,2.3,2025-08-24T20:05:00+09:30,PT5M
21,88,0,0,0,0,953.7,39,3.5,115,CLEAR,5.9,2.3,2025-08-24T20:10:00+09:30,PT5M
21,88,0,0,0,0,953.7,39,3.6,116,CLEAR,6,2.4,2025-08-24T20:15:00+09:30,PT5M
20,89,8.2,0,0,0,953.8,40,3.6,117,MOSTLY CLEAR,6,2.4,2025-08-24T20:20:00+09:30,PT5M
20,89,8.2,0,0,0,953.8,40,3.6,119,MOSTLY CLEAR,6,2.4,2025-08-24T20:25:00+09:30,PT5M
20,90,0,0,0,0,953.9,40,3.7,120,CLEAR,6,2.4,2025-08-24T20:30:00+09:30,PT5M
20,90,0,0,0,0,953.9,41,3.7,121,CLEAR,6.1,2.5,2025-08-24T20:35:00+09:30,PT5M
20,91,0,0,0,0,953.9,41,3.7,122,CLEAR,6.1,2.5,2025-08-24T20:40:00+09:30,PT5M
20,91,0,0,0,0,954,41,3.7,123,CLEAR,6.1,2.5,2025-08-24T20:45:00+09:30,PT5M
20,92,0,0,0,0,954,41,3.7,124,CLEAR,6.1,2.5,2025-08-24T20:50:00+09:30,PT5M
20,93,8.2,0,0,0,954,41,3.8,125,MOSTLY CLEAR,6.2,2.6,2025-08-24T20:55:00+09:30,PT5M
20,93,10.1,0,0,0,954.1,41,3.8,127,PARTLY CLOUDY,6.2,2.6,2025-08-24T21:00:00+09:30,PT5M
19,94,10.1,0,0,0,954.1,41,3.8,128,PARTLY CLOUDY,6.2,2.6,2025-08-24T21:05:00+09:30,PT5M
19,94,10.1,0,0,0,954.1,41,3.8,129,PARTLY CLOUDY,6.3,2.6,2025-08-24T21:10:00+09:30,PT5M
19,95,8.2,0,0,0,954.2,42,3.8,130,MOSTLY CLEAR,6.3,2.7,2025-08-24T21:15:00+09:30,PT5M
19,95,0,0,0,0,954.2,42,3.9,131,CLEAR,6.3,2.7,2025-08-24T21:20:00+09:30,PT5M
19,96,8.2,0,0,0,954.2,42,3.9,132,MOSTLY CLEAR,6.4,2.7,2025-08-24T21:25:00+09:30,PT5M
19,97,10.1,0,0,0,954.3,42,3.9,133,PARTLY CLOUDY,6.4,2.7,2025-08-24T21:30:00+09:30,PT5M
19,97,8.2,0,0,0,954.3,42,3.9,135,MOSTLY CLEAR,6.5,2.8,2025-08-24T21:35:00+09:30,PT5M
19,98,8.2,0,0,0,954.3,42,3.9,136,MOSTLY CLEAR,6.5,2.8,2025-08-24T21:40:00+09:30,PT5M
19,99,8.2,0,0,0,954.3,42,3.9,137,MOSTLY CLEAR,6.6,2.8,2025-08-24T21:45:00+09:30,PT5M
19,99,8.2,0,0,0,954.3,42,4,138,MOSTLY CLEAR,6.6,2.8,2025-08-24T21:50:00+09:30,PT5M
19,100,8.2,0,0,0,954.3,42,4,139,MOSTLY CLEAR,6.6,2.9,2025-08-24T21:55:00+09:30,PT5M
19,101,8.2,0,0,0,954.3,41,4,140,MOSTLY CLEAR,6.7,2.9,2025-08-24T22:00:00+09:30,PT5M
19,101,8.2,0,0,0,954.3,41,4,141,MOSTLY CLEAR,6.7,2.9,2025-08-24T22:05:00+09:30,PT5M
19,102,8.2,0,0,0,954.4,41,4,142,MOSTLY CLEAR,6.8,3,2025-08-24T22:10:00+09:30,PT5M
19,103,10.1,0,0,0,954.4,41,4,144,PARTLY CLOUDY,6.9,3,2025-08-24T22:15:00+09:30,PT5M
19,104,10.1,0,0,0,954.4,41,4.1,145,PARTLY CLOUDY,7,3,2025-08-24T22:20:00+09:30,PT5M
19,105,14,0,0,0,954.4,41,4.1,146,PARTLY CLOUDY,7,3,2025-08-24T22:25:00+09:30,PT5M
19,106,14,0,0,0,954.4,41,4.1,147,PARTLY CLOUDY,7.1,3.1,2025-08-24T22:30:00+09:30,PT5M
19,107,14,0,0,0,954.4,41,4.1,148,PARTLY CLOUDY,7.2,3.1,2025-08-24T22:35:00+09:30,PT5M
19,108,14,0,0,0,954.4,41,4.1,149,PARTLY CLOUDY,7.3,3.2,2025-08-24T22:40:00+09:30,PT5M
18,109,12.1,0,0,0,954.4,40,4.2,150,PARTLY CLOUDY,7.3,3.2,2025-08-24T22:45:00+09:30,PT5M
18,110,10.1,0,0,0,954.4,40,4.2,151,PARTLY CLOUDY,7.4,3.2,2025-08-24T22:50:00+09:30,PT5M
18,112,12.1,0,0,0,954.4,40,4.2,152,PARTLY CLOUDY,7.5,3.2,2025-08-24T22:55:00+09:30,PT5M
18,113,14,0,0,0,954.4,40,4.2,153,PARTLY CLOUDY,7.6,3.3,2025-08-24T23:00:00+09:30,PT5M
18,114,14,0,0,0,954.4,40,4.2,154,PARTLY CLOUDY,7.6,3.3,2025-08-24T23:05:00+09:30,PT5M
18,116,14,0,0,0,954.5,39,4.3,155,PARTLY CLOUDY,7.7,3.3,2025-08-24T23:10:00+09:30,PT5M
18,118,12.1,0,0,0,954.5,39,4.3,156,PARTLY CLOUDY,7.7,3.3,2025-08-24T23:15:00+09:30,PT5M
18,119,10.1,0,0,0,954.5,39,4.3,157,PARTLY CLOUDY,7.8,3.4,2025-08-24T23:20:00+09:30,PT5M
18,121,10.1,0,0,0,954.5,39,4.3,158,PARTLY CLOUDY,7.9,3.4,2025-08-24T23:25:00+09:30,PT5M
18,123,10.1,0,0,0,954.5,39,4.3,159,PARTLY CLOUDY,7.9,3.4,2025-08-24T23:30:00+09:30,PT5M
17,126,14,0,0,0,954.5,38,4.3,160,PARTLY CLOUDY,8,3.4,2025-08-24T23:35:00+09:30,PT5M
17,128,15.9,0,0,0,954.5,38,4.3,161,PARTLY CLOUDY,8,3.4,2025-08-24T23:40:00+09:30,PT5M
17,131,14,0,0,0,954.4,37,4.4,162,PARTLY CLOUDY,8.1,3.4,2025-08-24T23:45:00+09:30,PT5M
17,134,12.1,0,0,0,954.4,37,4.4,163,PARTLY CLOUDY,8.2,3.5,2025-08-24T23:50:00+09:30,PT5M
17,137,10.1,0,0,0,954.4,36,4.4,164,PARTLY CLOUDY,8.2,3.5,2025-08-24T23:55:00+09:30,PT5M
17,141,10.1,0,0,0,954.4,36,4.4,165,PARTLY CLOUDY,8.3,3.5,2025-08-25T00:00:00+09:30,PT5M
17,144,10.1,0,0,0,954.4,35,4.4,165,PARTLY CLOUDY,8.3,3.5,2025-08-25T00:05:00+09:30,PT5M
17,149,8.2,0,0,0,954.4,35,4.4,166,MOSTLY CLEAR,8.4,3.6,2025-08-25T00:10:00+09:30,PT5M
17,153,10.1,0,0,0,954.3,35,4.4,166,PARTLY CLOUDY,8.5,3.6,2025-08-25T00:15:00+09:30,PT5M
17,158,12.1,0,0,0,954.3,34,4.4,167,PARTLY CLOUDY,8.6,3.6,2025-08-25T00:20:00+09:30,PT5M
17,163,14,0,0,0,954.3,34,4.4,167,PARTLY CLOUDY,8.6,3.7,2025-08-25T00:25:00+09:30,PT5M
17,169,14,0,0,0,954.3,33,4.4,168,PARTLY CLOUDY,8.7,3.7,2025-08-25T00:30:00+09:30,PT5M
17,174,14,0,0,0,954.3,33,4.4,168,PARTLY CLOUDY,8.8,3.7,2025-08-25T00:35:00+09:30,PT5M
17,-180,12.1,0,0,0,954.3,32,4.4,168,PARTLY CLOUDY,8.9,3.8,2025-08-25T00:40:00+09:30,PT5M
17,-174,12.1,0,0,0,954.2,32,4.4,168,PARTLY CLOUDY,8.9,3.8,2025-08-25T00:45:00+09:30,PT5M
16,-168,12.1,0,0,0,954.2,31,4.4,168,PARTLY CLOUDY,9,3.8,2025-08-25T00:50:00+09:30,PT5M
16,-163,12.1,0,0,0,954.2,31,4.3,167,PARTLY CLOUDY,9.1,3.9,2025-08-25T00:55:00+09:30,PT5M
16,-158,12.1,0,0,0,954.2,30,4.3,167,PARTLY CLOUDY,9.2,3.9,2025-08-25T01:00:00+09:30,PT5M
16,-153,12.1,0,0,0,954.1,30,4.3,166,PARTLY CLOUDY,9.2,3.9,2025-08-25T01:05:00+09:30,PT5M
16,-148,12.1,0,0,0,954.1,29,4.3,166,PARTLY CLOUDY,9.3,3.9,2025-08-25T01:10:00+09:30,PT5M
16,-144,12.1,0,0,0,954.1,28,4.3,165,PARTLY CLOUDY,9.4,3.9,2025-08-25T01:15:00+09:30,PT5M
16,-140,14,0,0,0,954,28,4.3,164,PARTLY CLOUDY,9.5,4,2025-08-25T01:20:00+09:30,PT5M
16,-137,14,0,0,0,954,27,4.3,164,PARTLY CLOUDY,9.6,4,2025-08-25T01:25:00+09:30,PT5M
16,-134,14,0,0,0,954,27,4.3,163,PARTLY CLOUDY,9.7,4,2025-08-25T01:30:00+09:30,PT5M
16,-131,14,0,0,0,954,26,4.2,162,PARTLY CLOUDY,9.8,4,2025-08-25T01:35:00+09:30,PT5M
16,-128,14,0,0,0,953.9,26,4.2,161,PARTLY CLOUDY,9.9,4,2025-08-25T01:40:00+09:30,PT5M
16,-125,15.9,0,0,0,953.9,25,4.2,160,PARTLY CLOUDY,10,4,2025-08-25T01:45:00+09:30,PT5M
16,-123,17.8,0,0,0,953.9,24,4.2,159,PARTLY CLOUDY,10.1,4.1,2025-08-25T01:50:00+09:30,PT5M
16,-121,15.9,0,0,0,953.8,24,4.2,158,PARTLY CLOUDY,10.2,4.1,2025-08-25T01:55:00+09:30,PT5M
16,-119,15.9,0,0,0,953.8,23,4.2,157,PARTLY CLOUDY,10.3,4.1,2025-08-25T02:00:00+09:30,PT5M
16,-117,14,0,0,0,953.8,23,4.2,156,PARTLY CLOUDY,10.3,4.1,2025-08-25T02:05:00+09:30,PT5M
16,-116,14,0,0,0,953.7,22,4.2,155,PARTLY CLOUDY,10.4,4.1,2025-08-25T02:10:00+09:30,PT5M
16,-114,14,0,0,0,953.7,21,4.2,154,PARTLY CLOUDY,10.5,4.2,2025-08-25T02:15:00+09:30,PT5M
16,-113,15.9,0,0,0,953.7,21,4.2,153,PARTLY CLOUDY,10.6,4.2,2025-08-25T02:20:00+09:30,PT5M
16,-112,14,0,0,0,953.6,20,4.2,152,PARTLY CLOUDY,10.7,4.2,2025-08-25T02:25:00+09:30,PT5M
15,-110,10.1,0,0,0,953.6,20,4.2,151,PARTLY CLOUDY,10.8,4.2,2025-08-25T02:30:00+09:30,PT5M
15,-109,12.1,0,0,0,953.6,19,4.2,150,PARTLY CLOUDY,10.9,4.3,2025-08-25T02:35:00+09:30,PT5M
15,-108,10.1,0,0,0,953.6,19,4.2,149,PARTLY CLOUDY,11,4.3,2025-08-25T02:40:00+09:30,PT5M
15,-107,12.1,0,0,0,953.6,18,4.3,148,PARTLY CLOUDY,11.1,4.3,2025-08-25T02:45:00+09:30,PT5M
15,-106,12.1,0,0,0,953.6,18,4.3,147,PARTLY CLOUDY,11.2,4.3,2025-08-25T02:50:00+09:30,PT5M
15,-105,12.1,0,0,0,953.6,17,4.3,146,PARTLY CLOUDY,11.3,4.4,2025-08-25T02:55:00+09:30,PT5M
15,-104,12.1,0,0,0,953.6,17,4.3,145,PARTLY CLOUDY,11.4,4.4,2025-08-25T03:00:00+09:30,PT5M
15,-103,12.1,0,0,0,953.6,16,4.3,143,PARTLY CLOUDY,11.5,4.4,2025-08-25T03:05:00+09:30,PT5M
15,-102,10.1,0,0,0,953.6,16,4.3,142,PARTLY CLOUDY,11.6,4.4,2025-08-25T03:10:00+09:30,PT5M
15,-102,14,0,0,0,953.6,15,4.3,141,PARTLY CLOUDY,11.8,4.5,2025-08-25T03:15:00+09:30,PT5M
15,-101,12.1,0,0,0,953.6,15,4.3,140,PARTLY CLOUDY,11.9,4.5,2025-08-25T03:20:00+09:30,PT5M
15,-100,10.1,0,0,0,953.6,14,4.3,139,PARTLY CLOUDY,12,4.5,2025-08-25T03:25:00+09:30,PT5M
15,-99,10.1,0,0,0,953.6,14,4.3,138,PARTLY CLOUDY,12.2,4.5,2025-08-25T03:30:00+09:30,PT5M
15,-99,8.2,0,0,0,953.6,13,4.3,137,MOSTLY CLEAR,12.3,4.6,2025-08-25T03:35:00+09:30,PT5M
15,-98,0,0,0,0,953.6,13,4.3,136,CLEAR,12.5,4.6,2025-08-25T03:40:00+09:30,PT5M
15,-97,10.1,0,0,0,953.5,12,4.3,134,PARTLY CLOUDY,12.6,4.6,2025-08-25T03:45:00+09:30,PT5M
15,-97,12.1,0,0,0,953.5,12,4.3,133,PARTLY CLOUDY,12.7,4.6,2025-08-25T03:50:00+09:30,PT5M
15,-96,12.1,0,0,0,953.5,11,4.3,132,PARTLY CLOUDY,12.9,4.7,2025-08-25T03:55:00+09:30,PT5M
15,-95,12.1,0,0,0,953.5,11,4.3,131,PARTLY CLOUDY,13,4.7,2025-08-25T04:00:00+09:30,PT5M
15,-95,14,0,0,0,953.5,10,4.3,130,PARTLY CLOUDY,13.2,4.7,2025-08-25T04:05:00+09:30,PT5M
15,-94,14,0,0,0,953.5,10,4.3,129,PARTLY CLOUDY,13.4,4.8,2025-08-25T04:10:00+09:30,PT5M
15,-94,12.1,0,0,0,953.4,10,4.3,128,PARTLY CLOUDY,13.6,4.8,2025-08-25T04:15:00+09:30,PT5M
15,-93,10.1,0,0,0,953.4,9,4.3,126,PARTLY CLOUDY,13.7,4.8,2025-08-25T04:20:00+09:30,PT5M
15,-93,12.1,0,0,0,953.4,9,4.3,125,PARTLY CLOUDY,13.9,4.9,2025-08-25T04:25:00+09:30,PT5M
15,-92,12.1,0,0,0,953.4,8,4.3,124,PARTLY CLOUDY,14.1,4.9,2025-08-25T04:30:00+09:30,PT5M
15,-92,12.1,0,0,0,953.4,8,4.3,123,PARTLY CLOUDY,14.3,5,2025-08-25T04:35:00+09:30,PT5M
14,-91,12.1,0,0,0,953.4,7,4.3,122,PARTLY CLOUDY,14.5,5,2025-08-25T04:40:00+09:30,PT5M
14,-91,12.1,0,0,0,953.4,7,4.3,121,PARTLY CLOUDY,14.7,5.1,2025-08-25T04:45:00+09:30,PT5M
14,-90,14,0,0,0,953.4,6,4.3,120,PARTLY CLOUDY,14.8,5.1,2025-08-25T04:50:00+09:30,PT5M
14,-90,14,0,0,0,953.3,6,4.3,118,PARTLY CLOUDY,15,5.1,2025-08-25T04:55:00+09:30,PT5M
14,-89,12.1,0,0,0,953.3,6,4.3,117,PARTLY CLOUDY,15.2,5.2,2025-08-25T05:00:00+09:30,PT5M
14,-89,10.1,0,0,0,953.3,5,4.3,116,PARTLY CLOUDY,15.4,5.2,2025-08-25T05:05:00+09:30,PT5M
14,-88,10.1,0,0,0,953.3,5,4.3,115,PARTLY CLOUDY,15.6,5.3,2025-08-25T05:10:00+09:30,PT5M
14,-88,10.1,0,0,0,953.3,4,4.3,114,PARTLY CLOUDY,15.8,5.3,2025-08-25T05:15:00+09:30,PT5M
13,-87,8.2,0,0,0,953.3,4,4.3,113,MOSTLY CLEAR,15.9,5.4,2025-08-25T05:20:00+09:30,PT5M
13,-87,0,0,0,0,953.3,3,4.3,112,CLEAR,16.1,5.4,2025-08-25T05:25:00+09:30,PT5M
13,-86,0,0,0,0,953.3,3,4.3,110,CLEAR,16.3,5.5,2025-08-25T05:30:00+09:30,PT5M
13,-86,0,0,0,0,953.3,3,4.3,109,CLEAR,16.5,5.5,2025-08-25T05:35:00+09:30,PT5M
13,-85,8.2,0,0,0,953.3,2,4.3,108,MOSTLY CLEAR,16.7,5.6,2025-08-25T05:40:00+09:30,PT5M
13,-85,0,0,0,0,953.3,2,4.3,107,CLEAR,16.9,5.6,2025-08-25T05:45:00+09:30,PT5M
13,-84,0,0,0,0,953.4,2,4.4,106,CLEAR,17,5.7,2025-08-25T05:50:00+09:30,PT5M
13,-84,8.2,0,0,0,953.4,2,4.4,105,MOSTLY CLEAR,17.2,5.7,2025-08-25T05:55:00+09:30,PT5M
13,-83,0,0,0,0,953.4,2,4.4,104,CLEAR,17.4,5.8,2025-08-25T06:00:00+09:30,PT5M
13,-83,0,0,0,0,953.4,2,4.4,102,CLEAR,17.4,5.8,2025-08-25T06:05:00+09:30,PT5M
13,-82,0,0,0,0,953.5,2,4.4,101,CLEAR,17.3,5.9,2025-08-25T06:10:00+09:30,PT5M
13,-82,0,0,0,0,953.5,2,4.4,100,CLEAR,17.2,5.9,2025-08-25T06:15:00+09:30,PT5M
13,-81,8.2,0,0,0,953.5,2,4.5,99,MOSTLY CLEAR,17.1,6,2025-08-25T06:20:00+09:30,PT5M
13,-81,8.2,0,0,0,953.5,1,4.5,98,MOSTLY CLEAR,17,6.1,2025-08-25T06:25:00+09:30,PT5M
13,-80,10.1,0,0,0,953.6,1,4.5,97,PARTLY CLOUDY,16.9,6.1,2025-08-25T06:30:00+09:30,PT5M
13,-80,8.2,0,0,0,953.6,1,4.5,96,MOSTLY CLEAR,16.8,6.2,2025-08-25T06:35:00+09:30,PT5M
13,-80,0,0,0,0,953.6,1,4.6,95,CLEAR,16.7,6.2,2025-08-25T06:40:00+09:30,PT5M
13,-79,0,0,0,0,953.6,2,4.6,93,CLEAR,16.6,6.3,2025-08-25T06:45:00+09:30,PT5M
13,-79,8.2,0,0,0,953.6,2,4.6,92,MOSTLY CLEAR,16.5,6.4,2025-08-25T06:50:00+09:30,PT5M
13,-78,8.2,0,0,0,953.7,2,4.7,91,MOSTLY CLEAR,16.4,6.4,2025-08-25T06:55:00+09:30,PT5M
14,-78,10.1,0,0,0,953.7,2,4.7,90,PARTLY CLOUDY,16.3,6.5,2025-08-25T07:00:00+09:30,PT5M
14,-77,10.1,9,10,0,953.7,2,4.7,89,PARTLY CLOUDY,16,6.5,2025-08-25T07:05:00+09:30,PT5M
14,-77,8.2,20,26,0,953.7,2,4.8,88,MOSTLY SUNNY,15.6,6.6,2025-08-25T07:10:00+09:30,PT5M
14,-76,8.2,33,46,0,953.7,2,4.8,87,MOSTLY SUNNY,15.2,6.6,2025-08-25T07:15:00+09:30,PT5M
15,-75,0,51,86,0,953.7,2,4.8,86,SUNNY,14.8,6.7,2025-08-25T07:20:00+09:30,PT5M
15,-75,0,67,115,0,953.8,2,4.9,84,SUNNY,14.4,6.8,2025-08-25T07:25:00+09:30,PT5M
15,-74,0,84,138,0,953.8,2,4.9,83,SUNNY,14,6.8,2025-08-25T07:30:00+09:30,PT5M
15,-74,0,101,160,0,953.8,2,4.9,82,SUNNY,13.6,6.9,2025-08-25T07:35:00+09:30,PT5M
16,-73,0,120,183,0,953.9,2,4.9,81,SUNNY,13.2,6.9,2025-08-25T07:40:00+09:30,PT5M
16,-73,0,138,206,0,953.9,2,4.9,80,SUNNY,12.8,7,2025-08-25T07:45:00+09:30,PT5M
17,-72,0,157,228,0,954,2,5,79,SUNNY,12.4,7.1,2025-08-25T07:50:00+09:30,PT5M
18,-72,0,176,251,0,954,1,5,78,SUNNY,12,7.1,2025-08-25T07:55:00+09:30,PT5M
18,-71,0,195,274,0,954.1,1,5,77,SUNNY,11.6,7.2,2025-08-25T08:00:00+09:30,PT5M
19,-70,0,214,297,0,954.1,1,5,76,SUNNY,11.2,7.2,2025-08-25T08:05:00+09:30,PT5M
19,-70,0,233,319,0,954.2,1,5,75,SUNNY,10.8,7.2,2025-08-25T08:10:00+09:30,PT5M
20,-69,0,253,342,0,954.2,1,5,74,SUNNY,10.4,7.2,2025-08-25T08:15:00+09:30,PT5M
20,-69,0,272,364,0,954.3,0,5.1,73,SUNNY,10,7.2,2025-08-25T08:20:00+09:30,PT5M
21,-68,0,291,387,0,954.3,0,5.1,71,SUNNY,9.6,7.2,2025-08-25T08:25:00+09:30,PT5M
21,-67,0,311,409,0,954.4,0,5.1,70,SUNNY,9.2,7.2,2025-08-25T08:30:00+09:30,PT5M
22,-67,0,330,431,0,954.4,360,5.1,69,SUNNY,8.8,7.3,2025-08-25T08:35:00+09:30,PT5M
22,-66,0,349,452,0,954.4,359,5.2,68,SUNNY,8.4,7.3,2025-08-25T08:40:00+09:30,PT5M
22,-65,0,368,474,0,954.4,359,5.3,67,SUNNY,8,7.3,2025-08-25T08:45:00+09:30,PT5M
22,-65,0,386,495,0,954.4,359,5.3,66,SUNNY,7.6,7.3,2025-08-25T08:50:00+09:30,PT5M
23,-64,0,405,516,0,954.4,358,5.4,65,SUNNY,7.3,7.3,2025-08-25T08:55:00+09:30,PT5M
23,-63,0,423,537,0,954.4,358,5.5,64,SUNNY,7.3,7.3,2025-08-25T09:00:00+09:30,PT5M
23,-62,0,442,558,0,954.4,358,5.5,63,SUNNY,7.1,7.1,2025-08-25T09:05:00+09:30,PT5M
23,-62,0,460,578,0,954.4,357,5.6,62,SUNNY,6.8,6.8,2025-08-25T09:10:00+09:30,PT5M
23,-61,0,477,598,0,954.4,357,5.7,61,SUNNY,6.5,6.5,2025-08-25T09:15:00+09:30,PT5M
24,-60,0,495,618,0,954.4,357,5.7,60,SUNNY,6.2,6.2,2025-08-25T09:20:00+09:30,PT5M
24,-59,0,512,638,0,954.4,357,5.8,59,SUNNY,5.9,5.9,2025-08-25T09:25:00+09:30,PT5M
24,-58,0,529,657,0,954.4,356,5.9,58,SUNNY,5.6,5.6,2025-08-25T09:30:00+09:30,PT5M
24,-57,0,547,677,0,954.4,356,5.9,57,SUNNY,5.4,5.3,2025-08-25T09:35:00+09:30,PT5M
24,-56,0,563,695,0,954.4,355,6,56,SUNNY,5.2,5,2025-08-25T09:40:00+09:30,PT5M
25,-55,0,580,714,0,954.3,355,6,55,SUNNY,5,4.7,2025-08-25T09:45:00+09:30,PT5M
25,-54,0,595,731,0,954.3,354,6,54,SUNNY,4.9,4.4,2025-08-25T09:50:00+09:30,PT5M
25,-53,0,611,748,0,954.3,354,6.1,53,SUNNY,4.7,4.1,2025-08-25T09:55:00+09:30,PT5M
25,-52,0,626,765,0,954.3,353,6.1,52,SUNNY,4.5,3.8,2025-08-25T10:00:00+09:30,PT5M
25,-51,0,640,782,0,954.2,353,6.2,52,SUNNY,4.4,3.6,2025-08-25T10:05:00+09:30,PT5M
25,-50,0,655,798,0,954.2,352,6.2,51,SUNNY,4.5,3.5,2025-08-25T10:10:00+09:30,PT5M
26,-49,0,668,813,0,954.2,352,6.2,50,SUNNY,4.5,3.5,2025-08-25T10:15:00+09:30,PT5M
26,-48,0,682,828,0,954.2,351,6.3,49,SUNNY,4.6,3.4,2025-08-25T10:20:00+09:30,PT5M
26,-47,0,695,843,0,954.1,351,6.3,48,SUNNY,4.7,3.4,2025-08-25T10:25:00+09:30,PT5M
26,-46,0,708,857,0,954.1,350,6.4,47,SUNNY,4.7,3.3,2025-08-25T10:30:00+09:30,PT5M
26,-44,0,720,870,0,954.1,350,6.4,46,SUNNY,4.8,3.3,2025-08-25T10:35:00+09:30,PT5M
27,-43,0,732,884,0,954,349,6.4,46,SUNNY,4.8,3.2,2025-08-25T10:40:00+09:30,PT5M
27,-42,0,743,896,0,954,348,6.4,45,SUNNY,4.9,3.2,2025-08-25T10:45:00+09:30,PT5M
27,-40,0,754,908,0,953.9,347,6.4,44,SUNNY,5,3.1,2025-08-25T10:50:00+09:30,PT5M
27,-39,0,765,920,0,953.9,346,6.5,43,SUNNY,5,3.1,2025-08-25T10:55:00+09:30,PT5M
28,-37,0,775,931,0,953.9,345,6.5,43,SUNNY,5.1,3,2025-08-25T11:00:00+09:30,PT5M
28,-36,0,784,942,0,953.8,344,6.5,42,SUNNY,5.1,3,2025-08-25T11:05:00+09:30,PT5M
28,-34,0,793,952,0,953.8,343,6.5,41,SUNNY,5.2,2.9,2025-08-25T11:10:00+09:30,PT5M
28,-33,0,802,962,0,953.7,343,6.5,41,SUNNY,5.2,2.9,2025-08-25T11:15:00+09:30,PT5M
29,-31,0,810,971,0,953.7,342,6.5,40,SUNNY,5.3,2.9,2025-08-25T11:20:00+09:30,PT5M
29,-29,0,818,980,0,953.6,341,6.6,40,SUNNY,5.3,2.8,2025-08-25T11:25:00+09:30,PT5M
29,-28,0,825,988,0,953.6,340,6.6,39,SUNNY,5.4,2.8,2025-08-25T11:30:00+09:30,PT5M
29,-26,0,832,995,0,953.5,339,6.6,38,SUNNY,5.4,2.7,2025-08-25T11:35:00+09:30,PT5M
29,-24,0,839,1002,0,953.4,338,6.6,38,SUNNY,5.5,2.7,2025-08-25T11:40:00+09:30,PT5M
30,-22,0,844,1009,0,953.3,337,6.6,38,SUNNY,5.5,2.6,2025-08-25T11:45:00+09:30,PT5M
30,-20,0,850,1015,0,953.2,336,6.5,37,SUNNY,5.6,2.6,2025-08-25T11:50:00+09:30,PT5M
30,-18,0,855,1020,0,953.1,335,6.5,37,SUNNY,5.6,2.6,2025-08-25T11:55:00+09:30,PT5M
30,-16,0,859,1025,0,953,335,6.5,36,SUNNY,5.7,2.5,2025-08-25T12:00:00+09:30,PT5M
30,-14,0,863,1029,0,952.9,334,6.5,36,SUNNY,5.9,2.5,2025-08-25T12:05:00+09:30,PT5M
30,-12,0,866,1033,0,952.8,333,6.5,36,SUNNY,6.3,2.4,2025-08-25T12:10:00+09:30,PT5M
30,-10,0,869,1036,0,952.7,332,6.5,36,SUNNY,6.7,2.4,2025-08-25T12:15:00+09:30,PT5M
31,-8,0,871,1039,0,952.5,331,6.5,35,SUNNY,7,2.4,2025-08-25T12:20:00+09:30,PT5M
31,-6,0,873,1041,0,952.4,330,6.5,35,SUNNY,7.4,2.4,2025-08-25T12:25:00+09:30,PT5M
31,-4,0,874,1042,0,952.3,329,6.5,35,SUNNY,7.8,2.3,2025-08-25T12:30:00+09:30,PT5M
31,-2,0,875,1043,0,952.2,328,6.5,35,SUNNY,8.2,2.3,2025-08-25T12:35:00+09:30,PT5M
31,0,0,875,1043,0,952.1,327,6.4,35,SUNNY,8.6,2.3,2025-08-25T12:40:00+09:30,PT5M
31,2,0,875,1043,0,952,327,6.4,35,SUNNY,9,2.2,2025-08-25T12:45:00+09:30,PT5M
31,4,0,874,1042,0,951.9,326,6.4,35,SUNNY,9.3,2.2,2025-08-25T12:50:00+09:30,PT5M
31,7,0,873,1041,0,951.9,326,6.4,35,SUNNY,9.7,2.2,2025-08-25T12:55:00+09:30,PT5M
31,9,0,871,1039,0,951.8,325,6.4,35,SUNNY,10.1,2.1,2025-08-25T13:00:00+09:30,PT5M
31,11,0,869,1036,0,951.7,325,6.3,36,SUNNY,10.7,2.1,2025-08-25T13:05:00+09:30,PT5M
31,13,0,866,1033,0,951.6,324,6.3,36,SUNNY,11.4,2.1,2025-08-25T13:10:00+09:30,PT5M
31,15,0,863,1029,0,951.5,324,6.3,36,SUNNY,12.1,2,2025-08-25T13:15:00+09:30,PT5M
31,17,0,859,1025,0,951.4,323,6.3,36,SUNNY,12.8,2,2025-08-25T13:20:00+09:30,PT5M
31,19,0,854,1020,0,951.3,322,6.3,37,SUNNY,13.5,2,2025-08-25T13:25:00+09:30,PT5M
32,21,0,850,1014,0,951.2,322,6.3,37,SUNNY,14.2,2,2025-08-25T13:30:00+09:30,PT5M
32,23,0,844,1009,0,951.1,321,6.3,38,SUNNY,15,1.9,2025-08-25T13:35:00+09:30,PT5M
32,25,0,838,1002,0,951,321,6.2,38,SUNNY,15.7,1.9,2025-08-25T13:40:00+09:30,PT5M
32,26,0,832,995,0,950.9,321,6.2,39,SUNNY,16.4,1.9,2025-08-25T13:45:00+09:30,PT5M
32,28,0,825,987,0,950.9,321,6.2,39,SUNNY,17.1,1.9,2025-08-25T13:50:00+09:30,PT5M
32,30,0,818,979,0,950.8,321,6.2,40,SUNNY,17.8,1.8,2025-08-25T13:55:00+09:30,PT5M
32,32,0,810,971,0,950.7,320,6.2,40,SUNNY,18.5,1.8,2025-08-25T14:00:00+09:30,PT5M
32,33,0,802,962,0,950.6,320,6.2,41,SUNNY,19.3,1.8,2025-08-25T14:05:00+09:30,PT5M
32,35,0,793,952,0,950.5,320,6.2,41,SUNNY,20,1.8,2025-08-25T14:10:00+09:30,PT5M
32,36,0,784,942,0,950.4,320,6.1,42,SUNNY,20.7,1.8,2025-08-25T14:15:00+09:30,PT5M
32,38,0,774,931,0,950.4,320,6.1,43,SUNNY,21.4,1.7,2025-08-25T14:20:00+09:30,PT5M
32,39,0,764,920,0,950.3,319,6.1,43,SUNNY,22.1,1.7,2025-08-25T14:25:00+09:30,PT5M
32,41,0,754,908,0,950.2,319,6.1,44,SUNNY,22.8,1.7,2025-08-25T14:30:00+09:30,PT5M
32,42,0,743,896,0,950.1,319,6.1,45,SUNNY,23.5,1.7,2025-08-25T14:35:00+09:30,PT5M
32,43,0,731,883,0,950.1,319,6.1,46,SUNNY,24.2,1.7,2025-08-25T14:40:00+09:30,PT5M
32,45,0,720,870,0,950,319,6.1,47,SUNNY,24.9,1.7,2025-08-25T14:45:00+09:30,PT5M
32,46,0,707,856,0,950,319,6.1,47,SUNNY,25.6,1.6,2025-08-25T14:50:00+09:30,PT5M
32,47,0,695,842,0,949.9,319,6.1,48,SUNNY,26.3,1.6,2025-08-25T14:55:00+09:30,PT5M
32,48,0,681,827,0,949.9,319,6.1,49,SUNNY,27,1.6,2025-08-25T15:00:00+09:30,PT5M
32,49,0,668,812,0,949.8,319,6.1,50,SUNNY,27.5,1.8,2025-08-25T15:05:00+09:30,PT5M
32,51,0,654,796,0,949.8,319,6.1,51,SUNNY,27.7,2.3,2025-08-25T15:10:00+09:30,PT5M
32,52,0,639,780,0,949.7,319,6.1,52,SUNNY,27.9,2.7,2025-08-25T15:15:00+09:30,PT5M
32,53,0,624,763,0,949.7,319,6.1,53,SUNNY,28.1,3.2,2025-08-25T15:20:00+09:30,PT5M
32,54,0,609,746,0,949.6,319,6.1,53,SUNNY,28.3,3.6,2025-08-25T15:25:00+09:30,PT5M
32,55,0,593,728,0,949.6,319,6.1,54,SUNNY,28.5,4.1,2025-08-25T15:30:00+09:30,PT5M
32,56,0,577,710,0,949.5,319,6.1,55,SUNNY,28.6,4.5,2025-08-25T15:35:00+09:30,PT5M
32,57,0,561,691,0,949.5,319,6.1,56,SUNNY,28.8,5,2025-08-25T15:40:00+09:30,PT5M
32,58,0,544,673,0,949.5,319,6.1,57,SUNNY,29,5.4,2025-08-25T15:45:00+09:30,PT5M
32,58,0,527,653,0,949.5,319,6.1,58,SUNNY,29.2,5.9,2025-08-25T15:50:00+09:30,PT5M
32,59,0,510,634,0,949.4,319,6.1,59,SUNNY,29.4,6.3,2025-08-25T15:55:00+09:30,PT5M
32,60,0,493,614,0,949.4,319,6.2,60,SUNNY,29.6,6.8,2025-08-25T16:00:00+09:30,PT5M
32,61,0,475,594,0,949.4,319,6.2,61,SUNNY,29.5,7,2025-08-25T16:05:00+09:30,PT5M
32,62,0,457,574,0,949.4,319,6.2,62,SUNNY,29.2,6.9,2025-08-25T16:10:00+09:30,PT5M
32,63,0,439,553,0,949.3,319,6.2,63,SUNNY,28.9,6.8,2025-08-25T16:15:00+09:30,PT5M
32,63,0,421,533,0,949.3,319,6.2,64,SUNNY,28.5,6.8,2025-08-25T16:20:00+09:30,PT5M
32,64,0,403,512,0,949.3,319,6.2,65,SUNNY,28.2,6.7,2025-08-25T16:25:00+09:30,PT5M
32,65,0,384,491,0,949.3,319,6.2,66,SUNNY,27.9,6.6,2025-08-25T16:30:00+09:30,PT5M
32,65,0,365,469,0,949.2,319,6.2,67,SUNNY,27.5,6.6,2025-08-25T16:35:00+09:30,PT5M
32,66,0,346,448,0,949.2,319,6.2,68,SUNNY,27.2,6.5,2025-08-25T16:40:00+09:30,PT5M
32,67,0,327,426,0,949.2,319,6.1,69,SUNNY,26.9,6.4,2025-08-25T16:45:00+09:30,PT5M
32,68,0,308,404,0,949.2,319,6.1,70,SUNNY,26.5,6.4,2025-08-25T16:50:00+09:30,PT5M
32,68,0,289,382,0,949.2,320,6,72,SUNNY,26.2,6.3,2025-08-25T16:55:00+09:30,PT5M
31,69,0,270,359,0,949.2,320,6,73,SUNNY,25.9,6.2,2025-08-25T17:00:00+09:30,PT5M
31,69,0,250,337,0,949.2,320,5.9,74,SUNNY,25.5,6.2,2025-08-25T17:05:00+09:30,PT5M
31,70,0,231,314,0,949.2,320,5.9,75,SUNNY,25.2,6.2,2025-08-25T17:10:00+09:30,PT5M
31,71,0,212,291,0,949.2,320,5.8,76,SUNNY,24.8,6.2,2025-08-25T17:15:00+09:30,PT5M
31,71,0,192,268,0,949.2,320,5.8,77,SUNNY,24.5,6.2,2025-08-25T17:20:00+09:30,PT5M
31,72,0,173,245,0,949.2,320,5.8,78,SUNNY,24.2,6.2,2025-08-25T17:25:00+09:30,PT5M
31,72,0,154,222,0,949.2,321,5.7,79,SUNNY,23.8,6.2,2025-08-25T17:30:00+09:30,PT5M
30,73,0,135,199,0,949.3,321,5.6,80,SUNNY,23.5,6.3,2025-08-25T17:35:00+09:30,PT5M
30,74,0,117,177,0,949.3,321,5.5,81,SUNNY,23.1,6.3,2025-08-25T17:40:00+09:30,PT5M
30,74,0,99,154,0,949.4,321,5.3,82,SUNNY,22.8,6.3,2025-08-25T17:45:00+09:30,PT5M
30,75,0,81,131,0,949.5,322,5.2,83,SUNNY,22.5,6.3,2025-08-25T17:50:00+09:30,PT5M
29,75,0,65,108,0,949.5,322,5.1,85,SUNNY,22.1,6.3,2025-08-25T17:55:00+09:30,PT5M
29,76,0,49,79,0,949.6,322,4.9,86,SUNNY,21.8,6.3,2025-08-25T18:00:00+09:30,PT5M
29,76,0,34,50,0,949.7,323,4.8,87,SUNNY,21.5,6.3,2025-08-25T18:05:00+09:30,PT5M
29,77,8.2,19,22,0,949.7,323,4.6,88,MOSTLY SUNNY,21.4,6.3,2025-08-25T18:10:00+09:30,PT5M
28,77,0,8,10,0,949.8,324,4.5,89,SUNNY,21.2,6.4,2025-08-25T18:15:00+09:30,PT5M
28,78,0,0,0,0,949.9,324,4.4,90,CLEAR,21,6.4,2025-08-25T18:20:00+09:30,PT5M
28,78,0,0,0,0,949.9,324,4.2,91,CLEAR,20.9,6.4,2025-08-25T18:25:00+09:30,PT5M
28,79,0,0,0,0,950,325,4.1,92,CLEAR,20.7,6.4,2025-08-25T18:30:00+09:30,PT5M
28,79,0,0,0,0,950.1,325,4,93,CLEAR,20.6,6.5,2025-08-25T18:35:00+09:30,PT5M
27,80,0,0,0,0,950.1,326,4,95,CLEAR,20.4,6.5,2025-08-25T18:40:00+09:30,PT5M
27,80,0,0,0,0,950.2,327,3.9,96,CLEAR,20.3,6.5,2025-08-25T18:45:00+09:30,PT5M
27,81,8.2,0,0,0,950.2,328,3.9,97,MOSTLY CLEAR,20.1,6.5,2025-08-25T18:50:00+09:30,PT5M
27,81,8.2,0,0,0,950.3,328,3.9,98,MOSTLY CLEAR,19.9,6.6,2025-08-25T18:55:00+09:30,PT5M
26,82,10.1,0,0,0,950.3,329,3.8,99,PARTLY CLOUDY,19.8,6.6,2025-08-25T19:00:00+09:30,PT5M
26,82,8.2,0,0,0,950.4,330,3.8,100,MOSTLY CLEAR,19.7,6.6,2025-08-25T19:05:00+09:30,PT5M
26,83,8.2,0,0,0,950.4,331,3.8,101,MOSTLY CLEAR,19.7,6.6,2025-08-25T19:10:00+09:30,PT5M
26,83,10.1,0,0,0,950.5,331,3.8,103,PARTLY CLOUDY,19.7,6.6,2025-08-25T19:15:00+09:30,PT5M
26,84,12.1,0,0,0,950.5,332,3.7,104,PARTLY CLOUDY,19.7,6.6,2025-08-25T19:20:00+09:30,PT5M
25,84,12.1,0,0,0,950.6,333,3.7,105,PARTLY CLOUDY,19.7,6.6,2025-08-25T19:25:00+09:30,PT5M
25,85,10.1,0,0,0,950.6,334,3.7,106,PARTLY CLOUDY,19.7,6.6,2025-08-25T19:30:00+09:30,PT5M
25,85,8.2,0,0,0,950.7,334,3.7,107,MOSTLY CLEAR,19.7,6.7,2025-08-25T19:35:00+09:30,PT5M
25,85,8.2,0,0,0,950.8,334,3.7,108,MOSTLY CLEAR,19.7,6.7,2025-08-25T19:40:00+09:30,PT5M
25,86,0,0,0,0,950.8,335,3.7,109,CLEAR,19.7,6.7,2025-08-25T19:45:00+09:30,PT5M
24,86,0,0,0,0,950.9,335,3.8,111,CLEAR,19.7,6.7,2025-08-25T19:50:00+09:30,PT5M
24,87,0,0,0,0,951,335,3.8,112,CLEAR,19.7,6.7,2025-08-25T19:55:00+09:30,PT5M
24,87,0,0,0,0,951,335,3.8,113,CLEAR,19.7,6.7,2025-08-25T20:00:00+09:30,PT5M
24,88,0,0,0,0,951.1,336,3.9,114,CLEAR,19.7,6.7,2025-08-25T20:05:00+09:30,PT5M
24,88,0,0,0,0,951.2,336,3.9,115,CLEAR,19.7,6.7,2025-08-25T20:10:00+09:30,PT5M
24,89,0,0,0,0,951.2,336,3.9,116,CLEAR,19.7,6.7,2025-08-25T20:15:00+09:30,PT5M
24,89,8.2,0,0,0,951.3,336,4,117,MOSTLY CLEAR,19.7,6.7,2025-08-25T20:20:00+09:30,PT5M
23,90,8.2,0,0,0,951.4,336,4,119,MOSTLY CLEAR,19.7,6.7,2025-08-25T20:25:00+09:30,PT5M
23,90,8.2,0,0,0,951.4,337,4,120,MOSTLY CLEAR,19.7,6.7,2025-08-25T20:30:00+09:30,PT5M
23,91,0,0,0,0,951.5,337,4,121,CLEAR,19.8,6.8,2025-08-25T20:35:00+09:30,PT5M
23,91,0,0,0,0,951.5,337,4.1,122,CLEAR,19.8,6.8,2025-08-25T20:40:00+09:30,PT5M
23,92,8.2,0,0,0,951.5,336,4.1,123,MOSTLY CLEAR,19.8,6.8,2025-08-25T20:45:00+09:30,PT5M
23,92,8.2,0,0,0,951.5,336,4.1,124,MOSTLY CLEAR,19.8,6.8,2025-08-25T20:50:00+09:30,PT5M
23,93,8.2,0,0,0,951.5,336,4.2,125,MOSTLY CLEAR,19.8,6.8,2025-08-25T20:55:00+09:30,PT5M
23,93,8.2,0,0,0,951.5,336,4.2,127,MOSTLY CLEAR,19.8,6.8,2025-08-25T21:00:00+09:30,PT5M
23,94,10.1,0,0,0,951.5,336,4.2,128,PARTLY CLOUDY,19.8,6.8,2025-08-25T21:05:00+09:30,PT5M
23,95,12.1,0,0,0,951.5,336,4.3,129,PARTLY CLOUDY,19.8,6.8,2025-08-25T21:10:00+09:30,PT5M
23,95,8.2,0,0,0,951.5,336,4.3,130,MOSTLY CLEAR,19.7,6.8,2025-08-25T21:15:00+09:30,PT5M
23,96,8.2,0,0,0,951.5,336,4.3,131,MOSTLY CLEAR,19.7,6.8,2025-08-25T21:20:00+09:30,PT5M
23,96,0,0,0,0,951.5,336,4.3,132,CLEAR,19.6,6.8,2025-08-25T21:25:00+09:30,PT5M
23,97,0,0,0,0,951.6,336,4.4,133,CLEAR,19.6,6.8,2025-08-25T21:30:00+09:30,PT5M
22,98,0,0,0,0,951.6,336,4.4,134,CLEAR,19.6,6.8,2025-08-25T21:35:00+09:30,PT5M
22,98,0,0,0,0,951.6,336,4.4,136,CLEAR,19.6,6.8,2025-08-25T21:40:00+09:30,PT5M
22,99,8.2,0,0,0,951.6,336,4.5,137,MOSTLY CLEAR,19.5,6.8,2025-08-25T21:45:00+09:30,PT5M
22,100,10.1,0,0,0,951.6,336,4.5,138,PARTLY CLOUDY,19.5,6.8,2025-08-25T21:50:00+09:30,PT5M
22,100,8.2,0,0,0,951.6,336,4.5,139,MOSTLY CLEAR,19.5,6.8,2025-08-25T21:55:00+09:30,PT5M
22,101,0,0,0,0,951.6,336,4.5,140,CLEAR,19.4,6.8,2025-08-25T22:00:00+09:30,PT5M
22,102,8.2,0,0,0,951.6,336,4.6,141,MOSTLY CLEAR,19.4,6.8,2025-08-25T22:05:00+09:30,PT5M
22,103,8.2,0,0,0,951.6,336,4.6,142,MOSTLY CLEAR,19.3,6.8,2025-08-25T22:10:00+09:30,PT5M
22,104,10.1,0,0,0,951.6,336,4.6,143,PARTLY CLOUDY,19.2,6.8,2025-08-25T22:15:00+09:30,PT5M
21,105,10.1,0,0,0,951.6,336,4.6,145,PARTLY CLOUDY,19.2,6.7,2025-08-25T22:20:00+09:30,PT5M
21,106,10.1,0,0,0,951.6,336,4.7,146,PARTLY CLOUDY,19.1,6.7,2025-08-25T22:25:00+09:30,PT5M
21,106,8.2,0,0,0,951.6,336,4.7,147,MOSTLY CLEAR,19,6.7,2025-08-25T22:30:00+09:30,PT5M
21,108,8.2,0,0,0,951.5,336,4.7,148,MOSTLY CLEAR,19,6.7,2025-08-25T22:35:00+09:30,PT5M
21,109,8.2,0,0,0,951.5,336,4.7,149,MOSTLY CLEAR,18.9,6.7,2025-08-25T22:40:00+09:30,PT5M
21,110,8.2,0,0,0,951.5,336,4.8,150,MOSTLY CLEAR,18.8,6.7,2025-08-25T22:45:00+09:30,PT5M
21,111,8.2,0,0,0,951.5,336,4.8,151,MOSTLY CLEAR,18.8,6.6,2025-08-25T22:50:00+09:30,PT5M
21,112,10.1,0,0,0,951.4,336,4.8,152,PARTLY CLOUDY,18.7,6.6,2025-08-25T22:55:00+09:30,PT5M
21,114,14,0,0,0,951.4,336,4.8,153,PARTLY CLOUDY,18.6,6.6,2025-08-25T23:00:00+09:30,PT5M
21,115,12.1,0,0,0,951.4,336,4.8,154,PARTLY CLOUDY,18.6,6.6,2025-08-25T23:05:00+09:30,PT5M
21,117,12.1,0,0,0,951.4,335,4.9,155,PARTLY CLOUDY,18.5,6.6,2025-08-25T23:10:00+09:30,PT5M
21,118,12.1,0,0,0,951.3,335,4.9,156,PARTLY CLOUDY,18.4,6.5,2025-08-25T23:15:00+09:30,PT5M
21,120,14,0,0,0,951.3,335,4.9,157,PARTLY CLOUDY,18.4,6.5,2025-08-25T23:20:00+09:30,PT5M
21,122,14,0,0,0,951.3,335,4.9,158,PARTLY CLOUDY,18.3,6.5,2025-08-25T23:25:00+09:30,PT5M
21,124,14,0,0,0,951.3,335,5,159,PARTLY CLOUDY,18.2,6.5,2025-08-25T23:30:00+09:30,PT5M
21,126,14,0,0,0,951.2,335,5,160,PARTLY CLOUDY,18.2,6.4,2025-08-25T23:35:00+09:30,PT5M
21,129,14,0,0,0,951.2,335,5,161,PARTLY CLOUDY,18.1,6.4,2025-08-25T23:40:00+09:30,PT5M
21,132,14,0,0,0,951.2,334,5,162,PARTLY CLOUDY,18,6.4,2025-08-25T23:45:00+09:30,PT5M
21,135,14,0,0,0,951.2,334,5,163,PARTLY CLOUDY,18,6.4,2025-08-25T23:50:00+09:30,PT5M
21,138,14,0,0,0,951.1,334,5,164,PARTLY CLOUDY,17.9,6.3,2025-08-25T23:55:00+09:30,PT5M
21,141,12.1,0,0,0,951.1,333,5,164,PARTLY CLOUDY,17.8,6.3,2025-08-26T00:00:00+09:30,PT5M
21,145,14,0,0,0,951.1,333,5,165,PARTLY CLOUDY,17.8,6.3,2025-08-26T00:05:00+09:30,PT5M
21,150,17.8,0,0,0,951.1,333,5,166,PARTLY CLOUDY,17.7,6.2,2025-08-26T00:10:00+09:30,PT5M
21,154,17.8,0,0,0,951,332,5,166,PARTLY CLOUDY,17.6,6.2,2025-08-26T00:15:00+09:30,PT5M
21,159,15.9,0,0,0,951,332,5,167,PARTLY CLOUDY,17.5,6.2,2025-08-26T00:20:00+09:30,PT5M
21,164,15.9,0,0,0,951,332,5,167,PARTLY CLOUDY,17.4,6.2,2025-08-26T00:25:00+09:30,PT5M
21,169,14,0,0,0,951,332,5,167,PARTLY CLOUDY,17.3,6.1,2025-08-26T00:30:00+09:30,PT5M
21,175,15.9,0,0,0,950.9,331,5,167,PARTLY CLOUDY,17.2,6.1,2025-08-26T00:35:00+09:30,PT5M
21,-179,15.9,0,0,0,950.9,331,5,167,PARTLY CLOUDY,17.1,6,2025-08-26T00:40:00+09:30,PT5M
21,-174,15.9,0,0,0,950.9,331,5,167,PARTLY CLOUDY,17,6,2025-08-26T00:45:00+09:30,PT5M
21,-168,15.9,0,0,0,950.8,330,5,167,PARTLY CLOUDY,16.9,6,2025-08-26T00:50:00+09:30,PT5M
21,-163,14,0,0,0,950.8,330,5,167,PARTLY CLOUDY,16.8,6,2025-08-26T00:55:00+09:30,PT5M
21,-158,12.1,0,0,0,950.7,330,5,167,PARTLY CLOUDY,16.7,5.9,2025-08-26T01:00:00+09:30,PT5M
21,-153,10.1,0,0,0,950.7,329,5,166,PARTLY CLOUDY,16.6,5.9,2025-08-26T01:05:00+09:30,PT5M
21,-149,10.1,0,0,0,950.6,329,5,165,PARTLY CLOUDY,16.5,5.8,2025-08-26T01:10:00+09:30,PT5M
20,-145,8.2,0,0,0,950.6,328,5,165,MOSTLY CLEAR,16.4,5.8,2025-08-26T01:15:00+09:30,PT5M
20,-141,8.2,0,0,0,950.6,328,5,164,MOSTLY CLEAR,16.3,5.8,2025-08-26T01:20:00+09:30,PT5M
20,-137,10.1,0,0,0,950.5,328,5,163,PARTLY CLOUDY,16.2,5.8,2025-08-26T01:25:00+09:30,PT5M
20,-134,12.1,0,0,0,950.5,327,5,163,PARTLY CLOUDY,16.1,5.7,2025-08-26T01:30:00+09:30,PT5M
20,-131,12.1,0,0,0,950.4,327,5,162,PARTLY CLOUDY,16,5.7,2025-08-26T01:35:00+09:30,PT5M
20,-129,12.1,0,0,0,950.4,327,5,161,PARTLY CLOUDY,15.9,5.6,2025-08-26T01:40:00+09:30,PT5M
20,-126,17.8,0,0,0,950.4,327,5,160,PARTLY CLOUDY,15.8,5.6,2025-08-26T01:45:00+09:30,PT5M
20,-124,17.8,0,0,0,950.3,327,5,159,PARTLY CLOUDY,15.7,5.6,2025-08-26T01:50:00+09:30,PT5M
20,-122,17.8,0,0,0,950.3,327,5,158,PARTLY CLOUDY,15.6,5.6,2025-08-26T01:55:00+09:30,PT5M
20,-120,10.1,0,0,0,950.3,327,5,157,PARTLY CLOUDY,15.5,5.5,2025-08-26T02:00:00+09:30,PT5M
20,-118,10.1,0,0,0,950.2,326,5,156,PARTLY CLOUDY,15.3,5.5,2025-08-26T02:05:00+09:30,PT5M
20,-116,8.2,0,0,0,950.2,326,5,155,MOSTLY CLEAR,15.2,5.5,2025-08-26T02:10:00+09:30,PT5M
20,-115,10.1,0,0,0,950.2,326,5,154,PARTLY CLOUDY,15.1,5.4,2025-08-26T02:15:00+09:30,PT5M
20,-113,12.1,0,0,0,950.1,326,5,153,PARTLY CLOUDY,15,5.4,2025-08-26T02:20:00+09:30,PT5M
20,-112,10.1,0,0,0,950.1,326,5,152,PARTLY CLOUDY,14.9,5.4,2025-08-26T02:25:00+09:30,PT5M
20,-111,8.2,0,0,0,950.1,326,5,151,MOSTLY CLEAR,14.8,5.4,2025-08-26T02:30:00+09:30,PT5M
20,-110,10.1,0,0,0,950,326,5,150,PARTLY CLOUDY,14.7,5.3,2025-08-26T02:35:00+09:30,PT5M
20,-108,10.1,0,0,0,950,326,5,149,PARTLY CLOUDY,14.6,5.3,2025-08-26T02:40:00+09:30,PT5M
20,-107,10.1,0,0,0,950,326,4.9,148,PARTLY CLOUDY,14.5,5.3,2025-08-26T02:45:00+09:30,PT5M
19,-106,10.1,0,0,0,950,325,4.9,147,PARTLY CLOUDY,14.4,5.3,2025-08-26T02:50:00+09:30,PT5M
19,-105,10.1,0,0,0,949.9,325,4.9,145,PARTLY CLOUDY,14.3,5.2,2025-08-26T02:55:00+09:30,PT5M
19,-105,10.1,0,0,0,949.9,325,4.9,144,PARTLY CLOUDY,14.2,5.2,2025-08-26T03:00:00+09:30,PT5M
19,-104,10.1,0,0,0,949.9,325,4.9,143,PARTLY CLOUDY,14.1,5.2,2025-08-26T03:05:00+09:30,PT5M
19,-103,8.2,0,0,0,949.9,325,4.9,142,MOSTLY CLEAR,14,5.2,2025-08-26T03:10:00+09:30,PT5M
19,-102,10.1,0,0,0,949.8,325,4.9,141,PARTLY CLOUDY,13.9,5.2,2025-08-26T03:15:00+09:30,PT5M
19,-101,10.1,0,0,0,949.8,325,4.9,140,PARTLY CLOUDY,13.9,5.2,2025-08-26T03:20:00+09:30,PT5M
19,-100,10.1,0,0,0,949.8,325,4.9,139,PARTLY CLOUDY,13.8,5.2,2025-08-26T03:25:00+09:30,PT5M
19,-100,12.1,0,0,0,949.8,325,4.9,138,PARTLY CLOUDY,13.7,5.2,2025-08-26T03:30:00+09:30,PT5M
19,-99,12.1,0,0,0,949.7,325,4.9,136,PARTLY CLOUDY,13.7,5.1,2025-08-26T03:35:00+09:30,PT5M
19,-98,10.1,0,0,0,949.7,325,4.9,135,PARTLY CLOUDY,13.6,5.1,2025-08-26T03:40:00+09:30,PT5M
19,-98,10.1,0,0,0,949.7,325,4.9,134,PARTLY CLOUDY,13.5,5.1,2025-08-26T03:45:00+09:30,PT5M
19,-97,10.1,0,0,0,949.7,325,4.9,133,PARTLY CLOUDY,13.5,5.1,2025-08-26T03:50:00+09:30,PT5M
19,-96,8.2,0,0,0,949.6,325,4.9,132,MOSTLY CLEAR,13.4,5.1,2025-08-26T03:55:00+09:30,PT5M
19,-96,8.2,0,0,0,949.6,325,4.9,131,MOSTLY CLEAR,13.3,5.1,2025-08-26T04:00:00+09:30,PT5M
19,-95,8.2,0,0,0,949.6,324,4.9,130,MOSTLY CLEAR,13.3,5.1,2025-08-26T04:05:00+09:30,PT5M
19,-95,8.2,0,0,0,949.6,324,4.9,129,MOSTLY CLEAR,13.3,5.1,2025-08-26T04:10:00+09:30,PT5M
19,-94,8.2,0,0,0,949.5,324,4.9,127,MOSTLY CLEAR,13.3,5.1,2025-08-26T04:15:00+09:30,PT5M
19,-94,8.2,0,0,0,949.5,324,4.9,126,MOSTLY CLEAR,13.2,5.1,2025-08-26T04:20:00+09:30,PT5M
19,-93,10.1,0,0,0,949.5,324,4.9,125,PARTLY CLOUDY,13.2,5.1,2025-08-26T04:25:00+09:30,PT5M
18,-92,10.1,0,0,0,949.5,324,4.9,124,PARTLY CLOUDY,13.2,5.1,2025-08-26T04:30:00+09:30,PT5M
18,-92,10.1,0,0,0,949.4,324,4.9,123,PARTLY CLOUDY,13.2,5,2025-08-26T04:35:00+09:30,PT5M
18,-91,10.1,0,0,0,949.5,324,4.9,122,PARTLY CLOUDY,13.2,5,2025-08-26T04:40:00+09:30,PT5M
18,-91,10.1,0,0,0,949.5,324,4.9,121,PARTLY CLOUDY,13.2,5,2025-08-26T04:45:00+09:30,PT5M
18,-90,10.1,0,0,0,949.5,325,4.9,119,PARTLY CLOUDY,13.1,5,2025-08-26T04:50:00+09:30,PT5M
18,-90,10.1,0,0,0,949.5,325,4.9,118,PARTLY CLOUDY,13.1,5,2025-08-26T04:55:00+09:30,PT5M
18,-89,12.1,0,0,0,949.5,325,5,117,PARTLY CLOUDY,13.1,5,2025-08-26T05:00:00+09:30,PT5M
18,-89,12.1,0,0,0,949.5,325,5,116,PARTLY CLOUDY,13.1,5,2025-08-26T05:05:00+09:30,PT5M
18,-88,10.1,0,0,0,949.5,325,5,115,PARTLY CLOUDY,13.1,5,2025-08-26T05:10:00+09:30,PT5M
18,-88,12.1,0,0,0,949.5,325,5,114,PARTLY CLOUDY,13.1,5,2025-08-26T05:15:00+09:30,PT5M
18,-87,12.1,0,0,0,949.5,325,5,113,PARTLY CLOUDY,13,5,2025-08-26T05:20:00+09:30,PT5M
18,-87,10.1,0,0,0,949.5,325,5,111,PARTLY CLOUDY,13,5,2025-08-26T05:25:00+09:30,PT5M
18,-86,10.1,0,0,0,949.5,326,5,110,PARTLY CLOUDY,13,5,2025-08-26T05:30:00+09:30,PT5M
18,-86,12.1,0,0,0,949.6,326,5,109,PARTLY CLOUDY,13,5,2025-08-26T05:35:00+09:30,PT5M
18,-85,14,0,0,0,949.6,326,5,108,PARTLY CLOUDY,13,5,2025-08-26T05:40:00+09:30,PT5M
18,-85,15.9,0,0,0,949.6,326,5,107,PARTLY CLOUDY,13,5,2025-08-26T05:45:00+09:30,PT5M
18,-85,14,0,0,0,949.6,326,5,106,PARTLY CLOUDY,12.9,5,2025-08-26T05:50:00+09:30,PT5M
18,-84,12.1,0,0,0,949.7,326,5,105,PARTLY CLOUDY,12.9,5,2025-08-26T05:55:00+09:30,PT5M
18,-84,12.1,0,0,0,949.7,326,5,103,PARTLY CLOUDY,12.9,5,2025-08-26T06:00:00+09:30,PT5M
18,-83,12.1,0,0,0,949.7,326,5,102,PARTLY CLOUDY,12.8,5,2025-08-26T06:05:00+09:30,PT5M
18,-83,12.1,0,0,0,949.7,326,5,101,PARTLY CLOUDY,12.7,5,2025-08-26T06:10:00+09:30,PT5M
18,-82,12.1,0,0,0,949.8,326,5,100,PARTLY CLOUDY,12.6,5,2025-08-26T06:15:00+09:30,PT5M
18,-82,14,0,0,0,949.8,326,5,99,PARTLY CLOUDY,12.5,5,2025-08-26T06:20:00+09:30,PT5M
17,-81,10.1,0,0,0,949.8,326,5,98,PARTLY CLOUDY,12.4,5,2025-08-26T06:25:00+09:30,PT5M
17,-81,10.1,0,0,0,949.8,326,5,97,PARTLY CLOUDY,12.3,5,2025-08-26T06:30:00+09:30,PT5M
18,-80,0,0,0,0,949.8,326,5.1,95,CLEAR,12.1,5,2025-08-26T06:35:00+09:30,PT5M
18,-80,8.2,0,0,0,949.9,327,5.1,94,MOSTLY CLEAR,12,5,2025-08-26T06:40:00+09:30,PT5M
18,-79,8.2,0,0,0,949.9,327,5.1,93,MOSTLY CLEAR,11.9,5,2025-08-26T06:45:00+09:30,PT5M
18,-79,8.2,0,0,0,949.9,327,5.1,92,MOSTLY CLEAR,11.8,5,2025-08-26T06:50:00+09:30,PT5M
18,-78,8.2,0,0,0,949.9,327,5.2,91,MOSTLY CLEAR,11.7,5,2025-08-26T06:55:00+09:30,PT5M
18,-78,8.2,1,1,0,949.9,327,5.2,90,MOSTLY CLEAR,11.6,5,2025-08-26T07:00:00+09:30,PT5M
18,-77,8.2,10,11,0,949.9,328,5.2,89,MOSTLY SUNNY,11.4,5,2025-08-26T07:05:00+09:30,PT5M
19,-77,8.2,21,25,0,949.9,328,5.3,88,MOSTLY SUNNY,11.2,5,2025-08-26T07:10:00+09:30,PT5M
19,-76,0,36,53,0,949.9,328,5.3,86,SUNNY,11,5,2025-08-26T07:15:00+09:30,PT5M
19,-76,0,51,82,0,949.9,328,5.3,85,SUNNY,10.8,5,2025-08-26T07:20:00+09:30,PT5M
19,-75,0,67,108,0,949.9,328,5.3,84,SUNNY,10.6,5,2025-08-26T07:25:00+09:30,PT5M
19,-75,0,84,130,0,949.9,329,5.4,83,SUNNY,10.4,5,2025-08-26T07:30:00+09:30,PT5M
19,-74,0,101,152,0,950,329,5.4,82,SUNNY,10.1,4.9,2025-08-26T07:35:00+09:30,PT5M
20,-74,0,119,175,0,950,328,5.4,81,SUNNY,9.9,4.9,2025-08-26T07:40:00+09:30,PT5M
20,-73,0,137,198,0,950,328,5.4,80,SUNNY,9.7,4.9,2025-08-26T07:45:00+09:30,PT5M
20,-72,0,156,220,0,950.1,328,5.4,79,SUNNY,9.5,4.9,2025-08-26T07:50:00+09:30,PT5M
21,-72,0,175,243,0,950.1,328,5.4,78,SUNNY,9.3,4.9,2025-08-26T07:55:00+09:30,PT5M
21,-71,0,194,266,0,950.1,327,5.5,77,SUNNY,9.1,4.9,2025-08-26T08:00:00+09:30,PT5M
21,-71,0,213,288,0,950.2,327,5.5,75,SUNNY,8.9,4.9,2025-08-26T08:05:00+09:30,PT5M
22,-70,0,232,311,0,950.2,327,5.5,74,SUNNY,8.7,4.9,2025-08-26T08:10:00+09:30,PT5M
22,-70,0,251,334,0,950.2,327,5.5,73,SUNNY,8.5,4.9,2025-08-26T08:15:00+09:30,PT5M
23,-69,0,271,356,0,950.3,327,5.5,72,SUNNY,8.3,4.8,2025-08-26T08:20:00+09:30,PT5M
23,-68,0,290,379,0,950.3,326,5.5,71,SUNNY,8.1,4.8,2025-08-26T08:25:00+09:30,PT5M
23,-68,0,309,401,0,950.3,326,5.5,70,SUNNY,7.9,4.8,2025-08-26T08:30:00+09:30,PT5M
24,-67,0,328,423,0,950.4,326,5.6,69,SUNNY,7.6,4.8,2025-08-26T08:35:00+09:30,PT5M
24,-66,0,347,445,0,950.4,325,5.7,68,SUNNY,7.4,4.8,2025-08-26T08:40:00+09:30,PT5M
24,-66,0,366,466,0,950.4,324,5.8,67,SUNNY,7.2,4.8,2025-08-26T08:45:00+09:30,PT5M
24,-65,0,385,487,0,950.4,324,5.9,66,SUNNY,7,4.7,2025-08-26T08:50:00+09:30,PT5M
25,-64,0,403,508,0,950.4,323,6,65,SUNNY,6.8,4.7,2025-08-26T08:55:00+09:30,PT5M
25,-63,0,421,529,0,950.4,323,6.1,64,SUNNY,6.6,4.7,2025-08-26T09:00:00+09:30,PT5M
25,-63,0,439,550,0,950.4,322,6.2,63,SUNNY,6.5,4.6,2025-08-26T09:05:00+09:30,PT5M
25,-62,0,458,571,0,950.4,321,6.3,62,SUNNY,6.4,4.4,2025-08-26T09:10:00+09:30,PT5M
26,-61,0,476,591,0,950.4,321,6.4,61,SUNNY,6.3,4.2,2025-08-26T09:15:00+09:30,PT5M
26,-60,0,493,611,0,950.4,320,6.5,60,SUNNY,6.2,4,2025-08-26T09:20:00+09:30,PT5M
26,-59,0,511,631,0,950.4,320,6.6,59,SUNNY,6.1,3.8,2025-08-26T09:25:00+09:30,PT5M
26,-58,0,528,651,0,950.4,319,6.7,58,SUNNY,6,3.6,2025-08-26T09:30:00+09:30,PT5M
27,-58,0,546,671,0,950.3,319,6.8,57,SUNNY,5.9,3.4,2025-08-26T09:35:00+09:30,PT5M
27,-57,0,562,690,0,950.3,319,6.9,56,SUNNY,5.8,3.2,2025-08-26T09:40:00+09:30,PT5M
27,-56,0,578,708,0,950.3,318,6.9,55,SUNNY,5.7,3,2025-08-26T09:45:00+09:30,PT5M
27,-55,0,594,726,0,950.3,318,7,54,SUNNY,5.6,2.8,2025-08-26T09:50:00+09:30,PT5M
27,-54,0,610,743,0,950.3,317,7.1,53,SUNNY,5.5,2.6,2025-08-26T09:55:00+09:30,PT5M
27,-53,0,625,760,0,950.3,317,7.2,52,SUNNY,5.4,2.4,2025-08-26T10:00:00+09:30,PT5M
28,-52,0,639,776,0,950.2,316,7.3,51,SUNNY,5.4,2.3,2025-08-26T10:05:00+09:30,PT5M
28,-51,0,653,792,0,950.2,316,7.3,50,SUNNY,5.4,2.4,2025-08-26T10:10:00+09:30,PT5M
28,-49,0,667,807,0,950.2,316,7.4,49,SUNNY,5.5,2.4,2025-08-26T10:15:00+09:30,PT5M
28,-48,0,680,822,0,950.2,315,7.5,49,SUNNY,5.5,2.4,2025-08-26T10:20:00+09:30,PT5M
28,-47,0,693,836,0,950.2,315,7.6,48,SUNNY,5.6,2.4,2025-08-26T10:25:00+09:30,PT5M
28,-46,0,705,850,0,950.2,315,7.7,47,SUNNY,5.6,2.5,2025-08-26T10:30:00+09:30,PT5M
29,-45,0,717,863,0,950.1,314,7.7,46,SUNNY,5.6,2.5,2025-08-26T10:35:00+09:30,PT5M
29,-43,0,729,876,0,950,313,7.8,45,SUNNY,5.6,2.6,2025-08-26T10:40:00+09:30,PT5M
29,-42,0,740,889,0,949.9,313,7.9,45,SUNNY,5.7,2.6,2025-08-26T10:45:00+09:30,PT5M
29,-41,0,750,900,0,949.8,312,8,44,WINDY,5.7,2.6,2025-08-26T10:50:00+09:30,PT5M
29,-39,0,761,912,0,949.7,311,8.1,43,WINDY,5.8,2.6,2025-08-26T10:55:00+09:30,PT5M
29,-38,0,770,923,0,949.6,311,8.2,42,WINDY,5.8,2.7,2025-08-26T11:00:00+09:30,PT5M
29,-36,0,780,933,0,949.5,310,8.3,42,WINDY,5.8,2.7,2025-08-26T11:05:00+09:30,PT5M
29,-35,0,789,943,0,949.5,310,8.4,41,WINDY,5.8,2.7,2025-08-26T11:10:00+09:30,PT5M
29,-33,0,797,952,0,949.4,309,8.5,40,WINDY,5.9,2.7,2025-08-26T11:15:00+09:30,PT5M
30,-31,0,805,961,0,949.3,309,8.5,40,WINDY,5.9,2.7,2025-08-26T11:20:00+09:30,PT5M
30,-30,0,813,970,0,949.2,308,8.6,39,WINDY,6,2.7,2025-08-26T11:25:00+09:30,PT5M
30,-28,0,820,978,0,949.1,307,8.7,39,WINDY,6,2.7,2025-08-26T11:30:00+09:30,PT5M
30,-26,0,826,985,0,949,307,8.8,38,WINDY,6,2.6,2025-08-26T11:35:00+09:30,PT5M
30,-24,0,832,992,0,948.9,307,8.9,38,WINDY,6,2.6,2025-08-26T11:40:00+09:30,PT5M
30,-22,0,838,998,0,948.8,307,9,37,WINDY,6.1,2.6,2025-08-26T11:45:00+09:30,PT5M
30,-20,0,843,1004,0,948.8,307,9,37,WINDY,6.1,2.6,2025-08-26T11:50:00+09:30,PT5M
30,-19,0,848,1009,0,948.7,307,9.1,36,WINDY,6.2,2.6,2025-08-26T11:55:00+09:30,PT5M
31,-17,0,852,1013,0,948.6,307,9.2,36,WINDY,6.2,2.6,2025-08-26T12:00:00+09:30,PT5M
31,-14,0,855,1017,0,948.5,307,9.2,36,WINDY,6.4,2.6,2025-08-26T12:05:00+09:30,PT5M
31,-12,0,858,1020,0,948.5,307,9.3,35,WINDY,6.6,2.6,2025-08-26T12:10:00+09:30,PT5M
31,-10,0,861,1023,0,948.4,307,9.4,35,WINDY,7,2.6,2025-08-26T12:15:00+09:30,PT5M
31,-8,0,863,1025,0,948.3,307,9.5,35,WINDY,7.2,2.6,2025-08-26T12:20:00+09:30,PT5M
31,-6,0,864,1027,0,948.2,307,9.5,35,WINDY,7.6,2.6,2025-08-26T12:25:00+09:30,PT5M
31,-4,0,865,1028,0,948.2,307,9.6,35,WINDY,7.9,2.6,2025-08-26T12:30:00+09:30,PT5M
32,-2,0,866,1029,0,948.1,307,9.7,35,WINDY,8.2,2.7,2025-08-26T12:35:00+09:30,PT5M
32,0,0,866,1029,0,948,307,9.7,35,WINDY,8.4,2.7,2025-08-26T12:40:00+09:30,PT5M
32,2,0,865,1028,0,947.9,307,9.7,35,WINDY,8.8,2.7,2025-08-26T12:45:00+09:30,PT5M
32,5,0,864,1027,0,947.7,307,9.7,35,WINDY,9,2.7,2025-08-26T12:50:00+09:30,PT5M
32,7,0,863,1025,0,947.6,306,9.8,35,WINDY,9.4,2.7,2025-08-26T12:55:00+09:30,PT5M
32,9,0,861,1023,0,947.5,306,9.8,35,WINDY,9.6,2.7,2025-08-26T13:00:00+09:30,PT5M
32,11,0,858,1020,0,947.4,306,9.8,35,WINDY,10.1,2.7,2025-08-26T13:05:00+09:30,PT5M
32,13,0,855,1017,0,947.3,306,9.8,36,WINDY,10.7,2.7,2025-08-26T13:10:00+09:30,PT5M
32,15,0,852,1013,0,947.2,306,9.9,36,WINDY,11.2,2.8,2025-08-26T13:15:00+09:30,PT5M
32,17,0,848,1008,0,947.1,306,9.9,36,WINDY,11.8,2.8,2025-08-26T13:20:00+09:30,PT5M
32,19,0,843,1003,0,947,306,9.9,36,WINDY,12.4,2.8,2025-08-26T13:25:00+09:30,PT5M
32,21,0,838,997,0,946.9,306,9.9,37,WINDY,13,2.8,2025-08-26T13:30:00+09:30,PT5M
32,23,0,832,991,0,946.8,306,10,37,WINDY,13.5,2.9,2025-08-26T13:35:00+09:30,PT5M
33,25,0,826,984,0,946.7,305,10,38,WINDY,14.1,2.9,2025-08-26T13:40:00+09:30,PT5M
33,27,0,820,977,0,946.6,305,10,38,WINDY,14.7,2.9,2025-08-26T13:45:00+09:30,PT5M
33,28,0,813,969,0,946.6,305,10,39,WINDY,15.3,2.9,2025-08-26T13:50:00+09:30,PT5M
33,30,0,805,961,0,946.5,305,10.1,39,WINDY,15.8,3,2025-08-26T13:55:00+09:30,PT5M
33,32,0,797,952,0,946.4,305,10.1,40,WINDY,16.4,3,2025-08-26T14:00:00+09:30,PT5M
33,34,0,789,942,0,946.4,305,10.1,41,WINDY,17,3,2025-08-26T14:05:00+09:30,PT5M
33,35,0,780,933,0,946.3,305,10.1,41,WINDY,17.6,3.1,2025-08-26T14:10:00+09:30,PT5M
33,37,0,771,922,0,946.2,305,10.1,42,WINDY,18.1,3.1,2025-08-26T14:15:00+09:30,PT5M
33,38,0,761,911,0,946.2,305,10.2,43,WINDY,18.7,3.1,2025-08-26T14:20:00+09:30,PT5M
33,40,0,751,900,0,946.1,305,10.2,43,WINDY,19.2,3.2,2025-08-26T14:25:00+09:30,PT5M
33,41,0,741,888,0,946,305,10.2,44,WINDY,19.8,3.2,2025-08-26T14:30:00+09:30,PT5M
33,42,0,729,876,0,946,305,10.2,45,WINDY,20.4,3.3,2025-08-26T14:35:00+09:30,PT5M
33,44,0,718,863,0,946,304,10.2,46,WINDY,21,3.3,2025-08-26T14:40:00+09:30,PT5M
33,45,0,706,850,0,945.9,304,10.3,46,WINDY,21.5,3.4,2025-08-26T14:45:00+09:30,PT5M
33,46,0,694,836,0,945.9,304,10.3,47,WINDY,22.1,3.4,2025-08-26T14:50:00+09:30,PT5M
33,48,0,681,822,0,945.9,304,10.3,48,WINDY,22.6,3.4,2025-08-26T14:55:00+09:30,PT5M
33,49,0,668,807,0,945.8,304,10.3,49,WINDY,23.2,3.5,2025-08-26T15:00:00+09:30,PT5M
33,50,0,654,792,0,945.8,303,10.3,50,WINDY,23.6,3.7,2025-08-26T15:05:00+09:30,PT5M
33,51,0,640,776,0,945.8,303,10.3,51,WINDY,23.9,4.1,2025-08-26T15:10:00+09:30,PT5M
33,52,0,625,759,0,945.7,303,10.4,51,WINDY,24.2,4.5,2025-08-26T15:15:00+09:30,PT5M
33,53,0,610,742,0,945.7,303,10.4,52,WINDY,24.5,4.9,2025-08-26T15:20:00+09:30,PT5M
33,54,0,595,725,0,945.7,303,10.4,53,WINDY,24.7,5.3,2025-08-26T15:25:00+09:30,PT5M
33,55,0,579,707,0,945.6,303,10.4,54,WINDY,25,5.7,2025-08-26T15:30:00+09:30,PT5M
33,56,0,563,689,0,945.6,302,10.4,55,WINDY,25.3,6.1,2025-08-26T15:35:00+09:30,PT5M
33,57,0,547,670,0,945.6,302,10.4,56,WINDY,25.6,6.5,2025-08-26T15:40:00+09:30,PT5M
33,58,0,531,652,0,945.6,302,10.4,57,WINDY,25.8,6.9,2025-08-26T15:45:00+09:30,PT5M
33,59,0,514,632,0,945.6,302,10.4,58,WINDY,26.1,7.3,2025-08-26T15:50:00+09:30,PT5M
33,60,0,496,613,0,945.6,302,10.4,59,WINDY,26.4,7.7,2025-08-26T15:55:00+09:30,PT5M
33,61,0,479,593,0,945.6,302,10.4,60,WINDY,26.7,8.1,2025-08-26T16:00:00+09:30,PT5M
33,61,0,461,573,0,945.6,302,10.4,61,WINDY,26.8,8.3,2025-08-26T16:05:00+09:30,PT5M
33,62,0,444,552,0,945.6,302,10.5,62,WINDY,26.8,8.4,2025-08-26T16:10:00+09:30,PT5M
33,63,0,426,531,0,945.6,302,10.5,63,WINDY,26.8,8.5,2025-08-26T16:15:00+09:30,PT5M
32,64,0,407,511,0,945.6,302,10.5,64,WINDY,26.8,8.6,2025-08-26T16:20:00+09:30,PT5M
32,64,0,389,489,0,945.6,302,10.5,65,WINDY,26.8,8.7,2025-08-26T16:25:00+09:30,PT5M
32,65,4.3,354,442,0,945.6,302,10.5,66,WINDY,26.8,8.8,2025-08-26T16:30:00+09:30,PT5M
32,66,0,351,446,0,945.6,302,10.4,67,WINDY,26.8,8.8,2025-08-26T16:35:00+09:30,PT5M
32,67,0,333,424,0,945.6,301,10.4,68,WINDY,26.8,8.9,2025-08-26T16:40:00+09:30,PT5M
32,67,0,314,402,0,945.7,301,10.3,69,WINDY,26.8,9,2025-08-26T16:45:00+09:30,PT5M
32,68,0,295,380,0,945.7,301,10.2,70,WINDY,26.8,9.1,2025-08-26T16:50:00+09:30,PT5M
32,69,0,275,358,0,945.7,301,10.1,71,WINDY,26.8,9.2,2025-08-26T16:55:00+09:30,PT5M
32,69,0,256,335,0,945.7,300,10.1,72,WINDY,26.8,9.3,2025-08-26T17:00:00+09:30,PT5M
32,70,6.7,221,282,0,945.8,300,10,74,WINDY,26.8,9.3,2025-08-26T17:05:00+09:30,PT5M
32,70,9.5,197,249,0,945.8,300,9.9,75,WINDY,26.8,9.4,2025-08-26T17:10:00+09:30,PT5M
32,71,12.6,174,215,0,945.8,300,9.8,76,WINDY,26.8,9.5,2025-08-26T17:15:00+09:30,PT5M
32,72,10.6,161,203,0,945.8,299,9.8,77,WINDY,26.8,9.6,2025-08-26T17:20:00+09:30,PT5M
32,72,6.7,151,197,0,945.9,299,9.7,78,WINDY,26.8,9.7,2025-08-26T17:25:00+09:30,PT5M
32,73,7,133,175,0,945.9,299,9.6,79,WINDY,26.8,9.8,2025-08-26T17:30:00+09:30,PT5M
32,73,0,125,175,0,945.9,299,9.5,80,WINDY,26.8,9.9,2025-08-26T17:35:00+09:30,PT5M
31,74,13.2,93,116,0,946,298,9.3,81,WINDY,26.8,10,2025-08-26T17:40:00+09:30,PT5M
31,74,0,90,130,0,946.1,298,9.2,82,WINDY,26.8,10.1,2025-08-26T17:45:00+09:30,PT5M
31,75,8.2,67,90,0,946.1,298,9,83,WINDY,26.8,10.2,2025-08-26T17:50:00+09:30,PT5M
31,76,8.2,53,70,0,946.2,298,8.8,84,WINDY,26.8,10.3,2025-08-26T17:55:00+09:30,PT5M
31,76,40.1,26,25,0,946.2,298,8.7,86,WINDY,26.8,10.4,2025-08-26T18:00:00+09:30,PT5M
31,77,15.9,25,24,0,946.3,298,8.5,87,WINDY,26.7,10.4,2025-08-26T18:05:00+09:30,PT5M
31,77,17.8,15,14,0,946.3,297,8.3,88,WINDY,26.6,10.5,2025-08-26T18:10:00+09:30,PT5M
31,78,21.4,6,6,0,946.4,297,8.2,89,WINDY,26.5,10.5,2025-08-26T18:15:00+09:30,PT5M
31,78,19.6,0,0,0,946.5,297,8,90,WINDY,26.3,10.5,2025-08-26T18:20:00+09:30,PT5M
31,79,19.6,0,0,0,946.5,297,7.8,91,PARTLY CLOUDY,26.2,10.6,2025-08-26T18:25:00+09:30,PT5M
30,79,19.6,0,0,0,946.6,297,7.7,92,PARTLY CLOUDY,26.1,10.6,2025-08-26T18:30:00+09:30,PT5M
30,80,19.6,0,0,0,946.6,296,7.5,93,PARTLY CLOUDY,25.9,10.6,2025-08-26T18:35:00+09:30,PT5M
30,80,23.2,0,0,0,946.7,296,7.4,95,PARTLY CLOUDY,25.8,10.7,2025-08-26T18:40:00+09:30,PT5M
30,81,25,0,0,0,946.8,296,7.2,96,PARTLY CLOUDY,25.7,10.7,2025-08-26T18:45:00+09:30,PT5M
30,81,19.6,0,0,0,946.8,296,7.1,97,PARTLY CLOUDY,25.5,10.7,2025-08-26T18:50:00+09:30,PT5M
29,82,15.9,0,0,0,946.9,296,6.9,98,PARTLY CLOUDY,25.4,10.8,2025-08-26T18:55:00+09:30,PT5M
29,82,17.8,0,0,0,946.9,296,6.8,99,PARTLY CLOUDY,25.3,10.8,2025-08-26T19:00:00+09:30,PT5M
29,82,17.8,0,0,0,947,296,6.6,100,PARTLY CLOUDY,25.1,10.8,2025-08-26T19:05:00+09:30,PT5M
29,83,15.9,0,0,0,947.1,295,6.5,101,PARTLY CLOUDY,24.8,10.7,2025-08-26T19:10:00+09:30,PT5M
29,83,14,0,0,0,947.1,295,6.3,102,PARTLY CLOUDY,24.5,10.6,2025-08-26T19:15:00+09:30,PT5M
28,84,15.9,0,0,0,947.2,295,6.2,104,PARTLY CLOUDY,24.3,10.6,2025-08-26T19:20:00+09:30,PT5M
28,84,17.8,0,0,0,947.2,295,6,105,PARTLY CLOUDY,24,10.5,2025-08-26T19:25:00+09:30,PT5M
28,85,17.8,0,0,0,947.3,294,5.9,106,PARTLY CLOUDY,23.7,10.4,2025-08-26T19:30:00+09:30,PT5M
28,85,14,0,0,0,947.4,294,5.8,107,PARTLY CLOUDY,23.5,10.4,2025-08-26T19:35:00+09:30,PT5M
28,86,15.9,0,0,0,947.5,292,5.7,108,PARTLY CLOUDY,23.2,10.3,2025-08-26T19:40:00+09:30,PT5M
28,86,12.1,0,0,0,947.6,291,5.6,109,PARTLY CLOUDY,22.9,10.2,2025-08-26T19:45:00+09:30,PT5M
27,87,10.1,0,0,0,947.7,290,5.5,110,PARTLY CLOUDY,22.7,10.2,2025-08-26T19:50:00+09:30,PT5M
27,87,15.9,0,0,0,947.8,288,5.4,112,PARTLY CLOUDY,22.4,10.1,2025-08-26T19:55:00+09:30,PT5M
27,88,21.4,0,0,0,947.9,287,5.3,113,PARTLY CLOUDY,22.1,10,2025-08-26T20:00:00+09:30,PT5M
27,88,21.4,0,0,0,948,285,5.3,114,PARTLY CLOUDY,21.9,9.9,2025-08-26T20:05:00+09:30,PT5M
27,89,23.2,0,0,0,948.1,284,5.2,115,PARTLY CLOUDY,21.6,9.7,2025-08-26T20:10:00+09:30,PT5M
27,89,15.9,0,0,0,948.3,282,5.1,116,PARTLY CLOUDY,21.3,9.5,2025-08-26T20:15:00+09:30,PT5M
27,90,17.8,0,0,0,948.4,280,5.1,117,PARTLY CLOUDY,21,9.4,2025-08-26T20:20:00+09:30,PT5M
27,90,23.2,0,0,0,948.5,278,5,118,PARTLY CLOUDY,20.8,9.2,2025-08-26T20:25:00+09:30,PT5M
27,91,19.6,0,0,0,948.6,277,5,120,PARTLY CLOUDY,20.5,9,2025-08-26T20:30:00+09:30,PT5M
26,91,23.2,0,0,0,948.7,274,4.9,121,PARTLY CLOUDY,20.2,8.8,2025-08-26T20:35:00+09:30,PT5M
26,92,28.5,0,0,0,948.8,271,4.8,122,PARTLY CLOUDY,19.9,8.6,2025-08-26T20:40:00+09:30,PT5M
26,92,32,0,0,0,948.8,267,4.7,123,PARTLY CLOUDY,19.7,8.4,2025-08-26T20:45:00+09:30,PT5M
26,93,26.8,0,0,0,948.9,264,4.6,124,PARTLY CLOUDY,19.4,8.3,2025-08-26T20:50:00+09:30,PT5M
26,93,15.9,0,0,0,949,260,4.6,125,PARTLY CLOUDY,19.1,8.1,2025-08-26T20:55:00+09:30,PT5M
26,94,10.1,0,0,0,949.1,256,4.6,126,PARTLY CLOUDY,18.8,7.9,2025-08-26T21:00:00+09:30,PT5M
26,94,15.9,0,0,0,949.2,252,4.6,128,PARTLY CLOUDY,18.6,7.7,2025-08-26T21:05:00+09:30,PT5M
26,95,17.8,0,0,0,949.3,248,4.6,129,PARTLY CLOUDY,18.3,7.4,2025-08-26T21:10:00+09:30,PT5M
26,96,43.3,0,0,0,949.3,245,4.6,130,MOSTLY CLOUDY,18,7.2,2025-08-26T21:15:00+09:30,PT5M
26,96,41.7,0,0,0,949.4,241,4.7,131,MOSTLY CLOUDY,17.7,7,2025-08-26T21:20:00+09:30,PT5M
26,97,47.8,0,0,0,949.5,238,4.8,132,MOSTLY CLOUDY,17.5,6.7,2025-08-26T21:25:00+09:30,PT5M
26,98,38.5,0,0,0,949.6,234,4.9,133,MOSTLY CLOUDY,17.2,6.5,2025-08-26T21:30:00+09:30,PT5M
26,98,19.6,0,0,0,949.7,231,5,134,PARTLY CLOUDY,16.9,6.2,2025-08-26T21:35:00+09:30,PT5M
26,99,17.8,0,0,0,949.7,229,5.1,136,PARTLY CLOUDY,16.6,6,2025-08-26T21:40:00+09:30,PT5M
25,100,19.6,0,0,0,949.8,227,5.2,137,PARTLY CLOUDY,16.4,5.7,2025-08-26T21:45:00+09:30,PT5M
25,100,15.9,0,0,0,949.8,225,5.3,138,PARTLY CLOUDY,16.1,5.5,2025-08-26T21:50:00+09:30,PT5M
25,101,14,0,0,0,949.9,224,5.4,139,PARTLY CLOUDY,15.8,5.3,2025-08-26T21:55:00+09:30,PT5M
25,102,12.1,0,0,0,949.9,222,5.5,140,PARTLY CLOUDY,15.5,5,2025-08-26T22:00:00+09:30,PT5M
25,103,10.1,0,0,0,950,220,5.6,141,PARTLY CLOUDY,15.3,4.8,2025-08-26T22:05:00+09:30,PT5M
25,103,10.1,0,0,0,950,219,5.8,142,PARTLY CLOUDY,15,4.6,2025-08-26T22:10:00+09:30,PT5M
24,104,10.1,0,0,0,950.1,217,5.9,143,PARTLY CLOUDY,14.7,4.5,2025-08-26T22:15:00+09:30,PT5M
24,105,12.1,0,0,0,950.1,216,6,144,PARTLY CLOUDY,14.4,4.3,2025-08-26T22:20:00+09:30,PT5M
24,106,12.1,0,0,0,950.2,214,6.2,146,PARTLY CLOUDY,14.1,4.2,2025-08-26T22:25:00+09:30,PT5M
24,107,12.1,0,0,0,950.2,213,6.3,147,PARTLY CLOUDY,13.8,4,2025-08-26T22:30:00+09:30,PT5M
24,108,10.1,0,0,0,950.3,212,6.4,148,PARTLY CLOUDY,13.6,3.8,2025-08-26T22:35:00+09:30,PT5M
24,109,10.1,0,0,0,950.4,212,6.4,149,PARTLY CLOUDY,13.3,3.6,2025-08-26T22:40:00+09:30,PT5M
23,110,10.1,0,0,0,950.4,212,6.3,150,PARTLY CLOUDY,13,3.5,2025-08-26T22:45:00+09:30,PT5M
23,112,10.1,0,0,0,950.5,212,6.3,151,PARTLY CLOUDY,12.7,3.3,2025-08-26T22:50:00+09:30,PT5M
23,113,10.1,0,0,0,950.6,212,6.3,152,PARTLY CLOUDY,12.4,3.2,2025-08-26T22:55:00+09:30,PT5M
23,114,10.1,0,0,0,950.6,212,6.3,153,PARTLY CLOUDY,12.1,3,2025-08-26T23:00:00+09:30,PT5M
23,116,10.1,0,0,0,950.7,212,6.3,154,PARTLY CLOUDY,11.9,2.9,2025-08-26T23:05:00+09:30,PT5M
23,117,8.2,0,0,0,950.8,212,6.3,155,MOSTLY CLEAR,11.6,2.8,2025-08-26T23:10:00+09:30,PT5M
22,119,8.2,0,0,0,950.8,211,6.2,156,MOSTLY CLEAR,11.3,2.7,2025-08-26T23:15:00+09:30,PT5M
22,121,8.2,0,0,0,950.9,211,6.2,157,MOSTLY CLEAR,11,2.7,2025-08-26T23:20:00+09:30,PT5M
22,123,8.2,0,0,0,951,211,6.2,158,MOSTLY CLEAR,10.7,2.6,2025-08-26T23:25:00+09:30,PT5M
22,125,10.1,0,0,0,951,211,6.2,159,PARTLY CLOUDY,10.4,2.5,2025-08-26T23:30:00+09:30,PT5M
22,127,10.1,0,0,0,951.1,211,6.2,160,PARTLY CLOUDY,10.2,2.5,2025-08-26T23:35:00+09:30,PT5M
22,130,12.1,0,0,0,951.1,211,6.2,161,PARTLY CLOUDY,9.9,2.4,2025-08-26T23:40:00+09:30,PT5M
22,133,10.1,0,0,0,951.2,211,6.2,162,PARTLY CLOUDY,9.6,2.3,2025-08-26T23:45:00+09:30,PT5M
22,136,8.2,0,0,0,951.2,211,6.2,163,MOSTLY CLEAR,9.3,2.3,2025-08-26T23:50:00+09:30,PT5M
21,139,8.2,0,0,0,951.3,211,6.1,163,MOSTLY CLEAR,9,2.2,2025-08-26T23:55:00+09:30,PT5M
21,142,8.2,0,0,0,951.3,211,6.1,164,MOSTLY CLEAR,8.7,2.1,2025-08-27T00:00:00+09:30,PT5M
21,146,8.2,0,0,0,951.4,211,6.1,165,MOSTLY CLEAR,8.5,2.1,2025-08-27T00:05:00+09:30,PT5M
21,150,8.2,0,0,0,951.4,211,6.1,165,MOSTLY CLEAR,8.4,2.1,2025-08-27T00:10:00+09:30,PT5M
21,155,8.2,0,0,0,951.5,211,6.1,166,MOSTLY CLEAR,8.3,2.1,2025-08-27T00:15:00+09:30,PT5M
21,160,8.2,0,0,0,951.5,211,6.1,166,MOSTLY CLEAR,8.2,2,2025-08-27T00:20:00+09:30,PT5M
21,165,8.2,0,0,0,951.6,211,6.1,167,MOSTLY CLEAR,8,2,2025-08-27T00:25:00+09:30,PT5M
21,170,8.2,0,0,0,951.6,211,6.1,167,MOSTLY CLEAR,7.9,2,2025-08-27T00:30:00+09:30,PT5M
21,175,8.2,0,0,0,951.7,211,6,167,MOSTLY CLEAR,7.8,2,2025-08-27T00:35:00+09:30,PT5M
21,-179,0,0,0,0,951.7,210,6,167,CLEAR,7.7,2,2025-08-27T00:40:00+09:30,PT5M
20,-174,0,0,0,0,951.6,210,6,167,CLEAR,7.5,2,2025-08-27T00:45:00+09:30,PT5M
20,-168,0,0,0,0,951.6,210,5.9,167,CLEAR,7.4,1.9,2025-08-27T00:50:00+09:30,PT5M
20,-163,8.2,0,0,0,951.6,210,5.9,167,MOSTLY CLEAR,7.3,1.9,2025-08-27T00:55:00+09:30,PT5M
20,-158,0,0,0,0,951.6,209,5.9,166,CLEAR,7.2,1.9,2025-08-27T01:00:00+09:30,PT5M
20,-153,8.2,0,0,0,951.6,209,5.8,166,MOSTLY CLEAR,7.1,1.9,2025-08-27T01:05:00+09:30,PT5M
20,-149,8.2,0,0,0,951.6,209,5.8,165,MOSTLY CLEAR,7.1,1.9,2025-08-27T01:10:00+09:30,PT5M
20,-145,8.2,0,0,0,951.6,208,5.8,165,MOSTLY CLEAR,7.2,1.9,2025-08-27T01:15:00+09:30,PT5M
20,-141,8.2,0,0,0,951.6,208,5.7,164,MOSTLY CLEAR,7.2,1.9,2025-08-27T01:20:00+09:30,PT5M
19,-138,8.2,0,0,0,951.6,208,5.7,163,MOSTLY CLEAR,7.2,1.9,2025-08-27T01:25:00+09:30,PT5M
19,-135,8.2,0,0,0,951.6,208,5.7,162,MOSTLY CLEAR,7.2,1.9,2025-08-27T01:30:00+09:30,PT5M
19,-132,10.1,0,0,0,951.6,207,5.6,161,PARTLY CLOUDY,7.3,2,2025-08-27T01:35:00+09:30,PT5M
19,-129,12.1,0,0,0,951.6,207,5.6,161,PARTLY CLOUDY,7.3,2,2025-08-27T01:40:00+09:30,PT5M
19,-127,12.1,0,0,0,951.6,206,5.6,160,PARTLY CLOUDY,7.3,2,2025-08-27T01:45:00+09:30,PT5M
19,-124,12.1,0,0,0,951.6,206,5.6,159,PARTLY CLOUDY,7.3,2,2025-08-27T01:50:00+09:30,PT5M
19,-122,14,0,0,0,951.6,205,5.6,158,PARTLY CLOUDY,7.4,2,2025-08-27T01:55:00+09:30,PT5M
19,-120,10.1,0,0,0,951.6,205,5.6,157,PARTLY CLOUDY,7.4,2,2025-08-27T02:00:00+09:30,PT5M
18,-119,12.1,0,0,0,951.6,204,5.5,156,PARTLY CLOUDY,7.4,2,2025-08-27T02:05:00+09:30,PT5M
18,-117,14,0,0,0,951.6,204,5.5,155,PARTLY CLOUDY,7.4,2,2025-08-27T02:10:00+09:30,PT5M
18,-115,15.9,0,0,0,951.6,203,5.5,154,PARTLY CLOUDY,7.5,2,2025-08-27T02:15:00+09:30,PT5M
18,-114,15.9,0,0,0,951.6,203,5.5,153,PARTLY CLOUDY,7.5,2,2025-08-27T02:20:00+09:30,PT5M
18,-113,14,0,0,0,951.6,202,5.5,152,PARTLY CLOUDY,7.6,2,2025-08-27T02:25:00+09:30,PT5M
18,-111,10.1,0,0,0,951.6,202,5.5,151,PARTLY CLOUDY,7.6,2,2025-08-27T02:30:00+09:30,PT5M
18,-110,8.2,0,0,0,951.6,201,5.5,150,MOSTLY CLEAR,7.6,2.1,2025-08-27T02:35:00+09:30,PT5M
18,-109,8.2,0,0,0,951.6,200,5.5,148,MOSTLY CLEAR,7.6,2.1,2025-08-27T02:40:00+09:30,PT5M
18,-108,0,0,0,0,951.6,199,5.6,147,CLEAR,7.7,2.1,2025-08-27T02:45:00+09:30,PT5M
17,-107,0,0,0,0,951.7,198,5.6,146,CLEAR,7.7,2.1,2025-08-27T02:50:00+09:30,PT5M
17,-106,0,0,0,0,951.7,197,5.7,145,CLEAR,7.8,2.1,2025-08-27T02:55:00+09:30,PT5M
17,-105,0,0,0,0,951.7,197,5.7,144,CLEAR,7.8,2.1,2025-08-27T03:00:00+09:30,PT5M
17,-104,0,0,0,0,951.8,196,5.8,143,CLEAR,7.8,2.1,2025-08-27T03:05:00+09:30,PT5M
17,-103,8.2,0,0,0,951.8,195,5.8,142,MOSTLY CLEAR,7.9,2.1,2025-08-27T03:10:00+09:30,PT5M
17,-102,0,0,0,0,951.8,194,5.8,141,CLEAR,8,2.1,2025-08-27T03:15:00+09:30,PT5M
17,-102,0,0,0,0,951.9,193,5.9,140,CLEAR,8.1,2.2,2025-08-27T03:20:00+09:30,PT5M
17,-101,8.2,0,0,0,951.9,193,5.9,139,MOSTLY CLEAR,8.2,2.2,2025-08-27T03:25:00+09:30,PT5M
16,-100,10.1,0,0,0,951.9,192,6,137,PARTLY CLOUDY,8.3,2.2,2025-08-27T03:30:00+09:30,PT5M
16,-99,8.2,0,0,0,952,191,6,136,MOSTLY CLEAR,8.3,2.2,2025-08-27T03:35:00+09:30,PT5M
16,-99,8.2,0,0,0,952,190,6.1,135,MOSTLY CLEAR,8.4,2.2,2025-08-27T03:40:00+09:30,PT5M
16,-98,8.2,0,0,0,952.1,190,6.1,134,MOSTLY CLEAR,8.5,2.2,2025-08-27T03:45:00+09:30,PT5M
16,-97,8.2,0,0,0,952.1,189,6.2,133,MOSTLY CLEAR,8.6,2.3,2025-08-27T03:50:00+09:30,PT5M
16,-97,8.2,0,0,0,952.2,188,6.2,132,MOSTLY CLEAR,8.7,2.3,2025-08-27T03:55:00+09:30,PT5M
16,-96,8.2,0,0,0,952.2,187,6.3,131,MOSTLY CLEAR,8.8,2.3,2025-08-27T04:00:00+09:30,PT5M
15,-96,12.1,0,0,0,952.3,186,6.3,129,PARTLY CLOUDY,8.9,2.3,2025-08-27T04:05:00+09:30,PT5M
15,-95,15.9,0,0,0,952.3,186,6.4,128,PARTLY CLOUDY,9,2.3,2025-08-27T04:10:00+09:30,PT5M
15,-94,12.1,0,0,0,952.4,185,6.4,127,PARTLY CLOUDY,9.1,2.4,2025-08-27T04:15:00+09:30,PT5M
15,-94,8.2,0,0,0,952.4,184,6.5,126,MOSTLY CLEAR,9.3,2.4,2025-08-27T04:20:00+09:30,PT5M
15,-93,8.2,0,0,0,952.5,184,6.5,125,MOSTLY CLEAR,9.4,2.4,2025-08-27T04:25:00+09:30,PT5M
15,-93,0,0,0,0,952.5,183,6.6,124,CLEAR,9.5,2.4,2025-08-27T04:30:00+09:30,PT5M
15,-92,8.2,0,0,0,952.6,182,6.6,123,MOSTLY CLEAR,9.7,2.5,2025-08-27T04:35:00+09:30,PT5M
14,-92,10.1,0,0,0,952.6,182,6.6,121,PARTLY CLOUDY,9.8,2.5,2025-08-27T04:40:00+09:30,PT5M
14,-91,8.2,0,0,0,952.7,181,6.5,120,MOSTLY CLEAR,9.9,2.5,2025-08-27T04:45:00+09:30,PT5M
14,-91,0,0,0,0,952.7,181,6.5,119,CLEAR,10.1,2.5,2025-08-27T04:50:00+09:30,PT5M
14,-90,8.2,0,0,0,952.8,180,6.5,118,MOSTLY CLEAR,10.2,2.6,2025-08-27T04:55:00+09:30,PT5M
14,-90,10.1,0,0,0,952.9,180,6.4,117,PARTLY CLOUDY,10.3,2.6,2025-08-27T05:00:00+09:30,PT5M
14,-89,8.2,0,0,0,952.9,179,6.4,116,MOSTLY CLEAR,10.5,2.6,2025-08-27T05:05:00+09:30,PT5M
13,-89,0,0,0,0,953,179,6.4,115,CLEAR,10.6,2.7,2025-08-27T05:10:00+09:30,PT5M
13,-88,0,0,0,0,953,178,6.3,113,CLEAR,10.7,2.7,2025-08-27T05:15:00+09:30,PT5M
13,-88,8.2,0,0,0,953.1,178,6.3,112,MOSTLY CLEAR,10.9,2.8,2025-08-27T05:20:00+09:30,PT5M
13,-87,0,0,0,0,953.1,177,6.3,111,CLEAR,11,2.8,2025-08-27T05:25:00+09:30,PT5M
13,-87,0,0,0,0,953.2,177,6.2,110,CLEAR,11.1,2.9,2025-08-27T05:30:00+09:30,PT5M
13,-86,0,0,0,0,953.2,176,6.2,109,CLEAR,11.3,2.9,2025-08-27T05:35:00+09:30,PT5M
13,-86,0,0,0,0,953.3,176,6.1,108,CLEAR,11.4,3,2025-08-27T05:40:00+09:30,PT5M
13,-85,8.2,0,0,0,953.3,176,6.1,107,MOSTLY CLEAR,11.5,3,2025-08-27T05:45:00+09:30,PT5M
12,-85,12.1,0,0,0,953.4,175,6,105,PARTLY CLOUDY,11.7,3.1,2025-08-27T05:50:00+09:30,PT5M
12,-84,10.1,0,0,0,953.4,175,6,104,PARTLY CLOUDY,11.8,3.1,2025-08-27T05:55:00+09:30,PT5M
12,-84,8.2,0,0,0,953.5,175,5.9,103,MOSTLY CLEAR,11.9,3.2,2025-08-27T06:00:00+09:30,PT5M
12,-83,10.1,0,0,0,953.5,174,5.8,102,PARTLY CLOUDY,12,3.2,2025-08-27T06:05:00+09:30,PT5M
12,-83,12.1,0,0,0,953.6,174,5.8,101,PARTLY CLOUDY,11.9,3.3,2025-08-27T06:10:00+09:30,PT5M
12,-82,8.2,0,0,0,953.6,174,5.7,100,MOSTLY CLEAR,11.9,3.3,2025-08-27T06:15:00+09:30,PT5M
12,-82,0,0,0,0,953.7,174,5.7,99,CLEAR,11.8,3.4,2025-08-27T06:20:00+09:30,PT5M
12,-82,0,0,0,0,953.7,173,5.6,98,CLEAR,11.7,3.5,2025-08-27T06:25:00+09:30,PT5M
12,-81,0,0,0,0,953.8,173,5.6,96,CLEAR,11.7,3.5,2025-08-27T06:30:00+09:30,PT5M
12,-81,0,0,0,0,953.8,172,5.5,95,CLEAR,11.6,3.6,2025-08-27T06:35:00+09:30,PT5M
12,-80,0,0,0,0,953.9,172,5.4,94,CLEAR,11.6,3.6,2025-08-27T06:40:00+09:30,PT5M
12,-80,0,0,0,0,953.9,171,5.3,93,CLEAR,11.5,3.7,2025-08-27T06:45:00+09:30,PT5M
12,-79,0,0,0,0,954,171,5.2,92,CLEAR,11.4,3.8,2025-08-27T06:50:00+09:30,PT5M
12,-79,0,0,0,0,954,170,5.1,91,CLEAR,11.4,3.8,2025-08-27T06:55:00+09:30,PT5M
12,-78,0,3,3,0,954.1,169,5,90,CLEAR,11.3,3.9,2025-08-27T07:00:00+09:30,PT5M
12,-78,0,13,16,0,954.1,169,4.9,89,SUNNY,11.2,3.9,2025-08-27T07:05:00+09:30,PT5M
13,-77,0,26,35,0,954.2,168,4.8,87,SUNNY,11,4,2025-08-27T07:10:00+09:30,PT5M
13,-77,0,40,60,0,954.2,167,4.7,86,SUNNY,10.7,4,2025-08-27T07:15:00+09:30,PT5M
13,-76,0,55,92,0,954.3,166,4.6,85,SUNNY,10.5,4,2025-08-27T07:20:00+09:30,PT5M
13,-76,0,71,116,0,954.3,165,4.5,84,SUNNY,10.3,4.1,2025-08-27T07:25:00+09:30,PT5M
13,-75,0,88,138,0,954.4,165,4.4,83,SUNNY,10,4.1,2025-08-27T07:30:00+09:30,PT5M
13,-74,0,106,160,0,954.4,164,4.4,82,SUNNY,9.8,4.2,2025-08-27T07:35:00+09:30,PT5M
13,-74,0,124,183,0,954.5,163,4.6,81,SUNNY,9.6,4.2,2025-08-27T07:40:00+09:30,PT5M
13,-73,0,143,206,0,954.6,163,4.7,80,SUNNY,9.3,4.3,2025-08-27T07:45:00+09:30,PT5M
14,-73,0,161,229,0,954.7,162,4.9,79,SUNNY,9.1,4.3,2025-08-27T07:50:00+09:30,PT5M
14,-72,0,180,251,0,954.8,162,5,77,SUNNY,8.8,4.3,2025-08-27T07:55:00+09:30,PT5M
14,-72,0,200,274,0,954.9,162,5.1,76,SUNNY,8.6,4.4,2025-08-27T08:00:00+09:30,PT5M
14,-71,0,219,297,0,955,161,5.3,75,SUNNY,8.4,4.4,2025-08-27T08:05:00+09:30,PT5M
14,-70,0,238,319,0,955.1,161,5.4,74,SUNNY,8.1,4.4,2025-08-27T08:10:00+09:30,PT5M
15,-70,0,257,342,0,955.2,161,5.6,73,SUNNY,7.9,4.3,2025-08-27T08:15:00+09:30,PT5M
15,-69,0,277,364,0,955.4,160,5.7,72,SUNNY,7.7,4.3,2025-08-27T08:20:00+09:30,PT5M
15,-69,0,296,386,0,955.5,160,5.9,71,SUNNY,7.4,4.3,2025-08-27T08:25:00+09:30,PT5M
15,-68,0,315,408,0,955.6,160,6,70,SUNNY,7.2,4.3,2025-08-27T08:30:00+09:30,PT5M
15,-67,0,334,430,0,955.6,160,6.1,69,SUNNY,6.9,4.2,2025-08-27T08:35:00+09:30,PT5M
15,-67,0,353,452,0,955.7,159,6.1,68,SUNNY,6.7,4.2,2025-08-27T08:40:00+09:30,PT5M
15,-66,0,372,473,0,955.7,159,6.1,67,SUNNY,6.4,4.2,2025-08-27T08:45:00+09:30,PT5M
15,-65,0,391,494,0,955.8,159,6.1,66,SUNNY,6.2,4.2,2025-08-27T08:50:00+09:30,PT5M
15,-64,0,409,515,0,955.8,158,6.1,65,SUNNY,6,4.1,2025-08-27T08:55:00+09:30,PT5M
15,-64,0,427,536,0,955.8,158,6.1,64,SUNNY,5.7,4.1,2025-08-27T09:00:00+09:30,PT5M
15,-63,0,446,557,0,955.9,158,6.2,63,SUNNY,5.5,4,2025-08-27T09:05:00+09:30,PT5M
15,-62,0,464,577,0,955.9,158,6.2,62,SUNNY,5.4,3.8,2025-08-27T09:10:00+09:30,PT5M
15,-61,0,481,597,0,956,157,6.2,61,SUNNY,5.2,3.5,2025-08-27T09:15:00+09:30,PT5M
15,-60,0,499,617,0,956,157,6.2,60,SUNNY,5.1,3.3,2025-08-27T09:20:00+09:30,PT5M
15,-60,0,516,637,0,956,157,6.2,59,SUNNY,5,3.1,2025-08-27T09:25:00+09:30,PT5M
16,-59,0,533,656,0,956.1,156,6.2,58,SUNNY,4.8,2.9,2025-08-27T09:30:00+09:30,PT5M
16,-58,0,551,676,0,956.1,156,6.2,57,SUNNY,4.7,2.6,2025-08-27T09:35:00+09:30,PT5M
16,-57,0,568,694,0,956.1,156,6.2,56,SUNNY,4.5,2.4,2025-08-27T09:40:00+09:30,PT5M
16,-56,0,584,712,0,956.1,156,6.1,55,SUNNY,4.4,2.2,2025-08-27T09:45:00+09:30,PT5M
16,-55,0,599,730,0,956,156,6.1,54,SUNNY,4.3,2,2025-08-27T09:50:00+09:30,PT5M
16,-54,0,615,747,0,956,156,6.1,53,SUNNY,4.1,1.7,2025-08-27T09:55:00+09:30,PT5M
16,-53,0,630,764,0,956,156,6.1,52,SUNNY,4,1.5,2025-08-27T10:00:00+09:30,PT5M
16,-52,0,645,781,0,956,155,6,51,SUNNY,3.9,1.4,2025-08-27T10:05:00+09:30,PT5M
16,-51,0,659,797,0,956,155,6,50,SUNNY,3.9,1.4,2025-08-27T10:10:00+09:30,PT5M
16,-50,0,673,812,0,956,155,6,49,SUNNY,3.8,1.4,2025-08-27T10:15:00+09:30,PT5M
16,-49,0,686,827,0,955.9,155,5.9,48,SUNNY,3.8,1.4,2025-08-27T10:20:00+09:30,PT5M
16,-47,0,699,842,0,955.9,155,5.9,47,SUNNY,3.8,1.4,2025-08-27T10:25:00+09:30,PT5M
16,-46,0,712,856,0,955.9,155,5.9,47,SUNNY,3.7,1.4,2025-08-27T10:30:00+09:30,PT5M
17,-45,0,724,870,0,955.9,155,5.8,46,SUNNY,3.7,1.3,2025-08-27T10:35:00+09:30,PT5M
17,-44,0,736,883,0,955.8,155,5.8,45,SUNNY,3.7,1.3,2025-08-27T10:40:00+09:30,PT5M
17,-42,0,748,896,0,955.7,155,5.8,44,SUNNY,3.6,1.3,2025-08-27T10:45:00+09:30,PT5M
17,-41,0,759,908,0,955.7,155,5.7,43,SUNNY,3.6,1.3,2025-08-27T10:50:00+09:30,PT5M
17,-39,0,769,920,0,955.6,155,5.7,43,SUNNY,3.6,1.3,2025-08-27T10:55:00+09:30,PT5M
17,-38,0,779,931,0,955.5,155,5.6,42,SUNNY,3.5,1.3,2025-08-27T11:00:00+09:30,PT5M
17,-36,0,789,942,0,955.5,155,5.6,41,SUNNY,3.5,1.3,2025-08-27T11:05:00+09:30,PT5M
17,-35,0,798,952,0,955.4,155,5.6,41,SUNNY,3.4,1.3,2025-08-27T11:10:00+09:30,PT5M
18,-33,0,807,962,0,955.3,155,5.5,40,SUNNY,3.4,1.3,2025-08-27T11:15:00+09:30,PT5M
18,-31,0,815,971,0,955.3,156,5.5,39,SUNNY,3.4,1.3,2025-08-27T11:20:00+09:30,PT5M
18,-30,0,823,980,0,955.2,156,5.4,39,SUNNY,3.3,1.3,2025-08-27T11:25:00+09:30,PT5M
18,-28,0,831,988,0,955.1,156,5.4,38,SUNNY,3.3,1.3,2025-08-27T11:30:00+09:30,PT5M
18,-26,0,837,995,0,955.1,156,5.3,38,SUNNY,3.2,1.2,2025-08-27T11:35:00+09:30,PT5M
18,-24,0,844,1003,0,955,156,5.3,37,SUNNY,3.2,1.2,2025-08-27T11:40:00+09:30,PT5M
18,-22,0,850,1009,0,955,156,5.2,37,SUNNY,3.1,1.2,2025-08-27T11:45:00+09:30,PT5M
18,-21,0,855,1015,0,954.9,156,5.2,36,SUNNY,3.1,1.2,2025-08-27T11:50:00+09:30,PT5M
18,-19,0,860,1021,0,954.8,156,5.1,36,SUNNY,3.1,1.2,2025-08-27T11:55:00+09:30,PT5M
18,-17,0,864,1025,0,954.8,156,5.1,36,SUNNY,3,1.2,2025-08-27T12:00:00+09:30,PT5M
18,-15,0,868,1030,0,954.7,156,5,35,SUNNY,3.1,1.2,2025-08-27T12:05:00+09:30,PT5M
18,-12,0,872,1034,0,954.7,156,5,35,SUNNY,3.3,1.2,2025-08-27T12:10:00+09:30,PT5M
19,-10,0,875,1037,0,954.6,156,4.9,35,SUNNY,3.4,1.2,2025-08-27T12:15:00+09:30,PT5M
19,-8,0,877,1039,0,954.5,156,4.8,35,SUNNY,3.6,1.2,2025-08-27T12:20:00+09:30,PT5M
19,-6,0,879,1041,0,954.5,156,4.8,35,SUNNY,3.8,1.2,2025-08-27T12:25:00+09:30,PT5M
19,-4,0,880,1043,0,954.4,156,4.7,34,SUNNY,4,1.2,2025-08-27T12:30:00+09:30,PT5M
19,-2,0,881,1044,0,954.3,156,4.7,34,SUNNY,4.1,1.1,2025-08-27T12:35:00+09:30,PT5M
19,0,0,881,1044,0,954.3,156,4.6,34,SUNNY,4.3,1.1,2025-08-27T12:40:00+09:30,PT5M
19,3,0,881,1044,0,954.2,156,4.6,34,SUNNY,4.5,1.1,2025-08-27T12:45:00+09:30,PT5M
19,5,0,880,1043,0,954.1,156,4.5,34,SUNNY,4.7,1.1,2025-08-27T12:50:00+09:30,PT5M
19,7,0,879,1042,0,954,156,4.4,35,SUNNY,4.8,1.1,2025-08-27T12:55:00+09:30,PT5M
19,9,0,877,1040,0,953.9,156,4.4,35,SUNNY,5,1.1,2025-08-27T13:00:00+09:30,PT5M
19,11,0,875,1038,0,953.8,156,4.3,35,SUNNY,5.3,1.1,2025-08-27T13:05:00+09:30,PT5M
19,13,0,872,1035,0,953.7,156,4.3,35,SUNNY,5.7,1.1,2025-08-27T13:10:00+09:30,PT5M
20,15,0,869,1031,0,953.6,156,4.2,35,SUNNY,6.1,1.1,2025-08-27T13:15:00+09:30,PT5M
20,17,0,865,1027,0,953.5,157,4.2,36,SUNNY,6.4,1.1,2025-08-27T13:20:00+09:30,PT5M
20,19,0,861,1022,0,953.4,157,4.1,36,SUNNY,6.8,1.1,2025-08-27T13:25:00+09:30,PT5M
20,21,0,856,1017,0,953.3,157,4.1,37,SUNNY,7.2,1.1,2025-08-27T13:30:00+09:30,PT5M
20,23,0,851,1011,0,953.3,157,4,37,SUNNY,7.6,1.1,2025-08-27T13:35:00+09:30,PT5M
20,25,0,845,1005,0,953.2,157,4,37,SUNNY,8,1.1,2025-08-27T13:40:00+09:30,PT5M
20,27,0,839,998,0,953.1,158,3.9,38,SUNNY,8.4,1.1,2025-08-27T13:45:00+09:30,PT5M
20,29,0,833,990,0,953.1,158,3.9,38,SUNNY,8.7,1.1,2025-08-27T13:50:00+09:30,PT5M
20,31,0,825,982,0,953,159,3.9,39,SUNNY,9.1,1.1,2025-08-27T13:55:00+09:30,PT5M
20,32,0,818,974,0,953,159,3.8,40,SUNNY,9.5,1.1,2025-08-27T14:00:00+09:30,PT5M
20,34,0,810,965,0,952.9,159,3.8,40,SUNNY,9.9,1.1,2025-08-27T14:05:00+09:30,PT5M
20,36,0,801,955,0,952.8,160,3.7,41,SUNNY,10.3,1.1,2025-08-27T14:10:00+09:30,PT5M
20,37,0,792,945,0,952.8,160,3.7,42,SUNNY,10.6,1.1,2025-08-27T14:15:00+09:30,PT5M
20,39,0,783,935,0,952.7,161,3.7,42,SUNNY,11,1.1,2025-08-27T14:20:00+09:30,PT5M
21,40,0,773,924,0,952.7,161,3.6,43,SUNNY,11.4,1.1,2025-08-27T14:25:00+09:30,PT5M
21,41,0,762,912,0,952.6,162,3.6,44,SUNNY,11.8,1.1,2025-08-27T14:30:00+09:30,PT5M
21,43,0,751,900,0,952.5,162,3.6,45,SUNNY,12.1,1.1,2025-08-27T14:35:00+09:30,PT5M
21,44,0,740,888,0,952.5,163,3.5,45,SUNNY,12.5,1.1,2025-08-27T14:40:00+09:30,PT5M
21,45,0,728,875,0,952.4,163,3.5,46,SUNNY,12.9,1.1,2025-08-27T14:45:00+09:30,PT5M
21,47,0,716,862,0,952.4,164,3.5,47,SUNNY,13.3,1.1,2025-08-27T14:50:00+09:30,PT5M
21,48,0,704,848,0,952.3,164,3.5,48,SUNNY,13.6,1.1,2025-08-27T14:55:00+09:30,PT5M
21,49,0,691,833,0,952.2,165,3.4,49,SUNNY,14,1.1,2025-08-27T15:00:00+09:30,PT5M
21,50,0,677,818,0,952.2,165,3.4,50,SUNNY,14.3,1.2,2025-08-27T15:05:00+09:30,PT5M
21,51,0,663,803,0,952.1,165,3.4,50,SUNNY,14.4,1.5,2025-08-27T15:10:00+09:30,PT5M
21,52,0,649,786,0,952.1,166,3.4,51,SUNNY,14.5,1.7,2025-08-27T15:15:00+09:30,PT5M
21,53,0,634,770,0,952,166,3.3,52,SUNNY,14.6,2,2025-08-27T15:20:00+09:30,PT5M
21,55,0,619,753,0,952,167,3.3,53,SUNNY,14.7,2.3,2025-08-27T15:25:00+09:30,PT5M
21,56,0,603,735,0,951.9,167,3.3,54,SUNNY,14.8,2.5,2025-08-27T15:30:00+09:30,PT5M
21,56,0,587,717,0,951.9,168,3.3,55,SUNNY,15,2.8,2025-08-27T15:35:00+09:30,PT5M
21,57,0,571,699,0,951.9,168,3.3,56,SUNNY,15.1,3,2025-08-27T15:40:00+09:30,PT5M
21,58,0,555,680,0,951.9,168,3.2,57,SUNNY,15.2,3.3,2025-08-27T15:45:00+09:30,PT5M
21,59,0,538,661,0,951.9,169,3.2,58,SUNNY,15.3,3.6,2025-08-27T15:50:00+09:30,PT5M
21,60,0,520,641,0,951.9,169,3.2,59,SUNNY,15.4,3.8,2025-08-27T15:55:00+09:30,PT5M
21,61,0,503,621,0,951.9,169,3.2,60,SUNNY,15.5,4.1,2025-08-27T16:00:00+09:30,PT5M
21,62,0,485,601,0,951.9,169,3.2,61,SUNNY,15.5,4.2,2025-08-27T16:05:00+09:30,PT5M
21,62,0,467,581,0,951.9,170,3.2,62,SUNNY,15.4,4.2,2025-08-27T16:10:00+09:30,PT5M
21,63,0,449,561,0,951.9,170,3.2,63,SUNNY,15.2,4.1,2025-08-27T16:15:00+09:30,PT5M
21,64,0,431,540,0,951.9,170,3.2,64,SUNNY,15,4.1,2025-08-27T16:20:00+09:30,PT5M
21,65,0,412,519,0,952,170,3.2,65,SUNNY,14.9,4.1,2025-08-27T16:25:00+09:30,PT5M
21,65,0,394,498,0,952,171,3.1,66,SUNNY,14.7,4.1,2025-08-27T16:30:00+09:30,PT5M
21,66,0,375,477,0,952,171,3.1,67,SUNNY,14.6,4,2025-08-27T16:35:00+09:30,PT5M
21,67,0,356,455,0,952,170,3.2,68,SUNNY,14.4,4,2025-08-27T16:40:00+09:30,PT5M
21,68,0,336,433,0,952,170,3.2,69,SUNNY,14.3,4,2025-08-27T16:45:00+09:30,PT5M
21,68,0,317,411,0,952,170,3.2,70,SUNNY,14.1,4,2025-08-27T16:50:00+09:30,PT5M
20,69,0,298,389,0,952,170,3.2,71,SUNNY,13.9,3.9,2025-08-27T16:55:00+09:30,PT5M
20,70,0,278,366,0,952,169,3.2,72,SUNNY,13.8,3.9,2025-08-27T17:00:00+09:30,PT5M
20,70,0,258,343,0,952,169,3.2,73,SUNNY,13.6,3.9,2025-08-27T17:05:00+09:30,PT5M
20,71,0,239,321,0,952,169,3.2,75,SUNNY,13.5,3.9,2025-08-27T17:10:00+09:30,PT5M
20,71,0,219,298,0,952,169,3.2,76,SUNNY,13.3,3.9,2025-08-27T17:15:00+09:30,PT5M
20,72,0,200,275,0,952,168,3.2,77,SUNNY,13.1,3.8,2025-08-27T17:20:00+09:30,PT5M
20,73,0,180,252,0,952.1,168,3.3,78,SUNNY,13,3.8,2025-08-27T17:25:00+09:30,PT5M
20,73,0,161,228,0,952.1,168,3.3,79,SUNNY,12.8,3.8,2025-08-27T17:30:00+09:30,PT5M
20,74,0,142,205,0,952.1,167,3.3,80,SUNNY,12.7,3.8,2025-08-27T17:35:00+09:30,PT5M
20,74,0,123,182,0,952.1,167,3.2,81,SUNNY,12.5,3.8,2025-08-27T17:40:00+09:30,PT5M
19,75,0,104,159,0,952.2,167,3.2,82,SUNNY,12.4,3.8,2025-08-27T17:45:00+09:30,PT5M
19,75,0,86,136,0,952.2,166,3.2,83,SUNNY,12.2,3.7,2025-08-27T17:50:00+09:30,PT5M
19,76,0,69,113,0,952.2,166,3.1,84,SUNNY,12,3.7,2025-08-27T17:55:00+09:30,PT5M
19,76,0,52,85,0,952.3,165,3.1,86,SUNNY,11.9,3.7,2025-08-27T18:00:00+09:30,PT5M
19,77,0,37,54,0,952.3,165,3.1,87,SUNNY,11.7,3.7,2025-08-27T18:05:00+09:30,PT5M
19,77,0,23,30,0,952.3,164,3.1,88,SUNNY,11.6,3.6,2025-08-27T18:10:00+09:30,PT5M
18,78,0,10,12,0,952.4,164,3,89,SUNNY,11.4,3.6,2025-08-27T18:15:00+09:30,PT5M
18,78,0,0,0,0,952.4,163,3,90,CLEAR,11.3,3.6,2025-08-27T18:20:00+09:30,PT5M
18,79,0,0,0,0,952.4,163,3,91,CLEAR,11.1,3.6,2025-08-27T18:25:00+09:30,PT5M
18,79,0,0,0,0,952.5,162,3,92,CLEAR,11,3.5,2025-08-27T18:30:00+09:30,PT5M
18,80,0,0,0,0,952.5,162,2.9,93,CLEAR,10.8,3.5,2025-08-27T18:35:00+09:30,PT5M
18,80,0,0,0,0,952.6,162,2.9,94,CLEAR,10.7,3.4,2025-08-27T18:40:00+09:30,PT5M
18,81,0,0,0,0,952.6,161,2.9,96,CLEAR,10.5,3.4,2025-08-27T18:45:00+09:30,PT5M
17,81,0,0,0,0,952.7,161,2.9,97,CLEAR,10.4,3.4,2025-08-27T18:50:00+09:30,PT5M
17,82,0,0,0,0,952.8,160,2.9,98,CLEAR,10.2,3.4,2025-08-27T18:55:00+09:30,PT5M
17,82,0,0,0,0,952.8,160,2.9,99,CLEAR,10.1,3.3,2025-08-27T19:00:00+09:30,PT5M
17,83,0,0,0,0,952.9,159,2.9,100,CLEAR,9.9,3.3,2025-08-27T19:05:00+09:30,PT5M
17,83,0,0,0,0,953,159,2.9,101,CLEAR,9.8,3.2,2025-08-27T19:10:00+09:30,PT5M
16,84,0,0,0,0,953,159,2.9,102,CLEAR,9.7,3.2,2025-08-27T19:15:00+09:30,PT5M
16,84,0,0,0,0,953.1,158,2.8,104,CLEAR,9.5,3.2,2025-08-27T19:20:00+09:30,PT5M
16,85,0,0,0,0,953.2,158,2.8,105,CLEAR,9.4,3.1,2025-08-27T19:25:00+09:30,PT5M
16,85,0,0,0,0,953.2,157,2.8,106,CLEAR,9.3,3.1,2025-08-27T19:30:00+09:30,PT5M
16,86,0,0,0,0,953.3,157,2.8,107,CLEAR,9.1,3,2025-08-27T19:35:00+09:30,PT5M
16,86,0,0,0,0,953.4,157,2.9,108,CLEAR,9,3,2025-08-27T19:40:00+09:30,PT5M
16,87,0,0,0,0,953.4,157,2.9,109,CLEAR,8.9,2.9,2025-08-27T19:45:00+09:30,PT5M
15,87,0,0,0,0,953.5,157,2.9,110,CLEAR,8.7,2.9,2025-08-27T19:50:00+09:30,PT5M
15,88,0,0,0,0,953.5,157,2.9,112,CLEAR,8.6,2.9,2025-08-27T19:55:00+09:30,PT5M
15,88,0,0,0,0,953.6,157,2.9,113,CLEAR,8.5,2.8,2025-08-27T20:00:00+09:30,PT5M
15,89,0,0,0,0,953.6,157,2.9,114,CLEAR,8.3,2.8,2025-08-27T20:05:00+09:30,PT5M
15,89,0,0,0,0,953.7,157,3,115,CLEAR,8.2,2.8,2025-08-27T20:10:00+09:30,PT5M
15,90,0,0,0,0,953.7,157,3,116,CLEAR,8,2.7,2025-08-27T20:15:00+09:30,PT5M
15,90,0,0,0,0,953.8,157,3,117,CLEAR,7.9,2.7,2025-08-27T20:20:00+09:30,PT5M
15,91,0,0,0,0,953.8,157,3,118,CLEAR,7.8,2.6,2025-08-27T20:25:00+09:30,PT5M
15,91,0,0,0,0,953.9,157,3,120,CLEAR,7.6,2.6,2025-08-27T20:30:00+09:30,PT5M
15,92,0,0,0,0,953.9,157,3.1,121,CLEAR,7.5,2.6,2025-08-27T20:35:00+09:30,PT5M
14,92,8.2,0,0,0,953.9,157,3.1,122,MOSTLY CLEAR,7.3,2.6,2025-08-27T20:40:00+09:30,PT5M
14,93,0,0,0,0,953.9,157,3.1,123,CLEAR,7.2,2.5,2025-08-27T20:45:00+09:30,PT5M
14,93,0,0,0,0,953.9,157,3.1,124,CLEAR,7.1,2.5,2025-08-27T20:50:00+09:30,PT5M
14,94,0,0,0,0,954,156,3.1,125,CLEAR,6.9,2.4,2025-08-27T20:55:00+09:30,PT5M
14,94,8.2,0,0,0,954,156,3.1,126,MOSTLY CLEAR,6.8,2.4,2025-08-27T21:00:00+09:30,PT5M
14,95,8.2,0,0,0,954,156,3.1,128,MOSTLY CLEAR,6.7,2.4,2025-08-27T21:05:00+09:30,PT5M
14,96,8.2,0,0,0,954,156,3.1,129,MOSTLY CLEAR,6.6,2.4,2025-08-27T21:10:00+09:30,PT5M
13,96,8.2,0,0,0,954,156,3.1,130,MOSTLY CLEAR,6.5,2.4,2025-08-27T21:15:00+09:30,PT5M
13,97,8.2,0,0,0,954,156,3.2,131,MOSTLY CLEAR,6.4,2.3,2025-08-27T21:20:00+09:30,PT5M
13,97,8.2,0,0,0,954.1,156,3.2,132,MOSTLY CLEAR,6.3,2.3,2025-08-27T21:25:00+09:30,PT5M
13,98,8.2,0,0,0,954.1,156,3.2,133,MOSTLY CLEAR,6.2,2.3,2025-08-27T21:30:00+09:30,PT5M
13,99,8.2,0,0,0,954.1,155,3.2,134,MOSTLY CLEAR,6.1,2.3,2025-08-27T21:35:00+09:30,PT5M
13,99,10.1,0,0,0,954.1,155,3.2,135,PARTLY CLOUDY,6,2.3,2025-08-27T21:40:00+09:30,PT5M
13,100,10.1,0,0,0,954.1,154,3.2,137,PARTLY CLOUDY,5.9,2.3,2025-08-27T21:45:00+09:30,PT5M
13,101,8.2,0,0,0,954.1,153,3.1,138,MOSTLY CLEAR,5.8,2.2,2025-08-27T21:50:00+09:30,PT5M
12,102,8.2,0,0,0,954.2,153,3.1,139,MOSTLY CLEAR,5.7,2.2,2025-08-27T21:55:00+09:30,PT5M
12,102,8.2,0,0,0,954.2,152,3.1,140,MOSTLY CLEAR,5.6,2.2,2025-08-27T22:00:00+09:30,PT5M
12,103,8.2,0,0,0,954.2,151,3.1,141,MOSTLY CLEAR,5.6,2.2,2025-08-27T22:05:00+09:30,PT5M
12,104,8.2,0,0,0,954.2,150,3.1,142,MOSTLY CLEAR,5.5,2.2,2025-08-27T22:10:00+09:30,PT5M
12,105,8.2,0,0,0,954.2,149,3.1,143,MOSTLY CLEAR,5.5,2.2,2025-08-27T22:15:00+09:30,PT5M
12,106,8.2,0,0,0,954.2,149,3.1,144,MOSTLY CLEAR,5.4,2.2,2025-08-27T22:20:00+09:30,PT5M
12,107,8.2,0,0,0,954.3,148,3.1,146,MOSTLY CLEAR,5.4,2.2,2025-08-27T22:25:00+09:30,PT5M
12,108,0,0,0,0,954.3,147,3.1,147,CLEAR,5.3,2.2,2025-08-27T22:30:00+09:30,PT5M
12,109,8.2,0,0,0,954.3,147,3.1,148,MOSTLY CLEAR,5.3,2.1,2025-08-27T22:35:00+09:30,PT5M
12,110,8.2,0,0,0,954.3,146,3.1,149,MOSTLY CLEAR,5.2,2.1,2025-08-27T22:40:00+09:30,PT5M
11,111,8.2,0,0,0,954.3,145,3.1,150,MOSTLY CLEAR,5.2,2.1,2025-08-27T22:45:00+09:30,PT5M
11,112,0,0,0,0,954.3,145,3.1,151,CLEAR,5.1,2.1,2025-08-27T22:50:00+09:30,PT5M
11,114,8.2,0,0,0,954.4,144,3.1,152,MOSTLY CLEAR,5.1,2.1,2025-08-27T22:55:00+09:30,PT5M
11,115,8.2,0,0,0,954.4,143,3.1,153,MOSTLY CLEAR,5,2.1,2025-08-27T23:00:00+09:30,PT5M
11,117,10.1,0,0,0,954.4,143,3.1,154,PARTLY CLOUDY,5,2.1,2025-08-27T23:05:00+09:30,PT5M
11,118,10.1,0,0,0,954.4,142,3.1,155,PARTLY CLOUDY,4.9,2.1,2025-08-27T23:10:00+09:30,PT5M
11,120,8.2,0,0,0,954.4,141,3.1,156,MOSTLY CLEAR,4.9,2.1,2025-08-27T23:15:00+09:30,PT5M
11,122,8.2,0,0,0,954.4,141,3.1,157,MOSTLY CLEAR,4.8,2.1,2025-08-27T23:20:00+09:30,PT5M
11,124,8.2,0,0,0,954.5,140,3.1,158,MOSTLY CLEAR,4.8,2.1,2025-08-27T23:25:00+09:30,PT5M
11,126,10.1,0,0,0,954.5,139,3,159,PARTLY CLOUDY,4.7,2.1,2025-08-27T23:30:00+09:30,PT5M
11,128,8.2,0,0,0,954.5,139,3,160,MOSTLY CLEAR,4.7,2,2025-08-27T23:35:00+09:30,PT5M
10,131,8.2,0,0,0,954.5,138,3,161,MOSTLY CLEAR,4.6,2,2025-08-27T23:40:00+09:30,PT5M
10,134,8.2,0,0,0,954.5,137,3,162,MOSTLY CLEAR,4.6,2,2025-08-27T23:45:00+09:30,PT5M
10,137,8.2,0,0,0,954.5,136,3,162,MOSTLY CLEAR,4.5,2,2025-08-27T23:50:00+09:30,PT5M
10,140,8.2,0,0,0,954.5,136,3,163,MOSTLY CLEAR,4.5,2,2025-08-27T23:55:00+09:30,PT5M
10,143,10.1,0,0,0,954.4,135,2.9,164,PARTLY CLOUDY,4.4,2,2025-08-28T00:00:00+09:30,PT5M
10,147,8.2,0,0,0,954.4,134,2.9,164,MOSTLY CLEAR,4.4,2,2025-08-28T00:05:00+09:30,PT5M
10,151,8.2,0,0,0,954.4,133,2.9,165,MOSTLY CLEAR,4.4,2,2025-08-28T00:10:00+09:30,PT5M
10,156,8.2,0,0,0,954.4,132,2.9,166,MOSTLY CLEAR,4.3,2,2025-08-28T00:15:00+09:30,PT5M
10,160,8.2,0,0,0,954.4,131,2.9,166,MOSTLY CLEAR,4.3,2,2025-08-28T00:20:00+09:30,PT5M
10,165,8.2,0,0,0,954.4,131,2.9,166,MOSTLY CLEAR,4.3,2,2025-08-28T00:25:00+09:30,PT5M
10,170,8.2,0,0,0,954.4,130,2.8,167,MOSTLY CLEAR,4.3,2,2025-08-28T00:30:00+09:30,PT5M
10,176,8.2,0,0,0,954.4,129,2.8,167,MOSTLY CLEAR,4.2,2.1,2025-08-28T00:35:00+09:30,PT5M
10,-179,8.2,0,0,0,954.3,128,2.8,167,MOSTLY CLEAR,4.2,2.1,2025-08-28T00:40:00+09:30,PT5M
10,-174,8.2,0,0,0,954.3,127,2.8,167,MOSTLY CLEAR,4.2,2.1,2025-08-28T00:45:00+09:30,PT5M
10,-168,8.2,0,0,0,954.2,126,2.8,166,MOSTLY CLEAR,4.2,2.1,2025-08-28T00:50:00+09:30,PT5M
10,-163,8.2,0,0,0,954.2,126,2.8,166,MOSTLY CLEAR,4.1,2.1,2025-08-28T00:55:00+09:30,PT5M
10,-158,10.1,0,0,0,954.2,125,2.8,166,PARTLY CLOUDY,4.1,2.1,2025-08-28T01:00:00+09:30,PT5M
9,-154,8.2,0,0,0,954.1,124,2.8,165,MOSTLY CLEAR,4.1,2.1,2025-08-28T01:05:00+09:30,PT5M
9,-149,0,0,0,0,954.1,123,2.8,165,CLEAR,4.1,2.1,2025-08-28T01:10:00+09:30,PT5M
9,-146,8.2,0,0,0,954,122,2.8,164,MOSTLY CLEAR,4.1,2.1,2025-08-28T01:15:00+09:30,PT5M
9,-142,10.1,0,0,0,954,121,2.9,164,PARTLY CLOUDY,4.1,2.1,2025-08-28T01:20:00+09:30,PT5M
9,-138,8.2,0,0,0,953.9,120,2.9,163,MOSTLY CLEAR,4.1,2.1,2025-08-28T01:25:00+09:30,PT5M
9,-135,8.2,0,0,0,953.9,120,2.9,162,MOSTLY CLEAR,4.1,2.1,2025-08-28T01:30:00+09:30,PT5M
9,-132,8.2,0,0,0,953.9,119,2.9,161,MOSTLY CLEAR,4.1,2.2,2025-08-28T01:35:00+09:30,PT5M
9,-130,8.2,0,0,0,953.9,118,2.9,160,MOSTLY CLEAR,4.1,2.2,2025-08-28T01:40:00+09:30,PT5M
9,-127,8.2,0,0,0,953.9,117,2.9,159,MOSTLY CLEAR,4.1,2.2,2025-08-28T01:45:00+09:30,PT5M
9,-125,8.2,0,0,0,953.9,117,2.9,158,MOSTLY CLEAR,4.1,2.2,2025-08-28T01:50:00+09:30,PT5M
9,-123,8.2,0,0,0,953.8,116,2.9,158,MOSTLY CLEAR,4.1,2.2,2025-08-28T01:55:00+09:30,PT5M
9,-121,8.2,0,0,0,953.8,115,2.9,157,MOSTLY CLEAR,4.1,2.2,2025-08-28T02:00:00+09:30,PT5M
9,-119,8.2,0,0,0,953.8,114,2.9,156,MOSTLY CLEAR,4.1,2.2,2025-08-28T02:05:00+09:30,PT5M
9,-118,8.2,0,0,0,953.8,114,2.9,155,MOSTLY CLEAR,4.1,2.2,2025-08-28T02:10:00+09:30,PT5M
9,-116,8.2,0,0,0,953.8,113,2.9,154,MOSTLY CLEAR,4.1,2.2,2025-08-28T02:15:00+09:30,PT5M
8,-115,8.2,0,0,0,953.8,112,2.9,153,MOSTLY CLEAR,4.1,2.2,2025-08-28T02:20:00+09:30,PT5M
8,-113,8.2,0,0,0,953.8,111,2.9,151,MOSTLY CLEAR,4.1,2.2,2025-08-28T02:25:00+09:30,PT5M
8,-112,8.2,0,0,0,953.8,111,2.9,150,MOSTLY CLEAR,4.1,2.2,2025-08-28T02:30:00+09:30,PT5M
8,-111,8.2,0,0,0,953.8,110,2.9,149,MOSTLY CLEAR,4,2.2,2025-08-28T02:35:00+09:30,PT5M
8,-110,10.1,0,0,0,953.8,109,2.9,148,PARTLY CLOUDY,4,2.2,2025-08-28T02:40:00+09:30,PT5M
8,-108,8.2,0,0,0,953.8,108,2.9,147,MOSTLY CLEAR,4,2.2,2025-08-28T02:45:00+09:30,PT5M
8,-107,8.2,0,0,0,953.8,107,2.9,146,MOSTLY CLEAR,4,2.2,2025-08-28T02:50:00+09:30,PT5M
8,-106,8.2,0,0,0,953.8,106,2.9,145,MOSTLY CLEAR,4,2.2,2025-08-28T02:55:00+09:30,PT5M
8,-105,8.2,0,0,0,953.8,105,2.9,144,MOSTLY CLEAR,4,2.2,2025-08-28T03:00:00+09:30,PT5M
8,-105,8.2,0,0,0,953.8,105,2.9,143,MOSTLY CLEAR,4,2.2,2025-08-28T03:05:00+09:30,PT5M
8,-104,0,0,0,0,953.8,104,2.9,142,CLEAR,4,2.2,2025-08-28T03:10:00+09:30,PT5M
8,-103,0,0,0,0,953.9,103,2.9,141,CLEAR,4,2.2,2025-08-28T03:15:00+09:30,PT5M
8,-102,0,0,0,0,953.9,102,2.9,139,CLEAR,4.1,2.2,2025-08-28T03:20:00+09:30,PT5M
8,-101,0,0,0,0,953.9,101,2.9,138,CLEAR,4.1,2.2,2025-08-28T03:25:00+09:30,PT5M
8,-101,0,0,0,0,953.9,100,2.9,137,CLEAR,4.1,2.2,2025-08-28T03:30:00+09:30,PT5M
8,-100,8.2,0,0,0,953.9,99,2.9,136,MOSTLY CLEAR,4.1,2.3,2025-08-28T03:35:00+09:30,PT5M
8,-99,8.2,0,0,0,953.9,98,2.9,135,MOSTLY CLEAR,4.1,2.3,2025-08-28T03:40:00+09:30,PT5M
8,-98,8.2,0,0,0,953.9,97,2.9,134,MOSTLY CLEAR,4.1,2.3,2025-08-28T03:45:00+09:30,PT5M
8,-98,8.2,0,0,0,953.9,96,2.9,133,MOSTLY CLEAR,4.2,2.3,2025-08-28T03:50:00+09:30,PT5M
8,-97,10.1,0,0,0,953.8,95,2.9,132,PARTLY CLOUDY,4.2,2.3,2025-08-28T03:55:00+09:30,PT5M
7,-97,10.1,0,0,0,953.8,95,2.9,130,PARTLY CLOUDY,4.2,2.3,2025-08-28T04:00:00+09:30,PT5M
7,-96,10.1,0,0,0,953.8,94,2.9,129,PARTLY CLOUDY,4.2,2.3,2025-08-28T04:05:00+09:30,PT5M
7,-95,10.1,0,0,0,953.8,93,2.8,128,PARTLY CLOUDY,4.2,2.3,2025-08-28T04:10:00+09:30,PT5M
7,-95,10.1,0,0,0,953.8,92,2.8,127,PARTLY CLOUDY,4.3,2.3,2025-08-28T04:15:00+09:30,PT5M
7,-94,8.2,0,0,0,953.8,91,2.8,126,MOSTLY CLEAR,4.3,2.3,2025-08-28T04:20:00+09:30,PT5M
7,-94,10.1,0,0,0,953.8,89,2.8,125,PARTLY CLOUDY,4.4,2.3,2025-08-28T04:25:00+09:30,PT5M
7,-93,10.1,0,0,0,953.8,88,2.8,124,PARTLY CLOUDY,4.4,2.3,2025-08-28T04:30:00+09:30,PT5M
7,-93,10.1,0,0,0,953.8,87,2.8,122,PARTLY CLOUDY,4.4,2.4,2025-08-28T04:35:00+09:30,PT5M
7,-92,12.1,0,0,0,953.8,86,2.8,121,PARTLY CLOUDY,4.4,2.4,2025-08-28T04:40:00+09:30,PT5M
7,-92,8.2,0,0,0,953.8,85,2.8,120,MOSTLY CLEAR,4.5,2.4,2025-08-28T04:45:00+09:30,PT5M
7,-91,10.1,0,0,0,953.8,84,2.8,119,PARTLY CLOUDY,4.5,2.4,2025-08-28T04:50:00+09:30,PT5M
7,-91,10.1,0,0,0,953.8,83,2.8,118,PARTLY CLOUDY,4.6,2.4,2025-08-28T04:55:00+09:30,PT5M
7,-90,10.1,0,0,0,953.8,82,2.8,117,PARTLY CLOUDY,4.6,2.4,2025-08-28T05:00:00+09:30,PT5M
7,-90,10.1,0,0,0,953.8,81,2.8,116,PARTLY CLOUDY,4.6,2.4,2025-08-28T05:05:00+09:30,PT5M
7,-89,8.2,0,0,0,953.8,80,2.8,114,MOSTLY CLEAR,4.6,2.4,2025-08-28T05:10:00+09:30,PT5M
7,-89,8.2,0,0,0,953.9,79,2.8,113,MOSTLY CLEAR,4.7,2.4,2025-08-28T05:15:00+09:30,PT5M
7,-88,8.2,0,0,0,953.9,78,2.9,112,MOSTLY CLEAR,4.7,2.5,2025-08-28T05:20:00+09:30,PT5M
6,-88,8.2,0,0,0,953.9,77,2.9,111,MOSTLY CLEAR,4.7,2.5,2025-08-28T05:25:00+09:30,PT5M
6,-87,8.2,0,0,0,953.9,76,2.9,110,MOSTLY CLEAR,4.8,2.5,2025-08-28T05:30:00+09:30,PT5M
6,-87,8.2,0,0,0,953.9,76,2.9,109,MOSTLY CLEAR,4.8,2.5,2025-08-28T05:35:00+09:30,PT5M
6,-86,8.2,0,0,0,953.9,75,2.9,108,MOSTLY CLEAR,4.9,2.5,2025-08-28T05:40:00+09:30,PT5M
6,-86,8.2,0,0,0,954,75,2.9,106,MOSTLY CLEAR,4.9,2.5,2025-08-28T05:45:00+09:30,PT5M
6,-85,8.2,0,0,0,954,75,2.9,105,MOSTLY CLEAR,4.9,2.6,2025-08-28T05:50:00+09:30,PT5M
6,-85,0,0,0,0,954.1,74,2.9,104,CLEAR,5,2.6,2025-08-28T05:55:00+09:30,PT5M
6,-84,8.2,0,0,0,954.1,74,2.9,103,MOSTLY CLEAR,5,2.6,2025-08-28T06:00:00+09:30,PT5M
6,-84,8.2,0,0,0,954.2,74,2.9,102,MOSTLY CLEAR,5,2.6,2025-08-28T06:05:00+09:30,PT5M
6,-83,8.2,0,0,0,954.2,73,2.9,101,MOSTLY CLEAR,4.9,2.6,2025-08-28T06:10:00+09:30,PT5M
6,-83,8.2,0,0,0,954.2,73,2.9,100,MOSTLY CLEAR,4.9,2.7,2025-08-28T06:15:00+09:30,PT5M
6,-82,0,0,0,0,954.3,72,2.9,98,CLEAR,4.8,2.7,2025-08-28T06:20:00+09:30,PT5M
6,-82,0,0,0,0,954.3,72,2.9,97,CLEAR,4.8,2.7,2025-08-28T06:25:00+09:30,PT5M
6,-81,0,0,0,0,954.4,72,2.8,96,CLEAR,4.7,2.7,2025-08-28T06:30:00+09:30,PT5M
6,-81,0,0,0,0,954.4,71,2.8,95,CLEAR,4.7,2.8,2025-08-28T06:35:00+09:30,PT5M
6,-80,8.2,0,0,0,954.5,71,2.8,94,MOSTLY CLEAR,4.6,2.8,2025-08-28T06:40:00+09:30,PT5M
7,-80,0,0,0,0,954.5,70,2.8,93,CLEAR,4.6,2.8,2025-08-28T06:45:00+09:30,PT5M
7,-79,0,0,0,0,954.6,70,2.8,92,CLEAR,4.5,2.8,2025-08-28T06:50:00+09:30,PT5M
7,-79,8.2,0,0,0,954.7,69,2.7,91,MOSTLY CLEAR,4.5,2.9,2025-08-28T06:55:00+09:30,PT5M
7,-78,10.1,4,5,0,954.7,68,2.7,89,PARTLY CLOUDY,4.4,2.9,2025-08-28T07:00:00+09:30,PT5M
8,-78,8.2,15,18,0,954.8,68,2.7,88,MOSTLY SUNNY,4.3,2.9,2025-08-28T07:05:00+09:30,PT5M
8,-77,8.2,28,36,0,954.8,67,2.7,87,MOSTLY SUNNY,4.2,2.9,2025-08-28T07:10:00+09:30,PT5M
8,-77,0,45,70,0,954.9,67,2.6,86,SUNNY,4.1,2.9,2025-08-28T07:15:00+09:30,PT5M
8,-76,0,61,104,0,955,66,2.6,85,SUNNY,3.9,2.9,2025-08-28T07:20:00+09:30,PT5M
8,-76,0,78,126,0,955,65,2.6,84,SUNNY,3.8,2.9,2025-08-28T07:25:00+09:30,PT5M
9,-75,0,95,148,0,955.1,65,2.6,83,SUNNY,3.7,2.9,2025-08-28T07:30:00+09:30,PT5M
9,-75,0,114,171,0,955.1,65,2.5,82,SUNNY,3.5,2.9,2025-08-28T07:35:00+09:30,PT5M
9,-74,0,132,194,0,955.2,67,2.5,81,SUNNY,3.4,2.9,2025-08-28T07:40:00+09:30,PT5M
10,-74,0,151,217,0,955.2,68,2.5,79,SUNNY,3.3,2.9,2025-08-28T07:45:00+09:30,PT5M
10,-73,0,170,240,0,955.3,70,2.5,78,SUNNY,3.1,2.9,2025-08-28T07:50:00+09:30,PT5M
11,-72,0,190,263,0,955.4,71,2.5,77,SUNNY,3,2.9,2025-08-28T07:55:00+09:30,PT5M
12,-72,0,209,285,0,955.4,73,2.5,76,SUNNY,2.9,2.9,2025-08-28T08:00:00+09:30,PT5M
12,-71,0,229,308,0,955.5,75,2.5,75,SUNNY,2.9,2.9,2025-08-28T08:05:00+09:30,PT5M
13,-71,0,248,331,0,955.5,76,2.5,74,SUNNY,2.8,2.8,2025-08-28T08:10:00+09:30,PT5M
13,-70,0,268,354,0,955.6,78,2.5,73,SUNNY,2.8,2.8,2025-08-28T08:15:00+09:30,PT5M
14,-69,0,288,376,0,955.7,79,2.5,72,SUNNY,2.7,2.7,2025-08-28T08:20:00+09:30,PT5M
14,-69,0,307,399,0,955.7,81,2.5,71,SUNNY,2.6,2.6,2025-08-28T08:25:00+09:30,PT5M
15,-68,0,327,421,0,955.8,82,2.5,70,SUNNY,2.6,2.6,2025-08-28T08:30:00+09:30,PT5M
15,-67,0,346,443,0,955.8,84,2.6,69,SUNNY,2.5,2.5,2025-08-28T08:35:00+09:30,PT5M
15,-67,0,365,465,0,955.8,86,2.7,68,SUNNY,2.5,2.5,2025-08-28T08:40:00+09:30,PT5M
15,-66,0,384,487,0,955.9,88,2.8,67,SUNNY,2.4,2.4,2025-08-28T08:45:00+09:30,PT5M
15,-65,0,403,508,0,955.9,90,2.9,65,SUNNY,2.3,2.3,2025-08-28T08:50:00+09:30,PT5M
16,-65,0,422,529,0,955.9,91,3,64,SUNNY,2.3,2.3,2025-08-28T08:55:00+09:30,PT5M
16,-64,0,441,550,0,955.9,93,3.1,63,SUNNY,2.2,2.2,2025-08-28T09:00:00+09:30,PT5M
16,-63,0,459,571,0,956,94,3.2,62,SUNNY,2.1,2.1,2025-08-28T09:05:00+09:30,PT5M
16,-62,0,477,591,0,956,96,3.3,61,SUNNY,2,2,2025-08-28T09:10:00+09:30,PT5M
16,-62,0,495,612,0,956,97,3.4,60,SUNNY,1.8,1.8,2025-08-28T09:15:00+09:30,PT5M
16,-61,0,513,631,0,956,98,3.5,59,SUNNY,1.6,1.6,2025-08-28T09:20:00+09:30,PT5M
16,-60,0,530,651,0,956.1,99,3.6,58,SUNNY,1.5,1.5,2025-08-28T09:25:00+09:30,PT5M
17,-59,0,547,670,0,956.1,100,3.7,57,SUNNY,1.3,1.3,2025-08-28T09:30:00+09:30,PT5M
17,-58,0,565,690,0,956.1,101,3.8,56,SUNNY,1.2,1.2,2025-08-28T09:35:00+09:30,PT5M
17,-57,0,582,709,0,956.1,102,3.8,55,SUNNY,1,1,2025-08-28T09:40:00+09:30,PT5M
17,-56,0,598,727,0,956.2,102,3.9,54,SUNNY,0.9,0.9,2025-08-28T09:45:00+09:30,PT5M
17,-55,0,614,745,0,956.2,103,3.9,53,SUNNY,0.7,0.7,2025-08-28T09:50:00+09:30,PT5M
17,-54,0,629,762,0,956.2,104,4,53,SUNNY,0.6,0.5,2025-08-28T09:55:00+09:30,PT5M
17,-53,0,644,779,0,956.2,104,4,52,SUNNY,0.5,0.4,2025-08-28T10:00:00+09:30,PT5M
18,-52,0,659,795,0,956.2,105,4,51,SUNNY,0.5,0.3,2025-08-28T10:05:00+09:30,PT5M
18,-51,0,673,811,0,956.2,105,4.1,50,SUNNY,0.5,0.3,2025-08-28T10:10:00+09:30,PT5M
18,-50,0,687,827,0,956.3,106,4.1,49,SUNNY,0.6,0.3,2025-08-28T10:15:00+09:30,PT5M
18,-49,0,701,842,0,956.3,106,4.2,48,SUNNY,0.6,0.3,2025-08-28T10:20:00+09:30,PT5M
18,-48,0,714,857,0,956.3,107,4.2,47,SUNNY,0.6,0.3,2025-08-28T10:25:00+09:30,PT5M
18,-46,0,727,871,0,956.3,107,4.3,46,SUNNY,0.6,0.3,2025-08-28T10:30:00+09:30,PT5M
18,-45,0,739,885,0,956.3,108,4.3,46,SUNNY,0.7,0.4,2025-08-28T10:35:00+09:30,PT5M
19,-44,0,751,898,0,956.2,107,4.3,45,SUNNY,0.7,0.4,2025-08-28T10:40:00+09:30,PT5M
19,-42,0,762,911,0,956.1,107,4.2,44,SUNNY,0.7,0.4,2025-08-28T10:45:00+09:30,PT5M
19,-41,0,773,923,0,956,107,4.2,43,SUNNY,0.7,0.4,2025-08-28T10:50:00+09:30,PT5M
19,-40,0,784,935,0,956,107,4.2,42,SUNNY,0.8,0.4,2025-08-28T10:55:00+09:30,PT5M
19,-38,0,794,946,0,955.9,107,4.1,42,SUNNY,0.8,0.4,2025-08-28T11:00:00+09:30,PT5M
19,-37,0,804,957,0,955.8,107,4.1,41,SUNNY,0.8,0.4,2025-08-28T11:05:00+09:30,PT5M
20,-35,0,813,967,0,955.7,107,4.1,40,SUNNY,0.8,0.4,2025-08-28T11:10:00+09:30,PT5M
20,-33,0,821,976,0,955.7,107,4.1,40,SUNNY,0.8,0.4,2025-08-28T11:15:00+09:30,PT5M
20,-32,0,830,986,0,955.6,106,4,39,SUNNY,0.9,0.5,2025-08-28T11:20:00+09:30,PT5M
20,-30,0,837,994,0,955.5,106,4,38,SUNNY,0.9,0.5,2025-08-28T11:25:00+09:30,PT5M
20,-28,0,845,1002,0,955.4,106,4,38,SUNNY,0.9,0.5,2025-08-28T11:30:00+09:30,PT5M
20,-26,0,851,1010,0,955.4,106,3.9,37,SUNNY,0.9,0.5,2025-08-28T11:35:00+09:30,PT5M
20,-24,0,858,1017,0,955.3,105,3.9,37,SUNNY,0.9,0.5,2025-08-28T11:40:00+09:30,PT5M
21,-23,0,863,1023,0,955.3,104,3.8,36,SUNNY,0.9,0.5,2025-08-28T11:45:00+09:30,PT5M
21,-21,0,869,1029,0,955.2,104,3.8,36,SUNNY,1,0.6,2025-08-28T11:50:00+09:30,PT5M
21,-19,0,874,1034,0,955.1,103,3.7,36,SUNNY,1,0.6,2025-08-28T11:55:00+09:30,PT5M
21,-17,0,878,1039,0,955.1,102,3.7,35,SUNNY,1,0.6,2025-08-28T12:00:00+09:30,PT5M
21,-15,0,882,1043,0,955,102,3.6,35,SUNNY,1,0.6,2025-08-28T12:05:00+09:30,PT5M
21,-12,0,885,1047,0,955,101,3.5,35,SUNNY,1.1,0.6,2025-08-28T12:10:00+09:30,PT5M
21,-10,0,888,1050,0,954.9,100,3.5,35,SUNNY,1.2,0.7,2025-08-28T12:15:00+09:30,PT5M
21,-8,0,890,1052,0,954.8,99,3.4,34,SUNNY,1.2,0.7,2025-08-28T12:20:00+09:30,PT5M
21,-6,0,892,1054,0,954.8,98,3.4,34,SUNNY,1.3,0.7,2025-08-28T12:25:00+09:30,PT5M
21,-4,0,893,1055,0,954.7,97,3.3,34,SUNNY,1.4,0.7,2025-08-28T12:30:00+09:30,PT5M
21,-2,0,894,1056,0,954.6,97,3.3,34,SUNNY,1.4,0.8,2025-08-28T12:35:00+09:30,PT5M
21,1,0,894,1057,0,954.5,96,3.2,34,SUNNY,1.5,0.8,2025-08-28T12:40:00+09:30,PT5M
21,3,0,894,1056,0,954.4,95,3.2,34,SUNNY,1.6,0.8,2025-08-28T12:45:00+09:30,PT5M
21,5,0,893,1055,0,954.3,95,3.1,34,SUNNY,1.6,0.8,2025-08-28T12:50:00+09:30,PT5M
22,7,0,891,1054,0,954.2,94,3.1,34,SUNNY,1.7,0.9,2025-08-28T12:55:00+09:30,PT5M
22,9,0,890,1052,0,954.1,93,3,34,SUNNY,1.8,0.9,2025-08-28T13:00:00+09:30,PT5M
22,11,0,887,1050,0,954,92,3,35,SUNNY,1.8,0.9,2025-08-28T13:05:00+09:30,PT5M
22,14,0,885,1046,0,953.9,92,2.9,35,SUNNY,2,0.9,2025-08-28T13:10:00+09:30,PT5M
22,16,0,881,1043,0,953.8,91,2.9,35,SUNNY,2,0.9,2025-08-28T13:15:00+09:30,PT5M
22,18,0,877,1038,0,953.7,90,2.8,35,SUNNY,2.2,0.9,2025-08-28T13:20:00+09:30,PT5M
22,20,0,873,1034,0,953.6,89,2.8,36,SUNNY,2.2,0.9,2025-08-28T13:25:00+09:30,PT5M
22,22,0,868,1028,0,953.5,88,2.7,36,SUNNY,2.4,0.9,2025-08-28T13:30:00+09:30,PT5M
22,24,0,863,1022,0,953.4,88,2.7,37,SUNNY,2.4,1,2025-08-28T13:35:00+09:30,PT5M
22,26,0,857,1016,0,953.4,88,2.6,37,SUNNY,2.6,1,2025-08-28T13:40:00+09:30,PT5M
22,27,0,850,1009,0,953.3,88,2.5,38,SUNNY,2.6,1,2025-08-28T13:45:00+09:30,PT5M
22,29,0,844,1001,0,953.2,88,2.5,38,SUNNY,2.7,1,2025-08-28T13:50:00+09:30,PT5M
22,31,0,836,993,0,953.2,88,2.4,39,SUNNY,2.8,1,2025-08-28T13:55:00+09:30,PT5M
23,33,0,828,984,0,953.1,88,2.3,39,SUNNY,3,1,2025-08-28T14:00:00+09:30,PT5M
23,34,0,820,975,0,953,87,2.3,40,SUNNY,3,1,2025-08-28T14:05:00+09:30,PT5M
23,36,0,811,965,0,953,87,2.2,41,SUNNY,3.1,1,2025-08-28T14:10:00+09:30,PT5M
23,37,0,802,955,0,952.9,87,2.1,41,SUNNY,3.2,1,2025-08-28T14:15:00+09:30,PT5M
23,39,0,792,944,0,952.8,87,2.1,42,SUNNY,3.3,1,2025-08-28T14:20:00+09:30,PT5M
23,40,0,782,932,0,952.8,87,2,43,SUNNY,3.4,1,2025-08-28T14:25:00+09:30,PT5M
23,42,0,771,921,0,952.7,87,1.9,44,SUNNY,3.5,1,2025-08-28T14:30:00+09:30,PT5M
23,43,0,760,908,0,952.7,87,1.9,44,SUNNY,3.6,1,2025-08-28T14:35:00+09:30,PT5M
23,45,0,748,895,0,952.6,88,1.8,45,SUNNY,3.7,1,2025-08-28T14:40:00+09:30,PT5M
23,46,0,736,882,0,952.6,88,1.8,46,SUNNY,3.8,1,2025-08-28T14:45:00+09:30,PT5M
23,47,0,724,868,0,952.6,89,1.7,47,SUNNY,3.9,1,2025-08-28T14:50:00+09:30,PT5M
23,48,0,711,853,0,952.5,89,1.7,48,SUNNY,4,1,2025-08-28T14:55:00+09:30,PT5M
23,50,0,697,838,0,952.5,90,1.6,48,SUNNY,4.1,1,2025-08-28T15:00:00+09:30,PT5M
23,51,0,683,823,0,952.5,90,1.6,49,SUNNY,4.1,1.1,2025-08-28T15:05:00+09:30,PT5M
23,52,0,669,807,0,952.4,91,1.5,50,SUNNY,4.2,1.2,2025-08-28T15:10:00+09:30,PT5M
23,53,0,655,791,0,952.4,92,1.5,51,SUNNY,4.2,1.2,2025-08-28T15:15:00+09:30,PT5M
23,54,0,640,774,0,952.4,92,1.4,52,SUNNY,4.3,1.4,2025-08-28T15:20:00+09:30,PT5M
23,55,0,624,757,0,952.3,93,1.4,53,SUNNY,4.3,1.5,2025-08-28T15:25:00+09:30,PT5M
23,56,0,608,739,0,952.3,94,1.3,54,SUNNY,4.4,1.6,2025-08-28T15:30:00+09:30,PT5M
23,57,0,592,721,0,952.3,95,1.3,55,SUNNY,4.4,1.7,2025-08-28T15:35:00+09:30,PT5M
23,58,0,576,702,0,952.2,97,1.2,56,SUNNY,4.5,1.8,2025-08-28T15:40:00+09:30,PT5M
23,59,0,559,684,0,952.2,99,1.2,57,SUNNY,4.5,1.9,2025-08-28T15:45:00+09:30,PT5M
23,60,0,542,665,0,952.2,101,1.2,58,SUNNY,4.6,2,2025-08-28T15:50:00+09:30,PT5M
23,60,0,525,645,0,952.2,103,1.1,59,SUNNY,4.6,2,2025-08-28T15:55:00+09:30,PT5M
23,61,0,507,625,0,952.2,105,1.1,60,SUNNY,4.7,2.2,2025-08-28T16:00:00+09:30,PT5M
23,62,0,489,605,0,952.2,107,1.1,61,SUNNY,4.7,2.2,2025-08-28T16:05:00+09:30,PT5M
23,63,0,471,585,0,952.1,110,1,62,SUNNY,4.7,2.2,2025-08-28T16:10:00+09:30,PT5M
23,64,0,453,564,0,952.1,112,1,63,SUNNY,4.7,2.2,2025-08-28T16:15:00+09:30,PT5M
23,64,0,434,543,0,952.1,115,1,64,SUNNY,4.6,2.2,2025-08-28T16:20:00+09:30,PT5M
23,65,0,415,521,0,952.1,118,1,65,SUNNY,4.6,2.2,2025-08-28T16:25:00+09:30,PT5M
23,66,0,396,500,0,952.1,120,1,66,SUNNY,4.6,2.2,2025-08-28T16:30:00+09:30,PT5M
23,67,0,377,478,0,952.1,123,1,67,SUNNY,4.6,2.2,2025-08-28T16:35:00+09:30,PT5M
23,67,0,358,456,0,952.1,126,1,68,SUNNY,4.6,2.2,2025-08-28T16:40:00+09:30,PT5M
23,68,0,338,434,0,952.2,128,1.1,69,SUNNY,4.6,2.2,2025-08-28T16:45:00+09:30,PT5M
23,69,0,319,411,0,952.2,131,1.1,70,SUNNY,4.5,2.2,2025-08-28T16:50:00+09:30,PT5M
23,69,0,299,389,0,952.2,132,1.2,71,SUNNY,4.5,2.2,2025-08-28T16:55:00+09:30,PT5M
23,70,0,279,366,0,952.3,134,1.2,72,SUNNY,4.5,2.2,2025-08-28T17:00:00+09:30,PT5M
23,70,0,259,343,0,952.3,136,1.3,73,SUNNY,4.5,2.2,2025-08-28T17:05:00+09:30,PT5M
23,71,0,240,320,0,952.3,137,1.4,74,SUNNY,4.5,2.2,2025-08-28T17:10:00+09:30,PT5M
23,72,0,220,297,0,952.4,139,1.4,76,SUNNY,4.5,2.2,2025-08-28T17:15:00+09:30,PT5M
23,72,0,200,274,0,952.4,140,1.5,77,SUNNY,4.4,2.2,2025-08-28T17:20:00+09:30,PT5M
22,73,0,181,251,0,952.4,141,1.5,78,SUNNY,4.4,2.2,2025-08-28T17:25:00+09:30,PT5M
22,73,0,162,228,0,952.5,142,1.6,79,SUNNY,4.4,2.2,2025-08-28T17:30:00+09:30,PT5M
22,74,0,143,205,0,952.5,142,1.7,80,SUNNY,4.4,2.3,2025-08-28T17:35:00+09:30,PT5M
22,75,0,124,182,0,952.5,142,1.8,81,SUNNY,4.4,2.3,2025-08-28T17:40:00+09:30,PT5M
22,75,0,105,160,0,952.5,142,2,82,SUNNY,4.4,2.3,2025-08-28T17:45:00+09:30,PT5M
22,76,0,87,137,0,952.5,142,2.1,83,SUNNY,4.3,2.3,2025-08-28T17:50:00+09:30,PT5M
22,76,0,70,115,0,952.5,142,2.3,84,SUNNY,4.3,2.3,2025-08-28T17:55:00+09:30,PT5M
21,77,0,54,87,0,952.5,142,2.4,85,SUNNY,4.3,2.3,2025-08-28T18:00:00+09:30,PT5M
21,77,0,38,56,0,952.5,142,2.5,87,SUNNY,4.3,2.3,2025-08-28T18:05:00+09:30,PT5M
21,78,0,24,32,0,952.5,142,2.7,88,SUNNY,4.3,2.3,2025-08-28T18:10:00+09:30,PT5M
21,78,0,11,14,0,952.5,142,2.8,89,SUNNY,4.2,2.2,2025-08-28T18:15:00+09:30,PT5M
21,79,0,1,1,0,952.6,142,2.9,90,CLEAR,4.2,2.2,2025-08-28T18:20:00+09:30,PT5M
21,79,0,0,0,0,952.6,142,3.1,91,CLEAR,4.2,2.2,2025-08-28T18:25:00+09:30,PT5M
21,80,0,0,0,0,952.6,142,3.2,92,CLEAR,4.2,2.2,2025-08-28T18:30:00+09:30,PT5M
20,80,0,0,0,0,952.6,142,3.3,93,CLEAR,4.1,2.1,2025-08-28T18:35:00+09:30,PT5M
20,81,0,0,0,0,952.7,141,3.4,94,CLEAR,4.1,2.1,2025-08-28T18:40:00+09:30,PT5M
20,81,0,0,0,0,952.8,140,3.5,96,CLEAR,4.1,2.1,2025-08-28T18:45:00+09:30,PT5M
20,82,0,0,0,0,952.9,139,3.6,97,CLEAR,4.1,2.1,2025-08-28T18:50:00+09:30,PT5M
20,82,0,0,0,0,953,138,3.7,98,CLEAR,4,2,2025-08-28T18:55:00+09:30,PT5M
19,83,0,0,0,0,953.1,137,3.7,99,CLEAR,4,2,2025-08-28T19:00:00+09:30,PT5M
19,83,0,0,0,0,953.2,136,3.8,100,CLEAR,4,2,2025-08-28T19:05:00+09:30,PT5M
19,84,0,0,0,0,953.3,135,3.9,101,CLEAR,3.9,2,2025-08-28T19:10:00+09:30,PT5M
19,84,0,0,0,0,953.4,135,4,102,CLEAR,3.9,1.9,2025-08-28T19:15:00+09:30,PT5M
19,85,0,0,0,0,953.5,134,4.1,103,CLEAR,3.9,1.9,2025-08-28T19:20:00+09:30,PT5M
18,85,0,0,0,0,953.6,133,4.2,105,CLEAR,3.8,1.9,2025-08-28T19:25:00+09:30,PT5M
18,86,0,0,0,0,953.7,133,4.3,106,CLEAR,3.8,1.9,2025-08-28T19:30:00+09:30,PT5M
18,86,0,0,0,0,953.8,132,4.3,107,CLEAR,3.7,1.8,2025-08-28T19:35:00+09:30,PT5M
18,87,0,0,0,0,953.9,131,4.3,108,CLEAR,3.7,1.8,2025-08-28T19:40:00+09:30,PT5M
18,87,0,0,0,0,954,130,4.3,109,CLEAR,3.6,1.8,2025-08-28T19:45:00+09:30,PT5M
18,88,0,0,0,0,954.1,129,4.3,110,CLEAR,3.6,1.8,2025-08-28T19:50:00+09:30,PT5M
17,88,0,0,0,0,954.2,129,4.3,111,CLEAR,3.6,1.7,2025-08-28T19:55:00+09:30,PT5M
17,88,0,0,0,0,954.3,128,4.3,113,CLEAR,3.5,1.7,2025-08-28T20:00:00+09:30,PT5M
17,89,0,0,0,0,954.4,127,4.4,114,CLEAR,3.5,1.7,2025-08-28T20:05:00+09:30,PT5M
17,89,0,0,0,0,954.5,126,4.4,115,CLEAR,3.4,1.7,2025-08-28T20:10:00+09:30,PT5M
17,90,0,0,0,0,954.6,126,4.4,116,CLEAR,3.4,1.7,2025-08-28T20:15:00+09:30,PT5M
17,90,0,0,0,0,954.7,125,4.4,117,CLEAR,3.4,1.6,2025-08-28T20:20:00+09:30,PT5M
16,91,0,0,0,0,954.8,124,4.4,118,CLEAR,3.4,1.6,2025-08-28T20:25:00+09:30,PT5M
16,92,0,0,0,0,954.9,123,4.4,119,CLEAR,3.3,1.6,2025-08-28T20:30:00+09:30,PT5M
16,92,0,0,0,0,955,123,4.4,121,CLEAR,3.3,1.6,2025-08-28T20:35:00+09:30,PT5M
16,93,0,0,0,0,955,123,4.4,122,CLEAR,3.2,1.6,2025-08-28T20:40:00+09:30,PT5M
16,93,0,0,0,0,955,122,4.3,123,CLEAR,3.2,1.6,2025-08-28T20:45:00+09:30,PT5M
16,94,0,0,0,0,955,122,4.3,124,CLEAR,3.2,1.5,2025-08-28T20:50:00+09:30,PT5M
16,94,0,0,0,0,955,122,4.3,125,CLEAR,3.2,1.5,2025-08-28T20:55:00+09:30,PT5M
16,95,0,0,0,0,955,121,4.3,126,CLEAR,3.1,1.5,2025-08-28T21:00:00+09:30,PT5M
16,95,0,0,0,0,955,121,4.2,127,CLEAR,3.1,1.5,2025-08-28T21:05:00+09:30,PT5M
16,96,0,0,0,0,955,121,4.2,129,CLEAR,3.1,1.5,2025-08-28T21:10:00+09:30,PT5M
16,97,0,0,0,0,955,120,4.2,130,CLEAR,3.1,1.5,2025-08-28T21:15:00+09:30,PT5M
16,97,8.2,0,0,0,955,120,4.2,131,MOSTLY CLEAR,3.1,1.5,2025-08-28T21:20:00+09:30,PT5M
16,98,8.2,0,0,0,955,120,4.2,132,MOSTLY CLEAR,3.1,1.5,2025-08-28T21:25:00+09:30,PT5M
15,98,10.1,0,0,0,955,119,4.1,133,PARTLY CLOUDY,3.1,1.5,2025-08-28T21:30:00+09:30,PT5M
15,99,10.1,0,0,0,955,119,4.1,134,PARTLY CLOUDY,3,1.6,2025-08-28T21:35:00+09:30,PT5M
15,100,10.1,0,0,0,955,119,4.1,135,PARTLY CLOUDY,3,1.6,2025-08-28T21:40:00+09:30,PT5M
15,101,10.1,0,0,0,955.1,119,4,137,PARTLY CLOUDY,3,1.6,2025-08-28T21:45:00+09:30,PT5M
15,101,10.1,0,0,0,955.1,119,4,138,PARTLY CLOUDY,3,1.6,2025-08-28T21:50:00+09:30,PT5M
15,102,10.1,0,0,0,955.1,119,4,139,PARTLY CLOUDY,3,1.6,2025-08-28T21:55:00+09:30,PT5M
15,103,8.2,0,0,0,955.1,119,4,140,MOSTLY CLEAR,3,1.6,2025-08-28T22:00:00+09:30,PT5M
15,104,8.2,0,0,0,955.2,119,3.9,141,MOSTLY CLEAR,3,1.6,2025-08-28T22:05:00+09:30,PT5M
14,105,10.1,0,0,0,955.2,119,3.9,142,PARTLY CLOUDY,3,1.6,2025-08-28T22:10:00+09:30,PT5M
14,105,8.2,0,0,0,955.2,119,3.9,143,MOSTLY CLEAR,3,1.6,2025-08-28T22:15:00+09:30,PT5M
14,106,8.2,0,0,0,955.2,119,3.8,144,MOSTLY CLEAR,3.1,1.6,2025-08-28T22:20:00+09:30,PT5M
14,107,8.2,0,0,0,955.3,119,3.8,145,MOSTLY CLEAR,3.1,1.6,2025-08-28T22:25:00+09:30,PT5M
14,108,8.2,0,0,0,955.3,119,3.8,146,MOSTLY CLEAR,3.1,1.6,2025-08-28T22:30:00+09:30,PT5M
14,109,8.2,0,0,0,955.3,119,3.7,148,MOSTLY CLEAR,3.1,1.7,2025-08-28T22:35:00+09:30,PT5M
14,111,8.2,0,0,0,955.3,118,3.7,149,MOSTLY CLEAR,3.1,1.7,2025-08-28T22:40:00+09:30,PT5M
14,112,8.2,0,0,0,955.3,118,3.7,150,MOSTLY CLEAR,3.1,1.7,2025-08-28T22:45:00+09:30,PT5M
13,113,8.2,0,0,0,955.3,118,3.7,151,MOSTLY CLEAR,3.2,1.7,2025-08-28T22:50:00+09:30,PT5M
13,114,8.2,0,0,0,955.3,118,3.6,152,MOSTLY CLEAR,3.2,1.7,2025-08-28T22:55:00+09:30,PT5M
13,116,8.2,0,0,0,955.3,117,3.6,153,MOSTLY CLEAR,3.2,1.7,2025-08-28T23:00:00+09:30,PT5M
13,117,8.2,0,0,0,955.2,117,3.6,154,MOSTLY CLEAR,3.2,1.7,2025-08-28T23:05:00+09:30,PT5M
13,119,8.2,0,0,0,955.2,117,3.6,155,MOSTLY CLEAR,3.2,1.7,2025-08-28T23:10:00+09:30,PT5M
13,121,8.2,0,0,0,955.2,117,3.5,156,MOSTLY CLEAR,3.3,1.7,2025-08-28T23:15:00+09:30,PT5M
13,123,8.2,0,0,0,955.2,116,3.5,157,MOSTLY CLEAR,3.3,1.8,2025-08-28T23:20:00+09:30,PT5M
13,125,8.2,0,0,0,955.2,116,3.5,158,MOSTLY CLEAR,3.3,1.8,2025-08-28T23:25:00+09:30,PT5M
13,127,8.2,0,0,0,955.2,116,3.5,159,MOSTLY CLEAR,3.3,1.8,2025-08-28T23:30:00+09:30,PT5M
12,129,8.2,0,0,0,955.2,116,3.4,160,MOSTLY CLEAR,3.4,1.8,2025-08-28T23:35:00+09:30,PT5M
12,132,8.2,0,0,0,955.2,116,3.4,161,MOSTLY CLEAR,3.4,1.8,2025-08-28T23:40:00+09:30,PT5M
12,134,8.2,0,0,0,955.2,116,3.4,161,MOSTLY CLEAR,3.4,1.8,2025-08-28T23:45:00+09:30,PT5M
12,137,8.2,0,0,0,955.3,116,3.4,162,MOSTLY CLEAR,3.4,1.9,2025-08-28T23:50:00+09:30,PT5M
12,141,8.2,0,0,0,955.3,116,3.3,163,MOSTLY CLEAR,3.5,1.9,2025-08-28T23:55:00+09:30,PT5M
12,144,8.2,0,0,0,955.3,116,3.3,164,MOSTLY CLEAR,3.5,1.9,2025-08-29T00:00:00+09:30,PT5M
12,148,10.1,0,0,0,955.3,116,3.3,164,PARTLY CLOUDY,3.5,1.9,2025-08-29T00:05:00+09:30,PT5M
12,152,10.1,0,0,0,955.3,116,3.2,165,PARTLY CLOUDY,3.6,1.9,2025-08-29T00:10:00+09:30,PT5M
12,156,10.1,0,0,0,955.3,116,3.2,165,PARTLY CLOUDY,3.6,1.9,2025-08-29T00:15:00+09:30,PT5M
12,161,8.2,0,0,0,955.4,116,3.2,166,MOSTLY CLEAR,3.6,1.9,2025-08-29T00:20:00+09:30,PT5M
12,166,8.2,0,0,0,955.4,116,3.2,166,MOSTLY CLEAR,3.7,1.9,2025-08-29T00:25:00+09:30,PT5M
12,171,8.2,0,0,0,955.4,117,3.1,166,MOSTLY CLEAR,3.7,1.9,2025-08-29T00:30:00+09:30,PT5M
12,176,8.2,0,0,0,955.4,117,3.1,166,MOSTLY CLEAR,3.8,2,2025-08-29T00:35:00+09:30,PT5M
12,-179,8.2,0,0,0,955.4,117,3.1,166,MOSTLY CLEAR,3.8,2,2025-08-29T00:40:00+09:30,PT5M
11,-173,8.2,0,0,0,955.3,117,3.1,166,MOSTLY CLEAR,3.9,2,2025-08-29T00:45:00+09:30,PT5M
11,-168,8.2,0,0,0,955.3,117,3,166,MOSTLY CLEAR,3.9,2,2025-08-29T00:50:00+09:30,PT5M
11,-163,8.2,0,0,0,955.2,117,3,166,MOSTLY CLEAR,3.9,2,2025-08-29T00:55:00+09:30,PT5M
11,-159,8.2,0,0,0,955.2,117,3,165,MOSTLY CLEAR,4,2,2025-08-29T01:00:00+09:30,PT5M
11,-154,0,0,0,0,955.2,117,3,165,CLEAR,4,2,2025-08-29T01:05:00+09:30,PT5M
11,-150,0,0,0,0,955.1,117,2.9,164,CLEAR,4.1,2,2025-08-29T01:10:00+09:30,PT5M
11,-146,0,0,0,0,955.1,117,2.9,164,CLEAR,4.1,2,2025-08-29T01:15:00+09:30,PT5M
11,-142,0,0,0,0,955.1,117,2.9,163,CLEAR,4.2,2.1,2025-08-29T01:20:00+09:30,PT5M
11,-139,0,0,0,0,955,117,2.9,162,CLEAR,4.2,2.1,2025-08-29T01:25:00+09:30,PT5M
11,-136,0,0,0,0,955,117,2.8,162,CLEAR,4.3,2.1,2025-08-29T01:30:00+09:30,PT5M
11,-133,8.2,0,0,0,955,117,2.8,161,MOSTLY CLEAR,4.3,2.1,2025-08-29T01:35:00+09:30,PT5M
11,-130,8.2,0,0,0,955,117,2.8,160,MOSTLY CLEAR,4.4,2.1,2025-08-29T01:40:00+09:30,PT5M
10,-128,8.2,0,0,0,955,117,2.8,159,MOSTLY CLEAR,4.4,2.1,2025-08-29T01:45:00+09:30,PT5M
10,-126,8.2,0,0,0,955,117,2.8,158,MOSTLY CLEAR,4.5,2.2,2025-08-29T01:50:00+09:30,PT5M
10,-124,8.2,0,0,0,955,117,2.8,157,MOSTLY CLEAR,4.5,2.2,2025-08-29T01:55:00+09:30,PT5M
10,-122,8.2,0,0,0,955,117,2.8,156,MOSTLY CLEAR,4.6,2.2,2025-08-29T02:00:00+09:30,PT5M
10,-120,8.2,0,0,0,955,116,2.8,155,MOSTLY CLEAR,4.6,2.2,2025-08-29T02:05:00+09:30,PT5M
10,-118,8.2,0,0,0,955,116,2.8,154,MOSTLY CLEAR,4.7,2.2,2025-08-29T02:10:00+09:30,PT5M
10,-117,8.2,0,0,0,955,116,2.8,153,MOSTLY CLEAR,4.7,2.2,2025-08-29T02:15:00+09:30,PT5M
9,-115,10.1,0,0,0,955,116,2.8,152,PARTLY CLOUDY,4.7,2.3,2025-08-29T02:20:00+09:30,PT5M
9,-114,8.2,0,0,0,955,116,2.8,151,MOSTLY CLEAR,4.8,2.3,2025-08-29T02:25:00+09:30,PT5M
9,-112,8.2,0,0,0,955,116,2.8,150,MOSTLY CLEAR,4.8,2.3,2025-08-29T02:30:00+09:30,PT5M
9,-111,8.2,0,0,0,955,115,2.8,149,MOSTLY CLEAR,4.9,2.3,2025-08-29T02:35:00+09:30,PT5M
9,-110,8.2,0,0,0,955,115,2.8,148,MOSTLY CLEAR,4.9,2.3,2025-08-29T02:40:00+09:30,PT5M
9,-109,8.2,0,0,0,955,115,2.8,147,MOSTLY CLEAR,5,2.3,2025-08-29T02:45:00+09:30,PT5M
9,-108,8.2,0,0,0,955.1,114,2.8,146,MOSTLY CLEAR,5,2.4,2025-08-29T02:50:00+09:30,PT5M
9,-107,8.2,0,0,0,955.1,114,2.8,145,MOSTLY CLEAR,5,2.4,2025-08-29T02:55:00+09:30,PT5M
9,-106,8.2,0,0,0,955.1,114,2.8,144,MOSTLY CLEAR,5.1,2.4,2025-08-29T03:00:00+09:30,PT5M
9,-105,8.2,0,0,0,955.1,113,2.8,143,MOSTLY CLEAR,5.1,2.4,2025-08-29T03:05:00+09:30,PT5M
9,-104,8.2,0,0,0,955.1,113,2.8,141,MOSTLY CLEAR,5.2,2.4,2025-08-29T03:10:00+09:30,PT5M
9,-103,8.2,0,0,0,955.1,112,2.8,140,MOSTLY CLEAR,5.3,2.5,2025-08-29T03:15:00+09:30,PT5M
9,-103,8.2,0,0,0,955.2,112,2.8,139,MOSTLY CLEAR,5.4,2.5,2025-08-29T03:20:00+09:30,PT5M
9,-102,8.2,0,0,0,955.2,112,2.8,138,MOSTLY CLEAR,5.4,2.5,2025-08-29T03:25:00+09:30,PT5M
9,-101,8.2,0,0,0,955.2,111,2.8,137,MOSTLY CLEAR,5.5,2.5,2025-08-29T03:30:00+09:30,PT5M
9,-100,8.2,0,0,0,955.2,111,2.8,136,MOSTLY CLEAR,5.6,2.6,2025-08-29T03:35:00+09:30,PT5M
9,-100,10.1,0,0,0,955.2,110,2.8,135,PARTLY CLOUDY,5.7,2.6,2025-08-29T03:40:00+09:30,PT5M
9,-99,8.2,0,0,0,955.3,109,2.8,134,MOSTLY CLEAR,5.7,2.6,2025-08-29T03:45:00+09:30,PT5M
9,-98,0,0,0,0,955.3,109,2.8,132,CLEAR,5.8,2.6,2025-08-29T03:50:00+09:30,PT5M
8,-98,0,0,0,0,955.3,108,2.8,131,CLEAR,5.9,2.7,2025-08-29T03:55:00+09:30,PT5M
8,-97,0,0,0,0,955.3,107,2.8,130,CLEAR,6,2.7,2025-08-29T04:00:00+09:30,PT5M
8,-96,8.2,0,0,0,955.4,106,2.8,129,MOSTLY CLEAR,6,2.7,2025-08-29T04:05:00+09:30,PT5M
8,-96,8.2,0,0,0,955.4,106,2.8,128,MOSTLY CLEAR,6.1,2.7,2025-08-29T04:10:00+09:30,PT5M
8,-95,8.2,0,0,0,955.4,105,2.8,127,MOSTLY CLEAR,6.2,2.8,2025-08-29T04:15:00+09:30,PT5M
8,-95,8.2,0,0,0,955.4,104,2.8,126,MOSTLY CLEAR,6.3,2.8,2025-08-29T04:20:00+09:30,PT5M
8,-94,10.1,0,0,0,955.5,104,2.8,125,PARTLY CLOUDY,6.4,2.8,2025-08-29T04:25:00+09:30,PT5M
8,-93,10.1,0,0,0,955.5,103,2.8,123,PARTLY CLOUDY,6.5,2.8,2025-08-29T04:30:00+09:30,PT5M
8,-93,10.1,0,0,0,955.5,103,2.7,122,PARTLY CLOUDY,6.5,2.9,2025-08-29T04:35:00+09:30,PT5M
8,-92,8.2,0,0,0,955.5,105,2.7,121,MOSTLY CLEAR,6.6,2.9,2025-08-29T04:40:00+09:30,PT5M
8,-92,8.2,0,0,0,955.5,106,2.6,120,MOSTLY CLEAR,6.7,2.9,2025-08-29T04:45:00+09:30,PT5M
8,-91,8.2,0,0,0,955.6,107,2.6,119,MOSTLY CLEAR,6.8,2.9,2025-08-29T04:50:00+09:30,PT5M
8,-91,8.2,0,0,0,955.6,109,2.5,118,MOSTLY CLEAR,6.9,3,2025-08-29T04:55:00+09:30,PT5M
8,-90,0,0,0,0,955.6,111,2.5,117,CLEAR,7,3,2025-08-29T05:00:00+09:30,PT5M
8,-90,8.2,0,0,0,955.6,112,2.4,115,MOSTLY CLEAR,7,3,2025-08-29T05:05:00+09:30,PT5M
8,-89,8.2,0,0,0,955.6,114,2.4,114,MOSTLY CLEAR,7.1,3,2025-08-29T05:10:00+09:30,PT5M
8,-89,8.2,0,0,0,955.6,116,2.4,113,MOSTLY CLEAR,7.2,3,2025-08-29T05:15:00+09:30,PT5M
8,-88,10.1,0,0,0,955.7,117,2.3,112,PARTLY CLOUDY,7.3,3.1,2025-08-29T05:20:00+09:30,PT5M
8,-88,8.2,0,0,0,955.7,119,2.3,111,MOSTLY CLEAR,7.4,3.1,2025-08-29T05:25:00+09:30,PT5M
8,-87,8.2,0,0,0,955.7,121,2.3,110,MOSTLY CLEAR,7.5,3.1,2025-08-29T05:30:00+09:30,PT5M
8,-87,8.2,0,0,0,955.7,124,2.2,108,MOSTLY CLEAR,7.5,3.1,2025-08-29T05:35:00+09:30,PT5M
8,-86,8.2,0,0,0,955.8,129,2.2,107,MOSTLY CLEAR,7.6,3.1,2025-08-29T05:40:00+09:30,PT5M
8,-86,8.2,0,0,0,955.9,133,2.2,106,MOSTLY CLEAR,7.7,3.1,2025-08-29T05:45:00+09:30,PT5M
8,-85,0,0,0,0,956,138,2.2,105,CLEAR,7.8,3.2,2025-08-29T05:50:00+09:30,PT5M
8,-85,8.2,0,0,0,956.1,142,2.2,104,MOSTLY CLEAR,7.9,3.2,2025-08-29T05:55:00+09:30,PT5M
8,-85,8.2,0,0,0,956.2,146,2.3,103,MOSTLY CLEAR,8,3.2,2025-08-29T06:00:00+09:30,PT5M
8,-84,8.2,0,0,0,956.3,150,2.3,102,MOSTLY CLEAR,8,3.2,2025-08-29T06:05:00+09:30,PT5M
7,-84,8.2,0,0,0,956.3,154,2.4,101,MOSTLY CLEAR,7.9,3.2,2025-08-29T06:10:00+09:30,PT5M
7,-83,0,0,0,0,956.4,158,2.4,99,CLEAR,7.9,3.3,2025-08-29T06:15:00+09:30,PT5M
7,-83,0,0,0,0,956.5,162,2.5,98,CLEAR,7.8,3.3,2025-08-29T06:20:00+09:30,PT5M
7,-82,0,0,0,0,956.6,165,2.6,97,CLEAR,7.7,3.3,2025-08-29T06:25:00+09:30,PT5M
7,-82,0,0,0,0,956.7,168,2.7,96,CLEAR,7.7,3.3,2025-08-29T06:30:00+09:30,PT5M
7,-81,10.1,0,0,0,956.8,170,2.7,95,PARTLY CLOUDY,7.6,3.4,2025-08-29T06:35:00+09:30,PT5M
7,-81,10.1,0,0,0,956.9,170,2.7,94,PARTLY CLOUDY,7.6,3.4,2025-08-29T06:40:00+09:30,PT5M
7,-80,8.2,0,0,0,957,170,2.7,93,MOSTLY CLEAR,7.5,3.4,2025-08-29T06:45:00+09:30,PT5M
8,-80,0,0,0,0,957.1,171,2.7,91,CLEAR,7.4,3.4,2025-08-29T06:50:00+09:30,PT5M
8,-79,0,0,0,0,957.2,171,2.7,90,CLEAR,7.4,3.5,2025-08-29T06:55:00+09:30,PT5M
8,-79,8.2,6,7,0,957.4,171,2.7,89,MOSTLY SUNNY,7.3,3.5,2025-08-29T07:00:00+09:30,PT5M
8,-78,8.2,17,21,0,957.5,172,2.7,88,MOSTLY SUNNY,7.2,3.5,2025-08-29T07:05:00+09:30,PT5M
8,-78,10.1,29,38,0,957.6,172,2.7,87,PARTLY CLOUDY,7,3.5,2025-08-29T07:10:00+09:30,PT5M
9,-77,8.2,44,63,0,957.7,172,2.7,86,MOSTLY SUNNY,6.8,3.5,2025-08-29T07:15:00+09:30,PT5M
9,-77,0,63,106,0,957.8,173,2.6,85,SUNNY,6.6,3.5,2025-08-29T07:20:00+09:30,PT5M
9,-76,0,80,128,0,958,173,2.6,84,SUNNY,6.4,3.5,2025-08-29T07:25:00+09:30,PT5M
9,-76,0,98,150,0,958.1,173,2.6,83,SUNNY,6.2,3.5,2025-08-29T07:30:00+09:30,PT5M
9,-75,0,116,172,0,958.2,173,2.7,81,SUNNY,5.9,3.5,2025-08-29T07:35:00+09:30,PT5M
10,-74,0,135,195,0,958.2,173,2.7,80,SUNNY,5.7,3.5,2025-08-29T07:40:00+09:30,PT5M
10,-74,0,154,218,0,958.3,172,2.8,79,SUNNY,5.5,3.5,2025-08-29T07:45:00+09:30,PT5M
11,-73,0,173,241,0,958.4,172,2.9,78,SUNNY,5.3,3.5,2025-08-29T07:50:00+09:30,PT5M
11,-73,0,192,263,0,958.4,171,3,77,SUNNY,5.1,3.5,2025-08-29T07:55:00+09:30,PT5M
12,-72,0,211,286,0,958.5,171,3.1,76,SUNNY,4.9,3.5,2025-08-29T08:00:00+09:30,PT5M
12,-72,0,231,309,0,958.6,171,3.1,75,SUNNY,4.7,3.5,2025-08-29T08:05:00+09:30,PT5M
13,-71,0,251,331,0,958.6,170,3.2,74,SUNNY,4.5,3.4,2025-08-29T08:10:00+09:30,PT5M
13,-70,0,270,354,0,958.7,170,3.3,73,SUNNY,4.3,3.3,2025-08-29T08:15:00+09:30,PT5M
13,-70,0,290,376,0,958.8,169,3.4,72,SUNNY,4.1,3.3,2025-08-29T08:20:00+09:30,PT5M
14,-69,0,309,399,0,958.8,169,3.4,71,SUNNY,3.9,3.2,2025-08-29T08:25:00+09:30,PT5M
14,-68,0,328,421,0,958.9,169,3.5,69,SUNNY,3.7,3.1,2025-08-29T08:30:00+09:30,PT5M
15,-68,0,348,443,0,959,168,3.6,68,SUNNY,3.4,3.1,2025-08-29T08:35:00+09:30,PT5M
15,-67,0,367,464,0,959,167,3.7,67,SUNNY,3.2,3,2025-08-29T08:40:00+09:30,PT5M
15,-66,0,386,486,0,959,166,3.8,66,SUNNY,3,2.9,2025-08-29T08:45:00+09:30,PT5M
15,-66,0,405,507,0,959.1,164,3.9,65,SUNNY,2.9,2.9,2025-08-29T08:50:00+09:30,PT5M
15,-65,0,423,528,0,959.1,163,4,64,SUNNY,2.8,2.8,2025-08-29T08:55:00+09:30,PT5M
15,-64,0,442,549,0,959.2,162,4.1,63,SUNNY,2.7,2.7,2025-08-29T09:00:00+09:30,PT5M
15,-63,0,460,570,0,959.2,161,4.2,62,SUNNY,2.6,2.6,2025-08-29T09:05:00+09:30,PT5M
15,-63,0,478,590,0,959.3,160,4.3,61,SUNNY,2.5,2.5,2025-08-29T09:10:00+09:30,PT5M
16,-62,0,496,610,0,959.3,159,4.4,60,SUNNY,2.3,2.3,2025-08-29T09:15:00+09:30,PT5M
16,-61,0,514,630,0,959.3,159,4.5,59,SUNNY,2.1,2.1,2025-08-29T09:20:00+09:30,PT5M
16,-60,0,531,649,0,959.4,158,4.6,58,SUNNY,2,2,2025-08-29T09:25:00+09:30,PT5M
16,-59,0,548,669,0,959.4,157,4.7,57,SUNNY,1.8,1.8,2025-08-29T09:30:00+09:30,PT5M
16,-58,0,566,689,0,959.4,156,4.8,56,SUNNY,1.8,1.7,2025-08-29T09:35:00+09:30,PT5M
16,-57,0,582,707,0,959.4,156,4.8,55,SUNNY,1.7,1.5,2025-08-29T09:40:00+09:30,PT5M
16,-57,0,599,725,0,959.4,155,4.9,54,SUNNY,1.6,1.4,2025-08-29T09:45:00+09:30,PT5M
17,-56,0,614,743,0,959.4,154,4.9,53,SUNNY,1.5,1.2,2025-08-29T09:50:00+09:30,PT5M
17,-55,0,630,760,0,959.4,153,4.9,52,SUNNY,1.4,1,2025-08-29T09:55:00+09:30,PT5M
17,-54,0,645,777,0,959.4,153,4.9,51,SUNNY,1.3,0.9,2025-08-29T10:00:00+09:30,PT5M
17,-52,0,660,793,0,959.4,152,5,50,SUNNY,1.3,0.8,2025-08-29T10:05:00+09:30,PT5M
17,-51,0,674,809,0,959.4,151,5,49,SUNNY,1.4,0.8,2025-08-29T10:10:00+09:30,PT5M
17,-50,0,688,825,0,959.4,151,5,49,SUNNY,1.4,0.8,2025-08-29T10:15:00+09:30,PT5M
17,-49,0,701,840,0,959.4,150,5.1,48,SUNNY,1.4,0.8,2025-08-29T10:20:00+09:30,PT5M
18,-48,0,714,854,0,959.4,149,5.1,47,SUNNY,1.5,0.8,2025-08-29T10:25:00+09:30,PT5M
18,-47,0,727,868,0,959.4,149,5.1,46,SUNNY,1.5,0.8,2025-08-29T10:30:00+09:30,PT5M
18,-45,0,739,882,0,959.4,148,5.2,45,SUNNY,1.6,0.9,2025-08-29T10:35:00+09:30,PT5M
18,-44,0,751,895,0,959.4,148,5.2,44,SUNNY,1.6,0.9,2025-08-29T10:40:00+09:30,PT5M
18,-43,0,762,908,0,959.4,148,5.1,44,SUNNY,1.7,0.9,2025-08-29T10:45:00+09:30,PT5M
18,-41,0,773,920,0,959.4,148,5.1,43,SUNNY,1.7,0.9,2025-08-29T10:50:00+09:30,PT5M
18,-40,0,784,931,0,959.4,148,5.1,42,SUNNY,1.7,0.9,2025-08-29T10:55:00+09:30,PT5M
18,-38,0,794,943,0,959.3,148,5.1,41,SUNNY,1.8,0.9,2025-08-29T11:00:00+09:30,PT5M
19,-37,0,803,953,0,959.3,148,5.1,41,SUNNY,1.8,0.9,2025-08-29T11:05:00+09:30,PT5M
19,-35,0,812,963,0,959.3,148,5.1,40,SUNNY,1.9,0.9,2025-08-29T11:10:00+09:30,PT5M
19,-34,0,821,973,0,959.3,148,5.1,39,SUNNY,1.9,0.9,2025-08-29T11:15:00+09:30,PT5M
19,-32,0,829,982,0,959.3,148,5.1,39,SUNNY,2,0.9,2025-08-29T11:20:00+09:30,PT5M
19,-30,0,837,991,0,959.3,148,5.1,38,SUNNY,2,0.9,2025-08-29T11:25:00+09:30,PT5M
19,-28,0,844,999,0,959.2,148,5.1,38,SUNNY,2.1,0.9,2025-08-29T11:30:00+09:30,PT5M
19,-26,0,851,1006,0,959.2,148,5.1,37,SUNNY,2.1,0.9,2025-08-29T11:35:00+09:30,PT5M
19,-25,0,857,1013,0,959.2,149,5,37,SUNNY,2.2,0.9,2025-08-29T11:40:00+09:30,PT5M
20,-23,0,863,1019,0,959.1,149,5,36,SUNNY,2.2,0.9,2025-08-29T11:45:00+09:30,PT5M
20,-21,0,868,1025,0,959.1,150,5,36,SUNNY,2.3,0.9,2025-08-29T11:50:00+09:30,PT5M
20,-19,0,873,1030,0,959,150,5,35,SUNNY,2.3,0.9,2025-08-29T11:55:00+09:30,PT5M
20,-17,0,877,1035,0,959,151,5,35,SUNNY,2.4,0.9,2025-08-29T12:00:00+09:30,PT5M
20,-15,0,881,1039,0,958.9,151,5,35,SUNNY,2.4,0.9,2025-08-29T12:05:00+09:30,PT5M
20,-12,0,884,1043,0,958.9,152,4.9,34,SUNNY,2.5,0.9,2025-08-29T12:10:00+09:30,PT5M
20,-10,0,887,1046,0,958.8,153,4.9,34,SUNNY,2.5,0.9,2025-08-29T12:15:00+09:30,PT5M
21,-8,0,889,1048,0,958.8,153,4.9,34,SUNNY,2.6,0.9,2025-08-29T12:20:00+09:30,PT5M
21,-6,0,891,1050,0,958.7,154,4.9,34,SUNNY,2.6,0.9,2025-08-29T12:25:00+09:30,PT5M
21,-4,0,892,1051,0,958.7,154,4.9,34,SUNNY,2.7,0.9,2025-08-29T12:30:00+09:30,PT5M
21,-1,0,892,1052,0,958.6,155,4.9,34,SUNNY,2.7,0.9,2025-08-29T12:35:00+09:30,PT5M
21,1,0,893,1052,0,958.5,155,4.9,34,SUNNY,2.8,0.9,2025-08-29T12:40:00+09:30,PT5M
21,3,0,892,1052,0,958.4,155,4.8,34,SUNNY,2.8,0.9,2025-08-29T12:45:00+09:30,PT5M
21,5,0,891,1051,0,958.4,156,4.8,34,SUNNY,2.9,0.9,2025-08-29T12:50:00+09:30,PT5M
21,7,0,890,1049,0,958.3,156,4.8,34,SUNNY,2.9,0.9,2025-08-29T12:55:00+09:30,PT5M
21,10,0,888,1047,0,958.2,156,4.8,34,SUNNY,3,0.9,2025-08-29T13:00:00+09:30,PT5M
21,12,0,886,1045,0,958.1,157,4.8,34,SUNNY,3,0.9,2025-08-29T13:05:00+09:30,PT5M
21,14,0,883,1041,0,958.1,157,4.8,35,SUNNY,3.1,0.9,2025-08-29T13:10:00+09:30,PT5M
21,16,0,879,1037,0,958,158,4.8,35,SUNNY,3.2,0.9,2025-08-29T13:15:00+09:30,PT5M
22,18,0,875,1033,0,957.9,158,4.7,35,SUNNY,3.2,0.9,2025-08-29T13:20:00+09:30,PT5M
22,20,0,871,1028,0,957.8,158,4.7,36,SUNNY,3.3,0.9,2025-08-29T13:25:00+09:30,PT5M
22,22,0,866,1023,0,957.8,159,4.7,36,SUNNY,3.4,0.9,2025-08-29T13:30:00+09:30,PT5M
22,24,0,860,1017,0,957.7,159,4.7,36,SUNNY,3.4,0.9,2025-08-29T13:35:00+09:30,PT5M
22,26,0,854,1010,0,957.6,160,4.7,37,SUNNY,3.5,0.9,2025-08-29T13:40:00+09:30,PT5M
22,28,0,848,1003,0,957.6,160,4.7,37,SUNNY,3.6,0.9,2025-08-29T13:45:00+09:30,PT5M
22,30,0,841,995,0,957.5,161,4.7,38,SUNNY,3.6,0.9,2025-08-29T13:50:00+09:30,PT5M
22,31,0,834,987,0,957.5,161,4.7,39,SUNNY,3.7,0.9,2025-08-29T13:55:00+09:30,PT5M
22,33,0,826,978,0,957.4,162,4.6,39,SUNNY,3.8,0.9,2025-08-29T14:00:00+09:30,PT5M
22,35,0,817,969,0,957.3,162,4.6,40,SUNNY,3.8,0.9,2025-08-29T14:05:00+09:30,PT5M
22,36,0,808,959,0,957.3,162,4.6,40,SUNNY,3.9,0.9,2025-08-29T14:10:00+09:30,PT5M
22,38,0,799,948,0,957.2,163,4.6,41,SUNNY,4,0.9,2025-08-29T14:15:00+09:30,PT5M
23,39,0,789,938,0,957.2,163,4.6,42,SUNNY,4,0.9,2025-08-29T14:20:00+09:30,PT5M
23,41,0,779,926,0,957.1,164,4.6,43,SUNNY,4.1,0.9,2025-08-29T14:25:00+09:30,PT5M
23,42,0,768,914,0,957,164,4.6,43,SUNNY,4.2,0.9,2025-08-29T14:30:00+09:30,PT5M
23,44,0,757,902,0,957,165,4.5,44,SUNNY,4.2,0.8,2025-08-29T14:35:00+09:30,PT5M
23,45,0,746,889,0,957,165,4.5,45,SUNNY,4.3,0.8,2025-08-29T14:40:00+09:30,PT5M
23,46,0,734,876,0,957,166,4.5,46,SUNNY,4.4,0.8,2025-08-29T14:45:00+09:30,PT5M
23,48,0,721,862,0,957,166,4.4,47,SUNNY,4.4,0.8,2025-08-29T14:50:00+09:30,PT5M
23,49,0,709,848,0,957.1,166,4.4,47,SUNNY,4.5,0.8,2025-08-29T14:55:00+09:30,PT5M
23,50,0,695,833,0,957.1,167,4.4,48,SUNNY,4.6,0.8,2025-08-29T15:00:00+09:30,PT5M
23,51,0,682,818,0,957.1,167,4.4,49,SUNNY,4.6,0.8,2025-08-29T15:05:00+09:30,PT5M
23,52,0,668,802,0,957.1,167,4.3,50,SUNNY,4.6,0.8,2025-08-29T15:10:00+09:30,PT5M
23,53,0,653,786,0,957.1,168,4.3,51,SUNNY,4.6,0.9,2025-08-29T15:15:00+09:30,PT5M
23,54,0,639,770,0,957.1,168,4.3,52,SUNNY,4.5,0.9,2025-08-29T15:20:00+09:30,PT5M
23,55,0,624,753,0,957.1,168,4.2,53,SUNNY,4.5,1,2025-08-29T15:25:00+09:30,PT5M
23,56,0,608,736,0,957.1,169,4.2,54,SUNNY,4.5,1,2025-08-29T15:30:00+09:30,PT5M
23,57,0,592,718,0,957.1,169,4.2,55,SUNNY,4.5,1,2025-08-29T15:35:00+09:30,PT5M
23,58,0,576,700,0,957.2,169,4.2,56,SUNNY,4.5,1,2025-08-29T15:40:00+09:30,PT5M
23,59,0,560,682,0,957.2,170,4.1,57,SUNNY,4.5,1.1,2025-08-29T15:45:00+09:30,PT5M
23,60,0,543,663,0,957.2,170,4.1,58,SUNNY,4.4,1.1,2025-08-29T15:50:00+09:30,PT5M
23,61,0,526,644,0,957.3,170,4.1,59,SUNNY,4.4,1.2,2025-08-29T15:55:00+09:30,PT5M
23,62,0,508,624,0,957.3,171,4.1,60,SUNNY,4.4,1.2,2025-08-29T16:00:00+09:30,PT5M
23,62,0,491,605,0,957.3,171,4.1,61,SUNNY,4.4,1.2,2025-08-29T16:05:00+09:30,PT5M
23,63,0,473,585,0,957.4,171,4.1,62,SUNNY,4.3,1.2,2025-08-29T16:10:00+09:30,PT5M
22,64,0,455,564,0,957.4,172,4.1,63,SUNNY,4.2,1.1,2025-08-29T16:15:00+09:30,PT5M
22,65,0,436,544,0,957.4,172,4.1,64,SUNNY,4.1,1.1,2025-08-29T16:20:00+09:30,PT5M
22,66,0,418,523,0,957.5,172,4,65,SUNNY,4,1.1,2025-08-29T16:25:00+09:30,PT5M
22,66,0,399,501,0,957.5,173,4,66,SUNNY,3.9,1.1,2025-08-29T16:30:00+09:30,PT5M
22,67,0,380,480,0,957.5,173,4,67,SUNNY,3.8,1,2025-08-29T16:35:00+09:30,PT5M
22,68,0,361,458,0,957.6,173,4.1,68,SUNNY,3.7,1,2025-08-29T16:40:00+09:30,PT5M
22,68,0,342,436,0,957.6,173,4.1,69,SUNNY,3.6,1,2025-08-29T16:45:00+09:30,PT5M
22,69,0,322,414,0,957.7,173,4.1,70,SUNNY,3.4,1,2025-08-29T16:50:00+09:30,PT5M
22,70,0,303,392,0,957.7,173,4.1,71,SUNNY,3.4,0.9,2025-08-29T16:55:00+09:30,PT5M
22,70,0,283,370,0,957.8,173,4.2,72,SUNNY,3.2,0.9,2025-08-29T17:00:00+09:30,PT5M
22,71,0,263,347,0,957.8,173,4.2,73,SUNNY,3.2,0.9,2025-08-29T17:05:00+09:30,PT5M
21,71,0,244,325,0,957.8,173,4.2,74,SUNNY,3.1,0.9,2025-08-29T17:10:00+09:30,PT5M
21,72,0,224,302,0,957.9,173,4.2,75,SUNNY,3,0.9,2025-08-29T17:15:00+09:30,PT5M
21,73,0,204,279,0,957.9,173,4.3,77,SUNNY,2.9,0.9,2025-08-29T17:20:00+09:30,PT5M
21,73,0,185,256,0,958,173,4.3,78,SUNNY,2.8,0.9,2025-08-29T17:25:00+09:30,PT5M
21,74,0,166,233,0,958,173,4.3,79,SUNNY,2.7,0.9,2025-08-29T17:30:00+09:30,PT5M
21,74,0,146,210,0,958.1,173,4.3,80,SUNNY,2.6,0.8,2025-08-29T17:35:00+09:30,PT5M
21,75,0,127,188,0,958.1,173,4.3,81,SUNNY,2.5,0.8,2025-08-29T17:40:00+09:30,PT5M
21,75,0,109,165,0,958.2,173,4.3,82,SUNNY,2.4,0.8,2025-08-29T17:45:00+09:30,PT5M
20,76,0,91,142,0,958.2,173,4.2,83,SUNNY,2.3,0.8,2025-08-29T17:50:00+09:30,PT5M
20,77,0,73,120,0,958.3,173,4.2,84,SUNNY,2.2,0.8,2025-08-29T17:55:00+09:30,PT5M
20,77,0,56,93,0,958.4,173,4.2,85,SUNNY,2.1,0.8,2025-08-29T18:00:00+09:30,PT5M
20,78,0,40,61,0,958.4,172,4.2,86,SUNNY,2.1,0.8,2025-08-29T18:05:00+09:30,PT5M
20,78,8.2,24,30,0,958.5,172,4.2,88,MOSTLY SUNNY,2,0.8,2025-08-29T18:10:00+09:30,PT5M
20,79,0,13,16,0,958.5,172,4.1,89,SUNNY,2,0.8,2025-08-29T18:15:00+09:30,PT5M
20,79,0,1,2,0,958.6,172,4.1,90,CLEAR,1.9,0.8,2025-08-29T18:20:00+09:30,PT5M
19,80,0,0,0,0,958.6,172,4.1,91,CLEAR,1.8,0.8,2025-08-29T18:25:00+09:30,PT5M
19,80,0,0,0,0,958.7,172,4.1,92,CLEAR,1.8,0.8,2025-08-29T18:30:00+09:30,PT5M
19,81,0,0,0,0,958.8,171,4,93,CLEAR,1.7,0.7,2025-08-29T18:35:00+09:30,PT5M
19,81,0,0,0,0,958.8,171,4.1,94,CLEAR,1.7,0.7,2025-08-29T18:40:00+09:30,PT5M
19,82,0,0,0,0,958.9,171,4.1,95,CLEAR,1.6,0.7,2025-08-29T18:45:00+09:30,PT5M
19,82,0,0,0,0,959,171,4.1,97,CLEAR,1.5,0.7,2025-08-29T18:50:00+09:30,PT5M
18,83,0,0,0,0,959.1,171,4.1,98,CLEAR,1.5,0.7,2025-08-29T18:55:00+09:30,PT5M
18,83,0,0,0,0,959.2,171,4.1,99,CLEAR,1.4,0.7,2025-08-29T19:00:00+09:30,PT5M
18,84,0,0,0,0,959.2,171,4.1,100,CLEAR,1.4,0.7,2025-08-29T19:05:00+09:30,PT5M
18,84,0,0,0,0,959.3,171,4.1,101,CLEAR,1.4,0.7,2025-08-29T19:10:00+09:30,PT5M
18,85,0,0,0,0,959.4,171,4.1,102,CLEAR,1.4,0.7,2025-08-29T19:15:00+09:30,PT5M
17,85,0,0,0,0,959.5,171,4.1,103,CLEAR,1.3,0.7,2025-08-29T19:20:00+09:30,PT5M
17,85,0,0,0,0,959.5,170,4.1,105,CLEAR,1.3,0.7,2025-08-29T19:25:00+09:30,PT5M
17,86,0,0,0,0,959.6,170,4.2,106,CLEAR,1.3,0.7,2025-08-29T19:30:00+09:30,PT5M
17,86,0,0,0,0,959.7,170,4.2,107,CLEAR,1.3,0.7,2025-08-29T19:35:00+09:30,PT5M
17,87,0,0,0,0,959.7,170,4.2,108,CLEAR,1.3,0.7,2025-08-29T19:40:00+09:30,PT5M
17,87,0,0,0,0,959.8,170,4.2,109,CLEAR,1.3,0.7,2025-08-29T19:45:00+09:30,PT5M
16,88,0,0,0,0,959.9,170,4.2,110,CLEAR,1.2,0.7,2025-08-29T19:50:00+09:30,PT5M
16,88,0,0,0,0,959.9,170,4.2,111,CLEAR,1.2,0.7,2025-08-29T19:55:00+09:30,PT5M
16,89,0,0,0,0,960,170,4.2,113,CLEAR,1.2,0.7,2025-08-29T20:00:00+09:30,PT5M
16,89,0,0,0,0,960.1,170,4.2,114,CLEAR,1.2,0.7,2025-08-29T20:05:00+09:30,PT5M
16,90,0,0,0,0,960.1,170,4.2,115,CLEAR,1.2,0.7,2025-08-29T20:10:00+09:30,PT5M
16,90,0,0,0,0,960.2,170,4.2,116,CLEAR,1.2,0.7,2025-08-29T20:15:00+09:30,PT5M
15,91,0,0,0,0,960.3,170,4.2,117,CLEAR,1.1,0.7,2025-08-29T20:20:00+09:30,PT5M
15,91,0,0,0,0,960.4,171,4.2,118,CLEAR,1.1,0.7,2025-08-29T20:25:00+09:30,PT5M
15,92,8.2,0,0,0,960.4,171,4.3,119,MOSTLY CLEAR,1.1,0.7,2025-08-29T20:30:00+09:30,PT5M
15,92,0,0,0,0,960.5,171,4.2,121,CLEAR,1.1,0.8,2025-08-29T20:35:00+09:30,PT5M
15,93,0,0,0,0,960.5,170,4.2,122,CLEAR,1.1,0.8,2025-08-29T20:40:00+09:30,PT5M
15,94,0,0,0,0,960.5,170,4.2,123,CLEAR,1.1,0.8,2025-08-29T20:45:00+09:30,PT5M
15,94,0,0,0,0,960.5,170,4.2,124,CLEAR,1,0.8,2025-08-29T20:50:00+09:30,PT5M
15,95,0,0,0,0,960.5,170,4.2,125,CLEAR,1,0.8,2025-08-29T20:55:00+09:30,PT5M
14,95,0,0,0,0,960.5,170,4.2,126,CLEAR,1,0.8,2025-08-29T21:00:00+09:30,PT5M
14,96,0,0,0,0,960.6,170,4.2,127,CLEAR,1,0.8,2025-08-29T21:05:00+09:30,PT5M
14,96,0,0,0,0,960.6,170,4.1,129,CLEAR,1.1,0.8,2025-08-29T21:10:00+09:30,PT5M
14,97,0,0,0,0,960.6,170,4.1,130,CLEAR,1.2,0.8,2025-08-29T21:15:00+09:30,PT5M
14,98,0,0,0,0,960.6,170,4.1,131,CLEAR,1.3,0.8,2025-08-29T21:20:00+09:30,PT5M
14,98,0,0,0,0,960.6,170,4.1,132,CLEAR,1.4,0.8,2025-08-29T21:25:00+09:30,PT5M
14,99,0,0,0,0,960.6,170,4.1,133,CLEAR,1.5,0.8,2025-08-29T21:30:00+09:30,PT5M
14,100,0,0,0,0,960.7,170,4.1,134,CLEAR,1.5,0.9,2025-08-29T21:35:00+09:30,PT5M
14,100,0,0,0,0,960.7,170,4.1,135,CLEAR,1.6,0.9,2025-08-29T21:40:00+09:30,PT5M
14,101,0,0,0,0,960.8,169,4,136,CLEAR,1.7,0.9,2025-08-29T21:45:00+09:30,PT5M
14,102,0,0,0,0,960.8,169,4,138,CLEAR,1.8,0.9,2025-08-29T21:50:00+09:30,PT5M
13,103,0,0,0,0,960.8,169,4,139,CLEAR,1.9,0.9,2025-08-29T21:55:00+09:30,PT5M
13,103,0,0,0,0,960.9,169,4,140,CLEAR,2,0.9,2025-08-29T22:00:00+09:30,PT5M
13,104,0,0,0,0,960.9,168,4,141,CLEAR,2.1,0.9,2025-08-29T22:05:00+09:30,PT5M
13,105,0,0,0,0,961,168,4,142,CLEAR,2.3,0.9,2025-08-29T22:10:00+09:30,PT5M
13,106,0,0,0,0,961,168,4,143,CLEAR,2.4,1,2025-08-29T22:15:00+09:30,PT5M
13,107,0,0,0,0,961.1,168,4,144,CLEAR,2.6,1,2025-08-29T22:20:00+09:30,PT5M
13,108,0,0,0,0,961.1,167,4,145,CLEAR,2.8,1,2025-08-29T22:25:00+09:30,PT5M
13,109,0,0,0,0,961.1,167,4,146,CLEAR,3,1,2025-08-29T22:30:00+09:30,PT5M
13,110,0,0,0,0,961.2,167,4,147,CLEAR,3.1,1.1,2025-08-29T22:35:00+09:30,PT5M
13,111,0,0,0,0,961.2,166,4,149,CLEAR,3.3,1.1,2025-08-29T22:40:00+09:30,PT5M
13,112,0,0,0,0,961.2,166,4.1,150,CLEAR,3.5,1.1,2025-08-29T22:45:00+09:30,PT5M
13,114,0,0,0,0,961.3,166,4.1,151,CLEAR,3.7,1.1,2025-08-29T22:50:00+09:30,PT5M
13,115,0,0,0,0,961.3,165,4.1,152,CLEAR,3.8,1.2,2025-08-29T22:55:00+09:30,PT5M
13,117,8.2,0,0,0,961.3,165,4.1,153,MOSTLY CLEAR,4,1.2,2025-08-29T23:00:00+09:30,PT5M
13,118,8.2,0,0,0,961.4,164,4.2,154,MOSTLY CLEAR,4.2,1.2,2025-08-29T23:05:00+09:30,PT5M
12,120,0,0,0,0,961.4,164,4.2,155,CLEAR,4.4,1.3,2025-08-29T23:10:00+09:30,PT5M
12,121,0,0,0,0,961.4,164,4.2,156,CLEAR,4.5,1.3,2025-08-29T23:15:00+09:30,PT5M
12,123,0,0,0,0,961.5,163,4.2,157,CLEAR,4.7,1.4,2025-08-29T23:20:00+09:30,PT5M
12,125,0,0,0,0,961.5,163,4.3,158,CLEAR,4.9,1.5,2025-08-29T23:25:00+09:30,PT5M
12,128,0,0,0,0,961.5,163,4.3,159,CLEAR,5.1,1.5,2025-08-29T23:30:00+09:30,PT5M
12,130,0,0,0,0,961.6,162,4.4,159,CLEAR,5.2,1.6,2025-08-29T23:35:00+09:30,PT5M
12,133,0,0,0,0,961.6,162,4.5,160,CLEAR,5.4,1.6,2025-08-29T23:40:00+09:30,PT5M
12,135,0,0,0,0,961.7,162,4.6,161,CLEAR,5.6,1.7,2025-08-29T23:45:00+09:30,PT5M
12,138,0,0,0,0,961.7,161,4.7,162,CLEAR,5.8,1.8,2025-08-29T23:50:00+09:30,PT5M
12,142,0,0,0,0,961.8,161,4.8,163,CLEAR,5.9,1.8,2025-08-29T23:55:00+09:30,PT5M
12,145,0,0,0,0,961.8,161,5,163,CLEAR,6.1,1.9,2025-08-30T00:00:00+09:30,PT5M
12,149,8.2,0,0,0,961.8,161,5.1,164,MOSTLY CLEAR,6.4,2,2025-08-30T00:05:00+09:30,PT5M
12,153,8.2,0,0,0,961.9,161,5.2,165,MOSTLY CLEAR,6.9,2.1,2025-08-30T00:10:00+09:30,PT5M
12,157,8.2,0,0,0,961.9,160,5.3,165,MOSTLY CLEAR,7.4,2.2,2025-08-30T00:15:00+09:30,PT5M
12,162,0,0,0,0,962,160,5.5,165,CLEAR,7.9,2.4,2025-08-30T00:20:00+09:30,PT5M
12,167,0,0,0,0,962,160,5.6,166,CLEAR,8.3,2.5,2025-08-30T00:25:00+09:30,PT5M
12,172,0,0,0,0,962,160,5.7,166,CLEAR,8.8,2.6,2025-08-30T00:30:00+09:30,PT5M
12,177,0,0,0,0,962.1,159,5.8,166,CLEAR,9.3,2.8,2025-08-30T00:35:00+09:30,PT5M
12,-178,0,0,0,0,962.1,159,5.9,166,CLEAR,9.8,2.9,2025-08-30T00:40:00+09:30,PT5M
12,-173,0,0,0,0,962.1,158,6,166,CLEAR,10.2,3,2025-08-30T00:45:00+09:30,PT5M
12,-168,0,0,0,0,962.1,158,6.1,166,CLEAR,10.7,3.2,2025-08-30T00:50:00+09:30,PT5M
12,-163,0,0,0,0,962.1,157,6.2,165,CLEAR,11.2,3.3,2025-08-30T00:55:00+09:30,PT5M
12,-159,0,0,0,0,962.1,157,6.3,165,CLEAR,11.7,3.4,2025-08-30T01:00:00+09:30,PT5M
11,-154,0,0,0,0,962.1,156,6.4,165,CLEAR,12.3,3.6,2025-08-30T01:05:00+09:30,PT5M
11,-150,0,0,0,0,962.1,156,6.5,164,CLEAR,13.1,3.8,2025-08-30T01:10:00+09:30,PT5M
11,-146,0,0,0,0,962.1,155,6.6,164,CLEAR,13.8,4,2025-08-30T01:15:00+09:30,PT5M
11,-143,0,0,0,0,962.1,155,6.7,163,CLEAR,14.6,4.1,2025-08-30T01:20:00+09:30,PT5M
11,-139,0,0,0,0,962.2,154,6.8,162,CLEAR,15.4,4.3,2025-08-30T01:25:00+09:30,PT5M
11,-136,0,0,0,0,962.2,154,6.9,161,CLEAR,16.2,4.5,2025-08-30T01:30:00+09:30,PT5M
11,-134,0,0,0,0,962.2,153,6.9,161,CLEAR,16.9,4.7,2025-08-30T01:35:00+09:30,PT5M
11,-131,0,0,0,0,962.2,153,6.9,160,CLEAR,17.7,4.9,2025-08-30T01:40:00+09:30,PT5M
11,-128,0,0,0,0,962.3,153,6.9,159,CLEAR,18.5,5.1,2025-08-30T01:45:00+09:30,PT5M
11,-126,0,0,0,0,962.3,152,6.9,158,CLEAR,19.3,5.2,2025-08-30T01:50:00+09:30,PT5M
10,-124,0,0,0,0,962.3,152,6.9,157,CLEAR,20,5.4,2025-08-30T01:55:00+09:30,PT5M
10,-122,0,0,0,0,962.4,152,6.9,156,CLEAR,20.8,5.6,2025-08-30T02:00:00+09:30,PT5M
10,-120,0,0,0,0,962.4,152,6.9,155,CLEAR,21.6,5.8,2025-08-30T02:05:00+09:30,PT5M
10,-119,0,0,0,0,962.4,151,6.9,154,CLEAR,22.4,6,2025-08-30T02:10:00+09:30,PT5M
10,-117,0,0,0,0,962.5,151,6.8,153,CLEAR,23.1,6.2,2025-08-30T02:15:00+09:30,PT5M
10,-116,0,0,0,0,962.5,151,6.8,152,CLEAR,23.9,6.3,2025-08-30T02:20:00+09:30,PT5M
10,-114,0,0,0,0,962.5,150,6.8,151,CLEAR,24.7,6.5,2025-08-30T02:25:00+09:30,PT5M
10,-113,0,0,0,0,962.6,150,6.8,150,CLEAR,25.5,6.7,2025-08-30T02:30:00+09:30,PT5M
10,-112,0,0,0,0,962.6,150,6.8,149,CLEAR,26.2,6.9,2025-08-30T02:35:00+09:30,PT5M
10,-111,0,0,0,0,962.6,150,6.8,148,CLEAR,27,7.1,2025-08-30T02:40:00+09:30,PT5M
10,-109,0,0,0,0,962.7,149,6.8,147,CLEAR,27.8,7.3,2025-08-30T02:45:00+09:30,PT5M
10,-108,8.2,0,0,0,962.7,149,6.8,146,MOSTLY CLEAR,28.6,7.4,2025-08-30T02:50:00+09:30,PT5M
10,-107,0,0,0,0,962.8,149,6.8,145,CLEAR,29.3,7.6,2025-08-30T02:55:00+09:30,PT5M
10,-106,0,0,0,0,962.8,149,6.7,143,CLEAR,30.1,7.8,2025-08-30T03:00:00+09:30,PT5M
10,-105,0,0,0,0,962.8,149,6.7,142,CLEAR,31,8,2025-08-30T03:05:00+09:30,PT5M
10,-105,0,0,0,0,962.9,148,6.7,141,CLEAR,31.9,8.2,2025-08-30T03:10:00+09:30,PT5M
9,-104,0,0,0,0,962.9,148,6.7,140,CLEAR,32.8,8.4,2025-08-30T03:15:00+09:30,PT5M
9,-103,0,0,0,0,963,148,6.7,139,CLEAR,33.8,8.6,2025-08-30T03:20:00+09:30,PT5M
9,-102,0,0,0,0,963,148,6.7,138,CLEAR,34.7,8.8,2025-08-30T03:25:00+09:30,PT5M
9,-101,0,0,0,0,963.1,147,6.7,137,CLEAR,35.6,9,2025-08-30T03:30:00+09:30,PT5M
9,-101,0,0,0,0,963.1,147,6.7,136,CLEAR,36.6,9.1,2025-08-30T03:35:00+09:30,PT5M
9,-100,0,0,0,0,963.1,147,6.6,135,CLEAR,37.5,9.3,2025-08-30T03:40:00+09:30,PT5M
9,-99,0,0,0,0,963.2,147,6.6,133,CLEAR,38.4,9.5,2025-08-30T03:45:00+09:30,PT5M
9,-99,0,0,0,0,963.2,146,6.6,132,CLEAR,39.4,9.7,2025-08-30T03:50:00+09:30,PT5M
9,-98,0,0,0,0,963.2,146,6.6,131,CLEAR,40.3,9.9,2025-08-30T03:55:00+09:30,PT5M
9,-97,0,0,0,0,963.3,146,6.6,130,CLEAR,41.2,10.1,2025-08-30T04:00:00+09:30,PT5M
9,-97,0,0,0,0,963.3,146,6.6,129,CLEAR,42.3,10.3,2025-08-30T04:05:00+09:30,PT5M
9,-96,0,0,0,0,963.3,145,6.6,128,CLEAR,43.4,10.6,2025-08-30T04:10:00+09:30,PT5M
9,-96,0,0,0,0,963.4,145,6.6,127,CLEAR,44.5,10.8,2025-08-30T04:15:00+09:30,PT5M
9,-95,0,0,0,0,963.4,145,6.5,125,CLEAR,45.6,11,2025-08-30T04:20:00+09:30,PT5M
8,-94,0,0,0,0,963.4,145,6.5,124,CLEAR,46.7,11.2,2025-08-30T04:25:00+09:30,PT5M
8,-94,0,0,0,0,963.5,144,6.5,123,CLEAR,47.8,11.5,2025-08-30T04:30:00+09:30,PT5M
8,-93,0,0,0,0,963.5,144,6.5,122,CLEAR,48.9,11.7,2025-08-30T04:35:00+09:30,PT5M
8,-93,0,0,0,0,963.5,144,6.5,121,CLEAR,50,12,2025-08-30T04:40:00+09:30,PT5M
8,-92,0,0,0,0,963.6,144,6.5,120,CLEAR,51.1,12.2,2025-08-30T04:45:00+09:30,PT5M
8,-92,0,0,0,0,963.6,144,6.5,119,CLEAR,52.2,12.4,2025-08-30T04:50:00+09:30,PT5M
8,-91,0,0,0,0,963.6,144,6.5,117,CLEAR,53.2,12.7,2025-08-30T04:55:00+09:30,PT5M
8,-91,0,0,0,0,963.7,144,6.5,116,CLEAR,54.4,12.9,2025-08-30T05:00:00+09:30,PT5M
8,-90,0,0,0,0,963.7,143,6.5,115,CLEAR,55.5,13.1,2025-08-30T05:05:00+09:30,PT5M
8,-90,0,0,0,0,963.7,143,6.5,114,CLEAR,56.6,13.4,2025-08-30T05:10:00+09:30,PT5M
8,-89,0,0,0,0,963.8,143,6.4,113,CLEAR,57.7,13.6,2025-08-30T05:15:00+09:30,PT5M
8,-89,0,0,0,0,963.8,143,6.4,112,CLEAR,58.8,13.9,2025-08-30T05:20:00+09:30,PT5M
8,-88,0,0,0,0,963.8,143,6.4,111,CLEAR,59.9,14.1,2025-08-30T05:25:00+09:30,PT5M
8,-88,0,0,0,0,963.9,143,6.4,109,CLEAR,61,14.4,2025-08-30T05:30:00+09:30,PT5M
8,-87,0,0,0,0,963.9,143,6.4,108,CLEAR,62.1,14.6,2025-08-30T05:35:00+09:30,PT5M
7,-87,0,0,0,0,964,142,6.4,107,CLEAR,63.2,14.9,2025-08-30T05:40:00+09:30,PT5M
7,-86,0,0,0,0,964,142,6.4,106,CLEAR,64.3,15.1,2025-08-30T05:45:00+09:30,PT5M
7,-86,0,0,0,0,964.1,142,6.4,105,CLEAR,65.4,15.4,2025-08-30T05:50:00+09:30,PT5M
7,-85,0,0,0,0,964.2,142,6.4,104,CLEAR,66.5,15.6,2025-08-30T05:55:00+09:30,PT5M
7,-85,0,0,0,0,964.2,142,6.4,103,CLEAR,67.6,15.9,2025-08-30T06:00:00+09:30,PT5M
7,-84,0,0,0,0,964.3,142,6.4,101,CLEAR,68.2,16.1,2025-08-30T06:05:00+09:30,PT5M
7,-84,0,0,0,0,964.3,142,6.4,100,CLEAR,68.1,16.3,2025-08-30T06:10:00+09:30,PT5M
7,-83,0,0,0,0,964.4,142,6.4,99,CLEAR,68,16.5,2025-08-30T06:15:00+09:30,PT5M
7,-83,0,0,0,0,964.4,142,6.4,98,CLEAR,67.9,16.7,2025-08-30T06:20:00+09:30,PT5M
7,-82,0,0,0,0,964.5,141,6.4,97,CLEAR,67.9,16.9,2025-08-30T06:25:00+09:30,PT5M
7,-82,0,0,0,0,964.6,141,6.4,96,CLEAR,67.8,17.1,2025-08-30T06:30:00+09:30,PT5M
7,-81,0,0,0,0,964.6,141,6.4,95,CLEAR,67.7,17.4,2025-08-30T06:35:00+09:30,PT5M
7,-81,0,0,0,0,964.7,141,6.4,94,CLEAR,67.6,17.6,2025-08-30T06:40:00+09:30,PT5M
7,-80,0,0,0,0,964.8,140,6.3,92,CLEAR,67.6,17.8,2025-08-30T06:45:00+09:30,PT5M
7,-80,0,0,0,0,964.9,140,6.3,91,CLEAR,67.5,18,2025-08-30T06:50:00+09:30,PT5M
7,-79,0,0,0,0,965,140,6.3,90,CLEAR,67.4,18.2,2025-08-30T06:55:00+09:30,PT5M
8,-79,0,8,8,0,965.1,139,6.3,89,SUNNY,67.3,18.4,2025-08-30T07:00:00+09:30,PT5M
8,-78,0,20,23,0,965.2,139,6.2,88,SUNNY,66.7,18.5,2025-08-30T07:05:00+09:30,PT5M
8,-78,0,33,44,0,965.3,138,6.2,87,SUNNY,65.4,18.4,2025-08-30T07:10:00+09:30,PT5M
8,-77,0,48,71,0,965.4,138,6.2,86,SUNNY,64.2,18.3,2025-08-30T07:15:00+09:30,PT5M
8,-77,0,65,100,0,965.5,137,6.1,85,SUNNY,63,18.3,2025-08-30T07:20:00+09:30,PT5M
8,-76,0,82,123,0,965.6,137,6.1,83,SUNNY,61.7,18.2,2025-08-30T07:25:00+09:30,PT5M
8,-76,0,100,147,0,965.7,137,6.1,82,SUNNY,60.5,18.1,2025-08-30T07:30:00+09:30,PT5M
8,-75,0,119,170,0,965.7,136,6.2,81,SUNNY,59.2,18.1,2025-08-30T07:35:00+09:30,PT5M
8,-75,0,138,194,0,965.8,136,6.4,80,SUNNY,58,18,2025-08-30T07:40:00+09:30,PT5M
9,-74,0,158,218,0,965.8,135,6.6,79,SUNNY,56.7,17.9,2025-08-30T07:45:00+09:30,PT5M
9,-74,0,177,241,0,965.9,135,6.7,78,SUNNY,55.5,17.9,2025-08-30T07:50:00+09:30,PT5M
9,-73,0,197,265,0,965.9,135,6.9,77,SUNNY,54.3,17.8,2025-08-30T07:55:00+09:30,PT5M
9,-72,0,217,289,0,965.9,135,7.1,76,SUNNY,53,17.7,2025-08-30T08:00:00+09:30,PT5M
9,-72,0,238,312,0,966,134,7.3,75,SUNNY,51.8,17.5,2025-08-30T08:05:00+09:30,PT5M
9,-71,0,258,336,0,966,134,7.5,74,SUNNY,50.5,17.2,2025-08-30T08:10:00+09:30,PT5M
9,-71,0,278,359,0,966.1,134,7.7,72,SUNNY,49.3,16.9,2025-08-30T08:15:00+09:30,PT5M
9,-70,0,298,382,0,966.1,134,7.9,71,SUNNY,48.1,16.6,2025-08-30T08:20:00+09:30,PT5M
9,-69,0,318,405,0,966.1,133,8.1,70,WINDY,46.8,16.3,2025-08-30T08:25:00+09:30,PT5M
9,-69,0,337,428,0,966.2,133,8.3,69,WINDY,45.6,16,2025-08-30T08:30:00+09:30,PT5M
10,-68,0,357,450,0,966.2,133,8.4,68,WINDY,44.3,15.7,2025-08-30T08:35:00+09:30,PT5M
10,-67,0,377,473,0,966.2,133,8.4,67,WINDY,43.1,15.4,2025-08-30T08:40:00+09:30,PT5M
10,-67,0,396,495,0,966.2,132,8.5,66,WINDY,41.8,15.1,2025-08-30T08:45:00+09:30,PT5M
10,-66,0,416,517,0,966.2,132,8.5,65,WINDY,40.6,14.8,2025-08-30T08:50:00+09:30,PT5M
10,-65,0,435,538,0,966.2,132,8.6,64,WINDY,39.4,14.5,2025-08-30T08:55:00+09:30,PT5M
10,-64,0,454,559,0,966.3,132,8.6,63,WINDY,38.1,14.2,2025-08-30T09:00:00+09:30,PT5M
10,-64,0,473,581,0,966.3,132,8.7,62,WINDY,37.1,13.7,2025-08-30T09:05:00+09:30,PT5M
10,-63,0,491,602,0,966.3,131,8.7,61,WINDY,36.4,13,2025-08-30T09:10:00+09:30,PT5M
10,-62,0,510,623,0,966.3,131,8.8,60,WINDY,35.6,12.4,2025-08-30T09:15:00+09:30,PT5M
10,-61,0,528,644,0,966.3,131,8.8,59,WINDY,34.9,11.7,2025-08-30T09:20:00+09:30,PT5M
11,-60,0,546,664,0,966.3,131,8.9,58,WINDY,34.1,11,2025-08-30T09:25:00+09:30,PT5M
11,-60,0,564,684,0,966.3,131,8.9,57,WINDY,33.4,10.4,2025-08-30T09:30:00+09:30,PT5M
11,-59,0,583,705,0,966.3,130,8.9,56,WINDY,32.6,9.7,2025-08-30T09:35:00+09:30,PT5M
11,-58,0,600,725,0,966.3,130,8.9,55,WINDY,31.9,9.1,2025-08-30T09:40:00+09:30,PT5M
11,-57,0,616,743,0,966.4,130,8.9,54,WINDY,31.1,8.4,2025-08-30T09:45:00+09:30,PT5M
11,-56,0,633,762,0,966.4,130,8.9,53,WINDY,30.4,7.7,2025-08-30T09:50:00+09:30,PT5M
11,-55,0,649,780,0,966.4,130,8.9,52,WINDY,29.6,7.1,2025-08-30T09:55:00+09:30,PT5M
11,-54,0,664,797,0,966.4,130,8.8,51,WINDY,28.9,6.4,2025-08-30T10:00:00+09:30,PT5M
11,-53,0,680,814,0,966.5,130,8.8,50,WINDY,28.4,6.1,2025-08-30T10:05:00+09:30,PT5M
11,-52,0,694,831,0,966.5,130,8.8,49,WINDY,28.1,6,2025-08-30T10:10:00+09:30,PT5M
12,-50,0,708,846,0,966.5,130,8.8,48,WINDY,27.9,5.9,2025-08-30T10:15:00+09:30,PT5M
12,-49,0,722,862,0,966.6,130,8.8,47,WINDY,27.6,5.9,2025-08-30T10:20:00+09:30,PT5M
12,-48,0,736,877,0,966.6,130,8.8,47,WINDY,27.3,5.8,2025-08-30T10:25:00+09:30,PT5M
12,-47,0,749,891,0,966.6,130,8.7,46,WINDY,27.1,5.7,2025-08-30T10:30:00+09:30,PT5M
12,-46,0,761,905,0,966.6,130,8.7,45,WINDY,26.8,5.7,2025-08-30T10:35:00+09:30,PT5M
12,-44,0,773,919,0,966.5,130,8.7,44,WINDY,26.6,5.6,2025-08-30T10:40:00+09:30,PT5M
12,-43,0,785,931,0,966.4,130,8.7,43,WINDY,26.3,5.5,2025-08-30T10:45:00+09:30,PT5M
12,-41,0,796,944,0,966.3,130,8.6,43,WINDY,26,5.5,2025-08-30T10:50:00+09:30,PT5M
12,-40,0,807,956,0,966.2,130,8.6,42,WINDY,25.8,5.4,2025-08-30T10:55:00+09:30,PT5M
13,-39,0,817,967,0,966.1,130,8.6,41,WINDY,25.5,5.3,2025-08-30T11:00:00+09:30,PT5M
13,-37,0,827,978,0,966,130,8.5,40,WINDY,25.3,5.3,2025-08-30T11:05:00+09:30,PT5M
13,-35,0,836,989,0,965.9,129,8.5,40,WINDY,25,5.3,2025-08-30T11:10:00+09:30,PT5M
13,-34,0,845,998,0,965.8,129,8.5,39,WINDY,24.8,5.2,2025-08-30T11:15:00+09:30,PT5M
13,-32,0,853,1008,0,965.7,129,8.5,38,WINDY,24.5,5.2,2025-08-30T11:20:00+09:30,PT5M
13,-30,0,861,1016,0,965.6,129,8.4,38,WINDY,24.2,5.2,2025-08-30T11:25:00+09:30,PT5M
13,-28,0,869,1025,0,965.5,129,8.4,37,WINDY,24,5.1,2025-08-30T11:30:00+09:30,PT5M
13,-27,0,876,1032,0,965.5,129,8.4,37,WINDY,23.7,5.1,2025-08-30T11:35:00+09:30,PT5M
13,-25,0,882,1039,0,965.4,129,8.3,36,WINDY,23.5,5.1,2025-08-30T11:40:00+09:30,PT5M
13,-23,0,888,1046,0,965.3,129,8.3,36,WINDY,23.2,5,2025-08-30T11:45:00+09:30,PT5M
14,-21,0,893,1052,0,965.2,129,8.3,35,WINDY,22.9,5,2025-08-30T11:50:00+09:30,PT5M
14,-19,0,898,1057,0,965.1,129,8.2,35,WINDY,22.7,5,2025-08-30T11:55:00+09:30,PT5M
14,-17,0,903,1062,0,965,129,8.2,35,WINDY,22.4,4.9,2025-08-30T12:00:00+09:30,PT5M
14,-15,0,906,1066,0,964.9,128,8.2,34,WINDY,22.2,4.9,2025-08-30T12:05:00+09:30,PT5M
14,-12,0,910,1070,0,964.8,128,8.1,34,WINDY,22,4.9,2025-08-30T12:10:00+09:30,PT5M
14,-10,0,913,1073,0,964.7,128,8.1,34,WINDY,21.9,4.8,2025-08-30T12:15:00+09:30,PT5M
14,-8,0,915,1076,0,964.6,128,8.1,34,WINDY,21.7,4.8,2025-08-30T12:20:00+09:30,PT5M
15,-6,0,917,1078,0,964.5,128,8,33,WINDY,21.5,4.7,2025-08-30T12:25:00+09:30,PT5M
15,-4,0,918,1079,0,964.4,128,8,33,WINDY,21.3,4.7,2025-08-30T12:30:00+09:30,PT5M
15,-1,0,919,1080,0,964.3,128,8,33,WINDY,21.2,4.7,2025-08-30T12:35:00+09:30,PT5M
15,1,0,919,1080,0,964.3,128,8,33,WINDY,21,4.6,2025-08-30T12:40:00+09:30,PT5M
15,3,0,918,1079,0,964.2,128,8,33,WINDY,20.8,4.6,2025-08-30T12:45:00+09:30,PT5M
15,5,0,917,1078,0,964.1,128,7.9,33,SUNNY,20.6,4.6,2025-08-30T12:50:00+09:30,PT5M
15,8,0,916,1077,0,964,127,7.9,34,SUNNY,20.5,4.5,2025-08-30T12:55:00+09:30,PT5M
15,10,0,914,1074,0,963.9,127,7.9,34,SUNNY,20.3,4.5,2025-08-30T13:00:00+09:30,PT5M
15,12,0,911,1072,0,963.8,127,7.9,34,SUNNY,20.2,4.5,2025-08-30T13:05:00+09:30,PT5M
15,14,0,908,1068,0,963.7,127,7.9,34,SUNNY,20,4.5,2025-08-30T13:10:00+09:30,PT5M
16,16,0,905,1064,0,963.6,127,7.9,35,SUNNY,20,4.4,2025-08-30T13:15:00+09:30,PT5M
16,18,0,900,1060,0,963.5,127,7.9,35,SUNNY,19.9,4.4,2025-08-30T13:20:00+09:30,PT5M
16,20,0,896,1054,0,963.4,127,7.9,35,SUNNY,19.8,4.4,2025-08-30T13:25:00+09:30,PT5M
16,22,0,891,1049,0,963.3,127,7.9,36,SUNNY,19.6,4.4,2025-08-30T13:30:00+09:30,PT5M
16,24,0,885,1043,0,963.3,127,7.9,36,SUNNY,19.6,4.3,2025-08-30T13:35:00+09:30,PT5M
16,26,0,879,1036,0,963.2,127,7.8,37,SUNNY,19.5,4.3,2025-08-30T13:40:00+09:30,PT5M
16,28,0,872,1028,0,963.1,126,7.8,37,SUNNY,19.4,4.3,2025-08-30T13:45:00+09:30,PT5M
16,30,0,865,1020,0,963.1,126,7.8,38,SUNNY,19.2,4.3,2025-08-30T13:50:00+09:30,PT5M
16,32,0,857,1012,0,963,126,7.8,38,SUNNY,19.2,4.2,2025-08-30T13:55:00+09:30,PT5M
16,33,0,849,1003,0,963,126,7.8,39,SUNNY,19.1,4.2,2025-08-30T14:00:00+09:30,PT5M
16,35,0,841,993,0,962.9,126,7.8,39,SUNNY,19,4.2,2025-08-30T14:05:00+09:30,PT5M
16,37,0,831,983,0,962.8,126,7.8,40,SUNNY,18.8,4.2,2025-08-30T14:10:00+09:30,PT5M
16,38,0,822,972,0,962.8,126,7.8,41,SUNNY,18.8,4.2,2025-08-30T14:15:00+09:30,PT5M
16,40,0,812,961,0,962.7,126,7.8,42,SUNNY,18.7,4.2,2025-08-30T14:20:00+09:30,PT5M
16,41,0,801,949,0,962.7,126,7.8,42,SUNNY,18.6,4.2,2025-08-30T14:25:00+09:30,PT5M
16,43,0,790,937,0,962.6,126,7.7,43,SUNNY,18.4,4.2,2025-08-30T14:30:00+09:30,PT5M
16,44,0,779,925,0,962.5,126,7.7,44,SUNNY,18.4,4.1,2025-08-30T14:35:00+09:30,PT5M
16,45,0,767,911,0,962.4,126,7.7,45,SUNNY,18.2,4.1,2025-08-30T14:40:00+09:30,PT5M
16,47,0,754,897,0,962.4,126,7.7,45,SUNNY,18.2,4.1,2025-08-30T14:45:00+09:30,PT5M
16,48,0,742,883,0,962.3,126,7.7,46,SUNNY,18,4.1,2025-08-30T14:50:00+09:30,PT5M
16,49,0,728,869,0,962.2,126,7.7,47,SUNNY,18,4.1,2025-08-30T14:55:00+09:30,PT5M
16,50,0,715,853,0,962.1,126,7.6,48,SUNNY,17.8,4.1,2025-08-30T15:00:00+09:30,PT5M
16,51,0,701,838,0,962,126,7.6,49,SUNNY,17.8,4.1,2025-08-30T15:05:00+09:30,PT5M
16,53,0,686,822,0,961.9,126,7.6,50,SUNNY,17.8,4.1,2025-08-30T15:10:00+09:30,PT5M
16,54,0,671,805,0,961.9,126,7.6,51,SUNNY,17.8,4,2025-08-30T15:15:00+09:30,PT5M
16,55,0,656,788,0,961.8,126,7.6,52,SUNNY,17.8,4,2025-08-30T15:20:00+09:30,PT5M
17,56,0,641,771,0,961.7,126,7.5,53,SUNNY,17.8,4,2025-08-30T15:25:00+09:30,PT5M
17,57,0,625,753,0,961.6,126,7.5,54,SUNNY,17.8,4,2025-08-30T15:30:00+09:30,PT5M
17,58,0,608,735,0,961.6,126,7.5,55,SUNNY,17.7,3.9,2025-08-30T15:35:00+09:30,PT5M
16,59,0,592,716,0,961.6,126,7.5,56,SUNNY,17.7,3.9,2025-08-30T15:40:00+09:30,PT5M
16,59,0,575,697,0,961.6,126,7.4,56,SUNNY,17.7,3.9,2025-08-30T15:45:00+09:30,PT5M
16,60,0,558,678,0,961.7,126,7.4,57,SUNNY,17.7,3.9,2025-08-30T15:50:00+09:30,PT5M
16,61,0,540,658,0,961.7,126,7.4,58,SUNNY,17.7,3.8,2025-08-30T15:55:00+09:30,PT5M
16,62,0,522,638,0,961.7,126,7.3,59,SUNNY,17.7,3.8,2025-08-30T16:00:00+09:30,PT5M
16,63,0,504,618,0,961.8,126,7.3,61,SUNNY,17.7,3.8,2025-08-30T16:05:00+09:30,PT5M
16,64,0,486,598,0,961.8,126,7.2,62,SUNNY,17.8,3.8,2025-08-30T16:10:00+09:30,PT5M
16,64,0,467,577,0,961.8,126,7.2,63,SUNNY,17.9,3.8,2025-08-30T16:15:00+09:30,PT5M
16,65,0,448,555,0,961.9,126,7.2,64,SUNNY,18,3.9,2025-08-30T16:20:00+09:30,PT5M
16,66,0,429,534,0,961.9,126,7.1,65,SUNNY,18.1,3.9,2025-08-30T16:25:00+09:30,PT5M
16,67,0,410,512,0,962,126,7.1,66,SUNNY,18.2,3.9,2025-08-30T16:30:00+09:30,PT5M
16,67,0,391,490,0,962,126,7.1,67,SUNNY,18.2,3.9,2025-08-30T16:35:00+09:30,PT5M
16,68,0,371,468,0,962,126,7,68,SUNNY,18.3,3.9,2025-08-30T16:40:00+09:30,PT5M
16,69,0,351,446,0,962,126,7,69,SUNNY,18.4,3.9,2025-08-30T16:45:00+09:30,PT5M
16,69,0,331,423,0,962,126,6.9,70,SUNNY,18.5,4,2025-08-30T16:50:00+09:30,PT5M
16,70,0,311,400,0,962,126,6.9,71,SUNNY,18.6,4,2025-08-30T16:55:00+09:30,PT5M
15,71,0,291,377,0,962,126,6.8,72,SUNNY,18.7,4,2025-08-30T17:00:00+09:30,PT5M
15,71,0,271,354,0,962,126,6.8,73,SUNNY,18.7,4,2025-08-30T17:05:00+09:30,PT5M
15,72,0,251,331,0,962,126,6.7,74,SUNNY,18.8,4,2025-08-30T17:10:00+09:30,PT5M
15,72,0,231,308,0,962,126,6.7,75,SUNNY,18.9,4.1,2025-08-30T17:15:00+09:30,PT5M
15,73,0,211,284,0,962,126,6.6,76,SUNNY,19,4.1,2025-08-30T17:20:00+09:30,PT5M
15,74,0,190,261,0,962.1,126,6.6,78,SUNNY,19.1,4.2,2025-08-30T17:25:00+09:30,PT5M
15,74,0,171,237,0,962.1,126,6.5,79,SUNNY,19.2,4.2,2025-08-30T17:30:00+09:30,PT5M
15,75,0,151,214,0,962.1,126,6.5,80,SUNNY,19.2,4.2,2025-08-30T17:35:00+09:30,PT5M
14,75,0,131,190,0,962.1,126,6.3,81,SUNNY,19.3,4.2,2025-08-30T17:40:00+09:30,PT5M
14,76,0,112,167,0,962.2,126,6.2,82,SUNNY,19.4,4.3,2025-08-30T17:45:00+09:30,PT5M
14,76,0,94,144,0,962.2,126,6.1,83,SUNNY,19.5,4.3,2025-08-30T17:50:00+09:30,PT5M
14,77,0,76,121,0,962.3,126,6,84,SUNNY,19.6,4.4,2025-08-30T17:55:00+09:30,PT5M
14,77,0,58,95,0,962.3,125,5.8,85,SUNNY,19.7,4.4,2025-08-30T18:00:00+09:30,PT5M
14,78,0,42,61,0,962.3,125,5.7,86,SUNNY,19.8,4.4,2025-08-30T18:05:00+09:30,PT5M
14,78,0,27,36,0,962.4,125,5.6,88,SUNNY,20.1,4.5,2025-08-30T18:10:00+09:30,PT5M
14,79,0,13,16,0,962.4,125,5.5,89,SUNNY,20.3,4.6,2025-08-30T18:15:00+09:30,PT5M
14,79,0,2,2,0,962.5,125,5.3,90,CLEAR,20.5,4.6,2025-08-30T18:20:00+09:30,PT5M
13,80,0,0,0,0,962.5,125,5.2,91,CLEAR,20.8,4.7,2025-08-30T18:25:00+09:30,PT5M
13,80,0,0,0,0,962.6,125,5.1,92,CLEAR,21,4.8,2025-08-30T18:30:00+09:30,PT5M
13,81,0,0,0,0,962.6,125,5,93,CLEAR,21.3,4.8,2025-08-30T18:35:00+09:30,PT5M
13,81,0,0,0,0,962.6,125,4.9,94,CLEAR,21.5,4.9,2025-08-30T18:40:00+09:30,PT5M
13,82,0,0,0,0,962.7,124,4.8,95,CLEAR,21.8,5,2025-08-30T18:45:00+09:30,PT5M
13,82,0,0,0,0,962.7,124,4.8,97,CLEAR,22,5,2025-08-30T18:50:00+09:30,PT5M
13,83,0,0,0,0,962.8,124,4.7,98,CLEAR,22.2,5.1,2025-08-30T18:55:00+09:30,PT5M
12,83,0,0,0,0,962.9,123,4.6,99,CLEAR,22.5,5.2,2025-08-30T19:00:00+09:30,PT5M
12,84,0,0,0,0,962.9,123,4.6,100,CLEAR,22.8,5.2,2025-08-30T19:05:00+09:30,PT5M
12,84,0,0,0,0,963,122,4.5,101,CLEAR,23.2,5.3,2025-08-30T19:10:00+09:30,PT5M
12,85,0,0,0,0,963,122,4.4,102,CLEAR,23.6,5.4,2025-08-30T19:15:00+09:30,PT5M
12,85,0,0,0,0,963.1,121,4.3,103,CLEAR,24.1,5.5,2025-08-30T19:20:00+09:30,PT5M
12,86,0,0,0,0,963.1,121,4.3,104,CLEAR,24.5,5.6,2025-08-30T19:25:00+09:30,PT5M
11,86,0,0,0,0,963.2,121,4.2,106,CLEAR,24.9,5.7,2025-08-30T19:30:00+09:30,PT5M
11,87,0,0,0,0,963.2,120,4.2,107,CLEAR,25.3,5.8,2025-08-30T19:35:00+09:30,PT5M
11,87,0,0,0,0,963.2,120,4.1,108,CLEAR,25.7,5.9,2025-08-30T19:40:00+09:30,PT5M
11,88,0,0,0,0,963.3,120,4.1,109,CLEAR,26.1,6,2025-08-30T19:45:00+09:30,PT5M
11,88,0,0,0,0,963.3,120,4.1,110,CLEAR,26.6,6.1,2025-08-30T19:50:00+09:30,PT5M
11,89,0,0,0,0,963.4,120,4,111,CLEAR,27,6.2,2025-08-30T19:55:00+09:30,PT5M
10,89,0,0,0,0,963.4,120,4,112,CLEAR,27.4,6.3,2025-08-30T20:00:00+09:30,PT5M
10,90,0,0,0,0,963.5,120,4,114,CLEAR,27.8,6.4,2025-08-30T20:05:00+09:30,PT5M
10,90,0,0,0,0,963.5,120,3.9,115,CLEAR,28.2,6.5,2025-08-30T20:10:00+09:30,PT5M
10,91,0,0,0,0,963.5,120,3.9,116,CLEAR,28.6,6.6,2025-08-30T20:15:00+09:30,PT5M
10,91,0,0,0,0,963.6,120,3.9,117,CLEAR,29,6.7,2025-08-30T20:20:00+09:30,PT5M
10,92,0,0,0,0,963.6,120,3.9,118,CLEAR,29.4,6.9,2025-08-30T20:25:00+09:30,PT5M
10,92,0,0,0,0,963.7,120,3.8,119,CLEAR,29.8,7,2025-08-30T20:30:00+09:30,PT5M
9,93,0,0,0,0,963.7,120,3.8,120,CLEAR,30.3,7.1,2025-08-30T20:35:00+09:30,PT5M
9,93,0,0,0,0,963.7,120,3.8,122,CLEAR,30.7,7.2,2025-08-30T20:40:00+09:30,PT5M
9,94,0,0,0,0,963.8,121,3.8,123,CLEAR,31.1,7.4,2025-08-30T20:45:00+09:30,PT5M
9,95,0,0,0,0,963.8,121,3.8,124,CLEAR,31.5,7.5,2025-08-30T20:50:00+09:30,PT5M
9,95,0,0,0,0,963.8,121,3.8,125,CLEAR,31.9,7.6,2025-08-30T20:55:00+09:30,PT5M
9,96,0,0,0,0,963.9,121,3.8,126,CLEAR,32.3,7.7,2025-08-30T21:00:00+09:30,PT5M
9,96,0,0,0,0,963.9,121,3.7,127,CLEAR,32.9,7.9,2025-08-30T21:05:00+09:30,PT5M
9,97,0,0,0,0,963.9,122,3.7,128,CLEAR,33.6,8,2025-08-30T21:10:00+09:30,PT5M
9,97,0,0,0,0,964,122,3.7,130,CLEAR,34.4,8.2,2025-08-30T21:15:00+09:30,PT5M
9,98,0,0,0,0,964,122,3.7,131,CLEAR,35.1,8.4,2025-08-30T21:20:00+09:30,PT5M
9,99,0,0,0,0,964,122,3.7,132,CLEAR,35.8,8.5,2025-08-30T21:25:00+09:30,PT5M
9,99,0,0,0,0,964.1,123,3.7,133,CLEAR,36.6,8.7,2025-08-30T21:30:00+09:30,PT5M
9,100,0,0,0,0,964.1,123,3.7,134,CLEAR,37.3,8.8,2025-08-30T21:35:00+09:30,PT5M
8,101,0,0,0,0,964.1,123,3.7,135,CLEAR,38.1,9,2025-08-30T21:40:00+09:30,PT5M
8,102,0,0,0,0,964.1,123,3.7,136,CLEAR,38.8,9.1,2025-08-30T21:45:00+09:30,PT5M
8,102,0,0,0,0,964.1,123,3.7,137,CLEAR,39.5,9.3,2025-08-30T21:50:00+09:30,PT5M
8,103,0,0,0,0,964.1,124,3.7,139,CLEAR,40.3,9.5,2025-08-30T21:55:00+09:30,PT5M
8,104,0,0,0,0,964.1,124,3.7,140,CLEAR,41,9.6,2025-08-30T22:00:00+09:30,PT5M
8,105,0,0,0,0,964.1,124,3.7,141,CLEAR,41.9,9.8,2025-08-30T22:05:00+09:30,PT5M
8,106,0,0,0,0,964.2,124,3.7,142,CLEAR,43,10,2025-08-30T22:10:00+09:30,PT5M
8,107,0,0,0,0,964.2,124,3.7,143,CLEAR,44.1,10.3,2025-08-30T22:15:00+09:30,PT5M
8,108,0,0,0,0,964.2,125,3.7,144,CLEAR,45.2,10.5,2025-08-30T22:20:00+09:30,PT5M
8,109,0,0,0,0,964.2,125,3.7,145,CLEAR,46.2,10.7,2025-08-30T22:25:00+09:30,PT5M
7,110,0,0,0,0,964.2,125,3.7,146,CLEAR,47.3,10.9,2025-08-30T22:30:00+09:30,PT5M
7,111,0,0,0,0,964.2,125,3.7,147,CLEAR,48.4,11.2,2025-08-30T22:35:00+09:30,PT5M
7,112,0,0,0,0,964.2,125,3.7,148,CLEAR,49.5,11.4,2025-08-30T22:40:00+09:30,PT5M
7,113,0,0,0,0,964.1,125,3.7,149,CLEAR,50.5,11.6,2025-08-30T22:45:00+09:30,PT5M
7,114,0,0,0,0,964.1,124,3.7,151,CLEAR,51.6,11.8,2025-08-30T22:50:00+09:30,PT5M
7,116,0,0,0,0,964.1,124,3.7,152,CLEAR,52.7,12.1,2025-08-30T22:55:00+09:30,PT5M
7,117,0,0,0,0,964.1,124,3.7,153,CLEAR,53.8,12.3,2025-08-30T23:00:00+09:30,PT5M
7,119,0,0,0,0,964.1,124,3.8,154,CLEAR,54.8,12.5,2025-08-30T23:05:00+09:30,PT5M
7,120,0,0,0,0,964.1,124,3.8,155,CLEAR,55.9,12.8,2025-08-30T23:10:00+09:30,PT5M
7,122,0,0,0,0,964,124,3.8,156,CLEAR,57,13.1,2025-08-30T23:15:00+09:30,PT5M
7,124,0,0,0,0,964,124,3.8,157,CLEAR,58.1,13.4,2025-08-30T23:20:00+09:30,PT5M
7,126,0,0,0,0,964,123,3.8,157,CLEAR,59.1,13.7,2025-08-30T23:25:00+09:30,PT5M
7,128,0,0,0,0,964,123,3.8,158,CLEAR,60.2,14,2025-08-30T23:30:00+09:30,PT5M
7,131,0,0,0,0,964,123,3.8,159,CLEAR,61.3,14.2,2025-08-30T23:35:00+09:30,PT5M
7,133,0,0,0,0,963.9,123,3.8,160,CLEAR,62.4,14.5,2025-08-30T23:40:00+09:30,PT5M
7,136,0,0,0,0,963.9,123,3.8,161,CLEAR,63.4,14.8,2025-08-30T23:45:00+09:30,PT5M
7,139,0,0,0,0,963.9,123,3.8,162,CLEAR,64.5,15.1,2025-08-30T23:50:00+09:30,PT5M
7,142,0,0,0,0,963.8,122,3.8,162,CLEAR,65.6,15.4,2025-08-30T23:55:00+09:30,PT5M
7,146,0,0,0,0,963.8,122,3.8,163,CLEAR,66.7,15.7,2025-08-31T00:00:00+09:30,PT5M
