ele,lat,lon,name
113.074,-14.481646,132.325427,Route
113.074,-14.481646,132.325427,Route
113.0,-14.4816709,132.3255243,Route
113.645,-14.4817426,132.3258021,Route
113.348,-14.481811,132.3259101,Route
113.085,-14.4819633,132.3260414,Route
113.499,-14.4820859,132.3261169,Route
113.627,-14.4822113,132.3262075,Route
113.253,-14.4823738,132.3263185,Route
114.418,-14.4824945,132.3267827,Route
116.195,-14.4828446,132.3280658,Route
113.312,-14.4830024,132.3288554,Route
113.676,-14.483249,132.329887,Route
114.657,-14.4833962,132.3304881,Route
114.923,-14.4836379,132.3314439,Route
114.908,-14.483712,132.3317369,Route
115.841,-14.4838975,132.3324722,Route
115.844,-14.4839105,132.3326315,Route
115.499,-14.4839886,132.3329455,Route
117.581,-14.4843326,132.3343281,Route
118.95,-14.4844307,132.3347082,Route
118.78,-14.4845176,132.335061,Route
118.24,-14.4846219,132.3354621,Route
119.737,-14.4847301,132.3359084,Route
119.314,-14.4847662,132.3360598,Route
117.73,-14.4848813,132.3365902,Route
119.147,-14.4849576,132.3370083,Route
119.142,-14.4850555,132.3369936,Route
119.301,-14.4853649,132.3369556,Route
120.974,-14.4858791,132.3369011,Route
120.924,-14.4860663,132.3369193,Route
120.999,-14.4863204,132.3369441,Route
121.997,-14.4866657,132.3370477,Route
118.882,-14.4871166,132.3372765,Route
117.565,-14.4875141,132.3376207,Route
115.577,-14.4877894,132.3379796,Route
115.085,-14.4887623,132.339674,Route
119.262,-14.4903187,132.3423569,Route
122.0,-14.4908338,132.3432239,Route
122.984,-14.491653,132.3446336,Route
122.555,-14.4917598,132.3448153,Route
122.404,-14.4918531,132.3449741,Route
122.522,-14.4919465,132.3451329,Route
121.92,-14.4920624,132.3453302,Route
120.523,-14.4923714,132.3458501,Route
120.638,-14.4924151,132.3459257,Route
120.88,-14.4925073,132.3460852,Route
122.731,-14.4930914,132.3470953,Route
121.983,-14.493155,132.3472003,Route
120.044,-14.4934261,132.3476482,Route
122.058,-14.4940782,132.3487828,Route
123.0,-14.4943068,132.3492429,Route
121.702,-14.4946261,132.3497356,Route
122.666,-14.4947263,132.3499073,Route
123.311,-14.4948191,132.3500664,Route
122.949,-14.4950047,132.3503848,Route
121.018,-14.495244,132.3507952,Route
122.153,-14.4958068,132.351776,Route
122.643,-14.4968452,132.3535465,Route
122.689,-14.496858,132.3535692,Route
122.068,-14.4966025,132.3536299,Route
122.315,-14.4963795,132.3537016,Route
120.11,-14.4958198,132.3538718,Route
120.754,-14.4956472,132.3539242,Route
120.853,-14.495616,132.3539337,Route
121.246,-14.4949051,132.3540984,Route
121.069,-14.4947753,132.3541474,Route
121.096,-14.4943867,132.3542943,Route
123.176,-14.4938429,132.3544478,Route
124.0,-14.4934929,132.3545889,Route
123.98,-14.4933278,132.3546862,Route
123.247,-14.4931661,132.3548273,Route
122.93,-14.493036,132.3549746,Route
122.866,-14.4930185,132.3550004,Route
122.501,-14.4929149,132.3551533,Route
123.753,-14.4926866,132.3556735,Route
125.363,-14.492578,132.3560122,Route
125.944,-14.4925215,132.3561886,Route
125.915,-14.4924764,132.356329,Route
125.868,-14.4924634,132.3563644,Route
122.568,-14.4922058,132.3570645,Route
122.418,-14.4921102,132.3574166,Route
123.286,-14.4920451,132.3576566,Route
126.0,-14.4918674,132.3580824,Route
126.0,-14.4917816,132.3582794,Route
125.679,-14.4917117,132.3584398,Route
125.646,-14.4917076,132.3584486,Route
125.133,-14.491629,132.3586158,Route
124.937,-14.4914736,132.3589466,Route
125.112,-14.4912682,132.3592562,Route
125.055,-14.4912368,132.3593035,Route
127.729,-14.4907991,132.3599532,Route
127.385,-14.4906625,132.3601404,Route
127.326,-14.4906461,132.3601668,Route
126.907,-14.4905297,132.3603542,Route
126.351,-14.4903754,132.3606,Route
125.943,-14.4901984,132.3608969,Route
126.155,-14.4900875,132.3610667,Route
126.391,-14.4899366,132.3612518,Route
126.31,-14.4898137,132.3613725,Route
126.104,-14.4897468,132.3614382,Route
126.262,-14.4896495,132.3615263,Route
126.842,-14.4893924,132.3617109,Route
128.102,-14.4889869,132.3620211,Route
129.646,-14.4887673,132.3621731,Route
128.808,-14.4885007,132.362311,Route
127.098,-14.488222,132.3624318,Route
129.273,-14.487816,132.3626205,Route
130.138,-14.4874925,132.3627544,Route
129.866,-14.4870205,132.3629497,Route
127.504,-14.4864348,132.3631933,Route
126.0,-14.485978,132.3633421,Route
126.0,-14.4859484,132.3633518,Route
126.931,-14.4856287,132.3634066,Route
129.107,-14.485309,132.3634254,Route
129.439,-14.4850167,132.3634552,Route
129.596,-14.4847304,132.363499,Route
130.594,-14.484514,132.3635679,Route
130.907,-14.4842929,132.3636682,Route
131.293,-14.4840854,132.3638161,Route
131.44,-14.4840445,132.3638453,Route
131.426,-14.4838048,132.3640482,Route
131.363,-14.4837841,132.3640657,Route
131.014,-14.4836633,132.3641629,Route
130.603,-14.4835213,132.364277,Route
130.447,-14.4834675,132.3643203,Route
130.132,-14.4830254,132.3646855,Route
129.151,-14.4826679,132.364958,Route
129.0,-14.4825169,132.3650599,Route
129.619,-14.482382,132.3651508,Route
130.157,-14.4822169,132.3652386,Route
130.419,-14.4821002,132.3652903,Route
130.749,-14.4819517,132.365342,Route
130.974,-14.481682,132.3654111,Route
131.273,-14.4812079,132.3654957,Route
132.72,-14.4808593,132.365527,Route
133.03,-14.4808002,132.3655308,Route
133.854,-14.4805216,132.365549,Route
132.886,-14.4802639,132.3655379,Route
131.611,-14.479976,132.365483,Route
130.749,-14.4796734,132.3653624,Route
130.933,-14.4795786,132.3653161,Route
132.744,-14.4789599,132.3650145,Route
134.489,-14.4784248,132.3647973,Route
132.602,-14.4778327,132.3645568,Route
132.718,-14.4775848,132.3644659,Route
133.269,-14.4770681,132.3642765,Route
134.083,-14.4766435,132.3641516,Route
132.464,-14.4767771,132.3646916,Route
135.48,-14.4769551,132.3654115,Route
134.362,-14.4770167,132.3656604,Route
133.506,-14.4771466,132.3663497,Route
132.822,-14.4772605,132.3668634,Route
132.717,-14.4773007,132.3670448,Route
132.691,-14.4773644,132.3673321,Route
133.241,-14.477567,132.3677989,Route
133.157,-14.4776268,132.3681127,Route
133.436,-14.4777152,132.3687377,Route
134.015,-14.4777735,132.3690166,Route
134.0,-14.4778494,132.3693797,Route
132.061,-14.4780392,132.3702876,Route
132.002,-14.4780568,132.3703719,Route
135.931,-14.4783063,132.3712974,Route
136.566,-14.4783534,132.3715461,Route
136.71,-14.4785585,132.3726304,Route
137.736,-14.4786844,132.3731823,Route
137.735,-14.4786847,132.3731835,Route
137.771,-14.4789961,132.3745481,Route
138.608,-14.4791478,132.3751689,Route
137.562,-14.4793171,132.375862,Route
136.169,-14.479691,132.3775176,Route
138.188,-14.4798813,132.3783608,Route
139.02,-14.4799773,132.3787839,Route
138.982,-14.4800183,132.3789648,Route
138.981,-14.4800187,132.3789668,Route
137.074,-14.4803638,132.3804889,Route
139.108,-14.4805231,132.3811321,Route
137.557,-14.480686,132.3817898,Route
136.016,-14.4807653,132.3822177,Route
135.921,-14.4807991,132.3824001,Route
137.332,-14.4808716,132.3827915,Route
139.447,-14.4809782,132.3831181,Route
139.556,-14.4810222,132.383253,Route
137.0,-14.4811236,132.3838243,Route
137.0,-14.4811281,132.3838436,Route
136.897,-14.4811699,132.3840243,Route
137.009,-14.4813788,132.3849277,Route
137.009,-14.4813794,132.3849304,Route
136.0,-14.4814602,132.3852799,Route
136.0,-14.4815032,132.38547,Route
136.992,-14.4817075,132.3863745,Route
142.118,-14.4819118,132.3872791,Route
141.945,-14.4819527,132.38746,Route
140.049,-14.4820138,132.3877303,Route
139.0,-14.4821124,132.3881845,Route
139.0,-14.4821518,132.3883658,Route
140.662,-14.4823484,132.3892722,Route
140.735,-14.4823552,132.3893034,Route
141.0,-14.4826981,132.3904193,Route
141.664,-14.4830689,132.3920182,Route
143.475,-14.4832655,132.3924717,Route
143.927,-14.4833131,132.3925816,Route
143.998,-14.4833327,132.3926438,Route
143.556,-14.4833884,132.3928204,Route
142.946,-14.4834222,132.3929276,Route
142.381,-14.4834638,132.3930724,Route
141.843,-14.4834778,132.3931792,Route
141.824,-14.4834783,132.393183,Route
141.127,-14.483495,132.3933111,Route
140.926,-14.4836742,132.3936652,Route
140.847,-14.484373,132.3945585,Route
140.0,-14.4845975,132.394837,Route
142.371,-14.4851729,132.3955508,Route
142.426,-14.4853005,132.3957092,Route
141.0,-14.4856038,132.3960104,Route
141.303,-14.4854857,132.3960544,Route
144.409,-14.4846899,132.3962602,Route
144.376,-14.4846758,132.3962636,Route
142.693,-14.4840747,132.3964089,Route
142.279,-14.4837983,132.3964665,Route
142.361,-14.4837132,132.3964893,Route
142.381,-14.4839099,132.3971163,Route
142.498,-14.4840902,132.3976384,Route
142.546,-14.4842763,132.3981338,Route
142.677,-14.4843614,132.3983166,Route
142.735,-14.4843739,132.3983455,Route
142.88,-14.4844173,132.3983963,Route
143.227,-14.4845108,132.3986506,Route
144.726,-14.4852406,132.4005199,Route
147.0,-14.4859103,132.4019897,Route
145.0,-14.4867575,132.4036979,Route
147.11,-14.4873009,132.4046698,Route
147.917,-14.4877283,132.4054074,Route
146.809,-14.4888358,132.4071738,Route
146.282,-14.4899489,132.4087591,Route
146.383,-14.4909398,132.4100631,Route
145.86,-14.4914703,132.4107139,Route
144.942,-14.4915861,132.4108561,Route
144.609,-14.4916593,132.4109449,Route
144.547,-14.4917046,132.4109971,Route
144.503,-14.4917792,132.411084,Route
144.739,-14.4918235,132.4111354,Route
146.169,-14.4919432,132.4112741,Route
146.747,-14.4919916,132.4113302,Route
151.0,-14.4929266,132.412371,Route
151.987,-14.4934154,132.412889,Route
154.717,-14.4943663,132.4138496,Route
156.121,-14.4950899,132.4145398,Route
157.164,-14.4962386,132.4155057,Route
158.471,-14.4973016,132.4164609,Route
158.417,-14.4981978,132.4171708,Route
159.801,-14.49847,132.4173714,Route
160.42,-14.4985616,132.4174387,Route
160.834,-14.4986139,132.4174768,Route
161.441,-14.4987608,132.4175839,Route
161.449,-14.4987637,132.417586,Route
161.651,-14.4989064,132.417693,Route
163.0,-14.504592,132.4219554,Route
164.256,-14.5054595,132.4226087,Route
164.57,-14.5056048,132.4227181,Route
164.479,-14.5057502,132.4228276,Route
164.398,-14.5058411,132.4228961,Route
163.958,-14.506336,132.4232688,Route
164.153,-14.5064814,132.4233783,Route
167.019,-14.5070582,132.4238127,Route
166.519,-14.5071491,132.4238812,Route
166.238,-14.5072035,132.4239221,Route
166.22,-14.5072081,132.4239255,Route
169.425,-14.5089476,132.4252356,Route
174.017,-14.5104727,132.4263842,Route
174.891,-14.5113586,132.4269794,Route
177.275,-14.5119894,132.4273671,Route
176.273,-14.512658,132.4277254,Route
177.249,-14.5128166,132.427808,Route
178.0,-14.5133969,132.4281,Route
180.14,-14.51437,132.4285449,Route
180.854,-14.5152116,132.4288482,Route
181.49,-14.5155318,132.428957,Route
183.693,-14.5160638,132.4291286,Route
183.833,-14.5165214,132.4292529,Route
186.954,-14.5175148,132.4294822,Route
186.219,-14.5178207,132.4295482,Route
185.722,-14.5179968,132.4295862,Route
185.183,-14.5188119,132.429762,Route
182.935,-14.5211673,132.4302628,Route
183.23,-14.5213435,132.4303003,Route
183.75,-14.5215197,132.4303378,Route
184.404,-14.5216958,132.4303753,Route
182.016,-14.5241623,132.4308995,Route
182.849,-14.5243384,132.430937,Route
183.637,-14.5245146,132.4309745,Route
184.214,-14.5246908,132.431012,Route
184.151,-14.5248669,132.4310494,Route
183.571,-14.525048,132.4310879,Route
182.472,-14.5252192,132.4311251,Route
174.855,-14.5289152,132.431929,Route
174.332,-14.5290912,132.4319673,Route
175.671,-14.5319073,132.4325799,Route
175.926,-14.5320833,132.4326182,Route
172.505,-14.5337097,132.4329719,Route
170.037,-14.5344386,132.4331286,Route
169.119,-14.5353212,132.433362,Route
169.302,-14.5354175,132.4333892,Route
169.804,-14.535591,132.4334383,Route
170.525,-14.5357644,132.4334873,Route
171.156,-14.5359015,132.433526,Route
171.309,-14.5359375,132.433538,Route
167.474,-14.5367757,132.4338168,Route
165.159,-14.537762,132.4341809,Route
166.138,-14.539684,132.435058,Route
161.69,-14.541475,132.4360559,Route
161.911,-14.5417081,132.4362254,Route
160.401,-14.5426083,132.4368531,Route
158.773,-14.5434665,132.437451,Route
159.307,-14.5444184,132.4382323,Route
158.68,-14.5449056,132.4386566,Route
157.751,-14.5450498,132.4387811,Route
156.764,-14.545323,132.4390418,Route
156.36,-14.5456832,132.4393842,Route
157.949,-14.5464138,132.440138,Route
156.402,-14.5469781,132.4407591,Route
156.837,-14.5475715,132.4414768,Route
155.1,-14.5479548,132.4419562,Route
155.699,-14.548012,132.4420345,Route
157.507,-14.5485376,132.4427543,Route
155.668,-14.5488479,132.4432025,Route
157.655,-14.5492419,132.4438126,Route
158.839,-14.5495027,132.4442307,Route
158.821,-14.5495551,132.4443193,Route
158.88,-14.5496489,132.4444778,Route
158.792,-14.5496632,132.4445021,Route
158.351,-14.5497407,132.4446376,Route
158.288,-14.5498322,132.4447976,Route
158.268,-14.5498655,132.4448559,Route
159.33,-14.5504638,132.4458568,Route
158.836,-14.5507197,132.4462888,Route
160.998,-14.5509615,132.4467144,Route
158.678,-14.5511382,132.4470218,Route
158.464,-14.5511862,132.4471052,Route
158.45,-14.5512305,132.4471813,Route
160.126,-14.5514195,132.4475056,Route
162.031,-14.5518567,132.4482733,Route
162.0,-14.552523,132.4494139,Route
161.344,-14.5526159,132.449573,Route
160.257,-14.5527089,132.4497321,Route
160.0,-14.5528018,132.4498912,Route
160.105,-14.5528948,132.4500503,Route
160.043,-14.5531737,132.4505275,Route
161.02,-14.5532728,132.4506972,Route
164.765,-14.5536572,132.4513698,Route
163.355,-14.5540331,132.4520119,Route
163.387,-14.5544071,132.4526553,Route
168.105,-14.5547965,132.4533501,Route
169.047,-14.5549226,132.4535607,Route
168.938,-14.5550173,132.4537187,Route
168.114,-14.5551668,132.4539681,Route
165.834,-14.5556016,132.4547016,Route
165.789,-14.5556747,132.4548281,Route
166.083,-14.5559836,132.4553627,Route
167.704,-14.5563521,132.4560061,Route
169.295,-14.5567586,132.4567028,Route
166.496,-14.5569696,132.4570593,Route
165.587,-14.5570634,132.4572179,Route
165.553,-14.557086,132.4572561,Route
166.586,-14.5574237,132.4578456,Route
166.535,-14.5577038,132.4583341,Route
166.355,-14.5579224,132.4587167,Route
168.117,-14.5582221,132.4592453,Route
165.963,-14.5584279,132.4595943,Route
165.061,-14.5586005,132.459888,Route
164.0,-14.5595273,132.4614806,Route
164.0,-14.55962,132.4616399,Route
164.636,-14.5611954,132.4643474,Route
163.726,-14.5612881,132.4645067,Route
163.058,-14.5613808,132.464666,Route
163.469,-14.5616588,132.4651438,Route
166.866,-14.5625855,132.4667365,Route
166.655,-14.5626781,132.4668957,Route
168.17,-14.5631415,132.4676921,Route
179.177,-14.5649949,132.4708775,Route
178.786,-14.5650876,132.4710368,Route
178.279,-14.5653656,132.4715146,Route
179.043,-14.5654583,132.4716739,Route
180.188,-14.5655509,132.4718331,Route
178.695,-14.5662923,132.4731073,Route
178.028,-14.566385,132.4732666,Route
179.818,-14.5672489,132.4747515,Route
176.004,-14.5676354,132.4754196,Route
173.109,-14.5678544,132.475803,Route
169.086,-14.5691547,132.4780295,Route
169.081,-14.5691554,132.4780306,Route
169.0,-14.5694324,132.4785075,Route
166.406,-14.5698216,132.479133,Route
166.399,-14.5698221,132.4791339,Route
165.938,-14.5699135,132.479294,Route
165.938,-14.5699141,132.4792951,Route
166.008,-14.5700093,132.4794502,Route
166.81,-14.5701048,132.4796094,Route
168.098,-14.5706983,132.4806086,Route
168.686,-14.5715578,132.4821668,Route
168.687,-14.5715611,132.4821729,Route
168.559,-14.5716484,132.4823339,Route
168.556,-14.571649,132.4823351,Route
167.766,-14.5717373,132.4824955,Route
167.759,-14.5717379,132.4824966,Route
166.055,-14.5718261,132.482657,Route
172.644,-14.5730542,132.4847705,Route
173.72,-14.5735237,132.4855597,Route
173.942,-14.5739618,132.4863271,Route
174.843,-14.5741345,132.4866231,Route
175.741,-14.5742821,132.4868724,Route
177.818,-14.5747841,132.4877273,Route
181.0,-14.575219,132.4884899,Route
182.037,-14.577073,132.4916859,Route
182.04,-14.5773256,132.4922333,Route
183.305,-14.577693,132.4931125,Route
184.507,-14.5779185,132.4937555,Route
184.638,-14.5780757,132.4942604,Route
183.504,-14.5781932,132.4947159,Route
184.436,-14.5782511,132.4949665,Route
186.065,-14.578331,132.4952935,Route
186.705,-14.578382,132.4955222,Route
187.211,-14.5784224,132.4957033,Route
187.632,-14.5784628,132.4958844,Route
185.765,-14.5789878,132.4982388,Route
185.498,-14.5790282,132.4984199,Route
184.23,-14.5806668,132.5057695,Route
183.522,-14.5807496,132.5061601,Route
183.597,-14.5808745,132.5067087,Route
181.563,-14.5810133,132.5073333,Route
187.337,-14.5829619,132.5162146,Route
187.174,-14.5830017,132.5163959,Route
193.792,-14.5846988,132.5241323,Route
194.0,-14.5862504,132.5312011,Route
194.123,-14.5867675,132.5335573,Route
194.686,-14.5868073,132.5337386,Route
196.339,-14.587092,132.535036,Route
198.517,-14.5873972,132.5362679,Route
198.578,-14.5874418,132.5364479,Route
198.193,-14.587477,132.53659,Route
198.101,-14.5874888,132.5366273,Route
197.284,-14.5876836,132.5372447,Route
196.175,-14.587941,132.537901,Route
197.209,-14.5881975,132.5384974,Route
196.314,-14.588524,132.539141,Route
196.978,-14.588715,132.5394934,Route
198.823,-14.588978,132.5399508,Route
198.031,-14.5898506,132.541412,Route
197.267,-14.589945,132.5415702,Route
196.667,-14.5900395,132.5417284,Route
201.922,-14.5923063,132.5455245,Route
200.043,-14.5933452,132.5472644,Route
200.383,-14.5934397,132.5474225,Route
200.723,-14.5935341,132.5475807,Route
199.241,-14.5955277,132.5509195,Route
199.611,-14.5955729,132.5509958,Route
190.596,-14.600403,132.5590544,Route
190.137,-14.6012553,132.5604765,Route
183.881,-14.6032441,132.5637949,Route
186.343,-14.6045699,132.5660072,Route
186.362,-14.6046646,132.5661652,Route
186.63,-14.6047593,132.5663232,Route
181.861,-14.6057376,132.5679556,Route
181.458,-14.606462,132.5691688,Route
179.639,-14.6065565,132.569327,Route
178.513,-14.6067454,132.5696433,Route
176.0,-14.6093113,132.5739407,Route
175.02,-14.610561,132.5760149,Route
173.686,-14.6113549,132.5773605,Route
173.884,-14.6119747,132.5783896,Route
172.339,-14.6122599,132.578863,Route
172.728,-14.6123549,132.5790208,Route
171.325,-14.6126401,132.5794942,Route
171.099,-14.6127351,132.579652,Route
171.593,-14.6129252,132.5799676,Route
172.416,-14.6134955,132.5809144,Route
170.681,-14.6147105,132.5829318,Route
171.253,-14.6163153,132.5856257,Route
173.921,-14.6165995,132.5860935,Route
172.217,-14.6185699,132.5893699,Route
172.111,-14.619091,132.5902329,Route
172.406,-14.6191862,132.5903906,Route
173.657,-14.6193737,132.5907011,Route
171.195,-14.6217466,132.5946552,Route
170.153,-14.622031,132.5951291,Route
171.342,-14.6223154,132.595603,Route
172.479,-14.6224102,132.595761,Route
171.911,-14.6234869,132.5975553,Route
175.003,-14.6259468,132.6016657,Route
175.142,-14.6260414,132.6018238,Route
174.922,-14.626136,132.6019819,Route
174.873,-14.6262307,132.60214,Route
178.764,-14.6270822,132.6035628,Route
178.164,-14.6271768,132.6037209,Route
183.64,-14.6288797,132.6065666,Route
183.628,-14.6289743,132.6067247,Route
185.398,-14.6311503,132.610361,Route
184.734,-14.631718,132.6113096,Route
185.562,-14.6318126,132.6114677,Route
183.658,-14.6334208,132.6141554,Route
184.311,-14.6335154,132.6143135,Route
180.743,-14.6346507,132.6162107,Route
181.089,-14.6347453,132.6163688,Route
181.361,-14.6349345,132.6166851,Route
180.16,-14.6350291,132.6168432,Route
177.91,-14.6353129,132.6173175,Route
181.88,-14.6357859,132.618108,Route
182.342,-14.6368265,132.6198472,Route
182.103,-14.6369211,132.6200053,Route
185.033,-14.6378671,132.6215864,Route
186.037,-14.6379617,132.6217445,Route
186.847,-14.6380563,132.6219026,Route
186.56,-14.6381442,132.6220496,Route
184.779,-14.6386181,132.6228408,Route
185.966,-14.6391573,132.623734,Route
185.953,-14.6401522,132.6253903,Route
185.894,-14.6408038,132.6264782,Route
185.535,-14.6412762,132.6272631,Route
184.332,-14.6417516,132.6280528,Route
182.946,-14.6423271,132.6290087,Route
182.72,-14.6424221,132.6291666,Route
183.215,-14.6425596,132.629395,Route
186.407,-14.6428907,132.6299665,Route
185.854,-14.6431535,132.6304406,Route
186.071,-14.6434163,132.6308613,Route
192.159,-14.6442214,132.6321687,Route
191.802,-14.6446131,132.6328048,Route
194.473,-14.6448923,132.63327,Route
193.948,-14.6449871,132.6334279,Route
191.656,-14.6450819,132.6335859,Route
190.38,-14.6451767,132.6337439,Route
190.243,-14.6453452,132.6340246,Route
190.981,-14.6463942,132.6358072,Route
189.859,-14.6464877,132.635966,Route
190.457,-14.6469887,132.6368174,Route
190.484,-14.6475263,132.6377091,Route
187.04,-14.6483693,132.6391126,Route
187.617,-14.6489504,132.640075,Route
187.612,-14.6489515,132.6400769,Route
187.354,-14.6490439,132.6402338,Route
187.112,-14.6495449,132.6410843,Route
187.44,-14.6503134,132.6423779,Route
190.013,-14.6508405,132.6432649,Route
190.147,-14.6509225,132.6434046,Route
190.585,-14.6511092,132.6437225,Route
190.347,-14.6512025,132.6438814,Route
190.119,-14.6512958,132.6440404,Route
191.805,-14.6515862,132.6445349,Route
195.979,-14.652764,132.646505,Route
194.264,-14.6554394,132.6509775,Route
194.806,-14.6559292,132.6518091,Route
195.771,-14.656221,132.6523266,Route
194.001,-14.6566683,132.6532667,Route
194.008,-14.6569047,132.6538513,Route
193.157,-14.6571063,132.6544169,Route
192.589,-14.6573424,132.6552207,Route
194.972,-14.6574926,132.6558437,Route
194.956,-14.6575288,132.655994,Route
194.962,-14.6575337,132.6560246,Route
195.94,-14.6576322,132.6566347,Route
193.594,-14.6577925,132.6576274,Route
194.325,-14.6578257,132.6584235,Route
196.557,-14.6578495,132.6590877,Route
194.996,-14.6578342,132.6595683,Route
194.278,-14.657818,132.6600773,Route
194.112,-14.6577573,132.6616006,Route
197.272,-14.6577508,132.6621076,Route
196.873,-14.6577959,132.6627634,Route
199.582,-14.6578504,132.6632412,Route
199.0,-14.65796,132.6638775,Route
196.53,-14.6580858,132.6643666,Route
195.824,-14.658277,132.6649387,Route
198.178,-14.6584583,132.6653878,Route
198.48,-14.6585012,132.6654983,Route
196.544,-14.6587154,132.6659539,Route
194.21,-14.6589294,132.6663305,Route
195.146,-14.6591503,132.6666951,Route
196.236,-14.6592234,132.6667946,Route
197.601,-14.6593336,132.6669445,Route
197.02,-14.6595228,132.6672146,Route
196.541,-14.6598724,132.6676501,Route
196.721,-14.6601137,132.6679134,Route
196.666,-14.6601419,132.6679331,Route
195.736,-14.6603116,132.6680922,Route
194.111,-14.6606169,132.6683729,Route
193.996,-14.6608904,132.668606,Route
194.916,-14.6612226,132.6688655,Route
194.374,-14.6614669,132.6690627,Route
193.992,-14.6616825,132.6692043,Route
193.055,-14.6620507,132.6694293,Route
192.841,-14.6622661,132.6695204,Route
192.726,-14.6624765,132.669617,Route
192.715,-14.6626991,132.6697229,Route
192.836,-14.6631399,132.6699088,Route
193.363,-14.6637378,132.6701104,Route
192.031,-14.6642361,132.6702433,Route
191.993,-14.6648195,132.6703513,Route
192.373,-14.6651183,132.6703884,Route
193.311,-14.6657114,132.6704318,Route
191.52,-14.6662444,132.6704332,Route
190.917,-14.6664387,132.6704275,Route
190.276,-14.6667954,132.6704181,Route
190.261,-14.6668029,132.6704179,Route
191.595,-14.6676656,132.6703813,Route
190.087,-14.668416,132.6703586,Route
190.856,-14.6687531,132.6703411,Route
190.132,-14.6695261,132.6703297,Route
189.875,-14.6701782,132.6703744,Route
190.643,-14.6708575,132.6704805,Route
189.953,-14.6711022,132.6705335,Route
189.507,-14.6712777,132.6705741,Route
189.425,-14.6713311,132.6705892,Route
189.405,-14.6714254,132.6706158,Route
189.432,-14.6714515,132.6706231,Route
189.519,-14.6720459,132.6708081,Route
190.554,-14.672493,132.6709903,Route
190.092,-14.6730609,132.6712615,Route
191.37,-14.6735862,132.6715717,Route
191.005,-14.6737424,132.671664,Route
190.916,-14.6737719,132.6716814,Route
190.838,-14.6741803,132.6719895,Route
190.611,-14.6746141,132.6723169,Route
190.965,-14.6753723,132.6730629,Route
189.66,-14.6760168,132.6738716,Route
190.0,-14.676165,132.6741004,Route
190.072,-14.6765119,132.6746769,Route
190.505,-14.6768141,132.6752911,Route
189.176,-14.6770946,132.676005,Route
191.127,-14.6774601,132.6771892,Route
193.0,-14.6780482,132.6790966,Route
192.881,-14.6780885,132.6792237,Route
192.822,-14.6781051,132.6792746,Route
192.799,-14.6781114,132.679295,Route
191.0,-14.67858,132.6808131,Route
187.256,-14.6792593,132.6829911,Route
187.718,-14.6793124,132.6831687,Route
187.721,-14.6793128,132.68317,Route
187.767,-14.6793189,132.6831904,Route
188.035,-14.6793658,132.6833468,Route
188.415,-14.6800013,132.6853935,Route
187.508,-14.6809018,132.6882818,Route
187.654,-14.6816199,132.6906048,Route
187.651,-14.6816203,132.690606,Route
187.602,-14.6816268,132.6906263,Route
186.321,-14.6817343,132.690958,Route
187.556,-14.6822342,132.6925728,Route
188.039,-14.6826383,132.693878,Route
189.603,-14.6831005,132.6954002,Route
186.758,-14.6842568,132.6990963,Route
191.402,-14.6847874,132.70088,Route
189.908,-14.684903,132.7012336,Route
189.203,-14.6849633,132.7014087,Route
189.253,-14.6849695,132.7014288,Route
191.025,-14.685989,132.7047174,Route
193.909,-14.686868,132.7076112,Route
196.025,-14.6875876,132.7099387,Route
197.065,-14.6877519,132.7104701,Route
197.191,-14.6878067,132.7106472,Route
197.36,-14.6881352,132.7117099,Route
197.308,-14.6882463,132.7120692,Route
196.902,-14.6885223,132.7129484,Route
195.248,-14.6896532,132.7166304,Route
194.0,-14.6897914,132.7170874,Route
194.068,-14.6898451,132.7172649,Route
194.073,-14.6898459,132.7172676,Route
193.465,-14.6902069,132.7184116,Route
192.789,-14.6905833,132.7196069,Route
189.997,-14.6909888,132.7208349,Route
187.436,-14.6912636,132.721676,Route
187.081,-14.6913211,132.7218521,Route
186.709,-14.6913787,132.7220283,Route
185.893,-14.6914363,132.7222045,Route
185.821,-14.6914412,132.7222196,Route
185.986,-14.6914924,132.7223811,Route
185.941,-14.6915483,132.7225578,Route
186.655,-14.6918515,132.7235154,Route
188.913,-14.6924234,132.7252936,Route
192.0,-14.6929123,132.7267918,Route
192.0,-14.6929575,132.7269304,Route
191.974,-14.6929695,132.7269682,Route
191.709,-14.6934756,132.7285577,Route
192.191,-14.6935319,132.7287344,Route
190.831,-14.6941043,132.7306026,Route
183.917,-14.6946284,132.7323467,Route
185.288,-14.6950984,132.7339074,Route
184.908,-14.6951436,132.734058,Route
185.981,-14.695558,132.7354394,Route
183.196,-14.6960911,132.7371677,Route
182.35,-14.6962918,132.737778,Route
182.686,-14.6963497,132.737954,Route
181.42,-14.6965952,132.7387007,Route
182.001,-14.6969414,132.7397596,Route
180.599,-14.6973698,132.7410707,Route
180.662,-14.6974443,132.7413009,Route
180.366,-14.6975014,132.7414772,Route
178.265,-14.6977041,132.7421034,Route
177.473,-14.6979685,132.7429092,Route
178.921,-14.6982765,132.7438614,Route
178.143,-14.698693,132.745119,Route
176.718,-14.6992089,132.7467059,Route
173.538,-14.6993958,132.7472926,Route
172.246,-14.699452,132.7474692,Route
171.841,-14.6994906,132.7475903,Route
171.704,-14.699508,132.7476459,Route
175.396,-14.699941,132.7490269,Route
173.114,-14.7002384,132.7500068,Route
174.0,-14.7004861,132.7508366,Route
174.0,-14.7005391,132.7510143,Route
173.538,-14.7005922,132.751192,Route
172.446,-14.7006453,132.7513696,Route
171.605,-14.7006736,132.7514646,Route
170.057,-14.7011269,132.7529674,Route
170.17,-14.7011776,132.7531356,Route
171.179,-14.7016376,132.7546726,Route
170.023,-14.7020794,132.7561646,Route
169.142,-14.7025997,132.7578879,Route
168.617,-14.7030412,132.7593624,Route
169.216,-14.7030908,132.7595282,Route
169.232,-14.7030945,132.75954,Route
170.608,-14.7034154,132.7605713,Route
169.875,-14.7036879,132.7615141,Route
169.0,-14.7038262,132.761962,Route
170.815,-14.7041589,132.7630924,Route
170.263,-14.7042113,132.7632703,Route
170.0,-14.7042637,132.7634482,Route
170.0,-14.70428,132.7635035,Route
167.307,-14.7046128,132.764637,Route
170.087,-14.7049532,132.7657459,Route
165.624,-14.7052774,132.7667708,Route
165.878,-14.7056686,132.7679722,Route
167.65,-14.706014,132.7690509,Route
163.549,-14.7063704,132.7701436,Route
166.205,-14.7066621,132.7710496,Route
164.879,-14.706978,132.771989,Route
165.041,-14.7071894,132.7726823,Route
167.339,-14.7075275,132.7737052,Route
165.511,-14.7079063,132.7748788,Route
163.101,-14.7081397,132.7755886,Route
161.931,-14.7084835,132.7766602,Route
160.333,-14.7086542,132.7772531,Route
161.977,-14.708698,132.7774053,Route
164.06,-14.7088722,132.7780763,Route
163.99,-14.7088906,132.7781502,Route
163.846,-14.7090266,132.7786962,Route
163.65,-14.709202,132.7795124,Route
162.268,-14.7094832,132.780759,Route
163.841,-14.7097405,132.7818972,Route
162.123,-14.7100035,132.7830865,Route
166.458,-14.7102749,132.7843115,Route
165.381,-14.7103995,132.7848512,Route
165.991,-14.7105455,132.7854832,Route
164.0,-14.7107246,132.7863004,Route
163.315,-14.7107993,132.7866411,Route
164.46,-14.7110806,132.787912,Route
163.912,-14.7113345,132.7890134,Route
162.364,-14.7115872,132.7901415,Route
163.244,-14.7118096,132.7911871,Route
162.463,-14.7121041,132.7924753,Route
161.153,-14.7123519,132.7935598,Route
162.552,-14.7126354,132.7948755,Route
159.787,-14.7128498,132.7957834,Route
158.934,-14.7131223,132.7970209,Route
158.772,-14.7132368,132.7975333,Route
159.57,-14.7132773,132.7977145,Route
161.159,-14.7133582,132.7980769,Route
161.217,-14.7133614,132.7980913,Route
161.792,-14.7133971,132.7982585,Route
163.624,-14.7136392,132.7993909,Route
161.13,-14.7139504,132.800732,Route
160.772,-14.7142301,132.8020217,Route
160.031,-14.7143996,132.8027904,Route
160.059,-14.714402,132.8028014,Route
160.761,-14.7145216,132.8032542,Route
161.156,-14.7147656,132.8040915,Route
162.544,-14.7148764,132.8044415,Route
162.707,-14.7151174,132.8050623,Route
163.24,-14.7153779,132.8056046,Route
164.937,-14.7157888,132.8064064,Route
164.661,-14.7158281,132.8064831,Route
164.206,-14.7158712,132.8065717,Route
162.531,-14.716326,132.807508,Route
162.504,-14.716414,132.8076791,Route
163.216,-14.7165123,132.8078596,Route
163.966,-14.7166761,132.8082057,Route
162.003,-14.7170189,132.8088877,Route
159.051,-14.7174306,132.8097081,Route
159.338,-14.7176839,132.8102081,Route
158.696,-14.7177673,132.8103728,Route
158.338,-14.7178237,132.8104841,Route
159.056,-14.7183124,132.8114592,Route
158.226,-14.7186388,132.8121041,Route
156.836,-14.7189747,132.8127119,Route
158.054,-14.7193855,132.8135553,Route
157.853,-14.7196675,132.8141158,Route
157.9,-14.7199723,132.8147561,Route
156.869,-14.7202578,132.8152943,Route
155.672,-14.7206313,132.8160629,Route
156.003,-14.7212482,132.8172924,Route
157.365,-14.7215253,132.8178492,Route
155.356,-14.7220759,132.8189579,Route
155.133,-14.7221602,132.819119,Route
155.382,-14.7222458,132.8192825,Route
155.609,-14.7223314,132.819446,Route
155.711,-14.7224157,132.8196069,Route
155.716,-14.7224171,132.8196096,Route
156.0,-14.722505,132.8197718,Route
155.64,-14.7226675,132.8200716,Route
156.66,-14.722953,132.8205637,Route
157.001,-14.7233337,132.8211952,Route
160.48,-14.7239289,132.8220959,Route
157.699,-14.7243771,132.82273,Route
157.295,-14.7249891,132.8235372,Route
157.032,-14.7252554,132.8238934,Route
160.186,-14.7256172,132.8243173,Route
161.06,-14.7257362,132.8244567,Route
161.864,-14.7259168,132.8246683,Route
162.924,-14.7266877,132.8255285,Route
162.028,-14.7270076,132.8258673,Route
166.0,-14.7275829,132.8264341,Route
165.028,-14.7279178,132.826753,Route
162.939,-14.7281434,132.8269613,Route
166.082,-14.7290091,132.8277249,Route
166.008,-14.7297199,132.8282929,Route
164.0,-14.7303176,132.8287288,Route
164.0,-14.7304646,132.828836,Route
164.488,-14.7311307,132.8293219,Route
163.021,-14.7322583,132.8300457,Route
158.949,-14.7333836,132.8307333,Route
160.133,-14.7344606,132.8313699,Route
159.899,-14.734605,132.8314551,Route
160.703,-14.7349175,132.8316394,Route
161.265,-14.7350737,132.8317316,Route
161.828,-14.73523,132.8318237,Route
161.856,-14.7352377,132.8318283,Route
161.272,-14.7355417,132.8320093,Route
160.835,-14.7356976,132.8321021,Route
159.462,-14.7361461,132.8323689,Route
157.089,-14.7373412,132.8330989,Route
156.411,-14.7378735,132.8334124,Route
156.382,-14.7380298,132.8335045,Route
157.365,-14.7381861,132.8335965,Route
158.033,-14.7383424,132.8336885,Route
158.639,-14.7385109,132.8337878,Route
159.16,-14.7396542,132.834468,Route
157.069,-14.7408011,132.8351656,Route
157.319,-14.741144,132.8353663,Route
157.648,-14.7413005,132.8354579,Route
157.766,-14.7418673,132.8357897,Route
158.201,-14.742083,132.8359161,Route
158.422,-14.7423263,132.8360587,Route
159.928,-14.7428865,132.8364088,Route
158.0,-14.7434286,132.8367302,Route
159.569,-14.7443333,132.8372646,Route
161.507,-14.7448853,132.8375925,Route
162.984,-14.7451766,132.8377654,Route
163.0,-14.7451972,132.8377778,Route
162.482,-14.7453527,132.8378712,Route
159.105,-14.7460307,132.8382786,Route
162.144,-14.7471282,132.8389289,Route
161.165,-14.7481196,132.8395231,Route
160.52,-14.7487726,132.8399516,Route
157.941,-14.7492653,132.8402942,Route
157.226,-14.7498893,132.8407289,Route
157.0,-14.7500967,132.8408934,Route
157.445,-14.7504013,132.841135,Route
158.486,-14.7506709,132.8413416,Route
160.476,-14.7511867,132.8417367,Route
160.862,-14.7515256,132.8420224,Route
160.314,-14.7516626,132.8421378,Route
160.301,-14.751665,132.8421399,Route
160.01,-14.752401,132.8427806,Route
163.0,-14.7531286,132.8434496,Route
160.761,-14.7536346,132.8439553,Route
161.642,-14.7540803,132.8444025,Route
161.778,-14.7544417,132.8447845,Route
161.698,-14.7544622,132.8448061,Route
161.288,-14.754565,132.8449199,Route
160.799,-14.7546877,132.8450559,Route
160.544,-14.754785,132.8451637,Route
160.526,-14.75481,132.8451923,Route
160.749,-14.7549302,132.8453306,Route
161.551,-14.755153,132.8455868,Route
162.005,-14.7552816,132.8457287,Route
162.372,-14.7556542,132.846174,Route
160.427,-14.7565206,132.8472439,Route
158.272,-14.7574654,132.8485702,Route
156.218,-14.7582536,132.8497887,Route
155.84,-14.7589334,132.8509412,Route
151.926,-14.7599325,132.8528049,Route
151.44,-14.7600184,132.8529642,Route
151.824,-14.760106,132.8531266,Route
153.376,-14.7612449,132.8552381,Route
151.411,-14.7627248,132.8579798,Route
152.98,-14.7638928,132.8601417,Route
151.0,-14.7642282,132.860759,Route
151.657,-14.7644926,132.8612455,Route
152.491,-14.7645807,132.8614076,Route
152.808,-14.7646688,132.8615698,Route
153.903,-14.7649368,132.8620629,Route
154.729,-14.7657925,132.8636539,Route
155.259,-14.7658543,132.8637696,Route
156.39,-14.7662436,132.8644951,Route
156.184,-14.7663309,132.8646578,Route
155.752,-14.7664182,132.8648204,Route
153.275,-14.7686874,132.8690491,Route
151.72,-14.774506,132.8798,Route
151.539,-14.775312,132.881517,Route
150.787,-14.775654,132.8823423,Route
152.783,-14.7758679,132.8829844,Route
150.803,-14.7762674,132.8843778,Route
151.501,-14.7764174,132.8851101,Route
151.196,-14.7764298,132.8851823,Route
149.727,-14.7765908,132.8861183,Route
150.899,-14.7773529,132.8928617,Route
149.64,-14.7776269,132.8953364,Route
154.341,-14.7778724,132.8975541,Route
154.414,-14.7778928,132.8977389,Route
153.635,-14.7779246,132.898026,Route
155.0,-14.7780192,132.8986579,Route
154.457,-14.7780828,132.8990258,Route
153.851,-14.7781163,132.8992198,Route
154.213,-14.7782651,132.8998911,Route
155.0,-14.7785773,132.900987,Route
156.667,-14.7787089,132.9013786,Route
158.387,-14.7789265,132.9020143,Route
158.6,-14.7789444,132.9020555,Route
159.735,-14.7791736,132.9025826,Route
160.5,-14.779417,132.9031395,Route
159.867,-14.7796403,132.903566,Route
160.143,-14.7800279,132.9043066,Route
158.968,-14.7802689,132.9047249,Route
158.967,-14.7804581,132.9050092,Route
157.878,-14.7808663,132.9056225,Route
158.181,-14.7811613,132.9060382,Route
157.227,-14.7813974,132.9063573,Route
155.1,-14.7818461,132.9069015,Route
153.056,-14.7822001,132.9073058,Route
153.0,-14.7822368,132.9073438,Route
152.635,-14.782618,132.9077388,Route
152.412,-14.782745,132.9078704,Route
152.873,-14.7828721,132.9080021,Route
153.081,-14.7829454,132.9080781,Route
153.589,-14.7831181,132.9082396,Route
152.4,-14.7834066,132.9084999,Route
152.095,-14.7835006,132.9085847,Route
152.0,-14.7838606,132.9088945,Route
152.821,-14.784117,132.9091,Route
155.405,-14.7856935,132.9103051,Route
154.503,-14.7858381,132.9104157,Route
154.105,-14.7859827,132.9105263,Route
154.621,-14.7865613,132.9109686,Route
160.155,-14.7901773,132.913733,Route
159.499,-14.7913344,132.9146176,Route
159.664,-14.7914791,132.9147282,Route
161.911,-14.791913,132.9150599,Route
162.917,-14.7922023,132.915281,Route
155.161,-14.7972646,132.9191514,Route
152.0,-14.8054054,132.9253759,Route
154.766,-14.8110461,132.9296891,Route
153.746,-14.813265,132.9313859,Route
154.028,-14.8136421,132.93169,Route
154.126,-14.8137839,132.9318044,Route
154.105,-14.8139258,132.9319188,Route
153.567,-14.8140676,132.9320332,Route
152.952,-14.8143513,132.932262,Route
153.872,-14.815131,132.9328909,Route
151.546,-14.816395,132.934041,Route
149.764,-14.817434,132.935086,Route
149.524,-14.8181776,132.9359171,Route
149.363,-14.818709,132.936511,Route
150.481,-14.8193192,132.9372565,Route
150.474,-14.819364,132.9373147,Route
150.127,-14.8194761,132.9374602,Route
150.0,-14.8195882,132.9376057,Route
150.0,-14.8197003,132.9377513,Route
149.972,-14.820012,132.938156,Route
150.0,-14.8201454,132.9383359,Route
150.0,-14.8202549,132.9384835,Route
149.393,-14.8204746,132.9387797,Route
148.847,-14.821078,132.9397129,Route
147.0,-14.8214745,132.9403247,Route
147.342,-14.8218825,132.9409543,Route
147.0,-14.8220939,132.9413179,Route
147.856,-14.8227318,132.9424939,Route
147.372,-14.822883,132.9427825,Route
145.364,-14.8232321,132.943483,Route
147.05,-14.8235678,132.9442239,Route
148.144,-14.8237016,132.9445192,Route
147.273,-14.8239965,132.945235,Route
146.495,-14.8240699,132.9454181,Route
147.693,-14.8243136,132.9460258,Route
147.675,-14.8246319,132.9469145,Route
151.18,-14.8251383,132.948435,Route
152.348,-14.8253508,132.9490926,Route
151.891,-14.8254078,132.949269,Route
150.98,-14.8254648,132.9494455,Route
150.465,-14.8258721,132.9507057,Route
146.025,-14.826714,132.9533273,Route
143.481,-14.8268906,132.9538569,Route
144.466,-14.8270665,132.9543846,Route
144.204,-14.8271251,132.9545605,Route
144.0,-14.8271838,132.9547364,Route
144.0,-14.8272425,132.9549122,Route
143.838,-14.8272867,132.9550449,Route
143.0,-14.8275904,132.955969,Route
143.086,-14.8280794,132.9574567,Route
142.754,-14.8282564,132.957964,Route
143.115,-14.828458,132.9585107,Route
144.443,-14.8287062,132.9591387,Route
145.428,-14.828893,132.9595634,Route
146.664,-14.8292124,132.9603037,Route
145.049,-14.8293171,132.9605462,Route
145.752,-14.8295411,132.9610422,Route
143.469,-14.8299234,132.9618423,Route
142.672,-14.8300239,132.9620441,Route
142.33,-14.8301502,132.9622807,Route
141.925,-14.8305596,132.9630304,Route
143.315,-14.8307014,132.963275,Route
143.91,-14.8307939,132.9634346,Route
143.447,-14.8311195,132.9639963,Route
145.104,-14.8312644,132.9642273,Route
145.809,-14.8313623,132.9643833,Route
144.5,-14.831662,132.9648612,Route
147.5,-14.8323609,132.9659308,Route
148.473,-14.8329316,132.9667171,Route
148.645,-14.8329881,132.966795,Route
149.452,-14.8331811,132.9670556,Route
150.46,-14.8343167,132.9684605,Route
150.369,-14.8345182,132.9687135,Route
150.904,-14.834649,132.9688623,Route
151.766,-14.8348255,132.9690631,Route
151.55,-14.8356157,132.9699073,Route
152.363,-14.8360664,132.9703822,Route
152.303,-14.8361417,132.9704616,Route
151.944,-14.8361939,132.9705134,Route
148.682,-14.837134,132.971446,Route
148.63,-14.838436,132.972593,Route
148.503,-14.8384715,132.9726217,Route
151.0,-14.8410237,132.9746824,Route
150.462,-14.8411655,132.9747969,Route
149.638,-14.8413073,132.9749114,Route
149.0,-14.8414491,132.9750259,Route
149.0,-14.8415909,132.9751404,Route
150.258,-14.8420162,132.9754838,Route
142.115,-14.852792,132.9841852,Route
142.772,-14.8529338,132.9842997,Route
141.672,-14.854777,132.9857881,Route
141.469,-14.8549188,132.9859026,Route
141.517,-14.8550606,132.9860171,Route
142.791,-14.8588887,132.9891087,Route
143.942,-14.859133,132.989306,Route
144.244,-14.85917,132.9893405,Route
143.0,-14.860155,132.9902579,Route
141.0,-14.8612234,132.9914233,Route
141.0,-14.861224,132.991424,Route
140.865,-14.8614472,132.9917146,Route
140.219,-14.8615591,132.9918603,Route
139.557,-14.8616711,132.992006,Route
139.013,-14.8617291,132.9920815,Route
137.874,-14.8618658,132.9922572,Route
137.231,-14.8620005,132.9924358,Route
136.972,-14.8622776,132.9928371,Route
136.623,-14.8624564,132.9931022,Route
138.162,-14.8626391,132.9933633,Route
139.31,-14.862972,132.993897,Route
137.114,-14.8632429,132.9943676,Route
138.0,-14.8638034,132.995388,Route
136.839,-14.8656108,132.9986637,Route
136.881,-14.8657,132.9988253,Route
137.785,-14.8660567,132.9994717,Route
136.334,-14.8668593,133.0009262,Route
142.788,-14.8685512,133.0039983,Route
143.289,-14.8687229,133.0043099,Route
142.943,-14.8697089,133.0061002,Route
142.624,-14.8697915,133.0062501,Route
142.0,-14.869887,133.0064235,Route
142.0,-14.8699696,133.0065735,Route
142.0,-14.8699734,133.0065804,Route
142.0,-14.8699761,133.0065852,Route
142.998,-14.8713944,133.0091605,Route
143.034,-14.8713982,133.0091674,Route
143.043,-14.8714009,133.0091722,Route
143.34,-14.8714834,133.0093222,Route
144.0,-14.8719025,133.0100833,Route
144.263,-14.8720832,133.0104095,Route
143.188,-14.8725511,133.0112647,Route
144.129,-14.8728343,133.0117683,Route
145.195,-14.8731098,133.0122686,Route
147.021,-14.8736247,133.0131772,Route
147.375,-14.8737325,133.0133505,Route
146.929,-14.8738989,133.0136178,Route
143.261,-14.8742317,133.0141256,Route
145.0,-14.874575,133.014605,Route
145.0,-14.8746654,133.0147181,Route
145.11,-14.8747883,133.014872,Route
144.979,-14.8748953,133.0150059,Route
144.96,-14.8748996,133.015011,Route
144.479,-14.8750133,133.0151447,Route
144.442,-14.8750219,133.0151549,Route
143.97,-14.8751408,133.0152946,Route
144.335,-14.8753659,133.0155594,Route
146.816,-14.8759873,133.0162321,Route
146.354,-14.8764873,133.0167756,Route
144.067,-14.8771776,133.0175259,Route
144.497,-14.8777876,133.0181901,Route
140.0,-14.8783683,133.018824,Route
142.793,-14.8790071,133.019502,Route
140.915,-14.8796006,133.0201326,Route
142.437,-14.8806045,133.0211992,Route
142.467,-14.8806099,133.0212049,Route
142.995,-14.8808255,133.0214339,Route
141.056,-14.8823918,133.0231222,Route
141.48,-14.8831889,133.0239773,Route
141.606,-14.8832239,133.024015,Route
141.638,-14.8832329,133.0240247,Route
142.051,-14.8833484,133.0241493,Route
142.07,-14.8833537,133.024155,Route
142.084,-14.8833574,133.0241591,Route
144.127,-14.8856388,133.0266187,Route
143.271,-14.8868185,133.0278894,Route
144.0,-14.8881259,133.0292968,Route
145.313,-14.8898001,133.0310985,Route
145.48,-14.8907091,133.0320777,Route
146.411,-14.8909493,133.0323364,Route
146.432,-14.8909546,133.0323421,Route
146.446,-14.8909584,133.0323461,Route
143.101,-14.8917106,133.0331566,Route
146.268,-14.8923208,133.033812,Route
144.27,-14.8934439,133.0350183,Route
143.742,-14.8965636,133.0383692,Route
142.776,-14.8966884,133.0385033,Route
142.706,-14.8966974,133.038513,Route
142.0,-14.8968222,133.0386471,Route
142.0,-14.8969379,133.0387714,Route
142.036,-14.897068,133.0389112,Route
144.512,-14.8985578,133.0405114,Route
145.869,-14.8999358,133.0419916,Route
147.857,-14.9014271,133.0436,Route
147.414,-14.9015516,133.0437343,Route
147.395,-14.9015569,133.04374,Route
147.401,-14.9017983,133.0440004,Route
147.885,-14.9019229,133.0441347,Route
142.311,-14.90325,133.0455659,Route
144.0,-14.905048,133.0474962,Route
144.881,-14.90529,133.047756,Route
144.882,-14.9052923,133.0477585,Route
136.074,-14.9087874,133.0515108,Route
136.113,-14.9087927,133.0515165,Route
136.988,-14.9089098,133.0516423,Route
137.005,-14.9089122,133.0516448,Route
134.807,-14.9096071,133.0523909,Route
134.015,-14.9114062,133.0543385,Route
134.87,-14.911898,133.054871,Route
133.618,-14.9129573,133.0560006,Route
136.079,-14.913867,133.0569706,Route
136.684,-14.9144091,133.05756,Route
137.207,-14.9154693,133.0586962,Route
138.544,-14.9155803,133.0588132,Route
137.604,-14.9163519,133.0596381,Route
138.228,-14.91708,133.0604196,Route
136.73,-14.9173932,133.0607558,Route
135.468,-14.9176447,133.0610257,Route
135.078,-14.9197428,133.0632878,Route
134.7,-14.9199455,133.0635074,Route
134.901,-14.9200087,133.0635759,Route
135.362,-14.9200697,133.063642,Route
137.179,-14.9204952,133.0641031,Route
138.09,-14.9213083,133.0649843,Route
137.07,-14.9216941,133.065407,Route
136.321,-14.92179,133.065511,Route
135.091,-14.9225665,133.0663148,Route
133.745,-14.922938,133.0666994,Route
135.379,-14.9235428,133.0673603,Route
136.72,-14.9240922,133.06793,Route
135.924,-14.9246968,133.0685889,Route
137.592,-14.9250469,133.0689687,Route
136.967,-14.9254843,133.0694517,Route
135.73,-14.9258265,133.0697955,Route
134.008,-14.926295,133.0702079,Route
132.945,-14.9264655,133.0703327,Route
135.307,-14.9271026,133.0707563,Route
136.354,-14.9271754,133.0708047,Route
138.588,-14.9275137,133.0709908,Route
139.055,-14.927795,133.0711267,Route
139.176,-14.9279811,133.0712166,Route
138.283,-14.928238,133.0713304,Route
137.906,-14.9285116,133.0714297,Route
137.726,-14.9286707,133.0714858,Route
137.767,-14.92901,133.071602,Route
137.495,-14.9290906,133.0716243,Route
137.518,-14.929394,133.0717084,Route
137.563,-14.9296519,133.0717636,Route
135.944,-14.93042,133.0719009,Route
139.63,-14.9328368,133.0720605,Route
138.651,-14.933815,133.0721352,Route
140.024,-14.9354298,133.0722524,Route
141.659,-14.9375367,133.0724054,Route
140.254,-14.9382747,133.0724606,Route
140.229,-14.938658,133.0724909,Route
141.979,-14.9393972,133.0725413,Route
143.0,-14.9401029,133.0725891,Route
147.029,-14.94197,133.0727187,Route
144.674,-14.943499,133.0728249,Route
142.61,-14.944791,133.0729549,Route
144.022,-14.9451206,133.0730129,Route
145.484,-14.9460789,133.0731814,Route
145.139,-14.9462562,133.0732126,Route
144.797,-14.9463619,133.0732311,Route
144.754,-14.9464335,133.0732437,Route
145.182,-14.9466678,133.0732849,Route
145.477,-14.9467166,133.0732935,Route
154.525,-14.9545904,133.074678,Route
154.731,-14.9546474,133.074688,Route
154.906,-14.9546961,133.0746966,Route
155.0,-14.9547677,133.0747092,Route
154.767,-14.9585972,133.0753826,Route
157.0,-14.9599173,133.0756148,Route
156.522,-14.9612571,133.0758504,Route
159.735,-14.96706,133.0768709,Route
163.823,-14.9748622,133.0782431,Route
163.53,-14.9755715,133.0783678,Route
165.468,-14.9757489,133.078399,Route
168.872,-14.9762808,133.0784926,Route
168.987,-14.9764581,133.0785238,Route
168.135,-14.9766354,133.078555,Route
167.752,-14.97755,133.0787159,Route
164.065,-14.9803038,133.0791845,Route
160.005,-14.981851,133.079446,Route
161.005,-14.9834102,133.0797237,Route
160.806,-14.9849478,133.0800008,Route
155.957,-14.986726,133.0803169,Route
155.574,-14.9869301,133.0803522,Route
152.95,-14.9897364,133.0808374,Route
152.839,-14.9897686,133.080843,Route
152.397,-14.9899138,133.0808681,Route
152.311,-14.989946,133.0808737,Route
152.389,-14.993313,133.0814559,Route
150.884,-14.9948555,133.0817288,Route
150.0,-14.9953092,133.0818073,Route
149.794,-14.995636,133.0818638,Route
148.25,-14.9965506,133.0820246,Route
147.335,-14.996728,133.0820558,Route
145.347,-15.0000971,133.082648,Route
145.008,-15.0002745,133.0826792,Route
142.89,-15.0011021,133.0828247,Route
144.997,-15.0039305,133.0833323,Route
144.567,-15.0061252,133.0837137,Route
143.803,-15.0063026,133.0837445,Route
143.591,-15.00648,133.0837753,Route
146.813,-15.007367,133.0839294,Route
147.513,-15.0075443,133.0839602,Route
147.596,-15.0076106,133.0839717,Route
147.294,-15.0082124,133.0840764,Route
148.536,-15.0089634,133.0842068,Route
149.814,-15.0091408,133.0842376,Route
151.197,-15.0097022,133.0843351,Route
156.69,-15.0116634,133.0846791,Route
158.171,-15.0130422,133.084922,Route
158.759,-15.0132195,133.0849532,Route
159.272,-15.0133968,133.0849845,Route
161.194,-15.0142834,133.0851407,Route
161.157,-15.0144607,133.0851719,Route
161.128,-15.014638,133.0852032,Route
161.931,-15.0151699,133.0852969,Route
161.815,-15.0153524,133.0853291,Route
158.98,-15.0164142,133.085496,Route
158.917,-15.016592,133.0855239,Route
158.922,-15.0166439,133.085532,Route
158.973,-15.0167704,133.0855481,Route
156.152,-15.0182171,133.0857325,Route
157.239,-15.01953,133.0858526,Route
158.231,-15.0198115,133.0858702,Route
157.0,-15.0207092,133.0859263,Route
157.05,-15.0208887,133.0859375,Route
157.106,-15.0212074,133.0859575,Route
157.007,-15.0216075,133.0859675,Route
157.0,-15.0217873,133.085972,Route
157.0,-15.0219671,133.0859765,Route
157.0,-15.0221469,133.085981,Route
161.241,-15.0230843,133.0860044,Route
160.002,-15.024723,133.0859827,Route
161.551,-15.0262817,133.0859081,Route
161.408,-15.0263334,133.0859056,Route
159.199,-15.0271796,133.0858402,Route
160.352,-15.0276072,133.085809,Route
161.103,-15.0285477,133.0857087,Route
161.0,-15.0289366,133.0856664,Route
161.0,-15.0290721,133.0856532,Route
159.767,-15.0294682,133.0856003,Route
159.178,-15.030041,133.0855272,Route
160.449,-15.030397,133.085479,Route
160.132,-15.0317868,133.085233,Route
160.233,-15.0319525,133.0852054,Route
159.317,-15.0335496,133.084887,Route
159.326,-15.0335539,133.084886,Route
160.427,-15.0347811,133.0845948,Route
159.21,-15.0351252,133.0845131,Route
159.618,-15.0356542,133.084372,Route
160.544,-15.0358284,133.0843255,Route
161.206,-15.0362951,133.0842011,Route
161.362,-15.0368683,133.0840273,Route
163.137,-15.037631,133.083796,Route
163.633,-15.0390593,133.0833192,Route
165.668,-15.040741,133.082706,Route
166.465,-15.0409626,133.082615,Route
166.944,-15.0411298,133.0825464,Route
166.197,-15.041297,133.0824778,Route
163.106,-15.0416314,133.0823406,Route
162.749,-15.0417987,133.082272,Route
163.212,-15.0419659,133.0822033,Route
164.245,-15.0421331,133.0821347,Route
164.449,-15.042186,133.082113,Route
167.409,-15.043701,133.081426,Route
165.342,-15.045243,133.080664,Route
168.055,-15.0465118,133.0799656,Route
168.441,-15.0466706,133.0798781,Route
168.456,-15.0468294,133.0797907,Route
167.617,-15.047147,133.0796158,Route
166.91,-15.0473058,133.0795284,Route
165.887,-15.050874,133.077564,Route
165.213,-15.051448,133.0772818,Route
165.87,-15.0516104,133.077202,Route
167.0,-15.0524229,133.0768026,Route
167.61,-15.052658,133.076687,Route
166.465,-15.054477,133.075906,Route
170.81,-15.056053,133.075283,Route
170.677,-15.05738,133.074812,Route
168.142,-15.059405,133.0741779,Route
169.104,-15.060539,133.0738765,Route
166.23,-15.061297,133.073675,Route
166.176,-15.0613634,133.0736601,Route
166.576,-15.0615392,133.0736207,Route
166.952,-15.061715,133.0735813,Route
166.17,-15.0620666,133.0735025,Route
164.27,-15.0626108,133.0733806,Route
160.801,-15.063235,133.0732478,Route
161.872,-15.0641142,133.0730765,Route
161.65,-15.0647654,133.0729583,Route
161.53,-15.064981,133.072925,Route
155.515,-15.0667065,133.0726777,Route
155.634,-15.0674517,133.072588,Route
155.925,-15.067741,133.0725601,Route
154.1,-15.0684626,133.0724907,Route
154.282,-15.068637,133.0724739,Route
154.285,-15.0686417,133.0724736,Route
154.422,-15.0688159,133.0724609,Route
153.688,-15.0690005,133.0724474,Route
154.175,-15.0697963,133.0723895,Route
152.793,-15.0704312,133.0723508,Route
152.836,-15.0704559,133.0723493,Route
153.199,-15.0706109,133.0723455,Route
153.847,-15.0707908,133.0723411,Route
153.0,-15.0717081,133.0723186,Route
152.87,-15.072449,133.0723029,Route
148.333,-15.0736739,133.0723147,Route
148.0,-15.0743518,133.0723322,Route
148.749,-15.0751284,133.0723674,Route
149.671,-15.076465,133.0724529,Route
150.922,-15.0770791,133.0725145,Route
150.919,-15.0770843,133.072515,Route
150.65,-15.0772633,133.072533,Route
149.163,-15.0776162,133.0725684,Route
147.874,-15.0777953,133.0725864,Route
146.586,-15.0779742,133.0726043,Route
145.731,-15.078121,133.072619,Route
145.072,-15.0783367,133.0726481,Route
146.003,-15.0786934,133.0726962,Route
148.372,-15.079946,133.072865,Route
149.435,-15.08161,133.073156,Route
147.633,-15.0829536,133.0734368,Route
149.491,-15.083419,133.0735379,Route
152.367,-15.084826,133.0738919,Route
150.829,-15.0858717,133.0741774,Route
150.066,-15.0860859,133.0742411,Route
150.053,-15.0860909,133.0742426,Route
150.0,-15.0862587,133.0742925,Route
150.0,-15.0862637,133.074294,Route
150.098,-15.0864316,133.0743439,Route
150.111,-15.0864366,133.0743454,Route
150.158,-15.086455,133.0743509,Route
150.645,-15.0866036,133.0743985,Route
150.664,-15.0866085,133.0744001,Route
146.515,-15.088223,133.0749179,Route
146.069,-15.0896937,133.0753693,Route
142.77,-15.0907437,133.0756627,Route
142.728,-15.0907487,133.0756641,Route
142.181,-15.0909224,133.0757126,Route
142.313,-15.090974,133.075727,Route
142.664,-15.0910926,133.0757531,Route
142.68,-15.0910976,133.0757542,Route
143.525,-15.0912736,133.075793,Route
144.129,-15.0916203,133.0758693,Route
142.143,-15.092858,133.0761419,Route
142.638,-15.093207,133.0761997,Route
141.8,-15.0935623,133.0762585,Route
141.114,-15.094362,133.0763909,Route
143.579,-15.0953432,133.0765171,Route
140.67,-15.095793,133.0765749,Route
139.765,-15.0971564,133.0766993,Route
140.59,-15.0983821,133.0767592,Route
137.668,-15.098984,133.076774,Route
142.511,-15.1003158,133.0767646,Route
140.946,-15.100762,133.076753,Route
139.631,-15.1014526,133.076721,Route
139.839,-15.1018878,133.0767009,Route
138.387,-15.1026698,133.0766661,Route
138.207,-15.1037836,133.0766188,Route
137.246,-15.1039319,133.0766125,Route
136.835,-15.1039633,133.076611,Route
136.768,-15.1039685,133.0766108,Route
134.531,-15.104143,133.0766029,Route
134.0,-15.1045076,133.0765862,Route
134.0,-15.104682,133.0765782,Route
134.0,-15.1046872,133.076578,Route
134.543,-15.1051509,133.0765569,Route
135.0,-15.105406,133.0765445,Route
134.274,-15.1066383,133.0764845,Route
138.601,-15.1089997,133.0763616,Route
140.862,-15.1107446,133.0762686,Route
141.113,-15.1134567,133.0761329,Route
142.827,-15.114832,133.076063,Route
145.049,-15.1163599,133.0760024,Route
145.946,-15.116747,133.075987,Route
142.729,-15.1178914,133.0759838,Route
143.432,-15.1186458,133.0759975,Route
142.424,-15.1198165,133.0760422,Route
141.159,-15.1205147,133.0760887,Route
142.166,-15.1208874,133.0761178,Route
141.56,-15.121594,133.0761793,Route
142.403,-15.122898,133.0763085,Route
141.179,-15.1239327,133.0764479,Route
141.639,-15.1248614,133.0765889,Route
141.0,-15.1254455,133.076678,Route
143.493,-15.1263483,133.0768442,Route
141.033,-15.1271408,133.0769986,Route
143.319,-15.1278458,133.0771594,Route
142.532,-15.1288406,133.0773926,Route
141.068,-15.1294255,133.0775486,Route
141.973,-15.1302081,133.0777676,Route
142.091,-15.1304072,133.0778253,Route
141.95,-15.13125,133.0780695,Route
144.754,-15.1323232,133.0783996,Route
146.635,-15.1332694,133.0787249,Route
145.689,-15.1335016,133.0788089,Route
144.497,-15.1336714,133.0788703,Route
142.333,-15.1338731,133.0789432,Route
146.443,-15.1344169,133.0791418,Route
148.948,-15.134851,133.0793099,Route
150.253,-15.1354618,133.0795507,Route
146.487,-15.136408,133.0799549,Route
144.878,-15.1370179,133.0802338,Route
146.667,-15.1375114,133.0804596,Route
147.465,-15.137676,133.0805349,Route
148.958,-15.1379427,133.0806568,Route
149.285,-15.1380051,133.0806853,Route
149.887,-15.1384988,133.0809109,Route
151.464,-15.1390393,133.0811579,Route
151.694,-15.1404212,133.0817984,Route
151.975,-15.1404702,133.0818211,Route
152.66,-15.1406344,133.0818972,Route
152.291,-15.1421719,133.0826099,Route
156.39,-15.142795,133.0828934,Route
155.289,-15.1432206,133.0830881,Route
154.117,-15.143524,133.08323,Route
154.027,-15.1445804,133.0836822,Route
156.092,-15.1451157,133.0839052,Route
157.0,-15.1456208,133.0841156,Route
160.837,-15.146287,133.0843836,Route
162.207,-15.1464546,133.084451,Route
162.35,-15.1466223,133.0845185,Route
161.79,-15.1467511,133.0845703,Route
162.282,-15.1479212,133.0850199,Route
164.409,-15.1483641,133.0851957,Route
164.292,-15.1495957,133.0856368,Route
166.843,-15.1502399,133.0858661,Route
168.664,-15.1509577,133.0861088,Route
167.032,-15.1513716,133.0862521,Route
167.552,-15.1515422,133.0863111,Route
167.693,-15.1515813,133.0863246,Route
168.024,-15.1517131,133.0863692,Route
168.03,-15.1518841,133.086427,Route
168.521,-15.1520551,133.0864849,Route
168.75,-15.1522452,133.0865492,Route
167.997,-15.152906,133.0867745,Route
167.627,-15.153596,133.0869977,Route
171.393,-15.1545555,133.0873181,Route
168.395,-15.1589024,133.0887715,Route
167.696,-15.1590736,133.0888287,Route
166.459,-15.1592448,133.0888859,Route
165.518,-15.1655781,133.0910036,Route
166.45,-15.1657493,133.0910608,Route
162.617,-15.1686592,133.0920338,Route
162.516,-15.1688303,133.092091,Route
166.534,-15.1698574,133.0924345,Route
164.825,-15.1700285,133.0924917,Route
163.562,-15.1701997,133.0925489,Route
167.509,-15.17325,133.0935689,Route
168.072,-15.1758264,133.0944295,Route
169.95,-15.1775002,133.0949858,Route
174.148,-15.1807379,133.0960701,Route
169.21,-15.1817148,133.096395,Route
173.817,-15.1846249,133.0973673,Route
173.199,-15.1878774,133.0984541,Route
167.18,-15.1901028,133.0991976,Route
168.964,-15.190274,133.0992548,Route
169.287,-15.1904452,133.099312,Route
172.877,-15.1926706,133.1000556,Route
172.363,-15.1928418,133.1001128,Route
170.0,-15.1947248,133.100742,Route
170.0,-15.194896,133.1007992,Route
170.398,-15.195799,133.101101,Route
168.21,-15.1967793,133.1014276,Route
166.975,-15.1971217,133.1015417,Route
166.692,-15.197293,133.1015988,Route
167.747,-15.1974642,133.1016559,Route
168.569,-15.1976354,133.1017129,Route
169.333,-15.1978066,133.10177,Route
172.073,-15.2015737,133.1030252,Route
171.175,-15.2017449,133.1030823,Route
169.57,-15.2019161,133.1031394,Route
169.76,-15.2020873,133.1031965,Route
169.66,-15.204442,133.103981,Route
165.846,-15.2065394,133.1046795,Route
167.606,-15.2092793,133.105592,Route
166.984,-15.2094505,133.105649,Route
166.428,-15.2096217,133.105706,Route
165.998,-15.209793,133.105763,Route
167.6,-15.2104779,133.1059911,Route
169.927,-15.2108204,133.1061052,Route
169.531,-15.2111629,133.1062193,Route
170.0,-15.2125328,133.1066755,Route
169.373,-15.2130465,133.1068466,Route
171.508,-15.2144164,133.1073028,Route
170.832,-15.2149301,133.1074739,Route
167.155,-15.2180124,133.1085005,Route
167.372,-15.2181837,133.1085575,Route
168.446,-15.2186974,133.1087286,Route
172.545,-15.2260606,133.1111812,Route
174.36,-15.226403,133.1112953,Route
175.316,-15.2265743,133.1113523,Route
178.463,-15.231016,133.1128319,Route
179.007,-15.232478,133.11331,Route
180.54,-15.2327811,133.113398,Route
181.921,-15.233914,133.1137256,Route
181.229,-15.2339482,133.1137343,Route
184.228,-15.2352174,133.1140565,Route
180.568,-15.2355244,133.1141345,Route
178.401,-15.236332,133.1143068,Route
180.687,-15.2371352,133.1144809,Route
180.323,-15.2390751,133.1148186,Route
176.567,-15.2431176,133.1155228,Route
176.038,-15.2433321,133.1155602,Route
173.885,-15.2463104,133.1160791,Route
173.908,-15.2463475,133.1160856,Route
173.285,-15.2464877,133.11611,Route
173.011,-15.2465249,133.1161165,Route
171.983,-15.2467023,133.1161474,Route
171.862,-15.2468425,133.1161718,Route
170.826,-15.2477294,133.1163263,Route
170.959,-15.2477665,133.1163328,Route
171.231,-15.2482615,133.116419,Route
171.109,-15.2482986,133.1164255,Route
170.657,-15.2486163,133.1164808,Route
167.239,-15.2523411,133.1171298,Route
167.129,-15.2523783,133.1171363,Route
166.779,-15.2525185,133.1171607,Route
166.802,-15.2525557,133.1171672,Route
167.982,-15.2530506,133.1172534,Route
166.354,-15.2546467,133.1175315,Route
167.129,-15.2550359,133.1176161,Route
167.763,-15.255212,133.1176544,Route
169.202,-15.2555676,133.1177317,Route
168.028,-15.256923,133.1180849,Route
170.566,-15.2574132,133.1182127,Route
170.114,-15.2576188,133.1182744,Route
169.026,-15.2577915,133.1183262,Route
169.0,-15.2578277,133.1183371,Route
169.0,-15.2579643,133.1183781,Route
169.554,-15.258346,133.1184927,Route
169.546,-15.2583732,133.1185009,Route
169.592,-15.2584816,133.1185372,Route
167.748,-15.2593231,133.1188189,Route
167.767,-15.2593372,133.1188241,Route
168.378,-15.259542,133.1189003,Route
169.054,-15.2603746,133.1192097,Route
172.815,-15.2614146,133.1196267,Route
170.964,-15.2617265,133.1197633,Route
171.811,-15.2624283,133.1200706,Route
170.989,-15.2634243,133.1205526,Route
171.375,-15.2635291,133.1206077,Route
171.879,-15.2636558,133.1206744,Route
171.988,-15.2636894,133.1206921,Route
172.121,-15.2638162,133.1207588,Route
172.083,-15.2638498,133.1207765,Route
171.0,-15.2647808,133.1212663,Route
171.897,-15.2667157,133.1223373,Route
173.316,-15.2687451,133.1234606,Route
172.986,-15.2687783,133.123479,Route
171.946,-15.2689038,133.1235484,Route
171.827,-15.268937,133.1235668,Route
173.53,-15.2736635,133.1261832,Route
173.286,-15.2738222,133.126271,Route
173.281,-15.2738555,133.1262894,Route
173.404,-15.2739809,133.1263588,Route
173.474,-15.2740141,133.1263772,Route
175.42,-15.276394,133.1276946,Route
176.371,-15.2765195,133.127764,Route
176.623,-15.2765527,133.1277824,Route
179.599,-15.2792223,133.1292603,Route
178.0,-15.2799282,133.1296492,Route
178.993,-15.281555,133.1305549,Route
179.686,-15.2824299,133.1310435,Route
178.046,-15.2830261,133.131376,Route
178.736,-15.2831846,133.1314643,Route
179.658,-15.2833429,133.1315526,Route
182.303,-15.2838814,133.1318529,Route
183.819,-15.2846107,133.1322581,Route
182.356,-15.2857245,133.1328768,Route
184.769,-15.2870039,133.1335881,Route
182.12,-15.2881775,133.1342426,Route
182.31,-15.2882557,133.1342863,Route
181.135,-15.2887307,133.1345517,Route
181.296,-15.288889,133.1346402,Route
183.065,-15.289627,133.1350526,Route
183.579,-15.2904652,133.1355135,Route
181.632,-15.2908124,133.1357001,Route
182.56,-15.2920636,133.1363941,Route
182.0,-15.2922222,133.1364821,Route
182.372,-15.2937426,133.1373255,Route
184.0,-15.2952351,133.138154,Route
183.302,-15.2953937,133.1382421,Route
182.964,-15.2954408,133.1382682,Route
182.035,-15.2955524,133.1383298,Route
181.743,-15.2957112,133.1384175,Route
181.143,-15.29714,133.1392063,Route
181.118,-15.2974575,133.1393816,Route
180.811,-15.2976163,133.1394692,Route
180.901,-15.2978137,133.1395782,Route
181.515,-15.2986901,133.1400641,Route
178.493,-15.3003013,133.1409595,Route
181.466,-15.3009887,133.1413394,Route
182.0,-15.3011074,133.1414002,Route
183.797,-15.3015182,133.1416103,Route
181.275,-15.3018792,133.1417861,Route
177.644,-15.3022729,133.1419576,Route
176.603,-15.3026496,133.142112,Route
177.815,-15.3030948,133.1422822,Route
178.733,-15.3035854,133.1424467,Route
179.012,-15.30416,133.1426398,Route
178.065,-15.3044264,133.1427266,Route
173.96,-15.3053805,133.1430404,Route
175.128,-15.3063771,133.1433704,Route
175.67,-15.3072021,133.1436417,Route
175.776,-15.3073736,133.1436981,Route
176.051,-15.307545,133.1437545,Route
176.122,-15.3077165,133.1438109,Route
176.184,-15.3077904,133.1438352,Route
176.047,-15.3078879,133.1438674,Route
175.973,-15.3080593,133.143924,Route
175.369,-15.3092589,133.1443202,Route
175.267,-15.3093276,133.1443429,Route
176.527,-15.309991,133.1445629,Route
176.375,-15.3109991,133.1448957,Route
176.819,-15.3119947,133.1452223,Route
176.072,-15.3133782,133.1456796,Route
173.285,-15.3144439,133.1460318,Route
174.897,-15.3150205,133.1462225,Route
175.355,-15.3162456,133.1466234,Route
175.989,-15.3172399,133.146952,Route
176.127,-15.3181393,133.1472494,Route
174.586,-15.3193714,133.1476561,Route
174.318,-15.3195428,133.1477126,Route
176.299,-15.3202284,133.1479388,Route
177.413,-15.3203998,133.1479954,Route
177.838,-15.3204943,133.1480266,Route
178.015,-15.3205712,133.1480517,Route
178.676,-15.3223123,133.1486199,Route
180.485,-15.3236588,133.1490616,Route
180.826,-15.3238303,133.1491179,Route
180.984,-15.3241724,133.1492301,Route
179.03,-15.3255197,133.149678,Route
177.0,-15.3266787,133.1500617,Route
179.047,-15.3275699,133.1503607,Route
178.223,-15.3283993,133.1506368,Route
177.49,-15.3287983,133.1507657,Route
177.229,-15.328867,133.1507879,Route
177.043,-15.32897,133.1508214,Route
176.943,-15.3294583,133.1509802,Route
176.595,-15.3301,133.1511938,Route
175.938,-15.3306463,133.1513718,Route
175.271,-15.331198,133.151557,Route
175.256,-15.3312048,133.1515593,Route
175.014,-15.3313699,133.1516117,Route
174.634,-15.3314841,133.1516479,Route
176.792,-15.3319747,133.1518117,Route
178.663,-15.3323157,133.1519248,Route
175.115,-15.3328636,133.1521044,Route
175.118,-15.3336433,133.1523591,Route
173.869,-15.334317,133.1525854,Route
172.174,-15.3349696,133.1527979,Route
172.273,-15.3351412,133.1528537,Route
172.38,-15.3352322,133.1528833,Route
172.477,-15.3353126,133.1529103,Route
172.684,-15.3354838,133.1529677,Route
173.691,-15.3357469,133.1530559,Route
172.11,-15.3366834,133.1533639,Route
172.313,-15.3368549,133.1534203,Route
174.357,-15.3373692,133.1535896,Route
176.931,-15.3414837,133.1549437,Route
176.042,-15.3416551,133.1550001,Route
176.813,-15.3494927,133.1575798,Route
178.096,-15.3563503,133.1598364,Route
176.348,-15.3566932,133.1599492,Route
175.986,-15.3568646,133.1600056,Route
175.117,-15.3570361,133.160062,Route
177.006,-15.3616649,133.1615852,Route
176.389,-15.3618364,133.1616416,Route
176.428,-15.3620078,133.161698,Route
177.21,-15.3621793,133.1617544,Route
180.469,-15.3639961,133.1623524,Route
180.742,-15.3673229,133.1634456,Route
176.169,-15.3690375,133.1640091,Route
173.337,-15.3750386,133.1659813,Route
172.593,-15.3752101,133.1660377,Route
172.979,-15.3813827,133.1680664,Route
171.866,-15.3820685,133.1682918,Route
172.054,-15.38224,133.1683482,Route
172.256,-15.3824114,133.1684045,Route
173.527,-15.384126,133.1689681,Route
173.512,-15.3842975,133.1690245,Route
175.613,-15.3884125,133.170377,Route
175.21,-15.3892698,133.1706588,Route
176.0,-15.3896127,133.1707715,Route
175.777,-15.3897842,133.1708279,Route
175.159,-15.3899557,133.1708842,Route
174.589,-15.3902986,133.170997,Route
174.792,-15.39047,133.1710533,Route
174.962,-15.3932134,133.1719551,Route
176.726,-15.4013997,133.1746462,Route
176.894,-15.4015347,133.1746929,Route
177.386,-15.4020059,133.17486,Route
175.184,-15.4026485,133.1750839,Route
176.688,-15.4035495,133.1753853,Route
174.78,-15.4043601,133.1756671,Route
178.992,-15.4051572,133.1759445,Route
176.726,-15.4058361,133.1761776,Route
180.517,-15.4067238,133.1764852,Route
178.434,-15.4075403,133.1767604,Route
179.993,-15.4082477,133.1770086,Route
180.185,-15.4082938,133.1770237,Route
178.913,-15.408913,133.1772269,Route
178.402,-15.4090551,133.1772691,Route
177.913,-15.4092035,133.1773173,Route
177.936,-15.4096162,133.1774533,Route
179.0,-15.4100726,133.1776045,Route
179.997,-15.4106137,133.1777823,Route
178.004,-15.4112476,133.1779901,Route
179.176,-15.4140557,133.1789174,Route
177.483,-15.4148565,133.1791779,Route
177.761,-15.4149335,133.1792029,Route
178.321,-15.4152031,133.1792886,Route
178.984,-15.4159572,133.1795406,Route
177.866,-15.416547,133.1797312,Route
178.0,-15.4170633,133.1799025,Route
177.574,-15.4173426,133.1799955,Route
176.555,-15.4177444,133.1801237,Route
177.813,-15.418317,133.1803156,Route
179.188,-15.4187533,133.1804622,Route
180.275,-15.4189717,133.1805337,Route
180.754,-15.419216,133.1806137,Route
179.454,-15.4195609,133.1807247,Route
178.213,-15.420105,133.1808763,Route
179.098,-15.4205499,133.1809858,Route
178.238,-15.4211759,133.1811163,Route
180.561,-15.4217885,133.1812427,Route
179.188,-15.4222271,133.1813317,Route
179.747,-15.4232009,133.1815326,Route
180.007,-15.4238034,133.181664,Route
180.15,-15.4243087,133.1817648,Route
178.57,-15.4247602,133.1818594,Route
176.548,-15.4252028,133.1819467,Route
176.091,-15.4253718,133.1819826,Route
176.091,-15.4253829,133.181985,Route
176.006,-15.4255488,133.1820155,Route
176.002,-15.4255537,133.1820164,Route
177.52,-15.4257667,133.1820615,Route
179.576,-15.4263348,133.1821826,Route
177.356,-15.4270695,133.1823322,Route
181.942,-15.4278011,133.1824824,Route
181.0,-15.4287957,133.1826887,Route
180.847,-15.429595,133.1828563,Route
183.144,-15.4310059,133.1831452,Route
183.3,-15.4317446,133.1833026,Route
182.197,-15.4325357,133.1834629,Route
182.595,-15.4326119,133.1834788,Route
183.347,-15.4327803,133.1835139,Route
183.331,-15.4327883,133.1835156,Route
183.759,-15.4332764,133.1836174,Route
182.43,-15.4339519,133.1837576,Route
183.0,-15.4345492,133.1838828,Route
184.078,-15.4353323,133.1840413,Route
183.0,-15.4361293,133.1842235,Route
183.0,-15.436452,133.1842765,Route
181.0,-15.4374017,133.1844738,Route
181.189,-15.4375524,133.1845038,Route
183.0,-15.438109,133.1846159,Route
179.383,-15.4389535,133.1847916,Route
179.376,-15.4389643,133.1847939,Route
179.0,-15.4428925,133.1856088,Route
182.827,-15.4438407,133.1858059,Route
178.613,-15.4458459,133.1862211,Route
181.636,-15.4472715,133.1865167,Route
183.257,-15.4497276,133.1870266,Route
182.218,-15.4498886,133.1870601,Route
182.119,-15.4499041,133.1870634,Route
181.654,-15.4500649,133.1870969,Route
181.958,-15.4502412,133.1871336,Route
181.98,-15.450714,133.187232,Route
181.94,-15.4507703,133.1872438,Route
179.003,-15.4516684,133.187432,Route
181.202,-15.4522293,133.1875503,Route
183.638,-15.4541963,133.1879549,Route
184.067,-15.4575198,133.188647,Route
186.82,-15.4594194,133.1890408,Route
188.572,-15.4612247,133.1894157,Route
187.0,-15.4622199,133.1896261,Route
186.25,-15.4624306,133.1896699,Route
186.364,-15.462607,133.189707,Route
187.019,-15.4627834,133.1897431,Route
187.468,-15.4629387,133.1897755,Route
187.821,-15.463115,133.1898122,Route
187.852,-15.4631363,133.1898167,Route
186.832,-15.4642369,133.1900466,Route
184.3,-15.4654877,133.190308,Route
184.379,-15.4656059,133.1903326,Route
185.047,-15.46576,133.1903641,Route
185.144,-15.4657824,133.1903686,Route
187.317,-15.4671161,133.1906437,Route
184.827,-15.4688168,133.1909956,Route
186.198,-15.4699172,133.1912216,Route
185.95,-15.4726646,133.1917936,Route
185.05,-15.4728411,133.19183,Route
183.538,-15.473051,133.1918737,Route
183.646,-15.4731939,133.1919035,Route
185.0,-15.4736974,133.1920077,Route
185.0,-15.4738738,133.1920442,Route
183.85,-15.4740501,133.1920807,Route
183.639,-15.474076,133.1920861,Route
182.755,-15.4742265,133.1921173,Route
186.588,-15.475522,133.1923855,Route
184.272,-15.4766107,133.1926131,Route
184.54,-15.4784111,133.1929805,Route
184.0,-15.4806699,133.1934495,Route
184.801,-15.4824077,133.193806,Route
186.577,-15.4837713,133.1940904,Route
187.359,-15.485001,133.1943448,Route
187.519,-15.4858212,133.1945198,Route
189.896,-15.4866096,133.1946858,Route
186.781,-15.4874446,133.1948548,Route
186.819,-15.4880465,133.194979,Route
188.443,-15.4887415,133.195123,Route
186.947,-15.489459,133.1952731,Route
186.011,-15.4901041,133.1954064,Route
187.824,-15.4903634,133.1954584,Route
188.383,-15.4904458,133.1954777,Route
187.481,-15.4912013,133.1956355,Route
190.163,-15.4937139,133.1961565,Route
188.988,-15.4960907,133.1966437,Route
188.124,-15.4963935,133.1967058,Route
195.0,-15.4988633,133.197228,Route
196.496,-15.500146,133.1974919,Route
196.412,-15.5006753,133.1976008,Route
195.474,-15.5008517,133.1976371,Route
193.238,-15.5017027,133.1978122,Route
198.055,-15.5073172,133.1989915,Route
195.15,-15.512666,133.2001034,Route
192.762,-15.5195768,133.2015401,Route
191.415,-15.5246561,133.2025923,Route
191.0,-15.5273476,133.2031498,Route
189.907,-15.5300541,133.2037105,Route
186.956,-15.5334738,133.2044195,Route
189.731,-15.5341468,133.20456,Route
187.244,-15.5360799,133.2049634,Route
188.812,-15.5382134,133.2053987,Route
187.967,-15.5389038,133.2055495,Route
187.15,-15.539326,133.2056283,Route
189.819,-15.5398508,133.2057396,Route
189.79,-15.5405986,133.2059022,Route
189.547,-15.5411992,133.2060352,Route
189.451,-15.5412682,133.2060485,Route
188.831,-15.5426017,133.2062603,Route
188.725,-15.5428056,133.2062941,Route
188.184,-15.5435599,133.206419,Route
188.011,-15.5436307,133.2064338,Route
189.243,-15.5444423,133.2065993,Route
190.206,-15.5458675,133.2068871,Route
189.815,-15.5463917,133.2069906,Route
187.827,-15.5469781,133.2071194,Route
190.0,-15.5472941,133.2071863,Route
190.057,-15.5478869,133.2073119,Route
189.95,-15.5479703,133.2073278,Route
188.403,-15.5484217,133.2074137,Route
184.647,-15.549194,133.2075783,Route
184.13,-15.5493817,133.2076181,Route
184.048,-15.5497414,133.2076945,Route
185.316,-15.5502811,133.207806,Route
186.812,-15.5509013,133.2079289,Route
186.188,-15.5516023,133.2080815,Route
186.04,-15.5516517,133.2080919,Route
187.497,-15.5524152,133.2082519,Route
188.02,-15.5527837,133.2083306,Route
187.429,-15.5532143,133.2084218,Route
186.098,-15.555527,133.2089013,Route
187.794,-15.5588316,133.2095926,Route
186.873,-15.5598874,133.2098147,Route
185.467,-15.5608683,133.2100584,Route
185.434,-15.5612183,133.2101573,Route
185.621,-15.5615491,133.2102488,Route
187.364,-15.5624568,133.2105343,Route
184.919,-15.5628004,133.2106462,Route
184.883,-15.563301,133.2108332,Route
187.701,-15.5637851,133.211028,Route
186.396,-15.5645331,133.2113339,Route
187.543,-15.5654948,133.2117821,Route
187.489,-15.5656157,133.2118402,Route
190.003,-15.5664887,133.2122725,Route
191.724,-15.5686993,133.2133695,Route
191.638,-15.5687364,133.2133879,Route
190.509,-15.5690893,133.213563,Route
187.374,-15.5698067,133.2139235,Route
189.938,-15.5708415,133.2144436,Route
187.51,-15.5711631,133.2146118,Route
188.638,-15.5718402,133.2149381,Route
188.955,-15.572066,133.2150545,Route
189.067,-15.5723613,133.2151977,Route
189.062,-15.5724041,133.2152192,Route
189.258,-15.5725867,133.2153125,Route
189.216,-15.572725,133.2153832,Route
189.122,-15.5729145,133.2154869,Route
189.098,-15.5730998,133.2156167,Route
188.053,-15.5737788,133.2159284,Route
185.313,-15.5745761,133.2163298,Route
184.014,-15.5753017,133.2166898,Route
186.5,-15.5757545,133.2169144,Route
186.537,-15.5762913,133.2171835,Route
180.463,-15.5779931,133.2180387,Route
183.414,-15.5784933,133.2182885,Route
182.142,-15.5789603,133.218523,Route
185.859,-15.5797613,133.2189221,Route
183.0,-15.5806955,133.2193877,Route
182.964,-15.5820961,133.2200917,Route
184.465,-15.5826897,133.2203864,Route
186.722,-15.5832339,133.2206568,Route
186.213,-15.5838198,133.2209521,Route
187.355,-15.5867145,133.222402,Route
187.448,-15.5867358,133.2224125,Route
187.967,-15.5868964,133.2224922,Route
188.103,-15.5872209,133.2226529,Route
186.858,-15.5875454,133.2228137,Route
186.184,-15.59067,133.2243616,Route
182.181,-15.5918133,133.2249233,Route
181.465,-15.5927387,133.2253825,Route
181.284,-15.5928673,133.2254463,Route
181.223,-15.5929009,133.2254629,Route
183.602,-15.5935503,133.2257836,Route
183.742,-15.5937136,133.2258642,Route
183.734,-15.5937179,133.2258663,Route
183.44,-15.5938802,133.2259469,Route
181.87,-15.5947278,133.2263678,Route
183.405,-15.5957374,133.226865,Route
182.612,-15.5964717,133.2272283,Route
183.262,-15.5965547,133.2272694,Route
186.33,-15.5976163,133.2277952,Route
184.438,-15.5995087,133.2287329,Route
185.774,-15.6002018,133.2290804,Route
186.0,-15.6006647,133.2293124,Route
186.0,-15.6006875,133.2293237,Route
186.021,-15.6020753,133.2300108,Route
184.466,-15.6029262,133.2304356,Route
182.814,-15.603566,133.2307718,Route
183.797,-15.6040758,133.2310765,Route
183.849,-15.6041828,133.2311404,Route
183.686,-15.6042201,133.2311659,Route
183.652,-15.6042299,133.2311726,Route
183.532,-15.60437,133.2312689,Route
183.955,-15.60452,133.2313718,Route
184.442,-15.6046342,133.2314503,Route
185.771,-15.605139,133.2318174,Route
184.417,-15.605896,133.2324526,Route
181.929,-15.6064193,133.2329588,Route
177.209,-15.6072536,133.233788,Route
176.58,-15.6077,133.2342317,Route
176.524,-15.6077729,133.2343049,Route
176.515,-15.6077819,133.234314,Route
176.101,-15.6079021,133.2344348,Route
175.146,-15.6082896,133.2348245,Route
179.533,-15.6086514,133.2351884,Route
182.984,-15.6098445,133.2363786,Route
183.817,-15.6099742,133.2365079,Route
183.471,-15.610287,133.23682,Route
183.326,-15.6119161,133.2384523,Route
183.895,-15.6120455,133.238582,Route
184.0,-15.61219,133.2387268,Route
187.169,-15.6136932,133.2402277,Route
187.403,-15.6137305,133.2402648,Route
188.926,-15.6139901,133.2405233,Route
188.0,-15.6150287,133.2415572,Route
188.0,-15.6150385,133.2415669,Route
188.0,-15.6151585,133.2416864,Route
188.0,-15.6151683,133.2416962,Route
188.0,-15.6152657,133.2417932,Route
188.021,-15.6152884,133.2418156,Route
188.507,-15.6154188,133.2419442,Route
188.927,-15.6162017,133.2427153,Route
181.049,-15.6180282,133.2445147,Route
181.0,-15.6181586,133.2446433,Route
181.0,-15.6181688,133.2446533,Route
187.107,-15.6195931,133.2460566,Route
182.925,-15.6199847,133.2464433,Route
182.054,-15.6202261,133.2466817,Route
182.122,-15.6202454,133.2467006,Route
182.525,-15.6203758,133.2468291,Route
182.091,-15.6205166,133.2469679,Route
183.318,-15.6210871,133.2475303,Route
178.725,-15.6227908,133.2491991,Route
179.814,-15.62372,133.2500939,Route
179.119,-15.6241439,133.2505441,Route
179.087,-15.624166,133.2505632,Route
181.998,-15.6244668,133.2508386,Route
180.075,-15.6282345,133.2544769,Route
181.12,-15.6326805,133.2587722,Route
176.236,-15.6346934,133.2607321,Route
179.624,-15.636086,133.2620613,Route
178.477,-15.6370618,133.2630073,Route
184.249,-15.6386002,133.2645278,Route
181.885,-15.6414662,133.2672362,Route
180.614,-15.6415992,133.2673619,Route
179.599,-15.6416926,133.2674501,Route
179.409,-15.6418239,133.267577,Route
179.976,-15.642295,133.2680299,Route
184.339,-15.6441283,133.2697663,Route
186.011,-15.6450144,133.270612,Route
187.26,-15.6456629,133.2712385,Route
187.0,-15.645963,133.2715398,Route
187.0,-15.6460924,133.2716696,Route
187.398,-15.6462217,133.2717994,Route
187.606,-15.6462794,133.2718573,Route
187.686,-15.6463017,133.2718797,Route
187.767,-15.6464306,133.2720093,Route
184.695,-15.6481079,133.2736958,Route
181.808,-15.6494469,133.2750532,Route
181.544,-15.6495194,133.2751267,Route
181.119,-15.6497765,133.2753861,Route
181.24,-15.6510668,133.2766885,Route
181.001,-15.6521568,133.2777774,Route
181.086,-15.6521817,133.2778059,Route
181.208,-15.6522028,133.2778399,Route
181.35,-15.6522267,133.2778721,Route
181.486,-15.6522385,133.2779038,Route
181.704,-15.6522841,133.2779496,Route
181.89,-15.6523314,133.278005,Route
182.957,-15.6547163,133.2804041,Route
183.372,-15.6547739,133.2804621,Route
183.896,-15.6548466,133.2805327,Route
184.114,-15.654905,133.2805894,Route
183.083,-15.6551309,133.2808218,Route
184.279,-15.6568944,133.2826003,Route
184.601,-15.657001,133.2827101,Route
179.007,-15.6586942,133.2844382,Route
179.223,-15.6604935,133.2862536,Route
178.751,-15.6607338,133.2864981,Route
179.677,-15.6617866,133.2875572,Route
179.441,-15.6620449,133.287817,Route
179.444,-15.6621748,133.2879465,Route
179.267,-15.6625255,133.2882962,Route
180.0,-15.6631268,133.2888603,Route
179.362,-15.6635933,133.2892582,Route
178.025,-15.6639786,133.2895666,Route
179.194,-15.6642906,133.2897922,Route
179.292,-15.6643825,133.289857,Route
179.222,-15.6645312,133.289962,Route
179.219,-15.6645322,133.2899627,Route
178.958,-15.664639,133.2900387,Route
178.965,-15.6646807,133.2900658,Route
179.976,-15.6648351,133.2901661,Route
180.968,-15.6649875,133.2902609,Route
180.974,-15.6649886,133.2902616,Route
181.41,-15.6652247,133.2904149,Route
179.089,-15.6656251,133.2906541,Route
181.821,-15.6665885,133.2911813,Route
183.205,-15.667521,133.2916829,Route
185.713,-15.6681352,133.2920081,Route
182.541,-15.6686348,133.292286,Route
181.906,-15.6687933,133.2923742,Route
181.896,-15.6687957,133.2923756,Route
181.529,-15.6692763,133.2926307,Route
178.093,-15.6717055,133.2939457,Route
179.429,-15.672986,133.2946316,Route
180.0,-15.6732639,133.2947825,Route
179.676,-15.6734233,133.294869,Route
179.668,-15.6734256,133.2948702,Route
179.105,-15.6735819,133.2949612,Route
178.614,-15.6737399,133.2950464,Route
178.477,-15.6738996,133.2951324,Route
176.354,-15.6757464,133.2961279,Route
175.76,-15.6770112,133.2968129,Route
176.594,-15.6786899,133.297712,Route
176.604,-15.6786922,133.2977133,Route
177.0,-15.6788497,133.2977977,Route
176.96,-15.6793612,133.2980716,Route
175.944,-15.6801259,133.2985028,Route
174.984,-15.6804782,133.2987246,Route
175.325,-15.680899,133.2990071,Route
174.565,-15.6812795,133.2992875,Route
173.793,-15.6814464,133.2994185,Route
171.422,-15.6818988,133.2997939,Route
171.847,-15.6822678,133.3001176,Route
172.492,-15.6826471,133.300474,Route
172.804,-15.6830466,133.3008861,Route
172.632,-15.6833395,133.301218,Route
174.641,-15.6838019,133.3017664,Route
173.806,-15.6840858,133.3021462,Route
173.873,-15.6841093,133.3021777,Route
174.385,-15.6841957,133.3022939,Route
174.424,-15.6842034,133.302305,Route
174.523,-15.6844066,133.3025956,Route
174.519,-15.6844145,133.3026075,Route
175.009,-15.6845308,133.3027813,Route
174.246,-15.6848075,133.3032347,Route
175.62,-15.6854506,133.3043388,Route
174.06,-15.6858321,133.3050143,Route
174.192,-15.6868152,133.3067199,Route
176.626,-15.6876219,133.3080144,Route
177.129,-15.6878808,133.3084297,Route
178.039,-15.6884971,133.3096272,Route
179.572,-15.68877,133.3100914,Route
178.625,-15.6890228,133.3105257,Route
177.9,-15.6893672,133.3110726,Route
177.766,-15.6896648,133.3114996,Route
177.618,-15.6898504,133.3117513,Route
177.871,-15.69016,133.3121403,Route
178.0,-15.690623,133.312678,Route
180.029,-15.6909946,133.3130636,Route
180.319,-15.6913002,133.3133682,Route
179.187,-15.6916147,133.313661,Route
179.321,-15.6919642,133.3139636,Route
180.338,-15.6923162,133.3142492,Route
180.252,-15.6926792,133.3145252,Route
179.433,-15.6929354,133.31471,Route
178.809,-15.693159,133.3148645,Route
178.0,-15.6933658,133.3150003,Route
180.283,-15.6938791,133.3153076,Route
181.186,-15.6942493,133.3155123,Route
179.072,-15.6947022,133.3157494,Route
179.79,-15.6950039,133.3158917,Route
179.533,-15.6956405,133.3161741,Route
181.808,-15.6972924,133.3168775,Route
179.565,-15.698397,133.317351,Route
183.295,-15.6991279,133.3176572,Route
184.362,-15.6998995,133.3179907,Route
182.0,-15.700948,133.3184627,Route
182.0,-15.7010451,133.3185064,Route
182.001,-15.7011114,133.3185408,Route
182.628,-15.7012723,133.3186244,Route
183.404,-15.7014331,133.3187079,Route
183.761,-15.7015218,133.318754,Route
183.855,-15.7022968,133.319207,Route
182.169,-15.7027309,133.3195001,Route
181.019,-15.7034002,133.3199946,Route
184.259,-15.7038531,133.3203733,Route
184.0,-15.7042396,133.32072,Route
184.204,-15.7045803,133.3210532,Route
184.378,-15.7048979,133.3213777,Route
184.622,-15.7053327,133.3218568,Route
184.782,-15.7055859,133.322162,Route
182.875,-15.705754,133.3223727,Route
182.252,-15.7059034,133.3225661,Route
182.092,-15.7063241,133.3231657,Route
181.995,-15.70667,133.3237204,Route
181.524,-15.7068471,133.3240262,Route
182.257,-15.7070133,133.3243072,Route
182.45,-15.7071866,133.3246498,Route
181.511,-15.7075274,133.3253745,Route
185.094,-15.7081412,133.3267142,Route
182.707,-15.7091133,133.3288434,Route
183.252,-15.7093986,133.3294687,Route
181.112,-15.7108561,133.3326797,Route
180.358,-15.7109328,133.3328487,Route
180.62,-15.7110056,133.3330092,Route
180.011,-15.711245,133.3335269,Route
180.578,-15.7114576,133.3339705,Route
180.031,-15.7117955,133.3345926,Route
181.641,-15.7120846,133.335089,Route
182.076,-15.7121257,133.3351495,Route
182.948,-15.7122294,133.3353021,Route
182.202,-15.7123331,133.3354548,Route
182.03,-15.712357,133.3354899,Route
180.575,-15.7127574,133.3360584,Route
180.753,-15.712772,133.336079,Route
180.467,-15.7129744,133.3363564,Route
178.533,-15.7131916,133.3366543,Route
178.611,-15.7133002,133.3368032,Route
179.754,-15.7135175,133.337101,Route
179.984,-15.713586,133.337195,Route
179.935,-15.7147746,133.3388021,Route
182.0,-15.7158811,133.3402914,Route
182.807,-15.7161498,133.3406553,Route
183.842,-15.7162592,133.3408035,Route
184.0,-15.7163687,133.3409518,Route
183.371,-15.7164781,133.3411,Route
182.429,-15.7165876,133.3412483,Route
181.924,-15.7166971,133.3413966,Route
183.63,-15.7173163,133.3422353,Route
182.898,-15.719208,133.3448092,Route
183.853,-15.7203312,133.346323,Route
183.741,-15.7221826,133.3488369,Route
185.435,-15.7233369,133.350395,Route
187.685,-15.7236987,133.3508887,Route
185.934,-15.7240255,133.3513348,Route
184.726,-15.7241344,133.3514835,Route
184.511,-15.7245863,133.3521001,Route
185.0,-15.7247893,133.3523746,Route
185.0,-15.7248988,133.3525228,Route
185.0,-15.7250084,133.352671,Route
185.0,-15.725118,133.3528191,Route
185.0,-15.7252276,133.3529673,Route
184.884,-15.72531,133.3530788,Route
184.783,-15.7253381,133.3531147,Route
184.374,-15.7254517,133.3532596,Route
184.192,-15.7255975,133.3534457,Route
183.795,-15.7258267,133.3537175,Route
185.041,-15.7260861,133.354014,Route
184.288,-15.72648,133.3544109,Route
185.84,-15.72679,133.3546922,Route
186.071,-15.726967,133.3548449,Route
182.483,-15.7276765,133.3554377,Route
181.92,-15.7290759,133.3565989,Route
182.0,-15.7292165,133.3567155,Route
182.0,-15.7292596,133.3567513,Route
182.0,-15.7293573,133.3568317,Route
181.808,-15.7294983,133.3569477,Route
181.44,-15.7304484,133.3577294,Route
185.2,-15.7315586,133.3586437,Route
182.854,-15.7321791,133.3591496,Route
184.253,-15.7326036,133.3594957,Route
185.129,-15.7327451,133.3596111,Route
185.657,-15.7329213,133.3597548,Route
184.276,-15.7334491,133.3601924,Route
184.181,-15.7335896,133.360309,Route
183.836,-15.7340113,133.3606588,Route
183.693,-15.7340569,133.3606965,Route
183.251,-15.7341521,133.3607751,Route
183.209,-15.7342929,133.3608913,Route
185.049,-15.7350331,133.3615021,Route
184.16,-15.735848,133.3621752,Route
185.0,-15.7365172,133.3627285,Route
186.473,-15.7373032,133.3633795,Route
185.176,-15.7380936,133.3640321,Route
185.608,-15.7382908,133.3641949,Route
186.173,-15.7389384,133.3647298,Route
186.126,-15.7392229,133.3649649,Route
185.043,-15.7397835,133.3654271,Route
186.198,-15.7402128,133.3657811,Route
186.738,-15.7406282,133.3661249,Route
186.232,-15.7407689,133.3662413,Route
185.726,-15.7409095,133.3663577,Route
185.918,-15.7410962,133.3665123,Route
188.788,-15.7416151,133.3669372,Route
189.13,-15.7417783,133.3670708,Route
185.012,-15.7426221,133.3677716,Route
185.376,-15.7428823,133.3679837,Route
187.938,-15.7435521,133.3685295,Route
186.155,-15.7457713,133.3703626,Route
187.0,-15.7465474,133.3710014,Route
186.613,-15.7471489,133.3714965,Route
184.929,-15.7478148,133.3720477,Route
185.117,-15.7479555,133.3721641,Route
184.872,-15.7480962,133.3722806,Route
185.112,-15.7482891,133.3724402,Route
185.315,-15.7483771,133.372514,Route
186.323,-15.7485171,133.3726313,Route
187.331,-15.7486571,133.3727487,Route
188.549,-15.7487971,133.372866,Route
188.035,-15.7492338,133.373232,Route
186.537,-15.749526,133.373462,Route
187.0,-15.7504069,133.3741902,Route
185.848,-15.7517043,133.3752725,Route
188.877,-15.7525521,133.3759727,Route
190.028,-15.752833,133.3761909,Route
187.261,-15.7531731,133.3764613,Route
187.628,-15.753366,133.3765866,Route
187.517,-15.7537204,133.3768103,Route
187.883,-15.753925,133.376912,Route
187.463,-15.7542987,133.3770935,Route
187.084,-15.754519,133.3771989,Route
187.054,-15.7548339,133.377319,Route
188.001,-15.755139,133.3774289,Route
188.27,-15.7553741,133.3774899,Route
187.049,-15.755795,133.377599,Route
187.473,-15.7561752,133.3776726,Route
188.54,-15.756473,133.3777139,Route
188.244,-15.7568447,133.3777543,Route
186.643,-15.7571275,133.377767,Route
186.56,-15.7573064,133.377765,Route
187.704,-15.7574653,133.377765,Route
188.865,-15.757766,133.377752,Route
187.0,-15.7584049,133.377696,Route
187.0,-15.7585819,133.3776805,Route
187.775,-15.7587631,133.3776621,Route
187.988,-15.7597374,133.3775632,Route
187.921,-15.7598371,133.3775528,Route
187.884,-15.7600161,133.3775341,Route
188.907,-15.760362,133.3774979,Route
190.613,-15.7619867,133.3773456,Route
189.073,-15.7630609,133.377243,Route
189.004,-15.76324,133.3772259,Route
189.537,-15.7634498,133.3772059,Route
188.0,-15.7655675,133.3769934,Route
188.0,-15.7657466,133.3769754,Route
188.016,-15.7659256,133.3769575,Route
188.018,-15.7661046,133.3769395,Route
188.0,-15.7665058,133.3768992,Route
186.292,-15.7677045,133.376789,Route
187.779,-15.7692625,133.3766321,Route
186.265,-15.770394,133.3765169,Route
188.806,-15.7707335,133.376493,Route
188.753,-15.771082,133.376489,Route
187.327,-15.7715284,133.3764823,Route
188.069,-15.772,133.3764849,Route
188.364,-15.7723704,133.3764901,Route
187.629,-15.772725,133.3765109,Route
187.308,-15.773287,133.376564,Route
187.032,-15.7741571,133.3766549,Route
187.015,-15.774171,133.3766564,Route
187.66,-15.7743499,133.3766762,Route
188.303,-15.7745287,133.376696,Route
188.947,-15.7747076,133.3767158,Route
189.0,-15.7748864,133.3767356,Route
188.117,-15.7756265,133.3768176,Route
188.536,-15.7773907,133.3770098,Route
187.696,-15.7790822,133.377194,Route
187.544,-15.7798953,133.3772803,Route
184.785,-15.7809767,133.377395,Route
185.843,-15.7823992,133.3775572,Route
186.482,-15.782578,133.3775776,Route
183.072,-15.784135,133.3777551,Route
180.835,-15.7852982,133.3778836,Route
183.486,-15.7865127,133.378013,Route
183.007,-15.7866384,133.3780264,Route
182.753,-15.7878194,133.3781535,Route
182.025,-15.7895402,133.3783441,Route
183.014,-15.7969831,133.3791687,Route
183.944,-15.8003005,133.3795308,Route
185.676,-15.8052789,133.3800889,Route
185.319,-15.805368,133.3800989,Route
182.851,-15.80602,133.380197,Route
182.249,-15.806768,133.3803659,Route
182.0,-15.807567,133.380611,Route
185.033,-15.8089384,133.3811697,Route
184.869,-15.8090156,133.3812014,Route
182.038,-15.8097462,133.3815106,Route
185.291,-15.811088,133.3820715,Route
186.454,-15.8124621,133.3826443,Route
186.535,-15.8125193,133.382668,Route
183.122,-15.8141368,133.3833377,Route
189.821,-15.8156931,133.3839795,Route
190.411,-15.8165524,133.3843405,Route
189.983,-15.8166958,133.3843995,Route
190.0,-15.8168631,133.3844683,Route
188.275,-15.8176791,133.3848039,Route
188.827,-15.8186715,133.3852207,Route
186.726,-15.8198693,133.3857173,Route
187.206,-15.8208717,133.3861329,Route
187.825,-15.8210388,133.3862022,Route
188.341,-15.8212058,133.3862714,Route
188.942,-15.8213729,133.3863407,Route
190.104,-15.8225288,133.3868199,Route
191.328,-15.8228762,133.3869647,Route
191.646,-15.8230432,133.3870343,Route
191.745,-15.8232101,133.3871039,Route
192.0,-15.823377,133.3871735,Route
188.25,-15.8253802,133.3880087,Route
188.264,-15.8254564,133.3880405,Route
188.112,-15.8255472,133.3880782,Route
189.781,-15.8268836,133.3886327,Route
190.0,-15.8270506,133.388702,Route
190.0,-15.8272177,133.3887713,Route
187.212,-15.8277188,133.3889792,Route
187.022,-15.8277919,133.3890095,Route
189.308,-15.8283506,133.3892523,Route
189.3,-15.8288399,133.389486,Route
190.558,-15.8293371,133.3897349,Route
189.891,-15.8299698,133.3901147,Route
189.931,-15.8299808,133.3901217,Route
191.017,-15.8305947,133.3905116,Route
190.381,-15.8307482,133.390609,Route
190.361,-15.8308094,133.3906479,Route
190.902,-15.8309014,133.390707,Route
192.347,-15.8312074,133.3909035,Route
192.286,-15.8320525,133.3914461,Route
193.341,-15.833363,133.392295,Route
191.964,-15.8339079,133.3926332,Route
192.163,-15.8342869,133.3928577,Route
192.184,-15.8343221,133.3928937,Route
192.16,-15.834347,133.3929045,Route
192.434,-15.8346469,133.3930957,Route
192.594,-15.8346774,133.3931106,Route
193.908,-15.8370028,133.3946012,Route
193.874,-15.8370558,133.3946352,Route
193.881,-15.8370984,133.3946625,Route
193.985,-15.8372515,133.3947606,Route
192.043,-15.8377109,133.3950549,Route
190.0,-15.838686,133.3956796,Route
190.0,-15.8387829,133.3957412,Route
191.071,-15.8393009,133.3960703,Route
191.029,-15.8394544,133.3961678,Route
193.492,-15.8408917,133.397081,Route
194.145,-15.8412944,133.3973407,Route
193.999,-15.8413898,133.3974023,Route
194.0,-15.8415426,133.3975009,Route
192.488,-15.8422105,133.3979318,Route
192.17,-15.8433711,133.3986658,Route
192.767,-15.8446677,133.3994988,Route
189.965,-15.8455003,133.4000243,Route
192.233,-15.8459849,133.4003424,Route
192.311,-15.846018,133.4003641,Route
188.727,-15.846796,133.4007799,Route
188.573,-15.8471844,133.4009735,Route
190.375,-15.847563,133.4011378,Route
190.595,-15.848223,133.4013999,Route
191.259,-15.8495808,133.4018082,Route
188.473,-15.8505924,133.4020959,Route
189.902,-15.8514529,133.4023407,Route
190.926,-15.8517415,133.4024238,Route
187.477,-15.8526083,133.4026732,Route
189.035,-15.8531029,133.4028155,Route
185.019,-15.8546376,133.4032588,Route
184.532,-15.8546881,133.403273,Route
184.246,-15.8547532,133.4032913,Route
184.522,-15.8548616,133.403322,Route
190.035,-15.8559423,133.4036271,Route
187.012,-15.8565605,133.4038202,Route
186.745,-15.8565924,133.4038305,Route
186.011,-15.8567641,133.4038859,Route
185.817,-15.8569359,133.4039414,Route
186.0,-15.8574769,133.4041161,Route
188.0,-15.8584505,133.4044415,Route
186.822,-15.8595384,133.4047968,Route
186.296,-15.8600224,133.4049572,Route
185.985,-15.8601938,133.405014,Route
186.359,-15.8605106,133.405119,Route
185.096,-15.8628044,133.4058764,Route
186.773,-15.865165,133.4066558,Route
185.993,-15.8660222,133.4069388,Route
186.079,-15.8666006,133.4071298,Route
184.041,-15.8677344,133.4075114,Route
185.953,-15.8680766,133.4076266,Route
186.65,-15.8683972,133.4077345,Route
187.977,-15.8694965,133.4080899,Route
187.546,-15.8697806,133.4081818,Route
185.189,-15.871221,133.4086612,Route
186.0,-15.8720244,133.4088935,Route
187.194,-15.8725538,133.4090255,Route
187.573,-15.8726591,133.4090517,Route
187.827,-15.8727297,133.4090644,Route
188.0,-15.8729069,133.4090963,Route
189.272,-15.873415,133.4091876,Route
188.196,-15.8743899,133.4093566,Route
185.935,-15.8758764,133.4096064,Route
187.107,-15.8772371,133.4098346,Route
185.805,-15.8795476,133.4102237,Route
185.143,-15.8804096,133.4103617,Route
188.577,-15.8809135,133.4104568,Route
190.541,-15.881276,133.4105309,Route
190.949,-15.8817787,133.4106533,Route
188.806,-15.8825833,133.410914,Route
188.673,-15.8833569,133.4111549,Route
185.801,-15.8841079,133.4113934,Route
188.756,-15.8847901,133.4116059,Route
188.401,-15.8853891,133.4118098,Route
189.0,-15.8857706,133.4119716,Route
188.967,-15.8861203,133.412124,Route
187.381,-15.8865166,133.4123187,Route
185.526,-15.8868052,133.4124931,Route
185.475,-15.8868465,133.4125207,Route
186.799,-15.8871896,133.4127499,Route
186.453,-15.8874164,133.4129181,Route
185.728,-15.8875799,133.4130598,Route
185.709,-15.8876178,133.4130926,Route
185.661,-15.8877181,133.4131795,Route
185.643,-15.887756,133.4132123,Route
186.063,-15.8878476,133.4132916,Route
186.125,-15.8878563,133.4132992,Route
186.412,-15.8878941,133.413332,Route
187.088,-15.8879945,133.4134189,Route
187.468,-15.888051,133.4134679,Route
188.541,-15.8883191,133.4137243,Route
187.914,-15.888635,133.4140707,Route
187.676,-15.8889639,133.4144768,Route
189.014,-15.8895009,133.4152252,Route
189.303,-15.8896554,133.4154449,Route
188.858,-15.8897616,133.4155958,Route
188.094,-15.889974,133.4158976,Route
187.935,-15.8900802,133.4160486,Route
188.266,-15.8901573,133.4161582,Route
190.991,-15.890505,133.4166523,Route
190.499,-15.8905821,133.4167619,Route
190.206,-15.8906112,133.4168032,Route
189.582,-15.8906883,133.4169128,Route
189.322,-15.890744,133.416992,Route
190.94,-15.8911685,133.417479,Route
189.559,-15.891626,133.4179202,Route
187.996,-15.892093,133.4183179,Route
189.041,-15.8926635,133.4187404,Route
187.852,-15.893284,133.4191167,Route
190.128,-15.89407,133.41948,Route
189.521,-15.894867,133.4197692,Route
187.941,-15.8957136,133.4199613,Route
187.02,-15.8959322,133.4199945,Route
187.102,-15.8960615,133.4200141,Route
188.976,-15.8963845,133.4200632,Route
188.365,-15.8977544,133.4201558,Route
188.475,-15.8983927,133.4201855,Route
190.113,-15.8996997,133.4202464,Route
190.054,-15.8997301,133.4202478,Route
189.198,-15.900615,133.4202979,Route
189.846,-15.900969,133.4203206,Route
189.142,-15.9014427,133.4203799,Route
192.365,-15.9019349,133.4204769,Route
192.366,-15.9022799,133.4205595,Route
189.111,-15.9029573,133.4207855,Route
188.714,-15.903709,133.4211023,Route
190.8,-15.9039797,133.4212425,Route
191.189,-15.9042617,133.4214102,Route
188.463,-15.9046342,133.4216426,Route
189.577,-15.9051463,133.4220055,Route
189.41,-15.9053916,133.4221993,Route
189.95,-15.9055348,133.4223125,Route
190.839,-15.9057867,133.4225115,Route
193.727,-15.9064681,133.4230433,Route
192.216,-15.9067115,133.4232083,Route
191.037,-15.9069958,133.4233837,Route
192.268,-15.9075617,133.4236907,Route
192.076,-15.9075997,133.4237068,Route
191.011,-15.9079933,133.4238747,Route
191.338,-15.9081293,133.4239317,Route
192.145,-15.9085756,133.4240908,Route
191.006,-15.9090292,133.4242345,Route
188.798,-15.9103571,133.4246591,Route
189.667,-15.9105008,133.4247051,Route
190.786,-15.9106727,133.4247601,Route
191.655,-15.9124563,133.425331,Route
192.507,-15.9125523,133.4253636,Route
193.953,-15.9127146,133.425409,Route
194.706,-15.9131437,133.4255462,Route
190.761,-15.9153475,133.4262443,Route
191.0,-15.9164402,133.4265916,Route
191.212,-15.917464,133.426918,Route
192.0,-15.9181727,133.4271412,Route
191.073,-15.9185908,133.4272911,Route
191.829,-15.919026,133.4274525,Route
191.901,-15.9190788,133.4274725,Route
191.869,-15.9192478,133.4275364,Route
191.638,-15.9195233,133.4276405,Route
190.829,-15.9203122,133.4279619,Route
192.997,-15.9212304,133.4283589,Route
194.774,-15.9222849,133.4288061,Route
193.259,-15.9233178,133.4292645,Route
192.952,-15.9251941,133.4300703,Route
195.0,-15.9264658,133.4306187,Route
193.333,-15.9276852,133.431144,Route
192.818,-15.9294257,133.431894,Route
192.332,-15.9306357,133.4324138,Route
192.395,-15.9314372,133.4327619,Route
193.778,-15.9327162,133.4332979,Route
193.487,-15.9335032,133.4335887,Route
192.258,-15.934286,133.4338411,Route
192.891,-15.9347719,133.4339969,Route
194.425,-15.9357469,133.434273,Route
191.015,-15.9369487,133.4345482,Route
192.835,-15.9376755,133.434686,Route
191.868,-15.9386736,133.434837,Route
190.171,-15.9392753,133.434922,Route
192.993,-15.9400867,133.4350065,Route
192.219,-15.9404874,133.4350295,Route
191.037,-15.9410656,133.4350627,Route
190.583,-15.9420558,133.4350992,Route
191.358,-15.9434746,133.4350752,Route
191.133,-15.943561,133.4350732,Route
192.0,-15.9439959,133.4350499,Route
193.0,-15.945215,133.4350043,Route
191.918,-15.9461359,133.4349767,Route
191.0,-15.9469586,133.4349459,Route
191.662,-15.9484868,133.4348921,Route
191.984,-15.9503729,133.4348219,Route
193.55,-15.9525453,133.4347409,Route
191.713,-15.9592101,133.4344905,Route
190.123,-15.9596685,133.4344787,Route
191.084,-15.9600028,133.4344653,Route
191.273,-15.9600665,133.4344622,Route
191.577,-15.9601629,133.4344595,Route
190.276,-15.9617432,133.4344005,Route
192.129,-15.9622507,133.4343728,Route
192.94,-15.9632809,133.4343335,Route
193.0,-15.9645744,133.4342853,Route
192.0,-15.9663397,133.4342194,Route
191.833,-15.9693839,133.4341015,Route
194.055,-15.971084,133.4340443,Route
192.497,-15.9724497,133.4339959,Route
191.531,-15.983465,133.4335778,Route
193.391,-15.9854474,133.4335026,Route
191.0,-15.986412,133.4334607,Route
191.081,-15.9866891,133.4334268,Route
192.271,-15.9869851,133.4333744,Route
194.233,-15.987287,133.4332939,Route
194.701,-15.9875831,133.4332033,Route
193.419,-15.9879391,133.4330664,Route
193.0,-15.9881868,133.4329478,Route
192.392,-15.9885021,133.4327867,Route
192.733,-15.9887246,133.4326499,Route
193.0,-15.9890052,133.4324546,Route
193.0,-15.98922,133.4322795,Route
191.596,-15.989607,133.4319373,Route
193.079,-15.9898721,133.4316636,Route
194.606,-15.9901682,133.4313114,Route
194.628,-15.9904391,133.430933,Route
193.224,-15.9905629,133.4307256,Route
192.052,-15.9906751,133.4305223,Route
193.064,-15.9908512,133.4301601,Route
193.242,-15.9909614,133.4298682,Route
193.964,-15.9913595,133.428706,Route
194.018,-15.991482,133.4283485,Route
192.149,-15.9917587,133.4275413,Route
192.473,-15.991847,133.4272977,Route
193.106,-15.9919739,133.4269476,Route
193.746,-15.9920374,133.4267725,Route
194.0,-15.9921031,133.4265913,Route
193.742,-15.9922733,133.426223,Route
192.976,-15.9924919,133.4258264,Route
192.02,-15.9926686,133.4255699,Route
192.0,-15.9928383,133.4253413,Route
191.158,-15.9932059,133.4249046,Route
191.099,-15.9934122,133.4246948,Route
191.713,-15.9936026,133.4245242,Route
192.717,-15.9938144,133.4243448,Route
193.441,-15.9940192,133.4241901,Route
193.346,-15.9942484,133.4240303,Route
192.996,-15.994454,133.4239183,Route
192.906,-15.9947482,133.4237768,Route
192.003,-15.9950008,133.4236628,Route
192.659,-15.995402,133.4235017,Route
192.746,-15.9954919,133.4234688,Route
193.291,-15.9956616,133.4234066,Route
194.283,-15.9960503,133.4232642,Route
194.197,-15.996416,133.4231374,Route
193.133,-15.9966313,133.4230571,Route
192.881,-15.99668,133.4230357,Route
192.133,-15.9968243,133.4229723,Route
191.158,-15.9970653,133.4228555,Route
191.06,-15.9973254,133.4227126,Route
190.244,-15.9975809,133.4225524,Route
190.356,-15.997784,133.4224116,Route
191.426,-15.9979337,133.4223078,Route
192.016,-15.9980673,133.4222152,Route
191.331,-15.9983816,133.4219948,Route
191.0,-15.9987243,133.4217546,Route
191.0,-15.9988291,133.4216813,Route
191.324,-15.9989784,133.4215768,Route
191.668,-15.9991154,133.421481,Route
191.7,-15.9991275,133.4214723,Route
192.608,-15.9997907,133.4209967,Route
191.606,-16.000249,133.4206778,Route
191.703,-16.0005611,133.4204692,Route
190.869,-16.0010249,133.4201606,Route
193.184,-16.0013107,133.4199722,Route
194.697,-16.0015826,133.4198138,Route
194.685,-16.0019695,133.4196347,Route
194.475,-16.0021184,133.4195763,Route
194.171,-16.0022578,133.4195275,Route
193.535,-16.0023922,133.4194852,Route
192.639,-16.0026003,133.4194229,Route
191.749,-16.002832,133.4193655,Route
189.817,-16.0032736,133.4192603,Route
194.324,-16.0043687,133.4190127,Route
192.952,-16.0054078,133.4187722,Route
192.025,-16.0063819,133.4185459,Route
192.318,-16.0075225,133.4182862,Route
195.996,-16.008518,133.4180568,Route
193.961,-16.0094553,133.4178384,Route
193.604,-16.0104701,133.41761,Route
190.177,-16.0113398,133.4174057,Route
190.429,-16.0116939,133.4173242,Route
191.017,-16.0120876,133.4172176,Route
192.139,-16.0124059,133.417123,Route
192.387,-16.0127126,133.4170243,Route
193.255,-16.0131265,133.4168885,Route
195.394,-16.0141703,133.416496,Route
191.298,-16.0152287,133.4160774,Route
192.775,-16.0162763,133.4156608,Route
193.752,-16.017263,133.4152652,Route
192.531,-16.0175327,133.415163,Route
192.564,-16.017539,133.41516,Route
193.636,-16.0182681,133.4148677,Route
194.0,-16.0191368,133.4145296,Route
194.13,-16.0201129,133.4141401,Route
192.935,-16.0216412,133.4135293,Route
192.327,-16.0223629,133.4132436,Route
193.989,-16.0230574,133.4129678,Route
192.95,-16.0237133,133.4127132,Route
193.887,-16.0242046,133.4125169,Route
194.28,-16.0247289,133.4123066,Route
193.696,-16.0251932,133.4121264,Route
194.277,-16.0253548,133.412065,Route
194.866,-16.0255182,133.4120117,Route
194.103,-16.0258046,133.4119313,Route
194.0,-16.0260764,133.4118719,Route
193.669,-16.0263356,133.4118306,Route
193.481,-16.0266017,133.4118004,Route
193.42,-16.0269248,133.4117833,Route
193.133,-16.027301,133.4117823,Route
192.541,-16.0275264,133.4117905,Route
193.368,-16.0277362,133.4118106,Route
194.272,-16.0279113,133.4118327,Route
195.13,-16.0281038,133.411874,Route
195.717,-16.028278,133.4119153,Route
195.256,-16.0285401,133.4119807,Route
194.685,-16.0287495,133.4120466,Route
194.627,-16.028958,133.4121186,Route
194.921,-16.0291727,133.4122062,Route
192.049,-16.0297154,133.4124246,Route
192.936,-16.0303234,133.4126842,Route
192.875,-16.0319816,133.413368,Route
193.466,-16.0331461,133.4138501,Route
194.789,-16.0335525,133.4140183,Route
193.861,-16.0344831,133.4144033,Route
193.233,-16.0346503,133.4144725,Route
192.657,-16.0348174,133.4145417,Route
190.512,-16.0354257,133.4147933,Route
193.688,-16.0368257,133.4153644,Route
193.656,-16.0368475,133.4153733,Route
195.913,-16.0380114,133.4158574,Route
193.229,-16.0383814,133.416014,Route
193.198,-16.0386593,133.4161178,Route
194.286,-16.0388865,133.4161929,Route
194.143,-16.0390846,133.4162456,Route
194.035,-16.039599,133.4163672,Route
193.232,-16.0400644,133.4164684,Route
194.887,-16.0411208,133.416698,Route
194.79,-16.041245,133.416725,Route
195.199,-16.0427695,133.4170574,Route
195.477,-16.0442067,133.4173771,Route
196.351,-16.0452093,133.4175975,Route
194.582,-16.0459494,133.4177557,Route
196.0,-16.0467784,133.4179427,Route
196.741,-16.0471853,133.4180354,Route
196.0,-16.0475829,133.4181345,Route
196.0,-16.047996,133.4182655,Route
194.103,-16.0484243,133.4184204,Route
195.386,-16.0487437,133.4185627,Route
196.306,-16.0489719,133.4186766,Route
196.434,-16.0490093,133.4186953,Route
197.353,-16.0492611,133.4188375,Route
196.387,-16.0494914,133.4189653,Route
193.072,-16.0509284,133.4198857,Route
193.396,-16.0509808,133.4199199,Route
197.696,-16.0523068,133.4207847,Route
197.218,-16.0534877,133.4215578,Route
195.25,-16.0546841,133.4223297,Route
194.148,-16.0558457,133.4230726,Route
196.688,-16.0569869,133.4238023,Route
196.257,-16.0579841,133.4244445,Route
196.104,-16.0580234,133.4244718,Route
197.66,-16.0586478,133.4249336,Route
196.052,-16.0678159,133.43085,Route
196.089,-16.0682084,133.4310662,Route
198.015,-16.0686128,133.4312493,Route
199.972,-16.0690239,133.4314051,Route
197.439,-16.0694723,133.431531,Route
197.0,-16.0698222,133.4316011,Route
197.0,-16.069958,133.4316278,Route
196.584,-16.0710181,133.4317822,Route
194.539,-16.0734965,133.4321163,Route
195.718,-16.0767449,133.4325466,Route
196.695,-16.0811021,133.4331338,Route
196.0,-16.084322,133.4335855,Route
197.0,-16.0861949,133.4338194,Route
193.541,-16.0888388,133.4341938,Route
195.846,-16.0903551,133.434385,Route
196.302,-16.0908753,133.4344454,Route
197.844,-16.0911016,133.4344696,Route
197.859,-16.0913105,133.4344837,Route
197.659,-16.0914594,133.4344937,Route
197.368,-16.0915882,133.4344993,Route
197.461,-16.0921083,133.4344684,Route
196.203,-16.0923353,133.4344493,Route
195.339,-16.0925837,133.4344183,Route
195.777,-16.0927733,133.4343851,Route
195.638,-16.0930086,133.434344,Route
195.461,-16.0932258,133.4342948,Route
195.599,-16.0934612,133.434238,Route
197.323,-16.0938021,133.4341458,Route
197.851,-16.0942479,133.4340252,Route
197.067,-16.0946793,133.4339075,Route
198.0,-16.0950203,133.4338144,Route
198.0,-16.0953691,133.4337185,Route
197.517,-16.0959113,133.4335729,Route
198.588,-16.0963735,133.4334478,Route
198.015,-16.0967933,133.4333305,Route
198.438,-16.097229,133.4332117,Route
198.213,-16.0977126,133.4330817,Route
196.944,-16.0980679,133.4329842,Route
195.518,-16.0983957,133.4328952,Route
196.538,-16.0988242,133.4327787,Route
198.019,-16.0993016,133.432648,Route
197.052,-16.0997371,133.4325293,Route
197.782,-16.1001987,133.4324024,Route
198.72,-16.1007022,133.4322673,Route
198.0,-16.1010258,133.4321792,Route
197.9,-16.1011844,133.432136,Route
197.993,-16.1013738,133.4320844,Route
198.328,-16.101703,133.4319946,Route
198.267,-16.1023308,133.4318229,Route
198.154,-16.1024178,133.4317998,Route
198.067,-16.1028494,133.4316852,Route
198.774,-16.1033717,133.43154,Route
198.944,-16.103897,133.4314007,Route
199.58,-16.1044144,133.4312581,Route
197.146,-16.1048543,133.431138,Route
196.468,-16.1049372,133.4311154,Route
196.177,-16.1050282,133.4310902,Route
200.205,-16.1055583,133.4309437,Route
199.0,-16.1062862,133.4307448,Route
198.944,-16.1069097,133.4305712,Route
199.786,-16.1073308,133.4304578,Route
199.799,-16.1078433,133.4303183,Route
198.391,-16.1083116,133.4301908,Route
197.92,-16.1086767,133.4300878,Route
198.231,-16.1091025,133.4299742,Route
197.611,-16.1095071,133.4298618,Route
198.008,-16.1097245,133.4298034,Route
198.751,-16.1099309,133.4297479,Route
197.626,-16.1104647,133.4295988,Route
197.823,-16.1108392,133.4294936,Route
198.078,-16.1111151,133.4294188,Route
197.251,-16.1115253,133.4293077,Route
196.145,-16.1119848,133.4291804,Route
196.694,-16.1121083,133.4291462,Route
198.574,-16.1127334,133.4289768,Route
202.236,-16.1134411,133.4287803,Route
200.209,-16.1141059,133.4285981,Route
199.0,-16.1146683,133.4284438,Route
199.807,-16.1149113,133.428385,Route
200.602,-16.1151864,133.4283237,Route
200.756,-16.1152966,133.4283071,Route
200.33,-16.1154201,133.4282884,Route
199.649,-16.1156916,133.4282545,Route
199.082,-16.1159078,133.428236,Route
198.374,-16.1161249,133.428224,Route
197.59,-16.1166586,133.428216,Route
199.0,-16.1172858,133.4282147,Route
199.569,-16.1180755,133.4282135,Route
198.459,-16.1189489,133.4282059,Route
198.459,-16.1190693,133.4282059,Route
198.459,-16.1192492,133.4282057,Route
198.42,-16.119747,133.4282053,Route
199.277,-16.1206882,133.4282059,Route
199.291,-16.1206907,133.4282059,Route
200.978,-16.1215126,133.4282034,Route
202.626,-16.1219774,133.4281964,Route
202.554,-16.1224838,133.4281933,Route
201.898,-16.1226666,133.4281938,Route
201.252,-16.1228465,133.4281942,Route
200.569,-16.123075,133.4281948,Route
202.512,-16.1237359,133.4281978,Route
200.25,-16.1243405,133.4281948,Route
200.672,-16.1249403,133.4281938,Route
200.286,-16.1256354,133.4281953,Route
199.117,-16.1263508,133.4281973,Route
197.739,-16.1270781,133.4281953,Route
201.091,-16.1277028,133.428193,Route
199.815,-16.1284222,133.4281903,Route
199.498,-16.1286021,133.4281896,Route
199.48,-16.1287819,133.4281889,Route
202.126,-16.1313,133.4281794,Route
202.953,-16.1314799,133.4281787,Route
200.574,-16.1394066,133.4281489,Route
200.041,-16.1489593,133.4281002,Route
202.419,-16.1518584,133.4280859,Route
202.017,-16.1563661,133.4280602,Route
201.987,-16.1581291,133.4280507,Route
200.402,-16.1591093,133.4280479,Route
202.952,-16.1600662,133.4280423,Route
202.985,-16.160489,133.4280387,Route
202.989,-16.1605005,133.4280396,Route
202.042,-16.160928,133.428038,Route
202.008,-16.1610705,133.4280402,Route
202.813,-16.1618919,133.4280585,Route
203.941,-16.1624348,133.428072,Route
201.007,-16.1630544,133.4280938,Route
202.071,-16.1636221,133.4281131,Route
203.949,-16.1641121,133.4281276,Route
203.701,-16.1651946,133.4281598,Route
204.528,-16.1660493,133.4281868,Route
201.056,-16.166907,133.4282179,Route
201.689,-16.1677665,133.428247,Route
202.164,-16.1685298,133.428269,Route
201.141,-16.1692921,133.4282941,Route
201.136,-16.1700371,133.4283131,Route
204.0,-16.1708726,133.4283392,Route
202.076,-16.1716946,133.4283672,Route
204.0,-16.1724473,133.4283913,Route
203.59,-16.1732597,133.4284234,Route
202.625,-16.1740576,133.4284464,Route
202.341,-16.1748141,133.4284695,Route
202.57,-16.1755581,133.4284905,Route
204.478,-16.1762992,133.4285046,Route
205.468,-16.1766958,133.4284925,Route
204.497,-16.1770706,133.4284646,Route
204.507,-16.1771099,133.4284617,Route
204.659,-16.1772493,133.4284442,Route
203.009,-16.1781121,133.4283357,Route
202.894,-16.1794921,133.4281623,Route
203.439,-16.1809356,133.4279813,Route
201.645,-16.1818378,133.4278724,Route
200.126,-16.1828616,133.4277429,Route
201.409,-16.1834887,133.4276642,Route
201.414,-16.1834997,133.4276628,Route
201.375,-16.1836783,133.4276405,Route
201.066,-16.1838569,133.4276182,Route
203.873,-16.1887377,133.4270093,Route
201.639,-16.1902304,133.4268237,Route
202.671,-16.1919568,133.426607,Route
200.165,-16.1941458,133.426331,Route
202.747,-16.1947907,133.4262502,Route
203.886,-16.1955919,133.4261476,Route
202.811,-16.1963191,133.4260585,Route
202.409,-16.1970654,133.4259638,Route
203.544,-16.197844,133.4258573,Route
204.761,-16.198567,133.4257644,Route
202.24,-16.1995448,133.4256489,Route
204.933,-16.2005756,133.425536,Route
204.841,-16.2006036,133.4255329,Route
204.153,-16.2008889,133.425513,Route
203.877,-16.2023745,133.4254352,Route
204.601,-16.2033081,133.4253886,Route
204.08,-16.2039528,133.4253606,Route
204.768,-16.2063245,133.4252507,Route
206.0,-16.20685,133.4252263,Route
204.0,-16.2075975,133.4251962,Route
204.0,-16.2083858,133.4251591,Route
203.307,-16.2089741,133.4251372,Route
204.952,-16.2094311,133.4251132,Route
203.007,-16.2101107,133.4250778,Route
204.108,-16.2107351,133.4250464,Route
204.025,-16.2112952,133.4250205,Route
203.0,-16.2117419,133.4250025,Route
203.746,-16.2135989,133.4249133,Route
202.815,-16.2140344,133.4248918,Route
206.299,-16.2148427,133.4248535,Route
202.833,-16.2152323,133.4248316,Route
203.0,-16.2177343,133.4247115,Route
203.984,-16.2197106,133.4246148,Route
204.605,-16.2198903,133.424606,Route
204.635,-16.2198985,133.4246056,Route
202.535,-16.2216469,133.4245258,Route
203.438,-16.2229484,133.4244517,Route
203.129,-16.2230224,133.4244458,Route
203.0,-16.2231188,133.4244347,Route
203.065,-16.2233514,133.424397,Route
203.906,-16.223585,133.4243546,Route
204.628,-16.2239057,133.4242799,Route
205.088,-16.2240358,133.4242468,Route
205.905,-16.224253,133.4241858,Route
205.955,-16.2243612,133.4241488,Route
205.705,-16.2244742,133.4241083,Route
205.047,-16.2246956,133.424026,Route
205.0,-16.2248659,133.4239562,Route
206.365,-16.2251754,133.4238122,Route
206.744,-16.2253489,133.4237257,Route
206.29,-16.2254749,133.4236628,Route
205.279,-16.2257559,133.4234976,Route
204.978,-16.2258491,133.4234421,Route
205.0,-16.2260378,133.4233191,Route
205.291,-16.2261697,133.4232283,Route
206.193,-16.2263022,133.4231295,Route
206.902,-16.2264437,133.4230218,Route
206.844,-16.2265893,133.4228997,Route
207.0,-16.2267257,133.4227864,Route
206.683,-16.2268415,133.4226896,Route
206.588,-16.2268731,133.4226632,Route
205.539,-16.2363556,133.4138189,Route
205.355,-16.2367482,133.413432,Route
205.008,-16.236846,133.4133356,Route
205.085,-16.2368779,133.4133023,Route
206.044,-16.2371322,133.4130373,Route
207.024,-16.2375136,133.4126397,Route
206.256,-16.2399289,133.4101216,Route
205.83,-16.240056,133.4099891,Route
205.516,-16.2401832,133.4098565,Route
204.883,-16.2403103,133.409724,Route
204.626,-16.2404374,133.4095915,Route
207.114,-16.246053,133.4037369,Route
207.813,-16.2482815,133.4014125,Route
207.446,-16.253666,133.395795,Route
210.0,-16.2543,133.3951879,Route
209.988,-16.2544604,133.3950602,Route
209.544,-16.2547123,133.3948734,Route
209.505,-16.2547383,133.3948541,Route
210.1,-16.255037,133.394654,Route
209.913,-16.2553121,133.3944888,Route
208.329,-16.2555045,133.3943863,Route
207.298,-16.255807,133.394229,Route
207.906,-16.2562087,133.3940566,Route
206.384,-16.25656,133.393934,Route
206.058,-16.25674,133.3938729,Route
206.26,-16.2569894,133.3938028,Route
206.42,-16.257339,133.393728,Route
209.0,-16.2578044,133.393633,Route
208.803,-16.2601846,133.3932191,Route
209.815,-16.2630171,133.3927265,Route
208.715,-16.2634124,133.3926585,Route
213.0,-16.2683806,133.391789,Route
210.345,-16.2722988,133.3911223,Route
211.0,-16.2725854,133.3910741,Route
211.515,-16.2740603,133.390815,Route
210.494,-16.274717,133.3906961,Route
212.009,-16.275558,133.3905453,Route
214.471,-16.2872597,133.3884641,Route
213.142,-16.2904511,133.3878965,Route
217.966,-16.296413,133.386836,Route
217.631,-16.2980992,133.3865206,Route
217.0,-16.2999647,133.3861811,Route
215.998,-16.3009073,133.3860095,Route
217.0,-16.3016629,133.385872,Route
217.936,-16.3026173,133.3856983,Route
218.803,-16.305229,133.385223,Route
218.764,-16.3052861,133.3852123,Route
218.604,-16.3055401,133.3851679,Route
219.023,-16.3063335,133.3850081,Route
218.996,-16.3063954,133.3849923,Route
219.287,-16.3068329,133.384921,Route
218.039,-16.3076217,133.3847885,Route
217.895,-16.3083693,133.3846571,Route
219.0,-16.3090306,133.384521,Route
218.46,-16.3093166,133.3844811,Route
218.251,-16.3095163,133.3844532,Route
219.143,-16.3101576,133.3843525,Route
220.875,-16.3105382,133.3842848,Route
218.787,-16.3137969,133.3837106,Route
219.999,-16.3161114,133.3833027,Route
220.0,-16.3194686,133.3827111,Route
220.54,-16.3265626,133.3814622,Route
221.918,-16.3276267,133.3812749,Route
221.901,-16.3278041,133.3812437,Route
221.262,-16.3290455,133.3810251,Route
222.45,-16.330206,133.3808208,Route
221.64,-16.3308202,133.3807201,Route
221.506,-16.330967,133.380696,Route
220.249,-16.331627,133.3805899,Route
221.689,-16.3326675,133.3804692,Route
222.603,-16.3331076,133.3804452,Route
221.598,-16.33379,133.380444,Route
223.549,-16.3372116,133.3804473,Route
223.765,-16.3387175,133.3804496,Route
222.536,-16.3397967,133.3804512,Route
223.832,-16.3399766,133.3804514,Route
224.0,-16.3401564,133.3804517,Route
222.565,-16.3407474,133.3804526,Route
223.678,-16.3462947,133.380475,Route
223.0,-16.3464517,133.3804757,Route
223.0,-16.3466315,133.3804765,Route
223.895,-16.3468114,133.3804773,Route
224.087,-16.3497537,133.3804905,Route
224.873,-16.3501204,133.3804935,Route
224.565,-16.350776,133.3805,Route
225.817,-16.3516159,133.3804956,Route
224.673,-16.3532298,133.3805012,Route
225.915,-16.3559809,133.380511,Route
225.784,-16.3562357,133.3805141,Route
226.96,-16.3567262,133.3805202,Route
227.409,-16.3581308,133.3805368,Route
225.893,-16.3583649,133.3805382,Route
225.0,-16.3594026,133.3805359,Route
226.009,-16.3597575,133.3805355,Route
228.015,-16.3605937,133.380525,Route
228.357,-16.3613181,133.3805174,Route
228.103,-16.3614626,133.3805167,Route
228.631,-16.3620801,133.3805159,Route
230.106,-16.3629429,133.3805062,Route
231.962,-16.3636006,133.3805009,Route
232.0,-16.3636209,133.3805008,Route
232.0,-16.3639806,133.3804996,Route
232.0,-16.3640878,133.3804992,Route
232.0,-16.3641605,133.3804983,Route
232.791,-16.3643863,133.3804957,Route
233.445,-16.3646028,133.3804948,Route
234.0,-16.3650449,133.3804922,Route
233.286,-16.3654761,133.38049,Route
233.425,-16.3660332,133.3804869,Route
230.93,-16.3669002,133.3804799,Route
232.78,-16.3675667,133.380475,Route
232.0,-16.3681174,133.3804696,Route
232.0,-16.3683234,133.3804676,Route
235.024,-16.3689878,133.3804632,Route
233.287,-16.3699601,133.380457,Route
233.114,-16.3704047,133.3804531,Route
235.0,-16.3708439,133.3804509,Route
234.608,-16.3712894,133.3804474,Route
234.897,-16.3717151,133.3804456,Route
234.938,-16.3720743,133.3804428,Route
234.654,-16.3721539,133.3804421,Route
234.478,-16.3722541,133.3804415,Route
236.037,-16.372785,133.3804382,Route
237.818,-16.3732924,133.3804329,Route
236.017,-16.3739968,133.380425,Route
233.537,-16.3744276,133.3804233,Route
233.504,-16.3749236,133.3804193,Route
234.896,-16.3760911,133.3804069,Route
237.305,-16.3768169,133.3803988,Route
237.541,-16.3775176,133.380395,Route
236.405,-16.378292,133.3803903,Route
236.398,-16.3785492,133.3803884,Route
236.818,-16.378729,133.3803872,Route
237.147,-16.3788209,133.3803865,Route
238.544,-16.3793543,133.3803818,Route
242.478,-16.3804106,133.3803742,Route
242.33,-16.3812409,133.3803695,Route
241.042,-16.3817867,133.3803643,Route
240.813,-16.3818898,133.3803633,Route
240.694,-16.3819665,133.3803628,Route
240.66,-16.3825186,133.380359,Route
239.728,-16.3832603,133.3803533,Route
239.227,-16.3838564,133.3803491,Route
239.505,-16.3844584,133.3803462,Route
241.761,-16.3852474,133.380324,Route
241.41,-16.3859472,133.3802955,Route
241.998,-16.3861268,133.3802884,Route
241.994,-16.386207,133.3802824,Route
242.0,-16.3865958,133.3802472,Route
240.773,-16.3871545,133.3801945,Route
240.82,-16.3876806,133.3801351,Route
239.643,-16.3882112,133.3800636,Route
237.643,-16.3887157,133.3799914,Route
235.8,-16.3891538,133.3799282,Route
237.434,-16.3897233,133.3798424,Route
238.125,-16.3902271,133.3797649,Route
238.35,-16.3903115,133.3797522,Route
238.792,-16.3904894,133.3797253,Route
239.248,-16.3906674,133.3796984,Route
239.46,-16.3908443,133.3796716,Route
239.394,-16.3914448,133.3795821,Route
238.0,-16.3920013,133.3795038,Route
239.33,-16.3925311,133.3794278,Route
241.91,-16.3931359,133.3793391,Route
242.159,-16.3937343,133.3792458,Route
245.002,-16.3943073,133.3791638,Route
245.984,-16.3947267,133.3791028,Route
245.208,-16.3949422,133.3790718,Route
244.509,-16.3951203,133.3790463,Route
244.099,-16.3952507,133.3790276,Route
244.769,-16.3957552,133.3789531,Route
244.015,-16.3962373,133.3788846,Route
243.473,-16.3970825,133.3787575,Route
244.0,-16.3976246,133.378677,Route
244.0,-16.3980576,133.3786153,Route
245.963,-16.399268,133.3784355,Route
243.92,-16.4003131,133.378282,Route
243.688,-16.4004631,133.3782593,Route
243.727,-16.4006411,133.3782324,Route
245.919,-16.4015422,133.3780962,Route
244.046,-16.4022293,133.3780059,Route
245.726,-16.4025074,133.377972,Route
246.226,-16.4026723,133.3779461,Route
247.32,-16.4029319,133.3779091,Route
248.0,-16.4033043,133.3778697,Route
247.768,-16.4036003,133.3778447,Route
246.407,-16.4044887,133.3777632,Route
246.392,-16.4050325,133.3777281,Route
248.513,-16.4053298,133.3777054,Route
250.323,-16.4055152,133.3776993,Route
251.409,-16.4060479,133.3776767,Route
250.944,-16.4064805,133.3776645,Route
250.288,-16.4066104,133.3776605,Route
249.539,-16.4070515,133.3776498,Route
249.546,-16.4073255,133.3776518,Route
249.877,-16.4078424,133.3776468,Route
249.383,-16.408103,133.3776496,Route
248.721,-16.4085118,133.3776572,Route
248.611,-16.4088381,133.3776697,Route
248.64,-16.40909,133.3776778,Route
248.685,-16.40924,133.3776904,Route
248.249,-16.4096311,133.3777111,Route
248.0,-16.4100048,133.3777317,Route
248.499,-16.4104163,133.3777612,Route
250.038,-16.4108447,133.3777944,Route
250.437,-16.4112214,133.3778238,Route
249.724,-16.4115681,133.3778545,Route
250.28,-16.4120223,133.3778933,Route
251.487,-16.4123576,133.3779192,Route
251.545,-16.4127026,133.3779509,Route
249.575,-16.413052,133.3779787,Route
250.607,-16.4135527,133.3780185,Route
251.724,-16.4138122,133.3780391,Route
251.839,-16.414063,133.3780779,Route
249.588,-16.4168417,133.3783025,Route
249.264,-16.4168932,133.3783087,Route
247.0,-16.4181864,133.3784262,Route
247.053,-16.4189035,133.3784868,Route
251.0,-16.4267916,133.3791533,Route
250.905,-16.4269709,133.3791684,Route
249.123,-16.430244,133.379445,Route
250.075,-16.431337,133.379556,Route
248.357,-16.4332341,133.3798141,Route
248.253,-16.433263,133.379818,Route
249.842,-16.4341193,133.3799799,Route
250.0,-16.4342962,133.3800133,Route
250.384,-16.434733,133.3800959,Route
250.467,-16.435774,133.380313,Route
254.672,-16.4367579,133.3805623,Route
254.042,-16.4369327,133.3806066,Route
252.369,-16.437171,133.380667,Route
251.302,-16.438958,133.381195,Route
250.49,-16.4396956,133.3814437,Route
253.0,-16.440363,133.3816689,Route
253.189,-16.4412247,133.3819969,Route
253.059,-16.441548,133.3821199,Route
252.174,-16.441896,133.3822664,Route
252.426,-16.4420628,133.3823366,Route
252.709,-16.442919,133.382697,Route
259.923,-16.4452085,133.3837284,Route
260.797,-16.4453736,133.3838028,Route
260.997,-16.4455387,133.3838772,Route
252.852,-16.4491711,133.3855138,Route
253.118,-16.4493362,133.3855882,Route
255.008,-16.450492,133.3861089,Route
265.602,-16.453444,133.387439,Route
264.255,-16.454038,133.387669,Route
266.397,-16.4545546,133.3878081,Route
266.767,-16.4546574,133.3878345,Route
265.59,-16.4553099,133.387943,Route
269.754,-16.4571966,133.388139,Route
271.684,-16.457559,133.3881806,Route
272.895,-16.4581654,133.3882505,Route
274.511,-16.4612301,133.3885816,Route
272.568,-16.462724,133.3887312,Route
271.41,-16.4650323,133.3889811,Route
270.516,-16.4660673,133.3890484,Route
269.892,-16.4690045,133.3890943,Route
269.813,-16.4691843,133.3890971,Route
270.471,-16.4693642,133.3890999,Route
271.629,-16.4706231,133.3891196,Route
270.423,-16.4715223,133.3891336,Route
270.763,-16.4717022,133.3891364,Route
265.192,-16.47422,133.3891758,Route
265.839,-16.4743998,133.3891786,Route
266.0,-16.4745796,133.3891814,Route
265.874,-16.4747595,133.3891842,Route
265.629,-16.4748328,133.3891853,Route
265.263,-16.4749393,133.3891826,Route
265.041,-16.4751191,133.3891781,Route
265.101,-16.4752989,133.3891736,Route
268.074,-16.4763667,133.3891468,Route
268.361,-16.4776557,133.3889893,Route
269.144,-16.4787216,133.3887616,Route
269.229,-16.4795482,133.3885036,Route
269.523,-16.4797646,133.3884361,Route
269.581,-16.4809946,133.3879346,Route
271.089,-16.4857116,133.3858895,Route
271.169,-16.4858777,133.3858175,Route
272.726,-16.4862099,133.3856735,Route
272.364,-16.4906941,133.3837293,Route
272.132,-16.4907571,133.383702,Route
271.737,-16.4908602,133.3836572,Route
270.811,-16.4911923,133.383513,Route
271.482,-16.4940518,133.3822716,Route
272.105,-16.4976672,133.3806987,Route
272.001,-16.4979992,133.3805543,Route
273.396,-16.4996592,133.3798321,Route
273.085,-16.4998252,133.3797599,Route
273.004,-16.4999912,133.3796876,Route
273.794,-16.5041257,133.3778887,Route
274.0,-16.5109513,133.3749255,Route
274.0,-16.5203773,133.3707699,Route
274.0,-16.520543,133.3706969,Route
272.668,-16.5217027,133.3701856,Route
272.096,-16.522034,133.3700395,Route
272.121,-16.5221997,133.3699664,Route
273.408,-16.5265071,133.3680672,Route
274.0,-16.5266728,133.3679942,Route
274.0,-16.5268385,133.3679211,Route
274.63,-16.5367786,133.3635379,Route
273.948,-16.5369443,133.3634649,Route
275.156,-16.5377727,133.3630996,Route
278.028,-16.5432397,133.3606886,Route
278.421,-16.5434054,133.3606155,Route
276.429,-16.5474058,133.3588513,Route
279.887,-16.5565911,133.3547828,Route
279.906,-16.5575271,133.3544341,Route
279.803,-16.5575595,133.354422,Route
279.654,-16.558089,133.3542378,Route
279.775,-16.5590277,133.3539651,Route
278.152,-16.5592944,133.3539026,Route
278.088,-16.5597815,133.3537948,Route
279.207,-16.5599563,133.3537561,Route
281.851,-16.5605306,133.3536291,Route
280.74,-16.5611533,133.3535316,Route
280.307,-16.5619107,133.353446,Route
280.291,-16.5619697,133.3534394,Route
279.831,-16.56209,133.353432,Route
279.826,-16.5620913,133.3534319,Route
277.331,-16.5625269,133.3534052,Route
277.602,-16.5626301,133.3534031,Route
279.455,-16.5637047,133.3533826,Route
280.569,-16.5642864,133.3533969,Route
279.471,-16.5652625,133.3534727,Route
279.364,-16.5657053,133.3535174,Route
280.692,-16.5660394,133.3535651,Route
281.599,-16.5662801,133.3535995,Route
280.2,-16.5671219,133.3537467,Route
280.436,-16.5689802,133.3541012,Route
280.972,-16.5712014,133.3545222,Route
278.998,-16.5763849,133.3555199,Route
276.502,-16.5774451,133.355728,Route
276.033,-16.5779546,133.3558242,Route
279.992,-16.5830508,133.3568109,Route
277.689,-16.5834041,133.3568826,Route
277.027,-16.5835805,133.3569184,Route
274.612,-16.5844631,133.3570958,Route
274.623,-16.5844657,133.3570963,Route
276.194,-16.5848178,133.3571585,Route
265.997,-16.5965319,133.359443,Route
266.582,-16.5975183,133.3596306,Route
263.914,-16.5984542,133.3598191,Route
263.982,-16.5991385,133.3599511,Route
264.0,-16.5994815,133.3600165,Route
264.0,-16.5995477,133.3600287,Route
264.0,-16.5996694,133.3600509,Route
264.0,-16.5996705,133.3600511,Route
264.582,-16.5998465,133.3600836,Route
264.587,-16.5998475,133.3600838,Route
265.479,-16.6000294,133.360116,Route
265.214,-16.600496,133.3601986,Route
265.505,-16.6014321,133.3603927,Route
265.902,-16.60237,133.3605758,Route
264.342,-16.6032891,133.3607588,Route
264.0,-16.6040323,133.3609037,Route
267.647,-16.6049105,133.3610847,Route
268.432,-16.6056715,133.3613172,Route
268.0,-16.6059084,133.3613872,Route
267.671,-16.6062695,133.3615062,Route
265.827,-16.6072399,133.3618787,Route
265.138,-16.608907,133.362553,Route
268.07,-16.6109263,133.3633043,Route
268.016,-16.6110219,133.3633377,Route
268.78,-16.6112419,133.3634191,Route
268.6,-16.6131613,133.3641633,Route
266.516,-16.6155128,133.3650776,Route
267.489,-16.6198581,133.3667529,Route
267.536,-16.6210103,133.367205,Route
266.419,-16.6216088,133.3674991,Route
265.346,-16.6220598,133.3676785,Route
263.743,-16.6231414,133.3681058,Route
265.123,-16.6233555,133.3682058,Route
266.613,-16.6239457,133.3684684,Route
264.057,-16.6247085,133.3688481,Route
264.724,-16.6251272,133.3690565,Route
263.996,-16.6258322,133.3694453,Route
264.428,-16.6259521,133.3695114,Route
264.567,-16.6259908,133.3695338,Route
264.953,-16.6261481,133.3696248,Route
264.559,-16.6265643,133.3698656,Route
263.399,-16.6276655,133.3705546,Route
261.253,-16.6288122,133.3713656,Route
260.812,-16.6297929,133.3721335,Route
260.182,-16.6313195,133.3733523,Route
259.642,-16.6322972,133.374133,Route
256.019,-16.6341742,133.3756404,Route
254.1,-16.6360832,133.3771736,Route
252.789,-16.6374121,133.3782412,Route
251.025,-16.638306,133.3789594,Route
251.536,-16.6388157,133.3793688,Route
251.869,-16.6394471,133.379878,Route
250.53,-16.6395894,133.3799928,Route
251.0,-16.640301,133.3805667,Route
251.0,-16.6404434,133.3806815,Route
250.0,-16.641011,133.3811392,Route
247.389,-16.6417991,133.3817748,Route
250.281,-16.6425781,133.3823998,Route
248.0,-16.6444319,133.3838871,Route
248.0,-16.6444336,133.3838885,Route
245.681,-16.6489968,133.3875497,Route
245.631,-16.6491394,133.3876642,Route
243.418,-16.649683,133.3881004,Route
242.712,-16.6513202,133.3894043,Route
242.261,-16.6514234,133.3894879,Route
242.844,-16.6515655,133.3896029,Route
245.931,-16.652276,133.3901783,Route
241.0,-16.654735,133.3921696,Route
238.386,-16.6564005,133.3935113,Route
238.586,-16.6565445,133.3936274,Route
239.004,-16.6566869,133.3937421,Route
238.55,-16.6568293,133.3938568,Route
236.542,-16.6571124,133.3940848,Route
238.348,-16.6579574,133.3947656,Route
238.419,-16.6579667,133.3947731,Route
240.064,-16.6583939,133.3951172,Route
237.651,-16.6618116,133.3978697,Route
237.749,-16.6619557,133.3979858,Route
238.089,-16.6620981,133.3981004,Route
238.987,-16.6623829,133.3983298,Route
238.6,-16.6625253,133.3984445,Route
238.606,-16.662997,133.3988244,Route
237.227,-16.6640918,133.3997061,Route
237.541,-16.6652309,133.4006237,Route
237.987,-16.6657989,133.4010811,Route
236.048,-16.6666533,133.4017692,Route
235.155,-16.6686486,133.4033764,Route
235.735,-16.6690758,133.4037205,Route
235.342,-16.6692165,133.4038338,Route
235.326,-16.6693606,133.4039498,Route
234.658,-16.669503,133.4040645,Route
232.784,-16.6717797,133.4058984,Route
230.0,-16.6757686,133.4091114,Route
228.752,-16.6762063,133.409464,Route
229.4,-16.6764177,133.4096343,Route
230.461,-16.676691,133.409848,Route
229.157,-16.6771075,133.4101564,Route
228.719,-16.6775103,133.4104713,Route
229.574,-16.6778217,133.4107149,Route
228.75,-16.6784747,133.4112524,Route
229.896,-16.678962,133.4115574,Route
229.892,-16.6792583,133.411713,Route
230.745,-16.6797405,133.4119261,Route
229.379,-16.6800329,133.4120498,Route
229.43,-16.6800753,133.412064,Route
230.462,-16.680373,133.41216,Route
230.504,-16.6809467,133.4123153,Route
229.497,-16.6810266,133.4123342,Route
232.0,-16.6808314,133.4124014,Route
232.0,-16.6807327,133.4124347,Route
232.0,-16.6806768,133.4124467,Route
232.0,-16.6806108,133.4124512,Route
231.583,-16.6804976,133.4124377,Route
230.796,-16.6803884,133.4124,Route
230.524,-16.6801885,133.4125336,Route
231.53,-16.6798725,133.4125363,Route
232.565,-16.6795654,133.4123969,Route
