ele,lat,lon,name
17.0,-32.4925016,137.7705481,Route10
17.0,-32.4925016,137.7705481,Route10
17.018,-32.4925107,137.7704274,Route10
17.78,-32.4924428,137.7701981,Route10
17.945,-32.4924587,137.7701672,Route10
19.399,-32.4929157,137.7697801,Route10
18.92,-32.4931125,137.7696134,Route10
18.783,-32.4931679,137.7695731,Route10
18.669,-32.4932165,137.7695637,Route10
18.62,-32.4932697,137.7695852,Route10
19.367,-32.4937131,137.7698239,Route10
19.957,-32.4938769,137.769912,Route10
19.994,-32.4938952,137.7699218,Route10
19.979,-32.4940287,137.7700117,Route10
19.491,-32.4941486,137.7701511,Route10
18.717,-32.4942323,137.7703054,Route10
18.185,-32.4942708,137.7704408,Route10
17.677,-32.4942889,137.7705575,Route10
17.469,-32.4942911,137.7706715,Route10
16.892,-32.4943183,137.7707949,Route10
17.149,-32.4943152,137.7709828,Route10
17.287,-32.4943117,137.7711961,Route10
17.271,-32.4943115,137.7712066,Route10
17.299,-32.4942991,137.7712549,Route10
17.467,-32.4942708,137.7712924,Route10
16.184,-32.4938138,137.7716907,Route10
16.335,-32.4937516,137.7717108,Route10
16.566,-32.4936928,137.7717055,Route10
16.895,-32.4936136,137.7716934,Route10
16.99,-32.4934824,137.7716719,Route10
16.965,-32.4933874,137.7717162,Route10
16.247,-32.4930551,137.7720127,Route10
16.645,-32.4929771,137.7720849,Route10
16.736,-32.492962,137.7721116,Route10
17.0,-32.4928633,137.7722863,Route10
17.0,-32.4928092,137.7723368,Route10
17.132,-32.4926266,137.772672,Route10
16.109,-32.4926085,137.7728642,Route10
16.09,-32.4925983,137.7728717,Route10
16.023,-32.4925779,137.7728903,Route10
15.844,-32.4925503,137.7729266,Route10
13.237,-32.4923183,137.7733484,Route10
12.816,-32.4933253,137.7741388,Route10
12.358,-32.4934457,137.7743165,Route10
12.324,-32.4934449,137.7743236,Route10
12.289,-32.4934437,137.7743306,Route10
12.254,-32.4934428,137.7743376,Route10
12.221,-32.4934422,137.7743446,Route10
12.188,-32.4934419,137.7743517,Route10
12.158,-32.4934419,137.7743587,Route10
12.128,-32.4934422,137.7743658,Route10
12.101,-32.4934428,137.7743728,Route10
12.076,-32.4934438,137.7743798,Route10
12.069,-32.4934446,137.7743824,Route10
12.052,-32.493445,137.7743868,Route10
12.032,-32.4934465,137.7743936,Route10
12.014,-32.4934483,137.7744004,Route10
11.999,-32.4934505,137.774407,Route10
11.988,-32.4934529,137.7744135,Route10
11.979,-32.4934555,137.7744198,Route10
11.973,-32.4934623,137.774433,Route10
11.975,-32.4934658,137.7744388,Route10
11.982,-32.4934696,137.7744443,Route10
11.982,-32.4934736,137.7744496,Route10
11.985,-32.4934778,137.7744546,Route10
11.989,-32.4934822,137.7744594,Route10
11.997,-32.4934869,137.7744638,Route10
12.007,-32.4934917,137.774468,Route10
12.019,-32.4934967,137.7744719,Route10
12.034,-32.4935019,137.7744755,Route10
12.051,-32.4935072,137.7744788,Route10
12.067,-32.4935129,137.7744826,Route10
12.092,-32.4935182,137.7744843,Route10
12.117,-32.4935239,137.7744865,Route10
12.143,-32.4935296,137.7744884,Route10
12.172,-32.4935354,137.77449,Route10
12.203,-32.4935413,137.7744912,Route10
12.237,-32.4935473,137.774492,Route10
12.286,-32.4935549,137.7744922,Route10
12.317,-32.49356,137.7744926,Route10
12.359,-32.493566,137.7744922,Route10
12.403,-32.4935719,137.7744915,Route10
12.448,-32.4935778,137.7744905,Route10
12.497,-32.4935837,137.7744891,Route10
12.548,-32.4935895,137.7744873,Route10
12.581,-32.4935933,137.7744862,Route10
9.989,-32.4938943,137.7748374,Route10
10.0,-32.4945413,137.7753584,Route10
8.398,-32.4954449,137.7760605,Route10
10.0,-32.4963169,137.7767551,Route10
12.293,-32.4970162,137.7773036,Route10
12.386,-32.4970483,137.7773294,Route10
12.526,-32.4973806,137.7775925,Route10
11.55,-32.4976798,137.7778294,Route10
11.429,-32.4980105,137.7780846,Route10
10.944,-32.4981612,137.7782009,Route10
9.948,-32.4987642,137.7786663,Route10
11.396,-32.4989535,137.778805,Route10
12.133,-32.4991099,137.7789195,Route10
11.801,-32.4991708,137.7788648,Route10
10.958,-32.4992582,137.7787838,Route10
10.068,-32.4997032,137.7783708,Route10
9.778,-32.4997663,137.7783123,Route10
9.07,-32.4999413,137.7781471,Route10
9.0,-32.500235,137.7785708,Route10
9.347,-32.5004075,137.7787922,Route10
10.405,-32.5006856,137.7791492,Route10
11.261,-32.5007911,137.7792662,Route10
11.998,-32.5008954,137.7793818,Route10
12.715,-32.5009831,137.7794779,Route10
13.56,-32.501104,137.7796031,Route10
13.617,-32.5012147,137.7797178,Route10
13.602,-32.5013493,137.7798498,Route10
13.735,-32.5014361,137.7799264,Route10
14.092,-32.5017122,137.7801558,Route10
14.031,-32.5021043,137.7804678,Route10
12.916,-32.50224,137.7805432,Route10
11.51,-32.5031827,137.7812763,Route10
13.225,-32.5033657,137.7814231,Route10
13.922,-32.5035486,137.78157,Route10
13.736,-32.503681,137.7816713,Route10
13.454,-32.503735,137.7817167,Route10
13.022,-32.5038731,137.7818393,Route10
13.464,-32.5040178,137.7819796,Route10
13.839,-32.5042115,137.7821945,Route10
12.28,-32.5044102,137.7824565,Route10
10.928,-32.5045934,137.7827395,Route10
10.71,-32.5047473,137.783022,Route10
10.342,-32.5048854,137.7833528,Route10
8.897,-32.5049949,137.7836442,Route10
8.0,-32.5050866,137.7838931,Route10
8.0,-32.5050982,137.7840114,Route10
8.0,-32.5051034,137.7840574,Route10
8.049,-32.5051666,137.7844541,Route10
9.198,-32.5052295,137.7847604,Route10
9.064,-32.5052985,137.7850403,Route10
9.077,-32.5053141,137.7851146,Route10
9.02,-32.5053504,137.785256,Route10
8.686,-32.5054104,137.7854607,Route10
8.708,-32.5054656,137.7856362,Route10
9.182,-32.5055309,137.7858338,Route10
10.963,-32.505636,137.7861243,Route10
7.586,-32.5058093,137.7865775,Route10
7.117,-32.5058978,137.7868044,Route10
7.0,-32.5060253,137.7871407,Route10
7.476,-32.5061825,137.7875789,Route10
7.0,-32.5065983,137.7887308,Route10
7.0,-32.5070928,137.7901128,Route10
7.0,-32.5076506,137.7916341,Route10
7.0,-32.5081006,137.7928824,Route10
7.0,-32.508101,137.7928834,Route10
7.0,-32.508431,137.793792,Route10
7.0,-32.5085263,137.7940532,Route10
7.0,-32.5085754,137.7941893,Route10
7.0,-32.5087851,137.7947546,Route10
7.0,-32.508812,137.7948251,Route10
7.0,-32.5089473,137.7951793,Route10
9.162,-32.5090684,137.7955203,Route10
14.318,-32.5094739,137.7966619,Route10
12.908,-32.5099109,137.7978923,Route10
12.826,-32.5099169,137.7979091,Route10
11.547,-32.5100533,137.7984329,Route10
10.347,-32.5101508,137.7989194,Route10
10.0,-32.5103905,137.8000882,Route10
8.825,-32.510809,137.8022547,Route10
10.285,-32.5109546,137.8030262,Route10
10.448,-32.5110019,137.8032617,Route10
11.396,-32.511092,137.8037292,Route10
12.876,-32.5112206,137.80441,Route10
12.064,-32.5116059,137.8064204,Route10
11.738,-32.5119044,137.8079451,Route10
10.259,-32.5120163,137.8085146,Route10
10.906,-32.5120894,137.8088157,Route10
11.315,-32.5121271,137.808971,Route10
11.894,-32.5121941,137.8091801,Route10
13.747,-32.5122924,137.8095651,Route10
13.337,-32.5123677,137.8098037,Route10
12.933,-32.5124359,137.8100185,Route10
12.0,-32.5125758,137.8104057,Route10
11.449,-32.5128288,137.8109907,Route10
10.184,-32.513112,137.8115533,Route10
13.965,-32.5133496,137.8119998,Route10
13.955,-32.5133756,137.8120424,Route10
13.418,-32.5136342,137.8124367,Route10
13.329,-32.5136425,137.8124485,Route10
13.0,-32.5138679,137.8127687,Route10
14.0,-32.5141871,137.8131955,Route10
14.0,-32.5143079,137.8133519,Route10
14.0,-32.5143702,137.8134287,Route10
13.876,-32.5144867,137.8135603,Route10
13.091,-32.514697,137.8137971,Route10
13.075,-32.5148063,137.8139097,Route10
16.868,-32.5152898,137.8144079,Route10
14.226,-32.5163017,137.8153552,Route10
13.63,-32.5165846,137.8156582,Route10
13.29,-32.5167638,137.8158499,Route10
13.04,-32.5169743,137.8161001,Route10
13.024,-32.5172632,137.8164333,Route10
11.973,-32.5180287,137.8175074,Route10
13.238,-32.5185255,137.8182749,Route10
13.61,-32.5185577,137.8183316,Route10
13.83,-32.5185896,137.818386,Route10
13.509,-32.5188179,137.8187475,Route10
10.561,-32.5199925,137.8206699,Route10
15.493,-32.5207296,137.8218714,Route10
15.932,-32.5209503,137.8221771,Route10
16.012,-32.521209,137.8226472,Route10
14.351,-32.5216094,137.8232932,Route10
13.0,-32.5228699,137.8253422,Route10
12.392,-32.5233924,137.8261546,Route10
15.884,-32.5241339,137.8272272,Route10
14.529,-32.5244325,137.8276492,Route10
15.137,-32.5249118,137.8282952,Route10
17.337,-32.5252378,137.8287706,Route10
13.958,-32.5256747,137.8294309,Route10
14.232,-32.5257545,137.8295089,Route10
16.736,-32.5268533,137.8313243,Route10
15.046,-32.5272877,137.8320386,Route10
16.015,-32.5273459,137.832133,Route10
17.655,-32.5274681,137.8323313,Route10
17.788,-32.527881,137.8330043,Route10
16.245,-32.5295347,137.8356997,Route10
23.957,-32.530634,137.837488,Route10
23.925,-32.5306444,137.8375049,Route10
20.736,-32.53074,137.8376603,Route10
20.294,-32.5307504,137.8376773,Route10
20.308,-32.5338538,137.8427261,Route10
19.831,-32.5345922,137.8439357,Route10
19.501,-32.5346482,137.8440274,Route10
19.14,-32.5348961,137.8443824,Route10
18.641,-32.5350996,137.8447162,Route10
19.702,-32.5355648,137.8454698,Route10
19.0,-32.5365929,137.8471351,Route10
20.839,-32.5371775,137.8481041,Route10
17.232,-32.5377474,137.8490445,Route10
17.483,-32.5380386,137.8495082,Route10
21.166,-32.5400451,137.852796,Route10
25.885,-32.5405874,137.8536001,Route10
24.35,-32.5407915,137.8538728,Route10
22.576,-32.5410564,137.8542172,Route10
22.702,-32.5413992,137.8546292,Route10
23.716,-32.5415282,137.8547817,Route10
24.892,-32.5416846,137.8549679,Route10
24.332,-32.5418828,137.8551856,Route10
23.099,-32.5422511,137.8555701,Route10
23.192,-32.5424443,137.8557667,Route10
23.075,-32.5425216,137.8558434,Route10
23.227,-32.5427175,137.8560305,Route10
24.0,-32.5430831,137.8563519,Route10
24.153,-32.5433885,137.8566023,Route10
25.0,-32.5438164,137.8569318,Route10
24.959,-32.5466038,137.8589849,Route10
24.212,-32.5470032,137.8592772,Route10
27.975,-32.5513362,137.8624435,Route10
25.0,-32.5520831,137.8629978,Route10
22.269,-32.554247,137.8645773,Route10
22.308,-32.5558564,137.8657399,Route10
21.52,-32.5565223,137.8661993,Route10
19.654,-32.5575255,137.8668666,Route10
28.0,-32.5618656,137.869808,Route10
24.006,-32.5711108,137.8760957,Route10
24.367,-32.5719002,137.876598,Route10
28.621,-32.5731873,137.8775557,Route10
28.393,-32.5734227,137.8776984,Route10
28.082,-32.574077,137.8781114,Route10
24.785,-32.5743721,137.8783351,Route10
30.676,-32.5785787,137.8813238,Route10
28.909,-32.5826122,137.8841508,Route10
29.0,-32.5827239,137.8842304,Route10
30.957,-32.5840599,137.885192,Route10
31.807,-32.58548,137.8862598,Route10
30.816,-32.5879929,137.8879895,Route10
31.781,-32.5927173,137.8913872,Route10
31.375,-32.5931606,137.8916646,Route10
31.001,-32.5958385,137.8936208,Route10
31.684,-32.5993212,137.8960247,Route10
34.17,-32.5998777,137.896436,Route10
33.901,-32.601488,137.8975717,Route10
33.27,-32.6017887,137.8978191,Route10
32.086,-32.6028577,137.8985326,Route10
34.074,-32.60504,137.9001358,Route10
33.463,-32.6054772,137.9004562,Route10
34.122,-32.6066803,137.9012678,Route10
34.493,-32.6073845,137.9018037,Route10
39.6,-32.6086905,137.9027593,Route10
37.965,-32.6104194,137.9038824,Route10
38.683,-32.6117106,137.9048541,Route10
39.26,-32.612958,137.905722,Route10
39.969,-32.6137457,137.9062941,Route10
39.86,-32.6142716,137.9066861,Route10
38.0,-32.6146536,137.9069708,Route10
41.736,-32.6156902,137.9077284,Route10
41.978,-32.6169379,137.9085917,Route10
41.943,-32.6175159,137.9089758,Route10
40.258,-32.6182739,137.9094601,Route10
39.706,-32.6194689,137.9103803,Route10
40.66,-32.6203369,137.9109546,Route10
40.317,-32.6210231,137.9114117,Route10
40.217,-32.6215444,137.9118366,Route10
40.494,-32.623143,137.9129184,Route10
40.241,-32.623838,137.9134154,Route10
40.23,-32.6242767,137.9137274,Route10
38.74,-32.6249106,137.9141823,Route10
38.823,-32.6249839,137.9142376,Route10
38.982,-32.6261072,137.9150852,Route10
42.106,-32.6264183,137.9153265,Route10
42.256,-32.6264599,137.9153559,Route10
42.045,-32.6271904,137.9158116,Route10
40.846,-32.6273843,137.915938,Route10
40.295,-32.6275208,137.916031,Route10
39.786,-32.6277354,137.9161834,Route10
40.56,-32.6279617,137.9164198,Route10
41.596,-32.6283431,137.9166106,Route10
43.871,-32.6286891,137.9169265,Route10
41.405,-32.6307804,137.9183786,Route10
44.906,-32.6311201,137.9185748,Route10
42.595,-32.6318367,137.9191449,Route10
42.664,-32.6322735,137.9193947,Route10
41.149,-32.6324761,137.9195176,Route10
41.47,-32.6331178,137.9199548,Route10
40.764,-32.6335171,137.9201934,Route10
41.189,-32.6352398,137.9212167,Route10
42.815,-32.6364258,137.9218346,Route10
41.406,-32.6369502,137.9220549,Route10
43.865,-32.6375374,137.9223013,Route10
43.0,-32.6382564,137.9225777,Route10
42.952,-32.6387666,137.9227542,Route10
41.921,-32.6401803,137.9232052,Route10
42.806,-32.6405731,137.9233722,Route10
41.176,-32.6410622,137.9234979,Route10
39.334,-32.641574,137.92358,Route10
41.469,-32.6429932,137.9240365,Route10
39.73,-32.6443447,137.9243892,Route10
39.0,-32.6453982,137.9246621,Route10
38.04,-32.645693,137.9247387,Route10
38.826,-32.6501281,137.925913,Route10
38.637,-32.6507576,137.9260765,Route10
36.65,-32.6517235,137.926338,Route10
37.225,-32.6523625,137.9265094,Route10
38.338,-32.6528485,137.9266385,Route10
35.909,-32.6532415,137.9267431,Route10
36.581,-32.6533959,137.9267839,Route10
38.422,-32.6540415,137.926962,Route10
38.887,-32.6546295,137.9271282,Route10
35.261,-32.6559018,137.9275079,Route10
36.413,-32.6563839,137.927658,Route10
36.092,-32.6565579,137.9277123,Route10
36.366,-32.6567674,137.9277791,Route10
35.782,-32.6571744,137.9279088,Route10
35.009,-32.6579179,137.9281569,Route10
38.0,-32.6584965,137.9283531,Route10
35.587,-32.6590757,137.9285535,Route10
33.957,-32.6597958,137.9287725,Route10
36.536,-32.6602089,137.928925,Route10
36.217,-32.6605415,137.9291181,Route10
34.868,-32.6608197,137.9292197,Route10
36.958,-32.6624759,137.9298668,Route10
37.0,-32.6670315,137.9317752,Route10
36.779,-32.6672836,137.9318808,Route10
35.485,-32.6690235,137.9326097,Route10
35.84,-32.6691221,137.932651,Route10
35.42,-32.6701374,137.9330764,Route10
35.822,-32.6702937,137.9331419,Route10
36.526,-32.6703887,137.9331817,Route10
39.766,-32.671951,137.9338531,Route10
40.207,-32.6731435,137.9343479,Route10
41.0,-32.6735436,137.9345167,Route10
40.524,-32.6740337,137.9347236,Route10
40.953,-32.6741505,137.9347749,Route10
40.336,-32.6743512,137.9348647,Route10
42.088,-32.6752999,137.9352634,Route10
40.645,-32.6769133,137.9359503,Route10
42.29,-32.6774922,137.9361971,Route10
42.596,-32.6790544,137.936852,Route10
45.196,-32.6797086,137.9371148,Route10
44.582,-32.680468,137.9374259,Route10
44.792,-32.6807755,137.9375527,Route10
47.0,-32.6812453,137.9377354,Route10
47.874,-32.6818382,137.9379642,Route10
48.065,-32.6826127,137.9382522,Route10
46.852,-32.6830488,137.9384083,Route10
52.482,-32.6837156,137.9386405,Route10
49.174,-32.6849518,137.9390866,Route10
50.558,-32.6852124,137.9391731,Route10
52.877,-32.6858866,137.9394007,Route10
53.415,-32.6859741,137.9394317,Route10
53.673,-32.6860203,137.9394503,Route10
53.636,-32.6872896,137.9398907,Route10
54.432,-32.68762,137.9400033,Route10
55.597,-32.6887206,137.9403708,Route10
55.822,-32.6891982,137.940506,Route10
59.589,-32.6903806,137.9409034,Route10
58.917,-32.6906872,137.9410024,Route10
58.466,-32.6907875,137.9410276,Route10
56.629,-32.6912021,137.941146,Route10
58.0,-32.6919451,137.941341,Route10
58.795,-32.6929171,137.9415533,Route10
58.927,-32.6940339,137.9417789,Route10
60.566,-32.6951521,137.9419661,Route10
60.842,-32.6960214,137.9420865,Route10
60.548,-32.6962366,137.9421028,Route10
58.977,-32.6965518,137.942151,Route10
58.073,-32.696801,137.9421832,Route10
61.138,-32.6975382,137.942253,Route10
60.804,-32.6980944,137.9422856,Route10
61.036,-32.6983495,137.9423071,Route10
58.551,-32.6992117,137.942351,Route10
60.388,-32.700049,137.9423671,Route10
62.563,-32.7007922,137.9423648,Route10
57.719,-32.7018827,137.9423621,Route10
60.837,-32.7023934,137.9423322,Route10
60.944,-32.7029629,137.9422991,Route10
59.442,-32.7035044,137.9422737,Route10
59.921,-32.7038638,137.9422389,Route10
61.777,-32.7043728,137.9421849,Route10
61.24,-32.7046555,137.9421597,Route10
59.468,-32.7053876,137.9420745,Route10
59.58,-32.7066346,137.9418861,Route10
58.034,-32.7071203,137.9417985,Route10
57.887,-32.7079756,137.9416353,Route10
56.774,-32.7086995,137.9414817,Route10
56.697,-32.7092508,137.9413605,Route10
55.468,-32.7095921,137.9412861,Route10
56.673,-32.7105715,137.9410737,Route10
54.664,-32.7109219,137.9409957,Route10
52.196,-32.711975,137.9407725,Route10
52.853,-32.7120892,137.9407322,Route10
53.633,-32.7123005,137.9406912,Route10
53.884,-32.7126219,137.9406288,Route10
53.196,-32.7129996,137.9405572,Route10
51.672,-32.7134682,137.9404705,Route10
51.3,-32.7137768,137.9404157,Route10
51.701,-32.714143,137.9403609,Route10
50.966,-32.7144567,137.9403092,Route10
49.962,-32.7147461,137.9402681,Route10
49.601,-32.7150803,137.9402224,Route10
49.454,-32.7153112,137.9401916,Route10
49.926,-32.7155313,137.9401603,Route10
50.223,-32.7156819,137.9401415,Route10
50.379,-32.7160221,137.9401027,Route10
48.556,-32.7164255,137.9400577,Route10
47.794,-32.716547,137.9400438,Route10
47.291,-32.7166235,137.9400351,Route10
47.0,-32.7169321,137.9400051,Route10
48.071,-32.7173576,137.9399613,Route10
45.254,-32.7181149,137.9399104,Route10
44.999,-32.7183335,137.9398913,Route10
42.012,-32.7191593,137.9398502,Route10
42.0,-32.7197988,137.9398174,Route10
41.461,-32.7201498,137.9398115,Route10
41.719,-32.7206021,137.9398002,Route10
40.637,-32.7209881,137.9397912,Route10
38.895,-32.7213457,137.9397947,Route10
36.909,-32.7217563,137.9398002,Route10
38.152,-32.722288,137.9398115,Route10
37.396,-32.7228481,137.9398295,Route10
35.397,-32.7230781,137.9398446,Route10
32.667,-32.7241489,137.9399075,Route10
33.0,-32.7247979,137.9399538,Route10
31.501,-32.7257603,137.940033,Route10
29.0,-32.7284604,137.9403089,Route10
28.6,-32.729344,137.940452,Route10
29.709,-32.7299572,137.9405515,Route10
28.0,-32.7312051,137.9407228,Route10
27.708,-32.7313869,137.9407509,Route10
26.919,-32.7347786,137.941222,Route10
26.916,-32.7347806,137.9412223,Route10
26.579,-32.7349574,137.9412493,Route10
26.575,-32.734959,137.9412495,Route10
25.884,-32.7350774,137.9412662,Route10
24.237,-32.7353146,137.9412994,Route10
23.87,-32.7354949,137.9413247,Route10
23.44,-32.7356718,137.9413495,Route10
21.177,-32.7361383,137.9414147,Route10
14.99,-32.7382426,137.9417541,Route10
12.499,-32.73948,137.9420318,Route10
12.575,-32.7409762,137.9424516,Route10
12.097,-32.7410952,137.9424884,Route10
12.857,-32.7421845,137.9428673,Route10
12.807,-32.742193,137.9428704,Route10
12.015,-32.7423565,137.9429292,Route10
11.987,-32.7423651,137.9429326,Route10
11.853,-32.7424164,137.9429527,Route10
11.675,-32.742532,137.9429973,Route10
11.666,-32.7425361,137.942999,Route10
10.926,-32.7430152,137.9431965,Route10
11.0,-32.7439707,137.943591,Route10
2.114,-32.7464047,137.9447228,Route10
4.98,-32.7469416,137.9449802,Route10
5.485,-32.7472514,137.9451272,Route10
4.95,-32.7475129,137.9452542,Route10
4.0,-32.7479388,137.9454601,Route10
3.0,-32.7486925,137.9458123,Route10
3.956,-32.7494513,137.9461674,Route10
1.703,-32.7501486,137.9464894,Route10
3.0,-32.7508789,137.9468424,Route10
1.134,-32.7515392,137.9471414,Route10
2.0,-32.7521445,137.9474304,Route10
1.007,-32.7532018,137.947926,Route10
0.765,-32.7533422,137.9479924,Route10
0.794,-32.7533691,137.9480048,Route10
1.512,-32.7537532,137.9481803,Route10
1.801,-32.7544379,137.9485018,Route10
1.36,-32.7545398,137.9485508,Route10
1.004,-32.7547066,137.948631,Route10
1.0,-32.7549165,137.9487319,Route10
3.466,-32.7555394,137.9490345,Route10
3.418,-32.7556283,137.9490777,Route10
2.718,-32.7558743,137.9491907,Route10
1.77,-32.7560421,137.9492677,Route10
1.762,-32.7560439,137.9492685,Route10
1.819,-32.7563178,137.9493942,Route10
2.272,-32.7570204,137.9497226,Route10
3.99,-32.757601,137.949998,Route10
4.0,-32.7579728,137.9501521,Route10
2.69,-32.7585452,137.9504425,Route10
1.165,-32.7595563,137.9509122,Route10
2.585,-32.7608318,137.9515048,Route10
3.0,-32.7611518,137.9516477,Route10
2.967,-32.761234,137.9516833,Route10
2.965,-32.7612369,137.9516845,Route10
2.33,-32.7615749,137.9518311,Route10
1.777,-32.7617287,137.9518977,Route10
1.492,-32.762176,137.952081,Route10
0.874,-32.7625326,137.9522196,Route10
0.699,-32.7630384,137.9524164,Route10
0.917,-32.7634564,137.9525694,Route10
0.873,-32.7639655,137.9527425,Route10
1.394,-32.7644748,137.9529008,Route10
1.123,-32.7646697,137.9529582,Route10
1.072,-32.7648809,137.9530206,Route10
0.706,-32.7653118,137.9531372,Route10
4.864,-32.7670852,137.9535695,Route10
5.209,-32.7671292,137.9535773,Route10
5.237,-32.7671329,137.9535779,Route10
6.294,-32.7673071,137.9536087,Route10
6.31,-32.7673108,137.9536093,Route10
6.829,-32.7675254,137.9536468,Route10
5.951,-32.7676631,137.9536706,Route10
5.93,-32.7676667,137.9536713,Route10
4.869,-32.7678411,137.9537013,Route10
3.697,-32.7680191,137.9537319,Route10
3.479,-32.7680523,137.9537376,Route10
1.155,-32.7694254,137.9539319,Route10
1.865,-32.7701863,137.9540027,Route10
1.908,-32.7719784,137.954099,Route10
2.086,-32.772754,137.9541033,Route10
1.875,-32.7729291,137.9541029,Route10
12.538,-32.774065,137.9540416,Route10
13.053,-32.7741421,137.954037,Route10
14.205,-32.7743147,137.9540381,Route10
16.445,-32.7751976,137.954008,Route10
17.332,-32.7758902,137.9540371,Route10
21.051,-32.7766809,137.9540463,Route10
21.513,-32.7776876,137.9540997,Route10
24.0,-32.7783994,137.9541567,Route10
24.193,-32.7791484,137.9542385,Route10
24.71,-32.7792014,137.9542443,Route10
26.239,-32.7793255,137.9542606,Route10
26.259,-32.7793272,137.9542609,Route10
27.779,-32.7795118,137.9542953,Route10
28.292,-32.7798722,137.9543632,Route10
28.254,-32.7799592,137.9543739,Route10
26.232,-32.7808269,137.954496,Route10
25.309,-32.7815035,137.9546339,Route10
28.15,-32.7823326,137.9548269,Route10
29.067,-32.783071,137.9550208,Route10
28.812,-32.7839163,137.9552654,Route10
27.681,-32.7846093,137.9554925,Route10
25.655,-32.7854717,137.9557974,Route10
27.77,-32.7860652,137.9560019,Route10
29.089,-32.7862747,137.956069,Route10
29.274,-32.7862997,137.9560769,Route10
27.41,-32.7871082,137.9563307,Route10
28.481,-32.7881223,137.956659,Route10
29.446,-32.7882692,137.956778,Route10
30.184,-32.7884787,137.956847,Route10
30.945,-32.7904433,137.9574923,Route10
36.608,-32.7923313,137.958175,Route10
39.241,-32.7946732,137.9590258,Route10
40.0,-32.79689,137.9598202,Route10
39.958,-32.798787,137.9604724,Route10
39.154,-32.799609,137.9607628,Route10
40.983,-32.8004364,137.961083,Route10
41.235,-32.8010457,137.9613465,Route10
43.691,-32.8017482,137.9616604,Route10
43.866,-32.8022527,137.9619072,Route10
42.69,-32.8030534,137.9623083,Route10
42.247,-32.8031795,137.9623762,Route10
42.0,-32.8033431,137.9624647,Route10
42.0,-32.8035256,137.9625631,Route10
43.064,-32.8039357,137.9627956,Route10
43.495,-32.8045215,137.9631429,Route10
47.932,-32.8052686,137.9636197,Route10
48.72,-32.8054269,137.9637208,Route10
47.295,-32.8057923,137.963954,Route10
47.084,-32.8061424,137.9642366,Route10
46.559,-32.8082058,137.9657109,Route10
47.085,-32.8084075,137.9658469,Route10
46.86,-32.809218,137.9664566,Route10
47.588,-32.8114792,137.9681285,Route10
49.242,-32.8126926,137.9689858,Route10
50.105,-32.8135149,137.9695719,Route10
48.446,-32.8145408,137.9702944,Route10
50.992,-32.8161134,137.9714123,Route10
50.704,-32.8162683,137.9715216,Route10
50.704,-32.81627,137.9715228,Route10
50.869,-32.8164233,137.9716302,Route10
51.286,-32.8165889,137.9717462,Route10
48.244,-32.8177421,137.97256,Route10
48.321,-32.8187757,137.9732929,Route10
51.95,-32.8199869,137.9741493,Route10
47.194,-32.8207545,137.9746953,Route10
46.184,-32.8211123,137.9749477,Route10
45.212,-32.8216637,137.9753338,Route10
47.216,-32.8226582,137.9760059,Route10
45.221,-32.823377,137.9764502,Route10
45.583,-32.8235543,137.9765509,Route10
47.0,-32.8241357,137.9770069,Route10
46.45,-32.8245836,137.9772506,Route10
46.537,-32.8251493,137.9775482,Route10
47.169,-32.8257538,137.9778437,Route10
46.995,-32.8261808,137.9780499,Route10
47.073,-32.8264394,137.9781678,Route10
48.278,-32.8270224,137.9784407,Route10
48.723,-32.8274264,137.9786155,Route10
48.694,-32.8278909,137.9788195,Route10
47.0,-32.8284632,137.9790453,Route10
47.894,-32.8287382,137.9791539,Route10
49.0,-32.8291374,137.9793088,Route10
49.0,-32.829221,137.9793391,Route10
50.083,-32.829789,137.9795405,Route10
50.039,-32.8301317,137.9796541,Route10
48.707,-32.8305385,137.9798037,Route10
51.309,-32.8311944,137.9800025,Route10
51.45,-32.831713,137.9801499,Route10
50.794,-32.8322658,137.9802976,Route10
50.952,-32.8331531,137.9805112,Route10
51.712,-32.8342468,137.9807795,Route10
50.962,-32.8350117,137.9809158,Route10
52.532,-32.8352244,137.9809495,Route10
54.676,-32.8357932,137.9810324,Route10
51.548,-32.8372448,137.9811904,Route10
51.427,-32.8374257,137.9812047,Route10
51.62,-32.8376052,137.9812189,Route10
52.069,-32.8377873,137.9812333,Route10
54.0,-32.8390425,137.9813001,Route10
54.0,-32.8390455,137.9813003,Route10
53.942,-32.8392221,137.9813088,Route10
53.939,-32.8392253,137.981309,Route10
53.767,-32.8406184,137.9813871,Route10
52.168,-32.8416816,137.9814356,Route10
52.196,-32.8418312,137.9814432,Route10
53.441,-32.8422681,137.9814655,Route10
54.284,-32.8431713,137.9815094,Route10
61.696,-32.8438976,137.9815769,Route10
58.514,-32.8445603,137.9816206,Route10
57.728,-32.8447559,137.9816248,Route10
55.115,-32.845309,137.9816672,Route10
57.033,-32.8456701,137.9816906,Route10
54.394,-32.8475841,137.9817898,Route10
53.291,-32.8479549,137.9818178,Route10
52.769,-32.8493803,137.9819158,Route10
53.646,-32.849624,137.9819239,Route10
52.908,-32.8507434,137.9819292,Route10
52.011,-32.8513583,137.981971,Route10
51.293,-32.8515854,137.9819747,Route10
51.404,-32.8519725,137.9819954,Route10
53.769,-32.8523223,137.9820136,Route10
54.371,-32.8525745,137.9820257,Route10
57.498,-32.8534716,137.9820603,Route10
53.666,-32.8549072,137.9821228,Route10
49.457,-32.8556729,137.9821384,Route10
47.202,-32.8560676,137.9821423,Route10
44.814,-32.861103,137.9821689,Route10
44.808,-32.8611106,137.9821689,Route10
39.121,-32.8631333,137.9821755,Route10
39.262,-32.863442,137.9821765,Route10
40.986,-32.8658628,137.9821844,Route10
32.0,-32.8723049,137.9822307,Route10
28.207,-32.8747796,137.9822211,Route10
29.011,-32.8750028,137.9822193,Route10
29.016,-32.8751827,137.9822178,Route10
29.001,-32.8755487,137.9822148,Route10
29.87,-32.8757996,137.9822195,Route10
29.024,-32.8763903,137.9822262,Route10
20.743,-32.883475,137.9822688,Route10
20.301,-32.8890198,137.9822724,Route10
20.473,-32.8891214,137.9822827,Route10
24.296,-32.8929051,137.9822713,Route10
24.086,-32.8947461,137.98231,Route10
21.24,-32.9021997,137.9823255,Route10
21.754,-32.9022861,137.9823282,Route10
27.123,-32.9049489,137.9823564,Route10
19.919,-32.9153776,137.9823365,Route10
28.559,-32.9182603,137.9823448,Route10
24.037,-32.9194214,137.9823472,Route10
26.516,-32.9240707,137.9823568,Route10
25.58,-32.9324936,137.9823896,Route10
26.311,-32.9402277,137.9824136,Route10
23.99,-32.9452234,137.9824291,Route10
22.83,-32.947022,137.9824345,Route10
22.983,-32.9472019,137.9824351,Route10
21.173,-32.956063,137.9824618,Route10
20.0,-32.9564441,137.9824632,Route10
20.018,-32.9586709,137.9824774,Route10
17.683,-32.9604901,137.9824703,Route10
13.251,-32.9650219,137.9825044,Route10
14.308,-32.9651208,137.9825016,Route10
15.994,-32.9660551,137.9824982,Route10
14.266,-32.9689979,137.9825101,Route10
14.425,-32.9700729,137.9825094,Route10
12.563,-32.9704052,137.9825132,Route10
12.051,-32.9706199,137.9825141,Route10
12.13,-32.9716306,137.982517,Route10
12.505,-32.9726676,137.9825454,Route10
11.386,-32.9736913,137.9826271,Route10
12.951,-32.9749525,137.9827914,Route10
13.146,-32.976202,137.9830224,Route10
10.868,-32.9767806,137.983145,Route10
12.516,-32.9778159,137.983424,Route10
8.478,-32.9801451,137.9840743,Route10
8.144,-32.9802377,137.9841035,Route10
10.826,-32.9809298,137.9843056,Route10
10.689,-32.9817242,137.9845308,Route10
10.237,-32.9821531,137.9846565,Route10
11.399,-32.9829446,137.9849001,Route10
11.19,-32.9831188,137.9849537,Route10
11.916,-32.98335,137.9850248,Route10
11.896,-32.9834565,137.9850518,Route10
10.044,-32.9841715,137.9852654,Route10
8.84,-32.9850163,137.9855112,Route10
9.904,-32.9853497,137.9856172,Route10
11.429,-32.9856222,137.9857125,Route10
9.493,-32.9860426,137.9858903,Route10
6.466,-32.9865728,137.9861467,Route10
7.895,-32.9869703,137.9863502,Route10
9.851,-32.9875415,137.9866751,Route10
9.035,-32.9879074,137.9869234,Route10
9.537,-32.9882804,137.9871855,Route10
11.51,-32.9885842,137.987409,Route10
10.9,-32.9887441,137.9875396,Route10
9.528,-32.9890337,137.9877812,Route10
11.845,-32.9893915,137.9881071,Route10
11.203,-32.9898218,137.9885369,Route10
12.485,-32.9901428,137.9888887,Route10
11.698,-32.9904838,137.9892888,Route10
11.704,-32.9907133,137.9895776,Route10
11.755,-32.9907483,137.989624,Route10
13.572,-32.9909737,137.989919,Route10
15.0,-32.9912175,137.9902649,Route10
13.658,-32.9915449,137.9907724,Route10
12.892,-32.9919135,137.9913899,Route10
14.231,-32.9920836,137.9917095,Route10
15.885,-32.9922543,137.9920474,Route10
15.495,-32.9923624,137.9922727,Route10
15.129,-32.9924643,137.992496,Route10
15.368,-32.9925761,137.9927458,Route10
15.354,-32.9925919,137.9927823,Route10
16.068,-32.9926741,137.992973,Route10
16.744,-32.9927137,137.9930648,Route10
16.0,-32.9928394,137.9933629,Route10
16.374,-32.9929921,137.9937457,Route10
16.006,-32.9933207,137.9945641,Route10
14.724,-32.9935884,137.9952133,Route10
14.762,-32.9936502,137.9953637,Route10
14.584,-32.9937117,137.9955143,Route10
12.718,-32.9938779,137.9959336,Route10
13.271,-32.9941512,137.9965758,Route10
14.603,-32.994277,137.9970651,Route10
14.912,-32.9944947,137.997643,Route10
13.128,-32.9946797,137.9981019,Route10
12.131,-32.9948222,137.9984482,Route10
11.008,-32.9949689,137.9987977,Route10
12.544,-32.9951773,137.9992409,Route10
14.0,-32.9953557,137.9995976,Route10
14.0,-32.9953594,137.999605,Route10
14.0,-32.9954003,137.9996901,Route10
13.781,-32.995446,137.999783,Route10
13.755,-32.9954496,137.9997903,Route10
11.293,-32.9957519,138.0003299,Route10
11.263,-32.9959063,138.0006677,Route10
12.524,-32.9960924,138.0009976,Route10
13.826,-32.9963406,138.0014116,Route10
13.61,-32.9965578,138.0017661,Route10
14.688,-32.9968742,138.0022443,Route10
13.61,-32.9970527,138.0025182,Route10
14.901,-32.9975608,138.0032203,Route10
14.766,-32.9979273,138.0037059,Route10
13.476,-32.9985962,138.0045369,Route10
13.152,-32.9989972,138.0049742,Route10
15.302,-32.999502,138.0054903,Route10
14.004,-32.999999,138.0059711,Route10
12.069,-33.0005269,138.0064344,Route10
12.024,-33.0005767,138.0064759,Route10
12.033,-33.0005831,138.0064812,Route10
12.46,-33.000723,138.0066008,Route10
12.489,-33.0007292,138.0066061,Route10
12.141,-33.0011513,138.0069512,Route10
12.232,-33.0016147,138.0073029,Route10
12.522,-33.0021564,138.0076866,Route10
14.156,-33.0027208,138.0080726,Route10
13.0,-33.0035826,138.0085766,Route10
11.595,-33.0040015,138.008802,Route10
9.987,-33.0043284,138.0089645,Route10
7.936,-33.0046087,138.0090934,Route10
7.375,-33.0046877,138.0091318,Route10
7.705,-33.0048441,138.0092036,Route10
7.79,-33.0048565,138.0092093,Route10
9.002,-33.0050763,138.0093058,Route10
9.928,-33.0053632,138.0094301,Route10
10.008,-33.0055446,138.0095041,Route10
7.439,-33.0062348,138.0097545,Route10
7.842,-33.0066158,138.0098835,Route10
7.986,-33.007226,138.0100725,Route10
9.468,-33.0084055,138.0104394,Route10
8.0,-33.0092947,138.0107072,Route10
7.999,-33.0094449,138.0107512,Route10
7.0,-33.0099807,138.010909,Route10
6.68,-33.0104044,138.0110419,Route10
5.407,-33.0108668,138.0111906,Route10
7.462,-33.0112745,138.0113036,Route10
7.904,-33.0116901,138.0114277,Route10
7.365,-33.011806,138.0114626,Route10
9.305,-33.0132139,138.0119096,Route10
5.351,-33.015778,138.0127646,Route10
4.966,-33.0163647,138.0129471,Route10
5.0,-33.0171255,138.0131803,Route10
5.433,-33.0173887,138.0132563,Route10
4.407,-33.0180796,138.0134704,Route10
3.821,-33.0183201,138.0135481,Route10
3.265,-33.018625,138.0136569,Route10
5.776,-33.0189941,138.0137889,Route10
5.808,-33.0190092,138.0137946,Route10
6.0,-33.0191808,138.0138588,Route10
6.0,-33.0196139,138.0140207,Route10
5.59,-33.0198362,138.0141149,Route10
6.18,-33.0207832,138.0145486,Route10
4.675,-33.0210383,138.0146654,Route10
2.908,-33.0218585,138.0150828,Route10
5.689,-33.022307,138.0153341,Route10
6.746,-33.0228484,138.0156597,Route10
4.0,-33.0233859,138.0159912,Route10
8.36,-33.0240778,138.0164608,Route10
3.796,-33.0252565,138.0173065,Route10
4.572,-33.0261005,138.0179154,Route10
5.363,-33.0265571,138.0182449,Route10
4.766,-33.0270001,138.0185645,Route10
7.789,-33.0297883,138.0205864,Route10
9.368,-33.0312869,138.0216656,Route10
8.063,-33.0321048,138.0222634,Route10
8.89,-33.034701,138.0241514,Route10
5.097,-33.036444,138.0254142,Route10
5.108,-33.0364485,138.0254175,Route10
6.11,-33.0366971,138.0255991,Route10
6.038,-33.0381094,138.0266127,Route10
6.402,-33.0390005,138.0272516,Route10
5.499,-33.0403633,138.0282568,Route10
6.29,-33.0406117,138.028447,Route10
8.008,-33.0412213,138.0288944,Route10
9.286,-33.0415223,138.0291126,Route10
9.055,-33.0420997,138.0295301,Route10
10.25,-33.0430472,138.0302147,Route10
8.223,-33.0434365,138.0304937,Route10
8.163,-33.0436396,138.030638,Route10
11.87,-33.0441041,138.0309508,Route10
9.249,-33.0448379,138.0313941,Route10
11.98,-33.0453348,138.0316697,Route10
11.477,-33.0456487,138.0318246,Route10
11.751,-33.0457947,138.0319021,Route10
10.758,-33.046016,138.0320088,Route10
10.0,-33.0464028,138.0321852,Route10
9.036,-33.0470032,138.0324313,Route10
7.444,-33.0474818,138.0326126,Route10
7.771,-33.0475513,138.0326375,Route10
9.458,-33.0477649,138.0327139,Route10
11.645,-33.0481496,138.0328421,Route10
12.0,-33.0485714,138.0329714,Route10
12.0,-33.0487678,138.0330216,Route10
11.593,-33.0489853,138.0330811,Route10
12.205,-33.0495469,138.03321,Route10
13.88,-33.0504619,138.0333838,Route10
9.668,-33.0510123,138.0334743,Route10
9.581,-33.0510473,138.0334798,Route10
12.248,-33.0515787,138.033563,Route10
11.972,-33.0519426,138.0336208,Route10
11.56,-33.0527904,138.0337667,Route10
9.742,-33.0534049,138.0338594,Route10
8.903,-33.0540575,138.0339711,Route10
7.669,-33.0547862,138.0341307,Route10
6.278,-33.0549563,138.0341755,Route10
6.371,-33.0551319,138.0342218,Route10
9.94,-33.0556686,138.0343631,Route10
9.229,-33.0561089,138.0345041,Route10
7.967,-33.0566347,138.0346812,Route10
5.331,-33.0569419,138.034808,Route10
7.0,-33.0576669,138.0351154,Route10
7.454,-33.058304,138.0354187,Route10
7.648,-33.0587089,138.0356386,Route10
7.259,-33.058817,138.0356973,Route10
7.06,-33.0588721,138.0357288,Route10
7.0,-33.0590343,138.0358214,Route10
6.983,-33.0594492,138.0360582,Route10
4.986,-33.0600038,138.036387,Route10
4.206,-33.0601649,138.0364825,Route10
4.125,-33.0601781,138.0364903,Route10
6.914,-33.0611462,138.03708,Route10
5.063,-33.0620722,138.0376325,Route10
5.939,-33.0630798,138.0382486,Route10
4.012,-33.0636078,138.0385689,Route10
3.92,-33.0636334,138.0385846,Route10
4.0,-33.0647104,138.0392432,Route10
6.225,-33.065694,138.0398476,Route10
4.784,-33.0664728,138.0403569,Route10
6.668,-33.06713,138.0407886,Route10
5.522,-33.0676376,138.0411209,Route10
5.457,-33.0724274,138.0442726,Route10
5.917,-33.0730788,138.0446991,Route10
6.819,-33.0735607,138.0450045,Route10
6.785,-33.0743655,138.045488,Route10
4.783,-33.0756884,138.046262,Route10
7.315,-33.0768602,138.0469526,Route10
5.416,-33.0780676,138.0476623,Route10
5.138,-33.0787776,138.0480724,Route10
4.713,-33.0793694,138.0484337,Route10
3.2,-33.0811613,138.0494749,Route10
6.701,-33.0821393,138.0500627,Route10
4.421,-33.083728,138.0510038,Route10
7.693,-33.0857575,138.0522127,Route10
9.092,-33.086298,138.0525381,Route10
7.96,-33.0870937,138.0530347,Route10
6.448,-33.0874395,138.0532694,Route10
6.52,-33.087753,138.0534919,Route10
9.0,-33.0885155,138.0540509,Route10
5.852,-33.089071,138.0544751,Route10
6.798,-33.0895798,138.0548995,Route10
7.371,-33.0896473,138.0549659,Route10
8.924,-33.0904215,138.0556428,Route10
7.963,-33.0909285,138.0561187,Route10
7.91,-33.0909396,138.0561291,Route10
6.977,-33.0910814,138.0562612,Route10
5.353,-33.0915544,138.0567021,Route10
6.403,-33.0922664,138.0573712,Route10
8.947,-33.0924945,138.0575893,Route10
9.095,-33.0926349,138.0577235,Route10
8.601,-33.093138,138.0582045,Route10
7.816,-33.093338,138.0583928,Route10
6.942,-33.0938556,138.0588803,Route10
10.146,-33.0942082,138.0592143,Route10
11.999,-33.0947444,138.059722,Route10
11.718,-33.0951795,138.0601412,Route10
11.0,-33.0958887,138.0608082,Route10
12.181,-33.0963361,138.0612329,Route10
15.566,-33.0971322,138.0619917,Route10
15.179,-33.0978414,138.0626712,Route10
16.994,-33.0986172,138.0634145,Route10
15.011,-33.0993632,138.0640929,Route10
13.1,-33.0995404,138.0642598,Route10
12.451,-33.099798,138.0645024,Route10
14.765,-33.1004127,138.0650696,Route10
17.071,-33.1011528,138.0656939,Route10
17.992,-33.1013368,138.0658315,Route10
16.15,-33.1017454,138.06613,Route10
14.178,-33.1021759,138.0664136,Route10
18.833,-33.1026442,138.0667113,Route10
16.514,-33.102993,138.0669043,Route10
16.461,-33.1031136,138.0669594,Route10
17.712,-33.1034479,138.0671385,Route10
17.983,-33.1038807,138.0673379,Route10
18.912,-33.1042169,138.0674792,Route10
19.611,-33.1045736,138.0676106,Route10
19.077,-33.1049759,138.0677463,Route10
19.298,-33.1050831,138.0677771,Route10
22.044,-33.1054527,138.0678938,Route10
20.918,-33.1061813,138.0680714,Route10
20.744,-33.1065082,138.068136,Route10
19.92,-33.1069819,138.0682126,Route10
18.686,-33.1072202,138.0682426,Route10
17.597,-33.1075557,138.0682771,Route10
17.05,-33.1078412,138.0682994,Route10
18.096,-33.1081333,138.0683146,Route10
19.798,-33.1091105,138.0683334,Route10
21.976,-33.1100052,138.0683349,Route10
17.248,-33.1110424,138.0683334,Route10
17.975,-33.1237444,138.0683263,Route10
17.93,-33.1244875,138.0683275,Route10
13.111,-33.126982,138.0683265,Route10
13.758,-33.1271618,138.0683264,Route10
14.926,-33.127356,138.0683263,Route10
16.392,-33.1281099,138.0683238,Route10
15.282,-33.1293429,138.0683235,Route10
18.048,-33.1334195,138.0683254,Route10
15.951,-33.1339092,138.0683262,Route10
16.069,-33.1344776,138.0683264,Route10
16.306,-33.1345454,138.0683253,Route10
14.005,-33.1357021,138.0683347,Route10
13.685,-33.1364763,138.0683375,Route10
13.096,-33.1366399,138.0683386,Route10
12.481,-33.1390381,138.0683385,Route10
12.997,-33.1400746,138.0683326,Route10
14.659,-33.1405056,138.0683377,Route10
10.0,-33.141456,138.0683412,Route10
9.197,-33.1427231,138.068342,Route10
7.936,-33.1452906,138.0683387,Route10
7.294,-33.145476,138.0683385,Route10
8.5,-33.1484722,138.0683308,Route10
8.0,-33.1489303,138.0683243,Route10
9.877,-33.1496891,138.0683237,Route10
9.685,-33.1497666,138.0683248,Route10
9.974,-33.1516599,138.0683134,Route10
7.563,-33.1526213,138.0683229,Route10
8.529,-33.1535543,138.0683238,Route10
9.252,-33.1540849,138.0683243,Route10
8.817,-33.1542101,138.0683245,Route10
7.667,-33.15481,138.0683182,Route10
6.071,-33.1557475,138.0682694,Route10
6.0,-33.1558901,138.0682517,Route10
5.438,-33.1566725,138.0681746,Route10
5.519,-33.1569816,138.0681277,Route10
5.335,-33.1571693,138.0681021,Route10
4.655,-33.1578824,138.0679018,Route10
4.479,-33.158562,138.0676548,Route10
5.277,-33.1588589,138.0675565,Route10
5.137,-33.1589496,138.0675213,Route10
4.776,-33.159145,138.0674326,Route10
4.259,-33.1597943,138.067214,Route10
5.241,-33.160067,138.0671295,Route10
6.261,-33.1604254,138.0670811,Route10
5.374,-33.1608182,138.0670332,Route10
3.657,-33.1612819,138.066999,Route10
3.0,-33.1615428,138.0669257,Route10
3.0,-33.1616441,138.0669027,Route10
2.197,-33.161955,138.0668984,Route10
2.944,-33.1623284,138.0669041,Route10
2.69,-33.1625511,138.0669017,Route10
2.276,-33.162868,138.0669025,Route10
2.827,-33.1630478,138.0669029,Route10
3.745,-33.1641989,138.0669058,Route10
2.898,-33.1644351,138.0669068,Route10
2.945,-33.1646122,138.0669059,Route10
3.0,-33.1648147,138.0669118,Route10
3.004,-33.165041,138.0669368,Route10
3.0,-33.1652827,138.0669613,Route10
3.0,-33.1654383,138.0669921,Route10
3.0,-33.1655964,138.0670298,Route10
1.982,-33.1661731,138.0671993,Route10
2.039,-33.1664319,138.0672919,Route10
2.85,-33.1668873,138.0674584,Route10
2.002,-33.1676706,138.0677775,Route10
2.101,-33.1678323,138.0678452,Route10
2.022,-33.1679851,138.0679126,Route10
1.805,-33.168137,138.0679722,Route10
2.057,-33.1683338,138.0680396,Route10
2.064,-33.1684957,138.0680862,Route10
2.071,-33.1688452,138.0681814,Route10
3.414,-33.1691823,138.068228,Route10
3.698,-33.1693259,138.0682519,Route10
3.832,-33.1694911,138.0682618,Route10
3.246,-33.1696538,138.0682707,Route10
5.534,-33.1711831,138.0682772,Route10
3.394,-33.1740304,138.0682894,Route10
4.025,-33.1886548,138.0682891,Route10
4.115,-33.1888618,138.0682978,Route10
4.613,-33.1890471,138.0683056,Route10
5.0,-33.1892938,138.0683268,Route10
4.87,-33.1894829,138.0683507,Route10
4.112,-33.1899005,138.0684203,Route10
4.156,-33.1900918,138.0684641,Route10
4.443,-33.1904021,138.068556,Route10
4.412,-33.1906502,138.0686412,Route10
4.985,-33.190827,138.0687112,Route10
5.701,-33.19109,138.0688219,Route10
4.902,-33.1913538,138.0689511,Route10
4.33,-33.1915762,138.069075,Route10
4.257,-33.1918759,138.0692614,Route10
4.387,-33.1921016,138.0694144,Route10
4.569,-33.1923802,138.0696318,Route10
5.018,-33.1926157,138.069833,Route10
5.0,-33.1930098,138.0702146,Route10
4.905,-33.1933401,138.0705894,Route10
5.993,-33.1936102,138.0709401,Route10
6.867,-33.1937402,138.0711285,Route10
6.933,-33.1937662,138.071162,Route10
6.0,-33.1942005,138.0719026,Route10
7.113,-33.1952267,138.073718,Route10
7.064,-33.1952351,138.0737725,Route10
7.029,-33.1952506,138.0738069,Route10
7.002,-33.1952739,138.0738531,Route10
8.005,-33.1965049,138.0762242,Route10
10.833,-33.1966829,138.0765081,Route10
11.143,-33.1969047,138.0768826,Route10
7.571,-33.1971931,138.0774353,Route10
8.956,-33.1974871,138.0780696,Route10
10.15,-33.1977341,138.078744,Route10
9.983,-33.1977825,138.078885,Route10
10.735,-33.197917,138.0792971,Route10
10.992,-33.1979683,138.0794377,Route10
11.251,-33.1980059,138.0795293,Route10
11.593,-33.198051,138.079612,Route10
11.901,-33.198112,138.0796876,Route10
11.182,-33.1984287,138.0806861,Route10
14.361,-33.1987021,138.0815802,Route10
14.023,-33.1988757,138.0820863,Route10
14.012,-33.198881,138.0821001,Route10
13.859,-33.1989544,138.0822963,Route10
14.334,-33.1990965,138.0826763,Route10
13.465,-33.1992953,138.0831571,Route10
11.144,-33.1994427,138.0834539,Route10
10.764,-33.1995383,138.0836259,Route10
12.086,-33.1996157,138.0837824,Route10
14.002,-33.1997582,138.0840075,Route10
14.806,-33.1998211,138.0841248,Route10
14.9,-33.1998313,138.0841438,Route10
15.951,-33.2000578,138.0845505,Route10
17.795,-33.2002925,138.084946,Route10
18.26,-33.2004645,138.08522,Route10
17.792,-33.2005959,138.0853981,Route10
16.989,-33.2007019,138.0855332,Route10
15.819,-33.2014233,138.0865163,Route10
15.131,-33.2015095,138.0866686,Route10
14.742,-33.2016345,138.0868512,Route10
15.345,-33.2017625,138.087026,Route10
15.817,-33.2018935,138.0871997,Route10
15.883,-33.2019779,138.0872144,Route10
14.488,-33.2021466,138.0874402,Route10
14.276,-33.2023438,138.0876751,Route10
15.0,-33.2026342,138.0880187,Route10
14.994,-33.2026668,138.0880581,Route10
14.435,-33.2028434,138.0882124,Route10
14.033,-33.2029892,138.0883453,Route10
15.017,-33.2031681,138.0885034,Route10
15.245,-33.2032027,138.0885319,Route10
17.312,-33.2033974,138.0887933,Route10
17.415,-33.203745,138.0890921,Route10
16.585,-33.2038345,138.08917,Route10
19.62,-33.2046168,138.089851,Route10
19.691,-33.2046364,138.0898696,Route10
19.69,-33.2050805,138.0902908,Route10
21.0,-33.2084735,138.0934979,Route10
22.748,-33.2094673,138.0943973,Route10
24.745,-33.2110438,138.0958263,Route10
25.433,-33.2111716,138.096014,Route10
25.565,-33.2114806,138.0962981,Route10
26.97,-33.2118628,138.0966584,Route10
27.779,-33.2121609,138.0969285,Route10
27.025,-33.2124439,138.0971875,Route10
27.0,-33.2125926,138.097328,Route10
27.09,-33.2128043,138.0975228,Route10
28.016,-33.212963,138.0976693,Route10
28.857,-33.2131654,138.097848,Route10
28.668,-33.2134109,138.0980758,Route10
28.113,-33.2136426,138.0982882,Route10
29.969,-33.2139769,138.0985985,Route10
31.211,-33.2142204,138.0988197,Route10
28.616,-33.2145739,138.0991439,Route10
27.633,-33.2147976,138.0993439,Route10
28.347,-33.2151831,138.0996986,Route10
30.754,-33.2155207,138.1000105,Route10
30.483,-33.2159051,138.1003652,Route10
28.722,-33.2162855,138.1007104,Route10
31.736,-33.2170462,138.1014173,Route10
30.798,-33.2175409,138.101869,Route10
32.745,-33.2185321,138.102786,Route10
33.586,-33.2186557,138.1028959,Route10
34.059,-33.2187202,138.1029628,Route10
35.324,-33.2190466,138.1032635,Route10
34.065,-33.2193578,138.1035528,Route10
34.577,-33.2195473,138.1037281,Route10
35.804,-33.2197927,138.1039521,Route10
33.781,-33.2205937,138.104696,Route10
33.975,-33.2209207,138.104993,Route10
34.059,-33.2210774,138.1051353,Route10
33.57,-33.2212559,138.105303,Route10
34.305,-33.2216338,138.1056518,Route10
35.993,-33.221976,138.1059711,Route10
33.869,-33.2225637,138.1065084,Route10
40.293,-33.225797,138.1094962,Route10
39.669,-33.225999,138.1096838,Route10
39.347,-33.2261575,138.1098292,Route10
41.166,-33.2264014,138.1100561,Route10
41.709,-33.2265834,138.1102303,Route10
42.039,-33.2268471,138.1104691,Route10
42.605,-33.2271708,138.1107728,Route10
42.757,-33.2273137,138.1109064,Route10
43.508,-33.2285418,138.1120357,Route10
45.657,-33.2289401,138.1124046,Route10
45.835,-33.2292124,138.112649,Route10
45.401,-33.229333,138.1127647,Route10
44.999,-33.2297237,138.1131299,Route10
44.624,-33.2298648,138.1132593,Route10
44.177,-33.2299992,138.1133816,Route10
44.866,-33.2302106,138.1135738,Route10
45.942,-33.2304569,138.1138043,Route10
45.991,-33.2307076,138.1140383,Route10
46.0,-33.2309365,138.1142447,Route10
48.433,-33.2323211,138.1155224,Route10
48.454,-33.2325682,138.1157567,Route10
49.501,-33.2327999,138.1159726,Route10
50.035,-33.233068,138.1162204,Route10
51.276,-33.2332398,138.1163784,Route10
52.896,-33.2338865,138.1169709,Route10
52.093,-33.2342642,138.1173326,Route10
52.709,-33.2344007,138.1174584,Route10
53.0,-33.2347152,138.1177473,Route10
53.113,-33.234812,138.1178383,Route10
53.357,-33.2349158,138.1179242,Route10
53.479,-33.2355344,138.1184315,Route10
53.383,-33.2358437,138.1187175,Route10
53.653,-33.2361879,138.1190957,Route10
53.417,-33.2363106,138.1192043,Route10
53.452,-33.2364086,138.1192922,Route10
53.795,-33.2365075,138.1193876,Route10
54.252,-33.2366272,138.1195144,Route10
54.575,-33.2366948,138.119591,Route10
55.142,-33.236828,138.1197472,Route10
56.828,-33.2370188,138.120021,Route10
57.996,-33.2372093,138.1203031,Route10
58.0,-33.2372616,138.1203804,Route10
57.891,-33.237617,138.1209053,Route10
57.485,-33.2377008,138.1210312,Route10
56.942,-33.2377938,138.1211463,Route10
56.755,-33.2378457,138.1212337,Route10
56.358,-33.2380577,138.1214884,Route10
56.738,-33.2381701,138.121594,Route10
57.23,-33.2383338,138.121731,Route10
57.316,-33.2384146,138.1217975,Route10
58.042,-33.2386001,138.1219562,Route10
59.515,-33.238837,138.1221395,Route10
60.014,-33.2389869,138.1222332,Route10
60.192,-33.239094,138.1222946,Route10
60.416,-33.2391796,138.1223379,Route10
62.674,-33.2397806,138.1227372,Route10
59.931,-33.2404794,138.1232021,Route10
59.499,-33.2408951,138.123472,Route10
59.66,-33.2409582,138.1235167,Route10
61.182,-33.2424543,138.1244504,Route10
60.946,-33.2429216,138.1247071,Route10
61.417,-33.2434327,138.1249745,Route10
63.0,-33.2439262,138.1252342,Route10
63.079,-33.2448855,138.1257409,Route10
62.82,-33.2451921,138.1259044,Route10
63.105,-33.2454043,138.1260321,Route10
63.018,-33.2455881,138.1261535,Route10
62.546,-33.2457341,138.1262576,Route10
62.153,-33.2459478,138.1264315,Route10
63.119,-33.2462267,138.1266998,Route10
64.0,-33.2464759,138.1269945,Route10
64.354,-33.2469362,138.1276184,Route10
65.099,-33.2470488,138.1277219,Route10
70.324,-33.2478298,138.128821,Route10
71.891,-33.2489853,138.1304673,Route10
78.752,-33.2518952,138.13441,Route10
80.958,-33.2541562,138.1374718,Route10
81.0,-33.2542751,138.1376357,Route10
81.0,-33.254276,138.1376369,Route10
81.011,-33.2543955,138.1377952,Route10
80.067,-33.254754,138.1382762,Route10
84.012,-33.2558025,138.1396946,Route10
87.794,-33.2567932,138.1410398,Route10
89.706,-33.2580906,138.1427911,Route10
88.115,-33.2583015,138.1430778,Route10
88.745,-33.2585415,138.1433318,Route10
89.852,-33.2586591,138.1434942,Route10
97.044,-33.2600208,138.1454403,Route10
97.0,-33.2608411,138.1465752,Route10
101.59,-33.2621578,138.1483974,Route10
103.0,-33.2627519,138.1491187,Route10
101.274,-33.2630022,138.1494217,Route10
101.05,-33.2630774,138.1495444,Route10
101.035,-33.2635934,138.1501518,Route10
101.589,-33.2641477,138.1507311,Route10
104.936,-33.2647467,138.1513142,Route10
105.299,-33.2652457,138.1517699,Route10
103.801,-33.2657095,138.1521762,Route10
102.0,-33.2659099,138.1523328,Route10
102.537,-33.2665225,138.1527883,Route10
102.433,-33.2665835,138.1528306,Route10
103.114,-33.2669257,138.1530719,Route10
104.531,-33.2671572,138.1532278,Route10
104.587,-33.2676321,138.1534965,Route10
104.853,-33.2678704,138.153637,Route10
104.973,-33.2680683,138.1537594,Route10
102.635,-33.2685897,138.1540088,Route10
101.505,-33.2693029,138.1543533,Route10
102.284,-33.2697488,138.1545612,Route10
102.728,-33.2707641,138.1549622,Route10
102.633,-33.2709819,138.1550465,Route10
99.352,-33.271619,138.1552926,Route10
101.018,-33.2743406,138.1563394,Route10
100.086,-33.2749405,138.1565715,Route10
98.765,-33.2754534,138.1567699,Route10
98.17,-33.2764594,138.1571589,Route10
98.249,-33.2768015,138.1572913,Route10
98.607,-33.2769936,138.1573655,Route10
99.355,-33.2771653,138.1574319,Route10
99.539,-33.2773809,138.1575153,Route10
100.837,-33.27873,138.158043,Route10
103.728,-33.2793688,138.1582831,Route10
103.954,-33.2795613,138.1583555,Route10
103.943,-33.2796321,138.1583821,Route10
103.989,-33.2797117,138.158413,Route10
104.025,-33.2797325,138.158421,Route10
105.621,-33.280225,138.1586117,Route10
106.152,-33.2814143,138.1590719,Route10
108.431,-33.2817863,138.159214,Route10
109.831,-33.2826431,138.1595411,Route10
110.0,-33.2828508,138.1596204,Route10
110.584,-33.2833671,138.1598169,Route10
113.234,-33.2837098,138.1599477,Route10
113.663,-33.2838009,138.1599824,Route10
114.938,-33.2847394,138.1603436,Route10
114.332,-33.2849077,138.1604112,Route10
113.104,-33.2852488,138.1605482,Route10
113.0,-33.2854193,138.1606167,Route10
113.0,-33.2855038,138.1606506,Route10
113.0,-33.2855896,138.1606859,Route10
113.912,-33.2860392,138.160871,Route10
115.251,-33.2866111,138.1611254,Route10
110.944,-33.2873196,138.1614565,Route10
112.153,-33.2881327,138.1618526,Route10
112.0,-33.2884381,138.1620127,Route10
112.0,-33.2886177,138.1621069,Route10
112.071,-33.2895115,138.1625818,Route10
112.405,-33.2898997,138.1627968,Route10
112.691,-33.2903894,138.1630739,Route10
112.608,-33.2906961,138.1632626,Route10
113.056,-33.2913004,138.1636598,Route10
112.227,-33.2916292,138.1638594,Route10
112.237,-33.2922134,138.1642324,Route10
115.0,-33.2929687,138.1647445,Route10
115.836,-33.2936567,138.1652322,Route10
116.238,-33.2938099,138.1653438,Route10
117.007,-33.2944704,138.1658354,Route10
118.908,-33.2949541,138.1662337,Route10
119.634,-33.2950641,138.1663189,Route10
124.159,-33.2954865,138.1667195,Route10
125.298,-33.2957497,138.1669723,Route10
125.714,-33.2960246,138.1671996,Route10
123.786,-33.2968154,138.1678671,Route10
125.686,-33.2973881,138.1683943,Route10
126.009,-33.2977831,138.1687459,Route10
126.011,-33.297784,138.1687468,Route10
126.508,-33.2979245,138.1688782,Route10
126.802,-33.2979741,138.1689264,Route10
127.449,-33.2980639,138.1690136,Route10
131.917,-33.2984861,138.1694378,Route10
133.943,-33.2990093,138.1699634,Route10
133.84,-33.299489,138.1704451,Route10
133.877,-33.2997086,138.1706705,Route10
133.893,-33.2997128,138.1706749,Route10
133.76,-33.3002185,138.1712037,Route10
133.331,-33.3003451,138.1713377,Route10
131.331,-33.3008275,138.1718465,Route10
134.664,-33.3013753,138.1724534,Route10
134.906,-33.3014181,138.1725036,Route10
133.923,-33.3016881,138.1727893,Route10
133.416,-33.3018288,138.1729201,Route10
133.025,-33.3019656,138.1730619,Route10
133.032,-33.3019674,138.1730638,Route10
134.542,-33.30218,138.1732874,Route10
135.789,-33.3025815,138.1736893,Route10
138.372,-33.3029732,138.1740907,Route10
138.747,-33.3035525,138.1746332,Route10
139.831,-33.3037727,138.1748376,Route10
141.594,-33.3040429,138.1751062,Route10
144.268,-33.3046796,138.1756725,Route10
144.0,-33.3052526,138.1761611,Route10
143.944,-33.3057335,138.1765513,Route10
144.783,-33.3061387,138.1768775,Route10
144.874,-33.3066793,138.1772881,Route10
144.185,-33.306755,138.177344,Route10
143.128,-33.3069084,138.1774579,Route10
142.247,-33.3070286,138.1775434,Route10
141.97,-33.3070623,138.1775675,Route10
140.224,-33.3078929,138.1781619,Route10
140.511,-33.3083309,138.1784753,Route10
138.942,-33.3088731,138.1788411,Route10
137.12,-33.3096476,138.1793879,Route10
136.846,-33.3098026,138.1794973,Route10
136.123,-33.3100426,138.1796668,Route10
130.154,-33.3123152,138.1812427,Route10
127.368,-33.3134581,138.1820576,Route10
124.725,-33.3139884,138.1824358,Route10
123.611,-33.3147446,138.18297,Route10
123.483,-33.3148662,138.1830559,Route10
122.444,-33.3154321,138.1834737,Route10
123.284,-33.315947,138.1838041,Route10
123.928,-33.3161285,138.1839101,Route10
123.871,-33.3163113,138.1840173,Route10
121.891,-33.3167054,138.1842281,Route10
120.648,-33.3171273,138.1844347,Route10
119.394,-33.3175897,138.1846435,Route10
117.041,-33.3180486,138.1848261,Route10
117.034,-33.3185734,138.1850109,Route10
114.986,-33.3189973,138.1851322,Route10
113.71,-33.3193837,138.1852326,Route10
113.148,-33.3198895,138.1853293,Route10
112.441,-33.3202444,138.1853791,Route10
112.435,-33.3202479,138.1853796,Route10
112.449,-33.3204231,138.1854025,Route10
112.45,-33.3204264,138.1854029,Route10
112.479,-33.3204901,138.1854108,Route10
112.604,-33.3206062,138.1854211,Route10
113.747,-33.3209612,138.1854506,Route10
114.217,-33.3215172,138.1854663,Route10
112.194,-33.3220414,138.1854323,Route10
113.0,-33.3226542,138.1853641,Route10
113.005,-33.3230974,138.1852867,Route10
111.356,-33.3235904,138.1851741,Route10
110.059,-33.3239537,138.1850707,Route10
110.048,-33.3241784,138.1850016,Route10
110.638,-33.3244751,138.1848995,Route10
110.592,-33.3245098,138.1848866,Route10
110.053,-33.324994,138.1847072,Route10
109.988,-33.3251447,138.1846443,Route10
109.593,-33.3252651,138.1845979,Route10
109.2,-33.3259988,138.1842767,Route10
110.456,-33.3262512,138.1841801,Route10
110.616,-33.3264955,138.1840772,Route10
108.869,-33.3268169,138.1839143,Route10
107.176,-33.3271048,138.183797,Route10
106.98,-33.3273197,138.1837141,Route10
108.0,-33.3275958,138.1835901,Route10
108.0,-33.3282125,138.1833349,Route10
109.0,-33.3287036,138.1831347,Route10
109.0,-33.3288386,138.1830793,Route10
108.565,-33.3290029,138.1830176,Route10
108.93,-33.3297384,138.1827201,Route10
108.223,-33.3304589,138.1824349,Route10
109.714,-33.3310869,138.1821825,Route10
107.4,-33.3314286,138.1820443,Route10
107.615,-33.3315734,138.1819861,Route10
107.896,-33.3317167,138.1819286,Route10
108.037,-33.3321393,138.1817598,Route10
108.0,-33.3326969,138.1815259,Route10
105.818,-33.3335848,138.1811616,Route10
103.945,-33.3355347,138.1803503,Route10
103.386,-33.3362184,138.180069,Route10
103.474,-33.3362429,138.1800589,Route10
103.999,-33.3363892,138.1800017,Route10
103.149,-33.3365602,138.1799348,Route10
102.696,-33.3366505,138.1798995,Route10
101.83,-33.3367316,138.1798698,Route10
99.746,-33.3369036,138.179807,Route10
98.861,-33.3370239,138.179763,Route10
98.11,-33.3372496,138.179689,Route10
98.833,-33.3374005,138.1796395,Route10
98.958,-33.337423,138.1796318,Route10
100.878,-33.3378414,138.1794885,Route10
100.981,-33.3379424,138.1794571,Route10
100.145,-33.3382931,138.1793481,Route10
101.01,-33.3387594,138.1792084,Route10
100.811,-33.3392429,138.1790803,Route10
100.048,-33.3397035,138.1789675,Route10
99.35,-33.3401022,138.1788754,Route10
99.952,-33.3405187,138.1787878,Route10
100.52,-33.3410337,138.1786885,Route10
99.989,-33.3414703,138.1786155,Route10
99.01,-33.3419417,138.1785481,Route10
98.834,-33.3424539,138.1784869,Route10
99.719,-33.34272,138.1784595,Route10
99.727,-33.3428403,138.1784471,Route10
99.614,-33.3428993,138.1784424,Route10
98.766,-33.3432052,138.1784179,Route10
95.535,-33.3436757,138.1783933,Route10
95.771,-33.3444151,138.1783277,Route10
95.313,-33.3450812,138.1782648,Route10
92.146,-33.3465708,138.1781143,Route10
90.717,-33.3490264,138.1778999,Route10
90.982,-33.3491584,138.1778884,Route10
91.282,-33.3492058,138.1778844,Route10
92.573,-33.3493852,138.1778692,Route10
91.776,-33.3512001,138.1777155,Route10
92.0,-33.3525962,138.1775738,Route10
92.571,-33.3534767,138.17749,Route10
94.699,-33.3540428,138.1774297,Route10
93.607,-33.354321,138.1773986,Route10
93.0,-33.3545253,138.1773761,Route10
92.034,-33.3559637,138.1772316,Route10
89.459,-33.3593455,138.1768455,Route10
89.719,-33.3602117,138.1767169,Route10
89.806,-33.3615368,138.176535,Route10
90.206,-33.3621079,138.1764238,Route10
91.608,-33.3637207,138.176113,Route10
85.899,-33.3681487,138.1752497,Route10
79.938,-33.3737754,138.1741494,Route10
79.018,-33.3769494,138.1735343,Route10
79.048,-33.3769577,138.1735327,Route10
80.005,-33.377725,138.1733847,Route10
78.921,-33.3782012,138.1732913,Route10
78.771,-33.3783224,138.173267,Route10
80.934,-33.3791928,138.1730739,Route10
75.545,-33.3849824,138.1718284,Route10
75.144,-33.3858181,138.1716267,Route10
75.879,-33.3860571,138.1715616,Route10
74.778,-33.3877763,138.1711743,Route10
71.614,-33.3886905,138.1709836,Route10
71.956,-33.3894472,138.1708239,Route10
71.0,-33.3898733,138.1707253,Route10
72.987,-33.3905011,138.1705733,Route10
72.726,-33.3916138,138.170301,Route10
71.435,-33.3925806,138.1700957,Route10
71.723,-33.3928177,138.170037,Route10
71.671,-33.3936307,138.1698137,Route10
70.464,-33.3943467,138.1696194,Route10
69.004,-33.3949222,138.1694455,Route10
68.059,-33.3955103,138.1692678,Route10
68.0,-33.3956971,138.1692126,Route10
69.058,-33.3974711,138.1686254,Route10
68.32,-33.3996667,138.1678196,Route10
60.667,-33.4016105,138.1671062,Route10
61.004,-33.4017299,138.1670601,Route10
62.56,-33.4019011,138.1669941,Route10
64.32,-33.4031067,138.1665289,Route10
65.59,-33.4056174,138.1653916,Route10
66.009,-33.4058742,138.1652753,Route10
65.644,-33.4064849,138.1649916,Route10
65.572,-33.4095634,138.1635983,Route10
66.939,-33.4131574,138.1619614,Route10
67.0,-33.4132397,138.1619176,Route10
65.0,-33.4145167,138.16134,Route10
63.63,-33.4157184,138.1607732,Route10
62.444,-33.4184567,138.1595415,Route10
63.0,-33.4219192,138.1579628,Route10
62.777,-33.4232045,138.1573755,Route10
62.056,-33.4247377,138.1566762,Route10
63.908,-33.4280299,138.15519,Route10
60.881,-33.4299641,138.154324,Route10
60.431,-33.4300139,138.1543003,Route10
61.484,-33.4309589,138.1538799,Route10
61.712,-33.431003,138.1538608,Route10
61.467,-33.4315711,138.1536452,Route10
63.0,-33.4322318,138.1534202,Route10
63.0,-33.4324275,138.1533666,Route10
63.0,-33.4325192,138.1533414,Route10
62.971,-33.4327884,138.1532676,Route10
62.707,-33.4329063,138.1532316,Route10
62.36,-33.4331653,138.1531682,Route10
61.952,-33.4337245,138.1530226,Route10
61.576,-33.4341138,138.1529378,Route10
59.948,-33.4348891,138.152802,Route10
60.183,-33.4356254,138.1527018,Route10
62.656,-33.4365712,138.1526082,Route10
63.184,-33.4367178,138.1526007,Route10
63.084,-33.437199,138.1525762,Route10
62.693,-33.4381571,138.1525853,Route10
61.788,-33.4390435,138.1526325,Route10
63.324,-33.4402019,138.1527584,Route10
64.0,-33.4408009,138.1528633,Route10
64.065,-33.4415873,138.1530302,Route10
62.505,-33.4423791,138.1532437,Route10
62.821,-33.4427541,138.1533595,Route10
64.846,-33.4432905,138.153525,Route10
64.869,-33.4441581,138.1538514,Route10
66.373,-33.4470878,138.155082,Route10
65.47,-33.447925,138.1554257,Route10
67.652,-33.4492476,138.1559699,Route10
68.0,-33.4592659,138.1601575,Route10
68.972,-33.4619659,138.1612899,Route10
69.319,-33.4663968,138.1631385,Route10
70.0,-33.4678028,138.1637273,Route10
69.71,-33.4684749,138.1640084,Route10
71.0,-33.4701325,138.1647778,Route10
72.203,-33.4716978,138.165608,Route10
72.0,-33.4730024,138.1663864,Route10
72.942,-33.4735875,138.1667564,Route10
71.031,-33.4746487,138.1674672,Route10
73.0,-33.4763804,138.1686443,Route10
73.85,-33.477726,138.1695379,Route10
73.176,-33.4807072,138.1715587,Route10
76.422,-33.4836528,138.1739796,Route10
73.597,-33.4850153,138.1751119,Route10
75.994,-33.4868745,138.1766599,Route10
74.143,-33.4884361,138.1779557,Route10
75.698,-33.4893832,138.1786949,Route10
74.853,-33.4899932,138.179119,Route10
74.848,-33.4906678,138.1795489,Route10
73.41,-33.4916795,138.1801138,Route10
74.116,-33.4922544,138.1803964,Route10
74.163,-33.4922676,138.1804043,Route10
75.791,-33.4927197,138.1806231,Route10
76.0,-33.4930189,138.1807478,Route10
75.958,-33.4940149,138.1811325,Route10
76.494,-33.4959739,138.1818737,Route10
74.825,-33.4979951,138.1826384,Route10
79.414,-33.5008671,138.1837371,Route10
78.854,-33.5046521,138.1851671,Route10
80.307,-33.5054155,138.1854497,Route10
79.0,-33.5064968,138.1858631,Route10
78.896,-33.5100005,138.1871928,Route10
78.195,-33.5121345,138.1880013,Route10
79.956,-33.5134696,138.1886359,Route10
80.149,-33.5140751,138.1889684,Route10
81.0,-33.5154444,138.1898897,Route10
80.35,-33.5158803,138.1902019,Route10
80.709,-33.5160303,138.1903184,Route10
81.675,-33.5165591,138.1907344,Route10
82.011,-33.5169407,138.1910697,Route10
81.525,-33.5170763,138.1911946,Route10
80.685,-33.5174776,138.1915714,Route10
82.67,-33.5177634,138.1918572,Route10
82.268,-33.5183212,138.1924347,Route10
82.0,-33.5188849,138.1930788,Route10
81.307,-33.5196192,138.1939783,Route10
84.551,-33.520546,138.1951192,Route10
82.689,-33.5214071,138.1961975,Route10
82.373,-33.5221442,138.1970782,Route10
84.43,-33.5226686,138.1977299,Route10
83.553,-33.5227924,138.1978874,Route10
82.5,-33.5234205,138.1986863,Route10
83.0,-33.5239294,138.1993075,Route10
86.338,-33.5320347,138.2093505,Route10
87.934,-33.5328431,138.2103124,Route10
89.0,-33.533437,138.2110441,Route10
89.772,-33.5340358,138.2118012,Route10
89.029,-33.5343721,138.2121913,Route10
88.662,-33.5344823,138.2123162,Route10
88.604,-33.5350222,138.2128824,Route10
89.897,-33.5356281,138.2134427,Route10
89.289,-33.5362991,138.214048,Route10
87.98,-33.5365617,138.2142667,Route10
87.92,-33.5365811,138.2142885,Route10
87.526,-33.5370176,138.2146428,Route10
87.599,-33.5373909,138.2148887,Route10
88.157,-33.5376581,138.2150437,Route10
88.39,-33.5378497,138.2151461,Route10
87.944,-33.5382049,138.2153648,Route10
88.374,-33.5383649,138.2154633,Route10
88.726,-33.5384386,138.2155086,Route10
87.841,-33.5392329,138.2159217,Route10
86.926,-33.5394069,138.2160155,Route10
89.124,-33.5421275,138.2171898,Route10
88.14,-33.5446094,138.2182377,Route10
87.969,-33.5449311,138.2183675,Route10
86.994,-33.5463812,138.2189498,Route10
88.133,-33.5473702,138.2193293,Route10
87.732,-33.5482409,138.2196678,Route10
89.529,-33.5492556,138.2199419,Route10
91.097,-33.5502559,138.220307,Route10
91.54,-33.5521932,138.2210009,Route10
96.486,-33.5554763,138.222139,Route10
96.53,-33.5556489,138.2221998,Route10
96.168,-33.5558219,138.222259,Route10
96.346,-33.5559953,138.2223184,Route10
96.462,-33.5561685,138.2223762,Route10
96.527,-33.5585925,138.2231925,Route10
96.707,-33.5587655,138.223252,Route10
96.708,-33.5587664,138.2232523,Route10
97.18,-33.5596064,138.2235322,Route10
98.17,-33.5608536,138.2239564,Route10
99.52,-33.5615332,138.2241855,Route10
100.36,-33.5619675,138.2243213,Route10
98.79,-33.5623137,138.2244112,Route10
98.045,-33.5626128,138.2244755,Route10
101.514,-33.5634762,138.2246168,Route10
101.804,-33.5638131,138.2246473,Route10
101.322,-33.5640519,138.2246607,Route10
101.0,-33.5643485,138.2246718,Route10
100.956,-33.5647982,138.2246777,Route10
100.872,-33.5653332,138.2246777,Route10
101.581,-33.5659721,138.2246771,Route10
103.051,-33.5670069,138.2246586,Route10
104.87,-33.569964,138.2246307,Route10
105.0,-33.5700179,138.2246399,Route10
113.217,-33.5773912,138.2246352,Route10
113.824,-33.5775711,138.2246356,Route10
112.077,-33.5781108,138.2246369,Route10
112.426,-33.5790103,138.224635,Route10
110.683,-33.5795507,138.2246341,Route10
113.476,-33.5809616,138.2246318,Route10
111.173,-33.5831866,138.2246315,Route10
113.496,-33.5843736,138.2246324,Route10
113.244,-33.5876118,138.2246089,Route10
113.095,-33.5877152,138.2246057,Route10
112.0,-33.59455,138.224595,Route10
111.689,-33.5949098,138.2245944,Route10
110.535,-33.5958091,138.224593,Route10
110.795,-33.5959889,138.2245927,Route10
111.111,-33.5961688,138.2245924,Route10
111.455,-33.5963487,138.2245921,Route10
111.983,-33.5977876,138.2245898,Route10
113.799,-33.6021663,138.2245829,Route10
113.99,-33.6022195,138.2245817,Route10
115.506,-33.6032664,138.2245817,Route10
114.662,-33.6043972,138.2245856,Route10
114.293,-33.6088606,138.2246315,Route10
113.781,-33.6102362,138.2247109,Route10
113.976,-33.611951,138.2248567,Route10
111.0,-33.613467,138.2250658,Route10
109.861,-33.6144831,138.2252058,Route10
110.157,-33.6148878,138.2252616,Route10
111.009,-33.6150664,138.2252879,Route10
110.832,-33.6156021,138.2253695,Route10
111.0,-33.6161238,138.2254465,Route10
111.0,-33.6163159,138.2254741,Route10
111.0,-33.616317,138.2254743,Route10
110.92,-33.6165908,138.225525,Route10
112.158,-33.6209111,138.2261451,Route10
114.0,-33.6243669,138.2266247,Route10
114.04,-33.6244556,138.2266581,Route10
114.735,-33.6269443,138.2270178,Route10
113.687,-33.6276729,138.2270842,Route10
113.575,-33.6278521,138.2271055,Route10
113.941,-33.6280304,138.2271267,Route10
114.175,-33.6282565,138.2271552,Route10
115.418,-33.6289672,138.2272002,Route10
116.969,-33.6329609,138.2272474,Route10
117.888,-33.6386239,138.2272532,Route10
118.25,-33.6425809,138.2272617,Route10
119.441,-33.6429406,138.2272625,Route10
113.846,-33.6481567,138.2272737,Route10
115.011,-33.6483365,138.2272741,Route10
118.161,-33.6529979,138.2272841,Route10
121.2,-33.6539445,138.2272701,Route10
119.787,-33.6548946,138.2271893,Route10
120.0,-33.6552983,138.2271357,Route10
120.134,-33.6556296,138.2270844,Route10
118.928,-33.6563992,138.2269345,Route10
118.926,-33.6570326,138.2267754,Route10
120.084,-33.6577083,138.2265733,Route10
122.823,-33.6588599,138.2261336,Route10
121.397,-33.6591416,138.2260377,Route10
120.713,-33.6593128,138.2259709,Route10
120.593,-33.6593376,138.2259607,Route10
120.0,-33.6594813,138.2259005,Route10
120.0,-33.6594828,138.2258999,Route10
120.0,-33.6596516,138.2258307,Route10
120.0,-33.6596528,138.2258302,Route10
120.0,-33.6598223,138.2257626,Route10
120.88,-33.6602911,138.2255755,Route10
114.733,-33.6640924,138.2240711,Route10
112.144,-33.6656137,138.2234522,Route10
117.048,-33.6666266,138.2230022,Route10
116.422,-33.6681991,138.2223305,Route10
118.225,-33.6688501,138.222121,Route10
122.519,-33.6701765,138.2215084,Route10
123.223,-33.6717824,138.2209191,Route10
124.0,-33.6767217,138.2189157,Route10
124.0,-33.6767245,138.2189146,Route10
123.181,-33.6770631,138.2187801,Route10
122.337,-33.6778713,138.2184523,Route10
122.495,-33.6779152,138.218434,Route10
123.558,-33.6784883,138.2182061,Route10
125.031,-33.6793651,138.2178484,Route10
125.0,-33.6796371,138.2177373,Route10
126.12,-33.6808506,138.2172407,Route10
127.675,-33.6813614,138.2170346,Route10
126.565,-33.6819224,138.2168095,Route10
127.244,-33.6821192,138.2167323,Route10
127.305,-33.6821311,138.2167276,Route10
128.227,-33.6824262,138.2166037,Route10
128.582,-33.6826748,138.2165049,Route10
130.428,-33.6829753,138.2163834,Route10
133.816,-33.6837834,138.2160599,Route10
133.857,-33.6841064,138.2159283,Route10
133.965,-33.6842963,138.2158542,Route10
134.0,-33.6845968,138.2157292,Route10
134.114,-33.6850719,138.2155239,Route10
134.812,-33.6854812,138.2153299,Route10
134.47,-33.6858063,138.2151742,Route10
135.115,-33.6862173,138.214968,Route10
136.869,-33.68665,138.2147419,Route10
138.15,-33.687128,138.2144836,Route10
138.606,-33.6875504,138.2142389,Route10
137.405,-33.6879431,138.2139969,Route10
137.0,-33.6883586,138.2137542,Route10
138.375,-33.6888669,138.213485,Route10
139.995,-33.6891797,138.2133347,Route10
140.0,-33.6894742,138.2132027,Route10
140.0,-33.6896466,138.2131304,Route10
140.26,-33.6897945,138.2130709,Route10
141.0,-33.6900442,138.2129776,Route10
141.0,-33.6902069,138.212924,Route10
141.627,-33.6904966,138.2128345,Route10
141.0,-33.6915121,138.2125812,Route10
141.0,-33.6917824,138.2125264,Route10
142.235,-33.6923148,138.2124185,Route10
138.519,-33.6938597,138.2121072,Route10
136.99,-33.6949973,138.2118958,Route10
137.935,-33.6964835,138.2117194,Route10
137.884,-33.6966029,138.2117086,Route10
136.947,-33.6969374,138.2116885,Route10
136.23,-33.6972954,138.211676,Route10
136.99,-33.6976861,138.2116694,Route10
136.633,-33.6982324,138.2116677,Route10
136.98,-33.699207,138.2116721,Route10
136.412,-33.7003921,138.2116884,Route10
136.114,-33.7010403,138.2116984,Route10
137.0,-33.7016922,138.2117093,Route10
137.0,-33.7024443,138.2117188,Route10
137.0,-33.7027159,138.2117222,Route10
137.436,-33.7031768,138.2117299,Route10
137.895,-33.7037551,138.2117274,Route10
140.646,-33.7053309,138.211712,Route10
140.304,-33.7054332,138.2117047,Route10
138.752,-33.7061801,138.2116953,Route10
140.036,-33.7069642,138.2116765,Route10
140.338,-33.7087853,138.2115646,Route10
138.852,-33.711545,138.2114174,Route10
137.0,-33.7132889,138.2113324,Route10
135.283,-33.7153053,138.2112436,Route10
131.357,-33.7185369,138.2110769,Route10
131.171,-33.7188699,138.2110637,Route10
129.951,-33.7204079,138.2109947,Route10
128.0,-33.7256195,138.2107363,Route10
129.712,-33.7261587,138.2107096,Route10
127.981,-33.7272369,138.2106561,Route10
134.261,-33.7311952,138.2104598,Route10
135.829,-33.7335269,138.2103461,Route10
135.008,-33.7338863,138.2103286,Route10
136.285,-33.7342458,138.2103111,Route10
136.932,-33.7344255,138.2103023,Route10
136.774,-33.7347849,138.2102848,Route10
138.03,-33.7393539,138.210062,Route10
137.111,-33.7416333,138.209965,Route10
137.866,-33.7425303,138.2099359,Route10
136.0,-33.7433714,138.2098857,Route10
136.0,-33.7446731,138.2098216,Route10
136.0,-33.7447077,138.2098187,Route10
137.0,-33.7457889,138.2096837,Route10
137.026,-33.746802,138.2096241,Route10
134.883,-33.747433,138.2095872,Route10
134.5,-33.7482954,138.2095613,Route10
134.421,-33.748604,138.2095603,Route10
134.64,-33.7490697,138.2095979,Route10
130.147,-33.749923,138.2096485,Route10
130.059,-33.7500642,138.2096519,Route10
131.0,-33.7505817,138.2096832,Route10
131.023,-33.7511633,138.2097285,Route10
131.047,-33.7512944,138.2097354,Route10
130.538,-33.7522231,138.2098506,Route10
131.442,-33.7528608,138.2099433,Route10
130.716,-33.7533905,138.2100274,Route10
128.621,-33.7539941,138.210148,Route10
124.602,-33.7580499,138.2109983,Route10
125.255,-33.7590776,138.2112152,Route10
124.87,-33.7593683,138.2112767,Route10
123.161,-33.7596066,138.2113301,Route10
120.171,-33.7599763,138.2114023,Route10
120.0,-33.7600359,138.2114192,Route10
118.827,-33.7622511,138.2118909,Route10
119.23,-33.7625582,138.2119516,Route10
119.99,-33.7627743,138.2119938,Route10
119.532,-33.7633895,138.2121074,Route10
120.0,-33.7637302,138.212153,Route10
120.218,-33.7642072,138.2122022,Route10
121.303,-33.7645392,138.2122327,Route10
120.455,-33.7651515,138.2122713,Route10
115.269,-33.7686197,138.2122994,Route10
115.597,-33.7692787,138.2123053,Route10
113.254,-33.7706618,138.2123158,Route10
114.987,-33.7725061,138.2123394,Route10
114.576,-33.7727005,138.212337,Route10
112.589,-33.7733397,138.2123364,Route10
112.739,-33.7736899,138.2123234,Route10
112.284,-33.7742841,138.2121407,Route10
111.402,-33.7745549,138.21213,Route10
111.117,-33.7746595,138.2120889,Route10
113.604,-33.7752698,138.2118393,Route10
113.243,-33.7754054,138.2117913,Route10
113.025,-33.7755269,138.2117338,Route10
113.169,-33.7759775,138.2115763,Route10
113.284,-33.7760273,138.2115537,Route10
112.303,-33.7765826,138.2112099,Route10
112.0,-33.7769435,138.2109404,Route10
109.435,-33.7778152,138.2103972,Route10
111.338,-33.778697,138.2097141,Route10
112.0,-33.7797553,138.2089851,Route10
111.86,-33.779961,138.2088501,Route10
111.336,-33.7804473,138.2085177,Route10
111.761,-33.7810593,138.2081219,Route10
112.415,-33.7815043,138.2078666,Route10
112.733,-33.7818578,138.2076701,Route10
112.647,-33.782095,138.2075638,Route10
114.0,-33.7826421,138.2073339,Route10
113.996,-33.7829405,138.2072194,Route10
114.0,-33.7830564,138.2071812,Route10
114.0,-33.783147,138.2071513,Route10
112.996,-33.7835444,138.2070337,Route10
112.227,-33.7840325,138.2069129,Route10
112.359,-33.7842397,138.2068768,Route10
111.384,-33.7846156,138.2068072,Route10
110.714,-33.7851928,138.206746,Route10
110.067,-33.7855323,138.2067235,Route10
110.851,-33.7858389,138.2067032,Route10
110.101,-33.7860801,138.2066935,Route10
110.0,-33.7863773,138.2067475,Route10
109.546,-33.7866225,138.2067417,Route10
109.609,-33.7869267,138.2067687,Route10
109.879,-33.7870166,138.2067723,Route10
110.74,-33.7873594,138.2068096,Route10
111.0,-33.7876621,138.2068646,Route10
111.039,-33.7877886,138.2068937,Route10
112.139,-33.7882577,138.2070111,Route10
109.344,-33.7888079,138.2071724,Route10
109.845,-33.7892814,138.2073423,Route10
110.165,-33.7893497,138.2073629,Route10
109.595,-33.789841,138.2075595,Route10
108.0,-33.7900271,138.2076472,Route10
108.0,-33.7902075,138.2077367,Route10
107.583,-33.7906714,138.2079653,Route10
107.0,-33.7911221,138.2081995,Route10
106.07,-33.7916473,138.2084759,Route10
107.429,-33.7921043,138.2087069,Route10
108.875,-33.7924742,138.2088934,Route10
107.382,-33.7927937,138.2090542,Route10
107.286,-33.7928356,138.2090662,Route10
106.741,-33.7931194,138.2092073,Route10
106.057,-33.7936269,138.2094589,Route10
106.091,-33.7936363,138.2094623,Route10
105.361,-33.7942481,138.209743,Route10
104.097,-33.7944277,138.2098286,Route10
103.927,-33.7944883,138.2098514,Route10
103.016,-33.7947786,138.2099955,Route10
102.8,-33.7949474,138.2100684,Route10
101.338,-33.7958576,138.2105329,Route10
101.408,-33.7958861,138.2105516,Route10
101.863,-33.7962095,138.2106876,Route10
100.323,-33.7966042,138.210806,Route10
101.148,-33.7968128,138.21086,Route10
103.569,-33.7971155,138.210927,Route10
104.127,-33.7974363,138.2109874,Route10
103.473,-33.7976463,138.2110174,Route10
100.087,-33.7980688,138.2110604,Route10
98.294,-33.7983794,138.2110754,Route10
99.221,-33.7986336,138.2110723,Route10
100.863,-33.8003344,138.2109912,Route10
99.871,-33.8033693,138.210801,Route10
98.133,-33.8041296,138.2106956,Route10
98.0,-33.8043713,138.2106495,Route10
100.442,-33.8054457,138.2104006,Route10
98.023,-33.8065812,138.209979,Route10
99.009,-33.8073197,138.2097198,Route10
98.155,-33.8084083,138.2092847,Route10
98.227,-33.8084378,138.2092767,Route10
98.744,-33.8085668,138.2091984,Route10
99.108,-33.8086406,138.209166,Route10
100.0,-33.8089354,138.2090637,Route10
98.034,-33.8104688,138.2084409,Route10
99.087,-33.8107969,138.2083056,Route10
98.519,-33.8116739,138.2079115,Route10
98.756,-33.8118394,138.2078455,Route10
96.141,-33.8138496,138.2070388,Route10
94.974,-33.8154066,138.2064021,Route10
95.326,-33.8159512,138.2061754,Route10
95.524,-33.8162373,138.206044,Route10
95.941,-33.8165987,138.2058496,Route10
95.945,-33.8166006,138.2058486,Route10
95.83,-33.8167629,138.2057612,Route10
95.83,-33.8167648,138.2057602,Route10
95.945,-33.8169169,138.2056786,Route10
96.673,-33.8171961,138.2054908,Route10
95.647,-33.8177578,138.2051057,Route10
95.368,-33.8183164,138.2046495,Route10
95.896,-33.8198156,138.2033549,Route10
96.13,-33.8208885,138.2024638,Route10
96.664,-33.8210814,138.2023155,Route10
96.365,-33.8214388,138.2020639,Route10
94.694,-33.8218815,138.2017765,Route10
94.816,-33.8225169,138.20144,Route10
95.682,-33.8228743,138.2012743,Route10
94.102,-33.8233198,138.2010833,Route10
93.828,-33.826279,138.19988,Route10
93.601,-33.8264521,138.1998096,Route10
93.27,-33.826793,138.199671,Route10
93.0,-33.8330912,138.1971092,Route10
92.317,-33.8342829,138.196624,Route10
92.274,-33.8342904,138.1966209,Route10
91.163,-33.834972,138.1963436,Route10
92.226,-33.8351424,138.1962743,Route10
92.659,-33.8397325,138.1944067,Route10
92.558,-33.8397431,138.1944024,Route10
89.377,-33.840414,138.1941298,Route10
90.411,-33.8426521,138.1932191,Route10
92.858,-33.8445267,138.1924573,Route10
92.85,-33.84453,138.192456,Route10
92.493,-33.8446972,138.1923881,Route10
87.916,-33.8478116,138.1911216,Route10
87.783,-33.8478381,138.1911108,Route10
84.106,-33.8506857,138.1899369,Route10
85.889,-33.8516359,138.1894438,Route10
86.0,-33.8520457,138.1891938,Route10
86.0,-33.8521395,138.1891367,Route10
86.467,-33.8526587,138.1887408,Route10
85.912,-33.8528135,138.1886223,Route10
85.07,-33.8529653,138.1885062,Route10
84.204,-33.8531171,138.18839,Route10
84.0,-33.8532689,138.1882739,Route10
83.331,-33.8560447,138.1859399,Route10
84.483,-33.8577269,138.1846389,Route10
85.0,-33.8590204,138.1837915,Route10
83.0,-33.8606231,138.1828694,Route10
83.007,-33.8607858,138.1827758,Route10
83.679,-33.8611116,138.1825889,Route10
84.0,-33.8617887,138.1822399,Route10
86.481,-33.8632768,138.1815698,Route10
86.0,-33.8651733,138.1808443,Route10
91.374,-33.867429,138.1801028,Route10
91.0,-33.8686465,138.1797026,Route10
90.109,-33.8698058,138.179284,Route10
90.726,-33.871035,138.1788167,Route10
91.809,-33.8713358,138.1786962,Route10
89.868,-33.8716873,138.1785478,Route10
88.874,-33.8721121,138.1783684,Route10
91.774,-33.8728296,138.178069,Route10
92.024,-33.873524,138.177771,Route10
91.932,-33.8737232,138.1776845,Route10
91.65,-33.8739247,138.1775971,Route10
93.518,-33.8745499,138.177356,Route10
95.0,-33.8757157,138.1769063,Route10
94.356,-33.8759485,138.1768204,Route10
93.607,-33.8761205,138.176757,Route10
93.545,-33.8761311,138.1767531,Route10
92.579,-33.8762933,138.176697,Route10
91.373,-33.8766593,138.1765705,Route10
94.404,-33.8775057,138.176288,Route10
96.971,-33.8779633,138.1761353,Route10
96.998,-33.8780258,138.1761151,Route10
93.162,-33.8792418,138.1757217,Route10
94.084,-33.8800826,138.1754497,Route10
93.526,-33.8803418,138.1753658,Route10
93.0,-33.8806033,138.1752793,Route10
95.044,-33.8823655,138.1746969,Route10
94.621,-33.8827125,138.1745822,Route10
94.711,-33.8828859,138.1745248,Route10
94.722,-33.8828951,138.1745218,Route10
93.163,-33.8842625,138.1740205,Route10
93.613,-33.8846106,138.1738929,Route10
94.193,-33.8853354,138.1736062,Route10
92.248,-33.8864843,138.1731328,Route10
91.255,-33.8874541,138.172707,Route10
94.805,-33.8883134,138.1723288,Route10
94.976,-33.8883404,138.172317,Route10
92.968,-33.8892105,138.171934,Route10
93.271,-33.8918485,138.1707738,Route10
93.0,-33.8920575,138.1706824,Route10
93.033,-33.8923686,138.1705464,Route10
93.262,-33.8925647,138.1704606,Route10
93.097,-33.8927337,138.1703866,Route10
93.016,-33.892771,138.1703703,Route10
91.704,-33.8934156,138.1701103,Route10
91.115,-33.8935793,138.1700443,Route10
91.089,-33.8935863,138.1700419,Route10
90.181,-33.8941877,138.1698295,Route10
89.18,-33.8948735,138.1696127,Route10
89.14,-33.8956791,138.1694055,Route10
87.789,-33.8963301,138.169241,Route10
87.146,-33.8969038,138.1690861,Route10
86.0,-33.897294,138.168962,Route10
86.0,-33.8975825,138.1688639,Route10
85.65,-33.8979383,138.1687207,Route10
83.655,-33.8982423,138.16858,Route10
83.042,-33.8988176,138.1682877,Route10
81.618,-33.8992729,138.1680267,Route10
80.161,-33.899765,138.1677248,Route10
80.015,-33.9002621,138.1674239,Route10
80.325,-33.9004227,138.1673267,Route10
80.974,-33.9005834,138.1672294,Route10
81.57,-33.9007259,138.1671431,Route10
82.1,-33.9009045,138.1670339,Route10
83.238,-33.9020106,138.1663578,Route10
83.556,-33.9038966,138.1651994,Route10
87.306,-33.9060738,138.1638853,Route10
87.212,-33.9061718,138.1638288,Route10
86.783,-33.9064476,138.1636902,Route10
86.959,-33.906787,138.1635261,Route10
87.033,-33.9072196,138.1633301,Route10
87.411,-33.9076123,138.1631721,Route10
87.471,-33.9078735,138.1630865,Route10
86.587,-33.9082653,138.1629606,Route10
87.367,-33.9087787,138.1628434,Route10
87.949,-33.9090259,138.1627919,Route10
88.2,-33.9093424,138.1627437,Route10
88.43,-33.9095985,138.162718,Route10
89.101,-33.9099862,138.1626741,Route10
89.492,-33.9107349,138.1626602,Route10
90.831,-33.9111624,138.1626788,Route10
91.304,-33.9114809,138.1626934,Route10
91.326,-33.9126048,138.162792,Route10
92.769,-33.9134248,138.1628419,Route10
90.321,-33.9144981,138.1628568,Route10
89.643,-33.9146431,138.1628552,Route10
88.522,-33.9151329,138.1628442,Route10
89.003,-33.9163615,138.1627696,Route10
89.199,-33.9181661,138.1626391,Route10
88.605,-33.9208062,138.1624542,Route10
88.708,-33.9210612,138.1624312,Route10
87.21,-33.9215645,138.1623809,Route10
86.233,-33.9220139,138.1623212,Route10
84.799,-33.922278,138.162281,Route10
84.687,-33.9229685,138.1621777,Route10
85.304,-33.92314,138.1621502,Route10
84.995,-33.9236146,138.1620544,Route10
86.752,-33.9246192,138.1618525,Route10
87.278,-33.9247995,138.161816,Route10
86.528,-33.9253496,138.1617152,Route10
84.581,-33.925672,138.1616541,Route10
84.017,-33.9258747,138.1616349,Route10
84.496,-33.9262091,138.1616051,Route10
85.114,-33.926767,138.1615788,Route10
86.114,-33.9275453,138.1615898,Route10
86.735,-33.9294813,138.1615866,Route10
84.188,-33.9304681,138.1615903,Route10
85.0,-33.9310624,138.1616222,Route10
84.638,-33.9314894,138.1616467,Route10
84.348,-33.9315701,138.1616482,Route10
83.114,-33.9317896,138.1616694,Route10
82.409,-33.9320089,138.1617159,Route10
83.595,-33.932299,138.1617888,Route10
83.85,-33.9323819,138.1618463,Route10
84.027,-33.9325091,138.1618992,Route10
84.64,-33.9327197,138.1619864,Route10
84.321,-33.9329079,138.1620729,Route10
84.305,-33.9329119,138.1620747,Route10
83.471,-33.9330484,138.1621596,Route10
80.727,-33.9333093,138.1623362,Route10
80.089,-33.9334832,138.1624466,Route10
80.002,-33.9338762,138.162788,Route10
79.943,-33.9339073,138.1628183,Route10
79.866,-33.9341261,138.1630119,Route10
78.998,-33.9344612,138.1633247,Route10
79.0,-33.9344707,138.163333,Route10
78.79,-33.9348716,138.1636811,Route10
79.437,-33.93497,138.1637626,Route10
80.018,-33.9350762,138.163833,Route10
80.22,-33.9351091,138.1638545,Route10
81.305,-33.9353483,138.1640127,Route10
81.623,-33.9354899,138.1641073,Route10
81.592,-33.9356204,138.1641831,Route10
80.398,-33.9358585,138.1643141,Route10
79.912,-33.9361146,138.1644304,Route10
80.137,-33.9361521,138.1644428,Route10
80.422,-33.9362282,138.1644446,Route10
81.288,-33.9364578,138.1645508,Route10
80.783,-33.9367461,138.1646548,Route10
79.496,-33.9370609,138.1647629,Route10
79.045,-33.937205,138.1647974,Route10
79.266,-33.9372753,138.1648312,Route10
79.523,-33.9373233,138.164844,Route10
80.176,-33.9374335,138.1648739,Route10
81.37,-33.9376581,138.1649448,Route10
81.132,-33.9380834,138.1650717,Route10
80.381,-33.9382603,138.1651248,Route10
80.459,-33.9384608,138.1651864,Route10
80.751,-33.9386802,138.1652485,Route10
80.0,-33.9390277,138.1653316,Route10
80.0,-33.9390372,138.1653343,Route10
80.0,-33.9391122,138.1653557,Route10
80.005,-33.9391687,138.1653678,Route10
80.452,-33.9394503,138.1654273,Route10
80.161,-33.9395953,138.1654579,Route10
81.172,-33.9400697,138.1655336,Route10
82.893,-33.9406399,138.1655981,Route10
83.0,-33.9410527,138.1656301,Route10
83.469,-33.9414612,138.1656857,Route10
83.542,-33.9417492,138.1657353,Route10
82.904,-33.9422986,138.1658066,Route10
84.003,-33.9427869,138.1658548,Route10
84.249,-33.9433805,138.1659167,Route10
83.557,-33.9439184,138.1659709,Route10
84.665,-33.9442808,138.1660052,Route10
86.406,-33.9446222,138.166046,Route10
86.844,-33.9450152,138.1660813,Route10
85.899,-33.9454845,138.1661272,Route10
85.632,-33.9457335,138.1661622,Route10
85.772,-33.9459629,138.1662075,Route10
86.224,-33.9461899,138.1662616,Route10
87.259,-33.9464607,138.166331,Route10
87.901,-33.9467018,138.1664046,Route10
87.989,-33.9469405,138.1664937,Route10
88.0,-33.9469582,138.1665003,Route10
88.0,-33.9470961,138.1665516,Route10
88.0,-33.947112,138.1665587,Route10
88.081,-33.9472447,138.1666174,Route10
88.773,-33.9474369,138.1666982,Route10
89.197,-33.9476233,138.1667902,Route10
89.842,-33.9478166,138.1669006,Route10
90.381,-33.9480871,138.1670638,Route10
90.281,-33.9482238,138.1671422,Route10
89.538,-33.9484618,138.1673083,Route10
89.0,-33.9488835,138.1676194,Route10
90.086,-33.9492145,138.167916,Route10
90.822,-33.9493874,138.1680923,Route10
90.942,-33.9494225,138.1681281,Route10
92.0,-33.9498374,138.168537,Route10
90.999,-33.9500615,138.1687674,Route10
88.638,-33.9506305,138.1693421,Route10
89.963,-33.9515922,138.1703163,Route10
90.785,-33.95204,138.1707922,Route10
93.0,-33.9526237,138.1713684,Route10
93.546,-33.9533063,138.1720435,Route10
96.23,-33.9539395,138.1727046,Route10
97.755,-33.9543491,138.1731153,Route10
98.786,-33.9547585,138.1735273,Route10
99.902,-33.955202,138.1739778,Route10
99.896,-33.9554192,138.1742006,Route10
100.719,-33.9556546,138.1744428,Route10
102.827,-33.95608,138.1748737,Route10
102.993,-33.9562435,138.175039,Route10
105.254,-33.9567891,138.1755916,Route10
104.374,-33.9574563,138.1762655,Route10
106.243,-33.9580276,138.1768489,Route10
107.361,-33.9584814,138.1773042,Route10
110.266,-33.9587686,138.1775845,Route10
111.361,-33.9591154,138.1779327,Route10
114.149,-33.9597078,138.1785487,Route10
115.379,-33.9600905,138.178934,Route10
118.585,-33.9606449,138.179495,Route10
121.552,-33.9610577,138.1799086,Route10
122.438,-33.9615105,138.1803675,Route10
123.113,-33.9617326,138.1805902,Route10
123.183,-33.9624165,138.1812799,Route10
130.183,-33.9640219,138.1829063,Route10
130.397,-33.9645546,138.1834565,Route10
133.399,-33.9651866,138.1840908,Route10
134.95,-33.9654801,138.1843929,Route10
134.994,-33.9655188,138.1844326,Route10
135.106,-33.9656979,138.1846163,Route10
136.074,-33.9660919,138.1850103,Route10
136.627,-33.9664802,138.1854321,Route10
136.976,-33.9668352,138.1858399,Route10
136.975,-33.9671394,138.1862191,Route10
138.316,-33.9676718,138.1869262,Route10
138.85,-33.9678593,138.1871805,Route10
139.739,-33.9680244,138.1874274,Route10
141.523,-33.9682335,138.1877452,Route10
143.909,-33.9684838,138.1881368,Route10
145.742,-33.9686553,138.1884364,Route10
146.918,-33.9687489,138.1885997,Route10
148.84,-33.9688974,138.1888706,Route10
149.58,-33.9691383,138.1893144,Route10
150.384,-33.969324,138.1896907,Route10
151.036,-33.9695433,138.1901466,Route10
153.932,-33.9697181,138.1905479,Route10
155.737,-33.9699887,138.1911991,Route10
158.178,-33.970217,138.1917757,Route10
161.318,-33.9703771,138.1921772,Route10
162.804,-33.9704799,138.1924349,Route10
164.405,-33.9706646,138.1928585,Route10
166.737,-33.970837,138.1932603,Route10
166.022,-33.971045,138.193671,Route10
165.0,-33.9712012,138.1939757,Route10
164.668,-33.971359,138.1942699,Route10
163.169,-33.9716284,138.1947123,Route10
162.411,-33.9717994,138.1950042,Route10
162.343,-33.9719639,138.1952496,Route10
162.712,-33.9722125,138.1956161,Route10
162.57,-33.9723782,138.195831,Route10
161.765,-33.9725094,138.1960048,Route10
159.595,-33.9726998,138.1962412,Route10
156.582,-33.9729556,138.1965381,Route10
155.651,-33.9730197,138.1966162,Route10
155.834,-33.9732655,138.1969158,Route10
155.839,-33.9732729,138.1969244,Route10
156.582,-33.9734587,138.1971417,Route10
155.745,-33.973913,138.1976623,Route10
149.34,-33.9745631,138.1984335,Route10
148.812,-33.9749483,138.1988891,Route10
145.847,-33.9753335,138.1993447,Route10
144.557,-33.9756105,138.1996724,Route10
144.303,-33.9757495,138.1998319,Route10
144.736,-33.9760692,138.2002084,Route10
145.293,-33.976279,138.20046,Route10
145.238,-33.9766333,138.2009058,Route10
145.148,-33.9767575,138.2010767,Route10
145.522,-33.9769203,138.2012963,Route10
145.69,-33.9770811,138.2015352,Route10
145.171,-33.9772537,138.2018054,Route10
144.892,-33.9773182,138.2019107,Route10
144.382,-33.9775531,138.2022945,Route10
146.411,-33.977869,138.2028796,Route10
148.559,-33.9781999,138.2034985,Route10
149.944,-33.9783272,138.2037344,Route10
150.68,-33.978441,138.2039574,Route10
150.804,-33.9785608,138.2041707,Route10
150.706,-33.9786351,138.2042964,Route10
150.775,-33.9787166,138.2044401,Route10
150.995,-33.9788394,138.2046246,Route10
151.024,-33.9788555,138.2046488,Route10
150.442,-33.9791381,138.2050489,Route10
149.487,-33.9793437,138.2053194,Route10
149.442,-33.9794411,138.2054295,Route10
149.516,-33.9794808,138.2054744,Route10
150.174,-33.9796446,138.2056585,Route10
150.316,-33.9797481,138.2057713,Route10
150.327,-33.9798282,138.2058485,Route10
149.779,-33.9801225,138.2061363,Route10
149.734,-33.9801276,138.2061412,Route10
147.459,-33.980457,138.2064203,Route10
146.768,-33.9807531,138.2066545,Route10
145.7,-33.9809859,138.2068105,Route10
141.54,-33.9814678,138.207122,Route10
140.916,-33.981544,138.2071707,Route10
138.405,-33.9820992,138.2075253,Route10
135.676,-33.9826923,138.2079004,Route10
130.341,-33.9832932,138.2082857,Route10
130.141,-33.9833235,138.2083051,Route10
129.254,-33.9837238,138.208561,Route10
128.536,-33.9839481,138.2087014,Route10
126.393,-33.9841737,138.2088502,Route10
123.922,-33.9845835,138.2091082,Route10
123.872,-33.9846371,138.2091419,Route10
123.231,-33.9849455,138.2093452,Route10
122.962,-33.9852454,138.2095349,Route10
124.015,-33.985398,138.2096265,Route10
125.657,-33.9858061,138.2098898,Route10
125.987,-33.9863433,138.2102358,Route10
126.43,-33.9870929,138.2107139,Route10
126.835,-33.9875979,138.2110298,Route10
126.164,-33.9880729,138.2113261,Route10
120.189,-33.9895192,138.2121696,Route10
119.856,-33.9900927,138.2125133,Route10
116.986,-33.9905802,138.2127921,Route10
116.192,-33.9909777,138.2130195,Route10
116.0,-33.9912153,138.2131643,Route10
116.255,-33.9914598,138.2133118,Route10
116.34,-33.9914834,138.213326,Route10
117.409,-33.9917802,138.2134932,Route10
118.0,-33.9919464,138.213593,Route10
117.753,-33.9920465,138.2136531,Route10
117.299,-33.9923184,138.2138059,Route10
115.478,-33.9927519,138.2140597,Route10
115.449,-33.9927569,138.2140627,Route10
114.826,-33.9930206,138.2142219,Route10
113.916,-33.993521,138.214516,Route10
114.361,-33.9942412,138.2149209,Route10
114.137,-33.9948318,138.2152175,Route10
115.014,-33.99513,138.2153409,Route10
115.042,-33.995298,138.2154159,Route10
115.022,-33.995434,138.2154668,Route10
115.265,-33.9955863,138.2155126,Route10
115.704,-33.9958545,138.2155967,Route10
115.129,-33.9961051,138.2156765,Route10
114.201,-33.996406,138.2157603,Route10
113.267,-33.9966273,138.2157984,Route10
113.543,-33.9968268,138.2158426,Route10
113.888,-33.9969986,138.2158721,Route10
113.943,-33.9971525,138.2158964,Route10
113.806,-33.9973906,138.2159223,Route10
113.563,-33.9976607,138.2159546,Route10
114.121,-33.9979481,138.2159701,Route10
115.254,-33.9982636,138.2159707,Route10
115.505,-33.9983571,138.2159709,Route10
115.512,-33.9984209,138.2159688,Route10
115.535,-33.9986503,138.2159624,Route10
115.521,-33.9987586,138.2159663,Route10
115.391,-33.9992551,138.2159142,Route10
114.044,-33.9997089,138.2158576,Route10
113.244,-33.9999427,138.2158229,Route10
111.522,-34.0009364,138.2156884,Route10
110.0,-34.0017975,138.2155605,Route10
110.165,-34.0021395,138.2155097,Route10
109.985,-34.0025121,138.2154606,Route10
109.267,-34.0028992,138.2154096,Route10
109.01,-34.0030484,138.2153887,Route10
109.618,-34.0032271,138.2153637,Route10
109.802,-34.0032782,138.2153565,Route10
111.002,-34.0038388,138.2152811,Route10
111.168,-34.0041908,138.2152311,Route10
110.72,-34.0048759,138.2151406,Route10
110.626,-34.0050142,138.2151181,Route10
111.589,-34.0052444,138.2150807,Route10
112.645,-34.0062365,138.2149408,Route10
111.772,-34.0067892,138.2148624,Route10
112.609,-34.0072028,138.2148114,Route10
114.742,-34.0076061,138.2147665,Route10
114.908,-34.0078957,138.2147478,Route10
115.344,-34.0081656,138.2147368,Route10
116.284,-34.0083825,138.2147388,Route10
116.509,-34.0084145,138.2147385,Route10
117.883,-34.0086094,138.2147368,Route10
116.823,-34.0089093,138.2147511,Route10
115.949,-34.0091904,138.2147602,Route10
116.548,-34.0093737,138.2147769,Route10
116.947,-34.0094926,138.2147852,Route10
117.194,-34.0095665,138.2147904,Route10
117.557,-34.0096723,138.2147954,Route10
117.721,-34.0097642,138.2147998,Route10
117.628,-34.0100316,138.2148149,Route10
116.547,-34.0105589,138.2148446,Route10
116.503,-34.0105706,138.2148453,Route10
115.439,-34.0111473,138.2148781,Route10
115.312,-34.0116521,138.2149134,Route10
115.486,-34.0128949,138.2149822,Route10
115.953,-34.0132652,138.2150065,Route10
115.038,-34.0143292,138.215076,Route10
116.485,-34.014966,138.2151091,Route10
115.187,-34.0154538,138.2151363,Route10
114.432,-34.0158257,138.2151622,Route10
114.0,-34.0163519,138.2151925,Route10
116.922,-34.0170195,138.2152308,Route10
117.032,-34.0173896,138.2152555,Route10
117.0,-34.0181835,138.2153035,Route10
117.0,-34.0182769,138.215299,Route10
116.798,-34.0183863,138.2152938,Route10
115.878,-34.018621,138.215292,Route10
114.129,-34.0188704,138.215279,Route10
113.447,-34.019067,138.2152628,Route10
113.384,-34.0193475,138.2152245,Route10
113.53,-34.019454,138.2152041,Route10
113.684,-34.0195732,138.2151828,Route10
113.811,-34.0197546,138.215141,Route10
113.029,-34.0199371,138.215096,Route10
111.935,-34.0201242,138.2150473,Route10
110.986,-34.0202935,138.215004,Route10
111.789,-34.0206797,138.214905,Route10
112.331,-34.0208914,138.2148499,Route10
108.69,-34.0217294,138.2146264,Route10
113.012,-34.0224944,138.2144302,Route10
113.289,-34.0226829,138.2143643,Route10
113.182,-34.0230665,138.2142694,Route10
112.06,-34.0234027,138.2141583,Route10
112.417,-34.0235394,138.2141087,Route10
112.58,-34.0236018,138.2140861,Route10
113.05,-34.0241277,138.2138767,Route10
113.515,-34.0244379,138.2137459,Route10
112.977,-34.0245625,138.2136945,Route10
112.408,-34.0246609,138.2136539,Route10
111.964,-34.0247323,138.2136231,Route10
111.103,-34.0249215,138.2135415,Route10
109.683,-34.0251848,138.21343,Route10
108.512,-34.0254093,138.2133294,Route10
108.224,-34.0254646,138.2133047,Route10
107.394,-34.025667,138.2132132,Route10
105.009,-34.0260349,138.2130128,Route10
103.281,-34.0262497,138.2128861,Route10
99.9,-34.0267248,138.2125732,Route10
97.48,-34.0269807,138.2124043,Route10
95.0,-34.0273052,138.2122022,Route10
95.0,-34.0275204,138.2120534,Route10
95.0,-34.0276708,138.2119471,Route10
95.295,-34.0278016,138.2118547,Route10
94.887,-34.0280719,138.2116871,Route10
93.733,-34.0282175,138.2115997,Route10
92.736,-34.0284068,138.2114952,Route10
92.131,-34.0286419,138.2113826,Route10
92.235,-34.028663,138.2113725,Route10
92.787,-34.0289292,138.2112411,Route10
92.564,-34.0289757,138.2112211,Route10
91.3,-34.0292314,138.2111108,Route10
89.0,-34.0295257,138.2110064,Route10
89.0,-34.0298099,138.2109156,Route10
89.0,-34.0298363,138.2109085,Route10
89.0,-34.0299912,138.2108664,Route10
88.296,-34.0301956,138.2108146,Route10
87.062,-34.0305382,138.2107334,Route10
87.0,-34.0308628,138.2106511,Route10
85.948,-34.0313742,138.2105265,Route10
85.978,-34.0316486,138.21046,Route10
86.0,-34.031927,138.2103824,Route10
84.493,-34.0323631,138.2102848,Route10
83.0,-34.0329299,138.2101497,Route10
82.963,-34.0337552,138.2099379,Route10
80.57,-34.034286,138.2098122,Route10
80.001,-34.0346929,138.2097202,Route10
79.635,-34.0348235,138.2096907,Route10
78.822,-34.0351371,138.2096222,Route10
78.897,-34.0353916,138.2095642,Route10
79.807,-34.035787,138.209498,Route10
79.812,-34.0357968,138.2094968,Route10
78.913,-34.0361225,138.2094572,Route10
76.586,-34.0365862,138.2094426,Route10
75.744,-34.037048,138.2094458,Route10
77.731,-34.037437,138.2094562,Route10
76.903,-34.0381931,138.2094715,Route10
73.989,-34.0395454,138.2095053,Route10
71.344,-34.0410756,138.20954,Route10
68.125,-34.0417034,138.2095526,Route10
67.507,-34.0417901,138.2095543,Route10
67.51,-34.042488,138.2095743,Route10
68.89,-34.0431646,138.2095871,Route10
68.251,-34.0437151,138.2096037,Route10
66.082,-34.0440487,138.2096097,Route10
63.929,-34.0451943,138.209631,Route10
63.044,-34.0455134,138.2096416,Route10
62.901,-34.0455939,138.2096443,Route10
61.962,-34.047045,138.2096853,Route10
60.004,-34.0474912,138.2096905,Route10
57.739,-34.0489251,138.2097221,Route10
55.877,-34.0494694,138.2097324,Route10
55.875,-34.0499654,138.2097417,Route10
54.732,-34.0506691,138.2097613,Route10
52.769,-34.0517072,138.2097864,Route10
53.132,-34.0520603,138.2098013,Route10
53.991,-34.0524927,138.2098134,Route10
52.51,-34.0533074,138.2098214,Route10
51.397,-34.0535323,138.2098334,Route10
50.029,-34.0539354,138.2098372,Route10
50.229,-34.0542104,138.2098384,Route10
50.551,-34.054414,138.2098347,Route10
50.212,-34.0547393,138.2098298,Route10
50.743,-34.0552063,138.2097835,Route10
50.632,-34.0556577,138.2097089,Route10
48.86,-34.0561501,138.2096381,Route10
47.492,-34.0580793,138.2092949,Route10
45.852,-34.0586208,138.2091993,Route10
43.615,-34.0592737,138.209094,Route10
42.656,-34.0602485,138.2089238,Route10
44.196,-34.0606813,138.2088537,Route10
43.447,-34.0610177,138.2087977,Route10
42.764,-34.0614313,138.2087192,Route10
43.905,-34.0617981,138.2086375,Route10
43.774,-34.0619758,138.2085854,Route10
42.126,-34.0622047,138.208512,Route10
41.441,-34.0625326,138.2083985,Route10
41.16,-34.0627293,138.2083368,Route10
39.207,-34.0631389,138.2081963,Route10
38.043,-34.0634926,138.2080676,Route10
38.016,-34.0638786,138.207938,Route10
36.38,-34.0643342,138.2077824,Route10
35.258,-34.0647938,138.2076187,Route10
35.858,-34.0652426,138.2074606,Route10
35.523,-34.0655135,138.2073676,Route10
34.018,-34.0661062,138.2071638,Route10
32.199,-34.0664432,138.2070539,Route10
31.0,-34.066788,138.2069325,Route10
31.732,-34.0671478,138.2068081,Route10
31.977,-34.0676566,138.2066519,Route10
31.985,-34.0677513,138.2066228,Route10
32.335,-34.0681494,138.2065263,Route10
31.0,-34.0688897,138.2063523,Route10
30.784,-34.0695481,138.2061913,Route10
28.605,-34.0703875,138.205989,Route10
24.274,-34.0713127,138.2057711,Route10
24.083,-34.0714556,138.2057374,Route10
27.003,-34.0722469,138.2055547,Route10
26.15,-34.0729262,138.2053913,Route10
25.062,-34.0733261,138.2052951,Route10
26.23,-34.0736542,138.205214,Route10
26.31,-34.0740572,138.2051193,Route10
25.413,-34.0746076,138.2049997,Route10
25.637,-34.0749959,138.2049004,Route10
25.42,-34.075272,138.2048388,Route10
26.0,-34.075643,138.2047379,Route10
25.691,-34.0759555,138.2046364,Route10
24.753,-34.0765717,138.2043759,Route10
22.042,-34.0769918,138.2041551,Route10
22.049,-34.0774847,138.2039189,Route10
22.208,-34.0776601,138.2038206,Route10
22.119,-34.0777365,138.2037778,Route10
22.33,-34.0781471,138.203574,Route10
23.0,-34.0786353,138.2033261,Route10
23.0,-34.078884,138.2031923,Route10
23.0,-34.079125,138.2030804,Route10
21.0,-34.0810437,138.2021037,Route10
20.796,-34.0811678,138.2020432,Route10
20.044,-34.0813805,138.2019405,Route10
20.461,-34.0816306,138.2018163,Route10
20.81,-34.0821065,138.2015761,Route10
20.756,-34.0826316,138.2013105,Route10
19.664,-34.0831488,138.2010427,Route10
20.525,-34.0839364,138.2006575,Route10
20.503,-34.0839607,138.200645,Route10
20.424,-34.0843986,138.2004187,Route10
19.762,-34.0848007,138.2002117,Route10
16.964,-34.0855882,138.1998077,Route10
17.257,-34.0859013,138.1996509,Route10
18.403,-34.0862548,138.1994763,Route10
18.398,-34.0866483,138.1992654,Route10
17.494,-34.0871393,138.1990261,Route10
17.15,-34.0876504,138.1987696,Route10
17.559,-34.0882594,138.1984559,Route10
17.748,-34.088898,138.1981256,Route10
16.76,-34.089457,138.1978344,Route10
15.655,-34.0897725,138.1976608,Route10
14.945,-34.0903576,138.1973127,Route10
14.003,-34.0908358,138.197038,Route10
14.038,-34.0909868,138.1969633,Route10
14.37,-34.0912138,138.1968125,Route10
14.527,-34.0916569,138.1965251,Route10
14.369,-34.0918324,138.1964127,Route10
14.609,-34.0928363,138.1957698,Route10
15.0,-34.0937389,138.1952224,Route10
15.0,-34.0941552,138.1949779,Route10
14.0,-34.094597,138.1947334,Route10
15.644,-34.0953767,138.1943375,Route10
15.0,-34.0957078,138.1941687,Route10
14.0,-34.0983561,138.1928182,Route10
14.081,-34.0985053,138.1927413,Route10
15.626,-34.0991742,138.192401,Route10
13.964,-34.0997383,138.1921176,Route10
13.791,-34.0999229,138.1920249,Route10
14.0,-34.1001659,138.1919023,Route10
14.479,-34.1004108,138.1917787,Route10
14.769,-34.1008783,138.1915481,Route10
13.806,-34.1013351,138.1913141,Route10
16.118,-34.1019048,138.1910266,Route10
16.562,-34.1023344,138.1908176,Route10
16.024,-34.1024885,138.1907198,Route10
13.581,-34.1050716,138.1896186,Route10
11.718,-34.1171081,138.1845054,Route10
14.477,-34.1317749,138.1782727,Route10
15.0,-34.1341065,138.1772817,Route10
15.0,-34.1341503,138.1772631,Route10
14.588,-34.1342762,138.1772095,Route10
14.386,-34.1343199,138.1771909,Route10
12.295,-34.1453634,138.1724962,Route10
12.992,-34.1460951,138.1721851,Route10
12.676,-34.1477684,138.1714694,Route10
13.708,-34.1507929,138.170183,Route10
10.888,-34.1514201,138.169915,Route10
10.85,-34.1519957,138.1696707,Route10
10.466,-34.1523018,138.1695408,Route10
9.894,-34.1526257,138.1693791,Route10
9.423,-34.152813,138.1692841,Route10
8.97,-34.1530264,138.1691575,Route10
8.794,-34.1531968,138.16905,Route10
8.878,-34.1532802,138.1689892,Route10
9.283,-34.153412,138.1688931,Route10
10.153,-34.1535646,138.1687821,Route10
10.604,-34.1536843,138.168689,Route10
9.976,-34.1538468,138.1685535,Route10
9.3,-34.1539416,138.1684695,Route10
8.483,-34.1540575,138.1683583,Route10
8.09,-34.1541416,138.1682744,Route10
8.174,-34.1542471,138.1681666,Route10
8.53,-34.1543293,138.168082,Route10
8.877,-34.1544104,138.1679953,Route10
9.262,-34.1545171,138.1678771,Route10
9.471,-34.1545752,138.1678107,Route10
9.586,-34.1546536,138.1677163,Route10
9.455,-34.1547245,138.1676263,Route10
9.085,-34.154804,138.1675235,Route10
9.913,-34.1551268,138.1670735,Route10
7.868,-34.1556328,138.1663325,Route10
7.388,-34.1558011,138.1660881,Route10
7.233,-34.1563565,138.1652816,Route10
9.446,-34.1568212,138.1645984,Route10
11.555,-34.1571076,138.1641756,Route10
11.841,-34.1572664,138.1639405,Route10
10.817,-34.1574197,138.1637046,Route10
7.0,-34.1578905,138.1629846,Route10
7.259,-34.1582492,138.1624597,Route10
8.874,-34.158646,138.161899,Route10
8.667,-34.1587035,138.1618178,Route10
5.96,-34.1590247,138.1613552,Route10
6.601,-34.1593543,138.1608971,Route10
7.579,-34.1596053,138.1605337,Route10
8.83,-34.1599447,138.1600471,Route10
8.488,-34.1602701,138.1595761,Route10
8.299,-34.1606116,138.1590837,Route10
9.565,-34.1608877,138.1586937,Route10
9.341,-34.1609885,138.1585479,Route10
9.005,-34.1611246,138.1583639,Route10
8.114,-34.1612785,138.1581572,Route10
7.917,-34.1613541,138.1580659,Route10
7.918,-34.1614441,138.1579583,Route10
8.206,-34.1615396,138.1578514,Route10
9.0,-34.1616666,138.1577141,Route10
9.0,-34.1618049,138.1575709,Route10
8.724,-34.1619154,138.1574595,Route10
7.249,-34.1620338,138.1573461,Route10
5.0,-34.1622225,138.1571757,Route10
4.708,-34.1623587,138.1570571,Route10
4.348,-34.1624365,138.1569874,Route10
4.727,-34.1625593,138.1568914,Route10
5.849,-34.162725,138.1567773,Route10
6.865,-34.1632283,138.156449,Route10
6.097,-34.1635574,138.15625,Route10
6.041,-34.1637766,138.1561302,Route10
6.385,-34.1641384,138.1559685,Route10
7.013,-34.1644063,138.1558751,Route10
7.437,-34.1646289,138.1557954,Route10
6.364,-34.1649108,138.1557004,Route10
5.722,-34.1654782,138.155578,Route10
6.207,-34.1660676,138.1554874,Route10
6.223,-34.1660802,138.1554858,Route10
8.537,-34.1678763,138.1553245,Route10
7.382,-34.1682384,138.1552946,Route10
6.918,-34.1689116,138.155239,Route10
6.301,-34.1697884,138.1551681,Route10
6.0,-34.170147,138.1551339,Route10
6.0,-34.1703263,138.1551168,Route10
6.915,-34.1709472,138.1550576,Route10
6.0,-34.1728072,138.154898,Route10
5.656,-34.1736352,138.1548269,Route10
6.0,-34.1744233,138.1547549,Route10
4.783,-34.1759245,138.1546278,Route10
4.573,-34.1761759,138.1545992,Route10
5.175,-34.1768181,138.1545338,Route10
5.557,-34.1770609,138.1545105,Route10
6.828,-34.1774523,138.1545054,Route10
7.271,-34.1775754,138.154519,Route10
7.803,-34.177723,138.1545368,Route10
8.65,-34.1779582,138.1545871,Route10
7.504,-34.1784022,138.1547101,Route10
5.498,-34.179061,138.1549453,Route10
5.618,-34.1793317,138.1550495,Route10
5.66,-34.1795282,138.155108,Route10
5.553,-34.1796974,138.155141,Route10
6.063,-34.1798473,138.1551702,Route10
6.74,-34.1800484,138.1551903,Route10
6.748,-34.1803478,138.1551957,Route10
6.0,-34.1810191,138.1552122,Route10
6.062,-34.1811332,138.1552151,Route10
6.823,-34.1816643,138.1552285,Route10
8.63,-34.1819277,138.155242,Route10
7.222,-34.1821868,138.1552416,Route10
6.975,-34.1822704,138.1552375,Route10
6.898,-34.182392,138.1552315,Route10
6.747,-34.1824739,138.1552002,Route10
6.695,-34.1825553,138.1551721,Route10
6.715,-34.1826327,138.155126,Route10
6.853,-34.1828782,138.1549359,Route10
6.929,-34.1830285,138.1547983,Route10
7.0,-34.1831951,138.154618,Route10
7.0,-34.1833556,138.1544307,Route10
7.0,-34.1835318,138.1542269,Route10
7.0,-34.1835551,138.1541961,Route10
7.0,-34.1837736,138.1539912,Route10
7.0,-34.1839721,138.1538406,Route10
7.0,-34.1841028,138.1537617,Route10
7.0,-34.1843771,138.1536673,Route10
6.806,-34.1844982,138.1536269,Route10
6.479,-34.1845898,138.1535995,Route10
6.447,-34.1845997,138.1535976,Route10
6.253,-34.1846683,138.1535842,Route10
6.16,-34.1847512,138.1535667,Route10
6.223,-34.1848416,138.1535493,Route10
6.275,-34.1849695,138.1535346,Route10
6.27,-34.1851847,138.1535362,Route10
6.308,-34.1853836,138.1535255,Route10
6.176,-34.1855241,138.1535622,Route10
5.935,-34.1857329,138.1536292,Route10
6.077,-34.1860001,138.1537564,Route10
6.022,-34.1861789,138.1538827,Route10
5.478,-34.1865338,138.1541948,Route10
5.052,-34.186681,138.1543736,Route10
5.783,-34.1868247,138.1545826,Route10
5.068,-34.1870327,138.1549187,Route10
4.217,-34.187162,138.1551754,Route10
4.26,-34.1873145,138.1553864,Route10
5.571,-34.1874468,138.1555476,Route10
6.226,-34.1875458,138.1556583,Route10
7.241,-34.1877677,138.1559305,Route10
4.095,-34.188286,138.1563112,Route10
4.065,-34.1882979,138.1563176,Route10
4.287,-34.18859,138.1564752,Route10
5.07,-34.1887412,138.1565559,Route10
6.125,-34.1893179,138.1568681,Route10
4.704,-34.1898045,138.157126,Route10
4.102,-34.1899717,138.1572161,Route10
4.601,-34.1901222,138.157302,Route10
4.999,-34.1902768,138.1573902,Route10
5.688,-34.1904689,138.1575285,Route10
5.956,-34.1905769,138.1576199,Route10
5.958,-34.1907702,138.1577895,Route10
5.719,-34.1909658,138.1579884,Route10
4.767,-34.1912038,138.1582731,Route10
4.183,-34.1913972,138.1585672,Route10
4.814,-34.1916064,138.1589279,Route10
4.663,-34.1918661,138.1594093,Route10
5.058,-34.1919702,138.1596196,Route10
5.558,-34.1920666,138.1597969,Route10
6.381,-34.1923281,138.1602933,Route10
6.649,-34.1924024,138.1604326,Route10
6.322,-34.1926465,138.1608904,Route10
6.087,-34.1928141,138.1612047,Route10
6.0,-34.1929695,138.1615053,Route10
6.0,-34.1930218,138.1616055,Route10
6.541,-34.1932467,138.1620369,Route10
6.753,-34.1933037,138.1621455,Route10
7.869,-34.1935747,138.162663,Route10
5.102,-34.1941846,138.1638585,Route10
5.338,-34.1943506,138.1641871,Route10
4.676,-34.1945344,138.1645292,Route10
4.269,-34.1946475,138.1647148,Route10
4.326,-34.1948187,138.1649831,Route10
6.071,-34.1950216,138.1652759,Route10
5.891,-34.1952861,138.1655751,Route10
5.657,-34.1954978,138.1658166,Route10
5.803,-34.1957354,138.1660679,Route10
6.0,-34.1960879,138.1664145,Route10
6.878,-34.1966388,138.1669512,Route10
6.384,-34.197051,138.1673467,Route10
7.687,-34.197413,138.1676801,Route10
7.949,-34.1981851,138.1683601,Route10
7.088,-34.1986601,138.1687499,Route10
8.612,-34.1989538,138.1689939,Route10
9.923,-34.199152,138.1691599,Route10
9.0,-34.2003562,138.1701906,Route10
8.0,-34.2010423,138.1708492,Route10
7.663,-34.2014291,138.1712205,Route10
8.861,-34.201941,138.1717023,Route10
8.004,-34.2021864,138.1719364,Route10
8.739,-34.2024274,138.1721661,Route10
9.261,-34.2034847,138.1731739,Route10
7.889,-34.2046755,138.1743506,Route10
7.914,-34.2046879,138.1743604,Route10
8.0,-34.205447,138.1751347,Route10
8.0,-34.2058629,138.1755424,Route10
7.67,-34.2062028,138.1759366,Route10
6.451,-34.206707,138.1764884,Route10
7.178,-34.2068974,138.1767261,Route10
6.68,-34.207328,138.1772663,Route10
7.427,-34.2075738,138.1776185,Route10
8.621,-34.2078503,138.1780113,Route10
7.987,-34.208275,138.1786278,Route10
8.0,-34.2088864,138.1795322,Route10
7.971,-34.2090016,138.1797026,Route10
9.0,-34.2128876,138.1854092,Route10
9.015,-34.2130019,138.1855771,Route10
8.781,-34.2131163,138.185745,Route10
8.385,-34.2137279,138.1866434,Route10
9.268,-34.2170215,138.1914632,Route10
11.698,-34.2176067,138.1923636,Route10
12.264,-34.2179821,138.1930121,Route10
12.198,-34.2180205,138.1930785,Route10
12.303,-34.2182492,138.193508,Route10
11.965,-34.2184294,138.1938608,Route10
14.075,-34.219935,138.1969002,Route10
16.0,-34.2202347,138.1975075,Route10
15.595,-34.2203903,138.1978148,Route10
15.534,-34.2204072,138.1978472,Route10
15.188,-34.2205033,138.1980311,Route10
14.756,-34.220637,138.1982869,Route10
13.767,-34.2208981,138.1987424,Route10
14.516,-34.221207,138.1992019,Route10
17.016,-34.2214434,138.1995035,Route10
17.058,-34.22152,138.1995916,Route10
16.755,-34.221836,138.1999818,Route10
11.935,-34.2222379,138.2004223,Route10
11.947,-34.2224757,138.2006656,Route10
14.465,-34.2227955,138.2009625,Route10
14.259,-34.2231637,138.2012713,Route10
10.408,-34.2238988,138.2017898,Route10
7.569,-34.2290465,138.2052773,Route10
7.207,-34.2292035,138.2053836,Route10
6.84,-34.2293604,138.2054899,Route10
7.053,-34.2303251,138.2061436,Route10
13.134,-34.23423,138.2087748,Route10
13.77,-34.2343871,138.2088807,Route10
12.976,-34.2360563,138.2100055,Route10
5.116,-34.2394706,138.2122876,Route10
6.455,-34.2396777,138.2124259,Route10
7.0,-34.2398352,138.2125311,Route10
6.492,-34.2413588,138.2135489,Route10
4.976,-34.2430291,138.214651,Route10
7.564,-34.2440101,138.2152736,Route10
6.093,-34.2444187,138.2155424,Route10
8.935,-34.2477773,138.2177957,Route10
8.556,-34.2479346,138.2179012,Route10
8.283,-34.2480919,138.2180068,Route10
9.431,-34.2484871,138.218272,Route10
5.924,-34.2506059,138.2197011,Route10
5.992,-34.2510772,138.220019,Route10
6.443,-34.2512343,138.220125,Route10
4.889,-34.2532187,138.2214636,Route10
4.92,-34.2532778,138.2214997,Route10
6.465,-34.253818,138.22184,Route10
7.0,-34.2541785,138.2220265,Route10
7.735,-34.2546486,138.2222468,Route10
7.211,-34.2551774,138.2224415,Route10
7.205,-34.2551822,138.222443,Route10
7.02,-34.2575094,138.223168,Route10
7.855,-34.260099,138.2239516,Route10
8.849,-34.2607915,138.2241369,Route10
8.91,-34.2614695,138.2243581,Route10
9.101,-34.2618143,138.2244974,Route10
9.807,-34.2622746,138.224721,Route10
8.754,-34.2626818,138.2249431,Route10
7.976,-34.2630444,138.2251688,Route10
9.0,-34.2634356,138.2254428,Route10
8.228,-34.2637639,138.2256927,Route10
8.827,-34.2641187,138.2259967,Route10
9.976,-34.2645049,138.2263585,Route10
10.0,-34.2646084,138.2264682,Route10
10.0,-34.2647436,138.2266117,Route10
10.0,-34.2648788,138.2267551,Route10
10.0,-34.2649363,138.2268161,Route10
9.995,-34.2650099,138.226904,Route10
10.0,-34.2652499,138.2271903,Route10
9.814,-34.2653913,138.2273735,Route10
9.295,-34.2657401,138.2278598,Route10
11.45,-34.266661,138.2292916,Route10
11.506,-34.2668039,138.2294989,Route10
11.04,-34.2669333,138.2297029,Route10
10.672,-34.2670767,138.2298961,Route10
11.893,-34.2674704,138.2303629,Route10
12.0,-34.2675069,138.2304061,Route10
12.0,-34.2676286,138.2305356,Route10
12.502,-34.2678842,138.2307814,Route10
11.96,-34.2680784,138.2309682,Route10
11.786,-34.2681388,138.2310317,Route10
11.321,-34.2683179,138.2311942,Route10
13.267,-34.2686573,138.2314777,Route10
11.614,-34.2691286,138.231812,Route10
9.633,-34.2694911,138.2320671,Route10
13.0,-34.2703372,138.2326335,Route10
11.087,-34.2736353,138.2348614,Route10
11.652,-34.2737923,138.2349674,Route10
11.575,-34.2739494,138.2350735,Route10
10.0,-34.2767228,138.2369471,Route10
8.481,-34.280233,138.239326,Route10
6.534,-34.2817012,138.2403581,Route10
6.881,-34.2823507,138.2408004,Route10
7.803,-34.2825404,138.2409247,Route10
9.478,-34.2827421,138.2410564,Route10
9.452,-34.2830273,138.2412195,Route10
9.015,-34.2833105,138.2413702,Route10
8.035,-34.2835506,138.2414953,Route10
7.27,-34.2838462,138.2416329,Route10
6.514,-34.2841132,138.2417415,Route10
6.353,-34.2841963,138.2417763,Route10
6.0,-34.2845437,138.2418901,Route10
6.0,-34.2846882,138.2419376,Route10
6.076,-34.2848482,138.2419832,Route10
5.964,-34.2850166,138.2420277,Route10
5.485,-34.2851703,138.2420612,Route10
5.055,-34.2854087,138.2421161,Route10
5.453,-34.2856063,138.2421471,Route10
6.061,-34.2858084,138.2421803,Route10
6.037,-34.2860338,138.2422119,Route10
7.43,-34.286308,138.2422336,Route10
8.0,-34.2865878,138.242244,Route10
8.0,-34.2868102,138.2422447,Route10
8.0,-34.2871274,138.2422552,Route10
8.0,-34.287382,138.2422577,Route10
8.498,-34.2876589,138.2422582,Route10
8.851,-34.2879805,138.2422637,Route10
7.582,-34.2882461,138.2422632,Route10
6.889,-34.2885191,138.2422682,Route10
6.431,-34.288743,138.2422721,Route10
6.0,-34.288905,138.2422793,Route10
7.378,-34.289518,138.2423412,Route10
8.654,-34.2899304,138.2424039,Route10
8.453,-34.2901074,138.2424275,Route10
8.225,-34.290359,138.2424355,Route10
9.245,-34.2906165,138.242504,Route10
10.249,-34.2908369,138.2425692,Route10
10.526,-34.2910564,138.2426462,Route10
10.389,-34.2911969,138.2426938,Route10
10.086,-34.2913404,138.2427531,Route10
9.072,-34.2915491,138.2428405,Route10
8.988,-34.2915639,138.2428467,Route10
8.402,-34.2917185,138.2429151,Route10
8.218,-34.2918634,138.2429857,Route10
8.435,-34.2920518,138.2430775,Route10
8.681,-34.2921134,138.2431075,Route10
9.118,-34.2922834,138.2432048,Route10
9.548,-34.2924146,138.2432754,Route10
9.849,-34.2925639,138.2433674,Route10
8.855,-34.2927719,138.2434941,Route10
8.039,-34.2929318,138.2436037,Route10
8.123,-34.2931123,138.243722,Route10
8.099,-34.2933115,138.2438589,Route10
8.387,-34.2935036,138.2439915,Route10
8.06,-34.2937205,138.244139,Route10
7.719,-34.2940147,138.244339,Route10
6.898,-34.2942258,138.2444806,Route10
6.846,-34.2942714,138.2445131,Route10
7.0,-34.2944475,138.2446389,Route10
6.959,-34.2946754,138.2447891,Route10
6.961,-34.2947406,138.2448356,Route10
6.941,-34.2949422,138.2449794,Route10
6.544,-34.2951268,138.2450992,Route10
6.24,-34.2952111,138.2451549,Route10
6.0,-34.2952904,138.2452072,Route10
6.0,-34.2953678,138.2452618,Route10
6.037,-34.2955659,138.2454015,Route10
6.448,-34.2956799,138.2454783,Route10
6.694,-34.295873,138.2456086,Route10
6.002,-34.2961086,138.2457673,Route10
7.207,-34.2963469,138.2459328,Route10
7.066,-34.2966484,138.2461246,Route10
7.686,-34.297135,138.2464538,Route10
8.835,-34.2974736,138.2466881,Route10
7.38,-34.2977428,138.2468739,Route10
5.674,-34.2982074,138.2471868,Route10
6.653,-34.2983711,138.2473009,Route10
8.941,-34.2986035,138.247455,Route10
10.245,-34.2987991,138.2475852,Route10
10.497,-34.2989782,138.2477058,Route10
10.658,-34.2990676,138.247766,Route10
10.654,-34.2991352,138.2478121,Route10
10.214,-34.299292,138.2479188,Route10
10.195,-34.2993018,138.2479255,Route10
10.095,-34.2994489,138.2480253,Route10
8.969,-34.2996159,138.2481386,Route10
8.041,-34.2998781,138.2483219,Route10
8.0,-34.3001339,138.2484907,Route10
8.0,-34.3003569,138.2486452,Route10
8.0,-34.3005917,138.2488081,Route10
8.193,-34.3008087,138.2489478,Route10
7.997,-34.3010631,138.2491178,Route10
8.188,-34.3014411,138.2493733,Route10
8.544,-34.3017256,138.2495711,Route10
8.557,-34.3020992,138.249816,Route10
9.483,-34.3023498,138.2499858,Route10
9.425,-34.3025655,138.2501292,Route10
7.271,-34.3029374,138.2503788,Route10
7.727,-34.303389,138.2507019,Route10
9.077,-34.3038565,138.2510164,Route10
9.047,-34.3044267,138.2514028,Route10
9.603,-34.3053768,138.2520507,Route10
11.799,-34.3063771,138.2527318,Route10
12.539,-34.3074799,138.253483,Route10
12.926,-34.3076363,138.2535905,Route10
12.65,-34.3077924,138.2536983,Route10
12.968,-34.308346,138.2540819,Route10
9.353,-34.3101004,138.2552715,Route10
9.826,-34.3102141,138.2553444,Route10
7.815,-34.3111626,138.2560526,Route10
7.323,-34.3117952,138.2564786,Route10
7.149,-34.3124803,138.2569328,Route10
8.0,-34.3178441,138.2605529,Route10
8.18,-34.3245726,138.2651559,Route10
8.316,-34.3252817,138.2656434,Route10
9.902,-34.3257631,138.2660038,Route10
10.416,-34.3259344,138.2661339,Route10
10.871,-34.3260496,138.2662269,Route10
11.0,-34.3263741,138.2665255,Route10
10.805,-34.3265887,138.266742,Route10
10.58,-34.3268278,138.2669801,Route10
11.117,-34.3274408,138.2677454,Route10
9.37,-34.3278189,138.268261,Route10
10.592,-34.3281059,138.2687252,Route10
11.77,-34.3284418,138.26933,Route10
9.54,-34.3287485,138.2699873,Route10
12.815,-34.3292798,138.2712395,Route10
13.397,-34.3293559,138.2714187,Route10
13.455,-34.3293622,138.2714331,Route10
10.043,-34.3305277,138.2741268,Route10
10.674,-34.3307428,138.2746338,Route10
10.403,-34.3308754,138.2749178,Route10
9.986,-34.3309814,138.2751519,Route10
9.544,-34.3311139,138.2754073,Route10
9.344,-34.3312066,138.2755679,Route10
9.494,-34.3312484,138.2756422,Route10
9.859,-34.3313498,138.2758221,Route10
9.979,-34.3313818,138.2758788,Route10
10.0,-34.3315145,138.2761074,Route10
10.0,-34.3315588,138.2761765,Route10
10.008,-34.331669,138.2763486,Route10
10.157,-34.3317102,138.276413,Route10
11.222,-34.3320061,138.2768255,Route10
11.85,-34.3321298,138.2769951,Route10
13.0,-34.3324006,138.2773256,Route10
13.0,-34.3324906,138.2774348,Route10
11.046,-34.332924,138.2779111,Route10
11.646,-34.3331619,138.2781423,Route10
12.431,-34.3334268,138.2783836,Route10
12.477,-34.3336108,138.2785446,Route10
11.961,-34.3338535,138.2787377,Route10
11.781,-34.3341159,138.2789433,Route10
12.0,-34.3343867,138.2791241,Route10
12.0,-34.334675,138.2793065,Route10
12.0,-34.334918,138.2794585,Route10
12.0,-34.3351109,138.2795641,Route10
12.43,-34.3354066,138.2797021,Route10
12.024,-34.3358176,138.2798811,Route10
12.017,-34.3361029,138.2800048,Route10
11.859,-34.3366902,138.2802201,Route10
11.06,-34.337761,138.2806506,Route10
10.702,-34.3378606,138.2807038,Route10
10.69,-34.3383462,138.2809248,Route10
13.08,-34.3389201,138.2811922,Route10
13.0,-34.3394866,138.2814826,Route10
13.0,-34.3399472,138.2817446,Route10
12.601,-34.340499,138.2820547,Route10
14.988,-34.3412083,138.2824967,Route10
13.137,-34.3419164,138.2829565,Route10
11.867,-34.3423723,138.2832648,Route10
10.933,-34.3433611,138.2839224,Route10
10.139,-34.3444556,138.2846835,Route10
8.209,-34.3453167,138.2852555,Route10
10.073,-34.3458537,138.2856262,Route10
12.101,-34.3467494,138.2862057,Route10
12.828,-34.3469568,138.2863534,Route10
11.66,-34.3475944,138.2867721,Route10
13.749,-34.3491778,138.2878342,Route10
10.037,-34.3500104,138.2882458,Route10
10.637,-34.350177,138.2883282,Route10
11.279,-34.3510043,138.2887372,Route10
11.519,-34.3519108,138.2890666,Route10
9.983,-34.353193,138.2894351,Route10
11.199,-34.353689,138.2895776,Route10
8.173,-34.3541503,138.2897067,Route10
9.88,-34.3549546,138.2899261,Route10
11.467,-34.3557936,138.2901515,Route10
8.663,-34.3567195,138.2904092,Route10
9.966,-34.3571437,138.2905225,Route10
9.985,-34.3571766,138.2905309,Route10
10.194,-34.3579199,138.2907364,Route10
12.0,-34.3585465,138.2909064,Route10
12.0,-34.358571,138.2909132,Route10
11.919,-34.3586335,138.2909304,Route10
11.566,-34.3593691,138.2911731,Route10
12.128,-34.3598438,138.2913534,Route10
12.083,-34.3598764,138.2913657,Route10
12.007,-34.3599327,138.291387,Route10
10.61,-34.3604877,138.291622,Route10
10.872,-34.3607759,138.2917726,Route10
11.0,-34.3608713,138.2918282,Route10
10.949,-34.3611809,138.2920013,Route10
10.571,-34.3613351,138.2920924,Route10
11.292,-34.3615648,138.2922418,Route10
14.001,-34.3619493,138.2924891,Route10
13.481,-34.3621222,138.292606,Route10
13.151,-34.3622976,138.2927201,Route10
12.803,-34.3624631,138.2928325,Route10
12.022,-34.3627304,138.2930192,Route10
10.611,-34.3630101,138.2932091,Route10
11.0,-34.3633882,138.2934635,Route10
11.0,-34.3636776,138.293647,Route10
11.018,-34.3640608,138.2938806,Route10
10.947,-34.364256,138.293993,Route10
10.956,-34.3646596,138.2942212,Route10
11.581,-34.3648837,138.2943304,Route10
11.762,-34.3657716,138.2947883,Route10
10.129,-34.3665899,138.2951301,Route10
12.583,-34.3680478,138.2956668,Route10
11.753,-34.3689095,138.2959962,Route10
10.411,-34.3692912,138.2961341,Route10
11.335,-34.3702208,138.296482,Route10
11.189,-34.3709687,138.2967743,Route10
11.388,-34.3717745,138.2971367,Route10
9.281,-34.372471,138.2974894,Route10
10.105,-34.3730516,138.2978148,Route10
12.15,-34.3735695,138.298135,Route10
13.47,-34.3742959,138.2986291,Route10
9.756,-34.3752099,138.2992575,Route10
10.276,-34.3760345,138.2998077,Route10
10.0,-34.3762432,138.2999521,Route10
11.028,-34.3770913,138.3005391,Route10
11.0,-34.3773463,138.3007062,Route10
9.32,-34.3780142,138.3011671,Route10
11.128,-34.3785298,138.3015103,Route10
9.882,-34.3790624,138.301873,Route10
10.157,-34.3792165,138.3019784,Route10
10.523,-34.3795984,138.3022378,Route10
11.931,-34.380235,138.302654,Route10
11.196,-34.3840522,138.305264,Route10
13.717,-34.3860324,138.3066137,Route10
13.582,-34.3887729,138.3084817,Route10
11.754,-34.390152,138.3095079,Route10
13.847,-34.3907908,138.3100895,Route10
15.527,-34.3914103,138.3107019,Route10
14.374,-34.3918341,138.3111273,Route10
11.326,-34.3925905,138.3119556,Route10
12.0,-34.3928346,138.3122154,Route10
11.357,-34.3934807,138.3128686,Route10
12.0,-34.3947095,138.3141819,Route10
11.285,-34.3955267,138.3150562,Route10
12.575,-34.3962387,138.3158127,Route10
10.855,-34.3974598,138.3170986,Route10
12.093,-34.3979586,138.3175938,Route10
12.029,-34.3986193,138.3182362,Route10
14.462,-34.3992164,138.3187931,Route10
14.282,-34.3994255,138.3189858,Route10
12.158,-34.399877,138.3194006,Route10
11.971,-34.4013807,138.3207253,Route10
12.426,-34.4016845,138.3209929,Route10
11.256,-34.4034135,138.322509,Route10
12.617,-34.4040518,138.3230763,Route10
13.826,-34.4050348,138.3239441,Route10
13.44,-34.4053789,138.3242523,Route10
13.666,-34.4059606,138.3247395,Route10
14.441,-34.4063027,138.3250362,Route10
12.746,-34.4076687,138.3262272,Route10
12.732,-34.4076728,138.3262307,Route10
12.344,-34.4080819,138.3265903,Route10
11.973,-34.4087751,138.3272096,Route10
13.818,-34.4095022,138.3278416,Route10
11.809,-34.4102311,138.3284797,Route10
13.43,-34.4108317,138.3290117,Route10
14.0,-34.4111737,138.3293082,Route10
15.865,-34.4116558,138.3297386,Route10
15.905,-34.4119125,138.3299524,Route10
15.173,-34.4120973,138.3301379,Route10
14.535,-34.412905,138.330794,Route10
11.354,-34.4136641,138.331349,Route10
13.997,-34.4144415,138.3318552,Route10
14.0,-34.4145621,138.3319185,Route10
12.389,-34.4152772,138.3323306,Route10
12.484,-34.4159102,138.3326433,Route10
11.804,-34.4161683,138.3327756,Route10
13.406,-34.4170781,138.3331618,Route10
14.49,-34.4180824,138.3335137,Route10
11.381,-34.418961,138.3337595,Route10
13.109,-34.4197133,138.333928,Route10
14.28,-34.4205166,138.3340639,Route10
15.978,-34.4214514,138.3341632,Route10
15.324,-34.4219055,138.3342114,Route10
13.172,-34.4233713,138.3343588,Route10
10.294,-34.4242482,138.3344809,Route10
13.325,-34.424986,138.3346272,Route10
13.322,-34.4257191,138.3348118,Route10
13.02,-34.4263946,138.3350126,Route10
13.562,-34.4266279,138.3350963,Route10
14.0,-34.4270604,138.3352383,Route10
14.25,-34.427273,138.3353099,Route10
15.799,-34.4276346,138.3354681,Route10
16.543,-34.4279847,138.3356307,Route10
14.394,-34.4284872,138.3358658,Route10
14.353,-34.4284978,138.3358708,Route10
16.271,-34.4298187,138.3366058,Route10
15.124,-34.4302508,138.3368673,Route10
14.971,-34.4305311,138.3370351,Route10
15.915,-34.4310874,138.3373631,Route10
15.434,-34.432052,138.3379271,Route10
14.927,-34.432208,138.3380193,Route10
15.191,-34.4355729,138.3399804,Route10
16.975,-34.4361147,138.3402975,Route10
14.0,-34.4369466,138.3408204,Route10
14.626,-34.4374018,138.3411022,Route10
15.593,-34.4376824,138.3412759,Route10
15.608,-34.4376888,138.34128,Route10
15.467,-34.4379259,138.3414319,Route10
14.599,-34.4387224,138.3419895,Route10
13.819,-34.4392807,138.3423776,Route10
13.479,-34.4396732,138.3426756,Route10
11.435,-34.4406117,138.3433226,Route10
15.895,-34.4417748,138.3441376,Route10
15.802,-34.4430764,138.3450498,Route10
15.36,-34.443807,138.3455683,Route10
12.792,-34.445103,138.3464807,Route10
15.74,-34.4459761,138.3470933,Route10
16.503,-34.4468548,138.3477063,Route10
19.182,-34.4475751,138.3482276,Route10
15.0,-34.4481809,138.3487678,Route10
15.0,-34.4485169,138.3490854,Route10
15.0,-34.4486554,138.3492235,Route10
12.349,-34.4492038,138.3498193,Route10
14.262,-34.4495432,138.3502375,Route10
14.405,-34.4496568,138.3503776,Route10
12.0,-34.4500935,138.3510008,Route10
12.0,-34.450596,138.3518004,Route10
14.038,-34.4511472,138.3527656,Route10
11.703,-34.4524109,138.3549794,Route10
12.376,-34.4524884,138.355116,Route10
13.0,-34.4526814,138.3554561,Route10
12.762,-34.4529576,138.3559355,Route10
12.981,-34.4535413,138.3569516,Route10
12.908,-34.453807,138.3574202,Route10
12.138,-34.4540477,138.3578446,Route10
12.206,-34.4545885,138.3587215,Route10
13.857,-34.4549602,138.3592506,Route10
14.225,-34.4553489,138.3597554,Route10
13.986,-34.4557801,138.3602827,Route10
13.0,-34.4561881,138.3607429,Route10
12.973,-34.4569511,138.3615075,Route10
14.726,-34.4573351,138.3618659,Route10
16.708,-34.4579138,138.3624131,Route10
15.495,-34.4581023,138.3625954,Route10
15.043,-34.4581442,138.3626411,Route10
12.618,-34.4584058,138.3629265,Route10
12.0,-34.4586678,138.3631752,Route10
13.582,-34.462217,138.3665452,Route10
13.859,-34.4627387,138.367052,Route10
15.956,-34.4633574,138.3676362,Route10
15.983,-34.4661054,138.3702321,Route10
16.0,-34.4662473,138.3703661,Route10
14.141,-34.4710719,138.3749241,Route10
14.551,-34.4713482,138.3752105,Route10
14.0,-34.4738074,138.3775203,Route10
14.941,-34.4749996,138.3786276,Route10
14.907,-34.4750985,138.3787355,Route10
14.376,-34.4754083,138.3790621,Route10
12.9,-34.4757752,138.3794194,Route10
12.905,-34.4758157,138.3794539,Route10
14.922,-34.4763274,138.3799287,Route10
15.368,-34.4766251,138.3801914,Route10
14.413,-34.4768297,138.3804217,Route10
15.944,-34.4771911,138.3807645,Route10
16.457,-34.477983,138.3815159,Route10
14.963,-34.4786382,138.3821182,Route10
16.512,-34.4792466,138.3826937,Route10
13.959,-34.4798139,138.3832304,Route10
13.012,-34.4819415,138.3852431,Route10
12.679,-34.4820833,138.3853773,Route10
12.807,-34.4825088,138.3857798,Route10
12.186,-34.4874681,138.3904719,Route10
15.0,-34.488113,138.3910851,Route10
16.0,-34.4906922,138.3935122,Route10
16.919,-34.4910163,138.3938231,Route10
17.0,-34.4911574,138.3939585,Route10
17.0,-34.4912985,138.3940938,Route10
16.789,-34.4915865,138.3943702,Route10
17.657,-34.4931282,138.3958107,Route10
17.007,-34.4933315,138.3960025,Route10
15.183,-34.493648,138.3963013,Route10
16.211,-34.4962969,138.3987616,Route10
16.57,-34.4963475,138.3988107,Route10
16.783,-34.4965368,138.3990021,Route10
16.408,-34.4966213,138.3990854,Route10
15.751,-34.4979869,138.4003697,Route10
16.0,-34.4983537,138.4007119,Route10
16.0,-34.4983839,138.4007401,Route10
15.635,-34.4985858,138.4009346,Route10
12.484,-34.4989113,138.4012425,Route10
12.176,-34.4991141,138.4014379,Route10
12.209,-34.4991241,138.401447,Route10
12.996,-34.4993646,138.4016656,Route10
13.307,-34.5012308,138.4034419,Route10
11.372,-34.5042032,138.40627,Route10
11.813,-34.5063655,138.4083276,Route10
13.733,-34.5092117,138.4110133,Route10
11.674,-34.509535,138.4113212,Route10
11.778,-34.5098369,138.4116051,Route10
12.573,-34.5100706,138.4118257,Route10
12.907,-34.5104482,138.41218,Route10
13.0,-34.5107846,138.4124915,Route10
12.901,-34.5108607,138.4125625,Route10
12.953,-34.5116796,138.4133359,Route10
12.0,-34.5120295,138.4136854,Route10
12.504,-34.5122945,138.4139566,Route10
13.849,-34.5124786,138.4141462,Route10
14.476,-34.512689,138.4143609,Route10
14.653,-34.5127222,138.4143933,Route10
14.186,-34.5129505,138.4146363,Route10
13.089,-34.5133046,138.4150378,Route10
13.094,-34.5137958,138.4155949,Route10
13.137,-34.5138085,138.4156093,Route10
13.838,-34.5143037,138.4162022,Route10
13.208,-34.5145021,138.4164462,Route10
13.723,-34.5170269,138.4195654,Route10
13.931,-34.5192858,138.4223565,Route10
16.029,-34.5195279,138.4226556,Route10
16.914,-34.5195979,138.4227437,Route10
14.026,-34.5201179,138.4233936,Route10
13.229,-34.5206621,138.424055,Route10
13.972,-34.5208256,138.4242694,Route10
14.864,-34.5209534,138.4244291,Route10
16.272,-34.5211868,138.4247018,Route10
16.167,-34.521574,138.4251736,Route10
14.13,-34.5220564,138.425773,Route10
12.43,-34.5228973,138.4268213,Route10
15.029,-34.5244208,138.4287066,Route10
14.265,-34.5254819,138.4300165,Route10
14.824,-34.5261051,138.4307894,Route10
14.522,-34.5270581,138.4319766,Route10
12.637,-34.527677,138.4326946,Route10
13.924,-34.5280254,138.4331393,Route10
12.814,-34.5285085,138.4337488,Route10
15.005,-34.5293131,138.4346909,Route10
14.149,-34.5294197,138.4348116,Route10
14.0,-34.5296434,138.4350827,Route10
14.401,-34.5298596,138.4353291,Route10
14.985,-34.5299977,138.4354984,Route10
14.831,-34.530197,138.4357169,Route10
14.194,-34.5305018,138.4360469,Route10
14.89,-34.5310532,138.4366362,Route10
14.425,-34.5315485,138.4371539,Route10
15.302,-34.5319676,138.4375775,Route10
16.552,-34.5323468,138.4379635,Route10
17.255,-34.5332624,138.4388284,Route10
16.998,-34.5333338,138.438891,Route10
16.883,-34.5335779,138.4391298,Route10
15.961,-34.5341776,138.4397153,Route10
15.112,-34.5346816,138.4402123,Route10
15.93,-34.534981,138.4405362,Route10
16.0,-34.5350583,138.4406192,Route10
15.085,-34.5355319,138.4411619,Route10
14.499,-34.5358875,138.4415616,Route10
15.0,-34.5374457,138.4433739,Route10
15.0,-34.5374747,138.4434105,Route10
16.87,-34.5379895,138.4440082,Route10
16.0,-34.53855,138.4446719,Route10
15.121,-34.5416627,138.4483037,Route10
13.999,-34.5433335,138.450238,Route10
13.462,-34.5434829,138.450415,Route10
16.073,-34.544208,138.4512533,Route10
15.0,-34.5446803,138.4517762,Route10
17.88,-34.546982,138.4544831,Route10
18.111,-34.5472198,138.4547554,Route10
18.659,-34.5473507,138.4549053,Route10
19.198,-34.5474815,138.4550551,Route10
19.744,-34.5491823,138.4570032,Route10
16.085,-34.5502543,138.4582522,Route10
14.73,-34.5506452,138.4587092,Route10
17.403,-34.5510699,138.4591894,Route10
16.755,-34.5512441,138.459394,Route10
16.467,-34.5519161,138.4601761,Route10
16.717,-34.5523714,138.4606871,Route10
14.148,-34.5543283,138.462985,Route10
13.713,-34.5545666,138.4632573,Route10
13.605,-34.5548034,138.4635243,Route10
14.826,-34.5551153,138.4638859,Route10
17.431,-34.555426,138.4642447,Route10
18.142,-34.5560357,138.4649508,Route10
17.289,-34.5563151,138.4652691,Route10
17.0,-34.5565961,138.4655979,Route10
16.879,-34.5568262,138.4658669,Route10
16.623,-34.5568887,138.465938,Route10
15.723,-34.5572895,138.4664015,Route10
15.0,-34.5575133,138.4666679,Route10
15.0,-34.5576765,138.4668559,Route10
16.376,-34.5586936,138.4680336,Route10
17.408,-34.559814,138.4693311,Route10
14.254,-34.5614,138.471173,Route10
14.981,-34.5615728,138.4713736,Route10
14.995,-34.5615837,138.4713843,Route10
16.353,-34.5622212,138.4721249,Route10
14.008,-34.5629035,138.4729146,Route10
16.0,-34.5634868,138.4736084,Route10
14.0,-34.5648225,138.4751247,Route10
14.848,-34.5660285,138.4765306,Route10
13.998,-34.567817,138.4786156,Route10
13.782,-34.5679165,138.4787323,Route10
13.28,-34.5680142,138.4788461,Route10
13.277,-34.5682302,138.4790958,Route10
13.182,-34.5686617,138.4795946,Route10
13.707,-34.5713316,138.4826964,Route10
11.704,-34.5719681,138.4834309,Route10
11.87,-34.5726209,138.4841815,Route10
13.307,-34.5731451,138.4848252,Route10
11.99,-34.5733577,138.4850312,Route10
11.0,-34.5780913,138.4905113,Route10
11.015,-34.5822121,138.4952837,Route10
10.828,-34.5830367,138.4962405,Route10
12.75,-34.5832867,138.4965312,Route10
12.037,-34.5835745,138.4968659,Route10
12.088,-34.5837374,138.4970462,Route10
11.491,-34.5839545,138.497298,Route10
9.906,-34.5841625,138.4975297,Route10
9.291,-34.5842631,138.4976538,Route10
9.172,-34.5844246,138.4978291,Route10
10.963,-34.5845892,138.4980097,Route10
12.0,-34.5848408,138.4982805,Route10
10.82,-34.5851639,138.4986375,Route10
9.957,-34.5854111,138.498912,Route10
10.234,-34.585731,138.4992696,Route10
10.632,-34.5859736,138.4995467,Route10
10.36,-34.5862112,138.4998228,Route10
11.142,-34.5864519,138.5001041,Route10
10.269,-34.5878578,138.5017415,Route10
11.598,-34.5881258,138.5020404,Route10
13.0,-34.5884225,138.5024434,Route10
13.0,-34.5885012,138.502535,Route10
12.545,-34.5887374,138.5028115,Route10
11.993,-34.5888967,138.5029827,Route10
11.728,-34.5890669,138.5031735,Route10
10.598,-34.5892994,138.5034451,Route10
10.14,-34.5895389,138.5037255,Route10
11.207,-34.5897254,138.5039457,Route10
12.808,-34.5899479,138.504166,Route10
12.339,-34.5901837,138.5044434,Route10
11.929,-34.5905842,138.5049148,Route10
11.0,-34.5909869,138.5053751,Route10
11.005,-34.5919421,138.5064912,Route10
11.405,-34.5923346,138.5069487,Route10
11.031,-34.592755,138.5073961,Route10
10.822,-34.5932972,138.5080689,Route10
10.54,-34.5933828,138.5081832,Route10
10.606,-34.5938188,138.5086673,Route10
12.0,-34.5941358,138.5090194,Route10
11.985,-34.5941683,138.5090635,Route10
10.465,-34.5942982,138.509227,Route10
10.0,-34.5950223,138.5100866,Route10
10.041,-34.5952893,138.5103251,Route10
9.073,-34.5961616,138.5113686,Route10
9.738,-34.5963828,138.5115938,Route10
10.228,-34.5966657,138.5118817,Route10
9.211,-34.5970098,138.5122076,Route10
10.0,-34.5972784,138.5124542,Route10
10.0,-34.5977278,138.5128388,Route10
10.766,-34.5980932,138.5131309,Route10
10.848,-34.5984659,138.5134141,Route10
11.152,-34.5986533,138.5135487,Route10
11.806,-34.5988464,138.5136848,Route10
11.749,-34.5992363,138.5139485,Route10
11.078,-34.5994228,138.5140669,Route10
12.521,-34.5998181,138.5143081,Route10
13.95,-34.6001127,138.5144787,Route10
13.182,-34.600317,138.5145931,Route10
11.458,-34.6005077,138.5146907,Route10
12.426,-34.6008228,138.5148511,Route10
15.001,-34.6011224,138.5150002,Route10
14.917,-34.601434,138.5151418,Route10
13.956,-34.6018513,138.5153144,Route10
14.814,-34.602274,138.5154793,Route10
14.0,-34.6025414,138.5155719,Route10
13.804,-34.6028716,138.5156723,Route10
13.567,-34.6030903,138.5157355,Route10
13.135,-34.6035196,138.5158708,Route10
12.026,-34.6038841,138.5159691,Route10
11.0,-34.6046401,138.5161229,Route10
11.41,-34.6048361,138.5161574,Route10
11.532,-34.6048699,138.5161646,Route10
12.0,-34.6053008,138.5162251,Route10
12.14,-34.6056271,138.5162626,Route10
12.684,-34.6060641,138.5163012,Route10
11.996,-34.6063941,138.5163287,Route10
11.875,-34.6066173,138.5163467,Route10
10.946,-34.6069525,138.5163742,Route10
11.645,-34.6072785,138.5164017,Route10
13.995,-34.6074995,138.5164266,Route10
14.788,-34.6077189,138.5164515,Route10
13.055,-34.6080479,138.516496,Route10
12.777,-34.6081659,138.516511,Route10
12.461,-34.6083809,138.5165433,Route10
12.02,-34.6086028,138.5165756,Route10
11.885,-34.6087477,138.5166016,Route10
11.894,-34.6089371,138.5166309,Route10
12.042,-34.6091534,138.5166726,Route10
12.629,-34.6095476,138.5167471,Route10
12.099,-34.6096947,138.5167758,Route10
11.327,-34.6100264,138.5168442,Route10
11.133,-34.6101384,138.516871,Route10
11.011,-34.6104612,138.5169474,Route10
11.928,-34.6108045,138.5170306,Route10
14.076,-34.6112162,138.5171382,Route10
14.925,-34.6114331,138.5171976,Route10
15.436,-34.6117437,138.5172833,Route10
16.578,-34.612179,138.5174122,Route10
16.077,-34.6124985,138.51752,Route10
15.82,-34.6126028,138.5175527,Route10
15.077,-34.6130271,138.517709,Route10
14.98,-34.6132441,138.5177858,Route10
14.915,-34.6135585,138.5179022,Route10
13.39,-34.6137738,138.517986,Route10
12.341,-34.6140746,138.5181266,Route10
12.542,-34.6142162,138.5181834,Route10
13.373,-34.6143885,138.5182676,Route10
13.594,-34.6146845,138.5184016,Route10
13.871,-34.6148715,138.5184987,Route10
13.827,-34.6149793,138.5185471,Route10
14.087,-34.6153841,138.5187417,Route10
14.0,-34.615783,138.5189455,Route10
14.0,-34.6160824,138.519095,Route10
13.156,-34.616476,138.5193051,Route10
13.625,-34.6168715,138.5195127,Route10
14.0,-34.6172647,138.5197222,Route10
13.437,-34.6176564,138.5199307,Route10
12.5,-34.6180539,138.5201397,Route10
11.67,-34.6184488,138.5203484,Route10
13.859,-34.6188496,138.5205616,Route10
13.847,-34.6196337,138.5209778,Route10
15.0,-34.6201302,138.5212408,Route10
12.638,-34.6207254,138.5215533,Route10
14.893,-34.6212109,138.5218149,Route10
13.027,-34.6222091,138.5223429,Route10
13.727,-34.622702,138.5226028,Route10
14.887,-34.6230909,138.5228136,Route10
14.841,-34.6231947,138.5228665,Route10
14.864,-34.6232431,138.5228942,Route10
12.738,-34.6238141,138.5232032,Route10
14.07,-34.6243252,138.5234702,Route10
14.353,-34.6245228,138.5235791,Route10
13.0,-34.6248998,138.5237737,Route10
12.966,-34.6254769,138.5240785,Route10
13.181,-34.6259565,138.5243313,Route10
12.681,-34.6263336,138.5245331,Route10
12.575,-34.6264527,138.5245976,Route10
14.34,-34.6268983,138.5248315,Route10
14.433,-34.6273216,138.525058,Route10
13.599,-34.6274728,138.5251385,Route10
14.055,-34.6277717,138.525299,Route10
13.946,-34.6286262,138.5257506,Route10
13.716,-34.6286901,138.5257822,Route10
14.0,-34.6297921,138.5263723,Route10
13.809,-34.6303966,138.5266972,Route10
14.306,-34.6307046,138.5268594,Route10
14.709,-34.6312148,138.5271289,Route10
14.301,-34.631716,138.5273985,Route10
13.787,-34.6323145,138.5277186,Route10
13.893,-34.632724,138.5279307,Route10
13.931,-34.6327453,138.5279422,Route10
14.475,-34.6329098,138.5280307,Route10
13.175,-34.6333503,138.5282678,Route10
12.955,-34.6337438,138.5284799,Route10
14.778,-34.6343325,138.5287857,Route10
14.792,-34.6343932,138.5288182,Route10
14.937,-34.6345578,138.5289063,Route10
14.62,-34.6347224,138.5289944,Route10
14.581,-34.6347427,138.5290053,Route10
14.222,-34.6351472,138.5292225,Route10
13.53,-34.6357569,138.5295469,Route10
13.738,-34.6364673,138.5299271,Route10
14.875,-34.637063,138.530243,Route10
15.335,-34.6373758,138.5304129,Route10
16.595,-34.6376866,138.5305768,Route10
16.815,-34.6380758,138.530782,Route10
16.91,-34.638579,138.531049,Route10
19.842,-34.6391698,138.5313652,Route10
20.552,-34.6392831,138.5314258,Route10
20.834,-34.6393346,138.5314525,Route10
20.267,-34.6396828,138.5316328,Route10
17.517,-34.6399957,138.5317974,Route10
17.079,-34.6401608,138.5318842,Route10
16.692,-34.6403862,138.5320028,Route10
16.668,-34.6405941,138.5321152,Route10
16.989,-34.640797,138.532225,Route10
16.93,-34.6412092,138.5324447,Route10
14.832,-34.6416082,138.5326635,Route10
14.168,-34.6422136,138.5330074,Route10
15.762,-34.6427029,138.5333005,Route10
17.46,-34.6431832,138.5336089,Route10
17.408,-34.6434675,138.5338125,Route10
17.655,-34.6440256,138.5342146,Route10
15.309,-34.6445045,138.5345762,Route10
14.18,-34.6449653,138.5349429,Route10
13.288,-34.6453555,138.5352698,Route10
13.398,-34.6458716,138.5357227,Route10
13.0,-34.6461123,138.535937,Route10
12.721,-34.646369,138.5361945,Route10
12.639,-34.6465677,138.536391,Route10
12.425,-34.6467621,138.5365943,Route10
12.944,-34.6470618,138.5369078,Route10
14.0,-34.6476321,138.5375282,Route10
12.358,-34.6487895,138.5387637,Route10
13.0,-34.6492212,138.5391864,Route10
13.0,-34.6493207,138.5392802,Route10
13.101,-34.6495694,138.5395069,Route10
13.684,-34.6497172,138.5396379,Route10
16.648,-34.6500154,138.5399023,Route10
16.534,-34.6502806,138.5401267,Route10
16.473,-34.6502897,138.5401344,Route10
15.235,-34.6504784,138.5402896,Route10
14.007,-34.6506686,138.5404405,Route10
11.927,-34.6510364,138.5407278,Route10
11.666,-34.6510703,138.5407555,Route10
11.406,-34.6514309,138.5410276,Route10
11.458,-34.6514922,138.541073,Route10
12.056,-34.6516318,138.5411689,Route10
14.0,-34.6520316,138.5414609,Route10
14.0,-34.6522148,138.5415752,Route10
14.0,-34.6524954,138.5417603,Route10
15.911,-34.6527737,138.5419277,Route10
16.289,-34.652893,138.5420043,Route10
16.67,-34.6530943,138.542121,Route10
12.852,-34.6535784,138.5424033,Route10
12.401,-34.6537898,138.5425193,Route10
13.159,-34.6540936,138.5426847,Route10
13.167,-34.6541903,138.5427315,Route10
12.745,-34.6545996,138.5429385,Route10
12.952,-34.6548961,138.5430769,Route10
12.41,-34.6552108,138.5432194,Route10
13.945,-34.6557428,138.5434454,Route10
15.35,-34.6562571,138.5436474,Route10
14.713,-34.6564687,138.5437263,Route10
13.947,-34.6566813,138.5438041,Route10
13.0,-34.6569972,138.5439143,Route10
12.578,-34.6574267,138.5440482,Route10
11.143,-34.6577411,138.5441433,Route10
10.738,-34.6581775,138.5442785,Route10
12.366,-34.6589269,138.5445081,Route10
12.817,-34.6594562,138.5446691,Route10
12.839,-34.659777,138.544767,Route10
11.956,-34.6601007,138.5448612,Route10
10.275,-34.6604314,138.5449618,Route10
9.79,-34.6607452,138.5450583,Route10
9.545,-34.6609631,138.5451264,Route10
9.731,-34.6613367,138.5452417,Route10
11.253,-34.662722,138.5456584,Route10
10.927,-34.6628177,138.5456929,Route10
10.743,-34.6630382,138.5457573,Route10
11.0,-34.6633469,138.5458546,Route10
11.556,-34.6637656,138.5459807,Route10
11.437,-34.6643066,138.5461438,Route10
10.303,-34.6648372,138.5463047,Route10
10.167,-34.6652685,138.5464369,Route10
10.504,-34.6656909,138.5465678,Route10
10.142,-34.6662255,138.5467415,Route10
10.951,-34.6665494,138.5468408,Route10
11.082,-34.6669673,138.546965,Route10
12.616,-34.6673934,138.5470938,Route10
12.324,-34.6677116,138.5471911,Route10
11.206,-34.6681523,138.5473356,Route10
11.836,-34.6688434,138.5475541,Route10
12.217,-34.6696886,138.5478353,Route10
13.36,-34.6701623,138.5479933,Route10
14.623,-34.6704818,138.5480976,Route10
14.43,-34.6709116,138.5482392,Route10
15.145,-34.6713301,138.5483845,Route10
14.354,-34.6717564,138.5485271,Route10
13.0,-34.6720755,138.548633,Route10
13.005,-34.6725014,138.5487746,Route10
15.0,-34.6731378,138.5489886,Route10
15.49,-34.673504,138.5491106,Route10
15.705,-34.6735597,138.5491291,Route10
15.763,-34.6736775,138.5491686,Route10
14.577,-34.6739821,138.5492706,Route10
13.0,-34.6741971,138.5493452,Route10
13.0,-34.6743104,138.5493845,Route10
13.288,-34.6747258,138.5495245,Route10
13.795,-34.675051,138.549631,Route10
15.04,-34.6753666,138.5497385,Route10
14.524,-34.6757885,138.54988,Route10
13.942,-34.6762095,138.5500248,Route10
14.26,-34.6765387,138.5501339,Route10
14.904,-34.6769698,138.5502765,Route10
13.469,-34.6772858,138.5503867,Route10
13.0,-34.6776018,138.5505022,Route10
13.241,-34.6781226,138.5507028,Route10
13.933,-34.6785451,138.550912,Route10
12.976,-34.6789753,138.5511179,Route10
12.058,-34.6793717,138.5513278,Route10
14.0,-34.6799818,138.551673,Route10
14.0,-34.6804111,138.5519445,Route10
12.663,-34.6807413,138.5521682,Route10
11.069,-34.6812646,138.5525346,Route10
10.607,-34.6817757,138.5529438,Route10
10.785,-34.6821626,138.5532776,Route10
11.971,-34.6825098,138.5535847,Route10
10.649,-34.6829095,138.553961,Route10
10.715,-34.683031,138.5540798,Route10
11.856,-34.6833733,138.5544443,Route10
11.543,-34.6837604,138.5548731,Route10
11.486,-34.6840599,138.5552321,Route10
10.324,-34.6848123,138.5562162,Route10
12.164,-34.6851594,138.5567461,Route10
12.004,-34.6854597,138.5572187,Route10
10.19,-34.6857228,138.557661,Route10
11.506,-34.6863823,138.5587484,Route10
11.085,-34.6867128,138.5593088,Route10
13.903,-34.6872493,138.5602243,Route10
12.607,-34.6876355,138.5608737,Route10
11.446,-34.6879013,138.5613208,Route10
13.985,-34.6883313,138.5620526,Route10
9.985,-34.6892673,138.5636152,Route10
9.543,-34.6893408,138.563738,Route10
8.0,-34.6897216,138.564327,Route10
10.231,-34.6900988,138.5648665,Route10
10.557,-34.6901237,138.5649072,Route10
12.538,-34.6903468,138.565199,Route10
10.93,-34.6907555,138.565729,Route10
10.735,-34.6909253,138.5659434,Route10
10.725,-34.6910197,138.5660657,Route10
11.166,-34.6911886,138.566276,Route10
11.282,-34.6912194,138.5663122,Route10
11.581,-34.6913111,138.5664275,Route10
11.0,-34.6915153,138.5666675,Route10
11.199,-34.691844,138.5670312,Route10
12.3,-34.6920279,138.5672223,Route10
12.939,-34.6924527,138.5675998,Route10
12.795,-34.692557,138.5676848,Route10
12.0,-34.6927925,138.5678914,Route10
12.0,-34.6929587,138.5680321,Route10
11.793,-34.6930625,138.5681199,Route10
11.896,-34.6932144,138.5682434,Route10
11.931,-34.693288,138.5683072,Route10
12.001,-34.6933409,138.5683481,Route10
12.993,-34.6935649,138.5685207,Route10
13.489,-34.6939408,138.5688051,Route10
15.47,-34.6943708,138.5691125,Route10
16.0,-34.6944585,138.5691723,Route10
16.0,-34.6945302,138.5692217,Route10
16.0,-34.6946073,138.5692697,Route10
15.548,-34.6950355,138.5695477,Route10
14.882,-34.6952944,138.5697136,Route10
13.217,-34.6954765,138.5698201,Route10
10.012,-34.6962554,138.5702635,Route10
14.901,-34.6969002,138.5705882,Route10
13.842,-34.6970862,138.5706336,Route10
12.967,-34.6972409,138.5706918,Route10
11.909,-34.6978635,138.5709182,Route10
11.946,-34.6981414,138.5710065,Route10
11.963,-34.6981793,138.5710186,Route10
11.859,-34.6985351,138.5711338,Route10
11.535,-34.6988924,138.5712418,Route10
11.948,-34.6992512,138.5713413,Route10
11.398,-34.6996118,138.5714325,Route10
11.306,-34.699861,138.5714968,Route10
12.045,-34.7002936,138.5716083,Route10
12.991,-34.7005992,138.5716828,Route10
12.295,-34.7009767,138.5717753,Route10
11.972,-34.7011261,138.5718099,Route10
11.966,-34.7011293,138.5718106,Route10
11.004,-34.7014481,138.5718841,Route10
10.06,-34.7016612,138.5719333,Route10
13.675,-34.7023471,138.5720836,Route10
12.391,-34.7029364,138.572204,Route10
11.23,-34.7032516,138.5722828,Route10
10.937,-34.7036287,138.5723753,Route10
10.0,-34.704222,138.5725332,Route10
10.315,-34.7046157,138.572642,Route10
11.271,-34.7048658,138.5727094,Route10
11.581,-34.7051157,138.5727768,Route10
11.352,-34.7054656,138.5728756,Route10
11.629,-34.7057291,138.5729524,Route10
11.369,-34.7060036,138.5730425,Route10
11.429,-34.7061996,138.5731007,Route10
12.0,-34.7063939,138.5731669,Route10
12.0,-34.706586,138.573241,Route10
12.0,-34.7067762,138.5733236,Route10
12.0,-34.7069642,138.5734136,Route10
12.0,-34.7071495,138.5735116,Route10
12.0,-34.7073322,138.5736172,Route10
12.043,-34.7075119,138.5737308,Route10
12.063,-34.7075174,138.5737344,Route10
13.769,-34.7079634,138.5739029,Route10
14.855,-34.7082355,138.5739705,Route10
14.986,-34.7083226,138.5739779,Route10
14.228,-34.7088256,138.574048,Route10
14.0,-34.7089253,138.5740535,Route10
14.0,-34.709105,138.5740633,Route10
14.0,-34.709131,138.5740623,Route10
14.0,-34.7092746,138.5740564,Route10
14.0,-34.7093108,138.5740551,Route10
14.0,-34.7094271,138.5740511,Route10
13.29,-34.7096418,138.5740314,Route10
12.444,-34.7098766,138.5739938,Route10
11.636,-34.7101192,138.5739312,Route10
10.949,-34.7103618,138.5738686,Route10
10.968,-34.7105311,138.573787,Route10
10.495,-34.7106957,138.5737075,Route10
11.107,-34.7110331,138.5735269,Route10
12.034,-34.7113754,138.5733238,Route10
13.0,-34.7116714,138.573125,Route10
13.0,-34.711717,138.5730939,Route10
12.865,-34.7118283,138.573018,Route10
11.423,-34.7121426,138.5728156,Route10
10.471,-34.7124438,138.5726309,Route10
10.508,-34.712623,138.5725325,Route10
10.949,-34.7128325,138.5724311,Route10
11.516,-34.7131182,138.5723264,Route10
11.535,-34.7134692,138.572236,Route10
10.693,-34.7136519,138.5721978,Route10
8.285,-34.7139371,138.5721568,Route10
7.605,-34.7143896,138.5721663,Route10
7.614,-34.7143909,138.5721663,Route10
7.824,-34.71442,138.572164,Route10
10.367,-34.7146636,138.5721957,Route10
11.096,-34.7147475,138.5722066,Route10
11.438,-34.7148425,138.5722189,Route10
11.735,-34.7149263,138.5722298,Route10
12.0,-34.7150213,138.5722422,Route10
10.864,-34.715502,138.5723046,Route10
10.648,-34.7156411,138.5723286,Route10
10.647,-34.7156434,138.572329,Route10
10.0,-34.716415,138.5724615,Route10
11.874,-34.7169247,138.5725642,Route10
13.168,-34.7173436,138.5726708,Route10
13.001,-34.7177682,138.5727688,Route10
12.677,-34.7178495,138.5727077,Route10
12.511,-34.718346,138.5728504,Route10
12.585,-34.7185201,138.5729002,Route10
11.613,-34.7193234,138.5731304,Route10
11.607,-34.7193355,138.5731339,Route10
11.789,-34.7196196,138.5732142,Route10
12.0,-34.7198738,138.5732937,Route10
12.0,-34.7204968,138.5734702,Route10
9.644,-34.7223704,138.5739813,Route10
11.085,-34.7238617,138.5744085,Route10
11.0,-34.7241447,138.5744884,Route10
11.741,-34.7258387,138.5749333,Route10
11.633,-34.7258793,138.574944,Route10
11.621,-34.7258839,138.5749452,Route10
11.282,-34.7260114,138.5749787,Route10
8.823,-34.7267157,138.5751751,Route10
8.192,-34.7268911,138.575224,Route10
9.834,-34.7275944,138.5754202,Route10
10.837,-34.7286614,138.5757082,Route10
10.557,-34.7288214,138.5757521,Route10
9.417,-34.7302044,138.5761318,Route10
7.0,-34.7311475,138.57639,Route10
7.0,-34.7313157,138.576436,Route10
8.434,-34.7318419,138.5765799,Route10
8.458,-34.7318495,138.576582,Route10
8.273,-34.7320339,138.5766325,Route10
6.291,-34.7323673,138.5767279,Route10
5.877,-34.7325204,138.5767719,Route10
7.512,-34.7327519,138.5768442,Route10
7.785,-34.7328136,138.5768639,Route10
7.977,-34.7331346,138.5769667,Route10
8.155,-34.7337597,138.5771295,Route10
8.231,-34.7349714,138.5775088,Route10
6.717,-34.7361233,138.5778756,Route10
5.745,-34.7371816,138.5782627,Route10
6.581,-34.7373835,138.5783365,Route10
9.715,-34.7380357,138.5785473,Route10
9.783,-34.7380533,138.5785526,Route10
9.572,-34.738148,138.5785846,Route10
8.639,-34.7384336,138.5786813,Route10
8.098,-34.738584,138.5787335,Route10
8.215,-34.7387947,138.5787984,Route10
9.705,-34.7393054,138.5789707,Route10
7.872,-34.7397418,138.5791173,Route10
6.131,-34.7400022,138.5792071,Route10
5.3,-34.740182,138.5792691,Route10
5.022,-34.7402613,138.579296,Route10
5.329,-34.7403698,138.5793328,Route10
6.367,-34.7408557,138.5794976,Route10
6.498,-34.7409665,138.5795354,Route10
6.513,-34.7410829,138.5795739,Route10
6.808,-34.7412041,138.5796126,Route10
7.15,-34.7412889,138.5796393,Route10
7.526,-34.7413702,138.5796637,Route10
7.822,-34.7414678,138.5796934,Route10
7.978,-34.7415467,138.579718,Route10
8.063,-34.7416186,138.5797398,Route10
8.191,-34.7416876,138.5797602,Route10
8.366,-34.7417439,138.5797771,Route10
8.517,-34.7418159,138.5797983,Route10
8.582,-34.741874,138.579815,Route10
8.414,-34.7420054,138.5798528,Route10
8.208,-34.7420916,138.579877,Route10
8.02,-34.7422052,138.5799077,Route10
8.432,-34.742368,138.579951,Route10
9.185,-34.7425528,138.5799985,Route10
9.585,-34.7426524,138.5800226,Route10
9.086,-34.7429298,138.5800918,Route10
7.671,-34.743214,138.5801559,Route10
6.625,-34.7434376,138.580206,Route10
6.017,-34.7436628,138.5802523,Route10
5.84,-34.7440178,138.5803223,Route10
5.75,-34.7441661,138.5803471,Route10
6.28,-34.7445906,138.5804198,Route10
6.515,-34.7446881,138.5804356,Route10
6.861,-34.744815,138.580457,Route10
8.019,-34.7450925,138.580512,Route10
9.46,-34.7453992,138.580567,Route10
10.0,-34.745617,138.580608,Route10
9.506,-34.7459317,138.5806651,Route10
8.907,-34.746043,138.5806802,Route10
5.52,-34.7463741,138.5807332,Route10
3.823,-34.7466081,138.5807711,Route10
4.532,-34.7478961,138.5809812,Route10
4.541,-34.748088,138.5810147,Route10
3.588,-34.7483964,138.581061,Route10
4.683,-34.7487323,138.5811374,Route10
4.89,-34.7487694,138.5811458,Route10
6.715,-34.7493264,138.5813432,Route10
7.27,-34.7499308,138.5815904,Route10
7.577,-34.7499787,138.5816166,Route10
8.514,-34.7501427,138.5817065,Route10
9.0,-34.7503068,138.5817964,Route10
9.0,-34.7503567,138.5818237,Route10
8.028,-34.7508187,138.5820749,Route10
8.0,-34.7508475,138.5820959,Route10
7.494,-34.7512397,138.5823819,Route10
9.012,-34.7516869,138.5827328,Route10
10.095,-34.7523831,138.5833509,Route10
8.037,-34.7531733,138.584149,Route10
7.572,-34.7532496,138.5842261,Route10
7.426,-34.7532694,138.5842464,Route10
6.091,-34.753407,138.5843874,Route10
3.479,-34.7537902,138.5847803,Route10
12.352,-34.7543717,138.5853266,Route10
12.807,-34.7544301,138.5853899,Route10
12.505,-34.7545269,138.5854948,Route10
10.414,-34.7546862,138.5856675,Route10
11.99,-34.7552742,138.5861819,Route10
9.859,-34.7558819,138.5866524,Route10
9.652,-34.7561648,138.5868245,Route10
9.982,-34.7563257,138.5869225,Route10
13.58,-34.7566256,138.587105,Route10
14.164,-34.7576182,138.5875795,Route10
14.174,-34.7580394,138.5877264,Route10
13.909,-34.7582771,138.5878093,Route10
12.335,-34.7591218,138.5881038,Route10
14.649,-34.7608829,138.5887087,Route10
16.1,-34.7624611,138.5892468,Route10
15.003,-34.7628387,138.5893844,Route10
16.572,-34.7645881,138.5900293,Route10
15.892,-34.765059,138.5901899,Route10
14.144,-34.765479,138.5903331,Route10
16.77,-34.7660681,138.5905236,Route10
16.211,-34.7662303,138.5905748,Route10
16.169,-34.7662372,138.590577,Route10
14.956,-34.7664489,138.5906441,Route10
15.406,-34.7671155,138.5908042,Route10
15.464,-34.7675966,138.5908722,Route10
13.061,-34.7680777,138.5909402,Route10
17.359,-34.768964,138.5909709,Route10
16.933,-34.7699681,138.5909502,Route10
17.256,-34.7702666,138.5909073,Route10
18.018,-34.7708224,138.5908274,Route10
15.375,-34.7717378,138.5906333,Route10
10.892,-34.7725881,138.5903359,Route10
10.0,-34.7735754,138.5898844,Route10
9.504,-34.774143,138.5895845,Route10
8.977,-34.7745314,138.5893086,Route10
10.401,-34.7751154,138.5888937,Route10
11.242,-34.7762885,138.5880029,Route10
11.006,-34.7763107,138.5879865,Route10
9.82,-34.7764644,138.5878729,Route10
3.593,-34.7794789,138.5856452,Route10
4.679,-34.7806113,138.584796,Route10
4.111,-34.7808711,138.5846012,Route10
4.061,-34.7811309,138.5844064,Route10
3.709,-34.7817101,138.5839721,Route10
3.479,-34.7818632,138.5838572,Route10
6.054,-34.7825976,138.5833065,Route10
7.656,-34.7834289,138.5827823,Route10
7.081,-34.7835886,138.5826816,Route10
7.35,-34.7837483,138.5825808,Route10
8.005,-34.783908,138.5824801,Route10
7.807,-34.7846516,138.5820112,Route10
4.826,-34.7858431,138.5813489,Route10
4.968,-34.7869352,138.5808472,Route10
3.612,-34.7894619,138.5799166,Route10
4.965,-34.7900947,138.5797319,Route10
5.782,-34.7903185,138.5796678,Route10
7.896,-34.7904555,138.5796286,Route10
10.004,-34.7905925,138.5795894,Route10
10.073,-34.7922235,138.5791224,Route10
5.983,-34.7939352,138.5786253,Route10
6.135,-34.7940785,138.5785837,Route10
6.151,-34.7942217,138.5785421,Route10
0.934,-34.7958525,138.5780685,Route10
0.0,-34.7967944,138.5777714,Route10
0.0,-34.7983484,138.5772697,Route10
0.0,-34.798436,138.5772456,Route10
0.0,-34.7985347,138.5772185,Route10
0.0,-34.7986115,138.5771974,Route10
0.0,-34.8000102,138.5768125,Route10
0.0,-34.8006039,138.5766189,Route10
0.0,-34.8013556,138.5762888,Route10
0.0,-34.8023936,138.575759,Route10
0.0,-34.8031709,138.5752484,Route10
0.0,-34.8032599,138.5751899,Route10
0.0,-34.8033292,138.5751444,Route10
0.0,-34.8036842,138.5749112,Route10
0.0,-34.8040915,138.5745665,Route10
0.0,-34.8050308,138.5737714,Route10
0.0,-34.8058524,138.572922,Route10
0.0,-34.806442,138.5722708,Route10
0.0,-34.8069175,138.5716145,Route10
0.0,-34.8072784,138.5710128,Route10
3.3,-34.8078183,138.5701068,Route10
0.0,-34.807987,138.5697922,Route10
0.0,-34.8081207,138.5695428,Route10
0.0,-34.8085368,138.5687742,Route10
0.0,-34.8086914,138.5684886,Route10
6.112,-34.8096809,138.5666854,Route10
0.0,-34.8104239,138.5656457,Route10
3.983,-34.8108791,138.5651306,Route10
1.478,-34.8114308,138.564561,Route10
1.422,-34.8115253,138.5644635,Route10
1.048,-34.8115816,138.5644053,Route10
0.0,-34.8117187,138.5642962,Route10
0.0,-34.8127323,138.56347,Route10
0.0,-34.8132961,138.5630994,Route10
0.0,-34.8137061,138.5628984,Route10
0.0,-34.8142926,138.5626052,Route10
0.0,-34.8152152,138.5622972,Route10
0.177,-34.8157065,138.5621318,Route10
0.442,-34.8158205,138.5620934,Route10
15.74,-34.8168079,138.5619098,Route10
17.116,-34.8168646,138.5619064,Route10
34.714,-34.8175833,138.5618661,Route10
29.181,-34.8177446,138.561857,Route10
28.439,-34.817763,138.561856,Route10
12.119,-34.8179288,138.5618466,Route10
8.189,-34.8179688,138.5618443,Route10
0.0,-34.8181595,138.5618331,Route10
54.231,-34.8189121,138.561898,Route10
39.465,-34.8192446,138.5619458,Route10
2.937,-34.8199132,138.5620298,Route10
1.411,-34.8200921,138.5620523,Route10
0.547,-34.8202139,138.5620676,Route10
-0.37,-34.82045,138.5620954,Route10
-0.191,-34.8206291,138.5621165,Route10
0.846,-34.8208081,138.5621376,Route10
2.787,-34.8209871,138.5621586,Route10
3.084,-34.8210132,138.5621617,Route10
4.026,-34.8211308,138.5621755,Route10
3.295,-34.8212267,138.5621868,Route10
2.663,-34.8213099,138.5621959,Route10
2.0,-34.8215244,138.5622194,Route10
0.0,-34.82234,138.5623087,Route10
0.55,-34.8231373,138.5623961,Route10
1.582,-34.8233794,138.5624248,Route10
2.146,-34.8235072,138.5624401,Route10
2.807,-34.8236186,138.5624526,Route10
2.492,-34.8237339,138.5624673,Route10
2.157,-34.8238418,138.5624796,Route10
2.369,-34.8239402,138.562491,Route10
3.069,-34.8240379,138.5625021,Route10
3.559,-34.8241101,138.5625119,Route10
3.837,-34.8241524,138.5625177,Route10
3.926,-34.8242304,138.5625267,Route10
3.937,-34.8242949,138.5625323,Route10
3.951,-34.8243352,138.5625349,Route10
3.964,-34.8243737,138.562539,Route10
3.985,-34.8244182,138.5625446,Route10
3.969,-34.8244882,138.5625538,Route10
3.913,-34.824554,138.5625613,Route10
3.834,-34.8246279,138.5625699,Route10
3.755,-34.8246915,138.5625764,Route10
3.697,-34.824752,138.5625841,Route10
3.663,-34.8248297,138.5625936,Route10
3.622,-34.8249084,138.5626051,Route10
4.0,-34.8254722,138.5626855,Route10
3.565,-34.8261644,138.5627636,Route10
1.857,-34.8264227,138.5627711,Route10
3.649,-34.8269101,138.562823,Route10
4.427,-34.82701,138.5628303,Route10
5.063,-34.8271101,138.562838,Route10
3.659,-34.8274558,138.5628519,Route10
2.167,-34.8280092,138.562863,Route10
2.062,-34.8280384,138.5628636,Route10
2.0,-34.8281191,138.5628652,Route10
3.045,-34.8290389,138.562798,Route10
0.654,-34.8295924,138.5627622,Route10
-0.513,-34.8299517,138.5627213,Route10
-0.5,-34.8299624,138.5627201,Route10
6.344,-34.8308593,138.5626136,Route10
-0.213,-34.8313851,138.5625695,Route10
-0.425,-34.8321464,138.562511,Route10
-0.082,-34.8323512,138.5625072,Route10
4.103,-34.833145,138.5625592,Route10
1.973,-34.8333786,138.5625713,Route10
0.313,-34.8340069,138.5626824,Route10
0.584,-34.8341212,138.56272,Route10
0.886,-34.8343302,138.5627554,Route10
0.186,-34.8346702,138.5627763,Route10
0.06,-34.8348376,138.5628176,Route10
0.235,-34.8349718,138.5628503,Route10
1.145,-34.8350881,138.5629247,Route10
5.9,-34.8363612,138.5632615,Route10
6.0,-34.8364519,138.563306,Route10
5.952,-34.8366017,138.5633468,Route10
4.843,-34.836981,138.5634449,Route10
4.273,-34.8372014,138.563502,Route10
6.038,-34.8376624,138.5636177,Route10
3.237,-34.8382646,138.5637484,Route10
3.007,-34.8382875,138.5637532,Route10
2.529,-34.8383507,138.5637658,Route10
2.452,-34.8385279,138.5637993,Route10
2.173,-34.8387602,138.5638338,Route10
1.902,-34.8388774,138.5638516,Route10
1.449,-34.8390434,138.5638762,Route10
3.773,-34.83958,138.563942,Route10
6.12,-34.8402116,138.5640285,Route10
6.056,-34.8402481,138.5640334,Route10
3.124,-34.840799,138.5640683,Route10
2.954,-34.8411566,138.5640891,Route10
2.822,-34.8413665,138.5641129,Route10
2.832,-34.8415207,138.56412,Route10
2.789,-34.842003,138.5641792,Route10
2.0,-34.8422881,138.5642151,Route10
3.312,-34.8427686,138.5642659,Route10
5.582,-34.8430834,138.5642992,Route10
3.786,-34.8436768,138.5643543,Route10
1.781,-34.8439523,138.5643862,Route10
7.505,-34.8445882,138.5644429,Route10
7.445,-34.8446176,138.5644397,Route10
5.388,-34.8450766,138.5644819,Route10
3.934,-34.8453624,138.5644952,Route10
3.189,-34.8464517,138.5645598,Route10
6.206,-34.8470229,138.5645729,Route10
6.443,-34.8471717,138.5645754,Route10
6.502,-34.8473391,138.5645794,Route10
6.513,-34.8477538,138.5645791,Route10
6.467,-34.8483187,138.564607,Route10
6.131,-34.8488324,138.5646294,Route10
5.387,-34.849132,138.5646495,Route10
4.384,-34.8494018,138.5646581,Route10
4.262,-34.8494521,138.5646571,Route10
4.958,-34.8496655,138.5646773,Route10
5.133,-34.8497514,138.5646854,Route10
5.051,-34.8500436,138.5647053,Route10
5.0,-34.8502103,138.5647221,Route10
5.071,-34.850298,138.5647287,Route10
5.687,-34.8504812,138.5647396,Route10
6.061,-34.8510272,138.5647647,Route10
4.232,-34.8516139,138.5647842,Route10
4.618,-34.8519079,138.5648022,Route10
5.185,-34.8520866,138.564813,Route10
5.54,-34.8521918,138.5648196,Route10
4.879,-34.8527935,138.5648511,Route10
-0.68,-34.8535167,138.5648969,Route10
-0.672,-34.8535178,138.564897,Route10
1.926,-34.8536955,138.5649083,Route10
1.954,-34.8536967,138.5649084,Route10
2.494,-34.8537202,138.5649098,Route10
5.185,-34.8540489,138.5649285,Route10
1.433,-34.8545434,138.5649402,Route10
1.827,-34.8548046,138.5649658,Route10
1.467,-34.8548833,138.5649869,Route10
0.727,-34.8551226,138.5650324,Route10
0.848,-34.8553492,138.5650821,Route10
2.041,-34.8556948,138.5651,Route10
3.336,-34.8559579,138.5651219,Route10
4.502,-34.8561117,138.5651386,Route10
5.166,-34.8562275,138.5651569,Route10
6.338,-34.8564829,138.5651971,Route10
6.425,-34.856507,138.565197,Route10
6.794,-34.8567163,138.5652349,Route10
6.288,-34.8568556,138.5652647,Route10
4.88,-34.8570604,138.5653146,Route10
3.336,-34.8572978,138.5653871,Route10
3.72,-34.8574552,138.5654395,Route10
5.848,-34.8575977,138.565488,Route10
7.962,-34.8577146,138.565531,Route10
10.104,-34.8579032,138.5656065,Route10
10.946,-34.8580431,138.565665,Route10
9.037,-34.8581796,138.5657232,Route10
7.865,-34.8582603,138.5657628,Route10
4.049,-34.8584591,138.565859,Route10
1.366,-34.8586312,138.5659453,Route10
0.559,-34.8587705,138.5660182,Route10
-0.086,-34.8588625,138.5660693,Route10
-0.706,-34.8589513,138.5661218,Route10
0.04,-34.8593277,138.5663614,Route10
2.909,-34.8596089,138.566559,Route10
4.109,-34.8597783,138.5666857,Route10
4.17,-34.8599606,138.5668327,Route10
4.0,-34.8600573,138.566911,Route10
4.211,-34.8601454,138.5669842,Route10
4.516,-34.8602547,138.5670767,Route10
4.518,-34.8602559,138.5670778,Route10
7.305,-34.8604825,138.5672718,Route10
8.446,-34.8606288,138.5674038,Route10
8.682,-34.8607326,138.5674902,Route10
7.506,-34.8609096,138.567646,Route10
4.372,-34.8610904,138.5678,Route10
3.61,-34.8612882,138.5679674,Route10
3.809,-34.8614565,138.5681065,Route10
5.096,-34.8615816,138.5682063,Route10
11.812,-34.8625007,138.5689393,Route10
10.188,-34.8627014,138.5691132,Route10
9.975,-34.8628725,138.5692321,Route10
10.257,-34.8630341,138.5693371,Route10
11.0,-34.8632855,138.5695281,Route10
10.991,-34.8633377,138.569569,Route10
10.904,-34.8634004,138.5696117,Route10
10.896,-34.8634114,138.5696192,Route10
10.721,-34.863664,138.5697966,Route10
10.537,-34.863946,138.5699643,Route10
9.02,-34.864426,138.5701923,Route10
9.677,-34.8646264,138.5702872,Route10
9.68,-34.8646269,138.5702874,Route10
11.171,-34.8648239,138.570353,Route10
12.045,-34.8649298,138.5703883,Route10
12.619,-34.865042,138.5704256,Route10
13.071,-34.8654244,138.570514,Route10
13.285,-34.865631,138.570542,Route10
13.732,-34.8657739,138.5705614,Route10
14.993,-34.8660543,138.5705993,Route10
14.863,-34.8663466,138.5706207,Route10
14.855,-34.86635,138.570621,Route10
14.179,-34.866871,138.5706578,Route10
15.036,-34.8673755,138.5706882,Route10
13.544,-34.8676143,138.5707067,Route10
13.584,-34.8677565,138.5707178,Route10
13.895,-34.8678785,138.5707272,Route10
12.705,-34.8688225,138.5708035,Route10
12.867,-34.8691327,138.5708137,Route10
12.833,-34.8703237,138.5708312,Route10
12.785,-34.870418,138.570913,Route10
12.79,-34.8704315,138.5709195,Route10
12.701,-34.8705455,138.5709291,Route10
12.35,-34.8708468,138.5709513,Route10
13.202,-34.8709746,138.5709654,Route10
13.89,-34.8710849,138.5709764,Route10
13.812,-34.871402,138.5710487,Route10
13.957,-34.8714633,138.5710431,Route10
14.534,-34.8716016,138.5710746,Route10
15.691,-34.8717794,138.5710943,Route10
17.679,-34.8720121,138.5711193,Route10
21.492,-34.8723851,138.5711578,Route10
21.287,-34.8726255,138.5711753,Route10
13.51,-34.8735085,138.5712513,Route10
8.209,-34.8737655,138.5713093,Route10
7.15,-34.8745506,138.5714933,Route10
7.471,-34.8746178,138.5715019,Route10
9.86,-34.8749806,138.5716065,Route10
10.175,-34.8750698,138.5716244,Route10
10.811,-34.8752491,138.5716534,Route10
11.393,-34.8753783,138.5716801,Route10
11.606,-34.8759132,138.5717907,Route10
12.304,-34.8762517,138.5718336,Route10
13.33,-34.8765533,138.5718716,Route10
13.772,-34.8766744,138.5718812,Route10
13.845,-34.8769289,138.5719013,Route10
13.899,-34.8769582,138.5719026,Route10
14.76,-34.8772759,138.5719231,Route10
14.367,-34.877402,138.5719308,Route10
14.77,-34.8779786,138.5719547,Route10
13.101,-34.8789047,138.5719724,Route10
13.054,-34.8794124,138.5719594,Route10
15.171,-34.8798373,138.5719447,Route10
13.564,-34.880674,138.5719168,Route10
15.033,-34.8810691,138.5719159,Route10
12.967,-34.8815336,138.5718879,Route10
14.024,-34.8819738,138.5718813,Route10
14.219,-34.882366,138.5718835,Route10
15.0,-34.8825853,138.5718875,Route10
17.213,-34.8829534,138.5718281,Route10
17.53,-34.8834252,138.5718463,Route10
15.02,-34.8842079,138.5719079,Route10
15.036,-34.8843138,138.5719258,Route10
14.995,-34.8846596,138.571942,Route10
14.577,-34.885174,138.5719662,Route10
14.814,-34.8852478,138.5719688,Route10
12.645,-34.8857715,138.5719904,Route10
13.022,-34.886163,138.5719371,Route10
13.059,-34.8863184,138.57188,Route10
13.058,-34.8863206,138.5718785,Route10
13.92,-34.8867545,138.5715867,Route10
16.401,-34.8870339,138.5713205,Route10
17.192,-34.8874867,138.5708755,Route10
15.747,-34.887615,138.5707326,Route10
15.398,-34.8876636,138.5706902,Route10
15.229,-34.8876963,138.5706641,Route10
15.028,-34.8877587,138.5706122,Route10
15.0,-34.8877776,138.570599,Route10
15.077,-34.8877992,138.5705819,Route10
15.584,-34.88794,138.5704806,Route10
16.131,-34.8880919,138.5703837,Route10
16.343,-34.8881509,138.5703904,Route10
16.546,-34.8882071,138.5703807,Route10
16.669,-34.8882413,138.5703668,Route10
16.841,-34.8882893,138.5703537,Route10
17.0,-34.8883357,138.5703486,Route10
17.0,-34.8883754,138.5703446,Route10
17.0,-34.8884085,138.5703506,Route10
17.0,-34.8884342,138.5703658,Route10
17.0,-34.8884524,138.5703779,Route10
17.0,-34.8884928,138.5704154,Route10
17.0,-34.8887334,138.5707821,Route10
16.936,-34.8888371,138.5709289,Route10
16.939,-34.8889582,138.5710435,Route10
16.99,-34.8889989,138.5711041,Route10
17.0,-34.889027,138.5711495,Route10
15.622,-34.8894244,138.5717918,Route10
16.0,-34.8896424,138.5721406,Route10
17.0,-34.8897329,138.5722854,Route10
17.0,-34.8897863,138.5723709,Route10
17.0,-34.8898048,138.5724015,Route10
16.971,-34.889989,138.5727029,Route10
17.041,-34.8900645,138.5728263,Route10
17.406,-34.8901565,138.5729779,Route10
17.602,-34.8903426,138.5732844,Route10
17.471,-34.8904115,138.5734016,Route10
15.714,-34.890768,138.5739928,Route10
14.878,-34.8909064,138.57422,Route10
14.658,-34.8911928,138.57469,Route10
14.637,-34.8912102,138.5747164,Route10
14.109,-34.8915357,138.5752475,Route10
14.131,-34.8915736,138.5753143,Route10
16.197,-34.8918515,138.5758046,Route10
16.488,-34.8919876,138.5760299,Route10
16.089,-34.8920928,138.5762048,Route10
15.662,-34.8922812,138.5764808,Route10
17.0,-34.8925027,138.5768461,Route10
17.0,-34.8925456,138.5769178,Route10
16.17,-34.8926989,138.577175,Route10
15.836,-34.892844,138.5774131,Route10
15.796,-34.8929454,138.5775795,Route10
15.945,-34.8930242,138.5777078,Route10
16.003,-34.8931141,138.5778529,Route10
15.289,-34.8932609,138.5781067,Route10
14.347,-34.8934153,138.5783686,Route10
14.422,-34.8935188,138.5785369,Route10
14.637,-34.89366,138.5787664,Route10
14.881,-34.8937009,138.5788402,Route10
15.055,-34.893748,138.5789192,Route10
15.027,-34.8938814,138.5791632,Route10
16.105,-34.8941185,138.579553,Route10
18.697,-34.8943101,138.5798908,Route10
19.038,-34.894434,138.5801019,Route10
18.364,-34.894621,138.5805173,Route10
17.159,-34.894851,138.5809159,Route10
17.071,-34.8949802,138.5811306,Route10
16.55,-34.895125,138.5813713,Route10
13.795,-34.8953966,138.5818827,Route10
13.521,-34.8954418,138.5819824,Route10
13.467,-34.8954906,138.582083,Route10
14.45,-34.8956507,138.5824561,Route10
14.546,-34.8956629,138.5824846,Route10
15.136,-34.8957416,138.5826683,Route10
17.068,-34.8959775,138.5832186,Route10
17.288,-34.8960255,138.5833276,Route10
17.778,-34.8960735,138.5834366,Route10
18.889,-34.8962121,138.5836956,Route10
18.105,-34.8963507,138.5839547,Route10
17.995,-34.8963904,138.5840242,Route10
17.851,-34.8964304,138.5840934,Route10
17.713,-34.8964685,138.5841563,Route10
17.653,-34.8965075,138.5842186,Route10
17.819,-34.8966155,138.5843827,Route10
17.827,-34.8966178,138.5843861,Route10
17.939,-34.896644,138.5844261,Route10
18.571,-34.8967232,138.5845465,Route10
18.832,-34.8967545,138.5845876,Route10
19.27,-34.8968049,138.5846591,Route10
20.12,-34.8968716,138.5847576,Route10
21.423,-34.8969384,138.584856,Route10
22.265,-34.8970072,138.584949,Route10
22.791,-34.8970527,138.5850156,Route10
23.367,-34.8970966,138.5850875,Route10
23.814,-34.8971252,138.5851508,Route10
25.026,-34.8973648,138.5854695,Route10
26.519,-34.8975575,138.5857268,Route10
27.714,-34.8976338,138.5858495,Route10
31.117,-34.8977661,138.5860527,Route10
33.32,-34.8978682,138.5862032,Route10
35.716,-34.8979768,138.5864123,Route10
36.186,-34.8981276,138.5866406,Route10
36.244,-34.898136,138.586652,Route10
36.179,-34.8982609,138.5868222,Route10
36.065,-34.8983467,138.5869392,Route10
37.535,-34.898554,138.5872034,Route10
38.712,-34.8985994,138.587297,Route10
41.922,-34.898872,138.587628,Route10
42.681,-34.8990254,138.5878256,Route10
43.193,-34.8990041,138.5879465,Route10
43.214,-34.8990043,138.5879526,Route10
43.228,-34.8990057,138.587958,Route10
43.243,-34.899009,138.5879654,Route10
43.252,-34.8990132,138.5879722,Route10
43.293,-34.8990254,138.5879958,Route10
43.394,-34.899048,138.5880464,Route10
43.051,-34.8990884,138.5881449,Route10
42.791,-34.8991068,138.5882057,Route10
42.316,-34.8991263,138.5883252,Route10
43.127,-34.8991368,138.58846,Route10
43.819,-34.8991439,138.5885632,Route10
44.873,-34.8991711,138.5887304,Route10
45.632,-34.8991581,138.5888326,Route10
46.704,-34.8991428,138.5889828,Route10
47.758,-34.8991208,138.589188,Route10
45.649,-34.8990453,138.5902231,Route10
45.764,-34.8990374,138.5904148,Route10
48.102,-34.8990052,138.5908831,Route10
48.257,-34.899004,138.5909028,Route10
50.561,-34.8989921,138.5911825,Route10
53.76,-34.8989587,138.5916003,Route10
54.0,-34.8989379,138.5919404,Route10
55.66,-34.8988925,138.5926846,Route10
55.427,-34.8988538,138.5933486,Route10
56.51,-34.8988364,138.5936565,Route10
57.811,-34.8987943,138.5943212,Route10
55.643,-34.8987646,138.5947899,Route10
53.338,-34.8987349,138.5952801,Route10
54.178,-34.8986933,138.595965,Route10
54.264,-34.8986687,138.5965932,Route10
53.873,-34.8986605,138.5967095,Route10
53.035,-34.8986538,138.5969774,Route10
52.127,-34.8986471,138.5972267,Route10
52.058,-34.8986494,138.5973826,Route10
52.071,-34.8986537,138.5975283,Route10
52.275,-34.8986605,138.5976185,Route10
52.499,-34.8986761,138.5977605,Route10
53.548,-34.898737,138.5980558,Route10
54.118,-34.8987915,138.5982686,Route10
54.306,-34.8988122,138.5983447,Route10
55.775,-34.8989473,138.5988265,Route10
54.834,-34.899203,138.5996847,Route10
56.047,-34.8993261,138.6000874,Route10
53.87,-34.8995709,138.6008942,Route10
52.713,-34.8996589,138.6011826,Route10
54.498,-34.8997781,138.6015891,Route10
55.575,-34.8998485,138.6018265,Route10
52.177,-34.9002214,138.6031417,Route10
50.759,-34.9003035,138.6034182,Route10
50.074,-34.9003853,138.6037019,Route10
49.981,-34.90042,138.6038262,Route10
48.54,-34.9005044,138.604119,Route10
40.199,-34.9007448,138.6049862,Route10
40.095,-34.9009321,138.6056465,Route10
38.488,-34.9012165,138.6066677,Route10
39.586,-34.9013467,138.6071144,Route10
39.999,-34.9013735,138.6072063,Route10
41.723,-34.9014464,138.6074877,Route10
40.774,-34.9015527,138.6078542,Route10
40.749,-34.9015558,138.607865,Route10
39.79,-34.9016603,138.6082191,Route10
39.009,-34.9017195,138.6084201,Route10
38.679,-34.9017541,138.6085341,Route10
38.561,-34.9017676,138.6085709,Route10
39.763,-34.9018943,138.6091511,Route10
41.14,-34.9019211,138.6092867,Route10
41.653,-34.9019275,138.6093321,Route10
42.468,-34.9019373,138.6094016,Route10
43.164,-34.9019596,138.6095126,Route10
43.422,-34.9020533,138.6097974,Route10
43.303,-34.9020614,138.6098161,Route10
43.196,-34.9020715,138.6098343,Route10
43.0,-34.9020978,138.6098704,Route10
42.866,-34.9021129,138.6098911,Route10
42.493,-34.9021605,138.6099441,Route10
42.311,-34.902179,138.6099649,Route10
41.721,-34.9022607,138.610054,Route10
41.68,-34.9022893,138.6100809,Route10
41.549,-34.9023426,138.6101426,Route10
41.847,-34.9025049,138.6103202,Route10
41.546,-34.9025855,138.6104038,Route10
41.038,-34.9027341,138.6105451,Route10
40.288,-34.9028468,138.6106349,Route10
40.168,-34.9028615,138.6106466,Route10
39.459,-34.9029619,138.6107331,Route10
39.0,-34.9031816,138.6109058,Route10
38.246,-34.9034381,138.6111105,Route10
37.902,-34.9036427,138.6112895,Route10
41.203,-34.9038524,138.6114777,Route10
41.489,-34.9042522,138.6118086,Route10
41.088,-34.9043892,138.6119199,Route10
40.261,-34.9049117,138.6123442,Route10
38.637,-34.9051084,138.6124939,Route10
37.563,-34.9052852,138.6126203,Route10
37.523,-34.9054314,138.6126991,Route10
37.558,-34.9054487,138.6127084,Route10
37.688,-34.9054994,138.6127265,Route10
37.95,-34.9055693,138.6127486,Route10
38.234,-34.9056277,138.612768,Route10
38.696,-34.9057597,138.6127923,Route10
39.585,-34.9059359,138.6128023,Route10
39.753,-34.906996,138.6128234,Route10
37.509,-34.9075151,138.612819,Route10
36.987,-34.9077227,138.6128045,Route10
37.352,-34.9078967,138.6127865,Route10
38.133,-34.9080939,138.6127407,Route10
38.214,-34.9082127,138.6127183,Route10
37.869,-34.9083871,138.6126897,Route10
34.349,-34.9088029,138.6126932,Route10
33.61,-34.9088822,138.6127012,Route10
28.301,-34.9092719,138.6127897,Route10
27.624,-34.9094631,138.6128364,Route10
28.49,-34.909532,138.6128534,Route10
31.235,-34.9097459,138.612902,Route10
33.416,-34.9098816,138.6129334,Route10
35.545,-34.9101619,138.6129924,Route10
35.875,-34.9103274,138.6130382,Route10
36.675,-34.9106406,138.6131074,Route10
39.706,-34.9109789,138.6131822,Route10
40.352,-34.9110562,138.6131987,Route10
40.517,-34.9110797,138.613205,Route10
40.621,-34.9111263,138.6132176,Route10
40.224,-34.9111873,138.6132348,Route10
39.117,-34.9114799,138.6133013,Route10
38.923,-34.9117027,138.6133547,Route10
38.777,-34.9119471,138.6134018,Route10
40.713,-34.9128725,138.6136085,Route10
41.598,-34.9130236,138.6136588,Route10
46.508,-34.9139594,138.6138633,Route10
47.63,-34.9141201,138.6138984,Route10
47.568,-34.9146556,138.6140155,Route10
45.298,-34.9149369,138.6140821,Route10
44.948,-34.915293,138.614159,Route10
42.684,-34.9154691,138.6142013,Route10
38.744,-34.9157105,138.6142567,Route10
36.185,-34.9158779,138.6143043,Route10
34.587,-34.9162295,138.6143947,Route10
36.192,-34.9163996,138.6144415,Route10
38.418,-34.9165264,138.6144763,Route10
40.926,-34.9166866,138.6145094,Route10
42.017,-34.9168265,138.6145322,Route10
41.764,-34.9173099,138.6146524,Route10
41.573,-34.9173681,138.6146704,Route10
41.157,-34.9175247,138.6147061,Route10
40.25,-34.9182089,138.614845,Route10
40.062,-34.9183642,138.6148761,Route10
40.318,-34.9184728,138.6148979,Route10
40.62,-34.9185825,138.6149142,Route10
40.636,-34.9186372,138.6149249,Route10
40.314,-34.9187542,138.6149524,Route10
41.652,-34.9195398,138.6151367,Route10
41.473,-34.9195895,138.6151529,Route10
40.822,-34.9196974,138.6151841,Route10
41.326,-34.9198863,138.6152286,Route10
42.912,-34.9201294,138.6152662,Route10
47.765,-34.9207241,138.6153896,Route10
47.934,-34.9208711,138.61542,Route10
47.693,-34.9210456,138.615444,Route10
47.656,-34.9211189,138.6154572,Route10
47.939,-34.9213087,138.6154966,Route10
48.0,-34.9214187,138.6155217,Route10
48.0,-34.9214944,138.61554,Route10
48.473,-34.9219038,138.6156212,Route10
49.915,-34.9221818,138.6157029,Route10
50.931,-34.9223492,138.6157603,Route10
51.975,-34.9225075,138.6158552,Route10
51.701,-34.922643,138.6159497,Route10
51.765,-34.9227244,138.6160303,Route10
52.718,-34.9229247,138.6163018,Route10
55.254,-34.9231503,138.6166104,Route10
51.084,-34.923451,138.6170594,Route10
43.934,-34.9238027,138.6175618,Route10
42.752,-34.9240975,138.6179625,Route10
44.172,-34.9242446,138.6181549,Route10
44.725,-34.9242668,138.618181,Route10
49.547,-34.9245201,138.6185298,Route10
50.018,-34.9247398,138.6188322,Route10
50.749,-34.9248003,138.6189226,Route10
53.188,-34.9249913,138.6191932,Route10
54.152,-34.9250593,138.6192947,Route10
54.69,-34.9252076,138.6195306,Route10
54.316,-34.9253136,138.6196763,Route10
54.249,-34.9253481,138.6197263,Route10
54.312,-34.9253863,138.6197784,Route10
54.321,-34.9254111,138.6198142,Route10
54.129,-34.9255064,138.6199563,Route10
55.189,-34.9258716,138.6204528,Route10
55.422,-34.9259778,138.6206078,Route10
55.096,-34.926122,138.6208182,Route10
55.195,-34.9262388,138.6209932,Route10
55.163,-34.9262686,138.6210312,Route10
55.0,-34.9263369,138.6211216,Route10
54.925,-34.926484,138.6213284,Route10
55.362,-34.9266052,138.6214894,Route10
55.484,-34.9266297,138.6215234,Route10
56.978,-34.926901,138.6219003,Route10
57.424,-34.9270778,138.6221352,Route10
57.642,-34.9272171,138.6223115,Route10
58.375,-34.9274606,138.6225947,Route10
58.344,-34.9274589,138.6226,Route10
58.312,-34.9274579,138.622607,Route10
58.281,-34.9274572,138.6226142,Route10
58.252,-34.9274568,138.6226213,Route10
58.226,-34.9274567,138.6226285,Route10
58.201,-34.9274569,138.6226357,Route10
58.179,-34.9274574,138.6226428,Route10
58.159,-34.9274582,138.6226499,Route10
58.142,-34.9274593,138.622657,Route10
58.127,-34.9274607,138.6226639,Route10
58.114,-34.9274624,138.6226708,Route10
58.104,-34.9274643,138.6226776,Route10
58.096,-34.9274666,138.6226842,Route10
58.091,-34.9274691,138.6226907,Route10
58.088,-34.9274719,138.622697,Route10
58.088,-34.9274749,138.6227031,Route10
58.091,-34.9274782,138.622709,Route10
58.096,-34.9274818,138.6227148,Route10
58.103,-34.9274856,138.6227203,Route10
58.113,-34.9274896,138.6227255,Route10
58.126,-34.9274938,138.6227305,Route10
58.14,-34.9274982,138.6227352,Route10
58.136,-34.9275029,138.6227397,Route10
58.119,-34.9275077,138.6227438,Route10
58.104,-34.9275126,138.6227476,Route10
58.09,-34.9275177,138.6227512,Route10
58.077,-34.927523,138.6227544,Route10
58.059,-34.9275307,138.6227593,Route10
58.052,-34.927537,138.622761,Route10
58.045,-34.9275426,138.622763,Route10
58.039,-34.9275484,138.6227646,Route10
58.034,-34.9275542,138.6227659,Route10
58.031,-34.92756,138.6227668,Route10
58.029,-34.9275658,138.6227674,Route10
58.027,-34.9275717,138.6227676,Route10
58.027,-34.9275776,138.6227674,Route10
58.028,-34.9275835,138.6227668,Route10
58.029,-34.9275893,138.6227659,Route10
58.031,-34.9275951,138.6227646,Route10
58.034,-34.9276008,138.622763,Route10
58.037,-34.9276065,138.622761,Route10
58.041,-34.927612,138.6227587,Route10
58.045,-34.9276175,138.622756,Route10
58.05,-34.9276228,138.622753,Route10
58.055,-34.927628,138.6227496,Route10
58.06,-34.9276331,138.6227459,Route10
58.065,-34.9276379,138.622742,Route10
58.07,-34.9276427,138.6227377,Route10
58.076,-34.9276472,138.6227331,Route10
58.081,-34.9276515,138.6227283,Route10
58.086,-34.9276557,138.6227232,Route10
58.092,-34.9276596,138.6227178,Route10
58.097,-34.9276633,138.6227122,Route10
58.103,-34.9276667,138.6227064,Route10
58.108,-34.9276699,138.6227004,Route10
58.114,-34.9276728,138.6226942,Route10
58.119,-34.9276755,138.6226878,Route10
58.125,-34.9276779,138.6226812,Route10
58.131,-34.92768,138.6226745,Route10
58.145,-34.9276833,138.6226594,Route10
58.151,-34.9276849,138.6226521,Route10
58.158,-34.9276858,138.622645,Route10
58.166,-34.9276864,138.6226379,Route10
58.174,-34.9276867,138.6226307,Route10
58.182,-34.9276867,138.6226235,Route10
58.191,-34.9276864,138.6226164,Route10
58.201,-34.9276858,138.6226092,Route10
58.211,-34.9276849,138.6226022,Route10
58.223,-34.9276837,138.6225951,Route10
58.235,-34.9276822,138.6225882,Route10
58.248,-34.9276804,138.6225814,Route10
58.262,-34.9276783,138.6225746,Route10
58.277,-34.927676,138.6225681,Route10
58.292,-34.9276734,138.6225616,Route10
58.31,-34.9276706,138.6225543,Route10
58.269,-34.9276972,138.6225198,Route10
58.289,-34.9277096,138.622494,Route10
58.598,-34.927725,138.6224434,Route10
59.005,-34.9277444,138.6223771,Route10
60.017,-34.927704,138.6222567,Route10
60.521,-34.9276895,138.622045,Route10
60.113,-34.9276662,138.6218245,Route10
59.254,-34.9276415,138.6216049,Route10
58.525,-34.9276158,138.6213501,Route10
58.402,-34.9276066,138.621234,Route10
58.318,-34.9275983,138.6211315,Route10
58.158,-34.927596,138.6210693,Route10
57.578,-34.9275877,138.6208914,Route10
57.991,-34.9275893,138.6205737,Route10
55.831,-34.9276623,138.6190095,Route10
55.833,-34.9276621,138.6190041,Route10
