ele,lat,lon,name
572.821,-23.7140961,133.8742486,Route6
572.821,-23.7140961,133.8742486,Route6
572.866,-23.7141181,133.8742314,Route6
572.965,-23.7141553,133.8742043,Route6
572.717,-23.7147903,133.8737246,Route6
571.367,-23.7155131,133.8731758,Route6
570.525,-23.7158828,133.8728951,Route6
570.647,-23.7160016,133.8728066,Route6
570.81,-23.7160583,133.8727585,Route6
571.103,-23.7163403,133.8725346,Route6
571.365,-23.7165234,133.8723985,Route6
571.701,-23.7167358,133.8722406,Route6
571.004,-23.7169434,133.87208,Route6
570.932,-23.717064,133.8719884,Route6
570.866,-23.7172927,133.8718134,Route6
571.0,-23.7175493,133.871617,Route6
571.0,-23.7175581,133.8716098,Route6
571.0,-23.7176409,133.8715424,Route6
571.318,-23.7178704,133.8713757,Route6
571.133,-23.7181343,133.8711627,Route6
570.772,-23.7182901,133.871036,Route6
569.169,-23.7186187,133.8707852,Route6
569.244,-23.7186805,133.870743,Route6
569.019,-23.7188827,133.8705905,Route6
569.034,-23.7189445,133.8705438,Route6
569.132,-23.7190314,133.87048,Route6
569.051,-23.7191417,133.870399,Route6
569.035,-23.719181,133.8703688,Route6
569.354,-23.7192722,133.8702965,Route6
569.597,-23.7193845,133.8702114,Route6
569.613,-23.7194301,133.8701795,Route6
569.372,-23.7194975,133.8701276,Route6
569.451,-23.7198476,133.8698582,Route6
569.62,-23.7198945,133.8698221,Route6
570.191,-23.720151,133.8696242,Route6
570.233,-23.7202057,133.8695813,Route6
569.931,-23.7204794,133.8693745,Route6
569.504,-23.7207084,133.8691941,Route6
569.136,-23.7207887,133.869124,Route6
569.0,-23.7208489,133.8690828,Route6
569.0,-23.7209519,133.868997,Route6
569.0,-23.7210357,133.8689202,Route6
569.0,-23.7210573,133.8689004,Route6
568.716,-23.7211401,133.8688008,Route6
568.552,-23.7212062,133.8686997,Route6
568.531,-23.721223,133.8686709,Route6
568.53,-23.7212236,133.8686694,Route6
568.549,-23.7212794,133.8685849,Route6
568.307,-23.7213635,133.8684273,Route6
568.01,-23.7214061,133.868336,Route6
567.439,-23.7214784,133.8681775,Route6
567.0,-23.7215832,133.8679699,Route6
567.0,-23.7216287,133.8679137,Route6
567.0,-23.7217033,133.8678555,Route6
567.0,-23.7217548,133.8678134,Route6
567.0,-23.7218063,133.8678221,Route6
567.0,-23.7218754,133.8678198,Route6
567.0,-23.7219126,133.8678113,Route6
567.002,-23.7219501,133.8678002,Route6
567.002,-23.7219973,133.8677805,Route6
566.596,-23.7221075,133.867707,Route6
566.246,-23.722141,133.8676551,Route6
565.619,-23.7221878,133.8675733,Route6
565.542,-23.7221911,133.8675632,Route6
565.03,-23.7222142,133.8675002,Route6
564.892,-23.7222292,133.8674571,Route6
564.775,-23.7222379,133.8674111,Route6
564.647,-23.7222411,133.8673728,Route6
564.699,-23.7223018,133.8673112,Route6
564.554,-23.7223761,133.8672061,Route6
564.806,-23.7224462,133.8671269,Route6
564.96,-23.722489,133.8670856,Route6
565.112,-23.7225451,133.86704,Route6
565.146,-23.7225913,133.8670061,Route6
565.133,-23.7226233,133.866986,Route6
565.004,-23.7227089,133.8669405,Route6
565.187,-23.7228058,133.8669031,Route6
565.806,-23.7229044,133.8668801,Route6
566.483,-23.7230181,133.8668651,Route6
566.665,-23.7231472,133.8668515,Route6
566.565,-23.7232659,133.8668237,Route6
566.375,-23.7233616,133.8667825,Route6
566.231,-23.723417,133.8667586,Route6
566.04,-23.7235239,133.8667018,Route6
565.999,-23.7236085,133.8666381,Route6
566.0,-23.7236381,133.8666088,Route6
566.0,-23.723729,133.8665216,Route6
566.0,-23.7238075,133.8664346,Route6
566.158,-23.7238876,133.8663447,Route6
566.177,-23.7239713,133.8662574,Route6
566.166,-23.7240335,133.8661983,Route6
566.199,-23.7241915,133.8660852,Route6
566.544,-23.7242866,133.8660321,Route6
567.177,-23.7244504,133.8659622,Route6
569.9,-23.7247019,133.8658871,Route6
571.336,-23.7248148,133.8658702,Route6
572.626,-23.7249261,133.8658653,Route6
575.632,-23.7250664,133.8658112,Route6
580.066,-23.7252795,133.8657673,Route6
579.193,-23.7255159,133.8657132,Route6
576.362,-23.7257309,133.8656586,Route6
575.52,-23.7260222,133.865551,Route6
577.918,-23.7262936,133.8654312,Route6
577.768,-23.7265026,133.8653258,Route6
567.432,-23.7277094,133.8646173,Route6
566.025,-23.7284307,133.8641558,Route6
566.95,-23.7291529,133.8636977,Route6
566.0,-23.72964,133.8633887,Route6
566.423,-23.730078,133.8631459,Route6
567.029,-23.7302859,133.8630555,Route6
568.03,-23.7305696,133.8629431,Route6
568.205,-23.7306726,133.8629126,Route6
567.182,-23.730989,133.8628317,Route6
565.715,-23.7312113,133.8627883,Route6
565.545,-23.7312493,133.8627837,Route6
564.931,-23.7314277,133.8627586,Route6
564.878,-23.7315318,133.862744,Route6
564.866,-23.7316066,133.8627406,Route6
566.046,-23.7319815,133.8627236,Route6
566.432,-23.7320371,133.8627288,Route6
567.288,-23.732161,133.8627355,Route6
567.777,-23.732289,133.8627425,Route6
567.832,-23.7323405,133.8627481,Route6
567.669,-23.7325893,133.862775,Route6
567.434,-23.7326655,133.8627829,Route6
567.425,-23.7329393,133.8628368,Route6
567.645,-23.7330417,133.8628674,Route6
568.229,-23.7331925,133.8629135,Route6
568.635,-23.7333297,133.8629555,Route6
568.204,-23.7335501,133.8630361,Route6
566.536,-23.733904,133.8631996,Route6
566.834,-23.7341924,133.8633564,Route6
565.957,-23.7343751,133.8634782,Route6
566.0,-23.7365713,133.864996,Route6
566.0,-23.7367655,133.8651249,Route6
566.0,-23.7371896,133.8654149,Route6
565.401,-23.7373885,133.8655425,Route6
565.0,-23.7376919,133.8657385,Route6
565.978,-23.7380664,133.8659925,Route6
564.67,-23.7383597,133.8662123,Route6
564.675,-23.7384529,133.8662696,Route6
564.927,-23.7385882,133.8663582,Route6
565.884,-23.7395817,133.8670083,Route6
567.0,-23.7401148,133.8673569,Route6
567.0,-23.7401692,133.8673884,Route6
566.751,-23.7404302,133.8675537,Route6
566.5,-23.7406581,133.8676481,Route6
565.983,-23.7408903,133.8678008,Route6
565.944,-23.7409257,133.8678242,Route6
565.096,-23.7412182,133.8680122,Route6
565.011,-23.7413013,133.8680653,Route6
564.241,-23.7415998,133.8682578,Route6
563.076,-23.7419233,133.8684635,Route6
562.171,-23.7422349,133.868661,Route6
562.232,-23.7423638,133.8687424,Route6
562.494,-23.7427986,133.8690147,Route6
563.0,-23.7431617,133.8692545,Route6
562.906,-23.7433594,133.8693882,Route6
562.948,-23.7438452,133.8696308,Route6
563.205,-23.7439458,133.8697298,Route6
563.394,-23.7439982,133.869764,Route6
563.265,-23.7443708,133.8699689,Route6
561.987,-23.7447259,133.8701708,Route6
561.0,-23.7450249,133.8703163,Route6
561.0,-23.7450586,133.870334,Route6
561.124,-23.7453121,133.870456,Route6
562.421,-23.7456726,133.8706139,Route6
562.799,-23.7459857,133.8707314,Route6
562.374,-23.7462828,133.8708279,Route6
563.412,-23.7466239,133.8709254,Route6
564.691,-23.7469241,133.871001,Route6
565.321,-23.7471126,133.8710348,Route6
564.603,-23.7473448,133.8710719,Route6
563.432,-23.7474795,133.871091,Route6
561.967,-23.747787,133.8711382,Route6
561.716,-23.7478567,133.87113,Route6
561.138,-23.7480988,133.8711423,Route6
561.891,-23.7485321,133.8712179,Route6
561.446,-23.7488655,133.8712791,Route6
560.758,-23.7491078,133.8712721,Route6
560.593,-23.7492933,133.8712759,Route6
560.668,-23.7494537,133.8712934,Route6
560.451,-23.7498952,133.8713559,Route6
560.011,-23.7502811,133.8714118,Route6
561.211,-23.7515309,133.8715468,Route6
559.353,-23.7530071,133.8717163,Route6
558.055,-23.7538582,133.8718073,Route6
558.434,-23.7542871,133.871835,Route6
558.283,-23.7549214,133.8719283,Route6
557.195,-23.7556098,133.8719595,Route6
558.166,-23.7568591,133.8720723,Route6
558.082,-23.7569002,133.872079,Route6
558.112,-23.7570124,133.8720945,Route6
559.444,-23.7576019,133.8721883,Route6
559.498,-23.7576211,133.8721915,Route6
559.722,-23.7577158,133.8722419,Route6
559.831,-23.7577517,133.8722453,Route6
559.322,-23.7579478,133.8722696,Route6
558.839,-23.7581004,133.8722976,Route6
558.528,-23.7581867,133.8723125,Route6
558.0,-23.7583402,133.8723492,Route6
557.676,-23.7587185,133.8724551,Route6
557.37,-23.7590992,133.8725826,Route6
557.34,-23.7592126,133.872613,Route6
557.018,-23.7594368,133.8726788,Route6
557.0,-23.7595684,133.8727084,Route6
557.0,-23.7597212,133.8727265,Route6
557.711,-23.7598999,133.8727467,Route6
558.43,-23.7601165,133.8727725,Route6
558.548,-23.7601584,133.8727808,Route6
558.435,-23.7603886,133.8728066,Route6
557.049,-23.7608134,133.8728674,Route6
557.46,-23.7610763,133.8729094,Route6
556.993,-23.7612983,133.8729449,Route6
556.719,-23.7613804,133.8729585,Route6
556.799,-23.7615701,133.8729968,Route6
557.168,-23.7617133,133.8730341,Route6
557.812,-23.7619062,133.8730696,Route6
557.773,-23.762172,133.8731187,Route6
556.851,-23.7624305,133.8731665,Route6
556.171,-23.7625912,133.8731947,Route6
555.418,-23.7627809,133.8732158,Route6
555.027,-23.7630365,133.8732225,Route6
555.0,-23.7632578,133.8732155,Route6
554.565,-23.7635713,133.8731965,Route6
554.508,-23.7638559,133.8731923,Route6
554.81,-23.7640647,133.873199,Route6
555.0,-23.7641918,133.8732122,Route6
555.0,-23.7643399,133.8732302,Route6
555.0,-23.7644472,133.8732481,Route6
555.0,-23.7645116,133.8732254,Route6
555.0,-23.7646588,133.8732471,Route6
555.844,-23.7652334,133.8733393,Route6
556.038,-23.7653748,133.8733633,Route6
556.312,-23.7656215,133.87342,Route6
556.527,-23.7658758,133.8734798,Route6
556.546,-23.7658934,133.8734849,Route6
556.564,-23.7659153,133.8734899,Route6
556.578,-23.7659378,133.8734938,Route6
556.596,-23.765957,133.873499,Route6
556.751,-23.7661404,133.873542,Route6
556.771,-23.7661788,133.8735476,Route6
556.869,-23.7664064,133.8735909,Route6
556.31,-23.7668865,133.8736824,Route6
555.5,-23.7672383,133.8737501,Route6
555.564,-23.7673302,133.8737678,Route6
554.914,-23.7678315,133.873865,Route6
554.172,-23.7683612,133.8739676,Route6
555.412,-23.7688018,133.8740522,Route6
554.389,-23.7693363,133.8741551,Route6
555.0,-23.7699948,133.8742819,Route6
554.0,-23.7703061,133.8743436,Route6
554.567,-23.771151,133.8745046,Route6
554.299,-23.7712622,133.8745418,Route6
554.484,-23.7718718,133.8746449,Route6
554.395,-23.7719815,133.8746635,Route6
553.608,-23.7723307,133.8747227,Route6
553.0,-23.7725209,133.8747602,Route6
552.96,-23.7728087,133.8748208,Route6
552.83,-23.7728925,133.8748368,Route6
552.661,-23.7729769,133.8748537,Route6
552.405,-23.7730827,133.8748752,Route6
552.254,-23.7731561,133.8748893,Route6
552.132,-23.7732302,133.8749015,Route6
552.125,-23.7732347,133.8749024,Route6
553.0,-23.7737976,133.8749998,Route6
553.068,-23.7739194,133.8750211,Route6
553.043,-23.774104,133.8750535,Route6
552.569,-23.7746966,133.8751581,Route6
552.832,-23.7750468,133.87522,Route6
552.58,-23.7751166,133.8752332,Route6
552.238,-23.7752118,133.8752306,Route6
551.312,-23.7754689,133.8752778,Route6
551.075,-23.776263,133.8754246,Route6
551.208,-23.7768671,133.8755361,Route6
551.208,-23.7772676,133.8756132,Route6
551.903,-23.77772,133.8757036,Route6
552.725,-23.7782529,133.8758294,Route6
551.289,-23.7790865,133.8760582,Route6
552.0,-23.7799197,133.8763,Route6
552.0,-23.7800707,133.8763467,Route6
550.925,-23.7811247,133.8766322,Route6
550.0,-23.7819464,133.8768528,Route6
548.503,-23.78665,133.8782032,Route6
548.421,-23.7867653,133.8782371,Route6
548.407,-23.7886062,133.8787789,Route6
547.804,-23.7892212,133.878961,Route6
546.579,-23.7896027,133.879094,Route6
547.413,-23.7897027,133.8787655,Route6
547.974,-23.789736,133.878632,Route6
547.526,-23.7898734,133.8780463,Route6
548.0,-23.790026,133.8774083,Route6
547.529,-23.7901382,133.876959,Route6
547.32,-23.790189,133.8767723,Route6
547.216,-23.7902178,133.8766741,Route6
547.823,-23.7903269,133.8763021,Route6
547.617,-23.7903841,133.8761299,Route6
547.584,-23.7904993,133.8757836,Route6
548.123,-23.7906701,133.8753024,Route6
548.039,-23.7907207,133.8751712,Route6
547.381,-23.7908602,133.8748096,Route6
547.974,-23.7912381,133.8738756,Route6
547.878,-23.7912644,133.8738134,Route6
548.201,-23.7915415,133.8731571,Route6
548.081,-23.79157,133.8730901,Route6
548.0,-23.7918017,133.8725444,Route6
549.0,-23.7920309,133.8720016,Route6
548.14,-23.7922689,133.8714353,Route6
548.877,-23.7923751,133.8711873,Route6
548.825,-23.7925329,133.8708156,Route6
547.0,-23.792866,133.8700311,Route6
547.225,-23.7929496,133.8698364,Route6
547.371,-23.7930472,133.8696275,Route6
547.973,-23.7931316,133.8694549,Route6
548.224,-23.7932479,133.8692421,Route6
548.346,-23.7933744,133.8690295,Route6
548.534,-23.793505,133.8688205,Route6
548.769,-23.7935951,133.8686793,Route6
548.785,-23.7937649,133.868441,Route6
548.856,-23.7938815,133.8682932,Route6
548.236,-23.79402,133.8681211,Route6
546.129,-23.794362,133.8677268,Route6
546.872,-23.7945166,133.8675482,Route6
547.443,-23.7949062,133.8670992,Route6
547.172,-23.7956487,133.8662468,Route6
548.269,-23.7969106,133.8648304,Route6
546.868,-23.7979058,133.8636907,Route6
546.864,-23.7986489,133.8628392,Route6
546.305,-23.7987499,133.8627235,Route6
545.988,-23.7998336,133.8614753,Route6
546.0,-23.8008239,133.8603344,Route6
545.406,-23.8009475,133.8601916,Route6
545.0,-23.8025485,133.858347,Route6
545.105,-23.8028041,133.8580525,Route6
546.0,-23.8030515,133.8577672,Route6
544.06,-23.8046321,133.8559422,Route6
545.864,-23.8079752,133.8520921,Route6
546.635,-23.8094541,133.8503888,Route6
547.732,-23.8099562,133.8498105,Route6
547.828,-23.8099899,133.8497717,Route6
547.49,-23.8101416,133.849597,Route6
546.221,-23.8105668,133.8491121,Route6
545.981,-23.8111769,133.8484265,Route6
547.331,-23.811728,133.8478171,Route6
547.622,-23.8121172,133.8474124,Route6
548.242,-23.8129679,133.8465614,Route6
546.0,-23.8135283,133.8460188,Route6
547.501,-23.8143059,133.8453187,Route6
548.037,-23.8161258,133.8436954,Route6
548.0,-23.8172174,133.8427425,Route6
548.0,-23.8177286,133.842289,Route6
547.133,-23.8196361,133.840609,Route6
546.156,-23.8210678,133.8393598,Route6
545.684,-23.8213843,133.8390804,Route6
547.74,-23.8218626,133.8386433,Route6
546.626,-23.822257,133.8382938,Route6
546.199,-23.8235185,133.8371849,Route6
548.376,-23.8250603,133.8358295,Route6
548.344,-23.8250675,133.8358232,Route6
546.738,-23.8256209,133.8353366,Route6
545.728,-23.8267422,133.8343508,Route6
545.702,-23.8267494,133.8343445,Route6
545.223,-23.8268824,133.8342276,Route6
545.197,-23.8268896,133.8342213,Route6
546.642,-23.8287333,133.8326003,Route6
545.129,-23.8298692,133.8315903,Route6
544.138,-23.8302521,133.8312508,Route6
544.037,-23.8305747,133.8309631,Route6
544.356,-23.8306741,133.8308796,Route6
545.402,-23.831312,133.8303259,Route6
545.88,-23.8324435,133.8293399,Route6
545.771,-23.8336885,133.8282452,Route6
544.0,-23.8352403,133.8268806,Route6
544.369,-23.8353804,133.8267574,Route6
543.808,-23.8402838,133.8224454,Route6
545.0,-23.8424857,133.8205127,Route6
544.804,-23.8451523,133.818176,Route6
544.825,-23.8451596,133.8181696,Route6
545.184,-23.8456526,133.8177267,Route6
545.892,-23.8458713,133.8175349,Route6
546.139,-23.8459893,133.8174312,Route6
546.712,-23.8461294,133.8173079,Route6
544.358,-23.8468302,133.8166917,Route6
544.74,-23.8469704,133.8165685,Route6
546.071,-23.8471106,133.8164453,Route6
546.366,-23.849304,133.8145168,Route6
550.235,-23.852085,133.8120878,Route6
551.544,-23.852201,133.8119883,Route6
553.681,-23.8524748,133.811748,Route6
554.066,-23.8525452,133.8116934,Route6
553.152,-23.8528608,133.8114137,Route6
552.841,-23.8529792,133.8113084,Route6
553.548,-23.8532078,133.8111091,Route6
549.032,-23.8541638,133.8102809,Route6
553.036,-23.8544647,133.8100304,Route6
552.754,-23.855131,133.8094758,Route6
552.509,-23.8551562,133.8094544,Route6
551.0,-23.8556703,133.8090174,Route6
551.0,-23.8558041,133.808905,Route6
551.299,-23.8559157,133.8088057,Route6
551.388,-23.855942,133.8087812,Route6
554.671,-23.8564916,133.808325,Route6
554.397,-23.8571206,133.8077914,Route6
552.064,-23.8577954,133.8072224,Route6
553.221,-23.8586865,133.8064704,Route6
554.0,-23.8591458,133.8060829,Route6
554.271,-23.8592419,133.8060027,Route6
554.579,-23.8593275,133.8059283,Route6
553.845,-23.8598382,133.8054827,Route6
554.878,-23.8602439,133.8051428,Route6
554.92,-23.8602555,133.8051379,Route6
555.773,-23.8604925,133.8049336,Route6
557.957,-23.8615543,133.8040424,Route6
557.211,-23.8631712,133.8026774,Route6
555.238,-23.8644851,133.8015635,Route6
556.083,-23.8647499,133.8013432,Route6
557.537,-23.8651915,133.8009695,Route6
556.934,-23.8657733,133.8004771,Route6
556.128,-23.8668991,133.7995253,Route6
556.796,-23.8681862,133.7984402,Route6
558.447,-23.8692918,133.797498,Route6
556.893,-23.8705257,133.7964685,Route6
557.0,-23.8706389,133.7963724,Route6
557.0,-23.8707445,133.7962828,Route6
557.0,-23.8709231,133.7961313,Route6
558.993,-23.8716131,133.7955458,Route6
560.767,-23.8731085,133.7942842,Route6
562.754,-23.87359,133.7938759,Route6
562.693,-23.8736264,133.793845,Route6
562.248,-23.8737321,133.7937554,Route6
562.152,-23.8737685,133.7937245,Route6
561.0,-23.8744195,133.7931724,Route6
563.647,-23.8753112,133.7924222,Route6
564.508,-23.8754355,133.7923176,Route6
570.85,-23.8769699,133.7910105,Route6
570.237,-23.877137,133.7908612,Route6
569.782,-23.8772205,133.790771,Route6
567.751,-23.8776791,133.7903821,Route6
567.412,-23.8784477,133.7897214,Route6
566.592,-23.878907,133.7893312,Route6
565.663,-23.879251,133.7890322,Route6
565.699,-23.87933,133.7889635,Route6
565.826,-23.879392,133.7889109,Route6
565.831,-23.8793937,133.7889095,Route6
569.097,-23.8797944,133.7885746,Route6
568.197,-23.8803224,133.7881209,Route6
570.264,-23.880823,133.7876942,Route6
571.962,-23.8813782,133.7872236,Route6
571.969,-23.8813823,133.7872202,Route6
571.857,-23.881428,133.7871825,Route6
571.566,-23.8815257,133.7871018,Route6
571.124,-23.8816644,133.7869789,Route6
570.589,-23.8819299,133.7867507,Route6
569.909,-23.8820885,133.786614,Route6
569.178,-23.8824823,133.7862747,Route6
568.616,-23.8829056,133.7859135,Route6
568.987,-23.8833488,133.7855364,Route6
568.659,-23.8837613,133.7851831,Route6
567.535,-23.8840986,133.7848934,Route6
567.614,-23.884213,133.7847954,Route6
567.268,-23.8843545,133.784674,Route6
567.073,-23.8844965,133.7845523,Route6
567.073,-23.8844973,133.7845516,Route6
565.992,-23.8849815,133.7841342,Route6
567.74,-23.8855581,133.7836474,Route6
569.982,-23.8859409,133.7833309,Route6
567.882,-23.8862846,133.7830392,Route6
566.244,-23.8864834,133.7828589,Route6
564.842,-23.8866219,133.7827334,Route6
563.983,-23.8867145,133.7826494,Route6
564.753,-23.8871495,133.7822765,Route6
564.303,-23.8874687,133.782004,Route6
564.0,-23.8875544,133.7819308,Route6
564.467,-23.8880289,133.7815232,Route6
565.052,-23.8881237,133.7814426,Route6
565.907,-23.8883076,133.7812866,Route6
565.0,-23.8886641,133.7809846,Route6
564.951,-23.8890936,133.7806151,Route6
566.772,-23.8894336,133.7803302,Route6
567.0,-23.8895974,133.7801904,Route6
567.0,-23.889739,133.7800677,Route6
567.0,-23.8898582,133.7799642,Route6
567.0,-23.8902259,133.7796488,Route6
567.0,-23.8906521,133.7792815,Route6
567.778,-23.8912812,133.77873,Route6
567.0,-23.8917918,133.7782909,Route6
568.331,-23.8921984,133.7779398,Route6
569.121,-23.892631,133.777571,Route6
569.0,-23.892848,133.7773816,Route6
569.986,-23.8933092,133.7769878,Route6
569.328,-23.8937239,133.7766278,Route6
568.606,-23.8940125,133.7763747,Route6
569.409,-23.8943861,133.7760543,Route6
569.817,-23.8948056,133.7756992,Route6
570.648,-23.8952277,133.7753361,Route6
570.76,-23.8952478,133.775319,Route6
571.207,-23.8954962,133.7751023,Route6
571.636,-23.895821,133.774828,Route6
572.473,-23.8962495,133.7744604,Route6
570.758,-23.8965144,133.774225,Route6
570.0,-23.896763,133.7740106,Route6
570.333,-23.8970369,133.7737723,Route6
571.042,-23.8973452,133.7735112,Route6
572.277,-23.8977187,133.7731915,Route6
571.376,-23.898143,133.7728234,Route6
572.092,-23.8984494,133.7725614,Route6
572.0,-23.8988296,133.7722315,Route6
572.24,-23.8992022,133.7719087,Route6
572.757,-23.8993157,133.7718124,Route6
572.842,-23.8993443,133.7717883,Route6
573.997,-23.899719,133.7714678,Route6
574.394,-23.9000465,133.7711866,Route6
574.638,-23.9004874,133.7708074,Route6
573.854,-23.9009074,133.770441,Route6
573.765,-23.90121,133.7701765,Route6
574.902,-23.9016395,133.7698098,Route6
575.998,-23.9020969,133.7694192,Route6
576.557,-23.9026769,133.7689239,Route6
577.848,-23.9029981,133.7686532,Route6
577.944,-23.9031992,133.7684831,Route6
578.0,-23.9035534,133.7681811,Route6
577.022,-23.9038758,133.7679058,Route6
577.415,-23.9041896,133.7676396,Route6
577.226,-23.9043817,133.7674732,Route6
576.884,-23.9046122,133.7672757,Route6
576.977,-23.9046631,133.7672304,Route6
576.8,-23.904862,133.7670549,Route6
576.284,-23.9051988,133.766766,Route6
576.677,-23.9054659,133.7665331,Route6
577.911,-23.9058086,133.7662342,Route6
578.021,-23.9061225,133.7659672,Route6
578.983,-23.9063843,133.7657429,Route6
579.198,-23.9067539,133.7654199,Route6
578.941,-23.9067919,133.7653866,Route6
578.0,-23.9071357,133.7650883,Route6
579.676,-23.9075051,133.7647702,Route6
582.187,-23.9078304,133.7644892,Route6
583.413,-23.9080392,133.7643141,Route6
582.898,-23.9082303,133.7641459,Route6
581.418,-23.9085031,133.7639097,Route6
581.883,-23.9088138,133.7636435,Route6
582.034,-23.9089741,133.7635018,Route6
582.784,-23.9092435,133.7632732,Route6
581.775,-23.9095069,133.7630413,Route6
580.697,-23.9099978,133.7625848,Route6
581.248,-23.9100766,133.7625077,Route6
583.626,-23.9103088,133.7622772,Route6
584.0,-23.9105608,133.7620255,Route6
584.104,-23.9108621,133.7617238,Route6
584.31,-23.9111219,133.7614643,Route6
584.895,-23.9113324,133.7612547,Route6
585.682,-23.9116602,133.7609217,Route6
585.0,-23.9119707,133.7606113,Route6
586.661,-23.9122507,133.7603274,Route6
587.227,-23.9123651,133.7602166,Route6
588.361,-23.9127654,133.7598142,Route6
587.177,-23.9129855,133.7596397,Route6
587.139,-23.9130943,133.7595501,Route6
588.355,-23.9133827,133.7592605,Route6
589.809,-23.9136642,133.7589846,Route6
588.541,-23.9140058,133.7586365,Route6
588.107,-23.9142859,133.75835,Route6
586.841,-23.9146364,133.7579915,Route6
585.493,-23.9149443,133.7576762,Route6
590.643,-23.9153697,133.7572646,Route6
588.94,-23.9157267,133.7569019,Route6
587.169,-23.9158703,133.7567506,Route6
586.068,-23.9160754,133.7565367,Route6
586.44,-23.9164667,133.7561459,Route6
588.891,-23.9168942,133.755723,Route6
588.074,-23.9173138,133.7552983,Route6
587.469,-23.9177206,133.7548861,Route6
587.444,-23.9177447,133.7548622,Route6
587.354,-23.9178533,133.7547536,Route6
587.75,-23.9179862,133.7546206,Route6
587.56,-23.9182484,133.7543508,Route6
587.0,-23.9187532,133.7538409,Route6
589.577,-23.919158,133.7534334,Route6
588.58,-23.9195516,133.7530399,Route6
587.696,-23.9200328,133.7525585,Route6
587.116,-23.9204914,133.7520845,Route6
586.384,-23.9209276,133.7516543,Route6
589.0,-23.9214401,133.7511502,Route6
588.297,-23.9220573,133.7505252,Route6
588.623,-23.9223953,133.750182,Route6
589.0,-23.9227553,133.7498253,Route6
589.0,-23.923016,133.7495635,Route6
589.0,-23.923021,133.7495586,Route6
588.82,-23.9231055,133.7494739,Route6
588.682,-23.9231486,133.7494307,Route6
588.671,-23.9231536,133.7494256,Route6
589.0,-23.9234511,133.749123,Route6
589.0,-23.9237336,133.7488408,Route6
589.0,-23.9239553,133.7486187,Route6
590.045,-23.9242601,133.7483143,Route6
589.531,-23.9245748,133.7479928,Route6
588.781,-23.9249946,133.7475619,Route6
588.132,-23.9253164,133.7472355,Route6
590.839,-23.9257003,133.7468561,Route6
592.02,-23.9259114,133.7466472,Route6
592.291,-23.9260057,133.7465366,Route6
592.767,-23.9262295,133.7462759,Route6
593.0,-23.9263942,133.746109,Route6
593.0,-23.9266075,133.7458921,Route6
593.243,-23.9267965,133.7457001,Route6
593.854,-23.9271818,133.7453114,Route6
594.0,-23.9275047,133.7449874,Route6
594.0,-23.9277519,133.7447374,Route6
592.001,-23.9280558,133.7444265,Route6
592.065,-23.9282884,133.7441881,Route6
592.41,-23.9285214,133.7439573,Route6
593.156,-23.9287901,133.7436892,Route6
593.058,-23.9288728,133.7436067,Route6
593.721,-23.928989,133.7434908,Route6
595.178,-23.9292218,133.7432573,Route6
596.569,-23.9294036,133.7430753,Route6
597.407,-23.9295364,133.7429425,Route6
597.475,-23.9295554,133.7429235,Route6
598.385,-23.9298114,133.7426707,Route6
599.597,-23.9301124,133.7423678,Route6
601.6,-23.9304223,133.7420556,Route6
601.682,-23.9306938,133.7417813,Route6
601.804,-23.9309427,133.7415276,Route6
602.05,-23.9311251,133.7413442,Route6
602.527,-23.9312576,133.7412111,Route6
602.713,-23.9313091,133.7411594,Route6
602.634,-23.9313894,133.7410772,Route6
601.16,-23.9315688,133.7408938,Route6
599.221,-23.9318019,133.7406562,Route6
598.852,-23.9319162,133.7405412,Route6
598.529,-23.9321015,133.7403547,Route6
598.784,-23.9324363,133.7400161,Route6
599.847,-23.9327352,133.7397192,Route6
600.627,-23.9331084,133.7393407,Route6
599.859,-23.9333723,133.7390757,Route6
600.187,-23.9334793,133.7389683,Route6
600.309,-23.9335049,133.7389427,Route6
600.81,-23.9336375,133.7388098,Route6
600.809,-23.9337702,133.7386768,Route6
600.809,-23.9338184,133.7386285,Route6
599.316,-23.9341408,133.7382937,Route6
599.518,-23.9345726,133.737851,Route6
597.48,-23.9349558,133.7374668,Route6
600.785,-23.9353104,133.7371097,Route6
599.559,-23.9356245,133.736791,Route6
600.397,-23.9360267,133.7363865,Route6
603.526,-23.9364075,133.7360023,Route6
604.148,-23.936809,133.7355976,Route6
602.361,-23.9371228,133.7352785,Route6
601.15,-23.9373555,133.7350416,Route6
601.25,-23.9374631,133.7349306,Route6
601.379,-23.937677,133.73471,Route6
600.517,-23.9379705,133.7344151,Route6
603.472,-23.9382368,133.7341469,Route6
605.298,-23.9385191,133.7338612,Route6
605.197,-23.9385436,133.7338364,Route6
604.917,-23.9386504,133.7337266,Route6
604.317,-23.9387815,133.7335919,Route6
602.778,-23.9389924,133.7333752,Route6
602.481,-23.9390438,133.7333226,Route6
602.493,-23.9391751,133.733188,Route6
602.507,-23.9393331,133.7330261,Route6
603.152,-23.9397882,133.7325726,Route6
606.474,-23.9400397,133.7323151,Route6
606.916,-23.9404368,133.7319149,Route6
607.742,-23.9410029,133.7313426,Route6
603.989,-23.9412973,133.7310413,Route6
605.543,-23.9416593,133.730672,Route6
608.214,-23.942004,133.7303237,Route6
608.537,-23.9420788,133.7302469,Route6
608.59,-23.9420877,133.7302378,Route6
609.527,-23.9422107,133.7301131,Route6
609.865,-23.9423592,133.7299624,Route6
608.282,-23.9426383,133.7296815,Route6
606.703,-23.9429521,133.729362,Route6
607.453,-23.9432647,133.7290557,Route6
608.81,-23.9434063,133.7289192,Route6
609.633,-23.9436761,133.7286592,Route6
609.419,-23.943991,133.7283528,Route6
608.459,-23.9443156,133.7280342,Route6
609.389,-23.9447087,133.72765,Route6
611.466,-23.9451167,133.7272528,Route6
613.208,-23.9456739,133.7267092,Route6
613.014,-23.9459946,133.7263979,Route6
612.365,-23.9463899,133.7260093,Route6
614.084,-23.9468002,133.7256107,Route6
614.904,-23.9471646,133.7252512,Route6
613.765,-23.9472982,133.7251193,Route6
613.184,-23.9473529,133.7250654,Route6
612.51,-23.9474322,133.7249881,Route6
612.521,-23.9475664,133.7248571,Route6
614.104,-23.9477563,133.7246718,Route6
615.967,-23.9483241,133.7241215,Route6
617.702,-23.9487773,133.7236829,Route6
617.437,-23.9490453,133.723419,Route6
617.088,-23.9492026,133.7232641,Route6
617.405,-23.9495892,133.7228895,Route6
620.603,-23.9499653,133.7225218,Route6
618.622,-23.9503035,133.7221881,Route6
617.031,-23.9505798,133.7219142,Route6
618.0,-23.9508836,133.7216158,Route6
618.0,-23.9509203,133.7215798,Route6
617.805,-23.9511308,133.7213731,Route6
616.01,-23.9513861,133.7211213,Route6
616.36,-23.9516982,133.7208137,Route6
616.683,-23.9517226,133.7207901,Route6
619.296,-23.9520267,133.7204961,Route6
619.874,-23.9524036,133.7201314,Route6
620.124,-23.9526678,133.719874,Route6
621.0,-23.9530146,133.7195356,Route6
621.0,-23.9533184,133.7192319,Route6
620.763,-23.9536024,133.7189568,Route6
620.902,-23.9536446,133.718916,Route6
621.0,-23.953869,133.7186926,Route6
621.408,-23.9540021,133.7185601,Route6
621.556,-23.9540432,133.7185192,Route6
622.299,-23.9543579,133.7182126,Route6
623.311,-23.954611,133.7179692,Route6
623.188,-23.9549444,133.717641,Route6
623.894,-23.9553388,133.7172518,Route6
624.54,-23.9557235,133.7168778,Route6
624.626,-23.95613,133.71648,Route6
624.326,-23.9564774,133.7161393,Route6
623.589,-23.9566839,133.7159366,Route6
624.05,-23.9569304,133.7156945,Route6
627.03,-23.9573515,133.7152849,Route6
625.972,-23.9577581,133.7148887,Route6
627.548,-23.9579928,133.7146551,Route6
628.591,-23.9582401,133.7144137,Route6
628.039,-23.9584048,133.7142491,Route6
626.433,-23.958645,133.7140032,Route6
628.032,-23.9589379,133.7136869,Route6
628.688,-23.9592581,133.7133405,Route6
628.7,-23.9595457,133.7130062,Route6
628.678,-23.9596334,133.7129092,Route6
628.515,-23.9598569,133.7126458,Route6
627.431,-23.9600724,133.712384,Route6
627.451,-23.9602909,133.7121233,Route6
630.443,-23.9605494,133.7118091,Route6
631.259,-23.9607501,133.7115641,Route6
631.131,-23.9610748,133.7111714,Route6
632.472,-23.9612781,133.7109232,Route6
633.794,-23.9614992,133.7106502,Route6
634.198,-23.9616668,133.7104443,Route6
633.369,-23.9617335,133.7103624,Route6
632.708,-23.9617861,133.7102969,Route6
631.679,-23.9619049,133.7101491,Route6
630.949,-23.9619922,133.7100405,Route6
630.718,-23.9620244,133.7100021,Route6
630.009,-23.9622099,133.7097808,Route6
630.296,-23.9623826,133.7095684,Route6
630.866,-23.9626611,133.709231,Route6
631.534,-23.9630085,133.7088066,Route6
630.192,-23.9633484,133.7083932,Route6
629.959,-23.9634106,133.7083175,Route6
629.841,-23.9634689,133.7082471,Route6
629.8,-23.9637326,133.7079283,Route6
627.341,-23.964038,133.7075474,Route6
627.088,-23.964067,133.7075122,Route6
627.474,-23.9642983,133.7072318,Route6
628.481,-23.9645,133.7069857,Route6
628.723,-23.9647474,133.7066806,Route6
632.059,-23.9650008,133.7063701,Route6
632.458,-23.9652668,133.7060494,Route6
632.473,-23.9655095,133.7057552,Route6
632.271,-23.96563,133.7056091,Route6
630.965,-23.9657505,133.705463,Route6
630.589,-23.9657876,133.705418,Route6
629.987,-23.9658706,133.7053165,Route6
628.081,-23.9661105,133.7050231,Route6
628.256,-23.9664073,133.7046657,Route6
628.895,-23.966679,133.7043443,Route6
625.812,-23.9669758,133.7039808,Route6
624.872,-23.9672992,133.7035904,Route6
624.131,-23.9676532,133.7031635,Route6
622.333,-23.9679218,133.7028419,Route6
620.203,-23.9681663,133.7025461,Route6
619.678,-23.9682392,133.7024578,Route6
619.334,-23.968287,133.7024001,Route6
619.147,-23.9685108,133.7021298,Route6
620.496,-23.9687439,133.7018565,Route6
619.801,-23.9690186,133.7015268,Route6
619.487,-23.9692422,133.7012535,Route6
620.091,-23.9694709,133.7009778,Route6
622.273,-23.9696942,133.7007136,Route6
622.311,-23.9699839,133.7003642,Route6
622.294,-23.9699879,133.7003594,Route6
617.401,-23.9704177,133.6998358,Route6
616.508,-23.9708538,133.6993143,Route6
617.0,-23.9711933,133.6989073,Route6
616.986,-23.9712173,133.6988785,Route6
615.614,-23.971496,133.6985425,Route6
615.006,-23.9716754,133.6983228,Route6
615.035,-23.971711,133.6982793,Route6
615.096,-23.9719178,133.698031,Route6
614.602,-23.9721775,133.6977176,Route6
613.59,-23.972401,133.6974486,Route6
613.543,-23.9724596,133.6973781,Route6
613.347,-23.9725221,133.697303,Route6
613.628,-23.9726432,133.6971575,Route6
613.0,-23.9731498,133.6965488,Route6
613.408,-23.9734746,133.6961584,Route6
614.653,-23.9738389,133.6957219,Route6
614.378,-23.9739751,133.6955563,Route6
613.01,-23.9741643,133.6953262,Route6
612.654,-23.9742159,133.6952638,Route6
612.128,-23.9743367,133.695118,Route6
612.055,-23.9744988,133.6949222,Route6
613.867,-23.9748658,133.6944815,Route6
612.969,-23.9752842,133.6939817,Route6
612.78,-23.9753323,133.6939228,Route6
611.367,-23.9756279,133.6935689,Route6
610.28,-23.9759106,133.6932255,Route6
610.274,-23.9760235,133.6930923,Route6
609.527,-23.9762093,133.6928697,Route6
608.074,-23.976376,133.6926676,Route6
608.095,-23.976422,133.692611,Route6
607.082,-23.9766326,133.6923547,Route6
606.958,-23.9769041,133.6920252,Route6
608.84,-23.9771396,133.6917412,Route6
609.199,-23.9774446,133.6913726,Route6
608.856,-23.9775673,133.6912233,Route6
608.504,-23.9776463,133.6911271,Route6
607.413,-23.9778715,133.6908543,Route6
608.538,-23.9781274,133.6905479,Route6
610.184,-23.9783844,133.6902399,Route6
610.858,-23.9785717,133.6900167,Route6
610.934,-23.9786306,133.6899465,Route6
610.41,-23.9789228,133.6895922,Route6
608.0,-23.9792749,133.6891666,Route6
610.044,-23.9795424,133.6888543,Route6
610.294,-23.9796224,133.6887615,Route6
610.641,-23.9800394,133.688263,Route6
609.166,-23.9803465,133.6878927,Route6
607.022,-23.9806678,133.6875103,Route6
606.898,-23.9807443,133.6874115,Route6
607.339,-23.9809276,133.6871917,Route6
607.201,-23.9812086,133.6868523,Route6
604.165,-23.9815486,133.6864969,Route6
604.142,-23.9817585,133.6861903,Route6
604.437,-23.9820274,133.6858648,Route6
602.941,-23.9822386,133.6856055,Route6
603.001,-23.982402,133.6854164,Route6
604.0,-23.9826239,133.685156,Route6
603.684,-23.9828656,133.6848701,Route6
602.37,-23.9830975,133.6845891,Route6
601.294,-23.9832516,133.6843974,Route6
601.338,-23.9834315,133.6841791,Route6
603.204,-23.9836701,133.6838913,Route6
602.642,-23.9839649,133.683534,Route6
601.549,-23.9842745,133.6831705,Route6
602.242,-23.9844328,133.6829798,Route6
602.255,-23.9844346,133.6829777,Route6
603.272,-23.9845558,133.6828377,Route6
603.28,-23.984557,133.6828363,Route6
603.289,-23.9845583,133.6828348,Route6
603.889,-23.9846773,133.6826906,Route6
602.958,-23.9848653,133.6824931,Route6
602.26,-23.9851019,133.682178,Route6
603.0,-23.9853177,133.6819106,Route6
603.0,-23.9855352,133.6816476,Route6
601.515,-23.9857618,133.6813758,Route6
601.507,-23.9857629,133.6813745,Route6
601.0,-23.985862,133.6812553,Route6
601.146,-23.9860083,133.6810908,Route6
602.479,-23.986193,133.6808701,Route6
600.679,-23.9865238,133.6804776,Route6
601.525,-23.9870021,133.6799078,Route6
600.536,-23.9874667,133.6793467,Route6
600.526,-23.9874673,133.6793459,Route6
599.742,-23.9875245,133.6792662,Route6
599.406,-23.9875776,133.679191,Route6
599.127,-23.9876961,133.6790423,Route6
599.277,-23.9878137,133.6788947,Route6
599.288,-23.9878169,133.6788908,Route6
599.78,-23.9879482,133.6787648,Route6
599.785,-23.9879494,133.6787638,Route6
600.153,-23.9880789,133.6786574,Route6
603.771,-23.9891315,133.6774675,Route6
602.804,-23.9893574,133.67719,Route6
600.471,-23.9895729,133.676926,Route6
600.374,-23.9895851,133.6769111,Route6
599.511,-23.9896928,133.6767792,Route6
599.332,-23.9898601,133.6765744,Route6
599.649,-23.9899336,133.6764863,Route6
600.0,-23.9901302,133.6762499,Route6
599.934,-23.9903819,133.6759476,Route6
598.12,-23.9906878,133.6755781,Route6
596.953,-23.9910309,133.6751614,Route6
597.094,-23.9913795,133.6747402,Route6
597.133,-23.9916399,133.674425,Route6
598.875,-23.9918856,133.674132,Route6
596.81,-23.9921346,133.6738282,Route6
595.662,-23.9924062,133.6734998,Route6
596.039,-23.9927125,133.6731317,Route6
594.954,-23.9929746,133.6728118,Route6
594.401,-23.9930719,133.672692,Route6
593.739,-23.9931924,133.6725454,Route6
593.652,-23.9932368,133.6724919,Route6
593.928,-23.9933132,133.6723996,Route6
594.991,-23.9935277,133.6721413,Route6
595.019,-23.9937465,133.6718774,Route6
594.612,-23.9939966,133.6715743,Route6
593.276,-23.9942733,133.6712356,Route6
593.978,-23.9945972,133.6708469,Route6
594.509,-23.9947286,133.6706887,Route6
594.305,-23.9949154,133.6704593,Route6
593.35,-23.9951362,133.670191,Route6
592.806,-23.9953566,133.6699246,Route6
593.03,-23.9956472,133.6695732,Route6
592.237,-23.995872,133.6693012,Route6
591.578,-23.9960881,133.6690418,Route6
592.0,-23.9963244,133.6687559,Route6
589.623,-23.9965927,133.6684277,Route6
589.228,-23.9968241,133.6681443,Route6
589.833,-23.9970495,133.6678696,Route6
588.881,-23.9973369,133.6675153,Route6
589.146,-23.9975552,133.6672513,Route6
588.0,-23.9978458,133.6668974,Route6
588.056,-23.9980692,133.6666289,Route6
590.626,-23.998365,133.6662731,Route6
593.145,-23.9986585,133.6659209,Route6
591.426,-23.9988691,133.6656661,Route6
591.351,-23.9989156,133.6656103,Route6
591.999,-23.9990277,133.6654756,Route6
593.237,-23.9992195,133.6652443,Route6
593.088,-23.9993771,133.6650523,Route6
589.0,-23.9996826,133.6646826,Route6
589.341,-23.9999034,133.6644155,Route6
590.005,-24.0000014,133.664296,Route6
590.747,-24.0001053,133.6641707,Route6
590.922,-24.0005297,133.6636566,Route6
589.92,-24.0008666,133.6632411,Route6
590.502,-24.0012433,133.6627897,Route6
588.132,-24.001698,133.6622416,Route6
589.615,-24.0020279,133.6618571,Route6
591.241,-24.0022888,133.6615589,Route6
592.198,-24.0025162,133.6613133,Route6
591.824,-24.0026515,133.6611632,Route6
591.0,-24.0027778,133.661023,Route6
590.501,-24.0028325,133.6609624,Route6
588.426,-24.0032247,133.6605397,Route6
589.636,-24.0034978,133.6602572,Route6
591.483,-24.0037059,133.6600413,Route6
592.286,-24.0039308,133.6598157,Route6
591.087,-24.0041581,133.6595935,Route6
590.021,-24.0042554,133.6594917,Route6
589.347,-24.0043481,133.6594026,Route6
588.656,-24.00454,133.6592182,Route6
587.815,-24.0048961,133.6588704,Route6
587.432,-24.0049968,133.6587752,Route6
588.169,-24.0052237,133.6585643,Route6
588.57,-24.0053825,133.6584201,Route6
589.233,-24.0055515,133.6582686,Route6
589.816,-24.0057334,133.6581066,Route6
590.755,-24.0059,133.6579549,Route6
591.859,-24.0060751,133.6578017,Route6
590.754,-24.0062541,133.6576436,Route6
589.31,-24.0065067,133.6574254,Route6
588.902,-24.0068087,133.6571689,Route6
588.184,-24.007016,133.6569956,Route6
587.575,-24.0072205,133.6568265,Route6
586.981,-24.0074564,133.6566337,Route6
587.868,-24.0076442,133.6564799,Route6
589.053,-24.0078419,133.6563249,Route6
589.066,-24.0078484,133.6563167,Route6
589.653,-24.0080233,133.6561838,Route6
589.59,-24.0082067,133.6560427,Route6
589.502,-24.0083727,133.65592,Route6
589.112,-24.00856,133.655779,Route6
589.835,-24.0088501,133.6555637,Route6
589.721,-24.0091032,133.6553781,Route6
589.931,-24.009294,133.6552426,Route6
590.412,-24.0095588,133.6550553,Route6
589.948,-24.0098311,133.6548683,Route6
588.0,-24.0102167,133.6546052,Route6
588.684,-24.0106808,133.6542845,Route6
589.37,-24.0109768,133.6540824,Route6
589.857,-24.0113141,133.6538492,Route6
587.382,-24.0116247,133.6536332,Route6
588.463,-24.0119836,133.6533883,Route6
588.515,-24.0122701,133.6531891,Route6
586.372,-24.0125441,133.6529994,Route6
587.132,-24.0128338,133.6528019,Route6
587.714,-24.0131349,133.6525968,Route6
587.675,-24.013449,133.6523816,Route6
588.669,-24.0137517,133.6521765,Route6
588.491,-24.014048,133.6519755,Route6
588.0,-24.0143891,133.6517449,Route6
589.934,-24.0147785,133.6514799,Route6
589.83,-24.0151499,133.6512248,Route6
589.393,-24.0154607,133.6510125,Route6
588.903,-24.0158053,133.6507723,Route6
586.996,-24.0161199,133.6505544,Route6
586.426,-24.0163473,133.6503962,Route6
586.109,-24.0166879,133.6501611,Route6
588.383,-24.0169943,133.649952,Route6
590.988,-24.0173417,133.6497239,Route6
589.282,-24.0176406,133.6495237,Route6
588.809,-24.0178794,133.649361,Route6
588.863,-24.0181003,133.6492087,Route6
588.438,-24.0183347,133.6490429,Route6
586.98,-24.0186389,133.648833,Route6
586.452,-24.0188331,133.6486984,Route6
586.762,-24.0190258,133.6485694,Route6
587.191,-24.0192805,133.6483982,Route6
588.175,-24.019493,133.6482503,Route6
588.837,-24.019677,133.6481273,Route6
588.925,-24.0198419,133.6480188,Route6
588.92,-24.0199385,133.6479547,Route6
589.109,-24.0200468,133.6478762,Route6
589.953,-24.0202648,133.6477256,Route6
589.341,-24.0203989,133.6476357,Route6
585.209,-24.0210683,133.6471731,Route6
583.555,-24.0213288,133.6469878,Route6
583.497,-24.0213354,133.6469831,Route6
585.735,-24.023383,133.6455929,Route6
585.591,-24.0240787,133.6451136,Route6
589.696,-24.0257072,133.644012,Route6
589.493,-24.0257601,133.6439754,Route6
588.981,-24.0259123,133.6438703,Route6
588.74,-24.0265477,133.6434314,Route6
590.173,-24.0269163,133.6431765,Route6
586.938,-24.02753,133.6427522,Route6
588.111,-24.0280899,133.6423661,Route6
584.769,-24.0286506,133.6419792,Route6
585.123,-24.0292867,133.6415402,Route6
585.855,-24.0294119,133.641455,Route6
588.464,-24.0324671,133.6393759,Route6
587.778,-24.0329234,133.6390653,Route6
586.921,-24.0330775,133.638959,Route6
586.184,-24.0336809,133.6385429,Route6
586.0,-24.0339583,133.6383508,Route6
586.212,-24.0340458,133.6382923,Route6
586.931,-24.035997,133.636958,Route6
585.66,-24.037499,133.635929,Route6
589.359,-24.038274,133.6353969,Route6
591.547,-24.0384793,133.6352623,Route6
592.451,-24.0385862,133.6351922,Route6
592.346,-24.0391207,133.6348183,Route6
592.227,-24.0409082,133.6336052,Route6
596.102,-24.0416907,133.6330773,Route6
595.293,-24.0426388,133.6323847,Route6
594.256,-24.0427737,133.6322862,Route6
594.197,-24.0427882,133.632275,Route6
593.877,-24.0429355,133.632162,Route6
593.609,-24.0430828,133.6320489,Route6
594.248,-24.04323,133.6319359,Route6
594.898,-24.0433773,133.6318228,Route6
598.291,-24.044259,133.6311461,Route6
598.364,-24.0450505,133.6304999,Route6
602.991,-24.0458377,133.6298358,Route6
602.454,-24.045978,133.6297174,Route6
602.436,-24.0459801,133.6297155,Route6
605.702,-24.0471984,133.6286434,Route6
605.264,-24.0476814,133.6281815,Route6
604.823,-24.0479182,133.6279559,Route6
604.995,-24.0480539,133.6278266,Route6
605.675,-24.0481896,133.6276973,Route6
605.35,-24.0486423,133.6272659,Route6
603.81,-24.0498454,133.6260582,Route6
600.699,-24.0518608,133.6239234,Route6
600.631,-24.0519901,133.6237865,Route6
600.138,-24.0521194,133.6236495,Route6
599.963,-24.0521636,133.6236027,Route6
599.644,-24.0522484,133.6235123,Route6
599.15,-24.0523773,133.6233749,Route6
598.288,-24.0525061,133.6232375,Route6
591.362,-24.0535385,133.6221368,Route6
591.0,-24.0541853,133.6214556,Route6
591.117,-24.054315,133.6213191,Route6
590.856,-24.0548141,133.6207934,Route6
590.289,-24.0549626,133.6206358,Route6
589.921,-24.0550918,133.6204987,Route6
591.44,-24.0585731,133.6168034,Route6
591.475,-24.0585789,133.6167973,Route6
592.372,-24.0587089,133.6166612,Route6
597.951,-24.0598658,133.6154495,Route6
603.381,-24.061817,133.6133805,Route6
603.317,-24.0619462,133.6132434,Route6
603.346,-24.0620754,133.6131064,Route6
603.354,-24.0622046,133.6129694,Route6
602.731,-24.0639103,133.6111605,Route6
602.766,-24.0640137,133.6110512,Route6
602.793,-24.0641431,133.6109143,Route6
599.351,-24.0651784,133.6098198,Route6
599.465,-24.0653078,133.609683,Route6
599.632,-24.0653192,133.6096709,Route6
601.357,-24.0654374,133.6095464,Route6
603.161,-24.065567,133.6094098,Route6
604.0,-24.0658262,133.6091367,Route6
603.922,-24.066751,133.6081625,Route6
606.147,-24.067827,133.6069914,Route6
610.253,-24.0695322,133.60508,Route6
611.91,-24.0702455,133.6042284,Route6
610.865,-24.0706142,133.6037881,Route6
611.061,-24.0708502,133.6034994,Route6
611.137,-24.0708713,133.6034737,Route6
611.49,-24.0709694,133.6033518,Route6
612.422,-24.0710883,133.603204,Route6
611.785,-24.0714451,133.6027607,Route6
611.089,-24.0720493,133.6020098,Route6
611.688,-24.0731143,133.6006282,Route6
613.619,-24.0733119,133.6003622,Route6
613.649,-24.0737659,133.5997509,Route6
613.638,-24.0737752,133.5997383,Route6
612.981,-24.0739874,133.5994405,Route6
611.995,-24.0740981,133.5992852,Route6
611.151,-24.0742087,133.5991299,Route6
611.55,-24.0743194,133.5989746,Route6
609.412,-24.0746946,133.5984479,Route6
610.687,-24.0753094,133.5975718,Route6
610.963,-24.0755286,133.5972594,Route6
610.869,-24.0756382,133.5971032,Route6
610.749,-24.0757169,133.5969911,Route6
606.634,-24.0771703,133.5949144,Route6
606.363,-24.0772797,133.5947581,Route6
606.196,-24.0773703,133.5946287,Route6
606.167,-24.0773891,133.5946017,Route6
610.606,-24.0789177,133.59241,Route6
610.056,-24.0790269,133.5922534,Route6
609.901,-24.0791361,133.5920968,Route6
610.257,-24.0792453,133.5919403,Route6
608.781,-24.0803453,133.5903629,Route6
608.247,-24.0813248,133.5889699,Route6
608.277,-24.0822302,133.5876759,Route6
606.32,-24.0831715,133.5863241,Route6
607.262,-24.0840923,133.5850063,Route6
606.874,-24.0842016,133.5848499,Route6
606.327,-24.084311,133.5846934,Route6
605.362,-24.0844203,133.5845369,Route6
604.908,-24.0852822,133.5833034,Route6
601.206,-24.0868872,133.5810085,Route6
601.754,-24.0871539,133.5806262,Route6
601.691,-24.0872631,133.5804697,Route6
600.888,-24.0874186,133.5802467,Route6
606.727,-24.0887959,133.5782812,Route6
607.631,-24.0889054,133.5781249,Route6
606.827,-24.0889914,133.5780022,Route6
606.438,-24.089015,133.5779687,Route6
605.164,-24.0891248,133.5778127,Route6
603.021,-24.0900035,133.5765645,Route6
604.746,-24.0905362,133.5758077,Route6
602.671,-24.0907799,133.5754789,Route6
602.173,-24.0908932,133.5753259,Route6
602.236,-24.0910066,133.5751729,Route6
602.928,-24.0911199,133.5750199,Route6
603.21,-24.0912332,133.574867,Route6
603.418,-24.0912779,133.5748067,Route6
600.926,-24.0916671,133.5742954,Route6
598.362,-24.0919842,133.5739011,Route6
599.0,-24.0921708,133.5736742,Route6
599.112,-24.0925899,133.5731765,Route6
598.054,-24.0933032,133.5723625,Route6
597.214,-24.093835,133.5717799,Route6
596.499,-24.0943095,133.5712786,Route6
596.02,-24.0947278,133.5708366,Route6
594.867,-24.0953283,133.570227,Route6
592.671,-24.0960429,133.5695608,Route6
594.041,-24.0961799,133.5694331,Route6
593.697,-24.0965698,133.5690695,Route6
592.886,-24.0976957,133.5680402,Route6
592.626,-24.0977198,133.5680181,Route6
591.506,-24.097833,133.567913,Route6
591.842,-24.0994909,133.5663734,Route6
593.258,-24.1001689,133.5657514,Route6
593.318,-24.1003067,133.5656249,Route6
592.922,-24.1004446,133.5654984,Route6
592.508,-24.1006981,133.5652658,Route6
587.672,-24.1019573,133.5641014,Route6
586.225,-24.1020948,133.5639743,Route6
586.17,-24.1025196,133.5635814,Route6
585.647,-24.1048918,133.5613962,Route6
582.914,-24.1053979,133.5609297,Route6
582.182,-24.1055356,133.5608028,Route6
581.994,-24.1060861,133.5602955,Route6
582.944,-24.1067166,133.5597144,Route6
583.295,-24.1077408,133.5587772,Route6
583.753,-24.1078301,133.5586955,Route6
581.988,-24.1086091,133.5579745,Route6
582.14,-24.1093475,133.5572912,Route6
583.424,-24.1109481,133.5558048,Route6
582.167,-24.1119909,133.5548425,Route6
581.073,-24.1135583,133.5533947,Route6
582.045,-24.1138334,133.5531406,Route6
582.084,-24.1149335,133.5521244,Route6
576.159,-24.1175461,133.5497109,Route6
576.0,-24.1180962,133.5492028,Route6
576.537,-24.1182337,133.5490758,Route6
577.28,-24.1185087,133.5488217,Route6
575.055,-24.1187837,133.5485676,Route6
570.432,-24.1227714,133.5448836,Route6
571.402,-24.124834,133.542978,Route6
574.457,-24.1266138,133.5413606,Route6
573.773,-24.1284462,133.5396725,Route6
571.786,-24.1294883,133.5387058,Route6
571.703,-24.1296543,133.5385518,Route6
571.889,-24.131964,133.5364196,Route6
572.15,-24.1321015,133.5362927,Route6
571.988,-24.1322391,133.5361657,Route6
572.232,-24.1323766,133.5360387,Route6
571.949,-24.1325142,133.5359117,Route6
572.0,-24.1329269,133.5355307,Route6
572.0,-24.1330644,133.5354038,Route6
572.0,-24.1332019,133.5352768,Route6
572.284,-24.1338897,133.5346418,Route6
574.309,-24.1355331,133.5331246,Route6
574.267,-24.1355403,133.5331179,Route6
573.661,-24.1356771,133.53299,Route6
572.655,-24.135814,133.532862,Route6
572.356,-24.1359508,133.5327341,Route6
571.253,-24.1365965,133.5321304,Route6
571.236,-24.1373041,133.5314447,Route6
572.485,-24.1378007,133.5309534,Route6
572.033,-24.1379716,133.5307758,Route6
571.203,-24.1381021,133.5306402,Route6
569.539,-24.1386421,133.5300793,Route6
566.726,-24.1389716,133.5297261,Route6
567.175,-24.1398082,133.5288186,Route6
565.978,-24.1406385,133.5278463,Route6
567.081,-24.1408557,133.527592,Route6
565.707,-24.1415243,133.5267966,Route6
565.457,-24.1432305,133.5245714,Route6
565.136,-24.143371,133.5243881,Route6
563.784,-24.146096,133.5207582,Route6
563.286,-24.1462033,133.5206153,Route6
562.274,-24.1464319,133.5203109,Route6
562.752,-24.1465462,133.5201587,Route6
565.008,-24.1478035,133.5184846,Route6
564.491,-24.1479178,133.5183324,Route6
563.487,-24.1480321,133.5181802,Route6
563.228,-24.1481464,133.518028,Route6
563.919,-24.1485886,133.5174392,Route6
564.671,-24.1500913,133.5154211,Route6
566.404,-24.1509632,133.514279,Route6
566.209,-24.1510056,133.5142247,Route6
564.233,-24.1512834,133.5138685,Route6
567.862,-24.1519312,133.5130858,Route6
565.109,-24.1525785,133.5123291,Route6
565.03,-24.1526573,133.5122371,Route6
564.955,-24.1527259,133.5121559,Route6
565.97,-24.1531168,133.5117046,Route6
566.084,-24.1532933,133.5115055,Route6
565.06,-24.1538673,133.5108964,Route6
565.0,-24.1539218,133.5108465,Route6
565.736,-24.1543651,133.5103965,Route6
567.294,-24.1547709,133.5099867,Route6
567.321,-24.1552899,133.50949,Route6
567.0,-24.1554597,133.5093279,Route6
566.984,-24.1555834,133.509212,Route6
567.667,-24.1558352,133.5089808,Route6
567.271,-24.155988,133.508841,Route6
566.245,-24.1561389,133.5087069,Route6
565.295,-24.1562786,133.5085828,Route6
564.545,-24.156389,133.5084847,Route6
564.274,-24.1564534,133.5084326,Route6
564.017,-24.1565459,133.5083445,Route6
562.184,-24.1574555,133.5075754,Route6
560.821,-24.1584539,133.5067813,Route6
560.781,-24.1586917,133.5065982,Route6
560.729,-24.1587246,133.5065733,Route6
560.751,-24.1588704,133.5064631,Route6
559.42,-24.1593345,133.5061223,Route6
560.007,-24.1599029,133.5057078,Route6
560.887,-24.1601243,133.5055546,Route6
561.0,-24.1609413,133.5049967,Route6
561.073,-24.1611315,133.5048717,Route6
560.751,-24.1619677,133.5043436,Route6
561.944,-24.1622902,133.5041462,Route6
563.234,-24.1630489,133.5036895,Route6
562.7,-24.163502,133.5034306,Route6
561.909,-24.1641318,133.5030935,Route6
561.809,-24.164296,133.5030059,Route6
562.0,-24.1644479,133.5029237,Route6
562.0,-24.164633,133.5028321,Route6
562.0,-24.1646669,133.5028138,Route6
562.163,-24.1648179,133.5027324,Route6
562.183,-24.1648283,133.5027269,Route6
563.81,-24.1652277,133.502515,Route6
563.275,-24.1656775,133.5022986,Route6
566.911,-24.1666605,133.5017814,Route6
566.527,-24.167759,133.5012195,Route6
566.963,-24.1678364,133.5011799,Route6
567.428,-24.1679212,133.5011356,Route6
568.202,-24.1680836,133.5010509,Route6
569.371,-24.168246,133.5009661,Route6
569.611,-24.1690585,133.5005422,Route6
569.874,-24.1692209,133.5004575,Route6
569.733,-24.1693828,133.500373,Route6
568.408,-24.1696941,133.5002142,Route6
567.706,-24.1698734,133.5001254,Route6
567.681,-24.1698786,133.5001228,Route6
568.891,-24.1704604,133.4998107,Route6
565.21,-24.1716136,133.499225,Route6
568.426,-24.1736761,133.4981501,Route6
567.626,-24.174046,133.4979616,Route6
568.485,-24.1752382,133.497343,Route6
567.923,-24.1754009,133.4972589,Route6
565.825,-24.1758017,133.4970564,Route6
565.142,-24.1776786,133.496082,Route6
562.698,-24.1786548,133.4955776,Route6
558.107,-24.1791931,133.4953076,Route6
558.888,-24.1796285,133.4950853,Route6
560.789,-24.1799563,133.494905,Route6
561.428,-24.180119,133.4948209,Route6
559.112,-24.1814144,133.4941604,Route6
559.161,-24.1814238,133.4941555,Route6
565.0,-24.1835355,133.4930552,Route6
564.455,-24.1838608,133.4928871,Route6
563.166,-24.1840235,133.492803,Route6
560.274,-24.1850762,133.4922675,Route6
564.567,-24.1866421,133.49144,Route6
558.568,-24.1873394,133.4910927,Route6
561.193,-24.1880908,133.490701,Route6
559.133,-24.1902407,133.489594,Route6
559.117,-24.1902452,133.4895917,Route6
558.893,-24.1904034,133.4895102,Route6
558.893,-24.1904079,133.4895079,Route6
561.098,-24.191116,133.489135,Route6
561.081,-24.1913129,133.4890368,Route6
561.638,-24.1928485,133.4882485,Route6
562.606,-24.1929716,133.4881848,Route6
562.923,-24.1930072,133.4881665,Route6
562.958,-24.1930111,133.4881645,Route6
563.395,-24.1931698,133.4880824,Route6
563.395,-24.1931738,133.4880804,Route6
561.161,-24.196411,133.4864089,Route6
565.834,-24.1969833,133.4861028,Route6
560.723,-24.1991937,133.4849737,Route6
559.461,-24.1994529,133.484843,Route6
560.698,-24.2001208,133.4844912,Route6
564.042,-24.2009664,133.4840453,Route6
564.166,-24.2011356,133.4839594,Route6
564.144,-24.2011395,133.4839574,Route6
562.231,-24.2014907,133.4837771,Route6
560.963,-24.2023807,133.483323,Route6
560.779,-24.2024775,133.4832719,Route6
559.004,-24.2029005,133.4830568,Route6
557.552,-24.2035595,133.4827163,Route6
557.446,-24.2036777,133.4826539,Route6
558.836,-24.2044635,133.4822136,Route6
558.533,-24.2050394,133.4818812,Route6
558.382,-24.2053378,133.4817054,Route6
555.766,-24.2056205,133.4815416,Route6
555.419,-24.2057169,133.4814843,Route6
555.087,-24.2058091,133.4814303,Route6
552.578,-24.2065889,133.4809448,Route6
552.0,-24.2068352,133.480776,Route6
552.0,-24.2070321,133.480641,Route6
552.16,-24.2072242,133.4805105,Route6
550.661,-24.2075902,133.4802737,Route6
549.637,-24.2078203,133.4801085,Route6
550.361,-24.2084881,133.479622,Route6
551.311,-24.2090094,133.4792375,Route6
552.12,-24.2093036,133.4790122,Route6
551.473,-24.2094987,133.4788684,Route6
549.109,-24.209714,133.478696,Route6
547.819,-24.2106475,133.4779297,Route6
545.062,-24.211658,133.4770988,Route6
543.107,-24.2120018,133.4768105,Route6
543.753,-24.212879,133.4760786,Route6
540.574,-24.2151534,133.4741985,Route6
539.675,-24.2152913,133.4740845,Route6
539.644,-24.215297,133.4740798,Route6
537.102,-24.215584,133.473842,Route6
538.784,-24.2168033,133.4728315,Route6
538.6,-24.2173056,133.4724146,Route6
537.992,-24.218331,133.4715635,Route6
539.501,-24.2190276,133.4709877,Route6
538.983,-24.2191713,133.470869,Route6
538.626,-24.2193149,133.4707503,Route6
538.639,-24.2194585,133.4706316,Route6
537.778,-24.2196021,133.4705129,Route6
534.796,-24.2198894,133.4702755,Route6
534.103,-24.220033,133.4701568,Route6
536.705,-24.2203203,133.4699194,Route6
536.852,-24.2203324,133.4699094,Route6
535.773,-24.2214333,133.4690063,Route6
537.52,-24.2228159,133.4678553,Route6
536.573,-24.2231923,133.4675442,Route6
537.0,-24.2233359,133.4674255,Route6
536.758,-24.2237668,133.4670693,Route6
537.0,-24.2239104,133.4669505,Route6
535.785,-24.2243584,133.4665802,Route6
538.907,-24.225058,133.4659986,Route6
542.0,-24.2253446,133.4657603,Route6
542.0,-24.225488,133.4656411,Route6
538.784,-24.2257964,133.4653847,Route6
534.343,-24.2264301,133.4648396,Route6
531.821,-24.2270295,133.464282,Route6
531.647,-24.2270765,133.4642383,Route6
531.165,-24.2271645,133.4641517,Route6
530.391,-24.2275758,133.463747,Route6
532.59,-24.2280046,133.4633048,Route6
533.896,-24.2285529,133.4627036,Route6
531.994,-24.2289817,133.462224,Route6
531.218,-24.2295747,133.4615181,Route6
530.573,-24.230076,133.4608941,Route6
530.211,-24.2305349,133.4602572,Route6
533.275,-24.2309582,133.4596686,Route6
533.175,-24.2312003,133.4593046,Route6
530.868,-24.231434,133.4589425,Route6
529.263,-24.2316817,133.458553,Route6
530.216,-24.2317846,133.4583912,Route6
530.778,-24.2318827,133.4582369,Route6
530.225,-24.2323298,133.457483,Route6
527.163,-24.2329597,133.4564394,Route6
529.962,-24.2333727,133.4557595,Route6
527.528,-24.2340174,133.4546882,Route6
532.123,-24.2345946,133.4537308,Route6
529.107,-24.2348846,133.4532497,Route6
530.26,-24.2355496,133.4521382,Route6
527.315,-24.2361789,133.4510979,Route6
526.579,-24.2367396,133.4501677,Route6
526.446,-24.2367767,133.4501109,Route6
526.088,-24.2369201,133.4498913,Route6
525.693,-24.2369871,133.4497909,Route6
525.085,-24.2373276,133.449281,Route6
525.994,-24.2377654,133.4486496,Route6
528.047,-24.2382736,133.4479827,Route6
525.593,-24.2388087,133.4473128,Route6
526.949,-24.2390431,133.4470528,Route6
527.873,-24.2391696,133.4469125,Route6
526.821,-24.239279,133.4467912,Route6
523.787,-24.2396546,133.4463821,Route6
526.687,-24.2402039,133.4458157,Route6
526.609,-24.2403025,133.445714,Route6
526.57,-24.2403362,133.4456821,Route6
526.621,-24.2406607,133.4453752,Route6
525.816,-24.2408844,133.4451713,Route6
525.318,-24.2410228,133.4450452,Route6
525.318,-24.2411691,133.4449118,Route6
526.471,-24.241588,133.4445572,Route6
526.395,-24.2417304,133.4444367,Route6
526.391,-24.2417333,133.4444342,Route6
526.641,-24.2423704,133.4439308,Route6
523.294,-24.2429302,133.443512,Route6
522.049,-24.2435974,133.4430509,Route6
523.824,-24.2442602,133.4426322,Route6
519.99,-24.2450303,133.4421946,Route6
519.571,-24.2453177,133.442037,Route6
519.419,-24.2454167,133.4419896,Route6
521.603,-24.2458368,133.4417805,Route6
523.0,-24.2465059,133.4414624,Route6
522.033,-24.2469354,133.4412731,Route6
521.302,-24.2471836,133.4411637,Route6
518.374,-24.2477044,133.4409493,Route6
516.403,-24.2483933,133.4406983,Route6
516.0,-24.2489315,133.440529,Route6
515.261,-24.2494911,133.440365,Route6
515.024,-24.2496748,133.4403162,Route6
514.541,-24.2498496,133.4402697,Route6
513.824,-24.2500244,133.4402232,Route6
512.566,-24.2501992,133.4401768,Route6
512.438,-24.250217,133.4401721,Route6
515.107,-24.2508475,133.4400251,Route6
518.381,-24.2514571,133.439914,Route6
517.59,-24.2520113,133.4398264,Route6
517.449,-24.2521479,133.4398073,Route6
516.946,-24.2525864,133.439746,Route6
516.999,-24.253333,133.4396669,Route6
517.039,-24.253991,133.4396231,Route6
514.218,-24.2546574,133.4395992,Route6
514.481,-24.2548372,133.4395927,Route6
515.008,-24.2550661,133.4395845,Route6
514.976,-24.2551967,133.43958,Route6
516.344,-24.2563688,133.4395401,Route6
514.0,-24.2569945,133.4395197,Route6
514.167,-24.2572685,133.4395107,Route6
516.397,-24.2579067,133.4394845,Route6
516.401,-24.258477,133.4394231,Route6
518.374,-24.2591414,133.4393362,Route6
516.932,-24.2595144,133.4392682,Route6
516.044,-24.259925,133.4391728,Route6
516.386,-24.2602301,133.4390995,Route6
516.702,-24.2607176,133.4389682,Route6
518.0,-24.2611156,133.4388459,Route6
518.114,-24.2614773,133.4387106,Route6
518.0,-24.2617705,133.4385969,Route6
516.993,-24.2623777,133.4383315,Route6
516.918,-24.2624224,133.4383105,Route6
515.448,-24.2627532,133.4381553,Route6
515.012,-24.2628121,133.4381276,Route6
516.697,-24.2634006,133.4378112,Route6
516.948,-24.2634503,133.4377845,Route6
517.172,-24.2635596,133.4377191,Route6
517.34,-24.2637174,133.4376246,Route6
516.736,-24.2639622,133.4374779,Route6
516.047,-24.264189,133.4373369,Route6
518.817,-24.2645962,133.4370838,Route6
520.928,-24.2649688,133.4368455,Route6
522.125,-24.2655904,133.4364481,Route6
522.835,-24.2660579,133.4361491,Route6
521.326,-24.2669907,133.4355574,Route6
522.645,-24.2671464,133.4354586,Route6
523.372,-24.2673021,133.4353598,Route6
523.457,-24.2673241,133.4353458,Route6
525.195,-24.2679248,133.4349645,Route6
525.967,-24.2680805,133.4348657,Route6
526.679,-24.2682362,133.4347668,Route6
524.881,-24.2687101,133.434466,Route6
522.72,-24.269014,133.4342718,Route6
522.031,-24.2691695,133.4341725,Route6
522.186,-24.2693249,133.4340732,Route6
514.2,-24.270222,133.4335,Route6
512.853,-24.2705149,133.4333143,Route6
509.097,-24.2712365,133.4328588,Route6
507.005,-24.2716658,133.4326021,Route6
506.984,-24.2718237,133.4325077,Route6
506.919,-24.2718848,133.4324712,Route6
506.066,-24.27217,133.43232,Route6
506.733,-24.2724057,133.4321919,Route6
507.95,-24.2730951,133.4318468,Route6
507.215,-24.2736057,133.4316069,Route6
505.036,-24.2740728,133.4314076,Route6
502.975,-24.2743374,133.4312965,Route6
502.936,-24.2748011,133.4311214,Route6
502.979,-24.2748587,133.4310997,Route6
502.982,-24.2749721,133.4310603,Route6
500.384,-24.2756387,133.4308285,Route6
498.617,-24.276171,133.430667,Route6
500.247,-24.276703,133.4305269,Route6
501.905,-24.277074,133.4304298,Route6
501.316,-24.2776758,133.4302971,Route6
501.205,-24.2777157,133.4302895,Route6
501.125,-24.2778929,133.4302559,Route6
501.2,-24.2780702,133.4302222,Route6
501.225,-24.278106,133.4302154,Route6
503.614,-24.2786309,133.4301271,Route6
505.841,-24.279446,133.4300213,Route6
505.044,-24.2798886,133.4299794,Route6
505.249,-24.2800344,133.4299691,Route6
506.048,-24.2802139,133.4299564,Route6
506.054,-24.2802152,133.4299563,Route6
506.803,-24.2803935,133.4299464,Route6
507.316,-24.2805977,133.429935,Route6
506.235,-24.281314,133.4299143,Route6
508.434,-24.2818833,133.4299117,Route6
508.251,-24.2823581,133.4299293,Route6
508.805,-24.2829638,133.4299625,Route6
509.232,-24.2835157,133.4300103,Route6
509.37,-24.2838505,133.4300455,Route6
510.669,-24.2846303,133.4301614,Route6
513.465,-24.2851388,133.4302584,Route6
513.53,-24.2856862,133.430367,Route6
511.896,-24.2861763,133.430478,Route6
511.804,-24.286462,133.4305532,Route6
511.896,-24.286472,133.430556,Route6
514.386,-24.2869924,133.4307036,Route6
513.406,-24.287382,133.4308241,Route6
512.935,-24.2875927,133.4308893,Route6
513.36,-24.287889,133.431,Route6
513.69,-24.2880055,133.4310382,Route6
514.381,-24.2881778,133.4310946,Route6
514.588,-24.2882211,133.4311088,Route6
513.376,-24.2887844,133.4313314,Route6
514.472,-24.2893502,133.4315675,Route6
514.474,-24.2893593,133.4315717,Route6
513.865,-24.2895252,133.4316478,Route6
511.525,-24.289858,133.4318006,Route6
511.115,-24.2903352,133.4320337,Route6
509.002,-24.290833,133.4323049,Route6
511.226,-24.2915142,133.4327082,Route6
510.941,-24.292139,133.433083,Route6
508.206,-24.293598,133.4340928,Route6
508.335,-24.2936995,133.4341631,Route6
510.036,-24.2942,133.4345249,Route6
510.852,-24.2943502,133.4346335,Route6
511.096,-24.294478,133.4347259,Route6
511.086,-24.2944862,133.4347319,Route6
511.072,-24.2945003,133.4347422,Route6
509.17,-24.2956975,133.4356182,Route6
510.178,-24.2961419,133.4359434,Route6
511.5,-24.2967187,133.4363542,Route6
513.082,-24.2968995,133.4364859,Route6
514.031,-24.2970352,133.4365846,Route6
514.12,-24.2970494,133.436595,Route6
519.707,-24.2991476,133.4381226,Route6
518.814,-24.2992833,133.4382214,Route6
518.723,-24.2992975,133.4382317,Route6
518.041,-24.2994332,133.4383304,Route6
517.974,-24.2994474,133.4383407,Route6
517.944,-24.2995592,133.4384222,Route6
518.04,-24.2995966,133.4384509,Route6
514.741,-24.3006801,133.4392837,Route6
515.492,-24.3010514,133.4395811,Route6
515.287,-24.3014634,133.4399202,Route6
514.756,-24.301638,133.4400678,Route6
515.0,-24.3021436,133.4404952,Route6
513.826,-24.302606,133.4409039,Route6
511.365,-24.3030412,133.441297,Route6
511.353,-24.3030435,133.4412991,Route6
511.826,-24.3031678,133.4414145,Route6
511.915,-24.3031808,133.4414266,Route6
513.458,-24.3038672,133.4420641,Route6
513.562,-24.3041418,133.4423191,Route6
513.27,-24.3042791,133.4424466,Route6
513.423,-24.3048282,133.4429566,Route6
514.059,-24.3049525,133.443072,Route6
514.103,-24.3049655,133.4430841,Route6
514.181,-24.304989,133.4431059,Route6
515.123,-24.3063046,133.4443261,Route6
516.684,-24.3074249,133.4453656,Route6
516.641,-24.3074379,133.4453776,Route6
520.205,-24.3087658,133.4466096,Route6
520.11,-24.3094831,133.4472796,Route6
520.055,-24.3097067,133.4474839,Route6
523.685,-24.3108746,133.4485589,Route6
522.427,-24.3112681,133.4489157,Route6
523.332,-24.3117113,133.4493161,Route6
524.32,-24.3118905,133.449478,Route6
524.654,-24.3119898,133.4495661,Route6
524.192,-24.3121296,133.4496903,Route6
521.687,-24.3129686,133.4504351,Route6
523.799,-24.3135279,133.4509317,Route6
523.195,-24.3136677,133.4510558,Route6
521.91,-24.3137964,133.4511699,Route6
519.758,-24.3140873,133.4514281,Route6
519.042,-24.3142272,133.4515522,Route6
521.52,-24.3147866,133.4520487,Route6
521.953,-24.3149264,133.4521728,Route6
523.252,-24.3157655,133.4529176,Route6
523.555,-24.3159053,133.4530417,Route6
523.788,-24.3159935,133.4531199,Route6
523.532,-24.3161846,133.4532905,Route6
523.315,-24.3163241,133.4534151,Route6
522.107,-24.3164636,133.4535396,Route6
521.229,-24.3166031,133.4536641,Route6
512.746,-24.3182777,133.4551585,Route6
511.882,-24.3183737,133.455243,Route6
514.0,-24.3186764,133.4555116,Route6
508.249,-24.3201403,133.4568119,Route6
507.72,-24.3205466,133.4571751,Route6
509.233,-24.320772,133.4573764,Route6
508.178,-24.3210509,133.4576255,Route6
506.19,-24.3213515,133.457893,Route6
506.817,-24.3214701,133.4579985,Route6
508.053,-24.32161,133.4581225,Route6
508.118,-24.3216312,133.4581413,Route6
507.417,-24.322174,133.4586227,Route6
506.917,-24.3223095,133.458743,Route6
506.671,-24.3223306,133.4587617,Route6
504.263,-24.3224704,133.4588859,Route6
506.873,-24.3228898,133.4592586,Route6
505.618,-24.3231488,133.4594887,Route6
508.521,-24.3237195,133.4599693,Route6
508.816,-24.3238723,133.4601011,Route6
508.335,-24.3239967,133.46022,Route6
498.313,-24.3252352,133.4613649,Route6
499.155,-24.3253753,133.4614858,Route6
500.016,-24.3255594,133.4616431,Route6
502.32,-24.3259261,133.4619562,Route6
502.004,-24.3262416,133.4622423,Route6
501.64,-24.3263594,133.4623492,Route6
501.485,-24.3263825,133.4623721,Route6
500.71,-24.3264891,133.4624855,Route6
500.568,-24.3265088,133.4625062,Route6
500.101,-24.3266386,133.4626428,Route6
499.704,-24.3267489,133.4627589,Route6
499.851,-24.3274687,133.4635007,Route6
498.807,-24.3283214,133.4643815,Route6
498.622,-24.3284501,133.4645189,Route6
498.516,-24.3284696,133.4645399,Route6
496.807,-24.3286731,133.4647593,Route6
496.742,-24.3287083,133.4647949,Route6
496.765,-24.3289728,133.4650621,Route6
496.774,-24.3291042,133.4651968,Route6
498.081,-24.3296175,133.4657061,Route6
496.996,-24.3298813,133.4659728,Route6
495.223,-24.3301844,133.4662408,Route6
494.632,-24.3302626,133.4663065,Route6
494.03,-24.3303287,133.4663592,Route6
493.843,-24.3303501,133.4663746,Route6
492.988,-24.3304798,133.466468,Route6
492.86,-24.3305006,133.4664827,Route6
492.735,-24.3305209,133.4664972,Route6
493.436,-24.3306586,133.4665768,Route6
494.652,-24.3307981,133.4666575,Route6
494.827,-24.3308198,133.4666706,Route6
495.273,-24.3309616,133.4667401,Route6
495.464,-24.3311275,133.4668173,Route6
495.534,-24.3312,133.4668518,Route6
496.303,-24.3315595,133.466998,Route6
496.354,-24.3316338,133.4670223,Route6
496.855,-24.3318078,133.467073,Route6
497.263,-24.3319508,133.4671104,Route6
498.204,-24.33231,133.467183,Route6
496.963,-24.3325144,133.4672159,Route6
495.538,-24.3326923,133.4672438,Route6
495.385,-24.332712,133.4672467,Route6
493.991,-24.3330139,133.4672663,Route6
493.856,-24.3330515,133.4672662,Route6
493.664,-24.3332312,133.4672634,Route6
493.648,-24.333253,133.4672626,Route6
493.634,-24.3333746,133.4672579,Route6
493.565,-24.3336603,133.4672359,Route6
491.58,-24.3339482,133.4671916,Route6
489.817,-24.3341301,133.4671636,Route6
489.636,-24.3343781,133.4670995,Route6
489.447,-24.3344762,133.4670687,Route6
489.239,-24.3346487,133.4670107,Route6
489.19,-24.3346885,133.4669973,Route6
488.28,-24.3350051,133.4668666,Route6
487.612,-24.3359532,133.4663448,Route6
488.017,-24.3361194,133.4662684,Route6
488.076,-24.3361536,133.4662492,Route6
488.652,-24.3365904,133.4660364,Route6
489.0,-24.336886,133.4658928,Route6
488.448,-24.3371141,133.4657913,Route6
486.65,-24.3374097,133.4655788,Route6
486.352,-24.3374492,133.4655508,Route6
486.606,-24.3377173,133.4653304,Route6
487.883,-24.3380097,133.4650525,Route6
486.527,-24.3382483,133.4647954,Route6
486.107,-24.3384513,133.4645485,Route6
486.226,-24.3384724,133.4645206,Route6
487.345,-24.33863,133.4643108,Route6
487.042,-24.3388009,133.4640533,Route6
486.966,-24.3388779,133.4639203,Route6
485.628,-24.339031,133.4636554,Route6
484.56,-24.3391071,133.4635038,Route6
484.009,-24.3391693,133.4633787,Route6
484.073,-24.3393332,133.4630047,Route6
485.933,-24.3397003,133.461988,Route6
482.396,-24.3399194,133.4613662,Route6
482.043,-24.3404502,133.4598493,Route6
482.274,-24.3406156,133.4593764,Route6
483.953,-24.3407578,133.4589776,Route6
481.119,-24.3410243,133.4582272,Route6
482.951,-24.341296,133.457459,Route6
482.928,-24.3419245,133.4556814,Route6
482.906,-24.3427109,133.453442,Route6
482.332,-24.3429535,133.4527512,Route6
481.222,-24.3434498,133.4513489,Route6
481.204,-24.3434584,133.4513247,Route6
481.186,-24.343503,133.4512033,Route6
480.574,-24.343779,133.4504469,Route6
481.252,-24.3440283,133.4498628,Route6
480.373,-24.3442002,133.4495146,Route6
482.609,-24.3444689,133.4489811,Route6
482.711,-24.3445188,133.4488969,Route6
477.149,-24.3458104,133.4465543,Route6
477.3,-24.3459479,133.4463056,Route6
477.352,-24.346569,133.4451821,Route6
473.671,-24.3471289,133.4441695,Route6
476.011,-24.3479008,133.4427734,Route6
475.032,-24.3480603,133.4424805,Route6
475.223,-24.3481525,133.4423111,Route6
475.102,-24.3481842,133.4422529,Route6
474.705,-24.3482765,133.4420834,Route6
473.548,-24.3485566,133.441569,Route6
472.943,-24.3489879,133.4407892,Route6
471.99,-24.349171,133.4404582,Route6
472.887,-24.3495935,133.4396985,Route6
472.131,-24.3496948,133.4395354,Route6
471.323,-24.3500432,133.4389746,Route6
471.684,-24.3501149,133.4388784,Route6
473.02,-24.3503158,133.4385673,Route6
470.503,-24.350693,133.4380053,Route6
473.067,-24.3509715,133.4376181,Route6
472.258,-24.3515542,133.4368438,Route6
471.988,-24.3521233,133.4361162,Route6
474.0,-24.3523538,133.4358059,Route6
474.0,-24.3523737,133.4357792,Route6
474.0,-24.3524702,133.4356554,Route6
471.189,-24.3528308,133.4351928,Route6
473.466,-24.3534922,133.4343247,Route6
473.526,-24.3539728,133.4337055,Route6
474.49,-24.3543084,133.4333124,Route6
474.0,-24.3546992,133.4328848,Route6
474.702,-24.3552101,133.4323711,Route6
475.763,-24.3554757,133.4321299,Route6
475.117,-24.3555907,133.4320264,Route6
473.493,-24.3558104,133.4318451,Route6
473.477,-24.3559382,133.4317317,Route6
474.226,-24.3562351,133.4314992,Route6
474.968,-24.3563799,133.4313857,Route6
474.71,-24.3566778,133.4311719,Route6
473.931,-24.3568285,133.4310652,Route6
473.371,-24.3570165,133.4309361,Route6
471.571,-24.3576637,133.4305467,Route6
471.693,-24.3577487,133.4304927,Route6
471.725,-24.3578054,133.4304603,Route6
472.434,-24.3583059,133.4301746,Route6
473.0,-24.3587267,133.4299422,Route6
472.881,-24.3590053,133.4298014,Route6
474.773,-24.3596711,133.4294298,Route6
474.99,-24.3599958,133.4292538,Route6
475.041,-24.3600629,133.4292174,Route6
474.821,-24.3602113,133.4291266,Route6
472.067,-24.3613345,133.4285158,Route6
474.281,-24.3625181,133.4278613,Route6
473.268,-24.3631099,133.4275249,Route6
474.0,-24.3634349,133.4273311,Route6
473.937,-24.3648769,133.4263573,Route6
477.336,-24.3658081,133.4257148,Route6
477.539,-24.3658799,133.4256653,Route6
477.715,-24.3659604,133.4256098,Route6
477.971,-24.3660322,133.4255602,Route6
475.932,-24.36746,133.4245748,Route6
478.527,-24.3690626,133.4234646,Route6
477.741,-24.3702461,133.4226492,Route6
479.073,-24.3708205,133.4222553,Route6
477.107,-24.3711338,133.4220128,Route6
478.128,-24.3716254,133.4215994,Route6
480.017,-24.3718019,133.4214267,Route6
481.462,-24.3721023,133.4211258,Route6
480.236,-24.3723357,133.4208691,Route6
480.148,-24.3727205,133.4204317,Route6
481.714,-24.3738939,133.4190909,Route6
486.0,-24.3754651,133.4172973,Route6
482.735,-24.37644,133.4161847,Route6
483.765,-24.3773385,133.4151656,Route6
487.003,-24.378055,133.4143525,Route6
485.252,-24.3797251,133.4124328,Route6
487.911,-24.3802618,133.4118224,Route6
488.371,-24.3803283,133.4117467,Route6
488.883,-24.3803867,133.4116803,Route6
489.446,-24.3804532,133.4116047,Route6
489.924,-24.3805117,133.4115383,Route6
487.776,-24.3808281,133.4111786,Route6
488.063,-24.3823927,133.4093989,Route6
486.52,-24.3842979,133.4072264,Route6
487.464,-24.3846317,133.4068473,Route6
487.737,-24.3847568,133.4067052,Route6
488.905,-24.3851986,133.4062034,Route6
488.94,-24.3852147,133.4061851,Route6
488.881,-24.3858005,133.4055181,Route6
488.973,-24.3859473,133.4053498,Route6
490.0,-24.3864419,133.4047826,Route6
489.0,-24.3869184,133.4042546,Route6
488.867,-24.3873511,133.4038201,Route6
488.855,-24.3873653,133.4038059,Route6
488.967,-24.387487,133.4036908,Route6
488.819,-24.3875503,133.403631,Route6
488.635,-24.3876233,133.403562,Route6
488.688,-24.3878609,133.4033369,Route6
488.611,-24.3880373,133.403182,Route6
488.227,-24.3882702,133.4029776,Route6
488.693,-24.3887589,133.402584,Route6
486.571,-24.3898413,133.4017211,Route6
484.653,-24.3917409,133.4002067,Route6
482.018,-24.3938808,133.3985009,Route6
480.842,-24.3941347,133.3982975,Route6
479.403,-24.3952987,133.397367,Route6
480.132,-24.3956475,133.3970918,Route6
479.0,-24.3977327,133.3954156,Route6
479.396,-24.3981157,133.39511,Route6
478.962,-24.3982612,133.3949939,Route6
477.284,-24.3985522,133.3947617,Route6
477.0,-24.3989887,133.3944134,Route6
477.734,-24.3996573,133.3938798,Route6
478.928,-24.4002977,133.3933676,Route6
475.597,-24.4008551,133.3929219,Route6
478.009,-24.4017037,133.3922526,Route6
476.886,-24.4063572,133.3885332,Route6
477.0,-24.4065026,133.3884169,Route6
476.89,-24.406648,133.3883007,Route6
475.753,-24.4067997,133.3881794,Route6
473.93,-24.4089269,133.3863674,Route6
472.46,-24.4093518,133.3860057,Route6
472.145,-24.409494,133.3858847,Route6
475.011,-24.4116264,133.3840696,Route6
474.797,-24.4117686,133.3839486,Route6
472.278,-24.414305,133.3817894,Route6
466.076,-24.42128,133.3758545,Route6
466.032,-24.4212956,133.3758422,Route6
464.414,-24.4215647,133.375613,Route6
464.033,-24.4217068,133.375492,Route6
465.942,-24.4225596,133.3747656,Route6
463.797,-24.4272499,133.3707706,Route6
464.177,-24.4278184,133.3702863,Route6
464.125,-24.4279605,133.3701652,Route6
463.148,-24.4281027,133.3700441,Route6
465.183,-24.4293818,133.3689545,Route6
465.091,-24.431798,133.3668963,Route6
465.01,-24.4319401,133.3667752,Route6
464.978,-24.4320822,133.3666541,Route6
464.04,-24.4323664,133.366412,Route6
468.441,-24.4334558,133.3654839,Route6
467.029,-24.4341444,133.364898,Route6
468.904,-24.4345611,133.3645433,Route6
471.263,-24.4348845,133.3642686,Route6
470.613,-24.435256,133.3639561,Route6
470.0,-24.4355714,133.3636722,Route6
470.0,-24.4356283,133.3636178,Route6
470.0,-24.4357597,133.3634922,Route6
470.0,-24.4357639,133.3634879,Route6
470.221,-24.4358946,133.3633522,Route6
470.388,-24.4359717,133.3632721,Route6
470.403,-24.4360258,133.3632171,Route6
470.266,-24.4361578,133.3630828,Route6
470.505,-24.4362897,133.3629486,Route6
470.781,-24.4363511,133.3628861,Route6
472.044,-24.436602,133.3626003,Route6
470.781,-24.4367757,133.3624008,Route6
469.494,-24.4371735,133.3619012,Route6
470.138,-24.4375206,133.3614302,Route6
470.0,-24.4376544,133.3612475,Route6
470.0,-24.437743,133.3611168,Route6
467.445,-24.4380172,133.3606791,Route6
467.578,-24.4381192,133.3605163,Route6
468.494,-24.4382211,133.3603536,Route6
469.551,-24.4383231,133.3601908,Route6
468.137,-24.4389348,133.3592142,Route6
468.532,-24.4390367,133.3590515,Route6
472.228,-24.4401231,133.357317,Route6
473.0,-24.4403605,133.3569344,Route6
473.0,-24.4404618,133.3567711,Route6
472.343,-24.4405631,133.3566078,Route6
469.707,-24.4407657,133.3562813,Route6
468.524,-24.4411708,133.3556283,Route6
467.485,-24.4412721,133.355465,Route6
463.64,-24.4421319,133.3540792,Route6
463.893,-24.4426255,133.3532792,Route6
463.613,-24.4429943,133.3526897,Route6
462.79,-24.4430962,133.3525269,Route6
462.681,-24.4431051,133.3525127,Route6
461.245,-24.4431991,133.3523648,Route6
458.263,-24.4435079,133.3518788,Route6
457.989,-24.4435593,133.3517979,Route6
458.403,-24.4437137,133.3515547,Route6
458.986,-24.4438166,133.3513927,Route6
460.077,-24.4439195,133.3512306,Route6
460.381,-24.4439581,133.3511698,Route6
460.18,-24.4443944,133.3504599,Route6
458.152,-24.4448441,133.3497409,Route6
455.543,-24.4453066,133.348987,Route6
456.779,-24.4456481,133.3484253,Route6
457.0,-24.4458574,133.348055,Route6
456.816,-24.4461621,133.3474548,Route6
455.236,-24.4463332,133.3470733,Route6
453.652,-24.4464856,133.3467116,Route6
454.347,-24.4465612,133.3465323,Route6
454.445,-24.4465685,133.346515,Route6
455.373,-24.4466335,133.3463514,Route6
456.64,-24.4467969,133.34594,Route6
455.938,-24.4469228,133.3455382,Route6
453.586,-24.4471408,133.3448096,Route6
453.076,-24.4476761,133.3428733,Route6
452.641,-24.4476971,133.3427944,Route6
452.001,-24.4477724,133.3425043,Route6
451.217,-24.4478296,133.3422962,Route6
450.499,-24.447889,133.342083,Route6
452.041,-24.44815,133.341128,Route6
452.0,-24.4482972,133.3406469,Route6
451.516,-24.4484767,133.3401196,Route6
451.911,-24.448754,133.3393934,Route6
451.795,-24.4491098,133.3386266,Route6
453.339,-24.449288,133.3382849,Route6
453.589,-24.4494015,133.338045,Route6
448.954,-24.4497082,133.3374873,Route6
448.0,-24.4499541,133.3370759,Route6
447.285,-24.4503569,133.3364725,Route6
449.07,-24.4506814,133.3360279,Route6
449.898,-24.4508076,133.3358606,Route6
450.213,-24.4513392,133.3352248,Route6
449.498,-24.4515554,133.3349865,Route6
449.182,-24.4519917,133.3345055,Route6
447.437,-24.4534717,133.3329002,Route6
447.859,-24.4535997,133.3327614,Route6
448.343,-24.4543966,133.3318969,Route6
444.588,-24.4554411,133.3307513,Route6
444.825,-24.4561334,133.3299715,Route6
444.014,-24.456338,133.3297431,Route6
444.629,-24.4566172,133.3294422,Route6
442.107,-24.457073,133.3289783,Route6
442.005,-24.4571001,133.3289507,Route6
442.713,-24.4574562,133.328561,Route6
443.206,-24.4575837,133.3284216,Route6
442.189,-24.458226,133.3277188,Route6
442.832,-24.4592392,133.326617,Route6
441.805,-24.4600542,133.3257308,Route6
440.139,-24.4604059,133.3253494,Route6
440.87,-24.4607973,133.3249001,Route6
442.824,-24.461341,133.3242066,Route6
442.055,-24.461634,133.3237957,Route6
443.122,-24.4619871,133.3232567,Route6
440.841,-24.4622682,133.3227787,Route6
438.132,-24.4625471,133.3222664,Route6
438.136,-24.4625982,133.3221638,Route6
436.69,-24.4629562,133.3214451,Route6
438.467,-24.4634631,133.3204312,Route6
438.983,-24.4638094,133.3197384,Route6
437.07,-24.4645021,133.3183527,Route6
437.402,-24.4646661,133.3180246,Route6
439.192,-24.4648465,133.3176588,Route6
439.875,-24.4653818,133.3165737,Route6
438.0,-24.4656181,133.3160954,Route6
436.0,-24.4660423,133.3152368,Route6
437.791,-24.4665205,133.3142894,Route6
437.775,-24.467026,133.3132707,Route6
436.0,-24.4673444,133.312628,Route6
435.853,-24.4675407,133.3122317,Route6
435.784,-24.4676025,133.3121074,Route6
436.038,-24.4676887,133.311934,Route6
436.39,-24.4679472,133.3114136,Route6
434.873,-24.468391,133.3105204,Route6
438.0,-24.4688808,133.3095496,Route6
435.0,-24.469946,133.307392,Route6
435.187,-24.470363,133.3065586,Route6
435.73,-24.4708273,133.3056306,Route6
434.992,-24.471139,133.3049978,Route6
435.327,-24.4716415,133.3039778,Route6
434.02,-24.4723197,133.3026346,Route6
433.787,-24.472878,133.3015073,Route6
430.956,-24.4739758,133.2992861,Route6
430.922,-24.4739821,133.2992733,Route6
430.818,-24.473998,133.2992412,Route6
430.424,-24.4740622,133.2991128,Route6
432.322,-24.4743286,133.2985805,Route6
432.986,-24.4747263,133.2977854,Route6
432.111,-24.4748415,133.2975539,Route6
432.318,-24.4749278,133.2973805,Route6
432.899,-24.4750204,133.2971943,Route6
431.54,-24.4767386,133.2937384,Route6
432.644,-24.4768189,133.293577,Route6
433.65,-24.476912,133.293393,Route6
434.189,-24.4785188,133.290158,Route6
433.118,-24.4787109,133.2897732,Route6
433.295,-24.4787974,133.2895999,Route6
433.975,-24.4788823,133.2894298,Route6
434.0,-24.4789688,133.2892566,Route6
433.88,-24.4790552,133.2890833,Route6
433.176,-24.4793542,133.2884841,Route6
433.336,-24.4794911,133.288219,Route6
433.724,-24.479545,133.2881089,Route6
434.663,-24.4796556,133.2878898,Route6
434.94,-24.4797187,133.2877644,Route6
435.126,-24.4798167,133.2875917,Route6
435.684,-24.4799395,133.2873823,Route6
436.791,-24.4801487,133.2870404,Route6
437.281,-24.4802341,133.2868995,Route6
434.949,-24.4804904,133.2865013,Route6
435.906,-24.4808838,133.2859534,Route6
437.369,-24.4811971,133.2855507,Route6
436.116,-24.4814465,133.2852511,Route6
440.267,-24.4818461,133.2848,Route6
441.693,-24.4821783,133.28446,Route6
442.922,-24.4824804,133.2841647,Route6
442.931,-24.4825681,133.2840795,Route6
442.971,-24.4827038,133.2839548,Route6
443.044,-24.4829125,133.2837665,Route6
443.071,-24.4829576,133.2837289,Route6
443.073,-24.4829604,133.2837265,Route6
442.978,-24.4831002,133.2836049,Route6
442.564,-24.4832441,133.2834899,Route6
442.299,-24.4833827,133.2833744,Route6
442.387,-24.4835072,133.2832669,Route6
442.4,-24.4836418,133.2831557,Route6
441.004,-24.4839231,133.2829263,Route6
440.002,-24.4841075,133.2827783,Route6
439.994,-24.4841102,133.2827761,Route6
439.27,-24.4842515,133.2826598,Route6
438.42,-24.484381,133.2825533,Route6
437.75,-24.48454,133.2824238,Route6
437.138,-24.4849328,133.2821034,Route6
431.078,-24.4858422,133.2813673,Route6
431.5,-24.485987,133.2812501,Route6
432.596,-24.4862766,133.2810156,Route6
433.0,-24.4864214,133.2808984,Route6
433.0,-24.4864242,133.2808962,Route6
432.745,-24.4865935,133.2807626,Route6
432.435,-24.4867754,133.2806111,Route6
432.922,-24.4869227,133.280493,Route6
433.193,-24.4870386,133.280397,Route6
433.55,-24.4884486,133.279257,Route6
430.481,-24.488947,133.2788536,Route6
430.061,-24.4896048,133.2783164,Route6
431.646,-24.4898951,133.2780826,Route6
431.771,-24.4899352,133.27805,Route6
432.966,-24.4901673,133.2778616,Route6
432.977,-24.4902668,133.2777801,Route6
433.94,-24.4905206,133.2775783,Route6
433.88,-24.4906613,133.2774731,Route6
433.851,-24.4907865,133.2773773,Route6
433.933,-24.4909214,133.2772812,Route6
433.974,-24.4910085,133.2772169,Route6
433.0,-24.4914256,133.2769371,Route6
433.062,-24.4916956,133.2767795,Route6
433.069,-24.4916985,133.2767778,Route6
433.28,-24.4917702,133.2767359,Route6
433.623,-24.4918559,133.2766905,Route6
433.637,-24.491859,133.2766888,Route6
434.119,-24.4920177,133.276604,Route6
434.464,-24.4921067,133.2765564,Route6
435.613,-24.492346,133.2764427,Route6
436.099,-24.492517,133.2763615,Route6
436.34,-24.4926793,133.2762945,Route6
436.693,-24.4928477,133.2762249,Route6
436.973,-24.493011,133.2761573,Route6
436.977,-24.4930161,133.2761554,Route6
436.98,-24.4930194,133.2761542,Route6
437.004,-24.4931864,133.2760918,Route6
436.848,-24.4932935,133.2760519,Route6
436.649,-24.4933573,133.2760306,Route6
436.15,-24.4935286,133.2759736,Route6
436.148,-24.4935295,133.2759733,Route6
436.0,-24.4939755,133.2758457,Route6
437.722,-24.4945711,133.2757175,Route6
439.424,-24.4949381,133.2756567,Route6
439.515,-24.4949619,133.2756528,Route6
439.999,-24.4951169,133.2756359,Route6
440.796,-24.4954749,133.2755969,Route6
440.832,-24.4954902,133.2755952,Route6
441.0,-24.4956544,133.2755863,Route6
441.0,-24.4956579,133.2755861,Route6
442.643,-24.4962944,133.275551,Route6
442.915,-24.4965971,133.2755319,Route6
443.712,-24.4969143,133.2755058,Route6
443.361,-24.4970908,133.2754895,Route6
442.922,-24.4972438,133.2754709,Route6
442.464,-24.4973711,133.2754519,Route6
442.189,-24.4974475,133.2754379,Route6
441.286,-24.4976983,133.275392,Route6
440.404,-24.4979769,133.2753245,Route6
440.168,-24.4980388,133.2753095,Route6
439.648,-24.4981509,133.2752742,Route6
439.636,-24.4981538,133.2752733,Route6
439.027,-24.4983238,133.2752196,Route6
438.938,-24.4983505,133.2752112,Route6
437.414,-24.4987738,133.2750544,Route6
437.464,-24.4990509,133.2749355,Route6
437.607,-24.499276,133.274827,Route6
436.577,-24.4995141,133.2747005,Route6
435.454,-24.4997446,133.2745607,Route6
434.342,-24.4999639,133.2744217,Route6
434.166,-24.5000023,133.2743979,Route6
434.27,-24.5001156,133.2743158,Route6
434.037,-24.5002658,133.274207,Route6
434.029,-24.5002683,133.2742051,Route6
434.498,-24.5003667,133.2741304,Route6
435.084,-24.5007304,133.273826,Route6
434.584,-24.5010857,133.2734857,Route6
434.427,-24.5014135,133.2731228,Route6
435.413,-24.5015778,133.2729247,Route6
435.809,-24.5017908,133.2726494,Route6
434.315,-24.5019737,133.2723683,Route6
433.502,-24.5020373,133.2722695,Route6
433.141,-24.5020645,133.2722237,Route6
433.044,-24.5021365,133.2721036,Route6
433.042,-24.50214,133.2720973,Route6
432.985,-24.5022305,133.2719339,Route6
432.988,-24.5022337,133.2719286,Route6
432.99,-24.5022501,133.2719019,Route6
433.01,-24.5022865,133.2718339,Route6
432.946,-24.5023255,133.2717634,Route6
432.78,-24.502485,133.2714552,Route6
432.8,-24.5025393,133.2713381,Route6
432.943,-24.502626,133.2711448,Route6
433.326,-24.5027526,133.2708195,Route6
432.338,-24.5029021,133.2703574,Route6
429.078,-24.5030483,133.2698387,Route6
428.713,-24.5030886,133.2697027,Route6
428.794,-24.5031747,133.2693924,Route6
428.694,-24.5032104,133.2692619,Route6
428.689,-24.5032301,133.2691905,Route6
428.665,-24.5032568,133.2690959,Route6
428.74,-24.5032825,133.269003,Route6
428.717,-24.5033351,133.2688132,Route6
428.691,-24.5033364,133.2688083,Route6
427.642,-24.5034009,133.2685793,Route6
426.849,-24.5034456,133.2684036,Route6
426.0,-24.503596,133.2678648,Route6
426.194,-24.503665,133.2676148,Route6
426.071,-24.503771,133.2672567,Route6
425.402,-24.503824,133.267056,Route6
425.029,-24.5038541,133.2669525,Route6
424.445,-24.5039049,133.2667744,Route6
422.394,-24.5040164,133.2663482,Route6
421.382,-24.5040827,133.2661333,Route6
422.025,-24.5042011,133.2657775,Route6
422.737,-24.5043064,133.2654907,Route6
423.752,-24.5043835,133.2652858,Route6
421.985,-24.5045483,133.2648703,Route6
420.306,-24.5046797,133.2645547,Route6
419.574,-24.5048405,133.2641977,Route6
419.531,-24.5048524,133.2641739,Route6
419.686,-24.504939,133.2640006,Route6
420.0,-24.504992,133.2638836,Route6
419.666,-24.5051112,133.263657,Route6
419.638,-24.505116,133.2636478,Route6
419.731,-24.5052009,133.263485,Route6
419.746,-24.5052055,133.2634763,Route6
420.102,-24.5052906,133.263317,Route6
420.967,-24.5054564,133.26303,Route6
420.924,-24.5054953,133.2629581,Route6
420.979,-24.5055634,133.2628454,Route6
420.85,-24.5055994,133.2627909,Route6
421.224,-24.5056797,133.2626577,Route6
421.696,-24.5057974,133.2624706,Route6
423.101,-24.5058945,133.2623189,Route6
423.636,-24.5059664,133.2622178,Route6
424.043,-24.5059981,133.2621681,Route6
424.217,-24.5060147,133.2621414,Route6
424.415,-24.5061178,133.2619927,Route6
425.471,-24.5062159,133.261853,Route6
425.713,-24.5062464,133.2618114,Route6
425.664,-24.506411,133.2615808,Route6
425.724,-24.5064623,133.2615127,Route6
425.629,-24.5065565,133.2613863,Route6
427.167,-24.5067925,133.2610911,Route6
428.295,-24.5069187,133.2609337,Route6
427.612,-24.5071197,133.2606916,Route6
425.526,-24.5072944,133.2604943,Route6
424.935,-24.5074173,133.2603495,Route6
424.328,-24.5074836,133.2602802,Route6
424.004,-24.5076629,133.2600989,Route6
423.972,-24.5076693,133.260092,Route6
423.332,-24.5077547,133.26,Route6
423.11,-24.5078411,133.2599113,Route6
422.988,-24.5078853,133.2598687,Route6
421.61,-24.508164,133.2596024,Route6
421.187,-24.5082813,133.259498,Route6
421.057,-24.5083615,133.2594269,Route6
421.197,-24.5085009,133.2593063,Route6
421.681,-24.5088892,133.2589775,Route6
422.098,-24.5095537,133.2584212,Route6
423.92,-24.5105079,133.2576254,Route6
422.909,-24.5107737,133.2574053,Route6
422.0,-24.5109122,133.2572885,Route6
421.963,-24.5109193,133.2572827,Route6
421.61,-24.5109887,133.2572269,Route6
421.815,-24.5110597,133.2571665,Route6
421.827,-24.511063,133.2571638,Route6
423.0,-24.5114057,133.2568782,Route6
423.0,-24.5114591,133.2568331,Route6
423.923,-24.5118795,133.2564802,Route6
424.383,-24.5120181,133.25637,Route6
425.687,-24.512222,133.2561981,Route6
425.662,-24.5127913,133.255731,Route6
425.261,-24.5130735,133.255501,Route6
426.207,-24.5132171,133.2553819,Route6
426.216,-24.5132185,133.2553806,Route6
426.831,-24.5133065,133.255298,Route6
426.718,-24.5134117,133.2552092,Route6
426.401,-24.5134996,133.2551384,Route6
425.992,-24.5136148,133.255039,Route6
425.639,-24.5138559,133.2548361,Route6
425.951,-24.5139628,133.2547512,Route6
425.754,-24.5142085,133.2545456,Route6
424.335,-24.5143912,133.2544096,Route6
424.089,-24.5144286,133.2543837,Route6
424.997,-24.5147213,133.2541699,Route6
426.359,-24.5149374,133.2540156,Route6
426.564,-24.5150382,133.2539481,Route6
426.748,-24.5153592,133.2537374,Route6
426.928,-24.5154917,133.2536549,Route6
426.803,-24.5156345,133.2535686,Route6
425.941,-24.5158242,133.2534615,Route6
425.044,-24.5161257,133.2532909,Route6
425.263,-24.5162271,133.2532308,Route6
425.338,-24.5163911,133.2531487,Route6
425.337,-24.5163925,133.253148,Route6
425.061,-24.5165545,133.2530661,Route6
424.949,-24.5166035,133.2530414,Route6
424.774,-24.5167415,133.2529697,Route6
424.873,-24.5168815,133.2529003,Route6
424.507,-24.5170655,133.2528141,Route6
424.0,-24.5172437,133.2527347,Route6
424.0,-24.5174115,133.2526634,Route6
424.716,-24.5176618,133.2525636,Route6
425.97,-24.5179638,133.2524386,Route6
427.75,-24.5185819,133.2521821,Route6
426.82,-24.5190641,133.2519802,Route6
424.06,-24.5194339,133.2518251,Route6
423.719,-24.5195684,133.2517693,Route6
423.164,-24.5197367,133.2516994,Route6
425.876,-24.5207372,133.2512764,Route6
426.264,-24.5208766,133.251222,Route6
428.1,-24.5213391,133.2510336,Route6
429.663,-24.521749,133.2508611,Route6
429.512,-24.5218021,133.2508402,Route6
429.081,-24.5219248,133.2507932,Route6
428.787,-24.5220927,133.2507223,Route6
427.291,-24.5227208,133.250454,Route6
427.644,-24.5227995,133.2504201,Route6
429.948,-24.5230831,133.2502938,Route6
430.145,-24.5232002,133.2502375,Route6
430.013,-24.5234305,133.2501226,Route6
429.552,-24.5235211,133.2500823,Route6
427.244,-24.5238482,133.2499081,Route6
426.862,-24.5240058,133.2498135,Route6
426.872,-24.5240689,133.249777,Route6
426.873,-24.5240698,133.2497765,Route6
426.778,-24.5242283,133.2496829,Route6
425.826,-24.5245095,133.2495153,Route6
425.154,-24.5246795,133.249407,Route6
425.187,-24.5249442,133.2492316,Route6
425.026,-24.5252851,133.2489918,Route6
425.344,-24.5253734,133.2489311,Route6
425.741,-24.5254649,133.2488701,Route6
426.872,-24.5256552,133.2487366,Route6
427.05,-24.5257204,133.2486851,Route6
427.021,-24.5258193,133.2486175,Route6
427.277,-24.52594,133.2485336,Route6
427.351,-24.5260031,133.2484927,Route6
427.298,-24.5261124,133.2484158,Route6
427.0,-24.5263939,133.2482133,Route6
427.0,-24.5264804,133.248154,Route6
428.034,-24.5268256,133.2479119,Route6
428.05,-24.5268287,133.2479097,Route6
428.559,-24.5269786,133.2478066,Route6
428.302,-24.5271085,133.2477106,Route6
428.177,-24.5271682,133.2476683,Route6
427.735,-24.5272911,133.2475826,Route6
425.989,-24.5277042,133.2472973,Route6
426.0,-24.527844,133.2471991,Route6
426.0,-24.5279003,133.2471577,Route6
426.0,-24.5279941,133.2470942,Route6
426.0,-24.528345,133.2468496,Route6
426.0,-24.5285257,133.2467278,Route6
426.139,-24.5286497,133.246644,Route6
426.227,-24.5286743,133.2466274,Route6
426.797,-24.5288325,133.2465166,Route6
426.957,-24.5288769,133.2464837,Route6
426.963,-24.5289562,133.2464318,Route6
426.998,-24.5290113,133.2463903,Route6
427.0,-24.5290838,133.2463429,Route6
426.981,-24.529172,133.2462741,Route6
426.537,-24.5292954,133.2461969,Route6
426.217,-24.5293843,133.2461336,Route6
425.956,-24.529509,133.2460428,Route6
425.754,-24.5295741,133.2459962,Route6
424.452,-24.5298574,133.2458002,Route6
424.07,-24.5299677,133.2457227,Route6
424.296,-24.5301113,133.2456281,Route6
424.926,-24.5302572,133.2455377,Route6
425.321,-24.5303483,133.2454823,Route6
427.299,-24.530661,133.2453003,Route6
427.73,-24.5307583,133.2452397,Route6
428.401,-24.5309446,133.2451423,Route6
428.902,-24.5310838,133.245073,Route6
429.068,-24.53113,133.2450476,Route6
429.525,-24.5312591,133.2449961,Route6
429.701,-24.5313373,133.2449614,Route6
429.486,-24.5315746,133.2448572,Route6
428.059,-24.5320462,133.2446962,Route6
428.51,-24.5323638,133.2446027,Route6
431.058,-24.5327867,133.2444951,Route6
431.636,-24.5328704,133.2444704,Route6
431.882,-24.5329029,133.2444561,Route6
433.276,-24.5330835,133.2444212,Route6
434.229,-24.5332323,133.244382,Route6
435.102,-24.5335736,133.2443011,Route6
432.22,-24.534036,133.2441941,Route6
431.078,-24.5341594,133.244157,Route6
431.002,-24.5341665,133.2441553,Route6
431.513,-24.5343364,133.2441219,Route6
430.929,-24.534765,133.2440177,Route6
430.873,-24.5351514,133.2439241,Route6
430.851,-24.5353191,133.2438813,Route6
430.0,-24.5356875,133.2437862,Route6
429.854,-24.5358738,133.2437275,Route6
429.178,-24.5360617,133.2436597,Route6
428.818,-24.5361638,133.2436223,Route6
428.284,-24.5364348,133.2435041,Route6
428.731,-24.5367154,133.2433743,Route6
429.873,-24.5371684,133.243138,Route6
428.883,-24.5374404,133.2429673,Route6
428.751,-24.5379745,133.2426183,Route6
428.904,-24.5380148,133.2425913,Route6
429.106,-24.5380851,133.2425468,Route6
429.442,-24.5381672,133.2424906,Route6
429.874,-24.538256,133.2424242,Route6
429.992,-24.5383166,133.2423789,Route6
432.086,-24.5387469,133.2421103,Route6
433.593,-24.5391791,133.2418261,Route6
433.701,-24.5393408,133.2417217,Route6
433.976,-24.539497,133.2416168,Route6
433.706,-24.5396867,133.2414936,Route6
433.448,-24.5398201,133.2414094,Route6
432.494,-24.5404182,133.2410061,Route6
430.864,-24.5406607,133.24085,Route6
429.867,-24.5410507,133.2405924,Route6
429.836,-24.5413351,133.2404063,Route6
430.293,-24.5417481,133.2401349,Route6
431.013,-24.5419572,133.2399965,Route6
431.287,-24.5420732,133.2399203,Route6
431.665,-24.5422275,133.2398189,Route6
431.998,-24.542355,133.2397351,Route6
432.45,-24.542553,133.2396058,Route6
432.509,-24.542625,133.2395581,Route6
432.072,-24.5427732,133.2394604,Route6
432.0,-24.5429583,133.2393425,Route6
431.99,-24.5430603,133.2392792,Route6
431.258,-24.5432592,133.239157,Route6
431.011,-24.5433296,133.2391176,Route6
429.918,-24.5434565,133.2390445,Route6
428.91,-24.5435545,133.238993,Route6
427.288,-24.5437191,133.2389072,Route6
426.655,-24.5437922,133.2388712,Route6
425.816,-24.5438832,133.2388251,Route6
425.8,-24.5439609,133.2387876,Route6
425.75,-24.5440603,133.23874,Route6
425.675,-24.544122,133.238713,Route6
426.098,-24.5443096,133.2386308,Route6
426.34,-24.5443561,133.2386086,Route6
426.531,-24.5444251,133.2385799,Route6
426.15,-24.5445108,133.2385438,Route6
425.692,-24.5446154,133.2385024,Route6
425.454,-24.5447233,133.2384611,Route6
424.051,-24.5449873,133.2383677,Route6
423.554,-24.5451238,133.2383221,Route6
423.208,-24.5452199,133.2382858,Route6
422.69,-24.5454147,133.2382304,Route6
422.697,-24.5456008,133.238185,Route6
423.062,-24.5456908,133.2381737,Route6
423.404,-24.5457746,133.2381625,Route6
423.735,-24.5458515,133.2381537,Route6
424.125,-24.5459159,133.2381235,Route6
424.38,-24.5459655,133.2381062,Route6
424.732,-24.5460429,133.2380805,Route6
425.015,-24.5461154,133.2380601,Route6
425.25,-24.5461832,133.238045,Route6
425.652,-24.5463275,133.2380103,Route6
425.485,-24.5464648,133.2379883,Route6
424.82,-24.5466265,133.2379653,Route6
424.143,-24.5468728,133.2379321,Route6
424.156,-24.5470246,133.2379053,Route6
424.409,-24.5473129,133.2378867,Route6
424.0,-24.5476012,133.2378745,Route6
423.448,-24.5478929,133.2378697,Route6
421.49,-24.548192,133.237876,Route6
420.205,-24.5483882,133.2378812,Route6
420.062,-24.5485169,133.2378911,Route6
420.299,-24.548789,133.2379075,Route6
420.648,-24.5489648,133.2379192,Route6
421.963,-24.5492889,133.2379706,Route6
423.984,-24.5497096,133.2380466,Route6
422.564,-24.5500192,133.2381103,Route6
422.345,-24.5500877,133.2381244,Route6
422.143,-24.5503595,133.2381909,Route6
422.3,-24.5507222,133.2382638,Route6
422.294,-24.5507248,133.2382644,Route6
421.791,-24.5508981,133.238305,Route6
421.782,-24.5509007,133.2383056,Route6
421.125,-24.5510765,133.2383471,Route6
420.617,-24.5514689,133.2384397,Route6
420.489,-24.5516018,133.2384754,Route6
418.433,-24.5523058,133.2386327,Route6
418.826,-24.5523936,133.2386531,Route6
419.184,-24.5524842,133.2386745,Route6
419.378,-24.55266,133.238716,Route6
419.524,-24.5528321,133.2387566,Route6
419.527,-24.5528359,133.2387574,Route6
419.667,-24.5530122,133.2387963,Route6
419.697,-24.5530497,133.2388046,Route6
419.896,-24.5533623,133.2388795,Route6
419.271,-24.5536865,133.2389533,Route6
421.28,-24.5540667,133.2390365,Route6
422.466,-24.5542438,133.2390773,Route6
423.682,-24.5544211,133.2391211,Route6
423.982,-24.5545964,133.2391618,Route6
423.821,-24.5547719,133.2392025,Route6
423.832,-24.5551442,133.2392771,Route6
426.267,-24.5556296,133.239388,Route6
427.586,-24.5559962,133.2394719,Route6
428.933,-24.5567698,133.2396523,Route6
429.922,-24.5570818,133.239715,Route6
430.043,-24.5572381,133.2397516,Route6
429.386,-24.5574142,133.239792,Route6
428.762,-24.5576177,133.2398439,Route6
428.895,-24.5581171,133.2399625,Route6
428.897,-24.5581189,133.239963,Route6
429.02,-24.5582945,133.2400056,Route6
429.088,-24.5584663,133.2400471,Route6
429.088,-24.5584702,133.240048,Route6
429.232,-24.5591005,133.2401931,Route6
429.151,-24.5593511,133.2402357,Route6
428.072,-24.5597054,133.2403296,Route6
428.287,-24.5601953,133.2404401,Route6
428.758,-24.5604105,133.2404882,Route6
428.751,-24.5605984,133.2405293,Route6
428.29,-24.5607587,133.2405616,Route6
428.222,-24.5609996,133.2406173,Route6
428.575,-24.561439,133.2407153,Route6
428.732,-24.5616412,133.240759,Route6
428.0,-24.5620403,133.2408468,Route6
429.725,-24.5626194,133.240977,Route6
430.002,-24.5630603,133.2410738,Route6
430.03,-24.563139,133.241083,Route6
430.392,-24.5634423,133.2411514,Route6
432.34,-24.5638377,133.2412103,Route6
432.613,-24.5639202,133.2412187,Route6
432.606,-24.5639402,133.2412205,Route6
432.568,-24.564058,133.2412312,Route6
432.558,-24.5641196,133.2412338,Route6
431.531,-24.5643002,133.2412521,Route6
430.083,-24.564672,133.2412607,Route6
430.384,-24.5649205,133.2412606,Route6
430.207,-24.5650834,133.241252,Route6
429.079,-24.5653777,133.2412331,Route6
428.868,-24.5654319,133.2412285,Route6
428.519,-24.565617,133.2412172,Route6
428.693,-24.5659496,133.2411852,Route6
428.025,-24.5664438,133.2411465,Route6
427.73,-24.5669953,133.2411001,Route6
425.409,-24.5674049,133.2410656,Route6
427.0,-24.5680584,133.2410095,Route6
423.511,-24.5688439,133.2409413,Route6
423.331,-24.5688747,133.2409388,Route6
426.091,-24.5693162,133.2408858,Route6
427.286,-24.5694635,133.2408593,Route6
429.911,-24.5697253,133.2408086,Route6
429.728,-24.5699327,133.2407578,Route6
427.386,-24.5704753,133.2405935,Route6
428.893,-24.5707236,133.2405004,Route6
430.0,-24.5711498,133.2403084,Route6
429.81,-24.5715998,133.2400695,Route6
430.723,-24.5717816,133.2399571,Route6
432.421,-24.5719998,133.2398115,Route6
433.0,-24.5721353,133.2397211,Route6
433.0,-24.5721526,133.2397073,Route6
432.855,-24.5722982,133.2395913,Route6
432.315,-24.5725692,133.2393755,Route6
430.969,-24.5727865,133.2391871,Route6
428.78,-24.5744123,133.2377489,Route6
427.886,-24.5745525,133.2376249,Route6
428.141,-24.5759941,133.2363496,Route6
428.163,-24.5769605,133.2354977,Route6
429.861,-24.5774697,133.2350385,Route6
429.449,-24.577653,133.2348667,Route6
429.055,-24.5777624,133.234756,Route6
428.057,-24.5780719,133.2344286,Route6
428.958,-24.5782877,133.2341782,Route6
429.0,-24.5784246,133.2339998,Route6
429.1,-24.5786389,133.2337143,Route6
428.904,-24.5789195,133.2333035,Route6
427.017,-24.5794396,133.2324975,Route6
428.203,-24.5798925,133.231799,Route6
426.704,-24.5802105,133.2313085,Route6
429.735,-24.5805923,133.2307235,Route6
426.239,-24.5808587,133.2303258,Route6
425.894,-24.5809718,133.2301687,Route6
426.433,-24.5811868,133.2298798,Route6
427.475,-24.581413,133.2296041,Route6
428.356,-24.5816415,133.2293455,Route6
428.057,-24.581791,133.2291908,Route6
425.706,-24.5822089,133.2287939,Route6
425.942,-24.5824838,133.2285631,Route6
426.107,-24.5827574,133.2283494,Route6
424.978,-24.5831052,133.2280992,Route6
424.476,-24.5832464,133.2280104,Route6
424.637,-24.5834026,133.2279122,Route6
424.916,-24.583512,133.2278434,Route6
426.67,-24.5837947,133.2276811,Route6
427.803,-24.5842717,133.2274453,Route6
427.573,-24.5845213,133.2273359,Route6
427.944,-24.5850211,133.2271501,Route6
427.003,-24.5854955,133.2270036,Route6
426.928,-24.585574,133.2269804,Route6
427.671,-24.5857477,133.2269291,Route6
427.575,-24.5860951,133.2268263,Route6
427.39,-24.5862688,133.2267749,Route6
427.165,-24.5864424,133.2267236,Route6
427.0,-24.5869635,133.2265695,Route6
428.699,-24.5898105,133.2257275,Route6
429.449,-24.5900908,133.2256482,Route6
429.671,-24.5909024,133.2254062,Route6
430.54,-24.591112,133.2253417,Route6
431.889,-24.5916974,133.2251668,Route6
431.062,-24.5919271,133.2250988,Route6
432.133,-24.5943128,133.224397,Route6
433.662,-24.5946284,133.224303,Route6
434.3,-24.5954781,133.2240498,Route6
438.066,-24.5965378,133.223733,Route6
438.011,-24.5969394,133.223613,Route6
438.128,-24.5975796,133.2234233,Route6
438.975,-24.5977533,133.2233719,Route6
438.979,-24.597927,133.2233205,Route6
438.962,-24.5981007,133.2232691,Route6
438.672,-24.5982743,133.2232176,Route6
438.234,-24.598448,133.2231661,Route6
440.72,-24.6014004,133.2222914,Route6
440.312,-24.6015741,133.22224,Route6
441.273,-24.6019215,133.2221371,Route6
440.741,-24.6020951,133.2220856,Route6
440.209,-24.6022688,133.2220341,Route6
440.376,-24.6034862,133.2216735,Route6
440.209,-24.6038319,133.2215712,Route6
439.051,-24.6054273,133.2210978,Route6
436.605,-24.6069662,133.220651,Route6
436.001,-24.608212,133.2202807,Route6
435.378,-24.6095456,133.2198875,Route6
434.892,-24.6102222,133.2196848,Route6
434.786,-24.6102965,133.2196629,Route6
433.049,-24.6109915,133.219458,Route6
433.0,-24.6111652,133.2194068,Route6
433.319,-24.6116216,133.2192723,Route6
433.733,-24.6118599,133.2192008,Route6
433.733,-24.6122609,133.2190805,Route6
437.604,-24.6135703,133.2186921,Route6
435.892,-24.6154993,133.2181203,Route6
436.465,-24.61568,133.218066,Route6
435.946,-24.6162022,133.2179092,Route6
433.498,-24.6177049,133.2174624,Route6
434.958,-24.6182811,133.2172848,Route6
434.959,-24.6182826,133.2172843,Route6
435.437,-24.6184547,133.2172332,Route6
435.443,-24.6184563,133.2172327,Route6
437.003,-24.6194858,133.2169396,Route6
436.387,-24.6206146,133.2166052,Route6
437.468,-24.6215997,133.216315,Route6
439.656,-24.6226069,133.2160156,Route6
440.667,-24.6240098,133.2155967,Route6
441.468,-24.624319,133.2155062,Route6
444.616,-24.6249397,133.2153241,Route6
443.448,-24.6252324,133.2152376,Route6
442.515,-24.6255798,133.2151348,Route6
442.0,-24.6262084,133.2149489,Route6
442.895,-24.6268454,133.2147571,Route6
440.371,-24.6274672,133.2145714,Route6
440.563,-24.6287016,133.2141976,Route6
440.559,-24.6287031,133.2141972,Route6
440.112,-24.6288718,133.2141516,Route6
440.098,-24.6288778,133.2141498,Route6
440.823,-24.6299234,133.2138392,Route6
442.362,-24.6309749,133.2135304,Route6
443.0,-24.6316571,133.2133287,Route6
444.383,-24.6320507,133.2132278,Route6
446.0,-24.6327954,133.213085,Route6
444.792,-24.6333347,133.2129991,Route6
442.769,-24.6342072,133.212933,Route6
441.91,-24.6357494,133.2128408,Route6
448.304,-24.6373648,133.2127387,Route6
448.718,-24.6375444,133.2127281,Route6
448.327,-24.637724,133.2127174,Route6
447.12,-24.6398167,133.2125984,Route6
445.132,-24.640823,133.2125368,Route6
448.192,-24.6419231,133.2124681,Route6
447.408,-24.6425767,133.2123867,Route6
448.68,-24.6430418,133.2122974,Route6
449.118,-24.6436087,133.2121895,Route6
449.028,-24.6441543,133.2120468,Route6
447.548,-24.6447078,133.2118726,Route6
447.994,-24.6456276,133.2115269,Route6
447.758,-24.6461191,133.2113079,Route6
452.068,-24.6473827,133.2107888,Route6
450.02,-24.6505889,133.209439,Route6
450.2,-24.6507076,133.209389,Route6
455.532,-24.6518344,133.2089219,Route6
456.0,-24.6531266,133.2083828,Route6
459.0,-24.6539575,133.2080315,Route6
456.515,-24.6545022,133.2077969,Route6
455.829,-24.6546224,133.2077471,Route6
455.699,-24.6550034,133.2075892,Route6
458.36,-24.6555098,133.2073804,Route6
457.989,-24.6566706,133.2068864,Route6
457.822,-24.6576364,133.2064862,Route6
456.207,-24.6586554,133.2060537,Route6
459.542,-24.6592696,133.2058041,Route6
460.427,-24.6596393,133.2056491,Route6
458.131,-24.6603475,133.2053459,Route6
458.269,-24.6621216,133.2046049,Route6
459.793,-24.6625453,133.2044279,Route6
457.88,-24.6629244,133.2042678,Route6
457.784,-24.6629376,133.2042621,Route6
457.066,-24.663105,133.2041897,Route6
459.692,-24.6634669,133.2040332,Route6
460.898,-24.6638364,133.2038605,Route6
460.248,-24.6641695,133.2036828,Route6
458.674,-24.6644529,133.2035178,Route6
458.818,-24.6646635,133.2033717,Route6
458.526,-24.6648835,133.2032198,Route6
457.823,-24.6650017,133.2031315,Route6
454.844,-24.6653954,133.2028148,Route6
456.352,-24.6656807,133.202562,Route6
458.859,-24.6660719,133.20218,Route6
457.839,-24.6662723,133.2019672,Route6
456.188,-24.6666405,133.201574,Route6
455.061,-24.6670062,133.2011877,Route6
455.731,-24.6672615,133.2009202,Route6
455.968,-24.6675684,133.2005922,Route6
456.148,-24.6678188,133.2003278,Route6
456.613,-24.6679807,133.2001568,Route6
456.717,-24.6681166,133.199987,Route6
456.536,-24.6682978,133.1998162,Route6
455.894,-24.6685754,133.1995192,Route6
453.366,-24.6689966,133.1990655,Route6
456.522,-24.6695442,133.1984995,Route6
459.654,-24.6700962,133.1979251,Route6
457.704,-24.6703323,133.1976688,Route6
454.779,-24.6705288,133.1974426,Route6
452.87,-24.6706826,133.1972811,Route6
452.149,-24.6708977,133.1970438,Route6
453.82,-24.6711982,133.1967397,Route6
452.958,-24.671532,133.1963822,Route6
452.078,-24.6716995,133.1962048,Route6
454.528,-24.672091,133.1957902,Route6
454.982,-24.6722172,133.1956549,Route6
454.414,-24.6724618,133.1953928,Route6
452.244,-24.6727706,133.1950606,Route6
451.307,-24.6728618,133.1949649,Route6
450.711,-24.673253,133.1945543,Route6
451.09,-24.6733841,133.1944187,Route6
447.049,-24.6744158,133.1933165,Route6
446.944,-24.6745118,133.1932238,Route6
448.829,-24.6748373,133.192912,Route6
449.214,-24.6752674,133.1925595,Route6
447.151,-24.675768,133.1922032,Route6
447.006,-24.6761128,133.1919829,Route6
447.204,-24.6766361,133.1917062,Route6
445.516,-24.6771313,133.1914745,Route6
445.859,-24.6775103,133.1913312,Route6
446.458,-24.6776359,133.1912918,Route6
447.605,-24.6779404,133.1911964,Route6
448.433,-24.678419,133.1910686,Route6
447.897,-24.6787112,133.1910166,Route6
447.464,-24.6791426,133.190952,Route6
449.453,-24.6796058,133.1909141,Route6
449.652,-24.6799389,133.1909008,Route6
448.586,-24.6808297,133.1909165,Route6
450.613,-24.6819257,133.1909285,Route6
449.67,-24.6824166,133.1909363,Route6
448.579,-24.6826316,133.1909397,Route6
447.143,-24.6832072,133.1909524,Route6
445.515,-24.6840966,133.1909664,Route6
444.457,-24.68481,133.1909805,Route6
443.743,-24.6849343,133.1909835,Route6
440.944,-24.6853422,133.1909931,Route6
440.966,-24.6860964,133.19101,Route6
443.293,-24.6868914,133.1910226,Route6
442.734,-24.6876022,133.1910338,Route6
442.18,-24.6878117,133.1910364,Route6
441.692,-24.6879916,133.1910386,Route6
441.937,-24.6884049,133.1910437,Route6
437.583,-24.6913131,133.191097,Route6
432.881,-24.6935664,133.1911504,Route6
432.843,-24.6937462,133.1911547,Route6
432.838,-24.6938084,133.1911561,Route6
432.63,-24.6945671,133.191156,Route6
435.235,-24.6954412,133.1911644,Route6
435.895,-24.6961557,133.1911799,Route6
433.593,-24.6966713,133.1911911,Route6
433.135,-24.6974216,133.1912052,Route6
432.155,-24.6979205,133.1912108,Route6
433.576,-24.6984934,133.1912192,Route6
435.45,-24.6988111,133.1912024,Route6
436.36,-24.6990702,133.1911869,Route6
435.052,-24.6993994,133.191149,Route6
434.183,-24.6997324,133.1910956,Route6
436.775,-24.7000948,133.1910212,Route6
437.755,-24.7004278,133.1909313,Route6
436.682,-24.7007137,133.1908527,Route6
435.051,-24.7009701,133.19076,Route6
432.959,-24.7012483,133.1906588,Route6
431.577,-24.7014422,133.1905689,Route6
431.696,-24.7018378,133.1903878,Route6
433.326,-24.7021466,133.1902285,Route6
435.099,-24.7026595,133.1899074,Route6
435.638,-24.703212,133.1895437,Route6
434.18,-24.7035284,133.1893344,Route6
435.518,-24.7038347,133.189135,Route6
435.608,-24.7039303,133.1890719,Route6
433.1,-24.7045856,133.1886388,Route6
431.825,-24.7050481,133.1883161,Route6
433.0,-24.7058239,133.1878049,Route6
426.638,-24.7064453,133.1873793,Route6
428.401,-24.7069301,133.1870619,Route6
429.03,-24.707392,133.1867543,Route6
429.131,-24.708035,133.1863232,Route6
426.851,-24.7092081,133.185555,Route6
426.554,-24.7093625,133.1854534,Route6
426.56,-24.7094421,133.185401,Route6
426.325,-24.70947,133.1853822,Route6
424.423,-24.7096235,133.1852791,Route6
424.376,-24.7104647,133.1847139,Route6
425.462,-24.7105915,133.1846298,Route6
424.78,-24.7112078,133.1842211,Route6
423.597,-24.7121102,133.1836111,Route6
424.877,-24.7141274,133.1822586,Route6
424.117,-24.7151327,133.1815984,Route6
422.846,-24.7154655,133.1813738,Route6
420.918,-24.7156188,133.1812703,Route6
420.0,-24.7161687,133.180899,Route6
421.81,-24.7165502,133.1806532,Route6
423.349,-24.71682,133.1804993,Route6
423.203,-24.7170465,133.1803667,Route6
420.926,-24.7175785,133.1801041,Route6
423.7,-24.7181297,133.1798948,Route6
425.359,-24.7184027,133.1798021,Route6
423.67,-24.7188479,133.1796757,Route6
425.628,-24.7193429,133.1795703,Route6
426.459,-24.7196823,133.1795226,Route6
423.208,-24.7199515,133.1794945,Route6
420.67,-24.7204044,133.179465,Route6
424.223,-24.7208828,133.1794664,Route6
423.136,-24.7212783,133.1794917,Route6
421.312,-24.7216746,133.1795391,Route6
421.523,-24.7221801,133.1796319,Route6
422.32,-24.7225911,133.1797122,Route6
422.118,-24.7229773,133.1798333,Route6
423.278,-24.7231503,133.1798876,Route6
424.251,-24.7232672,133.1799243,Route6
423.236,-24.7238426,133.1801504,Route6
425.503,-24.7244116,133.1803695,Route6
424.731,-24.7250584,133.1806336,Route6
422.904,-24.7256503,133.1808737,Route6
422.99,-24.7264885,133.181208,Route6
423.305,-24.7271404,133.1814678,Route6
421.914,-24.7277093,133.1816982,Route6
425.917,-24.728337,133.1819285,Route6
423.313,-24.7286138,133.1820381,Route6
420.861,-24.728914,133.1821341,Route6
419.758,-24.7290705,133.1821841,Route6
422.357,-24.7297045,133.1823569,Route6
420.167,-24.7301281,133.1824538,Route6
419.293,-24.7305771,133.1825423,Route6
419.198,-24.730956,133.1825984,Route6
420.337,-24.7312979,133.1826406,Route6
420.621,-24.7318375,133.1826925,Route6
415.599,-24.7323605,133.1827262,Route6
416.851,-24.7333746,133.1827262,Route6
416.046,-24.7335982,133.1827279,Route6
416.144,-24.7348806,133.1827377,Route6
413.547,-24.735973,133.18275,Route6
413.051,-24.7363991,133.1827636,Route6
413.092,-24.7367475,133.1827522,Route6
414.995,-24.7374775,133.1827567,Route6
417.936,-24.7381468,133.1827645,Route6
417.976,-24.7384039,133.1827745,Route6
417.408,-24.7387755,133.1828057,Route6
414.995,-24.739168,133.1828699,Route6
414.0,-24.7395175,133.1829353,Route6
414.981,-24.7399948,133.1830592,Route6
415.432,-24.7403315,133.1831618,Route6
416.371,-24.7407284,133.1833016,Route6
415.087,-24.7409559,133.183406,Route6
414.026,-24.7413842,133.1836138,Route6
415.481,-24.7418004,133.1838316,Route6
416.517,-24.7420881,133.1839988,Route6
417.0,-24.7424055,133.1842076,Route6
417.698,-24.7426939,133.1844209,Route6
417.662,-24.7429112,133.184598,Route6
416.068,-24.7433183,133.1849677,Route6
416.806,-24.7437418,133.1853923,Route6
415.021,-24.7441677,133.1858285,Route6
415.992,-24.7444433,133.1860807,Route6
413.943,-24.7447092,133.1863046,Route6
411.578,-24.7449921,133.1865106,Route6
412.463,-24.7451897,133.1866397,Route6
413.128,-24.7453132,133.1867105,Route6
413.702,-24.7454728,133.1868019,Route6
414.045,-24.7456099,133.1868805,Route6
415.171,-24.7460013,133.1870557,Route6
415.792,-24.7463107,133.1871858,Route6
414.163,-24.7467438,133.1873371,Route6
415.571,-24.7471046,133.1874264,Route6
415.783,-24.7477019,133.1875302,Route6
417.067,-24.7482506,133.1875882,Route6
417.048,-24.7484738,133.187583,Route6
415.666,-24.7487817,133.1875758,Route6
414.034,-24.7492647,133.1875264,Route6
416.731,-24.749714,133.1874469,Route6
419.193,-24.7502227,133.1873161,Route6
415.996,-24.7507153,133.1871465,Route6
415.239,-24.7509324,133.187058,Route6
415.538,-24.7510234,133.1870192,Route6
417.332,-24.7513267,133.1868832,Route6
417.248,-24.7516653,133.1867012,Route6
412.894,-24.7521916,133.1863778,Route6
416.584,-24.7527677,133.1859608,Route6
416.829,-24.7527882,133.1859396,Route6
416.056,-24.754626,133.1843846,Route6
416.024,-24.7553438,133.1837634,Route6
417.0,-24.7557836,133.1834017,Route6
415.559,-24.7561478,133.1831314,Route6
415.182,-24.7564182,133.1829503,Route6
415.64,-24.7567182,133.1827756,Route6
416.047,-24.7570633,133.1826029,Route6
416.884,-24.757247,133.1825177,Route6
417.0,-24.7574026,133.1824563,Route6
417.84,-24.757658,133.1823546,Route6
417.344,-24.7582044,133.1821863,Route6
416.703,-24.7590843,133.1819965,Route6
417.456,-24.7606962,133.1816737,Route6
414.344,-24.762558,133.1812934,Route6
410.917,-24.7647363,133.1808554,Route6
411.042,-24.7649041,133.1808217,Route6
413.338,-24.7659508,133.1806115,Route6
414.0,-24.7686887,133.1800503,Route6
414.123,-24.7700341,133.1797823,Route6
414.76,-24.770211,133.1797471,Route6
414.595,-24.770388,133.1797118,Route6
413.425,-24.770742,133.1796413,Route6
413.0,-24.7708811,133.1796136,Route6
413.0,-24.771096,133.1795707,Route6
414.07,-24.7716269,133.1794647,Route6
413.587,-24.7718039,133.1794293,Route6
413.394,-24.7722352,133.1793432,Route6
412.594,-24.7728684,133.1792345,Route6
411.61,-24.7731512,133.179186,Route6
413.497,-24.7743048,133.1790464,Route6
414.481,-24.7753219,133.1789615,Route6
411.958,-24.7762187,133.1789191,Route6
411.937,-24.7762717,133.178919,Route6
412.997,-24.7772214,133.1789174,Route6
412.129,-24.7773508,133.1789217,Route6
411.044,-24.7775306,133.1789275,Route6
410.524,-24.7777104,133.1789334,Route6
409.885,-24.7778902,133.1789393,Route6
409.255,-24.77807,133.1789452,Route6
409.5,-24.7781359,133.1789474,Route6
409.937,-24.7782496,133.1789552,Route6
414.674,-24.77906,133.179011,Route6
413.773,-24.7799953,133.1791082,Route6
413.763,-24.7805773,133.179191,Route6
412.693,-24.7807284,133.1792125,Route6
411.281,-24.7809332,133.1792477,Route6
410.001,-24.781111,133.1792782,Route6
410.312,-24.7812887,133.1793087,Route6
411.005,-24.7814664,133.1793392,Route6
412.534,-24.7816444,133.1793697,Route6
412.012,-24.7827812,133.1795759,Route6
413.04,-24.783064,133.1796267,Route6
411.039,-24.7847276,133.1799254,Route6
410.428,-24.7869731,133.1803372,Route6
411.319,-24.7887434,133.1806549,Route6
413.0,-24.789373,133.1807679,Route6
409.111,-24.7906958,133.1810082,Route6
408.834,-24.7908732,133.1810404,Route6
409.552,-24.7915831,133.1811694,Route6
409.674,-24.7917606,133.1812017,Route6
409.558,-24.791938,133.1812339,Route6
409.786,-24.7921155,133.1812661,Route6
412.733,-24.7955282,133.1818862,Route6
416.384,-24.798327,133.1823933,Route6
415.487,-24.7985045,133.1824255,Route6
415.0,-24.798682,133.1824576,Route6
415.0,-24.7988594,133.1824898,Route6
414.552,-24.7990369,133.182522,Route6
414.424,-24.7992144,133.1825542,Route6
414.873,-24.7993919,133.1825863,Route6
416.91,-24.800332,133.1827567,Route6
416.507,-24.8009729,133.1828898,Route6
421.492,-24.8013809,133.1829994,Route6
422.166,-24.8017189,133.1831047,Route6
420.775,-24.802206,133.1832859,Route6
420.197,-24.8027262,133.1834854,Route6
420.732,-24.8031792,133.1836996,Route6
419.838,-24.80336,133.1838008,Route6
422.565,-24.80515,133.1848085,Route6
423.465,-24.8062386,133.1854213,Route6
425.83,-24.8071032,133.1858159,Route6
425.13,-24.8072275,133.1858695,Route6
425.546,-24.8075203,133.1859752,Route6
424.033,-24.8081081,133.186159,Route6
425.662,-24.8084591,133.1862558,Route6
427.532,-24.8086748,133.1863046,Route6
427.956,-24.808851,133.1863444,Route6
427.903,-24.8089191,133.1863598,Route6
427.579,-24.8090128,133.1863732,Route6
426.807,-24.8091911,133.1863987,Route6
425.443,-24.8102419,133.1865491,Route6
427.305,-24.8122,133.1868524,Route6
427.806,-24.8136619,133.1870724,Route6
428.641,-24.8138245,133.1870969,Route6
428.727,-24.8138401,133.1870992,Route6
425.714,-24.8143748,133.1871797,Route6
425.0,-24.814553,133.1872065,Route6
426.0,-24.8158004,133.1873943,Route6
424.978,-24.8172261,133.1876089,Route6
424.009,-24.8174043,133.1876357,Route6
423.934,-24.8212121,133.1882088,Route6
423.784,-24.8214876,133.188249,Route6
423.089,-24.8218599,133.1883034,Route6
421.0,-24.8222556,133.1883612,Route6
419.693,-24.822863,133.1884729,Route6
419.167,-24.823102,133.1885271,Route6
419.802,-24.8232782,133.1885671,Route6
420.014,-24.8234019,133.1885952,Route6
420.965,-24.8239093,133.1887427,Route6
420.871,-24.8239572,133.1887566,Route6
420.83,-24.8239752,133.1887629,Route6
420.303,-24.8246841,133.1890113,Route6
422.99,-24.8256954,133.1894425,Route6
423.458,-24.8261661,133.1896586,Route6
424.063,-24.8281585,133.1905731,Route6
424.832,-24.8284906,133.1907255,Route6
425.224,-24.8289305,133.1909274,Route6
421.533,-24.8295741,133.1912041,Route6
421.981,-24.8300169,133.1913692,Route6
424.833,-24.8305018,133.1915314,Route6
422.892,-24.8309276,133.1916516,Route6
420.541,-24.8312172,133.1917225,Route6
419.662,-24.831418,133.1917717,Route6
419.887,-24.8319833,133.1918916,Route6
419.682,-24.8324062,133.1919606,Route6
419.867,-24.8326754,133.1920028,Route6
419.707,-24.8329153,133.1920257,Route6
421.535,-24.8334049,133.1920626,Route6
422.524,-24.8338899,133.1920896,Route6
421.353,-24.8382304,133.1923442,Route6
424.123,-24.8389489,133.1923863,Route6
424.926,-24.8391285,133.1923968,Route6
425.85,-24.8393081,133.1924073,Route6
426.521,-24.8429003,133.1926181,Route6
424.518,-24.8433215,133.1926452,Route6
426.319,-24.8437294,133.192674,Route6
428.805,-24.8442165,133.1927206,Route6
429.534,-24.8443673,133.1927369,Route6
429.606,-24.8445232,133.1927538,Route6
428.46,-24.8449037,133.1928019,Route6
428.317,-24.8449697,133.1928102,Route6
428.896,-24.845082,133.1928276,Route6
430.172,-24.8452606,133.1928552,Route6
430.901,-24.8457235,133.1929151,Route6
429.674,-24.8459738,133.1929545,Route6
428.466,-24.8462595,133.1929994,Route6
428.079,-24.846367,133.1930176,Route6
425.647,-24.8474343,133.1931839,Route6
425.174,-24.848378,133.1933291,Route6
426.0,-24.848672,133.193376,Route6
425.436,-24.8491647,133.1934533,Route6
422.549,-24.8500693,133.1935978,Route6
421.094,-24.850489,133.1936614,Route6
423.527,-24.851536,133.1938232,Route6
423.782,-24.8525697,133.1939698,Route6
423.881,-24.8526786,133.1939815,Route6
423.713,-24.8528576,133.1940007,Route6
423.068,-24.8530367,133.1940199,Route6
422.688,-24.8532157,133.1940391,Route6
422.525,-24.8533947,133.1940583,Route6
422.297,-24.8538065,133.1941024,Route6
421.409,-24.8539784,133.1941205,Route6
419.645,-24.8542098,133.194136,Route6
418.402,-24.8543242,133.194138,Route6
415.514,-24.8545579,133.1941376,Route6
416.096,-24.85519,133.1941544,Route6
417.367,-24.8553698,133.1941592,Route6
417.998,-24.8555496,133.194164,Route6
417.717,-24.8556349,133.1941663,Route6
416.619,-24.8562569,133.1941578,Route6
419.792,-24.8568982,133.1941493,Route6
421.668,-24.8574081,133.1941386,Route6
419.194,-24.8583972,133.1941233,Route6
416.412,-24.8593264,133.1941143,Route6
420.746,-24.8626053,133.1940647,Route6
419.448,-24.8684578,133.1939761,Route6
419.799,-24.8692597,133.1939661,Route6
420.052,-24.8701704,133.193956,Route6
419.892,-24.8777112,133.1938494,Route6
422.68,-24.8786376,133.1938264,Route6
422.671,-24.8786399,133.1938263,Route6
422.028,-24.8788198,133.1938276,Route6
421.159,-24.8789996,133.1938291,Route6
420.587,-24.8791004,133.1938303,Route6
421.097,-24.8800679,133.1938736,Route6
421.899,-24.8805289,133.1939042,Route6
423.62,-24.8811536,133.1939635,Route6
423.282,-24.8812749,133.193976,Route6
423.25,-24.8815093,133.1940065,Route6
423.253,-24.881511,133.1940067,Route6
421.927,-24.8823001,133.1941073,Route6
420.428,-24.8840003,133.1943262,Route6
419.615,-24.8841901,133.1943532,Route6
421.64,-24.8849054,133.1944418,Route6
423.677,-24.8854403,133.194506,Route6
424.481,-24.8856191,133.1945275,Route6
424.49,-24.8856204,133.1945277,Route6
424.519,-24.8859773,133.1945782,Route6
423.253,-24.8861558,133.1946017,Route6
423.169,-24.8861996,133.1946066,Route6
428.0,-24.8887733,133.1949241,Route6
427.154,-24.8891935,133.1949823,Route6
427.745,-24.8893722,133.1950052,Route6
427.821,-24.8893931,133.1950081,Route6
427.656,-24.8895508,133.1950282,Route6
427.321,-24.889668,133.1950433,Route6
427.161,-24.8897285,133.1950509,Route6
427.157,-24.8897296,133.195051,Route6
426.597,-24.8899073,133.1950732,Route6
426.595,-24.8899082,133.1950734,Route6
425.169,-24.8901581,133.1951027,Route6
421.382,-24.8916136,133.1952607,Route6
421.78,-24.8934487,133.1954473,Route6
421.513,-24.893488,133.1954519,Route6
424.282,-24.8947416,133.1955817,Route6
421.659,-24.8973546,133.1958521,Route6
417.299,-24.898401,133.1959603,Route6
414.135,-24.9001749,133.1961487,Route6
414.15,-24.9002123,133.1961527,Route6
414.041,-24.9003906,133.1961714,Route6
413.701,-24.9005689,133.1961903,Route6
413.404,-24.9007474,133.1962091,Route6
418.137,-24.9021763,133.1963609,Route6
419.018,-24.9037557,133.1965284,Route6
419.236,-24.9039739,133.1965514,Route6
416.045,-24.9052968,133.1966919,Route6
417.674,-24.9060763,133.196778,Route6
418.104,-24.9070991,133.1968853,Route6
416.491,-24.9076338,133.1969393,Route6
415.294,-24.9086265,133.1970473,Route6
415.67,-24.9095254,133.1971389,Route6
417.177,-24.9097165,133.1971602,Route6
417.871,-24.9098955,133.19718,Route6
415.214,-24.9106246,133.1972611,Route6
419.852,-24.9117643,133.1973738,Route6
418.17,-24.9131063,133.1975194,Route6
420.257,-24.9143718,133.1976503,Route6
420.116,-24.9145143,133.197665,Route6
420.025,-24.9145509,133.197669,Route6
419.633,-24.9147299,133.1976886,Route6
416.893,-24.9158265,133.1978083,Route6
419.441,-24.9173069,133.1979539,Route6
418.657,-24.9175953,133.1979821,Route6
418.012,-24.9177745,133.1979996,Route6
417.924,-24.9182676,133.1980479,Route6
417.457,-24.9185061,133.198069,Route6
417.136,-24.9188832,133.1980925,Route6
415.139,-24.9193326,133.1981136,Route6
412.704,-24.9198949,133.1981207,Route6
412.456,-24.9202888,133.1981189,Route6
412.452,-24.9204253,133.1981183,Route6
412.449,-24.9204687,133.1981179,Route6
411.239,-24.9209514,133.1981136,Route6
411.043,-24.9214839,133.1980902,Route6
411.007,-24.9220463,133.1980502,Route6
410.17,-24.9224957,133.1980126,Route6
412.0,-24.9230069,133.1979563,Route6
411.247,-24.9234521,133.1978952,Route6
411.943,-24.9239931,133.19782,Route6
411.041,-24.9244319,133.1977519,Route6
408.075,-24.9250411,133.1976403,Route6
408.895,-24.9255874,133.1975229,Route6
409.423,-24.9263512,133.1973448,Route6
407.894,-24.9282487,133.1968571,Route6
411.197,-24.9315381,133.1959996,Route6
409.211,-24.9320632,133.1958627,Route6
408.945,-24.9322382,133.1958171,Route6
407.801,-24.935564,133.1949501,Route6
407.438,-24.9357555,133.1949002,Route6
404.357,-24.9366695,133.1946724,Route6
406.394,-24.9379724,133.1943969,Route6
404.732,-24.9383705,133.1943361,Route6
404.622,-24.9383858,133.1943335,Route6
404.595,-24.9388713,133.1942492,Route6
404.943,-24.938919,133.1942426,Route6
406.962,-24.9394534,133.1941682,Route6
407.193,-24.9401492,133.1940954,Route6
408.473,-24.9411075,133.1940184,Route6
411.0,-24.9426401,133.1939758,Route6
412.0,-24.9435969,133.1939967,Route6
410.697,-24.943944,133.1940196,Route6
408.359,-24.9445251,133.1940625,Route6
412.0,-24.948621,133.1944068,Route6
409.678,-24.9532637,133.1948011,Route6
410.0,-24.9543473,133.1948931,Route6
409.964,-24.9555456,133.1949972,Route6
412.0,-24.958374,133.195237,Route6
410.27,-24.9598596,133.1953629,Route6
410.063,-24.9599881,133.1953736,Route6
409.894,-24.9610642,133.1954636,Route6
409.723,-24.9612435,133.1954786,Route6
411.133,-24.9615202,133.1955017,Route6
411.841,-24.963933,133.1957137,Route6
411.196,-24.9641123,133.1957294,Route6
411.45,-24.9642916,133.1957451,Route6
413.25,-24.9655789,133.1958582,Route6
412.941,-24.9669807,133.1959866,Route6
414.24,-24.9691564,133.1961832,Route6
413.409,-24.9705005,133.1962993,Route6
414.402,-24.9714984,133.1963852,Route6
414.465,-24.971517,133.1963869,Route6
414.571,-24.9715484,133.1963898,Route6
412.107,-24.9721464,133.1964439,Route6
410.11,-24.9774975,133.1969189,Route6
411.286,-24.9776768,133.1969348,Route6
412.311,-24.9778561,133.1969507,Route6
416.553,-24.9795143,133.197098,Route6
420.623,-24.9823377,133.1973557,Route6
419.954,-24.9825169,133.197372,Route6
420.226,-24.9826962,133.1973884,Route6
420.695,-24.9828754,133.1974047,Route6
421.087,-24.9829955,133.1974157,Route6
419.0,-24.9846785,133.1975779,Route6
417.381,-24.9869055,133.1977874,Route6
419.578,-24.9889782,133.1979774,Route6
418.776,-24.9893272,133.19801,Route6
418.287,-24.9895065,133.1980268,Route6
418.093,-24.9896857,133.1980435,Route6
421.251,-24.9941126,133.1984572,Route6
422.397,-24.9947039,133.1985126,Route6
423.805,-24.9952416,133.198563,Route6
427.046,-24.9970337,133.1987311,Route6
427.365,-24.9971637,133.1987433,Route6
427.476,-24.997213,133.1987479,Route6
427.214,-24.9973922,133.1987646,Route6
428.775,-25.0004115,133.1990463,Route6
429.228,-25.0029481,133.1992835,Route6
429.911,-25.0033065,133.199317,Route6
430.0,-25.0034858,133.1993338,Route6
430.0,-25.003665,133.1993505,Route6
433.567,-25.0047983,133.1994565,Route6
435.618,-25.0063533,133.1996017,Route6
433.651,-25.0086832,133.1998192,Route6
433.789,-25.0090417,133.1998527,Route6
434.103,-25.0092209,133.1998694,Route6
434.496,-25.0094001,133.1998861,Route6
436.789,-25.0098318,133.1999264,Route6
440.387,-25.0104756,133.1999854,Route6
435.023,-25.0135953,133.2002711,Route6
432.759,-25.0162118,133.2005065,Route6
432.752,-25.0162739,133.2005121,Route6
437.314,-25.0179085,133.2006684,Route6
435.395,-25.0187209,133.2007416,Route6
433.819,-25.0198862,133.2008466,Route6
433.813,-25.0214409,133.2009863,Route6
431.593,-25.0226646,133.201099,Route6
433.766,-25.0230231,133.2011321,Route6
434.6,-25.0232023,133.2011486,Route6
435.334,-25.0233816,133.2011651,Route6
435.865,-25.0235608,133.2011816,Route6
436.637,-25.02374,133.2011981,Route6
436.683,-25.0237498,133.201199,Route6
439.99,-25.0253533,133.2013457,Route6
439.925,-25.0253636,133.2013466,Route6
438.873,-25.0255326,133.2013618,Route6
437.011,-25.0260704,133.2014103,Route6
438.314,-25.0274047,133.2015305,Route6
442.809,-25.0294121,133.2017162,Route6
443.0,-25.0294761,133.2017219,Route6
443.0,-25.0296554,133.2017378,Route6
446.391,-25.0301932,133.2017855,Route6
447.986,-25.0305518,133.2018173,Route6
445.996,-25.03198,133.201944,Route6
445.753,-25.0328824,133.202026,Route6
447.028,-25.0330616,133.2020423,Route6
447.786,-25.0332409,133.2020586,Route6
447.628,-25.0341179,133.2021383,Route6
449.247,-25.0350333,133.2022241,Route6
450.597,-25.0352125,133.2022409,Route6
451.485,-25.0353917,133.2022577,Route6
452.0,-25.0355709,133.2022745,Route6
452.0,-25.0357501,133.2022913,Route6
451.937,-25.0364255,133.2023547,Route6
451.862,-25.036467,133.2023583,Route6
450.607,-25.0373635,133.2024371,Route6
450.143,-25.0375428,133.2024529,Route6
450.023,-25.0377221,133.2024686,Route6
449.985,-25.037831,133.2024782,Route6
449.588,-25.0381855,133.2025155,Route6
444.527,-25.039694,133.2026464,Route6
444.452,-25.0401522,133.2026687,Route6
445.933,-25.040824,133.2026953,Route6
446.885,-25.0418394,133.2026934,Route6
446.499,-25.0420837,133.2026877,Route6
443.709,-25.0428339,133.2026548,Route6
444.67,-25.0440508,133.2025916,Route6
442.841,-25.0453419,133.2025259,Route6
444.699,-25.0467389,133.2024516,Route6
443.0,-25.047229,133.2024262,Route6
442.0,-25.048307,133.2023703,Route6
441.448,-25.0484866,133.202361,Route6
440.894,-25.0486663,133.2023516,Route6
440.487,-25.0488609,133.2023415,Route6
442.0,-25.0503676,133.202264,Route6
439.751,-25.0511816,133.2022204,Route6
441.775,-25.0531401,133.2021155,Route6
440.608,-25.0547519,133.2020331,Route6
441.107,-25.0563547,133.2019489,Route6
442.951,-25.0569307,133.2019185,Route6
443.029,-25.0580817,133.2018577,Route6
440.714,-25.0596948,133.2017734,Route6
442.536,-25.0611755,133.2016966,Route6
439.999,-25.0625002,133.2016255,Route6
438.011,-25.0629,133.201604,Route6
441.345,-25.0648359,133.2015046,Route6
441.056,-25.065041,133.2014941,Route6
441.601,-25.0657341,133.2014566,Route6
441.148,-25.0659138,133.2014469,Route6
440.109,-25.0664234,133.2014193,Route6
440.071,-25.0666324,133.2014087,Route6
439.535,-25.0668121,133.2013996,Route6
442.904,-25.0677161,133.2013539,Route6
442.051,-25.068591,133.2013084,Route6
441.745,-25.0689681,133.2012897,Route6
441.974,-25.0691478,133.2012808,Route6
441.245,-25.069471,133.2012648,Route6
439.538,-25.0701184,133.201223,Route6
440.837,-25.0705102,133.2011919,Route6
439.72,-25.0708765,133.2011458,Route6
440.435,-25.0713032,133.2010878,Route6
442.513,-25.071599,133.2010336,Route6
443.022,-25.0721561,133.2009121,Route6
442.269,-25.0726912,133.2007644,Route6
442.619,-25.0732669,133.2005862,Route6
442.783,-25.0738303,133.2003967,Route6
440.769,-25.0744585,133.2001805,Route6
445.209,-25.0750788,133.1999636,Route6
443.682,-25.0756263,133.1997816,Route6
443.888,-25.075803,133.1997219,Route6
443.985,-25.075975,133.1996637,Route6
443.324,-25.0762641,133.199566,Route6
442.184,-25.0768387,133.199366,Route6
444.501,-25.0775499,133.1991173,Route6
449.065,-25.0782057,133.1988911,Route6
448.769,-25.078953,133.198635,Route6
446.163,-25.0796523,133.1983938,Route6
447.893,-25.0800947,133.1982403,Route6
452.183,-25.0812343,133.19785,Route6
453.0,-25.0815449,133.1977489,Route6
453.834,-25.0820752,133.1975884,Route6
454.304,-25.0821564,133.1975638,Route6
452.036,-25.0830777,133.1973476,Route6
452.778,-25.0834866,133.197285,Route6
453.272,-25.0836648,133.1972577,Route6
453.69,-25.0838084,133.1972357,Route6
454.48,-25.0840221,133.197213,Route6
454.751,-25.0842012,133.197194,Route6
453.463,-25.0843802,133.197175,Route6
452.871,-25.0844742,133.197165,Route6
452.494,-25.0845595,133.1971609,Route6
455.035,-25.0852928,133.1971255,Route6
455.168,-25.085981,133.1971387,Route6
453.08,-25.0867153,133.1971952,Route6
453.0,-25.0869432,133.1972127,Route6
451.0,-25.0878765,133.1972916,Route6
450.879,-25.0886749,133.1973681,Route6
454.054,-25.0896408,133.1974487,Route6
449.608,-25.090481,133.1975199,Route6
449.444,-25.0905048,133.1975219,Route6
449.834,-25.0906602,133.1975359,Route6
451.04,-25.0908395,133.1975521,Route6
452.171,-25.0910188,133.1975683,Route6
452.64,-25.0913709,133.1976,Route6
453.895,-25.0919154,133.1976449,Route6
453.689,-25.0920948,133.1976597,Route6
452.9,-25.0923473,133.1976806,Route6
454.665,-25.0934257,133.1977768,Route6
457.914,-25.0945101,133.1978673,Route6
459.0,-25.0951431,133.1979236,Route6
456.588,-25.0985606,133.1982188,Route6
456.809,-25.09874,133.1982343,Route6
457.109,-25.0989193,133.1982498,Route6
457.755,-25.0990986,133.1982653,Route6
458.965,-25.0999952,133.1983427,Route6
461.364,-25.1014297,133.1984666,Route6
463.009,-25.101609,133.1984821,Route6
464.208,-25.1017883,133.1984976,Route6
465.0,-25.1019578,133.1985122,Route6
465.0,-25.1019677,133.1985131,Route6
463.875,-25.1023974,133.1985511,Route6
463.176,-25.1025055,133.1985611,Route6
462.997,-25.1030327,133.1986101,Route6
463.029,-25.103902,133.1987156,Route6
459.423,-25.1048873,133.1988772,Route6
458.984,-25.1050044,133.1988967,Route6
458.344,-25.1051822,133.1989262,Route6
457.929,-25.1053601,133.1989558,Route6
457.877,-25.1054056,133.1989634,Route6
463.266,-25.1067574,133.1991916,Route6
467.0,-25.1080142,133.1993984,Route6
467.0,-25.1082057,133.1994302,Route6
467.065,-25.1083835,133.1994597,Route6
467.282,-25.1085548,133.1994881,Route6
467.293,-25.1085614,133.1994891,Route6
468.324,-25.1087395,133.1995167,Route6
469.463,-25.1089177,133.1995442,Route6
470.203,-25.1090958,133.1995717,Route6
470.969,-25.1094209,133.199622,Route6
471.121,-25.1099347,133.1996906,Route6
471.046,-25.1103755,133.199735,Route6
470.455,-25.1107477,133.1997631,Route6
470.301,-25.1108845,133.1997735,Route6
470.987,-25.1112434,133.1998006,Route6
471.015,-25.1112573,133.1998017,Route6
471.237,-25.111423,133.1998113,Route6
470.864,-25.1116026,133.1998217,Route6
469.748,-25.1120375,133.199847,Route6
469.415,-25.1124375,133.1998518,Route6
468.736,-25.1129956,133.1998512,Route6
468.89,-25.1135805,133.199846,Route6
468.962,-25.1136005,133.1998458,Route6
468.094,-25.1143528,133.1998014,Route6
465.876,-25.1150246,133.1997599,Route6
466.353,-25.1153757,133.1997273,Route6
466.917,-25.1155424,133.1997118,Route6
466.955,-25.1155549,133.1997103,Route6
467.772,-25.1159126,133.1996668,Route6
467.216,-25.116206,133.1996312,Route6
467.156,-25.1162698,133.1996209,Route6
467.907,-25.1171597,133.1994777,Route6
467.166,-25.1173377,133.199449,Route6
466.909,-25.1173734,133.1994432,Route6
465.78,-25.1178699,133.199351,Route6
465.697,-25.1179097,133.1993436,Route6
464.313,-25.1189268,133.1991098,Route6
464.557,-25.1189992,133.1990932,Route6
464.003,-25.1197045,133.1989002,Route6
463.92,-25.120493,133.1986589,Route6
462.912,-25.1206284,133.1986174,Route6
462.451,-25.120666,133.1986047,Route6
460.129,-25.1210099,133.1984883,Route6
460.961,-25.1215178,133.1983165,Route6
462.011,-25.1222107,133.1980471,Route6
461.184,-25.1233158,133.197621,Route6
461.062,-25.123563,133.1975263,Route6
461.14,-25.123733,133.1974611,Route6
461.526,-25.1239029,133.197396,Route6
463.595,-25.1240728,133.1973309,Route6
459.497,-25.1249225,133.1970053,Route6
457.608,-25.1253092,133.1968571,Route6
457.337,-25.1262813,133.1964824,Route6
456.877,-25.1264511,133.196417,Route6
456.165,-25.1266209,133.1963515,Route6
455.429,-25.1269606,133.1962206,Route6
454.725,-25.1278401,133.1958817,Route6
453.533,-25.1279796,133.1958281,Route6
454.207,-25.1286591,133.1955671,Route6
455.0,-25.1292342,133.1953461,Route6
452.972,-25.1305619,133.1948287,Route6
451.72,-25.1307557,133.1947533,Route6
451.8,-25.1310381,133.1946559,Route6
452.865,-25.1312312,133.1945892,Route6
454.076,-25.1315649,133.1944778,Route6
454.068,-25.1318641,133.1943795,Route6
454.088,-25.132317,133.1942384,Route6
453.035,-25.1330532,133.1940309,Route6
453.866,-25.1335515,133.1939073,Route6
454.385,-25.1339957,133.1938062,Route6
455.018,-25.1341718,133.1937661,Route6
455.254,-25.1342373,133.1937512,Route6
456.045,-25.1344853,133.1936968,Route6
455.893,-25.1349979,133.1935962,Route6
454.757,-25.1352992,133.1935436,Route6
454.589,-25.1355897,133.1934969,Route6
452.874,-25.1361461,133.1934173,Route6
452.181,-25.1367295,133.1933458,Route6
454.0,-25.1374197,133.1932803,Route6
454.233,-25.1381204,133.1932302,Route6
454.722,-25.1382561,133.1932205,Route6
455.0,-25.1384442,133.1932127,Route6
455.0,-25.1385728,133.1932042,Route6
452.726,-25.1390425,133.1931934,Route6
453.561,-25.139474,133.1931924,Route6
451.689,-25.1401531,133.1931846,Route6
450.676,-25.1404577,133.1931945,Route6
450.652,-25.140472,133.193195,Route6
450.67,-25.1406374,133.1932033,Route6
450.762,-25.1409968,133.1932212,Route6
450.619,-25.1411092,133.1932268,Route6
450.572,-25.1411763,133.1932321,Route6
450.047,-25.1416128,133.1932665,Route6
449.829,-25.1417143,133.1932778,Route6
450.241,-25.1422912,133.1933419,Route6
450.531,-25.1426099,133.1933671,Route6
449.686,-25.1429022,133.1934162,Route6
450.144,-25.1437562,133.1935185,Route6
447.2,-25.144389,133.193611,Route6
447.094,-25.1454978,133.19377,Route6
446.11,-25.1459951,133.1938362,Route6
446.329,-25.1461737,133.19386,Route6
446.702,-25.1462931,133.1938759,Route6
446.886,-25.1463523,133.1938839,Route6
445.881,-25.1469912,133.1939705,Route6
444.573,-25.1476855,133.1940667,Route6
445.794,-25.1482624,133.1941482,Route6
445.966,-25.1484895,133.1941762,Route6
444.399,-25.1488061,133.1942215,Route6
446.045,-25.149669,133.1943447,Route6
443.803,-25.1508142,133.1944991,Route6
442.144,-25.151639,133.194609,Route6
440.922,-25.1544119,133.1949877,Route6
440.554,-25.1547689,133.1950364,Route6
440.784,-25.154802,133.1950409,Route6
441.543,-25.1549201,133.1950569,Route6
441.704,-25.1549475,133.1950606,Route6
441.862,-25.155126,133.1950847,Route6
436.62,-25.1562166,133.1952322,Route6
436.512,-25.157791,133.1954464,Route6
432.097,-25.1587356,133.1955731,Route6
432.477,-25.1592318,133.1956435,Route6
433.0,-25.1597002,133.19571,Route6
433.0,-25.1602346,133.1957883,Route6
433.755,-25.1609014,133.1958786,Route6
431.103,-25.1616967,133.1959865,Route6
429.743,-25.1625689,133.1961015,Route6
430.729,-25.163651,133.1962522,Route6
429.747,-25.1644079,133.1963551,Route6
430.054,-25.1644829,133.1963653,Route6
430.478,-25.1645864,133.1963797,Route6
431.051,-25.1647376,133.1964007,Route6
431.136,-25.1647648,133.1964045,Route6
431.513,-25.164916,133.1964256,Route6
431.564,-25.1649433,133.1964294,Route6
431.217,-25.1650944,133.1964504,Route6
431.091,-25.1651218,133.1964542,Route6
430.27,-25.1653002,133.196479,Route6
429.11,-25.1655781,133.1965177,Route6
429.937,-25.1663713,133.1966251,Route6
429.44,-25.1673299,133.1967548,Route6
429.37,-25.167978,133.1968427,Route6
430.0,-25.1686372,133.1969322,Route6
430.076,-25.1688703,133.196967,Route6
431.327,-25.1690485,133.1969937,Route6
432.259,-25.1691994,133.1970163,Route6
432.273,-25.1692267,133.1970203,Route6
432.301,-25.169278,133.197028,Route6
432.348,-25.1693779,133.197041,Route6
432.361,-25.1694053,133.1970446,Route6
432.027,-25.1695566,133.1970642,Route6
431.942,-25.1695839,133.1970678,Route6
431.42,-25.1697352,133.1970875,Route6
425.46,-25.1702795,133.1971584,Route6
425.274,-25.170477,133.1971842,Route6
426.105,-25.1710514,133.1972592,Route6
428.302,-25.171722,133.1973609,Route6
425.732,-25.1725745,133.1974726,Route6
424.203,-25.1729763,133.1975229,Route6
423.508,-25.1731638,133.1975464,Route6
423.0,-25.1733335,133.19757,Route6
423.056,-25.1736631,133.1976159,Route6
422.976,-25.1736904,133.1976197,Route6
422.578,-25.1738415,133.1976407,Route6
422.514,-25.1738688,133.1976445,Route6
422.353,-25.1739447,133.1976551,Route6
422.0,-25.174417,133.197722,Route6
426.093,-25.1751355,133.1978284,Route6
424.0,-25.1759822,133.1979457,Route6
424.0,-25.1759836,133.1979459,Route6
423.348,-25.1763483,133.1979898,Route6
423.288,-25.1763671,133.1979924,Route6
420.47,-25.1768751,133.1980636,Route6
420.26,-25.1769024,133.1980674,Route6
419.442,-25.1770808,133.1980924,Route6
421.74,-25.1775965,133.1981647,Route6
421.82,-25.1776162,133.1981672,Route6
420.986,-25.1784822,133.1982779,Route6
420.986,-25.1786508,133.1982994,Route6
421.02,-25.1786608,133.1983009,Route6
421.118,-25.1786881,133.1983048,Route6
420.487,-25.17953,133.1984259,Route6
420.113,-25.1802943,133.1985273,Route6
420.656,-25.1805622,133.1985628,Route6
420.873,-25.1811872,133.1986464,Route6
420.751,-25.1814409,133.1986803,Route6
420.074,-25.1820793,133.1987713,Route6
422.664,-25.1826935,133.1988588,Route6
419.939,-25.1836585,133.1989881,Route6
419.64,-25.183837,133.199012,Route6
419.584,-25.1838643,133.1990157,Route6
419.317,-25.184333,133.1990785,Route6
417.919,-25.1847734,133.1991381,Route6
416.537,-25.1851139,133.1991857,Route6
421.339,-25.186629,133.1993973,Route6
419.833,-25.1874342,133.1995051,Route6
418.996,-25.1879298,133.1995714,Route6
417.892,-25.1888297,133.1996921,Route6
419.454,-25.1897984,133.1998263,Route6
419.841,-25.1906863,133.1999559,Route6
418.514,-25.191217,133.200029,Route6
416.999,-25.1919453,133.2001505,Route6
416.829,-25.1920711,133.2001735,Route6
416.836,-25.1922486,133.2002059,Route6
417.591,-25.192426,133.2002383,Route6
417.986,-25.1928129,133.2003091,Route6
417.935,-25.1928863,133.2003238,Route6
417.859,-25.192958,133.2003382,Route6
416.443,-25.19327,133.2004009,Route6
416.758,-25.1938403,133.20053,Route6
416.0,-25.1942395,133.2006204,Route6
416.0,-25.1943524,133.2006436,Route6
418.037,-25.1947326,133.2007391,Route6
418.998,-25.195076,133.2008311,Route6
418.815,-25.1953935,133.2009213,Route6
419.006,-25.195592,133.2009791,Route6
419.774,-25.1959247,133.2010841,Route6
419.841,-25.195952,133.2010929,Route6
416.228,-25.1966954,133.2013331,Route6
418.546,-25.1969051,133.2011206,Route6
419.386,-25.1970358,133.2009964,Route6
419.388,-25.1970841,133.2009406,Route6
419.265,-25.1971419,133.2008852,Route6
419.196,-25.1971859,133.2008646,Route6
419.151,-25.1972202,133.2008545,Route6
418.943,-25.1972531,133.2008551,Route6
418.762,-25.19728,133.2008557,Route6
418.315,-25.1974243,133.2009117,Route6
418.269,-25.1974444,133.2009195,Route6
