ele,lat,lon,name
145.0,-30.9696561,135.7503545,Route9
145.0,-30.9696561,135.7503545,Route9
145.0,-30.9696439,135.750329,Route9
144.93,-30.9695963,135.7502582,Route9
144.688,-30.9695482,135.7501911,Route9
144.501,-30.9695247,135.7501392,Route9
144.293,-30.9695105,135.7500813,Route9
143.935,-30.9695014,135.7499124,Route9
145.719,-30.9700778,135.7502773,Route9
145.3,-30.970348,135.7504312,Route9
144.986,-30.9705598,135.7505518,Route9
145.193,-30.9706737,135.7506092,Route9
145.454,-30.9708387,135.7506925,Route9
143.885,-30.9711689,135.7508591,Route9
144.605,-30.9717551,135.7511385,Route9
146.392,-30.9721427,135.7507812,Route9
144.237,-30.9724249,135.750521,Route9
144.238,-30.972566,135.7503909,Route9
144.807,-30.9727071,135.7502608,Route9
144.898,-30.9732754,135.7505397,Route9
146.872,-30.9735679,135.750688,Route9
145.465,-30.9747118,135.7512236,Route9
144.0,-30.9757133,135.7516925,Route9
144.0,-30.9760676,135.7518584,Route9
143.862,-30.9767183,135.7521512,Route9
143.056,-30.9771551,135.7523509,Route9
147.968,-30.9788979,135.7531124,Route9
147.821,-30.9789387,135.7531302,Route9
147.43,-30.9795677,135.7534161,Route9
146.559,-30.9800717,135.753632,Route9
146.808,-30.9807522,135.7539168,Route9
149.002,-30.9813595,135.754171,Route9
145.937,-30.9820891,135.7544619,Route9
148.0,-30.982802,135.7547504,Route9
148.23,-30.9836198,135.7550725,Route9
148.317,-30.9843356,135.7553492,Route9
148.042,-30.9851563,135.7556654,Route9
149.391,-30.985861,135.755942,Route9
150.314,-30.9865728,135.756245,Route9
149.0,-30.9870932,135.7564689,Route9
149.0,-30.9871961,135.7565132,Route9
150.22,-30.9879025,135.7568337,Route9
149.375,-30.9883905,135.7570757,Route9
149.355,-30.988887,135.7573201,Route9
149.534,-30.9893689,135.7575741,Route9
150.412,-30.9897761,135.7577887,Route9
151.944,-30.9902525,135.7580459,Route9
151.419,-30.9905558,135.758217,Route9
151.074,-30.990719,135.7583129,Route9
150.614,-30.9910222,135.7584911,Route9
149.08,-30.9913228,135.7586686,Route9
148.408,-30.9917145,135.7589066,Route9
151.989,-30.9920861,135.7591489,Route9
153.925,-30.9924651,135.7593954,Route9
152.672,-30.9928395,135.7596419,Route9
152.682,-30.9931847,135.7598874,Route9
152.516,-30.9935818,135.7601445,Route9
152.32,-30.9940409,135.7604739,Route9
152.429,-30.9943151,135.7606748,Route9
153.513,-30.9947806,135.7610137,Route9
152.077,-30.9952275,135.7613675,Route9
152.993,-30.9955753,135.7616391,Route9
154.0,-30.9962625,135.7622004,Route9
154.193,-30.9973968,135.7631765,Route9
154.835,-30.9985117,135.7642125,Route9
154.217,-30.9996582,135.765356,Route9
154.896,-31.0008837,135.7666485,Route9
155.304,-31.0021557,135.7680815,Route9
156.104,-31.0031461,135.7692556,Route9
156.397,-31.0032229,135.7693499,Route9
154.456,-31.0041058,135.7704713,Route9
154.893,-31.0051579,135.7718758,Route9
156.402,-31.0059995,135.7730474,Route9
156.248,-31.00632,135.7735133,Route9
155.861,-31.0069267,135.7744251,Route9
155.131,-31.0078815,135.7759307,Route9
154.397,-31.0082231,135.7764915,Route9
153.956,-31.0085145,135.7769794,Route9
154.751,-31.0087692,135.7774112,Route9
157.073,-31.0092,135.7781647,Route9
156.027,-31.009732,135.7790981,Route9
155.815,-31.0100726,135.7796406,Route9
155.301,-31.0104559,135.7802902,Route9
153.18,-31.0106727,135.780642,Route9
154.432,-31.0108827,135.7809828,Route9
158.255,-31.0111958,135.7814908,Route9
158.26,-31.0111978,135.781494,Route9
157.17,-31.0114342,135.7818745,Route9
156.047,-31.0116184,135.7821699,Route9
156.04,-31.0116205,135.7821732,Route9
158.0,-31.0120559,135.7828414,Route9
155.503,-31.0127044,135.7838365,Route9
157.259,-31.0136977,135.7852923,Route9
157.076,-31.0138114,135.785457,Route9
157.036,-31.0139995,135.7857229,Route9
159.338,-31.0147519,135.7867718,Route9
159.188,-31.0150523,135.7871914,Route9
159.202,-31.0150989,135.7872538,Route9
156.6,-31.0155656,135.787893,Route9
158.577,-31.0161642,135.7886755,Route9
157.63,-31.0162759,135.788827,Route9
157.578,-31.0162822,135.7888351,Route9
159.324,-31.01689,135.7896103,Route9
159.358,-31.0170131,135.789763,Route9
159.003,-31.0174178,135.7902788,Route9
160.0,-31.0183418,135.7914088,Route9
160.0,-31.0183704,135.7914428,Route9
159.382,-31.0191673,135.792395,Route9
164.978,-31.0197494,135.7930495,Route9
163.868,-31.0201804,135.7935503,Route9
163.402,-31.0205937,135.7940169,Route9
162.007,-31.0208313,135.7942832,Route9
163.813,-31.0218771,135.795427,Route9
166.23,-31.0234257,135.7970303,Route9
164.0,-31.0240288,135.7976656,Route9
164.0,-31.0240673,135.7977058,Route9
165.219,-31.0245655,135.7982248,Route9
165.23,-31.0245671,135.7982264,Route9
165.872,-31.0246543,135.7983155,Route9
166.377,-31.0248338,135.7985082,Route9
166.105,-31.0249661,135.7986503,Route9
166.223,-31.0250962,135.7987899,Route9
166.232,-31.0250986,135.7987924,Route9
167.564,-31.0254344,135.7991493,Route9
167.778,-31.0254938,135.7992148,Route9
169.163,-31.0269285,135.8008023,Route9
169.911,-31.0270141,135.8008983,Route9
173.562,-31.0278206,135.8018228,Route9
177.056,-31.0295721,135.8039229,Route9
178.473,-31.030194,135.804701,Route9
178.349,-31.0303148,135.8048563,Route9
178.356,-31.0303211,135.8048643,Route9
178.468,-31.0304366,135.805011,Route9
178.595,-31.0305584,135.8051652,Route9
179.0,-31.0306803,135.8053195,Route9
178.583,-31.0310078,135.8057402,Route9
178.139,-31.031076,135.8058293,Route9
182.973,-31.032121,135.8072015,Route9
182.442,-31.0322328,135.8073561,Route9
182.349,-31.0322404,135.8073666,Route9
181.031,-31.0323483,135.8075169,Route9
180.939,-31.0323559,135.8075275,Route9
180.301,-31.0334638,135.8090669,Route9
181.076,-31.0338523,135.8096044,Route9
180.758,-31.0339683,135.8097647,Route9
180.742,-31.0339793,135.8097799,Route9
180.949,-31.0343292,135.8102534,Route9
180.504,-31.0344466,135.8104123,Route9
179.615,-31.0345554,135.8105595,Route9
179.734,-31.0346777,135.8107149,Route9
180.336,-31.0347993,135.8108696,Route9
177.858,-31.0351834,135.8113591,Route9
179.512,-31.0359915,135.8123375,Route9
179.797,-31.0368356,135.813281,Route9
175.81,-31.0378261,135.8143433,Route9
177.896,-31.0381672,135.814674,Route9
177.148,-31.0383951,135.8148972,Route9
176.471,-31.0388245,135.8153115,Route9
174.0,-31.0395577,135.8160022,Route9
174.031,-31.0396986,135.816119,Route9
174.467,-31.0398452,135.8162409,Route9
174.908,-31.03999,135.8163632,Route9
173.193,-31.0402742,135.8166196,Route9
173.652,-31.0404209,135.8167451,Route9
173.673,-31.0404263,135.8167494,Route9
174.085,-31.0405693,135.8168633,Route9
174.119,-31.0405747,135.816868,Route9
174.287,-31.0405998,135.8168896,Route9
175.479,-31.040723,135.8169868,Route9
176.999,-31.041021,135.8172219,Route9
176.488,-31.0411701,135.8173395,Route9
176.58,-31.0415419,135.8176328,Route9
174.205,-31.0428046,135.8185778,Route9
176.957,-31.0433215,135.8189235,Route9
176.48,-31.0435489,135.8190751,Route9
175.59,-31.0437465,135.8192108,Route9
180.855,-31.0449588,135.8199598,Route9
179.835,-31.0456787,135.8203814,Route9
179.624,-31.0457538,135.8204243,Route9
179.324,-31.0458404,135.8204727,Route9
176.841,-31.0470444,135.8211435,Route9
177.003,-31.0481156,135.8216655,Route9
177.508,-31.0490411,135.822081,Route9
177.275,-31.0491901,135.8221457,Route9
177.09,-31.0493144,135.8221972,Route9
177.439,-31.0496561,135.82234,Route9
176.945,-31.0500472,135.8225535,Route9
176.276,-31.0510987,135.8229509,Route9
176.329,-31.0511063,135.8229534,Route9
178.055,-31.0512542,135.8230012,Route9
178.295,-31.0512725,135.8230058,Route9
178.394,-31.0512799,135.8230082,Route9
181.21,-31.0520271,135.823252,Route9
180.351,-31.0529,135.8235337,Route9
180.36,-31.0529091,135.8235365,Route9
181.914,-31.0535384,135.8237136,Route9
183.535,-31.0542324,135.8238797,Route9
180.52,-31.0547644,135.8240198,Route9
180.498,-31.0547998,135.8240291,Route9
180.568,-31.0549408,135.8240608,Route9
180.583,-31.0549514,135.8240632,Route9
180.741,-31.0558192,135.8242387,Route9
182.347,-31.0563717,135.8243417,Route9
181.172,-31.0565362,135.8243798,Route9
181.076,-31.0565482,135.8243826,Route9
180.311,-31.056643,135.8244053,Route9
180.064,-31.0567122,135.8244231,Route9
179.806,-31.0568998,135.8244714,Route9
180.502,-31.0571918,135.8245416,Route9
181.294,-31.0574363,135.8245954,Route9
182.984,-31.057868,135.8247178,Route9
183.0,-31.0581053,135.8247932,Route9
181.633,-31.0589022,135.8250752,Route9
178.765,-31.0598134,135.8254681,Route9
179.918,-31.0599914,135.8255495,Route9
179.316,-31.0601503,135.8256289,Route9
178.029,-31.060491,135.8257992,Route9
177.37,-31.0612405,135.8262138,Route9
177.0,-31.0620195,135.8266992,Route9
177.0,-31.0622108,135.8268261,Route9
173.438,-31.0627001,135.8271781,Route9
173.77,-31.0638825,135.8281258,Route9
173.062,-31.0640759,135.8282808,Route9
172.095,-31.0649737,135.8291508,Route9
169.888,-31.065623,135.8298505,Route9
167.188,-31.0662864,135.8306353,Route9
167.147,-31.0662917,135.8306423,Route9
164.51,-31.0669604,135.8315222,Route9
164.776,-31.0670056,135.831587,Route9
165.111,-31.0671193,135.8317498,Route9
164.928,-31.0672329,135.8319125,Route9
163.633,-31.0673466,135.8320753,Route9
163.375,-31.0673675,135.8321053,Route9
161.39,-31.0675589,135.8324142,Route9
161.424,-31.0677203,135.8326747,Route9
164.509,-31.0683558,135.8337893,Route9
160.319,-31.0688003,135.8346622,Route9
160.241,-31.068822,135.8347098,Route9
162.986,-31.0690754,135.8352659,Route9
160.428,-31.0692443,135.8356367,Route9
159.457,-31.0693288,135.8358221,Route9
159.112,-31.0694133,135.8360075,Route9
159.197,-31.070682,135.8387922,Route9
159.0,-31.0718402,135.8413978,Route9
159.581,-31.0739113,135.8460577,Route9
160.676,-31.0753444,135.8491433,Route9
156.827,-31.0758586,135.8502504,Route9
157.0,-31.0761342,135.850841,Route9
156.857,-31.0764613,135.8515417,Route9
156.429,-31.0765474,135.8517261,Route9
156.403,-31.0765547,135.8517418,Route9
156.987,-31.0767932,135.8522186,Route9
157.862,-31.0773211,135.8532739,Route9
154.436,-31.0775598,135.8537104,Route9
156.309,-31.0782904,135.8550466,Route9
156.811,-31.0788719,135.8560553,Route9
155.0,-31.079454,135.8570309,Route9
155.0,-31.0794936,135.8570989,Route9
157.065,-31.0803927,135.858539,Route9
154.384,-31.0812771,135.8598288,Route9
154.929,-31.081652,135.8603757,Route9
155.502,-31.0820828,135.8609582,Route9
154.376,-31.0827077,135.8618032,Route9
154.565,-31.08315,135.8623793,Route9
155.0,-31.0832536,135.8625143,Route9
155.41,-31.0840504,135.8634972,Route9
154.15,-31.0842676,135.8637462,Route9
153.526,-31.0843484,135.8638388,Route9
155.527,-31.0848093,135.8643665,Route9
154.749,-31.0854232,135.8650697,Route9
154.234,-31.0855549,135.8652129,Route9
154.0,-31.0856866,135.8653561,Route9
154.221,-31.0866352,135.8663873,Route9
155.535,-31.0870153,135.8667712,Route9
155.967,-31.0871513,135.8669087,Route9
155.914,-31.0872873,135.8670461,Route9
155.377,-31.0874233,135.8671835,Route9
155.157,-31.0879674,135.8677332,Route9
155.158,-31.087984,135.86775,Route9
155.322,-31.0881059,135.8678672,Route9
155.802,-31.0882448,135.8680006,Route9
155.161,-31.088487,135.8682334,Route9
155.268,-31.0886392,135.8683796,Route9
155.385,-31.0893813,135.8690598,Route9
155.0,-31.0896565,135.8692992,Route9
157.186,-31.0905038,135.8700359,Route9
157.997,-31.0908387,135.8703273,Route9
158.0,-31.0923193,135.8715192,Route9
156.724,-31.0931322,135.8721399,Route9
156.244,-31.0933409,135.8722918,Route9
157.66,-31.0938829,135.8726852,Route9
160.127,-31.0953391,135.8737286,Route9
160.173,-31.0953792,135.8737573,Route9
160.122,-31.0954891,135.8738444,Route9
159.517,-31.095638,135.8739623,Route9
158.99,-31.0958599,135.874138,Route9
159.0,-31.0959456,135.8742058,Route9
159.0,-31.0960818,135.8743206,Route9
159.0,-31.0962277,135.8744435,Route9
157.984,-31.0965351,135.8747026,Route9
158.061,-31.0971874,135.8752929,Route9
156.801,-31.0979211,135.876004,Route9
157.195,-31.0984498,135.8765595,Route9
156.925,-31.0989575,135.8771377,Route9
156.927,-31.0989708,135.8771537,Route9
157.221,-31.0990961,135.8773045,Route9
158.621,-31.0995329,135.8778303,Route9
156.445,-31.1000748,135.8785317,Route9
156.31,-31.1001917,135.8786954,Route9
154.582,-31.1006189,135.879294,Route9
155.362,-31.1011412,135.8800789,Route9
153.645,-31.1015626,135.8807583,Route9
152.63,-31.1020213,135.8815638,Route9
153.835,-31.102427,135.8823259,Route9
152.244,-31.1028164,135.8831234,Route9
154.461,-31.1030105,135.8835541,Route9
155.572,-31.1031654,135.8838979,Route9
153.003,-31.1033353,135.8843037,Route9
151.586,-31.1034144,135.8844924,Route9
151.394,-31.1034373,135.8845472,Route9
151.062,-31.1034901,135.8846829,Route9
152.112,-31.1036388,135.8850654,Route9
152.012,-31.1037483,135.885347,Route9
151.453,-31.1038529,135.8856438,Route9
152.141,-31.1040507,135.8862052,Route9
152.164,-31.1040575,135.8862269,Route9
152.172,-31.104119,135.8864243,Route9
151.95,-31.1041806,135.8866216,Route9
151.728,-31.1042422,135.886819,Route9
151.031,-31.1044219,135.8873949,Route9
152.153,-31.1047646,135.8886082,Route9
150.748,-31.1050464,135.8896057,Route9
151.58,-31.1051591,135.8900047,Route9
151.929,-31.1052125,135.8901936,Route9
152.0,-31.1057242,135.8918495,Route9
151.44,-31.1058866,135.8923779,Route9
151.0,-31.1059346,135.892534,Route9
151.0,-31.1059484,135.8925752,Route9
152.0,-31.1062106,135.8933576,Route9
152.483,-31.1064563,135.8940906,Route9
152.602,-31.1064729,135.8941401,Route9
152.462,-31.1065383,135.8943358,Route9
151.258,-31.1066942,135.8948017,Route9
149.475,-31.1074333,135.8968586,Route9
149.428,-31.1075068,135.8970633,Route9
150.414,-31.1076494,135.897436,Route9
150.0,-31.1082277,135.8989476,Route9
150.0,-31.1083149,135.8991595,Route9
151.259,-31.1090534,135.9009547,Route9
151.586,-31.1090957,135.9010519,Route9
150.437,-31.1096037,135.9022194,Route9
150.812,-31.1104003,135.904048,Route9
150.861,-31.1109712,135.9053586,Route9
151.983,-31.1112974,135.9061076,Route9
152.0,-31.111379,135.9062948,Route9
151.991,-31.1114606,135.9064821,Route9
151.845,-31.1115513,135.9066904,Route9
151.0,-31.1124974,135.9089299,Route9
151.0,-31.1124998,135.9089357,Route9
151.269,-31.1125746,135.9091197,Route9
150.065,-31.1130374,135.9102584,Route9
149.952,-31.1131917,135.910638,Route9
150.965,-31.1132688,135.9108278,Route9
151.706,-31.113347,135.9110202,Route9
152.892,-31.1135699,135.911591,Route9
154.232,-31.114167,135.9131201,Route9
154.617,-31.1142088,135.913227,Route9
154.922,-31.1142409,135.9133116,Route9
154.054,-31.115413,135.9164039,Route9
155.425,-31.1158783,135.9176403,Route9
155.788,-31.115912,135.9177319,Route9
155.47,-31.1159829,135.917925,Route9
155.004,-31.1161247,135.9183112,Route9
154.385,-31.1161956,135.9185042,Route9
154.0,-31.1162362,135.9186149,Route9
154.363,-31.1166107,135.9196678,Route9
154.094,-31.1167487,135.9200558,Route9
156.85,-31.1172319,135.9214139,Route9
156.64,-31.1172473,135.9214572,Route9
153.703,-31.1176941,135.9227818,Route9
154.248,-31.117826,135.9231728,Route9
153.017,-31.1180659,135.9238843,Route9
150.781,-31.1186719,135.925719,Route9
151.641,-31.1188114,135.9261431,Route9
151.723,-31.1188553,135.9262631,Route9
151.869,-31.1188775,135.9263392,Route9
153.787,-31.1194806,135.9282742,Route9
153.218,-31.1196037,135.9286691,Route9
152.01,-31.1197267,135.9290639,Route9
152.459,-31.1198497,135.9294588,Route9
152.635,-31.1198986,135.9296157,Route9
153.421,-31.1199697,135.9298549,Route9
154.172,-31.1200287,135.9300534,Route9
156.657,-31.1204346,135.9314184,Route9
156.749,-31.1204413,135.9314429,Route9
157.644,-31.12055,135.9318434,Route9
156.359,-31.1207336,135.9325193,Route9
155.814,-31.1208851,135.933171,Route9
156.217,-31.1210507,135.9338099,Route9
156.72,-31.1212668,135.9348014,Route9
158.418,-31.121399,135.9353837,Route9
157.528,-31.1215827,135.9362991,Route9
159.63,-31.1217701,135.9373312,Route9
160.239,-31.121783,135.9374023,Route9
161.203,-31.1218044,135.9375375,Route9
162.218,-31.1218372,135.937744,Route9
162.101,-31.12187,135.9379506,Route9
161.634,-31.1219028,135.9381572,Route9
161.134,-31.1219248,135.9382961,Route9
161.17,-31.1220968,135.9393973,Route9
161.074,-31.1221009,135.9394238,Route9
163.0,-31.122215,135.940309,Route9
160.507,-31.1223396,135.9414228,Route9
161.266,-31.1224261,135.9422505,Route9
160.707,-31.1225373,135.9435609,Route9
158.511,-31.1226357,135.9446771,Route9
159.095,-31.1227513,135.9457881,Route9
160.319,-31.1228751,135.9468031,Route9
161.038,-31.1230027,135.94782,Route9
158.469,-31.1231384,135.9487752,Route9
159.19,-31.1231692,135.9489783,Route9
159.513,-31.1232006,135.9491852,Route9
159.28,-31.1232779,135.9496943,Route9
160.903,-31.1234729,135.9508604,Route9
160.349,-31.1234989,135.9510141,Route9
159.971,-31.1236126,135.95166,Route9
159.864,-31.1236488,135.9518658,Route9
159.358,-31.1236874,135.9520853,Route9
159.956,-31.1238768,135.9530646,Route9
160.955,-31.1240965,135.9541169,Route9
160.984,-31.1241028,135.954147,Route9
161.849,-31.1242619,135.9548593,Route9
161.568,-31.1244414,135.9556751,Route9
160.0,-31.1246561,135.9565518,Route9
160.0,-31.1246728,135.9566202,Route9
161.65,-31.1247915,135.9570928,Route9
163.744,-31.1250947,135.9582621,Route9
165.0,-31.1253095,135.9590874,Route9
164.124,-31.1255901,135.960173,Route9
165.0,-31.1262659,135.9627879,Route9
165.0,-31.1262679,135.9627956,Route9
164.97,-31.1266286,135.9641964,Route9
165.055,-31.1268288,135.964974,Route9
167.444,-31.1270928,135.9659568,Route9
168.0,-31.1271553,135.9662053,Route9
167.749,-31.1272919,135.9667481,Route9
167.692,-31.1273079,135.9668099,Route9
168.728,-31.1274641,135.9674133,Route9
169.827,-31.1276849,135.9682659,Route9
169.032,-31.1280094,135.969498,Route9
168.49,-31.1281971,135.9702276,Route9
168.304,-31.1282489,135.9704288,Route9
168.183,-31.1284043,135.9710324,Route9
169.923,-31.1285315,135.9715267,Route9
170.66,-31.1286623,135.9720389,Route9
169.086,-31.1290536,135.9735706,Route9
167.764,-31.1292321,135.9742522,Route9
167.0,-31.1294324,135.9750171,Route9
167.0,-31.1300112,135.9772512,Route9
167.0,-31.1300676,135.9774694,Route9
163.222,-31.1302755,135.978274,Route9
163.885,-31.1305874,135.9794809,Route9
163.698,-31.1306394,135.9796821,Route9
164.374,-31.1306914,135.9798833,Route9
164.954,-31.1310033,135.9810902,Route9
166.167,-31.1310553,135.9812913,Route9
165.558,-31.1314711,135.9829006,Route9
164.663,-31.131679,135.9837053,Route9
166.302,-31.1328743,135.9883321,Route9
165.546,-31.1329263,135.9885332,Route9
163.238,-31.133394,135.9903438,Route9
164.874,-31.1336757,135.9914344,Route9
164.548,-31.1337166,135.9915914,Route9
166.033,-31.1340175,135.9927578,Route9
165.772,-31.1340694,135.992959,Route9
165.837,-31.1341213,135.9931602,Route9
166.122,-31.1341732,135.9933614,Route9
167.0,-31.134277,135.9937637,Route9
165.732,-31.1346403,135.9951721,Route9
164.826,-31.1349517,135.9963793,Route9
161.903,-31.1356263,135.9989949,Route9
161.893,-31.1357301,135.9993973,Route9
160.66,-31.1362944,136.0015856,Route9
162.528,-31.136532,136.0025075,Route9
158.858,-31.137131,136.0048298,Route9
158.25,-31.1372645,136.0053473,Route9
158.56,-31.1372868,136.0054334,Route9
160.138,-31.1375468,136.0064392,Route9
160.034,-31.1375988,136.0066403,Route9
159.658,-31.1376508,136.0068415,Route9
158.916,-31.1377028,136.0070427,Route9
158.785,-31.1377103,136.0070716,Route9
159.216,-31.1379593,136.0079339,Route9
159.014,-31.1383371,136.0091987,Route9
161.079,-31.1385862,136.0099838,Route9
161.072,-31.1389504,136.0110695,Route9
162.377,-31.1392715,136.0119681,Route9
162.89,-31.1394139,136.0123502,Route9
162.015,-31.1396688,136.0130343,Route9
163.1,-31.1400279,136.0139488,Route9
163.457,-31.140288,136.0145944,Route9
162.0,-31.140637,136.0154099,Route9
161.226,-31.1407947,136.0157706,Route9
164.917,-31.1410856,136.0164144,Route9
165.156,-31.1414395,136.017179,Route9
163.828,-31.1416055,136.0175269,Route9
160.481,-31.1419348,136.0181996,Route9
163.559,-31.1423079,136.0189406,Route9
164.0,-31.1427117,136.0197273,Route9
164.0,-31.1429566,136.0201926,Route9
163.984,-31.1430198,136.0203127,Route9
164.0,-31.1431481,136.0205483,Route9
162.75,-31.1433414,136.0209029,Route9
162.647,-31.143357,136.0209315,Route9
162.113,-31.1434384,136.0210798,Route9
162.0,-31.1435354,136.0212568,Route9
162.805,-31.1438346,136.0218025,Route9
161.14,-31.1442221,136.0225205,Route9
161.372,-31.1450492,136.024041,Route9
157.831,-31.1469914,136.0276016,Route9
156.704,-31.1476892,136.0288796,Route9
156.396,-31.147786,136.0290568,Route9
155.923,-31.148077,136.0295897,Route9
155.499,-31.1484606,136.0302989,Route9
154.923,-31.1488486,136.0310164,Route9
156.879,-31.1498443,136.0328418,Route9
157.89,-31.1507323,136.0344749,Route9
156.527,-31.1510668,136.035087,Route9
154.726,-31.1514982,136.0358764,Route9
156.998,-31.152216,136.0371922,Route9
157.0,-31.1523238,136.0373908,Route9
157.0,-31.1524201,136.0375683,Route9
156.448,-31.1526698,136.0380287,Route9
154.0,-31.1529987,136.0386328,Route9
152.456,-31.1534566,136.0394739,Route9
152.191,-31.1535756,136.0396985,Route9
156.906,-31.1540433,136.0405818,Route9
155.099,-31.1542315,136.0409543,Route9
154.831,-31.1543976,136.041283,Route9
154.475,-31.1545071,136.0414963,Route9
154.45,-31.1547847,136.042037,Route9
155.116,-31.1548772,136.0422173,Route9
155.447,-31.1548984,136.0422585,Route9
156.474,-31.1549663,136.0423998,Route9
157.141,-31.1550578,136.0425899,Route9
155.014,-31.1554219,136.0433295,Route9
155.766,-31.1556566,136.0438452,Route9
157.64,-31.1561649,136.0449426,Route9
157.0,-31.1566257,136.0459788,Route9
158.018,-31.1570977,136.0470739,Route9
159.744,-31.1573125,136.0476055,Route9
159.465,-31.1574217,136.0478757,Route9
159.494,-31.1576182,136.0483665,Route9
159.969,-31.1578663,136.0489861,Route9
159.901,-31.1579935,136.0493216,Route9
160.278,-31.1580663,136.0495137,Route9
160.959,-31.1581392,136.0497059,Route9
160.768,-31.1582751,136.0500645,Route9
160.581,-31.1584947,136.0506712,Route9
160.833,-31.1585648,136.0508648,Route9
160.364,-31.1587783,136.0514549,Route9
160.179,-31.1591169,136.0524175,Route9
160.376,-31.1591853,136.0526119,Route9
160.495,-31.1592011,136.0526568,Route9
159.899,-31.159639,136.0539822,Route9
160.0,-31.1597622,136.0543793,Route9
159.174,-31.1599352,136.054937,Route9
159.0,-31.1600054,136.0551706,Route9
160.751,-31.1601568,136.0556744,Route9
161.0,-31.1602446,136.0559635,Route9
160.739,-31.1603047,136.0561616,Route9
160.087,-31.1603631,136.0563541,Route9
158.689,-31.160626,136.0573923,Route9
158.274,-31.1610279,136.058896,Route9
155.768,-31.1614504,136.0605686,Route9
152.103,-31.1617231,136.0618074,Route9
153.037,-31.1618265,136.0622772,Route9
152.889,-31.1621539,136.0638481,Route9
153.0,-31.1621965,136.0640523,Route9
152.676,-31.1622391,136.0642566,Route9
152.575,-31.1622449,136.0642846,Route9
151.0,-31.1623516,136.0648732,Route9
153.629,-31.1624634,136.0654901,Route9
154.901,-31.1625458,136.0659449,Route9
154.104,-31.162737,136.0671409,Route9
158.341,-31.1628448,136.0678153,Route9
158.431,-31.1628903,136.0681323,Route9
157.0,-31.1630714,136.0693937,Route9
157.853,-31.1631245,136.0698354,Route9
156.754,-31.1633004,136.0712993,Route9
158.539,-31.1634908,136.0731835,Route9
157.106,-31.1636376,136.0750312,Route9
157.282,-31.1636512,136.0752645,Route9
158.085,-31.1636636,136.0754742,Route9
159.283,-31.1636759,136.075684,Route9
160.374,-31.1636882,136.0758937,Route9
156.0,-31.1637502,136.0769505,Route9
157.0,-31.1638199,136.0784581,Route9
157.0,-31.1638218,136.0785512,Route9
157.169,-31.1638419,136.0795029,Route9
154.889,-31.1638587,136.0811419,Route9
149.236,-31.163872,136.0857678,Route9
148.51,-31.1638726,136.085978,Route9
148.318,-31.1638732,136.0861882,Route9
149.791,-31.1638744,136.0866086,Route9
150.548,-31.163875,136.0868188,Route9
150.696,-31.1638756,136.087029,Route9
149.936,-31.1638762,136.0872392,Route9
148.233,-31.1638818,136.0892315,Route9
147.825,-31.1639295,136.0911681,Route9
147.356,-31.1639333,136.0913242,Route9
150.232,-31.1640359,136.0931774,Route9
150.568,-31.1640489,136.0933294,Route9
151.98,-31.1641741,136.0947939,Route9
152.989,-31.164245,136.0955451,Route9
150.352,-31.1643859,136.0968525,Route9
151.313,-31.1645725,136.0982444,Route9
152.25,-31.1648025,136.0996849,Route9
152.582,-31.1648838,136.1001331,Route9
151.978,-31.1649967,136.1007918,Route9
152.672,-31.1651868,136.1017846,Route9
153.399,-31.165406,136.1027404,Route9
154.0,-31.1656136,136.1037317,Route9
153.069,-31.1660327,136.1054732,Route9
155.52,-31.1673109,136.111008,Route9
155.976,-31.1673578,136.111211,Route9
156.313,-31.1674046,136.1114139,Route9
154.979,-31.167592,136.1122257,Route9
157.438,-31.1680138,136.1140522,Route9
155.862,-31.1682949,136.1152699,Route9
156.426,-31.1683962,136.1157086,Route9
154.903,-31.1689373,136.1182102,Route9
152.848,-31.1692089,136.1195699,Route9
151.66,-31.169535,136.121383,Route9
151.719,-31.1696442,136.1220236,Route9
151.224,-31.1697144,136.122436,Route9
152.0,-31.16989,136.1234668,Route9
152.0,-31.1699007,136.1235295,Route9
152.225,-31.1699224,136.1236735,Route9
152.97,-31.1699537,136.1238806,Route9
153.0,-31.1699849,136.1240876,Route9
152.836,-31.1701271,136.1250296,Route9
151.943,-31.1702277,136.1257451,Route9
154.0,-31.1705298,136.1278937,Route9
152.057,-31.1706804,136.1288535,Route9
152.349,-31.1707129,136.1290602,Route9
152.485,-31.1707416,136.1292431,Route9
153.961,-31.1710857,136.1312698,Route9
153.991,-31.1710984,136.1313356,Route9
153.251,-31.1712151,136.1319439,Route9
153.839,-31.1717034,136.1344891,Route9
152.473,-31.1720415,136.1360353,Route9
151.0,-31.1722317,136.136897,Route9
153.0,-31.1729926,136.1403612,Route9
153.579,-31.1731724,136.1411753,Route9
152.191,-31.1738358,136.144153,Route9
154.264,-31.1739419,136.1446368,Route9
154.0,-31.1748226,136.1484894,Route9
150.587,-31.1756702,136.1524994,Route9
152.842,-31.175897,136.1535276,Route9
151.586,-31.17594,136.1537221,Route9
151.522,-31.1759421,136.1537311,Route9
150.445,-31.1759874,136.1539251,Route9
152.815,-31.1764402,136.1559596,Route9
156.063,-31.1775765,136.1610476,Route9
159.812,-31.1781595,136.1636947,Route9
159.8,-31.1781608,136.1637004,Route9
159.489,-31.1782062,136.1639038,Route9
160.038,-31.1787961,136.1665432,Route9
159.875,-31.1791168,136.1679715,Route9
159.982,-31.1791616,136.1681711,Route9
159.985,-31.1791624,136.1681749,Route9
158.82,-31.1793901,136.1691882,Route9
160.938,-31.1797049,136.1706135,Route9
159.655,-31.1797955,136.1710213,Route9
157.894,-31.1799363,136.1716324,Route9
157.337,-31.1799825,136.1718332,Route9
157.331,-31.179983,136.1718355,Route9
158.215,-31.1801151,136.1724446,Route9
153.0,-31.1811197,136.1769206,Route9
146.65,-31.1824116,136.1827229,Route9
145.249,-31.1825028,136.1831204,Route9
145.29,-31.1825048,136.183129,Route9
147.0,-31.1826385,136.1837309,Route9
144.015,-31.1844072,136.1916971,Route9
146.0,-31.184663,136.1930043,Route9
144.0,-31.1849166,136.1944039,Route9
143.278,-31.1850773,136.1954232,Route9
142.018,-31.1852697,136.196834,Route9
143.823,-31.1853952,136.1977923,Route9
142.186,-31.1855133,136.1991555,Route9
144.533,-31.1855983,136.2003647,Route9
142.064,-31.1856833,136.2017052,Route9
142.318,-31.1856951,136.2019956,Route9
141.527,-31.185722,136.2026013,Route9
140.37,-31.1857525,136.2037441,Route9
142.55,-31.1857503,136.2054152,Route9
140.813,-31.1857416,136.2062549,Route9
139.169,-31.1856995,136.207453,Route9
139.0,-31.1856191,136.2088719,Route9
139.92,-31.1855338,136.2100049,Route9
140.558,-31.1852905,136.2123848,Route9
140.976,-31.1852793,136.2124949,Route9
138.888,-31.1851489,136.2134427,Route9
137.076,-31.1850468,136.2141878,Route9
137.854,-31.1850113,136.2144039,Route9
140.174,-31.1847862,136.2157707,Route9
139.644,-31.1844205,136.2176083,Route9
139.316,-31.1840899,136.2196091,Route9
136.276,-31.1837884,136.2217423,Route9
137.751,-31.1836495,136.2231248,Route9
135.2,-31.1835553,136.2241652,Route9
137.4,-31.1835,136.2249123,Route9
137.0,-31.1834604,136.2254419,Route9
132.124,-31.1833967,136.2266322,Route9
134.882,-31.1833542,136.2277907,Route9
134.0,-31.1833354,136.2288565,Route9
134.001,-31.1833328,136.2290319,Route9
135.542,-31.1833325,136.2295955,Route9
136.301,-31.1833323,136.2298057,Route9
136.437,-31.1833321,136.2301565,Route9
136.183,-31.183334,136.2302261,Route9
135.99,-31.1833396,136.2304362,Route9
133.393,-31.1833967,136.2325856,Route9
132.982,-31.1834016,136.2326721,Route9
131.487,-31.1834719,136.2338916,Route9
130.592,-31.1834841,136.2340539,Route9
130.337,-31.18357,136.2351757,Route9
131.251,-31.1836702,136.2362399,Route9
126.528,-31.1838155,136.2375377,Route9
126.346,-31.1838408,136.2377662,Route9
127.302,-31.1838958,136.2381486,Route9
127.249,-31.1843897,136.2413197,Route9
126.346,-31.1845749,136.2423189,Route9
126.545,-31.1848095,136.2434581,Route9
126.198,-31.1848819,136.2437789,Route9
126.478,-31.1851449,136.2449171,Route9
124.764,-31.1854864,136.2462457,Route9
127.269,-31.185908,136.2477768,Route9
125.238,-31.1866458,136.2502063,Route9
124.356,-31.1870586,136.2515679,Route9
124.294,-31.1870688,136.2515849,Route9
123.018,-31.1872273,136.2520923,Route9
122.498,-31.1874099,136.2527065,Route9
124.51,-31.1879079,136.2544556,Route9
122.179,-31.188268,136.2556614,Route9
123.213,-31.1887231,136.2570436,Route9
123.357,-31.188755,136.2571499,Route9
120.419,-31.1893789,136.2592286,Route9
118.073,-31.190707,136.2636159,Route9
116.563,-31.1908521,136.2640885,Route9
116.613,-31.1912167,136.2652758,Route9
117.529,-31.1912775,136.2654737,Route9
122.892,-31.1916421,136.2666611,Route9
122.896,-31.1916956,136.2668354,Route9
121.113,-31.192239,136.2686445,Route9
121.067,-31.1934904,136.2728107,Route9
121.189,-31.1935059,136.2728623,Route9
121.65,-31.1935503,136.2730089,Route9
125.0,-31.194871,136.2773695,Route9
124.0,-31.1950511,136.2779641,Route9
124.0,-31.1950929,136.2781021,Route9
124.137,-31.1952093,136.2784876,Route9
124.138,-31.1952306,136.278559,Route9
124.591,-31.1952899,136.2787575,Route9
124.726,-31.1953833,136.2790704,Route9
123.063,-31.195648,136.2799476,Route9
123.0,-31.196007,136.2811374,Route9
124.278,-31.1964661,136.2826591,Route9
124.349,-31.1964858,136.2827236,Route9
122.95,-31.1967511,136.283591,Route9
125.314,-31.1968692,136.2839762,Route9
127.19,-31.1970313,136.2845212,Route9
126.428,-31.1971386,136.284865,Route9
126.13,-31.1971506,136.2849021,Route9
123.956,-31.1977218,136.2866728,Route9
123.108,-31.1977598,136.2867906,Route9
120.2,-31.1985658,136.2892221,Route9
120.926,-31.1986308,136.2894182,Route9
122.317,-31.1987607,136.2898103,Route9
121.648,-31.1990856,136.2907907,Route9
121.483,-31.1991009,136.2908367,Route9
124.0,-31.2008257,136.2957768,Route9
125.443,-31.2015399,136.297797,Route9
123.455,-31.2023695,136.2999607,Route9
123.721,-31.2024226,136.3000986,Route9
123.987,-31.2024964,136.3002903,Route9
124.253,-31.2025702,136.3004821,Route9
124.298,-31.202644,136.3006738,Route9
122.122,-31.203013,136.3016327,Route9
122.0,-31.2037511,136.3035503,Route9
121.433,-31.2040463,136.3043174,Route9
121.0,-31.2041856,136.3046794,Route9
120.055,-31.2043483,136.3050808,Route9
116.271,-31.2054828,136.3078796,Route9
118.072,-31.2059036,136.308873,Route9
117.379,-31.2059834,136.3090615,Route9
114.181,-31.2072373,136.3120217,Route9
114.391,-31.2079844,136.3136449,Route9
111.647,-31.2085438,136.3148515,Route9
111.092,-31.2086055,136.3149796,Route9
112.677,-31.2090891,136.3159838,Route9
113.883,-31.2096802,136.3171594,Route9
108.931,-31.2104193,136.3185719,Route9
106.286,-31.2106977,136.3190829,Route9
107.312,-31.2114213,136.3204109,Route9
110.1,-31.2124354,136.322176,Route9
109.742,-31.2125671,136.3224053,Route9
110.949,-31.2127916,136.3227782,Route9
108.272,-31.2135356,136.3240146,Route9
107.823,-31.2140357,136.3248198,Route9
108.055,-31.2141414,136.32499,Route9
108.135,-31.2149868,136.3263514,Route9
108.804,-31.2151982,136.3266918,Route9
109.164,-31.2152365,136.3267535,Route9
109.479,-31.2153421,136.3269236,Route9
109.105,-31.2154478,136.3270939,Route9
111.529,-31.2170915,136.329741,Route9
110.551,-31.2175262,136.330479,Route9
113.907,-31.21885,136.3326843,Route9
114.077,-31.2194658,136.3337631,Route9
114.921,-31.2201836,136.335065,Route9
115.0,-31.2203603,136.3353928,Route9
115.0,-31.2204214,136.3355062,Route9
114.537,-31.2205173,136.3356842,Route9
113.664,-31.2206479,136.3359267,Route9
113.023,-31.2207438,136.3361046,Route9
113.0,-31.2207884,136.3361873,Route9
113.0,-31.2208044,136.3362184,Route9
113.689,-31.2213628,136.337299,Route9
114.487,-31.2217697,136.3381069,Route9
114.575,-31.2219433,136.3384515,Route9
114.519,-31.2219533,136.3384713,Route9
114.879,-31.2222638,136.3391185,Route9
110.546,-31.222904,136.3404528,Route9
106.664,-31.2237344,136.3422898,Route9
108.28,-31.2239666,136.3428234,Route9
108.574,-31.2240482,136.3430109,Route9
108.764,-31.2240778,136.3430788,Route9
110.0,-31.2242772,136.3435372,Route9
110.0,-31.2242925,136.3435735,Route9
108.088,-31.2246844,136.3445067,Route9
109.0,-31.2248422,136.344898,Route9
108.426,-31.2253788,136.3462283,Route9
107.031,-31.2258183,136.3473826,Route9
107.089,-31.2258567,136.3474834,Route9
110.213,-31.2260378,136.347959,Route9
110.79,-31.2260643,136.3480286,Route9
110.923,-31.2261375,136.3482208,Route9
111.0,-31.2261842,136.3483432,Route9
109.339,-31.2271356,136.350841,Route9
109.768,-31.2272088,136.3510332,Route9
109.833,-31.2273008,136.3512747,Route9
109.468,-31.2273549,136.3514176,Route9
117.535,-31.2290298,136.3558412,Route9
117.1,-31.2295019,136.3570882,Route9
117.224,-31.2297844,136.3578343,Route9
116.698,-31.2302677,136.3591109,Route9
117.059,-31.2302941,136.3591806,Route9
118.407,-31.2304861,136.3596879,Route9
122.688,-31.231287,136.3618037,Route9
122.458,-31.2313134,136.3618734,Route9
122.105,-31.2313598,136.361996,Route9
121.996,-31.2315782,136.3625731,Route9
122.147,-31.2317238,136.3629577,Route9
120.914,-31.2325975,136.3652659,Route9
121.0,-31.2326703,136.3654583,Route9
120.316,-31.2327431,136.3656506,Route9
119.206,-31.2328159,136.3658429,Route9
118.344,-31.2328887,136.3660353,Route9
117.903,-31.2329615,136.3662276,Route9
117.87,-31.2329762,136.3662664,Route9
117.709,-31.2330314,136.3664215,Route9
117.484,-31.2331929,136.3668753,Route9
115.532,-31.233426,136.3675975,Route9
110.993,-31.2336396,136.3683092,Route9
109.394,-31.2338171,136.3689667,Route9
108.484,-31.2340018,136.3697115,Route9
106.609,-31.2341635,136.3704439,Route9
107.0,-31.2344149,136.3718118,Route9
105.866,-31.2344817,136.372267,Route9
105.586,-31.2345276,136.3725797,Route9
105.027,-31.2345648,136.3728905,Route9
104.286,-31.2345897,136.3730988,Route9
103.375,-31.23461,136.373268,Route9
103.473,-31.2346912,136.3741056,Route9
104.624,-31.2347091,136.3743531,Route9
105.43,-31.2347243,136.3745627,Route9
106.0,-31.2347404,136.3747855,Route9
103.299,-31.2347846,136.3759248,Route9
105.491,-31.2347916,136.3766642,Route9
108.286,-31.2347775,136.3772463,Route9
106.806,-31.234761,136.3778629,Route9
105.073,-31.234725,136.3795423,Route9
107.012,-31.2347165,136.3799392,Route9
105.9,-31.2347163,136.3808043,Route9
106.625,-31.2347162,136.3810147,Route9
106.957,-31.2347162,136.3811711,Route9
105.256,-31.2347578,136.3823806,Route9
104.051,-31.2348165,136.383618,Route9
105.703,-31.234835,136.3839407,Route9
106.559,-31.2348776,136.3846321,Route9
107.67,-31.2349256,136.3852137,Route9
107.794,-31.2349429,136.3854231,Route9
107.826,-31.2349517,136.3855298,Route9
106.884,-31.2349841,136.385841,Route9
107.076,-31.2350151,136.3861381,Route9
106.873,-31.2350276,136.3862586,Route9
106.774,-31.2350368,136.3863469,Route9
107.429,-31.2351126,136.3870754,Route9
107.134,-31.2351268,136.3871816,Route9
106.665,-31.2351547,136.3873895,Route9
106.453,-31.2351825,136.3875973,Route9
107.876,-31.2352264,136.3879251,Route9
108.999,-31.2352821,136.3883407,Route9
109.906,-31.2354065,136.3892692,Route9
110.991,-31.2355568,136.3902049,Route9
110.791,-31.2357388,136.3912363,Route9
110.926,-31.2357468,136.3912819,Route9
111.906,-31.2359158,136.3921345,Route9
113.865,-31.2360924,136.3929761,Route9
113.918,-31.2361128,136.3930782,Route9
111.793,-31.2362771,136.393903,Route9
111.93,-31.2362898,136.3939851,Route9
112.709,-31.2363522,136.3943885,Route9
112.724,-31.2363534,136.3943992,Route9
112.611,-31.2363664,136.3945197,Route9
112.595,-31.2363671,136.3945261,Route9
112.375,-31.2363765,136.3946078,Route9
111.838,-31.2364143,136.3949367,Route9
111.738,-31.2364382,136.3951452,Route9
111.74,-31.2364421,136.3951787,Route9
111.831,-31.236454,136.3953547,Route9
111.967,-31.2364654,136.3955218,Route9
113.154,-31.2364984,136.396154,Route9
117.806,-31.2365223,136.3971231,Route9
118.348,-31.2364871,136.3980572,Route9
119.892,-31.2364299,136.3988,Route9
124.226,-31.2363334,136.3995744,Route9
122.082,-31.2362202,136.4002197,Route9
122.032,-31.2362133,136.4002533,Route9
122.579,-31.2361892,136.4003714,Route9
123.155,-31.2361715,136.4004578,Route9
126.071,-31.2360896,136.4008578,Route9
126.084,-31.2360602,136.4009841,Route9
123.992,-31.2359656,136.40139,Route9
123.481,-31.2359474,136.401468,Route9
123.0,-31.2357751,136.4020939,Route9
123.0,-31.2357439,136.4021903,Route9
121.955,-31.2355711,136.402724,Route9
121.354,-31.2353834,136.40325,Route9
119.049,-31.235036,136.4042238,Route9
121.431,-31.2347603,136.4050439,Route9
119.918,-31.2345198,136.4057493,Route9
120.892,-31.2341111,136.4070716,Route9
121.0,-31.2339856,136.4074833,Route9
123.071,-31.2335134,136.409198,Route9
123.018,-31.2335118,136.4092038,Route9
119.502,-31.2333501,136.4098528,Route9
117.804,-31.2330294,136.411218,Route9
117.374,-31.2328334,136.4120923,Route9
117.094,-31.2327517,136.4124984,Route9
119.972,-31.2324766,136.4138733,Route9
117.079,-31.23237,136.4145302,Route9
114.837,-31.2322098,136.4155341,Route9
114.673,-31.2321768,136.4157409,Route9
112.949,-31.2321109,136.4161545,Route9
111.699,-31.2320798,136.4163493,Route9
111.783,-31.2320507,136.4165692,Route9
112.51,-31.2320232,136.4167771,Route9
113.331,-31.2319958,136.416985,Route9
115.542,-31.231848,136.4181026,Route9
115.457,-31.231734,136.419199,Route9
117.902,-31.2316241,136.4203279,Route9
115.471,-31.2315196,136.4216408,Route9
115.409,-31.2315024,136.4219984,Route9
115.805,-31.2314822,136.4224185,Route9
115.875,-31.2314808,136.4224483,Route9
115.859,-31.2314423,136.4232586,Route9
115.818,-31.2314387,136.4233341,Route9
114.836,-31.2314345,136.4236791,Route9
114.839,-31.2314337,136.4237439,Route9
114.86,-31.2314283,136.4238893,Route9
116.774,-31.2314075,136.4244519,Route9
114.975,-31.2313946,136.4253336,Route9
112.984,-31.2313947,136.426595,Route9
112.555,-31.2314199,136.4278703,Route9
109.078,-31.2314726,136.4297945,Route9
111.274,-31.2314823,136.430408,Route9
112.495,-31.2314856,136.4306183,Route9
112.989,-31.2314889,136.4308286,Route9
111.45,-31.2314988,136.4314596,Route9
111.007,-31.2315021,136.4316699,Route9
113.504,-31.2315268,136.4332393,Route9
114.508,-31.2315255,136.4341938,Route9
114.509,-31.2315252,136.4344041,Route9
109.049,-31.231521,136.4373218,Route9
110.217,-31.231471,136.4404815,Route9
110.272,-31.2314645,136.4407139,Route9
111.084,-31.2314528,136.4411344,Route9
108.0,-31.2314135,136.4425399,Route9
105.141,-31.2313618,136.4440125,Route9
106.479,-31.2313394,136.4444972,Route9
104.93,-31.2313102,136.4451273,Route9
104.0,-31.2312908,136.4455474,Route9
104.282,-31.2312811,136.4457575,Route9
104.906,-31.2312714,136.4459675,Route9
105.937,-31.2312617,136.4461776,Route9
108.631,-31.2312134,136.4472217,Route9
107.049,-31.2311336,136.4486023,Route9
107.0,-31.2311038,136.4491166,Route9
106.077,-31.2310416,136.4501922,Route9
108.165,-31.2308125,136.4533095,Route9
106.59,-31.2307964,136.4535291,Route9
107.306,-31.2307124,136.454741,Route9
109.106,-31.2306704,136.4554611,Route9
108.519,-31.2305783,136.4573545,Route9
107.936,-31.2305369,136.4597045,Route9
104.075,-31.2305513,136.4610822,Route9
104.032,-31.2305535,136.4612925,Route9
103.994,-31.230559,136.461814,Route9
103.998,-31.2305629,136.4619234,Route9
105.362,-31.2305704,136.4621336,Route9
107.242,-31.2305779,136.4623437,Route9
108.806,-31.2305854,136.4625539,Route9
108.859,-31.2305929,136.4627641,Route9
106.827,-31.2306154,136.4633946,Route9
106.491,-31.2306255,136.4636775,Route9
108.712,-31.2306494,136.4641821,Route9
109.392,-31.2306649,136.4644447,Route9
107.036,-31.2306888,136.4648505,Route9
106.945,-31.23069,136.4648643,Route9
105.929,-31.2307044,136.4650258,Route9
105.685,-31.2307076,136.4650736,Route9
104.717,-31.2307547,136.4657747,Route9
103.58,-31.2308515,136.4667916,Route9
102.15,-31.2309551,136.4675801,Route9
101.277,-31.2310218,136.4680883,Route9
99.494,-31.2312036,136.4690997,Route9
101.0,-31.2313471,136.4698473,Route9
101.0,-31.2313551,136.4698891,Route9
101.0,-31.2313711,136.4699726,Route9
100.813,-31.2313883,136.470052,Route9
99.922,-31.2314323,136.4702559,Route9
98.58,-31.2314763,136.4704599,Route9
98.265,-31.2314874,136.4705109,Route9
97.42,-31.2315251,136.4706623,Route9
96.95,-31.2316496,136.4711626,Route9
97.568,-31.2317386,136.4715048,Route9
98.0,-31.2320917,136.472733,Route9
95.77,-31.232393,136.4736483,Route9
95.91,-31.2328152,136.4748146,Route9
95.544,-31.2331422,136.4756475,Route9
96.405,-31.2334728,136.4764148,Route9
95.299,-31.2336941,136.4768875,Route9
95.087,-31.2340007,136.4775406,Route9
93.41,-31.2345796,136.4786527,Route9
93.654,-31.2353271,136.4799481,Route9
90.87,-31.2356339,136.4804279,Route9
90.334,-31.2360184,136.4810294,Route9
90.978,-31.2364174,136.481606,Route9
91.0,-31.2365257,136.4817539,Route9
90.826,-31.2367497,136.4820603,Route9
91.0,-31.2369358,136.4823142,Route9
91.117,-31.2374554,136.4829801,Route9
90.274,-31.2377016,136.4832741,Route9
90.0,-31.2382043,136.4838758,Route9
90.546,-31.2384849,136.4842113,Route9
90.999,-31.2386107,136.4843617,Route9
90.305,-31.2387365,136.4845121,Route9
89.311,-31.2388622,136.4846624,Route9
88.79,-31.238988,136.4848128,Route9
90.766,-31.2394003,136.4853056,Route9
93.647,-31.2404971,136.4866176,Route9
94.73,-31.2406229,136.486768,Route9
95.812,-31.2407486,136.4869184,Route9
96.514,-31.2408743,136.4870688,Route9
97.584,-31.2410001,136.4872193,Route9
98.567,-31.2412516,136.4875201,Route9
97.051,-31.2419598,136.4883672,Route9
100.434,-31.2422576,136.4887233,Route9
102.289,-31.2423834,136.4888737,Route9
101.492,-31.2430014,136.4896126,Route9
105.073,-31.2435004,136.4902439,Route9
105.041,-31.2436225,136.4903983,Route9
105.481,-31.2437446,136.4905528,Route9
105.207,-31.2440414,136.4909284,Route9
105.123,-31.2441084,136.4910188,Route9
101.477,-31.2444692,136.4915053,Route9
101.286,-31.2446371,136.4917461,Route9
101.556,-31.2446898,136.4918212,Route9
102.83,-31.244804,136.4919838,Route9
104.022,-31.2448901,136.4921064,Route9
103.933,-31.2452434,136.49265,Route9
104.125,-31.2453522,136.4928175,Route9
103.762,-31.2455175,136.4930718,Route9
102.293,-31.2458721,136.4936486,Route9
104.908,-31.2461818,136.4941921,Route9
104.16,-31.2464334,136.4946335,Route9
105.277,-31.2466694,136.4950758,Route9
105.623,-31.2467646,136.4952543,Route9
104.282,-31.2468904,136.4954899,Route9
103.565,-31.2471798,136.4960693,Route9
101.777,-31.2475791,136.4969204,Route9
100.85,-31.2480139,136.4979168,Route9
101.106,-31.2482821,136.4985749,Route9
99.385,-31.2485691,136.4993678,Route9
98.536,-31.2486392,136.4995616,Route9
98.94,-31.2489014,136.5002861,Route9
98.689,-31.2491029,136.5009175,Route9
96.021,-31.2494504,136.5021054,Route9
96.038,-31.2494551,136.5021234,Route9
97.816,-31.2496133,136.5027268,Route9
98.0,-31.2496462,136.5028521,Route9
98.0,-31.2496642,136.5029285,Route9
98.273,-31.249712,136.5031314,Route9
98.799,-31.2498494,136.503714,Route9
98.983,-31.2501207,136.5050561,Route9
103.866,-31.2503151,136.5062117,Route9
102.545,-31.2505067,136.5075872,Route9
107.96,-31.2507344,136.5093891,Route9
107.388,-31.2508208,136.5101594,Route9
109.386,-31.2509427,136.511246,Route9
109.561,-31.2509774,136.5116206,Route9
109.412,-31.2509968,136.5118298,Route9
109.451,-31.2510356,136.5122481,Route9
107.609,-31.2511719,136.5137196,Route9
109.6,-31.2513765,136.5165762,Route9
109.873,-31.2513805,136.5166476,Route9
110.896,-31.2515221,136.5191955,Route9
111.789,-31.2515869,136.5206377,Route9
110.365,-31.251616,136.5212846,Route9
111.995,-31.2516288,136.5218989,Route9
112.571,-31.2516332,136.5221093,Route9
112.895,-31.2516376,136.5223196,Route9
114.965,-31.2516534,136.5230785,Route9
115.934,-31.2516641,136.5247381,Route9
115.552,-31.2516639,136.524844,Route9
116.311,-31.2516611,136.5260172,Route9
114.969,-31.251648,136.5274252,Route9
117.587,-31.251616,136.5287121,Route9
117.435,-31.2515947,136.5294933,Route9
119.569,-31.2515259,136.5311528,Route9
119.582,-31.2515256,136.5311604,Route9
120.0,-31.2515038,136.5315728,Route9
119.224,-31.2514512,136.5325673,Route9
119.965,-31.2513933,136.5335927,Route9
119.823,-31.2513397,136.5343744,Route9
118.32,-31.2512925,136.5350114,Route9
120.395,-31.2512207,136.5359133,Route9
121.864,-31.2511328,136.5369593,Route9
120.174,-31.2510628,136.5376514,Route9
120.195,-31.251057,136.5377082,Route9
120.848,-31.2510405,136.5378602,Route9
123.683,-31.2509951,136.5382776,Route9
124.251,-31.2509737,136.5384741,Route9
125.765,-31.2508804,136.539232,Route9
123.368,-31.2507469,136.5401485,Route9
123.603,-31.2507296,136.5402673,Route9
123.858,-31.2507159,136.5403557,Route9
124.476,-31.2506838,136.5405627,Route9
125.0,-31.2506162,136.540999,Route9
125.232,-31.250584,136.541183,Route9
126.179,-31.2505059,136.5416295,Route9
127.375,-31.2504022,136.5422083,Route9
129.001,-31.2502787,136.5428276,Route9
128.775,-31.2501685,136.5433802,Route9
130.03,-31.2500434,136.5439429,Route9
131.643,-31.2497807,136.5450671,Route9
132.962,-31.2497327,136.5452724,Route9
130.826,-31.2495982,136.5457811,Route9
132.514,-31.2493017,136.5468757,Route9
132.853,-31.2492463,136.5470802,Route9
133.213,-31.249192,136.5472764,Route9
133.915,-31.2491365,136.5474765,Route9
134.244,-31.2490811,136.5476767,Route9
133.809,-31.2490256,136.5478768,Route9
133.485,-31.2487483,136.5488775,Route9
133.417,-31.2486361,136.5492824,Route9
137.419,-31.2482529,136.5506801,Route9
137.595,-31.2480982,136.5512441,Route9
138.093,-31.2479779,136.5516817,Route9
139.179,-31.2479228,136.5518819,Route9
139.82,-31.2478677,136.5520822,Route9
140.532,-31.2478126,136.5522825,Route9
142.751,-31.2477024,136.552683,Route9
142.917,-31.2476612,136.5528328,Route9
143.755,-31.247501,136.5534381,Route9
145.141,-31.2474243,136.5537259,Route9
145.335,-31.2473154,136.5541767,Route9
145.368,-31.2472359,136.5545377,Route9
147.74,-31.247136,136.5550455,Route9
148.073,-31.2470881,136.55532,Route9
149.009,-31.2470262,136.555675,Route9
149.205,-31.2470178,136.5557327,Route9
150.084,-31.2469576,136.5561475,Route9
150.692,-31.2469339,136.5563108,Route9
150.828,-31.2469285,136.5563551,Route9
151.479,-31.2469031,136.5565634,Route9
152.473,-31.2468707,136.5568288,Route9
153.487,-31.2468442,136.5570798,Route9
155.15,-31.2468066,136.5575277,Route9
157.442,-31.2467765,136.5578992,Route9
159.206,-31.2467645,136.5581401,Route9
160.939,-31.246746,136.5585875,Route9
161.988,-31.2467314,136.5591114,Route9
163.953,-31.2467263,136.5595899,Route9
165.192,-31.2467335,136.5599197,Route9
165.545,-31.2467355,136.560011,Route9
166.521,-31.2467406,136.5602169,Route9
167.235,-31.2467453,136.5603402,Route9
168.593,-31.2467534,136.5605504,Route9
169.672,-31.2467577,136.5606612,Route9
170.652,-31.2467635,136.5607604,Route9
173.643,-31.2467872,136.5611625,Route9
173.718,-31.2467886,136.5611802,Route9
175.453,-31.2468401,136.5618084,Route9
175.964,-31.2468503,136.5619334,Route9
176.102,-31.2468593,136.5620176,Route9
176.946,-31.246904,136.5624351,Route9
177.116,-31.2469123,136.562513,Route9
178.082,-31.24699,136.5630927,Route9
179.517,-31.2470787,136.5636569,Route9
179.41,-31.2471534,136.5640706,Route9
178.0,-31.2472396,136.564501,Route9
178.0,-31.2472675,136.5646349,Route9
178.0,-31.2473224,136.5648927,Route9
180.493,-31.2474517,136.5654368,Route9
180.686,-31.2474617,136.5654737,Route9
181.038,-31.2475706,136.5658747,Route9
181.714,-31.2476555,136.5661875,Route9
182.894,-31.2478224,136.5667305,Route9
182.671,-31.2479291,136.5670651,Route9
184.059,-31.2479919,136.5672622,Route9
184.243,-31.247999,136.5672843,Route9
185.685,-31.2480615,136.5674562,Route9
187.079,-31.2481319,136.5676498,Route9
188.236,-31.2482023,136.5678433,Route9
188.269,-31.2482056,136.5678524,Route9
188.925,-31.2482772,136.5680347,Route9
189.586,-31.2483523,136.5682258,Route9
190.401,-31.2484273,136.5684166,Route9
191.593,-31.2485073,136.5686055,Route9
191.515,-31.2487414,136.569158,Route9
192.837,-31.2489728,136.5696573,Route9
194.507,-31.2492681,136.5702561,Route9
193.428,-31.2495239,136.5707435,Route9
193.166,-31.2495603,136.5708075,Route9
193.283,-31.2496598,136.5709827,Route9
193.937,-31.2497593,136.571158,Route9
194.123,-31.2498589,136.5713332,Route9
194.33,-31.2499222,136.5714447,Route9
194.587,-31.24996,136.5715072,Route9
195.55,-31.2500639,136.5716789,Route9
194.449,-31.2502956,136.5720619,Route9
191.573,-31.2506257,136.5725648,Route9
190.744,-31.2508276,136.572849,Route9
190.491,-31.2509426,136.5730108,Route9
191.006,-31.2511176,136.5732571,Route9
192.984,-31.2516631,136.5739501,Route9
193.173,-31.2517146,136.5740155,Route9
193.428,-31.2517856,136.5741042,Route9
195.17,-31.2527651,136.5753272,Route9
194.194,-31.2532426,136.5759664,Route9
197.738,-31.2538343,136.5767586,Route9
197.932,-31.253915,136.5768666,Route9
196.512,-31.254065,136.5770814,Route9
195.804,-31.2541788,136.5772444,Route9
194.818,-31.2542926,136.5774073,Route9
194.61,-31.2544064,136.5775702,Route9
193.583,-31.2548842,136.5782541,Route9
193.304,-31.2558893,136.5797929,Route9
198.472,-31.2565309,136.5808241,Route9
199.541,-31.2572778,136.5820892,Route9
198.405,-31.2573972,136.5823068,Route9
198.942,-31.2574944,136.5824839,Route9
199.027,-31.2580518,136.5834997,Route9
200.052,-31.2584517,136.584265,Route9
199.533,-31.2586205,136.5845881,Route9
200.035,-31.2587334,136.5848034,Route9
199.792,-31.2587917,136.5849146,Route9
199.719,-31.2589247,136.5851726,Route9
201.587,-31.2590954,136.5855306,Route9
202.538,-31.259183,136.5857143,Route9
202.539,-31.2592706,136.5858981,Route9
201.951,-31.2593357,136.5860345,Route9
201.696,-31.2593577,136.5860822,Route9
200.234,-31.2595288,136.5864523,Route9
198.488,-31.2598549,136.5871573,Route9
199.963,-31.2601186,136.5877535,Route9
200.161,-31.2602013,136.5879404,Route9
199.688,-31.2603724,136.5883273,Route9
200.431,-31.26054,136.588729,Route9
198.141,-31.2610285,136.5899308,Route9
202.717,-31.2614751,136.5910866,Route9
199.178,-31.2617401,136.5918215,Route9
199.411,-31.2620182,136.5926257,Route9
197.759,-31.2626002,136.5944065,Route9
199.526,-31.2627471,136.5948989,Route9
199.897,-31.2628063,136.5950975,Route9
202.535,-31.2630729,136.5959918,Route9
202.781,-31.2631003,136.5960919,Route9
201.756,-31.2631552,136.5962922,Route9
200.68,-31.2632101,136.5964926,Route9
199.738,-31.263265,136.596693,Route9
199.017,-31.2633422,136.5969749,Route9
200.0,-31.2636527,136.5981962,Route9
199.802,-31.2639879,136.5996671,Route9
200.44,-31.264129,136.6003423,Route9
200.958,-31.2641797,136.6005846,Route9
201.212,-31.2642539,136.6009192,Route9
201.9,-31.2643604,136.6014589,Route9
201.646,-31.264381,136.6015698,Route9
202.0,-31.2645142,136.6022881,Route9
201.643,-31.2645666,136.6025992,Route9
200.019,-31.264706,136.6034259,Route9
200.07,-31.2647391,136.6036318,Route9
200.784,-31.2647799,136.6038858,Route9
200.958,-31.2649413,136.6050554,Route9
199.08,-31.265246,136.6074025,Route9
199.061,-31.2655955,136.6101178,Route9
200.639,-31.2658945,136.6123713,Route9
204.007,-31.2661199,136.614109,Route9
203.619,-31.2661624,136.6144462,Route9
202.689,-31.2664017,136.6163447,Route9
203.253,-31.266672,136.6183995,Route9
203.989,-31.2666994,136.6186075,Route9
204.895,-31.2667456,136.6189586,Route9
198.276,-31.267114,136.6218683,Route9
201.481,-31.2673327,136.6235532,Route9
202.022,-31.2674727,136.6246606,Route9
203.553,-31.2677718,136.6270873,Route9
202.0,-31.2679048,136.6281414,Route9
201.617,-31.268,136.6288649,Route9
200.153,-31.2682388,136.6306255,Route9
202.861,-31.2683739,136.6317633,Route9
201.167,-31.2683947,136.6319278,Route9
201.0,-31.2684209,136.632136,Route9
201.439,-31.2684471,136.6323442,Route9
202.377,-31.2684996,136.6327606,Route9
202.183,-31.2685177,136.6329045,Route9
201.085,-31.2685876,136.6334872,Route9
201.041,-31.2685996,136.6335941,Route9
200.849,-31.2686701,136.63422,Route9
200.345,-31.2686931,136.6344249,Route9
201.254,-31.2688536,136.6362172,Route9
199.52,-31.2689334,136.6373412,Route9
200.61,-31.2689972,136.6384901,Route9
201.932,-31.2690222,136.6391091,Route9
200.778,-31.2690471,136.6397937,Route9
198.674,-31.269076,136.6408033,Route9
199.397,-31.2690829,136.6413252,Route9
199.051,-31.2690833,136.6420827,Route9
198.816,-31.2690589,136.6440206,Route9
197.733,-31.2690103,136.6451694,Route9
198.991,-31.2689336,136.6466822,Route9
199.261,-31.2688343,136.6479654,Route9
199.342,-31.2687831,136.6485831,Route9
201.047,-31.2687225,136.6492329,Route9
198.304,-31.2686148,136.6502368,Route9
198.407,-31.2684865,136.6512554,Route9
197.737,-31.2683863,136.6520185,Route9
199.986,-31.2682825,136.6527738,Route9
200.467,-31.2681439,136.6536717,Route9
200.542,-31.2680403,136.6542852,Route9
199.164,-31.2679285,136.6549004,Route9
198.805,-31.2678444,136.6553491,Route9
197.159,-31.2677605,136.6557862,Route9
195.881,-31.2676082,136.6565387,Route9
197.0,-31.2674004,136.6575219,Route9
197.0,-31.2672345,136.6582677,Route9
197.603,-31.2670548,136.6590207,Route9
195.522,-31.2668117,136.6599842,Route9
197.641,-31.2665249,136.661069,Route9
197.0,-31.2660189,136.6628679,Route9
196.428,-31.2654172,136.6649589,Route9
194.048,-31.2649866,136.6664468,Route9
193.448,-31.2625597,136.6748865,Route9
193.727,-31.2624716,136.6751933,Route9
193.384,-31.2621354,136.6763691,Route9
193.183,-31.2620783,136.6765687,Route9
195.524,-31.261793,136.6775664,Route9
195.271,-31.2617359,136.6777659,Route9
193.417,-31.2597796,136.6846063,Route9
187.466,-31.2585971,136.6887406,Route9
188.232,-31.25854,136.6889401,Route9
189.319,-31.2584829,136.6891396,Route9
187.024,-31.258049,136.6906566,Route9
187.679,-31.257969,136.6909353,Route9
192.0,-31.2569379,136.694526,Route9
192.0,-31.2568808,136.6947249,Route9
194.735,-31.255907,136.6981156,Route9
194.941,-31.2558497,136.698315,Route9
194.399,-31.2557924,136.6985145,Route9
192.766,-31.2556205,136.6991128,Route9
194.242,-31.255506,136.6995117,Route9
193.179,-31.255105,136.7009078,Route9
195.254,-31.2548186,136.701905,Route9
195.275,-31.2546467,136.7025033,Route9
195.827,-31.2545894,136.7027028,Route9
196.019,-31.2544175,136.7033011,Route9
193.155,-31.254116,136.7043507,Route9
192.793,-31.2540738,136.7044977,Route9
192.878,-31.2540166,136.7046972,Route9
193.192,-31.2532727,136.7072902,Route9
195.133,-31.2521281,136.7112795,Route9
194.823,-31.2520708,136.7114789,Route9
194.043,-31.2519563,136.7118778,Route9
193.915,-31.2518991,136.7120773,Route9
191.069,-31.2502586,136.7177935,Route9
189.552,-31.2500695,136.7184796,Route9
187.713,-31.2500101,136.7186948,Route9
188.086,-31.2497138,136.7198734,Route9
188.845,-31.2496631,136.7200752,Route9
188.999,-31.2496123,136.7202771,Route9
188.695,-31.2495615,136.7204789,Route9
188.671,-31.2495357,136.7205816,Route9
191.129,-31.2493138,136.721599,Route9
191.252,-31.2491116,136.7226504,Route9
191.035,-31.2488697,136.7240972,Route9
191.018,-31.2488637,136.7241398,Route9
192.588,-31.2487744,136.7247714,Route9
192.542,-31.2487618,136.7248606,Route9
193.8,-31.2486141,136.7260562,Route9
194.96,-31.2485113,136.7272048,Route9
193.727,-31.2484091,136.7287528,Route9
195.597,-31.2483683,136.7296103,Route9
193.98,-31.2483455,136.7301511,Route9
194.789,-31.248333,136.731447,Route9
194.216,-31.2483353,136.7321568,Route9
192.961,-31.2483425,136.7327251,Route9
193.122,-31.2483975,136.7337091,Route9
193.167,-31.2484828,136.7351776,Route9
193.148,-31.2484836,136.7351882,Route9
191.959,-31.2485617,136.7361849,Route9
191.062,-31.2486934,136.7376819,Route9
190.137,-31.2488136,136.7393489,Route9
188.996,-31.2488404,136.7400475,Route9
189.223,-31.2488427,136.7401081,Route9
189.782,-31.2488484,136.7402577,Route9
190.029,-31.2488508,136.7403183,Route9
190.648,-31.2488565,136.7404679,Route9
190.559,-31.2488645,136.740678,Route9
190.341,-31.2488669,136.7407386,Route9
187.0,-31.2488967,136.7415187,Route9
187.566,-31.2489088,136.7418359,Route9
188.496,-31.2489159,136.7423599,Route9
187.847,-31.248931,136.7434838,Route9
187.797,-31.2489285,136.7438324,Route9
192.592,-31.2489184,136.7452358,Route9
192.498,-31.2489057,136.7456949,Route9
192.388,-31.2489049,136.7457256,Route9
189.876,-31.2488934,136.7461462,Route9
189.14,-31.2488857,136.7464251,Route9
192.737,-31.2487866,136.7487136,Route9
193.357,-31.2487786,136.7488779,Route9
193.408,-31.2487756,136.7489384,Route9
193.434,-31.2487683,136.7490879,Route9
193.249,-31.248758,136.7492979,Route9
193.149,-31.248755,136.7493585,Route9
192.887,-31.2487477,136.749508,Route9
192.785,-31.2487448,136.7495686,Route9
190.25,-31.2485732,136.7530787,Route9
189.873,-31.2485085,136.7544031,Route9
188.988,-31.2482757,136.75917,Route9
186.147,-31.2482318,136.7600707,Route9
187.869,-31.2482112,136.7604907,Route9
188.142,-31.2482039,136.7606403,Route9
188.249,-31.2482009,136.7607008,Route9
188.473,-31.2481936,136.7608503,Route9
187.595,-31.2481526,136.7616905,Route9
186.933,-31.2481115,136.7625306,Route9
186.719,-31.248106,136.7626432,Route9
187.675,-31.2480796,136.7634321,Route9
187.27,-31.2480756,136.763552,Route9
187.377,-31.2480515,136.7642715,Route9
187.382,-31.2480515,136.7642729,Route9
189.337,-31.2480472,136.764633,Route9
187.083,-31.2480359,136.7655805,Route9
187.434,-31.248037,136.7656848,Route9
192.708,-31.2480579,136.7677395,Route9
193.93,-31.2481288,136.7696171,Route9
194.055,-31.2481329,136.76968,Route9
194.674,-31.2482586,136.7716047,Route9
194.602,-31.2482743,136.7717773,Route9
194.385,-31.2482798,136.7718376,Route9
193.719,-31.2482933,136.7719865,Route9
193.309,-31.2482988,136.7720468,Route9
192.259,-31.2483123,136.7721957,Route9
192.049,-31.2483178,136.772256,Route9
192.002,-31.2483314,136.7724049,Route9
192.011,-31.2483369,136.7724652,Route9
194.175,-31.2484281,136.7734689,Route9
194.013,-31.2484414,136.7736148,Route9
194.176,-31.2484467,136.7736599,Route9
195.336,-31.2484843,136.7739823,Route9
193.272,-31.2486867,136.7755319,Route9
190.305,-31.2488042,136.7763627,Route9
190.852,-31.2488336,136.7765703,Route9
192.174,-31.2488697,136.7768256,Route9
191.001,-31.2490523,136.7779983,Route9
187.633,-31.249323,136.7794892,Route9
187.902,-31.2495496,136.7806273,Route9
187.456,-31.2496571,136.7810957,Route9
187.056,-31.2499834,136.7825181,Route9
187.085,-31.2500901,136.7829831,Route9
186.926,-31.2501178,136.7831041,Route9
186.885,-31.2501237,136.7831276,Route9
186.767,-31.2501383,136.7831857,Route9
185.346,-31.2502666,136.783696,Route9
188.464,-31.2503901,136.7842142,Route9
188.939,-31.2507563,136.7855387,Route9
191.924,-31.2512927,136.7873935,Route9
190.035,-31.2516201,136.7884009,Route9
192.528,-31.2520034,136.7895374,Route9
189.167,-31.252274,136.7902656,Route9
191.876,-31.2527043,136.7914233,Route9
191.676,-31.252725,136.7914789,Route9
191.168,-31.2527774,136.79162,Route9
190.984,-31.2527981,136.7916712,Route9
190.299,-31.2528752,136.7918613,Route9
191.034,-31.2535409,136.7935044,Route9
192.081,-31.2536613,136.793811,Route9
192.557,-31.2536926,136.7938805,Route9
193.652,-31.2539499,136.7944573,Route9
191.7,-31.2540331,136.7946438,Route9
191.405,-31.254569,136.7958454,Route9
190.007,-31.2547942,136.7963149,Route9
189.424,-31.2548822,136.7964984,Route9
188.961,-31.2554096,136.7975978,Route9
188.559,-31.2555037,136.7977791,Route9
188.098,-31.2555971,136.7979589,Route9
189.752,-31.2559959,136.7987273,Route9
188.803,-31.2569737,136.8005195,Route9
190.903,-31.2574706,136.8013738,Route9
190.238,-31.257745,136.8018455,Route9
189.769,-31.2579263,136.8021572,Route9
188.386,-31.2584357,136.8029626,Route9
187.933,-31.2584873,136.8030346,Route9
188.079,-31.2590958,136.8038593,Route9
185.209,-31.259402,136.8043431,Route9
185.616,-31.25953,136.8046965,Route9
186.807,-31.2596835,136.8048937,Route9
186.9,-31.2597882,136.8050383,Route9
184.518,-31.2601973,136.8056146,Route9
182.984,-31.2604933,136.806025,Route9
184.582,-31.261059,136.8068096,Route9
183.963,-31.2611334,136.8069128,Route9
182.376,-31.2613072,136.8071452,Route9
187.931,-31.262002,136.8080747,Route9
185.499,-31.2626386,136.8088676,Route9
186.077,-31.2628077,136.8090882,Route9
187.17,-31.2635586,136.8099947,Route9
188.835,-31.2641438,136.8106779,Route9
188.539,-31.2649661,136.8116057,Route9
189.029,-31.2651773,136.8118399,Route9
186.443,-31.2661527,136.8128501,Route9
189.923,-31.2674836,136.8141893,Route9
188.427,-31.2676814,136.8143804,Route9
186.86,-31.2682361,136.8149163,Route9
187.074,-31.2685135,136.8151843,Route9
186.734,-31.2686522,136.8153183,Route9
179.663,-31.2716725,136.8182365,Route9
176.117,-31.2739235,136.8204085,Route9
175.689,-31.2740622,136.8205424,Route9
175.042,-31.2750349,136.821481,Route9
176.894,-31.2754402,136.8218733,Route9
175.255,-31.2760402,136.8224518,Route9
175.396,-31.2773688,136.8236558,Route9
177.0,-31.2782928,136.824461,Route9
175.668,-31.2793213,136.8253087,Route9
176.336,-31.2794209,136.8253947,Route9
176.998,-31.2796249,136.8255565,Route9
177.079,-31.2800219,136.8258714,Route9
177.898,-31.2802494,136.8260519,Route9
177.098,-31.2807788,136.8264707,Route9
177.517,-31.2819616,136.8273658,Route9
178.694,-31.2824519,136.8277136,Route9
177.128,-31.2836856,136.8285886,Route9
179.376,-31.2842373,136.828954,Route9
178.532,-31.2854937,136.8297905,Route9
176.601,-31.2882155,136.8316057,Route9
175.943,-31.2896219,136.8325436,Route9
175.858,-31.291041,136.8334901,Route9
176.26,-31.2911834,136.8335882,Route9
176.873,-31.2913385,136.833695,Route9
177.0,-31.2918035,136.8340152,Route9
176.542,-31.2922686,136.8343354,Route9
176.843,-31.2923873,136.8344171,Route9
176.985,-31.2924236,136.8344421,Route9
178.33,-31.2926949,136.8346292,Route9
178.096,-31.2930385,136.8348791,Route9
177.529,-31.2931913,136.8349902,Route9
177.014,-31.2936394,136.835316,Route9
177.023,-31.2936495,136.8353237,Route9
179.302,-31.294553,136.8360142,Route9
181.756,-31.2950048,136.8363595,Route9
180.437,-31.2951554,136.8364746,Route9
178.986,-31.2954169,136.8366744,Route9
178.949,-31.2954557,136.8367064,Route9
185.358,-31.2991864,136.8397869,Route9
188.224,-31.2998687,136.8403401,Route9
189.892,-31.3011993,136.841419,Route9
189.46,-31.3013472,136.8415389,Route9
188.643,-31.3020864,136.8421383,Route9
187.66,-31.3022343,136.8422582,Route9
185.222,-31.30253,136.842498,Route9
186.433,-31.3026778,136.8426179,Route9
190.044,-31.3030548,136.8429236,Route9
191.137,-31.3066592,136.8458724,Route9
193.647,-31.3093465,136.8480568,Route9
194.078,-31.3094942,136.8481769,Route9
192.684,-31.3103642,136.8488841,Route9
193.363,-31.3106757,136.8491382,Route9
193.686,-31.3108233,136.8492586,Route9
194.15,-31.3109708,136.8493789,Route9
193.974,-31.3111184,136.8494993,Route9
193.442,-31.311266,136.8496197,Route9
191.382,-31.3115611,136.8498604,Route9
190.708,-31.3117087,136.8499808,Route9
182.239,-31.3161356,136.8535919,Route9
182.788,-31.3162832,136.8537123,Route9
182.525,-31.3164308,136.8538327,Route9
182.293,-31.3165783,136.8539531,Route9
181.813,-31.3167258,136.8540734,Route9
180.422,-31.3178951,136.8550273,Route9
179.547,-31.3184966,136.855518,Route9
181.105,-31.319382,136.8562404,Route9
180.969,-31.3195295,136.8563608,Route9
180.722,-31.3196771,136.8564812,Route9
180.235,-31.3198246,136.8566015,Route9
179.821,-31.3199722,136.8567219,Route9
178.998,-31.3202673,136.8569627,Route9
178.228,-31.3252752,136.8610489,Route9
182.657,-31.3257273,136.8614168,Route9
182.85,-31.325875,136.861537,Route9
182.318,-31.3260227,136.8616572,Route9
182.087,-31.326318,136.8618976,Route9
182.252,-31.3264657,136.8620178,Route9
182.585,-31.3266134,136.862138,Route9
183.108,-31.3269087,136.8623784,Route9
181.874,-31.3276471,136.8629794,Route9
182.148,-31.3280901,136.86334,Route9
182.247,-31.3294192,136.8644218,Route9
185.023,-31.3314867,136.8661047,Route9
189.767,-31.3340405,136.868191,Route9
189.812,-31.3348284,136.8688348,Route9
189.087,-31.3349759,136.8689553,Route9
192.82,-31.3354184,136.8693169,Route9
192.553,-31.3364004,136.8701193,Route9
198.135,-31.3396958,136.8728119,Route9
197.492,-31.3398433,136.8729324,Route9
197.198,-31.3399218,136.8729965,Route9
197.046,-31.3399909,136.8730528,Route9
195.013,-31.3410248,136.8738941,Route9
195.772,-31.3411724,136.8740143,Route9
198.317,-31.3414678,136.8742547,Route9
197.775,-31.3417632,136.8744951,Route9
194.561,-31.3420586,136.8747355,Route9
194.03,-31.3422063,136.8748557,Route9
194.866,-31.342354,136.8749759,Route9
190.764,-31.3441262,136.8764184,Route9
189.178,-31.3457507,136.8777407,Route9
190.229,-31.3458984,136.8778609,Route9
190.171,-31.3460461,136.8779811,Route9
190.0,-31.3461938,136.8781014,Route9
190.0,-31.3463415,136.8782216,Route9
191.314,-31.3469322,136.8787024,Route9
194.644,-31.3478183,136.8794237,Route9
195.477,-31.3484091,136.8799045,Route9
193.399,-31.3489998,136.8803854,Route9
195.834,-31.3494114,136.8807233,Route9
196.026,-31.3523569,136.8831414,Route9
195.709,-31.3530518,136.8836881,Route9
194.333,-31.3539843,136.8844533,Route9
196.236,-31.3546496,136.8849972,Route9
196.626,-31.3556922,136.8858497,Route9
196.952,-31.3558397,136.8859703,Route9
196.787,-31.3559872,136.8860909,Route9
196.307,-31.3561347,136.8862114,Route9
190.746,-31.3590841,136.8886232,Route9
195.22,-31.3601164,136.8894673,Route9
195.047,-31.3601572,136.8895006,Route9
194.397,-31.3602624,136.8895904,Route9
193.994,-31.3604077,136.8897144,Route9
194.149,-31.3605531,136.8898385,Route9
194.743,-31.3606984,136.8899625,Route9
195.663,-31.3608249,136.8900705,Route9
190.499,-31.3615281,136.89072,Route9
195.316,-31.3619708,136.8911544,Route9
196.1,-31.362138,136.8913184,Route9
196.009,-31.3625825,136.8917806,Route9
192.989,-31.3631879,136.8924304,Route9
192.264,-31.3639273,136.893309,Route9
192.268,-31.3639278,136.8933097,Route9
193.367,-31.3642958,136.8937673,Route9
193.713,-31.3644191,136.8939207,Route9
193.84,-31.3644855,136.8939991,Route9
193.706,-31.3646037,136.8941433,Route9
194.666,-31.365216,136.8949692,Route9
194.853,-31.3656729,136.8956262,Route9
194.816,-31.3657438,136.8957139,Route9
198.693,-31.3662262,136.8964742,Route9
197.13,-31.3668756,136.8975436,Route9
194.505,-31.3673245,136.8983478,Route9
196.612,-31.3674441,136.8985621,Route9
199.568,-31.367609,136.8988847,Route9
199.275,-31.3677014,136.8990654,Route9
199.254,-31.3677071,136.8990766,Route9
198.039,-31.3678861,136.8994269,Route9
198.163,-31.3679784,136.8996077,Route9
198.159,-31.3679886,136.8996276,Route9
197.926,-31.3680658,136.8997918,Route9
197.301,-31.3681526,136.8999763,Route9
196.864,-31.3682394,136.9001608,Route9
197.22,-31.3684915,136.9006973,Route9
196.339,-31.3713099,136.9068375,Route9
197.277,-31.3713951,136.9070231,Route9
194.819,-31.3717357,136.9077653,Route9
192.654,-31.3718818,136.9080837,Route9
193.112,-31.3727166,136.9099293,Route9
188.914,-31.3733149,136.9112234,Route9
189.378,-31.3734323,136.9114805,Route9
189.675,-31.3735171,136.9116663,Route9
190.064,-31.3736868,136.9120378,Route9
190.422,-31.3737716,136.9122236,Route9
190.117,-31.3738564,136.9124093,Route9
189.966,-31.3739412,136.9125951,Route9
190.178,-31.3742804,136.9133382,Route9
190.489,-31.3747045,136.9142671,Route9
189.906,-31.3748741,136.9146387,Route9
186.534,-31.3757592,136.9165776,Route9
187.503,-31.3762447,136.9175932,Route9
185.615,-31.3766528,136.9184828,Route9
182.104,-31.3773503,136.9200156,Route9
181.947,-31.3775148,136.9203792,Route9
181.666,-31.3775991,136.9205653,Route9
180.818,-31.3778607,136.9211434,Route9
186.525,-31.3788333,136.9232862,Route9
181.197,-31.3792921,136.924283,Route9
181.569,-31.3793775,136.9244685,Route9
181.672,-31.3794628,136.9246539,Route9
181.891,-31.3795482,136.9248394,Route9
181.489,-31.3796335,136.9250248,Route9
175.026,-31.3800602,136.9259521,Route9
174.383,-31.3801455,136.9261376,Route9
173.378,-31.3802309,136.926323,Route9
165.749,-31.3809137,136.9278066,Route9
152.945,-31.3816706,136.9294635,Route9
144.02,-31.3823494,136.9309496,Route9
141.229,-31.3825876,136.9314993,Route9
137.08,-31.3831155,136.9326433,Route9
135.71,-31.3838311,136.9341953,Route9
132.925,-31.3840875,136.9347514,Route9
132.205,-31.384173,136.9349368,Route9
131.964,-31.3842585,136.9351222,Route9
131.203,-31.3844162,136.9354643,Route9
131.263,-31.3854065,136.9376641,Route9
130.22,-31.3855146,136.937919,Route9
123.941,-31.3863947,136.9399947,Route9
124.147,-31.3864747,136.9401834,Route9
123.467,-31.3865547,136.9403721,Route9
124.472,-31.3869547,136.9413156,Route9
124.065,-31.3872747,136.9420704,Route9
123.242,-31.3873547,136.9422591,Route9
123.903,-31.3874347,136.9424478,Route9
123.973,-31.3875147,136.9426366,Route9
123.283,-31.3882348,136.9443349,Route9
124.267,-31.3885769,136.9451419,Route9
124.915,-31.3886348,136.9452784,Route9
124.627,-31.3887148,136.9454671,Route9
125.177,-31.3887948,136.9456558,Route9
125.716,-31.3888213,136.9457183,Route9
127.028,-31.3888748,136.9458446,Route9
128.202,-31.3889548,136.9460333,Route9
130.608,-31.3893548,136.9469768,Route9
131.474,-31.389975,136.94844,Route9
137.107,-31.3910341,136.9509403,Route9
136.99,-31.391114,136.951129,Route9
139.781,-31.3918335,136.9528278,Route9
140.748,-31.3919134,136.9530165,Route9
139.766,-31.3927128,136.954904,Route9
139.229,-31.3932724,136.9562253,Route9
138.062,-31.3933523,136.9564141,Route9
137.71,-31.3935122,136.9567916,Route9
133.361,-31.3943115,136.9586792,Route9
133.085,-31.3944091,136.958916,Route9
133.939,-31.3945066,136.9591528,Route9
134.05,-31.3952289,136.9608503,Route9
134.187,-31.3952466,136.9608918,Route9
135.32,-31.3955339,136.961556,Route9
135.0,-31.3964712,136.9637256,Route9
135.0,-31.3965118,136.9638172,Route9
134.585,-31.3965948,136.9640041,Route9
133.0,-31.3968294,136.9645324,Route9
132.936,-31.3972592,136.9654994,Route9
127.904,-31.3977844,136.9666867,Route9
126.933,-31.3978671,136.9668737,Route9
116.322,-31.3983961,136.9680697,Route9
112.897,-31.3987028,136.9687396,Route9
111.821,-31.3987878,136.9689254,Route9
111.154,-31.3988728,136.969111,Route9
111.248,-31.3989577,136.9692964,Route9
108.183,-31.399305,136.970035,Route9
106.589,-31.3993917,136.9702196,Route9
105.545,-31.3994784,136.9704042,Route9
104.018,-31.399652,136.9707734,Route9
102.992,-31.3999991,136.9715117,Route9
103.12,-31.4002594,136.9720655,Route9
102.886,-31.4002753,136.9720993,Route9
101.654,-31.4003462,136.97225,Route9
100.319,-31.400467,136.972507,Route9
98.363,-31.4007938,136.9731638,Route9
95.876,-31.4010347,136.9736588,Route9
95.76,-31.4010528,136.9736955,Route9
94.28,-31.4014668,136.9745619,Route9
93.406,-31.40216,136.9760125,Route9
86.582,-31.4030682,136.9778812,Route9
85.666,-31.4031572,136.9780643,Route9
86.005,-31.4032462,136.9782475,Route9
86.112,-31.4032744,136.9783056,Route9
85.402,-31.4037909,136.979339,Route9
85.981,-31.4038818,136.9795208,Route9
85.698,-31.4039727,136.9797027,Route9
85.371,-31.4040636,136.9798845,Route9
88.845,-31.4046016,136.9809612,Route9
95.212,-31.4051665,136.9820916,Route9
95.171,-31.4052295,136.9822176,Route9
94.838,-31.4053384,136.9824287,Route9
94.23,-31.4054314,136.9826091,Route9
93.154,-31.4056174,136.9829699,Route9
93.899,-31.4057104,136.9831503,Route9
93.849,-31.4060927,136.9838917,Route9
90.612,-31.4065589,136.9847152,Route9
90.922,-31.4066884,136.9849176,Route9
86.07,-31.4072388,136.9857806,Route9
83.892,-31.4076279,136.986337,Route9
84.033,-31.4077723,136.9865269,Route9
84.268,-31.4078919,136.9866843,Route9
84.477,-31.4080115,136.9868416,Route9
84.644,-31.4080493,136.9868913,Route9
84.526,-31.4081871,136.9870558,Route9
84.309,-31.4083766,136.9872821,Route9
85.897,-31.4088765,136.9878788,Route9
83.0,-31.4094133,136.9884544,Route9
83.461,-31.4099431,136.9889784,Route9
83.478,-31.4099741,136.9890067,Route9
81.338,-31.4105422,136.9895251,Route9
81.689,-31.4112129,136.9900864,Route9
81.451,-31.4112995,136.9901525,Route9
81.207,-31.4113965,136.9902265,Route9
80.446,-31.4118224,136.9905516,Route9
79.844,-31.4122856,136.9908703,Route9
79.784,-31.4123026,136.990882,Route9
78.763,-31.4124578,136.9909887,Route9
77.812,-31.4125541,136.991055,Route9
77.244,-31.4126143,136.9910924,Route9
76.316,-31.4127733,136.9911911,Route9
77.256,-31.4130911,136.9913885,Route9
77.541,-31.4131344,136.9914154,Route9
78.18,-31.4132523,136.9914818,Route9
78.531,-31.4134145,136.991573,Route9
77.189,-31.4139814,136.9918919,Route9
76.401,-31.4145712,136.9921888,Route9
80.002,-31.4152654,136.9924995,Route9
80.055,-31.415919,136.9927556,Route9
79.619,-31.4162801,136.9928817,Route9
79.928,-31.4165875,136.9929853,Route9
78.406,-31.4172993,136.9931961,Route9
79.045,-31.4178303,136.9933265,Route9
79.0,-31.4180901,136.9933882,Route9
79.962,-31.4189347,136.9935474,Route9
76.629,-31.4218179,136.9939919,Route9
76.961,-31.4222037,136.9940528,Route9
77.169,-31.4249448,136.9944856,Route9
73.718,-31.4289417,136.9951103,Route9
73.921,-31.42912,136.9951382,Route9
71.249,-31.4304225,136.9953418,Route9
68.686,-31.4312423,136.9955116,Route9
68.633,-31.4312538,136.9955148,Route9
68.12,-31.4314289,136.9955632,Route9
68.729,-31.4316039,136.9956115,Route9
69.809,-31.431779,136.9956598,Route9
71.1,-31.4319723,136.9957132,Route9
71.58,-31.432757,136.9959851,Route9
70.225,-31.4334519,136.9962781,Route9
67.886,-31.4341982,136.9966493,Route9
71.407,-31.4347755,136.996979,Route9
73.842,-31.4351196,136.9971916,Route9
69.0,-31.4365017,136.9982245,Route9
67.931,-31.4372415,136.9989186,Route9
67.749,-31.437292,136.998966,Route9
67.425,-31.4373819,136.9990504,Route9
67.243,-31.4374324,136.9990978,Route9
67.558,-31.4375904,136.999246,Route9
68.127,-31.4377948,136.9994819,Route9
71.937,-31.438583,137.0003917,Route9
67.5,-31.4394697,137.0016491,Route9
67.058,-31.4402377,137.0029996,Route9
65.413,-31.4406704,137.003849,Route9
66.383,-31.4407626,137.00403,Route9
67.077,-31.4408548,137.004211,Route9
67.409,-31.440947,137.004392,Route9
69.616,-31.4411904,137.0048699,Route9
74.868,-31.4422379,137.0069261,Route9
75.227,-31.4423301,137.0071071,Route9
75.787,-31.4424223,137.0072882,Route9
75.896,-31.4425145,137.0074692,Route9
75.246,-31.4425735,137.007585,Route9
76.534,-31.4442238,137.0108248,Route9
80.966,-31.4448108,137.0120324,Route9
82.841,-31.4450148,137.0125043,Route9
82.202,-31.4450961,137.0126924,Route9
82.069,-31.4451253,137.0127601,Route9
81.836,-31.4451616,137.012844,Route9
81.544,-31.4452022,137.0129507,Route9
81.262,-31.4453488,137.0133357,Route9
81.871,-31.4454247,137.0135352,Route9
82.975,-31.4455227,137.0138532,Route9
82.309,-31.445667,137.0143211,Route9
76.981,-31.4460982,137.0157197,Route9
74.113,-31.446394,137.0167032,Route9
75.353,-31.4464921,137.0170293,Route9
77.094,-31.4465734,137.0172997,Route9
73.221,-31.4469921,137.0186916,Route9
73.777,-31.4470519,137.0188904,Route9
74.491,-31.4471117,137.0190892,Route9
74.919,-31.44715,137.0192165,Route9
75.255,-31.4471715,137.0192881,Route9
78.808,-31.4487655,137.0245883,Route9
78.093,-31.4494089,137.026363,Route9
78.017,-31.4502826,137.0281249,Route9
78.227,-31.4503409,137.0282139,Route9
78.687,-31.4504505,137.028381,Route9
79.621,-31.4506576,137.028697,Route9
81.087,-31.451342,137.0297416,Route9
79.421,-31.4517053,137.0301694,Route9
79.438,-31.4517865,137.030265,Route9
79.684,-31.4518322,137.0303188,Route9
80.326,-31.4519135,137.0304145,Route9
83.412,-31.4525762,137.031195,Route9
87.0,-31.4534034,137.0320517,Route9
87.0,-31.4534896,137.032141,Route9
87.0,-31.4535382,137.0321913,Route9
86.8,-31.4536244,137.0322807,Route9
95.913,-31.4571774,137.0359608,Route9
95.851,-31.4572636,137.0360502,Route9
95.676,-31.4573122,137.0361005,Route9
106.095,-31.4594687,137.0383344,Route9
106.919,-31.459555,137.0384237,Route9
107.295,-31.4596035,137.038474,Route9
109.738,-31.4604984,137.0394011,Route9
110.105,-31.4605469,137.0394514,Route9
109.051,-31.4613556,137.0402892,Route9
109.103,-31.4614419,137.0403785,Route9
108.98,-31.4614904,137.0404288,Route9
101.321,-31.4640512,137.0430819,Route9
100.689,-31.4641374,137.0431712,Route9
100.472,-31.4641859,137.0432215,Route9
100.555,-31.4643207,137.0433611,Route9
98.0,-31.4656112,137.0446982,Route9
98.131,-31.466346,137.0455126,Route9
100.0,-31.4668802,137.0462095,Route9
100.0,-31.4669234,137.046266,Route9
100.018,-31.4669978,137.0463631,Route9
100.016,-31.4670001,137.0463666,Route9
99.819,-31.4670401,137.0464263,Route9
98.723,-31.467151,137.0465923,Route9
97.293,-31.4672619,137.0467583,Route9
96.192,-31.4675645,137.0472111,Route9
100.173,-31.4680691,137.0480733,Route9
99.584,-31.4684899,137.0489021,Route9
99.493,-31.468931,137.0499245,Route9
103.588,-31.4696815,137.0518285,Route9
103.25,-31.4697087,137.0518975,Route9
102.875,-31.469757,137.05202,Route9
102.777,-31.4697841,137.0520889,Route9
102.603,-31.4698324,137.0522114,Route9
102.234,-31.469935,137.0524718,Route9
103.053,-31.4700859,137.0528547,Route9
104.601,-31.4721229,137.0580234,Route9
103.938,-31.4732545,137.060895,Route9
105.084,-31.4733782,137.061209,Route9
105.23,-31.4734054,137.0612779,Route9
105.696,-31.4734536,137.0614004,Route9
105.122,-31.4736045,137.0617834,Route9
104.138,-31.4736799,137.0619748,Route9
103.988,-31.4737071,137.0620437,Route9
103.664,-31.4737825,137.0622352,Route9
103.036,-31.4755175,137.0666385,Route9
110.088,-31.4768752,137.0700847,Route9
110.378,-31.4771769,137.0708505,Route9
111.582,-31.4776618,137.0720814,Route9
111.465,-31.4785565,137.0743701,Route9
112.698,-31.478754,137.0748749,Route9
111.165,-31.4788492,137.0751506,Route9
109.679,-31.4795088,137.0768197,Route9
114.607,-31.4800336,137.0781648,Route9
114.081,-31.4800905,137.0783107,Route9
114.0,-31.4801079,137.0783568,Route9
113.625,-31.4803984,137.0791286,Route9
112.747,-31.480471,137.0793216,Route9
112.633,-31.4804796,137.0793445,Route9
111.094,-31.4806365,137.079696,Route9
111.342,-31.4807199,137.0798829,Route9
113.554,-31.4809872,137.0804819,Route9
110.639,-31.4818632,137.0819655,Route9
111.37,-31.4823971,137.08264,Route9
110.051,-31.4827935,137.0830295,Route9
111.043,-31.4830692,137.0833004,Route9
111.713,-31.4832071,137.0834358,Route9
111.891,-31.4832634,137.0834911,Route9
112.0,-31.4833506,137.0835627,Route9
113.974,-31.4849795,137.0849007,Route9
114.991,-31.4866876,137.0863477,Route9
119.723,-31.4883386,137.0877113,Route9
119.12,-31.4884857,137.0878328,Route9
119.047,-31.488545,137.0878818,Route9
120.508,-31.488927,137.0881968,Route9
119.447,-31.4902324,137.0892733,Route9
117.223,-31.4920421,137.0907881,Route9
115.863,-31.4921545,137.0908816,Route9
116.053,-31.4924479,137.0911257,Route9
117.178,-31.4925946,137.0912477,Route9
119.222,-31.4930347,137.0916139,Route9
119.0,-31.4936144,137.0920963,Route9
121.013,-31.4952864,137.0934906,Route9
121.057,-31.4953809,137.0935682,Route9
120.805,-31.4968531,137.0947765,Route9
120.8,-31.4968545,137.0947777,Route9
120.68,-31.4985011,137.0961647,Route9
123.063,-31.5003243,137.0976734,Route9
120.945,-31.5019838,137.0990581,Route9
121.066,-31.5021304,137.0991804,Route9
121.49,-31.5022769,137.0993027,Route9
122.186,-31.502688,137.0996458,Route9
123.057,-31.5035954,137.1004042,Route9
123.744,-31.5053979,137.1019107,Route9
122.101,-31.5059417,137.1023587,Route9
122.008,-31.5060888,137.1024799,Route9
122.841,-31.5072663,137.1034501,Route9
122.311,-31.5074135,137.1035714,Route9
122.721,-31.5075926,137.1037189,Route9
124.116,-31.5081463,137.1041828,Route9
124.999,-31.5082926,137.1043054,Route9
127.29,-31.5085854,137.1045506,Route9
128.182,-31.5087317,137.1046733,Route9
131.752,-31.5095366,137.1053476,Route9
137.227,-31.5110796,137.1066252,Route9
135.773,-31.5114021,137.1068922,Route9
135.607,-31.51152,137.106991,Route9
135.609,-31.5116663,137.1071136,Route9
136.942,-31.5132996,137.1084822,Route9
140.0,-31.5147149,137.1096621,Route9
140.452,-31.5166022,137.1112425,Route9
137.151,-31.5172013,137.1117217,Route9
137.642,-31.5175649,137.112058,Route9
141.902,-31.5181373,137.1127114,Route9
141.793,-31.5185195,137.1132297,Route9
142.094,-31.5186372,137.1133893,Route9
142.923,-31.5189244,137.1137786,Route9
143.0,-31.5191954,137.1142153,Route9
141.829,-31.5202097,137.1158499,Route9
149.802,-31.5215667,137.1179309,Route9
149.89,-31.5216308,137.1180137,Route9
151.111,-31.5220304,137.1184501,Route9
151.145,-31.5220887,137.1185178,Route9
151.18,-31.5221308,137.1185696,Route9
149.85,-31.5225845,137.1190256,Route9
149.524,-31.5226671,137.1191087,Route9
148.004,-31.5230406,137.1194225,Route9
148.129,-31.5230913,137.1194644,Route9
149.313,-31.5234234,137.1197129,Route9
150.76,-31.5237647,137.1199334,Route9
151.111,-31.5239223,137.1200351,Route9
151.181,-31.5240425,137.1201127,Route9
151.171,-31.5240606,137.1201244,Route9
151.152,-31.5240804,137.1201357,Route9
150.728,-31.5242421,137.1202279,Route9
150.386,-31.5243475,137.120288,Route9
150.299,-31.5244039,137.1203202,Route9
150.346,-31.5246229,137.120445,Route9
150.48,-31.5249329,137.1206217,Route9
150.0,-31.5254892,137.1209386,Route9
149.464,-31.5259823,137.1212164,Route9
149.144,-31.526071,137.1212663,Route9
150.757,-31.5278065,137.1222439,Route9
150.058,-31.5279687,137.1223352,Route9
149.729,-31.5281308,137.1224266,Route9
149.072,-31.5282929,137.1225179,Route9
148.341,-31.5284551,137.1226092,Route9
150.525,-31.5300268,137.1234946,Route9
151.896,-31.5320222,137.1246187,Route9
153.6,-31.5338409,137.1256433,Route9
150.495,-31.5351031,137.1263544,Route9
151.91,-31.5358082,137.1267515,Route9
151.259,-31.5360391,137.1268694,Route9
151.552,-31.5362485,137.126976,Route9
152.755,-31.5366763,137.1271618,Route9
152.67,-31.5367241,137.1271791,Route9
151.485,-31.5370226,137.127287,Route9
150.525,-31.5372265,137.1273542,Route9
150.445,-31.5375976,137.12746,Route9
151.831,-31.5379688,137.1275399,Route9
152.061,-31.5380212,137.1275512,Route9
152.327,-31.5382956,137.1275909,Route9
151.398,-31.5387783,137.1276432,Route9
151.206,-31.5394079,137.1276697,Route9
151.302,-31.5394276,137.1276705,Route9
151.395,-31.5395877,137.1276681,Route9
151.398,-31.539642,137.1276673,Route9
151.436,-31.5397675,137.1276654,Route9
151.554,-31.5399475,137.1276628,Route9
152.063,-31.5402396,137.1276586,Route9
153.557,-31.5409107,137.1276489,Route9
150.747,-31.5422855,137.1276289,Route9
150.758,-31.5422887,137.1276289,Route9
155.56,-31.5435905,137.1276099,Route9
155.0,-31.5440834,137.1275799,Route9
154.967,-31.5441791,137.1275741,Route9
154.733,-31.5442625,137.1275626,Route9
158.407,-31.5449087,137.1274734,Route9
158.544,-31.5449256,137.1274698,Route9
159.873,-31.5452228,137.1274006,Route9
157.03,-31.5457532,137.1272543,Route9
158.958,-31.5463831,137.1270156,Route9
159.851,-31.5466964,137.1268734,Route9
159.858,-31.5467006,137.1268711,Route9
160.093,-31.5470265,137.1266924,Route9
159.973,-31.5471894,137.1266031,Route9
160.0,-31.5474034,137.1264858,Route9
159.456,-31.5482021,137.1259423,Route9
160.611,-31.5485584,137.1256998,Route9
159.703,-31.5486881,137.1256115,Route9
158.0,-31.5490758,137.1253746,Route9
158.249,-31.5492038,137.1252964,Route9
158.719,-31.5499102,137.1249428,Route9
157.0,-31.5506653,137.1246535,Route9
157.0,-31.5510515,137.1245514,Route9
157.424,-31.5512569,137.1244976,Route9
159.259,-31.5515633,137.1244423,Route9
160.736,-31.5519343,137.1243789,Route9
160.689,-31.5521714,137.1243581,Route9
159.866,-31.5523526,137.1243422,Route9
159.028,-31.5524951,137.1243298,Route9
158.237,-31.552712,137.1243291,Route9
158.019,-31.5527726,137.1243289,Route9
157.401,-31.5530677,137.124328,Route9
157.0,-31.5536131,137.1243656,Route9
157.0,-31.5537897,137.1243927,Route9
157.062,-31.5542202,137.1244616,Route9
156.859,-31.554817,137.1246071,Route9
156.288,-31.5551977,137.1247257,Route9
155.568,-31.5553979,137.1248007,Route9
154.437,-31.5557818,137.1249571,Route9
155.0,-31.5563101,137.1252145,Route9
155.0,-31.5568314,137.1254896,Route9
153.166,-31.5596001,137.1269589,Route9
153.753,-31.5628779,137.1286985,Route9
153.28,-31.5635334,137.1290464,Route9
152.748,-31.5640251,137.1293073,Route9
153.0,-31.5641889,137.1293943,Route9
153.089,-31.5643528,137.1294813,Route9
154.0,-31.5656639,137.1301772,Route9
154.0,-31.5658278,137.1302642,Route9
164.575,-31.5727108,137.1339179,Route9
163.467,-31.5728747,137.1340049,Route9
161.66,-31.5730386,137.1340919,Route9
161.003,-31.5732025,137.1341789,Route9
167.714,-31.5745135,137.1348749,Route9
162.746,-31.5771356,137.136267,Route9
163.32,-31.5791022,137.1373111,Route9
164.507,-31.5800854,137.1378332,Route9
166.313,-31.5804132,137.1380072,Route9
166.863,-31.5806719,137.1381465,Route9
166.006,-31.5810178,137.138328,Route9
168.19,-31.5819847,137.1388147,Route9
165.946,-31.5830124,137.1392631,Route9
166.406,-31.5834938,137.1394398,Route9
166.379,-31.5836655,137.1395028,Route9
166.505,-31.5837836,137.1395462,Route9
166.509,-31.5838377,137.1395638,Route9
167.053,-31.5841844,137.1396764,Route9
167.688,-31.5843578,137.1397327,Route9
167.987,-31.584448,137.139762,Route9
167.684,-31.5845321,137.1397843,Route9
164.254,-31.5855847,137.1400638,Route9
164.296,-31.5856061,137.1400695,Route9
166.206,-31.5869319,137.1403378,Route9
164.732,-31.5873597,137.1404026,Route9
164.062,-31.5875381,137.1404296,Route9
162.51,-31.5889652,137.1406458,Route9
162.952,-31.5891435,137.1406728,Route9
159.23,-31.5902139,137.140835,Route9
159.369,-31.5903922,137.140862,Route9
156.044,-31.593324,137.1413062,Route9
153.0,-31.5950605,137.1415616,Route9
148.183,-31.5971714,137.141884,Route9
148.0,-31.5973498,137.1419112,Route9
141.317,-31.6032357,137.1428102,Route9
139.54,-31.6035242,137.1428543,Route9
138.0,-31.6048409,137.1430554,Route9
134.675,-31.6057327,137.1431916,Route9
134.983,-31.6059111,137.1432189,Route9
135.617,-31.6060321,137.1432374,Route9
135.898,-31.6060895,137.1432459,Route9
136.124,-31.6062684,137.1432724,Route9
135.92,-31.6064464,137.1432981,Route9
135.184,-31.606625,137.1433239,Route9
134.818,-31.6081315,137.1435415,Route9
127.962,-31.6106899,137.1439272,Route9
127.55,-31.6123343,137.1441797,Route9
126.816,-31.6125126,137.1442071,Route9
126.236,-31.612691,137.1442345,Route9
126.0,-31.6128693,137.1442619,Route9
125.436,-31.613226,137.1443167,Route9
124.603,-31.6134043,137.1443441,Route9
123.501,-31.6146527,137.1445358,Route9
119.0,-31.6160795,137.1447549,Route9
119.942,-31.6162578,137.1447823,Route9
120.739,-31.6164362,137.1448097,Route9
120.922,-31.6166145,137.1448371,Route9
120.324,-31.6167929,137.1448645,Route9
119.552,-31.6169712,137.1448919,Route9
118.927,-31.6173279,137.1449467,Route9
119.269,-31.6188123,137.1451747,Route9
119.654,-31.6235717,137.14589,Route9
119.0,-31.6251774,137.1461314,Route9
118.952,-31.6253558,137.1461582,Route9
118.063,-31.6276784,137.1465073,Route9
113.517,-31.6301435,137.1468908,Route9
113.61,-31.6311812,137.1470527,Route9
113.547,-31.6312931,137.1470702,Route9
115.0,-31.6316776,137.1471562,Route9
112.719,-31.6325894,137.1473372,Route9
115.813,-31.6331006,137.147474,Route9
113.338,-31.6337823,137.1476453,Route9
112.169,-31.6346389,137.1478991,Route9
112.138,-31.6346523,137.1479031,Route9
112.204,-31.6353569,137.1481349,Route9
105.833,-31.6397614,137.1496704,Route9
105.735,-31.639786,137.149679,Route9
105.246,-31.6399338,137.1497306,Route9
105.094,-31.6401062,137.1497908,Route9
104.249,-31.6407958,137.1500317,Route9
107.594,-31.6420573,137.1504725,Route9
106.937,-31.6447305,137.1514065,Route9
105.14,-31.6463984,137.1519846,Route9
103.694,-31.6476927,137.1524373,Route9
104.583,-31.6520024,137.1539445,Route9
103.341,-31.6521748,137.1540048,Route9
104.769,-31.6547606,137.1549092,Route9
102.96,-31.655237,137.1550759,Route9
104.553,-31.6557092,137.1552519,Route9
105.126,-31.6564238,137.1555403,Route9
106.242,-31.6569472,137.1557668,Route9
103.601,-31.6575001,137.1560277,Route9
105.012,-31.6586414,137.1566353,Route9
108.036,-31.6591781,137.1569551,Route9
108.176,-31.65947,137.157129,Route9
108.323,-31.6602144,137.1576153,Route9
107.662,-31.6603716,137.157718,Route9
107.251,-31.6605287,137.1578206,Route9
107.055,-31.660686,137.1579234,Route9
106.849,-31.6612122,137.1582672,Route9
104.251,-31.6625697,137.1591612,Route9
105.038,-31.6627266,137.1592645,Route9
105.724,-31.6628835,137.1593678,Route9
103.862,-31.6633542,137.1596778,Route9
102.175,-31.6663353,137.1616409,Route9
92.838,-31.6722672,137.1655358,Route9
95.0,-31.6728953,137.1659482,Route9
95.0,-31.6730523,137.1660513,Route9
93.89,-31.6733663,137.1662575,Route9
93.134,-31.6735233,137.1663606,Route9
93.522,-31.6738373,137.1665668,Route9
93.933,-31.6739207,137.1666215,Route9
94.542,-31.6741495,137.1667768,Route9
88.113,-31.6762679,137.1682144,Route9
84.975,-31.6769299,137.168742,Route9
85.407,-31.6774232,137.1691777,Route9
82.858,-31.6778815,137.169619,Route9
81.352,-31.6783089,137.1700803,Route9
81.88,-31.6784414,137.1702233,Route9
81.363,-31.6785738,137.1703663,Route9
80.847,-31.6787063,137.1705093,Route9
80.947,-31.6787395,137.1705452,Route9
80.81,-31.6794069,137.1713692,Route9
80.879,-31.6794433,137.1714201,Route9
79.149,-31.6796808,137.1717522,Route9
78.703,-31.6797965,137.171914,Route9
79.436,-31.6799122,137.1720758,Route9
81.056,-31.6800279,137.1722377,Route9
81.495,-31.6801151,137.1723596,Route9
81.644,-31.6801417,137.1724012,Route9
81.483,-31.6804215,137.172839,Route9
82.0,-31.6807812,137.1734447,Route9
83.258,-31.6813103,137.1744542,Route9
82.948,-31.681343,137.1745166,Route9
81.506,-31.6815941,137.175068,Route9
81.726,-31.6816451,137.1751801,Route9
81.92,-31.6816769,137.1752556,Route9
81.805,-31.6817566,137.1754451,Route9
81.389,-31.6818364,137.1756345,Route9
81.085,-31.6819212,137.1758361,Route9
80.58,-31.6820611,137.1762108,Route9
80.925,-31.6822987,137.1768472,Route9
83.894,-31.6826479,137.1780364,Route9
87.536,-31.6829068,137.179113,Route9
88.036,-31.6830677,137.1799522,Route9
89.261,-31.6831718,137.1806598,Route9
89.316,-31.683233,137.1810763,Route9
90.515,-31.6832943,137.1814929,Route9
89.17,-31.6836925,137.1842005,Route9
83.673,-31.6838251,137.1851257,Route9
81.771,-31.6843107,137.1881875,Route9
80.617,-31.6844022,137.1886866,Route9
80.0,-31.68444,137.1888932,Route9
79.909,-31.6844778,137.1890998,Route9
79.629,-31.6845143,137.189299,Route9
79.683,-31.6847988,137.190581,Route9
78.975,-31.6850291,137.1914543,Route9
78.89,-31.6850554,137.1915426,Route9
78.746,-31.6851148,137.1917421,Route9
78.742,-31.6851742,137.1919417,Route9
77.61,-31.6852335,137.1921412,Route9
77.028,-31.6853433,137.1925101,Route9
80.502,-31.6856063,137.193313,Route9
78.185,-31.6858564,137.1939997,Route9
77.577,-31.6858981,137.1941044,Route9
77.272,-31.6859743,137.1942958,Route9
76.966,-31.6860505,137.1944873,Route9
77.065,-31.6861267,137.1946788,Route9
77.007,-31.6862444,137.1949745,Route9
81.074,-31.6865169,137.1956004,Route9
82.284,-31.6867061,137.1960348,Route9
84.189,-31.687065,137.1967876,Route9
85.465,-31.6875325,137.1976811,Route9
87.831,-31.6880085,137.1985214,Route9
88.0,-31.6881082,137.1986974,Route9
88.0,-31.6881267,137.1987301,Route9
88.0,-31.6882146,137.1988677,Route9
88.021,-31.6883226,137.1990368,Route9
89.033,-31.6887545,137.199713,Route9
87.904,-31.6888625,137.199882,Route9
86.872,-31.6889704,137.2000511,Route9
86.795,-31.688978,137.2000629,Route9
85.63,-31.6890858,137.2002132,Route9
87.752,-31.6898502,137.2012792,Route9
87.42,-31.6899004,137.2013412,Route9
87.985,-31.6905513,137.2021444,Route9
88.0,-31.6906499,137.2022535,Route9
88.0,-31.6907808,137.2023984,Route9
87.718,-31.6909118,137.2025433,Route9
87.469,-31.6915912,137.2032952,Route9
85.554,-31.6923226,137.2040428,Route9
86.229,-31.6925225,137.2042304,Route9
86.704,-31.692663,137.2043623,Route9
86.198,-31.6929426,137.2046247,Route9
84.911,-31.693358,137.2050013,Route9
80.67,-31.6953094,137.2067701,Route9
80.232,-31.6957105,137.2071578,Route9
78.866,-31.6963515,137.2077774,Route9
79.023,-31.6966024,137.2080474,Route9
78.232,-31.6967634,137.2082345,Route9
76.372,-31.6973313,137.2088945,Route9
74.847,-31.6983561,137.2102406,Route9
70.446,-31.6986755,137.2107557,Route9
72.125,-31.6989237,137.2111559,Route9
72.396,-31.6990993,137.2114391,Route9
70.874,-31.6994086,137.211938,Route9
71.848,-31.6998363,137.2127567,Route9
74.039,-31.6999987,137.2130676,Route9
72.998,-31.7004606,137.2140793,Route9
72.783,-31.7008668,137.2151113,Route9
72.449,-31.7008979,137.2151903,Route9
71.339,-31.7012774,137.2163455,Route9
71.316,-31.701301,137.2164174,Route9
66.145,-31.7021488,137.2192117,Route9
64.837,-31.7023174,137.2197675,Route9
63.232,-31.7024924,137.220344,Route9
62.498,-31.7026878,137.2208542,Route9
60.902,-31.7027492,137.2210144,Route9
59.807,-31.7030185,137.2216048,Route9
59.96,-31.7030414,137.221655,Route9
60.095,-31.7031035,137.2217911,Route9
60.098,-31.7031091,137.2218033,Route9
60.099,-31.7031288,137.2218397,Route9
60.162,-31.7032253,137.2220182,Route9
66.275,-31.7036438,137.2227923,Route9
65.746,-31.70406,137.2234479,Route9
65.856,-31.7043593,137.2238488,Route9
66.0,-31.7044779,137.2240077,Route9
66.0,-31.7045965,137.2241666,Route9
65.656,-31.7046322,137.2242145,Route9
64.125,-31.7048835,137.2245077,Route9
63.454,-31.7050111,137.2246566,Route9
62.7,-31.7051388,137.2248055,Route9
62.47,-31.7051936,137.2248695,Route9
62.086,-31.7056128,137.2253016,Route9
63.353,-31.7059313,137.225578,Route9
64.783,-31.7062207,137.2258292,Route9
65.85,-31.7064305,137.2260113,Route9
65.551,-31.7065137,137.2260742,Route9
64.163,-31.7068636,137.2263386,Route9
64.423,-31.707014,137.2264369,Route9
65.359,-31.7071711,137.2265397,Route9
67.0,-31.7075262,137.2267719,Route9
67.255,-31.708189,137.2271436,Route9
69.13,-31.7088244,137.227439,Route9
72.977,-31.7097234,137.2277751,Route9
71.873,-31.710381,137.227954,Route9
73.119,-31.7106636,137.2280082,Route9
74.121,-31.7108411,137.2280423,Route9
74.279,-31.7109111,137.2280557,Route9
75.372,-31.7112447,137.228114,Route9
75.948,-31.7113777,137.2281372,Route9
76.123,-31.711423,137.2281418,Route9
76.768,-31.7116022,137.22816,Route9
76.356,-31.7117814,137.2281781,Route9
76.858,-31.7129946,137.228301,Route9
75.449,-31.7138783,137.2284631,Route9
77.501,-31.7148615,137.2287338,Route9
81.085,-31.7154555,137.2289259,Route9
81.719,-31.7161891,137.2292227,Route9
81.955,-31.7170303,137.2296431,Route9
79.183,-31.7177694,137.2300576,Route9
81.403,-31.7180246,137.2302228,Route9
82.0,-31.7182811,137.2303876,Route9
81.816,-31.7187501,137.230731,Route9
84.009,-31.7191877,137.2310798,Route9
83.811,-31.7193295,137.2312006,Route9
82.15,-31.7196207,137.2314487,Route9
79.492,-31.7235532,137.2347985,Route9
80.847,-31.7236989,137.2349226,Route9
81.867,-31.7238445,137.2350467,Route9
81.635,-31.7239902,137.2351708,Route9
81.097,-31.7241358,137.2352949,Route9
78.666,-31.7282612,137.2388095,Route9
80.522,-31.7304037,137.240622,Route9
79.632,-31.7305497,137.2407455,Route9
78.992,-31.7309877,137.2411161,Route9
79.081,-31.7311337,137.2412396,Route9
80.797,-31.7315716,137.2416102,Route9
82.0,-31.7331357,137.2429335,Route9
84.306,-31.7344652,137.2441225,Route9
84.0,-31.7346083,137.2442505,Route9
83.274,-31.7353172,137.2448845,Route9
84.651,-31.736698,137.2462557,Route9
84.241,-31.7374124,137.2469652,Route9
85.677,-31.7387032,137.2483408,Route9
86.0,-31.7398811,137.2496934,Route9
87.598,-31.7431895,137.2535683,Route9
92.686,-31.7481555,137.2593081,Route9
88.176,-31.7496948,137.2610873,Route9
95.296,-31.7564928,137.2689465,Route9
95.216,-31.7566211,137.2690948,Route9
95.623,-31.7599558,137.2729507,Route9
97.119,-31.7613667,137.2745821,Route9
100.569,-31.7622645,137.2756203,Route9
99.937,-31.7623927,137.2757686,Route9
97.705,-31.7626492,137.2760652,Route9
99.642,-31.7632905,137.2768068,Route9
100.03,-31.767651,137.2818499,Route9
99.321,-31.7679075,137.2821465,Route9
101.431,-31.7734268,137.2885309,Route9
102.002,-31.7735544,137.2886683,Route9
104.862,-31.7757951,137.2913119,Route9
102.562,-31.7762328,137.2917767,Route9
102.0,-31.7768104,137.2923419,Route9
102.0,-31.7770228,137.292527,Route9
102.0,-31.7771035,137.2925974,Route9
101.925,-31.777248,137.2927233,Route9
101.644,-31.7773925,137.2928493,Route9
101.655,-31.777537,137.2929753,Route9
101.454,-31.7776815,137.2931012,Route9
101.57,-31.7777992,137.2932038,Route9
101.68,-31.7778274,137.293225,Route9
103.037,-31.7781552,137.2934716,Route9
100.843,-31.7786879,137.2938723,Route9
99.614,-31.7795141,137.2944069,Route9
99.408,-31.7796396,137.2944881,Route9
94.559,-31.7856926,137.2979004,Route9
92.027,-31.7866613,137.2984429,Route9
89.003,-31.78861,137.2995344,Route9
89.176,-31.7887724,137.2996254,Route9
90.383,-31.7890972,137.2998074,Route9
87.537,-31.7901285,137.300385,Route9
87.264,-31.7905579,137.3006283,Route9
87.943,-31.7907199,137.3007201,Route9
90.384,-31.791206,137.3009955,Route9
90.068,-31.7913681,137.3010873,Route9
85.086,-31.7955171,137.3034381,Route9
85.042,-31.7959066,137.3036556,Route9
85.413,-31.7960691,137.3037464,Route9
87.27,-31.7972065,137.3043816,Route9
86.953,-31.797369,137.3044724,Route9
87.734,-31.7981814,137.3049262,Route9
86.204,-31.7987091,137.305221,Route9
84.128,-31.7994801,137.3056553,Route9
87.618,-31.8011023,137.3065693,Route9
87.643,-31.801589,137.3068435,Route9
86.73,-31.8017512,137.3069349,Route9
87.0,-31.8022379,137.3072091,Route9
86.899,-31.8024001,137.3073005,Route9
86.57,-31.8035357,137.3079403,Route9
89.813,-31.8087269,137.3108653,Route9
89.889,-31.8088891,137.3109567,Route9
90.812,-31.8090513,137.3110481,Route9
91.94,-31.8093067,137.311192,Route9
86.797,-31.8137557,137.3136993,Route9
86.788,-31.813918,137.3137907,Route9
87.681,-31.8140802,137.3138821,Route9
90.974,-31.8144046,137.3140649,Route9
90.783,-31.815378,137.3146135,Route9
90.439,-31.8160088,137.314969,Route9
93.579,-31.8252695,137.3202003,Route9
92.497,-31.8254317,137.3202919,Route9
92.626,-31.8259181,137.3205668,Route9
93.49,-31.8260803,137.3206584,Route9
89.135,-31.8322419,137.3241398,Route9
91.167,-31.8334716,137.3248154,Route9
90.731,-31.8385541,137.3276918,Route9
90.084,-31.8449768,137.3313271,Route9
90.898,-31.8456874,137.3317264,Route9
90.43,-31.8458497,137.3318176,Route9
90.146,-31.8463367,137.3320913,Route9
90.374,-31.846499,137.3321825,Route9
90.716,-31.846986,137.3324562,Route9
83.332,-31.8516931,137.3351018,Route9
83.34,-31.8517323,137.3351238,Route9
83.227,-31.8518545,137.3351951,Route9
82.784,-31.8520157,137.3352891,Route9
82.542,-31.8521769,137.3353831,Route9
82.204,-31.8530405,137.335887,Route9
82.598,-31.8531437,137.3359476,Route9
83.473,-31.8540353,137.3364718,Route9
85.096,-31.8570276,137.3381654,Route9
84.843,-31.8571897,137.3382572,Route9
85.03,-31.8573518,137.3383489,Route9
84.981,-31.857514,137.3384407,Route9
84.546,-31.857676,137.3385324,Route9
81.183,-31.860812,137.3403074,Route9
80.216,-31.863512,137.3418352,Route9
80.014,-31.8636741,137.3419269,Route9
80.051,-31.8638362,137.3420186,Route9
81.145,-31.8644846,137.3423856,Route9
81.654,-31.8662679,137.3433948,Route9
81.127,-31.86643,137.3434865,Route9
81.613,-31.8665921,137.3435783,Route9
82.485,-31.8667542,137.34367,Route9
87.348,-31.8688617,137.3448627,Route9
90.998,-31.8699964,137.3455049,Route9
91.063,-31.8701586,137.3455966,Route9
90.845,-31.8703207,137.3456884,Route9
90.262,-31.8704828,137.3457801,Route9
84.967,-31.8725902,137.3469729,Route9
84.51,-31.8736691,137.3475836,Route9
85.391,-31.8740496,137.3477978,Route9
85.689,-31.8807689,137.3515802,Route9
84.081,-31.8813665,137.35187,Route9
83.461,-31.8815325,137.3519505,Route9
82.647,-31.8816949,137.3520426,Route9
82.316,-31.881857,137.3521345,Route9
82.268,-31.882019,137.3522264,Route9
82.852,-31.8821811,137.3523183,Route9
83.294,-31.8823431,137.3524102,Route9
84.015,-31.8825052,137.3525021,Route9
88.0,-31.8870427,137.3550754,Route9
87.519,-31.8881738,137.3557169,Route9
86.72,-31.8903346,137.3569147,Route9
86.424,-31.8911013,137.357355,Route9
87.596,-31.891432,137.3575429,Route9
86.374,-31.8926203,137.3582294,Route9
87.865,-31.8985986,137.3616042,Route9
87.828,-31.8986259,137.3616213,Route9
89.997,-31.9036271,137.3644566,Route9
89.832,-31.9037609,137.3645308,Route9
89.288,-31.9039241,137.36462,Route9
88.367,-31.9040869,137.3647093,Route9
88.666,-31.9043852,137.3648799,Route9
87.853,-31.9065218,137.3660835,Route9
88.0,-31.9066322,137.3661458,Route9
87.961,-31.9066808,137.3661756,Route9
87.72,-31.9068439,137.3662668,Route9
88.768,-31.9073289,137.3665429,Route9
89.932,-31.9074905,137.3666367,Route9
89.141,-31.9079762,137.3669139,Route9
89.135,-31.9079784,137.3669151,Route9
89.506,-31.9081955,137.3670315,Route9
90.323,-31.9083039,137.3670955,Route9
90.934,-31.9084613,137.3671883,Route9
90.939,-31.9084647,137.3671903,Route9
90.863,-31.9086411,137.3672958,Route9
87.698,-31.9092763,137.3676388,Route9
91.042,-31.9103825,137.3682767,Route9
91.695,-31.9113344,137.3688117,Route9
91.948,-31.9113782,137.3688401,Route9
92.512,-31.9116868,137.3690152,Route9
92.138,-31.9128671,137.3696836,Route9
90.106,-31.9140282,137.3703369,Route9
92.38,-31.9165191,137.3717456,Route9
92.261,-31.9178644,137.3725084,Route9
91.049,-31.918811,137.3730313,Route9
94.0,-31.9198631,137.3736306,Route9
95.23,-31.9206091,137.3740345,Route9
93.398,-31.9210716,137.3742494,Route9
94.017,-31.9216417,137.3744982,Route9
93.29,-31.9219914,137.3746431,Route9
95.56,-31.9226894,137.3749068,Route9
95.61,-31.9228396,137.3749534,Route9
95.0,-31.9236768,137.3752143,Route9
96.418,-31.9245711,137.3754394,Route9
94.268,-31.9260868,137.3757425,Route9
95.434,-31.9271016,137.3759504,Route9
95.508,-31.9274248,137.3760267,Route9
95.834,-31.9275093,137.3760441,Route9
98.947,-31.928035,137.3761905,Route9
98.451,-31.928208,137.3762485,Route9
98.0,-31.9285785,137.3763635,Route9
97.406,-31.9290841,137.3765492,Route9
98.225,-31.9296209,137.3767732,Route9
97.202,-31.9299698,137.3769155,Route9
96.068,-31.930778,137.3773169,Route9
95.81,-31.9313484,137.3776432,Route9
98.767,-31.9331202,137.3788005,Route9
100.804,-31.9374431,137.3816692,Route9
101.605,-31.9375998,137.3817732,Route9
101.021,-31.9379133,137.3819812,Route9
100.507,-31.93807,137.3820852,Route9
103.903,-31.9397939,137.3832294,Route9
104.0,-31.9399506,137.3833334,Route9
111.297,-31.9470028,137.3880143,Route9
110.825,-31.9471595,137.3881183,Route9
113.848,-31.9487266,137.3891586,Route9
116.989,-31.9511081,137.3907396,Route9
117.473,-31.9531126,137.3920758,Route9
117.021,-31.957496,137.3949982,Route9
117.716,-31.9576526,137.3951026,Route9
118.142,-31.9578092,137.395207,Route9
118.716,-31.9579657,137.3953113,Route9
119.121,-31.9581223,137.3954157,Route9
119.345,-31.9621926,137.3981296,Route9
119.185,-31.9623492,137.398234,Route9
118.978,-31.9625057,137.3983384,Route9
118.409,-31.9626891,137.3984606,Route9
119.928,-31.9631342,137.3987512,Route9
120.83,-31.9632915,137.3988539,Route9
119.282,-31.9643764,137.3995621,Route9
125.0,-31.9686811,137.4024452,Route9
126.868,-31.9719079,137.4045696,Route9
126.885,-31.9719126,137.4045727,Route9
130.0,-31.9742086,137.4060994,Route9
132.779,-31.9757857,137.4071482,Route9
136.209,-31.9781311,137.408691,Route9
130.0,-31.9803215,137.410116,Route9
118.0,-31.9844839,137.4128197,Route9
118.0,-31.9846414,137.412922,Route9
117.157,-31.9849565,137.4131267,Route9
113.061,-31.9877921,137.4149687,Route9
112.479,-31.9879496,137.4150711,Route9
112.0,-31.9881071,137.4151734,Route9
112.0,-31.9882647,137.4152758,Route9
112.204,-31.9884222,137.4153781,Route9
110.896,-31.9897768,137.4162582,Route9
110.974,-31.9929203,137.4183088,Route9
106.0,-31.993459,137.4186623,Route9
106.018,-31.9936161,137.4187654,Route9
105.489,-31.9964451,137.4206218,Route9
111.29,-31.9990909,137.422333,Route9
114.072,-32.0016868,137.4240239,Route9
114.639,-32.0018442,137.4241264,Route9
115.16,-32.0020017,137.424229,Route9
116.357,-32.003767,137.4253789,Route9
120.759,-32.0049928,137.426178,Route9
119.308,-32.0051502,137.4262806,Route9
118.126,-32.0053076,137.4263832,Route9
119.068,-32.0056225,137.4265885,Route9
119.535,-32.0084969,137.4284624,Route9
117.025,-32.0092399,137.4289552,Route9
118.341,-32.0117614,137.4305896,Route9
118.909,-32.0119191,137.4306918,Route9
121.098,-32.0134953,137.4317135,Route9
128.996,-32.0208578,137.4365215,Route9
128.589,-32.0225782,137.4376425,Route9
129.896,-32.0241525,137.4386684,Route9
131.451,-32.0250965,137.4392835,Route9
131.995,-32.0263921,137.4401278,Route9
130.377,-32.0269169,137.44047,Route9
131.433,-32.0279607,137.4411497,Route9
133.973,-32.0289097,137.4417678,Route9
132.147,-32.0299612,137.4424526,Route9
132.159,-32.0300443,137.4425067,Route9
133.001,-32.0308862,137.4430551,Route9
134.023,-32.0313234,137.4433398,Route9
129.797,-32.0344014,137.4453446,Route9
129.053,-32.0346825,137.4455409,Route9
129.021,-32.0346972,137.4455497,Route9
129.0,-32.0348575,137.4456459,Route9
128.936,-32.0350178,137.4457422,Route9
128.397,-32.0351676,137.4458321,Route9
127.141,-32.0355333,137.4460448,Route9
125.47,-32.035768,137.4461745,Route9
125.041,-32.0358276,137.4462031,Route9
124.733,-32.0363048,137.4464326,Route9
122.143,-32.0367294,137.4466089,Route9
118.214,-32.0372967,137.4468106,Route9
115.901,-32.0377862,137.4469554,Route9
112.714,-32.0382342,137.4470573,Route9
111.426,-32.0384928,137.4471111,Route9
111.562,-32.0387671,137.4471496,Route9
111.85,-32.0388472,137.4471608,Route9
111.794,-32.038946,137.4471708,Route9
108.835,-32.039365,137.4472131,Route9
108.035,-32.0397567,137.4472333,Route9
107.965,-32.0402608,137.4472326,Route9
107.075,-32.0408028,137.4472014,Route9
107.14,-32.0411083,137.4471834,Route9
107.0,-32.0418199,137.4471388,Route9
104.994,-32.043635,137.4469625,Route9
101.0,-32.0465031,137.4466838,Route9
100.0,-32.0477284,137.4465741,Route9
99.715,-32.0479077,137.446558,Route9
98.224,-32.0489838,137.4464617,Route9
97.974,-32.0492126,137.4464421,Route9
99.515,-32.0517772,137.4462075,Route9
98.142,-32.0521613,137.4461788,Route9
97.749,-32.0534881,137.4460521,Route9
97.274,-32.0536674,137.446035,Route9
97.311,-32.0537767,137.4460246,Route9
95.771,-32.0556399,137.4458541,Route9
91.076,-32.0588678,137.4455588,Route9
91.7,-32.0598748,137.4454626,Route9
91.92,-32.0600222,137.4454503,Route9
90.861,-32.060357,137.4454197,Route9
87.988,-32.0619443,137.4452746,Route9
87.672,-32.062303,137.4452418,Route9
80.486,-32.0664275,137.4448649,Route9
80.545,-32.0666068,137.4448485,Route9
81.034,-32.0667861,137.4448321,Route9
82.083,-32.0701933,137.4445207,Route9
79.329,-32.0727039,137.4442912,Route9
80.042,-32.0730626,137.4442584,Route9
81.16,-32.0732419,137.444242,Route9
81.855,-32.0734212,137.4442256,Route9
81.994,-32.0736005,137.4442092,Route9
71.208,-32.0779044,137.4438157,Route9
70.221,-32.0780837,137.4437993,Route9
74.392,-32.0820289,137.4434386,Route9
73.101,-32.0822082,137.4434222,Route9
72.405,-32.0823876,137.4434058,Route9
72.202,-32.0831049,137.4433402,Route9
72.405,-32.0840015,137.4432583,Route9
73.426,-32.0843602,137.4432255,Route9
73.006,-32.0847188,137.4431927,Route9
73.0,-32.0848982,137.4431763,Route9
67.26,-32.0915332,137.4425695,Route9
67.532,-32.094242,137.4423218,Route9
67.128,-32.0949404,137.4422579,Route9
66.609,-32.0951197,137.4422415,Route9
66.0,-32.0958504,137.4421746,Route9
64.252,-32.0978096,137.4419953,Route9
62.068,-32.0983476,137.441946,Route9
62.606,-32.0985269,137.4419296,Route9
59.746,-32.1114384,137.4407476,Route9
59.935,-32.1116177,137.4407312,Route9
59.704,-32.1118115,137.4407134,Route9
56.755,-32.116459,137.4402797,Route9
55.0,-32.1178866,137.4401464,Route9
53.991,-32.1184313,137.4400955,Route9
53.652,-32.1187628,137.4400651,Route9
55.878,-32.1197321,137.4399741,Route9
55.375,-32.1199114,137.4399573,Route9
52.346,-32.1208832,137.4398461,Route9
52.435,-32.1222598,137.4397812,Route9
54.199,-32.1224139,137.439774,Route9
52.436,-32.1234571,137.4397815,Route9
52.192,-32.1238232,137.4397922,Route9
51.078,-32.1260894,137.4400315,Route9
51.013,-32.1268074,137.4401877,Route9
51.297,-32.1283994,137.4405341,Route9
51.641,-32.1285114,137.4405583,Route9
51.557,-32.1292913,137.4407786,Route9
51.939,-32.1294971,137.4408502,Route9
52.324,-32.1305307,137.4412099,Route9
51.975,-32.132581,137.4421176,Route9
51.516,-32.1326627,137.4421538,Route9
51.203,-32.1328813,137.4422786,Route9
52.809,-32.1332805,137.4424989,Route9
53.0,-32.1336014,137.442683,Route9
52.918,-32.1346995,137.4433462,Route9
51.465,-32.1355886,137.4439544,Route9
51.432,-32.1359871,137.4442277,Route9
50.885,-32.1366987,137.4447785,Route9
50.266,-32.1370578,137.445074,Route9
51.0,-32.1377104,137.4456087,Route9
53.501,-32.1381569,137.4460074,Route9
53.738,-32.1383361,137.446184,Route9
52.187,-32.1386556,137.4464874,Route9
51.0,-32.1388413,137.4466765,Route9
53.7,-32.1399166,137.4476976,Route9
53.101,-32.1412046,137.448931,Route9
53.382,-32.1416262,137.4493203,Route9
53.861,-32.1419201,137.4496084,Route9
53.991,-32.1422634,137.4499835,Route9
53.866,-32.1424206,137.4501302,Route9
55.179,-32.1430881,137.450777,Route9
53.605,-32.1434431,137.4511143,Route9
55.383,-32.1445508,137.4521777,Route9
55.554,-32.1447177,137.4523415,Route9
55.011,-32.1448766,137.4524934,Route9
54.104,-32.1451208,137.4527265,Route9
53.734,-32.1452483,137.4528518,Route9
53.155,-32.1453863,137.452985,Route9
53.319,-32.1456442,137.4532311,Route9
54.165,-32.1458793,137.4534545,Route9
54.954,-32.1469312,137.4544321,Route9
55.505,-32.1499957,137.4573639,Route9
57.089,-32.1543681,137.4615518,Route9
56.876,-32.1544288,137.4616101,Route9
56.846,-32.1683957,137.475055,Route9
56.0,-32.1727032,137.4792003,Route9
55.776,-32.1738314,137.4802838,Route9
55.596,-32.1780121,137.4842996,Route9
54.397,-32.1784223,137.484691,Route9
56.73,-32.1792428,137.4854806,Route9
54.817,-32.1803617,137.4865574,Route9
56.195,-32.1824296,137.4885476,Route9
53.402,-32.1859159,137.4919031,Route9
54.931,-32.1864728,137.4924366,Route9
53.43,-32.187936,137.4938514,Route9
53.494,-32.1924955,137.4981939,Route9
52.594,-32.193446,137.4991031,Route9
53.0,-32.1995671,137.5049368,Route9
53.425,-32.2009201,137.5062171,Route9
53.026,-32.2010605,137.50635,Route9
53.0,-32.2012009,137.5064829,Route9
53.0,-32.2013413,137.5066157,Route9
54.094,-32.2017625,137.5070143,Route9
54.121,-32.2019029,137.5071472,Route9
51.376,-32.2117302,137.5164489,Route9
48.595,-32.2143319,137.5189138,Route9
49.0,-32.215273,137.5198001,Route9
48.945,-32.2183893,137.5227587,Route9
47.308,-32.2189061,137.5232479,Route9
48.013,-32.219298,137.5236179,Route9
48.794,-32.2211171,137.5253362,Route9
47.322,-32.2239784,137.5281474,Route9
50.0,-32.2248885,137.5290224,Route9
50.0,-32.2249048,137.5290405,Route9
50.91,-32.2258609,137.5299751,Route9
49.892,-32.2279649,137.5320366,Route9
50.395,-32.2291984,137.5332453,Route9
50.504,-32.2293333,137.5333775,Route9
50.25,-32.2313542,137.5353166,Route9
48.738,-32.233206,137.5371446,Route9
49.96,-32.2365344,137.5402818,Route9
49.0,-32.2382465,137.542057,Route9
49.292,-32.2414746,137.5451967,Route9
47.835,-32.2421882,137.545929,Route9
48.608,-32.2440578,137.5477127,Route9
49.014,-32.2445181,137.548161,Route9
48.0,-32.2452618,137.5488892,Route9
49.798,-32.2460246,137.5495758,Route9
48.493,-32.2468529,137.5503231,Route9
48.065,-32.2476681,137.5510194,Route9
48.873,-32.2481078,137.5513453,Route9
48.035,-32.2487989,137.5519348,Route9
48.283,-32.2495231,137.5524725,Route9
49.598,-32.2504466,137.5532012,Route9
49.463,-32.2504752,137.5532224,Route9
49.001,-32.2506291,137.5533337,Route9
49.076,-32.2509365,137.5535539,Route9
48.09,-32.2514845,137.5539269,Route9
49.484,-32.2522966,137.5544982,Route9
50.515,-32.253752,137.5554432,Route9
49.551,-32.2540936,137.5556544,Route9
48.592,-32.2559963,137.5567381,Route9
46.551,-32.2581234,137.5579427,Route9
46.64,-32.2581933,137.5579761,Route9
49.186,-32.2590545,137.5584614,Route9
49.042,-32.2592505,137.5585727,Route9
48.396,-32.261263,137.5596874,Route9
47.217,-32.2634921,137.5609317,Route9
47.426,-32.2636547,137.5610225,Route9
47.749,-32.2685343,137.5637465,Route9
45.308,-32.2722014,137.5657983,Route9
47.264,-32.2761022,137.5679734,Route9
47.0,-32.2788863,137.5695387,Route9
47.191,-32.2800973,137.5702334,Route9
46.339,-32.282988,137.5718504,Route9
44.349,-32.2860806,137.5735709,Route9
47.862,-32.2882951,137.5748092,Route9
47.71,-32.2906528,137.5761277,Route9
49.664,-32.2915487,137.576624,Route9
46.773,-32.2930147,137.5774362,Route9
45.607,-32.2940308,137.5780012,Route9
45.039,-32.2989277,137.5807566,Route9
43.713,-32.2999558,137.5813351,Route9
45.403,-32.3002315,137.5814767,Route9
45.246,-32.3014822,137.5821192,Route9
49.004,-32.302551,137.5826361,Route9
45.945,-32.3031162,137.582894,Route9
43.712,-32.3052782,137.583823,Route9
44.093,-32.3069827,137.5845355,Route9
45.557,-32.3092896,137.5855042,Route9
45.012,-32.3094321,137.5855641,Route9
44.925,-32.3094591,137.5855753,Route9
43.43,-32.3104777,137.5859991,Route9
43.9,-32.3106473,137.5860696,Route9
42.459,-32.311326,137.5863524,Route9
40.514,-32.3118349,137.5865643,Route9
44.0,-32.3150557,137.5879157,Route9
42.96,-32.3162802,137.5884309,Route9
44.423,-32.3174286,137.5889126,Route9
43.0,-32.3189109,137.5895296,Route9
43.108,-32.3245495,137.5918961,Route9
43.055,-32.3248089,137.5919802,Route9
42.731,-32.3270427,137.59294,Route9
41.506,-32.329237,137.593857,Route9
42.205,-32.3354904,137.5964793,Route9
42.316,-32.3355099,137.5964876,Route9
42.669,-32.335681,137.5965568,Route9
42.559,-32.3402579,137.5984756,Route9
42.0,-32.3426717,137.5994721,Route9
41.849,-32.347458,137.601484,Route9
39.64,-32.3481152,137.6017567,Route9
40.993,-32.349894,137.6024946,Route9
40.541,-32.3500637,137.602565,Route9
39.319,-32.3502335,137.6026354,Route9
39.944,-32.351091,137.6029911,Route9
40.678,-32.3515771,137.6032035,Route9
40.005,-32.3519427,137.6033859,Route9
39.425,-32.3522777,137.6035312,Route9
39.95,-32.3526774,137.6037313,Route9
40.845,-32.3531324,137.6039698,Route9
43.467,-32.3534633,137.6041664,Route9
43.995,-32.3538904,137.6044121,Route9
43.326,-32.3540531,137.6045006,Route9
43.354,-32.3549538,137.6050842,Route9
43.256,-32.355129,137.6052001,Route9
42.974,-32.3554139,137.6054066,Route9
43.528,-32.3557113,137.6056306,Route9
43.375,-32.3564305,137.6061846,Route9
43.812,-32.3567136,137.6064208,Route9
41.121,-32.3570848,137.606739,Route9
41.224,-32.3574934,137.6071112,Route9
42.88,-32.3578591,137.6074529,Route9
42.108,-32.3580395,137.6076276,Route9
39.136,-32.3583729,137.6079654,Route9
38.142,-32.3585716,137.608169,Route9
38.041,-32.3588681,137.6084869,Route9
37.905,-32.3592002,137.6088542,Route9
37.497,-32.3595502,137.6092559,Route9
35.505,-32.3606885,137.61056,Route9
36.432,-32.3618563,137.6118978,Route9
35.867,-32.3619813,137.6120405,Route9
35.401,-32.3621108,137.6121883,Route9
34.664,-32.3700091,137.6212044,Route9
31.624,-32.3704021,137.6216538,Route9
34.0,-32.3715601,137.6229815,Route9
34.0,-32.3715637,137.6229856,Route9
34.336,-32.3724691,137.624013,Route9
34.16,-32.3726166,137.6241804,Route9
33.219,-32.3731164,137.6247523,Route9
33.685,-32.3732457,137.6249003,Route9
40.592,-32.3771257,137.6293403,Route9
40.0,-32.377255,137.6294883,Route9
42.822,-32.3779017,137.6302284,Route9
42.677,-32.378031,137.6303763,Route9
43.254,-32.3786777,137.6311164,Route9
43.831,-32.3787946,137.6312502,Route9
45.387,-32.3793277,137.6318523,Route9
44.82,-32.3800499,137.6326681,Route9
44.23,-32.3810042,137.6336898,Route9
45.119,-32.3819807,137.6346985,Route9
46.878,-32.3847638,137.6375514,Route9
48.45,-32.3861577,137.638995,Route9
46.138,-32.3864744,137.6393207,Route9
45.203,-32.3866102,137.6394604,Route9
45.446,-32.386746,137.6396,Route9
46.612,-32.3868818,137.6397397,Route9
48.093,-32.3870176,137.6398794,Route9
49.504,-32.3871534,137.6400191,Route9
46.459,-32.3885369,137.6414422,Route9
46.573,-32.3886472,137.6415553,Route9
46.419,-32.3887832,137.6416947,Route9
47.614,-32.3902511,137.6431995,Route9
42.637,-32.3927217,137.6457448,Route9
41.684,-32.3928574,137.6458846,Route9
41.158,-32.3929931,137.6460244,Route9
40.859,-32.3931288,137.6461642,Route9
45.376,-32.3950868,137.6481816,Route9
45.251,-32.3960565,137.6491742,Route9
45.668,-32.3971471,137.6502982,Route9
45.882,-32.3975735,137.6507345,Route9
47.193,-32.3984039,137.6515948,Route9
47.0,-32.3985859,137.6517918,Route9
47.0,-32.398868,137.6520775,Route9
42.944,-32.399812,137.6530437,Route9
43.367,-32.4000841,137.6533222,Route9
41.953,-32.4002202,137.6534615,Route9
37.237,-32.401659,137.6549341,Route9
33.015,-32.4033379,137.6566756,Route9
32.953,-32.4034764,137.6568181,Route9
31.956,-32.4036122,137.6569578,Route9
31.941,-32.4037479,137.6570975,Route9
31.41,-32.4040195,137.6573769,Route9
31.241,-32.4042911,137.6576564,Route9
26.771,-32.4053773,137.6587742,Route9
26.847,-32.405513,137.6589138,Route9
27.137,-32.4056489,137.6590536,Route9
26.904,-32.4057846,137.6591933,Route9
26.088,-32.4059204,137.659333,Route9
23.114,-32.4065993,137.6600316,Route9
23.559,-32.4067351,137.6601713,Route9
25.29,-32.407414,137.6608699,Route9
25.61,-32.4075498,137.6610096,Route9
16.265,-32.4125736,137.6661796,Route9
16.808,-32.4128451,137.6664591,Route9
16.937,-32.4130375,137.6666571,Route9
17.0,-32.4131166,137.6667386,Route9
17.0,-32.4132524,137.6668783,Route9
16.855,-32.4133882,137.6670181,Route9
13.789,-32.4147459,137.6684155,Route9
13.775,-32.4148817,137.6685552,Route9
13.04,-32.4163944,137.6701123,Route9
14.972,-32.4168347,137.6705686,Route9
15.191,-32.4177124,137.6714889,Route9
13.434,-32.4182648,137.6721017,Route9
14.803,-32.4187416,137.6726614,Route9
15.578,-32.4192867,137.6733304,Route9
15.195,-32.4196253,137.6737622,Route9
15.926,-32.4197454,137.6739216,Route9
16.009,-32.4199351,137.6741771,Route9
15.815,-32.4200336,137.6743134,Route9
14.336,-32.4202179,137.6745666,Route9
13.0,-32.4205452,137.6750335,Route9
13.141,-32.4208726,137.6755294,Route9
15.617,-32.4211778,137.6760047,Route9
17.037,-32.4213427,137.6762682,Route9
14.021,-32.4225586,137.678269,Route9
13.028,-32.4233502,137.6795718,Route9
10.999,-32.4238898,137.6804614,Route9
11.068,-32.4258239,137.6836508,Route9
9.796,-32.4279229,137.6871139,Route9
11.733,-32.4285212,137.6881234,Route9
8.088,-32.4295042,137.6897345,Route9
10.323,-32.429799,137.6901665,Route9
10.301,-32.4299165,137.6903388,Route9
9.0,-32.4302822,137.6908313,Route9
9.008,-32.4307336,137.6913853,Route9
10.295,-32.431204,137.6919121,Route9
13.56,-32.4317446,137.6924558,Route9
11.651,-32.4322923,137.6929587,Route9
10.522,-32.432983,137.6935153,Route9
10.161,-32.4337036,137.6940262,Route9
9.8,-32.4368545,137.6959657,Route9
8.544,-32.4381253,137.696748,Route9
10.0,-32.4387178,137.697144,Route9
8.974,-32.439174,137.6974887,Route9
8.303,-32.4392866,137.6975737,Route9
7.268,-32.4394416,137.6977061,Route9
8.295,-32.4401032,137.6982711,Route9
12.8,-32.4407807,137.6989503,Route9
11.656,-32.4413683,137.6996157,Route9
11.999,-32.4414831,137.6997457,Route9
11.765,-32.4418391,137.7001918,Route9
11.999,-32.4419011,137.7002769,Route9
11.514,-32.4421506,137.700619,Route9
8.604,-32.4425822,137.7012672,Route9
9.878,-32.4432428,137.7023327,Route9
5.092,-32.443433,137.7026434,Route9
3.5,-32.4435386,137.702816,Route9
4.665,-32.4436442,137.7029885,Route9
6.069,-32.4437498,137.703161,Route9
7.0,-32.4438554,137.7033336,Route9
19.581,-32.4468118,137.7081648,Route9
19.927,-32.4469174,137.7083373,Route9
9.009,-32.4472342,137.708855,Route9
9.422,-32.4473398,137.7090276,Route9
19.031,-32.4475884,137.7094339,Route9
18.339,-32.4482086,137.7104613,Route9
20.878,-32.4488185,137.7115326,Route9
20.871,-32.4489768,137.7118314,Route9
20.84,-32.4490724,137.7120119,Route9
18.136,-32.4494814,137.7127839,Route9
21.84,-32.4501028,137.7140467,Route9
23.918,-32.4504307,137.7147731,Route9
22.46,-32.4508582,137.7157202,Route9
21.33,-32.4510977,137.7162839,Route9
19.602,-32.4527514,137.7201762,Route9
19.965,-32.4529116,137.7205565,Route9
22.0,-32.4531083,137.7209766,Route9
21.97,-32.453175,137.7211302,Route9
21.052,-32.4537282,137.7224277,Route9
18.895,-32.4541815,137.7234698,Route9
8.933,-32.4555742,137.7267161,Route9
9.608,-32.4559126,137.7274827,Route9
13.72,-32.4561068,137.7278932,Route9
14.261,-32.4561345,137.7279516,Route9
14.771,-32.4561637,137.7280174,Route9
14.107,-32.4562592,137.7282215,Route9
7.389,-32.4565585,137.7287955,Route9
7.422,-32.4566275,137.7289279,Route9
9.0,-32.4567802,137.7291822,Route9
8.827,-32.4569925,137.7295603,Route9
10.787,-32.4573918,137.7301941,Route9
15.986,-32.4577961,137.7307755,Route9
12.708,-32.4582451,137.7313676,Route9
11.225,-32.4585406,137.7317309,Route9
11.362,-32.4586486,137.7318604,Route9
11.847,-32.4587127,137.7319426,Route9
12.59,-32.4591045,137.7323872,Route9
10.401,-32.4595885,137.7328928,Route9
19.059,-32.4604049,137.733687,Route9
18.47,-32.4605439,137.7338222,Route9
18.628,-32.4606716,137.7339465,Route9
18.671,-32.460683,137.7339574,Route9
19.197,-32.460823,137.7340912,Route9
24.113,-32.462948,137.7361231,Route9
23.841,-32.4630371,137.7362083,Route9
23.132,-32.4631559,137.736339,Route9
23.121,-32.4632673,137.736445,Route9
23.023,-32.4633787,137.7365511,Route9
23.703,-32.4635551,137.7367036,Route9
25.101,-32.4636839,137.7368268,Route9
22.005,-32.4647307,137.7378278,Route9
23.572,-32.4654622,137.7385286,Route9
22.535,-32.4659129,137.7389585,Route9
22.031,-32.4660557,137.7391229,Route9
23.111,-32.4664061,137.7394581,Route9
23.73,-32.4668787,137.7399067,Route9
30.202,-32.4701026,137.7429668,Route9
29.57,-32.4704243,137.7432821,Route9
28.74,-32.4705742,137.7434241,Route9
28.753,-32.4706807,137.7435272,Route9
27.696,-32.4708539,137.7436925,Route9
24.783,-32.4726062,137.7454106,Route9
18.92,-32.4730737,137.745869,Route9
24.732,-32.4733839,137.7461737,Route9
22.778,-32.4737882,137.7465695,Route9
17.798,-32.4742516,137.7470689,Route9
12.212,-32.4751612,137.7480051,Route9
11.829,-32.475297,137.7481449,Route9
11.873,-32.4753646,137.7482153,Route9
11.682,-32.4754108,137.7482619,Route9
12.049,-32.4759837,137.7488942,Route9
12.248,-32.4769685,137.7500069,Route9
13.254,-32.4770212,137.7500649,Route9
15.335,-32.4774211,137.7505058,Route9
11.882,-32.4778424,137.7509702,Route9
16.261,-32.4783197,137.7514646,Route9
19.723,-32.4786851,137.75183,Route9
18.039,-32.4790192,137.7521588,Route9
22.538,-32.4792383,137.7523594,Route9
24.494,-32.4793201,137.752417,Route9
26.215,-32.4794025,137.7524727,Route9
26.965,-32.4794425,137.7524974,Route9
25.242,-32.4795938,137.7525911,Route9
25.214,-32.4796027,137.7525935,Route9
24.161,-32.4797044,137.7526498,Route9
25.031,-32.4798283,137.7527151,Route9
26.215,-32.4798924,137.7527456,Route9
28.383,-32.4799629,137.7528673,Route9
29.544,-32.4800045,137.7529267,Route9
30.008,-32.4800961,137.7530591,Route9
30.105,-32.4801249,137.7531088,Route9
30.185,-32.4801522,137.7531693,Route9
30.236,-32.4801826,137.7532471,Route9
30.191,-32.4802247,137.7533619,Route9
30.08,-32.4802555,137.7534303,Route9
29.719,-32.4802913,137.7535046,Route9
29.175,-32.4803121,137.7536467,Route9
27.425,-32.4803401,137.7538014,Route9
27.415,-32.4804057,137.7540495,Route9
29.171,-32.4804651,137.7542205,Route9
29.129,-32.4805034,137.7543239,Route9
28.759,-32.4805573,137.7544617,Route9
23.366,-32.4807139,137.7548067,Route9
20.976,-32.4810703,137.7553225,Route9
19.624,-32.4812275,137.7555648,Route9
17.323,-32.4813063,137.7556877,Route9
16.689,-32.4813314,137.7557229,Route9
14.997,-32.4814602,137.7559249,Route9
15.643,-32.4815324,137.7560411,Route9
16.291,-32.4815686,137.7561107,Route9
20.15,-32.4816633,137.7562883,Route9
21.131,-32.4817388,137.7564798,Route9
19.566,-32.4818283,137.7567066,Route9
14.93,-32.48188,137.7568483,Route9
12.117,-32.481977,137.7571128,Route9
12.332,-32.4820367,137.75727,Route9
12.536,-32.4820933,137.7574066,Route9
12.32,-32.4822296,137.757684,Route9
11.701,-32.4823831,137.757921,Route9
11.391,-32.4824414,137.7579923,Route9
11.094,-32.4824817,137.7580473,Route9
11.0,-32.4825371,137.7581186,Route9
11.0,-32.4825575,137.7581397,Route9
11.0,-32.4826363,137.758218,Route9
6.283,-32.4834049,137.7588841,Route9
4.58,-32.4838775,137.7593001,Route9
2.088,-32.4841519,137.7595416,Route9
2.921,-32.4844101,137.7598501,Route9
4.009,-32.4845368,137.7600015,Route9
4.365,-32.4848104,137.7603568,Route9
2.36,-32.4850255,137.7606953,Route9
1.993,-32.4850604,137.7607588,Route9
0.0,-32.4852931,137.7611571,Route9
0.0,-32.4852993,137.7611686,Route9
0.0,-32.4857407,137.7620982,Route9
0.0,-32.4863669,137.7633924,Route9
0.0,-32.4864578,137.7635803,Route9
0.0,-32.4866374,137.7639514,Route9
0.0,-32.4866789,137.7640357,Route9
1.433,-32.4870051,137.7646125,Route9
2.983,-32.4871579,137.7648118,Route9
3.158,-32.4871866,137.7648492,Route9
3.276,-32.487239,137.7649635,Route9
4.229,-32.4873231,137.7650769,Route9
5.649,-32.4873804,137.7651473,Route9
10.929,-32.4875632,137.7653527,Route9
13.973,-32.4877298,137.7655399,Route9
12.263,-32.4879178,137.7657002,Route9
14.263,-32.4880164,137.765793,Route9
15.772,-32.4881159,137.765886,Route9
15.762,-32.4881451,137.7659099,Route9
15.85,-32.4881928,137.7659513,Route9
17.042,-32.4884078,137.7661227,Route9
17.279,-32.4884962,137.7661887,Route9
17.339,-32.4885167,137.7662054,Route9
17.343,-32.4885203,137.7662065,Route9
18.406,-32.4887603,137.7663525,Route9
19.101,-32.4888838,137.7664219,Route9
19.887,-32.4890975,137.7665402,Route9
19.485,-32.4893673,137.7667497,Route9
19.308,-32.4893994,137.7667712,Route9
18.905,-32.4894578,137.7668157,Route9
18.481,-32.4895266,137.7668661,Route9
18.18,-32.4895872,137.7669108,Route9
17.987,-32.4897005,137.7669923,Route9
18.617,-32.4898347,137.7670897,Route9
19.036,-32.4898932,137.7671342,Route9
19.244,-32.4899194,137.7671533,Route9
20.34,-32.4900254,137.7672293,Route9
21.899,-32.4901573,137.7673239,Route9
22.753,-32.4902295,137.7673755,Route9
23.686,-32.4903261,137.7674449,Route9
24.216,-32.490387,137.7674834,Route9
24.465,-32.4904135,137.7675001,Route9
24.792,-32.490465,137.7675319,Route9
25.16,-32.4905228,137.7675676,Route9
24.942,-32.4906256,137.767628,Route9
23.375,-32.4910331,137.7679514,Route9
23.086,-32.4910503,137.7680318,Route9
22.7,-32.4910664,137.7680972,Route9
22.182,-32.4910819,137.7681691,Route9
21.735,-32.4910886,137.7682312,Route9
20.887,-32.4910986,137.7683647,Route9
20.403,-32.4910175,137.7684993,Route9
19.912,-32.4908211,137.7688253,Route9
19.583,-32.4907193,137.7690011,Route9
20.303,-32.4904139,137.7695285,Route9
20.0,-32.4899999,137.7702577,Route9
18.91,-32.4894977,137.7711422,Route9
18.0,-32.4902318,137.7716929,Route9
19.448,-32.4908976,137.7722256,Route9
15.991,-32.4915913,137.7727786,Route9
15.607,-32.4916368,137.7728142,Route9
13.311,-32.4922766,137.7733156,Route9
13.237,-32.4923183,137.7733484,Route9
15.844,-32.4925503,137.7729266,Route9
16.023,-32.4925779,137.7728903,Route9
16.09,-32.4925983,137.7728717,Route9
16.109,-32.4926085,137.7728642,Route9
17.132,-32.4926266,137.772672,Route9
17.0,-32.4928092,137.7723368,Route9
17.0,-32.4928633,137.7722863,Route9
16.736,-32.492962,137.7721116,Route9
16.645,-32.4929771,137.7720849,Route9
16.247,-32.4930551,137.7720127,Route9
16.965,-32.4933874,137.7717162,Route9
16.99,-32.4934824,137.7716719,Route9
16.895,-32.4936136,137.7716934,Route9
16.566,-32.4936928,137.7717055,Route9
16.335,-32.4937516,137.7717108,Route9
16.184,-32.4938138,137.7716907,Route9
17.467,-32.4942708,137.7712924,Route9
17.299,-32.4942991,137.7712549,Route9
17.271,-32.4943115,137.7712066,Route9
17.287,-32.4943117,137.7711961,Route9
17.149,-32.4943152,137.7709828,Route9
16.892,-32.4943183,137.7707949,Route9
17.469,-32.4942911,137.7706715,Route9
17.677,-32.4942889,137.7705575,Route9
18.185,-32.4942708,137.7704408,Route9
18.717,-32.4942323,137.7703054,Route9
19.491,-32.4941486,137.7701511,Route9
19.979,-32.4940287,137.7700117,Route9
19.994,-32.4938952,137.7699218,Route9
19.957,-32.4938769,137.769912,Route9
19.367,-32.4937131,137.7698239,Route9
18.62,-32.4932697,137.7695852,Route9
18.669,-32.4932165,137.7695637,Route9
18.783,-32.4931679,137.7695731,Route9
18.92,-32.4931125,137.7696134,Route9
19.399,-32.4929157,137.7697801,Route9
17.945,-32.4924587,137.7701672,Route9
17.78,-32.4924428,137.7701981,Route9
17.018,-32.4925107,137.7704274,Route9
17.0,-32.4925016,137.7705481,Route9
