<?xml version="1.0" encoding="utf-8" standalone="yes"?>
<gpx version="1.1" creator="GPS Visualizer https://www.gpsvisualizer.com/" xmlns="http://www.topografix.com/GPX/1/1" xmlns:xsi="http://www.w3.org/2001/XMLSchema-instance" xsi:schemaLocation="http://www.topografix.com/GPX/1/1 http://www.topografix.com/GPX/1/1/gpx.xsd http://www.garmin.com/xmlschemas/TrackPointExtension/v2 http://www.garmin.com/xmlschemas/TrackPointExtensionv2.xsd http://www.garmin.com/xmlschemas/GpxExtensions/v3 http://www.garmin.com/xmlschemas/GpxExtensionsv3.xsd" xmlns:gpxtpx="http://www.garmin.com/xmlschemas/TrackPointExtension/v2" xmlns:gpxx="http://www.garmin.com/xmlschemas/GpxExtensions/v3">
<trk>
  <name>Route6</name>
  <trkseg>
    <trkpt lat="-23.7140961" lon="133.8742486">
      <ele>572.821</ele>
    </trkpt>
    <trkpt lat="-23.7140961" lon="133.8742486">
      <ele>572.821</ele>
    </trkpt>
    <trkpt lat="-23.7141181" lon="133.8742314">
      <ele>572.866</ele>
    </trkpt>
    <trkpt lat="-23.7141553" lon="133.8742043">
      <ele>572.965</ele>
    </trkpt>
    <trkpt lat="-23.7147903" lon="133.8737246">
      <ele>572.717</ele>
    </trkpt>
    <trkpt lat="-23.7155131" lon="133.8731758">
      <ele>571.367</ele>
    </trkpt>
    <trkpt lat="-23.7158828" lon="133.8728951">
      <ele>570.525</ele>
    </trkpt>
    <trkpt lat="-23.7160016" lon="133.8728066">
      <ele>570.647</ele>
    </trkpt>
    <trkpt lat="-23.7160583" lon="133.8727585">
      <ele>570.81</ele>
    </trkpt>
    <trkpt lat="-23.7163403" lon="133.8725346">
      <ele>571.103</ele>
    </trkpt>
    <trkpt lat="-23.7165234" lon="133.8723985">
      <ele>571.365</ele>
    </trkpt>
    <trkpt lat="-23.7167358" lon="133.8722406">
      <ele>571.701</ele>
    </trkpt>
    <trkpt lat="-23.7169434" lon="133.87208">
      <ele>571.004</ele>
    </trkpt>
    <trkpt lat="-23.717064" lon="133.8719884">
      <ele>570.932</ele>
    </trkpt>
    <trkpt lat="-23.7172927" lon="133.8718134">
      <ele>570.866</ele>
    </trkpt>
    <trkpt lat="-23.7175493" lon="133.871617">
      <ele>571.0</ele>
    </trkpt>
    <trkpt lat="-23.7175581" lon="133.8716098">
      <ele>571.0</ele>
    </trkpt>
    <trkpt lat="-23.7176409" lon="133.8715424">
      <ele>571.0</ele>
    </trkpt>
    <trkpt lat="-23.7178704" lon="133.8713757">
      <ele>571.318</ele>
    </trkpt>
    <trkpt lat="-23.7181343" lon="133.8711627">
      <ele>571.133</ele>
    </trkpt>
    <trkpt lat="-23.7182901" lon="133.871036">
      <ele>570.772</ele>
    </trkpt>
    <trkpt lat="-23.7186187" lon="133.8707852">
      <ele>569.169</ele>
    </trkpt>
    <trkpt lat="-23.7186805" lon="133.870743">
      <ele>569.244</ele>
    </trkpt>
    <trkpt lat="-23.7188827" lon="133.8705905">
      <ele>569.019</ele>
    </trkpt>
    <trkpt lat="-23.7189445" lon="133.8705438">
      <ele>569.034</ele>
    </trkpt>
    <trkpt lat="-23.7190314" lon="133.87048">
      <ele>569.132</ele>
    </trkpt>
    <trkpt lat="-23.7191417" lon="133.870399">
      <ele>569.051</ele>
    </trkpt>
    <trkpt lat="-23.719181" lon="133.8703688">
      <ele>569.035</ele>
    </trkpt>
    <trkpt lat="-23.7192722" lon="133.8702965">
      <ele>569.354</ele>
    </trkpt>
    <trkpt lat="-23.7193845" lon="133.8702114">
      <ele>569.597</ele>
    </trkpt>
    <trkpt lat="-23.7194301" lon="133.8701795">
      <ele>569.613</ele>
    </trkpt>
    <trkpt lat="-23.7194975" lon="133.8701276">
      <ele>569.372</ele>
    </trkpt>
    <trkpt lat="-23.7198476" lon="133.8698582">
      <ele>569.451</ele>
    </trkpt>
    <trkpt lat="-23.7198945" lon="133.8698221">
      <ele>569.62</ele>
    </trkpt>
    <trkpt lat="-23.720151" lon="133.8696242">
      <ele>570.191</ele>
    </trkpt>
    <trkpt lat="-23.7202057" lon="133.8695813">
      <ele>570.233</ele>
    </trkpt>
    <trkpt lat="-23.7204794" lon="133.8693745">
      <ele>569.931</ele>
    </trkpt>
    <trkpt lat="-23.7207084" lon="133.8691941">
      <ele>569.504</ele>
    </trkpt>
    <trkpt lat="-23.7207887" lon="133.869124">
      <ele>569.136</ele>
    </trkpt>
    <trkpt lat="-23.7208489" lon="133.8690828">
      <ele>569.0</ele>
    </trkpt>
    <trkpt lat="-23.7209519" lon="133.868997">
      <ele>569.0</ele>
    </trkpt>
    <trkpt lat="-23.7210357" lon="133.8689202">
      <ele>569.0</ele>
    </trkpt>
    <trkpt lat="-23.7210573" lon="133.8689004">
      <ele>569.0</ele>
    </trkpt>
    <trkpt lat="-23.7211401" lon="133.8688008">
      <ele>568.716</ele>
    </trkpt>
    <trkpt lat="-23.7212062" lon="133.8686997">
      <ele>568.552</ele>
    </trkpt>
    <trkpt lat="-23.721223" lon="133.8686709">
      <ele>568.531</ele>
    </trkpt>
    <trkpt lat="-23.7212236" lon="133.8686694">
      <ele>568.53</ele>
    </trkpt>
    <trkpt lat="-23.7212794" lon="133.8685849">
      <ele>568.549</ele>
    </trkpt>
    <trkpt lat="-23.7213635" lon="133.8684273">
      <ele>568.307</ele>
    </trkpt>
    <trkpt lat="-23.7214061" lon="133.868336">
      <ele>568.01</ele>
    </trkpt>
    <trkpt lat="-23.7214784" lon="133.8681775">
      <ele>567.439</ele>
    </trkpt>
    <trkpt lat="-23.7215832" lon="133.8679699">
      <ele>567.0</ele>
    </trkpt>
    <trkpt lat="-23.7216287" lon="133.8679137">
      <ele>567.0</ele>
    </trkpt>
    <trkpt lat="-23.7217033" lon="133.8678555">
      <ele>567.0</ele>
    </trkpt>
    <trkpt lat="-23.7217548" lon="133.8678134">
      <ele>567.0</ele>
    </trkpt>
    <trkpt lat="-23.7218063" lon="133.8678221">
      <ele>567.0</ele>
    </trkpt>
    <trkpt lat="-23.7218754" lon="133.8678198">
      <ele>567.0</ele>
    </trkpt>
    <trkpt lat="-23.7219126" lon="133.8678113">
      <ele>567.0</ele>
    </trkpt>
    <trkpt lat="-23.7219501" lon="133.8678002">
      <ele>567.002</ele>
    </trkpt>
    <trkpt lat="-23.7219973" lon="133.8677805">
      <ele>567.002</ele>
    </trkpt>
    <trkpt lat="-23.7221075" lon="133.867707">
      <ele>566.596</ele>
    </trkpt>
    <trkpt lat="-23.722141" lon="133.8676551">
      <ele>566.246</ele>
    </trkpt>
    <trkpt lat="-23.7221878" lon="133.8675733">
      <ele>565.619</ele>
    </trkpt>
    <trkpt lat="-23.7221911" lon="133.8675632">
      <ele>565.542</ele>
    </trkpt>
    <trkpt lat="-23.7222142" lon="133.8675002">
      <ele>565.03</ele>
    </trkpt>
    <trkpt lat="-23.7222292" lon="133.8674571">
      <ele>564.892</ele>
    </trkpt>
    <trkpt lat="-23.7222379" lon="133.8674111">
      <ele>564.775</ele>
    </trkpt>
    <trkpt lat="-23.7222411" lon="133.8673728">
      <ele>564.647</ele>
    </trkpt>
    <trkpt lat="-23.7223018" lon="133.8673112">
      <ele>564.699</ele>
    </trkpt>
    <trkpt lat="-23.7223761" lon="133.8672061">
      <ele>564.554</ele>
    </trkpt>
    <trkpt lat="-23.7224462" lon="133.8671269">
      <ele>564.806</ele>
    </trkpt>
    <trkpt lat="-23.722489" lon="133.8670856">
      <ele>564.96</ele>
    </trkpt>
    <trkpt lat="-23.7225451" lon="133.86704">
      <ele>565.112</ele>
    </trkpt>
    <trkpt lat="-23.7225913" lon="133.8670061">
      <ele>565.146</ele>
    </trkpt>
    <trkpt lat="-23.7226233" lon="133.866986">
      <ele>565.133</ele>
    </trkpt>
    <trkpt lat="-23.7227089" lon="133.8669405">
      <ele>565.004</ele>
    </trkpt>
    <trkpt lat="-23.7228058" lon="133.8669031">
      <ele>565.187</ele>
    </trkpt>
    <trkpt lat="-23.7229044" lon="133.8668801">
      <ele>565.806</ele>
    </trkpt>
    <trkpt lat="-23.7230181" lon="133.8668651">
      <ele>566.483</ele>
    </trkpt>
    <trkpt lat="-23.7231472" lon="133.8668515">
      <ele>566.665</ele>
    </trkpt>
    <trkpt lat="-23.7232659" lon="133.8668237">
      <ele>566.565</ele>
    </trkpt>
    <trkpt lat="-23.7233616" lon="133.8667825">
      <ele>566.375</ele>
    </trkpt>
    <trkpt lat="-23.723417" lon="133.8667586">
      <ele>566.231</ele>
    </trkpt>
    <trkpt lat="-23.7235239" lon="133.8667018">
      <ele>566.04</ele>
    </trkpt>
    <trkpt lat="-23.7236085" lon="133.8666381">
      <ele>565.999</ele>
    </trkpt>
    <trkpt lat="-23.7236381" lon="133.8666088">
      <ele>566.0</ele>
    </trkpt>
    <trkpt lat="-23.723729" lon="133.8665216">
      <ele>566.0</ele>
    </trkpt>
    <trkpt lat="-23.7238075" lon="133.8664346">
      <ele>566.0</ele>
    </trkpt>
    <trkpt lat="-23.7238876" lon="133.8663447">
      <ele>566.158</ele>
    </trkpt>
    <trkpt lat="-23.7239713" lon="133.8662574">
      <ele>566.177</ele>
    </trkpt>
    <trkpt lat="-23.7240335" lon="133.8661983">
      <ele>566.166</ele>
    </trkpt>
    <trkpt lat="-23.7241915" lon="133.8660852">
      <ele>566.199</ele>
    </trkpt>
    <trkpt lat="-23.7242866" lon="133.8660321">
      <ele>566.544</ele>
    </trkpt>
    <trkpt lat="-23.7244504" lon="133.8659622">
      <ele>567.177</ele>
    </trkpt>
    <trkpt lat="-23.7247019" lon="133.8658871">
      <ele>569.9</ele>
    </trkpt>
    <trkpt lat="-23.7248148" lon="133.8658702">
      <ele>571.336</ele>
    </trkpt>
    <trkpt lat="-23.7249261" lon="133.8658653">
      <ele>572.626</ele>
    </trkpt>
    <trkpt lat="-23.7250664" lon="133.8658112">
      <ele>575.632</ele>
    </trkpt>
    <trkpt lat="-23.7252795" lon="133.8657673">
      <ele>580.066</ele>
    </trkpt>
    <trkpt lat="-23.7255159" lon="133.8657132">
      <ele>579.193</ele>
    </trkpt>
    <trkpt lat="-23.7257309" lon="133.8656586">
      <ele>576.362</ele>
    </trkpt>
    <trkpt lat="-23.7260222" lon="133.865551">
      <ele>575.52</ele>
    </trkpt>
    <trkpt lat="-23.7262936" lon="133.8654312">
      <ele>577.918</ele>
    </trkpt>
    <trkpt lat="-23.7265026" lon="133.8653258">
      <ele>577.768</ele>
    </trkpt>
    <trkpt lat="-23.7277094" lon="133.8646173">
      <ele>567.432</ele>
    </trkpt>
    <trkpt lat="-23.7284307" lon="133.8641558">
      <ele>566.025</ele>
    </trkpt>
    <trkpt lat="-23.7291529" lon="133.8636977">
      <ele>566.95</ele>
    </trkpt>
    <trkpt lat="-23.72964" lon="133.8633887">
      <ele>566.0</ele>
    </trkpt>
    <trkpt lat="-23.730078" lon="133.8631459">
      <ele>566.423</ele>
    </trkpt>
    <trkpt lat="-23.7302859" lon="133.8630555">
      <ele>567.029</ele>
    </trkpt>
    <trkpt lat="-23.7305696" lon="133.8629431">
      <ele>568.03</ele>
    </trkpt>
    <trkpt lat="-23.7306726" lon="133.8629126">
      <ele>568.205</ele>
    </trkpt>
    <trkpt lat="-23.730989" lon="133.8628317">
      <ele>567.182</ele>
    </trkpt>
    <trkpt lat="-23.7312113" lon="133.8627883">
      <ele>565.715</ele>
    </trkpt>
    <trkpt lat="-23.7312493" lon="133.8627837">
      <ele>565.545</ele>
    </trkpt>
    <trkpt lat="-23.7314277" lon="133.8627586">
      <ele>564.931</ele>
    </trkpt>
    <trkpt lat="-23.7315318" lon="133.862744">
      <ele>564.878</ele>
    </trkpt>
    <trkpt lat="-23.7316066" lon="133.8627406">
      <ele>564.866</ele>
    </trkpt>
    <trkpt lat="-23.7319815" lon="133.8627236">
      <ele>566.046</ele>
    </trkpt>
    <trkpt lat="-23.7320371" lon="133.8627288">
      <ele>566.432</ele>
    </trkpt>
    <trkpt lat="-23.732161" lon="133.8627355">
      <ele>567.288</ele>
    </trkpt>
    <trkpt lat="-23.732289" lon="133.8627425">
      <ele>567.777</ele>
    </trkpt>
    <trkpt lat="-23.7323405" lon="133.8627481">
      <ele>567.832</ele>
    </trkpt>
    <trkpt lat="-23.7325893" lon="133.862775">
      <ele>567.669</ele>
    </trkpt>
    <trkpt lat="-23.7326655" lon="133.8627829">
      <ele>567.434</ele>
    </trkpt>
    <trkpt lat="-23.7329393" lon="133.8628368">
      <ele>567.425</ele>
    </trkpt>
    <trkpt lat="-23.7330417" lon="133.8628674">
      <ele>567.645</ele>
    </trkpt>
    <trkpt lat="-23.7331925" lon="133.8629135">
      <ele>568.229</ele>
    </trkpt>
    <trkpt lat="-23.7333297" lon="133.8629555">
      <ele>568.635</ele>
    </trkpt>
    <trkpt lat="-23.7335501" lon="133.8630361">
      <ele>568.204</ele>
    </trkpt>
    <trkpt lat="-23.733904" lon="133.8631996">
      <ele>566.536</ele>
    </trkpt>
    <trkpt lat="-23.7341924" lon="133.8633564">
      <ele>566.834</ele>
    </trkpt>
    <trkpt lat="-23.7343751" lon="133.8634782">
      <ele>565.957</ele>
    </trkpt>
    <trkpt lat="-23.7365713" lon="133.864996">
      <ele>566.0</ele>
    </trkpt>
    <trkpt lat="-23.7367655" lon="133.8651249">
      <ele>566.0</ele>
    </trkpt>
    <trkpt lat="-23.7371896" lon="133.8654149">
      <ele>566.0</ele>
    </trkpt>
    <trkpt lat="-23.7373885" lon="133.8655425">
      <ele>565.401</ele>
    </trkpt>
    <trkpt lat="-23.7376919" lon="133.8657385">
      <ele>565.0</ele>
    </trkpt>
    <trkpt lat="-23.7380664" lon="133.8659925">
      <ele>565.978</ele>
    </trkpt>
    <trkpt lat="-23.7383597" lon="133.8662123">
      <ele>564.67</ele>
    </trkpt>
    <trkpt lat="-23.7384529" lon="133.8662696">
      <ele>564.675</ele>
    </trkpt>
    <trkpt lat="-23.7385882" lon="133.8663582">
      <ele>564.927</ele>
    </trkpt>
    <trkpt lat="-23.7395817" lon="133.8670083">
      <ele>565.884</ele>
    </trkpt>
    <trkpt lat="-23.7401148" lon="133.8673569">
      <ele>567.0</ele>
    </trkpt>
    <trkpt lat="-23.7401692" lon="133.8673884">
      <ele>567.0</ele>
    </trkpt>
    <trkpt lat="-23.7404302" lon="133.8675537">
      <ele>566.751</ele>
    </trkpt>
    <trkpt lat="-23.7406581" lon="133.8676481">
      <ele>566.5</ele>
    </trkpt>
    <trkpt lat="-23.7408903" lon="133.8678008">
      <ele>565.983</ele>
    </trkpt>
    <trkpt lat="-23.7409257" lon="133.8678242">
      <ele>565.944</ele>
    </trkpt>
    <trkpt lat="-23.7412182" lon="133.8680122">
      <ele>565.096</ele>
    </trkpt>
    <trkpt lat="-23.7413013" lon="133.8680653">
      <ele>565.011</ele>
    </trkpt>
    <trkpt lat="-23.7415998" lon="133.8682578">
      <ele>564.241</ele>
    </trkpt>
    <trkpt lat="-23.7419233" lon="133.8684635">
      <ele>563.076</ele>
    </trkpt>
    <trkpt lat="-23.7422349" lon="133.868661">
      <ele>562.171</ele>
    </trkpt>
    <trkpt lat="-23.7423638" lon="133.8687424">
      <ele>562.232</ele>
    </trkpt>
    <trkpt lat="-23.7427986" lon="133.8690147">
      <ele>562.494</ele>
    </trkpt>
    <trkpt lat="-23.7431617" lon="133.8692545">
      <ele>563.0</ele>
    </trkpt>
    <trkpt lat="-23.7433594" lon="133.8693882">
      <ele>562.906</ele>
    </trkpt>
    <trkpt lat="-23.7438452" lon="133.8696308">
      <ele>562.948</ele>
    </trkpt>
    <trkpt lat="-23.7439458" lon="133.8697298">
      <ele>563.205</ele>
    </trkpt>
    <trkpt lat="-23.7439982" lon="133.869764">
      <ele>563.394</ele>
    </trkpt>
    <trkpt lat="-23.7443708" lon="133.8699689">
      <ele>563.265</ele>
    </trkpt>
    <trkpt lat="-23.7447259" lon="133.8701708">
      <ele>561.987</ele>
    </trkpt>
    <trkpt lat="-23.7450249" lon="133.8703163">
      <ele>561.0</ele>
    </trkpt>
    <trkpt lat="-23.7450586" lon="133.870334">
      <ele>561.0</ele>
    </trkpt>
    <trkpt lat="-23.7453121" lon="133.870456">
      <ele>561.124</ele>
    </trkpt>
    <trkpt lat="-23.7456726" lon="133.8706139">
      <ele>562.421</ele>
    </trkpt>
    <trkpt lat="-23.7459857" lon="133.8707314">
      <ele>562.799</ele>
    </trkpt>
    <trkpt lat="-23.7462828" lon="133.8708279">
      <ele>562.374</ele>
    </trkpt>
    <trkpt lat="-23.7466239" lon="133.8709254">
      <ele>563.412</ele>
    </trkpt>
    <trkpt lat="-23.7469241" lon="133.871001">
      <ele>564.691</ele>
    </trkpt>
    <trkpt lat="-23.7471126" lon="133.8710348">
      <ele>565.321</ele>
    </trkpt>
    <trkpt lat="-23.7473448" lon="133.8710719">
      <ele>564.603</ele>
    </trkpt>
    <trkpt lat="-23.7474795" lon="133.871091">
      <ele>563.432</ele>
    </trkpt>
    <trkpt lat="-23.747787" lon="133.8711382">
      <ele>561.967</ele>
    </trkpt>
    <trkpt lat="-23.7478567" lon="133.87113">
      <ele>561.716</ele>
    </trkpt>
    <trkpt lat="-23.7480988" lon="133.8711423">
      <ele>561.138</ele>
    </trkpt>
    <trkpt lat="-23.7485321" lon="133.8712179">
      <ele>561.891</ele>
    </trkpt>
    <trkpt lat="-23.7488655" lon="133.8712791">
      <ele>561.446</ele>
    </trkpt>
    <trkpt lat="-23.7491078" lon="133.8712721">
      <ele>560.758</ele>
    </trkpt>
    <trkpt lat="-23.7492933" lon="133.8712759">
      <ele>560.593</ele>
    </trkpt>
    <trkpt lat="-23.7494537" lon="133.8712934">
      <ele>560.668</ele>
    </trkpt>
    <trkpt lat="-23.7498952" lon="133.8713559">
      <ele>560.451</ele>
    </trkpt>
    <trkpt lat="-23.7502811" lon="133.8714118">
      <ele>560.011</ele>
    </trkpt>
    <trkpt lat="-23.7515309" lon="133.8715468">
      <ele>561.211</ele>
    </trkpt>
    <trkpt lat="-23.7530071" lon="133.8717163">
      <ele>559.353</ele>
    </trkpt>
    <trkpt lat="-23.7538582" lon="133.8718073">
      <ele>558.055</ele>
    </trkpt>
    <trkpt lat="-23.7542871" lon="133.871835">
      <ele>558.434</ele>
    </trkpt>
    <trkpt lat="-23.7549214" lon="133.8719283">
      <ele>558.283</ele>
    </trkpt>
    <trkpt lat="-23.7556098" lon="133.8719595">
      <ele>557.195</ele>
    </trkpt>
    <trkpt lat="-23.7568591" lon="133.8720723">
      <ele>558.166</ele>
    </trkpt>
    <trkpt lat="-23.7569002" lon="133.872079">
      <ele>558.082</ele>
    </trkpt>
    <trkpt lat="-23.7570124" lon="133.8720945">
      <ele>558.112</ele>
    </trkpt>
    <trkpt lat="-23.7576019" lon="133.8721883">
      <ele>559.444</ele>
    </trkpt>
    <trkpt lat="-23.7576211" lon="133.8721915">
      <ele>559.498</ele>
    </trkpt>
    <trkpt lat="-23.7577158" lon="133.8722419">
      <ele>559.722</ele>
    </trkpt>
    <trkpt lat="-23.7577517" lon="133.8722453">
      <ele>559.831</ele>
    </trkpt>
    <trkpt lat="-23.7579478" lon="133.8722696">
      <ele>559.322</ele>
    </trkpt>
    <trkpt lat="-23.7581004" lon="133.8722976">
      <ele>558.839</ele>
    </trkpt>
    <trkpt lat="-23.7581867" lon="133.8723125">
      <ele>558.528</ele>
    </trkpt>
    <trkpt lat="-23.7583402" lon="133.8723492">
      <ele>558.0</ele>
    </trkpt>
    <trkpt lat="-23.7587185" lon="133.8724551">
      <ele>557.676</ele>
    </trkpt>
    <trkpt lat="-23.7590992" lon="133.8725826">
      <ele>557.37</ele>
    </trkpt>
    <trkpt lat="-23.7592126" lon="133.872613">
      <ele>557.34</ele>
    </trkpt>
    <trkpt lat="-23.7594368" lon="133.8726788">
      <ele>557.018</ele>
    </trkpt>
    <trkpt lat="-23.7595684" lon="133.8727084">
      <ele>557.0</ele>
    </trkpt>
    <trkpt lat="-23.7597212" lon="133.8727265">
      <ele>557.0</ele>
    </trkpt>
    <trkpt lat="-23.7598999" lon="133.8727467">
      <ele>557.711</ele>
    </trkpt>
    <trkpt lat="-23.7601165" lon="133.8727725">
      <ele>558.43</ele>
    </trkpt>
    <trkpt lat="-23.7601584" lon="133.8727808">
      <ele>558.548</ele>
    </trkpt>
    <trkpt lat="-23.7603886" lon="133.8728066">
      <ele>558.435</ele>
    </trkpt>
    <trkpt lat="-23.7608134" lon="133.8728674">
      <ele>557.049</ele>
    </trkpt>
    <trkpt lat="-23.7610763" lon="133.8729094">
      <ele>557.46</ele>
    </trkpt>
    <trkpt lat="-23.7612983" lon="133.8729449">
      <ele>556.993</ele>
    </trkpt>
    <trkpt lat="-23.7613804" lon="133.8729585">
      <ele>556.719</ele>
    </trkpt>
    <trkpt lat="-23.7615701" lon="133.8729968">
      <ele>556.799</ele>
    </trkpt>
    <trkpt lat="-23.7617133" lon="133.8730341">
      <ele>557.168</ele>
    </trkpt>
    <trkpt lat="-23.7619062" lon="133.8730696">
      <ele>557.812</ele>
    </trkpt>
    <trkpt lat="-23.762172" lon="133.8731187">
      <ele>557.773</ele>
    </trkpt>
    <trkpt lat="-23.7624305" lon="133.8731665">
      <ele>556.851</ele>
    </trkpt>
    <trkpt lat="-23.7625912" lon="133.8731947">
      <ele>556.171</ele>
    </trkpt>
    <trkpt lat="-23.7627809" lon="133.8732158">
      <ele>555.418</ele>
    </trkpt>
    <trkpt lat="-23.7630365" lon="133.8732225">
      <ele>555.027</ele>
    </trkpt>
    <trkpt lat="-23.7632578" lon="133.8732155">
      <ele>555.0</ele>
    </trkpt>
    <trkpt lat="-23.7635713" lon="133.8731965">
      <ele>554.565</ele>
    </trkpt>
    <trkpt lat="-23.7638559" lon="133.8731923">
      <ele>554.508</ele>
    </trkpt>
    <trkpt lat="-23.7640647" lon="133.873199">
      <ele>554.81</ele>
    </trkpt>
    <trkpt lat="-23.7641918" lon="133.8732122">
      <ele>555.0</ele>
    </trkpt>
    <trkpt lat="-23.7643399" lon="133.8732302">
      <ele>555.0</ele>
    </trkpt>
    <trkpt lat="-23.7644472" lon="133.8732481">
      <ele>555.0</ele>
    </trkpt>
    <trkpt lat="-23.7645116" lon="133.8732254">
      <ele>555.0</ele>
    </trkpt>
    <trkpt lat="-23.7646588" lon="133.8732471">
      <ele>555.0</ele>
    </trkpt>
    <trkpt lat="-23.7652334" lon="133.8733393">
      <ele>555.844</ele>
    </trkpt>
    <trkpt lat="-23.7653748" lon="133.8733633">
      <ele>556.038</ele>
    </trkpt>
    <trkpt lat="-23.7656215" lon="133.87342">
      <ele>556.312</ele>
    </trkpt>
    <trkpt lat="-23.7658758" lon="133.8734798">
      <ele>556.527</ele>
    </trkpt>
    <trkpt lat="-23.7658934" lon="133.8734849">
      <ele>556.546</ele>
    </trkpt>
    <trkpt lat="-23.7659153" lon="133.8734899">
      <ele>556.564</ele>
    </trkpt>
    <trkpt lat="-23.7659378" lon="133.8734938">
      <ele>556.578</ele>
    </trkpt>
    <trkpt lat="-23.765957" lon="133.873499">
      <ele>556.596</ele>
    </trkpt>
    <trkpt lat="-23.7661404" lon="133.873542">
      <ele>556.751</ele>
    </trkpt>
    <trkpt lat="-23.7661788" lon="133.8735476">
      <ele>556.771</ele>
    </trkpt>
    <trkpt lat="-23.7664064" lon="133.8735909">
      <ele>556.869</ele>
    </trkpt>
    <trkpt lat="-23.7668865" lon="133.8736824">
      <ele>556.31</ele>
    </trkpt>
    <trkpt lat="-23.7672383" lon="133.8737501">
      <ele>555.5</ele>
    </trkpt>
    <trkpt lat="-23.7673302" lon="133.8737678">
      <ele>555.564</ele>
    </trkpt>
    <trkpt lat="-23.7678315" lon="133.873865">
      <ele>554.914</ele>
    </trkpt>
    <trkpt lat="-23.7683612" lon="133.8739676">
      <ele>554.172</ele>
    </trkpt>
    <trkpt lat="-23.7688018" lon="133.8740522">
      <ele>555.412</ele>
    </trkpt>
    <trkpt lat="-23.7693363" lon="133.8741551">
      <ele>554.389</ele>
    </trkpt>
    <trkpt lat="-23.7699948" lon="133.8742819">
      <ele>555.0</ele>
    </trkpt>
    <trkpt lat="-23.7703061" lon="133.8743436">
      <ele>554.0</ele>
    </trkpt>
    <trkpt lat="-23.771151" lon="133.8745046">
      <ele>554.567</ele>
    </trkpt>
    <trkpt lat="-23.7712622" lon="133.8745418">
      <ele>554.299</ele>
    </trkpt>
    <trkpt lat="-23.7718718" lon="133.8746449">
      <ele>554.484</ele>
    </trkpt>
    <trkpt lat="-23.7719815" lon="133.8746635">
      <ele>554.395</ele>
    </trkpt>
    <trkpt lat="-23.7723307" lon="133.8747227">
      <ele>553.608</ele>
    </trkpt>
    <trkpt lat="-23.7725209" lon="133.8747602">
      <ele>553.0</ele>
    </trkpt>
    <trkpt lat="-23.7728087" lon="133.8748208">
      <ele>552.96</ele>
    </trkpt>
    <trkpt lat="-23.7728925" lon="133.8748368">
      <ele>552.83</ele>
    </trkpt>
    <trkpt lat="-23.7729769" lon="133.8748537">
      <ele>552.661</ele>
    </trkpt>
    <trkpt lat="-23.7730827" lon="133.8748752">
      <ele>552.405</ele>
    </trkpt>
    <trkpt lat="-23.7731561" lon="133.8748893">
      <ele>552.254</ele>
    </trkpt>
    <trkpt lat="-23.7732302" lon="133.8749015">
      <ele>552.132</ele>
    </trkpt>
    <trkpt lat="-23.7732347" lon="133.8749024">
      <ele>552.125</ele>
    </trkpt>
    <trkpt lat="-23.7737976" lon="133.8749998">
      <ele>553.0</ele>
    </trkpt>
    <trkpt lat="-23.7739194" lon="133.8750211">
      <ele>553.068</ele>
    </trkpt>
    <trkpt lat="-23.774104" lon="133.8750535">
      <ele>553.043</ele>
    </trkpt>
    <trkpt lat="-23.7746966" lon="133.8751581">
      <ele>552.569</ele>
    </trkpt>
    <trkpt lat="-23.7750468" lon="133.87522">
      <ele>552.832</ele>
    </trkpt>
    <trkpt lat="-23.7751166" lon="133.8752332">
      <ele>552.58</ele>
    </trkpt>
    <trkpt lat="-23.7752118" lon="133.8752306">
      <ele>552.238</ele>
    </trkpt>
    <trkpt lat="-23.7754689" lon="133.8752778">
      <ele>551.312</ele>
    </trkpt>
    <trkpt lat="-23.776263" lon="133.8754246">
      <ele>551.075</ele>
    </trkpt>
    <trkpt lat="-23.7768671" lon="133.8755361">
      <ele>551.208</ele>
    </trkpt>
    <trkpt lat="-23.7772676" lon="133.8756132">
      <ele>551.208</ele>
    </trkpt>
    <trkpt lat="-23.77772" lon="133.8757036">
      <ele>551.903</ele>
    </trkpt>
    <trkpt lat="-23.7782529" lon="133.8758294">
      <ele>552.725</ele>
    </trkpt>
    <trkpt lat="-23.7790865" lon="133.8760582">
      <ele>551.289</ele>
    </trkpt>
    <trkpt lat="-23.7799197" lon="133.8763">
      <ele>552.0</ele>
    </trkpt>
    <trkpt lat="-23.7800707" lon="133.8763467">
      <ele>552.0</ele>
    </trkpt>
    <trkpt lat="-23.7811247" lon="133.8766322">
      <ele>550.925</ele>
    </trkpt>
    <trkpt lat="-23.7819464" lon="133.8768528">
      <ele>550.0</ele>
    </trkpt>
    <trkpt lat="-23.78665" lon="133.8782032">
      <ele>548.503</ele>
    </trkpt>
    <trkpt lat="-23.7867653" lon="133.8782371">
      <ele>548.421</ele>
    </trkpt>
    <trkpt lat="-23.7886062" lon="133.8787789">
      <ele>548.407</ele>
    </trkpt>
    <trkpt lat="-23.7892212" lon="133.878961">
      <ele>547.804</ele>
    </trkpt>
    <trkpt lat="-23.7896027" lon="133.879094">
      <ele>546.579</ele>
    </trkpt>
    <trkpt lat="-23.7897027" lon="133.8787655">
      <ele>547.413</ele>
    </trkpt>
    <trkpt lat="-23.789736" lon="133.878632">
      <ele>547.974</ele>
    </trkpt>
    <trkpt lat="-23.7898734" lon="133.8780463">
      <ele>547.526</ele>
    </trkpt>
    <trkpt lat="-23.790026" lon="133.8774083">
      <ele>548.0</ele>
    </trkpt>
    <trkpt lat="-23.7901382" lon="133.876959">
      <ele>547.529</ele>
    </trkpt>
    <trkpt lat="-23.790189" lon="133.8767723">
      <ele>547.32</ele>
    </trkpt>
    <trkpt lat="-23.7902178" lon="133.8766741">
      <ele>547.216</ele>
    </trkpt>
    <trkpt lat="-23.7903269" lon="133.8763021">
      <ele>547.823</ele>
    </trkpt>
    <trkpt lat="-23.7903841" lon="133.8761299">
      <ele>547.617</ele>
    </trkpt>
    <trkpt lat="-23.7904993" lon="133.8757836">
      <ele>547.584</ele>
    </trkpt>
    <trkpt lat="-23.7906701" lon="133.8753024">
      <ele>548.123</ele>
    </trkpt>
    <trkpt lat="-23.7907207" lon="133.8751712">
      <ele>548.039</ele>
    </trkpt>
    <trkpt lat="-23.7908602" lon="133.8748096">
      <ele>547.381</ele>
    </trkpt>
    <trkpt lat="-23.7912381" lon="133.8738756">
      <ele>547.974</ele>
    </trkpt>
    <trkpt lat="-23.7912644" lon="133.8738134">
      <ele>547.878</ele>
    </trkpt>
    <trkpt lat="-23.7915415" lon="133.8731571">
      <ele>548.201</ele>
    </trkpt>
    <trkpt lat="-23.79157" lon="133.8730901">
      <ele>548.081</ele>
    </trkpt>
    <trkpt lat="-23.7918017" lon="133.8725444">
      <ele>548.0</ele>
    </trkpt>
    <trkpt lat="-23.7920309" lon="133.8720016">
      <ele>549.0</ele>
    </trkpt>
    <trkpt lat="-23.7922689" lon="133.8714353">
      <ele>548.14</ele>
    </trkpt>
    <trkpt lat="-23.7923751" lon="133.8711873">
      <ele>548.877</ele>
    </trkpt>
    <trkpt lat="-23.7925329" lon="133.8708156">
      <ele>548.825</ele>
    </trkpt>
    <trkpt lat="-23.792866" lon="133.8700311">
      <ele>547.0</ele>
    </trkpt>
    <trkpt lat="-23.7929496" lon="133.8698364">
      <ele>547.225</ele>
    </trkpt>
    <trkpt lat="-23.7930472" lon="133.8696275">
      <ele>547.371</ele>
    </trkpt>
    <trkpt lat="-23.7931316" lon="133.8694549">
      <ele>547.973</ele>
    </trkpt>
    <trkpt lat="-23.7932479" lon="133.8692421">
      <ele>548.224</ele>
    </trkpt>
    <trkpt lat="-23.7933744" lon="133.8690295">
      <ele>548.346</ele>
    </trkpt>
    <trkpt lat="-23.793505" lon="133.8688205">
      <ele>548.534</ele>
    </trkpt>
    <trkpt lat="-23.7935951" lon="133.8686793">
      <ele>548.769</ele>
    </trkpt>
    <trkpt lat="-23.7937649" lon="133.868441">
      <ele>548.785</ele>
    </trkpt>
    <trkpt lat="-23.7938815" lon="133.8682932">
      <ele>548.856</ele>
    </trkpt>
    <trkpt lat="-23.79402" lon="133.8681211">
      <ele>548.236</ele>
    </trkpt>
    <trkpt lat="-23.794362" lon="133.8677268">
      <ele>546.129</ele>
    </trkpt>
    <trkpt lat="-23.7945166" lon="133.8675482">
      <ele>546.872</ele>
    </trkpt>
    <trkpt lat="-23.7949062" lon="133.8670992">
      <ele>547.443</ele>
    </trkpt>
    <trkpt lat="-23.7956487" lon="133.8662468">
      <ele>547.172</ele>
    </trkpt>
    <trkpt lat="-23.7969106" lon="133.8648304">
      <ele>548.269</ele>
    </trkpt>
    <trkpt lat="-23.7979058" lon="133.8636907">
      <ele>546.868</ele>
    </trkpt>
    <trkpt lat="-23.7986489" lon="133.8628392">
      <ele>546.864</ele>
    </trkpt>
    <trkpt lat="-23.7987499" lon="133.8627235">
      <ele>546.305</ele>
    </trkpt>
    <trkpt lat="-23.7998336" lon="133.8614753">
      <ele>545.988</ele>
    </trkpt>
    <trkpt lat="-23.8008239" lon="133.8603344">
      <ele>546.0</ele>
    </trkpt>
    <trkpt lat="-23.8009475" lon="133.8601916">
      <ele>545.406</ele>
    </trkpt>
    <trkpt lat="-23.8025485" lon="133.858347">
      <ele>545.0</ele>
    </trkpt>
    <trkpt lat="-23.8028041" lon="133.8580525">
      <ele>545.105</ele>
    </trkpt>
    <trkpt lat="-23.8030515" lon="133.8577672">
      <ele>546.0</ele>
    </trkpt>
    <trkpt lat="-23.8046321" lon="133.8559422">
      <ele>544.06</ele>
    </trkpt>
    <trkpt lat="-23.8079752" lon="133.8520921">
      <ele>545.864</ele>
    </trkpt>
    <trkpt lat="-23.8094541" lon="133.8503888">
      <ele>546.635</ele>
    </trkpt>
    <trkpt lat="-23.8099562" lon="133.8498105">
      <ele>547.732</ele>
    </trkpt>
    <trkpt lat="-23.8099899" lon="133.8497717">
      <ele>547.828</ele>
    </trkpt>
    <trkpt lat="-23.8101416" lon="133.849597">
      <ele>547.49</ele>
    </trkpt>
    <trkpt lat="-23.8105668" lon="133.8491121">
      <ele>546.221</ele>
    </trkpt>
    <trkpt lat="-23.8111769" lon="133.8484265">
      <ele>545.981</ele>
    </trkpt>
    <trkpt lat="-23.811728" lon="133.8478171">
      <ele>547.331</ele>
    </trkpt>
    <trkpt lat="-23.8121172" lon="133.8474124">
      <ele>547.622</ele>
    </trkpt>
    <trkpt lat="-23.8129679" lon="133.8465614">
      <ele>548.242</ele>
    </trkpt>
    <trkpt lat="-23.8135283" lon="133.8460188">
      <ele>546.0</ele>
    </trkpt>
    <trkpt lat="-23.8143059" lon="133.8453187">
      <ele>547.501</ele>
    </trkpt>
    <trkpt lat="-23.8161258" lon="133.8436954">
      <ele>548.037</ele>
    </trkpt>
    <trkpt lat="-23.8172174" lon="133.8427425">
      <ele>548.0</ele>
    </trkpt>
    <trkpt lat="-23.8177286" lon="133.842289">
      <ele>548.0</ele>
    </trkpt>
    <trkpt lat="-23.8196361" lon="133.840609">
      <ele>547.133</ele>
    </trkpt>
    <trkpt lat="-23.8210678" lon="133.8393598">
      <ele>546.156</ele>
    </trkpt>
    <trkpt lat="-23.8213843" lon="133.8390804">
      <ele>545.684</ele>
    </trkpt>
    <trkpt lat="-23.8218626" lon="133.8386433">
      <ele>547.74</ele>
    </trkpt>
    <trkpt lat="-23.822257" lon="133.8382938">
      <ele>546.626</ele>
    </trkpt>
    <trkpt lat="-23.8235185" lon="133.8371849">
      <ele>546.199</ele>
    </trkpt>
    <trkpt lat="-23.8250603" lon="133.8358295">
      <ele>548.376</ele>
    </trkpt>
    <trkpt lat="-23.8250675" lon="133.8358232">
      <ele>548.344</ele>
    </trkpt>
    <trkpt lat="-23.8256209" lon="133.8353366">
      <ele>546.738</ele>
    </trkpt>
    <trkpt lat="-23.8267422" lon="133.8343508">
      <ele>545.728</ele>
    </trkpt>
    <trkpt lat="-23.8267494" lon="133.8343445">
      <ele>545.702</ele>
    </trkpt>
    <trkpt lat="-23.8268824" lon="133.8342276">
      <ele>545.223</ele>
    </trkpt>
    <trkpt lat="-23.8268896" lon="133.8342213">
      <ele>545.197</ele>
    </trkpt>
    <trkpt lat="-23.8287333" lon="133.8326003">
      <ele>546.642</ele>
    </trkpt>
    <trkpt lat="-23.8298692" lon="133.8315903">
      <ele>545.129</ele>
    </trkpt>
    <trkpt lat="-23.8302521" lon="133.8312508">
      <ele>544.138</ele>
    </trkpt>
    <trkpt lat="-23.8305747" lon="133.8309631">
      <ele>544.037</ele>
    </trkpt>
    <trkpt lat="-23.8306741" lon="133.8308796">
      <ele>544.356</ele>
    </trkpt>
    <trkpt lat="-23.831312" lon="133.8303259">
      <ele>545.402</ele>
    </trkpt>
    <trkpt lat="-23.8324435" lon="133.8293399">
      <ele>545.88</ele>
    </trkpt>
    <trkpt lat="-23.8336885" lon="133.8282452">
      <ele>545.771</ele>
    </trkpt>
    <trkpt lat="-23.8352403" lon="133.8268806">
      <ele>544.0</ele>
    </trkpt>
    <trkpt lat="-23.8353804" lon="133.8267574">
      <ele>544.369</ele>
    </trkpt>
    <trkpt lat="-23.8402838" lon="133.8224454">
      <ele>543.808</ele>
    </trkpt>
    <trkpt lat="-23.8424857" lon="133.8205127">
      <ele>545.0</ele>
    </trkpt>
    <trkpt lat="-23.8451523" lon="133.818176">
      <ele>544.804</ele>
    </trkpt>
    <trkpt lat="-23.8451596" lon="133.8181696">
      <ele>544.825</ele>
    </trkpt>
    <trkpt lat="-23.8456526" lon="133.8177267">
      <ele>545.184</ele>
    </trkpt>
    <trkpt lat="-23.8458713" lon="133.8175349">
      <ele>545.892</ele>
    </trkpt>
    <trkpt lat="-23.8459893" lon="133.8174312">
      <ele>546.139</ele>
    </trkpt>
    <trkpt lat="-23.8461294" lon="133.8173079">
      <ele>546.712</ele>
    </trkpt>
    <trkpt lat="-23.8468302" lon="133.8166917">
      <ele>544.358</ele>
    </trkpt>
    <trkpt lat="-23.8469704" lon="133.8165685">
      <ele>544.74</ele>
    </trkpt>
    <trkpt lat="-23.8471106" lon="133.8164453">
      <ele>546.071</ele>
    </trkpt>
    <trkpt lat="-23.849304" lon="133.8145168">
      <ele>546.366</ele>
    </trkpt>
    <trkpt lat="-23.852085" lon="133.8120878">
      <ele>550.235</ele>
    </trkpt>
    <trkpt lat="-23.852201" lon="133.8119883">
      <ele>551.544</ele>
    </trkpt>
    <trkpt lat="-23.8524748" lon="133.811748">
      <ele>553.681</ele>
    </trkpt>
    <trkpt lat="-23.8525452" lon="133.8116934">
      <ele>554.066</ele>
    </trkpt>
    <trkpt lat="-23.8528608" lon="133.8114137">
      <ele>553.152</ele>
    </trkpt>
    <trkpt lat="-23.8529792" lon="133.8113084">
      <ele>552.841</ele>
    </trkpt>
    <trkpt lat="-23.8532078" lon="133.8111091">
      <ele>553.548</ele>
    </trkpt>
    <trkpt lat="-23.8541638" lon="133.8102809">
      <ele>549.032</ele>
    </trkpt>
    <trkpt lat="-23.8544647" lon="133.8100304">
      <ele>553.036</ele>
    </trkpt>
    <trkpt lat="-23.855131" lon="133.8094758">
      <ele>552.754</ele>
    </trkpt>
    <trkpt lat="-23.8551562" lon="133.8094544">
      <ele>552.509</ele>
    </trkpt>
    <trkpt lat="-23.8556703" lon="133.8090174">
      <ele>551.0</ele>
    </trkpt>
    <trkpt lat="-23.8558041" lon="133.808905">
      <ele>551.0</ele>
    </trkpt>
    <trkpt lat="-23.8559157" lon="133.8088057">
      <ele>551.299</ele>
    </trkpt>
    <trkpt lat="-23.855942" lon="133.8087812">
      <ele>551.388</ele>
    </trkpt>
    <trkpt lat="-23.8564916" lon="133.808325">
      <ele>554.671</ele>
    </trkpt>
    <trkpt lat="-23.8571206" lon="133.8077914">
      <ele>554.397</ele>
    </trkpt>
    <trkpt lat="-23.8577954" lon="133.8072224">
      <ele>552.064</ele>
    </trkpt>
    <trkpt lat="-23.8586865" lon="133.8064704">
      <ele>553.221</ele>
    </trkpt>
    <trkpt lat="-23.8591458" lon="133.8060829">
      <ele>554.0</ele>
    </trkpt>
    <trkpt lat="-23.8592419" lon="133.8060027">
      <ele>554.271</ele>
    </trkpt>
    <trkpt lat="-23.8593275" lon="133.8059283">
      <ele>554.579</ele>
    </trkpt>
    <trkpt lat="-23.8598382" lon="133.8054827">
      <ele>553.845</ele>
    </trkpt>
    <trkpt lat="-23.8602439" lon="133.8051428">
      <ele>554.878</ele>
    </trkpt>
    <trkpt lat="-23.8602555" lon="133.8051379">
      <ele>554.92</ele>
    </trkpt>
    <trkpt lat="-23.8604925" lon="133.8049336">
      <ele>555.773</ele>
    </trkpt>
    <trkpt lat="-23.8615543" lon="133.8040424">
      <ele>557.957</ele>
    </trkpt>
    <trkpt lat="-23.8631712" lon="133.8026774">
      <ele>557.211</ele>
    </trkpt>
    <trkpt lat="-23.8644851" lon="133.8015635">
      <ele>555.238</ele>
    </trkpt>
    <trkpt lat="-23.8647499" lon="133.8013432">
      <ele>556.083</ele>
    </trkpt>
    <trkpt lat="-23.8651915" lon="133.8009695">
      <ele>557.537</ele>
    </trkpt>
    <trkpt lat="-23.8657733" lon="133.8004771">
      <ele>556.934</ele>
    </trkpt>
    <trkpt lat="-23.8668991" lon="133.7995253">
      <ele>556.128</ele>
    </trkpt>
    <trkpt lat="-23.8681862" lon="133.7984402">
      <ele>556.796</ele>
    </trkpt>
    <trkpt lat="-23.8692918" lon="133.797498">
      <ele>558.447</ele>
    </trkpt>
    <trkpt lat="-23.8705257" lon="133.7964685">
      <ele>556.893</ele>
    </trkpt>
    <trkpt lat="-23.8706389" lon="133.7963724">
      <ele>557.0</ele>
    </trkpt>
    <trkpt lat="-23.8707445" lon="133.7962828">
      <ele>557.0</ele>
    </trkpt>
    <trkpt lat="-23.8709231" lon="133.7961313">
      <ele>557.0</ele>
    </trkpt>
    <trkpt lat="-23.8716131" lon="133.7955458">
      <ele>558.993</ele>
    </trkpt>
    <trkpt lat="-23.8731085" lon="133.7942842">
      <ele>560.767</ele>
    </trkpt>
    <trkpt lat="-23.87359" lon="133.7938759">
      <ele>562.754</ele>
    </trkpt>
    <trkpt lat="-23.8736264" lon="133.793845">
      <ele>562.693</ele>
    </trkpt>
    <trkpt lat="-23.8737321" lon="133.7937554">
      <ele>562.248</ele>
    </trkpt>
    <trkpt lat="-23.8737685" lon="133.7937245">
      <ele>562.152</ele>
    </trkpt>
    <trkpt lat="-23.8744195" lon="133.7931724">
      <ele>561.0</ele>
    </trkpt>
    <trkpt lat="-23.8753112" lon="133.7924222">
      <ele>563.647</ele>
    </trkpt>
    <trkpt lat="-23.8754355" lon="133.7923176">
      <ele>564.508</ele>
    </trkpt>
    <trkpt lat="-23.8769699" lon="133.7910105">
      <ele>570.85</ele>
    </trkpt>
    <trkpt lat="-23.877137" lon="133.7908612">
      <ele>570.237</ele>
    </trkpt>
    <trkpt lat="-23.8772205" lon="133.790771">
      <ele>569.782</ele>
    </trkpt>
    <trkpt lat="-23.8776791" lon="133.7903821">
      <ele>567.751</ele>
    </trkpt>
    <trkpt lat="-23.8784477" lon="133.7897214">
      <ele>567.412</ele>
    </trkpt>
    <trkpt lat="-23.878907" lon="133.7893312">
      <ele>566.592</ele>
    </trkpt>
    <trkpt lat="-23.879251" lon="133.7890322">
      <ele>565.663</ele>
    </trkpt>
    <trkpt lat="-23.87933" lon="133.7889635">
      <ele>565.699</ele>
    </trkpt>
    <trkpt lat="-23.879392" lon="133.7889109">
      <ele>565.826</ele>
    </trkpt>
    <trkpt lat="-23.8793937" lon="133.7889095">
      <ele>565.831</ele>
    </trkpt>
    <trkpt lat="-23.8797944" lon="133.7885746">
      <ele>569.097</ele>
    </trkpt>
    <trkpt lat="-23.8803224" lon="133.7881209">
      <ele>568.197</ele>
    </trkpt>
    <trkpt lat="-23.880823" lon="133.7876942">
      <ele>570.264</ele>
    </trkpt>
    <trkpt lat="-23.8813782" lon="133.7872236">
      <ele>571.962</ele>
    </trkpt>
    <trkpt lat="-23.8813823" lon="133.7872202">
      <ele>571.969</ele>
    </trkpt>
    <trkpt lat="-23.881428" lon="133.7871825">
      <ele>571.857</ele>
    </trkpt>
    <trkpt lat="-23.8815257" lon="133.7871018">
      <ele>571.566</ele>
    </trkpt>
    <trkpt lat="-23.8816644" lon="133.7869789">
      <ele>571.124</ele>
    </trkpt>
    <trkpt lat="-23.8819299" lon="133.7867507">
      <ele>570.589</ele>
    </trkpt>
    <trkpt lat="-23.8820885" lon="133.786614">
      <ele>569.909</ele>
    </trkpt>
    <trkpt lat="-23.8824823" lon="133.7862747">
      <ele>569.178</ele>
    </trkpt>
    <trkpt lat="-23.8829056" lon="133.7859135">
      <ele>568.616</ele>
    </trkpt>
    <trkpt lat="-23.8833488" lon="133.7855364">
      <ele>568.987</ele>
    </trkpt>
    <trkpt lat="-23.8837613" lon="133.7851831">
      <ele>568.659</ele>
    </trkpt>
    <trkpt lat="-23.8840986" lon="133.7848934">
      <ele>567.535</ele>
    </trkpt>
    <trkpt lat="-23.884213" lon="133.7847954">
      <ele>567.614</ele>
    </trkpt>
    <trkpt lat="-23.8843545" lon="133.784674">
      <ele>567.268</ele>
    </trkpt>
    <trkpt lat="-23.8844965" lon="133.7845523">
      <ele>567.073</ele>
    </trkpt>
    <trkpt lat="-23.8844973" lon="133.7845516">
      <ele>567.073</ele>
    </trkpt>
    <trkpt lat="-23.8849815" lon="133.7841342">
      <ele>565.992</ele>
    </trkpt>
    <trkpt lat="-23.8855581" lon="133.7836474">
      <ele>567.74</ele>
    </trkpt>
    <trkpt lat="-23.8859409" lon="133.7833309">
      <ele>569.982</ele>
    </trkpt>
    <trkpt lat="-23.8862846" lon="133.7830392">
      <ele>567.882</ele>
    </trkpt>
    <trkpt lat="-23.8864834" lon="133.7828589">
      <ele>566.244</ele>
    </trkpt>
    <trkpt lat="-23.8866219" lon="133.7827334">
      <ele>564.842</ele>
    </trkpt>
    <trkpt lat="-23.8867145" lon="133.7826494">
      <ele>563.983</ele>
    </trkpt>
    <trkpt lat="-23.8871495" lon="133.7822765">
      <ele>564.753</ele>
    </trkpt>
    <trkpt lat="-23.8874687" lon="133.782004">
      <ele>564.303</ele>
    </trkpt>
    <trkpt lat="-23.8875544" lon="133.7819308">
      <ele>564.0</ele>
    </trkpt>
    <trkpt lat="-23.8880289" lon="133.7815232">
      <ele>564.467</ele>
    </trkpt>
    <trkpt lat="-23.8881237" lon="133.7814426">
      <ele>565.052</ele>
    </trkpt>
    <trkpt lat="-23.8883076" lon="133.7812866">
      <ele>565.907</ele>
    </trkpt>
    <trkpt lat="-23.8886641" lon="133.7809846">
      <ele>565.0</ele>
    </trkpt>
    <trkpt lat="-23.8890936" lon="133.7806151">
      <ele>564.951</ele>
    </trkpt>
    <trkpt lat="-23.8894336" lon="133.7803302">
      <ele>566.772</ele>
    </trkpt>
    <trkpt lat="-23.8895974" lon="133.7801904">
      <ele>567.0</ele>
    </trkpt>
    <trkpt lat="-23.889739" lon="133.7800677">
      <ele>567.0</ele>
    </trkpt>
    <trkpt lat="-23.8898582" lon="133.7799642">
      <ele>567.0</ele>
    </trkpt>
    <trkpt lat="-23.8902259" lon="133.7796488">
      <ele>567.0</ele>
    </trkpt>
    <trkpt lat="-23.8906521" lon="133.7792815">
      <ele>567.0</ele>
    </trkpt>
    <trkpt lat="-23.8912812" lon="133.77873">
      <ele>567.778</ele>
    </trkpt>
    <trkpt lat="-23.8917918" lon="133.7782909">
      <ele>567.0</ele>
    </trkpt>
    <trkpt lat="-23.8921984" lon="133.7779398">
      <ele>568.331</ele>
    </trkpt>
    <trkpt lat="-23.892631" lon="133.777571">
      <ele>569.121</ele>
    </trkpt>
    <trkpt lat="-23.892848" lon="133.7773816">
      <ele>569.0</ele>
    </trkpt>
    <trkpt lat="-23.8933092" lon="133.7769878">
      <ele>569.986</ele>
    </trkpt>
    <trkpt lat="-23.8937239" lon="133.7766278">
      <ele>569.328</ele>
    </trkpt>
    <trkpt lat="-23.8940125" lon="133.7763747">
      <ele>568.606</ele>
    </trkpt>
    <trkpt lat="-23.8943861" lon="133.7760543">
      <ele>569.409</ele>
    </trkpt>
    <trkpt lat="-23.8948056" lon="133.7756992">
      <ele>569.817</ele>
    </trkpt>
    <trkpt lat="-23.8952277" lon="133.7753361">
      <ele>570.648</ele>
    </trkpt>
    <trkpt lat="-23.8952478" lon="133.775319">
      <ele>570.76</ele>
    </trkpt>
    <trkpt lat="-23.8954962" lon="133.7751023">
      <ele>571.207</ele>
    </trkpt>
    <trkpt lat="-23.895821" lon="133.774828">
      <ele>571.636</ele>
    </trkpt>
    <trkpt lat="-23.8962495" lon="133.7744604">
      <ele>572.473</ele>
    </trkpt>
    <trkpt lat="-23.8965144" lon="133.774225">
      <ele>570.758</ele>
    </trkpt>
    <trkpt lat="-23.896763" lon="133.7740106">
      <ele>570.0</ele>
    </trkpt>
    <trkpt lat="-23.8970369" lon="133.7737723">
      <ele>570.333</ele>
    </trkpt>
    <trkpt lat="-23.8973452" lon="133.7735112">
      <ele>571.042</ele>
    </trkpt>
    <trkpt lat="-23.8977187" lon="133.7731915">
      <ele>572.277</ele>
    </trkpt>
    <trkpt lat="-23.898143" lon="133.7728234">
      <ele>571.376</ele>
    </trkpt>
    <trkpt lat="-23.8984494" lon="133.7725614">
      <ele>572.092</ele>
    </trkpt>
    <trkpt lat="-23.8988296" lon="133.7722315">
      <ele>572.0</ele>
    </trkpt>
    <trkpt lat="-23.8992022" lon="133.7719087">
      <ele>572.24</ele>
    </trkpt>
    <trkpt lat="-23.8993157" lon="133.7718124">
      <ele>572.757</ele>
    </trkpt>
    <trkpt lat="-23.8993443" lon="133.7717883">
      <ele>572.842</ele>
    </trkpt>
    <trkpt lat="-23.899719" lon="133.7714678">
      <ele>573.997</ele>
    </trkpt>
    <trkpt lat="-23.9000465" lon="133.7711866">
      <ele>574.394</ele>
    </trkpt>
    <trkpt lat="-23.9004874" lon="133.7708074">
      <ele>574.638</ele>
    </trkpt>
    <trkpt lat="-23.9009074" lon="133.770441">
      <ele>573.854</ele>
    </trkpt>
    <trkpt lat="-23.90121" lon="133.7701765">
      <ele>573.765</ele>
    </trkpt>
    <trkpt lat="-23.9016395" lon="133.7698098">
      <ele>574.902</ele>
    </trkpt>
    <trkpt lat="-23.9020969" lon="133.7694192">
      <ele>575.998</ele>
    </trkpt>
    <trkpt lat="-23.9026769" lon="133.7689239">
      <ele>576.557</ele>
    </trkpt>
    <trkpt lat="-23.9029981" lon="133.7686532">
      <ele>577.848</ele>
    </trkpt>
    <trkpt lat="-23.9031992" lon="133.7684831">
      <ele>577.944</ele>
    </trkpt>
    <trkpt lat="-23.9035534" lon="133.7681811">
      <ele>578.0</ele>
    </trkpt>
    <trkpt lat="-23.9038758" lon="133.7679058">
      <ele>577.022</ele>
    </trkpt>
    <trkpt lat="-23.9041896" lon="133.7676396">
      <ele>577.415</ele>
    </trkpt>
    <trkpt lat="-23.9043817" lon="133.7674732">
      <ele>577.226</ele>
    </trkpt>
    <trkpt lat="-23.9046122" lon="133.7672757">
      <ele>576.884</ele>
    </trkpt>
    <trkpt lat="-23.9046631" lon="133.7672304">
      <ele>576.977</ele>
    </trkpt>
    <trkpt lat="-23.904862" lon="133.7670549">
      <ele>576.8</ele>
    </trkpt>
    <trkpt lat="-23.9051988" lon="133.766766">
      <ele>576.284</ele>
    </trkpt>
    <trkpt lat="-23.9054659" lon="133.7665331">
      <ele>576.677</ele>
    </trkpt>
    <trkpt lat="-23.9058086" lon="133.7662342">
      <ele>577.911</ele>
    </trkpt>
    <trkpt lat="-23.9061225" lon="133.7659672">
      <ele>578.021</ele>
    </trkpt>
    <trkpt lat="-23.9063843" lon="133.7657429">
      <ele>578.983</ele>
    </trkpt>
    <trkpt lat="-23.9067539" lon="133.7654199">
      <ele>579.198</ele>
    </trkpt>
    <trkpt lat="-23.9067919" lon="133.7653866">
      <ele>578.941</ele>
    </trkpt>
    <trkpt lat="-23.9071357" lon="133.7650883">
      <ele>578.0</ele>
    </trkpt>
    <trkpt lat="-23.9075051" lon="133.7647702">
      <ele>579.676</ele>
    </trkpt>
    <trkpt lat="-23.9078304" lon="133.7644892">
      <ele>582.187</ele>
    </trkpt>
    <trkpt lat="-23.9080392" lon="133.7643141">
      <ele>583.413</ele>
    </trkpt>
    <trkpt lat="-23.9082303" lon="133.7641459">
      <ele>582.898</ele>
    </trkpt>
    <trkpt lat="-23.9085031" lon="133.7639097">
      <ele>581.418</ele>
    </trkpt>
    <trkpt lat="-23.9088138" lon="133.7636435">
      <ele>581.883</ele>
    </trkpt>
    <trkpt lat="-23.9089741" lon="133.7635018">
      <ele>582.034</ele>
    </trkpt>
    <trkpt lat="-23.9092435" lon="133.7632732">
      <ele>582.784</ele>
    </trkpt>
    <trkpt lat="-23.9095069" lon="133.7630413">
      <ele>581.775</ele>
    </trkpt>
    <trkpt lat="-23.9099978" lon="133.7625848">
      <ele>580.697</ele>
    </trkpt>
    <trkpt lat="-23.9100766" lon="133.7625077">
      <ele>581.248</ele>
    </trkpt>
    <trkpt lat="-23.9103088" lon="133.7622772">
      <ele>583.626</ele>
    </trkpt>
    <trkpt lat="-23.9105608" lon="133.7620255">
      <ele>584.0</ele>
    </trkpt>
    <trkpt lat="-23.9108621" lon="133.7617238">
      <ele>584.104</ele>
    </trkpt>
    <trkpt lat="-23.9111219" lon="133.7614643">
      <ele>584.31</ele>
    </trkpt>
    <trkpt lat="-23.9113324" lon="133.7612547">
      <ele>584.895</ele>
    </trkpt>
    <trkpt lat="-23.9116602" lon="133.7609217">
      <ele>585.682</ele>
    </trkpt>
    <trkpt lat="-23.9119707" lon="133.7606113">
      <ele>585.0</ele>
    </trkpt>
    <trkpt lat="-23.9122507" lon="133.7603274">
      <ele>586.661</ele>
    </trkpt>
    <trkpt lat="-23.9123651" lon="133.7602166">
      <ele>587.227</ele>
    </trkpt>
    <trkpt lat="-23.9127654" lon="133.7598142">
      <ele>588.361</ele>
    </trkpt>
    <trkpt lat="-23.9129855" lon="133.7596397">
      <ele>587.177</ele>
    </trkpt>
    <trkpt lat="-23.9130943" lon="133.7595501">
      <ele>587.139</ele>
    </trkpt>
    <trkpt lat="-23.9133827" lon="133.7592605">
      <ele>588.355</ele>
    </trkpt>
    <trkpt lat="-23.9136642" lon="133.7589846">
      <ele>589.809</ele>
    </trkpt>
    <trkpt lat="-23.9140058" lon="133.7586365">
      <ele>588.541</ele>
    </trkpt>
    <trkpt lat="-23.9142859" lon="133.75835">
      <ele>588.107</ele>
    </trkpt>
    <trkpt lat="-23.9146364" lon="133.7579915">
      <ele>586.841</ele>
    </trkpt>
    <trkpt lat="-23.9149443" lon="133.7576762">
      <ele>585.493</ele>
    </trkpt>
    <trkpt lat="-23.9153697" lon="133.7572646">
      <ele>590.643</ele>
    </trkpt>
    <trkpt lat="-23.9157267" lon="133.7569019">
      <ele>588.94</ele>
    </trkpt>
    <trkpt lat="-23.9158703" lon="133.7567506">
      <ele>587.169</ele>
    </trkpt>
    <trkpt lat="-23.9160754" lon="133.7565367">
      <ele>586.068</ele>
    </trkpt>
    <trkpt lat="-23.9164667" lon="133.7561459">
      <ele>586.44</ele>
    </trkpt>
    <trkpt lat="-23.9168942" lon="133.755723">
      <ele>588.891</ele>
    </trkpt>
    <trkpt lat="-23.9173138" lon="133.7552983">
      <ele>588.074</ele>
    </trkpt>
    <trkpt lat="-23.9177206" lon="133.7548861">
      <ele>587.469</ele>
    </trkpt>
    <trkpt lat="-23.9177447" lon="133.7548622">
      <ele>587.444</ele>
    </trkpt>
    <trkpt lat="-23.9178533" lon="133.7547536">
      <ele>587.354</ele>
    </trkpt>
    <trkpt lat="-23.9179862" lon="133.7546206">
      <ele>587.75</ele>
    </trkpt>
    <trkpt lat="-23.9182484" lon="133.7543508">
      <ele>587.56</ele>
    </trkpt>
    <trkpt lat="-23.9187532" lon="133.7538409">
      <ele>587.0</ele>
    </trkpt>
    <trkpt lat="-23.919158" lon="133.7534334">
      <ele>589.577</ele>
    </trkpt>
    <trkpt lat="-23.9195516" lon="133.7530399">
      <ele>588.58</ele>
    </trkpt>
    <trkpt lat="-23.9200328" lon="133.7525585">
      <ele>587.696</ele>
    </trkpt>
    <trkpt lat="-23.9204914" lon="133.7520845">
      <ele>587.116</ele>
    </trkpt>
    <trkpt lat="-23.9209276" lon="133.7516543">
      <ele>586.384</ele>
    </trkpt>
    <trkpt lat="-23.9214401" lon="133.7511502">
      <ele>589.0</ele>
    </trkpt>
    <trkpt lat="-23.9220573" lon="133.7505252">
      <ele>588.297</ele>
    </trkpt>
    <trkpt lat="-23.9223953" lon="133.750182">
      <ele>588.623</ele>
    </trkpt>
    <trkpt lat="-23.9227553" lon="133.7498253">
      <ele>589.0</ele>
    </trkpt>
    <trkpt lat="-23.923016" lon="133.7495635">
      <ele>589.0</ele>
    </trkpt>
    <trkpt lat="-23.923021" lon="133.7495586">
      <ele>589.0</ele>
    </trkpt>
    <trkpt lat="-23.9231055" lon="133.7494739">
      <ele>588.82</ele>
    </trkpt>
    <trkpt lat="-23.9231486" lon="133.7494307">
      <ele>588.682</ele>
    </trkpt>
    <trkpt lat="-23.9231536" lon="133.7494256">
      <ele>588.671</ele>
    </trkpt>
    <trkpt lat="-23.9234511" lon="133.749123">
      <ele>589.0</ele>
    </trkpt>
    <trkpt lat="-23.9237336" lon="133.7488408">
      <ele>589.0</ele>
    </trkpt>
    <trkpt lat="-23.9239553" lon="133.7486187">
      <ele>589.0</ele>
    </trkpt>
    <trkpt lat="-23.9242601" lon="133.7483143">
      <ele>590.045</ele>
    </trkpt>
    <trkpt lat="-23.9245748" lon="133.7479928">
      <ele>589.531</ele>
    </trkpt>
    <trkpt lat="-23.9249946" lon="133.7475619">
      <ele>588.781</ele>
    </trkpt>
    <trkpt lat="-23.9253164" lon="133.7472355">
      <ele>588.132</ele>
    </trkpt>
    <trkpt lat="-23.9257003" lon="133.7468561">
      <ele>590.839</ele>
    </trkpt>
    <trkpt lat="-23.9259114" lon="133.7466472">
      <ele>592.02</ele>
    </trkpt>
    <trkpt lat="-23.9260057" lon="133.7465366">
      <ele>592.291</ele>
    </trkpt>
    <trkpt lat="-23.9262295" lon="133.7462759">
      <ele>592.767</ele>
    </trkpt>
    <trkpt lat="-23.9263942" lon="133.746109">
      <ele>593.0</ele>
    </trkpt>
    <trkpt lat="-23.9266075" lon="133.7458921">
      <ele>593.0</ele>
    </trkpt>
    <trkpt lat="-23.9267965" lon="133.7457001">
      <ele>593.243</ele>
    </trkpt>
    <trkpt lat="-23.9271818" lon="133.7453114">
      <ele>593.854</ele>
    </trkpt>
    <trkpt lat="-23.9275047" lon="133.7449874">
      <ele>594.0</ele>
    </trkpt>
    <trkpt lat="-23.9277519" lon="133.7447374">
      <ele>594.0</ele>
    </trkpt>
    <trkpt lat="-23.9280558" lon="133.7444265">
      <ele>592.001</ele>
    </trkpt>
    <trkpt lat="-23.9282884" lon="133.7441881">
      <ele>592.065</ele>
    </trkpt>
    <trkpt lat="-23.9285214" lon="133.7439573">
      <ele>592.41</ele>
    </trkpt>
    <trkpt lat="-23.9287901" lon="133.7436892">
      <ele>593.156</ele>
    </trkpt>
    <trkpt lat="-23.9288728" lon="133.7436067">
      <ele>593.058</ele>
    </trkpt>
    <trkpt lat="-23.928989" lon="133.7434908">
      <ele>593.721</ele>
    </trkpt>
    <trkpt lat="-23.9292218" lon="133.7432573">
      <ele>595.178</ele>
    </trkpt>
    <trkpt lat="-23.9294036" lon="133.7430753">
      <ele>596.569</ele>
    </trkpt>
    <trkpt lat="-23.9295364" lon="133.7429425">
      <ele>597.407</ele>
    </trkpt>
    <trkpt lat="-23.9295554" lon="133.7429235">
      <ele>597.475</ele>
    </trkpt>
    <trkpt lat="-23.9298114" lon="133.7426707">
      <ele>598.385</ele>
    </trkpt>
    <trkpt lat="-23.9301124" lon="133.7423678">
      <ele>599.597</ele>
    </trkpt>
    <trkpt lat="-23.9304223" lon="133.7420556">
      <ele>601.6</ele>
    </trkpt>
    <trkpt lat="-23.9306938" lon="133.7417813">
      <ele>601.682</ele>
    </trkpt>
    <trkpt lat="-23.9309427" lon="133.7415276">
      <ele>601.804</ele>
    </trkpt>
    <trkpt lat="-23.9311251" lon="133.7413442">
      <ele>602.05</ele>
    </trkpt>
    <trkpt lat="-23.9312576" lon="133.7412111">
      <ele>602.527</ele>
    </trkpt>
    <trkpt lat="-23.9313091" lon="133.7411594">
      <ele>602.713</ele>
    </trkpt>
    <trkpt lat="-23.9313894" lon="133.7410772">
      <ele>602.634</ele>
    </trkpt>
    <trkpt lat="-23.9315688" lon="133.7408938">
      <ele>601.16</ele>
    </trkpt>
    <trkpt lat="-23.9318019" lon="133.7406562">
      <ele>599.221</ele>
    </trkpt>
    <trkpt lat="-23.9319162" lon="133.7405412">
      <ele>598.852</ele>
    </trkpt>
    <trkpt lat="-23.9321015" lon="133.7403547">
      <ele>598.529</ele>
    </trkpt>
    <trkpt lat="-23.9324363" lon="133.7400161">
      <ele>598.784</ele>
    </trkpt>
    <trkpt lat="-23.9327352" lon="133.7397192">
      <ele>599.847</ele>
    </trkpt>
    <trkpt lat="-23.9331084" lon="133.7393407">
      <ele>600.627</ele>
    </trkpt>
    <trkpt lat="-23.9333723" lon="133.7390757">
      <ele>599.859</ele>
    </trkpt>
    <trkpt lat="-23.9334793" lon="133.7389683">
      <ele>600.187</ele>
    </trkpt>
    <trkpt lat="-23.9335049" lon="133.7389427">
      <ele>600.309</ele>
    </trkpt>
    <trkpt lat="-23.9336375" lon="133.7388098">
      <ele>600.81</ele>
    </trkpt>
    <trkpt lat="-23.9337702" lon="133.7386768">
      <ele>600.809</ele>
    </trkpt>
    <trkpt lat="-23.9338184" lon="133.7386285">
      <ele>600.809</ele>
    </trkpt>
    <trkpt lat="-23.9341408" lon="133.7382937">
      <ele>599.316</ele>
    </trkpt>
    <trkpt lat="-23.9345726" lon="133.737851">
      <ele>599.518</ele>
    </trkpt>
    <trkpt lat="-23.9349558" lon="133.7374668">
      <ele>597.48</ele>
    </trkpt>
    <trkpt lat="-23.9353104" lon="133.7371097">
      <ele>600.785</ele>
    </trkpt>
    <trkpt lat="-23.9356245" lon="133.736791">
      <ele>599.559</ele>
    </trkpt>
    <trkpt lat="-23.9360267" lon="133.7363865">
      <ele>600.397</ele>
    </trkpt>
    <trkpt lat="-23.9364075" lon="133.7360023">
      <ele>603.526</ele>
    </trkpt>
    <trkpt lat="-23.936809" lon="133.7355976">
      <ele>604.148</ele>
    </trkpt>
    <trkpt lat="-23.9371228" lon="133.7352785">
      <ele>602.361</ele>
    </trkpt>
    <trkpt lat="-23.9373555" lon="133.7350416">
      <ele>601.15</ele>
    </trkpt>
    <trkpt lat="-23.9374631" lon="133.7349306">
      <ele>601.25</ele>
    </trkpt>
    <trkpt lat="-23.937677" lon="133.73471">
      <ele>601.379</ele>
    </trkpt>
    <trkpt lat="-23.9379705" lon="133.7344151">
      <ele>600.517</ele>
    </trkpt>
    <trkpt lat="-23.9382368" lon="133.7341469">
      <ele>603.472</ele>
    </trkpt>
    <trkpt lat="-23.9385191" lon="133.7338612">
      <ele>605.298</ele>
    </trkpt>
    <trkpt lat="-23.9385436" lon="133.7338364">
      <ele>605.197</ele>
    </trkpt>
    <trkpt lat="-23.9386504" lon="133.7337266">
      <ele>604.917</ele>
    </trkpt>
    <trkpt lat="-23.9387815" lon="133.7335919">
      <ele>604.317</ele>
    </trkpt>
    <trkpt lat="-23.9389924" lon="133.7333752">
      <ele>602.778</ele>
    </trkpt>
    <trkpt lat="-23.9390438" lon="133.7333226">
      <ele>602.481</ele>
    </trkpt>
    <trkpt lat="-23.9391751" lon="133.733188">
      <ele>602.493</ele>
    </trkpt>
    <trkpt lat="-23.9393331" lon="133.7330261">
      <ele>602.507</ele>
    </trkpt>
    <trkpt lat="-23.9397882" lon="133.7325726">
      <ele>603.152</ele>
    </trkpt>
    <trkpt lat="-23.9400397" lon="133.7323151">
      <ele>606.474</ele>
    </trkpt>
    <trkpt lat="-23.9404368" lon="133.7319149">
      <ele>606.916</ele>
    </trkpt>
    <trkpt lat="-23.9410029" lon="133.7313426">
      <ele>607.742</ele>
    </trkpt>
    <trkpt lat="-23.9412973" lon="133.7310413">
      <ele>603.989</ele>
    </trkpt>
    <trkpt lat="-23.9416593" lon="133.730672">
      <ele>605.543</ele>
    </trkpt>
    <trkpt lat="-23.942004" lon="133.7303237">
      <ele>608.214</ele>
    </trkpt>
    <trkpt lat="-23.9420788" lon="133.7302469">
      <ele>608.537</ele>
    </trkpt>
    <trkpt lat="-23.9420877" lon="133.7302378">
      <ele>608.59</ele>
    </trkpt>
    <trkpt lat="-23.9422107" lon="133.7301131">
      <ele>609.527</ele>
    </trkpt>
    <trkpt lat="-23.9423592" lon="133.7299624">
      <ele>609.865</ele>
    </trkpt>
    <trkpt lat="-23.9426383" lon="133.7296815">
      <ele>608.282</ele>
    </trkpt>
    <trkpt lat="-23.9429521" lon="133.729362">
      <ele>606.703</ele>
    </trkpt>
    <trkpt lat="-23.9432647" lon="133.7290557">
      <ele>607.453</ele>
    </trkpt>
    <trkpt lat="-23.9434063" lon="133.7289192">
      <ele>608.81</ele>
    </trkpt>
    <trkpt lat="-23.9436761" lon="133.7286592">
      <ele>609.633</ele>
    </trkpt>
    <trkpt lat="-23.943991" lon="133.7283528">
      <ele>609.419</ele>
    </trkpt>
    <trkpt lat="-23.9443156" lon="133.7280342">
      <ele>608.459</ele>
    </trkpt>
    <trkpt lat="-23.9447087" lon="133.72765">
      <ele>609.389</ele>
    </trkpt>
    <trkpt lat="-23.9451167" lon="133.7272528">
      <ele>611.466</ele>
    </trkpt>
    <trkpt lat="-23.9456739" lon="133.7267092">
      <ele>613.208</ele>
    </trkpt>
    <trkpt lat="-23.9459946" lon="133.7263979">
      <ele>613.014</ele>
    </trkpt>
    <trkpt lat="-23.9463899" lon="133.7260093">
      <ele>612.365</ele>
    </trkpt>
    <trkpt lat="-23.9468002" lon="133.7256107">
      <ele>614.084</ele>
    </trkpt>
    <trkpt lat="-23.9471646" lon="133.7252512">
      <ele>614.904</ele>
    </trkpt>
    <trkpt lat="-23.9472982" lon="133.7251193">
      <ele>613.765</ele>
    </trkpt>
    <trkpt lat="-23.9473529" lon="133.7250654">
      <ele>613.184</ele>
    </trkpt>
    <trkpt lat="-23.9474322" lon="133.7249881">
      <ele>612.51</ele>
    </trkpt>
    <trkpt lat="-23.9475664" lon="133.7248571">
      <ele>612.521</ele>
    </trkpt>
    <trkpt lat="-23.9477563" lon="133.7246718">
      <ele>614.104</ele>
    </trkpt>
    <trkpt lat="-23.9483241" lon="133.7241215">
      <ele>615.967</ele>
    </trkpt>
    <trkpt lat="-23.9487773" lon="133.7236829">
      <ele>617.702</ele>
    </trkpt>
    <trkpt lat="-23.9490453" lon="133.723419">
      <ele>617.437</ele>
    </trkpt>
    <trkpt lat="-23.9492026" lon="133.7232641">
      <ele>617.088</ele>
    </trkpt>
    <trkpt lat="-23.9495892" lon="133.7228895">
      <ele>617.405</ele>
    </trkpt>
    <trkpt lat="-23.9499653" lon="133.7225218">
      <ele>620.603</ele>
    </trkpt>
    <trkpt lat="-23.9503035" lon="133.7221881">
      <ele>618.622</ele>
    </trkpt>
    <trkpt lat="-23.9505798" lon="133.7219142">
      <ele>617.031</ele>
    </trkpt>
    <trkpt lat="-23.9508836" lon="133.7216158">
      <ele>618.0</ele>
    </trkpt>
    <trkpt lat="-23.9509203" lon="133.7215798">
      <ele>618.0</ele>
    </trkpt>
    <trkpt lat="-23.9511308" lon="133.7213731">
      <ele>617.805</ele>
    </trkpt>
    <trkpt lat="-23.9513861" lon="133.7211213">
      <ele>616.01</ele>
    </trkpt>
    <trkpt lat="-23.9516982" lon="133.7208137">
      <ele>616.36</ele>
    </trkpt>
    <trkpt lat="-23.9517226" lon="133.7207901">
      <ele>616.683</ele>
    </trkpt>
    <trkpt lat="-23.9520267" lon="133.7204961">
      <ele>619.296</ele>
    </trkpt>
    <trkpt lat="-23.9524036" lon="133.7201314">
      <ele>619.874</ele>
    </trkpt>
    <trkpt lat="-23.9526678" lon="133.719874">
      <ele>620.124</ele>
    </trkpt>
    <trkpt lat="-23.9530146" lon="133.7195356">
      <ele>621.0</ele>
    </trkpt>
    <trkpt lat="-23.9533184" lon="133.7192319">
      <ele>621.0</ele>
    </trkpt>
    <trkpt lat="-23.9536024" lon="133.7189568">
      <ele>620.763</ele>
    </trkpt>
    <trkpt lat="-23.9536446" lon="133.718916">
      <ele>620.902</ele>
    </trkpt>
    <trkpt lat="-23.953869" lon="133.7186926">
      <ele>621.0</ele>
    </trkpt>
    <trkpt lat="-23.9540021" lon="133.7185601">
      <ele>621.408</ele>
    </trkpt>
    <trkpt lat="-23.9540432" lon="133.7185192">
      <ele>621.556</ele>
    </trkpt>
    <trkpt lat="-23.9543579" lon="133.7182126">
      <ele>622.299</ele>
    </trkpt>
    <trkpt lat="-23.954611" lon="133.7179692">
      <ele>623.311</ele>
    </trkpt>
    <trkpt lat="-23.9549444" lon="133.717641">
      <ele>623.188</ele>
    </trkpt>
    <trkpt lat="-23.9553388" lon="133.7172518">
      <ele>623.894</ele>
    </trkpt>
    <trkpt lat="-23.9557235" lon="133.7168778">
      <ele>624.54</ele>
    </trkpt>
    <trkpt lat="-23.95613" lon="133.71648">
      <ele>624.626</ele>
    </trkpt>
    <trkpt lat="-23.9564774" lon="133.7161393">
      <ele>624.326</ele>
    </trkpt>
    <trkpt lat="-23.9566839" lon="133.7159366">
      <ele>623.589</ele>
    </trkpt>
    <trkpt lat="-23.9569304" lon="133.7156945">
      <ele>624.05</ele>
    </trkpt>
    <trkpt lat="-23.9573515" lon="133.7152849">
      <ele>627.03</ele>
    </trkpt>
    <trkpt lat="-23.9577581" lon="133.7148887">
      <ele>625.972</ele>
    </trkpt>
    <trkpt lat="-23.9579928" lon="133.7146551">
      <ele>627.548</ele>
    </trkpt>
    <trkpt lat="-23.9582401" lon="133.7144137">
      <ele>628.591</ele>
    </trkpt>
    <trkpt lat="-23.9584048" lon="133.7142491">
      <ele>628.039</ele>
    </trkpt>
    <trkpt lat="-23.958645" lon="133.7140032">
      <ele>626.433</ele>
    </trkpt>
    <trkpt lat="-23.9589379" lon="133.7136869">
      <ele>628.032</ele>
    </trkpt>
    <trkpt lat="-23.9592581" lon="133.7133405">
      <ele>628.688</ele>
    </trkpt>
    <trkpt lat="-23.9595457" lon="133.7130062">
      <ele>628.7</ele>
    </trkpt>
    <trkpt lat="-23.9596334" lon="133.7129092">
      <ele>628.678</ele>
    </trkpt>
    <trkpt lat="-23.9598569" lon="133.7126458">
      <ele>628.515</ele>
    </trkpt>
    <trkpt lat="-23.9600724" lon="133.712384">
      <ele>627.431</ele>
    </trkpt>
    <trkpt lat="-23.9602909" lon="133.7121233">
      <ele>627.451</ele>
    </trkpt>
    <trkpt lat="-23.9605494" lon="133.7118091">
      <ele>630.443</ele>
    </trkpt>
    <trkpt lat="-23.9607501" lon="133.7115641">
      <ele>631.259</ele>
    </trkpt>
    <trkpt lat="-23.9610748" lon="133.7111714">
      <ele>631.131</ele>
    </trkpt>
    <trkpt lat="-23.9612781" lon="133.7109232">
      <ele>632.472</ele>
    </trkpt>
    <trkpt lat="-23.9614992" lon="133.7106502">
      <ele>633.794</ele>
    </trkpt>
    <trkpt lat="-23.9616668" lon="133.7104443">
      <ele>634.198</ele>
    </trkpt>
    <trkpt lat="-23.9617335" lon="133.7103624">
      <ele>633.369</ele>
    </trkpt>
    <trkpt lat="-23.9617861" lon="133.7102969">
      <ele>632.708</ele>
    </trkpt>
    <trkpt lat="-23.9619049" lon="133.7101491">
      <ele>631.679</ele>
    </trkpt>
    <trkpt lat="-23.9619922" lon="133.7100405">
      <ele>630.949</ele>
    </trkpt>
    <trkpt lat="-23.9620244" lon="133.7100021">
      <ele>630.718</ele>
    </trkpt>
    <trkpt lat="-23.9622099" lon="133.7097808">
      <ele>630.009</ele>
    </trkpt>
    <trkpt lat="-23.9623826" lon="133.7095684">
      <ele>630.296</ele>
    </trkpt>
    <trkpt lat="-23.9626611" lon="133.709231">
      <ele>630.866</ele>
    </trkpt>
    <trkpt lat="-23.9630085" lon="133.7088066">
      <ele>631.534</ele>
    </trkpt>
    <trkpt lat="-23.9633484" lon="133.7083932">
      <ele>630.192</ele>
    </trkpt>
    <trkpt lat="-23.9634106" lon="133.7083175">
      <ele>629.959</ele>
    </trkpt>
    <trkpt lat="-23.9634689" lon="133.7082471">
      <ele>629.841</ele>
    </trkpt>
    <trkpt lat="-23.9637326" lon="133.7079283">
      <ele>629.8</ele>
    </trkpt>
    <trkpt lat="-23.964038" lon="133.7075474">
      <ele>627.341</ele>
    </trkpt>
    <trkpt lat="-23.964067" lon="133.7075122">
      <ele>627.088</ele>
    </trkpt>
    <trkpt lat="-23.9642983" lon="133.7072318">
      <ele>627.474</ele>
    </trkpt>
    <trkpt lat="-23.9645" lon="133.7069857">
      <ele>628.481</ele>
    </trkpt>
    <trkpt lat="-23.9647474" lon="133.7066806">
      <ele>628.723</ele>
    </trkpt>
    <trkpt lat="-23.9650008" lon="133.7063701">
      <ele>632.059</ele>
    </trkpt>
    <trkpt lat="-23.9652668" lon="133.7060494">
      <ele>632.458</ele>
    </trkpt>
    <trkpt lat="-23.9655095" lon="133.7057552">
      <ele>632.473</ele>
    </trkpt>
    <trkpt lat="-23.96563" lon="133.7056091">
      <ele>632.271</ele>
    </trkpt>
    <trkpt lat="-23.9657505" lon="133.705463">
      <ele>630.965</ele>
    </trkpt>
    <trkpt lat="-23.9657876" lon="133.705418">
      <ele>630.589</ele>
    </trkpt>
    <trkpt lat="-23.9658706" lon="133.7053165">
      <ele>629.987</ele>
    </trkpt>
    <trkpt lat="-23.9661105" lon="133.7050231">
      <ele>628.081</ele>
    </trkpt>
    <trkpt lat="-23.9664073" lon="133.7046657">
      <ele>628.256</ele>
    </trkpt>
    <trkpt lat="-23.966679" lon="133.7043443">
      <ele>628.895</ele>
    </trkpt>
    <trkpt lat="-23.9669758" lon="133.7039808">
      <ele>625.812</ele>
    </trkpt>
    <trkpt lat="-23.9672992" lon="133.7035904">
      <ele>624.872</ele>
    </trkpt>
    <trkpt lat="-23.9676532" lon="133.7031635">
      <ele>624.131</ele>
    </trkpt>
    <trkpt lat="-23.9679218" lon="133.7028419">
      <ele>622.333</ele>
    </trkpt>
    <trkpt lat="-23.9681663" lon="133.7025461">
      <ele>620.203</ele>
    </trkpt>
    <trkpt lat="-23.9682392" lon="133.7024578">
      <ele>619.678</ele>
    </trkpt>
    <trkpt lat="-23.968287" lon="133.7024001">
      <ele>619.334</ele>
    </trkpt>
    <trkpt lat="-23.9685108" lon="133.7021298">
      <ele>619.147</ele>
    </trkpt>
    <trkpt lat="-23.9687439" lon="133.7018565">
      <ele>620.496</ele>
    </trkpt>
    <trkpt lat="-23.9690186" lon="133.7015268">
      <ele>619.801</ele>
    </trkpt>
    <trkpt lat="-23.9692422" lon="133.7012535">
      <ele>619.487</ele>
    </trkpt>
    <trkpt lat="-23.9694709" lon="133.7009778">
      <ele>620.091</ele>
    </trkpt>
    <trkpt lat="-23.9696942" lon="133.7007136">
      <ele>622.273</ele>
    </trkpt>
    <trkpt lat="-23.9699839" lon="133.7003642">
      <ele>622.311</ele>
    </trkpt>
    <trkpt lat="-23.9699879" lon="133.7003594">
      <ele>622.294</ele>
    </trkpt>
    <trkpt lat="-23.9704177" lon="133.6998358">
      <ele>617.401</ele>
    </trkpt>
    <trkpt lat="-23.9708538" lon="133.6993143">
      <ele>616.508</ele>
    </trkpt>
    <trkpt lat="-23.9711933" lon="133.6989073">
      <ele>617.0</ele>
    </trkpt>
    <trkpt lat="-23.9712173" lon="133.6988785">
      <ele>616.986</ele>
    </trkpt>
    <trkpt lat="-23.971496" lon="133.6985425">
      <ele>615.614</ele>
    </trkpt>
    <trkpt lat="-23.9716754" lon="133.6983228">
      <ele>615.006</ele>
    </trkpt>
    <trkpt lat="-23.971711" lon="133.6982793">
      <ele>615.035</ele>
    </trkpt>
    <trkpt lat="-23.9719178" lon="133.698031">
      <ele>615.096</ele>
    </trkpt>
    <trkpt lat="-23.9721775" lon="133.6977176">
      <ele>614.602</ele>
    </trkpt>
    <trkpt lat="-23.972401" lon="133.6974486">
      <ele>613.59</ele>
    </trkpt>
    <trkpt lat="-23.9724596" lon="133.6973781">
      <ele>613.543</ele>
    </trkpt>
    <trkpt lat="-23.9725221" lon="133.697303">
      <ele>613.347</ele>
    </trkpt>
    <trkpt lat="-23.9726432" lon="133.6971575">
      <ele>613.628</ele>
    </trkpt>
    <trkpt lat="-23.9731498" lon="133.6965488">
      <ele>613.0</ele>
    </trkpt>
    <trkpt lat="-23.9734746" lon="133.6961584">
      <ele>613.408</ele>
    </trkpt>
    <trkpt lat="-23.9738389" lon="133.6957219">
      <ele>614.653</ele>
    </trkpt>
    <trkpt lat="-23.9739751" lon="133.6955563">
      <ele>614.378</ele>
    </trkpt>
    <trkpt lat="-23.9741643" lon="133.6953262">
      <ele>613.01</ele>
    </trkpt>
    <trkpt lat="-23.9742159" lon="133.6952638">
      <ele>612.654</ele>
    </trkpt>
    <trkpt lat="-23.9743367" lon="133.695118">
      <ele>612.128</ele>
    </trkpt>
    <trkpt lat="-23.9744988" lon="133.6949222">
      <ele>612.055</ele>
    </trkpt>
    <trkpt lat="-23.9748658" lon="133.6944815">
      <ele>613.867</ele>
    </trkpt>
    <trkpt lat="-23.9752842" lon="133.6939817">
      <ele>612.969</ele>
    </trkpt>
    <trkpt lat="-23.9753323" lon="133.6939228">
      <ele>612.78</ele>
    </trkpt>
    <trkpt lat="-23.9756279" lon="133.6935689">
      <ele>611.367</ele>
    </trkpt>
    <trkpt lat="-23.9759106" lon="133.6932255">
      <ele>610.28</ele>
    </trkpt>
    <trkpt lat="-23.9760235" lon="133.6930923">
      <ele>610.274</ele>
    </trkpt>
    <trkpt lat="-23.9762093" lon="133.6928697">
      <ele>609.527</ele>
    </trkpt>
    <trkpt lat="-23.976376" lon="133.6926676">
      <ele>608.074</ele>
    </trkpt>
    <trkpt lat="-23.976422" lon="133.692611">
      <ele>608.095</ele>
    </trkpt>
    <trkpt lat="-23.9766326" lon="133.6923547">
      <ele>607.082</ele>
    </trkpt>
    <trkpt lat="-23.9769041" lon="133.6920252">
      <ele>606.958</ele>
    </trkpt>
    <trkpt lat="-23.9771396" lon="133.6917412">
      <ele>608.84</ele>
    </trkpt>
    <trkpt lat="-23.9774446" lon="133.6913726">
      <ele>609.199</ele>
    </trkpt>
    <trkpt lat="-23.9775673" lon="133.6912233">
      <ele>608.856</ele>
    </trkpt>
    <trkpt lat="-23.9776463" lon="133.6911271">
      <ele>608.504</ele>
    </trkpt>
    <trkpt lat="-23.9778715" lon="133.6908543">
      <ele>607.413</ele>
    </trkpt>
    <trkpt lat="-23.9781274" lon="133.6905479">
      <ele>608.538</ele>
    </trkpt>
    <trkpt lat="-23.9783844" lon="133.6902399">
      <ele>610.184</ele>
    </trkpt>
    <trkpt lat="-23.9785717" lon="133.6900167">
      <ele>610.858</ele>
    </trkpt>
    <trkpt lat="-23.9786306" lon="133.6899465">
      <ele>610.934</ele>
    </trkpt>
    <trkpt lat="-23.9789228" lon="133.6895922">
      <ele>610.41</ele>
    </trkpt>
    <trkpt lat="-23.9792749" lon="133.6891666">
      <ele>608.0</ele>
    </trkpt>
    <trkpt lat="-23.9795424" lon="133.6888543">
      <ele>610.044</ele>
    </trkpt>
    <trkpt lat="-23.9796224" lon="133.6887615">
      <ele>610.294</ele>
    </trkpt>
    <trkpt lat="-23.9800394" lon="133.688263">
      <ele>610.641</ele>
    </trkpt>
    <trkpt lat="-23.9803465" lon="133.6878927">
      <ele>609.166</ele>
    </trkpt>
    <trkpt lat="-23.9806678" lon="133.6875103">
      <ele>607.022</ele>
    </trkpt>
    <trkpt lat="-23.9807443" lon="133.6874115">
      <ele>606.898</ele>
    </trkpt>
    <trkpt lat="-23.9809276" lon="133.6871917">
      <ele>607.339</ele>
    </trkpt>
    <trkpt lat="-23.9812086" lon="133.6868523">
      <ele>607.201</ele>
    </trkpt>
    <trkpt lat="-23.9815486" lon="133.6864969">
      <ele>604.165</ele>
    </trkpt>
    <trkpt lat="-23.9817585" lon="133.6861903">
      <ele>604.142</ele>
    </trkpt>
    <trkpt lat="-23.9820274" lon="133.6858648">
      <ele>604.437</ele>
    </trkpt>
    <trkpt lat="-23.9822386" lon="133.6856055">
      <ele>602.941</ele>
    </trkpt>
    <trkpt lat="-23.982402" lon="133.6854164">
      <ele>603.001</ele>
    </trkpt>
    <trkpt lat="-23.9826239" lon="133.685156">
      <ele>604.0</ele>
    </trkpt>
    <trkpt lat="-23.9828656" lon="133.6848701">
      <ele>603.684</ele>
    </trkpt>
    <trkpt lat="-23.9830975" lon="133.6845891">
      <ele>602.37</ele>
    </trkpt>
    <trkpt lat="-23.9832516" lon="133.6843974">
      <ele>601.294</ele>
    </trkpt>
    <trkpt lat="-23.9834315" lon="133.6841791">
      <ele>601.338</ele>
    </trkpt>
    <trkpt lat="-23.9836701" lon="133.6838913">
      <ele>603.204</ele>
    </trkpt>
    <trkpt lat="-23.9839649" lon="133.683534">
      <ele>602.642</ele>
    </trkpt>
    <trkpt lat="-23.9842745" lon="133.6831705">
      <ele>601.549</ele>
    </trkpt>
    <trkpt lat="-23.9844328" lon="133.6829798">
      <ele>602.242</ele>
    </trkpt>
    <trkpt lat="-23.9844346" lon="133.6829777">
      <ele>602.255</ele>
    </trkpt>
    <trkpt lat="-23.9845558" lon="133.6828377">
      <ele>603.272</ele>
    </trkpt>
    <trkpt lat="-23.984557" lon="133.6828363">
      <ele>603.28</ele>
    </trkpt>
    <trkpt lat="-23.9845583" lon="133.6828348">
      <ele>603.289</ele>
    </trkpt>
    <trkpt lat="-23.9846773" lon="133.6826906">
      <ele>603.889</ele>
    </trkpt>
    <trkpt lat="-23.9848653" lon="133.6824931">
      <ele>602.958</ele>
    </trkpt>
    <trkpt lat="-23.9851019" lon="133.682178">
      <ele>602.26</ele>
    </trkpt>
    <trkpt lat="-23.9853177" lon="133.6819106">
      <ele>603.0</ele>
    </trkpt>
    <trkpt lat="-23.9855352" lon="133.6816476">
      <ele>603.0</ele>
    </trkpt>
    <trkpt lat="-23.9857618" lon="133.6813758">
      <ele>601.515</ele>
    </trkpt>
    <trkpt lat="-23.9857629" lon="133.6813745">
      <ele>601.507</ele>
    </trkpt>
    <trkpt lat="-23.985862" lon="133.6812553">
      <ele>601.0</ele>
    </trkpt>
    <trkpt lat="-23.9860083" lon="133.6810908">
      <ele>601.146</ele>
    </trkpt>
    <trkpt lat="-23.986193" lon="133.6808701">
      <ele>602.479</ele>
    </trkpt>
    <trkpt lat="-23.9865238" lon="133.6804776">
      <ele>600.679</ele>
    </trkpt>
    <trkpt lat="-23.9870021" lon="133.6799078">
      <ele>601.525</ele>
    </trkpt>
    <trkpt lat="-23.9874667" lon="133.6793467">
      <ele>600.536</ele>
    </trkpt>
    <trkpt lat="-23.9874673" lon="133.6793459">
      <ele>600.526</ele>
    </trkpt>
    <trkpt lat="-23.9875245" lon="133.6792662">
      <ele>599.742</ele>
    </trkpt>
    <trkpt lat="-23.9875776" lon="133.679191">
      <ele>599.406</ele>
    </trkpt>
    <trkpt lat="-23.9876961" lon="133.6790423">
      <ele>599.127</ele>
    </trkpt>
    <trkpt lat="-23.9878137" lon="133.6788947">
      <ele>599.277</ele>
    </trkpt>
    <trkpt lat="-23.9878169" lon="133.6788908">
      <ele>599.288</ele>
    </trkpt>
    <trkpt lat="-23.9879482" lon="133.6787648">
      <ele>599.78</ele>
    </trkpt>
    <trkpt lat="-23.9879494" lon="133.6787638">
      <ele>599.785</ele>
    </trkpt>
    <trkpt lat="-23.9880789" lon="133.6786574">
      <ele>600.153</ele>
    </trkpt>
    <trkpt lat="-23.9891315" lon="133.6774675">
      <ele>603.771</ele>
    </trkpt>
    <trkpt lat="-23.9893574" lon="133.67719">
      <ele>602.804</ele>
    </trkpt>
    <trkpt lat="-23.9895729" lon="133.676926">
      <ele>600.471</ele>
    </trkpt>
    <trkpt lat="-23.9895851" lon="133.6769111">
      <ele>600.374</ele>
    </trkpt>
    <trkpt lat="-23.9896928" lon="133.6767792">
      <ele>599.511</ele>
    </trkpt>
    <trkpt lat="-23.9898601" lon="133.6765744">
      <ele>599.332</ele>
    </trkpt>
    <trkpt lat="-23.9899336" lon="133.6764863">
      <ele>599.649</ele>
    </trkpt>
    <trkpt lat="-23.9901302" lon="133.6762499">
      <ele>600.0</ele>
    </trkpt>
    <trkpt lat="-23.9903819" lon="133.6759476">
      <ele>599.934</ele>
    </trkpt>
    <trkpt lat="-23.9906878" lon="133.6755781">
      <ele>598.12</ele>
    </trkpt>
    <trkpt lat="-23.9910309" lon="133.6751614">
      <ele>596.953</ele>
    </trkpt>
    <trkpt lat="-23.9913795" lon="133.6747402">
      <ele>597.094</ele>
    </trkpt>
    <trkpt lat="-23.9916399" lon="133.674425">
      <ele>597.133</ele>
    </trkpt>
    <trkpt lat="-23.9918856" lon="133.674132">
      <ele>598.875</ele>
    </trkpt>
    <trkpt lat="-23.9921346" lon="133.6738282">
      <ele>596.81</ele>
    </trkpt>
    <trkpt lat="-23.9924062" lon="133.6734998">
      <ele>595.662</ele>
    </trkpt>
    <trkpt lat="-23.9927125" lon="133.6731317">
      <ele>596.039</ele>
    </trkpt>
    <trkpt lat="-23.9929746" lon="133.6728118">
      <ele>594.954</ele>
    </trkpt>
    <trkpt lat="-23.9930719" lon="133.672692">
      <ele>594.401</ele>
    </trkpt>
    <trkpt lat="-23.9931924" lon="133.6725454">
      <ele>593.739</ele>
    </trkpt>
    <trkpt lat="-23.9932368" lon="133.6724919">
      <ele>593.652</ele>
    </trkpt>
    <trkpt lat="-23.9933132" lon="133.6723996">
      <ele>593.928</ele>
    </trkpt>
    <trkpt lat="-23.9935277" lon="133.6721413">
      <ele>594.991</ele>
    </trkpt>
    <trkpt lat="-23.9937465" lon="133.6718774">
      <ele>595.019</ele>
    </trkpt>
    <trkpt lat="-23.9939966" lon="133.6715743">
      <ele>594.612</ele>
    </trkpt>
    <trkpt lat="-23.9942733" lon="133.6712356">
      <ele>593.276</ele>
    </trkpt>
    <trkpt lat="-23.9945972" lon="133.6708469">
      <ele>593.978</ele>
    </trkpt>
    <trkpt lat="-23.9947286" lon="133.6706887">
      <ele>594.509</ele>
    </trkpt>
    <trkpt lat="-23.9949154" lon="133.6704593">
      <ele>594.305</ele>
    </trkpt>
    <trkpt lat="-23.9951362" lon="133.670191">
      <ele>593.35</ele>
    </trkpt>
    <trkpt lat="-23.9953566" lon="133.6699246">
      <ele>592.806</ele>
    </trkpt>
    <trkpt lat="-23.9956472" lon="133.6695732">
      <ele>593.03</ele>
    </trkpt>
    <trkpt lat="-23.995872" lon="133.6693012">
      <ele>592.237</ele>
    </trkpt>
    <trkpt lat="-23.9960881" lon="133.6690418">
      <ele>591.578</ele>
    </trkpt>
    <trkpt lat="-23.9963244" lon="133.6687559">
      <ele>592.0</ele>
    </trkpt>
    <trkpt lat="-23.9965927" lon="133.6684277">
      <ele>589.623</ele>
    </trkpt>
    <trkpt lat="-23.9968241" lon="133.6681443">
      <ele>589.228</ele>
    </trkpt>
    <trkpt lat="-23.9970495" lon="133.6678696">
      <ele>589.833</ele>
    </trkpt>
    <trkpt lat="-23.9973369" lon="133.6675153">
      <ele>588.881</ele>
    </trkpt>
    <trkpt lat="-23.9975552" lon="133.6672513">
      <ele>589.146</ele>
    </trkpt>
    <trkpt lat="-23.9978458" lon="133.6668974">
      <ele>588.0</ele>
    </trkpt>
    <trkpt lat="-23.9980692" lon="133.6666289">
      <ele>588.056</ele>
    </trkpt>
    <trkpt lat="-23.998365" lon="133.6662731">
      <ele>590.626</ele>
    </trkpt>
    <trkpt lat="-23.9986585" lon="133.6659209">
      <ele>593.145</ele>
    </trkpt>
    <trkpt lat="-23.9988691" lon="133.6656661">
      <ele>591.426</ele>
    </trkpt>
    <trkpt lat="-23.9989156" lon="133.6656103">
      <ele>591.351</ele>
    </trkpt>
    <trkpt lat="-23.9990277" lon="133.6654756">
      <ele>591.999</ele>
    </trkpt>
    <trkpt lat="-23.9992195" lon="133.6652443">
      <ele>593.237</ele>
    </trkpt>
    <trkpt lat="-23.9993771" lon="133.6650523">
      <ele>593.088</ele>
    </trkpt>
    <trkpt lat="-23.9996826" lon="133.6646826">
      <ele>589.0</ele>
    </trkpt>
    <trkpt lat="-23.9999034" lon="133.6644155">
      <ele>589.341</ele>
    </trkpt>
    <trkpt lat="-24.0000014" lon="133.664296">
      <ele>590.005</ele>
    </trkpt>
    <trkpt lat="-24.0001053" lon="133.6641707">
      <ele>590.747</ele>
    </trkpt>
    <trkpt lat="-24.0005297" lon="133.6636566">
      <ele>590.922</ele>
    </trkpt>
    <trkpt lat="-24.0008666" lon="133.6632411">
      <ele>589.92</ele>
    </trkpt>
    <trkpt lat="-24.0012433" lon="133.6627897">
      <ele>590.502</ele>
    </trkpt>
    <trkpt lat="-24.001698" lon="133.6622416">
      <ele>588.132</ele>
    </trkpt>
    <trkpt lat="-24.0020279" lon="133.6618571">
      <ele>589.615</ele>
    </trkpt>
    <trkpt lat="-24.0022888" lon="133.6615589">
      <ele>591.241</ele>
    </trkpt>
    <trkpt lat="-24.0025162" lon="133.6613133">
      <ele>592.198</ele>
    </trkpt>
    <trkpt lat="-24.0026515" lon="133.6611632">
      <ele>591.824</ele>
    </trkpt>
    <trkpt lat="-24.0027778" lon="133.661023">
      <ele>591.0</ele>
    </trkpt>
    <trkpt lat="-24.0028325" lon="133.6609624">
      <ele>590.501</ele>
    </trkpt>
    <trkpt lat="-24.0032247" lon="133.6605397">
      <ele>588.426</ele>
    </trkpt>
    <trkpt lat="-24.0034978" lon="133.6602572">
      <ele>589.636</ele>
    </trkpt>
    <trkpt lat="-24.0037059" lon="133.6600413">
      <ele>591.483</ele>
    </trkpt>
    <trkpt lat="-24.0039308" lon="133.6598157">
      <ele>592.286</ele>
    </trkpt>
    <trkpt lat="-24.0041581" lon="133.6595935">
      <ele>591.087</ele>
    </trkpt>
    <trkpt lat="-24.0042554" lon="133.6594917">
      <ele>590.021</ele>
    </trkpt>
    <trkpt lat="-24.0043481" lon="133.6594026">
      <ele>589.347</ele>
    </trkpt>
    <trkpt lat="-24.00454" lon="133.6592182">
      <ele>588.656</ele>
    </trkpt>
    <trkpt lat="-24.0048961" lon="133.6588704">
      <ele>587.815</ele>
    </trkpt>
    <trkpt lat="-24.0049968" lon="133.6587752">
      <ele>587.432</ele>
    </trkpt>
    <trkpt lat="-24.0052237" lon="133.6585643">
      <ele>588.169</ele>
    </trkpt>
    <trkpt lat="-24.0053825" lon="133.6584201">
      <ele>588.57</ele>
    </trkpt>
    <trkpt lat="-24.0055515" lon="133.6582686">
      <ele>589.233</ele>
    </trkpt>
    <trkpt lat="-24.0057334" lon="133.6581066">
      <ele>589.816</ele>
    </trkpt>
    <trkpt lat="-24.0059" lon="133.6579549">
      <ele>590.755</ele>
    </trkpt>
    <trkpt lat="-24.0060751" lon="133.6578017">
      <ele>591.859</ele>
    </trkpt>
    <trkpt lat="-24.0062541" lon="133.6576436">
      <ele>590.754</ele>
    </trkpt>
    <trkpt lat="-24.0065067" lon="133.6574254">
      <ele>589.31</ele>
    </trkpt>
    <trkpt lat="-24.0068087" lon="133.6571689">
      <ele>588.902</ele>
    </trkpt>
    <trkpt lat="-24.007016" lon="133.6569956">
      <ele>588.184</ele>
    </trkpt>
    <trkpt lat="-24.0072205" lon="133.6568265">
      <ele>587.575</ele>
    </trkpt>
    <trkpt lat="-24.0074564" lon="133.6566337">
      <ele>586.981</ele>
    </trkpt>
    <trkpt lat="-24.0076442" lon="133.6564799">
      <ele>587.868</ele>
    </trkpt>
    <trkpt lat="-24.0078419" lon="133.6563249">
      <ele>589.053</ele>
    </trkpt>
    <trkpt lat="-24.0078484" lon="133.6563167">
      <ele>589.066</ele>
    </trkpt>
    <trkpt lat="-24.0080233" lon="133.6561838">
      <ele>589.653</ele>
    </trkpt>
    <trkpt lat="-24.0082067" lon="133.6560427">
      <ele>589.59</ele>
    </trkpt>
    <trkpt lat="-24.0083727" lon="133.65592">
      <ele>589.502</ele>
    </trkpt>
    <trkpt lat="-24.00856" lon="133.655779">
      <ele>589.112</ele>
    </trkpt>
    <trkpt lat="-24.0088501" lon="133.6555637">
      <ele>589.835</ele>
    </trkpt>
    <trkpt lat="-24.0091032" lon="133.6553781">
      <ele>589.721</ele>
    </trkpt>
    <trkpt lat="-24.009294" lon="133.6552426">
      <ele>589.931</ele>
    </trkpt>
    <trkpt lat="-24.0095588" lon="133.6550553">
      <ele>590.412</ele>
    </trkpt>
    <trkpt lat="-24.0098311" lon="133.6548683">
      <ele>589.948</ele>
    </trkpt>
    <trkpt lat="-24.0102167" lon="133.6546052">
      <ele>588.0</ele>
    </trkpt>
    <trkpt lat="-24.0106808" lon="133.6542845">
      <ele>588.684</ele>
    </trkpt>
    <trkpt lat="-24.0109768" lon="133.6540824">
      <ele>589.37</ele>
    </trkpt>
    <trkpt lat="-24.0113141" lon="133.6538492">
      <ele>589.857</ele>
    </trkpt>
    <trkpt lat="-24.0116247" lon="133.6536332">
      <ele>587.382</ele>
    </trkpt>
    <trkpt lat="-24.0119836" lon="133.6533883">
      <ele>588.463</ele>
    </trkpt>
    <trkpt lat="-24.0122701" lon="133.6531891">
      <ele>588.515</ele>
    </trkpt>
    <trkpt lat="-24.0125441" lon="133.6529994">
      <ele>586.372</ele>
    </trkpt>
    <trkpt lat="-24.0128338" lon="133.6528019">
      <ele>587.132</ele>
    </trkpt>
    <trkpt lat="-24.0131349" lon="133.6525968">
      <ele>587.714</ele>
    </trkpt>
    <trkpt lat="-24.013449" lon="133.6523816">
      <ele>587.675</ele>
    </trkpt>
    <trkpt lat="-24.0137517" lon="133.6521765">
      <ele>588.669</ele>
    </trkpt>
    <trkpt lat="-24.014048" lon="133.6519755">
      <ele>588.491</ele>
    </trkpt>
    <trkpt lat="-24.0143891" lon="133.6517449">
      <ele>588.0</ele>
    </trkpt>
    <trkpt lat="-24.0147785" lon="133.6514799">
      <ele>589.934</ele>
    </trkpt>
    <trkpt lat="-24.0151499" lon="133.6512248">
      <ele>589.83</ele>
    </trkpt>
    <trkpt lat="-24.0154607" lon="133.6510125">
      <ele>589.393</ele>
    </trkpt>
    <trkpt lat="-24.0158053" lon="133.6507723">
      <ele>588.903</ele>
    </trkpt>
    <trkpt lat="-24.0161199" lon="133.6505544">
      <ele>586.996</ele>
    </trkpt>
    <trkpt lat="-24.0163473" lon="133.6503962">
      <ele>586.426</ele>
    </trkpt>
    <trkpt lat="-24.0166879" lon="133.6501611">
      <ele>586.109</ele>
    </trkpt>
    <trkpt lat="-24.0169943" lon="133.649952">
      <ele>588.383</ele>
    </trkpt>
    <trkpt lat="-24.0173417" lon="133.6497239">
      <ele>590.988</ele>
    </trkpt>
    <trkpt lat="-24.0176406" lon="133.6495237">
      <ele>589.282</ele>
    </trkpt>
    <trkpt lat="-24.0178794" lon="133.649361">
      <ele>588.809</ele>
    </trkpt>
    <trkpt lat="-24.0181003" lon="133.6492087">
      <ele>588.863</ele>
    </trkpt>
    <trkpt lat="-24.0183347" lon="133.6490429">
      <ele>588.438</ele>
    </trkpt>
    <trkpt lat="-24.0186389" lon="133.648833">
      <ele>586.98</ele>
    </trkpt>
    <trkpt lat="-24.0188331" lon="133.6486984">
      <ele>586.452</ele>
    </trkpt>
    <trkpt lat="-24.0190258" lon="133.6485694">
      <ele>586.762</ele>
    </trkpt>
    <trkpt lat="-24.0192805" lon="133.6483982">
      <ele>587.191</ele>
    </trkpt>
    <trkpt lat="-24.019493" lon="133.6482503">
      <ele>588.175</ele>
    </trkpt>
    <trkpt lat="-24.019677" lon="133.6481273">
      <ele>588.837</ele>
    </trkpt>
    <trkpt lat="-24.0198419" lon="133.6480188">
      <ele>588.925</ele>
    </trkpt>
    <trkpt lat="-24.0199385" lon="133.6479547">
      <ele>588.92</ele>
    </trkpt>
    <trkpt lat="-24.0200468" lon="133.6478762">
      <ele>589.109</ele>
    </trkpt>
    <trkpt lat="-24.0202648" lon="133.6477256">
      <ele>589.953</ele>
    </trkpt>
    <trkpt lat="-24.0203989" lon="133.6476357">
      <ele>589.341</ele>
    </trkpt>
    <trkpt lat="-24.0210683" lon="133.6471731">
      <ele>585.209</ele>
    </trkpt>
    <trkpt lat="-24.0213288" lon="133.6469878">
      <ele>583.555</ele>
    </trkpt>
    <trkpt lat="-24.0213354" lon="133.6469831">
      <ele>583.497</ele>
    </trkpt>
    <trkpt lat="-24.023383" lon="133.6455929">
      <ele>585.735</ele>
    </trkpt>
    <trkpt lat="-24.0240787" lon="133.6451136">
      <ele>585.591</ele>
    </trkpt>
    <trkpt lat="-24.0257072" lon="133.644012">
      <ele>589.696</ele>
    </trkpt>
    <trkpt lat="-24.0257601" lon="133.6439754">
      <ele>589.493</ele>
    </trkpt>
    <trkpt lat="-24.0259123" lon="133.6438703">
      <ele>588.981</ele>
    </trkpt>
    <trkpt lat="-24.0265477" lon="133.6434314">
      <ele>588.74</ele>
    </trkpt>
    <trkpt lat="-24.0269163" lon="133.6431765">
      <ele>590.173</ele>
    </trkpt>
    <trkpt lat="-24.02753" lon="133.6427522">
      <ele>586.938</ele>
    </trkpt>
    <trkpt lat="-24.0280899" lon="133.6423661">
      <ele>588.111</ele>
    </trkpt>
    <trkpt lat="-24.0286506" lon="133.6419792">
      <ele>584.769</ele>
    </trkpt>
    <trkpt lat="-24.0292867" lon="133.6415402">
      <ele>585.123</ele>
    </trkpt>
    <trkpt lat="-24.0294119" lon="133.641455">
      <ele>585.855</ele>
    </trkpt>
    <trkpt lat="-24.0324671" lon="133.6393759">
      <ele>588.464</ele>
    </trkpt>
    <trkpt lat="-24.0329234" lon="133.6390653">
      <ele>587.778</ele>
    </trkpt>
    <trkpt lat="-24.0330775" lon="133.638959">
      <ele>586.921</ele>
    </trkpt>
    <trkpt lat="-24.0336809" lon="133.6385429">
      <ele>586.184</ele>
    </trkpt>
    <trkpt lat="-24.0339583" lon="133.6383508">
      <ele>586.0</ele>
    </trkpt>
    <trkpt lat="-24.0340458" lon="133.6382923">
      <ele>586.212</ele>
    </trkpt>
    <trkpt lat="-24.035997" lon="133.636958">
      <ele>586.931</ele>
    </trkpt>
    <trkpt lat="-24.037499" lon="133.635929">
      <ele>585.66</ele>
    </trkpt>
    <trkpt lat="-24.038274" lon="133.6353969">
      <ele>589.359</ele>
    </trkpt>
    <trkpt lat="-24.0384793" lon="133.6352623">
      <ele>591.547</ele>
    </trkpt>
    <trkpt lat="-24.0385862" lon="133.6351922">
      <ele>592.451</ele>
    </trkpt>
    <trkpt lat="-24.0391207" lon="133.6348183">
      <ele>592.346</ele>
    </trkpt>
    <trkpt lat="-24.0409082" lon="133.6336052">
      <ele>592.227</ele>
    </trkpt>
    <trkpt lat="-24.0416907" lon="133.6330773">
      <ele>596.102</ele>
    </trkpt>
    <trkpt lat="-24.0426388" lon="133.6323847">
      <ele>595.293</ele>
    </trkpt>
    <trkpt lat="-24.0427737" lon="133.6322862">
      <ele>594.256</ele>
    </trkpt>
    <trkpt lat="-24.0427882" lon="133.632275">
      <ele>594.197</ele>
    </trkpt>
    <trkpt lat="-24.0429355" lon="133.632162">
      <ele>593.877</ele>
    </trkpt>
    <trkpt lat="-24.0430828" lon="133.6320489">
      <ele>593.609</ele>
    </trkpt>
    <trkpt lat="-24.04323" lon="133.6319359">
      <ele>594.248</ele>
    </trkpt>
    <trkpt lat="-24.0433773" lon="133.6318228">
      <ele>594.898</ele>
    </trkpt>
    <trkpt lat="-24.044259" lon="133.6311461">
      <ele>598.291</ele>
    </trkpt>
    <trkpt lat="-24.0450505" lon="133.6304999">
      <ele>598.364</ele>
    </trkpt>
    <trkpt lat="-24.0458377" lon="133.6298358">
      <ele>602.991</ele>
    </trkpt>
    <trkpt lat="-24.045978" lon="133.6297174">
      <ele>602.454</ele>
    </trkpt>
    <trkpt lat="-24.0459801" lon="133.6297155">
      <ele>602.436</ele>
    </trkpt>
    <trkpt lat="-24.0471984" lon="133.6286434">
      <ele>605.702</ele>
    </trkpt>
    <trkpt lat="-24.0476814" lon="133.6281815">
      <ele>605.264</ele>
    </trkpt>
    <trkpt lat="-24.0479182" lon="133.6279559">
      <ele>604.823</ele>
    </trkpt>
    <trkpt lat="-24.0480539" lon="133.6278266">
      <ele>604.995</ele>
    </trkpt>
    <trkpt lat="-24.0481896" lon="133.6276973">
      <ele>605.675</ele>
    </trkpt>
    <trkpt lat="-24.0486423" lon="133.6272659">
      <ele>605.35</ele>
    </trkpt>
    <trkpt lat="-24.0498454" lon="133.6260582">
      <ele>603.81</ele>
    </trkpt>
    <trkpt lat="-24.0518608" lon="133.6239234">
      <ele>600.699</ele>
    </trkpt>
    <trkpt lat="-24.0519901" lon="133.6237865">
      <ele>600.631</ele>
    </trkpt>
    <trkpt lat="-24.0521194" lon="133.6236495">
      <ele>600.138</ele>
    </trkpt>
    <trkpt lat="-24.0521636" lon="133.6236027">
      <ele>599.963</ele>
    </trkpt>
    <trkpt lat="-24.0522484" lon="133.6235123">
      <ele>599.644</ele>
    </trkpt>
    <trkpt lat="-24.0523773" lon="133.6233749">
      <ele>599.15</ele>
    </trkpt>
    <trkpt lat="-24.0525061" lon="133.6232375">
      <ele>598.288</ele>
    </trkpt>
    <trkpt lat="-24.0535385" lon="133.6221368">
      <ele>591.362</ele>
    </trkpt>
    <trkpt lat="-24.0541853" lon="133.6214556">
      <ele>591.0</ele>
    </trkpt>
    <trkpt lat="-24.054315" lon="133.6213191">
      <ele>591.117</ele>
    </trkpt>
    <trkpt lat="-24.0548141" lon="133.6207934">
      <ele>590.856</ele>
    </trkpt>
    <trkpt lat="-24.0549626" lon="133.6206358">
      <ele>590.289</ele>
    </trkpt>
    <trkpt lat="-24.0550918" lon="133.6204987">
      <ele>589.921</ele>
    </trkpt>
    <trkpt lat="-24.0585731" lon="133.6168034">
      <ele>591.44</ele>
    </trkpt>
    <trkpt lat="-24.0585789" lon="133.6167973">
      <ele>591.475</ele>
    </trkpt>
    <trkpt lat="-24.0587089" lon="133.6166612">
      <ele>592.372</ele>
    </trkpt>
    <trkpt lat="-24.0598658" lon="133.6154495">
      <ele>597.951</ele>
    </trkpt>
    <trkpt lat="-24.061817" lon="133.6133805">
      <ele>603.381</ele>
    </trkpt>
    <trkpt lat="-24.0619462" lon="133.6132434">
      <ele>603.317</ele>
    </trkpt>
    <trkpt lat="-24.0620754" lon="133.6131064">
      <ele>603.346</ele>
    </trkpt>
    <trkpt lat="-24.0622046" lon="133.6129694">
      <ele>603.354</ele>
    </trkpt>
    <trkpt lat="-24.0639103" lon="133.6111605">
      <ele>602.731</ele>
    </trkpt>
    <trkpt lat="-24.0640137" lon="133.6110512">
      <ele>602.766</ele>
    </trkpt>
    <trkpt lat="-24.0641431" lon="133.6109143">
      <ele>602.793</ele>
    </trkpt>
    <trkpt lat="-24.0651784" lon="133.6098198">
      <ele>599.351</ele>
    </trkpt>
    <trkpt lat="-24.0653078" lon="133.609683">
      <ele>599.465</ele>
    </trkpt>
    <trkpt lat="-24.0653192" lon="133.6096709">
      <ele>599.632</ele>
    </trkpt>
    <trkpt lat="-24.0654374" lon="133.6095464">
      <ele>601.357</ele>
    </trkpt>
    <trkpt lat="-24.065567" lon="133.6094098">
      <ele>603.161</ele>
    </trkpt>
    <trkpt lat="-24.0658262" lon="133.6091367">
      <ele>604.0</ele>
    </trkpt>
    <trkpt lat="-24.066751" lon="133.6081625">
      <ele>603.922</ele>
    </trkpt>
    <trkpt lat="-24.067827" lon="133.6069914">
      <ele>606.147</ele>
    </trkpt>
    <trkpt lat="-24.0695322" lon="133.60508">
      <ele>610.253</ele>
    </trkpt>
    <trkpt lat="-24.0702455" lon="133.6042284">
      <ele>611.91</ele>
    </trkpt>
    <trkpt lat="-24.0706142" lon="133.6037881">
      <ele>610.865</ele>
    </trkpt>
    <trkpt lat="-24.0708502" lon="133.6034994">
      <ele>611.061</ele>
    </trkpt>
    <trkpt lat="-24.0708713" lon="133.6034737">
      <ele>611.137</ele>
    </trkpt>
    <trkpt lat="-24.0709694" lon="133.6033518">
      <ele>611.49</ele>
    </trkpt>
    <trkpt lat="-24.0710883" lon="133.603204">
      <ele>612.422</ele>
    </trkpt>
    <trkpt lat="-24.0714451" lon="133.6027607">
      <ele>611.785</ele>
    </trkpt>
    <trkpt lat="-24.0720493" lon="133.6020098">
      <ele>611.089</ele>
    </trkpt>
    <trkpt lat="-24.0731143" lon="133.6006282">
      <ele>611.688</ele>
    </trkpt>
    <trkpt lat="-24.0733119" lon="133.6003622">
      <ele>613.619</ele>
    </trkpt>
    <trkpt lat="-24.0737659" lon="133.5997509">
      <ele>613.649</ele>
    </trkpt>
    <trkpt lat="-24.0737752" lon="133.5997383">
      <ele>613.638</ele>
    </trkpt>
    <trkpt lat="-24.0739874" lon="133.5994405">
      <ele>612.981</ele>
    </trkpt>
    <trkpt lat="-24.0740981" lon="133.5992852">
      <ele>611.995</ele>
    </trkpt>
    <trkpt lat="-24.0742087" lon="133.5991299">
      <ele>611.151</ele>
    </trkpt>
    <trkpt lat="-24.0743194" lon="133.5989746">
      <ele>611.55</ele>
    </trkpt>
    <trkpt lat="-24.0746946" lon="133.5984479">
      <ele>609.412</ele>
    </trkpt>
    <trkpt lat="-24.0753094" lon="133.5975718">
      <ele>610.687</ele>
    </trkpt>
    <trkpt lat="-24.0755286" lon="133.5972594">
      <ele>610.963</ele>
    </trkpt>
    <trkpt lat="-24.0756382" lon="133.5971032">
      <ele>610.869</ele>
    </trkpt>
    <trkpt lat="-24.0757169" lon="133.5969911">
      <ele>610.749</ele>
    </trkpt>
    <trkpt lat="-24.0771703" lon="133.5949144">
      <ele>606.634</ele>
    </trkpt>
    <trkpt lat="-24.0772797" lon="133.5947581">
      <ele>606.363</ele>
    </trkpt>
    <trkpt lat="-24.0773703" lon="133.5946287">
      <ele>606.196</ele>
    </trkpt>
    <trkpt lat="-24.0773891" lon="133.5946017">
      <ele>606.167</ele>
    </trkpt>
    <trkpt lat="-24.0789177" lon="133.59241">
      <ele>610.606</ele>
    </trkpt>
    <trkpt lat="-24.0790269" lon="133.5922534">
      <ele>610.056</ele>
    </trkpt>
    <trkpt lat="-24.0791361" lon="133.5920968">
      <ele>609.901</ele>
    </trkpt>
    <trkpt lat="-24.0792453" lon="133.5919403">
      <ele>610.257</ele>
    </trkpt>
    <trkpt lat="-24.0803453" lon="133.5903629">
      <ele>608.781</ele>
    </trkpt>
    <trkpt lat="-24.0813248" lon="133.5889699">
      <ele>608.247</ele>
    </trkpt>
    <trkpt lat="-24.0822302" lon="133.5876759">
      <ele>608.277</ele>
    </trkpt>
    <trkpt lat="-24.0831715" lon="133.5863241">
      <ele>606.32</ele>
    </trkpt>
    <trkpt lat="-24.0840923" lon="133.5850063">
      <ele>607.262</ele>
    </trkpt>
    <trkpt lat="-24.0842016" lon="133.5848499">
      <ele>606.874</ele>
    </trkpt>
    <trkpt lat="-24.084311" lon="133.5846934">
      <ele>606.327</ele>
    </trkpt>
    <trkpt lat="-24.0844203" lon="133.5845369">
      <ele>605.362</ele>
    </trkpt>
    <trkpt lat="-24.0852822" lon="133.5833034">
      <ele>604.908</ele>
    </trkpt>
    <trkpt lat="-24.0868872" lon="133.5810085">
      <ele>601.206</ele>
    </trkpt>
    <trkpt lat="-24.0871539" lon="133.5806262">
      <ele>601.754</ele>
    </trkpt>
    <trkpt lat="-24.0872631" lon="133.5804697">
      <ele>601.691</ele>
    </trkpt>
    <trkpt lat="-24.0874186" lon="133.5802467">
      <ele>600.888</ele>
    </trkpt>
    <trkpt lat="-24.0887959" lon="133.5782812">
      <ele>606.727</ele>
    </trkpt>
    <trkpt lat="-24.0889054" lon="133.5781249">
      <ele>607.631</ele>
    </trkpt>
    <trkpt lat="-24.0889914" lon="133.5780022">
      <ele>606.827</ele>
    </trkpt>
    <trkpt lat="-24.089015" lon="133.5779687">
      <ele>606.438</ele>
    </trkpt>
    <trkpt lat="-24.0891248" lon="133.5778127">
      <ele>605.164</ele>
    </trkpt>
    <trkpt lat="-24.0900035" lon="133.5765645">
      <ele>603.021</ele>
    </trkpt>
    <trkpt lat="-24.0905362" lon="133.5758077">
      <ele>604.746</ele>
    </trkpt>
    <trkpt lat="-24.0907799" lon="133.5754789">
      <ele>602.671</ele>
    </trkpt>
    <trkpt lat="-24.0908932" lon="133.5753259">
      <ele>602.173</ele>
    </trkpt>
    <trkpt lat="-24.0910066" lon="133.5751729">
      <ele>602.236</ele>
    </trkpt>
    <trkpt lat="-24.0911199" lon="133.5750199">
      <ele>602.928</ele>
    </trkpt>
    <trkpt lat="-24.0912332" lon="133.574867">
      <ele>603.21</ele>
    </trkpt>
    <trkpt lat="-24.0912779" lon="133.5748067">
      <ele>603.418</ele>
    </trkpt>
    <trkpt lat="-24.0916671" lon="133.5742954">
      <ele>600.926</ele>
    </trkpt>
    <trkpt lat="-24.0919842" lon="133.5739011">
      <ele>598.362</ele>
    </trkpt>
    <trkpt lat="-24.0921708" lon="133.5736742">
      <ele>599.0</ele>
    </trkpt>
    <trkpt lat="-24.0925899" lon="133.5731765">
      <ele>599.112</ele>
    </trkpt>
    <trkpt lat="-24.0933032" lon="133.5723625">
      <ele>598.054</ele>
    </trkpt>
    <trkpt lat="-24.093835" lon="133.5717799">
      <ele>597.214</ele>
    </trkpt>
    <trkpt lat="-24.0943095" lon="133.5712786">
      <ele>596.499</ele>
    </trkpt>
    <trkpt lat="-24.0947278" lon="133.5708366">
      <ele>596.02</ele>
    </trkpt>
    <trkpt lat="-24.0953283" lon="133.570227">
      <ele>594.867</ele>
    </trkpt>
    <trkpt lat="-24.0960429" lon="133.5695608">
      <ele>592.671</ele>
    </trkpt>
    <trkpt lat="-24.0961799" lon="133.5694331">
      <ele>594.041</ele>
    </trkpt>
    <trkpt lat="-24.0965698" lon="133.5690695">
      <ele>593.697</ele>
    </trkpt>
    <trkpt lat="-24.0976957" lon="133.5680402">
      <ele>592.886</ele>
    </trkpt>
    <trkpt lat="-24.0977198" lon="133.5680181">
      <ele>592.626</ele>
    </trkpt>
    <trkpt lat="-24.097833" lon="133.567913">
      <ele>591.506</ele>
    </trkpt>
    <trkpt lat="-24.0994909" lon="133.5663734">
      <ele>591.842</ele>
    </trkpt>
    <trkpt lat="-24.1001689" lon="133.5657514">
      <ele>593.258</ele>
    </trkpt>
    <trkpt lat="-24.1003067" lon="133.5656249">
      <ele>593.318</ele>
    </trkpt>
    <trkpt lat="-24.1004446" lon="133.5654984">
      <ele>592.922</ele>
    </trkpt>
    <trkpt lat="-24.1006981" lon="133.5652658">
      <ele>592.508</ele>
    </trkpt>
    <trkpt lat="-24.1019573" lon="133.5641014">
      <ele>587.672</ele>
    </trkpt>
    <trkpt lat="-24.1020948" lon="133.5639743">
      <ele>586.225</ele>
    </trkpt>
    <trkpt lat="-24.1025196" lon="133.5635814">
      <ele>586.17</ele>
    </trkpt>
    <trkpt lat="-24.1048918" lon="133.5613962">
      <ele>585.647</ele>
    </trkpt>
    <trkpt lat="-24.1053979" lon="133.5609297">
      <ele>582.914</ele>
    </trkpt>
    <trkpt lat="-24.1055356" lon="133.5608028">
      <ele>582.182</ele>
    </trkpt>
    <trkpt lat="-24.1060861" lon="133.5602955">
      <ele>581.994</ele>
    </trkpt>
    <trkpt lat="-24.1067166" lon="133.5597144">
      <ele>582.944</ele>
    </trkpt>
    <trkpt lat="-24.1077408" lon="133.5587772">
      <ele>583.295</ele>
    </trkpt>
    <trkpt lat="-24.1078301" lon="133.5586955">
      <ele>583.753</ele>
    </trkpt>
    <trkpt lat="-24.1086091" lon="133.5579745">
      <ele>581.988</ele>
    </trkpt>
    <trkpt lat="-24.1093475" lon="133.5572912">
      <ele>582.14</ele>
    </trkpt>
    <trkpt lat="-24.1109481" lon="133.5558048">
      <ele>583.424</ele>
    </trkpt>
    <trkpt lat="-24.1119909" lon="133.5548425">
      <ele>582.167</ele>
    </trkpt>
    <trkpt lat="-24.1135583" lon="133.5533947">
      <ele>581.073</ele>
    </trkpt>
    <trkpt lat="-24.1138334" lon="133.5531406">
      <ele>582.045</ele>
    </trkpt>
    <trkpt lat="-24.1149335" lon="133.5521244">
      <ele>582.084</ele>
    </trkpt>
    <trkpt lat="-24.1175461" lon="133.5497109">
      <ele>576.159</ele>
    </trkpt>
    <trkpt lat="-24.1180962" lon="133.5492028">
      <ele>576.0</ele>
    </trkpt>
    <trkpt lat="-24.1182337" lon="133.5490758">
      <ele>576.537</ele>
    </trkpt>
    <trkpt lat="-24.1185087" lon="133.5488217">
      <ele>577.28</ele>
    </trkpt>
    <trkpt lat="-24.1187837" lon="133.5485676">
      <ele>575.055</ele>
    </trkpt>
    <trkpt lat="-24.1227714" lon="133.5448836">
      <ele>570.432</ele>
    </trkpt>
    <trkpt lat="-24.124834" lon="133.542978">
      <ele>571.402</ele>
    </trkpt>
    <trkpt lat="-24.1266138" lon="133.5413606">
      <ele>574.457</ele>
    </trkpt>
    <trkpt lat="-24.1284462" lon="133.5396725">
      <ele>573.773</ele>
    </trkpt>
    <trkpt lat="-24.1294883" lon="133.5387058">
      <ele>571.786</ele>
    </trkpt>
    <trkpt lat="-24.1296543" lon="133.5385518">
      <ele>571.703</ele>
    </trkpt>
    <trkpt lat="-24.131964" lon="133.5364196">
      <ele>571.889</ele>
    </trkpt>
    <trkpt lat="-24.1321015" lon="133.5362927">
      <ele>572.15</ele>
    </trkpt>
    <trkpt lat="-24.1322391" lon="133.5361657">
      <ele>571.988</ele>
    </trkpt>
    <trkpt lat="-24.1323766" lon="133.5360387">
      <ele>572.232</ele>
    </trkpt>
    <trkpt lat="-24.1325142" lon="133.5359117">
      <ele>571.949</ele>
    </trkpt>
    <trkpt lat="-24.1329269" lon="133.5355307">
      <ele>572.0</ele>
    </trkpt>
    <trkpt lat="-24.1330644" lon="133.5354038">
      <ele>572.0</ele>
    </trkpt>
    <trkpt lat="-24.1332019" lon="133.5352768">
      <ele>572.0</ele>
    </trkpt>
    <trkpt lat="-24.1338897" lon="133.5346418">
      <ele>572.284</ele>
    </trkpt>
    <trkpt lat="-24.1355331" lon="133.5331246">
      <ele>574.309</ele>
    </trkpt>
    <trkpt lat="-24.1355403" lon="133.5331179">
      <ele>574.267</ele>
    </trkpt>
    <trkpt lat="-24.1356771" lon="133.53299">
      <ele>573.661</ele>
    </trkpt>
    <trkpt lat="-24.135814" lon="133.532862">
      <ele>572.655</ele>
    </trkpt>
    <trkpt lat="-24.1359508" lon="133.5327341">
      <ele>572.356</ele>
    </trkpt>
    <trkpt lat="-24.1365965" lon="133.5321304">
      <ele>571.253</ele>
    </trkpt>
    <trkpt lat="-24.1373041" lon="133.5314447">
      <ele>571.236</ele>
    </trkpt>
    <trkpt lat="-24.1378007" lon="133.5309534">
      <ele>572.485</ele>
    </trkpt>
    <trkpt lat="-24.1379716" lon="133.5307758">
      <ele>572.033</ele>
    </trkpt>
    <trkpt lat="-24.1381021" lon="133.5306402">
      <ele>571.203</ele>
    </trkpt>
    <trkpt lat="-24.1386421" lon="133.5300793">
      <ele>569.539</ele>
    </trkpt>
    <trkpt lat="-24.1389716" lon="133.5297261">
      <ele>566.726</ele>
    </trkpt>
    <trkpt lat="-24.1398082" lon="133.5288186">
      <ele>567.175</ele>
    </trkpt>
    <trkpt lat="-24.1406385" lon="133.5278463">
      <ele>565.978</ele>
    </trkpt>
    <trkpt lat="-24.1408557" lon="133.527592">
      <ele>567.081</ele>
    </trkpt>
    <trkpt lat="-24.1415243" lon="133.5267966">
      <ele>565.707</ele>
    </trkpt>
    <trkpt lat="-24.1432305" lon="133.5245714">
      <ele>565.457</ele>
    </trkpt>
    <trkpt lat="-24.143371" lon="133.5243881">
      <ele>565.136</ele>
    </trkpt>
    <trkpt lat="-24.146096" lon="133.5207582">
      <ele>563.784</ele>
    </trkpt>
    <trkpt lat="-24.1462033" lon="133.5206153">
      <ele>563.286</ele>
    </trkpt>
    <trkpt lat="-24.1464319" lon="133.5203109">
      <ele>562.274</ele>
    </trkpt>
    <trkpt lat="-24.1465462" lon="133.5201587">
      <ele>562.752</ele>
    </trkpt>
    <trkpt lat="-24.1478035" lon="133.5184846">
      <ele>565.008</ele>
    </trkpt>
    <trkpt lat="-24.1479178" lon="133.5183324">
      <ele>564.491</ele>
    </trkpt>
    <trkpt lat="-24.1480321" lon="133.5181802">
      <ele>563.487</ele>
    </trkpt>
    <trkpt lat="-24.1481464" lon="133.518028">
      <ele>563.228</ele>
    </trkpt>
    <trkpt lat="-24.1485886" lon="133.5174392">
      <ele>563.919</ele>
    </trkpt>
    <trkpt lat="-24.1500913" lon="133.5154211">
      <ele>564.671</ele>
    </trkpt>
    <trkpt lat="-24.1509632" lon="133.514279">
      <ele>566.404</ele>
    </trkpt>
    <trkpt lat="-24.1510056" lon="133.5142247">
      <ele>566.209</ele>
    </trkpt>
    <trkpt lat="-24.1512834" lon="133.5138685">
      <ele>564.233</ele>
    </trkpt>
    <trkpt lat="-24.1519312" lon="133.5130858">
      <ele>567.862</ele>
    </trkpt>
    <trkpt lat="-24.1525785" lon="133.5123291">
      <ele>565.109</ele>
    </trkpt>
    <trkpt lat="-24.1526573" lon="133.5122371">
      <ele>565.03</ele>
    </trkpt>
    <trkpt lat="-24.1527259" lon="133.5121559">
      <ele>564.955</ele>
    </trkpt>
    <trkpt lat="-24.1531168" lon="133.5117046">
      <ele>565.97</ele>
    </trkpt>
    <trkpt lat="-24.1532933" lon="133.5115055">
      <ele>566.084</ele>
    </trkpt>
    <trkpt lat="-24.1538673" lon="133.5108964">
      <ele>565.06</ele>
    </trkpt>
    <trkpt lat="-24.1539218" lon="133.5108465">
      <ele>565.0</ele>
    </trkpt>
    <trkpt lat="-24.1543651" lon="133.5103965">
      <ele>565.736</ele>
    </trkpt>
    <trkpt lat="-24.1547709" lon="133.5099867">
      <ele>567.294</ele>
    </trkpt>
    <trkpt lat="-24.1552899" lon="133.50949">
      <ele>567.321</ele>
    </trkpt>
    <trkpt lat="-24.1554597" lon="133.5093279">
      <ele>567.0</ele>
    </trkpt>
    <trkpt lat="-24.1555834" lon="133.509212">
      <ele>566.984</ele>
    </trkpt>
    <trkpt lat="-24.1558352" lon="133.5089808">
      <ele>567.667</ele>
    </trkpt>
    <trkpt lat="-24.155988" lon="133.508841">
      <ele>567.271</ele>
    </trkpt>
    <trkpt lat="-24.1561389" lon="133.5087069">
      <ele>566.245</ele>
    </trkpt>
    <trkpt lat="-24.1562786" lon="133.5085828">
      <ele>565.295</ele>
    </trkpt>
    <trkpt lat="-24.156389" lon="133.5084847">
      <ele>564.545</ele>
    </trkpt>
    <trkpt lat="-24.1564534" lon="133.5084326">
      <ele>564.274</ele>
    </trkpt>
    <trkpt lat="-24.1565459" lon="133.5083445">
      <ele>564.017</ele>
    </trkpt>
    <trkpt lat="-24.1574555" lon="133.5075754">
      <ele>562.184</ele>
    </trkpt>
    <trkpt lat="-24.1584539" lon="133.5067813">
      <ele>560.821</ele>
    </trkpt>
    <trkpt lat="-24.1586917" lon="133.5065982">
      <ele>560.781</ele>
    </trkpt>
    <trkpt lat="-24.1587246" lon="133.5065733">
      <ele>560.729</ele>
    </trkpt>
    <trkpt lat="-24.1588704" lon="133.5064631">
      <ele>560.751</ele>
    </trkpt>
    <trkpt lat="-24.1593345" lon="133.5061223">
      <ele>559.42</ele>
    </trkpt>
    <trkpt lat="-24.1599029" lon="133.5057078">
      <ele>560.007</ele>
    </trkpt>
    <trkpt lat="-24.1601243" lon="133.5055546">
      <ele>560.887</ele>
    </trkpt>
    <trkpt lat="-24.1609413" lon="133.5049967">
      <ele>561.0</ele>
    </trkpt>
    <trkpt lat="-24.1611315" lon="133.5048717">
      <ele>561.073</ele>
    </trkpt>
    <trkpt lat="-24.1619677" lon="133.5043436">
      <ele>560.751</ele>
    </trkpt>
    <trkpt lat="-24.1622902" lon="133.5041462">
      <ele>561.944</ele>
    </trkpt>
    <trkpt lat="-24.1630489" lon="133.5036895">
      <ele>563.234</ele>
    </trkpt>
    <trkpt lat="-24.163502" lon="133.5034306">
      <ele>562.7</ele>
    </trkpt>
    <trkpt lat="-24.1641318" lon="133.5030935">
      <ele>561.909</ele>
    </trkpt>
    <trkpt lat="-24.164296" lon="133.5030059">
      <ele>561.809</ele>
    </trkpt>
    <trkpt lat="-24.1644479" lon="133.5029237">
      <ele>562.0</ele>
    </trkpt>
    <trkpt lat="-24.164633" lon="133.5028321">
      <ele>562.0</ele>
    </trkpt>
    <trkpt lat="-24.1646669" lon="133.5028138">
      <ele>562.0</ele>
    </trkpt>
    <trkpt lat="-24.1648179" lon="133.5027324">
      <ele>562.163</ele>
    </trkpt>
    <trkpt lat="-24.1648283" lon="133.5027269">
      <ele>562.183</ele>
    </trkpt>
    <trkpt lat="-24.1652277" lon="133.502515">
      <ele>563.81</ele>
    </trkpt>
    <trkpt lat="-24.1656775" lon="133.5022986">
      <ele>563.275</ele>
    </trkpt>
    <trkpt lat="-24.1666605" lon="133.5017814">
      <ele>566.911</ele>
    </trkpt>
    <trkpt lat="-24.167759" lon="133.5012195">
      <ele>566.527</ele>
    </trkpt>
    <trkpt lat="-24.1678364" lon="133.5011799">
      <ele>566.963</ele>
    </trkpt>
    <trkpt lat="-24.1679212" lon="133.5011356">
      <ele>567.428</ele>
    </trkpt>
    <trkpt lat="-24.1680836" lon="133.5010509">
      <ele>568.202</ele>
    </trkpt>
    <trkpt lat="-24.168246" lon="133.5009661">
      <ele>569.371</ele>
    </trkpt>
    <trkpt lat="-24.1690585" lon="133.5005422">
      <ele>569.611</ele>
    </trkpt>
    <trkpt lat="-24.1692209" lon="133.5004575">
      <ele>569.874</ele>
    </trkpt>
    <trkpt lat="-24.1693828" lon="133.500373">
      <ele>569.733</ele>
    </trkpt>
    <trkpt lat="-24.1696941" lon="133.5002142">
      <ele>568.408</ele>
    </trkpt>
    <trkpt lat="-24.1698734" lon="133.5001254">
      <ele>567.706</ele>
    </trkpt>
    <trkpt lat="-24.1698786" lon="133.5001228">
      <ele>567.681</ele>
    </trkpt>
    <trkpt lat="-24.1704604" lon="133.4998107">
      <ele>568.891</ele>
    </trkpt>
    <trkpt lat="-24.1716136" lon="133.499225">
      <ele>565.21</ele>
    </trkpt>
    <trkpt lat="-24.1736761" lon="133.4981501">
      <ele>568.426</ele>
    </trkpt>
    <trkpt lat="-24.174046" lon="133.4979616">
      <ele>567.626</ele>
    </trkpt>
    <trkpt lat="-24.1752382" lon="133.497343">
      <ele>568.485</ele>
    </trkpt>
    <trkpt lat="-24.1754009" lon="133.4972589">
      <ele>567.923</ele>
    </trkpt>
    <trkpt lat="-24.1758017" lon="133.4970564">
      <ele>565.825</ele>
    </trkpt>
    <trkpt lat="-24.1776786" lon="133.496082">
      <ele>565.142</ele>
    </trkpt>
    <trkpt lat="-24.1786548" lon="133.4955776">
      <ele>562.698</ele>
    </trkpt>
    <trkpt lat="-24.1791931" lon="133.4953076">
      <ele>558.107</ele>
    </trkpt>
    <trkpt lat="-24.1796285" lon="133.4950853">
      <ele>558.888</ele>
    </trkpt>
    <trkpt lat="-24.1799563" lon="133.494905">
      <ele>560.789</ele>
    </trkpt>
    <trkpt lat="-24.180119" lon="133.4948209">
      <ele>561.428</ele>
    </trkpt>
    <trkpt lat="-24.1814144" lon="133.4941604">
      <ele>559.112</ele>
    </trkpt>
    <trkpt lat="-24.1814238" lon="133.4941555">
      <ele>559.161</ele>
    </trkpt>
    <trkpt lat="-24.1835355" lon="133.4930552">
      <ele>565.0</ele>
    </trkpt>
    <trkpt lat="-24.1838608" lon="133.4928871">
      <ele>564.455</ele>
    </trkpt>
    <trkpt lat="-24.1840235" lon="133.492803">
      <ele>563.166</ele>
    </trkpt>
    <trkpt lat="-24.1850762" lon="133.4922675">
      <ele>560.274</ele>
    </trkpt>
    <trkpt lat="-24.1866421" lon="133.49144">
      <ele>564.567</ele>
    </trkpt>
    <trkpt lat="-24.1873394" lon="133.4910927">
      <ele>558.568</ele>
    </trkpt>
    <trkpt lat="-24.1880908" lon="133.490701">
      <ele>561.193</ele>
    </trkpt>
    <trkpt lat="-24.1902407" lon="133.489594">
      <ele>559.133</ele>
    </trkpt>
    <trkpt lat="-24.1902452" lon="133.4895917">
      <ele>559.117</ele>
    </trkpt>
    <trkpt lat="-24.1904034" lon="133.4895102">
      <ele>558.893</ele>
    </trkpt>
    <trkpt lat="-24.1904079" lon="133.4895079">
      <ele>558.893</ele>
    </trkpt>
    <trkpt lat="-24.191116" lon="133.489135">
      <ele>561.098</ele>
    </trkpt>
    <trkpt lat="-24.1913129" lon="133.4890368">
      <ele>561.081</ele>
    </trkpt>
    <trkpt lat="-24.1928485" lon="133.4882485">
      <ele>561.638</ele>
    </trkpt>
    <trkpt lat="-24.1929716" lon="133.4881848">
      <ele>562.606</ele>
    </trkpt>
    <trkpt lat="-24.1930072" lon="133.4881665">
      <ele>562.923</ele>
    </trkpt>
    <trkpt lat="-24.1930111" lon="133.4881645">
      <ele>562.958</ele>
    </trkpt>
    <trkpt lat="-24.1931698" lon="133.4880824">
      <ele>563.395</ele>
    </trkpt>
    <trkpt lat="-24.1931738" lon="133.4880804">
      <ele>563.395</ele>
    </trkpt>
    <trkpt lat="-24.196411" lon="133.4864089">
      <ele>561.161</ele>
    </trkpt>
    <trkpt lat="-24.1969833" lon="133.4861028">
      <ele>565.834</ele>
    </trkpt>
    <trkpt lat="-24.1991937" lon="133.4849737">
      <ele>560.723</ele>
    </trkpt>
    <trkpt lat="-24.1994529" lon="133.484843">
      <ele>559.461</ele>
    </trkpt>
    <trkpt lat="-24.2001208" lon="133.4844912">
      <ele>560.698</ele>
    </trkpt>
    <trkpt lat="-24.2009664" lon="133.4840453">
      <ele>564.042</ele>
    </trkpt>
    <trkpt lat="-24.2011356" lon="133.4839594">
      <ele>564.166</ele>
    </trkpt>
    <trkpt lat="-24.2011395" lon="133.4839574">
      <ele>564.144</ele>
    </trkpt>
    <trkpt lat="-24.2014907" lon="133.4837771">
      <ele>562.231</ele>
    </trkpt>
    <trkpt lat="-24.2023807" lon="133.483323">
      <ele>560.963</ele>
    </trkpt>
    <trkpt lat="-24.2024775" lon="133.4832719">
      <ele>560.779</ele>
    </trkpt>
    <trkpt lat="-24.2029005" lon="133.4830568">
      <ele>559.004</ele>
    </trkpt>
    <trkpt lat="-24.2035595" lon="133.4827163">
      <ele>557.552</ele>
    </trkpt>
    <trkpt lat="-24.2036777" lon="133.4826539">
      <ele>557.446</ele>
    </trkpt>
    <trkpt lat="-24.2044635" lon="133.4822136">
      <ele>558.836</ele>
    </trkpt>
    <trkpt lat="-24.2050394" lon="133.4818812">
      <ele>558.533</ele>
    </trkpt>
    <trkpt lat="-24.2053378" lon="133.4817054">
      <ele>558.382</ele>
    </trkpt>
    <trkpt lat="-24.2056205" lon="133.4815416">
      <ele>555.766</ele>
    </trkpt>
    <trkpt lat="-24.2057169" lon="133.4814843">
      <ele>555.419</ele>
    </trkpt>
    <trkpt lat="-24.2058091" lon="133.4814303">
      <ele>555.087</ele>
    </trkpt>
    <trkpt lat="-24.2065889" lon="133.4809448">
      <ele>552.578</ele>
    </trkpt>
    <trkpt lat="-24.2068352" lon="133.480776">
      <ele>552.0</ele>
    </trkpt>
    <trkpt lat="-24.2070321" lon="133.480641">
      <ele>552.0</ele>
    </trkpt>
    <trkpt lat="-24.2072242" lon="133.4805105">
      <ele>552.16</ele>
    </trkpt>
    <trkpt lat="-24.2075902" lon="133.4802737">
      <ele>550.661</ele>
    </trkpt>
    <trkpt lat="-24.2078203" lon="133.4801085">
      <ele>549.637</ele>
    </trkpt>
    <trkpt lat="-24.2084881" lon="133.479622">
      <ele>550.361</ele>
    </trkpt>
    <trkpt lat="-24.2090094" lon="133.4792375">
      <ele>551.311</ele>
    </trkpt>
    <trkpt lat="-24.2093036" lon="133.4790122">
      <ele>552.12</ele>
    </trkpt>
    <trkpt lat="-24.2094987" lon="133.4788684">
      <ele>551.473</ele>
    </trkpt>
    <trkpt lat="-24.209714" lon="133.478696">
      <ele>549.109</ele>
    </trkpt>
    <trkpt lat="-24.2106475" lon="133.4779297">
      <ele>547.819</ele>
    </trkpt>
    <trkpt lat="-24.211658" lon="133.4770988">
      <ele>545.062</ele>
    </trkpt>
    <trkpt lat="-24.2120018" lon="133.4768105">
      <ele>543.107</ele>
    </trkpt>
    <trkpt lat="-24.212879" lon="133.4760786">
      <ele>543.753</ele>
    </trkpt>
    <trkpt lat="-24.2151534" lon="133.4741985">
      <ele>540.574</ele>
    </trkpt>
    <trkpt lat="-24.2152913" lon="133.4740845">
      <ele>539.675</ele>
    </trkpt>
    <trkpt lat="-24.215297" lon="133.4740798">
      <ele>539.644</ele>
    </trkpt>
    <trkpt lat="-24.215584" lon="133.473842">
      <ele>537.102</ele>
    </trkpt>
    <trkpt lat="-24.2168033" lon="133.4728315">
      <ele>538.784</ele>
    </trkpt>
    <trkpt lat="-24.2173056" lon="133.4724146">
      <ele>538.6</ele>
    </trkpt>
    <trkpt lat="-24.218331" lon="133.4715635">
      <ele>537.992</ele>
    </trkpt>
    <trkpt lat="-24.2190276" lon="133.4709877">
      <ele>539.501</ele>
    </trkpt>
    <trkpt lat="-24.2191713" lon="133.470869">
      <ele>538.983</ele>
    </trkpt>
    <trkpt lat="-24.2193149" lon="133.4707503">
      <ele>538.626</ele>
    </trkpt>
    <trkpt lat="-24.2194585" lon="133.4706316">
      <ele>538.639</ele>
    </trkpt>
    <trkpt lat="-24.2196021" lon="133.4705129">
      <ele>537.778</ele>
    </trkpt>
    <trkpt lat="-24.2198894" lon="133.4702755">
      <ele>534.796</ele>
    </trkpt>
    <trkpt lat="-24.220033" lon="133.4701568">
      <ele>534.103</ele>
    </trkpt>
    <trkpt lat="-24.2203203" lon="133.4699194">
      <ele>536.705</ele>
    </trkpt>
    <trkpt lat="-24.2203324" lon="133.4699094">
      <ele>536.852</ele>
    </trkpt>
    <trkpt lat="-24.2214333" lon="133.4690063">
      <ele>535.773</ele>
    </trkpt>
    <trkpt lat="-24.2228159" lon="133.4678553">
      <ele>537.52</ele>
    </trkpt>
    <trkpt lat="-24.2231923" lon="133.4675442">
      <ele>536.573</ele>
    </trkpt>
    <trkpt lat="-24.2233359" lon="133.4674255">
      <ele>537.0</ele>
    </trkpt>
    <trkpt lat="-24.2237668" lon="133.4670693">
      <ele>536.758</ele>
    </trkpt>
    <trkpt lat="-24.2239104" lon="133.4669505">
      <ele>537.0</ele>
    </trkpt>
    <trkpt lat="-24.2243584" lon="133.4665802">
      <ele>535.785</ele>
    </trkpt>
    <trkpt lat="-24.225058" lon="133.4659986">
      <ele>538.907</ele>
    </trkpt>
    <trkpt lat="-24.2253446" lon="133.4657603">
      <ele>542.0</ele>
    </trkpt>
    <trkpt lat="-24.225488" lon="133.4656411">
      <ele>542.0</ele>
    </trkpt>
    <trkpt lat="-24.2257964" lon="133.4653847">
      <ele>538.784</ele>
    </trkpt>
    <trkpt lat="-24.2264301" lon="133.4648396">
      <ele>534.343</ele>
    </trkpt>
    <trkpt lat="-24.2270295" lon="133.464282">
      <ele>531.821</ele>
    </trkpt>
    <trkpt lat="-24.2270765" lon="133.4642383">
      <ele>531.647</ele>
    </trkpt>
    <trkpt lat="-24.2271645" lon="133.4641517">
      <ele>531.165</ele>
    </trkpt>
    <trkpt lat="-24.2275758" lon="133.463747">
      <ele>530.391</ele>
    </trkpt>
    <trkpt lat="-24.2280046" lon="133.4633048">
      <ele>532.59</ele>
    </trkpt>
    <trkpt lat="-24.2285529" lon="133.4627036">
      <ele>533.896</ele>
    </trkpt>
    <trkpt lat="-24.2289817" lon="133.462224">
      <ele>531.994</ele>
    </trkpt>
    <trkpt lat="-24.2295747" lon="133.4615181">
      <ele>531.218</ele>
    </trkpt>
    <trkpt lat="-24.230076" lon="133.4608941">
      <ele>530.573</ele>
    </trkpt>
    <trkpt lat="-24.2305349" lon="133.4602572">
      <ele>530.211</ele>
    </trkpt>
    <trkpt lat="-24.2309582" lon="133.4596686">
      <ele>533.275</ele>
    </trkpt>
    <trkpt lat="-24.2312003" lon="133.4593046">
      <ele>533.175</ele>
    </trkpt>
    <trkpt lat="-24.231434" lon="133.4589425">
      <ele>530.868</ele>
    </trkpt>
    <trkpt lat="-24.2316817" lon="133.458553">
      <ele>529.263</ele>
    </trkpt>
    <trkpt lat="-24.2317846" lon="133.4583912">
      <ele>530.216</ele>
    </trkpt>
    <trkpt lat="-24.2318827" lon="133.4582369">
      <ele>530.778</ele>
    </trkpt>
    <trkpt lat="-24.2323298" lon="133.457483">
      <ele>530.225</ele>
    </trkpt>
    <trkpt lat="-24.2329597" lon="133.4564394">
      <ele>527.163</ele>
    </trkpt>
    <trkpt lat="-24.2333727" lon="133.4557595">
      <ele>529.962</ele>
    </trkpt>
    <trkpt lat="-24.2340174" lon="133.4546882">
      <ele>527.528</ele>
    </trkpt>
    <trkpt lat="-24.2345946" lon="133.4537308">
      <ele>532.123</ele>
    </trkpt>
    <trkpt lat="-24.2348846" lon="133.4532497">
      <ele>529.107</ele>
    </trkpt>
    <trkpt lat="-24.2355496" lon="133.4521382">
      <ele>530.26</ele>
    </trkpt>
    <trkpt lat="-24.2361789" lon="133.4510979">
      <ele>527.315</ele>
    </trkpt>
    <trkpt lat="-24.2367396" lon="133.4501677">
      <ele>526.579</ele>
    </trkpt>
    <trkpt lat="-24.2367767" lon="133.4501109">
      <ele>526.446</ele>
    </trkpt>
    <trkpt lat="-24.2369201" lon="133.4498913">
      <ele>526.088</ele>
    </trkpt>
    <trkpt lat="-24.2369871" lon="133.4497909">
      <ele>525.693</ele>
    </trkpt>
    <trkpt lat="-24.2373276" lon="133.449281">
      <ele>525.085</ele>
    </trkpt>
    <trkpt lat="-24.2377654" lon="133.4486496">
      <ele>525.994</ele>
    </trkpt>
    <trkpt lat="-24.2382736" lon="133.4479827">
      <ele>528.047</ele>
    </trkpt>
    <trkpt lat="-24.2388087" lon="133.4473128">
      <ele>525.593</ele>
    </trkpt>
    <trkpt lat="-24.2390431" lon="133.4470528">
      <ele>526.949</ele>
    </trkpt>
    <trkpt lat="-24.2391696" lon="133.4469125">
      <ele>527.873</ele>
    </trkpt>
    <trkpt lat="-24.239279" lon="133.4467912">
      <ele>526.821</ele>
    </trkpt>
    <trkpt lat="-24.2396546" lon="133.4463821">
      <ele>523.787</ele>
    </trkpt>
    <trkpt lat="-24.2402039" lon="133.4458157">
      <ele>526.687</ele>
    </trkpt>
    <trkpt lat="-24.2403025" lon="133.445714">
      <ele>526.609</ele>
    </trkpt>
    <trkpt lat="-24.2403362" lon="133.4456821">
      <ele>526.57</ele>
    </trkpt>
    <trkpt lat="-24.2406607" lon="133.4453752">
      <ele>526.621</ele>
    </trkpt>
    <trkpt lat="-24.2408844" lon="133.4451713">
      <ele>525.816</ele>
    </trkpt>
    <trkpt lat="-24.2410228" lon="133.4450452">
      <ele>525.318</ele>
    </trkpt>
    <trkpt lat="-24.2411691" lon="133.4449118">
      <ele>525.318</ele>
    </trkpt>
    <trkpt lat="-24.241588" lon="133.4445572">
      <ele>526.471</ele>
    </trkpt>
    <trkpt lat="-24.2417304" lon="133.4444367">
      <ele>526.395</ele>
    </trkpt>
    <trkpt lat="-24.2417333" lon="133.4444342">
      <ele>526.391</ele>
    </trkpt>
    <trkpt lat="-24.2423704" lon="133.4439308">
      <ele>526.641</ele>
    </trkpt>
    <trkpt lat="-24.2429302" lon="133.443512">
      <ele>523.294</ele>
    </trkpt>
    <trkpt lat="-24.2435974" lon="133.4430509">
      <ele>522.049</ele>
    </trkpt>
    <trkpt lat="-24.2442602" lon="133.4426322">
      <ele>523.824</ele>
    </trkpt>
    <trkpt lat="-24.2450303" lon="133.4421946">
      <ele>519.99</ele>
    </trkpt>
    <trkpt lat="-24.2453177" lon="133.442037">
      <ele>519.571</ele>
    </trkpt>
    <trkpt lat="-24.2454167" lon="133.4419896">
      <ele>519.419</ele>
    </trkpt>
    <trkpt lat="-24.2458368" lon="133.4417805">
      <ele>521.603</ele>
    </trkpt>
    <trkpt lat="-24.2465059" lon="133.4414624">
      <ele>523.0</ele>
    </trkpt>
    <trkpt lat="-24.2469354" lon="133.4412731">
      <ele>522.033</ele>
    </trkpt>
    <trkpt lat="-24.2471836" lon="133.4411637">
      <ele>521.302</ele>
    </trkpt>
    <trkpt lat="-24.2477044" lon="133.4409493">
      <ele>518.374</ele>
    </trkpt>
    <trkpt lat="-24.2483933" lon="133.4406983">
      <ele>516.403</ele>
    </trkpt>
    <trkpt lat="-24.2489315" lon="133.440529">
      <ele>516.0</ele>
    </trkpt>
    <trkpt lat="-24.2494911" lon="133.440365">
      <ele>515.261</ele>
    </trkpt>
    <trkpt lat="-24.2496748" lon="133.4403162">
      <ele>515.024</ele>
    </trkpt>
    <trkpt lat="-24.2498496" lon="133.4402697">
      <ele>514.541</ele>
    </trkpt>
    <trkpt lat="-24.2500244" lon="133.4402232">
      <ele>513.824</ele>
    </trkpt>
    <trkpt lat="-24.2501992" lon="133.4401768">
      <ele>512.566</ele>
    </trkpt>
    <trkpt lat="-24.250217" lon="133.4401721">
      <ele>512.438</ele>
    </trkpt>
    <trkpt lat="-24.2508475" lon="133.4400251">
      <ele>515.107</ele>
    </trkpt>
    <trkpt lat="-24.2514571" lon="133.439914">
      <ele>518.381</ele>
    </trkpt>
    <trkpt lat="-24.2520113" lon="133.4398264">
      <ele>517.59</ele>
    </trkpt>
    <trkpt lat="-24.2521479" lon="133.4398073">
      <ele>517.449</ele>
    </trkpt>
    <trkpt lat="-24.2525864" lon="133.439746">
      <ele>516.946</ele>
    </trkpt>
    <trkpt lat="-24.253333" lon="133.4396669">
      <ele>516.999</ele>
    </trkpt>
    <trkpt lat="-24.253991" lon="133.4396231">
      <ele>517.039</ele>
    </trkpt>
    <trkpt lat="-24.2546574" lon="133.4395992">
      <ele>514.218</ele>
    </trkpt>
    <trkpt lat="-24.2548372" lon="133.4395927">
      <ele>514.481</ele>
    </trkpt>
    <trkpt lat="-24.2550661" lon="133.4395845">
      <ele>515.008</ele>
    </trkpt>
    <trkpt lat="-24.2551967" lon="133.43958">
      <ele>514.976</ele>
    </trkpt>
    <trkpt lat="-24.2563688" lon="133.4395401">
      <ele>516.344</ele>
    </trkpt>
    <trkpt lat="-24.2569945" lon="133.4395197">
      <ele>514.0</ele>
    </trkpt>
    <trkpt lat="-24.2572685" lon="133.4395107">
      <ele>514.167</ele>
    </trkpt>
    <trkpt lat="-24.2579067" lon="133.4394845">
      <ele>516.397</ele>
    </trkpt>
    <trkpt lat="-24.258477" lon="133.4394231">
      <ele>516.401</ele>
    </trkpt>
    <trkpt lat="-24.2591414" lon="133.4393362">
      <ele>518.374</ele>
    </trkpt>
    <trkpt lat="-24.2595144" lon="133.4392682">
      <ele>516.932</ele>
    </trkpt>
    <trkpt lat="-24.259925" lon="133.4391728">
      <ele>516.044</ele>
    </trkpt>
    <trkpt lat="-24.2602301" lon="133.4390995">
      <ele>516.386</ele>
    </trkpt>
    <trkpt lat="-24.2607176" lon="133.4389682">
      <ele>516.702</ele>
    </trkpt>
    <trkpt lat="-24.2611156" lon="133.4388459">
      <ele>518.0</ele>
    </trkpt>
    <trkpt lat="-24.2614773" lon="133.4387106">
      <ele>518.114</ele>
    </trkpt>
    <trkpt lat="-24.2617705" lon="133.4385969">
      <ele>518.0</ele>
    </trkpt>
    <trkpt lat="-24.2623777" lon="133.4383315">
      <ele>516.993</ele>
    </trkpt>
    <trkpt lat="-24.2624224" lon="133.4383105">
      <ele>516.918</ele>
    </trkpt>
    <trkpt lat="-24.2627532" lon="133.4381553">
      <ele>515.448</ele>
    </trkpt>
    <trkpt lat="-24.2628121" lon="133.4381276">
      <ele>515.012</ele>
    </trkpt>
    <trkpt lat="-24.2634006" lon="133.4378112">
      <ele>516.697</ele>
    </trkpt>
    <trkpt lat="-24.2634503" lon="133.4377845">
      <ele>516.948</ele>
    </trkpt>
    <trkpt lat="-24.2635596" lon="133.4377191">
      <ele>517.172</ele>
    </trkpt>
    <trkpt lat="-24.2637174" lon="133.4376246">
      <ele>517.34</ele>
    </trkpt>
    <trkpt lat="-24.2639622" lon="133.4374779">
      <ele>516.736</ele>
    </trkpt>
    <trkpt lat="-24.264189" lon="133.4373369">
      <ele>516.047</ele>
    </trkpt>
    <trkpt lat="-24.2645962" lon="133.4370838">
      <ele>518.817</ele>
    </trkpt>
    <trkpt lat="-24.2649688" lon="133.4368455">
      <ele>520.928</ele>
    </trkpt>
    <trkpt lat="-24.2655904" lon="133.4364481">
      <ele>522.125</ele>
    </trkpt>
    <trkpt lat="-24.2660579" lon="133.4361491">
      <ele>522.835</ele>
    </trkpt>
    <trkpt lat="-24.2669907" lon="133.4355574">
      <ele>521.326</ele>
    </trkpt>
    <trkpt lat="-24.2671464" lon="133.4354586">
      <ele>522.645</ele>
    </trkpt>
    <trkpt lat="-24.2673021" lon="133.4353598">
      <ele>523.372</ele>
    </trkpt>
    <trkpt lat="-24.2673241" lon="133.4353458">
      <ele>523.457</ele>
    </trkpt>
    <trkpt lat="-24.2679248" lon="133.4349645">
      <ele>525.195</ele>
    </trkpt>
    <trkpt lat="-24.2680805" lon="133.4348657">
      <ele>525.967</ele>
    </trkpt>
    <trkpt lat="-24.2682362" lon="133.4347668">
      <ele>526.679</ele>
    </trkpt>
    <trkpt lat="-24.2687101" lon="133.434466">
      <ele>524.881</ele>
    </trkpt>
    <trkpt lat="-24.269014" lon="133.4342718">
      <ele>522.72</ele>
    </trkpt>
    <trkpt lat="-24.2691695" lon="133.4341725">
      <ele>522.031</ele>
    </trkpt>
    <trkpt lat="-24.2693249" lon="133.4340732">
      <ele>522.186</ele>
    </trkpt>
    <trkpt lat="-24.270222" lon="133.4335">
      <ele>514.2</ele>
    </trkpt>
    <trkpt lat="-24.2705149" lon="133.4333143">
      <ele>512.853</ele>
    </trkpt>
    <trkpt lat="-24.2712365" lon="133.4328588">
      <ele>509.097</ele>
    </trkpt>
    <trkpt lat="-24.2716658" lon="133.4326021">
      <ele>507.005</ele>
    </trkpt>
    <trkpt lat="-24.2718237" lon="133.4325077">
      <ele>506.984</ele>
    </trkpt>
    <trkpt lat="-24.2718848" lon="133.4324712">
      <ele>506.919</ele>
    </trkpt>
    <trkpt lat="-24.27217" lon="133.43232">
      <ele>506.066</ele>
    </trkpt>
    <trkpt lat="-24.2724057" lon="133.4321919">
      <ele>506.733</ele>
    </trkpt>
    <trkpt lat="-24.2730951" lon="133.4318468">
      <ele>507.95</ele>
    </trkpt>
    <trkpt lat="-24.2736057" lon="133.4316069">
      <ele>507.215</ele>
    </trkpt>
    <trkpt lat="-24.2740728" lon="133.4314076">
      <ele>505.036</ele>
    </trkpt>
    <trkpt lat="-24.2743374" lon="133.4312965">
      <ele>502.975</ele>
    </trkpt>
    <trkpt lat="-24.2748011" lon="133.4311214">
      <ele>502.936</ele>
    </trkpt>
    <trkpt lat="-24.2748587" lon="133.4310997">
      <ele>502.979</ele>
    </trkpt>
    <trkpt lat="-24.2749721" lon="133.4310603">
      <ele>502.982</ele>
    </trkpt>
    <trkpt lat="-24.2756387" lon="133.4308285">
      <ele>500.384</ele>
    </trkpt>
    <trkpt lat="-24.276171" lon="133.430667">
      <ele>498.617</ele>
    </trkpt>
    <trkpt lat="-24.276703" lon="133.4305269">
      <ele>500.247</ele>
    </trkpt>
    <trkpt lat="-24.277074" lon="133.4304298">
      <ele>501.905</ele>
    </trkpt>
    <trkpt lat="-24.2776758" lon="133.4302971">
      <ele>501.316</ele>
    </trkpt>
    <trkpt lat="-24.2777157" lon="133.4302895">
      <ele>501.205</ele>
    </trkpt>
    <trkpt lat="-24.2778929" lon="133.4302559">
      <ele>501.125</ele>
    </trkpt>
    <trkpt lat="-24.2780702" lon="133.4302222">
      <ele>501.2</ele>
    </trkpt>
    <trkpt lat="-24.278106" lon="133.4302154">
      <ele>501.225</ele>
    </trkpt>
    <trkpt lat="-24.2786309" lon="133.4301271">
      <ele>503.614</ele>
    </trkpt>
    <trkpt lat="-24.279446" lon="133.4300213">
      <ele>505.841</ele>
    </trkpt>
    <trkpt lat="-24.2798886" lon="133.4299794">
      <ele>505.044</ele>
    </trkpt>
    <trkpt lat="-24.2800344" lon="133.4299691">
      <ele>505.249</ele>
    </trkpt>
    <trkpt lat="-24.2802139" lon="133.4299564">
      <ele>506.048</ele>
    </trkpt>
    <trkpt lat="-24.2802152" lon="133.4299563">
      <ele>506.054</ele>
    </trkpt>
    <trkpt lat="-24.2803935" lon="133.4299464">
      <ele>506.803</ele>
    </trkpt>
    <trkpt lat="-24.2805977" lon="133.429935">
      <ele>507.316</ele>
    </trkpt>
    <trkpt lat="-24.281314" lon="133.4299143">
      <ele>506.235</ele>
    </trkpt>
    <trkpt lat="-24.2818833" lon="133.4299117">
      <ele>508.434</ele>
    </trkpt>
    <trkpt lat="-24.2823581" lon="133.4299293">
      <ele>508.251</ele>
    </trkpt>
    <trkpt lat="-24.2829638" lon="133.4299625">
      <ele>508.805</ele>
    </trkpt>
    <trkpt lat="-24.2835157" lon="133.4300103">
      <ele>509.232</ele>
    </trkpt>
    <trkpt lat="-24.2838505" lon="133.4300455">
      <ele>509.37</ele>
    </trkpt>
    <trkpt lat="-24.2846303" lon="133.4301614">
      <ele>510.669</ele>
    </trkpt>
    <trkpt lat="-24.2851388" lon="133.4302584">
      <ele>513.465</ele>
    </trkpt>
    <trkpt lat="-24.2856862" lon="133.430367">
      <ele>513.53</ele>
    </trkpt>
    <trkpt lat="-24.2861763" lon="133.430478">
      <ele>511.896</ele>
    </trkpt>
    <trkpt lat="-24.286462" lon="133.4305532">
      <ele>511.804</ele>
    </trkpt>
    <trkpt lat="-24.286472" lon="133.430556">
      <ele>511.896</ele>
    </trkpt>
    <trkpt lat="-24.2869924" lon="133.4307036">
      <ele>514.386</ele>
    </trkpt>
    <trkpt lat="-24.287382" lon="133.4308241">
      <ele>513.406</ele>
    </trkpt>
    <trkpt lat="-24.2875927" lon="133.4308893">
      <ele>512.935</ele>
    </trkpt>
    <trkpt lat="-24.287889" lon="133.431">
      <ele>513.36</ele>
    </trkpt>
    <trkpt lat="-24.2880055" lon="133.4310382">
      <ele>513.69</ele>
    </trkpt>
    <trkpt lat="-24.2881778" lon="133.4310946">
      <ele>514.381</ele>
    </trkpt>
    <trkpt lat="-24.2882211" lon="133.4311088">
      <ele>514.588</ele>
    </trkpt>
    <trkpt lat="-24.2887844" lon="133.4313314">
      <ele>513.376</ele>
    </trkpt>
    <trkpt lat="-24.2893502" lon="133.4315675">
      <ele>514.472</ele>
    </trkpt>
    <trkpt lat="-24.2893593" lon="133.4315717">
      <ele>514.474</ele>
    </trkpt>
    <trkpt lat="-24.2895252" lon="133.4316478">
      <ele>513.865</ele>
    </trkpt>
    <trkpt lat="-24.289858" lon="133.4318006">
      <ele>511.525</ele>
    </trkpt>
    <trkpt lat="-24.2903352" lon="133.4320337">
      <ele>511.115</ele>
    </trkpt>
    <trkpt lat="-24.290833" lon="133.4323049">
      <ele>509.002</ele>
    </trkpt>
    <trkpt lat="-24.2915142" lon="133.4327082">
      <ele>511.226</ele>
    </trkpt>
    <trkpt lat="-24.292139" lon="133.433083">
      <ele>510.941</ele>
    </trkpt>
    <trkpt lat="-24.293598" lon="133.4340928">
      <ele>508.206</ele>
    </trkpt>
    <trkpt lat="-24.2936995" lon="133.4341631">
      <ele>508.335</ele>
    </trkpt>
    <trkpt lat="-24.2942" lon="133.4345249">
      <ele>510.036</ele>
    </trkpt>
    <trkpt lat="-24.2943502" lon="133.4346335">
      <ele>510.852</ele>
    </trkpt>
    <trkpt lat="-24.294478" lon="133.4347259">
      <ele>511.096</ele>
    </trkpt>
    <trkpt lat="-24.2944862" lon="133.4347319">
      <ele>511.086</ele>
    </trkpt>
    <trkpt lat="-24.2945003" lon="133.4347422">
      <ele>511.072</ele>
    </trkpt>
    <trkpt lat="-24.2956975" lon="133.4356182">
      <ele>509.17</ele>
    </trkpt>
    <trkpt lat="-24.2961419" lon="133.4359434">
      <ele>510.178</ele>
    </trkpt>
    <trkpt lat="-24.2967187" lon="133.4363542">
      <ele>511.5</ele>
    </trkpt>
    <trkpt lat="-24.2968995" lon="133.4364859">
      <ele>513.082</ele>
    </trkpt>
    <trkpt lat="-24.2970352" lon="133.4365846">
      <ele>514.031</ele>
    </trkpt>
    <trkpt lat="-24.2970494" lon="133.436595">
      <ele>514.12</ele>
    </trkpt>
    <trkpt lat="-24.2991476" lon="133.4381226">
      <ele>519.707</ele>
    </trkpt>
    <trkpt lat="-24.2992833" lon="133.4382214">
      <ele>518.814</ele>
    </trkpt>
    <trkpt lat="-24.2992975" lon="133.4382317">
      <ele>518.723</ele>
    </trkpt>
    <trkpt lat="-24.2994332" lon="133.4383304">
      <ele>518.041</ele>
    </trkpt>
    <trkpt lat="-24.2994474" lon="133.4383407">
      <ele>517.974</ele>
    </trkpt>
    <trkpt lat="-24.2995592" lon="133.4384222">
      <ele>517.944</ele>
    </trkpt>
    <trkpt lat="-24.2995966" lon="133.4384509">
      <ele>518.04</ele>
    </trkpt>
    <trkpt lat="-24.3006801" lon="133.4392837">
      <ele>514.741</ele>
    </trkpt>
    <trkpt lat="-24.3010514" lon="133.4395811">
      <ele>515.492</ele>
    </trkpt>
    <trkpt lat="-24.3014634" lon="133.4399202">
      <ele>515.287</ele>
    </trkpt>
    <trkpt lat="-24.301638" lon="133.4400678">
      <ele>514.756</ele>
    </trkpt>
    <trkpt lat="-24.3021436" lon="133.4404952">
      <ele>515.0</ele>
    </trkpt>
    <trkpt lat="-24.302606" lon="133.4409039">
      <ele>513.826</ele>
    </trkpt>
    <trkpt lat="-24.3030412" lon="133.441297">
      <ele>511.365</ele>
    </trkpt>
    <trkpt lat="-24.3030435" lon="133.4412991">
      <ele>511.353</ele>
    </trkpt>
    <trkpt lat="-24.3031678" lon="133.4414145">
      <ele>511.826</ele>
    </trkpt>
    <trkpt lat="-24.3031808" lon="133.4414266">
      <ele>511.915</ele>
    </trkpt>
    <trkpt lat="-24.3038672" lon="133.4420641">
      <ele>513.458</ele>
    </trkpt>
    <trkpt lat="-24.3041418" lon="133.4423191">
      <ele>513.562</ele>
    </trkpt>
    <trkpt lat="-24.3042791" lon="133.4424466">
      <ele>513.27</ele>
    </trkpt>
    <trkpt lat="-24.3048282" lon="133.4429566">
      <ele>513.423</ele>
    </trkpt>
    <trkpt lat="-24.3049525" lon="133.443072">
      <ele>514.059</ele>
    </trkpt>
    <trkpt lat="-24.3049655" lon="133.4430841">
      <ele>514.103</ele>
    </trkpt>
    <trkpt lat="-24.304989" lon="133.4431059">
      <ele>514.181</ele>
    </trkpt>
    <trkpt lat="-24.3063046" lon="133.4443261">
      <ele>515.123</ele>
    </trkpt>
    <trkpt lat="-24.3074249" lon="133.4453656">
      <ele>516.684</ele>
    </trkpt>
    <trkpt lat="-24.3074379" lon="133.4453776">
      <ele>516.641</ele>
    </trkpt>
    <trkpt lat="-24.3087658" lon="133.4466096">
      <ele>520.205</ele>
    </trkpt>
    <trkpt lat="-24.3094831" lon="133.4472796">
      <ele>520.11</ele>
    </trkpt>
    <trkpt lat="-24.3097067" lon="133.4474839">
      <ele>520.055</ele>
    </trkpt>
    <trkpt lat="-24.3108746" lon="133.4485589">
      <ele>523.685</ele>
    </trkpt>
    <trkpt lat="-24.3112681" lon="133.4489157">
      <ele>522.427</ele>
    </trkpt>
    <trkpt lat="-24.3117113" lon="133.4493161">
      <ele>523.332</ele>
    </trkpt>
    <trkpt lat="-24.3118905" lon="133.449478">
      <ele>524.32</ele>
    </trkpt>
    <trkpt lat="-24.3119898" lon="133.4495661">
      <ele>524.654</ele>
    </trkpt>
    <trkpt lat="-24.3121296" lon="133.4496903">
      <ele>524.192</ele>
    </trkpt>
    <trkpt lat="-24.3129686" lon="133.4504351">
      <ele>521.687</ele>
    </trkpt>
    <trkpt lat="-24.3135279" lon="133.4509317">
      <ele>523.799</ele>
    </trkpt>
    <trkpt lat="-24.3136677" lon="133.4510558">
      <ele>523.195</ele>
    </trkpt>
    <trkpt lat="-24.3137964" lon="133.4511699">
      <ele>521.91</ele>
    </trkpt>
    <trkpt lat="-24.3140873" lon="133.4514281">
      <ele>519.758</ele>
    </trkpt>
    <trkpt lat="-24.3142272" lon="133.4515522">
      <ele>519.042</ele>
    </trkpt>
    <trkpt lat="-24.3147866" lon="133.4520487">
      <ele>521.52</ele>
    </trkpt>
    <trkpt lat="-24.3149264" lon="133.4521728">
      <ele>521.953</ele>
    </trkpt>
    <trkpt lat="-24.3157655" lon="133.4529176">
      <ele>523.252</ele>
    </trkpt>
    <trkpt lat="-24.3159053" lon="133.4530417">
      <ele>523.555</ele>
    </trkpt>
    <trkpt lat="-24.3159935" lon="133.4531199">
      <ele>523.788</ele>
    </trkpt>
    <trkpt lat="-24.3161846" lon="133.4532905">
      <ele>523.532</ele>
    </trkpt>
    <trkpt lat="-24.3163241" lon="133.4534151">
      <ele>523.315</ele>
    </trkpt>
    <trkpt lat="-24.3164636" lon="133.4535396">
      <ele>522.107</ele>
    </trkpt>
    <trkpt lat="-24.3166031" lon="133.4536641">
      <ele>521.229</ele>
    </trkpt>
    <trkpt lat="-24.3182777" lon="133.4551585">
      <ele>512.746</ele>
    </trkpt>
    <trkpt lat="-24.3183737" lon="133.455243">
      <ele>511.882</ele>
    </trkpt>
    <trkpt lat="-24.3186764" lon="133.4555116">
      <ele>514.0</ele>
    </trkpt>
    <trkpt lat="-24.3201403" lon="133.4568119">
      <ele>508.249</ele>
    </trkpt>
    <trkpt lat="-24.3205466" lon="133.4571751">
      <ele>507.72</ele>
    </trkpt>
    <trkpt lat="-24.320772" lon="133.4573764">
      <ele>509.233</ele>
    </trkpt>
    <trkpt lat="-24.3210509" lon="133.4576255">
      <ele>508.178</ele>
    </trkpt>
    <trkpt lat="-24.3213515" lon="133.457893">
      <ele>506.19</ele>
    </trkpt>
    <trkpt lat="-24.3214701" lon="133.4579985">
      <ele>506.817</ele>
    </trkpt>
    <trkpt lat="-24.32161" lon="133.4581225">
      <ele>508.053</ele>
    </trkpt>
    <trkpt lat="-24.3216312" lon="133.4581413">
      <ele>508.118</ele>
    </trkpt>
    <trkpt lat="-24.322174" lon="133.4586227">
      <ele>507.417</ele>
    </trkpt>
    <trkpt lat="-24.3223095" lon="133.458743">
      <ele>506.917</ele>
    </trkpt>
    <trkpt lat="-24.3223306" lon="133.4587617">
      <ele>506.671</ele>
    </trkpt>
    <trkpt lat="-24.3224704" lon="133.4588859">
      <ele>504.263</ele>
    </trkpt>
    <trkpt lat="-24.3228898" lon="133.4592586">
      <ele>506.873</ele>
    </trkpt>
    <trkpt lat="-24.3231488" lon="133.4594887">
      <ele>505.618</ele>
    </trkpt>
    <trkpt lat="-24.3237195" lon="133.4599693">
      <ele>508.521</ele>
    </trkpt>
    <trkpt lat="-24.3238723" lon="133.4601011">
      <ele>508.816</ele>
    </trkpt>
    <trkpt lat="-24.3239967" lon="133.46022">
      <ele>508.335</ele>
    </trkpt>
    <trkpt lat="-24.3252352" lon="133.4613649">
      <ele>498.313</ele>
    </trkpt>
    <trkpt lat="-24.3253753" lon="133.4614858">
      <ele>499.155</ele>
    </trkpt>
    <trkpt lat="-24.3255594" lon="133.4616431">
      <ele>500.016</ele>
    </trkpt>
    <trkpt lat="-24.3259261" lon="133.4619562">
      <ele>502.32</ele>
    </trkpt>
    <trkpt lat="-24.3262416" lon="133.4622423">
      <ele>502.004</ele>
    </trkpt>
    <trkpt lat="-24.3263594" lon="133.4623492">
      <ele>501.64</ele>
    </trkpt>
    <trkpt lat="-24.3263825" lon="133.4623721">
      <ele>501.485</ele>
    </trkpt>
    <trkpt lat="-24.3264891" lon="133.4624855">
      <ele>500.71</ele>
    </trkpt>
    <trkpt lat="-24.3265088" lon="133.4625062">
      <ele>500.568</ele>
    </trkpt>
    <trkpt lat="-24.3266386" lon="133.4626428">
      <ele>500.101</ele>
    </trkpt>
    <trkpt lat="-24.3267489" lon="133.4627589">
      <ele>499.704</ele>
    </trkpt>
    <trkpt lat="-24.3274687" lon="133.4635007">
      <ele>499.851</ele>
    </trkpt>
    <trkpt lat="-24.3283214" lon="133.4643815">
      <ele>498.807</ele>
    </trkpt>
    <trkpt lat="-24.3284501" lon="133.4645189">
      <ele>498.622</ele>
    </trkpt>
    <trkpt lat="-24.3284696" lon="133.4645399">
      <ele>498.516</ele>
    </trkpt>
    <trkpt lat="-24.3286731" lon="133.4647593">
      <ele>496.807</ele>
    </trkpt>
    <trkpt lat="-24.3287083" lon="133.4647949">
      <ele>496.742</ele>
    </trkpt>
    <trkpt lat="-24.3289728" lon="133.4650621">
      <ele>496.765</ele>
    </trkpt>
    <trkpt lat="-24.3291042" lon="133.4651968">
      <ele>496.774</ele>
    </trkpt>
    <trkpt lat="-24.3296175" lon="133.4657061">
      <ele>498.081</ele>
    </trkpt>
    <trkpt lat="-24.3298813" lon="133.4659728">
      <ele>496.996</ele>
    </trkpt>
    <trkpt lat="-24.3301844" lon="133.4662408">
      <ele>495.223</ele>
    </trkpt>
    <trkpt lat="-24.3302626" lon="133.4663065">
      <ele>494.632</ele>
    </trkpt>
    <trkpt lat="-24.3303287" lon="133.4663592">
      <ele>494.03</ele>
    </trkpt>
    <trkpt lat="-24.3303501" lon="133.4663746">
      <ele>493.843</ele>
    </trkpt>
    <trkpt lat="-24.3304798" lon="133.466468">
      <ele>492.988</ele>
    </trkpt>
    <trkpt lat="-24.3305006" lon="133.4664827">
      <ele>492.86</ele>
    </trkpt>
    <trkpt lat="-24.3305209" lon="133.4664972">
      <ele>492.735</ele>
    </trkpt>
    <trkpt lat="-24.3306586" lon="133.4665768">
      <ele>493.436</ele>
    </trkpt>
    <trkpt lat="-24.3307981" lon="133.4666575">
      <ele>494.652</ele>
    </trkpt>
    <trkpt lat="-24.3308198" lon="133.4666706">
      <ele>494.827</ele>
    </trkpt>
    <trkpt lat="-24.3309616" lon="133.4667401">
      <ele>495.273</ele>
    </trkpt>
    <trkpt lat="-24.3311275" lon="133.4668173">
      <ele>495.464</ele>
    </trkpt>
    <trkpt lat="-24.3312" lon="133.4668518">
      <ele>495.534</ele>
    </trkpt>
    <trkpt lat="-24.3315595" lon="133.466998">
      <ele>496.303</ele>
    </trkpt>
    <trkpt lat="-24.3316338" lon="133.4670223">
      <ele>496.354</ele>
    </trkpt>
    <trkpt lat="-24.3318078" lon="133.467073">
      <ele>496.855</ele>
    </trkpt>
    <trkpt lat="-24.3319508" lon="133.4671104">
      <ele>497.263</ele>
    </trkpt>
    <trkpt lat="-24.33231" lon="133.467183">
      <ele>498.204</ele>
    </trkpt>
    <trkpt lat="-24.3325144" lon="133.4672159">
      <ele>496.963</ele>
    </trkpt>
    <trkpt lat="-24.3326923" lon="133.4672438">
      <ele>495.538</ele>
    </trkpt>
    <trkpt lat="-24.332712" lon="133.4672467">
      <ele>495.385</ele>
    </trkpt>
    <trkpt lat="-24.3330139" lon="133.4672663">
      <ele>493.991</ele>
    </trkpt>
    <trkpt lat="-24.3330515" lon="133.4672662">
      <ele>493.856</ele>
    </trkpt>
    <trkpt lat="-24.3332312" lon="133.4672634">
      <ele>493.664</ele>
    </trkpt>
    <trkpt lat="-24.333253" lon="133.4672626">
      <ele>493.648</ele>
    </trkpt>
    <trkpt lat="-24.3333746" lon="133.4672579">
      <ele>493.634</ele>
    </trkpt>
    <trkpt lat="-24.3336603" lon="133.4672359">
      <ele>493.565</ele>
    </trkpt>
    <trkpt lat="-24.3339482" lon="133.4671916">
      <ele>491.58</ele>
    </trkpt>
    <trkpt lat="-24.3341301" lon="133.4671636">
      <ele>489.817</ele>
    </trkpt>
    <trkpt lat="-24.3343781" lon="133.4670995">
      <ele>489.636</ele>
    </trkpt>
    <trkpt lat="-24.3344762" lon="133.4670687">
      <ele>489.447</ele>
    </trkpt>
    <trkpt lat="-24.3346487" lon="133.4670107">
      <ele>489.239</ele>
    </trkpt>
    <trkpt lat="-24.3346885" lon="133.4669973">
      <ele>489.19</ele>
    </trkpt>
    <trkpt lat="-24.3350051" lon="133.4668666">
      <ele>488.28</ele>
    </trkpt>
    <trkpt lat="-24.3359532" lon="133.4663448">
      <ele>487.612</ele>
    </trkpt>
    <trkpt lat="-24.3361194" lon="133.4662684">
      <ele>488.017</ele>
    </trkpt>
    <trkpt lat="-24.3361536" lon="133.4662492">
      <ele>488.076</ele>
    </trkpt>
    <trkpt lat="-24.3365904" lon="133.4660364">
      <ele>488.652</ele>
    </trkpt>
    <trkpt lat="-24.336886" lon="133.4658928">
      <ele>489.0</ele>
    </trkpt>
    <trkpt lat="-24.3371141" lon="133.4657913">
      <ele>488.448</ele>
    </trkpt>
    <trkpt lat="-24.3374097" lon="133.4655788">
      <ele>486.65</ele>
    </trkpt>
    <trkpt lat="-24.3374492" lon="133.4655508">
      <ele>486.352</ele>
    </trkpt>
    <trkpt lat="-24.3377173" lon="133.4653304">
      <ele>486.606</ele>
    </trkpt>
    <trkpt lat="-24.3380097" lon="133.4650525">
      <ele>487.883</ele>
    </trkpt>
    <trkpt lat="-24.3382483" lon="133.4647954">
      <ele>486.527</ele>
    </trkpt>
    <trkpt lat="-24.3384513" lon="133.4645485">
      <ele>486.107</ele>
    </trkpt>
    <trkpt lat="-24.3384724" lon="133.4645206">
      <ele>486.226</ele>
    </trkpt>
    <trkpt lat="-24.33863" lon="133.4643108">
      <ele>487.345</ele>
    </trkpt>
    <trkpt lat="-24.3388009" lon="133.4640533">
      <ele>487.042</ele>
    </trkpt>
    <trkpt lat="-24.3388779" lon="133.4639203">
      <ele>486.966</ele>
    </trkpt>
    <trkpt lat="-24.339031" lon="133.4636554">
      <ele>485.628</ele>
    </trkpt>
    <trkpt lat="-24.3391071" lon="133.4635038">
      <ele>484.56</ele>
    </trkpt>
    <trkpt lat="-24.3391693" lon="133.4633787">
      <ele>484.009</ele>
    </trkpt>
    <trkpt lat="-24.3393332" lon="133.4630047">
      <ele>484.073</ele>
    </trkpt>
    <trkpt lat="-24.3397003" lon="133.461988">
      <ele>485.933</ele>
    </trkpt>
    <trkpt lat="-24.3399194" lon="133.4613662">
      <ele>482.396</ele>
    </trkpt>
    <trkpt lat="-24.3404502" lon="133.4598493">
      <ele>482.043</ele>
    </trkpt>
    <trkpt lat="-24.3406156" lon="133.4593764">
      <ele>482.274</ele>
    </trkpt>
    <trkpt lat="-24.3407578" lon="133.4589776">
      <ele>483.953</ele>
    </trkpt>
    <trkpt lat="-24.3410243" lon="133.4582272">
      <ele>481.119</ele>
    </trkpt>
    <trkpt lat="-24.341296" lon="133.457459">
      <ele>482.951</ele>
    </trkpt>
    <trkpt lat="-24.3419245" lon="133.4556814">
      <ele>482.928</ele>
    </trkpt>
    <trkpt lat="-24.3427109" lon="133.453442">
      <ele>482.906</ele>
    </trkpt>
    <trkpt lat="-24.3429535" lon="133.4527512">
      <ele>482.332</ele>
    </trkpt>
    <trkpt lat="-24.3434498" lon="133.4513489">
      <ele>481.222</ele>
    </trkpt>
    <trkpt lat="-24.3434584" lon="133.4513247">
      <ele>481.204</ele>
    </trkpt>
    <trkpt lat="-24.343503" lon="133.4512033">
      <ele>481.186</ele>
    </trkpt>
    <trkpt lat="-24.343779" lon="133.4504469">
      <ele>480.574</ele>
    </trkpt>
    <trkpt lat="-24.3440283" lon="133.4498628">
      <ele>481.252</ele>
    </trkpt>
    <trkpt lat="-24.3442002" lon="133.4495146">
      <ele>480.373</ele>
    </trkpt>
    <trkpt lat="-24.3444689" lon="133.4489811">
      <ele>482.609</ele>
    </trkpt>
    <trkpt lat="-24.3445188" lon="133.4488969">
      <ele>482.711</ele>
    </trkpt>
    <trkpt lat="-24.3458104" lon="133.4465543">
      <ele>477.149</ele>
    </trkpt>
    <trkpt lat="-24.3459479" lon="133.4463056">
      <ele>477.3</ele>
    </trkpt>
    <trkpt lat="-24.346569" lon="133.4451821">
      <ele>477.352</ele>
    </trkpt>
    <trkpt lat="-24.3471289" lon="133.4441695">
      <ele>473.671</ele>
    </trkpt>
    <trkpt lat="-24.3479008" lon="133.4427734">
      <ele>476.011</ele>
    </trkpt>
    <trkpt lat="-24.3480603" lon="133.4424805">
      <ele>475.032</ele>
    </trkpt>
    <trkpt lat="-24.3481525" lon="133.4423111">
      <ele>475.223</ele>
    </trkpt>
    <trkpt lat="-24.3481842" lon="133.4422529">
      <ele>475.102</ele>
    </trkpt>
    <trkpt lat="-24.3482765" lon="133.4420834">
      <ele>474.705</ele>
    </trkpt>
    <trkpt lat="-24.3485566" lon="133.441569">
      <ele>473.548</ele>
    </trkpt>
    <trkpt lat="-24.3489879" lon="133.4407892">
      <ele>472.943</ele>
    </trkpt>
    <trkpt lat="-24.349171" lon="133.4404582">
      <ele>471.99</ele>
    </trkpt>
    <trkpt lat="-24.3495935" lon="133.4396985">
      <ele>472.887</ele>
    </trkpt>
    <trkpt lat="-24.3496948" lon="133.4395354">
      <ele>472.131</ele>
    </trkpt>
    <trkpt lat="-24.3500432" lon="133.4389746">
      <ele>471.323</ele>
    </trkpt>
    <trkpt lat="-24.3501149" lon="133.4388784">
      <ele>471.684</ele>
    </trkpt>
    <trkpt lat="-24.3503158" lon="133.4385673">
      <ele>473.02</ele>
    </trkpt>
    <trkpt lat="-24.350693" lon="133.4380053">
      <ele>470.503</ele>
    </trkpt>
    <trkpt lat="-24.3509715" lon="133.4376181">
      <ele>473.067</ele>
    </trkpt>
    <trkpt lat="-24.3515542" lon="133.4368438">
      <ele>472.258</ele>
    </trkpt>
    <trkpt lat="-24.3521233" lon="133.4361162">
      <ele>471.988</ele>
    </trkpt>
    <trkpt lat="-24.3523538" lon="133.4358059">
      <ele>474.0</ele>
    </trkpt>
    <trkpt lat="-24.3523737" lon="133.4357792">
      <ele>474.0</ele>
    </trkpt>
    <trkpt lat="-24.3524702" lon="133.4356554">
      <ele>474.0</ele>
    </trkpt>
    <trkpt lat="-24.3528308" lon="133.4351928">
      <ele>471.189</ele>
    </trkpt>
    <trkpt lat="-24.3534922" lon="133.4343247">
      <ele>473.466</ele>
    </trkpt>
    <trkpt lat="-24.3539728" lon="133.4337055">
      <ele>473.526</ele>
    </trkpt>
    <trkpt lat="-24.3543084" lon="133.4333124">
      <ele>474.49</ele>
    </trkpt>
    <trkpt lat="-24.3546992" lon="133.4328848">
      <ele>474.0</ele>
    </trkpt>
    <trkpt lat="-24.3552101" lon="133.4323711">
      <ele>474.702</ele>
    </trkpt>
    <trkpt lat="-24.3554757" lon="133.4321299">
      <ele>475.763</ele>
    </trkpt>
    <trkpt lat="-24.3555907" lon="133.4320264">
      <ele>475.117</ele>
    </trkpt>
    <trkpt lat="-24.3558104" lon="133.4318451">
      <ele>473.493</ele>
    </trkpt>
    <trkpt lat="-24.3559382" lon="133.4317317">
      <ele>473.477</ele>
    </trkpt>
    <trkpt lat="-24.3562351" lon="133.4314992">
      <ele>474.226</ele>
    </trkpt>
    <trkpt lat="-24.3563799" lon="133.4313857">
      <ele>474.968</ele>
    </trkpt>
    <trkpt lat="-24.3566778" lon="133.4311719">
      <ele>474.71</ele>
    </trkpt>
    <trkpt lat="-24.3568285" lon="133.4310652">
      <ele>473.931</ele>
    </trkpt>
    <trkpt lat="-24.3570165" lon="133.4309361">
      <ele>473.371</ele>
    </trkpt>
    <trkpt lat="-24.3576637" lon="133.4305467">
      <ele>471.571</ele>
    </trkpt>
    <trkpt lat="-24.3577487" lon="133.4304927">
      <ele>471.693</ele>
    </trkpt>
    <trkpt lat="-24.3578054" lon="133.4304603">
      <ele>471.725</ele>
    </trkpt>
    <trkpt lat="-24.3583059" lon="133.4301746">
      <ele>472.434</ele>
    </trkpt>
    <trkpt lat="-24.3587267" lon="133.4299422">
      <ele>473.0</ele>
    </trkpt>
    <trkpt lat="-24.3590053" lon="133.4298014">
      <ele>472.881</ele>
    </trkpt>
    <trkpt lat="-24.3596711" lon="133.4294298">
      <ele>474.773</ele>
    </trkpt>
    <trkpt lat="-24.3599958" lon="133.4292538">
      <ele>474.99</ele>
    </trkpt>
    <trkpt lat="-24.3600629" lon="133.4292174">
      <ele>475.041</ele>
    </trkpt>
    <trkpt lat="-24.3602113" lon="133.4291266">
      <ele>474.821</ele>
    </trkpt>
    <trkpt lat="-24.3613345" lon="133.4285158">
      <ele>472.067</ele>
    </trkpt>
    <trkpt lat="-24.3625181" lon="133.4278613">
      <ele>474.281</ele>
    </trkpt>
    <trkpt lat="-24.3631099" lon="133.4275249">
      <ele>473.268</ele>
    </trkpt>
    <trkpt lat="-24.3634349" lon="133.4273311">
      <ele>474.0</ele>
    </trkpt>
    <trkpt lat="-24.3648769" lon="133.4263573">
      <ele>473.937</ele>
    </trkpt>
    <trkpt lat="-24.3658081" lon="133.4257148">
      <ele>477.336</ele>
    </trkpt>
    <trkpt lat="-24.3658799" lon="133.4256653">
      <ele>477.539</ele>
    </trkpt>
    <trkpt lat="-24.3659604" lon="133.4256098">
      <ele>477.715</ele>
    </trkpt>
    <trkpt lat="-24.3660322" lon="133.4255602">
      <ele>477.971</ele>
    </trkpt>
    <trkpt lat="-24.36746" lon="133.4245748">
      <ele>475.932</ele>
    </trkpt>
    <trkpt lat="-24.3690626" lon="133.4234646">
      <ele>478.527</ele>
    </trkpt>
    <trkpt lat="-24.3702461" lon="133.4226492">
      <ele>477.741</ele>
    </trkpt>
    <trkpt lat="-24.3708205" lon="133.4222553">
      <ele>479.073</ele>
    </trkpt>
    <trkpt lat="-24.3711338" lon="133.4220128">
      <ele>477.107</ele>
    </trkpt>
    <trkpt lat="-24.3716254" lon="133.4215994">
      <ele>478.128</ele>
    </trkpt>
    <trkpt lat="-24.3718019" lon="133.4214267">
      <ele>480.017</ele>
    </trkpt>
    <trkpt lat="-24.3721023" lon="133.4211258">
      <ele>481.462</ele>
    </trkpt>
    <trkpt lat="-24.3723357" lon="133.4208691">
      <ele>480.236</ele>
    </trkpt>
    <trkpt lat="-24.3727205" lon="133.4204317">
      <ele>480.148</ele>
    </trkpt>
    <trkpt lat="-24.3738939" lon="133.4190909">
      <ele>481.714</ele>
    </trkpt>
    <trkpt lat="-24.3754651" lon="133.4172973">
      <ele>486.0</ele>
    </trkpt>
    <trkpt lat="-24.37644" lon="133.4161847">
      <ele>482.735</ele>
    </trkpt>
    <trkpt lat="-24.3773385" lon="133.4151656">
      <ele>483.765</ele>
    </trkpt>
    <trkpt lat="-24.378055" lon="133.4143525">
      <ele>487.003</ele>
    </trkpt>
    <trkpt lat="-24.3797251" lon="133.4124328">
      <ele>485.252</ele>
    </trkpt>
    <trkpt lat="-24.3802618" lon="133.4118224">
      <ele>487.911</ele>
    </trkpt>
    <trkpt lat="-24.3803283" lon="133.4117467">
      <ele>488.371</ele>
    </trkpt>
    <trkpt lat="-24.3803867" lon="133.4116803">
      <ele>488.883</ele>
    </trkpt>
    <trkpt lat="-24.3804532" lon="133.4116047">
      <ele>489.446</ele>
    </trkpt>
    <trkpt lat="-24.3805117" lon="133.4115383">
      <ele>489.924</ele>
    </trkpt>
    <trkpt lat="-24.3808281" lon="133.4111786">
      <ele>487.776</ele>
    </trkpt>
    <trkpt lat="-24.3823927" lon="133.4093989">
      <ele>488.063</ele>
    </trkpt>
    <trkpt lat="-24.3842979" lon="133.4072264">
      <ele>486.52</ele>
    </trkpt>
    <trkpt lat="-24.3846317" lon="133.4068473">
      <ele>487.464</ele>
    </trkpt>
    <trkpt lat="-24.3847568" lon="133.4067052">
      <ele>487.737</ele>
    </trkpt>
    <trkpt lat="-24.3851986" lon="133.4062034">
      <ele>488.905</ele>
    </trkpt>
    <trkpt lat="-24.3852147" lon="133.4061851">
      <ele>488.94</ele>
    </trkpt>
    <trkpt lat="-24.3858005" lon="133.4055181">
      <ele>488.881</ele>
    </trkpt>
    <trkpt lat="-24.3859473" lon="133.4053498">
      <ele>488.973</ele>
    </trkpt>
    <trkpt lat="-24.3864419" lon="133.4047826">
      <ele>490.0</ele>
    </trkpt>
    <trkpt lat="-24.3869184" lon="133.4042546">
      <ele>489.0</ele>
    </trkpt>
    <trkpt lat="-24.3873511" lon="133.4038201">
      <ele>488.867</ele>
    </trkpt>
    <trkpt lat="-24.3873653" lon="133.4038059">
      <ele>488.855</ele>
    </trkpt>
    <trkpt lat="-24.387487" lon="133.4036908">
      <ele>488.967</ele>
    </trkpt>
    <trkpt lat="-24.3875503" lon="133.403631">
      <ele>488.819</ele>
    </trkpt>
    <trkpt lat="-24.3876233" lon="133.403562">
      <ele>488.635</ele>
    </trkpt>
    <trkpt lat="-24.3878609" lon="133.4033369">
      <ele>488.688</ele>
    </trkpt>
    <trkpt lat="-24.3880373" lon="133.403182">
      <ele>488.611</ele>
    </trkpt>
    <trkpt lat="-24.3882702" lon="133.4029776">
      <ele>488.227</ele>
    </trkpt>
    <trkpt lat="-24.3887589" lon="133.402584">
      <ele>488.693</ele>
    </trkpt>
    <trkpt lat="-24.3898413" lon="133.4017211">
      <ele>486.571</ele>
    </trkpt>
    <trkpt lat="-24.3917409" lon="133.4002067">
      <ele>484.653</ele>
    </trkpt>
    <trkpt lat="-24.3938808" lon="133.3985009">
      <ele>482.018</ele>
    </trkpt>
    <trkpt lat="-24.3941347" lon="133.3982975">
      <ele>480.842</ele>
    </trkpt>
    <trkpt lat="-24.3952987" lon="133.397367">
      <ele>479.403</ele>
    </trkpt>
    <trkpt lat="-24.3956475" lon="133.3970918">
      <ele>480.132</ele>
    </trkpt>
    <trkpt lat="-24.3977327" lon="133.3954156">
      <ele>479.0</ele>
    </trkpt>
    <trkpt lat="-24.3981157" lon="133.39511">
      <ele>479.396</ele>
    </trkpt>
    <trkpt lat="-24.3982612" lon="133.3949939">
      <ele>478.962</ele>
    </trkpt>
    <trkpt lat="-24.3985522" lon="133.3947617">
      <ele>477.284</ele>
    </trkpt>
    <trkpt lat="-24.3989887" lon="133.3944134">
      <ele>477.0</ele>
    </trkpt>
    <trkpt lat="-24.3996573" lon="133.3938798">
      <ele>477.734</ele>
    </trkpt>
    <trkpt lat="-24.4002977" lon="133.3933676">
      <ele>478.928</ele>
    </trkpt>
    <trkpt lat="-24.4008551" lon="133.3929219">
      <ele>475.597</ele>
    </trkpt>
    <trkpt lat="-24.4017037" lon="133.3922526">
      <ele>478.009</ele>
    </trkpt>
    <trkpt lat="-24.4063572" lon="133.3885332">
      <ele>476.886</ele>
    </trkpt>
    <trkpt lat="-24.4065026" lon="133.3884169">
      <ele>477.0</ele>
    </trkpt>
    <trkpt lat="-24.406648" lon="133.3883007">
      <ele>476.89</ele>
    </trkpt>
    <trkpt lat="-24.4067997" lon="133.3881794">
      <ele>475.753</ele>
    </trkpt>
    <trkpt lat="-24.4089269" lon="133.3863674">
      <ele>473.93</ele>
    </trkpt>
    <trkpt lat="-24.4093518" lon="133.3860057">
      <ele>472.46</ele>
    </trkpt>
    <trkpt lat="-24.409494" lon="133.3858847">
      <ele>472.145</ele>
    </trkpt>
    <trkpt lat="-24.4116264" lon="133.3840696">
      <ele>475.011</ele>
    </trkpt>
    <trkpt lat="-24.4117686" lon="133.3839486">
      <ele>474.797</ele>
    </trkpt>
    <trkpt lat="-24.414305" lon="133.3817894">
      <ele>472.278</ele>
    </trkpt>
    <trkpt lat="-24.42128" lon="133.3758545">
      <ele>466.076</ele>
    </trkpt>
    <trkpt lat="-24.4212956" lon="133.3758422">
      <ele>466.032</ele>
    </trkpt>
    <trkpt lat="-24.4215647" lon="133.375613">
      <ele>464.414</ele>
    </trkpt>
    <trkpt lat="-24.4217068" lon="133.375492">
      <ele>464.033</ele>
    </trkpt>
    <trkpt lat="-24.4225596" lon="133.3747656">
      <ele>465.942</ele>
    </trkpt>
    <trkpt lat="-24.4272499" lon="133.3707706">
      <ele>463.797</ele>
    </trkpt>
    <trkpt lat="-24.4278184" lon="133.3702863">
      <ele>464.177</ele>
    </trkpt>
    <trkpt lat="-24.4279605" lon="133.3701652">
      <ele>464.125</ele>
    </trkpt>
    <trkpt lat="-24.4281027" lon="133.3700441">
      <ele>463.148</ele>
    </trkpt>
    <trkpt lat="-24.4293818" lon="133.3689545">
      <ele>465.183</ele>
    </trkpt>
    <trkpt lat="-24.431798" lon="133.3668963">
      <ele>465.091</ele>
    </trkpt>
    <trkpt lat="-24.4319401" lon="133.3667752">
      <ele>465.01</ele>
    </trkpt>
    <trkpt lat="-24.4320822" lon="133.3666541">
      <ele>464.978</ele>
    </trkpt>
    <trkpt lat="-24.4323664" lon="133.366412">
      <ele>464.04</ele>
    </trkpt>
    <trkpt lat="-24.4334558" lon="133.3654839">
      <ele>468.441</ele>
    </trkpt>
    <trkpt lat="-24.4341444" lon="133.364898">
      <ele>467.029</ele>
    </trkpt>
    <trkpt lat="-24.4345611" lon="133.3645433">
      <ele>468.904</ele>
    </trkpt>
    <trkpt lat="-24.4348845" lon="133.3642686">
      <ele>471.263</ele>
    </trkpt>
    <trkpt lat="-24.435256" lon="133.3639561">
      <ele>470.613</ele>
    </trkpt>
    <trkpt lat="-24.4355714" lon="133.3636722">
      <ele>470.0</ele>
    </trkpt>
    <trkpt lat="-24.4356283" lon="133.3636178">
      <ele>470.0</ele>
    </trkpt>
    <trkpt lat="-24.4357597" lon="133.3634922">
      <ele>470.0</ele>
    </trkpt>
    <trkpt lat="-24.4357639" lon="133.3634879">
      <ele>470.0</ele>
    </trkpt>
    <trkpt lat="-24.4358946" lon="133.3633522">
      <ele>470.221</ele>
    </trkpt>
    <trkpt lat="-24.4359717" lon="133.3632721">
      <ele>470.388</ele>
    </trkpt>
    <trkpt lat="-24.4360258" lon="133.3632171">
      <ele>470.403</ele>
    </trkpt>
    <trkpt lat="-24.4361578" lon="133.3630828">
      <ele>470.266</ele>
    </trkpt>
    <trkpt lat="-24.4362897" lon="133.3629486">
      <ele>470.505</ele>
    </trkpt>
    <trkpt lat="-24.4363511" lon="133.3628861">
      <ele>470.781</ele>
    </trkpt>
    <trkpt lat="-24.436602" lon="133.3626003">
      <ele>472.044</ele>
    </trkpt>
    <trkpt lat="-24.4367757" lon="133.3624008">
      <ele>470.781</ele>
    </trkpt>
    <trkpt lat="-24.4371735" lon="133.3619012">
      <ele>469.494</ele>
    </trkpt>
    <trkpt lat="-24.4375206" lon="133.3614302">
      <ele>470.138</ele>
    </trkpt>
    <trkpt lat="-24.4376544" lon="133.3612475">
      <ele>470.0</ele>
    </trkpt>
    <trkpt lat="-24.437743" lon="133.3611168">
      <ele>470.0</ele>
    </trkpt>
    <trkpt lat="-24.4380172" lon="133.3606791">
      <ele>467.445</ele>
    </trkpt>
    <trkpt lat="-24.4381192" lon="133.3605163">
      <ele>467.578</ele>
    </trkpt>
    <trkpt lat="-24.4382211" lon="133.3603536">
      <ele>468.494</ele>
    </trkpt>
    <trkpt lat="-24.4383231" lon="133.3601908">
      <ele>469.551</ele>
    </trkpt>
    <trkpt lat="-24.4389348" lon="133.3592142">
      <ele>468.137</ele>
    </trkpt>
    <trkpt lat="-24.4390367" lon="133.3590515">
      <ele>468.532</ele>
    </trkpt>
    <trkpt lat="-24.4401231" lon="133.357317">
      <ele>472.228</ele>
    </trkpt>
    <trkpt lat="-24.4403605" lon="133.3569344">
      <ele>473.0</ele>
    </trkpt>
    <trkpt lat="-24.4404618" lon="133.3567711">
      <ele>473.0</ele>
    </trkpt>
    <trkpt lat="-24.4405631" lon="133.3566078">
      <ele>472.343</ele>
    </trkpt>
    <trkpt lat="-24.4407657" lon="133.3562813">
      <ele>469.707</ele>
    </trkpt>
    <trkpt lat="-24.4411708" lon="133.3556283">
      <ele>468.524</ele>
    </trkpt>
    <trkpt lat="-24.4412721" lon="133.355465">
      <ele>467.485</ele>
    </trkpt>
    <trkpt lat="-24.4421319" lon="133.3540792">
      <ele>463.64</ele>
    </trkpt>
    <trkpt lat="-24.4426255" lon="133.3532792">
      <ele>463.893</ele>
    </trkpt>
    <trkpt lat="-24.4429943" lon="133.3526897">
      <ele>463.613</ele>
    </trkpt>
    <trkpt lat="-24.4430962" lon="133.3525269">
      <ele>462.79</ele>
    </trkpt>
    <trkpt lat="-24.4431051" lon="133.3525127">
      <ele>462.681</ele>
    </trkpt>
    <trkpt lat="-24.4431991" lon="133.3523648">
      <ele>461.245</ele>
    </trkpt>
    <trkpt lat="-24.4435079" lon="133.3518788">
      <ele>458.263</ele>
    </trkpt>
    <trkpt lat="-24.4435593" lon="133.3517979">
      <ele>457.989</ele>
    </trkpt>
    <trkpt lat="-24.4437137" lon="133.3515547">
      <ele>458.403</ele>
    </trkpt>
    <trkpt lat="-24.4438166" lon="133.3513927">
      <ele>458.986</ele>
    </trkpt>
    <trkpt lat="-24.4439195" lon="133.3512306">
      <ele>460.077</ele>
    </trkpt>
    <trkpt lat="-24.4439581" lon="133.3511698">
      <ele>460.381</ele>
    </trkpt>
    <trkpt lat="-24.4443944" lon="133.3504599">
      <ele>460.18</ele>
    </trkpt>
    <trkpt lat="-24.4448441" lon="133.3497409">
      <ele>458.152</ele>
    </trkpt>
    <trkpt lat="-24.4453066" lon="133.348987">
      <ele>455.543</ele>
    </trkpt>
    <trkpt lat="-24.4456481" lon="133.3484253">
      <ele>456.779</ele>
    </trkpt>
    <trkpt lat="-24.4458574" lon="133.348055">
      <ele>457.0</ele>
    </trkpt>
    <trkpt lat="-24.4461621" lon="133.3474548">
      <ele>456.816</ele>
    </trkpt>
    <trkpt lat="-24.4463332" lon="133.3470733">
      <ele>455.236</ele>
    </trkpt>
    <trkpt lat="-24.4464856" lon="133.3467116">
      <ele>453.652</ele>
    </trkpt>
    <trkpt lat="-24.4465612" lon="133.3465323">
      <ele>454.347</ele>
    </trkpt>
    <trkpt lat="-24.4465685" lon="133.346515">
      <ele>454.445</ele>
    </trkpt>
    <trkpt lat="-24.4466335" lon="133.3463514">
      <ele>455.373</ele>
    </trkpt>
    <trkpt lat="-24.4467969" lon="133.34594">
      <ele>456.64</ele>
    </trkpt>
    <trkpt lat="-24.4469228" lon="133.3455382">
      <ele>455.938</ele>
    </trkpt>
    <trkpt lat="-24.4471408" lon="133.3448096">
      <ele>453.586</ele>
    </trkpt>
    <trkpt lat="-24.4476761" lon="133.3428733">
      <ele>453.076</ele>
    </trkpt>
    <trkpt lat="-24.4476971" lon="133.3427944">
      <ele>452.641</ele>
    </trkpt>
    <trkpt lat="-24.4477724" lon="133.3425043">
      <ele>452.001</ele>
    </trkpt>
    <trkpt lat="-24.4478296" lon="133.3422962">
      <ele>451.217</ele>
    </trkpt>
    <trkpt lat="-24.447889" lon="133.342083">
      <ele>450.499</ele>
    </trkpt>
    <trkpt lat="-24.44815" lon="133.341128">
      <ele>452.041</ele>
    </trkpt>
    <trkpt lat="-24.4482972" lon="133.3406469">
      <ele>452.0</ele>
    </trkpt>
    <trkpt lat="-24.4484767" lon="133.3401196">
      <ele>451.516</ele>
    </trkpt>
    <trkpt lat="-24.448754" lon="133.3393934">
      <ele>451.911</ele>
    </trkpt>
    <trkpt lat="-24.4491098" lon="133.3386266">
      <ele>451.795</ele>
    </trkpt>
    <trkpt lat="-24.449288" lon="133.3382849">
      <ele>453.339</ele>
    </trkpt>
    <trkpt lat="-24.4494015" lon="133.338045">
      <ele>453.589</ele>
    </trkpt>
    <trkpt lat="-24.4497082" lon="133.3374873">
      <ele>448.954</ele>
    </trkpt>
    <trkpt lat="-24.4499541" lon="133.3370759">
      <ele>448.0</ele>
    </trkpt>
    <trkpt lat="-24.4503569" lon="133.3364725">
      <ele>447.285</ele>
    </trkpt>
    <trkpt lat="-24.4506814" lon="133.3360279">
      <ele>449.07</ele>
    </trkpt>
    <trkpt lat="-24.4508076" lon="133.3358606">
      <ele>449.898</ele>
    </trkpt>
    <trkpt lat="-24.4513392" lon="133.3352248">
      <ele>450.213</ele>
    </trkpt>
    <trkpt lat="-24.4515554" lon="133.3349865">
      <ele>449.498</ele>
    </trkpt>
    <trkpt lat="-24.4519917" lon="133.3345055">
      <ele>449.182</ele>
    </trkpt>
    <trkpt lat="-24.4534717" lon="133.3329002">
      <ele>447.437</ele>
    </trkpt>
    <trkpt lat="-24.4535997" lon="133.3327614">
      <ele>447.859</ele>
    </trkpt>
    <trkpt lat="-24.4543966" lon="133.3318969">
      <ele>448.343</ele>
    </trkpt>
    <trkpt lat="-24.4554411" lon="133.3307513">
      <ele>444.588</ele>
    </trkpt>
    <trkpt lat="-24.4561334" lon="133.3299715">
      <ele>444.825</ele>
    </trkpt>
    <trkpt lat="-24.456338" lon="133.3297431">
      <ele>444.014</ele>
    </trkpt>
    <trkpt lat="-24.4566172" lon="133.3294422">
      <ele>444.629</ele>
    </trkpt>
    <trkpt lat="-24.457073" lon="133.3289783">
      <ele>442.107</ele>
    </trkpt>
    <trkpt lat="-24.4571001" lon="133.3289507">
      <ele>442.005</ele>
    </trkpt>
    <trkpt lat="-24.4574562" lon="133.328561">
      <ele>442.713</ele>
    </trkpt>
    <trkpt lat="-24.4575837" lon="133.3284216">
      <ele>443.206</ele>
    </trkpt>
    <trkpt lat="-24.458226" lon="133.3277188">
      <ele>442.189</ele>
    </trkpt>
    <trkpt lat="-24.4592392" lon="133.326617">
      <ele>442.832</ele>
    </trkpt>
    <trkpt lat="-24.4600542" lon="133.3257308">
      <ele>441.805</ele>
    </trkpt>
    <trkpt lat="-24.4604059" lon="133.3253494">
      <ele>440.139</ele>
    </trkpt>
    <trkpt lat="-24.4607973" lon="133.3249001">
      <ele>440.87</ele>
    </trkpt>
    <trkpt lat="-24.461341" lon="133.3242066">
      <ele>442.824</ele>
    </trkpt>
    <trkpt lat="-24.461634" lon="133.3237957">
      <ele>442.055</ele>
    </trkpt>
    <trkpt lat="-24.4619871" lon="133.3232567">
      <ele>443.122</ele>
    </trkpt>
    <trkpt lat="-24.4622682" lon="133.3227787">
      <ele>440.841</ele>
    </trkpt>
    <trkpt lat="-24.4625471" lon="133.3222664">
      <ele>438.132</ele>
    </trkpt>
    <trkpt lat="-24.4625982" lon="133.3221638">
      <ele>438.136</ele>
    </trkpt>
    <trkpt lat="-24.4629562" lon="133.3214451">
      <ele>436.69</ele>
    </trkpt>
    <trkpt lat="-24.4634631" lon="133.3204312">
      <ele>438.467</ele>
    </trkpt>
    <trkpt lat="-24.4638094" lon="133.3197384">
      <ele>438.983</ele>
    </trkpt>
    <trkpt lat="-24.4645021" lon="133.3183527">
      <ele>437.07</ele>
    </trkpt>
    <trkpt lat="-24.4646661" lon="133.3180246">
      <ele>437.402</ele>
    </trkpt>
    <trkpt lat="-24.4648465" lon="133.3176588">
      <ele>439.192</ele>
    </trkpt>
    <trkpt lat="-24.4653818" lon="133.3165737">
      <ele>439.875</ele>
    </trkpt>
    <trkpt lat="-24.4656181" lon="133.3160954">
      <ele>438.0</ele>
    </trkpt>
    <trkpt lat="-24.4660423" lon="133.3152368">
      <ele>436.0</ele>
    </trkpt>
    <trkpt lat="-24.4665205" lon="133.3142894">
      <ele>437.791</ele>
    </trkpt>
    <trkpt lat="-24.467026" lon="133.3132707">
      <ele>437.775</ele>
    </trkpt>
    <trkpt lat="-24.4673444" lon="133.312628">
      <ele>436.0</ele>
    </trkpt>
    <trkpt lat="-24.4675407" lon="133.3122317">
      <ele>435.853</ele>
    </trkpt>
    <trkpt lat="-24.4676025" lon="133.3121074">
      <ele>435.784</ele>
    </trkpt>
    <trkpt lat="-24.4676887" lon="133.311934">
      <ele>436.038</ele>
    </trkpt>
    <trkpt lat="-24.4679472" lon="133.3114136">
      <ele>436.39</ele>
    </trkpt>
    <trkpt lat="-24.468391" lon="133.3105204">
      <ele>434.873</ele>
    </trkpt>
    <trkpt lat="-24.4688808" lon="133.3095496">
      <ele>438.0</ele>
    </trkpt>
    <trkpt lat="-24.469946" lon="133.307392">
      <ele>435.0</ele>
    </trkpt>
    <trkpt lat="-24.470363" lon="133.3065586">
      <ele>435.187</ele>
    </trkpt>
    <trkpt lat="-24.4708273" lon="133.3056306">
      <ele>435.73</ele>
    </trkpt>
    <trkpt lat="-24.471139" lon="133.3049978">
      <ele>434.992</ele>
    </trkpt>
    <trkpt lat="-24.4716415" lon="133.3039778">
      <ele>435.327</ele>
    </trkpt>
    <trkpt lat="-24.4723197" lon="133.3026346">
      <ele>434.02</ele>
    </trkpt>
    <trkpt lat="-24.472878" lon="133.3015073">
      <ele>433.787</ele>
    </trkpt>
    <trkpt lat="-24.4739758" lon="133.2992861">
      <ele>430.956</ele>
    </trkpt>
    <trkpt lat="-24.4739821" lon="133.2992733">
      <ele>430.922</ele>
    </trkpt>
    <trkpt lat="-24.473998" lon="133.2992412">
      <ele>430.818</ele>
    </trkpt>
    <trkpt lat="-24.4740622" lon="133.2991128">
      <ele>430.424</ele>
    </trkpt>
    <trkpt lat="-24.4743286" lon="133.2985805">
      <ele>432.322</ele>
    </trkpt>
    <trkpt lat="-24.4747263" lon="133.2977854">
      <ele>432.986</ele>
    </trkpt>
    <trkpt lat="-24.4748415" lon="133.2975539">
      <ele>432.111</ele>
    </trkpt>
    <trkpt lat="-24.4749278" lon="133.2973805">
      <ele>432.318</ele>
    </trkpt>
    <trkpt lat="-24.4750204" lon="133.2971943">
      <ele>432.899</ele>
    </trkpt>
    <trkpt lat="-24.4767386" lon="133.2937384">
      <ele>431.54</ele>
    </trkpt>
    <trkpt lat="-24.4768189" lon="133.293577">
      <ele>432.644</ele>
    </trkpt>
    <trkpt lat="-24.476912" lon="133.293393">
      <ele>433.65</ele>
    </trkpt>
    <trkpt lat="-24.4785188" lon="133.290158">
      <ele>434.189</ele>
    </trkpt>
    <trkpt lat="-24.4787109" lon="133.2897732">
      <ele>433.118</ele>
    </trkpt>
    <trkpt lat="-24.4787974" lon="133.2895999">
      <ele>433.295</ele>
    </trkpt>
    <trkpt lat="-24.4788823" lon="133.2894298">
      <ele>433.975</ele>
    </trkpt>
    <trkpt lat="-24.4789688" lon="133.2892566">
      <ele>434.0</ele>
    </trkpt>
    <trkpt lat="-24.4790552" lon="133.2890833">
      <ele>433.88</ele>
    </trkpt>
    <trkpt lat="-24.4793542" lon="133.2884841">
      <ele>433.176</ele>
    </trkpt>
    <trkpt lat="-24.4794911" lon="133.288219">
      <ele>433.336</ele>
    </trkpt>
    <trkpt lat="-24.479545" lon="133.2881089">
      <ele>433.724</ele>
    </trkpt>
    <trkpt lat="-24.4796556" lon="133.2878898">
      <ele>434.663</ele>
    </trkpt>
    <trkpt lat="-24.4797187" lon="133.2877644">
      <ele>434.94</ele>
    </trkpt>
    <trkpt lat="-24.4798167" lon="133.2875917">
      <ele>435.126</ele>
    </trkpt>
    <trkpt lat="-24.4799395" lon="133.2873823">
      <ele>435.684</ele>
    </trkpt>
    <trkpt lat="-24.4801487" lon="133.2870404">
      <ele>436.791</ele>
    </trkpt>
    <trkpt lat="-24.4802341" lon="133.2868995">
      <ele>437.281</ele>
    </trkpt>
    <trkpt lat="-24.4804904" lon="133.2865013">
      <ele>434.949</ele>
    </trkpt>
    <trkpt lat="-24.4808838" lon="133.2859534">
      <ele>435.906</ele>
    </trkpt>
    <trkpt lat="-24.4811971" lon="133.2855507">
      <ele>437.369</ele>
    </trkpt>
    <trkpt lat="-24.4814465" lon="133.2852511">
      <ele>436.116</ele>
    </trkpt>
    <trkpt lat="-24.4818461" lon="133.2848">
      <ele>440.267</ele>
    </trkpt>
    <trkpt lat="-24.4821783" lon="133.28446">
      <ele>441.693</ele>
    </trkpt>
    <trkpt lat="-24.4824804" lon="133.2841647">
      <ele>442.922</ele>
    </trkpt>
    <trkpt lat="-24.4825681" lon="133.2840795">
      <ele>442.931</ele>
    </trkpt>
    <trkpt lat="-24.4827038" lon="133.2839548">
      <ele>442.971</ele>
    </trkpt>
    <trkpt lat="-24.4829125" lon="133.2837665">
      <ele>443.044</ele>
    </trkpt>
    <trkpt lat="-24.4829576" lon="133.2837289">
      <ele>443.071</ele>
    </trkpt>
    <trkpt lat="-24.4829604" lon="133.2837265">
      <ele>443.073</ele>
    </trkpt>
    <trkpt lat="-24.4831002" lon="133.2836049">
      <ele>442.978</ele>
    </trkpt>
    <trkpt lat="-24.4832441" lon="133.2834899">
      <ele>442.564</ele>
    </trkpt>
    <trkpt lat="-24.4833827" lon="133.2833744">
      <ele>442.299</ele>
    </trkpt>
    <trkpt lat="-24.4835072" lon="133.2832669">
      <ele>442.387</ele>
    </trkpt>
    <trkpt lat="-24.4836418" lon="133.2831557">
      <ele>442.4</ele>
    </trkpt>
    <trkpt lat="-24.4839231" lon="133.2829263">
      <ele>441.004</ele>
    </trkpt>
    <trkpt lat="-24.4841075" lon="133.2827783">
      <ele>440.002</ele>
    </trkpt>
    <trkpt lat="-24.4841102" lon="133.2827761">
      <ele>439.994</ele>
    </trkpt>
    <trkpt lat="-24.4842515" lon="133.2826598">
      <ele>439.27</ele>
    </trkpt>
    <trkpt lat="-24.484381" lon="133.2825533">
      <ele>438.42</ele>
    </trkpt>
    <trkpt lat="-24.48454" lon="133.2824238">
      <ele>437.75</ele>
    </trkpt>
    <trkpt lat="-24.4849328" lon="133.2821034">
      <ele>437.138</ele>
    </trkpt>
    <trkpt lat="-24.4858422" lon="133.2813673">
      <ele>431.078</ele>
    </trkpt>
    <trkpt lat="-24.485987" lon="133.2812501">
      <ele>431.5</ele>
    </trkpt>
    <trkpt lat="-24.4862766" lon="133.2810156">
      <ele>432.596</ele>
    </trkpt>
    <trkpt lat="-24.4864214" lon="133.2808984">
      <ele>433.0</ele>
    </trkpt>
    <trkpt lat="-24.4864242" lon="133.2808962">
      <ele>433.0</ele>
    </trkpt>
    <trkpt lat="-24.4865935" lon="133.2807626">
      <ele>432.745</ele>
    </trkpt>
    <trkpt lat="-24.4867754" lon="133.2806111">
      <ele>432.435</ele>
    </trkpt>
    <trkpt lat="-24.4869227" lon="133.280493">
      <ele>432.922</ele>
    </trkpt>
    <trkpt lat="-24.4870386" lon="133.280397">
      <ele>433.193</ele>
    </trkpt>
    <trkpt lat="-24.4884486" lon="133.279257">
      <ele>433.55</ele>
    </trkpt>
    <trkpt lat="-24.488947" lon="133.2788536">
      <ele>430.481</ele>
    </trkpt>
    <trkpt lat="-24.4896048" lon="133.2783164">
      <ele>430.061</ele>
    </trkpt>
    <trkpt lat="-24.4898951" lon="133.2780826">
      <ele>431.646</ele>
    </trkpt>
    <trkpt lat="-24.4899352" lon="133.27805">
      <ele>431.771</ele>
    </trkpt>
    <trkpt lat="-24.4901673" lon="133.2778616">
      <ele>432.966</ele>
    </trkpt>
    <trkpt lat="-24.4902668" lon="133.2777801">
      <ele>432.977</ele>
    </trkpt>
    <trkpt lat="-24.4905206" lon="133.2775783">
      <ele>433.94</ele>
    </trkpt>
    <trkpt lat="-24.4906613" lon="133.2774731">
      <ele>433.88</ele>
    </trkpt>
    <trkpt lat="-24.4907865" lon="133.2773773">
      <ele>433.851</ele>
    </trkpt>
    <trkpt lat="-24.4909214" lon="133.2772812">
      <ele>433.933</ele>
    </trkpt>
    <trkpt lat="-24.4910085" lon="133.2772169">
      <ele>433.974</ele>
    </trkpt>
    <trkpt lat="-24.4914256" lon="133.2769371">
      <ele>433.0</ele>
    </trkpt>
    <trkpt lat="-24.4916956" lon="133.2767795">
      <ele>433.062</ele>
    </trkpt>
    <trkpt lat="-24.4916985" lon="133.2767778">
      <ele>433.069</ele>
    </trkpt>
    <trkpt lat="-24.4917702" lon="133.2767359">
      <ele>433.28</ele>
    </trkpt>
    <trkpt lat="-24.4918559" lon="133.2766905">
      <ele>433.623</ele>
    </trkpt>
    <trkpt lat="-24.491859" lon="133.2766888">
      <ele>433.637</ele>
    </trkpt>
    <trkpt lat="-24.4920177" lon="133.276604">
      <ele>434.119</ele>
    </trkpt>
    <trkpt lat="-24.4921067" lon="133.2765564">
      <ele>434.464</ele>
    </trkpt>
    <trkpt lat="-24.492346" lon="133.2764427">
      <ele>435.613</ele>
    </trkpt>
    <trkpt lat="-24.492517" lon="133.2763615">
      <ele>436.099</ele>
    </trkpt>
    <trkpt lat="-24.4926793" lon="133.2762945">
      <ele>436.34</ele>
    </trkpt>
    <trkpt lat="-24.4928477" lon="133.2762249">
      <ele>436.693</ele>
    </trkpt>
    <trkpt lat="-24.493011" lon="133.2761573">
      <ele>436.973</ele>
    </trkpt>
    <trkpt lat="-24.4930161" lon="133.2761554">
      <ele>436.977</ele>
    </trkpt>
    <trkpt lat="-24.4930194" lon="133.2761542">
      <ele>436.98</ele>
    </trkpt>
    <trkpt lat="-24.4931864" lon="133.2760918">
      <ele>437.004</ele>
    </trkpt>
    <trkpt lat="-24.4932935" lon="133.2760519">
      <ele>436.848</ele>
    </trkpt>
    <trkpt lat="-24.4933573" lon="133.2760306">
      <ele>436.649</ele>
    </trkpt>
    <trkpt lat="-24.4935286" lon="133.2759736">
      <ele>436.15</ele>
    </trkpt>
    <trkpt lat="-24.4935295" lon="133.2759733">
      <ele>436.148</ele>
    </trkpt>
    <trkpt lat="-24.4939755" lon="133.2758457">
      <ele>436.0</ele>
    </trkpt>
    <trkpt lat="-24.4945711" lon="133.2757175">
      <ele>437.722</ele>
    </trkpt>
    <trkpt lat="-24.4949381" lon="133.2756567">
      <ele>439.424</ele>
    </trkpt>
    <trkpt lat="-24.4949619" lon="133.2756528">
      <ele>439.515</ele>
    </trkpt>
    <trkpt lat="-24.4951169" lon="133.2756359">
      <ele>439.999</ele>
    </trkpt>
    <trkpt lat="-24.4954749" lon="133.2755969">
      <ele>440.796</ele>
    </trkpt>
    <trkpt lat="-24.4954902" lon="133.2755952">
      <ele>440.832</ele>
    </trkpt>
    <trkpt lat="-24.4956544" lon="133.2755863">
      <ele>441.0</ele>
    </trkpt>
    <trkpt lat="-24.4956579" lon="133.2755861">
      <ele>441.0</ele>
    </trkpt>
    <trkpt lat="-24.4962944" lon="133.275551">
      <ele>442.643</ele>
    </trkpt>
    <trkpt lat="-24.4965971" lon="133.2755319">
      <ele>442.915</ele>
    </trkpt>
    <trkpt lat="-24.4969143" lon="133.2755058">
      <ele>443.712</ele>
    </trkpt>
    <trkpt lat="-24.4970908" lon="133.2754895">
      <ele>443.361</ele>
    </trkpt>
    <trkpt lat="-24.4972438" lon="133.2754709">
      <ele>442.922</ele>
    </trkpt>
    <trkpt lat="-24.4973711" lon="133.2754519">
      <ele>442.464</ele>
    </trkpt>
    <trkpt lat="-24.4974475" lon="133.2754379">
      <ele>442.189</ele>
    </trkpt>
    <trkpt lat="-24.4976983" lon="133.275392">
      <ele>441.286</ele>
    </trkpt>
    <trkpt lat="-24.4979769" lon="133.2753245">
      <ele>440.404</ele>
    </trkpt>
    <trkpt lat="-24.4980388" lon="133.2753095">
      <ele>440.168</ele>
    </trkpt>
    <trkpt lat="-24.4981509" lon="133.2752742">
      <ele>439.648</ele>
    </trkpt>
    <trkpt lat="-24.4981538" lon="133.2752733">
      <ele>439.636</ele>
    </trkpt>
    <trkpt lat="-24.4983238" lon="133.2752196">
      <ele>439.027</ele>
    </trkpt>
    <trkpt lat="-24.4983505" lon="133.2752112">
      <ele>438.938</ele>
    </trkpt>
    <trkpt lat="-24.4987738" lon="133.2750544">
      <ele>437.414</ele>
    </trkpt>
    <trkpt lat="-24.4990509" lon="133.2749355">
      <ele>437.464</ele>
    </trkpt>
    <trkpt lat="-24.499276" lon="133.274827">
      <ele>437.607</ele>
    </trkpt>
    <trkpt lat="-24.4995141" lon="133.2747005">
      <ele>436.577</ele>
    </trkpt>
    <trkpt lat="-24.4997446" lon="133.2745607">
      <ele>435.454</ele>
    </trkpt>
    <trkpt lat="-24.4999639" lon="133.2744217">
      <ele>434.342</ele>
    </trkpt>
    <trkpt lat="-24.5000023" lon="133.2743979">
      <ele>434.166</ele>
    </trkpt>
    <trkpt lat="-24.5001156" lon="133.2743158">
      <ele>434.27</ele>
    </trkpt>
    <trkpt lat="-24.5002658" lon="133.274207">
      <ele>434.037</ele>
    </trkpt>
    <trkpt lat="-24.5002683" lon="133.2742051">
      <ele>434.029</ele>
    </trkpt>
    <trkpt lat="-24.5003667" lon="133.2741304">
      <ele>434.498</ele>
    </trkpt>
    <trkpt lat="-24.5007304" lon="133.273826">
      <ele>435.084</ele>
    </trkpt>
    <trkpt lat="-24.5010857" lon="133.2734857">
      <ele>434.584</ele>
    </trkpt>
    <trkpt lat="-24.5014135" lon="133.2731228">
      <ele>434.427</ele>
    </trkpt>
    <trkpt lat="-24.5015778" lon="133.2729247">
      <ele>435.413</ele>
    </trkpt>
    <trkpt lat="-24.5017908" lon="133.2726494">
      <ele>435.809</ele>
    </trkpt>
    <trkpt lat="-24.5019737" lon="133.2723683">
      <ele>434.315</ele>
    </trkpt>
    <trkpt lat="-24.5020373" lon="133.2722695">
      <ele>433.502</ele>
    </trkpt>
    <trkpt lat="-24.5020645" lon="133.2722237">
      <ele>433.141</ele>
    </trkpt>
    <trkpt lat="-24.5021365" lon="133.2721036">
      <ele>433.044</ele>
    </trkpt>
    <trkpt lat="-24.50214" lon="133.2720973">
      <ele>433.042</ele>
    </trkpt>
    <trkpt lat="-24.5022305" lon="133.2719339">
      <ele>432.985</ele>
    </trkpt>
    <trkpt lat="-24.5022337" lon="133.2719286">
      <ele>432.988</ele>
    </trkpt>
    <trkpt lat="-24.5022501" lon="133.2719019">
      <ele>432.99</ele>
    </trkpt>
    <trkpt lat="-24.5022865" lon="133.2718339">
      <ele>433.01</ele>
    </trkpt>
    <trkpt lat="-24.5023255" lon="133.2717634">
      <ele>432.946</ele>
    </trkpt>
    <trkpt lat="-24.502485" lon="133.2714552">
      <ele>432.78</ele>
    </trkpt>
    <trkpt lat="-24.5025393" lon="133.2713381">
      <ele>432.8</ele>
    </trkpt>
    <trkpt lat="-24.502626" lon="133.2711448">
      <ele>432.943</ele>
    </trkpt>
    <trkpt lat="-24.5027526" lon="133.2708195">
      <ele>433.326</ele>
    </trkpt>
    <trkpt lat="-24.5029021" lon="133.2703574">
      <ele>432.338</ele>
    </trkpt>
    <trkpt lat="-24.5030483" lon="133.2698387">
      <ele>429.078</ele>
    </trkpt>
    <trkpt lat="-24.5030886" lon="133.2697027">
      <ele>428.713</ele>
    </trkpt>
    <trkpt lat="-24.5031747" lon="133.2693924">
      <ele>428.794</ele>
    </trkpt>
    <trkpt lat="-24.5032104" lon="133.2692619">
      <ele>428.694</ele>
    </trkpt>
    <trkpt lat="-24.5032301" lon="133.2691905">
      <ele>428.689</ele>
    </trkpt>
    <trkpt lat="-24.5032568" lon="133.2690959">
      <ele>428.665</ele>
    </trkpt>
    <trkpt lat="-24.5032825" lon="133.269003">
      <ele>428.74</ele>
    </trkpt>
    <trkpt lat="-24.5033351" lon="133.2688132">
      <ele>428.717</ele>
    </trkpt>
    <trkpt lat="-24.5033364" lon="133.2688083">
      <ele>428.691</ele>
    </trkpt>
    <trkpt lat="-24.5034009" lon="133.2685793">
      <ele>427.642</ele>
    </trkpt>
    <trkpt lat="-24.5034456" lon="133.2684036">
      <ele>426.849</ele>
    </trkpt>
    <trkpt lat="-24.503596" lon="133.2678648">
      <ele>426.0</ele>
    </trkpt>
    <trkpt lat="-24.503665" lon="133.2676148">
      <ele>426.194</ele>
    </trkpt>
    <trkpt lat="-24.503771" lon="133.2672567">
      <ele>426.071</ele>
    </trkpt>
    <trkpt lat="-24.503824" lon="133.267056">
      <ele>425.402</ele>
    </trkpt>
    <trkpt lat="-24.5038541" lon="133.2669525">
      <ele>425.029</ele>
    </trkpt>
    <trkpt lat="-24.5039049" lon="133.2667744">
      <ele>424.445</ele>
    </trkpt>
    <trkpt lat="-24.5040164" lon="133.2663482">
      <ele>422.394</ele>
    </trkpt>
    <trkpt lat="-24.5040827" lon="133.2661333">
      <ele>421.382</ele>
    </trkpt>
    <trkpt lat="-24.5042011" lon="133.2657775">
      <ele>422.025</ele>
    </trkpt>
    <trkpt lat="-24.5043064" lon="133.2654907">
      <ele>422.737</ele>
    </trkpt>
    <trkpt lat="-24.5043835" lon="133.2652858">
      <ele>423.752</ele>
    </trkpt>
    <trkpt lat="-24.5045483" lon="133.2648703">
      <ele>421.985</ele>
    </trkpt>
    <trkpt lat="-24.5046797" lon="133.2645547">
      <ele>420.306</ele>
    </trkpt>
    <trkpt lat="-24.5048405" lon="133.2641977">
      <ele>419.574</ele>
    </trkpt>
    <trkpt lat="-24.5048524" lon="133.2641739">
      <ele>419.531</ele>
    </trkpt>
    <trkpt lat="-24.504939" lon="133.2640006">
      <ele>419.686</ele>
    </trkpt>
    <trkpt lat="-24.504992" lon="133.2638836">
      <ele>420.0</ele>
    </trkpt>
    <trkpt lat="-24.5051112" lon="133.263657">
      <ele>419.666</ele>
    </trkpt>
    <trkpt lat="-24.505116" lon="133.2636478">
      <ele>419.638</ele>
    </trkpt>
    <trkpt lat="-24.5052009" lon="133.263485">
      <ele>419.731</ele>
    </trkpt>
    <trkpt lat="-24.5052055" lon="133.2634763">
      <ele>419.746</ele>
    </trkpt>
    <trkpt lat="-24.5052906" lon="133.263317">
      <ele>420.102</ele>
    </trkpt>
    <trkpt lat="-24.5054564" lon="133.26303">
      <ele>420.967</ele>
    </trkpt>
    <trkpt lat="-24.5054953" lon="133.2629581">
      <ele>420.924</ele>
    </trkpt>
    <trkpt lat="-24.5055634" lon="133.2628454">
      <ele>420.979</ele>
    </trkpt>
    <trkpt lat="-24.5055994" lon="133.2627909">
      <ele>420.85</ele>
    </trkpt>
    <trkpt lat="-24.5056797" lon="133.2626577">
      <ele>421.224</ele>
    </trkpt>
    <trkpt lat="-24.5057974" lon="133.2624706">
      <ele>421.696</ele>
    </trkpt>
    <trkpt lat="-24.5058945" lon="133.2623189">
      <ele>423.101</ele>
    </trkpt>
    <trkpt lat="-24.5059664" lon="133.2622178">
      <ele>423.636</ele>
    </trkpt>
    <trkpt lat="-24.5059981" lon="133.2621681">
      <ele>424.043</ele>
    </trkpt>
    <trkpt lat="-24.5060147" lon="133.2621414">
      <ele>424.217</ele>
    </trkpt>
    <trkpt lat="-24.5061178" lon="133.2619927">
      <ele>424.415</ele>
    </trkpt>
    <trkpt lat="-24.5062159" lon="133.261853">
      <ele>425.471</ele>
    </trkpt>
    <trkpt lat="-24.5062464" lon="133.2618114">
      <ele>425.713</ele>
    </trkpt>
    <trkpt lat="-24.506411" lon="133.2615808">
      <ele>425.664</ele>
    </trkpt>
    <trkpt lat="-24.5064623" lon="133.2615127">
      <ele>425.724</ele>
    </trkpt>
    <trkpt lat="-24.5065565" lon="133.2613863">
      <ele>425.629</ele>
    </trkpt>
    <trkpt lat="-24.5067925" lon="133.2610911">
      <ele>427.167</ele>
    </trkpt>
    <trkpt lat="-24.5069187" lon="133.2609337">
      <ele>428.295</ele>
    </trkpt>
    <trkpt lat="-24.5071197" lon="133.2606916">
      <ele>427.612</ele>
    </trkpt>
    <trkpt lat="-24.5072944" lon="133.2604943">
      <ele>425.526</ele>
    </trkpt>
    <trkpt lat="-24.5074173" lon="133.2603495">
      <ele>424.935</ele>
    </trkpt>
    <trkpt lat="-24.5074836" lon="133.2602802">
      <ele>424.328</ele>
    </trkpt>
    <trkpt lat="-24.5076629" lon="133.2600989">
      <ele>424.004</ele>
    </trkpt>
    <trkpt lat="-24.5076693" lon="133.260092">
      <ele>423.972</ele>
    </trkpt>
    <trkpt lat="-24.5077547" lon="133.26">
      <ele>423.332</ele>
    </trkpt>
    <trkpt lat="-24.5078411" lon="133.2599113">
      <ele>423.11</ele>
    </trkpt>
    <trkpt lat="-24.5078853" lon="133.2598687">
      <ele>422.988</ele>
    </trkpt>
    <trkpt lat="-24.508164" lon="133.2596024">
      <ele>421.61</ele>
    </trkpt>
    <trkpt lat="-24.5082813" lon="133.259498">
      <ele>421.187</ele>
    </trkpt>
    <trkpt lat="-24.5083615" lon="133.2594269">
      <ele>421.057</ele>
    </trkpt>
    <trkpt lat="-24.5085009" lon="133.2593063">
      <ele>421.197</ele>
    </trkpt>
    <trkpt lat="-24.5088892" lon="133.2589775">
      <ele>421.681</ele>
    </trkpt>
    <trkpt lat="-24.5095537" lon="133.2584212">
      <ele>422.098</ele>
    </trkpt>
    <trkpt lat="-24.5105079" lon="133.2576254">
      <ele>423.92</ele>
    </trkpt>
    <trkpt lat="-24.5107737" lon="133.2574053">
      <ele>422.909</ele>
    </trkpt>
    <trkpt lat="-24.5109122" lon="133.2572885">
      <ele>422.0</ele>
    </trkpt>
    <trkpt lat="-24.5109193" lon="133.2572827">
      <ele>421.963</ele>
    </trkpt>
    <trkpt lat="-24.5109887" lon="133.2572269">
      <ele>421.61</ele>
    </trkpt>
    <trkpt lat="-24.5110597" lon="133.2571665">
      <ele>421.815</ele>
    </trkpt>
    <trkpt lat="-24.511063" lon="133.2571638">
      <ele>421.827</ele>
    </trkpt>
    <trkpt lat="-24.5114057" lon="133.2568782">
      <ele>423.0</ele>
    </trkpt>
    <trkpt lat="-24.5114591" lon="133.2568331">
      <ele>423.0</ele>
    </trkpt>
    <trkpt lat="-24.5118795" lon="133.2564802">
      <ele>423.923</ele>
    </trkpt>
    <trkpt lat="-24.5120181" lon="133.25637">
      <ele>424.383</ele>
    </trkpt>
    <trkpt lat="-24.512222" lon="133.2561981">
      <ele>425.687</ele>
    </trkpt>
    <trkpt lat="-24.5127913" lon="133.255731">
      <ele>425.662</ele>
    </trkpt>
    <trkpt lat="-24.5130735" lon="133.255501">
      <ele>425.261</ele>
    </trkpt>
    <trkpt lat="-24.5132171" lon="133.2553819">
      <ele>426.207</ele>
    </trkpt>
    <trkpt lat="-24.5132185" lon="133.2553806">
      <ele>426.216</ele>
    </trkpt>
    <trkpt lat="-24.5133065" lon="133.255298">
      <ele>426.831</ele>
    </trkpt>
    <trkpt lat="-24.5134117" lon="133.2552092">
      <ele>426.718</ele>
    </trkpt>
    <trkpt lat="-24.5134996" lon="133.2551384">
      <ele>426.401</ele>
    </trkpt>
    <trkpt lat="-24.5136148" lon="133.255039">
      <ele>425.992</ele>
    </trkpt>
    <trkpt lat="-24.5138559" lon="133.2548361">
      <ele>425.639</ele>
    </trkpt>
    <trkpt lat="-24.5139628" lon="133.2547512">
      <ele>425.951</ele>
    </trkpt>
    <trkpt lat="-24.5142085" lon="133.2545456">
      <ele>425.754</ele>
    </trkpt>
    <trkpt lat="-24.5143912" lon="133.2544096">
      <ele>424.335</ele>
    </trkpt>
    <trkpt lat="-24.5144286" lon="133.2543837">
      <ele>424.089</ele>
    </trkpt>
    <trkpt lat="-24.5147213" lon="133.2541699">
      <ele>424.997</ele>
    </trkpt>
    <trkpt lat="-24.5149374" lon="133.2540156">
      <ele>426.359</ele>
    </trkpt>
    <trkpt lat="-24.5150382" lon="133.2539481">
      <ele>426.564</ele>
    </trkpt>
    <trkpt lat="-24.5153592" lon="133.2537374">
      <ele>426.748</ele>
    </trkpt>
    <trkpt lat="-24.5154917" lon="133.2536549">
      <ele>426.928</ele>
    </trkpt>
    <trkpt lat="-24.5156345" lon="133.2535686">
      <ele>426.803</ele>
    </trkpt>
    <trkpt lat="-24.5158242" lon="133.2534615">
      <ele>425.941</ele>
    </trkpt>
    <trkpt lat="-24.5161257" lon="133.2532909">
      <ele>425.044</ele>
    </trkpt>
    <trkpt lat="-24.5162271" lon="133.2532308">
      <ele>425.263</ele>
    </trkpt>
    <trkpt lat="-24.5163911" lon="133.2531487">
      <ele>425.338</ele>
    </trkpt>
    <trkpt lat="-24.5163925" lon="133.253148">
      <ele>425.337</ele>
    </trkpt>
    <trkpt lat="-24.5165545" lon="133.2530661">
      <ele>425.061</ele>
    </trkpt>
    <trkpt lat="-24.5166035" lon="133.2530414">
      <ele>424.949</ele>
    </trkpt>
    <trkpt lat="-24.5167415" lon="133.2529697">
      <ele>424.774</ele>
    </trkpt>
    <trkpt lat="-24.5168815" lon="133.2529003">
      <ele>424.873</ele>
    </trkpt>
    <trkpt lat="-24.5170655" lon="133.2528141">
      <ele>424.507</ele>
    </trkpt>
    <trkpt lat="-24.5172437" lon="133.2527347">
      <ele>424.0</ele>
    </trkpt>
    <trkpt lat="-24.5174115" lon="133.2526634">
      <ele>424.0</ele>
    </trkpt>
    <trkpt lat="-24.5176618" lon="133.2525636">
      <ele>424.716</ele>
    </trkpt>
    <trkpt lat="-24.5179638" lon="133.2524386">
      <ele>425.97</ele>
    </trkpt>
    <trkpt lat="-24.5185819" lon="133.2521821">
      <ele>427.75</ele>
    </trkpt>
    <trkpt lat="-24.5190641" lon="133.2519802">
      <ele>426.82</ele>
    </trkpt>
    <trkpt lat="-24.5194339" lon="133.2518251">
      <ele>424.06</ele>
    </trkpt>
    <trkpt lat="-24.5195684" lon="133.2517693">
      <ele>423.719</ele>
    </trkpt>
    <trkpt lat="-24.5197367" lon="133.2516994">
      <ele>423.164</ele>
    </trkpt>
    <trkpt lat="-24.5207372" lon="133.2512764">
      <ele>425.876</ele>
    </trkpt>
    <trkpt lat="-24.5208766" lon="133.251222">
      <ele>426.264</ele>
    </trkpt>
    <trkpt lat="-24.5213391" lon="133.2510336">
      <ele>428.1</ele>
    </trkpt>
    <trkpt lat="-24.521749" lon="133.2508611">
      <ele>429.663</ele>
    </trkpt>
    <trkpt lat="-24.5218021" lon="133.2508402">
      <ele>429.512</ele>
    </trkpt>
    <trkpt lat="-24.5219248" lon="133.2507932">
      <ele>429.081</ele>
    </trkpt>
    <trkpt lat="-24.5220927" lon="133.2507223">
      <ele>428.787</ele>
    </trkpt>
    <trkpt lat="-24.5227208" lon="133.250454">
      <ele>427.291</ele>
    </trkpt>
    <trkpt lat="-24.5227995" lon="133.2504201">
      <ele>427.644</ele>
    </trkpt>
    <trkpt lat="-24.5230831" lon="133.2502938">
      <ele>429.948</ele>
    </trkpt>
    <trkpt lat="-24.5232002" lon="133.2502375">
      <ele>430.145</ele>
    </trkpt>
    <trkpt lat="-24.5234305" lon="133.2501226">
      <ele>430.013</ele>
    </trkpt>
    <trkpt lat="-24.5235211" lon="133.2500823">
      <ele>429.552</ele>
    </trkpt>
    <trkpt lat="-24.5238482" lon="133.2499081">
      <ele>427.244</ele>
    </trkpt>
    <trkpt lat="-24.5240058" lon="133.2498135">
      <ele>426.862</ele>
    </trkpt>
    <trkpt lat="-24.5240689" lon="133.249777">
      <ele>426.872</ele>
    </trkpt>
    <trkpt lat="-24.5240698" lon="133.2497765">
      <ele>426.873</ele>
    </trkpt>
    <trkpt lat="-24.5242283" lon="133.2496829">
      <ele>426.778</ele>
    </trkpt>
    <trkpt lat="-24.5245095" lon="133.2495153">
      <ele>425.826</ele>
    </trkpt>
    <trkpt lat="-24.5246795" lon="133.249407">
      <ele>425.154</ele>
    </trkpt>
    <trkpt lat="-24.5249442" lon="133.2492316">
      <ele>425.187</ele>
    </trkpt>
    <trkpt lat="-24.5252851" lon="133.2489918">
      <ele>425.026</ele>
    </trkpt>
    <trkpt lat="-24.5253734" lon="133.2489311">
      <ele>425.344</ele>
    </trkpt>
    <trkpt lat="-24.5254649" lon="133.2488701">
      <ele>425.741</ele>
    </trkpt>
    <trkpt lat="-24.5256552" lon="133.2487366">
      <ele>426.872</ele>
    </trkpt>
    <trkpt lat="-24.5257204" lon="133.2486851">
      <ele>427.05</ele>
    </trkpt>
    <trkpt lat="-24.5258193" lon="133.2486175">
      <ele>427.021</ele>
    </trkpt>
    <trkpt lat="-24.52594" lon="133.2485336">
      <ele>427.277</ele>
    </trkpt>
    <trkpt lat="-24.5260031" lon="133.2484927">
      <ele>427.351</ele>
    </trkpt>
    <trkpt lat="-24.5261124" lon="133.2484158">
      <ele>427.298</ele>
    </trkpt>
    <trkpt lat="-24.5263939" lon="133.2482133">
      <ele>427.0</ele>
    </trkpt>
    <trkpt lat="-24.5264804" lon="133.248154">
      <ele>427.0</ele>
    </trkpt>
    <trkpt lat="-24.5268256" lon="133.2479119">
      <ele>428.034</ele>
    </trkpt>
    <trkpt lat="-24.5268287" lon="133.2479097">
      <ele>428.05</ele>
    </trkpt>
    <trkpt lat="-24.5269786" lon="133.2478066">
      <ele>428.559</ele>
    </trkpt>
    <trkpt lat="-24.5271085" lon="133.2477106">
      <ele>428.302</ele>
    </trkpt>
    <trkpt lat="-24.5271682" lon="133.2476683">
      <ele>428.177</ele>
    </trkpt>
    <trkpt lat="-24.5272911" lon="133.2475826">
      <ele>427.735</ele>
    </trkpt>
    <trkpt lat="-24.5277042" lon="133.2472973">
      <ele>425.989</ele>
    </trkpt>
    <trkpt lat="-24.527844" lon="133.2471991">
      <ele>426.0</ele>
    </trkpt>
    <trkpt lat="-24.5279003" lon="133.2471577">
      <ele>426.0</ele>
    </trkpt>
    <trkpt lat="-24.5279941" lon="133.2470942">
      <ele>426.0</ele>
    </trkpt>
    <trkpt lat="-24.528345" lon="133.2468496">
      <ele>426.0</ele>
    </trkpt>
    <trkpt lat="-24.5285257" lon="133.2467278">
      <ele>426.0</ele>
    </trkpt>
    <trkpt lat="-24.5286497" lon="133.246644">
      <ele>426.139</ele>
    </trkpt>
    <trkpt lat="-24.5286743" lon="133.2466274">
      <ele>426.227</ele>
    </trkpt>
    <trkpt lat="-24.5288325" lon="133.2465166">
      <ele>426.797</ele>
    </trkpt>
    <trkpt lat="-24.5288769" lon="133.2464837">
      <ele>426.957</ele>
    </trkpt>
    <trkpt lat="-24.5289562" lon="133.2464318">
      <ele>426.963</ele>
    </trkpt>
    <trkpt lat="-24.5290113" lon="133.2463903">
      <ele>426.998</ele>
    </trkpt>
    <trkpt lat="-24.5290838" lon="133.2463429">
      <ele>427.0</ele>
    </trkpt>
    <trkpt lat="-24.529172" lon="133.2462741">
      <ele>426.981</ele>
    </trkpt>
    <trkpt lat="-24.5292954" lon="133.2461969">
      <ele>426.537</ele>
    </trkpt>
    <trkpt lat="-24.5293843" lon="133.2461336">
      <ele>426.217</ele>
    </trkpt>
    <trkpt lat="-24.529509" lon="133.2460428">
      <ele>425.956</ele>
    </trkpt>
    <trkpt lat="-24.5295741" lon="133.2459962">
      <ele>425.754</ele>
    </trkpt>
    <trkpt lat="-24.5298574" lon="133.2458002">
      <ele>424.452</ele>
    </trkpt>
    <trkpt lat="-24.5299677" lon="133.2457227">
      <ele>424.07</ele>
    </trkpt>
    <trkpt lat="-24.5301113" lon="133.2456281">
      <ele>424.296</ele>
    </trkpt>
    <trkpt lat="-24.5302572" lon="133.2455377">
      <ele>424.926</ele>
    </trkpt>
    <trkpt lat="-24.5303483" lon="133.2454823">
      <ele>425.321</ele>
    </trkpt>
    <trkpt lat="-24.530661" lon="133.2453003">
      <ele>427.299</ele>
    </trkpt>
    <trkpt lat="-24.5307583" lon="133.2452397">
      <ele>427.73</ele>
    </trkpt>
    <trkpt lat="-24.5309446" lon="133.2451423">
      <ele>428.401</ele>
    </trkpt>
    <trkpt lat="-24.5310838" lon="133.245073">
      <ele>428.902</ele>
    </trkpt>
    <trkpt lat="-24.53113" lon="133.2450476">
      <ele>429.068</ele>
    </trkpt>
    <trkpt lat="-24.5312591" lon="133.2449961">
      <ele>429.525</ele>
    </trkpt>
    <trkpt lat="-24.5313373" lon="133.2449614">
      <ele>429.701</ele>
    </trkpt>
    <trkpt lat="-24.5315746" lon="133.2448572">
      <ele>429.486</ele>
    </trkpt>
    <trkpt lat="-24.5320462" lon="133.2446962">
      <ele>428.059</ele>
    </trkpt>
    <trkpt lat="-24.5323638" lon="133.2446027">
      <ele>428.51</ele>
    </trkpt>
    <trkpt lat="-24.5327867" lon="133.2444951">
      <ele>431.058</ele>
    </trkpt>
    <trkpt lat="-24.5328704" lon="133.2444704">
      <ele>431.636</ele>
    </trkpt>
    <trkpt lat="-24.5329029" lon="133.2444561">
      <ele>431.882</ele>
    </trkpt>
    <trkpt lat="-24.5330835" lon="133.2444212">
      <ele>433.276</ele>
    </trkpt>
    <trkpt lat="-24.5332323" lon="133.244382">
      <ele>434.229</ele>
    </trkpt>
    <trkpt lat="-24.5335736" lon="133.2443011">
      <ele>435.102</ele>
    </trkpt>
    <trkpt lat="-24.534036" lon="133.2441941">
      <ele>432.22</ele>
    </trkpt>
    <trkpt lat="-24.5341594" lon="133.244157">
      <ele>431.078</ele>
    </trkpt>
    <trkpt lat="-24.5341665" lon="133.2441553">
      <ele>431.002</ele>
    </trkpt>
    <trkpt lat="-24.5343364" lon="133.2441219">
      <ele>431.513</ele>
    </trkpt>
    <trkpt lat="-24.534765" lon="133.2440177">
      <ele>430.929</ele>
    </trkpt>
    <trkpt lat="-24.5351514" lon="133.2439241">
      <ele>430.873</ele>
    </trkpt>
    <trkpt lat="-24.5353191" lon="133.2438813">
      <ele>430.851</ele>
    </trkpt>
    <trkpt lat="-24.5356875" lon="133.2437862">
      <ele>430.0</ele>
    </trkpt>
    <trkpt lat="-24.5358738" lon="133.2437275">
      <ele>429.854</ele>
    </trkpt>
    <trkpt lat="-24.5360617" lon="133.2436597">
      <ele>429.178</ele>
    </trkpt>
    <trkpt lat="-24.5361638" lon="133.2436223">
      <ele>428.818</ele>
    </trkpt>
    <trkpt lat="-24.5364348" lon="133.2435041">
      <ele>428.284</ele>
    </trkpt>
    <trkpt lat="-24.5367154" lon="133.2433743">
      <ele>428.731</ele>
    </trkpt>
    <trkpt lat="-24.5371684" lon="133.243138">
      <ele>429.873</ele>
    </trkpt>
    <trkpt lat="-24.5374404" lon="133.2429673">
      <ele>428.883</ele>
    </trkpt>
    <trkpt lat="-24.5379745" lon="133.2426183">
      <ele>428.751</ele>
    </trkpt>
    <trkpt lat="-24.5380148" lon="133.2425913">
      <ele>428.904</ele>
    </trkpt>
    <trkpt lat="-24.5380851" lon="133.2425468">
      <ele>429.106</ele>
    </trkpt>
    <trkpt lat="-24.5381672" lon="133.2424906">
      <ele>429.442</ele>
    </trkpt>
    <trkpt lat="-24.538256" lon="133.2424242">
      <ele>429.874</ele>
    </trkpt>
    <trkpt lat="-24.5383166" lon="133.2423789">
      <ele>429.992</ele>
    </trkpt>
    <trkpt lat="-24.5387469" lon="133.2421103">
      <ele>432.086</ele>
    </trkpt>
    <trkpt lat="-24.5391791" lon="133.2418261">
      <ele>433.593</ele>
    </trkpt>
    <trkpt lat="-24.5393408" lon="133.2417217">
      <ele>433.701</ele>
    </trkpt>
    <trkpt lat="-24.539497" lon="133.2416168">
      <ele>433.976</ele>
    </trkpt>
    <trkpt lat="-24.5396867" lon="133.2414936">
      <ele>433.706</ele>
    </trkpt>
    <trkpt lat="-24.5398201" lon="133.2414094">
      <ele>433.448</ele>
    </trkpt>
    <trkpt lat="-24.5404182" lon="133.2410061">
      <ele>432.494</ele>
    </trkpt>
    <trkpt lat="-24.5406607" lon="133.24085">
      <ele>430.864</ele>
    </trkpt>
    <trkpt lat="-24.5410507" lon="133.2405924">
      <ele>429.867</ele>
    </trkpt>
    <trkpt lat="-24.5413351" lon="133.2404063">
      <ele>429.836</ele>
    </trkpt>
    <trkpt lat="-24.5417481" lon="133.2401349">
      <ele>430.293</ele>
    </trkpt>
    <trkpt lat="-24.5419572" lon="133.2399965">
      <ele>431.013</ele>
    </trkpt>
    <trkpt lat="-24.5420732" lon="133.2399203">
      <ele>431.287</ele>
    </trkpt>
    <trkpt lat="-24.5422275" lon="133.2398189">
      <ele>431.665</ele>
    </trkpt>
    <trkpt lat="-24.542355" lon="133.2397351">
      <ele>431.998</ele>
    </trkpt>
    <trkpt lat="-24.542553" lon="133.2396058">
      <ele>432.45</ele>
    </trkpt>
    <trkpt lat="-24.542625" lon="133.2395581">
      <ele>432.509</ele>
    </trkpt>
    <trkpt lat="-24.5427732" lon="133.2394604">
      <ele>432.072</ele>
    </trkpt>
    <trkpt lat="-24.5429583" lon="133.2393425">
      <ele>432.0</ele>
    </trkpt>
    <trkpt lat="-24.5430603" lon="133.2392792">
      <ele>431.99</ele>
    </trkpt>
    <trkpt lat="-24.5432592" lon="133.239157">
      <ele>431.258</ele>
    </trkpt>
    <trkpt lat="-24.5433296" lon="133.2391176">
      <ele>431.011</ele>
    </trkpt>
    <trkpt lat="-24.5434565" lon="133.2390445">
      <ele>429.918</ele>
    </trkpt>
    <trkpt lat="-24.5435545" lon="133.238993">
      <ele>428.91</ele>
    </trkpt>
    <trkpt lat="-24.5437191" lon="133.2389072">
      <ele>427.288</ele>
    </trkpt>
    <trkpt lat="-24.5437922" lon="133.2388712">
      <ele>426.655</ele>
    </trkpt>
    <trkpt lat="-24.5438832" lon="133.2388251">
      <ele>425.816</ele>
    </trkpt>
    <trkpt lat="-24.5439609" lon="133.2387876">
      <ele>425.8</ele>
    </trkpt>
    <trkpt lat="-24.5440603" lon="133.23874">
      <ele>425.75</ele>
    </trkpt>
    <trkpt lat="-24.544122" lon="133.238713">
      <ele>425.675</ele>
    </trkpt>
    <trkpt lat="-24.5443096" lon="133.2386308">
      <ele>426.098</ele>
    </trkpt>
    <trkpt lat="-24.5443561" lon="133.2386086">
      <ele>426.34</ele>
    </trkpt>
    <trkpt lat="-24.5444251" lon="133.2385799">
      <ele>426.531</ele>
    </trkpt>
    <trkpt lat="-24.5445108" lon="133.2385438">
      <ele>426.15</ele>
    </trkpt>
    <trkpt lat="-24.5446154" lon="133.2385024">
      <ele>425.692</ele>
    </trkpt>
    <trkpt lat="-24.5447233" lon="133.2384611">
      <ele>425.454</ele>
    </trkpt>
    <trkpt lat="-24.5449873" lon="133.2383677">
      <ele>424.051</ele>
    </trkpt>
    <trkpt lat="-24.5451238" lon="133.2383221">
      <ele>423.554</ele>
    </trkpt>
    <trkpt lat="-24.5452199" lon="133.2382858">
      <ele>423.208</ele>
    </trkpt>
    <trkpt lat="-24.5454147" lon="133.2382304">
      <ele>422.69</ele>
    </trkpt>
    <trkpt lat="-24.5456008" lon="133.238185">
      <ele>422.697</ele>
    </trkpt>
    <trkpt lat="-24.5456908" lon="133.2381737">
      <ele>423.062</ele>
    </trkpt>
    <trkpt lat="-24.5457746" lon="133.2381625">
      <ele>423.404</ele>
    </trkpt>
    <trkpt lat="-24.5458515" lon="133.2381537">
      <ele>423.735</ele>
    </trkpt>
    <trkpt lat="-24.5459159" lon="133.2381235">
      <ele>424.125</ele>
    </trkpt>
    <trkpt lat="-24.5459655" lon="133.2381062">
      <ele>424.38</ele>
    </trkpt>
    <trkpt lat="-24.5460429" lon="133.2380805">
      <ele>424.732</ele>
    </trkpt>
    <trkpt lat="-24.5461154" lon="133.2380601">
      <ele>425.015</ele>
    </trkpt>
    <trkpt lat="-24.5461832" lon="133.238045">
      <ele>425.25</ele>
    </trkpt>
    <trkpt lat="-24.5463275" lon="133.2380103">
      <ele>425.652</ele>
    </trkpt>
    <trkpt lat="-24.5464648" lon="133.2379883">
      <ele>425.485</ele>
    </trkpt>
    <trkpt lat="-24.5466265" lon="133.2379653">
      <ele>424.82</ele>
    </trkpt>
    <trkpt lat="-24.5468728" lon="133.2379321">
      <ele>424.143</ele>
    </trkpt>
    <trkpt lat="-24.5470246" lon="133.2379053">
      <ele>424.156</ele>
    </trkpt>
    <trkpt lat="-24.5473129" lon="133.2378867">
      <ele>424.409</ele>
    </trkpt>
    <trkpt lat="-24.5476012" lon="133.2378745">
      <ele>424.0</ele>
    </trkpt>
    <trkpt lat="-24.5478929" lon="133.2378697">
      <ele>423.448</ele>
    </trkpt>
    <trkpt lat="-24.548192" lon="133.237876">
      <ele>421.49</ele>
    </trkpt>
    <trkpt lat="-24.5483882" lon="133.2378812">
      <ele>420.205</ele>
    </trkpt>
    <trkpt lat="-24.5485169" lon="133.2378911">
      <ele>420.062</ele>
    </trkpt>
    <trkpt lat="-24.548789" lon="133.2379075">
      <ele>420.299</ele>
    </trkpt>
    <trkpt lat="-24.5489648" lon="133.2379192">
      <ele>420.648</ele>
    </trkpt>
    <trkpt lat="-24.5492889" lon="133.2379706">
      <ele>421.963</ele>
    </trkpt>
    <trkpt lat="-24.5497096" lon="133.2380466">
      <ele>423.984</ele>
    </trkpt>
    <trkpt lat="-24.5500192" lon="133.2381103">
      <ele>422.564</ele>
    </trkpt>
    <trkpt lat="-24.5500877" lon="133.2381244">
      <ele>422.345</ele>
    </trkpt>
    <trkpt lat="-24.5503595" lon="133.2381909">
      <ele>422.143</ele>
    </trkpt>
    <trkpt lat="-24.5507222" lon="133.2382638">
      <ele>422.3</ele>
    </trkpt>
    <trkpt lat="-24.5507248" lon="133.2382644">
      <ele>422.294</ele>
    </trkpt>
    <trkpt lat="-24.5508981" lon="133.238305">
      <ele>421.791</ele>
    </trkpt>
    <trkpt lat="-24.5509007" lon="133.2383056">
      <ele>421.782</ele>
    </trkpt>
    <trkpt lat="-24.5510765" lon="133.2383471">
      <ele>421.125</ele>
    </trkpt>
    <trkpt lat="-24.5514689" lon="133.2384397">
      <ele>420.617</ele>
    </trkpt>
    <trkpt lat="-24.5516018" lon="133.2384754">
      <ele>420.489</ele>
    </trkpt>
    <trkpt lat="-24.5523058" lon="133.2386327">
      <ele>418.433</ele>
    </trkpt>
    <trkpt lat="-24.5523936" lon="133.2386531">
      <ele>418.826</ele>
    </trkpt>
    <trkpt lat="-24.5524842" lon="133.2386745">
      <ele>419.184</ele>
    </trkpt>
    <trkpt lat="-24.55266" lon="133.238716">
      <ele>419.378</ele>
    </trkpt>
    <trkpt lat="-24.5528321" lon="133.2387566">
      <ele>419.524</ele>
    </trkpt>
    <trkpt lat="-24.5528359" lon="133.2387574">
      <ele>419.527</ele>
    </trkpt>
    <trkpt lat="-24.5530122" lon="133.2387963">
      <ele>419.667</ele>
    </trkpt>
    <trkpt lat="-24.5530497" lon="133.2388046">
      <ele>419.697</ele>
    </trkpt>
    <trkpt lat="-24.5533623" lon="133.2388795">
      <ele>419.896</ele>
    </trkpt>
    <trkpt lat="-24.5536865" lon="133.2389533">
      <ele>419.271</ele>
    </trkpt>
    <trkpt lat="-24.5540667" lon="133.2390365">
      <ele>421.28</ele>
    </trkpt>
    <trkpt lat="-24.5542438" lon="133.2390773">
      <ele>422.466</ele>
    </trkpt>
    <trkpt lat="-24.5544211" lon="133.2391211">
      <ele>423.682</ele>
    </trkpt>
    <trkpt lat="-24.5545964" lon="133.2391618">
      <ele>423.982</ele>
    </trkpt>
    <trkpt lat="-24.5547719" lon="133.2392025">
      <ele>423.821</ele>
    </trkpt>
    <trkpt lat="-24.5551442" lon="133.2392771">
      <ele>423.832</ele>
    </trkpt>
    <trkpt lat="-24.5556296" lon="133.239388">
      <ele>426.267</ele>
    </trkpt>
    <trkpt lat="-24.5559962" lon="133.2394719">
      <ele>427.586</ele>
    </trkpt>
    <trkpt lat="-24.5567698" lon="133.2396523">
      <ele>428.933</ele>
    </trkpt>
    <trkpt lat="-24.5570818" lon="133.239715">
      <ele>429.922</ele>
    </trkpt>
    <trkpt lat="-24.5572381" lon="133.2397516">
      <ele>430.043</ele>
    </trkpt>
    <trkpt lat="-24.5574142" lon="133.239792">
      <ele>429.386</ele>
    </trkpt>
    <trkpt lat="-24.5576177" lon="133.2398439">
      <ele>428.762</ele>
    </trkpt>
    <trkpt lat="-24.5581171" lon="133.2399625">
      <ele>428.895</ele>
    </trkpt>
    <trkpt lat="-24.5581189" lon="133.239963">
      <ele>428.897</ele>
    </trkpt>
    <trkpt lat="-24.5582945" lon="133.2400056">
      <ele>429.02</ele>
    </trkpt>
    <trkpt lat="-24.5584663" lon="133.2400471">
      <ele>429.088</ele>
    </trkpt>
    <trkpt lat="-24.5584702" lon="133.240048">
      <ele>429.088</ele>
    </trkpt>
    <trkpt lat="-24.5591005" lon="133.2401931">
      <ele>429.232</ele>
    </trkpt>
    <trkpt lat="-24.5593511" lon="133.2402357">
      <ele>429.151</ele>
    </trkpt>
    <trkpt lat="-24.5597054" lon="133.2403296">
      <ele>428.072</ele>
    </trkpt>
    <trkpt lat="-24.5601953" lon="133.2404401">
      <ele>428.287</ele>
    </trkpt>
    <trkpt lat="-24.5604105" lon="133.2404882">
      <ele>428.758</ele>
    </trkpt>
    <trkpt lat="-24.5605984" lon="133.2405293">
      <ele>428.751</ele>
    </trkpt>
    <trkpt lat="-24.5607587" lon="133.2405616">
      <ele>428.29</ele>
    </trkpt>
    <trkpt lat="-24.5609996" lon="133.2406173">
      <ele>428.222</ele>
    </trkpt>
    <trkpt lat="-24.561439" lon="133.2407153">
      <ele>428.575</ele>
    </trkpt>
    <trkpt lat="-24.5616412" lon="133.240759">
      <ele>428.732</ele>
    </trkpt>
    <trkpt lat="-24.5620403" lon="133.2408468">
      <ele>428.0</ele>
    </trkpt>
    <trkpt lat="-24.5626194" lon="133.240977">
      <ele>429.725</ele>
    </trkpt>
    <trkpt lat="-24.5630603" lon="133.2410738">
      <ele>430.002</ele>
    </trkpt>
    <trkpt lat="-24.563139" lon="133.241083">
      <ele>430.03</ele>
    </trkpt>
    <trkpt lat="-24.5634423" lon="133.2411514">
      <ele>430.392</ele>
    </trkpt>
    <trkpt lat="-24.5638377" lon="133.2412103">
      <ele>432.34</ele>
    </trkpt>
    <trkpt lat="-24.5639202" lon="133.2412187">
      <ele>432.613</ele>
    </trkpt>
    <trkpt lat="-24.5639402" lon="133.2412205">
      <ele>432.606</ele>
    </trkpt>
    <trkpt lat="-24.564058" lon="133.2412312">
      <ele>432.568</ele>
    </trkpt>
    <trkpt lat="-24.5641196" lon="133.2412338">
      <ele>432.558</ele>
    </trkpt>
    <trkpt lat="-24.5643002" lon="133.2412521">
      <ele>431.531</ele>
    </trkpt>
    <trkpt lat="-24.564672" lon="133.2412607">
      <ele>430.083</ele>
    </trkpt>
    <trkpt lat="-24.5649205" lon="133.2412606">
      <ele>430.384</ele>
    </trkpt>
    <trkpt lat="-24.5650834" lon="133.241252">
      <ele>430.207</ele>
    </trkpt>
    <trkpt lat="-24.5653777" lon="133.2412331">
      <ele>429.079</ele>
    </trkpt>
    <trkpt lat="-24.5654319" lon="133.2412285">
      <ele>428.868</ele>
    </trkpt>
    <trkpt lat="-24.565617" lon="133.2412172">
      <ele>428.519</ele>
    </trkpt>
    <trkpt lat="-24.5659496" lon="133.2411852">
      <ele>428.693</ele>
    </trkpt>
    <trkpt lat="-24.5664438" lon="133.2411465">
      <ele>428.025</ele>
    </trkpt>
    <trkpt lat="-24.5669953" lon="133.2411001">
      <ele>427.73</ele>
    </trkpt>
    <trkpt lat="-24.5674049" lon="133.2410656">
      <ele>425.409</ele>
    </trkpt>
    <trkpt lat="-24.5680584" lon="133.2410095">
      <ele>427.0</ele>
    </trkpt>
    <trkpt lat="-24.5688439" lon="133.2409413">
      <ele>423.511</ele>
    </trkpt>
    <trkpt lat="-24.5688747" lon="133.2409388">
      <ele>423.331</ele>
    </trkpt>
    <trkpt lat="-24.5693162" lon="133.2408858">
      <ele>426.091</ele>
    </trkpt>
    <trkpt lat="-24.5694635" lon="133.2408593">
      <ele>427.286</ele>
    </trkpt>
    <trkpt lat="-24.5697253" lon="133.2408086">
      <ele>429.911</ele>
    </trkpt>
    <trkpt lat="-24.5699327" lon="133.2407578">
      <ele>429.728</ele>
    </trkpt>
    <trkpt lat="-24.5704753" lon="133.2405935">
      <ele>427.386</ele>
    </trkpt>
    <trkpt lat="-24.5707236" lon="133.2405004">
      <ele>428.893</ele>
    </trkpt>
    <trkpt lat="-24.5711498" lon="133.2403084">
      <ele>430.0</ele>
    </trkpt>
    <trkpt lat="-24.5715998" lon="133.2400695">
      <ele>429.81</ele>
    </trkpt>
    <trkpt lat="-24.5717816" lon="133.2399571">
      <ele>430.723</ele>
    </trkpt>
    <trkpt lat="-24.5719998" lon="133.2398115">
      <ele>432.421</ele>
    </trkpt>
    <trkpt lat="-24.5721353" lon="133.2397211">
      <ele>433.0</ele>
    </trkpt>
    <trkpt lat="-24.5721526" lon="133.2397073">
      <ele>433.0</ele>
    </trkpt>
    <trkpt lat="-24.5722982" lon="133.2395913">
      <ele>432.855</ele>
    </trkpt>
    <trkpt lat="-24.5725692" lon="133.2393755">
      <ele>432.315</ele>
    </trkpt>
    <trkpt lat="-24.5727865" lon="133.2391871">
      <ele>430.969</ele>
    </trkpt>
    <trkpt lat="-24.5744123" lon="133.2377489">
      <ele>428.78</ele>
    </trkpt>
    <trkpt lat="-24.5745525" lon="133.2376249">
      <ele>427.886</ele>
    </trkpt>
    <trkpt lat="-24.5759941" lon="133.2363496">
      <ele>428.141</ele>
    </trkpt>
    <trkpt lat="-24.5769605" lon="133.2354977">
      <ele>428.163</ele>
    </trkpt>
    <trkpt lat="-24.5774697" lon="133.2350385">
      <ele>429.861</ele>
    </trkpt>
    <trkpt lat="-24.577653" lon="133.2348667">
      <ele>429.449</ele>
    </trkpt>
    <trkpt lat="-24.5777624" lon="133.234756">
      <ele>429.055</ele>
    </trkpt>
    <trkpt lat="-24.5780719" lon="133.2344286">
      <ele>428.057</ele>
    </trkpt>
    <trkpt lat="-24.5782877" lon="133.2341782">
      <ele>428.958</ele>
    </trkpt>
    <trkpt lat="-24.5784246" lon="133.2339998">
      <ele>429.0</ele>
    </trkpt>
    <trkpt lat="-24.5786389" lon="133.2337143">
      <ele>429.1</ele>
    </trkpt>
    <trkpt lat="-24.5789195" lon="133.2333035">
      <ele>428.904</ele>
    </trkpt>
    <trkpt lat="-24.5794396" lon="133.2324975">
      <ele>427.017</ele>
    </trkpt>
    <trkpt lat="-24.5798925" lon="133.231799">
      <ele>428.203</ele>
    </trkpt>
    <trkpt lat="-24.5802105" lon="133.2313085">
      <ele>426.704</ele>
    </trkpt>
    <trkpt lat="-24.5805923" lon="133.2307235">
      <ele>429.735</ele>
    </trkpt>
    <trkpt lat="-24.5808587" lon="133.2303258">
      <ele>426.239</ele>
    </trkpt>
    <trkpt lat="-24.5809718" lon="133.2301687">
      <ele>425.894</ele>
    </trkpt>
    <trkpt lat="-24.5811868" lon="133.2298798">
      <ele>426.433</ele>
    </trkpt>
    <trkpt lat="-24.581413" lon="133.2296041">
      <ele>427.475</ele>
    </trkpt>
    <trkpt lat="-24.5816415" lon="133.2293455">
      <ele>428.356</ele>
    </trkpt>
    <trkpt lat="-24.581791" lon="133.2291908">
      <ele>428.057</ele>
    </trkpt>
    <trkpt lat="-24.5822089" lon="133.2287939">
      <ele>425.706</ele>
    </trkpt>
    <trkpt lat="-24.5824838" lon="133.2285631">
      <ele>425.942</ele>
    </trkpt>
    <trkpt lat="-24.5827574" lon="133.2283494">
      <ele>426.107</ele>
    </trkpt>
    <trkpt lat="-24.5831052" lon="133.2280992">
      <ele>424.978</ele>
    </trkpt>
    <trkpt lat="-24.5832464" lon="133.2280104">
      <ele>424.476</ele>
    </trkpt>
    <trkpt lat="-24.5834026" lon="133.2279122">
      <ele>424.637</ele>
    </trkpt>
    <trkpt lat="-24.583512" lon="133.2278434">
      <ele>424.916</ele>
    </trkpt>
    <trkpt lat="-24.5837947" lon="133.2276811">
      <ele>426.67</ele>
    </trkpt>
    <trkpt lat="-24.5842717" lon="133.2274453">
      <ele>427.803</ele>
    </trkpt>
    <trkpt lat="-24.5845213" lon="133.2273359">
      <ele>427.573</ele>
    </trkpt>
    <trkpt lat="-24.5850211" lon="133.2271501">
      <ele>427.944</ele>
    </trkpt>
    <trkpt lat="-24.5854955" lon="133.2270036">
      <ele>427.003</ele>
    </trkpt>
    <trkpt lat="-24.585574" lon="133.2269804">
      <ele>426.928</ele>
    </trkpt>
    <trkpt lat="-24.5857477" lon="133.2269291">
      <ele>427.671</ele>
    </trkpt>
    <trkpt lat="-24.5860951" lon="133.2268263">
      <ele>427.575</ele>
    </trkpt>
    <trkpt lat="-24.5862688" lon="133.2267749">
      <ele>427.39</ele>
    </trkpt>
    <trkpt lat="-24.5864424" lon="133.2267236">
      <ele>427.165</ele>
    </trkpt>
    <trkpt lat="-24.5869635" lon="133.2265695">
      <ele>427.0</ele>
    </trkpt>
    <trkpt lat="-24.5898105" lon="133.2257275">
      <ele>428.699</ele>
    </trkpt>
    <trkpt lat="-24.5900908" lon="133.2256482">
      <ele>429.449</ele>
    </trkpt>
    <trkpt lat="-24.5909024" lon="133.2254062">
      <ele>429.671</ele>
    </trkpt>
    <trkpt lat="-24.591112" lon="133.2253417">
      <ele>430.54</ele>
    </trkpt>
    <trkpt lat="-24.5916974" lon="133.2251668">
      <ele>431.889</ele>
    </trkpt>
    <trkpt lat="-24.5919271" lon="133.2250988">
      <ele>431.062</ele>
    </trkpt>
    <trkpt lat="-24.5943128" lon="133.224397">
      <ele>432.133</ele>
    </trkpt>
    <trkpt lat="-24.5946284" lon="133.224303">
      <ele>433.662</ele>
    </trkpt>
    <trkpt lat="-24.5954781" lon="133.2240498">
      <ele>434.3</ele>
    </trkpt>
    <trkpt lat="-24.5965378" lon="133.223733">
      <ele>438.066</ele>
    </trkpt>
    <trkpt lat="-24.5969394" lon="133.223613">
      <ele>438.011</ele>
    </trkpt>
    <trkpt lat="-24.5975796" lon="133.2234233">
      <ele>438.128</ele>
    </trkpt>
    <trkpt lat="-24.5977533" lon="133.2233719">
      <ele>438.975</ele>
    </trkpt>
    <trkpt lat="-24.597927" lon="133.2233205">
      <ele>438.979</ele>
    </trkpt>
    <trkpt lat="-24.5981007" lon="133.2232691">
      <ele>438.962</ele>
    </trkpt>
    <trkpt lat="-24.5982743" lon="133.2232176">
      <ele>438.672</ele>
    </trkpt>
    <trkpt lat="-24.598448" lon="133.2231661">
      <ele>438.234</ele>
    </trkpt>
    <trkpt lat="-24.6014004" lon="133.2222914">
      <ele>440.72</ele>
    </trkpt>
    <trkpt lat="-24.6015741" lon="133.22224">
      <ele>440.312</ele>
    </trkpt>
    <trkpt lat="-24.6019215" lon="133.2221371">
      <ele>441.273</ele>
    </trkpt>
    <trkpt lat="-24.6020951" lon="133.2220856">
      <ele>440.741</ele>
    </trkpt>
    <trkpt lat="-24.6022688" lon="133.2220341">
      <ele>440.209</ele>
    </trkpt>
    <trkpt lat="-24.6034862" lon="133.2216735">
      <ele>440.376</ele>
    </trkpt>
    <trkpt lat="-24.6038319" lon="133.2215712">
      <ele>440.209</ele>
    </trkpt>
    <trkpt lat="-24.6054273" lon="133.2210978">
      <ele>439.051</ele>
    </trkpt>
    <trkpt lat="-24.6069662" lon="133.220651">
      <ele>436.605</ele>
    </trkpt>
    <trkpt lat="-24.608212" lon="133.2202807">
      <ele>436.001</ele>
    </trkpt>
    <trkpt lat="-24.6095456" lon="133.2198875">
      <ele>435.378</ele>
    </trkpt>
    <trkpt lat="-24.6102222" lon="133.2196848">
      <ele>434.892</ele>
    </trkpt>
    <trkpt lat="-24.6102965" lon="133.2196629">
      <ele>434.786</ele>
    </trkpt>
    <trkpt lat="-24.6109915" lon="133.219458">
      <ele>433.049</ele>
    </trkpt>
    <trkpt lat="-24.6111652" lon="133.2194068">
      <ele>433.0</ele>
    </trkpt>
    <trkpt lat="-24.6116216" lon="133.2192723">
      <ele>433.319</ele>
    </trkpt>
    <trkpt lat="-24.6118599" lon="133.2192008">
      <ele>433.733</ele>
    </trkpt>
    <trkpt lat="-24.6122609" lon="133.2190805">
      <ele>433.733</ele>
    </trkpt>
    <trkpt lat="-24.6135703" lon="133.2186921">
      <ele>437.604</ele>
    </trkpt>
    <trkpt lat="-24.6154993" lon="133.2181203">
      <ele>435.892</ele>
    </trkpt>
    <trkpt lat="-24.61568" lon="133.218066">
      <ele>436.465</ele>
    </trkpt>
    <trkpt lat="-24.6162022" lon="133.2179092">
      <ele>435.946</ele>
    </trkpt>
    <trkpt lat="-24.6177049" lon="133.2174624">
      <ele>433.498</ele>
    </trkpt>
    <trkpt lat="-24.6182811" lon="133.2172848">
      <ele>434.958</ele>
    </trkpt>
    <trkpt lat="-24.6182826" lon="133.2172843">
      <ele>434.959</ele>
    </trkpt>
    <trkpt lat="-24.6184547" lon="133.2172332">
      <ele>435.437</ele>
    </trkpt>
    <trkpt lat="-24.6184563" lon="133.2172327">
      <ele>435.443</ele>
    </trkpt>
    <trkpt lat="-24.6194858" lon="133.2169396">
      <ele>437.003</ele>
    </trkpt>
    <trkpt lat="-24.6206146" lon="133.2166052">
      <ele>436.387</ele>
    </trkpt>
    <trkpt lat="-24.6215997" lon="133.216315">
      <ele>437.468</ele>
    </trkpt>
    <trkpt lat="-24.6226069" lon="133.2160156">
      <ele>439.656</ele>
    </trkpt>
    <trkpt lat="-24.6240098" lon="133.2155967">
      <ele>440.667</ele>
    </trkpt>
    <trkpt lat="-24.624319" lon="133.2155062">
      <ele>441.468</ele>
    </trkpt>
    <trkpt lat="-24.6249397" lon="133.2153241">
      <ele>444.616</ele>
    </trkpt>
    <trkpt lat="-24.6252324" lon="133.2152376">
      <ele>443.448</ele>
    </trkpt>
    <trkpt lat="-24.6255798" lon="133.2151348">
      <ele>442.515</ele>
    </trkpt>
    <trkpt lat="-24.6262084" lon="133.2149489">
      <ele>442.0</ele>
    </trkpt>
    <trkpt lat="-24.6268454" lon="133.2147571">
      <ele>442.895</ele>
    </trkpt>
    <trkpt lat="-24.6274672" lon="133.2145714">
      <ele>440.371</ele>
    </trkpt>
    <trkpt lat="-24.6287016" lon="133.2141976">
      <ele>440.563</ele>
    </trkpt>
    <trkpt lat="-24.6287031" lon="133.2141972">
      <ele>440.559</ele>
    </trkpt>
    <trkpt lat="-24.6288718" lon="133.2141516">
      <ele>440.112</ele>
    </trkpt>
    <trkpt lat="-24.6288778" lon="133.2141498">
      <ele>440.098</ele>
    </trkpt>
    <trkpt lat="-24.6299234" lon="133.2138392">
      <ele>440.823</ele>
    </trkpt>
    <trkpt lat="-24.6309749" lon="133.2135304">
      <ele>442.362</ele>
    </trkpt>
    <trkpt lat="-24.6316571" lon="133.2133287">
      <ele>443.0</ele>
    </trkpt>
    <trkpt lat="-24.6320507" lon="133.2132278">
      <ele>444.383</ele>
    </trkpt>
    <trkpt lat="-24.6327954" lon="133.213085">
      <ele>446.0</ele>
    </trkpt>
    <trkpt lat="-24.6333347" lon="133.2129991">
      <ele>444.792</ele>
    </trkpt>
    <trkpt lat="-24.6342072" lon="133.212933">
      <ele>442.769</ele>
    </trkpt>
    <trkpt lat="-24.6357494" lon="133.2128408">
      <ele>441.91</ele>
    </trkpt>
    <trkpt lat="-24.6373648" lon="133.2127387">
      <ele>448.304</ele>
    </trkpt>
    <trkpt lat="-24.6375444" lon="133.2127281">
      <ele>448.718</ele>
    </trkpt>
    <trkpt lat="-24.637724" lon="133.2127174">
      <ele>448.327</ele>
    </trkpt>
    <trkpt lat="-24.6398167" lon="133.2125984">
      <ele>447.12</ele>
    </trkpt>
    <trkpt lat="-24.640823" lon="133.2125368">
      <ele>445.132</ele>
    </trkpt>
    <trkpt lat="-24.6419231" lon="133.2124681">
      <ele>448.192</ele>
    </trkpt>
    <trkpt lat="-24.6425767" lon="133.2123867">
      <ele>447.408</ele>
    </trkpt>
    <trkpt lat="-24.6430418" lon="133.2122974">
      <ele>448.68</ele>
    </trkpt>
    <trkpt lat="-24.6436087" lon="133.2121895">
      <ele>449.118</ele>
    </trkpt>
    <trkpt lat="-24.6441543" lon="133.2120468">
      <ele>449.028</ele>
    </trkpt>
    <trkpt lat="-24.6447078" lon="133.2118726">
      <ele>447.548</ele>
    </trkpt>
    <trkpt lat="-24.6456276" lon="133.2115269">
      <ele>447.994</ele>
    </trkpt>
    <trkpt lat="-24.6461191" lon="133.2113079">
      <ele>447.758</ele>
    </trkpt>
    <trkpt lat="-24.6473827" lon="133.2107888">
      <ele>452.068</ele>
    </trkpt>
    <trkpt lat="-24.6505889" lon="133.209439">
      <ele>450.02</ele>
    </trkpt>
    <trkpt lat="-24.6507076" lon="133.209389">
      <ele>450.2</ele>
    </trkpt>
    <trkpt lat="-24.6518344" lon="133.2089219">
      <ele>455.532</ele>
    </trkpt>
    <trkpt lat="-24.6531266" lon="133.2083828">
      <ele>456.0</ele>
    </trkpt>
    <trkpt lat="-24.6539575" lon="133.2080315">
      <ele>459.0</ele>
    </trkpt>
    <trkpt lat="-24.6545022" lon="133.2077969">
      <ele>456.515</ele>
    </trkpt>
    <trkpt lat="-24.6546224" lon="133.2077471">
      <ele>455.829</ele>
    </trkpt>
    <trkpt lat="-24.6550034" lon="133.2075892">
      <ele>455.699</ele>
    </trkpt>
    <trkpt lat="-24.6555098" lon="133.2073804">
      <ele>458.36</ele>
    </trkpt>
    <trkpt lat="-24.6566706" lon="133.2068864">
      <ele>457.989</ele>
    </trkpt>
    <trkpt lat="-24.6576364" lon="133.2064862">
      <ele>457.822</ele>
    </trkpt>
    <trkpt lat="-24.6586554" lon="133.2060537">
      <ele>456.207</ele>
    </trkpt>
    <trkpt lat="-24.6592696" lon="133.2058041">
      <ele>459.542</ele>
    </trkpt>
    <trkpt lat="-24.6596393" lon="133.2056491">
      <ele>460.427</ele>
    </trkpt>
    <trkpt lat="-24.6603475" lon="133.2053459">
      <ele>458.131</ele>
    </trkpt>
    <trkpt lat="-24.6621216" lon="133.2046049">
      <ele>458.269</ele>
    </trkpt>
    <trkpt lat="-24.6625453" lon="133.2044279">
      <ele>459.793</ele>
    </trkpt>
    <trkpt lat="-24.6629244" lon="133.2042678">
      <ele>457.88</ele>
    </trkpt>
    <trkpt lat="-24.6629376" lon="133.2042621">
      <ele>457.784</ele>
    </trkpt>
    <trkpt lat="-24.663105" lon="133.2041897">
      <ele>457.066</ele>
    </trkpt>
    <trkpt lat="-24.6634669" lon="133.2040332">
      <ele>459.692</ele>
    </trkpt>
    <trkpt lat="-24.6638364" lon="133.2038605">
      <ele>460.898</ele>
    </trkpt>
    <trkpt lat="-24.6641695" lon="133.2036828">
      <ele>460.248</ele>
    </trkpt>
    <trkpt lat="-24.6644529" lon="133.2035178">
      <ele>458.674</ele>
    </trkpt>
    <trkpt lat="-24.6646635" lon="133.2033717">
      <ele>458.818</ele>
    </trkpt>
    <trkpt lat="-24.6648835" lon="133.2032198">
      <ele>458.526</ele>
    </trkpt>
    <trkpt lat="-24.6650017" lon="133.2031315">
      <ele>457.823</ele>
    </trkpt>
    <trkpt lat="-24.6653954" lon="133.2028148">
      <ele>454.844</ele>
    </trkpt>
    <trkpt lat="-24.6656807" lon="133.202562">
      <ele>456.352</ele>
    </trkpt>
    <trkpt lat="-24.6660719" lon="133.20218">
      <ele>458.859</ele>
    </trkpt>
    <trkpt lat="-24.6662723" lon="133.2019672">
      <ele>457.839</ele>
    </trkpt>
    <trkpt lat="-24.6666405" lon="133.201574">
      <ele>456.188</ele>
    </trkpt>
    <trkpt lat="-24.6670062" lon="133.2011877">
      <ele>455.061</ele>
    </trkpt>
    <trkpt lat="-24.6672615" lon="133.2009202">
      <ele>455.731</ele>
    </trkpt>
    <trkpt lat="-24.6675684" lon="133.2005922">
      <ele>455.968</ele>
    </trkpt>
    <trkpt lat="-24.6678188" lon="133.2003278">
      <ele>456.148</ele>
    </trkpt>
    <trkpt lat="-24.6679807" lon="133.2001568">
      <ele>456.613</ele>
    </trkpt>
    <trkpt lat="-24.6681166" lon="133.199987">
      <ele>456.717</ele>
    </trkpt>
    <trkpt lat="-24.6682978" lon="133.1998162">
      <ele>456.536</ele>
    </trkpt>
    <trkpt lat="-24.6685754" lon="133.1995192">
      <ele>455.894</ele>
    </trkpt>
    <trkpt lat="-24.6689966" lon="133.1990655">
      <ele>453.366</ele>
    </trkpt>
    <trkpt lat="-24.6695442" lon="133.1984995">
      <ele>456.522</ele>
    </trkpt>
    <trkpt lat="-24.6700962" lon="133.1979251">
      <ele>459.654</ele>
    </trkpt>
    <trkpt lat="-24.6703323" lon="133.1976688">
      <ele>457.704</ele>
    </trkpt>
    <trkpt lat="-24.6705288" lon="133.1974426">
      <ele>454.779</ele>
    </trkpt>
    <trkpt lat="-24.6706826" lon="133.1972811">
      <ele>452.87</ele>
    </trkpt>
    <trkpt lat="-24.6708977" lon="133.1970438">
      <ele>452.149</ele>
    </trkpt>
    <trkpt lat="-24.6711982" lon="133.1967397">
      <ele>453.82</ele>
    </trkpt>
    <trkpt lat="-24.671532" lon="133.1963822">
      <ele>452.958</ele>
    </trkpt>
    <trkpt lat="-24.6716995" lon="133.1962048">
      <ele>452.078</ele>
    </trkpt>
    <trkpt lat="-24.672091" lon="133.1957902">
      <ele>454.528</ele>
    </trkpt>
    <trkpt lat="-24.6722172" lon="133.1956549">
      <ele>454.982</ele>
    </trkpt>
    <trkpt lat="-24.6724618" lon="133.1953928">
      <ele>454.414</ele>
    </trkpt>
    <trkpt lat="-24.6727706" lon="133.1950606">
      <ele>452.244</ele>
    </trkpt>
    <trkpt lat="-24.6728618" lon="133.1949649">
      <ele>451.307</ele>
    </trkpt>
    <trkpt lat="-24.673253" lon="133.1945543">
      <ele>450.711</ele>
    </trkpt>
    <trkpt lat="-24.6733841" lon="133.1944187">
      <ele>451.09</ele>
    </trkpt>
    <trkpt lat="-24.6744158" lon="133.1933165">
      <ele>447.049</ele>
    </trkpt>
    <trkpt lat="-24.6745118" lon="133.1932238">
      <ele>446.944</ele>
    </trkpt>
    <trkpt lat="-24.6748373" lon="133.192912">
      <ele>448.829</ele>
    </trkpt>
    <trkpt lat="-24.6752674" lon="133.1925595">
      <ele>449.214</ele>
    </trkpt>
    <trkpt lat="-24.675768" lon="133.1922032">
      <ele>447.151</ele>
    </trkpt>
    <trkpt lat="-24.6761128" lon="133.1919829">
      <ele>447.006</ele>
    </trkpt>
    <trkpt lat="-24.6766361" lon="133.1917062">
      <ele>447.204</ele>
    </trkpt>
    <trkpt lat="-24.6771313" lon="133.1914745">
      <ele>445.516</ele>
    </trkpt>
    <trkpt lat="-24.6775103" lon="133.1913312">
      <ele>445.859</ele>
    </trkpt>
    <trkpt lat="-24.6776359" lon="133.1912918">
      <ele>446.458</ele>
    </trkpt>
    <trkpt lat="-24.6779404" lon="133.1911964">
      <ele>447.605</ele>
    </trkpt>
    <trkpt lat="-24.678419" lon="133.1910686">
      <ele>448.433</ele>
    </trkpt>
    <trkpt lat="-24.6787112" lon="133.1910166">
      <ele>447.897</ele>
    </trkpt>
    <trkpt lat="-24.6791426" lon="133.190952">
      <ele>447.464</ele>
    </trkpt>
    <trkpt lat="-24.6796058" lon="133.1909141">
      <ele>449.453</ele>
    </trkpt>
    <trkpt lat="-24.6799389" lon="133.1909008">
      <ele>449.652</ele>
    </trkpt>
    <trkpt lat="-24.6808297" lon="133.1909165">
      <ele>448.586</ele>
    </trkpt>
    <trkpt lat="-24.6819257" lon="133.1909285">
      <ele>450.613</ele>
    </trkpt>
    <trkpt lat="-24.6824166" lon="133.1909363">
      <ele>449.67</ele>
    </trkpt>
    <trkpt lat="-24.6826316" lon="133.1909397">
      <ele>448.579</ele>
    </trkpt>
    <trkpt lat="-24.6832072" lon="133.1909524">
      <ele>447.143</ele>
    </trkpt>
    <trkpt lat="-24.6840966" lon="133.1909664">
      <ele>445.515</ele>
    </trkpt>
    <trkpt lat="-24.68481" lon="133.1909805">
      <ele>444.457</ele>
    </trkpt>
    <trkpt lat="-24.6849343" lon="133.1909835">
      <ele>443.743</ele>
    </trkpt>
    <trkpt lat="-24.6853422" lon="133.1909931">
      <ele>440.944</ele>
    </trkpt>
    <trkpt lat="-24.6860964" lon="133.19101">
      <ele>440.966</ele>
    </trkpt>
    <trkpt lat="-24.6868914" lon="133.1910226">
      <ele>443.293</ele>
    </trkpt>
    <trkpt lat="-24.6876022" lon="133.1910338">
      <ele>442.734</ele>
    </trkpt>
    <trkpt lat="-24.6878117" lon="133.1910364">
      <ele>442.18</ele>
    </trkpt>
    <trkpt lat="-24.6879916" lon="133.1910386">
      <ele>441.692</ele>
    </trkpt>
    <trkpt lat="-24.6884049" lon="133.1910437">
      <ele>441.937</ele>
    </trkpt>
    <trkpt lat="-24.6913131" lon="133.191097">
      <ele>437.583</ele>
    </trkpt>
    <trkpt lat="-24.6935664" lon="133.1911504">
      <ele>432.881</ele>
    </trkpt>
    <trkpt lat="-24.6937462" lon="133.1911547">
      <ele>432.843</ele>
    </trkpt>
    <trkpt lat="-24.6938084" lon="133.1911561">
      <ele>432.838</ele>
    </trkpt>
    <trkpt lat="-24.6945671" lon="133.191156">
      <ele>432.63</ele>
    </trkpt>
    <trkpt lat="-24.6954412" lon="133.1911644">
      <ele>435.235</ele>
    </trkpt>
    <trkpt lat="-24.6961557" lon="133.1911799">
      <ele>435.895</ele>
    </trkpt>
    <trkpt lat="-24.6966713" lon="133.1911911">
      <ele>433.593</ele>
    </trkpt>
    <trkpt lat="-24.6974216" lon="133.1912052">
      <ele>433.135</ele>
    </trkpt>
    <trkpt lat="-24.6979205" lon="133.1912108">
      <ele>432.155</ele>
    </trkpt>
    <trkpt lat="-24.6984934" lon="133.1912192">
      <ele>433.576</ele>
    </trkpt>
    <trkpt lat="-24.6988111" lon="133.1912024">
      <ele>435.45</ele>
    </trkpt>
    <trkpt lat="-24.6990702" lon="133.1911869">
      <ele>436.36</ele>
    </trkpt>
    <trkpt lat="-24.6993994" lon="133.191149">
      <ele>435.052</ele>
    </trkpt>
    <trkpt lat="-24.6997324" lon="133.1910956">
      <ele>434.183</ele>
    </trkpt>
    <trkpt lat="-24.7000948" lon="133.1910212">
      <ele>436.775</ele>
    </trkpt>
    <trkpt lat="-24.7004278" lon="133.1909313">
      <ele>437.755</ele>
    </trkpt>
    <trkpt lat="-24.7007137" lon="133.1908527">
      <ele>436.682</ele>
    </trkpt>
    <trkpt lat="-24.7009701" lon="133.19076">
      <ele>435.051</ele>
    </trkpt>
    <trkpt lat="-24.7012483" lon="133.1906588">
      <ele>432.959</ele>
    </trkpt>
    <trkpt lat="-24.7014422" lon="133.1905689">
      <ele>431.577</ele>
    </trkpt>
    <trkpt lat="-24.7018378" lon="133.1903878">
      <ele>431.696</ele>
    </trkpt>
    <trkpt lat="-24.7021466" lon="133.1902285">
      <ele>433.326</ele>
    </trkpt>
    <trkpt lat="-24.7026595" lon="133.1899074">
      <ele>435.099</ele>
    </trkpt>
    <trkpt lat="-24.703212" lon="133.1895437">
      <ele>435.638</ele>
    </trkpt>
    <trkpt lat="-24.7035284" lon="133.1893344">
      <ele>434.18</ele>
    </trkpt>
    <trkpt lat="-24.7038347" lon="133.189135">
      <ele>435.518</ele>
    </trkpt>
    <trkpt lat="-24.7039303" lon="133.1890719">
      <ele>435.608</ele>
    </trkpt>
    <trkpt lat="-24.7045856" lon="133.1886388">
      <ele>433.1</ele>
    </trkpt>
    <trkpt lat="-24.7050481" lon="133.1883161">
      <ele>431.825</ele>
    </trkpt>
    <trkpt lat="-24.7058239" lon="133.1878049">
      <ele>433.0</ele>
    </trkpt>
    <trkpt lat="-24.7064453" lon="133.1873793">
      <ele>426.638</ele>
    </trkpt>
    <trkpt lat="-24.7069301" lon="133.1870619">
      <ele>428.401</ele>
    </trkpt>
    <trkpt lat="-24.707392" lon="133.1867543">
      <ele>429.03</ele>
    </trkpt>
    <trkpt lat="-24.708035" lon="133.1863232">
      <ele>429.131</ele>
    </trkpt>
    <trkpt lat="-24.7092081" lon="133.185555">
      <ele>426.851</ele>
    </trkpt>
    <trkpt lat="-24.7093625" lon="133.1854534">
      <ele>426.554</ele>
    </trkpt>
    <trkpt lat="-24.7094421" lon="133.185401">
      <ele>426.56</ele>
    </trkpt>
    <trkpt lat="-24.70947" lon="133.1853822">
      <ele>426.325</ele>
    </trkpt>
    <trkpt lat="-24.7096235" lon="133.1852791">
      <ele>424.423</ele>
    </trkpt>
    <trkpt lat="-24.7104647" lon="133.1847139">
      <ele>424.376</ele>
    </trkpt>
    <trkpt lat="-24.7105915" lon="133.1846298">
      <ele>425.462</ele>
    </trkpt>
    <trkpt lat="-24.7112078" lon="133.1842211">
      <ele>424.78</ele>
    </trkpt>
    <trkpt lat="-24.7121102" lon="133.1836111">
      <ele>423.597</ele>
    </trkpt>
    <trkpt lat="-24.7141274" lon="133.1822586">
      <ele>424.877</ele>
    </trkpt>
    <trkpt lat="-24.7151327" lon="133.1815984">
      <ele>424.117</ele>
    </trkpt>
    <trkpt lat="-24.7154655" lon="133.1813738">
      <ele>422.846</ele>
    </trkpt>
    <trkpt lat="-24.7156188" lon="133.1812703">
      <ele>420.918</ele>
    </trkpt>
    <trkpt lat="-24.7161687" lon="133.180899">
      <ele>420.0</ele>
    </trkpt>
    <trkpt lat="-24.7165502" lon="133.1806532">
      <ele>421.81</ele>
    </trkpt>
    <trkpt lat="-24.71682" lon="133.1804993">
      <ele>423.349</ele>
    </trkpt>
    <trkpt lat="-24.7170465" lon="133.1803667">
      <ele>423.203</ele>
    </trkpt>
    <trkpt lat="-24.7175785" lon="133.1801041">
      <ele>420.926</ele>
    </trkpt>
    <trkpt lat="-24.7181297" lon="133.1798948">
      <ele>423.7</ele>
    </trkpt>
    <trkpt lat="-24.7184027" lon="133.1798021">
      <ele>425.359</ele>
    </trkpt>
    <trkpt lat="-24.7188479" lon="133.1796757">
      <ele>423.67</ele>
    </trkpt>
    <trkpt lat="-24.7193429" lon="133.1795703">
      <ele>425.628</ele>
    </trkpt>
    <trkpt lat="-24.7196823" lon="133.1795226">
      <ele>426.459</ele>
    </trkpt>
    <trkpt lat="-24.7199515" lon="133.1794945">
      <ele>423.208</ele>
    </trkpt>
    <trkpt lat="-24.7204044" lon="133.179465">
      <ele>420.67</ele>
    </trkpt>
    <trkpt lat="-24.7208828" lon="133.1794664">
      <ele>424.223</ele>
    </trkpt>
    <trkpt lat="-24.7212783" lon="133.1794917">
      <ele>423.136</ele>
    </trkpt>
    <trkpt lat="-24.7216746" lon="133.1795391">
      <ele>421.312</ele>
    </trkpt>
    <trkpt lat="-24.7221801" lon="133.1796319">
      <ele>421.523</ele>
    </trkpt>
    <trkpt lat="-24.7225911" lon="133.1797122">
      <ele>422.32</ele>
    </trkpt>
    <trkpt lat="-24.7229773" lon="133.1798333">
      <ele>422.118</ele>
    </trkpt>
    <trkpt lat="-24.7231503" lon="133.1798876">
      <ele>423.278</ele>
    </trkpt>
    <trkpt lat="-24.7232672" lon="133.1799243">
      <ele>424.251</ele>
    </trkpt>
    <trkpt lat="-24.7238426" lon="133.1801504">
      <ele>423.236</ele>
    </trkpt>
    <trkpt lat="-24.7244116" lon="133.1803695">
      <ele>425.503</ele>
    </trkpt>
    <trkpt lat="-24.7250584" lon="133.1806336">
      <ele>424.731</ele>
    </trkpt>
    <trkpt lat="-24.7256503" lon="133.1808737">
      <ele>422.904</ele>
    </trkpt>
    <trkpt lat="-24.7264885" lon="133.181208">
      <ele>422.99</ele>
    </trkpt>
    <trkpt lat="-24.7271404" lon="133.1814678">
      <ele>423.305</ele>
    </trkpt>
    <trkpt lat="-24.7277093" lon="133.1816982">
      <ele>421.914</ele>
    </trkpt>
    <trkpt lat="-24.728337" lon="133.1819285">
      <ele>425.917</ele>
    </trkpt>
    <trkpt lat="-24.7286138" lon="133.1820381">
      <ele>423.313</ele>
    </trkpt>
    <trkpt lat="-24.728914" lon="133.1821341">
      <ele>420.861</ele>
    </trkpt>
    <trkpt lat="-24.7290705" lon="133.1821841">
      <ele>419.758</ele>
    </trkpt>
    <trkpt lat="-24.7297045" lon="133.1823569">
      <ele>422.357</ele>
    </trkpt>
    <trkpt lat="-24.7301281" lon="133.1824538">
      <ele>420.167</ele>
    </trkpt>
    <trkpt lat="-24.7305771" lon="133.1825423">
      <ele>419.293</ele>
    </trkpt>
    <trkpt lat="-24.730956" lon="133.1825984">
      <ele>419.198</ele>
    </trkpt>
    <trkpt lat="-24.7312979" lon="133.1826406">
      <ele>420.337</ele>
    </trkpt>
    <trkpt lat="-24.7318375" lon="133.1826925">
      <ele>420.621</ele>
    </trkpt>
    <trkpt lat="-24.7323605" lon="133.1827262">
      <ele>415.599</ele>
    </trkpt>
    <trkpt lat="-24.7333746" lon="133.1827262">
      <ele>416.851</ele>
    </trkpt>
    <trkpt lat="-24.7335982" lon="133.1827279">
      <ele>416.046</ele>
    </trkpt>
    <trkpt lat="-24.7348806" lon="133.1827377">
      <ele>416.144</ele>
    </trkpt>
    <trkpt lat="-24.735973" lon="133.18275">
      <ele>413.547</ele>
    </trkpt>
    <trkpt lat="-24.7363991" lon="133.1827636">
      <ele>413.051</ele>
    </trkpt>
    <trkpt lat="-24.7367475" lon="133.1827522">
      <ele>413.092</ele>
    </trkpt>
    <trkpt lat="-24.7374775" lon="133.1827567">
      <ele>414.995</ele>
    </trkpt>
    <trkpt lat="-24.7381468" lon="133.1827645">
      <ele>417.936</ele>
    </trkpt>
    <trkpt lat="-24.7384039" lon="133.1827745">
      <ele>417.976</ele>
    </trkpt>
    <trkpt lat="-24.7387755" lon="133.1828057">
      <ele>417.408</ele>
    </trkpt>
    <trkpt lat="-24.739168" lon="133.1828699">
      <ele>414.995</ele>
    </trkpt>
    <trkpt lat="-24.7395175" lon="133.1829353">
      <ele>414.0</ele>
    </trkpt>
    <trkpt lat="-24.7399948" lon="133.1830592">
      <ele>414.981</ele>
    </trkpt>
    <trkpt lat="-24.7403315" lon="133.1831618">
      <ele>415.432</ele>
    </trkpt>
    <trkpt lat="-24.7407284" lon="133.1833016">
      <ele>416.371</ele>
    </trkpt>
    <trkpt lat="-24.7409559" lon="133.183406">
      <ele>415.087</ele>
    </trkpt>
    <trkpt lat="-24.7413842" lon="133.1836138">
      <ele>414.026</ele>
    </trkpt>
    <trkpt lat="-24.7418004" lon="133.1838316">
      <ele>415.481</ele>
    </trkpt>
    <trkpt lat="-24.7420881" lon="133.1839988">
      <ele>416.517</ele>
    </trkpt>
    <trkpt lat="-24.7424055" lon="133.1842076">
      <ele>417.0</ele>
    </trkpt>
    <trkpt lat="-24.7426939" lon="133.1844209">
      <ele>417.698</ele>
    </trkpt>
    <trkpt lat="-24.7429112" lon="133.184598">
      <ele>417.662</ele>
    </trkpt>
    <trkpt lat="-24.7433183" lon="133.1849677">
      <ele>416.068</ele>
    </trkpt>
    <trkpt lat="-24.7437418" lon="133.1853923">
      <ele>416.806</ele>
    </trkpt>
    <trkpt lat="-24.7441677" lon="133.1858285">
      <ele>415.021</ele>
    </trkpt>
    <trkpt lat="-24.7444433" lon="133.1860807">
      <ele>415.992</ele>
    </trkpt>
    <trkpt lat="-24.7447092" lon="133.1863046">
      <ele>413.943</ele>
    </trkpt>
    <trkpt lat="-24.7449921" lon="133.1865106">
      <ele>411.578</ele>
    </trkpt>
    <trkpt lat="-24.7451897" lon="133.1866397">
      <ele>412.463</ele>
    </trkpt>
    <trkpt lat="-24.7453132" lon="133.1867105">
      <ele>413.128</ele>
    </trkpt>
    <trkpt lat="-24.7454728" lon="133.1868019">
      <ele>413.702</ele>
    </trkpt>
    <trkpt lat="-24.7456099" lon="133.1868805">
      <ele>414.045</ele>
    </trkpt>
    <trkpt lat="-24.7460013" lon="133.1870557">
      <ele>415.171</ele>
    </trkpt>
    <trkpt lat="-24.7463107" lon="133.1871858">
      <ele>415.792</ele>
    </trkpt>
    <trkpt lat="-24.7467438" lon="133.1873371">
      <ele>414.163</ele>
    </trkpt>
    <trkpt lat="-24.7471046" lon="133.1874264">
      <ele>415.571</ele>
    </trkpt>
    <trkpt lat="-24.7477019" lon="133.1875302">
      <ele>415.783</ele>
    </trkpt>
    <trkpt lat="-24.7482506" lon="133.1875882">
      <ele>417.067</ele>
    </trkpt>
    <trkpt lat="-24.7484738" lon="133.187583">
      <ele>417.048</ele>
    </trkpt>
    <trkpt lat="-24.7487817" lon="133.1875758">
      <ele>415.666</ele>
    </trkpt>
    <trkpt lat="-24.7492647" lon="133.1875264">
      <ele>414.034</ele>
    </trkpt>
    <trkpt lat="-24.749714" lon="133.1874469">
      <ele>416.731</ele>
    </trkpt>
    <trkpt lat="-24.7502227" lon="133.1873161">
      <ele>419.193</ele>
    </trkpt>
    <trkpt lat="-24.7507153" lon="133.1871465">
      <ele>415.996</ele>
    </trkpt>
    <trkpt lat="-24.7509324" lon="133.187058">
      <ele>415.239</ele>
    </trkpt>
    <trkpt lat="-24.7510234" lon="133.1870192">
      <ele>415.538</ele>
    </trkpt>
    <trkpt lat="-24.7513267" lon="133.1868832">
      <ele>417.332</ele>
    </trkpt>
    <trkpt lat="-24.7516653" lon="133.1867012">
      <ele>417.248</ele>
    </trkpt>
    <trkpt lat="-24.7521916" lon="133.1863778">
      <ele>412.894</ele>
    </trkpt>
    <trkpt lat="-24.7527677" lon="133.1859608">
      <ele>416.584</ele>
    </trkpt>
    <trkpt lat="-24.7527882" lon="133.1859396">
      <ele>416.829</ele>
    </trkpt>
    <trkpt lat="-24.754626" lon="133.1843846">
      <ele>416.056</ele>
    </trkpt>
    <trkpt lat="-24.7553438" lon="133.1837634">
      <ele>416.024</ele>
    </trkpt>
    <trkpt lat="-24.7557836" lon="133.1834017">
      <ele>417.0</ele>
    </trkpt>
    <trkpt lat="-24.7561478" lon="133.1831314">
      <ele>415.559</ele>
    </trkpt>
    <trkpt lat="-24.7564182" lon="133.1829503">
      <ele>415.182</ele>
    </trkpt>
    <trkpt lat="-24.7567182" lon="133.1827756">
      <ele>415.64</ele>
    </trkpt>
    <trkpt lat="-24.7570633" lon="133.1826029">
      <ele>416.047</ele>
    </trkpt>
    <trkpt lat="-24.757247" lon="133.1825177">
      <ele>416.884</ele>
    </trkpt>
    <trkpt lat="-24.7574026" lon="133.1824563">
      <ele>417.0</ele>
    </trkpt>
    <trkpt lat="-24.757658" lon="133.1823546">
      <ele>417.84</ele>
    </trkpt>
    <trkpt lat="-24.7582044" lon="133.1821863">
      <ele>417.344</ele>
    </trkpt>
    <trkpt lat="-24.7590843" lon="133.1819965">
      <ele>416.703</ele>
    </trkpt>
    <trkpt lat="-24.7606962" lon="133.1816737">
      <ele>417.456</ele>
    </trkpt>
    <trkpt lat="-24.762558" lon="133.1812934">
      <ele>414.344</ele>
    </trkpt>
    <trkpt lat="-24.7647363" lon="133.1808554">
      <ele>410.917</ele>
    </trkpt>
    <trkpt lat="-24.7649041" lon="133.1808217">
      <ele>411.042</ele>
    </trkpt>
    <trkpt lat="-24.7659508" lon="133.1806115">
      <ele>413.338</ele>
    </trkpt>
    <trkpt lat="-24.7686887" lon="133.1800503">
      <ele>414.0</ele>
    </trkpt>
    <trkpt lat="-24.7700341" lon="133.1797823">
      <ele>414.123</ele>
    </trkpt>
    <trkpt lat="-24.770211" lon="133.1797471">
      <ele>414.76</ele>
    </trkpt>
    <trkpt lat="-24.770388" lon="133.1797118">
      <ele>414.595</ele>
    </trkpt>
    <trkpt lat="-24.770742" lon="133.1796413">
      <ele>413.425</ele>
    </trkpt>
    <trkpt lat="-24.7708811" lon="133.1796136">
      <ele>413.0</ele>
    </trkpt>
    <trkpt lat="-24.771096" lon="133.1795707">
      <ele>413.0</ele>
    </trkpt>
    <trkpt lat="-24.7716269" lon="133.1794647">
      <ele>414.07</ele>
    </trkpt>
    <trkpt lat="-24.7718039" lon="133.1794293">
      <ele>413.587</ele>
    </trkpt>
    <trkpt lat="-24.7722352" lon="133.1793432">
      <ele>413.394</ele>
    </trkpt>
    <trkpt lat="-24.7728684" lon="133.1792345">
      <ele>412.594</ele>
    </trkpt>
    <trkpt lat="-24.7731512" lon="133.179186">
      <ele>411.61</ele>
    </trkpt>
    <trkpt lat="-24.7743048" lon="133.1790464">
      <ele>413.497</ele>
    </trkpt>
    <trkpt lat="-24.7753219" lon="133.1789615">
      <ele>414.481</ele>
    </trkpt>
    <trkpt lat="-24.7762187" lon="133.1789191">
      <ele>411.958</ele>
    </trkpt>
    <trkpt lat="-24.7762717" lon="133.178919">
      <ele>411.937</ele>
    </trkpt>
    <trkpt lat="-24.7772214" lon="133.1789174">
      <ele>412.997</ele>
    </trkpt>
    <trkpt lat="-24.7773508" lon="133.1789217">
      <ele>412.129</ele>
    </trkpt>
    <trkpt lat="-24.7775306" lon="133.1789275">
      <ele>411.044</ele>
    </trkpt>
    <trkpt lat="-24.7777104" lon="133.1789334">
      <ele>410.524</ele>
    </trkpt>
    <trkpt lat="-24.7778902" lon="133.1789393">
      <ele>409.885</ele>
    </trkpt>
    <trkpt lat="-24.77807" lon="133.1789452">
      <ele>409.255</ele>
    </trkpt>
    <trkpt lat="-24.7781359" lon="133.1789474">
      <ele>409.5</ele>
    </trkpt>
    <trkpt lat="-24.7782496" lon="133.1789552">
      <ele>409.937</ele>
    </trkpt>
    <trkpt lat="-24.77906" lon="133.179011">
      <ele>414.674</ele>
    </trkpt>
    <trkpt lat="-24.7799953" lon="133.1791082">
      <ele>413.773</ele>
    </trkpt>
    <trkpt lat="-24.7805773" lon="133.179191">
      <ele>413.763</ele>
    </trkpt>
    <trkpt lat="-24.7807284" lon="133.1792125">
      <ele>412.693</ele>
    </trkpt>
    <trkpt lat="-24.7809332" lon="133.1792477">
      <ele>411.281</ele>
    </trkpt>
    <trkpt lat="-24.781111" lon="133.1792782">
      <ele>410.001</ele>
    </trkpt>
    <trkpt lat="-24.7812887" lon="133.1793087">
      <ele>410.312</ele>
    </trkpt>
    <trkpt lat="-24.7814664" lon="133.1793392">
      <ele>411.005</ele>
    </trkpt>
    <trkpt lat="-24.7816444" lon="133.1793697">
      <ele>412.534</ele>
    </trkpt>
    <trkpt lat="-24.7827812" lon="133.1795759">
      <ele>412.012</ele>
    </trkpt>
    <trkpt lat="-24.783064" lon="133.1796267">
      <ele>413.04</ele>
    </trkpt>
    <trkpt lat="-24.7847276" lon="133.1799254">
      <ele>411.039</ele>
    </trkpt>
    <trkpt lat="-24.7869731" lon="133.1803372">
      <ele>410.428</ele>
    </trkpt>
    <trkpt lat="-24.7887434" lon="133.1806549">
      <ele>411.319</ele>
    </trkpt>
    <trkpt lat="-24.789373" lon="133.1807679">
      <ele>413.0</ele>
    </trkpt>
    <trkpt lat="-24.7906958" lon="133.1810082">
      <ele>409.111</ele>
    </trkpt>
    <trkpt lat="-24.7908732" lon="133.1810404">
      <ele>408.834</ele>
    </trkpt>
    <trkpt lat="-24.7915831" lon="133.1811694">
      <ele>409.552</ele>
    </trkpt>
    <trkpt lat="-24.7917606" lon="133.1812017">
      <ele>409.674</ele>
    </trkpt>
    <trkpt lat="-24.791938" lon="133.1812339">
      <ele>409.558</ele>
    </trkpt>
    <trkpt lat="-24.7921155" lon="133.1812661">
      <ele>409.786</ele>
    </trkpt>
    <trkpt lat="-24.7955282" lon="133.1818862">
      <ele>412.733</ele>
    </trkpt>
    <trkpt lat="-24.798327" lon="133.1823933">
      <ele>416.384</ele>
    </trkpt>
    <trkpt lat="-24.7985045" lon="133.1824255">
      <ele>415.487</ele>
    </trkpt>
    <trkpt lat="-24.798682" lon="133.1824576">
      <ele>415.0</ele>
    </trkpt>
    <trkpt lat="-24.7988594" lon="133.1824898">
      <ele>415.0</ele>
    </trkpt>
    <trkpt lat="-24.7990369" lon="133.182522">
      <ele>414.552</ele>
    </trkpt>
    <trkpt lat="-24.7992144" lon="133.1825542">
      <ele>414.424</ele>
    </trkpt>
    <trkpt lat="-24.7993919" lon="133.1825863">
      <ele>414.873</ele>
    </trkpt>
    <trkpt lat="-24.800332" lon="133.1827567">
      <ele>416.91</ele>
    </trkpt>
    <trkpt lat="-24.8009729" lon="133.1828898">
      <ele>416.507</ele>
    </trkpt>
    <trkpt lat="-24.8013809" lon="133.1829994">
      <ele>421.492</ele>
    </trkpt>
    <trkpt lat="-24.8017189" lon="133.1831047">
      <ele>422.166</ele>
    </trkpt>
    <trkpt lat="-24.802206" lon="133.1832859">
      <ele>420.775</ele>
    </trkpt>
    <trkpt lat="-24.8027262" lon="133.1834854">
      <ele>420.197</ele>
    </trkpt>
    <trkpt lat="-24.8031792" lon="133.1836996">
      <ele>420.732</ele>
    </trkpt>
    <trkpt lat="-24.80336" lon="133.1838008">
      <ele>419.838</ele>
    </trkpt>
    <trkpt lat="-24.80515" lon="133.1848085">
      <ele>422.565</ele>
    </trkpt>
    <trkpt lat="-24.8062386" lon="133.1854213">
      <ele>423.465</ele>
    </trkpt>
    <trkpt lat="-24.8071032" lon="133.1858159">
      <ele>425.83</ele>
    </trkpt>
    <trkpt lat="-24.8072275" lon="133.1858695">
      <ele>425.13</ele>
    </trkpt>
    <trkpt lat="-24.8075203" lon="133.1859752">
      <ele>425.546</ele>
    </trkpt>
    <trkpt lat="-24.8081081" lon="133.186159">
      <ele>424.033</ele>
    </trkpt>
    <trkpt lat="-24.8084591" lon="133.1862558">
      <ele>425.662</ele>
    </trkpt>
    <trkpt lat="-24.8086748" lon="133.1863046">
      <ele>427.532</ele>
    </trkpt>
    <trkpt lat="-24.808851" lon="133.1863444">
      <ele>427.956</ele>
    </trkpt>
    <trkpt lat="-24.8089191" lon="133.1863598">
      <ele>427.903</ele>
    </trkpt>
    <trkpt lat="-24.8090128" lon="133.1863732">
      <ele>427.579</ele>
    </trkpt>
    <trkpt lat="-24.8091911" lon="133.1863987">
      <ele>426.807</ele>
    </trkpt>
    <trkpt lat="-24.8102419" lon="133.1865491">
      <ele>425.443</ele>
    </trkpt>
    <trkpt lat="-24.8122" lon="133.1868524">
      <ele>427.305</ele>
    </trkpt>
    <trkpt lat="-24.8136619" lon="133.1870724">
      <ele>427.806</ele>
    </trkpt>
    <trkpt lat="-24.8138245" lon="133.1870969">
      <ele>428.641</ele>
    </trkpt>
    <trkpt lat="-24.8138401" lon="133.1870992">
      <ele>428.727</ele>
    </trkpt>
    <trkpt lat="-24.8143748" lon="133.1871797">
      <ele>425.714</ele>
    </trkpt>
    <trkpt lat="-24.814553" lon="133.1872065">
      <ele>425.0</ele>
    </trkpt>
    <trkpt lat="-24.8158004" lon="133.1873943">
      <ele>426.0</ele>
    </trkpt>
    <trkpt lat="-24.8172261" lon="133.1876089">
      <ele>424.978</ele>
    </trkpt>
    <trkpt lat="-24.8174043" lon="133.1876357">
      <ele>424.009</ele>
    </trkpt>
    <trkpt lat="-24.8212121" lon="133.1882088">
      <ele>423.934</ele>
    </trkpt>
    <trkpt lat="-24.8214876" lon="133.188249">
      <ele>423.784</ele>
    </trkpt>
    <trkpt lat="-24.8218599" lon="133.1883034">
      <ele>423.089</ele>
    </trkpt>
    <trkpt lat="-24.8222556" lon="133.1883612">
      <ele>421.0</ele>
    </trkpt>
    <trkpt lat="-24.822863" lon="133.1884729">
      <ele>419.693</ele>
    </trkpt>
    <trkpt lat="-24.823102" lon="133.1885271">
      <ele>419.167</ele>
    </trkpt>
    <trkpt lat="-24.8232782" lon="133.1885671">
      <ele>419.802</ele>
    </trkpt>
    <trkpt lat="-24.8234019" lon="133.1885952">
      <ele>420.014</ele>
    </trkpt>
    <trkpt lat="-24.8239093" lon="133.1887427">
      <ele>420.965</ele>
    </trkpt>
    <trkpt lat="-24.8239572" lon="133.1887566">
      <ele>420.871</ele>
    </trkpt>
    <trkpt lat="-24.8239752" lon="133.1887629">
      <ele>420.83</ele>
    </trkpt>
    <trkpt lat="-24.8246841" lon="133.1890113">
      <ele>420.303</ele>
    </trkpt>
    <trkpt lat="-24.8256954" lon="133.1894425">
      <ele>422.99</ele>
    </trkpt>
    <trkpt lat="-24.8261661" lon="133.1896586">
      <ele>423.458</ele>
    </trkpt>
    <trkpt lat="-24.8281585" lon="133.1905731">
      <ele>424.063</ele>
    </trkpt>
    <trkpt lat="-24.8284906" lon="133.1907255">
      <ele>424.832</ele>
    </trkpt>
    <trkpt lat="-24.8289305" lon="133.1909274">
      <ele>425.224</ele>
    </trkpt>
    <trkpt lat="-24.8295741" lon="133.1912041">
      <ele>421.533</ele>
    </trkpt>
    <trkpt lat="-24.8300169" lon="133.1913692">
      <ele>421.981</ele>
    </trkpt>
    <trkpt lat="-24.8305018" lon="133.1915314">
      <ele>424.833</ele>
    </trkpt>
    <trkpt lat="-24.8309276" lon="133.1916516">
      <ele>422.892</ele>
    </trkpt>
    <trkpt lat="-24.8312172" lon="133.1917225">
      <ele>420.541</ele>
    </trkpt>
    <trkpt lat="-24.831418" lon="133.1917717">
      <ele>419.662</ele>
    </trkpt>
    <trkpt lat="-24.8319833" lon="133.1918916">
      <ele>419.887</ele>
    </trkpt>
    <trkpt lat="-24.8324062" lon="133.1919606">
      <ele>419.682</ele>
    </trkpt>
    <trkpt lat="-24.8326754" lon="133.1920028">
      <ele>419.867</ele>
    </trkpt>
    <trkpt lat="-24.8329153" lon="133.1920257">
      <ele>419.707</ele>
    </trkpt>
    <trkpt lat="-24.8334049" lon="133.1920626">
      <ele>421.535</ele>
    </trkpt>
    <trkpt lat="-24.8338899" lon="133.1920896">
      <ele>422.524</ele>
    </trkpt>
    <trkpt lat="-24.8382304" lon="133.1923442">
      <ele>421.353</ele>
    </trkpt>
    <trkpt lat="-24.8389489" lon="133.1923863">
      <ele>424.123</ele>
    </trkpt>
    <trkpt lat="-24.8391285" lon="133.1923968">
      <ele>424.926</ele>
    </trkpt>
    <trkpt lat="-24.8393081" lon="133.1924073">
      <ele>425.85</ele>
    </trkpt>
    <trkpt lat="-24.8429003" lon="133.1926181">
      <ele>426.521</ele>
    </trkpt>
    <trkpt lat="-24.8433215" lon="133.1926452">
      <ele>424.518</ele>
    </trkpt>
    <trkpt lat="-24.8437294" lon="133.192674">
      <ele>426.319</ele>
    </trkpt>
    <trkpt lat="-24.8442165" lon="133.1927206">
      <ele>428.805</ele>
    </trkpt>
    <trkpt lat="-24.8443673" lon="133.1927369">
      <ele>429.534</ele>
    </trkpt>
    <trkpt lat="-24.8445232" lon="133.1927538">
      <ele>429.606</ele>
    </trkpt>
    <trkpt lat="-24.8449037" lon="133.1928019">
      <ele>428.46</ele>
    </trkpt>
    <trkpt lat="-24.8449697" lon="133.1928102">
      <ele>428.317</ele>
    </trkpt>
    <trkpt lat="-24.845082" lon="133.1928276">
      <ele>428.896</ele>
    </trkpt>
    <trkpt lat="-24.8452606" lon="133.1928552">
      <ele>430.172</ele>
    </trkpt>
    <trkpt lat="-24.8457235" lon="133.1929151">
      <ele>430.901</ele>
    </trkpt>
    <trkpt lat="-24.8459738" lon="133.1929545">
      <ele>429.674</ele>
    </trkpt>
    <trkpt lat="-24.8462595" lon="133.1929994">
      <ele>428.466</ele>
    </trkpt>
    <trkpt lat="-24.846367" lon="133.1930176">
      <ele>428.079</ele>
    </trkpt>
    <trkpt lat="-24.8474343" lon="133.1931839">
      <ele>425.647</ele>
    </trkpt>
    <trkpt lat="-24.848378" lon="133.1933291">
      <ele>425.174</ele>
    </trkpt>
    <trkpt lat="-24.848672" lon="133.193376">
      <ele>426.0</ele>
    </trkpt>
    <trkpt lat="-24.8491647" lon="133.1934533">
      <ele>425.436</ele>
    </trkpt>
    <trkpt lat="-24.8500693" lon="133.1935978">
      <ele>422.549</ele>
    </trkpt>
    <trkpt lat="-24.850489" lon="133.1936614">
      <ele>421.094</ele>
    </trkpt>
    <trkpt lat="-24.851536" lon="133.1938232">
      <ele>423.527</ele>
    </trkpt>
    <trkpt lat="-24.8525697" lon="133.1939698">
      <ele>423.782</ele>
    </trkpt>
    <trkpt lat="-24.8526786" lon="133.1939815">
      <ele>423.881</ele>
    </trkpt>
    <trkpt lat="-24.8528576" lon="133.1940007">
      <ele>423.713</ele>
    </trkpt>
    <trkpt lat="-24.8530367" lon="133.1940199">
      <ele>423.068</ele>
    </trkpt>
    <trkpt lat="-24.8532157" lon="133.1940391">
      <ele>422.688</ele>
    </trkpt>
    <trkpt lat="-24.8533947" lon="133.1940583">
      <ele>422.525</ele>
    </trkpt>
    <trkpt lat="-24.8538065" lon="133.1941024">
      <ele>422.297</ele>
    </trkpt>
    <trkpt lat="-24.8539784" lon="133.1941205">
      <ele>421.409</ele>
    </trkpt>
    <trkpt lat="-24.8542098" lon="133.194136">
      <ele>419.645</ele>
    </trkpt>
    <trkpt lat="-24.8543242" lon="133.194138">
      <ele>418.402</ele>
    </trkpt>
    <trkpt lat="-24.8545579" lon="133.1941376">
      <ele>415.514</ele>
    </trkpt>
    <trkpt lat="-24.85519" lon="133.1941544">
      <ele>416.096</ele>
    </trkpt>
    <trkpt lat="-24.8553698" lon="133.1941592">
      <ele>417.367</ele>
    </trkpt>
    <trkpt lat="-24.8555496" lon="133.194164">
      <ele>417.998</ele>
    </trkpt>
    <trkpt lat="-24.8556349" lon="133.1941663">
      <ele>417.717</ele>
    </trkpt>
    <trkpt lat="-24.8562569" lon="133.1941578">
      <ele>416.619</ele>
    </trkpt>
    <trkpt lat="-24.8568982" lon="133.1941493">
      <ele>419.792</ele>
    </trkpt>
    <trkpt lat="-24.8574081" lon="133.1941386">
      <ele>421.668</ele>
    </trkpt>
    <trkpt lat="-24.8583972" lon="133.1941233">
      <ele>419.194</ele>
    </trkpt>
    <trkpt lat="-24.8593264" lon="133.1941143">
      <ele>416.412</ele>
    </trkpt>
    <trkpt lat="-24.8626053" lon="133.1940647">
      <ele>420.746</ele>
    </trkpt>
    <trkpt lat="-24.8684578" lon="133.1939761">
      <ele>419.448</ele>
    </trkpt>
    <trkpt lat="-24.8692597" lon="133.1939661">
      <ele>419.799</ele>
    </trkpt>
    <trkpt lat="-24.8701704" lon="133.193956">
      <ele>420.052</ele>
    </trkpt>
    <trkpt lat="-24.8777112" lon="133.1938494">
      <ele>419.892</ele>
    </trkpt>
    <trkpt lat="-24.8786376" lon="133.1938264">
      <ele>422.68</ele>
    </trkpt>
    <trkpt lat="-24.8786399" lon="133.1938263">
      <ele>422.671</ele>
    </trkpt>
    <trkpt lat="-24.8788198" lon="133.1938276">
      <ele>422.028</ele>
    </trkpt>
    <trkpt lat="-24.8789996" lon="133.1938291">
      <ele>421.159</ele>
    </trkpt>
    <trkpt lat="-24.8791004" lon="133.1938303">
      <ele>420.587</ele>
    </trkpt>
    <trkpt lat="-24.8800679" lon="133.1938736">
      <ele>421.097</ele>
    </trkpt>
    <trkpt lat="-24.8805289" lon="133.1939042">
      <ele>421.899</ele>
    </trkpt>
    <trkpt lat="-24.8811536" lon="133.1939635">
      <ele>423.62</ele>
    </trkpt>
    <trkpt lat="-24.8812749" lon="133.193976">
      <ele>423.282</ele>
    </trkpt>
    <trkpt lat="-24.8815093" lon="133.1940065">
      <ele>423.25</ele>
    </trkpt>
    <trkpt lat="-24.881511" lon="133.1940067">
      <ele>423.253</ele>
    </trkpt>
    <trkpt lat="-24.8823001" lon="133.1941073">
      <ele>421.927</ele>
    </trkpt>
    <trkpt lat="-24.8840003" lon="133.1943262">
      <ele>420.428</ele>
    </trkpt>
    <trkpt lat="-24.8841901" lon="133.1943532">
      <ele>419.615</ele>
    </trkpt>
    <trkpt lat="-24.8849054" lon="133.1944418">
      <ele>421.64</ele>
    </trkpt>
    <trkpt lat="-24.8854403" lon="133.194506">
      <ele>423.677</ele>
    </trkpt>
    <trkpt lat="-24.8856191" lon="133.1945275">
      <ele>424.481</ele>
    </trkpt>
    <trkpt lat="-24.8856204" lon="133.1945277">
      <ele>424.49</ele>
    </trkpt>
    <trkpt lat="-24.8859773" lon="133.1945782">
      <ele>424.519</ele>
    </trkpt>
    <trkpt lat="-24.8861558" lon="133.1946017">
      <ele>423.253</ele>
    </trkpt>
    <trkpt lat="-24.8861996" lon="133.1946066">
      <ele>423.169</ele>
    </trkpt>
    <trkpt lat="-24.8887733" lon="133.1949241">
      <ele>428.0</ele>
    </trkpt>
    <trkpt lat="-24.8891935" lon="133.1949823">
      <ele>427.154</ele>
    </trkpt>
    <trkpt lat="-24.8893722" lon="133.1950052">
      <ele>427.745</ele>
    </trkpt>
    <trkpt lat="-24.8893931" lon="133.1950081">
      <ele>427.821</ele>
    </trkpt>
    <trkpt lat="-24.8895508" lon="133.1950282">
      <ele>427.656</ele>
    </trkpt>
    <trkpt lat="-24.889668" lon="133.1950433">
      <ele>427.321</ele>
    </trkpt>
    <trkpt lat="-24.8897285" lon="133.1950509">
      <ele>427.161</ele>
    </trkpt>
    <trkpt lat="-24.8897296" lon="133.195051">
      <ele>427.157</ele>
    </trkpt>
    <trkpt lat="-24.8899073" lon="133.1950732">
      <ele>426.597</ele>
    </trkpt>
    <trkpt lat="-24.8899082" lon="133.1950734">
      <ele>426.595</ele>
    </trkpt>
    <trkpt lat="-24.8901581" lon="133.1951027">
      <ele>425.169</ele>
    </trkpt>
    <trkpt lat="-24.8916136" lon="133.1952607">
      <ele>421.382</ele>
    </trkpt>
    <trkpt lat="-24.8934487" lon="133.1954473">
      <ele>421.78</ele>
    </trkpt>
    <trkpt lat="-24.893488" lon="133.1954519">
      <ele>421.513</ele>
    </trkpt>
    <trkpt lat="-24.8947416" lon="133.1955817">
      <ele>424.282</ele>
    </trkpt>
    <trkpt lat="-24.8973546" lon="133.1958521">
      <ele>421.659</ele>
    </trkpt>
    <trkpt lat="-24.898401" lon="133.1959603">
      <ele>417.299</ele>
    </trkpt>
    <trkpt lat="-24.9001749" lon="133.1961487">
      <ele>414.135</ele>
    </trkpt>
    <trkpt lat="-24.9002123" lon="133.1961527">
      <ele>414.15</ele>
    </trkpt>
    <trkpt lat="-24.9003906" lon="133.1961714">
      <ele>414.041</ele>
    </trkpt>
    <trkpt lat="-24.9005689" lon="133.1961903">
      <ele>413.701</ele>
    </trkpt>
    <trkpt lat="-24.9007474" lon="133.1962091">
      <ele>413.404</ele>
    </trkpt>
    <trkpt lat="-24.9021763" lon="133.1963609">
      <ele>418.137</ele>
    </trkpt>
    <trkpt lat="-24.9037557" lon="133.1965284">
      <ele>419.018</ele>
    </trkpt>
    <trkpt lat="-24.9039739" lon="133.1965514">
      <ele>419.236</ele>
    </trkpt>
    <trkpt lat="-24.9052968" lon="133.1966919">
      <ele>416.045</ele>
    </trkpt>
    <trkpt lat="-24.9060763" lon="133.196778">
      <ele>417.674</ele>
    </trkpt>
    <trkpt lat="-24.9070991" lon="133.1968853">
      <ele>418.104</ele>
    </trkpt>
    <trkpt lat="-24.9076338" lon="133.1969393">
      <ele>416.491</ele>
    </trkpt>
    <trkpt lat="-24.9086265" lon="133.1970473">
      <ele>415.294</ele>
    </trkpt>
    <trkpt lat="-24.9095254" lon="133.1971389">
      <ele>415.67</ele>
    </trkpt>
    <trkpt lat="-24.9097165" lon="133.1971602">
      <ele>417.177</ele>
    </trkpt>
    <trkpt lat="-24.9098955" lon="133.19718">
      <ele>417.871</ele>
    </trkpt>
    <trkpt lat="-24.9106246" lon="133.1972611">
      <ele>415.214</ele>
    </trkpt>
    <trkpt lat="-24.9117643" lon="133.1973738">
      <ele>419.852</ele>
    </trkpt>
    <trkpt lat="-24.9131063" lon="133.1975194">
      <ele>418.17</ele>
    </trkpt>
    <trkpt lat="-24.9143718" lon="133.1976503">
      <ele>420.257</ele>
    </trkpt>
    <trkpt lat="-24.9145143" lon="133.197665">
      <ele>420.116</ele>
    </trkpt>
    <trkpt lat="-24.9145509" lon="133.197669">
      <ele>420.025</ele>
    </trkpt>
    <trkpt lat="-24.9147299" lon="133.1976886">
      <ele>419.633</ele>
    </trkpt>
    <trkpt lat="-24.9158265" lon="133.1978083">
      <ele>416.893</ele>
    </trkpt>
    <trkpt lat="-24.9173069" lon="133.1979539">
      <ele>419.441</ele>
    </trkpt>
    <trkpt lat="-24.9175953" lon="133.1979821">
      <ele>418.657</ele>
    </trkpt>
    <trkpt lat="-24.9177745" lon="133.1979996">
      <ele>418.012</ele>
    </trkpt>
    <trkpt lat="-24.9182676" lon="133.1980479">
      <ele>417.924</ele>
    </trkpt>
    <trkpt lat="-24.9185061" lon="133.198069">
      <ele>417.457</ele>
    </trkpt>
    <trkpt lat="-24.9188832" lon="133.1980925">
      <ele>417.136</ele>
    </trkpt>
    <trkpt lat="-24.9193326" lon="133.1981136">
      <ele>415.139</ele>
    </trkpt>
    <trkpt lat="-24.9198949" lon="133.1981207">
      <ele>412.704</ele>
    </trkpt>
    <trkpt lat="-24.9202888" lon="133.1981189">
      <ele>412.456</ele>
    </trkpt>
    <trkpt lat="-24.9204253" lon="133.1981183">
      <ele>412.452</ele>
    </trkpt>
    <trkpt lat="-24.9204687" lon="133.1981179">
      <ele>412.449</ele>
    </trkpt>
    <trkpt lat="-24.9209514" lon="133.1981136">
      <ele>411.239</ele>
    </trkpt>
    <trkpt lat="-24.9214839" lon="133.1980902">
      <ele>411.043</ele>
    </trkpt>
    <trkpt lat="-24.9220463" lon="133.1980502">
      <ele>411.007</ele>
    </trkpt>
    <trkpt lat="-24.9224957" lon="133.1980126">
      <ele>410.17</ele>
    </trkpt>
    <trkpt lat="-24.9230069" lon="133.1979563">
      <ele>412.0</ele>
    </trkpt>
    <trkpt lat="-24.9234521" lon="133.1978952">
      <ele>411.247</ele>
    </trkpt>
    <trkpt lat="-24.9239931" lon="133.19782">
      <ele>411.943</ele>
    </trkpt>
    <trkpt lat="-24.9244319" lon="133.1977519">
      <ele>411.041</ele>
    </trkpt>
    <trkpt lat="-24.9250411" lon="133.1976403">
      <ele>408.075</ele>
    </trkpt>
    <trkpt lat="-24.9255874" lon="133.1975229">
      <ele>408.895</ele>
    </trkpt>
    <trkpt lat="-24.9263512" lon="133.1973448">
      <ele>409.423</ele>
    </trkpt>
    <trkpt lat="-24.9282487" lon="133.1968571">
      <ele>407.894</ele>
    </trkpt>
    <trkpt lat="-24.9315381" lon="133.1959996">
      <ele>411.197</ele>
    </trkpt>
    <trkpt lat="-24.9320632" lon="133.1958627">
      <ele>409.211</ele>
    </trkpt>
    <trkpt lat="-24.9322382" lon="133.1958171">
      <ele>408.945</ele>
    </trkpt>
    <trkpt lat="-24.935564" lon="133.1949501">
      <ele>407.801</ele>
    </trkpt>
    <trkpt lat="-24.9357555" lon="133.1949002">
      <ele>407.438</ele>
    </trkpt>
    <trkpt lat="-24.9366695" lon="133.1946724">
      <ele>404.357</ele>
    </trkpt>
    <trkpt lat="-24.9379724" lon="133.1943969">
      <ele>406.394</ele>
    </trkpt>
    <trkpt lat="-24.9383705" lon="133.1943361">
      <ele>404.732</ele>
    </trkpt>
    <trkpt lat="-24.9383858" lon="133.1943335">
      <ele>404.622</ele>
    </trkpt>
    <trkpt lat="-24.9388713" lon="133.1942492">
      <ele>404.595</ele>
    </trkpt>
    <trkpt lat="-24.938919" lon="133.1942426">
      <ele>404.943</ele>
    </trkpt>
    <trkpt lat="-24.9394534" lon="133.1941682">
      <ele>406.962</ele>
    </trkpt>
    <trkpt lat="-24.9401492" lon="133.1940954">
      <ele>407.193</ele>
    </trkpt>
    <trkpt lat="-24.9411075" lon="133.1940184">
      <ele>408.473</ele>
    </trkpt>
    <trkpt lat="-24.9426401" lon="133.1939758">
      <ele>411.0</ele>
    </trkpt>
    <trkpt lat="-24.9435969" lon="133.1939967">
      <ele>412.0</ele>
    </trkpt>
    <trkpt lat="-24.943944" lon="133.1940196">
      <ele>410.697</ele>
    </trkpt>
    <trkpt lat="-24.9445251" lon="133.1940625">
      <ele>408.359</ele>
    </trkpt>
    <trkpt lat="-24.948621" lon="133.1944068">
      <ele>412.0</ele>
    </trkpt>
    <trkpt lat="-24.9532637" lon="133.1948011">
      <ele>409.678</ele>
    </trkpt>
    <trkpt lat="-24.9543473" lon="133.1948931">
      <ele>410.0</ele>
    </trkpt>
    <trkpt lat="-24.9555456" lon="133.1949972">
      <ele>409.964</ele>
    </trkpt>
    <trkpt lat="-24.958374" lon="133.195237">
      <ele>412.0</ele>
    </trkpt>
    <trkpt lat="-24.9598596" lon="133.1953629">
      <ele>410.27</ele>
    </trkpt>
    <trkpt lat="-24.9599881" lon="133.1953736">
      <ele>410.063</ele>
    </trkpt>
    <trkpt lat="-24.9610642" lon="133.1954636">
      <ele>409.894</ele>
    </trkpt>
    <trkpt lat="-24.9612435" lon="133.1954786">
      <ele>409.723</ele>
    </trkpt>
    <trkpt lat="-24.9615202" lon="133.1955017">
      <ele>411.133</ele>
    </trkpt>
    <trkpt lat="-24.963933" lon="133.1957137">
      <ele>411.841</ele>
    </trkpt>
    <trkpt lat="-24.9641123" lon="133.1957294">
      <ele>411.196</ele>
    </trkpt>
    <trkpt lat="-24.9642916" lon="133.1957451">
      <ele>411.45</ele>
    </trkpt>
    <trkpt lat="-24.9655789" lon="133.1958582">
      <ele>413.25</ele>
    </trkpt>
    <trkpt lat="-24.9669807" lon="133.1959866">
      <ele>412.941</ele>
    </trkpt>
    <trkpt lat="-24.9691564" lon="133.1961832">
      <ele>414.24</ele>
    </trkpt>
    <trkpt lat="-24.9705005" lon="133.1962993">
      <ele>413.409</ele>
    </trkpt>
    <trkpt lat="-24.9714984" lon="133.1963852">
      <ele>414.402</ele>
    </trkpt>
    <trkpt lat="-24.971517" lon="133.1963869">
      <ele>414.465</ele>
    </trkpt>
    <trkpt lat="-24.9715484" lon="133.1963898">
      <ele>414.571</ele>
    </trkpt>
    <trkpt lat="-24.9721464" lon="133.1964439">
      <ele>412.107</ele>
    </trkpt>
    <trkpt lat="-24.9774975" lon="133.1969189">
      <ele>410.11</ele>
    </trkpt>
    <trkpt lat="-24.9776768" lon="133.1969348">
      <ele>411.286</ele>
    </trkpt>
    <trkpt lat="-24.9778561" lon="133.1969507">
      <ele>412.311</ele>
    </trkpt>
    <trkpt lat="-24.9795143" lon="133.197098">
      <ele>416.553</ele>
    </trkpt>
    <trkpt lat="-24.9823377" lon="133.1973557">
      <ele>420.623</ele>
    </trkpt>
    <trkpt lat="-24.9825169" lon="133.197372">
      <ele>419.954</ele>
    </trkpt>
    <trkpt lat="-24.9826962" lon="133.1973884">
      <ele>420.226</ele>
    </trkpt>
    <trkpt lat="-24.9828754" lon="133.1974047">
      <ele>420.695</ele>
    </trkpt>
    <trkpt lat="-24.9829955" lon="133.1974157">
      <ele>421.087</ele>
    </trkpt>
    <trkpt lat="-24.9846785" lon="133.1975779">
      <ele>419.0</ele>
    </trkpt>
    <trkpt lat="-24.9869055" lon="133.1977874">
      <ele>417.381</ele>
    </trkpt>
    <trkpt lat="-24.9889782" lon="133.1979774">
      <ele>419.578</ele>
    </trkpt>
    <trkpt lat="-24.9893272" lon="133.19801">
      <ele>418.776</ele>
    </trkpt>
    <trkpt lat="-24.9895065" lon="133.1980268">
      <ele>418.287</ele>
    </trkpt>
    <trkpt lat="-24.9896857" lon="133.1980435">
      <ele>418.093</ele>
    </trkpt>
    <trkpt lat="-24.9941126" lon="133.1984572">
      <ele>421.251</ele>
    </trkpt>
    <trkpt lat="-24.9947039" lon="133.1985126">
      <ele>422.397</ele>
    </trkpt>
    <trkpt lat="-24.9952416" lon="133.198563">
      <ele>423.805</ele>
    </trkpt>
    <trkpt lat="-24.9970337" lon="133.1987311">
      <ele>427.046</ele>
    </trkpt>
    <trkpt lat="-24.9971637" lon="133.1987433">
      <ele>427.365</ele>
    </trkpt>
    <trkpt lat="-24.997213" lon="133.1987479">
      <ele>427.476</ele>
    </trkpt>
    <trkpt lat="-24.9973922" lon="133.1987646">
      <ele>427.214</ele>
    </trkpt>
    <trkpt lat="-25.0004115" lon="133.1990463">
      <ele>428.775</ele>
    </trkpt>
    <trkpt lat="-25.0029481" lon="133.1992835">
      <ele>429.228</ele>
    </trkpt>
    <trkpt lat="-25.0033065" lon="133.199317">
      <ele>429.911</ele>
    </trkpt>
    <trkpt lat="-25.0034858" lon="133.1993338">
      <ele>430.0</ele>
    </trkpt>
    <trkpt lat="-25.003665" lon="133.1993505">
      <ele>430.0</ele>
    </trkpt>
    <trkpt lat="-25.0047983" lon="133.1994565">
      <ele>433.567</ele>
    </trkpt>
    <trkpt lat="-25.0063533" lon="133.1996017">
      <ele>435.618</ele>
    </trkpt>
    <trkpt lat="-25.0086832" lon="133.1998192">
      <ele>433.651</ele>
    </trkpt>
    <trkpt lat="-25.0090417" lon="133.1998527">
      <ele>433.789</ele>
    </trkpt>
    <trkpt lat="-25.0092209" lon="133.1998694">
      <ele>434.103</ele>
    </trkpt>
    <trkpt lat="-25.0094001" lon="133.1998861">
      <ele>434.496</ele>
    </trkpt>
    <trkpt lat="-25.0098318" lon="133.1999264">
      <ele>436.789</ele>
    </trkpt>
    <trkpt lat="-25.0104756" lon="133.1999854">
      <ele>440.387</ele>
    </trkpt>
    <trkpt lat="-25.0135953" lon="133.2002711">
      <ele>435.023</ele>
    </trkpt>
    <trkpt lat="-25.0162118" lon="133.2005065">
      <ele>432.759</ele>
    </trkpt>
    <trkpt lat="-25.0162739" lon="133.2005121">
      <ele>432.752</ele>
    </trkpt>
    <trkpt lat="-25.0179085" lon="133.2006684">
      <ele>437.314</ele>
    </trkpt>
    <trkpt lat="-25.0187209" lon="133.2007416">
      <ele>435.395</ele>
    </trkpt>
    <trkpt lat="-25.0198862" lon="133.2008466">
      <ele>433.819</ele>
    </trkpt>
    <trkpt lat="-25.0214409" lon="133.2009863">
      <ele>433.813</ele>
    </trkpt>
    <trkpt lat="-25.0226646" lon="133.201099">
      <ele>431.593</ele>
    </trkpt>
    <trkpt lat="-25.0230231" lon="133.2011321">
      <ele>433.766</ele>
    </trkpt>
    <trkpt lat="-25.0232023" lon="133.2011486">
      <ele>434.6</ele>
    </trkpt>
    <trkpt lat="-25.0233816" lon="133.2011651">
      <ele>435.334</ele>
    </trkpt>
    <trkpt lat="-25.0235608" lon="133.2011816">
      <ele>435.865</ele>
    </trkpt>
    <trkpt lat="-25.02374" lon="133.2011981">
      <ele>436.637</ele>
    </trkpt>
    <trkpt lat="-25.0237498" lon="133.201199">
      <ele>436.683</ele>
    </trkpt>
    <trkpt lat="-25.0253533" lon="133.2013457">
      <ele>439.99</ele>
    </trkpt>
    <trkpt lat="-25.0253636" lon="133.2013466">
      <ele>439.925</ele>
    </trkpt>
    <trkpt lat="-25.0255326" lon="133.2013618">
      <ele>438.873</ele>
    </trkpt>
    <trkpt lat="-25.0260704" lon="133.2014103">
      <ele>437.011</ele>
    </trkpt>
    <trkpt lat="-25.0274047" lon="133.2015305">
      <ele>438.314</ele>
    </trkpt>
    <trkpt lat="-25.0294121" lon="133.2017162">
      <ele>442.809</ele>
    </trkpt>
    <trkpt lat="-25.0294761" lon="133.2017219">
      <ele>443.0</ele>
    </trkpt>
    <trkpt lat="-25.0296554" lon="133.2017378">
      <ele>443.0</ele>
    </trkpt>
    <trkpt lat="-25.0301932" lon="133.2017855">
      <ele>446.391</ele>
    </trkpt>
    <trkpt lat="-25.0305518" lon="133.2018173">
      <ele>447.986</ele>
    </trkpt>
    <trkpt lat="-25.03198" lon="133.201944">
      <ele>445.996</ele>
    </trkpt>
    <trkpt lat="-25.0328824" lon="133.202026">
      <ele>445.753</ele>
    </trkpt>
    <trkpt lat="-25.0330616" lon="133.2020423">
      <ele>447.028</ele>
    </trkpt>
    <trkpt lat="-25.0332409" lon="133.2020586">
      <ele>447.786</ele>
    </trkpt>
    <trkpt lat="-25.0341179" lon="133.2021383">
      <ele>447.628</ele>
    </trkpt>
    <trkpt lat="-25.0350333" lon="133.2022241">
      <ele>449.247</ele>
    </trkpt>
    <trkpt lat="-25.0352125" lon="133.2022409">
      <ele>450.597</ele>
    </trkpt>
    <trkpt lat="-25.0353917" lon="133.2022577">
      <ele>451.485</ele>
    </trkpt>
    <trkpt lat="-25.0355709" lon="133.2022745">
      <ele>452.0</ele>
    </trkpt>
    <trkpt lat="-25.0357501" lon="133.2022913">
      <ele>452.0</ele>
    </trkpt>
    <trkpt lat="-25.0364255" lon="133.2023547">
      <ele>451.937</ele>
    </trkpt>
    <trkpt lat="-25.036467" lon="133.2023583">
      <ele>451.862</ele>
    </trkpt>
    <trkpt lat="-25.0373635" lon="133.2024371">
      <ele>450.607</ele>
    </trkpt>
    <trkpt lat="-25.0375428" lon="133.2024529">
      <ele>450.143</ele>
    </trkpt>
    <trkpt lat="-25.0377221" lon="133.2024686">
      <ele>450.023</ele>
    </trkpt>
    <trkpt lat="-25.037831" lon="133.2024782">
      <ele>449.985</ele>
    </trkpt>
    <trkpt lat="-25.0381855" lon="133.2025155">
      <ele>449.588</ele>
    </trkpt>
    <trkpt lat="-25.039694" lon="133.2026464">
      <ele>444.527</ele>
    </trkpt>
    <trkpt lat="-25.0401522" lon="133.2026687">
      <ele>444.452</ele>
    </trkpt>
    <trkpt lat="-25.040824" lon="133.2026953">
      <ele>445.933</ele>
    </trkpt>
    <trkpt lat="-25.0418394" lon="133.2026934">
      <ele>446.885</ele>
    </trkpt>
    <trkpt lat="-25.0420837" lon="133.2026877">
      <ele>446.499</ele>
    </trkpt>
    <trkpt lat="-25.0428339" lon="133.2026548">
      <ele>443.709</ele>
    </trkpt>
    <trkpt lat="-25.0440508" lon="133.2025916">
      <ele>444.67</ele>
    </trkpt>
    <trkpt lat="-25.0453419" lon="133.2025259">
      <ele>442.841</ele>
    </trkpt>
    <trkpt lat="-25.0467389" lon="133.2024516">
      <ele>444.699</ele>
    </trkpt>
    <trkpt lat="-25.047229" lon="133.2024262">
      <ele>443.0</ele>
    </trkpt>
    <trkpt lat="-25.048307" lon="133.2023703">
      <ele>442.0</ele>
    </trkpt>
    <trkpt lat="-25.0484866" lon="133.202361">
      <ele>441.448</ele>
    </trkpt>
    <trkpt lat="-25.0486663" lon="133.2023516">
      <ele>440.894</ele>
    </trkpt>
    <trkpt lat="-25.0488609" lon="133.2023415">
      <ele>440.487</ele>
    </trkpt>
    <trkpt lat="-25.0503676" lon="133.202264">
      <ele>442.0</ele>
    </trkpt>
    <trkpt lat="-25.0511816" lon="133.2022204">
      <ele>439.751</ele>
    </trkpt>
    <trkpt lat="-25.0531401" lon="133.2021155">
      <ele>441.775</ele>
    </trkpt>
    <trkpt lat="-25.0547519" lon="133.2020331">
      <ele>440.608</ele>
    </trkpt>
    <trkpt lat="-25.0563547" lon="133.2019489">
      <ele>441.107</ele>
    </trkpt>
    <trkpt lat="-25.0569307" lon="133.2019185">
      <ele>442.951</ele>
    </trkpt>
    <trkpt lat="-25.0580817" lon="133.2018577">
      <ele>443.029</ele>
    </trkpt>
    <trkpt lat="-25.0596948" lon="133.2017734">
      <ele>440.714</ele>
    </trkpt>
    <trkpt lat="-25.0611755" lon="133.2016966">
      <ele>442.536</ele>
    </trkpt>
    <trkpt lat="-25.0625002" lon="133.2016255">
      <ele>439.999</ele>
    </trkpt>
    <trkpt lat="-25.0629" lon="133.201604">
      <ele>438.011</ele>
    </trkpt>
    <trkpt lat="-25.0648359" lon="133.2015046">
      <ele>441.345</ele>
    </trkpt>
    <trkpt lat="-25.065041" lon="133.2014941">
      <ele>441.056</ele>
    </trkpt>
    <trkpt lat="-25.0657341" lon="133.2014566">
      <ele>441.601</ele>
    </trkpt>
    <trkpt lat="-25.0659138" lon="133.2014469">
      <ele>441.148</ele>
    </trkpt>
    <trkpt lat="-25.0664234" lon="133.2014193">
      <ele>440.109</ele>
    </trkpt>
    <trkpt lat="-25.0666324" lon="133.2014087">
      <ele>440.071</ele>
    </trkpt>
    <trkpt lat="-25.0668121" lon="133.2013996">
      <ele>439.535</ele>
    </trkpt>
    <trkpt lat="-25.0677161" lon="133.2013539">
      <ele>442.904</ele>
    </trkpt>
    <trkpt lat="-25.068591" lon="133.2013084">
      <ele>442.051</ele>
    </trkpt>
    <trkpt lat="-25.0689681" lon="133.2012897">
      <ele>441.745</ele>
    </trkpt>
    <trkpt lat="-25.0691478" lon="133.2012808">
      <ele>441.974</ele>
    </trkpt>
    <trkpt lat="-25.069471" lon="133.2012648">
      <ele>441.245</ele>
    </trkpt>
    <trkpt lat="-25.0701184" lon="133.201223">
      <ele>439.538</ele>
    </trkpt>
    <trkpt lat="-25.0705102" lon="133.2011919">
      <ele>440.837</ele>
    </trkpt>
    <trkpt lat="-25.0708765" lon="133.2011458">
      <ele>439.72</ele>
    </trkpt>
    <trkpt lat="-25.0713032" lon="133.2010878">
      <ele>440.435</ele>
    </trkpt>
    <trkpt lat="-25.071599" lon="133.2010336">
      <ele>442.513</ele>
    </trkpt>
    <trkpt lat="-25.0721561" lon="133.2009121">
      <ele>443.022</ele>
    </trkpt>
    <trkpt lat="-25.0726912" lon="133.2007644">
      <ele>442.269</ele>
    </trkpt>
    <trkpt lat="-25.0732669" lon="133.2005862">
      <ele>442.619</ele>
    </trkpt>
    <trkpt lat="-25.0738303" lon="133.2003967">
      <ele>442.783</ele>
    </trkpt>
    <trkpt lat="-25.0744585" lon="133.2001805">
      <ele>440.769</ele>
    </trkpt>
    <trkpt lat="-25.0750788" lon="133.1999636">
      <ele>445.209</ele>
    </trkpt>
    <trkpt lat="-25.0756263" lon="133.1997816">
      <ele>443.682</ele>
    </trkpt>
    <trkpt lat="-25.075803" lon="133.1997219">
      <ele>443.888</ele>
    </trkpt>
    <trkpt lat="-25.075975" lon="133.1996637">
      <ele>443.985</ele>
    </trkpt>
    <trkpt lat="-25.0762641" lon="133.199566">
      <ele>443.324</ele>
    </trkpt>
    <trkpt lat="-25.0768387" lon="133.199366">
      <ele>442.184</ele>
    </trkpt>
    <trkpt lat="-25.0775499" lon="133.1991173">
      <ele>444.501</ele>
    </trkpt>
    <trkpt lat="-25.0782057" lon="133.1988911">
      <ele>449.065</ele>
    </trkpt>
    <trkpt lat="-25.078953" lon="133.198635">
      <ele>448.769</ele>
    </trkpt>
    <trkpt lat="-25.0796523" lon="133.1983938">
      <ele>446.163</ele>
    </trkpt>
    <trkpt lat="-25.0800947" lon="133.1982403">
      <ele>447.893</ele>
    </trkpt>
    <trkpt lat="-25.0812343" lon="133.19785">
      <ele>452.183</ele>
    </trkpt>
    <trkpt lat="-25.0815449" lon="133.1977489">
      <ele>453.0</ele>
    </trkpt>
    <trkpt lat="-25.0820752" lon="133.1975884">
      <ele>453.834</ele>
    </trkpt>
    <trkpt lat="-25.0821564" lon="133.1975638">
      <ele>454.304</ele>
    </trkpt>
    <trkpt lat="-25.0830777" lon="133.1973476">
      <ele>452.036</ele>
    </trkpt>
    <trkpt lat="-25.0834866" lon="133.197285">
      <ele>452.778</ele>
    </trkpt>
    <trkpt lat="-25.0836648" lon="133.1972577">
      <ele>453.272</ele>
    </trkpt>
    <trkpt lat="-25.0838084" lon="133.1972357">
      <ele>453.69</ele>
    </trkpt>
    <trkpt lat="-25.0840221" lon="133.197213">
      <ele>454.48</ele>
    </trkpt>
    <trkpt lat="-25.0842012" lon="133.197194">
      <ele>454.751</ele>
    </trkpt>
    <trkpt lat="-25.0843802" lon="133.197175">
      <ele>453.463</ele>
    </trkpt>
    <trkpt lat="-25.0844742" lon="133.197165">
      <ele>452.871</ele>
    </trkpt>
    <trkpt lat="-25.0845595" lon="133.1971609">
      <ele>452.494</ele>
    </trkpt>
    <trkpt lat="-25.0852928" lon="133.1971255">
      <ele>455.035</ele>
    </trkpt>
    <trkpt lat="-25.085981" lon="133.1971387">
      <ele>455.168</ele>
    </trkpt>
    <trkpt lat="-25.0867153" lon="133.1971952">
      <ele>453.08</ele>
    </trkpt>
    <trkpt lat="-25.0869432" lon="133.1972127">
      <ele>453.0</ele>
    </trkpt>
    <trkpt lat="-25.0878765" lon="133.1972916">
      <ele>451.0</ele>
    </trkpt>
    <trkpt lat="-25.0886749" lon="133.1973681">
      <ele>450.879</ele>
    </trkpt>
    <trkpt lat="-25.0896408" lon="133.1974487">
      <ele>454.054</ele>
    </trkpt>
    <trkpt lat="-25.090481" lon="133.1975199">
      <ele>449.608</ele>
    </trkpt>
    <trkpt lat="-25.0905048" lon="133.1975219">
      <ele>449.444</ele>
    </trkpt>
    <trkpt lat="-25.0906602" lon="133.1975359">
      <ele>449.834</ele>
    </trkpt>
    <trkpt lat="-25.0908395" lon="133.1975521">
      <ele>451.04</ele>
    </trkpt>
    <trkpt lat="-25.0910188" lon="133.1975683">
      <ele>452.171</ele>
    </trkpt>
    <trkpt lat="-25.0913709" lon="133.1976">
      <ele>452.64</ele>
    </trkpt>
    <trkpt lat="-25.0919154" lon="133.1976449">
      <ele>453.895</ele>
    </trkpt>
    <trkpt lat="-25.0920948" lon="133.1976597">
      <ele>453.689</ele>
    </trkpt>
    <trkpt lat="-25.0923473" lon="133.1976806">
      <ele>452.9</ele>
    </trkpt>
    <trkpt lat="-25.0934257" lon="133.1977768">
      <ele>454.665</ele>
    </trkpt>
    <trkpt lat="-25.0945101" lon="133.1978673">
      <ele>457.914</ele>
    </trkpt>
    <trkpt lat="-25.0951431" lon="133.1979236">
      <ele>459.0</ele>
    </trkpt>
    <trkpt lat="-25.0985606" lon="133.1982188">
      <ele>456.588</ele>
    </trkpt>
    <trkpt lat="-25.09874" lon="133.1982343">
      <ele>456.809</ele>
    </trkpt>
    <trkpt lat="-25.0989193" lon="133.1982498">
      <ele>457.109</ele>
    </trkpt>
    <trkpt lat="-25.0990986" lon="133.1982653">
      <ele>457.755</ele>
    </trkpt>
    <trkpt lat="-25.0999952" lon="133.1983427">
      <ele>458.965</ele>
    </trkpt>
    <trkpt lat="-25.1014297" lon="133.1984666">
      <ele>461.364</ele>
    </trkpt>
    <trkpt lat="-25.101609" lon="133.1984821">
      <ele>463.009</ele>
    </trkpt>
    <trkpt lat="-25.1017883" lon="133.1984976">
      <ele>464.208</ele>
    </trkpt>
    <trkpt lat="-25.1019578" lon="133.1985122">
      <ele>465.0</ele>
    </trkpt>
    <trkpt lat="-25.1019677" lon="133.1985131">
      <ele>465.0</ele>
    </trkpt>
    <trkpt lat="-25.1023974" lon="133.1985511">
      <ele>463.875</ele>
    </trkpt>
    <trkpt lat="-25.1025055" lon="133.1985611">
      <ele>463.176</ele>
    </trkpt>
    <trkpt lat="-25.1030327" lon="133.1986101">
      <ele>462.997</ele>
    </trkpt>
    <trkpt lat="-25.103902" lon="133.1987156">
      <ele>463.029</ele>
    </trkpt>
    <trkpt lat="-25.1048873" lon="133.1988772">
      <ele>459.423</ele>
    </trkpt>
    <trkpt lat="-25.1050044" lon="133.1988967">
      <ele>458.984</ele>
    </trkpt>
    <trkpt lat="-25.1051822" lon="133.1989262">
      <ele>458.344</ele>
    </trkpt>
    <trkpt lat="-25.1053601" lon="133.1989558">
      <ele>457.929</ele>
    </trkpt>
    <trkpt lat="-25.1054056" lon="133.1989634">
      <ele>457.877</ele>
    </trkpt>
    <trkpt lat="-25.1067574" lon="133.1991916">
      <ele>463.266</ele>
    </trkpt>
    <trkpt lat="-25.1080142" lon="133.1993984">
      <ele>467.0</ele>
    </trkpt>
    <trkpt lat="-25.1082057" lon="133.1994302">
      <ele>467.0</ele>
    </trkpt>
    <trkpt lat="-25.1083835" lon="133.1994597">
      <ele>467.065</ele>
    </trkpt>
    <trkpt lat="-25.1085548" lon="133.1994881">
      <ele>467.282</ele>
    </trkpt>
    <trkpt lat="-25.1085614" lon="133.1994891">
      <ele>467.293</ele>
    </trkpt>
    <trkpt lat="-25.1087395" lon="133.1995167">
      <ele>468.324</ele>
    </trkpt>
    <trkpt lat="-25.1089177" lon="133.1995442">
      <ele>469.463</ele>
    </trkpt>
    <trkpt lat="-25.1090958" lon="133.1995717">
      <ele>470.203</ele>
    </trkpt>
    <trkpt lat="-25.1094209" lon="133.199622">
      <ele>470.969</ele>
    </trkpt>
    <trkpt lat="-25.1099347" lon="133.1996906">
      <ele>471.121</ele>
    </trkpt>
    <trkpt lat="-25.1103755" lon="133.199735">
      <ele>471.046</ele>
    </trkpt>
    <trkpt lat="-25.1107477" lon="133.1997631">
      <ele>470.455</ele>
    </trkpt>
    <trkpt lat="-25.1108845" lon="133.1997735">
      <ele>470.301</ele>
    </trkpt>
    <trkpt lat="-25.1112434" lon="133.1998006">
      <ele>470.987</ele>
    </trkpt>
    <trkpt lat="-25.1112573" lon="133.1998017">
      <ele>471.015</ele>
    </trkpt>
    <trkpt lat="-25.111423" lon="133.1998113">
      <ele>471.237</ele>
    </trkpt>
    <trkpt lat="-25.1116026" lon="133.1998217">
      <ele>470.864</ele>
    </trkpt>
    <trkpt lat="-25.1120375" lon="133.199847">
      <ele>469.748</ele>
    </trkpt>
    <trkpt lat="-25.1124375" lon="133.1998518">
      <ele>469.415</ele>
    </trkpt>
    <trkpt lat="-25.1129956" lon="133.1998512">
      <ele>468.736</ele>
    </trkpt>
    <trkpt lat="-25.1135805" lon="133.199846">
      <ele>468.89</ele>
    </trkpt>
    <trkpt lat="-25.1136005" lon="133.1998458">
      <ele>468.962</ele>
    </trkpt>
    <trkpt lat="-25.1143528" lon="133.1998014">
      <ele>468.094</ele>
    </trkpt>
    <trkpt lat="-25.1150246" lon="133.1997599">
      <ele>465.876</ele>
    </trkpt>
    <trkpt lat="-25.1153757" lon="133.1997273">
      <ele>466.353</ele>
    </trkpt>
    <trkpt lat="-25.1155424" lon="133.1997118">
      <ele>466.917</ele>
    </trkpt>
    <trkpt lat="-25.1155549" lon="133.1997103">
      <ele>466.955</ele>
    </trkpt>
    <trkpt lat="-25.1159126" lon="133.1996668">
      <ele>467.772</ele>
    </trkpt>
    <trkpt lat="-25.116206" lon="133.1996312">
      <ele>467.216</ele>
    </trkpt>
    <trkpt lat="-25.1162698" lon="133.1996209">
      <ele>467.156</ele>
    </trkpt>
    <trkpt lat="-25.1171597" lon="133.1994777">
      <ele>467.907</ele>
    </trkpt>
    <trkpt lat="-25.1173377" lon="133.199449">
      <ele>467.166</ele>
    </trkpt>
    <trkpt lat="-25.1173734" lon="133.1994432">
      <ele>466.909</ele>
    </trkpt>
    <trkpt lat="-25.1178699" lon="133.199351">
      <ele>465.78</ele>
    </trkpt>
    <trkpt lat="-25.1179097" lon="133.1993436">
      <ele>465.697</ele>
    </trkpt>
    <trkpt lat="-25.1189268" lon="133.1991098">
      <ele>464.313</ele>
    </trkpt>
    <trkpt lat="-25.1189992" lon="133.1990932">
      <ele>464.557</ele>
    </trkpt>
    <trkpt lat="-25.1197045" lon="133.1989002">
      <ele>464.003</ele>
    </trkpt>
    <trkpt lat="-25.120493" lon="133.1986589">
      <ele>463.92</ele>
    </trkpt>
    <trkpt lat="-25.1206284" lon="133.1986174">
      <ele>462.912</ele>
    </trkpt>
    <trkpt lat="-25.120666" lon="133.1986047">
      <ele>462.451</ele>
    </trkpt>
    <trkpt lat="-25.1210099" lon="133.1984883">
      <ele>460.129</ele>
    </trkpt>
    <trkpt lat="-25.1215178" lon="133.1983165">
      <ele>460.961</ele>
    </trkpt>
    <trkpt lat="-25.1222107" lon="133.1980471">
      <ele>462.011</ele>
    </trkpt>
    <trkpt lat="-25.1233158" lon="133.197621">
      <ele>461.184</ele>
    </trkpt>
    <trkpt lat="-25.123563" lon="133.1975263">
      <ele>461.062</ele>
    </trkpt>
    <trkpt lat="-25.123733" lon="133.1974611">
      <ele>461.14</ele>
    </trkpt>
    <trkpt lat="-25.1239029" lon="133.197396">
      <ele>461.526</ele>
    </trkpt>
    <trkpt lat="-25.1240728" lon="133.1973309">
      <ele>463.595</ele>
    </trkpt>
    <trkpt lat="-25.1249225" lon="133.1970053">
      <ele>459.497</ele>
    </trkpt>
    <trkpt lat="-25.1253092" lon="133.1968571">
      <ele>457.608</ele>
    </trkpt>
    <trkpt lat="-25.1262813" lon="133.1964824">
      <ele>457.337</ele>
    </trkpt>
    <trkpt lat="-25.1264511" lon="133.196417">
      <ele>456.877</ele>
    </trkpt>
    <trkpt lat="-25.1266209" lon="133.1963515">
      <ele>456.165</ele>
    </trkpt>
    <trkpt lat="-25.1269606" lon="133.1962206">
      <ele>455.429</ele>
    </trkpt>
    <trkpt lat="-25.1278401" lon="133.1958817">
      <ele>454.725</ele>
    </trkpt>
    <trkpt lat="-25.1279796" lon="133.1958281">
      <ele>453.533</ele>
    </trkpt>
    <trkpt lat="-25.1286591" lon="133.1955671">
      <ele>454.207</ele>
    </trkpt>
    <trkpt lat="-25.1292342" lon="133.1953461">
      <ele>455.0</ele>
    </trkpt>
    <trkpt lat="-25.1305619" lon="133.1948287">
      <ele>452.972</ele>
    </trkpt>
    <trkpt lat="-25.1307557" lon="133.1947533">
      <ele>451.72</ele>
    </trkpt>
    <trkpt lat="-25.1310381" lon="133.1946559">
      <ele>451.8</ele>
    </trkpt>
    <trkpt lat="-25.1312312" lon="133.1945892">
      <ele>452.865</ele>
    </trkpt>
    <trkpt lat="-25.1315649" lon="133.1944778">
      <ele>454.076</ele>
    </trkpt>
    <trkpt lat="-25.1318641" lon="133.1943795">
      <ele>454.068</ele>
    </trkpt>
    <trkpt lat="-25.132317" lon="133.1942384">
      <ele>454.088</ele>
    </trkpt>
    <trkpt lat="-25.1330532" lon="133.1940309">
      <ele>453.035</ele>
    </trkpt>
    <trkpt lat="-25.1335515" lon="133.1939073">
      <ele>453.866</ele>
    </trkpt>
    <trkpt lat="-25.1339957" lon="133.1938062">
      <ele>454.385</ele>
    </trkpt>
    <trkpt lat="-25.1341718" lon="133.1937661">
      <ele>455.018</ele>
    </trkpt>
    <trkpt lat="-25.1342373" lon="133.1937512">
      <ele>455.254</ele>
    </trkpt>
    <trkpt lat="-25.1344853" lon="133.1936968">
      <ele>456.045</ele>
    </trkpt>
    <trkpt lat="-25.1349979" lon="133.1935962">
      <ele>455.893</ele>
    </trkpt>
    <trkpt lat="-25.1352992" lon="133.1935436">
      <ele>454.757</ele>
    </trkpt>
    <trkpt lat="-25.1355897" lon="133.1934969">
      <ele>454.589</ele>
    </trkpt>
    <trkpt lat="-25.1361461" lon="133.1934173">
      <ele>452.874</ele>
    </trkpt>
    <trkpt lat="-25.1367295" lon="133.1933458">
      <ele>452.181</ele>
    </trkpt>
    <trkpt lat="-25.1374197" lon="133.1932803">
      <ele>454.0</ele>
    </trkpt>
    <trkpt lat="-25.1381204" lon="133.1932302">
      <ele>454.233</ele>
    </trkpt>
    <trkpt lat="-25.1382561" lon="133.1932205">
      <ele>454.722</ele>
    </trkpt>
    <trkpt lat="-25.1384442" lon="133.1932127">
      <ele>455.0</ele>
    </trkpt>
    <trkpt lat="-25.1385728" lon="133.1932042">
      <ele>455.0</ele>
    </trkpt>
    <trkpt lat="-25.1390425" lon="133.1931934">
      <ele>452.726</ele>
    </trkpt>
    <trkpt lat="-25.139474" lon="133.1931924">
      <ele>453.561</ele>
    </trkpt>
    <trkpt lat="-25.1401531" lon="133.1931846">
      <ele>451.689</ele>
    </trkpt>
    <trkpt lat="-25.1404577" lon="133.1931945">
      <ele>450.676</ele>
    </trkpt>
    <trkpt lat="-25.140472" lon="133.193195">
      <ele>450.652</ele>
    </trkpt>
    <trkpt lat="-25.1406374" lon="133.1932033">
      <ele>450.67</ele>
    </trkpt>
    <trkpt lat="-25.1409968" lon="133.1932212">
      <ele>450.762</ele>
    </trkpt>
    <trkpt lat="-25.1411092" lon="133.1932268">
      <ele>450.619</ele>
    </trkpt>
    <trkpt lat="-25.1411763" lon="133.1932321">
      <ele>450.572</ele>
    </trkpt>
    <trkpt lat="-25.1416128" lon="133.1932665">
      <ele>450.047</ele>
    </trkpt>
    <trkpt lat="-25.1417143" lon="133.1932778">
      <ele>449.829</ele>
    </trkpt>
    <trkpt lat="-25.1422912" lon="133.1933419">
      <ele>450.241</ele>
    </trkpt>
    <trkpt lat="-25.1426099" lon="133.1933671">
      <ele>450.531</ele>
    </trkpt>
    <trkpt lat="-25.1429022" lon="133.1934162">
      <ele>449.686</ele>
    </trkpt>
    <trkpt lat="-25.1437562" lon="133.1935185">
      <ele>450.144</ele>
    </trkpt>
    <trkpt lat="-25.144389" lon="133.193611">
      <ele>447.2</ele>
    </trkpt>
    <trkpt lat="-25.1454978" lon="133.19377">
      <ele>447.094</ele>
    </trkpt>
    <trkpt lat="-25.1459951" lon="133.1938362">
      <ele>446.11</ele>
    </trkpt>
    <trkpt lat="-25.1461737" lon="133.19386">
      <ele>446.329</ele>
    </trkpt>
    <trkpt lat="-25.1462931" lon="133.1938759">
      <ele>446.702</ele>
    </trkpt>
    <trkpt lat="-25.1463523" lon="133.1938839">
      <ele>446.886</ele>
    </trkpt>
    <trkpt lat="-25.1469912" lon="133.1939705">
      <ele>445.881</ele>
    </trkpt>
    <trkpt lat="-25.1476855" lon="133.1940667">
      <ele>444.573</ele>
    </trkpt>
    <trkpt lat="-25.1482624" lon="133.1941482">
      <ele>445.794</ele>
    </trkpt>
    <trkpt lat="-25.1484895" lon="133.1941762">
      <ele>445.966</ele>
    </trkpt>
    <trkpt lat="-25.1488061" lon="133.1942215">
      <ele>444.399</ele>
    </trkpt>
    <trkpt lat="-25.149669" lon="133.1943447">
      <ele>446.045</ele>
    </trkpt>
    <trkpt lat="-25.1508142" lon="133.1944991">
      <ele>443.803</ele>
    </trkpt>
    <trkpt lat="-25.151639" lon="133.194609">
      <ele>442.144</ele>
    </trkpt>
    <trkpt lat="-25.1544119" lon="133.1949877">
      <ele>440.922</ele>
    </trkpt>
    <trkpt lat="-25.1547689" lon="133.1950364">
      <ele>440.554</ele>
    </trkpt>
    <trkpt lat="-25.154802" lon="133.1950409">
      <ele>440.784</ele>
    </trkpt>
    <trkpt lat="-25.1549201" lon="133.1950569">
      <ele>441.543</ele>
    </trkpt>
    <trkpt lat="-25.1549475" lon="133.1950606">
      <ele>441.704</ele>
    </trkpt>
    <trkpt lat="-25.155126" lon="133.1950847">
      <ele>441.862</ele>
    </trkpt>
    <trkpt lat="-25.1562166" lon="133.1952322">
      <ele>436.62</ele>
    </trkpt>
    <trkpt lat="-25.157791" lon="133.1954464">
      <ele>436.512</ele>
    </trkpt>
    <trkpt lat="-25.1587356" lon="133.1955731">
      <ele>432.097</ele>
    </trkpt>
    <trkpt lat="-25.1592318" lon="133.1956435">
      <ele>432.477</ele>
    </trkpt>
    <trkpt lat="-25.1597002" lon="133.19571">
      <ele>433.0</ele>
    </trkpt>
    <trkpt lat="-25.1602346" lon="133.1957883">
      <ele>433.0</ele>
    </trkpt>
    <trkpt lat="-25.1609014" lon="133.1958786">
      <ele>433.755</ele>
    </trkpt>
    <trkpt lat="-25.1616967" lon="133.1959865">
      <ele>431.103</ele>
    </trkpt>
    <trkpt lat="-25.1625689" lon="133.1961015">
      <ele>429.743</ele>
    </trkpt>
    <trkpt lat="-25.163651" lon="133.1962522">
      <ele>430.729</ele>
    </trkpt>
    <trkpt lat="-25.1644079" lon="133.1963551">
      <ele>429.747</ele>
    </trkpt>
    <trkpt lat="-25.1644829" lon="133.1963653">
      <ele>430.054</ele>
    </trkpt>
    <trkpt lat="-25.1645864" lon="133.1963797">
      <ele>430.478</ele>
    </trkpt>
    <trkpt lat="-25.1647376" lon="133.1964007">
      <ele>431.051</ele>
    </trkpt>
    <trkpt lat="-25.1647648" lon="133.1964045">
      <ele>431.136</ele>
    </trkpt>
    <trkpt lat="-25.164916" lon="133.1964256">
      <ele>431.513</ele>
    </trkpt>
    <trkpt lat="-25.1649433" lon="133.1964294">
      <ele>431.564</ele>
    </trkpt>
    <trkpt lat="-25.1650944" lon="133.1964504">
      <ele>431.217</ele>
    </trkpt>
    <trkpt lat="-25.1651218" lon="133.1964542">
      <ele>431.091</ele>
    </trkpt>
    <trkpt lat="-25.1653002" lon="133.196479">
      <ele>430.27</ele>
    </trkpt>
    <trkpt lat="-25.1655781" lon="133.1965177">
      <ele>429.11</ele>
    </trkpt>
    <trkpt lat="-25.1663713" lon="133.1966251">
      <ele>429.937</ele>
    </trkpt>
    <trkpt lat="-25.1673299" lon="133.1967548">
      <ele>429.44</ele>
    </trkpt>
    <trkpt lat="-25.167978" lon="133.1968427">
      <ele>429.37</ele>
    </trkpt>
    <trkpt lat="-25.1686372" lon="133.1969322">
      <ele>430.0</ele>
    </trkpt>
    <trkpt lat="-25.1688703" lon="133.196967">
      <ele>430.076</ele>
    </trkpt>
    <trkpt lat="-25.1690485" lon="133.1969937">
      <ele>431.327</ele>
    </trkpt>
    <trkpt lat="-25.1691994" lon="133.1970163">
      <ele>432.259</ele>
    </trkpt>
    <trkpt lat="-25.1692267" lon="133.1970203">
      <ele>432.273</ele>
    </trkpt>
    <trkpt lat="-25.169278" lon="133.197028">
      <ele>432.301</ele>
    </trkpt>
    <trkpt lat="-25.1693779" lon="133.197041">
      <ele>432.348</ele>
    </trkpt>
    <trkpt lat="-25.1694053" lon="133.1970446">
      <ele>432.361</ele>
    </trkpt>
    <trkpt lat="-25.1695566" lon="133.1970642">
      <ele>432.027</ele>
    </trkpt>
    <trkpt lat="-25.1695839" lon="133.1970678">
      <ele>431.942</ele>
    </trkpt>
    <trkpt lat="-25.1697352" lon="133.1970875">
      <ele>431.42</ele>
    </trkpt>
    <trkpt lat="-25.1702795" lon="133.1971584">
      <ele>425.46</ele>
    </trkpt>
    <trkpt lat="-25.170477" lon="133.1971842">
      <ele>425.274</ele>
    </trkpt>
    <trkpt lat="-25.1710514" lon="133.1972592">
      <ele>426.105</ele>
    </trkpt>
    <trkpt lat="-25.171722" lon="133.1973609">
      <ele>428.302</ele>
    </trkpt>
    <trkpt lat="-25.1725745" lon="133.1974726">
      <ele>425.732</ele>
    </trkpt>
    <trkpt lat="-25.1729763" lon="133.1975229">
      <ele>424.203</ele>
    </trkpt>
    <trkpt lat="-25.1731638" lon="133.1975464">
      <ele>423.508</ele>
    </trkpt>
    <trkpt lat="-25.1733335" lon="133.19757">
      <ele>423.0</ele>
    </trkpt>
    <trkpt lat="-25.1736631" lon="133.1976159">
      <ele>423.056</ele>
    </trkpt>
    <trkpt lat="-25.1736904" lon="133.1976197">
      <ele>422.976</ele>
    </trkpt>
    <trkpt lat="-25.1738415" lon="133.1976407">
      <ele>422.578</ele>
    </trkpt>
    <trkpt lat="-25.1738688" lon="133.1976445">
      <ele>422.514</ele>
    </trkpt>
    <trkpt lat="-25.1739447" lon="133.1976551">
      <ele>422.353</ele>
    </trkpt>
    <trkpt lat="-25.174417" lon="133.197722">
      <ele>422.0</ele>
    </trkpt>
    <trkpt lat="-25.1751355" lon="133.1978284">
      <ele>426.093</ele>
    </trkpt>
    <trkpt lat="-25.1759822" lon="133.1979457">
      <ele>424.0</ele>
    </trkpt>
    <trkpt lat="-25.1759836" lon="133.1979459">
      <ele>424.0</ele>
    </trkpt>
    <trkpt lat="-25.1763483" lon="133.1979898">
      <ele>423.348</ele>
    </trkpt>
    <trkpt lat="-25.1763671" lon="133.1979924">
      <ele>423.288</ele>
    </trkpt>
    <trkpt lat="-25.1768751" lon="133.1980636">
      <ele>420.47</ele>
    </trkpt>
    <trkpt lat="-25.1769024" lon="133.1980674">
      <ele>420.26</ele>
    </trkpt>
    <trkpt lat="-25.1770808" lon="133.1980924">
      <ele>419.442</ele>
    </trkpt>
    <trkpt lat="-25.1775965" lon="133.1981647">
      <ele>421.74</ele>
    </trkpt>
    <trkpt lat="-25.1776162" lon="133.1981672">
      <ele>421.82</ele>
    </trkpt>
    <trkpt lat="-25.1784822" lon="133.1982779">
      <ele>420.986</ele>
    </trkpt>
    <trkpt lat="-25.1786508" lon="133.1982994">
      <ele>420.986</ele>
    </trkpt>
    <trkpt lat="-25.1786608" lon="133.1983009">
      <ele>421.02</ele>
    </trkpt>
    <trkpt lat="-25.1786881" lon="133.1983048">
      <ele>421.118</ele>
    </trkpt>
    <trkpt lat="-25.17953" lon="133.1984259">
      <ele>420.487</ele>
    </trkpt>
    <trkpt lat="-25.1802943" lon="133.1985273">
      <ele>420.113</ele>
    </trkpt>
    <trkpt lat="-25.1805622" lon="133.1985628">
      <ele>420.656</ele>
    </trkpt>
    <trkpt lat="-25.1811872" lon="133.1986464">
      <ele>420.873</ele>
    </trkpt>
    <trkpt lat="-25.1814409" lon="133.1986803">
      <ele>420.751</ele>
    </trkpt>
    <trkpt lat="-25.1820793" lon="133.1987713">
      <ele>420.074</ele>
    </trkpt>
    <trkpt lat="-25.1826935" lon="133.1988588">
      <ele>422.664</ele>
    </trkpt>
    <trkpt lat="-25.1836585" lon="133.1989881">
      <ele>419.939</ele>
    </trkpt>
    <trkpt lat="-25.183837" lon="133.199012">
      <ele>419.64</ele>
    </trkpt>
    <trkpt lat="-25.1838643" lon="133.1990157">
      <ele>419.584</ele>
    </trkpt>
    <trkpt lat="-25.184333" lon="133.1990785">
      <ele>419.317</ele>
    </trkpt>
    <trkpt lat="-25.1847734" lon="133.1991381">
      <ele>417.919</ele>
    </trkpt>
    <trkpt lat="-25.1851139" lon="133.1991857">
      <ele>416.537</ele>
    </trkpt>
    <trkpt lat="-25.186629" lon="133.1993973">
      <ele>421.339</ele>
    </trkpt>
    <trkpt lat="-25.1874342" lon="133.1995051">
      <ele>419.833</ele>
    </trkpt>
    <trkpt lat="-25.1879298" lon="133.1995714">
      <ele>418.996</ele>
    </trkpt>
    <trkpt lat="-25.1888297" lon="133.1996921">
      <ele>417.892</ele>
    </trkpt>
    <trkpt lat="-25.1897984" lon="133.1998263">
      <ele>419.454</ele>
    </trkpt>
    <trkpt lat="-25.1906863" lon="133.1999559">
      <ele>419.841</ele>
    </trkpt>
    <trkpt lat="-25.191217" lon="133.200029">
      <ele>418.514</ele>
    </trkpt>
    <trkpt lat="-25.1919453" lon="133.2001505">
      <ele>416.999</ele>
    </trkpt>
    <trkpt lat="-25.1920711" lon="133.2001735">
      <ele>416.829</ele>
    </trkpt>
    <trkpt lat="-25.1922486" lon="133.2002059">
      <ele>416.836</ele>
    </trkpt>
    <trkpt lat="-25.192426" lon="133.2002383">
      <ele>417.591</ele>
    </trkpt>
    <trkpt lat="-25.1928129" lon="133.2003091">
      <ele>417.986</ele>
    </trkpt>
    <trkpt lat="-25.1928863" lon="133.2003238">
      <ele>417.935</ele>
    </trkpt>
    <trkpt lat="-25.192958" lon="133.2003382">
      <ele>417.859</ele>
    </trkpt>
    <trkpt lat="-25.19327" lon="133.2004009">
      <ele>416.443</ele>
    </trkpt>
    <trkpt lat="-25.1938403" lon="133.20053">
      <ele>416.758</ele>
    </trkpt>
    <trkpt lat="-25.1942395" lon="133.2006204">
      <ele>416.0</ele>
    </trkpt>
    <trkpt lat="-25.1943524" lon="133.2006436">
      <ele>416.0</ele>
    </trkpt>
    <trkpt lat="-25.1947326" lon="133.2007391">
      <ele>418.037</ele>
    </trkpt>
    <trkpt lat="-25.195076" lon="133.2008311">
      <ele>418.998</ele>
    </trkpt>
    <trkpt lat="-25.1953935" lon="133.2009213">
      <ele>418.815</ele>
    </trkpt>
    <trkpt lat="-25.195592" lon="133.2009791">
      <ele>419.006</ele>
    </trkpt>
    <trkpt lat="-25.1959247" lon="133.2010841">
      <ele>419.774</ele>
    </trkpt>
    <trkpt lat="-25.195952" lon="133.2010929">
      <ele>419.841</ele>
    </trkpt>
    <trkpt lat="-25.1966954" lon="133.2013331">
      <ele>416.228</ele>
    </trkpt>
    <trkpt lat="-25.1969051" lon="133.2011206">
      <ele>418.546</ele>
    </trkpt>
    <trkpt lat="-25.1970358" lon="133.2009964">
      <ele>419.386</ele>
    </trkpt>
    <trkpt lat="-25.1970841" lon="133.2009406">
      <ele>419.388</ele>
    </trkpt>
    <trkpt lat="-25.1971419" lon="133.2008852">
      <ele>419.265</ele>
    </trkpt>
    <trkpt lat="-25.1971859" lon="133.2008646">
      <ele>419.196</ele>
    </trkpt>
    <trkpt lat="-25.1972202" lon="133.2008545">
      <ele>419.151</ele>
    </trkpt>
    <trkpt lat="-25.1972531" lon="133.2008551">
      <ele>418.943</ele>
    </trkpt>
    <trkpt lat="-25.19728" lon="133.2008557">
      <ele>418.762</ele>
    </trkpt>
    <trkpt lat="-25.1974243" lon="133.2009117">
      <ele>418.315</ele>
    </trkpt>
    <trkpt lat="-25.1974444" lon="133.2009195">
      <ele>418.269</ele>
    </trkpt>
  </trkseg>
</trk>
</gpx>
