<?xml version="1.0" encoding="utf-8" standalone="yes"?>
<gpx version="1.1" creator="GPS Visualizer https://www.gpsvisualizer.com/" xmlns="http://www.topografix.com/GPX/1/1" xmlns:xsi="http://www.w3.org/2001/XMLSchema-instance" xsi:schemaLocation="http://www.topografix.com/GPX/1/1 http://www.topografix.com/GPX/1/1/gpx.xsd http://www.garmin.com/xmlschemas/TrackPointExtension/v2 http://www.garmin.com/xmlschemas/TrackPointExtensionv2.xsd http://www.garmin.com/xmlschemas/GpxExtensions/v3 http://www.garmin.com/xmlschemas/GpxExtensionsv3.xsd" xmlns:gpxtpx="http://www.garmin.com/xmlschemas/TrackPointExtension/v2" xmlns:gpxx="http://www.garmin.com/xmlschemas/GpxExtensions/v3">
<trk>
  <name>Route9</name>
  <trkseg>
    <trkpt lat="-30.9696561" lon="135.7503545">
      <ele>145.0</ele>
    </trkpt>
    <trkpt lat="-30.9696561" lon="135.7503545">
      <ele>145.0</ele>
    </trkpt>
    <trkpt lat="-30.9696439" lon="135.750329">
      <ele>145.0</ele>
    </trkpt>
    <trkpt lat="-30.9695963" lon="135.7502582">
      <ele>144.93</ele>
    </trkpt>
    <trkpt lat="-30.9695482" lon="135.7501911">
      <ele>144.688</ele>
    </trkpt>
    <trkpt lat="-30.9695247" lon="135.7501392">
      <ele>144.501</ele>
    </trkpt>
    <trkpt lat="-30.9695105" lon="135.7500813">
      <ele>144.293</ele>
    </trkpt>
    <trkpt lat="-30.9695014" lon="135.7499124">
      <ele>143.935</ele>
    </trkpt>
    <trkpt lat="-30.9700778" lon="135.7502773">
      <ele>145.719</ele>
    </trkpt>
    <trkpt lat="-30.970348" lon="135.7504312">
      <ele>145.3</ele>
    </trkpt>
    <trkpt lat="-30.9705598" lon="135.7505518">
      <ele>144.986</ele>
    </trkpt>
    <trkpt lat="-30.9706737" lon="135.7506092">
      <ele>145.193</ele>
    </trkpt>
    <trkpt lat="-30.9708387" lon="135.7506925">
      <ele>145.454</ele>
    </trkpt>
    <trkpt lat="-30.9711689" lon="135.7508591">
      <ele>143.885</ele>
    </trkpt>
    <trkpt lat="-30.9717551" lon="135.7511385">
      <ele>144.605</ele>
    </trkpt>
    <trkpt lat="-30.9721427" lon="135.7507812">
      <ele>146.392</ele>
    </trkpt>
    <trkpt lat="-30.9724249" lon="135.750521">
      <ele>144.237</ele>
    </trkpt>
    <trkpt lat="-30.972566" lon="135.7503909">
      <ele>144.238</ele>
    </trkpt>
    <trkpt lat="-30.9727071" lon="135.7502608">
      <ele>144.807</ele>
    </trkpt>
    <trkpt lat="-30.9732754" lon="135.7505397">
      <ele>144.898</ele>
    </trkpt>
    <trkpt lat="-30.9735679" lon="135.750688">
      <ele>146.872</ele>
    </trkpt>
    <trkpt lat="-30.9747118" lon="135.7512236">
      <ele>145.465</ele>
    </trkpt>
    <trkpt lat="-30.9757133" lon="135.7516925">
      <ele>144.0</ele>
    </trkpt>
    <trkpt lat="-30.9760676" lon="135.7518584">
      <ele>144.0</ele>
    </trkpt>
    <trkpt lat="-30.9767183" lon="135.7521512">
      <ele>143.862</ele>
    </trkpt>
    <trkpt lat="-30.9771551" lon="135.7523509">
      <ele>143.056</ele>
    </trkpt>
    <trkpt lat="-30.9788979" lon="135.7531124">
      <ele>147.968</ele>
    </trkpt>
    <trkpt lat="-30.9789387" lon="135.7531302">
      <ele>147.821</ele>
    </trkpt>
    <trkpt lat="-30.9795677" lon="135.7534161">
      <ele>147.43</ele>
    </trkpt>
    <trkpt lat="-30.9800717" lon="135.753632">
      <ele>146.559</ele>
    </trkpt>
    <trkpt lat="-30.9807522" lon="135.7539168">
      <ele>146.808</ele>
    </trkpt>
    <trkpt lat="-30.9813595" lon="135.754171">
      <ele>149.002</ele>
    </trkpt>
    <trkpt lat="-30.9820891" lon="135.7544619">
      <ele>145.937</ele>
    </trkpt>
    <trkpt lat="-30.982802" lon="135.7547504">
      <ele>148.0</ele>
    </trkpt>
    <trkpt lat="-30.9836198" lon="135.7550725">
      <ele>148.23</ele>
    </trkpt>
    <trkpt lat="-30.9843356" lon="135.7553492">
      <ele>148.317</ele>
    </trkpt>
    <trkpt lat="-30.9851563" lon="135.7556654">
      <ele>148.042</ele>
    </trkpt>
    <trkpt lat="-30.985861" lon="135.755942">
      <ele>149.391</ele>
    </trkpt>
    <trkpt lat="-30.9865728" lon="135.756245">
      <ele>150.314</ele>
    </trkpt>
    <trkpt lat="-30.9870932" lon="135.7564689">
      <ele>149.0</ele>
    </trkpt>
    <trkpt lat="-30.9871961" lon="135.7565132">
      <ele>149.0</ele>
    </trkpt>
    <trkpt lat="-30.9879025" lon="135.7568337">
      <ele>150.22</ele>
    </trkpt>
    <trkpt lat="-30.9883905" lon="135.7570757">
      <ele>149.375</ele>
    </trkpt>
    <trkpt lat="-30.988887" lon="135.7573201">
      <ele>149.355</ele>
    </trkpt>
    <trkpt lat="-30.9893689" lon="135.7575741">
      <ele>149.534</ele>
    </trkpt>
    <trkpt lat="-30.9897761" lon="135.7577887">
      <ele>150.412</ele>
    </trkpt>
    <trkpt lat="-30.9902525" lon="135.7580459">
      <ele>151.944</ele>
    </trkpt>
    <trkpt lat="-30.9905558" lon="135.758217">
      <ele>151.419</ele>
    </trkpt>
    <trkpt lat="-30.990719" lon="135.7583129">
      <ele>151.074</ele>
    </trkpt>
    <trkpt lat="-30.9910222" lon="135.7584911">
      <ele>150.614</ele>
    </trkpt>
    <trkpt lat="-30.9913228" lon="135.7586686">
      <ele>149.08</ele>
    </trkpt>
    <trkpt lat="-30.9917145" lon="135.7589066">
      <ele>148.408</ele>
    </trkpt>
    <trkpt lat="-30.9920861" lon="135.7591489">
      <ele>151.989</ele>
    </trkpt>
    <trkpt lat="-30.9924651" lon="135.7593954">
      <ele>153.925</ele>
    </trkpt>
    <trkpt lat="-30.9928395" lon="135.7596419">
      <ele>152.672</ele>
    </trkpt>
    <trkpt lat="-30.9931847" lon="135.7598874">
      <ele>152.682</ele>
    </trkpt>
    <trkpt lat="-30.9935818" lon="135.7601445">
      <ele>152.516</ele>
    </trkpt>
    <trkpt lat="-30.9940409" lon="135.7604739">
      <ele>152.32</ele>
    </trkpt>
    <trkpt lat="-30.9943151" lon="135.7606748">
      <ele>152.429</ele>
    </trkpt>
    <trkpt lat="-30.9947806" lon="135.7610137">
      <ele>153.513</ele>
    </trkpt>
    <trkpt lat="-30.9952275" lon="135.7613675">
      <ele>152.077</ele>
    </trkpt>
    <trkpt lat="-30.9955753" lon="135.7616391">
      <ele>152.993</ele>
    </trkpt>
    <trkpt lat="-30.9962625" lon="135.7622004">
      <ele>154.0</ele>
    </trkpt>
    <trkpt lat="-30.9973968" lon="135.7631765">
      <ele>154.193</ele>
    </trkpt>
    <trkpt lat="-30.9985117" lon="135.7642125">
      <ele>154.835</ele>
    </trkpt>
    <trkpt lat="-30.9996582" lon="135.765356">
      <ele>154.217</ele>
    </trkpt>
    <trkpt lat="-31.0008837" lon="135.7666485">
      <ele>154.896</ele>
    </trkpt>
    <trkpt lat="-31.0021557" lon="135.7680815">
      <ele>155.304</ele>
    </trkpt>
    <trkpt lat="-31.0031461" lon="135.7692556">
      <ele>156.104</ele>
    </trkpt>
    <trkpt lat="-31.0032229" lon="135.7693499">
      <ele>156.397</ele>
    </trkpt>
    <trkpt lat="-31.0041058" lon="135.7704713">
      <ele>154.456</ele>
    </trkpt>
    <trkpt lat="-31.0051579" lon="135.7718758">
      <ele>154.893</ele>
    </trkpt>
    <trkpt lat="-31.0059995" lon="135.7730474">
      <ele>156.402</ele>
    </trkpt>
    <trkpt lat="-31.00632" lon="135.7735133">
      <ele>156.248</ele>
    </trkpt>
    <trkpt lat="-31.0069267" lon="135.7744251">
      <ele>155.861</ele>
    </trkpt>
    <trkpt lat="-31.0078815" lon="135.7759307">
      <ele>155.131</ele>
    </trkpt>
    <trkpt lat="-31.0082231" lon="135.7764915">
      <ele>154.397</ele>
    </trkpt>
    <trkpt lat="-31.0085145" lon="135.7769794">
      <ele>153.956</ele>
    </trkpt>
    <trkpt lat="-31.0087692" lon="135.7774112">
      <ele>154.751</ele>
    </trkpt>
    <trkpt lat="-31.0092" lon="135.7781647">
      <ele>157.073</ele>
    </trkpt>
    <trkpt lat="-31.009732" lon="135.7790981">
      <ele>156.027</ele>
    </trkpt>
    <trkpt lat="-31.0100726" lon="135.7796406">
      <ele>155.815</ele>
    </trkpt>
    <trkpt lat="-31.0104559" lon="135.7802902">
      <ele>155.301</ele>
    </trkpt>
    <trkpt lat="-31.0106727" lon="135.780642">
      <ele>153.18</ele>
    </trkpt>
    <trkpt lat="-31.0108827" lon="135.7809828">
      <ele>154.432</ele>
    </trkpt>
    <trkpt lat="-31.0111958" lon="135.7814908">
      <ele>158.255</ele>
    </trkpt>
    <trkpt lat="-31.0111978" lon="135.781494">
      <ele>158.26</ele>
    </trkpt>
    <trkpt lat="-31.0114342" lon="135.7818745">
      <ele>157.17</ele>
    </trkpt>
    <trkpt lat="-31.0116184" lon="135.7821699">
      <ele>156.047</ele>
    </trkpt>
    <trkpt lat="-31.0116205" lon="135.7821732">
      <ele>156.04</ele>
    </trkpt>
    <trkpt lat="-31.0120559" lon="135.7828414">
      <ele>158.0</ele>
    </trkpt>
    <trkpt lat="-31.0127044" lon="135.7838365">
      <ele>155.503</ele>
    </trkpt>
    <trkpt lat="-31.0136977" lon="135.7852923">
      <ele>157.259</ele>
    </trkpt>
    <trkpt lat="-31.0138114" lon="135.785457">
      <ele>157.076</ele>
    </trkpt>
    <trkpt lat="-31.0139995" lon="135.7857229">
      <ele>157.036</ele>
    </trkpt>
    <trkpt lat="-31.0147519" lon="135.7867718">
      <ele>159.338</ele>
    </trkpt>
    <trkpt lat="-31.0150523" lon="135.7871914">
      <ele>159.188</ele>
    </trkpt>
    <trkpt lat="-31.0150989" lon="135.7872538">
      <ele>159.202</ele>
    </trkpt>
    <trkpt lat="-31.0155656" lon="135.787893">
      <ele>156.6</ele>
    </trkpt>
    <trkpt lat="-31.0161642" lon="135.7886755">
      <ele>158.577</ele>
    </trkpt>
    <trkpt lat="-31.0162759" lon="135.788827">
      <ele>157.63</ele>
    </trkpt>
    <trkpt lat="-31.0162822" lon="135.7888351">
      <ele>157.578</ele>
    </trkpt>
    <trkpt lat="-31.01689" lon="135.7896103">
      <ele>159.324</ele>
    </trkpt>
    <trkpt lat="-31.0170131" lon="135.789763">
      <ele>159.358</ele>
    </trkpt>
    <trkpt lat="-31.0174178" lon="135.7902788">
      <ele>159.003</ele>
    </trkpt>
    <trkpt lat="-31.0183418" lon="135.7914088">
      <ele>160.0</ele>
    </trkpt>
    <trkpt lat="-31.0183704" lon="135.7914428">
      <ele>160.0</ele>
    </trkpt>
    <trkpt lat="-31.0191673" lon="135.792395">
      <ele>159.382</ele>
    </trkpt>
    <trkpt lat="-31.0197494" lon="135.7930495">
      <ele>164.978</ele>
    </trkpt>
    <trkpt lat="-31.0201804" lon="135.7935503">
      <ele>163.868</ele>
    </trkpt>
    <trkpt lat="-31.0205937" lon="135.7940169">
      <ele>163.402</ele>
    </trkpt>
    <trkpt lat="-31.0208313" lon="135.7942832">
      <ele>162.007</ele>
    </trkpt>
    <trkpt lat="-31.0218771" lon="135.795427">
      <ele>163.813</ele>
    </trkpt>
    <trkpt lat="-31.0234257" lon="135.7970303">
      <ele>166.23</ele>
    </trkpt>
    <trkpt lat="-31.0240288" lon="135.7976656">
      <ele>164.0</ele>
    </trkpt>
    <trkpt lat="-31.0240673" lon="135.7977058">
      <ele>164.0</ele>
    </trkpt>
    <trkpt lat="-31.0245655" lon="135.7982248">
      <ele>165.219</ele>
    </trkpt>
    <trkpt lat="-31.0245671" lon="135.7982264">
      <ele>165.23</ele>
    </trkpt>
    <trkpt lat="-31.0246543" lon="135.7983155">
      <ele>165.872</ele>
    </trkpt>
    <trkpt lat="-31.0248338" lon="135.7985082">
      <ele>166.377</ele>
    </trkpt>
    <trkpt lat="-31.0249661" lon="135.7986503">
      <ele>166.105</ele>
    </trkpt>
    <trkpt lat="-31.0250962" lon="135.7987899">
      <ele>166.223</ele>
    </trkpt>
    <trkpt lat="-31.0250986" lon="135.7987924">
      <ele>166.232</ele>
    </trkpt>
    <trkpt lat="-31.0254344" lon="135.7991493">
      <ele>167.564</ele>
    </trkpt>
    <trkpt lat="-31.0254938" lon="135.7992148">
      <ele>167.778</ele>
    </trkpt>
    <trkpt lat="-31.0269285" lon="135.8008023">
      <ele>169.163</ele>
    </trkpt>
    <trkpt lat="-31.0270141" lon="135.8008983">
      <ele>169.911</ele>
    </trkpt>
    <trkpt lat="-31.0278206" lon="135.8018228">
      <ele>173.562</ele>
    </trkpt>
    <trkpt lat="-31.0295721" lon="135.8039229">
      <ele>177.056</ele>
    </trkpt>
    <trkpt lat="-31.030194" lon="135.804701">
      <ele>178.473</ele>
    </trkpt>
    <trkpt lat="-31.0303148" lon="135.8048563">
      <ele>178.349</ele>
    </trkpt>
    <trkpt lat="-31.0303211" lon="135.8048643">
      <ele>178.356</ele>
    </trkpt>
    <trkpt lat="-31.0304366" lon="135.805011">
      <ele>178.468</ele>
    </trkpt>
    <trkpt lat="-31.0305584" lon="135.8051652">
      <ele>178.595</ele>
    </trkpt>
    <trkpt lat="-31.0306803" lon="135.8053195">
      <ele>179.0</ele>
    </trkpt>
    <trkpt lat="-31.0310078" lon="135.8057402">
      <ele>178.583</ele>
    </trkpt>
    <trkpt lat="-31.031076" lon="135.8058293">
      <ele>178.139</ele>
    </trkpt>
    <trkpt lat="-31.032121" lon="135.8072015">
      <ele>182.973</ele>
    </trkpt>
    <trkpt lat="-31.0322328" lon="135.8073561">
      <ele>182.442</ele>
    </trkpt>
    <trkpt lat="-31.0322404" lon="135.8073666">
      <ele>182.349</ele>
    </trkpt>
    <trkpt lat="-31.0323483" lon="135.8075169">
      <ele>181.031</ele>
    </trkpt>
    <trkpt lat="-31.0323559" lon="135.8075275">
      <ele>180.939</ele>
    </trkpt>
    <trkpt lat="-31.0334638" lon="135.8090669">
      <ele>180.301</ele>
    </trkpt>
    <trkpt lat="-31.0338523" lon="135.8096044">
      <ele>181.076</ele>
    </trkpt>
    <trkpt lat="-31.0339683" lon="135.8097647">
      <ele>180.758</ele>
    </trkpt>
    <trkpt lat="-31.0339793" lon="135.8097799">
      <ele>180.742</ele>
    </trkpt>
    <trkpt lat="-31.0343292" lon="135.8102534">
      <ele>180.949</ele>
    </trkpt>
    <trkpt lat="-31.0344466" lon="135.8104123">
      <ele>180.504</ele>
    </trkpt>
    <trkpt lat="-31.0345554" lon="135.8105595">
      <ele>179.615</ele>
    </trkpt>
    <trkpt lat="-31.0346777" lon="135.8107149">
      <ele>179.734</ele>
    </trkpt>
    <trkpt lat="-31.0347993" lon="135.8108696">
      <ele>180.336</ele>
    </trkpt>
    <trkpt lat="-31.0351834" lon="135.8113591">
      <ele>177.858</ele>
    </trkpt>
    <trkpt lat="-31.0359915" lon="135.8123375">
      <ele>179.512</ele>
    </trkpt>
    <trkpt lat="-31.0368356" lon="135.813281">
      <ele>179.797</ele>
    </trkpt>
    <trkpt lat="-31.0378261" lon="135.8143433">
      <ele>175.81</ele>
    </trkpt>
    <trkpt lat="-31.0381672" lon="135.814674">
      <ele>177.896</ele>
    </trkpt>
    <trkpt lat="-31.0383951" lon="135.8148972">
      <ele>177.148</ele>
    </trkpt>
    <trkpt lat="-31.0388245" lon="135.8153115">
      <ele>176.471</ele>
    </trkpt>
    <trkpt lat="-31.0395577" lon="135.8160022">
      <ele>174.0</ele>
    </trkpt>
    <trkpt lat="-31.0396986" lon="135.816119">
      <ele>174.031</ele>
    </trkpt>
    <trkpt lat="-31.0398452" lon="135.8162409">
      <ele>174.467</ele>
    </trkpt>
    <trkpt lat="-31.03999" lon="135.8163632">
      <ele>174.908</ele>
    </trkpt>
    <trkpt lat="-31.0402742" lon="135.8166196">
      <ele>173.193</ele>
    </trkpt>
    <trkpt lat="-31.0404209" lon="135.8167451">
      <ele>173.652</ele>
    </trkpt>
    <trkpt lat="-31.0404263" lon="135.8167494">
      <ele>173.673</ele>
    </trkpt>
    <trkpt lat="-31.0405693" lon="135.8168633">
      <ele>174.085</ele>
    </trkpt>
    <trkpt lat="-31.0405747" lon="135.816868">
      <ele>174.119</ele>
    </trkpt>
    <trkpt lat="-31.0405998" lon="135.8168896">
      <ele>174.287</ele>
    </trkpt>
    <trkpt lat="-31.040723" lon="135.8169868">
      <ele>175.479</ele>
    </trkpt>
    <trkpt lat="-31.041021" lon="135.8172219">
      <ele>176.999</ele>
    </trkpt>
    <trkpt lat="-31.0411701" lon="135.8173395">
      <ele>176.488</ele>
    </trkpt>
    <trkpt lat="-31.0415419" lon="135.8176328">
      <ele>176.58</ele>
    </trkpt>
    <trkpt lat="-31.0428046" lon="135.8185778">
      <ele>174.205</ele>
    </trkpt>
    <trkpt lat="-31.0433215" lon="135.8189235">
      <ele>176.957</ele>
    </trkpt>
    <trkpt lat="-31.0435489" lon="135.8190751">
      <ele>176.48</ele>
    </trkpt>
    <trkpt lat="-31.0437465" lon="135.8192108">
      <ele>175.59</ele>
    </trkpt>
    <trkpt lat="-31.0449588" lon="135.8199598">
      <ele>180.855</ele>
    </trkpt>
    <trkpt lat="-31.0456787" lon="135.8203814">
      <ele>179.835</ele>
    </trkpt>
    <trkpt lat="-31.0457538" lon="135.8204243">
      <ele>179.624</ele>
    </trkpt>
    <trkpt lat="-31.0458404" lon="135.8204727">
      <ele>179.324</ele>
    </trkpt>
    <trkpt lat="-31.0470444" lon="135.8211435">
      <ele>176.841</ele>
    </trkpt>
    <trkpt lat="-31.0481156" lon="135.8216655">
      <ele>177.003</ele>
    </trkpt>
    <trkpt lat="-31.0490411" lon="135.822081">
      <ele>177.508</ele>
    </trkpt>
    <trkpt lat="-31.0491901" lon="135.8221457">
      <ele>177.275</ele>
    </trkpt>
    <trkpt lat="-31.0493144" lon="135.8221972">
      <ele>177.09</ele>
    </trkpt>
    <trkpt lat="-31.0496561" lon="135.82234">
      <ele>177.439</ele>
    </trkpt>
    <trkpt lat="-31.0500472" lon="135.8225535">
      <ele>176.945</ele>
    </trkpt>
    <trkpt lat="-31.0510987" lon="135.8229509">
      <ele>176.276</ele>
    </trkpt>
    <trkpt lat="-31.0511063" lon="135.8229534">
      <ele>176.329</ele>
    </trkpt>
    <trkpt lat="-31.0512542" lon="135.8230012">
      <ele>178.055</ele>
    </trkpt>
    <trkpt lat="-31.0512725" lon="135.8230058">
      <ele>178.295</ele>
    </trkpt>
    <trkpt lat="-31.0512799" lon="135.8230082">
      <ele>178.394</ele>
    </trkpt>
    <trkpt lat="-31.0520271" lon="135.823252">
      <ele>181.21</ele>
    </trkpt>
    <trkpt lat="-31.0529" lon="135.8235337">
      <ele>180.351</ele>
    </trkpt>
    <trkpt lat="-31.0529091" lon="135.8235365">
      <ele>180.36</ele>
    </trkpt>
    <trkpt lat="-31.0535384" lon="135.8237136">
      <ele>181.914</ele>
    </trkpt>
    <trkpt lat="-31.0542324" lon="135.8238797">
      <ele>183.535</ele>
    </trkpt>
    <trkpt lat="-31.0547644" lon="135.8240198">
      <ele>180.52</ele>
    </trkpt>
    <trkpt lat="-31.0547998" lon="135.8240291">
      <ele>180.498</ele>
    </trkpt>
    <trkpt lat="-31.0549408" lon="135.8240608">
      <ele>180.568</ele>
    </trkpt>
    <trkpt lat="-31.0549514" lon="135.8240632">
      <ele>180.583</ele>
    </trkpt>
    <trkpt lat="-31.0558192" lon="135.8242387">
      <ele>180.741</ele>
    </trkpt>
    <trkpt lat="-31.0563717" lon="135.8243417">
      <ele>182.347</ele>
    </trkpt>
    <trkpt lat="-31.0565362" lon="135.8243798">
      <ele>181.172</ele>
    </trkpt>
    <trkpt lat="-31.0565482" lon="135.8243826">
      <ele>181.076</ele>
    </trkpt>
    <trkpt lat="-31.056643" lon="135.8244053">
      <ele>180.311</ele>
    </trkpt>
    <trkpt lat="-31.0567122" lon="135.8244231">
      <ele>180.064</ele>
    </trkpt>
    <trkpt lat="-31.0568998" lon="135.8244714">
      <ele>179.806</ele>
    </trkpt>
    <trkpt lat="-31.0571918" lon="135.8245416">
      <ele>180.502</ele>
    </trkpt>
    <trkpt lat="-31.0574363" lon="135.8245954">
      <ele>181.294</ele>
    </trkpt>
    <trkpt lat="-31.057868" lon="135.8247178">
      <ele>182.984</ele>
    </trkpt>
    <trkpt lat="-31.0581053" lon="135.8247932">
      <ele>183.0</ele>
    </trkpt>
    <trkpt lat="-31.0589022" lon="135.8250752">
      <ele>181.633</ele>
    </trkpt>
    <trkpt lat="-31.0598134" lon="135.8254681">
      <ele>178.765</ele>
    </trkpt>
    <trkpt lat="-31.0599914" lon="135.8255495">
      <ele>179.918</ele>
    </trkpt>
    <trkpt lat="-31.0601503" lon="135.8256289">
      <ele>179.316</ele>
    </trkpt>
    <trkpt lat="-31.060491" lon="135.8257992">
      <ele>178.029</ele>
    </trkpt>
    <trkpt lat="-31.0612405" lon="135.8262138">
      <ele>177.37</ele>
    </trkpt>
    <trkpt lat="-31.0620195" lon="135.8266992">
      <ele>177.0</ele>
    </trkpt>
    <trkpt lat="-31.0622108" lon="135.8268261">
      <ele>177.0</ele>
    </trkpt>
    <trkpt lat="-31.0627001" lon="135.8271781">
      <ele>173.438</ele>
    </trkpt>
    <trkpt lat="-31.0638825" lon="135.8281258">
      <ele>173.77</ele>
    </trkpt>
    <trkpt lat="-31.0640759" lon="135.8282808">
      <ele>173.062</ele>
    </trkpt>
    <trkpt lat="-31.0649737" lon="135.8291508">
      <ele>172.095</ele>
    </trkpt>
    <trkpt lat="-31.065623" lon="135.8298505">
      <ele>169.888</ele>
    </trkpt>
    <trkpt lat="-31.0662864" lon="135.8306353">
      <ele>167.188</ele>
    </trkpt>
    <trkpt lat="-31.0662917" lon="135.8306423">
      <ele>167.147</ele>
    </trkpt>
    <trkpt lat="-31.0669604" lon="135.8315222">
      <ele>164.51</ele>
    </trkpt>
    <trkpt lat="-31.0670056" lon="135.831587">
      <ele>164.776</ele>
    </trkpt>
    <trkpt lat="-31.0671193" lon="135.8317498">
      <ele>165.111</ele>
    </trkpt>
    <trkpt lat="-31.0672329" lon="135.8319125">
      <ele>164.928</ele>
    </trkpt>
    <trkpt lat="-31.0673466" lon="135.8320753">
      <ele>163.633</ele>
    </trkpt>
    <trkpt lat="-31.0673675" lon="135.8321053">
      <ele>163.375</ele>
    </trkpt>
    <trkpt lat="-31.0675589" lon="135.8324142">
      <ele>161.39</ele>
    </trkpt>
    <trkpt lat="-31.0677203" lon="135.8326747">
      <ele>161.424</ele>
    </trkpt>
    <trkpt lat="-31.0683558" lon="135.8337893">
      <ele>164.509</ele>
    </trkpt>
    <trkpt lat="-31.0688003" lon="135.8346622">
      <ele>160.319</ele>
    </trkpt>
    <trkpt lat="-31.068822" lon="135.8347098">
      <ele>160.241</ele>
    </trkpt>
    <trkpt lat="-31.0690754" lon="135.8352659">
      <ele>162.986</ele>
    </trkpt>
    <trkpt lat="-31.0692443" lon="135.8356367">
      <ele>160.428</ele>
    </trkpt>
    <trkpt lat="-31.0693288" lon="135.8358221">
      <ele>159.457</ele>
    </trkpt>
    <trkpt lat="-31.0694133" lon="135.8360075">
      <ele>159.112</ele>
    </trkpt>
    <trkpt lat="-31.070682" lon="135.8387922">
      <ele>159.197</ele>
    </trkpt>
    <trkpt lat="-31.0718402" lon="135.8413978">
      <ele>159.0</ele>
    </trkpt>
    <trkpt lat="-31.0739113" lon="135.8460577">
      <ele>159.581</ele>
    </trkpt>
    <trkpt lat="-31.0753444" lon="135.8491433">
      <ele>160.676</ele>
    </trkpt>
    <trkpt lat="-31.0758586" lon="135.8502504">
      <ele>156.827</ele>
    </trkpt>
    <trkpt lat="-31.0761342" lon="135.850841">
      <ele>157.0</ele>
    </trkpt>
    <trkpt lat="-31.0764613" lon="135.8515417">
      <ele>156.857</ele>
    </trkpt>
    <trkpt lat="-31.0765474" lon="135.8517261">
      <ele>156.429</ele>
    </trkpt>
    <trkpt lat="-31.0765547" lon="135.8517418">
      <ele>156.403</ele>
    </trkpt>
    <trkpt lat="-31.0767932" lon="135.8522186">
      <ele>156.987</ele>
    </trkpt>
    <trkpt lat="-31.0773211" lon="135.8532739">
      <ele>157.862</ele>
    </trkpt>
    <trkpt lat="-31.0775598" lon="135.8537104">
      <ele>154.436</ele>
    </trkpt>
    <trkpt lat="-31.0782904" lon="135.8550466">
      <ele>156.309</ele>
    </trkpt>
    <trkpt lat="-31.0788719" lon="135.8560553">
      <ele>156.811</ele>
    </trkpt>
    <trkpt lat="-31.079454" lon="135.8570309">
      <ele>155.0</ele>
    </trkpt>
    <trkpt lat="-31.0794936" lon="135.8570989">
      <ele>155.0</ele>
    </trkpt>
    <trkpt lat="-31.0803927" lon="135.858539">
      <ele>157.065</ele>
    </trkpt>
    <trkpt lat="-31.0812771" lon="135.8598288">
      <ele>154.384</ele>
    </trkpt>
    <trkpt lat="-31.081652" lon="135.8603757">
      <ele>154.929</ele>
    </trkpt>
    <trkpt lat="-31.0820828" lon="135.8609582">
      <ele>155.502</ele>
    </trkpt>
    <trkpt lat="-31.0827077" lon="135.8618032">
      <ele>154.376</ele>
    </trkpt>
    <trkpt lat="-31.08315" lon="135.8623793">
      <ele>154.565</ele>
    </trkpt>
    <trkpt lat="-31.0832536" lon="135.8625143">
      <ele>155.0</ele>
    </trkpt>
    <trkpt lat="-31.0840504" lon="135.8634972">
      <ele>155.41</ele>
    </trkpt>
    <trkpt lat="-31.0842676" lon="135.8637462">
      <ele>154.15</ele>
    </trkpt>
    <trkpt lat="-31.0843484" lon="135.8638388">
      <ele>153.526</ele>
    </trkpt>
    <trkpt lat="-31.0848093" lon="135.8643665">
      <ele>155.527</ele>
    </trkpt>
    <trkpt lat="-31.0854232" lon="135.8650697">
      <ele>154.749</ele>
    </trkpt>
    <trkpt lat="-31.0855549" lon="135.8652129">
      <ele>154.234</ele>
    </trkpt>
    <trkpt lat="-31.0856866" lon="135.8653561">
      <ele>154.0</ele>
    </trkpt>
    <trkpt lat="-31.0866352" lon="135.8663873">
      <ele>154.221</ele>
    </trkpt>
    <trkpt lat="-31.0870153" lon="135.8667712">
      <ele>155.535</ele>
    </trkpt>
    <trkpt lat="-31.0871513" lon="135.8669087">
      <ele>155.967</ele>
    </trkpt>
    <trkpt lat="-31.0872873" lon="135.8670461">
      <ele>155.914</ele>
    </trkpt>
    <trkpt lat="-31.0874233" lon="135.8671835">
      <ele>155.377</ele>
    </trkpt>
    <trkpt lat="-31.0879674" lon="135.8677332">
      <ele>155.157</ele>
    </trkpt>
    <trkpt lat="-31.087984" lon="135.86775">
      <ele>155.158</ele>
    </trkpt>
    <trkpt lat="-31.0881059" lon="135.8678672">
      <ele>155.322</ele>
    </trkpt>
    <trkpt lat="-31.0882448" lon="135.8680006">
      <ele>155.802</ele>
    </trkpt>
    <trkpt lat="-31.088487" lon="135.8682334">
      <ele>155.161</ele>
    </trkpt>
    <trkpt lat="-31.0886392" lon="135.8683796">
      <ele>155.268</ele>
    </trkpt>
    <trkpt lat="-31.0893813" lon="135.8690598">
      <ele>155.385</ele>
    </trkpt>
    <trkpt lat="-31.0896565" lon="135.8692992">
      <ele>155.0</ele>
    </trkpt>
    <trkpt lat="-31.0905038" lon="135.8700359">
      <ele>157.186</ele>
    </trkpt>
    <trkpt lat="-31.0908387" lon="135.8703273">
      <ele>157.997</ele>
    </trkpt>
    <trkpt lat="-31.0923193" lon="135.8715192">
      <ele>158.0</ele>
    </trkpt>
    <trkpt lat="-31.0931322" lon="135.8721399">
      <ele>156.724</ele>
    </trkpt>
    <trkpt lat="-31.0933409" lon="135.8722918">
      <ele>156.244</ele>
    </trkpt>
    <trkpt lat="-31.0938829" lon="135.8726852">
      <ele>157.66</ele>
    </trkpt>
    <trkpt lat="-31.0953391" lon="135.8737286">
      <ele>160.127</ele>
    </trkpt>
    <trkpt lat="-31.0953792" lon="135.8737573">
      <ele>160.173</ele>
    </trkpt>
    <trkpt lat="-31.0954891" lon="135.8738444">
      <ele>160.122</ele>
    </trkpt>
    <trkpt lat="-31.095638" lon="135.8739623">
      <ele>159.517</ele>
    </trkpt>
    <trkpt lat="-31.0958599" lon="135.874138">
      <ele>158.99</ele>
    </trkpt>
    <trkpt lat="-31.0959456" lon="135.8742058">
      <ele>159.0</ele>
    </trkpt>
    <trkpt lat="-31.0960818" lon="135.8743206">
      <ele>159.0</ele>
    </trkpt>
    <trkpt lat="-31.0962277" lon="135.8744435">
      <ele>159.0</ele>
    </trkpt>
    <trkpt lat="-31.0965351" lon="135.8747026">
      <ele>157.984</ele>
    </trkpt>
    <trkpt lat="-31.0971874" lon="135.8752929">
      <ele>158.061</ele>
    </trkpt>
    <trkpt lat="-31.0979211" lon="135.876004">
      <ele>156.801</ele>
    </trkpt>
    <trkpt lat="-31.0984498" lon="135.8765595">
      <ele>157.195</ele>
    </trkpt>
    <trkpt lat="-31.0989575" lon="135.8771377">
      <ele>156.925</ele>
    </trkpt>
    <trkpt lat="-31.0989708" lon="135.8771537">
      <ele>156.927</ele>
    </trkpt>
    <trkpt lat="-31.0990961" lon="135.8773045">
      <ele>157.221</ele>
    </trkpt>
    <trkpt lat="-31.0995329" lon="135.8778303">
      <ele>158.621</ele>
    </trkpt>
    <trkpt lat="-31.1000748" lon="135.8785317">
      <ele>156.445</ele>
    </trkpt>
    <trkpt lat="-31.1001917" lon="135.8786954">
      <ele>156.31</ele>
    </trkpt>
    <trkpt lat="-31.1006189" lon="135.879294">
      <ele>154.582</ele>
    </trkpt>
    <trkpt lat="-31.1011412" lon="135.8800789">
      <ele>155.362</ele>
    </trkpt>
    <trkpt lat="-31.1015626" lon="135.8807583">
      <ele>153.645</ele>
    </trkpt>
    <trkpt lat="-31.1020213" lon="135.8815638">
      <ele>152.63</ele>
    </trkpt>
    <trkpt lat="-31.102427" lon="135.8823259">
      <ele>153.835</ele>
    </trkpt>
    <trkpt lat="-31.1028164" lon="135.8831234">
      <ele>152.244</ele>
    </trkpt>
    <trkpt lat="-31.1030105" lon="135.8835541">
      <ele>154.461</ele>
    </trkpt>
    <trkpt lat="-31.1031654" lon="135.8838979">
      <ele>155.572</ele>
    </trkpt>
    <trkpt lat="-31.1033353" lon="135.8843037">
      <ele>153.003</ele>
    </trkpt>
    <trkpt lat="-31.1034144" lon="135.8844924">
      <ele>151.586</ele>
    </trkpt>
    <trkpt lat="-31.1034373" lon="135.8845472">
      <ele>151.394</ele>
    </trkpt>
    <trkpt lat="-31.1034901" lon="135.8846829">
      <ele>151.062</ele>
    </trkpt>
    <trkpt lat="-31.1036388" lon="135.8850654">
      <ele>152.112</ele>
    </trkpt>
    <trkpt lat="-31.1037483" lon="135.885347">
      <ele>152.012</ele>
    </trkpt>
    <trkpt lat="-31.1038529" lon="135.8856438">
      <ele>151.453</ele>
    </trkpt>
    <trkpt lat="-31.1040507" lon="135.8862052">
      <ele>152.141</ele>
    </trkpt>
    <trkpt lat="-31.1040575" lon="135.8862269">
      <ele>152.164</ele>
    </trkpt>
    <trkpt lat="-31.104119" lon="135.8864243">
      <ele>152.172</ele>
    </trkpt>
    <trkpt lat="-31.1041806" lon="135.8866216">
      <ele>151.95</ele>
    </trkpt>
    <trkpt lat="-31.1042422" lon="135.886819">
      <ele>151.728</ele>
    </trkpt>
    <trkpt lat="-31.1044219" lon="135.8873949">
      <ele>151.031</ele>
    </trkpt>
    <trkpt lat="-31.1047646" lon="135.8886082">
      <ele>152.153</ele>
    </trkpt>
    <trkpt lat="-31.1050464" lon="135.8896057">
      <ele>150.748</ele>
    </trkpt>
    <trkpt lat="-31.1051591" lon="135.8900047">
      <ele>151.58</ele>
    </trkpt>
    <trkpt lat="-31.1052125" lon="135.8901936">
      <ele>151.929</ele>
    </trkpt>
    <trkpt lat="-31.1057242" lon="135.8918495">
      <ele>152.0</ele>
    </trkpt>
    <trkpt lat="-31.1058866" lon="135.8923779">
      <ele>151.44</ele>
    </trkpt>
    <trkpt lat="-31.1059346" lon="135.892534">
      <ele>151.0</ele>
    </trkpt>
    <trkpt lat="-31.1059484" lon="135.8925752">
      <ele>151.0</ele>
    </trkpt>
    <trkpt lat="-31.1062106" lon="135.8933576">
      <ele>152.0</ele>
    </trkpt>
    <trkpt lat="-31.1064563" lon="135.8940906">
      <ele>152.483</ele>
    </trkpt>
    <trkpt lat="-31.1064729" lon="135.8941401">
      <ele>152.602</ele>
    </trkpt>
    <trkpt lat="-31.1065383" lon="135.8943358">
      <ele>152.462</ele>
    </trkpt>
    <trkpt lat="-31.1066942" lon="135.8948017">
      <ele>151.258</ele>
    </trkpt>
    <trkpt lat="-31.1074333" lon="135.8968586">
      <ele>149.475</ele>
    </trkpt>
    <trkpt lat="-31.1075068" lon="135.8970633">
      <ele>149.428</ele>
    </trkpt>
    <trkpt lat="-31.1076494" lon="135.897436">
      <ele>150.414</ele>
    </trkpt>
    <trkpt lat="-31.1082277" lon="135.8989476">
      <ele>150.0</ele>
    </trkpt>
    <trkpt lat="-31.1083149" lon="135.8991595">
      <ele>150.0</ele>
    </trkpt>
    <trkpt lat="-31.1090534" lon="135.9009547">
      <ele>151.259</ele>
    </trkpt>
    <trkpt lat="-31.1090957" lon="135.9010519">
      <ele>151.586</ele>
    </trkpt>
    <trkpt lat="-31.1096037" lon="135.9022194">
      <ele>150.437</ele>
    </trkpt>
    <trkpt lat="-31.1104003" lon="135.904048">
      <ele>150.812</ele>
    </trkpt>
    <trkpt lat="-31.1109712" lon="135.9053586">
      <ele>150.861</ele>
    </trkpt>
    <trkpt lat="-31.1112974" lon="135.9061076">
      <ele>151.983</ele>
    </trkpt>
    <trkpt lat="-31.111379" lon="135.9062948">
      <ele>152.0</ele>
    </trkpt>
    <trkpt lat="-31.1114606" lon="135.9064821">
      <ele>151.991</ele>
    </trkpt>
    <trkpt lat="-31.1115513" lon="135.9066904">
      <ele>151.845</ele>
    </trkpt>
    <trkpt lat="-31.1124974" lon="135.9089299">
      <ele>151.0</ele>
    </trkpt>
    <trkpt lat="-31.1124998" lon="135.9089357">
      <ele>151.0</ele>
    </trkpt>
    <trkpt lat="-31.1125746" lon="135.9091197">
      <ele>151.269</ele>
    </trkpt>
    <trkpt lat="-31.1130374" lon="135.9102584">
      <ele>150.065</ele>
    </trkpt>
    <trkpt lat="-31.1131917" lon="135.910638">
      <ele>149.952</ele>
    </trkpt>
    <trkpt lat="-31.1132688" lon="135.9108278">
      <ele>150.965</ele>
    </trkpt>
    <trkpt lat="-31.113347" lon="135.9110202">
      <ele>151.706</ele>
    </trkpt>
    <trkpt lat="-31.1135699" lon="135.911591">
      <ele>152.892</ele>
    </trkpt>
    <trkpt lat="-31.114167" lon="135.9131201">
      <ele>154.232</ele>
    </trkpt>
    <trkpt lat="-31.1142088" lon="135.913227">
      <ele>154.617</ele>
    </trkpt>
    <trkpt lat="-31.1142409" lon="135.9133116">
      <ele>154.922</ele>
    </trkpt>
    <trkpt lat="-31.115413" lon="135.9164039">
      <ele>154.054</ele>
    </trkpt>
    <trkpt lat="-31.1158783" lon="135.9176403">
      <ele>155.425</ele>
    </trkpt>
    <trkpt lat="-31.115912" lon="135.9177319">
      <ele>155.788</ele>
    </trkpt>
    <trkpt lat="-31.1159829" lon="135.917925">
      <ele>155.47</ele>
    </trkpt>
    <trkpt lat="-31.1161247" lon="135.9183112">
      <ele>155.004</ele>
    </trkpt>
    <trkpt lat="-31.1161956" lon="135.9185042">
      <ele>154.385</ele>
    </trkpt>
    <trkpt lat="-31.1162362" lon="135.9186149">
      <ele>154.0</ele>
    </trkpt>
    <trkpt lat="-31.1166107" lon="135.9196678">
      <ele>154.363</ele>
    </trkpt>
    <trkpt lat="-31.1167487" lon="135.9200558">
      <ele>154.094</ele>
    </trkpt>
    <trkpt lat="-31.1172319" lon="135.9214139">
      <ele>156.85</ele>
    </trkpt>
    <trkpt lat="-31.1172473" lon="135.9214572">
      <ele>156.64</ele>
    </trkpt>
    <trkpt lat="-31.1176941" lon="135.9227818">
      <ele>153.703</ele>
    </trkpt>
    <trkpt lat="-31.117826" lon="135.9231728">
      <ele>154.248</ele>
    </trkpt>
    <trkpt lat="-31.1180659" lon="135.9238843">
      <ele>153.017</ele>
    </trkpt>
    <trkpt lat="-31.1186719" lon="135.925719">
      <ele>150.781</ele>
    </trkpt>
    <trkpt lat="-31.1188114" lon="135.9261431">
      <ele>151.641</ele>
    </trkpt>
    <trkpt lat="-31.1188553" lon="135.9262631">
      <ele>151.723</ele>
    </trkpt>
    <trkpt lat="-31.1188775" lon="135.9263392">
      <ele>151.869</ele>
    </trkpt>
    <trkpt lat="-31.1194806" lon="135.9282742">
      <ele>153.787</ele>
    </trkpt>
    <trkpt lat="-31.1196037" lon="135.9286691">
      <ele>153.218</ele>
    </trkpt>
    <trkpt lat="-31.1197267" lon="135.9290639">
      <ele>152.01</ele>
    </trkpt>
    <trkpt lat="-31.1198497" lon="135.9294588">
      <ele>152.459</ele>
    </trkpt>
    <trkpt lat="-31.1198986" lon="135.9296157">
      <ele>152.635</ele>
    </trkpt>
    <trkpt lat="-31.1199697" lon="135.9298549">
      <ele>153.421</ele>
    </trkpt>
    <trkpt lat="-31.1200287" lon="135.9300534">
      <ele>154.172</ele>
    </trkpt>
    <trkpt lat="-31.1204346" lon="135.9314184">
      <ele>156.657</ele>
    </trkpt>
    <trkpt lat="-31.1204413" lon="135.9314429">
      <ele>156.749</ele>
    </trkpt>
    <trkpt lat="-31.12055" lon="135.9318434">
      <ele>157.644</ele>
    </trkpt>
    <trkpt lat="-31.1207336" lon="135.9325193">
      <ele>156.359</ele>
    </trkpt>
    <trkpt lat="-31.1208851" lon="135.933171">
      <ele>155.814</ele>
    </trkpt>
    <trkpt lat="-31.1210507" lon="135.9338099">
      <ele>156.217</ele>
    </trkpt>
    <trkpt lat="-31.1212668" lon="135.9348014">
      <ele>156.72</ele>
    </trkpt>
    <trkpt lat="-31.121399" lon="135.9353837">
      <ele>158.418</ele>
    </trkpt>
    <trkpt lat="-31.1215827" lon="135.9362991">
      <ele>157.528</ele>
    </trkpt>
    <trkpt lat="-31.1217701" lon="135.9373312">
      <ele>159.63</ele>
    </trkpt>
    <trkpt lat="-31.121783" lon="135.9374023">
      <ele>160.239</ele>
    </trkpt>
    <trkpt lat="-31.1218044" lon="135.9375375">
      <ele>161.203</ele>
    </trkpt>
    <trkpt lat="-31.1218372" lon="135.937744">
      <ele>162.218</ele>
    </trkpt>
    <trkpt lat="-31.12187" lon="135.9379506">
      <ele>162.101</ele>
    </trkpt>
    <trkpt lat="-31.1219028" lon="135.9381572">
      <ele>161.634</ele>
    </trkpt>
    <trkpt lat="-31.1219248" lon="135.9382961">
      <ele>161.134</ele>
    </trkpt>
    <trkpt lat="-31.1220968" lon="135.9393973">
      <ele>161.17</ele>
    </trkpt>
    <trkpt lat="-31.1221009" lon="135.9394238">
      <ele>161.074</ele>
    </trkpt>
    <trkpt lat="-31.122215" lon="135.940309">
      <ele>163.0</ele>
    </trkpt>
    <trkpt lat="-31.1223396" lon="135.9414228">
      <ele>160.507</ele>
    </trkpt>
    <trkpt lat="-31.1224261" lon="135.9422505">
      <ele>161.266</ele>
    </trkpt>
    <trkpt lat="-31.1225373" lon="135.9435609">
      <ele>160.707</ele>
    </trkpt>
    <trkpt lat="-31.1226357" lon="135.9446771">
      <ele>158.511</ele>
    </trkpt>
    <trkpt lat="-31.1227513" lon="135.9457881">
      <ele>159.095</ele>
    </trkpt>
    <trkpt lat="-31.1228751" lon="135.9468031">
      <ele>160.319</ele>
    </trkpt>
    <trkpt lat="-31.1230027" lon="135.94782">
      <ele>161.038</ele>
    </trkpt>
    <trkpt lat="-31.1231384" lon="135.9487752">
      <ele>158.469</ele>
    </trkpt>
    <trkpt lat="-31.1231692" lon="135.9489783">
      <ele>159.19</ele>
    </trkpt>
    <trkpt lat="-31.1232006" lon="135.9491852">
      <ele>159.513</ele>
    </trkpt>
    <trkpt lat="-31.1232779" lon="135.9496943">
      <ele>159.28</ele>
    </trkpt>
    <trkpt lat="-31.1234729" lon="135.9508604">
      <ele>160.903</ele>
    </trkpt>
    <trkpt lat="-31.1234989" lon="135.9510141">
      <ele>160.349</ele>
    </trkpt>
    <trkpt lat="-31.1236126" lon="135.95166">
      <ele>159.971</ele>
    </trkpt>
    <trkpt lat="-31.1236488" lon="135.9518658">
      <ele>159.864</ele>
    </trkpt>
    <trkpt lat="-31.1236874" lon="135.9520853">
      <ele>159.358</ele>
    </trkpt>
    <trkpt lat="-31.1238768" lon="135.9530646">
      <ele>159.956</ele>
    </trkpt>
    <trkpt lat="-31.1240965" lon="135.9541169">
      <ele>160.955</ele>
    </trkpt>
    <trkpt lat="-31.1241028" lon="135.954147">
      <ele>160.984</ele>
    </trkpt>
    <trkpt lat="-31.1242619" lon="135.9548593">
      <ele>161.849</ele>
    </trkpt>
    <trkpt lat="-31.1244414" lon="135.9556751">
      <ele>161.568</ele>
    </trkpt>
    <trkpt lat="-31.1246561" lon="135.9565518">
      <ele>160.0</ele>
    </trkpt>
    <trkpt lat="-31.1246728" lon="135.9566202">
      <ele>160.0</ele>
    </trkpt>
    <trkpt lat="-31.1247915" lon="135.9570928">
      <ele>161.65</ele>
    </trkpt>
    <trkpt lat="-31.1250947" lon="135.9582621">
      <ele>163.744</ele>
    </trkpt>
    <trkpt lat="-31.1253095" lon="135.9590874">
      <ele>165.0</ele>
    </trkpt>
    <trkpt lat="-31.1255901" lon="135.960173">
      <ele>164.124</ele>
    </trkpt>
    <trkpt lat="-31.1262659" lon="135.9627879">
      <ele>165.0</ele>
    </trkpt>
    <trkpt lat="-31.1262679" lon="135.9627956">
      <ele>165.0</ele>
    </trkpt>
    <trkpt lat="-31.1266286" lon="135.9641964">
      <ele>164.97</ele>
    </trkpt>
    <trkpt lat="-31.1268288" lon="135.964974">
      <ele>165.055</ele>
    </trkpt>
    <trkpt lat="-31.1270928" lon="135.9659568">
      <ele>167.444</ele>
    </trkpt>
    <trkpt lat="-31.1271553" lon="135.9662053">
      <ele>168.0</ele>
    </trkpt>
    <trkpt lat="-31.1272919" lon="135.9667481">
      <ele>167.749</ele>
    </trkpt>
    <trkpt lat="-31.1273079" lon="135.9668099">
      <ele>167.692</ele>
    </trkpt>
    <trkpt lat="-31.1274641" lon="135.9674133">
      <ele>168.728</ele>
    </trkpt>
    <trkpt lat="-31.1276849" lon="135.9682659">
      <ele>169.827</ele>
    </trkpt>
    <trkpt lat="-31.1280094" lon="135.969498">
      <ele>169.032</ele>
    </trkpt>
    <trkpt lat="-31.1281971" lon="135.9702276">
      <ele>168.49</ele>
    </trkpt>
    <trkpt lat="-31.1282489" lon="135.9704288">
      <ele>168.304</ele>
    </trkpt>
    <trkpt lat="-31.1284043" lon="135.9710324">
      <ele>168.183</ele>
    </trkpt>
    <trkpt lat="-31.1285315" lon="135.9715267">
      <ele>169.923</ele>
    </trkpt>
    <trkpt lat="-31.1286623" lon="135.9720389">
      <ele>170.66</ele>
    </trkpt>
    <trkpt lat="-31.1290536" lon="135.9735706">
      <ele>169.086</ele>
    </trkpt>
    <trkpt lat="-31.1292321" lon="135.9742522">
      <ele>167.764</ele>
    </trkpt>
    <trkpt lat="-31.1294324" lon="135.9750171">
      <ele>167.0</ele>
    </trkpt>
    <trkpt lat="-31.1300112" lon="135.9772512">
      <ele>167.0</ele>
    </trkpt>
    <trkpt lat="-31.1300676" lon="135.9774694">
      <ele>167.0</ele>
    </trkpt>
    <trkpt lat="-31.1302755" lon="135.978274">
      <ele>163.222</ele>
    </trkpt>
    <trkpt lat="-31.1305874" lon="135.9794809">
      <ele>163.885</ele>
    </trkpt>
    <trkpt lat="-31.1306394" lon="135.9796821">
      <ele>163.698</ele>
    </trkpt>
    <trkpt lat="-31.1306914" lon="135.9798833">
      <ele>164.374</ele>
    </trkpt>
    <trkpt lat="-31.1310033" lon="135.9810902">
      <ele>164.954</ele>
    </trkpt>
    <trkpt lat="-31.1310553" lon="135.9812913">
      <ele>166.167</ele>
    </trkpt>
    <trkpt lat="-31.1314711" lon="135.9829006">
      <ele>165.558</ele>
    </trkpt>
    <trkpt lat="-31.131679" lon="135.9837053">
      <ele>164.663</ele>
    </trkpt>
    <trkpt lat="-31.1328743" lon="135.9883321">
      <ele>166.302</ele>
    </trkpt>
    <trkpt lat="-31.1329263" lon="135.9885332">
      <ele>165.546</ele>
    </trkpt>
    <trkpt lat="-31.133394" lon="135.9903438">
      <ele>163.238</ele>
    </trkpt>
    <trkpt lat="-31.1336757" lon="135.9914344">
      <ele>164.874</ele>
    </trkpt>
    <trkpt lat="-31.1337166" lon="135.9915914">
      <ele>164.548</ele>
    </trkpt>
    <trkpt lat="-31.1340175" lon="135.9927578">
      <ele>166.033</ele>
    </trkpt>
    <trkpt lat="-31.1340694" lon="135.992959">
      <ele>165.772</ele>
    </trkpt>
    <trkpt lat="-31.1341213" lon="135.9931602">
      <ele>165.837</ele>
    </trkpt>
    <trkpt lat="-31.1341732" lon="135.9933614">
      <ele>166.122</ele>
    </trkpt>
    <trkpt lat="-31.134277" lon="135.9937637">
      <ele>167.0</ele>
    </trkpt>
    <trkpt lat="-31.1346403" lon="135.9951721">
      <ele>165.732</ele>
    </trkpt>
    <trkpt lat="-31.1349517" lon="135.9963793">
      <ele>164.826</ele>
    </trkpt>
    <trkpt lat="-31.1356263" lon="135.9989949">
      <ele>161.903</ele>
    </trkpt>
    <trkpt lat="-31.1357301" lon="135.9993973">
      <ele>161.893</ele>
    </trkpt>
    <trkpt lat="-31.1362944" lon="136.0015856">
      <ele>160.66</ele>
    </trkpt>
    <trkpt lat="-31.136532" lon="136.0025075">
      <ele>162.528</ele>
    </trkpt>
    <trkpt lat="-31.137131" lon="136.0048298">
      <ele>158.858</ele>
    </trkpt>
    <trkpt lat="-31.1372645" lon="136.0053473">
      <ele>158.25</ele>
    </trkpt>
    <trkpt lat="-31.1372868" lon="136.0054334">
      <ele>158.56</ele>
    </trkpt>
    <trkpt lat="-31.1375468" lon="136.0064392">
      <ele>160.138</ele>
    </trkpt>
    <trkpt lat="-31.1375988" lon="136.0066403">
      <ele>160.034</ele>
    </trkpt>
    <trkpt lat="-31.1376508" lon="136.0068415">
      <ele>159.658</ele>
    </trkpt>
    <trkpt lat="-31.1377028" lon="136.0070427">
      <ele>158.916</ele>
    </trkpt>
    <trkpt lat="-31.1377103" lon="136.0070716">
      <ele>158.785</ele>
    </trkpt>
    <trkpt lat="-31.1379593" lon="136.0079339">
      <ele>159.216</ele>
    </trkpt>
    <trkpt lat="-31.1383371" lon="136.0091987">
      <ele>159.014</ele>
    </trkpt>
    <trkpt lat="-31.1385862" lon="136.0099838">
      <ele>161.079</ele>
    </trkpt>
    <trkpt lat="-31.1389504" lon="136.0110695">
      <ele>161.072</ele>
    </trkpt>
    <trkpt lat="-31.1392715" lon="136.0119681">
      <ele>162.377</ele>
    </trkpt>
    <trkpt lat="-31.1394139" lon="136.0123502">
      <ele>162.89</ele>
    </trkpt>
    <trkpt lat="-31.1396688" lon="136.0130343">
      <ele>162.015</ele>
    </trkpt>
    <trkpt lat="-31.1400279" lon="136.0139488">
      <ele>163.1</ele>
    </trkpt>
    <trkpt lat="-31.140288" lon="136.0145944">
      <ele>163.457</ele>
    </trkpt>
    <trkpt lat="-31.140637" lon="136.0154099">
      <ele>162.0</ele>
    </trkpt>
    <trkpt lat="-31.1407947" lon="136.0157706">
      <ele>161.226</ele>
    </trkpt>
    <trkpt lat="-31.1410856" lon="136.0164144">
      <ele>164.917</ele>
    </trkpt>
    <trkpt lat="-31.1414395" lon="136.017179">
      <ele>165.156</ele>
    </trkpt>
    <trkpt lat="-31.1416055" lon="136.0175269">
      <ele>163.828</ele>
    </trkpt>
    <trkpt lat="-31.1419348" lon="136.0181996">
      <ele>160.481</ele>
    </trkpt>
    <trkpt lat="-31.1423079" lon="136.0189406">
      <ele>163.559</ele>
    </trkpt>
    <trkpt lat="-31.1427117" lon="136.0197273">
      <ele>164.0</ele>
    </trkpt>
    <trkpt lat="-31.1429566" lon="136.0201926">
      <ele>164.0</ele>
    </trkpt>
    <trkpt lat="-31.1430198" lon="136.0203127">
      <ele>163.984</ele>
    </trkpt>
    <trkpt lat="-31.1431481" lon="136.0205483">
      <ele>164.0</ele>
    </trkpt>
    <trkpt lat="-31.1433414" lon="136.0209029">
      <ele>162.75</ele>
    </trkpt>
    <trkpt lat="-31.143357" lon="136.0209315">
      <ele>162.647</ele>
    </trkpt>
    <trkpt lat="-31.1434384" lon="136.0210798">
      <ele>162.113</ele>
    </trkpt>
    <trkpt lat="-31.1435354" lon="136.0212568">
      <ele>162.0</ele>
    </trkpt>
    <trkpt lat="-31.1438346" lon="136.0218025">
      <ele>162.805</ele>
    </trkpt>
    <trkpt lat="-31.1442221" lon="136.0225205">
      <ele>161.14</ele>
    </trkpt>
    <trkpt lat="-31.1450492" lon="136.024041">
      <ele>161.372</ele>
    </trkpt>
    <trkpt lat="-31.1469914" lon="136.0276016">
      <ele>157.831</ele>
    </trkpt>
    <trkpt lat="-31.1476892" lon="136.0288796">
      <ele>156.704</ele>
    </trkpt>
    <trkpt lat="-31.147786" lon="136.0290568">
      <ele>156.396</ele>
    </trkpt>
    <trkpt lat="-31.148077" lon="136.0295897">
      <ele>155.923</ele>
    </trkpt>
    <trkpt lat="-31.1484606" lon="136.0302989">
      <ele>155.499</ele>
    </trkpt>
    <trkpt lat="-31.1488486" lon="136.0310164">
      <ele>154.923</ele>
    </trkpt>
    <trkpt lat="-31.1498443" lon="136.0328418">
      <ele>156.879</ele>
    </trkpt>
    <trkpt lat="-31.1507323" lon="136.0344749">
      <ele>157.89</ele>
    </trkpt>
    <trkpt lat="-31.1510668" lon="136.035087">
      <ele>156.527</ele>
    </trkpt>
    <trkpt lat="-31.1514982" lon="136.0358764">
      <ele>154.726</ele>
    </trkpt>
    <trkpt lat="-31.152216" lon="136.0371922">
      <ele>156.998</ele>
    </trkpt>
    <trkpt lat="-31.1523238" lon="136.0373908">
      <ele>157.0</ele>
    </trkpt>
    <trkpt lat="-31.1524201" lon="136.0375683">
      <ele>157.0</ele>
    </trkpt>
    <trkpt lat="-31.1526698" lon="136.0380287">
      <ele>156.448</ele>
    </trkpt>
    <trkpt lat="-31.1529987" lon="136.0386328">
      <ele>154.0</ele>
    </trkpt>
    <trkpt lat="-31.1534566" lon="136.0394739">
      <ele>152.456</ele>
    </trkpt>
    <trkpt lat="-31.1535756" lon="136.0396985">
      <ele>152.191</ele>
    </trkpt>
    <trkpt lat="-31.1540433" lon="136.0405818">
      <ele>156.906</ele>
    </trkpt>
    <trkpt lat="-31.1542315" lon="136.0409543">
      <ele>155.099</ele>
    </trkpt>
    <trkpt lat="-31.1543976" lon="136.041283">
      <ele>154.831</ele>
    </trkpt>
    <trkpt lat="-31.1545071" lon="136.0414963">
      <ele>154.475</ele>
    </trkpt>
    <trkpt lat="-31.1547847" lon="136.042037">
      <ele>154.45</ele>
    </trkpt>
    <trkpt lat="-31.1548772" lon="136.0422173">
      <ele>155.116</ele>
    </trkpt>
    <trkpt lat="-31.1548984" lon="136.0422585">
      <ele>155.447</ele>
    </trkpt>
    <trkpt lat="-31.1549663" lon="136.0423998">
      <ele>156.474</ele>
    </trkpt>
    <trkpt lat="-31.1550578" lon="136.0425899">
      <ele>157.141</ele>
    </trkpt>
    <trkpt lat="-31.1554219" lon="136.0433295">
      <ele>155.014</ele>
    </trkpt>
    <trkpt lat="-31.1556566" lon="136.0438452">
      <ele>155.766</ele>
    </trkpt>
    <trkpt lat="-31.1561649" lon="136.0449426">
      <ele>157.64</ele>
    </trkpt>
    <trkpt lat="-31.1566257" lon="136.0459788">
      <ele>157.0</ele>
    </trkpt>
    <trkpt lat="-31.1570977" lon="136.0470739">
      <ele>158.018</ele>
    </trkpt>
    <trkpt lat="-31.1573125" lon="136.0476055">
      <ele>159.744</ele>
    </trkpt>
    <trkpt lat="-31.1574217" lon="136.0478757">
      <ele>159.465</ele>
    </trkpt>
    <trkpt lat="-31.1576182" lon="136.0483665">
      <ele>159.494</ele>
    </trkpt>
    <trkpt lat="-31.1578663" lon="136.0489861">
      <ele>159.969</ele>
    </trkpt>
    <trkpt lat="-31.1579935" lon="136.0493216">
      <ele>159.901</ele>
    </trkpt>
    <trkpt lat="-31.1580663" lon="136.0495137">
      <ele>160.278</ele>
    </trkpt>
    <trkpt lat="-31.1581392" lon="136.0497059">
      <ele>160.959</ele>
    </trkpt>
    <trkpt lat="-31.1582751" lon="136.0500645">
      <ele>160.768</ele>
    </trkpt>
    <trkpt lat="-31.1584947" lon="136.0506712">
      <ele>160.581</ele>
    </trkpt>
    <trkpt lat="-31.1585648" lon="136.0508648">
      <ele>160.833</ele>
    </trkpt>
    <trkpt lat="-31.1587783" lon="136.0514549">
      <ele>160.364</ele>
    </trkpt>
    <trkpt lat="-31.1591169" lon="136.0524175">
      <ele>160.179</ele>
    </trkpt>
    <trkpt lat="-31.1591853" lon="136.0526119">
      <ele>160.376</ele>
    </trkpt>
    <trkpt lat="-31.1592011" lon="136.0526568">
      <ele>160.495</ele>
    </trkpt>
    <trkpt lat="-31.159639" lon="136.0539822">
      <ele>159.899</ele>
    </trkpt>
    <trkpt lat="-31.1597622" lon="136.0543793">
      <ele>160.0</ele>
    </trkpt>
    <trkpt lat="-31.1599352" lon="136.054937">
      <ele>159.174</ele>
    </trkpt>
    <trkpt lat="-31.1600054" lon="136.0551706">
      <ele>159.0</ele>
    </trkpt>
    <trkpt lat="-31.1601568" lon="136.0556744">
      <ele>160.751</ele>
    </trkpt>
    <trkpt lat="-31.1602446" lon="136.0559635">
      <ele>161.0</ele>
    </trkpt>
    <trkpt lat="-31.1603047" lon="136.0561616">
      <ele>160.739</ele>
    </trkpt>
    <trkpt lat="-31.1603631" lon="136.0563541">
      <ele>160.087</ele>
    </trkpt>
    <trkpt lat="-31.160626" lon="136.0573923">
      <ele>158.689</ele>
    </trkpt>
    <trkpt lat="-31.1610279" lon="136.058896">
      <ele>158.274</ele>
    </trkpt>
    <trkpt lat="-31.1614504" lon="136.0605686">
      <ele>155.768</ele>
    </trkpt>
    <trkpt lat="-31.1617231" lon="136.0618074">
      <ele>152.103</ele>
    </trkpt>
    <trkpt lat="-31.1618265" lon="136.0622772">
      <ele>153.037</ele>
    </trkpt>
    <trkpt lat="-31.1621539" lon="136.0638481">
      <ele>152.889</ele>
    </trkpt>
    <trkpt lat="-31.1621965" lon="136.0640523">
      <ele>153.0</ele>
    </trkpt>
    <trkpt lat="-31.1622391" lon="136.0642566">
      <ele>152.676</ele>
    </trkpt>
    <trkpt lat="-31.1622449" lon="136.0642846">
      <ele>152.575</ele>
    </trkpt>
    <trkpt lat="-31.1623516" lon="136.0648732">
      <ele>151.0</ele>
    </trkpt>
    <trkpt lat="-31.1624634" lon="136.0654901">
      <ele>153.629</ele>
    </trkpt>
    <trkpt lat="-31.1625458" lon="136.0659449">
      <ele>154.901</ele>
    </trkpt>
    <trkpt lat="-31.162737" lon="136.0671409">
      <ele>154.104</ele>
    </trkpt>
    <trkpt lat="-31.1628448" lon="136.0678153">
      <ele>158.341</ele>
    </trkpt>
    <trkpt lat="-31.1628903" lon="136.0681323">
      <ele>158.431</ele>
    </trkpt>
    <trkpt lat="-31.1630714" lon="136.0693937">
      <ele>157.0</ele>
    </trkpt>
    <trkpt lat="-31.1631245" lon="136.0698354">
      <ele>157.853</ele>
    </trkpt>
    <trkpt lat="-31.1633004" lon="136.0712993">
      <ele>156.754</ele>
    </trkpt>
    <trkpt lat="-31.1634908" lon="136.0731835">
      <ele>158.539</ele>
    </trkpt>
    <trkpt lat="-31.1636376" lon="136.0750312">
      <ele>157.106</ele>
    </trkpt>
    <trkpt lat="-31.1636512" lon="136.0752645">
      <ele>157.282</ele>
    </trkpt>
    <trkpt lat="-31.1636636" lon="136.0754742">
      <ele>158.085</ele>
    </trkpt>
    <trkpt lat="-31.1636759" lon="136.075684">
      <ele>159.283</ele>
    </trkpt>
    <trkpt lat="-31.1636882" lon="136.0758937">
      <ele>160.374</ele>
    </trkpt>
    <trkpt lat="-31.1637502" lon="136.0769505">
      <ele>156.0</ele>
    </trkpt>
    <trkpt lat="-31.1638199" lon="136.0784581">
      <ele>157.0</ele>
    </trkpt>
    <trkpt lat="-31.1638218" lon="136.0785512">
      <ele>157.0</ele>
    </trkpt>
    <trkpt lat="-31.1638419" lon="136.0795029">
      <ele>157.169</ele>
    </trkpt>
    <trkpt lat="-31.1638587" lon="136.0811419">
      <ele>154.889</ele>
    </trkpt>
    <trkpt lat="-31.163872" lon="136.0857678">
      <ele>149.236</ele>
    </trkpt>
    <trkpt lat="-31.1638726" lon="136.085978">
      <ele>148.51</ele>
    </trkpt>
    <trkpt lat="-31.1638732" lon="136.0861882">
      <ele>148.318</ele>
    </trkpt>
    <trkpt lat="-31.1638744" lon="136.0866086">
      <ele>149.791</ele>
    </trkpt>
    <trkpt lat="-31.163875" lon="136.0868188">
      <ele>150.548</ele>
    </trkpt>
    <trkpt lat="-31.1638756" lon="136.087029">
      <ele>150.696</ele>
    </trkpt>
    <trkpt lat="-31.1638762" lon="136.0872392">
      <ele>149.936</ele>
    </trkpt>
    <trkpt lat="-31.1638818" lon="136.0892315">
      <ele>148.233</ele>
    </trkpt>
    <trkpt lat="-31.1639295" lon="136.0911681">
      <ele>147.825</ele>
    </trkpt>
    <trkpt lat="-31.1639333" lon="136.0913242">
      <ele>147.356</ele>
    </trkpt>
    <trkpt lat="-31.1640359" lon="136.0931774">
      <ele>150.232</ele>
    </trkpt>
    <trkpt lat="-31.1640489" lon="136.0933294">
      <ele>150.568</ele>
    </trkpt>
    <trkpt lat="-31.1641741" lon="136.0947939">
      <ele>151.98</ele>
    </trkpt>
    <trkpt lat="-31.164245" lon="136.0955451">
      <ele>152.989</ele>
    </trkpt>
    <trkpt lat="-31.1643859" lon="136.0968525">
      <ele>150.352</ele>
    </trkpt>
    <trkpt lat="-31.1645725" lon="136.0982444">
      <ele>151.313</ele>
    </trkpt>
    <trkpt lat="-31.1648025" lon="136.0996849">
      <ele>152.25</ele>
    </trkpt>
    <trkpt lat="-31.1648838" lon="136.1001331">
      <ele>152.582</ele>
    </trkpt>
    <trkpt lat="-31.1649967" lon="136.1007918">
      <ele>151.978</ele>
    </trkpt>
    <trkpt lat="-31.1651868" lon="136.1017846">
      <ele>152.672</ele>
    </trkpt>
    <trkpt lat="-31.165406" lon="136.1027404">
      <ele>153.399</ele>
    </trkpt>
    <trkpt lat="-31.1656136" lon="136.1037317">
      <ele>154.0</ele>
    </trkpt>
    <trkpt lat="-31.1660327" lon="136.1054732">
      <ele>153.069</ele>
    </trkpt>
    <trkpt lat="-31.1673109" lon="136.111008">
      <ele>155.52</ele>
    </trkpt>
    <trkpt lat="-31.1673578" lon="136.111211">
      <ele>155.976</ele>
    </trkpt>
    <trkpt lat="-31.1674046" lon="136.1114139">
      <ele>156.313</ele>
    </trkpt>
    <trkpt lat="-31.167592" lon="136.1122257">
      <ele>154.979</ele>
    </trkpt>
    <trkpt lat="-31.1680138" lon="136.1140522">
      <ele>157.438</ele>
    </trkpt>
    <trkpt lat="-31.1682949" lon="136.1152699">
      <ele>155.862</ele>
    </trkpt>
    <trkpt lat="-31.1683962" lon="136.1157086">
      <ele>156.426</ele>
    </trkpt>
    <trkpt lat="-31.1689373" lon="136.1182102">
      <ele>154.903</ele>
    </trkpt>
    <trkpt lat="-31.1692089" lon="136.1195699">
      <ele>152.848</ele>
    </trkpt>
    <trkpt lat="-31.169535" lon="136.121383">
      <ele>151.66</ele>
    </trkpt>
    <trkpt lat="-31.1696442" lon="136.1220236">
      <ele>151.719</ele>
    </trkpt>
    <trkpt lat="-31.1697144" lon="136.122436">
      <ele>151.224</ele>
    </trkpt>
    <trkpt lat="-31.16989" lon="136.1234668">
      <ele>152.0</ele>
    </trkpt>
    <trkpt lat="-31.1699007" lon="136.1235295">
      <ele>152.0</ele>
    </trkpt>
    <trkpt lat="-31.1699224" lon="136.1236735">
      <ele>152.225</ele>
    </trkpt>
    <trkpt lat="-31.1699537" lon="136.1238806">
      <ele>152.97</ele>
    </trkpt>
    <trkpt lat="-31.1699849" lon="136.1240876">
      <ele>153.0</ele>
    </trkpt>
    <trkpt lat="-31.1701271" lon="136.1250296">
      <ele>152.836</ele>
    </trkpt>
    <trkpt lat="-31.1702277" lon="136.1257451">
      <ele>151.943</ele>
    </trkpt>
    <trkpt lat="-31.1705298" lon="136.1278937">
      <ele>154.0</ele>
    </trkpt>
    <trkpt lat="-31.1706804" lon="136.1288535">
      <ele>152.057</ele>
    </trkpt>
    <trkpt lat="-31.1707129" lon="136.1290602">
      <ele>152.349</ele>
    </trkpt>
    <trkpt lat="-31.1707416" lon="136.1292431">
      <ele>152.485</ele>
    </trkpt>
    <trkpt lat="-31.1710857" lon="136.1312698">
      <ele>153.961</ele>
    </trkpt>
    <trkpt lat="-31.1710984" lon="136.1313356">
      <ele>153.991</ele>
    </trkpt>
    <trkpt lat="-31.1712151" lon="136.1319439">
      <ele>153.251</ele>
    </trkpt>
    <trkpt lat="-31.1717034" lon="136.1344891">
      <ele>153.839</ele>
    </trkpt>
    <trkpt lat="-31.1720415" lon="136.1360353">
      <ele>152.473</ele>
    </trkpt>
    <trkpt lat="-31.1722317" lon="136.136897">
      <ele>151.0</ele>
    </trkpt>
    <trkpt lat="-31.1729926" lon="136.1403612">
      <ele>153.0</ele>
    </trkpt>
    <trkpt lat="-31.1731724" lon="136.1411753">
      <ele>153.579</ele>
    </trkpt>
    <trkpt lat="-31.1738358" lon="136.144153">
      <ele>152.191</ele>
    </trkpt>
    <trkpt lat="-31.1739419" lon="136.1446368">
      <ele>154.264</ele>
    </trkpt>
    <trkpt lat="-31.1748226" lon="136.1484894">
      <ele>154.0</ele>
    </trkpt>
    <trkpt lat="-31.1756702" lon="136.1524994">
      <ele>150.587</ele>
    </trkpt>
    <trkpt lat="-31.175897" lon="136.1535276">
      <ele>152.842</ele>
    </trkpt>
    <trkpt lat="-31.17594" lon="136.1537221">
      <ele>151.586</ele>
    </trkpt>
    <trkpt lat="-31.1759421" lon="136.1537311">
      <ele>151.522</ele>
    </trkpt>
    <trkpt lat="-31.1759874" lon="136.1539251">
      <ele>150.445</ele>
    </trkpt>
    <trkpt lat="-31.1764402" lon="136.1559596">
      <ele>152.815</ele>
    </trkpt>
    <trkpt lat="-31.1775765" lon="136.1610476">
      <ele>156.063</ele>
    </trkpt>
    <trkpt lat="-31.1781595" lon="136.1636947">
      <ele>159.812</ele>
    </trkpt>
    <trkpt lat="-31.1781608" lon="136.1637004">
      <ele>159.8</ele>
    </trkpt>
    <trkpt lat="-31.1782062" lon="136.1639038">
      <ele>159.489</ele>
    </trkpt>
    <trkpt lat="-31.1787961" lon="136.1665432">
      <ele>160.038</ele>
    </trkpt>
    <trkpt lat="-31.1791168" lon="136.1679715">
      <ele>159.875</ele>
    </trkpt>
    <trkpt lat="-31.1791616" lon="136.1681711">
      <ele>159.982</ele>
    </trkpt>
    <trkpt lat="-31.1791624" lon="136.1681749">
      <ele>159.985</ele>
    </trkpt>
    <trkpt lat="-31.1793901" lon="136.1691882">
      <ele>158.82</ele>
    </trkpt>
    <trkpt lat="-31.1797049" lon="136.1706135">
      <ele>160.938</ele>
    </trkpt>
    <trkpt lat="-31.1797955" lon="136.1710213">
      <ele>159.655</ele>
    </trkpt>
    <trkpt lat="-31.1799363" lon="136.1716324">
      <ele>157.894</ele>
    </trkpt>
    <trkpt lat="-31.1799825" lon="136.1718332">
      <ele>157.337</ele>
    </trkpt>
    <trkpt lat="-31.179983" lon="136.1718355">
      <ele>157.331</ele>
    </trkpt>
    <trkpt lat="-31.1801151" lon="136.1724446">
      <ele>158.215</ele>
    </trkpt>
    <trkpt lat="-31.1811197" lon="136.1769206">
      <ele>153.0</ele>
    </trkpt>
    <trkpt lat="-31.1824116" lon="136.1827229">
      <ele>146.65</ele>
    </trkpt>
    <trkpt lat="-31.1825028" lon="136.1831204">
      <ele>145.249</ele>
    </trkpt>
    <trkpt lat="-31.1825048" lon="136.183129">
      <ele>145.29</ele>
    </trkpt>
    <trkpt lat="-31.1826385" lon="136.1837309">
      <ele>147.0</ele>
    </trkpt>
    <trkpt lat="-31.1844072" lon="136.1916971">
      <ele>144.015</ele>
    </trkpt>
    <trkpt lat="-31.184663" lon="136.1930043">
      <ele>146.0</ele>
    </trkpt>
    <trkpt lat="-31.1849166" lon="136.1944039">
      <ele>144.0</ele>
    </trkpt>
    <trkpt lat="-31.1850773" lon="136.1954232">
      <ele>143.278</ele>
    </trkpt>
    <trkpt lat="-31.1852697" lon="136.196834">
      <ele>142.018</ele>
    </trkpt>
    <trkpt lat="-31.1853952" lon="136.1977923">
      <ele>143.823</ele>
    </trkpt>
    <trkpt lat="-31.1855133" lon="136.1991555">
      <ele>142.186</ele>
    </trkpt>
    <trkpt lat="-31.1855983" lon="136.2003647">
      <ele>144.533</ele>
    </trkpt>
    <trkpt lat="-31.1856833" lon="136.2017052">
      <ele>142.064</ele>
    </trkpt>
    <trkpt lat="-31.1856951" lon="136.2019956">
      <ele>142.318</ele>
    </trkpt>
    <trkpt lat="-31.185722" lon="136.2026013">
      <ele>141.527</ele>
    </trkpt>
    <trkpt lat="-31.1857525" lon="136.2037441">
      <ele>140.37</ele>
    </trkpt>
    <trkpt lat="-31.1857503" lon="136.2054152">
      <ele>142.55</ele>
    </trkpt>
    <trkpt lat="-31.1857416" lon="136.2062549">
      <ele>140.813</ele>
    </trkpt>
    <trkpt lat="-31.1856995" lon="136.207453">
      <ele>139.169</ele>
    </trkpt>
    <trkpt lat="-31.1856191" lon="136.2088719">
      <ele>139.0</ele>
    </trkpt>
    <trkpt lat="-31.1855338" lon="136.2100049">
      <ele>139.92</ele>
    </trkpt>
    <trkpt lat="-31.1852905" lon="136.2123848">
      <ele>140.558</ele>
    </trkpt>
    <trkpt lat="-31.1852793" lon="136.2124949">
      <ele>140.976</ele>
    </trkpt>
    <trkpt lat="-31.1851489" lon="136.2134427">
      <ele>138.888</ele>
    </trkpt>
    <trkpt lat="-31.1850468" lon="136.2141878">
      <ele>137.076</ele>
    </trkpt>
    <trkpt lat="-31.1850113" lon="136.2144039">
      <ele>137.854</ele>
    </trkpt>
    <trkpt lat="-31.1847862" lon="136.2157707">
      <ele>140.174</ele>
    </trkpt>
    <trkpt lat="-31.1844205" lon="136.2176083">
      <ele>139.644</ele>
    </trkpt>
    <trkpt lat="-31.1840899" lon="136.2196091">
      <ele>139.316</ele>
    </trkpt>
    <trkpt lat="-31.1837884" lon="136.2217423">
      <ele>136.276</ele>
    </trkpt>
    <trkpt lat="-31.1836495" lon="136.2231248">
      <ele>137.751</ele>
    </trkpt>
    <trkpt lat="-31.1835553" lon="136.2241652">
      <ele>135.2</ele>
    </trkpt>
    <trkpt lat="-31.1835" lon="136.2249123">
      <ele>137.4</ele>
    </trkpt>
    <trkpt lat="-31.1834604" lon="136.2254419">
      <ele>137.0</ele>
    </trkpt>
    <trkpt lat="-31.1833967" lon="136.2266322">
      <ele>132.124</ele>
    </trkpt>
    <trkpt lat="-31.1833542" lon="136.2277907">
      <ele>134.882</ele>
    </trkpt>
    <trkpt lat="-31.1833354" lon="136.2288565">
      <ele>134.0</ele>
    </trkpt>
    <trkpt lat="-31.1833328" lon="136.2290319">
      <ele>134.001</ele>
    </trkpt>
    <trkpt lat="-31.1833325" lon="136.2295955">
      <ele>135.542</ele>
    </trkpt>
    <trkpt lat="-31.1833323" lon="136.2298057">
      <ele>136.301</ele>
    </trkpt>
    <trkpt lat="-31.1833321" lon="136.2301565">
      <ele>136.437</ele>
    </trkpt>
    <trkpt lat="-31.183334" lon="136.2302261">
      <ele>136.183</ele>
    </trkpt>
    <trkpt lat="-31.1833396" lon="136.2304362">
      <ele>135.99</ele>
    </trkpt>
    <trkpt lat="-31.1833967" lon="136.2325856">
      <ele>133.393</ele>
    </trkpt>
    <trkpt lat="-31.1834016" lon="136.2326721">
      <ele>132.982</ele>
    </trkpt>
    <trkpt lat="-31.1834719" lon="136.2338916">
      <ele>131.487</ele>
    </trkpt>
    <trkpt lat="-31.1834841" lon="136.2340539">
      <ele>130.592</ele>
    </trkpt>
    <trkpt lat="-31.18357" lon="136.2351757">
      <ele>130.337</ele>
    </trkpt>
    <trkpt lat="-31.1836702" lon="136.2362399">
      <ele>131.251</ele>
    </trkpt>
    <trkpt lat="-31.1838155" lon="136.2375377">
      <ele>126.528</ele>
    </trkpt>
    <trkpt lat="-31.1838408" lon="136.2377662">
      <ele>126.346</ele>
    </trkpt>
    <trkpt lat="-31.1838958" lon="136.2381486">
      <ele>127.302</ele>
    </trkpt>
    <trkpt lat="-31.1843897" lon="136.2413197">
      <ele>127.249</ele>
    </trkpt>
    <trkpt lat="-31.1845749" lon="136.2423189">
      <ele>126.346</ele>
    </trkpt>
    <trkpt lat="-31.1848095" lon="136.2434581">
      <ele>126.545</ele>
    </trkpt>
    <trkpt lat="-31.1848819" lon="136.2437789">
      <ele>126.198</ele>
    </trkpt>
    <trkpt lat="-31.1851449" lon="136.2449171">
      <ele>126.478</ele>
    </trkpt>
    <trkpt lat="-31.1854864" lon="136.2462457">
      <ele>124.764</ele>
    </trkpt>
    <trkpt lat="-31.185908" lon="136.2477768">
      <ele>127.269</ele>
    </trkpt>
    <trkpt lat="-31.1866458" lon="136.2502063">
      <ele>125.238</ele>
    </trkpt>
    <trkpt lat="-31.1870586" lon="136.2515679">
      <ele>124.356</ele>
    </trkpt>
    <trkpt lat="-31.1870688" lon="136.2515849">
      <ele>124.294</ele>
    </trkpt>
    <trkpt lat="-31.1872273" lon="136.2520923">
      <ele>123.018</ele>
    </trkpt>
    <trkpt lat="-31.1874099" lon="136.2527065">
      <ele>122.498</ele>
    </trkpt>
    <trkpt lat="-31.1879079" lon="136.2544556">
      <ele>124.51</ele>
    </trkpt>
    <trkpt lat="-31.188268" lon="136.2556614">
      <ele>122.179</ele>
    </trkpt>
    <trkpt lat="-31.1887231" lon="136.2570436">
      <ele>123.213</ele>
    </trkpt>
    <trkpt lat="-31.188755" lon="136.2571499">
      <ele>123.357</ele>
    </trkpt>
    <trkpt lat="-31.1893789" lon="136.2592286">
      <ele>120.419</ele>
    </trkpt>
    <trkpt lat="-31.190707" lon="136.2636159">
      <ele>118.073</ele>
    </trkpt>
    <trkpt lat="-31.1908521" lon="136.2640885">
      <ele>116.563</ele>
    </trkpt>
    <trkpt lat="-31.1912167" lon="136.2652758">
      <ele>116.613</ele>
    </trkpt>
    <trkpt lat="-31.1912775" lon="136.2654737">
      <ele>117.529</ele>
    </trkpt>
    <trkpt lat="-31.1916421" lon="136.2666611">
      <ele>122.892</ele>
    </trkpt>
    <trkpt lat="-31.1916956" lon="136.2668354">
      <ele>122.896</ele>
    </trkpt>
    <trkpt lat="-31.192239" lon="136.2686445">
      <ele>121.113</ele>
    </trkpt>
    <trkpt lat="-31.1934904" lon="136.2728107">
      <ele>121.067</ele>
    </trkpt>
    <trkpt lat="-31.1935059" lon="136.2728623">
      <ele>121.189</ele>
    </trkpt>
    <trkpt lat="-31.1935503" lon="136.2730089">
      <ele>121.65</ele>
    </trkpt>
    <trkpt lat="-31.194871" lon="136.2773695">
      <ele>125.0</ele>
    </trkpt>
    <trkpt lat="-31.1950511" lon="136.2779641">
      <ele>124.0</ele>
    </trkpt>
    <trkpt lat="-31.1950929" lon="136.2781021">
      <ele>124.0</ele>
    </trkpt>
    <trkpt lat="-31.1952093" lon="136.2784876">
      <ele>124.137</ele>
    </trkpt>
    <trkpt lat="-31.1952306" lon="136.278559">
      <ele>124.138</ele>
    </trkpt>
    <trkpt lat="-31.1952899" lon="136.2787575">
      <ele>124.591</ele>
    </trkpt>
    <trkpt lat="-31.1953833" lon="136.2790704">
      <ele>124.726</ele>
    </trkpt>
    <trkpt lat="-31.195648" lon="136.2799476">
      <ele>123.063</ele>
    </trkpt>
    <trkpt lat="-31.196007" lon="136.2811374">
      <ele>123.0</ele>
    </trkpt>
    <trkpt lat="-31.1964661" lon="136.2826591">
      <ele>124.278</ele>
    </trkpt>
    <trkpt lat="-31.1964858" lon="136.2827236">
      <ele>124.349</ele>
    </trkpt>
    <trkpt lat="-31.1967511" lon="136.283591">
      <ele>122.95</ele>
    </trkpt>
    <trkpt lat="-31.1968692" lon="136.2839762">
      <ele>125.314</ele>
    </trkpt>
    <trkpt lat="-31.1970313" lon="136.2845212">
      <ele>127.19</ele>
    </trkpt>
    <trkpt lat="-31.1971386" lon="136.284865">
      <ele>126.428</ele>
    </trkpt>
    <trkpt lat="-31.1971506" lon="136.2849021">
      <ele>126.13</ele>
    </trkpt>
    <trkpt lat="-31.1977218" lon="136.2866728">
      <ele>123.956</ele>
    </trkpt>
    <trkpt lat="-31.1977598" lon="136.2867906">
      <ele>123.108</ele>
    </trkpt>
    <trkpt lat="-31.1985658" lon="136.2892221">
      <ele>120.2</ele>
    </trkpt>
    <trkpt lat="-31.1986308" lon="136.2894182">
      <ele>120.926</ele>
    </trkpt>
    <trkpt lat="-31.1987607" lon="136.2898103">
      <ele>122.317</ele>
    </trkpt>
    <trkpt lat="-31.1990856" lon="136.2907907">
      <ele>121.648</ele>
    </trkpt>
    <trkpt lat="-31.1991009" lon="136.2908367">
      <ele>121.483</ele>
    </trkpt>
    <trkpt lat="-31.2008257" lon="136.2957768">
      <ele>124.0</ele>
    </trkpt>
    <trkpt lat="-31.2015399" lon="136.297797">
      <ele>125.443</ele>
    </trkpt>
    <trkpt lat="-31.2023695" lon="136.2999607">
      <ele>123.455</ele>
    </trkpt>
    <trkpt lat="-31.2024226" lon="136.3000986">
      <ele>123.721</ele>
    </trkpt>
    <trkpt lat="-31.2024964" lon="136.3002903">
      <ele>123.987</ele>
    </trkpt>
    <trkpt lat="-31.2025702" lon="136.3004821">
      <ele>124.253</ele>
    </trkpt>
    <trkpt lat="-31.202644" lon="136.3006738">
      <ele>124.298</ele>
    </trkpt>
    <trkpt lat="-31.203013" lon="136.3016327">
      <ele>122.122</ele>
    </trkpt>
    <trkpt lat="-31.2037511" lon="136.3035503">
      <ele>122.0</ele>
    </trkpt>
    <trkpt lat="-31.2040463" lon="136.3043174">
      <ele>121.433</ele>
    </trkpt>
    <trkpt lat="-31.2041856" lon="136.3046794">
      <ele>121.0</ele>
    </trkpt>
    <trkpt lat="-31.2043483" lon="136.3050808">
      <ele>120.055</ele>
    </trkpt>
    <trkpt lat="-31.2054828" lon="136.3078796">
      <ele>116.271</ele>
    </trkpt>
    <trkpt lat="-31.2059036" lon="136.308873">
      <ele>118.072</ele>
    </trkpt>
    <trkpt lat="-31.2059834" lon="136.3090615">
      <ele>117.379</ele>
    </trkpt>
    <trkpt lat="-31.2072373" lon="136.3120217">
      <ele>114.181</ele>
    </trkpt>
    <trkpt lat="-31.2079844" lon="136.3136449">
      <ele>114.391</ele>
    </trkpt>
    <trkpt lat="-31.2085438" lon="136.3148515">
      <ele>111.647</ele>
    </trkpt>
    <trkpt lat="-31.2086055" lon="136.3149796">
      <ele>111.092</ele>
    </trkpt>
    <trkpt lat="-31.2090891" lon="136.3159838">
      <ele>112.677</ele>
    </trkpt>
    <trkpt lat="-31.2096802" lon="136.3171594">
      <ele>113.883</ele>
    </trkpt>
    <trkpt lat="-31.2104193" lon="136.3185719">
      <ele>108.931</ele>
    </trkpt>
    <trkpt lat="-31.2106977" lon="136.3190829">
      <ele>106.286</ele>
    </trkpt>
    <trkpt lat="-31.2114213" lon="136.3204109">
      <ele>107.312</ele>
    </trkpt>
    <trkpt lat="-31.2124354" lon="136.322176">
      <ele>110.1</ele>
    </trkpt>
    <trkpt lat="-31.2125671" lon="136.3224053">
      <ele>109.742</ele>
    </trkpt>
    <trkpt lat="-31.2127916" lon="136.3227782">
      <ele>110.949</ele>
    </trkpt>
    <trkpt lat="-31.2135356" lon="136.3240146">
      <ele>108.272</ele>
    </trkpt>
    <trkpt lat="-31.2140357" lon="136.3248198">
      <ele>107.823</ele>
    </trkpt>
    <trkpt lat="-31.2141414" lon="136.32499">
      <ele>108.055</ele>
    </trkpt>
    <trkpt lat="-31.2149868" lon="136.3263514">
      <ele>108.135</ele>
    </trkpt>
    <trkpt lat="-31.2151982" lon="136.3266918">
      <ele>108.804</ele>
    </trkpt>
    <trkpt lat="-31.2152365" lon="136.3267535">
      <ele>109.164</ele>
    </trkpt>
    <trkpt lat="-31.2153421" lon="136.3269236">
      <ele>109.479</ele>
    </trkpt>
    <trkpt lat="-31.2154478" lon="136.3270939">
      <ele>109.105</ele>
    </trkpt>
    <trkpt lat="-31.2170915" lon="136.329741">
      <ele>111.529</ele>
    </trkpt>
    <trkpt lat="-31.2175262" lon="136.330479">
      <ele>110.551</ele>
    </trkpt>
    <trkpt lat="-31.21885" lon="136.3326843">
      <ele>113.907</ele>
    </trkpt>
    <trkpt lat="-31.2194658" lon="136.3337631">
      <ele>114.077</ele>
    </trkpt>
    <trkpt lat="-31.2201836" lon="136.335065">
      <ele>114.921</ele>
    </trkpt>
    <trkpt lat="-31.2203603" lon="136.3353928">
      <ele>115.0</ele>
    </trkpt>
    <trkpt lat="-31.2204214" lon="136.3355062">
      <ele>115.0</ele>
    </trkpt>
    <trkpt lat="-31.2205173" lon="136.3356842">
      <ele>114.537</ele>
    </trkpt>
    <trkpt lat="-31.2206479" lon="136.3359267">
      <ele>113.664</ele>
    </trkpt>
    <trkpt lat="-31.2207438" lon="136.3361046">
      <ele>113.023</ele>
    </trkpt>
    <trkpt lat="-31.2207884" lon="136.3361873">
      <ele>113.0</ele>
    </trkpt>
    <trkpt lat="-31.2208044" lon="136.3362184">
      <ele>113.0</ele>
    </trkpt>
    <trkpt lat="-31.2213628" lon="136.337299">
      <ele>113.689</ele>
    </trkpt>
    <trkpt lat="-31.2217697" lon="136.3381069">
      <ele>114.487</ele>
    </trkpt>
    <trkpt lat="-31.2219433" lon="136.3384515">
      <ele>114.575</ele>
    </trkpt>
    <trkpt lat="-31.2219533" lon="136.3384713">
      <ele>114.519</ele>
    </trkpt>
    <trkpt lat="-31.2222638" lon="136.3391185">
      <ele>114.879</ele>
    </trkpt>
    <trkpt lat="-31.222904" lon="136.3404528">
      <ele>110.546</ele>
    </trkpt>
    <trkpt lat="-31.2237344" lon="136.3422898">
      <ele>106.664</ele>
    </trkpt>
    <trkpt lat="-31.2239666" lon="136.3428234">
      <ele>108.28</ele>
    </trkpt>
    <trkpt lat="-31.2240482" lon="136.3430109">
      <ele>108.574</ele>
    </trkpt>
    <trkpt lat="-31.2240778" lon="136.3430788">
      <ele>108.764</ele>
    </trkpt>
    <trkpt lat="-31.2242772" lon="136.3435372">
      <ele>110.0</ele>
    </trkpt>
    <trkpt lat="-31.2242925" lon="136.3435735">
      <ele>110.0</ele>
    </trkpt>
    <trkpt lat="-31.2246844" lon="136.3445067">
      <ele>108.088</ele>
    </trkpt>
    <trkpt lat="-31.2248422" lon="136.344898">
      <ele>109.0</ele>
    </trkpt>
    <trkpt lat="-31.2253788" lon="136.3462283">
      <ele>108.426</ele>
    </trkpt>
    <trkpt lat="-31.2258183" lon="136.3473826">
      <ele>107.031</ele>
    </trkpt>
    <trkpt lat="-31.2258567" lon="136.3474834">
      <ele>107.089</ele>
    </trkpt>
    <trkpt lat="-31.2260378" lon="136.347959">
      <ele>110.213</ele>
    </trkpt>
    <trkpt lat="-31.2260643" lon="136.3480286">
      <ele>110.79</ele>
    </trkpt>
    <trkpt lat="-31.2261375" lon="136.3482208">
      <ele>110.923</ele>
    </trkpt>
    <trkpt lat="-31.2261842" lon="136.3483432">
      <ele>111.0</ele>
    </trkpt>
    <trkpt lat="-31.2271356" lon="136.350841">
      <ele>109.339</ele>
    </trkpt>
    <trkpt lat="-31.2272088" lon="136.3510332">
      <ele>109.768</ele>
    </trkpt>
    <trkpt lat="-31.2273008" lon="136.3512747">
      <ele>109.833</ele>
    </trkpt>
    <trkpt lat="-31.2273549" lon="136.3514176">
      <ele>109.468</ele>
    </trkpt>
    <trkpt lat="-31.2290298" lon="136.3558412">
      <ele>117.535</ele>
    </trkpt>
    <trkpt lat="-31.2295019" lon="136.3570882">
      <ele>117.1</ele>
    </trkpt>
    <trkpt lat="-31.2297844" lon="136.3578343">
      <ele>117.224</ele>
    </trkpt>
    <trkpt lat="-31.2302677" lon="136.3591109">
      <ele>116.698</ele>
    </trkpt>
    <trkpt lat="-31.2302941" lon="136.3591806">
      <ele>117.059</ele>
    </trkpt>
    <trkpt lat="-31.2304861" lon="136.3596879">
      <ele>118.407</ele>
    </trkpt>
    <trkpt lat="-31.231287" lon="136.3618037">
      <ele>122.688</ele>
    </trkpt>
    <trkpt lat="-31.2313134" lon="136.3618734">
      <ele>122.458</ele>
    </trkpt>
    <trkpt lat="-31.2313598" lon="136.361996">
      <ele>122.105</ele>
    </trkpt>
    <trkpt lat="-31.2315782" lon="136.3625731">
      <ele>121.996</ele>
    </trkpt>
    <trkpt lat="-31.2317238" lon="136.3629577">
      <ele>122.147</ele>
    </trkpt>
    <trkpt lat="-31.2325975" lon="136.3652659">
      <ele>120.914</ele>
    </trkpt>
    <trkpt lat="-31.2326703" lon="136.3654583">
      <ele>121.0</ele>
    </trkpt>
    <trkpt lat="-31.2327431" lon="136.3656506">
      <ele>120.316</ele>
    </trkpt>
    <trkpt lat="-31.2328159" lon="136.3658429">
      <ele>119.206</ele>
    </trkpt>
    <trkpt lat="-31.2328887" lon="136.3660353">
      <ele>118.344</ele>
    </trkpt>
    <trkpt lat="-31.2329615" lon="136.3662276">
      <ele>117.903</ele>
    </trkpt>
    <trkpt lat="-31.2329762" lon="136.3662664">
      <ele>117.87</ele>
    </trkpt>
    <trkpt lat="-31.2330314" lon="136.3664215">
      <ele>117.709</ele>
    </trkpt>
    <trkpt lat="-31.2331929" lon="136.3668753">
      <ele>117.484</ele>
    </trkpt>
    <trkpt lat="-31.233426" lon="136.3675975">
      <ele>115.532</ele>
    </trkpt>
    <trkpt lat="-31.2336396" lon="136.3683092">
      <ele>110.993</ele>
    </trkpt>
    <trkpt lat="-31.2338171" lon="136.3689667">
      <ele>109.394</ele>
    </trkpt>
    <trkpt lat="-31.2340018" lon="136.3697115">
      <ele>108.484</ele>
    </trkpt>
    <trkpt lat="-31.2341635" lon="136.3704439">
      <ele>106.609</ele>
    </trkpt>
    <trkpt lat="-31.2344149" lon="136.3718118">
      <ele>107.0</ele>
    </trkpt>
    <trkpt lat="-31.2344817" lon="136.372267">
      <ele>105.866</ele>
    </trkpt>
    <trkpt lat="-31.2345276" lon="136.3725797">
      <ele>105.586</ele>
    </trkpt>
    <trkpt lat="-31.2345648" lon="136.3728905">
      <ele>105.027</ele>
    </trkpt>
    <trkpt lat="-31.2345897" lon="136.3730988">
      <ele>104.286</ele>
    </trkpt>
    <trkpt lat="-31.23461" lon="136.373268">
      <ele>103.375</ele>
    </trkpt>
    <trkpt lat="-31.2346912" lon="136.3741056">
      <ele>103.473</ele>
    </trkpt>
    <trkpt lat="-31.2347091" lon="136.3743531">
      <ele>104.624</ele>
    </trkpt>
    <trkpt lat="-31.2347243" lon="136.3745627">
      <ele>105.43</ele>
    </trkpt>
    <trkpt lat="-31.2347404" lon="136.3747855">
      <ele>106.0</ele>
    </trkpt>
    <trkpt lat="-31.2347846" lon="136.3759248">
      <ele>103.299</ele>
    </trkpt>
    <trkpt lat="-31.2347916" lon="136.3766642">
      <ele>105.491</ele>
    </trkpt>
    <trkpt lat="-31.2347775" lon="136.3772463">
      <ele>108.286</ele>
    </trkpt>
    <trkpt lat="-31.234761" lon="136.3778629">
      <ele>106.806</ele>
    </trkpt>
    <trkpt lat="-31.234725" lon="136.3795423">
      <ele>105.073</ele>
    </trkpt>
    <trkpt lat="-31.2347165" lon="136.3799392">
      <ele>107.012</ele>
    </trkpt>
    <trkpt lat="-31.2347163" lon="136.3808043">
      <ele>105.9</ele>
    </trkpt>
    <trkpt lat="-31.2347162" lon="136.3810147">
      <ele>106.625</ele>
    </trkpt>
    <trkpt lat="-31.2347162" lon="136.3811711">
      <ele>106.957</ele>
    </trkpt>
    <trkpt lat="-31.2347578" lon="136.3823806">
      <ele>105.256</ele>
    </trkpt>
    <trkpt lat="-31.2348165" lon="136.383618">
      <ele>104.051</ele>
    </trkpt>
    <trkpt lat="-31.234835" lon="136.3839407">
      <ele>105.703</ele>
    </trkpt>
    <trkpt lat="-31.2348776" lon="136.3846321">
      <ele>106.559</ele>
    </trkpt>
    <trkpt lat="-31.2349256" lon="136.3852137">
      <ele>107.67</ele>
    </trkpt>
    <trkpt lat="-31.2349429" lon="136.3854231">
      <ele>107.794</ele>
    </trkpt>
    <trkpt lat="-31.2349517" lon="136.3855298">
      <ele>107.826</ele>
    </trkpt>
    <trkpt lat="-31.2349841" lon="136.385841">
      <ele>106.884</ele>
    </trkpt>
    <trkpt lat="-31.2350151" lon="136.3861381">
      <ele>107.076</ele>
    </trkpt>
    <trkpt lat="-31.2350276" lon="136.3862586">
      <ele>106.873</ele>
    </trkpt>
    <trkpt lat="-31.2350368" lon="136.3863469">
      <ele>106.774</ele>
    </trkpt>
    <trkpt lat="-31.2351126" lon="136.3870754">
      <ele>107.429</ele>
    </trkpt>
    <trkpt lat="-31.2351268" lon="136.3871816">
      <ele>107.134</ele>
    </trkpt>
    <trkpt lat="-31.2351547" lon="136.3873895">
      <ele>106.665</ele>
    </trkpt>
    <trkpt lat="-31.2351825" lon="136.3875973">
      <ele>106.453</ele>
    </trkpt>
    <trkpt lat="-31.2352264" lon="136.3879251">
      <ele>107.876</ele>
    </trkpt>
    <trkpt lat="-31.2352821" lon="136.3883407">
      <ele>108.999</ele>
    </trkpt>
    <trkpt lat="-31.2354065" lon="136.3892692">
      <ele>109.906</ele>
    </trkpt>
    <trkpt lat="-31.2355568" lon="136.3902049">
      <ele>110.991</ele>
    </trkpt>
    <trkpt lat="-31.2357388" lon="136.3912363">
      <ele>110.791</ele>
    </trkpt>
    <trkpt lat="-31.2357468" lon="136.3912819">
      <ele>110.926</ele>
    </trkpt>
    <trkpt lat="-31.2359158" lon="136.3921345">
      <ele>111.906</ele>
    </trkpt>
    <trkpt lat="-31.2360924" lon="136.3929761">
      <ele>113.865</ele>
    </trkpt>
    <trkpt lat="-31.2361128" lon="136.3930782">
      <ele>113.918</ele>
    </trkpt>
    <trkpt lat="-31.2362771" lon="136.393903">
      <ele>111.793</ele>
    </trkpt>
    <trkpt lat="-31.2362898" lon="136.3939851">
      <ele>111.93</ele>
    </trkpt>
    <trkpt lat="-31.2363522" lon="136.3943885">
      <ele>112.709</ele>
    </trkpt>
    <trkpt lat="-31.2363534" lon="136.3943992">
      <ele>112.724</ele>
    </trkpt>
    <trkpt lat="-31.2363664" lon="136.3945197">
      <ele>112.611</ele>
    </trkpt>
    <trkpt lat="-31.2363671" lon="136.3945261">
      <ele>112.595</ele>
    </trkpt>
    <trkpt lat="-31.2363765" lon="136.3946078">
      <ele>112.375</ele>
    </trkpt>
    <trkpt lat="-31.2364143" lon="136.3949367">
      <ele>111.838</ele>
    </trkpt>
    <trkpt lat="-31.2364382" lon="136.3951452">
      <ele>111.738</ele>
    </trkpt>
    <trkpt lat="-31.2364421" lon="136.3951787">
      <ele>111.74</ele>
    </trkpt>
    <trkpt lat="-31.236454" lon="136.3953547">
      <ele>111.831</ele>
    </trkpt>
    <trkpt lat="-31.2364654" lon="136.3955218">
      <ele>111.967</ele>
    </trkpt>
    <trkpt lat="-31.2364984" lon="136.396154">
      <ele>113.154</ele>
    </trkpt>
    <trkpt lat="-31.2365223" lon="136.3971231">
      <ele>117.806</ele>
    </trkpt>
    <trkpt lat="-31.2364871" lon="136.3980572">
      <ele>118.348</ele>
    </trkpt>
    <trkpt lat="-31.2364299" lon="136.3988">
      <ele>119.892</ele>
    </trkpt>
    <trkpt lat="-31.2363334" lon="136.3995744">
      <ele>124.226</ele>
    </trkpt>
    <trkpt lat="-31.2362202" lon="136.4002197">
      <ele>122.082</ele>
    </trkpt>
    <trkpt lat="-31.2362133" lon="136.4002533">
      <ele>122.032</ele>
    </trkpt>
    <trkpt lat="-31.2361892" lon="136.4003714">
      <ele>122.579</ele>
    </trkpt>
    <trkpt lat="-31.2361715" lon="136.4004578">
      <ele>123.155</ele>
    </trkpt>
    <trkpt lat="-31.2360896" lon="136.4008578">
      <ele>126.071</ele>
    </trkpt>
    <trkpt lat="-31.2360602" lon="136.4009841">
      <ele>126.084</ele>
    </trkpt>
    <trkpt lat="-31.2359656" lon="136.40139">
      <ele>123.992</ele>
    </trkpt>
    <trkpt lat="-31.2359474" lon="136.401468">
      <ele>123.481</ele>
    </trkpt>
    <trkpt lat="-31.2357751" lon="136.4020939">
      <ele>123.0</ele>
    </trkpt>
    <trkpt lat="-31.2357439" lon="136.4021903">
      <ele>123.0</ele>
    </trkpt>
    <trkpt lat="-31.2355711" lon="136.402724">
      <ele>121.955</ele>
    </trkpt>
    <trkpt lat="-31.2353834" lon="136.40325">
      <ele>121.354</ele>
    </trkpt>
    <trkpt lat="-31.235036" lon="136.4042238">
      <ele>119.049</ele>
    </trkpt>
    <trkpt lat="-31.2347603" lon="136.4050439">
      <ele>121.431</ele>
    </trkpt>
    <trkpt lat="-31.2345198" lon="136.4057493">
      <ele>119.918</ele>
    </trkpt>
    <trkpt lat="-31.2341111" lon="136.4070716">
      <ele>120.892</ele>
    </trkpt>
    <trkpt lat="-31.2339856" lon="136.4074833">
      <ele>121.0</ele>
    </trkpt>
    <trkpt lat="-31.2335134" lon="136.409198">
      <ele>123.071</ele>
    </trkpt>
    <trkpt lat="-31.2335118" lon="136.4092038">
      <ele>123.018</ele>
    </trkpt>
    <trkpt lat="-31.2333501" lon="136.4098528">
      <ele>119.502</ele>
    </trkpt>
    <trkpt lat="-31.2330294" lon="136.411218">
      <ele>117.804</ele>
    </trkpt>
    <trkpt lat="-31.2328334" lon="136.4120923">
      <ele>117.374</ele>
    </trkpt>
    <trkpt lat="-31.2327517" lon="136.4124984">
      <ele>117.094</ele>
    </trkpt>
    <trkpt lat="-31.2324766" lon="136.4138733">
      <ele>119.972</ele>
    </trkpt>
    <trkpt lat="-31.23237" lon="136.4145302">
      <ele>117.079</ele>
    </trkpt>
    <trkpt lat="-31.2322098" lon="136.4155341">
      <ele>114.837</ele>
    </trkpt>
    <trkpt lat="-31.2321768" lon="136.4157409">
      <ele>114.673</ele>
    </trkpt>
    <trkpt lat="-31.2321109" lon="136.4161545">
      <ele>112.949</ele>
    </trkpt>
    <trkpt lat="-31.2320798" lon="136.4163493">
      <ele>111.699</ele>
    </trkpt>
    <trkpt lat="-31.2320507" lon="136.4165692">
      <ele>111.783</ele>
    </trkpt>
    <trkpt lat="-31.2320232" lon="136.4167771">
      <ele>112.51</ele>
    </trkpt>
    <trkpt lat="-31.2319958" lon="136.416985">
      <ele>113.331</ele>
    </trkpt>
    <trkpt lat="-31.231848" lon="136.4181026">
      <ele>115.542</ele>
    </trkpt>
    <trkpt lat="-31.231734" lon="136.419199">
      <ele>115.457</ele>
    </trkpt>
    <trkpt lat="-31.2316241" lon="136.4203279">
      <ele>117.902</ele>
    </trkpt>
    <trkpt lat="-31.2315196" lon="136.4216408">
      <ele>115.471</ele>
    </trkpt>
    <trkpt lat="-31.2315024" lon="136.4219984">
      <ele>115.409</ele>
    </trkpt>
    <trkpt lat="-31.2314822" lon="136.4224185">
      <ele>115.805</ele>
    </trkpt>
    <trkpt lat="-31.2314808" lon="136.4224483">
      <ele>115.875</ele>
    </trkpt>
    <trkpt lat="-31.2314423" lon="136.4232586">
      <ele>115.859</ele>
    </trkpt>
    <trkpt lat="-31.2314387" lon="136.4233341">
      <ele>115.818</ele>
    </trkpt>
    <trkpt lat="-31.2314345" lon="136.4236791">
      <ele>114.836</ele>
    </trkpt>
    <trkpt lat="-31.2314337" lon="136.4237439">
      <ele>114.839</ele>
    </trkpt>
    <trkpt lat="-31.2314283" lon="136.4238893">
      <ele>114.86</ele>
    </trkpt>
    <trkpt lat="-31.2314075" lon="136.4244519">
      <ele>116.774</ele>
    </trkpt>
    <trkpt lat="-31.2313946" lon="136.4253336">
      <ele>114.975</ele>
    </trkpt>
    <trkpt lat="-31.2313947" lon="136.426595">
      <ele>112.984</ele>
    </trkpt>
    <trkpt lat="-31.2314199" lon="136.4278703">
      <ele>112.555</ele>
    </trkpt>
    <trkpt lat="-31.2314726" lon="136.4297945">
      <ele>109.078</ele>
    </trkpt>
    <trkpt lat="-31.2314823" lon="136.430408">
      <ele>111.274</ele>
    </trkpt>
    <trkpt lat="-31.2314856" lon="136.4306183">
      <ele>112.495</ele>
    </trkpt>
    <trkpt lat="-31.2314889" lon="136.4308286">
      <ele>112.989</ele>
    </trkpt>
    <trkpt lat="-31.2314988" lon="136.4314596">
      <ele>111.45</ele>
    </trkpt>
    <trkpt lat="-31.2315021" lon="136.4316699">
      <ele>111.007</ele>
    </trkpt>
    <trkpt lat="-31.2315268" lon="136.4332393">
      <ele>113.504</ele>
    </trkpt>
    <trkpt lat="-31.2315255" lon="136.4341938">
      <ele>114.508</ele>
    </trkpt>
    <trkpt lat="-31.2315252" lon="136.4344041">
      <ele>114.509</ele>
    </trkpt>
    <trkpt lat="-31.231521" lon="136.4373218">
      <ele>109.049</ele>
    </trkpt>
    <trkpt lat="-31.231471" lon="136.4404815">
      <ele>110.217</ele>
    </trkpt>
    <trkpt lat="-31.2314645" lon="136.4407139">
      <ele>110.272</ele>
    </trkpt>
    <trkpt lat="-31.2314528" lon="136.4411344">
      <ele>111.084</ele>
    </trkpt>
    <trkpt lat="-31.2314135" lon="136.4425399">
      <ele>108.0</ele>
    </trkpt>
    <trkpt lat="-31.2313618" lon="136.4440125">
      <ele>105.141</ele>
    </trkpt>
    <trkpt lat="-31.2313394" lon="136.4444972">
      <ele>106.479</ele>
    </trkpt>
    <trkpt lat="-31.2313102" lon="136.4451273">
      <ele>104.93</ele>
    </trkpt>
    <trkpt lat="-31.2312908" lon="136.4455474">
      <ele>104.0</ele>
    </trkpt>
    <trkpt lat="-31.2312811" lon="136.4457575">
      <ele>104.282</ele>
    </trkpt>
    <trkpt lat="-31.2312714" lon="136.4459675">
      <ele>104.906</ele>
    </trkpt>
    <trkpt lat="-31.2312617" lon="136.4461776">
      <ele>105.937</ele>
    </trkpt>
    <trkpt lat="-31.2312134" lon="136.4472217">
      <ele>108.631</ele>
    </trkpt>
    <trkpt lat="-31.2311336" lon="136.4486023">
      <ele>107.049</ele>
    </trkpt>
    <trkpt lat="-31.2311038" lon="136.4491166">
      <ele>107.0</ele>
    </trkpt>
    <trkpt lat="-31.2310416" lon="136.4501922">
      <ele>106.077</ele>
    </trkpt>
    <trkpt lat="-31.2308125" lon="136.4533095">
      <ele>108.165</ele>
    </trkpt>
    <trkpt lat="-31.2307964" lon="136.4535291">
      <ele>106.59</ele>
    </trkpt>
    <trkpt lat="-31.2307124" lon="136.454741">
      <ele>107.306</ele>
    </trkpt>
    <trkpt lat="-31.2306704" lon="136.4554611">
      <ele>109.106</ele>
    </trkpt>
    <trkpt lat="-31.2305783" lon="136.4573545">
      <ele>108.519</ele>
    </trkpt>
    <trkpt lat="-31.2305369" lon="136.4597045">
      <ele>107.936</ele>
    </trkpt>
    <trkpt lat="-31.2305513" lon="136.4610822">
      <ele>104.075</ele>
    </trkpt>
    <trkpt lat="-31.2305535" lon="136.4612925">
      <ele>104.032</ele>
    </trkpt>
    <trkpt lat="-31.230559" lon="136.461814">
      <ele>103.994</ele>
    </trkpt>
    <trkpt lat="-31.2305629" lon="136.4619234">
      <ele>103.998</ele>
    </trkpt>
    <trkpt lat="-31.2305704" lon="136.4621336">
      <ele>105.362</ele>
    </trkpt>
    <trkpt lat="-31.2305779" lon="136.4623437">
      <ele>107.242</ele>
    </trkpt>
    <trkpt lat="-31.2305854" lon="136.4625539">
      <ele>108.806</ele>
    </trkpt>
    <trkpt lat="-31.2305929" lon="136.4627641">
      <ele>108.859</ele>
    </trkpt>
    <trkpt lat="-31.2306154" lon="136.4633946">
      <ele>106.827</ele>
    </trkpt>
    <trkpt lat="-31.2306255" lon="136.4636775">
      <ele>106.491</ele>
    </trkpt>
    <trkpt lat="-31.2306494" lon="136.4641821">
      <ele>108.712</ele>
    </trkpt>
    <trkpt lat="-31.2306649" lon="136.4644447">
      <ele>109.392</ele>
    </trkpt>
    <trkpt lat="-31.2306888" lon="136.4648505">
      <ele>107.036</ele>
    </trkpt>
    <trkpt lat="-31.23069" lon="136.4648643">
      <ele>106.945</ele>
    </trkpt>
    <trkpt lat="-31.2307044" lon="136.4650258">
      <ele>105.929</ele>
    </trkpt>
    <trkpt lat="-31.2307076" lon="136.4650736">
      <ele>105.685</ele>
    </trkpt>
    <trkpt lat="-31.2307547" lon="136.4657747">
      <ele>104.717</ele>
    </trkpt>
    <trkpt lat="-31.2308515" lon="136.4667916">
      <ele>103.58</ele>
    </trkpt>
    <trkpt lat="-31.2309551" lon="136.4675801">
      <ele>102.15</ele>
    </trkpt>
    <trkpt lat="-31.2310218" lon="136.4680883">
      <ele>101.277</ele>
    </trkpt>
    <trkpt lat="-31.2312036" lon="136.4690997">
      <ele>99.494</ele>
    </trkpt>
    <trkpt lat="-31.2313471" lon="136.4698473">
      <ele>101.0</ele>
    </trkpt>
    <trkpt lat="-31.2313551" lon="136.4698891">
      <ele>101.0</ele>
    </trkpt>
    <trkpt lat="-31.2313711" lon="136.4699726">
      <ele>101.0</ele>
    </trkpt>
    <trkpt lat="-31.2313883" lon="136.470052">
      <ele>100.813</ele>
    </trkpt>
    <trkpt lat="-31.2314323" lon="136.4702559">
      <ele>99.922</ele>
    </trkpt>
    <trkpt lat="-31.2314763" lon="136.4704599">
      <ele>98.58</ele>
    </trkpt>
    <trkpt lat="-31.2314874" lon="136.4705109">
      <ele>98.265</ele>
    </trkpt>
    <trkpt lat="-31.2315251" lon="136.4706623">
      <ele>97.42</ele>
    </trkpt>
    <trkpt lat="-31.2316496" lon="136.4711626">
      <ele>96.95</ele>
    </trkpt>
    <trkpt lat="-31.2317386" lon="136.4715048">
      <ele>97.568</ele>
    </trkpt>
    <trkpt lat="-31.2320917" lon="136.472733">
      <ele>98.0</ele>
    </trkpt>
    <trkpt lat="-31.232393" lon="136.4736483">
      <ele>95.77</ele>
    </trkpt>
    <trkpt lat="-31.2328152" lon="136.4748146">
      <ele>95.91</ele>
    </trkpt>
    <trkpt lat="-31.2331422" lon="136.4756475">
      <ele>95.544</ele>
    </trkpt>
    <trkpt lat="-31.2334728" lon="136.4764148">
      <ele>96.405</ele>
    </trkpt>
    <trkpt lat="-31.2336941" lon="136.4768875">
      <ele>95.299</ele>
    </trkpt>
    <trkpt lat="-31.2340007" lon="136.4775406">
      <ele>95.087</ele>
    </trkpt>
    <trkpt lat="-31.2345796" lon="136.4786527">
      <ele>93.41</ele>
    </trkpt>
    <trkpt lat="-31.2353271" lon="136.4799481">
      <ele>93.654</ele>
    </trkpt>
    <trkpt lat="-31.2356339" lon="136.4804279">
      <ele>90.87</ele>
    </trkpt>
    <trkpt lat="-31.2360184" lon="136.4810294">
      <ele>90.334</ele>
    </trkpt>
    <trkpt lat="-31.2364174" lon="136.481606">
      <ele>90.978</ele>
    </trkpt>
    <trkpt lat="-31.2365257" lon="136.4817539">
      <ele>91.0</ele>
    </trkpt>
    <trkpt lat="-31.2367497" lon="136.4820603">
      <ele>90.826</ele>
    </trkpt>
    <trkpt lat="-31.2369358" lon="136.4823142">
      <ele>91.0</ele>
    </trkpt>
    <trkpt lat="-31.2374554" lon="136.4829801">
      <ele>91.117</ele>
    </trkpt>
    <trkpt lat="-31.2377016" lon="136.4832741">
      <ele>90.274</ele>
    </trkpt>
    <trkpt lat="-31.2382043" lon="136.4838758">
      <ele>90.0</ele>
    </trkpt>
    <trkpt lat="-31.2384849" lon="136.4842113">
      <ele>90.546</ele>
    </trkpt>
    <trkpt lat="-31.2386107" lon="136.4843617">
      <ele>90.999</ele>
    </trkpt>
    <trkpt lat="-31.2387365" lon="136.4845121">
      <ele>90.305</ele>
    </trkpt>
    <trkpt lat="-31.2388622" lon="136.4846624">
      <ele>89.311</ele>
    </trkpt>
    <trkpt lat="-31.238988" lon="136.4848128">
      <ele>88.79</ele>
    </trkpt>
    <trkpt lat="-31.2394003" lon="136.4853056">
      <ele>90.766</ele>
    </trkpt>
    <trkpt lat="-31.2404971" lon="136.4866176">
      <ele>93.647</ele>
    </trkpt>
    <trkpt lat="-31.2406229" lon="136.486768">
      <ele>94.73</ele>
    </trkpt>
    <trkpt lat="-31.2407486" lon="136.4869184">
      <ele>95.812</ele>
    </trkpt>
    <trkpt lat="-31.2408743" lon="136.4870688">
      <ele>96.514</ele>
    </trkpt>
    <trkpt lat="-31.2410001" lon="136.4872193">
      <ele>97.584</ele>
    </trkpt>
    <trkpt lat="-31.2412516" lon="136.4875201">
      <ele>98.567</ele>
    </trkpt>
    <trkpt lat="-31.2419598" lon="136.4883672">
      <ele>97.051</ele>
    </trkpt>
    <trkpt lat="-31.2422576" lon="136.4887233">
      <ele>100.434</ele>
    </trkpt>
    <trkpt lat="-31.2423834" lon="136.4888737">
      <ele>102.289</ele>
    </trkpt>
    <trkpt lat="-31.2430014" lon="136.4896126">
      <ele>101.492</ele>
    </trkpt>
    <trkpt lat="-31.2435004" lon="136.4902439">
      <ele>105.073</ele>
    </trkpt>
    <trkpt lat="-31.2436225" lon="136.4903983">
      <ele>105.041</ele>
    </trkpt>
    <trkpt lat="-31.2437446" lon="136.4905528">
      <ele>105.481</ele>
    </trkpt>
    <trkpt lat="-31.2440414" lon="136.4909284">
      <ele>105.207</ele>
    </trkpt>
    <trkpt lat="-31.2441084" lon="136.4910188">
      <ele>105.123</ele>
    </trkpt>
    <trkpt lat="-31.2444692" lon="136.4915053">
      <ele>101.477</ele>
    </trkpt>
    <trkpt lat="-31.2446371" lon="136.4917461">
      <ele>101.286</ele>
    </trkpt>
    <trkpt lat="-31.2446898" lon="136.4918212">
      <ele>101.556</ele>
    </trkpt>
    <trkpt lat="-31.244804" lon="136.4919838">
      <ele>102.83</ele>
    </trkpt>
    <trkpt lat="-31.2448901" lon="136.4921064">
      <ele>104.022</ele>
    </trkpt>
    <trkpt lat="-31.2452434" lon="136.49265">
      <ele>103.933</ele>
    </trkpt>
    <trkpt lat="-31.2453522" lon="136.4928175">
      <ele>104.125</ele>
    </trkpt>
    <trkpt lat="-31.2455175" lon="136.4930718">
      <ele>103.762</ele>
    </trkpt>
    <trkpt lat="-31.2458721" lon="136.4936486">
      <ele>102.293</ele>
    </trkpt>
    <trkpt lat="-31.2461818" lon="136.4941921">
      <ele>104.908</ele>
    </trkpt>
    <trkpt lat="-31.2464334" lon="136.4946335">
      <ele>104.16</ele>
    </trkpt>
    <trkpt lat="-31.2466694" lon="136.4950758">
      <ele>105.277</ele>
    </trkpt>
    <trkpt lat="-31.2467646" lon="136.4952543">
      <ele>105.623</ele>
    </trkpt>
    <trkpt lat="-31.2468904" lon="136.4954899">
      <ele>104.282</ele>
    </trkpt>
    <trkpt lat="-31.2471798" lon="136.4960693">
      <ele>103.565</ele>
    </trkpt>
    <trkpt lat="-31.2475791" lon="136.4969204">
      <ele>101.777</ele>
    </trkpt>
    <trkpt lat="-31.2480139" lon="136.4979168">
      <ele>100.85</ele>
    </trkpt>
    <trkpt lat="-31.2482821" lon="136.4985749">
      <ele>101.106</ele>
    </trkpt>
    <trkpt lat="-31.2485691" lon="136.4993678">
      <ele>99.385</ele>
    </trkpt>
    <trkpt lat="-31.2486392" lon="136.4995616">
      <ele>98.536</ele>
    </trkpt>
    <trkpt lat="-31.2489014" lon="136.5002861">
      <ele>98.94</ele>
    </trkpt>
    <trkpt lat="-31.2491029" lon="136.5009175">
      <ele>98.689</ele>
    </trkpt>
    <trkpt lat="-31.2494504" lon="136.5021054">
      <ele>96.021</ele>
    </trkpt>
    <trkpt lat="-31.2494551" lon="136.5021234">
      <ele>96.038</ele>
    </trkpt>
    <trkpt lat="-31.2496133" lon="136.5027268">
      <ele>97.816</ele>
    </trkpt>
    <trkpt lat="-31.2496462" lon="136.5028521">
      <ele>98.0</ele>
    </trkpt>
    <trkpt lat="-31.2496642" lon="136.5029285">
      <ele>98.0</ele>
    </trkpt>
    <trkpt lat="-31.249712" lon="136.5031314">
      <ele>98.273</ele>
    </trkpt>
    <trkpt lat="-31.2498494" lon="136.503714">
      <ele>98.799</ele>
    </trkpt>
    <trkpt lat="-31.2501207" lon="136.5050561">
      <ele>98.983</ele>
    </trkpt>
    <trkpt lat="-31.2503151" lon="136.5062117">
      <ele>103.866</ele>
    </trkpt>
    <trkpt lat="-31.2505067" lon="136.5075872">
      <ele>102.545</ele>
    </trkpt>
    <trkpt lat="-31.2507344" lon="136.5093891">
      <ele>107.96</ele>
    </trkpt>
    <trkpt lat="-31.2508208" lon="136.5101594">
      <ele>107.388</ele>
    </trkpt>
    <trkpt lat="-31.2509427" lon="136.511246">
      <ele>109.386</ele>
    </trkpt>
    <trkpt lat="-31.2509774" lon="136.5116206">
      <ele>109.561</ele>
    </trkpt>
    <trkpt lat="-31.2509968" lon="136.5118298">
      <ele>109.412</ele>
    </trkpt>
    <trkpt lat="-31.2510356" lon="136.5122481">
      <ele>109.451</ele>
    </trkpt>
    <trkpt lat="-31.2511719" lon="136.5137196">
      <ele>107.609</ele>
    </trkpt>
    <trkpt lat="-31.2513765" lon="136.5165762">
      <ele>109.6</ele>
    </trkpt>
    <trkpt lat="-31.2513805" lon="136.5166476">
      <ele>109.873</ele>
    </trkpt>
    <trkpt lat="-31.2515221" lon="136.5191955">
      <ele>110.896</ele>
    </trkpt>
    <trkpt lat="-31.2515869" lon="136.5206377">
      <ele>111.789</ele>
    </trkpt>
    <trkpt lat="-31.251616" lon="136.5212846">
      <ele>110.365</ele>
    </trkpt>
    <trkpt lat="-31.2516288" lon="136.5218989">
      <ele>111.995</ele>
    </trkpt>
    <trkpt lat="-31.2516332" lon="136.5221093">
      <ele>112.571</ele>
    </trkpt>
    <trkpt lat="-31.2516376" lon="136.5223196">
      <ele>112.895</ele>
    </trkpt>
    <trkpt lat="-31.2516534" lon="136.5230785">
      <ele>114.965</ele>
    </trkpt>
    <trkpt lat="-31.2516641" lon="136.5247381">
      <ele>115.934</ele>
    </trkpt>
    <trkpt lat="-31.2516639" lon="136.524844">
      <ele>115.552</ele>
    </trkpt>
    <trkpt lat="-31.2516611" lon="136.5260172">
      <ele>116.311</ele>
    </trkpt>
    <trkpt lat="-31.251648" lon="136.5274252">
      <ele>114.969</ele>
    </trkpt>
    <trkpt lat="-31.251616" lon="136.5287121">
      <ele>117.587</ele>
    </trkpt>
    <trkpt lat="-31.2515947" lon="136.5294933">
      <ele>117.435</ele>
    </trkpt>
    <trkpt lat="-31.2515259" lon="136.5311528">
      <ele>119.569</ele>
    </trkpt>
    <trkpt lat="-31.2515256" lon="136.5311604">
      <ele>119.582</ele>
    </trkpt>
    <trkpt lat="-31.2515038" lon="136.5315728">
      <ele>120.0</ele>
    </trkpt>
    <trkpt lat="-31.2514512" lon="136.5325673">
      <ele>119.224</ele>
    </trkpt>
    <trkpt lat="-31.2513933" lon="136.5335927">
      <ele>119.965</ele>
    </trkpt>
    <trkpt lat="-31.2513397" lon="136.5343744">
      <ele>119.823</ele>
    </trkpt>
    <trkpt lat="-31.2512925" lon="136.5350114">
      <ele>118.32</ele>
    </trkpt>
    <trkpt lat="-31.2512207" lon="136.5359133">
      <ele>120.395</ele>
    </trkpt>
    <trkpt lat="-31.2511328" lon="136.5369593">
      <ele>121.864</ele>
    </trkpt>
    <trkpt lat="-31.2510628" lon="136.5376514">
      <ele>120.174</ele>
    </trkpt>
    <trkpt lat="-31.251057" lon="136.5377082">
      <ele>120.195</ele>
    </trkpt>
    <trkpt lat="-31.2510405" lon="136.5378602">
      <ele>120.848</ele>
    </trkpt>
    <trkpt lat="-31.2509951" lon="136.5382776">
      <ele>123.683</ele>
    </trkpt>
    <trkpt lat="-31.2509737" lon="136.5384741">
      <ele>124.251</ele>
    </trkpt>
    <trkpt lat="-31.2508804" lon="136.539232">
      <ele>125.765</ele>
    </trkpt>
    <trkpt lat="-31.2507469" lon="136.5401485">
      <ele>123.368</ele>
    </trkpt>
    <trkpt lat="-31.2507296" lon="136.5402673">
      <ele>123.603</ele>
    </trkpt>
    <trkpt lat="-31.2507159" lon="136.5403557">
      <ele>123.858</ele>
    </trkpt>
    <trkpt lat="-31.2506838" lon="136.5405627">
      <ele>124.476</ele>
    </trkpt>
    <trkpt lat="-31.2506162" lon="136.540999">
      <ele>125.0</ele>
    </trkpt>
    <trkpt lat="-31.250584" lon="136.541183">
      <ele>125.232</ele>
    </trkpt>
    <trkpt lat="-31.2505059" lon="136.5416295">
      <ele>126.179</ele>
    </trkpt>
    <trkpt lat="-31.2504022" lon="136.5422083">
      <ele>127.375</ele>
    </trkpt>
    <trkpt lat="-31.2502787" lon="136.5428276">
      <ele>129.001</ele>
    </trkpt>
    <trkpt lat="-31.2501685" lon="136.5433802">
      <ele>128.775</ele>
    </trkpt>
    <trkpt lat="-31.2500434" lon="136.5439429">
      <ele>130.03</ele>
    </trkpt>
    <trkpt lat="-31.2497807" lon="136.5450671">
      <ele>131.643</ele>
    </trkpt>
    <trkpt lat="-31.2497327" lon="136.5452724">
      <ele>132.962</ele>
    </trkpt>
    <trkpt lat="-31.2495982" lon="136.5457811">
      <ele>130.826</ele>
    </trkpt>
    <trkpt lat="-31.2493017" lon="136.5468757">
      <ele>132.514</ele>
    </trkpt>
    <trkpt lat="-31.2492463" lon="136.5470802">
      <ele>132.853</ele>
    </trkpt>
    <trkpt lat="-31.249192" lon="136.5472764">
      <ele>133.213</ele>
    </trkpt>
    <trkpt lat="-31.2491365" lon="136.5474765">
      <ele>133.915</ele>
    </trkpt>
    <trkpt lat="-31.2490811" lon="136.5476767">
      <ele>134.244</ele>
    </trkpt>
    <trkpt lat="-31.2490256" lon="136.5478768">
      <ele>133.809</ele>
    </trkpt>
    <trkpt lat="-31.2487483" lon="136.5488775">
      <ele>133.485</ele>
    </trkpt>
    <trkpt lat="-31.2486361" lon="136.5492824">
      <ele>133.417</ele>
    </trkpt>
    <trkpt lat="-31.2482529" lon="136.5506801">
      <ele>137.419</ele>
    </trkpt>
    <trkpt lat="-31.2480982" lon="136.5512441">
      <ele>137.595</ele>
    </trkpt>
    <trkpt lat="-31.2479779" lon="136.5516817">
      <ele>138.093</ele>
    </trkpt>
    <trkpt lat="-31.2479228" lon="136.5518819">
      <ele>139.179</ele>
    </trkpt>
    <trkpt lat="-31.2478677" lon="136.5520822">
      <ele>139.82</ele>
    </trkpt>
    <trkpt lat="-31.2478126" lon="136.5522825">
      <ele>140.532</ele>
    </trkpt>
    <trkpt lat="-31.2477024" lon="136.552683">
      <ele>142.751</ele>
    </trkpt>
    <trkpt lat="-31.2476612" lon="136.5528328">
      <ele>142.917</ele>
    </trkpt>
    <trkpt lat="-31.247501" lon="136.5534381">
      <ele>143.755</ele>
    </trkpt>
    <trkpt lat="-31.2474243" lon="136.5537259">
      <ele>145.141</ele>
    </trkpt>
    <trkpt lat="-31.2473154" lon="136.5541767">
      <ele>145.335</ele>
    </trkpt>
    <trkpt lat="-31.2472359" lon="136.5545377">
      <ele>145.368</ele>
    </trkpt>
    <trkpt lat="-31.247136" lon="136.5550455">
      <ele>147.74</ele>
    </trkpt>
    <trkpt lat="-31.2470881" lon="136.55532">
      <ele>148.073</ele>
    </trkpt>
    <trkpt lat="-31.2470262" lon="136.555675">
      <ele>149.009</ele>
    </trkpt>
    <trkpt lat="-31.2470178" lon="136.5557327">
      <ele>149.205</ele>
    </trkpt>
    <trkpt lat="-31.2469576" lon="136.5561475">
      <ele>150.084</ele>
    </trkpt>
    <trkpt lat="-31.2469339" lon="136.5563108">
      <ele>150.692</ele>
    </trkpt>
    <trkpt lat="-31.2469285" lon="136.5563551">
      <ele>150.828</ele>
    </trkpt>
    <trkpt lat="-31.2469031" lon="136.5565634">
      <ele>151.479</ele>
    </trkpt>
    <trkpt lat="-31.2468707" lon="136.5568288">
      <ele>152.473</ele>
    </trkpt>
    <trkpt lat="-31.2468442" lon="136.5570798">
      <ele>153.487</ele>
    </trkpt>
    <trkpt lat="-31.2468066" lon="136.5575277">
      <ele>155.15</ele>
    </trkpt>
    <trkpt lat="-31.2467765" lon="136.5578992">
      <ele>157.442</ele>
    </trkpt>
    <trkpt lat="-31.2467645" lon="136.5581401">
      <ele>159.206</ele>
    </trkpt>
    <trkpt lat="-31.246746" lon="136.5585875">
      <ele>160.939</ele>
    </trkpt>
    <trkpt lat="-31.2467314" lon="136.5591114">
      <ele>161.988</ele>
    </trkpt>
    <trkpt lat="-31.2467263" lon="136.5595899">
      <ele>163.953</ele>
    </trkpt>
    <trkpt lat="-31.2467335" lon="136.5599197">
      <ele>165.192</ele>
    </trkpt>
    <trkpt lat="-31.2467355" lon="136.560011">
      <ele>165.545</ele>
    </trkpt>
    <trkpt lat="-31.2467406" lon="136.5602169">
      <ele>166.521</ele>
    </trkpt>
    <trkpt lat="-31.2467453" lon="136.5603402">
      <ele>167.235</ele>
    </trkpt>
    <trkpt lat="-31.2467534" lon="136.5605504">
      <ele>168.593</ele>
    </trkpt>
    <trkpt lat="-31.2467577" lon="136.5606612">
      <ele>169.672</ele>
    </trkpt>
    <trkpt lat="-31.2467635" lon="136.5607604">
      <ele>170.652</ele>
    </trkpt>
    <trkpt lat="-31.2467872" lon="136.5611625">
      <ele>173.643</ele>
    </trkpt>
    <trkpt lat="-31.2467886" lon="136.5611802">
      <ele>173.718</ele>
    </trkpt>
    <trkpt lat="-31.2468401" lon="136.5618084">
      <ele>175.453</ele>
    </trkpt>
    <trkpt lat="-31.2468503" lon="136.5619334">
      <ele>175.964</ele>
    </trkpt>
    <trkpt lat="-31.2468593" lon="136.5620176">
      <ele>176.102</ele>
    </trkpt>
    <trkpt lat="-31.246904" lon="136.5624351">
      <ele>176.946</ele>
    </trkpt>
    <trkpt lat="-31.2469123" lon="136.562513">
      <ele>177.116</ele>
    </trkpt>
    <trkpt lat="-31.24699" lon="136.5630927">
      <ele>178.082</ele>
    </trkpt>
    <trkpt lat="-31.2470787" lon="136.5636569">
      <ele>179.517</ele>
    </trkpt>
    <trkpt lat="-31.2471534" lon="136.5640706">
      <ele>179.41</ele>
    </trkpt>
    <trkpt lat="-31.2472396" lon="136.564501">
      <ele>178.0</ele>
    </trkpt>
    <trkpt lat="-31.2472675" lon="136.5646349">
      <ele>178.0</ele>
    </trkpt>
    <trkpt lat="-31.2473224" lon="136.5648927">
      <ele>178.0</ele>
    </trkpt>
    <trkpt lat="-31.2474517" lon="136.5654368">
      <ele>180.493</ele>
    </trkpt>
    <trkpt lat="-31.2474617" lon="136.5654737">
      <ele>180.686</ele>
    </trkpt>
    <trkpt lat="-31.2475706" lon="136.5658747">
      <ele>181.038</ele>
    </trkpt>
    <trkpt lat="-31.2476555" lon="136.5661875">
      <ele>181.714</ele>
    </trkpt>
    <trkpt lat="-31.2478224" lon="136.5667305">
      <ele>182.894</ele>
    </trkpt>
    <trkpt lat="-31.2479291" lon="136.5670651">
      <ele>182.671</ele>
    </trkpt>
    <trkpt lat="-31.2479919" lon="136.5672622">
      <ele>184.059</ele>
    </trkpt>
    <trkpt lat="-31.247999" lon="136.5672843">
      <ele>184.243</ele>
    </trkpt>
    <trkpt lat="-31.2480615" lon="136.5674562">
      <ele>185.685</ele>
    </trkpt>
    <trkpt lat="-31.2481319" lon="136.5676498">
      <ele>187.079</ele>
    </trkpt>
    <trkpt lat="-31.2482023" lon="136.5678433">
      <ele>188.236</ele>
    </trkpt>
    <trkpt lat="-31.2482056" lon="136.5678524">
      <ele>188.269</ele>
    </trkpt>
    <trkpt lat="-31.2482772" lon="136.5680347">
      <ele>188.925</ele>
    </trkpt>
    <trkpt lat="-31.2483523" lon="136.5682258">
      <ele>189.586</ele>
    </trkpt>
    <trkpt lat="-31.2484273" lon="136.5684166">
      <ele>190.401</ele>
    </trkpt>
    <trkpt lat="-31.2485073" lon="136.5686055">
      <ele>191.593</ele>
    </trkpt>
    <trkpt lat="-31.2487414" lon="136.569158">
      <ele>191.515</ele>
    </trkpt>
    <trkpt lat="-31.2489728" lon="136.5696573">
      <ele>192.837</ele>
    </trkpt>
    <trkpt lat="-31.2492681" lon="136.5702561">
      <ele>194.507</ele>
    </trkpt>
    <trkpt lat="-31.2495239" lon="136.5707435">
      <ele>193.428</ele>
    </trkpt>
    <trkpt lat="-31.2495603" lon="136.5708075">
      <ele>193.166</ele>
    </trkpt>
    <trkpt lat="-31.2496598" lon="136.5709827">
      <ele>193.283</ele>
    </trkpt>
    <trkpt lat="-31.2497593" lon="136.571158">
      <ele>193.937</ele>
    </trkpt>
    <trkpt lat="-31.2498589" lon="136.5713332">
      <ele>194.123</ele>
    </trkpt>
    <trkpt lat="-31.2499222" lon="136.5714447">
      <ele>194.33</ele>
    </trkpt>
    <trkpt lat="-31.24996" lon="136.5715072">
      <ele>194.587</ele>
    </trkpt>
    <trkpt lat="-31.2500639" lon="136.5716789">
      <ele>195.55</ele>
    </trkpt>
    <trkpt lat="-31.2502956" lon="136.5720619">
      <ele>194.449</ele>
    </trkpt>
    <trkpt lat="-31.2506257" lon="136.5725648">
      <ele>191.573</ele>
    </trkpt>
    <trkpt lat="-31.2508276" lon="136.572849">
      <ele>190.744</ele>
    </trkpt>
    <trkpt lat="-31.2509426" lon="136.5730108">
      <ele>190.491</ele>
    </trkpt>
    <trkpt lat="-31.2511176" lon="136.5732571">
      <ele>191.006</ele>
    </trkpt>
    <trkpt lat="-31.2516631" lon="136.5739501">
      <ele>192.984</ele>
    </trkpt>
    <trkpt lat="-31.2517146" lon="136.5740155">
      <ele>193.173</ele>
    </trkpt>
    <trkpt lat="-31.2517856" lon="136.5741042">
      <ele>193.428</ele>
    </trkpt>
    <trkpt lat="-31.2527651" lon="136.5753272">
      <ele>195.17</ele>
    </trkpt>
    <trkpt lat="-31.2532426" lon="136.5759664">
      <ele>194.194</ele>
    </trkpt>
    <trkpt lat="-31.2538343" lon="136.5767586">
      <ele>197.738</ele>
    </trkpt>
    <trkpt lat="-31.253915" lon="136.5768666">
      <ele>197.932</ele>
    </trkpt>
    <trkpt lat="-31.254065" lon="136.5770814">
      <ele>196.512</ele>
    </trkpt>
    <trkpt lat="-31.2541788" lon="136.5772444">
      <ele>195.804</ele>
    </trkpt>
    <trkpt lat="-31.2542926" lon="136.5774073">
      <ele>194.818</ele>
    </trkpt>
    <trkpt lat="-31.2544064" lon="136.5775702">
      <ele>194.61</ele>
    </trkpt>
    <trkpt lat="-31.2548842" lon="136.5782541">
      <ele>193.583</ele>
    </trkpt>
    <trkpt lat="-31.2558893" lon="136.5797929">
      <ele>193.304</ele>
    </trkpt>
    <trkpt lat="-31.2565309" lon="136.5808241">
      <ele>198.472</ele>
    </trkpt>
    <trkpt lat="-31.2572778" lon="136.5820892">
      <ele>199.541</ele>
    </trkpt>
    <trkpt lat="-31.2573972" lon="136.5823068">
      <ele>198.405</ele>
    </trkpt>
    <trkpt lat="-31.2574944" lon="136.5824839">
      <ele>198.942</ele>
    </trkpt>
    <trkpt lat="-31.2580518" lon="136.5834997">
      <ele>199.027</ele>
    </trkpt>
    <trkpt lat="-31.2584517" lon="136.584265">
      <ele>200.052</ele>
    </trkpt>
    <trkpt lat="-31.2586205" lon="136.5845881">
      <ele>199.533</ele>
    </trkpt>
    <trkpt lat="-31.2587334" lon="136.5848034">
      <ele>200.035</ele>
    </trkpt>
    <trkpt lat="-31.2587917" lon="136.5849146">
      <ele>199.792</ele>
    </trkpt>
    <trkpt lat="-31.2589247" lon="136.5851726">
      <ele>199.719</ele>
    </trkpt>
    <trkpt lat="-31.2590954" lon="136.5855306">
      <ele>201.587</ele>
    </trkpt>
    <trkpt lat="-31.259183" lon="136.5857143">
      <ele>202.538</ele>
    </trkpt>
    <trkpt lat="-31.2592706" lon="136.5858981">
      <ele>202.539</ele>
    </trkpt>
    <trkpt lat="-31.2593357" lon="136.5860345">
      <ele>201.951</ele>
    </trkpt>
    <trkpt lat="-31.2593577" lon="136.5860822">
      <ele>201.696</ele>
    </trkpt>
    <trkpt lat="-31.2595288" lon="136.5864523">
      <ele>200.234</ele>
    </trkpt>
    <trkpt lat="-31.2598549" lon="136.5871573">
      <ele>198.488</ele>
    </trkpt>
    <trkpt lat="-31.2601186" lon="136.5877535">
      <ele>199.963</ele>
    </trkpt>
    <trkpt lat="-31.2602013" lon="136.5879404">
      <ele>200.161</ele>
    </trkpt>
    <trkpt lat="-31.2603724" lon="136.5883273">
      <ele>199.688</ele>
    </trkpt>
    <trkpt lat="-31.26054" lon="136.588729">
      <ele>200.431</ele>
    </trkpt>
    <trkpt lat="-31.2610285" lon="136.5899308">
      <ele>198.141</ele>
    </trkpt>
    <trkpt lat="-31.2614751" lon="136.5910866">
      <ele>202.717</ele>
    </trkpt>
    <trkpt lat="-31.2617401" lon="136.5918215">
      <ele>199.178</ele>
    </trkpt>
    <trkpt lat="-31.2620182" lon="136.5926257">
      <ele>199.411</ele>
    </trkpt>
    <trkpt lat="-31.2626002" lon="136.5944065">
      <ele>197.759</ele>
    </trkpt>
    <trkpt lat="-31.2627471" lon="136.5948989">
      <ele>199.526</ele>
    </trkpt>
    <trkpt lat="-31.2628063" lon="136.5950975">
      <ele>199.897</ele>
    </trkpt>
    <trkpt lat="-31.2630729" lon="136.5959918">
      <ele>202.535</ele>
    </trkpt>
    <trkpt lat="-31.2631003" lon="136.5960919">
      <ele>202.781</ele>
    </trkpt>
    <trkpt lat="-31.2631552" lon="136.5962922">
      <ele>201.756</ele>
    </trkpt>
    <trkpt lat="-31.2632101" lon="136.5964926">
      <ele>200.68</ele>
    </trkpt>
    <trkpt lat="-31.263265" lon="136.596693">
      <ele>199.738</ele>
    </trkpt>
    <trkpt lat="-31.2633422" lon="136.5969749">
      <ele>199.017</ele>
    </trkpt>
    <trkpt lat="-31.2636527" lon="136.5981962">
      <ele>200.0</ele>
    </trkpt>
    <trkpt lat="-31.2639879" lon="136.5996671">
      <ele>199.802</ele>
    </trkpt>
    <trkpt lat="-31.264129" lon="136.6003423">
      <ele>200.44</ele>
    </trkpt>
    <trkpt lat="-31.2641797" lon="136.6005846">
      <ele>200.958</ele>
    </trkpt>
    <trkpt lat="-31.2642539" lon="136.6009192">
      <ele>201.212</ele>
    </trkpt>
    <trkpt lat="-31.2643604" lon="136.6014589">
      <ele>201.9</ele>
    </trkpt>
    <trkpt lat="-31.264381" lon="136.6015698">
      <ele>201.646</ele>
    </trkpt>
    <trkpt lat="-31.2645142" lon="136.6022881">
      <ele>202.0</ele>
    </trkpt>
    <trkpt lat="-31.2645666" lon="136.6025992">
      <ele>201.643</ele>
    </trkpt>
    <trkpt lat="-31.264706" lon="136.6034259">
      <ele>200.019</ele>
    </trkpt>
    <trkpt lat="-31.2647391" lon="136.6036318">
      <ele>200.07</ele>
    </trkpt>
    <trkpt lat="-31.2647799" lon="136.6038858">
      <ele>200.784</ele>
    </trkpt>
    <trkpt lat="-31.2649413" lon="136.6050554">
      <ele>200.958</ele>
    </trkpt>
    <trkpt lat="-31.265246" lon="136.6074025">
      <ele>199.08</ele>
    </trkpt>
    <trkpt lat="-31.2655955" lon="136.6101178">
      <ele>199.061</ele>
    </trkpt>
    <trkpt lat="-31.2658945" lon="136.6123713">
      <ele>200.639</ele>
    </trkpt>
    <trkpt lat="-31.2661199" lon="136.614109">
      <ele>204.007</ele>
    </trkpt>
    <trkpt lat="-31.2661624" lon="136.6144462">
      <ele>203.619</ele>
    </trkpt>
    <trkpt lat="-31.2664017" lon="136.6163447">
      <ele>202.689</ele>
    </trkpt>
    <trkpt lat="-31.266672" lon="136.6183995">
      <ele>203.253</ele>
    </trkpt>
    <trkpt lat="-31.2666994" lon="136.6186075">
      <ele>203.989</ele>
    </trkpt>
    <trkpt lat="-31.2667456" lon="136.6189586">
      <ele>204.895</ele>
    </trkpt>
    <trkpt lat="-31.267114" lon="136.6218683">
      <ele>198.276</ele>
    </trkpt>
    <trkpt lat="-31.2673327" lon="136.6235532">
      <ele>201.481</ele>
    </trkpt>
    <trkpt lat="-31.2674727" lon="136.6246606">
      <ele>202.022</ele>
    </trkpt>
    <trkpt lat="-31.2677718" lon="136.6270873">
      <ele>203.553</ele>
    </trkpt>
    <trkpt lat="-31.2679048" lon="136.6281414">
      <ele>202.0</ele>
    </trkpt>
    <trkpt lat="-31.268" lon="136.6288649">
      <ele>201.617</ele>
    </trkpt>
    <trkpt lat="-31.2682388" lon="136.6306255">
      <ele>200.153</ele>
    </trkpt>
    <trkpt lat="-31.2683739" lon="136.6317633">
      <ele>202.861</ele>
    </trkpt>
    <trkpt lat="-31.2683947" lon="136.6319278">
      <ele>201.167</ele>
    </trkpt>
    <trkpt lat="-31.2684209" lon="136.632136">
      <ele>201.0</ele>
    </trkpt>
    <trkpt lat="-31.2684471" lon="136.6323442">
      <ele>201.439</ele>
    </trkpt>
    <trkpt lat="-31.2684996" lon="136.6327606">
      <ele>202.377</ele>
    </trkpt>
    <trkpt lat="-31.2685177" lon="136.6329045">
      <ele>202.183</ele>
    </trkpt>
    <trkpt lat="-31.2685876" lon="136.6334872">
      <ele>201.085</ele>
    </trkpt>
    <trkpt lat="-31.2685996" lon="136.6335941">
      <ele>201.041</ele>
    </trkpt>
    <trkpt lat="-31.2686701" lon="136.63422">
      <ele>200.849</ele>
    </trkpt>
    <trkpt lat="-31.2686931" lon="136.6344249">
      <ele>200.345</ele>
    </trkpt>
    <trkpt lat="-31.2688536" lon="136.6362172">
      <ele>201.254</ele>
    </trkpt>
    <trkpt lat="-31.2689334" lon="136.6373412">
      <ele>199.52</ele>
    </trkpt>
    <trkpt lat="-31.2689972" lon="136.6384901">
      <ele>200.61</ele>
    </trkpt>
    <trkpt lat="-31.2690222" lon="136.6391091">
      <ele>201.932</ele>
    </trkpt>
    <trkpt lat="-31.2690471" lon="136.6397937">
      <ele>200.778</ele>
    </trkpt>
    <trkpt lat="-31.269076" lon="136.6408033">
      <ele>198.674</ele>
    </trkpt>
    <trkpt lat="-31.2690829" lon="136.6413252">
      <ele>199.397</ele>
    </trkpt>
    <trkpt lat="-31.2690833" lon="136.6420827">
      <ele>199.051</ele>
    </trkpt>
    <trkpt lat="-31.2690589" lon="136.6440206">
      <ele>198.816</ele>
    </trkpt>
    <trkpt lat="-31.2690103" lon="136.6451694">
      <ele>197.733</ele>
    </trkpt>
    <trkpt lat="-31.2689336" lon="136.6466822">
      <ele>198.991</ele>
    </trkpt>
    <trkpt lat="-31.2688343" lon="136.6479654">
      <ele>199.261</ele>
    </trkpt>
    <trkpt lat="-31.2687831" lon="136.6485831">
      <ele>199.342</ele>
    </trkpt>
    <trkpt lat="-31.2687225" lon="136.6492329">
      <ele>201.047</ele>
    </trkpt>
    <trkpt lat="-31.2686148" lon="136.6502368">
      <ele>198.304</ele>
    </trkpt>
    <trkpt lat="-31.2684865" lon="136.6512554">
      <ele>198.407</ele>
    </trkpt>
    <trkpt lat="-31.2683863" lon="136.6520185">
      <ele>197.737</ele>
    </trkpt>
    <trkpt lat="-31.2682825" lon="136.6527738">
      <ele>199.986</ele>
    </trkpt>
    <trkpt lat="-31.2681439" lon="136.6536717">
      <ele>200.467</ele>
    </trkpt>
    <trkpt lat="-31.2680403" lon="136.6542852">
      <ele>200.542</ele>
    </trkpt>
    <trkpt lat="-31.2679285" lon="136.6549004">
      <ele>199.164</ele>
    </trkpt>
    <trkpt lat="-31.2678444" lon="136.6553491">
      <ele>198.805</ele>
    </trkpt>
    <trkpt lat="-31.2677605" lon="136.6557862">
      <ele>197.159</ele>
    </trkpt>
    <trkpt lat="-31.2676082" lon="136.6565387">
      <ele>195.881</ele>
    </trkpt>
    <trkpt lat="-31.2674004" lon="136.6575219">
      <ele>197.0</ele>
    </trkpt>
    <trkpt lat="-31.2672345" lon="136.6582677">
      <ele>197.0</ele>
    </trkpt>
    <trkpt lat="-31.2670548" lon="136.6590207">
      <ele>197.603</ele>
    </trkpt>
    <trkpt lat="-31.2668117" lon="136.6599842">
      <ele>195.522</ele>
    </trkpt>
    <trkpt lat="-31.2665249" lon="136.661069">
      <ele>197.641</ele>
    </trkpt>
    <trkpt lat="-31.2660189" lon="136.6628679">
      <ele>197.0</ele>
    </trkpt>
    <trkpt lat="-31.2654172" lon="136.6649589">
      <ele>196.428</ele>
    </trkpt>
    <trkpt lat="-31.2649866" lon="136.6664468">
      <ele>194.048</ele>
    </trkpt>
    <trkpt lat="-31.2625597" lon="136.6748865">
      <ele>193.448</ele>
    </trkpt>
    <trkpt lat="-31.2624716" lon="136.6751933">
      <ele>193.727</ele>
    </trkpt>
    <trkpt lat="-31.2621354" lon="136.6763691">
      <ele>193.384</ele>
    </trkpt>
    <trkpt lat="-31.2620783" lon="136.6765687">
      <ele>193.183</ele>
    </trkpt>
    <trkpt lat="-31.261793" lon="136.6775664">
      <ele>195.524</ele>
    </trkpt>
    <trkpt lat="-31.2617359" lon="136.6777659">
      <ele>195.271</ele>
    </trkpt>
    <trkpt lat="-31.2597796" lon="136.6846063">
      <ele>193.417</ele>
    </trkpt>
    <trkpt lat="-31.2585971" lon="136.6887406">
      <ele>187.466</ele>
    </trkpt>
    <trkpt lat="-31.25854" lon="136.6889401">
      <ele>188.232</ele>
    </trkpt>
    <trkpt lat="-31.2584829" lon="136.6891396">
      <ele>189.319</ele>
    </trkpt>
    <trkpt lat="-31.258049" lon="136.6906566">
      <ele>187.024</ele>
    </trkpt>
    <trkpt lat="-31.257969" lon="136.6909353">
      <ele>187.679</ele>
    </trkpt>
    <trkpt lat="-31.2569379" lon="136.694526">
      <ele>192.0</ele>
    </trkpt>
    <trkpt lat="-31.2568808" lon="136.6947249">
      <ele>192.0</ele>
    </trkpt>
    <trkpt lat="-31.255907" lon="136.6981156">
      <ele>194.735</ele>
    </trkpt>
    <trkpt lat="-31.2558497" lon="136.698315">
      <ele>194.941</ele>
    </trkpt>
    <trkpt lat="-31.2557924" lon="136.6985145">
      <ele>194.399</ele>
    </trkpt>
    <trkpt lat="-31.2556205" lon="136.6991128">
      <ele>192.766</ele>
    </trkpt>
    <trkpt lat="-31.255506" lon="136.6995117">
      <ele>194.242</ele>
    </trkpt>
    <trkpt lat="-31.255105" lon="136.7009078">
      <ele>193.179</ele>
    </trkpt>
    <trkpt lat="-31.2548186" lon="136.701905">
      <ele>195.254</ele>
    </trkpt>
    <trkpt lat="-31.2546467" lon="136.7025033">
      <ele>195.275</ele>
    </trkpt>
    <trkpt lat="-31.2545894" lon="136.7027028">
      <ele>195.827</ele>
    </trkpt>
    <trkpt lat="-31.2544175" lon="136.7033011">
      <ele>196.019</ele>
    </trkpt>
    <trkpt lat="-31.254116" lon="136.7043507">
      <ele>193.155</ele>
    </trkpt>
    <trkpt lat="-31.2540738" lon="136.7044977">
      <ele>192.793</ele>
    </trkpt>
    <trkpt lat="-31.2540166" lon="136.7046972">
      <ele>192.878</ele>
    </trkpt>
    <trkpt lat="-31.2532727" lon="136.7072902">
      <ele>193.192</ele>
    </trkpt>
    <trkpt lat="-31.2521281" lon="136.7112795">
      <ele>195.133</ele>
    </trkpt>
    <trkpt lat="-31.2520708" lon="136.7114789">
      <ele>194.823</ele>
    </trkpt>
    <trkpt lat="-31.2519563" lon="136.7118778">
      <ele>194.043</ele>
    </trkpt>
    <trkpt lat="-31.2518991" lon="136.7120773">
      <ele>193.915</ele>
    </trkpt>
    <trkpt lat="-31.2502586" lon="136.7177935">
      <ele>191.069</ele>
    </trkpt>
    <trkpt lat="-31.2500695" lon="136.7184796">
      <ele>189.552</ele>
    </trkpt>
    <trkpt lat="-31.2500101" lon="136.7186948">
      <ele>187.713</ele>
    </trkpt>
    <trkpt lat="-31.2497138" lon="136.7198734">
      <ele>188.086</ele>
    </trkpt>
    <trkpt lat="-31.2496631" lon="136.7200752">
      <ele>188.845</ele>
    </trkpt>
    <trkpt lat="-31.2496123" lon="136.7202771">
      <ele>188.999</ele>
    </trkpt>
    <trkpt lat="-31.2495615" lon="136.7204789">
      <ele>188.695</ele>
    </trkpt>
    <trkpt lat="-31.2495357" lon="136.7205816">
      <ele>188.671</ele>
    </trkpt>
    <trkpt lat="-31.2493138" lon="136.721599">
      <ele>191.129</ele>
    </trkpt>
    <trkpt lat="-31.2491116" lon="136.7226504">
      <ele>191.252</ele>
    </trkpt>
    <trkpt lat="-31.2488697" lon="136.7240972">
      <ele>191.035</ele>
    </trkpt>
    <trkpt lat="-31.2488637" lon="136.7241398">
      <ele>191.018</ele>
    </trkpt>
    <trkpt lat="-31.2487744" lon="136.7247714">
      <ele>192.588</ele>
    </trkpt>
    <trkpt lat="-31.2487618" lon="136.7248606">
      <ele>192.542</ele>
    </trkpt>
    <trkpt lat="-31.2486141" lon="136.7260562">
      <ele>193.8</ele>
    </trkpt>
    <trkpt lat="-31.2485113" lon="136.7272048">
      <ele>194.96</ele>
    </trkpt>
    <trkpt lat="-31.2484091" lon="136.7287528">
      <ele>193.727</ele>
    </trkpt>
    <trkpt lat="-31.2483683" lon="136.7296103">
      <ele>195.597</ele>
    </trkpt>
    <trkpt lat="-31.2483455" lon="136.7301511">
      <ele>193.98</ele>
    </trkpt>
    <trkpt lat="-31.248333" lon="136.731447">
      <ele>194.789</ele>
    </trkpt>
    <trkpt lat="-31.2483353" lon="136.7321568">
      <ele>194.216</ele>
    </trkpt>
    <trkpt lat="-31.2483425" lon="136.7327251">
      <ele>192.961</ele>
    </trkpt>
    <trkpt lat="-31.2483975" lon="136.7337091">
      <ele>193.122</ele>
    </trkpt>
    <trkpt lat="-31.2484828" lon="136.7351776">
      <ele>193.167</ele>
    </trkpt>
    <trkpt lat="-31.2484836" lon="136.7351882">
      <ele>193.148</ele>
    </trkpt>
    <trkpt lat="-31.2485617" lon="136.7361849">
      <ele>191.959</ele>
    </trkpt>
    <trkpt lat="-31.2486934" lon="136.7376819">
      <ele>191.062</ele>
    </trkpt>
    <trkpt lat="-31.2488136" lon="136.7393489">
      <ele>190.137</ele>
    </trkpt>
    <trkpt lat="-31.2488404" lon="136.7400475">
      <ele>188.996</ele>
    </trkpt>
    <trkpt lat="-31.2488427" lon="136.7401081">
      <ele>189.223</ele>
    </trkpt>
    <trkpt lat="-31.2488484" lon="136.7402577">
      <ele>189.782</ele>
    </trkpt>
    <trkpt lat="-31.2488508" lon="136.7403183">
      <ele>190.029</ele>
    </trkpt>
    <trkpt lat="-31.2488565" lon="136.7404679">
      <ele>190.648</ele>
    </trkpt>
    <trkpt lat="-31.2488645" lon="136.740678">
      <ele>190.559</ele>
    </trkpt>
    <trkpt lat="-31.2488669" lon="136.7407386">
      <ele>190.341</ele>
    </trkpt>
    <trkpt lat="-31.2488967" lon="136.7415187">
      <ele>187.0</ele>
    </trkpt>
    <trkpt lat="-31.2489088" lon="136.7418359">
      <ele>187.566</ele>
    </trkpt>
    <trkpt lat="-31.2489159" lon="136.7423599">
      <ele>188.496</ele>
    </trkpt>
    <trkpt lat="-31.248931" lon="136.7434838">
      <ele>187.847</ele>
    </trkpt>
    <trkpt lat="-31.2489285" lon="136.7438324">
      <ele>187.797</ele>
    </trkpt>
    <trkpt lat="-31.2489184" lon="136.7452358">
      <ele>192.592</ele>
    </trkpt>
    <trkpt lat="-31.2489057" lon="136.7456949">
      <ele>192.498</ele>
    </trkpt>
    <trkpt lat="-31.2489049" lon="136.7457256">
      <ele>192.388</ele>
    </trkpt>
    <trkpt lat="-31.2488934" lon="136.7461462">
      <ele>189.876</ele>
    </trkpt>
    <trkpt lat="-31.2488857" lon="136.7464251">
      <ele>189.14</ele>
    </trkpt>
    <trkpt lat="-31.2487866" lon="136.7487136">
      <ele>192.737</ele>
    </trkpt>
    <trkpt lat="-31.2487786" lon="136.7488779">
      <ele>193.357</ele>
    </trkpt>
    <trkpt lat="-31.2487756" lon="136.7489384">
      <ele>193.408</ele>
    </trkpt>
    <trkpt lat="-31.2487683" lon="136.7490879">
      <ele>193.434</ele>
    </trkpt>
    <trkpt lat="-31.248758" lon="136.7492979">
      <ele>193.249</ele>
    </trkpt>
    <trkpt lat="-31.248755" lon="136.7493585">
      <ele>193.149</ele>
    </trkpt>
    <trkpt lat="-31.2487477" lon="136.749508">
      <ele>192.887</ele>
    </trkpt>
    <trkpt lat="-31.2487448" lon="136.7495686">
      <ele>192.785</ele>
    </trkpt>
    <trkpt lat="-31.2485732" lon="136.7530787">
      <ele>190.25</ele>
    </trkpt>
    <trkpt lat="-31.2485085" lon="136.7544031">
      <ele>189.873</ele>
    </trkpt>
    <trkpt lat="-31.2482757" lon="136.75917">
      <ele>188.988</ele>
    </trkpt>
    <trkpt lat="-31.2482318" lon="136.7600707">
      <ele>186.147</ele>
    </trkpt>
    <trkpt lat="-31.2482112" lon="136.7604907">
      <ele>187.869</ele>
    </trkpt>
    <trkpt lat="-31.2482039" lon="136.7606403">
      <ele>188.142</ele>
    </trkpt>
    <trkpt lat="-31.2482009" lon="136.7607008">
      <ele>188.249</ele>
    </trkpt>
    <trkpt lat="-31.2481936" lon="136.7608503">
      <ele>188.473</ele>
    </trkpt>
    <trkpt lat="-31.2481526" lon="136.7616905">
      <ele>187.595</ele>
    </trkpt>
    <trkpt lat="-31.2481115" lon="136.7625306">
      <ele>186.933</ele>
    </trkpt>
    <trkpt lat="-31.248106" lon="136.7626432">
      <ele>186.719</ele>
    </trkpt>
    <trkpt lat="-31.2480796" lon="136.7634321">
      <ele>187.675</ele>
    </trkpt>
    <trkpt lat="-31.2480756" lon="136.763552">
      <ele>187.27</ele>
    </trkpt>
    <trkpt lat="-31.2480515" lon="136.7642715">
      <ele>187.377</ele>
    </trkpt>
    <trkpt lat="-31.2480515" lon="136.7642729">
      <ele>187.382</ele>
    </trkpt>
    <trkpt lat="-31.2480472" lon="136.764633">
      <ele>189.337</ele>
    </trkpt>
    <trkpt lat="-31.2480359" lon="136.7655805">
      <ele>187.083</ele>
    </trkpt>
    <trkpt lat="-31.248037" lon="136.7656848">
      <ele>187.434</ele>
    </trkpt>
    <trkpt lat="-31.2480579" lon="136.7677395">
      <ele>192.708</ele>
    </trkpt>
    <trkpt lat="-31.2481288" lon="136.7696171">
      <ele>193.93</ele>
    </trkpt>
    <trkpt lat="-31.2481329" lon="136.76968">
      <ele>194.055</ele>
    </trkpt>
    <trkpt lat="-31.2482586" lon="136.7716047">
      <ele>194.674</ele>
    </trkpt>
    <trkpt lat="-31.2482743" lon="136.7717773">
      <ele>194.602</ele>
    </trkpt>
    <trkpt lat="-31.2482798" lon="136.7718376">
      <ele>194.385</ele>
    </trkpt>
    <trkpt lat="-31.2482933" lon="136.7719865">
      <ele>193.719</ele>
    </trkpt>
    <trkpt lat="-31.2482988" lon="136.7720468">
      <ele>193.309</ele>
    </trkpt>
    <trkpt lat="-31.2483123" lon="136.7721957">
      <ele>192.259</ele>
    </trkpt>
    <trkpt lat="-31.2483178" lon="136.772256">
      <ele>192.049</ele>
    </trkpt>
    <trkpt lat="-31.2483314" lon="136.7724049">
      <ele>192.002</ele>
    </trkpt>
    <trkpt lat="-31.2483369" lon="136.7724652">
      <ele>192.011</ele>
    </trkpt>
    <trkpt lat="-31.2484281" lon="136.7734689">
      <ele>194.175</ele>
    </trkpt>
    <trkpt lat="-31.2484414" lon="136.7736148">
      <ele>194.013</ele>
    </trkpt>
    <trkpt lat="-31.2484467" lon="136.7736599">
      <ele>194.176</ele>
    </trkpt>
    <trkpt lat="-31.2484843" lon="136.7739823">
      <ele>195.336</ele>
    </trkpt>
    <trkpt lat="-31.2486867" lon="136.7755319">
      <ele>193.272</ele>
    </trkpt>
    <trkpt lat="-31.2488042" lon="136.7763627">
      <ele>190.305</ele>
    </trkpt>
    <trkpt lat="-31.2488336" lon="136.7765703">
      <ele>190.852</ele>
    </trkpt>
    <trkpt lat="-31.2488697" lon="136.7768256">
      <ele>192.174</ele>
    </trkpt>
    <trkpt lat="-31.2490523" lon="136.7779983">
      <ele>191.001</ele>
    </trkpt>
    <trkpt lat="-31.249323" lon="136.7794892">
      <ele>187.633</ele>
    </trkpt>
    <trkpt lat="-31.2495496" lon="136.7806273">
      <ele>187.902</ele>
    </trkpt>
    <trkpt lat="-31.2496571" lon="136.7810957">
      <ele>187.456</ele>
    </trkpt>
    <trkpt lat="-31.2499834" lon="136.7825181">
      <ele>187.056</ele>
    </trkpt>
    <trkpt lat="-31.2500901" lon="136.7829831">
      <ele>187.085</ele>
    </trkpt>
    <trkpt lat="-31.2501178" lon="136.7831041">
      <ele>186.926</ele>
    </trkpt>
    <trkpt lat="-31.2501237" lon="136.7831276">
      <ele>186.885</ele>
    </trkpt>
    <trkpt lat="-31.2501383" lon="136.7831857">
      <ele>186.767</ele>
    </trkpt>
    <trkpt lat="-31.2502666" lon="136.783696">
      <ele>185.346</ele>
    </trkpt>
    <trkpt lat="-31.2503901" lon="136.7842142">
      <ele>188.464</ele>
    </trkpt>
    <trkpt lat="-31.2507563" lon="136.7855387">
      <ele>188.939</ele>
    </trkpt>
    <trkpt lat="-31.2512927" lon="136.7873935">
      <ele>191.924</ele>
    </trkpt>
    <trkpt lat="-31.2516201" lon="136.7884009">
      <ele>190.035</ele>
    </trkpt>
    <trkpt lat="-31.2520034" lon="136.7895374">
      <ele>192.528</ele>
    </trkpt>
    <trkpt lat="-31.252274" lon="136.7902656">
      <ele>189.167</ele>
    </trkpt>
    <trkpt lat="-31.2527043" lon="136.7914233">
      <ele>191.876</ele>
    </trkpt>
    <trkpt lat="-31.252725" lon="136.7914789">
      <ele>191.676</ele>
    </trkpt>
    <trkpt lat="-31.2527774" lon="136.79162">
      <ele>191.168</ele>
    </trkpt>
    <trkpt lat="-31.2527981" lon="136.7916712">
      <ele>190.984</ele>
    </trkpt>
    <trkpt lat="-31.2528752" lon="136.7918613">
      <ele>190.299</ele>
    </trkpt>
    <trkpt lat="-31.2535409" lon="136.7935044">
      <ele>191.034</ele>
    </trkpt>
    <trkpt lat="-31.2536613" lon="136.793811">
      <ele>192.081</ele>
    </trkpt>
    <trkpt lat="-31.2536926" lon="136.7938805">
      <ele>192.557</ele>
    </trkpt>
    <trkpt lat="-31.2539499" lon="136.7944573">
      <ele>193.652</ele>
    </trkpt>
    <trkpt lat="-31.2540331" lon="136.7946438">
      <ele>191.7</ele>
    </trkpt>
    <trkpt lat="-31.254569" lon="136.7958454">
      <ele>191.405</ele>
    </trkpt>
    <trkpt lat="-31.2547942" lon="136.7963149">
      <ele>190.007</ele>
    </trkpt>
    <trkpt lat="-31.2548822" lon="136.7964984">
      <ele>189.424</ele>
    </trkpt>
    <trkpt lat="-31.2554096" lon="136.7975978">
      <ele>188.961</ele>
    </trkpt>
    <trkpt lat="-31.2555037" lon="136.7977791">
      <ele>188.559</ele>
    </trkpt>
    <trkpt lat="-31.2555971" lon="136.7979589">
      <ele>188.098</ele>
    </trkpt>
    <trkpt lat="-31.2559959" lon="136.7987273">
      <ele>189.752</ele>
    </trkpt>
    <trkpt lat="-31.2569737" lon="136.8005195">
      <ele>188.803</ele>
    </trkpt>
    <trkpt lat="-31.2574706" lon="136.8013738">
      <ele>190.903</ele>
    </trkpt>
    <trkpt lat="-31.257745" lon="136.8018455">
      <ele>190.238</ele>
    </trkpt>
    <trkpt lat="-31.2579263" lon="136.8021572">
      <ele>189.769</ele>
    </trkpt>
    <trkpt lat="-31.2584357" lon="136.8029626">
      <ele>188.386</ele>
    </trkpt>
    <trkpt lat="-31.2584873" lon="136.8030346">
      <ele>187.933</ele>
    </trkpt>
    <trkpt lat="-31.2590958" lon="136.8038593">
      <ele>188.079</ele>
    </trkpt>
    <trkpt lat="-31.259402" lon="136.8043431">
      <ele>185.209</ele>
    </trkpt>
    <trkpt lat="-31.25953" lon="136.8046965">
      <ele>185.616</ele>
    </trkpt>
    <trkpt lat="-31.2596835" lon="136.8048937">
      <ele>186.807</ele>
    </trkpt>
    <trkpt lat="-31.2597882" lon="136.8050383">
      <ele>186.9</ele>
    </trkpt>
    <trkpt lat="-31.2601973" lon="136.8056146">
      <ele>184.518</ele>
    </trkpt>
    <trkpt lat="-31.2604933" lon="136.806025">
      <ele>182.984</ele>
    </trkpt>
    <trkpt lat="-31.261059" lon="136.8068096">
      <ele>184.582</ele>
    </trkpt>
    <trkpt lat="-31.2611334" lon="136.8069128">
      <ele>183.963</ele>
    </trkpt>
    <trkpt lat="-31.2613072" lon="136.8071452">
      <ele>182.376</ele>
    </trkpt>
    <trkpt lat="-31.262002" lon="136.8080747">
      <ele>187.931</ele>
    </trkpt>
    <trkpt lat="-31.2626386" lon="136.8088676">
      <ele>185.499</ele>
    </trkpt>
    <trkpt lat="-31.2628077" lon="136.8090882">
      <ele>186.077</ele>
    </trkpt>
    <trkpt lat="-31.2635586" lon="136.8099947">
      <ele>187.17</ele>
    </trkpt>
    <trkpt lat="-31.2641438" lon="136.8106779">
      <ele>188.835</ele>
    </trkpt>
    <trkpt lat="-31.2649661" lon="136.8116057">
      <ele>188.539</ele>
    </trkpt>
    <trkpt lat="-31.2651773" lon="136.8118399">
      <ele>189.029</ele>
    </trkpt>
    <trkpt lat="-31.2661527" lon="136.8128501">
      <ele>186.443</ele>
    </trkpt>
    <trkpt lat="-31.2674836" lon="136.8141893">
      <ele>189.923</ele>
    </trkpt>
    <trkpt lat="-31.2676814" lon="136.8143804">
      <ele>188.427</ele>
    </trkpt>
    <trkpt lat="-31.2682361" lon="136.8149163">
      <ele>186.86</ele>
    </trkpt>
    <trkpt lat="-31.2685135" lon="136.8151843">
      <ele>187.074</ele>
    </trkpt>
    <trkpt lat="-31.2686522" lon="136.8153183">
      <ele>186.734</ele>
    </trkpt>
    <trkpt lat="-31.2716725" lon="136.8182365">
      <ele>179.663</ele>
    </trkpt>
    <trkpt lat="-31.2739235" lon="136.8204085">
      <ele>176.117</ele>
    </trkpt>
    <trkpt lat="-31.2740622" lon="136.8205424">
      <ele>175.689</ele>
    </trkpt>
    <trkpt lat="-31.2750349" lon="136.821481">
      <ele>175.042</ele>
    </trkpt>
    <trkpt lat="-31.2754402" lon="136.8218733">
      <ele>176.894</ele>
    </trkpt>
    <trkpt lat="-31.2760402" lon="136.8224518">
      <ele>175.255</ele>
    </trkpt>
    <trkpt lat="-31.2773688" lon="136.8236558">
      <ele>175.396</ele>
    </trkpt>
    <trkpt lat="-31.2782928" lon="136.824461">
      <ele>177.0</ele>
    </trkpt>
    <trkpt lat="-31.2793213" lon="136.8253087">
      <ele>175.668</ele>
    </trkpt>
    <trkpt lat="-31.2794209" lon="136.8253947">
      <ele>176.336</ele>
    </trkpt>
    <trkpt lat="-31.2796249" lon="136.8255565">
      <ele>176.998</ele>
    </trkpt>
    <trkpt lat="-31.2800219" lon="136.8258714">
      <ele>177.079</ele>
    </trkpt>
    <trkpt lat="-31.2802494" lon="136.8260519">
      <ele>177.898</ele>
    </trkpt>
    <trkpt lat="-31.2807788" lon="136.8264707">
      <ele>177.098</ele>
    </trkpt>
    <trkpt lat="-31.2819616" lon="136.8273658">
      <ele>177.517</ele>
    </trkpt>
    <trkpt lat="-31.2824519" lon="136.8277136">
      <ele>178.694</ele>
    </trkpt>
    <trkpt lat="-31.2836856" lon="136.8285886">
      <ele>177.128</ele>
    </trkpt>
    <trkpt lat="-31.2842373" lon="136.828954">
      <ele>179.376</ele>
    </trkpt>
    <trkpt lat="-31.2854937" lon="136.8297905">
      <ele>178.532</ele>
    </trkpt>
    <trkpt lat="-31.2882155" lon="136.8316057">
      <ele>176.601</ele>
    </trkpt>
    <trkpt lat="-31.2896219" lon="136.8325436">
      <ele>175.943</ele>
    </trkpt>
    <trkpt lat="-31.291041" lon="136.8334901">
      <ele>175.858</ele>
    </trkpt>
    <trkpt lat="-31.2911834" lon="136.8335882">
      <ele>176.26</ele>
    </trkpt>
    <trkpt lat="-31.2913385" lon="136.833695">
      <ele>176.873</ele>
    </trkpt>
    <trkpt lat="-31.2918035" lon="136.8340152">
      <ele>177.0</ele>
    </trkpt>
    <trkpt lat="-31.2922686" lon="136.8343354">
      <ele>176.542</ele>
    </trkpt>
    <trkpt lat="-31.2923873" lon="136.8344171">
      <ele>176.843</ele>
    </trkpt>
    <trkpt lat="-31.2924236" lon="136.8344421">
      <ele>176.985</ele>
    </trkpt>
    <trkpt lat="-31.2926949" lon="136.8346292">
      <ele>178.33</ele>
    </trkpt>
    <trkpt lat="-31.2930385" lon="136.8348791">
      <ele>178.096</ele>
    </trkpt>
    <trkpt lat="-31.2931913" lon="136.8349902">
      <ele>177.529</ele>
    </trkpt>
    <trkpt lat="-31.2936394" lon="136.835316">
      <ele>177.014</ele>
    </trkpt>
    <trkpt lat="-31.2936495" lon="136.8353237">
      <ele>177.023</ele>
    </trkpt>
    <trkpt lat="-31.294553" lon="136.8360142">
      <ele>179.302</ele>
    </trkpt>
    <trkpt lat="-31.2950048" lon="136.8363595">
      <ele>181.756</ele>
    </trkpt>
    <trkpt lat="-31.2951554" lon="136.8364746">
      <ele>180.437</ele>
    </trkpt>
    <trkpt lat="-31.2954169" lon="136.8366744">
      <ele>178.986</ele>
    </trkpt>
    <trkpt lat="-31.2954557" lon="136.8367064">
      <ele>178.949</ele>
    </trkpt>
    <trkpt lat="-31.2991864" lon="136.8397869">
      <ele>185.358</ele>
    </trkpt>
    <trkpt lat="-31.2998687" lon="136.8403401">
      <ele>188.224</ele>
    </trkpt>
    <trkpt lat="-31.3011993" lon="136.841419">
      <ele>189.892</ele>
    </trkpt>
    <trkpt lat="-31.3013472" lon="136.8415389">
      <ele>189.46</ele>
    </trkpt>
    <trkpt lat="-31.3020864" lon="136.8421383">
      <ele>188.643</ele>
    </trkpt>
    <trkpt lat="-31.3022343" lon="136.8422582">
      <ele>187.66</ele>
    </trkpt>
    <trkpt lat="-31.30253" lon="136.842498">
      <ele>185.222</ele>
    </trkpt>
    <trkpt lat="-31.3026778" lon="136.8426179">
      <ele>186.433</ele>
    </trkpt>
    <trkpt lat="-31.3030548" lon="136.8429236">
      <ele>190.044</ele>
    </trkpt>
    <trkpt lat="-31.3066592" lon="136.8458724">
      <ele>191.137</ele>
    </trkpt>
    <trkpt lat="-31.3093465" lon="136.8480568">
      <ele>193.647</ele>
    </trkpt>
    <trkpt lat="-31.3094942" lon="136.8481769">
      <ele>194.078</ele>
    </trkpt>
    <trkpt lat="-31.3103642" lon="136.8488841">
      <ele>192.684</ele>
    </trkpt>
    <trkpt lat="-31.3106757" lon="136.8491382">
      <ele>193.363</ele>
    </trkpt>
    <trkpt lat="-31.3108233" lon="136.8492586">
      <ele>193.686</ele>
    </trkpt>
    <trkpt lat="-31.3109708" lon="136.8493789">
      <ele>194.15</ele>
    </trkpt>
    <trkpt lat="-31.3111184" lon="136.8494993">
      <ele>193.974</ele>
    </trkpt>
    <trkpt lat="-31.311266" lon="136.8496197">
      <ele>193.442</ele>
    </trkpt>
    <trkpt lat="-31.3115611" lon="136.8498604">
      <ele>191.382</ele>
    </trkpt>
    <trkpt lat="-31.3117087" lon="136.8499808">
      <ele>190.708</ele>
    </trkpt>
    <trkpt lat="-31.3161356" lon="136.8535919">
      <ele>182.239</ele>
    </trkpt>
    <trkpt lat="-31.3162832" lon="136.8537123">
      <ele>182.788</ele>
    </trkpt>
    <trkpt lat="-31.3164308" lon="136.8538327">
      <ele>182.525</ele>
    </trkpt>
    <trkpt lat="-31.3165783" lon="136.8539531">
      <ele>182.293</ele>
    </trkpt>
    <trkpt lat="-31.3167258" lon="136.8540734">
      <ele>181.813</ele>
    </trkpt>
    <trkpt lat="-31.3178951" lon="136.8550273">
      <ele>180.422</ele>
    </trkpt>
    <trkpt lat="-31.3184966" lon="136.855518">
      <ele>179.547</ele>
    </trkpt>
    <trkpt lat="-31.319382" lon="136.8562404">
      <ele>181.105</ele>
    </trkpt>
    <trkpt lat="-31.3195295" lon="136.8563608">
      <ele>180.969</ele>
    </trkpt>
    <trkpt lat="-31.3196771" lon="136.8564812">
      <ele>180.722</ele>
    </trkpt>
    <trkpt lat="-31.3198246" lon="136.8566015">
      <ele>180.235</ele>
    </trkpt>
    <trkpt lat="-31.3199722" lon="136.8567219">
      <ele>179.821</ele>
    </trkpt>
    <trkpt lat="-31.3202673" lon="136.8569627">
      <ele>178.998</ele>
    </trkpt>
    <trkpt lat="-31.3252752" lon="136.8610489">
      <ele>178.228</ele>
    </trkpt>
    <trkpt lat="-31.3257273" lon="136.8614168">
      <ele>182.657</ele>
    </trkpt>
    <trkpt lat="-31.325875" lon="136.861537">
      <ele>182.85</ele>
    </trkpt>
    <trkpt lat="-31.3260227" lon="136.8616572">
      <ele>182.318</ele>
    </trkpt>
    <trkpt lat="-31.326318" lon="136.8618976">
      <ele>182.087</ele>
    </trkpt>
    <trkpt lat="-31.3264657" lon="136.8620178">
      <ele>182.252</ele>
    </trkpt>
    <trkpt lat="-31.3266134" lon="136.862138">
      <ele>182.585</ele>
    </trkpt>
    <trkpt lat="-31.3269087" lon="136.8623784">
      <ele>183.108</ele>
    </trkpt>
    <trkpt lat="-31.3276471" lon="136.8629794">
      <ele>181.874</ele>
    </trkpt>
    <trkpt lat="-31.3280901" lon="136.86334">
      <ele>182.148</ele>
    </trkpt>
    <trkpt lat="-31.3294192" lon="136.8644218">
      <ele>182.247</ele>
    </trkpt>
    <trkpt lat="-31.3314867" lon="136.8661047">
      <ele>185.023</ele>
    </trkpt>
    <trkpt lat="-31.3340405" lon="136.868191">
      <ele>189.767</ele>
    </trkpt>
    <trkpt lat="-31.3348284" lon="136.8688348">
      <ele>189.812</ele>
    </trkpt>
    <trkpt lat="-31.3349759" lon="136.8689553">
      <ele>189.087</ele>
    </trkpt>
    <trkpt lat="-31.3354184" lon="136.8693169">
      <ele>192.82</ele>
    </trkpt>
    <trkpt lat="-31.3364004" lon="136.8701193">
      <ele>192.553</ele>
    </trkpt>
    <trkpt lat="-31.3396958" lon="136.8728119">
      <ele>198.135</ele>
    </trkpt>
    <trkpt lat="-31.3398433" lon="136.8729324">
      <ele>197.492</ele>
    </trkpt>
    <trkpt lat="-31.3399218" lon="136.8729965">
      <ele>197.198</ele>
    </trkpt>
    <trkpt lat="-31.3399909" lon="136.8730528">
      <ele>197.046</ele>
    </trkpt>
    <trkpt lat="-31.3410248" lon="136.8738941">
      <ele>195.013</ele>
    </trkpt>
    <trkpt lat="-31.3411724" lon="136.8740143">
      <ele>195.772</ele>
    </trkpt>
    <trkpt lat="-31.3414678" lon="136.8742547">
      <ele>198.317</ele>
    </trkpt>
    <trkpt lat="-31.3417632" lon="136.8744951">
      <ele>197.775</ele>
    </trkpt>
    <trkpt lat="-31.3420586" lon="136.8747355">
      <ele>194.561</ele>
    </trkpt>
    <trkpt lat="-31.3422063" lon="136.8748557">
      <ele>194.03</ele>
    </trkpt>
    <trkpt lat="-31.342354" lon="136.8749759">
      <ele>194.866</ele>
    </trkpt>
    <trkpt lat="-31.3441262" lon="136.8764184">
      <ele>190.764</ele>
    </trkpt>
    <trkpt lat="-31.3457507" lon="136.8777407">
      <ele>189.178</ele>
    </trkpt>
    <trkpt lat="-31.3458984" lon="136.8778609">
      <ele>190.229</ele>
    </trkpt>
    <trkpt lat="-31.3460461" lon="136.8779811">
      <ele>190.171</ele>
    </trkpt>
    <trkpt lat="-31.3461938" lon="136.8781014">
      <ele>190.0</ele>
    </trkpt>
    <trkpt lat="-31.3463415" lon="136.8782216">
      <ele>190.0</ele>
    </trkpt>
    <trkpt lat="-31.3469322" lon="136.8787024">
      <ele>191.314</ele>
    </trkpt>
    <trkpt lat="-31.3478183" lon="136.8794237">
      <ele>194.644</ele>
    </trkpt>
    <trkpt lat="-31.3484091" lon="136.8799045">
      <ele>195.477</ele>
    </trkpt>
    <trkpt lat="-31.3489998" lon="136.8803854">
      <ele>193.399</ele>
    </trkpt>
    <trkpt lat="-31.3494114" lon="136.8807233">
      <ele>195.834</ele>
    </trkpt>
    <trkpt lat="-31.3523569" lon="136.8831414">
      <ele>196.026</ele>
    </trkpt>
    <trkpt lat="-31.3530518" lon="136.8836881">
      <ele>195.709</ele>
    </trkpt>
    <trkpt lat="-31.3539843" lon="136.8844533">
      <ele>194.333</ele>
    </trkpt>
    <trkpt lat="-31.3546496" lon="136.8849972">
      <ele>196.236</ele>
    </trkpt>
    <trkpt lat="-31.3556922" lon="136.8858497">
      <ele>196.626</ele>
    </trkpt>
    <trkpt lat="-31.3558397" lon="136.8859703">
      <ele>196.952</ele>
    </trkpt>
    <trkpt lat="-31.3559872" lon="136.8860909">
      <ele>196.787</ele>
    </trkpt>
    <trkpt lat="-31.3561347" lon="136.8862114">
      <ele>196.307</ele>
    </trkpt>
    <trkpt lat="-31.3590841" lon="136.8886232">
      <ele>190.746</ele>
    </trkpt>
    <trkpt lat="-31.3601164" lon="136.8894673">
      <ele>195.22</ele>
    </trkpt>
    <trkpt lat="-31.3601572" lon="136.8895006">
      <ele>195.047</ele>
    </trkpt>
    <trkpt lat="-31.3602624" lon="136.8895904">
      <ele>194.397</ele>
    </trkpt>
    <trkpt lat="-31.3604077" lon="136.8897144">
      <ele>193.994</ele>
    </trkpt>
    <trkpt lat="-31.3605531" lon="136.8898385">
      <ele>194.149</ele>
    </trkpt>
    <trkpt lat="-31.3606984" lon="136.8899625">
      <ele>194.743</ele>
    </trkpt>
    <trkpt lat="-31.3608249" lon="136.8900705">
      <ele>195.663</ele>
    </trkpt>
    <trkpt lat="-31.3615281" lon="136.89072">
      <ele>190.499</ele>
    </trkpt>
    <trkpt lat="-31.3619708" lon="136.8911544">
      <ele>195.316</ele>
    </trkpt>
    <trkpt lat="-31.362138" lon="136.8913184">
      <ele>196.1</ele>
    </trkpt>
    <trkpt lat="-31.3625825" lon="136.8917806">
      <ele>196.009</ele>
    </trkpt>
    <trkpt lat="-31.3631879" lon="136.8924304">
      <ele>192.989</ele>
    </trkpt>
    <trkpt lat="-31.3639273" lon="136.893309">
      <ele>192.264</ele>
    </trkpt>
    <trkpt lat="-31.3639278" lon="136.8933097">
      <ele>192.268</ele>
    </trkpt>
    <trkpt lat="-31.3642958" lon="136.8937673">
      <ele>193.367</ele>
    </trkpt>
    <trkpt lat="-31.3644191" lon="136.8939207">
      <ele>193.713</ele>
    </trkpt>
    <trkpt lat="-31.3644855" lon="136.8939991">
      <ele>193.84</ele>
    </trkpt>
    <trkpt lat="-31.3646037" lon="136.8941433">
      <ele>193.706</ele>
    </trkpt>
    <trkpt lat="-31.365216" lon="136.8949692">
      <ele>194.666</ele>
    </trkpt>
    <trkpt lat="-31.3656729" lon="136.8956262">
      <ele>194.853</ele>
    </trkpt>
    <trkpt lat="-31.3657438" lon="136.8957139">
      <ele>194.816</ele>
    </trkpt>
    <trkpt lat="-31.3662262" lon="136.8964742">
      <ele>198.693</ele>
    </trkpt>
    <trkpt lat="-31.3668756" lon="136.8975436">
      <ele>197.13</ele>
    </trkpt>
    <trkpt lat="-31.3673245" lon="136.8983478">
      <ele>194.505</ele>
    </trkpt>
    <trkpt lat="-31.3674441" lon="136.8985621">
      <ele>196.612</ele>
    </trkpt>
    <trkpt lat="-31.367609" lon="136.8988847">
      <ele>199.568</ele>
    </trkpt>
    <trkpt lat="-31.3677014" lon="136.8990654">
      <ele>199.275</ele>
    </trkpt>
    <trkpt lat="-31.3677071" lon="136.8990766">
      <ele>199.254</ele>
    </trkpt>
    <trkpt lat="-31.3678861" lon="136.8994269">
      <ele>198.039</ele>
    </trkpt>
    <trkpt lat="-31.3679784" lon="136.8996077">
      <ele>198.163</ele>
    </trkpt>
    <trkpt lat="-31.3679886" lon="136.8996276">
      <ele>198.159</ele>
    </trkpt>
    <trkpt lat="-31.3680658" lon="136.8997918">
      <ele>197.926</ele>
    </trkpt>
    <trkpt lat="-31.3681526" lon="136.8999763">
      <ele>197.301</ele>
    </trkpt>
    <trkpt lat="-31.3682394" lon="136.9001608">
      <ele>196.864</ele>
    </trkpt>
    <trkpt lat="-31.3684915" lon="136.9006973">
      <ele>197.22</ele>
    </trkpt>
    <trkpt lat="-31.3713099" lon="136.9068375">
      <ele>196.339</ele>
    </trkpt>
    <trkpt lat="-31.3713951" lon="136.9070231">
      <ele>197.277</ele>
    </trkpt>
    <trkpt lat="-31.3717357" lon="136.9077653">
      <ele>194.819</ele>
    </trkpt>
    <trkpt lat="-31.3718818" lon="136.9080837">
      <ele>192.654</ele>
    </trkpt>
    <trkpt lat="-31.3727166" lon="136.9099293">
      <ele>193.112</ele>
    </trkpt>
    <trkpt lat="-31.3733149" lon="136.9112234">
      <ele>188.914</ele>
    </trkpt>
    <trkpt lat="-31.3734323" lon="136.9114805">
      <ele>189.378</ele>
    </trkpt>
    <trkpt lat="-31.3735171" lon="136.9116663">
      <ele>189.675</ele>
    </trkpt>
    <trkpt lat="-31.3736868" lon="136.9120378">
      <ele>190.064</ele>
    </trkpt>
    <trkpt lat="-31.3737716" lon="136.9122236">
      <ele>190.422</ele>
    </trkpt>
    <trkpt lat="-31.3738564" lon="136.9124093">
      <ele>190.117</ele>
    </trkpt>
    <trkpt lat="-31.3739412" lon="136.9125951">
      <ele>189.966</ele>
    </trkpt>
    <trkpt lat="-31.3742804" lon="136.9133382">
      <ele>190.178</ele>
    </trkpt>
    <trkpt lat="-31.3747045" lon="136.9142671">
      <ele>190.489</ele>
    </trkpt>
    <trkpt lat="-31.3748741" lon="136.9146387">
      <ele>189.906</ele>
    </trkpt>
    <trkpt lat="-31.3757592" lon="136.9165776">
      <ele>186.534</ele>
    </trkpt>
    <trkpt lat="-31.3762447" lon="136.9175932">
      <ele>187.503</ele>
    </trkpt>
    <trkpt lat="-31.3766528" lon="136.9184828">
      <ele>185.615</ele>
    </trkpt>
    <trkpt lat="-31.3773503" lon="136.9200156">
      <ele>182.104</ele>
    </trkpt>
    <trkpt lat="-31.3775148" lon="136.9203792">
      <ele>181.947</ele>
    </trkpt>
    <trkpt lat="-31.3775991" lon="136.9205653">
      <ele>181.666</ele>
    </trkpt>
    <trkpt lat="-31.3778607" lon="136.9211434">
      <ele>180.818</ele>
    </trkpt>
    <trkpt lat="-31.3788333" lon="136.9232862">
      <ele>186.525</ele>
    </trkpt>
    <trkpt lat="-31.3792921" lon="136.924283">
      <ele>181.197</ele>
    </trkpt>
    <trkpt lat="-31.3793775" lon="136.9244685">
      <ele>181.569</ele>
    </trkpt>
    <trkpt lat="-31.3794628" lon="136.9246539">
      <ele>181.672</ele>
    </trkpt>
    <trkpt lat="-31.3795482" lon="136.9248394">
      <ele>181.891</ele>
    </trkpt>
    <trkpt lat="-31.3796335" lon="136.9250248">
      <ele>181.489</ele>
    </trkpt>
    <trkpt lat="-31.3800602" lon="136.9259521">
      <ele>175.026</ele>
    </trkpt>
    <trkpt lat="-31.3801455" lon="136.9261376">
      <ele>174.383</ele>
    </trkpt>
    <trkpt lat="-31.3802309" lon="136.926323">
      <ele>173.378</ele>
    </trkpt>
    <trkpt lat="-31.3809137" lon="136.9278066">
      <ele>165.749</ele>
    </trkpt>
    <trkpt lat="-31.3816706" lon="136.9294635">
      <ele>152.945</ele>
    </trkpt>
    <trkpt lat="-31.3823494" lon="136.9309496">
      <ele>144.02</ele>
    </trkpt>
    <trkpt lat="-31.3825876" lon="136.9314993">
      <ele>141.229</ele>
    </trkpt>
    <trkpt lat="-31.3831155" lon="136.9326433">
      <ele>137.08</ele>
    </trkpt>
    <trkpt lat="-31.3838311" lon="136.9341953">
      <ele>135.71</ele>
    </trkpt>
    <trkpt lat="-31.3840875" lon="136.9347514">
      <ele>132.925</ele>
    </trkpt>
    <trkpt lat="-31.384173" lon="136.9349368">
      <ele>132.205</ele>
    </trkpt>
    <trkpt lat="-31.3842585" lon="136.9351222">
      <ele>131.964</ele>
    </trkpt>
    <trkpt lat="-31.3844162" lon="136.9354643">
      <ele>131.203</ele>
    </trkpt>
    <trkpt lat="-31.3854065" lon="136.9376641">
      <ele>131.263</ele>
    </trkpt>
    <trkpt lat="-31.3855146" lon="136.937919">
      <ele>130.22</ele>
    </trkpt>
    <trkpt lat="-31.3863947" lon="136.9399947">
      <ele>123.941</ele>
    </trkpt>
    <trkpt lat="-31.3864747" lon="136.9401834">
      <ele>124.147</ele>
    </trkpt>
    <trkpt lat="-31.3865547" lon="136.9403721">
      <ele>123.467</ele>
    </trkpt>
    <trkpt lat="-31.3869547" lon="136.9413156">
      <ele>124.472</ele>
    </trkpt>
    <trkpt lat="-31.3872747" lon="136.9420704">
      <ele>124.065</ele>
    </trkpt>
    <trkpt lat="-31.3873547" lon="136.9422591">
      <ele>123.242</ele>
    </trkpt>
    <trkpt lat="-31.3874347" lon="136.9424478">
      <ele>123.903</ele>
    </trkpt>
    <trkpt lat="-31.3875147" lon="136.9426366">
      <ele>123.973</ele>
    </trkpt>
    <trkpt lat="-31.3882348" lon="136.9443349">
      <ele>123.283</ele>
    </trkpt>
    <trkpt lat="-31.3885769" lon="136.9451419">
      <ele>124.267</ele>
    </trkpt>
    <trkpt lat="-31.3886348" lon="136.9452784">
      <ele>124.915</ele>
    </trkpt>
    <trkpt lat="-31.3887148" lon="136.9454671">
      <ele>124.627</ele>
    </trkpt>
    <trkpt lat="-31.3887948" lon="136.9456558">
      <ele>125.177</ele>
    </trkpt>
    <trkpt lat="-31.3888213" lon="136.9457183">
      <ele>125.716</ele>
    </trkpt>
    <trkpt lat="-31.3888748" lon="136.9458446">
      <ele>127.028</ele>
    </trkpt>
    <trkpt lat="-31.3889548" lon="136.9460333">
      <ele>128.202</ele>
    </trkpt>
    <trkpt lat="-31.3893548" lon="136.9469768">
      <ele>130.608</ele>
    </trkpt>
    <trkpt lat="-31.389975" lon="136.94844">
      <ele>131.474</ele>
    </trkpt>
    <trkpt lat="-31.3910341" lon="136.9509403">
      <ele>137.107</ele>
    </trkpt>
    <trkpt lat="-31.391114" lon="136.951129">
      <ele>136.99</ele>
    </trkpt>
    <trkpt lat="-31.3918335" lon="136.9528278">
      <ele>139.781</ele>
    </trkpt>
    <trkpt lat="-31.3919134" lon="136.9530165">
      <ele>140.748</ele>
    </trkpt>
    <trkpt lat="-31.3927128" lon="136.954904">
      <ele>139.766</ele>
    </trkpt>
    <trkpt lat="-31.3932724" lon="136.9562253">
      <ele>139.229</ele>
    </trkpt>
    <trkpt lat="-31.3933523" lon="136.9564141">
      <ele>138.062</ele>
    </trkpt>
    <trkpt lat="-31.3935122" lon="136.9567916">
      <ele>137.71</ele>
    </trkpt>
    <trkpt lat="-31.3943115" lon="136.9586792">
      <ele>133.361</ele>
    </trkpt>
    <trkpt lat="-31.3944091" lon="136.958916">
      <ele>133.085</ele>
    </trkpt>
    <trkpt lat="-31.3945066" lon="136.9591528">
      <ele>133.939</ele>
    </trkpt>
    <trkpt lat="-31.3952289" lon="136.9608503">
      <ele>134.05</ele>
    </trkpt>
    <trkpt lat="-31.3952466" lon="136.9608918">
      <ele>134.187</ele>
    </trkpt>
    <trkpt lat="-31.3955339" lon="136.961556">
      <ele>135.32</ele>
    </trkpt>
    <trkpt lat="-31.3964712" lon="136.9637256">
      <ele>135.0</ele>
    </trkpt>
    <trkpt lat="-31.3965118" lon="136.9638172">
      <ele>135.0</ele>
    </trkpt>
    <trkpt lat="-31.3965948" lon="136.9640041">
      <ele>134.585</ele>
    </trkpt>
    <trkpt lat="-31.3968294" lon="136.9645324">
      <ele>133.0</ele>
    </trkpt>
    <trkpt lat="-31.3972592" lon="136.9654994">
      <ele>132.936</ele>
    </trkpt>
    <trkpt lat="-31.3977844" lon="136.9666867">
      <ele>127.904</ele>
    </trkpt>
    <trkpt lat="-31.3978671" lon="136.9668737">
      <ele>126.933</ele>
    </trkpt>
    <trkpt lat="-31.3983961" lon="136.9680697">
      <ele>116.322</ele>
    </trkpt>
    <trkpt lat="-31.3987028" lon="136.9687396">
      <ele>112.897</ele>
    </trkpt>
    <trkpt lat="-31.3987878" lon="136.9689254">
      <ele>111.821</ele>
    </trkpt>
    <trkpt lat="-31.3988728" lon="136.969111">
      <ele>111.154</ele>
    </trkpt>
    <trkpt lat="-31.3989577" lon="136.9692964">
      <ele>111.248</ele>
    </trkpt>
    <trkpt lat="-31.399305" lon="136.970035">
      <ele>108.183</ele>
    </trkpt>
    <trkpt lat="-31.3993917" lon="136.9702196">
      <ele>106.589</ele>
    </trkpt>
    <trkpt lat="-31.3994784" lon="136.9704042">
      <ele>105.545</ele>
    </trkpt>
    <trkpt lat="-31.399652" lon="136.9707734">
      <ele>104.018</ele>
    </trkpt>
    <trkpt lat="-31.3999991" lon="136.9715117">
      <ele>102.992</ele>
    </trkpt>
    <trkpt lat="-31.4002594" lon="136.9720655">
      <ele>103.12</ele>
    </trkpt>
    <trkpt lat="-31.4002753" lon="136.9720993">
      <ele>102.886</ele>
    </trkpt>
    <trkpt lat="-31.4003462" lon="136.97225">
      <ele>101.654</ele>
    </trkpt>
    <trkpt lat="-31.400467" lon="136.972507">
      <ele>100.319</ele>
    </trkpt>
    <trkpt lat="-31.4007938" lon="136.9731638">
      <ele>98.363</ele>
    </trkpt>
    <trkpt lat="-31.4010347" lon="136.9736588">
      <ele>95.876</ele>
    </trkpt>
    <trkpt lat="-31.4010528" lon="136.9736955">
      <ele>95.76</ele>
    </trkpt>
    <trkpt lat="-31.4014668" lon="136.9745619">
      <ele>94.28</ele>
    </trkpt>
    <trkpt lat="-31.40216" lon="136.9760125">
      <ele>93.406</ele>
    </trkpt>
    <trkpt lat="-31.4030682" lon="136.9778812">
      <ele>86.582</ele>
    </trkpt>
    <trkpt lat="-31.4031572" lon="136.9780643">
      <ele>85.666</ele>
    </trkpt>
    <trkpt lat="-31.4032462" lon="136.9782475">
      <ele>86.005</ele>
    </trkpt>
    <trkpt lat="-31.4032744" lon="136.9783056">
      <ele>86.112</ele>
    </trkpt>
    <trkpt lat="-31.4037909" lon="136.979339">
      <ele>85.402</ele>
    </trkpt>
    <trkpt lat="-31.4038818" lon="136.9795208">
      <ele>85.981</ele>
    </trkpt>
    <trkpt lat="-31.4039727" lon="136.9797027">
      <ele>85.698</ele>
    </trkpt>
    <trkpt lat="-31.4040636" lon="136.9798845">
      <ele>85.371</ele>
    </trkpt>
    <trkpt lat="-31.4046016" lon="136.9809612">
      <ele>88.845</ele>
    </trkpt>
    <trkpt lat="-31.4051665" lon="136.9820916">
      <ele>95.212</ele>
    </trkpt>
    <trkpt lat="-31.4052295" lon="136.9822176">
      <ele>95.171</ele>
    </trkpt>
    <trkpt lat="-31.4053384" lon="136.9824287">
      <ele>94.838</ele>
    </trkpt>
    <trkpt lat="-31.4054314" lon="136.9826091">
      <ele>94.23</ele>
    </trkpt>
    <trkpt lat="-31.4056174" lon="136.9829699">
      <ele>93.154</ele>
    </trkpt>
    <trkpt lat="-31.4057104" lon="136.9831503">
      <ele>93.899</ele>
    </trkpt>
    <trkpt lat="-31.4060927" lon="136.9838917">
      <ele>93.849</ele>
    </trkpt>
    <trkpt lat="-31.4065589" lon="136.9847152">
      <ele>90.612</ele>
    </trkpt>
    <trkpt lat="-31.4066884" lon="136.9849176">
      <ele>90.922</ele>
    </trkpt>
    <trkpt lat="-31.4072388" lon="136.9857806">
      <ele>86.07</ele>
    </trkpt>
    <trkpt lat="-31.4076279" lon="136.986337">
      <ele>83.892</ele>
    </trkpt>
    <trkpt lat="-31.4077723" lon="136.9865269">
      <ele>84.033</ele>
    </trkpt>
    <trkpt lat="-31.4078919" lon="136.9866843">
      <ele>84.268</ele>
    </trkpt>
    <trkpt lat="-31.4080115" lon="136.9868416">
      <ele>84.477</ele>
    </trkpt>
    <trkpt lat="-31.4080493" lon="136.9868913">
      <ele>84.644</ele>
    </trkpt>
    <trkpt lat="-31.4081871" lon="136.9870558">
      <ele>84.526</ele>
    </trkpt>
    <trkpt lat="-31.4083766" lon="136.9872821">
      <ele>84.309</ele>
    </trkpt>
    <trkpt lat="-31.4088765" lon="136.9878788">
      <ele>85.897</ele>
    </trkpt>
    <trkpt lat="-31.4094133" lon="136.9884544">
      <ele>83.0</ele>
    </trkpt>
    <trkpt lat="-31.4099431" lon="136.9889784">
      <ele>83.461</ele>
    </trkpt>
    <trkpt lat="-31.4099741" lon="136.9890067">
      <ele>83.478</ele>
    </trkpt>
    <trkpt lat="-31.4105422" lon="136.9895251">
      <ele>81.338</ele>
    </trkpt>
    <trkpt lat="-31.4112129" lon="136.9900864">
      <ele>81.689</ele>
    </trkpt>
    <trkpt lat="-31.4112995" lon="136.9901525">
      <ele>81.451</ele>
    </trkpt>
    <trkpt lat="-31.4113965" lon="136.9902265">
      <ele>81.207</ele>
    </trkpt>
    <trkpt lat="-31.4118224" lon="136.9905516">
      <ele>80.446</ele>
    </trkpt>
    <trkpt lat="-31.4122856" lon="136.9908703">
      <ele>79.844</ele>
    </trkpt>
    <trkpt lat="-31.4123026" lon="136.990882">
      <ele>79.784</ele>
    </trkpt>
    <trkpt lat="-31.4124578" lon="136.9909887">
      <ele>78.763</ele>
    </trkpt>
    <trkpt lat="-31.4125541" lon="136.991055">
      <ele>77.812</ele>
    </trkpt>
    <trkpt lat="-31.4126143" lon="136.9910924">
      <ele>77.244</ele>
    </trkpt>
    <trkpt lat="-31.4127733" lon="136.9911911">
      <ele>76.316</ele>
    </trkpt>
    <trkpt lat="-31.4130911" lon="136.9913885">
      <ele>77.256</ele>
    </trkpt>
    <trkpt lat="-31.4131344" lon="136.9914154">
      <ele>77.541</ele>
    </trkpt>
    <trkpt lat="-31.4132523" lon="136.9914818">
      <ele>78.18</ele>
    </trkpt>
    <trkpt lat="-31.4134145" lon="136.991573">
      <ele>78.531</ele>
    </trkpt>
    <trkpt lat="-31.4139814" lon="136.9918919">
      <ele>77.189</ele>
    </trkpt>
    <trkpt lat="-31.4145712" lon="136.9921888">
      <ele>76.401</ele>
    </trkpt>
    <trkpt lat="-31.4152654" lon="136.9924995">
      <ele>80.002</ele>
    </trkpt>
    <trkpt lat="-31.415919" lon="136.9927556">
      <ele>80.055</ele>
    </trkpt>
    <trkpt lat="-31.4162801" lon="136.9928817">
      <ele>79.619</ele>
    </trkpt>
    <trkpt lat="-31.4165875" lon="136.9929853">
      <ele>79.928</ele>
    </trkpt>
    <trkpt lat="-31.4172993" lon="136.9931961">
      <ele>78.406</ele>
    </trkpt>
    <trkpt lat="-31.4178303" lon="136.9933265">
      <ele>79.045</ele>
    </trkpt>
    <trkpt lat="-31.4180901" lon="136.9933882">
      <ele>79.0</ele>
    </trkpt>
    <trkpt lat="-31.4189347" lon="136.9935474">
      <ele>79.962</ele>
    </trkpt>
    <trkpt lat="-31.4218179" lon="136.9939919">
      <ele>76.629</ele>
    </trkpt>
    <trkpt lat="-31.4222037" lon="136.9940528">
      <ele>76.961</ele>
    </trkpt>
    <trkpt lat="-31.4249448" lon="136.9944856">
      <ele>77.169</ele>
    </trkpt>
    <trkpt lat="-31.4289417" lon="136.9951103">
      <ele>73.718</ele>
    </trkpt>
    <trkpt lat="-31.42912" lon="136.9951382">
      <ele>73.921</ele>
    </trkpt>
    <trkpt lat="-31.4304225" lon="136.9953418">
      <ele>71.249</ele>
    </trkpt>
    <trkpt lat="-31.4312423" lon="136.9955116">
      <ele>68.686</ele>
    </trkpt>
    <trkpt lat="-31.4312538" lon="136.9955148">
      <ele>68.633</ele>
    </trkpt>
    <trkpt lat="-31.4314289" lon="136.9955632">
      <ele>68.12</ele>
    </trkpt>
    <trkpt lat="-31.4316039" lon="136.9956115">
      <ele>68.729</ele>
    </trkpt>
    <trkpt lat="-31.431779" lon="136.9956598">
      <ele>69.809</ele>
    </trkpt>
    <trkpt lat="-31.4319723" lon="136.9957132">
      <ele>71.1</ele>
    </trkpt>
    <trkpt lat="-31.432757" lon="136.9959851">
      <ele>71.58</ele>
    </trkpt>
    <trkpt lat="-31.4334519" lon="136.9962781">
      <ele>70.225</ele>
    </trkpt>
    <trkpt lat="-31.4341982" lon="136.9966493">
      <ele>67.886</ele>
    </trkpt>
    <trkpt lat="-31.4347755" lon="136.996979">
      <ele>71.407</ele>
    </trkpt>
    <trkpt lat="-31.4351196" lon="136.9971916">
      <ele>73.842</ele>
    </trkpt>
    <trkpt lat="-31.4365017" lon="136.9982245">
      <ele>69.0</ele>
    </trkpt>
    <trkpt lat="-31.4372415" lon="136.9989186">
      <ele>67.931</ele>
    </trkpt>
    <trkpt lat="-31.437292" lon="136.998966">
      <ele>67.749</ele>
    </trkpt>
    <trkpt lat="-31.4373819" lon="136.9990504">
      <ele>67.425</ele>
    </trkpt>
    <trkpt lat="-31.4374324" lon="136.9990978">
      <ele>67.243</ele>
    </trkpt>
    <trkpt lat="-31.4375904" lon="136.999246">
      <ele>67.558</ele>
    </trkpt>
    <trkpt lat="-31.4377948" lon="136.9994819">
      <ele>68.127</ele>
    </trkpt>
    <trkpt lat="-31.438583" lon="137.0003917">
      <ele>71.937</ele>
    </trkpt>
    <trkpt lat="-31.4394697" lon="137.0016491">
      <ele>67.5</ele>
    </trkpt>
    <trkpt lat="-31.4402377" lon="137.0029996">
      <ele>67.058</ele>
    </trkpt>
    <trkpt lat="-31.4406704" lon="137.003849">
      <ele>65.413</ele>
    </trkpt>
    <trkpt lat="-31.4407626" lon="137.00403">
      <ele>66.383</ele>
    </trkpt>
    <trkpt lat="-31.4408548" lon="137.004211">
      <ele>67.077</ele>
    </trkpt>
    <trkpt lat="-31.440947" lon="137.004392">
      <ele>67.409</ele>
    </trkpt>
    <trkpt lat="-31.4411904" lon="137.0048699">
      <ele>69.616</ele>
    </trkpt>
    <trkpt lat="-31.4422379" lon="137.0069261">
      <ele>74.868</ele>
    </trkpt>
    <trkpt lat="-31.4423301" lon="137.0071071">
      <ele>75.227</ele>
    </trkpt>
    <trkpt lat="-31.4424223" lon="137.0072882">
      <ele>75.787</ele>
    </trkpt>
    <trkpt lat="-31.4425145" lon="137.0074692">
      <ele>75.896</ele>
    </trkpt>
    <trkpt lat="-31.4425735" lon="137.007585">
      <ele>75.246</ele>
    </trkpt>
    <trkpt lat="-31.4442238" lon="137.0108248">
      <ele>76.534</ele>
    </trkpt>
    <trkpt lat="-31.4448108" lon="137.0120324">
      <ele>80.966</ele>
    </trkpt>
    <trkpt lat="-31.4450148" lon="137.0125043">
      <ele>82.841</ele>
    </trkpt>
    <trkpt lat="-31.4450961" lon="137.0126924">
      <ele>82.202</ele>
    </trkpt>
    <trkpt lat="-31.4451253" lon="137.0127601">
      <ele>82.069</ele>
    </trkpt>
    <trkpt lat="-31.4451616" lon="137.012844">
      <ele>81.836</ele>
    </trkpt>
    <trkpt lat="-31.4452022" lon="137.0129507">
      <ele>81.544</ele>
    </trkpt>
    <trkpt lat="-31.4453488" lon="137.0133357">
      <ele>81.262</ele>
    </trkpt>
    <trkpt lat="-31.4454247" lon="137.0135352">
      <ele>81.871</ele>
    </trkpt>
    <trkpt lat="-31.4455227" lon="137.0138532">
      <ele>82.975</ele>
    </trkpt>
    <trkpt lat="-31.445667" lon="137.0143211">
      <ele>82.309</ele>
    </trkpt>
    <trkpt lat="-31.4460982" lon="137.0157197">
      <ele>76.981</ele>
    </trkpt>
    <trkpt lat="-31.446394" lon="137.0167032">
      <ele>74.113</ele>
    </trkpt>
    <trkpt lat="-31.4464921" lon="137.0170293">
      <ele>75.353</ele>
    </trkpt>
    <trkpt lat="-31.4465734" lon="137.0172997">
      <ele>77.094</ele>
    </trkpt>
    <trkpt lat="-31.4469921" lon="137.0186916">
      <ele>73.221</ele>
    </trkpt>
    <trkpt lat="-31.4470519" lon="137.0188904">
      <ele>73.777</ele>
    </trkpt>
    <trkpt lat="-31.4471117" lon="137.0190892">
      <ele>74.491</ele>
    </trkpt>
    <trkpt lat="-31.44715" lon="137.0192165">
      <ele>74.919</ele>
    </trkpt>
    <trkpt lat="-31.4471715" lon="137.0192881">
      <ele>75.255</ele>
    </trkpt>
    <trkpt lat="-31.4487655" lon="137.0245883">
      <ele>78.808</ele>
    </trkpt>
    <trkpt lat="-31.4494089" lon="137.026363">
      <ele>78.093</ele>
    </trkpt>
    <trkpt lat="-31.4502826" lon="137.0281249">
      <ele>78.017</ele>
    </trkpt>
    <trkpt lat="-31.4503409" lon="137.0282139">
      <ele>78.227</ele>
    </trkpt>
    <trkpt lat="-31.4504505" lon="137.028381">
      <ele>78.687</ele>
    </trkpt>
    <trkpt lat="-31.4506576" lon="137.028697">
      <ele>79.621</ele>
    </trkpt>
    <trkpt lat="-31.451342" lon="137.0297416">
      <ele>81.087</ele>
    </trkpt>
    <trkpt lat="-31.4517053" lon="137.0301694">
      <ele>79.421</ele>
    </trkpt>
    <trkpt lat="-31.4517865" lon="137.030265">
      <ele>79.438</ele>
    </trkpt>
    <trkpt lat="-31.4518322" lon="137.0303188">
      <ele>79.684</ele>
    </trkpt>
    <trkpt lat="-31.4519135" lon="137.0304145">
      <ele>80.326</ele>
    </trkpt>
    <trkpt lat="-31.4525762" lon="137.031195">
      <ele>83.412</ele>
    </trkpt>
    <trkpt lat="-31.4534034" lon="137.0320517">
      <ele>87.0</ele>
    </trkpt>
    <trkpt lat="-31.4534896" lon="137.032141">
      <ele>87.0</ele>
    </trkpt>
    <trkpt lat="-31.4535382" lon="137.0321913">
      <ele>87.0</ele>
    </trkpt>
    <trkpt lat="-31.4536244" lon="137.0322807">
      <ele>86.8</ele>
    </trkpt>
    <trkpt lat="-31.4571774" lon="137.0359608">
      <ele>95.913</ele>
    </trkpt>
    <trkpt lat="-31.4572636" lon="137.0360502">
      <ele>95.851</ele>
    </trkpt>
    <trkpt lat="-31.4573122" lon="137.0361005">
      <ele>95.676</ele>
    </trkpt>
    <trkpt lat="-31.4594687" lon="137.0383344">
      <ele>106.095</ele>
    </trkpt>
    <trkpt lat="-31.459555" lon="137.0384237">
      <ele>106.919</ele>
    </trkpt>
    <trkpt lat="-31.4596035" lon="137.038474">
      <ele>107.295</ele>
    </trkpt>
    <trkpt lat="-31.4604984" lon="137.0394011">
      <ele>109.738</ele>
    </trkpt>
    <trkpt lat="-31.4605469" lon="137.0394514">
      <ele>110.105</ele>
    </trkpt>
    <trkpt lat="-31.4613556" lon="137.0402892">
      <ele>109.051</ele>
    </trkpt>
    <trkpt lat="-31.4614419" lon="137.0403785">
      <ele>109.103</ele>
    </trkpt>
    <trkpt lat="-31.4614904" lon="137.0404288">
      <ele>108.98</ele>
    </trkpt>
    <trkpt lat="-31.4640512" lon="137.0430819">
      <ele>101.321</ele>
    </trkpt>
    <trkpt lat="-31.4641374" lon="137.0431712">
      <ele>100.689</ele>
    </trkpt>
    <trkpt lat="-31.4641859" lon="137.0432215">
      <ele>100.472</ele>
    </trkpt>
    <trkpt lat="-31.4643207" lon="137.0433611">
      <ele>100.555</ele>
    </trkpt>
    <trkpt lat="-31.4656112" lon="137.0446982">
      <ele>98.0</ele>
    </trkpt>
    <trkpt lat="-31.466346" lon="137.0455126">
      <ele>98.131</ele>
    </trkpt>
    <trkpt lat="-31.4668802" lon="137.0462095">
      <ele>100.0</ele>
    </trkpt>
    <trkpt lat="-31.4669234" lon="137.046266">
      <ele>100.0</ele>
    </trkpt>
    <trkpt lat="-31.4669978" lon="137.0463631">
      <ele>100.018</ele>
    </trkpt>
    <trkpt lat="-31.4670001" lon="137.0463666">
      <ele>100.016</ele>
    </trkpt>
    <trkpt lat="-31.4670401" lon="137.0464263">
      <ele>99.819</ele>
    </trkpt>
    <trkpt lat="-31.467151" lon="137.0465923">
      <ele>98.723</ele>
    </trkpt>
    <trkpt lat="-31.4672619" lon="137.0467583">
      <ele>97.293</ele>
    </trkpt>
    <trkpt lat="-31.4675645" lon="137.0472111">
      <ele>96.192</ele>
    </trkpt>
    <trkpt lat="-31.4680691" lon="137.0480733">
      <ele>100.173</ele>
    </trkpt>
    <trkpt lat="-31.4684899" lon="137.0489021">
      <ele>99.584</ele>
    </trkpt>
    <trkpt lat="-31.468931" lon="137.0499245">
      <ele>99.493</ele>
    </trkpt>
    <trkpt lat="-31.4696815" lon="137.0518285">
      <ele>103.588</ele>
    </trkpt>
    <trkpt lat="-31.4697087" lon="137.0518975">
      <ele>103.25</ele>
    </trkpt>
    <trkpt lat="-31.469757" lon="137.05202">
      <ele>102.875</ele>
    </trkpt>
    <trkpt lat="-31.4697841" lon="137.0520889">
      <ele>102.777</ele>
    </trkpt>
    <trkpt lat="-31.4698324" lon="137.0522114">
      <ele>102.603</ele>
    </trkpt>
    <trkpt lat="-31.469935" lon="137.0524718">
      <ele>102.234</ele>
    </trkpt>
    <trkpt lat="-31.4700859" lon="137.0528547">
      <ele>103.053</ele>
    </trkpt>
    <trkpt lat="-31.4721229" lon="137.0580234">
      <ele>104.601</ele>
    </trkpt>
    <trkpt lat="-31.4732545" lon="137.060895">
      <ele>103.938</ele>
    </trkpt>
    <trkpt lat="-31.4733782" lon="137.061209">
      <ele>105.084</ele>
    </trkpt>
    <trkpt lat="-31.4734054" lon="137.0612779">
      <ele>105.23</ele>
    </trkpt>
    <trkpt lat="-31.4734536" lon="137.0614004">
      <ele>105.696</ele>
    </trkpt>
    <trkpt lat="-31.4736045" lon="137.0617834">
      <ele>105.122</ele>
    </trkpt>
    <trkpt lat="-31.4736799" lon="137.0619748">
      <ele>104.138</ele>
    </trkpt>
    <trkpt lat="-31.4737071" lon="137.0620437">
      <ele>103.988</ele>
    </trkpt>
    <trkpt lat="-31.4737825" lon="137.0622352">
      <ele>103.664</ele>
    </trkpt>
    <trkpt lat="-31.4755175" lon="137.0666385">
      <ele>103.036</ele>
    </trkpt>
    <trkpt lat="-31.4768752" lon="137.0700847">
      <ele>110.088</ele>
    </trkpt>
    <trkpt lat="-31.4771769" lon="137.0708505">
      <ele>110.378</ele>
    </trkpt>
    <trkpt lat="-31.4776618" lon="137.0720814">
      <ele>111.582</ele>
    </trkpt>
    <trkpt lat="-31.4785565" lon="137.0743701">
      <ele>111.465</ele>
    </trkpt>
    <trkpt lat="-31.478754" lon="137.0748749">
      <ele>112.698</ele>
    </trkpt>
    <trkpt lat="-31.4788492" lon="137.0751506">
      <ele>111.165</ele>
    </trkpt>
    <trkpt lat="-31.4795088" lon="137.0768197">
      <ele>109.679</ele>
    </trkpt>
    <trkpt lat="-31.4800336" lon="137.0781648">
      <ele>114.607</ele>
    </trkpt>
    <trkpt lat="-31.4800905" lon="137.0783107">
      <ele>114.081</ele>
    </trkpt>
    <trkpt lat="-31.4801079" lon="137.0783568">
      <ele>114.0</ele>
    </trkpt>
    <trkpt lat="-31.4803984" lon="137.0791286">
      <ele>113.625</ele>
    </trkpt>
    <trkpt lat="-31.480471" lon="137.0793216">
      <ele>112.747</ele>
    </trkpt>
    <trkpt lat="-31.4804796" lon="137.0793445">
      <ele>112.633</ele>
    </trkpt>
    <trkpt lat="-31.4806365" lon="137.079696">
      <ele>111.094</ele>
    </trkpt>
    <trkpt lat="-31.4807199" lon="137.0798829">
      <ele>111.342</ele>
    </trkpt>
    <trkpt lat="-31.4809872" lon="137.0804819">
      <ele>113.554</ele>
    </trkpt>
    <trkpt lat="-31.4818632" lon="137.0819655">
      <ele>110.639</ele>
    </trkpt>
    <trkpt lat="-31.4823971" lon="137.08264">
      <ele>111.37</ele>
    </trkpt>
    <trkpt lat="-31.4827935" lon="137.0830295">
      <ele>110.051</ele>
    </trkpt>
    <trkpt lat="-31.4830692" lon="137.0833004">
      <ele>111.043</ele>
    </trkpt>
    <trkpt lat="-31.4832071" lon="137.0834358">
      <ele>111.713</ele>
    </trkpt>
    <trkpt lat="-31.4832634" lon="137.0834911">
      <ele>111.891</ele>
    </trkpt>
    <trkpt lat="-31.4833506" lon="137.0835627">
      <ele>112.0</ele>
    </trkpt>
    <trkpt lat="-31.4849795" lon="137.0849007">
      <ele>113.974</ele>
    </trkpt>
    <trkpt lat="-31.4866876" lon="137.0863477">
      <ele>114.991</ele>
    </trkpt>
    <trkpt lat="-31.4883386" lon="137.0877113">
      <ele>119.723</ele>
    </trkpt>
    <trkpt lat="-31.4884857" lon="137.0878328">
      <ele>119.12</ele>
    </trkpt>
    <trkpt lat="-31.488545" lon="137.0878818">
      <ele>119.047</ele>
    </trkpt>
    <trkpt lat="-31.488927" lon="137.0881968">
      <ele>120.508</ele>
    </trkpt>
    <trkpt lat="-31.4902324" lon="137.0892733">
      <ele>119.447</ele>
    </trkpt>
    <trkpt lat="-31.4920421" lon="137.0907881">
      <ele>117.223</ele>
    </trkpt>
    <trkpt lat="-31.4921545" lon="137.0908816">
      <ele>115.863</ele>
    </trkpt>
    <trkpt lat="-31.4924479" lon="137.0911257">
      <ele>116.053</ele>
    </trkpt>
    <trkpt lat="-31.4925946" lon="137.0912477">
      <ele>117.178</ele>
    </trkpt>
    <trkpt lat="-31.4930347" lon="137.0916139">
      <ele>119.222</ele>
    </trkpt>
    <trkpt lat="-31.4936144" lon="137.0920963">
      <ele>119.0</ele>
    </trkpt>
    <trkpt lat="-31.4952864" lon="137.0934906">
      <ele>121.013</ele>
    </trkpt>
    <trkpt lat="-31.4953809" lon="137.0935682">
      <ele>121.057</ele>
    </trkpt>
    <trkpt lat="-31.4968531" lon="137.0947765">
      <ele>120.805</ele>
    </trkpt>
    <trkpt lat="-31.4968545" lon="137.0947777">
      <ele>120.8</ele>
    </trkpt>
    <trkpt lat="-31.4985011" lon="137.0961647">
      <ele>120.68</ele>
    </trkpt>
    <trkpt lat="-31.5003243" lon="137.0976734">
      <ele>123.063</ele>
    </trkpt>
    <trkpt lat="-31.5019838" lon="137.0990581">
      <ele>120.945</ele>
    </trkpt>
    <trkpt lat="-31.5021304" lon="137.0991804">
      <ele>121.066</ele>
    </trkpt>
    <trkpt lat="-31.5022769" lon="137.0993027">
      <ele>121.49</ele>
    </trkpt>
    <trkpt lat="-31.502688" lon="137.0996458">
      <ele>122.186</ele>
    </trkpt>
    <trkpt lat="-31.5035954" lon="137.1004042">
      <ele>123.057</ele>
    </trkpt>
    <trkpt lat="-31.5053979" lon="137.1019107">
      <ele>123.744</ele>
    </trkpt>
    <trkpt lat="-31.5059417" lon="137.1023587">
      <ele>122.101</ele>
    </trkpt>
    <trkpt lat="-31.5060888" lon="137.1024799">
      <ele>122.008</ele>
    </trkpt>
    <trkpt lat="-31.5072663" lon="137.1034501">
      <ele>122.841</ele>
    </trkpt>
    <trkpt lat="-31.5074135" lon="137.1035714">
      <ele>122.311</ele>
    </trkpt>
    <trkpt lat="-31.5075926" lon="137.1037189">
      <ele>122.721</ele>
    </trkpt>
    <trkpt lat="-31.5081463" lon="137.1041828">
      <ele>124.116</ele>
    </trkpt>
    <trkpt lat="-31.5082926" lon="137.1043054">
      <ele>124.999</ele>
    </trkpt>
    <trkpt lat="-31.5085854" lon="137.1045506">
      <ele>127.29</ele>
    </trkpt>
    <trkpt lat="-31.5087317" lon="137.1046733">
      <ele>128.182</ele>
    </trkpt>
    <trkpt lat="-31.5095366" lon="137.1053476">
      <ele>131.752</ele>
    </trkpt>
    <trkpt lat="-31.5110796" lon="137.1066252">
      <ele>137.227</ele>
    </trkpt>
    <trkpt lat="-31.5114021" lon="137.1068922">
      <ele>135.773</ele>
    </trkpt>
    <trkpt lat="-31.51152" lon="137.106991">
      <ele>135.607</ele>
    </trkpt>
    <trkpt lat="-31.5116663" lon="137.1071136">
      <ele>135.609</ele>
    </trkpt>
    <trkpt lat="-31.5132996" lon="137.1084822">
      <ele>136.942</ele>
    </trkpt>
    <trkpt lat="-31.5147149" lon="137.1096621">
      <ele>140.0</ele>
    </trkpt>
    <trkpt lat="-31.5166022" lon="137.1112425">
      <ele>140.452</ele>
    </trkpt>
    <trkpt lat="-31.5172013" lon="137.1117217">
      <ele>137.151</ele>
    </trkpt>
    <trkpt lat="-31.5175649" lon="137.112058">
      <ele>137.642</ele>
    </trkpt>
    <trkpt lat="-31.5181373" lon="137.1127114">
      <ele>141.902</ele>
    </trkpt>
    <trkpt lat="-31.5185195" lon="137.1132297">
      <ele>141.793</ele>
    </trkpt>
    <trkpt lat="-31.5186372" lon="137.1133893">
      <ele>142.094</ele>
    </trkpt>
    <trkpt lat="-31.5189244" lon="137.1137786">
      <ele>142.923</ele>
    </trkpt>
    <trkpt lat="-31.5191954" lon="137.1142153">
      <ele>143.0</ele>
    </trkpt>
    <trkpt lat="-31.5202097" lon="137.1158499">
      <ele>141.829</ele>
    </trkpt>
    <trkpt lat="-31.5215667" lon="137.1179309">
      <ele>149.802</ele>
    </trkpt>
    <trkpt lat="-31.5216308" lon="137.1180137">
      <ele>149.89</ele>
    </trkpt>
    <trkpt lat="-31.5220304" lon="137.1184501">
      <ele>151.111</ele>
    </trkpt>
    <trkpt lat="-31.5220887" lon="137.1185178">
      <ele>151.145</ele>
    </trkpt>
    <trkpt lat="-31.5221308" lon="137.1185696">
      <ele>151.18</ele>
    </trkpt>
    <trkpt lat="-31.5225845" lon="137.1190256">
      <ele>149.85</ele>
    </trkpt>
    <trkpt lat="-31.5226671" lon="137.1191087">
      <ele>149.524</ele>
    </trkpt>
    <trkpt lat="-31.5230406" lon="137.1194225">
      <ele>148.004</ele>
    </trkpt>
    <trkpt lat="-31.5230913" lon="137.1194644">
      <ele>148.129</ele>
    </trkpt>
    <trkpt lat="-31.5234234" lon="137.1197129">
      <ele>149.313</ele>
    </trkpt>
    <trkpt lat="-31.5237647" lon="137.1199334">
      <ele>150.76</ele>
    </trkpt>
    <trkpt lat="-31.5239223" lon="137.1200351">
      <ele>151.111</ele>
    </trkpt>
    <trkpt lat="-31.5240425" lon="137.1201127">
      <ele>151.181</ele>
    </trkpt>
    <trkpt lat="-31.5240606" lon="137.1201244">
      <ele>151.171</ele>
    </trkpt>
    <trkpt lat="-31.5240804" lon="137.1201357">
      <ele>151.152</ele>
    </trkpt>
    <trkpt lat="-31.5242421" lon="137.1202279">
      <ele>150.728</ele>
    </trkpt>
    <trkpt lat="-31.5243475" lon="137.120288">
      <ele>150.386</ele>
    </trkpt>
    <trkpt lat="-31.5244039" lon="137.1203202">
      <ele>150.299</ele>
    </trkpt>
    <trkpt lat="-31.5246229" lon="137.120445">
      <ele>150.346</ele>
    </trkpt>
    <trkpt lat="-31.5249329" lon="137.1206217">
      <ele>150.48</ele>
    </trkpt>
    <trkpt lat="-31.5254892" lon="137.1209386">
      <ele>150.0</ele>
    </trkpt>
    <trkpt lat="-31.5259823" lon="137.1212164">
      <ele>149.464</ele>
    </trkpt>
    <trkpt lat="-31.526071" lon="137.1212663">
      <ele>149.144</ele>
    </trkpt>
    <trkpt lat="-31.5278065" lon="137.1222439">
      <ele>150.757</ele>
    </trkpt>
    <trkpt lat="-31.5279687" lon="137.1223352">
      <ele>150.058</ele>
    </trkpt>
    <trkpt lat="-31.5281308" lon="137.1224266">
      <ele>149.729</ele>
    </trkpt>
    <trkpt lat="-31.5282929" lon="137.1225179">
      <ele>149.072</ele>
    </trkpt>
    <trkpt lat="-31.5284551" lon="137.1226092">
      <ele>148.341</ele>
    </trkpt>
    <trkpt lat="-31.5300268" lon="137.1234946">
      <ele>150.525</ele>
    </trkpt>
    <trkpt lat="-31.5320222" lon="137.1246187">
      <ele>151.896</ele>
    </trkpt>
    <trkpt lat="-31.5338409" lon="137.1256433">
      <ele>153.6</ele>
    </trkpt>
    <trkpt lat="-31.5351031" lon="137.1263544">
      <ele>150.495</ele>
    </trkpt>
    <trkpt lat="-31.5358082" lon="137.1267515">
      <ele>151.91</ele>
    </trkpt>
    <trkpt lat="-31.5360391" lon="137.1268694">
      <ele>151.259</ele>
    </trkpt>
    <trkpt lat="-31.5362485" lon="137.126976">
      <ele>151.552</ele>
    </trkpt>
    <trkpt lat="-31.5366763" lon="137.1271618">
      <ele>152.755</ele>
    </trkpt>
    <trkpt lat="-31.5367241" lon="137.1271791">
      <ele>152.67</ele>
    </trkpt>
    <trkpt lat="-31.5370226" lon="137.127287">
      <ele>151.485</ele>
    </trkpt>
    <trkpt lat="-31.5372265" lon="137.1273542">
      <ele>150.525</ele>
    </trkpt>
    <trkpt lat="-31.5375976" lon="137.12746">
      <ele>150.445</ele>
    </trkpt>
    <trkpt lat="-31.5379688" lon="137.1275399">
      <ele>151.831</ele>
    </trkpt>
    <trkpt lat="-31.5380212" lon="137.1275512">
      <ele>152.061</ele>
    </trkpt>
    <trkpt lat="-31.5382956" lon="137.1275909">
      <ele>152.327</ele>
    </trkpt>
    <trkpt lat="-31.5387783" lon="137.1276432">
      <ele>151.398</ele>
    </trkpt>
    <trkpt lat="-31.5394079" lon="137.1276697">
      <ele>151.206</ele>
    </trkpt>
    <trkpt lat="-31.5394276" lon="137.1276705">
      <ele>151.302</ele>
    </trkpt>
    <trkpt lat="-31.5395877" lon="137.1276681">
      <ele>151.395</ele>
    </trkpt>
    <trkpt lat="-31.539642" lon="137.1276673">
      <ele>151.398</ele>
    </trkpt>
    <trkpt lat="-31.5397675" lon="137.1276654">
      <ele>151.436</ele>
    </trkpt>
    <trkpt lat="-31.5399475" lon="137.1276628">
      <ele>151.554</ele>
    </trkpt>
    <trkpt lat="-31.5402396" lon="137.1276586">
      <ele>152.063</ele>
    </trkpt>
    <trkpt lat="-31.5409107" lon="137.1276489">
      <ele>153.557</ele>
    </trkpt>
    <trkpt lat="-31.5422855" lon="137.1276289">
      <ele>150.747</ele>
    </trkpt>
    <trkpt lat="-31.5422887" lon="137.1276289">
      <ele>150.758</ele>
    </trkpt>
    <trkpt lat="-31.5435905" lon="137.1276099">
      <ele>155.56</ele>
    </trkpt>
    <trkpt lat="-31.5440834" lon="137.1275799">
      <ele>155.0</ele>
    </trkpt>
    <trkpt lat="-31.5441791" lon="137.1275741">
      <ele>154.967</ele>
    </trkpt>
    <trkpt lat="-31.5442625" lon="137.1275626">
      <ele>154.733</ele>
    </trkpt>
    <trkpt lat="-31.5449087" lon="137.1274734">
      <ele>158.407</ele>
    </trkpt>
    <trkpt lat="-31.5449256" lon="137.1274698">
      <ele>158.544</ele>
    </trkpt>
    <trkpt lat="-31.5452228" lon="137.1274006">
      <ele>159.873</ele>
    </trkpt>
    <trkpt lat="-31.5457532" lon="137.1272543">
      <ele>157.03</ele>
    </trkpt>
    <trkpt lat="-31.5463831" lon="137.1270156">
      <ele>158.958</ele>
    </trkpt>
    <trkpt lat="-31.5466964" lon="137.1268734">
      <ele>159.851</ele>
    </trkpt>
    <trkpt lat="-31.5467006" lon="137.1268711">
      <ele>159.858</ele>
    </trkpt>
    <trkpt lat="-31.5470265" lon="137.1266924">
      <ele>160.093</ele>
    </trkpt>
    <trkpt lat="-31.5471894" lon="137.1266031">
      <ele>159.973</ele>
    </trkpt>
    <trkpt lat="-31.5474034" lon="137.1264858">
      <ele>160.0</ele>
    </trkpt>
    <trkpt lat="-31.5482021" lon="137.1259423">
      <ele>159.456</ele>
    </trkpt>
    <trkpt lat="-31.5485584" lon="137.1256998">
      <ele>160.611</ele>
    </trkpt>
    <trkpt lat="-31.5486881" lon="137.1256115">
      <ele>159.703</ele>
    </trkpt>
    <trkpt lat="-31.5490758" lon="137.1253746">
      <ele>158.0</ele>
    </trkpt>
    <trkpt lat="-31.5492038" lon="137.1252964">
      <ele>158.249</ele>
    </trkpt>
    <trkpt lat="-31.5499102" lon="137.1249428">
      <ele>158.719</ele>
    </trkpt>
    <trkpt lat="-31.5506653" lon="137.1246535">
      <ele>157.0</ele>
    </trkpt>
    <trkpt lat="-31.5510515" lon="137.1245514">
      <ele>157.0</ele>
    </trkpt>
    <trkpt lat="-31.5512569" lon="137.1244976">
      <ele>157.424</ele>
    </trkpt>
    <trkpt lat="-31.5515633" lon="137.1244423">
      <ele>159.259</ele>
    </trkpt>
    <trkpt lat="-31.5519343" lon="137.1243789">
      <ele>160.736</ele>
    </trkpt>
    <trkpt lat="-31.5521714" lon="137.1243581">
      <ele>160.689</ele>
    </trkpt>
    <trkpt lat="-31.5523526" lon="137.1243422">
      <ele>159.866</ele>
    </trkpt>
    <trkpt lat="-31.5524951" lon="137.1243298">
      <ele>159.028</ele>
    </trkpt>
    <trkpt lat="-31.552712" lon="137.1243291">
      <ele>158.237</ele>
    </trkpt>
    <trkpt lat="-31.5527726" lon="137.1243289">
      <ele>158.019</ele>
    </trkpt>
    <trkpt lat="-31.5530677" lon="137.124328">
      <ele>157.401</ele>
    </trkpt>
    <trkpt lat="-31.5536131" lon="137.1243656">
      <ele>157.0</ele>
    </trkpt>
    <trkpt lat="-31.5537897" lon="137.1243927">
      <ele>157.0</ele>
    </trkpt>
    <trkpt lat="-31.5542202" lon="137.1244616">
      <ele>157.062</ele>
    </trkpt>
    <trkpt lat="-31.554817" lon="137.1246071">
      <ele>156.859</ele>
    </trkpt>
    <trkpt lat="-31.5551977" lon="137.1247257">
      <ele>156.288</ele>
    </trkpt>
    <trkpt lat="-31.5553979" lon="137.1248007">
      <ele>155.568</ele>
    </trkpt>
    <trkpt lat="-31.5557818" lon="137.1249571">
      <ele>154.437</ele>
    </trkpt>
    <trkpt lat="-31.5563101" lon="137.1252145">
      <ele>155.0</ele>
    </trkpt>
    <trkpt lat="-31.5568314" lon="137.1254896">
      <ele>155.0</ele>
    </trkpt>
    <trkpt lat="-31.5596001" lon="137.1269589">
      <ele>153.166</ele>
    </trkpt>
    <trkpt lat="-31.5628779" lon="137.1286985">
      <ele>153.753</ele>
    </trkpt>
    <trkpt lat="-31.5635334" lon="137.1290464">
      <ele>153.28</ele>
    </trkpt>
    <trkpt lat="-31.5640251" lon="137.1293073">
      <ele>152.748</ele>
    </trkpt>
    <trkpt lat="-31.5641889" lon="137.1293943">
      <ele>153.0</ele>
    </trkpt>
    <trkpt lat="-31.5643528" lon="137.1294813">
      <ele>153.089</ele>
    </trkpt>
    <trkpt lat="-31.5656639" lon="137.1301772">
      <ele>154.0</ele>
    </trkpt>
    <trkpt lat="-31.5658278" lon="137.1302642">
      <ele>154.0</ele>
    </trkpt>
    <trkpt lat="-31.5727108" lon="137.1339179">
      <ele>164.575</ele>
    </trkpt>
    <trkpt lat="-31.5728747" lon="137.1340049">
      <ele>163.467</ele>
    </trkpt>
    <trkpt lat="-31.5730386" lon="137.1340919">
      <ele>161.66</ele>
    </trkpt>
    <trkpt lat="-31.5732025" lon="137.1341789">
      <ele>161.003</ele>
    </trkpt>
    <trkpt lat="-31.5745135" lon="137.1348749">
      <ele>167.714</ele>
    </trkpt>
    <trkpt lat="-31.5771356" lon="137.136267">
      <ele>162.746</ele>
    </trkpt>
    <trkpt lat="-31.5791022" lon="137.1373111">
      <ele>163.32</ele>
    </trkpt>
    <trkpt lat="-31.5800854" lon="137.1378332">
      <ele>164.507</ele>
    </trkpt>
    <trkpt lat="-31.5804132" lon="137.1380072">
      <ele>166.313</ele>
    </trkpt>
    <trkpt lat="-31.5806719" lon="137.1381465">
      <ele>166.863</ele>
    </trkpt>
    <trkpt lat="-31.5810178" lon="137.138328">
      <ele>166.006</ele>
    </trkpt>
    <trkpt lat="-31.5819847" lon="137.1388147">
      <ele>168.19</ele>
    </trkpt>
    <trkpt lat="-31.5830124" lon="137.1392631">
      <ele>165.946</ele>
    </trkpt>
    <trkpt lat="-31.5834938" lon="137.1394398">
      <ele>166.406</ele>
    </trkpt>
    <trkpt lat="-31.5836655" lon="137.1395028">
      <ele>166.379</ele>
    </trkpt>
    <trkpt lat="-31.5837836" lon="137.1395462">
      <ele>166.505</ele>
    </trkpt>
    <trkpt lat="-31.5838377" lon="137.1395638">
      <ele>166.509</ele>
    </trkpt>
    <trkpt lat="-31.5841844" lon="137.1396764">
      <ele>167.053</ele>
    </trkpt>
    <trkpt lat="-31.5843578" lon="137.1397327">
      <ele>167.688</ele>
    </trkpt>
    <trkpt lat="-31.584448" lon="137.139762">
      <ele>167.987</ele>
    </trkpt>
    <trkpt lat="-31.5845321" lon="137.1397843">
      <ele>167.684</ele>
    </trkpt>
    <trkpt lat="-31.5855847" lon="137.1400638">
      <ele>164.254</ele>
    </trkpt>
    <trkpt lat="-31.5856061" lon="137.1400695">
      <ele>164.296</ele>
    </trkpt>
    <trkpt lat="-31.5869319" lon="137.1403378">
      <ele>166.206</ele>
    </trkpt>
    <trkpt lat="-31.5873597" lon="137.1404026">
      <ele>164.732</ele>
    </trkpt>
    <trkpt lat="-31.5875381" lon="137.1404296">
      <ele>164.062</ele>
    </trkpt>
    <trkpt lat="-31.5889652" lon="137.1406458">
      <ele>162.51</ele>
    </trkpt>
    <trkpt lat="-31.5891435" lon="137.1406728">
      <ele>162.952</ele>
    </trkpt>
    <trkpt lat="-31.5902139" lon="137.140835">
      <ele>159.23</ele>
    </trkpt>
    <trkpt lat="-31.5903922" lon="137.140862">
      <ele>159.369</ele>
    </trkpt>
    <trkpt lat="-31.593324" lon="137.1413062">
      <ele>156.044</ele>
    </trkpt>
    <trkpt lat="-31.5950605" lon="137.1415616">
      <ele>153.0</ele>
    </trkpt>
    <trkpt lat="-31.5971714" lon="137.141884">
      <ele>148.183</ele>
    </trkpt>
    <trkpt lat="-31.5973498" lon="137.1419112">
      <ele>148.0</ele>
    </trkpt>
    <trkpt lat="-31.6032357" lon="137.1428102">
      <ele>141.317</ele>
    </trkpt>
    <trkpt lat="-31.6035242" lon="137.1428543">
      <ele>139.54</ele>
    </trkpt>
    <trkpt lat="-31.6048409" lon="137.1430554">
      <ele>138.0</ele>
    </trkpt>
    <trkpt lat="-31.6057327" lon="137.1431916">
      <ele>134.675</ele>
    </trkpt>
    <trkpt lat="-31.6059111" lon="137.1432189">
      <ele>134.983</ele>
    </trkpt>
    <trkpt lat="-31.6060321" lon="137.1432374">
      <ele>135.617</ele>
    </trkpt>
    <trkpt lat="-31.6060895" lon="137.1432459">
      <ele>135.898</ele>
    </trkpt>
    <trkpt lat="-31.6062684" lon="137.1432724">
      <ele>136.124</ele>
    </trkpt>
    <trkpt lat="-31.6064464" lon="137.1432981">
      <ele>135.92</ele>
    </trkpt>
    <trkpt lat="-31.606625" lon="137.1433239">
      <ele>135.184</ele>
    </trkpt>
    <trkpt lat="-31.6081315" lon="137.1435415">
      <ele>134.818</ele>
    </trkpt>
    <trkpt lat="-31.6106899" lon="137.1439272">
      <ele>127.962</ele>
    </trkpt>
    <trkpt lat="-31.6123343" lon="137.1441797">
      <ele>127.55</ele>
    </trkpt>
    <trkpt lat="-31.6125126" lon="137.1442071">
      <ele>126.816</ele>
    </trkpt>
    <trkpt lat="-31.612691" lon="137.1442345">
      <ele>126.236</ele>
    </trkpt>
    <trkpt lat="-31.6128693" lon="137.1442619">
      <ele>126.0</ele>
    </trkpt>
    <trkpt lat="-31.613226" lon="137.1443167">
      <ele>125.436</ele>
    </trkpt>
    <trkpt lat="-31.6134043" lon="137.1443441">
      <ele>124.603</ele>
    </trkpt>
    <trkpt lat="-31.6146527" lon="137.1445358">
      <ele>123.501</ele>
    </trkpt>
    <trkpt lat="-31.6160795" lon="137.1447549">
      <ele>119.0</ele>
    </trkpt>
    <trkpt lat="-31.6162578" lon="137.1447823">
      <ele>119.942</ele>
    </trkpt>
    <trkpt lat="-31.6164362" lon="137.1448097">
      <ele>120.739</ele>
    </trkpt>
    <trkpt lat="-31.6166145" lon="137.1448371">
      <ele>120.922</ele>
    </trkpt>
    <trkpt lat="-31.6167929" lon="137.1448645">
      <ele>120.324</ele>
    </trkpt>
    <trkpt lat="-31.6169712" lon="137.1448919">
      <ele>119.552</ele>
    </trkpt>
    <trkpt lat="-31.6173279" lon="137.1449467">
      <ele>118.927</ele>
    </trkpt>
    <trkpt lat="-31.6188123" lon="137.1451747">
      <ele>119.269</ele>
    </trkpt>
    <trkpt lat="-31.6235717" lon="137.14589">
      <ele>119.654</ele>
    </trkpt>
    <trkpt lat="-31.6251774" lon="137.1461314">
      <ele>119.0</ele>
    </trkpt>
    <trkpt lat="-31.6253558" lon="137.1461582">
      <ele>118.952</ele>
    </trkpt>
    <trkpt lat="-31.6276784" lon="137.1465073">
      <ele>118.063</ele>
    </trkpt>
    <trkpt lat="-31.6301435" lon="137.1468908">
      <ele>113.517</ele>
    </trkpt>
    <trkpt lat="-31.6311812" lon="137.1470527">
      <ele>113.61</ele>
    </trkpt>
    <trkpt lat="-31.6312931" lon="137.1470702">
      <ele>113.547</ele>
    </trkpt>
    <trkpt lat="-31.6316776" lon="137.1471562">
      <ele>115.0</ele>
    </trkpt>
    <trkpt lat="-31.6325894" lon="137.1473372">
      <ele>112.719</ele>
    </trkpt>
    <trkpt lat="-31.6331006" lon="137.147474">
      <ele>115.813</ele>
    </trkpt>
    <trkpt lat="-31.6337823" lon="137.1476453">
      <ele>113.338</ele>
    </trkpt>
    <trkpt lat="-31.6346389" lon="137.1478991">
      <ele>112.169</ele>
    </trkpt>
    <trkpt lat="-31.6346523" lon="137.1479031">
      <ele>112.138</ele>
    </trkpt>
    <trkpt lat="-31.6353569" lon="137.1481349">
      <ele>112.204</ele>
    </trkpt>
    <trkpt lat="-31.6397614" lon="137.1496704">
      <ele>105.833</ele>
    </trkpt>
    <trkpt lat="-31.639786" lon="137.149679">
      <ele>105.735</ele>
    </trkpt>
    <trkpt lat="-31.6399338" lon="137.1497306">
      <ele>105.246</ele>
    </trkpt>
    <trkpt lat="-31.6401062" lon="137.1497908">
      <ele>105.094</ele>
    </trkpt>
    <trkpt lat="-31.6407958" lon="137.1500317">
      <ele>104.249</ele>
    </trkpt>
    <trkpt lat="-31.6420573" lon="137.1504725">
      <ele>107.594</ele>
    </trkpt>
    <trkpt lat="-31.6447305" lon="137.1514065">
      <ele>106.937</ele>
    </trkpt>
    <trkpt lat="-31.6463984" lon="137.1519846">
      <ele>105.14</ele>
    </trkpt>
    <trkpt lat="-31.6476927" lon="137.1524373">
      <ele>103.694</ele>
    </trkpt>
    <trkpt lat="-31.6520024" lon="137.1539445">
      <ele>104.583</ele>
    </trkpt>
    <trkpt lat="-31.6521748" lon="137.1540048">
      <ele>103.341</ele>
    </trkpt>
    <trkpt lat="-31.6547606" lon="137.1549092">
      <ele>104.769</ele>
    </trkpt>
    <trkpt lat="-31.655237" lon="137.1550759">
      <ele>102.96</ele>
    </trkpt>
    <trkpt lat="-31.6557092" lon="137.1552519">
      <ele>104.553</ele>
    </trkpt>
    <trkpt lat="-31.6564238" lon="137.1555403">
      <ele>105.126</ele>
    </trkpt>
    <trkpt lat="-31.6569472" lon="137.1557668">
      <ele>106.242</ele>
    </trkpt>
    <trkpt lat="-31.6575001" lon="137.1560277">
      <ele>103.601</ele>
    </trkpt>
    <trkpt lat="-31.6586414" lon="137.1566353">
      <ele>105.012</ele>
    </trkpt>
    <trkpt lat="-31.6591781" lon="137.1569551">
      <ele>108.036</ele>
    </trkpt>
    <trkpt lat="-31.65947" lon="137.157129">
      <ele>108.176</ele>
    </trkpt>
    <trkpt lat="-31.6602144" lon="137.1576153">
      <ele>108.323</ele>
    </trkpt>
    <trkpt lat="-31.6603716" lon="137.157718">
      <ele>107.662</ele>
    </trkpt>
    <trkpt lat="-31.6605287" lon="137.1578206">
      <ele>107.251</ele>
    </trkpt>
    <trkpt lat="-31.660686" lon="137.1579234">
      <ele>107.055</ele>
    </trkpt>
    <trkpt lat="-31.6612122" lon="137.1582672">
      <ele>106.849</ele>
    </trkpt>
    <trkpt lat="-31.6625697" lon="137.1591612">
      <ele>104.251</ele>
    </trkpt>
    <trkpt lat="-31.6627266" lon="137.1592645">
      <ele>105.038</ele>
    </trkpt>
    <trkpt lat="-31.6628835" lon="137.1593678">
      <ele>105.724</ele>
    </trkpt>
    <trkpt lat="-31.6633542" lon="137.1596778">
      <ele>103.862</ele>
    </trkpt>
    <trkpt lat="-31.6663353" lon="137.1616409">
      <ele>102.175</ele>
    </trkpt>
    <trkpt lat="-31.6722672" lon="137.1655358">
      <ele>92.838</ele>
    </trkpt>
    <trkpt lat="-31.6728953" lon="137.1659482">
      <ele>95.0</ele>
    </trkpt>
    <trkpt lat="-31.6730523" lon="137.1660513">
      <ele>95.0</ele>
    </trkpt>
    <trkpt lat="-31.6733663" lon="137.1662575">
      <ele>93.89</ele>
    </trkpt>
    <trkpt lat="-31.6735233" lon="137.1663606">
      <ele>93.134</ele>
    </trkpt>
    <trkpt lat="-31.6738373" lon="137.1665668">
      <ele>93.522</ele>
    </trkpt>
    <trkpt lat="-31.6739207" lon="137.1666215">
      <ele>93.933</ele>
    </trkpt>
    <trkpt lat="-31.6741495" lon="137.1667768">
      <ele>94.542</ele>
    </trkpt>
    <trkpt lat="-31.6762679" lon="137.1682144">
      <ele>88.113</ele>
    </trkpt>
    <trkpt lat="-31.6769299" lon="137.168742">
      <ele>84.975</ele>
    </trkpt>
    <trkpt lat="-31.6774232" lon="137.1691777">
      <ele>85.407</ele>
    </trkpt>
    <trkpt lat="-31.6778815" lon="137.169619">
      <ele>82.858</ele>
    </trkpt>
    <trkpt lat="-31.6783089" lon="137.1700803">
      <ele>81.352</ele>
    </trkpt>
    <trkpt lat="-31.6784414" lon="137.1702233">
      <ele>81.88</ele>
    </trkpt>
    <trkpt lat="-31.6785738" lon="137.1703663">
      <ele>81.363</ele>
    </trkpt>
    <trkpt lat="-31.6787063" lon="137.1705093">
      <ele>80.847</ele>
    </trkpt>
    <trkpt lat="-31.6787395" lon="137.1705452">
      <ele>80.947</ele>
    </trkpt>
    <trkpt lat="-31.6794069" lon="137.1713692">
      <ele>80.81</ele>
    </trkpt>
    <trkpt lat="-31.6794433" lon="137.1714201">
      <ele>80.879</ele>
    </trkpt>
    <trkpt lat="-31.6796808" lon="137.1717522">
      <ele>79.149</ele>
    </trkpt>
    <trkpt lat="-31.6797965" lon="137.171914">
      <ele>78.703</ele>
    </trkpt>
    <trkpt lat="-31.6799122" lon="137.1720758">
      <ele>79.436</ele>
    </trkpt>
    <trkpt lat="-31.6800279" lon="137.1722377">
      <ele>81.056</ele>
    </trkpt>
    <trkpt lat="-31.6801151" lon="137.1723596">
      <ele>81.495</ele>
    </trkpt>
    <trkpt lat="-31.6801417" lon="137.1724012">
      <ele>81.644</ele>
    </trkpt>
    <trkpt lat="-31.6804215" lon="137.172839">
      <ele>81.483</ele>
    </trkpt>
    <trkpt lat="-31.6807812" lon="137.1734447">
      <ele>82.0</ele>
    </trkpt>
    <trkpt lat="-31.6813103" lon="137.1744542">
      <ele>83.258</ele>
    </trkpt>
    <trkpt lat="-31.681343" lon="137.1745166">
      <ele>82.948</ele>
    </trkpt>
    <trkpt lat="-31.6815941" lon="137.175068">
      <ele>81.506</ele>
    </trkpt>
    <trkpt lat="-31.6816451" lon="137.1751801">
      <ele>81.726</ele>
    </trkpt>
    <trkpt lat="-31.6816769" lon="137.1752556">
      <ele>81.92</ele>
    </trkpt>
    <trkpt lat="-31.6817566" lon="137.1754451">
      <ele>81.805</ele>
    </trkpt>
    <trkpt lat="-31.6818364" lon="137.1756345">
      <ele>81.389</ele>
    </trkpt>
    <trkpt lat="-31.6819212" lon="137.1758361">
      <ele>81.085</ele>
    </trkpt>
    <trkpt lat="-31.6820611" lon="137.1762108">
      <ele>80.58</ele>
    </trkpt>
    <trkpt lat="-31.6822987" lon="137.1768472">
      <ele>80.925</ele>
    </trkpt>
    <trkpt lat="-31.6826479" lon="137.1780364">
      <ele>83.894</ele>
    </trkpt>
    <trkpt lat="-31.6829068" lon="137.179113">
      <ele>87.536</ele>
    </trkpt>
    <trkpt lat="-31.6830677" lon="137.1799522">
      <ele>88.036</ele>
    </trkpt>
    <trkpt lat="-31.6831718" lon="137.1806598">
      <ele>89.261</ele>
    </trkpt>
    <trkpt lat="-31.683233" lon="137.1810763">
      <ele>89.316</ele>
    </trkpt>
    <trkpt lat="-31.6832943" lon="137.1814929">
      <ele>90.515</ele>
    </trkpt>
    <trkpt lat="-31.6836925" lon="137.1842005">
      <ele>89.17</ele>
    </trkpt>
    <trkpt lat="-31.6838251" lon="137.1851257">
      <ele>83.673</ele>
    </trkpt>
    <trkpt lat="-31.6843107" lon="137.1881875">
      <ele>81.771</ele>
    </trkpt>
    <trkpt lat="-31.6844022" lon="137.1886866">
      <ele>80.617</ele>
    </trkpt>
    <trkpt lat="-31.68444" lon="137.1888932">
      <ele>80.0</ele>
    </trkpt>
    <trkpt lat="-31.6844778" lon="137.1890998">
      <ele>79.909</ele>
    </trkpt>
    <trkpt lat="-31.6845143" lon="137.189299">
      <ele>79.629</ele>
    </trkpt>
    <trkpt lat="-31.6847988" lon="137.190581">
      <ele>79.683</ele>
    </trkpt>
    <trkpt lat="-31.6850291" lon="137.1914543">
      <ele>78.975</ele>
    </trkpt>
    <trkpt lat="-31.6850554" lon="137.1915426">
      <ele>78.89</ele>
    </trkpt>
    <trkpt lat="-31.6851148" lon="137.1917421">
      <ele>78.746</ele>
    </trkpt>
    <trkpt lat="-31.6851742" lon="137.1919417">
      <ele>78.742</ele>
    </trkpt>
    <trkpt lat="-31.6852335" lon="137.1921412">
      <ele>77.61</ele>
    </trkpt>
    <trkpt lat="-31.6853433" lon="137.1925101">
      <ele>77.028</ele>
    </trkpt>
    <trkpt lat="-31.6856063" lon="137.193313">
      <ele>80.502</ele>
    </trkpt>
    <trkpt lat="-31.6858564" lon="137.1939997">
      <ele>78.185</ele>
    </trkpt>
    <trkpt lat="-31.6858981" lon="137.1941044">
      <ele>77.577</ele>
    </trkpt>
    <trkpt lat="-31.6859743" lon="137.1942958">
      <ele>77.272</ele>
    </trkpt>
    <trkpt lat="-31.6860505" lon="137.1944873">
      <ele>76.966</ele>
    </trkpt>
    <trkpt lat="-31.6861267" lon="137.1946788">
      <ele>77.065</ele>
    </trkpt>
    <trkpt lat="-31.6862444" lon="137.1949745">
      <ele>77.007</ele>
    </trkpt>
    <trkpt lat="-31.6865169" lon="137.1956004">
      <ele>81.074</ele>
    </trkpt>
    <trkpt lat="-31.6867061" lon="137.1960348">
      <ele>82.284</ele>
    </trkpt>
    <trkpt lat="-31.687065" lon="137.1967876">
      <ele>84.189</ele>
    </trkpt>
    <trkpt lat="-31.6875325" lon="137.1976811">
      <ele>85.465</ele>
    </trkpt>
    <trkpt lat="-31.6880085" lon="137.1985214">
      <ele>87.831</ele>
    </trkpt>
    <trkpt lat="-31.6881082" lon="137.1986974">
      <ele>88.0</ele>
    </trkpt>
    <trkpt lat="-31.6881267" lon="137.1987301">
      <ele>88.0</ele>
    </trkpt>
    <trkpt lat="-31.6882146" lon="137.1988677">
      <ele>88.0</ele>
    </trkpt>
    <trkpt lat="-31.6883226" lon="137.1990368">
      <ele>88.021</ele>
    </trkpt>
    <trkpt lat="-31.6887545" lon="137.199713">
      <ele>89.033</ele>
    </trkpt>
    <trkpt lat="-31.6888625" lon="137.199882">
      <ele>87.904</ele>
    </trkpt>
    <trkpt lat="-31.6889704" lon="137.2000511">
      <ele>86.872</ele>
    </trkpt>
    <trkpt lat="-31.688978" lon="137.2000629">
      <ele>86.795</ele>
    </trkpt>
    <trkpt lat="-31.6890858" lon="137.2002132">
      <ele>85.63</ele>
    </trkpt>
    <trkpt lat="-31.6898502" lon="137.2012792">
      <ele>87.752</ele>
    </trkpt>
    <trkpt lat="-31.6899004" lon="137.2013412">
      <ele>87.42</ele>
    </trkpt>
    <trkpt lat="-31.6905513" lon="137.2021444">
      <ele>87.985</ele>
    </trkpt>
    <trkpt lat="-31.6906499" lon="137.2022535">
      <ele>88.0</ele>
    </trkpt>
    <trkpt lat="-31.6907808" lon="137.2023984">
      <ele>88.0</ele>
    </trkpt>
    <trkpt lat="-31.6909118" lon="137.2025433">
      <ele>87.718</ele>
    </trkpt>
    <trkpt lat="-31.6915912" lon="137.2032952">
      <ele>87.469</ele>
    </trkpt>
    <trkpt lat="-31.6923226" lon="137.2040428">
      <ele>85.554</ele>
    </trkpt>
    <trkpt lat="-31.6925225" lon="137.2042304">
      <ele>86.229</ele>
    </trkpt>
    <trkpt lat="-31.692663" lon="137.2043623">
      <ele>86.704</ele>
    </trkpt>
    <trkpt lat="-31.6929426" lon="137.2046247">
      <ele>86.198</ele>
    </trkpt>
    <trkpt lat="-31.693358" lon="137.2050013">
      <ele>84.911</ele>
    </trkpt>
    <trkpt lat="-31.6953094" lon="137.2067701">
      <ele>80.67</ele>
    </trkpt>
    <trkpt lat="-31.6957105" lon="137.2071578">
      <ele>80.232</ele>
    </trkpt>
    <trkpt lat="-31.6963515" lon="137.2077774">
      <ele>78.866</ele>
    </trkpt>
    <trkpt lat="-31.6966024" lon="137.2080474">
      <ele>79.023</ele>
    </trkpt>
    <trkpt lat="-31.6967634" lon="137.2082345">
      <ele>78.232</ele>
    </trkpt>
    <trkpt lat="-31.6973313" lon="137.2088945">
      <ele>76.372</ele>
    </trkpt>
    <trkpt lat="-31.6983561" lon="137.2102406">
      <ele>74.847</ele>
    </trkpt>
    <trkpt lat="-31.6986755" lon="137.2107557">
      <ele>70.446</ele>
    </trkpt>
    <trkpt lat="-31.6989237" lon="137.2111559">
      <ele>72.125</ele>
    </trkpt>
    <trkpt lat="-31.6990993" lon="137.2114391">
      <ele>72.396</ele>
    </trkpt>
    <trkpt lat="-31.6994086" lon="137.211938">
      <ele>70.874</ele>
    </trkpt>
    <trkpt lat="-31.6998363" lon="137.2127567">
      <ele>71.848</ele>
    </trkpt>
    <trkpt lat="-31.6999987" lon="137.2130676">
      <ele>74.039</ele>
    </trkpt>
    <trkpt lat="-31.7004606" lon="137.2140793">
      <ele>72.998</ele>
    </trkpt>
    <trkpt lat="-31.7008668" lon="137.2151113">
      <ele>72.783</ele>
    </trkpt>
    <trkpt lat="-31.7008979" lon="137.2151903">
      <ele>72.449</ele>
    </trkpt>
    <trkpt lat="-31.7012774" lon="137.2163455">
      <ele>71.339</ele>
    </trkpt>
    <trkpt lat="-31.701301" lon="137.2164174">
      <ele>71.316</ele>
    </trkpt>
    <trkpt lat="-31.7021488" lon="137.2192117">
      <ele>66.145</ele>
    </trkpt>
    <trkpt lat="-31.7023174" lon="137.2197675">
      <ele>64.837</ele>
    </trkpt>
    <trkpt lat="-31.7024924" lon="137.220344">
      <ele>63.232</ele>
    </trkpt>
    <trkpt lat="-31.7026878" lon="137.2208542">
      <ele>62.498</ele>
    </trkpt>
    <trkpt lat="-31.7027492" lon="137.2210144">
      <ele>60.902</ele>
    </trkpt>
    <trkpt lat="-31.7030185" lon="137.2216048">
      <ele>59.807</ele>
    </trkpt>
    <trkpt lat="-31.7030414" lon="137.221655">
      <ele>59.96</ele>
    </trkpt>
    <trkpt lat="-31.7031035" lon="137.2217911">
      <ele>60.095</ele>
    </trkpt>
    <trkpt lat="-31.7031091" lon="137.2218033">
      <ele>60.098</ele>
    </trkpt>
    <trkpt lat="-31.7031288" lon="137.2218397">
      <ele>60.099</ele>
    </trkpt>
    <trkpt lat="-31.7032253" lon="137.2220182">
      <ele>60.162</ele>
    </trkpt>
    <trkpt lat="-31.7036438" lon="137.2227923">
      <ele>66.275</ele>
    </trkpt>
    <trkpt lat="-31.70406" lon="137.2234479">
      <ele>65.746</ele>
    </trkpt>
    <trkpt lat="-31.7043593" lon="137.2238488">
      <ele>65.856</ele>
    </trkpt>
    <trkpt lat="-31.7044779" lon="137.2240077">
      <ele>66.0</ele>
    </trkpt>
    <trkpt lat="-31.7045965" lon="137.2241666">
      <ele>66.0</ele>
    </trkpt>
    <trkpt lat="-31.7046322" lon="137.2242145">
      <ele>65.656</ele>
    </trkpt>
    <trkpt lat="-31.7048835" lon="137.2245077">
      <ele>64.125</ele>
    </trkpt>
    <trkpt lat="-31.7050111" lon="137.2246566">
      <ele>63.454</ele>
    </trkpt>
    <trkpt lat="-31.7051388" lon="137.2248055">
      <ele>62.7</ele>
    </trkpt>
    <trkpt lat="-31.7051936" lon="137.2248695">
      <ele>62.47</ele>
    </trkpt>
    <trkpt lat="-31.7056128" lon="137.2253016">
      <ele>62.086</ele>
    </trkpt>
    <trkpt lat="-31.7059313" lon="137.225578">
      <ele>63.353</ele>
    </trkpt>
    <trkpt lat="-31.7062207" lon="137.2258292">
      <ele>64.783</ele>
    </trkpt>
    <trkpt lat="-31.7064305" lon="137.2260113">
      <ele>65.85</ele>
    </trkpt>
    <trkpt lat="-31.7065137" lon="137.2260742">
      <ele>65.551</ele>
    </trkpt>
    <trkpt lat="-31.7068636" lon="137.2263386">
      <ele>64.163</ele>
    </trkpt>
    <trkpt lat="-31.707014" lon="137.2264369">
      <ele>64.423</ele>
    </trkpt>
    <trkpt lat="-31.7071711" lon="137.2265397">
      <ele>65.359</ele>
    </trkpt>
    <trkpt lat="-31.7075262" lon="137.2267719">
      <ele>67.0</ele>
    </trkpt>
    <trkpt lat="-31.708189" lon="137.2271436">
      <ele>67.255</ele>
    </trkpt>
    <trkpt lat="-31.7088244" lon="137.227439">
      <ele>69.13</ele>
    </trkpt>
    <trkpt lat="-31.7097234" lon="137.2277751">
      <ele>72.977</ele>
    </trkpt>
    <trkpt lat="-31.710381" lon="137.227954">
      <ele>71.873</ele>
    </trkpt>
    <trkpt lat="-31.7106636" lon="137.2280082">
      <ele>73.119</ele>
    </trkpt>
    <trkpt lat="-31.7108411" lon="137.2280423">
      <ele>74.121</ele>
    </trkpt>
    <trkpt lat="-31.7109111" lon="137.2280557">
      <ele>74.279</ele>
    </trkpt>
    <trkpt lat="-31.7112447" lon="137.228114">
      <ele>75.372</ele>
    </trkpt>
    <trkpt lat="-31.7113777" lon="137.2281372">
      <ele>75.948</ele>
    </trkpt>
    <trkpt lat="-31.711423" lon="137.2281418">
      <ele>76.123</ele>
    </trkpt>
    <trkpt lat="-31.7116022" lon="137.22816">
      <ele>76.768</ele>
    </trkpt>
    <trkpt lat="-31.7117814" lon="137.2281781">
      <ele>76.356</ele>
    </trkpt>
    <trkpt lat="-31.7129946" lon="137.228301">
      <ele>76.858</ele>
    </trkpt>
    <trkpt lat="-31.7138783" lon="137.2284631">
      <ele>75.449</ele>
    </trkpt>
    <trkpt lat="-31.7148615" lon="137.2287338">
      <ele>77.501</ele>
    </trkpt>
    <trkpt lat="-31.7154555" lon="137.2289259">
      <ele>81.085</ele>
    </trkpt>
    <trkpt lat="-31.7161891" lon="137.2292227">
      <ele>81.719</ele>
    </trkpt>
    <trkpt lat="-31.7170303" lon="137.2296431">
      <ele>81.955</ele>
    </trkpt>
    <trkpt lat="-31.7177694" lon="137.2300576">
      <ele>79.183</ele>
    </trkpt>
    <trkpt lat="-31.7180246" lon="137.2302228">
      <ele>81.403</ele>
    </trkpt>
    <trkpt lat="-31.7182811" lon="137.2303876">
      <ele>82.0</ele>
    </trkpt>
    <trkpt lat="-31.7187501" lon="137.230731">
      <ele>81.816</ele>
    </trkpt>
    <trkpt lat="-31.7191877" lon="137.2310798">
      <ele>84.009</ele>
    </trkpt>
    <trkpt lat="-31.7193295" lon="137.2312006">
      <ele>83.811</ele>
    </trkpt>
    <trkpt lat="-31.7196207" lon="137.2314487">
      <ele>82.15</ele>
    </trkpt>
    <trkpt lat="-31.7235532" lon="137.2347985">
      <ele>79.492</ele>
    </trkpt>
    <trkpt lat="-31.7236989" lon="137.2349226">
      <ele>80.847</ele>
    </trkpt>
    <trkpt lat="-31.7238445" lon="137.2350467">
      <ele>81.867</ele>
    </trkpt>
    <trkpt lat="-31.7239902" lon="137.2351708">
      <ele>81.635</ele>
    </trkpt>
    <trkpt lat="-31.7241358" lon="137.2352949">
      <ele>81.097</ele>
    </trkpt>
    <trkpt lat="-31.7282612" lon="137.2388095">
      <ele>78.666</ele>
    </trkpt>
    <trkpt lat="-31.7304037" lon="137.240622">
      <ele>80.522</ele>
    </trkpt>
    <trkpt lat="-31.7305497" lon="137.2407455">
      <ele>79.632</ele>
    </trkpt>
    <trkpt lat="-31.7309877" lon="137.2411161">
      <ele>78.992</ele>
    </trkpt>
    <trkpt lat="-31.7311337" lon="137.2412396">
      <ele>79.081</ele>
    </trkpt>
    <trkpt lat="-31.7315716" lon="137.2416102">
      <ele>80.797</ele>
    </trkpt>
    <trkpt lat="-31.7331357" lon="137.2429335">
      <ele>82.0</ele>
    </trkpt>
    <trkpt lat="-31.7344652" lon="137.2441225">
      <ele>84.306</ele>
    </trkpt>
    <trkpt lat="-31.7346083" lon="137.2442505">
      <ele>84.0</ele>
    </trkpt>
    <trkpt lat="-31.7353172" lon="137.2448845">
      <ele>83.274</ele>
    </trkpt>
    <trkpt lat="-31.736698" lon="137.2462557">
      <ele>84.651</ele>
    </trkpt>
    <trkpt lat="-31.7374124" lon="137.2469652">
      <ele>84.241</ele>
    </trkpt>
    <trkpt lat="-31.7387032" lon="137.2483408">
      <ele>85.677</ele>
    </trkpt>
    <trkpt lat="-31.7398811" lon="137.2496934">
      <ele>86.0</ele>
    </trkpt>
    <trkpt lat="-31.7431895" lon="137.2535683">
      <ele>87.598</ele>
    </trkpt>
    <trkpt lat="-31.7481555" lon="137.2593081">
      <ele>92.686</ele>
    </trkpt>
    <trkpt lat="-31.7496948" lon="137.2610873">
      <ele>88.176</ele>
    </trkpt>
    <trkpt lat="-31.7564928" lon="137.2689465">
      <ele>95.296</ele>
    </trkpt>
    <trkpt lat="-31.7566211" lon="137.2690948">
      <ele>95.216</ele>
    </trkpt>
    <trkpt lat="-31.7599558" lon="137.2729507">
      <ele>95.623</ele>
    </trkpt>
    <trkpt lat="-31.7613667" lon="137.2745821">
      <ele>97.119</ele>
    </trkpt>
    <trkpt lat="-31.7622645" lon="137.2756203">
      <ele>100.569</ele>
    </trkpt>
    <trkpt lat="-31.7623927" lon="137.2757686">
      <ele>99.937</ele>
    </trkpt>
    <trkpt lat="-31.7626492" lon="137.2760652">
      <ele>97.705</ele>
    </trkpt>
    <trkpt lat="-31.7632905" lon="137.2768068">
      <ele>99.642</ele>
    </trkpt>
    <trkpt lat="-31.767651" lon="137.2818499">
      <ele>100.03</ele>
    </trkpt>
    <trkpt lat="-31.7679075" lon="137.2821465">
      <ele>99.321</ele>
    </trkpt>
    <trkpt lat="-31.7734268" lon="137.2885309">
      <ele>101.431</ele>
    </trkpt>
    <trkpt lat="-31.7735544" lon="137.2886683">
      <ele>102.002</ele>
    </trkpt>
    <trkpt lat="-31.7757951" lon="137.2913119">
      <ele>104.862</ele>
    </trkpt>
    <trkpt lat="-31.7762328" lon="137.2917767">
      <ele>102.562</ele>
    </trkpt>
    <trkpt lat="-31.7768104" lon="137.2923419">
      <ele>102.0</ele>
    </trkpt>
    <trkpt lat="-31.7770228" lon="137.292527">
      <ele>102.0</ele>
    </trkpt>
    <trkpt lat="-31.7771035" lon="137.2925974">
      <ele>102.0</ele>
    </trkpt>
    <trkpt lat="-31.777248" lon="137.2927233">
      <ele>101.925</ele>
    </trkpt>
    <trkpt lat="-31.7773925" lon="137.2928493">
      <ele>101.644</ele>
    </trkpt>
    <trkpt lat="-31.777537" lon="137.2929753">
      <ele>101.655</ele>
    </trkpt>
    <trkpt lat="-31.7776815" lon="137.2931012">
      <ele>101.454</ele>
    </trkpt>
    <trkpt lat="-31.7777992" lon="137.2932038">
      <ele>101.57</ele>
    </trkpt>
    <trkpt lat="-31.7778274" lon="137.293225">
      <ele>101.68</ele>
    </trkpt>
    <trkpt lat="-31.7781552" lon="137.2934716">
      <ele>103.037</ele>
    </trkpt>
    <trkpt lat="-31.7786879" lon="137.2938723">
      <ele>100.843</ele>
    </trkpt>
    <trkpt lat="-31.7795141" lon="137.2944069">
      <ele>99.614</ele>
    </trkpt>
    <trkpt lat="-31.7796396" lon="137.2944881">
      <ele>99.408</ele>
    </trkpt>
    <trkpt lat="-31.7856926" lon="137.2979004">
      <ele>94.559</ele>
    </trkpt>
    <trkpt lat="-31.7866613" lon="137.2984429">
      <ele>92.027</ele>
    </trkpt>
    <trkpt lat="-31.78861" lon="137.2995344">
      <ele>89.003</ele>
    </trkpt>
    <trkpt lat="-31.7887724" lon="137.2996254">
      <ele>89.176</ele>
    </trkpt>
    <trkpt lat="-31.7890972" lon="137.2998074">
      <ele>90.383</ele>
    </trkpt>
    <trkpt lat="-31.7901285" lon="137.300385">
      <ele>87.537</ele>
    </trkpt>
    <trkpt lat="-31.7905579" lon="137.3006283">
      <ele>87.264</ele>
    </trkpt>
    <trkpt lat="-31.7907199" lon="137.3007201">
      <ele>87.943</ele>
    </trkpt>
    <trkpt lat="-31.791206" lon="137.3009955">
      <ele>90.384</ele>
    </trkpt>
    <trkpt lat="-31.7913681" lon="137.3010873">
      <ele>90.068</ele>
    </trkpt>
    <trkpt lat="-31.7955171" lon="137.3034381">
      <ele>85.086</ele>
    </trkpt>
    <trkpt lat="-31.7959066" lon="137.3036556">
      <ele>85.042</ele>
    </trkpt>
    <trkpt lat="-31.7960691" lon="137.3037464">
      <ele>85.413</ele>
    </trkpt>
    <trkpt lat="-31.7972065" lon="137.3043816">
      <ele>87.27</ele>
    </trkpt>
    <trkpt lat="-31.797369" lon="137.3044724">
      <ele>86.953</ele>
    </trkpt>
    <trkpt lat="-31.7981814" lon="137.3049262">
      <ele>87.734</ele>
    </trkpt>
    <trkpt lat="-31.7987091" lon="137.305221">
      <ele>86.204</ele>
    </trkpt>
    <trkpt lat="-31.7994801" lon="137.3056553">
      <ele>84.128</ele>
    </trkpt>
    <trkpt lat="-31.8011023" lon="137.3065693">
      <ele>87.618</ele>
    </trkpt>
    <trkpt lat="-31.801589" lon="137.3068435">
      <ele>87.643</ele>
    </trkpt>
    <trkpt lat="-31.8017512" lon="137.3069349">
      <ele>86.73</ele>
    </trkpt>
    <trkpt lat="-31.8022379" lon="137.3072091">
      <ele>87.0</ele>
    </trkpt>
    <trkpt lat="-31.8024001" lon="137.3073005">
      <ele>86.899</ele>
    </trkpt>
    <trkpt lat="-31.8035357" lon="137.3079403">
      <ele>86.57</ele>
    </trkpt>
    <trkpt lat="-31.8087269" lon="137.3108653">
      <ele>89.813</ele>
    </trkpt>
    <trkpt lat="-31.8088891" lon="137.3109567">
      <ele>89.889</ele>
    </trkpt>
    <trkpt lat="-31.8090513" lon="137.3110481">
      <ele>90.812</ele>
    </trkpt>
    <trkpt lat="-31.8093067" lon="137.311192">
      <ele>91.94</ele>
    </trkpt>
    <trkpt lat="-31.8137557" lon="137.3136993">
      <ele>86.797</ele>
    </trkpt>
    <trkpt lat="-31.813918" lon="137.3137907">
      <ele>86.788</ele>
    </trkpt>
    <trkpt lat="-31.8140802" lon="137.3138821">
      <ele>87.681</ele>
    </trkpt>
    <trkpt lat="-31.8144046" lon="137.3140649">
      <ele>90.974</ele>
    </trkpt>
    <trkpt lat="-31.815378" lon="137.3146135">
      <ele>90.783</ele>
    </trkpt>
    <trkpt lat="-31.8160088" lon="137.314969">
      <ele>90.439</ele>
    </trkpt>
    <trkpt lat="-31.8252695" lon="137.3202003">
      <ele>93.579</ele>
    </trkpt>
    <trkpt lat="-31.8254317" lon="137.3202919">
      <ele>92.497</ele>
    </trkpt>
    <trkpt lat="-31.8259181" lon="137.3205668">
      <ele>92.626</ele>
    </trkpt>
    <trkpt lat="-31.8260803" lon="137.3206584">
      <ele>93.49</ele>
    </trkpt>
    <trkpt lat="-31.8322419" lon="137.3241398">
      <ele>89.135</ele>
    </trkpt>
    <trkpt lat="-31.8334716" lon="137.3248154">
      <ele>91.167</ele>
    </trkpt>
    <trkpt lat="-31.8385541" lon="137.3276918">
      <ele>90.731</ele>
    </trkpt>
    <trkpt lat="-31.8449768" lon="137.3313271">
      <ele>90.084</ele>
    </trkpt>
    <trkpt lat="-31.8456874" lon="137.3317264">
      <ele>90.898</ele>
    </trkpt>
    <trkpt lat="-31.8458497" lon="137.3318176">
      <ele>90.43</ele>
    </trkpt>
    <trkpt lat="-31.8463367" lon="137.3320913">
      <ele>90.146</ele>
    </trkpt>
    <trkpt lat="-31.846499" lon="137.3321825">
      <ele>90.374</ele>
    </trkpt>
    <trkpt lat="-31.846986" lon="137.3324562">
      <ele>90.716</ele>
    </trkpt>
    <trkpt lat="-31.8516931" lon="137.3351018">
      <ele>83.332</ele>
    </trkpt>
    <trkpt lat="-31.8517323" lon="137.3351238">
      <ele>83.34</ele>
    </trkpt>
    <trkpt lat="-31.8518545" lon="137.3351951">
      <ele>83.227</ele>
    </trkpt>
    <trkpt lat="-31.8520157" lon="137.3352891">
      <ele>82.784</ele>
    </trkpt>
    <trkpt lat="-31.8521769" lon="137.3353831">
      <ele>82.542</ele>
    </trkpt>
    <trkpt lat="-31.8530405" lon="137.335887">
      <ele>82.204</ele>
    </trkpt>
    <trkpt lat="-31.8531437" lon="137.3359476">
      <ele>82.598</ele>
    </trkpt>
    <trkpt lat="-31.8540353" lon="137.3364718">
      <ele>83.473</ele>
    </trkpt>
    <trkpt lat="-31.8570276" lon="137.3381654">
      <ele>85.096</ele>
    </trkpt>
    <trkpt lat="-31.8571897" lon="137.3382572">
      <ele>84.843</ele>
    </trkpt>
    <trkpt lat="-31.8573518" lon="137.3383489">
      <ele>85.03</ele>
    </trkpt>
    <trkpt lat="-31.857514" lon="137.3384407">
      <ele>84.981</ele>
    </trkpt>
    <trkpt lat="-31.857676" lon="137.3385324">
      <ele>84.546</ele>
    </trkpt>
    <trkpt lat="-31.860812" lon="137.3403074">
      <ele>81.183</ele>
    </trkpt>
    <trkpt lat="-31.863512" lon="137.3418352">
      <ele>80.216</ele>
    </trkpt>
    <trkpt lat="-31.8636741" lon="137.3419269">
      <ele>80.014</ele>
    </trkpt>
    <trkpt lat="-31.8638362" lon="137.3420186">
      <ele>80.051</ele>
    </trkpt>
    <trkpt lat="-31.8644846" lon="137.3423856">
      <ele>81.145</ele>
    </trkpt>
    <trkpt lat="-31.8662679" lon="137.3433948">
      <ele>81.654</ele>
    </trkpt>
    <trkpt lat="-31.86643" lon="137.3434865">
      <ele>81.127</ele>
    </trkpt>
    <trkpt lat="-31.8665921" lon="137.3435783">
      <ele>81.613</ele>
    </trkpt>
    <trkpt lat="-31.8667542" lon="137.34367">
      <ele>82.485</ele>
    </trkpt>
    <trkpt lat="-31.8688617" lon="137.3448627">
      <ele>87.348</ele>
    </trkpt>
    <trkpt lat="-31.8699964" lon="137.3455049">
      <ele>90.998</ele>
    </trkpt>
    <trkpt lat="-31.8701586" lon="137.3455966">
      <ele>91.063</ele>
    </trkpt>
    <trkpt lat="-31.8703207" lon="137.3456884">
      <ele>90.845</ele>
    </trkpt>
    <trkpt lat="-31.8704828" lon="137.3457801">
      <ele>90.262</ele>
    </trkpt>
    <trkpt lat="-31.8725902" lon="137.3469729">
      <ele>84.967</ele>
    </trkpt>
    <trkpt lat="-31.8736691" lon="137.3475836">
      <ele>84.51</ele>
    </trkpt>
    <trkpt lat="-31.8740496" lon="137.3477978">
      <ele>85.391</ele>
    </trkpt>
    <trkpt lat="-31.8807689" lon="137.3515802">
      <ele>85.689</ele>
    </trkpt>
    <trkpt lat="-31.8813665" lon="137.35187">
      <ele>84.081</ele>
    </trkpt>
    <trkpt lat="-31.8815325" lon="137.3519505">
      <ele>83.461</ele>
    </trkpt>
    <trkpt lat="-31.8816949" lon="137.3520426">
      <ele>82.647</ele>
    </trkpt>
    <trkpt lat="-31.881857" lon="137.3521345">
      <ele>82.316</ele>
    </trkpt>
    <trkpt lat="-31.882019" lon="137.3522264">
      <ele>82.268</ele>
    </trkpt>
    <trkpt lat="-31.8821811" lon="137.3523183">
      <ele>82.852</ele>
    </trkpt>
    <trkpt lat="-31.8823431" lon="137.3524102">
      <ele>83.294</ele>
    </trkpt>
    <trkpt lat="-31.8825052" lon="137.3525021">
      <ele>84.015</ele>
    </trkpt>
    <trkpt lat="-31.8870427" lon="137.3550754">
      <ele>88.0</ele>
    </trkpt>
    <trkpt lat="-31.8881738" lon="137.3557169">
      <ele>87.519</ele>
    </trkpt>
    <trkpt lat="-31.8903346" lon="137.3569147">
      <ele>86.72</ele>
    </trkpt>
    <trkpt lat="-31.8911013" lon="137.357355">
      <ele>86.424</ele>
    </trkpt>
    <trkpt lat="-31.891432" lon="137.3575429">
      <ele>87.596</ele>
    </trkpt>
    <trkpt lat="-31.8926203" lon="137.3582294">
      <ele>86.374</ele>
    </trkpt>
    <trkpt lat="-31.8985986" lon="137.3616042">
      <ele>87.865</ele>
    </trkpt>
    <trkpt lat="-31.8986259" lon="137.3616213">
      <ele>87.828</ele>
    </trkpt>
    <trkpt lat="-31.9036271" lon="137.3644566">
      <ele>89.997</ele>
    </trkpt>
    <trkpt lat="-31.9037609" lon="137.3645308">
      <ele>89.832</ele>
    </trkpt>
    <trkpt lat="-31.9039241" lon="137.36462">
      <ele>89.288</ele>
    </trkpt>
    <trkpt lat="-31.9040869" lon="137.3647093">
      <ele>88.367</ele>
    </trkpt>
    <trkpt lat="-31.9043852" lon="137.3648799">
      <ele>88.666</ele>
    </trkpt>
    <trkpt lat="-31.9065218" lon="137.3660835">
      <ele>87.853</ele>
    </trkpt>
    <trkpt lat="-31.9066322" lon="137.3661458">
      <ele>88.0</ele>
    </trkpt>
    <trkpt lat="-31.9066808" lon="137.3661756">
      <ele>87.961</ele>
    </trkpt>
    <trkpt lat="-31.9068439" lon="137.3662668">
      <ele>87.72</ele>
    </trkpt>
    <trkpt lat="-31.9073289" lon="137.3665429">
      <ele>88.768</ele>
    </trkpt>
    <trkpt lat="-31.9074905" lon="137.3666367">
      <ele>89.932</ele>
    </trkpt>
    <trkpt lat="-31.9079762" lon="137.3669139">
      <ele>89.141</ele>
    </trkpt>
    <trkpt lat="-31.9079784" lon="137.3669151">
      <ele>89.135</ele>
    </trkpt>
    <trkpt lat="-31.9081955" lon="137.3670315">
      <ele>89.506</ele>
    </trkpt>
    <trkpt lat="-31.9083039" lon="137.3670955">
      <ele>90.323</ele>
    </trkpt>
    <trkpt lat="-31.9084613" lon="137.3671883">
      <ele>90.934</ele>
    </trkpt>
    <trkpt lat="-31.9084647" lon="137.3671903">
      <ele>90.939</ele>
    </trkpt>
    <trkpt lat="-31.9086411" lon="137.3672958">
      <ele>90.863</ele>
    </trkpt>
    <trkpt lat="-31.9092763" lon="137.3676388">
      <ele>87.698</ele>
    </trkpt>
    <trkpt lat="-31.9103825" lon="137.3682767">
      <ele>91.042</ele>
    </trkpt>
    <trkpt lat="-31.9113344" lon="137.3688117">
      <ele>91.695</ele>
    </trkpt>
    <trkpt lat="-31.9113782" lon="137.3688401">
      <ele>91.948</ele>
    </trkpt>
    <trkpt lat="-31.9116868" lon="137.3690152">
      <ele>92.512</ele>
    </trkpt>
    <trkpt lat="-31.9128671" lon="137.3696836">
      <ele>92.138</ele>
    </trkpt>
    <trkpt lat="-31.9140282" lon="137.3703369">
      <ele>90.106</ele>
    </trkpt>
    <trkpt lat="-31.9165191" lon="137.3717456">
      <ele>92.38</ele>
    </trkpt>
    <trkpt lat="-31.9178644" lon="137.3725084">
      <ele>92.261</ele>
    </trkpt>
    <trkpt lat="-31.918811" lon="137.3730313">
      <ele>91.049</ele>
    </trkpt>
    <trkpt lat="-31.9198631" lon="137.3736306">
      <ele>94.0</ele>
    </trkpt>
    <trkpt lat="-31.9206091" lon="137.3740345">
      <ele>95.23</ele>
    </trkpt>
    <trkpt lat="-31.9210716" lon="137.3742494">
      <ele>93.398</ele>
    </trkpt>
    <trkpt lat="-31.9216417" lon="137.3744982">
      <ele>94.017</ele>
    </trkpt>
    <trkpt lat="-31.9219914" lon="137.3746431">
      <ele>93.29</ele>
    </trkpt>
    <trkpt lat="-31.9226894" lon="137.3749068">
      <ele>95.56</ele>
    </trkpt>
    <trkpt lat="-31.9228396" lon="137.3749534">
      <ele>95.61</ele>
    </trkpt>
    <trkpt lat="-31.9236768" lon="137.3752143">
      <ele>95.0</ele>
    </trkpt>
    <trkpt lat="-31.9245711" lon="137.3754394">
      <ele>96.418</ele>
    </trkpt>
    <trkpt lat="-31.9260868" lon="137.3757425">
      <ele>94.268</ele>
    </trkpt>
    <trkpt lat="-31.9271016" lon="137.3759504">
      <ele>95.434</ele>
    </trkpt>
    <trkpt lat="-31.9274248" lon="137.3760267">
      <ele>95.508</ele>
    </trkpt>
    <trkpt lat="-31.9275093" lon="137.3760441">
      <ele>95.834</ele>
    </trkpt>
    <trkpt lat="-31.928035" lon="137.3761905">
      <ele>98.947</ele>
    </trkpt>
    <trkpt lat="-31.928208" lon="137.3762485">
      <ele>98.451</ele>
    </trkpt>
    <trkpt lat="-31.9285785" lon="137.3763635">
      <ele>98.0</ele>
    </trkpt>
    <trkpt lat="-31.9290841" lon="137.3765492">
      <ele>97.406</ele>
    </trkpt>
    <trkpt lat="-31.9296209" lon="137.3767732">
      <ele>98.225</ele>
    </trkpt>
    <trkpt lat="-31.9299698" lon="137.3769155">
      <ele>97.202</ele>
    </trkpt>
    <trkpt lat="-31.930778" lon="137.3773169">
      <ele>96.068</ele>
    </trkpt>
    <trkpt lat="-31.9313484" lon="137.3776432">
      <ele>95.81</ele>
    </trkpt>
    <trkpt lat="-31.9331202" lon="137.3788005">
      <ele>98.767</ele>
    </trkpt>
    <trkpt lat="-31.9374431" lon="137.3816692">
      <ele>100.804</ele>
    </trkpt>
    <trkpt lat="-31.9375998" lon="137.3817732">
      <ele>101.605</ele>
    </trkpt>
    <trkpt lat="-31.9379133" lon="137.3819812">
      <ele>101.021</ele>
    </trkpt>
    <trkpt lat="-31.93807" lon="137.3820852">
      <ele>100.507</ele>
    </trkpt>
    <trkpt lat="-31.9397939" lon="137.3832294">
      <ele>103.903</ele>
    </trkpt>
    <trkpt lat="-31.9399506" lon="137.3833334">
      <ele>104.0</ele>
    </trkpt>
    <trkpt lat="-31.9470028" lon="137.3880143">
      <ele>111.297</ele>
    </trkpt>
    <trkpt lat="-31.9471595" lon="137.3881183">
      <ele>110.825</ele>
    </trkpt>
    <trkpt lat="-31.9487266" lon="137.3891586">
      <ele>113.848</ele>
    </trkpt>
    <trkpt lat="-31.9511081" lon="137.3907396">
      <ele>116.989</ele>
    </trkpt>
    <trkpt lat="-31.9531126" lon="137.3920758">
      <ele>117.473</ele>
    </trkpt>
    <trkpt lat="-31.957496" lon="137.3949982">
      <ele>117.021</ele>
    </trkpt>
    <trkpt lat="-31.9576526" lon="137.3951026">
      <ele>117.716</ele>
    </trkpt>
    <trkpt lat="-31.9578092" lon="137.395207">
      <ele>118.142</ele>
    </trkpt>
    <trkpt lat="-31.9579657" lon="137.3953113">
      <ele>118.716</ele>
    </trkpt>
    <trkpt lat="-31.9581223" lon="137.3954157">
      <ele>119.121</ele>
    </trkpt>
    <trkpt lat="-31.9621926" lon="137.3981296">
      <ele>119.345</ele>
    </trkpt>
    <trkpt lat="-31.9623492" lon="137.398234">
      <ele>119.185</ele>
    </trkpt>
    <trkpt lat="-31.9625057" lon="137.3983384">
      <ele>118.978</ele>
    </trkpt>
    <trkpt lat="-31.9626891" lon="137.3984606">
      <ele>118.409</ele>
    </trkpt>
    <trkpt lat="-31.9631342" lon="137.3987512">
      <ele>119.928</ele>
    </trkpt>
    <trkpt lat="-31.9632915" lon="137.3988539">
      <ele>120.83</ele>
    </trkpt>
    <trkpt lat="-31.9643764" lon="137.3995621">
      <ele>119.282</ele>
    </trkpt>
    <trkpt lat="-31.9686811" lon="137.4024452">
      <ele>125.0</ele>
    </trkpt>
    <trkpt lat="-31.9719079" lon="137.4045696">
      <ele>126.868</ele>
    </trkpt>
    <trkpt lat="-31.9719126" lon="137.4045727">
      <ele>126.885</ele>
    </trkpt>
    <trkpt lat="-31.9742086" lon="137.4060994">
      <ele>130.0</ele>
    </trkpt>
    <trkpt lat="-31.9757857" lon="137.4071482">
      <ele>132.779</ele>
    </trkpt>
    <trkpt lat="-31.9781311" lon="137.408691">
      <ele>136.209</ele>
    </trkpt>
    <trkpt lat="-31.9803215" lon="137.410116">
      <ele>130.0</ele>
    </trkpt>
    <trkpt lat="-31.9844839" lon="137.4128197">
      <ele>118.0</ele>
    </trkpt>
    <trkpt lat="-31.9846414" lon="137.412922">
      <ele>118.0</ele>
    </trkpt>
    <trkpt lat="-31.9849565" lon="137.4131267">
      <ele>117.157</ele>
    </trkpt>
    <trkpt lat="-31.9877921" lon="137.4149687">
      <ele>113.061</ele>
    </trkpt>
    <trkpt lat="-31.9879496" lon="137.4150711">
      <ele>112.479</ele>
    </trkpt>
    <trkpt lat="-31.9881071" lon="137.4151734">
      <ele>112.0</ele>
    </trkpt>
    <trkpt lat="-31.9882647" lon="137.4152758">
      <ele>112.0</ele>
    </trkpt>
    <trkpt lat="-31.9884222" lon="137.4153781">
      <ele>112.204</ele>
    </trkpt>
    <trkpt lat="-31.9897768" lon="137.4162582">
      <ele>110.896</ele>
    </trkpt>
    <trkpt lat="-31.9929203" lon="137.4183088">
      <ele>110.974</ele>
    </trkpt>
    <trkpt lat="-31.993459" lon="137.4186623">
      <ele>106.0</ele>
    </trkpt>
    <trkpt lat="-31.9936161" lon="137.4187654">
      <ele>106.018</ele>
    </trkpt>
    <trkpt lat="-31.9964451" lon="137.4206218">
      <ele>105.489</ele>
    </trkpt>
    <trkpt lat="-31.9990909" lon="137.422333">
      <ele>111.29</ele>
    </trkpt>
    <trkpt lat="-32.0016868" lon="137.4240239">
      <ele>114.072</ele>
    </trkpt>
    <trkpt lat="-32.0018442" lon="137.4241264">
      <ele>114.639</ele>
    </trkpt>
    <trkpt lat="-32.0020017" lon="137.424229">
      <ele>115.16</ele>
    </trkpt>
    <trkpt lat="-32.003767" lon="137.4253789">
      <ele>116.357</ele>
    </trkpt>
    <trkpt lat="-32.0049928" lon="137.426178">
      <ele>120.759</ele>
    </trkpt>
    <trkpt lat="-32.0051502" lon="137.4262806">
      <ele>119.308</ele>
    </trkpt>
    <trkpt lat="-32.0053076" lon="137.4263832">
      <ele>118.126</ele>
    </trkpt>
    <trkpt lat="-32.0056225" lon="137.4265885">
      <ele>119.068</ele>
    </trkpt>
    <trkpt lat="-32.0084969" lon="137.4284624">
      <ele>119.535</ele>
    </trkpt>
    <trkpt lat="-32.0092399" lon="137.4289552">
      <ele>117.025</ele>
    </trkpt>
    <trkpt lat="-32.0117614" lon="137.4305896">
      <ele>118.341</ele>
    </trkpt>
    <trkpt lat="-32.0119191" lon="137.4306918">
      <ele>118.909</ele>
    </trkpt>
    <trkpt lat="-32.0134953" lon="137.4317135">
      <ele>121.098</ele>
    </trkpt>
    <trkpt lat="-32.0208578" lon="137.4365215">
      <ele>128.996</ele>
    </trkpt>
    <trkpt lat="-32.0225782" lon="137.4376425">
      <ele>128.589</ele>
    </trkpt>
    <trkpt lat="-32.0241525" lon="137.4386684">
      <ele>129.896</ele>
    </trkpt>
    <trkpt lat="-32.0250965" lon="137.4392835">
      <ele>131.451</ele>
    </trkpt>
    <trkpt lat="-32.0263921" lon="137.4401278">
      <ele>131.995</ele>
    </trkpt>
    <trkpt lat="-32.0269169" lon="137.44047">
      <ele>130.377</ele>
    </trkpt>
    <trkpt lat="-32.0279607" lon="137.4411497">
      <ele>131.433</ele>
    </trkpt>
    <trkpt lat="-32.0289097" lon="137.4417678">
      <ele>133.973</ele>
    </trkpt>
    <trkpt lat="-32.0299612" lon="137.4424526">
      <ele>132.147</ele>
    </trkpt>
    <trkpt lat="-32.0300443" lon="137.4425067">
      <ele>132.159</ele>
    </trkpt>
    <trkpt lat="-32.0308862" lon="137.4430551">
      <ele>133.001</ele>
    </trkpt>
    <trkpt lat="-32.0313234" lon="137.4433398">
      <ele>134.023</ele>
    </trkpt>
    <trkpt lat="-32.0344014" lon="137.4453446">
      <ele>129.797</ele>
    </trkpt>
    <trkpt lat="-32.0346825" lon="137.4455409">
      <ele>129.053</ele>
    </trkpt>
    <trkpt lat="-32.0346972" lon="137.4455497">
      <ele>129.021</ele>
    </trkpt>
    <trkpt lat="-32.0348575" lon="137.4456459">
      <ele>129.0</ele>
    </trkpt>
    <trkpt lat="-32.0350178" lon="137.4457422">
      <ele>128.936</ele>
    </trkpt>
    <trkpt lat="-32.0351676" lon="137.4458321">
      <ele>128.397</ele>
    </trkpt>
    <trkpt lat="-32.0355333" lon="137.4460448">
      <ele>127.141</ele>
    </trkpt>
    <trkpt lat="-32.035768" lon="137.4461745">
      <ele>125.47</ele>
    </trkpt>
    <trkpt lat="-32.0358276" lon="137.4462031">
      <ele>125.041</ele>
    </trkpt>
    <trkpt lat="-32.0363048" lon="137.4464326">
      <ele>124.733</ele>
    </trkpt>
    <trkpt lat="-32.0367294" lon="137.4466089">
      <ele>122.143</ele>
    </trkpt>
    <trkpt lat="-32.0372967" lon="137.4468106">
      <ele>118.214</ele>
    </trkpt>
    <trkpt lat="-32.0377862" lon="137.4469554">
      <ele>115.901</ele>
    </trkpt>
    <trkpt lat="-32.0382342" lon="137.4470573">
      <ele>112.714</ele>
    </trkpt>
    <trkpt lat="-32.0384928" lon="137.4471111">
      <ele>111.426</ele>
    </trkpt>
    <trkpt lat="-32.0387671" lon="137.4471496">
      <ele>111.562</ele>
    </trkpt>
    <trkpt lat="-32.0388472" lon="137.4471608">
      <ele>111.85</ele>
    </trkpt>
    <trkpt lat="-32.038946" lon="137.4471708">
      <ele>111.794</ele>
    </trkpt>
    <trkpt lat="-32.039365" lon="137.4472131">
      <ele>108.835</ele>
    </trkpt>
    <trkpt lat="-32.0397567" lon="137.4472333">
      <ele>108.035</ele>
    </trkpt>
    <trkpt lat="-32.0402608" lon="137.4472326">
      <ele>107.965</ele>
    </trkpt>
    <trkpt lat="-32.0408028" lon="137.4472014">
      <ele>107.075</ele>
    </trkpt>
    <trkpt lat="-32.0411083" lon="137.4471834">
      <ele>107.14</ele>
    </trkpt>
    <trkpt lat="-32.0418199" lon="137.4471388">
      <ele>107.0</ele>
    </trkpt>
    <trkpt lat="-32.043635" lon="137.4469625">
      <ele>104.994</ele>
    </trkpt>
    <trkpt lat="-32.0465031" lon="137.4466838">
      <ele>101.0</ele>
    </trkpt>
    <trkpt lat="-32.0477284" lon="137.4465741">
      <ele>100.0</ele>
    </trkpt>
    <trkpt lat="-32.0479077" lon="137.446558">
      <ele>99.715</ele>
    </trkpt>
    <trkpt lat="-32.0489838" lon="137.4464617">
      <ele>98.224</ele>
    </trkpt>
    <trkpt lat="-32.0492126" lon="137.4464421">
      <ele>97.974</ele>
    </trkpt>
    <trkpt lat="-32.0517772" lon="137.4462075">
      <ele>99.515</ele>
    </trkpt>
    <trkpt lat="-32.0521613" lon="137.4461788">
      <ele>98.142</ele>
    </trkpt>
    <trkpt lat="-32.0534881" lon="137.4460521">
      <ele>97.749</ele>
    </trkpt>
    <trkpt lat="-32.0536674" lon="137.446035">
      <ele>97.274</ele>
    </trkpt>
    <trkpt lat="-32.0537767" lon="137.4460246">
      <ele>97.311</ele>
    </trkpt>
    <trkpt lat="-32.0556399" lon="137.4458541">
      <ele>95.771</ele>
    </trkpt>
    <trkpt lat="-32.0588678" lon="137.4455588">
      <ele>91.076</ele>
    </trkpt>
    <trkpt lat="-32.0598748" lon="137.4454626">
      <ele>91.7</ele>
    </trkpt>
    <trkpt lat="-32.0600222" lon="137.4454503">
      <ele>91.92</ele>
    </trkpt>
    <trkpt lat="-32.060357" lon="137.4454197">
      <ele>90.861</ele>
    </trkpt>
    <trkpt lat="-32.0619443" lon="137.4452746">
      <ele>87.988</ele>
    </trkpt>
    <trkpt lat="-32.062303" lon="137.4452418">
      <ele>87.672</ele>
    </trkpt>
    <trkpt lat="-32.0664275" lon="137.4448649">
      <ele>80.486</ele>
    </trkpt>
    <trkpt lat="-32.0666068" lon="137.4448485">
      <ele>80.545</ele>
    </trkpt>
    <trkpt lat="-32.0667861" lon="137.4448321">
      <ele>81.034</ele>
    </trkpt>
    <trkpt lat="-32.0701933" lon="137.4445207">
      <ele>82.083</ele>
    </trkpt>
    <trkpt lat="-32.0727039" lon="137.4442912">
      <ele>79.329</ele>
    </trkpt>
    <trkpt lat="-32.0730626" lon="137.4442584">
      <ele>80.042</ele>
    </trkpt>
    <trkpt lat="-32.0732419" lon="137.444242">
      <ele>81.16</ele>
    </trkpt>
    <trkpt lat="-32.0734212" lon="137.4442256">
      <ele>81.855</ele>
    </trkpt>
    <trkpt lat="-32.0736005" lon="137.4442092">
      <ele>81.994</ele>
    </trkpt>
    <trkpt lat="-32.0779044" lon="137.4438157">
      <ele>71.208</ele>
    </trkpt>
    <trkpt lat="-32.0780837" lon="137.4437993">
      <ele>70.221</ele>
    </trkpt>
    <trkpt lat="-32.0820289" lon="137.4434386">
      <ele>74.392</ele>
    </trkpt>
    <trkpt lat="-32.0822082" lon="137.4434222">
      <ele>73.101</ele>
    </trkpt>
    <trkpt lat="-32.0823876" lon="137.4434058">
      <ele>72.405</ele>
    </trkpt>
    <trkpt lat="-32.0831049" lon="137.4433402">
      <ele>72.202</ele>
    </trkpt>
    <trkpt lat="-32.0840015" lon="137.4432583">
      <ele>72.405</ele>
    </trkpt>
    <trkpt lat="-32.0843602" lon="137.4432255">
      <ele>73.426</ele>
    </trkpt>
    <trkpt lat="-32.0847188" lon="137.4431927">
      <ele>73.006</ele>
    </trkpt>
    <trkpt lat="-32.0848982" lon="137.4431763">
      <ele>73.0</ele>
    </trkpt>
    <trkpt lat="-32.0915332" lon="137.4425695">
      <ele>67.26</ele>
    </trkpt>
    <trkpt lat="-32.094242" lon="137.4423218">
      <ele>67.532</ele>
    </trkpt>
    <trkpt lat="-32.0949404" lon="137.4422579">
      <ele>67.128</ele>
    </trkpt>
    <trkpt lat="-32.0951197" lon="137.4422415">
      <ele>66.609</ele>
    </trkpt>
    <trkpt lat="-32.0958504" lon="137.4421746">
      <ele>66.0</ele>
    </trkpt>
    <trkpt lat="-32.0978096" lon="137.4419953">
      <ele>64.252</ele>
    </trkpt>
    <trkpt lat="-32.0983476" lon="137.441946">
      <ele>62.068</ele>
    </trkpt>
    <trkpt lat="-32.0985269" lon="137.4419296">
      <ele>62.606</ele>
    </trkpt>
    <trkpt lat="-32.1114384" lon="137.4407476">
      <ele>59.746</ele>
    </trkpt>
    <trkpt lat="-32.1116177" lon="137.4407312">
      <ele>59.935</ele>
    </trkpt>
    <trkpt lat="-32.1118115" lon="137.4407134">
      <ele>59.704</ele>
    </trkpt>
    <trkpt lat="-32.116459" lon="137.4402797">
      <ele>56.755</ele>
    </trkpt>
    <trkpt lat="-32.1178866" lon="137.4401464">
      <ele>55.0</ele>
    </trkpt>
    <trkpt lat="-32.1184313" lon="137.4400955">
      <ele>53.991</ele>
    </trkpt>
    <trkpt lat="-32.1187628" lon="137.4400651">
      <ele>53.652</ele>
    </trkpt>
    <trkpt lat="-32.1197321" lon="137.4399741">
      <ele>55.878</ele>
    </trkpt>
    <trkpt lat="-32.1199114" lon="137.4399573">
      <ele>55.375</ele>
    </trkpt>
    <trkpt lat="-32.1208832" lon="137.4398461">
      <ele>52.346</ele>
    </trkpt>
    <trkpt lat="-32.1222598" lon="137.4397812">
      <ele>52.435</ele>
    </trkpt>
    <trkpt lat="-32.1224139" lon="137.439774">
      <ele>54.199</ele>
    </trkpt>
    <trkpt lat="-32.1234571" lon="137.4397815">
      <ele>52.436</ele>
    </trkpt>
    <trkpt lat="-32.1238232" lon="137.4397922">
      <ele>52.192</ele>
    </trkpt>
    <trkpt lat="-32.1260894" lon="137.4400315">
      <ele>51.078</ele>
    </trkpt>
    <trkpt lat="-32.1268074" lon="137.4401877">
      <ele>51.013</ele>
    </trkpt>
    <trkpt lat="-32.1283994" lon="137.4405341">
      <ele>51.297</ele>
    </trkpt>
    <trkpt lat="-32.1285114" lon="137.4405583">
      <ele>51.641</ele>
    </trkpt>
    <trkpt lat="-32.1292913" lon="137.4407786">
      <ele>51.557</ele>
    </trkpt>
    <trkpt lat="-32.1294971" lon="137.4408502">
      <ele>51.939</ele>
    </trkpt>
    <trkpt lat="-32.1305307" lon="137.4412099">
      <ele>52.324</ele>
    </trkpt>
    <trkpt lat="-32.132581" lon="137.4421176">
      <ele>51.975</ele>
    </trkpt>
    <trkpt lat="-32.1326627" lon="137.4421538">
      <ele>51.516</ele>
    </trkpt>
    <trkpt lat="-32.1328813" lon="137.4422786">
      <ele>51.203</ele>
    </trkpt>
    <trkpt lat="-32.1332805" lon="137.4424989">
      <ele>52.809</ele>
    </trkpt>
    <trkpt lat="-32.1336014" lon="137.442683">
      <ele>53.0</ele>
    </trkpt>
    <trkpt lat="-32.1346995" lon="137.4433462">
      <ele>52.918</ele>
    </trkpt>
    <trkpt lat="-32.1355886" lon="137.4439544">
      <ele>51.465</ele>
    </trkpt>
    <trkpt lat="-32.1359871" lon="137.4442277">
      <ele>51.432</ele>
    </trkpt>
    <trkpt lat="-32.1366987" lon="137.4447785">
      <ele>50.885</ele>
    </trkpt>
    <trkpt lat="-32.1370578" lon="137.445074">
      <ele>50.266</ele>
    </trkpt>
    <trkpt lat="-32.1377104" lon="137.4456087">
      <ele>51.0</ele>
    </trkpt>
    <trkpt lat="-32.1381569" lon="137.4460074">
      <ele>53.501</ele>
    </trkpt>
    <trkpt lat="-32.1383361" lon="137.446184">
      <ele>53.738</ele>
    </trkpt>
    <trkpt lat="-32.1386556" lon="137.4464874">
      <ele>52.187</ele>
    </trkpt>
    <trkpt lat="-32.1388413" lon="137.4466765">
      <ele>51.0</ele>
    </trkpt>
    <trkpt lat="-32.1399166" lon="137.4476976">
      <ele>53.7</ele>
    </trkpt>
    <trkpt lat="-32.1412046" lon="137.448931">
      <ele>53.101</ele>
    </trkpt>
    <trkpt lat="-32.1416262" lon="137.4493203">
      <ele>53.382</ele>
    </trkpt>
    <trkpt lat="-32.1419201" lon="137.4496084">
      <ele>53.861</ele>
    </trkpt>
    <trkpt lat="-32.1422634" lon="137.4499835">
      <ele>53.991</ele>
    </trkpt>
    <trkpt lat="-32.1424206" lon="137.4501302">
      <ele>53.866</ele>
    </trkpt>
    <trkpt lat="-32.1430881" lon="137.450777">
      <ele>55.179</ele>
    </trkpt>
    <trkpt lat="-32.1434431" lon="137.4511143">
      <ele>53.605</ele>
    </trkpt>
    <trkpt lat="-32.1445508" lon="137.4521777">
      <ele>55.383</ele>
    </trkpt>
    <trkpt lat="-32.1447177" lon="137.4523415">
      <ele>55.554</ele>
    </trkpt>
    <trkpt lat="-32.1448766" lon="137.4524934">
      <ele>55.011</ele>
    </trkpt>
    <trkpt lat="-32.1451208" lon="137.4527265">
      <ele>54.104</ele>
    </trkpt>
    <trkpt lat="-32.1452483" lon="137.4528518">
      <ele>53.734</ele>
    </trkpt>
    <trkpt lat="-32.1453863" lon="137.452985">
      <ele>53.155</ele>
    </trkpt>
    <trkpt lat="-32.1456442" lon="137.4532311">
      <ele>53.319</ele>
    </trkpt>
    <trkpt lat="-32.1458793" lon="137.4534545">
      <ele>54.165</ele>
    </trkpt>
    <trkpt lat="-32.1469312" lon="137.4544321">
      <ele>54.954</ele>
    </trkpt>
    <trkpt lat="-32.1499957" lon="137.4573639">
      <ele>55.505</ele>
    </trkpt>
    <trkpt lat="-32.1543681" lon="137.4615518">
      <ele>57.089</ele>
    </trkpt>
    <trkpt lat="-32.1544288" lon="137.4616101">
      <ele>56.876</ele>
    </trkpt>
    <trkpt lat="-32.1683957" lon="137.475055">
      <ele>56.846</ele>
    </trkpt>
    <trkpt lat="-32.1727032" lon="137.4792003">
      <ele>56.0</ele>
    </trkpt>
    <trkpt lat="-32.1738314" lon="137.4802838">
      <ele>55.776</ele>
    </trkpt>
    <trkpt lat="-32.1780121" lon="137.4842996">
      <ele>55.596</ele>
    </trkpt>
    <trkpt lat="-32.1784223" lon="137.484691">
      <ele>54.397</ele>
    </trkpt>
    <trkpt lat="-32.1792428" lon="137.4854806">
      <ele>56.73</ele>
    </trkpt>
    <trkpt lat="-32.1803617" lon="137.4865574">
      <ele>54.817</ele>
    </trkpt>
    <trkpt lat="-32.1824296" lon="137.4885476">
      <ele>56.195</ele>
    </trkpt>
    <trkpt lat="-32.1859159" lon="137.4919031">
      <ele>53.402</ele>
    </trkpt>
    <trkpt lat="-32.1864728" lon="137.4924366">
      <ele>54.931</ele>
    </trkpt>
    <trkpt lat="-32.187936" lon="137.4938514">
      <ele>53.43</ele>
    </trkpt>
    <trkpt lat="-32.1924955" lon="137.4981939">
      <ele>53.494</ele>
    </trkpt>
    <trkpt lat="-32.193446" lon="137.4991031">
      <ele>52.594</ele>
    </trkpt>
    <trkpt lat="-32.1995671" lon="137.5049368">
      <ele>53.0</ele>
    </trkpt>
    <trkpt lat="-32.2009201" lon="137.5062171">
      <ele>53.425</ele>
    </trkpt>
    <trkpt lat="-32.2010605" lon="137.50635">
      <ele>53.026</ele>
    </trkpt>
    <trkpt lat="-32.2012009" lon="137.5064829">
      <ele>53.0</ele>
    </trkpt>
    <trkpt lat="-32.2013413" lon="137.5066157">
      <ele>53.0</ele>
    </trkpt>
    <trkpt lat="-32.2017625" lon="137.5070143">
      <ele>54.094</ele>
    </trkpt>
    <trkpt lat="-32.2019029" lon="137.5071472">
      <ele>54.121</ele>
    </trkpt>
    <trkpt lat="-32.2117302" lon="137.5164489">
      <ele>51.376</ele>
    </trkpt>
    <trkpt lat="-32.2143319" lon="137.5189138">
      <ele>48.595</ele>
    </trkpt>
    <trkpt lat="-32.215273" lon="137.5198001">
      <ele>49.0</ele>
    </trkpt>
    <trkpt lat="-32.2183893" lon="137.5227587">
      <ele>48.945</ele>
    </trkpt>
    <trkpt lat="-32.2189061" lon="137.5232479">
      <ele>47.308</ele>
    </trkpt>
    <trkpt lat="-32.219298" lon="137.5236179">
      <ele>48.013</ele>
    </trkpt>
    <trkpt lat="-32.2211171" lon="137.5253362">
      <ele>48.794</ele>
    </trkpt>
    <trkpt lat="-32.2239784" lon="137.5281474">
      <ele>47.322</ele>
    </trkpt>
    <trkpt lat="-32.2248885" lon="137.5290224">
      <ele>50.0</ele>
    </trkpt>
    <trkpt lat="-32.2249048" lon="137.5290405">
      <ele>50.0</ele>
    </trkpt>
    <trkpt lat="-32.2258609" lon="137.5299751">
      <ele>50.91</ele>
    </trkpt>
    <trkpt lat="-32.2279649" lon="137.5320366">
      <ele>49.892</ele>
    </trkpt>
    <trkpt lat="-32.2291984" lon="137.5332453">
      <ele>50.395</ele>
    </trkpt>
    <trkpt lat="-32.2293333" lon="137.5333775">
      <ele>50.504</ele>
    </trkpt>
    <trkpt lat="-32.2313542" lon="137.5353166">
      <ele>50.25</ele>
    </trkpt>
    <trkpt lat="-32.233206" lon="137.5371446">
      <ele>48.738</ele>
    </trkpt>
    <trkpt lat="-32.2365344" lon="137.5402818">
      <ele>49.96</ele>
    </trkpt>
    <trkpt lat="-32.2382465" lon="137.542057">
      <ele>49.0</ele>
    </trkpt>
    <trkpt lat="-32.2414746" lon="137.5451967">
      <ele>49.292</ele>
    </trkpt>
    <trkpt lat="-32.2421882" lon="137.545929">
      <ele>47.835</ele>
    </trkpt>
    <trkpt lat="-32.2440578" lon="137.5477127">
      <ele>48.608</ele>
    </trkpt>
    <trkpt lat="-32.2445181" lon="137.548161">
      <ele>49.014</ele>
    </trkpt>
    <trkpt lat="-32.2452618" lon="137.5488892">
      <ele>48.0</ele>
    </trkpt>
    <trkpt lat="-32.2460246" lon="137.5495758">
      <ele>49.798</ele>
    </trkpt>
    <trkpt lat="-32.2468529" lon="137.5503231">
      <ele>48.493</ele>
    </trkpt>
    <trkpt lat="-32.2476681" lon="137.5510194">
      <ele>48.065</ele>
    </trkpt>
    <trkpt lat="-32.2481078" lon="137.5513453">
      <ele>48.873</ele>
    </trkpt>
    <trkpt lat="-32.2487989" lon="137.5519348">
      <ele>48.035</ele>
    </trkpt>
    <trkpt lat="-32.2495231" lon="137.5524725">
      <ele>48.283</ele>
    </trkpt>
    <trkpt lat="-32.2504466" lon="137.5532012">
      <ele>49.598</ele>
    </trkpt>
    <trkpt lat="-32.2504752" lon="137.5532224">
      <ele>49.463</ele>
    </trkpt>
    <trkpt lat="-32.2506291" lon="137.5533337">
      <ele>49.001</ele>
    </trkpt>
    <trkpt lat="-32.2509365" lon="137.5535539">
      <ele>49.076</ele>
    </trkpt>
    <trkpt lat="-32.2514845" lon="137.5539269">
      <ele>48.09</ele>
    </trkpt>
    <trkpt lat="-32.2522966" lon="137.5544982">
      <ele>49.484</ele>
    </trkpt>
    <trkpt lat="-32.253752" lon="137.5554432">
      <ele>50.515</ele>
    </trkpt>
    <trkpt lat="-32.2540936" lon="137.5556544">
      <ele>49.551</ele>
    </trkpt>
    <trkpt lat="-32.2559963" lon="137.5567381">
      <ele>48.592</ele>
    </trkpt>
    <trkpt lat="-32.2581234" lon="137.5579427">
      <ele>46.551</ele>
    </trkpt>
    <trkpt lat="-32.2581933" lon="137.5579761">
      <ele>46.64</ele>
    </trkpt>
    <trkpt lat="-32.2590545" lon="137.5584614">
      <ele>49.186</ele>
    </trkpt>
    <trkpt lat="-32.2592505" lon="137.5585727">
      <ele>49.042</ele>
    </trkpt>
    <trkpt lat="-32.261263" lon="137.5596874">
      <ele>48.396</ele>
    </trkpt>
    <trkpt lat="-32.2634921" lon="137.5609317">
      <ele>47.217</ele>
    </trkpt>
    <trkpt lat="-32.2636547" lon="137.5610225">
      <ele>47.426</ele>
    </trkpt>
    <trkpt lat="-32.2685343" lon="137.5637465">
      <ele>47.749</ele>
    </trkpt>
    <trkpt lat="-32.2722014" lon="137.5657983">
      <ele>45.308</ele>
    </trkpt>
    <trkpt lat="-32.2761022" lon="137.5679734">
      <ele>47.264</ele>
    </trkpt>
    <trkpt lat="-32.2788863" lon="137.5695387">
      <ele>47.0</ele>
    </trkpt>
    <trkpt lat="-32.2800973" lon="137.5702334">
      <ele>47.191</ele>
    </trkpt>
    <trkpt lat="-32.282988" lon="137.5718504">
      <ele>46.339</ele>
    </trkpt>
    <trkpt lat="-32.2860806" lon="137.5735709">
      <ele>44.349</ele>
    </trkpt>
    <trkpt lat="-32.2882951" lon="137.5748092">
      <ele>47.862</ele>
    </trkpt>
    <trkpt lat="-32.2906528" lon="137.5761277">
      <ele>47.71</ele>
    </trkpt>
    <trkpt lat="-32.2915487" lon="137.576624">
      <ele>49.664</ele>
    </trkpt>
    <trkpt lat="-32.2930147" lon="137.5774362">
      <ele>46.773</ele>
    </trkpt>
    <trkpt lat="-32.2940308" lon="137.5780012">
      <ele>45.607</ele>
    </trkpt>
    <trkpt lat="-32.2989277" lon="137.5807566">
      <ele>45.039</ele>
    </trkpt>
    <trkpt lat="-32.2999558" lon="137.5813351">
      <ele>43.713</ele>
    </trkpt>
    <trkpt lat="-32.3002315" lon="137.5814767">
      <ele>45.403</ele>
    </trkpt>
    <trkpt lat="-32.3014822" lon="137.5821192">
      <ele>45.246</ele>
    </trkpt>
    <trkpt lat="-32.302551" lon="137.5826361">
      <ele>49.004</ele>
    </trkpt>
    <trkpt lat="-32.3031162" lon="137.582894">
      <ele>45.945</ele>
    </trkpt>
    <trkpt lat="-32.3052782" lon="137.583823">
      <ele>43.712</ele>
    </trkpt>
    <trkpt lat="-32.3069827" lon="137.5845355">
      <ele>44.093</ele>
    </trkpt>
    <trkpt lat="-32.3092896" lon="137.5855042">
      <ele>45.557</ele>
    </trkpt>
    <trkpt lat="-32.3094321" lon="137.5855641">
      <ele>45.012</ele>
    </trkpt>
    <trkpt lat="-32.3094591" lon="137.5855753">
      <ele>44.925</ele>
    </trkpt>
    <trkpt lat="-32.3104777" lon="137.5859991">
      <ele>43.43</ele>
    </trkpt>
    <trkpt lat="-32.3106473" lon="137.5860696">
      <ele>43.9</ele>
    </trkpt>
    <trkpt lat="-32.311326" lon="137.5863524">
      <ele>42.459</ele>
    </trkpt>
    <trkpt lat="-32.3118349" lon="137.5865643">
      <ele>40.514</ele>
    </trkpt>
    <trkpt lat="-32.3150557" lon="137.5879157">
      <ele>44.0</ele>
    </trkpt>
    <trkpt lat="-32.3162802" lon="137.5884309">
      <ele>42.96</ele>
    </trkpt>
    <trkpt lat="-32.3174286" lon="137.5889126">
      <ele>44.423</ele>
    </trkpt>
    <trkpt lat="-32.3189109" lon="137.5895296">
      <ele>43.0</ele>
    </trkpt>
    <trkpt lat="-32.3245495" lon="137.5918961">
      <ele>43.108</ele>
    </trkpt>
    <trkpt lat="-32.3248089" lon="137.5919802">
      <ele>43.055</ele>
    </trkpt>
    <trkpt lat="-32.3270427" lon="137.59294">
      <ele>42.731</ele>
    </trkpt>
    <trkpt lat="-32.329237" lon="137.593857">
      <ele>41.506</ele>
    </trkpt>
    <trkpt lat="-32.3354904" lon="137.5964793">
      <ele>42.205</ele>
    </trkpt>
    <trkpt lat="-32.3355099" lon="137.5964876">
      <ele>42.316</ele>
    </trkpt>
    <trkpt lat="-32.335681" lon="137.5965568">
      <ele>42.669</ele>
    </trkpt>
    <trkpt lat="-32.3402579" lon="137.5984756">
      <ele>42.559</ele>
    </trkpt>
    <trkpt lat="-32.3426717" lon="137.5994721">
      <ele>42.0</ele>
    </trkpt>
    <trkpt lat="-32.347458" lon="137.601484">
      <ele>41.849</ele>
    </trkpt>
    <trkpt lat="-32.3481152" lon="137.6017567">
      <ele>39.64</ele>
    </trkpt>
    <trkpt lat="-32.349894" lon="137.6024946">
      <ele>40.993</ele>
    </trkpt>
    <trkpt lat="-32.3500637" lon="137.602565">
      <ele>40.541</ele>
    </trkpt>
    <trkpt lat="-32.3502335" lon="137.6026354">
      <ele>39.319</ele>
    </trkpt>
    <trkpt lat="-32.351091" lon="137.6029911">
      <ele>39.944</ele>
    </trkpt>
    <trkpt lat="-32.3515771" lon="137.6032035">
      <ele>40.678</ele>
    </trkpt>
    <trkpt lat="-32.3519427" lon="137.6033859">
      <ele>40.005</ele>
    </trkpt>
    <trkpt lat="-32.3522777" lon="137.6035312">
      <ele>39.425</ele>
    </trkpt>
    <trkpt lat="-32.3526774" lon="137.6037313">
      <ele>39.95</ele>
    </trkpt>
    <trkpt lat="-32.3531324" lon="137.6039698">
      <ele>40.845</ele>
    </trkpt>
    <trkpt lat="-32.3534633" lon="137.6041664">
      <ele>43.467</ele>
    </trkpt>
    <trkpt lat="-32.3538904" lon="137.6044121">
      <ele>43.995</ele>
    </trkpt>
    <trkpt lat="-32.3540531" lon="137.6045006">
      <ele>43.326</ele>
    </trkpt>
    <trkpt lat="-32.3549538" lon="137.6050842">
      <ele>43.354</ele>
    </trkpt>
    <trkpt lat="-32.355129" lon="137.6052001">
      <ele>43.256</ele>
    </trkpt>
    <trkpt lat="-32.3554139" lon="137.6054066">
      <ele>42.974</ele>
    </trkpt>
    <trkpt lat="-32.3557113" lon="137.6056306">
      <ele>43.528</ele>
    </trkpt>
    <trkpt lat="-32.3564305" lon="137.6061846">
      <ele>43.375</ele>
    </trkpt>
    <trkpt lat="-32.3567136" lon="137.6064208">
      <ele>43.812</ele>
    </trkpt>
    <trkpt lat="-32.3570848" lon="137.606739">
      <ele>41.121</ele>
    </trkpt>
    <trkpt lat="-32.3574934" lon="137.6071112">
      <ele>41.224</ele>
    </trkpt>
    <trkpt lat="-32.3578591" lon="137.6074529">
      <ele>42.88</ele>
    </trkpt>
    <trkpt lat="-32.3580395" lon="137.6076276">
      <ele>42.108</ele>
    </trkpt>
    <trkpt lat="-32.3583729" lon="137.6079654">
      <ele>39.136</ele>
    </trkpt>
    <trkpt lat="-32.3585716" lon="137.608169">
      <ele>38.142</ele>
    </trkpt>
    <trkpt lat="-32.3588681" lon="137.6084869">
      <ele>38.041</ele>
    </trkpt>
    <trkpt lat="-32.3592002" lon="137.6088542">
      <ele>37.905</ele>
    </trkpt>
    <trkpt lat="-32.3595502" lon="137.6092559">
      <ele>37.497</ele>
    </trkpt>
    <trkpt lat="-32.3606885" lon="137.61056">
      <ele>35.505</ele>
    </trkpt>
    <trkpt lat="-32.3618563" lon="137.6118978">
      <ele>36.432</ele>
    </trkpt>
    <trkpt lat="-32.3619813" lon="137.6120405">
      <ele>35.867</ele>
    </trkpt>
    <trkpt lat="-32.3621108" lon="137.6121883">
      <ele>35.401</ele>
    </trkpt>
    <trkpt lat="-32.3700091" lon="137.6212044">
      <ele>34.664</ele>
    </trkpt>
    <trkpt lat="-32.3704021" lon="137.6216538">
      <ele>31.624</ele>
    </trkpt>
    <trkpt lat="-32.3715601" lon="137.6229815">
      <ele>34.0</ele>
    </trkpt>
    <trkpt lat="-32.3715637" lon="137.6229856">
      <ele>34.0</ele>
    </trkpt>
    <trkpt lat="-32.3724691" lon="137.624013">
      <ele>34.336</ele>
    </trkpt>
    <trkpt lat="-32.3726166" lon="137.6241804">
      <ele>34.16</ele>
    </trkpt>
    <trkpt lat="-32.3731164" lon="137.6247523">
      <ele>33.219</ele>
    </trkpt>
    <trkpt lat="-32.3732457" lon="137.6249003">
      <ele>33.685</ele>
    </trkpt>
    <trkpt lat="-32.3771257" lon="137.6293403">
      <ele>40.592</ele>
    </trkpt>
    <trkpt lat="-32.377255" lon="137.6294883">
      <ele>40.0</ele>
    </trkpt>
    <trkpt lat="-32.3779017" lon="137.6302284">
      <ele>42.822</ele>
    </trkpt>
    <trkpt lat="-32.378031" lon="137.6303763">
      <ele>42.677</ele>
    </trkpt>
    <trkpt lat="-32.3786777" lon="137.6311164">
      <ele>43.254</ele>
    </trkpt>
    <trkpt lat="-32.3787946" lon="137.6312502">
      <ele>43.831</ele>
    </trkpt>
    <trkpt lat="-32.3793277" lon="137.6318523">
      <ele>45.387</ele>
    </trkpt>
    <trkpt lat="-32.3800499" lon="137.6326681">
      <ele>44.82</ele>
    </trkpt>
    <trkpt lat="-32.3810042" lon="137.6336898">
      <ele>44.23</ele>
    </trkpt>
    <trkpt lat="-32.3819807" lon="137.6346985">
      <ele>45.119</ele>
    </trkpt>
    <trkpt lat="-32.3847638" lon="137.6375514">
      <ele>46.878</ele>
    </trkpt>
    <trkpt lat="-32.3861577" lon="137.638995">
      <ele>48.45</ele>
    </trkpt>
    <trkpt lat="-32.3864744" lon="137.6393207">
      <ele>46.138</ele>
    </trkpt>
    <trkpt lat="-32.3866102" lon="137.6394604">
      <ele>45.203</ele>
    </trkpt>
    <trkpt lat="-32.386746" lon="137.6396">
      <ele>45.446</ele>
    </trkpt>
    <trkpt lat="-32.3868818" lon="137.6397397">
      <ele>46.612</ele>
    </trkpt>
    <trkpt lat="-32.3870176" lon="137.6398794">
      <ele>48.093</ele>
    </trkpt>
    <trkpt lat="-32.3871534" lon="137.6400191">
      <ele>49.504</ele>
    </trkpt>
    <trkpt lat="-32.3885369" lon="137.6414422">
      <ele>46.459</ele>
    </trkpt>
    <trkpt lat="-32.3886472" lon="137.6415553">
      <ele>46.573</ele>
    </trkpt>
    <trkpt lat="-32.3887832" lon="137.6416947">
      <ele>46.419</ele>
    </trkpt>
    <trkpt lat="-32.3902511" lon="137.6431995">
      <ele>47.614</ele>
    </trkpt>
    <trkpt lat="-32.3927217" lon="137.6457448">
      <ele>42.637</ele>
    </trkpt>
    <trkpt lat="-32.3928574" lon="137.6458846">
      <ele>41.684</ele>
    </trkpt>
    <trkpt lat="-32.3929931" lon="137.6460244">
      <ele>41.158</ele>
    </trkpt>
    <trkpt lat="-32.3931288" lon="137.6461642">
      <ele>40.859</ele>
    </trkpt>
    <trkpt lat="-32.3950868" lon="137.6481816">
      <ele>45.376</ele>
    </trkpt>
    <trkpt lat="-32.3960565" lon="137.6491742">
      <ele>45.251</ele>
    </trkpt>
    <trkpt lat="-32.3971471" lon="137.6502982">
      <ele>45.668</ele>
    </trkpt>
    <trkpt lat="-32.3975735" lon="137.6507345">
      <ele>45.882</ele>
    </trkpt>
    <trkpt lat="-32.3984039" lon="137.6515948">
      <ele>47.193</ele>
    </trkpt>
    <trkpt lat="-32.3985859" lon="137.6517918">
      <ele>47.0</ele>
    </trkpt>
    <trkpt lat="-32.398868" lon="137.6520775">
      <ele>47.0</ele>
    </trkpt>
    <trkpt lat="-32.399812" lon="137.6530437">
      <ele>42.944</ele>
    </trkpt>
    <trkpt lat="-32.4000841" lon="137.6533222">
      <ele>43.367</ele>
    </trkpt>
    <trkpt lat="-32.4002202" lon="137.6534615">
      <ele>41.953</ele>
    </trkpt>
    <trkpt lat="-32.401659" lon="137.6549341">
      <ele>37.237</ele>
    </trkpt>
    <trkpt lat="-32.4033379" lon="137.6566756">
      <ele>33.015</ele>
    </trkpt>
    <trkpt lat="-32.4034764" lon="137.6568181">
      <ele>32.953</ele>
    </trkpt>
    <trkpt lat="-32.4036122" lon="137.6569578">
      <ele>31.956</ele>
    </trkpt>
    <trkpt lat="-32.4037479" lon="137.6570975">
      <ele>31.941</ele>
    </trkpt>
    <trkpt lat="-32.4040195" lon="137.6573769">
      <ele>31.41</ele>
    </trkpt>
    <trkpt lat="-32.4042911" lon="137.6576564">
      <ele>31.241</ele>
    </trkpt>
    <trkpt lat="-32.4053773" lon="137.6587742">
      <ele>26.771</ele>
    </trkpt>
    <trkpt lat="-32.405513" lon="137.6589138">
      <ele>26.847</ele>
    </trkpt>
    <trkpt lat="-32.4056489" lon="137.6590536">
      <ele>27.137</ele>
    </trkpt>
    <trkpt lat="-32.4057846" lon="137.6591933">
      <ele>26.904</ele>
    </trkpt>
    <trkpt lat="-32.4059204" lon="137.659333">
      <ele>26.088</ele>
    </trkpt>
    <trkpt lat="-32.4065993" lon="137.6600316">
      <ele>23.114</ele>
    </trkpt>
    <trkpt lat="-32.4067351" lon="137.6601713">
      <ele>23.559</ele>
    </trkpt>
    <trkpt lat="-32.407414" lon="137.6608699">
      <ele>25.29</ele>
    </trkpt>
    <trkpt lat="-32.4075498" lon="137.6610096">
      <ele>25.61</ele>
    </trkpt>
    <trkpt lat="-32.4125736" lon="137.6661796">
      <ele>16.265</ele>
    </trkpt>
    <trkpt lat="-32.4128451" lon="137.6664591">
      <ele>16.808</ele>
    </trkpt>
    <trkpt lat="-32.4130375" lon="137.6666571">
      <ele>16.937</ele>
    </trkpt>
    <trkpt lat="-32.4131166" lon="137.6667386">
      <ele>17.0</ele>
    </trkpt>
    <trkpt lat="-32.4132524" lon="137.6668783">
      <ele>17.0</ele>
    </trkpt>
    <trkpt lat="-32.4133882" lon="137.6670181">
      <ele>16.855</ele>
    </trkpt>
    <trkpt lat="-32.4147459" lon="137.6684155">
      <ele>13.789</ele>
    </trkpt>
    <trkpt lat="-32.4148817" lon="137.6685552">
      <ele>13.775</ele>
    </trkpt>
    <trkpt lat="-32.4163944" lon="137.6701123">
      <ele>13.04</ele>
    </trkpt>
    <trkpt lat="-32.4168347" lon="137.6705686">
      <ele>14.972</ele>
    </trkpt>
    <trkpt lat="-32.4177124" lon="137.6714889">
      <ele>15.191</ele>
    </trkpt>
    <trkpt lat="-32.4182648" lon="137.6721017">
      <ele>13.434</ele>
    </trkpt>
    <trkpt lat="-32.4187416" lon="137.6726614">
      <ele>14.803</ele>
    </trkpt>
    <trkpt lat="-32.4192867" lon="137.6733304">
      <ele>15.578</ele>
    </trkpt>
    <trkpt lat="-32.4196253" lon="137.6737622">
      <ele>15.195</ele>
    </trkpt>
    <trkpt lat="-32.4197454" lon="137.6739216">
      <ele>15.926</ele>
    </trkpt>
    <trkpt lat="-32.4199351" lon="137.6741771">
      <ele>16.009</ele>
    </trkpt>
    <trkpt lat="-32.4200336" lon="137.6743134">
      <ele>15.815</ele>
    </trkpt>
    <trkpt lat="-32.4202179" lon="137.6745666">
      <ele>14.336</ele>
    </trkpt>
    <trkpt lat="-32.4205452" lon="137.6750335">
      <ele>13.0</ele>
    </trkpt>
    <trkpt lat="-32.4208726" lon="137.6755294">
      <ele>13.141</ele>
    </trkpt>
    <trkpt lat="-32.4211778" lon="137.6760047">
      <ele>15.617</ele>
    </trkpt>
    <trkpt lat="-32.4213427" lon="137.6762682">
      <ele>17.037</ele>
    </trkpt>
    <trkpt lat="-32.4225586" lon="137.678269">
      <ele>14.021</ele>
    </trkpt>
    <trkpt lat="-32.4233502" lon="137.6795718">
      <ele>13.028</ele>
    </trkpt>
    <trkpt lat="-32.4238898" lon="137.6804614">
      <ele>10.999</ele>
    </trkpt>
    <trkpt lat="-32.4258239" lon="137.6836508">
      <ele>11.068</ele>
    </trkpt>
    <trkpt lat="-32.4279229" lon="137.6871139">
      <ele>9.796</ele>
    </trkpt>
    <trkpt lat="-32.4285212" lon="137.6881234">
      <ele>11.733</ele>
    </trkpt>
    <trkpt lat="-32.4295042" lon="137.6897345">
      <ele>8.088</ele>
    </trkpt>
    <trkpt lat="-32.429799" lon="137.6901665">
      <ele>10.323</ele>
    </trkpt>
    <trkpt lat="-32.4299165" lon="137.6903388">
      <ele>10.301</ele>
    </trkpt>
    <trkpt lat="-32.4302822" lon="137.6908313">
      <ele>9.0</ele>
    </trkpt>
    <trkpt lat="-32.4307336" lon="137.6913853">
      <ele>9.008</ele>
    </trkpt>
    <trkpt lat="-32.431204" lon="137.6919121">
      <ele>10.295</ele>
    </trkpt>
    <trkpt lat="-32.4317446" lon="137.6924558">
      <ele>13.56</ele>
    </trkpt>
    <trkpt lat="-32.4322923" lon="137.6929587">
      <ele>11.651</ele>
    </trkpt>
    <trkpt lat="-32.432983" lon="137.6935153">
      <ele>10.522</ele>
    </trkpt>
    <trkpt lat="-32.4337036" lon="137.6940262">
      <ele>10.161</ele>
    </trkpt>
    <trkpt lat="-32.4368545" lon="137.6959657">
      <ele>9.8</ele>
    </trkpt>
    <trkpt lat="-32.4381253" lon="137.696748">
      <ele>8.544</ele>
    </trkpt>
    <trkpt lat="-32.4387178" lon="137.697144">
      <ele>10.0</ele>
    </trkpt>
    <trkpt lat="-32.439174" lon="137.6974887">
      <ele>8.974</ele>
    </trkpt>
    <trkpt lat="-32.4392866" lon="137.6975737">
      <ele>8.303</ele>
    </trkpt>
    <trkpt lat="-32.4394416" lon="137.6977061">
      <ele>7.268</ele>
    </trkpt>
    <trkpt lat="-32.4401032" lon="137.6982711">
      <ele>8.295</ele>
    </trkpt>
    <trkpt lat="-32.4407807" lon="137.6989503">
      <ele>12.8</ele>
    </trkpt>
    <trkpt lat="-32.4413683" lon="137.6996157">
      <ele>11.656</ele>
    </trkpt>
    <trkpt lat="-32.4414831" lon="137.6997457">
      <ele>11.999</ele>
    </trkpt>
    <trkpt lat="-32.4418391" lon="137.7001918">
      <ele>11.765</ele>
    </trkpt>
    <trkpt lat="-32.4419011" lon="137.7002769">
      <ele>11.999</ele>
    </trkpt>
    <trkpt lat="-32.4421506" lon="137.700619">
      <ele>11.514</ele>
    </trkpt>
    <trkpt lat="-32.4425822" lon="137.7012672">
      <ele>8.604</ele>
    </trkpt>
    <trkpt lat="-32.4432428" lon="137.7023327">
      <ele>9.878</ele>
    </trkpt>
    <trkpt lat="-32.443433" lon="137.7026434">
      <ele>5.092</ele>
    </trkpt>
    <trkpt lat="-32.4435386" lon="137.702816">
      <ele>3.5</ele>
    </trkpt>
    <trkpt lat="-32.4436442" lon="137.7029885">
      <ele>4.665</ele>
    </trkpt>
    <trkpt lat="-32.4437498" lon="137.703161">
      <ele>6.069</ele>
    </trkpt>
    <trkpt lat="-32.4438554" lon="137.7033336">
      <ele>7.0</ele>
    </trkpt>
    <trkpt lat="-32.4468118" lon="137.7081648">
      <ele>19.581</ele>
    </trkpt>
    <trkpt lat="-32.4469174" lon="137.7083373">
      <ele>19.927</ele>
    </trkpt>
    <trkpt lat="-32.4472342" lon="137.708855">
      <ele>9.009</ele>
    </trkpt>
    <trkpt lat="-32.4473398" lon="137.7090276">
      <ele>9.422</ele>
    </trkpt>
    <trkpt lat="-32.4475884" lon="137.7094339">
      <ele>19.031</ele>
    </trkpt>
    <trkpt lat="-32.4482086" lon="137.7104613">
      <ele>18.339</ele>
    </trkpt>
    <trkpt lat="-32.4488185" lon="137.7115326">
      <ele>20.878</ele>
    </trkpt>
    <trkpt lat="-32.4489768" lon="137.7118314">
      <ele>20.871</ele>
    </trkpt>
    <trkpt lat="-32.4490724" lon="137.7120119">
      <ele>20.84</ele>
    </trkpt>
    <trkpt lat="-32.4494814" lon="137.7127839">
      <ele>18.136</ele>
    </trkpt>
    <trkpt lat="-32.4501028" lon="137.7140467">
      <ele>21.84</ele>
    </trkpt>
    <trkpt lat="-32.4504307" lon="137.7147731">
      <ele>23.918</ele>
    </trkpt>
    <trkpt lat="-32.4508582" lon="137.7157202">
      <ele>22.46</ele>
    </trkpt>
    <trkpt lat="-32.4510977" lon="137.7162839">
      <ele>21.33</ele>
    </trkpt>
    <trkpt lat="-32.4527514" lon="137.7201762">
      <ele>19.602</ele>
    </trkpt>
    <trkpt lat="-32.4529116" lon="137.7205565">
      <ele>19.965</ele>
    </trkpt>
    <trkpt lat="-32.4531083" lon="137.7209766">
      <ele>22.0</ele>
    </trkpt>
    <trkpt lat="-32.453175" lon="137.7211302">
      <ele>21.97</ele>
    </trkpt>
    <trkpt lat="-32.4537282" lon="137.7224277">
      <ele>21.052</ele>
    </trkpt>
    <trkpt lat="-32.4541815" lon="137.7234698">
      <ele>18.895</ele>
    </trkpt>
    <trkpt lat="-32.4555742" lon="137.7267161">
      <ele>8.933</ele>
    </trkpt>
    <trkpt lat="-32.4559126" lon="137.7274827">
      <ele>9.608</ele>
    </trkpt>
    <trkpt lat="-32.4561068" lon="137.7278932">
      <ele>13.72</ele>
    </trkpt>
    <trkpt lat="-32.4561345" lon="137.7279516">
      <ele>14.261</ele>
    </trkpt>
    <trkpt lat="-32.4561637" lon="137.7280174">
      <ele>14.771</ele>
    </trkpt>
    <trkpt lat="-32.4562592" lon="137.7282215">
      <ele>14.107</ele>
    </trkpt>
    <trkpt lat="-32.4565585" lon="137.7287955">
      <ele>7.389</ele>
    </trkpt>
    <trkpt lat="-32.4566275" lon="137.7289279">
      <ele>7.422</ele>
    </trkpt>
    <trkpt lat="-32.4567802" lon="137.7291822">
      <ele>9.0</ele>
    </trkpt>
    <trkpt lat="-32.4569925" lon="137.7295603">
      <ele>8.827</ele>
    </trkpt>
    <trkpt lat="-32.4573918" lon="137.7301941">
      <ele>10.787</ele>
    </trkpt>
    <trkpt lat="-32.4577961" lon="137.7307755">
      <ele>15.986</ele>
    </trkpt>
    <trkpt lat="-32.4582451" lon="137.7313676">
      <ele>12.708</ele>
    </trkpt>
    <trkpt lat="-32.4585406" lon="137.7317309">
      <ele>11.225</ele>
    </trkpt>
    <trkpt lat="-32.4586486" lon="137.7318604">
      <ele>11.362</ele>
    </trkpt>
    <trkpt lat="-32.4587127" lon="137.7319426">
      <ele>11.847</ele>
    </trkpt>
    <trkpt lat="-32.4591045" lon="137.7323872">
      <ele>12.59</ele>
    </trkpt>
    <trkpt lat="-32.4595885" lon="137.7328928">
      <ele>10.401</ele>
    </trkpt>
    <trkpt lat="-32.4604049" lon="137.733687">
      <ele>19.059</ele>
    </trkpt>
    <trkpt lat="-32.4605439" lon="137.7338222">
      <ele>18.47</ele>
    </trkpt>
    <trkpt lat="-32.4606716" lon="137.7339465">
      <ele>18.628</ele>
    </trkpt>
    <trkpt lat="-32.460683" lon="137.7339574">
      <ele>18.671</ele>
    </trkpt>
    <trkpt lat="-32.460823" lon="137.7340912">
      <ele>19.197</ele>
    </trkpt>
    <trkpt lat="-32.462948" lon="137.7361231">
      <ele>24.113</ele>
    </trkpt>
    <trkpt lat="-32.4630371" lon="137.7362083">
      <ele>23.841</ele>
    </trkpt>
    <trkpt lat="-32.4631559" lon="137.736339">
      <ele>23.132</ele>
    </trkpt>
    <trkpt lat="-32.4632673" lon="137.736445">
      <ele>23.121</ele>
    </trkpt>
    <trkpt lat="-32.4633787" lon="137.7365511">
      <ele>23.023</ele>
    </trkpt>
    <trkpt lat="-32.4635551" lon="137.7367036">
      <ele>23.703</ele>
    </trkpt>
    <trkpt lat="-32.4636839" lon="137.7368268">
      <ele>25.101</ele>
    </trkpt>
    <trkpt lat="-32.4647307" lon="137.7378278">
      <ele>22.005</ele>
    </trkpt>
    <trkpt lat="-32.4654622" lon="137.7385286">
      <ele>23.572</ele>
    </trkpt>
    <trkpt lat="-32.4659129" lon="137.7389585">
      <ele>22.535</ele>
    </trkpt>
    <trkpt lat="-32.4660557" lon="137.7391229">
      <ele>22.031</ele>
    </trkpt>
    <trkpt lat="-32.4664061" lon="137.7394581">
      <ele>23.111</ele>
    </trkpt>
    <trkpt lat="-32.4668787" lon="137.7399067">
      <ele>23.73</ele>
    </trkpt>
    <trkpt lat="-32.4701026" lon="137.7429668">
      <ele>30.202</ele>
    </trkpt>
    <trkpt lat="-32.4704243" lon="137.7432821">
      <ele>29.57</ele>
    </trkpt>
    <trkpt lat="-32.4705742" lon="137.7434241">
      <ele>28.74</ele>
    </trkpt>
    <trkpt lat="-32.4706807" lon="137.7435272">
      <ele>28.753</ele>
    </trkpt>
    <trkpt lat="-32.4708539" lon="137.7436925">
      <ele>27.696</ele>
    </trkpt>
    <trkpt lat="-32.4726062" lon="137.7454106">
      <ele>24.783</ele>
    </trkpt>
    <trkpt lat="-32.4730737" lon="137.745869">
      <ele>18.92</ele>
    </trkpt>
    <trkpt lat="-32.4733839" lon="137.7461737">
      <ele>24.732</ele>
    </trkpt>
    <trkpt lat="-32.4737882" lon="137.7465695">
      <ele>22.778</ele>
    </trkpt>
    <trkpt lat="-32.4742516" lon="137.7470689">
      <ele>17.798</ele>
    </trkpt>
    <trkpt lat="-32.4751612" lon="137.7480051">
      <ele>12.212</ele>
    </trkpt>
    <trkpt lat="-32.475297" lon="137.7481449">
      <ele>11.829</ele>
    </trkpt>
    <trkpt lat="-32.4753646" lon="137.7482153">
      <ele>11.873</ele>
    </trkpt>
    <trkpt lat="-32.4754108" lon="137.7482619">
      <ele>11.682</ele>
    </trkpt>
    <trkpt lat="-32.4759837" lon="137.7488942">
      <ele>12.049</ele>
    </trkpt>
    <trkpt lat="-32.4769685" lon="137.7500069">
      <ele>12.248</ele>
    </trkpt>
    <trkpt lat="-32.4770212" lon="137.7500649">
      <ele>13.254</ele>
    </trkpt>
    <trkpt lat="-32.4774211" lon="137.7505058">
      <ele>15.335</ele>
    </trkpt>
    <trkpt lat="-32.4778424" lon="137.7509702">
      <ele>11.882</ele>
    </trkpt>
    <trkpt lat="-32.4783197" lon="137.7514646">
      <ele>16.261</ele>
    </trkpt>
    <trkpt lat="-32.4786851" lon="137.75183">
      <ele>19.723</ele>
    </trkpt>
    <trkpt lat="-32.4790192" lon="137.7521588">
      <ele>18.039</ele>
    </trkpt>
    <trkpt lat="-32.4792383" lon="137.7523594">
      <ele>22.538</ele>
    </trkpt>
    <trkpt lat="-32.4793201" lon="137.752417">
      <ele>24.494</ele>
    </trkpt>
    <trkpt lat="-32.4794025" lon="137.7524727">
      <ele>26.215</ele>
    </trkpt>
    <trkpt lat="-32.4794425" lon="137.7524974">
      <ele>26.965</ele>
    </trkpt>
    <trkpt lat="-32.4795938" lon="137.7525911">
      <ele>25.242</ele>
    </trkpt>
    <trkpt lat="-32.4796027" lon="137.7525935">
      <ele>25.214</ele>
    </trkpt>
    <trkpt lat="-32.4797044" lon="137.7526498">
      <ele>24.161</ele>
    </trkpt>
    <trkpt lat="-32.4798283" lon="137.7527151">
      <ele>25.031</ele>
    </trkpt>
    <trkpt lat="-32.4798924" lon="137.7527456">
      <ele>26.215</ele>
    </trkpt>
    <trkpt lat="-32.4799629" lon="137.7528673">
      <ele>28.383</ele>
    </trkpt>
    <trkpt lat="-32.4800045" lon="137.7529267">
      <ele>29.544</ele>
    </trkpt>
    <trkpt lat="-32.4800961" lon="137.7530591">
      <ele>30.008</ele>
    </trkpt>
    <trkpt lat="-32.4801249" lon="137.7531088">
      <ele>30.105</ele>
    </trkpt>
    <trkpt lat="-32.4801522" lon="137.7531693">
      <ele>30.185</ele>
    </trkpt>
    <trkpt lat="-32.4801826" lon="137.7532471">
      <ele>30.236</ele>
    </trkpt>
    <trkpt lat="-32.4802247" lon="137.7533619">
      <ele>30.191</ele>
    </trkpt>
    <trkpt lat="-32.4802555" lon="137.7534303">
      <ele>30.08</ele>
    </trkpt>
    <trkpt lat="-32.4802913" lon="137.7535046">
      <ele>29.719</ele>
    </trkpt>
    <trkpt lat="-32.4803121" lon="137.7536467">
      <ele>29.175</ele>
    </trkpt>
    <trkpt lat="-32.4803401" lon="137.7538014">
      <ele>27.425</ele>
    </trkpt>
    <trkpt lat="-32.4804057" lon="137.7540495">
      <ele>27.415</ele>
    </trkpt>
    <trkpt lat="-32.4804651" lon="137.7542205">
      <ele>29.171</ele>
    </trkpt>
    <trkpt lat="-32.4805034" lon="137.7543239">
      <ele>29.129</ele>
    </trkpt>
    <trkpt lat="-32.4805573" lon="137.7544617">
      <ele>28.759</ele>
    </trkpt>
    <trkpt lat="-32.4807139" lon="137.7548067">
      <ele>23.366</ele>
    </trkpt>
    <trkpt lat="-32.4810703" lon="137.7553225">
      <ele>20.976</ele>
    </trkpt>
    <trkpt lat="-32.4812275" lon="137.7555648">
      <ele>19.624</ele>
    </trkpt>
    <trkpt lat="-32.4813063" lon="137.7556877">
      <ele>17.323</ele>
    </trkpt>
    <trkpt lat="-32.4813314" lon="137.7557229">
      <ele>16.689</ele>
    </trkpt>
    <trkpt lat="-32.4814602" lon="137.7559249">
      <ele>14.997</ele>
    </trkpt>
    <trkpt lat="-32.4815324" lon="137.7560411">
      <ele>15.643</ele>
    </trkpt>
    <trkpt lat="-32.4815686" lon="137.7561107">
      <ele>16.291</ele>
    </trkpt>
    <trkpt lat="-32.4816633" lon="137.7562883">
      <ele>20.15</ele>
    </trkpt>
    <trkpt lat="-32.4817388" lon="137.7564798">
      <ele>21.131</ele>
    </trkpt>
    <trkpt lat="-32.4818283" lon="137.7567066">
      <ele>19.566</ele>
    </trkpt>
    <trkpt lat="-32.48188" lon="137.7568483">
      <ele>14.93</ele>
    </trkpt>
    <trkpt lat="-32.481977" lon="137.7571128">
      <ele>12.117</ele>
    </trkpt>
    <trkpt lat="-32.4820367" lon="137.75727">
      <ele>12.332</ele>
    </trkpt>
    <trkpt lat="-32.4820933" lon="137.7574066">
      <ele>12.536</ele>
    </trkpt>
    <trkpt lat="-32.4822296" lon="137.757684">
      <ele>12.32</ele>
    </trkpt>
    <trkpt lat="-32.4823831" lon="137.757921">
      <ele>11.701</ele>
    </trkpt>
    <trkpt lat="-32.4824414" lon="137.7579923">
      <ele>11.391</ele>
    </trkpt>
    <trkpt lat="-32.4824817" lon="137.7580473">
      <ele>11.094</ele>
    </trkpt>
    <trkpt lat="-32.4825371" lon="137.7581186">
      <ele>11.0</ele>
    </trkpt>
    <trkpt lat="-32.4825575" lon="137.7581397">
      <ele>11.0</ele>
    </trkpt>
    <trkpt lat="-32.4826363" lon="137.758218">
      <ele>11.0</ele>
    </trkpt>
    <trkpt lat="-32.4834049" lon="137.7588841">
      <ele>6.283</ele>
    </trkpt>
    <trkpt lat="-32.4838775" lon="137.7593001">
      <ele>4.58</ele>
    </trkpt>
    <trkpt lat="-32.4841519" lon="137.7595416">
      <ele>2.088</ele>
    </trkpt>
    <trkpt lat="-32.4844101" lon="137.7598501">
      <ele>2.921</ele>
    </trkpt>
    <trkpt lat="-32.4845368" lon="137.7600015">
      <ele>4.009</ele>
    </trkpt>
    <trkpt lat="-32.4848104" lon="137.7603568">
      <ele>4.365</ele>
    </trkpt>
    <trkpt lat="-32.4850255" lon="137.7606953">
      <ele>2.36</ele>
    </trkpt>
    <trkpt lat="-32.4850604" lon="137.7607588">
      <ele>1.993</ele>
    </trkpt>
    <trkpt lat="-32.4852931" lon="137.7611571">
      <ele>0.0</ele>
    </trkpt>
    <trkpt lat="-32.4852993" lon="137.7611686">
      <ele>0.0</ele>
    </trkpt>
    <trkpt lat="-32.4857407" lon="137.7620982">
      <ele>0.0</ele>
    </trkpt>
    <trkpt lat="-32.4863669" lon="137.7633924">
      <ele>0.0</ele>
    </trkpt>
    <trkpt lat="-32.4864578" lon="137.7635803">
      <ele>0.0</ele>
    </trkpt>
    <trkpt lat="-32.4866374" lon="137.7639514">
      <ele>0.0</ele>
    </trkpt>
    <trkpt lat="-32.4866789" lon="137.7640357">
      <ele>0.0</ele>
    </trkpt>
    <trkpt lat="-32.4870051" lon="137.7646125">
      <ele>1.433</ele>
    </trkpt>
    <trkpt lat="-32.4871579" lon="137.7648118">
      <ele>2.983</ele>
    </trkpt>
    <trkpt lat="-32.4871866" lon="137.7648492">
      <ele>3.158</ele>
    </trkpt>
    <trkpt lat="-32.487239" lon="137.7649635">
      <ele>3.276</ele>
    </trkpt>
    <trkpt lat="-32.4873231" lon="137.7650769">
      <ele>4.229</ele>
    </trkpt>
    <trkpt lat="-32.4873804" lon="137.7651473">
      <ele>5.649</ele>
    </trkpt>
    <trkpt lat="-32.4875632" lon="137.7653527">
      <ele>10.929</ele>
    </trkpt>
    <trkpt lat="-32.4877298" lon="137.7655399">
      <ele>13.973</ele>
    </trkpt>
    <trkpt lat="-32.4879178" lon="137.7657002">
      <ele>12.263</ele>
    </trkpt>
    <trkpt lat="-32.4880164" lon="137.765793">
      <ele>14.263</ele>
    </trkpt>
    <trkpt lat="-32.4881159" lon="137.765886">
      <ele>15.772</ele>
    </trkpt>
    <trkpt lat="-32.4881451" lon="137.7659099">
      <ele>15.762</ele>
    </trkpt>
    <trkpt lat="-32.4881928" lon="137.7659513">
      <ele>15.85</ele>
    </trkpt>
    <trkpt lat="-32.4884078" lon="137.7661227">
      <ele>17.042</ele>
    </trkpt>
    <trkpt lat="-32.4884962" lon="137.7661887">
      <ele>17.279</ele>
    </trkpt>
    <trkpt lat="-32.4885167" lon="137.7662054">
      <ele>17.339</ele>
    </trkpt>
    <trkpt lat="-32.4885203" lon="137.7662065">
      <ele>17.343</ele>
    </trkpt>
    <trkpt lat="-32.4887603" lon="137.7663525">
      <ele>18.406</ele>
    </trkpt>
    <trkpt lat="-32.4888838" lon="137.7664219">
      <ele>19.101</ele>
    </trkpt>
    <trkpt lat="-32.4890975" lon="137.7665402">
      <ele>19.887</ele>
    </trkpt>
    <trkpt lat="-32.4893673" lon="137.7667497">
      <ele>19.485</ele>
    </trkpt>
    <trkpt lat="-32.4893994" lon="137.7667712">
      <ele>19.308</ele>
    </trkpt>
    <trkpt lat="-32.4894578" lon="137.7668157">
      <ele>18.905</ele>
    </trkpt>
    <trkpt lat="-32.4895266" lon="137.7668661">
      <ele>18.481</ele>
    </trkpt>
    <trkpt lat="-32.4895872" lon="137.7669108">
      <ele>18.18</ele>
    </trkpt>
    <trkpt lat="-32.4897005" lon="137.7669923">
      <ele>17.987</ele>
    </trkpt>
    <trkpt lat="-32.4898347" lon="137.7670897">
      <ele>18.617</ele>
    </trkpt>
    <trkpt lat="-32.4898932" lon="137.7671342">
      <ele>19.036</ele>
    </trkpt>
    <trkpt lat="-32.4899194" lon="137.7671533">
      <ele>19.244</ele>
    </trkpt>
    <trkpt lat="-32.4900254" lon="137.7672293">
      <ele>20.34</ele>
    </trkpt>
    <trkpt lat="-32.4901573" lon="137.7673239">
      <ele>21.899</ele>
    </trkpt>
    <trkpt lat="-32.4902295" lon="137.7673755">
      <ele>22.753</ele>
    </trkpt>
    <trkpt lat="-32.4903261" lon="137.7674449">
      <ele>23.686</ele>
    </trkpt>
    <trkpt lat="-32.490387" lon="137.7674834">
      <ele>24.216</ele>
    </trkpt>
    <trkpt lat="-32.4904135" lon="137.7675001">
      <ele>24.465</ele>
    </trkpt>
    <trkpt lat="-32.490465" lon="137.7675319">
      <ele>24.792</ele>
    </trkpt>
    <trkpt lat="-32.4905228" lon="137.7675676">
      <ele>25.16</ele>
    </trkpt>
    <trkpt lat="-32.4906256" lon="137.767628">
      <ele>24.942</ele>
    </trkpt>
    <trkpt lat="-32.4910331" lon="137.7679514">
      <ele>23.375</ele>
    </trkpt>
    <trkpt lat="-32.4910503" lon="137.7680318">
      <ele>23.086</ele>
    </trkpt>
    <trkpt lat="-32.4910664" lon="137.7680972">
      <ele>22.7</ele>
    </trkpt>
    <trkpt lat="-32.4910819" lon="137.7681691">
      <ele>22.182</ele>
    </trkpt>
    <trkpt lat="-32.4910886" lon="137.7682312">
      <ele>21.735</ele>
    </trkpt>
    <trkpt lat="-32.4910986" lon="137.7683647">
      <ele>20.887</ele>
    </trkpt>
    <trkpt lat="-32.4910175" lon="137.7684993">
      <ele>20.403</ele>
    </trkpt>
    <trkpt lat="-32.4908211" lon="137.7688253">
      <ele>19.912</ele>
    </trkpt>
    <trkpt lat="-32.4907193" lon="137.7690011">
      <ele>19.583</ele>
    </trkpt>
    <trkpt lat="-32.4904139" lon="137.7695285">
      <ele>20.303</ele>
    </trkpt>
    <trkpt lat="-32.4899999" lon="137.7702577">
      <ele>20.0</ele>
    </trkpt>
    <trkpt lat="-32.4894977" lon="137.7711422">
      <ele>18.91</ele>
    </trkpt>
    <trkpt lat="-32.4902318" lon="137.7716929">
      <ele>18.0</ele>
    </trkpt>
    <trkpt lat="-32.4908976" lon="137.7722256">
      <ele>19.448</ele>
    </trkpt>
    <trkpt lat="-32.4915913" lon="137.7727786">
      <ele>15.991</ele>
    </trkpt>
    <trkpt lat="-32.4916368" lon="137.7728142">
      <ele>15.607</ele>
    </trkpt>
    <trkpt lat="-32.4922766" lon="137.7733156">
      <ele>13.311</ele>
    </trkpt>
    <trkpt lat="-32.4923183" lon="137.7733484">
      <ele>13.237</ele>
    </trkpt>
    <trkpt lat="-32.4925503" lon="137.7729266">
      <ele>15.844</ele>
    </trkpt>
    <trkpt lat="-32.4925779" lon="137.7728903">
      <ele>16.023</ele>
    </trkpt>
    <trkpt lat="-32.4925983" lon="137.7728717">
      <ele>16.09</ele>
    </trkpt>
    <trkpt lat="-32.4926085" lon="137.7728642">
      <ele>16.109</ele>
    </trkpt>
    <trkpt lat="-32.4926266" lon="137.772672">
      <ele>17.132</ele>
    </trkpt>
    <trkpt lat="-32.4928092" lon="137.7723368">
      <ele>17.0</ele>
    </trkpt>
    <trkpt lat="-32.4928633" lon="137.7722863">
      <ele>17.0</ele>
    </trkpt>
    <trkpt lat="-32.492962" lon="137.7721116">
      <ele>16.736</ele>
    </trkpt>
    <trkpt lat="-32.4929771" lon="137.7720849">
      <ele>16.645</ele>
    </trkpt>
    <trkpt lat="-32.4930551" lon="137.7720127">
      <ele>16.247</ele>
    </trkpt>
    <trkpt lat="-32.4933874" lon="137.7717162">
      <ele>16.965</ele>
    </trkpt>
    <trkpt lat="-32.4934824" lon="137.7716719">
      <ele>16.99</ele>
    </trkpt>
    <trkpt lat="-32.4936136" lon="137.7716934">
      <ele>16.895</ele>
    </trkpt>
    <trkpt lat="-32.4936928" lon="137.7717055">
      <ele>16.566</ele>
    </trkpt>
    <trkpt lat="-32.4937516" lon="137.7717108">
      <ele>16.335</ele>
    </trkpt>
    <trkpt lat="-32.4938138" lon="137.7716907">
      <ele>16.184</ele>
    </trkpt>
    <trkpt lat="-32.4942708" lon="137.7712924">
      <ele>17.467</ele>
    </trkpt>
    <trkpt lat="-32.4942991" lon="137.7712549">
      <ele>17.299</ele>
    </trkpt>
    <trkpt lat="-32.4943115" lon="137.7712066">
      <ele>17.271</ele>
    </trkpt>
    <trkpt lat="-32.4943117" lon="137.7711961">
      <ele>17.287</ele>
    </trkpt>
    <trkpt lat="-32.4943152" lon="137.7709828">
      <ele>17.149</ele>
    </trkpt>
    <trkpt lat="-32.4943183" lon="137.7707949">
      <ele>16.892</ele>
    </trkpt>
    <trkpt lat="-32.4942911" lon="137.7706715">
      <ele>17.469</ele>
    </trkpt>
    <trkpt lat="-32.4942889" lon="137.7705575">
      <ele>17.677</ele>
    </trkpt>
    <trkpt lat="-32.4942708" lon="137.7704408">
      <ele>18.185</ele>
    </trkpt>
    <trkpt lat="-32.4942323" lon="137.7703054">
      <ele>18.717</ele>
    </trkpt>
    <trkpt lat="-32.4941486" lon="137.7701511">
      <ele>19.491</ele>
    </trkpt>
    <trkpt lat="-32.4940287" lon="137.7700117">
      <ele>19.979</ele>
    </trkpt>
    <trkpt lat="-32.4938952" lon="137.7699218">
      <ele>19.994</ele>
    </trkpt>
    <trkpt lat="-32.4938769" lon="137.769912">
      <ele>19.957</ele>
    </trkpt>
    <trkpt lat="-32.4937131" lon="137.7698239">
      <ele>19.367</ele>
    </trkpt>
    <trkpt lat="-32.4932697" lon="137.7695852">
      <ele>18.62</ele>
    </trkpt>
    <trkpt lat="-32.4932165" lon="137.7695637">
      <ele>18.669</ele>
    </trkpt>
    <trkpt lat="-32.4931679" lon="137.7695731">
      <ele>18.783</ele>
    </trkpt>
    <trkpt lat="-32.4931125" lon="137.7696134">
      <ele>18.92</ele>
    </trkpt>
    <trkpt lat="-32.4929157" lon="137.7697801">
      <ele>19.399</ele>
    </trkpt>
    <trkpt lat="-32.4924587" lon="137.7701672">
      <ele>17.945</ele>
    </trkpt>
    <trkpt lat="-32.4924428" lon="137.7701981">
      <ele>17.78</ele>
    </trkpt>
    <trkpt lat="-32.4925107" lon="137.7704274">
      <ele>17.018</ele>
    </trkpt>
    <trkpt lat="-32.4925016" lon="137.7705481">
      <ele>17.0</ele>
    </trkpt>
  </trkseg>
</trk>
</gpx>
