<?xml version="1.0" encoding="utf-8" standalone="yes"?>
<gpx version="1.1" creator="GPS Visualizer https://www.gpsvisualizer.com/" xmlns="http://www.topografix.com/GPX/1/1" xmlns:xsi="http://www.w3.org/2001/XMLSchema-instance" xsi:schemaLocation="http://www.topografix.com/GPX/1/1 http://www.topografix.com/GPX/1/1/gpx.xsd http://www.garmin.com/xmlschemas/TrackPointExtension/v2 http://www.garmin.com/xmlschemas/TrackPointExtensionv2.xsd http://www.garmin.com/xmlschemas/GpxExtensions/v3 http://www.garmin.com/xmlschemas/GpxExtensionsv3.xsd" xmlns:gpxtpx="http://www.garmin.com/xmlschemas/TrackPointExtension/v2" xmlns:gpxx="http://www.garmin.com/xmlschemas/GpxExtensions/v3">
<trk>
  <name>Route</name>
  <trkseg>
    <trkpt lat="-16.6795654" lon="133.4123969">
      <ele>232.565</ele>
    </trkpt>
    <trkpt lat="-16.6795654" lon="133.4123969">
      <ele>232.565</ele>
    </trkpt>
    <trkpt lat="-16.6798725" lon="133.4125363">
      <ele>231.53</ele>
    </trkpt>
    <trkpt lat="-16.6801885" lon="133.4125336">
      <ele>230.524</ele>
    </trkpt>
    <trkpt lat="-16.6803884" lon="133.4124">
      <ele>230.796</ele>
    </trkpt>
    <trkpt lat="-16.6804976" lon="133.4124377">
      <ele>231.583</ele>
    </trkpt>
    <trkpt lat="-16.6806108" lon="133.4124512">
      <ele>232.0</ele>
    </trkpt>
    <trkpt lat="-16.6806768" lon="133.4124467">
      <ele>232.0</ele>
    </trkpt>
    <trkpt lat="-16.6807327" lon="133.4124347">
      <ele>232.0</ele>
    </trkpt>
    <trkpt lat="-16.6808314" lon="133.4124014">
      <ele>232.0</ele>
    </trkpt>
    <trkpt lat="-16.6810266" lon="133.4123342">
      <ele>229.497</ele>
    </trkpt>
    <trkpt lat="-16.6813843" lon="133.412419">
      <ele>228.012</ele>
    </trkpt>
    <trkpt lat="-16.6819719" lon="133.412554">
      <ele>229.806</ele>
    </trkpt>
    <trkpt lat="-16.6821388" lon="133.4125927">
      <ele>229.666</ele>
    </trkpt>
    <trkpt lat="-16.6865655" lon="133.4134687">
      <ele>231.355</ele>
    </trkpt>
    <trkpt lat="-16.6873346" lon="133.4136209">
      <ele>232.0</ele>
    </trkpt>
    <trkpt lat="-16.6876258" lon="133.4136785">
      <ele>231.657</ele>
    </trkpt>
    <trkpt lat="-16.6905237" lon="133.4142521">
      <ele>233.308</ele>
    </trkpt>
    <trkpt lat="-16.6935219" lon="133.4148464">
      <ele>229.642</ele>
    </trkpt>
    <trkpt lat="-16.6938808" lon="133.4149193">
      <ele>229.0</ele>
    </trkpt>
    <trkpt lat="-16.6940574" lon="133.4149552">
      <ele>230.624</ele>
    </trkpt>
    <trkpt lat="-16.6942339" lon="133.4149911">
      <ele>232.178</ele>
    </trkpt>
    <trkpt lat="-16.6947424" lon="133.4150944">
      <ele>232.927</ele>
    </trkpt>
    <trkpt lat="-16.698002" lon="133.4157272">
      <ele>235.0</ele>
    </trkpt>
    <trkpt lat="-16.7005972" lon="133.4162418">
      <ele>233.229</ele>
    </trkpt>
    <trkpt lat="-16.701304" lon="133.4163819">
      <ele>235.975</ele>
    </trkpt>
    <trkpt lat="-16.7014807" lon="133.416417">
      <ele>235.804</ele>
    </trkpt>
    <trkpt lat="-16.7016575" lon="133.416452">
      <ele>235.48</ele>
    </trkpt>
    <trkpt lat="-16.707312" lon="133.4175733">
      <ele>237.145</ele>
    </trkpt>
    <trkpt lat="-16.7074887" lon="133.4176083">
      <ele>237.943</ele>
    </trkpt>
    <trkpt lat="-16.7076654" lon="133.4176433">
      <ele>238.0</ele>
    </trkpt>
    <trkpt lat="-16.709363" lon="133.41798">
      <ele>237.192</ele>
    </trkpt>
    <trkpt lat="-16.7126863" lon="133.4186429">
      <ele>232.038</ele>
    </trkpt>
    <trkpt lat="-16.7127828" lon="133.4186587">
      <ele>232.0</ele>
    </trkpt>
    <trkpt lat="-16.7134963" lon="133.4188017">
      <ele>231.812</ele>
    </trkpt>
    <trkpt lat="-16.7136729" lon="133.4188371">
      <ele>231.963</ele>
    </trkpt>
    <trkpt lat="-16.7142028" lon="133.4189433">
      <ele>233.504</ele>
    </trkpt>
    <trkpt lat="-16.7153907" lon="133.4191815">
      <ele>233.353</ele>
    </trkpt>
    <trkpt lat="-16.7178101" lon="133.4196583">
      <ele>229.257</ele>
    </trkpt>
    <trkpt lat="-16.718057" lon="133.4197112">
      <ele>229.09</ele>
    </trkpt>
    <trkpt lat="-16.7194356" lon="133.4199684">
      <ele>231.89</ele>
    </trkpt>
    <trkpt lat="-16.7204501" lon="133.420162">
      <ele>232.741</ele>
    </trkpt>
    <trkpt lat="-16.7213196" lon="133.4203278">
      <ele>230.634</ele>
    </trkpt>
    <trkpt lat="-16.7224651" lon="133.4205514">
      <ele>231.876</ele>
    </trkpt>
    <trkpt lat="-16.7235552" lon="133.4207572">
      <ele>229.945</ele>
    </trkpt>
    <trkpt lat="-16.7258014" lon="133.4211821">
      <ele>227.852</ele>
    </trkpt>
    <trkpt lat="-16.7265817" lon="133.4213047">
      <ele>229.7</ele>
    </trkpt>
    <trkpt lat="-16.7277235" lon="133.4215225">
      <ele>229.192</ele>
    </trkpt>
    <trkpt lat="-16.7335473" lon="133.4226145">
      <ele>227.912</ele>
    </trkpt>
    <trkpt lat="-16.7347568" lon="133.4228403">
      <ele>229.124</ele>
    </trkpt>
    <trkpt lat="-16.7366809" lon="133.4232074">
      <ele>228.883</ele>
    </trkpt>
    <trkpt lat="-16.7390123" lon="133.4236527">
      <ele>226.511</ele>
    </trkpt>
    <trkpt lat="-16.7394053" lon="133.423727">
      <ele>228.276</ele>
    </trkpt>
    <trkpt lat="-16.7417061" lon="133.4241619">
      <ele>226.878</ele>
    </trkpt>
    <trkpt lat="-16.7422371" lon="133.4242622">
      <ele>225.675</ele>
    </trkpt>
    <trkpt lat="-16.742721" lon="133.4243537">
      <ele>226.796</ele>
    </trkpt>
    <trkpt lat="-16.7479348" lon="133.4253158">
      <ele>226.327</ele>
    </trkpt>
    <trkpt lat="-16.7493494" lon="133.4255522">
      <ele>228.0</ele>
    </trkpt>
    <trkpt lat="-16.7500304" lon="133.4256763">
      <ele>228.0</ele>
    </trkpt>
    <trkpt lat="-16.7542955" lon="133.4264779">
      <ele>228.68</ele>
    </trkpt>
    <trkpt lat="-16.7553437" lon="133.426662">
      <ele>230.983</ele>
    </trkpt>
    <trkpt lat="-16.757132" lon="133.4270105">
      <ele>228.675</ele>
    </trkpt>
    <trkpt lat="-16.7601193" lon="133.4275719">
      <ele>229.852</ele>
    </trkpt>
    <trkpt lat="-16.7623024" lon="133.4279789">
      <ele>230.92</ele>
    </trkpt>
    <trkpt lat="-16.7629954" lon="133.4280957">
      <ele>230.031</ele>
    </trkpt>
    <trkpt lat="-16.7633524" lon="133.4281743">
      <ele>229.427</ele>
    </trkpt>
    <trkpt lat="-16.7679158" lon="133.4290337">
      <ele>229.759</ele>
    </trkpt>
    <trkpt lat="-16.7703581" lon="133.4294895">
      <ele>231.885</ele>
    </trkpt>
    <trkpt lat="-16.7733966" lon="133.4300613">
      <ele>231.177</ele>
    </trkpt>
    <trkpt lat="-16.7735736" lon="133.4300946">
      <ele>231.57</ele>
    </trkpt>
    <trkpt lat="-16.7751667" lon="133.4303944">
      <ele>234.252</ele>
    </trkpt>
    <trkpt lat="-16.7753983" lon="133.430438">
      <ele>234.327</ele>
    </trkpt>
    <trkpt lat="-16.7765847" lon="133.4306497">
      <ele>233.805</ele>
    </trkpt>
    <trkpt lat="-16.7766049" lon="133.4306533">
      <ele>233.856</ele>
    </trkpt>
    <trkpt lat="-16.7771205" lon="133.4307159">
      <ele>234.577</ele>
    </trkpt>
    <trkpt lat="-16.7771462" lon="133.430719">
      <ele>234.588</ele>
    </trkpt>
    <trkpt lat="-16.7772994" lon="133.4307356">
      <ele>234.37</ele>
    </trkpt>
    <trkpt lat="-16.7776525" lon="133.4307739">
      <ele>234.335</ele>
    </trkpt>
    <trkpt lat="-16.7780195" lon="133.4307962">
      <ele>236.607</ele>
    </trkpt>
    <trkpt lat="-16.7788874" lon="133.4308167">
      <ele>237.945</ele>
    </trkpt>
    <trkpt lat="-16.779018" lon="133.4308109">
      <ele>237.919</ele>
    </trkpt>
    <trkpt lat="-16.7790951" lon="133.4308071">
      <ele>237.906</ele>
    </trkpt>
    <trkpt lat="-16.7792748" lon="133.4307983">
      <ele>238.263</ele>
    </trkpt>
    <trkpt lat="-16.7795702" lon="133.4307838">
      <ele>238.822</ele>
    </trkpt>
    <trkpt lat="-16.7812502" lon="133.4306832">
      <ele>242.271</ele>
    </trkpt>
    <trkpt lat="-16.7814297" lon="133.4306725">
      <ele>242.432</ele>
    </trkpt>
    <trkpt lat="-16.7816093" lon="133.4306617">
      <ele>241.824</ele>
    </trkpt>
    <trkpt lat="-16.7834424" lon="133.4305519">
      <ele>242.0</ele>
    </trkpt>
    <trkpt lat="-16.7874444" lon="133.4303274">
      <ele>242.0</ele>
    </trkpt>
    <trkpt lat="-16.791253" lon="133.4301098">
      <ele>237.605</ele>
    </trkpt>
    <trkpt lat="-16.7913955" lon="133.4301017">
      <ele>237.61</ele>
    </trkpt>
    <trkpt lat="-16.7915751" lon="133.4300914">
      <ele>237.001</ele>
    </trkpt>
    <trkpt lat="-16.7917547" lon="133.4300811">
      <ele>236.708</ele>
    </trkpt>
    <trkpt lat="-16.7919343" lon="133.4300709">
      <ele>236.745</ele>
    </trkpt>
    <trkpt lat="-16.795167" lon="133.4298863">
      <ele>238.591</ele>
    </trkpt>
    <trkpt lat="-16.7964242" lon="133.4298145">
      <ele>241.915</ele>
    </trkpt>
    <trkpt lat="-16.7973222" lon="133.4297633">
      <ele>240.704</ele>
    </trkpt>
    <trkpt lat="-16.7975018" lon="133.429753">
      <ele>240.779</ele>
    </trkpt>
    <trkpt lat="-16.7976813" lon="133.4297428">
      <ele>240.9</ele>
    </trkpt>
    <trkpt lat="-16.8025305" lon="133.4294657">
      <ele>242.712</ele>
    </trkpt>
    <trkpt lat="-16.8027064" lon="133.4294557">
      <ele>241.504</ele>
    </trkpt>
    <trkpt lat="-16.8030277" lon="133.4294651">
      <ele>241.0</ele>
    </trkpt>
    <trkpt lat="-16.8120493" lon="133.4289491">
      <ele>245.0</ele>
    </trkpt>
    <trkpt lat="-16.8131269" lon="133.4288875">
      <ele>242.997</ele>
    </trkpt>
    <trkpt lat="-16.8160004" lon="133.4287231">
      <ele>245.005</ele>
    </trkpt>
    <trkpt lat="-16.8183352" lon="133.4285895">
      <ele>245.0</ele>
    </trkpt>
    <trkpt lat="-16.8185148" lon="133.4285792">
      <ele>245.0</ele>
    </trkpt>
    <trkpt lat="-16.8186944" lon="133.4285689">
      <ele>244.7</ele>
    </trkpt>
    <trkpt lat="-16.8291109" lon="133.427973">
      <ele>239.141</ele>
    </trkpt>
    <trkpt lat="-16.8292904" lon="133.4279627">
      <ele>238.555</ele>
    </trkpt>
    <trkpt lat="-16.8358749" lon="133.427586">
      <ele>235.69</ele>
    </trkpt>
    <trkpt lat="-16.837445" lon="133.4274958">
      <ele>236.183</ele>
    </trkpt>
    <trkpt lat="-16.8394362" lon="133.4273898">
      <ele>236.018</ele>
    </trkpt>
    <trkpt lat="-16.8411514" lon="133.4272966">
      <ele>235.0</ele>
    </trkpt>
    <trkpt lat="-16.8508491" lon="133.426734">
      <ele>235.229</ele>
    </trkpt>
    <trkpt lat="-16.8515675" lon="133.4266923">
      <ele>234.0</ele>
    </trkpt>
    <trkpt lat="-16.8521063" lon="133.426661">
      <ele>234.009</ele>
    </trkpt>
    <trkpt lat="-16.8522858" lon="133.4266506">
      <ele>234.013</ele>
    </trkpt>
    <trkpt lat="-16.8531838" lon="133.4265985">
      <ele>236.406</ele>
    </trkpt>
    <trkpt lat="-16.8544409" lon="133.4265255">
      <ele>238.479</ele>
    </trkpt>
    <trkpt lat="-16.8580326" lon="133.4263171">
      <ele>238.742</ele>
    </trkpt>
    <trkpt lat="-16.8585714" lon="133.4262859">
      <ele>240.486</ele>
    </trkpt>
    <trkpt lat="-16.858751" lon="133.4262754">
      <ele>240.591</ele>
    </trkpt>
    <trkpt lat="-16.8589305" lon="133.426265">
      <ele>240.404</ele>
    </trkpt>
    <trkpt lat="-16.8603672" lon="133.4261816">
      <ele>242.014</ele>
    </trkpt>
    <trkpt lat="-16.8880853" lon="133.4245729">
      <ele>247.694</ele>
    </trkpt>
    <trkpt lat="-16.8947317" lon="133.42422">
      <ele>252.158</ele>
    </trkpt>
    <trkpt lat="-16.8949145" lon="133.4242103">
      <ele>251.465</ele>
    </trkpt>
    <trkpt lat="-16.895091" lon="133.4242009">
      <ele>250.836</ele>
    </trkpt>
    <trkpt lat="-16.8950942" lon="133.4242008">
      <ele>250.825</ele>
    </trkpt>
    <trkpt lat="-16.8967108" lon="133.4241149">
      <ele>251.343</ele>
    </trkpt>
    <trkpt lat="-16.9012065" lon="133.4238762">
      <ele>251.046</ele>
    </trkpt>
    <trkpt lat="-16.9064087" lon="133.4235569">
      <ele>250.957</ele>
    </trkpt>
    <trkpt lat="-16.9065851" lon="133.4235461">
      <ele>250.624</ele>
    </trkpt>
    <trkpt lat="-16.9065883" lon="133.4235459">
      <ele>250.619</ele>
    </trkpt>
    <trkpt lat="-16.9067647" lon="133.4235351">
      <ele>250.354</ele>
    </trkpt>
    <trkpt lat="-16.9067679" lon="133.4235349">
      <ele>250.349</ele>
    </trkpt>
    <trkpt lat="-16.9071238" lon="133.4235131">
      <ele>249.772</ele>
    </trkpt>
    <trkpt lat="-16.907127" lon="133.4235129">
      <ele>249.768</ele>
    </trkpt>
    <trkpt lat="-16.9073088" lon="133.4235017">
      <ele>249.54</ele>
    </trkpt>
    <trkpt lat="-16.9128729" lon="133.4231636">
      <ele>245.867</ele>
    </trkpt>
    <trkpt lat="-16.9137534" lon="133.4231092">
      <ele>244.488</ele>
    </trkpt>
    <trkpt lat="-16.9175426" lon="133.4228845">
      <ele>242.462</ele>
    </trkpt>
    <trkpt lat="-16.9175458" lon="133.4228843">
      <ele>242.452</ele>
    </trkpt>
    <trkpt lat="-16.9177386" lon="133.4228729">
      <ele>241.799</ele>
    </trkpt>
    <trkpt lat="-16.9208716" lon="133.4226872">
      <ele>243.862</ele>
    </trkpt>
    <trkpt lat="-16.9218364" lon="133.4227081">
      <ele>241.64</ele>
    </trkpt>
    <trkpt lat="-16.9229363" lon="133.4228031">
      <ele>241.002</ele>
    </trkpt>
    <trkpt lat="-16.9231112" lon="133.4228342">
      <ele>240.366</ele>
    </trkpt>
    <trkpt lat="-16.9231143" lon="133.4228348">
      <ele>240.367</ele>
    </trkpt>
    <trkpt lat="-16.9242476" lon="133.4230355">
      <ele>239.76</ele>
    </trkpt>
    <trkpt lat="-16.9264828" lon="133.4234313">
      <ele>241.647</ele>
    </trkpt>
    <trkpt lat="-16.9264859" lon="133.4234319">
      <ele>241.645</ele>
    </trkpt>
    <trkpt lat="-16.926553" lon="133.4234437">
      <ele>241.603</ele>
    </trkpt>
    <trkpt lat="-16.9266601" lon="133.4234626">
      <ele>241.535</ele>
    </trkpt>
    <trkpt lat="-16.9267303" lon="133.423475">
      <ele>241.607</ele>
    </trkpt>
    <trkpt lat="-16.9277499" lon="133.4236558">
      <ele>241.984</ele>
    </trkpt>
    <trkpt lat="-16.9297483" lon="133.4239883">
      <ele>238.966</ele>
    </trkpt>
    <trkpt lat="-16.9300354" lon="133.4240361">
      <ele>238.41</ele>
    </trkpt>
    <trkpt lat="-16.9300386" lon="133.4240366">
      <ele>238.403</ele>
    </trkpt>
    <trkpt lat="-16.9301193" lon="133.4240501">
      <ele>238.239</ele>
    </trkpt>
    <trkpt lat="-16.9316458" lon="133.4243007">
      <ele>239.96</ele>
    </trkpt>
    <trkpt lat="-16.9332797" lon="133.4245816">
      <ele>240.398</ele>
    </trkpt>
    <trkpt lat="-16.934899" lon="133.424871">
      <ele>240.536</ele>
    </trkpt>
    <trkpt lat="-16.9370302" lon="133.425228">
      <ele>241.567</ele>
    </trkpt>
    <trkpt lat="-16.9372862" lon="133.4252709">
      <ele>241.23</ele>
    </trkpt>
    <trkpt lat="-16.9391601" lon="133.425593">
      <ele>241.0</ele>
    </trkpt>
    <trkpt lat="-16.9393376" lon="133.4256235">
      <ele>240.385</ele>
    </trkpt>
    <trkpt lat="-16.9505189" lon="133.4275454">
      <ele>240.858</ele>
    </trkpt>
    <trkpt lat="-16.9506964" lon="133.4275759">
      <ele>240.358</ele>
    </trkpt>
    <trkpt lat="-16.9527358" lon="133.4279265">
      <ele>241.708</ele>
    </trkpt>
    <trkpt lat="-16.9554638" lon="133.4283841">
      <ele>241.757</ele>
    </trkpt>
    <trkpt lat="-16.9583298" lon="133.4288767">
      <ele>242.0</ele>
    </trkpt>
    <trkpt lat="-16.9585073" lon="133.4289073">
      <ele>241.415</ele>
    </trkpt>
    <trkpt lat="-16.9614404" lon="133.4294115">
      <ele>245.718</ele>
    </trkpt>
    <trkpt lat="-16.9625805" lon="133.4296131">
      <ele>243.683</ele>
    </trkpt>
    <trkpt lat="-16.9629438" lon="133.429673">
      <ele>245.161</ele>
    </trkpt>
    <trkpt lat="-16.9631214" lon="133.4297023">
      <ele>245.928</ele>
    </trkpt>
    <trkpt lat="-16.9636342" lon="133.4297869">
      <ele>245.767</ele>
    </trkpt>
    <trkpt lat="-16.9656911" lon="133.4301409">
      <ele>244.245</ele>
    </trkpt>
    <trkpt lat="-16.966929" lon="133.4303544">
      <ele>245.261</ele>
    </trkpt>
    <trkpt lat="-16.9675928" lon="133.430467">
      <ele>243.347</ele>
    </trkpt>
    <trkpt lat="-16.9686023" lon="133.4306522">
      <ele>239.4</ele>
    </trkpt>
    <trkpt lat="-16.9691544" lon="133.4307479">
      <ele>240.662</ele>
    </trkpt>
    <trkpt lat="-16.9695093" lon="133.4308094">
      <ele>239.934</ele>
    </trkpt>
    <trkpt lat="-16.9696868" lon="133.4308402">
      <ele>240.003</ele>
    </trkpt>
    <trkpt lat="-16.9713853" lon="133.4311348">
      <ele>238.182</ele>
    </trkpt>
    <trkpt lat="-16.9753673" lon="133.431809">
      <ele>240.33</ele>
    </trkpt>
    <trkpt lat="-16.9754887" lon="133.4318296">
      <ele>240.1</ele>
    </trkpt>
    <trkpt lat="-16.9778763" lon="133.4322419">
      <ele>239.284</ele>
    </trkpt>
    <trkpt lat="-16.9796943" lon="133.4325582">
      <ele>237.921</ele>
    </trkpt>
    <trkpt lat="-16.9799809" lon="133.4326082">
      <ele>238.931</ele>
    </trkpt>
    <trkpt lat="-16.9821716" lon="133.4329903">
      <ele>238.043</ele>
    </trkpt>
    <trkpt lat="-16.9837303" lon="133.4332428">
      <ele>239.534</ele>
    </trkpt>
    <trkpt lat="-16.9853899" lon="133.4335382">
      <ele>238.0</ele>
    </trkpt>
    <trkpt lat="-16.98651" lon="133.4337258">
      <ele>239.413</ele>
    </trkpt>
    <trkpt lat="-16.988488" lon="133.4340733">
      <ele>240.294</ele>
    </trkpt>
    <trkpt lat="-16.9947455" lon="133.4350772">
      <ele>238.255</ele>
    </trkpt>
    <trkpt lat="-16.9948882" lon="133.4351001">
      <ele>238.145</ele>
    </trkpt>
    <trkpt lat="-16.995103" lon="133.4351346">
      <ele>238.011</ele>
    </trkpt>
    <trkpt lat="-17.0039671" lon="133.4365568">
      <ele>243.604</ele>
    </trkpt>
    <trkpt lat="-17.0069333" lon="133.437067">
      <ele>243.0</ele>
    </trkpt>
    <trkpt lat="-17.0108175" lon="133.4377349">
      <ele>240.74</ele>
    </trkpt>
    <trkpt lat="-17.014565" lon="133.4383794">
      <ele>238.6</ele>
    </trkpt>
    <trkpt lat="-17.0147424" lon="133.4384099">
      <ele>239.328</ele>
    </trkpt>
    <trkpt lat="-17.0217931" lon="133.4396226">
      <ele>237.359</ele>
    </trkpt>
    <trkpt lat="-17.0226806" lon="133.4397752">
      <ele>236.876</ele>
    </trkpt>
    <trkpt lat="-17.022729" lon="133.4397835">
      <ele>236.818</ele>
    </trkpt>
    <trkpt lat="-17.022858" lon="133.4398057">
      <ele>237.075</ele>
    </trkpt>
    <trkpt lat="-17.0229065" lon="133.439814">
      <ele>237.286</ele>
    </trkpt>
    <trkpt lat="-17.0229081" lon="133.4398143">
      <ele>237.293</ele>
    </trkpt>
    <trkpt lat="-17.0290698" lon="133.4408741">
      <ele>240.793</ele>
    </trkpt>
    <trkpt lat="-17.0328387" lon="133.4415368">
      <ele>242.439</ele>
    </trkpt>
    <trkpt lat="-17.0328403" lon="133.4415371">
      <ele>242.45</ele>
    </trkpt>
    <trkpt lat="-17.0329675" lon="133.4415593">
      <ele>243.366</ele>
    </trkpt>
    <trkpt lat="-17.0329721" lon="133.4415601">
      <ele>243.399</ele>
    </trkpt>
    <trkpt lat="-17.0330158" lon="133.441568">
      <ele>243.714</ele>
    </trkpt>
    <trkpt lat="-17.0331494" lon="133.4415915">
      <ele>244.246</ele>
    </trkpt>
    <trkpt lat="-17.0409402" lon="133.4429612">
      <ele>242.406</ele>
    </trkpt>
    <trkpt lat="-17.0409539" lon="133.4429636">
      <ele>242.379</ele>
    </trkpt>
    <trkpt lat="-17.0409888" lon="133.4429697">
      <ele>242.304</ele>
    </trkpt>
    <trkpt lat="-17.0411313" lon="133.4429947">
      <ele>242.073</ele>
    </trkpt>
    <trkpt lat="-17.0413431" lon="133.443032">
      <ele>242.835</ele>
    </trkpt>
    <trkpt lat="-17.0413447" lon="133.4430323">
      <ele>242.841</ele>
    </trkpt>
    <trkpt lat="-17.048049" lon="133.4442112">
      <ele>242.141</ele>
    </trkpt>
    <trkpt lat="-17.0482263" lon="133.4442424">
      <ele>242.72</ele>
    </trkpt>
    <trkpt lat="-17.0565797" lon="133.4457113">
      <ele>240.752</ele>
    </trkpt>
    <trkpt lat="-17.0567585" lon="133.4457428">
      <ele>240.326</ele>
    </trkpt>
    <trkpt lat="-17.0569341" lon="133.4457737">
      <ele>240.215</ele>
    </trkpt>
    <trkpt lat="-17.057095" lon="133.445802">
      <ele>240.113</ele>
    </trkpt>
    <trkpt lat="-17.05724" lon="133.4458275">
      <ele>240.084</ele>
    </trkpt>
    <trkpt lat="-17.0572724" lon="133.4458332">
      <ele>240.181</ele>
    </trkpt>
    <trkpt lat="-17.0574498" lon="133.4458644">
      <ele>240.931</ele>
    </trkpt>
    <trkpt lat="-17.0618965" lon="133.4466465">
      <ele>241.173</ele>
    </trkpt>
    <trkpt lat="-17.0620719" lon="133.4466773">
      <ele>240.062</ele>
    </trkpt>
    <trkpt lat="-17.0622389" lon="133.4467067">
      <ele>238.88</ele>
    </trkpt>
    <trkpt lat="-17.0622492" lon="133.4467085">
      <ele>238.806</ele>
    </trkpt>
    <trkpt lat="-17.062771" lon="133.4468003">
      <ele>236.494</ele>
    </trkpt>
    <trkpt lat="-17.0653896" lon="133.447261">
      <ele>236.654</ele>
    </trkpt>
    <trkpt lat="-17.0711091" lon="133.448267">
      <ele>239.994</ele>
    </trkpt>
    <trkpt lat="-17.0717591" lon="133.4483776">
      <ele>237.72</ele>
    </trkpt>
    <trkpt lat="-17.0735706" lon="133.448699">
      <ele>236.171</ele>
    </trkpt>
    <trkpt lat="-17.0745474" lon="133.4488606">
      <ele>235.693</ele>
    </trkpt>
    <trkpt lat="-17.0750413" lon="133.4489502">
      <ele>235.557</ele>
    </trkpt>
    <trkpt lat="-17.0751031" lon="133.4489622">
      <ele>235.801</ele>
    </trkpt>
    <trkpt lat="-17.0781412" lon="133.4494919">
      <ele>235.171</ele>
    </trkpt>
    <trkpt lat="-17.0783878" lon="133.4495351">
      <ele>235.326</ele>
    </trkpt>
    <trkpt lat="-17.0791184" lon="133.4496618">
      <ele>235.962</ele>
    </trkpt>
    <trkpt lat="-17.0818634" lon="133.4501336">
      <ele>235.492</ele>
    </trkpt>
    <trkpt lat="-17.0826751" lon="133.4502752">
      <ele>236.997</ele>
    </trkpt>
    <trkpt lat="-17.0830295" lon="133.450337">
      <ele>236.074</ele>
    </trkpt>
    <trkpt lat="-17.0832063" lon="133.4503679">
      <ele>235.091</ele>
    </trkpt>
    <trkpt lat="-17.0847733" lon="133.4506417">
      <ele>233.747</ele>
    </trkpt>
    <trkpt lat="-17.0848004" lon="133.4506464">
      <ele>233.843</ele>
    </trkpt>
    <trkpt lat="-17.0849771" lon="133.4506765">
      <ele>234.389</ele>
    </trkpt>
    <trkpt lat="-17.0873876" lon="133.4510827">
      <ele>232.405</ele>
    </trkpt>
    <trkpt lat="-17.08994" lon="133.45152">
      <ele>231.63</ele>
    </trkpt>
    <trkpt lat="-17.0900805" lon="133.451544">
      <ele>231.698</ele>
    </trkpt>
    <trkpt lat="-17.092028" lon="133.4518833">
      <ele>230.78</ele>
    </trkpt>
    <trkpt lat="-17.0998245" lon="133.453221">
      <ele>229.475</ele>
    </trkpt>
    <trkpt lat="-17.0998266" lon="133.4532216">
      <ele>229.476</ele>
    </trkpt>
    <trkpt lat="-17.1007549" lon="133.4533894">
      <ele>231.435</ele>
    </trkpt>
    <trkpt lat="-17.1026206" lon="133.4537132">
      <ele>229.115</ele>
    </trkpt>
    <trkpt lat="-17.1052244" lon="133.4541441">
      <ele>230.934</ele>
    </trkpt>
    <trkpt lat="-17.1052724" lon="133.454152">
      <ele>230.948</ele>
    </trkpt>
    <trkpt lat="-17.1054019" lon="133.4541748">
      <ele>231.0</ele>
    </trkpt>
    <trkpt lat="-17.1068209" lon="133.4544242">
      <ele>229.0</ele>
    </trkpt>
    <trkpt lat="-17.1082399" lon="133.4546736">
      <ele>231.059</ele>
    </trkpt>
    <trkpt lat="-17.1091413" lon="133.454832">
      <ele>230.0</ele>
    </trkpt>
    <trkpt lat="-17.1100145" lon="133.4549805">
      <ele>230.93</ele>
    </trkpt>
    <trkpt lat="-17.110192" lon="133.4550107">
      <ele>231.039</ele>
    </trkpt>
    <trkpt lat="-17.1103695" lon="133.4550408">
      <ele>231.147</ele>
    </trkpt>
    <trkpt lat="-17.1105471" lon="133.455071">
      <ele>231.256</ele>
    </trkpt>
    <trkpt lat="-17.1108841" lon="133.4551283">
      <ele>233.107</ele>
    </trkpt>
    <trkpt lat="-17.1108852" lon="133.4551285">
      <ele>233.112</ele>
    </trkpt>
    <trkpt lat="-17.1109023" lon="133.45513">
      <ele>233.184</ele>
    </trkpt>
    <trkpt lat="-17.1112133" lon="133.4551582">
      <ele>233.93</ele>
    </trkpt>
    <trkpt lat="-17.1114262" lon="133.4551801">
      <ele>233.514</ele>
    </trkpt>
    <trkpt lat="-17.1117396" lon="133.4552267">
      <ele>232.554</ele>
    </trkpt>
    <trkpt lat="-17.1129413" lon="133.4554606">
      <ele>235.411</ele>
    </trkpt>
    <trkpt lat="-17.1142765" lon="133.4557026">
      <ele>235.715</ele>
    </trkpt>
    <trkpt lat="-17.1144539" lon="133.4557348">
      <ele>236.0</ele>
    </trkpt>
    <trkpt lat="-17.1155688" lon="133.4559369">
      <ele>235.391</ele>
    </trkpt>
    <trkpt lat="-17.116046" lon="133.4560201">
      <ele>237.361</ele>
    </trkpt>
    <trkpt lat="-17.1160642" lon="133.4560233">
      <ele>237.462</ele>
    </trkpt>
    <trkpt lat="-17.1162216" lon="133.45605">
      <ele>237.47</ele>
    </trkpt>
    <trkpt lat="-17.1163973" lon="133.4560804">
      <ele>236.997</ele>
    </trkpt>
    <trkpt lat="-17.117521" lon="133.456273">
      <ele>237.583</ele>
    </trkpt>
    <trkpt lat="-17.1176985" lon="133.4563034">
      <ele>237.692</ele>
    </trkpt>
    <trkpt lat="-17.117876" lon="133.4563339">
      <ele>237.518</ele>
    </trkpt>
    <trkpt lat="-17.1179794" lon="133.4563517">
      <ele>237.237</ele>
    </trkpt>
    <trkpt lat="-17.1181552" lon="133.4563823">
      <ele>236.283</ele>
    </trkpt>
    <trkpt lat="-17.118331" lon="133.4564125">
      <ele>235.016</ele>
    </trkpt>
    <trkpt lat="-17.1185069" lon="133.4564431">
      <ele>233.247</ele>
    </trkpt>
    <trkpt lat="-17.1199756" lon="133.4566952">
      <ele>231.088</ele>
    </trkpt>
    <trkpt lat="-17.1202648" lon="133.4567445">
      <ele>228.826</ele>
    </trkpt>
    <trkpt lat="-17.1213312" lon="133.4569269">
      <ele>229.937</ele>
    </trkpt>
    <trkpt lat="-17.1225727" lon="133.457131">
      <ele>229.805</ele>
    </trkpt>
    <trkpt lat="-17.125992" lon="133.4577241">
      <ele>229.429</ele>
    </trkpt>
    <trkpt lat="-17.1414168" lon="133.4603452">
      <ele>224.167</ele>
    </trkpt>
    <trkpt lat="-17.1418266" lon="133.4604167">
      <ele>223.712</ele>
    </trkpt>
    <trkpt lat="-17.1609945" lon="133.4637152">
      <ele>221.84</ele>
    </trkpt>
    <trkpt lat="-17.161172" lon="133.4637457">
      <ele>220.887</ele>
    </trkpt>
    <trkpt lat="-17.1613495" lon="133.4637763">
      <ele>220.652</ele>
    </trkpt>
    <trkpt lat="-17.161527" lon="133.4638068">
      <ele>220.851</ele>
    </trkpt>
    <trkpt lat="-17.1648991" lon="133.4643872">
      <ele>224.131</ele>
    </trkpt>
    <trkpt lat="-17.1657865" lon="133.4645399">
      <ele>221.798</ele>
    </trkpt>
    <trkpt lat="-17.1664964" lon="133.4646621">
      <ele>223.302</ele>
    </trkpt>
    <trkpt lat="-17.1666739" lon="133.4646926">
      <ele>223.74</ele>
    </trkpt>
    <trkpt lat="-17.1762578" lon="133.4663422">
      <ele>224.0</ele>
    </trkpt>
    <trkpt lat="-17.1773227" lon="133.4665255">
      <ele>220.854</ele>
    </trkpt>
    <trkpt lat="-17.1776777" lon="133.4665866">
      <ele>222.351</ele>
    </trkpt>
    <trkpt lat="-17.1810498" lon="133.4671671">
      <ele>220.758</ele>
    </trkpt>
    <trkpt lat="-17.1815822" lon="133.4672587">
      <ele>219.395</ele>
    </trkpt>
    <trkpt lat="-17.1817597" lon="133.4672893">
      <ele>219.496</ele>
    </trkpt>
    <trkpt lat="-17.1909886" lon="133.4688781">
      <ele>221.057</ele>
    </trkpt>
    <trkpt lat="-17.1911661" lon="133.4689086">
      <ele>221.476</ele>
    </trkpt>
    <trkpt lat="-17.1957162" lon="133.469692">
      <ele>218.515</ele>
    </trkpt>
    <trkpt lat="-17.1989765" lon="133.470245">
      <ele>219.359</ele>
    </trkpt>
    <trkpt lat="-17.2002793" lon="133.470466">
      <ele>220.004</ele>
    </trkpt>
    <trkpt lat="-17.2005754" lon="133.4705092">
      <ele>220.833</ele>
    </trkpt>
    <trkpt lat="-17.2007536" lon="133.4705352">
      <ele>220.927</ele>
    </trkpt>
    <trkpt lat="-17.2024892" lon="133.4707884">
      <ele>221.117</ele>
    </trkpt>
    <trkpt lat="-17.2047013" lon="133.4710198">
      <ele>218.925</ele>
    </trkpt>
    <trkpt lat="-17.2066711" lon="133.4711459">
      <ele>218.123</ele>
    </trkpt>
    <trkpt lat="-17.2068142" lon="133.4711486">
      <ele>218.063</ele>
    </trkpt>
    <trkpt lat="-17.208682" lon="133.4711972">
      <ele>217.255</ele>
    </trkpt>
    <trkpt lat="-17.2109257" lon="133.4711696">
      <ele>217.333</ele>
    </trkpt>
    <trkpt lat="-17.2134005" lon="133.4710191">
      <ele>215.411</ele>
    </trkpt>
    <trkpt lat="-17.2149574" lon="133.470865">
      <ele>218.733</ele>
    </trkpt>
    <trkpt lat="-17.2165023" lon="133.4706571">
      <ele>216.784</ele>
    </trkpt>
    <trkpt lat="-17.2169542" lon="133.4705963">
      <ele>215.97</ele>
    </trkpt>
    <trkpt lat="-17.2177478" lon="133.4704654">
      <ele>215.603</ele>
    </trkpt>
    <trkpt lat="-17.2184585" lon="133.4703482">
      <ele>214.901</ele>
    </trkpt>
    <trkpt lat="-17.2186362" lon="133.4703189">
      <ele>216.0</ele>
    </trkpt>
    <trkpt lat="-17.2187081" lon="133.470307">
      <ele>216.0</ele>
    </trkpt>
    <trkpt lat="-17.218813" lon="133.4702846">
      <ele>216.0</ele>
    </trkpt>
    <trkpt lat="-17.2204549" lon="133.4699345">
      <ele>214.041</ele>
    </trkpt>
    <trkpt lat="-17.2223916" lon="133.4694677">
      <ele>212.628</ele>
    </trkpt>
    <trkpt lat="-17.2242359" lon="133.4689363">
      <ele>214.957</ele>
    </trkpt>
    <trkpt lat="-17.2243325" lon="133.4689085">
      <ele>214.958</ele>
    </trkpt>
    <trkpt lat="-17.2257831" lon="133.4684382">
      <ele>211.558</ele>
    </trkpt>
    <trkpt lat="-17.2262373" lon="133.4682909">
      <ele>210.454</ele>
    </trkpt>
    <trkpt lat="-17.2269762" lon="133.4680178">
      <ele>208.765</ele>
    </trkpt>
    <trkpt lat="-17.2271458" lon="133.4679551">
      <ele>208.176</ele>
    </trkpt>
    <trkpt lat="-17.2281081" lon="133.4675994">
      <ele>210.648</ele>
    </trkpt>
    <trkpt lat="-17.2290789" lon="133.4671983">
      <ele>210.086</ele>
    </trkpt>
    <trkpt lat="-17.229442" lon="133.467048">
      <ele>210.627</ele>
    </trkpt>
    <trkpt lat="-17.2296093" lon="133.4669788">
      <ele>211.023</ele>
    </trkpt>
    <trkpt lat="-17.230192" lon="133.4667375">
      <ele>210.079</ele>
    </trkpt>
    <trkpt lat="-17.2306052" lon="133.4665443">
      <ele>211.0</ele>
    </trkpt>
    <trkpt lat="-17.2322062" lon="133.4657957">
      <ele>207.065</ele>
    </trkpt>
    <trkpt lat="-17.233977" lon="133.4648803">
      <ele>207.389</ele>
    </trkpt>
    <trkpt lat="-17.2398693" lon="133.4615328">
      <ele>207.244</ele>
    </trkpt>
    <trkpt lat="-17.241466" lon="133.4606257">
      <ele>208.642</ele>
    </trkpt>
    <trkpt lat="-17.2433598" lon="133.4595893">
      <ele>207.0</ele>
    </trkpt>
    <trkpt lat="-17.2453242" lon="133.4586114">
      <ele>207.001</ele>
    </trkpt>
    <trkpt lat="-17.2468476" lon="133.4579298">
      <ele>209.453</ele>
    </trkpt>
    <trkpt lat="-17.2486744" lon="133.4571828">
      <ele>211.0</ele>
    </trkpt>
    <trkpt lat="-17.2503308" lon="133.4565731">
      <ele>211.854</ele>
    </trkpt>
    <trkpt lat="-17.2516786" lon="133.4561322">
      <ele>210.264</ele>
    </trkpt>
    <trkpt lat="-17.2525746" lon="133.4558396">
      <ele>209.715</ele>
    </trkpt>
    <trkpt lat="-17.2526343" lon="133.4558201">
      <ele>209.589</ele>
    </trkpt>
    <trkpt lat="-17.2538068" lon="133.4554891">
      <ele>210.831</ele>
    </trkpt>
    <trkpt lat="-17.2552552" lon="133.4551222">
      <ele>209.323</ele>
    </trkpt>
    <trkpt lat="-17.2571514" lon="133.4546998">
      <ele>209.154</ele>
    </trkpt>
    <trkpt lat="-17.2628239" lon="133.4534903">
      <ele>207.072</ele>
    </trkpt>
    <trkpt lat="-17.2630002" lon="133.4534528">
      <ele>207.456</ele>
    </trkpt>
    <trkpt lat="-17.2631764" lon="133.4534152">
      <ele>207.27</ele>
    </trkpt>
    <trkpt lat="-17.2633527" lon="133.4533776">
      <ele>206.782</ele>
    </trkpt>
    <trkpt lat="-17.2649389" lon="133.4530394">
      <ele>205.104</ele>
    </trkpt>
    <trkpt lat="-17.2718126" lon="133.4515736">
      <ele>209.665</ele>
    </trkpt>
    <trkpt lat="-17.2719888" lon="133.451536">
      <ele>209.689</ele>
    </trkpt>
    <trkpt lat="-17.2741038" lon="133.451085">
      <ele>214.774</ele>
    </trkpt>
    <trkpt lat="-17.2771275" lon="133.4504402">
      <ele>223.074</ele>
    </trkpt>
    <trkpt lat="-17.2776287" lon="133.4503333">
      <ele>223.8</ele>
    </trkpt>
    <trkpt lat="-17.277805" lon="133.4502957">
      <ele>223.942</ele>
    </trkpt>
    <trkpt lat="-17.2834449" lon="133.449093">
      <ele>229.0</ele>
    </trkpt>
    <trkpt lat="-17.2836211" lon="133.4490554">
      <ele>228.978</ele>
    </trkpt>
    <trkpt lat="-17.2839736" lon="133.4489803">
      <ele>228.466</ele>
    </trkpt>
    <trkpt lat="-17.2862648" lon="133.4484917">
      <ele>237.43</ele>
    </trkpt>
    <trkpt lat="-17.2864411" lon="133.4484541">
      <ele>237.377</ele>
    </trkpt>
    <trkpt lat="-17.2900658" lon="133.4476811">
      <ele>235.585</ele>
    </trkpt>
    <trkpt lat="-17.290995" lon="133.447483">
      <ele>235.669</ele>
    </trkpt>
    <trkpt lat="-17.2952482" lon="133.4465633">
      <ele>238.705</ele>
    </trkpt>
    <trkpt lat="-17.2958042" lon="133.4464465">
      <ele>239.061</ele>
    </trkpt>
    <trkpt lat="-17.298801" lon="133.4458107">
      <ele>239.137</ele>
    </trkpt>
    <trkpt lat="-17.2989773" lon="133.4457734">
      <ele>239.363</ele>
    </trkpt>
    <trkpt lat="-17.302123" lon="133.445106">
      <ele>237.245</ele>
    </trkpt>
    <trkpt lat="-17.3028585" lon="133.4449667">
      <ele>236.12</ele>
    </trkpt>
    <trkpt lat="-17.3030355" lon="133.4449332">
      <ele>236.24</ele>
    </trkpt>
    <trkpt lat="-17.3032125" lon="133.4448997">
      <ele>236.361</ele>
    </trkpt>
    <trkpt lat="-17.303802" lon="133.444788">
      <ele>236.524</ele>
    </trkpt>
    <trkpt lat="-17.304633" lon="133.4446607">
      <ele>237.6</ele>
    </trkpt>
    <trkpt lat="-17.305447" lon="133.444536">
      <ele>240.408</ele>
    </trkpt>
    <trkpt lat="-17.3098107" lon="133.444002">
      <ele>242.1</ele>
    </trkpt>
    <trkpt lat="-17.3110613" lon="133.443849">
      <ele>242.811</ele>
    </trkpt>
    <trkpt lat="-17.3112399" lon="133.4438271">
      <ele>242.862</ele>
    </trkpt>
    <trkpt lat="-17.3114186" lon="133.4438052">
      <ele>242.57</ele>
    </trkpt>
    <trkpt lat="-17.3119545" lon="133.4437396">
      <ele>242.554</ele>
    </trkpt>
    <trkpt lat="-17.3135624" lon="133.4435428">
      <ele>241.859</ele>
    </trkpt>
    <trkpt lat="-17.3187431" lon="133.4429087">
      <ele>236.247</ele>
    </trkpt>
    <trkpt lat="-17.3189218" lon="133.4428868">
      <ele>235.81</ele>
    </trkpt>
    <trkpt lat="-17.3198151" lon="133.4427775">
      <ele>235.001</ele>
    </trkpt>
    <trkpt lat="-17.3205296" lon="133.4426901">
      <ele>234.684</ele>
    </trkpt>
    <trkpt lat="-17.3217802" lon="133.442537">
      <ele>234.079</ele>
    </trkpt>
    <trkpt lat="-17.3219588" lon="133.4425151">
      <ele>234.003</ele>
    </trkpt>
    <trkpt lat="-17.3223161" lon="133.4424714">
      <ele>234.641</ele>
    </trkpt>
    <trkpt lat="-17.3224948" lon="133.4424495">
      <ele>235.784</ele>
    </trkpt>
    <trkpt lat="-17.3226734" lon="133.4424277">
      <ele>235.44</ele>
    </trkpt>
    <trkpt lat="-17.3273183" lon="133.4418591">
      <ele>239.346</ele>
    </trkpt>
    <trkpt lat="-17.3274969" lon="133.4418372">
      <ele>239.989</ele>
    </trkpt>
    <trkpt lat="-17.3276756" lon="133.4418153">
      <ele>239.03</ele>
    </trkpt>
    <trkpt lat="-17.3278543" lon="133.4417934">
      <ele>238.394</ele>
    </trkpt>
    <trkpt lat="-17.3280329" lon="133.4417716">
      <ele>238.051</ele>
    </trkpt>
    <trkpt lat="-17.3312486" lon="133.441378">
      <ele>241.0</ele>
    </trkpt>
    <trkpt lat="-17.3323205" lon="133.4412468">
      <ele>239.488</ele>
    </trkpt>
    <trkpt lat="-17.3339283" lon="133.44105">
      <ele>240.889</ele>
    </trkpt>
    <trkpt lat="-17.3342856" lon="133.4410062">
      <ele>240.378</ele>
    </trkpt>
    <trkpt lat="-17.3348215" lon="133.4409406">
      <ele>239.87</ele>
    </trkpt>
    <trkpt lat="-17.3350002" lon="133.4409188">
      <ele>239.384</ele>
    </trkpt>
    <trkpt lat="-17.3351788" lon="133.4408969">
      <ele>239.193</ele>
    </trkpt>
    <trkpt lat="-17.3357148" lon="133.4408313">
      <ele>240.0</ele>
    </trkpt>
    <trkpt lat="-17.3360721" lon="133.4407875">
      <ele>240.0</ele>
    </trkpt>
    <trkpt lat="-17.3380372" lon="133.440547">
      <ele>240.998</ele>
    </trkpt>
    <trkpt lat="-17.3414315" lon="133.4401314">
      <ele>242.847</ele>
    </trkpt>
    <trkpt lat="-17.3425034" lon="133.4400002">
      <ele>241.0</ele>
    </trkpt>
    <trkpt lat="-17.3428607" lon="133.4399565">
      <ele>241.0</ele>
    </trkpt>
    <trkpt lat="-17.343218" lon="133.4399127">
      <ele>240.415</ele>
    </trkpt>
    <trkpt lat="-17.3433967" lon="133.4398909">
      <ele>239.772</ele>
    </trkpt>
    <trkpt lat="-17.3435753" lon="133.439869">
      <ele>239.129</ele>
    </trkpt>
    <trkpt lat="-17.3449807" lon="133.4396969">
      <ele>238.145</ele>
    </trkpt>
    <trkpt lat="-17.3473152" lon="133.4394047">
      <ele>237.522</ele>
    </trkpt>
    <trkpt lat="-17.3476835" lon="133.4393601">
      <ele>236.206</ele>
    </trkpt>
    <trkpt lat="-17.3494703" lon="133.4391437">
      <ele>238.075</ele>
    </trkpt>
    <trkpt lat="-17.349649" lon="133.4391221">
      <ele>238.042</ele>
    </trkpt>
    <trkpt lat="-17.3498276" lon="133.4391004">
      <ele>238.0</ele>
    </trkpt>
    <trkpt lat="-17.3500063" lon="133.4390787">
      <ele>237.97</ele>
    </trkpt>
    <trkpt lat="-17.3505787" lon="133.4390094">
      <ele>235.517</ele>
    </trkpt>
    <trkpt lat="-17.350721" lon="133.4389918">
      <ele>235.966</ele>
    </trkpt>
    <trkpt lat="-17.35215" lon="133.4388151">
      <ele>235.734</ele>
    </trkpt>
    <trkpt lat="-17.3550079" lon="133.4384616">
      <ele>234.449</ele>
    </trkpt>
    <trkpt lat="-17.3551866" lon="133.4384395">
      <ele>234.125</ele>
    </trkpt>
    <trkpt lat="-17.3553652" lon="133.4384174">
      <ele>234.0</ele>
    </trkpt>
    <trkpt lat="-17.3553808" lon="133.4384155">
      <ele>234.0</ele>
    </trkpt>
    <trkpt lat="-17.357293" lon="133.438161">
      <ele>232.925</ele>
    </trkpt>
    <trkpt lat="-17.3573281" lon="133.4381585">
      <ele>232.779</ele>
    </trkpt>
    <trkpt lat="-17.3594725" lon="133.4380086">
      <ele>230.523</ele>
    </trkpt>
    <trkpt lat="-17.3600208" lon="133.4379839">
      <ele>233.516</ele>
    </trkpt>
    <trkpt lat="-17.360026" lon="133.4379837">
      <ele>233.517</ele>
    </trkpt>
    <trkpt lat="-17.3602006" lon="133.4379768">
      <ele>233.567</ele>
    </trkpt>
    <trkpt lat="-17.3603803" lon="133.4379696">
      <ele>233.25</ele>
    </trkpt>
    <trkpt lat="-17.3614916" lon="133.4379253">
      <ele>228.568</ele>
    </trkpt>
    <trkpt lat="-17.3638041" lon="133.4378888">
      <ele>227.677</ele>
    </trkpt>
    <trkpt lat="-17.3639764" lon="133.4378963">
      <ele>227.719</ele>
    </trkpt>
    <trkpt lat="-17.3641561" lon="133.4379041">
      <ele>227.472</ele>
    </trkpt>
    <trkpt lat="-17.3645155" lon="133.4379197">
      <ele>228.0</ele>
    </trkpt>
    <trkpt lat="-17.3661982" lon="133.4379929">
      <ele>225.38</ele>
    </trkpt>
    <trkpt lat="-17.3667647" lon="133.4380239">
      <ele>225.886</ele>
    </trkpt>
    <trkpt lat="-17.3668913" lon="133.4380379">
      <ele>225.936</ele>
    </trkpt>
    <trkpt lat="-17.3691015" lon="133.4382291">
      <ele>227.574</ele>
    </trkpt>
    <trkpt lat="-17.3708876" lon="133.4384508">
      <ele>227.577</ele>
    </trkpt>
    <trkpt lat="-17.3710663" lon="133.438473">
      <ele>227.497</ele>
    </trkpt>
    <trkpt lat="-17.3712449" lon="133.4384952">
      <ele>227.417</ele>
    </trkpt>
    <trkpt lat="-17.3713247" lon="133.4385051">
      <ele>227.382</ele>
    </trkpt>
    <trkpt lat="-17.3717781" lon="133.4385816">
      <ele>227.0</ele>
    </trkpt>
    <trkpt lat="-17.3719556" lon="133.4386115">
      <ele>227.039</ele>
    </trkpt>
    <trkpt lat="-17.3721332" lon="133.4386414">
      <ele>227.57</ele>
    </trkpt>
    <trkpt lat="-17.3723108" lon="133.4386714">
      <ele>228.033</ele>
    </trkpt>
    <trkpt lat="-17.3735784" lon="133.4388852">
      <ele>226.027</ele>
    </trkpt>
    <trkpt lat="-17.3749349" lon="133.4391601">
      <ele>223.795</ele>
    </trkpt>
    <trkpt lat="-17.3753937" lon="133.4392531">
      <ele>222.583</ele>
    </trkpt>
    <trkpt lat="-17.3761956" lon="133.4394488">
      <ele>219.696</ele>
    </trkpt>
    <trkpt lat="-17.3772606" lon="133.4397087">
      <ele>217.146</ele>
    </trkpt>
    <trkpt lat="-17.3777686" lon="133.4398486">
      <ele>216.09</ele>
    </trkpt>
    <trkpt lat="-17.3778105" lon="133.4398601">
      <ele>215.889</ele>
    </trkpt>
    <trkpt lat="-17.3779426" lon="133.4398965">
      <ele>215.152</ele>
    </trkpt>
    <trkpt lat="-17.3789242" lon="133.4401668">
      <ele>213.222</ele>
    </trkpt>
    <trkpt lat="-17.3791587" lon="133.4402377">
      <ele>212.033</ele>
    </trkpt>
    <trkpt lat="-17.3792003" lon="133.4402503">
      <ele>211.891</ele>
    </trkpt>
    <trkpt lat="-17.3793322" lon="133.4402885">
      <ele>211.427</ele>
    </trkpt>
    <trkpt lat="-17.380346" lon="133.4406032">
      <ele>212.828</ele>
    </trkpt>
    <trkpt lat="-17.3808849" lon="133.4407751">
      <ele>212.21</ele>
    </trkpt>
    <trkpt lat="-17.3817604" lon="133.4410752">
      <ele>213.294</ele>
    </trkpt>
    <trkpt lat="-17.3825444" lon="133.4413477">
      <ele>211.976</ele>
    </trkpt>
    <trkpt lat="-17.3829854" lon="133.4415151">
      <ele>212.454</ele>
    </trkpt>
    <trkpt lat="-17.3834399" lon="133.4416872">
      <ele>212.028</ele>
    </trkpt>
    <trkpt lat="-17.3836061" lon="133.4417556">
      <ele>212.314</ele>
    </trkpt>
    <trkpt lat="-17.3837743" lon="133.4418242">
      <ele>213.488</ele>
    </trkpt>
    <trkpt lat="-17.383812" lon="133.4418392">
      <ele>213.794</ele>
    </trkpt>
    <trkpt lat="-17.3853307" lon="133.442446">
      <ele>213.542</ele>
    </trkpt>
    <trkpt lat="-17.3856417" lon="133.4426004">
      <ele>214.62</ele>
    </trkpt>
    <trkpt lat="-17.3859902" lon="133.4427444">
      <ele>217.062</ele>
    </trkpt>
    <trkpt lat="-17.3862082" lon="133.442841">
      <ele>218.699</ele>
    </trkpt>
    <trkpt lat="-17.3871006" lon="133.4432587">
      <ele>222.554</ele>
    </trkpt>
    <trkpt lat="-17.3885284" lon="133.4439646">
      <ele>229.724</ele>
    </trkpt>
    <trkpt lat="-17.388824" lon="133.4441148">
      <ele>230.14</ele>
    </trkpt>
    <trkpt lat="-17.3906428" lon="133.4450798">
      <ele>231.538</ele>
    </trkpt>
    <trkpt lat="-17.3909333" lon="133.4452457">
      <ele>232.115</ele>
    </trkpt>
    <trkpt lat="-17.3910893" lon="133.4453348">
      <ele>231.589</ele>
    </trkpt>
    <trkpt lat="-17.3910912" lon="133.4453359">
      <ele>231.582</ele>
    </trkpt>
    <trkpt lat="-17.3912457" lon="133.4454276">
      <ele>230.698</ele>
    </trkpt>
    <trkpt lat="-17.3922286" lon="133.4459948">
      <ele>231.396</ele>
    </trkpt>
    <trkpt lat="-17.3950748" lon="133.4476572">
      <ele>229.414</ele>
    </trkpt>
    <trkpt lat="-17.3983699" lon="133.4494617">
      <ele>232.186</ele>
    </trkpt>
    <trkpt lat="-17.3987931" lon="133.4498087">
      <ele>232.485</ele>
    </trkpt>
    <trkpt lat="-17.398797" lon="133.4498119">
      <ele>232.461</ele>
    </trkpt>
    <trkpt lat="-17.3989483" lon="133.4499037">
      <ele>231.479</ele>
    </trkpt>
    <trkpt lat="-17.3991082" lon="133.4500008">
      <ele>230.212</ele>
    </trkpt>
    <trkpt lat="-17.4061792" lon="133.4541178">
      <ele>239.352</ele>
    </trkpt>
    <trkpt lat="-17.4068132" lon="133.4544869">
      <ele>239.375</ele>
    </trkpt>
    <trkpt lat="-17.406966" lon="133.4545742">
      <ele>239.688</ele>
    </trkpt>
    <trkpt lat="-17.406971" lon="133.454577">
      <ele>239.714</ele>
    </trkpt>
    <trkpt lat="-17.4096423" lon="133.4561364">
      <ele>238.647</ele>
    </trkpt>
    <trkpt lat="-17.4108041" lon="133.4567956">
      <ele>244.205</ele>
    </trkpt>
    <trkpt lat="-17.4129476" lon="133.4580679">
      <ele>249.973</ele>
    </trkpt>
    <trkpt lat="-17.415248" lon="133.4594273">
      <ele>244.104</ele>
    </trkpt>
    <trkpt lat="-17.4153342" lon="133.4594782">
      <ele>243.935</ele>
    </trkpt>
    <trkpt lat="-17.4181228" lon="133.4610989">
      <ele>242.989</ele>
    </trkpt>
    <trkpt lat="-17.4227326" lon="133.4637529">
      <ele>243.083</ele>
    </trkpt>
    <trkpt lat="-17.4233158" lon="133.4640875">
      <ele>242.982</ele>
    </trkpt>
    <trkpt lat="-17.4244023" lon="133.464728">
      <ele>240.679</ele>
    </trkpt>
    <trkpt lat="-17.4252114" lon="133.4651933">
      <ele>241.906</ele>
    </trkpt>
    <trkpt lat="-17.4252555" lon="133.4652187">
      <ele>241.954</ele>
    </trkpt>
    <trkpt lat="-17.4285113" lon="133.4671196">
      <ele>242.867</ele>
    </trkpt>
    <trkpt lat="-17.4318109" lon="133.4690463">
      <ele>242.311</ele>
    </trkpt>
    <trkpt lat="-17.4325965" lon="133.4695051">
      <ele>243.639</ele>
    </trkpt>
    <trkpt lat="-17.4327537" lon="133.4695968">
      <ele>243.404</ele>
    </trkpt>
    <trkpt lat="-17.4398244" lon="133.4737256">
      <ele>247.741</ele>
    </trkpt>
    <trkpt lat="-17.4429669" lon="133.4755607">
      <ele>244.657</ele>
    </trkpt>
    <trkpt lat="-17.4429831" lon="133.4755702">
      <ele>244.574</ele>
    </trkpt>
    <trkpt lat="-17.4457975" lon="133.477208">
      <ele>245.0</ele>
    </trkpt>
    <trkpt lat="-17.4462692" lon="133.4774825">
      <ele>244.538</ele>
    </trkpt>
    <trkpt lat="-17.4464265" lon="133.477574">
      <ele>244.235</ele>
    </trkpt>
    <trkpt lat="-17.4481563" lon="133.4785807">
      <ele>245.891</ele>
    </trkpt>
    <trkpt lat="-17.4511441" lon="133.4803195">
      <ele>241.868</ele>
    </trkpt>
    <trkpt lat="-17.4525862" lon="133.4811588">
      <ele>242.882</ele>
    </trkpt>
    <trkpt lat="-17.4528732" lon="133.4813275">
      <ele>242.732</ele>
    </trkpt>
    <trkpt lat="-17.45303" lon="133.4814197">
      <ele>242.082</ele>
    </trkpt>
    <trkpt lat="-17.4531869" lon="133.4815119">
      <ele>241.318</ele>
    </trkpt>
    <trkpt lat="-17.4545989" lon="133.482342">
      <ele>242.0</ele>
    </trkpt>
    <trkpt lat="-17.4549126" lon="133.4825264">
      <ele>242.715</ele>
    </trkpt>
    <trkpt lat="-17.4558539" lon="133.4830798">
      <ele>243.845</ele>
    </trkpt>
    <trkpt lat="-17.4600374" lon="133.4855393">
      <ele>243.177</ele>
    </trkpt>
    <trkpt lat="-17.4600498" lon="133.4855465">
      <ele>243.2</ele>
    </trkpt>
    <trkpt lat="-17.4646039" lon="133.4882125">
      <ele>244.768</ele>
    </trkpt>
    <trkpt lat="-17.4713926" lon="133.4921869">
      <ele>246.253</ele>
    </trkpt>
    <trkpt lat="-17.473907" lon="133.4936545">
      <ele>245.99</ele>
    </trkpt>
    <trkpt lat="-17.4740641" lon="133.4937462">
      <ele>245.693</ele>
    </trkpt>
    <trkpt lat="-17.4742213" lon="133.493838">
      <ele>244.987</ele>
    </trkpt>
    <trkpt lat="-17.4754203" lon="133.4945379">
      <ele>243.336</ele>
    </trkpt>
    <trkpt lat="-17.4787757" lon="133.4965035">
      <ele>239.761</ele>
    </trkpt>
    <trkpt lat="-17.4789327" lon="133.4965955">
      <ele>239.725</ele>
    </trkpt>
    <trkpt lat="-17.481602" lon="133.4981593">
      <ele>233.466</ele>
    </trkpt>
    <trkpt lat="-17.482701" lon="133.4988032">
      <ele>235.0</ele>
    </trkpt>
    <trkpt lat="-17.482858" lon="133.4988952">
      <ele>235.289</ele>
    </trkpt>
    <trkpt lat="-17.4842712" lon="133.499723">
      <ele>233.997</ele>
    </trkpt>
    <trkpt lat="-17.4844282" lon="133.499815">
      <ele>233.666</ele>
    </trkpt>
    <trkpt lat="-17.4844341" lon="133.4998185">
      <ele>233.653</ele>
    </trkpt>
    <trkpt lat="-17.4856869" lon="133.500546">
      <ele>231.053</ele>
    </trkpt>
    <trkpt lat="-17.4858443" lon="133.5006374">
      <ele>230.972</ele>
    </trkpt>
    <trkpt lat="-17.4860016" lon="133.5007287">
      <ele>230.772</ele>
    </trkpt>
    <trkpt lat="-17.486159" lon="133.5008201">
      <ele>230.952</ele>
    </trkpt>
    <trkpt lat="-17.4894633" lon="133.5027386">
      <ele>229.0</ele>
    </trkpt>
    <trkpt lat="-17.4904073" lon="133.5032868">
      <ele>228.612</ele>
    </trkpt>
    <trkpt lat="-17.4913514" lon="133.503835">
      <ele>231.059</ele>
    </trkpt>
    <trkpt lat="-17.4916661" lon="133.5040177">
      <ele>230.999</ele>
    </trkpt>
    <trkpt lat="-17.4934851" lon="133.505074">
      <ele>231.042</ele>
    </trkpt>
    <trkpt lat="-17.4952784" lon="133.5061317">
      <ele>230.072</ele>
    </trkpt>
    <trkpt lat="-17.4965324" lon="133.5068714">
      <ele>227.517</ele>
    </trkpt>
    <trkpt lat="-17.4966892" lon="133.5069639">
      <ele>228.075</ele>
    </trkpt>
    <trkpt lat="-17.4973163" lon="133.5073338">
      <ele>227.994</ele>
    </trkpt>
    <trkpt lat="-17.4998244" lon="133.5088132">
      <ele>225.468</ele>
    </trkpt>
    <trkpt lat="-17.4999812" lon="133.5089057">
      <ele>225.876</ele>
    </trkpt>
    <trkpt lat="-17.5065651" lon="133.5127895">
      <ele>228.0</ele>
    </trkpt>
    <trkpt lat="-17.5073489" lon="133.5132519">
      <ele>228.837</ele>
    </trkpt>
    <trkpt lat="-17.5112679" lon="133.5155638">
      <ele>223.911</ele>
    </trkpt>
    <trkpt lat="-17.5117381" lon="133.5158412">
      <ele>222.036</ele>
    </trkpt>
    <trkpt lat="-17.5147165" lon="133.5175984">
      <ele>225.013</ele>
    </trkpt>
    <trkpt lat="-17.5148733" lon="133.5176908">
      <ele>225.374</ele>
    </trkpt>
    <trkpt lat="-17.5149266" lon="133.5177223">
      <ele>225.589</ele>
    </trkpt>
    <trkpt lat="-17.5241944" lon="133.5231125">
      <ele>224.364</ele>
    </trkpt>
    <trkpt lat="-17.5309478" lon="133.5270654">
      <ele>224.645</ele>
    </trkpt>
    <trkpt lat="-17.5321836" lon="133.5277888">
      <ele>224.0</ele>
    </trkpt>
    <trkpt lat="-17.5345744" lon="133.5291916">
      <ele>225.336</ele>
    </trkpt>
    <trkpt lat="-17.5370868" lon="133.5306658">
      <ele>224.512</ele>
    </trkpt>
    <trkpt lat="-17.538487" lon="133.5314772">
      <ele>230.695</ele>
    </trkpt>
    <trkpt lat="-17.5386445" lon="133.5315684">
      <ele>230.724</ele>
    </trkpt>
    <trkpt lat="-17.5390469" lon="133.5318016">
      <ele>226.46</ele>
    </trkpt>
    <trkpt lat="-17.5408609" lon="133.5328529">
      <ele>226.0</ele>
    </trkpt>
    <trkpt lat="-17.54145" lon="133.5332055">
      <ele>227.579</ele>
    </trkpt>
    <trkpt lat="-17.5421129" lon="133.5335953">
      <ele>224.81</ele>
    </trkpt>
    <trkpt lat="-17.5438603" lon="133.5346229">
      <ele>225.037</ele>
    </trkpt>
    <trkpt lat="-17.544892" lon="133.5352246">
      <ele>226.0</ele>
    </trkpt>
    <trkpt lat="-17.5450503" lon="133.5353162">
      <ele>225.887</ele>
    </trkpt>
    <trkpt lat="-17.5467402" lon="133.5362944">
      <ele>226.25</ele>
    </trkpt>
    <trkpt lat="-17.5472132" lon="133.5365784">
      <ele>225.01</ele>
    </trkpt>
    <trkpt lat="-17.5474539" lon="133.5367384">
      <ele>226.237</ele>
    </trkpt>
    <trkpt lat="-17.547654" lon="133.5368723">
      <ele>225.93</ele>
    </trkpt>
    <trkpt lat="-17.5481604" lon="133.5372669">
      <ele>225.201</ele>
    </trkpt>
    <trkpt lat="-17.548418" lon="133.5375009">
      <ele>223.605</ele>
    </trkpt>
    <trkpt lat="-17.5487023" lon="133.5377755">
      <ele>223.345</ele>
    </trkpt>
    <trkpt lat="-17.5489053" lon="133.5379867">
      <ele>224.059</ele>
    </trkpt>
    <trkpt lat="-17.549351" lon="133.5385178">
      <ele>224.336</ele>
    </trkpt>
    <trkpt lat="-17.5495608" lon="133.5388004">
      <ele>223.604</ele>
    </trkpt>
    <trkpt lat="-17.5497971" lon="133.5391569">
      <ele>224.965</ele>
    </trkpt>
    <trkpt lat="-17.5501953" lon="133.5398133">
      <ele>222.411</ele>
    </trkpt>
    <trkpt lat="-17.5503039" lon="133.539996">
      <ele>219.948</ele>
    </trkpt>
    <trkpt lat="-17.5505598" lon="133.5403907">
      <ele>222.635</ele>
    </trkpt>
    <trkpt lat="-17.5512159" lon="133.5414197">
      <ele>225.889</ele>
    </trkpt>
    <trkpt lat="-17.5517703" lon="133.5422354">
      <ele>222.645</ele>
    </trkpt>
    <trkpt lat="-17.5522427" lon="133.5429807">
      <ele>225.353</ele>
    </trkpt>
    <trkpt lat="-17.5525274" lon="133.5434303">
      <ele>224.139</ele>
    </trkpt>
    <trkpt lat="-17.5531102" lon="133.5443512">
      <ele>224.466</ele>
    </trkpt>
    <trkpt lat="-17.5534468" lon="133.54488">
      <ele>225.96</ele>
    </trkpt>
    <trkpt lat="-17.5535824" lon="133.5451016">
      <ele>227.038</ele>
    </trkpt>
    <trkpt lat="-17.5536602" lon="133.5452437">
      <ele>226.845</ele>
    </trkpt>
    <trkpt lat="-17.5541797" lon="133.5461123">
      <ele>219.996</ele>
    </trkpt>
    <trkpt lat="-17.5547333" lon="133.5469591">
      <ele>221.091</ele>
    </trkpt>
    <trkpt lat="-17.5552071" lon="133.5476841">
      <ele>222.828</ele>
    </trkpt>
    <trkpt lat="-17.5554261" lon="133.548037">
      <ele>222.664</ele>
    </trkpt>
    <trkpt lat="-17.5557505" lon="133.5485513">
      <ele>221.431</ele>
    </trkpt>
    <trkpt lat="-17.5562903" lon="133.5493851">
      <ele>223.356</ele>
    </trkpt>
    <trkpt lat="-17.5565444" lon="133.5498073">
      <ele>221.349</ele>
    </trkpt>
    <trkpt lat="-17.5566503" lon="133.5499714">
      <ele>217.633</ele>
    </trkpt>
    <trkpt lat="-17.5574171" lon="133.5511739">
      <ele>221.611</ele>
    </trkpt>
    <trkpt lat="-17.5577682" lon="133.5516962">
      <ele>225.0</ele>
    </trkpt>
    <trkpt lat="-17.5581144" lon="133.5522253">
      <ele>222.782</ele>
    </trkpt>
    <trkpt lat="-17.5585798" lon="133.5529701">
      <ele>226.043</ele>
    </trkpt>
    <trkpt lat="-17.5588592" lon="133.5534236">
      <ele>224.06</ele>
    </trkpt>
    <trkpt lat="-17.5595684" lon="133.5545782">
      <ele>222.554</ele>
    </trkpt>
    <trkpt lat="-17.5611377" lon="133.5570456">
      <ele>220.639</ele>
    </trkpt>
    <trkpt lat="-17.5614772" lon="133.5575326">
      <ele>218.541</ele>
    </trkpt>
    <trkpt lat="-17.562206" lon="133.558673">
      <ele>220.732</ele>
    </trkpt>
    <trkpt lat="-17.5622937" lon="133.5588041">
      <ele>220.563</ele>
    </trkpt>
    <trkpt lat="-17.5625815" lon="133.5592753">
      <ele>221.667</ele>
    </trkpt>
    <trkpt lat="-17.5631124" lon="133.5601075">
      <ele>223.136</ele>
    </trkpt>
    <trkpt lat="-17.5637014" lon="133.5610507">
      <ele>223.387</ele>
    </trkpt>
    <trkpt lat="-17.56394" lon="133.5614256">
      <ele>220.579</ele>
    </trkpt>
    <trkpt lat="-17.5641761" lon="133.5617958">
      <ele>217.444</ele>
    </trkpt>
    <trkpt lat="-17.5647616" lon="133.5627071">
      <ele>218.579</ele>
    </trkpt>
    <trkpt lat="-17.5651977" lon="133.5633502">
      <ele>219.398</ele>
    </trkpt>
    <trkpt lat="-17.5653051" lon="133.5635023">
      <ele>219.627</ele>
    </trkpt>
    <trkpt lat="-17.5654124" lon="133.5636537">
      <ele>219.969</ele>
    </trkpt>
    <trkpt lat="-17.5655975" lon="133.5639114">
      <ele>221.221</ele>
    </trkpt>
    <trkpt lat="-17.5664619" lon="133.5650482">
      <ele>220.828</ele>
    </trkpt>
    <trkpt lat="-17.5671" lon="133.5658641">
      <ele>222.502</ele>
    </trkpt>
    <trkpt lat="-17.5675525" lon="133.5664511">
      <ele>220.518</ele>
    </trkpt>
    <trkpt lat="-17.5676667" lon="133.566597">
      <ele>220.099</ele>
    </trkpt>
    <trkpt lat="-17.5677041" lon="133.5666453">
      <ele>220.152</ele>
    </trkpt>
    <trkpt lat="-17.568805" lon="133.5680575">
      <ele>224.008</ele>
    </trkpt>
    <trkpt lat="-17.5688185" lon="133.5680753">
      <ele>224.088</ele>
    </trkpt>
    <trkpt lat="-17.5692602" lon="133.5686424">
      <ele>224.366</ele>
    </trkpt>
    <trkpt lat="-17.5700459" lon="133.5696581">
      <ele>222.104</ele>
    </trkpt>
    <trkpt lat="-17.5706173" lon="133.5704033">
      <ele>215.656</ele>
    </trkpt>
    <trkpt lat="-17.5719134" lon="133.5720728">
      <ele>220.486</ele>
    </trkpt>
    <trkpt lat="-17.5727523" lon="133.5731477">
      <ele>222.459</ele>
    </trkpt>
    <trkpt lat="-17.5733336" lon="133.5738904">
      <ele>224.991</ele>
    </trkpt>
    <trkpt lat="-17.5741214" lon="133.5748996">
      <ele>217.244</ele>
    </trkpt>
    <trkpt lat="-17.5742354" lon="133.5750456">
      <ele>218.949</ele>
    </trkpt>
    <trkpt lat="-17.5742396" lon="133.5750509">
      <ele>219.002</ele>
    </trkpt>
    <trkpt lat="-17.5745004" lon="133.5753815">
      <ele>221.948</ele>
    </trkpt>
    <trkpt lat="-17.5752655" lon="133.5763796">
      <ele>220.047</ele>
    </trkpt>
    <trkpt lat="-17.5755332" lon="133.5767348">
      <ele>216.61</ele>
    </trkpt>
    <trkpt lat="-17.5756973" lon="133.5769525">
      <ele>215.569</ele>
    </trkpt>
    <trkpt lat="-17.5761468" lon="133.5775209">
      <ele>218.612</ele>
    </trkpt>
    <trkpt lat="-17.5761969" lon="133.5775818">
      <ele>217.975</ele>
    </trkpt>
    <trkpt lat="-17.5769888" lon="133.5785439">
      <ele>219.44</ele>
    </trkpt>
    <trkpt lat="-17.5773873" lon="133.5789959">
      <ele>221.385</ele>
    </trkpt>
    <trkpt lat="-17.5775409" lon="133.5791702">
      <ele>221.867</ele>
    </trkpt>
    <trkpt lat="-17.5780492" lon="133.5797052">
      <ele>221.084</ele>
    </trkpt>
    <trkpt lat="-17.5785927" lon="133.5802395">
      <ele>217.528</ele>
    </trkpt>
    <trkpt lat="-17.5791548" lon="133.5807706">
      <ele>221.43</ele>
    </trkpt>
    <trkpt lat="-17.5798714" lon="133.5813842">
      <ele>221.129</ele>
    </trkpt>
    <trkpt lat="-17.5804671" lon="133.5818675">
      <ele>224.176</ele>
    </trkpt>
    <trkpt lat="-17.5817804" lon="133.5828592">
      <ele>227.864</ele>
    </trkpt>
    <trkpt lat="-17.5817898" lon="133.5828664">
      <ele>227.987</ele>
    </trkpt>
    <trkpt lat="-17.5830131" lon="133.5837989">
      <ele>221.092</ele>
    </trkpt>
    <trkpt lat="-17.5834496" lon="133.5841316">
      <ele>221.0</ele>
    </trkpt>
    <trkpt lat="-17.5835768" lon="133.5842286">
      <ele>220.945</ele>
    </trkpt>
    <trkpt lat="-17.5835952" lon="133.5842424">
      <ele>220.969</ele>
    </trkpt>
    <trkpt lat="-17.5837417" lon="133.584352">
      <ele>221.314</ele>
    </trkpt>
    <trkpt lat="-17.5838881" lon="133.5844615">
      <ele>221.997</ele>
    </trkpt>
    <trkpt lat="-17.5860575" lon="133.5860853">
      <ele>222.268</ele>
    </trkpt>
    <trkpt lat="-17.5867521" lon="133.5866155">
      <ele>226.956</ele>
    </trkpt>
    <trkpt lat="-17.5869977" lon="133.586803">
      <ele>226.135</ele>
    </trkpt>
    <trkpt lat="-17.5879211" lon="133.5874956">
      <ele>217.024</ele>
    </trkpt>
    <trkpt lat="-17.5889643" lon="133.5882781">
      <ele>222.909</ele>
    </trkpt>
    <trkpt lat="-17.5897367" lon="133.5888568">
      <ele>223.826</ele>
    </trkpt>
    <trkpt lat="-17.5898235" lon="133.5889218">
      <ele>223.56</ele>
    </trkpt>
    <trkpt lat="-17.5898831" lon="133.5889664">
      <ele>223.303</ele>
    </trkpt>
    <trkpt lat="-17.5899699" lon="133.5890314">
      <ele>223.053</ele>
    </trkpt>
    <trkpt lat="-17.5900295" lon="133.5890761">
      <ele>222.788</ele>
    </trkpt>
    <trkpt lat="-17.5900961" lon="133.589126">
      <ele>222.308</ele>
    </trkpt>
    <trkpt lat="-17.5901757" lon="133.5891859">
      <ele>221.866</ele>
    </trkpt>
    <trkpt lat="-17.5915783" lon="133.5902401">
      <ele>224.229</ele>
    </trkpt>
    <trkpt lat="-17.5923165" lon="133.5907949">
      <ele>226.4</ele>
    </trkpt>
    <trkpt lat="-17.5935207" lon="133.5916899">
      <ele>228.785</ele>
    </trkpt>
    <trkpt lat="-17.5936863" lon="133.591821">
      <ele>229.556</ele>
    </trkpt>
    <trkpt lat="-17.5954606" lon="133.5931462">
      <ele>232.246</ele>
    </trkpt>
    <trkpt lat="-17.5962884" lon="133.5937797">
      <ele>231.399</ele>
    </trkpt>
    <trkpt lat="-17.5967372" lon="133.594131">
      <ele>226.574</ele>
    </trkpt>
    <trkpt lat="-17.5971877" lon="133.594469">
      <ele>229.053</ele>
    </trkpt>
    <trkpt lat="-17.5980065" lon="133.5950741">
      <ele>234.353</ele>
    </trkpt>
    <trkpt lat="-17.5993918" lon="133.5961215">
      <ele>237.068</ele>
    </trkpt>
    <trkpt lat="-17.6001114" lon="133.5966655">
      <ele>237.188</ele>
    </trkpt>
    <trkpt lat="-17.6002566" lon="133.596777">
      <ele>237.314</ele>
    </trkpt>
    <trkpt lat="-17.600404" lon="133.5968876">
      <ele>238.025</ele>
    </trkpt>
    <trkpt lat="-17.6005494" lon="133.5969967">
      <ele>238.206</ele>
    </trkpt>
    <trkpt lat="-17.6005503" lon="133.5969974">
      <ele>238.206</ele>
    </trkpt>
    <trkpt lat="-17.6006029" lon="133.597037">
      <ele>238.163</ele>
    </trkpt>
    <trkpt lat="-17.6006954" lon="133.5971065">
      <ele>238.08</ele>
    </trkpt>
    <trkpt lat="-17.6011924" lon="133.5974856">
      <ele>237.29</ele>
    </trkpt>
    <trkpt lat="-17.601707" lon="133.5978784">
      <ele>234.257</ele>
    </trkpt>
    <trkpt lat="-17.6022231" lon="133.5982692">
      <ele>234.537</ele>
    </trkpt>
    <trkpt lat="-17.6027643" lon="133.5986715">
      <ele>237.983</ele>
    </trkpt>
    <trkpt lat="-17.6039047" lon="133.5995283">
      <ele>237.681</ele>
    </trkpt>
    <trkpt lat="-17.6052538" lon="133.6004891">
      <ele>241.588</ele>
    </trkpt>
    <trkpt lat="-17.6059835" lon="133.6009537">
      <ele>238.827</ele>
    </trkpt>
    <trkpt lat="-17.606275" lon="133.6011258">
      <ele>237.925</ele>
    </trkpt>
    <trkpt lat="-17.6064723" lon="133.6012389">
      <ele>238.002</ele>
    </trkpt>
    <trkpt lat="-17.6066002" lon="133.6013079">
      <ele>238.274</ele>
    </trkpt>
    <trkpt lat="-17.6074319" lon="133.6017327">
      <ele>244.617</ele>
    </trkpt>
    <trkpt lat="-17.6083632" lon="133.6021549">
      <ele>242.297</ele>
    </trkpt>
    <trkpt lat="-17.6088207" lon="133.6023458">
      <ele>244.581</ele>
    </trkpt>
    <trkpt lat="-17.6091273" lon="133.6024688">
      <ele>244.502</ele>
    </trkpt>
    <trkpt lat="-17.6096428" lon="133.6026617">
      <ele>243.655</ele>
    </trkpt>
    <trkpt lat="-17.6102992" lon="133.60287">
      <ele>243.28</ele>
    </trkpt>
    <trkpt lat="-17.6109753" lon="133.6030845">
      <ele>245.407</ele>
    </trkpt>
    <trkpt lat="-17.6113322" lon="133.6031983">
      <ele>245.508</ele>
    </trkpt>
    <trkpt lat="-17.6115044" lon="133.6032531">
      <ele>245.0</ele>
    </trkpt>
    <trkpt lat="-17.6120637" lon="133.6034314">
      <ele>241.385</ele>
    </trkpt>
    <trkpt lat="-17.6127139" lon="133.603643">
      <ele>243.655</ele>
    </trkpt>
    <trkpt lat="-17.6134963" lon="133.6038945">
      <ele>243.454</ele>
    </trkpt>
    <trkpt lat="-17.6141432" lon="133.604105">
      <ele>239.17</ele>
    </trkpt>
    <trkpt lat="-17.6148004" lon="133.6043109">
      <ele>237.99</ele>
    </trkpt>
    <trkpt lat="-17.6149444" lon="133.6043579">
      <ele>239.95</ele>
    </trkpt>
    <trkpt lat="-17.6153357" lon="133.6044856">
      <ele>241.267</ele>
    </trkpt>
    <trkpt lat="-17.6156322" lon="133.6045766">
      <ele>241.772</ele>
    </trkpt>
    <trkpt lat="-17.6157622" lon="133.6046165">
      <ele>242.017</ele>
    </trkpt>
    <trkpt lat="-17.6158054" lon="133.6046302">
      <ele>242.073</ele>
    </trkpt>
    <trkpt lat="-17.6161499" lon="133.6047392">
      <ele>240.939</ele>
    </trkpt>
    <trkpt lat="-17.6163221" lon="133.6047936">
      <ele>240.888</ele>
    </trkpt>
    <trkpt lat="-17.6166245" lon="133.6048893">
      <ele>240.956</ele>
    </trkpt>
    <trkpt lat="-17.6169866" lon="133.6050081">
      <ele>242.054</ele>
    </trkpt>
    <trkpt lat="-17.6171809" lon="133.6050708">
      <ele>242.293</ele>
    </trkpt>
    <trkpt lat="-17.6174585" lon="133.6051605">
      <ele>244.638</ele>
    </trkpt>
    <trkpt lat="-17.6182143" lon="133.6054008">
      <ele>246.996</ele>
    </trkpt>
    <trkpt lat="-17.6183866" lon="133.6054555">
      <ele>246.797</ele>
    </trkpt>
    <trkpt lat="-17.6192993" lon="133.6057482">
      <ele>244.467</ele>
    </trkpt>
    <trkpt lat="-17.6202377" lon="133.6060554">
      <ele>243.857</ele>
    </trkpt>
    <trkpt lat="-17.6212962" lon="133.6063917">
      <ele>246.312</ele>
    </trkpt>
    <trkpt lat="-17.6223435" lon="133.6067296">
      <ele>243.746</ele>
    </trkpt>
    <trkpt lat="-17.6226852" lon="133.606841">
      <ele>246.085</ele>
    </trkpt>
    <trkpt lat="-17.622857" lon="133.6068969">
      <ele>247.872</ele>
    </trkpt>
    <trkpt lat="-17.6232819" lon="133.6070353">
      <ele>249.41</ele>
    </trkpt>
    <trkpt lat="-17.6237161" lon="133.607171">
      <ele>246.244</ele>
    </trkpt>
    <trkpt lat="-17.6242876" lon="133.6073495">
      <ele>244.658</ele>
    </trkpt>
    <trkpt lat="-17.6252998" lon="133.607685">
      <ele>246.921</ele>
    </trkpt>
    <trkpt lat="-17.6262126" lon="133.6079654">
      <ele>244.918</ele>
    </trkpt>
    <trkpt lat="-17.6269989" lon="133.6082297">
      <ele>244.95</ele>
    </trkpt>
    <trkpt lat="-17.6271566" lon="133.608279">
      <ele>244.535</ele>
    </trkpt>
    <trkpt lat="-17.6277259" lon="133.6084565">
      <ele>241.535</ele>
    </trkpt>
    <trkpt lat="-17.628591" lon="133.6087323">
      <ele>250.291</ele>
    </trkpt>
    <trkpt lat="-17.6294628" lon="133.6090143">
      <ele>248.995</ele>
    </trkpt>
    <trkpt lat="-17.6303486" lon="133.6092993">
      <ele>246.276</ele>
    </trkpt>
    <trkpt lat="-17.6312825" lon="133.6095934">
      <ele>249.464</ele>
    </trkpt>
    <trkpt lat="-17.631801" lon="133.609761">
      <ele>251.716</ele>
    </trkpt>
    <trkpt lat="-17.6319729" lon="133.6098165">
      <ele>251.558</ele>
    </trkpt>
    <trkpt lat="-17.6319751" lon="133.6098172">
      <ele>251.548</ele>
    </trkpt>
    <trkpt lat="-17.6321448" lon="133.609872">
      <ele>250.74</ele>
    </trkpt>
    <trkpt lat="-17.6321471" lon="133.6098727">
      <ele>250.729</ele>
    </trkpt>
    <trkpt lat="-17.6323122" lon="133.609926">
      <ele>249.942</ele>
    </trkpt>
    <trkpt lat="-17.6323167" lon="133.6099274">
      <ele>249.921</ele>
    </trkpt>
    <trkpt lat="-17.6324909" lon="133.6099835">
      <ele>249.092</ele>
    </trkpt>
    <trkpt lat="-17.6332624" lon="133.6102316">
      <ele>247.958</ele>
    </trkpt>
    <trkpt lat="-17.634178" lon="133.6105266">
      <ele>249.923</ele>
    </trkpt>
    <trkpt lat="-17.6350352" lon="133.6107978">
      <ele>251.871</ele>
    </trkpt>
    <trkpt lat="-17.6350718" lon="133.6108096">
      <ele>252.088</ele>
    </trkpt>
    <trkpt lat="-17.6354158" lon="133.6109199">
      <ele>253.281</ele>
    </trkpt>
    <trkpt lat="-17.6359293" lon="133.6110846">
      <ele>251.247</ele>
    </trkpt>
    <trkpt lat="-17.6359478" lon="133.6110906">
      <ele>251.132</ele>
    </trkpt>
    <trkpt lat="-17.636101" lon="133.6111408">
      <ele>250.18</ele>
    </trkpt>
    <trkpt lat="-17.6361036" lon="133.6111416">
      <ele>250.164</ele>
    </trkpt>
    <trkpt lat="-17.6368891" lon="133.6113991">
      <ele>247.265</ele>
    </trkpt>
    <trkpt lat="-17.6375648" lon="133.6116234">
      <ele>252.005</ele>
    </trkpt>
    <trkpt lat="-17.6379171" lon="133.6117437">
      <ele>252.413</ele>
    </trkpt>
    <trkpt lat="-17.6382334" lon="133.6118417">
      <ele>250.576</ele>
    </trkpt>
    <trkpt lat="-17.639204" lon="133.6121476">
      <ele>250.573</ele>
    </trkpt>
    <trkpt lat="-17.6408785" lon="133.6126915">
      <ele>252.829</ele>
    </trkpt>
    <trkpt lat="-17.6411414" lon="133.6127777">
      <ele>249.673</ele>
    </trkpt>
    <trkpt lat="-17.6423148" lon="133.6131555">
      <ele>249.76</ele>
    </trkpt>
    <trkpt lat="-17.6438538" lon="133.6136549">
      <ele>249.422</ele>
    </trkpt>
    <trkpt lat="-17.6453615" lon="133.6141335">
      <ele>247.537</ele>
    </trkpt>
    <trkpt lat="-17.6464704" lon="133.614499">
      <ele>246.903</ele>
    </trkpt>
    <trkpt lat="-17.6470316" lon="133.614684">
      <ele>246.862</ele>
    </trkpt>
    <trkpt lat="-17.6471571" lon="133.6147242">
      <ele>247.009</ele>
    </trkpt>
    <trkpt lat="-17.6487365" lon="133.6152296">
      <ele>252.304</ele>
    </trkpt>
    <trkpt lat="-17.6504711" lon="133.6157987">
      <ele>249.675</ele>
    </trkpt>
    <trkpt lat="-17.6514535" lon="133.6161164">
      <ele>249.539</ele>
    </trkpt>
    <trkpt lat="-17.6516254" lon="133.616172">
      <ele>248.484</ele>
    </trkpt>
    <trkpt lat="-17.6517973" lon="133.6162276">
      <ele>248.146</ele>
    </trkpt>
    <trkpt lat="-17.6524848" lon="133.61645">
      <ele>247.703</ele>
    </trkpt>
    <trkpt lat="-17.6526567" lon="133.6165055">
      <ele>249.715</ele>
    </trkpt>
    <trkpt lat="-17.6537163" lon="133.6168482">
      <ele>255.359</ele>
    </trkpt>
    <trkpt lat="-17.6543749" lon="133.6170638">
      <ele>255.037</ele>
    </trkpt>
    <trkpt lat="-17.6562904" lon="133.617691">
      <ele>255.931</ele>
    </trkpt>
    <trkpt lat="-17.6578117" lon="133.6181787">
      <ele>250.625</ele>
    </trkpt>
    <trkpt lat="-17.6586718" lon="133.6184544">
      <ele>253.873</ele>
    </trkpt>
    <trkpt lat="-17.6588438" lon="133.6185095">
      <ele>255.31</ele>
    </trkpt>
    <trkpt lat="-17.6595319" lon="133.6187301">
      <ele>256.428</ele>
    </trkpt>
    <trkpt lat="-17.6595865" lon="133.6187476">
      <ele>256.491</ele>
    </trkpt>
    <trkpt lat="-17.6597038" lon="133.6187856">
      <ele>256.628</ele>
    </trkpt>
    <trkpt lat="-17.6613762" lon="133.6193277">
      <ele>257.541</ele>
    </trkpt>
    <trkpt lat="-17.6624524" lon="133.6196803">
      <ele>252.136</ele>
    </trkpt>
    <trkpt lat="-17.6626241" lon="133.6197366">
      <ele>253.821</ele>
    </trkpt>
    <trkpt lat="-17.6633251" lon="133.6199663">
      <ele>256.246</ele>
    </trkpt>
    <trkpt lat="-17.6641281" lon="133.6202269">
      <ele>256.546</ele>
    </trkpt>
    <trkpt lat="-17.6651944" lon="133.620566">
      <ele>258.989</ele>
    </trkpt>
    <trkpt lat="-17.6657188" lon="133.6207348">
      <ele>257.204</ele>
    </trkpt>
    <trkpt lat="-17.6658668" lon="133.6207825">
      <ele>256.96</ele>
    </trkpt>
    <trkpt lat="-17.6663375" lon="133.6209459">
      <ele>258.0</ele>
    </trkpt>
    <trkpt lat="-17.6669187" lon="133.6211334">
      <ele>255.165</ele>
    </trkpt>
    <trkpt lat="-17.6673902" lon="133.6212716">
      <ele>255.833</ele>
    </trkpt>
    <trkpt lat="-17.6679097" lon="133.6214186">
      <ele>259.113</ele>
    </trkpt>
    <trkpt lat="-17.6681353" lon="133.6214747">
      <ele>260.596</ele>
    </trkpt>
    <trkpt lat="-17.6685663" lon="133.6215819">
      <ele>260.856</ele>
    </trkpt>
    <trkpt lat="-17.6691909" lon="133.6217089">
      <ele>262.769</ele>
    </trkpt>
    <trkpt lat="-17.6692133" lon="133.6217134">
      <ele>262.98</ele>
    </trkpt>
    <trkpt lat="-17.6698622" lon="133.6218507">
      <ele>262.483</ele>
    </trkpt>
    <trkpt lat="-17.6705019" lon="133.6219855">
      <ele>259.222</ele>
    </trkpt>
    <trkpt lat="-17.6710011" lon="133.6220928">
      <ele>262.0</ele>
    </trkpt>
    <trkpt lat="-17.6780582" lon="133.6235705">
      <ele>258.29</ele>
    </trkpt>
    <trkpt lat="-17.6844052" lon="133.6249156">
      <ele>257.359</ele>
    </trkpt>
    <trkpt lat="-17.6844077" lon="133.6249161">
      <ele>257.354</ele>
    </trkpt>
    <trkpt lat="-17.6845815" lon="133.6249531">
      <ele>258.156</ele>
    </trkpt>
    <trkpt lat="-17.6847578" lon="133.6249905">
      <ele>259.542</ele>
    </trkpt>
    <trkpt lat="-17.6847606" lon="133.6249911">
      <ele>259.58</ele>
    </trkpt>
    <trkpt lat="-17.684937" lon="133.6250285">
      <ele>261.65</ele>
    </trkpt>
    <trkpt lat="-17.6851104" lon="133.6250652">
      <ele>260.914</ele>
    </trkpt>
    <trkpt lat="-17.6851133" lon="133.6250658">
      <ele>260.882</ele>
    </trkpt>
    <trkpt lat="-17.6870534" lon="133.625477">
      <ele>257.345</ele>
    </trkpt>
    <trkpt lat="-17.6904047" lon="133.6261876">
      <ele>257.551</ele>
    </trkpt>
    <trkpt lat="-17.6914629" lon="133.6264116">
      <ele>257.734</ele>
    </trkpt>
    <trkpt lat="-17.6923389" lon="133.6265974">
      <ele>256.412</ele>
    </trkpt>
    <trkpt lat="-17.6925152" lon="133.6266348">
      <ele>255.517</ele>
    </trkpt>
    <trkpt lat="-17.6926915" lon="133.6266722">
      <ele>253.946</ele>
    </trkpt>
    <trkpt lat="-17.6926975" lon="133.6266734">
      <ele>253.884</ele>
    </trkpt>
    <trkpt lat="-17.6928678" lon="133.6267096">
      <ele>252.506</ele>
    </trkpt>
    <trkpt lat="-17.6928739" lon="133.6267109">
      <ele>252.467</ele>
    </trkpt>
    <trkpt lat="-17.6930504" lon="133.6267484">
      <ele>251.331</ele>
    </trkpt>
    <trkpt lat="-17.6937558" lon="133.6268977">
      <ele>253.122</ele>
    </trkpt>
    <trkpt lat="-17.6939322" lon="133.6269352">
      <ele>254.0</ele>
    </trkpt>
    <trkpt lat="-17.6941086" lon="133.6269726">
      <ele>253.755</ele>
    </trkpt>
    <trkpt lat="-17.6942783" lon="133.6270086">
      <ele>252.827</ele>
    </trkpt>
    <trkpt lat="-17.6946378" lon="133.6270848">
      <ele>251.143</ele>
    </trkpt>
    <trkpt lat="-17.6948142" lon="133.6271224">
      <ele>252.017</ele>
    </trkpt>
    <trkpt lat="-17.6972835" lon="133.6276458">
      <ele>254.874</ele>
    </trkpt>
    <trkpt lat="-17.699929" lon="133.6282067">
      <ele>258.694</ele>
    </trkpt>
    <trkpt lat="-17.7001056" lon="133.628244">
      <ele>258.596</ele>
    </trkpt>
    <trkpt lat="-17.703568" lon="133.628989">
      <ele>251.317</ele>
    </trkpt>
    <trkpt lat="-17.7052836" lon="133.6293378">
      <ele>251.945</ele>
    </trkpt>
    <trkpt lat="-17.7054599" lon="133.629375">
      <ele>250.197</ele>
    </trkpt>
    <trkpt lat="-17.7102207" lon="133.6303739">
      <ele>257.689</ele>
    </trkpt>
    <trkpt lat="-17.7102534" lon="133.6303808">
      <ele>258.178</ele>
    </trkpt>
    <trkpt lat="-17.7103969" lon="133.6304109">
      <ele>258.694</ele>
    </trkpt>
    <trkpt lat="-17.7130418" lon="133.6309655">
      <ele>251.169</ele>
    </trkpt>
    <trkpt lat="-17.7132181" lon="133.6310024">
      <ele>250.783</ele>
    </trkpt>
    <trkpt lat="-17.7137998" lon="133.6311246">
      <ele>252.984</ele>
    </trkpt>
    <trkpt lat="-17.7139235" lon="133.6311506">
      <ele>252.982</ele>
    </trkpt>
    <trkpt lat="-17.7140646" lon="133.6311802">
      <ele>252.843</ele>
    </trkpt>
    <trkpt lat="-17.7142758" lon="133.6312254">
      <ele>253.305</ele>
    </trkpt>
    <trkpt lat="-17.714452" lon="133.6312632">
      <ele>254.617</ele>
    </trkpt>
    <trkpt lat="-17.7144861" lon="133.6312705">
      <ele>254.96</ele>
    </trkpt>
    <trkpt lat="-17.71459" lon="133.6312927">
      <ele>256.044</ele>
    </trkpt>
    <trkpt lat="-17.7147462" lon="133.6313125">
      <ele>257.733</ele>
    </trkpt>
    <trkpt lat="-17.7147899" lon="133.6313181">
      <ele>258.283</ele>
    </trkpt>
    <trkpt lat="-17.7148394" lon="133.6313262">
      <ele>258.909</ele>
    </trkpt>
    <trkpt lat="-17.7148875" lon="133.6313267">
      <ele>259.47</ele>
    </trkpt>
    <trkpt lat="-17.7149512" lon="133.6313275">
      <ele>260.213</ele>
    </trkpt>
    <trkpt lat="-17.7150029" lon="133.6313218">
      <ele>260.738</ele>
    </trkpt>
    <trkpt lat="-17.7150546" lon="133.6313188">
      <ele>260.355</ele>
    </trkpt>
    <trkpt lat="-17.7150966" lon="133.631319">
      <ele>260.053</ele>
    </trkpt>
    <trkpt lat="-17.7152219" lon="133.631337">
      <ele>259.216</ele>
    </trkpt>
    <trkpt lat="-17.7157778" lon="133.6314556">
      <ele>258.36</ele>
    </trkpt>
    <trkpt lat="-17.7160471" lon="133.6315127">
      <ele>260.093</ele>
    </trkpt>
    <trkpt lat="-17.7163997" lon="133.631587">
      <ele>259.939</ele>
    </trkpt>
    <trkpt lat="-17.7170213" lon="133.6317187">
      <ele>257.948</ele>
    </trkpt>
    <trkpt lat="-17.7181916" lon="133.6319609">
      <ele>248.775</ele>
    </trkpt>
    <trkpt lat="-17.7190441" lon="133.6321447">
      <ele>258.475</ele>
    </trkpt>
    <trkpt lat="-17.7192075" lon="133.63218">
      <ele>259.295</ele>
    </trkpt>
    <trkpt lat="-17.7197491" lon="133.6322945">
      <ele>258.827</ele>
    </trkpt>
    <trkpt lat="-17.7198972" lon="133.6323255">
      <ele>259.277</ele>
    </trkpt>
    <trkpt lat="-17.720819" lon="133.6325493">
      <ele>255.366</ele>
    </trkpt>
    <trkpt lat="-17.7208368" lon="133.6325537">
      <ele>255.191</ele>
    </trkpt>
    <trkpt lat="-17.7210118" lon="133.6325975">
      <ele>255.125</ele>
    </trkpt>
    <trkpt lat="-17.7213617" lon="133.632685">
      <ele>256.503</ele>
    </trkpt>
    <trkpt lat="-17.7215008" lon="133.6327198">
      <ele>256.959</ele>
    </trkpt>
    <trkpt lat="-17.7215366" lon="133.6327287">
      <ele>257.011</ele>
    </trkpt>
    <trkpt lat="-17.7215553" lon="133.6327334">
      <ele>257.032</ele>
    </trkpt>
    <trkpt lat="-17.7218192" lon="133.6327992">
      <ele>258.091</ele>
    </trkpt>
    <trkpt lat="-17.7224251" lon="133.6329579">
      <ele>261.433</ele>
    </trkpt>
    <trkpt lat="-17.7231489" lon="133.6331696">
      <ele>256.518</ele>
    </trkpt>
    <trkpt lat="-17.7253145" lon="133.6338196">
      <ele>258.461</ele>
    </trkpt>
    <trkpt lat="-17.7254872" lon="133.6338714">
      <ele>260.173</ele>
    </trkpt>
    <trkpt lat="-17.7282532" lon="133.634702">
      <ele>253.66</ele>
    </trkpt>
    <trkpt lat="-17.7285989" lon="133.6348057">
      <ele>255.27</ele>
    </trkpt>
    <trkpt lat="-17.7291559" lon="133.634973">
      <ele>255.093</ele>
    </trkpt>
    <trkpt lat="-17.7293288" lon="133.6350249">
      <ele>256.167</ele>
    </trkpt>
    <trkpt lat="-17.7298089" lon="133.6351692">
      <ele>258.0</ele>
    </trkpt>
    <trkpt lat="-17.729866" lon="133.6351863">
      <ele>258.0</ele>
    </trkpt>
    <trkpt lat="-17.7305005" lon="133.6353767">
      <ele>257.446</ele>
    </trkpt>
    <trkpt lat="-17.7306733" lon="133.6354285">
      <ele>257.845</ele>
    </trkpt>
    <trkpt lat="-17.7353883" lon="133.636844">
      <ele>260.82</ele>
    </trkpt>
    <trkpt lat="-17.7376622" lon="133.6375223">
      <ele>266.551</ele>
    </trkpt>
    <trkpt lat="-17.7387215" lon="133.6378249">
      <ele>263.263</ele>
    </trkpt>
    <trkpt lat="-17.7397008" lon="133.6381222">
      <ele>260.819</ele>
    </trkpt>
    <trkpt lat="-17.7408301" lon="133.638463">
      <ele>262.977</ele>
    </trkpt>
    <trkpt lat="-17.7411229" lon="133.6385527">
      <ele>265.622</ele>
    </trkpt>
    <trkpt lat="-17.7416409" lon="133.6387115">
      <ele>267.361</ele>
    </trkpt>
    <trkpt lat="-17.7423176" lon="133.638919">
      <ele>263.007</ele>
    </trkpt>
    <trkpt lat="-17.7423315" lon="133.6389231">
      <ele>262.868</ele>
    </trkpt>
    <trkpt lat="-17.7438125" lon="133.6393593">
      <ele>260.747</ele>
    </trkpt>
    <trkpt lat="-17.7440623" lon="133.6394367">
      <ele>261.659</ele>
    </trkpt>
    <trkpt lat="-17.7450075" lon="133.6397297">
      <ele>262.973</ele>
    </trkpt>
    <trkpt lat="-17.7461358" lon="133.6400759">
      <ele>261.891</ele>
    </trkpt>
    <trkpt lat="-17.7468269" lon="133.640276">
      <ele>261.574</ele>
    </trkpt>
    <trkpt lat="-17.7470003" lon="133.6403262">
      <ele>262.541</ele>
    </trkpt>
    <trkpt lat="-17.7471737" lon="133.6403764">
      <ele>263.713</ele>
    </trkpt>
    <trkpt lat="-17.7473289" lon="133.6404213">
      <ele>264.57</ele>
    </trkpt>
    <trkpt lat="-17.7488615" lon="133.6408886">
      <ele>261.317</ele>
    </trkpt>
    <trkpt lat="-17.7492475" lon="133.6410042">
      <ele>257.709</ele>
    </trkpt>
    <trkpt lat="-17.7494205" lon="133.641056">
      <ele>257.086</ele>
    </trkpt>
    <trkpt lat="-17.7495934" lon="133.6411078">
      <ele>258.092</ele>
    </trkpt>
    <trkpt lat="-17.7497664" lon="133.6411596">
      <ele>259.556</ele>
    </trkpt>
    <trkpt lat="-17.7499394" lon="133.6412114">
      <ele>260.157</ele>
    </trkpt>
    <trkpt lat="-17.7501123" lon="133.6412632">
      <ele>259.722</ele>
    </trkpt>
    <trkpt lat="-17.7502255" lon="133.6412971">
      <ele>259.393</ele>
    </trkpt>
    <trkpt lat="-17.7504575" lon="133.6413697">
      <ele>260.876</ele>
    </trkpt>
    <trkpt lat="-17.7508022" lon="133.6414776">
      <ele>265.586</ele>
    </trkpt>
    <trkpt lat="-17.751517" lon="133.6417013">
      <ele>260.684</ele>
    </trkpt>
    <trkpt lat="-17.7532121" lon="133.642224">
      <ele>258.453</ele>
    </trkpt>
    <trkpt lat="-17.7547631" lon="133.6426716">
      <ele>258.059</ele>
    </trkpt>
    <trkpt lat="-17.7563484" lon="133.6431552">
      <ele>257.811</ele>
    </trkpt>
    <trkpt lat="-17.7570246" lon="133.6433579">
      <ele>261.849</ele>
    </trkpt>
    <trkpt lat="-17.7571975" lon="133.6434098">
      <ele>261.7</ele>
    </trkpt>
    <trkpt lat="-17.758111" lon="133.6436836">
      <ele>256.539</ele>
    </trkpt>
    <trkpt lat="-17.7590029" lon="133.6439955">
      <ele>255.506</ele>
    </trkpt>
    <trkpt lat="-17.7600604" lon="133.6444024">
      <ele>252.771</ele>
    </trkpt>
    <trkpt lat="-17.7608062" lon="133.6447299">
      <ele>254.749</ele>
    </trkpt>
    <trkpt lat="-17.7612806" lon="133.6449483">
      <ele>254.073</ele>
    </trkpt>
    <trkpt lat="-17.7622658" lon="133.6454436">
      <ele>253.213</ele>
    </trkpt>
    <trkpt lat="-17.763069" lon="133.6458879">
      <ele>248.245</ele>
    </trkpt>
    <trkpt lat="-17.7633523" lon="133.6460447">
      <ele>249.862</ele>
    </trkpt>
    <trkpt lat="-17.7643397" lon="133.6466568">
      <ele>256.153</ele>
    </trkpt>
    <trkpt lat="-17.7646187" lon="133.6468452">
      <ele>251.19</ele>
    </trkpt>
    <trkpt lat="-17.7651107" lon="133.6471775">
      <ele>249.173</ele>
    </trkpt>
    <trkpt lat="-17.7659149" lon="133.6477597">
      <ele>255.038</ele>
    </trkpt>
    <trkpt lat="-17.7661038" lon="133.6479098">
      <ele>255.45</ele>
    </trkpt>
    <trkpt lat="-17.7665341" lon="133.6482517">
      <ele>255.291</ele>
    </trkpt>
    <trkpt lat="-17.7666776" lon="133.6483656">
      <ele>253.608</ele>
    </trkpt>
    <trkpt lat="-17.7670346" lon="133.6486493">
      <ele>250.072</ele>
    </trkpt>
    <trkpt lat="-17.767711" lon="133.6493077">
      <ele>251.882</ele>
    </trkpt>
    <trkpt lat="-17.7682342" lon="133.6497162">
      <ele>249.7</ele>
    </trkpt>
    <trkpt lat="-17.7691077" lon="133.6505869">
      <ele>249.253</ele>
    </trkpt>
    <trkpt lat="-17.7697472" lon="133.6512675">
      <ele>248.759</ele>
    </trkpt>
    <trkpt lat="-17.7698735" lon="133.651402">
      <ele>247.592</ele>
    </trkpt>
    <trkpt lat="-17.7699709" lon="133.6515057">
      <ele>248.316</ele>
    </trkpt>
    <trkpt lat="-17.7699988" lon="133.6515375">
      <ele>248.531</ele>
    </trkpt>
    <trkpt lat="-17.7701206" lon="133.6516764">
      <ele>249.055</ele>
    </trkpt>
    <trkpt lat="-17.7703643" lon="133.6519542">
      <ele>249.331</ele>
    </trkpt>
    <trkpt lat="-17.7707395" lon="133.652382">
      <ele>246.468</ele>
    </trkpt>
    <trkpt lat="-17.7713894" lon="133.6531248">
      <ele>249.498</ele>
    </trkpt>
    <trkpt lat="-17.7722035" lon="133.6540543">
      <ele>241.095</ele>
    </trkpt>
    <trkpt lat="-17.7730923" lon="133.6550667">
      <ele>246.76</ele>
    </trkpt>
    <trkpt lat="-17.7739709" lon="133.6560716">
      <ele>242.875</ele>
    </trkpt>
    <trkpt lat="-17.7749806" lon="133.6572208">
      <ele>243.905</ele>
    </trkpt>
    <trkpt lat="-17.7759686" lon="133.6583459">
      <ele>235.089</ele>
    </trkpt>
    <trkpt lat="-17.7762125" lon="133.6586236">
      <ele>238.64</ele>
    </trkpt>
    <trkpt lat="-17.7763344" lon="133.6587625">
      <ele>238.518</ele>
    </trkpt>
    <trkpt lat="-17.77638" lon="133.6588145">
      <ele>238.472</ele>
    </trkpt>
    <trkpt lat="-17.7770982" lon="133.6595939">
      <ele>236.358</ele>
    </trkpt>
    <trkpt lat="-17.7776461" lon="133.6601655">
      <ele>234.14</ele>
    </trkpt>
    <trkpt lat="-17.7781279" lon="133.6606169">
      <ele>236.664</ele>
    </trkpt>
    <trkpt lat="-17.7786998" lon="133.6611528">
      <ele>233.216</ele>
    </trkpt>
    <trkpt lat="-17.7793577" lon="133.6617217">
      <ele>232.449</ele>
    </trkpt>
    <trkpt lat="-17.7795381" lon="133.6618777">
      <ele>232.679</ele>
    </trkpt>
    <trkpt lat="-17.780274" lon="133.6624693">
      <ele>231.988</ele>
    </trkpt>
    <trkpt lat="-17.7811911" lon="133.6631237">
      <ele>236.16</ele>
    </trkpt>
    <trkpt lat="-17.7813996" lon="133.6632665">
      <ele>235.386</ele>
    </trkpt>
    <trkpt lat="-17.7816247" lon="133.6634208">
      <ele>231.68</ele>
    </trkpt>
    <trkpt lat="-17.7822472" lon="133.6638251">
      <ele>229.201</ele>
    </trkpt>
    <trkpt lat="-17.7829192" lon="133.6642307">
      <ele>231.652</ele>
    </trkpt>
    <trkpt lat="-17.7835678" lon="133.6646027">
      <ele>225.86</ele>
    </trkpt>
    <trkpt lat="-17.7837299" lon="133.6646922">
      <ele>226.273</ele>
    </trkpt>
    <trkpt lat="-17.7841685" lon="133.6649344">
      <ele>228.99</ele>
    </trkpt>
    <trkpt lat="-17.7859704" lon="133.6658016">
      <ele>229.391</ele>
    </trkpt>
    <trkpt lat="-17.7863451" lon="133.6659491">
      <ele>229.083</ele>
    </trkpt>
    <trkpt lat="-17.7878879" lon="133.6665564">
      <ele>226.305</ele>
    </trkpt>
    <trkpt lat="-17.7883374" lon="133.6666854">
      <ele>227.704</ele>
    </trkpt>
    <trkpt lat="-17.789536" lon="133.6670429">
      <ele>228.632</ele>
    </trkpt>
    <trkpt lat="-17.790978" lon="133.6674642">
      <ele>223.134</ele>
    </trkpt>
    <trkpt lat="-17.7911513" lon="133.6675148">
      <ele>223.381</ele>
    </trkpt>
    <trkpt lat="-17.7913246" lon="133.6675655">
      <ele>225.07</ele>
    </trkpt>
    <trkpt lat="-17.7914256" lon="133.667595">
      <ele>225.922</ele>
    </trkpt>
    <trkpt lat="-17.7914977" lon="133.6676163">
      <ele>226.365</ele>
    </trkpt>
    <trkpt lat="-17.7930561" lon="133.6680767">
      <ele>219.005</ele>
    </trkpt>
    <trkpt lat="-17.7931869" lon="133.6681154">
      <ele>220.113</ele>
    </trkpt>
    <trkpt lat="-17.7932291" lon="133.6681281">
      <ele>220.385</ele>
    </trkpt>
    <trkpt lat="-17.7941706" lon="133.668411">
      <ele>224.559</ele>
    </trkpt>
    <trkpt lat="-17.798077" lon="133.6695609">
      <ele>224.252</ele>
    </trkpt>
    <trkpt lat="-17.7982502" lon="133.6696119">
      <ele>223.346</ele>
    </trkpt>
    <trkpt lat="-17.7999821" lon="133.6701218">
      <ele>222.899</ele>
    </trkpt>
    <trkpt lat="-17.8006422" lon="133.6703161">
      <ele>222.905</ele>
    </trkpt>
    <trkpt lat="-17.8024066" lon="133.6708362">
      <ele>225.647</ele>
    </trkpt>
    <trkpt lat="-17.8025798" lon="133.6708872">
      <ele>225.732</ele>
    </trkpt>
    <trkpt lat="-17.8055237" lon="133.671755">
      <ele>227.078</ele>
    </trkpt>
    <trkpt lat="-17.8056969" lon="133.671806">
      <ele>227.0</ele>
    </trkpt>
    <trkpt lat="-17.8058701" lon="133.671857">
      <ele>226.909</ele>
    </trkpt>
    <trkpt lat="-17.812019" lon="133.6736696">
      <ele>228.579</ele>
    </trkpt>
    <trkpt lat="-17.8133928" lon="133.6740924">
      <ele>230.775</ele>
    </trkpt>
    <trkpt lat="-17.8151195" lon="133.6746213">
      <ele>225.999</ele>
    </trkpt>
    <trkpt lat="-17.8152922" lon="133.6746742">
      <ele>225.705</ele>
    </trkpt>
    <trkpt lat="-17.8154649" lon="133.6747271">
      <ele>224.688</ele>
    </trkpt>
    <trkpt lat="-17.8169494" lon="133.6751818">
      <ele>229.72</ele>
    </trkpt>
    <trkpt lat="-17.8175373" lon="133.6753604">
      <ele>233.568</ele>
    </trkpt>
    <trkpt lat="-17.8188277" lon="133.6757523">
      <ele>230.251</ele>
    </trkpt>
    <trkpt lat="-17.8196102" lon="133.675992">
      <ele>232.074</ele>
    </trkpt>
    <trkpt lat="-17.8197829" lon="133.6760449">
      <ele>233.928</ele>
    </trkpt>
    <trkpt lat="-17.8221731" lon="133.6767771">
      <ele>237.086</ele>
    </trkpt>
    <trkpt lat="-17.8227184" lon="133.6769436">
      <ele>237.421</ele>
    </trkpt>
    <trkpt lat="-17.8232366" lon="133.6771018">
      <ele>237.218</ele>
    </trkpt>
    <trkpt lat="-17.8234093" lon="133.6771546">
      <ele>238.237</ele>
    </trkpt>
    <trkpt lat="-17.8249637" lon="133.6776293">
      <ele>242.613</ele>
    </trkpt>
    <trkpt lat="-17.8251364" lon="133.6776821">
      <ele>242.497</ele>
    </trkpt>
    <trkpt lat="-17.8253091" lon="133.6777348">
      <ele>242.75</ele>
    </trkpt>
    <trkpt lat="-17.8275737" lon="133.6784264">
      <ele>239.173</ele>
    </trkpt>
    <trkpt lat="-17.8285907" lon="133.678737">
      <ele>241.387</ele>
    </trkpt>
    <trkpt lat="-17.8308359" lon="133.6794227">
      <ele>235.983</ele>
    </trkpt>
    <trkpt lat="-17.8310086" lon="133.6794754">
      <ele>234.779</ele>
    </trkpt>
    <trkpt lat="-17.8329085" lon="133.6800557">
      <ele>240.223</ele>
    </trkpt>
    <trkpt lat="-17.8330812" lon="133.6801084">
      <ele>239.517</ele>
    </trkpt>
    <trkpt lat="-17.8341175" lon="133.6804249">
      <ele>237.614</ele>
    </trkpt>
    <trkpt lat="-17.8342902" lon="133.6804776">
      <ele>235.791</ele>
    </trkpt>
    <trkpt lat="-17.8344629" lon="133.6805304">
      <ele>234.217</ele>
    </trkpt>
    <trkpt lat="-17.8363627" lon="133.6811107">
      <ele>238.187</ele>
    </trkpt>
    <trkpt lat="-17.8394715" lon="133.6820602">
      <ele>232.793</ele>
    </trkpt>
    <trkpt lat="-17.8420622" lon="133.6828515">
      <ele>238.113</ele>
    </trkpt>
    <trkpt lat="-17.8424076" lon="133.682957">
      <ele>238.882</ele>
    </trkpt>
    <trkpt lat="-17.8476187" lon="133.6845487">
      <ele>237.249</ele>
    </trkpt>
    <trkpt lat="-17.8493476" lon="133.6850699">
      <ele>235.564</ele>
    </trkpt>
    <trkpt lat="-17.8495205" lon="133.685122">
      <ele>235.846</ele>
    </trkpt>
    <trkpt lat="-17.8501066" lon="133.6852987">
      <ele>235.355</ele>
    </trkpt>
    <trkpt lat="-17.8541546" lon="133.6865407">
      <ele>239.473</ele>
    </trkpt>
    <trkpt lat="-17.85591" lon="133.6870768">
      <ele>239.076</ele>
    </trkpt>
    <trkpt lat="-17.8560827" lon="133.6871295">
      <ele>240.129</ele>
    </trkpt>
    <trkpt lat="-17.8562555" lon="133.6871823">
      <ele>241.034</ele>
    </trkpt>
    <trkpt lat="-17.8564282" lon="133.687235">
      <ele>242.089</ele>
    </trkpt>
    <trkpt lat="-17.8599517" lon="133.6883111">
      <ele>244.362</ele>
    </trkpt>
    <trkpt lat="-17.8607419" lon="133.6885683">
      <ele>239.755</ele>
    </trkpt>
    <trkpt lat="-17.8609137" lon="133.6886242">
      <ele>242.271</ele>
    </trkpt>
    <trkpt lat="-17.8610855" lon="133.6886801">
      <ele>244.925</ele>
    </trkpt>
    <trkpt lat="-17.8616009" lon="133.6888479">
      <ele>246.291</ele>
    </trkpt>
    <trkpt lat="-17.8617582" lon="133.6888991">
      <ele>245.073</ele>
    </trkpt>
    <trkpt lat="-17.8621189" lon="133.6890065">
      <ele>242.529</ele>
    </trkpt>
    <trkpt lat="-17.8655799" lon="133.690037">
      <ele>244.334</ele>
    </trkpt>
    <trkpt lat="-17.865926" lon="133.69014">
      <ele>242.837</ele>
    </trkpt>
    <trkpt lat="-17.866099" lon="133.6901916">
      <ele>242.357</ele>
    </trkpt>
    <trkpt lat="-17.8662721" lon="133.6902431">
      <ele>242.777</ele>
    </trkpt>
    <trkpt lat="-17.8664452" lon="133.6902946">
      <ele>243.669</ele>
    </trkpt>
    <trkpt lat="-17.8674431" lon="133.6905917">
      <ele>250.892</ele>
    </trkpt>
    <trkpt lat="-17.8698277" lon="133.691323">
      <ele>251.755</ele>
    </trkpt>
    <trkpt lat="-17.8706207" lon="133.691567">
      <ele>255.707</ele>
    </trkpt>
    <trkpt lat="-17.8709339" lon="133.6916722">
      <ele>257.02</ele>
    </trkpt>
    <trkpt lat="-17.8711052" lon="133.6917298">
      <ele>257.227</ele>
    </trkpt>
    <trkpt lat="-17.8715727" lon="133.6918869">
      <ele>253.814</ele>
    </trkpt>
    <trkpt lat="-17.8721624" lon="133.6921057">
      <ele>251.419</ele>
    </trkpt>
    <trkpt lat="-17.8729013" lon="133.6923864">
      <ele>253.051</ele>
    </trkpt>
    <trkpt lat="-17.8741179" lon="133.6930034">
      <ele>250.33</ele>
    </trkpt>
    <trkpt lat="-17.874432" lon="133.693152">
      <ele>251.981</ele>
    </trkpt>
    <trkpt lat="-17.874596" lon="133.6932295">
      <ele>252.537</ele>
    </trkpt>
    <trkpt lat="-17.8754925" lon="133.6936535">
      <ele>257.31</ele>
    </trkpt>
    <trkpt lat="-17.8769847" lon="133.69444">
      <ele>262.957</ele>
    </trkpt>
    <trkpt lat="-17.8773426" lon="133.6946396">
      <ele>263.269</ele>
    </trkpt>
    <trkpt lat="-17.8775014" lon="133.6947282">
      <ele>262.952</ele>
    </trkpt>
    <trkpt lat="-17.8778192" lon="133.6949055">
      <ele>262.561</ele>
    </trkpt>
    <trkpt lat="-17.877978" lon="133.6949941">
      <ele>262.273</ele>
    </trkpt>
    <trkpt lat="-17.8783085" lon="133.6951784">
      <ele>263.553</ele>
    </trkpt>
    <trkpt lat="-17.8786083" lon="133.6953585">
      <ele>265.28</ele>
    </trkpt>
    <trkpt lat="-17.8792328" lon="133.6957339">
      <ele>266.404</ele>
    </trkpt>
    <trkpt lat="-17.8793889" lon="133.6958277">
      <ele>266.18</ele>
    </trkpt>
    <trkpt lat="-17.879545" lon="133.6959215">
      <ele>265.753</ele>
    </trkpt>
    <trkpt lat="-17.8797012" lon="133.6960154">
      <ele>265.682</ele>
    </trkpt>
    <trkpt lat="-17.881069" lon="133.6968374">
      <ele>266.058</ele>
    </trkpt>
    <trkpt lat="-17.8825901" lon="133.6977428">
      <ele>265.126</ele>
    </trkpt>
    <trkpt lat="-17.8829903" lon="133.6979662">
      <ele>264.595</ele>
    </trkpt>
    <trkpt lat="-17.8839434" lon="133.6984981">
      <ele>265.673</ele>
    </trkpt>
    <trkpt lat="-17.8841023" lon="133.6985867">
      <ele>265.98</ele>
    </trkpt>
    <trkpt lat="-17.8841879" lon="133.6986345">
      <ele>265.771</ele>
    </trkpt>
    <trkpt lat="-17.8857252" lon="133.6993833">
      <ele>269.78</ele>
    </trkpt>
    <trkpt lat="-17.8866592" lon="133.6998071">
      <ele>268.295</ele>
    </trkpt>
    <trkpt lat="-17.8872197" lon="133.7000564">
      <ele>268.402</ele>
    </trkpt>
    <trkpt lat="-17.8873854" lon="133.7001301">
      <ele>268.937</ele>
    </trkpt>
    <trkpt lat="-17.8877166" lon="133.7002775">
      <ele>270.777</ele>
    </trkpt>
    <trkpt lat="-17.8878823" lon="133.7003512">
      <ele>272.393</ele>
    </trkpt>
    <trkpt lat="-17.888242" lon="133.7005112">
      <ele>273.148</ele>
    </trkpt>
    <trkpt lat="-17.8887154" lon="133.7007068">
      <ele>268.611</ele>
    </trkpt>
    <trkpt lat="-17.8888828" lon="133.7007759">
      <ele>269.94</ele>
    </trkpt>
    <trkpt lat="-17.8898308" lon="133.7011676">
      <ele>272.53</ele>
    </trkpt>
    <trkpt lat="-17.8915652" lon="133.7018431">
      <ele>269.098</ele>
    </trkpt>
    <trkpt lat="-17.8927482" lon="133.7023241">
      <ele>272.584</ele>
    </trkpt>
    <trkpt lat="-17.8939525" lon="133.7028138">
      <ele>266.395</ele>
    </trkpt>
    <trkpt lat="-17.8953025" lon="133.7033372">
      <ele>262.967</ele>
    </trkpt>
    <trkpt lat="-17.89564" lon="133.703468">
      <ele>264.096</ele>
    </trkpt>
    <trkpt lat="-17.8961462" lon="133.7036643">
      <ele>264.76</ele>
    </trkpt>
    <trkpt lat="-17.8968212" lon="133.703926">
      <ele>266.979</ele>
    </trkpt>
    <trkpt lat="-17.8969899" lon="133.7039915">
      <ele>267.631</ele>
    </trkpt>
    <trkpt lat="-17.8971587" lon="133.7040569">
      <ele>267.395</ele>
    </trkpt>
    <trkpt lat="-17.8973274" lon="133.7041223">
      <ele>267.22</ele>
    </trkpt>
    <trkpt lat="-17.901546" lon="133.7057581">
      <ele>272.046</ele>
    </trkpt>
    <trkpt lat="-17.9020522" lon="133.7059544">
      <ele>273.388</ele>
    </trkpt>
    <trkpt lat="-17.9034022" lon="133.7064778">
      <ele>270.928</ele>
    </trkpt>
    <trkpt lat="-17.9042459" lon="133.7068049">
      <ele>270.641</ele>
    </trkpt>
    <trkpt lat="-17.9044146" lon="133.7068704">
      <ele>270.971</ele>
    </trkpt>
    <trkpt lat="-17.9045834" lon="133.7069358">
      <ele>271.5</ele>
    </trkpt>
    <trkpt lat="-17.9104894" lon="133.709226">
      <ele>271.471</ele>
    </trkpt>
    <trkpt lat="-17.9106581" lon="133.7092915">
      <ele>271.599</ele>
    </trkpt>
    <trkpt lat="-17.9116706" lon="133.7096841">
      <ele>272.028</ele>
    </trkpt>
    <trkpt lat="-17.9131893" lon="133.7102731">
      <ele>267.949</ele>
    </trkpt>
    <trkpt lat="-17.914033" lon="133.7106003">
      <ele>269.4</ele>
    </trkpt>
    <trkpt lat="-17.9143704" lon="133.7107312">
      <ele>269.995</ele>
    </trkpt>
    <trkpt lat="-17.9147079" lon="133.710862">
      <ele>270.052</ele>
    </trkpt>
    <trkpt lat="-17.917384" lon="133.7118999">
      <ele>269.684</ele>
    </trkpt>
    <trkpt lat="-17.9180941" lon="133.7121361">
      <ele>269.844</ele>
    </trkpt>
    <trkpt lat="-17.918437" lon="133.7122502">
      <ele>270.082</ele>
    </trkpt>
    <trkpt lat="-17.9189515" lon="133.7124212">
      <ele>271.117</ele>
    </trkpt>
    <trkpt lat="-17.9190394" lon="133.7124505">
      <ele>270.273</ele>
    </trkpt>
    <trkpt lat="-17.9207127" lon="133.7129101">
      <ele>267.518</ele>
    </trkpt>
    <trkpt lat="-17.9219766" lon="133.7131995">
      <ele>267.3</ele>
    </trkpt>
    <trkpt lat="-17.9229819" lon="133.7133905">
      <ele>267.643</ele>
    </trkpt>
    <trkpt lat="-17.923648" lon="133.713517">
      <ele>266.749</ele>
    </trkpt>
    <trkpt lat="-17.925327" lon="133.7137442">
      <ele>268.344</ele>
    </trkpt>
    <trkpt lat="-17.9254749" lon="133.713757">
      <ele>267.765</ele>
    </trkpt>
    <trkpt lat="-17.9260127" lon="133.7138034">
      <ele>271.046</ele>
    </trkpt>
    <trkpt lat="-17.9261919" lon="133.7138189">
      <ele>271.636</ele>
    </trkpt>
    <trkpt lat="-17.9263712" lon="133.7138343">
      <ele>270.88</ele>
    </trkpt>
    <trkpt lat="-17.9270254" lon="133.7138908">
      <ele>266.72</ele>
    </trkpt>
    <trkpt lat="-17.9276276" lon="133.7139153">
      <ele>264.489</ele>
    </trkpt>
    <trkpt lat="-17.9285303" lon="133.7139521">
      <ele>263.87</ele>
    </trkpt>
    <trkpt lat="-17.9294255" lon="133.7139451">
      <ele>258.962</ele>
    </trkpt>
    <trkpt lat="-17.9299651" lon="133.7139409">
      <ele>254.415</ele>
    </trkpt>
    <trkpt lat="-17.9305047" lon="133.7139367">
      <ele>257.634</ele>
    </trkpt>
    <trkpt lat="-17.9306845" lon="133.7139353">
      <ele>258.542</ele>
    </trkpt>
    <trkpt lat="-17.9341019" lon="133.7139086">
      <ele>251.834</ele>
    </trkpt>
    <trkpt lat="-17.9342817" lon="133.7139072">
      <ele>252.264</ele>
    </trkpt>
    <trkpt lat="-17.9344616" lon="133.7139058">
      <ele>252.29</ele>
    </trkpt>
    <trkpt lat="-17.9382386" lon="133.7138764">
      <ele>258.674</ele>
    </trkpt>
    <trkpt lat="-17.9384185" lon="133.713875">
      <ele>259.0</ele>
    </trkpt>
    <trkpt lat="-17.9387782" lon="133.7138722">
      <ele>260.203</ele>
    </trkpt>
    <trkpt lat="-17.9406607" lon="133.7138575">
      <ele>254.067</ele>
    </trkpt>
    <trkpt lat="-17.9418664" lon="133.7138455">
      <ele>253.912</ele>
    </trkpt>
    <trkpt lat="-17.9433053" lon="133.7138334">
      <ele>253.157</ele>
    </trkpt>
    <trkpt lat="-17.9434851" lon="133.7138319">
      <ele>253.957</ele>
    </trkpt>
    <trkpt lat="-17.9463629" lon="133.7138077">
      <ele>262.747</ele>
    </trkpt>
    <trkpt lat="-17.9465427" lon="133.7138062">
      <ele>264.107</ele>
    </trkpt>
    <trkpt lat="-17.9467226" lon="133.7138047">
      <ele>265.262</ele>
    </trkpt>
    <trkpt lat="-17.9492406" lon="133.7137835">
      <ele>266.912</ele>
    </trkpt>
    <trkpt lat="-17.9494204" lon="133.713782">
      <ele>268.212</ele>
    </trkpt>
    <trkpt lat="-17.9496003" lon="133.7137805">
      <ele>268.171</ele>
    </trkpt>
    <trkpt lat="-17.9562551" lon="133.7137246">
      <ele>269.073</ele>
    </trkpt>
    <trkpt lat="-17.9564349" lon="133.7137231">
      <ele>268.399</ele>
    </trkpt>
    <trkpt lat="-17.9567946" lon="133.7137201">
      <ele>266.932</ele>
    </trkpt>
    <trkpt lat="-17.9569745" lon="133.7137186">
      <ele>266.411</ele>
    </trkpt>
    <trkpt lat="-17.9593129" lon="133.7136989">
      <ele>265.159</ele>
    </trkpt>
    <trkpt lat="-17.9612566" lon="133.7136677">
      <ele>264.069</ele>
    </trkpt>
    <trkpt lat="-17.9620102" lon="133.7136506">
      <ele>261.98</ele>
    </trkpt>
    <trkpt lat="-17.9636286" lon="133.7136139">
      <ele>258.865</ele>
    </trkpt>
    <trkpt lat="-17.9638084" lon="133.7136098">
      <ele>257.588</ele>
    </trkpt>
    <trkpt lat="-17.9645277" lon="133.7135935">
      <ele>256.644</ele>
    </trkpt>
    <trkpt lat="-17.9647075" lon="133.7135894">
      <ele>257.898</ele>
    </trkpt>
    <trkpt lat="-17.971122" lon="133.713444">
      <ele>264.18</ele>
    </trkpt>
    <trkpt lat="-17.972599" lon="133.7133709">
      <ele>264.66</ele>
    </trkpt>
    <trkpt lat="-17.9729763" lon="133.7133318">
      <ele>262.3</ele>
    </trkpt>
    <trkpt lat="-17.9731553" lon="133.7133133">
      <ele>263.268</ele>
    </trkpt>
    <trkpt lat="-17.9733343" lon="133.7132948">
      <ele>265.277</ele>
    </trkpt>
    <trkpt lat="-17.9738349" lon="133.7132429">
      <ele>264.52</ele>
    </trkpt>
    <trkpt lat="-17.9750909" lon="133.7130529">
      <ele>268.99</ele>
    </trkpt>
    <trkpt lat="-17.9761496" lon="133.7128456">
      <ele>270.037</ele>
    </trkpt>
    <trkpt lat="-17.9789825" lon="133.7121609">
      <ele>273.483</ele>
    </trkpt>
    <trkpt lat="-17.9791578" lon="133.7121185">
      <ele>273.98</ele>
    </trkpt>
    <trkpt lat="-17.9793331" lon="133.7120761">
      <ele>273.401</ele>
    </trkpt>
    <trkpt lat="-17.9809107" lon="133.7116948">
      <ele>270.795</ele>
    </trkpt>
    <trkpt lat="-17.981086" lon="133.7116524">
      <ele>270.086</ele>
    </trkpt>
    <trkpt lat="-17.9812613" lon="133.71161">
      <ele>270.221</ele>
    </trkpt>
    <trkpt lat="-17.9814366" lon="133.7115676">
      <ele>270.996</ele>
    </trkpt>
    <trkpt lat="-17.9815244" lon="133.7115464">
      <ele>271.63</ele>
    </trkpt>
    <trkpt lat="-17.9829924" lon="133.7112763">
      <ele>268.416</ele>
    </trkpt>
    <trkpt lat="-17.9842823" lon="133.7111301">
      <ele>268.253</ele>
    </trkpt>
    <trkpt lat="-17.9844611" lon="133.7111098">
      <ele>266.816</ele>
    </trkpt>
    <trkpt lat="-17.98464" lon="133.7110895">
      <ele>264.865</ele>
    </trkpt>
    <trkpt lat="-17.9846881" lon="133.7110841">
      <ele>264.357</ele>
    </trkpt>
    <trkpt lat="-17.986387" lon="133.710998">
      <ele>270.598</ele>
    </trkpt>
    <trkpt lat="-17.9874088" lon="133.710992">
      <ele>269.087</ele>
    </trkpt>
    <trkpt lat="-17.992414" lon="133.711003">
      <ele>273.411</ele>
    </trkpt>
    <trkpt lat="-17.9985294" lon="133.7110075">
      <ele>276.885</ele>
    </trkpt>
    <trkpt lat="-17.9988891" lon="133.7110078">
      <ele>277.255</ele>
    </trkpt>
    <trkpt lat="-17.999069" lon="133.7110079">
      <ele>275.96</ele>
    </trkpt>
    <trkpt lat="-17.9992488" lon="133.711008">
      <ele>274.48</ele>
    </trkpt>
    <trkpt lat="-18.0080622" lon="133.7110144">
      <ele>272.34</ele>
    </trkpt>
    <trkpt lat="-18.0107601" lon="133.7110164">
      <ele>274.431</ele>
    </trkpt>
    <trkpt lat="-18.01094" lon="133.7110165">
      <ele>274.079</ele>
    </trkpt>
    <trkpt lat="-18.016156" lon="133.7110204">
      <ele>273.73</ele>
    </trkpt>
    <trkpt lat="-18.0163359" lon="133.7110205">
      <ele>272.645</ele>
    </trkpt>
    <trkpt lat="-18.0183144" lon="133.7110219">
      <ele>276.299</ele>
    </trkpt>
    <trkpt lat="-18.0184943" lon="133.7110221">
      <ele>276.529</ele>
    </trkpt>
    <trkpt lat="-18.0193936" lon="133.7110227">
      <ele>272.557</ele>
    </trkpt>
    <trkpt lat="-18.0195735" lon="133.7110228">
      <ele>274.371</ele>
    </trkpt>
    <trkpt lat="-18.0204728" lon="133.7110235">
      <ele>275.369</ele>
    </trkpt>
    <trkpt lat="-18.0237103" lon="133.7110259">
      <ele>277.971</ele>
    </trkpt>
    <trkpt lat="-18.0238902" lon="133.711026">
      <ele>278.611</ele>
    </trkpt>
    <trkpt lat="-18.0246097" lon="133.7110265">
      <ele>277.232</ele>
    </trkpt>
    <trkpt lat="-18.0265882" lon="133.711028">
      <ele>273.402</ele>
    </trkpt>
    <trkpt lat="-18.02659" lon="133.711028">
      <ele>273.402</ele>
    </trkpt>
    <trkpt lat="-18.0276672" lon="133.7110463">
      <ele>281.271</ele>
    </trkpt>
    <trkpt lat="-18.027847" lon="133.7110494">
      <ele>282.222</ele>
    </trkpt>
    <trkpt lat="-18.027938" lon="133.711051">
      <ele>282.384</ele>
    </trkpt>
    <trkpt lat="-18.029667" lon="133.711201">
      <ele>280.606</ele>
    </trkpt>
    <trkpt lat="-18.032965" lon="133.71167">
      <ele>283.658</ele>
    </trkpt>
    <trkpt lat="-18.0375994" lon="133.7123281">
      <ele>283.603</ele>
    </trkpt>
    <trkpt lat="-18.0377777" lon="133.7123534">
      <ele>284.0</ele>
    </trkpt>
    <trkpt lat="-18.0379559" lon="133.7123787">
      <ele>283.639</ele>
    </trkpt>
    <trkpt lat="-18.040211" lon="133.7126989">
      <ele>280.74</ele>
    </trkpt>
    <trkpt lat="-18.04235" lon="133.7130027">
      <ele>279.008</ele>
    </trkpt>
    <trkpt lat="-18.0425282" lon="133.713028">
      <ele>277.588</ele>
    </trkpt>
    <trkpt lat="-18.0427065" lon="133.7130533">
      <ele>276.491</ele>
    </trkpt>
    <trkpt lat="-18.0428847" lon="133.7130786">
      <ele>275.698</ele>
    </trkpt>
    <trkpt lat="-18.0435977" lon="133.7131799">
      <ele>276.1</ele>
    </trkpt>
    <trkpt lat="-18.0475191" lon="133.7137368">
      <ele>277.126</ele>
    </trkpt>
    <trkpt lat="-18.0485886" lon="133.7138887">
      <ele>272.244</ele>
    </trkpt>
    <trkpt lat="-18.0487668" lon="133.713914">
      <ele>272.821</ele>
    </trkpt>
    <trkpt lat="-18.0521535" lon="133.7143951">
      <ele>280.822</ele>
    </trkpt>
    <trkpt lat="-18.0523318" lon="133.7144204">
      <ele>280.159</ele>
    </trkpt>
    <trkpt lat="-18.0525099" lon="133.7144457">
      <ele>279.0</ele>
    </trkpt>
    <trkpt lat="-18.0526882" lon="133.714471">
      <ele>279.0</ele>
    </trkpt>
    <trkpt lat="-18.0528665" lon="133.7144963">
      <ele>279.639</ele>
    </trkpt>
    <trkpt lat="-18.0530447" lon="133.7145216">
      <ele>280.922</ele>
    </trkpt>
    <trkpt lat="-18.055236" lon="133.7148329">
      <ele>277.73</ele>
    </trkpt>
    <trkpt lat="-18.0585957" lon="133.7153192">
      <ele>276.008</ele>
    </trkpt>
    <trkpt lat="-18.0612691" lon="133.7157012">
      <ele>280.569</ele>
    </trkpt>
    <trkpt lat="-18.0632296" lon="133.7159814">
      <ele>276.757</ele>
    </trkpt>
    <trkpt lat="-18.0634078" lon="133.7160069">
      <ele>277.06</ele>
    </trkpt>
    <trkpt lat="-18.0669724" lon="133.7165162">
      <ele>274.458</ele>
    </trkpt>
    <trkpt lat="-18.0703587" lon="133.7170002">
      <ele>274.476</ele>
    </trkpt>
    <trkpt lat="-18.0742796" lon="133.7175606">
      <ele>268.129</ele>
    </trkpt>
    <trkpt lat="-18.0744579" lon="133.7175861">
      <ele>267.918</ele>
    </trkpt>
    <trkpt lat="-18.0746361" lon="133.7176116">
      <ele>266.897</ele>
    </trkpt>
    <trkpt lat="-18.0806958" lon="133.7184776">
      <ele>263.481</ele>
    </trkpt>
    <trkpt lat="-18.0856861" lon="133.7191909">
      <ele>276.53</ele>
    </trkpt>
    <trkpt lat="-18.0862208" lon="133.7192673">
      <ele>273.857</ele>
    </trkpt>
    <trkpt lat="-18.086399" lon="133.7192928">
      <ele>273.562</ele>
    </trkpt>
    <trkpt lat="-18.0865773" lon="133.7193183">
      <ele>273.824</ele>
    </trkpt>
    <trkpt lat="-18.09032" lon="133.7198533">
      <ele>277.304</ele>
    </trkpt>
    <trkpt lat="-18.0904982" lon="133.7198788">
      <ele>278.587</ele>
    </trkpt>
    <trkpt lat="-18.0933499" lon="133.7202864">
      <ele>274.029</ele>
    </trkpt>
    <trkpt lat="-18.0935281" lon="133.7203119">
      <ele>274.578</ele>
    </trkpt>
    <trkpt lat="-18.0937063" lon="133.7203374">
      <ele>275.128</ele>
    </trkpt>
    <trkpt lat="-18.099234" lon="133.7211276">
      <ele>282.727</ele>
    </trkpt>
    <trkpt lat="-18.1005367" lon="133.7213109">
      <ele>283.555</ele>
    </trkpt>
    <trkpt lat="-18.1012037" lon="133.7214084">
      <ele>282.953</ele>
    </trkpt>
    <trkpt lat="-18.1020214" lon="133.7215247">
      <ele>286.054</ele>
    </trkpt>
    <trkpt lat="-18.1025186" lon="133.721595">
      <ele>284.449</ele>
    </trkpt>
    <trkpt lat="-18.1031553" lon="133.7216857">
      <ele>287.025</ele>
    </trkpt>
    <trkpt lat="-18.103163" lon="133.7216868">
      <ele>287.028</ele>
    </trkpt>
    <trkpt lat="-18.1033334" lon="133.7217118">
      <ele>287.162</ele>
    </trkpt>
    <trkpt lat="-18.1045729" lon="133.721894">
      <ele>283.712</ele>
    </trkpt>
    <trkpt lat="-18.1072539" lon="133.722276">
      <ele>286.057</ele>
    </trkpt>
    <trkpt lat="-18.1088581" lon="133.7225046">
      <ele>285.827</ele>
    </trkpt>
    <trkpt lat="-18.1090363" lon="133.72253">
      <ele>286.156</ele>
    </trkpt>
    <trkpt lat="-18.1101057" lon="133.7226824">
      <ele>290.709</ele>
    </trkpt>
    <trkpt lat="-18.1134922" lon="133.7231651">
      <ele>282.135</ele>
    </trkpt>
    <trkpt lat="-18.1138487" lon="133.7232159">
      <ele>286.131</ele>
    </trkpt>
    <trkpt lat="-18.1161657" lon="133.7235461">
      <ele>292.569</ele>
    </trkpt>
    <trkpt lat="-18.1195962" lon="133.724035">
      <ele>289.064</ele>
    </trkpt>
    <trkpt lat="-18.1206457" lon="133.7241823">
      <ele>287.455</ele>
    </trkpt>
    <trkpt lat="-18.1209783" lon="133.7242302">
      <ele>289.491</ele>
    </trkpt>
    <trkpt lat="-18.1231167" lon="133.7245384">
      <ele>291.484</ele>
    </trkpt>
    <trkpt lat="-18.1232287" lon="133.7245545">
      <ele>291.773</ele>
    </trkpt>
    <trkpt lat="-18.1232949" lon="133.7245642">
      <ele>291.921</ele>
    </trkpt>
    <trkpt lat="-18.1236512" lon="133.7246162">
      <ele>291.415</ele>
    </trkpt>
    <trkpt lat="-18.1238294" lon="133.7246422">
      <ele>292.543</ele>
    </trkpt>
    <trkpt lat="-18.1240076" lon="133.7246682">
      <ele>294.338</ele>
    </trkpt>
    <trkpt lat="-18.1241857" lon="133.7246941">
      <ele>296.256</ele>
    </trkpt>
    <trkpt lat="-18.1254934" lon="133.7248849">
      <ele>288.486</ele>
    </trkpt>
    <trkpt lat="-18.1266216" lon="133.7250412">
      <ele>290.852</ele>
    </trkpt>
    <trkpt lat="-18.1277592" lon="133.7252042">
      <ele>289.089</ele>
    </trkpt>
    <trkpt lat="-18.1289984" lon="133.7253776">
      <ele>287.246</ele>
    </trkpt>
    <trkpt lat="-18.1290496" lon="133.7253848">
      <ele>287.036</ele>
    </trkpt>
    <trkpt lat="-18.1301084" lon="133.7255354">
      <ele>288.883</ele>
    </trkpt>
    <trkpt lat="-18.1305953" lon="133.7255985">
      <ele>288.299</ele>
    </trkpt>
    <trkpt lat="-18.1323723" lon="133.7258407">
      <ele>284.516</ele>
    </trkpt>
    <trkpt lat="-18.133928" lon="133.72605">
      <ele>287.722</ele>
    </trkpt>
    <trkpt lat="-18.1341063" lon="133.7260775">
      <ele>288.807</ele>
    </trkpt>
    <trkpt lat="-18.1344841" lon="133.7261171">
      <ele>289.025</ele>
    </trkpt>
    <trkpt lat="-18.134813" lon="133.726153">
      <ele>288.599</ele>
    </trkpt>
    <trkpt lat="-18.1351888" lon="133.7261876">
      <ele>285.236</ele>
    </trkpt>
    <trkpt lat="-18.1354814" lon="133.7262074">
      <ele>285.305</ele>
    </trkpt>
    <trkpt lat="-18.1360319" lon="133.7262261">
      <ele>286.291</ele>
    </trkpt>
    <trkpt lat="-18.136567" lon="133.7262289">
      <ele>285.848</ele>
    </trkpt>
    <trkpt lat="-18.1370072" lon="133.7262217">
      <ele>285.384</ele>
    </trkpt>
    <trkpt lat="-18.1376058" lon="133.7261876">
      <ele>285.79</ele>
    </trkpt>
    <trkpt lat="-18.1382148" lon="133.7261402">
      <ele>287.892</ele>
    </trkpt>
    <trkpt lat="-18.138702" lon="133.726078">
      <ele>288.135</ele>
    </trkpt>
    <trkpt lat="-18.1391563" lon="133.7260176">
      <ele>287.973</ele>
    </trkpt>
    <trkpt lat="-18.1392613" lon="133.7260037">
      <ele>288.446</ele>
    </trkpt>
    <trkpt lat="-18.1393137" lon="133.7259963">
      <ele>288.642</ele>
    </trkpt>
    <trkpt lat="-18.1393347" lon="133.7259933">
      <ele>288.713</ele>
    </trkpt>
    <trkpt lat="-18.1395129" lon="133.7259681">
      <ele>288.38</ele>
    </trkpt>
    <trkpt lat="-18.1400267" lon="133.7258952">
      <ele>283.892</ele>
    </trkpt>
    <trkpt lat="-18.1404875" lon="133.7258299">
      <ele>286.022</ele>
    </trkpt>
    <trkpt lat="-18.1426935" lon="133.725524">
      <ele>288.886</ele>
    </trkpt>
    <trkpt lat="-18.1452162" lon="133.7251526">
      <ele>291.305</ele>
    </trkpt>
    <trkpt lat="-18.1453733" lon="133.7251295">
      <ele>291.789</ele>
    </trkpt>
    <trkpt lat="-18.1453943" lon="133.7251264">
      <ele>291.86</ele>
    </trkpt>
    <trkpt lat="-18.1455514" lon="133.7251033">
      <ele>292.605</ele>
    </trkpt>
    <trkpt lat="-18.1459287" lon="133.7250477">
      <ele>293.716</ele>
    </trkpt>
    <trkpt lat="-18.1480606" lon="133.7247339">
      <ele>289.042</ele>
    </trkpt>
    <trkpt lat="-18.1502039" lon="133.7244189">
      <ele>296.507</ele>
    </trkpt>
    <trkpt lat="-18.150382" lon="133.7243927">
      <ele>296.066</ele>
    </trkpt>
    <trkpt lat="-18.1505391" lon="133.7243696">
      <ele>295.251</ele>
    </trkpt>
    <trkpt lat="-18.1505821" lon="133.7243633">
      <ele>295.056</ele>
    </trkpt>
    <trkpt lat="-18.1534756" lon="133.7239473">
      <ele>289.771</ele>
    </trkpt>
    <trkpt lat="-18.1544594" lon="133.7238035">
      <ele>290.0</ele>
    </trkpt>
    <trkpt lat="-18.155172" lon="133.7236994">
      <ele>289.381</ele>
    </trkpt>
    <trkpt lat="-18.1553502" lon="133.7236734">
      <ele>288.798</ele>
    </trkpt>
    <trkpt lat="-18.1553542" lon="133.7236728">
      <ele>288.786</ele>
    </trkpt>
    <trkpt lat="-18.1553712" lon="133.7236703">
      <ele>288.735</ele>
    </trkpt>
    <trkpt lat="-18.1559057" lon="133.7235922">
      <ele>287.311</ele>
    </trkpt>
    <trkpt lat="-18.157069" lon="133.7234223">
      <ele>287.985</ele>
    </trkpt>
    <trkpt lat="-18.1582026" lon="133.7232725">
      <ele>284.495</ele>
    </trkpt>
    <trkpt lat="-18.1583811" lon="133.7232489">
      <ele>284.151</ele>
    </trkpt>
    <trkpt lat="-18.1588373" lon="133.7231886">
      <ele>286.301</ele>
    </trkpt>
    <trkpt lat="-18.1594835" lon="133.7231274">
      <ele>289.927</ele>
    </trkpt>
    <trkpt lat="-18.1601928" lon="133.7230718">
      <ele>289.694</ele>
    </trkpt>
    <trkpt lat="-18.160351" lon="133.7230595">
      <ele>290.531</ele>
    </trkpt>
    <trkpt lat="-18.1603722" lon="133.7230578">
      <ele>290.683</ele>
    </trkpt>
    <trkpt lat="-18.1605304" lon="133.7230454">
      <ele>291.859</ele>
    </trkpt>
    <trkpt lat="-18.1605515" lon="133.7230437">
      <ele>292.014</ele>
    </trkpt>
    <trkpt lat="-18.1605764" lon="133.7230418">
      <ele>292.121</ele>
    </trkpt>
    <trkpt lat="-18.1621464" lon="133.7229456">
      <ele>291.166</ele>
    </trkpt>
    <trkpt lat="-18.1622041" lon="133.7229421">
      <ele>291.488</ele>
    </trkpt>
    <trkpt lat="-18.1623261" lon="133.7229393">
      <ele>292.173</ele>
    </trkpt>
    <trkpt lat="-18.16388" lon="133.7229037">
      <ele>294.547</ele>
    </trkpt>
    <trkpt lat="-18.1639445" lon="133.7229043">
      <ele>294.344</ele>
    </trkpt>
    <trkpt lat="-18.1643042" lon="133.7229076">
      <ele>293.796</ele>
    </trkpt>
    <trkpt lat="-18.1646851" lon="133.722911">
      <ele>294.907</ele>
    </trkpt>
    <trkpt lat="-18.1648438" lon="133.7229125">
      <ele>295.455</ele>
    </trkpt>
    <trkpt lat="-18.164865" lon="133.7229127">
      <ele>295.528</ele>
    </trkpt>
    <trkpt lat="-18.1652137" lon="133.7229159">
      <ele>295.226</ele>
    </trkpt>
    <trkpt lat="-18.1662418" lon="133.7229334">
      <ele>291.317</ele>
    </trkpt>
    <trkpt lat="-18.1664621" lon="133.7229457">
      <ele>292.763</ele>
    </trkpt>
    <trkpt lat="-18.167001" lon="133.7229757">
      <ele>294.745</ele>
    </trkpt>
    <trkpt lat="-18.1676835" lon="133.7230138">
      <ele>293.76</ele>
    </trkpt>
    <trkpt lat="-18.1696683" lon="133.7231764">
      <ele>300.548</ele>
    </trkpt>
    <trkpt lat="-18.1696919" lon="133.7231786">
      <ele>300.787</ele>
    </trkpt>
    <trkpt lat="-18.169871" lon="133.7231956">
      <ele>301.797</ele>
    </trkpt>
    <trkpt lat="-18.170785" lon="133.7232822">
      <ele>298.358</ele>
    </trkpt>
    <trkpt lat="-18.1717344" lon="133.7233844">
      <ele>299.448</ele>
    </trkpt>
    <trkpt lat="-18.1723775" lon="133.7234494">
      <ele>297.582</ele>
    </trkpt>
    <trkpt lat="-18.1725565" lon="133.7234675">
      <ele>298.022</ele>
    </trkpt>
    <trkpt lat="-18.1725776" lon="133.7234696">
      <ele>298.205</ele>
    </trkpt>
    <trkpt lat="-18.1736361" lon="133.7235767">
      <ele>297.192</ele>
    </trkpt>
    <trkpt lat="-18.1747045" lon="133.7236899">
      <ele>300.503</ele>
    </trkpt>
    <trkpt lat="-18.1754204" lon="133.7237657">
      <ele>298.769</ele>
    </trkpt>
    <trkpt lat="-18.1754415" lon="133.7237679">
      <ele>298.72</ele>
    </trkpt>
    <trkpt lat="-18.1754679" lon="133.7237707">
      <ele>298.654</ele>
    </trkpt>
    <trkpt lat="-18.1755994" lon="133.7237843">
      <ele>298.377</ele>
    </trkpt>
    <trkpt lat="-18.1766521" lon="133.7238931">
      <ele>293.068</ele>
    </trkpt>
    <trkpt lat="-18.1766734" lon="133.7238955">
      <ele>293.0</ele>
    </trkpt>
    <trkpt lat="-18.1786899" lon="133.7241186">
      <ele>291.062</ele>
    </trkpt>
    <trkpt lat="-18.17882" lon="133.7241321">
      <ele>290.497</ele>
    </trkpt>
    <trkpt lat="-18.178999" lon="133.7241506">
      <ele>290.07</ele>
    </trkpt>
    <trkpt lat="-18.1790201" lon="133.7241528">
      <ele>290.053</ele>
    </trkpt>
    <trkpt lat="-18.1802261" lon="133.7242776">
      <ele>288.149</ele>
    </trkpt>
    <trkpt lat="-18.1812143" lon="133.724379">
      <ele>289.834</ele>
    </trkpt>
    <trkpt lat="-18.1824184" lon="133.7245364">
      <ele>287.919</ele>
    </trkpt>
    <trkpt lat="-18.1831192" lon="133.7246273">
      <ele>284.658</ele>
    </trkpt>
    <trkpt lat="-18.1838632" lon="133.7247444">
      <ele>286.08</ele>
    </trkpt>
    <trkpt lat="-18.1840204" lon="133.7247744">
      <ele>286.277</ele>
    </trkpt>
    <trkpt lat="-18.1841765" lon="133.7248041">
      <ele>286.579</ele>
    </trkpt>
    <trkpt lat="-18.1841974" lon="133.7248081">
      <ele>286.584</ele>
    </trkpt>
    <trkpt lat="-18.1850615" lon="133.7249726">
      <ele>286.443</ele>
    </trkpt>
    <trkpt lat="-18.1850823" lon="133.7249766">
      <ele>286.593</ele>
    </trkpt>
    <trkpt lat="-18.1852034" lon="133.7249996">
      <ele>287.464</ele>
    </trkpt>
    <trkpt lat="-18.1859456" lon="133.725146">
      <ele>291.596</ele>
    </trkpt>
    <trkpt lat="-18.1863111" lon="133.7252181">
      <ele>291.72</ele>
    </trkpt>
    <trkpt lat="-18.1866864" lon="133.7252793">
      <ele>294.153</ele>
    </trkpt>
    <trkpt lat="-18.1868336" lon="133.7252917">
      <ele>295.302</ele>
    </trkpt>
    <trkpt lat="-18.1869754" lon="133.7253037">
      <ele>296.308</ele>
    </trkpt>
    <trkpt lat="-18.1873042" lon="133.7253632">
      <ele>297.809</ele>
    </trkpt>
    <trkpt lat="-18.18825" lon="133.7255542">
      <ele>302.684</ele>
    </trkpt>
    <trkpt lat="-18.1884119" lon="133.7255869">
      <ele>302.29</ele>
    </trkpt>
    <trkpt lat="-18.1887796" lon="133.7256628">
      <ele>299.015</ele>
    </trkpt>
    <trkpt lat="-18.1888004" lon="133.7256671">
      <ele>298.834</ele>
    </trkpt>
    <trkpt lat="-18.1896657" lon="133.7258456">
      <ele>299.0</ele>
    </trkpt>
    <trkpt lat="-18.1908332" lon="133.7260799">
      <ele>304.113</ele>
    </trkpt>
    <trkpt lat="-18.190899" lon="133.7260927">
      <ele>304.066</ele>
    </trkpt>
    <trkpt lat="-18.1912527" lon="133.7261618">
      <ele>304.506</ele>
    </trkpt>
    <trkpt lat="-18.1912735" lon="133.7261658">
      <ele>304.551</ele>
    </trkpt>
    <trkpt lat="-18.191804" lon="133.7262695">
      <ele>304.435</ele>
    </trkpt>
    <trkpt lat="-18.1919601" lon="133.7262999">
      <ele>303.944</ele>
    </trkpt>
    <trkpt lat="-18.1919809" lon="133.726304">
      <ele>303.869</ele>
    </trkpt>
    <trkpt lat="-18.1926417" lon="133.726433">
      <ele>304.747</ele>
    </trkpt>
    <trkpt lat="-18.1939042" lon="133.7266865">
      <ele>306.996</ele>
    </trkpt>
    <trkpt lat="-18.1953402" lon="133.7269749">
      <ele>305.334</ele>
    </trkpt>
    <trkpt lat="-18.1970855" lon="133.7273192">
      <ele>302.474</ele>
    </trkpt>
    <trkpt lat="-18.1971062" lon="133.7273234">
      <ele>302.424</ele>
    </trkpt>
    <trkpt lat="-18.1972829" lon="133.7273589">
      <ele>301.908</ele>
    </trkpt>
    <trkpt lat="-18.1979896" lon="133.7275009">
      <ele>301.762</ele>
    </trkpt>
    <trkpt lat="-18.1981455" lon="133.7275322">
      <ele>302.361</ele>
    </trkpt>
    <trkpt lat="-18.1981663" lon="133.7275364">
      <ele>302.451</ele>
    </trkpt>
    <trkpt lat="-18.1983221" lon="133.7275677">
      <ele>303.193</ele>
    </trkpt>
    <trkpt lat="-18.1983429" lon="133.7275719">
      <ele>303.25</ele>
    </trkpt>
    <trkpt lat="-18.1990168" lon="133.7277073">
      <ele>299.597</ele>
    </trkpt>
    <trkpt lat="-18.2012387" lon="133.7281496">
      <ele>303.587</ele>
    </trkpt>
    <trkpt lat="-18.202529" lon="133.728417">
      <ele>298.374</ele>
    </trkpt>
    <trkpt lat="-18.203321" lon="133.7286075">
      <ele>299.032</ele>
    </trkpt>
    <trkpt lat="-18.2039816" lon="133.7287812">
      <ele>296.837</ele>
    </trkpt>
    <trkpt lat="-18.2056209" lon="133.7292124">
      <ele>298.361</ele>
    </trkpt>
    <trkpt lat="-18.2058804" lon="133.729281">
      <ele>298.831</ele>
    </trkpt>
    <trkpt lat="-18.2060549" lon="133.7293271">
      <ele>298.202</ele>
    </trkpt>
    <trkpt lat="-18.2061084" lon="133.7293413">
      <ele>298.01</ele>
    </trkpt>
    <trkpt lat="-18.2064574" lon="133.7294335">
      <ele>298.744</ele>
    </trkpt>
    <trkpt lat="-18.2068139" lon="133.7295277">
      <ele>296.039</ele>
    </trkpt>
    <trkpt lat="-18.2071486" lon="133.7296162">
      <ele>293.883</ele>
    </trkpt>
    <trkpt lat="-18.2072761" lon="133.7296496">
      <ele>293.789</ele>
    </trkpt>
    <trkpt lat="-18.2109948" lon="133.7306249">
      <ele>299.895</ele>
    </trkpt>
    <trkpt lat="-18.2111304" lon="133.7306604">
      <ele>300.069</ele>
    </trkpt>
    <trkpt lat="-18.2125654" lon="133.7310377">
      <ele>298.12</ele>
    </trkpt>
    <trkpt lat="-18.2130993" lon="133.7311781">
      <ele>298.193</ele>
    </trkpt>
    <trkpt lat="-18.2143097" lon="133.7314994">
      <ele>302.194</ele>
    </trkpt>
    <trkpt lat="-18.214714" lon="133.7316067">
      <ele>303.01</ele>
    </trkpt>
    <trkpt lat="-18.2149806" lon="133.731678">
      <ele>301.067</ele>
    </trkpt>
    <trkpt lat="-18.2158339" lon="133.7319062">
      <ele>299.859</ele>
    </trkpt>
    <trkpt lat="-18.216533" lon="133.7320926">
      <ele>298.499</ele>
    </trkpt>
    <trkpt lat="-18.2171505" lon="133.7322663">
      <ele>298.742</ele>
    </trkpt>
    <trkpt lat="-18.2176877" lon="133.7324399">
      <ele>298.432</ele>
    </trkpt>
    <trkpt lat="-18.2180993" lon="133.7325785">
      <ele>294.137</ele>
    </trkpt>
    <trkpt lat="-18.2184684" lon="133.7327107">
      <ele>294.6</ele>
    </trkpt>
    <trkpt lat="-18.2186955" lon="133.732792">
      <ele>296.493</ele>
    </trkpt>
    <trkpt lat="-18.2188121" lon="133.7328382">
      <ele>297.436</ele>
    </trkpt>
    <trkpt lat="-18.2197064" lon="133.7331998">
      <ele>298.03</ele>
    </trkpt>
    <trkpt lat="-18.2202421" lon="133.73345">
      <ele>299.086</ele>
    </trkpt>
    <trkpt lat="-18.2211788" lon="133.73392">
      <ele>295.316</ele>
    </trkpt>
    <trkpt lat="-18.2214126" lon="133.7340492">
      <ele>297.079</ele>
    </trkpt>
    <trkpt lat="-18.2217493" lon="133.7342354">
      <ele>300.05</ele>
    </trkpt>
    <trkpt lat="-18.2222775" lon="133.734554">
      <ele>299.801</ele>
    </trkpt>
    <trkpt lat="-18.2228396" lon="133.7349123">
      <ele>298.93</ele>
    </trkpt>
    <trkpt lat="-18.2229934" lon="133.7350104">
      <ele>299.029</ele>
    </trkpt>
    <trkpt lat="-18.2230371" lon="133.7350383">
      <ele>299.129</ele>
    </trkpt>
    <trkpt lat="-18.2238089" lon="133.7355609">
      <ele>296.603</ele>
    </trkpt>
    <trkpt lat="-18.2245004" lon="133.7360898">
      <ele>301.597</ele>
    </trkpt>
    <trkpt lat="-18.2249544" lon="133.7364594">
      <ele>296.958</ele>
    </trkpt>
    <trkpt lat="-18.2251673" lon="133.7366396">
      <ele>298.807</ele>
    </trkpt>
    <trkpt lat="-18.2253074" lon="133.7367583">
      <ele>300.071</ele>
    </trkpt>
    <trkpt lat="-18.2254568" lon="133.7368848">
      <ele>300.138</ele>
    </trkpt>
    <trkpt lat="-18.2257416" lon="133.7371422">
      <ele>297.671</ele>
    </trkpt>
    <trkpt lat="-18.2258781" lon="133.7372655">
      <ele>296.235</ele>
    </trkpt>
    <trkpt lat="-18.2262149" lon="133.7375699">
      <ele>294.093</ele>
    </trkpt>
    <trkpt lat="-18.2266746" lon="133.7380316">
      <ele>298.835</ele>
    </trkpt>
    <trkpt lat="-18.2268747" lon="133.7382326">
      <ele>297.231</ele>
    </trkpt>
    <trkpt lat="-18.2271486" lon="133.7385146">
      <ele>298.733</ele>
    </trkpt>
    <trkpt lat="-18.2281231" lon="133.7395852">
      <ele>296.37</ele>
    </trkpt>
    <trkpt lat="-18.2285584" lon="133.7400644">
      <ele>293.201</ele>
    </trkpt>
    <trkpt lat="-18.2286638" lon="133.7401804">
      <ele>292.957</ele>
    </trkpt>
    <trkpt lat="-18.2286828" lon="133.7402013">
      <ele>292.88</ele>
    </trkpt>
    <trkpt lat="-18.2296817" lon="133.741301">
      <ele>298.092</ele>
    </trkpt>
    <trkpt lat="-18.2308054" lon="133.7425185">
      <ele>302.768</ele>
    </trkpt>
    <trkpt lat="-18.2311419" lon="133.7428831">
      <ele>297.015</ele>
    </trkpt>
    <trkpt lat="-18.2317856" lon="133.7435877">
      <ele>300.952</ele>
    </trkpt>
    <trkpt lat="-18.2319103" lon="133.7437242">
      <ele>300.95</ele>
    </trkpt>
    <trkpt lat="-18.232054" lon="133.7438815">
      <ele>301.799</ele>
    </trkpt>
    <trkpt lat="-18.2321597" lon="133.7439971">
      <ele>301.644</ele>
    </trkpt>
    <trkpt lat="-18.2322844" lon="133.7441336">
      <ele>300.41</ele>
    </trkpt>
    <trkpt lat="-18.2326775" lon="133.7445639">
      <ele>299.499</ele>
    </trkpt>
    <trkpt lat="-18.2330122" lon="133.7449303">
      <ele>301.212</ele>
    </trkpt>
    <trkpt lat="-18.2331763" lon="133.7451098">
      <ele>301.474</ele>
    </trkpt>
    <trkpt lat="-18.2332819" lon="133.7452254">
      <ele>301.818</ele>
    </trkpt>
    <trkpt lat="-18.2334067" lon="133.7453618">
      <ele>302.57</ele>
    </trkpt>
    <trkpt lat="-18.2334257" lon="133.7453826">
      <ele>302.746</ele>
    </trkpt>
    <trkpt lat="-18.2336752" lon="133.7456555">
      <ele>304.326</ele>
    </trkpt>
    <trkpt lat="-18.2341742" lon="133.7462012">
      <ele>299.036</ele>
    </trkpt>
    <trkpt lat="-18.2342989" lon="133.7463376">
      <ele>297.942</ele>
    </trkpt>
    <trkpt lat="-18.2348636" lon="133.7469552">
      <ele>295.999</ele>
    </trkpt>
    <trkpt lat="-18.2356729" lon="133.7478366">
      <ele>297.698</ele>
    </trkpt>
    <trkpt lat="-18.2357788" lon="133.7479519">
      <ele>296.419</ele>
    </trkpt>
    <trkpt lat="-18.2357979" lon="133.7479727">
      <ele>296.155</ele>
    </trkpt>
    <trkpt lat="-18.2366881" lon="133.7489423">
      <ele>300.077</ele>
    </trkpt>
    <trkpt lat="-18.2372968" lon="133.7496079">
      <ele>300.478</ele>
    </trkpt>
    <trkpt lat="-18.2375463" lon="133.7498807">
      <ele>301.095</ele>
    </trkpt>
    <trkpt lat="-18.2381713" lon="133.7505642">
      <ele>302.373</ele>
    </trkpt>
    <trkpt lat="-18.2393275" lon="133.7518247">
      <ele>305.635</ele>
    </trkpt>
    <trkpt lat="-18.2399299" lon="133.752494">
      <ele>304.065</ele>
    </trkpt>
    <trkpt lat="-18.2406334" lon="133.7532732">
      <ele>302.411</ele>
    </trkpt>
    <trkpt lat="-18.2409261" lon="133.7535872">
      <ele>305.742</ele>
    </trkpt>
    <trkpt lat="-18.241052" lon="133.7537223">
      <ele>307.201</ele>
    </trkpt>
    <trkpt lat="-18.241304" lon="133.7539927">
      <ele>308.253</ele>
    </trkpt>
    <trkpt lat="-18.24131" lon="133.7539991">
      <ele>308.206</ele>
    </trkpt>
    <trkpt lat="-18.2414295" lon="133.7541284">
      <ele>306.963</ele>
    </trkpt>
    <trkpt lat="-18.2417036" lon="133.7544248">
      <ele>301.937</ele>
    </trkpt>
    <trkpt lat="-18.2419325" lon="133.75467">
      <ele>299.981</ele>
    </trkpt>
    <trkpt lat="-18.2420586" lon="133.7548051">
      <ele>299.702</ele>
    </trkpt>
    <trkpt lat="-18.2421846" lon="133.7549401">
      <ele>299.216</ele>
    </trkpt>
    <trkpt lat="-18.2422704" lon="133.755032">
      <ele>298.558</ele>
    </trkpt>
    <trkpt lat="-18.242578" lon="133.7553239">
      <ele>297.0</ele>
    </trkpt>
    <trkpt lat="-18.2429983" lon="133.7557185">
      <ele>297.673</ele>
    </trkpt>
    <trkpt lat="-18.2432664" lon="133.7559376">
      <ele>297.263</ele>
    </trkpt>
    <trkpt lat="-18.2434818" lon="133.7561136">
      <ele>296.992</ele>
    </trkpt>
    <trkpt lat="-18.2438454" lon="133.7563881">
      <ele>296.154</ele>
    </trkpt>
    <trkpt lat="-18.2444341" lon="133.7568017">
      <ele>288.562</ele>
    </trkpt>
    <trkpt lat="-18.2446086" lon="133.7569186">
      <ele>288.371</ele>
    </trkpt>
    <trkpt lat="-18.2448726" lon="133.7570806">
      <ele>289.532</ele>
    </trkpt>
    <trkpt lat="-18.2450622" lon="133.7571943">
      <ele>290.246</ele>
    </trkpt>
    <trkpt lat="-18.2451826" lon="133.7572664">
      <ele>290.344</ele>
    </trkpt>
    <trkpt lat="-18.2453807" lon="133.7573743">
      <ele>288.449</ele>
    </trkpt>
    <trkpt lat="-18.2456547" lon="133.7575107">
      <ele>284.88</ele>
    </trkpt>
    <trkpt lat="-18.2461877" lon="133.7577879">
      <ele>281.459</ele>
    </trkpt>
    <trkpt lat="-18.2463489" lon="133.7578717">
      <ele>280.577</ele>
    </trkpt>
    <trkpt lat="-18.2465371" lon="133.7579696">
      <ele>280.322</ele>
    </trkpt>
    <trkpt lat="-18.2475775" lon="133.7584926">
      <ele>277.999</ele>
    </trkpt>
    <trkpt lat="-18.2486178" lon="133.7590219">
      <ele>276.408</ele>
    </trkpt>
    <trkpt lat="-18.2487" lon="133.7590637">
      <ele>275.587</ele>
    </trkpt>
    <trkpt lat="-18.2492666" lon="133.7593493">
      <ele>276.271</ele>
    </trkpt>
    <trkpt lat="-18.2498843" lon="133.7596607">
      <ele>277.445</ele>
    </trkpt>
    <trkpt lat="-18.2509941" lon="133.7602131">
      <ele>269.256</ele>
    </trkpt>
    <trkpt lat="-18.2515408" lon="133.7604875">
      <ele>267.601</ele>
    </trkpt>
    <trkpt lat="-18.2517032" lon="133.760569">
      <ele>267.035</ele>
    </trkpt>
    <trkpt lat="-18.2524616" lon="133.7609498">
      <ele>267.442</ele>
    </trkpt>
    <trkpt lat="-18.2530228" lon="133.7612293">
      <ele>269.832</ele>
    </trkpt>
    <trkpt lat="-18.2570779" lon="133.7632753">
      <ele>264.317</ele>
    </trkpt>
    <trkpt lat="-18.2578313" lon="133.7636554">
      <ele>264.841</ele>
    </trkpt>
    <trkpt lat="-18.2587241" lon="133.7641059">
      <ele>265.407</ele>
    </trkpt>
    <trkpt lat="-18.2599161" lon="133.7646993">
      <ele>269.558</ele>
    </trkpt>
    <trkpt lat="-18.2608055" lon="133.7651575">
      <ele>266.478</ele>
    </trkpt>
    <trkpt lat="-18.261387" lon="133.7654512">
      <ele>264.627</ele>
    </trkpt>
    <trkpt lat="-18.2625903" lon="133.7660565">
      <ele>266.61</ele>
    </trkpt>
    <trkpt lat="-18.2627526" lon="133.7661382">
      <ele>265.084</ele>
    </trkpt>
    <trkpt lat="-18.2631892" lon="133.7663578">
      <ele>262.651</ele>
    </trkpt>
    <trkpt lat="-18.2642773" lon="133.7668971">
      <ele>270.567</ele>
    </trkpt>
    <trkpt lat="-18.2655527" lon="133.7675451">
      <ele>268.522</ele>
    </trkpt>
    <trkpt lat="-18.2673337" lon="133.7684421">
      <ele>269.762</ele>
    </trkpt>
    <trkpt lat="-18.2679464" lon="133.7687501">
      <ele>274.09</ele>
    </trkpt>
    <trkpt lat="-18.268271" lon="133.7689133">
      <ele>272.361</ele>
    </trkpt>
    <trkpt lat="-18.2682793" lon="133.7689174">
      <ele>272.286</ele>
    </trkpt>
    <trkpt lat="-18.2687662" lon="133.7691623">
      <ele>268.588</ele>
    </trkpt>
    <trkpt lat="-18.2690565" lon="133.7693082">
      <ele>270.716</ele>
    </trkpt>
    <trkpt lat="-18.2702267" lon="133.7698974">
      <ele>268.856</ele>
    </trkpt>
    <trkpt lat="-18.2727606" lon="133.7711732">
      <ele>270.694</ele>
    </trkpt>
    <trkpt lat="-18.2756454" lon="133.7726323">
      <ele>270.692</ele>
    </trkpt>
    <trkpt lat="-18.2799539" lon="133.7747973">
      <ele>274.121</ele>
    </trkpt>
    <trkpt lat="-18.2828191" lon="133.7762372">
      <ele>269.854</ele>
    </trkpt>
    <trkpt lat="-18.2838375" lon="133.7767487">
      <ele>268.743</ele>
    </trkpt>
    <trkpt lat="-18.2838499" lon="133.7767549">
      <ele>268.678</ele>
    </trkpt>
    <trkpt lat="-18.2854733" lon="133.7775706">
      <ele>270.55</ele>
    </trkpt>
    <trkpt lat="-18.2856439" lon="133.7776563">
      <ele>270.881</ele>
    </trkpt>
    <trkpt lat="-18.2858062" lon="133.7777379">
      <ele>271.759</ele>
    </trkpt>
    <trkpt lat="-18.2859685" lon="133.7778195">
      <ele>272.487</ele>
    </trkpt>
    <trkpt lat="-18.2862932" lon="133.7779826">
      <ele>273.483</ele>
    </trkpt>
    <trkpt lat="-18.2879194" lon="133.7787998">
      <ele>273.164</ele>
    </trkpt>
    <trkpt lat="-18.2906668" lon="133.7801848">
      <ele>272.4</ele>
    </trkpt>
    <trkpt lat="-18.2940822" lon="133.7819047">
      <ele>274.304</ele>
    </trkpt>
    <trkpt lat="-18.2942446" lon="133.7819864">
      <ele>273.979</ele>
    </trkpt>
    <trkpt lat="-18.2944048" lon="133.7820671">
      <ele>273.647</ele>
    </trkpt>
    <trkpt lat="-18.2944068" lon="133.7820681">
      <ele>273.641</ele>
    </trkpt>
    <trkpt lat="-18.2948866" lon="133.7823064">
      <ele>271.518</ele>
    </trkpt>
    <trkpt lat="-18.2962417" lon="133.7829793">
      <ele>284.94</ele>
    </trkpt>
    <trkpt lat="-18.2963505" lon="133.7830342">
      <ele>285.724</ele>
    </trkpt>
    <trkpt lat="-18.2992785" lon="133.7845116">
      <ele>271.771</ele>
    </trkpt>
    <trkpt lat="-18.2997588" lon="133.784754">
      <ele>273.834</ele>
    </trkpt>
    <trkpt lat="-18.3021879" lon="133.7859854">
      <ele>273.654</ele>
    </trkpt>
    <trkpt lat="-18.303499" lon="133.78665">
      <ele>266.788</ele>
    </trkpt>
    <trkpt lat="-18.3044554" lon="133.7871388">
      <ele>259.142</ele>
    </trkpt>
    <trkpt lat="-18.304525" lon="133.7871744">
      <ele>259.97</ele>
    </trkpt>
    <trkpt lat="-18.3060787" lon="133.7879548">
      <ele>270.116</ele>
    </trkpt>
    <trkpt lat="-18.3060869" lon="133.7879589">
      <ele>270.187</ele>
    </trkpt>
    <trkpt lat="-18.3063362" lon="133.7880842">
      <ele>271.02</ele>
    </trkpt>
    <trkpt lat="-18.3068904" lon="133.7883626">
      <ele>266.733</ele>
    </trkpt>
    <trkpt lat="-18.3072151" lon="133.7885257">
      <ele>265.436</ele>
    </trkpt>
    <trkpt lat="-18.3094644" lon="133.7896557">
      <ele>262.934</ele>
    </trkpt>
    <trkpt lat="-18.3099747" lon="133.7899128">
      <ele>266.194</ele>
    </trkpt>
    <trkpt lat="-18.3112592" lon="133.7905601">
      <ele>267.008</ele>
    </trkpt>
    <trkpt lat="-18.311385" lon="133.7906252">
      <ele>267.004</ele>
    </trkpt>
    <trkpt lat="-18.3117595" lon="133.7908122">
      <ele>265.59</ele>
    </trkpt>
    <trkpt lat="-18.3118607" lon="133.7908627">
      <ele>265.196</ele>
    </trkpt>
    <trkpt lat="-18.3143711" lon="133.7921883">
      <ele>267.032</ele>
    </trkpt>
    <trkpt lat="-18.314896" lon="133.7925002">
      <ele>260.248</ele>
    </trkpt>
    <trkpt lat="-18.3152466" lon="133.7927085">
      <ele>259.143</ele>
    </trkpt>
    <trkpt lat="-18.3175945" lon="133.7942627">
      <ele>261.026</ele>
    </trkpt>
    <trkpt lat="-18.3182594" lon="133.7947029">
      <ele>263.634</ele>
    </trkpt>
    <trkpt lat="-18.3196742" lon="133.7956835">
      <ele>261.826</ele>
    </trkpt>
    <trkpt lat="-18.3201047" lon="133.7959819">
      <ele>260.422</ele>
    </trkpt>
    <trkpt lat="-18.320555" lon="133.796294">
      <ele>260.315</ele>
    </trkpt>
    <trkpt lat="-18.3220819" lon="133.7972954">
      <ele>264.098</ele>
    </trkpt>
    <trkpt lat="-18.3222346" lon="133.7973955">
      <ele>264.404</ele>
    </trkpt>
    <trkpt lat="-18.3239419" lon="133.7985151">
      <ele>261.199</ele>
    </trkpt>
    <trkpt lat="-18.325904" lon="133.7998019">
      <ele>262.713</ele>
    </trkpt>
    <trkpt lat="-18.3261516" lon="133.7999775">
      <ele>262.105</ele>
    </trkpt>
    <trkpt lat="-18.3265029" lon="133.8002109">
      <ele>262.198</ele>
    </trkpt>
    <trkpt lat="-18.3269276" lon="133.8004929">
      <ele>261.226</ele>
    </trkpt>
    <trkpt lat="-18.3278095" lon="133.8010694">
      <ele>262.3</ele>
    </trkpt>
    <trkpt lat="-18.3281772" lon="133.8013212">
      <ele>260.487</ele>
    </trkpt>
    <trkpt lat="-18.328328" lon="133.8014244">
      <ele>260.0</ele>
    </trkpt>
    <trkpt lat="-18.3284789" lon="133.8015277">
      <ele>259.476</ele>
    </trkpt>
    <trkpt lat="-18.3291502" lon="133.8019873">
      <ele>261.85</ele>
    </trkpt>
    <trkpt lat="-18.3307499" lon="133.8030619">
      <ele>270.707</ele>
    </trkpt>
    <trkpt lat="-18.3309016" lon="133.8031638">
      <ele>269.975</ele>
    </trkpt>
    <trkpt lat="-18.3310532" lon="133.8032657">
      <ele>266.829</ele>
    </trkpt>
    <trkpt lat="-18.333193" lon="133.8047031">
      <ele>260.31</ele>
    </trkpt>
    <trkpt lat="-18.3333358" lon="133.8047979">
      <ele>259.466</ele>
    </trkpt>
    <trkpt lat="-18.3342484" lon="133.8054263">
      <ele>259.277</ele>
    </trkpt>
    <trkpt lat="-18.3343989" lon="133.80553">
      <ele>258.229</ele>
    </trkpt>
    <trkpt lat="-18.3359044" lon="133.8065668">
      <ele>265.549</ele>
    </trkpt>
    <trkpt lat="-18.336153" lon="133.806738">
      <ele>265.179</ele>
    </trkpt>
    <trkpt lat="-18.336206" lon="133.8067734">
      <ele>264.381</ele>
    </trkpt>
    <trkpt lat="-18.3397006" lon="133.8091058">
      <ele>269.341</ele>
    </trkpt>
    <trkpt lat="-18.3404603" lon="133.8096129">
      <ele>259.297</ele>
    </trkpt>
    <trkpt lat="-18.3406122" lon="133.8097143">
      <ele>259.932</ele>
    </trkpt>
    <trkpt lat="-18.3421316" lon="133.8107284">
      <ele>269.907</ele>
    </trkpt>
    <trkpt lat="-18.3422835" lon="133.8108298">
      <ele>268.572</ele>
    </trkpt>
    <trkpt lat="-18.3435466" lon="133.8116729">
      <ele>266.04</ele>
    </trkpt>
    <trkpt lat="-18.344073" lon="133.812053">
      <ele>266.728</ele>
    </trkpt>
    <trkpt lat="-18.3512777" lon="133.8168737">
      <ele>265.007</ele>
    </trkpt>
    <trkpt lat="-18.3523405" lon="133.8175849">
      <ele>265.815</ele>
    </trkpt>
    <trkpt lat="-18.3524925" lon="133.8176862">
      <ele>265.11</ele>
    </trkpt>
    <trkpt lat="-18.3526445" lon="133.8177875">
      <ele>265.6</ele>
    </trkpt>
    <trkpt lat="-18.3527965" lon="133.8178888">
      <ele>265.84</ele>
    </trkpt>
    <trkpt lat="-18.3537085" lon="133.8184967">
      <ele>271.382</ele>
    </trkpt>
    <trkpt lat="-18.3552285" lon="133.8195099">
      <ele>268.629</ele>
    </trkpt>
    <trkpt lat="-18.3558365" lon="133.8199152">
      <ele>271.321</ele>
    </trkpt>
    <trkpt lat="-18.3559885" lon="133.8200165">
      <ele>272.032</ele>
    </trkpt>
    <trkpt lat="-18.3561405" lon="133.8201178">
      <ele>272.682</ele>
    </trkpt>
    <trkpt lat="-18.3569747" lon="133.8206739">
      <ele>272.1</ele>
    </trkpt>
    <trkpt lat="-18.3574631" lon="133.8210959">
      <ele>272.384</ele>
    </trkpt>
    <trkpt lat="-18.357602" lon="133.8212159">
      <ele>272.307</ele>
    </trkpt>
    <trkpt lat="-18.3580878" lon="133.8217754">
      <ele>279.404</ele>
    </trkpt>
    <trkpt lat="-18.358148" lon="133.8218448">
      <ele>280.019</ele>
    </trkpt>
    <trkpt lat="-18.3582001" lon="133.8219229">
      <ele>280.689</ele>
    </trkpt>
    <trkpt lat="-18.3586077" lon="133.8225341">
      <ele>274.178</ele>
    </trkpt>
    <trkpt lat="-18.3592836" lon="133.8240961">
      <ele>272.071</ele>
    </trkpt>
    <trkpt lat="-18.3593582" lon="133.8242685">
      <ele>272.424</ele>
    </trkpt>
    <trkpt lat="-18.3594328" lon="133.8244409">
      <ele>272.083</ele>
    </trkpt>
    <trkpt lat="-18.3604028" lon="133.8266826">
      <ele>274.65</ele>
    </trkpt>
    <trkpt lat="-18.3607013" lon="133.8273723">
      <ele>274.563</ele>
    </trkpt>
    <trkpt lat="-18.3607759" lon="133.8275448">
      <ele>274.777</ele>
    </trkpt>
    <trkpt lat="-18.3608505" lon="133.8277172">
      <ele>273.436</ele>
    </trkpt>
    <trkpt lat="-18.3609997" lon="133.8280621">
      <ele>274.052</ele>
    </trkpt>
    <trkpt lat="-18.3612199" lon="133.8285709">
      <ele>277.448</ele>
    </trkpt>
    <trkpt lat="-18.3615166" lon="133.8291561">
      <ele>274.578</ele>
    </trkpt>
    <trkpt lat="-18.3618627" lon="133.8296962">
      <ele>276.785</ele>
    </trkpt>
    <trkpt lat="-18.3618755" lon="133.829712">
      <ele>276.917</ele>
    </trkpt>
    <trkpt lat="-18.3622264" lon="133.8301439">
      <ele>280.496</ele>
    </trkpt>
    <trkpt lat="-18.3622735" lon="133.8302018">
      <ele>280.491</ele>
    </trkpt>
    <trkpt lat="-18.3623513" lon="133.8302799">
      <ele>280.546</ele>
    </trkpt>
    <trkpt lat="-18.362714" lon="133.8306437">
      <ele>284.186</ele>
    </trkpt>
    <trkpt lat="-18.3636034" lon="133.8313575">
      <ele>288.22</ele>
    </trkpt>
    <trkpt lat="-18.3637465" lon="133.8314723">
      <ele>287.887</ele>
    </trkpt>
    <trkpt lat="-18.3651774" lon="133.8326206">
      <ele>296.566</ele>
    </trkpt>
    <trkpt lat="-18.3653205" lon="133.8327354">
      <ele>296.153</ele>
    </trkpt>
    <trkpt lat="-18.3665196" lon="133.8336978">
      <ele>302.154</ele>
    </trkpt>
    <trkpt lat="-18.3666081" lon="133.8337692">
      <ele>302.349</ele>
    </trkpt>
    <trkpt lat="-18.3667509" lon="133.8338844">
      <ele>302.963</ele>
    </trkpt>
    <trkpt lat="-18.3671936" lon="133.8342417">
      <ele>304.925</ele>
    </trkpt>
    <trkpt lat="-18.3676157" lon="133.8345645">
      <ele>305.18</ele>
    </trkpt>
    <trkpt lat="-18.3676842" lon="133.8346169">
      <ele>305.412</ele>
    </trkpt>
    <trkpt lat="-18.3682278" lon="133.8349464">
      <ele>307.614</ele>
    </trkpt>
    <trkpt lat="-18.3688101" lon="133.8352222">
      <ele>309.943</ele>
    </trkpt>
    <trkpt lat="-18.3706116" lon="133.8358149">
      <ele>314.536</ele>
    </trkpt>
    <trkpt lat="-18.3707833" lon="133.8358714">
      <ele>315.229</ele>
    </trkpt>
    <trkpt lat="-18.3752473" lon="133.8373401">
      <ele>317.92</ele>
    </trkpt>
    <trkpt lat="-18.3779943" lon="133.8382439">
      <ele>319.237</ele>
    </trkpt>
    <trkpt lat="-18.378166" lon="133.8383004">
      <ele>320.326</ele>
    </trkpt>
    <trkpt lat="-18.379622" lon="133.8387795">
      <ele>318.788</ele>
    </trkpt>
    <trkpt lat="-18.3796961" lon="133.8388045">
      <ele>318.608</ele>
    </trkpt>
    <trkpt lat="-18.3818524" lon="133.8395191">
      <ele>316.394</ele>
    </trkpt>
    <trkpt lat="-18.382024" lon="133.8395759">
      <ele>315.089</ele>
    </trkpt>
    <trkpt lat="-18.3902598" lon="133.8423051">
      <ele>312.408</ele>
    </trkpt>
    <trkpt lat="-18.3904314" lon="133.842362">
      <ele>311.397</ele>
    </trkpt>
    <trkpt lat="-18.392662" lon="133.8431012">
      <ele>317.159</ele>
    </trkpt>
    <trkpt lat="-18.3928335" lon="133.8431581">
      <ele>316.365</ele>
    </trkpt>
    <trkpt lat="-18.3931767" lon="133.8432718">
      <ele>311.892</ele>
    </trkpt>
    <trkpt lat="-18.3967799" lon="133.844466">
      <ele>312.485</ele>
    </trkpt>
    <trkpt lat="-18.397123" lon="133.8445797">
      <ele>313.157</ele>
    </trkpt>
    <trkpt lat="-18.4010693" lon="133.8458877">
      <ele>317.05</ele>
    </trkpt>
    <trkpt lat="-18.403643" lon="133.8467407">
      <ele>310.704</ele>
    </trkpt>
    <trkpt lat="-18.4038146" lon="133.8467976">
      <ele>308.649</ele>
    </trkpt>
    <trkpt lat="-18.4060148" lon="133.8475269">
      <ele>313.854</ele>
    </trkpt>
    <trkpt lat="-18.4099609" lon="133.8488357">
      <ele>314.282</ele>
    </trkpt>
    <trkpt lat="-18.410304" lon="133.8489495">
      <ele>310.124</ele>
    </trkpt>
    <trkpt lat="-18.4104756" lon="133.8490064">
      <ele>309.711</ele>
    </trkpt>
    <trkpt lat="-18.4108187" lon="133.8491202">
      <ele>311.727</ele>
    </trkpt>
    <trkpt lat="-18.4118482" lon="133.8494616">
      <ele>308.408</ele>
    </trkpt>
    <trkpt lat="-18.4120197" lon="133.8495185">
      <ele>308.465</ele>
    </trkpt>
    <trkpt lat="-18.4133964" lon="133.8499751">
      <ele>315.11</ele>
    </trkpt>
    <trkpt lat="-18.4135638" lon="133.850031">
      <ele>314.739</ele>
    </trkpt>
    <trkpt lat="-18.4137352" lon="133.8500882">
      <ele>314.507</ele>
    </trkpt>
    <trkpt lat="-18.4140782" lon="133.8502026">
      <ele>313.405</ele>
    </trkpt>
    <trkpt lat="-18.4142496" lon="133.8502599">
      <ele>312.682</ele>
    </trkpt>
    <trkpt lat="-18.4169932" lon="133.8511755">
      <ele>322.768</ele>
    </trkpt>
    <trkpt lat="-18.4171647" lon="133.8512327">
      <ele>322.562</ele>
    </trkpt>
    <trkpt lat="-18.4171999" lon="133.8512445">
      <ele>322.52</ele>
    </trkpt>
    <trkpt lat="-18.4184058" lon="133.8516362">
      <ele>321.138</ele>
    </trkpt>
    <trkpt lat="-18.4191963" lon="133.8518943">
      <ele>325.375</ele>
    </trkpt>
    <trkpt lat="-18.4197441" lon="133.8520663">
      <ele>325.719</ele>
    </trkpt>
    <trkpt lat="-18.4210073" lon="133.8524631">
      <ele>320.412</ele>
    </trkpt>
    <trkpt lat="-18.4223428" lon="133.852829">
      <ele>322.881</ele>
    </trkpt>
    <trkpt lat="-18.4225169" lon="133.8528767">
      <ele>322.892</ele>
    </trkpt>
    <trkpt lat="-18.4234123" lon="133.853122">
      <ele>325.569</ele>
    </trkpt>
    <trkpt lat="-18.4247968" lon="133.8534775">
      <ele>326.063</ele>
    </trkpt>
    <trkpt lat="-18.4249626" lon="133.8535055">
      <ele>326.057</ele>
    </trkpt>
    <trkpt lat="-18.4255928" lon="133.8536121">
      <ele>328.993</ele>
    </trkpt>
    <trkpt lat="-18.4260326" lon="133.8536455">
      <ele>328.336</ele>
    </trkpt>
    <trkpt lat="-18.426212" lon="133.8536591">
      <ele>328.536</ele>
    </trkpt>
    <trkpt lat="-18.4263914" lon="133.8536727">
      <ele>329.24</ele>
    </trkpt>
    <trkpt lat="-18.4264179" lon="133.8536747">
      <ele>329.438</ele>
    </trkpt>
    <trkpt lat="-18.4281874" lon="133.8537749">
      <ele>326.575</ele>
    </trkpt>
    <trkpt lat="-18.428367" lon="133.8537851">
      <ele>327.692</ele>
    </trkpt>
    <trkpt lat="-18.4285466" lon="133.8537953">
      <ele>329.382</ele>
    </trkpt>
    <trkpt lat="-18.4287262" lon="133.8538055">
      <ele>330.414</ele>
    </trkpt>
    <trkpt lat="-18.4326775" lon="133.8540294">
      <ele>316.677</ele>
    </trkpt>
    <trkpt lat="-18.434294" lon="133.854121">
      <ele>315.919</ele>
    </trkpt>
    <trkpt lat="-18.4344736" lon="133.8541312">
      <ele>314.886</ele>
    </trkpt>
    <trkpt lat="-18.4353716" lon="133.8541821">
      <ele>316.792</ele>
    </trkpt>
    <trkpt lat="-18.4395025" lon="133.8544162">
      <ele>316.086</ele>
    </trkpt>
    <trkpt lat="-18.442017" lon="133.8545587">
      <ele>319.411</ele>
    </trkpt>
    <trkpt lat="-18.4421966" lon="133.8545689">
      <ele>319.448</ele>
    </trkpt>
    <trkpt lat="-18.44234" lon="133.854577">
      <ele>320.547</ele>
    </trkpt>
    <trkpt lat="-18.4423762" lon="133.854579">
      <ele>320.879</ele>
    </trkpt>
    <trkpt lat="-18.445192" lon="133.854733">
      <ele>324.004</ele>
    </trkpt>
    <trkpt lat="-18.4454103" lon="133.854742">
      <ele>323.108</ele>
    </trkpt>
    <trkpt lat="-18.446447" lon="133.85479">
      <ele>325.035</ele>
    </trkpt>
    <trkpt lat="-18.447066" lon="133.854831">
      <ele>324.438</ele>
    </trkpt>
    <trkpt lat="-18.447699" lon="133.854935">
      <ele>324.648</ele>
    </trkpt>
    <trkpt lat="-18.4477374" lon="133.8549453">
      <ele>324.583</ele>
    </trkpt>
    <trkpt lat="-18.4479118" lon="133.8549919">
      <ele>322.556</ele>
    </trkpt>
    <trkpt lat="-18.448323" lon="133.8551019">
      <ele>317.721</ele>
    </trkpt>
    <trkpt lat="-18.448921" lon="133.8553299">
      <ele>321.668</ele>
    </trkpt>
    <trkpt lat="-18.449506" lon="133.855611">
      <ele>323.579</ele>
    </trkpt>
    <trkpt lat="-18.4505341" lon="133.8562103">
      <ele>318.923</ele>
    </trkpt>
    <trkpt lat="-18.450808" lon="133.85637">
      <ele>320.032</ele>
    </trkpt>
    <trkpt lat="-18.451357" lon="133.85669">
      <ele>318.158</ele>
    </trkpt>
    <trkpt lat="-18.4514243" lon="133.8567318">
      <ele>318.409</ele>
    </trkpt>
    <trkpt lat="-18.451912" lon="133.857026">
      <ele>318.294</ele>
    </trkpt>
    <trkpt lat="-18.4521164" lon="133.8571788">
      <ele>321.32</ele>
    </trkpt>
    <trkpt lat="-18.4525047" lon="133.8574678">
      <ele>325.805</ele>
    </trkpt>
    <trkpt lat="-18.4529262" lon="133.8578669">
      <ele>322.526</ele>
    </trkpt>
    <trkpt lat="-18.4531517" lon="133.85813">
      <ele>322.829</ele>
    </trkpt>
    <trkpt lat="-18.4533508" lon="133.8583861">
      <ele>322.139</ele>
    </trkpt>
    <trkpt lat="-18.4534786" lon="133.8585873">
      <ele>322.869</ele>
    </trkpt>
    <trkpt lat="-18.4536668" lon="133.8589008">
      <ele>323.029</ele>
    </trkpt>
    <trkpt lat="-18.4536713" lon="133.8589083">
      <ele>322.937</ele>
    </trkpt>
    <trkpt lat="-18.4536992" lon="133.8589519">
      <ele>322.41</ele>
    </trkpt>
    <trkpt lat="-18.4540252" lon="133.8595372">
      <ele>315.521</ele>
    </trkpt>
    <trkpt lat="-18.4542183" lon="133.8598908">
      <ele>312.409</ele>
    </trkpt>
    <trkpt lat="-18.4543453" lon="133.8601381">
      <ele>312.708</ele>
    </trkpt>
    <trkpt lat="-18.4547264" lon="133.8606889">
      <ele>308.009</ele>
    </trkpt>
    <trkpt lat="-18.4547965" lon="133.8607733">
      <ele>307.049</ele>
    </trkpt>
    <trkpt lat="-18.4551937" lon="133.8612087">
      <ele>304.447</ele>
    </trkpt>
    <trkpt lat="-18.4553051" lon="133.8613089">
      <ele>303.906</ele>
    </trkpt>
    <trkpt lat="-18.4556994" lon="133.8616634">
      <ele>303.517</ele>
    </trkpt>
    <trkpt lat="-18.455869" lon="133.8617776">
      <ele>302.725</ele>
    </trkpt>
    <trkpt lat="-18.4560206" lon="133.8618797">
      <ele>301.542</ele>
    </trkpt>
    <trkpt lat="-18.4564473" lon="133.8621672">
      <ele>301.21</ele>
    </trkpt>
    <trkpt lat="-18.4572489" lon="133.8626694">
      <ele>302.978</ele>
    </trkpt>
    <trkpt lat="-18.4574035" lon="133.8627663">
      <ele>300.819</ele>
    </trkpt>
    <trkpt lat="-18.4578674" lon="133.8630569">
      <ele>298.324</ele>
    </trkpt>
    <trkpt lat="-18.4597229" lon="133.8642193">
      <ele>297.191</ele>
    </trkpt>
    <trkpt lat="-18.4598775" lon="133.8643162">
      <ele>297.495</ele>
    </trkpt>
    <trkpt lat="-18.4599786" lon="133.8643795">
      <ele>297.275</ele>
    </trkpt>
    <trkpt lat="-18.4609837" lon="133.8649613">
      <ele>294.466</ele>
    </trkpt>
    <trkpt lat="-18.4612274" lon="133.8650999">
      <ele>295.242</ele>
    </trkpt>
    <trkpt lat="-18.4620602" lon="133.8655442">
      <ele>296.959</ele>
    </trkpt>
    <trkpt lat="-18.4626966" lon="133.865899">
      <ele>295.54</ele>
    </trkpt>
    <trkpt lat="-18.462879" lon="133.8659987">
      <ele>296.567</ele>
    </trkpt>
    <trkpt lat="-18.4632664" lon="133.8662346">
      <ele>300.541</ele>
    </trkpt>
    <trkpt lat="-18.4636185" lon="133.8664363">
      <ele>301.947</ele>
    </trkpt>
    <trkpt lat="-18.4639597" lon="133.8666252">
      <ele>299.49</ele>
    </trkpt>
    <trkpt lat="-18.4640943" lon="133.8666997">
      <ele>298.609</ele>
    </trkpt>
    <trkpt lat="-18.464119" lon="133.8667133">
      <ele>298.482</ele>
    </trkpt>
    <trkpt lat="-18.4645191" lon="133.8669332">
      <ele>296.702</ele>
    </trkpt>
    <trkpt lat="-18.4648706" lon="133.8671233">
      <ele>296.534</ele>
    </trkpt>
    <trkpt lat="-18.4651816" lon="133.8672861">
      <ele>297.963</ele>
    </trkpt>
    <trkpt lat="-18.4655533" lon="133.8674475">
      <ele>299.803</ele>
    </trkpt>
    <trkpt lat="-18.4658957" lon="133.8675801">
      <ele>300.647</ele>
    </trkpt>
    <trkpt lat="-18.4662423" lon="133.8676921">
      <ele>300.416</ele>
    </trkpt>
    <trkpt lat="-18.4664308" lon="133.8677461">
      <ele>301.416</ele>
    </trkpt>
    <trkpt lat="-18.4666022" lon="133.8677952">
      <ele>302.473</ele>
    </trkpt>
    <trkpt lat="-18.4669621" lon="133.8678829">
      <ele>303.725</ele>
    </trkpt>
    <trkpt lat="-18.4673192" lon="133.8679418">
      <ele>305.517</ele>
    </trkpt>
    <trkpt lat="-18.4676685" lon="133.8679853">
      <ele>305.139</ele>
    </trkpt>
    <trkpt lat="-18.4680578" lon="133.8680155">
      <ele>299.992</ele>
    </trkpt>
    <trkpt lat="-18.4683142" lon="133.8680228">
      <ele>299.069</ele>
    </trkpt>
    <trkpt lat="-18.4683856" lon="133.8680231">
      <ele>299.188</ele>
    </trkpt>
    <trkpt lat="-18.468651" lon="133.8680243">
      <ele>300.16</ele>
    </trkpt>
    <trkpt lat="-18.4689557" lon="133.8680096">
      <ele>301.446</ele>
    </trkpt>
    <trkpt lat="-18.4693896" lon="133.8679882">
      <ele>302.072</ele>
    </trkpt>
    <trkpt lat="-18.4698096" lon="133.8679595">
      <ele>300.402</ele>
    </trkpt>
    <trkpt lat="-18.4701897" lon="133.8679352">
      <ele>297.454</ele>
    </trkpt>
    <trkpt lat="-18.4706872" lon="133.867902">
      <ele>301.663</ele>
    </trkpt>
    <trkpt lat="-18.471161" lon="133.867877">
      <ele>300.648</ele>
    </trkpt>
    <trkpt lat="-18.4716285" lon="133.8678446">
      <ele>297.411</ele>
    </trkpt>
    <trkpt lat="-18.472156" lon="133.8678114">
      <ele>299.25</ele>
    </trkpt>
    <trkpt lat="-18.4725962" lon="133.8677842">
      <ele>299.977</ele>
    </trkpt>
    <trkpt lat="-18.4730162" lon="133.8677547">
      <ele>301.657</ele>
    </trkpt>
    <trkpt lat="-18.4734676" lon="133.8677274">
      <ele>300.725</ele>
    </trkpt>
    <trkpt lat="-18.4739008" lon="133.8676987">
      <ele>302.474</ele>
    </trkpt>
    <trkpt lat="-18.4743208" lon="133.8676714">
      <ele>303.234</ele>
    </trkpt>
    <trkpt lat="-18.4746527" lon="133.8676479">
      <ele>303.367</ele>
    </trkpt>
    <trkpt lat="-18.4751893" lon="133.8676154">
      <ele>305.337</ele>
    </trkpt>
    <trkpt lat="-18.4757197" lon="133.867583">
      <ele>305.487</ele>
    </trkpt>
    <trkpt lat="-18.4762835" lon="133.8675469">
      <ele>305.192</ele>
    </trkpt>
    <trkpt lat="-18.4766748" lon="133.8675381">
      <ele>305.08</ele>
    </trkpt>
    <trkpt lat="-18.4770542" lon="133.8675403">
      <ele>307.429</ele>
    </trkpt>
    <trkpt lat="-18.4773889" lon="133.8675639">
      <ele>306.538</ele>
    </trkpt>
    <trkpt lat="-18.477658" lon="133.8675897">
      <ele>305.369</ele>
    </trkpt>
    <trkpt lat="-18.4779015" lon="133.8676182">
      <ele>304.472</ele>
    </trkpt>
    <trkpt lat="-18.4779347" lon="133.8676221">
      <ele>304.382</ele>
    </trkpt>
    <trkpt lat="-18.4780789" lon="133.8676488">
      <ele>303.949</ele>
    </trkpt>
    <trkpt lat="-18.478189" lon="133.8676692">
      <ele>303.603</ele>
    </trkpt>
    <trkpt lat="-18.4787068" lon="133.8677797">
      <ele>303.016</ele>
    </trkpt>
    <trkpt lat="-18.4792504" lon="133.8679131">
      <ele>306.353</ele>
    </trkpt>
    <trkpt lat="-18.4797639" lon="133.8680376">
      <ele>311.905</ele>
    </trkpt>
    <trkpt lat="-18.4802971" lon="133.8681591">
      <ele>309.376</ele>
    </trkpt>
    <trkpt lat="-18.4808316" lon="133.8682792">
      <ele>311.194</ele>
    </trkpt>
    <trkpt lat="-18.4811097" lon="133.8683286">
      <ele>310.056</ele>
    </trkpt>
    <trkpt lat="-18.4812469" lon="133.8683471">
      <ele>308.608</ele>
    </trkpt>
    <trkpt lat="-18.4813221" lon="133.8683573">
      <ele>307.828</ele>
    </trkpt>
    <trkpt lat="-18.4814256" lon="133.8683696">
      <ele>307.033</ele>
    </trkpt>
    <trkpt lat="-18.4815331" lon="133.8683824">
      <ele>306.841</ele>
    </trkpt>
    <trkpt lat="-18.4818056" lon="133.8684096">
      <ele>309.776</ele>
    </trkpt>
    <trkpt lat="-18.4821228" lon="133.8684258">
      <ele>312.881</ele>
    </trkpt>
    <trkpt lat="-18.4824533" lon="133.8684288">
      <ele>312.194</ele>
    </trkpt>
    <trkpt lat="-18.4828285" lon="133.868417">
      <ele>313.753</ele>
    </trkpt>
    <trkpt lat="-18.4830682" lon="133.8684023">
      <ele>316.05</ele>
    </trkpt>
    <trkpt lat="-18.4836572" lon="133.8683544">
      <ele>318.408</ele>
    </trkpt>
    <trkpt lat="-18.4839383" lon="133.8683333">
      <ele>320.711</ele>
    </trkpt>
    <trkpt lat="-18.4841178" lon="133.8683198">
      <ele>323.159</ele>
    </trkpt>
    <trkpt lat="-18.4842853" lon="133.8683072">
      <ele>324.652</ele>
    </trkpt>
    <trkpt lat="-18.4848355" lon="133.8682687">
      <ele>327.175</ele>
    </trkpt>
    <trkpt lat="-18.4848397" lon="133.8682684">
      <ele>327.189</ele>
    </trkpt>
    <trkpt lat="-18.4851264" lon="133.8682561">
      <ele>327.14</ele>
    </trkpt>
    <trkpt lat="-18.485195" lon="133.8682557">
      <ele>326.822</ele>
    </trkpt>
    <trkpt lat="-18.4853438" lon="133.8682549">
      <ele>326.063</ele>
    </trkpt>
    <trkpt lat="-18.4853749" lon="133.8682558">
      <ele>325.897</ele>
    </trkpt>
    <trkpt lat="-18.4856255" lon="133.8682631">
      <ele>324.801</ele>
    </trkpt>
    <trkpt lat="-18.4859677" lon="133.8682848">
      <ele>325.044</ele>
    </trkpt>
    <trkpt lat="-18.4860929" lon="133.8682994">
      <ele>325.682</ele>
    </trkpt>
    <trkpt lat="-18.4862178" lon="133.868314">
      <ele>327.013</ele>
    </trkpt>
    <trkpt lat="-18.4864518" lon="133.8683485">
      <ele>329.067</ele>
    </trkpt>
    <trkpt lat="-18.4867568" lon="133.8684005">
      <ele>328.107</ele>
    </trkpt>
    <trkpt lat="-18.4870247" lon="133.8684549">
      <ele>325.402</ele>
    </trkpt>
    <trkpt lat="-18.4872415" lon="133.8685052">
      <ele>326.081</ele>
    </trkpt>
    <trkpt lat="-18.4873307" lon="133.8685339">
      <ele>327.511</ele>
    </trkpt>
    <trkpt lat="-18.4874361" lon="133.8685678">
      <ele>329.372</ele>
    </trkpt>
    <trkpt lat="-18.4875025" lon="133.8685901">
      <ele>330.648</ele>
    </trkpt>
    <trkpt lat="-18.4876739" lon="133.8686477">
      <ele>333.191</ele>
    </trkpt>
    <trkpt lat="-18.4878033" lon="133.8686911">
      <ele>334.563</ele>
    </trkpt>
    <trkpt lat="-18.4878445" lon="133.8687074">
      <ele>334.703</ele>
    </trkpt>
    <trkpt lat="-18.488207" lon="133.8688508">
      <ele>336.224</ele>
    </trkpt>
    <trkpt lat="-18.4885713" lon="133.8689946">
      <ele>331.812</ele>
    </trkpt>
    <trkpt lat="-18.4889883" lon="133.8691952">
      <ele>328.431</ele>
    </trkpt>
    <trkpt lat="-18.4892828" lon="133.8693712">
      <ele>331.199</ele>
    </trkpt>
    <trkpt lat="-18.4896793" lon="133.8696168">
      <ele>329.639</ele>
    </trkpt>
    <trkpt lat="-18.4899821" lon="133.8698056">
      <ele>325.883</ele>
    </trkpt>
    <trkpt lat="-18.4902987" lon="133.8700156">
      <ele>326.043</ele>
    </trkpt>
    <trkpt lat="-18.4905943" lon="133.870212">
      <ele>327.376</ele>
    </trkpt>
    <trkpt lat="-18.4908472" lon="133.8703787">
      <ele>328.345</ele>
    </trkpt>
    <trkpt lat="-18.49113" lon="133.8705482">
      <ele>327.796</ele>
    </trkpt>
    <trkpt lat="-18.4914489" lon="133.8707231">
      <ele>325.517</ele>
    </trkpt>
    <trkpt lat="-18.4918088" lon="133.8709026">
      <ele>327.279</ele>
    </trkpt>
    <trkpt lat="-18.4919873" lon="133.8709862">
      <ele>329.031</ele>
    </trkpt>
    <trkpt lat="-18.4921725" lon="133.8710646">
      <ele>329.528</ele>
    </trkpt>
    <trkpt lat="-18.4923672" lon="133.8711377">
      <ele>329.382</ele>
    </trkpt>
    <trkpt lat="-18.4925929" lon="133.8712178">
      <ele>328.025</ele>
    </trkpt>
    <trkpt lat="-18.4931036" lon="133.8713593">
      <ele>322.301</ele>
    </trkpt>
    <trkpt lat="-18.4934191" lon="133.8714353">
      <ele>322.373</ele>
    </trkpt>
    <trkpt lat="-18.4937384" lon="133.8715091">
      <ele>323.009</ele>
    </trkpt>
    <trkpt lat="-18.4942516" lon="133.8716195">
      <ele>324.983</ele>
    </trkpt>
    <trkpt lat="-18.4949109" lon="133.8717606">
      <ele>323.763</ele>
    </trkpt>
    <trkpt lat="-18.4954822" lon="133.8718748">
      <ele>319.188</ele>
    </trkpt>
    <trkpt lat="-18.4956472" lon="133.8719097">
      <ele>317.711</ele>
    </trkpt>
    <trkpt lat="-18.4958235" lon="133.871947">
      <ele>317.081</ele>
    </trkpt>
    <trkpt lat="-18.4960262" lon="133.8719899">
      <ele>320.482</ele>
    </trkpt>
    <trkpt lat="-18.4965702" lon="133.8721097">
      <ele>325.298</ele>
    </trkpt>
    <trkpt lat="-18.4968378" lon="133.8721616">
      <ele>321.001</ele>
    </trkpt>
    <trkpt lat="-18.4971168" lon="133.8722219">
      <ele>318.38</ele>
    </trkpt>
    <trkpt lat="-18.4977092" lon="133.872376">
      <ele>323.452</ele>
    </trkpt>
    <trkpt lat="-18.4984433" lon="133.8725709">
      <ele>322.054</ele>
    </trkpt>
    <trkpt lat="-18.4991335" lon="133.8727789">
      <ele>320.0</ele>
    </trkpt>
    <trkpt lat="-18.4996625" lon="133.8729524">
      <ele>317.971</ele>
    </trkpt>
    <trkpt lat="-18.4999151" lon="133.873036">
      <ele>316.233</ele>
    </trkpt>
    <trkpt lat="-18.5001422" lon="133.8731195">
      <ele>316.681</ele>
    </trkpt>
    <trkpt lat="-18.5006862" lon="133.8733311">
      <ele>320.952</ele>
    </trkpt>
    <trkpt lat="-18.5012583" lon="133.8735697">
      <ele>323.0</ele>
    </trkpt>
    <trkpt lat="-18.5017232" lon="133.8737618">
      <ele>320.949</ele>
    </trkpt>
    <trkpt lat="-18.5022089" lon="133.873976">
      <ele>320.272</ele>
    </trkpt>
    <trkpt lat="-18.5027139" lon="133.874217">
      <ele>319.962</ele>
    </trkpt>
    <trkpt lat="-18.5030884" lon="133.874397">
      <ele>317.686</ele>
    </trkpt>
    <trkpt lat="-18.5035864" lon="133.874642">
      <ele>313.777</ele>
    </trkpt>
    <trkpt lat="-18.5039084" lon="133.8748277">
      <ele>317.237</ele>
    </trkpt>
    <trkpt lat="-18.5042157" lon="133.8750158">
      <ele>321.343</ele>
    </trkpt>
    <trkpt lat="-18.5044736" lon="133.8751656">
      <ele>322.194</ele>
    </trkpt>
    <trkpt lat="-18.5045934" lon="133.8752342">
      <ele>321.084</ele>
    </trkpt>
    <trkpt lat="-18.5047514" lon="133.8753248">
      <ele>319.964</ele>
    </trkpt>
    <trkpt lat="-18.5049098" lon="133.8754156">
      <ele>319.33</ele>
    </trkpt>
    <trkpt lat="-18.5053484" lon="133.8756892">
      <ele>318.773</ele>
    </trkpt>
    <trkpt lat="-18.5057515" lon="133.8759432">
      <ele>316.519</ele>
    </trkpt>
    <trkpt lat="-18.5061399" lon="133.8761932">
      <ele>312.44</ele>
    </trkpt>
    <trkpt lat="-18.5066441" lon="133.8765539">
      <ele>314.01</ele>
    </trkpt>
    <trkpt lat="-18.5070819" lon="133.876882">
      <ele>314.73</ele>
    </trkpt>
    <trkpt lat="-18.5075112" lon="133.8772061">
      <ele>312.899</ele>
    </trkpt>
    <trkpt lat="-18.5076136" lon="133.8772881">
      <ele>312.688</ele>
    </trkpt>
    <trkpt lat="-18.5077568" lon="133.8774028">
      <ele>312.677</ele>
    </trkpt>
    <trkpt lat="-18.5079799" lon="133.8775815">
      <ele>311.312</ele>
    </trkpt>
    <trkpt lat="-18.508325" lon="133.8778461">
      <ele>307.769</ele>
    </trkpt>
    <trkpt lat="-18.5085497" lon="133.8780423">
      <ele>307.641</ele>
    </trkpt>
    <trkpt lat="-18.5088161" lon="133.8782842">
      <ele>310.169</ele>
    </trkpt>
    <trkpt lat="-18.5092253" lon="133.8786652">
      <ele>313.016</ele>
    </trkpt>
    <trkpt lat="-18.5095712" lon="133.8789714">
      <ele>312.247</ele>
    </trkpt>
    <trkpt lat="-18.509826" lon="133.8791985">
      <ele>310.325</ele>
    </trkpt>
    <trkpt lat="-18.5101758" lon="133.8795031">
      <ele>307.734</ele>
    </trkpt>
    <trkpt lat="-18.5105124" lon="133.8798043">
      <ele>306.705</ele>
    </trkpt>
    <trkpt lat="-18.5106668" lon="133.8799398">
      <ele>306.13</ele>
    </trkpt>
    <trkpt lat="-18.510863" lon="133.8801121">
      <ele>305.576</ele>
    </trkpt>
    <trkpt lat="-18.5111996" lon="133.8804069">
      <ele>304.876</ele>
    </trkpt>
    <trkpt lat="-18.5114506" lon="133.8806349">
      <ele>304.127</ele>
    </trkpt>
    <trkpt lat="-18.5117887" lon="133.8809394">
      <ele>304.81</ele>
    </trkpt>
    <trkpt lat="-18.5121177" lon="133.8812399">
      <ele>306.147</ele>
    </trkpt>
    <trkpt lat="-18.5123748" lon="133.8814703">
      <ele>306.132</ele>
    </trkpt>
    <trkpt lat="-18.5126265" lon="133.8816983">
      <ele>306.29</ele>
    </trkpt>
    <trkpt lat="-18.5128728" lon="133.8819295">
      <ele>307.227</ele>
    </trkpt>
    <trkpt lat="-18.5131268" lon="133.8821494">
      <ele>305.779</ele>
    </trkpt>
    <trkpt lat="-18.5134781" lon="133.8824604">
      <ele>303.783</ele>
    </trkpt>
    <trkpt lat="-18.5137592" lon="133.8827185">
      <ele>304.419</ele>
    </trkpt>
    <trkpt lat="-18.5141228" lon="133.8830467">
      <ele>304.311</ele>
    </trkpt>
    <trkpt lat="-18.5144293" lon="133.8833259">
      <ele>304.948</ele>
    </trkpt>
    <trkpt lat="-18.5147536" lon="133.8836183">
      <ele>305.713</ele>
    </trkpt>
    <trkpt lat="-18.5150215" lon="133.8838454">
      <ele>304.377</ele>
    </trkpt>
    <trkpt lat="-18.5152756" lon="133.8840718">
      <ele>302.343</ele>
    </trkpt>
    <trkpt lat="-18.5155273" lon="133.8842908">
      <ele>300.351</ele>
    </trkpt>
    <trkpt lat="-18.5156024" lon="133.8843592">
      <ele>300.169</ele>
    </trkpt>
    <trkpt lat="-18.5157385" lon="133.8844832">
      <ele>300.941</ele>
    </trkpt>
    <trkpt lat="-18.5157597" lon="133.8845025">
      <ele>301.11</ele>
    </trkpt>
    <trkpt lat="-18.515999" lon="133.8847256">
      <ele>303.222</ele>
    </trkpt>
    <trkpt lat="-18.5162438" lon="133.8849536">
      <ele>305.268</ele>
    </trkpt>
    <trkpt lat="-18.5165997" lon="133.8852712">
      <ele>303.718</ele>
    </trkpt>
    <trkpt lat="-18.516873" lon="133.8855171">
      <ele>303.459</ele>
    </trkpt>
    <trkpt lat="-18.517205" lon="133.8858021">
      <ele>300.236</ele>
    </trkpt>
    <trkpt lat="-18.5175509" lon="133.8860984">
      <ele>297.405</ele>
    </trkpt>
    <trkpt lat="-18.5178644" lon="133.8863908">
      <ele>298.074</ele>
    </trkpt>
    <trkpt lat="-18.5181979" lon="133.8866806">
      <ele>297.001</ele>
    </trkpt>
    <trkpt lat="-18.5184612" lon="133.8869176">
      <ele>296.027</ele>
    </trkpt>
    <trkpt lat="-18.5187893" lon="133.8872083">
      <ele>296.355</ele>
    </trkpt>
    <trkpt lat="-18.5188987" lon="133.8872975">
      <ele>296.217</ele>
    </trkpt>
    <trkpt lat="-18.519041" lon="133.8874136">
      <ele>295.387</ele>
    </trkpt>
    <trkpt lat="-18.5190588" lon="133.8874281">
      <ele>295.223</ele>
    </trkpt>
    <trkpt lat="-18.5193275" lon="133.8876463">
      <ele>293.095</ele>
    </trkpt>
    <trkpt lat="-18.5195881" lon="133.8878589">
      <ele>294.017</ele>
    </trkpt>
    <trkpt lat="-18.5198491" lon="133.8880632">
      <ele>295.114</ele>
    </trkpt>
    <trkpt lat="-18.5201057" lon="133.8882524">
      <ele>294.328</ele>
    </trkpt>
    <trkpt lat="-18.520396" lon="133.8884657">
      <ele>292.875</ele>
    </trkpt>
    <trkpt lat="-18.5206797" lon="133.8886716">
      <ele>291.965</ele>
    </trkpt>
    <trkpt lat="-18.5209816" lon="133.8888937">
      <ele>294.578</ele>
    </trkpt>
    <trkpt lat="-18.5212075" lon="133.8890564">
      <ele>296.947</ele>
    </trkpt>
    <trkpt lat="-18.5215007" lon="133.8892476">
      <ele>297.021</ele>
    </trkpt>
    <trkpt lat="-18.5217837" lon="133.8894288">
      <ele>295.181</ele>
    </trkpt>
    <trkpt lat="-18.522139" lon="133.8896455">
      <ele>292.406</ele>
    </trkpt>
    <trkpt lat="-18.5223469" lon="133.8897703">
      <ele>291.448</ele>
    </trkpt>
    <trkpt lat="-18.5229173" lon="133.8900968">
      <ele>291.524</ele>
    </trkpt>
    <trkpt lat="-18.5232242" lon="133.8902806">
      <ele>294.235</ele>
    </trkpt>
    <trkpt lat="-18.5236096" lon="133.8904914">
      <ele>297.533</ele>
    </trkpt>
    <trkpt lat="-18.5239015" lon="133.8906427">
      <ele>296.955</ele>
    </trkpt>
    <trkpt lat="-18.5242019" lon="133.8907979">
      <ele>296.0</ele>
    </trkpt>
    <trkpt lat="-18.5244925" lon="133.8909526">
      <ele>296.504</ele>
    </trkpt>
    <trkpt lat="-18.5247887" lon="133.8911014">
      <ele>297.707</ele>
    </trkpt>
    <trkpt lat="-18.5250862" lon="133.8912492">
      <ele>297.156</ele>
    </trkpt>
    <trkpt lat="-18.5252288" lon="133.891324">
      <ele>297.192</ele>
    </trkpt>
    <trkpt lat="-18.525381" lon="133.8914039">
      <ele>297.723</ele>
    </trkpt>
    <trkpt lat="-18.5256688" lon="133.8915507">
      <ele>298.758</ele>
    </trkpt>
    <trkpt lat="-18.5259677" lon="133.891696">
      <ele>297.789</ele>
    </trkpt>
    <trkpt lat="-18.5262723" lon="133.8918571">
      <ele>297.425</ele>
    </trkpt>
    <trkpt lat="-18.526561" lon="133.8920094">
      <ele>298.393</ele>
    </trkpt>
    <trkpt lat="-18.5268623" lon="133.8921562">
      <ele>297.822</ele>
    </trkpt>
    <trkpt lat="-18.5272622" lon="133.8923562">
      <ele>296.487</ele>
    </trkpt>
    <trkpt lat="-18.5278432" lon="133.8926608">
      <ele>298.52</ele>
    </trkpt>
    <trkpt lat="-18.5280816" lon="133.8927765">
      <ele>297.821</ele>
    </trkpt>
    <trkpt lat="-18.5281444" lon="133.8928077">
      <ele>297.106</ele>
    </trkpt>
    <trkpt lat="-18.5285594" lon="133.8930139">
      <ele>293.156</ele>
    </trkpt>
    <trkpt lat="-18.5290295" lon="133.8932579">
      <ele>296.286</ele>
    </trkpt>
    <trkpt lat="-18.5295085" lon="133.8935152">
      <ele>300.46</ele>
    </trkpt>
    <trkpt lat="-18.5305786" lon="133.8940658">
      <ele>302.274</ele>
    </trkpt>
    <trkpt lat="-18.5310672" lon="133.8943161">
      <ele>301.854</ele>
    </trkpt>
    <trkpt lat="-18.5315589" lon="133.8945538">
      <ele>298.759</ele>
    </trkpt>
    <trkpt lat="-18.5318656" lon="133.8947132">
      <ele>299.442</ele>
    </trkpt>
    <trkpt lat="-18.5320705" lon="133.8948197">
      <ele>300.486</ele>
    </trkpt>
    <trkpt lat="-18.5324546" lon="133.895016">
      <ele>300.731</ele>
    </trkpt>
    <trkpt lat="-18.5328513" lon="133.8952178">
      <ele>301.198</ele>
    </trkpt>
    <trkpt lat="-18.5331465" lon="133.8953664">
      <ele>300.85</ele>
    </trkpt>
    <trkpt lat="-18.5335558" lon="133.8955744">
      <ele>300.828</ele>
    </trkpt>
    <trkpt lat="-18.5339421" lon="133.8957707">
      <ele>302.12</ele>
    </trkpt>
    <trkpt lat="-18.5343351" lon="133.8959725">
      <ele>303.109</ele>
    </trkpt>
    <trkpt lat="-18.5349194" lon="133.8962807">
      <ele>308.0</ele>
    </trkpt>
    <trkpt lat="-18.5356572" lon="133.8966576">
      <ele>308.959</ele>
    </trkpt>
    <trkpt lat="-18.5361421" lon="133.8969063">
      <ele>310.015</ele>
    </trkpt>
    <trkpt lat="-18.5366606" lon="133.8971613">
      <ele>307.263</ele>
    </trkpt>
    <trkpt lat="-18.5372078" lon="133.8974411">
      <ele>306.413</ele>
    </trkpt>
    <trkpt lat="-18.5373696" lon="133.8975239">
      <ele>307.051</ele>
    </trkpt>
    <trkpt lat="-18.537429" lon="133.8975543">
      <ele>307.298</ele>
    </trkpt>
    <trkpt lat="-18.537857" lon="133.8977704">
      <ele>306.886</ele>
    </trkpt>
    <trkpt lat="-18.5382632" lon="133.8979768">
      <ele>307.567</ele>
    </trkpt>
    <trkpt lat="-18.5386266" lon="133.8981633">
      <ele>304.444</ele>
    </trkpt>
    <trkpt lat="-18.5390041" lon="133.8983737">
      <ele>307.0</ele>
    </trkpt>
    <trkpt lat="-18.5391413" lon="133.898452">
      <ele>307.895</ele>
    </trkpt>
    <trkpt lat="-18.5394029" lon="133.8986014">
      <ele>309.701</ele>
    </trkpt>
    <trkpt lat="-18.5398231" lon="133.8988316">
      <ele>308.11</ele>
    </trkpt>
    <trkpt lat="-18.5402951" lon="133.8990837">
      <ele>303.591</ele>
    </trkpt>
    <trkpt lat="-18.5406994" lon="133.8993102">
      <ele>302.767</ele>
    </trkpt>
    <trkpt lat="-18.5411018" lon="133.8995443">
      <ele>304.945</ele>
    </trkpt>
    <trkpt lat="-18.5414848" lon="133.8997636">
      <ele>306.217</ele>
    </trkpt>
    <trkpt lat="-18.5418781" lon="133.8999836">
      <ele>304.643</ele>
    </trkpt>
    <trkpt lat="-18.5421987" lon="133.9001604">
      <ele>304.24</ele>
    </trkpt>
    <trkpt lat="-18.5423177" lon="133.900226">
      <ele>304.971</ele>
    </trkpt>
    <trkpt lat="-18.542834" lon="133.900518">
      <ele>306.945</ele>
    </trkpt>
    <trkpt lat="-18.5433149" lon="133.9007921">
      <ele>307.461</ele>
    </trkpt>
    <trkpt lat="-18.5438117" lon="133.9010642">
      <ele>306.8</ele>
    </trkpt>
    <trkpt lat="-18.5439125" lon="133.9011131">
      <ele>306.07</ele>
    </trkpt>
    <trkpt lat="-18.5441041" lon="133.9012199">
      <ele>305.688</ele>
    </trkpt>
    <trkpt lat="-18.5444847" lon="133.9014367">
      <ele>308.505</ele>
    </trkpt>
    <trkpt lat="-18.5448613" lon="133.9016493">
      <ele>310.126</ele>
    </trkpt>
    <trkpt lat="-18.5452464" lon="133.9018703">
      <ele>313.011</ele>
    </trkpt>
    <trkpt lat="-18.5458286" lon="133.9021896">
      <ele>312.354</ele>
    </trkpt>
    <trkpt lat="-18.5462271" lon="133.9024048">
      <ele>311.234</ele>
    </trkpt>
    <trkpt lat="-18.546701" lon="133.9026721">
      <ele>313.21</ele>
    </trkpt>
    <trkpt lat="-18.5471989" lon="133.9029478">
      <ele>311.117</ele>
    </trkpt>
    <trkpt lat="-18.5474857" lon="133.9031046">
      <ele>312.311</ele>
    </trkpt>
    <trkpt lat="-18.5482356" lon="133.9035396">
      <ele>317.41</ele>
    </trkpt>
    <trkpt lat="-18.5483258" lon="133.9035919">
      <ele>317.2</ele>
    </trkpt>
    <trkpt lat="-18.5485363" lon="133.9037013">
      <ele>315.551</ele>
    </trkpt>
    <trkpt lat="-18.5487518" lon="133.9038118">
      <ele>312.741</ele>
    </trkpt>
    <trkpt lat="-18.5489583" lon="133.903916">
      <ele>311.098</ele>
    </trkpt>
    <trkpt lat="-18.5491989" lon="133.9040522">
      <ele>311.82</ele>
    </trkpt>
    <trkpt lat="-18.5492381" lon="133.9040744">
      <ele>312.182</ele>
    </trkpt>
    <trkpt lat="-18.5493563" lon="133.9041441">
      <ele>313.284</ele>
    </trkpt>
    <trkpt lat="-18.5496995" lon="133.9043464">
      <ele>317.83</ele>
    </trkpt>
    <trkpt lat="-18.5502792" lon="133.9046726">
      <ele>318.998</ele>
    </trkpt>
    <trkpt lat="-18.550761" lon="133.9049383">
      <ele>319.0</ele>
    </trkpt>
    <trkpt lat="-18.5509536" lon="133.905043">
      <ele>319.067</ele>
    </trkpt>
    <trkpt lat="-18.5515836" lon="133.9054061">
      <ele>321.977</ele>
    </trkpt>
    <trkpt lat="-18.5521258" lon="133.9056944">
      <ele>318.368</ele>
    </trkpt>
    <trkpt lat="-18.5526262" lon="133.9059628">
      <ele>315.254</ele>
    </trkpt>
    <trkpt lat="-18.553126" lon="133.9062443">
      <ele>317.383</ele>
    </trkpt>
    <trkpt lat="-18.5536158" lon="133.9065237">
      <ele>320.013</ele>
    </trkpt>
    <trkpt lat="-18.5541306" lon="133.9067952">
      <ele>315.325</ele>
    </trkpt>
    <trkpt lat="-18.5541386" lon="133.9067994">
      <ele>315.242</ele>
    </trkpt>
    <trkpt lat="-18.5542889" lon="133.906885">
      <ele>315.56</ele>
    </trkpt>
    <trkpt lat="-18.5547357" lon="133.9071393">
      <ele>320.403</ele>
    </trkpt>
    <trkpt lat="-18.5552455" lon="133.907405">
      <ele>320.472</ele>
    </trkpt>
    <trkpt lat="-18.5558091" lon="133.907676">
      <ele>319.863</ele>
    </trkpt>
    <trkpt lat="-18.5561982" lon="133.9078643">
      <ele>315.407</ele>
    </trkpt>
    <trkpt lat="-18.5567773" lon="133.9081227">
      <ele>317.816</ele>
    </trkpt>
    <trkpt lat="-18.5572452" lon="133.9083368">
      <ele>314.977</ele>
    </trkpt>
    <trkpt lat="-18.5575769" lon="133.9084858">
      <ele>315.679</ele>
    </trkpt>
    <trkpt lat="-18.5578851" lon="133.9086215">
      <ele>317.424</ele>
    </trkpt>
    <trkpt lat="-18.558166" lon="133.9087452">
      <ele>318.88</ele>
    </trkpt>
    <trkpt lat="-18.5587466" lon="133.9090093">
      <ele>319.71</ele>
    </trkpt>
    <trkpt lat="-18.5588757" lon="133.9090728">
      <ele>318.415</ele>
    </trkpt>
    <trkpt lat="-18.5591082" lon="133.9091871">
      <ele>316.884</ele>
    </trkpt>
    <trkpt lat="-18.5594928" lon="133.9093802">
      <ele>315.365</ele>
    </trkpt>
    <trkpt lat="-18.5598534" lon="133.9095547">
      <ele>317.626</ele>
    </trkpt>
    <trkpt lat="-18.5598734" lon="133.9095644">
      <ele>317.83</ele>
    </trkpt>
    <trkpt lat="-18.5600148" lon="133.9096385">
      <ele>318.856</ele>
    </trkpt>
    <trkpt lat="-18.5601487" lon="133.9097086">
      <ele>317.42</ele>
    </trkpt>
    <trkpt lat="-18.5607353" lon="133.9100453">
      <ele>306.543</ele>
    </trkpt>
    <trkpt lat="-18.5612556" lon="133.9103384">
      <ele>305.407</ele>
    </trkpt>
    <trkpt lat="-18.561696" lon="133.9105925">
      <ele>306.183</ele>
    </trkpt>
    <trkpt lat="-18.5622226" lon="133.910915">
      <ele>306.412</ele>
    </trkpt>
    <trkpt lat="-18.5625998" lon="133.911146">
      <ele>305.797</ele>
    </trkpt>
    <trkpt lat="-18.5627929" lon="133.9112755">
      <ele>303.19</ele>
    </trkpt>
    <trkpt lat="-18.5632408" lon="133.9115733">
      <ele>299.885</ele>
    </trkpt>
    <trkpt lat="-18.5636972" lon="133.9118737">
      <ele>300.0</ele>
    </trkpt>
    <trkpt lat="-18.5638832" lon="133.9120016">
      <ele>300.0</ele>
    </trkpt>
    <trkpt lat="-18.5643266" lon="133.9123136">
      <ele>299.424</ele>
    </trkpt>
    <trkpt lat="-18.564773" lon="133.9126367">
      <ele>298.799</ele>
    </trkpt>
    <trkpt lat="-18.5650399" lon="133.9128329">
      <ele>299.856</ele>
    </trkpt>
    <trkpt lat="-18.5652185" lon="133.9129687">
      <ele>299.213</ele>
    </trkpt>
    <trkpt lat="-18.5652369" lon="133.9129834">
      <ele>299.147</ele>
    </trkpt>
    <trkpt lat="-18.5653804" lon="133.9130978">
      <ele>298.013</ele>
    </trkpt>
    <trkpt lat="-18.5654733" lon="133.9131718">
      <ele>297.05</ele>
    </trkpt>
    <trkpt lat="-18.5655238" lon="133.9132124">
      <ele>296.599</ele>
    </trkpt>
    <trkpt lat="-18.5657292" lon="133.9133775">
      <ele>295.474</ele>
    </trkpt>
    <trkpt lat="-18.5659876" lon="133.9135801">
      <ele>296.875</ele>
    </trkpt>
    <trkpt lat="-18.5662574" lon="133.9137848">
      <ele>299.053</ele>
    </trkpt>
    <trkpt lat="-18.5663894" lon="133.913892">
      <ele>299.996</ele>
    </trkpt>
    <trkpt lat="-18.5665113" lon="133.913991">
      <ele>299.281</ele>
    </trkpt>
    <trkpt lat="-18.5666809" lon="133.9141294">
      <ele>298.77</ele>
    </trkpt>
    <trkpt lat="-18.5669328" lon="133.9143388">
      <ele>298.865</ele>
    </trkpt>
    <trkpt lat="-18.5671926" lon="133.9145551">
      <ele>298.213</ele>
    </trkpt>
    <trkpt lat="-18.5675248" lon="133.9148266">
      <ele>298.431</ele>
    </trkpt>
    <trkpt lat="-18.5677902" lon="133.9150381">
      <ele>299.754</ele>
    </trkpt>
    <trkpt lat="-18.5680486" lon="133.915247">
      <ele>299.893</ele>
    </trkpt>
    <trkpt lat="-18.5682388" lon="133.9154013">
      <ele>301.637</ele>
    </trkpt>
    <trkpt lat="-18.5683034" lon="133.9154538">
      <ele>302.038</ele>
    </trkpt>
    <trkpt lat="-18.5685598" lon="133.9156674">
      <ele>301.698</ele>
    </trkpt>
    <trkpt lat="-18.5687269" lon="133.9158005">
      <ele>300.95</ele>
    </trkpt>
    <trkpt lat="-18.5689823" lon="133.9160126">
      <ele>299.327</ele>
    </trkpt>
    <trkpt lat="-18.5692401" lon="133.916222">
      <ele>299.168</ele>
    </trkpt>
    <trkpt lat="-18.5694995" lon="133.9164209">
      <ele>302.696</ele>
    </trkpt>
    <trkpt lat="-18.5697643" lon="133.9166324">
      <ele>305.028</ele>
    </trkpt>
    <trkpt lat="-18.5700197" lon="133.9168376">
      <ele>305.286</ele>
    </trkpt>
    <trkpt lat="-18.5701818" lon="133.9169765">
      <ele>304.306</ele>
    </trkpt>
    <trkpt lat="-18.5703751" lon="133.917139">
      <ele>303.65</ele>
    </trkpt>
    <trkpt lat="-18.5704392" lon="133.9171928">
      <ele>303.419</ele>
    </trkpt>
    <trkpt lat="-18.5706058" lon="133.917329">
      <ele>303.523</ele>
    </trkpt>
    <trkpt lat="-18.5708716" lon="133.9175411">
      <ele>306.689</ele>
    </trkpt>
    <trkpt lat="-18.5711185" lon="133.9177458">
      <ele>309.908</ele>
    </trkpt>
    <trkpt lat="-18.5712876" lon="133.9178889">
      <ele>309.035</ele>
    </trkpt>
    <trkpt lat="-18.5714577" lon="133.9180415">
      <ele>307.177</ele>
    </trkpt>
    <trkpt lat="-18.5715315" lon="133.9181078">
      <ele>306.441</ele>
    </trkpt>
    <trkpt lat="-18.5717893" lon="133.9183261">
      <ele>305.912</ele>
    </trkpt>
    <trkpt lat="-18.5720367" lon="133.9185334">
      <ele>306.851</ele>
    </trkpt>
    <trkpt lat="-18.5722053" lon="133.9186755">
      <ele>307.429</ele>
    </trkpt>
    <trkpt lat="-18.5725485" lon="133.9189549">
      <ele>308.845</ele>
    </trkpt>
    <trkpt lat="-18.5729066" lon="133.9192432">
      <ele>308.905</ele>
    </trkpt>
    <trkpt lat="-18.5731639" lon="133.9194379">
      <ele>308.976</ele>
    </trkpt>
    <trkpt lat="-18.5734757" lon="133.9196636">
      <ele>308.083</ele>
    </trkpt>
    <trkpt lat="-18.5736368" lon="133.9197762">
      <ele>306.788</ele>
    </trkpt>
    <trkpt lat="-18.5738288" lon="133.9199067">
      <ele>305.815</ele>
    </trkpt>
    <trkpt lat="-18.5741121" lon="133.9200861">
      <ele>306.917</ele>
    </trkpt>
    <trkpt lat="-18.5744722" lon="133.920294">
      <ele>309.211</ele>
    </trkpt>
    <trkpt lat="-18.5748996" lon="133.9205255">
      <ele>311.03</ele>
    </trkpt>
    <trkpt lat="-18.5753221" lon="133.9207475">
      <ele>310.149</ele>
    </trkpt>
    <trkpt lat="-18.5758248" lon="133.9209833">
      <ele>308.554</ele>
    </trkpt>
    <trkpt lat="-18.5762245" lon="133.9211547">
      <ele>311.004</ele>
    </trkpt>
    <trkpt lat="-18.5764358" lon="133.9212453">
      <ele>312.203</ele>
    </trkpt>
    <trkpt lat="-18.5772652" lon="133.9216031">
      <ele>314.085</ele>
    </trkpt>
    <trkpt lat="-18.5780528" lon="133.9219525">
      <ele>311.894</ele>
    </trkpt>
    <trkpt lat="-18.5784607" lon="133.9221335">
      <ele>309.658</ele>
    </trkpt>
    <trkpt lat="-18.5791779" lon="133.9224376">
      <ele>314.048</ele>
    </trkpt>
    <trkpt lat="-18.579536" lon="133.9225986">
      <ele>312.645</ele>
    </trkpt>
    <trkpt lat="-18.579919" lon="133.9227728">
      <ele>311.31</ele>
    </trkpt>
    <trkpt lat="-18.5800449" lon="133.9228285">
      <ele>310.217</ele>
    </trkpt>
    <trkpt lat="-18.5806317" lon="133.9230879">
      <ele>309.484</ele>
    </trkpt>
    <trkpt lat="-18.5812831" lon="133.9233836">
      <ele>304.943</ele>
    </trkpt>
    <trkpt lat="-18.581715" lon="133.9235741">
      <ele>304.629</ele>
    </trkpt>
    <trkpt lat="-18.5821998" lon="133.9237858">
      <ele>304.443</ele>
    </trkpt>
    <trkpt lat="-18.58231" lon="133.923834">
      <ele>303.566</ele>
    </trkpt>
    <trkpt lat="-18.5829" lon="133.9240997">
      <ele>301.383</ele>
    </trkpt>
    <trkpt lat="-18.5834087" lon="133.9243181">
      <ele>302.298</ele>
    </trkpt>
    <trkpt lat="-18.5842042" lon="133.9246654">
      <ele>303.513</ele>
    </trkpt>
    <trkpt lat="-18.5848076" lon="133.9249269">
      <ele>306.021</ele>
    </trkpt>
    <trkpt lat="-18.5855133" lon="133.9252294">
      <ele>308.295</ele>
    </trkpt>
    <trkpt lat="-18.5858999" lon="133.9254067">
      <ele>306.504</ele>
    </trkpt>
    <trkpt lat="-18.5860149" lon="133.9254595">
      <ele>305.894</ele>
    </trkpt>
    <trkpt lat="-18.5864082" lon="133.9256268">
      <ele>306.565</ele>
    </trkpt>
    <trkpt lat="-18.5867117" lon="133.925758">
      <ele>307.449</ele>
    </trkpt>
    <trkpt lat="-18.5870041" lon="133.9258922">
      <ele>305.57</ele>
    </trkpt>
    <trkpt lat="-18.5874989" lon="133.9261138">
      <ele>303.014</ele>
    </trkpt>
    <trkpt lat="-18.5881932" lon="133.9264223">
      <ele>301.676</ele>
    </trkpt>
    <trkpt lat="-18.5887957" lon="133.9266789">
      <ele>304.0</ele>
    </trkpt>
    <trkpt lat="-18.5895978" lon="133.9270341">
      <ele>302.771</ele>
    </trkpt>
    <trkpt lat="-18.5903945" lon="133.9273858">
      <ele>300.748</ele>
    </trkpt>
    <trkpt lat="-18.5906632" lon="133.927504">
      <ele>300.793</ele>
    </trkpt>
    <trkpt lat="-18.5906955" lon="133.9275182">
      <ele>301.073</ele>
    </trkpt>
    <trkpt lat="-18.5908294" lon="133.9275766">
      <ele>301.979</ele>
    </trkpt>
    <trkpt lat="-18.5917906" lon="133.9279959">
      <ele>303.785</ele>
    </trkpt>
    <trkpt lat="-18.5923829" lon="133.9282579">
      <ele>301.422</ele>
    </trkpt>
    <trkpt lat="-18.5929822" lon="133.9285218">
      <ele>301.557</ele>
    </trkpt>
    <trkpt lat="-18.5935885" lon="133.9287847">
      <ele>302.375</ele>
    </trkpt>
    <trkpt lat="-18.593986" lon="133.9289581">
      <ele>302.751</ele>
    </trkpt>
    <trkpt lat="-18.5940851" lon="133.9290013">
      <ele>302.595</ele>
    </trkpt>
    <trkpt lat="-18.5946643" lon="133.9292744">
      <ele>297.06</ele>
    </trkpt>
    <trkpt lat="-18.59569" lon="133.9297077">
      <ele>303.491</ele>
    </trkpt>
    <trkpt lat="-18.5967341" lon="133.9301724">
      <ele>301.561</ele>
    </trkpt>
    <trkpt lat="-18.5973352" lon="133.9304353">
      <ele>301.08</ele>
    </trkpt>
    <trkpt lat="-18.5978292" lon="133.9306575">
      <ele>298.698</ele>
    </trkpt>
    <trkpt lat="-18.5984276" lon="133.9309177">
      <ele>299.407</ele>
    </trkpt>
    <trkpt lat="-18.5990374" lon="133.9311861">
      <ele>300.591</ele>
    </trkpt>
    <trkpt lat="-18.5997718" lon="133.9315203">
      <ele>294.567</ele>
    </trkpt>
    <trkpt lat="-18.6004272" lon="133.9318092">
      <ele>294.687</ele>
    </trkpt>
    <trkpt lat="-18.6011239" lon="133.9321138">
      <ele>295.72</ele>
    </trkpt>
    <trkpt lat="-18.6018416" lon="133.9324128">
      <ele>303.492</ele>
    </trkpt>
    <trkpt lat="-18.6022872" lon="133.9326067">
      <ele>304.144</ele>
    </trkpt>
    <trkpt lat="-18.6024479" lon="133.9326766">
      <ele>304.296</ele>
    </trkpt>
    <trkpt lat="-18.6024534" lon="133.9326791">
      <ele>304.296</ele>
    </trkpt>
    <trkpt lat="-18.6029551" lon="133.9329052">
      <ele>301.723</ele>
    </trkpt>
    <trkpt lat="-18.6034412" lon="133.9331224">
      <ele>298.464</ele>
    </trkpt>
    <trkpt lat="-18.6041466" lon="133.9334339">
      <ele>297.69</ele>
    </trkpt>
    <trkpt lat="-18.6046589" lon="133.9336519">
      <ele>299.772</ele>
    </trkpt>
    <trkpt lat="-18.605344" lon="133.9339634">
      <ele>296.443</ele>
    </trkpt>
    <trkpt lat="-18.6058391" lon="133.9341829">
      <ele>293.235</ele>
    </trkpt>
    <trkpt lat="-18.6062455" lon="133.9343526">
      <ele>297.637</ele>
    </trkpt>
    <trkpt lat="-18.606558" lon="133.9344881">
      <ele>299.773</ele>
    </trkpt>
    <trkpt lat="-18.6068495" lon="133.9346189">
      <ele>297.585</ele>
    </trkpt>
    <trkpt lat="-18.607346" lon="133.9348401">
      <ele>296.975</ele>
    </trkpt>
    <trkpt lat="-18.6082565" lon="133.9352364">
      <ele>296.426</ele>
    </trkpt>
    <trkpt lat="-18.6087396" lon="133.9354599">
      <ele>292.882</ele>
    </trkpt>
    <trkpt lat="-18.6092437" lon="133.9356898">
      <ele>291.904</ele>
    </trkpt>
    <trkpt lat="-18.609638" lon="133.9358721">
      <ele>294.744</ele>
    </trkpt>
    <trkpt lat="-18.6100219" lon="133.9360663">
      <ele>290.702</ele>
    </trkpt>
    <trkpt lat="-18.6105244" lon="133.9363184">
      <ele>291.38</ele>
    </trkpt>
    <trkpt lat="-18.6111111" lon="133.9366172">
      <ele>294.0</ele>
    </trkpt>
    <trkpt lat="-18.6113643" lon="133.9367502">
      <ele>296.213</ele>
    </trkpt>
    <trkpt lat="-18.6115253" lon="133.9368347">
      <ele>295.79</ele>
    </trkpt>
    <trkpt lat="-18.6115986" lon="133.9368732">
      <ele>295.513</ele>
    </trkpt>
    <trkpt lat="-18.6120764" lon="133.9371316">
      <ele>292.498</ele>
    </trkpt>
    <trkpt lat="-18.6125527" lon="133.9373868">
      <ele>292.597</ele>
    </trkpt>
    <trkpt lat="-18.6130432" lon="133.9376445">
      <ele>294.872</ele>
    </trkpt>
    <trkpt lat="-18.6134315" lon="133.9378513">
      <ele>294.117</ele>
    </trkpt>
    <trkpt lat="-18.6137095" lon="133.9380051">
      <ele>291.591</ele>
    </trkpt>
    <trkpt lat="-18.6141031" lon="133.9382152">
      <ele>290.886</ele>
    </trkpt>
    <trkpt lat="-18.6145899" lon="133.9384712">
      <ele>291.453</ele>
    </trkpt>
    <trkpt lat="-18.6149692" lon="133.9386749">
      <ele>291.574</ele>
    </trkpt>
    <trkpt lat="-18.6153777" lon="133.9388896">
      <ele>291.638</ele>
    </trkpt>
    <trkpt lat="-18.6154335" lon="133.938919">
      <ele>291.331</ele>
    </trkpt>
    <trkpt lat="-18.6155386" lon="133.9389746">
      <ele>290.752</ele>
    </trkpt>
    <trkpt lat="-18.6158383" lon="133.9391331">
      <ele>291.054</ele>
    </trkpt>
    <trkpt lat="-18.616244" lon="133.9393376">
      <ele>295.094</ele>
    </trkpt>
    <trkpt lat="-18.6166202" lon="133.9395428">
      <ele>295.521</ele>
    </trkpt>
    <trkpt lat="-18.6169163" lon="133.9397006">
      <ele>295.093</ele>
    </trkpt>
    <trkpt lat="-18.6170103" lon="133.9397485">
      <ele>295.521</ele>
    </trkpt>
    <trkpt lat="-18.6174084" lon="133.9399531">
      <ele>299.277</ele>
    </trkpt>
    <trkpt lat="-18.6177734" lon="133.9401446">
      <ele>300.016</ele>
    </trkpt>
    <trkpt lat="-18.6181496" lon="133.9403561">
      <ele>296.418</ele>
    </trkpt>
    <trkpt lat="-18.6185409" lon="133.9405622">
      <ele>296.096</ele>
    </trkpt>
    <trkpt lat="-18.6189316" lon="133.9407683">
      <ele>297.322</ele>
    </trkpt>
    <trkpt lat="-18.619407" lon="133.9410241">
      <ele>296.236</ele>
    </trkpt>
    <trkpt lat="-18.619897" lon="133.9412793">
      <ele>299.483</ele>
    </trkpt>
    <trkpt lat="-18.6204704" lon="133.9415869">
      <ele>298.23</ele>
    </trkpt>
    <trkpt lat="-18.6207574" lon="133.9417419">
      <ele>297.727</ele>
    </trkpt>
    <trkpt lat="-18.6211557" lon="133.9419434">
      <ele>301.16</ele>
    </trkpt>
    <trkpt lat="-18.6215444" lon="133.9421515">
      <ele>302.043</ele>
    </trkpt>
    <trkpt lat="-18.6219295" lon="133.9423537">
      <ele>301.477</ele>
    </trkpt>
    <trkpt lat="-18.6223201" lon="133.9425611">
      <ele>301.79</ele>
    </trkpt>
    <trkpt lat="-18.6227918" lon="133.9428143">
      <ele>299.576</ele>
    </trkpt>
    <trkpt lat="-18.6231913" lon="133.9430152">
      <ele>304.466</ele>
    </trkpt>
    <trkpt lat="-18.6235788" lon="133.9432186">
      <ele>305.191</ele>
    </trkpt>
    <trkpt lat="-18.62396" lon="133.9434234">
      <ele>302.518</ele>
    </trkpt>
    <trkpt lat="-18.6242534" lon="133.9435726">
      <ele>303.269</ele>
    </trkpt>
    <trkpt lat="-18.6246478" lon="133.9437687">
      <ele>305.201</ele>
    </trkpt>
    <trkpt lat="-18.6250432" lon="133.9439658">
      <ele>306.112</ele>
    </trkpt>
    <trkpt lat="-18.6252347" lon="133.9440636">
      <ele>306.313</ele>
    </trkpt>
    <trkpt lat="-18.6255338" lon="133.9442165">
      <ele>305.272</ele>
    </trkpt>
    <trkpt lat="-18.6258208" lon="133.944361">
      <ele>305.032</ele>
    </trkpt>
    <trkpt lat="-18.6261067" lon="133.9445115">
      <ele>302.794</ele>
    </trkpt>
    <trkpt lat="-18.6265082" lon="133.9447069">
      <ele>304.343</ele>
    </trkpt>
    <trkpt lat="-18.6269056" lon="133.9449012">
      <ele>304.694</ele>
    </trkpt>
    <trkpt lat="-18.6271502" lon="133.9450225">
      <ele>305.042</ele>
    </trkpt>
    <trkpt lat="-18.6271966" lon="133.9450456">
      <ele>305.03</ele>
    </trkpt>
    <trkpt lat="-18.6273127" lon="133.9451037">
      <ele>305.0</ele>
    </trkpt>
    <trkpt lat="-18.62749" lon="133.9451925">
      <ele>305.0</ele>
    </trkpt>
    <trkpt lat="-18.6278868" lon="133.9453867">
      <ele>306.177</ele>
    </trkpt>
    <trkpt lat="-18.628179" lon="133.9455294">
      <ele>307.367</ele>
    </trkpt>
    <trkpt lat="-18.6284729" lon="133.9456769">
      <ele>306.869</ele>
    </trkpt>
    <trkpt lat="-18.6289618" lon="133.9459203">
      <ele>306.414</ele>
    </trkpt>
    <trkpt lat="-18.6292615" lon="133.9460714">
      <ele>305.401</ele>
    </trkpt>
    <trkpt lat="-18.6297463" lon="133.9463099">
      <ele>304.431</ele>
    </trkpt>
    <trkpt lat="-18.630337" lon="133.9466061">
      <ele>303.431</ele>
    </trkpt>
    <trkpt lat="-18.630815" lon="133.9468428">
      <ele>303.708</ele>
    </trkpt>
    <trkpt lat="-18.63142" lon="133.9471427">
      <ele>303.981</ele>
    </trkpt>
    <trkpt lat="-18.6319712" lon="133.9474079">
      <ele>303.968</ele>
    </trkpt>
    <trkpt lat="-18.6323814" lon="133.9475407">
      <ele>301.938</ele>
    </trkpt>
    <trkpt lat="-18.6336914" lon="133.9481845">
      <ele>308.565</ele>
    </trkpt>
    <trkpt lat="-18.6351163" lon="133.9489008">
      <ele>302.556</ele>
    </trkpt>
    <trkpt lat="-18.6367106" lon="133.9496866">
      <ele>307.31</ele>
    </trkpt>
    <trkpt lat="-18.6367246" lon="133.9496935">
      <ele>307.211</ele>
    </trkpt>
    <trkpt lat="-18.638878" lon="133.9507614">
      <ele>301.712</ele>
    </trkpt>
    <trkpt lat="-18.639482" lon="133.9510599">
      <ele>303.816</ele>
    </trkpt>
    <trkpt lat="-18.6404363" lon="133.9515316">
      <ele>300.916</ele>
    </trkpt>
    <trkpt lat="-18.642566" lon="133.9526038">
      <ele>299.762</ele>
    </trkpt>
    <trkpt lat="-18.6425696" lon="133.9526056">
      <ele>299.749</ele>
    </trkpt>
    <trkpt lat="-18.6427283" lon="133.9526855">
      <ele>299.178</ele>
    </trkpt>
    <trkpt lat="-18.6429641" lon="133.9528043">
      <ele>299.83</ele>
    </trkpt>
    <trkpt lat="-18.6443558" lon="133.9534936">
      <ele>298.957</ele>
    </trkpt>
    <trkpt lat="-18.6443595" lon="133.9534954">
      <ele>299.006</ele>
    </trkpt>
    <trkpt lat="-18.6450108" lon="133.953818">
      <ele>297.068</ele>
    </trkpt>
    <trkpt lat="-18.64517" lon="133.9538968">
      <ele>298.27</ele>
    </trkpt>
    <trkpt lat="-18.6451736" lon="133.9538986">
      <ele>298.307</ele>
    </trkpt>
    <trkpt lat="-18.6453328" lon="133.9539775">
      <ele>299.773</ele>
    </trkpt>
    <trkpt lat="-18.6458212" lon="133.9542195">
      <ele>300.022</ele>
    </trkpt>
    <trkpt lat="-18.646627" lon="133.9546186">
      <ele>302.859</ele>
    </trkpt>
    <trkpt lat="-18.6474499" lon="133.955025">
      <ele>302.731</ele>
    </trkpt>
    <trkpt lat="-18.6485817" lon="133.9555841">
      <ele>302.431</ele>
    </trkpt>
    <trkpt lat="-18.6485939" lon="133.9555901">
      <ele>302.318</ele>
    </trkpt>
    <trkpt lat="-18.6487566" lon="133.955671">
      <ele>300.844</ele>
    </trkpt>
    <trkpt lat="-18.6489156" lon="133.9557502">
      <ele>299.758</ele>
    </trkpt>
    <trkpt lat="-18.6489192" lon="133.955752">
      <ele>299.771</ele>
    </trkpt>
    <trkpt lat="-18.6490783" lon="133.9558312">
      <ele>300.003</ele>
    </trkpt>
    <trkpt lat="-18.649241" lon="133.9559121">
      <ele>301.026</ele>
    </trkpt>
    <trkpt lat="-18.6528203" lon="133.9576929">
      <ele>306.893</ele>
    </trkpt>
    <trkpt lat="-18.6531493" lon="133.9578566">
      <ele>303.137</ele>
    </trkpt>
    <trkpt lat="-18.653312" lon="133.9579375">
      <ele>302.109</ele>
    </trkpt>
    <trkpt lat="-18.6536084" lon="133.958085">
      <ele>303.098</ele>
    </trkpt>
    <trkpt lat="-18.6551066" lon="133.9588166">
      <ele>308.1</ele>
    </trkpt>
    <trkpt lat="-18.6553562" lon="133.9589385">
      <ele>308.41</ele>
    </trkpt>
    <trkpt lat="-18.6554328" lon="133.9589767">
      <ele>308.698</ele>
    </trkpt>
    <trkpt lat="-18.6560796" lon="133.9592994">
      <ele>309.059</ele>
    </trkpt>
    <trkpt lat="-18.6570687" lon="133.9597929">
      <ele>307.281</ele>
    </trkpt>
    <trkpt lat="-18.6602893" lon="133.9614021">
      <ele>303.956</ele>
    </trkpt>
    <trkpt lat="-18.6625958" lon="133.9625426">
      <ele>305.0</ele>
    </trkpt>
    <trkpt lat="-18.6640834" lon="133.9632809">
      <ele>300.243</ele>
    </trkpt>
    <trkpt lat="-18.6650312" lon="133.9637538">
      <ele>302.578</ele>
    </trkpt>
    <trkpt lat="-18.6651902" lon="133.9638331">
      <ele>300.859</ele>
    </trkpt>
    <trkpt lat="-18.6651938" lon="133.9638349">
      <ele>300.821</ele>
    </trkpt>
    <trkpt lat="-18.6653528" lon="133.9639142">
      <ele>300.21</ele>
    </trkpt>
    <trkpt lat="-18.6680685" lon="133.9652691">
      <ele>303.045</ele>
    </trkpt>
    <trkpt lat="-18.6695163" lon="133.9659853">
      <ele>302.376</ele>
    </trkpt>
    <trkpt lat="-18.6726108" lon="133.9675159">
      <ele>310.046</ele>
    </trkpt>
    <trkpt lat="-18.6739138" lon="133.9681604">
      <ele>302.721</ele>
    </trkpt>
    <trkpt lat="-18.6740766" lon="133.968241">
      <ele>302.884</ele>
    </trkpt>
    <trkpt lat="-18.6742395" lon="133.9683216">
      <ele>302.456</ele>
    </trkpt>
    <trkpt lat="-18.6752167" lon="133.968805">
      <ele>303.478</ele>
    </trkpt>
    <trkpt lat="-18.6753795" lon="133.9688856">
      <ele>303.626</ele>
    </trkpt>
    <trkpt lat="-18.6763568" lon="133.9693689">
      <ele>304.313</ele>
    </trkpt>
    <trkpt lat="-18.6789627" lon="133.9706579">
      <ele>306.531</ele>
    </trkpt>
    <trkpt lat="-18.6798101" lon="133.9710771">
      <ele>307.09</ele>
    </trkpt>
    <trkpt lat="-18.6841714" lon="133.9732429">
      <ele>307.663</ele>
    </trkpt>
    <trkpt lat="-18.6891041" lon="133.9756924">
      <ele>306.86</ele>
    </trkpt>
    <trkpt lat="-18.6902599" lon="133.9762647">
      <ele>306.965</ele>
    </trkpt>
    <trkpt lat="-18.6915815" lon="133.9769341">
      <ele>310.281</ele>
    </trkpt>
    <trkpt lat="-18.6925448" lon="133.9774118">
      <ele>309.677</ele>
    </trkpt>
    <trkpt lat="-18.6929259" lon="133.9776051">
      <ele>308.357</ele>
    </trkpt>
    <trkpt lat="-18.6940419" lon="133.9781446">
      <ele>309.839</ele>
    </trkpt>
    <trkpt lat="-18.6949156" lon="133.9785931">
      <ele>308.258</ele>
    </trkpt>
    <trkpt lat="-18.6955634" lon="133.9789523">
      <ele>309.213</ele>
    </trkpt>
    <trkpt lat="-18.6963226" lon="133.9793372">
      <ele>309.679</ele>
    </trkpt>
    <trkpt lat="-18.697472" lon="133.9799294">
      <ele>310.408</ele>
    </trkpt>
    <trkpt lat="-18.6975107" lon="133.9799521">
      <ele>310.345</ele>
    </trkpt>
    <trkpt lat="-18.697726" lon="133.9800634">
      <ele>309.814</ele>
    </trkpt>
    <trkpt lat="-18.7001339" lon="133.9813036">
      <ele>306.63</ele>
    </trkpt>
    <trkpt lat="-18.7003527" lon="133.981422">
      <ele>307.714</ele>
    </trkpt>
    <trkpt lat="-18.7004418" lon="133.9814684">
      <ele>308.415</ele>
    </trkpt>
    <trkpt lat="-18.7012384" lon="133.9818749">
      <ele>309.958</ele>
    </trkpt>
    <trkpt lat="-18.703827" lon="133.9832023">
      <ele>314.554</ele>
    </trkpt>
    <trkpt lat="-18.705449" lon="133.984034">
      <ele>312.478</ele>
    </trkpt>
    <trkpt lat="-18.7054523" lon="133.9840354">
      <ele>312.473</ele>
    </trkpt>
    <trkpt lat="-18.7072216" lon="133.9849511">
      <ele>315.82</ele>
    </trkpt>
    <trkpt lat="-18.7099672" lon="133.986372">
      <ele>310.057</ele>
    </trkpt>
    <trkpt lat="-18.71137" lon="133.9870981">
      <ele>313.554</ele>
    </trkpt>
    <trkpt lat="-18.7122284" lon="133.9875418">
      <ele>319.673</ele>
    </trkpt>
    <trkpt lat="-18.7131028" lon="133.9879937">
      <ele>317.223</ele>
    </trkpt>
    <trkpt lat="-18.7155429" lon="133.9892568">
      <ele>316.046</ele>
    </trkpt>
    <trkpt lat="-18.7172816" lon="133.9901531">
      <ele>317.492</ele>
    </trkpt>
    <trkpt lat="-18.7183875" lon="133.9907265">
      <ele>322.274</ele>
    </trkpt>
    <trkpt lat="-18.7191251" lon="133.9910981">
      <ele>316.498</ele>
    </trkpt>
    <trkpt lat="-18.7200761" lon="133.9915978">
      <ele>319.248</ele>
    </trkpt>
    <trkpt lat="-18.7208295" lon="133.991975">
      <ele>319.002</ele>
    </trkpt>
    <trkpt lat="-18.7216817" lon="133.9924155">
      <ele>320.151</ele>
    </trkpt>
    <trkpt lat="-18.7225345" lon="133.9928602">
      <ele>317.978</ele>
    </trkpt>
    <trkpt lat="-18.7232259" lon="133.9932185">
      <ele>319.8</ele>
    </trkpt>
    <trkpt lat="-18.7237683" lon="133.9934927">
      <ele>321.992</ele>
    </trkpt>
    <trkpt lat="-18.7238644" lon="133.9935432">
      <ele>322.156</ele>
    </trkpt>
    <trkpt lat="-18.7240254" lon="133.9936279">
      <ele>322.34</ele>
    </trkpt>
    <trkpt lat="-18.7241864" lon="133.9937126">
      <ele>322.392</ele>
    </trkpt>
    <trkpt lat="-18.7242581" lon="133.9937503">
      <ele>322.657</ele>
    </trkpt>
    <trkpt lat="-18.7248311" lon="133.9940497">
      <ele>322.96</ele>
    </trkpt>
    <trkpt lat="-18.7249923" lon="133.994134">
      <ele>322.052</ele>
    </trkpt>
    <trkpt lat="-18.7251535" lon="133.9942182">
      <ele>321.917</ele>
    </trkpt>
    <trkpt lat="-18.7254364" lon="133.9943661">
      <ele>321.59</ele>
    </trkpt>
    <trkpt lat="-18.7271724" lon="133.9952574">
      <ele>318.907</ele>
    </trkpt>
    <trkpt lat="-18.7275834" lon="133.995456">
      <ele>321.368</ele>
    </trkpt>
    <trkpt lat="-18.7277469" lon="133.995535">
      <ele>322.609</ele>
    </trkpt>
    <trkpt lat="-18.7283092" lon="133.9958067">
      <ele>313.435</ele>
    </trkpt>
    <trkpt lat="-18.7320466" lon="133.9975728">
      <ele>315.632</ele>
    </trkpt>
    <trkpt lat="-18.7325039" lon="133.9977943">
      <ele>313.941</ele>
    </trkpt>
    <trkpt lat="-18.7329943" lon="133.9980319">
      <ele>314.511</ele>
    </trkpt>
    <trkpt lat="-18.7330444" lon="133.9980562">
      <ele>314.917</ele>
    </trkpt>
    <trkpt lat="-18.7331585" lon="133.9981095">
      <ele>316.216</ele>
    </trkpt>
    <trkpt lat="-18.7339501" lon="133.9984791">
      <ele>307.912</ele>
    </trkpt>
    <trkpt lat="-18.7353723" lon="133.9991552">
      <ele>311.495</ele>
    </trkpt>
    <trkpt lat="-18.7377524" lon="134.0002887">
      <ele>305.095</ele>
    </trkpt>
    <trkpt lat="-18.7383635" lon="134.0005797">
      <ele>305.836</ele>
    </trkpt>
    <trkpt lat="-18.7403786" lon="134.0015314">
      <ele>304.406</ele>
    </trkpt>
    <trkpt lat="-18.7405428" lon="134.0016089">
      <ele>305.341</ele>
    </trkpt>
    <trkpt lat="-18.740707" lon="134.0016865">
      <ele>305.435</ele>
    </trkpt>
    <trkpt lat="-18.7408712" lon="134.001764">
      <ele>305.115</ele>
    </trkpt>
    <trkpt lat="-18.7418563" lon="134.0022293">
      <ele>305.975</ele>
    </trkpt>
    <trkpt lat="-18.7424988" lon="134.0025328">
      <ele>306.63</ele>
    </trkpt>
    <trkpt lat="-18.7435589" lon="134.0030402">
      <ele>304.979</ele>
    </trkpt>
    <trkpt lat="-18.7449977" lon="134.0037232">
      <ele>308.387</ele>
    </trkpt>
    <trkpt lat="-18.7455039" lon="134.0039695">
      <ele>306.79</ele>
    </trkpt>
    <trkpt lat="-18.7459932" lon="134.0042394">
      <ele>309.163</ele>
    </trkpt>
    <trkpt lat="-18.7460984" lon="134.0043043">
      <ele>308.55</ele>
    </trkpt>
    <trkpt lat="-18.7462538" lon="134.0044">
      <ele>307.564</ele>
    </trkpt>
    <trkpt lat="-18.7465179" lon="134.0045629">
      <ele>306.734</ele>
    </trkpt>
    <trkpt lat="-18.7469941" lon="134.0048766">
      <ele>306.715</ele>
    </trkpt>
    <trkpt lat="-18.7474726" lon="134.0052237">
      <ele>307.464</ele>
    </trkpt>
    <trkpt lat="-18.7479162" lon="134.0055771">
      <ele>306.0</ele>
    </trkpt>
    <trkpt lat="-18.7484431" lon="134.006032">
      <ele>304.68</ele>
    </trkpt>
    <trkpt lat="-18.7487732" lon="134.0063458">
      <ele>305.584</ele>
    </trkpt>
    <trkpt lat="-18.7489821" lon="134.0065573">
      <ele>305.326</ele>
    </trkpt>
    <trkpt lat="-18.7491119" lon="134.0066888">
      <ele>305.479</ele>
    </trkpt>
    <trkpt lat="-18.7493806" lon="134.0069609">
      <ele>307.206</ele>
    </trkpt>
    <trkpt lat="-18.7499582" lon="134.0076157">
      <ele>304.797</ele>
    </trkpt>
    <trkpt lat="-18.7503206" lon="134.0080744">
      <ele>304.856</ele>
    </trkpt>
    <trkpt lat="-18.7504385" lon="134.008236">
      <ele>304.797</ele>
    </trkpt>
    <trkpt lat="-18.7505483" lon="134.0083865">
      <ele>305.0</ele>
    </trkpt>
    <trkpt lat="-18.750658" lon="134.0085369">
      <ele>305.27</ele>
    </trkpt>
    <trkpt lat="-18.7507677" lon="134.0086874">
      <ele>306.038</ele>
    </trkpt>
    <trkpt lat="-18.7508143" lon="134.0087513">
      <ele>306.436</ele>
    </trkpt>
    <trkpt lat="-18.7508766" lon="134.0088386">
      <ele>306.847</ele>
    </trkpt>
    <trkpt lat="-18.7513097" lon="134.0094453">
      <ele>309.992</ele>
    </trkpt>
    <trkpt lat="-18.751418" lon="134.009597">
      <ele>308.854</ele>
    </trkpt>
    <trkpt lat="-18.7519594" lon="134.0103553">
      <ele>300.511</ele>
    </trkpt>
    <trkpt lat="-18.7533119" lon="134.0122499">
      <ele>303.122</ele>
    </trkpt>
    <trkpt lat="-18.7541294" lon="134.0133852">
      <ele>303.437</ele>
    </trkpt>
    <trkpt lat="-18.7542382" lon="134.0135364">
      <ele>301.195</ele>
    </trkpt>
    <trkpt lat="-18.7545875" lon="134.0140215">
      <ele>305.478</ele>
    </trkpt>
    <trkpt lat="-18.7557158" lon="134.0155888">
      <ele>306.306</ele>
    </trkpt>
    <trkpt lat="-18.7564588" lon="134.0165241">
      <ele>308.113</ele>
    </trkpt>
    <trkpt lat="-18.7565744" lon="134.0166696">
      <ele>310.007</ele>
    </trkpt>
    <trkpt lat="-18.756612" lon="134.0167169">
      <ele>310.445</ele>
    </trkpt>
    <trkpt lat="-18.7568249" lon="134.0169419">
      <ele>311.57</ele>
    </trkpt>
    <trkpt lat="-18.7568715" lon="134.0169912">
      <ele>311.613</ele>
    </trkpt>
    <trkpt lat="-18.757196" lon="134.0173216">
      <ele>308.965</ele>
    </trkpt>
    <trkpt lat="-18.7574963" lon="134.0176205">
      <ele>308.021</ele>
    </trkpt>
    <trkpt lat="-18.7578686" lon="134.0179606">
      <ele>306.673</ele>
    </trkpt>
    <trkpt lat="-18.7583836" lon="134.0183998">
      <ele>307.819</ele>
    </trkpt>
    <trkpt lat="-18.7588851" lon="134.0187696">
      <ele>306.153</ele>
    </trkpt>
    <trkpt lat="-18.7591857" lon="134.0189836">
      <ele>304.955</ele>
    </trkpt>
    <trkpt lat="-18.7593348" lon="134.0190898">
      <ele>304.833</ele>
    </trkpt>
    <trkpt lat="-18.7593652" lon="134.0191115">
      <ele>304.858</ele>
    </trkpt>
    <trkpt lat="-18.7599148" lon="134.019448">
      <ele>305.005</ele>
    </trkpt>
    <trkpt lat="-18.7606104" lon="134.0198755">
      <ele>308.438</ele>
    </trkpt>
    <trkpt lat="-18.7608814" lon="134.0199979">
      <ele>307.821</ele>
    </trkpt>
    <trkpt lat="-18.7610612" lon="134.0200866">
      <ele>306.868</ele>
    </trkpt>
    <trkpt lat="-18.7619315" lon="134.0204727">
      <ele>306.364</ele>
    </trkpt>
    <trkpt lat="-18.7626317" lon="134.0207795">
      <ele>307.704</ele>
    </trkpt>
    <trkpt lat="-18.7633697" lon="134.0211038">
      <ele>307.866</ele>
    </trkpt>
    <trkpt lat="-18.7634072" lon="134.0211208">
      <ele>307.778</ele>
    </trkpt>
    <trkpt lat="-18.7643366" lon="134.0215356">
      <ele>307.038</ele>
    </trkpt>
    <trkpt lat="-18.7645022" lon="134.0216095">
      <ele>306.007</ele>
    </trkpt>
    <trkpt lat="-18.7645291" lon="134.0216215">
      <ele>305.81</ele>
    </trkpt>
    <trkpt lat="-18.7646677" lon="134.0216839">
      <ele>304.701</ele>
    </trkpt>
    <trkpt lat="-18.7646931" lon="134.0216953">
      <ele>304.51</ele>
    </trkpt>
    <trkpt lat="-18.7648332" lon="134.0217583">
      <ele>303.593</ele>
    </trkpt>
    <trkpt lat="-18.7649875" lon="134.0218277">
      <ele>302.848</ele>
    </trkpt>
    <trkpt lat="-18.7659934" lon="134.0222656">
      <ele>304.097</ele>
    </trkpt>
    <trkpt lat="-18.7694762" lon="134.0237999">
      <ele>304.396</ele>
    </trkpt>
    <trkpt lat="-18.7698155" lon="134.0239467">
      <ele>304.93</ele>
    </trkpt>
    <trkpt lat="-18.769841" lon="134.0239577">
      <ele>304.894</ele>
    </trkpt>
    <trkpt lat="-18.7698427" lon="134.0239585">
      <ele>304.891</ele>
    </trkpt>
    <trkpt lat="-18.7700079" lon="134.0240337">
      <ele>304.422</ele>
    </trkpt>
    <trkpt lat="-18.7712962" lon="134.0246006">
      <ele>305.165</ele>
    </trkpt>
    <trkpt lat="-18.7724108" lon="134.0250706">
      <ele>307.263</ele>
    </trkpt>
    <trkpt lat="-18.7730111" lon="134.0253128">
      <ele>313.662</ele>
    </trkpt>
    <trkpt lat="-18.7736259" lon="134.0256414">
      <ele>307.248</ele>
    </trkpt>
    <trkpt lat="-18.7736549" lon="134.0256569">
      <ele>307.141</ele>
    </trkpt>
    <trkpt lat="-18.773791" lon="134.0257168">
      <ele>307.292</ele>
    </trkpt>
    <trkpt lat="-18.7738165" lon="134.025728">
      <ele>307.392</ele>
    </trkpt>
    <trkpt lat="-18.7738209" lon="134.02573">
      <ele>307.41</ele>
    </trkpt>
    <trkpt lat="-18.7739847" lon="134.025805">
      <ele>306.651</ele>
    </trkpt>
    <trkpt lat="-18.7746481" lon="134.026096">
      <ele>306.12</ele>
    </trkpt>
    <trkpt lat="-18.7754833" lon="134.0264549">
      <ele>309.114</ele>
    </trkpt>
    <trkpt lat="-18.7756203" lon="134.0265126">
      <ele>309.549</ele>
    </trkpt>
    <trkpt lat="-18.775646" lon="134.0265235">
      <ele>309.642</ele>
    </trkpt>
    <trkpt lat="-18.7756513" lon="134.0265257">
      <ele>309.662</ele>
    </trkpt>
    <trkpt lat="-18.7757878" lon="134.0265819">
      <ele>310.276</ele>
    </trkpt>
    <trkpt lat="-18.7762046" lon="134.0267538">
      <ele>311.921</ele>
    </trkpt>
    <trkpt lat="-18.7764936" lon="134.0268612">
      <ele>313.561</ele>
    </trkpt>
    <trkpt lat="-18.7766616" lon="134.0269274">
      <ele>313.729</ele>
    </trkpt>
    <trkpt lat="-18.7770538" lon="134.0270888">
      <ele>310.228</ele>
    </trkpt>
    <trkpt lat="-18.7775005" lon="134.0272505">
      <ele>308.004</ele>
    </trkpt>
    <trkpt lat="-18.7775091" lon="134.0272536">
      <ele>308.066</ele>
    </trkpt>
    <trkpt lat="-18.7777483" lon="134.0273302">
      <ele>309.788</ele>
    </trkpt>
    <trkpt lat="-18.7778184" lon="134.027352">
      <ele>310.068</ele>
    </trkpt>
    <trkpt lat="-18.7781983" lon="134.0274706">
      <ele>310.272</ele>
    </trkpt>
    <trkpt lat="-18.7784419" lon="134.0275474">
      <ele>309.456</ele>
    </trkpt>
    <trkpt lat="-18.7791157" lon="134.0277483">
      <ele>305.232</ele>
    </trkpt>
    <trkpt lat="-18.7797775" lon="134.0279241">
      <ele>303.118</ele>
    </trkpt>
    <trkpt lat="-18.7804623" lon="134.0280904">
      <ele>301.0</ele>
    </trkpt>
    <trkpt lat="-18.7806274" lon="134.0281326">
      <ele>301.259</ele>
    </trkpt>
    <trkpt lat="-18.7806374" lon="134.0281351">
      <ele>301.295</ele>
    </trkpt>
    <trkpt lat="-18.7813016" lon="134.0282967">
      <ele>302.314</ele>
    </trkpt>
    <trkpt lat="-18.7815668" lon="134.0283613">
      <ele>301.057</ele>
    </trkpt>
    <trkpt lat="-18.7820286" lon="134.0284781">
      <ele>298.728</ele>
    </trkpt>
    <trkpt lat="-18.7820383" lon="134.0284805">
      <ele>298.636</ele>
    </trkpt>
    <trkpt lat="-18.7825642" lon="134.0286153">
      <ele>296.243</ele>
    </trkpt>
    <trkpt lat="-18.7832639" lon="134.0287854">
      <ele>295.971</ele>
    </trkpt>
    <trkpt lat="-18.7848384" lon="134.0291668">
      <ele>298.418</ele>
    </trkpt>
    <trkpt lat="-18.7860304" lon="134.0294642">
      <ele>296.341</ele>
    </trkpt>
    <trkpt lat="-18.7878176" lon="134.0299101">
      <ele>293.913</ele>
    </trkpt>
    <trkpt lat="-18.7886949" lon="134.0301158">
      <ele>297.583</ele>
    </trkpt>
    <trkpt lat="-18.7887388" lon="134.0301271">
      <ele>297.542</ele>
    </trkpt>
    <trkpt lat="-18.78887" lon="134.0301594">
      <ele>297.426</ele>
    </trkpt>
    <trkpt lat="-18.789036" lon="134.0301997">
      <ele>297.281</ele>
    </trkpt>
    <trkpt lat="-18.7896005" lon="134.0303368">
      <ele>297.668</ele>
    </trkpt>
    <trkpt lat="-18.7908965" lon="134.0306517">
      <ele>300.801</ele>
    </trkpt>
    <trkpt lat="-18.791378" lon="134.0307675">
      <ele>304.457</ele>
    </trkpt>
    <trkpt lat="-18.7917069" lon="134.0308639">
      <ele>302.377</ele>
    </trkpt>
    <trkpt lat="-18.7919368" lon="134.0309424">
      <ele>300.061</ele>
    </trkpt>
    <trkpt lat="-18.7921657" lon="134.0310316">
      <ele>298.407</ele>
    </trkpt>
    <trkpt lat="-18.7921847" lon="134.0310386">
      <ele>298.27</ele>
    </trkpt>
    <trkpt lat="-18.7923562" lon="134.0311011">
      <ele>297.5</ele>
    </trkpt>
    <trkpt lat="-18.7927627" lon="134.0312699">
      <ele>298.486</ele>
    </trkpt>
    <trkpt lat="-18.7932381" lon="134.0314874">
      <ele>302.494</ele>
    </trkpt>
    <trkpt lat="-18.794236" lon="134.0320236">
      <ele>300.322</ele>
    </trkpt>
    <trkpt lat="-18.7943048" lon="134.0320605">
      <ele>300.659</ele>
    </trkpt>
    <trkpt lat="-18.795331" lon="134.0326112">
      <ele>302.152</ele>
    </trkpt>
    <trkpt lat="-18.7962866" lon="134.0331371">
      <ele>299.781</ele>
    </trkpt>
    <trkpt lat="-18.7974094" lon="134.0337446">
      <ele>301.196</ele>
    </trkpt>
    <trkpt lat="-18.7993224" lon="134.0347796">
      <ele>299.566</ele>
    </trkpt>
    <trkpt lat="-18.8010192" lon="134.0357489">
      <ele>301.824</ele>
    </trkpt>
    <trkpt lat="-18.8031001" lon="134.0368832">
      <ele>300.715</ele>
    </trkpt>
    <trkpt lat="-18.8037475" lon="134.037238">
      <ele>297.549</ele>
    </trkpt>
    <trkpt lat="-18.8063036" lon="134.038611">
      <ele>300.387</ele>
    </trkpt>
    <trkpt lat="-18.8079981" lon="134.0395138">
      <ele>302.053</ele>
    </trkpt>
    <trkpt lat="-18.8107979" lon="134.0410467">
      <ele>299.719</ele>
    </trkpt>
    <trkpt lat="-18.8113489" lon="134.0413573">
      <ele>296.211</ele>
    </trkpt>
    <trkpt lat="-18.8123172" lon="134.0418585">
      <ele>303.34</ele>
    </trkpt>
    <trkpt lat="-18.8123196" lon="134.0418598">
      <ele>303.375</ele>
    </trkpt>
    <trkpt lat="-18.8126365" lon="134.0420336">
      <ele>306.0</ele>
    </trkpt>
    <trkpt lat="-18.8127657" lon="134.0421045">
      <ele>306.0</ele>
    </trkpt>
    <trkpt lat="-18.8127967" lon="134.0421218">
      <ele>305.932</ele>
    </trkpt>
    <trkpt lat="-18.8145239" lon="134.0430918">
      <ele>298.33</ele>
    </trkpt>
    <trkpt lat="-18.8167689" lon="134.0443221">
      <ele>299.047</ele>
    </trkpt>
    <trkpt lat="-18.8182157" lon="134.0451148">
      <ele>299.512</ele>
    </trkpt>
    <trkpt lat="-18.8183742" lon="134.0452046">
      <ele>298.79</ele>
    </trkpt>
    <trkpt lat="-18.8193363" lon="134.0457278">
      <ele>299.084</ele>
    </trkpt>
    <trkpt lat="-18.8202935" lon="134.046247">
      <ele>303.377</ele>
    </trkpt>
    <trkpt lat="-18.8210935" lon="134.0466809">
      <ele>302.711</ele>
    </trkpt>
    <trkpt lat="-18.8210947" lon="134.0466815">
      <ele>302.719</ele>
    </trkpt>
    <trkpt lat="-18.822368" lon="134.0473911">
      <ele>299.285</ele>
    </trkpt>
    <trkpt lat="-18.822445" lon="134.0474309">
      <ele>300.257</ele>
    </trkpt>
    <trkpt lat="-18.8264448" lon="134.0496092">
      <ele>307.417</ele>
    </trkpt>
    <trkpt lat="-18.8265252" lon="134.0496522">
      <ele>307.872</ele>
    </trkpt>
    <trkpt lat="-18.8289446" lon="134.0509818">
      <ele>303.358</ele>
    </trkpt>
    <trkpt lat="-18.8379195" lon="134.0558125">
      <ele>305.602</ele>
    </trkpt>
    <trkpt lat="-18.8380798" lon="134.0558987">
      <ele>305.195</ele>
    </trkpt>
    <trkpt lat="-18.838242" lon="134.055986">
      <ele>306.711</ele>
    </trkpt>
    <trkpt lat="-18.8384025" lon="134.0560665">
      <ele>309.044</ele>
    </trkpt>
    <trkpt lat="-18.8384043" lon="134.0560674">
      <ele>309.08</ele>
    </trkpt>
    <trkpt lat="-18.8385686" lon="134.0561485">
      <ele>312.141</ele>
    </trkpt>
    <trkpt lat="-18.8440132" lon="134.0590808">
      <ele>308.797</ele>
    </trkpt>
    <trkpt lat="-18.8457765" lon="134.0600331">
      <ele>307.0</ele>
    </trkpt>
    <trkpt lat="-18.8467342" lon="134.0605573">
      <ele>304.005</ele>
    </trkpt>
    <trkpt lat="-18.8494719" lon="134.0619965">
      <ele>313.07</ele>
    </trkpt>
    <trkpt lat="-18.8496306" lon="134.0620857">
      <ele>312.498</ele>
    </trkpt>
    <trkpt lat="-18.8526635" lon="134.0637525">
      <ele>301.098</ele>
    </trkpt>
    <trkpt lat="-18.8529859" lon="134.0639218">
      <ele>302.237</ele>
    </trkpt>
    <trkpt lat="-18.8590768" lon="134.0671989">
      <ele>298.985</ele>
    </trkpt>
    <trkpt lat="-18.8614283" lon="134.0684505">
      <ele>303.0</ele>
    </trkpt>
    <trkpt lat="-18.8631878" lon="134.0694066">
      <ele>301.024</ele>
    </trkpt>
    <trkpt lat="-18.8633485" lon="134.069494">
      <ele>302.188</ele>
    </trkpt>
    <trkpt lat="-18.8655892" lon="134.0707065">
      <ele>305.422</ele>
    </trkpt>
    <trkpt lat="-18.8660668" lon="134.0709715">
      <ele>304.741</ele>
    </trkpt>
    <trkpt lat="-18.8662257" lon="134.0710597">
      <ele>303.513</ele>
    </trkpt>
    <trkpt lat="-18.8677596" lon="134.0718869">
      <ele>305.09</ele>
    </trkpt>
    <trkpt lat="-18.8683106" lon="134.0721794">
      <ele>308.707</ele>
    </trkpt>
    <trkpt lat="-18.8684702" lon="134.0722642">
      <ele>307.936</ele>
    </trkpt>
    <trkpt lat="-18.8684712" lon="134.0722648">
      <ele>307.929</ele>
    </trkpt>
    <trkpt lat="-18.8686315" lon="134.0723509">
      <ele>307.39</ele>
    </trkpt>
    <trkpt lat="-18.8689526" lon="134.0725233">
      <ele>306.58</ele>
    </trkpt>
    <trkpt lat="-18.8691379" lon="134.0726229">
      <ele>306.0</ele>
    </trkpt>
    <trkpt lat="-18.870019" lon="134.0730988">
      <ele>306.106</ele>
    </trkpt>
    <trkpt lat="-18.8713601" lon="134.0738092">
      <ele>301.568</ele>
    </trkpt>
    <trkpt lat="-18.8715196" lon="134.0738974">
      <ele>300.984</ele>
    </trkpt>
    <trkpt lat="-18.8723769" lon="134.0743747">
      <ele>302.192</ele>
    </trkpt>
    <trkpt lat="-18.8735418" lon="134.0750161">
      <ele>301.747</ele>
    </trkpt>
    <trkpt lat="-18.8745528" lon="134.0755609">
      <ele>298.467</ele>
    </trkpt>
    <trkpt lat="-18.874713" lon="134.0756473">
      <ele>300.288</ele>
    </trkpt>
    <trkpt lat="-18.8748732" lon="134.0757336">
      <ele>302.107</ele>
    </trkpt>
    <trkpt lat="-18.8748742" lon="134.0757341">
      <ele>302.118</ele>
    </trkpt>
    <trkpt lat="-18.8750352" lon="134.0758177">
      <ele>303.282</ele>
    </trkpt>
    <trkpt lat="-18.8752123" lon="134.0759145">
      <ele>301.39</ele>
    </trkpt>
    <trkpt lat="-18.8762701" lon="134.0765008">
      <ele>295.978</ele>
    </trkpt>
    <trkpt lat="-18.8773713" lon="134.0770798">
      <ele>299.01</ele>
    </trkpt>
    <trkpt lat="-18.8787126" lon="134.0778288">
      <ele>291.953</ele>
    </trkpt>
    <trkpt lat="-18.8793496" lon="134.0781718">
      <ele>291.484</ele>
    </trkpt>
    <trkpt lat="-18.8795101" lon="134.0782582">
      <ele>291.0</ele>
    </trkpt>
    <trkpt lat="-18.8796701" lon="134.0783446">
      <ele>291.008</ele>
    </trkpt>
    <trkpt lat="-18.8797496" lon="134.0783875">
      <ele>290.981</ele>
    </trkpt>
    <trkpt lat="-18.8803095" lon="134.0786946">
      <ele>291.529</ele>
    </trkpt>
    <trkpt lat="-18.8807691" lon="134.0789442">
      <ele>293.847</ele>
    </trkpt>
    <trkpt lat="-18.8817307" lon="134.0795097">
      <ele>289.946</ele>
    </trkpt>
    <trkpt lat="-18.882029" lon="134.0796854">
      <ele>289.133</ele>
    </trkpt>
    <trkpt lat="-18.8837615" lon="134.0806735">
      <ele>293.312</ele>
    </trkpt>
    <trkpt lat="-18.8846879" lon="134.0812786">
      <ele>291.329</ele>
    </trkpt>
    <trkpt lat="-18.8855108" lon="134.0818039">
      <ele>290.01</ele>
    </trkpt>
    <trkpt lat="-18.887178" lon="134.0829071">
      <ele>285.63</ele>
    </trkpt>
    <trkpt lat="-18.8872861" lon="134.0829797">
      <ele>285.951</ele>
    </trkpt>
    <trkpt lat="-18.8890834" lon="134.0842233">
      <ele>288.557</ele>
    </trkpt>
    <trkpt lat="-18.8892888" lon="134.0843733">
      <ele>288.696</ele>
    </trkpt>
    <trkpt lat="-18.8909403" lon="134.085608">
      <ele>293.572</ele>
    </trkpt>
    <trkpt lat="-18.8910216" lon="134.0856684">
      <ele>293.467</ele>
    </trkpt>
    <trkpt lat="-18.8913001" lon="134.0858732">
      <ele>294.046</ele>
    </trkpt>
    <trkpt lat="-18.8916545" lon="134.086148">
      <ele>294.0</ele>
    </trkpt>
    <trkpt lat="-18.8923406" lon="134.086689">
      <ele>295.493</ele>
    </trkpt>
    <trkpt lat="-18.8930782" lon="134.0872827">
      <ele>287.563</ele>
    </trkpt>
    <trkpt lat="-18.8938882" lon="134.0879479">
      <ele>290.391</ele>
    </trkpt>
    <trkpt lat="-18.8947908" lon="134.0886853">
      <ele>290.512</ele>
    </trkpt>
    <trkpt lat="-18.8948212" lon="134.0887117">
      <ele>290.399</ele>
    </trkpt>
    <trkpt lat="-18.8955662" lon="134.0893561">
      <ele>293.656</ele>
    </trkpt>
    <trkpt lat="-18.8963063" lon="134.0899854">
      <ele>292.792</ele>
    </trkpt>
    <trkpt lat="-18.8963559" lon="134.0900295">
      <ele>292.894</ele>
    </trkpt>
    <trkpt lat="-18.8964943" lon="134.0901523">
      <ele>292.792</ele>
    </trkpt>
    <trkpt lat="-18.8969352" lon="134.0905437">
      <ele>293.956</ele>
    </trkpt>
    <trkpt lat="-18.8977349" lon="134.0912743">
      <ele>295.587</ele>
    </trkpt>
    <trkpt lat="-18.8987716" lon="134.0922256">
      <ele>299.03</ele>
    </trkpt>
    <trkpt lat="-18.8993302" lon="134.0927867">
      <ele>302.205</ele>
    </trkpt>
    <trkpt lat="-18.8994096" lon="134.0929526">
      <ele>298.27</ele>
    </trkpt>
    <trkpt lat="-18.8996513" lon="134.0931816">
      <ele>294.069</ele>
    </trkpt>
    <trkpt lat="-18.9006578" lon="134.0941089">
      <ele>295.229</ele>
    </trkpt>
    <trkpt lat="-18.9017733" lon="134.0952846">
      <ele>296.32</ele>
    </trkpt>
    <trkpt lat="-18.9024323" lon="134.0959503">
      <ele>295.955</ele>
    </trkpt>
    <trkpt lat="-18.9027102" lon="134.0962305">
      <ele>298.324</ele>
    </trkpt>
    <trkpt lat="-18.903064" lon="134.0966128">
      <ele>294.515</ele>
    </trkpt>
    <trkpt lat="-18.9032508" lon="134.0968336">
      <ele>291.035</ele>
    </trkpt>
    <trkpt lat="-18.9034604" lon="134.0970902">
      <ele>292.924</ele>
    </trkpt>
    <trkpt lat="-18.9037121" lon="134.0974486">
      <ele>294.387</ele>
    </trkpt>
    <trkpt lat="-18.9038432" lon="134.0976387">
      <ele>293.501</ele>
    </trkpt>
    <trkpt lat="-18.9040481" lon="134.0979721">
      <ele>291.499</ele>
    </trkpt>
    <trkpt lat="-18.9043315" lon="134.0984784">
      <ele>289.567</ele>
    </trkpt>
    <trkpt lat="-18.9046252" lon="134.0990514">
      <ele>294.994</ele>
    </trkpt>
    <trkpt lat="-18.9047793" lon="134.0994227">
      <ele>295.922</ele>
    </trkpt>
    <trkpt lat="-18.9048611" lon="134.0996552">
      <ele>296.379</ele>
    </trkpt>
    <trkpt lat="-18.9050428" lon="134.1002302">
      <ele>295.846</ele>
    </trkpt>
    <trkpt lat="-18.9052056" lon="134.1008159">
      <ele>293.434</ele>
    </trkpt>
    <trkpt lat="-18.9054741" lon="134.1017913">
      <ele>293.897</ele>
    </trkpt>
    <trkpt lat="-18.9057299" lon="134.1027512">
      <ele>297.508</ele>
    </trkpt>
    <trkpt lat="-18.9058294" lon="134.1031189">
      <ele>300.214</ele>
    </trkpt>
    <trkpt lat="-18.9059099" lon="134.1034164">
      <ele>300.185</ele>
    </trkpt>
    <trkpt lat="-18.9060537" lon="134.1040394">
      <ele>297.157</ele>
    </trkpt>
    <trkpt lat="-18.9060963" lon="134.1042241">
      <ele>297.153</ele>
    </trkpt>
    <trkpt lat="-18.9060994" lon="134.1042375">
      <ele>297.213</ele>
    </trkpt>
    <trkpt lat="-18.9061449" lon="134.1044071">
      <ele>297.55</ele>
    </trkpt>
    <trkpt lat="-18.906243" lon="134.1047729">
      <ele>298.027</ele>
    </trkpt>
    <trkpt lat="-18.9063511" lon="134.1051759">
      <ele>298.553</ele>
    </trkpt>
    <trkpt lat="-18.9064877" lon="134.1056877">
      <ele>301.259</ele>
    </trkpt>
    <trkpt lat="-18.9065366" lon="134.1058706">
      <ele>303.926</ele>
    </trkpt>
    <trkpt lat="-18.9065623" lon="134.105967">
      <ele>304.948</ele>
    </trkpt>
    <trkpt lat="-18.9066399" lon="134.1062348">
      <ele>307.03</ele>
    </trkpt>
    <trkpt lat="-18.9068722" lon="134.1070371">
      <ele>312.927</ele>
    </trkpt>
    <trkpt lat="-18.9070808" lon="134.1078808">
      <ele>316.011</ele>
    </trkpt>
    <trkpt lat="-18.9071131" lon="134.1080113">
      <ele>315.966</ele>
    </trkpt>
    <trkpt lat="-18.9071742" lon="134.1082481">
      <ele>316.693</ele>
    </trkpt>
    <trkpt lat="-18.9072215" lon="134.1084315">
      <ele>317.705</ele>
    </trkpt>
    <trkpt lat="-18.9072689" lon="134.1086149">
      <ele>319.034</ele>
    </trkpt>
    <trkpt lat="-18.9073163" lon="134.1087983">
      <ele>321.032</ele>
    </trkpt>
    <trkpt lat="-18.9073188" lon="134.1088081">
      <ele>321.158</ele>
    </trkpt>
    <trkpt lat="-18.9075096" lon="134.1093431">
      <ele>322.116</ele>
    </trkpt>
    <trkpt lat="-18.9077045" lon="134.1098295">
      <ele>321.386</ele>
    </trkpt>
    <trkpt lat="-18.9077163" lon="134.1098574">
      <ele>321.487</ele>
    </trkpt>
    <trkpt lat="-18.9077899" lon="134.1100309">
      <ele>322.068</ele>
    </trkpt>
    <trkpt lat="-18.9078634" lon="134.1102044">
      <ele>322.428</ele>
    </trkpt>
    <trkpt lat="-18.9078913" lon="134.1102701">
      <ele>322.564</ele>
    </trkpt>
    <trkpt lat="-18.907943" lon="134.1103748">
      <ele>322.896</ele>
    </trkpt>
    <trkpt lat="-18.9080834" lon="134.1106593">
      <ele>323.436</ele>
    </trkpt>
    <trkpt lat="-18.9082703" lon="134.1110521">
      <ele>327.759</ele>
    </trkpt>
    <trkpt lat="-18.9083203" lon="134.1111571">
      <ele>328.969</ele>
    </trkpt>
    <trkpt lat="-18.9084949" lon="134.1114289">
      <ele>327.776</ele>
    </trkpt>
    <trkpt lat="-18.9088481" lon="134.1119439">
      <ele>327.853</ele>
    </trkpt>
    <trkpt lat="-18.9092595" lon="134.1124489">
      <ele>328.694</ele>
    </trkpt>
    <trkpt lat="-18.9096068" lon="134.1128351">
      <ele>332.501</ele>
    </trkpt>
    <trkpt lat="-18.9097521" lon="134.1129968">
      <ele>331.954</ele>
    </trkpt>
    <trkpt lat="-18.9101392" lon="134.113363">
      <ele>331.842</ele>
    </trkpt>
    <trkpt lat="-18.9106088" lon="134.1137621">
      <ele>332.84</ele>
    </trkpt>
    <trkpt lat="-18.9109106" lon="134.1139681">
      <ele>334.271</ele>
    </trkpt>
    <trkpt lat="-18.9113382" lon="134.1142671">
      <ele>334.865</ele>
    </trkpt>
    <trkpt lat="-18.9117607" lon="134.1145357">
      <ele>332.556</ele>
    </trkpt>
    <trkpt lat="-18.9118918" lon="134.114619">
      <ele>332.93</ele>
    </trkpt>
    <trkpt lat="-18.911916" lon="134.1146313">
      <ele>332.966</ele>
    </trkpt>
    <trkpt lat="-18.9122572" lon="134.114805">
      <ele>335.038</ele>
    </trkpt>
    <trkpt lat="-18.9126523" lon="134.1150024">
      <ele>336.009</ele>
    </trkpt>
    <trkpt lat="-18.9127312" lon="134.1150315">
      <ele>336.113</ele>
    </trkpt>
    <trkpt lat="-18.912901" lon="134.1150942">
      <ele>337.076</ele>
    </trkpt>
    <trkpt lat="-18.9130708" lon="134.1151569">
      <ele>338.079</ele>
    </trkpt>
    <trkpt lat="-18.9131328" lon="134.1151798">
      <ele>338.376</ele>
    </trkpt>
    <trkpt lat="-18.9134119" lon="134.1152778">
      <ele>338.717</ele>
    </trkpt>
    <trkpt lat="-18.9135442" lon="134.1153243">
      <ele>338.241</ele>
    </trkpt>
    <trkpt lat="-18.913583" lon="134.1153363">
      <ele>338.101</ele>
    </trkpt>
    <trkpt lat="-18.9139251" lon="134.115442">
      <ele>338.182</ele>
    </trkpt>
    <trkpt lat="-18.9143488" lon="134.1155646">
      <ele>336.989</ele>
    </trkpt>
    <trkpt lat="-18.9147844" lon="134.1156583">
      <ele>333.881</ele>
    </trkpt>
    <trkpt lat="-18.9152216" lon="134.1157264">
      <ele>335.903</ele>
    </trkpt>
    <trkpt lat="-18.9153376" lon="134.1157383">
      <ele>336.599</ele>
    </trkpt>
    <trkpt lat="-18.9157912" lon="134.115785">
      <ele>340.997</ele>
    </trkpt>
    <trkpt lat="-18.9166534" lon="134.1159147">
      <ele>336.924</ele>
    </trkpt>
    <trkpt lat="-18.9174394" lon="134.1160228">
      <ele>342.702</ele>
    </trkpt>
    <trkpt lat="-18.9176566" lon="134.116052">
      <ele>342.64</ele>
    </trkpt>
    <trkpt lat="-18.917835" lon="134.116076">
      <ele>342.389</ele>
    </trkpt>
    <trkpt lat="-18.9183525" lon="134.1161457">
      <ele>340.566</ele>
    </trkpt>
    <trkpt lat="-18.9194399" lon="134.1162999">
      <ele>341.978</ele>
    </trkpt>
    <trkpt lat="-18.9199012" lon="134.1163653">
      <ele>341.356</ele>
    </trkpt>
    <trkpt lat="-18.920509" lon="134.1164556">
      <ele>340.527</ele>
    </trkpt>
    <trkpt lat="-18.9213351" lon="134.1165784">
      <ele>341.621</ele>
    </trkpt>
    <trkpt lat="-18.9223195" lon="134.116775">
      <ele>342.703</ele>
    </trkpt>
    <trkpt lat="-18.9228087" lon="134.1168947">
      <ele>342.654</ele>
    </trkpt>
    <trkpt lat="-18.9229839" lon="134.1169376">
      <ele>343.741</ele>
    </trkpt>
    <trkpt lat="-18.9229892" lon="134.1169389">
      <ele>343.762</ele>
    </trkpt>
    <trkpt lat="-18.9235736" lon="134.117111">
      <ele>344.855</ele>
    </trkpt>
    <trkpt lat="-18.9240195" lon="134.1172584">
      <ele>343.462</ele>
    </trkpt>
    <trkpt lat="-18.9243628" lon="134.1173719">
      <ele>345.571</ele>
    </trkpt>
    <trkpt lat="-18.9245998" lon="134.1174502">
      <ele>345.34</ele>
    </trkpt>
    <trkpt lat="-18.9258818" lon="134.1178697">
      <ele>346.128</ele>
    </trkpt>
    <trkpt lat="-18.9271777" lon="134.1183367">
      <ele>347.976</ele>
    </trkpt>
    <trkpt lat="-18.9276125" lon="134.1184887">
      <ele>346.703</ele>
    </trkpt>
    <trkpt lat="-18.9277833" lon="134.1185484">
      <ele>346.237</ele>
    </trkpt>
    <trkpt lat="-18.9279466" lon="134.1186055">
      <ele>346.603</ele>
    </trkpt>
    <trkpt lat="-18.9279541" lon="134.1186079">
      <ele>346.632</ele>
    </trkpt>
    <trkpt lat="-18.9287465" lon="134.1188562">
      <ele>349.335</ele>
    </trkpt>
    <trkpt lat="-18.9294332" lon="134.1190529">
      <ele>347.836</ele>
    </trkpt>
    <trkpt lat="-18.9295122" lon="134.1190711">
      <ele>347.444</ele>
    </trkpt>
    <trkpt lat="-18.9296879" lon="134.1191115">
      <ele>346.521</ele>
    </trkpt>
    <trkpt lat="-18.9296967" lon="134.1191135">
      <ele>346.475</ele>
    </trkpt>
    <trkpt lat="-18.9298623" lon="134.119158">
      <ele>346.551</ele>
    </trkpt>
    <trkpt lat="-18.9300749" lon="134.1192151">
      <ele>347.095</ele>
    </trkpt>
    <trkpt lat="-18.9306733" lon="134.1193479">
      <ele>345.995</ele>
    </trkpt>
    <trkpt lat="-18.9313925" lon="134.1194953">
      <ele>344.181</ele>
    </trkpt>
    <trkpt lat="-18.9322017" lon="134.1196199">
      <ele>341.074</ele>
    </trkpt>
    <trkpt lat="-18.9328697" lon="134.1197336">
      <ele>343.642</ele>
    </trkpt>
    <trkpt lat="-18.9330473" lon="134.1197638">
      <ele>343.025</ele>
    </trkpt>
    <trkpt lat="-18.9332248" lon="134.119794">
      <ele>343.315</ele>
    </trkpt>
    <trkpt lat="-18.9333085" lon="134.1198083">
      <ele>343.564</ele>
    </trkpt>
    <trkpt lat="-18.933936" lon="134.1199096">
      <ele>344.45</ele>
    </trkpt>
    <trkpt lat="-18.9341138" lon="134.1199383">
      <ele>345.979</ele>
    </trkpt>
    <trkpt lat="-18.9344462" lon="134.1199919">
      <ele>349.041</ele>
    </trkpt>
    <trkpt lat="-18.9351515" lon="134.1201017">
      <ele>351.878</ele>
    </trkpt>
    <trkpt lat="-18.9361141" lon="134.120259">
      <ele>347.157</ele>
    </trkpt>
    <trkpt lat="-18.9367828" lon="134.1203542">
      <ele>352.836</ele>
    </trkpt>
    <trkpt lat="-18.9369201" lon="134.1203737">
      <ele>353.825</ele>
    </trkpt>
    <trkpt lat="-18.9369609" lon="134.1203804">
      <ele>353.985</ele>
    </trkpt>
    <trkpt lat="-18.9371387" lon="134.1204096">
      <ele>353.964</ele>
    </trkpt>
    <trkpt lat="-18.9373164" lon="134.1204387">
      <ele>353.873</ele>
    </trkpt>
    <trkpt lat="-18.9374942" lon="134.1204678">
      <ele>353.75</ele>
    </trkpt>
    <trkpt lat="-18.9375402" lon="134.1204753">
      <ele>353.597</ele>
    </trkpt>
    <trkpt lat="-18.9376702" lon="134.1205066">
      <ele>353.178</ele>
    </trkpt>
    <trkpt lat="-18.9378192" lon="134.1205425">
      <ele>352.575</ele>
    </trkpt>
    <trkpt lat="-18.9383555" lon="134.1206523">
      <ele>351.125</ele>
    </trkpt>
    <trkpt lat="-18.9385525" lon="134.1206901">
      <ele>352.242</ele>
    </trkpt>
    <trkpt lat="-18.9386547" lon="134.1207097">
      <ele>353.048</ele>
    </trkpt>
    <trkpt lat="-18.9389011" lon="134.1207621">
      <ele>355.51</ele>
    </trkpt>
    <trkpt lat="-18.9389055" lon="134.1207633">
      <ele>355.526</ele>
    </trkpt>
    <trkpt lat="-18.9390798" lon="134.12081">
      <ele>355.947</ele>
    </trkpt>
    <trkpt lat="-18.9392542" lon="134.1208567">
      <ele>356.0</ele>
    </trkpt>
    <trkpt lat="-18.9394285" lon="134.1209034">
      <ele>356.0</ele>
    </trkpt>
    <trkpt lat="-18.9394576" lon="134.1209112">
      <ele>355.973</ele>
    </trkpt>
    <trkpt lat="-18.9397741" lon="134.1210091">
      <ele>354.666</ele>
    </trkpt>
    <trkpt lat="-18.940014" lon="134.1210833">
      <ele>354.145</ele>
    </trkpt>
    <trkpt lat="-18.9402909" lon="134.1211731">
      <ele>354.659</ele>
    </trkpt>
    <trkpt lat="-18.9406348" lon="134.1212846">
      <ele>356.768</ele>
    </trkpt>
    <trkpt lat="-18.9408067" lon="134.1213404">
      <ele>357.237</ele>
    </trkpt>
    <trkpt lat="-18.9408526" lon="134.1213553">
      <ele>357.294</ele>
    </trkpt>
    <trkpt lat="-18.9413149" lon="134.1215322">
      <ele>357.209</ele>
    </trkpt>
    <trkpt lat="-18.9415036" lon="134.1216044">
      <ele>357.039</ele>
    </trkpt>
    <trkpt lat="-18.941654" lon="134.1216588">
      <ele>356.974</ele>
    </trkpt>
    <trkpt lat="-18.9418242" lon="134.1217204">
      <ele>357.747</ele>
    </trkpt>
    <trkpt lat="-18.9423143" lon="134.1218978">
      <ele>355.565</ele>
    </trkpt>
    <trkpt lat="-18.9426382" lon="134.1220289">
      <ele>353.345</ele>
    </trkpt>
    <trkpt lat="-18.9430955" lon="134.1222157">
      <ele>354.839</ele>
    </trkpt>
    <trkpt lat="-18.9434892" lon="134.1223566">
      <ele>351.775</ele>
    </trkpt>
    <trkpt lat="-18.9438782" lon="134.1225221">
      <ele>350.882</ele>
    </trkpt>
    <trkpt lat="-18.9442425" lon="134.1227024">
      <ele>351.15</ele>
    </trkpt>
    <trkpt lat="-18.9445943" lon="134.1228859">
      <ele>353.439</ele>
    </trkpt>
    <trkpt lat="-18.9451012" lon="134.123217">
      <ele>353.109</ele>
    </trkpt>
    <trkpt lat="-18.9454254" lon="134.1234639">
      <ele>351.22</ele>
    </trkpt>
    <trkpt lat="-18.9455181" lon="134.1235316">
      <ele>351.096</ele>
    </trkpt>
    <trkpt lat="-18.9460777" lon="134.1240101">
      <ele>348.811</ele>
    </trkpt>
    <trkpt lat="-18.9466893" lon="134.1246295">
      <ele>345.272</ele>
    </trkpt>
    <trkpt lat="-18.9473005" lon="134.1253336">
      <ele>345.177</ele>
    </trkpt>
    <trkpt lat="-18.9477516" lon="134.1258642">
      <ele>347.367</ele>
    </trkpt>
    <trkpt lat="-18.9479065" lon="134.1260564">
      <ele>345.251</ele>
    </trkpt>
    <trkpt lat="-18.9483693" lon="134.1265936">
      <ele>346.866</ele>
    </trkpt>
    <trkpt lat="-18.9487112" lon="134.1269878">
      <ele>348.123</ele>
    </trkpt>
    <trkpt lat="-18.9491769" lon="134.1274633">
      <ele>345.164</ele>
    </trkpt>
    <trkpt lat="-18.9495413" lon="134.1277803">
      <ele>344.639</ele>
    </trkpt>
    <trkpt lat="-18.9498842" lon="134.1280576">
      <ele>343.43</ele>
    </trkpt>
    <trkpt lat="-18.9501728" lon="134.1282706">
      <ele>345.463</ele>
    </trkpt>
    <trkpt lat="-18.9504376" lon="134.1284631">
      <ele>346.038</ele>
    </trkpt>
    <trkpt lat="-18.9505857" lon="134.1285709">
      <ele>345.104</ele>
    </trkpt>
    <trkpt lat="-18.950704" lon="134.1286569">
      <ele>343.272</ele>
    </trkpt>
    <trkpt lat="-18.9511508" lon="134.1289392">
      <ele>340.871</ele>
    </trkpt>
    <trkpt lat="-18.9515837" lon="134.129173">
      <ele>343.396</ele>
    </trkpt>
    <trkpt lat="-18.9521327" lon="134.1294266">
      <ele>346.807</ele>
    </trkpt>
    <trkpt lat="-18.9527145" lon="134.1297188">
      <ele>342.596</ele>
    </trkpt>
    <trkpt lat="-18.9530602" lon="134.1298793">
      <ele>341.59</ele>
    </trkpt>
    <trkpt lat="-18.9533093" lon="134.1299817">
      <ele>338.482</ele>
    </trkpt>
    <trkpt lat="-18.9536563" lon="134.1301435">
      <ele>337.73</ele>
    </trkpt>
    <trkpt lat="-18.9538209" lon="134.1302202">
      <ele>338.561</ele>
    </trkpt>
    <trkpt lat="-18.9544133" lon="134.1304964">
      <ele>339.213</ele>
    </trkpt>
    <trkpt lat="-18.9553023" lon="134.13091">
      <ele>339.384</ele>
    </trkpt>
    <trkpt lat="-18.955467" lon="134.1309867">
      <ele>338.591</ele>
    </trkpt>
    <trkpt lat="-18.9556175" lon="134.1310567">
      <ele>338.196</ele>
    </trkpt>
    <trkpt lat="-18.9563309" lon="134.1314011">
      <ele>336.714</ele>
    </trkpt>
    <trkpt lat="-18.9568461" lon="134.1316497">
      <ele>335.101</ele>
    </trkpt>
    <trkpt lat="-18.9572311" lon="134.1318385">
      <ele>336.027</ele>
    </trkpt>
    <trkpt lat="-18.9576786" lon="134.1319972">
      <ele>338.19</ele>
    </trkpt>
    <trkpt lat="-18.9587419" lon="134.1324973">
      <ele>334.932</ele>
    </trkpt>
    <trkpt lat="-18.9589753" lon="134.132603">
      <ele>336.587</ele>
    </trkpt>
    <trkpt lat="-18.9604669" lon="134.1333132">
      <ele>333.753</ele>
    </trkpt>
    <trkpt lat="-18.9615419" lon="134.1337937">
      <ele>331.598</ele>
    </trkpt>
    <trkpt lat="-18.962409" lon="134.1342224">
      <ele>326.187</ele>
    </trkpt>
    <trkpt lat="-18.9632817" lon="134.134618">
      <ele>328.558</ele>
    </trkpt>
    <trkpt lat="-18.9640159" lon="134.1349323">
      <ele>324.265</ele>
    </trkpt>
    <trkpt lat="-18.9641826" lon="134.1350036">
      <ele>324.141</ele>
    </trkpt>
    <trkpt lat="-18.9642539" lon="134.1350341">
      <ele>324.874</ele>
    </trkpt>
    <trkpt lat="-18.9648234" lon="134.1353063">
      <ele>328.43</ele>
    </trkpt>
    <trkpt lat="-18.9656693" lon="134.1356803">
      <ele>325.062</ele>
    </trkpt>
    <trkpt lat="-18.9661672" lon="134.1359004">
      <ele>324.654</ele>
    </trkpt>
    <trkpt lat="-18.9680142" lon="134.1367171">
      <ele>320.973</ele>
    </trkpt>
    <trkpt lat="-18.9687659" lon="134.1370624">
      <ele>316.558</ele>
    </trkpt>
    <trkpt lat="-18.9692876" lon="134.1373603">
      <ele>317.913</ele>
    </trkpt>
    <trkpt lat="-18.9697928" lon="134.1376242">
      <ele>313.632</ele>
    </trkpt>
    <trkpt lat="-18.9702685" lon="134.1378426">
      <ele>313.967</ele>
    </trkpt>
    <trkpt lat="-18.9704335" lon="134.1379184">
      <ele>314.837</ele>
    </trkpt>
    <trkpt lat="-18.9709823" lon="134.1381703">
      <ele>314.365</ele>
    </trkpt>
    <trkpt lat="-18.9715377" lon="134.1384742">
      <ele>313.3</ele>
    </trkpt>
    <trkpt lat="-18.9720747" lon="134.138794">
      <ele>312.675</ele>
    </trkpt>
    <trkpt lat="-18.9726057" lon="134.1391257">
      <ele>311.888</ele>
    </trkpt>
    <trkpt lat="-18.9726576" lon="134.1391606">
      <ele>312.141</ele>
    </trkpt>
    <trkpt lat="-18.9731304" lon="134.1394789">
      <ele>312.192</ele>
    </trkpt>
    <trkpt lat="-18.9736425" lon="134.1398519">
      <ele>309.107</ele>
    </trkpt>
    <trkpt lat="-18.973987" lon="134.1401352">
      <ele>310.685</ele>
    </trkpt>
    <trkpt lat="-18.9749796" lon="134.1409513">
      <ele>309.077</ele>
    </trkpt>
    <trkpt lat="-18.9754705" lon="134.1413154">
      <ele>306.306</ele>
    </trkpt>
    <trkpt lat="-18.9760043" lon="134.1416715">
      <ele>307.234</ele>
    </trkpt>
    <trkpt lat="-18.9765633" lon="134.1419916">
      <ele>308.043</ele>
    </trkpt>
    <trkpt lat="-18.9771395" lon="134.1422661">
      <ele>305.46</ele>
    </trkpt>
    <trkpt lat="-18.9772431" lon="134.1423021">
      <ele>304.382</ele>
    </trkpt>
    <trkpt lat="-18.9774567" lon="134.1423895">
      <ele>302.5</ele>
    </trkpt>
    <trkpt lat="-18.9777523" lon="134.1424958">
      <ele>302.908</ele>
    </trkpt>
    <trkpt lat="-18.9783231" lon="134.1426671">
      <ele>305.181</ele>
    </trkpt>
    <trkpt lat="-18.9789489" lon="134.1428114">
      <ele>300.637</ele>
    </trkpt>
    <trkpt lat="-18.9793768" lon="134.1428778">
      <ele>299.28</ele>
    </trkpt>
    <trkpt lat="-18.9795704" lon="134.1429078">
      <ele>298.823</ele>
    </trkpt>
    <trkpt lat="-18.9799136" lon="134.1429311">
      <ele>298.828</ele>
    </trkpt>
    <trkpt lat="-18.9802041" lon="134.1429509">
      <ele>299.096</ele>
    </trkpt>
    <trkpt lat="-18.9808272" lon="134.1429624">
      <ele>302.949</ele>
    </trkpt>
    <trkpt lat="-18.9814569" lon="134.1429204">
      <ele>300.659</ele>
    </trkpt>
    <trkpt lat="-18.9836654" lon="134.14258">
      <ele>305.433</ele>
    </trkpt>
    <trkpt lat="-18.9866912" lon="134.1421137">
      <ele>294.605</ele>
    </trkpt>
    <trkpt lat="-18.9872251" lon="134.1420314">
      <ele>293.381</ele>
    </trkpt>
    <trkpt lat="-18.9874031" lon="134.142004">
      <ele>294.083</ele>
    </trkpt>
    <trkpt lat="-18.9875811" lon="134.1419766">
      <ele>294.428</ele>
    </trkpt>
    <trkpt lat="-18.988827" lon="134.1417846">
      <ele>294.508</ele>
    </trkpt>
    <trkpt lat="-18.989005" lon="134.1417572">
      <ele>295.238</ele>
    </trkpt>
    <trkpt lat="-18.9891829" lon="134.1417298">
      <ele>296.39</ele>
    </trkpt>
    <trkpt lat="-18.9893609" lon="134.1417023">
      <ele>297.404</ele>
    </trkpt>
    <trkpt lat="-18.9895389" lon="134.1416749">
      <ele>297.951</ele>
    </trkpt>
    <trkpt lat="-18.9897169" lon="134.1416474">
      <ele>297.931</ele>
    </trkpt>
    <trkpt lat="-18.9898949" lon="134.14162">
      <ele>297.832</ele>
    </trkpt>
    <trkpt lat="-18.9902508" lon="134.1415651">
      <ele>298.537</ele>
    </trkpt>
    <trkpt lat="-18.9916747" lon="134.1413456">
      <ele>304.189</ele>
    </trkpt>
    <trkpt lat="-18.9918527" lon="134.1413182">
      <ele>305.095</ele>
    </trkpt>
    <trkpt lat="-18.9920307" lon="134.1412908">
      <ele>304.976</ele>
    </trkpt>
    <trkpt lat="-18.9922087" lon="134.1412634">
      <ele>303.571</ele>
    </trkpt>
    <trkpt lat="-18.9927426" lon="134.1411811">
      <ele>300.001</ele>
    </trkpt>
    <trkpt lat="-18.9930514" lon="134.1411335">
      <ele>299.014</ele>
    </trkpt>
    <trkpt lat="-18.9937015" lon="134.1410215">
      <ele>301.323</ele>
    </trkpt>
    <trkpt lat="-18.9943518" lon="134.1408901">
      <ele>299.599</ele>
    </trkpt>
    <trkpt lat="-18.9949797" lon="134.140729">
      <ele>298.0</ele>
    </trkpt>
    <trkpt lat="-18.9950371" lon="134.140713">
      <ele>297.942</ele>
    </trkpt>
    <trkpt lat="-18.9956105" lon="134.1405535">
      <ele>299.811</ele>
    </trkpt>
    <trkpt lat="-18.9962425" lon="134.1403356">
      <ele>298.584</ele>
    </trkpt>
    <trkpt lat="-18.9965837" lon="134.1402105">
      <ele>301.903</ele>
    </trkpt>
    <trkpt lat="-18.9969163" lon="134.1400886">
      <ele>305.879</ele>
    </trkpt>
    <trkpt lat="-19.0004176" lon="134.1385685">
      <ele>303.266</ele>
    </trkpt>
    <trkpt lat="-19.0007504" lon="134.138424">
      <ele>299.534</ele>
    </trkpt>
    <trkpt lat="-19.0009168" lon="134.1383518">
      <ele>296.992</ele>
    </trkpt>
    <trkpt lat="-19.0010832" lon="134.1382795">
      <ele>295.907</ele>
    </trkpt>
    <trkpt lat="-19.0012496" lon="134.1382072">
      <ele>296.543</ele>
    </trkpt>
    <trkpt lat="-19.001416" lon="134.138135">
      <ele>297.481</ele>
    </trkpt>
    <trkpt lat="-19.0034126" lon="134.1372681">
      <ele>304.764</ele>
    </trkpt>
    <trkpt lat="-19.003579" lon="134.1371958">
      <ele>304.905</ele>
    </trkpt>
    <trkpt lat="-19.0037454" lon="134.1371236">
      <ele>304.162</ele>
    </trkpt>
    <trkpt lat="-19.0046033" lon="134.1367511">
      <ele>303.168</ele>
    </trkpt>
    <trkpt lat="-19.0052041" lon="134.1365281">
      <ele>299.266</ele>
    </trkpt>
    <trkpt lat="-19.0058089" lon="134.1363493">
      <ele>299.925</ele>
    </trkpt>
    <trkpt lat="-19.006411" lon="134.1362205">
      <ele>302.889</ele>
    </trkpt>
    <trkpt lat="-19.0070457" lon="134.1361368">
      <ele>299.762</ele>
    </trkpt>
    <trkpt lat="-19.0076605" lon="134.1361">
      <ele>297.731</ele>
    </trkpt>
    <trkpt lat="-19.0082799" lon="134.1360996">
      <ele>298.607</ele>
    </trkpt>
    <trkpt lat="-19.0088137" lon="134.136135">
      <ele>299.145</ele>
    </trkpt>
    <trkpt lat="-19.0088698" lon="134.1361387">
      <ele>298.884</ele>
    </trkpt>
    <trkpt lat="-19.0095261" lon="134.1362401">
      <ele>294.586</ele>
    </trkpt>
    <trkpt lat="-19.0123737" lon="134.1366802">
      <ele>297.43</ele>
    </trkpt>
    <trkpt lat="-19.0149133" lon="134.1370726">
      <ele>293.48</ele>
    </trkpt>
    <trkpt lat="-19.015389" lon="134.1371588">
      <ele>293.709</ele>
    </trkpt>
    <trkpt lat="-19.0157214" lon="134.1372444">
      <ele>295.048</ele>
    </trkpt>
    <trkpt lat="-19.0164686" lon="134.1374586">
      <ele>296.786</ele>
    </trkpt>
    <trkpt lat="-19.0171453" lon="134.1376889">
      <ele>297.957</ele>
    </trkpt>
    <trkpt lat="-19.0178143" lon="134.1379722">
      <ele>296.692</ele>
    </trkpt>
    <trkpt lat="-19.0184776" lon="134.1382927">
      <ele>297.407</ele>
    </trkpt>
    <trkpt lat="-19.0197646" lon="134.1390087">
      <ele>298.553</ele>
    </trkpt>
    <trkpt lat="-19.020489" lon="134.1394117">
      <ele>293.907</ele>
    </trkpt>
    <trkpt lat="-19.0234763" lon="134.1411029">
      <ele>292.53</ele>
    </trkpt>
    <trkpt lat="-19.0239195" lon="134.1413144">
      <ele>294.353</ele>
    </trkpt>
    <trkpt lat="-19.0242163" lon="134.1414764">
      <ele>294.508</ele>
    </trkpt>
    <trkpt lat="-19.0244075" lon="134.1415653">
      <ele>294.954</ele>
    </trkpt>
    <trkpt lat="-19.0250727" lon="134.1419645">
      <ele>296.883</ele>
    </trkpt>
    <trkpt lat="-19.025919" lon="134.1424128">
      <ele>296.064</ele>
    </trkpt>
    <trkpt lat="-19.0276733" lon="134.1433704">
      <ele>295.757</ele>
    </trkpt>
    <trkpt lat="-19.029599" lon="134.1444399">
      <ele>292.384</ele>
    </trkpt>
    <trkpt lat="-19.0297582" lon="134.1445283">
      <ele>291.349</ele>
    </trkpt>
    <trkpt lat="-19.0299174" lon="134.1446167">
      <ele>292.672</ele>
    </trkpt>
    <trkpt lat="-19.0301532" lon="134.1447476">
      <ele>295.379</ele>
    </trkpt>
    <trkpt lat="-19.0328751" lon="134.1462594">
      <ele>303.582</ele>
    </trkpt>
    <trkpt lat="-19.0348755" lon="134.1473705">
      <ele>301.896</ele>
    </trkpt>
    <trkpt lat="-19.0353856" lon="134.1476467">
      <ele>302.593</ele>
    </trkpt>
    <trkpt lat="-19.0355713" lon="134.1477472">
      <ele>303.953</ele>
    </trkpt>
    <trkpt lat="-19.0356546" lon="134.1477923">
      <ele>304.375</ele>
    </trkpt>
    <trkpt lat="-19.0358147" lon="134.147879">
      <ele>305.273</ele>
    </trkpt>
    <trkpt lat="-19.0359748" lon="134.1479657">
      <ele>306.351</ele>
    </trkpt>
    <trkpt lat="-19.0368432" lon="134.1484359">
      <ele>305.902</ele>
    </trkpt>
    <trkpt lat="-19.0381561" lon="134.1491014">
      <ele>304.109</ele>
    </trkpt>
    <trkpt lat="-19.0385587" lon="134.1493055">
      <ele>305.312</ele>
    </trkpt>
    <trkpt lat="-19.0387209" lon="134.1493877">
      <ele>305.914</ele>
    </trkpt>
    <trkpt lat="-19.0388831" lon="134.14947">
      <ele>307.05</ele>
    </trkpt>
    <trkpt lat="-19.0408295" lon="134.1504568">
      <ele>307.047</ele>
    </trkpt>
    <trkpt lat="-19.0409917" lon="134.150539">
      <ele>307.319</ele>
    </trkpt>
    <trkpt lat="-19.0413161" lon="134.1507035">
      <ele>308.756</ele>
    </trkpt>
    <trkpt lat="-19.0414783" lon="134.1507857">
      <ele>309.37</ele>
    </trkpt>
    <trkpt lat="-19.0415623" lon="134.1508283">
      <ele>309.905</ele>
    </trkpt>
    <trkpt lat="-19.0443978" lon="134.152266">
      <ele>304.0</ele>
    </trkpt>
    <trkpt lat="-19.04456" lon="134.1523482">
      <ele>304.643</ele>
    </trkpt>
    <trkpt lat="-19.0457041" lon="134.1529282">
      <ele>305.748</ele>
    </trkpt>
    <trkpt lat="-19.046428" lon="134.1532789">
      <ele>313.196</ele>
    </trkpt>
    <trkpt lat="-19.0464999" lon="134.1533112">
      <ele>313.08</ele>
    </trkpt>
    <trkpt lat="-19.0473056" lon="134.1536283">
      <ele>309.4</ele>
    </trkpt>
    <trkpt lat="-19.0487037" lon="134.1541271">
      <ele>312.571</ele>
    </trkpt>
    <trkpt lat="-19.0513085" lon="134.1550565">
      <ele>309.434</ele>
    </trkpt>
    <trkpt lat="-19.0519092" lon="134.1553071">
      <ele>309.43</ele>
    </trkpt>
    <trkpt lat="-19.0544925" lon="134.1565182">
      <ele>310.788</ele>
    </trkpt>
    <trkpt lat="-19.0545611" lon="134.1565503">
      <ele>311.083</ele>
    </trkpt>
    <trkpt lat="-19.0547255" lon="134.1566274">
      <ele>311.987</ele>
    </trkpt>
    <trkpt lat="-19.0548214" lon="134.1566724">
      <ele>311.65</ele>
    </trkpt>
    <trkpt lat="-19.0577813" lon="134.1580602">
      <ele>304.979</ele>
    </trkpt>
    <trkpt lat="-19.0579457" lon="134.1581373">
      <ele>304.014</ele>
    </trkpt>
    <trkpt lat="-19.0615634" lon="134.1598336">
      <ele>314.731</ele>
    </trkpt>
    <trkpt lat="-19.0617278" lon="134.1599107">
      <ele>315.458</ele>
    </trkpt>
    <trkpt lat="-19.0621253" lon="134.160097">
      <ele>315.926</ele>
    </trkpt>
    <trkpt lat="-19.0622897" lon="134.1601741">
      <ele>317.214</ele>
    </trkpt>
    <trkpt lat="-19.0623856" lon="134.1602191">
      <ele>318.079</ele>
    </trkpt>
    <trkpt lat="-19.0624541" lon="134.1602513">
      <ele>318.628</ele>
    </trkpt>
    <trkpt lat="-19.06255" lon="134.1602962">
      <ele>318.652</ele>
    </trkpt>
    <trkpt lat="-19.0626186" lon="134.1603283">
      <ele>318.224</ele>
    </trkpt>
    <trkpt lat="-19.0628789" lon="134.1604504">
      <ele>317.12</ele>
    </trkpt>
    <trkpt lat="-19.0630433" lon="134.1605275">
      <ele>316.847</ele>
    </trkpt>
    <trkpt lat="-19.0646524" lon="134.161282">
      <ele>315.23</ele>
    </trkpt>
    <trkpt lat="-19.0647025" lon="134.1613055">
      <ele>315.4</ele>
    </trkpt>
    <trkpt lat="-19.0685354" lon="134.1631114">
      <ele>319.543</ele>
    </trkpt>
    <trkpt lat="-19.0686311" lon="134.1631565">
      <ele>319.422</ele>
    </trkpt>
    <trkpt lat="-19.0694527" lon="134.1635436">
      <ele>311.485</ele>
    </trkpt>
    <trkpt lat="-19.0699456" lon="134.1637759">
      <ele>312.379</ele>
    </trkpt>
    <trkpt lat="-19.0701099" lon="134.1638533">
      <ele>313.443</ele>
    </trkpt>
    <trkpt lat="-19.0701784" lon="134.1638856">
      <ele>313.95</ele>
    </trkpt>
    <trkpt lat="-19.070556" lon="134.1640635">
      <ele>316.002</ele>
    </trkpt>
    <trkpt lat="-19.0711107" lon="134.1643776">
      <ele>318.24</ele>
    </trkpt>
    <trkpt lat="-19.0712308" lon="134.164457">
      <ele>317.955</ele>
    </trkpt>
    <trkpt lat="-19.0712943" lon="134.164499">
      <ele>317.804</ele>
    </trkpt>
    <trkpt lat="-19.0714469" lon="134.1645999">
      <ele>317.741</ele>
    </trkpt>
    <trkpt lat="-19.0716521" lon="134.1647354">
      <ele>317.997</ele>
    </trkpt>
    <trkpt lat="-19.0718934" lon="134.1649199">
      <ele>318.947</ele>
    </trkpt>
    <trkpt lat="-19.0721426" lon="134.1651106">
      <ele>319.0</ele>
    </trkpt>
    <trkpt lat="-19.0726162" lon="134.165515">
      <ele>319.86</ele>
    </trkpt>
    <trkpt lat="-19.0729402" lon="134.1658421">
      <ele>320.982</ele>
    </trkpt>
    <trkpt lat="-19.0730423" lon="134.1659452">
      <ele>320.616</ele>
    </trkpt>
    <trkpt lat="-19.0730678" lon="134.1659759">
      <ele>320.399</ele>
    </trkpt>
    <trkpt lat="-19.0731174" lon="134.1660355">
      <ele>319.827</ele>
    </trkpt>
    <trkpt lat="-19.0732361" lon="134.1661784">
      <ele>319.342</ele>
    </trkpt>
    <trkpt lat="-19.0733549" lon="134.1663214">
      <ele>320.193</ele>
    </trkpt>
    <trkpt lat="-19.0734443" lon="134.1664291">
      <ele>321.093</ele>
    </trkpt>
    <trkpt lat="-19.0734705" lon="134.166467">
      <ele>321.489</ele>
    </trkpt>
    <trkpt lat="-19.0743658" lon="134.1677668">
      <ele>327.867</ele>
    </trkpt>
    <trkpt lat="-19.0748702" lon="134.1683825">
      <ele>324.906</ele>
    </trkpt>
    <trkpt lat="-19.0749765" lon="134.1684988">
      <ele>324.455</ele>
    </trkpt>
    <trkpt lat="-19.0751016" lon="134.1686356">
      <ele>324.458</ele>
    </trkpt>
    <trkpt lat="-19.0753199" lon="134.1688742">
      <ele>322.15</ele>
    </trkpt>
    <trkpt lat="-19.0757851" lon="134.1692935">
      <ele>334.094</ele>
    </trkpt>
    <trkpt lat="-19.0762625" lon="134.169649">
      <ele>336.21</ele>
    </trkpt>
    <trkpt lat="-19.0766545" lon="134.1699229">
      <ele>336.511</ele>
    </trkpt>
    <trkpt lat="-19.0767617" lon="134.1699977">
      <ele>336.359</ele>
    </trkpt>
    <trkpt lat="-19.0768058" lon="134.1700259">
      <ele>336.268</ele>
    </trkpt>
    <trkpt lat="-19.0773043" lon="134.1703446">
      <ele>335.798</ele>
    </trkpt>
    <trkpt lat="-19.0777568" lon="134.1705612">
      <ele>335.81</ele>
    </trkpt>
    <trkpt lat="-19.0778846" lon="134.1706224">
      <ele>336.58</ele>
    </trkpt>
    <trkpt lat="-19.0781569" lon="134.170741">
      <ele>336.754</ele>
    </trkpt>
    <trkpt lat="-19.0782539" lon="134.1707832">
      <ele>335.956</ele>
    </trkpt>
    <trkpt lat="-19.0783232" lon="134.1708134">
      <ele>335.321</ele>
    </trkpt>
    <trkpt lat="-19.0784415" lon="134.1708649">
      <ele>335.32</ele>
    </trkpt>
    <trkpt lat="-19.0785907" lon="134.1709162">
      <ele>335.905</ele>
    </trkpt>
    <trkpt lat="-19.0789328" lon="134.1710338">
      <ele>342.435</ele>
    </trkpt>
    <trkpt lat="-19.07902" lon="134.1710638">
      <ele>343.861</ele>
    </trkpt>
    <trkpt lat="-19.0798006" lon="134.1712831">
      <ele>343.099</ele>
    </trkpt>
    <trkpt lat="-19.0801483" lon="134.1713808">
      <ele>341.495</ele>
    </trkpt>
    <trkpt lat="-19.0803221" lon="134.1714296">
      <ele>340.558</ele>
    </trkpt>
    <trkpt lat="-19.081279" lon="134.1716985">
      <ele>337.115</ele>
    </trkpt>
    <trkpt lat="-19.0824148" lon="134.1720092">
      <ele>334.704</ele>
    </trkpt>
    <trkpt lat="-19.0828426" lon="134.1721411">
      <ele>334.475</ele>
    </trkpt>
    <trkpt lat="-19.0830153" lon="134.1721944">
      <ele>334.045</ele>
    </trkpt>
    <trkpt lat="-19.0831643" lon="134.1722404">
      <ele>332.851</ele>
    </trkpt>
    <trkpt lat="-19.0831874" lon="134.1722496">
      <ele>332.623</ele>
    </trkpt>
    <trkpt lat="-19.0839054" lon="134.172534">
      <ele>333.223</ele>
    </trkpt>
    <trkpt lat="-19.0848349" lon="134.1730083">
      <ele>327.926</ele>
    </trkpt>
    <trkpt lat="-19.0849969" lon="134.173091">
      <ele>329.958</ele>
    </trkpt>
    <trkpt lat="-19.0850071" lon="134.1730962">
      <ele>330.055</ele>
    </trkpt>
    <trkpt lat="-19.0851605" lon="134.1731702">
      <ele>331.394</ele>
    </trkpt>
    <trkpt lat="-19.0853242" lon="134.1732491">
      <ele>332.864</ele>
    </trkpt>
    <trkpt lat="-19.0854879" lon="134.173328">
      <ele>333.737</ele>
    </trkpt>
    <trkpt lat="-19.0856515" lon="134.1734069">
      <ele>333.297</ele>
    </trkpt>
    <trkpt lat="-19.0860607" lon="134.1736041">
      <ele>332.848</ele>
    </trkpt>
    <trkpt lat="-19.0864759" lon="134.1737869">
      <ele>331.121</ele>
    </trkpt>
    <trkpt lat="-19.0867175" lon="134.1738932">
      <ele>329.969</ele>
    </trkpt>
    <trkpt lat="-19.0873065" lon="134.1741357">
      <ele>328.796</ele>
    </trkpt>
    <trkpt lat="-19.0874176" lon="134.1741814">
      <ele>329.438</ele>
    </trkpt>
    <trkpt lat="-19.0874803" lon="134.1742043">
      <ele>329.877</ele>
    </trkpt>
    <trkpt lat="-19.0886863" lon="134.1746454">
      <ele>330.011</ele>
    </trkpt>
    <trkpt lat="-19.0897078" lon="134.1749617">
      <ele>326.276</ele>
    </trkpt>
    <trkpt lat="-19.0905771" lon="134.1751968">
      <ele>324.246</ele>
    </trkpt>
    <trkpt lat="-19.0907344" lon="134.1752393">
      <ele>323.96</ele>
    </trkpt>
    <trkpt lat="-19.0915476" lon="134.1754205">
      <ele>323.919</ele>
    </trkpt>
    <trkpt lat="-19.0922974" lon="134.1755689">
      <ele>324.799</ele>
    </trkpt>
    <trkpt lat="-19.0930861" lon="134.1757003">
      <ele>328.437</ele>
    </trkpt>
    <trkpt lat="-19.093126" lon="134.175707">
      <ele>328.364</ele>
    </trkpt>
    <trkpt lat="-19.0934069" lon="134.1757412">
      <ele>328.525</ele>
    </trkpt>
    <trkpt lat="-19.09358" lon="134.1757623">
      <ele>329.543</ele>
    </trkpt>
    <trkpt lat="-19.0935856" lon="134.175763">
      <ele>329.576</ele>
    </trkpt>
    <trkpt lat="-19.0937587" lon="134.1757842">
      <ele>329.187</ele>
    </trkpt>
    <trkpt lat="-19.0939166" lon="134.1758034">
      <ele>328.24</ele>
    </trkpt>
    <trkpt lat="-19.0947216" lon="134.1758899">
      <ele>320.003</ele>
    </trkpt>
    <trkpt lat="-19.0954958" lon="134.1759385">
      <ele>321.757</ele>
    </trkpt>
    <trkpt lat="-19.0963409" lon="134.175971">
      <ele>319.094</ele>
    </trkpt>
    <trkpt lat="-19.0971746" lon="134.1759727">
      <ele>318.083</ele>
    </trkpt>
    <trkpt lat="-19.0971907" lon="134.1759727">
      <ele>318.053</ele>
    </trkpt>
    <trkpt lat="-19.0973488" lon="134.1759675">
      <ele>318.034</ele>
    </trkpt>
    <trkpt lat="-19.0975342" lon="134.1759614">
      <ele>317.841</ele>
    </trkpt>
    <trkpt lat="-19.0977083" lon="134.1759556">
      <ele>316.71</ele>
    </trkpt>
    <trkpt lat="-19.097714" lon="134.1759554">
      <ele>316.674</ele>
    </trkpt>
    <trkpt lat="-19.0980242" lon="134.1759452">
      <ele>316.574</ele>
    </trkpt>
    <trkpt lat="-19.098863" lon="134.1759">
      <ele>317.903</ele>
    </trkpt>
    <trkpt lat="-19.0997023" lon="134.17582">
      <ele>321.096</ele>
    </trkpt>
    <trkpt lat="-19.1000452" lon="134.1757774">
      <ele>318.007</ele>
    </trkpt>
    <trkpt lat="-19.1005228" lon="134.1757181">
      <ele>321.237</ele>
    </trkpt>
    <trkpt lat="-19.1011144" lon="134.1756231">
      <ele>323.775</ele>
    </trkpt>
    <trkpt lat="-19.1012922" lon="134.1755946">
      <ele>323.737</ele>
    </trkpt>
    <trkpt lat="-19.1013418" lon="134.1755866">
      <ele>323.704</ele>
    </trkpt>
    <trkpt lat="-19.1021589" lon="134.1754259">
      <ele>322.003</ele>
    </trkpt>
    <trkpt lat="-19.1029515" lon="134.1752469">
      <ele>321.445</ele>
    </trkpt>
    <trkpt lat="-19.1035588" lon="134.1750872">
      <ele>321.745</ele>
    </trkpt>
    <trkpt lat="-19.1037297" lon="134.1750422">
      <ele>321.718</ele>
    </trkpt>
    <trkpt lat="-19.1044909" lon="134.1748193">
      <ele>320.602</ele>
    </trkpt>
    <trkpt lat="-19.1054623" lon="134.1745168">
      <ele>320.712</ele>
    </trkpt>
    <trkpt lat="-19.1070153" lon="134.1740333">
      <ele>318.643</ele>
    </trkpt>
    <trkpt lat="-19.1071878" lon="134.1739796">
      <ele>320.038</ele>
    </trkpt>
    <trkpt lat="-19.1075329" lon="134.1738721">
      <ele>318.751</ele>
    </trkpt>
    <trkpt lat="-19.1102812" lon="134.1730164">
      <ele>314.961</ele>
    </trkpt>
    <trkpt lat="-19.1121241" lon="134.1724194">
      <ele>312.894</ele>
    </trkpt>
    <trkpt lat="-19.1131834" lon="134.1720465">
      <ele>307.831</ele>
    </trkpt>
    <trkpt lat="-19.1140272" lon="134.1717532">
      <ele>304.536</ele>
    </trkpt>
    <trkpt lat="-19.1172675" lon="134.1706039">
      <ele>306.085</ele>
    </trkpt>
    <trkpt lat="-19.117438" lon="134.1705434">
      <ele>303.849</ele>
    </trkpt>
    <trkpt lat="-19.1177791" lon="134.1704224">
      <ele>302.53</ele>
    </trkpt>
    <trkpt lat="-19.1179497" lon="134.1703619">
      <ele>303.541</ele>
    </trkpt>
    <trkpt lat="-19.1181202" lon="134.1703014">
      <ele>304.085</ele>
    </trkpt>
    <trkpt lat="-19.1194845" lon="134.1698175">
      <ele>307.418</ele>
    </trkpt>
    <trkpt lat="-19.1196551" lon="134.169757">
      <ele>306.453</ele>
    </trkpt>
    <trkpt lat="-19.1201419" lon="134.1695843">
      <ele>303.246</ele>
    </trkpt>
    <trkpt lat="-19.1209552" lon="134.1693288">
      <ele>306.089</ele>
    </trkpt>
    <trkpt lat="-19.1218431" lon="134.1690583">
      <ele>306.223</ele>
    </trkpt>
    <trkpt lat="-19.1226695" lon="134.1688348">
      <ele>303.101</ele>
    </trkpt>
    <trkpt lat="-19.1227659" lon="134.1688116">
      <ele>304.162</ele>
    </trkpt>
    <trkpt lat="-19.1231166" lon="134.1687271">
      <ele>307.964</ele>
    </trkpt>
    <trkpt lat="-19.1232926" lon="134.1686847">
      <ele>307.599</ele>
    </trkpt>
    <trkpt lat="-19.1236042" lon="134.168612">
      <ele>307.969</ele>
    </trkpt>
    <trkpt lat="-19.1244128" lon="134.1684427">
      <ele>303.371</ele>
    </trkpt>
    <trkpt lat="-19.1252225" lon="134.1682891">
      <ele>301.43</ele>
    </trkpt>
    <trkpt lat="-19.1259461" lon="134.1681763">
      <ele>294.643</ele>
    </trkpt>
    <trkpt lat="-19.1262371" lon="134.1681309">
      <ele>296.089</ele>
    </trkpt>
    <trkpt lat="-19.1266592" lon="134.1680761">
      <ele>300.989</ele>
    </trkpt>
    <trkpt lat="-19.1268378" lon="134.1680529">
      <ele>301.598</ele>
    </trkpt>
    <trkpt lat="-19.1274155" lon="134.1679779">
      <ele>302.578</ele>
    </trkpt>
    <trkpt lat="-19.1285208" lon="134.1678759">
      <ele>301.555</ele>
    </trkpt>
    <trkpt lat="-19.1297022" lon="134.1678061">
      <ele>302.776</ele>
    </trkpt>
    <trkpt lat="-19.1297052" lon="134.167806">
      <ele>302.795</ele>
    </trkpt>
    <trkpt lat="-19.129885" lon="134.1677994">
      <ele>302.245</ele>
    </trkpt>
    <trkpt lat="-19.1302445" lon="134.1677862">
      <ele>301.882</ele>
    </trkpt>
    <trkpt lat="-19.1325813" lon="134.1677004">
      <ele>304.858</ele>
    </trkpt>
    <trkpt lat="-19.1331914" lon="134.167678">
      <ele>301.32</ele>
    </trkpt>
    <trkpt lat="-19.1404904" lon="134.1674032">
      <ele>300.697</ele>
    </trkpt>
    <trkpt lat="-19.1408499" lon="134.1673897">
      <ele>300.397</ele>
    </trkpt>
    <trkpt lat="-19.1410296" lon="134.1673829">
      <ele>300.422</ele>
    </trkpt>
    <trkpt lat="-19.1413891" lon="134.1673694">
      <ele>299.999</ele>
    </trkpt>
    <trkpt lat="-19.1494779" lon="134.1670649">
      <ele>299.008</ele>
    </trkpt>
    <trkpt lat="-19.1503766" lon="134.1670311">
      <ele>300.889</ele>
    </trkpt>
    <trkpt lat="-19.1514322" lon="134.1669913">
      <ele>298.208</ele>
    </trkpt>
    <trkpt lat="-19.1555894" lon="134.166835">
      <ele>303.424</ele>
    </trkpt>
    <trkpt lat="-19.1591844" lon="134.1666998">
      <ele>303.713</ele>
    </trkpt>
    <trkpt lat="-19.1631389" lon="134.166551">
      <ele>306.992</ele>
    </trkpt>
    <trkpt lat="-19.1658991" lon="134.1664472">
      <ele>305.657</ele>
    </trkpt>
    <trkpt lat="-19.1675169" lon="134.1663864">
      <ele>304.887</ele>
    </trkpt>
    <trkpt lat="-19.1691346" lon="134.1663256">
      <ele>302.456</ele>
    </trkpt>
    <trkpt lat="-19.169427" lon="134.1663146">
      <ele>300.66</ele>
    </trkpt>
    <trkpt lat="-19.1694941" lon="134.1663121">
      <ele>300.503</ele>
    </trkpt>
    <trkpt lat="-19.1696739" lon="134.1663052">
      <ele>300.354</ele>
    </trkpt>
    <trkpt lat="-19.1700334" lon="134.1662916">
      <ele>304.167</ele>
    </trkpt>
    <trkpt lat="-19.1702131" lon="134.1662848">
      <ele>306.886</ele>
    </trkpt>
    <trkpt lat="-19.1703929" lon="134.166278">
      <ele>308.631</ele>
    </trkpt>
    <trkpt lat="-19.1731912" lon="134.166172">
      <ele>312.861</ele>
    </trkpt>
    <trkpt lat="-19.174699" lon="134.1661137">
      <ele>317.072</ele>
    </trkpt>
    <trkpt lat="-19.1761504" lon="134.166059">
      <ele>319.168</ele>
    </trkpt>
    <trkpt lat="-19.1770123" lon="134.1660237">
      <ele>319.391</ele>
    </trkpt>
    <trkpt lat="-19.1775731" lon="134.1660089">
      <ele>321.896</ele>
    </trkpt>
    <trkpt lat="-19.1775829" lon="134.1660089">
      <ele>321.896</ele>
    </trkpt>
    <trkpt lat="-19.1780735" lon="134.1660114">
      <ele>320.729</ele>
    </trkpt>
    <trkpt lat="-19.1781224" lon="134.1660134">
      <ele>320.974</ele>
    </trkpt>
    <trkpt lat="-19.1783022" lon="134.1660208">
      <ele>321.851</ele>
    </trkpt>
    <trkpt lat="-19.1783311" lon="134.166022">
      <ele>321.989</ele>
    </trkpt>
    <trkpt lat="-19.1784817" lon="134.1660318">
      <ele>323.068</ele>
    </trkpt>
    <trkpt lat="-19.178774" lon="134.1660508">
      <ele>323.873</ele>
    </trkpt>
    <trkpt lat="-19.1798277" lon="134.1661668">
      <ele>325.063</ele>
    </trkpt>
    <trkpt lat="-19.1808082" lon="134.1662773">
      <ele>324.91</ele>
    </trkpt>
    <trkpt lat="-19.180987" lon="134.1662975">
      <ele>326.485</ele>
    </trkpt>
    <trkpt lat="-19.1811659" lon="134.1663177">
      <ele>327.484</ele>
    </trkpt>
    <trkpt lat="-19.1813447" lon="134.1663379">
      <ele>326.052</ele>
    </trkpt>
    <trkpt lat="-19.1821215" lon="134.1664254">
      <ele>317.924</ele>
    </trkpt>
    <trkpt lat="-19.1833126" lon="134.1665548">
      <ele>322.046</ele>
    </trkpt>
    <trkpt lat="-19.1836705" lon="134.1665936">
      <ele>320.004</ele>
    </trkpt>
    <trkpt lat="-19.1838494" lon="134.1666131">
      <ele>320.394</ele>
    </trkpt>
    <trkpt lat="-19.1840283" lon="134.1666326">
      <ele>321.636</ele>
    </trkpt>
    <trkpt lat="-19.1842072" lon="134.166652">
      <ele>322.988</ele>
    </trkpt>
    <trkpt lat="-19.1869697" lon="134.166952">
      <ele>319.052</ele>
    </trkpt>
    <trkpt lat="-19.1881434" lon="134.1670811">
      <ele>320.203</ele>
    </trkpt>
    <trkpt lat="-19.188859" lon="134.1671597">
      <ele>318.308</ele>
    </trkpt>
    <trkpt lat="-19.1897536" lon="134.167258">
      <ele>316.226</ele>
    </trkpt>
    <trkpt lat="-19.1899325" lon="134.1672777">
      <ele>317.514</ele>
    </trkpt>
    <trkpt lat="-19.1901542" lon="134.1673021">
      <ele>317.605</ele>
    </trkpt>
    <trkpt lat="-19.1915428" lon="134.1674525">
      <ele>314.37</ele>
    </trkpt>
    <trkpt lat="-19.1922585" lon="134.1675299">
      <ele>316.36</ele>
    </trkpt>
    <trkpt lat="-19.1927981" lon="134.1675883">
      <ele>317.198</ele>
    </trkpt>
    <trkpt lat="-19.1940479" lon="134.1677227">
      <ele>311.51</ele>
    </trkpt>
    <trkpt lat="-19.1942269" lon="134.1677419">
      <ele>311.359</ele>
    </trkpt>
    <trkpt lat="-19.1947637" lon="134.1677996">
      <ele>312.114</ele>
    </trkpt>
    <trkpt lat="-19.1949426" lon="134.1678188">
      <ele>312.442</ele>
    </trkpt>
    <trkpt lat="-19.1950579" lon="134.1678312">
      <ele>312.255</ele>
    </trkpt>
    <trkpt lat="-19.1951216" lon="134.1678383">
      <ele>312.004</ele>
    </trkpt>
    <trkpt lat="-19.1976711" lon="134.1681237">
      <ele>308.245</ele>
    </trkpt>
    <trkpt lat="-19.1985837" lon="134.1682202">
      <ele>309.466</ele>
    </trkpt>
    <trkpt lat="-19.1986457" lon="134.1682238">
      <ele>309.345</ele>
    </trkpt>
    <trkpt lat="-19.1994845" lon="134.1683166">
      <ele>306.196</ele>
    </trkpt>
    <trkpt lat="-19.2006752" lon="134.1684471">
      <ele>308.393</ele>
    </trkpt>
    <trkpt lat="-19.2014464" lon="134.1685314">
      <ele>307.041</ele>
    </trkpt>
    <trkpt lat="-19.2015986" lon="134.168548">
      <ele>305.601</ele>
    </trkpt>
    <trkpt lat="-19.2016253" lon="134.1685509">
      <ele>305.362</ele>
    </trkpt>
    <trkpt lat="-19.2028776" lon="134.1686887">
      <ele>308.553</ele>
    </trkpt>
    <trkpt lat="-19.2030565" lon="134.1687083">
      <ele>310.413</ele>
    </trkpt>
    <trkpt lat="-19.2031242" lon="134.1687158">
      <ele>311.496</ele>
    </trkpt>
    <trkpt lat="-19.2042155" lon="134.1688308">
      <ele>309.693</ele>
    </trkpt>
    <trkpt lat="-19.205303" lon="134.1689491">
      <ele>313.929</ele>
    </trkpt>
    <trkpt lat="-19.2053829" lon="134.168958">
      <ele>313.716</ele>
    </trkpt>
    <trkpt lat="-19.2055617" lon="134.1689778">
      <ele>313.268</ele>
    </trkpt>
    <trkpt lat="-19.2062979" lon="134.1690595">
      <ele>310.201</ele>
    </trkpt>
    <trkpt lat="-19.2066379" lon="134.1690968">
      <ele>308.658</ele>
    </trkpt>
    <trkpt lat="-19.2069336" lon="134.1691423">
      <ele>309.136</ele>
    </trkpt>
    <trkpt lat="-19.2070371" lon="134.1691651">
      <ele>310.014</ele>
    </trkpt>
    <trkpt lat="-19.2072927" lon="134.1692137">
      <ele>311.704</ele>
    </trkpt>
    <trkpt lat="-19.2073694" lon="134.1692292">
      <ele>311.669</ele>
    </trkpt>
    <trkpt lat="-19.2075194" lon="134.1692669">
      <ele>311.499</ele>
    </trkpt>
    <trkpt lat="-19.2076596" lon="134.1693022">
      <ele>310.363</ele>
    </trkpt>
    <trkpt lat="-19.2076943" lon="134.1693113">
      <ele>310.08</ele>
    </trkpt>
    <trkpt lat="-19.2079049" lon="134.1693663">
      <ele>310.654</ele>
    </trkpt>
    <trkpt lat="-19.2080192" lon="134.1693989">
      <ele>311.771</ele>
    </trkpt>
    <trkpt lat="-19.2083908" lon="134.1695021">
      <ele>318.705</ele>
    </trkpt>
    <trkpt lat="-19.2087388" lon="134.1695987">
      <ele>317.049</ele>
    </trkpt>
    <trkpt lat="-19.2089993" lon="134.169671">
      <ele>313.489</ele>
    </trkpt>
    <trkpt lat="-19.2105864" lon="134.1701117">
      <ele>313.598</ele>
    </trkpt>
    <trkpt lat="-19.2120415" lon="134.1705181">
      <ele>311.477</ele>
    </trkpt>
    <trkpt lat="-19.2123898" lon="134.1706236">
      <ele>307.82</ele>
    </trkpt>
    <trkpt lat="-19.2125627" lon="134.170676">
      <ele>306.551</ele>
    </trkpt>
    <trkpt lat="-19.2127356" lon="134.1707284">
      <ele>305.152</ele>
    </trkpt>
    <trkpt lat="-19.2130815" lon="134.1708332">
      <ele>305.187</ele>
    </trkpt>
    <trkpt lat="-19.2144829" lon="134.1712579">
      <ele>312.455</ele>
    </trkpt>
    <trkpt lat="-19.2159464" lon="134.1716678">
      <ele>307.403</ele>
    </trkpt>
    <trkpt lat="-19.2178684" lon="134.1722">
      <ele>309.274</ele>
    </trkpt>
    <trkpt lat="-19.2203385" lon="134.1728936">
      <ele>310.257</ele>
    </trkpt>
    <trkpt lat="-19.2207078" lon="134.1730014">
      <ele>310.529</ele>
    </trkpt>
    <trkpt lat="-19.2226501" lon="134.1735414">
      <ele>305.643</ele>
    </trkpt>
    <trkpt lat="-19.2227953" lon="134.1735822">
      <ele>307.174</ele>
    </trkpt>
    <trkpt lat="-19.2234685" lon="134.173771">
      <ele>308.973</ele>
    </trkpt>
    <trkpt lat="-19.2237083" lon="134.1738346">
      <ele>310.981</ele>
    </trkpt>
    <trkpt lat="-19.2257004" lon="134.1743937">
      <ele>317.225</ele>
    </trkpt>
    <trkpt lat="-19.2271314" lon="134.1748026">
      <ele>314.246</ele>
    </trkpt>
    <trkpt lat="-19.2278368" lon="134.1749995">
      <ele>315.999</ele>
    </trkpt>
    <trkpt lat="-19.2287436" lon="134.1752529">
      <ele>317.136</ele>
    </trkpt>
    <trkpt lat="-19.2305264" lon="134.1757542">
      <ele>314.25</ele>
    </trkpt>
    <trkpt lat="-19.2321996" lon="134.1762234">
      <ele>318.078</ele>
    </trkpt>
    <trkpt lat="-19.2328782" lon="134.1764167">
      <ele>319.466</ele>
    </trkpt>
    <trkpt lat="-19.233052" lon="134.1764661">
      <ele>318.186</ele>
    </trkpt>
    <trkpt lat="-19.2334497" lon="134.1765794">
      <ele>316.628</ele>
    </trkpt>
    <trkpt lat="-19.2335732" lon="134.1766142">
      <ele>316.378</ele>
    </trkpt>
    <trkpt lat="-19.2342684" lon="134.17681">
      <ele>318.942</ele>
    </trkpt>
    <trkpt lat="-19.2344422" lon="134.1768589">
      <ele>320.673</ele>
    </trkpt>
    <trkpt lat="-19.234616" lon="134.1769079">
      <ele>321.486</ele>
    </trkpt>
    <trkpt lat="-19.2347746" lon="134.1769525">
      <ele>321.811</ele>
    </trkpt>
    <trkpt lat="-19.2356591" lon="134.1772014">
      <ele>319.298</ele>
    </trkpt>
    <trkpt lat="-19.235833" lon="134.1772502">
      <ele>319.999</ele>
    </trkpt>
    <trkpt lat="-19.2359661" lon="134.1772877">
      <ele>320.843</ele>
    </trkpt>
    <trkpt lat="-19.2377462" lon="134.1777837">
      <ele>322.545</ele>
    </trkpt>
    <trkpt lat="-19.2381656" lon="134.1779005">
      <ele>325.442</ele>
    </trkpt>
    <trkpt lat="-19.2403565" lon="134.1785181">
      <ele>328.905</ele>
    </trkpt>
    <trkpt lat="-19.2411003" lon="134.1787292">
      <ele>325.072</ele>
    </trkpt>
    <trkpt lat="-19.2414506" lon="134.1788165">
      <ele>325.483</ele>
    </trkpt>
    <trkpt lat="-19.2416257" lon="134.1788603">
      <ele>325.955</ele>
    </trkpt>
    <trkpt lat="-19.2419842" lon="134.1789499">
      <ele>325.331</ele>
    </trkpt>
    <trkpt lat="-19.2424814" lon="134.1790743">
      <ele>327.864</ele>
    </trkpt>
    <trkpt lat="-19.2426812" lon="134.1791288">
      <ele>329.366</ele>
    </trkpt>
    <trkpt lat="-19.2432401" lon="134.179289">
      <ele>332.672</ele>
    </trkpt>
    <trkpt lat="-19.2442911" lon="134.1795861">
      <ele>329.053</ele>
    </trkpt>
    <trkpt lat="-19.2443939" lon="134.1796151">
      <ele>330.155</ele>
    </trkpt>
    <trkpt lat="-19.2445678" lon="134.1796643">
      <ele>330.954</ele>
    </trkpt>
    <trkpt lat="-19.245088" lon="134.1798117">
      <ele>331.468</ele>
    </trkpt>
    <trkpt lat="-19.2450892" lon="134.179812">
      <ele>331.467</ele>
    </trkpt>
    <trkpt lat="-19.2452617" lon="134.1798609">
      <ele>331.003</ele>
    </trkpt>
    <trkpt lat="-19.2452631" lon="134.1798613">
      <ele>330.997</ele>
    </trkpt>
    <trkpt lat="-19.2453445" lon="134.1798843">
      <ele>330.766</ele>
    </trkpt>
    <trkpt lat="-19.245437" lon="134.1799106">
      <ele>330.472</ele>
    </trkpt>
    <trkpt lat="-19.2464877" lon="134.1802083">
      <ele>329.645</ele>
    </trkpt>
    <trkpt lat="-19.2476251" lon="134.1805374">
      <ele>332.488</ele>
    </trkpt>
    <trkpt lat="-19.2486761" lon="134.1808343">
      <ele>322.705</ele>
    </trkpt>
    <trkpt lat="-19.2498516" lon="134.1811708">
      <ele>328.721</ele>
    </trkpt>
    <trkpt lat="-19.251049" lon="134.1815073">
      <ele>325.457</ele>
    </trkpt>
    <trkpt lat="-19.2520399" lon="134.1817943">
      <ele>322.371</ele>
    </trkpt>
    <trkpt lat="-19.2526668" lon="134.181973">
      <ele>325.242</ele>
    </trkpt>
    <trkpt lat="-19.2529096" lon="134.1820384">
      <ele>326.154</ele>
    </trkpt>
    <trkpt lat="-19.2532891" lon="134.1821407">
      <ele>324.152</ele>
    </trkpt>
    <trkpt lat="-19.2537559" lon="134.1822383">
      <ele>321.537</ele>
    </trkpt>
    <trkpt lat="-19.2540404" lon="134.182283">
      <ele>319.821</ele>
    </trkpt>
    <trkpt lat="-19.2543365" lon="134.1823204">
      <ele>319.598</ele>
    </trkpt>
    <trkpt lat="-19.2549969" lon="134.1823672">
      <ele>317.874</ele>
    </trkpt>
    <trkpt lat="-19.2562311" lon="134.1824522">
      <ele>321.074</ele>
    </trkpt>
    <trkpt lat="-19.256543" lon="134.1824832">
      <ele>320.506</ele>
    </trkpt>
    <trkpt lat="-19.2570977" lon="134.1824778">
      <ele>317.448</ele>
    </trkpt>
    <trkpt lat="-19.2574849" lon="134.182505">
      <ele>318.891</ele>
    </trkpt>
    <trkpt lat="-19.25761" lon="134.1825143">
      <ele>318.604</ele>
    </trkpt>
    <trkpt lat="-19.2587052" lon="134.1825931">
      <ele>315.894</ele>
    </trkpt>
    <trkpt lat="-19.2591074" lon="134.182625">
      <ele>317.004</ele>
    </trkpt>
    <trkpt lat="-19.2591647" lon="134.1826268">
      <ele>317.084</ele>
    </trkpt>
    <trkpt lat="-19.2597898" lon="134.1826668">
      <ele>312.205</ele>
    </trkpt>
    <trkpt lat="-19.2599693" lon="134.1826783">
      <ele>311.721</ele>
    </trkpt>
    <trkpt lat="-19.2601488" lon="134.1826898">
      <ele>310.782</ele>
    </trkpt>
    <trkpt lat="-19.2604525" lon="134.1827092">
      <ele>309.371</ele>
    </trkpt>
    <trkpt lat="-19.2606874" lon="134.1827257">
      <ele>309.089</ele>
    </trkpt>
    <trkpt lat="-19.2610464" lon="134.182751">
      <ele>310.63</ele>
    </trkpt>
    <trkpt lat="-19.2624821" lon="134.1828521">
      <ele>307.755</ele>
    </trkpt>
    <trkpt lat="-19.2626022" lon="134.1828606">
      <ele>308.153</ele>
    </trkpt>
    <trkpt lat="-19.2630205" lon="134.1828897">
      <ele>310.553</ele>
    </trkpt>
    <trkpt lat="-19.2642768" lon="134.182977">
      <ele>314.325</ele>
    </trkpt>
    <trkpt lat="-19.2644564" lon="134.1829895">
      <ele>317.406</ele>
    </trkpt>
    <trkpt lat="-19.2649052" lon="134.1830207">
      <ele>312.24</ele>
    </trkpt>
    <trkpt lat="-19.267149" lon="134.1831696">
      <ele>303.411</ele>
    </trkpt>
    <trkpt lat="-19.2678118" lon="134.1832136">
      <ele>304.015</ele>
    </trkpt>
    <trkpt lat="-19.2693849" lon="134.1833209">
      <ele>305.07</ele>
    </trkpt>
    <trkpt lat="-19.2709962" lon="134.1834361">
      <ele>302.677</ele>
    </trkpt>
    <trkpt lat="-19.2727983" lon="134.1835567">
      <ele>305.559</ele>
    </trkpt>
    <trkpt lat="-19.2729426" lon="134.183572">
      <ele>305.255</ele>
    </trkpt>
    <trkpt lat="-19.2732556" lon="134.183554">
      <ele>304.041</ele>
    </trkpt>
    <trkpt lat="-19.2734746" lon="134.1836055">
      <ele>302.963</ele>
    </trkpt>
    <trkpt lat="-19.2737202" lon="134.1836173">
      <ele>302.014</ele>
    </trkpt>
    <trkpt lat="-19.2748185" lon="134.1836889">
      <ele>299.53</ele>
    </trkpt>
    <trkpt lat="-19.2764055" lon="134.1837993">
      <ele>298.976</ele>
    </trkpt>
    <trkpt lat="-19.2774238" lon="134.1838684">
      <ele>295.881</ele>
    </trkpt>
    <trkpt lat="-19.2774249" lon="134.1838685">
      <ele>295.86</ele>
    </trkpt>
    <trkpt lat="-19.2776045" lon="134.1838807">
      <ele>296.803</ele>
    </trkpt>
    <trkpt lat="-19.2779623" lon="134.1839049">
      <ele>302.993</ele>
    </trkpt>
    <trkpt lat="-19.2781417" lon="134.1839171">
      <ele>303.937</ele>
    </trkpt>
    <trkpt lat="-19.2781432" lon="134.1839172">
      <ele>303.936</ele>
    </trkpt>
    <trkpt lat="-19.278843" lon="134.1839647">
      <ele>304.183</ele>
    </trkpt>
    <trkpt lat="-19.2803586" lon="134.1840618">
      <ele>301.235</ele>
    </trkpt>
    <trkpt lat="-19.2819113" lon="134.1841702">
      <ele>307.823</ele>
    </trkpt>
    <trkpt lat="-19.2820915" lon="134.1841828">
      <ele>308.178</ele>
    </trkpt>
    <trkpt lat="-19.2822729" lon="134.1841949">
      <ele>308.508</ele>
    </trkpt>
    <trkpt lat="-19.2824498" lon="134.1842067">
      <ele>309.047</ele>
    </trkpt>
    <trkpt lat="-19.2824525" lon="134.1842069">
      <ele>309.055</ele>
    </trkpt>
    <trkpt lat="-19.2826293" lon="134.1842187">
      <ele>308.86</ele>
    </trkpt>
    <trkpt lat="-19.2833474" lon="134.1842668">
      <ele>302.577</ele>
    </trkpt>
    <trkpt lat="-19.2843823" lon="134.1843361">
      <ele>305.505</ele>
    </trkpt>
    <trkpt lat="-19.2858642" lon="134.184434">
      <ele>300.135</ele>
    </trkpt>
    <trkpt lat="-19.2867595" lon="134.1844931">
      <ele>304.607</ele>
    </trkpt>
    <trkpt lat="-19.288438" lon="134.1846056">
      <ele>302.115</ele>
    </trkpt>
    <trkpt lat="-19.2892758" lon="134.1846623">
      <ele>300.422</ele>
    </trkpt>
    <trkpt lat="-19.2900497" lon="134.1847148">
      <ele>301.674</ele>
    </trkpt>
    <trkpt lat="-19.2914719" lon="134.1848144">
      <ele>304.101</ele>
    </trkpt>
    <trkpt lat="-19.2923062" lon="134.1848639">
      <ele>304.49</ele>
    </trkpt>
    <trkpt lat="-19.2937115" lon="134.1849619">
      <ele>303.501</ele>
    </trkpt>
    <trkpt lat="-19.295224" lon="134.1850574">
      <ele>300.846</ele>
    </trkpt>
    <trkpt lat="-19.2965203" lon="134.185147">
      <ele>301.501</ele>
    </trkpt>
    <trkpt lat="-19.2980602" lon="134.1852485">
      <ele>301.089</ele>
    </trkpt>
    <trkpt lat="-19.2984332" lon="134.1852741">
      <ele>300.008</ele>
    </trkpt>
    <trkpt lat="-19.299574" lon="134.1853519">
      <ele>302.075</ele>
    </trkpt>
    <trkpt lat="-19.3001127" lon="134.1854034">
      <ele>301.731</ele>
    </trkpt>
    <trkpt lat="-19.30097" lon="134.1855055">
      <ele>301.18</ele>
    </trkpt>
    <trkpt lat="-19.3026379" lon="134.1857539">
      <ele>303.64</ele>
    </trkpt>
    <trkpt lat="-19.3049936" lon="134.1861011">
      <ele>304.942</ele>
    </trkpt>
    <trkpt lat="-19.3059606" lon="134.1862471">
      <ele>304.969</ele>
    </trkpt>
    <trkpt lat="-19.3062977" lon="134.1862912">
      <ele>304.68</ele>
    </trkpt>
    <trkpt lat="-19.3065129" lon="134.1863181">
      <ele>303.248</ele>
    </trkpt>
    <trkpt lat="-19.3067131" lon="134.1863498">
      <ele>301.666</ele>
    </trkpt>
    <trkpt lat="-19.3070506" lon="134.1864023">
      <ele>300.03</ele>
    </trkpt>
    <trkpt lat="-19.3073386" lon="134.1864398">
      <ele>299.923</ele>
    </trkpt>
    <trkpt lat="-19.3092954" lon="134.1867332">
      <ele>299.408</ele>
    </trkpt>
    <trkpt lat="-19.3094515" lon="134.1867528">
      <ele>299.0</ele>
    </trkpt>
    <trkpt lat="-19.3096115" lon="134.1867737">
      <ele>299.0</ele>
    </trkpt>
    <trkpt lat="-19.310117" lon="134.1868474">
      <ele>299.771</ele>
    </trkpt>
    <trkpt lat="-19.3115717" lon="134.1870608">
      <ele>300.964</ele>
    </trkpt>
    <trkpt lat="-19.3120864" lon="134.187135">
      <ele>300.84</ele>
    </trkpt>
    <trkpt lat="-19.3182607" lon="134.1880478">
      <ele>299.972</ele>
    </trkpt>
    <trkpt lat="-19.3188939" lon="134.1881403">
      <ele>299.707</ele>
    </trkpt>
    <trkpt lat="-19.319963" lon="134.1882964">
      <ele>301.503</ele>
    </trkpt>
    <trkpt lat="-19.3202629" lon="134.1883402">
      <ele>302.0</ele>
    </trkpt>
    <trkpt lat="-19.3206755" lon="134.1884018">
      <ele>299.462</ele>
    </trkpt>
    <trkpt lat="-19.3240217" lon="134.188901">
      <ele>302.501</ele>
    </trkpt>
    <trkpt lat="-19.3251296" lon="134.1890551">
      <ele>300.813</ele>
    </trkpt>
    <trkpt lat="-19.3264293" lon="134.1892359">
      <ele>302.104</ele>
    </trkpt>
    <trkpt lat="-19.3269122" lon="134.1893089">
      <ele>301.512</ele>
    </trkpt>
    <trkpt lat="-19.3293323" lon="134.1896747">
      <ele>302.535</ele>
    </trkpt>
    <trkpt lat="-19.3302025" lon="134.1898004">
      <ele>302.195</ele>
    </trkpt>
    <trkpt lat="-19.3309934" lon="134.1899113">
      <ele>303.712</ele>
    </trkpt>
    <trkpt lat="-19.3319395" lon="134.1900582">
      <ele>301.241</ele>
    </trkpt>
    <trkpt lat="-19.3320772" lon="134.1900804">
      <ele>301.289</ele>
    </trkpt>
    <trkpt lat="-19.332255" lon="134.1901091">
      <ele>301.464</ele>
    </trkpt>
    <trkpt lat="-19.3325376" lon="134.1901546">
      <ele>302.135</ele>
    </trkpt>
    <trkpt lat="-19.3327884" lon="134.1901953">
      <ele>303.0</ele>
    </trkpt>
    <trkpt lat="-19.3329662" lon="134.1902242">
      <ele>303.0</ele>
    </trkpt>
    <trkpt lat="-19.341901" lon="134.1916753">
      <ele>302.969</ele>
    </trkpt>
    <trkpt lat="-19.3422112" lon="134.1917261">
      <ele>304.707</ele>
    </trkpt>
    <trkpt lat="-19.3429222" lon="134.1918425">
      <ele>303.176</ele>
    </trkpt>
    <trkpt lat="-19.3431" lon="134.1918716">
      <ele>303.0</ele>
    </trkpt>
    <trkpt lat="-19.344522" lon="134.1921044">
      <ele>303.848</ele>
    </trkpt>
    <trkpt lat="-19.3450552" lon="134.1921917">
      <ele>302.088</ele>
    </trkpt>
    <trkpt lat="-19.345233" lon="134.1922208">
      <ele>302.001</ele>
    </trkpt>
    <trkpt lat="-19.3457663" lon="134.1923081">
      <ele>302.167</ele>
    </trkpt>
    <trkpt lat="-19.3496769" lon="134.1929483">
      <ele>307.609</ele>
    </trkpt>
    <trkpt lat="-19.3573204" lon="134.1941998">
      <ele>310.881</ele>
    </trkpt>
    <trkpt lat="-19.3594535" lon="134.194549">
      <ele>312.785</ele>
    </trkpt>
    <trkpt lat="-19.3596312" lon="134.1945781">
      <ele>313.635</ele>
    </trkpt>
    <trkpt lat="-19.3601645" lon="134.1946654">
      <ele>313.203</ele>
    </trkpt>
    <trkpt lat="-19.36052" lon="134.1947236">
      <ele>311.25</ele>
    </trkpt>
    <trkpt lat="-19.3648008" lon="134.1954246">
      <ele>312.963</ele>
    </trkpt>
    <trkpt lat="-19.372125" lon="134.1966213">
      <ele>314.163</ele>
    </trkpt>
    <trkpt lat="-19.3722463" lon="134.1966411">
      <ele>314.005</ele>
    </trkpt>
    <trkpt lat="-19.3747904" lon="134.1970642">
      <ele>314.0</ele>
    </trkpt>
    <trkpt lat="-19.3748857" lon="134.1970801">
      <ele>314.0</ele>
    </trkpt>
    <trkpt lat="-19.3749681" lon="134.1970938">
      <ele>314.0</ele>
    </trkpt>
    <trkpt lat="-19.3786172" lon="134.1977007">
      <ele>321.723</ele>
    </trkpt>
    <trkpt lat="-19.3786996" lon="134.1977144">
      <ele>321.772</ele>
    </trkpt>
    <trkpt lat="-19.3787949" lon="134.1977303">
      <ele>321.829</ele>
    </trkpt>
    <trkpt lat="-19.3788773" lon="134.197744">
      <ele>321.878</ele>
    </trkpt>
    <trkpt lat="-19.3834972" lon="134.1985124">
      <ele>315.79</ele>
    </trkpt>
    <trkpt lat="-19.3835925" lon="134.1985283">
      <ele>315.722</ele>
    </trkpt>
    <trkpt lat="-19.3837702" lon="134.1985578">
      <ele>316.381</ele>
    </trkpt>
    <trkpt lat="-19.3838526" lon="134.1985715">
      <ele>316.727</ele>
    </trkpt>
    <trkpt lat="-19.384208" lon="134.1986306">
      <ele>316.791</ele>
    </trkpt>
    <trkpt lat="-19.3854518" lon="134.1988375">
      <ele>316.164</ele>
    </trkpt>
    <trkpt lat="-19.394041" lon="134.2002663">
      <ele>317.905</ele>
    </trkpt>
    <trkpt lat="-19.4034946" lon="134.2018334">
      <ele>321.232</ele>
    </trkpt>
    <trkpt lat="-19.40385" lon="134.2018923">
      <ele>321.026</ele>
    </trkpt>
    <trkpt lat="-19.4039324" lon="134.201906">
      <ele>321.0</ele>
    </trkpt>
    <trkpt lat="-19.4055317" lon="134.2021711">
      <ele>319.828</ele>
    </trkpt>
    <trkpt lat="-19.4055879" lon="134.2021804">
      <ele>320.134</ele>
    </trkpt>
    <trkpt lat="-19.405627" lon="134.2021869">
      <ele>320.29</ele>
    </trkpt>
    <trkpt lat="-19.4057094" lon="134.2022008">
      <ele>320.597</ele>
    </trkpt>
    <trkpt lat="-19.4058047" lon="134.2022168">
      <ele>320.914</ele>
    </trkpt>
    <trkpt lat="-19.4059823" lon="134.2022466">
      <ele>321.314</ele>
    </trkpt>
    <trkpt lat="-19.4065153" lon="134.2023362">
      <ele>322.821</ele>
    </trkpt>
    <trkpt lat="-19.4079363" lon="134.2025754">
      <ele>319.399</ele>
    </trkpt>
    <trkpt lat="-19.408114" lon="134.2026052">
      <ele>319.617</ele>
    </trkpt>
    <trkpt lat="-19.4085517" lon="134.2026788">
      <ele>320.56</ele>
    </trkpt>
    <trkpt lat="-19.4127322" lon="134.2033819">
      <ele>330.146</ele>
    </trkpt>
    <trkpt lat="-19.4134943" lon="134.2035335">
      <ele>329.721</ele>
    </trkpt>
    <trkpt lat="-19.4147694" lon="134.2037196">
      <ele>327.494</ele>
    </trkpt>
    <trkpt lat="-19.4148049" lon="134.2037248">
      <ele>327.585</ele>
    </trkpt>
    <trkpt lat="-19.4148647" lon="134.2037349">
      <ele>327.73</ele>
    </trkpt>
    <trkpt lat="-19.4149471" lon="134.2037489">
      <ele>327.904</ele>
    </trkpt>
    <trkpt lat="-19.4150423" lon="134.203765">
      <ele>328.0</ele>
    </trkpt>
    <trkpt lat="-19.4151247" lon="134.203779">
      <ele>328.0</ele>
    </trkpt>
    <trkpt lat="-19.4230349" lon="134.2051184">
      <ele>325.542</ele>
    </trkpt>
    <trkpt lat="-19.4231173" lon="134.2051324">
      <ele>325.852</ele>
    </trkpt>
    <trkpt lat="-19.4232125" lon="134.2051485">
      <ele>326.332</ele>
    </trkpt>
    <trkpt lat="-19.4308499" lon="134.2064419">
      <ele>328.228</ele>
    </trkpt>
    <trkpt lat="-19.433403" lon="134.2068743">
      <ele>326.751</ele>
    </trkpt>
    <trkpt lat="-19.4342661" lon="134.2070388">
      <ele>327.236</ele>
    </trkpt>
    <trkpt lat="-19.4357229" lon="134.2072773">
      <ele>329.794</ele>
    </trkpt>
    <trkpt lat="-19.4363509" lon="134.2073896">
      <ele>329.0</ele>
    </trkpt>
    <trkpt lat="-19.436884" lon="134.2074714">
      <ele>330.782</ele>
    </trkpt>
    <trkpt lat="-19.4376377" lon="134.2075818">
      <ele>329.851</ele>
    </trkpt>
    <trkpt lat="-19.4384208" lon="134.2077086">
      <ele>329.764</ele>
    </trkpt>
    <trkpt lat="-19.4392489" lon="134.207902">
      <ele>328.849</ele>
    </trkpt>
    <trkpt lat="-19.4397074" lon="134.2079762">
      <ele>328.609</ele>
    </trkpt>
    <trkpt lat="-19.4401657" lon="134.208045">
      <ele>328.612</ele>
    </trkpt>
    <trkpt lat="-19.4402663" lon="134.2080727">
      <ele>328.84</ele>
    </trkpt>
    <trkpt lat="-19.4403178" lon="134.208087">
      <ele>328.79</ele>
    </trkpt>
    <trkpt lat="-19.4420223" lon="134.2084011">
      <ele>333.228</ele>
    </trkpt>
    <trkpt lat="-19.4493815" lon="134.2096266">
      <ele>331.163</ele>
    </trkpt>
    <trkpt lat="-19.455153" lon="134.2105819">
      <ele>330.79</ele>
    </trkpt>
    <trkpt lat="-19.4556867" lon="134.210671">
      <ele>334.439</ele>
    </trkpt>
    <trkpt lat="-19.4557806" lon="134.2106864">
      <ele>334.179</ele>
    </trkpt>
    <trkpt lat="-19.4558642" lon="134.2107001">
      <ele>333.831</ele>
    </trkpt>
    <trkpt lat="-19.4559583" lon="134.210716">
      <ele>333.29</ele>
    </trkpt>
    <trkpt lat="-19.4606495" lon="134.2114928">
      <ele>336.535</ele>
    </trkpt>
    <trkpt lat="-19.4642222" lon="134.2120853">
      <ele>339.0</ele>
    </trkpt>
    <trkpt lat="-19.4644" lon="134.2121145">
      <ele>339.0</ele>
    </trkpt>
    <trkpt lat="-19.4644949" lon="134.2121305">
      <ele>339.0</ele>
    </trkpt>
    <trkpt lat="-19.4647367" lon="134.2121709">
      <ele>339.0</ele>
    </trkpt>
    <trkpt lat="-19.4647559" lon="134.2121741">
      <ele>339.0</ele>
    </trkpt>
    <trkpt lat="-19.4694502" lon="134.212952">
      <ele>336.098</ele>
    </trkpt>
    <trkpt lat="-19.4818325" lon="134.2149382">
      <ele>336.507</ele>
    </trkpt>
    <trkpt lat="-19.4829639" lon="134.2151155">
      <ele>339.162</ele>
    </trkpt>
    <trkpt lat="-19.4831415" lon="134.2151435">
      <ele>338.574</ele>
    </trkpt>
    <trkpt lat="-19.4900172" lon="134.216222">
      <ele>338.984</ele>
    </trkpt>
    <trkpt lat="-19.490729" lon="134.2163336">
      <ele>342.978</ele>
    </trkpt>
    <trkpt lat="-19.5002756" lon="134.2178312">
      <ele>346.177</ele>
    </trkpt>
    <trkpt lat="-19.5088209" lon="134.2191729">
      <ele>349.194</ele>
    </trkpt>
    <trkpt lat="-19.5089069" lon="134.2191864">
      <ele>348.918</ele>
    </trkpt>
    <trkpt lat="-19.508994" lon="134.2192">
      <ele>349.093</ele>
    </trkpt>
    <trkpt lat="-19.509177" lon="134.2192286">
      <ele>349.368</ele>
    </trkpt>
    <trkpt lat="-19.5133229" lon="134.2198798">
      <ele>354.849</ele>
    </trkpt>
    <trkpt lat="-19.513355" lon="134.2198851">
      <ele>354.86</ele>
    </trkpt>
    <trkpt lat="-19.5136274" lon="134.2199302">
      <ele>354.783</ele>
    </trkpt>
    <trkpt lat="-19.5141758" lon="134.2199968">
      <ele>356.033</ele>
    </trkpt>
    <trkpt lat="-19.5141841" lon="134.2199978">
      <ele>356.063</ele>
    </trkpt>
    <trkpt lat="-19.5149808" lon="134.220126">
      <ele>358.523</ele>
    </trkpt>
    <trkpt lat="-19.5159428" lon="134.2202807">
      <ele>356.577</ele>
    </trkpt>
    <trkpt lat="-19.5179073" lon="134.2206395">
      <ele>356.158</ele>
    </trkpt>
    <trkpt lat="-19.523224" lon="134.2215563">
      <ele>352.844</ele>
    </trkpt>
    <trkpt lat="-19.5234016" lon="134.2215867">
      <ele>352.929</ele>
    </trkpt>
    <trkpt lat="-19.523579" lon="134.2216176">
      <ele>352.844</ele>
    </trkpt>
    <trkpt lat="-19.524112" lon="134.2217097">
      <ele>352.166</ele>
    </trkpt>
    <trkpt lat="-19.5246303" lon="134.2217989">
      <ele>351.125</ele>
    </trkpt>
    <trkpt lat="-19.5251485" lon="134.2218885">
      <ele>352.441</ele>
    </trkpt>
    <trkpt lat="-19.5322834" lon="134.2231127">
      <ele>349.414</ele>
    </trkpt>
    <trkpt lat="-19.5337989" lon="134.2233732">
      <ele>350.19</ele>
    </trkpt>
    <trkpt lat="-19.5345924" lon="134.2235093">
      <ele>351.267</ele>
    </trkpt>
    <trkpt lat="-19.5472383" lon="134.2256794">
      <ele>344.586</ele>
    </trkpt>
    <trkpt lat="-19.5488285" lon="134.2259548">
      <ele>346.217</ele>
    </trkpt>
    <trkpt lat="-19.5490056" lon="134.2259858">
      <ele>346.19</ele>
    </trkpt>
    <trkpt lat="-19.5490134" lon="134.2259872">
      <ele>346.2</ele>
    </trkpt>
    <trkpt lat="-19.5491822" lon="134.2260167">
      <ele>346.396</ele>
    </trkpt>
    <trkpt lat="-19.5498314" lon="134.2261289">
      <ele>349.722</ele>
    </trkpt>
    <trkpt lat="-19.5503902" lon="134.2262227">
      <ele>348.951</ele>
    </trkpt>
    <trkpt lat="-19.5507423" lon="134.2262727">
      <ele>348.391</ele>
    </trkpt>
    <trkpt lat="-19.5510543" lon="134.2263056">
      <ele>349.496</ele>
    </trkpt>
    <trkpt lat="-19.5513396" lon="134.2263266">
      <ele>349.322</ele>
    </trkpt>
    <trkpt lat="-19.5513702" lon="134.2263281">
      <ele>349.257</ele>
    </trkpt>
    <trkpt lat="-19.5518594" lon="134.2263457">
      <ele>347.048</ele>
    </trkpt>
    <trkpt lat="-19.5522595" lon="134.2263538">
      <ele>347.756</ele>
    </trkpt>
    <trkpt lat="-19.5526061" lon="134.2263562">
      <ele>347.337</ele>
    </trkpt>
    <trkpt lat="-19.5529263" lon="134.2263439">
      <ele>347.838</ele>
    </trkpt>
    <trkpt lat="-19.5534806" lon="134.2263106">
      <ele>348.663</ele>
    </trkpt>
    <trkpt lat="-19.553817" lon="134.2262599">
      <ele>348.259</ele>
    </trkpt>
    <trkpt lat="-19.5541866" lon="134.2261839">
      <ele>346.209</ele>
    </trkpt>
    <trkpt lat="-19.5546031" lon="134.2260891">
      <ele>345.447</ele>
    </trkpt>
    <trkpt lat="-19.5548376" lon="134.226028">
      <ele>345.65</ele>
    </trkpt>
    <trkpt lat="-19.5550007" lon="134.2259918">
      <ele>345.997</ele>
    </trkpt>
    <trkpt lat="-19.5553633" lon="134.2259044">
      <ele>345.338</ele>
    </trkpt>
    <trkpt lat="-19.5557536" lon="134.2257953">
      <ele>345.039</ele>
    </trkpt>
    <trkpt lat="-19.5562071" lon="134.2256484">
      <ele>345.677</ele>
    </trkpt>
    <trkpt lat="-19.5564734" lon="134.2255504">
      <ele>347.0</ele>
    </trkpt>
    <trkpt lat="-19.5567766" lon="134.2254329">
      <ele>346.429</ele>
    </trkpt>
    <trkpt lat="-19.5571734" lon="134.2252655">
      <ele>344.956</ele>
    </trkpt>
    <trkpt lat="-19.5575808" lon="134.2250823">
      <ele>344.296</ele>
    </trkpt>
    <trkpt lat="-19.557971" lon="134.2248794">
      <ele>344.434</ele>
    </trkpt>
    <trkpt lat="-19.5582425" lon="134.2247269">
      <ele>344.96</ele>
    </trkpt>
    <trkpt lat="-19.5587265" lon="134.2244332">
      <ele>345.186</ele>
    </trkpt>
    <trkpt lat="-19.5590772" lon="134.2242058">
      <ele>343.503</ele>
    </trkpt>
    <trkpt lat="-19.559364" lon="134.2240113">
      <ele>344.108</ele>
    </trkpt>
    <trkpt lat="-19.5596017" lon="134.2238423">
      <ele>345.566</ele>
    </trkpt>
    <trkpt lat="-19.5597378" lon="134.2237495">
      <ele>345.86</ele>
    </trkpt>
    <trkpt lat="-19.559948" lon="134.223584">
      <ele>343.543</ele>
    </trkpt>
    <trkpt lat="-19.5601832" lon="134.2233841">
      <ele>342.34</ele>
    </trkpt>
    <trkpt lat="-19.5604902" lon="134.2231087">
      <ele>343.72</ele>
    </trkpt>
    <trkpt lat="-19.5608042" lon="134.2228076">
      <ele>344.192</ele>
    </trkpt>
    <trkpt lat="-19.5610407" lon="134.2225685">
      <ele>345.309</ele>
    </trkpt>
    <trkpt lat="-19.5613862" lon="134.2221943">
      <ele>345.99</ele>
    </trkpt>
    <trkpt lat="-19.5617122" lon="134.2218136">
      <ele>345.307</ele>
    </trkpt>
    <trkpt lat="-19.5624301" lon="134.2209419">
      <ele>345.609</ele>
    </trkpt>
    <trkpt lat="-19.5641745" lon="134.2188088">
      <ele>346.96</ele>
    </trkpt>
    <trkpt lat="-19.5645576" lon="134.2183488">
      <ele>347.922</ele>
    </trkpt>
    <trkpt lat="-19.5647595" lon="134.2181294">
      <ele>348.529</ele>
    </trkpt>
    <trkpt lat="-19.5649568" lon="134.2179272">
      <ele>348.864</ele>
    </trkpt>
    <trkpt lat="-19.5652025" lon="134.2176839">
      <ele>349.088</ele>
    </trkpt>
    <trkpt lat="-19.5653213" lon="134.2175663">
      <ele>348.843</ele>
    </trkpt>
    <trkpt lat="-19.5653345" lon="134.2175542">
      <ele>348.796</ele>
    </trkpt>
    <trkpt lat="-19.5656482" lon="134.2172683">
      <ele>348.889</ele>
    </trkpt>
    <trkpt lat="-19.5658835" lon="134.2170608">
      <ele>348.314</ele>
    </trkpt>
    <trkpt lat="-19.5661602" lon="134.2168168">
      <ele>346.258</ele>
    </trkpt>
    <trkpt lat="-19.5665604" lon="134.2164638">
      <ele>347.068</ele>
    </trkpt>
    <trkpt lat="-19.5675501" lon="134.2156052">
      <ele>347.066</ele>
    </trkpt>
    <trkpt lat="-19.5686641" lon="134.2146387">
      <ele>352.947</ele>
    </trkpt>
    <trkpt lat="-19.5691393" lon="134.2142264">
      <ele>352.275</ele>
    </trkpt>
    <trkpt lat="-19.5702452" lon="134.2132541">
      <ele>351.882</ele>
    </trkpt>
    <trkpt lat="-19.571069" lon="134.2125101">
      <ele>350.848</ele>
    </trkpt>
    <trkpt lat="-19.5713857" lon="134.2122003">
      <ele>353.078</ele>
    </trkpt>
    <trkpt lat="-19.5717661" lon="134.2118002">
      <ele>356.063</ele>
    </trkpt>
    <trkpt lat="-19.5717933" lon="134.2117704">
      <ele>356.368</ele>
    </trkpt>
    <trkpt lat="-19.5720732" lon="134.2114644">
      <ele>358.338</ele>
    </trkpt>
    <trkpt lat="-19.5723597" lon="134.2111233">
      <ele>358.022</ele>
    </trkpt>
    <trkpt lat="-19.5726203" lon="134.2108031">
      <ele>355.072</ele>
    </trkpt>
    <trkpt lat="-19.5728644" lon="134.2104823">
      <ele>354.527</ele>
    </trkpt>
    <trkpt lat="-19.5731313" lon="134.2101132">
      <ele>357.407</ele>
    </trkpt>
    <trkpt lat="-19.5733954" lon="134.209729">
      <ele>358.005</ele>
    </trkpt>
    <trkpt lat="-19.5736371" lon="134.2093606">
      <ele>357.613</ele>
    </trkpt>
    <trkpt lat="-19.573851" lon="134.2090183">
      <ele>358.195</ele>
    </trkpt>
    <trkpt lat="-19.5740257" lon="134.2087189">
      <ele>358.881</ele>
    </trkpt>
    <trkpt lat="-19.5741832" lon="134.208423">
      <ele>358.263</ele>
    </trkpt>
    <trkpt lat="-19.5756958" lon="134.2054338">
      <ele>361.16</ele>
    </trkpt>
    <trkpt lat="-19.575897" lon="134.2050759">
      <ele>361.542</ele>
    </trkpt>
    <trkpt lat="-19.5761115" lon="134.2047209">
      <ele>361.0</ele>
    </trkpt>
    <trkpt lat="-19.5763828" lon="134.2042933">
      <ele>361.532</ele>
    </trkpt>
    <trkpt lat="-19.5766106" lon="134.2039511">
      <ele>362.597</ele>
    </trkpt>
    <trkpt lat="-19.576959" lon="134.2034672">
      <ele>360.482</ele>
    </trkpt>
    <trkpt lat="-19.5773182" lon="134.2029949">
      <ele>359.925</ele>
    </trkpt>
    <trkpt lat="-19.5775662" lon="134.2026864">
      <ele>358.762</ele>
    </trkpt>
    <trkpt lat="-19.5778222" lon="134.2023868">
      <ele>358.473</ele>
    </trkpt>
    <trkpt lat="-19.5780782" lon="134.2021011">
      <ele>360.472</ele>
    </trkpt>
    <trkpt lat="-19.5783401" lon="134.2018341">
      <ele>362.0</ele>
    </trkpt>
    <trkpt lat="-19.5785554" lon="134.2016074">
      <ele>361.616</ele>
    </trkpt>
    <trkpt lat="-19.5788227" lon="134.2013431">
      <ele>359.874</ele>
    </trkpt>
    <trkpt lat="-19.5790075" lon="134.2011685">
      <ele>359.884</ele>
    </trkpt>
    <trkpt lat="-19.5792158" lon="134.2009792">
      <ele>361.298</ele>
    </trkpt>
    <trkpt lat="-19.5795142" lon="134.2007161">
      <ele>360.288</ele>
    </trkpt>
    <trkpt lat="-19.5797681" lon="134.2005022">
      <ele>359.701</ele>
    </trkpt>
    <trkpt lat="-19.5800352" lon="134.200286">
      <ele>358.721</ele>
    </trkpt>
    <trkpt lat="-19.5804198" lon="134.1999928">
      <ele>360.55</ele>
    </trkpt>
    <trkpt lat="-19.5807287" lon="134.1997607">
      <ele>362.571</ele>
    </trkpt>
    <trkpt lat="-19.5811174" lon="134.1994914">
      <ele>363.974</ele>
    </trkpt>
    <trkpt lat="-19.581477" lon="134.1992635">
      <ele>363.128</ele>
    </trkpt>
    <trkpt lat="-19.5818028" lon="134.1990596">
      <ele>361.426</ele>
    </trkpt>
    <trkpt lat="-19.5821039" lon="134.1988911">
      <ele>361.159</ele>
    </trkpt>
    <trkpt lat="-19.5825287" lon="134.1986559">
      <ele>362.839</ele>
    </trkpt>
    <trkpt lat="-19.5828423" lon="134.1984875">
      <ele>363.993</ele>
    </trkpt>
    <trkpt lat="-19.583105" lon="134.1983364">
      <ele>365.791</ele>
    </trkpt>
    <trkpt lat="-19.5833905" lon="134.1982051">
      <ele>365.256</ele>
    </trkpt>
    <trkpt lat="-19.5835823" lon="134.1981183">
      <ele>364.878</ele>
    </trkpt>
    <trkpt lat="-19.5838192" lon="134.198044">
      <ele>364.292</ele>
    </trkpt>
    <trkpt lat="-19.5842443" lon="134.1978486">
      <ele>364.537</ele>
    </trkpt>
    <trkpt lat="-19.5846087" lon="134.1977079">
      <ele>364.843</ele>
    </trkpt>
    <trkpt lat="-19.5849488" lon="134.1975456">
      <ele>366.104</ele>
    </trkpt>
    <trkpt lat="-19.5853976" lon="134.1974184">
      <ele>365.695</ele>
    </trkpt>
    <trkpt lat="-19.5857422" lon="134.1973571">
      <ele>365.188</ele>
    </trkpt>
    <trkpt lat="-19.5862029" lon="134.1972436">
      <ele>365.795</ele>
    </trkpt>
    <trkpt lat="-19.5866922" lon="134.197136">
      <ele>365.282</ele>
    </trkpt>
    <trkpt lat="-19.5871146" lon="134.1970527">
      <ele>364.761</ele>
    </trkpt>
    <trkpt lat="-19.5875105" lon="134.1969893">
      <ele>366.006</ele>
    </trkpt>
    <trkpt lat="-19.587952" lon="134.1969369">
      <ele>366.0</ele>
    </trkpt>
    <trkpt lat="-19.5884198" lon="134.1968807">
      <ele>367.0</ele>
    </trkpt>
    <trkpt lat="-19.5889306" lon="134.1968454">
      <ele>367.357</ele>
    </trkpt>
    <trkpt lat="-19.5894388" lon="134.1968128">
      <ele>367.474</ele>
    </trkpt>
    <trkpt lat="-19.5898737" lon="134.1968163">
      <ele>369.594</ele>
    </trkpt>
    <trkpt lat="-19.5902967" lon="134.1968142">
      <ele>370.495</ele>
    </trkpt>
    <trkpt lat="-19.5932298" lon="134.1969966">
      <ele>370.694</ele>
    </trkpt>
    <trkpt lat="-19.5939689" lon="134.1970073">
      <ele>371.0</ele>
    </trkpt>
    <trkpt lat="-19.5943715" lon="134.1970038">
      <ele>371.0</ele>
    </trkpt>
    <trkpt lat="-19.5949355" lon="134.1969852">
      <ele>369.198</ele>
    </trkpt>
    <trkpt lat="-19.5953292" lon="134.1969643">
      <ele>369.185</ele>
    </trkpt>
    <trkpt lat="-19.5958575" lon="134.196933">
      <ele>372.087</ele>
    </trkpt>
    <trkpt lat="-19.5964581" lon="134.196883">
      <ele>373.0</ele>
    </trkpt>
    <trkpt lat="-19.5982242" lon="134.1966899">
      <ele>370.56</ele>
    </trkpt>
    <trkpt lat="-19.5988825" lon="134.196618">
      <ele>372.3</ele>
    </trkpt>
    <trkpt lat="-19.601115" lon="134.196367">
      <ele>375.987</ele>
    </trkpt>
    <trkpt lat="-19.6012939" lon="134.1963469">
      <ele>375.441</ele>
    </trkpt>
    <trkpt lat="-19.6014727" lon="134.1963268">
      <ele>375.291</ele>
    </trkpt>
    <trkpt lat="-19.602696" lon="134.1961892">
      <ele>375.857</ele>
    </trkpt>
    <trkpt lat="-19.6032614" lon="134.1961256">
      <ele>378.405</ele>
    </trkpt>
    <trkpt lat="-19.6034402" lon="134.1961055">
      <ele>379.008</ele>
    </trkpt>
    <trkpt lat="-19.6038911" lon="134.1960548">
      <ele>377.187</ele>
    </trkpt>
    <trkpt lat="-19.6041711" lon="134.1960213">
      <ele>375.318</ele>
    </trkpt>
    <trkpt lat="-19.6044676" lon="134.19598">
      <ele>374.917</ele>
    </trkpt>
    <trkpt lat="-19.6048755" lon="134.1959164">
      <ele>374.387</ele>
    </trkpt>
    <trkpt lat="-19.6049126" lon="134.1959103">
      <ele>374.495</ele>
    </trkpt>
    <trkpt lat="-19.6060402" lon="134.1957252">
      <ele>378.156</ele>
    </trkpt>
    <trkpt lat="-19.6062405" lon="134.1957652">
      <ele>378.58</ele>
    </trkpt>
    <trkpt lat="-19.6071959" lon="134.1955536">
      <ele>386.723</ele>
    </trkpt>
    <trkpt lat="-19.6077415" lon="134.1954226">
      <ele>392.565</ele>
    </trkpt>
    <trkpt lat="-19.607921" lon="134.1953999">
      <ele>393.41</ele>
    </trkpt>
    <trkpt lat="-19.6086189" lon="134.1952384">
      <ele>395.11</ele>
    </trkpt>
    <trkpt lat="-19.6096627" lon="134.1949653">
      <ele>391.063</ele>
    </trkpt>
    <trkpt lat="-19.609671" lon="134.1949637">
      <ele>391.03</ele>
    </trkpt>
    <trkpt lat="-19.6098482" lon="134.19493">
      <ele>389.727</ele>
    </trkpt>
    <trkpt lat="-19.6099146" lon="134.194912">
      <ele>389.079</ele>
    </trkpt>
    <trkpt lat="-19.6102898" lon="134.1948148">
      <ele>384.913</ele>
    </trkpt>
    <trkpt lat="-19.6115541" lon="134.1944633">
      <ele>384.96</ele>
    </trkpt>
    <trkpt lat="-19.6117974" lon="134.1944152">
      <ele>384.622</ele>
    </trkpt>
    <trkpt lat="-19.6141298" lon="134.1937611">
      <ele>382.867</ele>
    </trkpt>
    <trkpt lat="-19.6150845" lon="134.1935237">
      <ele>384.268</ele>
    </trkpt>
    <trkpt lat="-19.6164934" lon="134.1932018">
      <ele>386.376</ele>
    </trkpt>
    <trkpt lat="-19.6187524" lon="134.192823">
      <ele>391.02</ele>
    </trkpt>
    <trkpt lat="-19.6193385" lon="134.1927439">
      <ele>388.96</ele>
    </trkpt>
    <trkpt lat="-19.6195169" lon="134.1927198">
      <ele>388.885</ele>
    </trkpt>
    <trkpt lat="-19.6196076" lon="134.1927076">
      <ele>389.532</ele>
    </trkpt>
    <trkpt lat="-19.6196956" lon="134.1926981">
      <ele>390.123</ele>
    </trkpt>
    <trkpt lat="-19.6211511" lon="134.1925412">
      <ele>384.729</ele>
    </trkpt>
    <trkpt lat="-19.6221005" lon="134.1924742">
      <ele>386.226</ele>
    </trkpt>
    <trkpt lat="-19.6232926" lon="134.1924081">
      <ele>383.237</ele>
    </trkpt>
    <trkpt lat="-19.6237672" lon="134.1923762">
      <ele>383.75</ele>
    </trkpt>
    <trkpt lat="-19.6252995" lon="134.1923707">
      <ele>380.036</ele>
    </trkpt>
    <trkpt lat="-19.6268128" lon="134.1923812">
      <ele>379.775</ele>
    </trkpt>
    <trkpt lat="-19.6282672" lon="134.1924168">
      <ele>378.833</ele>
    </trkpt>
    <trkpt lat="-19.6307805" lon="134.1924439">
      <ele>374.431</ele>
    </trkpt>
    <trkpt lat="-19.6323734" lon="134.192413">
      <ele>373.884</ele>
    </trkpt>
    <trkpt lat="-19.632508" lon="134.1924016">
      <ele>372.254</ele>
    </trkpt>
    <trkpt lat="-19.6331671" lon="134.1923367">
      <ele>371.011</ele>
    </trkpt>
    <trkpt lat="-19.6333827" lon="134.1923404">
      <ele>370.35</ele>
    </trkpt>
    <trkpt lat="-19.634675" lon="134.1922595">
      <ele>373.451</ele>
    </trkpt>
    <trkpt lat="-19.6353524" lon="134.1921765">
      <ele>373.567</ele>
    </trkpt>
    <trkpt lat="-19.6362183" lon="134.1920721">
      <ele>370.305</ele>
    </trkpt>
    <trkpt lat="-19.6368864" lon="134.1919993">
      <ele>371.395</ele>
    </trkpt>
    <trkpt lat="-19.6372457" lon="134.1919779">
      <ele>373.085</ele>
    </trkpt>
    <trkpt lat="-19.6381093" lon="134.1919264">
      <ele>373.87</ele>
    </trkpt>
    <trkpt lat="-19.638439" lon="134.1918663">
      <ele>373.437</ele>
    </trkpt>
    <trkpt lat="-19.6385322" lon="134.1918962">
      <ele>373.653</ele>
    </trkpt>
    <trkpt lat="-19.6385857" lon="134.191905">
      <ele>373.716</ele>
    </trkpt>
    <trkpt lat="-19.638818" lon="134.1919279">
      <ele>373.925</ele>
    </trkpt>
    <trkpt lat="-19.6390309" lon="134.1918752">
      <ele>373.239</ele>
    </trkpt>
    <trkpt lat="-19.6410587" lon="134.1917436">
      <ele>371.466</ele>
    </trkpt>
    <trkpt lat="-19.6414832" lon="134.1916937">
      <ele>370.967</ele>
    </trkpt>
    <trkpt lat="-19.6441578" lon="134.191436">
      <ele>369.0</ele>
    </trkpt>
    <trkpt lat="-19.644669" lon="134.1913877">
      <ele>369.813</ele>
    </trkpt>
    <trkpt lat="-19.6449509" lon="134.1913553">
      <ele>370.021</ele>
    </trkpt>
    <trkpt lat="-19.64502" lon="134.1913426">
      <ele>369.928</ele>
    </trkpt>
    <trkpt lat="-19.6455334" lon="134.1911757">
      <ele>369.706</ele>
    </trkpt>
    <trkpt lat="-19.6457322" lon="134.1911046">
      <ele>370.636</ele>
    </trkpt>
    <trkpt lat="-19.645841" lon="134.1910657">
      <ele>371.028</ele>
    </trkpt>
    <trkpt lat="-19.645928" lon="134.1910357">
      <ele>371.341</ele>
    </trkpt>
    <trkpt lat="-19.6461897" lon="134.1909547">
      <ele>371.717</ele>
    </trkpt>
    <trkpt lat="-19.6472895" lon="134.1906142">
      <ele>371.0</ele>
    </trkpt>
    <trkpt lat="-19.6477199" lon="134.1904708">
      <ele>371.242</ele>
    </trkpt>
    <trkpt lat="-19.6479341" lon="134.1903952">
      <ele>371.339</ele>
    </trkpt>
    <trkpt lat="-19.6480728" lon="134.1903585">
      <ele>371.375</ele>
    </trkpt>
    <trkpt lat="-19.6498858" lon="134.1897686">
      <ele>369.441</ele>
    </trkpt>
    <trkpt lat="-19.6518788" lon="134.1891222">
      <ele>366.916</ele>
    </trkpt>
    <trkpt lat="-19.6538176" lon="134.1885214">
      <ele>367.017</ele>
    </trkpt>
    <trkpt lat="-19.6544742" lon="134.188288">
      <ele>365.017</ele>
    </trkpt>
    <trkpt lat="-19.6552094" lon="134.1880708">
      <ele>366.754</ele>
    </trkpt>
    <trkpt lat="-19.6554714" lon="134.1879827">
      <ele>366.486</ele>
    </trkpt>
    <trkpt lat="-19.6569714" lon="134.187504">
      <ele>364.903</ele>
    </trkpt>
    <trkpt lat="-19.6570886" lon="134.187465">
      <ele>364.299</ele>
    </trkpt>
    <trkpt lat="-19.657369" lon="134.1873719">
      <ele>363.756</ele>
    </trkpt>
    <trkpt lat="-19.6576027" lon="134.187281">
      <ele>363.133</ele>
    </trkpt>
    <trkpt lat="-19.6578055" lon="134.1872012">
      <ele>363.175</ele>
    </trkpt>
    <trkpt lat="-19.6579911" lon="134.1871376">
      <ele>364.073</ele>
    </trkpt>
    <trkpt lat="-19.6581348" lon="134.1870707">
      <ele>364.52</ele>
    </trkpt>
    <trkpt lat="-19.659033" lon="134.1867884">
      <ele>362.168</ele>
    </trkpt>
    <trkpt lat="-19.6591359" lon="134.1866953">
      <ele>362.004</ele>
    </trkpt>
    <trkpt lat="-19.6601009" lon="134.186457">
      <ele>361.637</ele>
    </trkpt>
    <trkpt lat="-19.6603178" lon="134.1864035">
      <ele>361.0</ele>
    </trkpt>
    <trkpt lat="-19.6610836" lon="134.1862152">
      <ele>361.901</ele>
    </trkpt>
    <trkpt lat="-19.6614698" lon="134.1860995">
      <ele>362.43</ele>
    </trkpt>
    <trkpt lat="-19.661873" lon="134.1859868">
      <ele>359.552</ele>
    </trkpt>
    <trkpt lat="-19.6619144" lon="134.1859725">
      <ele>359.269</ele>
    </trkpt>
    <trkpt lat="-19.6627464" lon="134.1857125">
      <ele>360.194</ele>
    </trkpt>
    <trkpt lat="-19.6633178" lon="134.1855354">
      <ele>362.996</ele>
    </trkpt>
    <trkpt lat="-19.6640352" lon="134.1853032">
      <ele>360.903</ele>
    </trkpt>
    <trkpt lat="-19.6643043" lon="134.1852121">
      <ele>359.387</ele>
    </trkpt>
    <trkpt lat="-19.6653262" lon="134.1848671">
      <ele>360.0</ele>
    </trkpt>
    <trkpt lat="-19.6661927" lon="134.1845452">
      <ele>360.637</ele>
    </trkpt>
  </trkseg>
</trk>
</gpx>
