<?xml version="1.0" encoding="utf-8" standalone="yes"?>
<gpx version="1.1" creator="GPS Visualizer https://www.gpsvisualizer.com/" xmlns="http://www.topografix.com/GPX/1/1" xmlns:xsi="http://www.w3.org/2001/XMLSchema-instance" xsi:schemaLocation="http://www.topografix.com/GPX/1/1 http://www.topografix.com/GPX/1/1/gpx.xsd http://www.garmin.com/xmlschemas/TrackPointExtension/v2 http://www.garmin.com/xmlschemas/TrackPointExtensionv2.xsd http://www.garmin.com/xmlschemas/GpxExtensions/v3 http://www.garmin.com/xmlschemas/GpxExtensionsv3.xsd" xmlns:gpxtpx="http://www.garmin.com/xmlschemas/TrackPointExtension/v2" xmlns:gpxx="http://www.garmin.com/xmlschemas/GpxExtensions/v3">
<trk>
  <name>Route5</name>
  <trkseg>
    <trkpt lat="-21.5294394" lon="133.8891224">
      <ele>510.997</ele>
    </trkpt>
    <trkpt lat="-21.5294394" lon="133.8891224">
      <ele>510.997</ele>
    </trkpt>
    <trkpt lat="-21.5293806" lon="133.8891271">
      <ele>510.967</ele>
    </trkpt>
    <trkpt lat="-21.5293325" lon="133.8891232">
      <ele>510.937</ele>
    </trkpt>
    <trkpt lat="-21.5292779" lon="133.8891169">
      <ele>510.893</ele>
    </trkpt>
    <trkpt lat="-21.5292124" lon="133.8890997">
      <ele>510.799</ele>
    </trkpt>
    <trkpt lat="-21.5290996" lon="133.8890413">
      <ele>510.44</ele>
    </trkpt>
    <trkpt lat="-21.5295716" lon="133.8888241">
      <ele>511.225</ele>
    </trkpt>
    <trkpt lat="-21.5299163" lon="133.8886568">
      <ele>511.05</ele>
    </trkpt>
    <trkpt lat="-21.5301347" lon="133.8885504">
      <ele>511.219</ele>
    </trkpt>
    <trkpt lat="-21.530332" lon="133.8884397">
      <ele>511.617</ele>
    </trkpt>
    <trkpt lat="-21.5305563" lon="133.8882884">
      <ele>512.161</ele>
    </trkpt>
    <trkpt lat="-21.5305586" lon="133.8882869">
      <ele>512.165</ele>
    </trkpt>
    <trkpt lat="-21.5313308" lon="133.8877454">
      <ele>511.582</ele>
    </trkpt>
    <trkpt lat="-21.5318309" lon="133.8873341">
      <ele>509.0</ele>
    </trkpt>
    <trkpt lat="-21.5320758" lon="133.8871188">
      <ele>509.649</ele>
    </trkpt>
    <trkpt lat="-21.532216" lon="133.8869948">
      <ele>510.778</ele>
    </trkpt>
    <trkpt lat="-21.5324135" lon="133.8868064">
      <ele>511.346</ele>
    </trkpt>
    <trkpt lat="-21.5326053" lon="133.8866077">
      <ele>511.379</ele>
    </trkpt>
    <trkpt lat="-21.5329266" lon="133.8862481">
      <ele>512.771</ele>
    </trkpt>
    <trkpt lat="-21.532982" lon="133.8861813">
      <ele>512.933</ele>
    </trkpt>
    <trkpt lat="-21.5331939" lon="133.8859261">
      <ele>513.168</ele>
    </trkpt>
    <trkpt lat="-21.5334416" lon="133.8855909">
      <ele>512.61</ele>
    </trkpt>
    <trkpt lat="-21.5336732" lon="133.8852525">
      <ele>511.95</ele>
    </trkpt>
    <trkpt lat="-21.5338621" lon="133.8849567">
      <ele>512.807</ele>
    </trkpt>
    <trkpt lat="-21.5340512" lon="133.8846594">
      <ele>513.584</ele>
    </trkpt>
    <trkpt lat="-21.5342882" lon="133.8842226">
      <ele>513.213</ele>
    </trkpt>
    <trkpt lat="-21.5345487" lon="133.8836779">
      <ele>509.66</ele>
    </trkpt>
    <trkpt lat="-21.5347097" lon="133.8832872">
      <ele>513.121</ele>
    </trkpt>
    <trkpt lat="-21.5348972" lon="133.8827855">
      <ele>512.398</ele>
    </trkpt>
    <trkpt lat="-21.5350084" lon="133.8824326">
      <ele>510.757</ele>
    </trkpt>
    <trkpt lat="-21.5351121" lon="133.8820868">
      <ele>510.488</ele>
    </trkpt>
    <trkpt lat="-21.5351261" lon="133.8820325">
      <ele>510.683</ele>
    </trkpt>
    <trkpt lat="-21.5351781" lon="133.8818403">
      <ele>511.615</ele>
    </trkpt>
    <trkpt lat="-21.5352266" lon="133.8816453">
      <ele>512.816</ele>
    </trkpt>
    <trkpt lat="-21.5352736" lon="133.8814163">
      <ele>512.985</ele>
    </trkpt>
    <trkpt lat="-21.5353302" lon="133.8811025">
      <ele>512.208</ele>
    </trkpt>
    <trkpt lat="-21.5354721" lon="133.8802825">
      <ele>515.971</ele>
    </trkpt>
    <trkpt lat="-21.5357308" lon="133.8785848">
      <ele>515.297</ele>
    </trkpt>
    <trkpt lat="-21.5358124" lon="133.8780493">
      <ele>516.0</ele>
    </trkpt>
    <trkpt lat="-21.5360765" lon="133.8763248">
      <ele>515.578</ele>
    </trkpt>
    <trkpt lat="-21.5361349" lon="133.8759432">
      <ele>514.481</ele>
    </trkpt>
    <trkpt lat="-21.5365568" lon="133.8731884">
      <ele>518.917</ele>
    </trkpt>
    <trkpt lat="-21.5369079" lon="133.8708989">
      <ele>518.795</ele>
    </trkpt>
    <trkpt lat="-21.5369371" lon="133.8707082">
      <ele>519.439</ele>
    </trkpt>
    <trkpt lat="-21.5370249" lon="133.8701358">
      <ele>523.164</ele>
    </trkpt>
    <trkpt lat="-21.5371311" lon="133.8694432">
      <ele>523.321</ele>
    </trkpt>
    <trkpt lat="-21.5373078" lon="133.8682254">
      <ele>518.308</ele>
    </trkpt>
    <trkpt lat="-21.5373976" lon="133.8676601">
      <ele>519.424</ele>
    </trkpt>
    <trkpt lat="-21.5379616" lon="133.8640731">
      <ele>523.676</ele>
    </trkpt>
    <trkpt lat="-21.5381331" lon="133.8628844">
      <ele>522.444</ele>
    </trkpt>
    <trkpt lat="-21.5381419" lon="133.8628232">
      <ele>522.576</ele>
    </trkpt>
    <trkpt lat="-21.5381656" lon="133.8626943">
      <ele>522.604</ele>
    </trkpt>
    <trkpt lat="-21.5382829" lon="133.8620566">
      <ele>521.585</ele>
    </trkpt>
    <trkpt lat="-21.5384412" lon="133.8612901">
      <ele>522.744</ele>
    </trkpt>
    <trkpt lat="-21.5385989" lon="133.8606194">
      <ele>523.22</ele>
    </trkpt>
    <trkpt lat="-21.5386238" lon="133.8605135">
      <ele>523.046</ele>
    </trkpt>
    <trkpt lat="-21.538645" lon="133.8604325">
      <ele>523.122</ele>
    </trkpt>
    <trkpt lat="-21.5386938" lon="133.8602464">
      <ele>523.411</ele>
    </trkpt>
    <trkpt lat="-21.5388272" lon="133.8597382">
      <ele>524.045</ele>
    </trkpt>
    <trkpt lat="-21.5390329" lon="133.8590189">
      <ele>524.307</ele>
    </trkpt>
    <trkpt lat="-21.5392479" lon="133.8583467">
      <ele>526.952</ele>
    </trkpt>
    <trkpt lat="-21.5395068" lon="133.8576012">
      <ele>526.551</ele>
    </trkpt>
    <trkpt lat="-21.5397154" lon="133.8570293">
      <ele>525.008</ele>
    </trkpt>
    <trkpt lat="-21.5400211" lon="133.8562821">
      <ele>529.105</ele>
    </trkpt>
    <trkpt lat="-21.5413324" lon="133.85303">
      <ele>529.428</ele>
    </trkpt>
    <trkpt lat="-21.5414756" lon="133.852675">
      <ele>528.197</ele>
    </trkpt>
    <trkpt lat="-21.5414762" lon="133.8526735">
      <ele>528.196</ele>
    </trkpt>
    <trkpt lat="-21.5414773" lon="133.8526707">
      <ele>528.196</ele>
    </trkpt>
    <trkpt lat="-21.5415471" lon="133.8524976">
      <ele>528.009</ele>
    </trkpt>
    <trkpt lat="-21.5422697" lon="133.8507057">
      <ele>532.552</ele>
    </trkpt>
    <trkpt lat="-21.5425771" lon="133.8499781">
      <ele>533.492</ele>
    </trkpt>
    <trkpt lat="-21.5427326" lon="133.8496786">
      <ele>536.131</ele>
    </trkpt>
    <trkpt lat="-21.5427342" lon="133.8496755">
      <ele>536.142</ele>
    </trkpt>
    <trkpt lat="-21.5428204" lon="133.8495096">
      <ele>536.612</ele>
    </trkpt>
    <trkpt lat="-21.5429322" lon="133.8492943">
      <ele>535.363</ele>
    </trkpt>
    <trkpt lat="-21.5433142" lon="133.8486121">
      <ele>534.862</ele>
    </trkpt>
    <trkpt lat="-21.543731" lon="133.8479394">
      <ele>536.669</ele>
    </trkpt>
    <trkpt lat="-21.5441802" lon="133.8473281">
      <ele>534.988</ele>
    </trkpt>
    <trkpt lat="-21.5445778" lon="133.8468272">
      <ele>534.0</ele>
    </trkpt>
    <trkpt lat="-21.5446685" lon="133.8467129">
      <ele>534.0</ele>
    </trkpt>
    <trkpt lat="-21.5451858" lon="133.8461307">
      <ele>537.284</ele>
    </trkpt>
    <trkpt lat="-21.545731" lon="133.8455884">
      <ele>536.0</ele>
    </trkpt>
    <trkpt lat="-21.5463383" lon="133.8450452">
      <ele>537.468</ele>
    </trkpt>
    <trkpt lat="-21.5476984" lon="133.843923">
      <ele>536.053</ele>
    </trkpt>
    <trkpt lat="-21.5480546" lon="133.8436218">
      <ele>536.035</ele>
    </trkpt>
    <trkpt lat="-21.54853" lon="133.8432409">
      <ele>538.944</ele>
    </trkpt>
    <trkpt lat="-21.5488615" lon="133.8429698">
      <ele>538.79</ele>
    </trkpt>
    <trkpt lat="-21.5489457" lon="133.8428906">
      <ele>538.119</ele>
    </trkpt>
    <trkpt lat="-21.5492877" lon="133.8426086">
      <ele>538.045</ele>
    </trkpt>
    <trkpt lat="-21.5496894" lon="133.842278">
      <ele>539.61</ele>
    </trkpt>
    <trkpt lat="-21.549806" lon="133.8421914">
      <ele>540.603</ele>
    </trkpt>
    <trkpt lat="-21.5500337" lon="133.8420092">
      <ele>541.943</ele>
    </trkpt>
    <trkpt lat="-21.5503336" lon="133.8417429">
      <ele>540.64</ele>
    </trkpt>
    <trkpt lat="-21.5507277" lon="133.8414049">
      <ele>538.46</ele>
    </trkpt>
    <trkpt lat="-21.550865" lon="133.841278">
      <ele>537.555</ele>
    </trkpt>
    <trkpt lat="-21.551095" lon="133.8410727">
      <ele>535.92</ele>
    </trkpt>
    <trkpt lat="-21.5515221" lon="133.8406943">
      <ele>537.48</ele>
    </trkpt>
    <trkpt lat="-21.5519114" lon="133.8403035">
      <ele>536.985</ele>
    </trkpt>
    <trkpt lat="-21.5519714" lon="133.8402433">
      <ele>536.876</ele>
    </trkpt>
    <trkpt lat="-21.552042" lon="133.8401707">
      <ele>536.615</ele>
    </trkpt>
    <trkpt lat="-21.5521117" lon="133.8400991">
      <ele>536.357</ele>
    </trkpt>
    <trkpt lat="-21.552351" lon="133.839841">
      <ele>536.505</ele>
    </trkpt>
    <trkpt lat="-21.5525672" lon="133.8395953">
      <ele>536.609</ele>
    </trkpt>
    <trkpt lat="-21.5527811" lon="133.8393323">
      <ele>536.014</ele>
    </trkpt>
    <trkpt lat="-21.5530143" lon="133.8390355">
      <ele>535.528</ele>
    </trkpt>
    <trkpt lat="-21.5533693" lon="133.8385648">
      <ele>535.404</ele>
    </trkpt>
    <trkpt lat="-21.5536737" lon="133.8381505">
      <ele>536.567</ele>
    </trkpt>
    <trkpt lat="-21.5542282" lon="133.8373777">
      <ele>534.781</ele>
    </trkpt>
    <trkpt lat="-21.5546778" lon="133.8367482">
      <ele>534.134</ele>
    </trkpt>
    <trkpt lat="-21.5547874" lon="133.8365948">
      <ele>534.15</ele>
    </trkpt>
    <trkpt lat="-21.555167" lon="133.8360633">
      <ele>535.099</ele>
    </trkpt>
    <trkpt lat="-21.5556782" lon="133.8353396">
      <ele>533.664</ele>
    </trkpt>
    <trkpt lat="-21.5561808" lon="133.834646">
      <ele>534.726</ele>
    </trkpt>
    <trkpt lat="-21.5567554" lon="133.8338529">
      <ele>535.917</ele>
    </trkpt>
    <trkpt lat="-21.5569349" lon="133.833594">
      <ele>534.071</ele>
    </trkpt>
    <trkpt lat="-21.5571485" lon="133.8332889">
      <ele>532.808</ele>
    </trkpt>
    <trkpt lat="-21.5574005" lon="133.832952">
      <ele>535.015</ele>
    </trkpt>
    <trkpt lat="-21.5578083" lon="133.8323599">
      <ele>532.386</ele>
    </trkpt>
    <trkpt lat="-21.5582574" lon="133.8317471">
      <ele>534.194</ele>
    </trkpt>
    <trkpt lat="-21.5586033" lon="133.8312631">
      <ele>533.532</ele>
    </trkpt>
    <trkpt lat="-21.558829" lon="133.8309505">
      <ele>533.784</ele>
    </trkpt>
    <trkpt lat="-21.5593335" lon="133.8302316">
      <ele>531.934</ele>
    </trkpt>
    <trkpt lat="-21.5598863" lon="133.829474">
      <ele>533.484</ele>
    </trkpt>
    <trkpt lat="-21.5604449" lon="133.8286966">
      <ele>533.797</ele>
    </trkpt>
    <trkpt lat="-21.5608928" lon="133.8280919">
      <ele>534.484</ele>
    </trkpt>
    <trkpt lat="-21.5611935" lon="133.8276483">
      <ele>532.989</ele>
    </trkpt>
    <trkpt lat="-21.5614162" lon="133.8273329">
      <ele>533.039</ele>
    </trkpt>
    <trkpt lat="-21.5618132" lon="133.8267915">
      <ele>532.788</ele>
    </trkpt>
    <trkpt lat="-21.5619246" lon="133.8266396">
      <ele>533.097</ele>
    </trkpt>
    <trkpt lat="-21.5620333" lon="133.8264914">
      <ele>533.429</ele>
    </trkpt>
    <trkpt lat="-21.5625505" lon="133.8257612">
      <ele>532.818</ele>
    </trkpt>
    <trkpt lat="-21.5627465" lon="133.8254798">
      <ele>531.84</ele>
    </trkpt>
    <trkpt lat="-21.5630033" lon="133.8251357">
      <ele>532.208</ele>
    </trkpt>
    <trkpt lat="-21.5634403" lon="133.8245232">
      <ele>530.787</ele>
    </trkpt>
    <trkpt lat="-21.5636253" lon="133.8242732">
      <ele>532.051</ele>
    </trkpt>
    <trkpt lat="-21.5643421" lon="133.8232982">
      <ele>533.92</ele>
    </trkpt>
    <trkpt lat="-21.5647766" lon="133.8226517">
      <ele>530.258</ele>
    </trkpt>
    <trkpt lat="-21.5653047" lon="133.8219125">
      <ele>528.365</ele>
    </trkpt>
    <trkpt lat="-21.5661235" lon="133.8208061">
      <ele>533.004</ele>
    </trkpt>
    <trkpt lat="-21.5663955" lon="133.8204359">
      <ele>531.838</ele>
    </trkpt>
    <trkpt lat="-21.5666585" lon="133.8200626">
      <ele>532.781</ele>
    </trkpt>
    <trkpt lat="-21.5673179" lon="133.8190926">
      <ele>528.083</ele>
    </trkpt>
    <trkpt lat="-21.5674946" lon="133.818852">
      <ele>527.039</ele>
    </trkpt>
    <trkpt lat="-21.5682511" lon="133.817829">
      <ele>526.574</ele>
    </trkpt>
    <trkpt lat="-21.5684125" lon="133.8175882">
      <ele>527.967</ele>
    </trkpt>
    <trkpt lat="-21.5697891" lon="133.8156852">
      <ele>526.405</ele>
    </trkpt>
    <trkpt lat="-21.5701267" lon="133.8152185">
      <ele>527.019</ele>
    </trkpt>
    <trkpt lat="-21.5707774" lon="133.8143067">
      <ele>526.0</ele>
    </trkpt>
    <trkpt lat="-21.5708869" lon="133.8141532">
      <ele>526.135</ele>
    </trkpt>
    <trkpt lat="-21.5711754" lon="133.8137488">
      <ele>525.231</ele>
    </trkpt>
    <trkpt lat="-21.571773" lon="133.8129172">
      <ele>526.307</ele>
    </trkpt>
    <trkpt lat="-21.5719941" lon="133.8126317">
      <ele>526.526</ele>
    </trkpt>
    <trkpt lat="-21.5722156" lon="133.8123381">
      <ele>528.166</ele>
    </trkpt>
    <trkpt lat="-21.57292" lon="133.8113567">
      <ele>526.14</ele>
    </trkpt>
    <trkpt lat="-21.5736463" lon="133.8103479">
      <ele>527.632</ele>
    </trkpt>
    <trkpt lat="-21.5739936" lon="133.8098509">
      <ele>528.84</ele>
    </trkpt>
    <trkpt lat="-21.5741152" lon="133.8096708">
      <ele>528.78</ele>
    </trkpt>
    <trkpt lat="-21.5743494" lon="133.809293">
      <ele>529.0</ele>
    </trkpt>
    <trkpt lat="-21.5745699" lon="133.8088918">
      <ele>528.097</ele>
    </trkpt>
    <trkpt lat="-21.5746487" lon="133.8087419">
      <ele>526.72</ele>
    </trkpt>
    <trkpt lat="-21.5747616" lon="133.8085233">
      <ele>526.0</ele>
    </trkpt>
    <trkpt lat="-21.5748137" lon="133.8084104">
      <ele>526.0</ele>
    </trkpt>
    <trkpt lat="-21.5764535" lon="133.8046199">
      <ele>526.756</ele>
    </trkpt>
    <trkpt lat="-21.576724" lon="133.804013">
      <ele>528.114</ele>
    </trkpt>
    <trkpt lat="-21.5768018" lon="133.8038385">
      <ele>528.575</ele>
    </trkpt>
    <trkpt lat="-21.5768795" lon="133.8036641">
      <ele>529.386</ele>
    </trkpt>
    <trkpt lat="-21.5769594" lon="133.8034849">
      <ele>529.546</ele>
    </trkpt>
    <trkpt lat="-21.5772316" lon="133.802818">
      <ele>526.116</ele>
    </trkpt>
    <trkpt lat="-21.5773607" lon="133.8024762">
      <ele>524.917</ele>
    </trkpt>
    <trkpt lat="-21.5774919" lon="133.8021037">
      <ele>523.046</ele>
    </trkpt>
    <trkpt lat="-21.5775802" lon="133.8018465">
      <ele>523.251</ele>
    </trkpt>
    <trkpt lat="-21.5777121" lon="133.8014027">
      <ele>523.236</ele>
    </trkpt>
    <trkpt lat="-21.5777851" lon="133.8011389">
      <ele>522.097</ele>
    </trkpt>
    <trkpt lat="-21.5778262" lon="133.8010019">
      <ele>522.0</ele>
    </trkpt>
    <trkpt lat="-21.5778376" lon="133.800956">
      <ele>522.0</ele>
    </trkpt>
    <trkpt lat="-21.57787" lon="133.8008258">
      <ele>522.0</ele>
    </trkpt>
    <trkpt lat="-21.5782442" lon="133.799072">
      <ele>524.249</ele>
    </trkpt>
    <trkpt lat="-21.5782844" lon="133.7988834">
      <ele>524.472</ele>
    </trkpt>
    <trkpt lat="-21.5784377" lon="133.7981647">
      <ele>522.789</ele>
    </trkpt>
    <trkpt lat="-21.5784431" lon="133.7981517">
      <ele>522.693</ele>
    </trkpt>
    <trkpt lat="-21.5784717" lon="133.7980293">
      <ele>522.003</ele>
    </trkpt>
    <trkpt lat="-21.5784928" lon="133.7979386">
      <ele>521.914</ele>
    </trkpt>
    <trkpt lat="-21.5785943" lon="133.7975719">
      <ele>522.741</ele>
    </trkpt>
    <trkpt lat="-21.5786152" lon="133.7974962">
      <ele>523.0</ele>
    </trkpt>
    <trkpt lat="-21.5787266" lon="133.7971304">
      <ele>522.254</ele>
    </trkpt>
    <trkpt lat="-21.578762" lon="133.7970204">
      <ele>521.73</ele>
    </trkpt>
    <trkpt lat="-21.5788209" lon="133.7968377">
      <ele>521.151</ele>
    </trkpt>
    <trkpt lat="-21.5789011" lon="133.7965891">
      <ele>520.442</ele>
    </trkpt>
    <trkpt lat="-21.5790111" lon="133.7962948">
      <ele>519.0</ele>
    </trkpt>
    <trkpt lat="-21.5790195" lon="133.7962723">
      <ele>519.0</ele>
    </trkpt>
    <trkpt lat="-21.5790508" lon="133.7961969">
      <ele>519.0</ele>
    </trkpt>
    <trkpt lat="-21.5796593" lon="133.7946997">
      <ele>517.692</ele>
    </trkpt>
    <trkpt lat="-21.5797313" lon="133.7945225">
      <ele>517.337</ele>
    </trkpt>
    <trkpt lat="-21.5803796" lon="133.7929273">
      <ele>518.513</ele>
    </trkpt>
    <trkpt lat="-21.5812884" lon="133.7906909">
      <ele>512.638</ele>
    </trkpt>
    <trkpt lat="-21.5830863" lon="133.7862586">
      <ele>511.118</ele>
    </trkpt>
    <trkpt lat="-21.5835177" lon="133.7851949">
      <ele>512.702</ele>
    </trkpt>
    <trkpt lat="-21.5835896" lon="133.7850176">
      <ele>512.063</ele>
    </trkpt>
    <trkpt lat="-21.584605" lon="133.7825142">
      <ele>512.073</ele>
    </trkpt>
    <trkpt lat="-21.585248" lon="133.7809418">
      <ele>511.674</ele>
    </trkpt>
    <trkpt lat="-21.587017" lon="133.776616">
      <ele>508.578</ele>
    </trkpt>
    <trkpt lat="-21.587151" lon="133.7763489">
      <ele>509.893</ele>
    </trkpt>
    <trkpt lat="-21.587433" lon="133.7757869">
      <ele>508.0</ele>
    </trkpt>
    <trkpt lat="-21.587906" lon="133.7749769">
      <ele>509.545</ele>
    </trkpt>
    <trkpt lat="-21.588425" lon="133.774198">
      <ele>510.037</ele>
    </trkpt>
    <trkpt lat="-21.5886301" lon="133.7739286">
      <ele>511.724</ele>
    </trkpt>
    <trkpt lat="-21.5887441" lon="133.7737789">
      <ele>512.0</ele>
    </trkpt>
    <trkpt lat="-21.588858" lon="133.7736293">
      <ele>512.0</ele>
    </trkpt>
    <trkpt lat="-21.588972" lon="133.7734796">
      <ele>511.211</ele>
    </trkpt>
    <trkpt lat="-21.588993" lon="133.773452">
      <ele>511.015</ele>
    </trkpt>
    <trkpt lat="-21.58961" lon="133.772749">
      <ele>506.596</ele>
    </trkpt>
    <trkpt lat="-21.590251" lon="133.7720969">
      <ele>506.957</ele>
    </trkpt>
    <trkpt lat="-21.5909226" lon="133.7714796">
      <ele>506.352</ele>
    </trkpt>
    <trkpt lat="-21.5910594" lon="133.7713539">
      <ele>506.084</ele>
    </trkpt>
    <trkpt lat="-21.593794" lon="133.7688403">
      <ele>508.885</ele>
    </trkpt>
    <trkpt lat="-21.5962551" lon="133.766578">
      <ele>510.009</ele>
    </trkpt>
    <trkpt lat="-21.5963918" lon="133.7664524">
      <ele>509.221</ele>
    </trkpt>
    <trkpt lat="-21.5974856" lon="133.7654468">
      <ele>506.608</ele>
    </trkpt>
    <trkpt lat="-21.6014482" lon="133.761804">
      <ele>508.892</ele>
    </trkpt>
    <trkpt lat="-21.6040482" lon="133.7594186">
      <ele>508.0</ele>
    </trkpt>
    <trkpt lat="-21.604185" lon="133.7592931">
      <ele>507.934</ele>
    </trkpt>
    <trkpt lat="-21.6077429" lon="133.7560287">
      <ele>501.682</ele>
    </trkpt>
    <trkpt lat="-21.6078797" lon="133.7559032">
      <ele>503.323</ele>
    </trkpt>
    <trkpt lat="-21.6103428" lon="133.7536431">
      <ele>507.059</ele>
    </trkpt>
    <trkpt lat="-21.6104796" lon="133.7535176">
      <ele>508.08</ele>
    </trkpt>
    <trkpt lat="-21.6106164" lon="133.753392">
      <ele>507.541</ele>
    </trkpt>
    <trkpt lat="-21.612601" lon="133.751571">
      <ele>505.762</ele>
    </trkpt>
    <trkpt lat="-21.6143092" lon="133.7499995">
      <ele>507.973</ele>
    </trkpt>
    <trkpt lat="-21.6156761" lon="133.748742">
      <ele>504.324</ele>
    </trkpt>
    <trkpt lat="-21.6158128" lon="133.7486163">
      <ele>504.964</ele>
    </trkpt>
    <trkpt lat="-21.6167696" lon="133.747736">
      <ele>504.056</ele>
    </trkpt>
    <trkpt lat="-21.6177264" lon="133.7468557">
      <ele>507.445</ele>
    </trkpt>
    <trkpt lat="-21.6178631" lon="133.74673">
      <ele>507.395</ele>
    </trkpt>
    <trkpt lat="-21.6179998" lon="133.7466042">
      <ele>507.156</ele>
    </trkpt>
    <trkpt lat="-21.622139" lon="133.7427959">
      <ele>507.065</ele>
    </trkpt>
    <trkpt lat="-21.622626" lon="133.7423819">
      <ele>505.972</ele>
    </trkpt>
    <trkpt lat="-21.62313" lon="133.7419889">
      <ele>507.615</ele>
    </trkpt>
    <trkpt lat="-21.6234125" lon="133.741792">
      <ele>507.156</ele>
    </trkpt>
    <trkpt lat="-21.623647" lon="133.741612">
      <ele>507.958</ele>
    </trkpt>
    <trkpt lat="-21.624196" lon="133.741264">
      <ele>510.047</ele>
    </trkpt>
    <trkpt lat="-21.624757" lon="133.7409329">
      <ele>509.83</ele>
    </trkpt>
    <trkpt lat="-21.625337" lon="133.7406329">
      <ele>510.562</ele>
    </trkpt>
    <trkpt lat="-21.6254567" lon="133.7405797">
      <ele>510.938</ele>
    </trkpt>
    <trkpt lat="-21.6258631" lon="133.7403992">
      <ele>511.558</ele>
    </trkpt>
    <trkpt lat="-21.6261819" lon="133.7402608">
      <ele>511.935</ele>
    </trkpt>
    <trkpt lat="-21.6271407" lon="133.7399021">
      <ele>505.014</ele>
    </trkpt>
    <trkpt lat="-21.6274806" lon="133.739775">
      <ele>508.48</ele>
    </trkpt>
    <trkpt lat="-21.627957" lon="133.7395769">
      <ele>510.43</ele>
    </trkpt>
    <trkpt lat="-21.6285779" lon="133.7393545">
      <ele>511.155</ele>
    </trkpt>
    <trkpt lat="-21.6286661" lon="133.7393202">
      <ele>511.303</ele>
    </trkpt>
    <trkpt lat="-21.6288353" lon="133.7392545">
      <ele>511.439</ele>
    </trkpt>
    <trkpt lat="-21.6295152" lon="133.7389904">
      <ele>510.527</ele>
    </trkpt>
    <trkpt lat="-21.6312656" lon="133.7383267">
      <ele>509.444</ele>
    </trkpt>
    <trkpt lat="-21.6324779" lon="133.737868">
      <ele>511.245</ele>
    </trkpt>
    <trkpt lat="-21.6325659" lon="133.7378356">
      <ele>510.546</ele>
    </trkpt>
    <trkpt lat="-21.6329063" lon="133.7377102">
      <ele>507.425</ele>
    </trkpt>
    <trkpt lat="-21.6331767" lon="133.7376106">
      <ele>507.27</ele>
    </trkpt>
    <trkpt lat="-21.6335921" lon="133.7374861">
      <ele>509.813</ele>
    </trkpt>
    <trkpt lat="-21.633771" lon="133.7374487">
      <ele>510.604</ele>
    </trkpt>
    <trkpt lat="-21.6341241" lon="133.7373749">
      <ele>512.297</ele>
    </trkpt>
    <trkpt lat="-21.6341557" lon="133.7373683">
      <ele>512.435</ele>
    </trkpt>
    <trkpt lat="-21.634453" lon="133.737317">
      <ele>514.699</ele>
    </trkpt>
    <trkpt lat="-21.6349949" lon="133.7372879">
      <ele>515.309</ele>
    </trkpt>
    <trkpt lat="-21.6353258" lon="133.7372914">
      <ele>517.14</ele>
    </trkpt>
    <trkpt lat="-21.6357019" lon="133.7373085">
      <ele>519.2</ele>
    </trkpt>
    <trkpt lat="-21.6361022" lon="133.7373538">
      <ele>519.002</ele>
    </trkpt>
    <trkpt lat="-21.636272" lon="133.7373874">
      <ele>519.344</ele>
    </trkpt>
    <trkpt lat="-21.6363743" lon="133.7374077">
      <ele>519.633</ele>
    </trkpt>
    <trkpt lat="-21.6364485" lon="133.7374246">
      <ele>519.943</ele>
    </trkpt>
    <trkpt lat="-21.6368721" lon="133.7375213">
      <ele>521.853</ele>
    </trkpt>
    <trkpt lat="-21.6369749" lon="133.7375515">
      <ele>522.501</ele>
    </trkpt>
    <trkpt lat="-21.6371484" lon="133.7376025">
      <ele>523.743</ele>
    </trkpt>
    <trkpt lat="-21.6371857" lon="133.7376134">
      <ele>524.04</ele>
    </trkpt>
    <trkpt lat="-21.6375745" lon="133.7377609">
      <ele>527.163</ele>
    </trkpt>
    <trkpt lat="-21.6379879" lon="133.7379477">
      <ele>528.93</ele>
    </trkpt>
    <trkpt lat="-21.6381538" lon="133.7380226">
      <ele>529.29</ele>
    </trkpt>
    <trkpt lat="-21.6381703" lon="133.7380301">
      <ele>529.312</ele>
    </trkpt>
    <trkpt lat="-21.6383143" lon="133.7381097">
      <ele>529.653</ele>
    </trkpt>
    <trkpt lat="-21.6383822" lon="133.7381472">
      <ele>529.816</ele>
    </trkpt>
    <trkpt lat="-21.6387168" lon="133.7383497">
      <ele>529.095</ele>
    </trkpt>
    <trkpt lat="-21.6389308" lon="133.7385071">
      <ele>529.644</ele>
    </trkpt>
    <trkpt lat="-21.63906" lon="133.7386021">
      <ele>529.412</ele>
    </trkpt>
    <trkpt lat="-21.6392214" lon="133.738735">
      <ele>528.269</ele>
    </trkpt>
    <trkpt lat="-21.6393642" lon="133.7388526">
      <ele>526.801</ele>
    </trkpt>
    <trkpt lat="-21.639507" lon="133.7389703">
      <ele>525.484</ele>
    </trkpt>
    <trkpt lat="-21.6396498" lon="133.739088">
      <ele>523.992</ele>
    </trkpt>
    <trkpt lat="-21.6397184" lon="133.7391445">
      <ele>523.12</ele>
    </trkpt>
    <trkpt lat="-21.6401713" lon="133.7394973">
      <ele>520.074</ele>
    </trkpt>
    <trkpt lat="-21.6405908" lon="133.7397953">
      <ele>517.239</ele>
    </trkpt>
    <trkpt lat="-21.6409194" lon="133.7399868">
      <ele>515.348</ele>
    </trkpt>
    <trkpt lat="-21.6414129" lon="133.7402358">
      <ele>514.762</ele>
    </trkpt>
    <trkpt lat="-21.6416654" lon="133.7403421">
      <ele>514.006</ele>
    </trkpt>
    <trkpt lat="-21.6419093" lon="133.7404447">
      <ele>512.253</ele>
    </trkpt>
    <trkpt lat="-21.6422821" lon="133.7405715">
      <ele>512.306</ele>
    </trkpt>
    <trkpt lat="-21.6429523" lon="133.7408188">
      <ele>510.372</ele>
    </trkpt>
    <trkpt lat="-21.6438757" lon="133.7411618">
      <ele>506.039</ele>
    </trkpt>
    <trkpt lat="-21.6441755" lon="133.7412732">
      <ele>506.565</ele>
    </trkpt>
    <trkpt lat="-21.6443855" lon="133.7413519">
      <ele>506.184</ele>
    </trkpt>
    <trkpt lat="-21.6445554" lon="133.7414155">
      <ele>505.696</ele>
    </trkpt>
    <trkpt lat="-21.6447252" lon="133.7414791">
      <ele>505.321</ele>
    </trkpt>
    <trkpt lat="-21.6447775" lon="133.7414987">
      <ele>505.317</ele>
    </trkpt>
    <trkpt lat="-21.646026" lon="133.7419518">
      <ele>506.026</ele>
    </trkpt>
    <trkpt lat="-21.6465394" lon="133.742133">
      <ele>506.164</ele>
    </trkpt>
    <trkpt lat="-21.6476983" lon="133.7425675">
      <ele>503.503</ele>
    </trkpt>
    <trkpt lat="-21.6482069" lon="133.7427435">
      <ele>503.545</ele>
    </trkpt>
    <trkpt lat="-21.6486101" lon="133.7428839">
      <ele>503.384</ele>
    </trkpt>
    <trkpt lat="-21.6491676" lon="133.7430839">
      <ele>502.105</ele>
    </trkpt>
    <trkpt lat="-21.650228" lon="133.743463">
      <ele>502.096</ele>
    </trkpt>
    <trkpt lat="-21.6512493" lon="133.7437881">
      <ele>502.181</ele>
    </trkpt>
    <trkpt lat="-21.651526" lon="133.7438722">
      <ele>503.018</ele>
    </trkpt>
    <trkpt lat="-21.6516991" lon="133.7439247">
      <ele>504.117</ele>
    </trkpt>
    <trkpt lat="-21.6522184" lon="133.7440825">
      <ele>505.687</ele>
    </trkpt>
    <trkpt lat="-21.6544687" lon="133.744766">
      <ele>501.231</ele>
    </trkpt>
    <trkpt lat="-21.6545011" lon="133.7447758">
      <ele>501.358</ele>
    </trkpt>
    <trkpt lat="-21.6546419" lon="133.7448183">
      <ele>501.811</ele>
    </trkpt>
    <trkpt lat="-21.6557113" lon="133.7451408">
      <ele>504.499</ele>
    </trkpt>
    <trkpt lat="-21.656719" lon="133.7454493">
      <ele>504.357</ele>
    </trkpt>
    <trkpt lat="-21.656892" lon="133.7455023">
      <ele>503.842</ele>
    </trkpt>
    <trkpt lat="-21.658622" lon="133.7460319">
      <ele>502.028</ele>
    </trkpt>
    <trkpt lat="-21.658795" lon="133.7460848">
      <ele>502.599</ele>
    </trkpt>
    <trkpt lat="-21.658968" lon="133.7461378">
      <ele>502.811</ele>
    </trkpt>
    <trkpt lat="-21.6645039" lon="133.7478327">
      <ele>499.198</ele>
    </trkpt>
    <trkpt lat="-21.6646769" lon="133.7478857">
      <ele>499.389</ele>
    </trkpt>
    <trkpt lat="-21.6670681" lon="133.7486178">
      <ele>496.469</ele>
    </trkpt>
    <trkpt lat="-21.669173" lon="133.7492696">
      <ele>492.333</ele>
    </trkpt>
    <trkpt lat="-21.6693458" lon="133.7493232">
      <ele>491.637</ele>
    </trkpt>
    <trkpt lat="-21.6695187" lon="133.7493767">
      <ele>491.643</ele>
    </trkpt>
    <trkpt lat="-21.6698644" lon="133.7494838">
      <ele>492.0</ele>
    </trkpt>
    <trkpt lat="-21.6700372" lon="133.7495373">
      <ele>491.911</ele>
    </trkpt>
    <trkpt lat="-21.6702101" lon="133.7495908">
      <ele>491.642</ele>
    </trkpt>
    <trkpt lat="-21.6709015" lon="133.7498049">
      <ele>495.298</ele>
    </trkpt>
    <trkpt lat="-21.6710743" lon="133.7498584">
      <ele>495.49</ele>
    </trkpt>
    <trkpt lat="-21.6719386" lon="133.7501261">
      <ele>490.919</ele>
    </trkpt>
    <trkpt lat="-21.6738399" lon="133.7507149">
      <ele>497.074</ele>
    </trkpt>
    <trkpt lat="-21.6750354" lon="133.7510852">
      <ele>492.081</ele>
    </trkpt>
    <trkpt lat="-21.6767638" lon="133.7516209">
      <ele>490.893</ele>
    </trkpt>
    <trkpt lat="-21.6769366" lon="133.7516745">
      <ele>491.001</ele>
    </trkpt>
    <trkpt lat="-21.6798748" lon="133.7525853">
      <ele>492.169</ele>
    </trkpt>
    <trkpt lat="-21.6798894" lon="133.7525898">
      <ele>492.195</ele>
    </trkpt>
    <trkpt lat="-21.6803024" lon="133.7527189">
      <ele>491.611</ele>
    </trkpt>
    <trkpt lat="-21.6806848" lon="133.7528158">
      <ele>489.672</ele>
    </trkpt>
    <trkpt lat="-21.6810581" lon="133.7528939">
      <ele>489.756</ele>
    </trkpt>
    <trkpt lat="-21.681398" lon="133.75295">
      <ele>490.64</ele>
    </trkpt>
    <trkpt lat="-21.6816325" lon="133.7529819">
      <ele>491.379</ele>
    </trkpt>
    <trkpt lat="-21.68222" lon="133.7530619">
      <ele>491.023</ele>
    </trkpt>
    <trkpt lat="-21.693373" lon="133.754188">
      <ele>491.209</ele>
    </trkpt>
    <trkpt lat="-21.6941959" lon="133.754272">
      <ele>490.758</ele>
    </trkpt>
    <trkpt lat="-21.6949666" lon="133.7543489">
      <ele>491.577</ele>
    </trkpt>
    <trkpt lat="-21.7057744" lon="133.7554395">
      <ele>494.206</ele>
    </trkpt>
    <trkpt lat="-21.7063864" lon="133.7554965">
      <ele>492.216</ele>
    </trkpt>
    <trkpt lat="-21.7071234" lon="133.7555711">
      <ele>492.376</ele>
    </trkpt>
    <trkpt lat="-21.7073295" lon="133.7555885">
      <ele>490.933</ele>
    </trkpt>
    <trkpt lat="-21.7079324" lon="133.7556184">
      <ele>491.292</ele>
    </trkpt>
    <trkpt lat="-21.708455" lon="133.755619">
      <ele>493.672</ele>
    </trkpt>
    <trkpt lat="-21.709179" lon="133.755586">
      <ele>493.084</ele>
    </trkpt>
    <trkpt lat="-21.710064" lon="133.755482">
      <ele>494.0</ele>
    </trkpt>
    <trkpt lat="-21.7105027" lon="133.7554087">
      <ele>494.046</ele>
    </trkpt>
    <trkpt lat="-21.7107045" lon="133.7553668">
      <ele>494.895</ele>
    </trkpt>
    <trkpt lat="-21.7110673" lon="133.7552915">
      <ele>495.142</ele>
    </trkpt>
    <trkpt lat="-21.711729" lon="133.7551311">
      <ele>493.696</ele>
    </trkpt>
    <trkpt lat="-21.7121057" lon="133.7550174">
      <ele>494.607</ele>
    </trkpt>
    <trkpt lat="-21.712306" lon="133.754957">
      <ele>495.193</ele>
    </trkpt>
    <trkpt lat="-21.7126195" lon="133.754841">
      <ele>496.246</ele>
    </trkpt>
    <trkpt lat="-21.7127896" lon="133.7547781">
      <ele>496.756</ele>
    </trkpt>
    <trkpt lat="-21.7129597" lon="133.7547152">
      <ele>496.362</ele>
    </trkpt>
    <trkpt lat="-21.713182" lon="133.754633">
      <ele>494.956</ele>
    </trkpt>
    <trkpt lat="-21.7136459" lon="133.7544302">
      <ele>492.038</ele>
    </trkpt>
    <trkpt lat="-21.7140415" lon="133.754246">
      <ele>490.893</ele>
    </trkpt>
    <trkpt lat="-21.7145338" lon="133.7539834">
      <ele>491.322</ele>
    </trkpt>
    <trkpt lat="-21.7151451" lon="133.7536272">
      <ele>492.0</ele>
    </trkpt>
    <trkpt lat="-21.7156425" lon="133.753303">
      <ele>491.095</ele>
    </trkpt>
    <trkpt lat="-21.7159949" lon="133.753048">
      <ele>488.859</ele>
    </trkpt>
    <trkpt lat="-21.7161442" lon="133.75294">
      <ele>487.95</ele>
    </trkpt>
    <trkpt lat="-21.7162212" lon="133.7528842">
      <ele>487.756</ele>
    </trkpt>
    <trkpt lat="-21.7166736" lon="133.7525344">
      <ele>489.898</ele>
    </trkpt>
    <trkpt lat="-21.717051" lon="133.752202">
      <ele>492.073</ele>
    </trkpt>
    <trkpt lat="-21.7176334" lon="133.7516433">
      <ele>491.12</ele>
    </trkpt>
    <trkpt lat="-21.7177948" lon="133.7514885">
      <ele>491.182</ele>
    </trkpt>
    <trkpt lat="-21.7211427" lon="133.7482572">
      <ele>492.16</ele>
    </trkpt>
    <trkpt lat="-21.7212766" lon="133.748128">
      <ele>492.143</ele>
    </trkpt>
    <trkpt lat="-21.7218122" lon="133.747611">
      <ele>488.343</ele>
    </trkpt>
    <trkpt lat="-21.7235531" lon="133.7459306">
      <ele>487.904</ele>
    </trkpt>
    <trkpt lat="-21.723687" lon="133.7458014">
      <ele>486.442</ele>
    </trkpt>
    <trkpt lat="-21.723763" lon="133.745728">
      <ele>486.325</ele>
    </trkpt>
    <trkpt lat="-21.7244995" lon="133.7449645">
      <ele>488.674</ele>
    </trkpt>
    <trkpt lat="-21.724712" lon="133.7447261">
      <ele>487.051</ele>
    </trkpt>
    <trkpt lat="-21.7252803" lon="133.7440478">
      <ele>487.576</ele>
    </trkpt>
    <trkpt lat="-21.7256627" lon="133.743528">
      <ele>487.402</ele>
    </trkpt>
    <trkpt lat="-21.7259695" lon="133.7430742">
      <ele>484.559</ele>
    </trkpt>
    <trkpt lat="-21.72598" lon="133.7430587">
      <ele>484.539</ele>
    </trkpt>
    <trkpt lat="-21.7260689" lon="133.7429128">
      <ele>485.44</ele>
    </trkpt>
    <trkpt lat="-21.7261675" lon="133.7427509">
      <ele>485.913</ele>
    </trkpt>
    <trkpt lat="-21.72619" lon="133.742714">
      <ele>486.011</ele>
    </trkpt>
    <trkpt lat="-21.7262651" lon="133.7425882">
      <ele>486.506</ele>
    </trkpt>
    <trkpt lat="-21.726378" lon="133.742399">
      <ele>487.349</ele>
    </trkpt>
    <trkpt lat="-21.7266445" lon="133.7419303">
      <ele>484.906</ele>
    </trkpt>
    <trkpt lat="-21.7268785" lon="133.7415186">
      <ele>483.356</ele>
    </trkpt>
    <trkpt lat="-21.7276446" lon="133.7401231">
      <ele>485.847</ele>
    </trkpt>
    <trkpt lat="-21.7287088" lon="133.7382322">
      <ele>482.508</ele>
    </trkpt>
    <trkpt lat="-21.729879" lon="133.7361182">
      <ele>484.0</ele>
    </trkpt>
    <trkpt lat="-21.7305311" lon="133.7349571">
      <ele>482.683</ele>
    </trkpt>
    <trkpt lat="-21.7306053" lon="133.7348249">
      <ele>482.078</ele>
    </trkpt>
    <trkpt lat="-21.730809" lon="133.7344592">
      <ele>480.092</ele>
    </trkpt>
    <trkpt lat="-21.7311651" lon="133.7338199">
      <ele>481.309</ele>
    </trkpt>
    <trkpt lat="-21.7318905" lon="133.7325137">
      <ele>483.885</ele>
    </trkpt>
    <trkpt lat="-21.7326558" lon="133.731136">
      <ele>482.4</ele>
    </trkpt>
    <trkpt lat="-21.732941" lon="133.7306227">
      <ele>481.958</ele>
    </trkpt>
    <trkpt lat="-21.7331371" lon="133.730264">
      <ele>482.329</ele>
    </trkpt>
    <trkpt lat="-21.7341527" lon="133.728452">
      <ele>480.117</ele>
    </trkpt>
    <trkpt lat="-21.7350615" lon="133.7268098">
      <ele>479.916</ele>
    </trkpt>
    <trkpt lat="-21.736669" lon="133.7239292">
      <ele>478.137</ele>
    </trkpt>
    <trkpt lat="-21.7376737" lon="133.7221192">
      <ele>478.115</ele>
    </trkpt>
    <trkpt lat="-21.7376969" lon="133.7220774">
      <ele>478.036</ele>
    </trkpt>
    <trkpt lat="-21.7400644" lon="133.7178133">
      <ele>479.542</ele>
    </trkpt>
    <trkpt lat="-21.7406496" lon="133.7167585">
      <ele>476.773</ele>
    </trkpt>
    <trkpt lat="-21.7407418" lon="133.7165923">
      <ele>476.597</ele>
    </trkpt>
    <trkpt lat="-21.7416641" lon="133.7149298">
      <ele>477.497</ele>
    </trkpt>
    <trkpt lat="-21.7417563" lon="133.7147636">
      <ele>475.975</ele>
    </trkpt>
    <trkpt lat="-21.7422988" lon="133.7137858">
      <ele>477.0</ele>
    </trkpt>
    <trkpt lat="-21.744246" lon="133.7102696">
      <ele>477.315</ele>
    </trkpt>
    <trkpt lat="-21.7444785" lon="133.7098533">
      <ele>479.341</ele>
    </trkpt>
    <trkpt lat="-21.7457169" lon="133.7076116">
      <ele>477.077</ele>
    </trkpt>
    <trkpt lat="-21.7458089" lon="133.7074452">
      <ele>478.732</ele>
    </trkpt>
    <trkpt lat="-21.7459008" lon="133.7072787">
      <ele>478.203</ele>
    </trkpt>
    <trkpt lat="-21.7459927" lon="133.7071123">
      <ele>477.209</ele>
    </trkpt>
    <trkpt lat="-21.7460784" lon="133.7069572">
      <ele>476.092</ele>
    </trkpt>
    <trkpt lat="-21.7460847" lon="133.7069459">
      <ele>476.01</ele>
    </trkpt>
    <trkpt lat="-21.7461769" lon="133.7067796">
      <ele>475.88</ele>
    </trkpt>
    <trkpt lat="-21.7468222" lon="133.7056157">
      <ele>476.465</ele>
    </trkpt>
    <trkpt lat="-21.7469144" lon="133.7054494">
      <ele>477.233</ele>
    </trkpt>
    <trkpt lat="-21.7474571" lon="133.7044707">
      <ele>479.531</ele>
    </trkpt>
    <trkpt lat="-21.7480173" lon="133.7034519">
      <ele>481.95</ele>
    </trkpt>
    <trkpt lat="-21.7481089" lon="133.7032853">
      <ele>482.981</ele>
    </trkpt>
    <trkpt lat="-21.7482412" lon="133.7030448">
      <ele>483.293</ele>
    </trkpt>
    <trkpt lat="-21.7489951" lon="133.7016954">
      <ele>477.554</ele>
    </trkpt>
    <trkpt lat="-21.7492179" lon="133.7012917">
      <ele>476.696</ele>
    </trkpt>
    <trkpt lat="-21.7493098" lon="133.7011252">
      <ele>476.459</ele>
    </trkpt>
    <trkpt lat="-21.7494016" lon="133.7009588">
      <ele>476.618</ele>
    </trkpt>
    <trkpt lat="-21.7495004" lon="133.7007798">
      <ele>477.154</ele>
    </trkpt>
    <trkpt lat="-21.7497231" lon="133.7003846">
      <ele>476.999</ele>
    </trkpt>
    <trkpt lat="-21.7499542" lon="133.6999607">
      <ele>476.953</ele>
    </trkpt>
    <trkpt lat="-21.7500452" lon="133.6997937">
      <ele>477.325</ele>
    </trkpt>
    <trkpt lat="-21.7501362" lon="133.6996267">
      <ele>477.981</ele>
    </trkpt>
    <trkpt lat="-21.7502076" lon="133.6994958">
      <ele>478.495</ele>
    </trkpt>
    <trkpt lat="-21.7506251" lon="133.6987435">
      <ele>480.357</ele>
    </trkpt>
    <trkpt lat="-21.7518789" lon="133.6964617">
      <ele>481.272</ele>
    </trkpt>
    <trkpt lat="-21.7519698" lon="133.6962963">
      <ele>482.152</ele>
    </trkpt>
    <trkpt lat="-21.7519705" lon="133.696295">
      <ele>482.17</ele>
    </trkpt>
    <trkpt lat="-21.752063" lon="133.6961289">
      <ele>484.262</ele>
    </trkpt>
    <trkpt lat="-21.7527314" lon="133.6949287">
      <ele>479.591</ele>
    </trkpt>
    <trkpt lat="-21.7531711" lon="133.6941449">
      <ele>479.628</ele>
    </trkpt>
    <trkpt lat="-21.7537275" lon="133.6931391">
      <ele>477.013</ele>
    </trkpt>
    <trkpt lat="-21.7537743" lon="133.6930546">
      <ele>477.173</ele>
    </trkpt>
    <trkpt lat="-21.7538194" lon="133.6929726">
      <ele>477.276</ele>
    </trkpt>
    <trkpt lat="-21.753911" lon="133.692806">
      <ele>477.181</ele>
    </trkpt>
    <trkpt lat="-21.7540026" lon="133.6926394">
      <ele>477.908</ele>
    </trkpt>
    <trkpt lat="-21.7542231" lon="133.6922385">
      <ele>479.0</ele>
    </trkpt>
    <trkpt lat="-21.7547939" lon="133.691226">
      <ele>477.849</ele>
    </trkpt>
    <trkpt lat="-21.7553802" lon="133.6903015">
      <ele>476.031</ele>
    </trkpt>
    <trkpt lat="-21.7558258" lon="133.6896681">
      <ele>478.141</ele>
    </trkpt>
    <trkpt lat="-21.7561267" lon="133.689265">
      <ele>478.8</ele>
    </trkpt>
    <trkpt lat="-21.7565129" lon="133.6887935">
      <ele>479.153</ele>
    </trkpt>
    <trkpt lat="-21.7568147" lon="133.6884465">
      <ele>478.657</ele>
    </trkpt>
    <trkpt lat="-21.7573612" lon="133.6878505">
      <ele>478.738</ele>
    </trkpt>
    <trkpt lat="-21.7574773" lon="133.6877295">
      <ele>478.681</ele>
    </trkpt>
    <trkpt lat="-21.7578708" lon="133.6873391">
      <ele>478.091</ele>
    </trkpt>
    <trkpt lat="-21.7578946" lon="133.6873165">
      <ele>478.181</ele>
    </trkpt>
    <trkpt lat="-21.7580883" lon="133.6871348">
      <ele>478.722</ele>
    </trkpt>
    <trkpt lat="-21.7585831" lon="133.6866847">
      <ele>481.805</ele>
    </trkpt>
    <trkpt lat="-21.758739" lon="133.6865572">
      <ele>480.982</ele>
    </trkpt>
    <trkpt lat="-21.7592034" lon="133.686182">
      <ele>479.745</ele>
    </trkpt>
    <trkpt lat="-21.7594574" lon="133.6859905">
      <ele>480.02</ele>
    </trkpt>
    <trkpt lat="-21.7599452" lon="133.685639">
      <ele>480.197</ele>
    </trkpt>
    <trkpt lat="-21.7601761" lon="133.6854858">
      <ele>479.366</ele>
    </trkpt>
    <trkpt lat="-21.7606541" lon="133.6851821">
      <ele>478.355</ele>
    </trkpt>
    <trkpt lat="-21.7609404" lon="133.6850075">
      <ele>479.375</ele>
    </trkpt>
    <trkpt lat="-21.7612078" lon="133.6848577">
      <ele>480.184</ele>
    </trkpt>
    <trkpt lat="-21.7614995" lon="133.6846926">
      <ele>480.389</ele>
    </trkpt>
    <trkpt lat="-21.7616109" lon="133.6846328">
      <ele>479.557</ele>
    </trkpt>
    <trkpt lat="-21.7617145" lon="133.6845732">
      <ele>478.927</ele>
    </trkpt>
    <trkpt lat="-21.761865" lon="133.6844929">
      <ele>478.349</ele>
    </trkpt>
    <trkpt lat="-21.7623093" lon="133.6842737">
      <ele>480.193</ele>
    </trkpt>
    <trkpt lat="-21.7625792" lon="133.684146">
      <ele>481.042</ele>
    </trkpt>
    <trkpt lat="-21.762724" lon="133.684084">
      <ele>481.48</ele>
    </trkpt>
    <trkpt lat="-21.763037" lon="133.6839509">
      <ele>483.695</ele>
    </trkpt>
    <trkpt lat="-21.7634408" lon="133.683787">
      <ele>482.226</ele>
    </trkpt>
    <trkpt lat="-21.763696" lon="133.6836909">
      <ele>480.87</ele>
    </trkpt>
    <trkpt lat="-21.764149" lon="133.6835253">
      <ele>480.0</ele>
    </trkpt>
    <trkpt lat="-21.7646571" lon="133.6833532">
      <ele>480.82</ele>
    </trkpt>
    <trkpt lat="-21.7661368" lon="133.682847">
      <ele>480.069</ele>
    </trkpt>
    <trkpt lat="-21.7676652" lon="133.6823241">
      <ele>480.851</ele>
    </trkpt>
    <trkpt lat="-21.7686755" lon="133.6819707">
      <ele>482.768</ele>
    </trkpt>
    <trkpt lat="-21.7699091" lon="133.68155">
      <ele>480.81</ele>
    </trkpt>
    <trkpt lat="-21.7708231" lon="133.6812289">
      <ele>484.387</ele>
    </trkpt>
    <trkpt lat="-21.7710771" lon="133.6811424">
      <ele>483.915</ele>
    </trkpt>
    <trkpt lat="-21.7721462" lon="133.6807785">
      <ele>481.395</ele>
    </trkpt>
    <trkpt lat="-21.7760301" lon="133.6794438">
      <ele>480.995</ele>
    </trkpt>
    <trkpt lat="-21.7770535" lon="133.6790891">
      <ele>481.618</ele>
    </trkpt>
    <trkpt lat="-21.7782761" lon="133.6786616">
      <ele>481.107</ele>
    </trkpt>
    <trkpt lat="-21.778686" lon="133.6785282">
      <ele>482.432</ele>
    </trkpt>
    <trkpt lat="-21.7792997" lon="133.6783231">
      <ele>480.479</ele>
    </trkpt>
    <trkpt lat="-21.7806729" lon="133.6778459">
      <ele>480.245</ele>
    </trkpt>
    <trkpt lat="-21.7809326" lon="133.6777557">
      <ele>480.437</ele>
    </trkpt>
    <trkpt lat="-21.7826591" lon="133.6771654">
      <ele>480.982</ele>
    </trkpt>
    <trkpt lat="-21.7832424" lon="133.6769599">
      <ele>482.963</ele>
    </trkpt>
    <trkpt lat="-21.7840824" lon="133.6766641">
      <ele>483.687</ele>
    </trkpt>
    <trkpt lat="-21.7854185" lon="133.6762065">
      <ele>483.657</ele>
    </trkpt>
    <trkpt lat="-21.7864385" lon="133.6758577">
      <ele>481.194</ele>
    </trkpt>
    <trkpt lat="-21.7875592" lon="133.6754757">
      <ele>481.635</ele>
    </trkpt>
    <trkpt lat="-21.7883748" lon="133.6751798">
      <ele>481.353</ele>
    </trkpt>
    <trkpt lat="-21.7900035" lon="133.6746188">
      <ele>482.745</ele>
    </trkpt>
    <trkpt lat="-21.7900904" lon="133.6745849">
      <ele>482.989</ele>
    </trkpt>
    <trkpt lat="-21.790564" lon="133.6744179">
      <ele>486.093</ele>
    </trkpt>
    <trkpt lat="-21.7916726" lon="133.6740354">
      <ele>486.462</ele>
    </trkpt>
    <trkpt lat="-21.7940941" lon="133.6732069">
      <ele>481.739</ele>
    </trkpt>
    <trkpt lat="-21.7966617" lon="133.6723145">
      <ele>485.668</ele>
    </trkpt>
    <trkpt lat="-21.7976423" lon="133.6719737">
      <ele>485.895</ele>
    </trkpt>
    <trkpt lat="-21.8033316" lon="133.6700043">
      <ele>484.012</ele>
    </trkpt>
    <trkpt lat="-21.8058142" lon="133.6691499">
      <ele>485.009</ele>
    </trkpt>
    <trkpt lat="-21.8066163" lon="133.6688493">
      <ele>484.793</ele>
    </trkpt>
    <trkpt lat="-21.8068681" lon="133.6687448">
      <ele>485.0</ele>
    </trkpt>
    <trkpt lat="-21.8069823" lon="133.6686978">
      <ele>485.094</ele>
    </trkpt>
    <trkpt lat="-21.8071415" lon="133.6686262">
      <ele>485.671</ele>
    </trkpt>
    <trkpt lat="-21.8077871" lon="133.6683265">
      <ele>484.033</ele>
    </trkpt>
    <trkpt lat="-21.807937" lon="133.6682569">
      <ele>484.415</ele>
    </trkpt>
    <trkpt lat="-21.808589" lon="133.667901">
      <ele>485.728</ele>
    </trkpt>
    <trkpt lat="-21.8090272" lon="133.6676497">
      <ele>485.773</ele>
    </trkpt>
    <trkpt lat="-21.809659" lon="133.6672514">
      <ele>483.895</ele>
    </trkpt>
    <trkpt lat="-21.8099776" lon="133.6670323">
      <ele>485.894</ele>
    </trkpt>
    <trkpt lat="-21.8101976" lon="133.6668785">
      <ele>486.137</ele>
    </trkpt>
    <trkpt lat="-21.8107132" lon="133.6664978">
      <ele>484.777</ele>
    </trkpt>
    <trkpt lat="-21.8111343" lon="133.6661673">
      <ele>484.0</ele>
    </trkpt>
    <trkpt lat="-21.8114319" lon="133.665933">
      <ele>484.697</ele>
    </trkpt>
    <trkpt lat="-21.812182" lon="133.6652581">
      <ele>486.01</ele>
    </trkpt>
    <trkpt lat="-21.8124933" lon="133.664958">
      <ele>485.172</ele>
    </trkpt>
    <trkpt lat="-21.8139938" lon="133.663553">
      <ele>484.587</ele>
    </trkpt>
    <trkpt lat="-21.8143169" lon="133.6632404">
      <ele>487.056</ele>
    </trkpt>
    <trkpt lat="-21.8149553" lon="133.6626288">
      <ele>488.063</ele>
    </trkpt>
    <trkpt lat="-21.8156285" lon="133.6619938">
      <ele>488.691</ele>
    </trkpt>
    <trkpt lat="-21.8209058" lon="133.6570159">
      <ele>484.194</ele>
    </trkpt>
    <trkpt lat="-21.823612" lon="133.654463">
      <ele>487.93</ele>
    </trkpt>
    <trkpt lat="-21.8237473" lon="133.6543354">
      <ele>487.51</ele>
    </trkpt>
    <trkpt lat="-21.8279419" lon="133.6503782">
      <ele>488.395</ele>
    </trkpt>
    <trkpt lat="-21.8282874" lon="133.6500522">
      <ele>489.112</ele>
    </trkpt>
    <trkpt lat="-21.8293492" lon="133.6490604">
      <ele>487.275</ele>
    </trkpt>
    <trkpt lat="-21.8324102" lon="133.6461694">
      <ele>488.113</ele>
    </trkpt>
    <trkpt lat="-21.8335192" lon="133.6451219">
      <ele>491.483</ele>
    </trkpt>
    <trkpt lat="-21.8347115" lon="133.6440005">
      <ele>490.598</ele>
    </trkpt>
    <trkpt lat="-21.8357731" lon="133.6430021">
      <ele>489.591</ele>
    </trkpt>
    <trkpt lat="-21.8370134" lon="133.6418322">
      <ele>490.0</ele>
    </trkpt>
    <trkpt lat="-21.8399905" lon="133.6390241">
      <ele>491.966</ele>
    </trkpt>
    <trkpt lat="-21.8415623" lon="133.6375414">
      <ele>491.568</ele>
    </trkpt>
    <trkpt lat="-21.8425619" lon="133.636599">
      <ele>489.513</ele>
    </trkpt>
    <trkpt lat="-21.8587616" lon="133.6213243">
      <ele>493.874</ele>
    </trkpt>
    <trkpt lat="-21.8597521" lon="133.6203858">
      <ele>493.611</ele>
    </trkpt>
    <trkpt lat="-21.8602546" lon="133.6199079">
      <ele>493.719</ele>
    </trkpt>
    <trkpt lat="-21.8623685" lon="133.6179115">
      <ele>493.955</ele>
    </trkpt>
    <trkpt lat="-21.8630279" lon="133.6172913">
      <ele>494.075</ele>
    </trkpt>
    <trkpt lat="-21.8630401" lon="133.6172769">
      <ele>494.045</ele>
    </trkpt>
    <trkpt lat="-21.8636077" lon="133.6167356">
      <ele>495.988</ele>
    </trkpt>
    <trkpt lat="-21.868388" lon="133.6122305">
      <ele>496.976</ele>
    </trkpt>
    <trkpt lat="-21.8694297" lon="133.6112496">
      <ele>497.974</ele>
    </trkpt>
    <trkpt lat="-21.8695652" lon="133.6111221">
      <ele>498.0</ele>
    </trkpt>
    <trkpt lat="-21.8697006" lon="133.6109946">
      <ele>498.033</ele>
    </trkpt>
    <trkpt lat="-21.8698211" lon="133.6108812">
      <ele>497.644</ele>
    </trkpt>
    <trkpt lat="-21.8699726" lon="133.6107409">
      <ele>496.799</ele>
    </trkpt>
    <trkpt lat="-21.8699989" lon="133.6107166">
      <ele>496.585</ele>
    </trkpt>
    <trkpt lat="-21.8707361" lon="133.6100245">
      <ele>495.593</ele>
    </trkpt>
    <trkpt lat="-21.8734384" lon="133.6074662">
      <ele>497.71</ele>
    </trkpt>
    <trkpt lat="-21.8741932" lon="133.606761">
      <ele>495.34</ele>
    </trkpt>
    <trkpt lat="-21.8763248" lon="133.6047303">
      <ele>496.552</ele>
    </trkpt>
    <trkpt lat="-21.8763786" lon="133.604679">
      <ele>496.782</ele>
    </trkpt>
    <trkpt lat="-21.8769385" lon="133.6041454">
      <ele>497.153</ele>
    </trkpt>
    <trkpt lat="-21.8771626" lon="133.6039305">
      <ele>499.603</ele>
    </trkpt>
    <trkpt lat="-21.8775608" lon="133.6035563">
      <ele>498.649</ele>
    </trkpt>
    <trkpt lat="-21.8778533" lon="133.6032693">
      <ele>499.0</ele>
    </trkpt>
    <trkpt lat="-21.8781008" lon="133.6030261">
      <ele>499.0</ele>
    </trkpt>
    <trkpt lat="-21.8783097" lon="133.6027998">
      <ele>499.0</ele>
    </trkpt>
    <trkpt lat="-21.8787445" lon="133.6023125">
      <ele>499.155</ele>
    </trkpt>
    <trkpt lat="-21.8791045" lon="133.6018967">
      <ele>501.419</ele>
    </trkpt>
    <trkpt lat="-21.8791766" lon="133.6018169">
      <ele>501.521</ele>
    </trkpt>
    <trkpt lat="-21.8801223" lon="133.6006213">
      <ele>500.132</ele>
    </trkpt>
    <trkpt lat="-21.8802104" lon="133.6005064">
      <ele>499.866</ele>
    </trkpt>
    <trkpt lat="-21.8808337" lon="133.5997167">
      <ele>498.02</ele>
    </trkpt>
    <trkpt lat="-21.88138" lon="133.5990084">
      <ele>501.602</ele>
    </trkpt>
    <trkpt lat="-21.8818676" lon="133.5983776">
      <ele>500.348</ele>
    </trkpt>
    <trkpt lat="-21.8820896" lon="133.5980914">
      <ele>500.523</ele>
    </trkpt>
    <trkpt lat="-21.8821034" lon="133.5980737">
      <ele>500.572</ele>
    </trkpt>
    <trkpt lat="-21.8822055" lon="133.5979432">
      <ele>500.964</ele>
    </trkpt>
    <trkpt lat="-21.8823214" lon="133.597795">
      <ele>501.714</ele>
    </trkpt>
    <trkpt lat="-21.8826073" lon="133.5974293">
      <ele>501.359</ele>
    </trkpt>
    <trkpt lat="-21.8827843" lon="133.5972014">
      <ele>500.0</ele>
    </trkpt>
    <trkpt lat="-21.8833697" lon="133.5964477">
      <ele>500.897</ele>
    </trkpt>
    <trkpt lat="-21.8852081" lon="133.5940782">
      <ele>503.34</ele>
    </trkpt>
    <trkpt lat="-21.886263" lon="133.5927172">
      <ele>503.428</ele>
    </trkpt>
    <trkpt lat="-21.887053" lon="133.5916994">
      <ele>499.164</ele>
    </trkpt>
    <trkpt lat="-21.8927072" lon="133.5844136">
      <ele>500.885</ele>
    </trkpt>
    <trkpt lat="-21.8945535" lon="133.5820344">
      <ele>504.0</ele>
    </trkpt>
    <trkpt lat="-21.8951959" lon="133.5812065">
      <ele>503.88</ele>
    </trkpt>
    <trkpt lat="-21.8965171" lon="133.5795084">
      <ele>499.106</ele>
    </trkpt>
    <trkpt lat="-21.8966327" lon="133.5793598">
      <ele>498.733</ele>
    </trkpt>
    <trkpt lat="-21.8975572" lon="133.5781715">
      <ele>501.206</ele>
    </trkpt>
    <trkpt lat="-21.8978823" lon="133.5777537">
      <ele>502.0</ele>
    </trkpt>
    <trkpt lat="-21.8982773" lon="133.5772404">
      <ele>500.961</ele>
    </trkpt>
    <trkpt lat="-21.8993892" lon="133.5758043">
      <ele>505.634</ele>
    </trkpt>
    <trkpt lat="-21.9000755" lon="133.5749277">
      <ele>502.26</ele>
    </trkpt>
    <trkpt lat="-21.9034229" lon="133.5706163">
      <ele>506.148</ele>
    </trkpt>
    <trkpt lat="-21.905045" lon="133.5685269">
      <ele>503.211</ele>
    </trkpt>
    <trkpt lat="-21.9067231" lon="133.5663592">
      <ele>506.107</ele>
    </trkpt>
    <trkpt lat="-21.907259" lon="133.5656621">
      <ele>506.868</ele>
    </trkpt>
    <trkpt lat="-21.9089594" lon="133.5634762">
      <ele>502.384</ele>
    </trkpt>
    <trkpt lat="-21.9106927" lon="133.5612478">
      <ele>507.757</ele>
    </trkpt>
    <trkpt lat="-21.9142278" lon="133.5567028">
      <ele>505.678</ele>
    </trkpt>
    <trkpt lat="-21.9172722" lon="133.5527729">
      <ele>506.0</ele>
    </trkpt>
    <trkpt lat="-21.919211" lon="133.5502702">
      <ele>505.973</ele>
    </trkpt>
    <trkpt lat="-21.9251125" lon="133.5426482">
      <ele>508.0</ele>
    </trkpt>
    <trkpt lat="-21.9262843" lon="133.5411336">
      <ele>510.285</ele>
    </trkpt>
    <trkpt lat="-21.9264164" lon="133.5409624">
      <ele>510.383</ele>
    </trkpt>
    <trkpt lat="-21.9265795" lon="133.5407517">
      <ele>509.737</ele>
    </trkpt>
    <trkpt lat="-21.927045" lon="133.5401513">
      <ele>511.67</ele>
    </trkpt>
    <trkpt lat="-21.9274593" lon="133.5396168">
      <ele>508.617</ele>
    </trkpt>
    <trkpt lat="-21.9294956" lon="133.5370041">
      <ele>507.031</ele>
    </trkpt>
    <trkpt lat="-21.9302644" lon="133.5360178">
      <ele>509.0</ele>
    </trkpt>
    <trkpt lat="-21.9308006" lon="133.5353345">
      <ele>505.142</ele>
    </trkpt>
    <trkpt lat="-21.9311185" lon="133.534926">
      <ele>508.027</ele>
    </trkpt>
    <trkpt lat="-21.9320595" lon="133.5337303">
      <ele>510.666</ele>
    </trkpt>
    <trkpt lat="-21.9328152" lon="133.5327397">
      <ele>511.863</ele>
    </trkpt>
    <trkpt lat="-21.9336326" lon="133.5316878">
      <ele>509.995</ele>
    </trkpt>
    <trkpt lat="-21.9348126" lon="133.5301705">
      <ele>513.0</ele>
    </trkpt>
    <trkpt lat="-21.9384469" lon="133.5254968">
      <ele>512.269</ele>
    </trkpt>
    <trkpt lat="-21.9394294" lon="133.5242219">
      <ele>513.043</ele>
    </trkpt>
    <trkpt lat="-21.939909" lon="133.5235996">
      <ele>510.3</ele>
    </trkpt>
    <trkpt lat="-21.9413898" lon="133.5216922">
      <ele>514.902</ele>
    </trkpt>
    <trkpt lat="-21.9415052" lon="133.5215435">
      <ele>513.905</ele>
    </trkpt>
    <trkpt lat="-21.9450972" lon="133.5169168">
      <ele>516.516</ele>
    </trkpt>
    <trkpt lat="-21.9480693" lon="133.5130765">
      <ele>514.026</ele>
    </trkpt>
    <trkpt lat="-21.9487441" lon="133.5121941">
      <ele>514.58</ele>
    </trkpt>
    <trkpt lat="-21.9512325" lon="133.5089876">
      <ele>515.637</ele>
    </trkpt>
    <trkpt lat="-21.9533659" lon="133.5062354">
      <ele>516.0</ele>
    </trkpt>
    <trkpt lat="-21.9549914" lon="133.5041264">
      <ele>514.996</ele>
    </trkpt>
    <trkpt lat="-21.955222" lon="133.5038272">
      <ele>515.177</ele>
    </trkpt>
    <trkpt lat="-21.9563413" lon="133.5023902">
      <ele>516.171</ele>
    </trkpt>
    <trkpt lat="-21.9571891" lon="133.5012902">
      <ele>517.923</ele>
    </trkpt>
    <trkpt lat="-21.9574118" lon="133.5009999">
      <ele>517.199</ele>
    </trkpt>
    <trkpt lat="-21.9576057" lon="133.500747">
      <ele>516.07</ele>
    </trkpt>
    <trkpt lat="-21.9580275" lon="133.5001792">
      <ele>517.479</ele>
    </trkpt>
    <trkpt lat="-21.958323" lon="133.4997992">
      <ele>517.0</ele>
    </trkpt>
    <trkpt lat="-21.9584616" lon="133.499621">
      <ele>517.0</ele>
    </trkpt>
    <trkpt lat="-21.960065" lon="133.4975548">
      <ele>518.151</ele>
    </trkpt>
    <trkpt lat="-21.9608302" lon="133.4965653">
      <ele>519.354</ele>
    </trkpt>
    <trkpt lat="-21.9612542" lon="133.4960183">
      <ele>518.655</ele>
    </trkpt>
    <trkpt lat="-21.9633677" lon="133.4932773">
      <ele>518.074</ele>
    </trkpt>
    <trkpt lat="-21.9639038" lon="133.4925928">
      <ele>516.332</ele>
    </trkpt>
    <trkpt lat="-21.964408" lon="133.491949">
      <ele>517.984</ele>
    </trkpt>
    <trkpt lat="-21.964984" lon="133.491261">
      <ele>516.518</ele>
    </trkpt>
    <trkpt lat="-21.965735" lon="133.490485">
      <ele>517.354</ele>
    </trkpt>
    <trkpt lat="-21.9658838" lon="133.4903464">
      <ele>516.818</ele>
    </trkpt>
    <trkpt lat="-21.9677897" lon="133.4885719">
      <ele>520.589</ele>
    </trkpt>
    <trkpt lat="-21.9690213" lon="133.4874252">
      <ele>518.872</ele>
    </trkpt>
    <trkpt lat="-21.9706485" lon="133.4859181">
      <ele>518.232</ele>
    </trkpt>
    <trkpt lat="-21.9709881" lon="133.4856256">
      <ele>519.472</ele>
    </trkpt>
    <trkpt lat="-21.9714351" lon="133.4852551">
      <ele>517.153</ele>
    </trkpt>
    <trkpt lat="-21.972112" lon="133.484744">
      <ele>519.603</ele>
    </trkpt>
    <trkpt lat="-21.972821" lon="133.484277">
      <ele>519.353</ele>
    </trkpt>
    <trkpt lat="-21.9735702" lon="133.4838403">
      <ele>518.878</ele>
    </trkpt>
    <trkpt lat="-21.9737208" lon="133.4837554">
      <ele>519.015</ele>
    </trkpt>
    <trkpt lat="-21.975107" lon="133.4829714">
      <ele>519.792</ele>
    </trkpt>
    <trkpt lat="-21.9753131" lon="133.4828534">
      <ele>520.49</ele>
    </trkpt>
    <trkpt lat="-21.975472" lon="133.4827625">
      <ele>521.055</ele>
    </trkpt>
    <trkpt lat="-21.9772489" lon="133.4817455">
      <ele>519.38</ele>
    </trkpt>
    <trkpt lat="-21.9798502" lon="133.4802762">
      <ele>521.997</ele>
    </trkpt>
    <trkpt lat="-21.9804057" lon="133.4799614">
      <ele>522.925</ele>
    </trkpt>
    <trkpt lat="-21.9824367" lon="133.4788105">
      <ele>520.772</ele>
    </trkpt>
    <trkpt lat="-21.9842266" lon="133.477795">
      <ele>523.951</ele>
    </trkpt>
    <trkpt lat="-21.9845144" lon="133.4776317">
      <ele>523.881</ele>
    </trkpt>
    <trkpt lat="-21.9845449" lon="133.4776144">
      <ele>523.851</ele>
    </trkpt>
    <trkpt lat="-21.9850227" lon="133.4773439">
      <ele>522.954</ele>
    </trkpt>
    <trkpt lat="-21.9851819" lon="133.4772537">
      <ele>522.419</ele>
    </trkpt>
    <trkpt lat="-21.9853412" lon="133.4771636">
      <ele>522.0</ele>
    </trkpt>
    <trkpt lat="-21.9863294" lon="133.4766041">
      <ele>522.011</ele>
    </trkpt>
    <trkpt lat="-21.9885169" lon="133.4753629">
      <ele>522.509</ele>
    </trkpt>
    <trkpt lat="-21.9903209" lon="133.4743442">
      <ele>521.583</ele>
    </trkpt>
    <trkpt lat="-21.9907557" lon="133.474098">
      <ele>521.441</ele>
    </trkpt>
    <trkpt lat="-21.990915" lon="133.4740078">
      <ele>522.294</ele>
    </trkpt>
    <trkpt lat="-21.9935162" lon="133.4725352">
      <ele>524.298</ele>
    </trkpt>
    <trkpt lat="-21.9957903" lon="133.4712496">
      <ele>526.653</ele>
    </trkpt>
    <trkpt lat="-21.9977248" lon="133.4701567">
      <ele>525.892</ele>
    </trkpt>
    <trkpt lat="-21.9979234" lon="133.4700432">
      <ele>526.0</ele>
    </trkpt>
    <trkpt lat="-21.9980824" lon="133.4699524">
      <ele>526.08</ele>
    </trkpt>
    <trkpt lat="-21.9982413" lon="133.4698616">
      <ele>526.336</ele>
    </trkpt>
    <trkpt lat="-21.9984002" lon="133.4697708">
      <ele>526.091</ele>
    </trkpt>
    <trkpt lat="-21.9985592" lon="133.46968">
      <ele>526.152</ele>
    </trkpt>
    <trkpt lat="-21.9987181" lon="133.4695892">
      <ele>526.094</ele>
    </trkpt>
    <trkpt lat="-21.9998308" lon="133.4689537">
      <ele>525.518</ele>
    </trkpt>
    <trkpt lat="-22.0000194" lon="133.4688459">
      <ele>525.31</ele>
    </trkpt>
    <trkpt lat="-22.002616" lon="133.4673743">
      <ele>525.035</ele>
    </trkpt>
    <trkpt lat="-22.0041796" lon="133.466481">
      <ele>526.969</ele>
    </trkpt>
    <trkpt lat="-22.0056388" lon="133.4656711">
      <ele>527.284</ele>
    </trkpt>
    <trkpt lat="-22.006125" lon="133.465419">
      <ele>526.0</ele>
    </trkpt>
    <trkpt lat="-22.0064096" lon="133.4652779">
      <ele>526.0</ele>
    </trkpt>
    <trkpt lat="-22.006614" lon="133.4651891">
      <ele>526.061</ele>
    </trkpt>
    <trkpt lat="-22.006828" lon="133.465118">
      <ele>525.666</ele>
    </trkpt>
    <trkpt lat="-22.007367" lon="133.464914">
      <ele>526.683</ele>
    </trkpt>
    <trkpt lat="-22.007969" lon="133.4647199">
      <ele>528.32</ele>
    </trkpt>
    <trkpt lat="-22.0083118" lon="133.4646342">
      <ele>527.394</ele>
    </trkpt>
    <trkpt lat="-22.0087014" lon="133.4645458">
      <ele>528.0</ele>
    </trkpt>
    <trkpt lat="-22.0097833" lon="133.4642875">
      <ele>527.56</ele>
    </trkpt>
    <trkpt lat="-22.0111957" lon="133.4639502">
      <ele>525.221</ele>
    </trkpt>
    <trkpt lat="-22.0115396" lon="133.4638689">
      <ele>525.072</ele>
    </trkpt>
    <trkpt lat="-22.0134396" lon="133.4634194">
      <ele>527.617</ele>
    </trkpt>
    <trkpt lat="-22.01507" lon="133.4630502">
      <ele>528.501</ele>
    </trkpt>
    <trkpt lat="-22.0184504" lon="133.4622569">
      <ele>527.459</ele>
    </trkpt>
    <trkpt lat="-22.0192748" lon="133.4620647">
      <ele>526.389</ele>
    </trkpt>
    <trkpt lat="-22.021509" lon="133.4615437">
      <ele>527.503</ele>
    </trkpt>
    <trkpt lat="-22.0247236" lon="133.4607883">
      <ele>528.163</ele>
    </trkpt>
    <trkpt lat="-22.0248993" lon="133.460747">
      <ele>528.509</ele>
    </trkpt>
    <trkpt lat="-22.0250751" lon="133.4607057">
      <ele>528.773</ele>
    </trkpt>
    <trkpt lat="-22.025516" lon="133.4606021">
      <ele>529.641</ele>
    </trkpt>
    <trkpt lat="-22.0257781" lon="133.4605407">
      <ele>530.011</ele>
    </trkpt>
    <trkpt lat="-22.0261296" lon="133.4604584">
      <ele>530.0</ele>
    </trkpt>
    <trkpt lat="-22.0275357" lon="133.460129">
      <ele>529.943</ele>
    </trkpt>
    <trkpt lat="-22.0286872" lon="133.4598592">
      <ele>531.219</ele>
    </trkpt>
    <trkpt lat="-22.028942" lon="133.4597997">
      <ele>530.226</ele>
    </trkpt>
    <trkpt lat="-22.0291178" lon="133.4597587">
      <ele>530.023</ele>
    </trkpt>
    <trkpt lat="-22.0292935" lon="133.4597177">
      <ele>530.016</ele>
    </trkpt>
    <trkpt lat="-22.0294693" lon="133.4596766">
      <ele>530.239</ele>
    </trkpt>
    <trkpt lat="-22.0327376" lon="133.4589137">
      <ele>531.779</ele>
    </trkpt>
    <trkpt lat="-22.0370509" lon="133.4579004">
      <ele>537.389</ele>
    </trkpt>
    <trkpt lat="-22.039313" lon="133.4573742">
      <ele>539.721</ele>
    </trkpt>
    <trkpt lat="-22.0394888" lon="133.4573333">
      <ele>540.408</ele>
    </trkpt>
    <trkpt lat="-22.0396646" lon="133.4572924">
      <ele>539.563</ele>
    </trkpt>
    <trkpt lat="-22.0403679" lon="133.4571288">
      <ele>538.552</ele>
    </trkpt>
    <trkpt lat="-22.0405438" lon="133.4570879">
      <ele>538.978</ele>
    </trkpt>
    <trkpt lat="-22.0407196" lon="133.457047">
      <ele>539.591</ele>
    </trkpt>
    <trkpt lat="-22.0410712" lon="133.4569652">
      <ele>539.144</ele>
    </trkpt>
    <trkpt lat="-22.0418783" lon="133.4567775">
      <ele>541.762</ele>
    </trkpt>
    <trkpt lat="-22.044663" lon="133.456135">
      <ele>540.828</ele>
    </trkpt>
    <trkpt lat="-22.045494" lon="133.455905">
      <ele>539.262</ele>
    </trkpt>
    <trkpt lat="-22.046327" lon="133.455634">
      <ele>540.338</ele>
    </trkpt>
    <trkpt lat="-22.046491" lon="133.4555695">
      <ele>541.249</ele>
    </trkpt>
    <trkpt lat="-22.0468289" lon="133.4554366">
      <ele>541.844</ele>
    </trkpt>
    <trkpt lat="-22.047148" lon="133.455311">
      <ele>540.415</ele>
    </trkpt>
    <trkpt lat="-22.0473334" lon="133.45523">
      <ele>539.669</ele>
    </trkpt>
    <trkpt lat="-22.0475001" lon="133.4551573">
      <ele>539.434</ele>
    </trkpt>
    <trkpt lat="-22.047762" lon="133.455043">
      <ele>539.845</ele>
    </trkpt>
    <trkpt lat="-22.0478321" lon="133.4550079">
      <ele>539.782</ele>
    </trkpt>
    <trkpt lat="-22.0479953" lon="133.4549263">
      <ele>539.425</ele>
    </trkpt>
    <trkpt lat="-22.0481585" lon="133.4548447">
      <ele>539.559</ele>
    </trkpt>
    <trkpt lat="-22.048478" lon="133.4546849">
      <ele>540.064</ele>
    </trkpt>
    <trkpt lat="-22.049136" lon="133.454327">
      <ele>539.487</ele>
    </trkpt>
    <trkpt lat="-22.049914" lon="133.4538509">
      <ele>539.179</ele>
    </trkpt>
    <trkpt lat="-22.0546212" lon="133.4506686">
      <ele>537.043</ele>
    </trkpt>
    <trkpt lat="-22.0586597" lon="133.4479178">
      <ele>537.497</ele>
    </trkpt>
    <trkpt lat="-22.065151" lon="133.4435239">
      <ele>540.484</ele>
    </trkpt>
    <trkpt lat="-22.0686314" lon="133.4411677">
      <ele>543.534</ele>
    </trkpt>
    <trkpt lat="-22.072509" lon="133.4385425">
      <ele>539.729</ele>
    </trkpt>
    <trkpt lat="-22.0736603" lon="133.4377655">
      <ele>540.617</ele>
    </trkpt>
    <trkpt lat="-22.0764053" lon="133.4359131">
      <ele>541.228</ele>
    </trkpt>
    <trkpt lat="-22.0770153" lon="133.4355014">
      <ele>539.45</ele>
    </trkpt>
    <trkpt lat="-22.078565" lon="133.4344556">
      <ele>543.04</ele>
    </trkpt>
    <trkpt lat="-22.0803683" lon="133.4332334">
      <ele>543.045</ele>
    </trkpt>
    <trkpt lat="-22.0838143" lon="133.4309055">
      <ele>543.472</ele>
    </trkpt>
    <trkpt lat="-22.0889078" lon="133.4274671">
      <ele>541.102</ele>
    </trkpt>
    <trkpt lat="-22.0903562" lon="133.4264923">
      <ele>542.282</ele>
    </trkpt>
    <trkpt lat="-22.0908677" lon="133.4261504">
      <ele>542.876</ele>
    </trkpt>
    <trkpt lat="-22.091376" lon="133.425842">
      <ele>543.983</ele>
    </trkpt>
    <trkpt lat="-22.0917341" lon="133.425617">
      <ele>544.221</ele>
    </trkpt>
    <trkpt lat="-22.092213" lon="133.425352">
      <ele>543.55</ele>
    </trkpt>
    <trkpt lat="-22.0930297" lon="133.4249036">
      <ele>542.009</ele>
    </trkpt>
    <trkpt lat="-22.09367" lon="133.4245922">
      <ele>544.27</ele>
    </trkpt>
    <trkpt lat="-22.0942731" lon="133.4243045">
      <ele>543.263</ele>
    </trkpt>
    <trkpt lat="-22.0946393" lon="133.4241422">
      <ele>544.552</ele>
    </trkpt>
    <trkpt lat="-22.0952507" lon="133.4238879">
      <ele>543.999</ele>
    </trkpt>
    <trkpt lat="-22.095504" lon="133.423793">
      <ele>544.533</ele>
    </trkpt>
    <trkpt lat="-22.0963229" lon="133.4234882">
      <ele>544.762</ele>
    </trkpt>
    <trkpt lat="-22.096603" lon="133.423391">
      <ele>544.389</ele>
    </trkpt>
    <trkpt lat="-22.097482" lon="133.423115">
      <ele>543.949</ele>
    </trkpt>
    <trkpt lat="-22.098084" lon="133.4229379">
      <ele>542.898</ele>
    </trkpt>
    <trkpt lat="-22.098848" lon="133.4227419">
      <ele>544.725</ele>
    </trkpt>
    <trkpt lat="-22.1000794" lon="133.422465">
      <ele>543.874</ele>
    </trkpt>
    <trkpt lat="-22.1025545" lon="133.4219363">
      <ele>546.827</ele>
    </trkpt>
    <trkpt lat="-22.1050704" lon="133.4214036">
      <ele>547.0</ele>
    </trkpt>
    <trkpt lat="-22.1053379" lon="133.421345">
      <ele>547.034</ele>
    </trkpt>
    <trkpt lat="-22.1070668" lon="133.4209753">
      <ele>544.274</ele>
    </trkpt>
    <trkpt lat="-22.1097293" lon="133.4204052">
      <ele>547.0</ele>
    </trkpt>
    <trkpt lat="-22.1098142" lon="133.420387">
      <ele>547.0</ele>
    </trkpt>
    <trkpt lat="-22.1111278" lon="133.4200985">
      <ele>545.351</ele>
    </trkpt>
    <trkpt lat="-22.1160293" lon="133.4190436">
      <ele>549.295</ele>
    </trkpt>
    <trkpt lat="-22.1199482" lon="133.4182001">
      <ele>549.707</ele>
    </trkpt>
    <trkpt lat="-22.1234249" lon="133.4174595">
      <ele>550.622</ele>
    </trkpt>
    <trkpt lat="-22.1234868" lon="133.4174463">
      <ele>550.341</ele>
    </trkpt>
    <trkpt lat="-22.1239833" lon="133.4173406">
      <ele>548.852</ele>
    </trkpt>
    <trkpt lat="-22.124877" lon="133.4171502">
      <ele>549.144</ele>
    </trkpt>
    <trkpt lat="-22.1271653" lon="133.4166607">
      <ele>550.158</ele>
    </trkpt>
    <trkpt lat="-22.128451" lon="133.4163839">
      <ele>549.587</ele>
    </trkpt>
    <trkpt lat="-22.129174" lon="133.4162292">
      <ele>552.586</ele>
    </trkpt>
    <trkpt lat="-22.1295208" lon="133.4161568">
      <ele>552.68</ele>
    </trkpt>
    <trkpt lat="-22.1299923" lon="133.4160522">
      <ele>551.234</ele>
    </trkpt>
    <trkpt lat="-22.1301537" lon="133.4160231">
      <ele>550.588</ele>
    </trkpt>
    <trkpt lat="-22.1304134" lon="133.4159836">
      <ele>549.776</ele>
    </trkpt>
    <trkpt lat="-22.130711" lon="133.415957">
      <ele>549.694</ele>
    </trkpt>
    <trkpt lat="-22.1309782" lon="133.4159449">
      <ele>549.594</ele>
    </trkpt>
    <trkpt lat="-22.1312241" lon="133.415942">
      <ele>549.639</ele>
    </trkpt>
    <trkpt lat="-22.13136" lon="133.4159459">
      <ele>549.938</ele>
    </trkpt>
    <trkpt lat="-22.1317356" lon="133.415991">
      <ele>551.248</ele>
    </trkpt>
    <trkpt lat="-22.132141" lon="133.416041">
      <ele>551.292</ele>
    </trkpt>
    <trkpt lat="-22.132768" lon="133.416199">
      <ele>551.0</ele>
    </trkpt>
    <trkpt lat="-22.13334" lon="133.416419">
      <ele>551.894</ele>
    </trkpt>
    <trkpt lat="-22.133943" lon="133.4167329">
      <ele>551.805</ele>
    </trkpt>
    <trkpt lat="-22.1344734" lon="133.4170866">
      <ele>549.896</ele>
    </trkpt>
    <trkpt lat="-22.134596" lon="133.4171919">
      <ele>549.454</ele>
    </trkpt>
    <trkpt lat="-22.135202" lon="133.4177549">
      <ele>552.645</ele>
    </trkpt>
    <trkpt lat="-22.1352907" lon="133.4178572">
      <ele>552.953</ele>
    </trkpt>
    <trkpt lat="-22.1357938" lon="133.4184376">
      <ele>551.571</ele>
    </trkpt>
    <trkpt lat="-22.1364115" lon="133.4191688">
      <ele>552.089</ele>
    </trkpt>
    <trkpt lat="-22.1407409" lon="133.4241789">
      <ele>552.318</ele>
    </trkpt>
    <trkpt lat="-22.1412478" lon="133.424758">
      <ele>554.0</ele>
    </trkpt>
    <trkpt lat="-22.142807" lon="133.426539">
      <ele>553.565</ele>
    </trkpt>
    <trkpt lat="-22.143211" lon="133.426984">
      <ele>553.0</ele>
    </trkpt>
    <trkpt lat="-22.143737" lon="133.427506">
      <ele>554.0</ele>
    </trkpt>
    <trkpt lat="-22.144585" lon="133.42825">
      <ele>553.4</ele>
    </trkpt>
    <trkpt lat="-22.145425" lon="133.428921">
      <ele>553.001</ele>
    </trkpt>
    <trkpt lat="-22.146147" lon="133.429435">
      <ele>554.034</ele>
    </trkpt>
    <trkpt lat="-22.1462995" lon="133.4295324">
      <ele>553.898</ele>
    </trkpt>
    <trkpt lat="-22.1466961" lon="133.4297859">
      <ele>555.254</ele>
    </trkpt>
    <trkpt lat="-22.147064" lon="133.430021">
      <ele>557.398</ele>
    </trkpt>
    <trkpt lat="-22.148004" lon="133.430535">
      <ele>553.074</ele>
    </trkpt>
    <trkpt lat="-22.148778" lon="133.4308879">
      <ele>554.483</ele>
    </trkpt>
    <trkpt lat="-22.1491058" lon="133.431022">
      <ele>554.321</ele>
    </trkpt>
    <trkpt lat="-22.149274" lon="133.4310908">
      <ele>553.715</ele>
    </trkpt>
    <trkpt lat="-22.1493079" lon="133.4311047">
      <ele>553.526</ele>
    </trkpt>
    <trkpt lat="-22.149758" lon="133.4312889">
      <ele>552.442</ele>
    </trkpt>
    <trkpt lat="-22.150551" lon="133.431564">
      <ele>555.973</ele>
    </trkpt>
    <trkpt lat="-22.151378" lon="133.431805">
      <ele>553.557</ele>
    </trkpt>
    <trkpt lat="-22.15221" lon="133.432002">
      <ele>553.414</ele>
    </trkpt>
    <trkpt lat="-22.153054" lon="133.432158">
      <ele>557.229</ele>
    </trkpt>
    <trkpt lat="-22.153909" lon="133.432271">
      <ele>556.752</ele>
    </trkpt>
    <trkpt lat="-22.154784" lon="133.4323419">
      <ele>556.222</ele>
    </trkpt>
    <trkpt lat="-22.1554251" lon="133.4323549">
      <ele>557.755</ele>
    </trkpt>
    <trkpt lat="-22.155874" lon="133.432364">
      <ele>557.418</ele>
    </trkpt>
    <trkpt lat="-22.156975" lon="133.432325">
      <ele>556.041</ele>
    </trkpt>
    <trkpt lat="-22.1617005" lon="133.4318647">
      <ele>558.122</ele>
    </trkpt>
    <trkpt lat="-22.170156" lon="133.431041">
      <ele>562.549</ele>
    </trkpt>
    <trkpt lat="-22.2027063" lon="133.4279872">
      <ele>565.433</ele>
    </trkpt>
    <trkpt lat="-22.203561" lon="133.4279039">
      <ele>562.808</ele>
    </trkpt>
    <trkpt lat="-22.2071958" lon="133.4275652">
      <ele>567.978</ele>
    </trkpt>
    <trkpt lat="-22.207808" lon="133.4275049">
      <ele>569.769</ele>
    </trkpt>
    <trkpt lat="-22.212508" lon="133.4270789">
      <ele>568.0</ele>
    </trkpt>
    <trkpt lat="-22.217206" lon="133.4267249">
      <ele>569.953</ele>
    </trkpt>
    <trkpt lat="-22.2233781" lon="133.4262534">
      <ele>571.976</ele>
    </trkpt>
    <trkpt lat="-22.226635" lon="133.4260109">
      <ele>574.639</ele>
    </trkpt>
    <trkpt lat="-22.2271463" lon="133.4259724">
      <ele>574.636</ele>
    </trkpt>
    <trkpt lat="-22.2273257" lon="133.4259589">
      <ele>574.175</ele>
    </trkpt>
    <trkpt lat="-22.2368354" lon="133.4252425">
      <ele>569.989</ele>
    </trkpt>
    <trkpt lat="-22.2373737" lon="133.4252019">
      <ele>570.273</ele>
    </trkpt>
    <trkpt lat="-22.2375531" lon="133.4251884">
      <ele>570.451</ele>
    </trkpt>
    <trkpt lat="-22.2456668" lon="133.424577">
      <ele>579.122</ele>
    </trkpt>
    <trkpt lat="-22.246368" lon="133.424519">
      <ele>576.075</ele>
    </trkpt>
    <trkpt lat="-22.2596621" lon="133.4235206">
      <ele>578.986</ele>
    </trkpt>
    <trkpt lat="-22.2621741" lon="133.4233319">
      <ele>578.0</ele>
    </trkpt>
    <trkpt lat="-22.2623535" lon="133.4233184">
      <ele>577.08</ele>
    </trkpt>
    <trkpt lat="-22.2630713" lon="133.4232645">
      <ele>576.333</ele>
    </trkpt>
    <trkpt lat="-22.270761" lon="133.4226869">
      <ele>578.564</ele>
    </trkpt>
    <trkpt lat="-22.2707867" lon="133.4226839">
      <ele>578.721</ele>
    </trkpt>
    <trkpt lat="-22.271622" lon="133.4225849">
      <ele>576.368</ele>
    </trkpt>
    <trkpt lat="-22.272104" lon="133.422526">
      <ele>578.467</ele>
    </trkpt>
    <trkpt lat="-22.272766" lon="133.4223899">
      <ele>579.0</ele>
    </trkpt>
    <trkpt lat="-22.273426" lon="133.4222369">
      <ele>582.175</ele>
    </trkpt>
    <trkpt lat="-22.274066" lon="133.422071">
      <ele>583.197</ele>
    </trkpt>
    <trkpt lat="-22.274693" lon="133.4218709">
      <ele>582.105</ele>
    </trkpt>
    <trkpt lat="-22.275351" lon="133.4216399">
      <ele>581.0</ele>
    </trkpt>
    <trkpt lat="-22.2824598" lon="133.4188176">
      <ele>581.327</ele>
    </trkpt>
    <trkpt lat="-22.2887152" lon="133.4163631">
      <ele>585.343</ele>
    </trkpt>
    <trkpt lat="-22.2888843" lon="133.4162968">
      <ele>584.365</ele>
    </trkpt>
    <trkpt lat="-22.2940979" lon="133.4142508">
      <ele>583.697</ele>
    </trkpt>
    <trkpt lat="-22.3123536" lon="133.4070225">
      <ele>588.527</ele>
    </trkpt>
    <trkpt lat="-22.3145578" lon="133.4061397">
      <ele>587.061</ele>
    </trkpt>
    <trkpt lat="-22.3218101" lon="133.403235">
      <ele>593.0</ele>
    </trkpt>
    <trkpt lat="-22.323834" lon="133.4024243">
      <ele>589.802</ele>
    </trkpt>
    <trkpt lat="-22.3305803" lon="133.3997218">
      <ele>589.181</ele>
    </trkpt>
    <trkpt lat="-22.330749" lon="133.3996542">
      <ele>590.541</ele>
    </trkpt>
    <trkpt lat="-22.3312549" lon="133.3994516">
      <ele>591.469</ele>
    </trkpt>
    <trkpt lat="-22.3440728" lon="133.3943161">
      <ele>596.506</ele>
    </trkpt>
    <trkpt lat="-22.3442414" lon="133.3942485">
      <ele>597.079</ele>
    </trkpt>
    <trkpt lat="-22.3450847" lon="133.3939106">
      <ele>596.0</ele>
    </trkpt>
    <trkpt lat="-22.3508111" lon="133.391616">
      <ele>596.182</ele>
    </trkpt>
    <trkpt lat="-22.3603953" lon="133.387754">
      <ele>598.613</ele>
    </trkpt>
    <trkpt lat="-22.3609367" lon="133.3875377">
      <ele>598.372</ele>
    </trkpt>
    <trkpt lat="-22.3892451" lon="133.3761703">
      <ele>606.634</ele>
    </trkpt>
    <trkpt lat="-22.3924691" lon="133.3748795">
      <ele>605.323</ele>
    </trkpt>
    <trkpt lat="-22.3949992" lon="133.3738665">
      <ele>605.078</ele>
    </trkpt>
    <trkpt lat="-22.4085333" lon="133.3684469">
      <ele>607.166</ele>
    </trkpt>
    <trkpt lat="-22.409233" lon="133.3681667">
      <ele>610.143</ele>
    </trkpt>
    <trkpt lat="-22.4110606" lon="133.3674394">
      <ele>608.782</ele>
    </trkpt>
    <trkpt lat="-22.4149723" lon="133.3658826">
      <ele>608.918</ele>
    </trkpt>
    <trkpt lat="-22.4156891" lon="133.3655973">
      <ele>609.481</ele>
    </trkpt>
    <trkpt lat="-22.4185158" lon="133.3644678">
      <ele>609.832</ele>
    </trkpt>
    <trkpt lat="-22.4347151" lon="133.357994">
      <ele>611.273</ele>
    </trkpt>
    <trkpt lat="-22.4469228" lon="133.3531352">
      <ele>614.658</ele>
    </trkpt>
    <trkpt lat="-22.4470304" lon="133.3530887">
      <ele>614.645</ele>
    </trkpt>
    <trkpt lat="-22.4471758" lon="133.3530291">
      <ele>614.167</ele>
    </trkpt>
    <trkpt lat="-22.4514409" lon="133.3513358">
      <ele>616.0</ele>
    </trkpt>
    <trkpt lat="-22.455425" lon="133.3497478">
      <ele>615.519</ele>
    </trkpt>
    <trkpt lat="-22.4557" lon="133.3496519">
      <ele>614.227</ele>
    </trkpt>
    <trkpt lat="-22.4578002" lon="133.3488112">
      <ele>615.743</ele>
    </trkpt>
    <trkpt lat="-22.4605374" lon="133.3477184">
      <ele>617.721</ele>
    </trkpt>
    <trkpt lat="-22.4632496" lon="133.3466395">
      <ele>615.37</ele>
    </trkpt>
    <trkpt lat="-22.4660982" lon="133.3455061">
      <ele>617.178</ele>
    </trkpt>
    <trkpt lat="-22.4687267" lon="133.3444607">
      <ele>619.0</ele>
    </trkpt>
    <trkpt lat="-22.4701135" lon="133.3439099">
      <ele>619.045</ele>
    </trkpt>
    <trkpt lat="-22.4726462" lon="133.3429039">
      <ele>619.98</ele>
    </trkpt>
    <trkpt lat="-22.4728151" lon="133.3428368">
      <ele>620.318</ele>
    </trkpt>
    <trkpt lat="-22.4733216" lon="133.3426356">
      <ele>621.446</ele>
    </trkpt>
    <trkpt lat="-22.4743347" lon="133.3422332">
      <ele>620.419</ele>
    </trkpt>
    <trkpt lat="-22.4745036" lon="133.3421661">
      <ele>619.798</ele>
    </trkpt>
    <trkpt lat="-22.4745543" lon="133.342146">
      <ele>619.726</ele>
    </trkpt>
    <trkpt lat="-22.4776872" lon="133.3408987">
      <ele>623.765</ele>
    </trkpt>
    <trkpt lat="-22.4805286" lon="133.3397729">
      <ele>622.932</ele>
    </trkpt>
    <trkpt lat="-22.484682" lon="133.3381269">
      <ele>626.743</ele>
    </trkpt>
    <trkpt lat="-22.4859862" lon="133.3376077">
      <ele>627.624</ele>
    </trkpt>
    <trkpt lat="-22.486155" lon="133.3375405">
      <ele>626.707</ele>
    </trkpt>
    <trkpt lat="-22.4863238" lon="133.3374733">
      <ele>625.446</ele>
    </trkpt>
    <trkpt lat="-22.4881345" lon="133.3367524">
      <ele>627.495</ele>
    </trkpt>
    <trkpt lat="-22.4903533" lon="133.3358763">
      <ele>627.042</ele>
    </trkpt>
    <trkpt lat="-22.4926892" lon="133.3349491">
      <ele>629.875</ele>
    </trkpt>
    <trkpt lat="-22.4945457" lon="133.334217">
      <ele>630.868</ele>
    </trkpt>
    <trkpt lat="-22.4949181" lon="133.3340838">
      <ele>630.112</ele>
    </trkpt>
    <trkpt lat="-22.4953828" lon="133.333919">
      <ele>629.42</ele>
    </trkpt>
    <trkpt lat="-22.4956291" lon="133.3338425">
      <ele>629.343</ele>
    </trkpt>
    <trkpt lat="-22.4958019" lon="133.3337888">
      <ele>629.608</ele>
    </trkpt>
    <trkpt lat="-22.4960022" lon="133.3337265">
      <ele>629.415</ele>
    </trkpt>
    <trkpt lat="-22.4967884" lon="133.3335242">
      <ele>629.687</ele>
    </trkpt>
    <trkpt lat="-22.4974184" lon="133.3333843">
      <ele>633.229</ele>
    </trkpt>
    <trkpt lat="-22.4979552" lon="133.3332979">
      <ele>631.723</ele>
    </trkpt>
    <trkpt lat="-22.498352" lon="133.333237">
      <ele>631.023</ele>
    </trkpt>
    <trkpt lat="-22.5002287" lon="133.3330166">
      <ele>635.787</ele>
    </trkpt>
    <trkpt lat="-22.5015696" lon="133.3328637">
      <ele>635.281</ele>
    </trkpt>
    <trkpt lat="-22.502116" lon="133.3328046">
      <ele>633.345</ele>
    </trkpt>
    <trkpt lat="-22.5024908" lon="133.3327592">
      <ele>632.102</ele>
    </trkpt>
    <trkpt lat="-22.5193393" lon="133.3308406">
      <ele>641.621</ele>
    </trkpt>
    <trkpt lat="-22.5303879" lon="133.3295778">
      <ele>642.42</ele>
    </trkpt>
    <trkpt lat="-22.5315902" lon="133.3294416">
      <ele>642.003</ele>
    </trkpt>
    <trkpt lat="-22.5383874" lon="133.3286662">
      <ele>647.802</ele>
    </trkpt>
    <trkpt lat="-22.5385663" lon="133.3286458">
      <ele>647.875</ele>
    </trkpt>
    <trkpt lat="-22.5387452" lon="133.3286254">
      <ele>648.914</ele>
    </trkpt>
    <trkpt lat="-22.538924" lon="133.328605">
      <ele>650.019</ele>
    </trkpt>
    <trkpt lat="-22.5391029" lon="133.3285846">
      <ele>650.022</ele>
    </trkpt>
    <trkpt lat="-22.5392818" lon="133.3285642">
      <ele>649.586</ele>
    </trkpt>
    <trkpt lat="-22.5410063" lon="133.3283642">
      <ele>648.595</ele>
    </trkpt>
    <trkpt lat="-22.5429097" lon="133.3281438">
      <ele>650.318</ele>
    </trkpt>
    <trkpt lat="-22.5438712" lon="133.3280422">
      <ele>653.048</ele>
    </trkpt>
    <trkpt lat="-22.5451467" lon="133.3278951">
      <ele>654.422</ele>
    </trkpt>
    <trkpt lat="-22.5466498" lon="133.3277256">
      <ele>656.989</ele>
    </trkpt>
    <trkpt lat="-22.5474136" lon="133.3276517">
      <ele>658.0</ele>
    </trkpt>
    <trkpt lat="-22.5477996" lon="133.3276233">
      <ele>659.157</ele>
    </trkpt>
    <trkpt lat="-22.548316" lon="133.3276174">
      <ele>660.604</ele>
    </trkpt>
    <trkpt lat="-22.5486677" lon="133.3276153">
      <ele>660.289</ele>
    </trkpt>
    <trkpt lat="-22.5489499" lon="133.3276224">
      <ele>660.872</ele>
    </trkpt>
    <trkpt lat="-22.5490996" lon="133.3276223">
      <ele>661.347</ele>
    </trkpt>
    <trkpt lat="-22.5491296" lon="133.3276245">
      <ele>661.432</ele>
    </trkpt>
    <trkpt lat="-22.5493091" lon="133.3276379">
      <ele>660.991</ele>
    </trkpt>
    <trkpt lat="-22.5494886" lon="133.3276513">
      <ele>660.296</ele>
    </trkpt>
    <trkpt lat="-22.5497578" lon="133.3276646">
      <ele>659.407</ele>
    </trkpt>
    <trkpt lat="-22.5501866" lon="133.3277033">
      <ele>658.105</ele>
    </trkpt>
    <trkpt lat="-22.5503795" lon="133.3277238">
      <ele>657.684</ele>
    </trkpt>
    <trkpt lat="-22.5509186" lon="133.3278148">
      <ele>658.826</ele>
    </trkpt>
    <trkpt lat="-22.5510536" lon="133.3278353">
      <ele>658.629</ele>
    </trkpt>
    <trkpt lat="-22.5512741" lon="133.3278745">
      <ele>656.952</ele>
    </trkpt>
    <trkpt lat="-22.5514875" lon="133.3279125">
      <ele>655.817</ele>
    </trkpt>
    <trkpt lat="-22.5516275" lon="133.3279435">
      <ele>655.653</ele>
    </trkpt>
    <trkpt lat="-22.5518038" lon="133.3279826">
      <ele>655.867</ele>
    </trkpt>
    <trkpt lat="-22.5520632" lon="133.3280401">
      <ele>655.169</ele>
    </trkpt>
    <trkpt lat="-22.5525031" lon="133.3281658">
      <ele>654.004</ele>
    </trkpt>
    <trkpt lat="-22.5526767" lon="133.3282167">
      <ele>654.369</ele>
    </trkpt>
    <trkpt lat="-22.5528542" lon="133.3282716">
      <ele>654.839</ele>
    </trkpt>
    <trkpt lat="-22.553042" lon="133.3283302">
      <ele>654.999</ele>
    </trkpt>
    <trkpt lat="-22.5537004" lon="133.3285477">
      <ele>656.679</ele>
    </trkpt>
    <trkpt lat="-22.5543816" lon="133.3287648">
      <ele>655.428</ele>
    </trkpt>
    <trkpt lat="-22.5544914" lon="133.328802">
      <ele>655.687</ele>
    </trkpt>
    <trkpt lat="-22.5546838" lon="133.3288616">
      <ele>655.902</ele>
    </trkpt>
    <trkpt lat="-22.5559548" lon="133.3292608">
      <ele>651.339</ele>
    </trkpt>
    <trkpt lat="-22.5562475" lon="133.3293503">
      <ele>651.336</ele>
    </trkpt>
    <trkpt lat="-22.5564878" lon="133.3294277">
      <ele>650.622</ele>
    </trkpt>
    <trkpt lat="-22.5580379" lon="133.3299186">
      <ele>648.293</ele>
    </trkpt>
    <trkpt lat="-22.5585225" lon="133.3300714">
      <ele>646.743</ele>
    </trkpt>
    <trkpt lat="-22.5595348" lon="133.3303962">
      <ele>650.0</ele>
    </trkpt>
    <trkpt lat="-22.5633832" lon="133.3316161">
      <ele>646.147</ele>
    </trkpt>
    <trkpt lat="-22.5655045" lon="133.3322868">
      <ele>644.816</ele>
    </trkpt>
    <trkpt lat="-22.5657808" lon="133.3323776">
      <ele>646.622</ele>
    </trkpt>
    <trkpt lat="-22.5660536" lon="133.3324644">
      <ele>647.691</ele>
    </trkpt>
    <trkpt lat="-22.5664466" lon="133.3325896">
      <ele>647.323</ele>
    </trkpt>
    <trkpt lat="-22.5666173" lon="133.3326445">
      <ele>647.52</ele>
    </trkpt>
    <trkpt lat="-22.5666801" lon="133.3326656">
      <ele>647.616</ele>
    </trkpt>
    <trkpt lat="-22.5671454" lon="133.3328118">
      <ele>647.154</ele>
    </trkpt>
    <trkpt lat="-22.5675543" lon="133.3329395">
      <ele>645.613</ele>
    </trkpt>
    <trkpt lat="-22.567856" lon="133.3330366">
      <ele>646.331</ele>
    </trkpt>
    <trkpt lat="-22.5683585" lon="133.3331939">
      <ele>646.456</ele>
    </trkpt>
    <trkpt lat="-22.5687737" lon="133.3333264">
      <ele>646.0</ele>
    </trkpt>
    <trkpt lat="-22.5690915" lon="133.3334314">
      <ele>646.825</ele>
    </trkpt>
    <trkpt lat="-22.5693927" lon="133.3335264">
      <ele>647.248</ele>
    </trkpt>
    <trkpt lat="-22.5697938" lon="133.3336589">
      <ele>648.471</ele>
    </trkpt>
    <trkpt lat="-22.5702149" lon="133.3337956">
      <ele>650.109</ele>
    </trkpt>
    <trkpt lat="-22.5704274" lon="133.3338636">
      <ele>649.014</ele>
    </trkpt>
    <trkpt lat="-22.5707334" lon="133.3339544">
      <ele>647.275</ele>
    </trkpt>
    <trkpt lat="-22.5710409" lon="133.3340515">
      <ele>647.747</ele>
    </trkpt>
    <trkpt lat="-22.571445" lon="133.3341793">
      <ele>647.991</ele>
    </trkpt>
    <trkpt lat="-22.5717437" lon="133.3342753">
      <ele>647.549</ele>
    </trkpt>
    <trkpt lat="-22.5720222" lon="133.3343613">
      <ele>647.505</ele>
    </trkpt>
    <trkpt lat="-22.5720498" lon="133.3343698">
      <ele>647.454</ele>
    </trkpt>
    <trkpt lat="-22.5721953" lon="133.3344142">
      <ele>647.086</ele>
    </trkpt>
    <trkpt lat="-22.5724596" lon="133.3344949">
      <ele>645.964</ele>
    </trkpt>
    <trkpt lat="-22.5727828" lon="133.3346004">
      <ele>646.467</ele>
    </trkpt>
    <trkpt lat="-22.5730932" lon="133.3347007">
      <ele>648.011</ele>
    </trkpt>
    <trkpt lat="-22.5735089" lon="133.3348348">
      <ele>648.632</ele>
    </trkpt>
    <trkpt lat="-22.5737872" lon="133.3349245">
      <ele>649.0</ele>
    </trkpt>
    <trkpt lat="-22.5741235" lon="133.3350279">
      <ele>648.155</ele>
    </trkpt>
    <trkpt lat="-22.5745445" lon="133.3351609">
      <ele>647.939</ele>
    </trkpt>
    <trkpt lat="-22.5748657" lon="133.3352654">
      <ele>649.001</ele>
    </trkpt>
    <trkpt lat="-22.5752297" lon="133.3353779">
      <ele>648.808</ele>
    </trkpt>
    <trkpt lat="-22.5756469" lon="133.3355082">
      <ele>647.728</ele>
    </trkpt>
    <trkpt lat="-22.5760017" lon="133.3356228">
      <ele>648.147</ele>
    </trkpt>
    <trkpt lat="-22.5763638" lon="133.3357368">
      <ele>648.059</ele>
    </trkpt>
    <trkpt lat="-22.576702" lon="133.3358444">
      <ele>649.087</ele>
    </trkpt>
    <trkpt lat="-22.5769949" lon="133.3359389">
      <ele>649.62</ele>
    </trkpt>
    <trkpt lat="-22.5773248" lon="133.3360471">
      <ele>649.685</ele>
    </trkpt>
    <trkpt lat="-22.5776815" lon="133.3361574">
      <ele>649.776</ele>
    </trkpt>
    <trkpt lat="-22.5780154" lon="133.3362587">
      <ele>648.613</ele>
    </trkpt>
    <trkpt lat="-22.5784038" lon="133.3363807">
      <ele>648.254</ele>
    </trkpt>
    <trkpt lat="-22.5787166" lon="133.3364799">
      <ele>648.548</ele>
    </trkpt>
    <trkpt lat="-22.5790222" lon="133.336577">
      <ele>647.491</ele>
    </trkpt>
    <trkpt lat="-22.579316" lon="133.3366773">
      <ele>648.093</ele>
    </trkpt>
    <trkpt lat="-22.5794438" lon="133.3367175">
      <ele>648.996</ele>
    </trkpt>
    <trkpt lat="-22.5796166" lon="133.3367717">
      <ele>649.234</ele>
    </trkpt>
    <trkpt lat="-22.5796723" lon="133.3367892">
      <ele>649.362</ele>
    </trkpt>
    <trkpt lat="-22.5799988" lon="133.3368931">
      <ele>649.999</ele>
    </trkpt>
    <trkpt lat="-22.580337" lon="133.3369992">
      <ele>649.803</ele>
    </trkpt>
    <trkpt lat="-22.5806416" lon="133.3370974">
      <ele>649.449</ele>
    </trkpt>
    <trkpt lat="-22.5809676" lon="133.3371998">
      <ele>649.081</ele>
    </trkpt>
    <trkpt lat="-22.581317" lon="133.3373101">
      <ele>650.058</ele>
    </trkpt>
    <trkpt lat="-22.5816328" lon="133.3374119">
      <ele>649.805</ele>
    </trkpt>
    <trkpt lat="-22.5820827" lon="133.3375535">
      <ele>650.097</ele>
    </trkpt>
    <trkpt lat="-22.5823971" lon="133.3376536">
      <ele>650.0</ele>
    </trkpt>
    <trkpt lat="-22.582853" lon="133.3378014">
      <ele>649.915</ele>
    </trkpt>
    <trkpt lat="-22.5832662" lon="133.3379318">
      <ele>649.866</ele>
    </trkpt>
    <trkpt lat="-22.583629" lon="133.3380422">
      <ele>651.0</ele>
    </trkpt>
    <trkpt lat="-22.5840023" lon="133.3381665">
      <ele>651.0</ele>
    </trkpt>
    <trkpt lat="-22.5843517" lon="133.3382716">
      <ele>651.666</ele>
    </trkpt>
    <trkpt lat="-22.5846795" lon="133.3383753">
      <ele>651.698</ele>
    </trkpt>
    <trkpt lat="-22.5851621" lon="133.3385336">
      <ele>649.275</ele>
    </trkpt>
    <trkpt lat="-22.5855201" lon="133.3386486">
      <ele>648.0</ele>
    </trkpt>
    <trkpt lat="-22.5858805" lon="133.3387583">
      <ele>648.52</ele>
    </trkpt>
    <trkpt lat="-22.5862396" lon="133.338874">
      <ele>648.491</ele>
    </trkpt>
    <trkpt lat="-22.586724" lon="133.339027">
      <ele>649.708</ele>
    </trkpt>
    <trkpt lat="-22.5871305" lon="133.339154">
      <ele>650.315</ele>
    </trkpt>
    <trkpt lat="-22.5876149" lon="133.3393082">
      <ele>649.808</ele>
    </trkpt>
    <trkpt lat="-22.5879544" lon="133.3394186">
      <ele>649.966</ele>
    </trkpt>
    <trkpt lat="-22.5883903" lon="133.339555">
      <ele>650.44</ele>
    </trkpt>
    <trkpt lat="-22.5888895" lon="133.3397145">
      <ele>651.03</ele>
    </trkpt>
    <trkpt lat="-22.5893223" lon="133.3398515">
      <ele>650.304</ele>
    </trkpt>
    <trkpt lat="-22.5896268" lon="133.3399516">
      <ele>649.234</ele>
    </trkpt>
    <trkpt lat="-22.5896483" lon="133.3399586">
      <ele>649.189</ele>
    </trkpt>
    <trkpt lat="-22.5897997" lon="133.3400054">
      <ele>649.298</ele>
    </trkpt>
    <trkpt lat="-22.5899602" lon="133.340055">
      <ele>650.055</ele>
    </trkpt>
    <trkpt lat="-22.5903028" lon="133.3401627">
      <ele>649.963</ele>
    </trkpt>
    <trkpt lat="-22.5907491" lon="133.340303">
      <ele>650.028</ele>
    </trkpt>
    <trkpt lat="-22.5911064" lon="133.3404181">
      <ele>650.0</ele>
    </trkpt>
    <trkpt lat="-22.5914232" lon="133.3405165">
      <ele>651.141</ele>
    </trkpt>
    <trkpt lat="-22.5917413" lon="133.3406169">
      <ele>651.731</ele>
    </trkpt>
    <trkpt lat="-22.5919924" lon="133.340702">
      <ele>650.918</ele>
    </trkpt>
    <trkpt lat="-22.5922717" lon="133.3407898">
      <ele>651.2</ele>
    </trkpt>
    <trkpt lat="-22.5928193" lon="133.3409567">
      <ele>653.917</ele>
    </trkpt>
    <trkpt lat="-22.5932632" lon="133.3410997">
      <ele>654.676</ele>
    </trkpt>
    <trkpt lat="-22.5936893" lon="133.341232">
      <ele>656.313</ele>
    </trkpt>
    <trkpt lat="-22.5940883" lon="133.341361">
      <ele>654.564</ele>
    </trkpt>
    <trkpt lat="-22.5944401" lon="133.3414674">
      <ele>654.984</ele>
    </trkpt>
    <trkpt lat="-22.594763" lon="133.3415718">
      <ele>654.73</ele>
    </trkpt>
    <trkpt lat="-22.5951038" lon="133.3416802">
      <ele>655.374</ele>
    </trkpt>
    <trkpt lat="-22.5953251" lon="133.3417503">
      <ele>656.0</ele>
    </trkpt>
    <trkpt lat="-22.5954942" lon="133.3418039">
      <ele>656.0</ele>
    </trkpt>
    <trkpt lat="-22.5957865" lon="133.3418983">
      <ele>655.03</ele>
    </trkpt>
    <trkpt lat="-22.5961616" lon="133.3420187">
      <ele>654.867</ele>
    </trkpt>
    <trkpt lat="-22.5965066" lon="133.342127">
      <ele>654.657</ele>
    </trkpt>
    <trkpt lat="-22.5968289" lon="133.3422308">
      <ele>655.031</ele>
    </trkpt>
    <trkpt lat="-22.5972611" lon="133.3423664">
      <ele>654.86</ele>
    </trkpt>
    <trkpt lat="-22.5976847" lon="133.3425027">
      <ele>654.006</ele>
    </trkpt>
    <trkpt lat="-22.5980328" lon="133.3426165">
      <ele>654.034</ele>
    </trkpt>
    <trkpt lat="-22.5984582" lon="133.3427528">
      <ele>652.589</ele>
    </trkpt>
    <trkpt lat="-22.5987762" lon="133.3428585">
      <ele>652.419</ele>
    </trkpt>
    <trkpt lat="-22.5990979" lon="133.3429609">
      <ele>652.674</ele>
    </trkpt>
    <trkpt lat="-22.5994172" lon="133.3430573">
      <ele>653.902</ele>
    </trkpt>
    <trkpt lat="-22.5996952" lon="133.3431505">
      <ele>654.0</ele>
    </trkpt>
    <trkpt lat="-22.5999789" lon="133.3432422">
      <ele>653.697</ele>
    </trkpt>
    <trkpt lat="-22.6004068" lon="133.3433778">
      <ele>654.304</ele>
    </trkpt>
    <trkpt lat="-22.6008083" lon="133.3435102">
      <ele>653.123</ele>
    </trkpt>
    <trkpt lat="-22.6011879" lon="133.343634">
      <ele>651.582</ele>
    </trkpt>
    <trkpt lat="-22.6012975" lon="133.3436698">
      <ele>651.048</ele>
    </trkpt>
    <trkpt lat="-22.6013602" lon="133.3436898">
      <ele>650.791</ele>
    </trkpt>
    <trkpt lat="-22.6018778" lon="133.343855">
      <ele>651.24</ele>
    </trkpt>
    <trkpt lat="-22.6019182" lon="133.3438679">
      <ele>651.094</ele>
    </trkpt>
    <trkpt lat="-22.60205" lon="133.3439112">
      <ele>651.05</ele>
    </trkpt>
    <trkpt lat="-22.6024781" lon="133.3440521">
      <ele>650.459</ele>
    </trkpt>
    <trkpt lat="-22.602689" lon="133.3441166">
      <ele>649.5</ele>
    </trkpt>
    <trkpt lat="-22.603049" lon="133.3442217">
      <ele>649.0</ele>
    </trkpt>
    <trkpt lat="-22.6032571" lon="133.3442769">
      <ele>649.0</ele>
    </trkpt>
    <trkpt lat="-22.6036641" lon="133.3443799">
      <ele>649.232</ele>
    </trkpt>
    <trkpt lat="-22.603879" lon="133.3444292">
      <ele>649.055</ele>
    </trkpt>
    <trkpt lat="-22.6042012" lon="133.3444996">
      <ele>648.975</ele>
    </trkpt>
    <trkpt lat="-22.6047172" lon="133.3445978">
      <ele>648.888</ele>
    </trkpt>
    <trkpt lat="-22.6048252" lon="133.3446151">
      <ele>649.37</ele>
    </trkpt>
    <trkpt lat="-22.6050248" lon="133.3446464">
      <ele>650.338</ele>
    </trkpt>
    <trkpt lat="-22.6050277" lon="133.3446468">
      <ele>650.344</ele>
    </trkpt>
    <trkpt lat="-22.6052058" lon="133.3446739">
      <ele>650.786</ele>
    </trkpt>
    <trkpt lat="-22.6052497" lon="133.3446806">
      <ele>650.914</ele>
    </trkpt>
    <trkpt lat="-22.6053764" lon="133.3446999">
      <ele>650.645</ele>
    </trkpt>
    <trkpt lat="-22.6056127" lon="133.3447281">
      <ele>649.593</ele>
    </trkpt>
    <trkpt lat="-22.6057417" lon="133.3447426">
      <ele>648.709</ele>
    </trkpt>
    <trkpt lat="-22.6058822" lon="133.3447584">
      <ele>647.778</ele>
    </trkpt>
    <trkpt lat="-22.6059206" lon="133.3447621">
      <ele>647.515</ele>
    </trkpt>
    <trkpt lat="-22.6060998" lon="133.3447795">
      <ele>646.288</ele>
    </trkpt>
    <trkpt lat="-22.6061048" lon="133.34478">
      <ele>646.253</ele>
    </trkpt>
    <trkpt lat="-22.6062009" lon="133.3447878">
      <ele>646.236</ele>
    </trkpt>
    <trkpt lat="-22.6067429" lon="133.3448257">
      <ele>648.819</ele>
    </trkpt>
    <trkpt lat="-22.6073372" lon="133.344847">
      <ele>649.365</ele>
    </trkpt>
    <trkpt lat="-22.6078977" lon="133.3448516">
      <ele>648.505</ele>
    </trkpt>
    <trkpt lat="-22.6085379" lon="133.3448649">
      <ele>649.514</ele>
    </trkpt>
    <trkpt lat="-22.6091549" lon="133.3448736">
      <ele>649.436</ele>
    </trkpt>
    <trkpt lat="-22.6099281" lon="133.3448857">
      <ele>651.046</ele>
    </trkpt>
    <trkpt lat="-22.6106662" lon="133.3448942">
      <ele>650.602</ele>
    </trkpt>
    <trkpt lat="-22.6115003" lon="133.3449084">
      <ele>649.599</ele>
    </trkpt>
    <trkpt lat="-22.6122891" lon="133.3449206">
      <ele>649.286</ele>
    </trkpt>
    <trkpt lat="-22.6131734" lon="133.3449343">
      <ele>650.1</ele>
    </trkpt>
    <trkpt lat="-22.6139939" lon="133.3449443">
      <ele>650.875</ele>
    </trkpt>
    <trkpt lat="-22.6146521" lon="133.3449512">
      <ele>649.559</ele>
    </trkpt>
    <trkpt lat="-22.6155247" lon="133.3449675">
      <ele>650.791</ele>
    </trkpt>
    <trkpt lat="-22.6163763" lon="133.344977">
      <ele>651.0</ele>
    </trkpt>
    <trkpt lat="-22.6173292" lon="133.3449892">
      <ele>651.669</ele>
    </trkpt>
    <trkpt lat="-22.6180717" lon="133.3449997">
      <ele>651.001</ele>
    </trkpt>
    <trkpt lat="-22.6187192" lon="133.3450108">
      <ele>651.374</ele>
    </trkpt>
    <trkpt lat="-22.6194364" lon="133.3450192">
      <ele>652.0</ele>
    </trkpt>
    <trkpt lat="-22.6200122" lon="133.3450314">
      <ele>652.152</ele>
    </trkpt>
    <trkpt lat="-22.6206509" lon="133.3450388">
      <ele>652.609</ele>
    </trkpt>
    <trkpt lat="-22.6212053" lon="133.3450484">
      <ele>652.339</ele>
    </trkpt>
    <trkpt lat="-22.621326" lon="133.3450493">
      <ele>652.774</ele>
    </trkpt>
    <trkpt lat="-22.6218302" lon="133.345056">
      <ele>653.881</ele>
    </trkpt>
    <trkpt lat="-22.6223694" lon="133.3450633">
      <ele>654.121</ele>
    </trkpt>
    <trkpt lat="-22.6230093" lon="133.3450726">
      <ele>654.138</ele>
    </trkpt>
    <trkpt lat="-22.6235417" lon="133.3450806">
      <ele>653.96</ele>
    </trkpt>
    <trkpt lat="-22.624297" lon="133.3450939">
      <ele>653.0</ele>
    </trkpt>
    <trkpt lat="-22.6250364" lon="133.3451045">
      <ele>652.163</ele>
    </trkpt>
    <trkpt lat="-22.6256793" lon="133.3451145">
      <ele>653.033</ele>
    </trkpt>
    <trkpt lat="-22.6263186" lon="133.3451245">
      <ele>653.474</ele>
    </trkpt>
    <trkpt lat="-22.6269302" lon="133.3451371">
      <ele>653.987</ele>
    </trkpt>
    <trkpt lat="-22.6273625" lon="133.3451558">
      <ele>653.9</ele>
    </trkpt>
    <trkpt lat="-22.627831" lon="133.3451884">
      <ele>653.863</ele>
    </trkpt>
    <trkpt lat="-22.6282338" lon="133.3452236">
      <ele>654.39</ele>
    </trkpt>
    <trkpt lat="-22.6286256" lon="133.3452722">
      <ele>654.02</ele>
    </trkpt>
    <trkpt lat="-22.629037" lon="133.3453347">
      <ele>654.0</ele>
    </trkpt>
    <trkpt lat="-22.6294362" lon="133.3454019">
      <ele>653.566</ele>
    </trkpt>
    <trkpt lat="-22.6298144" lon="133.3454738">
      <ele>652.626</ele>
    </trkpt>
    <trkpt lat="-22.6301252" lon="133.345539">
      <ele>653.51</ele>
    </trkpt>
    <trkpt lat="-22.6303704" lon="133.3455957">
      <ele>653.855</ele>
    </trkpt>
    <trkpt lat="-22.6306573" lon="133.3456695">
      <ele>653.59</ele>
    </trkpt>
    <trkpt lat="-22.6307957" lon="133.3457017">
      <ele>653.474</ele>
    </trkpt>
    <trkpt lat="-22.6311997" lon="133.3458144">
      <ele>655.319</ele>
    </trkpt>
    <trkpt lat="-22.6316647" lon="133.3459561">
      <ele>658.431</ele>
    </trkpt>
    <trkpt lat="-22.6322217" lon="133.346153">
      <ele>656.853</ele>
    </trkpt>
    <trkpt lat="-22.6327561" lon="133.3463601">
      <ele>654.373</ele>
    </trkpt>
    <trkpt lat="-22.6328504" lon="133.3463967">
      <ele>654.777</ele>
    </trkpt>
    <trkpt lat="-22.6335473" lon="133.3466945">
      <ele>655.207</ele>
    </trkpt>
    <trkpt lat="-22.6342248" lon="133.3469818">
      <ele>656.344</ele>
    </trkpt>
    <trkpt lat="-22.634725" lon="133.3471929">
      <ele>656.885</ele>
    </trkpt>
    <trkpt lat="-22.6348028" lon="133.3472257">
      <ele>656.714</ele>
    </trkpt>
    <trkpt lat="-22.6351732" lon="133.3473845">
      <ele>656.584</ele>
    </trkpt>
    <trkpt lat="-22.6353212" lon="133.3474457">
      <ele>656.648</ele>
    </trkpt>
    <trkpt lat="-22.6355698" lon="133.3475523">
      <ele>656.316</ele>
    </trkpt>
    <trkpt lat="-22.6359231" lon="133.347707">
      <ele>655.828</ele>
    </trkpt>
    <trkpt lat="-22.6360659" lon="133.3477682">
      <ele>655.994</ele>
    </trkpt>
    <trkpt lat="-22.636199" lon="133.3478256">
      <ele>656.09</ele>
    </trkpt>
    <trkpt lat="-22.6375612" lon="133.3484055">
      <ele>655.797</ele>
    </trkpt>
    <trkpt lat="-22.6384314" lon="133.3487663">
      <ele>656.647</ele>
    </trkpt>
    <trkpt lat="-22.6386021" lon="133.3488392">
      <ele>656.032</ele>
    </trkpt>
    <trkpt lat="-22.6396521" lon="133.3492872">
      <ele>655.566</ele>
    </trkpt>
    <trkpt lat="-22.6399663" lon="133.3494293">
      <ele>655.102</ele>
    </trkpt>
    <trkpt lat="-22.646915" lon="133.3524054">
      <ele>658.696</ele>
    </trkpt>
    <trkpt lat="-22.6495328" lon="133.3535162">
      <ele>660.791</ele>
    </trkpt>
    <trkpt lat="-22.6498286" lon="133.353629">
      <ele>659.259</ele>
    </trkpt>
    <trkpt lat="-22.6511141" lon="133.3541795">
      <ele>661.0</ele>
    </trkpt>
    <trkpt lat="-22.6538709" lon="133.3553612">
      <ele>661.764</ele>
    </trkpt>
    <trkpt lat="-22.6547372" lon="133.3557325">
      <ele>660.363</ele>
    </trkpt>
    <trkpt lat="-22.6566031" lon="133.3565354">
      <ele>663.0</ele>
    </trkpt>
    <trkpt lat="-22.6627934" lon="133.3591829">
      <ele>664.996</ele>
    </trkpt>
    <trkpt lat="-22.6663068" lon="133.3606856">
      <ele>663.907</ele>
    </trkpt>
    <trkpt lat="-22.6704894" lon="133.3624747">
      <ele>663.091</ele>
    </trkpt>
    <trkpt lat="-22.6709913" lon="133.3626894">
      <ele>664.682</ele>
    </trkpt>
    <trkpt lat="-22.6714932" lon="133.3629041">
      <ele>665.545</ele>
    </trkpt>
    <trkpt lat="-22.6716605" lon="133.3629757">
      <ele>665.287</ele>
    </trkpt>
    <trkpt lat="-22.6785198" lon="133.3659101">
      <ele>668.343</ele>
    </trkpt>
    <trkpt lat="-22.6786872" lon="133.3659817">
      <ele>669.0</ele>
    </trkpt>
    <trkpt lat="-22.6788545" lon="133.3660533">
      <ele>669.0</ele>
    </trkpt>
    <trkpt lat="-22.683037" lon="133.3678427">
      <ele>665.699</ele>
    </trkpt>
    <trkpt lat="-22.686111" lon="133.3691579">
      <ele>665.0</ele>
    </trkpt>
    <trkpt lat="-22.687286" lon="133.36966">
      <ele>667.827</ele>
    </trkpt>
    <trkpt lat="-22.6876331" lon="133.3698041">
      <ele>668.817</ele>
    </trkpt>
    <trkpt lat="-22.6883256" lon="133.3700928">
      <ele>669.666</ele>
    </trkpt>
    <trkpt lat="-22.6887896" lon="133.3702847">
      <ele>669.009</ele>
    </trkpt>
    <trkpt lat="-22.6889467" lon="133.3703507">
      <ele>669.0</ele>
    </trkpt>
    <trkpt lat="-22.6924618" lon="133.371849">
      <ele>667.566</ele>
    </trkpt>
    <trkpt lat="-22.6948052" lon="133.3728479">
      <ele>665.954</ele>
    </trkpt>
    <trkpt lat="-22.6963117" lon="133.3734901">
      <ele>663.879</ele>
    </trkpt>
    <trkpt lat="-22.697316" lon="133.3739182">
      <ele>664.0</ele>
    </trkpt>
    <trkpt lat="-22.6974834" lon="133.3739896">
      <ele>664.0</ele>
    </trkpt>
    <trkpt lat="-22.6976508" lon="133.374061">
      <ele>664.0</ele>
    </trkpt>
    <trkpt lat="-22.6988224" lon="133.3745604">
      <ele>663.0</ele>
    </trkpt>
    <trkpt lat="-22.705903" lon="133.377579">
      <ele>659.569</ele>
    </trkpt>
    <trkpt lat="-22.7063544" lon="133.3777726">
      <ele>660.979</ele>
    </trkpt>
    <trkpt lat="-22.7065216" lon="133.3778443">
      <ele>661.125</ele>
    </trkpt>
    <trkpt lat="-22.7066889" lon="133.377916">
      <ele>660.88</ele>
    </trkpt>
    <trkpt lat="-22.7068493" lon="133.3779848">
      <ele>659.853</ele>
    </trkpt>
    <trkpt lat="-22.7093358" lon="133.3790457">
      <ele>660.612</ele>
    </trkpt>
    <trkpt lat="-22.7103694" lon="133.3794913">
      <ele>659.396</ele>
    </trkpt>
    <trkpt lat="-22.7105365" lon="133.3795634">
      <ele>658.536</ele>
    </trkpt>
    <trkpt lat="-22.7109763" lon="133.379753">
      <ele>659.165</ele>
    </trkpt>
    <trkpt lat="-22.7113724" lon="133.3799231">
      <ele>659.303</ele>
    </trkpt>
    <trkpt lat="-22.7115396" lon="133.3799949">
      <ele>659.008</ele>
    </trkpt>
    <trkpt lat="-22.7123757" lon="133.3803539">
      <ele>658.401</ele>
    </trkpt>
    <trkpt lat="-22.7125429" lon="133.3804257">
      <ele>658.395</ele>
    </trkpt>
    <trkpt lat="-22.7127977" lon="133.3805351">
      <ele>657.995</ele>
    </trkpt>
    <trkpt lat="-22.7128774" lon="133.3805692">
      <ele>658.067</ele>
    </trkpt>
    <trkpt lat="-22.7130447" lon="133.3806408">
      <ele>658.602</ele>
    </trkpt>
    <trkpt lat="-22.7155543" lon="133.3817146">
      <ele>661.999</ele>
    </trkpt>
    <trkpt lat="-22.7157216" lon="133.3817862">
      <ele>661.743</ele>
    </trkpt>
    <trkpt lat="-22.7185657" lon="133.3830032">
      <ele>656.938</ele>
    </trkpt>
    <trkpt lat="-22.718733" lon="133.3830748">
      <ele>657.408</ele>
    </trkpt>
    <trkpt lat="-22.7189003" lon="133.3831464">
      <ele>657.673</ele>
    </trkpt>
    <trkpt lat="-22.7217445" lon="133.3843635">
      <ele>658.428</ele>
    </trkpt>
    <trkpt lat="-22.7219118" lon="133.3844351">
      <ele>658.084</ele>
    </trkpt>
    <trkpt lat="-22.7239194" lon="133.3852943">
      <ele>655.897</ele>
    </trkpt>
    <trkpt lat="-22.7255924" lon="133.3860103">
      <ele>654.553</ele>
    </trkpt>
    <trkpt lat="-22.729898" lon="133.387853">
      <ele>653.729</ele>
    </trkpt>
    <trkpt lat="-22.730779" lon="133.3882291">
      <ele>654.18</ele>
    </trkpt>
    <trkpt lat="-22.7319505" lon="133.3887293">
      <ele>652.0</ele>
    </trkpt>
    <trkpt lat="-22.732163" lon="133.38882">
      <ele>652.0</ele>
    </trkpt>
    <trkpt lat="-22.734796" lon="133.3899429">
      <ele>652.74</ele>
    </trkpt>
    <trkpt lat="-22.7349634" lon="133.3900143">
      <ele>653.0</ele>
    </trkpt>
    <trkpt lat="-22.7358003" lon="133.3903712">
      <ele>649.079</ele>
    </trkpt>
    <trkpt lat="-22.7460105" lon="133.3947259">
      <ele>649.344</ele>
    </trkpt>
    <trkpt lat="-22.7461778" lon="133.3947973">
      <ele>648.49</ele>
    </trkpt>
    <trkpt lat="-22.7463452" lon="133.3948687">
      <ele>647.63</ele>
    </trkpt>
    <trkpt lat="-22.7468474" lon="133.3950829">
      <ele>648.0</ele>
    </trkpt>
    <trkpt lat="-22.7492646" lon="133.396114">
      <ele>649.346</ele>
    </trkpt>
    <trkpt lat="-22.7508638" lon="133.3967983">
      <ele>651.578</ele>
    </trkpt>
    <trkpt lat="-22.7510311" lon="133.3968699">
      <ele>651.789</ele>
    </trkpt>
    <trkpt lat="-22.7573226" lon="133.3995621">
      <ele>653.847</ele>
    </trkpt>
    <trkpt lat="-22.7575695" lon="133.3996637">
      <ele>653.211</ele>
    </trkpt>
    <trkpt lat="-22.7578239" lon="133.399769">
      <ele>653.0</ele>
    </trkpt>
    <trkpt lat="-22.7582849" lon="133.3999663">
      <ele>652.9</ele>
    </trkpt>
    <trkpt lat="-22.7624826" lon="133.4017585">
      <ele>648.627</ele>
    </trkpt>
    <trkpt lat="-22.7638481" lon="133.4023435">
      <ele>649.044</ele>
    </trkpt>
    <trkpt lat="-22.7666919" lon="133.4035619">
      <ele>646.984</ele>
    </trkpt>
    <trkpt lat="-22.7668592" lon="133.4036336">
      <ele>647.081</ele>
    </trkpt>
    <trkpt lat="-22.7696951" lon="133.4048487">
      <ele>644.545</ele>
    </trkpt>
    <trkpt lat="-22.77501" lon="133.407125">
      <ele>644.964</ele>
    </trkpt>
    <trkpt lat="-22.7762209" lon="133.407639">
      <ele>644.802</ele>
    </trkpt>
    <trkpt lat="-22.7763884" lon="133.4077101">
      <ele>644.245</ele>
    </trkpt>
    <trkpt lat="-22.7775968" lon="133.408223">
      <ele>644.044</ele>
    </trkpt>
    <trkpt lat="-22.7807396" lon="133.4095689">
      <ele>644.262</ele>
    </trkpt>
    <trkpt lat="-22.7817433" lon="133.4099987">
      <ele>644.285</ele>
    </trkpt>
    <trkpt lat="-22.7837509" lon="133.4108585">
      <ele>647.413</ele>
    </trkpt>
    <trkpt lat="-22.786093" lon="133.4118616">
      <ele>647.046</ele>
    </trkpt>
    <trkpt lat="-22.7864276" lon="133.4120049">
      <ele>646.435</ele>
    </trkpt>
    <trkpt lat="-22.7865948" lon="133.4120765">
      <ele>646.951</ele>
    </trkpt>
    <trkpt lat="-22.7912643" lon="133.4140765">
      <ele>649.372</ele>
    </trkpt>
    <trkpt lat="-22.791543" lon="133.4141956">
      <ele>651.711</ele>
    </trkpt>
    <trkpt lat="-22.7916146" lon="133.4142236">
      <ele>652.476</ele>
    </trkpt>
    <trkpt lat="-22.7917836" lon="133.4142898">
      <ele>652.579</ele>
    </trkpt>
    <trkpt lat="-22.7919516" lon="133.4143599">
      <ele>651.974</ele>
    </trkpt>
    <trkpt lat="-22.7919673" lon="133.4143665">
      <ele>651.918</ele>
    </trkpt>
    <trkpt lat="-22.7921218" lon="133.4144228">
      <ele>651.362</ele>
    </trkpt>
    <trkpt lat="-22.792158" lon="133.414436">
      <ele>651.231</ele>
    </trkpt>
    <trkpt lat="-22.7926346" lon="133.4146051">
      <ele>652.063</ele>
    </trkpt>
    <trkpt lat="-22.7931474" lon="133.4147871">
      <ele>650.339</ele>
    </trkpt>
    <trkpt lat="-22.7951988" lon="133.4155151">
      <ele>653.813</ele>
    </trkpt>
    <trkpt lat="-22.7953697" lon="133.4155758">
      <ele>654.122</ele>
    </trkpt>
    <trkpt lat="-22.7994942" lon="133.4170395">
      <ele>656.939</ele>
    </trkpt>
    <trkpt lat="-22.800635" lon="133.4174469">
      <ele>657.477</ele>
    </trkpt>
    <trkpt lat="-22.8011163" lon="133.4176095">
      <ele>657.624</ele>
    </trkpt>
    <trkpt lat="-22.803574" lon="133.418492">
      <ele>660.172</ele>
    </trkpt>
    <trkpt lat="-22.8042903" lon="133.4187436">
      <ele>659.781</ele>
    </trkpt>
    <trkpt lat="-22.8073163" lon="133.419822">
      <ele>658.935</ele>
    </trkpt>
    <trkpt lat="-22.807667" lon="133.4199505">
      <ele>659.822</ele>
    </trkpt>
    <trkpt lat="-22.8079826" lon="133.4200785">
      <ele>659.337</ele>
    </trkpt>
    <trkpt lat="-22.8083016" lon="133.4202188">
      <ele>658.812</ele>
    </trkpt>
    <trkpt lat="-22.8083154" lon="133.4202261">
      <ele>658.826</ele>
    </trkpt>
    <trkpt lat="-22.8086922" lon="133.4204053">
      <ele>659.675</ele>
    </trkpt>
    <trkpt lat="-22.8094722" lon="133.4208301">
      <ele>661.879</ele>
    </trkpt>
    <trkpt lat="-22.8099291" lon="133.4211065">
      <ele>661.0</ele>
    </trkpt>
    <trkpt lat="-22.8102324" lon="133.4212977">
      <ele>661.11</ele>
    </trkpt>
    <trkpt lat="-22.810807" lon="133.4217094">
      <ele>659.249</ele>
    </trkpt>
    <trkpt lat="-22.8109884" lon="133.4218527">
      <ele>660.044</ele>
    </trkpt>
    <trkpt lat="-22.8112225" lon="133.4220428">
      <ele>661.424</ele>
    </trkpt>
    <trkpt lat="-22.8114831" lon="133.4222586">
      <ele>660.616</ele>
    </trkpt>
    <trkpt lat="-22.811947" lon="133.422667">
      <ele>660.009</ele>
    </trkpt>
    <trkpt lat="-22.8125996" lon="133.4232927">
      <ele>660.906</ele>
    </trkpt>
    <trkpt lat="-22.8139759" lon="133.424629">
      <ele>663.978</ele>
    </trkpt>
    <trkpt lat="-22.8148781" lon="133.4255049">
      <ele>663.481</ele>
    </trkpt>
    <trkpt lat="-22.8157204" lon="133.4263181">
      <ele>664.104</ele>
    </trkpt>
    <trkpt lat="-22.8157348" lon="133.426332">
      <ele>664.073</ele>
    </trkpt>
    <trkpt lat="-22.8163919" lon="133.426967">
      <ele>660.001</ele>
    </trkpt>
    <trkpt lat="-22.817735" lon="133.428265">
      <ele>664.0</ele>
    </trkpt>
    <trkpt lat="-22.8205554" lon="133.4309907">
      <ele>665.567</ele>
    </trkpt>
    <trkpt lat="-22.8206897" lon="133.4311205">
      <ele>665.101</ele>
    </trkpt>
    <trkpt lat="-22.8224411" lon="133.4328132">
      <ele>668.788</ele>
    </trkpt>
    <trkpt lat="-22.8231931" lon="133.4335231">
      <ele>669.655</ele>
    </trkpt>
    <trkpt lat="-22.8242405" lon="133.4344196">
      <ele>668.242</ele>
    </trkpt>
    <trkpt lat="-22.8248023" lon="133.4349017">
      <ele>671.106</ele>
    </trkpt>
    <trkpt lat="-22.8277011" lon="133.4373778">
      <ele>668.716</ele>
    </trkpt>
    <trkpt lat="-22.8280872" lon="133.437711">
      <ele>666.886</ele>
    </trkpt>
    <trkpt lat="-22.8324598" lon="133.441462">
      <ele>668.225</ele>
    </trkpt>
    <trkpt lat="-22.8341002" lon="133.4428632">
      <ele>666.834</ele>
    </trkpt>
    <trkpt lat="-22.8342415" lon="133.4429839">
      <ele>666.731</ele>
    </trkpt>
    <trkpt lat="-22.8343829" lon="133.4431046">
      <ele>666.261</ele>
    </trkpt>
    <trkpt lat="-22.834388" lon="133.443109">
      <ele>666.242</ele>
    </trkpt>
    <trkpt lat="-22.8345238" lon="133.4432259">
      <ele>665.539</ele>
    </trkpt>
    <trkpt lat="-22.835933" lon="133.4444385">
      <ele>665.351</ele>
    </trkpt>
    <trkpt lat="-22.836074" lon="133.4445598">
      <ele>665.507</ele>
    </trkpt>
    <trkpt lat="-22.8362149" lon="133.4446811">
      <ele>665.411</ele>
    </trkpt>
    <trkpt lat="-22.8388924" lon="133.4469853">
      <ele>665.866</ele>
    </trkpt>
    <trkpt lat="-22.8397667" lon="133.4477378">
      <ele>664.206</ele>
    </trkpt>
    <trkpt lat="-22.84156" lon="133.449278">
      <ele>665.23</ele>
    </trkpt>
    <trkpt lat="-22.8419427" lon="133.4496144">
      <ele>664.996</ele>
    </trkpt>
    <trkpt lat="-22.8423608" lon="133.4499791">
      <ele>666.038</ele>
    </trkpt>
    <trkpt lat="-22.8432305" lon="133.4507251">
      <ele>665.755</ele>
    </trkpt>
    <trkpt lat="-22.8433986" lon="133.4508706">
      <ele>666.306</ele>
    </trkpt>
    <trkpt lat="-22.8435392" lon="133.4509923">
      <ele>666.465</ele>
    </trkpt>
    <trkpt lat="-22.8436798" lon="133.451114">
      <ele>665.742</ele>
    </trkpt>
    <trkpt lat="-22.8438204" lon="133.4512357">
      <ele>664.798</ele>
    </trkpt>
    <trkpt lat="-22.8438221" lon="133.4512372">
      <ele>664.787</ele>
    </trkpt>
    <trkpt lat="-22.8442448" lon="133.4515974">
      <ele>665.539</ele>
    </trkpt>
    <trkpt lat="-22.8453273" lon="133.4525198">
      <ele>663.809</ele>
    </trkpt>
    <trkpt lat="-22.8466054" lon="133.4536197">
      <ele>662.024</ele>
    </trkpt>
    <trkpt lat="-22.847204" lon="133.4541289">
      <ele>663.873</ele>
    </trkpt>
    <trkpt lat="-22.8476867" lon="133.4545456">
      <ele>661.228</ele>
    </trkpt>
    <trkpt lat="-22.8511609" lon="133.4575253">
      <ele>661.091</ele>
    </trkpt>
    <trkpt lat="-22.8521487" lon="133.4583725">
      <ele>659.735</ele>
    </trkpt>
    <trkpt lat="-22.8534186" lon="133.4594618">
      <ele>660.65</ele>
    </trkpt>
    <trkpt lat="-22.8541242" lon="133.460067">
      <ele>660.306</ele>
    </trkpt>
    <trkpt lat="-22.8542653" lon="133.460188">
      <ele>659.405</ele>
    </trkpt>
    <trkpt lat="-22.8544064" lon="133.460309">
      <ele>658.259</ele>
    </trkpt>
    <trkpt lat="-22.8614617" lon="133.4663611">
      <ele>656.502</ele>
    </trkpt>
    <trkpt lat="-22.8679523" lon="133.4719296">
      <ele>654.425</ele>
    </trkpt>
    <trkpt lat="-22.8693633" lon="133.4731402">
      <ele>654.203</ele>
    </trkpt>
    <trkpt lat="-22.8716209" lon="133.4750772">
      <ele>655.397</ele>
    </trkpt>
    <trkpt lat="-22.871762" lon="133.4751983">
      <ele>655.126</ele>
    </trkpt>
    <trkpt lat="-22.871903" lon="133.4753193">
      <ele>654.276</ele>
    </trkpt>
    <trkpt lat="-22.8800865" lon="133.4823416">
      <ele>651.0</ele>
    </trkpt>
    <trkpt lat="-22.882621" lon="133.4845169">
      <ele>649.304</ele>
    </trkpt>
    <trkpt lat="-22.9040617" lon="133.5029412">
      <ele>641.0</ele>
    </trkpt>
    <trkpt lat="-22.9108305" lon="133.5087593">
      <ele>641.477</ele>
    </trkpt>
    <trkpt lat="-22.9147677" lon="133.5121439">
      <ele>638.282</ele>
    </trkpt>
    <trkpt lat="-22.9207015" lon="133.5172446">
      <ele>636.0</ele>
    </trkpt>
    <trkpt lat="-22.9222526" lon="133.5185781">
      <ele>638.878</ele>
    </trkpt>
    <trkpt lat="-22.9230052" lon="133.519225">
      <ele>638.79</ele>
    </trkpt>
    <trkpt lat="-22.923381" lon="133.5195474">
      <ele>638.521</ele>
    </trkpt>
    <trkpt lat="-22.9235221" lon="133.5196685">
      <ele>638.062</ele>
    </trkpt>
    <trkpt lat="-22.9243689" lon="133.520395">
      <ele>637.421</ele>
    </trkpt>
    <trkpt lat="-22.9257801" lon="133.5216057">
      <ele>636.659</ele>
    </trkpt>
    <trkpt lat="-22.926768" lon="133.5224533">
      <ele>637.528</ele>
    </trkpt>
    <trkpt lat="-22.9281792" lon="133.5236641">
      <ele>635.0</ele>
    </trkpt>
    <trkpt lat="-22.9283203" lon="133.5237851">
      <ele>635.0</ele>
    </trkpt>
    <trkpt lat="-22.9312839" lon="133.526328">
      <ele>634.378</ele>
    </trkpt>
    <trkpt lat="-22.9321305" lon="133.5270545">
      <ele>635.935</ele>
    </trkpt>
    <trkpt lat="-22.9325539" lon="133.5274178">
      <ele>636.612</ele>
    </trkpt>
    <trkpt lat="-22.932695" lon="133.5275389">
      <ele>635.554</ele>
    </trkpt>
    <trkpt lat="-22.9332595" lon="133.5280232">
      <ele>634.116</ele>
    </trkpt>
    <trkpt lat="-22.934786" lon="133.529333">
      <ele>633.633</ele>
    </trkpt>
    <trkpt lat="-22.9351986" lon="133.529728">
      <ele>633.021</ele>
    </trkpt>
    <trkpt lat="-22.935377" lon="133.529915">
      <ele>634.408</ele>
    </trkpt>
    <trkpt lat="-22.9357196" lon="133.5303206">
      <ele>635.5</ele>
    </trkpt>
    <trkpt lat="-22.9359542" lon="133.5306112">
      <ele>635.852</ele>
    </trkpt>
    <trkpt lat="-22.9363085" lon="133.531087">
      <ele>637.0</ele>
    </trkpt>
    <trkpt lat="-22.936667" lon="133.531577">
      <ele>636.323</ele>
    </trkpt>
    <trkpt lat="-22.936866" lon="133.5318327">
      <ele>636.0</ele>
    </trkpt>
    <trkpt lat="-22.9371563" lon="133.5321769">
      <ele>636.124</ele>
    </trkpt>
    <trkpt lat="-22.937389" lon="133.532439">
      <ele>636.0</ele>
    </trkpt>
    <trkpt lat="-22.93783" lon="133.5328714">
      <ele>635.125</ele>
    </trkpt>
    <trkpt lat="-22.93804" lon="133.5330569">
      <ele>635.0</ele>
    </trkpt>
    <trkpt lat="-22.9411205" lon="133.5357025">
      <ele>634.563</ele>
    </trkpt>
    <trkpt lat="-22.9414026" lon="133.5359448">
      <ele>635.619</ele>
    </trkpt>
    <trkpt lat="-22.9416848" lon="133.5361871">
      <ele>636.018</ele>
    </trkpt>
    <trkpt lat="-22.9426723" lon="133.5370352">
      <ele>637.0</ele>
    </trkpt>
    <trkpt lat="-22.9443652" lon="133.5384892">
      <ele>636.526</ele>
    </trkpt>
    <trkpt lat="-22.949483" lon="133.542885">
      <ele>637.946</ele>
    </trkpt>
    <trkpt lat="-22.9503825" lon="133.5436399">
      <ele>635.442</ele>
    </trkpt>
    <trkpt lat="-22.9507777" lon="133.5439811">
      <ele>636.332</ele>
    </trkpt>
    <trkpt lat="-22.9530945" lon="133.5459777">
      <ele>637.86</ele>
    </trkpt>
    <trkpt lat="-22.9543013" lon="133.5470148">
      <ele>641.492</ele>
    </trkpt>
    <trkpt lat="-22.9547244" lon="133.5473785">
      <ele>638.434</ele>
    </trkpt>
    <trkpt lat="-22.9548654" lon="133.5474997">
      <ele>638.001</ele>
    </trkpt>
    <trkpt lat="-22.9585324" lon="133.5506515">
      <ele>641.248</ele>
    </trkpt>
    <trkpt lat="-22.9586734" lon="133.5507727">
      <ele>641.831</ele>
    </trkpt>
    <trkpt lat="-22.9592376" lon="133.5512576">
      <ele>642.272</ele>
    </trkpt>
    <trkpt lat="-22.9593786" lon="133.5513788">
      <ele>642.201</ele>
    </trkpt>
    <trkpt lat="-22.9595197" lon="133.5515001">
      <ele>642.692</ele>
    </trkpt>
    <trkpt lat="-22.9619173" lon="133.5535609">
      <ele>642.163</ele>
    </trkpt>
    <trkpt lat="-22.9628596" lon="133.5543709">
      <ele>640.922</ele>
    </trkpt>
    <trkpt lat="-22.9630922" lon="133.5545714">
      <ele>641.397</ele>
    </trkpt>
    <trkpt lat="-22.9631114" lon="133.5545845">
      <ele>641.403</ele>
    </trkpt>
    <trkpt lat="-22.9631266" lon="133.5545926">
      <ele>641.397</ele>
    </trkpt>
    <trkpt lat="-22.9631548" lon="133.554603">
      <ele>641.367</ele>
    </trkpt>
    <trkpt lat="-22.9631814" lon="133.55461">
      <ele>641.326</ele>
    </trkpt>
    <trkpt lat="-22.9632044" lon="133.5546141">
      <ele>641.283</ele>
    </trkpt>
    <trkpt lat="-22.9632107" lon="133.5546152">
      <ele>641.271</ele>
    </trkpt>
    <trkpt lat="-22.963265" lon="133.5546267">
      <ele>641.161</ele>
    </trkpt>
    <trkpt lat="-22.9633098" lon="133.5546389">
      <ele>641.059</ele>
    </trkpt>
    <trkpt lat="-22.9633364" lon="133.5546481">
      <ele>641.0</ele>
    </trkpt>
    <trkpt lat="-22.9633535" lon="133.5546557">
      <ele>641.0</ele>
    </trkpt>
    <trkpt lat="-22.9634072" lon="133.5546794">
      <ele>641.0</ele>
    </trkpt>
    <trkpt lat="-22.9634318" lon="133.5546927">
      <ele>641.0</ele>
    </trkpt>
    <trkpt lat="-22.9634994" lon="133.5547442">
      <ele>640.921</ele>
    </trkpt>
    <trkpt lat="-22.9647287" lon="133.5558049">
      <ele>642.974</ele>
    </trkpt>
    <trkpt lat="-22.9673095" lon="133.5580312">
      <ele>641.0</ele>
    </trkpt>
    <trkpt lat="-22.9673315" lon="133.55805">
      <ele>641.0</ele>
    </trkpt>
    <trkpt lat="-22.9683202" lon="133.5588966">
      <ele>643.954</ele>
    </trkpt>
    <trkpt lat="-22.9684614" lon="133.5590175">
      <ele>644.427</ele>
    </trkpt>
    <trkpt lat="-22.9686027" lon="133.5591385">
      <ele>645.743</ele>
    </trkpt>
    <trkpt lat="-22.9691942" lon="133.559645">
      <ele>643.901</ele>
    </trkpt>
    <trkpt lat="-22.9692214" lon="133.5596664">
      <ele>643.803</ele>
    </trkpt>
    <trkpt lat="-22.96924" lon="133.5596878">
      <ele>643.736</ele>
    </trkpt>
    <trkpt lat="-22.9692555" lon="133.5597161">
      <ele>643.68</ele>
    </trkpt>
    <trkpt lat="-22.9692789" lon="133.5597664">
      <ele>643.755</ele>
    </trkpt>
    <trkpt lat="-22.9692959" lon="133.5598116">
      <ele>643.857</ele>
    </trkpt>
    <trkpt lat="-22.9693167" lon="133.5598648">
      <ele>643.973</ele>
    </trkpt>
    <trkpt lat="-22.9693321" lon="133.5598949">
      <ele>644.026</ele>
    </trkpt>
    <trkpt lat="-22.9693401" lon="133.5599099">
      <ele>644.051</ele>
    </trkpt>
    <trkpt lat="-22.9693513" lon="133.5599244">
      <ele>644.063</ele>
    </trkpt>
    <trkpt lat="-22.9693625" lon="133.5599365">
      <ele>644.066</ele>
    </trkpt>
    <trkpt lat="-22.969378" lon="133.559951">
      <ele>644.063</ele>
    </trkpt>
    <trkpt lat="-22.9702405" lon="133.5606831">
      <ele>643.071</ele>
    </trkpt>
    <trkpt lat="-22.9712833" lon="133.5615708">
      <ele>645.751</ele>
    </trkpt>
    <trkpt lat="-22.9758412" lon="133.5654852">
      <ele>643.021</ele>
    </trkpt>
    <trkpt lat="-22.9806209" lon="133.5695911">
      <ele>644.0</ele>
    </trkpt>
    <trkpt lat="-22.9824158" lon="133.5711288">
      <ele>645.239</ele>
    </trkpt>
    <trkpt lat="-22.9828427" lon="133.5714977">
      <ele>643.0</ele>
    </trkpt>
    <trkpt lat="-22.9858558" lon="133.5741134">
      <ele>645.905</ele>
    </trkpt>
    <trkpt lat="-22.9876338" lon="133.5756123">
      <ele>645.723</ele>
    </trkpt>
    <trkpt lat="-22.9944034" lon="133.5814358">
      <ele>647.561</ele>
    </trkpt>
    <trkpt lat="-22.9944901" lon="133.5815104">
      <ele>647.799</ele>
    </trkpt>
    <trkpt lat="-22.9945445" lon="133.581557">
      <ele>647.973</ele>
    </trkpt>
    <trkpt lat="-22.9946856" lon="133.5816781">
      <ele>648.665</ele>
    </trkpt>
    <trkpt lat="-22.9948267" lon="133.5817992">
      <ele>647.849</ele>
    </trkpt>
    <trkpt lat="-22.9952502" lon="133.5821624">
      <ele>646.922</ele>
    </trkpt>
    <trkpt lat="-23.0004502" lon="133.5866229">
      <ele>650.902</ele>
    </trkpt>
    <trkpt lat="-23.0042812" lon="133.5899169">
      <ele>652.588</ele>
    </trkpt>
    <trkpt lat="-23.0049864" lon="133.5905232">
      <ele>651.043</ele>
    </trkpt>
    <trkpt lat="-23.0065378" lon="133.5918572">
      <ele>655.222</ele>
    </trkpt>
    <trkpt lat="-23.0069609" lon="133.592221">
      <ele>656.0</ele>
    </trkpt>
    <trkpt lat="-23.0071019" lon="133.5923422">
      <ele>655.568</ele>
    </trkpt>
    <trkpt lat="-23.007243" lon="133.5924635">
      <ele>655.187</ele>
    </trkpt>
    <trkpt lat="-23.007384" lon="133.5925848">
      <ele>655.405</ele>
    </trkpt>
    <trkpt lat="-23.0093908" lon="133.5943106">
      <ele>654.325</ele>
    </trkpt>
    <trkpt lat="-23.0123562" lon="133.596856">
      <ele>656.528</ele>
    </trkpt>
    <trkpt lat="-23.016682" lon="133.6005647">
      <ele>657.053</ele>
    </trkpt>
    <trkpt lat="-23.0178764" lon="133.6015983">
      <ele>657.399</ele>
    </trkpt>
    <trkpt lat="-23.019431" lon="133.6029378">
      <ele>656.548</ele>
    </trkpt>
    <trkpt lat="-23.0213349" lon="133.6045753">
      <ele>658.806</ele>
    </trkpt>
    <trkpt lat="-23.0216966" lon="133.604885">
      <ele>659.523</ele>
    </trkpt>
    <trkpt lat="-23.023988" lon="133.6068598">
      <ele>659.0</ele>
    </trkpt>
    <trkpt lat="-23.0309788" lon="133.6128766">
      <ele>661.814</ele>
    </trkpt>
    <trkpt lat="-23.036349" lon="133.6175083">
      <ele>663.0</ele>
    </trkpt>
    <trkpt lat="-23.0395342" lon="133.6202532">
      <ele>662.323</ele>
    </trkpt>
    <trkpt lat="-23.0402841" lon="133.6208982">
      <ele>662.462</ele>
    </trkpt>
    <trkpt lat="-23.0416919" lon="133.6221052">
      <ele>661.962</ele>
    </trkpt>
    <trkpt lat="-23.0445971" lon="133.6246007">
      <ele>663.45</ele>
    </trkpt>
    <trkpt lat="-23.045726" lon="133.6255704">
      <ele>664.386</ele>
    </trkpt>
    <trkpt lat="-23.050861" lon="133.6299817">
      <ele>664.775</ele>
    </trkpt>
    <trkpt lat="-23.0531848" lon="133.6319674">
      <ele>667.044</ele>
    </trkpt>
    <trkpt lat="-23.0556469" lon="133.6340826">
      <ele>668.771</ele>
    </trkpt>
    <trkpt lat="-23.0564917" lon="133.634816">
      <ele>668.708</ele>
    </trkpt>
    <trkpt lat="-23.0567991" lon="133.6350827">
      <ele>670.0</ele>
    </trkpt>
    <trkpt lat="-23.0569051" lon="133.6351672">
      <ele>670.0</ele>
    </trkpt>
    <trkpt lat="-23.0586609" lon="133.6366756">
      <ele>667.847</ele>
    </trkpt>
    <trkpt lat="-23.0601638" lon="133.6379609">
      <ele>667.611</ele>
    </trkpt>
    <trkpt lat="-23.0647149" lon="133.6418853">
      <ele>672.527</ele>
    </trkpt>
    <trkpt lat="-23.073862" lon="133.6497361">
      <ele>672.142</ele>
    </trkpt>
    <trkpt lat="-23.0808277" lon="133.6557067">
      <ele>675.011</ele>
    </trkpt>
    <trkpt lat="-23.0809691" lon="133.6558278">
      <ele>675.0</ele>
    </trkpt>
    <trkpt lat="-23.0813609" lon="133.6561636">
      <ele>674.0</ele>
    </trkpt>
    <trkpt lat="-23.0813931" lon="133.6561913">
      <ele>674.015</ele>
    </trkpt>
    <trkpt lat="-23.0815926" lon="133.6563622">
      <ele>674.733</ele>
    </trkpt>
    <trkpt lat="-23.0920297" lon="133.6653107">
      <ele>677.0</ele>
    </trkpt>
    <trkpt lat="-23.0922934" lon="133.6655404">
      <ele>677.0</ele>
    </trkpt>
    <trkpt lat="-23.0949867" lon="133.6678478">
      <ele>677.216</ele>
    </trkpt>
    <trkpt lat="-23.0954844" lon="133.6682749">
      <ele>677.458</ele>
    </trkpt>
    <trkpt lat="-23.0967949" lon="133.6693955">
      <ele>676.538</ele>
    </trkpt>
    <trkpt lat="-23.0977708" lon="133.6702272">
      <ele>675.232</ele>
    </trkpt>
    <trkpt lat="-23.0980578" lon="133.6704752">
      <ele>675.01</ele>
    </trkpt>
    <trkpt lat="-23.1003176" lon="133.6724122">
      <ele>681.172</ele>
    </trkpt>
    <trkpt lat="-23.1006002" lon="133.6726544">
      <ele>680.306</ele>
    </trkpt>
    <trkpt lat="-23.1007414" lon="133.6727754">
      <ele>679.659</ele>
    </trkpt>
    <trkpt lat="-23.1008827" lon="133.6728965">
      <ele>678.471</ele>
    </trkpt>
    <trkpt lat="-23.1035857" lon="133.6752133">
      <ele>675.485</ele>
    </trkpt>
    <trkpt lat="-23.1041319" lon="133.6756803">
      <ele>675.773</ele>
    </trkpt>
    <trkpt lat="-23.104273" lon="133.6758009">
      <ele>677.239</ele>
    </trkpt>
    <trkpt lat="-23.1044147" lon="133.675922">
      <ele>677.927</ele>
    </trkpt>
    <trkpt lat="-23.1045558" lon="133.6760425">
      <ele>678.099</ele>
    </trkpt>
    <trkpt lat="-23.1093876" lon="133.6801824">
      <ele>680.522</ele>
    </trkpt>
    <trkpt lat="-23.1101169" lon="133.6807953">
      <ele>679.978</ele>
    </trkpt>
    <trkpt lat="-23.1119089" lon="133.6823266">
      <ele>679.952</ele>
    </trkpt>
    <trkpt lat="-23.1124742" lon="133.68281">
      <ele>677.198</ele>
    </trkpt>
    <trkpt lat="-23.1128985" lon="133.6831725">
      <ele>678.673</ele>
    </trkpt>
    <trkpt lat="-23.1130399" lon="133.6832933">
      <ele>678.992</ele>
    </trkpt>
    <trkpt lat="-23.1145305" lon="133.6845669">
      <ele>679.696</ele>
    </trkpt>
    <trkpt lat="-23.1151568" lon="133.6851134">
      <ele>681.23</ele>
    </trkpt>
    <trkpt lat="-23.1156035" lon="133.6855032">
      <ele>683.0</ele>
    </trkpt>
    <trkpt lat="-23.1170953" lon="133.6867635">
      <ele>682.354</ele>
    </trkpt>
    <trkpt lat="-23.1176789" lon="133.6872638">
      <ele>682.356</ele>
    </trkpt>
    <trkpt lat="-23.1189522" lon="133.6883561">
      <ele>683.31</ele>
    </trkpt>
    <trkpt lat="-23.120206" lon="133.6894281">
      <ele>685.985</ele>
    </trkpt>
    <trkpt lat="-23.1213849" lon="133.6904344">
      <ele>685.564</ele>
    </trkpt>
    <trkpt lat="-23.1222538" lon="133.6911674">
      <ele>685.0</ele>
    </trkpt>
    <trkpt lat="-23.1233201" lon="133.6920723">
      <ele>687.46</ele>
    </trkpt>
    <trkpt lat="-23.1256695" lon="133.6940591">
      <ele>689.59</ele>
    </trkpt>
    <trkpt lat="-23.1265108" lon="133.6947744">
      <ele>689.627</ele>
    </trkpt>
    <trkpt lat="-23.1266524" lon="133.6948948">
      <ele>690.57</ele>
    </trkpt>
    <trkpt lat="-23.1269359" lon="133.6951357">
      <ele>690.985</ele>
    </trkpt>
    <trkpt lat="-23.1272192" lon="133.6953766">
      <ele>690.648</ele>
    </trkpt>
    <trkpt lat="-23.127361" lon="133.6954972">
      <ele>690.0</ele>
    </trkpt>
    <trkpt lat="-23.1302118" lon="133.6979209">
      <ele>691.0</ele>
    </trkpt>
    <trkpt lat="-23.132009" lon="133.6994488">
      <ele>692.012</ele>
    </trkpt>
    <trkpt lat="-23.1322449" lon="133.6996485">
      <ele>691.918</ele>
    </trkpt>
    <trkpt lat="-23.1328621" lon="133.7001971">
      <ele>691.204</ele>
    </trkpt>
    <trkpt lat="-23.1336425" lon="133.7008299">
      <ele>691.865</ele>
    </trkpt>
    <trkpt lat="-23.1343549" lon="133.7014552">
      <ele>694.484</ele>
    </trkpt>
    <trkpt lat="-23.1343938" lon="133.7014888">
      <ele>694.476</ele>
    </trkpt>
    <trkpt lat="-23.1404743" lon="133.7067455">
      <ele>693.485</ele>
    </trkpt>
    <trkpt lat="-23.1486298" lon="133.7136389">
      <ele>695.093</ele>
    </trkpt>
    <trkpt lat="-23.1500347" lon="133.7148373">
      <ele>696.289</ele>
    </trkpt>
    <trkpt lat="-23.1525851" lon="133.7170406">
      <ele>695.694</ele>
    </trkpt>
    <trkpt lat="-23.1536198" lon="133.7180003">
      <ele>697.807</ele>
    </trkpt>
    <trkpt lat="-23.157899" lon="133.7216158">
      <ele>698.817</ele>
    </trkpt>
    <trkpt lat="-23.1591764" lon="133.7227005">
      <ele>698.07</ele>
    </trkpt>
    <trkpt lat="-23.1612391" lon="133.7244469">
      <ele>699.534</ele>
    </trkpt>
    <trkpt lat="-23.1641305" lon="133.7269264">
      <ele>702.813</ele>
    </trkpt>
    <trkpt lat="-23.1688586" lon="133.7309884">
      <ele>700.0</ele>
    </trkpt>
    <trkpt lat="-23.1730747" lon="133.7347165">
      <ele>700.038</ele>
    </trkpt>
    <trkpt lat="-23.1778852" lon="133.7388543">
      <ele>702.0</ele>
    </trkpt>
    <trkpt lat="-23.1798161" lon="133.7405053">
      <ele>702.88</ele>
    </trkpt>
    <trkpt lat="-23.1806658" lon="133.7412381">
      <ele>704.931</ele>
    </trkpt>
    <trkpt lat="-23.1808067" lon="133.7413597">
      <ele>704.106</ele>
    </trkpt>
    <trkpt lat="-23.1809476" lon="133.7414813">
      <ele>703.314</ele>
    </trkpt>
    <trkpt lat="-23.1813322" lon="133.741813">
      <ele>703.527</ele>
    </trkpt>
    <trkpt lat="-23.182874" lon="133.7431411">
      <ele>703.76</ele>
    </trkpt>
    <trkpt lat="-23.1836274" lon="133.7437883">
      <ele>702.6</ele>
    </trkpt>
    <trkpt lat="-23.1837685" lon="133.7439096">
      <ele>702.508</ele>
    </trkpt>
    <trkpt lat="-23.1864547" lon="133.7462175">
      <ele>703.091</ele>
    </trkpt>
    <trkpt lat="-23.1924039" lon="133.7513279">
      <ele>704.253</ele>
    </trkpt>
    <trkpt lat="-23.1930947" lon="133.7518995">
      <ele>703.72</ele>
    </trkpt>
    <trkpt lat="-23.1984839" lon="133.7565593">
      <ele>704.844</ele>
    </trkpt>
    <trkpt lat="-23.1989125" lon="133.7569299">
      <ele>702.085</ele>
    </trkpt>
    <trkpt lat="-23.1992856" lon="133.757215">
      <ele>703.985</ele>
    </trkpt>
    <trkpt lat="-23.1998189" lon="133.7576043">
      <ele>704.652</ele>
    </trkpt>
    <trkpt lat="-23.2002641" lon="133.757881">
      <ele>703.403</ele>
    </trkpt>
    <trkpt lat="-23.2009579" lon="133.7582787">
      <ele>703.197</ele>
    </trkpt>
    <trkpt lat="-23.2013994" lon="133.7585074">
      <ele>702.962</ele>
    </trkpt>
    <trkpt lat="-23.2015567" lon="133.7585815">
      <ele>702.396</ele>
    </trkpt>
    <trkpt lat="-23.202346" lon="133.7589328">
      <ele>703.842</ele>
    </trkpt>
    <trkpt lat="-23.2027961" lon="133.7590972">
      <ele>704.0</ele>
    </trkpt>
    <trkpt lat="-23.2029216" lon="133.7591427">
      <ele>704.0</ele>
    </trkpt>
    <trkpt lat="-23.2035526" lon="133.7593239">
      <ele>702.525</ele>
    </trkpt>
    <trkpt lat="-23.2042777" lon="133.7595014">
      <ele>704.0</ele>
    </trkpt>
    <trkpt lat="-23.2049571" lon="133.759643">
      <ele>703.396</ele>
    </trkpt>
    <trkpt lat="-23.2052795" lon="133.7596999">
      <ele>703.087</ele>
    </trkpt>
    <trkpt lat="-23.2053999" lon="133.7597212">
      <ele>703.443</ele>
    </trkpt>
    <trkpt lat="-23.2057159" lon="133.7597509">
      <ele>704.0</ele>
    </trkpt>
    <trkpt lat="-23.2061323" lon="133.7597836">
      <ele>704.0</ele>
    </trkpt>
    <trkpt lat="-23.2064916" lon="133.7598135">
      <ele>703.63</ele>
    </trkpt>
    <trkpt lat="-23.2069834" lon="133.7598274">
      <ele>703.053</ele>
    </trkpt>
    <trkpt lat="-23.2072632" lon="133.759805">
      <ele>703.402</ele>
    </trkpt>
    <trkpt lat="-23.2073813" lon="133.7597992">
      <ele>703.691</ele>
    </trkpt>
    <trkpt lat="-23.2078827" lon="133.759784">
      <ele>703.0</ele>
    </trkpt>
    <trkpt lat="-23.2082937" lon="133.7597431">
      <ele>702.272</ele>
    </trkpt>
    <trkpt lat="-23.2084075" lon="133.7597302">
      <ele>702.317</ele>
    </trkpt>
    <trkpt lat="-23.2088805" lon="133.7596898">
      <ele>703.97</ele>
    </trkpt>
    <trkpt lat="-23.2097004" lon="133.7595979">
      <ele>707.017</ele>
    </trkpt>
    <trkpt lat="-23.2107612" lon="133.7595423">
      <ele>704.26</ele>
    </trkpt>
    <trkpt lat="-23.2116053" lon="133.7595356">
      <ele>703.656</ele>
    </trkpt>
    <trkpt lat="-23.212242" lon="133.7595849">
      <ele>706.577</ele>
    </trkpt>
    <trkpt lat="-23.2130886" lon="133.7596749">
      <ele>704.83</ele>
    </trkpt>
    <trkpt lat="-23.2131591" lon="133.7596837">
      <ele>704.861</ele>
    </trkpt>
    <trkpt lat="-23.2138233" lon="133.7598035">
      <ele>705.236</ele>
    </trkpt>
    <trkpt lat="-23.2142826" lon="133.7599164">
      <ele>704.301</ele>
    </trkpt>
    <trkpt lat="-23.2145805" lon="133.7599917">
      <ele>704.505</ele>
    </trkpt>
    <trkpt lat="-23.2150614" lon="133.7601469">
      <ele>703.367</ele>
    </trkpt>
    <trkpt lat="-23.2171259" lon="133.7608115">
      <ele>705.079</ele>
    </trkpt>
    <trkpt lat="-23.2197674" lon="133.7616667">
      <ele>707.163</ele>
    </trkpt>
    <trkpt lat="-23.2206261" lon="133.7619376">
      <ele>705.495</ele>
    </trkpt>
    <trkpt lat="-23.2211845" lon="133.7621121">
      <ele>708.339</ele>
    </trkpt>
    <trkpt lat="-23.2226863" lon="133.7625924">
      <ele>704.0</ele>
    </trkpt>
    <trkpt lat="-23.2237872" lon="133.7629523">
      <ele>707.0</ele>
    </trkpt>
    <trkpt lat="-23.2326352" lon="133.7658007">
      <ele>708.084</ele>
    </trkpt>
    <trkpt lat="-23.2338507" lon="133.76619">
      <ele>707.755</ele>
    </trkpt>
    <trkpt lat="-23.2348388" lon="133.7665131">
      <ele>710.785</ele>
    </trkpt>
    <trkpt lat="-23.2355576" lon="133.7667467">
      <ele>708.0</ele>
    </trkpt>
    <trkpt lat="-23.2364188" lon="133.7670251">
      <ele>707.688</ele>
    </trkpt>
    <trkpt lat="-23.2371479" lon="133.7672708">
      <ele>709.442</ele>
    </trkpt>
    <trkpt lat="-23.2376436" lon="133.7674302">
      <ele>709.879</ele>
    </trkpt>
    <trkpt lat="-23.2382821" lon="133.7676345">
      <ele>711.389</ele>
    </trkpt>
    <trkpt lat="-23.2388569" lon="133.7678163">
      <ele>710.976</ele>
    </trkpt>
    <trkpt lat="-23.2393741" lon="133.7679968">
      <ele>709.054</ele>
    </trkpt>
    <trkpt lat="-23.2400356" lon="133.7682214">
      <ele>709.923</ele>
    </trkpt>
    <trkpt lat="-23.2406822" lon="133.7684294">
      <ele>708.842</ele>
    </trkpt>
    <trkpt lat="-23.2412718" lon="133.7686292">
      <ele>709.606</ele>
    </trkpt>
    <trkpt lat="-23.2419432" lon="133.7688448">
      <ele>707.171</ele>
    </trkpt>
    <trkpt lat="-23.2425853" lon="133.7690544">
      <ele>707.72</ele>
    </trkpt>
    <trkpt lat="-23.2431189" lon="133.769238">
      <ele>707.455</ele>
    </trkpt>
    <trkpt lat="-23.2437291" lon="133.7694445">
      <ele>709.0</ele>
    </trkpt>
    <trkpt lat="-23.2442613" lon="133.7696274">
      <ele>709.681</ele>
    </trkpt>
    <trkpt lat="-23.2449193" lon="133.7698554">
      <ele>711.18</ele>
    </trkpt>
    <trkpt lat="-23.2456415" lon="133.7700894">
      <ele>709.644</ele>
    </trkpt>
    <trkpt lat="-23.2465576" lon="133.7703963">
      <ele>711.291</ele>
    </trkpt>
    <trkpt lat="-23.2467108" lon="133.7704487">
      <ele>711.385</ele>
    </trkpt>
    <trkpt lat="-23.2474114" lon="133.770663">
      <ele>708.319</ele>
    </trkpt>
    <trkpt lat="-23.2479488" lon="133.7708409">
      <ele>709.626</ele>
    </trkpt>
    <trkpt lat="-23.2485681" lon="133.7710321">
      <ele>708.76</ele>
    </trkpt>
    <trkpt lat="-23.2490159" lon="133.7711734">
      <ele>707.645</ele>
    </trkpt>
    <trkpt lat="-23.2493017" lon="133.7712674">
      <ele>707.563</ele>
    </trkpt>
    <trkpt lat="-23.249559" lon="133.7713521">
      <ele>707.922</ele>
    </trkpt>
    <trkpt lat="-23.2498186" lon="133.771436">
      <ele>708.347</ele>
    </trkpt>
    <trkpt lat="-23.2501315" lon="133.7715372">
      <ele>709.0</ele>
    </trkpt>
    <trkpt lat="-23.2506653" lon="133.7717071">
      <ele>708.605</ele>
    </trkpt>
    <trkpt lat="-23.251112" lon="133.7718538">
      <ele>707.0</ele>
    </trkpt>
    <trkpt lat="-23.2516286" lon="133.7720221">
      <ele>707.28</ele>
    </trkpt>
    <trkpt lat="-23.2520671" lon="133.7721649">
      <ele>707.794</ele>
    </trkpt>
    <trkpt lat="-23.2525594" lon="133.7723251">
      <ele>709.079</ele>
    </trkpt>
    <trkpt lat="-23.2531848" lon="133.7725281">
      <ele>709.582</ele>
    </trkpt>
    <trkpt lat="-23.2535056" lon="133.7726291">
      <ele>708.556</ele>
    </trkpt>
    <trkpt lat="-23.2538496" lon="133.7727316">
      <ele>707.141</ele>
    </trkpt>
    <trkpt lat="-23.2541066" lon="133.7727922">
      <ele>707.093</ele>
    </trkpt>
    <trkpt lat="-23.2542812" lon="133.7728318">
      <ele>707.721</ele>
    </trkpt>
    <trkpt lat="-23.2546458" lon="133.7728954">
      <ele>708.423</ele>
    </trkpt>
    <trkpt lat="-23.2551414" lon="133.7729621">
      <ele>709.67</ele>
    </trkpt>
    <trkpt lat="-23.2554774" lon="133.7730044">
      <ele>710.586</ele>
    </trkpt>
    <trkpt lat="-23.2556782" lon="133.7730274">
      <ele>710.943</ele>
    </trkpt>
    <trkpt lat="-23.2560705" lon="133.7730795">
      <ele>711.013</ele>
    </trkpt>
    <trkpt lat="-23.2566634" lon="133.7732103">
      <ele>710.012</ele>
    </trkpt>
    <trkpt lat="-23.2569917" lon="133.7733038">
      <ele>709.152</ele>
    </trkpt>
    <trkpt lat="-23.2573107" lon="133.7734069">
      <ele>709.681</ele>
    </trkpt>
    <trkpt lat="-23.2579572" lon="133.7736229">
      <ele>709.042</ele>
    </trkpt>
    <trkpt lat="-23.2586889" lon="133.7738651">
      <ele>710.72</ele>
    </trkpt>
    <trkpt lat="-23.2593569" lon="133.7740842">
      <ele>710.0</ele>
    </trkpt>
    <trkpt lat="-23.2599738" lon="133.7742857">
      <ele>709.0</ele>
    </trkpt>
    <trkpt lat="-23.2603439" lon="133.7744018">
      <ele>709.238</ele>
    </trkpt>
    <trkpt lat="-23.2607253" lon="133.7745098">
      <ele>710.0</ele>
    </trkpt>
    <trkpt lat="-23.2613557" lon="133.7745751">
      <ele>710.0</ele>
    </trkpt>
    <trkpt lat="-23.262247" lon="133.7747883">
      <ele>708.089</ele>
    </trkpt>
    <trkpt lat="-23.2623374" lon="133.7748119">
      <ele>708.415</ele>
    </trkpt>
    <trkpt lat="-23.2634462" lon="133.7750964">
      <ele>709.612</ele>
    </trkpt>
    <trkpt lat="-23.26405" lon="133.7752652">
      <ele>710.625</ele>
    </trkpt>
    <trkpt lat="-23.2643221" lon="133.7753411">
      <ele>711.0</ele>
    </trkpt>
    <trkpt lat="-23.2649518" lon="133.7755396">
      <ele>710.953</ele>
    </trkpt>
    <trkpt lat="-23.2657272" lon="133.7757817">
      <ele>710.388</ele>
    </trkpt>
    <trkpt lat="-23.2664613" lon="133.7760138">
      <ele>711.0</ele>
    </trkpt>
    <trkpt lat="-23.2671517" lon="133.7762387">
      <ele>710.0</ele>
    </trkpt>
    <trkpt lat="-23.2679628" lon="133.776499">
      <ele>709.535</ele>
    </trkpt>
    <trkpt lat="-23.2687146" lon="133.7767358">
      <ele>708.348</ele>
    </trkpt>
    <trkpt lat="-23.2694655" lon="133.7769754">
      <ele>708.282</ele>
    </trkpt>
    <trkpt lat="-23.2700351" lon="133.7771645">
      <ele>709.234</ele>
    </trkpt>
    <trkpt lat="-23.2700933" lon="133.7771833">
      <ele>709.187</ele>
    </trkpt>
    <trkpt lat="-23.2702658" lon="133.777239">
      <ele>708.94</ele>
    </trkpt>
    <trkpt lat="-23.2706106" lon="133.7773505">
      <ele>710.63</ele>
    </trkpt>
    <trkpt lat="-23.2707039" lon="133.7773807">
      <ele>710.734</ele>
    </trkpt>
    <trkpt lat="-23.2716162" lon="133.7776755">
      <ele>710.368</ele>
    </trkpt>
    <trkpt lat="-23.2727376" lon="133.7780336">
      <ele>709.011</ele>
    </trkpt>
    <trkpt lat="-23.2736338" lon="133.7783049">
      <ele>708.184</ele>
    </trkpt>
    <trkpt lat="-23.274696" lon="133.7786485">
      <ele>709.013</ele>
    </trkpt>
    <trkpt lat="-23.2756146" lon="133.7789524">
      <ele>711.395</ele>
    </trkpt>
    <trkpt lat="-23.2757867" lon="133.7790093">
      <ele>710.263</ele>
    </trkpt>
    <trkpt lat="-23.2758087" lon="133.7790166">
      <ele>710.137</ele>
    </trkpt>
    <trkpt lat="-23.2764213" lon="133.7792158">
      <ele>709.273</ele>
    </trkpt>
    <trkpt lat="-23.277563" lon="133.7795777">
      <ele>709.48</ele>
    </trkpt>
    <trkpt lat="-23.2783478" lon="133.7798316">
      <ele>710.523</ele>
    </trkpt>
    <trkpt lat="-23.2791346" lon="133.7800901">
      <ele>707.44</ele>
    </trkpt>
    <trkpt lat="-23.279855" lon="133.7803845">
      <ele>708.201</ele>
    </trkpt>
    <trkpt lat="-23.2815172" lon="133.780863">
      <ele>705.481</ele>
    </trkpt>
    <trkpt lat="-23.281967" lon="133.781004">
      <ele>706.031</ele>
    </trkpt>
    <trkpt lat="-23.2827875" lon="133.7812745">
      <ele>706.568</ele>
    </trkpt>
    <trkpt lat="-23.2840044" lon="133.7816729">
      <ele>706.552</ele>
    </trkpt>
    <trkpt lat="-23.2840056" lon="133.7816733">
      <ele>706.546</ele>
    </trkpt>
    <trkpt lat="-23.2842224" lon="133.7817443">
      <ele>705.296</ele>
    </trkpt>
    <trkpt lat="-23.2849148" lon="133.7819603">
      <ele>703.96</ele>
    </trkpt>
    <trkpt lat="-23.2862555" lon="133.7824097">
      <ele>702.0</ele>
    </trkpt>
    <trkpt lat="-23.2871481" lon="133.7826987">
      <ele>704.0</ele>
    </trkpt>
    <trkpt lat="-23.2886485" lon="133.7831849">
      <ele>704.328</ele>
    </trkpt>
    <trkpt lat="-23.2897994" lon="133.7835325">
      <ele>704.283</ele>
    </trkpt>
    <trkpt lat="-23.2914778" lon="133.7840961">
      <ele>703.411</ele>
    </trkpt>
    <trkpt lat="-23.2919844" lon="133.7842633">
      <ele>703.05</ele>
    </trkpt>
    <trkpt lat="-23.2927876" lon="133.7845178">
      <ele>702.71</ele>
    </trkpt>
    <trkpt lat="-23.2928593" lon="133.7845383">
      <ele>702.468</ele>
    </trkpt>
    <trkpt lat="-23.2929499" lon="133.7845682">
      <ele>702.211</ele>
    </trkpt>
    <trkpt lat="-23.2930194" lon="133.7845999">
      <ele>702.057</ele>
    </trkpt>
    <trkpt lat="-23.2931972" lon="133.7846516">
      <ele>701.87</ele>
    </trkpt>
    <trkpt lat="-23.2934747" lon="133.784744">
      <ele>702.04</ele>
    </trkpt>
    <trkpt lat="-23.295304" lon="133.7853329">
      <ele>701.981</ele>
    </trkpt>
    <trkpt lat="-23.296797" lon="133.785809">
      <ele>703.129</ele>
    </trkpt>
    <trkpt lat="-23.3000437" lon="133.7868543">
      <ele>703.051</ele>
    </trkpt>
    <trkpt lat="-23.3013341" lon="133.7872745">
      <ele>703.812</ele>
    </trkpt>
    <trkpt lat="-23.302824" lon="133.7877558">
      <ele>703.0</ele>
    </trkpt>
    <trkpt lat="-23.3035909" lon="133.7880035">
      <ele>702.927</ele>
    </trkpt>
    <trkpt lat="-23.3045553" lon="133.788317">
      <ele>703.977</ele>
    </trkpt>
    <trkpt lat="-23.3052494" lon="133.7885372">
      <ele>702.341</ele>
    </trkpt>
    <trkpt lat="-23.3061587" lon="133.7888298">
      <ele>702.171</ele>
    </trkpt>
    <trkpt lat="-23.3071321" lon="133.7891409">
      <ele>703.03</ele>
    </trkpt>
    <trkpt lat="-23.3081853" lon="133.78948">
      <ele>703.533</ele>
    </trkpt>
    <trkpt lat="-23.3083215" lon="133.7895245">
      <ele>703.043</ele>
    </trkpt>
    <trkpt lat="-23.3096254" lon="133.7899503">
      <ele>703.535</ele>
    </trkpt>
    <trkpt lat="-23.310754" lon="133.7903075">
      <ele>704.286</ele>
    </trkpt>
    <trkpt lat="-23.3124691" lon="133.790857">
      <ele>701.102</ele>
    </trkpt>
    <trkpt lat="-23.3125234" lon="133.790885">
      <ele>701.084</ele>
    </trkpt>
    <trkpt lat="-23.31575" lon="133.7919419">
      <ele>704.991</ele>
    </trkpt>
    <trkpt lat="-23.3165547" lon="133.7922008">
      <ele>706.046</ele>
    </trkpt>
    <trkpt lat="-23.3167417" lon="133.7922635">
      <ele>705.581</ele>
    </trkpt>
    <trkpt lat="-23.3168958" lon="133.7923132">
      <ele>704.848</ele>
    </trkpt>
    <trkpt lat="-23.318015" lon="133.792681">
      <ele>704.556</ele>
    </trkpt>
    <trkpt lat="-23.3241319" lon="133.7946757">
      <ele>709.0</ele>
    </trkpt>
    <trkpt lat="-23.3380884" lon="133.7992278">
      <ele>718.974</ele>
    </trkpt>
    <trkpt lat="-23.338433" lon="133.7993402">
      <ele>717.747</ele>
    </trkpt>
    <trkpt lat="-23.3386053" lon="133.7993964">
      <ele>716.855</ele>
    </trkpt>
    <trkpt lat="-23.3399837" lon="133.799846">
      <ele>717.0</ele>
    </trkpt>
    <trkpt lat="-23.340156" lon="133.7999022">
      <ele>717.198</ele>
    </trkpt>
    <trkpt lat="-23.3406729" lon="133.8000709">
      <ele>716.255</ele>
    </trkpt>
    <trkpt lat="-23.343602" lon="133.8010264">
      <ele>715.043</ele>
    </trkpt>
    <trkpt lat="-23.3458419" lon="133.8017571">
      <ele>719.0</ele>
    </trkpt>
    <trkpt lat="-23.3460142" lon="133.8018133">
      <ele>719.0</ele>
    </trkpt>
    <trkpt lat="-23.3461865" lon="133.8018695">
      <ele>718.802</ele>
    </trkpt>
    <trkpt lat="-23.3470481" lon="133.8021506">
      <ele>716.465</ele>
    </trkpt>
    <trkpt lat="-23.3473926" lon="133.802263">
      <ele>716.057</ele>
    </trkpt>
    <trkpt lat="-23.3475649" lon="133.8023192">
      <ele>716.152</ele>
    </trkpt>
    <trkpt lat="-23.3477372" lon="133.8023754">
      <ele>716.383</ele>
    </trkpt>
    <trkpt lat="-23.3539401" lon="133.8043992">
      <ele>715.807</ele>
    </trkpt>
    <trkpt lat="-23.3549739" lon="133.8047365">
      <ele>716.906</ele>
    </trkpt>
    <trkpt lat="-23.3551462" lon="133.8047927">
      <ele>717.0</ele>
    </trkpt>
    <trkpt lat="-23.3553185" lon="133.8048489">
      <ele>717.013</ele>
    </trkpt>
    <trkpt lat="-23.3554908" lon="133.8049051">
      <ele>716.757</ele>
    </trkpt>
    <trkpt lat="-23.3572397" lon="133.8054758">
      <ele>714.018</ele>
    </trkpt>
    <trkpt lat="-23.3582475" lon="133.8058047">
      <ele>716.517</ele>
    </trkpt>
    <trkpt lat="-23.364256" lon="133.807766">
      <ele>716.958</ele>
    </trkpt>
    <trkpt lat="-23.3850927" lon="133.8145602">
      <ele>718.417</ele>
    </trkpt>
    <trkpt lat="-23.385194" lon="133.814597">
      <ele>718.549</ele>
    </trkpt>
    <trkpt lat="-23.3863116" lon="133.8149606">
      <ele>718.136</ele>
    </trkpt>
    <trkpt lat="-23.39363" lon="133.8173509">
      <ele>715.537</ele>
    </trkpt>
    <trkpt lat="-23.3950081" lon="133.8178007">
      <ele>715.002</ele>
    </trkpt>
    <trkpt lat="-23.3950149" lon="133.8178029">
      <ele>715.005</ele>
    </trkpt>
    <trkpt lat="-23.3956965" lon="133.8180258">
      <ele>716.44</ele>
    </trkpt>
    <trkpt lat="-23.3960486" lon="133.8181408">
      <ele>715.532</ele>
    </trkpt>
    <trkpt lat="-23.3962209" lon="133.8181971">
      <ele>715.308</ele>
    </trkpt>
    <trkpt lat="-23.3963932" lon="133.8182533">
      <ele>715.016</ele>
    </trkpt>
    <trkpt lat="-23.3965655" lon="133.8183096">
      <ele>715.636</ele>
    </trkpt>
    <trkpt lat="-23.3987954" lon="133.8190377">
      <ele>714.019</ele>
    </trkpt>
    <trkpt lat="-23.4010341" lon="133.819769">
      <ele>711.769</ele>
    </trkpt>
    <trkpt lat="-23.402251" lon="133.8201666">
      <ele>712.896</ele>
    </trkpt>
    <trkpt lat="-23.4025827" lon="133.820275">
      <ele>712.003</ele>
    </trkpt>
    <trkpt lat="-23.4025956" lon="133.8202792">
      <ele>712.0</ele>
    </trkpt>
    <trkpt lat="-23.4039739" lon="133.8207293">
      <ele>712.809</ele>
    </trkpt>
    <trkpt lat="-23.4041328" lon="133.8207811">
      <ele>712.287</ele>
    </trkpt>
    <trkpt lat="-23.4043049" lon="133.8208374">
      <ele>712.0</ele>
    </trkpt>
    <trkpt lat="-23.4043185" lon="133.8208419">
      <ele>712.0</ele>
    </trkpt>
    <trkpt lat="-23.4086091" lon="133.8222434">
      <ele>713.924</ele>
    </trkpt>
    <trkpt lat="-23.4087981" lon="133.822305">
      <ele>712.556</ele>
    </trkpt>
    <trkpt lat="-23.4089704" lon="133.8223613">
      <ele>711.853</ele>
    </trkpt>
    <trkpt lat="-23.4091257" lon="133.822412">
      <ele>711.418</ele>
    </trkpt>
    <trkpt lat="-23.4091427" lon="133.8224176">
      <ele>711.357</ele>
    </trkpt>
    <trkpt lat="-23.4092975" lon="133.8224683">
      <ele>711.585</ele>
    </trkpt>
    <trkpt lat="-23.4093149" lon="133.822474">
      <ele>711.627</ele>
    </trkpt>
    <trkpt lat="-23.4142904" lon="133.8240993">
      <ele>713.0</ele>
    </trkpt>
    <trkpt lat="-23.4146559" lon="133.8242187">
      <ele>713.619</ele>
    </trkpt>
    <trkpt lat="-23.4151727" lon="133.8243875">
      <ele>713.506</ele>
    </trkpt>
    <trkpt lat="-23.4155173" lon="133.8245001">
      <ele>713.2</ele>
    </trkpt>
    <trkpt lat="-23.4158395" lon="133.8246053">
      <ele>713.0</ele>
    </trkpt>
    <trkpt lat="-23.4158619" lon="133.8246126">
      <ele>713.0</ele>
    </trkpt>
    <trkpt lat="-23.4160118" lon="133.8246616">
      <ele>713.0</ele>
    </trkpt>
    <trkpt lat="-23.4160342" lon="133.8246689">
      <ele>713.0</ele>
    </trkpt>
    <trkpt lat="-23.4223822" lon="133.826743">
      <ele>717.149</ele>
    </trkpt>
    <trkpt lat="-23.4224088" lon="133.8267517">
      <ele>717.022</ele>
    </trkpt>
    <trkpt lat="-23.4225545" lon="133.8267992">
      <ele>716.327</ele>
    </trkpt>
    <trkpt lat="-23.4225811" lon="133.8268079">
      <ele>716.2</ele>
    </trkpt>
    <trkpt lat="-23.4242875" lon="133.8273656">
      <ele>714.708</ele>
    </trkpt>
    <trkpt lat="-23.4263803" lon="133.8280465">
      <ele>716.093</ele>
    </trkpt>
    <trkpt lat="-23.4305259" lon="133.8293938">
      <ele>712.893</ele>
    </trkpt>
    <trkpt lat="-23.4308617" lon="133.829503">
      <ele>714.102</ele>
    </trkpt>
    <trkpt lat="-23.4310341" lon="133.8295591">
      <ele>714.723</ele>
    </trkpt>
    <trkpt lat="-23.4315511" lon="133.8297272">
      <ele>714.007</ele>
    </trkpt>
    <trkpt lat="-23.4355343" lon="133.8310222">
      <ele>712.052</ele>
    </trkpt>
    <trkpt lat="-23.4357068" lon="133.8310783">
      <ele>711.52</ele>
    </trkpt>
    <trkpt lat="-23.4363972" lon="133.8313028">
      <ele>712.699</ele>
    </trkpt>
    <trkpt lat="-23.4412249" lon="133.8328724">
      <ele>714.59</ele>
    </trkpt>
    <trkpt lat="-23.4423754" lon="133.8332466">
      <ele>713.691</ele>
    </trkpt>
    <trkpt lat="-23.4529531" lon="133.8366876">
      <ele>715.659</ele>
    </trkpt>
    <trkpt lat="-23.4555384" lon="133.8375287">
      <ele>714.897</ele>
    </trkpt>
    <trkpt lat="-23.4557107" lon="133.8375848">
      <ele>714.307</ele>
    </trkpt>
    <trkpt lat="-23.4559912" lon="133.8376761">
      <ele>714.0</ele>
    </trkpt>
    <trkpt lat="-23.4565082" lon="133.8378443">
      <ele>713.761</ele>
    </trkpt>
    <trkpt lat="-23.4566806" lon="133.8379003">
      <ele>713.581</ele>
    </trkpt>
    <trkpt lat="-23.4569172" lon="133.8379773">
      <ele>713.93</ele>
    </trkpt>
    <trkpt lat="-23.4570253" lon="133.8380125">
      <ele>713.754</ele>
    </trkpt>
    <trkpt lat="-23.462267" lon="133.839718">
      <ele>718.0</ele>
    </trkpt>
    <trkpt lat="-23.4625382" lon="133.8398066">
      <ele>718.0</ele>
    </trkpt>
    <trkpt lat="-23.462974" lon="133.839949">
      <ele>717.294</ele>
    </trkpt>
    <trkpt lat="-23.463346" lon="133.84007">
      <ele>717.046</ele>
    </trkpt>
    <trkpt lat="-23.4642367" lon="133.8403602">
      <ele>717.496</ele>
    </trkpt>
    <trkpt lat="-23.4681955" lon="133.8416437">
      <ele>722.372</ele>
    </trkpt>
    <trkpt lat="-23.479328" lon="133.8452769">
      <ele>725.001</ele>
    </trkpt>
    <trkpt lat="-23.4821341" lon="133.8461816">
      <ele>725.429</ele>
    </trkpt>
    <trkpt lat="-23.486202" lon="133.8475176">
      <ele>727.391</ele>
    </trkpt>
    <trkpt lat="-23.487372" lon="133.847906">
      <ele>727.0</ele>
    </trkpt>
    <trkpt lat="-23.4911599" lon="133.8491538">
      <ele>727.992</ele>
    </trkpt>
    <trkpt lat="-23.4966704" lon="133.8509658">
      <ele>729.0</ele>
    </trkpt>
    <trkpt lat="-23.5011398" lon="133.8524357">
      <ele>727.792</ele>
    </trkpt>
    <trkpt lat="-23.5017246" lon="133.8526346">
      <ele>728.515</ele>
    </trkpt>
    <trkpt lat="-23.5024694" lon="133.8528745">
      <ele>728.0</ele>
    </trkpt>
    <trkpt lat="-23.5032655" lon="133.8531423">
      <ele>727.764</ele>
    </trkpt>
    <trkpt lat="-23.5041082" lon="133.8534138">
      <ele>727.79</ele>
    </trkpt>
    <trkpt lat="-23.5048091" lon="133.8536448">
      <ele>727.121</ele>
    </trkpt>
    <trkpt lat="-23.5051742" lon="133.853765">
      <ele>727.207</ele>
    </trkpt>
    <trkpt lat="-23.5054656" lon="133.8538658">
      <ele>726.324</ele>
    </trkpt>
    <trkpt lat="-23.509625" lon="133.8552352">
      <ele>728.1</ele>
    </trkpt>
    <trkpt lat="-23.5146375" lon="133.8568936">
      <ele>726.944</ele>
    </trkpt>
    <trkpt lat="-23.5166148" lon="133.8575478">
      <ele>727.172</ele>
    </trkpt>
    <trkpt lat="-23.5187388" lon="133.8582475">
      <ele>725.769</ele>
    </trkpt>
    <trkpt lat="-23.5214492" lon="133.8591404">
      <ele>728.021</ele>
    </trkpt>
    <trkpt lat="-23.522138" lon="133.8593671">
      <ele>728.0</ele>
    </trkpt>
    <trkpt lat="-23.5223102" lon="133.8594238">
      <ele>728.0</ele>
    </trkpt>
    <trkpt lat="-23.5237644" lon="133.8599024">
      <ele>729.394</ele>
    </trkpt>
    <trkpt lat="-23.5265667" lon="133.8608253">
      <ele>727.01</ele>
    </trkpt>
    <trkpt lat="-23.5282743" lon="133.8613878">
      <ele>725.219</ele>
    </trkpt>
    <trkpt lat="-23.5324068" lon="133.8627487">
      <ele>723.371</ele>
    </trkpt>
    <trkpt lat="-23.5342634" lon="133.8633601">
      <ele>723.966</ele>
    </trkpt>
    <trkpt lat="-23.5348759" lon="133.8635623">
      <ele>723.176</ele>
    </trkpt>
    <trkpt lat="-23.5359849" lon="133.8639285">
      <ele>723.0</ele>
    </trkpt>
    <trkpt lat="-23.5363292" lon="133.8640422">
      <ele>723.785</ele>
    </trkpt>
    <trkpt lat="-23.5398859" lon="133.8652165">
      <ele>721.589</ele>
    </trkpt>
    <trkpt lat="-23.5415358" lon="133.8657281">
      <ele>720.178</ele>
    </trkpt>
    <trkpt lat="-23.5427875" lon="133.8660371">
      <ele>719.974</ele>
    </trkpt>
    <trkpt lat="-23.5440644" lon="133.8662712">
      <ele>719.268</ele>
    </trkpt>
    <trkpt lat="-23.5459415" lon="133.866509">
      <ele>716.264</ele>
    </trkpt>
    <trkpt lat="-23.5461135" lon="133.8665308">
      <ele>715.996</ele>
    </trkpt>
    <trkpt lat="-23.5461201" lon="133.8665316">
      <ele>715.984</ele>
    </trkpt>
    <trkpt lat="-23.5462922" lon="133.8665534">
      <ele>715.734</ele>
    </trkpt>
    <trkpt lat="-23.5498091" lon="133.866999">
      <ele>716.448</ele>
    </trkpt>
    <trkpt lat="-23.5500494" lon="133.8670404">
      <ele>717.116</ele>
    </trkpt>
    <trkpt lat="-23.5502204" lon="133.8670698">
      <ele>717.435</ele>
    </trkpt>
    <trkpt lat="-23.5503981" lon="133.8671004">
      <ele>717.195</ele>
    </trkpt>
    <trkpt lat="-23.5504047" lon="133.8671015">
      <ele>717.176</ele>
    </trkpt>
    <trkpt lat="-23.5517593" lon="133.8673345">
      <ele>714.794</ele>
    </trkpt>
    <trkpt lat="-23.5537473" lon="133.8678307">
      <ele>710.0</ele>
    </trkpt>
    <trkpt lat="-23.5537539" lon="133.8678323">
      <ele>710.0</ele>
    </trkpt>
    <trkpt lat="-23.5539003" lon="133.8678689">
      <ele>709.986</ele>
    </trkpt>
    <trkpt lat="-23.5539223" lon="133.867876">
      <ele>709.965</ele>
    </trkpt>
    <trkpt lat="-23.5539287" lon="133.8678781">
      <ele>709.96</ele>
    </trkpt>
    <trkpt lat="-23.555798" lon="133.8684846">
      <ele>713.147</ele>
    </trkpt>
    <trkpt lat="-23.5566702" lon="133.8688291">
      <ele>713.795</ele>
    </trkpt>
    <trkpt lat="-23.5571713" lon="133.8690269">
      <ele>714.68</ele>
    </trkpt>
    <trkpt lat="-23.5573404" lon="133.8690937">
      <ele>714.312</ele>
    </trkpt>
    <trkpt lat="-23.5573467" lon="133.8690962">
      <ele>714.298</ele>
    </trkpt>
    <trkpt lat="-23.5575095" lon="133.8691605">
      <ele>713.944</ele>
    </trkpt>
    <trkpt lat="-23.5575158" lon="133.869163">
      <ele>713.931</ele>
    </trkpt>
    <trkpt lat="-23.558186" lon="133.8694277">
      <ele>713.089</ele>
    </trkpt>
    <trkpt lat="-23.5581923" lon="133.8694302">
      <ele>713.041</ele>
    </trkpt>
    <trkpt lat="-23.5583551" lon="133.8694945">
      <ele>711.756</ele>
    </trkpt>
    <trkpt lat="-23.5583614" lon="133.869497">
      <ele>711.729</ele>
    </trkpt>
    <trkpt lat="-23.56056" lon="133.8703653">
      <ele>707.31</ele>
    </trkpt>
    <trkpt lat="-23.5615685" lon="133.8707636">
      <ele>705.838</ele>
    </trkpt>
    <trkpt lat="-23.5615747" lon="133.8707661">
      <ele>705.838</ele>
    </trkpt>
    <trkpt lat="-23.5617439" lon="133.8708329">
      <ele>705.721</ele>
    </trkpt>
    <trkpt lat="-23.5619067" lon="133.8708972">
      <ele>705.335</ele>
    </trkpt>
    <trkpt lat="-23.561913" lon="133.8708997">
      <ele>705.325</ele>
    </trkpt>
    <trkpt lat="-23.5625895" lon="133.8711669">
      <ele>707.0</ele>
    </trkpt>
    <trkpt lat="-23.5627523" lon="133.8712312">
      <ele>707.0</ele>
    </trkpt>
    <trkpt lat="-23.5627586" lon="133.8712337">
      <ele>707.0</ele>
    </trkpt>
    <trkpt lat="-23.5644498" lon="133.8719016">
      <ele>710.829</ele>
    </trkpt>
    <trkpt lat="-23.5646127" lon="133.871966">
      <ele>710.347</ele>
    </trkpt>
    <trkpt lat="-23.5647818" lon="133.8720328">
      <ele>709.321</ele>
    </trkpt>
    <trkpt lat="-23.5659719" lon="133.8725029">
      <ele>707.501</ele>
    </trkpt>
    <trkpt lat="-23.5660737" lon="133.8725431">
      <ele>707.135</ele>
    </trkpt>
    <trkpt lat="-23.5661754" lon="133.8725834">
      <ele>706.769</ele>
    </trkpt>
    <trkpt lat="-23.5663697" lon="133.8726539">
      <ele>706.069</ele>
    </trkpt>
    <trkpt lat="-23.5678943" lon="133.8732476">
      <ele>707.142</ele>
    </trkpt>
    <trkpt lat="-23.5680637" lon="133.8733136">
      <ele>706.829</ele>
    </trkpt>
    <trkpt lat="-23.5684024" lon="133.8734455">
      <ele>706.303</ele>
    </trkpt>
    <trkpt lat="-23.56908" lon="133.8737094">
      <ele>707.931</ele>
    </trkpt>
    <trkpt lat="-23.5717904" lon="133.8747648">
      <ele>702.0</ele>
    </trkpt>
    <trkpt lat="-23.5719598" lon="133.8748308">
      <ele>702.0</ele>
    </trkpt>
    <trkpt lat="-23.5721292" lon="133.8748968">
      <ele>702.0</ele>
    </trkpt>
    <trkpt lat="-23.5758558" lon="133.8763482">
      <ele>704.243</ele>
    </trkpt>
    <trkpt lat="-23.5760253" lon="133.8764142">
      <ele>706.038</ele>
    </trkpt>
    <trkpt lat="-23.5761947" lon="133.8764802">
      <ele>706.671</ele>
    </trkpt>
    <trkpt lat="-23.576769" lon="133.8767039">
      <ele>704.866</ele>
    </trkpt>
    <trkpt lat="-23.5774778" lon="133.8769509">
      <ele>704.0</ele>
    </trkpt>
    <trkpt lat="-23.5778828" lon="133.8770915">
      <ele>704.178</ele>
    </trkpt>
    <trkpt lat="-23.5779844" lon="133.8771264">
      <ele>704.257</ele>
    </trkpt>
    <trkpt lat="-23.5792453" lon="133.8775074">
      <ele>700.966</ele>
    </trkpt>
    <trkpt lat="-23.5803023" lon="133.8777652">
      <ele>697.045</ele>
    </trkpt>
    <trkpt lat="-23.5804338" lon="133.8777973">
      <ele>696.969</ele>
    </trkpt>
    <trkpt lat="-23.5804779" lon="133.8778081">
      <ele>696.969</ele>
    </trkpt>
    <trkpt lat="-23.5805321" lon="133.8778213">
      <ele>696.987</ele>
    </trkpt>
    <trkpt lat="-23.5817982" lon="133.8780776">
      <ele>699.079</ele>
    </trkpt>
    <trkpt lat="-23.5827499" lon="133.8782442">
      <ele>698.321</ele>
    </trkpt>
    <trkpt lat="-23.5831289" lon="133.8782948">
      <ele>698.175</ele>
    </trkpt>
    <trkpt lat="-23.5838283" lon="133.8783874">
      <ele>699.782</ele>
    </trkpt>
    <trkpt lat="-23.5843811" lon="133.8784354">
      <ele>698.74</ele>
    </trkpt>
    <trkpt lat="-23.5853407" lon="133.8785186">
      <ele>696.893</ele>
    </trkpt>
    <trkpt lat="-23.5856876" lon="133.8785461">
      <ele>697.766</ele>
    </trkpt>
    <trkpt lat="-23.5889173" lon="133.8787925">
      <ele>688.688</ele>
    </trkpt>
    <trkpt lat="-23.5890967" lon="133.8788062">
      <ele>688.925</ele>
    </trkpt>
    <trkpt lat="-23.5892761" lon="133.8788199">
      <ele>688.606</ele>
    </trkpt>
    <trkpt lat="-23.5926852" lon="133.87908">
      <ele>682.021</ele>
    </trkpt>
    <trkpt lat="-23.5937618" lon="133.8791622">
      <ele>678.55</ele>
    </trkpt>
    <trkpt lat="-23.5939412" lon="133.8791759">
      <ele>678.967</ele>
    </trkpt>
    <trkpt lat="-23.5941206" lon="133.8791896">
      <ele>678.917</ele>
    </trkpt>
    <trkpt lat="-23.5943" lon="133.8792033">
      <ele>678.451</ele>
    </trkpt>
    <trkpt lat="-23.5984268" lon="133.8795183">
      <ele>673.068</ele>
    </trkpt>
    <trkpt lat="-23.5986063" lon="133.879532">
      <ele>673.053</ele>
    </trkpt>
    <trkpt lat="-23.5987857" lon="133.8795457">
      <ele>672.278</ele>
    </trkpt>
    <trkpt lat="-23.6000417" lon="133.8796415">
      <ele>670.106</ele>
    </trkpt>
    <trkpt lat="-23.6002211" lon="133.8796552">
      <ele>670.604</ele>
    </trkpt>
    <trkpt lat="-23.6004005" lon="133.8796689">
      <ele>671.335</ele>
    </trkpt>
    <trkpt lat="-23.600651" lon="133.879688">
      <ele>672.687</ele>
    </trkpt>
    <trkpt lat="-23.6009089" lon="133.8797141">
      <ele>674.272</ele>
    </trkpt>
    <trkpt lat="-23.601698" lon="133.8797939">
      <ele>674.855</ele>
    </trkpt>
    <trkpt lat="-23.6043256" lon="133.8802047">
      <ele>680.046</ele>
    </trkpt>
    <trkpt lat="-23.6048597" lon="133.8802882">
      <ele>679.925</ele>
    </trkpt>
    <trkpt lat="-23.6048876" lon="133.8802926">
      <ele>679.893</ele>
    </trkpt>
    <trkpt lat="-23.6050086" lon="133.8803115">
      <ele>679.788</ele>
    </trkpt>
    <trkpt lat="-23.6050378" lon="133.8803161">
      <ele>679.86</ele>
    </trkpt>
    <trkpt lat="-23.6050657" lon="133.8803204">
      <ele>679.93</ele>
    </trkpt>
    <trkpt lat="-23.6064621" lon="133.8805388">
      <ele>681.768</ele>
    </trkpt>
    <trkpt lat="-23.6064901" lon="133.8805432">
      <ele>681.907</ele>
    </trkpt>
    <trkpt lat="-23.606578" lon="133.8805569">
      <ele>682.347</ele>
    </trkpt>
    <trkpt lat="-23.6066112" lon="133.8805597">
      <ele>682.556</ele>
    </trkpt>
    <trkpt lat="-23.6066406" lon="133.8805622">
      <ele>682.741</ele>
    </trkpt>
    <trkpt lat="-23.607623" lon="133.8806459">
      <ele>681.515</ele>
    </trkpt>
    <trkpt lat="-23.6078672" lon="133.8806498">
      <ele>679.448</ele>
    </trkpt>
    <trkpt lat="-23.6078967" lon="133.8806503">
      <ele>679.267</ele>
    </trkpt>
    <trkpt lat="-23.6079249" lon="133.8806508">
      <ele>679.094</ele>
    </trkpt>
    <trkpt lat="-23.6080765" lon="133.8806532">
      <ele>678.097</ele>
    </trkpt>
    <trkpt lat="-23.608496" lon="133.88066">
      <ele>674.453</ele>
    </trkpt>
    <trkpt lat="-23.609351" lon="133.8806189">
      <ele>672.892</ele>
    </trkpt>
    <trkpt lat="-23.6101995" lon="133.8805183">
      <ele>671.866</ele>
    </trkpt>
    <trkpt lat="-23.6102288" lon="133.8805148">
      <ele>671.853</ele>
    </trkpt>
    <trkpt lat="-23.610244" lon="133.880513">
      <ele>671.847</ele>
    </trkpt>
    <trkpt lat="-23.6102568" lon="133.8805107">
      <ele>671.839</ele>
    </trkpt>
    <trkpt lat="-23.61111" lon="133.880354">
      <ele>669.274</ele>
    </trkpt>
    <trkpt lat="-23.612382" lon="133.8800189">
      <ele>670.107</ele>
    </trkpt>
    <trkpt lat="-23.6126806" lon="133.8799055">
      <ele>670.429</ele>
    </trkpt>
    <trkpt lat="-23.6128226" lon="133.8798516">
      <ele>670.552</ele>
    </trkpt>
    <trkpt lat="-23.6128505" lon="133.879841">
      <ele>670.577</ele>
    </trkpt>
    <trkpt lat="-23.6135566" lon="133.8795729">
      <ele>670.462</ele>
    </trkpt>
    <trkpt lat="-23.613609" lon="133.879553">
      <ele>670.391</ele>
    </trkpt>
    <trkpt lat="-23.614599" lon="133.8790739">
      <ele>661.481</ele>
    </trkpt>
    <trkpt lat="-23.6150712" lon="133.8787991">
      <ele>661.39</ele>
    </trkpt>
    <trkpt lat="-23.6157091" lon="133.8784025">
      <ele>662.553</ele>
    </trkpt>
    <trkpt lat="-23.6160168" lon="133.8781979">
      <ele>663.983</ele>
    </trkpt>
    <trkpt lat="-23.6161649" lon="133.878102">
      <ele>664.833</ele>
    </trkpt>
    <trkpt lat="-23.6169403" lon="133.8775311">
      <ele>664.015</ele>
    </trkpt>
    <trkpt lat="-23.6169864" lon="133.8774912">
      <ele>663.552</ele>
    </trkpt>
    <trkpt lat="-23.6182294" lon="133.8763593">
      <ele>658.228</ele>
    </trkpt>
    <trkpt lat="-23.6182427" lon="133.8763472">
      <ele>658.127</ele>
    </trkpt>
    <trkpt lat="-23.6197348" lon="133.8750763">
      <ele>663.647</ele>
    </trkpt>
    <trkpt lat="-23.6199403" lon="133.8749243">
      <ele>663.13</ele>
    </trkpt>
    <trkpt lat="-23.6200892" lon="133.8748141">
      <ele>663.472</ele>
    </trkpt>
    <trkpt lat="-23.6202381" lon="133.8747039">
      <ele>663.474</ele>
    </trkpt>
    <trkpt lat="-23.6209892" lon="133.8741483">
      <ele>664.693</ele>
    </trkpt>
    <trkpt lat="-23.6214423" lon="133.873845">
      <ele>668.251</ele>
    </trkpt>
    <trkpt lat="-23.6215956" lon="133.8737423">
      <ele>668.446</ele>
    </trkpt>
    <trkpt lat="-23.6217418" lon="133.8736444">
      <ele>668.284</ele>
    </trkpt>
    <trkpt lat="-23.621749" lon="133.8736398">
      <ele>668.262</ele>
    </trkpt>
    <trkpt lat="-23.6219048" lon="133.8735417">
      <ele>667.071</ele>
    </trkpt>
    <trkpt lat="-23.6228732" lon="133.8729315">
      <ele>662.55</ele>
    </trkpt>
    <trkpt lat="-23.6244393" lon="133.8720558">
      <ele>654.636</ele>
    </trkpt>
    <trkpt lat="-23.6245994" lon="133.8719663">
      <ele>655.479</ele>
    </trkpt>
    <trkpt lat="-23.6266804" lon="133.8708026">
      <ele>658.968</ele>
    </trkpt>
    <trkpt lat="-23.627801" lon="133.870176">
      <ele>654.535</ele>
    </trkpt>
    <trkpt lat="-23.6292691" lon="133.8693549">
      <ele>654.262</ele>
    </trkpt>
    <trkpt lat="-23.6300373" lon="133.8689128">
      <ele>652.134</ele>
    </trkpt>
    <trkpt lat="-23.6301964" lon="133.8688212">
      <ele>653.194</ele>
    </trkpt>
    <trkpt lat="-23.6309919" lon="133.8683634">
      <ele>653.476</ele>
    </trkpt>
    <trkpt lat="-23.6313121" lon="133.8681791">
      <ele>652.847</ele>
    </trkpt>
    <trkpt lat="-23.6317898" lon="133.8679105">
      <ele>652.769</ele>
    </trkpt>
    <trkpt lat="-23.6319497" lon="133.8678207">
      <ele>652.136</ele>
    </trkpt>
    <trkpt lat="-23.6321096" lon="133.8677308">
      <ele>651.305</ele>
    </trkpt>
    <trkpt lat="-23.6324916" lon="133.8675161">
      <ele>650.972</ele>
    </trkpt>
    <trkpt lat="-23.6339309" lon="133.8665193">
      <ele>654.318</ele>
    </trkpt>
    <trkpt lat="-23.6343842" lon="133.8661533">
      <ele>652.033</ele>
    </trkpt>
    <trkpt lat="-23.6345287" lon="133.8660366">
      <ele>651.965</ele>
    </trkpt>
    <trkpt lat="-23.6346733" lon="133.8659198">
      <ele>651.865</ele>
    </trkpt>
    <trkpt lat="-23.6348179" lon="133.8658031">
      <ele>651.6</ele>
    </trkpt>
    <trkpt lat="-23.6349364" lon="133.8657074">
      <ele>651.468</ele>
    </trkpt>
    <trkpt lat="-23.6355012" lon="133.8651654">
      <ele>652.88</ele>
    </trkpt>
    <trkpt lat="-23.6356362" lon="133.8650358">
      <ele>652.237</ele>
    </trkpt>
    <trkpt lat="-23.6363535" lon="133.8643475">
      <ele>646.731</ele>
    </trkpt>
    <trkpt lat="-23.6368612" lon="133.8639005">
      <ele>643.599</ele>
    </trkpt>
    <trkpt lat="-23.6375419" lon="133.8634035">
      <ele>641.403</ele>
    </trkpt>
    <trkpt lat="-23.637622" lon="133.8633544">
      <ele>641.515</ele>
    </trkpt>
    <trkpt lat="-23.6377788" lon="133.8632581">
      <ele>641.463</ele>
    </trkpt>
    <trkpt lat="-23.6379355" lon="133.8631619">
      <ele>641.684</ele>
    </trkpt>
    <trkpt lat="-23.6380826" lon="133.8630716">
      <ele>642.161</ele>
    </trkpt>
    <trkpt lat="-23.6386743" lon="133.8627666">
      <ele>640.147</ele>
    </trkpt>
    <trkpt lat="-23.6392751" lon="133.8625137">
      <ele>638.708</ele>
    </trkpt>
    <trkpt lat="-23.6398488" lon="133.8623228">
      <ele>637.197</ele>
    </trkpt>
    <trkpt lat="-23.6405056" lon="133.8621497">
      <ele>637.261</ele>
    </trkpt>
    <trkpt lat="-23.6407035" lon="133.8621127">
      <ele>637.184</ele>
    </trkpt>
    <trkpt lat="-23.6407335" lon="133.8621069">
      <ele>637.149</ele>
    </trkpt>
    <trkpt lat="-23.6411182" lon="133.8620379">
      <ele>636.0</ele>
    </trkpt>
    <trkpt lat="-23.6415262" lon="133.8619897">
      <ele>636.494</ele>
    </trkpt>
    <trkpt lat="-23.6419647" lon="133.8619622">
      <ele>637.068</ele>
    </trkpt>
    <trkpt lat="-23.6420091" lon="133.8619588">
      <ele>637.221</ele>
    </trkpt>
    <trkpt lat="-23.6426344" lon="133.861975">
      <ele>639.374</ele>
    </trkpt>
    <trkpt lat="-23.6430808" lon="133.8619985">
      <ele>640.914</ele>
    </trkpt>
    <trkpt lat="-23.6447036" lon="133.8620806">
      <ele>638.405</ele>
    </trkpt>
    <trkpt lat="-23.6454569" lon="133.8621188">
      <ele>641.478</ele>
    </trkpt>
    <trkpt lat="-23.6458081" lon="133.8621364">
      <ele>638.935</ele>
    </trkpt>
    <trkpt lat="-23.6465389" lon="133.8621696">
      <ele>628.293</ele>
    </trkpt>
    <trkpt lat="-23.6473338" lon="133.8622102">
      <ele>631.693</ele>
    </trkpt>
    <trkpt lat="-23.6482322" lon="133.8622542">
      <ele>640.719</ele>
    </trkpt>
    <trkpt lat="-23.6484184" lon="133.8622633">
      <ele>642.01</ele>
    </trkpt>
    <trkpt lat="-23.6485916" lon="133.8622719">
      <ele>642.572</ele>
    </trkpt>
    <trkpt lat="-23.6487713" lon="133.8622808">
      <ele>642.002</ele>
    </trkpt>
    <trkpt lat="-23.6491306" lon="133.8622987">
      <ele>641.449</ele>
    </trkpt>
    <trkpt lat="-23.64949" lon="133.8623165">
      <ele>641.661</ele>
    </trkpt>
    <trkpt lat="-23.6496697" lon="133.8623254">
      <ele>641.629</ele>
    </trkpt>
    <trkpt lat="-23.6498493" lon="133.8623343">
      <ele>640.682</ele>
    </trkpt>
    <trkpt lat="-23.650029" lon="133.8623432">
      <ele>639.447</ele>
    </trkpt>
    <trkpt lat="-23.6502087" lon="133.8623521">
      <ele>638.732</ele>
    </trkpt>
    <trkpt lat="-23.6505356" lon="133.8623683">
      <ele>637.158</ele>
    </trkpt>
    <trkpt lat="-23.6509272" lon="133.8623916">
      <ele>634.728</ele>
    </trkpt>
    <trkpt lat="-23.6518252" lon="133.8624449">
      <ele>626.514</ele>
    </trkpt>
    <trkpt lat="-23.6520048" lon="133.8624556">
      <ele>625.531</ele>
    </trkpt>
    <trkpt lat="-23.652187" lon="133.8624664">
      <ele>624.148</ele>
    </trkpt>
    <trkpt lat="-23.6529038" lon="133.8624763">
      <ele>620.17</ele>
    </trkpt>
    <trkpt lat="-23.6529367" lon="133.8624768">
      <ele>619.951</ele>
    </trkpt>
    <trkpt lat="-23.6533246" lon="133.8624684">
      <ele>620.086</ele>
    </trkpt>
    <trkpt lat="-23.6536211" lon="133.8624431">
      <ele>620.446</ele>
    </trkpt>
    <trkpt lat="-23.6539194" lon="133.8624188">
      <ele>621.475</ele>
    </trkpt>
    <trkpt lat="-23.6540992" lon="133.8624018">
      <ele>620.95</ele>
    </trkpt>
    <trkpt lat="-23.6545081" lon="133.8623446">
      <ele>620.559</ele>
    </trkpt>
    <trkpt lat="-23.6551878" lon="133.862238">
      <ele>616.992</ele>
    </trkpt>
    <trkpt lat="-23.6559725" lon="133.8620497">
      <ele>611.947</ele>
    </trkpt>
    <trkpt lat="-23.6563407" lon="133.8619467">
      <ele>611.01</ele>
    </trkpt>
    <trkpt lat="-23.6568219" lon="133.8617906">
      <ele>609.089</ele>
    </trkpt>
    <trkpt lat="-23.657082" lon="133.8617015">
      <ele>608.189</ele>
    </trkpt>
    <trkpt lat="-23.6572537" lon="133.8616428">
      <ele>608.0</ele>
    </trkpt>
    <trkpt lat="-23.6574955" lon="133.86156">
      <ele>608.0</ele>
    </trkpt>
    <trkpt lat="-23.6585663" lon="133.8611498">
      <ele>610.605</ele>
    </trkpt>
    <trkpt lat="-23.6593671" lon="133.8608605">
      <ele>607.432</ele>
    </trkpt>
    <trkpt lat="-23.6595987" lon="133.8607741">
      <ele>606.871</ele>
    </trkpt>
    <trkpt lat="-23.6598315" lon="133.8606983">
      <ele>606.388</ele>
    </trkpt>
    <trkpt lat="-23.660051" lon="133.8606395">
      <ele>605.642</ele>
    </trkpt>
    <trkpt lat="-23.6602803" lon="133.8605837">
      <ele>605.807</ele>
    </trkpt>
    <trkpt lat="-23.660597" lon="133.8605212">
      <ele>607.422</ele>
    </trkpt>
    <trkpt lat="-23.6608408" lon="133.8604886">
      <ele>609.268</ele>
    </trkpt>
    <trkpt lat="-23.6610988" lon="133.860477">
      <ele>610.238</ele>
    </trkpt>
    <trkpt lat="-23.661247" lon="133.8604734">
      <ele>610.44</ele>
    </trkpt>
    <trkpt lat="-23.6613348" lon="133.8604712">
      <ele>610.548</ele>
    </trkpt>
    <trkpt lat="-23.6616279" lon="133.8604944">
      <ele>610.63</ele>
    </trkpt>
    <trkpt lat="-23.6619422" lon="133.8605399">
      <ele>609.121</ele>
    </trkpt>
    <trkpt lat="-23.6621384" lon="133.8605856">
      <ele>607.646</ele>
    </trkpt>
    <trkpt lat="-23.6623905" lon="133.8606517">
      <ele>607.742</ele>
    </trkpt>
    <trkpt lat="-23.6625791" lon="133.8607125">
      <ele>608.037</ele>
    </trkpt>
    <trkpt lat="-23.66288" lon="133.8608304">
      <ele>608.615</ele>
    </trkpt>
    <trkpt lat="-23.6631237" lon="133.8609477">
      <ele>608.578</ele>
    </trkpt>
    <trkpt lat="-23.6633793" lon="133.8610889">
      <ele>608.37</ele>
    </trkpt>
    <trkpt lat="-23.6634024" lon="133.8611035">
      <ele>608.213</ele>
    </trkpt>
    <trkpt lat="-23.6635668" lon="133.8612076">
      <ele>607.173</ele>
    </trkpt>
    <trkpt lat="-23.6637945" lon="133.8613804">
      <ele>605.999</ele>
    </trkpt>
    <trkpt lat="-23.6639291" lon="133.8614871">
      <ele>605.158</ele>
    </trkpt>
    <trkpt lat="-23.6639794" lon="133.8615306">
      <ele>605.018</ele>
    </trkpt>
    <trkpt lat="-23.6641599" lon="133.8616865">
      <ele>604.118</ele>
    </trkpt>
    <trkpt lat="-23.6643741" lon="133.8619024">
      <ele>604.215</ele>
    </trkpt>
    <trkpt lat="-23.664382" lon="133.8619103">
      <ele>604.197</ele>
    </trkpt>
    <trkpt lat="-23.664526" lon="133.8620752">
      <ele>603.236</ele>
    </trkpt>
    <trkpt lat="-23.6646056" lon="133.8621567">
      <ele>602.656</ele>
    </trkpt>
    <trkpt lat="-23.6646694" lon="133.8622551">
      <ele>602.19</ele>
    </trkpt>
    <trkpt lat="-23.6647272" lon="133.8623747">
      <ele>601.982</ele>
    </trkpt>
    <trkpt lat="-23.6647515" lon="133.8624071">
      <ele>601.895</ele>
    </trkpt>
    <trkpt lat="-23.6648829" lon="133.8625997">
      <ele>601.422</ele>
    </trkpt>
    <trkpt lat="-23.6651958" lon="133.8630985">
      <ele>601.596</ele>
    </trkpt>
    <trkpt lat="-23.6653283" lon="133.8633106">
      <ele>601.082</ele>
    </trkpt>
    <trkpt lat="-23.6658022" lon="133.8640965">
      <ele>600.196</ele>
    </trkpt>
    <trkpt lat="-23.6660128" lon="133.8644272">
      <ele>600.332</ele>
    </trkpt>
    <trkpt lat="-23.6660754" lon="133.8645438">
      <ele>600.129</ele>
    </trkpt>
    <trkpt lat="-23.6661665" lon="133.8647131">
      <ele>600.0</ele>
    </trkpt>
    <trkpt lat="-23.6662575" lon="133.8648825">
      <ele>600.0</ele>
    </trkpt>
    <trkpt lat="-23.6663593" lon="133.8650466">
      <ele>600.168</ele>
    </trkpt>
    <trkpt lat="-23.666508" lon="133.8652841">
      <ele>600.142</ele>
    </trkpt>
    <trkpt lat="-23.6666439" lon="133.8654902">
      <ele>599.164</ele>
    </trkpt>
    <trkpt lat="-23.6666466" lon="133.8654931">
      <ele>599.144</ele>
    </trkpt>
    <trkpt lat="-23.666649" lon="133.8654947">
      <ele>599.127</ele>
    </trkpt>
    <trkpt lat="-23.6666509" lon="133.8654952">
      <ele>599.114</ele>
    </trkpt>
    <trkpt lat="-23.666719" lon="133.8654921">
      <ele>598.812</ele>
    </trkpt>
    <trkpt lat="-23.6668897" lon="133.8657715">
      <ele>598.821</ele>
    </trkpt>
    <trkpt lat="-23.6669665" lon="133.8659103">
      <ele>598.666</ele>
    </trkpt>
    <trkpt lat="-23.6673493" lon="133.8665321">
      <ele>597.338</ele>
    </trkpt>
    <trkpt lat="-23.6675767" lon="133.8668609">
      <ele>597.929</ele>
    </trkpt>
    <trkpt lat="-23.6677197" lon="133.8671273">
      <ele>597.418</ele>
    </trkpt>
    <trkpt lat="-23.6681715" lon="133.8679201">
      <ele>597.07</ele>
    </trkpt>
    <trkpt lat="-23.668563" lon="133.868607">
      <ele>596.0</ele>
    </trkpt>
    <trkpt lat="-23.6689326" lon="133.8691997">
      <ele>595.276</ele>
    </trkpt>
    <trkpt lat="-23.6691042" lon="133.8694608">
      <ele>596.834</ele>
    </trkpt>
    <trkpt lat="-23.66932" lon="133.8697606">
      <ele>597.386</ele>
    </trkpt>
    <trkpt lat="-23.6695092" lon="133.8699956">
      <ele>597.0</ele>
    </trkpt>
    <trkpt lat="-23.6697167" lon="133.8702353">
      <ele>596.983</ele>
    </trkpt>
    <trkpt lat="-23.6698714" lon="133.870392">
      <ele>595.515</ele>
    </trkpt>
    <trkpt lat="-23.6700886" lon="133.8705865">
      <ele>593.251</ele>
    </trkpt>
    <trkpt lat="-23.6700969" lon="133.870594">
      <ele>593.164</ele>
    </trkpt>
    <trkpt lat="-23.6702636" lon="133.8707433">
      <ele>591.426</ele>
    </trkpt>
    <trkpt lat="-23.6709374" lon="133.8712559">
      <ele>592.674</ele>
    </trkpt>
    <trkpt lat="-23.6714301" lon="133.8716257">
      <ele>594.044</ele>
    </trkpt>
    <trkpt lat="-23.6716679" lon="133.8718053">
      <ele>593.501</ele>
    </trkpt>
    <trkpt lat="-23.6718055" lon="133.8719147">
      <ele>593.107</ele>
    </trkpt>
    <trkpt lat="-23.6718728" lon="133.8720452">
      <ele>593.0</ele>
    </trkpt>
    <trkpt lat="-23.6718743" lon="133.8720473">
      <ele>593.0</ele>
    </trkpt>
    <trkpt lat="-23.6720141" lon="133.8721535">
      <ele>592.811</ele>
    </trkpt>
    <trkpt lat="-23.6724832" lon="133.87251">
      <ele>591.058</ele>
    </trkpt>
    <trkpt lat="-23.6727202" lon="133.8726852">
      <ele>591.793</ele>
    </trkpt>
    <trkpt lat="-23.6728763" lon="133.8728003">
      <ele>592.0</ele>
    </trkpt>
    <trkpt lat="-23.6731152" lon="133.8729737">
      <ele>592.0</ele>
    </trkpt>
    <trkpt lat="-23.6732424" lon="133.8730738">
      <ele>592.022</ele>
    </trkpt>
    <trkpt lat="-23.6733327" lon="133.8731405">
      <ele>592.001</ele>
    </trkpt>
    <trkpt lat="-23.6738151" lon="133.8735049">
      <ele>591.266</ele>
    </trkpt>
    <trkpt lat="-23.6744032" lon="133.8739612">
      <ele>590.74</ele>
    </trkpt>
    <trkpt lat="-23.6747579" lon="133.8742146">
      <ele>591.022</ele>
    </trkpt>
    <trkpt lat="-23.6751724" lon="133.874414">
      <ele>591.89</ele>
    </trkpt>
    <trkpt lat="-23.6752774" lon="133.8744531">
      <ele>592.031</ele>
    </trkpt>
    <trkpt lat="-23.675467" lon="133.8745225">
      <ele>592.09</ele>
    </trkpt>
    <trkpt lat="-23.6757048" lon="133.8745896">
      <ele>591.719</ele>
    </trkpt>
    <trkpt lat="-23.6761325" lon="133.8746785">
      <ele>591.0</ele>
    </trkpt>
    <trkpt lat="-23.6766268" lon="133.8747616">
      <ele>591.0</ele>
    </trkpt>
    <trkpt lat="-23.6768969" lon="133.8747885">
      <ele>591.198</ele>
    </trkpt>
    <trkpt lat="-23.6771206" lon="133.8747963">
      <ele>592.366</ele>
    </trkpt>
    <trkpt lat="-23.6774215" lon="133.8747999">
      <ele>593.0</ele>
    </trkpt>
    <trkpt lat="-23.6775498" lon="133.8747938">
      <ele>592.555</ele>
    </trkpt>
    <trkpt lat="-23.6776696" lon="133.874788">
      <ele>591.457</ele>
    </trkpt>
    <trkpt lat="-23.6797318" lon="133.8745443">
      <ele>589.325</ele>
    </trkpt>
    <trkpt lat="-23.6802303" lon="133.8744696">
      <ele>587.186</ele>
    </trkpt>
    <trkpt lat="-23.6809299" lon="133.8744133">
      <ele>586.46</ele>
    </trkpt>
    <trkpt lat="-23.6811283" lon="133.8744013">
      <ele>587.155</ele>
    </trkpt>
    <trkpt lat="-23.6812405" lon="133.8743925">
      <ele>587.187</ele>
    </trkpt>
    <trkpt lat="-23.6815112" lon="133.8743788">
      <ele>586.796</ele>
    </trkpt>
    <trkpt lat="-23.6818075" lon="133.8743625">
      <ele>586.295</ele>
    </trkpt>
    <trkpt lat="-23.682012" lon="133.8743509">
      <ele>586.58</ele>
    </trkpt>
    <trkpt lat="-23.6827896" lon="133.8743001">
      <ele>586.978</ele>
    </trkpt>
    <trkpt lat="-23.6834181" lon="133.8742794">
      <ele>585.564</ele>
    </trkpt>
    <trkpt lat="-23.6837908" lon="133.8742618">
      <ele>584.132</ele>
    </trkpt>
    <trkpt lat="-23.6842218" lon="133.8742284">
      <ele>584.175</ele>
    </trkpt>
    <trkpt lat="-23.6843874" lon="133.8742098">
      <ele>585.434</ele>
    </trkpt>
    <trkpt lat="-23.6848991" lon="133.8741516">
      <ele>586.946</ele>
    </trkpt>
    <trkpt lat="-23.6851821" lon="133.8741208">
      <ele>586.835</ele>
    </trkpt>
    <trkpt lat="-23.6853764" lon="133.874101">
      <ele>586.764</ele>
    </trkpt>
    <trkpt lat="-23.6855436" lon="133.8740977">
      <ele>586.752</ele>
    </trkpt>
    <trkpt lat="-23.6856852" lon="133.8740985">
      <ele>586.755</ele>
    </trkpt>
    <trkpt lat="-23.6863255" lon="133.8741667">
      <ele>586.0</ele>
    </trkpt>
    <trkpt lat="-23.6868373" lon="133.8742635">
      <ele>584.469</ele>
    </trkpt>
    <trkpt lat="-23.6869811" lon="133.8742974">
      <ele>583.949</ele>
    </trkpt>
    <trkpt lat="-23.6872837" lon="133.8743685">
      <ele>583.839</ele>
    </trkpt>
    <trkpt lat="-23.6874694" lon="133.8744232">
      <ele>583.178</ele>
    </trkpt>
    <trkpt lat="-23.6876062" lon="133.8744793">
      <ele>583.173</ele>
    </trkpt>
    <trkpt lat="-23.6879715" lon="133.8746199">
      <ele>584.52</ele>
    </trkpt>
    <trkpt lat="-23.6881403" lon="133.8746897">
      <ele>584.919</ele>
    </trkpt>
    <trkpt lat="-23.688174" lon="133.874705">
      <ele>584.964</ele>
    </trkpt>
    <trkpt lat="-23.6884219" lon="133.8748134">
      <ele>584.577</ele>
    </trkpt>
    <trkpt lat="-23.688605" lon="133.8749206">
      <ele>583.324</ele>
    </trkpt>
    <trkpt lat="-23.6890755" lon="133.8752347">
      <ele>583.568</ele>
    </trkpt>
    <trkpt lat="-23.6891865" lon="133.8753251">
      <ele>584.0</ele>
    </trkpt>
    <trkpt lat="-23.689323" lon="133.8754363">
      <ele>584.0</ele>
    </trkpt>
    <trkpt lat="-23.6895886" lon="133.8756527">
      <ele>584.0</ele>
    </trkpt>
    <trkpt lat="-23.6903347" lon="133.8762184">
      <ele>582.0</ele>
    </trkpt>
    <trkpt lat="-23.6915551" lon="133.877175">
      <ele>581.605</ele>
    </trkpt>
    <trkpt lat="-23.6919181" lon="133.8774578">
      <ele>579.465</ele>
    </trkpt>
    <trkpt lat="-23.6921489" lon="133.8776393">
      <ele>579.499</ele>
    </trkpt>
    <trkpt lat="-23.6923662" lon="133.8778221">
      <ele>579.755</ele>
    </trkpt>
    <trkpt lat="-23.6926522" lon="133.8780712">
      <ele>581.051</ele>
    </trkpt>
    <trkpt lat="-23.6927837" lon="133.8782103">
      <ele>580.979</ele>
    </trkpt>
    <trkpt lat="-23.6929301" lon="133.8783801">
      <ele>580.544</ele>
    </trkpt>
    <trkpt lat="-23.6931656" lon="133.8786855">
      <ele>581.268</ele>
    </trkpt>
    <trkpt lat="-23.6934451" lon="133.8790587">
      <ele>582.209</ele>
    </trkpt>
    <trkpt lat="-23.6935458" lon="133.8791788">
      <ele>582.269</ele>
    </trkpt>
    <trkpt lat="-23.6936419" lon="133.8792836">
      <ele>582.421</ele>
    </trkpt>
    <trkpt lat="-23.6937582" lon="133.8793842">
      <ele>582.783</ele>
    </trkpt>
    <trkpt lat="-23.6938434" lon="133.879442">
      <ele>582.991</ele>
    </trkpt>
    <trkpt lat="-23.6939208" lon="133.8794898">
      <ele>583.278</ele>
    </trkpt>
    <trkpt lat="-23.6940331" lon="133.8795483">
      <ele>583.893</ele>
    </trkpt>
    <trkpt lat="-23.6941232" lon="133.8795886">
      <ele>584.362</ele>
    </trkpt>
    <trkpt lat="-23.694208" lon="133.8796228">
      <ele>584.738</ele>
    </trkpt>
    <trkpt lat="-23.6942901" lon="133.8796422">
      <ele>585.028</ele>
    </trkpt>
    <trkpt lat="-23.6943057" lon="133.8796433">
      <ele>585.074</ele>
    </trkpt>
    <trkpt lat="-23.6943698" lon="133.8796578">
      <ele>585.33</ele>
    </trkpt>
    <trkpt lat="-23.6944787" lon="133.8796717">
      <ele>585.412</ele>
    </trkpt>
    <trkpt lat="-23.6944829" lon="133.8796724">
      <ele>585.389</ele>
    </trkpt>
    <trkpt lat="-23.6945905" lon="133.8796828">
      <ele>584.739</ele>
    </trkpt>
    <trkpt lat="-23.6946657" lon="133.8796818">
      <ele>584.232</ele>
    </trkpt>
    <trkpt lat="-23.6948342" lon="133.8796747">
      <ele>583.023</ele>
    </trkpt>
    <trkpt lat="-23.6948877" lon="133.8796699">
      <ele>582.62</ele>
    </trkpt>
    <trkpt lat="-23.6949297" lon="133.8796666">
      <ele>582.306</ele>
    </trkpt>
    <trkpt lat="-23.6950148" lon="133.8796504">
      <ele>581.702</ele>
    </trkpt>
    <trkpt lat="-23.6950584" lon="133.8796385">
      <ele>581.552</ele>
    </trkpt>
    <trkpt lat="-23.6951231" lon="133.8796112">
      <ele>581.334</ele>
    </trkpt>
    <trkpt lat="-23.6951289" lon="133.8796089">
      <ele>581.317</ele>
    </trkpt>
    <trkpt lat="-23.6953572" lon="133.8795109">
      <ele>580.714</ele>
    </trkpt>
    <trkpt lat="-23.6962988" lon="133.8790364">
      <ele>581.462</ele>
    </trkpt>
    <trkpt lat="-23.6965049" lon="133.8789274">
      <ele>582.723</ele>
    </trkpt>
    <trkpt lat="-23.6968756" lon="133.8787406">
      <ele>579.991</ele>
    </trkpt>
    <trkpt lat="-23.6970036" lon="133.878681">
      <ele>578.574</ele>
    </trkpt>
    <trkpt lat="-23.6971271" lon="133.8786231">
      <ele>577.685</ele>
    </trkpt>
    <trkpt lat="-23.6976705" lon="133.8783954">
      <ele>576.361</ele>
    </trkpt>
    <trkpt lat="-23.6978434" lon="133.8783219">
      <ele>576.463</ele>
    </trkpt>
    <trkpt lat="-23.6978486" lon="133.8783199">
      <ele>576.498</ele>
    </trkpt>
    <trkpt lat="-23.6988919" lon="133.8779131">
      <ele>578.022</ele>
    </trkpt>
    <trkpt lat="-23.6991199" lon="133.8778242">
      <ele>579.663</ele>
    </trkpt>
    <trkpt lat="-23.6995023" lon="133.8776417">
      <ele>579.583</ele>
    </trkpt>
    <trkpt lat="-23.6997484" lon="133.8775268">
      <ele>577.821</ele>
    </trkpt>
    <trkpt lat="-23.7002958" lon="133.8772645">
      <ele>576.13</ele>
    </trkpt>
    <trkpt lat="-23.7005832" lon="133.8771319">
      <ele>578.1</ele>
    </trkpt>
    <trkpt lat="-23.7009193" lon="133.8769574">
      <ele>579.309</ele>
    </trkpt>
    <trkpt lat="-23.7010017" lon="133.87692">
      <ele>579.499</ele>
    </trkpt>
    <trkpt lat="-23.7013134" lon="133.8767661">
      <ele>579.705</ele>
    </trkpt>
    <trkpt lat="-23.7017151" lon="133.876563">
      <ele>578.747</ele>
    </trkpt>
    <trkpt lat="-23.7020542" lon="133.8764067">
      <ele>578.932</ele>
    </trkpt>
    <trkpt lat="-23.702176" lon="133.8763547">
      <ele>579.544</ele>
    </trkpt>
    <trkpt lat="-23.7023295" lon="133.8763012">
      <ele>579.42</ele>
    </trkpt>
    <trkpt lat="-23.7027838" lon="133.8761708">
      <ele>576.978</ele>
    </trkpt>
    <trkpt lat="-23.702839" lon="133.8761568">
      <ele>576.78</ele>
    </trkpt>
    <trkpt lat="-23.7029032" lon="133.8761361">
      <ele>576.548</ele>
    </trkpt>
    <trkpt lat="-23.7030714" lon="133.8760877">
      <ele>575.916</ele>
    </trkpt>
    <trkpt lat="-23.7036082" lon="133.8759312">
      <ele>575.993</ele>
    </trkpt>
    <trkpt lat="-23.7037363" lon="133.8758939">
      <ele>576.352</ele>
    </trkpt>
    <trkpt lat="-23.704457" lon="133.8756662">
      <ele>576.371</ele>
    </trkpt>
    <trkpt lat="-23.7045642" lon="133.8756233">
      <ele>575.918</ele>
    </trkpt>
    <trkpt lat="-23.704714" lon="133.8755606">
      <ele>575.065</ele>
    </trkpt>
    <trkpt lat="-23.7048701" lon="133.8754857">
      <ele>574.749</ele>
    </trkpt>
    <trkpt lat="-23.7052475" lon="133.8752989">
      <ele>574.076</ele>
    </trkpt>
    <trkpt lat="-23.706039" lon="133.8749086">
      <ele>575.085</ele>
    </trkpt>
    <trkpt lat="-23.7071801" lon="133.8743488">
      <ele>573.543</ele>
    </trkpt>
    <trkpt lat="-23.7098735" lon="133.8730112">
      <ele>573.678</ele>
    </trkpt>
    <trkpt lat="-23.7119636" lon="133.871964">
      <ele>572.856</ele>
    </trkpt>
    <trkpt lat="-23.7130796" lon="133.8713851">
      <ele>572.913</ele>
    </trkpt>
    <trkpt lat="-23.7134519" lon="133.8712197">
      <ele>572.0</ele>
    </trkpt>
    <trkpt lat="-23.7135509" lon="133.8711776">
      <ele>572.0</ele>
    </trkpt>
    <trkpt lat="-23.714264" lon="133.870817">
      <ele>571.941</ele>
    </trkpt>
    <trkpt lat="-23.7144553" lon="133.8707208">
      <ele>571.634</ele>
    </trkpt>
    <trkpt lat="-23.714625" lon="133.870636">
      <ele>571.94</ele>
    </trkpt>
    <trkpt lat="-23.7149996" lon="133.8704487">
      <ele>571.615</ele>
    </trkpt>
    <trkpt lat="-23.7150401" lon="133.8705382">
      <ele>571.947</ele>
    </trkpt>
    <trkpt lat="-23.7150569" lon="133.8705752">
      <ele>572.0</ele>
    </trkpt>
    <trkpt lat="-23.7153903" lon="133.8713591">
      <ele>570.595</ele>
    </trkpt>
    <trkpt lat="-23.7155682" lon="133.8717711">
      <ele>571.359</ele>
    </trkpt>
    <trkpt lat="-23.7159474" lon="133.8726743">
      <ele>570.411</ele>
    </trkpt>
    <trkpt lat="-23.7160016" lon="133.8728066">
      <ele>570.647</ele>
    </trkpt>
    <trkpt lat="-23.7158828" lon="133.8728951">
      <ele>570.525</ele>
    </trkpt>
    <trkpt lat="-23.7155131" lon="133.8731758">
      <ele>571.367</ele>
    </trkpt>
    <trkpt lat="-23.7147903" lon="133.8737246">
      <ele>572.717</ele>
    </trkpt>
    <trkpt lat="-23.7141553" lon="133.8742043">
      <ele>572.965</ele>
    </trkpt>
    <trkpt lat="-23.7141181" lon="133.8742314">
      <ele>572.866</ele>
    </trkpt>
    <trkpt lat="-23.7140961" lon="133.8742486">
      <ele>572.821</ele>
    </trkpt>
  </trkseg>
</trk>
</gpx>
