<?xml version="1.0" encoding="utf-8" standalone="yes"?>
<gpx version="1.1" creator="GPS Visualizer https://www.gpsvisualizer.com/" xmlns="http://www.topografix.com/GPX/1/1" xmlns:xsi="http://www.w3.org/2001/XMLSchema-instance" xsi:schemaLocation="http://www.topografix.com/GPX/1/1 http://www.topografix.com/GPX/1/1/gpx.xsd http://www.garmin.com/xmlschemas/TrackPointExtension/v2 http://www.garmin.com/xmlschemas/TrackPointExtensionv2.xsd http://www.garmin.com/xmlschemas/GpxExtensions/v3 http://www.garmin.com/xmlschemas/GpxExtensionsv3.xsd" xmlns:gpxtpx="http://www.garmin.com/xmlschemas/TrackPointExtension/v2" xmlns:gpxx="http://www.garmin.com/xmlschemas/GpxExtensions/v3">
<trk>
  <name>Route8</name>
  <trkseg>
    <trkpt lat="-29.0096838" lon="134.7554816">
      <ele>213.862</ele>
    </trkpt>
    <trkpt lat="-29.0096838" lon="134.7554816">
      <ele>213.862</ele>
    </trkpt>
    <trkpt lat="-29.0110279" lon="134.7549485">
      <ele>219.0</ele>
    </trkpt>
    <trkpt lat="-29.0112968" lon="134.7548418">
      <ele>219.668</ele>
    </trkpt>
    <trkpt lat="-29.0115793" lon="134.7547499">
      <ele>219.246</ele>
    </trkpt>
    <trkpt lat="-29.012228" lon="134.7545912">
      <ele>220.986</ele>
    </trkpt>
    <trkpt lat="-29.012395" lon="134.7545511">
      <ele>222.332</ele>
    </trkpt>
    <trkpt lat="-29.0123976" lon="134.7545513">
      <ele>222.348</ele>
    </trkpt>
    <trkpt lat="-29.0124404" lon="134.7545383">
      <ele>222.64</ele>
    </trkpt>
    <trkpt lat="-29.012504" lon="134.7545251">
      <ele>223.014</ele>
    </trkpt>
    <trkpt lat="-29.0125664" lon="134.7545156">
      <ele>223.239</ele>
    </trkpt>
    <trkpt lat="-29.0127003" lon="134.754504">
      <ele>223.721</ele>
    </trkpt>
    <trkpt lat="-29.012859" lon="134.7544917">
      <ele>224.243</ele>
    </trkpt>
    <trkpt lat="-29.012941" lon="134.7544855">
      <ele>224.501</ele>
    </trkpt>
    <trkpt lat="-29.0129785" lon="134.7544841">
      <ele>224.619</ele>
    </trkpt>
    <trkpt lat="-29.0130754" lon="134.7544785">
      <ele>224.949</ele>
    </trkpt>
    <trkpt lat="-29.0131499" lon="134.754507">
      <ele>225.114</ele>
    </trkpt>
    <trkpt lat="-29.013433" lon="134.7544919">
      <ele>226.547</ele>
    </trkpt>
    <trkpt lat="-29.013438" lon="134.7545012">
      <ele>226.549</ele>
    </trkpt>
    <trkpt lat="-29.013441" lon="134.7545058">
      <ele>226.554</ele>
    </trkpt>
    <trkpt lat="-29.0134441" lon="134.7545102">
      <ele>226.561</ele>
    </trkpt>
    <trkpt lat="-29.0134474" lon="134.7545145">
      <ele>226.569</ele>
    </trkpt>
    <trkpt lat="-29.013451" lon="134.7545185">
      <ele>226.581</ele>
    </trkpt>
    <trkpt lat="-29.0134546" lon="134.7545224">
      <ele>226.592</ele>
    </trkpt>
    <trkpt lat="-29.0134585" lon="134.7545261">
      <ele>226.607</ele>
    </trkpt>
    <trkpt lat="-29.0134624" lon="134.7545295">
      <ele>226.623</ele>
    </trkpt>
    <trkpt lat="-29.0134665" lon="134.7545327">
      <ele>226.641</ele>
    </trkpt>
    <trkpt lat="-29.0134708" lon="134.7545358">
      <ele>226.661</ele>
    </trkpt>
    <trkpt lat="-29.0134751" lon="134.7545385">
      <ele>226.682</ele>
    </trkpt>
    <trkpt lat="-29.0134796" lon="134.7545411">
      <ele>226.705</ele>
    </trkpt>
    <trkpt lat="-29.0134842" lon="134.7545434">
      <ele>226.73</ele>
    </trkpt>
    <trkpt lat="-29.0134888" lon="134.7545454">
      <ele>226.756</ele>
    </trkpt>
    <trkpt lat="-29.0134936" lon="134.7545472">
      <ele>226.784</ele>
    </trkpt>
    <trkpt lat="-29.0134984" lon="134.7545488">
      <ele>226.813</ele>
    </trkpt>
    <trkpt lat="-29.0135032" lon="134.75455">
      <ele>226.843</ele>
    </trkpt>
    <trkpt lat="-29.0135081" lon="134.7545511">
      <ele>226.874</ele>
    </trkpt>
    <trkpt lat="-29.0135131" lon="134.7545518">
      <ele>226.908</ele>
    </trkpt>
    <trkpt lat="-29.0135181" lon="134.7545523">
      <ele>226.942</ele>
    </trkpt>
    <trkpt lat="-29.013523" lon="134.7545525">
      <ele>226.977</ele>
    </trkpt>
    <trkpt lat="-29.0135279" lon="134.7545525">
      <ele>227.012</ele>
    </trkpt>
    <trkpt lat="-29.0135329" lon="134.7545521">
      <ele>227.049</ele>
    </trkpt>
    <trkpt lat="-29.0135379" lon="134.7545515">
      <ele>227.087</ele>
    </trkpt>
    <trkpt lat="-29.0135428" lon="134.7545507">
      <ele>227.126</ele>
    </trkpt>
    <trkpt lat="-29.0135477" lon="134.7545496">
      <ele>227.165</ele>
    </trkpt>
    <trkpt lat="-29.0135526" lon="134.7545482">
      <ele>227.205</ele>
    </trkpt>
    <trkpt lat="-29.0135573" lon="134.7545465">
      <ele>227.245</ele>
    </trkpt>
    <trkpt lat="-29.013562" lon="134.7545446">
      <ele>227.286</ele>
    </trkpt>
    <trkpt lat="-29.0135667" lon="134.7545425">
      <ele>227.327</ele>
    </trkpt>
    <trkpt lat="-29.0135712" lon="134.7545401">
      <ele>227.368</ele>
    </trkpt>
    <trkpt lat="-29.0135756" lon="134.7545375">
      <ele>227.409</ele>
    </trkpt>
    <trkpt lat="-29.0135799" lon="134.7545346">
      <ele>227.451</ele>
    </trkpt>
    <trkpt lat="-29.0135853" lon="134.7545295">
      <ele>227.508</ele>
    </trkpt>
    <trkpt lat="-29.0137092" lon="134.7545756">
      <ele>227.528</ele>
    </trkpt>
    <trkpt lat="-29.0137706" lon="134.7545913">
      <ele>227.471</ele>
    </trkpt>
    <trkpt lat="-29.013807" lon="134.7546116">
      <ele>227.398</ele>
    </trkpt>
    <trkpt lat="-29.0139254" lon="134.754682">
      <ele>227.126</ele>
    </trkpt>
    <trkpt lat="-29.0139956" lon="134.7547191">
      <ele>227.007</ele>
    </trkpt>
    <trkpt lat="-29.0141967" lon="134.7548021">
      <ele>226.744</ele>
    </trkpt>
    <trkpt lat="-29.0145907" lon="134.7549607">
      <ele>227.0</ele>
    </trkpt>
    <trkpt lat="-29.0149999" lon="134.7551229">
      <ele>227.0</ele>
    </trkpt>
    <trkpt lat="-29.0151381" lon="134.7551777">
      <ele>225.688</ele>
    </trkpt>
    <trkpt lat="-29.0158977" lon="134.7554697">
      <ele>224.303</ele>
    </trkpt>
    <trkpt lat="-29.0167449" lon="134.7557953">
      <ele>228.522</ele>
    </trkpt>
    <trkpt lat="-29.0171752" lon="134.7559447">
      <ele>224.971</ele>
    </trkpt>
    <trkpt lat="-29.0182428" lon="134.7563572">
      <ele>223.098</ele>
    </trkpt>
    <trkpt lat="-29.0188139" lon="134.7565376">
      <ele>220.68</ele>
    </trkpt>
    <trkpt lat="-29.0195023" lon="134.7566912">
      <ele>221.245</ele>
    </trkpt>
    <trkpt lat="-29.0197252" lon="134.7567439">
      <ele>222.564</ele>
    </trkpt>
    <trkpt lat="-29.019889" lon="134.7567727">
      <ele>223.135</ele>
    </trkpt>
    <trkpt lat="-29.0202142" lon="134.7568131">
      <ele>223.121</ele>
    </trkpt>
    <trkpt lat="-29.0204404" lon="134.75682">
      <ele>223.585</ele>
    </trkpt>
    <trkpt lat="-29.02066" lon="134.7568207">
      <ele>223.832</ele>
    </trkpt>
    <trkpt lat="-29.0210227" lon="134.7568246">
      <ele>221.818</ele>
    </trkpt>
    <trkpt lat="-29.021472" lon="134.7568152">
      <ele>220.598</ele>
    </trkpt>
    <trkpt lat="-29.0215414" lon="134.7568086">
      <ele>221.098</ele>
    </trkpt>
    <trkpt lat="-29.0216112" lon="134.756802">
      <ele>221.601</ele>
    </trkpt>
    <trkpt lat="-29.0219862" lon="134.7567545">
      <ele>221.802</ele>
    </trkpt>
    <trkpt lat="-29.0225312" lon="134.7566787">
      <ele>220.957</ele>
    </trkpt>
    <trkpt lat="-29.0231029" lon="134.7565975">
      <ele>220.83</ele>
    </trkpt>
    <trkpt lat="-29.0234879" lon="134.7565485">
      <ele>220.32</ele>
    </trkpt>
    <trkpt lat="-29.0239907" lon="134.756454">
      <ele>222.0</ele>
    </trkpt>
    <trkpt lat="-29.0241004" lon="134.7575181">
      <ele>220.254</ele>
    </trkpt>
    <trkpt lat="-29.0241398" lon="134.7579288">
      <ele>220.193</ele>
    </trkpt>
    <trkpt lat="-29.0242205" lon="134.7592459">
      <ele>220.388</ele>
    </trkpt>
    <trkpt lat="-29.0242842" lon="134.7605366">
      <ele>223.251</ele>
    </trkpt>
    <trkpt lat="-29.024293" lon="134.760645">
      <ele>223.705</ele>
    </trkpt>
    <trkpt lat="-29.0243185" lon="134.7612235">
      <ele>227.675</ele>
    </trkpt>
    <trkpt lat="-29.0243227" lon="134.7619661">
      <ele>230.089</ele>
    </trkpt>
    <trkpt lat="-29.0243228" lon="134.7619901">
      <ele>230.052</ele>
    </trkpt>
    <trkpt lat="-29.0243273" lon="134.7621717">
      <ele>229.812</ele>
    </trkpt>
    <trkpt lat="-29.0243376" lon="134.762583">
      <ele>227.661</ele>
    </trkpt>
    <trkpt lat="-29.0243491" lon="134.7630447">
      <ele>229.938</ele>
    </trkpt>
    <trkpt lat="-29.0243654" lon="134.7638498">
      <ele>230.181</ele>
    </trkpt>
    <trkpt lat="-29.0243689" lon="134.7640224">
      <ele>229.65</ele>
    </trkpt>
    <trkpt lat="-29.0243696" lon="134.7640554">
      <ele>229.562</ele>
    </trkpt>
    <trkpt lat="-29.0243748" lon="134.7643114">
      <ele>229.641</ele>
    </trkpt>
    <trkpt lat="-29.024378" lon="134.7644336">
      <ele>229.97</ele>
    </trkpt>
    <trkpt lat="-29.0244098" lon="134.7656673">
      <ele>227.352</ele>
    </trkpt>
    <trkpt lat="-29.0244151" lon="134.7658729">
      <ele>227.894</ele>
    </trkpt>
    <trkpt lat="-29.0244196" lon="134.7660458">
      <ele>227.911</ele>
    </trkpt>
    <trkpt lat="-29.0244498" lon="134.7666947">
      <ele>224.12</ele>
    </trkpt>
    <trkpt lat="-29.0244572" lon="134.7668532">
      <ele>224.717</ele>
    </trkpt>
    <trkpt lat="-29.0244759" lon="134.7671381">
      <ele>226.508</ele>
    </trkpt>
    <trkpt lat="-29.0245418" lon="134.7679243">
      <ele>224.638</ele>
    </trkpt>
    <trkpt lat="-29.0245558" lon="134.7681011">
      <ele>224.0</ele>
    </trkpt>
    <trkpt lat="-29.0246485" lon="134.7688799">
      <ele>224.257</ele>
    </trkpt>
    <trkpt lat="-29.0247689" lon="134.7697198">
      <ele>224.343</ele>
    </trkpt>
    <trkpt lat="-29.0248733" lon="134.770318">
      <ele>223.39</ele>
    </trkpt>
    <trkpt lat="-29.0249608" lon="134.770762">
      <ele>221.514</ele>
    </trkpt>
    <trkpt lat="-29.0250691" lon="134.7713044">
      <ele>222.447</ele>
    </trkpt>
    <trkpt lat="-29.0252149" lon="134.771922">
      <ele>221.081</ele>
    </trkpt>
    <trkpt lat="-29.0253943" lon="134.7726172">
      <ele>224.179</ele>
    </trkpt>
    <trkpt lat="-29.0256375" lon="134.7734672">
      <ele>222.989</ele>
    </trkpt>
    <trkpt lat="-29.0258333" lon="134.7740685">
      <ele>221.707</ele>
    </trkpt>
    <trkpt lat="-29.0258457" lon="134.7741059">
      <ele>221.472</ele>
    </trkpt>
    <trkpt lat="-29.0259123" lon="134.7743071">
      <ele>221.284</ele>
    </trkpt>
    <trkpt lat="-29.0260414" lon="134.774681">
      <ele>221.111</ele>
    </trkpt>
    <trkpt lat="-29.026087" lon="134.7748131">
      <ele>220.701</ele>
    </trkpt>
    <trkpt lat="-29.0261083" lon="134.7748719">
      <ele>220.467</ele>
    </trkpt>
    <trkpt lat="-29.0262223" lon="134.7751874">
      <ele>220.801</ele>
    </trkpt>
    <trkpt lat="-29.0263398" lon="134.7754841">
      <ele>221.909</ele>
    </trkpt>
    <trkpt lat="-29.0265974" lon="134.7761308">
      <ele>223.124</ele>
    </trkpt>
    <trkpt lat="-29.0268935" lon="134.7768183">
      <ele>225.371</ele>
    </trkpt>
    <trkpt lat="-29.027161" lon="134.7773893">
      <ele>224.399</ele>
    </trkpt>
    <trkpt lat="-29.0274089" lon="134.7778942">
      <ele>224.0</ele>
    </trkpt>
    <trkpt lat="-29.0274984" lon="134.7780651">
      <ele>224.034</ele>
    </trkpt>
    <trkpt lat="-29.0276949" lon="134.77844">
      <ele>225.384</ele>
    </trkpt>
    <trkpt lat="-29.0280142" lon="134.7790171">
      <ele>226.462</ele>
    </trkpt>
    <trkpt lat="-29.0280641" lon="134.7791013">
      <ele>226.734</ele>
    </trkpt>
    <trkpt lat="-29.0281649" lon="134.7792717">
      <ele>226.606</ele>
    </trkpt>
    <trkpt lat="-29.0282657" lon="134.779442">
      <ele>226.243</ele>
    </trkpt>
    <trkpt lat="-29.0283764" lon="134.779629">
      <ele>226.716</ele>
    </trkpt>
    <trkpt lat="-29.0287965" lon="134.7803172">
      <ele>227.38</ele>
    </trkpt>
    <trkpt lat="-29.0289663" lon="134.7805645">
      <ele>226.721</ele>
    </trkpt>
    <trkpt lat="-29.0293221" lon="134.7810976">
      <ele>226.446</ele>
    </trkpt>
    <trkpt lat="-29.029554" lon="134.781421">
      <ele>225.49</ele>
    </trkpt>
    <trkpt lat="-29.0301337" lon="134.782178">
      <ele>224.923</ele>
    </trkpt>
    <trkpt lat="-29.0302176" lon="134.7822768">
      <ele>225.043</ele>
    </trkpt>
    <trkpt lat="-29.0303806" lon="134.7824834">
      <ele>224.26</ele>
    </trkpt>
    <trkpt lat="-29.030631" lon="134.7827898">
      <ele>223.709</ele>
    </trkpt>
    <trkpt lat="-29.0309119" lon="134.7831262">
      <ele>223.28</ele>
    </trkpt>
    <trkpt lat="-29.0311852" lon="134.783435">
      <ele>221.367</ele>
    </trkpt>
    <trkpt lat="-29.0311912" lon="134.7834434">
      <ele>221.315</ele>
    </trkpt>
    <trkpt lat="-29.0315252" lon="134.7838223">
      <ele>220.657</ele>
    </trkpt>
    <trkpt lat="-29.0320822" lon="134.7844572">
      <ele>219.481</ele>
    </trkpt>
    <trkpt lat="-29.0322277" lon="134.7846252">
      <ele>218.33</ele>
    </trkpt>
    <trkpt lat="-29.0327507" lon="134.7852092">
      <ele>217.656</ele>
    </trkpt>
    <trkpt lat="-29.0347221" lon="134.7874567">
      <ele>213.001</ele>
    </trkpt>
    <trkpt lat="-29.0347376" lon="134.7874744">
      <ele>212.945</ele>
    </trkpt>
    <trkpt lat="-29.0348495" lon="134.7876019">
      <ele>213.245</ele>
    </trkpt>
    <trkpt lat="-29.034865" lon="134.7876196">
      <ele>213.359</ele>
    </trkpt>
    <trkpt lat="-29.0349769" lon="134.7877471">
      <ele>214.604</ele>
    </trkpt>
    <trkpt lat="-29.0352317" lon="134.7880376">
      <ele>216.925</ele>
    </trkpt>
    <trkpt lat="-29.0355969" lon="134.7884539">
      <ele>217.935</ele>
    </trkpt>
    <trkpt lat="-29.0365055" lon="134.78949">
      <ele>221.069</ele>
    </trkpt>
    <trkpt lat="-29.0366329" lon="134.7896353">
      <ele>221.604</ele>
    </trkpt>
    <trkpt lat="-29.0369031" lon="134.7899434">
      <ele>221.945</ele>
    </trkpt>
    <trkpt lat="-29.0380339" lon="134.7912331">
      <ele>218.449</ele>
    </trkpt>
    <trkpt lat="-29.0384931" lon="134.7917554">
      <ele>218.561</ele>
    </trkpt>
    <trkpt lat="-29.0393311" lon="134.7927093">
      <ele>219.854</ele>
    </trkpt>
    <trkpt lat="-29.0395267" lon="134.792932">
      <ele>218.593</ele>
    </trkpt>
    <trkpt lat="-29.040548" lon="134.7940949">
      <ele>220.279</ele>
    </trkpt>
    <trkpt lat="-29.0409882" lon="134.7945961">
      <ele>217.696</ele>
    </trkpt>
    <trkpt lat="-29.0412432" lon="134.7948864">
      <ele>218.182</ele>
    </trkpt>
    <trkpt lat="-29.0414981" lon="134.7951767">
      <ele>219.636</ele>
    </trkpt>
    <trkpt lat="-29.0420181" lon="134.7957688">
      <ele>221.407</ele>
    </trkpt>
    <trkpt lat="-29.0423569" lon="134.7961574">
      <ele>222.596</ele>
    </trkpt>
    <trkpt lat="-29.0428888" lon="134.7967615">
      <ele>222.0</ele>
    </trkpt>
    <trkpt lat="-29.0435143" lon="134.7974759">
      <ele>222.651</ele>
    </trkpt>
    <trkpt lat="-29.043917" lon="134.7979379">
      <ele>225.678</ele>
    </trkpt>
    <trkpt lat="-29.044044" lon="134.7980836">
      <ele>226.558</ele>
    </trkpt>
    <trkpt lat="-29.044298" lon="134.798375">
      <ele>227.331</ele>
    </trkpt>
    <trkpt lat="-29.0444617" lon="134.7985628">
      <ele>226.275</ele>
    </trkpt>
    <trkpt lat="-29.0446796" lon="134.7988114">
      <ele>224.432</ele>
    </trkpt>
    <trkpt lat="-29.0453587" lon="134.7995862">
      <ele>227.362</ele>
    </trkpt>
    <trkpt lat="-29.0458272" lon="134.8001173">
      <ele>226.476</ele>
    </trkpt>
    <trkpt lat="-29.045955" lon="134.8002621">
      <ele>226.506</ele>
    </trkpt>
    <trkpt lat="-29.0460496" lon="134.8003693">
      <ele>226.294</ele>
    </trkpt>
    <trkpt lat="-29.0460826" lon="134.8004072">
      <ele>226.15</ele>
    </trkpt>
    <trkpt lat="-29.0467741" lon="134.8012016">
      <ele>225.387</ele>
    </trkpt>
    <trkpt lat="-29.047504" lon="134.802033">
      <ele>223.314</ele>
    </trkpt>
    <trkpt lat="-29.0476096" lon="134.802152">
      <ele>223.452</ele>
    </trkpt>
    <trkpt lat="-29.0477377" lon="134.8022963">
      <ele>223.144</ele>
    </trkpt>
    <trkpt lat="-29.0478659" lon="134.8024407">
      <ele>223.0</ele>
    </trkpt>
    <trkpt lat="-29.0479724" lon="134.8025607">
      <ele>222.935</ele>
    </trkpt>
    <trkpt lat="-29.0485743" lon="134.8032439">
      <ele>221.232</ele>
    </trkpt>
    <trkpt lat="-29.0488819" lon="134.8035957">
      <ele>220.055</ele>
    </trkpt>
    <trkpt lat="-29.0495501" lon="134.8043521">
      <ele>218.0</ele>
    </trkpt>
    <trkpt lat="-29.0498151" lon="134.8046482">
      <ele>218.0</ele>
    </trkpt>
    <trkpt lat="-29.053221" lon="134.8085357">
      <ele>213.676</ele>
    </trkpt>
    <trkpt lat="-29.0543749" lon="134.809861">
      <ele>212.0</ele>
    </trkpt>
    <trkpt lat="-29.0551399" lon="134.8107218">
      <ele>208.703</ele>
    </trkpt>
    <trkpt lat="-29.0555536" lon="134.8111808">
      <ele>208.746</ele>
    </trkpt>
    <trkpt lat="-29.0555838" lon="134.8112167">
      <ele>208.62</ele>
    </trkpt>
    <trkpt lat="-29.0557083" lon="134.8113652">
      <ele>208.085</ele>
    </trkpt>
    <trkpt lat="-29.0562265" lon="134.8119827">
      <ele>208.0</ele>
    </trkpt>
    <trkpt lat="-29.0567369" lon="134.8125149">
      <ele>207.054</ele>
    </trkpt>
    <trkpt lat="-29.0568699" lon="134.8126536">
      <ele>207.553</ele>
    </trkpt>
    <trkpt lat="-29.0571363" lon="134.8129314">
      <ele>207.862</ele>
    </trkpt>
    <trkpt lat="-29.0574004" lon="134.8132373">
      <ele>207.778</ele>
    </trkpt>
    <trkpt lat="-29.0588911" lon="134.8151691">
      <ele>204.396</ele>
    </trkpt>
    <trkpt lat="-29.0596131" lon="134.8161257">
      <ele>203.596</ele>
    </trkpt>
    <trkpt lat="-29.0598817" lon="134.8164694">
      <ele>203.574</ele>
    </trkpt>
    <trkpt lat="-29.061075" lon="134.8181969">
      <ele>208.0</ele>
    </trkpt>
    <trkpt lat="-29.0614066" lon="134.8187021">
      <ele>207.979</ele>
    </trkpt>
    <trkpt lat="-29.0620963" lon="134.819753">
      <ele>204.171</ele>
    </trkpt>
    <trkpt lat="-29.0631396" lon="134.8213979">
      <ele>205.27</ele>
    </trkpt>
    <trkpt lat="-29.0634195" lon="134.8218599">
      <ele>205.48</ele>
    </trkpt>
    <trkpt lat="-29.063522" lon="134.8220289">
      <ele>205.527</ele>
    </trkpt>
    <trkpt lat="-29.0639378" lon="134.8227151">
      <ele>204.089</ele>
    </trkpt>
    <trkpt lat="-29.0644268" lon="134.8235617">
      <ele>202.344</ele>
    </trkpt>
    <trkpt lat="-29.0645259" lon="134.8237334">
      <ele>202.898</ele>
    </trkpt>
    <trkpt lat="-29.0646251" lon="134.8239051">
      <ele>203.691</ele>
    </trkpt>
    <trkpt lat="-29.0648058" lon="134.824218">
      <ele>204.43</ele>
    </trkpt>
    <trkpt lat="-29.0656168" lon="134.8256926">
      <ele>203.891</ele>
    </trkpt>
    <trkpt lat="-29.0663968" lon="134.8271998">
      <ele>202.998</ele>
    </trkpt>
    <trkpt lat="-29.0671768" lon="134.8287734">
      <ele>201.909</ele>
    </trkpt>
    <trkpt lat="-29.0678451" lon="134.8301525">
      <ele>201.584</ele>
    </trkpt>
    <trkpt lat="-29.0682419" lon="134.8310183">
      <ele>198.11</ele>
    </trkpt>
    <trkpt lat="-29.068467" lon="134.8315101">
      <ele>199.918</ele>
    </trkpt>
    <trkpt lat="-29.0686495" lon="134.8319341">
      <ele>200.867</ele>
    </trkpt>
    <trkpt lat="-29.06865" lon="134.8319352">
      <ele>200.865</ele>
    </trkpt>
    <trkpt lat="-29.0687289" lon="134.8321188">
      <ele>200.214</ele>
    </trkpt>
    <trkpt lat="-29.0688083" lon="134.8323034">
      <ele>199.915</ele>
    </trkpt>
    <trkpt lat="-29.0688882" lon="134.8324893">
      <ele>199.998</ele>
    </trkpt>
    <trkpt lat="-29.0694019" lon="134.8336838">
      <ele>200.0</ele>
    </trkpt>
    <trkpt lat="-29.0695143" lon="134.8339713">
      <ele>200.075</ele>
    </trkpt>
    <trkpt lat="-29.0695879" lon="134.8341591">
      <ele>200.502</ele>
    </trkpt>
    <trkpt lat="-29.0699548" lon="134.835097">
      <ele>201.292</ele>
    </trkpt>
    <trkpt lat="-29.0700283" lon="134.8352849">
      <ele>202.0</ele>
    </trkpt>
    <trkpt lat="-29.0701752" lon="134.8356606">
      <ele>201.622</ele>
    </trkpt>
    <trkpt lat="-29.0702" lon="134.8357241">
      <ele>201.393</ele>
    </trkpt>
    <trkpt lat="-29.0703156" lon="134.8360412">
      <ele>201.136</ele>
    </trkpt>
    <trkpt lat="-29.0711922" lon="134.8384421">
      <ele>204.0</ele>
    </trkpt>
    <trkpt lat="-29.0716718" lon="134.8398538">
      <ele>208.991</ele>
    </trkpt>
    <trkpt lat="-29.0717371" lon="134.8400457">
      <ele>208.665</ele>
    </trkpt>
    <trkpt lat="-29.0717394" lon="134.8400529">
      <ele>208.647</ele>
    </trkpt>
    <trkpt lat="-29.0717958" lon="134.8402376">
      <ele>208.475</ele>
    </trkpt>
    <trkpt lat="-29.0717965" lon="134.8402399">
      <ele>208.476</ele>
    </trkpt>
    <trkpt lat="-29.0718551" lon="134.8404319">
      <ele>208.857</ele>
    </trkpt>
    <trkpt lat="-29.0720331" lon="134.8410147">
      <ele>209.334</ele>
    </trkpt>
    <trkpt lat="-29.0720925" lon="134.841209">
      <ele>209.467</ele>
    </trkpt>
    <trkpt lat="-29.0721518" lon="134.8414032">
      <ele>209.202</ele>
    </trkpt>
    <trkpt lat="-29.0724855" lon="134.842496">
      <ele>208.986</ele>
    </trkpt>
    <trkpt lat="-29.0730485" lon="134.8443185">
      <ele>212.533</ele>
    </trkpt>
    <trkpt lat="-29.0731085" lon="134.8445125">
      <ele>212.953</ele>
    </trkpt>
    <trkpt lat="-29.0731673" lon="134.8447031">
      <ele>212.625</ele>
    </trkpt>
    <trkpt lat="-29.0732273" lon="134.8448971">
      <ele>211.752</ele>
    </trkpt>
    <trkpt lat="-29.0732873" lon="134.8450912">
      <ele>210.892</ele>
    </trkpt>
    <trkpt lat="-29.0733472" lon="134.8452852">
      <ele>209.975</ele>
    </trkpt>
    <trkpt lat="-29.0734683" lon="134.845677">
      <ele>210.016</ele>
    </trkpt>
    <trkpt lat="-29.0736318" lon="134.846206">
      <ele>210.098</ele>
    </trkpt>
    <trkpt lat="-29.0738249" lon="134.8468177">
      <ele>209.774</ele>
    </trkpt>
    <trkpt lat="-29.0741102" lon="134.8476179">
      <ele>211.899</ele>
    </trkpt>
    <trkpt lat="-29.0746386" lon="134.8489621">
      <ele>211.778</ele>
    </trkpt>
    <trkpt lat="-29.0746895" lon="134.8491011">
      <ele>211.972</ele>
    </trkpt>
    <trkpt lat="-29.074759" lon="134.8492909">
      <ele>212.0</ele>
    </trkpt>
    <trkpt lat="-29.0747607" lon="134.8492954">
      <ele>212.0</ele>
    </trkpt>
    <trkpt lat="-29.0748281" lon="134.8494787">
      <ele>212.076</ele>
    </trkpt>
    <trkpt lat="-29.0749045" lon="134.8496726">
      <ele>212.282</ele>
    </trkpt>
    <trkpt lat="-29.0750951" lon="134.8501562">
      <ele>212.63</ele>
    </trkpt>
    <trkpt lat="-29.0752863" lon="134.8506336">
      <ele>211.416</ele>
    </trkpt>
    <trkpt lat="-29.0754294" lon="134.8509821">
      <ele>210.0</ele>
    </trkpt>
    <trkpt lat="-29.0754441" lon="134.8510179">
      <ele>210.0</ele>
    </trkpt>
    <trkpt lat="-29.0758312" lon="134.8519088">
      <ele>210.994</ele>
    </trkpt>
    <trkpt lat="-29.0768544" lon="134.8540385">
      <ele>205.312</ele>
    </trkpt>
    <trkpt lat="-29.0769602" lon="134.8542396">
      <ele>205.042</ele>
    </trkpt>
    <trkpt lat="-29.0771479" lon="134.8545964">
      <ele>204.307</ele>
    </trkpt>
    <trkpt lat="-29.0772385" lon="134.8547685">
      <ele>203.892</ele>
    </trkpt>
    <trkpt lat="-29.0773334" lon="134.8549489">
      <ele>203.584</ele>
    </trkpt>
    <trkpt lat="-29.0777396" lon="134.8557209">
      <ele>204.349</ele>
    </trkpt>
    <trkpt lat="-29.0783098" lon="134.8567136">
      <ele>206.084</ele>
    </trkpt>
    <trkpt lat="-29.0787973" lon="134.8575355">
      <ele>203.914</ele>
    </trkpt>
    <trkpt lat="-29.0787994" lon="134.8575391">
      <ele>203.905</ele>
    </trkpt>
    <trkpt lat="-29.0789993" lon="134.8578761">
      <ele>203.611</ele>
    </trkpt>
    <trkpt lat="-29.0790014" lon="134.8578797">
      <ele>203.623</ele>
    </trkpt>
    <trkpt lat="-29.0791002" lon="134.8580465">
      <ele>203.992</ele>
    </trkpt>
    <trkpt lat="-29.0791424" lon="134.8581178">
      <ele>204.02</ele>
    </trkpt>
    <trkpt lat="-29.0803421" lon="134.8600096">
      <ele>204.248</ele>
    </trkpt>
    <trkpt lat="-29.0813658" lon="134.8616474">
      <ele>205.923</ele>
    </trkpt>
    <trkpt lat="-29.0824989" lon="134.8634426">
      <ele>209.392</ele>
    </trkpt>
    <trkpt lat="-29.0839106" lon="134.865786">
      <ele>208.83</ele>
    </trkpt>
    <trkpt lat="-29.0843872" lon="134.8666245">
      <ele>208.206</ele>
    </trkpt>
    <trkpt lat="-29.0849749" lon="134.8676583">
      <ele>208.051</ele>
    </trkpt>
    <trkpt lat="-29.0852065" lon="134.8680658">
      <ele>209.009</ele>
    </trkpt>
    <trkpt lat="-29.0853665" lon="134.8683489">
      <ele>209.34</ele>
    </trkpt>
    <trkpt lat="-29.0860504" lon="134.8695585">
      <ele>208.347</ele>
    </trkpt>
    <trkpt lat="-29.0861481" lon="134.8697313">
      <ele>207.9</ele>
    </trkpt>
    <trkpt lat="-29.0861872" lon="134.8698004">
      <ele>208.008</ele>
    </trkpt>
    <trkpt lat="-29.0863394" lon="134.8700809">
      <ele>208.418</ele>
    </trkpt>
    <trkpt lat="-29.0873237" lon="134.8718954">
      <ele>208.177</ele>
    </trkpt>
    <trkpt lat="-29.0885211" lon="134.874187">
      <ele>208.7</ele>
    </trkpt>
    <trkpt lat="-29.0905937" lon="134.8782">
      <ele>207.76</ele>
    </trkpt>
    <trkpt lat="-29.0908682" lon="134.8787316">
      <ele>209.0</ele>
    </trkpt>
    <trkpt lat="-29.0909596" lon="134.8789086">
      <ele>208.968</ele>
    </trkpt>
    <trkpt lat="-29.0910122" lon="134.8790105">
      <ele>208.718</ele>
    </trkpt>
    <trkpt lat="-29.0912339" lon="134.8794402">
      <ele>207.015</ele>
    </trkpt>
    <trkpt lat="-29.0913255" lon="134.8796178">
      <ele>206.858</ele>
    </trkpt>
    <trkpt lat="-29.0922853" lon="134.8814785">
      <ele>208.396</ele>
    </trkpt>
    <trkpt lat="-29.0933762" lon="134.8835689">
      <ele>210.717</ele>
    </trkpt>
    <trkpt lat="-29.0936391" lon="134.8841348">
      <ele>211.988</ele>
    </trkpt>
    <trkpt lat="-29.0940564" lon="134.8849235">
      <ele>210.275</ele>
    </trkpt>
    <trkpt lat="-29.094303" lon="134.8853794">
      <ele>210.491</ele>
    </trkpt>
    <trkpt lat="-29.0945559" lon="134.8858642">
      <ele>210.754</ele>
    </trkpt>
    <trkpt lat="-29.0948341" lon="134.8863852">
      <ele>211.597</ele>
    </trkpt>
    <trkpt lat="-29.0951639" lon="134.8870623">
      <ele>209.424</ele>
    </trkpt>
    <trkpt lat="-29.0953336" lon="134.8873693">
      <ele>210.73</ele>
    </trkpt>
    <trkpt lat="-29.0954664" lon="134.8876298">
      <ele>211.212</ele>
    </trkpt>
    <trkpt lat="-29.0957731" lon="134.8882046">
      <ele>209.42</ele>
    </trkpt>
    <trkpt lat="-29.0960734" lon="134.8887296">
      <ele>211.369</ele>
    </trkpt>
    <trkpt lat="-29.0962754" lon="134.8890948">
      <ele>211.847</ele>
    </trkpt>
    <trkpt lat="-29.0966051" lon="134.8896144">
      <ele>211.92</ele>
    </trkpt>
    <trkpt lat="-29.0967436" lon="134.8898295">
      <ele>211.83</ele>
    </trkpt>
    <trkpt lat="-29.0968688" lon="134.890002">
      <ele>212.0</ele>
    </trkpt>
    <trkpt lat="-29.097038" lon="134.8902614">
      <ele>211.663</ele>
    </trkpt>
    <trkpt lat="-29.097269" lon="134.8905746">
      <ele>212.237</ele>
    </trkpt>
    <trkpt lat="-29.0974868" lon="134.8908559">
      <ele>214.03</ele>
    </trkpt>
    <trkpt lat="-29.097841" lon="134.891308">
      <ele>214.772</ele>
    </trkpt>
    <trkpt lat="-29.0978455" lon="134.8913136">
      <ele>214.756</ele>
    </trkpt>
    <trkpt lat="-29.0979666" lon="134.8914659">
      <ele>213.954</ele>
    </trkpt>
    <trkpt lat="-29.0980705" lon="134.8915967">
      <ele>213.252</ele>
    </trkpt>
    <trkpt lat="-29.098438" lon="134.8920211">
      <ele>213.205</ele>
    </trkpt>
    <trkpt lat="-29.0987283" lon="134.8923416">
      <ele>213.992</ele>
    </trkpt>
    <trkpt lat="-29.0987958" lon="134.8924162">
      <ele>213.967</ele>
    </trkpt>
    <trkpt lat="-29.0992204" lon="134.8928625">
      <ele>212.695</ele>
    </trkpt>
    <trkpt lat="-29.0994805" lon="134.8931088">
      <ele>211.703</ele>
    </trkpt>
    <trkpt lat="-29.0997902" lon="134.8933964">
      <ele>211.056</ele>
    </trkpt>
    <trkpt lat="-29.1005826" lon="134.8941011">
      <ele>213.861</ele>
    </trkpt>
    <trkpt lat="-29.1008672" lon="134.8943254">
      <ele>215.693</ele>
    </trkpt>
    <trkpt lat="-29.1012231" lon="134.8946333">
      <ele>216.191</ele>
    </trkpt>
    <trkpt lat="-29.1014315" lon="134.8947864">
      <ele>215.847</ele>
    </trkpt>
    <trkpt lat="-29.1019575" lon="134.8951547">
      <ele>214.443</ele>
    </trkpt>
    <trkpt lat="-29.1025689" lon="134.8955475">
      <ele>214.978</ele>
    </trkpt>
    <trkpt lat="-29.1029589" lon="134.8957817">
      <ele>214.59</ele>
    </trkpt>
    <trkpt lat="-29.1034381" lon="134.8960466">
      <ele>212.842</ele>
    </trkpt>
    <trkpt lat="-29.1037106" lon="134.8961905">
      <ele>213.256</ele>
    </trkpt>
    <trkpt lat="-29.1039463" lon="134.8963136">
      <ele>213.422</ele>
    </trkpt>
    <trkpt lat="-29.1044765" lon="134.896562">
      <ele>214.623</ele>
    </trkpt>
    <trkpt lat="-29.1052463" lon="134.8969253">
      <ele>215.0</ele>
    </trkpt>
    <trkpt lat="-29.1062948" lon="134.8974112">
      <ele>216.32</ele>
    </trkpt>
    <trkpt lat="-29.1076682" lon="134.8980468">
      <ele>217.407</ele>
    </trkpt>
    <trkpt lat="-29.1094861" lon="134.8988908">
      <ele>218.694</ele>
    </trkpt>
    <trkpt lat="-29.110343" lon="134.8992855">
      <ele>216.562</ele>
    </trkpt>
    <trkpt lat="-29.1106767" lon="134.8994392">
      <ele>217.0</ele>
    </trkpt>
    <trkpt lat="-29.110794" lon="134.8994932">
      <ele>217.0</ele>
    </trkpt>
    <trkpt lat="-29.1107986" lon="134.8994953">
      <ele>217.0</ele>
    </trkpt>
    <trkpt lat="-29.1108433" lon="134.8995168">
      <ele>217.072</ele>
    </trkpt>
    <trkpt lat="-29.1113054" lon="134.8997386">
      <ele>219.0</ele>
    </trkpt>
    <trkpt lat="-29.1116256" lon="134.8998893">
      <ele>217.635</ele>
    </trkpt>
    <trkpt lat="-29.1117922" lon="134.8999677">
      <ele>217.064</ele>
    </trkpt>
    <trkpt lat="-29.1120034" lon="134.9000672">
      <ele>217.051</ele>
    </trkpt>
    <trkpt lat="-29.1125193" lon="134.9003073">
      <ele>218.069</ele>
    </trkpt>
    <trkpt lat="-29.1131201" lon="134.9006066">
      <ele>219.0</ele>
    </trkpt>
    <trkpt lat="-29.1137079" lon="134.9008982">
      <ele>218.0</ele>
    </trkpt>
    <trkpt lat="-29.1140028" lon="134.901056">
      <ele>218.41</ele>
    </trkpt>
    <trkpt lat="-29.114292" lon="134.9012028">
      <ele>218.972</ele>
    </trkpt>
    <trkpt lat="-29.1146005" lon="134.9013673">
      <ele>219.192</ele>
    </trkpt>
    <trkpt lat="-29.1150975" lon="134.9016297">
      <ele>220.437</ele>
    </trkpt>
    <trkpt lat="-29.1155819" lon="134.9018979">
      <ele>221.602</ele>
    </trkpt>
    <trkpt lat="-29.1161524" lon="134.9022178">
      <ele>220.851</ele>
    </trkpt>
    <trkpt lat="-29.1166525" lon="134.9025059">
      <ele>220.022</ele>
    </trkpt>
    <trkpt lat="-29.1172377" lon="134.9028495">
      <ele>220.959</ele>
    </trkpt>
    <trkpt lat="-29.1179137" lon="134.9032536">
      <ele>221.489</ele>
    </trkpt>
    <trkpt lat="-29.1185732" lon="134.9036595">
      <ele>225.038</ele>
    </trkpt>
    <trkpt lat="-29.1186547" lon="134.9037108">
      <ele>225.359</ele>
    </trkpt>
    <trkpt lat="-29.1188122" lon="134.9038101">
      <ele>225.716</ele>
    </trkpt>
    <trkpt lat="-29.1190925" lon="134.9039867">
      <ele>226.0</ele>
    </trkpt>
    <trkpt lat="-29.1191273" lon="134.9040087">
      <ele>226.0</ele>
    </trkpt>
    <trkpt lat="-29.1192408" lon="134.9040803">
      <ele>225.917</ele>
    </trkpt>
    <trkpt lat="-29.1202275" lon="134.9047139">
      <ele>225.951</ele>
    </trkpt>
    <trkpt lat="-29.1210268" lon="134.9052089">
      <ele>225.869</ele>
    </trkpt>
    <trkpt lat="-29.1213019" lon="134.9053774">
      <ele>226.082</ele>
    </trkpt>
    <trkpt lat="-29.1216196" lon="134.9055718">
      <ele>225.821</ele>
    </trkpt>
    <trkpt lat="-29.1216512" lon="134.9055912">
      <ele>225.937</ele>
    </trkpt>
    <trkpt lat="-29.1218098" lon="134.9056882">
      <ele>226.515</ele>
    </trkpt>
    <trkpt lat="-29.1218696" lon="134.9057248">
      <ele>226.731</ele>
    </trkpt>
    <trkpt lat="-29.1219384" lon="134.905764">
      <ele>226.978</ele>
    </trkpt>
    <trkpt lat="-29.12197" lon="134.905782">
      <ele>227.184</ele>
    </trkpt>
    <trkpt lat="-29.1222363" lon="134.905934">
      <ele>229.344</ele>
    </trkpt>
    <trkpt lat="-29.1222607" lon="134.905948">
      <ele>229.356</ele>
    </trkpt>
    <trkpt lat="-29.1229522" lon="134.9063446">
      <ele>225.844</ele>
    </trkpt>
    <trkpt lat="-29.1238642" lon="134.9068503">
      <ele>225.941</ele>
    </trkpt>
    <trkpt lat="-29.125015" lon="134.9074688">
      <ele>221.946</ele>
    </trkpt>
    <trkpt lat="-29.1260633" lon="134.9079964">
      <ele>222.0</ele>
    </trkpt>
    <trkpt lat="-29.127055" lon="134.9084707">
      <ele>221.799</ele>
    </trkpt>
    <trkpt lat="-29.127935" lon="134.908886">
      <ele>219.566</ele>
    </trkpt>
    <trkpt lat="-29.1284403" lon="134.9091095">
      <ele>221.103</ele>
    </trkpt>
    <trkpt lat="-29.1291983" lon="134.9094487">
      <ele>219.888</ele>
    </trkpt>
    <trkpt lat="-29.1293483" lon="134.9095145">
      <ele>219.511</ele>
    </trkpt>
    <trkpt lat="-29.1297056" lon="134.9096712">
      <ele>219.049</ele>
    </trkpt>
    <trkpt lat="-29.1298736" lon="134.9097449">
      <ele>219.0</ele>
    </trkpt>
    <trkpt lat="-29.1300415" lon="134.9098186">
      <ele>218.805</ele>
    </trkpt>
    <trkpt lat="-29.1302236" lon="134.9098984">
      <ele>218.411</ele>
    </trkpt>
    <trkpt lat="-29.1303775" lon="134.9099657">
      <ele>218.483</ele>
    </trkpt>
    <trkpt lat="-29.1305262" lon="134.9100307">
      <ele>218.327</ele>
    </trkpt>
    <trkpt lat="-29.1305456" lon="134.9100391">
      <ele>218.317</ele>
    </trkpt>
    <trkpt lat="-29.1306944" lon="134.9101041">
      <ele>219.062</ele>
    </trkpt>
    <trkpt lat="-29.1311066" lon="134.9102843">
      <ele>220.96</ele>
    </trkpt>
    <trkpt lat="-29.1314346" lon="134.9104294">
      <ele>220.454</ele>
    </trkpt>
    <trkpt lat="-29.1315355" lon="134.9104736">
      <ele>220.295</ele>
    </trkpt>
    <trkpt lat="-29.1321183" lon="134.9107286">
      <ele>219.518</ele>
    </trkpt>
    <trkpt lat="-29.1330968" lon="134.9111719">
      <ele>216.736</ele>
    </trkpt>
    <trkpt lat="-29.133886" lon="134.9115208">
      <ele>212.491</ele>
    </trkpt>
    <trkpt lat="-29.1338901" lon="134.9115226">
      <ele>212.479</ele>
    </trkpt>
    <trkpt lat="-29.1347069" lon="134.9118828">
      <ele>213.0</ele>
    </trkpt>
    <trkpt lat="-29.135486" lon="134.9122233">
      <ele>212.247</ele>
    </trkpt>
    <trkpt lat="-29.1360873" lon="134.9124849">
      <ele>210.95</ele>
    </trkpt>
    <trkpt lat="-29.1364214" lon="134.9126377">
      <ele>210.613</ele>
    </trkpt>
    <trkpt lat="-29.1365755" lon="134.9127076">
      <ele>211.419</ele>
    </trkpt>
    <trkpt lat="-29.136585" lon="134.9127119">
      <ele>211.469</ele>
    </trkpt>
    <trkpt lat="-29.136678" lon="134.9127543">
      <ele>211.915</ele>
    </trkpt>
    <trkpt lat="-29.1367433" lon="134.9127827">
      <ele>211.982</ele>
    </trkpt>
    <trkpt lat="-29.1367526" lon="134.9127867">
      <ele>211.968</ele>
    </trkpt>
    <trkpt lat="-29.1370715" lon="134.9129256">
      <ele>210.796</ele>
    </trkpt>
    <trkpt lat="-29.137257" lon="134.9130063">
      <ele>210.103</ele>
    </trkpt>
    <trkpt lat="-29.1374169" lon="134.9130759">
      <ele>210.723</ele>
    </trkpt>
    <trkpt lat="-29.1374974" lon="134.9131109">
      <ele>210.993</ele>
    </trkpt>
    <trkpt lat="-29.1380112" lon="134.9133462">
      <ele>210.113</ele>
    </trkpt>
    <trkpt lat="-29.1385326" lon="134.9135982">
      <ele>210.236</ele>
    </trkpt>
    <trkpt lat="-29.1390473" lon="134.9138536">
      <ele>209.375</ele>
    </trkpt>
    <trkpt lat="-29.1392802" lon="134.913973">
      <ele>208.715</ele>
    </trkpt>
    <trkpt lat="-29.1394075" lon="134.9140402">
      <ele>208.605</ele>
    </trkpt>
    <trkpt lat="-29.1395641" lon="134.914123">
      <ele>209.274</ele>
    </trkpt>
    <trkpt lat="-29.139571" lon="134.9141267">
      <ele>209.312</ele>
    </trkpt>
    <trkpt lat="-29.1400777" lon="134.9143984">
      <ele>210.119</ele>
    </trkpt>
    <trkpt lat="-29.1403664" lon="134.9145587">
      <ele>209.27</ele>
    </trkpt>
    <trkpt lat="-29.1405454" lon="134.9146621">
      <ele>208.253</ele>
    </trkpt>
    <trkpt lat="-29.1408664" lon="134.9148479">
      <ele>206.464</ele>
    </trkpt>
    <trkpt lat="-29.1413658" lon="134.9151461">
      <ele>206.961</ele>
    </trkpt>
    <trkpt lat="-29.1418579" lon="134.9154486">
      <ele>209.615</ele>
    </trkpt>
    <trkpt lat="-29.1422331" lon="134.9156925">
      <ele>212.0</ele>
    </trkpt>
    <trkpt lat="-29.1425312" lon="134.9158856">
      <ele>211.888</ele>
    </trkpt>
    <trkpt lat="-29.1427615" lon="134.9160382">
      <ele>211.059</ele>
    </trkpt>
    <trkpt lat="-29.1430056" lon="134.9162077">
      <ele>210.528</ele>
    </trkpt>
    <trkpt lat="-29.1433902" lon="134.9164777">
      <ele>210.369</ele>
    </trkpt>
    <trkpt lat="-29.1437729" lon="134.9167559">
      <ele>210.455</ele>
    </trkpt>
    <trkpt lat="-29.1441433" lon="134.9170322">
      <ele>210.084</ele>
    </trkpt>
    <trkpt lat="-29.144512" lon="134.9173103">
      <ele>209.923</ele>
    </trkpt>
    <trkpt lat="-29.1449773" lon="134.917679">
      <ele>208.408</ele>
    </trkpt>
    <trkpt lat="-29.1453391" lon="134.9179741">
      <ele>209.221</ele>
    </trkpt>
    <trkpt lat="-29.1456065" lon="134.918192">
      <ele>210.585</ele>
    </trkpt>
    <trkpt lat="-29.1457897" lon="134.918347">
      <ele>210.959</ele>
    </trkpt>
    <trkpt lat="-29.1460559" lon="134.9185741">
      <ele>209.332</ele>
    </trkpt>
    <trkpt lat="-29.1463287" lon="134.9188102">
      <ele>208.845</ele>
    </trkpt>
    <trkpt lat="-29.1466813" lon="134.9191284">
      <ele>210.085</ele>
    </trkpt>
    <trkpt lat="-29.1472859" lon="134.9196921">
      <ele>206.771</ele>
    </trkpt>
    <trkpt lat="-29.1474158" lon="134.9198171">
      <ele>206.303</ele>
    </trkpt>
    <trkpt lat="-29.1475363" lon="134.919933">
      <ele>206.0</ele>
    </trkpt>
    <trkpt lat="-29.1476895" lon="134.9200847">
      <ele>206.513</ele>
    </trkpt>
    <trkpt lat="-29.1478705" lon="134.9202639">
      <ele>207.6</ele>
    </trkpt>
    <trkpt lat="-29.147961" lon="134.9203551">
      <ele>207.524</ele>
    </trkpt>
    <trkpt lat="-29.1481264" lon="134.9205214">
      <ele>207.175</ele>
    </trkpt>
    <trkpt lat="-29.1483735" lon="134.9207688">
      <ele>205.768</ele>
    </trkpt>
    <trkpt lat="-29.1486324" lon="134.921041">
      <ele>206.748</ele>
    </trkpt>
    <trkpt lat="-29.1487061" lon="134.9211184">
      <ele>207.017</ele>
    </trkpt>
    <trkpt lat="-29.1491639" lon="134.9215969">
      <ele>206.259</ele>
    </trkpt>
    <trkpt lat="-29.1492864" lon="134.921725">
      <ele>206.522</ele>
    </trkpt>
    <trkpt lat="-29.1492968" lon="134.9217357">
      <ele>206.585</ele>
    </trkpt>
    <trkpt lat="-29.1497721" lon="134.9222298">
      <ele>207.618</ele>
    </trkpt>
    <trkpt lat="-29.1499633" lon="134.922428">
      <ele>206.166</ele>
    </trkpt>
    <trkpt lat="-29.1500966" lon="134.9225663">
      <ele>205.891</ele>
    </trkpt>
    <trkpt lat="-29.150191" lon="134.9226642">
      <ele>205.904</ele>
    </trkpt>
    <trkpt lat="-29.1504962" lon="134.9229822">
      <ele>207.837</ele>
    </trkpt>
    <trkpt lat="-29.1506062" lon="134.923097">
      <ele>208.487</ele>
    </trkpt>
    <trkpt lat="-29.150761" lon="134.9232592">
      <ele>209.67</ele>
    </trkpt>
    <trkpt lat="-29.1507618" lon="134.9232601">
      <ele>209.675</ele>
    </trkpt>
    <trkpt lat="-29.1508946" lon="134.9233993">
      <ele>209.374</ele>
    </trkpt>
    <trkpt lat="-29.1511143" lon="134.9236297">
      <ele>208.068</ele>
    </trkpt>
    <trkpt lat="-29.1517565" lon="134.9242958">
      <ele>210.173</ele>
    </trkpt>
    <trkpt lat="-29.1519583" lon="134.9245067">
      <ele>210.313</ele>
    </trkpt>
    <trkpt lat="-29.1519598" lon="134.9245083">
      <ele>210.328</ele>
    </trkpt>
    <trkpt lat="-29.1520912" lon="134.9246454">
      <ele>211.398</ele>
    </trkpt>
    <trkpt lat="-29.1520929" lon="134.9246472">
      <ele>211.409</ele>
    </trkpt>
    <trkpt lat="-29.1524179" lon="134.9249866">
      <ele>212.034</ele>
    </trkpt>
    <trkpt lat="-29.1530764" lon="134.9256774">
      <ele>212.958</ele>
    </trkpt>
    <trkpt lat="-29.1533279" lon="134.9259435">
      <ele>212.603</ele>
    </trkpt>
    <trkpt lat="-29.1535642" lon="134.9261955">
      <ele>210.814</ele>
    </trkpt>
    <trkpt lat="-29.1540419" lon="134.9266917">
      <ele>210.591</ele>
    </trkpt>
    <trkpt lat="-29.1543919" lon="134.9270469">
      <ele>210.189</ele>
    </trkpt>
    <trkpt lat="-29.1547911" lon="134.9274566">
      <ele>210.635</ele>
    </trkpt>
    <trkpt lat="-29.1552343" lon="134.9278964">
      <ele>209.796</ele>
    </trkpt>
    <trkpt lat="-29.1554965" lon="134.9281432">
      <ele>209.316</ele>
    </trkpt>
    <trkpt lat="-29.1557181" lon="134.9283503">
      <ele>210.672</ele>
    </trkpt>
    <trkpt lat="-29.1559164" lon="134.9285355">
      <ele>212.244</ele>
    </trkpt>
    <trkpt lat="-29.1559927" lon="134.9286077">
      <ele>213.128</ele>
    </trkpt>
    <trkpt lat="-29.1560249" lon="134.9286382">
      <ele>213.312</ele>
    </trkpt>
    <trkpt lat="-29.1562759" lon="134.9288617">
      <ele>213.098</ele>
    </trkpt>
    <trkpt lat="-29.1562799" lon="134.9288652">
      <ele>213.085</ele>
    </trkpt>
    <trkpt lat="-29.1564179" lon="134.9289881">
      <ele>212.896</ele>
    </trkpt>
    <trkpt lat="-29.156422" lon="134.9289917">
      <ele>212.881</ele>
    </trkpt>
    <trkpt lat="-29.1565639" lon="134.9291181">
      <ele>212.37</ele>
    </trkpt>
    <trkpt lat="-29.1566716" lon="134.9292138">
      <ele>211.798</ele>
    </trkpt>
    <trkpt lat="-29.1569931" lon="134.929493">
      <ele>209.856</ele>
    </trkpt>
    <trkpt lat="-29.1570208" lon="134.929517">
      <ele>209.811</ele>
    </trkpt>
    <trkpt lat="-29.1574807" lon="134.9298866">
      <ele>210.551</ele>
    </trkpt>
    <trkpt lat="-29.1575808" lon="134.9299687">
      <ele>211.469</ele>
    </trkpt>
    <trkpt lat="-29.1577269" lon="134.9300888">
      <ele>212.692</ele>
    </trkpt>
    <trkpt lat="-29.1578799" lon="134.9302145">
      <ele>213.451</ele>
    </trkpt>
    <trkpt lat="-29.1582383" lon="134.9304907">
      <ele>213.387</ele>
    </trkpt>
    <trkpt lat="-29.158529" lon="134.930723">
      <ele>212.822</ele>
    </trkpt>
    <trkpt lat="-29.1590844" lon="134.9311323">
      <ele>215.726</ele>
    </trkpt>
    <trkpt lat="-29.1593711" lon="134.931334">
      <ele>216.445</ele>
    </trkpt>
    <trkpt lat="-29.1597549" lon="134.931605">
      <ele>217.908</ele>
    </trkpt>
    <trkpt lat="-29.1605218" lon="134.9321241">
      <ele>218.74</ele>
    </trkpt>
    <trkpt lat="-29.1607701" lon="134.9322826">
      <ele>220.049</ele>
    </trkpt>
    <trkpt lat="-29.1608992" lon="134.9323653">
      <ele>220.122</ele>
    </trkpt>
    <trkpt lat="-29.1614368" lon="134.9327061">
      <ele>220.214</ele>
    </trkpt>
    <trkpt lat="-29.1617945" lon="134.9329173">
      <ele>219.269</ele>
    </trkpt>
    <trkpt lat="-29.1622032" lon="134.9331624">
      <ele>218.642</ele>
    </trkpt>
    <trkpt lat="-29.1626285" lon="134.9334077">
      <ele>219.339</ele>
    </trkpt>
    <trkpt lat="-29.1629083" lon="134.9335576">
      <ele>219.663</ele>
    </trkpt>
    <trkpt lat="-29.1631059" lon="134.9336648">
      <ele>220.0</ele>
    </trkpt>
    <trkpt lat="-29.1638168" lon="134.9340381">
      <ele>223.018</ele>
    </trkpt>
    <trkpt lat="-29.1643179" lon="134.9342814">
      <ele>224.0</ele>
    </trkpt>
    <trkpt lat="-29.1644318" lon="134.9343366">
      <ele>224.0</ele>
    </trkpt>
    <trkpt lat="-29.1644833" lon="134.9343621">
      <ele>223.86</ele>
    </trkpt>
    <trkpt lat="-29.1646436" lon="134.9344413">
      <ele>223.283</ele>
    </trkpt>
    <trkpt lat="-29.1646483" lon="134.9344437">
      <ele>223.266</ele>
    </trkpt>
    <trkpt lat="-29.1647463" lon="134.934492">
      <ele>222.841</ele>
    </trkpt>
    <trkpt lat="-29.1648093" lon="134.9345213">
      <ele>222.46</ele>
    </trkpt>
    <trkpt lat="-29.1648141" lon="134.9345236">
      <ele>222.433</ele>
    </trkpt>
    <trkpt lat="-29.164976" lon="134.9345986">
      <ele>221.68</ele>
    </trkpt>
    <trkpt lat="-29.1649809" lon="134.9346008">
      <ele>221.662</ele>
    </trkpt>
    <trkpt lat="-29.1652669" lon="134.9347333">
      <ele>221.001</ele>
    </trkpt>
    <trkpt lat="-29.1657774" lon="134.9349581">
      <ele>221.829</ele>
    </trkpt>
    <trkpt lat="-29.1662097" lon="134.935139">
      <ele>222.5</ele>
    </trkpt>
    <trkpt lat="-29.1666455" lon="134.9353283">
      <ele>222.412</ele>
    </trkpt>
    <trkpt lat="-29.1671742" lon="134.9355226">
      <ele>223.881</ele>
    </trkpt>
    <trkpt lat="-29.1673454" lon="134.9355855">
      <ele>223.497</ele>
    </trkpt>
    <trkpt lat="-29.1677192" lon="134.9357229">
      <ele>222.211</ele>
    </trkpt>
    <trkpt lat="-29.168675" lon="134.9360445">
      <ele>221.645</ele>
    </trkpt>
    <trkpt lat="-29.1692018" lon="134.9362125">
      <ele>221.509</ele>
    </trkpt>
    <trkpt lat="-29.1701118" lon="134.9364842">
      <ele>220.195</ele>
    </trkpt>
    <trkpt lat="-29.1701667" lon="134.9365006">
      <ele>219.8</ele>
    </trkpt>
    <trkpt lat="-29.1708145" lon="134.9366673">
      <ele>219.865</ele>
    </trkpt>
    <trkpt lat="-29.1716932" lon="134.9368697">
      <ele>221.0</ele>
    </trkpt>
    <trkpt lat="-29.1723697" lon="134.9370136">
      <ele>221.249</ele>
    </trkpt>
    <trkpt lat="-29.1727545" lon="134.9370909">
      <ele>220.611</ele>
    </trkpt>
    <trkpt lat="-29.1730911" lon="134.9371589">
      <ele>219.801</ele>
    </trkpt>
    <trkpt lat="-29.1736588" lon="134.937291">
      <ele>222.419</ele>
    </trkpt>
    <trkpt lat="-29.1739066" lon="134.9373506">
      <ele>223.496</ele>
    </trkpt>
    <trkpt lat="-29.1744387" lon="134.9374904">
      <ele>224.979</ele>
    </trkpt>
    <trkpt lat="-29.1749146" lon="134.9376331">
      <ele>224.828</ele>
    </trkpt>
    <trkpt lat="-29.1750882" lon="134.9376852">
      <ele>224.016</ele>
    </trkpt>
    <trkpt lat="-29.1751818" lon="134.9377132">
      <ele>223.578</ele>
    </trkpt>
    <trkpt lat="-29.1755284" lon="134.9378244">
      <ele>222.849</ele>
    </trkpt>
    <trkpt lat="-29.1759524" lon="134.9379697">
      <ele>223.309</ele>
    </trkpt>
    <trkpt lat="-29.1763754" lon="134.9381213">
      <ele>223.237</ele>
    </trkpt>
    <trkpt lat="-29.176586" lon="134.9381972">
      <ele>222.091</ele>
    </trkpt>
    <trkpt lat="-29.1771017" lon="134.938399">
      <ele>222.101</ele>
    </trkpt>
    <trkpt lat="-29.1775327" lon="134.9385776">
      <ele>221.23</ele>
    </trkpt>
    <trkpt lat="-29.1780381" lon="134.938805">
      <ele>218.321</ele>
    </trkpt>
    <trkpt lat="-29.1782484" lon="134.9389029">
      <ele>218.745</ele>
    </trkpt>
    <trkpt lat="-29.1787594" lon="134.9391501">
      <ele>221.0</ele>
    </trkpt>
    <trkpt lat="-29.1790839" lon="134.9393149">
      <ele>221.159</ele>
    </trkpt>
    <trkpt lat="-29.1792733" lon="134.9394111">
      <ele>220.954</ele>
    </trkpt>
    <trkpt lat="-29.1794112" lon="134.9394857">
      <ele>221.018</ele>
    </trkpt>
    <trkpt lat="-29.1796707" lon="134.9396261">
      <ele>219.371</ele>
    </trkpt>
    <trkpt lat="-29.1800665" lon="134.9398439">
      <ele>217.438</ele>
    </trkpt>
    <trkpt lat="-29.1801657" lon="134.9398985">
      <ele>217.635</ele>
    </trkpt>
    <trkpt lat="-29.1802219" lon="134.9399318">
      <ele>217.754</ele>
    </trkpt>
    <trkpt lat="-29.1802277" lon="134.9399353">
      <ele>217.767</ele>
    </trkpt>
    <trkpt lat="-29.1802759" lon="134.9399639">
      <ele>217.87</ele>
    </trkpt>
    <trkpt lat="-29.1805705" lon="134.9401387">
      <ele>220.526</ele>
    </trkpt>
    <trkpt lat="-29.1809616" lon="134.9403701">
      <ele>221.23</ele>
    </trkpt>
    <trkpt lat="-29.1813052" lon="134.940595">
      <ele>220.4</ele>
    </trkpt>
    <trkpt lat="-29.1817355" lon="134.9408772">
      <ele>221.406</ele>
    </trkpt>
    <trkpt lat="-29.1819267" lon="134.9410111">
      <ele>222.576</ele>
    </trkpt>
    <trkpt lat="-29.1822219" lon="134.9412106">
      <ele>223.641</ele>
    </trkpt>
    <trkpt lat="-29.1824097" lon="134.9413463">
      <ele>223.153</ele>
    </trkpt>
    <trkpt lat="-29.1826928" lon="134.9415502">
      <ele>223.403</ele>
    </trkpt>
    <trkpt lat="-29.1831521" lon="134.9418962">
      <ele>224.826</ele>
    </trkpt>
    <trkpt lat="-29.1833621" lon="134.9420616">
      <ele>225.215</ele>
    </trkpt>
    <trkpt lat="-29.1835211" lon="134.9421866">
      <ele>224.52</ele>
    </trkpt>
    <trkpt lat="-29.1837583" lon="134.9423806">
      <ele>224.308</ele>
    </trkpt>
    <trkpt lat="-29.1838025" lon="134.9424169">
      <ele>224.23</ele>
    </trkpt>
    <trkpt lat="-29.1839101" lon="134.942505">
      <ele>223.958</ele>
    </trkpt>
    <trkpt lat="-29.1839747" lon="134.9425579">
      <ele>224.044</ele>
    </trkpt>
    <trkpt lat="-29.1840496" lon="134.9426222">
      <ele>224.047</ele>
    </trkpt>
    <trkpt lat="-29.1840551" lon="134.9426269">
      <ele>224.042</ele>
    </trkpt>
    <trkpt lat="-29.1841934" lon="134.9427459">
      <ele>223.896</ele>
    </trkpt>
    <trkpt lat="-29.1842383" lon="134.9427845">
      <ele>224.036</ele>
    </trkpt>
    <trkpt lat="-29.1845126" lon="134.9430194">
      <ele>223.968</ele>
    </trkpt>
    <trkpt lat="-29.1850302" lon="134.9434852">
      <ele>226.925</ele>
    </trkpt>
    <trkpt lat="-29.1854592" lon="134.9438958">
      <ele>226.356</ele>
    </trkpt>
    <trkpt lat="-29.1859712" lon="134.9444009">
      <ele>225.504</ele>
    </trkpt>
    <trkpt lat="-29.1860053" lon="134.9444358">
      <ele>225.381</ele>
    </trkpt>
    <trkpt lat="-29.1860111" lon="134.9444417">
      <ele>225.36</ele>
    </trkpt>
    <trkpt lat="-29.1861398" lon="134.9445728">
      <ele>225.621</ele>
    </trkpt>
    <trkpt lat="-29.1861455" lon="134.9445786">
      <ele>225.671</ele>
    </trkpt>
    <trkpt lat="-29.1861778" lon="134.9446116">
      <ele>225.937</ele>
    </trkpt>
    <trkpt lat="-29.1862227" lon="134.9446575">
      <ele>226.262</ele>
    </trkpt>
    <trkpt lat="-29.1864054" lon="134.9448503">
      <ele>226.941</ele>
    </trkpt>
    <trkpt lat="-29.1865483" lon="134.9450013">
      <ele>226.424</ele>
    </trkpt>
    <trkpt lat="-29.1870289" lon="134.9455287">
      <ele>223.822</ele>
    </trkpt>
    <trkpt lat="-29.1875669" lon="134.9461603">
      <ele>223.851</ele>
    </trkpt>
    <trkpt lat="-29.1877139" lon="134.9463424">
      <ele>222.78</ele>
    </trkpt>
    <trkpt lat="-29.1880994" lon="134.9468208">
      <ele>221.952</ele>
    </trkpt>
    <trkpt lat="-29.1884787" lon="134.9472876">
      <ele>224.0</ele>
    </trkpt>
    <trkpt lat="-29.1887492" lon="134.9476132">
      <ele>223.298</ele>
    </trkpt>
    <trkpt lat="-29.1892497" lon="134.9481877">
      <ele>219.77</ele>
    </trkpt>
    <trkpt lat="-29.1895674" lon="134.9485454">
      <ele>217.132</ele>
    </trkpt>
    <trkpt lat="-29.190066" lon="134.9490748">
      <ele>218.49</ele>
    </trkpt>
    <trkpt lat="-29.1903959" lon="134.9494091">
      <ele>216.753</ele>
    </trkpt>
    <trkpt lat="-29.1909015" lon="134.9499055">
      <ele>216.083</ele>
    </trkpt>
    <trkpt lat="-29.1912074" lon="134.950186">
      <ele>215.882</ele>
    </trkpt>
    <trkpt lat="-29.1913478" lon="134.9503146">
      <ele>215.128</ele>
    </trkpt>
    <trkpt lat="-29.1915931" lon="134.9505391">
      <ele>215.735</ele>
    </trkpt>
    <trkpt lat="-29.191856" lon="134.9507694">
      <ele>215.073</ele>
    </trkpt>
    <trkpt lat="-29.1922144" lon="134.9510723">
      <ele>214.864</ele>
    </trkpt>
    <trkpt lat="-29.1927598" lon="134.9515171">
      <ele>215.03</ele>
    </trkpt>
    <trkpt lat="-29.1930773" lon="134.9517665">
      <ele>214.612</ele>
    </trkpt>
    <trkpt lat="-29.1935132" lon="134.9520936">
      <ele>215.832</ele>
    </trkpt>
    <trkpt lat="-29.1941686" lon="134.9525622">
      <ele>214.771</ele>
    </trkpt>
    <trkpt lat="-29.194791" lon="134.9529805">
      <ele>212.0</ele>
    </trkpt>
    <trkpt lat="-29.1952023" lon="134.9532427">
      <ele>211.326</ele>
    </trkpt>
    <trkpt lat="-29.195326" lon="134.9533213">
      <ele>211.043</ele>
    </trkpt>
    <trkpt lat="-29.1955189" lon="134.9534387">
      <ele>210.621</ele>
    </trkpt>
    <trkpt lat="-29.1956777" lon="134.9535352">
      <ele>210.593</ele>
    </trkpt>
    <trkpt lat="-29.1956883" lon="134.9535416">
      <ele>210.609</ele>
    </trkpt>
    <trkpt lat="-29.1958158" lon="134.9536192">
      <ele>210.937</ele>
    </trkpt>
    <trkpt lat="-29.1958369" lon="134.9536313">
      <ele>211.027</ele>
    </trkpt>
    <trkpt lat="-29.1958476" lon="134.9536374">
      <ele>211.108</ele>
    </trkpt>
    <trkpt lat="-29.1962155" lon="134.953849">
      <ele>213.856</ele>
    </trkpt>
    <trkpt lat="-29.1965178" lon="134.9540169">
      <ele>211.933</ele>
    </trkpt>
    <trkpt lat="-29.1966766" lon="134.9541023">
      <ele>209.375</ele>
    </trkpt>
    <trkpt lat="-29.1969206" lon="134.9542334">
      <ele>207.371</ele>
    </trkpt>
    <trkpt lat="-29.1972319" lon="134.9543902">
      <ele>208.868</ele>
    </trkpt>
    <trkpt lat="-29.1976427" lon="134.954599">
      <ele>211.329</ele>
    </trkpt>
    <trkpt lat="-29.1980311" lon="134.9547781">
      <ele>211.088</ele>
    </trkpt>
    <trkpt lat="-29.1984577" lon="134.9549782">
      <ele>209.886</ele>
    </trkpt>
    <trkpt lat="-29.1988751" lon="134.9551538">
      <ele>209.603</ele>
    </trkpt>
    <trkpt lat="-29.1994009" lon="134.9553692">
      <ele>208.208</ele>
    </trkpt>
    <trkpt lat="-29.1997117" lon="134.9554864">
      <ele>207.521</ele>
    </trkpt>
    <trkpt lat="-29.2000368" lon="134.9556042">
      <ele>208.46</ele>
    </trkpt>
    <trkpt lat="-29.2004642" lon="134.9557527">
      <ele>209.905</ele>
    </trkpt>
    <trkpt lat="-29.2008946" lon="134.9558961">
      <ele>208.609</ele>
    </trkpt>
    <trkpt lat="-29.2014289" lon="134.9560663">
      <ele>206.839</ele>
    </trkpt>
    <trkpt lat="-29.2017529" lon="134.9561572">
      <ele>207.476</ele>
    </trkpt>
    <trkpt lat="-29.201962" lon="134.9562425">
      <ele>208.443</ele>
    </trkpt>
    <trkpt lat="-29.2021803" lon="134.9562731">
      <ele>208.088</ele>
    </trkpt>
    <trkpt lat="-29.2025191" lon="134.9563536">
      <ele>207.882</ele>
    </trkpt>
    <trkpt lat="-29.2028254" lon="134.9564329">
      <ele>208.0</ele>
    </trkpt>
    <trkpt lat="-29.2030475" lon="134.9564776">
      <ele>208.0</ele>
    </trkpt>
    <trkpt lat="-29.2034945" lon="134.9565763">
      <ele>209.58</ele>
    </trkpt>
    <trkpt lat="-29.2037608" lon="134.9566506">
      <ele>210.0</ele>
    </trkpt>
    <trkpt lat="-29.2040505" lon="134.9566762">
      <ele>210.0</ele>
    </trkpt>
    <trkpt lat="-29.2043964" lon="134.956732">
      <ele>210.0</ele>
    </trkpt>
    <trkpt lat="-29.2046721" lon="134.9567997">
      <ele>209.607</ele>
    </trkpt>
    <trkpt lat="-29.2049344" lon="134.9568186">
      <ele>208.689</ele>
    </trkpt>
    <trkpt lat="-29.2052673" lon="134.9568643">
      <ele>208.289</ele>
    </trkpt>
    <trkpt lat="-29.2057042" lon="134.9569109">
      <ele>208.465</ele>
    </trkpt>
    <trkpt lat="-29.2058175" lon="134.9569222">
      <ele>208.057</ele>
    </trkpt>
    <trkpt lat="-29.205945" lon="134.9569354">
      <ele>208.0</ele>
    </trkpt>
    <trkpt lat="-29.2059768" lon="134.9569382">
      <ele>208.0</ele>
    </trkpt>
    <trkpt lat="-29.2059962" lon="134.95694">
      <ele>208.0</ele>
    </trkpt>
    <trkpt lat="-29.2062889" lon="134.9569663">
      <ele>207.332</ele>
    </trkpt>
    <trkpt lat="-29.206716" lon="134.9569943">
      <ele>207.082</ele>
    </trkpt>
    <trkpt lat="-29.2071674" lon="134.9570206">
      <ele>207.618</ele>
    </trkpt>
    <trkpt lat="-29.2076163" lon="134.95704">
      <ele>208.619</ele>
    </trkpt>
    <trkpt lat="-29.2080526" lon="134.9570627">
      <ele>209.568</ele>
    </trkpt>
    <trkpt lat="-29.2083943" lon="134.9570818">
      <ele>208.175</ele>
    </trkpt>
    <trkpt lat="-29.2088272" lon="134.9570991">
      <ele>206.655</ele>
    </trkpt>
    <trkpt lat="-29.2091634" lon="134.9571173">
      <ele>205.634</ele>
    </trkpt>
    <trkpt lat="-29.209612" lon="134.9571407">
      <ele>204.293</ele>
    </trkpt>
    <trkpt lat="-29.2100564" lon="134.9571604">
      <ele>204.223</ele>
    </trkpt>
    <trkpt lat="-29.2104987" lon="134.9571867">
      <ele>204.72</ele>
    </trkpt>
    <trkpt lat="-29.2109387" lon="134.9572041">
      <ele>205.935</ele>
    </trkpt>
    <trkpt lat="-29.211384" lon="134.9572241">
      <ele>204.035</ele>
    </trkpt>
    <trkpt lat="-29.2117801" lon="134.957262">
      <ele>203.408</ele>
    </trkpt>
    <trkpt lat="-29.2122753" lon="134.9572669">
      <ele>203.0</ele>
    </trkpt>
    <trkpt lat="-29.2124652" lon="134.9572715">
      <ele>203.0</ele>
    </trkpt>
    <trkpt lat="-29.2127237" lon="134.9572893">
      <ele>203.805</ele>
    </trkpt>
    <trkpt lat="-29.2129792" lon="134.957314">
      <ele>204.725</ele>
    </trkpt>
    <trkpt lat="-29.2132" lon="134.9573139">
      <ele>205.172</ele>
    </trkpt>
    <trkpt lat="-29.2133491" lon="134.9573207">
      <ele>205.355</ele>
    </trkpt>
    <trkpt lat="-29.2135633" lon="134.9573253">
      <ele>205.371</ele>
    </trkpt>
    <trkpt lat="-29.2141947" lon="134.9573517">
      <ele>203.318</ele>
    </trkpt>
    <trkpt lat="-29.2143005" lon="134.9573568">
      <ele>202.769</ele>
    </trkpt>
    <trkpt lat="-29.215052" lon="134.9573786">
      <ele>203.105</ele>
    </trkpt>
    <trkpt lat="-29.215784" lon="134.9574004">
      <ele>204.114</ele>
    </trkpt>
    <trkpt lat="-29.2168488" lon="134.9574767">
      <ele>203.916</ele>
    </trkpt>
    <trkpt lat="-29.2177994" lon="134.957542">
      <ele>202.934</ele>
    </trkpt>
    <trkpt lat="-29.2178051" lon="134.957542">
      <ele>202.917</ele>
    </trkpt>
    <trkpt lat="-29.2181717" lon="134.957543">
      <ele>201.737</ele>
    </trkpt>
    <trkpt lat="-29.2195821" lon="134.9576113">
      <ele>204.991</ele>
    </trkpt>
    <trkpt lat="-29.2206806" lon="134.9576648">
      <ele>206.919</ele>
    </trkpt>
    <trkpt lat="-29.2208603" lon="134.9576735">
      <ele>206.685</ele>
    </trkpt>
    <trkpt lat="-29.22104" lon="134.9576822">
      <ele>207.144</ele>
    </trkpt>
    <trkpt lat="-29.2230665" lon="134.957781">
      <ele>206.0</ele>
    </trkpt>
    <trkpt lat="-29.2238939" lon="134.957821">
      <ele>205.847</ele>
    </trkpt>
    <trkpt lat="-29.2239211" lon="134.9578224">
      <ele>205.858</ele>
    </trkpt>
    <trkpt lat="-29.2254724" lon="134.9578948">
      <ele>208.701</ele>
    </trkpt>
    <trkpt lat="-29.2278761" lon="134.9580119">
      <ele>210.511</ele>
    </trkpt>
    <trkpt lat="-29.2298849" lon="134.9581088">
      <ele>213.355</ele>
    </trkpt>
    <trkpt lat="-29.2314671" lon="134.9581911">
      <ele>213.0</ele>
    </trkpt>
    <trkpt lat="-29.2314871" lon="134.9581922">
      <ele>213.0</ele>
    </trkpt>
    <trkpt lat="-29.2322233" lon="134.9582496">
      <ele>214.0</ele>
    </trkpt>
    <trkpt lat="-29.2330575" lon="134.9583108">
      <ele>215.0</ele>
    </trkpt>
    <trkpt lat="-29.2340616" lon="134.9584074">
      <ele>217.166</ele>
    </trkpt>
    <trkpt lat="-29.2351711" lon="134.9585291">
      <ele>217.139</ele>
    </trkpt>
    <trkpt lat="-29.2360119" lon="134.9586287">
      <ele>219.665</ele>
    </trkpt>
    <trkpt lat="-29.2365339" lon="134.9586961">
      <ele>219.0</ele>
    </trkpt>
    <trkpt lat="-29.2370584" lon="134.9587638">
      <ele>220.145</ele>
    </trkpt>
    <trkpt lat="-29.238067" lon="134.9589132">
      <ele>223.909</ele>
    </trkpt>
    <trkpt lat="-29.238086" lon="134.9589162">
      <ele>223.891</ele>
    </trkpt>
    <trkpt lat="-29.2384424" lon="134.9589722">
      <ele>223.125</ele>
    </trkpt>
    <trkpt lat="-29.2386205" lon="134.9590002">
      <ele>222.613</ele>
    </trkpt>
    <trkpt lat="-29.2388015" lon="134.9590287">
      <ele>222.842</ele>
    </trkpt>
    <trkpt lat="-29.2388389" lon="134.9590345">
      <ele>222.906</ele>
    </trkpt>
    <trkpt lat="-29.2401625" lon="134.9592601">
      <ele>222.673</ele>
    </trkpt>
    <trkpt lat="-29.2407566" lon="134.9593729">
      <ele>224.28</ele>
    </trkpt>
    <trkpt lat="-29.2411092" lon="134.9594397">
      <ele>222.997</ele>
    </trkpt>
    <trkpt lat="-29.2412866" lon="134.9594734">
      <ele>221.275</ele>
    </trkpt>
    <trkpt lat="-29.2412978" lon="134.9594755">
      <ele>221.171</ele>
    </trkpt>
    <trkpt lat="-29.2418185" lon="134.9595775">
      <ele>219.547</ele>
    </trkpt>
    <trkpt lat="-29.2418425" lon="134.9595822">
      <ele>219.633</ele>
    </trkpt>
    <trkpt lat="-29.2419956" lon="134.9596134">
      <ele>220.072</ele>
    </trkpt>
    <trkpt lat="-29.2427049" lon="134.9597579">
      <ele>216.525</ele>
    </trkpt>
    <trkpt lat="-29.2427058" lon="134.9597581">
      <ele>216.518</ele>
    </trkpt>
    <trkpt lat="-29.2443508" lon="134.9601252">
      <ele>218.886</ele>
    </trkpt>
    <trkpt lat="-29.2461617" lon="134.9605155">
      <ele>219.674</ele>
    </trkpt>
    <trkpt lat="-29.2465906" lon="134.9606092">
      <ele>218.274</ele>
    </trkpt>
    <trkpt lat="-29.2469439" lon="134.9606864">
      <ele>217.53</ele>
    </trkpt>
    <trkpt lat="-29.2471206" lon="134.960725">
      <ele>216.756</ele>
    </trkpt>
    <trkpt lat="-29.2472973" lon="134.9607637">
      <ele>215.98</ele>
    </trkpt>
    <trkpt lat="-29.2476506" lon="134.9608409">
      <ele>214.473</ele>
    </trkpt>
    <trkpt lat="-29.2480047" lon="134.9609182">
      <ele>215.122</ele>
    </trkpt>
    <trkpt lat="-29.2485346" lon="134.9610341">
      <ele>215.075</ele>
    </trkpt>
    <trkpt lat="-29.2513614" lon="134.9616485">
      <ele>213.836</ele>
    </trkpt>
    <trkpt lat="-29.2514573" lon="134.9616686">
      <ele>214.253</ele>
    </trkpt>
    <trkpt lat="-29.2515375" lon="134.9616906">
      <ele>214.621</ele>
    </trkpt>
    <trkpt lat="-29.2516946" lon="134.9617206">
      <ele>215.214</ele>
    </trkpt>
    <trkpt lat="-29.2518735" lon="134.9617597">
      <ele>215.584</ele>
    </trkpt>
    <trkpt lat="-29.2520507" lon="134.9617988">
      <ele>215.951</ele>
    </trkpt>
    <trkpt lat="-29.2523547" lon="134.9618659">
      <ele>216.092</ele>
    </trkpt>
    <trkpt lat="-29.2525026" lon="134.9619032">
      <ele>215.844</ele>
    </trkpt>
    <trkpt lat="-29.257658" lon="134.9630371">
      <ele>213.767</ele>
    </trkpt>
    <trkpt lat="-29.2587843" lon="134.9632835">
      <ele>212.377</ele>
    </trkpt>
    <trkpt lat="-29.2589099" lon="134.9633146">
      <ele>212.005</ele>
    </trkpt>
    <trkpt lat="-29.2626127" lon="134.9641005">
      <ele>215.0</ele>
    </trkpt>
    <trkpt lat="-29.2647407" lon="134.9645827">
      <ele>214.469</ele>
    </trkpt>
    <trkpt lat="-29.2651907" lon="134.9646829">
      <ele>214.0</ele>
    </trkpt>
    <trkpt lat="-29.2679459" lon="134.9652926">
      <ele>213.48</ele>
    </trkpt>
    <trkpt lat="-29.2694644" lon="134.9656124">
      <ele>216.133</ele>
    </trkpt>
    <trkpt lat="-29.2752776" lon="134.9668988">
      <ele>215.0</ele>
    </trkpt>
    <trkpt lat="-29.2757681" lon="134.9670036">
      <ele>213.398</ele>
    </trkpt>
    <trkpt lat="-29.2771337" lon="134.967305">
      <ele>215.0</ele>
    </trkpt>
    <trkpt lat="-29.2793575" lon="134.9677938">
      <ele>215.745</ele>
    </trkpt>
    <trkpt lat="-29.2794881" lon="134.9678189">
      <ele>216.305</ele>
    </trkpt>
    <trkpt lat="-29.2798803" lon="134.9678957">
      <ele>217.994</ele>
    </trkpt>
    <trkpt lat="-29.2804883" lon="134.9680297">
      <ele>217.101</ele>
    </trkpt>
    <trkpt lat="-29.2806858" lon="134.9680699">
      <ele>215.593</ele>
    </trkpt>
    <trkpt lat="-29.281039" lon="134.9681517">
      <ele>212.519</ele>
    </trkpt>
    <trkpt lat="-29.2815175" lon="134.9682541">
      <ele>212.847</ele>
    </trkpt>
    <trkpt lat="-29.2817246" lon="134.9683001">
      <ele>213.184</ele>
    </trkpt>
    <trkpt lat="-29.2818978" lon="134.9683378">
      <ele>213.848</ele>
    </trkpt>
    <trkpt lat="-29.2821692" lon="134.9683969">
      <ele>215.038</ele>
    </trkpt>
    <trkpt lat="-29.2831382" lon="134.9686062">
      <ele>214.685</ele>
    </trkpt>
    <trkpt lat="-29.2836712" lon="134.9687215">
      <ele>213.181</ele>
    </trkpt>
    <trkpt lat="-29.2847641" lon="134.9689659">
      <ele>211.698</ele>
    </trkpt>
    <trkpt lat="-29.2858598" lon="134.969206">
      <ele>208.918</ele>
    </trkpt>
    <trkpt lat="-29.2864222" lon="134.9693267">
      <ele>206.931</ele>
    </trkpt>
    <trkpt lat="-29.2871892" lon="134.9694956">
      <ele>205.816</ele>
    </trkpt>
    <trkpt lat="-29.2873767" lon="134.9695369">
      <ele>206.594</ele>
    </trkpt>
    <trkpt lat="-29.2875425" lon="134.9695735">
      <ele>207.153</ele>
    </trkpt>
    <trkpt lat="-29.2877191" lon="134.9696125">
      <ele>207.102</ele>
    </trkpt>
    <trkpt lat="-29.2877299" lon="134.9696149">
      <ele>207.092</ele>
    </trkpt>
    <trkpt lat="-29.2878957" lon="134.9696514">
      <ele>206.657</ele>
    </trkpt>
    <trkpt lat="-29.2880544" lon="134.9696864">
      <ele>206.258</ele>
    </trkpt>
    <trkpt lat="-29.2882597" lon="134.9697311">
      <ele>205.945</ele>
    </trkpt>
    <trkpt lat="-29.2886129" lon="134.9698082">
      <ele>206.379</ele>
    </trkpt>
    <trkpt lat="-29.2898107" lon="134.9700699">
      <ele>205.829</ele>
    </trkpt>
    <trkpt lat="-29.2910262" lon="134.9703361">
      <ele>205.84</ele>
    </trkpt>
    <trkpt lat="-29.2914673" lon="134.9704336">
      <ele>206.312</ele>
    </trkpt>
    <trkpt lat="-29.2917922" lon="134.9705031">
      <ele>204.359</ele>
    </trkpt>
    <trkpt lat="-29.2918978" lon="134.9705256">
      <ele>204.06</ele>
    </trkpt>
    <trkpt lat="-29.291969" lon="134.9705413">
      <ele>204.042</ele>
    </trkpt>
    <trkpt lat="-29.2921231" lon="134.9705751">
      <ele>204.739</ele>
    </trkpt>
    <trkpt lat="-29.2926734" lon="134.9706951">
      <ele>205.376</ele>
    </trkpt>
    <trkpt lat="-29.2929083" lon="134.9707348">
      <ele>204.697</ele>
    </trkpt>
    <trkpt lat="-29.2931094" lon="134.9707908">
      <ele>204.123</ele>
    </trkpt>
    <trkpt lat="-29.2935396" lon="134.9709066">
      <ele>204.479</ele>
    </trkpt>
    <trkpt lat="-29.2936508" lon="134.9709108">
      <ele>204.681</ele>
    </trkpt>
    <trkpt lat="-29.2939802" lon="134.9709826">
      <ele>203.597</ele>
    </trkpt>
    <trkpt lat="-29.2943122" lon="134.9710558">
      <ele>202.294</ele>
    </trkpt>
    <trkpt lat="-29.294651" lon="134.971128">
      <ele>201.211</ele>
    </trkpt>
    <trkpt lat="-29.2952985" lon="134.9712736">
      <ele>201.149</ele>
    </trkpt>
    <trkpt lat="-29.295501" lon="134.9713174">
      <ele>202.607</ele>
    </trkpt>
    <trkpt lat="-29.2958507" lon="134.9713924">
      <ele>201.925</ele>
    </trkpt>
    <trkpt lat="-29.297062" lon="134.9716566">
      <ele>199.444</ele>
    </trkpt>
    <trkpt lat="-29.2983707" lon="134.971945">
      <ele>199.998</ele>
    </trkpt>
    <trkpt lat="-29.2990277" lon="134.9720897">
      <ele>199.215</ele>
    </trkpt>
    <trkpt lat="-29.2995783" lon="134.972206">
      <ele>199.064</ele>
    </trkpt>
    <trkpt lat="-29.3005706" lon="134.9724206">
      <ele>198.714</ele>
    </trkpt>
    <trkpt lat="-29.3015582" lon="134.972641">
      <ele>198.283</ele>
    </trkpt>
    <trkpt lat="-29.3022516" lon="134.9728033">
      <ele>196.096</ele>
    </trkpt>
    <trkpt lat="-29.3031653" lon="134.973009">
      <ele>196.832</ele>
    </trkpt>
    <trkpt lat="-29.303574" lon="134.9731075">
      <ele>196.321</ele>
    </trkpt>
    <trkpt lat="-29.3038974" lon="134.9731937">
      <ele>194.482</ele>
    </trkpt>
    <trkpt lat="-29.304299" lon="134.9732452">
      <ele>194.0</ele>
    </trkpt>
    <trkpt lat="-29.3047373" lon="134.9733367">
      <ele>195.987</ele>
    </trkpt>
    <trkpt lat="-29.3055092" lon="134.9735038">
      <ele>194.795</ele>
    </trkpt>
    <trkpt lat="-29.3061586" lon="134.9736443">
      <ele>194.98</ele>
    </trkpt>
    <trkpt lat="-29.3072641" lon="134.9738894">
      <ele>192.153</ele>
    </trkpt>
    <trkpt lat="-29.3080345" lon="134.974057">
      <ele>195.165</ele>
    </trkpt>
    <trkpt lat="-29.3091187" lon="134.9742963">
      <ele>192.919</ele>
    </trkpt>
    <trkpt lat="-29.3092775" lon="134.9743308">
      <ele>192.365</ele>
    </trkpt>
    <trkpt lat="-29.3099844" lon="134.9744845">
      <ele>190.992</ele>
    </trkpt>
    <trkpt lat="-29.3103402" lon="134.974562">
      <ele>192.201</ele>
    </trkpt>
    <trkpt lat="-29.3105066" lon="134.9745985">
      <ele>193.3</ele>
    </trkpt>
    <trkpt lat="-29.3106907" lon="134.9746389">
      <ele>193.554</ele>
    </trkpt>
    <trkpt lat="-29.3108599" lon="134.9746761">
      <ele>193.493</ele>
    </trkpt>
    <trkpt lat="-29.3109967" lon="134.9747061">
      <ele>192.742</ele>
    </trkpt>
    <trkpt lat="-29.3110366" lon="134.9747146">
      <ele>192.502</ele>
    </trkpt>
    <trkpt lat="-29.3112208" lon="134.9747539">
      <ele>191.536</ele>
    </trkpt>
    <trkpt lat="-29.3113902" lon="134.9747903">
      <ele>191.001</ele>
    </trkpt>
    <trkpt lat="-29.311441" lon="134.9748012">
      <ele>191.053</ele>
    </trkpt>
    <trkpt lat="-29.3115669" lon="134.9748292">
      <ele>191.247</ele>
    </trkpt>
    <trkpt lat="-29.3120911" lon="134.974946">
      <ele>192.676</ele>
    </trkpt>
    <trkpt lat="-29.3131954" lon="134.9751875">
      <ele>191.503</ele>
    </trkpt>
    <trkpt lat="-29.3136931" lon="134.9752971">
      <ele>193.725</ele>
    </trkpt>
    <trkpt lat="-29.3138697" lon="134.975336">
      <ele>193.264</ele>
    </trkpt>
    <trkpt lat="-29.3140398" lon="134.9753737">
      <ele>192.802</ele>
    </trkpt>
    <trkpt lat="-29.3140676" lon="134.9753799">
      <ele>192.724</ele>
    </trkpt>
    <trkpt lat="-29.3143932" lon="134.9754505">
      <ele>190.991</ele>
    </trkpt>
    <trkpt lat="-29.3150611" lon="134.9755952">
      <ele>192.0</ele>
    </trkpt>
    <trkpt lat="-29.3156297" lon="134.9757226">
      <ele>191.161</ele>
    </trkpt>
    <trkpt lat="-29.3158062" lon="134.9757622">
      <ele>191.671</ele>
    </trkpt>
    <trkpt lat="-29.3159356" lon="134.9757912">
      <ele>191.536</ele>
    </trkpt>
    <trkpt lat="-29.3159828" lon="134.9758011">
      <ele>191.408</ele>
    </trkpt>
    <trkpt lat="-29.3163425" lon="134.9758764">
      <ele>191.155</ele>
    </trkpt>
    <trkpt lat="-29.3165195" lon="134.9759133">
      <ele>191.758</ele>
    </trkpt>
    <trkpt lat="-29.3165932" lon="134.9759287">
      <ele>192.079</ele>
    </trkpt>
    <trkpt lat="-29.3168728" lon="134.9759909">
      <ele>192.988</ele>
    </trkpt>
    <trkpt lat="-29.3170436" lon="134.9760285">
      <ele>193.511</ele>
    </trkpt>
    <trkpt lat="-29.3170494" lon="134.9760298">
      <ele>193.525</ele>
    </trkpt>
    <trkpt lat="-29.3172202" lon="134.9760678">
      <ele>193.843</ele>
    </trkpt>
    <trkpt lat="-29.3179005" lon="134.9762194">
      <ele>193.832</ele>
    </trkpt>
    <trkpt lat="-29.3186659" lon="134.9763925">
      <ele>195.016</ele>
    </trkpt>
    <trkpt lat="-29.3192282" lon="134.9765265">
      <ele>196.386</ele>
    </trkpt>
    <trkpt lat="-29.3199968" lon="134.9767168">
      <ele>194.82</ele>
    </trkpt>
    <trkpt lat="-29.3203911" lon="134.9768163">
      <ele>195.968</ele>
    </trkpt>
    <trkpt lat="-29.3204236" lon="134.9768245">
      <ele>195.928</ele>
    </trkpt>
    <trkpt lat="-29.3207429" lon="134.9769089">
      <ele>195.083</ele>
    </trkpt>
    <trkpt lat="-29.3214048" lon="134.9770841">
      <ele>195.531</ele>
    </trkpt>
    <trkpt lat="-29.3220567" lon="134.9772664">
      <ele>196.223</ele>
    </trkpt>
    <trkpt lat="-29.3225981" lon="134.977416">
      <ele>197.698</ele>
    </trkpt>
    <trkpt lat="-29.3230452" lon="134.9775491">
      <ele>198.969</ele>
    </trkpt>
    <trkpt lat="-29.3236822" lon="134.9777372">
      <ele>198.0</ele>
    </trkpt>
    <trkpt lat="-29.3240577" lon="134.9778552">
      <ele>198.438</ele>
    </trkpt>
    <trkpt lat="-29.3246529" lon="134.9780422">
      <ele>198.75</ele>
    </trkpt>
    <trkpt lat="-29.3253086" lon="134.97825">
      <ele>200.922</ele>
    </trkpt>
    <trkpt lat="-29.3262842" lon="134.978576">
      <ele>202.414</ele>
    </trkpt>
    <trkpt lat="-29.3269993" lon="134.9788225">
      <ele>203.564</ele>
    </trkpt>
    <trkpt lat="-29.3270244" lon="134.9788311">
      <ele>203.504</ele>
    </trkpt>
    <trkpt lat="-29.3273355" lon="134.9789399">
      <ele>203.15</ele>
    </trkpt>
    <trkpt lat="-29.327341" lon="134.9789419">
      <ele>203.163</ele>
    </trkpt>
    <trkpt lat="-29.3273433" lon="134.9789427">
      <ele>203.169</ele>
    </trkpt>
    <trkpt lat="-29.3275149" lon="134.9790052">
      <ele>203.891</ele>
    </trkpt>
    <trkpt lat="-29.3277593" lon="134.9790937">
      <ele>205.408</ele>
    </trkpt>
    <trkpt lat="-29.3278553" lon="134.9791291">
      <ele>205.247</ele>
    </trkpt>
    <trkpt lat="-29.3278574" lon="134.9791298">
      <ele>205.237</ele>
    </trkpt>
    <trkpt lat="-29.3280266" lon="134.9791919">
      <ele>204.208</ele>
    </trkpt>
    <trkpt lat="-29.3280288" lon="134.9791927">
      <ele>204.193</ele>
    </trkpt>
    <trkpt lat="-29.3281979" lon="134.9792549">
      <ele>203.488</ele>
    </trkpt>
    <trkpt lat="-29.3283692" lon="134.9793179">
      <ele>203.129</ele>
    </trkpt>
    <trkpt lat="-29.3287226" lon="134.979448">
      <ele>204.401</ele>
    </trkpt>
    <trkpt lat="-29.3288827" lon="134.979508">
      <ele>204.978</ele>
    </trkpt>
    <trkpt lat="-29.3291542" lon="134.9796099">
      <ele>205.955</ele>
    </trkpt>
    <trkpt lat="-29.329582" lon="134.9797741">
      <ele>203.102</ele>
    </trkpt>
    <trkpt lat="-29.3304405" lon="134.9801144">
      <ele>203.067</ele>
    </trkpt>
    <trkpt lat="-29.3311884" lon="134.9804166">
      <ele>201.36</ele>
    </trkpt>
    <trkpt lat="-29.3320574" lon="134.9807856">
      <ele>202.93</ele>
    </trkpt>
    <trkpt lat="-29.3327093" lon="134.9810679">
      <ele>202.337</ele>
    </trkpt>
    <trkpt lat="-29.3333417" lon="134.9813337">
      <ele>200.771</ele>
    </trkpt>
    <trkpt lat="-29.3337725" lon="134.9815115">
      <ele>201.022</ele>
    </trkpt>
    <trkpt lat="-29.3345242" lon="134.9818145">
      <ele>202.621</ele>
    </trkpt>
    <trkpt lat="-29.3351517" lon="134.9820683">
      <ele>204.446</ele>
    </trkpt>
    <trkpt lat="-29.3351725" lon="134.9820738">
      <ele>204.466</ele>
    </trkpt>
    <trkpt lat="-29.3357224" lon="134.9822918">
      <ele>204.45</ele>
    </trkpt>
    <trkpt lat="-29.3363747" lon="134.9825411">
      <ele>204.0</ele>
    </trkpt>
    <trkpt lat="-29.3367311" lon="134.9826676">
      <ele>202.768</ele>
    </trkpt>
    <trkpt lat="-29.3370282" lon="134.9827701">
      <ele>202.302</ele>
    </trkpt>
    <trkpt lat="-29.3372335" lon="134.982854">
      <ele>202.737</ele>
    </trkpt>
    <trkpt lat="-29.3378975" lon="134.9830852">
      <ele>202.0</ele>
    </trkpt>
    <trkpt lat="-29.3383305" lon="134.9832421">
      <ele>202.0</ele>
    </trkpt>
    <trkpt lat="-29.3385692" lon="134.9833199">
      <ele>201.192</ele>
    </trkpt>
    <trkpt lat="-29.3391025" lon="134.983501">
      <ele>200.769</ele>
    </trkpt>
    <trkpt lat="-29.3398688" lon="134.9837452">
      <ele>202.0</ele>
    </trkpt>
    <trkpt lat="-29.3400355" lon="134.9837917">
      <ele>201.917</ele>
    </trkpt>
    <trkpt lat="-29.3402459" lon="134.9838618">
      <ele>201.201</ele>
    </trkpt>
    <trkpt lat="-29.3404259" lon="134.9839212">
      <ele>202.237</ele>
    </trkpt>
    <trkpt lat="-29.3405873" lon="134.983967">
      <ele>203.445</ele>
    </trkpt>
    <trkpt lat="-29.3407584" lon="134.9840244">
      <ele>204.236</ele>
    </trkpt>
    <trkpt lat="-29.3409427" lon="134.9840749">
      <ele>204.594</ele>
    </trkpt>
    <trkpt lat="-29.3410831" lon="134.9841181">
      <ele>204.917</ele>
    </trkpt>
    <trkpt lat="-29.3414218" lon="134.9842219">
      <ele>204.882</ele>
    </trkpt>
    <trkpt lat="-29.3418478" lon="134.9843474">
      <ele>204.0</ele>
    </trkpt>
    <trkpt lat="-29.3419728" lon="134.9843814">
      <ele>204.0</ele>
    </trkpt>
    <trkpt lat="-29.3425293" lon="134.9845417">
      <ele>204.687</ele>
    </trkpt>
    <trkpt lat="-29.343084" lon="134.9846928">
      <ele>205.092</ele>
    </trkpt>
    <trkpt lat="-29.3435358" lon="134.9848151">
      <ele>206.244</ele>
    </trkpt>
    <trkpt lat="-29.3440918" lon="134.9849618">
      <ele>207.1</ele>
    </trkpt>
    <trkpt lat="-29.3446546" lon="134.9851007">
      <ele>206.726</ele>
    </trkpt>
    <trkpt lat="-29.3449322" lon="134.9851732">
      <ele>205.807</ele>
    </trkpt>
    <trkpt lat="-29.3452087" lon="134.9852338">
      <ele>206.474</ele>
    </trkpt>
    <trkpt lat="-29.3456528" lon="134.9853505">
      <ele>207.17</ele>
    </trkpt>
    <trkpt lat="-29.3462163" lon="134.9854744">
      <ele>205.732</ele>
    </trkpt>
    <trkpt lat="-29.3467772" lon="134.9856002">
      <ele>204.666</ele>
    </trkpt>
    <trkpt lat="-29.3473407" lon="134.9857219">
      <ele>204.77</ele>
    </trkpt>
    <trkpt lat="-29.3475292" lon="134.9857604">
      <ele>205.105</ele>
    </trkpt>
    <trkpt lat="-29.3480208" lon="134.9858607">
      <ele>205.211</ele>
    </trkpt>
    <trkpt lat="-29.3482377" lon="134.9859039">
      <ele>204.765</ele>
    </trkpt>
    <trkpt lat="-29.3484149" lon="134.9859391">
      <ele>204.762</ele>
    </trkpt>
    <trkpt lat="-29.3485929" lon="134.9859746">
      <ele>205.017</ele>
    </trkpt>
    <trkpt lat="-29.3486042" lon="134.9859764">
      <ele>205.03</ele>
    </trkpt>
    <trkpt lat="-29.3493037" lon="134.9860962">
      <ele>205.466</ele>
    </trkpt>
    <trkpt lat="-29.3493155" lon="134.9860982">
      <ele>205.514</ele>
    </trkpt>
    <trkpt lat="-29.3496644" lon="134.986158">
      <ele>205.342</ele>
    </trkpt>
    <trkpt lat="-29.3499794" lon="134.986212">
      <ele>205.363</ele>
    </trkpt>
    <trkpt lat="-29.3506322" lon="134.9863223">
      <ele>207.275</ele>
    </trkpt>
    <trkpt lat="-29.3509008" lon="134.9863677">
      <ele>206.243</ele>
    </trkpt>
    <trkpt lat="-29.3550139" lon="134.9869191">
      <ele>209.959</ele>
    </trkpt>
    <trkpt lat="-29.3552017" lon="134.9869443">
      <ele>210.726</ele>
    </trkpt>
    <trkpt lat="-29.3553303" lon="134.9869617">
      <ele>211.0</ele>
    </trkpt>
    <trkpt lat="-29.3553714" lon="134.9869639">
      <ele>211.0</ele>
    </trkpt>
    <trkpt lat="-29.3556636" lon="134.9869793">
      <ele>210.611</ele>
    </trkpt>
    <trkpt lat="-29.3565325" lon="134.9870435">
      <ele>209.631</ele>
    </trkpt>
    <trkpt lat="-29.356712" lon="134.9870568">
      <ele>208.931</ele>
    </trkpt>
    <trkpt lat="-29.3568915" lon="134.9870701">
      <ele>207.843</ele>
    </trkpt>
    <trkpt lat="-29.357041" lon="134.9870811">
      <ele>206.984</ele>
    </trkpt>
    <trkpt lat="-29.3584279" lon="134.9871756">
      <ele>207.832</ele>
    </trkpt>
    <trkpt lat="-29.3595611" lon="134.9872377">
      <ele>206.977</ele>
    </trkpt>
    <trkpt lat="-29.3611911" lon="134.9872904">
      <ele>208.004</ele>
    </trkpt>
    <trkpt lat="-29.3629318" lon="134.9873158">
      <ele>205.409</ele>
    </trkpt>
    <trkpt lat="-29.3644494" lon="134.9873574">
      <ele>202.443</ele>
    </trkpt>
    <trkpt lat="-29.366083" lon="134.9874906">
      <ele>203.098</ele>
    </trkpt>
    <trkpt lat="-29.3664131" lon="134.9875296">
      <ele>200.019</ele>
    </trkpt>
    <trkpt lat="-29.3665085" lon="134.9875409">
      <ele>199.717</ele>
    </trkpt>
    <trkpt lat="-29.366592" lon="134.9875508">
      <ele>199.452</ele>
    </trkpt>
    <trkpt lat="-29.366928" lon="134.9875905">
      <ele>199.96</ele>
    </trkpt>
    <trkpt lat="-29.3672229" lon="134.9876374">
      <ele>201.002</ele>
    </trkpt>
    <trkpt lat="-29.3672267" lon="134.987638">
      <ele>201.016</ele>
    </trkpt>
    <trkpt lat="-29.3674046" lon="134.9876664">
      <ele>201.657</ele>
    </trkpt>
    <trkpt lat="-29.3684882" lon="134.9878391">
      <ele>201.884</ele>
    </trkpt>
    <trkpt lat="-29.3692742" lon="134.9879987">
      <ele>202.161</ele>
    </trkpt>
    <trkpt lat="-29.3693553" lon="134.9880171">
      <ele>203.037</ele>
    </trkpt>
    <trkpt lat="-29.3700974" lon="134.9881852">
      <ele>206.765</ele>
    </trkpt>
    <trkpt lat="-29.3708702" lon="134.9883876">
      <ele>204.937</ele>
    </trkpt>
    <trkpt lat="-29.3717423" lon="134.9886191">
      <ele>207.251</ele>
    </trkpt>
    <trkpt lat="-29.3726366" lon="134.9889163">
      <ele>205.492</ele>
    </trkpt>
    <trkpt lat="-29.373248" lon="134.9891118">
      <ele>206.666</ele>
    </trkpt>
    <trkpt lat="-29.3740484" lon="134.9894036">
      <ele>207.659</ele>
    </trkpt>
    <trkpt lat="-29.3748468" lon="134.9897193">
      <ele>207.995</ele>
    </trkpt>
    <trkpt lat="-29.3761501" lon="134.9902839">
      <ele>211.025</ele>
    </trkpt>
    <trkpt lat="-29.3767455" lon="134.9905742">
      <ele>212.355</ele>
    </trkpt>
    <trkpt lat="-29.376911" lon="134.9906549">
      <ele>211.469</ele>
    </trkpt>
    <trkpt lat="-29.3769883" lon="134.9906926">
      <ele>211.569</ele>
    </trkpt>
    <trkpt lat="-29.3770756" lon="134.9907351">
      <ele>212.09</ele>
    </trkpt>
    <trkpt lat="-29.3778279" lon="134.9911017">
      <ele>212.605</ele>
    </trkpt>
    <trkpt lat="-29.3794693" lon="134.9920295">
      <ele>207.341</ele>
    </trkpt>
    <trkpt lat="-29.3816281" lon="134.9934126">
      <ele>207.675</ele>
    </trkpt>
    <trkpt lat="-29.3838828" lon="134.9948998">
      <ele>208.0</ele>
    </trkpt>
    <trkpt lat="-29.3845244" lon="134.9952988">
      <ele>205.712</ele>
    </trkpt>
    <trkpt lat="-29.3846826" lon="134.9953971">
      <ele>205.143</ele>
    </trkpt>
    <trkpt lat="-29.3849644" lon="134.9955723">
      <ele>205.06</ele>
    </trkpt>
    <trkpt lat="-29.3874679" lon="134.9970816">
      <ele>205.321</ele>
    </trkpt>
    <trkpt lat="-29.390253" lon="134.9986221">
      <ele>208.911</ele>
    </trkpt>
    <trkpt lat="-29.3912733" lon="134.9991816">
      <ele>207.0</ele>
    </trkpt>
    <trkpt lat="-29.3924349" lon="134.9998188">
      <ele>205.919</ele>
    </trkpt>
    <trkpt lat="-29.3933372" lon="135.0003137">
      <ele>205.026</ele>
    </trkpt>
    <trkpt lat="-29.3942416" lon="135.0007535">
      <ele>203.73</ele>
    </trkpt>
    <trkpt lat="-29.3948975" lon="135.0010725">
      <ele>203.0</ele>
    </trkpt>
    <trkpt lat="-29.3954882" lon="135.0013624">
      <ele>202.242</ele>
    </trkpt>
    <trkpt lat="-29.3958448" lon="135.0015248">
      <ele>201.511</ele>
    </trkpt>
    <trkpt lat="-29.396202" lon="135.0016908">
      <ele>200.113</ele>
    </trkpt>
    <trkpt lat="-29.3967054" lon="135.0019239">
      <ele>197.138</ele>
    </trkpt>
    <trkpt lat="-29.397233" lon="135.0021641">
      <ele>196.791</ele>
    </trkpt>
    <trkpt lat="-29.3975807" lon="135.0023231">
      <ele>197.178</ele>
    </trkpt>
    <trkpt lat="-29.3978283" lon="135.0024313">
      <ele>197.55</ele>
    </trkpt>
    <trkpt lat="-29.398512" lon="135.0027087">
      <ele>197.892</ele>
    </trkpt>
    <trkpt lat="-29.3996606" lon="135.0031086">
      <ele>196.137</ele>
    </trkpt>
    <trkpt lat="-29.4000692" lon="135.0032686">
      <ele>196.343</ele>
    </trkpt>
    <trkpt lat="-29.4028461" lon="135.0043558">
      <ele>195.0</ele>
    </trkpt>
    <trkpt lat="-29.4030599" lon="135.0044395">
      <ele>195.0</ele>
    </trkpt>
    <trkpt lat="-29.4031875" lon="135.0044859">
      <ele>194.851</ele>
    </trkpt>
    <trkpt lat="-29.4033589" lon="135.0045483">
      <ele>194.534</ele>
    </trkpt>
    <trkpt lat="-29.4035304" lon="135.0046107">
      <ele>193.692</ele>
    </trkpt>
    <trkpt lat="-29.4047305" lon="135.0050475">
      <ele>195.171</ele>
    </trkpt>
    <trkpt lat="-29.4049019" lon="135.0051099">
      <ele>195.396</ele>
    </trkpt>
    <trkpt lat="-29.4055878" lon="135.0053596">
      <ele>197.082</ele>
    </trkpt>
    <trkpt lat="-29.4061246" lon="135.005555">
      <ele>198.048</ele>
    </trkpt>
    <trkpt lat="-29.4069597" lon="135.0058578">
      <ele>196.138</ele>
    </trkpt>
    <trkpt lat="-29.4090178" lon="135.0066042">
      <ele>195.536</ele>
    </trkpt>
    <trkpt lat="-29.4098753" lon="135.0069152">
      <ele>195.847</ele>
    </trkpt>
    <trkpt lat="-29.4100468" lon="135.0069774">
      <ele>195.98</ele>
    </trkpt>
    <trkpt lat="-29.4147275" lon="135.0086749">
      <ele>198.019</ele>
    </trkpt>
    <trkpt lat="-29.4148491" lon="135.008719">
      <ele>198.457</ele>
    </trkpt>
    <trkpt lat="-29.4227384" lon="135.0115805">
      <ele>207.408</ele>
    </trkpt>
    <trkpt lat="-29.42291" lon="135.0116427">
      <ele>207.521</ele>
    </trkpt>
    <trkpt lat="-29.423253" lon="135.0117671">
      <ele>207.895</ele>
    </trkpt>
    <trkpt lat="-29.4233062" lon="135.0117864">
      <ele>207.958</ele>
    </trkpt>
    <trkpt lat="-29.4234245" lon="135.0118293">
      <ele>207.808</ele>
    </trkpt>
    <trkpt lat="-29.423596" lon="135.0118915">
      <ele>207.235</ele>
    </trkpt>
    <trkpt lat="-29.4261724" lon="135.0128261">
      <ele>206.953</ele>
    </trkpt>
    <trkpt lat="-29.4270631" lon="135.0131595">
      <ele>205.16</ele>
    </trkpt>
    <trkpt lat="-29.4287041" lon="135.0137194">
      <ele>205.445</ele>
    </trkpt>
    <trkpt lat="-29.4295519" lon="135.0139962">
      <ele>204.999</ele>
    </trkpt>
    <trkpt lat="-29.4313546" lon="135.0145303">
      <ele>205.877</ele>
    </trkpt>
    <trkpt lat="-29.4324769" lon="135.0148318">
      <ele>206.472</ele>
    </trkpt>
    <trkpt lat="-29.4336588" lon="135.0151343">
      <ele>203.172</ele>
    </trkpt>
    <trkpt lat="-29.4347975" lon="135.0154077">
      <ele>203.99</ele>
    </trkpt>
    <trkpt lat="-29.4367745" lon="135.0158211">
      <ele>203.344</ele>
    </trkpt>
    <trkpt lat="-29.4380685" lon="135.0160451">
      <ele>203.773</ele>
    </trkpt>
    <trkpt lat="-29.4394271" lon="135.0162637">
      <ele>204.453</ele>
    </trkpt>
    <trkpt lat="-29.4395607" lon="135.0162823">
      <ele>205.453</ele>
    </trkpt>
    <trkpt lat="-29.4397393" lon="135.0163072">
      <ele>206.626</ele>
    </trkpt>
    <trkpt lat="-29.4406519" lon="135.0164344">
      <ele>201.71</ele>
    </trkpt>
    <trkpt lat="-29.4408048" lon="135.0164521">
      <ele>201.307</ele>
    </trkpt>
    <trkpt lat="-29.4418868" lon="135.0165782">
      <ele>198.0</ele>
    </trkpt>
    <trkpt lat="-29.4429463" lon="135.016681">
      <ele>200.02</ele>
    </trkpt>
    <trkpt lat="-29.444709" lon="135.0168219">
      <ele>195.462</ele>
    </trkpt>
    <trkpt lat="-29.4466433" lon="135.0169123">
      <ele>194.147</ele>
    </trkpt>
    <trkpt lat="-29.4470909" lon="135.0169223">
      <ele>193.59</ele>
    </trkpt>
    <trkpt lat="-29.4474506" lon="135.0169304">
      <ele>193.051</ele>
    </trkpt>
    <trkpt lat="-29.4476304" lon="135.0169345">
      <ele>193.958</ele>
    </trkpt>
    <trkpt lat="-29.4476459" lon="135.0169348">
      <ele>194.067</ele>
    </trkpt>
    <trkpt lat="-29.4479902" lon="135.0169357">
      <ele>195.741</ele>
    </trkpt>
    <trkpt lat="-29.4492853" lon="135.0169389">
      <ele>193.846</ele>
    </trkpt>
    <trkpt lat="-29.4497902" lon="135.0169277">
      <ele>193.755</ele>
    </trkpt>
    <trkpt lat="-29.451021" lon="135.0169015">
      <ele>193.845</ele>
    </trkpt>
    <trkpt lat="-29.4512867" lon="135.0168884">
      <ele>194.43</ele>
    </trkpt>
    <trkpt lat="-29.4515314" lon="135.0168755">
      <ele>195.778</ele>
    </trkpt>
    <trkpt lat="-29.4517073" lon="135.0168669">
      <ele>196.803</ele>
    </trkpt>
    <trkpt lat="-29.4525541" lon="135.016824">
      <ele>195.11</ele>
    </trkpt>
    <trkpt lat="-29.4537415" lon="135.0167348">
      <ele>198.646</ele>
    </trkpt>
    <trkpt lat="-29.4541004" lon="135.0167078">
      <ele>197.274</ele>
    </trkpt>
    <trkpt lat="-29.4541329" lon="135.0167054">
      <ele>197.139</ele>
    </trkpt>
    <trkpt lat="-29.4542797" lon="135.0166913">
      <ele>196.593</ele>
    </trkpt>
    <trkpt lat="-29.454459" lon="135.0166741">
      <ele>195.999</ele>
    </trkpt>
    <trkpt lat="-29.4546382" lon="135.0166568">
      <ele>196.06</ele>
    </trkpt>
    <trkpt lat="-29.4548174" lon="135.0166396">
      <ele>196.504</ele>
    </trkpt>
    <trkpt lat="-29.4557136" lon="135.0165534">
      <ele>196.906</ele>
    </trkpt>
    <trkpt lat="-29.4557919" lon="135.0165459">
      <ele>197.332</ele>
    </trkpt>
    <trkpt lat="-29.4574981" lon="135.0163302">
      <ele>194.785</ele>
    </trkpt>
    <trkpt lat="-29.4578579" lon="135.0162724">
      <ele>194.161</ele>
    </trkpt>
    <trkpt lat="-29.4586904" lon="135.0161386">
      <ele>194.769</ele>
    </trkpt>
    <trkpt lat="-29.4595634" lon="135.0159986">
      <ele>195.738</ele>
    </trkpt>
    <trkpt lat="-29.4604886" lon="135.01585">
      <ele>197.713</ele>
    </trkpt>
    <trkpt lat="-29.4609248" lon="135.0157817">
      <ele>196.0</ele>
    </trkpt>
    <trkpt lat="-29.4619581" lon="135.0156632">
      <ele>197.27</ele>
    </trkpt>
    <trkpt lat="-29.4621394" lon="135.015648">
      <ele>195.696</ele>
    </trkpt>
    <trkpt lat="-29.4628922" lon="135.0155855">
      <ele>194.569</ele>
    </trkpt>
    <trkpt lat="-29.4638888" lon="135.0155299">
      <ele>195.0</ele>
    </trkpt>
    <trkpt lat="-29.4649734" lon="135.0155022">
      <ele>196.173</ele>
    </trkpt>
    <trkpt lat="-29.4658174" lon="135.0155141">
      <ele>193.057</ele>
    </trkpt>
    <trkpt lat="-29.4671402" lon="135.0155704">
      <ele>196.931</ele>
    </trkpt>
    <trkpt lat="-29.4674895" lon="135.0155997">
      <ele>196.994</ele>
    </trkpt>
    <trkpt lat="-29.4689539" lon="135.0157397">
      <ele>196.829</ele>
    </trkpt>
    <trkpt lat="-29.4702822" lon="135.0159354">
      <ele>197.378</ele>
    </trkpt>
    <trkpt lat="-29.4714949" lon="135.0161656">
      <ele>196.317</ele>
    </trkpt>
    <trkpt lat="-29.4718087" lon="135.0162346">
      <ele>195.422</ele>
    </trkpt>
    <trkpt lat="-29.4718824" lon="135.0162508">
      <ele>194.95</ele>
    </trkpt>
    <trkpt lat="-29.4719853" lon="135.0162734">
      <ele>194.412</ele>
    </trkpt>
    <trkpt lat="-29.4724199" lon="135.0163689">
      <ele>193.732</ele>
    </trkpt>
    <trkpt lat="-29.4731516" lon="135.0165516">
      <ele>195.143</ele>
    </trkpt>
    <trkpt lat="-29.4745959" lon="135.0169546">
      <ele>194.489</ele>
    </trkpt>
    <trkpt lat="-29.4757163" lon="135.0173256">
      <ele>192.637</ele>
    </trkpt>
    <trkpt lat="-29.4764059" lon="135.0175906">
      <ele>195.0</ele>
    </trkpt>
    <trkpt lat="-29.4767469" lon="135.0177217">
      <ele>195.289</ele>
    </trkpt>
    <trkpt lat="-29.477359" lon="135.017957">
      <ele>196.857</ele>
    </trkpt>
    <trkpt lat="-29.4774543" lon="135.0179936">
      <ele>196.537</ele>
    </trkpt>
    <trkpt lat="-29.4775282" lon="135.0180269">
      <ele>196.003</ele>
    </trkpt>
    <trkpt lat="-29.4776957" lon="135.0181023">
      <ele>194.304</ele>
    </trkpt>
    <trkpt lat="-29.4777644" lon="135.0181333">
      <ele>193.55</ele>
    </trkpt>
    <trkpt lat="-29.4784342" lon="135.0184349">
      <ele>194.233</ele>
    </trkpt>
    <trkpt lat="-29.4788678" lon="135.0186302">
      <ele>192.284</ele>
    </trkpt>
    <trkpt lat="-29.4788737" lon="135.0186328">
      <ele>192.261</ele>
    </trkpt>
    <trkpt lat="-29.4797613" lon="135.0190727">
      <ele>194.479</ele>
    </trkpt>
    <trkpt lat="-29.4803007" lon="135.0193403">
      <ele>194.427</ele>
    </trkpt>
    <trkpt lat="-29.4808375" lon="135.0196425">
      <ele>193.298</ele>
    </trkpt>
    <trkpt lat="-29.4809991" lon="135.0197334">
      <ele>193.581</ele>
    </trkpt>
    <trkpt lat="-29.4816302" lon="135.0200886">
      <ele>193.681</ele>
    </trkpt>
    <trkpt lat="-29.4831615" lon="135.02096">
      <ele>188.337</ele>
    </trkpt>
    <trkpt lat="-29.4838063" lon="135.0213268">
      <ele>187.297</ele>
    </trkpt>
    <trkpt lat="-29.4874474" lon="135.0233987">
      <ele>182.855</ele>
    </trkpt>
    <trkpt lat="-29.4875132" lon="135.0234361">
      <ele>183.03</ele>
    </trkpt>
    <trkpt lat="-29.4876086" lon="135.0234904">
      <ele>183.17</ele>
    </trkpt>
    <trkpt lat="-29.4877698" lon="135.0235821">
      <ele>183.101</ele>
    </trkpt>
    <trkpt lat="-29.4880921" lon="135.0237656">
      <ele>182.502</ele>
    </trkpt>
    <trkpt lat="-29.4882533" lon="135.0238573">
      <ele>182.195</ele>
    </trkpt>
    <trkpt lat="-29.4884144" lon="135.023949">
      <ele>181.847</ele>
    </trkpt>
    <trkpt lat="-29.4887783" lon="135.0241561">
      <ele>182.0</ele>
    </trkpt>
    <trkpt lat="-29.4888025" lon="135.0241698">
      <ele>182.0</ele>
    </trkpt>
    <trkpt lat="-29.489609" lon="135.0246269">
      <ele>180.408</ele>
    </trkpt>
    <trkpt lat="-29.4914788" lon="135.025687">
      <ele>180.05</ele>
    </trkpt>
    <trkpt lat="-29.4916401" lon="135.0257784">
      <ele>178.568</ele>
    </trkpt>
    <trkpt lat="-29.4920283" lon="135.0259985">
      <ele>177.292</ele>
    </trkpt>
    <trkpt lat="-29.492351" lon="135.0261814">
      <ele>178.421</ele>
    </trkpt>
    <trkpt lat="-29.4928145" lon="135.0264442">
      <ele>180.827</ele>
    </trkpt>
    <trkpt lat="-29.4936409" lon="135.0269136">
      <ele>181.782</ele>
    </trkpt>
    <trkpt lat="-29.4938021" lon="135.0270053">
      <ele>181.176</ele>
    </trkpt>
    <trkpt lat="-29.4938978" lon="135.0270596">
      <ele>180.981</ele>
    </trkpt>
    <trkpt lat="-29.4942203" lon="135.0272428">
      <ele>180.673</ele>
    </trkpt>
    <trkpt lat="-29.4943815" lon="135.0273343">
      <ele>179.732</ele>
    </trkpt>
    <trkpt lat="-29.495092" lon="135.0277379">
      <ele>178.525</ele>
    </trkpt>
    <trkpt lat="-29.4984777" lon="135.0296613">
      <ele>181.261</ele>
    </trkpt>
    <trkpt lat="-29.498896" lon="135.0298989">
      <ele>179.364</ele>
    </trkpt>
    <trkpt lat="-29.4992185" lon="135.0300821">
      <ele>179.482</ele>
    </trkpt>
    <trkpt lat="-29.4997022" lon="135.0303569">
      <ele>180.451</ele>
    </trkpt>
    <trkpt lat="-29.4998634" lon="135.0304485">
      <ele>179.263</ele>
    </trkpt>
    <trkpt lat="-29.4999288" lon="135.0304856">
      <ele>178.76</ele>
    </trkpt>
    <trkpt lat="-29.5000484" lon="135.0305537">
      <ele>178.012</ele>
    </trkpt>
    <trkpt lat="-29.5002508" lon="135.0306698">
      <ele>177.96</ele>
    </trkpt>
    <trkpt lat="-29.5008542" lon="135.0310162">
      <ele>180.342</ele>
    </trkpt>
    <trkpt lat="-29.5029387" lon="135.0321901">
      <ele>182.884</ele>
    </trkpt>
    <trkpt lat="-29.5067054" lon="135.0343394">
      <ele>182.83</ele>
    </trkpt>
    <trkpt lat="-29.5089089" lon="135.035598">
      <ele>183.869</ele>
    </trkpt>
    <trkpt lat="-29.5091786" lon="135.0357551">
      <ele>184.761</ele>
    </trkpt>
    <trkpt lat="-29.5106701" lon="135.0366149">
      <ele>187.956</ele>
    </trkpt>
    <trkpt lat="-29.5119753" lon="135.0374562">
      <ele>186.269</ele>
    </trkpt>
    <trkpt lat="-29.5120205" lon="135.0374867">
      <ele>186.322</ele>
    </trkpt>
    <trkpt lat="-29.5132296" lon="135.0382049">
      <ele>186.084</ele>
    </trkpt>
    <trkpt lat="-29.5133778" lon="135.0383031">
      <ele>185.909</ele>
    </trkpt>
    <trkpt lat="-29.5152099" lon="135.0395803">
      <ele>187.369</ele>
    </trkpt>
    <trkpt lat="-29.5164779" lon="135.0404642">
      <ele>186.68</ele>
    </trkpt>
    <trkpt lat="-29.5167594" lon="135.0406792">
      <ele>185.37</ele>
    </trkpt>
    <trkpt lat="-29.5169896" lon="135.0409535">
      <ele>184.183</ele>
    </trkpt>
    <trkpt lat="-29.5171288" lon="135.0410694">
      <ele>184.329</ele>
    </trkpt>
    <trkpt lat="-29.5172201" lon="135.0411407">
      <ele>184.879</ele>
    </trkpt>
    <trkpt lat="-29.5177009" lon="135.0415035">
      <ele>185.886</ele>
    </trkpt>
    <trkpt lat="-29.519076" lon="135.0426165">
      <ele>183.326</ele>
    </trkpt>
    <trkpt lat="-29.520553" lon="135.0438583">
      <ele>183.661</ele>
    </trkpt>
    <trkpt lat="-29.5217868" lon="135.0449505">
      <ele>184.254</ele>
    </trkpt>
    <trkpt lat="-29.521828" lon="135.0449866">
      <ele>184.533</ele>
    </trkpt>
    <trkpt lat="-29.5226204" lon="135.0457236">
      <ele>182.343</ele>
    </trkpt>
    <trkpt lat="-29.5227637" lon="135.0458562">
      <ele>182.129</ele>
    </trkpt>
    <trkpt lat="-29.5229038" lon="135.0459858">
      <ele>182.754</ele>
    </trkpt>
    <trkpt lat="-29.5230439" lon="135.0461154">
      <ele>182.999</ele>
    </trkpt>
    <trkpt lat="-29.5231857" lon="135.0462466">
      <ele>183.24</ele>
    </trkpt>
    <trkpt lat="-29.5233214" lon="135.0463767">
      <ele>183.042</ele>
    </trkpt>
    <trkpt lat="-29.5233221" lon="135.0463774">
      <ele>183.04</ele>
    </trkpt>
    <trkpt lat="-29.5233228" lon="135.0463781">
      <ele>183.037</ele>
    </trkpt>
    <trkpt lat="-29.5234565" lon="135.0465147">
      <ele>183.495</ele>
    </trkpt>
    <trkpt lat="-29.5234577" lon="135.0465159">
      <ele>183.496</ele>
    </trkpt>
    <trkpt lat="-29.5239295" lon="135.0469573">
      <ele>183.332</ele>
    </trkpt>
    <trkpt lat="-29.5246023" lon="135.0476328">
      <ele>183.935</ele>
    </trkpt>
    <trkpt lat="-29.525794" lon="135.0488587">
      <ele>184.22</ele>
    </trkpt>
    <trkpt lat="-29.5260149" lon="135.0490953">
      <ele>184.654</ele>
    </trkpt>
    <trkpt lat="-29.5271654" lon="135.0503406">
      <ele>185.0</ele>
    </trkpt>
    <trkpt lat="-29.5282691" lon="135.0515787">
      <ele>187.475</ele>
    </trkpt>
    <trkpt lat="-29.5295271" lon="135.0530744">
      <ele>186.932</ele>
    </trkpt>
    <trkpt lat="-29.5296001" lon="135.0531654">
      <ele>186.605</ele>
    </trkpt>
    <trkpt lat="-29.5297223" lon="135.0533168">
      <ele>186.06</ele>
    </trkpt>
    <trkpt lat="-29.5303846" lon="135.0541377">
      <ele>186.575</ele>
    </trkpt>
    <trkpt lat="-29.5315301" lon="135.0556077">
      <ele>188.812</ele>
    </trkpt>
    <trkpt lat="-29.5319821" lon="135.0562021">
      <ele>188.808</ele>
    </trkpt>
    <trkpt lat="-29.5322934" lon="135.0566233">
      <ele>188.332</ele>
    </trkpt>
    <trkpt lat="-29.5328871" lon="135.0573792">
      <ele>188.213</ele>
    </trkpt>
    <trkpt lat="-29.5334521" lon="135.0580554">
      <ele>187.572</ele>
    </trkpt>
    <trkpt lat="-29.5342691" lon="135.0589591">
      <ele>188.253</ele>
    </trkpt>
    <trkpt lat="-29.5344467" lon="135.0591447">
      <ele>188.913</ele>
    </trkpt>
    <trkpt lat="-29.534507" lon="135.0592058">
      <ele>188.838</ele>
    </trkpt>
    <trkpt lat="-29.5351337" lon="135.0598307">
      <ele>190.909</ele>
    </trkpt>
    <trkpt lat="-29.5354097" lon="135.0600975">
      <ele>190.384</ele>
    </trkpt>
    <trkpt lat="-29.5358492" lon="135.0605054">
      <ele>190.773</ele>
    </trkpt>
    <trkpt lat="-29.535884" lon="135.0605372">
      <ele>190.764</ele>
    </trkpt>
    <trkpt lat="-29.5358899" lon="135.0605426">
      <ele>190.759</ele>
    </trkpt>
    <trkpt lat="-29.5360241" lon="135.0606645">
      <ele>190.19</ele>
    </trkpt>
    <trkpt lat="-29.5363967" lon="135.0609607">
      <ele>188.985</ele>
    </trkpt>
    <trkpt lat="-29.5375139" lon="135.0619117">
      <ele>190.906</ele>
    </trkpt>
    <trkpt lat="-29.5377973" lon="135.0621259">
      <ele>189.653</ele>
    </trkpt>
    <trkpt lat="-29.5379981" lon="135.0622727">
      <ele>190.219</ele>
    </trkpt>
    <trkpt lat="-29.539006" lon="135.0629904">
      <ele>189.51</ele>
    </trkpt>
    <trkpt lat="-29.5394634" lon="135.0632914">
      <ele>191.072</ele>
    </trkpt>
    <trkpt lat="-29.539967" lon="135.0636069">
      <ele>190.998</ele>
    </trkpt>
    <trkpt lat="-29.5406903" lon="135.0640348">
      <ele>189.025</ele>
    </trkpt>
    <trkpt lat="-29.541521" lon="135.0644853">
      <ele>188.524</ele>
    </trkpt>
    <trkpt lat="-29.542044" lon="135.0647431">
      <ele>187.717</ele>
    </trkpt>
    <trkpt lat="-29.5424659" lon="135.0649462">
      <ele>186.392</ele>
    </trkpt>
    <trkpt lat="-29.5432129" lon="135.0652822">
      <ele>188.149</ele>
    </trkpt>
    <trkpt lat="-29.5439645" lon="135.0655957">
      <ele>187.767</ele>
    </trkpt>
    <trkpt lat="-29.544301" lon="135.0657195">
      <ele>187.305</ele>
    </trkpt>
    <trkpt lat="-29.5449532" lon="135.0659546">
      <ele>185.531</ele>
    </trkpt>
    <trkpt lat="-29.5457327" lon="135.0662028">
      <ele>186.757</ele>
    </trkpt>
    <trkpt lat="-29.5464982" lon="135.0664328">
      <ele>188.331</ele>
    </trkpt>
    <trkpt lat="-29.5475129" lon="135.0666787">
      <ele>188.043</ele>
    </trkpt>
    <trkpt lat="-29.5481951" lon="135.0668233">
      <ele>188.564</ele>
    </trkpt>
    <trkpt lat="-29.549212" lon="135.0669871">
      <ele>189.0</ele>
    </trkpt>
    <trkpt lat="-29.5502422" lon="135.0671161">
      <ele>187.746</ele>
    </trkpt>
    <trkpt lat="-29.5507112" lon="135.0671623">
      <ele>186.561</ele>
    </trkpt>
    <trkpt lat="-29.550882" lon="135.067174">
      <ele>186.143</ele>
    </trkpt>
    <trkpt lat="-29.5509203" lon="135.0671776">
      <ele>186.11</ele>
    </trkpt>
    <trkpt lat="-29.5510995" lon="135.0671946">
      <ele>186.004</ele>
    </trkpt>
    <trkpt lat="-29.5516232" lon="135.0672443">
      <ele>184.236</ele>
    </trkpt>
    <trkpt lat="-29.552175" lon="135.0672963">
      <ele>183.903</ele>
    </trkpt>
    <trkpt lat="-29.5524331" lon="135.0673207">
      <ele>182.617</ele>
    </trkpt>
    <trkpt lat="-29.5533459" lon="135.067395">
      <ele>186.577</ele>
    </trkpt>
    <trkpt lat="-29.5534307" lon="135.0674033">
      <ele>186.301</ele>
    </trkpt>
    <trkpt lat="-29.5536099" lon="135.0674209">
      <ele>185.72</ele>
    </trkpt>
    <trkpt lat="-29.5538012" lon="135.0674396">
      <ele>184.949</ele>
    </trkpt>
    <trkpt lat="-29.5545063" lon="135.0675032">
      <ele>185.434</ele>
    </trkpt>
    <trkpt lat="-29.5546856" lon="135.0675194">
      <ele>186.666</ele>
    </trkpt>
    <trkpt lat="-29.5549455" lon="135.0675428">
      <ele>185.362</ele>
    </trkpt>
    <trkpt lat="-29.556334" lon="135.0676617">
      <ele>184.072</ele>
    </trkpt>
    <trkpt lat="-29.5566585" lon="135.0676906">
      <ele>186.323</ele>
    </trkpt>
    <trkpt lat="-29.5570172" lon="135.0677225">
      <ele>186.381</ele>
    </trkpt>
    <trkpt lat="-29.5573759" lon="135.0677544">
      <ele>185.084</ele>
    </trkpt>
    <trkpt lat="-29.5580419" lon="135.0678136">
      <ele>186.123</ele>
    </trkpt>
    <trkpt lat="-29.5582723" lon="135.0678371">
      <ele>186.214</ele>
    </trkpt>
    <trkpt lat="-29.5590818" lon="135.0679196">
      <ele>185.15</ele>
    </trkpt>
    <trkpt lat="-29.559672" lon="135.0679919">
      <ele>185.59</ele>
    </trkpt>
    <trkpt lat="-29.559997" lon="135.068026">
      <ele>187.977</ele>
    </trkpt>
    <trkpt lat="-29.560679" lon="135.0681182">
      <ele>189.875</ele>
    </trkpt>
    <trkpt lat="-29.5625904" lon="135.0684342">
      <ele>191.118</ele>
    </trkpt>
    <trkpt lat="-29.5626436" lon="135.0684447">
      <ele>191.207</ele>
    </trkpt>
    <trkpt lat="-29.5627343" lon="135.0684642">
      <ele>191.397</ele>
    </trkpt>
    <trkpt lat="-29.5636254" lon="135.0686439">
      <ele>191.888</ele>
    </trkpt>
    <trkpt lat="-29.5642207" lon="135.0687726">
      <ele>191.224</ele>
    </trkpt>
    <trkpt lat="-29.5651243" lon="135.0689855">
      <ele>191.037</ele>
    </trkpt>
    <trkpt lat="-29.5666225" lon="135.0693753">
      <ele>191.0</ele>
    </trkpt>
    <trkpt lat="-29.5671005" lon="135.0695062">
      <ele>189.438</ele>
    </trkpt>
    <trkpt lat="-29.5671782" lon="135.0695275">
      <ele>189.158</ele>
    </trkpt>
    <trkpt lat="-29.5677959" lon="135.0697183">
      <ele>191.0</ele>
    </trkpt>
    <trkpt lat="-29.5682976" lon="135.0698732">
      <ele>189.585</ele>
    </trkpt>
    <trkpt lat="-29.5686643" lon="135.0699873">
      <ele>189.183</ele>
    </trkpt>
    <trkpt lat="-29.568957" lon="135.0700784">
      <ele>190.458</ele>
    </trkpt>
    <trkpt lat="-29.5695274" lon="135.0702772">
      <ele>191.999</ele>
    </trkpt>
    <trkpt lat="-29.5696996" lon="135.0703372">
      <ele>192.196</ele>
    </trkpt>
    <trkpt lat="-29.5699356" lon="135.0704195">
      <ele>191.366</ele>
    </trkpt>
    <trkpt lat="-29.5702143" lon="135.0705231">
      <ele>191.766</ele>
    </trkpt>
    <trkpt lat="-29.5703855" lon="135.0705867">
      <ele>192.112</ele>
    </trkpt>
    <trkpt lat="-29.5705566" lon="135.0706503">
      <ele>192.34</ele>
    </trkpt>
    <trkpt lat="-29.5707278" lon="135.0707139">
      <ele>192.217</ele>
    </trkpt>
    <trkpt lat="-29.5714693" lon="135.0709895">
      <ele>191.0</ele>
    </trkpt>
    <trkpt lat="-29.5728117" lon="135.0715488">
      <ele>190.424</ele>
    </trkpt>
    <trkpt lat="-29.5736222" lon="135.071904">
      <ele>192.006</ele>
    </trkpt>
    <trkpt lat="-29.5745615" lon="135.0723377">
      <ele>190.831</ele>
    </trkpt>
    <trkpt lat="-29.5755329" lon="135.0728021">
      <ele>193.082</ele>
    </trkpt>
    <trkpt lat="-29.5759308" lon="135.0730098">
      <ele>191.0</ele>
    </trkpt>
    <trkpt lat="-29.5761616" lon="135.0731303">
      <ele>191.0</ele>
    </trkpt>
    <trkpt lat="-29.5765861" lon="135.0733482">
      <ele>191.016</ele>
    </trkpt>
    <trkpt lat="-29.5775185" lon="135.0738512">
      <ele>189.202</ele>
    </trkpt>
    <trkpt lat="-29.5785449" lon="135.0744384">
      <ele>190.238</ele>
    </trkpt>
    <trkpt lat="-29.5791446" lon="135.0748072">
      <ele>190.639</ele>
    </trkpt>
    <trkpt lat="-29.5796662" lon="135.075115">
      <ele>190.798</ele>
    </trkpt>
    <trkpt lat="-29.5803651" lon="135.0755594">
      <ele>191.676</ele>
    </trkpt>
    <trkpt lat="-29.5805874" lon="135.0757063">
      <ele>191.115</ele>
    </trkpt>
    <trkpt lat="-29.5810552" lon="135.0760155">
      <ele>192.275</ele>
    </trkpt>
    <trkpt lat="-29.5812112" lon="135.0761186">
      <ele>192.0</ele>
    </trkpt>
    <trkpt lat="-29.5813671" lon="135.0762217">
      <ele>192.0</ele>
    </trkpt>
    <trkpt lat="-29.5816609" lon="135.0764159">
      <ele>190.137</ele>
    </trkpt>
    <trkpt lat="-29.5821367" lon="135.0767564">
      <ele>192.0</ele>
    </trkpt>
    <trkpt lat="-29.5822894" lon="135.0768656">
      <ele>192.0</ele>
    </trkpt>
    <trkpt lat="-29.5832722" lon="135.0775688">
      <ele>193.193</ele>
    </trkpt>
    <trkpt lat="-29.5845611" lon="135.0785472">
      <ele>193.0</ele>
    </trkpt>
    <trkpt lat="-29.5850889" lon="135.0789691">
      <ele>191.979</ele>
    </trkpt>
    <trkpt lat="-29.5858439" lon="135.0795908">
      <ele>192.583</ele>
    </trkpt>
    <trkpt lat="-29.5871136" lon="135.0806903">
      <ele>192.077</ele>
    </trkpt>
    <trkpt lat="-29.5874247" lon="135.0809595">
      <ele>193.637</ele>
    </trkpt>
    <trkpt lat="-29.588853" lon="135.0822967">
      <ele>197.035</ele>
    </trkpt>
    <trkpt lat="-29.5895512" lon="135.0829909">
      <ele>196.295</ele>
    </trkpt>
    <trkpt lat="-29.5905031" lon="135.084017">
      <ele>197.0</ele>
    </trkpt>
    <trkpt lat="-29.593033" lon="135.0868674">
      <ele>197.804</ele>
    </trkpt>
    <trkpt lat="-29.5946585" lon="135.0889822">
      <ele>200.0</ele>
    </trkpt>
    <trkpt lat="-29.5963593" lon="135.0913231">
      <ele>201.707</ele>
    </trkpt>
    <trkpt lat="-29.5978577" lon="135.0935647">
      <ele>203.929</ele>
    </trkpt>
    <trkpt lat="-29.5999938" lon="135.096807">
      <ele>204.011</ele>
    </trkpt>
    <trkpt lat="-29.6004283" lon="135.0974664">
      <ele>204.0</ele>
    </trkpt>
    <trkpt lat="-29.6005369" lon="135.0976313">
      <ele>204.0</ele>
    </trkpt>
    <trkpt lat="-29.6006455" lon="135.0977962">
      <ele>204.692</ele>
    </trkpt>
    <trkpt lat="-29.6016231" lon="135.0992801">
      <ele>203.25</ele>
    </trkpt>
    <trkpt lat="-29.6017317" lon="135.099445">
      <ele>203.002</ele>
    </trkpt>
    <trkpt lat="-29.6043386" lon="135.1034023">
      <ele>200.248</ele>
    </trkpt>
    <trkpt lat="-29.6044472" lon="135.1035672">
      <ele>200.852</ele>
    </trkpt>
    <trkpt lat="-29.6045558" lon="135.1037321">
      <ele>201.401</ele>
    </trkpt>
    <trkpt lat="-29.6046644" lon="135.103897">
      <ele>201.769</ele>
    </trkpt>
    <trkpt lat="-29.604773" lon="135.1040619">
      <ele>201.377</ele>
    </trkpt>
    <trkpt lat="-29.6048816" lon="135.1042268">
      <ele>201.0</ele>
    </trkpt>
    <trkpt lat="-29.6049902" lon="135.1043916">
      <ele>201.0</ele>
    </trkpt>
    <trkpt lat="-29.6052075" lon="135.1047214">
      <ele>201.747</ele>
    </trkpt>
    <trkpt lat="-29.6054247" lon="135.1050512">
      <ele>202.0</ele>
    </trkpt>
    <trkpt lat="-29.6056419" lon="135.105381">
      <ele>201.945</ele>
    </trkpt>
    <trkpt lat="-29.6058421" lon="135.1056849">
      <ele>202.399</ele>
    </trkpt>
    <trkpt lat="-29.6136596" lon="135.117549">
      <ele>206.031</ele>
    </trkpt>
    <trkpt lat="-29.6155008" lon="135.1203209">
      <ele>204.958</ele>
    </trkpt>
    <trkpt lat="-29.6155631" lon="135.1204159">
      <ele>205.538</ele>
    </trkpt>
    <trkpt lat="-29.6179601" lon="135.1240687">
      <ele>207.888</ele>
    </trkpt>
    <trkpt lat="-29.618033" lon="135.1241775">
      <ele>207.916</ele>
    </trkpt>
    <trkpt lat="-29.6184815" lon="135.124847">
      <ele>207.79</ele>
    </trkpt>
    <trkpt lat="-29.6188378" lon="135.1253467">
      <ele>207.0</ele>
    </trkpt>
    <trkpt lat="-29.6194961" lon="135.1261986">
      <ele>208.186</ele>
    </trkpt>
    <trkpt lat="-29.6202189" lon="135.1270425">
      <ele>209.0</ele>
    </trkpt>
    <trkpt lat="-29.6212096" lon="135.1281066">
      <ele>209.184</ele>
    </trkpt>
    <trkpt lat="-29.6213846" lon="135.1282724">
      <ele>209.781</ele>
    </trkpt>
    <trkpt lat="-29.6218745" lon="135.128735">
      <ele>206.888</ele>
    </trkpt>
    <trkpt lat="-29.6219924" lon="135.1288432">
      <ele>207.317</ele>
    </trkpt>
    <trkpt lat="-29.6226115" lon="135.1293886">
      <ele>210.0</ele>
    </trkpt>
    <trkpt lat="-29.623393" lon="135.1300155">
      <ele>210.044</ele>
    </trkpt>
    <trkpt lat="-29.6240069" lon="135.1304687">
      <ele>210.554</ele>
    </trkpt>
    <trkpt lat="-29.6245829" lon="135.1308648">
      <ele>210.498</ele>
    </trkpt>
    <trkpt lat="-29.6247958" lon="135.1309992">
      <ele>211.372</ele>
    </trkpt>
    <trkpt lat="-29.6249986" lon="135.1311238">
      <ele>211.949</ele>
    </trkpt>
    <trkpt lat="-29.6250757" lon="135.131171">
      <ele>211.784</ele>
    </trkpt>
    <trkpt lat="-29.6252585" lon="135.1312833">
      <ele>211.38</ele>
    </trkpt>
    <trkpt lat="-29.6259532" lon="135.1316744">
      <ele>210.596</ele>
    </trkpt>
    <trkpt lat="-29.6267602" lon="135.1320869">
      <ele>212.66</ele>
    </trkpt>
    <trkpt lat="-29.6271136" lon="135.1322514">
      <ele>213.504</ele>
    </trkpt>
    <trkpt lat="-29.6276138" lon="135.1324842">
      <ele>213.59</ele>
    </trkpt>
    <trkpt lat="-29.6278041" lon="135.1325727">
      <ele>213.237</ele>
    </trkpt>
    <trkpt lat="-29.6288307" lon="135.1329836">
      <ele>214.155</ele>
    </trkpt>
    <trkpt lat="-29.6300321" lon="135.1333945">
      <ele>211.231</ele>
    </trkpt>
    <trkpt lat="-29.6304275" lon="135.1334945">
      <ele>213.0</ele>
    </trkpt>
    <trkpt lat="-29.6310651" lon="135.1336201">
      <ele>214.636</ele>
    </trkpt>
    <trkpt lat="-29.6321234" lon="135.1338449">
      <ele>211.542</ele>
    </trkpt>
    <trkpt lat="-29.6322971" lon="135.1338814">
      <ele>211.703</ele>
    </trkpt>
    <trkpt lat="-29.6329072" lon="135.1339622">
      <ele>212.994</ele>
    </trkpt>
    <trkpt lat="-29.6342333" lon="135.1341296">
      <ele>212.24</ele>
    </trkpt>
    <trkpt lat="-29.6349822" lon="135.1341575">
      <ele>214.934</ele>
    </trkpt>
    <trkpt lat="-29.6358705" lon="135.134168">
      <ele>215.005</ele>
    </trkpt>
    <trkpt lat="-29.6365211" lon="135.1341394">
      <ele>216.523</ele>
    </trkpt>
    <trkpt lat="-29.636586" lon="135.1341366">
      <ele>216.786</ele>
    </trkpt>
    <trkpt lat="-29.6367003" lon="135.1341227">
      <ele>217.158</ele>
    </trkpt>
    <trkpt lat="-29.6368791" lon="135.134101">
      <ele>217.236</ele>
    </trkpt>
    <trkpt lat="-29.637058" lon="135.1340792">
      <ele>217.595</ele>
    </trkpt>
    <trkpt lat="-29.6372369" lon="135.1340575">
      <ele>218.021</ele>
    </trkpt>
    <trkpt lat="-29.6375946" lon="135.1340141">
      <ele>218.549</ele>
    </trkpt>
    <trkpt lat="-29.6376295" lon="135.1340099">
      <ele>218.564</ele>
    </trkpt>
    <trkpt lat="-29.6377734" lon="135.1339909">
      <ele>218.633</ele>
    </trkpt>
    <trkpt lat="-29.638111" lon="135.1339463">
      <ele>218.993</ele>
    </trkpt>
    <trkpt lat="-29.6383721" lon="135.1339118">
      <ele>220.057</ele>
    </trkpt>
    <trkpt lat="-29.6392735" lon="135.13374">
      <ele>221.385</ele>
    </trkpt>
    <trkpt lat="-29.6409832" lon="135.1334141">
      <ele>224.922</ele>
    </trkpt>
    <trkpt lat="-29.6411499" lon="135.1333893">
      <ele>225.855</ele>
    </trkpt>
    <trkpt lat="-29.6422096" lon="135.1332314">
      <ele>229.276</ele>
    </trkpt>
    <trkpt lat="-29.642578" lon="135.1331884">
      <ele>229.656</ele>
    </trkpt>
    <trkpt lat="-29.642757" lon="135.1331675">
      <ele>229.97</ele>
    </trkpt>
    <trkpt lat="-29.6429003" lon="135.1331508">
      <ele>230.731</ele>
    </trkpt>
    <trkpt lat="-29.6431155" lon="135.1331343">
      <ele>231.871</ele>
    </trkpt>
    <trkpt lat="-29.643295" lon="135.1331206">
      <ele>232.426</ele>
    </trkpt>
    <trkpt lat="-29.6434744" lon="135.1331069">
      <ele>232.63</ele>
    </trkpt>
    <trkpt lat="-29.6436539" lon="135.1330932">
      <ele>232.596</ele>
    </trkpt>
    <trkpt lat="-29.6438334" lon="135.1330795">
      <ele>232.096</ele>
    </trkpt>
    <trkpt lat="-29.6442429" lon="135.1330482">
      <ele>232.267</ele>
    </trkpt>
    <trkpt lat="-29.6450812" lon="135.1330066">
      <ele>232.469</ele>
    </trkpt>
    <trkpt lat="-29.6462367" lon="135.132987">
      <ele>232.906</ele>
    </trkpt>
    <trkpt lat="-29.6472379" lon="135.1330081">
      <ele>236.0</ele>
    </trkpt>
    <trkpt lat="-29.6474285" lon="135.1330175">
      <ele>236.0</ele>
    </trkpt>
    <trkpt lat="-29.6476082" lon="135.1330263">
      <ele>235.61</ele>
    </trkpt>
    <trkpt lat="-29.6477879" lon="135.1330351">
      <ele>235.0</ele>
    </trkpt>
    <trkpt lat="-29.6479676" lon="135.1330439">
      <ele>235.0</ele>
    </trkpt>
    <trkpt lat="-29.6481473" lon="135.1330527">
      <ele>234.673</ele>
    </trkpt>
    <trkpt lat="-29.6481779" lon="135.1330542">
      <ele>234.562</ele>
    </trkpt>
    <trkpt lat="-29.6483268" lon="135.1330659">
      <ele>234.024</ele>
    </trkpt>
    <trkpt lat="-29.6489865" lon="135.1331178">
      <ele>235.503</ele>
    </trkpt>
    <trkpt lat="-29.6499723" lon="135.1332234">
      <ele>236.148</ele>
    </trkpt>
    <trkpt lat="-29.6508017" lon="135.133335">
      <ele>235.114</ele>
    </trkpt>
    <trkpt lat="-29.6521361" lon="135.1335647">
      <ele>236.0</ele>
    </trkpt>
    <trkpt lat="-29.6529085" lon="135.1337186">
      <ele>232.818</ele>
    </trkpt>
    <trkpt lat="-29.6547013" lon="135.1340758">
      <ele>237.622</ele>
    </trkpt>
    <trkpt lat="-29.6558044" lon="135.1342655">
      <ele>236.319</ele>
    </trkpt>
    <trkpt lat="-29.6561079" lon="135.1343177">
      <ele>236.006</ele>
    </trkpt>
    <trkpt lat="-29.6578741" lon="135.1345736">
      <ele>233.043</ele>
    </trkpt>
    <trkpt lat="-29.659507" lon="135.1347654">
      <ele>234.81</ele>
    </trkpt>
    <trkpt lat="-29.6607588" lon="135.1348862">
      <ele>235.59</ele>
    </trkpt>
    <trkpt lat="-29.6621121" lon="135.1349788">
      <ele>233.588</ele>
    </trkpt>
    <trkpt lat="-29.662226" lon="135.1349866">
      <ele>233.952</ele>
    </trkpt>
    <trkpt lat="-29.6625062" lon="135.1350058">
      <ele>233.999</ele>
    </trkpt>
    <trkpt lat="-29.6629653" lon="135.1350252">
      <ele>233.091</ele>
    </trkpt>
    <trkpt lat="-29.6631451" lon="135.1350328">
      <ele>233.118</ele>
    </trkpt>
    <trkpt lat="-29.6642997" lon="135.1350816">
      <ele>233.0</ele>
    </trkpt>
    <trkpt lat="-29.6650627" lon="135.1350921">
      <ele>236.075</ele>
    </trkpt>
    <trkpt lat="-29.6651228" lon="135.1350929">
      <ele>236.148</ele>
    </trkpt>
    <trkpt lat="-29.665751" lon="135.1351016">
      <ele>236.0</ele>
    </trkpt>
    <trkpt lat="-29.6658422" lon="135.1351009">
      <ele>236.032</ele>
    </trkpt>
    <trkpt lat="-29.6675032" lon="135.1350883">
      <ele>235.318</ele>
    </trkpt>
    <trkpt lat="-29.6680003" lon="135.1350719">
      <ele>235.853</ele>
    </trkpt>
    <trkpt lat="-29.6687925" lon="135.1350459">
      <ele>234.71</ele>
    </trkpt>
    <trkpt lat="-29.6708698" lon="135.1349184">
      <ele>236.706</ele>
    </trkpt>
    <trkpt lat="-29.6715923" lon="135.1348559">
      <ele>235.962</ele>
    </trkpt>
    <trkpt lat="-29.6715976" lon="135.1348554">
      <ele>235.959</ele>
    </trkpt>
    <trkpt lat="-29.6727622" lon="135.1347546">
      <ele>235.944</ele>
    </trkpt>
    <trkpt lat="-29.673565" lon="135.1346829">
      <ele>236.308</ele>
    </trkpt>
    <trkpt lat="-29.6737444" lon="135.1346669">
      <ele>235.624</ele>
    </trkpt>
    <trkpt lat="-29.674205" lon="135.1346257">
      <ele>235.09</ele>
    </trkpt>
    <trkpt lat="-29.6749996" lon="135.1345548">
      <ele>236.397</ele>
    </trkpt>
    <trkpt lat="-29.6766136" lon="135.1344106">
      <ele>236.901</ele>
    </trkpt>
    <trkpt lat="-29.6773308" lon="135.1343465">
      <ele>238.038</ele>
    </trkpt>
    <trkpt lat="-29.6780482" lon="135.1342825">
      <ele>239.406</ele>
    </trkpt>
    <trkpt lat="-29.6782275" lon="135.1342665">
      <ele>238.74</ele>
    </trkpt>
    <trkpt lat="-29.6784068" lon="135.1342505">
      <ele>238.222</ele>
    </trkpt>
    <trkpt lat="-29.681276" lon="135.1339942">
      <ele>235.989</ele>
    </trkpt>
    <trkpt lat="-29.6819933" lon="135.1339301">
      <ele>237.0</ele>
    </trkpt>
    <trkpt lat="-29.6821726" lon="135.1339141">
      <ele>237.0</ele>
    </trkpt>
    <trkpt lat="-29.6833849" lon="135.1338058">
      <ele>236.0</ele>
    </trkpt>
    <trkpt lat="-29.6862971" lon="135.1335457">
      <ele>235.41</ele>
    </trkpt>
    <trkpt lat="-29.6864116" lon="135.1335355">
      <ele>235.332</ele>
    </trkpt>
    <trkpt lat="-29.6879112" lon="135.133404">
      <ele>238.613</ele>
    </trkpt>
    <trkpt lat="-29.6889304" lon="135.1333146">
      <ele>237.851</ele>
    </trkpt>
    <trkpt lat="-29.6908738" lon="135.1331442">
      <ele>235.046</ele>
    </trkpt>
    <trkpt lat="-29.6917664" lon="135.1330659">
      <ele>234.641</ele>
    </trkpt>
    <trkpt lat="-29.6919446" lon="135.1330459">
      <ele>234.035</ele>
    </trkpt>
    <trkpt lat="-29.6925753" lon="135.1329753">
      <ele>234.271</ele>
    </trkpt>
    <trkpt lat="-29.6931978" lon="135.1329056">
      <ele>234.512</ele>
    </trkpt>
    <trkpt lat="-29.6931987" lon="135.1329055">
      <ele>234.515</ele>
    </trkpt>
    <trkpt lat="-29.6946227" lon="135.1327202">
      <ele>235.793</ele>
    </trkpt>
    <trkpt lat="-29.6962312" lon="135.1324647">
      <ele>233.496</ele>
    </trkpt>
    <trkpt lat="-29.6963693" lon="135.1324428">
      <ele>233.056</ele>
    </trkpt>
    <trkpt lat="-29.6981648" lon="135.1321034">
      <ele>235.0</ele>
    </trkpt>
    <trkpt lat="-29.6990878" lon="135.1319053">
      <ele>233.859</ele>
    </trkpt>
    <trkpt lat="-29.6991301" lon="135.1318953">
      <ele>233.823</ele>
    </trkpt>
    <trkpt lat="-29.699518" lon="135.131804">
      <ele>234.759</ele>
    </trkpt>
    <trkpt lat="-29.7010055" lon="135.1314539">
      <ele>235.0</ele>
    </trkpt>
    <trkpt lat="-29.7016315" lon="135.1312899">
      <ele>234.287</ele>
    </trkpt>
    <trkpt lat="-29.7026082" lon="135.1310341">
      <ele>233.831</ele>
    </trkpt>
    <trkpt lat="-29.7071249" lon="135.1297485">
      <ele>235.573</ele>
    </trkpt>
    <trkpt lat="-29.7075919" lon="135.1296156">
      <ele>233.588</ele>
    </trkpt>
    <trkpt lat="-29.7079979" lon="135.1295">
      <ele>235.268</ele>
    </trkpt>
    <trkpt lat="-29.708185" lon="135.1294467">
      <ele>235.988</ele>
    </trkpt>
    <trkpt lat="-29.7086956" lon="135.1293037">
      <ele>234.696</ele>
    </trkpt>
    <trkpt lat="-29.7095672" lon="135.1290595">
      <ele>233.0</ele>
    </trkpt>
    <trkpt lat="-29.7097416" lon="135.1290106">
      <ele>233.0</ele>
    </trkpt>
    <trkpt lat="-29.7105483" lon="135.1287846">
      <ele>230.66</ele>
    </trkpt>
    <trkpt lat="-29.7111154" lon="135.1286256">
      <ele>230.067</ele>
    </trkpt>
    <trkpt lat="-29.7118335" lon="135.1284237">
      <ele>232.136</ele>
    </trkpt>
    <trkpt lat="-29.7119389" lon="135.128394">
      <ele>232.75</ele>
    </trkpt>
    <trkpt lat="-29.7128934" lon="135.1281226">
      <ele>232.9</ele>
    </trkpt>
    <trkpt lat="-29.7134113" lon="135.1279753">
      <ele>231.711</ele>
    </trkpt>
    <trkpt lat="-29.7146453" lon="135.127622">
      <ele>231.162</ele>
    </trkpt>
    <trkpt lat="-29.7148197" lon="135.127572">
      <ele>231.428</ele>
    </trkpt>
    <trkpt lat="-29.7167391" lon="135.1270223">
      <ele>230.261</ele>
    </trkpt>
    <trkpt lat="-29.7176115" lon="135.1267725">
      <ele>230.599</ele>
    </trkpt>
    <trkpt lat="-29.7183095" lon="135.1265727">
      <ele>230.691</ele>
    </trkpt>
    <trkpt lat="-29.7186476" lon="135.126476">
      <ele>229.496</ele>
    </trkpt>
    <trkpt lat="-29.7194037" lon="135.1262594">
      <ele>225.214</ele>
    </trkpt>
    <trkpt lat="-29.719531" lon="135.1262229">
      <ele>224.679</ele>
    </trkpt>
    <trkpt lat="-29.7200626" lon="135.1260707">
      <ele>223.014</ele>
    </trkpt>
    <trkpt lat="-29.7207497" lon="135.1258613">
      <ele>222.83</ele>
    </trkpt>
    <trkpt lat="-29.7223724" lon="135.1253668">
      <ele>222.494</ele>
    </trkpt>
    <trkpt lat="-29.7246554" lon="135.1246334">
      <ele>219.921</ele>
    </trkpt>
    <trkpt lat="-29.7262746" lon="135.1240502">
      <ele>219.095</ele>
    </trkpt>
    <trkpt lat="-29.7262828" lon="135.1240472">
      <ele>219.086</ele>
    </trkpt>
    <trkpt lat="-29.7263246" lon="135.1240321">
      <ele>219.024</ele>
    </trkpt>
    <trkpt lat="-29.7264469" lon="135.1239908">
      <ele>218.734</ele>
    </trkpt>
    <trkpt lat="-29.7264551" lon="135.123988">
      <ele>218.714</ele>
    </trkpt>
    <trkpt lat="-29.7269727" lon="135.1238129">
      <ele>217.0</ele>
    </trkpt>
    <trkpt lat="-29.7271452" lon="135.1237546">
      <ele>217.0</ele>
    </trkpt>
    <trkpt lat="-29.7278354" lon="135.1235213">
      <ele>217.0</ele>
    </trkpt>
    <trkpt lat="-29.7282818" lon="135.1233705">
      <ele>217.109</ele>
    </trkpt>
    <trkpt lat="-29.728897" lon="135.1231625">
      <ele>219.385</ele>
    </trkpt>
    <trkpt lat="-29.7293847" lon="135.1229838">
      <ele>218.418</ele>
    </trkpt>
    <trkpt lat="-29.7309481" lon="135.1224107">
      <ele>217.21</ele>
    </trkpt>
    <trkpt lat="-29.7323849" lon="135.1218621">
      <ele>219.412</ele>
    </trkpt>
    <trkpt lat="-29.7329749" lon="135.1216367">
      <ele>218.969</ele>
    </trkpt>
    <trkpt lat="-29.7333064" lon="135.1215101">
      <ele>219.394</ele>
    </trkpt>
    <trkpt lat="-29.7339554" lon="135.1212732">
      <ele>218.761</ele>
    </trkpt>
    <trkpt lat="-29.7351164" lon="135.1208875">
      <ele>217.195</ele>
    </trkpt>
    <trkpt lat="-29.7362551" lon="135.1205395">
      <ele>213.97</ele>
    </trkpt>
    <trkpt lat="-29.7365981" lon="135.1204348">
      <ele>213.565</ele>
    </trkpt>
    <trkpt lat="-29.7371032" lon="135.1202952">
      <ele>215.572</ele>
    </trkpt>
    <trkpt lat="-29.7371034" lon="135.1202952">
      <ele>215.572</ele>
    </trkpt>
    <trkpt lat="-29.7376986" lon="135.120131">
      <ele>217.337</ele>
    </trkpt>
    <trkpt lat="-29.7378223" lon="135.1201">
      <ele>217.142</ele>
    </trkpt>
    <trkpt lat="-29.7385253" lon="135.1199238">
      <ele>215.414</ele>
    </trkpt>
    <trkpt lat="-29.7387011" lon="135.1198797">
      <ele>215.941</ele>
    </trkpt>
    <trkpt lat="-29.7387057" lon="135.1198786">
      <ele>215.969</ele>
    </trkpt>
    <trkpt lat="-29.7388118" lon="135.1198521">
      <ele>216.593</ele>
    </trkpt>
    <trkpt lat="-29.7388817" lon="135.1198366">
      <ele>216.963</ele>
    </trkpt>
    <trkpt lat="-29.739235" lon="135.119759">
      <ele>219.0</ele>
    </trkpt>
    <trkpt lat="-29.7394116" lon="135.1197202">
      <ele>218.993</ele>
    </trkpt>
    <trkpt lat="-29.7395883" lon="135.1196813">
      <ele>218.487</ele>
    </trkpt>
    <trkpt lat="-29.7397649" lon="135.1196425">
      <ele>218.331</ele>
    </trkpt>
    <trkpt lat="-29.7403878" lon="135.1195055">
      <ele>218.295</ele>
    </trkpt>
    <trkpt lat="-29.742211" lon="135.1191801">
      <ele>214.04</ele>
    </trkpt>
    <trkpt lat="-29.7433961" lon="135.1190045">
      <ele>213.868</ele>
    </trkpt>
    <trkpt lat="-29.7434972" lon="135.1189919">
      <ele>213.629</ele>
    </trkpt>
    <trkpt lat="-29.7445124" lon="135.1188652">
      <ele>211.394</ele>
    </trkpt>
    <trkpt lat="-29.7452524" lon="135.1187865">
      <ele>212.942</ele>
    </trkpt>
    <trkpt lat="-29.7453751" lon="135.1187769">
      <ele>212.65</ele>
    </trkpt>
    <trkpt lat="-29.7455545" lon="135.1187629">
      <ele>212.004</ele>
    </trkpt>
    <trkpt lat="-29.7461078" lon="135.1187197">
      <ele>212.386</ele>
    </trkpt>
    <trkpt lat="-29.7464945" lon="135.1186894">
      <ele>210.794</ele>
    </trkpt>
    <trkpt lat="-29.7479285" lon="135.1186139">
      <ele>210.999</ele>
    </trkpt>
    <trkpt lat="-29.7495077" lon="135.1185851">
      <ele>210.772</ele>
    </trkpt>
    <trkpt lat="-29.7499221" lon="135.1185776">
      <ele>210.0</ele>
    </trkpt>
    <trkpt lat="-29.7507667" lon="135.1185766">
      <ele>211.124</ele>
    </trkpt>
    <trkpt lat="-29.7511264" lon="135.1185762">
      <ele>213.048</ele>
    </trkpt>
    <trkpt lat="-29.751844" lon="135.1185754">
      <ele>209.723</ele>
    </trkpt>
    <trkpt lat="-29.7548089" lon="135.1185992">
      <ele>208.384</ele>
    </trkpt>
    <trkpt lat="-29.7552631" lon="135.1186066">
      <ele>207.137</ele>
    </trkpt>
    <trkpt lat="-29.75528" lon="135.1186069">
      <ele>207.03</ele>
    </trkpt>
    <trkpt lat="-29.7559825" lon="135.1186184">
      <ele>207.511</ele>
    </trkpt>
    <trkpt lat="-29.7561624" lon="135.1186214">
      <ele>207.963</ele>
    </trkpt>
    <trkpt lat="-29.7578366" lon="135.1186489">
      <ele>209.681</ele>
    </trkpt>
    <trkpt lat="-29.7603889" lon="135.1187187">
      <ele>211.865</ele>
    </trkpt>
    <trkpt lat="-29.7611973" lon="135.1187471">
      <ele>213.173</ele>
    </trkpt>
    <trkpt lat="-29.7631749" lon="135.1188166">
      <ele>209.747</ele>
    </trkpt>
    <trkpt lat="-29.7632553" lon="135.1188194">
      <ele>210.258</ele>
    </trkpt>
    <trkpt lat="-29.7633546" lon="135.1188238">
      <ele>210.707</ele>
    </trkpt>
    <trkpt lat="-29.7635344" lon="135.1188317">
      <ele>210.219</ele>
    </trkpt>
    <trkpt lat="-29.7657989" lon="135.1189319">
      <ele>207.155</ele>
    </trkpt>
    <trkpt lat="-29.771334" lon="135.1192281">
      <ele>205.177</ele>
    </trkpt>
    <trkpt lat="-29.7736119" lon="135.119389">
      <ele>204.199</ele>
    </trkpt>
    <trkpt lat="-29.7751906" lon="135.1195004">
      <ele>203.112</ele>
    </trkpt>
    <trkpt lat="-29.7766793" lon="135.1196239">
      <ele>200.308</ele>
    </trkpt>
    <trkpt lat="-29.7777221" lon="135.1197112">
      <ele>200.24</ele>
    </trkpt>
    <trkpt lat="-29.7779015" lon="135.1197262">
      <ele>199.547</ele>
    </trkpt>
    <trkpt lat="-29.7780809" lon="135.1197412">
      <ele>199.091</ele>
    </trkpt>
    <trkpt lat="-29.7784274" lon="135.1197702">
      <ele>200.28</ele>
    </trkpt>
    <trkpt lat="-29.7823597" lon="135.1201417">
      <ele>204.748</ele>
    </trkpt>
    <trkpt lat="-29.7827623" lon="135.1201837">
      <ele>204.019</ele>
    </trkpt>
    <trkpt lat="-29.784599" lon="135.1203752">
      <ele>204.195</ele>
    </trkpt>
    <trkpt lat="-29.7850701" lon="135.1204288">
      <ele>205.659</ele>
    </trkpt>
    <trkpt lat="-29.7854281" lon="135.1204695">
      <ele>205.459</ele>
    </trkpt>
    <trkpt lat="-29.7856071" lon="135.1204899">
      <ele>204.858</ele>
    </trkpt>
    <trkpt lat="-29.785786" lon="135.1205103">
      <ele>204.306</ele>
    </trkpt>
    <trkpt lat="-29.7869078" lon="135.1206379">
      <ele>203.0</ele>
    </trkpt>
    <trkpt lat="-29.788992" lon="135.1208769">
      <ele>199.473</ele>
    </trkpt>
    <trkpt lat="-29.790473" lon="135.1210467">
      <ele>199.228</ele>
    </trkpt>
    <trkpt lat="-29.7918609" lon="135.1211795">
      <ele>198.0</ele>
    </trkpt>
    <trkpt lat="-29.7920799" lon="135.1212004">
      <ele>198.331</ele>
    </trkpt>
    <trkpt lat="-29.7948568" lon="135.1214167">
      <ele>194.616</ele>
    </trkpt>
    <trkpt lat="-29.7973173" lon="135.1215532">
      <ele>193.0</ele>
    </trkpt>
    <trkpt lat="-29.7996904" lon="135.121639">
      <ele>193.103</ele>
    </trkpt>
    <trkpt lat="-29.8004959" lon="135.1216497">
      <ele>191.263</ele>
    </trkpt>
    <trkpt lat="-29.802008" lon="135.1216697">
      <ele>191.782</ele>
    </trkpt>
    <trkpt lat="-29.8021825" lon="135.1216699">
      <ele>191.155</ele>
    </trkpt>
    <trkpt lat="-29.8029255" lon="135.1216706">
      <ele>190.524</ele>
    </trkpt>
    <trkpt lat="-29.8034341" lon="135.1216711">
      <ele>189.637</ele>
    </trkpt>
    <trkpt lat="-29.8051305" lon="135.1216489">
      <ele>188.56</ele>
    </trkpt>
    <trkpt lat="-29.8078999" lon="135.1215559">
      <ele>187.553</ele>
    </trkpt>
    <trkpt lat="-29.8102294" lon="135.1214335">
      <ele>185.335</ele>
    </trkpt>
    <trkpt lat="-29.8107901" lon="135.1214041">
      <ele>185.798</ele>
    </trkpt>
    <trkpt lat="-29.8113704" lon="135.1213576">
      <ele>187.933</ele>
    </trkpt>
    <trkpt lat="-29.8119087" lon="135.1213145">
      <ele>184.292</ele>
    </trkpt>
    <trkpt lat="-29.8120882" lon="135.1213001">
      <ele>183.296</ele>
    </trkpt>
    <trkpt lat="-29.8133674" lon="135.1211976">
      <ele>183.877</ele>
    </trkpt>
    <trkpt lat="-29.8137027" lon="135.121165">
      <ele>183.0</ele>
    </trkpt>
    <trkpt lat="-29.8138819" lon="135.1211476">
      <ele>183.0</ele>
    </trkpt>
    <trkpt lat="-29.8140611" lon="135.1211302">
      <ele>183.577</ele>
    </trkpt>
    <trkpt lat="-29.8146348" lon="135.1210745">
      <ele>183.041</ele>
    </trkpt>
    <trkpt lat="-29.8165647" lon="135.1208592">
      <ele>184.367</ele>
    </trkpt>
    <trkpt lat="-29.8176423" lon="135.120739">
      <ele>184.0</ele>
    </trkpt>
    <trkpt lat="-29.8178234" lon="135.1207188">
      <ele>184.0</ele>
    </trkpt>
    <trkpt lat="-29.8186163" lon="135.1206652">
      <ele>183.0</ele>
    </trkpt>
    <trkpt lat="-29.8193244" lon="135.120645">
      <ele>184.0</ele>
    </trkpt>
    <trkpt lat="-29.8202147" lon="135.1206197">
      <ele>182.049</ele>
    </trkpt>
    <trkpt lat="-29.8210592" lon="135.1206265">
      <ele>181.765</ele>
    </trkpt>
    <trkpt lat="-29.8220587" lon="135.1206626">
      <ele>183.841</ele>
    </trkpt>
    <trkpt lat="-29.8230332" lon="135.120732">
      <ele>182.0</ele>
    </trkpt>
    <trkpt lat="-29.8233069" lon="135.1207515">
      <ele>182.0</ele>
    </trkpt>
    <trkpt lat="-29.8233919" lon="135.1207614">
      <ele>182.0</ele>
    </trkpt>
    <trkpt lat="-29.8235709" lon="135.1207823">
      <ele>182.0</ele>
    </trkpt>
    <trkpt lat="-29.8237498" lon="135.1208032">
      <ele>181.501</ele>
    </trkpt>
    <trkpt lat="-29.8241077" lon="135.120845">
      <ele>181.018</ele>
    </trkpt>
    <trkpt lat="-29.8246446" lon="135.1209076">
      <ele>182.248</ele>
    </trkpt>
    <trkpt lat="-29.8248985" lon="135.1209372">
      <ele>182.626</ele>
    </trkpt>
    <trkpt lat="-29.8261127" lon="135.1211315">
      <ele>180.006</ele>
    </trkpt>
    <trkpt lat="-29.8274149" lon="135.1214127">
      <ele>180.242</ele>
    </trkpt>
    <trkpt lat="-29.8275872" lon="135.1214499">
      <ele>180.63</ele>
    </trkpt>
    <trkpt lat="-29.8280849" lon="135.1215574">
      <ele>179.288</ele>
    </trkpt>
    <trkpt lat="-29.8284578" lon="135.1216581">
      <ele>178.031</ele>
    </trkpt>
    <trkpt lat="-29.8288922" lon="135.1217755">
      <ele>178.988</ele>
    </trkpt>
    <trkpt lat="-29.8293036" lon="135.1218866">
      <ele>177.61</ele>
    </trkpt>
    <trkpt lat="-29.8295905" lon="135.1219749">
      <ele>178.052</ele>
    </trkpt>
    <trkpt lat="-29.8297643" lon="135.1220283">
      <ele>179.106</ele>
    </trkpt>
    <trkpt lat="-29.829938" lon="135.1220817">
      <ele>179.393</ele>
    </trkpt>
    <trkpt lat="-29.8303671" lon="135.1222137">
      <ele>178.021</ele>
    </trkpt>
    <trkpt lat="-29.8311362" lon="135.1224788">
      <ele>177.264</ele>
    </trkpt>
    <trkpt lat="-29.832164" lon="135.1228612">
      <ele>177.972</ele>
    </trkpt>
    <trkpt lat="-29.8328538" lon="135.1231397">
      <ele>175.316</ele>
    </trkpt>
    <trkpt lat="-29.8329966" lon="135.1231973">
      <ele>174.718</ele>
    </trkpt>
    <trkpt lat="-29.833112" lon="135.1232439">
      <ele>174.678</ele>
    </trkpt>
    <trkpt lat="-29.8342118" lon="135.1236879">
      <ele>177.768</ele>
    </trkpt>
    <trkpt lat="-29.8343816" lon="135.1237564">
      <ele>177.882</ele>
    </trkpt>
    <trkpt lat="-29.835908" lon="135.1243726">
      <ele>178.527</ele>
    </trkpt>
    <trkpt lat="-29.8366548" lon="135.1246226">
      <ele>181.942</ele>
    </trkpt>
    <trkpt lat="-29.836897" lon="135.1246911">
      <ele>182.0</ele>
    </trkpt>
    <trkpt lat="-29.8370531" lon="135.1247352">
      <ele>181.609</ele>
    </trkpt>
    <trkpt lat="-29.8372451" lon="135.1247895">
      <ele>180.938</ele>
    </trkpt>
    <trkpt lat="-29.8374511" lon="135.1248478">
      <ele>180.549</ele>
    </trkpt>
    <trkpt lat="-29.8378255" lon="135.1249379">
      <ele>180.038</ele>
    </trkpt>
    <trkpt lat="-29.8379608" lon="135.1249705">
      <ele>180.07</ele>
    </trkpt>
    <trkpt lat="-29.8380018" lon="135.1249786">
      <ele>180.062</ele>
    </trkpt>
    <trkpt lat="-29.8381791" lon="135.1250135">
      <ele>180.423</ele>
    </trkpt>
    <trkpt lat="-29.838651" lon="135.1251063">
      <ele>180.474</ele>
    </trkpt>
    <trkpt lat="-29.8392097" lon="135.1251913">
      <ele>179.418</ele>
    </trkpt>
    <trkpt lat="-29.8398878" lon="135.1252699">
      <ele>180.028</ele>
    </trkpt>
    <trkpt lat="-29.8405284" lon="135.1253167">
      <ele>180.0</ele>
    </trkpt>
    <trkpt lat="-29.8411769" lon="135.1253389">
      <ele>176.763</ele>
    </trkpt>
    <trkpt lat="-29.8413847" lon="135.1253341">
      <ele>176.015</ele>
    </trkpt>
    <trkpt lat="-29.8415501" lon="135.1253303">
      <ele>176.69</ele>
    </trkpt>
    <trkpt lat="-29.8419394" lon="135.1253214">
      <ele>177.985</ele>
    </trkpt>
    <trkpt lat="-29.8421193" lon="135.1253173">
      <ele>177.371</ele>
    </trkpt>
    <trkpt lat="-29.8422991" lon="135.1253132">
      <ele>176.723</ele>
    </trkpt>
    <trkpt lat="-29.8423054" lon="135.1253131">
      <ele>176.701</ele>
    </trkpt>
    <trkpt lat="-29.8428872" lon="135.1252673">
      <ele>176.0</ele>
    </trkpt>
    <trkpt lat="-29.8434746" lon="135.1251965">
      <ele>176.293</ele>
    </trkpt>
    <trkpt lat="-29.844069" lon="135.1251013">
      <ele>178.648</ele>
    </trkpt>
    <trkpt lat="-29.8448148" lon="135.1249569">
      <ele>178.155</ele>
    </trkpt>
    <trkpt lat="-29.8456754" lon="135.1247395">
      <ele>179.973</ele>
    </trkpt>
    <trkpt lat="-29.845741" lon="135.1247229">
      <ele>179.998</ele>
    </trkpt>
    <trkpt lat="-29.8462939" lon="135.1245547">
      <ele>178.739</ele>
    </trkpt>
    <trkpt lat="-29.8463379" lon="135.1245414">
      <ele>178.715</ele>
    </trkpt>
    <trkpt lat="-29.8476286" lon="135.1241489">
      <ele>177.433</ele>
    </trkpt>
    <trkpt lat="-29.8491009" lon="135.1237649">
      <ele>177.763</ele>
    </trkpt>
    <trkpt lat="-29.8496499" lon="135.1236397">
      <ele>178.027</ele>
    </trkpt>
    <trkpt lat="-29.8507164" lon="135.1234303">
      <ele>178.072</ele>
    </trkpt>
    <trkpt lat="-29.8521978" lon="135.1231988">
      <ele>178.074</ele>
    </trkpt>
    <trkpt lat="-29.8528766" lon="135.1231178">
      <ele>176.92</ele>
    </trkpt>
    <trkpt lat="-29.8539357" lon="135.1230197">
      <ele>176.298</ele>
    </trkpt>
    <trkpt lat="-29.8554223" lon="135.1229477">
      <ele>176.722</ele>
    </trkpt>
    <trkpt lat="-29.85552" lon="135.122943">
      <ele>177.225</ele>
    </trkpt>
    <trkpt lat="-29.8564965" lon="135.1229371">
      <ele>177.739</ele>
    </trkpt>
    <trkpt lat="-29.8568555" lon="135.1229427">
      <ele>177.596</ele>
    </trkpt>
    <trkpt lat="-29.857537" lon="135.1229533">
      <ele>177.235</ele>
    </trkpt>
    <trkpt lat="-29.8580024" lon="135.1229781">
      <ele>175.245</ele>
    </trkpt>
    <trkpt lat="-29.8584183" lon="135.1230003">
      <ele>175.801</ele>
    </trkpt>
    <trkpt lat="-29.858846" lon="135.1230353">
      <ele>175.865</ele>
    </trkpt>
    <trkpt lat="-29.8588614" lon="135.1230365">
      <ele>175.87</ele>
    </trkpt>
    <trkpt lat="-29.8592095" lon="135.123065">
      <ele>175.029</ele>
    </trkpt>
    <trkpt lat="-29.8602458" lon="135.1231794">
      <ele>175.936</ele>
    </trkpt>
    <trkpt lat="-29.8609946" lon="135.1232848">
      <ele>177.0</ele>
    </trkpt>
    <trkpt lat="-29.8621712" lon="135.1234816">
      <ele>176.534</ele>
    </trkpt>
    <trkpt lat="-29.863252" lon="135.1237054">
      <ele>175.854</ele>
    </trkpt>
    <trkpt lat="-29.8643633" lon="135.1239747">
      <ele>177.803</ele>
    </trkpt>
    <trkpt lat="-29.8650524" lon="135.1241683">
      <ele>176.816</ele>
    </trkpt>
    <trkpt lat="-29.8651143" lon="135.1241857">
      <ele>176.629</ele>
    </trkpt>
    <trkpt lat="-29.8652341" lon="135.1242194">
      <ele>176.187</ele>
    </trkpt>
    <trkpt lat="-29.8660878" lon="135.1244809">
      <ele>176.179</ele>
    </trkpt>
    <trkpt lat="-29.8672378" lon="135.1248745">
      <ele>176.995</ele>
    </trkpt>
    <trkpt lat="-29.8683694" lon="135.1253115">
      <ele>175.854</ele>
    </trkpt>
    <trkpt lat="-29.8691468" lon="135.125639">
      <ele>175.857</ele>
    </trkpt>
    <trkpt lat="-29.8701053" lon="135.1260739">
      <ele>174.134</ele>
    </trkpt>
    <trkpt lat="-29.8708177" lon="135.1264249">
      <ele>174.699</ele>
    </trkpt>
    <trkpt lat="-29.8708556" lon="135.1264436">
      <ele>174.638</ele>
    </trkpt>
    <trkpt lat="-29.8711117" lon="135.1265698">
      <ele>175.002</ele>
    </trkpt>
    <trkpt lat="-29.8720825" lon="135.1270903">
      <ele>176.978</ele>
    </trkpt>
    <trkpt lat="-29.8729094" lon="135.1275653">
      <ele>176.0</ele>
    </trkpt>
    <trkpt lat="-29.8731516" lon="135.1277144">
      <ele>176.267</ele>
    </trkpt>
    <trkpt lat="-29.8737871" lon="135.1281056">
      <ele>176.366</ele>
    </trkpt>
    <trkpt lat="-29.8748032" lon="135.1287718">
      <ele>176.0</ele>
    </trkpt>
    <trkpt lat="-29.8756133" lon="135.1293076">
      <ele>176.599</ele>
    </trkpt>
    <trkpt lat="-29.8764036" lon="135.1298341">
      <ele>175.074</ele>
    </trkpt>
    <trkpt lat="-29.8810812" lon="135.1329074">
      <ele>177.632</ele>
    </trkpt>
    <trkpt lat="-29.8826779" lon="135.1339565">
      <ele>178.125</ele>
    </trkpt>
    <trkpt lat="-29.8839566" lon="135.1348318">
      <ele>176.067</ele>
    </trkpt>
    <trkpt lat="-29.8843412" lon="135.1350965">
      <ele>174.719</ele>
    </trkpt>
    <trkpt lat="-29.8852583" lon="135.135756">
      <ele>176.208</ele>
    </trkpt>
    <trkpt lat="-29.8863787" lon="135.1364927">
      <ele>175.963</ele>
    </trkpt>
    <trkpt lat="-29.8891059" lon="135.1382495">
      <ele>177.611</ele>
    </trkpt>
    <trkpt lat="-29.8897598" lon="135.1386708">
      <ele>179.244</ele>
    </trkpt>
    <trkpt lat="-29.8897772" lon="135.1386823">
      <ele>179.307</ele>
    </trkpt>
    <trkpt lat="-29.8928997" lon="135.1407426">
      <ele>177.817</ele>
    </trkpt>
    <trkpt lat="-29.8956818" lon="135.1425785">
      <ele>179.546</ele>
    </trkpt>
    <trkpt lat="-29.8957099" lon="135.142597">
      <ele>179.444</ele>
    </trkpt>
    <trkpt lat="-29.8963343" lon="135.1430091">
      <ele>178.0</ele>
    </trkpt>
    <trkpt lat="-29.8964904" lon="135.1431122">
      <ele>178.0</ele>
    </trkpt>
    <trkpt lat="-29.8975932" lon="135.14384">
      <ele>178.781</ele>
    </trkpt>
    <trkpt lat="-29.8990017" lon="135.1447333">
      <ele>180.984</ele>
    </trkpt>
    <trkpt lat="-29.8996294" lon="135.1451314">
      <ele>179.176</ele>
    </trkpt>
    <trkpt lat="-29.901841" lon="135.1464886">
      <ele>178.0</ele>
    </trkpt>
    <trkpt lat="-29.9036854" lon="135.1475917">
      <ele>176.758</ele>
    </trkpt>
    <trkpt lat="-29.9054782" lon="135.1486362">
      <ele>176.09</ele>
    </trkpt>
    <trkpt lat="-29.9056946" lon="135.1487591">
      <ele>177.768</ele>
    </trkpt>
    <trkpt lat="-29.9056997" lon="135.148762">
      <ele>177.818</ele>
    </trkpt>
    <trkpt lat="-29.9061147" lon="135.1489976">
      <ele>178.596</ele>
    </trkpt>
    <trkpt lat="-29.9073134" lon="135.1496782">
      <ele>176.106</ele>
    </trkpt>
    <trkpt lat="-29.9077976" lon="135.1499531">
      <ele>176.0</ele>
    </trkpt>
    <trkpt lat="-29.9078784" lon="135.149999">
      <ele>176.0</ele>
    </trkpt>
    <trkpt lat="-29.9101922" lon="135.1512651">
      <ele>177.554</ele>
    </trkpt>
    <trkpt lat="-29.9119144" lon="135.1521806">
      <ele>178.474</ele>
    </trkpt>
    <trkpt lat="-29.9128536" lon="135.1526644">
      <ele>178.343</ele>
    </trkpt>
    <trkpt lat="-29.9154453" lon="135.1539727">
      <ele>176.207</ele>
    </trkpt>
    <trkpt lat="-29.917329" lon="135.154899">
      <ele>178.0</ele>
    </trkpt>
    <trkpt lat="-29.9178364" lon="135.1551424">
      <ele>177.892</ele>
    </trkpt>
    <trkpt lat="-29.9188497" lon="135.1556281">
      <ele>178.365</ele>
    </trkpt>
    <trkpt lat="-29.92001" lon="135.1561768">
      <ele>174.036</ele>
    </trkpt>
    <trkpt lat="-29.9203945" lon="135.1563417">
      <ele>175.349</ele>
    </trkpt>
    <trkpt lat="-29.9214731" lon="135.1568045">
      <ele>176.0</ele>
    </trkpt>
    <trkpt lat="-29.9227607" lon="135.1573353">
      <ele>174.728</ele>
    </trkpt>
    <trkpt lat="-29.9231196" lon="135.1574833">
      <ele>177.17</ele>
    </trkpt>
    <trkpt lat="-29.9234417" lon="135.1576027">
      <ele>177.754</ele>
    </trkpt>
    <trkpt lat="-29.9236129" lon="135.1576662">
      <ele>177.592</ele>
    </trkpt>
    <trkpt lat="-29.9248116" lon="135.1581105">
      <ele>176.802</ele>
    </trkpt>
    <trkpt lat="-29.9249307" lon="135.1581546">
      <ele>176.643</ele>
    </trkpt>
    <trkpt lat="-29.9253262" lon="135.158298">
      <ele>177.149</ele>
    </trkpt>
    <trkpt lat="-29.9254978" lon="135.1583602">
      <ele>177.0</ele>
    </trkpt>
    <trkpt lat="-29.9258444" lon="135.1584859">
      <ele>177.473</ele>
    </trkpt>
    <trkpt lat="-29.9276146" lon="135.1590696">
      <ele>177.793</ele>
    </trkpt>
    <trkpt lat="-29.9279177" lon="135.159163">
      <ele>176.49</ele>
    </trkpt>
    <trkpt lat="-29.9289563" lon="135.1594832">
      <ele>174.0</ele>
    </trkpt>
    <trkpt lat="-29.9294849" lon="135.15963">
      <ele>175.575</ele>
    </trkpt>
    <trkpt lat="-29.9302215" lon="135.1598346">
      <ele>176.798</ele>
    </trkpt>
    <trkpt lat="-29.9311757" lon="135.1601182">
      <ele>176.807</ele>
    </trkpt>
    <trkpt lat="-29.9319314" lon="135.1603172">
      <ele>176.047</ele>
    </trkpt>
    <trkpt lat="-29.933331" lon="135.1606548">
      <ele>178.0</ele>
    </trkpt>
    <trkpt lat="-29.9347991" lon="135.160993">
      <ele>178.575</ele>
    </trkpt>
    <trkpt lat="-29.9366697" lon="135.1613973">
      <ele>178.011</ele>
    </trkpt>
    <trkpt lat="-29.938071" lon="135.1616588">
      <ele>183.027</ele>
    </trkpt>
    <trkpt lat="-29.938753" lon="135.1617861">
      <ele>181.687</ele>
    </trkpt>
    <trkpt lat="-29.9396215" lon="135.1619302">
      <ele>179.897</ele>
    </trkpt>
    <trkpt lat="-29.9397816" lon="135.1619567">
      <ele>180.054</ele>
    </trkpt>
    <trkpt lat="-29.9412153" lon="135.1621773">
      <ele>180.625</ele>
    </trkpt>
    <trkpt lat="-29.9414549" lon="135.1622081">
      <ele>179.549</ele>
    </trkpt>
    <trkpt lat="-29.9416336" lon="135.1622311">
      <ele>178.266</ele>
    </trkpt>
    <trkpt lat="-29.9418124" lon="135.1622542">
      <ele>178.115</ele>
    </trkpt>
    <trkpt lat="-29.9419911" lon="135.1622772">
      <ele>178.333</ele>
    </trkpt>
    <trkpt lat="-29.9420916" lon="135.1622901">
      <ele>178.645</ele>
    </trkpt>
    <trkpt lat="-29.942349" lon="135.1623187">
      <ele>179.298</ele>
    </trkpt>
    <trkpt lat="-29.9425281" lon="135.1623386">
      <ele>179.623</ele>
    </trkpt>
    <trkpt lat="-29.942794" lon="135.1623682">
      <ele>180.058</ele>
    </trkpt>
    <trkpt lat="-29.9434233" lon="135.162438">
      <ele>181.899</ele>
    </trkpt>
    <trkpt lat="-29.9436023" lon="135.1624579">
      <ele>181.183</ele>
    </trkpt>
    <trkpt lat="-29.9440359" lon="135.162506">
      <ele>179.449</ele>
    </trkpt>
    <trkpt lat="-29.9441395" lon="135.1625162">
      <ele>179.039</ele>
    </trkpt>
    <trkpt lat="-29.9457117" lon="135.1626712">
      <ele>178.784</ele>
    </trkpt>
    <trkpt lat="-29.9486151" lon="135.1630012">
      <ele>177.597</ele>
    </trkpt>
    <trkpt lat="-29.9506524" lon="135.1632749">
      <ele>176.441</ele>
    </trkpt>
    <trkpt lat="-29.9523376" lon="135.1635396">
      <ele>175.151</ele>
    </trkpt>
    <trkpt lat="-29.9541434" lon="135.1638544">
      <ele>176.916</ele>
    </trkpt>
    <trkpt lat="-29.9561536" lon="135.164238">
      <ele>175.63</ele>
    </trkpt>
    <trkpt lat="-29.9576859" lon="135.1645678">
      <ele>171.965</ele>
    </trkpt>
    <trkpt lat="-29.957838" lon="135.1646005">
      <ele>171.998</ele>
    </trkpt>
    <trkpt lat="-29.9578872" lon="135.1646127">
      <ele>172.027</ele>
    </trkpt>
    <trkpt lat="-29.961027" lon="135.1653965">
      <ele>174.303</ele>
    </trkpt>
    <trkpt lat="-29.9611186" lon="135.1654194">
      <ele>173.946</ele>
    </trkpt>
    <trkpt lat="-29.9613777" lon="135.1654888">
      <ele>172.081</ele>
    </trkpt>
    <trkpt lat="-29.9615529" lon="135.1655358">
      <ele>172.548</ele>
    </trkpt>
    <trkpt lat="-29.9630872" lon="135.165947">
      <ele>172.933</ele>
    </trkpt>
    <trkpt lat="-29.9643967" lon="135.1663285">
      <ele>173.217</ele>
    </trkpt>
    <trkpt lat="-29.9653933" lon="135.1666348">
      <ele>172.115</ele>
    </trkpt>
    <trkpt lat="-29.965468" lon="135.1666578">
      <ele>172.032</ele>
    </trkpt>
    <trkpt lat="-29.9668215" lon="135.1671082">
      <ele>172.296</ele>
    </trkpt>
    <trkpt lat="-29.9670422" lon="135.1671815">
      <ele>172.948</ele>
    </trkpt>
    <trkpt lat="-29.9686721" lon="135.1677466">
      <ele>173.78</ele>
    </trkpt>
    <trkpt lat="-29.9699824" lon="135.1682009">
      <ele>173.827</ele>
    </trkpt>
    <trkpt lat="-29.9716422" lon="135.1688254">
      <ele>172.068</ele>
    </trkpt>
    <trkpt lat="-29.9722694" lon="135.1690745">
      <ele>173.332</ele>
    </trkpt>
    <trkpt lat="-29.9726096" lon="135.1692096">
      <ele>172.605</ele>
    </trkpt>
    <trkpt lat="-29.973065" lon="135.1693905">
      <ele>172.034</ele>
    </trkpt>
    <trkpt lat="-29.9755408" lon="135.1704543">
      <ele>171.689</ele>
    </trkpt>
    <trkpt lat="-29.9763567" lon="135.1708044">
      <ele>170.116</ele>
    </trkpt>
    <trkpt lat="-29.977491" lon="135.17133">
      <ele>172.007</ele>
    </trkpt>
    <trkpt lat="-29.9786279" lon="135.1718545">
      <ele>173.263</ele>
    </trkpt>
    <trkpt lat="-29.9787968" lon="135.1719439">
      <ele>172.333</ele>
    </trkpt>
    <trkpt lat="-29.9791243" lon="135.1721172">
      <ele>169.363</ele>
    </trkpt>
    <trkpt lat="-29.9792108" lon="135.1721604">
      <ele>168.841</ele>
    </trkpt>
    <trkpt lat="-29.9793744" lon="135.1722422">
      <ele>168.324</ele>
    </trkpt>
    <trkpt lat="-29.9797216" lon="135.1724087">
      <ele>168.999</ele>
    </trkpt>
    <trkpt lat="-29.9798877" lon="135.1724884">
      <ele>169.0</ele>
    </trkpt>
    <trkpt lat="-29.9800538" lon="135.1725681">
      <ele>168.806</ele>
    </trkpt>
    <trkpt lat="-29.9807297" lon="135.1728923">
      <ele>167.373</ele>
    </trkpt>
    <trkpt lat="-29.9820304" lon="135.1735682">
      <ele>167.88</ele>
    </trkpt>
    <trkpt lat="-29.9829423" lon="135.1740421">
      <ele>170.266</ele>
    </trkpt>
    <trkpt lat="-29.9854613" lon="135.175392">
      <ele>169.8</ele>
    </trkpt>
    <trkpt lat="-29.9864402" lon="135.1759166">
      <ele>168.815</ele>
    </trkpt>
    <trkpt lat="-29.9864544" lon="135.1759242">
      <ele>168.764</ele>
    </trkpt>
    <trkpt lat="-29.9870934" lon="135.1762647">
      <ele>168.496</ele>
    </trkpt>
    <trkpt lat="-29.98742" lon="135.1764387">
      <ele>167.821</ele>
    </trkpt>
    <trkpt lat="-29.98791" lon="135.1766998">
      <ele>167.476</ele>
    </trkpt>
    <trkpt lat="-29.9880733" lon="135.1767868">
      <ele>168.064</ele>
    </trkpt>
    <trkpt lat="-29.9885633" lon="135.1770478">
      <ele>170.264</ele>
    </trkpt>
    <trkpt lat="-29.9887265" lon="135.1771348">
      <ele>169.854</ele>
    </trkpt>
    <trkpt lat="-29.9892165" lon="135.1773959">
      <ele>169.446</ele>
    </trkpt>
    <trkpt lat="-29.9893798" lon="135.1774829">
      <ele>169.171</ele>
    </trkpt>
    <trkpt lat="-29.9895431" lon="135.1775699">
      <ele>168.631</ele>
    </trkpt>
    <trkpt lat="-29.9921561" lon="135.1789622">
      <ele>171.026</ele>
    </trkpt>
    <trkpt lat="-29.9922334" lon="135.1790034">
      <ele>171.332</ele>
    </trkpt>
    <trkpt lat="-29.9937892" lon="135.1798325">
      <ele>168.471</ele>
    </trkpt>
    <trkpt lat="-29.9946057" lon="135.1802677">
      <ele>169.456</ele>
    </trkpt>
    <trkpt lat="-29.9955855" lon="135.1807899">
      <ele>169.076</ele>
    </trkpt>
    <trkpt lat="-29.9963564" lon="135.1812008">
      <ele>171.715</ele>
    </trkpt>
    <trkpt lat="-29.9972184" lon="135.1816607">
      <ele>171.973</ele>
    </trkpt>
    <trkpt lat="-29.9973817" lon="135.1817478">
      <ele>172.574</ele>
    </trkpt>
    <trkpt lat="-29.9990145" lon="135.182619">
      <ele>170.687</ele>
    </trkpt>
    <trkpt lat="-30.0003207" lon="135.1833159">
      <ele>172.164</ele>
    </trkpt>
    <trkpt lat="-30.0019535" lon="135.1841871">
      <ele>170.145</ele>
    </trkpt>
    <trkpt lat="-30.0042393" lon="135.1854068">
      <ele>169.605</ele>
    </trkpt>
    <trkpt lat="-30.0085784" lon="135.187728">
      <ele>167.0</ele>
    </trkpt>
    <trkpt lat="-30.0103359" lon="135.188655">
      <ele>170.176</ele>
    </trkpt>
    <trkpt lat="-30.0113568" lon="135.1891897">
      <ele>171.917</ele>
    </trkpt>
    <trkpt lat="-30.0124944" lon="135.1897842">
      <ele>171.004</ele>
    </trkpt>
    <trkpt lat="-30.0134599" lon="135.190263">
      <ele>170.053</ele>
    </trkpt>
    <trkpt lat="-30.0144068" lon="135.190702">
      <ele>172.663</ele>
    </trkpt>
    <trkpt lat="-30.0150611" lon="135.1910167">
      <ele>173.44</ele>
    </trkpt>
    <trkpt lat="-30.0152966" lon="135.1911331">
      <ele>174.921</ele>
    </trkpt>
    <trkpt lat="-30.0153751" lon="135.1911703">
      <ele>174.787</ele>
    </trkpt>
    <trkpt lat="-30.0157459" lon="135.1913515">
      <ele>173.357</ele>
    </trkpt>
    <trkpt lat="-30.0168722" lon="135.1918107">
      <ele>171.779</ele>
    </trkpt>
    <trkpt lat="-30.0170113" lon="135.1918676">
      <ele>171.483</ele>
    </trkpt>
    <trkpt lat="-30.0187058" lon="135.1924942">
      <ele>170.028</ele>
    </trkpt>
    <trkpt lat="-30.0201687" lon="135.1929774">
      <ele>173.547</ele>
    </trkpt>
    <trkpt lat="-30.0205958" lon="135.1931028">
      <ele>176.0</ele>
    </trkpt>
    <trkpt lat="-30.0207701" lon="135.193154">
      <ele>176.0</ele>
    </trkpt>
    <trkpt lat="-30.0217233" lon="135.193434">
      <ele>172.394</ele>
    </trkpt>
    <trkpt lat="-30.0228694" lon="135.1937322">
      <ele>174.718</ele>
    </trkpt>
    <trkpt lat="-30.0230449" lon="135.1937778">
      <ele>173.092</ele>
    </trkpt>
    <trkpt lat="-30.0238513" lon="135.1939876">
      <ele>172.605</ele>
    </trkpt>
    <trkpt lat="-30.0247955" lon="135.1941976">
      <ele>173.029</ele>
    </trkpt>
    <trkpt lat="-30.0264028" lon="135.1945055">
      <ele>174.17</ele>
    </trkpt>
    <trkpt lat="-30.0271123" lon="135.1946101">
      <ele>171.035</ele>
    </trkpt>
    <trkpt lat="-30.0281212" lon="135.1947689">
      <ele>171.872</ele>
    </trkpt>
    <trkpt lat="-30.0299552" lon="135.1949884">
      <ele>172.274</ele>
    </trkpt>
    <trkpt lat="-30.0314785" lon="135.1951137">
      <ele>173.236</ele>
    </trkpt>
    <trkpt lat="-30.0327691" lon="135.1951819">
      <ele>171.655</ele>
    </trkpt>
    <trkpt lat="-30.0333053" lon="135.195194">
      <ele>178.667</ele>
    </trkpt>
    <trkpt lat="-30.0334852" lon="135.1951981">
      <ele>179.39</ele>
    </trkpt>
    <trkpt lat="-30.0343039" lon="135.1952166">
      <ele>177.46</ele>
    </trkpt>
    <trkpt lat="-30.0343843" lon="135.1952156">
      <ele>176.937</ele>
    </trkpt>
    <trkpt lat="-30.0345433" lon="135.1952137">
      <ele>175.553</ele>
    </trkpt>
    <trkpt lat="-30.0349046" lon="135.1952102">
      <ele>173.26</ele>
    </trkpt>
    <trkpt lat="-30.0357567" lon="135.1952021">
      <ele>175.0</ele>
    </trkpt>
    <trkpt lat="-30.0367421" lon="135.1952135">
      <ele>173.937</ele>
    </trkpt>
    <trkpt lat="-30.0371461" lon="135.1952183">
      <ele>175.393</ele>
    </trkpt>
    <trkpt lat="-30.0389274" lon="135.1952171">
      <ele>173.139</ele>
    </trkpt>
    <trkpt lat="-30.0409563" lon="135.1952159">
      <ele>174.557</ele>
    </trkpt>
    <trkpt lat="-30.0437371" lon="135.1952171">
      <ele>174.646</ele>
    </trkpt>
    <trkpt lat="-30.0446365" lon="135.1952175">
      <ele>175.166</ele>
    </trkpt>
    <trkpt lat="-30.0448163" lon="135.1952176">
      <ele>175.71</ele>
    </trkpt>
    <trkpt lat="-30.0449962" lon="135.1952177">
      <ele>175.57</ele>
    </trkpt>
    <trkpt lat="-30.0460754" lon="135.1952182">
      <ele>178.96</ele>
    </trkpt>
    <trkpt lat="-30.0462552" lon="135.1952183">
      <ele>177.341</ele>
    </trkpt>
    <trkpt lat="-30.0464351" lon="135.1952184">
      <ele>175.834</ele>
    </trkpt>
    <trkpt lat="-30.0467948" lon="135.1952186">
      <ele>175.461</ele>
    </trkpt>
    <trkpt lat="-30.0469747" lon="135.1952187">
      <ele>176.195</ele>
    </trkpt>
    <trkpt lat="-30.0494928" lon="135.1952197">
      <ele>178.965</ele>
    </trkpt>
    <trkpt lat="-30.0520109" lon="135.1952208">
      <ele>175.4</ele>
    </trkpt>
    <trkpt lat="-30.0532953" lon="135.1952214">
      <ele>175.551</ele>
    </trkpt>
    <trkpt lat="-30.0563276" lon="135.1952219">
      <ele>182.377</ele>
    </trkpt>
    <trkpt lat="-30.0595652" lon="135.1952225">
      <ele>183.714</ele>
    </trkpt>
    <trkpt lat="-30.0599249" lon="135.1952226">
      <ele>183.018</ele>
    </trkpt>
    <trkpt lat="-30.0615437" lon="135.1952228">
      <ele>179.088</ele>
    </trkpt>
    <trkpt lat="-30.0624847" lon="135.195223">
      <ele>182.384</ele>
    </trkpt>
    <trkpt lat="-30.0660403" lon="135.1952226">
      <ele>186.541</ele>
    </trkpt>
    <trkpt lat="-30.0662201" lon="135.1952226">
      <ele>187.314</ele>
    </trkpt>
    <trkpt lat="-30.0665799" lon="135.1952226">
      <ele>187.801</ele>
    </trkpt>
    <trkpt lat="-30.0667597" lon="135.1952226">
      <ele>187.533</ele>
    </trkpt>
    <trkpt lat="-30.0669396" lon="135.1952226">
      <ele>187.014</ele>
    </trkpt>
    <trkpt lat="-30.0681987" lon="135.1952224">
      <ele>186.097</ele>
    </trkpt>
    <trkpt lat="-30.0683785" lon="135.1952224">
      <ele>185.805</ele>
    </trkpt>
    <trkpt lat="-30.0692778" lon="135.1952223">
      <ele>182.4</ele>
    </trkpt>
    <trkpt lat="-30.0694577" lon="135.1952223">
      <ele>183.124</ele>
    </trkpt>
    <trkpt lat="-30.0706544" lon="135.1952222">
      <ele>185.871</ele>
    </trkpt>
    <trkpt lat="-30.0717959" lon="135.1952221">
      <ele>185.158</ele>
    </trkpt>
    <trkpt lat="-30.0734147" lon="135.1952219">
      <ele>185.908</ele>
    </trkpt>
    <trkpt lat="-30.0741342" lon="135.1952218">
      <ele>185.178</ele>
    </trkpt>
    <trkpt lat="-30.0753932" lon="135.1952217">
      <ele>184.084</ele>
    </trkpt>
    <trkpt lat="-30.0759328" lon="135.1952216">
      <ele>184.0</ele>
    </trkpt>
    <trkpt lat="-30.076425" lon="135.1952216">
      <ele>184.0</ele>
    </trkpt>
    <trkpt lat="-30.0780608" lon="135.1952036">
      <ele>182.7</ele>
    </trkpt>
    <trkpt lat="-30.0842065" lon="135.1952053">
      <ele>182.49</ele>
    </trkpt>
    <trkpt lat="-30.0851058" lon="135.1952055">
      <ele>181.542</ele>
    </trkpt>
    <trkpt lat="-30.0881296" lon="135.1952063">
      <ele>179.335</ele>
    </trkpt>
    <trkpt lat="-30.0935594" lon="135.1952062">
      <ele>178.976</ele>
    </trkpt>
    <trkpt lat="-30.0976348" lon="135.1952025">
      <ele>179.375</ele>
    </trkpt>
    <trkpt lat="-30.0995039" lon="135.195201">
      <ele>177.49</ele>
    </trkpt>
    <trkpt lat="-30.104909" lon="135.1951972">
      <ele>175.767</ele>
    </trkpt>
    <trkpt lat="-30.1050889" lon="135.1951971">
      <ele>176.0</ele>
    </trkpt>
    <trkpt lat="-30.1052687" lon="135.195197">
      <ele>176.0</ele>
    </trkpt>
    <trkpt lat="-30.1059881" lon="135.1951965">
      <ele>174.265</ele>
    </trkpt>
    <trkpt lat="-30.1065277" lon="135.1951961">
      <ele>175.853</ele>
    </trkpt>
    <trkpt lat="-30.1068875" lon="135.1951959">
      <ele>175.439</ele>
    </trkpt>
    <trkpt lat="-30.1086861" lon="135.1951946">
      <ele>172.811</ele>
    </trkpt>
    <trkpt lat="-30.1090459" lon="135.1951943">
      <ele>172.696</ele>
    </trkpt>
    <trkpt lat="-30.110808" lon="135.1951931">
      <ele>174.723</ele>
    </trkpt>
    <trkpt lat="-30.111564" lon="135.1951924">
      <ele>174.323</ele>
    </trkpt>
    <trkpt lat="-30.1119237" lon="135.1951921">
      <ele>173.126</ele>
    </trkpt>
    <trkpt lat="-30.1122834" lon="135.1951917">
      <ele>172.0</ele>
    </trkpt>
    <trkpt lat="-30.1124633" lon="135.1951915">
      <ele>172.0</ele>
    </trkpt>
    <trkpt lat="-30.1126432" lon="135.1951914">
      <ele>172.0</ele>
    </trkpt>
    <trkpt lat="-30.112823" lon="135.1951912">
      <ele>172.275</ele>
    </trkpt>
    <trkpt lat="-30.1133626" lon="135.1951907">
      <ele>175.0</ele>
    </trkpt>
    <trkpt lat="-30.1137223" lon="135.1951904">
      <ele>174.6</ele>
    </trkpt>
    <trkpt lat="-30.1153411" lon="135.1951889">
      <ele>174.475</ele>
    </trkpt>
    <trkpt lat="-30.1156048" lon="135.1951887">
      <ele>174.823</ele>
    </trkpt>
    <trkpt lat="-30.1174995" lon="135.195187">
      <ele>175.001</ele>
    </trkpt>
    <trkpt lat="-30.1192981" lon="135.1951853">
      <ele>174.211</ele>
    </trkpt>
    <trkpt lat="-30.1219494" lon="135.1951829">
      <ele>176.365</ele>
    </trkpt>
    <trkpt lat="-30.1254135" lon="135.1951784">
      <ele>181.0</ele>
    </trkpt>
    <trkpt lat="-30.1255933" lon="135.1951782">
      <ele>180.913</ele>
    </trkpt>
    <trkpt lat="-30.1257732" lon="135.1951779">
      <ele>180.498</ele>
    </trkpt>
    <trkpt lat="-30.1263128" lon="135.1951772">
      <ele>183.814</ele>
    </trkpt>
    <trkpt lat="-30.1266725" lon="135.1951768">
      <ele>183.958</ele>
    </trkpt>
    <trkpt lat="-30.1270323" lon="135.1951763">
      <ele>181.483</ele>
    </trkpt>
    <trkpt lat="-30.1272121" lon="135.195176">
      <ele>180.426</ele>
    </trkpt>
    <trkpt lat="-30.1277517" lon="135.1951753">
      <ele>180.275</ele>
    </trkpt>
    <trkpt lat="-30.1301717" lon="135.1951721">
      <ele>179.766</ele>
    </trkpt>
    <trkpt lat="-30.1334836" lon="135.1951857">
      <ele>176.848</ele>
    </trkpt>
    <trkpt lat="-30.1342268" lon="135.1951853">
      <ele>178.956</ele>
    </trkpt>
    <trkpt lat="-30.1345865" lon="135.1951851">
      <ele>180.0</ele>
    </trkpt>
    <trkpt lat="-30.1349463" lon="135.1951849">
      <ele>180.0</ele>
    </trkpt>
    <trkpt lat="-30.1362053" lon="135.1951842">
      <ele>178.678</ele>
    </trkpt>
    <trkpt lat="-30.1367449" lon="135.1951839">
      <ele>181.338</ele>
    </trkpt>
    <trkpt lat="-30.1372845" lon="135.1951836">
      <ele>180.776</ele>
    </trkpt>
    <trkpt lat="-30.1374643" lon="135.1951835">
      <ele>180.129</ele>
    </trkpt>
    <trkpt lat="-30.1394429" lon="135.1951824">
      <ele>185.646</ele>
    </trkpt>
    <trkpt lat="-30.1412415" lon="135.1951814">
      <ele>182.368</ele>
    </trkpt>
    <trkpt lat="-30.1414214" lon="135.1951813">
      <ele>181.5</ele>
    </trkpt>
    <trkpt lat="-30.1430401" lon="135.1951804">
      <ele>182.406</ele>
    </trkpt>
    <trkpt lat="-30.14322" lon="135.1951803">
      <ele>181.759</ele>
    </trkpt>
    <trkpt lat="-30.1462842" lon="135.1951787">
      <ele>183.509</ele>
    </trkpt>
    <trkpt lat="-30.1466374" lon="135.1951782">
      <ele>182.747</ele>
    </trkpt>
    <trkpt lat="-30.1468173" lon="135.195178">
      <ele>182.641</ele>
    </trkpt>
    <trkpt lat="-30.1489756" lon="135.1951751">
      <ele>183.879</ele>
    </trkpt>
    <trkpt lat="-30.1500548" lon="135.1951736">
      <ele>180.803</ele>
    </trkpt>
    <trkpt lat="-30.1524394" lon="135.1951704">
      <ele>183.0</ele>
    </trkpt>
    <trkpt lat="-30.153832" lon="135.1951666">
      <ele>183.918</ele>
    </trkpt>
    <trkpt lat="-30.1552709" lon="135.1951627">
      <ele>186.404</ele>
    </trkpt>
    <trkpt lat="-30.1554507" lon="135.1951622">
      <ele>186.416</ele>
    </trkpt>
    <trkpt lat="-30.1559903" lon="135.1951607">
      <ele>186.421</ele>
    </trkpt>
    <trkpt lat="-30.1565299" lon="135.1951593">
      <ele>185.919</ele>
    </trkpt>
    <trkpt lat="-30.157978" lon="135.1951553">
      <ele>186.403</ele>
    </trkpt>
    <trkpt lat="-30.1581487" lon="135.1951585">
      <ele>186.571</ele>
    </trkpt>
    <trkpt lat="-30.1594076" lon="135.1951819">
      <ele>185.609</ele>
    </trkpt>
    <trkpt lat="-30.160516" lon="135.1952026">
      <ele>186.896</ele>
    </trkpt>
    <trkpt lat="-30.1607457" lon="135.1952145">
      <ele>187.0</ele>
    </trkpt>
    <trkpt lat="-30.160846" lon="135.1952195">
      <ele>186.918</ele>
    </trkpt>
    <trkpt lat="-30.1615728" lon="135.1952578">
      <ele>185.0</ele>
    </trkpt>
    <trkpt lat="-30.161756" lon="135.1952674">
      <ele>185.631</ele>
    </trkpt>
    <trkpt lat="-30.1619319" lon="135.1952817">
      <ele>186.91</ele>
    </trkpt>
    <trkpt lat="-30.1622908" lon="135.1953108">
      <ele>186.446</ele>
    </trkpt>
    <trkpt lat="-30.1631879" lon="135.1953837">
      <ele>185.705</ele>
    </trkpt>
    <trkpt lat="-30.1647329" lon="135.1955942">
      <ele>185.134</ele>
    </trkpt>
    <trkpt lat="-30.1650902" lon="135.1956429">
      <ele>184.898</ele>
    </trkpt>
    <trkpt lat="-30.1654468" lon="135.1956856">
      <ele>184.532</ele>
    </trkpt>
    <trkpt lat="-30.1654579" lon="135.1956869">
      <ele>184.527</ele>
    </trkpt>
    <trkpt lat="-30.165625" lon="135.1957142">
      <ele>184.679</ele>
    </trkpt>
    <trkpt lat="-30.1664096" lon="135.1958425">
      <ele>185.972</ele>
    </trkpt>
    <trkpt lat="-30.1669106" lon="135.1959419">
      <ele>185.856</ele>
    </trkpt>
    <trkpt lat="-30.1688223" lon="135.1963016">
      <ele>185.117</ele>
    </trkpt>
    <trkpt lat="-30.169295" lon="135.1963905">
      <ele>186.994</ele>
    </trkpt>
    <trkpt lat="-30.1700606" lon="135.1965639">
      <ele>186.0</ele>
    </trkpt>
    <trkpt lat="-30.1707313" lon="135.1967158">
      <ele>185.847</ele>
    </trkpt>
    <trkpt lat="-30.1725102" lon="135.1972466">
      <ele>187.915</ele>
    </trkpt>
    <trkpt lat="-30.1732066" lon="135.197444">
      <ele>189.978</ele>
    </trkpt>
    <trkpt lat="-30.1733813" lon="135.1974935">
      <ele>190.804</ele>
    </trkpt>
    <trkpt lat="-30.1735559" lon="135.197543">
      <ele>190.044</ele>
    </trkpt>
    <trkpt lat="-30.1737307" lon="135.1975925">
      <ele>188.949</ele>
    </trkpt>
    <trkpt lat="-30.1740719" lon="135.1976892">
      <ele>187.341</ele>
    </trkpt>
    <trkpt lat="-30.1752831" lon="135.1981211">
      <ele>185.019</ele>
    </trkpt>
    <trkpt lat="-30.175455" lon="135.1981824">
      <ele>185.638</ele>
    </trkpt>
    <trkpt lat="-30.1756209" lon="135.1982416">
      <ele>186.393</ele>
    </trkpt>
    <trkpt lat="-30.1771593" lon="135.1988472">
      <ele>187.076</ele>
    </trkpt>
    <trkpt lat="-30.1773295" lon="135.1989142">
      <ele>186.909</ele>
    </trkpt>
    <trkpt lat="-30.1777109" lon="135.1990643">
      <ele>185.609</ele>
    </trkpt>
    <trkpt lat="-30.1784366" lon="135.1993881">
      <ele>184.797</ele>
    </trkpt>
    <trkpt lat="-30.1789829" lon="135.1996543">
      <ele>186.094</ele>
    </trkpt>
    <trkpt lat="-30.1802895" lon="135.2002819">
      <ele>184.973</ele>
    </trkpt>
    <trkpt lat="-30.1813541" lon="135.2008344">
      <ele>184.0</ele>
    </trkpt>
    <trkpt lat="-30.1824597" lon="135.2014332">
      <ele>183.0</ele>
    </trkpt>
    <trkpt lat="-30.183153" lon="135.2018088">
      <ele>185.47</ele>
    </trkpt>
    <trkpt lat="-30.1837468" lon="135.2021761">
      <ele>183.488</ele>
    </trkpt>
    <trkpt lat="-30.184064" lon="135.2023724">
      <ele>184.489</ele>
    </trkpt>
    <trkpt lat="-30.1842399" lon="135.2024812">
      <ele>184.068</ele>
    </trkpt>
    <trkpt lat="-30.1843805" lon="135.2025701">
      <ele>183.806</ele>
    </trkpt>
    <trkpt lat="-30.1848539" lon="135.2028695">
      <ele>183.474</ele>
    </trkpt>
    <trkpt lat="-30.1850118" lon="135.2029694">
      <ele>184.0</ele>
    </trkpt>
    <trkpt lat="-30.185324" lon="135.2031761">
      <ele>184.0</ele>
    </trkpt>
    <trkpt lat="-30.1854801" lon="135.2032795">
      <ele>184.0</ele>
    </trkpt>
    <trkpt lat="-30.1862962" lon="135.2038198">
      <ele>183.082</ele>
    </trkpt>
    <trkpt lat="-30.1864146" lon="135.2039038">
      <ele>182.0</ele>
    </trkpt>
    <trkpt lat="-30.1868746" lon="135.2042301">
      <ele>182.228</ele>
    </trkpt>
    <trkpt lat="-30.1870279" lon="135.2043389">
      <ele>182.92</ele>
    </trkpt>
    <trkpt lat="-30.1876872" lon="135.2048067">
      <ele>183.795</ele>
    </trkpt>
    <trkpt lat="-30.188996" lon="135.205799">
      <ele>187.509</ele>
    </trkpt>
    <trkpt lat="-30.1890574" lon="135.2058455">
      <ele>187.563</ele>
    </trkpt>
    <trkpt lat="-30.1894411" lon="135.2061519">
      <ele>186.998</ele>
    </trkpt>
    <trkpt lat="-30.1899359" lon="135.2065471">
      <ele>188.0</ele>
    </trkpt>
    <trkpt lat="-30.1906164" lon="135.2071122">
      <ele>186.781</ele>
    </trkpt>
    <trkpt lat="-30.1907105" lon="135.2071904">
      <ele>186.442</ele>
    </trkpt>
    <trkpt lat="-30.1920629" lon="135.2083779">
      <ele>190.266</ele>
    </trkpt>
    <trkpt lat="-30.1921908" lon="135.2084982">
      <ele>190.293</ele>
    </trkpt>
    <trkpt lat="-30.1934495" lon="135.2096816">
      <ele>187.225</ele>
    </trkpt>
    <trkpt lat="-30.1945346" lon="135.2107694">
      <ele>187.325</ele>
    </trkpt>
    <trkpt lat="-30.194737" lon="135.2109724">
      <ele>188.501</ele>
    </trkpt>
    <trkpt lat="-30.1958764" lon="135.2121893">
      <ele>188.745</ele>
    </trkpt>
    <trkpt lat="-30.1967067" lon="135.213123">
      <ele>188.352</ele>
    </trkpt>
    <trkpt lat="-30.1979711" lon="135.2146266">
      <ele>189.105</ele>
    </trkpt>
    <trkpt lat="-30.1985019" lon="135.2152977">
      <ele>189.028</ele>
    </trkpt>
    <trkpt lat="-30.1990211" lon="135.2159543">
      <ele>187.524</ele>
    </trkpt>
    <trkpt lat="-30.1999336" lon="135.2171663">
      <ele>191.627</ele>
    </trkpt>
    <trkpt lat="-30.2004291" lon="135.2178245">
      <ele>189.621</ele>
    </trkpt>
    <trkpt lat="-30.201398" lon="135.2192741">
      <ele>188.18</ele>
    </trkpt>
    <trkpt lat="-30.2015081" lon="135.2194388">
      <ele>189.948</ele>
    </trkpt>
    <trkpt lat="-30.2016181" lon="135.2196034">
      <ele>190.944</ele>
    </trkpt>
    <trkpt lat="-30.2019482" lon="135.2200973">
      <ele>190.991</ele>
    </trkpt>
    <trkpt lat="-30.2020582" lon="135.2202619">
      <ele>190.977</ele>
    </trkpt>
    <trkpt lat="-30.2021682" lon="135.2204265">
      <ele>191.0</ele>
    </trkpt>
    <trkpt lat="-30.2022783" lon="135.2205912">
      <ele>190.725</ele>
    </trkpt>
    <trkpt lat="-30.2035987" lon="135.2225667">
      <ele>190.011</ele>
    </trkpt>
    <trkpt lat="-30.2046324" lon="135.2241135">
      <ele>191.194</ele>
    </trkpt>
    <trkpt lat="-30.2052438" lon="135.2250179">
      <ele>187.172</ele>
    </trkpt>
    <trkpt lat="-30.2052537" lon="135.2250321">
      <ele>187.048</ele>
    </trkpt>
    <trkpt lat="-30.2053108" lon="135.2251142">
      <ele>186.589</ele>
    </trkpt>
    <trkpt lat="-30.2058182" lon="135.2258351">
      <ele>185.994</ele>
    </trkpt>
    <trkpt lat="-30.2072882" lon="135.2280801">
      <ele>189.0</ele>
    </trkpt>
    <trkpt lat="-30.2075623" lon="135.2284907">
      <ele>189.439</ele>
    </trkpt>
    <trkpt lat="-30.208332" lon="135.2296437">
      <ele>190.714</ele>
    </trkpt>
    <trkpt lat="-30.2084419" lon="135.2298084">
      <ele>190.029</ele>
    </trkpt>
    <trkpt lat="-30.2086032" lon="135.2300501">
      <ele>189.204</ele>
    </trkpt>
    <trkpt lat="-30.2091027" lon="135.2307957">
      <ele>186.801</ele>
    </trkpt>
    <trkpt lat="-30.2111776" lon="135.2338933">
      <ele>187.239</ele>
    </trkpt>
    <trkpt lat="-30.2116483" lon="135.234569">
      <ele>187.611</ele>
    </trkpt>
    <trkpt lat="-30.2117919" lon="135.2347692">
      <ele>186.191</ele>
    </trkpt>
    <trkpt lat="-30.2141591" lon="135.2383705">
      <ele>187.969</ele>
    </trkpt>
    <trkpt lat="-30.2147629" lon="135.2392217">
      <ele>187.171</ele>
    </trkpt>
    <trkpt lat="-30.2150636" lon="135.2396457">
      <ele>185.229</ele>
    </trkpt>
    <trkpt lat="-30.2152284" lon="135.2398784">
      <ele>186.384</ele>
    </trkpt>
    <trkpt lat="-30.2154523" lon="135.2401825">
      <ele>187.657</ele>
    </trkpt>
    <trkpt lat="-30.215569" lon="135.2403409">
      <ele>187.746</ele>
    </trkpt>
    <trkpt lat="-30.2158023" lon="135.2406578">
      <ele>187.52</ele>
    </trkpt>
    <trkpt lat="-30.2160356" lon="135.2409746">
      <ele>186.862</ele>
    </trkpt>
    <trkpt lat="-30.2162273" lon="135.241235">
      <ele>186.899</ele>
    </trkpt>
    <trkpt lat="-30.2166802" lon="135.2418033">
      <ele>187.951</ele>
    </trkpt>
    <trkpt lat="-30.2174979" lon="135.2427781">
      <ele>186.991</ele>
    </trkpt>
    <trkpt lat="-30.2180631" lon="135.2434199">
      <ele>188.0</ele>
    </trkpt>
    <trkpt lat="-30.2191738" lon="135.2446224">
      <ele>189.026</ele>
    </trkpt>
    <trkpt lat="-30.2195233" lon="135.2449799">
      <ele>190.547</ele>
    </trkpt>
    <trkpt lat="-30.2197205" lon="135.2451825">
      <ele>191.988</ele>
    </trkpt>
    <trkpt lat="-30.2198922" lon="135.2453585">
      <ele>192.321</ele>
    </trkpt>
    <trkpt lat="-30.2205114" lon="135.2459607">
      <ele>192.614</ele>
    </trkpt>
    <trkpt lat="-30.2216604" lon="135.2470308">
      <ele>188.712</ele>
    </trkpt>
    <trkpt lat="-30.2225999" lon="135.2478537">
      <ele>188.803</ele>
    </trkpt>
    <trkpt lat="-30.2226986" lon="135.2479354">
      <ele>188.189</ele>
    </trkpt>
    <trkpt lat="-30.2233504" lon="135.2484753">
      <ele>191.022</ele>
    </trkpt>
    <trkpt lat="-30.2238772" lon="135.2488905">
      <ele>194.916</ele>
    </trkpt>
    <trkpt lat="-30.2250076" lon="135.2497641">
      <ele>193.178</ele>
    </trkpt>
    <trkpt lat="-30.2255633" lon="135.2501728">
      <ele>194.367</ele>
    </trkpt>
    <trkpt lat="-30.2259714" lon="135.2504713">
      <ele>192.11</ele>
    </trkpt>
    <trkpt lat="-30.2260231" lon="135.2505117">
      <ele>191.633</ele>
    </trkpt>
    <trkpt lat="-30.2272262" lon="135.251332">
      <ele>194.769</ele>
    </trkpt>
    <trkpt lat="-30.2280015" lon="135.2518308">
      <ele>190.719</ele>
    </trkpt>
    <trkpt lat="-30.228154" lon="135.2519289">
      <ele>190.056</ele>
    </trkpt>
    <trkpt lat="-30.2281588" lon="135.2519319">
      <ele>190.045</ele>
    </trkpt>
    <trkpt lat="-30.2283175" lon="135.2520299">
      <ele>189.71</ele>
    </trkpt>
    <trkpt lat="-30.228593" lon="135.2522">
      <ele>190.09</ele>
    </trkpt>
    <trkpt lat="-30.229812" lon="135.2528064">
      <ele>188.103</ele>
    </trkpt>
    <trkpt lat="-30.23065" lon="135.2532692">
      <ele>190.277</ele>
    </trkpt>
    <trkpt lat="-30.2317114" lon="135.2539338">
      <ele>188.516</ele>
    </trkpt>
    <trkpt lat="-30.2317703" lon="135.2539635">
      <ele>188.09</ele>
    </trkpt>
    <trkpt lat="-30.2337359" lon="135.2549166">
      <ele>188.835</ele>
    </trkpt>
    <trkpt lat="-30.2338701" lon="135.254982">
      <ele>188.996</ele>
    </trkpt>
    <trkpt lat="-30.2355399" lon="135.2558422">
      <ele>188.146</ele>
    </trkpt>
    <trkpt lat="-30.2362455" lon="135.2562038">
      <ele>189.0</ele>
    </trkpt>
    <trkpt lat="-30.2374238" lon="135.2568761">
      <ele>189.027</ele>
    </trkpt>
    <trkpt lat="-30.2382461" lon="135.2573779">
      <ele>184.892</ele>
    </trkpt>
    <trkpt lat="-30.2392006" lon="135.2579605">
      <ele>186.738</ele>
    </trkpt>
    <trkpt lat="-30.2393455" lon="135.258049">
      <ele>187.605</ele>
    </trkpt>
    <trkpt lat="-30.2395183" lon="135.2581548">
      <ele>187.829</ele>
    </trkpt>
    <trkpt lat="-30.2396776" lon="135.2582524">
      <ele>187.755</ele>
    </trkpt>
    <trkpt lat="-30.2397832" lon="135.2583171">
      <ele>187.515</ele>
    </trkpt>
    <trkpt lat="-30.2398359" lon="135.2583512">
      <ele>187.144</ele>
    </trkpt>
    <trkpt lat="-30.2401495" lon="135.2585544">
      <ele>185.462</ele>
    </trkpt>
    <trkpt lat="-30.2403064" lon="135.2586561">
      <ele>185.145</ele>
    </trkpt>
    <trkpt lat="-30.2414052" lon="135.2593682">
      <ele>186.0</ele>
    </trkpt>
    <trkpt lat="-30.2420588" lon="135.2597918">
      <ele>185.147</ele>
    </trkpt>
    <trkpt lat="-30.2438929" lon="135.2610882">
      <ele>187.89</ele>
    </trkpt>
    <trkpt lat="-30.2440294" lon="135.2611834">
      <ele>186.988</ele>
    </trkpt>
    <trkpt lat="-30.2447431" lon="135.261719">
      <ele>189.15</ele>
    </trkpt>
    <trkpt lat="-30.2456268" lon="135.2623678">
      <ele>187.61</ele>
    </trkpt>
    <trkpt lat="-30.2471065" lon="135.2635756">
      <ele>188.214</ele>
    </trkpt>
    <trkpt lat="-30.2477639" lon="135.2640772">
      <ele>191.628</ele>
    </trkpt>
    <trkpt lat="-30.2483117" lon="135.2644866">
      <ele>189.156</ele>
    </trkpt>
    <trkpt lat="-30.2488598" lon="135.2648791">
      <ele>188.175</ele>
    </trkpt>
    <trkpt lat="-30.2491058" lon="135.2650553">
      <ele>189.0</ele>
    </trkpt>
    <trkpt lat="-30.2491622" lon="135.2650931">
      <ele>189.0</ele>
    </trkpt>
    <trkpt lat="-30.2491667" lon="135.2650962">
      <ele>189.0</ele>
    </trkpt>
    <trkpt lat="-30.2493166" lon="135.2651998">
      <ele>189.928</ele>
    </trkpt>
    <trkpt lat="-30.2500935" lon="135.2657243">
      <ele>188.327</ele>
    </trkpt>
    <trkpt lat="-30.2504836" lon="135.2659861">
      <ele>187.55</ele>
    </trkpt>
    <trkpt lat="-30.2505612" lon="135.2660362">
      <ele>187.741</ele>
    </trkpt>
    <trkpt lat="-30.2519733" lon="135.2669584">
      <ele>187.099</ele>
    </trkpt>
    <trkpt lat="-30.2520004" lon="135.2669751">
      <ele>187.179</ele>
    </trkpt>
    <trkpt lat="-30.2527766" lon="135.2674235">
      <ele>190.717</ele>
    </trkpt>
    <trkpt lat="-30.2529439" lon="135.2675233">
      <ele>190.402</ele>
    </trkpt>
    <trkpt lat="-30.2531114" lon="135.2675829">
      <ele>189.859</ele>
    </trkpt>
    <trkpt lat="-30.2531308" lon="135.2675898">
      <ele>189.817</ele>
    </trkpt>
    <trkpt lat="-30.2532773" lon="135.2676629">
      <ele>189.67</ele>
    </trkpt>
    <trkpt lat="-30.25356" lon="135.2678038">
      <ele>190.076</ele>
    </trkpt>
    <trkpt lat="-30.2536077" lon="135.2678276">
      <ele>190.177</ele>
    </trkpt>
    <trkpt lat="-30.2537756" lon="135.2679115">
      <ele>190.481</ele>
    </trkpt>
    <trkpt lat="-30.2541022" lon="135.268079">
      <ele>190.316</ele>
    </trkpt>
    <trkpt lat="-30.2541729" lon="135.2681152">
      <ele>190.192</ele>
    </trkpt>
    <trkpt lat="-30.254266" lon="135.2681651">
      <ele>190.037</ele>
    </trkpt>
    <trkpt lat="-30.2547176" lon="135.268391">
      <ele>187.822</ele>
    </trkpt>
    <trkpt lat="-30.2547618" lon="135.2684124">
      <ele>187.634</ele>
    </trkpt>
    <trkpt lat="-30.2554243" lon="135.268733">
      <ele>187.286</ele>
    </trkpt>
    <trkpt lat="-30.2566822" lon="135.2692991">
      <ele>189.423</ele>
    </trkpt>
    <trkpt lat="-30.2567673" lon="135.2693361">
      <ele>189.168</ele>
    </trkpt>
    <trkpt lat="-30.2572745" lon="135.2695494">
      <ele>188.434</ele>
    </trkpt>
    <trkpt lat="-30.2576131" lon="135.2696903">
      <ele>186.301</ele>
    </trkpt>
    <trkpt lat="-30.2580799" lon="135.2698735">
      <ele>184.76</ele>
    </trkpt>
    <trkpt lat="-30.2588079" lon="135.2701495">
      <ele>186.619</ele>
    </trkpt>
    <trkpt lat="-30.2604452" lon="135.270764">
      <ele>181.996</ele>
    </trkpt>
    <trkpt lat="-30.2607603" lon="135.2708834">
      <ele>180.083</ele>
    </trkpt>
    <trkpt lat="-30.2610315" lon="135.270986">
      <ele>178.416</ele>
    </trkpt>
    <trkpt lat="-30.2617144" lon="135.2712482">
      <ele>180.665</ele>
    </trkpt>
    <trkpt lat="-30.2625668" lon="135.2715792">
      <ele>180.204</ele>
    </trkpt>
    <trkpt lat="-30.2628121" lon="135.2716744">
      <ele>179.12</ele>
    </trkpt>
    <trkpt lat="-30.2629079" lon="135.2717119">
      <ele>179.392</ele>
    </trkpt>
    <trkpt lat="-30.2630784" lon="135.2717781">
      <ele>179.796</ele>
    </trkpt>
    <trkpt lat="-30.2642702" lon="135.2722476">
      <ele>180.733</ele>
    </trkpt>
    <trkpt lat="-30.264439" lon="135.2723196">
      <ele>178.701</ele>
    </trkpt>
    <trkpt lat="-30.265458" lon="135.2727311">
      <ele>177.926</ele>
    </trkpt>
    <trkpt lat="-30.2666455" lon="135.2732152">
      <ele>178.185</ele>
    </trkpt>
    <trkpt lat="-30.2671545" lon="135.2734222">
      <ele>177.076</ele>
    </trkpt>
    <trkpt lat="-30.2676626" lon="135.2736311">
      <ele>178.429</ele>
    </trkpt>
    <trkpt lat="-30.2679013" lon="135.2737249">
      <ele>177.509</ele>
    </trkpt>
    <trkpt lat="-30.2686765" lon="135.2740595">
      <ele>176.712</ele>
    </trkpt>
    <trkpt lat="-30.2695207" lon="135.2744168">
      <ele>177.581</ele>
    </trkpt>
    <trkpt lat="-30.2696897" lon="135.2744893">
      <ele>177.26</ele>
    </trkpt>
    <trkpt lat="-30.2701436" lon="135.2746809">
      <ele>178.88</ele>
    </trkpt>
    <trkpt lat="-30.2704815" lon="135.2748235">
      <ele>180.267</ele>
    </trkpt>
    <trkpt lat="-30.2714646" lon="135.2752385">
      <ele>175.152</ele>
    </trkpt>
    <trkpt lat="-30.2725014" lon="135.2757039">
      <ele>176.531</ele>
    </trkpt>
    <trkpt lat="-30.2741785" lon="135.2764567">
      <ele>175.085</ele>
    </trkpt>
    <trkpt lat="-30.2742137" lon="135.2764725">
      <ele>175.339</ele>
    </trkpt>
    <trkpt lat="-30.2752209" lon="135.2769367">
      <ele>173.255</ele>
    </trkpt>
    <trkpt lat="-30.2756865" lon="135.2771377">
      <ele>171.0</ele>
    </trkpt>
    <trkpt lat="-30.275855" lon="135.2772107">
      <ele>171.078</ele>
    </trkpt>
    <trkpt lat="-30.2759808" lon="135.277265">
      <ele>171.757</ele>
    </trkpt>
    <trkpt lat="-30.2773582" lon="135.277906">
      <ele>176.972</ele>
    </trkpt>
    <trkpt lat="-30.2783594" lon="135.2783721">
      <ele>174.825</ele>
    </trkpt>
    <trkpt lat="-30.2789287" lon="135.278637">
      <ele>175.093</ele>
    </trkpt>
    <trkpt lat="-30.2791951" lon="135.2787572">
      <ele>175.472</ele>
    </trkpt>
    <trkpt lat="-30.2805683" lon="135.2793762">
      <ele>174.246</ele>
    </trkpt>
    <trkpt lat="-30.2811791" lon="135.2796515">
      <ele>173.827</ele>
    </trkpt>
    <trkpt lat="-30.2828874" lon="135.2804048">
      <ele>173.786</ele>
    </trkpt>
    <trkpt lat="-30.2835977" lon="135.2807179">
      <ele>176.536</ele>
    </trkpt>
    <trkpt lat="-30.2850768" lon="135.2813552">
      <ele>176.137</ele>
    </trkpt>
    <trkpt lat="-30.2852454" lon="135.2814278">
      <ele>174.597</ele>
    </trkpt>
    <trkpt lat="-30.2859315" lon="135.2817145">
      <ele>170.353</ele>
    </trkpt>
    <trkpt lat="-30.2867764" lon="135.2820631">
      <ele>172.258</ele>
    </trkpt>
    <trkpt lat="-30.2869484" lon="135.2821331">
      <ele>172.019</ele>
    </trkpt>
    <trkpt lat="-30.2885137" lon="135.2827671">
      <ele>168.389</ele>
    </trkpt>
    <trkpt lat="-30.2889866" lon="135.2829559">
      <ele>172.471</ele>
    </trkpt>
    <trkpt lat="-30.2902528" lon="135.2834609">
      <ele>172.411</ele>
    </trkpt>
    <trkpt lat="-30.2912009" lon="135.2838267">
      <ele>172.626</ele>
    </trkpt>
    <trkpt lat="-30.2921041" lon="135.2841748">
      <ele>173.558</ele>
    </trkpt>
    <trkpt lat="-30.2935923" lon="135.2847398">
      <ele>171.004</ele>
    </trkpt>
    <trkpt lat="-30.2941275" lon="135.284945">
      <ele>169.028</ele>
    </trkpt>
    <trkpt lat="-30.2947899" lon="135.2851908">
      <ele>168.206</ele>
    </trkpt>
    <trkpt lat="-30.2949612" lon="135.2852545">
      <ele>168.044</ele>
    </trkpt>
    <trkpt lat="-30.2953051" lon="135.2853795">
      <ele>168.465</ele>
    </trkpt>
    <trkpt lat="-30.2958199" lon="135.2855649">
      <ele>170.952</ele>
    </trkpt>
    <trkpt lat="-30.2959913" lon="135.285627">
      <ele>171.569</ele>
    </trkpt>
    <trkpt lat="-30.296342" lon="135.2857542">
      <ele>171.642</ele>
    </trkpt>
    <trkpt lat="-30.296422" lon="135.2857832">
      <ele>171.339</ele>
    </trkpt>
    <trkpt lat="-30.2977103" lon="135.2862416">
      <ele>174.47</ele>
    </trkpt>
    <trkpt lat="-30.2980541" lon="135.2863625">
      <ele>173.01</ele>
    </trkpt>
    <trkpt lat="-30.2982263" lon="135.286423">
      <ele>172.263</ele>
    </trkpt>
    <trkpt lat="-30.2994522" lon="135.2868539">
      <ele>170.693</ele>
    </trkpt>
    <trkpt lat="-30.2997771" lon="135.286959">
      <ele>172.24</ele>
    </trkpt>
    <trkpt lat="-30.3001237" lon="135.2870767">
      <ele>173.0</ele>
    </trkpt>
    <trkpt lat="-30.3007998" lon="135.2873102">
      <ele>172.645</ele>
    </trkpt>
    <trkpt lat="-30.3008129" lon="135.2873146">
      <ele>172.643</ele>
    </trkpt>
    <trkpt lat="-30.3015042" lon="135.2875462">
      <ele>170.581</ele>
    </trkpt>
    <trkpt lat="-30.3020247" lon="135.2877186">
      <ele>173.56</ele>
    </trkpt>
    <trkpt lat="-30.3027157" lon="135.2879474">
      <ele>172.698</ele>
    </trkpt>
    <trkpt lat="-30.3027619" lon="135.2879615">
      <ele>172.681</ele>
    </trkpt>
    <trkpt lat="-30.3030607" lon="135.2880627">
      <ele>172.025</ele>
    </trkpt>
    <trkpt lat="-30.303407" lon="135.2881755">
      <ele>171.885</ele>
    </trkpt>
    <trkpt lat="-30.3039268" lon="135.2883448">
      <ele>171.136</ele>
    </trkpt>
    <trkpt lat="-30.3049293" lon="135.2886607">
      <ele>173.867</ele>
    </trkpt>
    <trkpt lat="-30.305836" lon="135.2889458">
      <ele>174.205</ele>
    </trkpt>
    <trkpt lat="-30.3066581" lon="135.2892011">
      <ele>174.996</ele>
    </trkpt>
    <trkpt lat="-30.3072266" lon="135.2893751">
      <ele>176.277</ele>
    </trkpt>
    <trkpt lat="-30.3077469" lon="135.2895385">
      <ele>178.249</ele>
    </trkpt>
    <trkpt lat="-30.3081496" lon="135.2896693">
      <ele>173.913</ele>
    </trkpt>
    <trkpt lat="-30.3096718" lon="135.2902204">
      <ele>173.0</ele>
    </trkpt>
    <trkpt lat="-30.3109921" lon="135.2907693">
      <ele>175.396</ele>
    </trkpt>
    <trkpt lat="-30.3111148" lon="135.2908219">
      <ele>174.892</ele>
    </trkpt>
    <trkpt lat="-30.3113275" lon="135.2909188">
      <ele>174.057</ele>
    </trkpt>
    <trkpt lat="-30.3128047" lon="135.2916293">
      <ele>176.172</ele>
    </trkpt>
    <trkpt lat="-30.3138013" lon="135.2921658">
      <ele>175.203</ele>
    </trkpt>
    <trkpt lat="-30.3141275" lon="135.2923414">
      <ele>175.308</ele>
    </trkpt>
    <trkpt lat="-30.3142542" lon="135.2924096">
      <ele>175.887</ele>
    </trkpt>
    <trkpt lat="-30.3142897" lon="135.2924313">
      <ele>176.086</ele>
    </trkpt>
    <trkpt lat="-30.3155617" lon="135.2932092">
      <ele>176.61</ele>
    </trkpt>
    <trkpt lat="-30.315597" lon="135.2932315">
      <ele>177.026</ele>
    </trkpt>
    <trkpt lat="-30.3157192" lon="135.2933098">
      <ele>178.633</ele>
    </trkpt>
    <trkpt lat="-30.3158767" lon="135.2934106">
      <ele>179.757</ele>
    </trkpt>
    <trkpt lat="-30.3168211" lon="135.2941316">
      <ele>179.738</ele>
    </trkpt>
    <trkpt lat="-30.318036" lon="135.2949359">
      <ele>174.984</ele>
    </trkpt>
    <trkpt lat="-30.3188716" lon="135.2955917">
      <ele>178.938</ele>
    </trkpt>
    <trkpt lat="-30.3195021" lon="135.2961194">
      <ele>175.769</ele>
    </trkpt>
    <trkpt lat="-30.3198841" lon="135.2964473">
      <ele>175.46</ele>
    </trkpt>
    <trkpt lat="-30.3206496" lon="135.2971247">
      <ele>177.207</ele>
    </trkpt>
    <trkpt lat="-30.3210782" lon="135.2975045">
      <ele>180.982</ele>
    </trkpt>
    <trkpt lat="-30.3212213" lon="135.2976306">
      <ele>179.713</ele>
    </trkpt>
    <trkpt lat="-30.3233983" lon="135.2995847">
      <ele>174.882</ele>
    </trkpt>
    <trkpt lat="-30.323501" lon="135.2996647">
      <ele>174.521</ele>
    </trkpt>
    <trkpt lat="-30.3256096" lon="135.3015408">
      <ele>180.635</ele>
    </trkpt>
    <trkpt lat="-30.3257523" lon="135.3016678">
      <ele>180.997</ele>
    </trkpt>
    <trkpt lat="-30.3288906" lon="135.3044601">
      <ele>182.887</ele>
    </trkpt>
    <trkpt lat="-30.3296038" lon="135.3050947">
      <ele>179.659</ele>
    </trkpt>
    <trkpt lat="-30.3300858" lon="135.3055236">
      <ele>179.697</ele>
    </trkpt>
    <trkpt lat="-30.3308856" lon="135.30624">
      <ele>179.363</ele>
    </trkpt>
    <trkpt lat="-30.3314548" lon="135.3067499">
      <ele>176.692</ele>
    </trkpt>
    <trkpt lat="-30.3357233" lon="135.3105743">
      <ele>177.49</ele>
    </trkpt>
    <trkpt lat="-30.3359309" lon="135.3107602">
      <ele>177.57</ele>
    </trkpt>
    <trkpt lat="-30.3382838" lon="135.31287">
      <ele>179.86</ele>
    </trkpt>
    <trkpt lat="-30.3392969" lon="135.3137785">
      <ele>179.159</ele>
    </trkpt>
    <trkpt lat="-30.3416972" lon="135.3159318">
      <ele>181.465</ele>
    </trkpt>
    <trkpt lat="-30.3424083" lon="135.3165697">
      <ele>181.0</ele>
    </trkpt>
    <trkpt lat="-30.3431194" lon="135.3172077">
      <ele>182.948</ele>
    </trkpt>
    <trkpt lat="-30.3468083" lon="135.320462">
      <ele>179.337</ele>
    </trkpt>
    <trkpt lat="-30.3497509" lon="135.3231055">
      <ele>181.839</ele>
    </trkpt>
    <trkpt lat="-30.3501694" lon="135.3234815">
      <ele>183.143</ele>
    </trkpt>
    <trkpt lat="-30.3505511" lon="135.3238216">
      <ele>185.742</ele>
    </trkpt>
    <trkpt lat="-30.3509789" lon="135.3242027">
      <ele>185.89</ele>
    </trkpt>
    <trkpt lat="-30.3521467" lon="135.3252431">
      <ele>180.034</ele>
    </trkpt>
    <trkpt lat="-30.3521738" lon="135.3252669">
      <ele>180.007</ele>
    </trkpt>
    <trkpt lat="-30.3526044" lon="135.3256405">
      <ele>179.0</ele>
    </trkpt>
    <trkpt lat="-30.3527215" lon="135.3257423">
      <ele>179.0</ele>
    </trkpt>
    <trkpt lat="-30.3539283" lon="135.3266406">
      <ele>180.048</ele>
    </trkpt>
    <trkpt lat="-30.3546554" lon="135.3271683">
      <ele>179.629</ele>
    </trkpt>
    <trkpt lat="-30.3548756" lon="135.3273101">
      <ele>178.825</ele>
    </trkpt>
    <trkpt lat="-30.3551624" lon="135.3274952">
      <ele>178.582</ele>
    </trkpt>
    <trkpt lat="-30.3554489" lon="135.3276871">
      <ele>179.415</ele>
    </trkpt>
    <trkpt lat="-30.3564253" lon="135.3282562">
      <ele>178.292</ele>
    </trkpt>
    <trkpt lat="-30.3568678" lon="135.3284887">
      <ele>176.43</ele>
    </trkpt>
    <trkpt lat="-30.3569659" lon="135.3285387">
      <ele>175.923</ele>
    </trkpt>
    <trkpt lat="-30.3571305" lon="135.3286226">
      <ele>175.33</ele>
    </trkpt>
    <trkpt lat="-30.3574053" lon="135.3287628">
      <ele>175.36</ele>
    </trkpt>
    <trkpt lat="-30.3578975" lon="135.3289935">
      <ele>175.868</ele>
    </trkpt>
    <trkpt lat="-30.3584018" lon="135.3292299">
      <ele>172.112</ele>
    </trkpt>
    <trkpt lat="-30.3586316" lon="135.3293237">
      <ele>173.214</ele>
    </trkpt>
    <trkpt lat="-30.3592396" lon="135.3295719">
      <ele>177.683</ele>
    </trkpt>
    <trkpt lat="-30.3595877" lon="135.3297044">
      <ele>177.128</ele>
    </trkpt>
    <trkpt lat="-30.3600996" lon="135.3298992">
      <ele>175.228</ele>
    </trkpt>
    <trkpt lat="-30.3601847" lon="135.329925">
      <ele>175.485</ele>
    </trkpt>
    <trkpt lat="-30.3607788" lon="135.3301052">
      <ele>176.649</ele>
    </trkpt>
    <trkpt lat="-30.3621116" lon="135.3304877">
      <ele>174.398</ele>
    </trkpt>
    <trkpt lat="-30.3633247" lon="135.3307331">
      <ele>176.969</ele>
    </trkpt>
    <trkpt lat="-30.3633841" lon="135.3307451">
      <ele>176.875</ele>
    </trkpt>
    <trkpt lat="-30.3640156" lon="135.3308775">
      <ele>173.544</ele>
    </trkpt>
    <trkpt lat="-30.3648756" lon="135.3309879">
      <ele>172.688</ele>
    </trkpt>
    <trkpt lat="-30.366037" lon="135.3310982">
      <ele>171.267</ele>
    </trkpt>
    <trkpt lat="-30.3670302" lon="135.3311276">
      <ele>172.691</ele>
    </trkpt>
    <trkpt lat="-30.368712" lon="135.3310835">
      <ele>171.426</ele>
    </trkpt>
    <trkpt lat="-30.3688111" lon="135.3310771">
      <ele>171.754</ele>
    </trkpt>
    <trkpt lat="-30.3695173" lon="135.331027">
      <ele>169.778</ele>
    </trkpt>
    <trkpt lat="-30.370643" lon="135.3309357">
      <ele>170.054</ele>
    </trkpt>
    <trkpt lat="-30.3719716" lon="135.3308702">
      <ele>167.804</ele>
    </trkpt>
    <trkpt lat="-30.3730809" lon="135.3308702">
      <ele>171.564</ele>
    </trkpt>
    <trkpt lat="-30.3741105" lon="135.3309049">
      <ele>168.313</ele>
    </trkpt>
    <trkpt lat="-30.3751489" lon="135.330964">
      <ele>168.754</ele>
    </trkpt>
    <trkpt lat="-30.375313" lon="135.3309801">
      <ele>169.0</ele>
    </trkpt>
    <trkpt lat="-30.3754922" lon="135.3309977">
      <ele>169.0</ele>
    </trkpt>
    <trkpt lat="-30.3756714" lon="135.3310153">
      <ele>168.31</ele>
    </trkpt>
    <trkpt lat="-30.3766003" lon="135.3311064">
      <ele>168.782</ele>
    </trkpt>
    <trkpt lat="-30.3767459" lon="135.33113">
      <ele>169.237</ele>
    </trkpt>
    <trkpt lat="-30.376924" lon="135.3311589">
      <ele>169.914</ele>
    </trkpt>
    <trkpt lat="-30.3771021" lon="135.3311877">
      <ele>170.0</ele>
    </trkpt>
    <trkpt lat="-30.3776366" lon="135.3312741">
      <ele>167.305</ele>
    </trkpt>
    <trkpt lat="-30.3778147" lon="135.3313029">
      <ele>166.599</ele>
    </trkpt>
    <trkpt lat="-30.3783239" lon="135.3313853">
      <ele>166.954</ele>
    </trkpt>
    <trkpt lat="-30.3796935" lon="135.3316519">
      <ele>170.902</ele>
    </trkpt>
    <trkpt lat="-30.3808592" lon="135.3319598">
      <ele>169.055</ele>
    </trkpt>
    <trkpt lat="-30.3818987" lon="135.3322563">
      <ele>171.081</ele>
    </trkpt>
    <trkpt lat="-30.3825641" lon="135.3324559">
      <ele>172.878</ele>
    </trkpt>
    <trkpt lat="-30.3832303" lon="135.3326775">
      <ele>177.021</ele>
    </trkpt>
    <trkpt lat="-30.3841237" lon="135.3330124">
      <ele>173.0</ele>
    </trkpt>
    <trkpt lat="-30.3848808" lon="135.3333089">
      <ele>175.433</ele>
    </trkpt>
    <trkpt lat="-30.3858007" lon="135.3337092">
      <ele>173.471</ele>
    </trkpt>
    <trkpt lat="-30.3862563" lon="135.3339281">
      <ele>172.618</ele>
    </trkpt>
    <trkpt lat="-30.3865886" lon="135.3340878">
      <ele>172.92</ele>
    </trkpt>
    <trkpt lat="-30.3866741" lon="135.3341289">
      <ele>173.027</ele>
    </trkpt>
    <trkpt lat="-30.3867544" lon="135.3341687">
      <ele>173.323</ele>
    </trkpt>
    <trkpt lat="-30.3872506" lon="135.3344145">
      <ele>176.0</ele>
    </trkpt>
    <trkpt lat="-30.3874745" lon="135.3345254">
      <ele>176.027</ele>
    </trkpt>
    <trkpt lat="-30.3882283" lon="135.3349421">
      <ele>172.17</ele>
    </trkpt>
    <trkpt lat="-30.3890085" lon="135.3353821">
      <ele>173.569</ele>
    </trkpt>
    <trkpt lat="-30.3897149" lon="135.3358129">
      <ele>171.026</ele>
    </trkpt>
    <trkpt lat="-30.3904081" lon="135.336259">
      <ele>173.532</ele>
    </trkpt>
    <trkpt lat="-30.391096" lon="135.3367295">
      <ele>172.0</ele>
    </trkpt>
    <trkpt lat="-30.3915809" lon="135.3370473">
      <ele>173.435</ele>
    </trkpt>
    <trkpt lat="-30.3920738" lon="135.3374048">
      <ele>173.84</ele>
    </trkpt>
    <trkpt lat="-30.3926107" lon="135.3378107">
      <ele>171.06</ele>
    </trkpt>
    <trkpt lat="-30.3929547" lon="135.338083">
      <ele>169.426</ele>
    </trkpt>
    <trkpt lat="-30.3931033" lon="135.3382006">
      <ele>169.604</ele>
    </trkpt>
    <trkpt lat="-30.3940174" lon="135.3389241">
      <ele>169.185</ele>
    </trkpt>
    <trkpt lat="-30.3940743" lon="135.3389739">
      <ele>169.51</ele>
    </trkpt>
    <trkpt lat="-30.3948569" lon="135.3396582">
      <ele>171.539</ele>
    </trkpt>
    <trkpt lat="-30.3953481" lon="135.3400838">
      <ele>172.747</ele>
    </trkpt>
    <trkpt lat="-30.3959364" lon="135.3405732">
      <ele>171.04</ele>
    </trkpt>
    <trkpt lat="-30.3972598" lon="135.3416227">
      <ele>169.865</ele>
    </trkpt>
    <trkpt lat="-30.3984677" lon="135.3425283">
      <ele>168.533</ele>
    </trkpt>
    <trkpt lat="-30.3988639" lon="135.3428072">
      <ele>170.0</ele>
    </trkpt>
    <trkpt lat="-30.3993251" lon="135.3431319">
      <ele>169.296</ele>
    </trkpt>
    <trkpt lat="-30.3995219" lon="135.3432704">
      <ele>169.163</ele>
    </trkpt>
    <trkpt lat="-30.3999178" lon="135.3435486">
      <ele>167.821</ele>
    </trkpt>
    <trkpt lat="-30.400129" lon="135.3436973">
      <ele>167.012</ele>
    </trkpt>
    <trkpt lat="-30.4004064" lon="135.3438795">
      <ele>166.503</ele>
    </trkpt>
    <trkpt lat="-30.4011825" lon="135.3443893">
      <ele>170.264</ele>
    </trkpt>
    <trkpt lat="-30.4021825" lon="135.3450164">
      <ele>170.949</ele>
    </trkpt>
    <trkpt lat="-30.4027787" lon="135.3453684">
      <ele>171.668</ele>
    </trkpt>
    <trkpt lat="-30.4035432" lon="135.3458203">
      <ele>169.487</ele>
    </trkpt>
    <trkpt lat="-30.4050287" lon="135.3466372">
      <ele>168.003</ele>
    </trkpt>
    <trkpt lat="-30.4061426" lon="135.347212">
      <ele>166.004</ele>
    </trkpt>
    <trkpt lat="-30.4061886" lon="135.3472358">
      <ele>166.0</ele>
    </trkpt>
    <trkpt lat="-30.4063081" lon="135.3472937">
      <ele>166.0</ele>
    </trkpt>
    <trkpt lat="-30.40664" lon="135.3474544">
      <ele>166.904</ele>
    </trkpt>
    <trkpt lat="-30.4073551" lon="135.3478007">
      <ele>166.356</ele>
    </trkpt>
    <trkpt lat="-30.407683" lon="135.3479473">
      <ele>166.181</ele>
    </trkpt>
    <trkpt lat="-30.4080773" lon="135.3481237">
      <ele>166.078</ele>
    </trkpt>
    <trkpt lat="-30.4089863" lon="135.3485299">
      <ele>169.058</ele>
    </trkpt>
    <trkpt lat="-30.40949" lon="135.3487372">
      <ele>168.546</ele>
    </trkpt>
    <trkpt lat="-30.4099985" lon="135.3489465">
      <ele>168.787</ele>
    </trkpt>
    <trkpt lat="-30.410507" lon="135.3491557">
      <ele>169.993</ele>
    </trkpt>
    <trkpt lat="-30.4105582" lon="135.3491768">
      <ele>169.999</ele>
    </trkpt>
    <trkpt lat="-30.4110204" lon="135.3493484">
      <ele>168.018</ele>
    </trkpt>
    <trkpt lat="-30.4119064" lon="135.3496774">
      <ele>166.323</ele>
    </trkpt>
    <trkpt lat="-30.4129116" lon="135.3500217">
      <ele>165.482</ele>
    </trkpt>
    <trkpt lat="-30.4132566" lon="135.3501398">
      <ele>167.448</ele>
    </trkpt>
    <trkpt lat="-30.4134213" lon="135.3501962">
      <ele>167.776</ele>
    </trkpt>
    <trkpt lat="-30.4144732" lon="135.3505155">
      <ele>168.856</ele>
    </trkpt>
    <trkpt lat="-30.4147557" lon="135.3506012">
      <ele>169.044</ele>
    </trkpt>
    <trkpt lat="-30.4156963" lon="135.3508614">
      <ele>165.151</ele>
    </trkpt>
    <trkpt lat="-30.4161701" lon="135.3509925">
      <ele>167.119</ele>
    </trkpt>
    <trkpt lat="-30.4163287" lon="135.3510321">
      <ele>168.843</ele>
    </trkpt>
    <trkpt lat="-30.4166401" lon="135.35111">
      <ele>170.9</ele>
    </trkpt>
    <trkpt lat="-30.416749" lon="135.351137">
      <ele>170.704</ele>
    </trkpt>
    <trkpt lat="-30.4168144" lon="135.3511533">
      <ele>170.468</ele>
    </trkpt>
    <trkpt lat="-30.4169248" lon="135.3511809">
      <ele>170.071</ele>
    </trkpt>
    <trkpt lat="-30.4173182" lon="135.3512794">
      <ele>167.445</ele>
    </trkpt>
    <trkpt lat="-30.4178062" lon="135.3513876">
      <ele>165.898</ele>
    </trkpt>
    <trkpt lat="-30.4181595" lon="135.351466">
      <ele>164.903</ele>
    </trkpt>
    <trkpt lat="-30.4184231" lon="135.3515244">
      <ele>164.33</ele>
    </trkpt>
    <trkpt lat="-30.4185133" lon="135.3515417">
      <ele>164.194</ele>
    </trkpt>
    <trkpt lat="-30.4190456" lon="135.351644">
      <ele>164.955</ele>
    </trkpt>
    <trkpt lat="-30.4194005" lon="135.3517122">
      <ele>167.144</ele>
    </trkpt>
    <trkpt lat="-30.4195779" lon="135.3517463">
      <ele>167.298</ele>
    </trkpt>
    <trkpt lat="-30.4198882" lon="135.3518059">
      <ele>164.909</ele>
    </trkpt>
    <trkpt lat="-30.419933" lon="135.3518134">
      <ele>164.366</ele>
    </trkpt>
    <trkpt lat="-30.420289" lon="135.3518732">
      <ele>163.091</ele>
    </trkpt>
    <trkpt lat="-30.421001" lon="135.3519927">
      <ele>167.501</ele>
    </trkpt>
    <trkpt lat="-30.4213695" lon="135.3520545">
      <ele>167.028</ele>
    </trkpt>
    <trkpt lat="-30.4224293" lon="135.3521936">
      <ele>165.0</ele>
    </trkpt>
    <trkpt lat="-30.422874" lon="135.352252">
      <ele>165.07</ele>
    </trkpt>
    <trkpt lat="-30.423324" lon="135.3522986">
      <ele>164.034</ele>
    </trkpt>
    <trkpt lat="-30.4238615" lon="135.3523543">
      <ele>163.429</ele>
    </trkpt>
    <trkpt lat="-30.4242886" lon="135.3523985">
      <ele>165.439</ele>
    </trkpt>
    <trkpt lat="-30.4249376" lon="135.3524473">
      <ele>164.639</ele>
    </trkpt>
    <trkpt lat="-30.4252018" lon="135.3524671">
      <ele>163.392</ele>
    </trkpt>
    <trkpt lat="-30.4254761" lon="135.3524879">
      <ele>162.981</ele>
    </trkpt>
    <trkpt lat="-30.4255875" lon="135.3524963">
      <ele>162.872</ele>
    </trkpt>
    <trkpt lat="-30.4258841" lon="135.3525189">
      <ele>162.238</ele>
    </trkpt>
    <trkpt lat="-30.4270932" lon="135.3525678">
      <ele>161.78</ele>
    </trkpt>
    <trkpt lat="-30.4272983" lon="135.3525761">
      <ele>162.747</ele>
    </trkpt>
    <trkpt lat="-30.4276327" lon="135.3525798">
      <ele>164.478</ele>
    </trkpt>
    <trkpt lat="-30.4284984" lon="135.3525894">
      <ele>162.939</ele>
    </trkpt>
    <trkpt lat="-30.4288917" lon="135.3525854">
      <ele>163.297</ele>
    </trkpt>
    <trkpt lat="-30.4290715" lon="135.3525836">
      <ele>162.644</ele>
    </trkpt>
    <trkpt lat="-30.4299247" lon="135.3525749">
      <ele>163.531</ele>
    </trkpt>
    <trkpt lat="-30.4310848" lon="135.3525268">
      <ele>161.096</ele>
    </trkpt>
    <trkpt lat="-30.4315882" lon="135.3524973">
      <ele>161.988</ele>
    </trkpt>
    <trkpt lat="-30.4322485" lon="135.3524585">
      <ele>158.905</ele>
    </trkpt>
    <trkpt lat="-30.4327778" lon="135.3524132">
      <ele>160.688</ele>
    </trkpt>
    <trkpt lat="-30.4328448" lon="135.3524073">
      <ele>160.747</ele>
    </trkpt>
    <trkpt lat="-30.4329732" lon="135.3523961">
      <ele>160.889</ele>
    </trkpt>
    <trkpt lat="-30.4330241" lon="135.3523906">
      <ele>160.955</ele>
    </trkpt>
    <trkpt lat="-30.4337404" lon="135.3523129">
      <ele>162.0</ele>
    </trkpt>
    <trkpt lat="-30.4367848" lon="135.3519824">
      <ele>158.863</ele>
    </trkpt>
    <trkpt lat="-30.4371091" lon="135.3519472">
      <ele>158.99</ele>
    </trkpt>
    <trkpt lat="-30.4380381" lon="135.3518442">
      <ele>159.086</ele>
    </trkpt>
    <trkpt lat="-30.4392915" lon="135.3517053">
      <ele>159.861</ele>
    </trkpt>
    <trkpt lat="-30.4396496" lon="135.3516656">
      <ele>160.0</ele>
    </trkpt>
    <trkpt lat="-30.4400077" lon="135.3516259">
      <ele>159.0</ele>
    </trkpt>
    <trkpt lat="-30.4401867" lon="135.3516061">
      <ele>159.0</ele>
    </trkpt>
    <trkpt lat="-30.4403658" lon="135.3515862">
      <ele>159.0</ele>
    </trkpt>
    <trkpt lat="-30.4416191" lon="135.3514473">
      <ele>160.483</ele>
    </trkpt>
    <trkpt lat="-30.4426934" lon="135.3513282">
      <ele>158.0</ele>
    </trkpt>
    <trkpt lat="-30.4430515" lon="135.3512885">
      <ele>158.629</ele>
    </trkpt>
    <trkpt lat="-30.4441258" lon="135.3511694">
      <ele>159.916</ele>
    </trkpt>
    <trkpt lat="-30.4475799" lon="135.3507865">
      <ele>158.289</ele>
    </trkpt>
    <trkpt lat="-30.4477068" lon="135.3507723">
      <ele>158.276</ele>
    </trkpt>
    <trkpt lat="-30.4486019" lon="135.3506723">
      <ele>159.527</ele>
    </trkpt>
    <trkpt lat="-30.448726" lon="135.3506584">
      <ele>160.043</ele>
    </trkpt>
    <trkpt lat="-30.4491391" lon="135.3506126">
      <ele>159.178</ele>
    </trkpt>
    <trkpt lat="-30.4496762" lon="135.350553">
      <ele>158.834</ele>
    </trkpt>
    <trkpt lat="-30.4500343" lon="135.3505133">
      <ele>160.981</ele>
    </trkpt>
    <trkpt lat="-30.4537943" lon="135.3500962">
      <ele>160.888</ele>
    </trkpt>
    <trkpt lat="-30.4539733" lon="135.3500763">
      <ele>161.191</ele>
    </trkpt>
    <trkpt lat="-30.4550129" lon="135.349961">
      <ele>161.813</ele>
    </trkpt>
    <trkpt lat="-30.4559706" lon="135.3498554">
      <ele>160.479</ele>
    </trkpt>
    <trkpt lat="-30.4580943" lon="135.3496569">
      <ele>161.828</ele>
    </trkpt>
    <trkpt lat="-30.4598871" lon="135.3494893">
      <ele>159.689</ele>
    </trkpt>
    <trkpt lat="-30.4606042" lon="135.3494223">
      <ele>160.416</ele>
    </trkpt>
    <trkpt lat="-30.460713" lon="135.3494121">
      <ele>161.184</ele>
    </trkpt>
    <trkpt lat="-30.4607836" lon="135.3494066">
      <ele>161.666</ele>
    </trkpt>
    <trkpt lat="-30.4609631" lon="135.3493926">
      <ele>162.934</ele>
    </trkpt>
    <trkpt lat="-30.461322" lon="135.3493645">
      <ele>163.241</ele>
    </trkpt>
    <trkpt lat="-30.4639733" lon="135.3491571">
      <ele>161.0</ele>
    </trkpt>
    <trkpt lat="-30.4649118" lon="135.3490971">
      <ele>160.488</ele>
    </trkpt>
    <trkpt lat="-30.4650914" lon="135.3490856">
      <ele>160.525</ele>
    </trkpt>
    <trkpt lat="-30.4667077" lon="135.3489822">
      <ele>159.852</ele>
    </trkpt>
    <trkpt lat="-30.4668617" lon="135.3489724">
      <ele>159.298</ele>
    </trkpt>
    <trkpt lat="-30.4681453" lon="135.3489117">
      <ele>160.297</ele>
    </trkpt>
    <trkpt lat="-30.468422" lon="135.3488986">
      <ele>160.965</ele>
    </trkpt>
    <trkpt lat="-30.4697626" lon="135.3488303">
      <ele>161.758</ele>
    </trkpt>
    <trkpt lat="-30.4715595" lon="135.3487387">
      <ele>158.332</ele>
    </trkpt>
    <trkpt lat="-30.4721743" lon="135.3487074">
      <ele>164.023</ele>
    </trkpt>
    <trkpt lat="-30.473177" lon="135.3486636">
      <ele>161.811</ele>
    </trkpt>
    <trkpt lat="-30.4747946" lon="135.3485929">
      <ele>157.292</ele>
    </trkpt>
    <trkpt lat="-30.4752384" lon="135.3485735">
      <ele>157.865</ele>
    </trkpt>
    <trkpt lat="-30.47677" lon="135.3484668">
      <ele>157.372</ele>
    </trkpt>
    <trkpt lat="-30.4775563" lon="135.348412">
      <ele>157.717</ele>
    </trkpt>
    <trkpt lat="-30.4785651" lon="135.3483357">
      <ele>159.009</ele>
    </trkpt>
    <trkpt lat="-30.4810344" lon="135.3481362">
      <ele>159.724</ele>
    </trkpt>
    <trkpt lat="-30.4833255" lon="135.3479246">
      <ele>158.987</ele>
    </trkpt>
    <trkpt lat="-30.4847798" lon="135.3477903">
      <ele>159.423</ele>
    </trkpt>
    <trkpt lat="-30.4879837" lon="135.347447">
      <ele>158.0</ele>
    </trkpt>
    <trkpt lat="-30.489604" lon="135.3472734">
      <ele>159.816</ele>
    </trkpt>
    <trkpt lat="-30.4917447" lon="135.3470425">
      <ele>156.647</ele>
    </trkpt>
    <trkpt lat="-30.4929984" lon="135.3469073">
      <ele>159.206</ele>
    </trkpt>
    <trkpt lat="-30.4935357" lon="135.3468494">
      <ele>155.108</ele>
    </trkpt>
    <trkpt lat="-30.4947893" lon="135.3467142">
      <ele>155.542</ele>
    </trkpt>
    <trkpt lat="-30.4949684" lon="135.3466949">
      <ele>155.999</ele>
    </trkpt>
    <trkpt lat="-30.4955057" lon="135.3466369">
      <ele>159.553</ele>
    </trkpt>
    <trkpt lat="-30.4965802" lon="135.346521">
      <ele>160.163</ele>
    </trkpt>
    <trkpt lat="-30.4969384" lon="135.3464824">
      <ele>158.692</ele>
    </trkpt>
    <trkpt lat="-30.4971175" lon="135.3464631">
      <ele>158.733</ele>
    </trkpt>
    <trkpt lat="-30.4980129" lon="135.3463665">
      <ele>157.081</ele>
    </trkpt>
    <trkpt lat="-30.5005203" lon="135.3460961">
      <ele>157.066</ele>
    </trkpt>
    <trkpt lat="-30.5008784" lon="135.3460574">
      <ele>156.869</ele>
    </trkpt>
    <trkpt lat="-30.5009959" lon="135.3460447">
      <ele>156.555</ele>
    </trkpt>
    <trkpt lat="-30.5010575" lon="135.3460379">
      <ele>156.406</ele>
    </trkpt>
    <trkpt lat="-30.5018565" lon="135.3459496">
      <ele>155.286</ele>
    </trkpt>
    <trkpt lat="-30.5036383" lon="135.3457556">
      <ele>155.0</ele>
    </trkpt>
    <trkpt lat="-30.5046391" lon="135.3456479">
      <ele>155.466</ele>
    </trkpt>
    <trkpt lat="-30.5048495" lon="135.3456253">
      <ele>155.845</ele>
    </trkpt>
    <trkpt lat="-30.5062175" lon="135.3455448">
      <ele>155.264</ele>
    </trkpt>
    <trkpt lat="-30.5073751" lon="135.3455448">
      <ele>152.0</ele>
    </trkpt>
    <trkpt lat="-30.5085808" lon="135.3455971">
      <ele>154.093</ele>
    </trkpt>
    <trkpt lat="-30.5092887" lon="135.3456624">
      <ele>153.27</ele>
    </trkpt>
    <trkpt lat="-30.5099953" lon="135.3457498">
      <ele>153.704</ele>
    </trkpt>
    <trkpt lat="-30.5107366" lon="135.3458777">
      <ele>151.452</ele>
    </trkpt>
    <trkpt lat="-30.5110924" lon="135.3459391">
      <ele>151.381</ele>
    </trkpt>
    <trkpt lat="-30.5112703" lon="135.3459698">
      <ele>152.064</ele>
    </trkpt>
    <trkpt lat="-30.511729" lon="135.3460677">
      <ele>152.498</ele>
    </trkpt>
    <trkpt lat="-30.5127255" lon="135.3462804">
      <ele>152.724</ele>
    </trkpt>
    <trkpt lat="-30.5131403" lon="135.3463918">
      <ele>152.695</ele>
    </trkpt>
    <trkpt lat="-30.5134518" lon="135.3464755">
      <ele>152.0</ele>
    </trkpt>
    <trkpt lat="-30.5141228" lon="135.3466912">
      <ele>151.926</ele>
    </trkpt>
    <trkpt lat="-30.51487" lon="135.3469613">
      <ele>150.593</ele>
    </trkpt>
    <trkpt lat="-30.5154601" lon="135.3471746">
      <ele>151.285</ele>
    </trkpt>
    <trkpt lat="-30.5163174" lon="135.3475294">
      <ele>149.949</ele>
    </trkpt>
    <trkpt lat="-30.5169902" lon="135.3478264">
      <ele>150.165</ele>
    </trkpt>
    <trkpt lat="-30.5170731" lon="135.3478678">
      <ele>150.463</ele>
    </trkpt>
    <trkpt lat="-30.5172383" lon="135.3479502">
      <ele>151.014</ele>
    </trkpt>
    <trkpt lat="-30.5184212" lon="135.3485403">
      <ele>147.255</ele>
    </trkpt>
    <trkpt lat="-30.5185565" lon="135.3486194">
      <ele>147.024</ele>
    </trkpt>
    <trkpt lat="-30.5197092" lon="135.3492931">
      <ele>149.502</ele>
    </trkpt>
    <trkpt lat="-30.5203295" lon="135.349694">
      <ele>149.898</ele>
    </trkpt>
    <trkpt lat="-30.521063" lon="135.3501992">
      <ele>151.0</ele>
    </trkpt>
    <trkpt lat="-30.5216876" lon="135.3506681">
      <ele>151.955</ele>
    </trkpt>
    <trkpt lat="-30.5219889" lon="135.3508944">
      <ele>151.875</ele>
    </trkpt>
    <trkpt lat="-30.522284" lon="135.351135">
      <ele>151.981</ele>
    </trkpt>
    <trkpt lat="-30.5225837" lon="135.3513793">
      <ele>150.151</ele>
    </trkpt>
    <trkpt lat="-30.5228727" lon="135.351615">
      <ele>149.092</ele>
    </trkpt>
    <trkpt lat="-30.5235659" lon="135.3521804">
      <ele>151.163</ele>
    </trkpt>
    <trkpt lat="-30.5236088" lon="135.3522149">
      <ele>150.972</ele>
    </trkpt>
    <trkpt lat="-30.5240524" lon="135.3525714">
      <ele>151.0</ele>
    </trkpt>
    <trkpt lat="-30.5244961" lon="135.352928">
      <ele>151.541</ele>
    </trkpt>
    <trkpt lat="-30.5252355" lon="135.3535222">
      <ele>152.0</ele>
    </trkpt>
    <trkpt lat="-30.5259749" lon="135.3541165">
      <ele>148.51</ele>
    </trkpt>
    <trkpt lat="-30.5259883" lon="135.3541283">
      <ele>148.558</ele>
    </trkpt>
    <trkpt lat="-30.5263226" lon="135.3543917">
      <ele>149.761</ele>
    </trkpt>
    <trkpt lat="-30.5271845" lon="135.3550527">
      <ele>147.272</ele>
    </trkpt>
    <trkpt lat="-30.5289393" lon="135.3563738">
      <ele>150.593</ele>
    </trkpt>
    <trkpt lat="-30.5294662" lon="135.3567594">
      <ele>149.078</ele>
    </trkpt>
    <trkpt lat="-30.5306034" lon="135.3575915">
      <ele>147.0</ele>
    </trkpt>
    <trkpt lat="-30.5306669" lon="135.3576383">
      <ele>147.0</ele>
    </trkpt>
    <trkpt lat="-30.5306834" lon="135.3576503">
      <ele>147.0</ele>
    </trkpt>
    <trkpt lat="-30.5308357" lon="135.3577614">
      <ele>146.999</ele>
    </trkpt>
    <trkpt lat="-30.5308442" lon="135.3577676">
      <ele>146.999</ele>
    </trkpt>
    <trkpt lat="-30.5309893" lon="135.3578701">
      <ele>147.332</ele>
    </trkpt>
    <trkpt lat="-30.5312966" lon="135.3580872">
      <ele>148.038</ele>
    </trkpt>
    <trkpt lat="-30.5314502" lon="135.3581958">
      <ele>147.891</ele>
    </trkpt>
    <trkpt lat="-30.5323063" lon="135.3588009">
      <ele>150.476</ele>
    </trkpt>
    <trkpt lat="-30.5325274" lon="135.3589526">
      <ele>150.131</ele>
    </trkpt>
    <trkpt lat="-30.5333763" lon="135.3595352">
      <ele>150.448</ele>
    </trkpt>
    <trkpt lat="-30.5342048" lon="135.3601038">
      <ele>150.185</ele>
    </trkpt>
    <trkpt lat="-30.5343537" lon="135.3602026">
      <ele>149.565</ele>
    </trkpt>
    <trkpt lat="-30.5359483" lon="135.3612612">
      <ele>152.46</ele>
    </trkpt>
    <trkpt lat="-30.5360257" lon="135.3613126">
      <ele>152.275</ele>
    </trkpt>
    <trkpt lat="-30.5365789" lon="135.3616634">
      <ele>151.696</ele>
    </trkpt>
    <trkpt lat="-30.536726" lon="135.3617611">
      <ele>151.859</ele>
    </trkpt>
    <trkpt lat="-30.5368445" lon="135.3618324">
      <ele>151.742</ele>
    </trkpt>
    <trkpt lat="-30.53687" lon="135.3618491">
      <ele>151.749</ele>
    </trkpt>
    <trkpt lat="-30.5370266" lon="135.361952">
      <ele>151.397</ele>
    </trkpt>
    <trkpt lat="-30.5376108" lon="135.3623358">
      <ele>149.591</ele>
    </trkpt>
    <trkpt lat="-30.5381324" lon="135.3626506">
      <ele>152.403</ele>
    </trkpt>
    <trkpt lat="-30.5385349" lon="135.3629043">
      <ele>152.94</ele>
    </trkpt>
    <trkpt lat="-30.5407474" lon="135.364252">
      <ele>152.307</ele>
    </trkpt>
    <trkpt lat="-30.5413111" lon="135.3645903">
      <ele>154.867</ele>
    </trkpt>
    <trkpt lat="-30.5414718" lon="135.364684">
      <ele>154.743</ele>
    </trkpt>
    <trkpt lat="-30.5417934" lon="135.3648713">
      <ele>153.463</ele>
    </trkpt>
    <trkpt lat="-30.5424382" lon="135.3652419">
      <ele>151.545</ele>
    </trkpt>
    <trkpt lat="-30.5425992" lon="135.3653348">
      <ele>150.643</ele>
    </trkpt>
    <trkpt lat="-30.5432435" lon="135.3657065">
      <ele>151.41</ele>
    </trkpt>
    <trkpt lat="-30.5434052" lon="135.365798">
      <ele>151.261</ele>
    </trkpt>
    <trkpt lat="-30.5435669" lon="135.3658896">
      <ele>150.691</ele>
    </trkpt>
    <trkpt lat="-30.5437285" lon="135.3659811">
      <ele>151.487</ele>
    </trkpt>
    <trkpt lat="-30.5437382" lon="135.3659866">
      <ele>151.561</ele>
    </trkpt>
    <trkpt lat="-30.5438912" lon="135.3660702">
      <ele>152.705</ele>
    </trkpt>
    <trkpt lat="-30.5460072" lon="135.3672256">
      <ele>147.63</ele>
    </trkpt>
    <trkpt lat="-30.5461699" lon="135.3673145">
      <ele>148.0</ele>
    </trkpt>
    <trkpt lat="-30.5462452" lon="135.3673559">
      <ele>148.0</ele>
    </trkpt>
    <trkpt lat="-30.5465013" lon="135.3674954">
      <ele>148.007</ele>
    </trkpt>
    <trkpt lat="-30.5467184" lon="135.3676123">
      <ele>148.297</ele>
    </trkpt>
    <trkpt lat="-30.548638" lon="135.3686143">
      <ele>149.904</ele>
    </trkpt>
    <trkpt lat="-30.5491215" lon="135.3688582">
      <ele>148.4</ele>
    </trkpt>
    <trkpt lat="-30.5502443" lon="135.3694175">
      <ele>147.976</ele>
    </trkpt>
    <trkpt lat="-30.5531564" lon="135.370817">
      <ele>147.979</ele>
    </trkpt>
    <trkpt lat="-30.5549838" lon="135.3716364">
      <ele>146.0</ele>
    </trkpt>
    <trkpt lat="-30.5550932" lon="135.371683">
      <ele>146.059</ele>
    </trkpt>
    <trkpt lat="-30.5551662" lon="135.3717197">
      <ele>146.191</ele>
    </trkpt>
    <trkpt lat="-30.556419" lon="135.372277">
      <ele>149.694</ele>
    </trkpt>
    <trkpt lat="-30.5578016" lon="135.3727878">
      <ele>148.036</ele>
    </trkpt>
    <trkpt lat="-30.5590092" lon="135.3733117">
      <ele>148.0</ele>
    </trkpt>
    <trkpt lat="-30.5596955" lon="135.3735719">
      <ele>149.0</ele>
    </trkpt>
    <trkpt lat="-30.5598672" lon="135.3736342">
      <ele>149.04</ele>
    </trkpt>
    <trkpt lat="-30.5601338" lon="135.3737308">
      <ele>148.726</ele>
    </trkpt>
    <trkpt lat="-30.5619707" lon="135.3743625">
      <ele>146.095</ele>
    </trkpt>
    <trkpt lat="-30.5629746" lon="135.3746881">
      <ele>147.0</ele>
    </trkpt>
    <trkpt lat="-30.5635788" lon="135.3748758">
      <ele>147.884</ele>
    </trkpt>
    <trkpt lat="-30.5643719" lon="135.3751054">
      <ele>147.261</ele>
    </trkpt>
    <trkpt lat="-30.5646797" lon="135.3751947">
      <ele>146.747</ele>
    </trkpt>
    <trkpt lat="-30.5654926" lon="135.3754301">
      <ele>147.075</ele>
    </trkpt>
    <trkpt lat="-30.5669316" lon="135.3758008">
      <ele>145.223</ele>
    </trkpt>
    <trkpt lat="-30.5688149" lon="135.3762467">
      <ele>143.799</ele>
    </trkpt>
    <trkpt lat="-30.5691072" lon="135.3763057">
      <ele>141.979</ele>
    </trkpt>
    <trkpt lat="-30.5692651" lon="135.3763381">
      <ele>141.528</ele>
    </trkpt>
    <trkpt lat="-30.5695514" lon="135.3763979">
      <ele>141.45</ele>
    </trkpt>
    <trkpt lat="-30.5706472" lon="135.3766275">
      <ele>145.624</ele>
    </trkpt>
    <trkpt lat="-30.5727244" lon="135.3770023">
      <ele>141.848</ele>
    </trkpt>
    <trkpt lat="-30.5729514" lon="135.3770413">
      <ele>142.625</ele>
    </trkpt>
    <trkpt lat="-30.5730512" lon="135.3770585">
      <ele>142.984</ele>
    </trkpt>
    <trkpt lat="-30.5747307" lon="135.3773472">
      <ele>145.0</ele>
    </trkpt>
    <trkpt lat="-30.5753169" lon="135.377448">
      <ele>144.187</ele>
    </trkpt>
    <trkpt lat="-30.5773815" lon="135.3778645">
      <ele>143.72</ele>
    </trkpt>
    <trkpt lat="-30.5796155" lon="135.3783779">
      <ele>143.323</ele>
    </trkpt>
    <trkpt lat="-30.5811613" lon="135.3787747">
      <ele>141.181</ele>
    </trkpt>
    <trkpt lat="-30.5819645" lon="135.3789979">
      <ele>144.856</ele>
    </trkpt>
    <trkpt lat="-30.5823123" lon="135.3790945">
      <ele>142.267</ele>
    </trkpt>
    <trkpt lat="-30.5834579" lon="135.3794256">
      <ele>142.934</ele>
    </trkpt>
    <trkpt lat="-30.5849354" lon="135.3798788">
      <ele>141.796</ele>
    </trkpt>
    <trkpt lat="-30.5864428" lon="135.3803802">
      <ele>141.806</ele>
    </trkpt>
    <trkpt lat="-30.5880297" lon="135.3809501">
      <ele>138.619</ele>
    </trkpt>
    <trkpt lat="-30.5886185" lon="135.3811615">
      <ele>135.792</ele>
    </trkpt>
    <trkpt lat="-30.5887164" lon="135.3811992">
      <ele>135.304</ele>
    </trkpt>
    <trkpt lat="-30.5902604" lon="135.3817933">
      <ele>141.966</ele>
    </trkpt>
    <trkpt lat="-30.5906583" lon="135.3819545">
      <ele>142.334</ele>
    </trkpt>
    <trkpt lat="-30.5912721" lon="135.3822033">
      <ele>141.46</ele>
    </trkpt>
    <trkpt lat="-30.5916435" lon="135.3823539">
      <ele>140.565</ele>
    </trkpt>
    <trkpt lat="-30.5927401" lon="135.3827965">
      <ele>141.262</ele>
    </trkpt>
    <trkpt lat="-30.5941545" lon="135.3833275">
      <ele>140.87</ele>
    </trkpt>
    <trkpt lat="-30.5965288" lon="135.384157">
      <ele>138.573</ele>
    </trkpt>
    <trkpt lat="-30.5986483" lon="135.3848342">
      <ele>142.483</ele>
    </trkpt>
    <trkpt lat="-30.5991876" lon="135.3849888">
      <ele>142.849</ele>
    </trkpt>
    <trkpt lat="-30.6002267" lon="135.3852867">
      <ele>142.828</ele>
    </trkpt>
    <trkpt lat="-30.6002354" lon="135.3852892">
      <ele>142.86</ele>
    </trkpt>
    <trkpt lat="-30.6004925" lon="135.3853629">
      <ele>142.526</ele>
    </trkpt>
    <trkpt lat="-30.60102" lon="135.3855141">
      <ele>138.526</ele>
    </trkpt>
    <trkpt lat="-30.603395" lon="135.3861081">
      <ele>135.998</ele>
    </trkpt>
    <trkpt lat="-30.6055738" lon="135.3866009">
      <ele>137.237</ele>
    </trkpt>
    <trkpt lat="-30.6066825" lon="135.3868295">
      <ele>135.828</ele>
    </trkpt>
    <trkpt lat="-30.6083389" lon="135.3871312">
      <ele>137.98</ele>
    </trkpt>
    <trkpt lat="-30.6087312" lon="135.3871971">
      <ele>136.135</ele>
    </trkpt>
    <trkpt lat="-30.608862" lon="135.3872191">
      <ele>135.194</ele>
    </trkpt>
    <trkpt lat="-30.6089092" lon="135.387227">
      <ele>134.91</ele>
    </trkpt>
    <trkpt lat="-30.6090401" lon="135.387249">
      <ele>134.359</ele>
    </trkpt>
    <trkpt lat="-30.6092499" lon="135.3872843">
      <ele>134.009</ele>
    </trkpt>
    <trkpt lat="-30.6102686" lon="135.3874556">
      <ele>133.165</ele>
    </trkpt>
    <trkpt lat="-30.6110344" lon="135.3876077">
      <ele>133.0</ele>
    </trkpt>
    <trkpt lat="-30.6112181" lon="135.3876529">
      <ele>133.597</ele>
    </trkpt>
    <trkpt lat="-30.6113941" lon="135.3876961">
      <ele>134.687</ele>
    </trkpt>
    <trkpt lat="-30.6122304" lon="135.3879015">
      <ele>134.043</ele>
    </trkpt>
    <trkpt lat="-30.6129279" lon="135.388091">
      <ele>136.745</ele>
    </trkpt>
    <trkpt lat="-30.6129485" lon="135.3880966">
      <ele>136.704</ele>
    </trkpt>
    <trkpt lat="-30.6141316" lon="135.3884599">
      <ele>133.911</ele>
    </trkpt>
    <trkpt lat="-30.6151354" lon="135.3888037">
      <ele>132.662</ele>
    </trkpt>
    <trkpt lat="-30.615522" lon="135.3889499">
      <ele>132.027</ele>
    </trkpt>
    <trkpt lat="-30.6161098" lon="135.3891722">
      <ele>133.04</ele>
    </trkpt>
    <trkpt lat="-30.6165435" lon="135.3893542">
      <ele>135.232</ele>
    </trkpt>
    <trkpt lat="-30.6171144" lon="135.3895937">
      <ele>135.18</ele>
    </trkpt>
    <trkpt lat="-30.6177245" lon="135.3898742">
      <ele>134.442</ele>
    </trkpt>
    <trkpt lat="-30.6182204" lon="135.3901092">
      <ele>135.353</ele>
    </trkpt>
    <trkpt lat="-30.6186621" lon="135.3903185">
      <ele>134.67</ele>
    </trkpt>
    <trkpt lat="-30.6192472" lon="135.3906093">
      <ele>133.193</ele>
    </trkpt>
    <trkpt lat="-30.6208793" lon="135.3915272">
      <ele>134.918</ele>
    </trkpt>
    <trkpt lat="-30.6217893" lon="135.3920854">
      <ele>133.0</ele>
    </trkpt>
    <trkpt lat="-30.6219477" lon="135.3921877">
      <ele>133.01</ele>
    </trkpt>
    <trkpt lat="-30.6221037" lon="135.3922884">
      <ele>133.437</ele>
    </trkpt>
    <trkpt lat="-30.622105" lon="135.3922892">
      <ele>133.439</ele>
    </trkpt>
    <trkpt lat="-30.6224739" lon="135.3925273">
      <ele>133.0</ele>
    </trkpt>
    <trkpt lat="-30.6226186" lon="135.39262">
      <ele>133.427</ele>
    </trkpt>
    <trkpt lat="-30.6228919" lon="135.3927951">
      <ele>134.0</ele>
    </trkpt>
    <trkpt lat="-30.6232069" lon="135.392997">
      <ele>134.0</ele>
    </trkpt>
    <trkpt lat="-30.6233644" lon="135.3930979">
      <ele>134.0</ele>
    </trkpt>
    <trkpt lat="-30.6240877" lon="135.3935614">
      <ele>133.588</ele>
    </trkpt>
    <trkpt lat="-30.6253214" lon="135.3943327">
      <ele>133.653</ele>
    </trkpt>
    <trkpt lat="-30.62542" lon="135.3943928">
      <ele>134.115</ele>
    </trkpt>
    <trkpt lat="-30.626535" lon="135.3950723">
      <ele>132.052</ele>
    </trkpt>
    <trkpt lat="-30.6265772" lon="135.395098">
      <ele>132.356</ele>
    </trkpt>
    <trkpt lat="-30.6268958" lon="135.3952922">
      <ele>134.702</ele>
    </trkpt>
    <trkpt lat="-30.6270551" lon="135.3953893">
      <ele>136.038</ele>
    </trkpt>
    <trkpt lat="-30.6271722" lon="135.3954606">
      <ele>136.758</ele>
    </trkpt>
    <trkpt lat="-30.6272144" lon="135.3954863">
      <ele>136.965</ele>
    </trkpt>
    <trkpt lat="-30.6273315" lon="135.3955577">
      <ele>136.617</ele>
    </trkpt>
    <trkpt lat="-30.6275001" lon="135.3956605">
      <ele>136.755</ele>
    </trkpt>
    <trkpt lat="-30.6292683" lon="135.3966938">
      <ele>137.608</ele>
    </trkpt>
    <trkpt lat="-30.6307185" lon="135.3974999">
      <ele>137.999</ele>
    </trkpt>
    <trkpt lat="-30.6309178" lon="135.397613">
      <ele>137.979</ele>
    </trkpt>
    <trkpt lat="-30.6310703" lon="135.3976967">
      <ele>137.251</ele>
    </trkpt>
    <trkpt lat="-30.6320531" lon="135.3982425">
      <ele>139.865</ele>
    </trkpt>
    <trkpt lat="-30.6323775" lon="135.3984229">
      <ele>139.417</ele>
    </trkpt>
    <trkpt lat="-30.633396" lon="135.3989828">
      <ele>139.564</ele>
    </trkpt>
    <trkpt lat="-30.6335162" lon="135.3990481">
      <ele>140.231</ele>
    </trkpt>
    <trkpt lat="-30.6343305" lon="135.3994918">
      <ele>144.17</ele>
    </trkpt>
    <trkpt lat="-30.6344896" lon="135.3995826">
      <ele>144.335</ele>
    </trkpt>
    <trkpt lat="-30.634653" lon="135.3996799">
      <ele>144.097</ele>
    </trkpt>
    <trkpt lat="-30.635146" lon="135.3999407">
      <ele>144.0</ele>
    </trkpt>
    <trkpt lat="-30.6353098" lon="135.4000273">
      <ele>143.786</ele>
    </trkpt>
    <trkpt lat="-30.6356372" lon="135.4002005">
      <ele>142.196</ele>
    </trkpt>
    <trkpt lat="-30.635639" lon="135.4002015">
      <ele>142.192</ele>
    </trkpt>
    <trkpt lat="-30.6358052" lon="135.4002688">
      <ele>142.003</ele>
    </trkpt>
    <trkpt lat="-30.6364598" lon="135.4006165">
      <ele>143.326</ele>
    </trkpt>
    <trkpt lat="-30.6371812" lon="135.4009873">
      <ele>139.066</ele>
    </trkpt>
    <trkpt lat="-30.6380428" lon="135.4014653">
      <ele>140.783</ele>
    </trkpt>
    <trkpt lat="-30.6382539" lon="135.4015845">
      <ele>138.868</ele>
    </trkpt>
    <trkpt lat="-30.6394672" lon="135.4022974">
      <ele>138.918</ele>
    </trkpt>
    <trkpt lat="-30.6395373" lon="135.4023404">
      <ele>138.666</ele>
    </trkpt>
    <trkpt lat="-30.6404424" lon="135.4029016">
      <ele>137.51</ele>
    </trkpt>
    <trkpt lat="-30.6404891" lon="135.4029318">
      <ele>137.472</ele>
    </trkpt>
    <trkpt lat="-30.6408045" lon="135.4031334">
      <ele>137.925</ele>
    </trkpt>
    <trkpt lat="-30.6418856" lon="135.4038567">
      <ele>137.025</ele>
    </trkpt>
    <trkpt lat="-30.6432021" lon="135.4047871">
      <ele>137.123</ele>
    </trkpt>
    <trkpt lat="-30.6437316" lon="135.405182">
      <ele>139.087</ele>
    </trkpt>
    <trkpt lat="-30.6437967" lon="135.4052304">
      <ele>138.721</ele>
    </trkpt>
    <trkpt lat="-30.6438408" lon="135.4052634">
      <ele>138.38</ele>
    </trkpt>
    <trkpt lat="-30.6446357" lon="135.4058654">
      <ele>136.724</ele>
    </trkpt>
    <trkpt lat="-30.644784" lon="135.4059855">
      <ele>137.0</ele>
    </trkpt>
    <trkpt lat="-30.6447853" lon="135.4059865">
      <ele>137.0</ele>
    </trkpt>
    <trkpt lat="-30.644932" lon="135.4061041">
      <ele>137.0</ele>
    </trkpt>
    <trkpt lat="-30.6455262" lon="135.406576">
      <ele>134.814</ele>
    </trkpt>
    <trkpt lat="-30.6457555" lon="135.4067663">
      <ele>135.617</ele>
    </trkpt>
    <trkpt lat="-30.64582" lon="135.4068202">
      <ele>136.079</ele>
    </trkpt>
    <trkpt lat="-30.6459648" lon="135.4069412">
      <ele>137.45</ele>
    </trkpt>
    <trkpt lat="-30.6462573" lon="135.4071877">
      <ele>137.539</ele>
    </trkpt>
    <trkpt lat="-30.6464016" lon="135.4073093">
      <ele>137.031</ele>
    </trkpt>
    <trkpt lat="-30.6465466" lon="135.4074331">
      <ele>137.137</ele>
    </trkpt>
    <trkpt lat="-30.6466916" lon="135.407557">
      <ele>137.09</ele>
    </trkpt>
    <trkpt lat="-30.6467796" lon="135.4076327">
      <ele>137.407</ele>
    </trkpt>
    <trkpt lat="-30.6471209" lon="135.4079365">
      <ele>138.635</ele>
    </trkpt>
    <trkpt lat="-30.6475481" lon="135.4083198">
      <ele>139.049</ele>
    </trkpt>
    <trkpt lat="-30.6476903" lon="135.4084476">
      <ele>138.589</ele>
    </trkpt>
    <trkpt lat="-30.6481167" lon="135.408832">
      <ele>138.825</ele>
    </trkpt>
    <trkpt lat="-30.6486733" lon="135.4093618">
      <ele>140.248</ele>
    </trkpt>
    <trkpt lat="-30.6488132" lon="135.4094931">
      <ele>140.32</ele>
    </trkpt>
    <trkpt lat="-30.6489548" lon="135.4096253">
      <ele>139.763</ele>
    </trkpt>
    <trkpt lat="-30.6493865" lon="135.4099995">
      <ele>139.001</ele>
    </trkpt>
    <trkpt lat="-30.6493874" lon="135.4100003">
      <ele>139.0</ele>
    </trkpt>
    <trkpt lat="-30.6505044" lon="135.4110582">
      <ele>140.81</ele>
    </trkpt>
    <trkpt lat="-30.6512323" lon="135.4117102">
      <ele>140.652</ele>
    </trkpt>
    <trkpt lat="-30.6522211" lon="135.4125743">
      <ele>138.267</ele>
    </trkpt>
    <trkpt lat="-30.6523611" lon="135.4126993">
      <ele>139.576</ele>
    </trkpt>
    <trkpt lat="-30.6526506" lon="135.4129547">
      <ele>142.179</ele>
    </trkpt>
    <trkpt lat="-30.6530831" lon="135.4133299">
      <ele>143.988</ele>
    </trkpt>
    <trkpt lat="-30.6532439" lon="135.4134575">
      <ele>143.538</ele>
    </trkpt>
    <trkpt lat="-30.6533874" lon="135.4135754">
      <ele>142.232</ele>
    </trkpt>
    <trkpt lat="-30.6538922" lon="135.4140199">
      <ele>142.006</ele>
    </trkpt>
    <trkpt lat="-30.6539959" lon="135.4141048">
      <ele>142.086</ele>
    </trkpt>
    <trkpt lat="-30.6541632" lon="135.4142416">
      <ele>142.27</ele>
    </trkpt>
    <trkpt lat="-30.6542885" lon="135.414348">
      <ele>143.091</ele>
    </trkpt>
    <trkpt lat="-30.6548596" lon="135.4148333">
      <ele>143.908</ele>
    </trkpt>
    <trkpt lat="-30.6550185" lon="135.4149584">
      <ele>142.156</ele>
    </trkpt>
    <trkpt lat="-30.6553876" lon="135.4152492">
      <ele>140.395</ele>
    </trkpt>
    <trkpt lat="-30.6562066" lon="135.415902">
      <ele>144.915</ele>
    </trkpt>
    <trkpt lat="-30.6563549" lon="135.4160202">
      <ele>144.41</ele>
    </trkpt>
    <trkpt lat="-30.6567653" lon="135.4163473">
      <ele>144.302</ele>
    </trkpt>
    <trkpt lat="-30.6568003" lon="135.4163744">
      <ele>144.456</ele>
    </trkpt>
    <trkpt lat="-30.65695" lon="135.4164902">
      <ele>144.987</ele>
    </trkpt>
    <trkpt lat="-30.6572495" lon="135.4167218">
      <ele>144.684</ele>
    </trkpt>
    <trkpt lat="-30.6573993" lon="135.4168376">
      <ele>143.355</ele>
    </trkpt>
    <trkpt lat="-30.6575491" lon="135.4169534">
      <ele>142.139</ele>
    </trkpt>
    <trkpt lat="-30.6579983" lon="135.4173009">
      <ele>144.578</ele>
    </trkpt>
    <trkpt lat="-30.6582978" lon="135.4175325">
      <ele>146.412</ele>
    </trkpt>
    <trkpt lat="-30.6584476" lon="135.4176483">
      <ele>146.152</ele>
    </trkpt>
    <trkpt lat="-30.6585963" lon="135.4177634">
      <ele>146.001</ele>
    </trkpt>
    <trkpt lat="-30.6587434" lon="135.4178861">
      <ele>145.796</ele>
    </trkpt>
    <trkpt lat="-30.6601005" lon="135.4190175">
      <ele>144.242</ele>
    </trkpt>
    <trkpt lat="-30.6603467" lon="135.4192335">
      <ele>144.067</ele>
    </trkpt>
    <trkpt lat="-30.6607716" lon="135.4196063">
      <ele>145.0</ele>
    </trkpt>
    <trkpt lat="-30.6607773" lon="135.4196116">
      <ele>145.0</ele>
    </trkpt>
    <trkpt lat="-30.6616234" lon="135.4203904">
      <ele>147.0</ele>
    </trkpt>
    <trkpt lat="-30.6621467" lon="135.4208722">
      <ele>146.646</ele>
    </trkpt>
    <trkpt lat="-30.6626583" lon="135.4213874">
      <ele>146.428</ele>
    </trkpt>
    <trkpt lat="-30.6631372" lon="135.4218706">
      <ele>144.344</ele>
    </trkpt>
    <trkpt lat="-30.663273" lon="135.4220077">
      <ele>144.049</ele>
    </trkpt>
    <trkpt lat="-30.6634088" lon="135.4221448">
      <ele>144.0</ele>
    </trkpt>
    <trkpt lat="-30.6635447" lon="135.4222818">
      <ele>144.266</ele>
    </trkpt>
    <trkpt lat="-30.6636265" lon="135.4223644">
      <ele>144.512</ele>
    </trkpt>
    <trkpt lat="-30.6640699" lon="135.4228533">
      <ele>144.076</ele>
    </trkpt>
    <trkpt lat="-30.6643309" lon="135.423141">
      <ele>142.409</ele>
    </trkpt>
    <trkpt lat="-30.6645584" lon="135.4233918">
      <ele>142.831</ele>
    </trkpt>
    <trkpt lat="-30.6645917" lon="135.4234291">
      <ele>143.22</ele>
    </trkpt>
    <trkpt lat="-30.6647212" lon="135.4235742">
      <ele>144.731</ele>
    </trkpt>
    <trkpt lat="-30.6649803" lon="135.4238644">
      <ele>146.824</ele>
    </trkpt>
    <trkpt lat="-30.665113" lon="135.424013">
      <ele>147.222</ele>
    </trkpt>
    <trkpt lat="-30.6652359" lon="135.4241585">
      <ele>147.946</ele>
    </trkpt>
    <trkpt lat="-30.665614" lon="135.4246062">
      <ele>146.242</ele>
    </trkpt>
    <trkpt lat="-30.66574" lon="135.4247554">
      <ele>145.921</ele>
    </trkpt>
    <trkpt lat="-30.665798" lon="135.4248241">
      <ele>145.68</ele>
    </trkpt>
    <trkpt lat="-30.665984" lon="135.4250626">
      <ele>145.42</ele>
    </trkpt>
    <trkpt lat="-30.666588" lon="135.4258372">
      <ele>146.0</ele>
    </trkpt>
    <trkpt lat="-30.666645" lon="135.4259104">
      <ele>146.0</ele>
    </trkpt>
    <trkpt lat="-30.6668306" lon="135.426146">
      <ele>147.18</ele>
    </trkpt>
    <trkpt lat="-30.667235" lon="135.4266596">
      <ele>148.024</ele>
    </trkpt>
    <trkpt lat="-30.6673128" lon="135.4267666">
      <ele>147.398</ele>
    </trkpt>
    <trkpt lat="-30.667429" lon="135.4269263">
      <ele>146.826</ele>
    </trkpt>
    <trkpt lat="-30.6680618" lon="135.427796">
      <ele>146.043</ele>
    </trkpt>
    <trkpt lat="-30.6683531" lon="135.4282085">
      <ele>147.142</ele>
    </trkpt>
    <trkpt lat="-30.6699195" lon="135.4305301">
      <ele>148.802</ele>
    </trkpt>
    <trkpt lat="-30.6704221" lon="135.4312647">
      <ele>148.227</ele>
    </trkpt>
    <trkpt lat="-30.6712147" lon="135.4323849">
      <ele>152.367</ele>
    </trkpt>
    <trkpt lat="-30.671299" lon="135.4325016">
      <ele>152.314</ele>
    </trkpt>
    <trkpt lat="-30.6715303" lon="135.4328218">
      <ele>149.572</ele>
    </trkpt>
    <trkpt lat="-30.6718774" lon="135.4333022">
      <ele>151.946</ele>
    </trkpt>
    <trkpt lat="-30.6719931" lon="135.4334623">
      <ele>152.733</ele>
    </trkpt>
    <trkpt lat="-30.6720782" lon="135.4335801">
      <ele>153.424</ele>
    </trkpt>
    <trkpt lat="-30.6721054" lon="135.4336171">
      <ele>153.598</ele>
    </trkpt>
    <trkpt lat="-30.6721091" lon="135.4336221">
      <ele>153.625</ele>
    </trkpt>
    <trkpt lat="-30.6722222" lon="135.433776">
      <ele>154.0</ele>
    </trkpt>
    <trkpt lat="-30.672226" lon="135.4337811">
      <ele>153.992</ele>
    </trkpt>
    <trkpt lat="-30.6726934" lon="135.4344169">
      <ele>153.0</ele>
    </trkpt>
    <trkpt lat="-30.6727416" lon="135.4344824">
      <ele>152.881</ele>
    </trkpt>
    <trkpt lat="-30.6734569" lon="135.4354171">
      <ele>154.834</ele>
    </trkpt>
    <trkpt lat="-30.6744381" lon="135.4366889">
      <ele>156.059</ele>
    </trkpt>
    <trkpt lat="-30.6747394" lon="135.4370805">
      <ele>158.0</ele>
    </trkpt>
    <trkpt lat="-30.6748518" lon="135.4372225">
      <ele>158.0</ele>
    </trkpt>
    <trkpt lat="-30.6755142" lon="135.4380593">
      <ele>158.013</ele>
    </trkpt>
    <trkpt lat="-30.6762026" lon="135.4389033">
      <ele>162.0</ele>
    </trkpt>
    <trkpt lat="-30.676608" lon="135.4394003">
      <ele>162.0</ele>
    </trkpt>
    <trkpt lat="-30.6766988" lon="135.439509">
      <ele>161.794</ele>
    </trkpt>
    <trkpt lat="-30.6770708" lon="135.4399543">
      <ele>162.455</ele>
    </trkpt>
    <trkpt lat="-30.6772001" lon="135.440109">
      <ele>162.889</ele>
    </trkpt>
    <trkpt lat="-30.6774508" lon="135.440409">
      <ele>163.823</ele>
    </trkpt>
    <trkpt lat="-30.6776398" lon="135.4406353">
      <ele>163.713</ele>
    </trkpt>
    <trkpt lat="-30.6776998" lon="135.4407108">
      <ele>163.441</ele>
    </trkpt>
    <trkpt lat="-30.6779441" lon="135.4410179">
      <ele>162.401</ele>
    </trkpt>
    <trkpt lat="-30.6784209" lon="135.4416172">
      <ele>161.178</ele>
    </trkpt>
    <trkpt lat="-30.6790361" lon="135.4423944">
      <ele>161.09</ele>
    </trkpt>
    <trkpt lat="-30.6790415" lon="135.4424014">
      <ele>161.096</ele>
    </trkpt>
    <trkpt lat="-30.6798795" lon="135.4434852">
      <ele>163.71</ele>
    </trkpt>
    <trkpt lat="-30.6800375" lon="135.4436897">
      <ele>162.755</ele>
    </trkpt>
    <trkpt lat="-30.6801187" lon="135.4437976">
      <ele>162.616</ele>
    </trkpt>
    <trkpt lat="-30.6802371" lon="135.443955">
      <ele>162.888</ele>
    </trkpt>
    <trkpt lat="-30.6803555" lon="135.4441124">
      <ele>163.505</ele>
    </trkpt>
    <trkpt lat="-30.6804777" lon="135.4442748">
      <ele>164.439</ele>
    </trkpt>
    <trkpt lat="-30.6805961" lon="135.4444322">
      <ele>165.146</ele>
    </trkpt>
    <trkpt lat="-30.6807146" lon="135.4445896">
      <ele>164.751</ele>
    </trkpt>
    <trkpt lat="-30.680833" lon="135.444747">
      <ele>163.911</ele>
    </trkpt>
    <trkpt lat="-30.6809477" lon="135.4448995">
      <ele>163.099</ele>
    </trkpt>
    <trkpt lat="-30.6809514" lon="135.4449044">
      <ele>163.065</ele>
    </trkpt>
    <trkpt lat="-30.681011" lon="135.4449836">
      <ele>162.457</ele>
    </trkpt>
    <trkpt lat="-30.6820428" lon="135.4464247">
      <ele>162.729</ele>
    </trkpt>
    <trkpt lat="-30.683116" lon="135.4479791">
      <ele>159.842</ele>
    </trkpt>
    <trkpt lat="-30.6838268" lon="135.4490505">
      <ele>160.675</ele>
    </trkpt>
    <trkpt lat="-30.6842697" lon="135.4497246">
      <ele>158.624</ele>
    </trkpt>
    <trkpt lat="-30.6851698" lon="135.4511201">
      <ele>160.0</ele>
    </trkpt>
    <trkpt lat="-30.6857902" lon="135.4521479">
      <ele>160.958</ele>
    </trkpt>
    <trkpt lat="-30.686187" lon="135.4527936">
      <ele>159.742</ele>
    </trkpt>
    <trkpt lat="-30.6863631" lon="135.4530799">
      <ele>160.0</ele>
    </trkpt>
    <trkpt lat="-30.6872212" lon="135.4545065">
      <ele>158.779</ele>
    </trkpt>
    <trkpt lat="-30.6872551" lon="135.4545628">
      <ele>158.506</ele>
    </trkpt>
    <trkpt lat="-30.6873244" lon="135.4546779">
      <ele>158.101</ele>
    </trkpt>
    <trkpt lat="-30.6873582" lon="135.4547341">
      <ele>158.0</ele>
    </trkpt>
    <trkpt lat="-30.6874275" lon="135.4548493">
      <ele>158.0</ele>
    </trkpt>
    <trkpt lat="-30.6876697" lon="135.4552513">
      <ele>157.942</ele>
    </trkpt>
    <trkpt lat="-30.6879548" lon="135.4556976">
      <ele>158.0</ele>
    </trkpt>
    <trkpt lat="-30.6880623" lon="135.4558653">
      <ele>158.0</ele>
    </trkpt>
    <trkpt lat="-30.6883839" lon="135.4563689">
      <ele>157.072</ele>
    </trkpt>
    <trkpt lat="-30.6885987" lon="135.4567046">
      <ele>156.092</ele>
    </trkpt>
    <trkpt lat="-30.6893021" lon="135.4578037">
      <ele>158.606</ele>
    </trkpt>
    <trkpt lat="-30.6902723" lon="135.4592224">
      <ele>159.98</ele>
    </trkpt>
    <trkpt lat="-30.6910162" lon="135.4602989">
      <ele>159.468</ele>
    </trkpt>
    <trkpt lat="-30.691538" lon="135.4610472">
      <ele>158.34</ele>
    </trkpt>
    <trkpt lat="-30.6917849" lon="135.4613686">
      <ele>158.958</ele>
    </trkpt>
    <trkpt lat="-30.6923226" lon="135.4621143">
      <ele>159.389</ele>
    </trkpt>
    <trkpt lat="-30.6933002" lon="135.4634042">
      <ele>158.895</ele>
    </trkpt>
    <trkpt lat="-30.6948525" lon="135.4653887">
      <ele>159.399</ele>
    </trkpt>
    <trkpt lat="-30.6963106" lon="135.4671948">
      <ele>157.099</ele>
    </trkpt>
    <trkpt lat="-30.6964421" lon="135.4673574">
      <ele>157.0</ele>
    </trkpt>
    <trkpt lat="-30.6975905" lon="135.4687326">
      <ele>160.478</ele>
    </trkpt>
    <trkpt lat="-30.6976883" lon="135.4688311">
      <ele>160.396</ele>
    </trkpt>
    <trkpt lat="-30.6978641" lon="135.4690371">
      <ele>160.0</ele>
    </trkpt>
    <trkpt lat="-30.6990457" lon="135.4703923">
      <ele>157.435</ele>
    </trkpt>
    <trkpt lat="-30.6997326" lon="135.4712038">
      <ele>159.025</ele>
    </trkpt>
    <trkpt lat="-30.7002377" lon="135.4718">
      <ele>158.966</ele>
    </trkpt>
    <trkpt lat="-30.7005886" lon="135.4722148">
      <ele>159.851</ele>
    </trkpt>
    <trkpt lat="-30.7025881" lon="135.4743915">
      <ele>158.492</ele>
    </trkpt>
    <trkpt lat="-30.7027195" lon="135.4745343">
      <ele>158.857</ele>
    </trkpt>
    <trkpt lat="-30.7028361" lon="135.4746611">
      <ele>159.35</ele>
    </trkpt>
    <trkpt lat="-30.7040207" lon="135.4759867">
      <ele>160.0</ele>
    </trkpt>
    <trkpt lat="-30.7041451" lon="135.4761195">
      <ele>160.0</ele>
    </trkpt>
    <trkpt lat="-30.7043478" lon="135.476338">
      <ele>160.652</ele>
    </trkpt>
    <trkpt lat="-30.7045647" lon="135.4765687">
      <ele>160.353</ele>
    </trkpt>
    <trkpt lat="-30.7056243" lon="135.4776608">
      <ele>160.896</ele>
    </trkpt>
    <trkpt lat="-30.706298" lon="135.4783541">
      <ele>160.327</ele>
    </trkpt>
    <trkpt lat="-30.7064495" lon="135.4785101">
      <ele>160.357</ele>
    </trkpt>
    <trkpt lat="-30.7068373" lon="135.4789078">
      <ele>161.614</ele>
    </trkpt>
    <trkpt lat="-30.7072424" lon="135.4793233">
      <ele>160.332</ele>
    </trkpt>
    <trkpt lat="-30.7078727" lon="135.4799696">
      <ele>160.304</ele>
    </trkpt>
    <trkpt lat="-30.7081904" lon="135.4802871">
      <ele>160.983</ele>
    </trkpt>
    <trkpt lat="-30.7083269" lon="135.4804233">
      <ele>160.988</ele>
    </trkpt>
    <trkpt lat="-30.7097922" lon="135.4818862">
      <ele>159.252</ele>
    </trkpt>
    <trkpt lat="-30.7098287" lon="135.4819226">
      <ele>159.383</ele>
    </trkpt>
    <trkpt lat="-30.7098387" lon="135.4819326">
      <ele>159.419</ele>
    </trkpt>
    <trkpt lat="-30.710813" lon="135.4828818">
      <ele>160.073</ele>
    </trkpt>
    <trkpt lat="-30.711133" lon="135.4831935">
      <ele>159.961</ele>
    </trkpt>
    <trkpt lat="-30.7111419" lon="135.4832019">
      <ele>159.942</ele>
    </trkpt>
    <trkpt lat="-30.7117632" lon="135.4837983">
      <ele>159.348</ele>
    </trkpt>
    <trkpt lat="-30.7123114" lon="135.4843243">
      <ele>162.0</ele>
    </trkpt>
    <trkpt lat="-30.7131581" lon="135.485119">
      <ele>158.158</ele>
    </trkpt>
    <trkpt lat="-30.7137394" lon="135.4856636">
      <ele>159.611</ele>
    </trkpt>
    <trkpt lat="-30.7144239" lon="135.4862923">
      <ele>160.274</ele>
    </trkpt>
    <trkpt lat="-30.7145651" lon="135.486422">
      <ele>159.881</ele>
    </trkpt>
    <trkpt lat="-30.7155611" lon="135.4873358">
      <ele>158.008</ele>
    </trkpt>
    <trkpt lat="-30.7166981" lon="135.4883432">
      <ele>160.078</ele>
    </trkpt>
    <trkpt lat="-30.7168413" lon="135.4884701">
      <ele>160.136</ele>
    </trkpt>
    <trkpt lat="-30.7178939" lon="135.489403">
      <ele>160.149</ele>
    </trkpt>
    <trkpt lat="-30.7179857" lon="135.4894845">
      <ele>159.927</ele>
    </trkpt>
    <trkpt lat="-30.7181153" lon="135.4895996">
      <ele>160.215</ele>
    </trkpt>
    <trkpt lat="-30.718426" lon="135.489875">
      <ele>161.0</ele>
    </trkpt>
    <trkpt lat="-30.71856" lon="135.489989">
      <ele>161.0</ele>
    </trkpt>
    <trkpt lat="-30.7208446" lon="135.4919294">
      <ele>159.0</ele>
    </trkpt>
    <trkpt lat="-30.7208851" lon="135.4919617">
      <ele>159.0</ele>
    </trkpt>
    <trkpt lat="-30.7211818" lon="135.4921987">
      <ele>159.022</ele>
    </trkpt>
    <trkpt lat="-30.7211834" lon="135.4922">
      <ele>159.021</ele>
    </trkpt>
    <trkpt lat="-30.7214782" lon="135.4924357">
      <ele>159.074</ele>
    </trkpt>
    <trkpt lat="-30.7214799" lon="135.492437">
      <ele>159.074</ele>
    </trkpt>
    <trkpt lat="-30.7218006" lon="135.4926932">
      <ele>160.178</ele>
    </trkpt>
    <trkpt lat="-30.7219248" lon="135.492788">
      <ele>160.966</ele>
    </trkpt>
    <trkpt lat="-30.7219265" lon="135.4927893">
      <ele>160.977</ele>
    </trkpt>
    <trkpt lat="-30.7220752" lon="135.4929029">
      <ele>161.709</ele>
    </trkpt>
    <trkpt lat="-30.7220768" lon="135.4929041">
      <ele>161.715</ele>
    </trkpt>
    <trkpt lat="-30.7228532" lon="135.4934959">
      <ele>157.698</ele>
    </trkpt>
    <trkpt lat="-30.7231335" lon="135.4936966">
      <ele>158.502</ele>
    </trkpt>
    <trkpt lat="-30.7232867" lon="135.4938064">
      <ele>158.95</ele>
    </trkpt>
    <trkpt lat="-30.7245122" lon="135.4946837">
      <ele>156.244</ele>
    </trkpt>
    <trkpt lat="-30.7246328" lon="135.4947702">
      <ele>155.944</ele>
    </trkpt>
    <trkpt lat="-30.7255396" lon="135.4953758">
      <ele>158.0</ele>
    </trkpt>
    <trkpt lat="-30.726165" lon="135.495785">
      <ele>156.0</ele>
    </trkpt>
    <trkpt lat="-30.7267953" lon="135.4961941">
      <ele>155.701</ele>
    </trkpt>
    <trkpt lat="-30.7276187" lon="135.4966758">
      <ele>155.827</ele>
    </trkpt>
    <trkpt lat="-30.7286372" lon="135.4972577">
      <ele>155.0</ele>
    </trkpt>
    <trkpt lat="-30.728795" lon="135.4973416">
      <ele>155.0</ele>
    </trkpt>
    <trkpt lat="-30.7294184" lon="135.4976763">
      <ele>155.0</ele>
    </trkpt>
    <trkpt lat="-30.7302678" lon="135.4981331">
      <ele>154.036</ele>
    </trkpt>
    <trkpt lat="-30.731628" lon="135.4988042">
      <ele>154.166</ele>
    </trkpt>
    <trkpt lat="-30.7322605" lon="135.4990883">
      <ele>153.0</ele>
    </trkpt>
    <trkpt lat="-30.7331408" lon="135.4994846">
      <ele>154.304</ele>
    </trkpt>
    <trkpt lat="-30.733294" lon="135.4995595">
      <ele>153.255</ele>
    </trkpt>
    <trkpt lat="-30.7339443" lon="135.499823">
      <ele>152.71</ele>
    </trkpt>
    <trkpt lat="-30.7345419" lon="135.5000657">
      <ele>153.504</ele>
    </trkpt>
    <trkpt lat="-30.7354376" lon="135.5004113">
      <ele>153.243</ele>
    </trkpt>
    <trkpt lat="-30.7357495" lon="135.5005326">
      <ele>152.806</ele>
    </trkpt>
    <trkpt lat="-30.7361648" lon="135.5006771">
      <ele>153.631</ele>
    </trkpt>
    <trkpt lat="-30.7365094" lon="135.5007971">
      <ele>155.624</ele>
    </trkpt>
    <trkpt lat="-30.7370241" lon="135.5009709">
      <ele>153.931</ele>
    </trkpt>
    <trkpt lat="-30.7371262" lon="135.5010054">
      <ele>153.072</ele>
    </trkpt>
    <trkpt lat="-30.7373701" lon="135.5010851">
      <ele>151.561</ele>
    </trkpt>
    <trkpt lat="-30.7385532" lon="135.501472">
      <ele>151.208</ele>
    </trkpt>
    <trkpt lat="-30.7389322" lon="135.5015783">
      <ele>151.0</ele>
    </trkpt>
    <trkpt lat="-30.7391346" lon="135.5016349">
      <ele>151.0</ele>
    </trkpt>
    <trkpt lat="-30.7396329" lon="135.5017688">
      <ele>152.797</ele>
    </trkpt>
    <trkpt lat="-30.7401586" lon="135.5019101">
      <ele>151.858</ele>
    </trkpt>
    <trkpt lat="-30.7401728" lon="135.5019139">
      <ele>151.756</ele>
    </trkpt>
    <trkpt lat="-30.7411439" lon="135.5021638">
      <ele>152.908</ele>
    </trkpt>
    <trkpt lat="-30.7418018" lon="135.5023358">
      <ele>152.419</ele>
    </trkpt>
    <trkpt lat="-30.742801" lon="135.5025401">
      <ele>152.941</ele>
    </trkpt>
    <trkpt lat="-30.7429347" lon="135.5025674">
      <ele>152.709</ele>
    </trkpt>
    <trkpt lat="-30.7439088" lon="135.5027495">
      <ele>152.072</ele>
    </trkpt>
    <trkpt lat="-30.7440442" lon="135.5027714">
      <ele>152.559</ele>
    </trkpt>
    <trkpt lat="-30.7443335" lon="135.5028181">
      <ele>153.659</ele>
    </trkpt>
    <trkpt lat="-30.7450905" lon="135.5029386">
      <ele>154.863</ele>
    </trkpt>
    <trkpt lat="-30.7456495" lon="135.503014">
      <ele>152.512</ele>
    </trkpt>
    <trkpt lat="-30.745859" lon="135.5030422">
      <ele>151.952</ele>
    </trkpt>
    <trkpt lat="-30.7460064" lon="135.5030656">
      <ele>152.036</ele>
    </trkpt>
    <trkpt lat="-30.746534" lon="135.5031499">
      <ele>152.685</ele>
    </trkpt>
    <trkpt lat="-30.7467122" lon="135.5031784">
      <ele>153.164</ele>
    </trkpt>
    <trkpt lat="-30.7467645" lon="135.5031868">
      <ele>153.352</ele>
    </trkpt>
    <trkpt lat="-30.74689" lon="135.5032099">
      <ele>153.804</ele>
    </trkpt>
    <trkpt lat="-30.7470677" lon="135.5032425">
      <ele>154.0</ele>
    </trkpt>
    <trkpt lat="-30.7470747" lon="135.5032438">
      <ele>154.0</ele>
    </trkpt>
    <trkpt lat="-30.7472523" lon="135.5032764">
      <ele>153.914</ele>
    </trkpt>
    <trkpt lat="-30.7476835" lon="135.5033557">
      <ele>153.0</ele>
    </trkpt>
    <trkpt lat="-30.7479636" lon="135.5034028">
      <ele>152.331</ele>
    </trkpt>
    <trkpt lat="-30.7484996" lon="135.5034929">
      <ele>153.853</ele>
    </trkpt>
    <trkpt lat="-30.7486747" lon="135.5035291">
      <ele>154.524</ele>
    </trkpt>
    <trkpt lat="-30.7488518" lon="135.5035657">
      <ele>155.03</ele>
    </trkpt>
    <trkpt lat="-30.7490219" lon="135.5036009">
      <ele>154.576</ele>
    </trkpt>
    <trkpt lat="-30.7492233" lon="135.5036425">
      <ele>154.09</ele>
    </trkpt>
    <trkpt lat="-30.7493764" lon="135.5036725">
      <ele>154.054</ele>
    </trkpt>
    <trkpt lat="-30.7495606" lon="135.5037086">
      <ele>154.0</ele>
    </trkpt>
    <trkpt lat="-30.7502538" lon="135.5038445">
      <ele>152.086</ele>
    </trkpt>
    <trkpt lat="-30.7502702" lon="135.5038478">
      <ele>152.027</ele>
    </trkpt>
    <trkpt lat="-30.7506248" lon="135.5039184">
      <ele>150.83</ele>
    </trkpt>
    <trkpt lat="-30.7507134" lon="135.503936">
      <ele>150.505</ele>
    </trkpt>
    <trkpt lat="-30.7508011" lon="135.5039591">
      <ele>150.145</ele>
    </trkpt>
    <trkpt lat="-30.7515029" lon="135.5041435">
      <ele>150.494</ele>
    </trkpt>
    <trkpt lat="-30.7515579" lon="135.504158">
      <ele>150.64</ele>
    </trkpt>
    <trkpt lat="-30.752378" lon="135.5043847">
      <ele>153.0</ele>
    </trkpt>
    <trkpt lat="-30.7524435" lon="135.5044029">
      <ele>153.0</ele>
    </trkpt>
    <trkpt lat="-30.7527268" lon="135.504487">
      <ele>153.845</ele>
    </trkpt>
    <trkpt lat="-30.752901" lon="135.5045387">
      <ele>154.293</ele>
    </trkpt>
    <trkpt lat="-30.7534239" lon="135.5046939">
      <ele>154.395</ele>
    </trkpt>
    <trkpt lat="-30.7535982" lon="135.5047456">
      <ele>154.869</ele>
    </trkpt>
    <trkpt lat="-30.75394" lon="135.504847">
      <ele>153.081</ele>
    </trkpt>
    <trkpt lat="-30.7541142" lon="135.5048987">
      <ele>151.447</ele>
    </trkpt>
    <trkpt lat="-30.7541267" lon="135.5049024">
      <ele>151.338</ele>
    </trkpt>
    <trkpt lat="-30.7546345" lon="135.5050939">
      <ele>150.022</ele>
    </trkpt>
    <trkpt lat="-30.7547989" lon="135.5051558">
      <ele>150.837</ele>
    </trkpt>
    <trkpt lat="-30.7548056" lon="135.5051583">
      <ele>150.87</ele>
    </trkpt>
    <trkpt lat="-30.75497" lon="135.5052202">
      <ele>151.685</ele>
    </trkpt>
    <trkpt lat="-30.755327" lon="135.5053547">
      <ele>151.695</ele>
    </trkpt>
    <trkpt lat="-30.756177" lon="135.5056651">
      <ele>151.538</ele>
    </trkpt>
    <trkpt lat="-30.75683" lon="135.5059033">
      <ele>150.56</ele>
    </trkpt>
    <trkpt lat="-30.7568632" lon="135.5059161">
      <ele>150.503</ele>
    </trkpt>
    <trkpt lat="-30.758059" lon="135.506375">
      <ele>149.038</ele>
    </trkpt>
    <trkpt lat="-30.758538" lon="135.5065588">
      <ele>148.451</ele>
    </trkpt>
    <trkpt lat="-30.7595854" lon="135.5070014">
      <ele>148.403</ele>
    </trkpt>
    <trkpt lat="-30.7599447" lon="135.5071532">
      <ele>148.049</ele>
    </trkpt>
    <trkpt lat="-30.7605939" lon="135.5074479">
      <ele>146.836</ele>
    </trkpt>
    <trkpt lat="-30.7619286" lon="135.5080535">
      <ele>144.936</ele>
    </trkpt>
    <trkpt lat="-30.7622652" lon="135.5082206">
      <ele>144.691</ele>
    </trkpt>
    <trkpt lat="-30.7630808" lon="135.5086251">
      <ele>142.905</ele>
    </trkpt>
    <trkpt lat="-30.7630923" lon="135.5086312">
      <ele>142.858</ele>
    </trkpt>
    <trkpt lat="-30.7637471" lon="135.5089781">
      <ele>141.157</ele>
    </trkpt>
    <trkpt lat="-30.7642381" lon="135.5092383">
      <ele>140.383</ele>
    </trkpt>
    <trkpt lat="-30.7647288" lon="135.5094983">
      <ele>140.005</ele>
    </trkpt>
    <trkpt lat="-30.7652141" lon="135.5097737">
      <ele>141.813</ele>
    </trkpt>
    <trkpt lat="-30.7655375" lon="135.5099573">
      <ele>140.274</ele>
    </trkpt>
    <trkpt lat="-30.7660224" lon="135.5102326">
      <ele>138.733</ele>
    </trkpt>
    <trkpt lat="-30.7663251" lon="135.5104044">
      <ele>139.419</ele>
    </trkpt>
    <trkpt lat="-30.7666645" lon="135.5106098">
      <ele>138.806</ele>
    </trkpt>
    <trkpt lat="-30.7676219" lon="135.5111892">
      <ele>136.439</ele>
    </trkpt>
    <trkpt lat="-30.7676263" lon="135.5111919">
      <ele>136.449</ele>
    </trkpt>
    <trkpt lat="-30.7679369" lon="135.5113911">
      <ele>137.011</ele>
    </trkpt>
    <trkpt lat="-30.7690184" lon="135.5120854">
      <ele>134.77</ele>
    </trkpt>
    <trkpt lat="-30.7691944" lon="135.5122049">
      <ele>134.744</ele>
    </trkpt>
    <trkpt lat="-30.7693446" lon="135.5123067">
      <ele>133.914</ele>
    </trkpt>
    <trkpt lat="-30.7695" lon="135.512412">
      <ele>133.547</ele>
    </trkpt>
    <trkpt lat="-30.7695052" lon="135.5124155">
      <ele>133.544</ele>
    </trkpt>
    <trkpt lat="-30.7696606" lon="135.5125208">
      <ele>133.238</ele>
    </trkpt>
    <trkpt lat="-30.7702822" lon="135.5129423">
      <ele>133.583</ele>
    </trkpt>
    <trkpt lat="-30.7704445" lon="135.5130523">
      <ele>133.395</ele>
    </trkpt>
    <trkpt lat="-30.7711977" lon="135.5135941">
      <ele>132.688</ele>
    </trkpt>
    <trkpt lat="-30.7712026" lon="135.5135976">
      <ele>132.671</ele>
    </trkpt>
    <trkpt lat="-30.7718497" lon="135.5140633">
      <ele>131.341</ele>
    </trkpt>
    <trkpt lat="-30.7724174" lon="135.5144947">
      <ele>128.873</ele>
    </trkpt>
    <trkpt lat="-30.773245" lon="135.515124">
      <ele>130.176</ele>
    </trkpt>
    <trkpt lat="-30.773912" lon="135.5156583">
      <ele>127.608</ele>
    </trkpt>
    <trkpt lat="-30.7740602" lon="135.5157771">
      <ele>127.569</ele>
    </trkpt>
    <trkpt lat="-30.7742083" lon="135.5158957">
      <ele>127.884</ele>
    </trkpt>
    <trkpt lat="-30.7743521" lon="135.516011">
      <ele>127.759</ele>
    </trkpt>
    <trkpt lat="-30.7743564" lon="135.5160145">
      <ele>127.762</ele>
    </trkpt>
    <trkpt lat="-30.7744679" lon="135.5161038">
      <ele>127.807</ele>
    </trkpt>
    <trkpt lat="-30.7744997" lon="135.5161306">
      <ele>127.616</ele>
    </trkpt>
    <trkpt lat="-30.7745039" lon="135.5161342">
      <ele>127.59</ele>
    </trkpt>
    <trkpt lat="-30.7757699" lon="135.5172026">
      <ele>129.842</ele>
    </trkpt>
    <trkpt lat="-30.7760998" lon="135.5174948">
      <ele>129.96</ele>
    </trkpt>
    <trkpt lat="-30.7762429" lon="135.5176215">
      <ele>130.0</ele>
    </trkpt>
    <trkpt lat="-30.7768958" lon="135.5181996">
      <ele>129.481</ele>
    </trkpt>
    <trkpt lat="-30.7780822" lon="135.5193007">
      <ele>129.046</ele>
    </trkpt>
    <trkpt lat="-30.7781373" lon="135.5193519">
      <ele>129.196</ele>
    </trkpt>
    <trkpt lat="-30.779187" lon="135.5203734">
      <ele>130.608</ele>
    </trkpt>
    <trkpt lat="-30.7792882" lon="135.5204719">
      <ele>130.169</ele>
    </trkpt>
    <trkpt lat="-30.7805391" lon="135.5217535">
      <ele>133.628</ele>
    </trkpt>
    <trkpt lat="-30.7807558" lon="135.5219755">
      <ele>133.609</ele>
    </trkpt>
    <trkpt lat="-30.7808065" lon="135.5220333">
      <ele>133.584</ele>
    </trkpt>
    <trkpt lat="-30.7809349" lon="135.5221797">
      <ele>133.463</ele>
    </trkpt>
    <trkpt lat="-30.7810606" lon="135.522323">
      <ele>133.159</ele>
    </trkpt>
    <trkpt lat="-30.7810634" lon="135.5223262">
      <ele>133.144</ele>
    </trkpt>
    <trkpt lat="-30.7811891" lon="135.5224695">
      <ele>132.22</ele>
    </trkpt>
    <trkpt lat="-30.7811919" lon="135.5224727">
      <ele>132.197</ele>
    </trkpt>
    <trkpt lat="-30.7813203" lon="135.5226192">
      <ele>131.677</ele>
    </trkpt>
    <trkpt lat="-30.7814487" lon="135.5227657">
      <ele>131.465</ele>
    </trkpt>
    <trkpt lat="-30.7815772" lon="135.5229122">
      <ele>131.872</ele>
    </trkpt>
    <trkpt lat="-30.7818342" lon="135.5232051">
      <ele>132.603</ele>
    </trkpt>
    <trkpt lat="-30.7819627" lon="135.5233514">
      <ele>133.126</ele>
    </trkpt>
    <trkpt lat="-30.7820912" lon="135.523498">
      <ele>133.808</ele>
    </trkpt>
    <trkpt lat="-30.7822196" lon="135.5236444">
      <ele>133.882</ele>
    </trkpt>
    <trkpt lat="-30.7823481" lon="135.523791">
      <ele>132.899</ele>
    </trkpt>
    <trkpt lat="-30.7828619" lon="135.5243769">
      <ele>132.004</ele>
    </trkpt>
    <trkpt lat="-30.7831188" lon="135.5246699">
      <ele>134.0</ele>
    </trkpt>
    <trkpt lat="-30.7832472" lon="135.5248163">
      <ele>134.234</ele>
    </trkpt>
    <trkpt lat="-30.7835042" lon="135.5251093">
      <ele>134.012</ele>
    </trkpt>
    <trkpt lat="-30.7836327" lon="135.5252558">
      <ele>133.772</ele>
    </trkpt>
    <trkpt lat="-30.7836965" lon="135.5253286">
      <ele>133.076</ele>
    </trkpt>
    <trkpt lat="-30.7837571" lon="135.5254067">
      <ele>132.265</ele>
    </trkpt>
    <trkpt lat="-30.7839979" lon="135.5257177">
      <ele>131.0</ele>
    </trkpt>
    <trkpt lat="-30.7846001" lon="135.5264949">
      <ele>130.774</ele>
    </trkpt>
    <trkpt lat="-30.7847205" lon="135.5266503">
      <ele>131.929</ele>
    </trkpt>
    <trkpt lat="-30.7849614" lon="135.5269612">
      <ele>133.662</ele>
    </trkpt>
    <trkpt lat="-30.7852023" lon="135.5272722">
      <ele>132.771</ele>
    </trkpt>
    <trkpt lat="-30.7855635" lon="135.5277385">
      <ele>131.996</ele>
    </trkpt>
    <trkpt lat="-30.7859248" lon="135.5282048">
      <ele>131.671</ele>
    </trkpt>
    <trkpt lat="-30.7862861" lon="135.5286713">
      <ele>130.37</ele>
    </trkpt>
    <trkpt lat="-30.7870086" lon="135.5296038">
      <ele>132.0</ele>
    </trkpt>
    <trkpt lat="-30.7876445" lon="135.5304246">
      <ele>129.286</ele>
    </trkpt>
    <trkpt lat="-30.7881454" lon="135.5309377">
      <ele>130.878</ele>
    </trkpt>
    <trkpt lat="-30.7881468" lon="135.5309391">
      <ele>130.875</ele>
    </trkpt>
    <trkpt lat="-30.7886868" lon="135.5314923">
      <ele>130.9</ele>
    </trkpt>
    <trkpt lat="-30.7888205" lon="135.5316292">
      <ele>130.889</ele>
    </trkpt>
    <trkpt lat="-30.7888218" lon="135.5316305">
      <ele>130.889</ele>
    </trkpt>
    <trkpt lat="-30.7889556" lon="135.5317674">
      <ele>130.878</ele>
    </trkpt>
    <trkpt lat="-30.7889568" lon="135.5317687">
      <ele>130.877</ele>
    </trkpt>
    <trkpt lat="-30.7892269" lon="135.5320454">
      <ele>131.217</ele>
    </trkpt>
    <trkpt lat="-30.7897669" lon="135.5325984">
      <ele>131.0</ele>
    </trkpt>
    <trkpt lat="-30.7899009" lon="135.5327356">
      <ele>131.0</ele>
    </trkpt>
    <trkpt lat="-30.7910641" lon="135.5339271">
      <ele>133.854</ele>
    </trkpt>
    <trkpt lat="-30.7911194" lon="135.5339782">
      <ele>134.0</ele>
    </trkpt>
    <trkpt lat="-30.7915421" lon="135.5343683">
      <ele>132.723</ele>
    </trkpt>
    <trkpt lat="-30.7919648" lon="135.5347585">
      <ele>132.131</ele>
    </trkpt>
    <trkpt lat="-30.7920555" lon="135.5348422">
      <ele>132.432</ele>
    </trkpt>
    <trkpt lat="-30.7929838" lon="135.5355966">
      <ele>131.406</ele>
    </trkpt>
    <trkpt lat="-30.7934477" lon="135.535942">
      <ele>132.23</ele>
    </trkpt>
    <trkpt lat="-30.7940865" lon="135.5364173">
      <ele>130.259</ele>
    </trkpt>
    <trkpt lat="-30.7949842" lon="135.537029">
      <ele>132.304</ele>
    </trkpt>
    <trkpt lat="-30.7959641" lon="135.5376969">
      <ele>132.529</ele>
    </trkpt>
    <trkpt lat="-30.7960489" lon="135.5377529">
      <ele>132.224</ele>
    </trkpt>
    <trkpt lat="-30.7962325" lon="135.5378611">
      <ele>132.737</ele>
    </trkpt>
    <trkpt lat="-30.7965534" lon="135.5380502">
      <ele>133.411</ele>
    </trkpt>
    <trkpt lat="-30.7968743" lon="135.5382394">
      <ele>132.591</ele>
    </trkpt>
    <trkpt lat="-30.7969436" lon="135.5382802">
      <ele>132.382</ele>
    </trkpt>
    <trkpt lat="-30.7970317" lon="135.5383398">
      <ele>132.314</ele>
    </trkpt>
    <trkpt lat="-30.7971334" lon="135.5384086">
      <ele>132.68</ele>
    </trkpt>
    <trkpt lat="-30.7973829" lon="135.5385528">
      <ele>133.121</ele>
    </trkpt>
    <trkpt lat="-30.7976746" lon="135.5387158">
      <ele>133.769</ele>
    </trkpt>
    <trkpt lat="-30.7978367" lon="135.5388065">
      <ele>134.063</ele>
    </trkpt>
    <trkpt lat="-30.7981748" lon="135.5389956">
      <ele>133.616</ele>
    </trkpt>
    <trkpt lat="-30.798653" lon="135.5392454">
      <ele>135.693</ele>
    </trkpt>
    <trkpt lat="-30.7988862" lon="135.5393672">
      <ele>137.978</ele>
    </trkpt>
    <trkpt lat="-30.800388" lon="135.5400864">
      <ele>134.397</ele>
    </trkpt>
    <trkpt lat="-30.8018348" lon="135.5406928">
      <ele>137.605</ele>
    </trkpt>
    <trkpt lat="-30.8018969" lon="135.5407188">
      <ele>137.829</ele>
    </trkpt>
    <trkpt lat="-30.8020056" lon="135.5407583">
      <ele>138.22</ele>
    </trkpt>
    <trkpt lat="-30.8021773" lon="135.5408207">
      <ele>138.838</ele>
    </trkpt>
    <trkpt lat="-30.8025128" lon="135.5409436">
      <ele>138.0</ele>
    </trkpt>
    <trkpt lat="-30.8027233" lon="135.5410211">
      <ele>138.0</ele>
    </trkpt>
    <trkpt lat="-30.8030272" lon="135.541132">
      <ele>138.0</ele>
    </trkpt>
    <trkpt lat="-30.8033431" lon="135.5412397">
      <ele>138.0</ele>
    </trkpt>
    <trkpt lat="-30.8050205" lon="135.5417579">
      <ele>139.197</ele>
    </trkpt>
    <trkpt lat="-30.8051114" lon="135.5417806">
      <ele>140.039</ele>
    </trkpt>
    <trkpt lat="-30.8057965" lon="135.5419582">
      <ele>141.901</ele>
    </trkpt>
    <trkpt lat="-30.8059721" lon="135.5420037">
      <ele>142.073</ele>
    </trkpt>
    <trkpt lat="-30.8059892" lon="135.5420081">
      <ele>142.103</ele>
    </trkpt>
    <trkpt lat="-30.8064188" lon="135.5421106">
      <ele>142.359</ele>
    </trkpt>
    <trkpt lat="-30.8065179" lon="135.5421333">
      <ele>142.171</ele>
    </trkpt>
    <trkpt lat="-30.8066948" lon="135.542172">
      <ele>142.101</ele>
    </trkpt>
    <trkpt lat="-30.8072538" lon="135.5422901">
      <ele>143.869</ele>
    </trkpt>
    <trkpt lat="-30.8075808" lon="135.5423505">
      <ele>144.829</ele>
    </trkpt>
    <trkpt lat="-30.8080066" lon="135.5424311">
      <ele>145.867</ele>
    </trkpt>
    <trkpt lat="-30.8084319" lon="135.5425012">
      <ele>146.353</ele>
    </trkpt>
    <trkpt lat="-30.8086486" lon="135.5425369">
      <ele>147.002</ele>
    </trkpt>
    <trkpt lat="-30.8088388" lon="135.5425653">
      <ele>147.585</ele>
    </trkpt>
    <trkpt lat="-30.8093098" lon="135.5426304">
      <ele>148.772</ele>
    </trkpt>
    <trkpt lat="-30.8106456" lon="135.5427737">
      <ele>154.314</ele>
    </trkpt>
    <trkpt lat="-30.8111371" lon="135.5428093">
      <ele>156.98</ele>
    </trkpt>
    <trkpt lat="-30.8111579" lon="135.5428108">
      <ele>157.05</ele>
    </trkpt>
    <trkpt lat="-30.8113167" lon="135.5428207">
      <ele>157.586</ele>
    </trkpt>
    <trkpt lat="-30.8113374" lon="135.542822">
      <ele>157.655</ele>
    </trkpt>
    <trkpt lat="-30.8114963" lon="135.5428319">
      <ele>157.494</ele>
    </trkpt>
    <trkpt lat="-30.8115171" lon="135.5428332">
      <ele>157.431</ele>
    </trkpt>
    <trkpt lat="-30.811604" lon="135.5428388">
      <ele>157.176</ele>
    </trkpt>
    <trkpt lat="-30.8116759" lon="135.5428433">
      <ele>157.025</ele>
    </trkpt>
    <trkpt lat="-30.8116967" lon="135.5428446">
      <ele>157.082</ele>
    </trkpt>
    <trkpt lat="-30.8118762" lon="135.5428558">
      <ele>157.542</ele>
    </trkpt>
    <trkpt lat="-30.8123989" lon="135.5428959">
      <ele>157.634</ele>
    </trkpt>
    <trkpt lat="-30.8129485" lon="135.5429621">
      <ele>157.0</ele>
    </trkpt>
    <trkpt lat="-30.8132004" lon="135.5429955">
      <ele>157.409</ele>
    </trkpt>
    <trkpt lat="-30.814" lon="135.5431339">
      <ele>158.887</ele>
    </trkpt>
    <trkpt lat="-30.8146445" lon="135.5432788">
      <ele>157.421</ele>
    </trkpt>
    <trkpt lat="-30.8148811" lon="135.5433398">
      <ele>157.0</ele>
    </trkpt>
    <trkpt lat="-30.8148932" lon="135.5433429">
      <ele>157.0</ele>
    </trkpt>
    <trkpt lat="-30.8150565" lon="135.5433859">
      <ele>157.242</ele>
    </trkpt>
    <trkpt lat="-30.8150686" lon="135.5433891">
      <ele>157.297</ele>
    </trkpt>
    <trkpt lat="-30.8152319" lon="135.5434323">
      <ele>158.132</ele>
    </trkpt>
    <trkpt lat="-30.8152674" lon="135.5434417">
      <ele>158.338</ele>
    </trkpt>
    <trkpt lat="-30.8158281" lon="135.5436163">
      <ele>157.019</ele>
    </trkpt>
    <trkpt lat="-30.8161089" lon="135.5437102">
      <ele>157.354</ele>
    </trkpt>
    <trkpt lat="-30.8164297" lon="135.5438227">
      <ele>159.385</ele>
    </trkpt>
    <trkpt lat="-30.8169629" lon="135.5440291">
      <ele>159.462</ele>
    </trkpt>
    <trkpt lat="-30.8172378" lon="135.5441446">
      <ele>159.0</ele>
    </trkpt>
    <trkpt lat="-30.8176355" lon="135.5443212">
      <ele>159.501</ele>
    </trkpt>
    <trkpt lat="-30.8178026" lon="135.5443983">
      <ele>159.077</ele>
    </trkpt>
    <trkpt lat="-30.8179422" lon="135.5444661">
      <ele>158.408</ele>
    </trkpt>
    <trkpt lat="-30.8179631" lon="135.5444773">
      <ele>158.333</ele>
    </trkpt>
    <trkpt lat="-30.8179673" lon="135.5444795">
      <ele>158.318</ele>
    </trkpt>
    <trkpt lat="-30.8181284" lon="135.5445601">
      <ele>157.782</ele>
    </trkpt>
    <trkpt lat="-30.8181324" lon="135.5445621">
      <ele>157.766</ele>
    </trkpt>
    <trkpt lat="-30.8182964" lon="135.5446473">
      <ele>156.734</ele>
    </trkpt>
    <trkpt lat="-30.8185888" lon="135.5448052">
      <ele>155.725</ele>
    </trkpt>
    <trkpt lat="-30.8186216" lon="135.5448241">
      <ele>155.647</ele>
    </trkpt>
    <trkpt lat="-30.8192653" lon="135.545195">
      <ele>154.645</ele>
    </trkpt>
    <trkpt lat="-30.8193024" lon="135.5452169">
      <ele>154.511</ele>
    </trkpt>
    <trkpt lat="-30.8198804" lon="135.5455837">
      <ele>153.532</ele>
    </trkpt>
    <trkpt lat="-30.8200527" lon="135.5456978">
      <ele>153.512</ele>
    </trkpt>
    <trkpt lat="-30.8204631" lon="135.5459847">
      <ele>153.455</ele>
    </trkpt>
    <trkpt lat="-30.8205139" lon="135.5460221">
      <ele>153.32</ele>
    </trkpt>
    <trkpt lat="-30.8211167" lon="135.5464778">
      <ele>151.686</ele>
    </trkpt>
    <trkpt lat="-30.8211334" lon="135.5464907">
      <ele>151.663</ele>
    </trkpt>
    <trkpt lat="-30.8212646" lon="135.5465964">
      <ele>151.666</ele>
    </trkpt>
    <trkpt lat="-30.8214107" lon="135.5467187">
      <ele>151.562</ele>
    </trkpt>
    <trkpt lat="-30.8218559" lon="135.5470948">
      <ele>149.459</ele>
    </trkpt>
    <trkpt lat="-30.8224701" lon="135.5476626">
      <ele>150.585</ele>
    </trkpt>
    <trkpt lat="-30.8229562" lon="135.5481544">
      <ele>147.588</ele>
    </trkpt>
    <trkpt lat="-30.8230908" lon="135.5482933">
      <ele>147.0</ele>
    </trkpt>
    <trkpt lat="-30.8231411" lon="135.5483454">
      <ele>147.0</ele>
    </trkpt>
    <trkpt lat="-30.8232231" lon="135.5484362">
      <ele>147.0</ele>
    </trkpt>
    <trkpt lat="-30.8233535" lon="135.5485804">
      <ele>146.935</ele>
    </trkpt>
    <trkpt lat="-30.8237932" lon="135.5490748">
      <ele>148.0</ele>
    </trkpt>
    <trkpt lat="-30.8238698" lon="135.5491645">
      <ele>148.0</ele>
    </trkpt>
    <trkpt lat="-30.8243637" lon="135.5497761">
      <ele>150.0</ele>
    </trkpt>
    <trkpt lat="-30.8245163" lon="135.5499707">
      <ele>149.973</ele>
    </trkpt>
    <trkpt lat="-30.8247223" lon="135.5502484">
      <ele>150.0</ele>
    </trkpt>
    <trkpt lat="-30.8248366" lon="135.5504113">
      <ele>149.39</ele>
    </trkpt>
    <trkpt lat="-30.8254216" lon="135.5512429">
      <ele>151.763</ele>
    </trkpt>
    <trkpt lat="-30.8256169" lon="135.5516015">
      <ele>151.417</ele>
    </trkpt>
    <trkpt lat="-30.8258016" lon="135.5518637">
      <ele>150.453</ele>
    </trkpt>
    <trkpt lat="-30.8265551" lon="135.55283">
      <ele>151.974</ele>
    </trkpt>
    <trkpt lat="-30.8269081" lon="135.5533058">
      <ele>153.217</ele>
    </trkpt>
    <trkpt lat="-30.8270211" lon="135.5534597">
      <ele>152.42</ele>
    </trkpt>
    <trkpt lat="-30.8270249" lon="135.5534649">
      <ele>152.389</ele>
    </trkpt>
    <trkpt lat="-30.8273767" lon="135.5539406">
      <ele>150.104</ele>
    </trkpt>
    <trkpt lat="-30.8274923" lon="135.5540928">
      <ele>150.714</ele>
    </trkpt>
    <trkpt lat="-30.8277319" lon="135.5544081">
      <ele>150.131</ele>
    </trkpt>
    <trkpt lat="-30.8279011" lon="135.5546138">
      <ele>148.337</ele>
    </trkpt>
    <trkpt lat="-30.8282259" lon="135.5550186">
      <ele>147.067</ele>
    </trkpt>
    <trkpt lat="-30.8289783" lon="135.5560134">
      <ele>149.0</ele>
    </trkpt>
    <trkpt lat="-30.8290617" lon="135.5561173">
      <ele>149.022</ele>
    </trkpt>
    <trkpt lat="-30.8300463" lon="135.5573379">
      <ele>149.152</ele>
    </trkpt>
    <trkpt lat="-30.8301998" lon="135.5575243">
      <ele>149.368</ele>
    </trkpt>
    <trkpt lat="-30.8309224" lon="135.5583901">
      <ele>148.0</ele>
    </trkpt>
    <trkpt lat="-30.8316393" lon="135.5592284">
      <ele>148.077</ele>
    </trkpt>
    <trkpt lat="-30.8327128" lon="135.5604503">
      <ele>147.613</ele>
    </trkpt>
    <trkpt lat="-30.8331033" lon="135.5608823">
      <ele>148.318</ele>
    </trkpt>
    <trkpt lat="-30.8332347" lon="135.5610265">
      <ele>148.892</ele>
    </trkpt>
    <trkpt lat="-30.8333605" lon="135.5611652">
      <ele>148.707</ele>
    </trkpt>
    <trkpt lat="-30.8341245" lon="135.5619977">
      <ele>145.971</ele>
    </trkpt>
    <trkpt lat="-30.8341536" lon="135.562028">
      <ele>145.986</ele>
    </trkpt>
    <trkpt lat="-30.8346871" lon="135.5625895">
      <ele>148.959</ele>
    </trkpt>
    <trkpt lat="-30.8363467" lon="135.564316">
      <ele>145.93</ele>
    </trkpt>
    <trkpt lat="-30.8364305" lon="135.5644033">
      <ele>145.872</ele>
    </trkpt>
    <trkpt lat="-30.8368311" lon="135.5648245">
      <ele>144.626</ele>
    </trkpt>
    <trkpt lat="-30.8370969" lon="135.5651066">
      <ele>144.662</ele>
    </trkpt>
    <trkpt lat="-30.8372298" lon="135.5652478">
      <ele>144.868</ele>
    </trkpt>
    <trkpt lat="-30.8373936" lon="135.5654215">
      <ele>144.383</ele>
    </trkpt>
    <trkpt lat="-30.8374947" lon="135.5655314">
      <ele>144.019</ele>
    </trkpt>
    <trkpt lat="-30.8376263" lon="135.5656741">
      <ele>144.233</ele>
    </trkpt>
    <trkpt lat="-30.8377017" lon="135.5657767">
      <ele>144.218</ele>
    </trkpt>
    <trkpt lat="-30.8378221" lon="135.5658893">
      <ele>144.169</ele>
    </trkpt>
    <trkpt lat="-30.8383474" lon="135.5664654">
      <ele>143.275</ele>
    </trkpt>
    <trkpt lat="-30.8383866" lon="135.5665089">
      <ele>143.432</ele>
    </trkpt>
    <trkpt lat="-30.8386075" lon="135.5667547">
      <ele>144.0</ele>
    </trkpt>
    <trkpt lat="-30.8395374" lon="135.567793">
      <ele>146.927</ele>
    </trkpt>
    <trkpt lat="-30.8405315" lon="135.5689588">
      <ele>145.0</ele>
    </trkpt>
    <trkpt lat="-30.8405593" lon="135.5689909">
      <ele>144.995</ele>
    </trkpt>
    <trkpt lat="-30.8416565" lon="135.5703166">
      <ele>144.969</ele>
    </trkpt>
    <trkpt lat="-30.8419742" lon="135.5707068">
      <ele>145.951</ele>
    </trkpt>
    <trkpt lat="-30.8427588" lon="135.5716987">
      <ele>143.197</ele>
    </trkpt>
    <trkpt lat="-30.8431107" lon="135.5721436">
      <ele>144.773</ele>
    </trkpt>
    <trkpt lat="-30.8439189" lon="135.5732981">
      <ele>145.981</ele>
    </trkpt>
    <trkpt lat="-30.8439207" lon="135.5733007">
      <ele>145.997</ele>
    </trkpt>
    <trkpt lat="-30.8440386" lon="135.5734544">
      <ele>146.774</ele>
    </trkpt>
    <trkpt lat="-30.8440402" lon="135.5734565">
      <ele>146.786</ele>
    </trkpt>
    <trkpt lat="-30.8441586" lon="135.5736105">
      <ele>147.94</ele>
    </trkpt>
    <trkpt lat="-30.8442801" lon="135.5737688">
      <ele>147.592</ele>
    </trkpt>
    <trkpt lat="-30.8445198" lon="135.5740812">
      <ele>145.448</ele>
    </trkpt>
    <trkpt lat="-30.8448302" lon="135.5744186">
      <ele>144.834</ele>
    </trkpt>
    <trkpt lat="-30.8450337" lon="135.5746704">
      <ele>145.308</ele>
    </trkpt>
    <trkpt lat="-30.845544" lon="135.5753325">
      <ele>143.845</ele>
    </trkpt>
    <trkpt lat="-30.8463658" lon="135.5763723">
      <ele>144.083</ele>
    </trkpt>
    <trkpt lat="-30.8466552" lon="135.5767327">
      <ele>144.041</ele>
    </trkpt>
    <trkpt lat="-30.8466838" lon="135.5767684">
      <ele>144.017</ele>
    </trkpt>
    <trkpt lat="-30.8479943" lon="135.5783578">
      <ele>143.0</ele>
    </trkpt>
    <trkpt lat="-30.8486107" lon="135.5790841">
      <ele>142.001</ele>
    </trkpt>
    <trkpt lat="-30.8486118" lon="135.5790854">
      <ele>141.997</ele>
    </trkpt>
    <trkpt lat="-30.8487383" lon="135.5792319">
      <ele>141.65</ele>
    </trkpt>
    <trkpt lat="-30.8489944" lon="135.5795285">
      <ele>141.735</ele>
    </trkpt>
    <trkpt lat="-30.8492568" lon="135.5798255">
      <ele>141.628</ele>
    </trkpt>
    <trkpt lat="-30.8497641" lon="135.5804088">
      <ele>139.92</ele>
    </trkpt>
    <trkpt lat="-30.850189" lon="135.5808808">
      <ele>139.829</ele>
    </trkpt>
    <trkpt lat="-30.850285" lon="135.5809868">
      <ele>139.448</ele>
    </trkpt>
    <trkpt lat="-30.8513756" lon="135.5821615">
      <ele>142.246</ele>
    </trkpt>
    <trkpt lat="-30.8522787" lon="135.5831152">
      <ele>142.626</ele>
    </trkpt>
    <trkpt lat="-30.8527567" lon="135.5836076">
      <ele>142.0</ele>
    </trkpt>
    <trkpt lat="-30.8538978" lon="135.5847639">
      <ele>139.177</ele>
    </trkpt>
    <trkpt lat="-30.8540988" lon="135.5849639">
      <ele>139.968</ele>
    </trkpt>
    <trkpt lat="-30.8552144" lon="135.5860449">
      <ele>137.762</ele>
    </trkpt>
    <trkpt lat="-30.8559803" lon="135.5867608">
      <ele>139.471</ele>
    </trkpt>
    <trkpt lat="-30.8569167" lon="135.5876284">
      <ele>139.146</ele>
    </trkpt>
    <trkpt lat="-30.8577923" lon="135.5884838">
      <ele>138.976</ele>
    </trkpt>
    <trkpt lat="-30.858065" lon="135.5887569">
      <ele>139.034</ele>
    </trkpt>
    <trkpt lat="-30.8581836" lon="135.5888684">
      <ele>139.461</ele>
    </trkpt>
    <trkpt lat="-30.8582702" lon="135.5889623">
      <ele>139.773</ele>
    </trkpt>
    <trkpt lat="-30.8586627" lon="135.5893922">
      <ele>137.629</ele>
    </trkpt>
    <trkpt lat="-30.8587938" lon="135.5895357">
      <ele>137.229</ele>
    </trkpt>
    <trkpt lat="-30.8593193" lon="135.5901112">
      <ele>138.11</ele>
    </trkpt>
    <trkpt lat="-30.8604382" lon="135.5914146">
      <ele>137.33</ele>
    </trkpt>
    <trkpt lat="-30.8605844" lon="135.5915973">
      <ele>136.12</ele>
    </trkpt>
    <trkpt lat="-30.8607071" lon="135.5917506">
      <ele>135.454</ele>
    </trkpt>
    <trkpt lat="-30.8614082" lon="135.5926266">
      <ele>133.392</ele>
    </trkpt>
    <trkpt lat="-30.8615591" lon="135.5928303">
      <ele>132.774</ele>
    </trkpt>
    <trkpt lat="-30.8623663" lon="135.5939199">
      <ele>132.946</ele>
    </trkpt>
    <trkpt lat="-30.8623812" lon="135.5939411">
      <ele>132.92</ele>
    </trkpt>
    <trkpt lat="-30.8624951" lon="135.5941033">
      <ele>132.986</ele>
    </trkpt>
    <trkpt lat="-30.862609" lon="135.5942654">
      <ele>132.392</ele>
    </trkpt>
    <trkpt lat="-30.8628369" lon="135.5945897">
      <ele>131.801</ele>
    </trkpt>
    <trkpt lat="-30.8629412" lon="135.5947382">
      <ele>132.177</ele>
    </trkpt>
    <trkpt lat="-30.8629505" lon="135.5947521">
      <ele>132.244</ele>
    </trkpt>
    <trkpt lat="-30.863061" lon="135.5949174">
      <ele>133.02</ele>
    </trkpt>
    <trkpt lat="-30.8634064" lon="135.5954339">
      <ele>133.115</ele>
    </trkpt>
    <trkpt lat="-30.8637104" lon="135.5959214">
      <ele>132.643</ele>
    </trkpt>
    <trkpt lat="-30.8642832" lon="135.59684">
      <ele>134.828</ele>
    </trkpt>
    <trkpt lat="-30.86467" lon="135.5974401">
      <ele>135.041</ele>
    </trkpt>
    <trkpt lat="-30.8647597" lon="135.5975793">
      <ele>134.618</ele>
    </trkpt>
    <trkpt lat="-30.865364" lon="135.5986404">
      <ele>137.0</ele>
    </trkpt>
    <trkpt lat="-30.8654664" lon="135.5988357">
      <ele>137.0</ele>
    </trkpt>
    <trkpt lat="-30.8656475" lon="135.5991813">
      <ele>136.722</ele>
    </trkpt>
    <trkpt lat="-30.8657473" lon="135.5993724">
      <ele>137.05</ele>
    </trkpt>
    <trkpt lat="-30.8659343" lon="135.5997304">
      <ele>136.666</ele>
    </trkpt>
    <trkpt lat="-30.865967" lon="135.599793">
      <ele>136.774</ele>
    </trkpt>
    <trkpt lat="-30.8662969" lon="135.6004522">
      <ele>135.454</ele>
    </trkpt>
    <trkpt lat="-30.8665556" lon="135.600993">
      <ele>134.425</ele>
    </trkpt>
    <trkpt lat="-30.8666477" lon="135.6011861">
      <ele>133.748</ele>
    </trkpt>
    <trkpt lat="-30.8666514" lon="135.6011939">
      <ele>133.718</ele>
    </trkpt>
    <trkpt lat="-30.8673143" lon="135.6026424">
      <ele>136.83</ele>
    </trkpt>
    <trkpt lat="-30.8676363" lon="135.6034208">
      <ele>137.16</ele>
    </trkpt>
    <trkpt lat="-30.8679256" lon="135.6041127">
      <ele>135.936</ele>
    </trkpt>
    <trkpt lat="-30.867971" lon="135.6042213">
      <ele>135.489</ele>
    </trkpt>
    <trkpt lat="-30.8680012" lon="135.6043028">
      <ele>135.2</ele>
    </trkpt>
    <trkpt lat="-30.8680726" lon="135.6044951">
      <ele>135.011</ele>
    </trkpt>
    <trkpt lat="-30.8682155" lon="135.6048829">
      <ele>136.487</ele>
    </trkpt>
    <trkpt lat="-30.8682865" lon="135.6050755">
      <ele>137.709</ele>
    </trkpt>
    <trkpt lat="-30.8683574" lon="135.6052681">
      <ele>137.913</ele>
    </trkpt>
    <trkpt lat="-30.8686482" lon="135.6060572">
      <ele>136.134</ele>
    </trkpt>
    <trkpt lat="-30.8690866" lon="135.6074102">
      <ele>136.907</ele>
    </trkpt>
    <trkpt lat="-30.8692239" lon="135.6078338">
      <ele>139.0</ele>
    </trkpt>
    <trkpt lat="-30.8694033" lon="135.6084522">
      <ele>136.509</ele>
    </trkpt>
    <trkpt lat="-30.8697284" lon="135.6095733">
      <ele>137.99</ele>
    </trkpt>
    <trkpt lat="-30.8701018" lon="135.6110519">
      <ele>134.793</ele>
    </trkpt>
    <trkpt lat="-30.870223" lon="135.6116045">
      <ele>134.82</ele>
    </trkpt>
    <trkpt lat="-30.8703566" lon="135.6122136">
      <ele>137.253</ele>
    </trkpt>
    <trkpt lat="-30.8704457" lon="135.6126197">
      <ele>137.344</ele>
    </trkpt>
    <trkpt lat="-30.8704924" lon="135.6128325">
      <ele>136.803</ele>
    </trkpt>
    <trkpt lat="-30.8706019" lon="135.6134377">
      <ele>136.376</ele>
    </trkpt>
    <trkpt lat="-30.8707503" lon="135.6142579">
      <ele>136.529</ele>
    </trkpt>
    <trkpt lat="-30.870829" lon="135.6146929">
      <ele>137.0</ele>
    </trkpt>
    <trkpt lat="-30.8708886" lon="135.6150804">
      <ele>134.711</ele>
    </trkpt>
    <trkpt lat="-30.870982" lon="135.615687">
      <ele>134.718</ele>
    </trkpt>
    <trkpt lat="-30.8711273" lon="135.6167766">
      <ele>134.489</ele>
    </trkpt>
    <trkpt lat="-30.8713804" lon="135.6190781">
      <ele>137.0</ele>
    </trkpt>
    <trkpt lat="-30.8713815" lon="135.6190881">
      <ele>137.0</ele>
    </trkpt>
    <trkpt lat="-30.8714201" lon="135.6194364">
      <ele>137.0</ele>
    </trkpt>
    <trkpt lat="-30.8714265" lon="135.6194937">
      <ele>136.823</ele>
    </trkpt>
    <trkpt lat="-30.8714966" lon="135.6201256">
      <ele>136.277</ele>
    </trkpt>
    <trkpt lat="-30.8716004" lon="135.6208769">
      <ele>137.358</ele>
    </trkpt>
    <trkpt lat="-30.8716091" lon="135.620948">
      <ele>137.534</ele>
    </trkpt>
    <trkpt lat="-30.8716594" lon="135.6213015">
      <ele>138.667</ele>
    </trkpt>
    <trkpt lat="-30.8718947" lon="135.6229554">
      <ele>135.821</ele>
    </trkpt>
    <trkpt lat="-30.8720224" lon="135.6238529">
      <ele>137.0</ele>
    </trkpt>
    <trkpt lat="-30.8722478" lon="135.6252233">
      <ele>137.73</ele>
    </trkpt>
    <trkpt lat="-30.8722816" lon="135.6254291">
      <ele>137.241</ele>
    </trkpt>
    <trkpt lat="-30.8723484" lon="135.6258351">
      <ele>135.445</ele>
    </trkpt>
    <trkpt lat="-30.8727622" lon="135.6280312">
      <ele>135.995</ele>
    </trkpt>
    <trkpt lat="-30.8730193" lon="135.6293165">
      <ele>135.6</ele>
    </trkpt>
    <trkpt lat="-30.8730808" lon="135.6296237">
      <ele>136.587</ele>
    </trkpt>
    <trkpt lat="-30.8731851" lon="135.6301322">
      <ele>137.28</ele>
    </trkpt>
    <trkpt lat="-30.8732949" lon="135.6306672">
      <ele>135.252</ele>
    </trkpt>
    <trkpt lat="-30.8733545" lon="135.6309469">
      <ele>133.667</ele>
    </trkpt>
    <trkpt lat="-30.8733664" lon="135.6310029">
      <ele>133.509</ele>
    </trkpt>
    <trkpt lat="-30.8734066" lon="135.6311913">
      <ele>133.264</ele>
    </trkpt>
    <trkpt lat="-30.8735096" lon="135.6316616">
      <ele>133.012</ele>
    </trkpt>
    <trkpt lat="-30.8736811" lon="135.6323634">
      <ele>132.632</ele>
    </trkpt>
    <trkpt lat="-30.8737439" lon="135.6326205">
      <ele>133.66</ele>
    </trkpt>
    <trkpt lat="-30.874075" lon="135.6339758">
      <ele>137.687</ele>
    </trkpt>
    <trkpt lat="-30.8740939" lon="135.6340533">
      <ele>137.408</ele>
    </trkpt>
    <trkpt lat="-30.8741772" lon="135.6343776">
      <ele>136.98</ele>
    </trkpt>
    <trkpt lat="-30.8742287" lon="135.6345784">
      <ele>136.669</ele>
    </trkpt>
    <trkpt lat="-30.8742803" lon="135.6347792">
      <ele>136.182</ele>
    </trkpt>
    <trkpt lat="-30.8744349" lon="135.6353815">
      <ele>137.013</ele>
    </trkpt>
    <trkpt lat="-30.8744491" lon="135.6354368">
      <ele>137.0</ele>
    </trkpt>
    <trkpt lat="-30.8744864" lon="135.6355823">
      <ele>137.0</ele>
    </trkpt>
    <trkpt lat="-30.8746022" lon="135.6360332">
      <ele>136.591</ele>
    </trkpt>
    <trkpt lat="-30.8746038" lon="135.6360391">
      <ele>136.575</ele>
    </trkpt>
    <trkpt lat="-30.8746991" lon="135.636383">
      <ele>136.002</ele>
    </trkpt>
    <trkpt lat="-30.8752761" lon="135.638464">
      <ele>134.47</ele>
    </trkpt>
    <trkpt lat="-30.8753249" lon="135.6386306">
      <ele>135.216</ele>
    </trkpt>
    <trkpt lat="-30.8757159" lon="135.6399641">
      <ele>134.0</ele>
    </trkpt>
    <trkpt lat="-30.8757175" lon="135.6399694">
      <ele>134.0</ele>
    </trkpt>
    <trkpt lat="-30.8759389" lon="135.6406763">
      <ele>133.62</ele>
    </trkpt>
    <trkpt lat="-30.8761022" lon="135.6412144">
      <ele>133.608</ele>
    </trkpt>
    <trkpt lat="-30.8761427" lon="135.6413478">
      <ele>133.148</ele>
    </trkpt>
    <trkpt lat="-30.8765606" lon="135.6425658">
      <ele>129.709</ele>
    </trkpt>
    <trkpt lat="-30.8766001" lon="135.642681">
      <ele>130.047</ele>
    </trkpt>
    <trkpt lat="-30.8769238" lon="135.643581">
      <ele>130.974</ele>
    </trkpt>
    <trkpt lat="-30.8773647" lon="135.6448372">
      <ele>130.699</ele>
    </trkpt>
    <trkpt lat="-30.8774328" lon="135.6450312">
      <ele>131.0</ele>
    </trkpt>
    <trkpt lat="-30.8775009" lon="135.6452251">
      <ele>130.997</ele>
    </trkpt>
    <trkpt lat="-30.8777732" lon="135.6460011">
      <ele>129.0</ele>
    </trkpt>
    <trkpt lat="-30.87786" lon="135.6462485">
      <ele>129.644</ele>
    </trkpt>
    <trkpt lat="-30.8779281" lon="135.6464424">
      <ele>129.896</ele>
    </trkpt>
    <trkpt lat="-30.8780818" lon="135.6468803">
      <ele>128.064</ele>
    </trkpt>
    <trkpt lat="-30.878653" lon="135.6485252">
      <ele>132.047</ele>
    </trkpt>
    <trkpt lat="-30.8787372" lon="135.6487678">
      <ele>132.0</ele>
    </trkpt>
    <trkpt lat="-30.8791231" lon="135.6499784">
      <ele>133.145</ele>
    </trkpt>
    <trkpt lat="-30.8791812" lon="135.6501614">
      <ele>133.581</ele>
    </trkpt>
    <trkpt lat="-30.8794656" lon="135.6510579">
      <ele>134.091</ele>
    </trkpt>
    <trkpt lat="-30.8794983" lon="135.6511966">
      <ele>134.442</ele>
    </trkpt>
    <trkpt lat="-30.879515" lon="135.6512972">
      <ele>134.754</ele>
    </trkpt>
    <trkpt lat="-30.8795261" lon="135.6513516">
      <ele>134.905</ele>
    </trkpt>
    <trkpt lat="-30.8796954" lon="135.6518856">
      <ele>135.385</ele>
    </trkpt>
    <trkpt lat="-30.8801656" lon="135.6534932">
      <ele>137.596</ele>
    </trkpt>
    <trkpt lat="-30.8802892" lon="135.6539248">
      <ele>136.871</ele>
    </trkpt>
    <trkpt lat="-30.8803997" lon="135.6543114">
      <ele>136.0</ele>
    </trkpt>
    <trkpt lat="-30.8805133" lon="135.6547091">
      <ele>136.808</ele>
    </trkpt>
    <trkpt lat="-30.8806838" lon="135.6553056">
      <ele>134.892</ele>
    </trkpt>
    <trkpt lat="-30.8808217" lon="135.6557883">
      <ele>134.113</ele>
    </trkpt>
    <trkpt lat="-30.8815421" lon="135.6585697">
      <ele>133.618</ele>
    </trkpt>
    <trkpt lat="-30.8816473" lon="135.6589537">
      <ele>132.799</ele>
    </trkpt>
    <trkpt lat="-30.8819168" lon="135.6598733">
      <ele>132.1</ele>
    </trkpt>
    <trkpt lat="-30.8819857" lon="135.6601005">
      <ele>132.457</ele>
    </trkpt>
    <trkpt lat="-30.8820456" lon="135.6602981">
      <ele>133.047</ele>
    </trkpt>
    <trkpt lat="-30.8820932" lon="135.6604552">
      <ele>133.297</ele>
    </trkpt>
    <trkpt lat="-30.8821916" lon="135.6607704">
      <ele>133.025</ele>
    </trkpt>
    <trkpt lat="-30.8823537" lon="135.6612825">
      <ele>132.325</ele>
    </trkpt>
    <trkpt lat="-30.8824159" lon="135.6614792">
      <ele>132.529</ele>
    </trkpt>
    <trkpt lat="-30.88244" lon="135.6615554">
      <ele>132.686</ele>
    </trkpt>
    <trkpt lat="-30.8829442" lon="135.6630172">
      <ele>131.083</ele>
    </trkpt>
    <trkpt lat="-30.8832494" lon="135.6638327">
      <ele>130.878</ele>
    </trkpt>
    <trkpt lat="-30.8836937" lon="135.6649487">
      <ele>134.0</ele>
    </trkpt>
    <trkpt lat="-30.884072" lon="135.6658824">
      <ele>132.0</ele>
    </trkpt>
    <trkpt lat="-30.8845577" lon="135.6669638">
      <ele>131.972</ele>
    </trkpt>
    <trkpt lat="-30.8845755" lon="135.6670073">
      <ele>131.893</ele>
    </trkpt>
    <trkpt lat="-30.8847302" lon="135.6673857">
      <ele>131.617</ele>
    </trkpt>
    <trkpt lat="-30.8848075" lon="135.6675749">
      <ele>132.224</ele>
    </trkpt>
    <trkpt lat="-30.8849324" lon="135.6678804">
      <ele>132.0</ele>
    </trkpt>
    <trkpt lat="-30.8852112" lon="135.6684915">
      <ele>132.0</ele>
    </trkpt>
    <trkpt lat="-30.8853053" lon="135.6686904">
      <ele>132.385</ele>
    </trkpt>
    <trkpt lat="-30.8853075" lon="135.6686951">
      <ele>132.409</ele>
    </trkpt>
    <trkpt lat="-30.885391" lon="135.6688746">
      <ele>133.356</ele>
    </trkpt>
    <trkpt lat="-30.8858294" lon="135.6698176">
      <ele>134.671</ele>
    </trkpt>
    <trkpt lat="-30.8862749" lon="135.6707536">
      <ele>132.697</ele>
    </trkpt>
    <trkpt lat="-30.8868355" lon="135.6719044">
      <ele>131.856</ele>
    </trkpt>
    <trkpt lat="-30.8877465" lon="135.6736743">
      <ele>131.138</ele>
    </trkpt>
    <trkpt lat="-30.8884463" lon="135.6749605">
      <ele>130.058</ele>
    </trkpt>
    <trkpt lat="-30.8885893" lon="135.6752062">
      <ele>130.058</ele>
    </trkpt>
    <trkpt lat="-30.888784" lon="135.6755417">
      <ele>129.378</ele>
    </trkpt>
    <trkpt lat="-30.8888157" lon="135.6755963">
      <ele>129.557</ele>
    </trkpt>
    <trkpt lat="-30.8889187" lon="135.6757742">
      <ele>130.597</ele>
    </trkpt>
    <trkpt lat="-30.889094" lon="135.6760563">
      <ele>132.013</ele>
    </trkpt>
    <trkpt lat="-30.8891995" lon="135.676226">
      <ele>131.517</ele>
    </trkpt>
    <trkpt lat="-30.889305" lon="135.6763958">
      <ele>130.988</ele>
    </trkpt>
    <trkpt lat="-30.889516" lon="135.6767353">
      <ele>130.0</ele>
    </trkpt>
    <trkpt lat="-30.8896215" lon="135.676905">
      <ele>130.0</ele>
    </trkpt>
    <trkpt lat="-30.8898679" lon="135.6773014">
      <ele>130.476</ele>
    </trkpt>
    <trkpt lat="-30.8904169" lon="135.6781051">
      <ele>129.911</ele>
    </trkpt>
    <trkpt lat="-30.8906163" lon="135.6783926">
      <ele>129.167</ele>
    </trkpt>
    <trkpt lat="-30.8910411" lon="135.679005">
      <ele>130.418</ele>
    </trkpt>
    <trkpt lat="-30.8917796" lon="135.6800167">
      <ele>130.605</ele>
    </trkpt>
    <trkpt lat="-30.8919662" lon="135.6802587">
      <ele>129.074</ele>
    </trkpt>
    <trkpt lat="-30.8921432" lon="135.6804886">
      <ele>129.216</ele>
    </trkpt>
    <trkpt lat="-30.8923899" lon="135.6808087">
      <ele>131.48</ele>
    </trkpt>
    <trkpt lat="-30.8929992" lon="135.6815647">
      <ele>133.203</ele>
    </trkpt>
    <trkpt lat="-30.8936874" lon="135.6823825">
      <ele>134.852</ele>
    </trkpt>
    <trkpt lat="-30.8943882" lon="135.6831706">
      <ele>134.67</ele>
    </trkpt>
    <trkpt lat="-30.8944662" lon="135.6832583">
      <ele>134.27</ele>
    </trkpt>
    <trkpt lat="-30.895265" lon="135.684109">
      <ele>135.396</ele>
    </trkpt>
    <trkpt lat="-30.8962365" lon="135.6850824">
      <ele>137.549</ele>
    </trkpt>
    <trkpt lat="-30.8967267" lon="135.6855515">
      <ele>135.766</ele>
    </trkpt>
    <trkpt lat="-30.8970467" lon="135.6858577">
      <ele>135.72</ele>
    </trkpt>
    <trkpt lat="-30.8974273" lon="135.6862085">
      <ele>135.963</ele>
    </trkpt>
    <trkpt lat="-30.8975007" lon="135.6862762">
      <ele>136.187</ele>
    </trkpt>
    <trkpt lat="-30.8977132" lon="135.6864628">
      <ele>136.499</ele>
    </trkpt>
    <trkpt lat="-30.898107" lon="135.6868086">
      <ele>135.0</ele>
    </trkpt>
    <trkpt lat="-30.8987537" lon="135.6873518">
      <ele>133.507</ele>
    </trkpt>
    <trkpt lat="-30.8998115" lon="135.6882062">
      <ele>136.011</ele>
    </trkpt>
    <trkpt lat="-30.9009245" lon="135.6890428">
      <ele>134.102</ele>
    </trkpt>
    <trkpt lat="-30.902195" lon="135.6899265">
      <ele>136.761</ele>
    </trkpt>
    <trkpt lat="-30.9026827" lon="135.6902336">
      <ele>136.238</ele>
    </trkpt>
    <trkpt lat="-30.9031177" lon="135.6905077">
      <ele>135.039</ele>
    </trkpt>
    <trkpt lat="-30.9049905" lon="135.6916859">
      <ele>136.069</ele>
    </trkpt>
    <trkpt lat="-30.9056347" lon="135.6921153">
      <ele>135.715</ele>
    </trkpt>
    <trkpt lat="-30.9068806" lon="135.6929446">
      <ele>135.707</ele>
    </trkpt>
    <trkpt lat="-30.9084709" lon="135.6940419">
      <ele>137.273</ele>
    </trkpt>
    <trkpt lat="-30.909173" lon="135.6945433">
      <ele>138.333</ele>
    </trkpt>
    <trkpt lat="-30.9097752" lon="135.6949734">
      <ele>139.172</ele>
    </trkpt>
    <trkpt lat="-30.910243" lon="135.6953167">
      <ele>139.892</ele>
    </trkpt>
    <trkpt lat="-30.9113402" lon="135.6961219">
      <ele>139.039</ele>
    </trkpt>
    <trkpt lat="-30.9123766" lon="135.6969138">
      <ele>137.555</ele>
    </trkpt>
    <trkpt lat="-30.9128088" lon="135.6972546">
      <ele>137.112</ele>
    </trkpt>
    <trkpt lat="-30.9129578" lon="135.6973721">
      <ele>137.648</ele>
    </trkpt>
    <trkpt lat="-30.9131068" lon="135.6974896">
      <ele>138.184</ele>
    </trkpt>
    <trkpt lat="-30.9132557" lon="135.697607">
      <ele>138.721</ele>
    </trkpt>
    <trkpt lat="-30.9140716" lon="135.6982504">
      <ele>139.342</ele>
    </trkpt>
    <trkpt lat="-30.9144425" lon="135.6985553">
      <ele>139.006</ele>
    </trkpt>
    <trkpt lat="-30.9153781" lon="135.6993242">
      <ele>140.278</ele>
    </trkpt>
    <trkpt lat="-30.9154706" lon="135.6994024">
      <ele>139.612</ele>
    </trkpt>
    <trkpt lat="-30.9159076" lon="135.6997714">
      <ele>136.444</ele>
    </trkpt>
    <trkpt lat="-30.9160532" lon="135.6998944">
      <ele>137.411</ele>
    </trkpt>
    <trkpt lat="-30.9166358" lon="135.7003865">
      <ele>137.652</ele>
    </trkpt>
    <trkpt lat="-30.9167815" lon="135.7005095">
      <ele>137.511</ele>
    </trkpt>
    <trkpt lat="-30.9168323" lon="135.7005524">
      <ele>137.601</ele>
    </trkpt>
    <trkpt lat="-30.9179888" lon="135.701559">
      <ele>136.612</ele>
    </trkpt>
    <trkpt lat="-30.9181794" lon="135.7017258">
      <ele>136.649</ele>
    </trkpt>
    <trkpt lat="-30.9191086" lon="135.7025605">
      <ele>134.782</ele>
    </trkpt>
    <trkpt lat="-30.9196419" lon="135.7030518">
      <ele>132.014</ele>
    </trkpt>
    <trkpt lat="-30.919783" lon="135.7031818">
      <ele>131.446</ele>
    </trkpt>
    <trkpt lat="-30.9199241" lon="135.7033118">
      <ele>130.407</ele>
    </trkpt>
    <trkpt lat="-30.9200652" lon="135.7034418">
      <ele>129.701</ele>
    </trkpt>
    <trkpt lat="-30.9203633" lon="135.7037165">
      <ele>130.0</ele>
    </trkpt>
    <trkpt lat="-30.9204868" lon="135.7038344">
      <ele>130.0</ele>
    </trkpt>
    <trkpt lat="-30.9209042" lon="135.704233">
      <ele>130.077</ele>
    </trkpt>
    <trkpt lat="-30.9211824" lon="135.7044987">
      <ele>131.011</ele>
    </trkpt>
    <trkpt lat="-30.9213216" lon="135.7046316">
      <ele>130.573</ele>
    </trkpt>
    <trkpt lat="-30.9215998" lon="135.7048973">
      <ele>130.281</ele>
    </trkpt>
    <trkpt lat="-30.921739" lon="135.7050302">
      <ele>130.369</ele>
    </trkpt>
    <trkpt lat="-30.9218781" lon="135.7051631">
      <ele>131.348</ele>
    </trkpt>
    <trkpt lat="-30.9219767" lon="135.7052573">
      <ele>131.926</ele>
    </trkpt>
    <trkpt lat="-30.9221538" lon="135.7054324">
      <ele>131.58</ele>
    </trkpt>
    <trkpt lat="-30.9232008" lon="135.7064679">
      <ele>133.523</ele>
    </trkpt>
    <trkpt lat="-30.9245835" lon="135.7078862">
      <ele>135.304</ele>
    </trkpt>
    <trkpt lat="-30.9256783" lon="135.7090375">
      <ele>134.977</ele>
    </trkpt>
    <trkpt lat="-30.9271265" lon="135.7106169">
      <ele>135.565</ele>
    </trkpt>
    <trkpt lat="-30.9272434" lon="135.7107482">
      <ele>135.717</ele>
    </trkpt>
    <trkpt lat="-30.9275025" lon="135.7110392">
      <ele>136.011</ele>
    </trkpt>
    <trkpt lat="-30.9283188" lon="135.7119558">
      <ele>138.095</ele>
    </trkpt>
    <trkpt lat="-30.9294636" lon="135.7132852">
      <ele>139.138</ele>
    </trkpt>
    <trkpt lat="-30.9303056" lon="135.7142946">
      <ele>139.046</ele>
    </trkpt>
    <trkpt lat="-30.9307314" lon="135.7148052">
      <ele>139.257</ele>
    </trkpt>
    <trkpt lat="-30.9314227" lon="135.7156602">
      <ele>141.122</ele>
    </trkpt>
    <trkpt lat="-30.9318041" lon="135.7161319">
      <ele>142.58</ele>
    </trkpt>
    <trkpt lat="-30.9320361" lon="135.716427">
      <ele>143.092</ele>
    </trkpt>
    <trkpt lat="-30.9321576" lon="135.7165816">
      <ele>143.161</ele>
    </trkpt>
    <trkpt lat="-30.9324006" lon="135.7168908">
      <ele>142.482</ele>
    </trkpt>
    <trkpt lat="-30.9326437" lon="135.7172">
      <ele>141.048</ele>
    </trkpt>
    <trkpt lat="-30.9327652" lon="135.7173545">
      <ele>140.112</ele>
    </trkpt>
    <trkpt lat="-30.9328021" lon="135.7174015">
      <ele>140.088</ele>
    </trkpt>
    <trkpt lat="-30.9332451" lon="135.7179794">
      <ele>141.682</ele>
    </trkpt>
    <trkpt lat="-30.9338184" lon="135.7187272">
      <ele>144.746</ele>
    </trkpt>
    <trkpt lat="-30.9340788" lon="135.7190793">
      <ele>144.099</ele>
    </trkpt>
    <trkpt lat="-30.9344312" lon="135.7195557">
      <ele>144.0</ele>
    </trkpt>
    <trkpt lat="-30.9345487" lon="135.7197145">
      <ele>144.021</ele>
    </trkpt>
    <trkpt lat="-30.9346661" lon="135.7198733">
      <ele>144.0</ele>
    </trkpt>
    <trkpt lat="-30.9350185" lon="135.7203497">
      <ele>144.017</ele>
    </trkpt>
    <trkpt lat="-30.9350771" lon="135.7204289">
      <ele>144.151</ele>
    </trkpt>
    <trkpt lat="-30.935135" lon="135.7205095">
      <ele>144.405</ele>
    </trkpt>
    <trkpt lat="-30.9352504" lon="135.7206702">
      <ele>144.489</ele>
    </trkpt>
    <trkpt lat="-30.9358278" lon="135.7214741">
      <ele>143.986</ele>
    </trkpt>
    <trkpt lat="-30.9359268" lon="135.721612">
      <ele>144.607</ele>
    </trkpt>
    <trkpt lat="-30.9359434" lon="135.7216347">
      <ele>144.747</ele>
    </trkpt>
    <trkpt lat="-30.9360603" lon="135.7217941">
      <ele>145.634</ele>
    </trkpt>
    <trkpt lat="-30.9361772" lon="135.7219535">
      <ele>146.222</ele>
    </trkpt>
    <trkpt lat="-30.9362941" lon="135.7221129">
      <ele>145.86</ele>
    </trkpt>
    <trkpt lat="-30.9369953" lon="135.7230693">
      <ele>147.049</ele>
    </trkpt>
    <trkpt lat="-30.9371875" lon="135.7233315">
      <ele>147.993</ele>
    </trkpt>
    <trkpt lat="-30.9379568" lon="135.7243276">
      <ele>144.486</ele>
    </trkpt>
    <trkpt lat="-30.9383406" lon="135.7248251">
      <ele>146.361</ele>
    </trkpt>
    <trkpt lat="-30.9389289" lon="135.7255538">
      <ele>145.001</ele>
    </trkpt>
    <trkpt lat="-30.9391755" lon="135.7258591">
      <ele>143.119</ele>
    </trkpt>
    <trkpt lat="-30.9392988" lon="135.7260118">
      <ele>143.507</ele>
    </trkpt>
    <trkpt lat="-30.9393045" lon="135.7260189">
      <ele>143.501</ele>
    </trkpt>
    <trkpt lat="-30.9394248" lon="135.7261615">
      <ele>143.421</ele>
    </trkpt>
    <trkpt lat="-30.939677" lon="135.7264605">
      <ele>145.879</ele>
    </trkpt>
    <trkpt lat="-30.9398032" lon="135.72661">
      <ele>146.232</ele>
    </trkpt>
    <trkpt lat="-30.9399293" lon="135.7267595">
      <ele>147.08</ele>
    </trkpt>
    <trkpt lat="-30.9400554" lon="135.7269091">
      <ele>147.699</ele>
    </trkpt>
    <trkpt lat="-30.9404337" lon="135.7273576">
      <ele>148.926</ele>
    </trkpt>
    <trkpt lat="-30.9405568" lon="135.7275035">
      <ele>149.008</ele>
    </trkpt>
    <trkpt lat="-30.9405599" lon="135.727507">
      <ele>149.01</ele>
    </trkpt>
    <trkpt lat="-30.9412051" lon="135.7282375">
      <ele>147.655</ele>
    </trkpt>
    <trkpt lat="-30.9415869" lon="135.7286699">
      <ele>147.698</ele>
    </trkpt>
    <trkpt lat="-30.9415923" lon="135.7286757">
      <ele>147.659</ele>
    </trkpt>
    <trkpt lat="-30.9428374" lon="135.7300247">
      <ele>145.215</ele>
    </trkpt>
    <trkpt lat="-30.9438965" lon="135.7311219">
      <ele>145.038</ele>
    </trkpt>
    <trkpt lat="-30.9439501" lon="135.7311775">
      <ele>145.186</ele>
    </trkpt>
    <trkpt lat="-30.9443784" lon="135.7316036">
      <ele>145.946</ele>
    </trkpt>
    <trkpt lat="-30.9449459" lon="135.732167">
      <ele>146.805</ele>
    </trkpt>
    <trkpt lat="-30.9451423" lon="135.7323621">
      <ele>148.27</ele>
    </trkpt>
    <trkpt lat="-30.9460577" lon="135.7332319">
      <ele>144.487</ele>
    </trkpt>
    <trkpt lat="-30.9461971" lon="135.7333644">
      <ele>144.387</ele>
    </trkpt>
    <trkpt lat="-30.9465063" lon="135.7336582">
      <ele>145.098</ele>
    </trkpt>
    <trkpt lat="-30.9474756" lon="135.7345372">
      <ele>145.059</ele>
    </trkpt>
    <trkpt lat="-30.9476132" lon="135.7346573">
      <ele>144.688</ele>
    </trkpt>
    <trkpt lat="-30.9488154" lon="135.7357063">
      <ele>146.856</ele>
    </trkpt>
    <trkpt lat="-30.9493501" lon="135.736151">
      <ele>146.532</ele>
    </trkpt>
    <trkpt lat="-30.9501994" lon="135.7368545">
      <ele>143.676</ele>
    </trkpt>
    <trkpt lat="-30.9504398" lon="135.737044">
      <ele>144.866</ele>
    </trkpt>
    <trkpt lat="-30.9505888" lon="135.7371614">
      <ele>145.682</ele>
    </trkpt>
    <trkpt lat="-30.9507378" lon="135.7372789">
      <ele>146.93</ele>
    </trkpt>
    <trkpt lat="-30.9507934" lon="135.7373222">
      <ele>147.268</ele>
    </trkpt>
    <trkpt lat="-30.9510927" lon="135.737555">
      <ele>147.802</ele>
    </trkpt>
    <trkpt lat="-30.9512423" lon="135.7376714">
      <ele>146.911</ele>
    </trkpt>
    <trkpt lat="-30.9513919" lon="135.7377878">
      <ele>145.929</ele>
    </trkpt>
    <trkpt lat="-30.9519028" lon="135.7381852">
      <ele>146.313</ele>
    </trkpt>
    <trkpt lat="-30.9528223" lon="135.7388718">
      <ele>144.15</ele>
    </trkpt>
    <trkpt lat="-30.9533596" lon="135.7392604">
      <ele>144.874</ele>
    </trkpt>
    <trkpt lat="-30.9538379" lon="135.7396063">
      <ele>143.0</ele>
    </trkpt>
    <trkpt lat="-30.9550513" lon="135.7404497">
      <ele>142.39</ele>
    </trkpt>
    <trkpt lat="-30.9552099" lon="135.7405559">
      <ele>141.487</ele>
    </trkpt>
    <trkpt lat="-30.9558999" lon="135.7410181">
      <ele>140.76</ele>
    </trkpt>
    <trkpt lat="-30.9564627" lon="135.7413811">
      <ele>141.266</ele>
    </trkpt>
    <trkpt lat="-30.9568651" lon="135.7416406">
      <ele>142.259</ele>
    </trkpt>
    <trkpt lat="-30.9571149" lon="135.7417958">
      <ele>142.644</ele>
    </trkpt>
    <trkpt lat="-30.9574117" lon="135.7419802">
      <ele>142.447</ele>
    </trkpt>
    <trkpt lat="-30.9578879" lon="135.7422761">
      <ele>141.0</ele>
    </trkpt>
    <trkpt lat="-30.9581058" lon="135.7424115">
      <ele>141.058</ele>
    </trkpt>
    <trkpt lat="-30.9583666" lon="135.7425666">
      <ele>141.062</ele>
    </trkpt>
    <trkpt lat="-30.9586871" lon="135.7427571">
      <ele>140.949</ele>
    </trkpt>
    <trkpt lat="-30.9591678" lon="135.7430429">
      <ele>144.041</ele>
    </trkpt>
    <trkpt lat="-30.9596485" lon="135.7433287">
      <ele>141.282</ele>
    </trkpt>
    <trkpt lat="-30.9598499" lon="135.7434485">
      <ele>140.776</ele>
    </trkpt>
    <trkpt lat="-30.9601312" lon="135.7436099">
      <ele>141.945</ele>
    </trkpt>
    <trkpt lat="-30.9606153" lon="135.7438878">
      <ele>142.785</ele>
    </trkpt>
    <trkpt lat="-30.9607767" lon="135.7439804">
      <ele>142.137</ele>
    </trkpt>
    <trkpt lat="-30.9610776" lon="135.7441565">
      <ele>139.362</ele>
    </trkpt>
    <trkpt lat="-30.9618802" lon="135.744626">
      <ele>144.84</ele>
    </trkpt>
    <trkpt lat="-30.9634028" lon="135.7454754">
      <ele>144.611</ele>
    </trkpt>
    <trkpt lat="-30.9637275" lon="135.7456566">
      <ele>144.425</ele>
    </trkpt>
    <trkpt lat="-30.9640523" lon="135.7458377">
      <ele>143.396</ele>
    </trkpt>
    <trkpt lat="-30.9642147" lon="135.7459283">
      <ele>142.713</ele>
    </trkpt>
    <trkpt lat="-30.964377" lon="135.7460189">
      <ele>142.077</ele>
    </trkpt>
    <trkpt lat="-30.9647302" lon="135.7462181">
      <ele>143.051</ele>
    </trkpt>
    <trkpt lat="-30.9652116" lon="135.746483">
      <ele>146.0</ele>
    </trkpt>
    <trkpt lat="-30.9657207" lon="135.7467552">
      <ele>143.087</ele>
    </trkpt>
    <trkpt lat="-30.9658842" lon="135.7468427">
      <ele>141.768</ele>
    </trkpt>
    <trkpt lat="-30.9660477" lon="135.7469301">
      <ele>140.536</ele>
    </trkpt>
    <trkpt lat="-30.96607" lon="135.7470647">
      <ele>139.863</ele>
    </trkpt>
    <trkpt lat="-30.9661565" lon="135.7475879">
      <ele>140.265</ele>
    </trkpt>
    <trkpt lat="-30.9661913" lon="135.7477623">
      <ele>140.672</ele>
    </trkpt>
    <trkpt lat="-30.9662345" lon="135.7479172">
      <ele>141.281</ele>
    </trkpt>
    <trkpt lat="-30.9663071" lon="135.7480692">
      <ele>142.118</ele>
    </trkpt>
    <trkpt lat="-30.966521" lon="135.7483551">
      <ele>145.037</ele>
    </trkpt>
    <trkpt lat="-30.9667529" lon="135.7485311">
      <ele>146.022</ele>
    </trkpt>
    <trkpt lat="-30.9684506" lon="135.7493261">
      <ele>146.152</ele>
    </trkpt>
    <trkpt lat="-30.9685334" lon="135.7493593">
      <ele>145.973</ele>
    </trkpt>
    <trkpt lat="-30.9686606" lon="135.7494104">
      <ele>145.699</ele>
    </trkpt>
    <trkpt lat="-30.9687015" lon="135.7494333">
      <ele>145.634</ele>
    </trkpt>
    <trkpt lat="-30.9688998" lon="135.7495446">
      <ele>144.975</ele>
    </trkpt>
    <trkpt lat="-30.9695014" lon="135.7499124">
      <ele>143.935</ele>
    </trkpt>
    <trkpt lat="-30.9695105" lon="135.7500813">
      <ele>144.293</ele>
    </trkpt>
    <trkpt lat="-30.9695247" lon="135.7501392">
      <ele>144.501</ele>
    </trkpt>
    <trkpt lat="-30.9695482" lon="135.7501911">
      <ele>144.688</ele>
    </trkpt>
    <trkpt lat="-30.9695963" lon="135.7502582">
      <ele>144.93</ele>
    </trkpt>
    <trkpt lat="-30.9696439" lon="135.750329">
      <ele>145.0</ele>
    </trkpt>
    <trkpt lat="-30.9696561" lon="135.7503545">
      <ele>145.0</ele>
    </trkpt>
  </trkseg>
</trk>
</gpx>
