<?xml version="1.0" encoding="utf-8" standalone="yes"?>
<gpx version="1.1" creator="GPS Visualizer https://www.gpsvisualizer.com/" xmlns="http://www.topografix.com/GPX/1/1" xmlns:xsi="http://www.w3.org/2001/XMLSchema-instance" xsi:schemaLocation="http://www.topografix.com/GPX/1/1 http://www.topografix.com/GPX/1/1/gpx.xsd http://www.garmin.com/xmlschemas/TrackPointExtension/v2 http://www.garmin.com/xmlschemas/TrackPointExtensionv2.xsd http://www.garmin.com/xmlschemas/GpxExtensions/v3 http://www.garmin.com/xmlschemas/GpxExtensionsv3.xsd" xmlns:gpxtpx="http://www.garmin.com/xmlschemas/TrackPointExtension/v2" xmlns:gpxx="http://www.garmin.com/xmlschemas/GpxExtensions/v3">
<trk>
  <name>Route</name>
  <trkseg>
    <trkpt lat="-14.481646" lon="132.325427">
      <ele>113.074</ele>
    </trkpt>
    <trkpt lat="-14.481646" lon="132.325427">
      <ele>113.074</ele>
    </trkpt>
    <trkpt lat="-14.4816709" lon="132.3255243">
      <ele>113.0</ele>
    </trkpt>
    <trkpt lat="-14.4817426" lon="132.3258021">
      <ele>113.645</ele>
    </trkpt>
    <trkpt lat="-14.481811" lon="132.3259101">
      <ele>113.348</ele>
    </trkpt>
    <trkpt lat="-14.4819633" lon="132.3260414">
      <ele>113.085</ele>
    </trkpt>
    <trkpt lat="-14.4820859" lon="132.3261169">
      <ele>113.499</ele>
    </trkpt>
    <trkpt lat="-14.4822113" lon="132.3262075">
      <ele>113.627</ele>
    </trkpt>
    <trkpt lat="-14.4823738" lon="132.3263185">
      <ele>113.253</ele>
    </trkpt>
    <trkpt lat="-14.4824945" lon="132.3267827">
      <ele>114.418</ele>
    </trkpt>
    <trkpt lat="-14.4828446" lon="132.3280658">
      <ele>116.195</ele>
    </trkpt>
    <trkpt lat="-14.4830024" lon="132.3288554">
      <ele>113.312</ele>
    </trkpt>
    <trkpt lat="-14.483249" lon="132.329887">
      <ele>113.676</ele>
    </trkpt>
    <trkpt lat="-14.4833962" lon="132.3304881">
      <ele>114.657</ele>
    </trkpt>
    <trkpt lat="-14.4836379" lon="132.3314439">
      <ele>114.923</ele>
    </trkpt>
    <trkpt lat="-14.483712" lon="132.3317369">
      <ele>114.908</ele>
    </trkpt>
    <trkpt lat="-14.4838975" lon="132.3324722">
      <ele>115.841</ele>
    </trkpt>
    <trkpt lat="-14.4839105" lon="132.3326315">
      <ele>115.844</ele>
    </trkpt>
    <trkpt lat="-14.4839886" lon="132.3329455">
      <ele>115.499</ele>
    </trkpt>
    <trkpt lat="-14.4843326" lon="132.3343281">
      <ele>117.581</ele>
    </trkpt>
    <trkpt lat="-14.4844307" lon="132.3347082">
      <ele>118.95</ele>
    </trkpt>
    <trkpt lat="-14.4845176" lon="132.335061">
      <ele>118.78</ele>
    </trkpt>
    <trkpt lat="-14.4846219" lon="132.3354621">
      <ele>118.24</ele>
    </trkpt>
    <trkpt lat="-14.4847301" lon="132.3359084">
      <ele>119.737</ele>
    </trkpt>
    <trkpt lat="-14.4847662" lon="132.3360598">
      <ele>119.314</ele>
    </trkpt>
    <trkpt lat="-14.4848813" lon="132.3365902">
      <ele>117.73</ele>
    </trkpt>
    <trkpt lat="-14.4849576" lon="132.3370083">
      <ele>119.147</ele>
    </trkpt>
    <trkpt lat="-14.4850555" lon="132.3369936">
      <ele>119.142</ele>
    </trkpt>
    <trkpt lat="-14.4853649" lon="132.3369556">
      <ele>119.301</ele>
    </trkpt>
    <trkpt lat="-14.4858791" lon="132.3369011">
      <ele>120.974</ele>
    </trkpt>
    <trkpt lat="-14.4860663" lon="132.3369193">
      <ele>120.924</ele>
    </trkpt>
    <trkpt lat="-14.4863204" lon="132.3369441">
      <ele>120.999</ele>
    </trkpt>
    <trkpt lat="-14.4866657" lon="132.3370477">
      <ele>121.997</ele>
    </trkpt>
    <trkpt lat="-14.4871166" lon="132.3372765">
      <ele>118.882</ele>
    </trkpt>
    <trkpt lat="-14.4875141" lon="132.3376207">
      <ele>117.565</ele>
    </trkpt>
    <trkpt lat="-14.4877894" lon="132.3379796">
      <ele>115.577</ele>
    </trkpt>
    <trkpt lat="-14.4887623" lon="132.339674">
      <ele>115.085</ele>
    </trkpt>
    <trkpt lat="-14.4903187" lon="132.3423569">
      <ele>119.262</ele>
    </trkpt>
    <trkpt lat="-14.4908338" lon="132.3432239">
      <ele>122.0</ele>
    </trkpt>
    <trkpt lat="-14.491653" lon="132.3446336">
      <ele>122.984</ele>
    </trkpt>
    <trkpt lat="-14.4917598" lon="132.3448153">
      <ele>122.555</ele>
    </trkpt>
    <trkpt lat="-14.4918531" lon="132.3449741">
      <ele>122.404</ele>
    </trkpt>
    <trkpt lat="-14.4919465" lon="132.3451329">
      <ele>122.522</ele>
    </trkpt>
    <trkpt lat="-14.4920624" lon="132.3453302">
      <ele>121.92</ele>
    </trkpt>
    <trkpt lat="-14.4923714" lon="132.3458501">
      <ele>120.523</ele>
    </trkpt>
    <trkpt lat="-14.4924151" lon="132.3459257">
      <ele>120.638</ele>
    </trkpt>
    <trkpt lat="-14.4925073" lon="132.3460852">
      <ele>120.88</ele>
    </trkpt>
    <trkpt lat="-14.4930914" lon="132.3470953">
      <ele>122.731</ele>
    </trkpt>
    <trkpt lat="-14.493155" lon="132.3472003">
      <ele>121.983</ele>
    </trkpt>
    <trkpt lat="-14.4934261" lon="132.3476482">
      <ele>120.044</ele>
    </trkpt>
    <trkpt lat="-14.4940782" lon="132.3487828">
      <ele>122.058</ele>
    </trkpt>
    <trkpt lat="-14.4943068" lon="132.3492429">
      <ele>123.0</ele>
    </trkpt>
    <trkpt lat="-14.4946261" lon="132.3497356">
      <ele>121.702</ele>
    </trkpt>
    <trkpt lat="-14.4947263" lon="132.3499073">
      <ele>122.666</ele>
    </trkpt>
    <trkpt lat="-14.4948191" lon="132.3500664">
      <ele>123.311</ele>
    </trkpt>
    <trkpt lat="-14.4950047" lon="132.3503848">
      <ele>122.949</ele>
    </trkpt>
    <trkpt lat="-14.495244" lon="132.3507952">
      <ele>121.018</ele>
    </trkpt>
    <trkpt lat="-14.4958068" lon="132.351776">
      <ele>122.153</ele>
    </trkpt>
    <trkpt lat="-14.4968452" lon="132.3535465">
      <ele>122.643</ele>
    </trkpt>
    <trkpt lat="-14.496858" lon="132.3535692">
      <ele>122.689</ele>
    </trkpt>
    <trkpt lat="-14.4966025" lon="132.3536299">
      <ele>122.068</ele>
    </trkpt>
    <trkpt lat="-14.4963795" lon="132.3537016">
      <ele>122.315</ele>
    </trkpt>
    <trkpt lat="-14.4958198" lon="132.3538718">
      <ele>120.11</ele>
    </trkpt>
    <trkpt lat="-14.4956472" lon="132.3539242">
      <ele>120.754</ele>
    </trkpt>
    <trkpt lat="-14.495616" lon="132.3539337">
      <ele>120.853</ele>
    </trkpt>
    <trkpt lat="-14.4949051" lon="132.3540984">
      <ele>121.246</ele>
    </trkpt>
    <trkpt lat="-14.4947753" lon="132.3541474">
      <ele>121.069</ele>
    </trkpt>
    <trkpt lat="-14.4943867" lon="132.3542943">
      <ele>121.096</ele>
    </trkpt>
    <trkpt lat="-14.4938429" lon="132.3544478">
      <ele>123.176</ele>
    </trkpt>
    <trkpt lat="-14.4934929" lon="132.3545889">
      <ele>124.0</ele>
    </trkpt>
    <trkpt lat="-14.4933278" lon="132.3546862">
      <ele>123.98</ele>
    </trkpt>
    <trkpt lat="-14.4931661" lon="132.3548273">
      <ele>123.247</ele>
    </trkpt>
    <trkpt lat="-14.493036" lon="132.3549746">
      <ele>122.93</ele>
    </trkpt>
    <trkpt lat="-14.4930185" lon="132.3550004">
      <ele>122.866</ele>
    </trkpt>
    <trkpt lat="-14.4929149" lon="132.3551533">
      <ele>122.501</ele>
    </trkpt>
    <trkpt lat="-14.4926866" lon="132.3556735">
      <ele>123.753</ele>
    </trkpt>
    <trkpt lat="-14.492578" lon="132.3560122">
      <ele>125.363</ele>
    </trkpt>
    <trkpt lat="-14.4925215" lon="132.3561886">
      <ele>125.944</ele>
    </trkpt>
    <trkpt lat="-14.4924764" lon="132.356329">
      <ele>125.915</ele>
    </trkpt>
    <trkpt lat="-14.4924634" lon="132.3563644">
      <ele>125.868</ele>
    </trkpt>
    <trkpt lat="-14.4922058" lon="132.3570645">
      <ele>122.568</ele>
    </trkpt>
    <trkpt lat="-14.4921102" lon="132.3574166">
      <ele>122.418</ele>
    </trkpt>
    <trkpt lat="-14.4920451" lon="132.3576566">
      <ele>123.286</ele>
    </trkpt>
    <trkpt lat="-14.4918674" lon="132.3580824">
      <ele>126.0</ele>
    </trkpt>
    <trkpt lat="-14.4917816" lon="132.3582794">
      <ele>126.0</ele>
    </trkpt>
    <trkpt lat="-14.4917117" lon="132.3584398">
      <ele>125.679</ele>
    </trkpt>
    <trkpt lat="-14.4917076" lon="132.3584486">
      <ele>125.646</ele>
    </trkpt>
    <trkpt lat="-14.491629" lon="132.3586158">
      <ele>125.133</ele>
    </trkpt>
    <trkpt lat="-14.4914736" lon="132.3589466">
      <ele>124.937</ele>
    </trkpt>
    <trkpt lat="-14.4912682" lon="132.3592562">
      <ele>125.112</ele>
    </trkpt>
    <trkpt lat="-14.4912368" lon="132.3593035">
      <ele>125.055</ele>
    </trkpt>
    <trkpt lat="-14.4907991" lon="132.3599532">
      <ele>127.729</ele>
    </trkpt>
    <trkpt lat="-14.4906625" lon="132.3601404">
      <ele>127.385</ele>
    </trkpt>
    <trkpt lat="-14.4906461" lon="132.3601668">
      <ele>127.326</ele>
    </trkpt>
    <trkpt lat="-14.4905297" lon="132.3603542">
      <ele>126.907</ele>
    </trkpt>
    <trkpt lat="-14.4903754" lon="132.3606">
      <ele>126.351</ele>
    </trkpt>
    <trkpt lat="-14.4901984" lon="132.3608969">
      <ele>125.943</ele>
    </trkpt>
    <trkpt lat="-14.4900875" lon="132.3610667">
      <ele>126.155</ele>
    </trkpt>
    <trkpt lat="-14.4899366" lon="132.3612518">
      <ele>126.391</ele>
    </trkpt>
    <trkpt lat="-14.4898137" lon="132.3613725">
      <ele>126.31</ele>
    </trkpt>
    <trkpt lat="-14.4897468" lon="132.3614382">
      <ele>126.104</ele>
    </trkpt>
    <trkpt lat="-14.4896495" lon="132.3615263">
      <ele>126.262</ele>
    </trkpt>
    <trkpt lat="-14.4893924" lon="132.3617109">
      <ele>126.842</ele>
    </trkpt>
    <trkpt lat="-14.4889869" lon="132.3620211">
      <ele>128.102</ele>
    </trkpt>
    <trkpt lat="-14.4887673" lon="132.3621731">
      <ele>129.646</ele>
    </trkpt>
    <trkpt lat="-14.4885007" lon="132.362311">
      <ele>128.808</ele>
    </trkpt>
    <trkpt lat="-14.488222" lon="132.3624318">
      <ele>127.098</ele>
    </trkpt>
    <trkpt lat="-14.487816" lon="132.3626205">
      <ele>129.273</ele>
    </trkpt>
    <trkpt lat="-14.4874925" lon="132.3627544">
      <ele>130.138</ele>
    </trkpt>
    <trkpt lat="-14.4870205" lon="132.3629497">
      <ele>129.866</ele>
    </trkpt>
    <trkpt lat="-14.4864348" lon="132.3631933">
      <ele>127.504</ele>
    </trkpt>
    <trkpt lat="-14.485978" lon="132.3633421">
      <ele>126.0</ele>
    </trkpt>
    <trkpt lat="-14.4859484" lon="132.3633518">
      <ele>126.0</ele>
    </trkpt>
    <trkpt lat="-14.4856287" lon="132.3634066">
      <ele>126.931</ele>
    </trkpt>
    <trkpt lat="-14.485309" lon="132.3634254">
      <ele>129.107</ele>
    </trkpt>
    <trkpt lat="-14.4850167" lon="132.3634552">
      <ele>129.439</ele>
    </trkpt>
    <trkpt lat="-14.4847304" lon="132.363499">
      <ele>129.596</ele>
    </trkpt>
    <trkpt lat="-14.484514" lon="132.3635679">
      <ele>130.594</ele>
    </trkpt>
    <trkpt lat="-14.4842929" lon="132.3636682">
      <ele>130.907</ele>
    </trkpt>
    <trkpt lat="-14.4840854" lon="132.3638161">
      <ele>131.293</ele>
    </trkpt>
    <trkpt lat="-14.4840445" lon="132.3638453">
      <ele>131.44</ele>
    </trkpt>
    <trkpt lat="-14.4838048" lon="132.3640482">
      <ele>131.426</ele>
    </trkpt>
    <trkpt lat="-14.4837841" lon="132.3640657">
      <ele>131.363</ele>
    </trkpt>
    <trkpt lat="-14.4836633" lon="132.3641629">
      <ele>131.014</ele>
    </trkpt>
    <trkpt lat="-14.4835213" lon="132.364277">
      <ele>130.603</ele>
    </trkpt>
    <trkpt lat="-14.4834675" lon="132.3643203">
      <ele>130.447</ele>
    </trkpt>
    <trkpt lat="-14.4830254" lon="132.3646855">
      <ele>130.132</ele>
    </trkpt>
    <trkpt lat="-14.4826679" lon="132.364958">
      <ele>129.151</ele>
    </trkpt>
    <trkpt lat="-14.4825169" lon="132.3650599">
      <ele>129.0</ele>
    </trkpt>
    <trkpt lat="-14.482382" lon="132.3651508">
      <ele>129.619</ele>
    </trkpt>
    <trkpt lat="-14.4822169" lon="132.3652386">
      <ele>130.157</ele>
    </trkpt>
    <trkpt lat="-14.4821002" lon="132.3652903">
      <ele>130.419</ele>
    </trkpt>
    <trkpt lat="-14.4819517" lon="132.365342">
      <ele>130.749</ele>
    </trkpt>
    <trkpt lat="-14.481682" lon="132.3654111">
      <ele>130.974</ele>
    </trkpt>
    <trkpt lat="-14.4812079" lon="132.3654957">
      <ele>131.273</ele>
    </trkpt>
    <trkpt lat="-14.4808593" lon="132.365527">
      <ele>132.72</ele>
    </trkpt>
    <trkpt lat="-14.4808002" lon="132.3655308">
      <ele>133.03</ele>
    </trkpt>
    <trkpt lat="-14.4805216" lon="132.365549">
      <ele>133.854</ele>
    </trkpt>
    <trkpt lat="-14.4802639" lon="132.3655379">
      <ele>132.886</ele>
    </trkpt>
    <trkpt lat="-14.479976" lon="132.365483">
      <ele>131.611</ele>
    </trkpt>
    <trkpt lat="-14.4796734" lon="132.3653624">
      <ele>130.749</ele>
    </trkpt>
    <trkpt lat="-14.4795786" lon="132.3653161">
      <ele>130.933</ele>
    </trkpt>
    <trkpt lat="-14.4789599" lon="132.3650145">
      <ele>132.744</ele>
    </trkpt>
    <trkpt lat="-14.4784248" lon="132.3647973">
      <ele>134.489</ele>
    </trkpt>
    <trkpt lat="-14.4778327" lon="132.3645568">
      <ele>132.602</ele>
    </trkpt>
    <trkpt lat="-14.4775848" lon="132.3644659">
      <ele>132.718</ele>
    </trkpt>
    <trkpt lat="-14.4770681" lon="132.3642765">
      <ele>133.269</ele>
    </trkpt>
    <trkpt lat="-14.4766435" lon="132.3641516">
      <ele>134.083</ele>
    </trkpt>
    <trkpt lat="-14.4767771" lon="132.3646916">
      <ele>132.464</ele>
    </trkpt>
    <trkpt lat="-14.4769551" lon="132.3654115">
      <ele>135.48</ele>
    </trkpt>
    <trkpt lat="-14.4770167" lon="132.3656604">
      <ele>134.362</ele>
    </trkpt>
    <trkpt lat="-14.4771466" lon="132.3663497">
      <ele>133.506</ele>
    </trkpt>
    <trkpt lat="-14.4772605" lon="132.3668634">
      <ele>132.822</ele>
    </trkpt>
    <trkpt lat="-14.4773007" lon="132.3670448">
      <ele>132.717</ele>
    </trkpt>
    <trkpt lat="-14.4773644" lon="132.3673321">
      <ele>132.691</ele>
    </trkpt>
    <trkpt lat="-14.477567" lon="132.3677989">
      <ele>133.241</ele>
    </trkpt>
    <trkpt lat="-14.4776268" lon="132.3681127">
      <ele>133.157</ele>
    </trkpt>
    <trkpt lat="-14.4777152" lon="132.3687377">
      <ele>133.436</ele>
    </trkpt>
    <trkpt lat="-14.4777735" lon="132.3690166">
      <ele>134.015</ele>
    </trkpt>
    <trkpt lat="-14.4778494" lon="132.3693797">
      <ele>134.0</ele>
    </trkpt>
    <trkpt lat="-14.4780392" lon="132.3702876">
      <ele>132.061</ele>
    </trkpt>
    <trkpt lat="-14.4780568" lon="132.3703719">
      <ele>132.002</ele>
    </trkpt>
    <trkpt lat="-14.4783063" lon="132.3712974">
      <ele>135.931</ele>
    </trkpt>
    <trkpt lat="-14.4783534" lon="132.3715461">
      <ele>136.566</ele>
    </trkpt>
    <trkpt lat="-14.4785585" lon="132.3726304">
      <ele>136.71</ele>
    </trkpt>
    <trkpt lat="-14.4786844" lon="132.3731823">
      <ele>137.736</ele>
    </trkpt>
    <trkpt lat="-14.4786847" lon="132.3731835">
      <ele>137.735</ele>
    </trkpt>
    <trkpt lat="-14.4789961" lon="132.3745481">
      <ele>137.771</ele>
    </trkpt>
    <trkpt lat="-14.4791478" lon="132.3751689">
      <ele>138.608</ele>
    </trkpt>
    <trkpt lat="-14.4793171" lon="132.375862">
      <ele>137.562</ele>
    </trkpt>
    <trkpt lat="-14.479691" lon="132.3775176">
      <ele>136.169</ele>
    </trkpt>
    <trkpt lat="-14.4798813" lon="132.3783608">
      <ele>138.188</ele>
    </trkpt>
    <trkpt lat="-14.4799773" lon="132.3787839">
      <ele>139.02</ele>
    </trkpt>
    <trkpt lat="-14.4800183" lon="132.3789648">
      <ele>138.982</ele>
    </trkpt>
    <trkpt lat="-14.4800187" lon="132.3789668">
      <ele>138.981</ele>
    </trkpt>
    <trkpt lat="-14.4803638" lon="132.3804889">
      <ele>137.074</ele>
    </trkpt>
    <trkpt lat="-14.4805231" lon="132.3811321">
      <ele>139.108</ele>
    </trkpt>
    <trkpt lat="-14.480686" lon="132.3817898">
      <ele>137.557</ele>
    </trkpt>
    <trkpt lat="-14.4807653" lon="132.3822177">
      <ele>136.016</ele>
    </trkpt>
    <trkpt lat="-14.4807991" lon="132.3824001">
      <ele>135.921</ele>
    </trkpt>
    <trkpt lat="-14.4808716" lon="132.3827915">
      <ele>137.332</ele>
    </trkpt>
    <trkpt lat="-14.4809782" lon="132.3831181">
      <ele>139.447</ele>
    </trkpt>
    <trkpt lat="-14.4810222" lon="132.383253">
      <ele>139.556</ele>
    </trkpt>
    <trkpt lat="-14.4811236" lon="132.3838243">
      <ele>137.0</ele>
    </trkpt>
    <trkpt lat="-14.4811281" lon="132.3838436">
      <ele>137.0</ele>
    </trkpt>
    <trkpt lat="-14.4811699" lon="132.3840243">
      <ele>136.897</ele>
    </trkpt>
    <trkpt lat="-14.4813788" lon="132.3849277">
      <ele>137.009</ele>
    </trkpt>
    <trkpt lat="-14.4813794" lon="132.3849304">
      <ele>137.009</ele>
    </trkpt>
    <trkpt lat="-14.4814602" lon="132.3852799">
      <ele>136.0</ele>
    </trkpt>
    <trkpt lat="-14.4815032" lon="132.38547">
      <ele>136.0</ele>
    </trkpt>
    <trkpt lat="-14.4817075" lon="132.3863745">
      <ele>136.992</ele>
    </trkpt>
    <trkpt lat="-14.4819118" lon="132.3872791">
      <ele>142.118</ele>
    </trkpt>
    <trkpt lat="-14.4819527" lon="132.38746">
      <ele>141.945</ele>
    </trkpt>
    <trkpt lat="-14.4820138" lon="132.3877303">
      <ele>140.049</ele>
    </trkpt>
    <trkpt lat="-14.4821124" lon="132.3881845">
      <ele>139.0</ele>
    </trkpt>
    <trkpt lat="-14.4821518" lon="132.3883658">
      <ele>139.0</ele>
    </trkpt>
    <trkpt lat="-14.4823484" lon="132.3892722">
      <ele>140.662</ele>
    </trkpt>
    <trkpt lat="-14.4823552" lon="132.3893034">
      <ele>140.735</ele>
    </trkpt>
    <trkpt lat="-14.4826981" lon="132.3904193">
      <ele>141.0</ele>
    </trkpt>
    <trkpt lat="-14.4830689" lon="132.3920182">
      <ele>141.664</ele>
    </trkpt>
    <trkpt lat="-14.4832655" lon="132.3924717">
      <ele>143.475</ele>
    </trkpt>
    <trkpt lat="-14.4833131" lon="132.3925816">
      <ele>143.927</ele>
    </trkpt>
    <trkpt lat="-14.4833327" lon="132.3926438">
      <ele>143.998</ele>
    </trkpt>
    <trkpt lat="-14.4833884" lon="132.3928204">
      <ele>143.556</ele>
    </trkpt>
    <trkpt lat="-14.4834222" lon="132.3929276">
      <ele>142.946</ele>
    </trkpt>
    <trkpt lat="-14.4834638" lon="132.3930724">
      <ele>142.381</ele>
    </trkpt>
    <trkpt lat="-14.4834778" lon="132.3931792">
      <ele>141.843</ele>
    </trkpt>
    <trkpt lat="-14.4834783" lon="132.393183">
      <ele>141.824</ele>
    </trkpt>
    <trkpt lat="-14.483495" lon="132.3933111">
      <ele>141.127</ele>
    </trkpt>
    <trkpt lat="-14.4836742" lon="132.3936652">
      <ele>140.926</ele>
    </trkpt>
    <trkpt lat="-14.484373" lon="132.3945585">
      <ele>140.847</ele>
    </trkpt>
    <trkpt lat="-14.4845975" lon="132.394837">
      <ele>140.0</ele>
    </trkpt>
    <trkpt lat="-14.4851729" lon="132.3955508">
      <ele>142.371</ele>
    </trkpt>
    <trkpt lat="-14.4853005" lon="132.3957092">
      <ele>142.426</ele>
    </trkpt>
    <trkpt lat="-14.4856038" lon="132.3960104">
      <ele>141.0</ele>
    </trkpt>
    <trkpt lat="-14.4854857" lon="132.3960544">
      <ele>141.303</ele>
    </trkpt>
    <trkpt lat="-14.4846899" lon="132.3962602">
      <ele>144.409</ele>
    </trkpt>
    <trkpt lat="-14.4846758" lon="132.3962636">
      <ele>144.376</ele>
    </trkpt>
    <trkpt lat="-14.4840747" lon="132.3964089">
      <ele>142.693</ele>
    </trkpt>
    <trkpt lat="-14.4837983" lon="132.3964665">
      <ele>142.279</ele>
    </trkpt>
    <trkpt lat="-14.4837132" lon="132.3964893">
      <ele>142.361</ele>
    </trkpt>
    <trkpt lat="-14.4839099" lon="132.3971163">
      <ele>142.381</ele>
    </trkpt>
    <trkpt lat="-14.4840902" lon="132.3976384">
      <ele>142.498</ele>
    </trkpt>
    <trkpt lat="-14.4842763" lon="132.3981338">
      <ele>142.546</ele>
    </trkpt>
    <trkpt lat="-14.4843614" lon="132.3983166">
      <ele>142.677</ele>
    </trkpt>
    <trkpt lat="-14.4843739" lon="132.3983455">
      <ele>142.735</ele>
    </trkpt>
    <trkpt lat="-14.4844173" lon="132.3983963">
      <ele>142.88</ele>
    </trkpt>
    <trkpt lat="-14.4845108" lon="132.3986506">
      <ele>143.227</ele>
    </trkpt>
    <trkpt lat="-14.4852406" lon="132.4005199">
      <ele>144.726</ele>
    </trkpt>
    <trkpt lat="-14.4859103" lon="132.4019897">
      <ele>147.0</ele>
    </trkpt>
    <trkpt lat="-14.4867575" lon="132.4036979">
      <ele>145.0</ele>
    </trkpt>
    <trkpt lat="-14.4873009" lon="132.4046698">
      <ele>147.11</ele>
    </trkpt>
    <trkpt lat="-14.4877283" lon="132.4054074">
      <ele>147.917</ele>
    </trkpt>
    <trkpt lat="-14.4888358" lon="132.4071738">
      <ele>146.809</ele>
    </trkpt>
    <trkpt lat="-14.4899489" lon="132.4087591">
      <ele>146.282</ele>
    </trkpt>
    <trkpt lat="-14.4909398" lon="132.4100631">
      <ele>146.383</ele>
    </trkpt>
    <trkpt lat="-14.4914703" lon="132.4107139">
      <ele>145.86</ele>
    </trkpt>
    <trkpt lat="-14.4915861" lon="132.4108561">
      <ele>144.942</ele>
    </trkpt>
    <trkpt lat="-14.4916593" lon="132.4109449">
      <ele>144.609</ele>
    </trkpt>
    <trkpt lat="-14.4917046" lon="132.4109971">
      <ele>144.547</ele>
    </trkpt>
    <trkpt lat="-14.4917792" lon="132.411084">
      <ele>144.503</ele>
    </trkpt>
    <trkpt lat="-14.4918235" lon="132.4111354">
      <ele>144.739</ele>
    </trkpt>
    <trkpt lat="-14.4919432" lon="132.4112741">
      <ele>146.169</ele>
    </trkpt>
    <trkpt lat="-14.4919916" lon="132.4113302">
      <ele>146.747</ele>
    </trkpt>
    <trkpt lat="-14.4929266" lon="132.412371">
      <ele>151.0</ele>
    </trkpt>
    <trkpt lat="-14.4934154" lon="132.412889">
      <ele>151.987</ele>
    </trkpt>
    <trkpt lat="-14.4943663" lon="132.4138496">
      <ele>154.717</ele>
    </trkpt>
    <trkpt lat="-14.4950899" lon="132.4145398">
      <ele>156.121</ele>
    </trkpt>
    <trkpt lat="-14.4962386" lon="132.4155057">
      <ele>157.164</ele>
    </trkpt>
    <trkpt lat="-14.4973016" lon="132.4164609">
      <ele>158.471</ele>
    </trkpt>
    <trkpt lat="-14.4981978" lon="132.4171708">
      <ele>158.417</ele>
    </trkpt>
    <trkpt lat="-14.49847" lon="132.4173714">
      <ele>159.801</ele>
    </trkpt>
    <trkpt lat="-14.4985616" lon="132.4174387">
      <ele>160.42</ele>
    </trkpt>
    <trkpt lat="-14.4986139" lon="132.4174768">
      <ele>160.834</ele>
    </trkpt>
    <trkpt lat="-14.4987608" lon="132.4175839">
      <ele>161.441</ele>
    </trkpt>
    <trkpt lat="-14.4987637" lon="132.417586">
      <ele>161.449</ele>
    </trkpt>
    <trkpt lat="-14.4989064" lon="132.417693">
      <ele>161.651</ele>
    </trkpt>
    <trkpt lat="-14.504592" lon="132.4219554">
      <ele>163.0</ele>
    </trkpt>
    <trkpt lat="-14.5054595" lon="132.4226087">
      <ele>164.256</ele>
    </trkpt>
    <trkpt lat="-14.5056048" lon="132.4227181">
      <ele>164.57</ele>
    </trkpt>
    <trkpt lat="-14.5057502" lon="132.4228276">
      <ele>164.479</ele>
    </trkpt>
    <trkpt lat="-14.5058411" lon="132.4228961">
      <ele>164.398</ele>
    </trkpt>
    <trkpt lat="-14.506336" lon="132.4232688">
      <ele>163.958</ele>
    </trkpt>
    <trkpt lat="-14.5064814" lon="132.4233783">
      <ele>164.153</ele>
    </trkpt>
    <trkpt lat="-14.5070582" lon="132.4238127">
      <ele>167.019</ele>
    </trkpt>
    <trkpt lat="-14.5071491" lon="132.4238812">
      <ele>166.519</ele>
    </trkpt>
    <trkpt lat="-14.5072035" lon="132.4239221">
      <ele>166.238</ele>
    </trkpt>
    <trkpt lat="-14.5072081" lon="132.4239255">
      <ele>166.22</ele>
    </trkpt>
    <trkpt lat="-14.5089476" lon="132.4252356">
      <ele>169.425</ele>
    </trkpt>
    <trkpt lat="-14.5104727" lon="132.4263842">
      <ele>174.017</ele>
    </trkpt>
    <trkpt lat="-14.5113586" lon="132.4269794">
      <ele>174.891</ele>
    </trkpt>
    <trkpt lat="-14.5119894" lon="132.4273671">
      <ele>177.275</ele>
    </trkpt>
    <trkpt lat="-14.512658" lon="132.4277254">
      <ele>176.273</ele>
    </trkpt>
    <trkpt lat="-14.5128166" lon="132.427808">
      <ele>177.249</ele>
    </trkpt>
    <trkpt lat="-14.5133969" lon="132.4281">
      <ele>178.0</ele>
    </trkpt>
    <trkpt lat="-14.51437" lon="132.4285449">
      <ele>180.14</ele>
    </trkpt>
    <trkpt lat="-14.5152116" lon="132.4288482">
      <ele>180.854</ele>
    </trkpt>
    <trkpt lat="-14.5155318" lon="132.428957">
      <ele>181.49</ele>
    </trkpt>
    <trkpt lat="-14.5160638" lon="132.4291286">
      <ele>183.693</ele>
    </trkpt>
    <trkpt lat="-14.5165214" lon="132.4292529">
      <ele>183.833</ele>
    </trkpt>
    <trkpt lat="-14.5175148" lon="132.4294822">
      <ele>186.954</ele>
    </trkpt>
    <trkpt lat="-14.5178207" lon="132.4295482">
      <ele>186.219</ele>
    </trkpt>
    <trkpt lat="-14.5179968" lon="132.4295862">
      <ele>185.722</ele>
    </trkpt>
    <trkpt lat="-14.5188119" lon="132.429762">
      <ele>185.183</ele>
    </trkpt>
    <trkpt lat="-14.5211673" lon="132.4302628">
      <ele>182.935</ele>
    </trkpt>
    <trkpt lat="-14.5213435" lon="132.4303003">
      <ele>183.23</ele>
    </trkpt>
    <trkpt lat="-14.5215197" lon="132.4303378">
      <ele>183.75</ele>
    </trkpt>
    <trkpt lat="-14.5216958" lon="132.4303753">
      <ele>184.404</ele>
    </trkpt>
    <trkpt lat="-14.5241623" lon="132.4308995">
      <ele>182.016</ele>
    </trkpt>
    <trkpt lat="-14.5243384" lon="132.430937">
      <ele>182.849</ele>
    </trkpt>
    <trkpt lat="-14.5245146" lon="132.4309745">
      <ele>183.637</ele>
    </trkpt>
    <trkpt lat="-14.5246908" lon="132.431012">
      <ele>184.214</ele>
    </trkpt>
    <trkpt lat="-14.5248669" lon="132.4310494">
      <ele>184.151</ele>
    </trkpt>
    <trkpt lat="-14.525048" lon="132.4310879">
      <ele>183.571</ele>
    </trkpt>
    <trkpt lat="-14.5252192" lon="132.4311251">
      <ele>182.472</ele>
    </trkpt>
    <trkpt lat="-14.5289152" lon="132.431929">
      <ele>174.855</ele>
    </trkpt>
    <trkpt lat="-14.5290912" lon="132.4319673">
      <ele>174.332</ele>
    </trkpt>
    <trkpt lat="-14.5319073" lon="132.4325799">
      <ele>175.671</ele>
    </trkpt>
    <trkpt lat="-14.5320833" lon="132.4326182">
      <ele>175.926</ele>
    </trkpt>
    <trkpt lat="-14.5337097" lon="132.4329719">
      <ele>172.505</ele>
    </trkpt>
    <trkpt lat="-14.5344386" lon="132.4331286">
      <ele>170.037</ele>
    </trkpt>
    <trkpt lat="-14.5353212" lon="132.433362">
      <ele>169.119</ele>
    </trkpt>
    <trkpt lat="-14.5354175" lon="132.4333892">
      <ele>169.302</ele>
    </trkpt>
    <trkpt lat="-14.535591" lon="132.4334383">
      <ele>169.804</ele>
    </trkpt>
    <trkpt lat="-14.5357644" lon="132.4334873">
      <ele>170.525</ele>
    </trkpt>
    <trkpt lat="-14.5359015" lon="132.433526">
      <ele>171.156</ele>
    </trkpt>
    <trkpt lat="-14.5359375" lon="132.433538">
      <ele>171.309</ele>
    </trkpt>
    <trkpt lat="-14.5367757" lon="132.4338168">
      <ele>167.474</ele>
    </trkpt>
    <trkpt lat="-14.537762" lon="132.4341809">
      <ele>165.159</ele>
    </trkpt>
    <trkpt lat="-14.539684" lon="132.435058">
      <ele>166.138</ele>
    </trkpt>
    <trkpt lat="-14.541475" lon="132.4360559">
      <ele>161.69</ele>
    </trkpt>
    <trkpt lat="-14.5417081" lon="132.4362254">
      <ele>161.911</ele>
    </trkpt>
    <trkpt lat="-14.5426083" lon="132.4368531">
      <ele>160.401</ele>
    </trkpt>
    <trkpt lat="-14.5434665" lon="132.437451">
      <ele>158.773</ele>
    </trkpt>
    <trkpt lat="-14.5444184" lon="132.4382323">
      <ele>159.307</ele>
    </trkpt>
    <trkpt lat="-14.5449056" lon="132.4386566">
      <ele>158.68</ele>
    </trkpt>
    <trkpt lat="-14.5450498" lon="132.4387811">
      <ele>157.751</ele>
    </trkpt>
    <trkpt lat="-14.545323" lon="132.4390418">
      <ele>156.764</ele>
    </trkpt>
    <trkpt lat="-14.5456832" lon="132.4393842">
      <ele>156.36</ele>
    </trkpt>
    <trkpt lat="-14.5464138" lon="132.440138">
      <ele>157.949</ele>
    </trkpt>
    <trkpt lat="-14.5469781" lon="132.4407591">
      <ele>156.402</ele>
    </trkpt>
    <trkpt lat="-14.5475715" lon="132.4414768">
      <ele>156.837</ele>
    </trkpt>
    <trkpt lat="-14.5479548" lon="132.4419562">
      <ele>155.1</ele>
    </trkpt>
    <trkpt lat="-14.548012" lon="132.4420345">
      <ele>155.699</ele>
    </trkpt>
    <trkpt lat="-14.5485376" lon="132.4427543">
      <ele>157.507</ele>
    </trkpt>
    <trkpt lat="-14.5488479" lon="132.4432025">
      <ele>155.668</ele>
    </trkpt>
    <trkpt lat="-14.5492419" lon="132.4438126">
      <ele>157.655</ele>
    </trkpt>
    <trkpt lat="-14.5495027" lon="132.4442307">
      <ele>158.839</ele>
    </trkpt>
    <trkpt lat="-14.5495551" lon="132.4443193">
      <ele>158.821</ele>
    </trkpt>
    <trkpt lat="-14.5496489" lon="132.4444778">
      <ele>158.88</ele>
    </trkpt>
    <trkpt lat="-14.5496632" lon="132.4445021">
      <ele>158.792</ele>
    </trkpt>
    <trkpt lat="-14.5497407" lon="132.4446376">
      <ele>158.351</ele>
    </trkpt>
    <trkpt lat="-14.5498322" lon="132.4447976">
      <ele>158.288</ele>
    </trkpt>
    <trkpt lat="-14.5498655" lon="132.4448559">
      <ele>158.268</ele>
    </trkpt>
    <trkpt lat="-14.5504638" lon="132.4458568">
      <ele>159.33</ele>
    </trkpt>
    <trkpt lat="-14.5507197" lon="132.4462888">
      <ele>158.836</ele>
    </trkpt>
    <trkpt lat="-14.5509615" lon="132.4467144">
      <ele>160.998</ele>
    </trkpt>
    <trkpt lat="-14.5511382" lon="132.4470218">
      <ele>158.678</ele>
    </trkpt>
    <trkpt lat="-14.5511862" lon="132.4471052">
      <ele>158.464</ele>
    </trkpt>
    <trkpt lat="-14.5512305" lon="132.4471813">
      <ele>158.45</ele>
    </trkpt>
    <trkpt lat="-14.5514195" lon="132.4475056">
      <ele>160.126</ele>
    </trkpt>
    <trkpt lat="-14.5518567" lon="132.4482733">
      <ele>162.031</ele>
    </trkpt>
    <trkpt lat="-14.552523" lon="132.4494139">
      <ele>162.0</ele>
    </trkpt>
    <trkpt lat="-14.5526159" lon="132.449573">
      <ele>161.344</ele>
    </trkpt>
    <trkpt lat="-14.5527089" lon="132.4497321">
      <ele>160.257</ele>
    </trkpt>
    <trkpt lat="-14.5528018" lon="132.4498912">
      <ele>160.0</ele>
    </trkpt>
    <trkpt lat="-14.5528948" lon="132.4500503">
      <ele>160.105</ele>
    </trkpt>
    <trkpt lat="-14.5531737" lon="132.4505275">
      <ele>160.043</ele>
    </trkpt>
    <trkpt lat="-14.5532728" lon="132.4506972">
      <ele>161.02</ele>
    </trkpt>
    <trkpt lat="-14.5536572" lon="132.4513698">
      <ele>164.765</ele>
    </trkpt>
    <trkpt lat="-14.5540331" lon="132.4520119">
      <ele>163.355</ele>
    </trkpt>
    <trkpt lat="-14.5544071" lon="132.4526553">
      <ele>163.387</ele>
    </trkpt>
    <trkpt lat="-14.5547965" lon="132.4533501">
      <ele>168.105</ele>
    </trkpt>
    <trkpt lat="-14.5549226" lon="132.4535607">
      <ele>169.047</ele>
    </trkpt>
    <trkpt lat="-14.5550173" lon="132.4537187">
      <ele>168.938</ele>
    </trkpt>
    <trkpt lat="-14.5551668" lon="132.4539681">
      <ele>168.114</ele>
    </trkpt>
    <trkpt lat="-14.5556016" lon="132.4547016">
      <ele>165.834</ele>
    </trkpt>
    <trkpt lat="-14.5556747" lon="132.4548281">
      <ele>165.789</ele>
    </trkpt>
    <trkpt lat="-14.5559836" lon="132.4553627">
      <ele>166.083</ele>
    </trkpt>
    <trkpt lat="-14.5563521" lon="132.4560061">
      <ele>167.704</ele>
    </trkpt>
    <trkpt lat="-14.5567586" lon="132.4567028">
      <ele>169.295</ele>
    </trkpt>
    <trkpt lat="-14.5569696" lon="132.4570593">
      <ele>166.496</ele>
    </trkpt>
    <trkpt lat="-14.5570634" lon="132.4572179">
      <ele>165.587</ele>
    </trkpt>
    <trkpt lat="-14.557086" lon="132.4572561">
      <ele>165.553</ele>
    </trkpt>
    <trkpt lat="-14.5574237" lon="132.4578456">
      <ele>166.586</ele>
    </trkpt>
    <trkpt lat="-14.5577038" lon="132.4583341">
      <ele>166.535</ele>
    </trkpt>
    <trkpt lat="-14.5579224" lon="132.4587167">
      <ele>166.355</ele>
    </trkpt>
    <trkpt lat="-14.5582221" lon="132.4592453">
      <ele>168.117</ele>
    </trkpt>
    <trkpt lat="-14.5584279" lon="132.4595943">
      <ele>165.963</ele>
    </trkpt>
    <trkpt lat="-14.5586005" lon="132.459888">
      <ele>165.061</ele>
    </trkpt>
    <trkpt lat="-14.5595273" lon="132.4614806">
      <ele>164.0</ele>
    </trkpt>
    <trkpt lat="-14.55962" lon="132.4616399">
      <ele>164.0</ele>
    </trkpt>
    <trkpt lat="-14.5611954" lon="132.4643474">
      <ele>164.636</ele>
    </trkpt>
    <trkpt lat="-14.5612881" lon="132.4645067">
      <ele>163.726</ele>
    </trkpt>
    <trkpt lat="-14.5613808" lon="132.464666">
      <ele>163.058</ele>
    </trkpt>
    <trkpt lat="-14.5616588" lon="132.4651438">
      <ele>163.469</ele>
    </trkpt>
    <trkpt lat="-14.5625855" lon="132.4667365">
      <ele>166.866</ele>
    </trkpt>
    <trkpt lat="-14.5626781" lon="132.4668957">
      <ele>166.655</ele>
    </trkpt>
    <trkpt lat="-14.5631415" lon="132.4676921">
      <ele>168.17</ele>
    </trkpt>
    <trkpt lat="-14.5649949" lon="132.4708775">
      <ele>179.177</ele>
    </trkpt>
    <trkpt lat="-14.5650876" lon="132.4710368">
      <ele>178.786</ele>
    </trkpt>
    <trkpt lat="-14.5653656" lon="132.4715146">
      <ele>178.279</ele>
    </trkpt>
    <trkpt lat="-14.5654583" lon="132.4716739">
      <ele>179.043</ele>
    </trkpt>
    <trkpt lat="-14.5655509" lon="132.4718331">
      <ele>180.188</ele>
    </trkpt>
    <trkpt lat="-14.5662923" lon="132.4731073">
      <ele>178.695</ele>
    </trkpt>
    <trkpt lat="-14.566385" lon="132.4732666">
      <ele>178.028</ele>
    </trkpt>
    <trkpt lat="-14.5672489" lon="132.4747515">
      <ele>179.818</ele>
    </trkpt>
    <trkpt lat="-14.5676354" lon="132.4754196">
      <ele>176.004</ele>
    </trkpt>
    <trkpt lat="-14.5678544" lon="132.475803">
      <ele>173.109</ele>
    </trkpt>
    <trkpt lat="-14.5691547" lon="132.4780295">
      <ele>169.086</ele>
    </trkpt>
    <trkpt lat="-14.5691554" lon="132.4780306">
      <ele>169.081</ele>
    </trkpt>
    <trkpt lat="-14.5694324" lon="132.4785075">
      <ele>169.0</ele>
    </trkpt>
    <trkpt lat="-14.5698216" lon="132.479133">
      <ele>166.406</ele>
    </trkpt>
    <trkpt lat="-14.5698221" lon="132.4791339">
      <ele>166.399</ele>
    </trkpt>
    <trkpt lat="-14.5699135" lon="132.479294">
      <ele>165.938</ele>
    </trkpt>
    <trkpt lat="-14.5699141" lon="132.4792951">
      <ele>165.938</ele>
    </trkpt>
    <trkpt lat="-14.5700093" lon="132.4794502">
      <ele>166.008</ele>
    </trkpt>
    <trkpt lat="-14.5701048" lon="132.4796094">
      <ele>166.81</ele>
    </trkpt>
    <trkpt lat="-14.5706983" lon="132.4806086">
      <ele>168.098</ele>
    </trkpt>
    <trkpt lat="-14.5715578" lon="132.4821668">
      <ele>168.686</ele>
    </trkpt>
    <trkpt lat="-14.5715611" lon="132.4821729">
      <ele>168.687</ele>
    </trkpt>
    <trkpt lat="-14.5716484" lon="132.4823339">
      <ele>168.559</ele>
    </trkpt>
    <trkpt lat="-14.571649" lon="132.4823351">
      <ele>168.556</ele>
    </trkpt>
    <trkpt lat="-14.5717373" lon="132.4824955">
      <ele>167.766</ele>
    </trkpt>
    <trkpt lat="-14.5717379" lon="132.4824966">
      <ele>167.759</ele>
    </trkpt>
    <trkpt lat="-14.5718261" lon="132.482657">
      <ele>166.055</ele>
    </trkpt>
    <trkpt lat="-14.5730542" lon="132.4847705">
      <ele>172.644</ele>
    </trkpt>
    <trkpt lat="-14.5735237" lon="132.4855597">
      <ele>173.72</ele>
    </trkpt>
    <trkpt lat="-14.5739618" lon="132.4863271">
      <ele>173.942</ele>
    </trkpt>
    <trkpt lat="-14.5741345" lon="132.4866231">
      <ele>174.843</ele>
    </trkpt>
    <trkpt lat="-14.5742821" lon="132.4868724">
      <ele>175.741</ele>
    </trkpt>
    <trkpt lat="-14.5747841" lon="132.4877273">
      <ele>177.818</ele>
    </trkpt>
    <trkpt lat="-14.575219" lon="132.4884899">
      <ele>181.0</ele>
    </trkpt>
    <trkpt lat="-14.577073" lon="132.4916859">
      <ele>182.037</ele>
    </trkpt>
    <trkpt lat="-14.5773256" lon="132.4922333">
      <ele>182.04</ele>
    </trkpt>
    <trkpt lat="-14.577693" lon="132.4931125">
      <ele>183.305</ele>
    </trkpt>
    <trkpt lat="-14.5779185" lon="132.4937555">
      <ele>184.507</ele>
    </trkpt>
    <trkpt lat="-14.5780757" lon="132.4942604">
      <ele>184.638</ele>
    </trkpt>
    <trkpt lat="-14.5781932" lon="132.4947159">
      <ele>183.504</ele>
    </trkpt>
    <trkpt lat="-14.5782511" lon="132.4949665">
      <ele>184.436</ele>
    </trkpt>
    <trkpt lat="-14.578331" lon="132.4952935">
      <ele>186.065</ele>
    </trkpt>
    <trkpt lat="-14.578382" lon="132.4955222">
      <ele>186.705</ele>
    </trkpt>
    <trkpt lat="-14.5784224" lon="132.4957033">
      <ele>187.211</ele>
    </trkpt>
    <trkpt lat="-14.5784628" lon="132.4958844">
      <ele>187.632</ele>
    </trkpt>
    <trkpt lat="-14.5789878" lon="132.4982388">
      <ele>185.765</ele>
    </trkpt>
    <trkpt lat="-14.5790282" lon="132.4984199">
      <ele>185.498</ele>
    </trkpt>
    <trkpt lat="-14.5806668" lon="132.5057695">
      <ele>184.23</ele>
    </trkpt>
    <trkpt lat="-14.5807496" lon="132.5061601">
      <ele>183.522</ele>
    </trkpt>
    <trkpt lat="-14.5808745" lon="132.5067087">
      <ele>183.597</ele>
    </trkpt>
    <trkpt lat="-14.5810133" lon="132.5073333">
      <ele>181.563</ele>
    </trkpt>
    <trkpt lat="-14.5829619" lon="132.5162146">
      <ele>187.337</ele>
    </trkpt>
    <trkpt lat="-14.5830017" lon="132.5163959">
      <ele>187.174</ele>
    </trkpt>
    <trkpt lat="-14.5846988" lon="132.5241323">
      <ele>193.792</ele>
    </trkpt>
    <trkpt lat="-14.5862504" lon="132.5312011">
      <ele>194.0</ele>
    </trkpt>
    <trkpt lat="-14.5867675" lon="132.5335573">
      <ele>194.123</ele>
    </trkpt>
    <trkpt lat="-14.5868073" lon="132.5337386">
      <ele>194.686</ele>
    </trkpt>
    <trkpt lat="-14.587092" lon="132.535036">
      <ele>196.339</ele>
    </trkpt>
    <trkpt lat="-14.5873972" lon="132.5362679">
      <ele>198.517</ele>
    </trkpt>
    <trkpt lat="-14.5874418" lon="132.5364479">
      <ele>198.578</ele>
    </trkpt>
    <trkpt lat="-14.587477" lon="132.53659">
      <ele>198.193</ele>
    </trkpt>
    <trkpt lat="-14.5874888" lon="132.5366273">
      <ele>198.101</ele>
    </trkpt>
    <trkpt lat="-14.5876836" lon="132.5372447">
      <ele>197.284</ele>
    </trkpt>
    <trkpt lat="-14.587941" lon="132.537901">
      <ele>196.175</ele>
    </trkpt>
    <trkpt lat="-14.5881975" lon="132.5384974">
      <ele>197.209</ele>
    </trkpt>
    <trkpt lat="-14.588524" lon="132.539141">
      <ele>196.314</ele>
    </trkpt>
    <trkpt lat="-14.588715" lon="132.5394934">
      <ele>196.978</ele>
    </trkpt>
    <trkpt lat="-14.588978" lon="132.5399508">
      <ele>198.823</ele>
    </trkpt>
    <trkpt lat="-14.5898506" lon="132.541412">
      <ele>198.031</ele>
    </trkpt>
    <trkpt lat="-14.589945" lon="132.5415702">
      <ele>197.267</ele>
    </trkpt>
    <trkpt lat="-14.5900395" lon="132.5417284">
      <ele>196.667</ele>
    </trkpt>
    <trkpt lat="-14.5923063" lon="132.5455245">
      <ele>201.922</ele>
    </trkpt>
    <trkpt lat="-14.5933452" lon="132.5472644">
      <ele>200.043</ele>
    </trkpt>
    <trkpt lat="-14.5934397" lon="132.5474225">
      <ele>200.383</ele>
    </trkpt>
    <trkpt lat="-14.5935341" lon="132.5475807">
      <ele>200.723</ele>
    </trkpt>
    <trkpt lat="-14.5955277" lon="132.5509195">
      <ele>199.241</ele>
    </trkpt>
    <trkpt lat="-14.5955729" lon="132.5509958">
      <ele>199.611</ele>
    </trkpt>
    <trkpt lat="-14.600403" lon="132.5590544">
      <ele>190.596</ele>
    </trkpt>
    <trkpt lat="-14.6012553" lon="132.5604765">
      <ele>190.137</ele>
    </trkpt>
    <trkpt lat="-14.6032441" lon="132.5637949">
      <ele>183.881</ele>
    </trkpt>
    <trkpt lat="-14.6045699" lon="132.5660072">
      <ele>186.343</ele>
    </trkpt>
    <trkpt lat="-14.6046646" lon="132.5661652">
      <ele>186.362</ele>
    </trkpt>
    <trkpt lat="-14.6047593" lon="132.5663232">
      <ele>186.63</ele>
    </trkpt>
    <trkpt lat="-14.6057376" lon="132.5679556">
      <ele>181.861</ele>
    </trkpt>
    <trkpt lat="-14.606462" lon="132.5691688">
      <ele>181.458</ele>
    </trkpt>
    <trkpt lat="-14.6065565" lon="132.569327">
      <ele>179.639</ele>
    </trkpt>
    <trkpt lat="-14.6067454" lon="132.5696433">
      <ele>178.513</ele>
    </trkpt>
    <trkpt lat="-14.6093113" lon="132.5739407">
      <ele>176.0</ele>
    </trkpt>
    <trkpt lat="-14.610561" lon="132.5760149">
      <ele>175.02</ele>
    </trkpt>
    <trkpt lat="-14.6113549" lon="132.5773605">
      <ele>173.686</ele>
    </trkpt>
    <trkpt lat="-14.6119747" lon="132.5783896">
      <ele>173.884</ele>
    </trkpt>
    <trkpt lat="-14.6122599" lon="132.578863">
      <ele>172.339</ele>
    </trkpt>
    <trkpt lat="-14.6123549" lon="132.5790208">
      <ele>172.728</ele>
    </trkpt>
    <trkpt lat="-14.6126401" lon="132.5794942">
      <ele>171.325</ele>
    </trkpt>
    <trkpt lat="-14.6127351" lon="132.579652">
      <ele>171.099</ele>
    </trkpt>
    <trkpt lat="-14.6129252" lon="132.5799676">
      <ele>171.593</ele>
    </trkpt>
    <trkpt lat="-14.6134955" lon="132.5809144">
      <ele>172.416</ele>
    </trkpt>
    <trkpt lat="-14.6147105" lon="132.5829318">
      <ele>170.681</ele>
    </trkpt>
    <trkpt lat="-14.6163153" lon="132.5856257">
      <ele>171.253</ele>
    </trkpt>
    <trkpt lat="-14.6165995" lon="132.5860935">
      <ele>173.921</ele>
    </trkpt>
    <trkpt lat="-14.6185699" lon="132.5893699">
      <ele>172.217</ele>
    </trkpt>
    <trkpt lat="-14.619091" lon="132.5902329">
      <ele>172.111</ele>
    </trkpt>
    <trkpt lat="-14.6191862" lon="132.5903906">
      <ele>172.406</ele>
    </trkpt>
    <trkpt lat="-14.6193737" lon="132.5907011">
      <ele>173.657</ele>
    </trkpt>
    <trkpt lat="-14.6217466" lon="132.5946552">
      <ele>171.195</ele>
    </trkpt>
    <trkpt lat="-14.622031" lon="132.5951291">
      <ele>170.153</ele>
    </trkpt>
    <trkpt lat="-14.6223154" lon="132.595603">
      <ele>171.342</ele>
    </trkpt>
    <trkpt lat="-14.6224102" lon="132.595761">
      <ele>172.479</ele>
    </trkpt>
    <trkpt lat="-14.6234869" lon="132.5975553">
      <ele>171.911</ele>
    </trkpt>
    <trkpt lat="-14.6259468" lon="132.6016657">
      <ele>175.003</ele>
    </trkpt>
    <trkpt lat="-14.6260414" lon="132.6018238">
      <ele>175.142</ele>
    </trkpt>
    <trkpt lat="-14.626136" lon="132.6019819">
      <ele>174.922</ele>
    </trkpt>
    <trkpt lat="-14.6262307" lon="132.60214">
      <ele>174.873</ele>
    </trkpt>
    <trkpt lat="-14.6270822" lon="132.6035628">
      <ele>178.764</ele>
    </trkpt>
    <trkpt lat="-14.6271768" lon="132.6037209">
      <ele>178.164</ele>
    </trkpt>
    <trkpt lat="-14.6288797" lon="132.6065666">
      <ele>183.64</ele>
    </trkpt>
    <trkpt lat="-14.6289743" lon="132.6067247">
      <ele>183.628</ele>
    </trkpt>
    <trkpt lat="-14.6311503" lon="132.610361">
      <ele>185.398</ele>
    </trkpt>
    <trkpt lat="-14.631718" lon="132.6113096">
      <ele>184.734</ele>
    </trkpt>
    <trkpt lat="-14.6318126" lon="132.6114677">
      <ele>185.562</ele>
    </trkpt>
    <trkpt lat="-14.6334208" lon="132.6141554">
      <ele>183.658</ele>
    </trkpt>
    <trkpt lat="-14.6335154" lon="132.6143135">
      <ele>184.311</ele>
    </trkpt>
    <trkpt lat="-14.6346507" lon="132.6162107">
      <ele>180.743</ele>
    </trkpt>
    <trkpt lat="-14.6347453" lon="132.6163688">
      <ele>181.089</ele>
    </trkpt>
    <trkpt lat="-14.6349345" lon="132.6166851">
      <ele>181.361</ele>
    </trkpt>
    <trkpt lat="-14.6350291" lon="132.6168432">
      <ele>180.16</ele>
    </trkpt>
    <trkpt lat="-14.6353129" lon="132.6173175">
      <ele>177.91</ele>
    </trkpt>
    <trkpt lat="-14.6357859" lon="132.618108">
      <ele>181.88</ele>
    </trkpt>
    <trkpt lat="-14.6368265" lon="132.6198472">
      <ele>182.342</ele>
    </trkpt>
    <trkpt lat="-14.6369211" lon="132.6200053">
      <ele>182.103</ele>
    </trkpt>
    <trkpt lat="-14.6378671" lon="132.6215864">
      <ele>185.033</ele>
    </trkpt>
    <trkpt lat="-14.6379617" lon="132.6217445">
      <ele>186.037</ele>
    </trkpt>
    <trkpt lat="-14.6380563" lon="132.6219026">
      <ele>186.847</ele>
    </trkpt>
    <trkpt lat="-14.6381442" lon="132.6220496">
      <ele>186.56</ele>
    </trkpt>
    <trkpt lat="-14.6386181" lon="132.6228408">
      <ele>184.779</ele>
    </trkpt>
    <trkpt lat="-14.6391573" lon="132.623734">
      <ele>185.966</ele>
    </trkpt>
    <trkpt lat="-14.6401522" lon="132.6253903">
      <ele>185.953</ele>
    </trkpt>
    <trkpt lat="-14.6408038" lon="132.6264782">
      <ele>185.894</ele>
    </trkpt>
    <trkpt lat="-14.6412762" lon="132.6272631">
      <ele>185.535</ele>
    </trkpt>
    <trkpt lat="-14.6417516" lon="132.6280528">
      <ele>184.332</ele>
    </trkpt>
    <trkpt lat="-14.6423271" lon="132.6290087">
      <ele>182.946</ele>
    </trkpt>
    <trkpt lat="-14.6424221" lon="132.6291666">
      <ele>182.72</ele>
    </trkpt>
    <trkpt lat="-14.6425596" lon="132.629395">
      <ele>183.215</ele>
    </trkpt>
    <trkpt lat="-14.6428907" lon="132.6299665">
      <ele>186.407</ele>
    </trkpt>
    <trkpt lat="-14.6431535" lon="132.6304406">
      <ele>185.854</ele>
    </trkpt>
    <trkpt lat="-14.6434163" lon="132.6308613">
      <ele>186.071</ele>
    </trkpt>
    <trkpt lat="-14.6442214" lon="132.6321687">
      <ele>192.159</ele>
    </trkpt>
    <trkpt lat="-14.6446131" lon="132.6328048">
      <ele>191.802</ele>
    </trkpt>
    <trkpt lat="-14.6448923" lon="132.63327">
      <ele>194.473</ele>
    </trkpt>
    <trkpt lat="-14.6449871" lon="132.6334279">
      <ele>193.948</ele>
    </trkpt>
    <trkpt lat="-14.6450819" lon="132.6335859">
      <ele>191.656</ele>
    </trkpt>
    <trkpt lat="-14.6451767" lon="132.6337439">
      <ele>190.38</ele>
    </trkpt>
    <trkpt lat="-14.6453452" lon="132.6340246">
      <ele>190.243</ele>
    </trkpt>
    <trkpt lat="-14.6463942" lon="132.6358072">
      <ele>190.981</ele>
    </trkpt>
    <trkpt lat="-14.6464877" lon="132.635966">
      <ele>189.859</ele>
    </trkpt>
    <trkpt lat="-14.6469887" lon="132.6368174">
      <ele>190.457</ele>
    </trkpt>
    <trkpt lat="-14.6475263" lon="132.6377091">
      <ele>190.484</ele>
    </trkpt>
    <trkpt lat="-14.6483693" lon="132.6391126">
      <ele>187.04</ele>
    </trkpt>
    <trkpt lat="-14.6489504" lon="132.640075">
      <ele>187.617</ele>
    </trkpt>
    <trkpt lat="-14.6489515" lon="132.6400769">
      <ele>187.612</ele>
    </trkpt>
    <trkpt lat="-14.6490439" lon="132.6402338">
      <ele>187.354</ele>
    </trkpt>
    <trkpt lat="-14.6495449" lon="132.6410843">
      <ele>187.112</ele>
    </trkpt>
    <trkpt lat="-14.6503134" lon="132.6423779">
      <ele>187.44</ele>
    </trkpt>
    <trkpt lat="-14.6508405" lon="132.6432649">
      <ele>190.013</ele>
    </trkpt>
    <trkpt lat="-14.6509225" lon="132.6434046">
      <ele>190.147</ele>
    </trkpt>
    <trkpt lat="-14.6511092" lon="132.6437225">
      <ele>190.585</ele>
    </trkpt>
    <trkpt lat="-14.6512025" lon="132.6438814">
      <ele>190.347</ele>
    </trkpt>
    <trkpt lat="-14.6512958" lon="132.6440404">
      <ele>190.119</ele>
    </trkpt>
    <trkpt lat="-14.6515862" lon="132.6445349">
      <ele>191.805</ele>
    </trkpt>
    <trkpt lat="-14.652764" lon="132.646505">
      <ele>195.979</ele>
    </trkpt>
    <trkpt lat="-14.6554394" lon="132.6509775">
      <ele>194.264</ele>
    </trkpt>
    <trkpt lat="-14.6559292" lon="132.6518091">
      <ele>194.806</ele>
    </trkpt>
    <trkpt lat="-14.656221" lon="132.6523266">
      <ele>195.771</ele>
    </trkpt>
    <trkpt lat="-14.6566683" lon="132.6532667">
      <ele>194.001</ele>
    </trkpt>
    <trkpt lat="-14.6569047" lon="132.6538513">
      <ele>194.008</ele>
    </trkpt>
    <trkpt lat="-14.6571063" lon="132.6544169">
      <ele>193.157</ele>
    </trkpt>
    <trkpt lat="-14.6573424" lon="132.6552207">
      <ele>192.589</ele>
    </trkpt>
    <trkpt lat="-14.6574926" lon="132.6558437">
      <ele>194.972</ele>
    </trkpt>
    <trkpt lat="-14.6575288" lon="132.655994">
      <ele>194.956</ele>
    </trkpt>
    <trkpt lat="-14.6575337" lon="132.6560246">
      <ele>194.962</ele>
    </trkpt>
    <trkpt lat="-14.6576322" lon="132.6566347">
      <ele>195.94</ele>
    </trkpt>
    <trkpt lat="-14.6577925" lon="132.6576274">
      <ele>193.594</ele>
    </trkpt>
    <trkpt lat="-14.6578257" lon="132.6584235">
      <ele>194.325</ele>
    </trkpt>
    <trkpt lat="-14.6578495" lon="132.6590877">
      <ele>196.557</ele>
    </trkpt>
    <trkpt lat="-14.6578342" lon="132.6595683">
      <ele>194.996</ele>
    </trkpt>
    <trkpt lat="-14.657818" lon="132.6600773">
      <ele>194.278</ele>
    </trkpt>
    <trkpt lat="-14.6577573" lon="132.6616006">
      <ele>194.112</ele>
    </trkpt>
    <trkpt lat="-14.6577508" lon="132.6621076">
      <ele>197.272</ele>
    </trkpt>
    <trkpt lat="-14.6577959" lon="132.6627634">
      <ele>196.873</ele>
    </trkpt>
    <trkpt lat="-14.6578504" lon="132.6632412">
      <ele>199.582</ele>
    </trkpt>
    <trkpt lat="-14.65796" lon="132.6638775">
      <ele>199.0</ele>
    </trkpt>
    <trkpt lat="-14.6580858" lon="132.6643666">
      <ele>196.53</ele>
    </trkpt>
    <trkpt lat="-14.658277" lon="132.6649387">
      <ele>195.824</ele>
    </trkpt>
    <trkpt lat="-14.6584583" lon="132.6653878">
      <ele>198.178</ele>
    </trkpt>
    <trkpt lat="-14.6585012" lon="132.6654983">
      <ele>198.48</ele>
    </trkpt>
    <trkpt lat="-14.6587154" lon="132.6659539">
      <ele>196.544</ele>
    </trkpt>
    <trkpt lat="-14.6589294" lon="132.6663305">
      <ele>194.21</ele>
    </trkpt>
    <trkpt lat="-14.6591503" lon="132.6666951">
      <ele>195.146</ele>
    </trkpt>
    <trkpt lat="-14.6592234" lon="132.6667946">
      <ele>196.236</ele>
    </trkpt>
    <trkpt lat="-14.6593336" lon="132.6669445">
      <ele>197.601</ele>
    </trkpt>
    <trkpt lat="-14.6595228" lon="132.6672146">
      <ele>197.02</ele>
    </trkpt>
    <trkpt lat="-14.6598724" lon="132.6676501">
      <ele>196.541</ele>
    </trkpt>
    <trkpt lat="-14.6601137" lon="132.6679134">
      <ele>196.721</ele>
    </trkpt>
    <trkpt lat="-14.6601419" lon="132.6679331">
      <ele>196.666</ele>
    </trkpt>
    <trkpt lat="-14.6603116" lon="132.6680922">
      <ele>195.736</ele>
    </trkpt>
    <trkpt lat="-14.6606169" lon="132.6683729">
      <ele>194.111</ele>
    </trkpt>
    <trkpt lat="-14.6608904" lon="132.668606">
      <ele>193.996</ele>
    </trkpt>
    <trkpt lat="-14.6612226" lon="132.6688655">
      <ele>194.916</ele>
    </trkpt>
    <trkpt lat="-14.6614669" lon="132.6690627">
      <ele>194.374</ele>
    </trkpt>
    <trkpt lat="-14.6616825" lon="132.6692043">
      <ele>193.992</ele>
    </trkpt>
    <trkpt lat="-14.6620507" lon="132.6694293">
      <ele>193.055</ele>
    </trkpt>
    <trkpt lat="-14.6622661" lon="132.6695204">
      <ele>192.841</ele>
    </trkpt>
    <trkpt lat="-14.6624765" lon="132.669617">
      <ele>192.726</ele>
    </trkpt>
    <trkpt lat="-14.6626991" lon="132.6697229">
      <ele>192.715</ele>
    </trkpt>
    <trkpt lat="-14.6631399" lon="132.6699088">
      <ele>192.836</ele>
    </trkpt>
    <trkpt lat="-14.6637378" lon="132.6701104">
      <ele>193.363</ele>
    </trkpt>
    <trkpt lat="-14.6642361" lon="132.6702433">
      <ele>192.031</ele>
    </trkpt>
    <trkpt lat="-14.6648195" lon="132.6703513">
      <ele>191.993</ele>
    </trkpt>
    <trkpt lat="-14.6651183" lon="132.6703884">
      <ele>192.373</ele>
    </trkpt>
    <trkpt lat="-14.6657114" lon="132.6704318">
      <ele>193.311</ele>
    </trkpt>
    <trkpt lat="-14.6662444" lon="132.6704332">
      <ele>191.52</ele>
    </trkpt>
    <trkpt lat="-14.6664387" lon="132.6704275">
      <ele>190.917</ele>
    </trkpt>
    <trkpt lat="-14.6667954" lon="132.6704181">
      <ele>190.276</ele>
    </trkpt>
    <trkpt lat="-14.6668029" lon="132.6704179">
      <ele>190.261</ele>
    </trkpt>
    <trkpt lat="-14.6676656" lon="132.6703813">
      <ele>191.595</ele>
    </trkpt>
    <trkpt lat="-14.668416" lon="132.6703586">
      <ele>190.087</ele>
    </trkpt>
    <trkpt lat="-14.6687531" lon="132.6703411">
      <ele>190.856</ele>
    </trkpt>
    <trkpt lat="-14.6695261" lon="132.6703297">
      <ele>190.132</ele>
    </trkpt>
    <trkpt lat="-14.6701782" lon="132.6703744">
      <ele>189.875</ele>
    </trkpt>
    <trkpt lat="-14.6708575" lon="132.6704805">
      <ele>190.643</ele>
    </trkpt>
    <trkpt lat="-14.6711022" lon="132.6705335">
      <ele>189.953</ele>
    </trkpt>
    <trkpt lat="-14.6712777" lon="132.6705741">
      <ele>189.507</ele>
    </trkpt>
    <trkpt lat="-14.6713311" lon="132.6705892">
      <ele>189.425</ele>
    </trkpt>
    <trkpt lat="-14.6714254" lon="132.6706158">
      <ele>189.405</ele>
    </trkpt>
    <trkpt lat="-14.6714515" lon="132.6706231">
      <ele>189.432</ele>
    </trkpt>
    <trkpt lat="-14.6720459" lon="132.6708081">
      <ele>189.519</ele>
    </trkpt>
    <trkpt lat="-14.672493" lon="132.6709903">
      <ele>190.554</ele>
    </trkpt>
    <trkpt lat="-14.6730609" lon="132.6712615">
      <ele>190.092</ele>
    </trkpt>
    <trkpt lat="-14.6735862" lon="132.6715717">
      <ele>191.37</ele>
    </trkpt>
    <trkpt lat="-14.6737424" lon="132.671664">
      <ele>191.005</ele>
    </trkpt>
    <trkpt lat="-14.6737719" lon="132.6716814">
      <ele>190.916</ele>
    </trkpt>
    <trkpt lat="-14.6741803" lon="132.6719895">
      <ele>190.838</ele>
    </trkpt>
    <trkpt lat="-14.6746141" lon="132.6723169">
      <ele>190.611</ele>
    </trkpt>
    <trkpt lat="-14.6753723" lon="132.6730629">
      <ele>190.965</ele>
    </trkpt>
    <trkpt lat="-14.6760168" lon="132.6738716">
      <ele>189.66</ele>
    </trkpt>
    <trkpt lat="-14.676165" lon="132.6741004">
      <ele>190.0</ele>
    </trkpt>
    <trkpt lat="-14.6765119" lon="132.6746769">
      <ele>190.072</ele>
    </trkpt>
    <trkpt lat="-14.6768141" lon="132.6752911">
      <ele>190.505</ele>
    </trkpt>
    <trkpt lat="-14.6770946" lon="132.676005">
      <ele>189.176</ele>
    </trkpt>
    <trkpt lat="-14.6774601" lon="132.6771892">
      <ele>191.127</ele>
    </trkpt>
    <trkpt lat="-14.6780482" lon="132.6790966">
      <ele>193.0</ele>
    </trkpt>
    <trkpt lat="-14.6780885" lon="132.6792237">
      <ele>192.881</ele>
    </trkpt>
    <trkpt lat="-14.6781051" lon="132.6792746">
      <ele>192.822</ele>
    </trkpt>
    <trkpt lat="-14.6781114" lon="132.679295">
      <ele>192.799</ele>
    </trkpt>
    <trkpt lat="-14.67858" lon="132.6808131">
      <ele>191.0</ele>
    </trkpt>
    <trkpt lat="-14.6792593" lon="132.6829911">
      <ele>187.256</ele>
    </trkpt>
    <trkpt lat="-14.6793124" lon="132.6831687">
      <ele>187.718</ele>
    </trkpt>
    <trkpt lat="-14.6793128" lon="132.68317">
      <ele>187.721</ele>
    </trkpt>
    <trkpt lat="-14.6793189" lon="132.6831904">
      <ele>187.767</ele>
    </trkpt>
    <trkpt lat="-14.6793658" lon="132.6833468">
      <ele>188.035</ele>
    </trkpt>
    <trkpt lat="-14.6800013" lon="132.6853935">
      <ele>188.415</ele>
    </trkpt>
    <trkpt lat="-14.6809018" lon="132.6882818">
      <ele>187.508</ele>
    </trkpt>
    <trkpt lat="-14.6816199" lon="132.6906048">
      <ele>187.654</ele>
    </trkpt>
    <trkpt lat="-14.6816203" lon="132.690606">
      <ele>187.651</ele>
    </trkpt>
    <trkpt lat="-14.6816268" lon="132.6906263">
      <ele>187.602</ele>
    </trkpt>
    <trkpt lat="-14.6817343" lon="132.690958">
      <ele>186.321</ele>
    </trkpt>
    <trkpt lat="-14.6822342" lon="132.6925728">
      <ele>187.556</ele>
    </trkpt>
    <trkpt lat="-14.6826383" lon="132.693878">
      <ele>188.039</ele>
    </trkpt>
    <trkpt lat="-14.6831005" lon="132.6954002">
      <ele>189.603</ele>
    </trkpt>
    <trkpt lat="-14.6842568" lon="132.6990963">
      <ele>186.758</ele>
    </trkpt>
    <trkpt lat="-14.6847874" lon="132.70088">
      <ele>191.402</ele>
    </trkpt>
    <trkpt lat="-14.684903" lon="132.7012336">
      <ele>189.908</ele>
    </trkpt>
    <trkpt lat="-14.6849633" lon="132.7014087">
      <ele>189.203</ele>
    </trkpt>
    <trkpt lat="-14.6849695" lon="132.7014288">
      <ele>189.253</ele>
    </trkpt>
    <trkpt lat="-14.685989" lon="132.7047174">
      <ele>191.025</ele>
    </trkpt>
    <trkpt lat="-14.686868" lon="132.7076112">
      <ele>193.909</ele>
    </trkpt>
    <trkpt lat="-14.6875876" lon="132.7099387">
      <ele>196.025</ele>
    </trkpt>
    <trkpt lat="-14.6877519" lon="132.7104701">
      <ele>197.065</ele>
    </trkpt>
    <trkpt lat="-14.6878067" lon="132.7106472">
      <ele>197.191</ele>
    </trkpt>
    <trkpt lat="-14.6881352" lon="132.7117099">
      <ele>197.36</ele>
    </trkpt>
    <trkpt lat="-14.6882463" lon="132.7120692">
      <ele>197.308</ele>
    </trkpt>
    <trkpt lat="-14.6885223" lon="132.7129484">
      <ele>196.902</ele>
    </trkpt>
    <trkpt lat="-14.6896532" lon="132.7166304">
      <ele>195.248</ele>
    </trkpt>
    <trkpt lat="-14.6897914" lon="132.7170874">
      <ele>194.0</ele>
    </trkpt>
    <trkpt lat="-14.6898451" lon="132.7172649">
      <ele>194.068</ele>
    </trkpt>
    <trkpt lat="-14.6898459" lon="132.7172676">
      <ele>194.073</ele>
    </trkpt>
    <trkpt lat="-14.6902069" lon="132.7184116">
      <ele>193.465</ele>
    </trkpt>
    <trkpt lat="-14.6905833" lon="132.7196069">
      <ele>192.789</ele>
    </trkpt>
    <trkpt lat="-14.6909888" lon="132.7208349">
      <ele>189.997</ele>
    </trkpt>
    <trkpt lat="-14.6912636" lon="132.721676">
      <ele>187.436</ele>
    </trkpt>
    <trkpt lat="-14.6913211" lon="132.7218521">
      <ele>187.081</ele>
    </trkpt>
    <trkpt lat="-14.6913787" lon="132.7220283">
      <ele>186.709</ele>
    </trkpt>
    <trkpt lat="-14.6914363" lon="132.7222045">
      <ele>185.893</ele>
    </trkpt>
    <trkpt lat="-14.6914412" lon="132.7222196">
      <ele>185.821</ele>
    </trkpt>
    <trkpt lat="-14.6914924" lon="132.7223811">
      <ele>185.986</ele>
    </trkpt>
    <trkpt lat="-14.6915483" lon="132.7225578">
      <ele>185.941</ele>
    </trkpt>
    <trkpt lat="-14.6918515" lon="132.7235154">
      <ele>186.655</ele>
    </trkpt>
    <trkpt lat="-14.6924234" lon="132.7252936">
      <ele>188.913</ele>
    </trkpt>
    <trkpt lat="-14.6929123" lon="132.7267918">
      <ele>192.0</ele>
    </trkpt>
    <trkpt lat="-14.6929575" lon="132.7269304">
      <ele>192.0</ele>
    </trkpt>
    <trkpt lat="-14.6929695" lon="132.7269682">
      <ele>191.974</ele>
    </trkpt>
    <trkpt lat="-14.6934756" lon="132.7285577">
      <ele>191.709</ele>
    </trkpt>
    <trkpt lat="-14.6935319" lon="132.7287344">
      <ele>192.191</ele>
    </trkpt>
    <trkpt lat="-14.6941043" lon="132.7306026">
      <ele>190.831</ele>
    </trkpt>
    <trkpt lat="-14.6946284" lon="132.7323467">
      <ele>183.917</ele>
    </trkpt>
    <trkpt lat="-14.6950984" lon="132.7339074">
      <ele>185.288</ele>
    </trkpt>
    <trkpt lat="-14.6951436" lon="132.734058">
      <ele>184.908</ele>
    </trkpt>
    <trkpt lat="-14.695558" lon="132.7354394">
      <ele>185.981</ele>
    </trkpt>
    <trkpt lat="-14.6960911" lon="132.7371677">
      <ele>183.196</ele>
    </trkpt>
    <trkpt lat="-14.6962918" lon="132.737778">
      <ele>182.35</ele>
    </trkpt>
    <trkpt lat="-14.6963497" lon="132.737954">
      <ele>182.686</ele>
    </trkpt>
    <trkpt lat="-14.6965952" lon="132.7387007">
      <ele>181.42</ele>
    </trkpt>
    <trkpt lat="-14.6969414" lon="132.7397596">
      <ele>182.001</ele>
    </trkpt>
    <trkpt lat="-14.6973698" lon="132.7410707">
      <ele>180.599</ele>
    </trkpt>
    <trkpt lat="-14.6974443" lon="132.7413009">
      <ele>180.662</ele>
    </trkpt>
    <trkpt lat="-14.6975014" lon="132.7414772">
      <ele>180.366</ele>
    </trkpt>
    <trkpt lat="-14.6977041" lon="132.7421034">
      <ele>178.265</ele>
    </trkpt>
    <trkpt lat="-14.6979685" lon="132.7429092">
      <ele>177.473</ele>
    </trkpt>
    <trkpt lat="-14.6982765" lon="132.7438614">
      <ele>178.921</ele>
    </trkpt>
    <trkpt lat="-14.698693" lon="132.745119">
      <ele>178.143</ele>
    </trkpt>
    <trkpt lat="-14.6992089" lon="132.7467059">
      <ele>176.718</ele>
    </trkpt>
    <trkpt lat="-14.6993958" lon="132.7472926">
      <ele>173.538</ele>
    </trkpt>
    <trkpt lat="-14.699452" lon="132.7474692">
      <ele>172.246</ele>
    </trkpt>
    <trkpt lat="-14.6994906" lon="132.7475903">
      <ele>171.841</ele>
    </trkpt>
    <trkpt lat="-14.699508" lon="132.7476459">
      <ele>171.704</ele>
    </trkpt>
    <trkpt lat="-14.699941" lon="132.7490269">
      <ele>175.396</ele>
    </trkpt>
    <trkpt lat="-14.7002384" lon="132.7500068">
      <ele>173.114</ele>
    </trkpt>
    <trkpt lat="-14.7004861" lon="132.7508366">
      <ele>174.0</ele>
    </trkpt>
    <trkpt lat="-14.7005391" lon="132.7510143">
      <ele>174.0</ele>
    </trkpt>
    <trkpt lat="-14.7005922" lon="132.751192">
      <ele>173.538</ele>
    </trkpt>
    <trkpt lat="-14.7006453" lon="132.7513696">
      <ele>172.446</ele>
    </trkpt>
    <trkpt lat="-14.7006736" lon="132.7514646">
      <ele>171.605</ele>
    </trkpt>
    <trkpt lat="-14.7011269" lon="132.7529674">
      <ele>170.057</ele>
    </trkpt>
    <trkpt lat="-14.7011776" lon="132.7531356">
      <ele>170.17</ele>
    </trkpt>
    <trkpt lat="-14.7016376" lon="132.7546726">
      <ele>171.179</ele>
    </trkpt>
    <trkpt lat="-14.7020794" lon="132.7561646">
      <ele>170.023</ele>
    </trkpt>
    <trkpt lat="-14.7025997" lon="132.7578879">
      <ele>169.142</ele>
    </trkpt>
    <trkpt lat="-14.7030412" lon="132.7593624">
      <ele>168.617</ele>
    </trkpt>
    <trkpt lat="-14.7030908" lon="132.7595282">
      <ele>169.216</ele>
    </trkpt>
    <trkpt lat="-14.7030945" lon="132.75954">
      <ele>169.232</ele>
    </trkpt>
    <trkpt lat="-14.7034154" lon="132.7605713">
      <ele>170.608</ele>
    </trkpt>
    <trkpt lat="-14.7036879" lon="132.7615141">
      <ele>169.875</ele>
    </trkpt>
    <trkpt lat="-14.7038262" lon="132.761962">
      <ele>169.0</ele>
    </trkpt>
    <trkpt lat="-14.7041589" lon="132.7630924">
      <ele>170.815</ele>
    </trkpt>
    <trkpt lat="-14.7042113" lon="132.7632703">
      <ele>170.263</ele>
    </trkpt>
    <trkpt lat="-14.7042637" lon="132.7634482">
      <ele>170.0</ele>
    </trkpt>
    <trkpt lat="-14.70428" lon="132.7635035">
      <ele>170.0</ele>
    </trkpt>
    <trkpt lat="-14.7046128" lon="132.764637">
      <ele>167.307</ele>
    </trkpt>
    <trkpt lat="-14.7049532" lon="132.7657459">
      <ele>170.087</ele>
    </trkpt>
    <trkpt lat="-14.7052774" lon="132.7667708">
      <ele>165.624</ele>
    </trkpt>
    <trkpt lat="-14.7056686" lon="132.7679722">
      <ele>165.878</ele>
    </trkpt>
    <trkpt lat="-14.706014" lon="132.7690509">
      <ele>167.65</ele>
    </trkpt>
    <trkpt lat="-14.7063704" lon="132.7701436">
      <ele>163.549</ele>
    </trkpt>
    <trkpt lat="-14.7066621" lon="132.7710496">
      <ele>166.205</ele>
    </trkpt>
    <trkpt lat="-14.706978" lon="132.771989">
      <ele>164.879</ele>
    </trkpt>
    <trkpt lat="-14.7071894" lon="132.7726823">
      <ele>165.041</ele>
    </trkpt>
    <trkpt lat="-14.7075275" lon="132.7737052">
      <ele>167.339</ele>
    </trkpt>
    <trkpt lat="-14.7079063" lon="132.7748788">
      <ele>165.511</ele>
    </trkpt>
    <trkpt lat="-14.7081397" lon="132.7755886">
      <ele>163.101</ele>
    </trkpt>
    <trkpt lat="-14.7084835" lon="132.7766602">
      <ele>161.931</ele>
    </trkpt>
    <trkpt lat="-14.7086542" lon="132.7772531">
      <ele>160.333</ele>
    </trkpt>
    <trkpt lat="-14.708698" lon="132.7774053">
      <ele>161.977</ele>
    </trkpt>
    <trkpt lat="-14.7088722" lon="132.7780763">
      <ele>164.06</ele>
    </trkpt>
    <trkpt lat="-14.7088906" lon="132.7781502">
      <ele>163.99</ele>
    </trkpt>
    <trkpt lat="-14.7090266" lon="132.7786962">
      <ele>163.846</ele>
    </trkpt>
    <trkpt lat="-14.709202" lon="132.7795124">
      <ele>163.65</ele>
    </trkpt>
    <trkpt lat="-14.7094832" lon="132.780759">
      <ele>162.268</ele>
    </trkpt>
    <trkpt lat="-14.7097405" lon="132.7818972">
      <ele>163.841</ele>
    </trkpt>
    <trkpt lat="-14.7100035" lon="132.7830865">
      <ele>162.123</ele>
    </trkpt>
    <trkpt lat="-14.7102749" lon="132.7843115">
      <ele>166.458</ele>
    </trkpt>
    <trkpt lat="-14.7103995" lon="132.7848512">
      <ele>165.381</ele>
    </trkpt>
    <trkpt lat="-14.7105455" lon="132.7854832">
      <ele>165.991</ele>
    </trkpt>
    <trkpt lat="-14.7107246" lon="132.7863004">
      <ele>164.0</ele>
    </trkpt>
    <trkpt lat="-14.7107993" lon="132.7866411">
      <ele>163.315</ele>
    </trkpt>
    <trkpt lat="-14.7110806" lon="132.787912">
      <ele>164.46</ele>
    </trkpt>
    <trkpt lat="-14.7113345" lon="132.7890134">
      <ele>163.912</ele>
    </trkpt>
    <trkpt lat="-14.7115872" lon="132.7901415">
      <ele>162.364</ele>
    </trkpt>
    <trkpt lat="-14.7118096" lon="132.7911871">
      <ele>163.244</ele>
    </trkpt>
    <trkpt lat="-14.7121041" lon="132.7924753">
      <ele>162.463</ele>
    </trkpt>
    <trkpt lat="-14.7123519" lon="132.7935598">
      <ele>161.153</ele>
    </trkpt>
    <trkpt lat="-14.7126354" lon="132.7948755">
      <ele>162.552</ele>
    </trkpt>
    <trkpt lat="-14.7128498" lon="132.7957834">
      <ele>159.787</ele>
    </trkpt>
    <trkpt lat="-14.7131223" lon="132.7970209">
      <ele>158.934</ele>
    </trkpt>
    <trkpt lat="-14.7132368" lon="132.7975333">
      <ele>158.772</ele>
    </trkpt>
    <trkpt lat="-14.7132773" lon="132.7977145">
      <ele>159.57</ele>
    </trkpt>
    <trkpt lat="-14.7133582" lon="132.7980769">
      <ele>161.159</ele>
    </trkpt>
    <trkpt lat="-14.7133614" lon="132.7980913">
      <ele>161.217</ele>
    </trkpt>
    <trkpt lat="-14.7133971" lon="132.7982585">
      <ele>161.792</ele>
    </trkpt>
    <trkpt lat="-14.7136392" lon="132.7993909">
      <ele>163.624</ele>
    </trkpt>
    <trkpt lat="-14.7139504" lon="132.800732">
      <ele>161.13</ele>
    </trkpt>
    <trkpt lat="-14.7142301" lon="132.8020217">
      <ele>160.772</ele>
    </trkpt>
    <trkpt lat="-14.7143996" lon="132.8027904">
      <ele>160.031</ele>
    </trkpt>
    <trkpt lat="-14.714402" lon="132.8028014">
      <ele>160.059</ele>
    </trkpt>
    <trkpt lat="-14.7145216" lon="132.8032542">
      <ele>160.761</ele>
    </trkpt>
    <trkpt lat="-14.7147656" lon="132.8040915">
      <ele>161.156</ele>
    </trkpt>
    <trkpt lat="-14.7148764" lon="132.8044415">
      <ele>162.544</ele>
    </trkpt>
    <trkpt lat="-14.7151174" lon="132.8050623">
      <ele>162.707</ele>
    </trkpt>
    <trkpt lat="-14.7153779" lon="132.8056046">
      <ele>163.24</ele>
    </trkpt>
    <trkpt lat="-14.7157888" lon="132.8064064">
      <ele>164.937</ele>
    </trkpt>
    <trkpt lat="-14.7158281" lon="132.8064831">
      <ele>164.661</ele>
    </trkpt>
    <trkpt lat="-14.7158712" lon="132.8065717">
      <ele>164.206</ele>
    </trkpt>
    <trkpt lat="-14.716326" lon="132.807508">
      <ele>162.531</ele>
    </trkpt>
    <trkpt lat="-14.716414" lon="132.8076791">
      <ele>162.504</ele>
    </trkpt>
    <trkpt lat="-14.7165123" lon="132.8078596">
      <ele>163.216</ele>
    </trkpt>
    <trkpt lat="-14.7166761" lon="132.8082057">
      <ele>163.966</ele>
    </trkpt>
    <trkpt lat="-14.7170189" lon="132.8088877">
      <ele>162.003</ele>
    </trkpt>
    <trkpt lat="-14.7174306" lon="132.8097081">
      <ele>159.051</ele>
    </trkpt>
    <trkpt lat="-14.7176839" lon="132.8102081">
      <ele>159.338</ele>
    </trkpt>
    <trkpt lat="-14.7177673" lon="132.8103728">
      <ele>158.696</ele>
    </trkpt>
    <trkpt lat="-14.7178237" lon="132.8104841">
      <ele>158.338</ele>
    </trkpt>
    <trkpt lat="-14.7183124" lon="132.8114592">
      <ele>159.056</ele>
    </trkpt>
    <trkpt lat="-14.7186388" lon="132.8121041">
      <ele>158.226</ele>
    </trkpt>
    <trkpt lat="-14.7189747" lon="132.8127119">
      <ele>156.836</ele>
    </trkpt>
    <trkpt lat="-14.7193855" lon="132.8135553">
      <ele>158.054</ele>
    </trkpt>
    <trkpt lat="-14.7196675" lon="132.8141158">
      <ele>157.853</ele>
    </trkpt>
    <trkpt lat="-14.7199723" lon="132.8147561">
      <ele>157.9</ele>
    </trkpt>
    <trkpt lat="-14.7202578" lon="132.8152943">
      <ele>156.869</ele>
    </trkpt>
    <trkpt lat="-14.7206313" lon="132.8160629">
      <ele>155.672</ele>
    </trkpt>
    <trkpt lat="-14.7212482" lon="132.8172924">
      <ele>156.003</ele>
    </trkpt>
    <trkpt lat="-14.7215253" lon="132.8178492">
      <ele>157.365</ele>
    </trkpt>
    <trkpt lat="-14.7220759" lon="132.8189579">
      <ele>155.356</ele>
    </trkpt>
    <trkpt lat="-14.7221602" lon="132.819119">
      <ele>155.133</ele>
    </trkpt>
    <trkpt lat="-14.7222458" lon="132.8192825">
      <ele>155.382</ele>
    </trkpt>
    <trkpt lat="-14.7223314" lon="132.819446">
      <ele>155.609</ele>
    </trkpt>
    <trkpt lat="-14.7224157" lon="132.8196069">
      <ele>155.711</ele>
    </trkpt>
    <trkpt lat="-14.7224171" lon="132.8196096">
      <ele>155.716</ele>
    </trkpt>
    <trkpt lat="-14.722505" lon="132.8197718">
      <ele>156.0</ele>
    </trkpt>
    <trkpt lat="-14.7226675" lon="132.8200716">
      <ele>155.64</ele>
    </trkpt>
    <trkpt lat="-14.722953" lon="132.8205637">
      <ele>156.66</ele>
    </trkpt>
    <trkpt lat="-14.7233337" lon="132.8211952">
      <ele>157.001</ele>
    </trkpt>
    <trkpt lat="-14.7239289" lon="132.8220959">
      <ele>160.48</ele>
    </trkpt>
    <trkpt lat="-14.7243771" lon="132.82273">
      <ele>157.699</ele>
    </trkpt>
    <trkpt lat="-14.7249891" lon="132.8235372">
      <ele>157.295</ele>
    </trkpt>
    <trkpt lat="-14.7252554" lon="132.8238934">
      <ele>157.032</ele>
    </trkpt>
    <trkpt lat="-14.7256172" lon="132.8243173">
      <ele>160.186</ele>
    </trkpt>
    <trkpt lat="-14.7257362" lon="132.8244567">
      <ele>161.06</ele>
    </trkpt>
    <trkpt lat="-14.7259168" lon="132.8246683">
      <ele>161.864</ele>
    </trkpt>
    <trkpt lat="-14.7266877" lon="132.8255285">
      <ele>162.924</ele>
    </trkpt>
    <trkpt lat="-14.7270076" lon="132.8258673">
      <ele>162.028</ele>
    </trkpt>
    <trkpt lat="-14.7275829" lon="132.8264341">
      <ele>166.0</ele>
    </trkpt>
    <trkpt lat="-14.7279178" lon="132.826753">
      <ele>165.028</ele>
    </trkpt>
    <trkpt lat="-14.7281434" lon="132.8269613">
      <ele>162.939</ele>
    </trkpt>
    <trkpt lat="-14.7290091" lon="132.8277249">
      <ele>166.082</ele>
    </trkpt>
    <trkpt lat="-14.7297199" lon="132.8282929">
      <ele>166.008</ele>
    </trkpt>
    <trkpt lat="-14.7303176" lon="132.8287288">
      <ele>164.0</ele>
    </trkpt>
    <trkpt lat="-14.7304646" lon="132.828836">
      <ele>164.0</ele>
    </trkpt>
    <trkpt lat="-14.7311307" lon="132.8293219">
      <ele>164.488</ele>
    </trkpt>
    <trkpt lat="-14.7322583" lon="132.8300457">
      <ele>163.021</ele>
    </trkpt>
    <trkpt lat="-14.7333836" lon="132.8307333">
      <ele>158.949</ele>
    </trkpt>
    <trkpt lat="-14.7344606" lon="132.8313699">
      <ele>160.133</ele>
    </trkpt>
    <trkpt lat="-14.734605" lon="132.8314551">
      <ele>159.899</ele>
    </trkpt>
    <trkpt lat="-14.7349175" lon="132.8316394">
      <ele>160.703</ele>
    </trkpt>
    <trkpt lat="-14.7350737" lon="132.8317316">
      <ele>161.265</ele>
    </trkpt>
    <trkpt lat="-14.73523" lon="132.8318237">
      <ele>161.828</ele>
    </trkpt>
    <trkpt lat="-14.7352377" lon="132.8318283">
      <ele>161.856</ele>
    </trkpt>
    <trkpt lat="-14.7355417" lon="132.8320093">
      <ele>161.272</ele>
    </trkpt>
    <trkpt lat="-14.7356976" lon="132.8321021">
      <ele>160.835</ele>
    </trkpt>
    <trkpt lat="-14.7361461" lon="132.8323689">
      <ele>159.462</ele>
    </trkpt>
    <trkpt lat="-14.7373412" lon="132.8330989">
      <ele>157.089</ele>
    </trkpt>
    <trkpt lat="-14.7378735" lon="132.8334124">
      <ele>156.411</ele>
    </trkpt>
    <trkpt lat="-14.7380298" lon="132.8335045">
      <ele>156.382</ele>
    </trkpt>
    <trkpt lat="-14.7381861" lon="132.8335965">
      <ele>157.365</ele>
    </trkpt>
    <trkpt lat="-14.7383424" lon="132.8336885">
      <ele>158.033</ele>
    </trkpt>
    <trkpt lat="-14.7385109" lon="132.8337878">
      <ele>158.639</ele>
    </trkpt>
    <trkpt lat="-14.7396542" lon="132.834468">
      <ele>159.16</ele>
    </trkpt>
    <trkpt lat="-14.7408011" lon="132.8351656">
      <ele>157.069</ele>
    </trkpt>
    <trkpt lat="-14.741144" lon="132.8353663">
      <ele>157.319</ele>
    </trkpt>
    <trkpt lat="-14.7413005" lon="132.8354579">
      <ele>157.648</ele>
    </trkpt>
    <trkpt lat="-14.7418673" lon="132.8357897">
      <ele>157.766</ele>
    </trkpt>
    <trkpt lat="-14.742083" lon="132.8359161">
      <ele>158.201</ele>
    </trkpt>
    <trkpt lat="-14.7423263" lon="132.8360587">
      <ele>158.422</ele>
    </trkpt>
    <trkpt lat="-14.7428865" lon="132.8364088">
      <ele>159.928</ele>
    </trkpt>
    <trkpt lat="-14.7434286" lon="132.8367302">
      <ele>158.0</ele>
    </trkpt>
    <trkpt lat="-14.7443333" lon="132.8372646">
      <ele>159.569</ele>
    </trkpt>
    <trkpt lat="-14.7448853" lon="132.8375925">
      <ele>161.507</ele>
    </trkpt>
    <trkpt lat="-14.7451766" lon="132.8377654">
      <ele>162.984</ele>
    </trkpt>
    <trkpt lat="-14.7451972" lon="132.8377778">
      <ele>163.0</ele>
    </trkpt>
    <trkpt lat="-14.7453527" lon="132.8378712">
      <ele>162.482</ele>
    </trkpt>
    <trkpt lat="-14.7460307" lon="132.8382786">
      <ele>159.105</ele>
    </trkpt>
    <trkpt lat="-14.7471282" lon="132.8389289">
      <ele>162.144</ele>
    </trkpt>
    <trkpt lat="-14.7481196" lon="132.8395231">
      <ele>161.165</ele>
    </trkpt>
    <trkpt lat="-14.7487726" lon="132.8399516">
      <ele>160.52</ele>
    </trkpt>
    <trkpt lat="-14.7492653" lon="132.8402942">
      <ele>157.941</ele>
    </trkpt>
    <trkpt lat="-14.7498893" lon="132.8407289">
      <ele>157.226</ele>
    </trkpt>
    <trkpt lat="-14.7500967" lon="132.8408934">
      <ele>157.0</ele>
    </trkpt>
    <trkpt lat="-14.7504013" lon="132.841135">
      <ele>157.445</ele>
    </trkpt>
    <trkpt lat="-14.7506709" lon="132.8413416">
      <ele>158.486</ele>
    </trkpt>
    <trkpt lat="-14.7511867" lon="132.8417367">
      <ele>160.476</ele>
    </trkpt>
    <trkpt lat="-14.7515256" lon="132.8420224">
      <ele>160.862</ele>
    </trkpt>
    <trkpt lat="-14.7516626" lon="132.8421378">
      <ele>160.314</ele>
    </trkpt>
    <trkpt lat="-14.751665" lon="132.8421399">
      <ele>160.301</ele>
    </trkpt>
    <trkpt lat="-14.752401" lon="132.8427806">
      <ele>160.01</ele>
    </trkpt>
    <trkpt lat="-14.7531286" lon="132.8434496">
      <ele>163.0</ele>
    </trkpt>
    <trkpt lat="-14.7536346" lon="132.8439553">
      <ele>160.761</ele>
    </trkpt>
    <trkpt lat="-14.7540803" lon="132.8444025">
      <ele>161.642</ele>
    </trkpt>
    <trkpt lat="-14.7544417" lon="132.8447845">
      <ele>161.778</ele>
    </trkpt>
    <trkpt lat="-14.7544622" lon="132.8448061">
      <ele>161.698</ele>
    </trkpt>
    <trkpt lat="-14.754565" lon="132.8449199">
      <ele>161.288</ele>
    </trkpt>
    <trkpt lat="-14.7546877" lon="132.8450559">
      <ele>160.799</ele>
    </trkpt>
    <trkpt lat="-14.754785" lon="132.8451637">
      <ele>160.544</ele>
    </trkpt>
    <trkpt lat="-14.75481" lon="132.8451923">
      <ele>160.526</ele>
    </trkpt>
    <trkpt lat="-14.7549302" lon="132.8453306">
      <ele>160.749</ele>
    </trkpt>
    <trkpt lat="-14.755153" lon="132.8455868">
      <ele>161.551</ele>
    </trkpt>
    <trkpt lat="-14.7552816" lon="132.8457287">
      <ele>162.005</ele>
    </trkpt>
    <trkpt lat="-14.7556542" lon="132.846174">
      <ele>162.372</ele>
    </trkpt>
    <trkpt lat="-14.7565206" lon="132.8472439">
      <ele>160.427</ele>
    </trkpt>
    <trkpt lat="-14.7574654" lon="132.8485702">
      <ele>158.272</ele>
    </trkpt>
    <trkpt lat="-14.7582536" lon="132.8497887">
      <ele>156.218</ele>
    </trkpt>
    <trkpt lat="-14.7589334" lon="132.8509412">
      <ele>155.84</ele>
    </trkpt>
    <trkpt lat="-14.7599325" lon="132.8528049">
      <ele>151.926</ele>
    </trkpt>
    <trkpt lat="-14.7600184" lon="132.8529642">
      <ele>151.44</ele>
    </trkpt>
    <trkpt lat="-14.760106" lon="132.8531266">
      <ele>151.824</ele>
    </trkpt>
    <trkpt lat="-14.7612449" lon="132.8552381">
      <ele>153.376</ele>
    </trkpt>
    <trkpt lat="-14.7627248" lon="132.8579798">
      <ele>151.411</ele>
    </trkpt>
    <trkpt lat="-14.7638928" lon="132.8601417">
      <ele>152.98</ele>
    </trkpt>
    <trkpt lat="-14.7642282" lon="132.860759">
      <ele>151.0</ele>
    </trkpt>
    <trkpt lat="-14.7644926" lon="132.8612455">
      <ele>151.657</ele>
    </trkpt>
    <trkpt lat="-14.7645807" lon="132.8614076">
      <ele>152.491</ele>
    </trkpt>
    <trkpt lat="-14.7646688" lon="132.8615698">
      <ele>152.808</ele>
    </trkpt>
    <trkpt lat="-14.7649368" lon="132.8620629">
      <ele>153.903</ele>
    </trkpt>
    <trkpt lat="-14.7657925" lon="132.8636539">
      <ele>154.729</ele>
    </trkpt>
    <trkpt lat="-14.7658543" lon="132.8637696">
      <ele>155.259</ele>
    </trkpt>
    <trkpt lat="-14.7662436" lon="132.8644951">
      <ele>156.39</ele>
    </trkpt>
    <trkpt lat="-14.7663309" lon="132.8646578">
      <ele>156.184</ele>
    </trkpt>
    <trkpt lat="-14.7664182" lon="132.8648204">
      <ele>155.752</ele>
    </trkpt>
    <trkpt lat="-14.7686874" lon="132.8690491">
      <ele>153.275</ele>
    </trkpt>
    <trkpt lat="-14.774506" lon="132.8798">
      <ele>151.72</ele>
    </trkpt>
    <trkpt lat="-14.775312" lon="132.881517">
      <ele>151.539</ele>
    </trkpt>
    <trkpt lat="-14.775654" lon="132.8823423">
      <ele>150.787</ele>
    </trkpt>
    <trkpt lat="-14.7758679" lon="132.8829844">
      <ele>152.783</ele>
    </trkpt>
    <trkpt lat="-14.7762674" lon="132.8843778">
      <ele>150.803</ele>
    </trkpt>
    <trkpt lat="-14.7764174" lon="132.8851101">
      <ele>151.501</ele>
    </trkpt>
    <trkpt lat="-14.7764298" lon="132.8851823">
      <ele>151.196</ele>
    </trkpt>
    <trkpt lat="-14.7765908" lon="132.8861183">
      <ele>149.727</ele>
    </trkpt>
    <trkpt lat="-14.7773529" lon="132.8928617">
      <ele>150.899</ele>
    </trkpt>
    <trkpt lat="-14.7776269" lon="132.8953364">
      <ele>149.64</ele>
    </trkpt>
    <trkpt lat="-14.7778724" lon="132.8975541">
      <ele>154.341</ele>
    </trkpt>
    <trkpt lat="-14.7778928" lon="132.8977389">
      <ele>154.414</ele>
    </trkpt>
    <trkpt lat="-14.7779246" lon="132.898026">
      <ele>153.635</ele>
    </trkpt>
    <trkpt lat="-14.7780192" lon="132.8986579">
      <ele>155.0</ele>
    </trkpt>
    <trkpt lat="-14.7780828" lon="132.8990258">
      <ele>154.457</ele>
    </trkpt>
    <trkpt lat="-14.7781163" lon="132.8992198">
      <ele>153.851</ele>
    </trkpt>
    <trkpt lat="-14.7782651" lon="132.8998911">
      <ele>154.213</ele>
    </trkpt>
    <trkpt lat="-14.7785773" lon="132.900987">
      <ele>155.0</ele>
    </trkpt>
    <trkpt lat="-14.7787089" lon="132.9013786">
      <ele>156.667</ele>
    </trkpt>
    <trkpt lat="-14.7789265" lon="132.9020143">
      <ele>158.387</ele>
    </trkpt>
    <trkpt lat="-14.7789444" lon="132.9020555">
      <ele>158.6</ele>
    </trkpt>
    <trkpt lat="-14.7791736" lon="132.9025826">
      <ele>159.735</ele>
    </trkpt>
    <trkpt lat="-14.779417" lon="132.9031395">
      <ele>160.5</ele>
    </trkpt>
    <trkpt lat="-14.7796403" lon="132.903566">
      <ele>159.867</ele>
    </trkpt>
    <trkpt lat="-14.7800279" lon="132.9043066">
      <ele>160.143</ele>
    </trkpt>
    <trkpt lat="-14.7802689" lon="132.9047249">
      <ele>158.968</ele>
    </trkpt>
    <trkpt lat="-14.7804581" lon="132.9050092">
      <ele>158.967</ele>
    </trkpt>
    <trkpt lat="-14.7808663" lon="132.9056225">
      <ele>157.878</ele>
    </trkpt>
    <trkpt lat="-14.7811613" lon="132.9060382">
      <ele>158.181</ele>
    </trkpt>
    <trkpt lat="-14.7813974" lon="132.9063573">
      <ele>157.227</ele>
    </trkpt>
    <trkpt lat="-14.7818461" lon="132.9069015">
      <ele>155.1</ele>
    </trkpt>
    <trkpt lat="-14.7822001" lon="132.9073058">
      <ele>153.056</ele>
    </trkpt>
    <trkpt lat="-14.7822368" lon="132.9073438">
      <ele>153.0</ele>
    </trkpt>
    <trkpt lat="-14.782618" lon="132.9077388">
      <ele>152.635</ele>
    </trkpt>
    <trkpt lat="-14.782745" lon="132.9078704">
      <ele>152.412</ele>
    </trkpt>
    <trkpt lat="-14.7828721" lon="132.9080021">
      <ele>152.873</ele>
    </trkpt>
    <trkpt lat="-14.7829454" lon="132.9080781">
      <ele>153.081</ele>
    </trkpt>
    <trkpt lat="-14.7831181" lon="132.9082396">
      <ele>153.589</ele>
    </trkpt>
    <trkpt lat="-14.7834066" lon="132.9084999">
      <ele>152.4</ele>
    </trkpt>
    <trkpt lat="-14.7835006" lon="132.9085847">
      <ele>152.095</ele>
    </trkpt>
    <trkpt lat="-14.7838606" lon="132.9088945">
      <ele>152.0</ele>
    </trkpt>
    <trkpt lat="-14.784117" lon="132.9091">
      <ele>152.821</ele>
    </trkpt>
    <trkpt lat="-14.7856935" lon="132.9103051">
      <ele>155.405</ele>
    </trkpt>
    <trkpt lat="-14.7858381" lon="132.9104157">
      <ele>154.503</ele>
    </trkpt>
    <trkpt lat="-14.7859827" lon="132.9105263">
      <ele>154.105</ele>
    </trkpt>
    <trkpt lat="-14.7865613" lon="132.9109686">
      <ele>154.621</ele>
    </trkpt>
    <trkpt lat="-14.7901773" lon="132.913733">
      <ele>160.155</ele>
    </trkpt>
    <trkpt lat="-14.7913344" lon="132.9146176">
      <ele>159.499</ele>
    </trkpt>
    <trkpt lat="-14.7914791" lon="132.9147282">
      <ele>159.664</ele>
    </trkpt>
    <trkpt lat="-14.791913" lon="132.9150599">
      <ele>161.911</ele>
    </trkpt>
    <trkpt lat="-14.7922023" lon="132.915281">
      <ele>162.917</ele>
    </trkpt>
    <trkpt lat="-14.7972646" lon="132.9191514">
      <ele>155.161</ele>
    </trkpt>
    <trkpt lat="-14.8054054" lon="132.9253759">
      <ele>152.0</ele>
    </trkpt>
    <trkpt lat="-14.8110461" lon="132.9296891">
      <ele>154.766</ele>
    </trkpt>
    <trkpt lat="-14.813265" lon="132.9313859">
      <ele>153.746</ele>
    </trkpt>
    <trkpt lat="-14.8136421" lon="132.93169">
      <ele>154.028</ele>
    </trkpt>
    <trkpt lat="-14.8137839" lon="132.9318044">
      <ele>154.126</ele>
    </trkpt>
    <trkpt lat="-14.8139258" lon="132.9319188">
      <ele>154.105</ele>
    </trkpt>
    <trkpt lat="-14.8140676" lon="132.9320332">
      <ele>153.567</ele>
    </trkpt>
    <trkpt lat="-14.8143513" lon="132.932262">
      <ele>152.952</ele>
    </trkpt>
    <trkpt lat="-14.815131" lon="132.9328909">
      <ele>153.872</ele>
    </trkpt>
    <trkpt lat="-14.816395" lon="132.934041">
      <ele>151.546</ele>
    </trkpt>
    <trkpt lat="-14.817434" lon="132.935086">
      <ele>149.764</ele>
    </trkpt>
    <trkpt lat="-14.8181776" lon="132.9359171">
      <ele>149.524</ele>
    </trkpt>
    <trkpt lat="-14.818709" lon="132.936511">
      <ele>149.363</ele>
    </trkpt>
    <trkpt lat="-14.8193192" lon="132.9372565">
      <ele>150.481</ele>
    </trkpt>
    <trkpt lat="-14.819364" lon="132.9373147">
      <ele>150.474</ele>
    </trkpt>
    <trkpt lat="-14.8194761" lon="132.9374602">
      <ele>150.127</ele>
    </trkpt>
    <trkpt lat="-14.8195882" lon="132.9376057">
      <ele>150.0</ele>
    </trkpt>
    <trkpt lat="-14.8197003" lon="132.9377513">
      <ele>150.0</ele>
    </trkpt>
    <trkpt lat="-14.820012" lon="132.938156">
      <ele>149.972</ele>
    </trkpt>
    <trkpt lat="-14.8201454" lon="132.9383359">
      <ele>150.0</ele>
    </trkpt>
    <trkpt lat="-14.8202549" lon="132.9384835">
      <ele>150.0</ele>
    </trkpt>
    <trkpt lat="-14.8204746" lon="132.9387797">
      <ele>149.393</ele>
    </trkpt>
    <trkpt lat="-14.821078" lon="132.9397129">
      <ele>148.847</ele>
    </trkpt>
    <trkpt lat="-14.8214745" lon="132.9403247">
      <ele>147.0</ele>
    </trkpt>
    <trkpt lat="-14.8218825" lon="132.9409543">
      <ele>147.342</ele>
    </trkpt>
    <trkpt lat="-14.8220939" lon="132.9413179">
      <ele>147.0</ele>
    </trkpt>
    <trkpt lat="-14.8227318" lon="132.9424939">
      <ele>147.856</ele>
    </trkpt>
    <trkpt lat="-14.822883" lon="132.9427825">
      <ele>147.372</ele>
    </trkpt>
    <trkpt lat="-14.8232321" lon="132.943483">
      <ele>145.364</ele>
    </trkpt>
    <trkpt lat="-14.8235678" lon="132.9442239">
      <ele>147.05</ele>
    </trkpt>
    <trkpt lat="-14.8237016" lon="132.9445192">
      <ele>148.144</ele>
    </trkpt>
    <trkpt lat="-14.8239965" lon="132.945235">
      <ele>147.273</ele>
    </trkpt>
    <trkpt lat="-14.8240699" lon="132.9454181">
      <ele>146.495</ele>
    </trkpt>
    <trkpt lat="-14.8243136" lon="132.9460258">
      <ele>147.693</ele>
    </trkpt>
    <trkpt lat="-14.8246319" lon="132.9469145">
      <ele>147.675</ele>
    </trkpt>
    <trkpt lat="-14.8251383" lon="132.948435">
      <ele>151.18</ele>
    </trkpt>
    <trkpt lat="-14.8253508" lon="132.9490926">
      <ele>152.348</ele>
    </trkpt>
    <trkpt lat="-14.8254078" lon="132.949269">
      <ele>151.891</ele>
    </trkpt>
    <trkpt lat="-14.8254648" lon="132.9494455">
      <ele>150.98</ele>
    </trkpt>
    <trkpt lat="-14.8258721" lon="132.9507057">
      <ele>150.465</ele>
    </trkpt>
    <trkpt lat="-14.826714" lon="132.9533273">
      <ele>146.025</ele>
    </trkpt>
    <trkpt lat="-14.8268906" lon="132.9538569">
      <ele>143.481</ele>
    </trkpt>
    <trkpt lat="-14.8270665" lon="132.9543846">
      <ele>144.466</ele>
    </trkpt>
    <trkpt lat="-14.8271251" lon="132.9545605">
      <ele>144.204</ele>
    </trkpt>
    <trkpt lat="-14.8271838" lon="132.9547364">
      <ele>144.0</ele>
    </trkpt>
    <trkpt lat="-14.8272425" lon="132.9549122">
      <ele>144.0</ele>
    </trkpt>
    <trkpt lat="-14.8272867" lon="132.9550449">
      <ele>143.838</ele>
    </trkpt>
    <trkpt lat="-14.8275904" lon="132.955969">
      <ele>143.0</ele>
    </trkpt>
    <trkpt lat="-14.8280794" lon="132.9574567">
      <ele>143.086</ele>
    </trkpt>
    <trkpt lat="-14.8282564" lon="132.957964">
      <ele>142.754</ele>
    </trkpt>
    <trkpt lat="-14.828458" lon="132.9585107">
      <ele>143.115</ele>
    </trkpt>
    <trkpt lat="-14.8287062" lon="132.9591387">
      <ele>144.443</ele>
    </trkpt>
    <trkpt lat="-14.828893" lon="132.9595634">
      <ele>145.428</ele>
    </trkpt>
    <trkpt lat="-14.8292124" lon="132.9603037">
      <ele>146.664</ele>
    </trkpt>
    <trkpt lat="-14.8293171" lon="132.9605462">
      <ele>145.049</ele>
    </trkpt>
    <trkpt lat="-14.8295411" lon="132.9610422">
      <ele>145.752</ele>
    </trkpt>
    <trkpt lat="-14.8299234" lon="132.9618423">
      <ele>143.469</ele>
    </trkpt>
    <trkpt lat="-14.8300239" lon="132.9620441">
      <ele>142.672</ele>
    </trkpt>
    <trkpt lat="-14.8301502" lon="132.9622807">
      <ele>142.33</ele>
    </trkpt>
    <trkpt lat="-14.8305596" lon="132.9630304">
      <ele>141.925</ele>
    </trkpt>
    <trkpt lat="-14.8307014" lon="132.963275">
      <ele>143.315</ele>
    </trkpt>
    <trkpt lat="-14.8307939" lon="132.9634346">
      <ele>143.91</ele>
    </trkpt>
    <trkpt lat="-14.8311195" lon="132.9639963">
      <ele>143.447</ele>
    </trkpt>
    <trkpt lat="-14.8312644" lon="132.9642273">
      <ele>145.104</ele>
    </trkpt>
    <trkpt lat="-14.8313623" lon="132.9643833">
      <ele>145.809</ele>
    </trkpt>
    <trkpt lat="-14.831662" lon="132.9648612">
      <ele>144.5</ele>
    </trkpt>
    <trkpt lat="-14.8323609" lon="132.9659308">
      <ele>147.5</ele>
    </trkpt>
    <trkpt lat="-14.8329316" lon="132.9667171">
      <ele>148.473</ele>
    </trkpt>
    <trkpt lat="-14.8329881" lon="132.966795">
      <ele>148.645</ele>
    </trkpt>
    <trkpt lat="-14.8331811" lon="132.9670556">
      <ele>149.452</ele>
    </trkpt>
    <trkpt lat="-14.8343167" lon="132.9684605">
      <ele>150.46</ele>
    </trkpt>
    <trkpt lat="-14.8345182" lon="132.9687135">
      <ele>150.369</ele>
    </trkpt>
    <trkpt lat="-14.834649" lon="132.9688623">
      <ele>150.904</ele>
    </trkpt>
    <trkpt lat="-14.8348255" lon="132.9690631">
      <ele>151.766</ele>
    </trkpt>
    <trkpt lat="-14.8356157" lon="132.9699073">
      <ele>151.55</ele>
    </trkpt>
    <trkpt lat="-14.8360664" lon="132.9703822">
      <ele>152.363</ele>
    </trkpt>
    <trkpt lat="-14.8361417" lon="132.9704616">
      <ele>152.303</ele>
    </trkpt>
    <trkpt lat="-14.8361939" lon="132.9705134">
      <ele>151.944</ele>
    </trkpt>
    <trkpt lat="-14.837134" lon="132.971446">
      <ele>148.682</ele>
    </trkpt>
    <trkpt lat="-14.838436" lon="132.972593">
      <ele>148.63</ele>
    </trkpt>
    <trkpt lat="-14.8384715" lon="132.9726217">
      <ele>148.503</ele>
    </trkpt>
    <trkpt lat="-14.8410237" lon="132.9746824">
      <ele>151.0</ele>
    </trkpt>
    <trkpt lat="-14.8411655" lon="132.9747969">
      <ele>150.462</ele>
    </trkpt>
    <trkpt lat="-14.8413073" lon="132.9749114">
      <ele>149.638</ele>
    </trkpt>
    <trkpt lat="-14.8414491" lon="132.9750259">
      <ele>149.0</ele>
    </trkpt>
    <trkpt lat="-14.8415909" lon="132.9751404">
      <ele>149.0</ele>
    </trkpt>
    <trkpt lat="-14.8420162" lon="132.9754838">
      <ele>150.258</ele>
    </trkpt>
    <trkpt lat="-14.852792" lon="132.9841852">
      <ele>142.115</ele>
    </trkpt>
    <trkpt lat="-14.8529338" lon="132.9842997">
      <ele>142.772</ele>
    </trkpt>
    <trkpt lat="-14.854777" lon="132.9857881">
      <ele>141.672</ele>
    </trkpt>
    <trkpt lat="-14.8549188" lon="132.9859026">
      <ele>141.469</ele>
    </trkpt>
    <trkpt lat="-14.8550606" lon="132.9860171">
      <ele>141.517</ele>
    </trkpt>
    <trkpt lat="-14.8588887" lon="132.9891087">
      <ele>142.791</ele>
    </trkpt>
    <trkpt lat="-14.859133" lon="132.989306">
      <ele>143.942</ele>
    </trkpt>
    <trkpt lat="-14.85917" lon="132.9893405">
      <ele>144.244</ele>
    </trkpt>
    <trkpt lat="-14.860155" lon="132.9902579">
      <ele>143.0</ele>
    </trkpt>
    <trkpt lat="-14.8612234" lon="132.9914233">
      <ele>141.0</ele>
    </trkpt>
    <trkpt lat="-14.861224" lon="132.991424">
      <ele>141.0</ele>
    </trkpt>
    <trkpt lat="-14.8614472" lon="132.9917146">
      <ele>140.865</ele>
    </trkpt>
    <trkpt lat="-14.8615591" lon="132.9918603">
      <ele>140.219</ele>
    </trkpt>
    <trkpt lat="-14.8616711" lon="132.992006">
      <ele>139.557</ele>
    </trkpt>
    <trkpt lat="-14.8617291" lon="132.9920815">
      <ele>139.013</ele>
    </trkpt>
    <trkpt lat="-14.8618658" lon="132.9922572">
      <ele>137.874</ele>
    </trkpt>
    <trkpt lat="-14.8620005" lon="132.9924358">
      <ele>137.231</ele>
    </trkpt>
    <trkpt lat="-14.8622776" lon="132.9928371">
      <ele>136.972</ele>
    </trkpt>
    <trkpt lat="-14.8624564" lon="132.9931022">
      <ele>136.623</ele>
    </trkpt>
    <trkpt lat="-14.8626391" lon="132.9933633">
      <ele>138.162</ele>
    </trkpt>
    <trkpt lat="-14.862972" lon="132.993897">
      <ele>139.31</ele>
    </trkpt>
    <trkpt lat="-14.8632429" lon="132.9943676">
      <ele>137.114</ele>
    </trkpt>
    <trkpt lat="-14.8638034" lon="132.995388">
      <ele>138.0</ele>
    </trkpt>
    <trkpt lat="-14.8656108" lon="132.9986637">
      <ele>136.839</ele>
    </trkpt>
    <trkpt lat="-14.8657" lon="132.9988253">
      <ele>136.881</ele>
    </trkpt>
    <trkpt lat="-14.8660567" lon="132.9994717">
      <ele>137.785</ele>
    </trkpt>
    <trkpt lat="-14.8668593" lon="133.0009262">
      <ele>136.334</ele>
    </trkpt>
    <trkpt lat="-14.8685512" lon="133.0039983">
      <ele>142.788</ele>
    </trkpt>
    <trkpt lat="-14.8687229" lon="133.0043099">
      <ele>143.289</ele>
    </trkpt>
    <trkpt lat="-14.8697089" lon="133.0061002">
      <ele>142.943</ele>
    </trkpt>
    <trkpt lat="-14.8697915" lon="133.0062501">
      <ele>142.624</ele>
    </trkpt>
    <trkpt lat="-14.869887" lon="133.0064235">
      <ele>142.0</ele>
    </trkpt>
    <trkpt lat="-14.8699696" lon="133.0065735">
      <ele>142.0</ele>
    </trkpt>
    <trkpt lat="-14.8699734" lon="133.0065804">
      <ele>142.0</ele>
    </trkpt>
    <trkpt lat="-14.8699761" lon="133.0065852">
      <ele>142.0</ele>
    </trkpt>
    <trkpt lat="-14.8713944" lon="133.0091605">
      <ele>142.998</ele>
    </trkpt>
    <trkpt lat="-14.8713982" lon="133.0091674">
      <ele>143.034</ele>
    </trkpt>
    <trkpt lat="-14.8714009" lon="133.0091722">
      <ele>143.043</ele>
    </trkpt>
    <trkpt lat="-14.8714834" lon="133.0093222">
      <ele>143.34</ele>
    </trkpt>
    <trkpt lat="-14.8719025" lon="133.0100833">
      <ele>144.0</ele>
    </trkpt>
    <trkpt lat="-14.8720832" lon="133.0104095">
      <ele>144.263</ele>
    </trkpt>
    <trkpt lat="-14.8725511" lon="133.0112647">
      <ele>143.188</ele>
    </trkpt>
    <trkpt lat="-14.8728343" lon="133.0117683">
      <ele>144.129</ele>
    </trkpt>
    <trkpt lat="-14.8731098" lon="133.0122686">
      <ele>145.195</ele>
    </trkpt>
    <trkpt lat="-14.8736247" lon="133.0131772">
      <ele>147.021</ele>
    </trkpt>
    <trkpt lat="-14.8737325" lon="133.0133505">
      <ele>147.375</ele>
    </trkpt>
    <trkpt lat="-14.8738989" lon="133.0136178">
      <ele>146.929</ele>
    </trkpt>
    <trkpt lat="-14.8742317" lon="133.0141256">
      <ele>143.261</ele>
    </trkpt>
    <trkpt lat="-14.874575" lon="133.014605">
      <ele>145.0</ele>
    </trkpt>
    <trkpt lat="-14.8746654" lon="133.0147181">
      <ele>145.0</ele>
    </trkpt>
    <trkpt lat="-14.8747883" lon="133.014872">
      <ele>145.11</ele>
    </trkpt>
    <trkpt lat="-14.8748953" lon="133.0150059">
      <ele>144.979</ele>
    </trkpt>
    <trkpt lat="-14.8748996" lon="133.015011">
      <ele>144.96</ele>
    </trkpt>
    <trkpt lat="-14.8750133" lon="133.0151447">
      <ele>144.479</ele>
    </trkpt>
    <trkpt lat="-14.8750219" lon="133.0151549">
      <ele>144.442</ele>
    </trkpt>
    <trkpt lat="-14.8751408" lon="133.0152946">
      <ele>143.97</ele>
    </trkpt>
    <trkpt lat="-14.8753659" lon="133.0155594">
      <ele>144.335</ele>
    </trkpt>
    <trkpt lat="-14.8759873" lon="133.0162321">
      <ele>146.816</ele>
    </trkpt>
    <trkpt lat="-14.8764873" lon="133.0167756">
      <ele>146.354</ele>
    </trkpt>
    <trkpt lat="-14.8771776" lon="133.0175259">
      <ele>144.067</ele>
    </trkpt>
    <trkpt lat="-14.8777876" lon="133.0181901">
      <ele>144.497</ele>
    </trkpt>
    <trkpt lat="-14.8783683" lon="133.018824">
      <ele>140.0</ele>
    </trkpt>
    <trkpt lat="-14.8790071" lon="133.019502">
      <ele>142.793</ele>
    </trkpt>
    <trkpt lat="-14.8796006" lon="133.0201326">
      <ele>140.915</ele>
    </trkpt>
    <trkpt lat="-14.8806045" lon="133.0211992">
      <ele>142.437</ele>
    </trkpt>
    <trkpt lat="-14.8806099" lon="133.0212049">
      <ele>142.467</ele>
    </trkpt>
    <trkpt lat="-14.8808255" lon="133.0214339">
      <ele>142.995</ele>
    </trkpt>
    <trkpt lat="-14.8823918" lon="133.0231222">
      <ele>141.056</ele>
    </trkpt>
    <trkpt lat="-14.8831889" lon="133.0239773">
      <ele>141.48</ele>
    </trkpt>
    <trkpt lat="-14.8832239" lon="133.024015">
      <ele>141.606</ele>
    </trkpt>
    <trkpt lat="-14.8832329" lon="133.0240247">
      <ele>141.638</ele>
    </trkpt>
    <trkpt lat="-14.8833484" lon="133.0241493">
      <ele>142.051</ele>
    </trkpt>
    <trkpt lat="-14.8833537" lon="133.024155">
      <ele>142.07</ele>
    </trkpt>
    <trkpt lat="-14.8833574" lon="133.0241591">
      <ele>142.084</ele>
    </trkpt>
    <trkpt lat="-14.8856388" lon="133.0266187">
      <ele>144.127</ele>
    </trkpt>
    <trkpt lat="-14.8868185" lon="133.0278894">
      <ele>143.271</ele>
    </trkpt>
    <trkpt lat="-14.8881259" lon="133.0292968">
      <ele>144.0</ele>
    </trkpt>
    <trkpt lat="-14.8898001" lon="133.0310985">
      <ele>145.313</ele>
    </trkpt>
    <trkpt lat="-14.8907091" lon="133.0320777">
      <ele>145.48</ele>
    </trkpt>
    <trkpt lat="-14.8909493" lon="133.0323364">
      <ele>146.411</ele>
    </trkpt>
    <trkpt lat="-14.8909546" lon="133.0323421">
      <ele>146.432</ele>
    </trkpt>
    <trkpt lat="-14.8909584" lon="133.0323461">
      <ele>146.446</ele>
    </trkpt>
    <trkpt lat="-14.8917106" lon="133.0331566">
      <ele>143.101</ele>
    </trkpt>
    <trkpt lat="-14.8923208" lon="133.033812">
      <ele>146.268</ele>
    </trkpt>
    <trkpt lat="-14.8934439" lon="133.0350183">
      <ele>144.27</ele>
    </trkpt>
    <trkpt lat="-14.8965636" lon="133.0383692">
      <ele>143.742</ele>
    </trkpt>
    <trkpt lat="-14.8966884" lon="133.0385033">
      <ele>142.776</ele>
    </trkpt>
    <trkpt lat="-14.8966974" lon="133.038513">
      <ele>142.706</ele>
    </trkpt>
    <trkpt lat="-14.8968222" lon="133.0386471">
      <ele>142.0</ele>
    </trkpt>
    <trkpt lat="-14.8969379" lon="133.0387714">
      <ele>142.0</ele>
    </trkpt>
    <trkpt lat="-14.897068" lon="133.0389112">
      <ele>142.036</ele>
    </trkpt>
    <trkpt lat="-14.8985578" lon="133.0405114">
      <ele>144.512</ele>
    </trkpt>
    <trkpt lat="-14.8999358" lon="133.0419916">
      <ele>145.869</ele>
    </trkpt>
    <trkpt lat="-14.9014271" lon="133.0436">
      <ele>147.857</ele>
    </trkpt>
    <trkpt lat="-14.9015516" lon="133.0437343">
      <ele>147.414</ele>
    </trkpt>
    <trkpt lat="-14.9015569" lon="133.04374">
      <ele>147.395</ele>
    </trkpt>
    <trkpt lat="-14.9017983" lon="133.0440004">
      <ele>147.401</ele>
    </trkpt>
    <trkpt lat="-14.9019229" lon="133.0441347">
      <ele>147.885</ele>
    </trkpt>
    <trkpt lat="-14.90325" lon="133.0455659">
      <ele>142.311</ele>
    </trkpt>
    <trkpt lat="-14.905048" lon="133.0474962">
      <ele>144.0</ele>
    </trkpt>
    <trkpt lat="-14.90529" lon="133.047756">
      <ele>144.881</ele>
    </trkpt>
    <trkpt lat="-14.9052923" lon="133.0477585">
      <ele>144.882</ele>
    </trkpt>
    <trkpt lat="-14.9087874" lon="133.0515108">
      <ele>136.074</ele>
    </trkpt>
    <trkpt lat="-14.9087927" lon="133.0515165">
      <ele>136.113</ele>
    </trkpt>
    <trkpt lat="-14.9089098" lon="133.0516423">
      <ele>136.988</ele>
    </trkpt>
    <trkpt lat="-14.9089122" lon="133.0516448">
      <ele>137.005</ele>
    </trkpt>
    <trkpt lat="-14.9096071" lon="133.0523909">
      <ele>134.807</ele>
    </trkpt>
    <trkpt lat="-14.9114062" lon="133.0543385">
      <ele>134.015</ele>
    </trkpt>
    <trkpt lat="-14.911898" lon="133.054871">
      <ele>134.87</ele>
    </trkpt>
    <trkpt lat="-14.9129573" lon="133.0560006">
      <ele>133.618</ele>
    </trkpt>
    <trkpt lat="-14.913867" lon="133.0569706">
      <ele>136.079</ele>
    </trkpt>
    <trkpt lat="-14.9144091" lon="133.05756">
      <ele>136.684</ele>
    </trkpt>
    <trkpt lat="-14.9154693" lon="133.0586962">
      <ele>137.207</ele>
    </trkpt>
    <trkpt lat="-14.9155803" lon="133.0588132">
      <ele>138.544</ele>
    </trkpt>
    <trkpt lat="-14.9163519" lon="133.0596381">
      <ele>137.604</ele>
    </trkpt>
    <trkpt lat="-14.91708" lon="133.0604196">
      <ele>138.228</ele>
    </trkpt>
    <trkpt lat="-14.9173932" lon="133.0607558">
      <ele>136.73</ele>
    </trkpt>
    <trkpt lat="-14.9176447" lon="133.0610257">
      <ele>135.468</ele>
    </trkpt>
    <trkpt lat="-14.9197428" lon="133.0632878">
      <ele>135.078</ele>
    </trkpt>
    <trkpt lat="-14.9199455" lon="133.0635074">
      <ele>134.7</ele>
    </trkpt>
    <trkpt lat="-14.9200087" lon="133.0635759">
      <ele>134.901</ele>
    </trkpt>
    <trkpt lat="-14.9200697" lon="133.063642">
      <ele>135.362</ele>
    </trkpt>
    <trkpt lat="-14.9204952" lon="133.0641031">
      <ele>137.179</ele>
    </trkpt>
    <trkpt lat="-14.9213083" lon="133.0649843">
      <ele>138.09</ele>
    </trkpt>
    <trkpt lat="-14.9216941" lon="133.065407">
      <ele>137.07</ele>
    </trkpt>
    <trkpt lat="-14.92179" lon="133.065511">
      <ele>136.321</ele>
    </trkpt>
    <trkpt lat="-14.9225665" lon="133.0663148">
      <ele>135.091</ele>
    </trkpt>
    <trkpt lat="-14.922938" lon="133.0666994">
      <ele>133.745</ele>
    </trkpt>
    <trkpt lat="-14.9235428" lon="133.0673603">
      <ele>135.379</ele>
    </trkpt>
    <trkpt lat="-14.9240922" lon="133.06793">
      <ele>136.72</ele>
    </trkpt>
    <trkpt lat="-14.9246968" lon="133.0685889">
      <ele>135.924</ele>
    </trkpt>
    <trkpt lat="-14.9250469" lon="133.0689687">
      <ele>137.592</ele>
    </trkpt>
    <trkpt lat="-14.9254843" lon="133.0694517">
      <ele>136.967</ele>
    </trkpt>
    <trkpt lat="-14.9258265" lon="133.0697955">
      <ele>135.73</ele>
    </trkpt>
    <trkpt lat="-14.926295" lon="133.0702079">
      <ele>134.008</ele>
    </trkpt>
    <trkpt lat="-14.9264655" lon="133.0703327">
      <ele>132.945</ele>
    </trkpt>
    <trkpt lat="-14.9271026" lon="133.0707563">
      <ele>135.307</ele>
    </trkpt>
    <trkpt lat="-14.9271754" lon="133.0708047">
      <ele>136.354</ele>
    </trkpt>
    <trkpt lat="-14.9275137" lon="133.0709908">
      <ele>138.588</ele>
    </trkpt>
    <trkpt lat="-14.927795" lon="133.0711267">
      <ele>139.055</ele>
    </trkpt>
    <trkpt lat="-14.9279811" lon="133.0712166">
      <ele>139.176</ele>
    </trkpt>
    <trkpt lat="-14.928238" lon="133.0713304">
      <ele>138.283</ele>
    </trkpt>
    <trkpt lat="-14.9285116" lon="133.0714297">
      <ele>137.906</ele>
    </trkpt>
    <trkpt lat="-14.9286707" lon="133.0714858">
      <ele>137.726</ele>
    </trkpt>
    <trkpt lat="-14.92901" lon="133.071602">
      <ele>137.767</ele>
    </trkpt>
    <trkpt lat="-14.9290906" lon="133.0716243">
      <ele>137.495</ele>
    </trkpt>
    <trkpt lat="-14.929394" lon="133.0717084">
      <ele>137.518</ele>
    </trkpt>
    <trkpt lat="-14.9296519" lon="133.0717636">
      <ele>137.563</ele>
    </trkpt>
    <trkpt lat="-14.93042" lon="133.0719009">
      <ele>135.944</ele>
    </trkpt>
    <trkpt lat="-14.9328368" lon="133.0720605">
      <ele>139.63</ele>
    </trkpt>
    <trkpt lat="-14.933815" lon="133.0721352">
      <ele>138.651</ele>
    </trkpt>
    <trkpt lat="-14.9354298" lon="133.0722524">
      <ele>140.024</ele>
    </trkpt>
    <trkpt lat="-14.9375367" lon="133.0724054">
      <ele>141.659</ele>
    </trkpt>
    <trkpt lat="-14.9382747" lon="133.0724606">
      <ele>140.254</ele>
    </trkpt>
    <trkpt lat="-14.938658" lon="133.0724909">
      <ele>140.229</ele>
    </trkpt>
    <trkpt lat="-14.9393972" lon="133.0725413">
      <ele>141.979</ele>
    </trkpt>
    <trkpt lat="-14.9401029" lon="133.0725891">
      <ele>143.0</ele>
    </trkpt>
    <trkpt lat="-14.94197" lon="133.0727187">
      <ele>147.029</ele>
    </trkpt>
    <trkpt lat="-14.943499" lon="133.0728249">
      <ele>144.674</ele>
    </trkpt>
    <trkpt lat="-14.944791" lon="133.0729549">
      <ele>142.61</ele>
    </trkpt>
    <trkpt lat="-14.9451206" lon="133.0730129">
      <ele>144.022</ele>
    </trkpt>
    <trkpt lat="-14.9460789" lon="133.0731814">
      <ele>145.484</ele>
    </trkpt>
    <trkpt lat="-14.9462562" lon="133.0732126">
      <ele>145.139</ele>
    </trkpt>
    <trkpt lat="-14.9463619" lon="133.0732311">
      <ele>144.797</ele>
    </trkpt>
    <trkpt lat="-14.9464335" lon="133.0732437">
      <ele>144.754</ele>
    </trkpt>
    <trkpt lat="-14.9466678" lon="133.0732849">
      <ele>145.182</ele>
    </trkpt>
    <trkpt lat="-14.9467166" lon="133.0732935">
      <ele>145.477</ele>
    </trkpt>
    <trkpt lat="-14.9545904" lon="133.074678">
      <ele>154.525</ele>
    </trkpt>
    <trkpt lat="-14.9546474" lon="133.074688">
      <ele>154.731</ele>
    </trkpt>
    <trkpt lat="-14.9546961" lon="133.0746966">
      <ele>154.906</ele>
    </trkpt>
    <trkpt lat="-14.9547677" lon="133.0747092">
      <ele>155.0</ele>
    </trkpt>
    <trkpt lat="-14.9585972" lon="133.0753826">
      <ele>154.767</ele>
    </trkpt>
    <trkpt lat="-14.9599173" lon="133.0756148">
      <ele>157.0</ele>
    </trkpt>
    <trkpt lat="-14.9612571" lon="133.0758504">
      <ele>156.522</ele>
    </trkpt>
    <trkpt lat="-14.96706" lon="133.0768709">
      <ele>159.735</ele>
    </trkpt>
    <trkpt lat="-14.9748622" lon="133.0782431">
      <ele>163.823</ele>
    </trkpt>
    <trkpt lat="-14.9755715" lon="133.0783678">
      <ele>163.53</ele>
    </trkpt>
    <trkpt lat="-14.9757489" lon="133.078399">
      <ele>165.468</ele>
    </trkpt>
    <trkpt lat="-14.9762808" lon="133.0784926">
      <ele>168.872</ele>
    </trkpt>
    <trkpt lat="-14.9764581" lon="133.0785238">
      <ele>168.987</ele>
    </trkpt>
    <trkpt lat="-14.9766354" lon="133.078555">
      <ele>168.135</ele>
    </trkpt>
    <trkpt lat="-14.97755" lon="133.0787159">
      <ele>167.752</ele>
    </trkpt>
    <trkpt lat="-14.9803038" lon="133.0791845">
      <ele>164.065</ele>
    </trkpt>
    <trkpt lat="-14.981851" lon="133.079446">
      <ele>160.005</ele>
    </trkpt>
    <trkpt lat="-14.9834102" lon="133.0797237">
      <ele>161.005</ele>
    </trkpt>
    <trkpt lat="-14.9849478" lon="133.0800008">
      <ele>160.806</ele>
    </trkpt>
    <trkpt lat="-14.986726" lon="133.0803169">
      <ele>155.957</ele>
    </trkpt>
    <trkpt lat="-14.9869301" lon="133.0803522">
      <ele>155.574</ele>
    </trkpt>
    <trkpt lat="-14.9897364" lon="133.0808374">
      <ele>152.95</ele>
    </trkpt>
    <trkpt lat="-14.9897686" lon="133.080843">
      <ele>152.839</ele>
    </trkpt>
    <trkpt lat="-14.9899138" lon="133.0808681">
      <ele>152.397</ele>
    </trkpt>
    <trkpt lat="-14.989946" lon="133.0808737">
      <ele>152.311</ele>
    </trkpt>
    <trkpt lat="-14.993313" lon="133.0814559">
      <ele>152.389</ele>
    </trkpt>
    <trkpt lat="-14.9948555" lon="133.0817288">
      <ele>150.884</ele>
    </trkpt>
    <trkpt lat="-14.9953092" lon="133.0818073">
      <ele>150.0</ele>
    </trkpt>
    <trkpt lat="-14.995636" lon="133.0818638">
      <ele>149.794</ele>
    </trkpt>
    <trkpt lat="-14.9965506" lon="133.0820246">
      <ele>148.25</ele>
    </trkpt>
    <trkpt lat="-14.996728" lon="133.0820558">
      <ele>147.335</ele>
    </trkpt>
    <trkpt lat="-15.0000971" lon="133.082648">
      <ele>145.347</ele>
    </trkpt>
    <trkpt lat="-15.0002745" lon="133.0826792">
      <ele>145.008</ele>
    </trkpt>
    <trkpt lat="-15.0011021" lon="133.0828247">
      <ele>142.89</ele>
    </trkpt>
    <trkpt lat="-15.0039305" lon="133.0833323">
      <ele>144.997</ele>
    </trkpt>
    <trkpt lat="-15.0061252" lon="133.0837137">
      <ele>144.567</ele>
    </trkpt>
    <trkpt lat="-15.0063026" lon="133.0837445">
      <ele>143.803</ele>
    </trkpt>
    <trkpt lat="-15.00648" lon="133.0837753">
      <ele>143.591</ele>
    </trkpt>
    <trkpt lat="-15.007367" lon="133.0839294">
      <ele>146.813</ele>
    </trkpt>
    <trkpt lat="-15.0075443" lon="133.0839602">
      <ele>147.513</ele>
    </trkpt>
    <trkpt lat="-15.0076106" lon="133.0839717">
      <ele>147.596</ele>
    </trkpt>
    <trkpt lat="-15.0082124" lon="133.0840764">
      <ele>147.294</ele>
    </trkpt>
    <trkpt lat="-15.0089634" lon="133.0842068">
      <ele>148.536</ele>
    </trkpt>
    <trkpt lat="-15.0091408" lon="133.0842376">
      <ele>149.814</ele>
    </trkpt>
    <trkpt lat="-15.0097022" lon="133.0843351">
      <ele>151.197</ele>
    </trkpt>
    <trkpt lat="-15.0116634" lon="133.0846791">
      <ele>156.69</ele>
    </trkpt>
    <trkpt lat="-15.0130422" lon="133.084922">
      <ele>158.171</ele>
    </trkpt>
    <trkpt lat="-15.0132195" lon="133.0849532">
      <ele>158.759</ele>
    </trkpt>
    <trkpt lat="-15.0133968" lon="133.0849845">
      <ele>159.272</ele>
    </trkpt>
    <trkpt lat="-15.0142834" lon="133.0851407">
      <ele>161.194</ele>
    </trkpt>
    <trkpt lat="-15.0144607" lon="133.0851719">
      <ele>161.157</ele>
    </trkpt>
    <trkpt lat="-15.014638" lon="133.0852032">
      <ele>161.128</ele>
    </trkpt>
    <trkpt lat="-15.0151699" lon="133.0852969">
      <ele>161.931</ele>
    </trkpt>
    <trkpt lat="-15.0153524" lon="133.0853291">
      <ele>161.815</ele>
    </trkpt>
    <trkpt lat="-15.0164142" lon="133.085496">
      <ele>158.98</ele>
    </trkpt>
    <trkpt lat="-15.016592" lon="133.0855239">
      <ele>158.917</ele>
    </trkpt>
    <trkpt lat="-15.0166439" lon="133.085532">
      <ele>158.922</ele>
    </trkpt>
    <trkpt lat="-15.0167704" lon="133.0855481">
      <ele>158.973</ele>
    </trkpt>
    <trkpt lat="-15.0182171" lon="133.0857325">
      <ele>156.152</ele>
    </trkpt>
    <trkpt lat="-15.01953" lon="133.0858526">
      <ele>157.239</ele>
    </trkpt>
    <trkpt lat="-15.0198115" lon="133.0858702">
      <ele>158.231</ele>
    </trkpt>
    <trkpt lat="-15.0207092" lon="133.0859263">
      <ele>157.0</ele>
    </trkpt>
    <trkpt lat="-15.0208887" lon="133.0859375">
      <ele>157.05</ele>
    </trkpt>
    <trkpt lat="-15.0212074" lon="133.0859575">
      <ele>157.106</ele>
    </trkpt>
    <trkpt lat="-15.0216075" lon="133.0859675">
      <ele>157.007</ele>
    </trkpt>
    <trkpt lat="-15.0217873" lon="133.085972">
      <ele>157.0</ele>
    </trkpt>
    <trkpt lat="-15.0219671" lon="133.0859765">
      <ele>157.0</ele>
    </trkpt>
    <trkpt lat="-15.0221469" lon="133.085981">
      <ele>157.0</ele>
    </trkpt>
    <trkpt lat="-15.0230843" lon="133.0860044">
      <ele>161.241</ele>
    </trkpt>
    <trkpt lat="-15.024723" lon="133.0859827">
      <ele>160.002</ele>
    </trkpt>
    <trkpt lat="-15.0262817" lon="133.0859081">
      <ele>161.551</ele>
    </trkpt>
    <trkpt lat="-15.0263334" lon="133.0859056">
      <ele>161.408</ele>
    </trkpt>
    <trkpt lat="-15.0271796" lon="133.0858402">
      <ele>159.199</ele>
    </trkpt>
    <trkpt lat="-15.0276072" lon="133.085809">
      <ele>160.352</ele>
    </trkpt>
    <trkpt lat="-15.0285477" lon="133.0857087">
      <ele>161.103</ele>
    </trkpt>
    <trkpt lat="-15.0289366" lon="133.0856664">
      <ele>161.0</ele>
    </trkpt>
    <trkpt lat="-15.0290721" lon="133.0856532">
      <ele>161.0</ele>
    </trkpt>
    <trkpt lat="-15.0294682" lon="133.0856003">
      <ele>159.767</ele>
    </trkpt>
    <trkpt lat="-15.030041" lon="133.0855272">
      <ele>159.178</ele>
    </trkpt>
    <trkpt lat="-15.030397" lon="133.085479">
      <ele>160.449</ele>
    </trkpt>
    <trkpt lat="-15.0317868" lon="133.085233">
      <ele>160.132</ele>
    </trkpt>
    <trkpt lat="-15.0319525" lon="133.0852054">
      <ele>160.233</ele>
    </trkpt>
    <trkpt lat="-15.0335496" lon="133.084887">
      <ele>159.317</ele>
    </trkpt>
    <trkpt lat="-15.0335539" lon="133.084886">
      <ele>159.326</ele>
    </trkpt>
    <trkpt lat="-15.0347811" lon="133.0845948">
      <ele>160.427</ele>
    </trkpt>
    <trkpt lat="-15.0351252" lon="133.0845131">
      <ele>159.21</ele>
    </trkpt>
    <trkpt lat="-15.0356542" lon="133.084372">
      <ele>159.618</ele>
    </trkpt>
    <trkpt lat="-15.0358284" lon="133.0843255">
      <ele>160.544</ele>
    </trkpt>
    <trkpt lat="-15.0362951" lon="133.0842011">
      <ele>161.206</ele>
    </trkpt>
    <trkpt lat="-15.0368683" lon="133.0840273">
      <ele>161.362</ele>
    </trkpt>
    <trkpt lat="-15.037631" lon="133.083796">
      <ele>163.137</ele>
    </trkpt>
    <trkpt lat="-15.0390593" lon="133.0833192">
      <ele>163.633</ele>
    </trkpt>
    <trkpt lat="-15.040741" lon="133.082706">
      <ele>165.668</ele>
    </trkpt>
    <trkpt lat="-15.0409626" lon="133.082615">
      <ele>166.465</ele>
    </trkpt>
    <trkpt lat="-15.0411298" lon="133.0825464">
      <ele>166.944</ele>
    </trkpt>
    <trkpt lat="-15.041297" lon="133.0824778">
      <ele>166.197</ele>
    </trkpt>
    <trkpt lat="-15.0416314" lon="133.0823406">
      <ele>163.106</ele>
    </trkpt>
    <trkpt lat="-15.0417987" lon="133.082272">
      <ele>162.749</ele>
    </trkpt>
    <trkpt lat="-15.0419659" lon="133.0822033">
      <ele>163.212</ele>
    </trkpt>
    <trkpt lat="-15.0421331" lon="133.0821347">
      <ele>164.245</ele>
    </trkpt>
    <trkpt lat="-15.042186" lon="133.082113">
      <ele>164.449</ele>
    </trkpt>
    <trkpt lat="-15.043701" lon="133.081426">
      <ele>167.409</ele>
    </trkpt>
    <trkpt lat="-15.045243" lon="133.080664">
      <ele>165.342</ele>
    </trkpt>
    <trkpt lat="-15.0465118" lon="133.0799656">
      <ele>168.055</ele>
    </trkpt>
    <trkpt lat="-15.0466706" lon="133.0798781">
      <ele>168.441</ele>
    </trkpt>
    <trkpt lat="-15.0468294" lon="133.0797907">
      <ele>168.456</ele>
    </trkpt>
    <trkpt lat="-15.047147" lon="133.0796158">
      <ele>167.617</ele>
    </trkpt>
    <trkpt lat="-15.0473058" lon="133.0795284">
      <ele>166.91</ele>
    </trkpt>
    <trkpt lat="-15.050874" lon="133.077564">
      <ele>165.887</ele>
    </trkpt>
    <trkpt lat="-15.051448" lon="133.0772818">
      <ele>165.213</ele>
    </trkpt>
    <trkpt lat="-15.0516104" lon="133.077202">
      <ele>165.87</ele>
    </trkpt>
    <trkpt lat="-15.0524229" lon="133.0768026">
      <ele>167.0</ele>
    </trkpt>
    <trkpt lat="-15.052658" lon="133.076687">
      <ele>167.61</ele>
    </trkpt>
    <trkpt lat="-15.054477" lon="133.075906">
      <ele>166.465</ele>
    </trkpt>
    <trkpt lat="-15.056053" lon="133.075283">
      <ele>170.81</ele>
    </trkpt>
    <trkpt lat="-15.05738" lon="133.074812">
      <ele>170.677</ele>
    </trkpt>
    <trkpt lat="-15.059405" lon="133.0741779">
      <ele>168.142</ele>
    </trkpt>
    <trkpt lat="-15.060539" lon="133.0738765">
      <ele>169.104</ele>
    </trkpt>
    <trkpt lat="-15.061297" lon="133.073675">
      <ele>166.23</ele>
    </trkpt>
    <trkpt lat="-15.0613634" lon="133.0736601">
      <ele>166.176</ele>
    </trkpt>
    <trkpt lat="-15.0615392" lon="133.0736207">
      <ele>166.576</ele>
    </trkpt>
    <trkpt lat="-15.061715" lon="133.0735813">
      <ele>166.952</ele>
    </trkpt>
    <trkpt lat="-15.0620666" lon="133.0735025">
      <ele>166.17</ele>
    </trkpt>
    <trkpt lat="-15.0626108" lon="133.0733806">
      <ele>164.27</ele>
    </trkpt>
    <trkpt lat="-15.063235" lon="133.0732478">
      <ele>160.801</ele>
    </trkpt>
    <trkpt lat="-15.0641142" lon="133.0730765">
      <ele>161.872</ele>
    </trkpt>
    <trkpt lat="-15.0647654" lon="133.0729583">
      <ele>161.65</ele>
    </trkpt>
    <trkpt lat="-15.064981" lon="133.072925">
      <ele>161.53</ele>
    </trkpt>
    <trkpt lat="-15.0667065" lon="133.0726777">
      <ele>155.515</ele>
    </trkpt>
    <trkpt lat="-15.0674517" lon="133.072588">
      <ele>155.634</ele>
    </trkpt>
    <trkpt lat="-15.067741" lon="133.0725601">
      <ele>155.925</ele>
    </trkpt>
    <trkpt lat="-15.0684626" lon="133.0724907">
      <ele>154.1</ele>
    </trkpt>
    <trkpt lat="-15.068637" lon="133.0724739">
      <ele>154.282</ele>
    </trkpt>
    <trkpt lat="-15.0686417" lon="133.0724736">
      <ele>154.285</ele>
    </trkpt>
    <trkpt lat="-15.0688159" lon="133.0724609">
      <ele>154.422</ele>
    </trkpt>
    <trkpt lat="-15.0690005" lon="133.0724474">
      <ele>153.688</ele>
    </trkpt>
    <trkpt lat="-15.0697963" lon="133.0723895">
      <ele>154.175</ele>
    </trkpt>
    <trkpt lat="-15.0704312" lon="133.0723508">
      <ele>152.793</ele>
    </trkpt>
    <trkpt lat="-15.0704559" lon="133.0723493">
      <ele>152.836</ele>
    </trkpt>
    <trkpt lat="-15.0706109" lon="133.0723455">
      <ele>153.199</ele>
    </trkpt>
    <trkpt lat="-15.0707908" lon="133.0723411">
      <ele>153.847</ele>
    </trkpt>
    <trkpt lat="-15.0717081" lon="133.0723186">
      <ele>153.0</ele>
    </trkpt>
    <trkpt lat="-15.072449" lon="133.0723029">
      <ele>152.87</ele>
    </trkpt>
    <trkpt lat="-15.0736739" lon="133.0723147">
      <ele>148.333</ele>
    </trkpt>
    <trkpt lat="-15.0743518" lon="133.0723322">
      <ele>148.0</ele>
    </trkpt>
    <trkpt lat="-15.0751284" lon="133.0723674">
      <ele>148.749</ele>
    </trkpt>
    <trkpt lat="-15.076465" lon="133.0724529">
      <ele>149.671</ele>
    </trkpt>
    <trkpt lat="-15.0770791" lon="133.0725145">
      <ele>150.922</ele>
    </trkpt>
    <trkpt lat="-15.0770843" lon="133.072515">
      <ele>150.919</ele>
    </trkpt>
    <trkpt lat="-15.0772633" lon="133.072533">
      <ele>150.65</ele>
    </trkpt>
    <trkpt lat="-15.0776162" lon="133.0725684">
      <ele>149.163</ele>
    </trkpt>
    <trkpt lat="-15.0777953" lon="133.0725864">
      <ele>147.874</ele>
    </trkpt>
    <trkpt lat="-15.0779742" lon="133.0726043">
      <ele>146.586</ele>
    </trkpt>
    <trkpt lat="-15.078121" lon="133.072619">
      <ele>145.731</ele>
    </trkpt>
    <trkpt lat="-15.0783367" lon="133.0726481">
      <ele>145.072</ele>
    </trkpt>
    <trkpt lat="-15.0786934" lon="133.0726962">
      <ele>146.003</ele>
    </trkpt>
    <trkpt lat="-15.079946" lon="133.072865">
      <ele>148.372</ele>
    </trkpt>
    <trkpt lat="-15.08161" lon="133.073156">
      <ele>149.435</ele>
    </trkpt>
    <trkpt lat="-15.0829536" lon="133.0734368">
      <ele>147.633</ele>
    </trkpt>
    <trkpt lat="-15.083419" lon="133.0735379">
      <ele>149.491</ele>
    </trkpt>
    <trkpt lat="-15.084826" lon="133.0738919">
      <ele>152.367</ele>
    </trkpt>
    <trkpt lat="-15.0858717" lon="133.0741774">
      <ele>150.829</ele>
    </trkpt>
    <trkpt lat="-15.0860859" lon="133.0742411">
      <ele>150.066</ele>
    </trkpt>
    <trkpt lat="-15.0860909" lon="133.0742426">
      <ele>150.053</ele>
    </trkpt>
    <trkpt lat="-15.0862587" lon="133.0742925">
      <ele>150.0</ele>
    </trkpt>
    <trkpt lat="-15.0862637" lon="133.074294">
      <ele>150.0</ele>
    </trkpt>
    <trkpt lat="-15.0864316" lon="133.0743439">
      <ele>150.098</ele>
    </trkpt>
    <trkpt lat="-15.0864366" lon="133.0743454">
      <ele>150.111</ele>
    </trkpt>
    <trkpt lat="-15.086455" lon="133.0743509">
      <ele>150.158</ele>
    </trkpt>
    <trkpt lat="-15.0866036" lon="133.0743985">
      <ele>150.645</ele>
    </trkpt>
    <trkpt lat="-15.0866085" lon="133.0744001">
      <ele>150.664</ele>
    </trkpt>
    <trkpt lat="-15.088223" lon="133.0749179">
      <ele>146.515</ele>
    </trkpt>
    <trkpt lat="-15.0896937" lon="133.0753693">
      <ele>146.069</ele>
    </trkpt>
    <trkpt lat="-15.0907437" lon="133.0756627">
      <ele>142.77</ele>
    </trkpt>
    <trkpt lat="-15.0907487" lon="133.0756641">
      <ele>142.728</ele>
    </trkpt>
    <trkpt lat="-15.0909224" lon="133.0757126">
      <ele>142.181</ele>
    </trkpt>
    <trkpt lat="-15.090974" lon="133.075727">
      <ele>142.313</ele>
    </trkpt>
    <trkpt lat="-15.0910926" lon="133.0757531">
      <ele>142.664</ele>
    </trkpt>
    <trkpt lat="-15.0910976" lon="133.0757542">
      <ele>142.68</ele>
    </trkpt>
    <trkpt lat="-15.0912736" lon="133.075793">
      <ele>143.525</ele>
    </trkpt>
    <trkpt lat="-15.0916203" lon="133.0758693">
      <ele>144.129</ele>
    </trkpt>
    <trkpt lat="-15.092858" lon="133.0761419">
      <ele>142.143</ele>
    </trkpt>
    <trkpt lat="-15.093207" lon="133.0761997">
      <ele>142.638</ele>
    </trkpt>
    <trkpt lat="-15.0935623" lon="133.0762585">
      <ele>141.8</ele>
    </trkpt>
    <trkpt lat="-15.094362" lon="133.0763909">
      <ele>141.114</ele>
    </trkpt>
    <trkpt lat="-15.0953432" lon="133.0765171">
      <ele>143.579</ele>
    </trkpt>
    <trkpt lat="-15.095793" lon="133.0765749">
      <ele>140.67</ele>
    </trkpt>
    <trkpt lat="-15.0971564" lon="133.0766993">
      <ele>139.765</ele>
    </trkpt>
    <trkpt lat="-15.0983821" lon="133.0767592">
      <ele>140.59</ele>
    </trkpt>
    <trkpt lat="-15.098984" lon="133.076774">
      <ele>137.668</ele>
    </trkpt>
    <trkpt lat="-15.1003158" lon="133.0767646">
      <ele>142.511</ele>
    </trkpt>
    <trkpt lat="-15.100762" lon="133.076753">
      <ele>140.946</ele>
    </trkpt>
    <trkpt lat="-15.1014526" lon="133.076721">
      <ele>139.631</ele>
    </trkpt>
    <trkpt lat="-15.1018878" lon="133.0767009">
      <ele>139.839</ele>
    </trkpt>
    <trkpt lat="-15.1026698" lon="133.0766661">
      <ele>138.387</ele>
    </trkpt>
    <trkpt lat="-15.1037836" lon="133.0766188">
      <ele>138.207</ele>
    </trkpt>
    <trkpt lat="-15.1039319" lon="133.0766125">
      <ele>137.246</ele>
    </trkpt>
    <trkpt lat="-15.1039633" lon="133.076611">
      <ele>136.835</ele>
    </trkpt>
    <trkpt lat="-15.1039685" lon="133.0766108">
      <ele>136.768</ele>
    </trkpt>
    <trkpt lat="-15.104143" lon="133.0766029">
      <ele>134.531</ele>
    </trkpt>
    <trkpt lat="-15.1045076" lon="133.0765862">
      <ele>134.0</ele>
    </trkpt>
    <trkpt lat="-15.104682" lon="133.0765782">
      <ele>134.0</ele>
    </trkpt>
    <trkpt lat="-15.1046872" lon="133.076578">
      <ele>134.0</ele>
    </trkpt>
    <trkpt lat="-15.1051509" lon="133.0765569">
      <ele>134.543</ele>
    </trkpt>
    <trkpt lat="-15.105406" lon="133.0765445">
      <ele>135.0</ele>
    </trkpt>
    <trkpt lat="-15.1066383" lon="133.0764845">
      <ele>134.274</ele>
    </trkpt>
    <trkpt lat="-15.1089997" lon="133.0763616">
      <ele>138.601</ele>
    </trkpt>
    <trkpt lat="-15.1107446" lon="133.0762686">
      <ele>140.862</ele>
    </trkpt>
    <trkpt lat="-15.1134567" lon="133.0761329">
      <ele>141.113</ele>
    </trkpt>
    <trkpt lat="-15.114832" lon="133.076063">
      <ele>142.827</ele>
    </trkpt>
    <trkpt lat="-15.1163599" lon="133.0760024">
      <ele>145.049</ele>
    </trkpt>
    <trkpt lat="-15.116747" lon="133.075987">
      <ele>145.946</ele>
    </trkpt>
    <trkpt lat="-15.1178914" lon="133.0759838">
      <ele>142.729</ele>
    </trkpt>
    <trkpt lat="-15.1186458" lon="133.0759975">
      <ele>143.432</ele>
    </trkpt>
    <trkpt lat="-15.1198165" lon="133.0760422">
      <ele>142.424</ele>
    </trkpt>
    <trkpt lat="-15.1205147" lon="133.0760887">
      <ele>141.159</ele>
    </trkpt>
    <trkpt lat="-15.1208874" lon="133.0761178">
      <ele>142.166</ele>
    </trkpt>
    <trkpt lat="-15.121594" lon="133.0761793">
      <ele>141.56</ele>
    </trkpt>
    <trkpt lat="-15.122898" lon="133.0763085">
      <ele>142.403</ele>
    </trkpt>
    <trkpt lat="-15.1239327" lon="133.0764479">
      <ele>141.179</ele>
    </trkpt>
    <trkpt lat="-15.1248614" lon="133.0765889">
      <ele>141.639</ele>
    </trkpt>
    <trkpt lat="-15.1254455" lon="133.076678">
      <ele>141.0</ele>
    </trkpt>
    <trkpt lat="-15.1263483" lon="133.0768442">
      <ele>143.493</ele>
    </trkpt>
    <trkpt lat="-15.1271408" lon="133.0769986">
      <ele>141.033</ele>
    </trkpt>
    <trkpt lat="-15.1278458" lon="133.0771594">
      <ele>143.319</ele>
    </trkpt>
    <trkpt lat="-15.1288406" lon="133.0773926">
      <ele>142.532</ele>
    </trkpt>
    <trkpt lat="-15.1294255" lon="133.0775486">
      <ele>141.068</ele>
    </trkpt>
    <trkpt lat="-15.1302081" lon="133.0777676">
      <ele>141.973</ele>
    </trkpt>
    <trkpt lat="-15.1304072" lon="133.0778253">
      <ele>142.091</ele>
    </trkpt>
    <trkpt lat="-15.13125" lon="133.0780695">
      <ele>141.95</ele>
    </trkpt>
    <trkpt lat="-15.1323232" lon="133.0783996">
      <ele>144.754</ele>
    </trkpt>
    <trkpt lat="-15.1332694" lon="133.0787249">
      <ele>146.635</ele>
    </trkpt>
    <trkpt lat="-15.1335016" lon="133.0788089">
      <ele>145.689</ele>
    </trkpt>
    <trkpt lat="-15.1336714" lon="133.0788703">
      <ele>144.497</ele>
    </trkpt>
    <trkpt lat="-15.1338731" lon="133.0789432">
      <ele>142.333</ele>
    </trkpt>
    <trkpt lat="-15.1344169" lon="133.0791418">
      <ele>146.443</ele>
    </trkpt>
    <trkpt lat="-15.134851" lon="133.0793099">
      <ele>148.948</ele>
    </trkpt>
    <trkpt lat="-15.1354618" lon="133.0795507">
      <ele>150.253</ele>
    </trkpt>
    <trkpt lat="-15.136408" lon="133.0799549">
      <ele>146.487</ele>
    </trkpt>
    <trkpt lat="-15.1370179" lon="133.0802338">
      <ele>144.878</ele>
    </trkpt>
    <trkpt lat="-15.1375114" lon="133.0804596">
      <ele>146.667</ele>
    </trkpt>
    <trkpt lat="-15.137676" lon="133.0805349">
      <ele>147.465</ele>
    </trkpt>
    <trkpt lat="-15.1379427" lon="133.0806568">
      <ele>148.958</ele>
    </trkpt>
    <trkpt lat="-15.1380051" lon="133.0806853">
      <ele>149.285</ele>
    </trkpt>
    <trkpt lat="-15.1384988" lon="133.0809109">
      <ele>149.887</ele>
    </trkpt>
    <trkpt lat="-15.1390393" lon="133.0811579">
      <ele>151.464</ele>
    </trkpt>
    <trkpt lat="-15.1404212" lon="133.0817984">
      <ele>151.694</ele>
    </trkpt>
    <trkpt lat="-15.1404702" lon="133.0818211">
      <ele>151.975</ele>
    </trkpt>
    <trkpt lat="-15.1406344" lon="133.0818972">
      <ele>152.66</ele>
    </trkpt>
    <trkpt lat="-15.1421719" lon="133.0826099">
      <ele>152.291</ele>
    </trkpt>
    <trkpt lat="-15.142795" lon="133.0828934">
      <ele>156.39</ele>
    </trkpt>
    <trkpt lat="-15.1432206" lon="133.0830881">
      <ele>155.289</ele>
    </trkpt>
    <trkpt lat="-15.143524" lon="133.08323">
      <ele>154.117</ele>
    </trkpt>
    <trkpt lat="-15.1445804" lon="133.0836822">
      <ele>154.027</ele>
    </trkpt>
    <trkpt lat="-15.1451157" lon="133.0839052">
      <ele>156.092</ele>
    </trkpt>
    <trkpt lat="-15.1456208" lon="133.0841156">
      <ele>157.0</ele>
    </trkpt>
    <trkpt lat="-15.146287" lon="133.0843836">
      <ele>160.837</ele>
    </trkpt>
    <trkpt lat="-15.1464546" lon="133.084451">
      <ele>162.207</ele>
    </trkpt>
    <trkpt lat="-15.1466223" lon="133.0845185">
      <ele>162.35</ele>
    </trkpt>
    <trkpt lat="-15.1467511" lon="133.0845703">
      <ele>161.79</ele>
    </trkpt>
    <trkpt lat="-15.1479212" lon="133.0850199">
      <ele>162.282</ele>
    </trkpt>
    <trkpt lat="-15.1483641" lon="133.0851957">
      <ele>164.409</ele>
    </trkpt>
    <trkpt lat="-15.1495957" lon="133.0856368">
      <ele>164.292</ele>
    </trkpt>
    <trkpt lat="-15.1502399" lon="133.0858661">
      <ele>166.843</ele>
    </trkpt>
    <trkpt lat="-15.1509577" lon="133.0861088">
      <ele>168.664</ele>
    </trkpt>
    <trkpt lat="-15.1513716" lon="133.0862521">
      <ele>167.032</ele>
    </trkpt>
    <trkpt lat="-15.1515422" lon="133.0863111">
      <ele>167.552</ele>
    </trkpt>
    <trkpt lat="-15.1515813" lon="133.0863246">
      <ele>167.693</ele>
    </trkpt>
    <trkpt lat="-15.1517131" lon="133.0863692">
      <ele>168.024</ele>
    </trkpt>
    <trkpt lat="-15.1518841" lon="133.086427">
      <ele>168.03</ele>
    </trkpt>
    <trkpt lat="-15.1520551" lon="133.0864849">
      <ele>168.521</ele>
    </trkpt>
    <trkpt lat="-15.1522452" lon="133.0865492">
      <ele>168.75</ele>
    </trkpt>
    <trkpt lat="-15.152906" lon="133.0867745">
      <ele>167.997</ele>
    </trkpt>
    <trkpt lat="-15.153596" lon="133.0869977">
      <ele>167.627</ele>
    </trkpt>
    <trkpt lat="-15.1545555" lon="133.0873181">
      <ele>171.393</ele>
    </trkpt>
    <trkpt lat="-15.1589024" lon="133.0887715">
      <ele>168.395</ele>
    </trkpt>
    <trkpt lat="-15.1590736" lon="133.0888287">
      <ele>167.696</ele>
    </trkpt>
    <trkpt lat="-15.1592448" lon="133.0888859">
      <ele>166.459</ele>
    </trkpt>
    <trkpt lat="-15.1655781" lon="133.0910036">
      <ele>165.518</ele>
    </trkpt>
    <trkpt lat="-15.1657493" lon="133.0910608">
      <ele>166.45</ele>
    </trkpt>
    <trkpt lat="-15.1686592" lon="133.0920338">
      <ele>162.617</ele>
    </trkpt>
    <trkpt lat="-15.1688303" lon="133.092091">
      <ele>162.516</ele>
    </trkpt>
    <trkpt lat="-15.1698574" lon="133.0924345">
      <ele>166.534</ele>
    </trkpt>
    <trkpt lat="-15.1700285" lon="133.0924917">
      <ele>164.825</ele>
    </trkpt>
    <trkpt lat="-15.1701997" lon="133.0925489">
      <ele>163.562</ele>
    </trkpt>
    <trkpt lat="-15.17325" lon="133.0935689">
      <ele>167.509</ele>
    </trkpt>
    <trkpt lat="-15.1758264" lon="133.0944295">
      <ele>168.072</ele>
    </trkpt>
    <trkpt lat="-15.1775002" lon="133.0949858">
      <ele>169.95</ele>
    </trkpt>
    <trkpt lat="-15.1807379" lon="133.0960701">
      <ele>174.148</ele>
    </trkpt>
    <trkpt lat="-15.1817148" lon="133.096395">
      <ele>169.21</ele>
    </trkpt>
    <trkpt lat="-15.1846249" lon="133.0973673">
      <ele>173.817</ele>
    </trkpt>
    <trkpt lat="-15.1878774" lon="133.0984541">
      <ele>173.199</ele>
    </trkpt>
    <trkpt lat="-15.1901028" lon="133.0991976">
      <ele>167.18</ele>
    </trkpt>
    <trkpt lat="-15.190274" lon="133.0992548">
      <ele>168.964</ele>
    </trkpt>
    <trkpt lat="-15.1904452" lon="133.099312">
      <ele>169.287</ele>
    </trkpt>
    <trkpt lat="-15.1926706" lon="133.1000556">
      <ele>172.877</ele>
    </trkpt>
    <trkpt lat="-15.1928418" lon="133.1001128">
      <ele>172.363</ele>
    </trkpt>
    <trkpt lat="-15.1947248" lon="133.100742">
      <ele>170.0</ele>
    </trkpt>
    <trkpt lat="-15.194896" lon="133.1007992">
      <ele>170.0</ele>
    </trkpt>
    <trkpt lat="-15.195799" lon="133.101101">
      <ele>170.398</ele>
    </trkpt>
    <trkpt lat="-15.1967793" lon="133.1014276">
      <ele>168.21</ele>
    </trkpt>
    <trkpt lat="-15.1971217" lon="133.1015417">
      <ele>166.975</ele>
    </trkpt>
    <trkpt lat="-15.197293" lon="133.1015988">
      <ele>166.692</ele>
    </trkpt>
    <trkpt lat="-15.1974642" lon="133.1016559">
      <ele>167.747</ele>
    </trkpt>
    <trkpt lat="-15.1976354" lon="133.1017129">
      <ele>168.569</ele>
    </trkpt>
    <trkpt lat="-15.1978066" lon="133.10177">
      <ele>169.333</ele>
    </trkpt>
    <trkpt lat="-15.2015737" lon="133.1030252">
      <ele>172.073</ele>
    </trkpt>
    <trkpt lat="-15.2017449" lon="133.1030823">
      <ele>171.175</ele>
    </trkpt>
    <trkpt lat="-15.2019161" lon="133.1031394">
      <ele>169.57</ele>
    </trkpt>
    <trkpt lat="-15.2020873" lon="133.1031965">
      <ele>169.76</ele>
    </trkpt>
    <trkpt lat="-15.204442" lon="133.103981">
      <ele>169.66</ele>
    </trkpt>
    <trkpt lat="-15.2065394" lon="133.1046795">
      <ele>165.846</ele>
    </trkpt>
    <trkpt lat="-15.2092793" lon="133.105592">
      <ele>167.606</ele>
    </trkpt>
    <trkpt lat="-15.2094505" lon="133.105649">
      <ele>166.984</ele>
    </trkpt>
    <trkpt lat="-15.2096217" lon="133.105706">
      <ele>166.428</ele>
    </trkpt>
    <trkpt lat="-15.209793" lon="133.105763">
      <ele>165.998</ele>
    </trkpt>
    <trkpt lat="-15.2104779" lon="133.1059911">
      <ele>167.6</ele>
    </trkpt>
    <trkpt lat="-15.2108204" lon="133.1061052">
      <ele>169.927</ele>
    </trkpt>
    <trkpt lat="-15.2111629" lon="133.1062193">
      <ele>169.531</ele>
    </trkpt>
    <trkpt lat="-15.2125328" lon="133.1066755">
      <ele>170.0</ele>
    </trkpt>
    <trkpt lat="-15.2130465" lon="133.1068466">
      <ele>169.373</ele>
    </trkpt>
    <trkpt lat="-15.2144164" lon="133.1073028">
      <ele>171.508</ele>
    </trkpt>
    <trkpt lat="-15.2149301" lon="133.1074739">
      <ele>170.832</ele>
    </trkpt>
    <trkpt lat="-15.2180124" lon="133.1085005">
      <ele>167.155</ele>
    </trkpt>
    <trkpt lat="-15.2181837" lon="133.1085575">
      <ele>167.372</ele>
    </trkpt>
    <trkpt lat="-15.2186974" lon="133.1087286">
      <ele>168.446</ele>
    </trkpt>
    <trkpt lat="-15.2260606" lon="133.1111812">
      <ele>172.545</ele>
    </trkpt>
    <trkpt lat="-15.226403" lon="133.1112953">
      <ele>174.36</ele>
    </trkpt>
    <trkpt lat="-15.2265743" lon="133.1113523">
      <ele>175.316</ele>
    </trkpt>
    <trkpt lat="-15.231016" lon="133.1128319">
      <ele>178.463</ele>
    </trkpt>
    <trkpt lat="-15.232478" lon="133.11331">
      <ele>179.007</ele>
    </trkpt>
    <trkpt lat="-15.2327811" lon="133.113398">
      <ele>180.54</ele>
    </trkpt>
    <trkpt lat="-15.233914" lon="133.1137256">
      <ele>181.921</ele>
    </trkpt>
    <trkpt lat="-15.2339482" lon="133.1137343">
      <ele>181.229</ele>
    </trkpt>
    <trkpt lat="-15.2352174" lon="133.1140565">
      <ele>184.228</ele>
    </trkpt>
    <trkpt lat="-15.2355244" lon="133.1141345">
      <ele>180.568</ele>
    </trkpt>
    <trkpt lat="-15.236332" lon="133.1143068">
      <ele>178.401</ele>
    </trkpt>
    <trkpt lat="-15.2371352" lon="133.1144809">
      <ele>180.687</ele>
    </trkpt>
    <trkpt lat="-15.2390751" lon="133.1148186">
      <ele>180.323</ele>
    </trkpt>
    <trkpt lat="-15.2431176" lon="133.1155228">
      <ele>176.567</ele>
    </trkpt>
    <trkpt lat="-15.2433321" lon="133.1155602">
      <ele>176.038</ele>
    </trkpt>
    <trkpt lat="-15.2463104" lon="133.1160791">
      <ele>173.885</ele>
    </trkpt>
    <trkpt lat="-15.2463475" lon="133.1160856">
      <ele>173.908</ele>
    </trkpt>
    <trkpt lat="-15.2464877" lon="133.11611">
      <ele>173.285</ele>
    </trkpt>
    <trkpt lat="-15.2465249" lon="133.1161165">
      <ele>173.011</ele>
    </trkpt>
    <trkpt lat="-15.2467023" lon="133.1161474">
      <ele>171.983</ele>
    </trkpt>
    <trkpt lat="-15.2468425" lon="133.1161718">
      <ele>171.862</ele>
    </trkpt>
    <trkpt lat="-15.2477294" lon="133.1163263">
      <ele>170.826</ele>
    </trkpt>
    <trkpt lat="-15.2477665" lon="133.1163328">
      <ele>170.959</ele>
    </trkpt>
    <trkpt lat="-15.2482615" lon="133.116419">
      <ele>171.231</ele>
    </trkpt>
    <trkpt lat="-15.2482986" lon="133.1164255">
      <ele>171.109</ele>
    </trkpt>
    <trkpt lat="-15.2486163" lon="133.1164808">
      <ele>170.657</ele>
    </trkpt>
    <trkpt lat="-15.2523411" lon="133.1171298">
      <ele>167.239</ele>
    </trkpt>
    <trkpt lat="-15.2523783" lon="133.1171363">
      <ele>167.129</ele>
    </trkpt>
    <trkpt lat="-15.2525185" lon="133.1171607">
      <ele>166.779</ele>
    </trkpt>
    <trkpt lat="-15.2525557" lon="133.1171672">
      <ele>166.802</ele>
    </trkpt>
    <trkpt lat="-15.2530506" lon="133.1172534">
      <ele>167.982</ele>
    </trkpt>
    <trkpt lat="-15.2546467" lon="133.1175315">
      <ele>166.354</ele>
    </trkpt>
    <trkpt lat="-15.2550359" lon="133.1176161">
      <ele>167.129</ele>
    </trkpt>
    <trkpt lat="-15.255212" lon="133.1176544">
      <ele>167.763</ele>
    </trkpt>
    <trkpt lat="-15.2555676" lon="133.1177317">
      <ele>169.202</ele>
    </trkpt>
    <trkpt lat="-15.256923" lon="133.1180849">
      <ele>168.028</ele>
    </trkpt>
    <trkpt lat="-15.2574132" lon="133.1182127">
      <ele>170.566</ele>
    </trkpt>
    <trkpt lat="-15.2576188" lon="133.1182744">
      <ele>170.114</ele>
    </trkpt>
    <trkpt lat="-15.2577915" lon="133.1183262">
      <ele>169.026</ele>
    </trkpt>
    <trkpt lat="-15.2578277" lon="133.1183371">
      <ele>169.0</ele>
    </trkpt>
    <trkpt lat="-15.2579643" lon="133.1183781">
      <ele>169.0</ele>
    </trkpt>
    <trkpt lat="-15.258346" lon="133.1184927">
      <ele>169.554</ele>
    </trkpt>
    <trkpt lat="-15.2583732" lon="133.1185009">
      <ele>169.546</ele>
    </trkpt>
    <trkpt lat="-15.2584816" lon="133.1185372">
      <ele>169.592</ele>
    </trkpt>
    <trkpt lat="-15.2593231" lon="133.1188189">
      <ele>167.748</ele>
    </trkpt>
    <trkpt lat="-15.2593372" lon="133.1188241">
      <ele>167.767</ele>
    </trkpt>
    <trkpt lat="-15.259542" lon="133.1189003">
      <ele>168.378</ele>
    </trkpt>
    <trkpt lat="-15.2603746" lon="133.1192097">
      <ele>169.054</ele>
    </trkpt>
    <trkpt lat="-15.2614146" lon="133.1196267">
      <ele>172.815</ele>
    </trkpt>
    <trkpt lat="-15.2617265" lon="133.1197633">
      <ele>170.964</ele>
    </trkpt>
    <trkpt lat="-15.2624283" lon="133.1200706">
      <ele>171.811</ele>
    </trkpt>
    <trkpt lat="-15.2634243" lon="133.1205526">
      <ele>170.989</ele>
    </trkpt>
    <trkpt lat="-15.2635291" lon="133.1206077">
      <ele>171.375</ele>
    </trkpt>
    <trkpt lat="-15.2636558" lon="133.1206744">
      <ele>171.879</ele>
    </trkpt>
    <trkpt lat="-15.2636894" lon="133.1206921">
      <ele>171.988</ele>
    </trkpt>
    <trkpt lat="-15.2638162" lon="133.1207588">
      <ele>172.121</ele>
    </trkpt>
    <trkpt lat="-15.2638498" lon="133.1207765">
      <ele>172.083</ele>
    </trkpt>
    <trkpt lat="-15.2647808" lon="133.1212663">
      <ele>171.0</ele>
    </trkpt>
    <trkpt lat="-15.2667157" lon="133.1223373">
      <ele>171.897</ele>
    </trkpt>
    <trkpt lat="-15.2687451" lon="133.1234606">
      <ele>173.316</ele>
    </trkpt>
    <trkpt lat="-15.2687783" lon="133.123479">
      <ele>172.986</ele>
    </trkpt>
    <trkpt lat="-15.2689038" lon="133.1235484">
      <ele>171.946</ele>
    </trkpt>
    <trkpt lat="-15.268937" lon="133.1235668">
      <ele>171.827</ele>
    </trkpt>
    <trkpt lat="-15.2736635" lon="133.1261832">
      <ele>173.53</ele>
    </trkpt>
    <trkpt lat="-15.2738222" lon="133.126271">
      <ele>173.286</ele>
    </trkpt>
    <trkpt lat="-15.2738555" lon="133.1262894">
      <ele>173.281</ele>
    </trkpt>
    <trkpt lat="-15.2739809" lon="133.1263588">
      <ele>173.404</ele>
    </trkpt>
    <trkpt lat="-15.2740141" lon="133.1263772">
      <ele>173.474</ele>
    </trkpt>
    <trkpt lat="-15.276394" lon="133.1276946">
      <ele>175.42</ele>
    </trkpt>
    <trkpt lat="-15.2765195" lon="133.127764">
      <ele>176.371</ele>
    </trkpt>
    <trkpt lat="-15.2765527" lon="133.1277824">
      <ele>176.623</ele>
    </trkpt>
    <trkpt lat="-15.2792223" lon="133.1292603">
      <ele>179.599</ele>
    </trkpt>
    <trkpt lat="-15.2799282" lon="133.1296492">
      <ele>178.0</ele>
    </trkpt>
    <trkpt lat="-15.281555" lon="133.1305549">
      <ele>178.993</ele>
    </trkpt>
    <trkpt lat="-15.2824299" lon="133.1310435">
      <ele>179.686</ele>
    </trkpt>
    <trkpt lat="-15.2830261" lon="133.131376">
      <ele>178.046</ele>
    </trkpt>
    <trkpt lat="-15.2831846" lon="133.1314643">
      <ele>178.736</ele>
    </trkpt>
    <trkpt lat="-15.2833429" lon="133.1315526">
      <ele>179.658</ele>
    </trkpt>
    <trkpt lat="-15.2838814" lon="133.1318529">
      <ele>182.303</ele>
    </trkpt>
    <trkpt lat="-15.2846107" lon="133.1322581">
      <ele>183.819</ele>
    </trkpt>
    <trkpt lat="-15.2857245" lon="133.1328768">
      <ele>182.356</ele>
    </trkpt>
    <trkpt lat="-15.2870039" lon="133.1335881">
      <ele>184.769</ele>
    </trkpt>
    <trkpt lat="-15.2881775" lon="133.1342426">
      <ele>182.12</ele>
    </trkpt>
    <trkpt lat="-15.2882557" lon="133.1342863">
      <ele>182.31</ele>
    </trkpt>
    <trkpt lat="-15.2887307" lon="133.1345517">
      <ele>181.135</ele>
    </trkpt>
    <trkpt lat="-15.288889" lon="133.1346402">
      <ele>181.296</ele>
    </trkpt>
    <trkpt lat="-15.289627" lon="133.1350526">
      <ele>183.065</ele>
    </trkpt>
    <trkpt lat="-15.2904652" lon="133.1355135">
      <ele>183.579</ele>
    </trkpt>
    <trkpt lat="-15.2908124" lon="133.1357001">
      <ele>181.632</ele>
    </trkpt>
    <trkpt lat="-15.2920636" lon="133.1363941">
      <ele>182.56</ele>
    </trkpt>
    <trkpt lat="-15.2922222" lon="133.1364821">
      <ele>182.0</ele>
    </trkpt>
    <trkpt lat="-15.2937426" lon="133.1373255">
      <ele>182.372</ele>
    </trkpt>
    <trkpt lat="-15.2952351" lon="133.138154">
      <ele>184.0</ele>
    </trkpt>
    <trkpt lat="-15.2953937" lon="133.1382421">
      <ele>183.302</ele>
    </trkpt>
    <trkpt lat="-15.2954408" lon="133.1382682">
      <ele>182.964</ele>
    </trkpt>
    <trkpt lat="-15.2955524" lon="133.1383298">
      <ele>182.035</ele>
    </trkpt>
    <trkpt lat="-15.2957112" lon="133.1384175">
      <ele>181.743</ele>
    </trkpt>
    <trkpt lat="-15.29714" lon="133.1392063">
      <ele>181.143</ele>
    </trkpt>
    <trkpt lat="-15.2974575" lon="133.1393816">
      <ele>181.118</ele>
    </trkpt>
    <trkpt lat="-15.2976163" lon="133.1394692">
      <ele>180.811</ele>
    </trkpt>
    <trkpt lat="-15.2978137" lon="133.1395782">
      <ele>180.901</ele>
    </trkpt>
    <trkpt lat="-15.2986901" lon="133.1400641">
      <ele>181.515</ele>
    </trkpt>
    <trkpt lat="-15.3003013" lon="133.1409595">
      <ele>178.493</ele>
    </trkpt>
    <trkpt lat="-15.3009887" lon="133.1413394">
      <ele>181.466</ele>
    </trkpt>
    <trkpt lat="-15.3011074" lon="133.1414002">
      <ele>182.0</ele>
    </trkpt>
    <trkpt lat="-15.3015182" lon="133.1416103">
      <ele>183.797</ele>
    </trkpt>
    <trkpt lat="-15.3018792" lon="133.1417861">
      <ele>181.275</ele>
    </trkpt>
    <trkpt lat="-15.3022729" lon="133.1419576">
      <ele>177.644</ele>
    </trkpt>
    <trkpt lat="-15.3026496" lon="133.142112">
      <ele>176.603</ele>
    </trkpt>
    <trkpt lat="-15.3030948" lon="133.1422822">
      <ele>177.815</ele>
    </trkpt>
    <trkpt lat="-15.3035854" lon="133.1424467">
      <ele>178.733</ele>
    </trkpt>
    <trkpt lat="-15.30416" lon="133.1426398">
      <ele>179.012</ele>
    </trkpt>
    <trkpt lat="-15.3044264" lon="133.1427266">
      <ele>178.065</ele>
    </trkpt>
    <trkpt lat="-15.3053805" lon="133.1430404">
      <ele>173.96</ele>
    </trkpt>
    <trkpt lat="-15.3063771" lon="133.1433704">
      <ele>175.128</ele>
    </trkpt>
    <trkpt lat="-15.3072021" lon="133.1436417">
      <ele>175.67</ele>
    </trkpt>
    <trkpt lat="-15.3073736" lon="133.1436981">
      <ele>175.776</ele>
    </trkpt>
    <trkpt lat="-15.307545" lon="133.1437545">
      <ele>176.051</ele>
    </trkpt>
    <trkpt lat="-15.3077165" lon="133.1438109">
      <ele>176.122</ele>
    </trkpt>
    <trkpt lat="-15.3077904" lon="133.1438352">
      <ele>176.184</ele>
    </trkpt>
    <trkpt lat="-15.3078879" lon="133.1438674">
      <ele>176.047</ele>
    </trkpt>
    <trkpt lat="-15.3080593" lon="133.143924">
      <ele>175.973</ele>
    </trkpt>
    <trkpt lat="-15.3092589" lon="133.1443202">
      <ele>175.369</ele>
    </trkpt>
    <trkpt lat="-15.3093276" lon="133.1443429">
      <ele>175.267</ele>
    </trkpt>
    <trkpt lat="-15.309991" lon="133.1445629">
      <ele>176.527</ele>
    </trkpt>
    <trkpt lat="-15.3109991" lon="133.1448957">
      <ele>176.375</ele>
    </trkpt>
    <trkpt lat="-15.3119947" lon="133.1452223">
      <ele>176.819</ele>
    </trkpt>
    <trkpt lat="-15.3133782" lon="133.1456796">
      <ele>176.072</ele>
    </trkpt>
    <trkpt lat="-15.3144439" lon="133.1460318">
      <ele>173.285</ele>
    </trkpt>
    <trkpt lat="-15.3150205" lon="133.1462225">
      <ele>174.897</ele>
    </trkpt>
    <trkpt lat="-15.3162456" lon="133.1466234">
      <ele>175.355</ele>
    </trkpt>
    <trkpt lat="-15.3172399" lon="133.146952">
      <ele>175.989</ele>
    </trkpt>
    <trkpt lat="-15.3181393" lon="133.1472494">
      <ele>176.127</ele>
    </trkpt>
    <trkpt lat="-15.3193714" lon="133.1476561">
      <ele>174.586</ele>
    </trkpt>
    <trkpt lat="-15.3195428" lon="133.1477126">
      <ele>174.318</ele>
    </trkpt>
    <trkpt lat="-15.3202284" lon="133.1479388">
      <ele>176.299</ele>
    </trkpt>
    <trkpt lat="-15.3203998" lon="133.1479954">
      <ele>177.413</ele>
    </trkpt>
    <trkpt lat="-15.3204943" lon="133.1480266">
      <ele>177.838</ele>
    </trkpt>
    <trkpt lat="-15.3205712" lon="133.1480517">
      <ele>178.015</ele>
    </trkpt>
    <trkpt lat="-15.3223123" lon="133.1486199">
      <ele>178.676</ele>
    </trkpt>
    <trkpt lat="-15.3236588" lon="133.1490616">
      <ele>180.485</ele>
    </trkpt>
    <trkpt lat="-15.3238303" lon="133.1491179">
      <ele>180.826</ele>
    </trkpt>
    <trkpt lat="-15.3241724" lon="133.1492301">
      <ele>180.984</ele>
    </trkpt>
    <trkpt lat="-15.3255197" lon="133.149678">
      <ele>179.03</ele>
    </trkpt>
    <trkpt lat="-15.3266787" lon="133.1500617">
      <ele>177.0</ele>
    </trkpt>
    <trkpt lat="-15.3275699" lon="133.1503607">
      <ele>179.047</ele>
    </trkpt>
    <trkpt lat="-15.3283993" lon="133.1506368">
      <ele>178.223</ele>
    </trkpt>
    <trkpt lat="-15.3287983" lon="133.1507657">
      <ele>177.49</ele>
    </trkpt>
    <trkpt lat="-15.328867" lon="133.1507879">
      <ele>177.229</ele>
    </trkpt>
    <trkpt lat="-15.32897" lon="133.1508214">
      <ele>177.043</ele>
    </trkpt>
    <trkpt lat="-15.3294583" lon="133.1509802">
      <ele>176.943</ele>
    </trkpt>
    <trkpt lat="-15.3301" lon="133.1511938">
      <ele>176.595</ele>
    </trkpt>
    <trkpt lat="-15.3306463" lon="133.1513718">
      <ele>175.938</ele>
    </trkpt>
    <trkpt lat="-15.331198" lon="133.151557">
      <ele>175.271</ele>
    </trkpt>
    <trkpt lat="-15.3312048" lon="133.1515593">
      <ele>175.256</ele>
    </trkpt>
    <trkpt lat="-15.3313699" lon="133.1516117">
      <ele>175.014</ele>
    </trkpt>
    <trkpt lat="-15.3314841" lon="133.1516479">
      <ele>174.634</ele>
    </trkpt>
    <trkpt lat="-15.3319747" lon="133.1518117">
      <ele>176.792</ele>
    </trkpt>
    <trkpt lat="-15.3323157" lon="133.1519248">
      <ele>178.663</ele>
    </trkpt>
    <trkpt lat="-15.3328636" lon="133.1521044">
      <ele>175.115</ele>
    </trkpt>
    <trkpt lat="-15.3336433" lon="133.1523591">
      <ele>175.118</ele>
    </trkpt>
    <trkpt lat="-15.334317" lon="133.1525854">
      <ele>173.869</ele>
    </trkpt>
    <trkpt lat="-15.3349696" lon="133.1527979">
      <ele>172.174</ele>
    </trkpt>
    <trkpt lat="-15.3351412" lon="133.1528537">
      <ele>172.273</ele>
    </trkpt>
    <trkpt lat="-15.3352322" lon="133.1528833">
      <ele>172.38</ele>
    </trkpt>
    <trkpt lat="-15.3353126" lon="133.1529103">
      <ele>172.477</ele>
    </trkpt>
    <trkpt lat="-15.3354838" lon="133.1529677">
      <ele>172.684</ele>
    </trkpt>
    <trkpt lat="-15.3357469" lon="133.1530559">
      <ele>173.691</ele>
    </trkpt>
    <trkpt lat="-15.3366834" lon="133.1533639">
      <ele>172.11</ele>
    </trkpt>
    <trkpt lat="-15.3368549" lon="133.1534203">
      <ele>172.313</ele>
    </trkpt>
    <trkpt lat="-15.3373692" lon="133.1535896">
      <ele>174.357</ele>
    </trkpt>
    <trkpt lat="-15.3414837" lon="133.1549437">
      <ele>176.931</ele>
    </trkpt>
    <trkpt lat="-15.3416551" lon="133.1550001">
      <ele>176.042</ele>
    </trkpt>
    <trkpt lat="-15.3494927" lon="133.1575798">
      <ele>176.813</ele>
    </trkpt>
    <trkpt lat="-15.3563503" lon="133.1598364">
      <ele>178.096</ele>
    </trkpt>
    <trkpt lat="-15.3566932" lon="133.1599492">
      <ele>176.348</ele>
    </trkpt>
    <trkpt lat="-15.3568646" lon="133.1600056">
      <ele>175.986</ele>
    </trkpt>
    <trkpt lat="-15.3570361" lon="133.160062">
      <ele>175.117</ele>
    </trkpt>
    <trkpt lat="-15.3616649" lon="133.1615852">
      <ele>177.006</ele>
    </trkpt>
    <trkpt lat="-15.3618364" lon="133.1616416">
      <ele>176.389</ele>
    </trkpt>
    <trkpt lat="-15.3620078" lon="133.161698">
      <ele>176.428</ele>
    </trkpt>
    <trkpt lat="-15.3621793" lon="133.1617544">
      <ele>177.21</ele>
    </trkpt>
    <trkpt lat="-15.3639961" lon="133.1623524">
      <ele>180.469</ele>
    </trkpt>
    <trkpt lat="-15.3673229" lon="133.1634456">
      <ele>180.742</ele>
    </trkpt>
    <trkpt lat="-15.3690375" lon="133.1640091">
      <ele>176.169</ele>
    </trkpt>
    <trkpt lat="-15.3750386" lon="133.1659813">
      <ele>173.337</ele>
    </trkpt>
    <trkpt lat="-15.3752101" lon="133.1660377">
      <ele>172.593</ele>
    </trkpt>
    <trkpt lat="-15.3813827" lon="133.1680664">
      <ele>172.979</ele>
    </trkpt>
    <trkpt lat="-15.3820685" lon="133.1682918">
      <ele>171.866</ele>
    </trkpt>
    <trkpt lat="-15.38224" lon="133.1683482">
      <ele>172.054</ele>
    </trkpt>
    <trkpt lat="-15.3824114" lon="133.1684045">
      <ele>172.256</ele>
    </trkpt>
    <trkpt lat="-15.384126" lon="133.1689681">
      <ele>173.527</ele>
    </trkpt>
    <trkpt lat="-15.3842975" lon="133.1690245">
      <ele>173.512</ele>
    </trkpt>
    <trkpt lat="-15.3884125" lon="133.170377">
      <ele>175.613</ele>
    </trkpt>
    <trkpt lat="-15.3892698" lon="133.1706588">
      <ele>175.21</ele>
    </trkpt>
    <trkpt lat="-15.3896127" lon="133.1707715">
      <ele>176.0</ele>
    </trkpt>
    <trkpt lat="-15.3897842" lon="133.1708279">
      <ele>175.777</ele>
    </trkpt>
    <trkpt lat="-15.3899557" lon="133.1708842">
      <ele>175.159</ele>
    </trkpt>
    <trkpt lat="-15.3902986" lon="133.170997">
      <ele>174.589</ele>
    </trkpt>
    <trkpt lat="-15.39047" lon="133.1710533">
      <ele>174.792</ele>
    </trkpt>
    <trkpt lat="-15.3932134" lon="133.1719551">
      <ele>174.962</ele>
    </trkpt>
    <trkpt lat="-15.4013997" lon="133.1746462">
      <ele>176.726</ele>
    </trkpt>
    <trkpt lat="-15.4015347" lon="133.1746929">
      <ele>176.894</ele>
    </trkpt>
    <trkpt lat="-15.4020059" lon="133.17486">
      <ele>177.386</ele>
    </trkpt>
    <trkpt lat="-15.4026485" lon="133.1750839">
      <ele>175.184</ele>
    </trkpt>
    <trkpt lat="-15.4035495" lon="133.1753853">
      <ele>176.688</ele>
    </trkpt>
    <trkpt lat="-15.4043601" lon="133.1756671">
      <ele>174.78</ele>
    </trkpt>
    <trkpt lat="-15.4051572" lon="133.1759445">
      <ele>178.992</ele>
    </trkpt>
    <trkpt lat="-15.4058361" lon="133.1761776">
      <ele>176.726</ele>
    </trkpt>
    <trkpt lat="-15.4067238" lon="133.1764852">
      <ele>180.517</ele>
    </trkpt>
    <trkpt lat="-15.4075403" lon="133.1767604">
      <ele>178.434</ele>
    </trkpt>
    <trkpt lat="-15.4082477" lon="133.1770086">
      <ele>179.993</ele>
    </trkpt>
    <trkpt lat="-15.4082938" lon="133.1770237">
      <ele>180.185</ele>
    </trkpt>
    <trkpt lat="-15.408913" lon="133.1772269">
      <ele>178.913</ele>
    </trkpt>
    <trkpt lat="-15.4090551" lon="133.1772691">
      <ele>178.402</ele>
    </trkpt>
    <trkpt lat="-15.4092035" lon="133.1773173">
      <ele>177.913</ele>
    </trkpt>
    <trkpt lat="-15.4096162" lon="133.1774533">
      <ele>177.936</ele>
    </trkpt>
    <trkpt lat="-15.4100726" lon="133.1776045">
      <ele>179.0</ele>
    </trkpt>
    <trkpt lat="-15.4106137" lon="133.1777823">
      <ele>179.997</ele>
    </trkpt>
    <trkpt lat="-15.4112476" lon="133.1779901">
      <ele>178.004</ele>
    </trkpt>
    <trkpt lat="-15.4140557" lon="133.1789174">
      <ele>179.176</ele>
    </trkpt>
    <trkpt lat="-15.4148565" lon="133.1791779">
      <ele>177.483</ele>
    </trkpt>
    <trkpt lat="-15.4149335" lon="133.1792029">
      <ele>177.761</ele>
    </trkpt>
    <trkpt lat="-15.4152031" lon="133.1792886">
      <ele>178.321</ele>
    </trkpt>
    <trkpt lat="-15.4159572" lon="133.1795406">
      <ele>178.984</ele>
    </trkpt>
    <trkpt lat="-15.416547" lon="133.1797312">
      <ele>177.866</ele>
    </trkpt>
    <trkpt lat="-15.4170633" lon="133.1799025">
      <ele>178.0</ele>
    </trkpt>
    <trkpt lat="-15.4173426" lon="133.1799955">
      <ele>177.574</ele>
    </trkpt>
    <trkpt lat="-15.4177444" lon="133.1801237">
      <ele>176.555</ele>
    </trkpt>
    <trkpt lat="-15.418317" lon="133.1803156">
      <ele>177.813</ele>
    </trkpt>
    <trkpt lat="-15.4187533" lon="133.1804622">
      <ele>179.188</ele>
    </trkpt>
    <trkpt lat="-15.4189717" lon="133.1805337">
      <ele>180.275</ele>
    </trkpt>
    <trkpt lat="-15.419216" lon="133.1806137">
      <ele>180.754</ele>
    </trkpt>
    <trkpt lat="-15.4195609" lon="133.1807247">
      <ele>179.454</ele>
    </trkpt>
    <trkpt lat="-15.420105" lon="133.1808763">
      <ele>178.213</ele>
    </trkpt>
    <trkpt lat="-15.4205499" lon="133.1809858">
      <ele>179.098</ele>
    </trkpt>
    <trkpt lat="-15.4211759" lon="133.1811163">
      <ele>178.238</ele>
    </trkpt>
    <trkpt lat="-15.4217885" lon="133.1812427">
      <ele>180.561</ele>
    </trkpt>
    <trkpt lat="-15.4222271" lon="133.1813317">
      <ele>179.188</ele>
    </trkpt>
    <trkpt lat="-15.4232009" lon="133.1815326">
      <ele>179.747</ele>
    </trkpt>
    <trkpt lat="-15.4238034" lon="133.181664">
      <ele>180.007</ele>
    </trkpt>
    <trkpt lat="-15.4243087" lon="133.1817648">
      <ele>180.15</ele>
    </trkpt>
    <trkpt lat="-15.4247602" lon="133.1818594">
      <ele>178.57</ele>
    </trkpt>
    <trkpt lat="-15.4252028" lon="133.1819467">
      <ele>176.548</ele>
    </trkpt>
    <trkpt lat="-15.4253718" lon="133.1819826">
      <ele>176.091</ele>
    </trkpt>
    <trkpt lat="-15.4253829" lon="133.181985">
      <ele>176.091</ele>
    </trkpt>
    <trkpt lat="-15.4255488" lon="133.1820155">
      <ele>176.006</ele>
    </trkpt>
    <trkpt lat="-15.4255537" lon="133.1820164">
      <ele>176.002</ele>
    </trkpt>
    <trkpt lat="-15.4257667" lon="133.1820615">
      <ele>177.52</ele>
    </trkpt>
    <trkpt lat="-15.4263348" lon="133.1821826">
      <ele>179.576</ele>
    </trkpt>
    <trkpt lat="-15.4270695" lon="133.1823322">
      <ele>177.356</ele>
    </trkpt>
    <trkpt lat="-15.4278011" lon="133.1824824">
      <ele>181.942</ele>
    </trkpt>
    <trkpt lat="-15.4287957" lon="133.1826887">
      <ele>181.0</ele>
    </trkpt>
    <trkpt lat="-15.429595" lon="133.1828563">
      <ele>180.847</ele>
    </trkpt>
    <trkpt lat="-15.4310059" lon="133.1831452">
      <ele>183.144</ele>
    </trkpt>
    <trkpt lat="-15.4317446" lon="133.1833026">
      <ele>183.3</ele>
    </trkpt>
    <trkpt lat="-15.4325357" lon="133.1834629">
      <ele>182.197</ele>
    </trkpt>
    <trkpt lat="-15.4326119" lon="133.1834788">
      <ele>182.595</ele>
    </trkpt>
    <trkpt lat="-15.4327803" lon="133.1835139">
      <ele>183.347</ele>
    </trkpt>
    <trkpt lat="-15.4327883" lon="133.1835156">
      <ele>183.331</ele>
    </trkpt>
    <trkpt lat="-15.4332764" lon="133.1836174">
      <ele>183.759</ele>
    </trkpt>
    <trkpt lat="-15.4339519" lon="133.1837576">
      <ele>182.43</ele>
    </trkpt>
    <trkpt lat="-15.4345492" lon="133.1838828">
      <ele>183.0</ele>
    </trkpt>
    <trkpt lat="-15.4353323" lon="133.1840413">
      <ele>184.078</ele>
    </trkpt>
    <trkpt lat="-15.4361293" lon="133.1842235">
      <ele>183.0</ele>
    </trkpt>
    <trkpt lat="-15.436452" lon="133.1842765">
      <ele>183.0</ele>
    </trkpt>
    <trkpt lat="-15.4374017" lon="133.1844738">
      <ele>181.0</ele>
    </trkpt>
    <trkpt lat="-15.4375524" lon="133.1845038">
      <ele>181.189</ele>
    </trkpt>
    <trkpt lat="-15.438109" lon="133.1846159">
      <ele>183.0</ele>
    </trkpt>
    <trkpt lat="-15.4389535" lon="133.1847916">
      <ele>179.383</ele>
    </trkpt>
    <trkpt lat="-15.4389643" lon="133.1847939">
      <ele>179.376</ele>
    </trkpt>
    <trkpt lat="-15.4428925" lon="133.1856088">
      <ele>179.0</ele>
    </trkpt>
    <trkpt lat="-15.4438407" lon="133.1858059">
      <ele>182.827</ele>
    </trkpt>
    <trkpt lat="-15.4458459" lon="133.1862211">
      <ele>178.613</ele>
    </trkpt>
    <trkpt lat="-15.4472715" lon="133.1865167">
      <ele>181.636</ele>
    </trkpt>
    <trkpt lat="-15.4497276" lon="133.1870266">
      <ele>183.257</ele>
    </trkpt>
    <trkpt lat="-15.4498886" lon="133.1870601">
      <ele>182.218</ele>
    </trkpt>
    <trkpt lat="-15.4499041" lon="133.1870634">
      <ele>182.119</ele>
    </trkpt>
    <trkpt lat="-15.4500649" lon="133.1870969">
      <ele>181.654</ele>
    </trkpt>
    <trkpt lat="-15.4502412" lon="133.1871336">
      <ele>181.958</ele>
    </trkpt>
    <trkpt lat="-15.450714" lon="133.187232">
      <ele>181.98</ele>
    </trkpt>
    <trkpt lat="-15.4507703" lon="133.1872438">
      <ele>181.94</ele>
    </trkpt>
    <trkpt lat="-15.4516684" lon="133.187432">
      <ele>179.003</ele>
    </trkpt>
    <trkpt lat="-15.4522293" lon="133.1875503">
      <ele>181.202</ele>
    </trkpt>
    <trkpt lat="-15.4541963" lon="133.1879549">
      <ele>183.638</ele>
    </trkpt>
    <trkpt lat="-15.4575198" lon="133.188647">
      <ele>184.067</ele>
    </trkpt>
    <trkpt lat="-15.4594194" lon="133.1890408">
      <ele>186.82</ele>
    </trkpt>
    <trkpt lat="-15.4612247" lon="133.1894157">
      <ele>188.572</ele>
    </trkpt>
    <trkpt lat="-15.4622199" lon="133.1896261">
      <ele>187.0</ele>
    </trkpt>
    <trkpt lat="-15.4624306" lon="133.1896699">
      <ele>186.25</ele>
    </trkpt>
    <trkpt lat="-15.462607" lon="133.189707">
      <ele>186.364</ele>
    </trkpt>
    <trkpt lat="-15.4627834" lon="133.1897431">
      <ele>187.019</ele>
    </trkpt>
    <trkpt lat="-15.4629387" lon="133.1897755">
      <ele>187.468</ele>
    </trkpt>
    <trkpt lat="-15.463115" lon="133.1898122">
      <ele>187.821</ele>
    </trkpt>
    <trkpt lat="-15.4631363" lon="133.1898167">
      <ele>187.852</ele>
    </trkpt>
    <trkpt lat="-15.4642369" lon="133.1900466">
      <ele>186.832</ele>
    </trkpt>
    <trkpt lat="-15.4654877" lon="133.190308">
      <ele>184.3</ele>
    </trkpt>
    <trkpt lat="-15.4656059" lon="133.1903326">
      <ele>184.379</ele>
    </trkpt>
    <trkpt lat="-15.46576" lon="133.1903641">
      <ele>185.047</ele>
    </trkpt>
    <trkpt lat="-15.4657824" lon="133.1903686">
      <ele>185.144</ele>
    </trkpt>
    <trkpt lat="-15.4671161" lon="133.1906437">
      <ele>187.317</ele>
    </trkpt>
    <trkpt lat="-15.4688168" lon="133.1909956">
      <ele>184.827</ele>
    </trkpt>
    <trkpt lat="-15.4699172" lon="133.1912216">
      <ele>186.198</ele>
    </trkpt>
    <trkpt lat="-15.4726646" lon="133.1917936">
      <ele>185.95</ele>
    </trkpt>
    <trkpt lat="-15.4728411" lon="133.19183">
      <ele>185.05</ele>
    </trkpt>
    <trkpt lat="-15.473051" lon="133.1918737">
      <ele>183.538</ele>
    </trkpt>
    <trkpt lat="-15.4731939" lon="133.1919035">
      <ele>183.646</ele>
    </trkpt>
    <trkpt lat="-15.4736974" lon="133.1920077">
      <ele>185.0</ele>
    </trkpt>
    <trkpt lat="-15.4738738" lon="133.1920442">
      <ele>185.0</ele>
    </trkpt>
    <trkpt lat="-15.4740501" lon="133.1920807">
      <ele>183.85</ele>
    </trkpt>
    <trkpt lat="-15.474076" lon="133.1920861">
      <ele>183.639</ele>
    </trkpt>
    <trkpt lat="-15.4742265" lon="133.1921173">
      <ele>182.755</ele>
    </trkpt>
    <trkpt lat="-15.475522" lon="133.1923855">
      <ele>186.588</ele>
    </trkpt>
    <trkpt lat="-15.4766107" lon="133.1926131">
      <ele>184.272</ele>
    </trkpt>
    <trkpt lat="-15.4784111" lon="133.1929805">
      <ele>184.54</ele>
    </trkpt>
    <trkpt lat="-15.4806699" lon="133.1934495">
      <ele>184.0</ele>
    </trkpt>
    <trkpt lat="-15.4824077" lon="133.193806">
      <ele>184.801</ele>
    </trkpt>
    <trkpt lat="-15.4837713" lon="133.1940904">
      <ele>186.577</ele>
    </trkpt>
    <trkpt lat="-15.485001" lon="133.1943448">
      <ele>187.359</ele>
    </trkpt>
    <trkpt lat="-15.4858212" lon="133.1945198">
      <ele>187.519</ele>
    </trkpt>
    <trkpt lat="-15.4866096" lon="133.1946858">
      <ele>189.896</ele>
    </trkpt>
    <trkpt lat="-15.4874446" lon="133.1948548">
      <ele>186.781</ele>
    </trkpt>
    <trkpt lat="-15.4880465" lon="133.194979">
      <ele>186.819</ele>
    </trkpt>
    <trkpt lat="-15.4887415" lon="133.195123">
      <ele>188.443</ele>
    </trkpt>
    <trkpt lat="-15.489459" lon="133.1952731">
      <ele>186.947</ele>
    </trkpt>
    <trkpt lat="-15.4901041" lon="133.1954064">
      <ele>186.011</ele>
    </trkpt>
    <trkpt lat="-15.4903634" lon="133.1954584">
      <ele>187.824</ele>
    </trkpt>
    <trkpt lat="-15.4904458" lon="133.1954777">
      <ele>188.383</ele>
    </trkpt>
    <trkpt lat="-15.4912013" lon="133.1956355">
      <ele>187.481</ele>
    </trkpt>
    <trkpt lat="-15.4937139" lon="133.1961565">
      <ele>190.163</ele>
    </trkpt>
    <trkpt lat="-15.4960907" lon="133.1966437">
      <ele>188.988</ele>
    </trkpt>
    <trkpt lat="-15.4963935" lon="133.1967058">
      <ele>188.124</ele>
    </trkpt>
    <trkpt lat="-15.4988633" lon="133.197228">
      <ele>195.0</ele>
    </trkpt>
    <trkpt lat="-15.500146" lon="133.1974919">
      <ele>196.496</ele>
    </trkpt>
    <trkpt lat="-15.5006753" lon="133.1976008">
      <ele>196.412</ele>
    </trkpt>
    <trkpt lat="-15.5008517" lon="133.1976371">
      <ele>195.474</ele>
    </trkpt>
    <trkpt lat="-15.5017027" lon="133.1978122">
      <ele>193.238</ele>
    </trkpt>
    <trkpt lat="-15.5073172" lon="133.1989915">
      <ele>198.055</ele>
    </trkpt>
    <trkpt lat="-15.512666" lon="133.2001034">
      <ele>195.15</ele>
    </trkpt>
    <trkpt lat="-15.5195768" lon="133.2015401">
      <ele>192.762</ele>
    </trkpt>
    <trkpt lat="-15.5246561" lon="133.2025923">
      <ele>191.415</ele>
    </trkpt>
    <trkpt lat="-15.5273476" lon="133.2031498">
      <ele>191.0</ele>
    </trkpt>
    <trkpt lat="-15.5300541" lon="133.2037105">
      <ele>189.907</ele>
    </trkpt>
    <trkpt lat="-15.5334738" lon="133.2044195">
      <ele>186.956</ele>
    </trkpt>
    <trkpt lat="-15.5341468" lon="133.20456">
      <ele>189.731</ele>
    </trkpt>
    <trkpt lat="-15.5360799" lon="133.2049634">
      <ele>187.244</ele>
    </trkpt>
    <trkpt lat="-15.5382134" lon="133.2053987">
      <ele>188.812</ele>
    </trkpt>
    <trkpt lat="-15.5389038" lon="133.2055495">
      <ele>187.967</ele>
    </trkpt>
    <trkpt lat="-15.539326" lon="133.2056283">
      <ele>187.15</ele>
    </trkpt>
    <trkpt lat="-15.5398508" lon="133.2057396">
      <ele>189.819</ele>
    </trkpt>
    <trkpt lat="-15.5405986" lon="133.2059022">
      <ele>189.79</ele>
    </trkpt>
    <trkpt lat="-15.5411992" lon="133.2060352">
      <ele>189.547</ele>
    </trkpt>
    <trkpt lat="-15.5412682" lon="133.2060485">
      <ele>189.451</ele>
    </trkpt>
    <trkpt lat="-15.5426017" lon="133.2062603">
      <ele>188.831</ele>
    </trkpt>
    <trkpt lat="-15.5428056" lon="133.2062941">
      <ele>188.725</ele>
    </trkpt>
    <trkpt lat="-15.5435599" lon="133.206419">
      <ele>188.184</ele>
    </trkpt>
    <trkpt lat="-15.5436307" lon="133.2064338">
      <ele>188.011</ele>
    </trkpt>
    <trkpt lat="-15.5444423" lon="133.2065993">
      <ele>189.243</ele>
    </trkpt>
    <trkpt lat="-15.5458675" lon="133.2068871">
      <ele>190.206</ele>
    </trkpt>
    <trkpt lat="-15.5463917" lon="133.2069906">
      <ele>189.815</ele>
    </trkpt>
    <trkpt lat="-15.5469781" lon="133.2071194">
      <ele>187.827</ele>
    </trkpt>
    <trkpt lat="-15.5472941" lon="133.2071863">
      <ele>190.0</ele>
    </trkpt>
    <trkpt lat="-15.5478869" lon="133.2073119">
      <ele>190.057</ele>
    </trkpt>
    <trkpt lat="-15.5479703" lon="133.2073278">
      <ele>189.95</ele>
    </trkpt>
    <trkpt lat="-15.5484217" lon="133.2074137">
      <ele>188.403</ele>
    </trkpt>
    <trkpt lat="-15.549194" lon="133.2075783">
      <ele>184.647</ele>
    </trkpt>
    <trkpt lat="-15.5493817" lon="133.2076181">
      <ele>184.13</ele>
    </trkpt>
    <trkpt lat="-15.5497414" lon="133.2076945">
      <ele>184.048</ele>
    </trkpt>
    <trkpt lat="-15.5502811" lon="133.207806">
      <ele>185.316</ele>
    </trkpt>
    <trkpt lat="-15.5509013" lon="133.2079289">
      <ele>186.812</ele>
    </trkpt>
    <trkpt lat="-15.5516023" lon="133.2080815">
      <ele>186.188</ele>
    </trkpt>
    <trkpt lat="-15.5516517" lon="133.2080919">
      <ele>186.04</ele>
    </trkpt>
    <trkpt lat="-15.5524152" lon="133.2082519">
      <ele>187.497</ele>
    </trkpt>
    <trkpt lat="-15.5527837" lon="133.2083306">
      <ele>188.02</ele>
    </trkpt>
    <trkpt lat="-15.5532143" lon="133.2084218">
      <ele>187.429</ele>
    </trkpt>
    <trkpt lat="-15.555527" lon="133.2089013">
      <ele>186.098</ele>
    </trkpt>
    <trkpt lat="-15.5588316" lon="133.2095926">
      <ele>187.794</ele>
    </trkpt>
    <trkpt lat="-15.5598874" lon="133.2098147">
      <ele>186.873</ele>
    </trkpt>
    <trkpt lat="-15.5608683" lon="133.2100584">
      <ele>185.467</ele>
    </trkpt>
    <trkpt lat="-15.5612183" lon="133.2101573">
      <ele>185.434</ele>
    </trkpt>
    <trkpt lat="-15.5615491" lon="133.2102488">
      <ele>185.621</ele>
    </trkpt>
    <trkpt lat="-15.5624568" lon="133.2105343">
      <ele>187.364</ele>
    </trkpt>
    <trkpt lat="-15.5628004" lon="133.2106462">
      <ele>184.919</ele>
    </trkpt>
    <trkpt lat="-15.563301" lon="133.2108332">
      <ele>184.883</ele>
    </trkpt>
    <trkpt lat="-15.5637851" lon="133.211028">
      <ele>187.701</ele>
    </trkpt>
    <trkpt lat="-15.5645331" lon="133.2113339">
      <ele>186.396</ele>
    </trkpt>
    <trkpt lat="-15.5654948" lon="133.2117821">
      <ele>187.543</ele>
    </trkpt>
    <trkpt lat="-15.5656157" lon="133.2118402">
      <ele>187.489</ele>
    </trkpt>
    <trkpt lat="-15.5664887" lon="133.2122725">
      <ele>190.003</ele>
    </trkpt>
    <trkpt lat="-15.5686993" lon="133.2133695">
      <ele>191.724</ele>
    </trkpt>
    <trkpt lat="-15.5687364" lon="133.2133879">
      <ele>191.638</ele>
    </trkpt>
    <trkpt lat="-15.5690893" lon="133.213563">
      <ele>190.509</ele>
    </trkpt>
    <trkpt lat="-15.5698067" lon="133.2139235">
      <ele>187.374</ele>
    </trkpt>
    <trkpt lat="-15.5708415" lon="133.2144436">
      <ele>189.938</ele>
    </trkpt>
    <trkpt lat="-15.5711631" lon="133.2146118">
      <ele>187.51</ele>
    </trkpt>
    <trkpt lat="-15.5718402" lon="133.2149381">
      <ele>188.638</ele>
    </trkpt>
    <trkpt lat="-15.572066" lon="133.2150545">
      <ele>188.955</ele>
    </trkpt>
    <trkpt lat="-15.5723613" lon="133.2151977">
      <ele>189.067</ele>
    </trkpt>
    <trkpt lat="-15.5724041" lon="133.2152192">
      <ele>189.062</ele>
    </trkpt>
    <trkpt lat="-15.5725867" lon="133.2153125">
      <ele>189.258</ele>
    </trkpt>
    <trkpt lat="-15.572725" lon="133.2153832">
      <ele>189.216</ele>
    </trkpt>
    <trkpt lat="-15.5729145" lon="133.2154869">
      <ele>189.122</ele>
    </trkpt>
    <trkpt lat="-15.5730998" lon="133.2156167">
      <ele>189.098</ele>
    </trkpt>
    <trkpt lat="-15.5737788" lon="133.2159284">
      <ele>188.053</ele>
    </trkpt>
    <trkpt lat="-15.5745761" lon="133.2163298">
      <ele>185.313</ele>
    </trkpt>
    <trkpt lat="-15.5753017" lon="133.2166898">
      <ele>184.014</ele>
    </trkpt>
    <trkpt lat="-15.5757545" lon="133.2169144">
      <ele>186.5</ele>
    </trkpt>
    <trkpt lat="-15.5762913" lon="133.2171835">
      <ele>186.537</ele>
    </trkpt>
    <trkpt lat="-15.5779931" lon="133.2180387">
      <ele>180.463</ele>
    </trkpt>
    <trkpt lat="-15.5784933" lon="133.2182885">
      <ele>183.414</ele>
    </trkpt>
    <trkpt lat="-15.5789603" lon="133.218523">
      <ele>182.142</ele>
    </trkpt>
    <trkpt lat="-15.5797613" lon="133.2189221">
      <ele>185.859</ele>
    </trkpt>
    <trkpt lat="-15.5806955" lon="133.2193877">
      <ele>183.0</ele>
    </trkpt>
    <trkpt lat="-15.5820961" lon="133.2200917">
      <ele>182.964</ele>
    </trkpt>
    <trkpt lat="-15.5826897" lon="133.2203864">
      <ele>184.465</ele>
    </trkpt>
    <trkpt lat="-15.5832339" lon="133.2206568">
      <ele>186.722</ele>
    </trkpt>
    <trkpt lat="-15.5838198" lon="133.2209521">
      <ele>186.213</ele>
    </trkpt>
    <trkpt lat="-15.5867145" lon="133.222402">
      <ele>187.355</ele>
    </trkpt>
    <trkpt lat="-15.5867358" lon="133.2224125">
      <ele>187.448</ele>
    </trkpt>
    <trkpt lat="-15.5868964" lon="133.2224922">
      <ele>187.967</ele>
    </trkpt>
    <trkpt lat="-15.5872209" lon="133.2226529">
      <ele>188.103</ele>
    </trkpt>
    <trkpt lat="-15.5875454" lon="133.2228137">
      <ele>186.858</ele>
    </trkpt>
    <trkpt lat="-15.59067" lon="133.2243616">
      <ele>186.184</ele>
    </trkpt>
    <trkpt lat="-15.5918133" lon="133.2249233">
      <ele>182.181</ele>
    </trkpt>
    <trkpt lat="-15.5927387" lon="133.2253825">
      <ele>181.465</ele>
    </trkpt>
    <trkpt lat="-15.5928673" lon="133.2254463">
      <ele>181.284</ele>
    </trkpt>
    <trkpt lat="-15.5929009" lon="133.2254629">
      <ele>181.223</ele>
    </trkpt>
    <trkpt lat="-15.5935503" lon="133.2257836">
      <ele>183.602</ele>
    </trkpt>
    <trkpt lat="-15.5937136" lon="133.2258642">
      <ele>183.742</ele>
    </trkpt>
    <trkpt lat="-15.5937179" lon="133.2258663">
      <ele>183.734</ele>
    </trkpt>
    <trkpt lat="-15.5938802" lon="133.2259469">
      <ele>183.44</ele>
    </trkpt>
    <trkpt lat="-15.5947278" lon="133.2263678">
      <ele>181.87</ele>
    </trkpt>
    <trkpt lat="-15.5957374" lon="133.226865">
      <ele>183.405</ele>
    </trkpt>
    <trkpt lat="-15.5964717" lon="133.2272283">
      <ele>182.612</ele>
    </trkpt>
    <trkpt lat="-15.5965547" lon="133.2272694">
      <ele>183.262</ele>
    </trkpt>
    <trkpt lat="-15.5976163" lon="133.2277952">
      <ele>186.33</ele>
    </trkpt>
    <trkpt lat="-15.5995087" lon="133.2287329">
      <ele>184.438</ele>
    </trkpt>
    <trkpt lat="-15.6002018" lon="133.2290804">
      <ele>185.774</ele>
    </trkpt>
    <trkpt lat="-15.6006647" lon="133.2293124">
      <ele>186.0</ele>
    </trkpt>
    <trkpt lat="-15.6006875" lon="133.2293237">
      <ele>186.0</ele>
    </trkpt>
    <trkpt lat="-15.6020753" lon="133.2300108">
      <ele>186.021</ele>
    </trkpt>
    <trkpt lat="-15.6029262" lon="133.2304356">
      <ele>184.466</ele>
    </trkpt>
    <trkpt lat="-15.603566" lon="133.2307718">
      <ele>182.814</ele>
    </trkpt>
    <trkpt lat="-15.6040758" lon="133.2310765">
      <ele>183.797</ele>
    </trkpt>
    <trkpt lat="-15.6041828" lon="133.2311404">
      <ele>183.849</ele>
    </trkpt>
    <trkpt lat="-15.6042201" lon="133.2311659">
      <ele>183.686</ele>
    </trkpt>
    <trkpt lat="-15.6042299" lon="133.2311726">
      <ele>183.652</ele>
    </trkpt>
    <trkpt lat="-15.60437" lon="133.2312689">
      <ele>183.532</ele>
    </trkpt>
    <trkpt lat="-15.60452" lon="133.2313718">
      <ele>183.955</ele>
    </trkpt>
    <trkpt lat="-15.6046342" lon="133.2314503">
      <ele>184.442</ele>
    </trkpt>
    <trkpt lat="-15.605139" lon="133.2318174">
      <ele>185.771</ele>
    </trkpt>
    <trkpt lat="-15.605896" lon="133.2324526">
      <ele>184.417</ele>
    </trkpt>
    <trkpt lat="-15.6064193" lon="133.2329588">
      <ele>181.929</ele>
    </trkpt>
    <trkpt lat="-15.6072536" lon="133.233788">
      <ele>177.209</ele>
    </trkpt>
    <trkpt lat="-15.6077" lon="133.2342317">
      <ele>176.58</ele>
    </trkpt>
    <trkpt lat="-15.6077729" lon="133.2343049">
      <ele>176.524</ele>
    </trkpt>
    <trkpt lat="-15.6077819" lon="133.234314">
      <ele>176.515</ele>
    </trkpt>
    <trkpt lat="-15.6079021" lon="133.2344348">
      <ele>176.101</ele>
    </trkpt>
    <trkpt lat="-15.6082896" lon="133.2348245">
      <ele>175.146</ele>
    </trkpt>
    <trkpt lat="-15.6086514" lon="133.2351884">
      <ele>179.533</ele>
    </trkpt>
    <trkpt lat="-15.6098445" lon="133.2363786">
      <ele>182.984</ele>
    </trkpt>
    <trkpt lat="-15.6099742" lon="133.2365079">
      <ele>183.817</ele>
    </trkpt>
    <trkpt lat="-15.610287" lon="133.23682">
      <ele>183.471</ele>
    </trkpt>
    <trkpt lat="-15.6119161" lon="133.2384523">
      <ele>183.326</ele>
    </trkpt>
    <trkpt lat="-15.6120455" lon="133.238582">
      <ele>183.895</ele>
    </trkpt>
    <trkpt lat="-15.61219" lon="133.2387268">
      <ele>184.0</ele>
    </trkpt>
    <trkpt lat="-15.6136932" lon="133.2402277">
      <ele>187.169</ele>
    </trkpt>
    <trkpt lat="-15.6137305" lon="133.2402648">
      <ele>187.403</ele>
    </trkpt>
    <trkpt lat="-15.6139901" lon="133.2405233">
      <ele>188.926</ele>
    </trkpt>
    <trkpt lat="-15.6150287" lon="133.2415572">
      <ele>188.0</ele>
    </trkpt>
    <trkpt lat="-15.6150385" lon="133.2415669">
      <ele>188.0</ele>
    </trkpt>
    <trkpt lat="-15.6151585" lon="133.2416864">
      <ele>188.0</ele>
    </trkpt>
    <trkpt lat="-15.6151683" lon="133.2416962">
      <ele>188.0</ele>
    </trkpt>
    <trkpt lat="-15.6152657" lon="133.2417932">
      <ele>188.0</ele>
    </trkpt>
    <trkpt lat="-15.6152884" lon="133.2418156">
      <ele>188.021</ele>
    </trkpt>
    <trkpt lat="-15.6154188" lon="133.2419442">
      <ele>188.507</ele>
    </trkpt>
    <trkpt lat="-15.6162017" lon="133.2427153">
      <ele>188.927</ele>
    </trkpt>
    <trkpt lat="-15.6180282" lon="133.2445147">
      <ele>181.049</ele>
    </trkpt>
    <trkpt lat="-15.6181586" lon="133.2446433">
      <ele>181.0</ele>
    </trkpt>
    <trkpt lat="-15.6181688" lon="133.2446533">
      <ele>181.0</ele>
    </trkpt>
    <trkpt lat="-15.6195931" lon="133.2460566">
      <ele>187.107</ele>
    </trkpt>
    <trkpt lat="-15.6199847" lon="133.2464433">
      <ele>182.925</ele>
    </trkpt>
    <trkpt lat="-15.6202261" lon="133.2466817">
      <ele>182.054</ele>
    </trkpt>
    <trkpt lat="-15.6202454" lon="133.2467006">
      <ele>182.122</ele>
    </trkpt>
    <trkpt lat="-15.6203758" lon="133.2468291">
      <ele>182.525</ele>
    </trkpt>
    <trkpt lat="-15.6205166" lon="133.2469679">
      <ele>182.091</ele>
    </trkpt>
    <trkpt lat="-15.6210871" lon="133.2475303">
      <ele>183.318</ele>
    </trkpt>
    <trkpt lat="-15.6227908" lon="133.2491991">
      <ele>178.725</ele>
    </trkpt>
    <trkpt lat="-15.62372" lon="133.2500939">
      <ele>179.814</ele>
    </trkpt>
    <trkpt lat="-15.6241439" lon="133.2505441">
      <ele>179.119</ele>
    </trkpt>
    <trkpt lat="-15.624166" lon="133.2505632">
      <ele>179.087</ele>
    </trkpt>
    <trkpt lat="-15.6244668" lon="133.2508386">
      <ele>181.998</ele>
    </trkpt>
    <trkpt lat="-15.6282345" lon="133.2544769">
      <ele>180.075</ele>
    </trkpt>
    <trkpt lat="-15.6326805" lon="133.2587722">
      <ele>181.12</ele>
    </trkpt>
    <trkpt lat="-15.6346934" lon="133.2607321">
      <ele>176.236</ele>
    </trkpt>
    <trkpt lat="-15.636086" lon="133.2620613">
      <ele>179.624</ele>
    </trkpt>
    <trkpt lat="-15.6370618" lon="133.2630073">
      <ele>178.477</ele>
    </trkpt>
    <trkpt lat="-15.6386002" lon="133.2645278">
      <ele>184.249</ele>
    </trkpt>
    <trkpt lat="-15.6414662" lon="133.2672362">
      <ele>181.885</ele>
    </trkpt>
    <trkpt lat="-15.6415992" lon="133.2673619">
      <ele>180.614</ele>
    </trkpt>
    <trkpt lat="-15.6416926" lon="133.2674501">
      <ele>179.599</ele>
    </trkpt>
    <trkpt lat="-15.6418239" lon="133.267577">
      <ele>179.409</ele>
    </trkpt>
    <trkpt lat="-15.642295" lon="133.2680299">
      <ele>179.976</ele>
    </trkpt>
    <trkpt lat="-15.6441283" lon="133.2697663">
      <ele>184.339</ele>
    </trkpt>
    <trkpt lat="-15.6450144" lon="133.270612">
      <ele>186.011</ele>
    </trkpt>
    <trkpt lat="-15.6456629" lon="133.2712385">
      <ele>187.26</ele>
    </trkpt>
    <trkpt lat="-15.645963" lon="133.2715398">
      <ele>187.0</ele>
    </trkpt>
    <trkpt lat="-15.6460924" lon="133.2716696">
      <ele>187.0</ele>
    </trkpt>
    <trkpt lat="-15.6462217" lon="133.2717994">
      <ele>187.398</ele>
    </trkpt>
    <trkpt lat="-15.6462794" lon="133.2718573">
      <ele>187.606</ele>
    </trkpt>
    <trkpt lat="-15.6463017" lon="133.2718797">
      <ele>187.686</ele>
    </trkpt>
    <trkpt lat="-15.6464306" lon="133.2720093">
      <ele>187.767</ele>
    </trkpt>
    <trkpt lat="-15.6481079" lon="133.2736958">
      <ele>184.695</ele>
    </trkpt>
    <trkpt lat="-15.6494469" lon="133.2750532">
      <ele>181.808</ele>
    </trkpt>
    <trkpt lat="-15.6495194" lon="133.2751267">
      <ele>181.544</ele>
    </trkpt>
    <trkpt lat="-15.6497765" lon="133.2753861">
      <ele>181.119</ele>
    </trkpt>
    <trkpt lat="-15.6510668" lon="133.2766885">
      <ele>181.24</ele>
    </trkpt>
    <trkpt lat="-15.6521568" lon="133.2777774">
      <ele>181.001</ele>
    </trkpt>
    <trkpt lat="-15.6521817" lon="133.2778059">
      <ele>181.086</ele>
    </trkpt>
    <trkpt lat="-15.6522028" lon="133.2778399">
      <ele>181.208</ele>
    </trkpt>
    <trkpt lat="-15.6522267" lon="133.2778721">
      <ele>181.35</ele>
    </trkpt>
    <trkpt lat="-15.6522385" lon="133.2779038">
      <ele>181.486</ele>
    </trkpt>
    <trkpt lat="-15.6522841" lon="133.2779496">
      <ele>181.704</ele>
    </trkpt>
    <trkpt lat="-15.6523314" lon="133.278005">
      <ele>181.89</ele>
    </trkpt>
    <trkpt lat="-15.6547163" lon="133.2804041">
      <ele>182.957</ele>
    </trkpt>
    <trkpt lat="-15.6547739" lon="133.2804621">
      <ele>183.372</ele>
    </trkpt>
    <trkpt lat="-15.6548466" lon="133.2805327">
      <ele>183.896</ele>
    </trkpt>
    <trkpt lat="-15.654905" lon="133.2805894">
      <ele>184.114</ele>
    </trkpt>
    <trkpt lat="-15.6551309" lon="133.2808218">
      <ele>183.083</ele>
    </trkpt>
    <trkpt lat="-15.6568944" lon="133.2826003">
      <ele>184.279</ele>
    </trkpt>
    <trkpt lat="-15.657001" lon="133.2827101">
      <ele>184.601</ele>
    </trkpt>
    <trkpt lat="-15.6586942" lon="133.2844382">
      <ele>179.007</ele>
    </trkpt>
    <trkpt lat="-15.6604935" lon="133.2862536">
      <ele>179.223</ele>
    </trkpt>
    <trkpt lat="-15.6607338" lon="133.2864981">
      <ele>178.751</ele>
    </trkpt>
    <trkpt lat="-15.6617866" lon="133.2875572">
      <ele>179.677</ele>
    </trkpt>
    <trkpt lat="-15.6620449" lon="133.287817">
      <ele>179.441</ele>
    </trkpt>
    <trkpt lat="-15.6621748" lon="133.2879465">
      <ele>179.444</ele>
    </trkpt>
    <trkpt lat="-15.6625255" lon="133.2882962">
      <ele>179.267</ele>
    </trkpt>
    <trkpt lat="-15.6631268" lon="133.2888603">
      <ele>180.0</ele>
    </trkpt>
    <trkpt lat="-15.6635933" lon="133.2892582">
      <ele>179.362</ele>
    </trkpt>
    <trkpt lat="-15.6639786" lon="133.2895666">
      <ele>178.025</ele>
    </trkpt>
    <trkpt lat="-15.6642906" lon="133.2897922">
      <ele>179.194</ele>
    </trkpt>
    <trkpt lat="-15.6643825" lon="133.289857">
      <ele>179.292</ele>
    </trkpt>
    <trkpt lat="-15.6645312" lon="133.289962">
      <ele>179.222</ele>
    </trkpt>
    <trkpt lat="-15.6645322" lon="133.2899627">
      <ele>179.219</ele>
    </trkpt>
    <trkpt lat="-15.664639" lon="133.2900387">
      <ele>178.958</ele>
    </trkpt>
    <trkpt lat="-15.6646807" lon="133.2900658">
      <ele>178.965</ele>
    </trkpt>
    <trkpt lat="-15.6648351" lon="133.2901661">
      <ele>179.976</ele>
    </trkpt>
    <trkpt lat="-15.6649875" lon="133.2902609">
      <ele>180.968</ele>
    </trkpt>
    <trkpt lat="-15.6649886" lon="133.2902616">
      <ele>180.974</ele>
    </trkpt>
    <trkpt lat="-15.6652247" lon="133.2904149">
      <ele>181.41</ele>
    </trkpt>
    <trkpt lat="-15.6656251" lon="133.2906541">
      <ele>179.089</ele>
    </trkpt>
    <trkpt lat="-15.6665885" lon="133.2911813">
      <ele>181.821</ele>
    </trkpt>
    <trkpt lat="-15.667521" lon="133.2916829">
      <ele>183.205</ele>
    </trkpt>
    <trkpt lat="-15.6681352" lon="133.2920081">
      <ele>185.713</ele>
    </trkpt>
    <trkpt lat="-15.6686348" lon="133.292286">
      <ele>182.541</ele>
    </trkpt>
    <trkpt lat="-15.6687933" lon="133.2923742">
      <ele>181.906</ele>
    </trkpt>
    <trkpt lat="-15.6687957" lon="133.2923756">
      <ele>181.896</ele>
    </trkpt>
    <trkpt lat="-15.6692763" lon="133.2926307">
      <ele>181.529</ele>
    </trkpt>
    <trkpt lat="-15.6717055" lon="133.2939457">
      <ele>178.093</ele>
    </trkpt>
    <trkpt lat="-15.672986" lon="133.2946316">
      <ele>179.429</ele>
    </trkpt>
    <trkpt lat="-15.6732639" lon="133.2947825">
      <ele>180.0</ele>
    </trkpt>
    <trkpt lat="-15.6734233" lon="133.294869">
      <ele>179.676</ele>
    </trkpt>
    <trkpt lat="-15.6734256" lon="133.2948702">
      <ele>179.668</ele>
    </trkpt>
    <trkpt lat="-15.6735819" lon="133.2949612">
      <ele>179.105</ele>
    </trkpt>
    <trkpt lat="-15.6737399" lon="133.2950464">
      <ele>178.614</ele>
    </trkpt>
    <trkpt lat="-15.6738996" lon="133.2951324">
      <ele>178.477</ele>
    </trkpt>
    <trkpt lat="-15.6757464" lon="133.2961279">
      <ele>176.354</ele>
    </trkpt>
    <trkpt lat="-15.6770112" lon="133.2968129">
      <ele>175.76</ele>
    </trkpt>
    <trkpt lat="-15.6786899" lon="133.297712">
      <ele>176.594</ele>
    </trkpt>
    <trkpt lat="-15.6786922" lon="133.2977133">
      <ele>176.604</ele>
    </trkpt>
    <trkpt lat="-15.6788497" lon="133.2977977">
      <ele>177.0</ele>
    </trkpt>
    <trkpt lat="-15.6793612" lon="133.2980716">
      <ele>176.96</ele>
    </trkpt>
    <trkpt lat="-15.6801259" lon="133.2985028">
      <ele>175.944</ele>
    </trkpt>
    <trkpt lat="-15.6804782" lon="133.2987246">
      <ele>174.984</ele>
    </trkpt>
    <trkpt lat="-15.680899" lon="133.2990071">
      <ele>175.325</ele>
    </trkpt>
    <trkpt lat="-15.6812795" lon="133.2992875">
      <ele>174.565</ele>
    </trkpt>
    <trkpt lat="-15.6814464" lon="133.2994185">
      <ele>173.793</ele>
    </trkpt>
    <trkpt lat="-15.6818988" lon="133.2997939">
      <ele>171.422</ele>
    </trkpt>
    <trkpt lat="-15.6822678" lon="133.3001176">
      <ele>171.847</ele>
    </trkpt>
    <trkpt lat="-15.6826471" lon="133.300474">
      <ele>172.492</ele>
    </trkpt>
    <trkpt lat="-15.6830466" lon="133.3008861">
      <ele>172.804</ele>
    </trkpt>
    <trkpt lat="-15.6833395" lon="133.301218">
      <ele>172.632</ele>
    </trkpt>
    <trkpt lat="-15.6838019" lon="133.3017664">
      <ele>174.641</ele>
    </trkpt>
    <trkpt lat="-15.6840858" lon="133.3021462">
      <ele>173.806</ele>
    </trkpt>
    <trkpt lat="-15.6841093" lon="133.3021777">
      <ele>173.873</ele>
    </trkpt>
    <trkpt lat="-15.6841957" lon="133.3022939">
      <ele>174.385</ele>
    </trkpt>
    <trkpt lat="-15.6842034" lon="133.302305">
      <ele>174.424</ele>
    </trkpt>
    <trkpt lat="-15.6844066" lon="133.3025956">
      <ele>174.523</ele>
    </trkpt>
    <trkpt lat="-15.6844145" lon="133.3026075">
      <ele>174.519</ele>
    </trkpt>
    <trkpt lat="-15.6845308" lon="133.3027813">
      <ele>175.009</ele>
    </trkpt>
    <trkpt lat="-15.6848075" lon="133.3032347">
      <ele>174.246</ele>
    </trkpt>
    <trkpt lat="-15.6854506" lon="133.3043388">
      <ele>175.62</ele>
    </trkpt>
    <trkpt lat="-15.6858321" lon="133.3050143">
      <ele>174.06</ele>
    </trkpt>
    <trkpt lat="-15.6868152" lon="133.3067199">
      <ele>174.192</ele>
    </trkpt>
    <trkpt lat="-15.6876219" lon="133.3080144">
      <ele>176.626</ele>
    </trkpt>
    <trkpt lat="-15.6878808" lon="133.3084297">
      <ele>177.129</ele>
    </trkpt>
    <trkpt lat="-15.6884971" lon="133.3096272">
      <ele>178.039</ele>
    </trkpt>
    <trkpt lat="-15.68877" lon="133.3100914">
      <ele>179.572</ele>
    </trkpt>
    <trkpt lat="-15.6890228" lon="133.3105257">
      <ele>178.625</ele>
    </trkpt>
    <trkpt lat="-15.6893672" lon="133.3110726">
      <ele>177.9</ele>
    </trkpt>
    <trkpt lat="-15.6896648" lon="133.3114996">
      <ele>177.766</ele>
    </trkpt>
    <trkpt lat="-15.6898504" lon="133.3117513">
      <ele>177.618</ele>
    </trkpt>
    <trkpt lat="-15.69016" lon="133.3121403">
      <ele>177.871</ele>
    </trkpt>
    <trkpt lat="-15.690623" lon="133.312678">
      <ele>178.0</ele>
    </trkpt>
    <trkpt lat="-15.6909946" lon="133.3130636">
      <ele>180.029</ele>
    </trkpt>
    <trkpt lat="-15.6913002" lon="133.3133682">
      <ele>180.319</ele>
    </trkpt>
    <trkpt lat="-15.6916147" lon="133.313661">
      <ele>179.187</ele>
    </trkpt>
    <trkpt lat="-15.6919642" lon="133.3139636">
      <ele>179.321</ele>
    </trkpt>
    <trkpt lat="-15.6923162" lon="133.3142492">
      <ele>180.338</ele>
    </trkpt>
    <trkpt lat="-15.6926792" lon="133.3145252">
      <ele>180.252</ele>
    </trkpt>
    <trkpt lat="-15.6929354" lon="133.31471">
      <ele>179.433</ele>
    </trkpt>
    <trkpt lat="-15.693159" lon="133.3148645">
      <ele>178.809</ele>
    </trkpt>
    <trkpt lat="-15.6933658" lon="133.3150003">
      <ele>178.0</ele>
    </trkpt>
    <trkpt lat="-15.6938791" lon="133.3153076">
      <ele>180.283</ele>
    </trkpt>
    <trkpt lat="-15.6942493" lon="133.3155123">
      <ele>181.186</ele>
    </trkpt>
    <trkpt lat="-15.6947022" lon="133.3157494">
      <ele>179.072</ele>
    </trkpt>
    <trkpt lat="-15.6950039" lon="133.3158917">
      <ele>179.79</ele>
    </trkpt>
    <trkpt lat="-15.6956405" lon="133.3161741">
      <ele>179.533</ele>
    </trkpt>
    <trkpt lat="-15.6972924" lon="133.3168775">
      <ele>181.808</ele>
    </trkpt>
    <trkpt lat="-15.698397" lon="133.317351">
      <ele>179.565</ele>
    </trkpt>
    <trkpt lat="-15.6991279" lon="133.3176572">
      <ele>183.295</ele>
    </trkpt>
    <trkpt lat="-15.6998995" lon="133.3179907">
      <ele>184.362</ele>
    </trkpt>
    <trkpt lat="-15.700948" lon="133.3184627">
      <ele>182.0</ele>
    </trkpt>
    <trkpt lat="-15.7010451" lon="133.3185064">
      <ele>182.0</ele>
    </trkpt>
    <trkpt lat="-15.7011114" lon="133.3185408">
      <ele>182.001</ele>
    </trkpt>
    <trkpt lat="-15.7012723" lon="133.3186244">
      <ele>182.628</ele>
    </trkpt>
    <trkpt lat="-15.7014331" lon="133.3187079">
      <ele>183.404</ele>
    </trkpt>
    <trkpt lat="-15.7015218" lon="133.318754">
      <ele>183.761</ele>
    </trkpt>
    <trkpt lat="-15.7022968" lon="133.319207">
      <ele>183.855</ele>
    </trkpt>
    <trkpt lat="-15.7027309" lon="133.3195001">
      <ele>182.169</ele>
    </trkpt>
    <trkpt lat="-15.7034002" lon="133.3199946">
      <ele>181.019</ele>
    </trkpt>
    <trkpt lat="-15.7038531" lon="133.3203733">
      <ele>184.259</ele>
    </trkpt>
    <trkpt lat="-15.7042396" lon="133.32072">
      <ele>184.0</ele>
    </trkpt>
    <trkpt lat="-15.7045803" lon="133.3210532">
      <ele>184.204</ele>
    </trkpt>
    <trkpt lat="-15.7048979" lon="133.3213777">
      <ele>184.378</ele>
    </trkpt>
    <trkpt lat="-15.7053327" lon="133.3218568">
      <ele>184.622</ele>
    </trkpt>
    <trkpt lat="-15.7055859" lon="133.322162">
      <ele>184.782</ele>
    </trkpt>
    <trkpt lat="-15.705754" lon="133.3223727">
      <ele>182.875</ele>
    </trkpt>
    <trkpt lat="-15.7059034" lon="133.3225661">
      <ele>182.252</ele>
    </trkpt>
    <trkpt lat="-15.7063241" lon="133.3231657">
      <ele>182.092</ele>
    </trkpt>
    <trkpt lat="-15.70667" lon="133.3237204">
      <ele>181.995</ele>
    </trkpt>
    <trkpt lat="-15.7068471" lon="133.3240262">
      <ele>181.524</ele>
    </trkpt>
    <trkpt lat="-15.7070133" lon="133.3243072">
      <ele>182.257</ele>
    </trkpt>
    <trkpt lat="-15.7071866" lon="133.3246498">
      <ele>182.45</ele>
    </trkpt>
    <trkpt lat="-15.7075274" lon="133.3253745">
      <ele>181.511</ele>
    </trkpt>
    <trkpt lat="-15.7081412" lon="133.3267142">
      <ele>185.094</ele>
    </trkpt>
    <trkpt lat="-15.7091133" lon="133.3288434">
      <ele>182.707</ele>
    </trkpt>
    <trkpt lat="-15.7093986" lon="133.3294687">
      <ele>183.252</ele>
    </trkpt>
    <trkpt lat="-15.7108561" lon="133.3326797">
      <ele>181.112</ele>
    </trkpt>
    <trkpt lat="-15.7109328" lon="133.3328487">
      <ele>180.358</ele>
    </trkpt>
    <trkpt lat="-15.7110056" lon="133.3330092">
      <ele>180.62</ele>
    </trkpt>
    <trkpt lat="-15.711245" lon="133.3335269">
      <ele>180.011</ele>
    </trkpt>
    <trkpt lat="-15.7114576" lon="133.3339705">
      <ele>180.578</ele>
    </trkpt>
    <trkpt lat="-15.7117955" lon="133.3345926">
      <ele>180.031</ele>
    </trkpt>
    <trkpt lat="-15.7120846" lon="133.335089">
      <ele>181.641</ele>
    </trkpt>
    <trkpt lat="-15.7121257" lon="133.3351495">
      <ele>182.076</ele>
    </trkpt>
    <trkpt lat="-15.7122294" lon="133.3353021">
      <ele>182.948</ele>
    </trkpt>
    <trkpt lat="-15.7123331" lon="133.3354548">
      <ele>182.202</ele>
    </trkpt>
    <trkpt lat="-15.712357" lon="133.3354899">
      <ele>182.03</ele>
    </trkpt>
    <trkpt lat="-15.7127574" lon="133.3360584">
      <ele>180.575</ele>
    </trkpt>
    <trkpt lat="-15.712772" lon="133.336079">
      <ele>180.753</ele>
    </trkpt>
    <trkpt lat="-15.7129744" lon="133.3363564">
      <ele>180.467</ele>
    </trkpt>
    <trkpt lat="-15.7131916" lon="133.3366543">
      <ele>178.533</ele>
    </trkpt>
    <trkpt lat="-15.7133002" lon="133.3368032">
      <ele>178.611</ele>
    </trkpt>
    <trkpt lat="-15.7135175" lon="133.337101">
      <ele>179.754</ele>
    </trkpt>
    <trkpt lat="-15.713586" lon="133.337195">
      <ele>179.984</ele>
    </trkpt>
    <trkpt lat="-15.7147746" lon="133.3388021">
      <ele>179.935</ele>
    </trkpt>
    <trkpt lat="-15.7158811" lon="133.3402914">
      <ele>182.0</ele>
    </trkpt>
    <trkpt lat="-15.7161498" lon="133.3406553">
      <ele>182.807</ele>
    </trkpt>
    <trkpt lat="-15.7162592" lon="133.3408035">
      <ele>183.842</ele>
    </trkpt>
    <trkpt lat="-15.7163687" lon="133.3409518">
      <ele>184.0</ele>
    </trkpt>
    <trkpt lat="-15.7164781" lon="133.3411">
      <ele>183.371</ele>
    </trkpt>
    <trkpt lat="-15.7165876" lon="133.3412483">
      <ele>182.429</ele>
    </trkpt>
    <trkpt lat="-15.7166971" lon="133.3413966">
      <ele>181.924</ele>
    </trkpt>
    <trkpt lat="-15.7173163" lon="133.3422353">
      <ele>183.63</ele>
    </trkpt>
    <trkpt lat="-15.719208" lon="133.3448092">
      <ele>182.898</ele>
    </trkpt>
    <trkpt lat="-15.7203312" lon="133.346323">
      <ele>183.853</ele>
    </trkpt>
    <trkpt lat="-15.7221826" lon="133.3488369">
      <ele>183.741</ele>
    </trkpt>
    <trkpt lat="-15.7233369" lon="133.350395">
      <ele>185.435</ele>
    </trkpt>
    <trkpt lat="-15.7236987" lon="133.3508887">
      <ele>187.685</ele>
    </trkpt>
    <trkpt lat="-15.7240255" lon="133.3513348">
      <ele>185.934</ele>
    </trkpt>
    <trkpt lat="-15.7241344" lon="133.3514835">
      <ele>184.726</ele>
    </trkpt>
    <trkpt lat="-15.7245863" lon="133.3521001">
      <ele>184.511</ele>
    </trkpt>
    <trkpt lat="-15.7247893" lon="133.3523746">
      <ele>185.0</ele>
    </trkpt>
    <trkpt lat="-15.7248988" lon="133.3525228">
      <ele>185.0</ele>
    </trkpt>
    <trkpt lat="-15.7250084" lon="133.352671">
      <ele>185.0</ele>
    </trkpt>
    <trkpt lat="-15.725118" lon="133.3528191">
      <ele>185.0</ele>
    </trkpt>
    <trkpt lat="-15.7252276" lon="133.3529673">
      <ele>185.0</ele>
    </trkpt>
    <trkpt lat="-15.72531" lon="133.3530788">
      <ele>184.884</ele>
    </trkpt>
    <trkpt lat="-15.7253381" lon="133.3531147">
      <ele>184.783</ele>
    </trkpt>
    <trkpt lat="-15.7254517" lon="133.3532596">
      <ele>184.374</ele>
    </trkpt>
    <trkpt lat="-15.7255975" lon="133.3534457">
      <ele>184.192</ele>
    </trkpt>
    <trkpt lat="-15.7258267" lon="133.3537175">
      <ele>183.795</ele>
    </trkpt>
    <trkpt lat="-15.7260861" lon="133.354014">
      <ele>185.041</ele>
    </trkpt>
    <trkpt lat="-15.72648" lon="133.3544109">
      <ele>184.288</ele>
    </trkpt>
    <trkpt lat="-15.72679" lon="133.3546922">
      <ele>185.84</ele>
    </trkpt>
    <trkpt lat="-15.726967" lon="133.3548449">
      <ele>186.071</ele>
    </trkpt>
    <trkpt lat="-15.7276765" lon="133.3554377">
      <ele>182.483</ele>
    </trkpt>
    <trkpt lat="-15.7290759" lon="133.3565989">
      <ele>181.92</ele>
    </trkpt>
    <trkpt lat="-15.7292165" lon="133.3567155">
      <ele>182.0</ele>
    </trkpt>
    <trkpt lat="-15.7292596" lon="133.3567513">
      <ele>182.0</ele>
    </trkpt>
    <trkpt lat="-15.7293573" lon="133.3568317">
      <ele>182.0</ele>
    </trkpt>
    <trkpt lat="-15.7294983" lon="133.3569477">
      <ele>181.808</ele>
    </trkpt>
    <trkpt lat="-15.7304484" lon="133.3577294">
      <ele>181.44</ele>
    </trkpt>
    <trkpt lat="-15.7315586" lon="133.3586437">
      <ele>185.2</ele>
    </trkpt>
    <trkpt lat="-15.7321791" lon="133.3591496">
      <ele>182.854</ele>
    </trkpt>
    <trkpt lat="-15.7326036" lon="133.3594957">
      <ele>184.253</ele>
    </trkpt>
    <trkpt lat="-15.7327451" lon="133.3596111">
      <ele>185.129</ele>
    </trkpt>
    <trkpt lat="-15.7329213" lon="133.3597548">
      <ele>185.657</ele>
    </trkpt>
    <trkpt lat="-15.7334491" lon="133.3601924">
      <ele>184.276</ele>
    </trkpt>
    <trkpt lat="-15.7335896" lon="133.360309">
      <ele>184.181</ele>
    </trkpt>
    <trkpt lat="-15.7340113" lon="133.3606588">
      <ele>183.836</ele>
    </trkpt>
    <trkpt lat="-15.7340569" lon="133.3606965">
      <ele>183.693</ele>
    </trkpt>
    <trkpt lat="-15.7341521" lon="133.3607751">
      <ele>183.251</ele>
    </trkpt>
    <trkpt lat="-15.7342929" lon="133.3608913">
      <ele>183.209</ele>
    </trkpt>
    <trkpt lat="-15.7350331" lon="133.3615021">
      <ele>185.049</ele>
    </trkpt>
    <trkpt lat="-15.735848" lon="133.3621752">
      <ele>184.16</ele>
    </trkpt>
    <trkpt lat="-15.7365172" lon="133.3627285">
      <ele>185.0</ele>
    </trkpt>
    <trkpt lat="-15.7373032" lon="133.3633795">
      <ele>186.473</ele>
    </trkpt>
    <trkpt lat="-15.7380936" lon="133.3640321">
      <ele>185.176</ele>
    </trkpt>
    <trkpt lat="-15.7382908" lon="133.3641949">
      <ele>185.608</ele>
    </trkpt>
    <trkpt lat="-15.7389384" lon="133.3647298">
      <ele>186.173</ele>
    </trkpt>
    <trkpt lat="-15.7392229" lon="133.3649649">
      <ele>186.126</ele>
    </trkpt>
    <trkpt lat="-15.7397835" lon="133.3654271">
      <ele>185.043</ele>
    </trkpt>
    <trkpt lat="-15.7402128" lon="133.3657811">
      <ele>186.198</ele>
    </trkpt>
    <trkpt lat="-15.7406282" lon="133.3661249">
      <ele>186.738</ele>
    </trkpt>
    <trkpt lat="-15.7407689" lon="133.3662413">
      <ele>186.232</ele>
    </trkpt>
    <trkpt lat="-15.7409095" lon="133.3663577">
      <ele>185.726</ele>
    </trkpt>
    <trkpt lat="-15.7410962" lon="133.3665123">
      <ele>185.918</ele>
    </trkpt>
    <trkpt lat="-15.7416151" lon="133.3669372">
      <ele>188.788</ele>
    </trkpt>
    <trkpt lat="-15.7417783" lon="133.3670708">
      <ele>189.13</ele>
    </trkpt>
    <trkpt lat="-15.7426221" lon="133.3677716">
      <ele>185.012</ele>
    </trkpt>
    <trkpt lat="-15.7428823" lon="133.3679837">
      <ele>185.376</ele>
    </trkpt>
    <trkpt lat="-15.7435521" lon="133.3685295">
      <ele>187.938</ele>
    </trkpt>
    <trkpt lat="-15.7457713" lon="133.3703626">
      <ele>186.155</ele>
    </trkpt>
    <trkpt lat="-15.7465474" lon="133.3710014">
      <ele>187.0</ele>
    </trkpt>
    <trkpt lat="-15.7471489" lon="133.3714965">
      <ele>186.613</ele>
    </trkpt>
    <trkpt lat="-15.7478148" lon="133.3720477">
      <ele>184.929</ele>
    </trkpt>
    <trkpt lat="-15.7479555" lon="133.3721641">
      <ele>185.117</ele>
    </trkpt>
    <trkpt lat="-15.7480962" lon="133.3722806">
      <ele>184.872</ele>
    </trkpt>
    <trkpt lat="-15.7482891" lon="133.3724402">
      <ele>185.112</ele>
    </trkpt>
    <trkpt lat="-15.7483771" lon="133.372514">
      <ele>185.315</ele>
    </trkpt>
    <trkpt lat="-15.7485171" lon="133.3726313">
      <ele>186.323</ele>
    </trkpt>
    <trkpt lat="-15.7486571" lon="133.3727487">
      <ele>187.331</ele>
    </trkpt>
    <trkpt lat="-15.7487971" lon="133.372866">
      <ele>188.549</ele>
    </trkpt>
    <trkpt lat="-15.7492338" lon="133.373232">
      <ele>188.035</ele>
    </trkpt>
    <trkpt lat="-15.749526" lon="133.373462">
      <ele>186.537</ele>
    </trkpt>
    <trkpt lat="-15.7504069" lon="133.3741902">
      <ele>187.0</ele>
    </trkpt>
    <trkpt lat="-15.7517043" lon="133.3752725">
      <ele>185.848</ele>
    </trkpt>
    <trkpt lat="-15.7525521" lon="133.3759727">
      <ele>188.877</ele>
    </trkpt>
    <trkpt lat="-15.752833" lon="133.3761909">
      <ele>190.028</ele>
    </trkpt>
    <trkpt lat="-15.7531731" lon="133.3764613">
      <ele>187.261</ele>
    </trkpt>
    <trkpt lat="-15.753366" lon="133.3765866">
      <ele>187.628</ele>
    </trkpt>
    <trkpt lat="-15.7537204" lon="133.3768103">
      <ele>187.517</ele>
    </trkpt>
    <trkpt lat="-15.753925" lon="133.376912">
      <ele>187.883</ele>
    </trkpt>
    <trkpt lat="-15.7542987" lon="133.3770935">
      <ele>187.463</ele>
    </trkpt>
    <trkpt lat="-15.754519" lon="133.3771989">
      <ele>187.084</ele>
    </trkpt>
    <trkpt lat="-15.7548339" lon="133.377319">
      <ele>187.054</ele>
    </trkpt>
    <trkpt lat="-15.755139" lon="133.3774289">
      <ele>188.001</ele>
    </trkpt>
    <trkpt lat="-15.7553741" lon="133.3774899">
      <ele>188.27</ele>
    </trkpt>
    <trkpt lat="-15.755795" lon="133.377599">
      <ele>187.049</ele>
    </trkpt>
    <trkpt lat="-15.7561752" lon="133.3776726">
      <ele>187.473</ele>
    </trkpt>
    <trkpt lat="-15.756473" lon="133.3777139">
      <ele>188.54</ele>
    </trkpt>
    <trkpt lat="-15.7568447" lon="133.3777543">
      <ele>188.244</ele>
    </trkpt>
    <trkpt lat="-15.7571275" lon="133.377767">
      <ele>186.643</ele>
    </trkpt>
    <trkpt lat="-15.7573064" lon="133.377765">
      <ele>186.56</ele>
    </trkpt>
    <trkpt lat="-15.7574653" lon="133.377765">
      <ele>187.704</ele>
    </trkpt>
    <trkpt lat="-15.757766" lon="133.377752">
      <ele>188.865</ele>
    </trkpt>
    <trkpt lat="-15.7584049" lon="133.377696">
      <ele>187.0</ele>
    </trkpt>
    <trkpt lat="-15.7585819" lon="133.3776805">
      <ele>187.0</ele>
    </trkpt>
    <trkpt lat="-15.7587631" lon="133.3776621">
      <ele>187.775</ele>
    </trkpt>
    <trkpt lat="-15.7597374" lon="133.3775632">
      <ele>187.988</ele>
    </trkpt>
    <trkpt lat="-15.7598371" lon="133.3775528">
      <ele>187.921</ele>
    </trkpt>
    <trkpt lat="-15.7600161" lon="133.3775341">
      <ele>187.884</ele>
    </trkpt>
    <trkpt lat="-15.760362" lon="133.3774979">
      <ele>188.907</ele>
    </trkpt>
    <trkpt lat="-15.7619867" lon="133.3773456">
      <ele>190.613</ele>
    </trkpt>
    <trkpt lat="-15.7630609" lon="133.377243">
      <ele>189.073</ele>
    </trkpt>
    <trkpt lat="-15.76324" lon="133.3772259">
      <ele>189.004</ele>
    </trkpt>
    <trkpt lat="-15.7634498" lon="133.3772059">
      <ele>189.537</ele>
    </trkpt>
    <trkpt lat="-15.7655675" lon="133.3769934">
      <ele>188.0</ele>
    </trkpt>
    <trkpt lat="-15.7657466" lon="133.3769754">
      <ele>188.0</ele>
    </trkpt>
    <trkpt lat="-15.7659256" lon="133.3769575">
      <ele>188.016</ele>
    </trkpt>
    <trkpt lat="-15.7661046" lon="133.3769395">
      <ele>188.018</ele>
    </trkpt>
    <trkpt lat="-15.7665058" lon="133.3768992">
      <ele>188.0</ele>
    </trkpt>
    <trkpt lat="-15.7677045" lon="133.376789">
      <ele>186.292</ele>
    </trkpt>
    <trkpt lat="-15.7692625" lon="133.3766321">
      <ele>187.779</ele>
    </trkpt>
    <trkpt lat="-15.770394" lon="133.3765169">
      <ele>186.265</ele>
    </trkpt>
    <trkpt lat="-15.7707335" lon="133.376493">
      <ele>188.806</ele>
    </trkpt>
    <trkpt lat="-15.771082" lon="133.376489">
      <ele>188.753</ele>
    </trkpt>
    <trkpt lat="-15.7715284" lon="133.3764823">
      <ele>187.327</ele>
    </trkpt>
    <trkpt lat="-15.772" lon="133.3764849">
      <ele>188.069</ele>
    </trkpt>
    <trkpt lat="-15.7723704" lon="133.3764901">
      <ele>188.364</ele>
    </trkpt>
    <trkpt lat="-15.772725" lon="133.3765109">
      <ele>187.629</ele>
    </trkpt>
    <trkpt lat="-15.773287" lon="133.376564">
      <ele>187.308</ele>
    </trkpt>
    <trkpt lat="-15.7741571" lon="133.3766549">
      <ele>187.032</ele>
    </trkpt>
    <trkpt lat="-15.774171" lon="133.3766564">
      <ele>187.015</ele>
    </trkpt>
    <trkpt lat="-15.7743499" lon="133.3766762">
      <ele>187.66</ele>
    </trkpt>
    <trkpt lat="-15.7745287" lon="133.376696">
      <ele>188.303</ele>
    </trkpt>
    <trkpt lat="-15.7747076" lon="133.3767158">
      <ele>188.947</ele>
    </trkpt>
    <trkpt lat="-15.7748864" lon="133.3767356">
      <ele>189.0</ele>
    </trkpt>
    <trkpt lat="-15.7756265" lon="133.3768176">
      <ele>188.117</ele>
    </trkpt>
    <trkpt lat="-15.7773907" lon="133.3770098">
      <ele>188.536</ele>
    </trkpt>
    <trkpt lat="-15.7790822" lon="133.377194">
      <ele>187.696</ele>
    </trkpt>
    <trkpt lat="-15.7798953" lon="133.3772803">
      <ele>187.544</ele>
    </trkpt>
    <trkpt lat="-15.7809767" lon="133.377395">
      <ele>184.785</ele>
    </trkpt>
    <trkpt lat="-15.7823992" lon="133.3775572">
      <ele>185.843</ele>
    </trkpt>
    <trkpt lat="-15.782578" lon="133.3775776">
      <ele>186.482</ele>
    </trkpt>
    <trkpt lat="-15.784135" lon="133.3777551">
      <ele>183.072</ele>
    </trkpt>
    <trkpt lat="-15.7852982" lon="133.3778836">
      <ele>180.835</ele>
    </trkpt>
    <trkpt lat="-15.7865127" lon="133.378013">
      <ele>183.486</ele>
    </trkpt>
    <trkpt lat="-15.7866384" lon="133.3780264">
      <ele>183.007</ele>
    </trkpt>
    <trkpt lat="-15.7878194" lon="133.3781535">
      <ele>182.753</ele>
    </trkpt>
    <trkpt lat="-15.7895402" lon="133.3783441">
      <ele>182.025</ele>
    </trkpt>
    <trkpt lat="-15.7969831" lon="133.3791687">
      <ele>183.014</ele>
    </trkpt>
    <trkpt lat="-15.8003005" lon="133.3795308">
      <ele>183.944</ele>
    </trkpt>
    <trkpt lat="-15.8052789" lon="133.3800889">
      <ele>185.676</ele>
    </trkpt>
    <trkpt lat="-15.805368" lon="133.3800989">
      <ele>185.319</ele>
    </trkpt>
    <trkpt lat="-15.80602" lon="133.380197">
      <ele>182.851</ele>
    </trkpt>
    <trkpt lat="-15.806768" lon="133.3803659">
      <ele>182.249</ele>
    </trkpt>
    <trkpt lat="-15.807567" lon="133.380611">
      <ele>182.0</ele>
    </trkpt>
    <trkpt lat="-15.8089384" lon="133.3811697">
      <ele>185.033</ele>
    </trkpt>
    <trkpt lat="-15.8090156" lon="133.3812014">
      <ele>184.869</ele>
    </trkpt>
    <trkpt lat="-15.8097462" lon="133.3815106">
      <ele>182.038</ele>
    </trkpt>
    <trkpt lat="-15.811088" lon="133.3820715">
      <ele>185.291</ele>
    </trkpt>
    <trkpt lat="-15.8124621" lon="133.3826443">
      <ele>186.454</ele>
    </trkpt>
    <trkpt lat="-15.8125193" lon="133.382668">
      <ele>186.535</ele>
    </trkpt>
    <trkpt lat="-15.8141368" lon="133.3833377">
      <ele>183.122</ele>
    </trkpt>
    <trkpt lat="-15.8156931" lon="133.3839795">
      <ele>189.821</ele>
    </trkpt>
    <trkpt lat="-15.8165524" lon="133.3843405">
      <ele>190.411</ele>
    </trkpt>
    <trkpt lat="-15.8166958" lon="133.3843995">
      <ele>189.983</ele>
    </trkpt>
    <trkpt lat="-15.8168631" lon="133.3844683">
      <ele>190.0</ele>
    </trkpt>
    <trkpt lat="-15.8176791" lon="133.3848039">
      <ele>188.275</ele>
    </trkpt>
    <trkpt lat="-15.8186715" lon="133.3852207">
      <ele>188.827</ele>
    </trkpt>
    <trkpt lat="-15.8198693" lon="133.3857173">
      <ele>186.726</ele>
    </trkpt>
    <trkpt lat="-15.8208717" lon="133.3861329">
      <ele>187.206</ele>
    </trkpt>
    <trkpt lat="-15.8210388" lon="133.3862022">
      <ele>187.825</ele>
    </trkpt>
    <trkpt lat="-15.8212058" lon="133.3862714">
      <ele>188.341</ele>
    </trkpt>
    <trkpt lat="-15.8213729" lon="133.3863407">
      <ele>188.942</ele>
    </trkpt>
    <trkpt lat="-15.8225288" lon="133.3868199">
      <ele>190.104</ele>
    </trkpt>
    <trkpt lat="-15.8228762" lon="133.3869647">
      <ele>191.328</ele>
    </trkpt>
    <trkpt lat="-15.8230432" lon="133.3870343">
      <ele>191.646</ele>
    </trkpt>
    <trkpt lat="-15.8232101" lon="133.3871039">
      <ele>191.745</ele>
    </trkpt>
    <trkpt lat="-15.823377" lon="133.3871735">
      <ele>192.0</ele>
    </trkpt>
    <trkpt lat="-15.8253802" lon="133.3880087">
      <ele>188.25</ele>
    </trkpt>
    <trkpt lat="-15.8254564" lon="133.3880405">
      <ele>188.264</ele>
    </trkpt>
    <trkpt lat="-15.8255472" lon="133.3880782">
      <ele>188.112</ele>
    </trkpt>
    <trkpt lat="-15.8268836" lon="133.3886327">
      <ele>189.781</ele>
    </trkpt>
    <trkpt lat="-15.8270506" lon="133.388702">
      <ele>190.0</ele>
    </trkpt>
    <trkpt lat="-15.8272177" lon="133.3887713">
      <ele>190.0</ele>
    </trkpt>
    <trkpt lat="-15.8277188" lon="133.3889792">
      <ele>187.212</ele>
    </trkpt>
    <trkpt lat="-15.8277919" lon="133.3890095">
      <ele>187.022</ele>
    </trkpt>
    <trkpt lat="-15.8283506" lon="133.3892523">
      <ele>189.308</ele>
    </trkpt>
    <trkpt lat="-15.8288399" lon="133.389486">
      <ele>189.3</ele>
    </trkpt>
    <trkpt lat="-15.8293371" lon="133.3897349">
      <ele>190.558</ele>
    </trkpt>
    <trkpt lat="-15.8299698" lon="133.3901147">
      <ele>189.891</ele>
    </trkpt>
    <trkpt lat="-15.8299808" lon="133.3901217">
      <ele>189.931</ele>
    </trkpt>
    <trkpt lat="-15.8305947" lon="133.3905116">
      <ele>191.017</ele>
    </trkpt>
    <trkpt lat="-15.8307482" lon="133.390609">
      <ele>190.381</ele>
    </trkpt>
    <trkpt lat="-15.8308094" lon="133.3906479">
      <ele>190.361</ele>
    </trkpt>
    <trkpt lat="-15.8309014" lon="133.390707">
      <ele>190.902</ele>
    </trkpt>
    <trkpt lat="-15.8312074" lon="133.3909035">
      <ele>192.347</ele>
    </trkpt>
    <trkpt lat="-15.8320525" lon="133.3914461">
      <ele>192.286</ele>
    </trkpt>
    <trkpt lat="-15.833363" lon="133.392295">
      <ele>193.341</ele>
    </trkpt>
    <trkpt lat="-15.8339079" lon="133.3926332">
      <ele>191.964</ele>
    </trkpt>
    <trkpt lat="-15.8342869" lon="133.3928577">
      <ele>192.163</ele>
    </trkpt>
    <trkpt lat="-15.8343221" lon="133.3928937">
      <ele>192.184</ele>
    </trkpt>
    <trkpt lat="-15.834347" lon="133.3929045">
      <ele>192.16</ele>
    </trkpt>
    <trkpt lat="-15.8346469" lon="133.3930957">
      <ele>192.434</ele>
    </trkpt>
    <trkpt lat="-15.8346774" lon="133.3931106">
      <ele>192.594</ele>
    </trkpt>
    <trkpt lat="-15.8370028" lon="133.3946012">
      <ele>193.908</ele>
    </trkpt>
    <trkpt lat="-15.8370558" lon="133.3946352">
      <ele>193.874</ele>
    </trkpt>
    <trkpt lat="-15.8370984" lon="133.3946625">
      <ele>193.881</ele>
    </trkpt>
    <trkpt lat="-15.8372515" lon="133.3947606">
      <ele>193.985</ele>
    </trkpt>
    <trkpt lat="-15.8377109" lon="133.3950549">
      <ele>192.043</ele>
    </trkpt>
    <trkpt lat="-15.838686" lon="133.3956796">
      <ele>190.0</ele>
    </trkpt>
    <trkpt lat="-15.8387829" lon="133.3957412">
      <ele>190.0</ele>
    </trkpt>
    <trkpt lat="-15.8393009" lon="133.3960703">
      <ele>191.071</ele>
    </trkpt>
    <trkpt lat="-15.8394544" lon="133.3961678">
      <ele>191.029</ele>
    </trkpt>
    <trkpt lat="-15.8408917" lon="133.397081">
      <ele>193.492</ele>
    </trkpt>
    <trkpt lat="-15.8412944" lon="133.3973407">
      <ele>194.145</ele>
    </trkpt>
    <trkpt lat="-15.8413898" lon="133.3974023">
      <ele>193.999</ele>
    </trkpt>
    <trkpt lat="-15.8415426" lon="133.3975009">
      <ele>194.0</ele>
    </trkpt>
    <trkpt lat="-15.8422105" lon="133.3979318">
      <ele>192.488</ele>
    </trkpt>
    <trkpt lat="-15.8433711" lon="133.3986658">
      <ele>192.17</ele>
    </trkpt>
    <trkpt lat="-15.8446677" lon="133.3994988">
      <ele>192.767</ele>
    </trkpt>
    <trkpt lat="-15.8455003" lon="133.4000243">
      <ele>189.965</ele>
    </trkpt>
    <trkpt lat="-15.8459849" lon="133.4003424">
      <ele>192.233</ele>
    </trkpt>
    <trkpt lat="-15.846018" lon="133.4003641">
      <ele>192.311</ele>
    </trkpt>
    <trkpt lat="-15.846796" lon="133.4007799">
      <ele>188.727</ele>
    </trkpt>
    <trkpt lat="-15.8471844" lon="133.4009735">
      <ele>188.573</ele>
    </trkpt>
    <trkpt lat="-15.847563" lon="133.4011378">
      <ele>190.375</ele>
    </trkpt>
    <trkpt lat="-15.848223" lon="133.4013999">
      <ele>190.595</ele>
    </trkpt>
    <trkpt lat="-15.8495808" lon="133.4018082">
      <ele>191.259</ele>
    </trkpt>
    <trkpt lat="-15.8505924" lon="133.4020959">
      <ele>188.473</ele>
    </trkpt>
    <trkpt lat="-15.8514529" lon="133.4023407">
      <ele>189.902</ele>
    </trkpt>
    <trkpt lat="-15.8517415" lon="133.4024238">
      <ele>190.926</ele>
    </trkpt>
    <trkpt lat="-15.8526083" lon="133.4026732">
      <ele>187.477</ele>
    </trkpt>
    <trkpt lat="-15.8531029" lon="133.4028155">
      <ele>189.035</ele>
    </trkpt>
    <trkpt lat="-15.8546376" lon="133.4032588">
      <ele>185.019</ele>
    </trkpt>
    <trkpt lat="-15.8546881" lon="133.403273">
      <ele>184.532</ele>
    </trkpt>
    <trkpt lat="-15.8547532" lon="133.4032913">
      <ele>184.246</ele>
    </trkpt>
    <trkpt lat="-15.8548616" lon="133.403322">
      <ele>184.522</ele>
    </trkpt>
    <trkpt lat="-15.8559423" lon="133.4036271">
      <ele>190.035</ele>
    </trkpt>
    <trkpt lat="-15.8565605" lon="133.4038202">
      <ele>187.012</ele>
    </trkpt>
    <trkpt lat="-15.8565924" lon="133.4038305">
      <ele>186.745</ele>
    </trkpt>
    <trkpt lat="-15.8567641" lon="133.4038859">
      <ele>186.011</ele>
    </trkpt>
    <trkpt lat="-15.8569359" lon="133.4039414">
      <ele>185.817</ele>
    </trkpt>
    <trkpt lat="-15.8574769" lon="133.4041161">
      <ele>186.0</ele>
    </trkpt>
    <trkpt lat="-15.8584505" lon="133.4044415">
      <ele>188.0</ele>
    </trkpt>
    <trkpt lat="-15.8595384" lon="133.4047968">
      <ele>186.822</ele>
    </trkpt>
    <trkpt lat="-15.8600224" lon="133.4049572">
      <ele>186.296</ele>
    </trkpt>
    <trkpt lat="-15.8601938" lon="133.405014">
      <ele>185.985</ele>
    </trkpt>
    <trkpt lat="-15.8605106" lon="133.405119">
      <ele>186.359</ele>
    </trkpt>
    <trkpt lat="-15.8628044" lon="133.4058764">
      <ele>185.096</ele>
    </trkpt>
    <trkpt lat="-15.865165" lon="133.4066558">
      <ele>186.773</ele>
    </trkpt>
    <trkpt lat="-15.8660222" lon="133.4069388">
      <ele>185.993</ele>
    </trkpt>
    <trkpt lat="-15.8666006" lon="133.4071298">
      <ele>186.079</ele>
    </trkpt>
    <trkpt lat="-15.8677344" lon="133.4075114">
      <ele>184.041</ele>
    </trkpt>
    <trkpt lat="-15.8680766" lon="133.4076266">
      <ele>185.953</ele>
    </trkpt>
    <trkpt lat="-15.8683972" lon="133.4077345">
      <ele>186.65</ele>
    </trkpt>
    <trkpt lat="-15.8694965" lon="133.4080899">
      <ele>187.977</ele>
    </trkpt>
    <trkpt lat="-15.8697806" lon="133.4081818">
      <ele>187.546</ele>
    </trkpt>
    <trkpt lat="-15.871221" lon="133.4086612">
      <ele>185.189</ele>
    </trkpt>
    <trkpt lat="-15.8720244" lon="133.4088935">
      <ele>186.0</ele>
    </trkpt>
    <trkpt lat="-15.8725538" lon="133.4090255">
      <ele>187.194</ele>
    </trkpt>
    <trkpt lat="-15.8726591" lon="133.4090517">
      <ele>187.573</ele>
    </trkpt>
    <trkpt lat="-15.8727297" lon="133.4090644">
      <ele>187.827</ele>
    </trkpt>
    <trkpt lat="-15.8729069" lon="133.4090963">
      <ele>188.0</ele>
    </trkpt>
    <trkpt lat="-15.873415" lon="133.4091876">
      <ele>189.272</ele>
    </trkpt>
    <trkpt lat="-15.8743899" lon="133.4093566">
      <ele>188.196</ele>
    </trkpt>
    <trkpt lat="-15.8758764" lon="133.4096064">
      <ele>185.935</ele>
    </trkpt>
    <trkpt lat="-15.8772371" lon="133.4098346">
      <ele>187.107</ele>
    </trkpt>
    <trkpt lat="-15.8795476" lon="133.4102237">
      <ele>185.805</ele>
    </trkpt>
    <trkpt lat="-15.8804096" lon="133.4103617">
      <ele>185.143</ele>
    </trkpt>
    <trkpt lat="-15.8809135" lon="133.4104568">
      <ele>188.577</ele>
    </trkpt>
    <trkpt lat="-15.881276" lon="133.4105309">
      <ele>190.541</ele>
    </trkpt>
    <trkpt lat="-15.8817787" lon="133.4106533">
      <ele>190.949</ele>
    </trkpt>
    <trkpt lat="-15.8825833" lon="133.410914">
      <ele>188.806</ele>
    </trkpt>
    <trkpt lat="-15.8833569" lon="133.4111549">
      <ele>188.673</ele>
    </trkpt>
    <trkpt lat="-15.8841079" lon="133.4113934">
      <ele>185.801</ele>
    </trkpt>
    <trkpt lat="-15.8847901" lon="133.4116059">
      <ele>188.756</ele>
    </trkpt>
    <trkpt lat="-15.8853891" lon="133.4118098">
      <ele>188.401</ele>
    </trkpt>
    <trkpt lat="-15.8857706" lon="133.4119716">
      <ele>189.0</ele>
    </trkpt>
    <trkpt lat="-15.8861203" lon="133.412124">
      <ele>188.967</ele>
    </trkpt>
    <trkpt lat="-15.8865166" lon="133.4123187">
      <ele>187.381</ele>
    </trkpt>
    <trkpt lat="-15.8868052" lon="133.4124931">
      <ele>185.526</ele>
    </trkpt>
    <trkpt lat="-15.8868465" lon="133.4125207">
      <ele>185.475</ele>
    </trkpt>
    <trkpt lat="-15.8871896" lon="133.4127499">
      <ele>186.799</ele>
    </trkpt>
    <trkpt lat="-15.8874164" lon="133.4129181">
      <ele>186.453</ele>
    </trkpt>
    <trkpt lat="-15.8875799" lon="133.4130598">
      <ele>185.728</ele>
    </trkpt>
    <trkpt lat="-15.8876178" lon="133.4130926">
      <ele>185.709</ele>
    </trkpt>
    <trkpt lat="-15.8877181" lon="133.4131795">
      <ele>185.661</ele>
    </trkpt>
    <trkpt lat="-15.887756" lon="133.4132123">
      <ele>185.643</ele>
    </trkpt>
    <trkpt lat="-15.8878476" lon="133.4132916">
      <ele>186.063</ele>
    </trkpt>
    <trkpt lat="-15.8878563" lon="133.4132992">
      <ele>186.125</ele>
    </trkpt>
    <trkpt lat="-15.8878941" lon="133.413332">
      <ele>186.412</ele>
    </trkpt>
    <trkpt lat="-15.8879945" lon="133.4134189">
      <ele>187.088</ele>
    </trkpt>
    <trkpt lat="-15.888051" lon="133.4134679">
      <ele>187.468</ele>
    </trkpt>
    <trkpt lat="-15.8883191" lon="133.4137243">
      <ele>188.541</ele>
    </trkpt>
    <trkpt lat="-15.888635" lon="133.4140707">
      <ele>187.914</ele>
    </trkpt>
    <trkpt lat="-15.8889639" lon="133.4144768">
      <ele>187.676</ele>
    </trkpt>
    <trkpt lat="-15.8895009" lon="133.4152252">
      <ele>189.014</ele>
    </trkpt>
    <trkpt lat="-15.8896554" lon="133.4154449">
      <ele>189.303</ele>
    </trkpt>
    <trkpt lat="-15.8897616" lon="133.4155958">
      <ele>188.858</ele>
    </trkpt>
    <trkpt lat="-15.889974" lon="133.4158976">
      <ele>188.094</ele>
    </trkpt>
    <trkpt lat="-15.8900802" lon="133.4160486">
      <ele>187.935</ele>
    </trkpt>
    <trkpt lat="-15.8901573" lon="133.4161582">
      <ele>188.266</ele>
    </trkpt>
    <trkpt lat="-15.890505" lon="133.4166523">
      <ele>190.991</ele>
    </trkpt>
    <trkpt lat="-15.8905821" lon="133.4167619">
      <ele>190.499</ele>
    </trkpt>
    <trkpt lat="-15.8906112" lon="133.4168032">
      <ele>190.206</ele>
    </trkpt>
    <trkpt lat="-15.8906883" lon="133.4169128">
      <ele>189.582</ele>
    </trkpt>
    <trkpt lat="-15.890744" lon="133.416992">
      <ele>189.322</ele>
    </trkpt>
    <trkpt lat="-15.8911685" lon="133.417479">
      <ele>190.94</ele>
    </trkpt>
    <trkpt lat="-15.891626" lon="133.4179202">
      <ele>189.559</ele>
    </trkpt>
    <trkpt lat="-15.892093" lon="133.4183179">
      <ele>187.996</ele>
    </trkpt>
    <trkpt lat="-15.8926635" lon="133.4187404">
      <ele>189.041</ele>
    </trkpt>
    <trkpt lat="-15.893284" lon="133.4191167">
      <ele>187.852</ele>
    </trkpt>
    <trkpt lat="-15.89407" lon="133.41948">
      <ele>190.128</ele>
    </trkpt>
    <trkpt lat="-15.894867" lon="133.4197692">
      <ele>189.521</ele>
    </trkpt>
    <trkpt lat="-15.8957136" lon="133.4199613">
      <ele>187.941</ele>
    </trkpt>
    <trkpt lat="-15.8959322" lon="133.4199945">
      <ele>187.02</ele>
    </trkpt>
    <trkpt lat="-15.8960615" lon="133.4200141">
      <ele>187.102</ele>
    </trkpt>
    <trkpt lat="-15.8963845" lon="133.4200632">
      <ele>188.976</ele>
    </trkpt>
    <trkpt lat="-15.8977544" lon="133.4201558">
      <ele>188.365</ele>
    </trkpt>
    <trkpt lat="-15.8983927" lon="133.4201855">
      <ele>188.475</ele>
    </trkpt>
    <trkpt lat="-15.8996997" lon="133.4202464">
      <ele>190.113</ele>
    </trkpt>
    <trkpt lat="-15.8997301" lon="133.4202478">
      <ele>190.054</ele>
    </trkpt>
    <trkpt lat="-15.900615" lon="133.4202979">
      <ele>189.198</ele>
    </trkpt>
    <trkpt lat="-15.900969" lon="133.4203206">
      <ele>189.846</ele>
    </trkpt>
    <trkpt lat="-15.9014427" lon="133.4203799">
      <ele>189.142</ele>
    </trkpt>
    <trkpt lat="-15.9019349" lon="133.4204769">
      <ele>192.365</ele>
    </trkpt>
    <trkpt lat="-15.9022799" lon="133.4205595">
      <ele>192.366</ele>
    </trkpt>
    <trkpt lat="-15.9029573" lon="133.4207855">
      <ele>189.111</ele>
    </trkpt>
    <trkpt lat="-15.903709" lon="133.4211023">
      <ele>188.714</ele>
    </trkpt>
    <trkpt lat="-15.9039797" lon="133.4212425">
      <ele>190.8</ele>
    </trkpt>
    <trkpt lat="-15.9042617" lon="133.4214102">
      <ele>191.189</ele>
    </trkpt>
    <trkpt lat="-15.9046342" lon="133.4216426">
      <ele>188.463</ele>
    </trkpt>
    <trkpt lat="-15.9051463" lon="133.4220055">
      <ele>189.577</ele>
    </trkpt>
    <trkpt lat="-15.9053916" lon="133.4221993">
      <ele>189.41</ele>
    </trkpt>
    <trkpt lat="-15.9055348" lon="133.4223125">
      <ele>189.95</ele>
    </trkpt>
    <trkpt lat="-15.9057867" lon="133.4225115">
      <ele>190.839</ele>
    </trkpt>
    <trkpt lat="-15.9064681" lon="133.4230433">
      <ele>193.727</ele>
    </trkpt>
    <trkpt lat="-15.9067115" lon="133.4232083">
      <ele>192.216</ele>
    </trkpt>
    <trkpt lat="-15.9069958" lon="133.4233837">
      <ele>191.037</ele>
    </trkpt>
    <trkpt lat="-15.9075617" lon="133.4236907">
      <ele>192.268</ele>
    </trkpt>
    <trkpt lat="-15.9075997" lon="133.4237068">
      <ele>192.076</ele>
    </trkpt>
    <trkpt lat="-15.9079933" lon="133.4238747">
      <ele>191.011</ele>
    </trkpt>
    <trkpt lat="-15.9081293" lon="133.4239317">
      <ele>191.338</ele>
    </trkpt>
    <trkpt lat="-15.9085756" lon="133.4240908">
      <ele>192.145</ele>
    </trkpt>
    <trkpt lat="-15.9090292" lon="133.4242345">
      <ele>191.006</ele>
    </trkpt>
    <trkpt lat="-15.9103571" lon="133.4246591">
      <ele>188.798</ele>
    </trkpt>
    <trkpt lat="-15.9105008" lon="133.4247051">
      <ele>189.667</ele>
    </trkpt>
    <trkpt lat="-15.9106727" lon="133.4247601">
      <ele>190.786</ele>
    </trkpt>
    <trkpt lat="-15.9124563" lon="133.425331">
      <ele>191.655</ele>
    </trkpt>
    <trkpt lat="-15.9125523" lon="133.4253636">
      <ele>192.507</ele>
    </trkpt>
    <trkpt lat="-15.9127146" lon="133.425409">
      <ele>193.953</ele>
    </trkpt>
    <trkpt lat="-15.9131437" lon="133.4255462">
      <ele>194.706</ele>
    </trkpt>
    <trkpt lat="-15.9153475" lon="133.4262443">
      <ele>190.761</ele>
    </trkpt>
    <trkpt lat="-15.9164402" lon="133.4265916">
      <ele>191.0</ele>
    </trkpt>
    <trkpt lat="-15.917464" lon="133.426918">
      <ele>191.212</ele>
    </trkpt>
    <trkpt lat="-15.9181727" lon="133.4271412">
      <ele>192.0</ele>
    </trkpt>
    <trkpt lat="-15.9185908" lon="133.4272911">
      <ele>191.073</ele>
    </trkpt>
    <trkpt lat="-15.919026" lon="133.4274525">
      <ele>191.829</ele>
    </trkpt>
    <trkpt lat="-15.9190788" lon="133.4274725">
      <ele>191.901</ele>
    </trkpt>
    <trkpt lat="-15.9192478" lon="133.4275364">
      <ele>191.869</ele>
    </trkpt>
    <trkpt lat="-15.9195233" lon="133.4276405">
      <ele>191.638</ele>
    </trkpt>
    <trkpt lat="-15.9203122" lon="133.4279619">
      <ele>190.829</ele>
    </trkpt>
    <trkpt lat="-15.9212304" lon="133.4283589">
      <ele>192.997</ele>
    </trkpt>
    <trkpt lat="-15.9222849" lon="133.4288061">
      <ele>194.774</ele>
    </trkpt>
    <trkpt lat="-15.9233178" lon="133.4292645">
      <ele>193.259</ele>
    </trkpt>
    <trkpt lat="-15.9251941" lon="133.4300703">
      <ele>192.952</ele>
    </trkpt>
    <trkpt lat="-15.9264658" lon="133.4306187">
      <ele>195.0</ele>
    </trkpt>
    <trkpt lat="-15.9276852" lon="133.431144">
      <ele>193.333</ele>
    </trkpt>
    <trkpt lat="-15.9294257" lon="133.431894">
      <ele>192.818</ele>
    </trkpt>
    <trkpt lat="-15.9306357" lon="133.4324138">
      <ele>192.332</ele>
    </trkpt>
    <trkpt lat="-15.9314372" lon="133.4327619">
      <ele>192.395</ele>
    </trkpt>
    <trkpt lat="-15.9327162" lon="133.4332979">
      <ele>193.778</ele>
    </trkpt>
    <trkpt lat="-15.9335032" lon="133.4335887">
      <ele>193.487</ele>
    </trkpt>
    <trkpt lat="-15.934286" lon="133.4338411">
      <ele>192.258</ele>
    </trkpt>
    <trkpt lat="-15.9347719" lon="133.4339969">
      <ele>192.891</ele>
    </trkpt>
    <trkpt lat="-15.9357469" lon="133.434273">
      <ele>194.425</ele>
    </trkpt>
    <trkpt lat="-15.9369487" lon="133.4345482">
      <ele>191.015</ele>
    </trkpt>
    <trkpt lat="-15.9376755" lon="133.434686">
      <ele>192.835</ele>
    </trkpt>
    <trkpt lat="-15.9386736" lon="133.434837">
      <ele>191.868</ele>
    </trkpt>
    <trkpt lat="-15.9392753" lon="133.434922">
      <ele>190.171</ele>
    </trkpt>
    <trkpt lat="-15.9400867" lon="133.4350065">
      <ele>192.993</ele>
    </trkpt>
    <trkpt lat="-15.9404874" lon="133.4350295">
      <ele>192.219</ele>
    </trkpt>
    <trkpt lat="-15.9410656" lon="133.4350627">
      <ele>191.037</ele>
    </trkpt>
    <trkpt lat="-15.9420558" lon="133.4350992">
      <ele>190.583</ele>
    </trkpt>
    <trkpt lat="-15.9434746" lon="133.4350752">
      <ele>191.358</ele>
    </trkpt>
    <trkpt lat="-15.943561" lon="133.4350732">
      <ele>191.133</ele>
    </trkpt>
    <trkpt lat="-15.9439959" lon="133.4350499">
      <ele>192.0</ele>
    </trkpt>
    <trkpt lat="-15.945215" lon="133.4350043">
      <ele>193.0</ele>
    </trkpt>
    <trkpt lat="-15.9461359" lon="133.4349767">
      <ele>191.918</ele>
    </trkpt>
    <trkpt lat="-15.9469586" lon="133.4349459">
      <ele>191.0</ele>
    </trkpt>
    <trkpt lat="-15.9484868" lon="133.4348921">
      <ele>191.662</ele>
    </trkpt>
    <trkpt lat="-15.9503729" lon="133.4348219">
      <ele>191.984</ele>
    </trkpt>
    <trkpt lat="-15.9525453" lon="133.4347409">
      <ele>193.55</ele>
    </trkpt>
    <trkpt lat="-15.9592101" lon="133.4344905">
      <ele>191.713</ele>
    </trkpt>
    <trkpt lat="-15.9596685" lon="133.4344787">
      <ele>190.123</ele>
    </trkpt>
    <trkpt lat="-15.9600028" lon="133.4344653">
      <ele>191.084</ele>
    </trkpt>
    <trkpt lat="-15.9600665" lon="133.4344622">
      <ele>191.273</ele>
    </trkpt>
    <trkpt lat="-15.9601629" lon="133.4344595">
      <ele>191.577</ele>
    </trkpt>
    <trkpt lat="-15.9617432" lon="133.4344005">
      <ele>190.276</ele>
    </trkpt>
    <trkpt lat="-15.9622507" lon="133.4343728">
      <ele>192.129</ele>
    </trkpt>
    <trkpt lat="-15.9632809" lon="133.4343335">
      <ele>192.94</ele>
    </trkpt>
    <trkpt lat="-15.9645744" lon="133.4342853">
      <ele>193.0</ele>
    </trkpt>
    <trkpt lat="-15.9663397" lon="133.4342194">
      <ele>192.0</ele>
    </trkpt>
    <trkpt lat="-15.9693839" lon="133.4341015">
      <ele>191.833</ele>
    </trkpt>
    <trkpt lat="-15.971084" lon="133.4340443">
      <ele>194.055</ele>
    </trkpt>
    <trkpt lat="-15.9724497" lon="133.4339959">
      <ele>192.497</ele>
    </trkpt>
    <trkpt lat="-15.983465" lon="133.4335778">
      <ele>191.531</ele>
    </trkpt>
    <trkpt lat="-15.9854474" lon="133.4335026">
      <ele>193.391</ele>
    </trkpt>
    <trkpt lat="-15.986412" lon="133.4334607">
      <ele>191.0</ele>
    </trkpt>
    <trkpt lat="-15.9866891" lon="133.4334268">
      <ele>191.081</ele>
    </trkpt>
    <trkpt lat="-15.9869851" lon="133.4333744">
      <ele>192.271</ele>
    </trkpt>
    <trkpt lat="-15.987287" lon="133.4332939">
      <ele>194.233</ele>
    </trkpt>
    <trkpt lat="-15.9875831" lon="133.4332033">
      <ele>194.701</ele>
    </trkpt>
    <trkpt lat="-15.9879391" lon="133.4330664">
      <ele>193.419</ele>
    </trkpt>
    <trkpt lat="-15.9881868" lon="133.4329478">
      <ele>193.0</ele>
    </trkpt>
    <trkpt lat="-15.9885021" lon="133.4327867">
      <ele>192.392</ele>
    </trkpt>
    <trkpt lat="-15.9887246" lon="133.4326499">
      <ele>192.733</ele>
    </trkpt>
    <trkpt lat="-15.9890052" lon="133.4324546">
      <ele>193.0</ele>
    </trkpt>
    <trkpt lat="-15.98922" lon="133.4322795">
      <ele>193.0</ele>
    </trkpt>
    <trkpt lat="-15.989607" lon="133.4319373">
      <ele>191.596</ele>
    </trkpt>
    <trkpt lat="-15.9898721" lon="133.4316636">
      <ele>193.079</ele>
    </trkpt>
    <trkpt lat="-15.9901682" lon="133.4313114">
      <ele>194.606</ele>
    </trkpt>
    <trkpt lat="-15.9904391" lon="133.430933">
      <ele>194.628</ele>
    </trkpt>
    <trkpt lat="-15.9905629" lon="133.4307256">
      <ele>193.224</ele>
    </trkpt>
    <trkpt lat="-15.9906751" lon="133.4305223">
      <ele>192.052</ele>
    </trkpt>
    <trkpt lat="-15.9908512" lon="133.4301601">
      <ele>193.064</ele>
    </trkpt>
    <trkpt lat="-15.9909614" lon="133.4298682">
      <ele>193.242</ele>
    </trkpt>
    <trkpt lat="-15.9913595" lon="133.428706">
      <ele>193.964</ele>
    </trkpt>
    <trkpt lat="-15.991482" lon="133.4283485">
      <ele>194.018</ele>
    </trkpt>
    <trkpt lat="-15.9917587" lon="133.4275413">
      <ele>192.149</ele>
    </trkpt>
    <trkpt lat="-15.991847" lon="133.4272977">
      <ele>192.473</ele>
    </trkpt>
    <trkpt lat="-15.9919739" lon="133.4269476">
      <ele>193.106</ele>
    </trkpt>
    <trkpt lat="-15.9920374" lon="133.4267725">
      <ele>193.746</ele>
    </trkpt>
    <trkpt lat="-15.9921031" lon="133.4265913">
      <ele>194.0</ele>
    </trkpt>
    <trkpt lat="-15.9922733" lon="133.426223">
      <ele>193.742</ele>
    </trkpt>
    <trkpt lat="-15.9924919" lon="133.4258264">
      <ele>192.976</ele>
    </trkpt>
    <trkpt lat="-15.9926686" lon="133.4255699">
      <ele>192.02</ele>
    </trkpt>
    <trkpt lat="-15.9928383" lon="133.4253413">
      <ele>192.0</ele>
    </trkpt>
    <trkpt lat="-15.9932059" lon="133.4249046">
      <ele>191.158</ele>
    </trkpt>
    <trkpt lat="-15.9934122" lon="133.4246948">
      <ele>191.099</ele>
    </trkpt>
    <trkpt lat="-15.9936026" lon="133.4245242">
      <ele>191.713</ele>
    </trkpt>
    <trkpt lat="-15.9938144" lon="133.4243448">
      <ele>192.717</ele>
    </trkpt>
    <trkpt lat="-15.9940192" lon="133.4241901">
      <ele>193.441</ele>
    </trkpt>
    <trkpt lat="-15.9942484" lon="133.4240303">
      <ele>193.346</ele>
    </trkpt>
    <trkpt lat="-15.994454" lon="133.4239183">
      <ele>192.996</ele>
    </trkpt>
    <trkpt lat="-15.9947482" lon="133.4237768">
      <ele>192.906</ele>
    </trkpt>
    <trkpt lat="-15.9950008" lon="133.4236628">
      <ele>192.003</ele>
    </trkpt>
    <trkpt lat="-15.995402" lon="133.4235017">
      <ele>192.659</ele>
    </trkpt>
    <trkpt lat="-15.9954919" lon="133.4234688">
      <ele>192.746</ele>
    </trkpt>
    <trkpt lat="-15.9956616" lon="133.4234066">
      <ele>193.291</ele>
    </trkpt>
    <trkpt lat="-15.9960503" lon="133.4232642">
      <ele>194.283</ele>
    </trkpt>
    <trkpt lat="-15.996416" lon="133.4231374">
      <ele>194.197</ele>
    </trkpt>
    <trkpt lat="-15.9966313" lon="133.4230571">
      <ele>193.133</ele>
    </trkpt>
    <trkpt lat="-15.99668" lon="133.4230357">
      <ele>192.881</ele>
    </trkpt>
    <trkpt lat="-15.9968243" lon="133.4229723">
      <ele>192.133</ele>
    </trkpt>
    <trkpt lat="-15.9970653" lon="133.4228555">
      <ele>191.158</ele>
    </trkpt>
    <trkpt lat="-15.9973254" lon="133.4227126">
      <ele>191.06</ele>
    </trkpt>
    <trkpt lat="-15.9975809" lon="133.4225524">
      <ele>190.244</ele>
    </trkpt>
    <trkpt lat="-15.997784" lon="133.4224116">
      <ele>190.356</ele>
    </trkpt>
    <trkpt lat="-15.9979337" lon="133.4223078">
      <ele>191.426</ele>
    </trkpt>
    <trkpt lat="-15.9980673" lon="133.4222152">
      <ele>192.016</ele>
    </trkpt>
    <trkpt lat="-15.9983816" lon="133.4219948">
      <ele>191.331</ele>
    </trkpt>
    <trkpt lat="-15.9987243" lon="133.4217546">
      <ele>191.0</ele>
    </trkpt>
    <trkpt lat="-15.9988291" lon="133.4216813">
      <ele>191.0</ele>
    </trkpt>
    <trkpt lat="-15.9989784" lon="133.4215768">
      <ele>191.324</ele>
    </trkpt>
    <trkpt lat="-15.9991154" lon="133.421481">
      <ele>191.668</ele>
    </trkpt>
    <trkpt lat="-15.9991275" lon="133.4214723">
      <ele>191.7</ele>
    </trkpt>
    <trkpt lat="-15.9997907" lon="133.4209967">
      <ele>192.608</ele>
    </trkpt>
    <trkpt lat="-16.000249" lon="133.4206778">
      <ele>191.606</ele>
    </trkpt>
    <trkpt lat="-16.0005611" lon="133.4204692">
      <ele>191.703</ele>
    </trkpt>
    <trkpt lat="-16.0010249" lon="133.4201606">
      <ele>190.869</ele>
    </trkpt>
    <trkpt lat="-16.0013107" lon="133.4199722">
      <ele>193.184</ele>
    </trkpt>
    <trkpt lat="-16.0015826" lon="133.4198138">
      <ele>194.697</ele>
    </trkpt>
    <trkpt lat="-16.0019695" lon="133.4196347">
      <ele>194.685</ele>
    </trkpt>
    <trkpt lat="-16.0021184" lon="133.4195763">
      <ele>194.475</ele>
    </trkpt>
    <trkpt lat="-16.0022578" lon="133.4195275">
      <ele>194.171</ele>
    </trkpt>
    <trkpt lat="-16.0023922" lon="133.4194852">
      <ele>193.535</ele>
    </trkpt>
    <trkpt lat="-16.0026003" lon="133.4194229">
      <ele>192.639</ele>
    </trkpt>
    <trkpt lat="-16.002832" lon="133.4193655">
      <ele>191.749</ele>
    </trkpt>
    <trkpt lat="-16.0032736" lon="133.4192603">
      <ele>189.817</ele>
    </trkpt>
    <trkpt lat="-16.0043687" lon="133.4190127">
      <ele>194.324</ele>
    </trkpt>
    <trkpt lat="-16.0054078" lon="133.4187722">
      <ele>192.952</ele>
    </trkpt>
    <trkpt lat="-16.0063819" lon="133.4185459">
      <ele>192.025</ele>
    </trkpt>
    <trkpt lat="-16.0075225" lon="133.4182862">
      <ele>192.318</ele>
    </trkpt>
    <trkpt lat="-16.008518" lon="133.4180568">
      <ele>195.996</ele>
    </trkpt>
    <trkpt lat="-16.0094553" lon="133.4178384">
      <ele>193.961</ele>
    </trkpt>
    <trkpt lat="-16.0104701" lon="133.41761">
      <ele>193.604</ele>
    </trkpt>
    <trkpt lat="-16.0113398" lon="133.4174057">
      <ele>190.177</ele>
    </trkpt>
    <trkpt lat="-16.0116939" lon="133.4173242">
      <ele>190.429</ele>
    </trkpt>
    <trkpt lat="-16.0120876" lon="133.4172176">
      <ele>191.017</ele>
    </trkpt>
    <trkpt lat="-16.0124059" lon="133.417123">
      <ele>192.139</ele>
    </trkpt>
    <trkpt lat="-16.0127126" lon="133.4170243">
      <ele>192.387</ele>
    </trkpt>
    <trkpt lat="-16.0131265" lon="133.4168885">
      <ele>193.255</ele>
    </trkpt>
    <trkpt lat="-16.0141703" lon="133.416496">
      <ele>195.394</ele>
    </trkpt>
    <trkpt lat="-16.0152287" lon="133.4160774">
      <ele>191.298</ele>
    </trkpt>
    <trkpt lat="-16.0162763" lon="133.4156608">
      <ele>192.775</ele>
    </trkpt>
    <trkpt lat="-16.017263" lon="133.4152652">
      <ele>193.752</ele>
    </trkpt>
    <trkpt lat="-16.0175327" lon="133.415163">
      <ele>192.531</ele>
    </trkpt>
    <trkpt lat="-16.017539" lon="133.41516">
      <ele>192.564</ele>
    </trkpt>
    <trkpt lat="-16.0182681" lon="133.4148677">
      <ele>193.636</ele>
    </trkpt>
    <trkpt lat="-16.0191368" lon="133.4145296">
      <ele>194.0</ele>
    </trkpt>
    <trkpt lat="-16.0201129" lon="133.4141401">
      <ele>194.13</ele>
    </trkpt>
    <trkpt lat="-16.0216412" lon="133.4135293">
      <ele>192.935</ele>
    </trkpt>
    <trkpt lat="-16.0223629" lon="133.4132436">
      <ele>192.327</ele>
    </trkpt>
    <trkpt lat="-16.0230574" lon="133.4129678">
      <ele>193.989</ele>
    </trkpt>
    <trkpt lat="-16.0237133" lon="133.4127132">
      <ele>192.95</ele>
    </trkpt>
    <trkpt lat="-16.0242046" lon="133.4125169">
      <ele>193.887</ele>
    </trkpt>
    <trkpt lat="-16.0247289" lon="133.4123066">
      <ele>194.28</ele>
    </trkpt>
    <trkpt lat="-16.0251932" lon="133.4121264">
      <ele>193.696</ele>
    </trkpt>
    <trkpt lat="-16.0253548" lon="133.412065">
      <ele>194.277</ele>
    </trkpt>
    <trkpt lat="-16.0255182" lon="133.4120117">
      <ele>194.866</ele>
    </trkpt>
    <trkpt lat="-16.0258046" lon="133.4119313">
      <ele>194.103</ele>
    </trkpt>
    <trkpt lat="-16.0260764" lon="133.4118719">
      <ele>194.0</ele>
    </trkpt>
    <trkpt lat="-16.0263356" lon="133.4118306">
      <ele>193.669</ele>
    </trkpt>
    <trkpt lat="-16.0266017" lon="133.4118004">
      <ele>193.481</ele>
    </trkpt>
    <trkpt lat="-16.0269248" lon="133.4117833">
      <ele>193.42</ele>
    </trkpt>
    <trkpt lat="-16.027301" lon="133.4117823">
      <ele>193.133</ele>
    </trkpt>
    <trkpt lat="-16.0275264" lon="133.4117905">
      <ele>192.541</ele>
    </trkpt>
    <trkpt lat="-16.0277362" lon="133.4118106">
      <ele>193.368</ele>
    </trkpt>
    <trkpt lat="-16.0279113" lon="133.4118327">
      <ele>194.272</ele>
    </trkpt>
    <trkpt lat="-16.0281038" lon="133.411874">
      <ele>195.13</ele>
    </trkpt>
    <trkpt lat="-16.028278" lon="133.4119153">
      <ele>195.717</ele>
    </trkpt>
    <trkpt lat="-16.0285401" lon="133.4119807">
      <ele>195.256</ele>
    </trkpt>
    <trkpt lat="-16.0287495" lon="133.4120466">
      <ele>194.685</ele>
    </trkpt>
    <trkpt lat="-16.028958" lon="133.4121186">
      <ele>194.627</ele>
    </trkpt>
    <trkpt lat="-16.0291727" lon="133.4122062">
      <ele>194.921</ele>
    </trkpt>
    <trkpt lat="-16.0297154" lon="133.4124246">
      <ele>192.049</ele>
    </trkpt>
    <trkpt lat="-16.0303234" lon="133.4126842">
      <ele>192.936</ele>
    </trkpt>
    <trkpt lat="-16.0319816" lon="133.413368">
      <ele>192.875</ele>
    </trkpt>
    <trkpt lat="-16.0331461" lon="133.4138501">
      <ele>193.466</ele>
    </trkpt>
    <trkpt lat="-16.0335525" lon="133.4140183">
      <ele>194.789</ele>
    </trkpt>
    <trkpt lat="-16.0344831" lon="133.4144033">
      <ele>193.861</ele>
    </trkpt>
    <trkpt lat="-16.0346503" lon="133.4144725">
      <ele>193.233</ele>
    </trkpt>
    <trkpt lat="-16.0348174" lon="133.4145417">
      <ele>192.657</ele>
    </trkpt>
    <trkpt lat="-16.0354257" lon="133.4147933">
      <ele>190.512</ele>
    </trkpt>
    <trkpt lat="-16.0368257" lon="133.4153644">
      <ele>193.688</ele>
    </trkpt>
    <trkpt lat="-16.0368475" lon="133.4153733">
      <ele>193.656</ele>
    </trkpt>
    <trkpt lat="-16.0380114" lon="133.4158574">
      <ele>195.913</ele>
    </trkpt>
    <trkpt lat="-16.0383814" lon="133.416014">
      <ele>193.229</ele>
    </trkpt>
    <trkpt lat="-16.0386593" lon="133.4161178">
      <ele>193.198</ele>
    </trkpt>
    <trkpt lat="-16.0388865" lon="133.4161929">
      <ele>194.286</ele>
    </trkpt>
    <trkpt lat="-16.0390846" lon="133.4162456">
      <ele>194.143</ele>
    </trkpt>
    <trkpt lat="-16.039599" lon="133.4163672">
      <ele>194.035</ele>
    </trkpt>
    <trkpt lat="-16.0400644" lon="133.4164684">
      <ele>193.232</ele>
    </trkpt>
    <trkpt lat="-16.0411208" lon="133.416698">
      <ele>194.887</ele>
    </trkpt>
    <trkpt lat="-16.041245" lon="133.416725">
      <ele>194.79</ele>
    </trkpt>
    <trkpt lat="-16.0427695" lon="133.4170574">
      <ele>195.199</ele>
    </trkpt>
    <trkpt lat="-16.0442067" lon="133.4173771">
      <ele>195.477</ele>
    </trkpt>
    <trkpt lat="-16.0452093" lon="133.4175975">
      <ele>196.351</ele>
    </trkpt>
    <trkpt lat="-16.0459494" lon="133.4177557">
      <ele>194.582</ele>
    </trkpt>
    <trkpt lat="-16.0467784" lon="133.4179427">
      <ele>196.0</ele>
    </trkpt>
    <trkpt lat="-16.0471853" lon="133.4180354">
      <ele>196.741</ele>
    </trkpt>
    <trkpt lat="-16.0475829" lon="133.4181345">
      <ele>196.0</ele>
    </trkpt>
    <trkpt lat="-16.047996" lon="133.4182655">
      <ele>196.0</ele>
    </trkpt>
    <trkpt lat="-16.0484243" lon="133.4184204">
      <ele>194.103</ele>
    </trkpt>
    <trkpt lat="-16.0487437" lon="133.4185627">
      <ele>195.386</ele>
    </trkpt>
    <trkpt lat="-16.0489719" lon="133.4186766">
      <ele>196.306</ele>
    </trkpt>
    <trkpt lat="-16.0490093" lon="133.4186953">
      <ele>196.434</ele>
    </trkpt>
    <trkpt lat="-16.0492611" lon="133.4188375">
      <ele>197.353</ele>
    </trkpt>
    <trkpt lat="-16.0494914" lon="133.4189653">
      <ele>196.387</ele>
    </trkpt>
    <trkpt lat="-16.0509284" lon="133.4198857">
      <ele>193.072</ele>
    </trkpt>
    <trkpt lat="-16.0509808" lon="133.4199199">
      <ele>193.396</ele>
    </trkpt>
    <trkpt lat="-16.0523068" lon="133.4207847">
      <ele>197.696</ele>
    </trkpt>
    <trkpt lat="-16.0534877" lon="133.4215578">
      <ele>197.218</ele>
    </trkpt>
    <trkpt lat="-16.0546841" lon="133.4223297">
      <ele>195.25</ele>
    </trkpt>
    <trkpt lat="-16.0558457" lon="133.4230726">
      <ele>194.148</ele>
    </trkpt>
    <trkpt lat="-16.0569869" lon="133.4238023">
      <ele>196.688</ele>
    </trkpt>
    <trkpt lat="-16.0579841" lon="133.4244445">
      <ele>196.257</ele>
    </trkpt>
    <trkpt lat="-16.0580234" lon="133.4244718">
      <ele>196.104</ele>
    </trkpt>
    <trkpt lat="-16.0586478" lon="133.4249336">
      <ele>197.66</ele>
    </trkpt>
    <trkpt lat="-16.0678159" lon="133.43085">
      <ele>196.052</ele>
    </trkpt>
    <trkpt lat="-16.0682084" lon="133.4310662">
      <ele>196.089</ele>
    </trkpt>
    <trkpt lat="-16.0686128" lon="133.4312493">
      <ele>198.015</ele>
    </trkpt>
    <trkpt lat="-16.0690239" lon="133.4314051">
      <ele>199.972</ele>
    </trkpt>
    <trkpt lat="-16.0694723" lon="133.431531">
      <ele>197.439</ele>
    </trkpt>
    <trkpt lat="-16.0698222" lon="133.4316011">
      <ele>197.0</ele>
    </trkpt>
    <trkpt lat="-16.069958" lon="133.4316278">
      <ele>197.0</ele>
    </trkpt>
    <trkpt lat="-16.0710181" lon="133.4317822">
      <ele>196.584</ele>
    </trkpt>
    <trkpt lat="-16.0734965" lon="133.4321163">
      <ele>194.539</ele>
    </trkpt>
    <trkpt lat="-16.0767449" lon="133.4325466">
      <ele>195.718</ele>
    </trkpt>
    <trkpt lat="-16.0811021" lon="133.4331338">
      <ele>196.695</ele>
    </trkpt>
    <trkpt lat="-16.084322" lon="133.4335855">
      <ele>196.0</ele>
    </trkpt>
    <trkpt lat="-16.0861949" lon="133.4338194">
      <ele>197.0</ele>
    </trkpt>
    <trkpt lat="-16.0888388" lon="133.4341938">
      <ele>193.541</ele>
    </trkpt>
    <trkpt lat="-16.0903551" lon="133.434385">
      <ele>195.846</ele>
    </trkpt>
    <trkpt lat="-16.0908753" lon="133.4344454">
      <ele>196.302</ele>
    </trkpt>
    <trkpt lat="-16.0911016" lon="133.4344696">
      <ele>197.844</ele>
    </trkpt>
    <trkpt lat="-16.0913105" lon="133.4344837">
      <ele>197.859</ele>
    </trkpt>
    <trkpt lat="-16.0914594" lon="133.4344937">
      <ele>197.659</ele>
    </trkpt>
    <trkpt lat="-16.0915882" lon="133.4344993">
      <ele>197.368</ele>
    </trkpt>
    <trkpt lat="-16.0921083" lon="133.4344684">
      <ele>197.461</ele>
    </trkpt>
    <trkpt lat="-16.0923353" lon="133.4344493">
      <ele>196.203</ele>
    </trkpt>
    <trkpt lat="-16.0925837" lon="133.4344183">
      <ele>195.339</ele>
    </trkpt>
    <trkpt lat="-16.0927733" lon="133.4343851">
      <ele>195.777</ele>
    </trkpt>
    <trkpt lat="-16.0930086" lon="133.434344">
      <ele>195.638</ele>
    </trkpt>
    <trkpt lat="-16.0932258" lon="133.4342948">
      <ele>195.461</ele>
    </trkpt>
    <trkpt lat="-16.0934612" lon="133.434238">
      <ele>195.599</ele>
    </trkpt>
    <trkpt lat="-16.0938021" lon="133.4341458">
      <ele>197.323</ele>
    </trkpt>
    <trkpt lat="-16.0942479" lon="133.4340252">
      <ele>197.851</ele>
    </trkpt>
    <trkpt lat="-16.0946793" lon="133.4339075">
      <ele>197.067</ele>
    </trkpt>
    <trkpt lat="-16.0950203" lon="133.4338144">
      <ele>198.0</ele>
    </trkpt>
    <trkpt lat="-16.0953691" lon="133.4337185">
      <ele>198.0</ele>
    </trkpt>
    <trkpt lat="-16.0959113" lon="133.4335729">
      <ele>197.517</ele>
    </trkpt>
    <trkpt lat="-16.0963735" lon="133.4334478">
      <ele>198.588</ele>
    </trkpt>
    <trkpt lat="-16.0967933" lon="133.4333305">
      <ele>198.015</ele>
    </trkpt>
    <trkpt lat="-16.097229" lon="133.4332117">
      <ele>198.438</ele>
    </trkpt>
    <trkpt lat="-16.0977126" lon="133.4330817">
      <ele>198.213</ele>
    </trkpt>
    <trkpt lat="-16.0980679" lon="133.4329842">
      <ele>196.944</ele>
    </trkpt>
    <trkpt lat="-16.0983957" lon="133.4328952">
      <ele>195.518</ele>
    </trkpt>
    <trkpt lat="-16.0988242" lon="133.4327787">
      <ele>196.538</ele>
    </trkpt>
    <trkpt lat="-16.0993016" lon="133.432648">
      <ele>198.019</ele>
    </trkpt>
    <trkpt lat="-16.0997371" lon="133.4325293">
      <ele>197.052</ele>
    </trkpt>
    <trkpt lat="-16.1001987" lon="133.4324024">
      <ele>197.782</ele>
    </trkpt>
    <trkpt lat="-16.1007022" lon="133.4322673">
      <ele>198.72</ele>
    </trkpt>
    <trkpt lat="-16.1010258" lon="133.4321792">
      <ele>198.0</ele>
    </trkpt>
    <trkpt lat="-16.1011844" lon="133.432136">
      <ele>197.9</ele>
    </trkpt>
    <trkpt lat="-16.1013738" lon="133.4320844">
      <ele>197.993</ele>
    </trkpt>
    <trkpt lat="-16.101703" lon="133.4319946">
      <ele>198.328</ele>
    </trkpt>
    <trkpt lat="-16.1023308" lon="133.4318229">
      <ele>198.267</ele>
    </trkpt>
    <trkpt lat="-16.1024178" lon="133.4317998">
      <ele>198.154</ele>
    </trkpt>
    <trkpt lat="-16.1028494" lon="133.4316852">
      <ele>198.067</ele>
    </trkpt>
    <trkpt lat="-16.1033717" lon="133.43154">
      <ele>198.774</ele>
    </trkpt>
    <trkpt lat="-16.103897" lon="133.4314007">
      <ele>198.944</ele>
    </trkpt>
    <trkpt lat="-16.1044144" lon="133.4312581">
      <ele>199.58</ele>
    </trkpt>
    <trkpt lat="-16.1048543" lon="133.431138">
      <ele>197.146</ele>
    </trkpt>
    <trkpt lat="-16.1049372" lon="133.4311154">
      <ele>196.468</ele>
    </trkpt>
    <trkpt lat="-16.1050282" lon="133.4310902">
      <ele>196.177</ele>
    </trkpt>
    <trkpt lat="-16.1055583" lon="133.4309437">
      <ele>200.205</ele>
    </trkpt>
    <trkpt lat="-16.1062862" lon="133.4307448">
      <ele>199.0</ele>
    </trkpt>
    <trkpt lat="-16.1069097" lon="133.4305712">
      <ele>198.944</ele>
    </trkpt>
    <trkpt lat="-16.1073308" lon="133.4304578">
      <ele>199.786</ele>
    </trkpt>
    <trkpt lat="-16.1078433" lon="133.4303183">
      <ele>199.799</ele>
    </trkpt>
    <trkpt lat="-16.1083116" lon="133.4301908">
      <ele>198.391</ele>
    </trkpt>
    <trkpt lat="-16.1086767" lon="133.4300878">
      <ele>197.92</ele>
    </trkpt>
    <trkpt lat="-16.1091025" lon="133.4299742">
      <ele>198.231</ele>
    </trkpt>
    <trkpt lat="-16.1095071" lon="133.4298618">
      <ele>197.611</ele>
    </trkpt>
    <trkpt lat="-16.1097245" lon="133.4298034">
      <ele>198.008</ele>
    </trkpt>
    <trkpt lat="-16.1099309" lon="133.4297479">
      <ele>198.751</ele>
    </trkpt>
    <trkpt lat="-16.1104647" lon="133.4295988">
      <ele>197.626</ele>
    </trkpt>
    <trkpt lat="-16.1108392" lon="133.4294936">
      <ele>197.823</ele>
    </trkpt>
    <trkpt lat="-16.1111151" lon="133.4294188">
      <ele>198.078</ele>
    </trkpt>
    <trkpt lat="-16.1115253" lon="133.4293077">
      <ele>197.251</ele>
    </trkpt>
    <trkpt lat="-16.1119848" lon="133.4291804">
      <ele>196.145</ele>
    </trkpt>
    <trkpt lat="-16.1121083" lon="133.4291462">
      <ele>196.694</ele>
    </trkpt>
    <trkpt lat="-16.1127334" lon="133.4289768">
      <ele>198.574</ele>
    </trkpt>
    <trkpt lat="-16.1134411" lon="133.4287803">
      <ele>202.236</ele>
    </trkpt>
    <trkpt lat="-16.1141059" lon="133.4285981">
      <ele>200.209</ele>
    </trkpt>
    <trkpt lat="-16.1146683" lon="133.4284438">
      <ele>199.0</ele>
    </trkpt>
    <trkpt lat="-16.1149113" lon="133.428385">
      <ele>199.807</ele>
    </trkpt>
    <trkpt lat="-16.1151864" lon="133.4283237">
      <ele>200.602</ele>
    </trkpt>
    <trkpt lat="-16.1152966" lon="133.4283071">
      <ele>200.756</ele>
    </trkpt>
    <trkpt lat="-16.1154201" lon="133.4282884">
      <ele>200.33</ele>
    </trkpt>
    <trkpt lat="-16.1156916" lon="133.4282545">
      <ele>199.649</ele>
    </trkpt>
    <trkpt lat="-16.1159078" lon="133.428236">
      <ele>199.082</ele>
    </trkpt>
    <trkpt lat="-16.1161249" lon="133.428224">
      <ele>198.374</ele>
    </trkpt>
    <trkpt lat="-16.1166586" lon="133.428216">
      <ele>197.59</ele>
    </trkpt>
    <trkpt lat="-16.1172858" lon="133.4282147">
      <ele>199.0</ele>
    </trkpt>
    <trkpt lat="-16.1180755" lon="133.4282135">
      <ele>199.569</ele>
    </trkpt>
    <trkpt lat="-16.1189489" lon="133.4282059">
      <ele>198.459</ele>
    </trkpt>
    <trkpt lat="-16.1190693" lon="133.4282059">
      <ele>198.459</ele>
    </trkpt>
    <trkpt lat="-16.1192492" lon="133.4282057">
      <ele>198.459</ele>
    </trkpt>
    <trkpt lat="-16.119747" lon="133.4282053">
      <ele>198.42</ele>
    </trkpt>
    <trkpt lat="-16.1206882" lon="133.4282059">
      <ele>199.277</ele>
    </trkpt>
    <trkpt lat="-16.1206907" lon="133.4282059">
      <ele>199.291</ele>
    </trkpt>
    <trkpt lat="-16.1215126" lon="133.4282034">
      <ele>200.978</ele>
    </trkpt>
    <trkpt lat="-16.1219774" lon="133.4281964">
      <ele>202.626</ele>
    </trkpt>
    <trkpt lat="-16.1224838" lon="133.4281933">
      <ele>202.554</ele>
    </trkpt>
    <trkpt lat="-16.1226666" lon="133.4281938">
      <ele>201.898</ele>
    </trkpt>
    <trkpt lat="-16.1228465" lon="133.4281942">
      <ele>201.252</ele>
    </trkpt>
    <trkpt lat="-16.123075" lon="133.4281948">
      <ele>200.569</ele>
    </trkpt>
    <trkpt lat="-16.1237359" lon="133.4281978">
      <ele>202.512</ele>
    </trkpt>
    <trkpt lat="-16.1243405" lon="133.4281948">
      <ele>200.25</ele>
    </trkpt>
    <trkpt lat="-16.1249403" lon="133.4281938">
      <ele>200.672</ele>
    </trkpt>
    <trkpt lat="-16.1256354" lon="133.4281953">
      <ele>200.286</ele>
    </trkpt>
    <trkpt lat="-16.1263508" lon="133.4281973">
      <ele>199.117</ele>
    </trkpt>
    <trkpt lat="-16.1270781" lon="133.4281953">
      <ele>197.739</ele>
    </trkpt>
    <trkpt lat="-16.1277028" lon="133.428193">
      <ele>201.091</ele>
    </trkpt>
    <trkpt lat="-16.1284222" lon="133.4281903">
      <ele>199.815</ele>
    </trkpt>
    <trkpt lat="-16.1286021" lon="133.4281896">
      <ele>199.498</ele>
    </trkpt>
    <trkpt lat="-16.1287819" lon="133.4281889">
      <ele>199.48</ele>
    </trkpt>
    <trkpt lat="-16.1313" lon="133.4281794">
      <ele>202.126</ele>
    </trkpt>
    <trkpt lat="-16.1314799" lon="133.4281787">
      <ele>202.953</ele>
    </trkpt>
    <trkpt lat="-16.1394066" lon="133.4281489">
      <ele>200.574</ele>
    </trkpt>
    <trkpt lat="-16.1489593" lon="133.4281002">
      <ele>200.041</ele>
    </trkpt>
    <trkpt lat="-16.1518584" lon="133.4280859">
      <ele>202.419</ele>
    </trkpt>
    <trkpt lat="-16.1563661" lon="133.4280602">
      <ele>202.017</ele>
    </trkpt>
    <trkpt lat="-16.1581291" lon="133.4280507">
      <ele>201.987</ele>
    </trkpt>
    <trkpt lat="-16.1591093" lon="133.4280479">
      <ele>200.402</ele>
    </trkpt>
    <trkpt lat="-16.1600662" lon="133.4280423">
      <ele>202.952</ele>
    </trkpt>
    <trkpt lat="-16.160489" lon="133.4280387">
      <ele>202.985</ele>
    </trkpt>
    <trkpt lat="-16.1605005" lon="133.4280396">
      <ele>202.989</ele>
    </trkpt>
    <trkpt lat="-16.160928" lon="133.428038">
      <ele>202.042</ele>
    </trkpt>
    <trkpt lat="-16.1610705" lon="133.4280402">
      <ele>202.008</ele>
    </trkpt>
    <trkpt lat="-16.1618919" lon="133.4280585">
      <ele>202.813</ele>
    </trkpt>
    <trkpt lat="-16.1624348" lon="133.428072">
      <ele>203.941</ele>
    </trkpt>
    <trkpt lat="-16.1630544" lon="133.4280938">
      <ele>201.007</ele>
    </trkpt>
    <trkpt lat="-16.1636221" lon="133.4281131">
      <ele>202.071</ele>
    </trkpt>
    <trkpt lat="-16.1641121" lon="133.4281276">
      <ele>203.949</ele>
    </trkpt>
    <trkpt lat="-16.1651946" lon="133.4281598">
      <ele>203.701</ele>
    </trkpt>
    <trkpt lat="-16.1660493" lon="133.4281868">
      <ele>204.528</ele>
    </trkpt>
    <trkpt lat="-16.166907" lon="133.4282179">
      <ele>201.056</ele>
    </trkpt>
    <trkpt lat="-16.1677665" lon="133.428247">
      <ele>201.689</ele>
    </trkpt>
    <trkpt lat="-16.1685298" lon="133.428269">
      <ele>202.164</ele>
    </trkpt>
    <trkpt lat="-16.1692921" lon="133.4282941">
      <ele>201.141</ele>
    </trkpt>
    <trkpt lat="-16.1700371" lon="133.4283131">
      <ele>201.136</ele>
    </trkpt>
    <trkpt lat="-16.1708726" lon="133.4283392">
      <ele>204.0</ele>
    </trkpt>
    <trkpt lat="-16.1716946" lon="133.4283672">
      <ele>202.076</ele>
    </trkpt>
    <trkpt lat="-16.1724473" lon="133.4283913">
      <ele>204.0</ele>
    </trkpt>
    <trkpt lat="-16.1732597" lon="133.4284234">
      <ele>203.59</ele>
    </trkpt>
    <trkpt lat="-16.1740576" lon="133.4284464">
      <ele>202.625</ele>
    </trkpt>
    <trkpt lat="-16.1748141" lon="133.4284695">
      <ele>202.341</ele>
    </trkpt>
    <trkpt lat="-16.1755581" lon="133.4284905">
      <ele>202.57</ele>
    </trkpt>
    <trkpt lat="-16.1762992" lon="133.4285046">
      <ele>204.478</ele>
    </trkpt>
    <trkpt lat="-16.1766958" lon="133.4284925">
      <ele>205.468</ele>
    </trkpt>
    <trkpt lat="-16.1770706" lon="133.4284646">
      <ele>204.497</ele>
    </trkpt>
    <trkpt lat="-16.1771099" lon="133.4284617">
      <ele>204.507</ele>
    </trkpt>
    <trkpt lat="-16.1772493" lon="133.4284442">
      <ele>204.659</ele>
    </trkpt>
    <trkpt lat="-16.1781121" lon="133.4283357">
      <ele>203.009</ele>
    </trkpt>
    <trkpt lat="-16.1794921" lon="133.4281623">
      <ele>202.894</ele>
    </trkpt>
    <trkpt lat="-16.1809356" lon="133.4279813">
      <ele>203.439</ele>
    </trkpt>
    <trkpt lat="-16.1818378" lon="133.4278724">
      <ele>201.645</ele>
    </trkpt>
    <trkpt lat="-16.1828616" lon="133.4277429">
      <ele>200.126</ele>
    </trkpt>
    <trkpt lat="-16.1834887" lon="133.4276642">
      <ele>201.409</ele>
    </trkpt>
    <trkpt lat="-16.1834997" lon="133.4276628">
      <ele>201.414</ele>
    </trkpt>
    <trkpt lat="-16.1836783" lon="133.4276405">
      <ele>201.375</ele>
    </trkpt>
    <trkpt lat="-16.1838569" lon="133.4276182">
      <ele>201.066</ele>
    </trkpt>
    <trkpt lat="-16.1887377" lon="133.4270093">
      <ele>203.873</ele>
    </trkpt>
    <trkpt lat="-16.1902304" lon="133.4268237">
      <ele>201.639</ele>
    </trkpt>
    <trkpt lat="-16.1919568" lon="133.426607">
      <ele>202.671</ele>
    </trkpt>
    <trkpt lat="-16.1941458" lon="133.426331">
      <ele>200.165</ele>
    </trkpt>
    <trkpt lat="-16.1947907" lon="133.4262502">
      <ele>202.747</ele>
    </trkpt>
    <trkpt lat="-16.1955919" lon="133.4261476">
      <ele>203.886</ele>
    </trkpt>
    <trkpt lat="-16.1963191" lon="133.4260585">
      <ele>202.811</ele>
    </trkpt>
    <trkpt lat="-16.1970654" lon="133.4259638">
      <ele>202.409</ele>
    </trkpt>
    <trkpt lat="-16.197844" lon="133.4258573">
      <ele>203.544</ele>
    </trkpt>
    <trkpt lat="-16.198567" lon="133.4257644">
      <ele>204.761</ele>
    </trkpt>
    <trkpt lat="-16.1995448" lon="133.4256489">
      <ele>202.24</ele>
    </trkpt>
    <trkpt lat="-16.2005756" lon="133.425536">
      <ele>204.933</ele>
    </trkpt>
    <trkpt lat="-16.2006036" lon="133.4255329">
      <ele>204.841</ele>
    </trkpt>
    <trkpt lat="-16.2008889" lon="133.425513">
      <ele>204.153</ele>
    </trkpt>
    <trkpt lat="-16.2023745" lon="133.4254352">
      <ele>203.877</ele>
    </trkpt>
    <trkpt lat="-16.2033081" lon="133.4253886">
      <ele>204.601</ele>
    </trkpt>
    <trkpt lat="-16.2039528" lon="133.4253606">
      <ele>204.08</ele>
    </trkpt>
    <trkpt lat="-16.2063245" lon="133.4252507">
      <ele>204.768</ele>
    </trkpt>
    <trkpt lat="-16.20685" lon="133.4252263">
      <ele>206.0</ele>
    </trkpt>
    <trkpt lat="-16.2075975" lon="133.4251962">
      <ele>204.0</ele>
    </trkpt>
    <trkpt lat="-16.2083858" lon="133.4251591">
      <ele>204.0</ele>
    </trkpt>
    <trkpt lat="-16.2089741" lon="133.4251372">
      <ele>203.307</ele>
    </trkpt>
    <trkpt lat="-16.2094311" lon="133.4251132">
      <ele>204.952</ele>
    </trkpt>
    <trkpt lat="-16.2101107" lon="133.4250778">
      <ele>203.007</ele>
    </trkpt>
    <trkpt lat="-16.2107351" lon="133.4250464">
      <ele>204.108</ele>
    </trkpt>
    <trkpt lat="-16.2112952" lon="133.4250205">
      <ele>204.025</ele>
    </trkpt>
    <trkpt lat="-16.2117419" lon="133.4250025">
      <ele>203.0</ele>
    </trkpt>
    <trkpt lat="-16.2135989" lon="133.4249133">
      <ele>203.746</ele>
    </trkpt>
    <trkpt lat="-16.2140344" lon="133.4248918">
      <ele>202.815</ele>
    </trkpt>
    <trkpt lat="-16.2148427" lon="133.4248535">
      <ele>206.299</ele>
    </trkpt>
    <trkpt lat="-16.2152323" lon="133.4248316">
      <ele>202.833</ele>
    </trkpt>
    <trkpt lat="-16.2177343" lon="133.4247115">
      <ele>203.0</ele>
    </trkpt>
    <trkpt lat="-16.2197106" lon="133.4246148">
      <ele>203.984</ele>
    </trkpt>
    <trkpt lat="-16.2198903" lon="133.424606">
      <ele>204.605</ele>
    </trkpt>
    <trkpt lat="-16.2198985" lon="133.4246056">
      <ele>204.635</ele>
    </trkpt>
    <trkpt lat="-16.2216469" lon="133.4245258">
      <ele>202.535</ele>
    </trkpt>
    <trkpt lat="-16.2229484" lon="133.4244517">
      <ele>203.438</ele>
    </trkpt>
    <trkpt lat="-16.2230224" lon="133.4244458">
      <ele>203.129</ele>
    </trkpt>
    <trkpt lat="-16.2231188" lon="133.4244347">
      <ele>203.0</ele>
    </trkpt>
    <trkpt lat="-16.2233514" lon="133.424397">
      <ele>203.065</ele>
    </trkpt>
    <trkpt lat="-16.223585" lon="133.4243546">
      <ele>203.906</ele>
    </trkpt>
    <trkpt lat="-16.2239057" lon="133.4242799">
      <ele>204.628</ele>
    </trkpt>
    <trkpt lat="-16.2240358" lon="133.4242468">
      <ele>205.088</ele>
    </trkpt>
    <trkpt lat="-16.224253" lon="133.4241858">
      <ele>205.905</ele>
    </trkpt>
    <trkpt lat="-16.2243612" lon="133.4241488">
      <ele>205.955</ele>
    </trkpt>
    <trkpt lat="-16.2244742" lon="133.4241083">
      <ele>205.705</ele>
    </trkpt>
    <trkpt lat="-16.2246956" lon="133.424026">
      <ele>205.047</ele>
    </trkpt>
    <trkpt lat="-16.2248659" lon="133.4239562">
      <ele>205.0</ele>
    </trkpt>
    <trkpt lat="-16.2251754" lon="133.4238122">
      <ele>206.365</ele>
    </trkpt>
    <trkpt lat="-16.2253489" lon="133.4237257">
      <ele>206.744</ele>
    </trkpt>
    <trkpt lat="-16.2254749" lon="133.4236628">
      <ele>206.29</ele>
    </trkpt>
    <trkpt lat="-16.2257559" lon="133.4234976">
      <ele>205.279</ele>
    </trkpt>
    <trkpt lat="-16.2258491" lon="133.4234421">
      <ele>204.978</ele>
    </trkpt>
    <trkpt lat="-16.2260378" lon="133.4233191">
      <ele>205.0</ele>
    </trkpt>
    <trkpt lat="-16.2261697" lon="133.4232283">
      <ele>205.291</ele>
    </trkpt>
    <trkpt lat="-16.2263022" lon="133.4231295">
      <ele>206.193</ele>
    </trkpt>
    <trkpt lat="-16.2264437" lon="133.4230218">
      <ele>206.902</ele>
    </trkpt>
    <trkpt lat="-16.2265893" lon="133.4228997">
      <ele>206.844</ele>
    </trkpt>
    <trkpt lat="-16.2267257" lon="133.4227864">
      <ele>207.0</ele>
    </trkpt>
    <trkpt lat="-16.2268415" lon="133.4226896">
      <ele>206.683</ele>
    </trkpt>
    <trkpt lat="-16.2268731" lon="133.4226632">
      <ele>206.588</ele>
    </trkpt>
    <trkpt lat="-16.2363556" lon="133.4138189">
      <ele>205.539</ele>
    </trkpt>
    <trkpt lat="-16.2367482" lon="133.413432">
      <ele>205.355</ele>
    </trkpt>
    <trkpt lat="-16.236846" lon="133.4133356">
      <ele>205.008</ele>
    </trkpt>
    <trkpt lat="-16.2368779" lon="133.4133023">
      <ele>205.085</ele>
    </trkpt>
    <trkpt lat="-16.2371322" lon="133.4130373">
      <ele>206.044</ele>
    </trkpt>
    <trkpt lat="-16.2375136" lon="133.4126397">
      <ele>207.024</ele>
    </trkpt>
    <trkpt lat="-16.2399289" lon="133.4101216">
      <ele>206.256</ele>
    </trkpt>
    <trkpt lat="-16.240056" lon="133.4099891">
      <ele>205.83</ele>
    </trkpt>
    <trkpt lat="-16.2401832" lon="133.4098565">
      <ele>205.516</ele>
    </trkpt>
    <trkpt lat="-16.2403103" lon="133.409724">
      <ele>204.883</ele>
    </trkpt>
    <trkpt lat="-16.2404374" lon="133.4095915">
      <ele>204.626</ele>
    </trkpt>
    <trkpt lat="-16.246053" lon="133.4037369">
      <ele>207.114</ele>
    </trkpt>
    <trkpt lat="-16.2482815" lon="133.4014125">
      <ele>207.813</ele>
    </trkpt>
    <trkpt lat="-16.253666" lon="133.395795">
      <ele>207.446</ele>
    </trkpt>
    <trkpt lat="-16.2543" lon="133.3951879">
      <ele>210.0</ele>
    </trkpt>
    <trkpt lat="-16.2544604" lon="133.3950602">
      <ele>209.988</ele>
    </trkpt>
    <trkpt lat="-16.2547123" lon="133.3948734">
      <ele>209.544</ele>
    </trkpt>
    <trkpt lat="-16.2547383" lon="133.3948541">
      <ele>209.505</ele>
    </trkpt>
    <trkpt lat="-16.255037" lon="133.394654">
      <ele>210.1</ele>
    </trkpt>
    <trkpt lat="-16.2553121" lon="133.3944888">
      <ele>209.913</ele>
    </trkpt>
    <trkpt lat="-16.2555045" lon="133.3943863">
      <ele>208.329</ele>
    </trkpt>
    <trkpt lat="-16.255807" lon="133.394229">
      <ele>207.298</ele>
    </trkpt>
    <trkpt lat="-16.2562087" lon="133.3940566">
      <ele>207.906</ele>
    </trkpt>
    <trkpt lat="-16.25656" lon="133.393934">
      <ele>206.384</ele>
    </trkpt>
    <trkpt lat="-16.25674" lon="133.3938729">
      <ele>206.058</ele>
    </trkpt>
    <trkpt lat="-16.2569894" lon="133.3938028">
      <ele>206.26</ele>
    </trkpt>
    <trkpt lat="-16.257339" lon="133.393728">
      <ele>206.42</ele>
    </trkpt>
    <trkpt lat="-16.2578044" lon="133.393633">
      <ele>209.0</ele>
    </trkpt>
    <trkpt lat="-16.2601846" lon="133.3932191">
      <ele>208.803</ele>
    </trkpt>
    <trkpt lat="-16.2630171" lon="133.3927265">
      <ele>209.815</ele>
    </trkpt>
    <trkpt lat="-16.2634124" lon="133.3926585">
      <ele>208.715</ele>
    </trkpt>
    <trkpt lat="-16.2683806" lon="133.391789">
      <ele>213.0</ele>
    </trkpt>
    <trkpt lat="-16.2722988" lon="133.3911223">
      <ele>210.345</ele>
    </trkpt>
    <trkpt lat="-16.2725854" lon="133.3910741">
      <ele>211.0</ele>
    </trkpt>
    <trkpt lat="-16.2740603" lon="133.390815">
      <ele>211.515</ele>
    </trkpt>
    <trkpt lat="-16.274717" lon="133.3906961">
      <ele>210.494</ele>
    </trkpt>
    <trkpt lat="-16.275558" lon="133.3905453">
      <ele>212.009</ele>
    </trkpt>
    <trkpt lat="-16.2872597" lon="133.3884641">
      <ele>214.471</ele>
    </trkpt>
    <trkpt lat="-16.2904511" lon="133.3878965">
      <ele>213.142</ele>
    </trkpt>
    <trkpt lat="-16.296413" lon="133.386836">
      <ele>217.966</ele>
    </trkpt>
    <trkpt lat="-16.2980992" lon="133.3865206">
      <ele>217.631</ele>
    </trkpt>
    <trkpt lat="-16.2999647" lon="133.3861811">
      <ele>217.0</ele>
    </trkpt>
    <trkpt lat="-16.3009073" lon="133.3860095">
      <ele>215.998</ele>
    </trkpt>
    <trkpt lat="-16.3016629" lon="133.385872">
      <ele>217.0</ele>
    </trkpt>
    <trkpt lat="-16.3026173" lon="133.3856983">
      <ele>217.936</ele>
    </trkpt>
    <trkpt lat="-16.305229" lon="133.385223">
      <ele>218.803</ele>
    </trkpt>
    <trkpt lat="-16.3052861" lon="133.3852123">
      <ele>218.764</ele>
    </trkpt>
    <trkpt lat="-16.3055401" lon="133.3851679">
      <ele>218.604</ele>
    </trkpt>
    <trkpt lat="-16.3063335" lon="133.3850081">
      <ele>219.023</ele>
    </trkpt>
    <trkpt lat="-16.3063954" lon="133.3849923">
      <ele>218.996</ele>
    </trkpt>
    <trkpt lat="-16.3068329" lon="133.384921">
      <ele>219.287</ele>
    </trkpt>
    <trkpt lat="-16.3076217" lon="133.3847885">
      <ele>218.039</ele>
    </trkpt>
    <trkpt lat="-16.3083693" lon="133.3846571">
      <ele>217.895</ele>
    </trkpt>
    <trkpt lat="-16.3090306" lon="133.384521">
      <ele>219.0</ele>
    </trkpt>
    <trkpt lat="-16.3093166" lon="133.3844811">
      <ele>218.46</ele>
    </trkpt>
    <trkpt lat="-16.3095163" lon="133.3844532">
      <ele>218.251</ele>
    </trkpt>
    <trkpt lat="-16.3101576" lon="133.3843525">
      <ele>219.143</ele>
    </trkpt>
    <trkpt lat="-16.3105382" lon="133.3842848">
      <ele>220.875</ele>
    </trkpt>
    <trkpt lat="-16.3137969" lon="133.3837106">
      <ele>218.787</ele>
    </trkpt>
    <trkpt lat="-16.3161114" lon="133.3833027">
      <ele>219.999</ele>
    </trkpt>
    <trkpt lat="-16.3194686" lon="133.3827111">
      <ele>220.0</ele>
    </trkpt>
    <trkpt lat="-16.3265626" lon="133.3814622">
      <ele>220.54</ele>
    </trkpt>
    <trkpt lat="-16.3276267" lon="133.3812749">
      <ele>221.918</ele>
    </trkpt>
    <trkpt lat="-16.3278041" lon="133.3812437">
      <ele>221.901</ele>
    </trkpt>
    <trkpt lat="-16.3290455" lon="133.3810251">
      <ele>221.262</ele>
    </trkpt>
    <trkpt lat="-16.330206" lon="133.3808208">
      <ele>222.45</ele>
    </trkpt>
    <trkpt lat="-16.3308202" lon="133.3807201">
      <ele>221.64</ele>
    </trkpt>
    <trkpt lat="-16.330967" lon="133.380696">
      <ele>221.506</ele>
    </trkpt>
    <trkpt lat="-16.331627" lon="133.3805899">
      <ele>220.249</ele>
    </trkpt>
    <trkpt lat="-16.3326675" lon="133.3804692">
      <ele>221.689</ele>
    </trkpt>
    <trkpt lat="-16.3331076" lon="133.3804452">
      <ele>222.603</ele>
    </trkpt>
    <trkpt lat="-16.33379" lon="133.380444">
      <ele>221.598</ele>
    </trkpt>
    <trkpt lat="-16.3372116" lon="133.3804473">
      <ele>223.549</ele>
    </trkpt>
    <trkpt lat="-16.3387175" lon="133.3804496">
      <ele>223.765</ele>
    </trkpt>
    <trkpt lat="-16.3397967" lon="133.3804512">
      <ele>222.536</ele>
    </trkpt>
    <trkpt lat="-16.3399766" lon="133.3804514">
      <ele>223.832</ele>
    </trkpt>
    <trkpt lat="-16.3401564" lon="133.3804517">
      <ele>224.0</ele>
    </trkpt>
    <trkpt lat="-16.3407474" lon="133.3804526">
      <ele>222.565</ele>
    </trkpt>
    <trkpt lat="-16.3462947" lon="133.380475">
      <ele>223.678</ele>
    </trkpt>
    <trkpt lat="-16.3464517" lon="133.3804757">
      <ele>223.0</ele>
    </trkpt>
    <trkpt lat="-16.3466315" lon="133.3804765">
      <ele>223.0</ele>
    </trkpt>
    <trkpt lat="-16.3468114" lon="133.3804773">
      <ele>223.895</ele>
    </trkpt>
    <trkpt lat="-16.3497537" lon="133.3804905">
      <ele>224.087</ele>
    </trkpt>
    <trkpt lat="-16.3501204" lon="133.3804935">
      <ele>224.873</ele>
    </trkpt>
    <trkpt lat="-16.350776" lon="133.3805">
      <ele>224.565</ele>
    </trkpt>
    <trkpt lat="-16.3516159" lon="133.3804956">
      <ele>225.817</ele>
    </trkpt>
    <trkpt lat="-16.3532298" lon="133.3805012">
      <ele>224.673</ele>
    </trkpt>
    <trkpt lat="-16.3559809" lon="133.380511">
      <ele>225.915</ele>
    </trkpt>
    <trkpt lat="-16.3562357" lon="133.3805141">
      <ele>225.784</ele>
    </trkpt>
    <trkpt lat="-16.3567262" lon="133.3805202">
      <ele>226.96</ele>
    </trkpt>
    <trkpt lat="-16.3581308" lon="133.3805368">
      <ele>227.409</ele>
    </trkpt>
    <trkpt lat="-16.3583649" lon="133.3805382">
      <ele>225.893</ele>
    </trkpt>
    <trkpt lat="-16.3594026" lon="133.3805359">
      <ele>225.0</ele>
    </trkpt>
    <trkpt lat="-16.3597575" lon="133.3805355">
      <ele>226.009</ele>
    </trkpt>
    <trkpt lat="-16.3605937" lon="133.380525">
      <ele>228.015</ele>
    </trkpt>
    <trkpt lat="-16.3613181" lon="133.3805174">
      <ele>228.357</ele>
    </trkpt>
    <trkpt lat="-16.3614626" lon="133.3805167">
      <ele>228.103</ele>
    </trkpt>
    <trkpt lat="-16.3620801" lon="133.3805159">
      <ele>228.631</ele>
    </trkpt>
    <trkpt lat="-16.3629429" lon="133.3805062">
      <ele>230.106</ele>
    </trkpt>
    <trkpt lat="-16.3636006" lon="133.3805009">
      <ele>231.962</ele>
    </trkpt>
    <trkpt lat="-16.3636209" lon="133.3805008">
      <ele>232.0</ele>
    </trkpt>
    <trkpt lat="-16.3639806" lon="133.3804996">
      <ele>232.0</ele>
    </trkpt>
    <trkpt lat="-16.3640878" lon="133.3804992">
      <ele>232.0</ele>
    </trkpt>
    <trkpt lat="-16.3641605" lon="133.3804983">
      <ele>232.0</ele>
    </trkpt>
    <trkpt lat="-16.3643863" lon="133.3804957">
      <ele>232.791</ele>
    </trkpt>
    <trkpt lat="-16.3646028" lon="133.3804948">
      <ele>233.445</ele>
    </trkpt>
    <trkpt lat="-16.3650449" lon="133.3804922">
      <ele>234.0</ele>
    </trkpt>
    <trkpt lat="-16.3654761" lon="133.38049">
      <ele>233.286</ele>
    </trkpt>
    <trkpt lat="-16.3660332" lon="133.3804869">
      <ele>233.425</ele>
    </trkpt>
    <trkpt lat="-16.3669002" lon="133.3804799">
      <ele>230.93</ele>
    </trkpt>
    <trkpt lat="-16.3675667" lon="133.380475">
      <ele>232.78</ele>
    </trkpt>
    <trkpt lat="-16.3681174" lon="133.3804696">
      <ele>232.0</ele>
    </trkpt>
    <trkpt lat="-16.3683234" lon="133.3804676">
      <ele>232.0</ele>
    </trkpt>
    <trkpt lat="-16.3689878" lon="133.3804632">
      <ele>235.024</ele>
    </trkpt>
    <trkpt lat="-16.3699601" lon="133.380457">
      <ele>233.287</ele>
    </trkpt>
    <trkpt lat="-16.3704047" lon="133.3804531">
      <ele>233.114</ele>
    </trkpt>
    <trkpt lat="-16.3708439" lon="133.3804509">
      <ele>235.0</ele>
    </trkpt>
    <trkpt lat="-16.3712894" lon="133.3804474">
      <ele>234.608</ele>
    </trkpt>
    <trkpt lat="-16.3717151" lon="133.3804456">
      <ele>234.897</ele>
    </trkpt>
    <trkpt lat="-16.3720743" lon="133.3804428">
      <ele>234.938</ele>
    </trkpt>
    <trkpt lat="-16.3721539" lon="133.3804421">
      <ele>234.654</ele>
    </trkpt>
    <trkpt lat="-16.3722541" lon="133.3804415">
      <ele>234.478</ele>
    </trkpt>
    <trkpt lat="-16.372785" lon="133.3804382">
      <ele>236.037</ele>
    </trkpt>
    <trkpt lat="-16.3732924" lon="133.3804329">
      <ele>237.818</ele>
    </trkpt>
    <trkpt lat="-16.3739968" lon="133.380425">
      <ele>236.017</ele>
    </trkpt>
    <trkpt lat="-16.3744276" lon="133.3804233">
      <ele>233.537</ele>
    </trkpt>
    <trkpt lat="-16.3749236" lon="133.3804193">
      <ele>233.504</ele>
    </trkpt>
    <trkpt lat="-16.3760911" lon="133.3804069">
      <ele>234.896</ele>
    </trkpt>
    <trkpt lat="-16.3768169" lon="133.3803988">
      <ele>237.305</ele>
    </trkpt>
    <trkpt lat="-16.3775176" lon="133.380395">
      <ele>237.541</ele>
    </trkpt>
    <trkpt lat="-16.378292" lon="133.3803903">
      <ele>236.405</ele>
    </trkpt>
    <trkpt lat="-16.3785492" lon="133.3803884">
      <ele>236.398</ele>
    </trkpt>
    <trkpt lat="-16.378729" lon="133.3803872">
      <ele>236.818</ele>
    </trkpt>
    <trkpt lat="-16.3788209" lon="133.3803865">
      <ele>237.147</ele>
    </trkpt>
    <trkpt lat="-16.3793543" lon="133.3803818">
      <ele>238.544</ele>
    </trkpt>
    <trkpt lat="-16.3804106" lon="133.3803742">
      <ele>242.478</ele>
    </trkpt>
    <trkpt lat="-16.3812409" lon="133.3803695">
      <ele>242.33</ele>
    </trkpt>
    <trkpt lat="-16.3817867" lon="133.3803643">
      <ele>241.042</ele>
    </trkpt>
    <trkpt lat="-16.3818898" lon="133.3803633">
      <ele>240.813</ele>
    </trkpt>
    <trkpt lat="-16.3819665" lon="133.3803628">
      <ele>240.694</ele>
    </trkpt>
    <trkpt lat="-16.3825186" lon="133.380359">
      <ele>240.66</ele>
    </trkpt>
    <trkpt lat="-16.3832603" lon="133.3803533">
      <ele>239.728</ele>
    </trkpt>
    <trkpt lat="-16.3838564" lon="133.3803491">
      <ele>239.227</ele>
    </trkpt>
    <trkpt lat="-16.3844584" lon="133.3803462">
      <ele>239.505</ele>
    </trkpt>
    <trkpt lat="-16.3852474" lon="133.380324">
      <ele>241.761</ele>
    </trkpt>
    <trkpt lat="-16.3859472" lon="133.3802955">
      <ele>241.41</ele>
    </trkpt>
    <trkpt lat="-16.3861268" lon="133.3802884">
      <ele>241.998</ele>
    </trkpt>
    <trkpt lat="-16.386207" lon="133.3802824">
      <ele>241.994</ele>
    </trkpt>
    <trkpt lat="-16.3865958" lon="133.3802472">
      <ele>242.0</ele>
    </trkpt>
    <trkpt lat="-16.3871545" lon="133.3801945">
      <ele>240.773</ele>
    </trkpt>
    <trkpt lat="-16.3876806" lon="133.3801351">
      <ele>240.82</ele>
    </trkpt>
    <trkpt lat="-16.3882112" lon="133.3800636">
      <ele>239.643</ele>
    </trkpt>
    <trkpt lat="-16.3887157" lon="133.3799914">
      <ele>237.643</ele>
    </trkpt>
    <trkpt lat="-16.3891538" lon="133.3799282">
      <ele>235.8</ele>
    </trkpt>
    <trkpt lat="-16.3897233" lon="133.3798424">
      <ele>237.434</ele>
    </trkpt>
    <trkpt lat="-16.3902271" lon="133.3797649">
      <ele>238.125</ele>
    </trkpt>
    <trkpt lat="-16.3903115" lon="133.3797522">
      <ele>238.35</ele>
    </trkpt>
    <trkpt lat="-16.3904894" lon="133.3797253">
      <ele>238.792</ele>
    </trkpt>
    <trkpt lat="-16.3906674" lon="133.3796984">
      <ele>239.248</ele>
    </trkpt>
    <trkpt lat="-16.3908443" lon="133.3796716">
      <ele>239.46</ele>
    </trkpt>
    <trkpt lat="-16.3914448" lon="133.3795821">
      <ele>239.394</ele>
    </trkpt>
    <trkpt lat="-16.3920013" lon="133.3795038">
      <ele>238.0</ele>
    </trkpt>
    <trkpt lat="-16.3925311" lon="133.3794278">
      <ele>239.33</ele>
    </trkpt>
    <trkpt lat="-16.3931359" lon="133.3793391">
      <ele>241.91</ele>
    </trkpt>
    <trkpt lat="-16.3937343" lon="133.3792458">
      <ele>242.159</ele>
    </trkpt>
    <trkpt lat="-16.3943073" lon="133.3791638">
      <ele>245.002</ele>
    </trkpt>
    <trkpt lat="-16.3947267" lon="133.3791028">
      <ele>245.984</ele>
    </trkpt>
    <trkpt lat="-16.3949422" lon="133.3790718">
      <ele>245.208</ele>
    </trkpt>
    <trkpt lat="-16.3951203" lon="133.3790463">
      <ele>244.509</ele>
    </trkpt>
    <trkpt lat="-16.3952507" lon="133.3790276">
      <ele>244.099</ele>
    </trkpt>
    <trkpt lat="-16.3957552" lon="133.3789531">
      <ele>244.769</ele>
    </trkpt>
    <trkpt lat="-16.3962373" lon="133.3788846">
      <ele>244.015</ele>
    </trkpt>
    <trkpt lat="-16.3970825" lon="133.3787575">
      <ele>243.473</ele>
    </trkpt>
    <trkpt lat="-16.3976246" lon="133.378677">
      <ele>244.0</ele>
    </trkpt>
    <trkpt lat="-16.3980576" lon="133.3786153">
      <ele>244.0</ele>
    </trkpt>
    <trkpt lat="-16.399268" lon="133.3784355">
      <ele>245.963</ele>
    </trkpt>
    <trkpt lat="-16.4003131" lon="133.378282">
      <ele>243.92</ele>
    </trkpt>
    <trkpt lat="-16.4004631" lon="133.3782593">
      <ele>243.688</ele>
    </trkpt>
    <trkpt lat="-16.4006411" lon="133.3782324">
      <ele>243.727</ele>
    </trkpt>
    <trkpt lat="-16.4015422" lon="133.3780962">
      <ele>245.919</ele>
    </trkpt>
    <trkpt lat="-16.4022293" lon="133.3780059">
      <ele>244.046</ele>
    </trkpt>
    <trkpt lat="-16.4025074" lon="133.377972">
      <ele>245.726</ele>
    </trkpt>
    <trkpt lat="-16.4026723" lon="133.3779461">
      <ele>246.226</ele>
    </trkpt>
    <trkpt lat="-16.4029319" lon="133.3779091">
      <ele>247.32</ele>
    </trkpt>
    <trkpt lat="-16.4033043" lon="133.3778697">
      <ele>248.0</ele>
    </trkpt>
    <trkpt lat="-16.4036003" lon="133.3778447">
      <ele>247.768</ele>
    </trkpt>
    <trkpt lat="-16.4044887" lon="133.3777632">
      <ele>246.407</ele>
    </trkpt>
    <trkpt lat="-16.4050325" lon="133.3777281">
      <ele>246.392</ele>
    </trkpt>
    <trkpt lat="-16.4053298" lon="133.3777054">
      <ele>248.513</ele>
    </trkpt>
    <trkpt lat="-16.4055152" lon="133.3776993">
      <ele>250.323</ele>
    </trkpt>
    <trkpt lat="-16.4060479" lon="133.3776767">
      <ele>251.409</ele>
    </trkpt>
    <trkpt lat="-16.4064805" lon="133.3776645">
      <ele>250.944</ele>
    </trkpt>
    <trkpt lat="-16.4066104" lon="133.3776605">
      <ele>250.288</ele>
    </trkpt>
    <trkpt lat="-16.4070515" lon="133.3776498">
      <ele>249.539</ele>
    </trkpt>
    <trkpt lat="-16.4073255" lon="133.3776518">
      <ele>249.546</ele>
    </trkpt>
    <trkpt lat="-16.4078424" lon="133.3776468">
      <ele>249.877</ele>
    </trkpt>
    <trkpt lat="-16.408103" lon="133.3776496">
      <ele>249.383</ele>
    </trkpt>
    <trkpt lat="-16.4085118" lon="133.3776572">
      <ele>248.721</ele>
    </trkpt>
    <trkpt lat="-16.4088381" lon="133.3776697">
      <ele>248.611</ele>
    </trkpt>
    <trkpt lat="-16.40909" lon="133.3776778">
      <ele>248.64</ele>
    </trkpt>
    <trkpt lat="-16.40924" lon="133.3776904">
      <ele>248.685</ele>
    </trkpt>
    <trkpt lat="-16.4096311" lon="133.3777111">
      <ele>248.249</ele>
    </trkpt>
    <trkpt lat="-16.4100048" lon="133.3777317">
      <ele>248.0</ele>
    </trkpt>
    <trkpt lat="-16.4104163" lon="133.3777612">
      <ele>248.499</ele>
    </trkpt>
    <trkpt lat="-16.4108447" lon="133.3777944">
      <ele>250.038</ele>
    </trkpt>
    <trkpt lat="-16.4112214" lon="133.3778238">
      <ele>250.437</ele>
    </trkpt>
    <trkpt lat="-16.4115681" lon="133.3778545">
      <ele>249.724</ele>
    </trkpt>
    <trkpt lat="-16.4120223" lon="133.3778933">
      <ele>250.28</ele>
    </trkpt>
    <trkpt lat="-16.4123576" lon="133.3779192">
      <ele>251.487</ele>
    </trkpt>
    <trkpt lat="-16.4127026" lon="133.3779509">
      <ele>251.545</ele>
    </trkpt>
    <trkpt lat="-16.413052" lon="133.3779787">
      <ele>249.575</ele>
    </trkpt>
    <trkpt lat="-16.4135527" lon="133.3780185">
      <ele>250.607</ele>
    </trkpt>
    <trkpt lat="-16.4138122" lon="133.3780391">
      <ele>251.724</ele>
    </trkpt>
    <trkpt lat="-16.414063" lon="133.3780779">
      <ele>251.839</ele>
    </trkpt>
    <trkpt lat="-16.4168417" lon="133.3783025">
      <ele>249.588</ele>
    </trkpt>
    <trkpt lat="-16.4168932" lon="133.3783087">
      <ele>249.264</ele>
    </trkpt>
    <trkpt lat="-16.4181864" lon="133.3784262">
      <ele>247.0</ele>
    </trkpt>
    <trkpt lat="-16.4189035" lon="133.3784868">
      <ele>247.053</ele>
    </trkpt>
    <trkpt lat="-16.4267916" lon="133.3791533">
      <ele>251.0</ele>
    </trkpt>
    <trkpt lat="-16.4269709" lon="133.3791684">
      <ele>250.905</ele>
    </trkpt>
    <trkpt lat="-16.430244" lon="133.379445">
      <ele>249.123</ele>
    </trkpt>
    <trkpt lat="-16.431337" lon="133.379556">
      <ele>250.075</ele>
    </trkpt>
    <trkpt lat="-16.4332341" lon="133.3798141">
      <ele>248.357</ele>
    </trkpt>
    <trkpt lat="-16.433263" lon="133.379818">
      <ele>248.253</ele>
    </trkpt>
    <trkpt lat="-16.4341193" lon="133.3799799">
      <ele>249.842</ele>
    </trkpt>
    <trkpt lat="-16.4342962" lon="133.3800133">
      <ele>250.0</ele>
    </trkpt>
    <trkpt lat="-16.434733" lon="133.3800959">
      <ele>250.384</ele>
    </trkpt>
    <trkpt lat="-16.435774" lon="133.380313">
      <ele>250.467</ele>
    </trkpt>
    <trkpt lat="-16.4367579" lon="133.3805623">
      <ele>254.672</ele>
    </trkpt>
    <trkpt lat="-16.4369327" lon="133.3806066">
      <ele>254.042</ele>
    </trkpt>
    <trkpt lat="-16.437171" lon="133.380667">
      <ele>252.369</ele>
    </trkpt>
    <trkpt lat="-16.438958" lon="133.381195">
      <ele>251.302</ele>
    </trkpt>
    <trkpt lat="-16.4396956" lon="133.3814437">
      <ele>250.49</ele>
    </trkpt>
    <trkpt lat="-16.440363" lon="133.3816689">
      <ele>253.0</ele>
    </trkpt>
    <trkpt lat="-16.4412247" lon="133.3819969">
      <ele>253.189</ele>
    </trkpt>
    <trkpt lat="-16.441548" lon="133.3821199">
      <ele>253.059</ele>
    </trkpt>
    <trkpt lat="-16.441896" lon="133.3822664">
      <ele>252.174</ele>
    </trkpt>
    <trkpt lat="-16.4420628" lon="133.3823366">
      <ele>252.426</ele>
    </trkpt>
    <trkpt lat="-16.442919" lon="133.382697">
      <ele>252.709</ele>
    </trkpt>
    <trkpt lat="-16.4452085" lon="133.3837284">
      <ele>259.923</ele>
    </trkpt>
    <trkpt lat="-16.4453736" lon="133.3838028">
      <ele>260.797</ele>
    </trkpt>
    <trkpt lat="-16.4455387" lon="133.3838772">
      <ele>260.997</ele>
    </trkpt>
    <trkpt lat="-16.4491711" lon="133.3855138">
      <ele>252.852</ele>
    </trkpt>
    <trkpt lat="-16.4493362" lon="133.3855882">
      <ele>253.118</ele>
    </trkpt>
    <trkpt lat="-16.450492" lon="133.3861089">
      <ele>255.008</ele>
    </trkpt>
    <trkpt lat="-16.453444" lon="133.387439">
      <ele>265.602</ele>
    </trkpt>
    <trkpt lat="-16.454038" lon="133.387669">
      <ele>264.255</ele>
    </trkpt>
    <trkpt lat="-16.4545546" lon="133.3878081">
      <ele>266.397</ele>
    </trkpt>
    <trkpt lat="-16.4546574" lon="133.3878345">
      <ele>266.767</ele>
    </trkpt>
    <trkpt lat="-16.4553099" lon="133.387943">
      <ele>265.59</ele>
    </trkpt>
    <trkpt lat="-16.4571966" lon="133.388139">
      <ele>269.754</ele>
    </trkpt>
    <trkpt lat="-16.457559" lon="133.3881806">
      <ele>271.684</ele>
    </trkpt>
    <trkpt lat="-16.4581654" lon="133.3882505">
      <ele>272.895</ele>
    </trkpt>
    <trkpt lat="-16.4612301" lon="133.3885816">
      <ele>274.511</ele>
    </trkpt>
    <trkpt lat="-16.462724" lon="133.3887312">
      <ele>272.568</ele>
    </trkpt>
    <trkpt lat="-16.4650323" lon="133.3889811">
      <ele>271.41</ele>
    </trkpt>
    <trkpt lat="-16.4660673" lon="133.3890484">
      <ele>270.516</ele>
    </trkpt>
    <trkpt lat="-16.4690045" lon="133.3890943">
      <ele>269.892</ele>
    </trkpt>
    <trkpt lat="-16.4691843" lon="133.3890971">
      <ele>269.813</ele>
    </trkpt>
    <trkpt lat="-16.4693642" lon="133.3890999">
      <ele>270.471</ele>
    </trkpt>
    <trkpt lat="-16.4706231" lon="133.3891196">
      <ele>271.629</ele>
    </trkpt>
    <trkpt lat="-16.4715223" lon="133.3891336">
      <ele>270.423</ele>
    </trkpt>
    <trkpt lat="-16.4717022" lon="133.3891364">
      <ele>270.763</ele>
    </trkpt>
    <trkpt lat="-16.47422" lon="133.3891758">
      <ele>265.192</ele>
    </trkpt>
    <trkpt lat="-16.4743998" lon="133.3891786">
      <ele>265.839</ele>
    </trkpt>
    <trkpt lat="-16.4745796" lon="133.3891814">
      <ele>266.0</ele>
    </trkpt>
    <trkpt lat="-16.4747595" lon="133.3891842">
      <ele>265.874</ele>
    </trkpt>
    <trkpt lat="-16.4748328" lon="133.3891853">
      <ele>265.629</ele>
    </trkpt>
    <trkpt lat="-16.4749393" lon="133.3891826">
      <ele>265.263</ele>
    </trkpt>
    <trkpt lat="-16.4751191" lon="133.3891781">
      <ele>265.041</ele>
    </trkpt>
    <trkpt lat="-16.4752989" lon="133.3891736">
      <ele>265.101</ele>
    </trkpt>
    <trkpt lat="-16.4763667" lon="133.3891468">
      <ele>268.074</ele>
    </trkpt>
    <trkpt lat="-16.4776557" lon="133.3889893">
      <ele>268.361</ele>
    </trkpt>
    <trkpt lat="-16.4787216" lon="133.3887616">
      <ele>269.144</ele>
    </trkpt>
    <trkpt lat="-16.4795482" lon="133.3885036">
      <ele>269.229</ele>
    </trkpt>
    <trkpt lat="-16.4797646" lon="133.3884361">
      <ele>269.523</ele>
    </trkpt>
    <trkpt lat="-16.4809946" lon="133.3879346">
      <ele>269.581</ele>
    </trkpt>
    <trkpt lat="-16.4857116" lon="133.3858895">
      <ele>271.089</ele>
    </trkpt>
    <trkpt lat="-16.4858777" lon="133.3858175">
      <ele>271.169</ele>
    </trkpt>
    <trkpt lat="-16.4862099" lon="133.3856735">
      <ele>272.726</ele>
    </trkpt>
    <trkpt lat="-16.4906941" lon="133.3837293">
      <ele>272.364</ele>
    </trkpt>
    <trkpt lat="-16.4907571" lon="133.383702">
      <ele>272.132</ele>
    </trkpt>
    <trkpt lat="-16.4908602" lon="133.3836572">
      <ele>271.737</ele>
    </trkpt>
    <trkpt lat="-16.4911923" lon="133.383513">
      <ele>270.811</ele>
    </trkpt>
    <trkpt lat="-16.4940518" lon="133.3822716">
      <ele>271.482</ele>
    </trkpt>
    <trkpt lat="-16.4976672" lon="133.3806987">
      <ele>272.105</ele>
    </trkpt>
    <trkpt lat="-16.4979992" lon="133.3805543">
      <ele>272.001</ele>
    </trkpt>
    <trkpt lat="-16.4996592" lon="133.3798321">
      <ele>273.396</ele>
    </trkpt>
    <trkpt lat="-16.4998252" lon="133.3797599">
      <ele>273.085</ele>
    </trkpt>
    <trkpt lat="-16.4999912" lon="133.3796876">
      <ele>273.004</ele>
    </trkpt>
    <trkpt lat="-16.5041257" lon="133.3778887">
      <ele>273.794</ele>
    </trkpt>
    <trkpt lat="-16.5109513" lon="133.3749255">
      <ele>274.0</ele>
    </trkpt>
    <trkpt lat="-16.5203773" lon="133.3707699">
      <ele>274.0</ele>
    </trkpt>
    <trkpt lat="-16.520543" lon="133.3706969">
      <ele>274.0</ele>
    </trkpt>
    <trkpt lat="-16.5217027" lon="133.3701856">
      <ele>272.668</ele>
    </trkpt>
    <trkpt lat="-16.522034" lon="133.3700395">
      <ele>272.096</ele>
    </trkpt>
    <trkpt lat="-16.5221997" lon="133.3699664">
      <ele>272.121</ele>
    </trkpt>
    <trkpt lat="-16.5265071" lon="133.3680672">
      <ele>273.408</ele>
    </trkpt>
    <trkpt lat="-16.5266728" lon="133.3679942">
      <ele>274.0</ele>
    </trkpt>
    <trkpt lat="-16.5268385" lon="133.3679211">
      <ele>274.0</ele>
    </trkpt>
    <trkpt lat="-16.5367786" lon="133.3635379">
      <ele>274.63</ele>
    </trkpt>
    <trkpt lat="-16.5369443" lon="133.3634649">
      <ele>273.948</ele>
    </trkpt>
    <trkpt lat="-16.5377727" lon="133.3630996">
      <ele>275.156</ele>
    </trkpt>
    <trkpt lat="-16.5432397" lon="133.3606886">
      <ele>278.028</ele>
    </trkpt>
    <trkpt lat="-16.5434054" lon="133.3606155">
      <ele>278.421</ele>
    </trkpt>
    <trkpt lat="-16.5474058" lon="133.3588513">
      <ele>276.429</ele>
    </trkpt>
    <trkpt lat="-16.5565911" lon="133.3547828">
      <ele>279.887</ele>
    </trkpt>
    <trkpt lat="-16.5575271" lon="133.3544341">
      <ele>279.906</ele>
    </trkpt>
    <trkpt lat="-16.5575595" lon="133.354422">
      <ele>279.803</ele>
    </trkpt>
    <trkpt lat="-16.558089" lon="133.3542378">
      <ele>279.654</ele>
    </trkpt>
    <trkpt lat="-16.5590277" lon="133.3539651">
      <ele>279.775</ele>
    </trkpt>
    <trkpt lat="-16.5592944" lon="133.3539026">
      <ele>278.152</ele>
    </trkpt>
    <trkpt lat="-16.5597815" lon="133.3537948">
      <ele>278.088</ele>
    </trkpt>
    <trkpt lat="-16.5599563" lon="133.3537561">
      <ele>279.207</ele>
    </trkpt>
    <trkpt lat="-16.5605306" lon="133.3536291">
      <ele>281.851</ele>
    </trkpt>
    <trkpt lat="-16.5611533" lon="133.3535316">
      <ele>280.74</ele>
    </trkpt>
    <trkpt lat="-16.5619107" lon="133.353446">
      <ele>280.307</ele>
    </trkpt>
    <trkpt lat="-16.5619697" lon="133.3534394">
      <ele>280.291</ele>
    </trkpt>
    <trkpt lat="-16.56209" lon="133.353432">
      <ele>279.831</ele>
    </trkpt>
    <trkpt lat="-16.5620913" lon="133.3534319">
      <ele>279.826</ele>
    </trkpt>
    <trkpt lat="-16.5625269" lon="133.3534052">
      <ele>277.331</ele>
    </trkpt>
    <trkpt lat="-16.5626301" lon="133.3534031">
      <ele>277.602</ele>
    </trkpt>
    <trkpt lat="-16.5637047" lon="133.3533826">
      <ele>279.455</ele>
    </trkpt>
    <trkpt lat="-16.5642864" lon="133.3533969">
      <ele>280.569</ele>
    </trkpt>
    <trkpt lat="-16.5652625" lon="133.3534727">
      <ele>279.471</ele>
    </trkpt>
    <trkpt lat="-16.5657053" lon="133.3535174">
      <ele>279.364</ele>
    </trkpt>
    <trkpt lat="-16.5660394" lon="133.3535651">
      <ele>280.692</ele>
    </trkpt>
    <trkpt lat="-16.5662801" lon="133.3535995">
      <ele>281.599</ele>
    </trkpt>
    <trkpt lat="-16.5671219" lon="133.3537467">
      <ele>280.2</ele>
    </trkpt>
    <trkpt lat="-16.5689802" lon="133.3541012">
      <ele>280.436</ele>
    </trkpt>
    <trkpt lat="-16.5712014" lon="133.3545222">
      <ele>280.972</ele>
    </trkpt>
    <trkpt lat="-16.5763849" lon="133.3555199">
      <ele>278.998</ele>
    </trkpt>
    <trkpt lat="-16.5774451" lon="133.355728">
      <ele>276.502</ele>
    </trkpt>
    <trkpt lat="-16.5779546" lon="133.3558242">
      <ele>276.033</ele>
    </trkpt>
    <trkpt lat="-16.5830508" lon="133.3568109">
      <ele>279.992</ele>
    </trkpt>
    <trkpt lat="-16.5834041" lon="133.3568826">
      <ele>277.689</ele>
    </trkpt>
    <trkpt lat="-16.5835805" lon="133.3569184">
      <ele>277.027</ele>
    </trkpt>
    <trkpt lat="-16.5844631" lon="133.3570958">
      <ele>274.612</ele>
    </trkpt>
    <trkpt lat="-16.5844657" lon="133.3570963">
      <ele>274.623</ele>
    </trkpt>
    <trkpt lat="-16.5848178" lon="133.3571585">
      <ele>276.194</ele>
    </trkpt>
    <trkpt lat="-16.5965319" lon="133.359443">
      <ele>265.997</ele>
    </trkpt>
    <trkpt lat="-16.5975183" lon="133.3596306">
      <ele>266.582</ele>
    </trkpt>
    <trkpt lat="-16.5984542" lon="133.3598191">
      <ele>263.914</ele>
    </trkpt>
    <trkpt lat="-16.5991385" lon="133.3599511">
      <ele>263.982</ele>
    </trkpt>
    <trkpt lat="-16.5994815" lon="133.3600165">
      <ele>264.0</ele>
    </trkpt>
    <trkpt lat="-16.5995477" lon="133.3600287">
      <ele>264.0</ele>
    </trkpt>
    <trkpt lat="-16.5996694" lon="133.3600509">
      <ele>264.0</ele>
    </trkpt>
    <trkpt lat="-16.5996705" lon="133.3600511">
      <ele>264.0</ele>
    </trkpt>
    <trkpt lat="-16.5998465" lon="133.3600836">
      <ele>264.582</ele>
    </trkpt>
    <trkpt lat="-16.5998475" lon="133.3600838">
      <ele>264.587</ele>
    </trkpt>
    <trkpt lat="-16.6000294" lon="133.360116">
      <ele>265.479</ele>
    </trkpt>
    <trkpt lat="-16.600496" lon="133.3601986">
      <ele>265.214</ele>
    </trkpt>
    <trkpt lat="-16.6014321" lon="133.3603927">
      <ele>265.505</ele>
    </trkpt>
    <trkpt lat="-16.60237" lon="133.3605758">
      <ele>265.902</ele>
    </trkpt>
    <trkpt lat="-16.6032891" lon="133.3607588">
      <ele>264.342</ele>
    </trkpt>
    <trkpt lat="-16.6040323" lon="133.3609037">
      <ele>264.0</ele>
    </trkpt>
    <trkpt lat="-16.6049105" lon="133.3610847">
      <ele>267.647</ele>
    </trkpt>
    <trkpt lat="-16.6056715" lon="133.3613172">
      <ele>268.432</ele>
    </trkpt>
    <trkpt lat="-16.6059084" lon="133.3613872">
      <ele>268.0</ele>
    </trkpt>
    <trkpt lat="-16.6062695" lon="133.3615062">
      <ele>267.671</ele>
    </trkpt>
    <trkpt lat="-16.6072399" lon="133.3618787">
      <ele>265.827</ele>
    </trkpt>
    <trkpt lat="-16.608907" lon="133.362553">
      <ele>265.138</ele>
    </trkpt>
    <trkpt lat="-16.6109263" lon="133.3633043">
      <ele>268.07</ele>
    </trkpt>
    <trkpt lat="-16.6110219" lon="133.3633377">
      <ele>268.016</ele>
    </trkpt>
    <trkpt lat="-16.6112419" lon="133.3634191">
      <ele>268.78</ele>
    </trkpt>
    <trkpt lat="-16.6131613" lon="133.3641633">
      <ele>268.6</ele>
    </trkpt>
    <trkpt lat="-16.6155128" lon="133.3650776">
      <ele>266.516</ele>
    </trkpt>
    <trkpt lat="-16.6198581" lon="133.3667529">
      <ele>267.489</ele>
    </trkpt>
    <trkpt lat="-16.6210103" lon="133.367205">
      <ele>267.536</ele>
    </trkpt>
    <trkpt lat="-16.6216088" lon="133.3674991">
      <ele>266.419</ele>
    </trkpt>
    <trkpt lat="-16.6220598" lon="133.3676785">
      <ele>265.346</ele>
    </trkpt>
    <trkpt lat="-16.6231414" lon="133.3681058">
      <ele>263.743</ele>
    </trkpt>
    <trkpt lat="-16.6233555" lon="133.3682058">
      <ele>265.123</ele>
    </trkpt>
    <trkpt lat="-16.6239457" lon="133.3684684">
      <ele>266.613</ele>
    </trkpt>
    <trkpt lat="-16.6247085" lon="133.3688481">
      <ele>264.057</ele>
    </trkpt>
    <trkpt lat="-16.6251272" lon="133.3690565">
      <ele>264.724</ele>
    </trkpt>
    <trkpt lat="-16.6258322" lon="133.3694453">
      <ele>263.996</ele>
    </trkpt>
    <trkpt lat="-16.6259521" lon="133.3695114">
      <ele>264.428</ele>
    </trkpt>
    <trkpt lat="-16.6259908" lon="133.3695338">
      <ele>264.567</ele>
    </trkpt>
    <trkpt lat="-16.6261481" lon="133.3696248">
      <ele>264.953</ele>
    </trkpt>
    <trkpt lat="-16.6265643" lon="133.3698656">
      <ele>264.559</ele>
    </trkpt>
    <trkpt lat="-16.6276655" lon="133.3705546">
      <ele>263.399</ele>
    </trkpt>
    <trkpt lat="-16.6288122" lon="133.3713656">
      <ele>261.253</ele>
    </trkpt>
    <trkpt lat="-16.6297929" lon="133.3721335">
      <ele>260.812</ele>
    </trkpt>
    <trkpt lat="-16.6313195" lon="133.3733523">
      <ele>260.182</ele>
    </trkpt>
    <trkpt lat="-16.6322972" lon="133.374133">
      <ele>259.642</ele>
    </trkpt>
    <trkpt lat="-16.6341742" lon="133.3756404">
      <ele>256.019</ele>
    </trkpt>
    <trkpt lat="-16.6360832" lon="133.3771736">
      <ele>254.1</ele>
    </trkpt>
    <trkpt lat="-16.6374121" lon="133.3782412">
      <ele>252.789</ele>
    </trkpt>
    <trkpt lat="-16.638306" lon="133.3789594">
      <ele>251.025</ele>
    </trkpt>
    <trkpt lat="-16.6388157" lon="133.3793688">
      <ele>251.536</ele>
    </trkpt>
    <trkpt lat="-16.6394471" lon="133.379878">
      <ele>251.869</ele>
    </trkpt>
    <trkpt lat="-16.6395894" lon="133.3799928">
      <ele>250.53</ele>
    </trkpt>
    <trkpt lat="-16.640301" lon="133.3805667">
      <ele>251.0</ele>
    </trkpt>
    <trkpt lat="-16.6404434" lon="133.3806815">
      <ele>251.0</ele>
    </trkpt>
    <trkpt lat="-16.641011" lon="133.3811392">
      <ele>250.0</ele>
    </trkpt>
    <trkpt lat="-16.6417991" lon="133.3817748">
      <ele>247.389</ele>
    </trkpt>
    <trkpt lat="-16.6425781" lon="133.3823998">
      <ele>250.281</ele>
    </trkpt>
    <trkpt lat="-16.6444319" lon="133.3838871">
      <ele>248.0</ele>
    </trkpt>
    <trkpt lat="-16.6444336" lon="133.3838885">
      <ele>248.0</ele>
    </trkpt>
    <trkpt lat="-16.6489968" lon="133.3875497">
      <ele>245.681</ele>
    </trkpt>
    <trkpt lat="-16.6491394" lon="133.3876642">
      <ele>245.631</ele>
    </trkpt>
    <trkpt lat="-16.649683" lon="133.3881004">
      <ele>243.418</ele>
    </trkpt>
    <trkpt lat="-16.6513202" lon="133.3894043">
      <ele>242.712</ele>
    </trkpt>
    <trkpt lat="-16.6514234" lon="133.3894879">
      <ele>242.261</ele>
    </trkpt>
    <trkpt lat="-16.6515655" lon="133.3896029">
      <ele>242.844</ele>
    </trkpt>
    <trkpt lat="-16.652276" lon="133.3901783">
      <ele>245.931</ele>
    </trkpt>
    <trkpt lat="-16.654735" lon="133.3921696">
      <ele>241.0</ele>
    </trkpt>
    <trkpt lat="-16.6564005" lon="133.3935113">
      <ele>238.386</ele>
    </trkpt>
    <trkpt lat="-16.6565445" lon="133.3936274">
      <ele>238.586</ele>
    </trkpt>
    <trkpt lat="-16.6566869" lon="133.3937421">
      <ele>239.004</ele>
    </trkpt>
    <trkpt lat="-16.6568293" lon="133.3938568">
      <ele>238.55</ele>
    </trkpt>
    <trkpt lat="-16.6571124" lon="133.3940848">
      <ele>236.542</ele>
    </trkpt>
    <trkpt lat="-16.6579574" lon="133.3947656">
      <ele>238.348</ele>
    </trkpt>
    <trkpt lat="-16.6579667" lon="133.3947731">
      <ele>238.419</ele>
    </trkpt>
    <trkpt lat="-16.6583939" lon="133.3951172">
      <ele>240.064</ele>
    </trkpt>
    <trkpt lat="-16.6618116" lon="133.3978697">
      <ele>237.651</ele>
    </trkpt>
    <trkpt lat="-16.6619557" lon="133.3979858">
      <ele>237.749</ele>
    </trkpt>
    <trkpt lat="-16.6620981" lon="133.3981004">
      <ele>238.089</ele>
    </trkpt>
    <trkpt lat="-16.6623829" lon="133.3983298">
      <ele>238.987</ele>
    </trkpt>
    <trkpt lat="-16.6625253" lon="133.3984445">
      <ele>238.6</ele>
    </trkpt>
    <trkpt lat="-16.662997" lon="133.3988244">
      <ele>238.606</ele>
    </trkpt>
    <trkpt lat="-16.6640918" lon="133.3997061">
      <ele>237.227</ele>
    </trkpt>
    <trkpt lat="-16.6652309" lon="133.4006237">
      <ele>237.541</ele>
    </trkpt>
    <trkpt lat="-16.6657989" lon="133.4010811">
      <ele>237.987</ele>
    </trkpt>
    <trkpt lat="-16.6666533" lon="133.4017692">
      <ele>236.048</ele>
    </trkpt>
    <trkpt lat="-16.6686486" lon="133.4033764">
      <ele>235.155</ele>
    </trkpt>
    <trkpt lat="-16.6690758" lon="133.4037205">
      <ele>235.735</ele>
    </trkpt>
    <trkpt lat="-16.6692165" lon="133.4038338">
      <ele>235.342</ele>
    </trkpt>
    <trkpt lat="-16.6693606" lon="133.4039498">
      <ele>235.326</ele>
    </trkpt>
    <trkpt lat="-16.669503" lon="133.4040645">
      <ele>234.658</ele>
    </trkpt>
    <trkpt lat="-16.6717797" lon="133.4058984">
      <ele>232.784</ele>
    </trkpt>
    <trkpt lat="-16.6757686" lon="133.4091114">
      <ele>230.0</ele>
    </trkpt>
    <trkpt lat="-16.6762063" lon="133.409464">
      <ele>228.752</ele>
    </trkpt>
    <trkpt lat="-16.6764177" lon="133.4096343">
      <ele>229.4</ele>
    </trkpt>
    <trkpt lat="-16.676691" lon="133.409848">
      <ele>230.461</ele>
    </trkpt>
    <trkpt lat="-16.6771075" lon="133.4101564">
      <ele>229.157</ele>
    </trkpt>
    <trkpt lat="-16.6775103" lon="133.4104713">
      <ele>228.719</ele>
    </trkpt>
    <trkpt lat="-16.6778217" lon="133.4107149">
      <ele>229.574</ele>
    </trkpt>
    <trkpt lat="-16.6784747" lon="133.4112524">
      <ele>228.75</ele>
    </trkpt>
    <trkpt lat="-16.678962" lon="133.4115574">
      <ele>229.896</ele>
    </trkpt>
    <trkpt lat="-16.6792583" lon="133.411713">
      <ele>229.892</ele>
    </trkpt>
    <trkpt lat="-16.6797405" lon="133.4119261">
      <ele>230.745</ele>
    </trkpt>
    <trkpt lat="-16.6800329" lon="133.4120498">
      <ele>229.379</ele>
    </trkpt>
    <trkpt lat="-16.6800753" lon="133.412064">
      <ele>229.43</ele>
    </trkpt>
    <trkpt lat="-16.680373" lon="133.41216">
      <ele>230.462</ele>
    </trkpt>
    <trkpt lat="-16.6809467" lon="133.4123153">
      <ele>230.504</ele>
    </trkpt>
    <trkpt lat="-16.6810266" lon="133.4123342">
      <ele>229.497</ele>
    </trkpt>
    <trkpt lat="-16.6808314" lon="133.4124014">
      <ele>232.0</ele>
    </trkpt>
    <trkpt lat="-16.6807327" lon="133.4124347">
      <ele>232.0</ele>
    </trkpt>
    <trkpt lat="-16.6806768" lon="133.4124467">
      <ele>232.0</ele>
    </trkpt>
    <trkpt lat="-16.6806108" lon="133.4124512">
      <ele>232.0</ele>
    </trkpt>
    <trkpt lat="-16.6804976" lon="133.4124377">
      <ele>231.583</ele>
    </trkpt>
    <trkpt lat="-16.6803884" lon="133.4124">
      <ele>230.796</ele>
    </trkpt>
    <trkpt lat="-16.6801885" lon="133.4125336">
      <ele>230.524</ele>
    </trkpt>
    <trkpt lat="-16.6798725" lon="133.4125363">
      <ele>231.53</ele>
    </trkpt>
    <trkpt lat="-16.6795654" lon="133.4123969">
      <ele>232.565</ele>
    </trkpt>
  </trkseg>
</trk>
</gpx>
