<?xml version="1.0" encoding="utf-8" standalone="yes"?>
<gpx version="1.1" creator="GPS Visualizer https://www.gpsvisualizer.com/" xmlns="http://www.topografix.com/GPX/1/1" xmlns:xsi="http://www.w3.org/2001/XMLSchema-instance" xsi:schemaLocation="http://www.topografix.com/GPX/1/1 http://www.topografix.com/GPX/1/1/gpx.xsd http://www.garmin.com/xmlschemas/TrackPointExtension/v2 http://www.garmin.com/xmlschemas/TrackPointExtensionv2.xsd http://www.garmin.com/xmlschemas/GpxExtensions/v3 http://www.garmin.com/xmlschemas/GpxExtensionsv3.xsd" xmlns:gpxtpx="http://www.garmin.com/xmlschemas/TrackPointExtension/v2" xmlns:gpxx="http://www.garmin.com/xmlschemas/GpxExtensions/v3">
<trk>
  <name>Route</name>
  <trkseg>
    <trkpt lat="-12.4660184" lon="130.8427841">
      <ele>38.688</ele>
    </trkpt>
    <trkpt lat="-12.4660184" lon="130.8427841">
      <ele>38.688</ele>
    </trkpt>
    <trkpt lat="-12.4658107" lon="130.8425507">
      <ele>36.326</ele>
    </trkpt>
    <trkpt lat="-12.4657705" lon="130.8425191">
      <ele>36.905</ele>
    </trkpt>
    <trkpt lat="-12.4657315" lon="130.842498">
      <ele>37.471</ele>
    </trkpt>
    <trkpt lat="-12.4656939" lon="130.8424906">
      <ele>38.025</ele>
    </trkpt>
    <trkpt lat="-12.4655495" lon="130.8424883">
      <ele>40.021</ele>
    </trkpt>
    <trkpt lat="-12.4655507" lon="130.8425367">
      <ele>40.017</ele>
    </trkpt>
    <trkpt lat="-12.4655458" lon="130.8425684">
      <ele>40.035</ele>
    </trkpt>
    <trkpt lat="-12.4655367" lon="130.842598">
      <ele>40.068</ele>
    </trkpt>
    <trkpt lat="-12.4655233" lon="130.8426266">
      <ele>40.116</ele>
    </trkpt>
    <trkpt lat="-12.4654958" lon="130.8426722">
      <ele>40.215</ele>
    </trkpt>
    <trkpt lat="-12.4654641" lon="130.8427108">
      <ele>40.329</ele>
    </trkpt>
    <trkpt lat="-12.4654285" lon="130.8427624">
      <ele>40.457</ele>
    </trkpt>
    <trkpt lat="-12.4653909" lon="130.8427913">
      <ele>40.573</ele>
    </trkpt>
    <trkpt lat="-12.4652989" lon="130.8428817">
      <ele>40.896</ele>
    </trkpt>
    <trkpt lat="-12.4647732" lon="130.843397">
      <ele>39.141</ele>
    </trkpt>
    <trkpt lat="-12.4647434" lon="130.8434251">
      <ele>39.051</ele>
    </trkpt>
    <trkpt lat="-12.4643751" lon="130.8437874">
      <ele>37.385</ele>
    </trkpt>
    <trkpt lat="-12.464261" lon="130.8438949">
      <ele>37.332</ele>
    </trkpt>
    <trkpt lat="-12.4642275" lon="130.8439286">
      <ele>37.188</ele>
    </trkpt>
    <trkpt lat="-12.4640655" lon="130.8440926">
      <ele>37.291</ele>
    </trkpt>
    <trkpt lat="-12.4638709" lon="130.8442954">
      <ele>36.143</ele>
    </trkpt>
    <trkpt lat="-12.4637562" lon="130.8444149">
      <ele>35.314</ele>
    </trkpt>
    <trkpt lat="-12.4637126" lon="130.8444617">
      <ele>34.892</ele>
    </trkpt>
    <trkpt lat="-12.4636196" lon="130.8445521">
      <ele>34.589</ele>
    </trkpt>
    <trkpt lat="-12.4635288" lon="130.8446389">
      <ele>33.915</ele>
    </trkpt>
    <trkpt lat="-12.4634844" lon="130.8446807">
      <ele>33.625</ele>
    </trkpt>
    <trkpt lat="-12.4633258" lon="130.8448378">
      <ele>33.4</ele>
    </trkpt>
    <trkpt lat="-12.4630421" lon="130.8451188">
      <ele>33.165</ele>
    </trkpt>
    <trkpt lat="-12.4628311" lon="130.8453278">
      <ele>32.157</ele>
    </trkpt>
    <trkpt lat="-12.4626805" lon="130.8454031">
      <ele>30.495</ele>
    </trkpt>
    <trkpt lat="-12.4626023" lon="130.8454813">
      <ele>28.806</ele>
    </trkpt>
    <trkpt lat="-12.4625691" lon="130.8455178">
      <ele>28.041</ele>
    </trkpt>
    <trkpt lat="-12.4625074" lon="130.8455765">
      <ele>26.678</ele>
    </trkpt>
    <trkpt lat="-12.4624208" lon="130.845664">
      <ele>24.7</ele>
    </trkpt>
    <trkpt lat="-12.4622499" lon="130.8458393">
      <ele>21.936</ele>
    </trkpt>
    <trkpt lat="-12.4621927" lon="130.8459018">
      <ele>21.341</ele>
    </trkpt>
    <trkpt lat="-12.4620313" lon="130.8460554">
      <ele>19.74</ele>
    </trkpt>
    <trkpt lat="-12.4619572" lon="130.8461161">
      <ele>18.949</ele>
    </trkpt>
    <trkpt lat="-12.4617756" lon="130.846237">
      <ele>18.581</ele>
    </trkpt>
    <trkpt lat="-12.4615854" lon="130.8463378">
      <ele>18.798</ele>
    </trkpt>
    <trkpt lat="-12.4614051" lon="130.8464258">
      <ele>20.11</ele>
    </trkpt>
    <trkpt lat="-12.4608635" lon="130.8467056">
      <ele>20.537</ele>
    </trkpt>
    <trkpt lat="-12.4607869" lon="130.8467369">
      <ele>19.934</ele>
    </trkpt>
    <trkpt lat="-12.4606951" lon="130.846764">
      <ele>19.518</ele>
    </trkpt>
    <trkpt lat="-12.4606781" lon="130.8467691">
      <ele>19.446</ele>
    </trkpt>
    <trkpt lat="-12.4606102" lon="130.8467892">
      <ele>19.188</ele>
    </trkpt>
    <trkpt lat="-12.4605233" lon="130.8468108">
      <ele>18.793</ele>
    </trkpt>
    <trkpt lat="-12.460506" lon="130.8468151">
      <ele>18.642</ele>
    </trkpt>
    <trkpt lat="-12.4603788" lon="130.8468467">
      <ele>17.591</ele>
    </trkpt>
    <trkpt lat="-12.4601754" lon="130.8468877">
      <ele>16.355</ele>
    </trkpt>
    <trkpt lat="-12.4601286" lon="130.8468971">
      <ele>16.102</ele>
    </trkpt>
    <trkpt lat="-12.4597446" lon="130.8469361">
      <ele>15.208</ele>
    </trkpt>
    <trkpt lat="-12.4594066" lon="130.8469478">
      <ele>15.953</ele>
    </trkpt>
    <trkpt lat="-12.4591043" lon="130.8469257">
      <ele>15.671</ele>
    </trkpt>
    <trkpt lat="-12.458831" lon="130.8468903">
      <ele>13.402</ele>
    </trkpt>
    <trkpt lat="-12.4587351" lon="130.8468764">
      <ele>12.166</ele>
    </trkpt>
    <trkpt lat="-12.4585112" lon="130.8468244">
      <ele>10.505</ele>
    </trkpt>
    <trkpt lat="-12.4583262" lon="130.8467696">
      <ele>10.233</ele>
    </trkpt>
    <trkpt lat="-12.4581301" lon="130.8466903">
      <ele>10.098</ele>
    </trkpt>
    <trkpt lat="-12.4577946" lon="130.8465724">
      <ele>10.981</ele>
    </trkpt>
    <trkpt lat="-12.4577485" lon="130.8465523">
      <ele>10.895</ele>
    </trkpt>
    <trkpt lat="-12.4574258" lon="130.8463944">
      <ele>9.989</ele>
    </trkpt>
    <trkpt lat="-12.4572115" lon="130.8462446">
      <ele>9.961</ele>
    </trkpt>
    <trkpt lat="-12.4569821" lon="130.8460533">
      <ele>9.287</ele>
    </trkpt>
    <trkpt lat="-12.4569117" lon="130.8459833">
      <ele>9.514</ele>
    </trkpt>
    <trkpt lat="-12.4568299" lon="130.8459021">
      <ele>10.063</ele>
    </trkpt>
    <trkpt lat="-12.4568016" lon="130.845874">
      <ele>10.293</ele>
    </trkpt>
    <trkpt lat="-12.456745" lon="130.845801">
      <ele>10.751</ele>
    </trkpt>
    <trkpt lat="-12.4566656" lon="130.8456985">
      <ele>10.996</ele>
    </trkpt>
    <trkpt lat="-12.4565735" lon="130.8455553">
      <ele>10.666</ele>
    </trkpt>
    <trkpt lat="-12.4565133" lon="130.8454617">
      <ele>10.786</ele>
    </trkpt>
    <trkpt lat="-12.4563105" lon="130.8451518">
      <ele>10.453</ele>
    </trkpt>
    <trkpt lat="-12.4562455" lon="130.8450775">
      <ele>10.028</ele>
    </trkpt>
    <trkpt lat="-12.4561754" lon="130.844999">
      <ele>9.704</ele>
    </trkpt>
    <trkpt lat="-12.4560855" lon="130.8449129">
      <ele>9.791</ele>
    </trkpt>
    <trkpt lat="-12.4559942" lon="130.8448308">
      <ele>9.894</ele>
    </trkpt>
    <trkpt lat="-12.455944" lon="130.8448753">
      <ele>9.205</ele>
    </trkpt>
    <trkpt lat="-12.4558376" lon="130.844971">
      <ele>8.123</ele>
    </trkpt>
    <trkpt lat="-12.455784" lon="130.8450191">
      <ele>7.931</ele>
    </trkpt>
    <trkpt lat="-12.4556701" lon="130.845114">
      <ele>7.59</ele>
    </trkpt>
    <trkpt lat="-12.4555827" lon="130.8451889">
      <ele>7.32</ele>
    </trkpt>
    <trkpt lat="-12.4555217" lon="130.8452377">
      <ele>7.249</ele>
    </trkpt>
    <trkpt lat="-12.4552327" lon="130.8454367">
      <ele>7.428</ele>
    </trkpt>
    <trkpt lat="-12.4547738" lon="130.8457273">
      <ele>7.814</ele>
    </trkpt>
    <trkpt lat="-12.4546208" lon="130.8458242">
      <ele>8.718</ele>
    </trkpt>
    <trkpt lat="-12.4545291" lon="130.8458822">
      <ele>9.498</ele>
    </trkpt>
    <trkpt lat="-12.454274" lon="130.846044">
      <ele>10.148</ele>
    </trkpt>
    <trkpt lat="-12.4539572" lon="130.8462364">
      <ele>9.098</ele>
    </trkpt>
    <trkpt lat="-12.4539427" lon="130.8462434">
      <ele>9.048</ele>
    </trkpt>
    <trkpt lat="-12.4537458" lon="130.8463875">
      <ele>9.035</ele>
    </trkpt>
    <trkpt lat="-12.4536354" lon="130.8464688">
      <ele>9.25</ele>
    </trkpt>
    <trkpt lat="-12.4534808" lon="130.8465831">
      <ele>8.133</ele>
    </trkpt>
    <trkpt lat="-12.4533269" lon="130.846742">
      <ele>6.176</ele>
    </trkpt>
    <trkpt lat="-12.4531956" lon="130.8468719">
      <ele>5.02</ele>
    </trkpt>
    <trkpt lat="-12.4531214" lon="130.8469495">
      <ele>4.74</ele>
    </trkpt>
    <trkpt lat="-12.4530128" lon="130.8470509">
      <ele>4.889</ele>
    </trkpt>
    <trkpt lat="-12.4529151" lon="130.8471363">
      <ele>5.513</ele>
    </trkpt>
    <trkpt lat="-12.4526307" lon="130.8473126">
      <ele>7.529</ele>
    </trkpt>
    <trkpt lat="-12.4523976" lon="130.847475">
      <ele>9.073</ele>
    </trkpt>
    <trkpt lat="-12.4523239" lon="130.847517">
      <ele>9.824</ele>
    </trkpt>
    <trkpt lat="-12.4518384" lon="130.8477867">
      <ele>12.992</ele>
    </trkpt>
    <trkpt lat="-12.4516197" lon="130.8479043">
      <ele>12.759</ele>
    </trkpt>
    <trkpt lat="-12.451419" lon="130.8479866">
      <ele>13.613</ele>
    </trkpt>
    <trkpt lat="-12.4512713" lon="130.848058">
      <ele>13.798</ele>
    </trkpt>
    <trkpt lat="-12.4510472" lon="130.8481451">
      <ele>13.388</ele>
    </trkpt>
    <trkpt lat="-12.4508713" lon="130.8481964">
      <ele>12.465</ele>
    </trkpt>
    <trkpt lat="-12.4507622" lon="130.8482195">
      <ele>11.537</ele>
    </trkpt>
    <trkpt lat="-12.4507076" lon="130.8482309">
      <ele>10.939</ele>
    </trkpt>
    <trkpt lat="-12.4502032" lon="130.8483599">
      <ele>5.0</ele>
    </trkpt>
    <trkpt lat="-12.4501385" lon="130.8483813">
      <ele>5.0</ele>
    </trkpt>
    <trkpt lat="-12.4500081" lon="130.8484049">
      <ele>5.0</ele>
    </trkpt>
    <trkpt lat="-12.4487861" lon="130.8487155">
      <ele>6.607</ele>
    </trkpt>
    <trkpt lat="-12.4483338" lon="130.8488304">
      <ele>6.422</ele>
    </trkpt>
    <trkpt lat="-12.4478811" lon="130.8489474">
      <ele>6.054</ele>
    </trkpt>
    <trkpt lat="-12.4478084" lon="130.8489623">
      <ele>6.206</ele>
    </trkpt>
    <trkpt lat="-12.4470463" lon="130.8490761">
      <ele>10.492</ele>
    </trkpt>
    <trkpt lat="-12.4468151" lon="130.8491106">
      <ele>10.883</ele>
    </trkpt>
    <trkpt lat="-12.4465242" lon="130.8491366">
      <ele>11.108</ele>
    </trkpt>
    <trkpt lat="-12.4463717" lon="130.8491503">
      <ele>11.001</ele>
    </trkpt>
    <trkpt lat="-12.4458507" lon="130.8491695">
      <ele>9.042</ele>
    </trkpt>
    <trkpt lat="-12.4454258" lon="130.8491637">
      <ele>11.493</ele>
    </trkpt>
    <trkpt lat="-12.445062" lon="130.8491598">
      <ele>11.297</ele>
    </trkpt>
    <trkpt lat="-12.4449752" lon="130.8491556">
      <ele>10.848</ele>
    </trkpt>
    <trkpt lat="-12.4448635" lon="130.8491497">
      <ele>9.679</ele>
    </trkpt>
    <trkpt lat="-12.4446062" lon="130.8491181">
      <ele>8.423</ele>
    </trkpt>
    <trkpt lat="-12.4429804" lon="130.8490091">
      <ele>12.405</ele>
    </trkpt>
    <trkpt lat="-12.442742" lon="130.8489925">
      <ele>13.431</ele>
    </trkpt>
    <trkpt lat="-12.4426318" lon="130.8489899">
      <ele>13.989</ele>
    </trkpt>
    <trkpt lat="-12.4425545" lon="130.8489881">
      <ele>14.377</ele>
    </trkpt>
    <trkpt lat="-12.442452" lon="130.848992">
      <ele>14.456</ele>
    </trkpt>
    <trkpt lat="-12.4421454" lon="130.8490035">
      <ele>12.758</ele>
    </trkpt>
    <trkpt lat="-12.4420251" lon="130.8490152">
      <ele>11.416</ele>
    </trkpt>
    <trkpt lat="-12.4417114" lon="130.8490352">
      <ele>7.559</ele>
    </trkpt>
    <trkpt lat="-12.4415469" lon="130.8490515">
      <ele>6.316</ele>
    </trkpt>
    <trkpt lat="-12.4410757" lon="130.84912">
      <ele>5.766</ele>
    </trkpt>
    <trkpt lat="-12.4408186" lon="130.8491707">
      <ele>3.976</ele>
    </trkpt>
    <trkpt lat="-12.4405213" lon="130.8492249">
      <ele>3.27</ele>
    </trkpt>
    <trkpt lat="-12.4401687" lon="130.8493233">
      <ele>2.514</ele>
    </trkpt>
    <trkpt lat="-12.440152" lon="130.8493269">
      <ele>2.507</ele>
    </trkpt>
    <trkpt lat="-12.439965" lon="130.8493821">
      <ele>2.379</ele>
    </trkpt>
    <trkpt lat="-12.4397311" lon="130.8494578">
      <ele>3.016</ele>
    </trkpt>
    <trkpt lat="-12.4395944" lon="130.8495081">
      <ele>4.859</ele>
    </trkpt>
    <trkpt lat="-12.4395686" lon="130.8495176">
      <ele>5.184</ele>
    </trkpt>
    <trkpt lat="-12.4393394" lon="130.8496091">
      <ele>6.561</ele>
    </trkpt>
    <trkpt lat="-12.4388939" lon="130.84983">
      <ele>5.231</ele>
    </trkpt>
    <trkpt lat="-12.4384297" lon="130.8500769">
      <ele>8.583</ele>
    </trkpt>
    <trkpt lat="-12.4383485" lon="130.8501194">
      <ele>9.321</ele>
    </trkpt>
    <trkpt lat="-12.438128" lon="130.8502592">
      <ele>10.672</ele>
    </trkpt>
    <trkpt lat="-12.4370071" lon="130.8511701">
      <ele>19.234</ele>
    </trkpt>
    <trkpt lat="-12.4368228" lon="130.8513508">
      <ele>21.151</ele>
    </trkpt>
    <trkpt lat="-12.4365649" lon="130.8516285">
      <ele>21.992</ele>
    </trkpt>
    <trkpt lat="-12.43605" lon="130.8522922">
      <ele>24.008</ele>
    </trkpt>
    <trkpt lat="-12.4360049" lon="130.8523489">
      <ele>23.973</ele>
    </trkpt>
    <trkpt lat="-12.4358738" lon="130.8525397">
      <ele>23.416</ele>
    </trkpt>
    <trkpt lat="-12.4357131" lon="130.8527817">
      <ele>22.163</ele>
    </trkpt>
    <trkpt lat="-12.4355902" lon="130.8529868">
      <ele>22.754</ele>
    </trkpt>
    <trkpt lat="-12.4353533" lon="130.8534513">
      <ele>23.004</ele>
    </trkpt>
    <trkpt lat="-12.4352077" lon="130.8537573">
      <ele>21.487</ele>
    </trkpt>
    <trkpt lat="-12.4351094" lon="130.8539638">
      <ele>21.876</ele>
    </trkpt>
    <trkpt lat="-12.434584" lon="130.8553354">
      <ele>19.896</ele>
    </trkpt>
    <trkpt lat="-12.434375" lon="130.8558867">
      <ele>18.222</ele>
    </trkpt>
    <trkpt lat="-12.4340136" lon="130.8568105">
      <ele>17.069</ele>
    </trkpt>
    <trkpt lat="-12.4338753" lon="130.8571624">
      <ele>17.292</ele>
    </trkpt>
    <trkpt lat="-12.4337971" lon="130.8573581">
      <ele>16.355</ele>
    </trkpt>
    <trkpt lat="-12.4336554" lon="130.8577456">
      <ele>15.638</ele>
    </trkpt>
    <trkpt lat="-12.4336203" lon="130.8578997">
      <ele>16.369</ele>
    </trkpt>
    <trkpt lat="-12.4334557" lon="130.8583389">
      <ele>17.998</ele>
    </trkpt>
    <trkpt lat="-12.4332673" lon="130.85883">
      <ele>17.176</ele>
    </trkpt>
    <trkpt lat="-12.4332056" lon="130.8589796">
      <ele>16.62</ele>
    </trkpt>
    <trkpt lat="-12.433113" lon="130.8592452">
      <ele>15.055</ele>
    </trkpt>
    <trkpt lat="-12.4330706" lon="130.859361">
      <ele>13.763</ele>
    </trkpt>
    <trkpt lat="-12.4330325" lon="130.8594667">
      <ele>12.524</ele>
    </trkpt>
    <trkpt lat="-12.4329871" lon="130.859584">
      <ele>11.001</ele>
    </trkpt>
    <trkpt lat="-12.4328435" lon="130.8600846">
      <ele>7.613</ele>
    </trkpt>
    <trkpt lat="-12.432823" lon="130.8601656">
      <ele>6.886</ele>
    </trkpt>
    <trkpt lat="-12.4327627" lon="130.8603848">
      <ele>5.69</ele>
    </trkpt>
    <trkpt lat="-12.4327577" lon="130.8604048">
      <ele>5.648</ele>
    </trkpt>
    <trkpt lat="-12.4326776" lon="130.8607402">
      <ele>5.057</ele>
    </trkpt>
    <trkpt lat="-12.4326464" lon="130.8608902">
      <ele>4.741</ele>
    </trkpt>
    <trkpt lat="-12.4326207" lon="130.8610158">
      <ele>4.474</ele>
    </trkpt>
    <trkpt lat="-12.4325675" lon="130.8613593">
      <ele>4.731</ele>
    </trkpt>
    <trkpt lat="-12.4325405" lon="130.8615868">
      <ele>4.854</ele>
    </trkpt>
    <trkpt lat="-12.4325152" lon="130.8618002">
      <ele>4.491</ele>
    </trkpt>
    <trkpt lat="-12.4324958" lon="130.8620586">
      <ele>3.61</ele>
    </trkpt>
    <trkpt lat="-12.4324762" lon="130.8625144">
      <ele>3.081</ele>
    </trkpt>
    <trkpt lat="-12.4324709" lon="130.8628573">
      <ele>3.799</ele>
    </trkpt>
    <trkpt lat="-12.4324538" lon="130.8633676">
      <ele>6.359</ele>
    </trkpt>
    <trkpt lat="-12.4324379" lon="130.8638406">
      <ele>3.397</ele>
    </trkpt>
    <trkpt lat="-12.4324296" lon="130.8662821">
      <ele>7.616</ele>
    </trkpt>
    <trkpt lat="-12.4324344" lon="130.866847">
      <ele>7.587</ele>
    </trkpt>
    <trkpt lat="-12.4324397" lon="130.8669791">
      <ele>7.19</ele>
    </trkpt>
    <trkpt lat="-12.4324196" lon="130.8698267">
      <ele>11.421</ele>
    </trkpt>
    <trkpt lat="-12.4324129" lon="130.8709939">
      <ele>15.215</ele>
    </trkpt>
    <trkpt lat="-12.4324144" lon="130.8715053">
      <ele>19.334</ele>
    </trkpt>
    <trkpt lat="-12.4324203" lon="130.8717984">
      <ele>19.239</ele>
    </trkpt>
    <trkpt lat="-12.4324221" lon="130.8720639">
      <ele>18.29</ele>
    </trkpt>
    <trkpt lat="-12.4324255" lon="130.8731571">
      <ele>16.634</ele>
    </trkpt>
    <trkpt lat="-12.4324199" lon="130.8735339">
      <ele>16.306</ele>
    </trkpt>
    <trkpt lat="-12.4324105" lon="130.8738251">
      <ele>17.896</ele>
    </trkpt>
    <trkpt lat="-12.4324064" lon="130.8739976">
      <ele>18.849</ele>
    </trkpt>
    <trkpt lat="-12.4323987" lon="130.8744762">
      <ele>20.677</ele>
    </trkpt>
    <trkpt lat="-12.4323972" lon="130.8749709">
      <ele>22.227</ele>
    </trkpt>
    <trkpt lat="-12.4323954" lon="130.8752128">
      <ele>23.909</ele>
    </trkpt>
    <trkpt lat="-12.4323915" lon="130.8757359">
      <ele>23.488</ele>
    </trkpt>
    <trkpt lat="-12.4323901" lon="130.8759201">
      <ele>23.189</ele>
    </trkpt>
    <trkpt lat="-12.4323878" lon="130.8762318">
      <ele>23.855</ele>
    </trkpt>
    <trkpt lat="-12.4323897" lon="130.8764158">
      <ele>24.186</ele>
    </trkpt>
    <trkpt lat="-12.4323959" lon="130.877849">
      <ele>23.256</ele>
    </trkpt>
    <trkpt lat="-12.4323763" lon="130.8809667">
      <ele>17.445</ele>
    </trkpt>
    <trkpt lat="-12.4323604" lon="130.8836779">
      <ele>14.622</ele>
    </trkpt>
    <trkpt lat="-12.4323724" lon="130.8841878">
      <ele>15.424</ele>
    </trkpt>
    <trkpt lat="-12.43236" lon="130.8864387">
      <ele>14.918</ele>
    </trkpt>
    <trkpt lat="-12.4323653" lon="130.8879138">
      <ele>16.237</ele>
    </trkpt>
    <trkpt lat="-12.4323611" lon="130.8884664">
      <ele>16.021</ele>
    </trkpt>
    <trkpt lat="-12.4323614" lon="130.8897733">
      <ele>18.499</ele>
    </trkpt>
    <trkpt lat="-12.4323588" lon="130.889966">
      <ele>18.508</ele>
    </trkpt>
    <trkpt lat="-12.4323615" lon="130.8905676">
      <ele>19.022</ele>
    </trkpt>
    <trkpt lat="-12.4323456" lon="130.890707">
      <ele>19.303</ele>
    </trkpt>
    <trkpt lat="-12.4324107" lon="130.8913313">
      <ele>18.388</ele>
    </trkpt>
    <trkpt lat="-12.4324388" lon="130.891526">
      <ele>19.208</ele>
    </trkpt>
    <trkpt lat="-12.4324963" lon="130.8918591">
      <ele>21.39</ele>
    </trkpt>
    <trkpt lat="-12.4325427" lon="130.8921102">
      <ele>22.092</ele>
    </trkpt>
    <trkpt lat="-12.4326015" lon="130.8923817">
      <ele>23.149</ele>
    </trkpt>
    <trkpt lat="-12.4326885" lon="130.8927513">
      <ele>23.743</ele>
    </trkpt>
    <trkpt lat="-12.4327988" lon="130.8931494">
      <ele>24.362</ele>
    </trkpt>
    <trkpt lat="-12.4328753" lon="130.8933939">
      <ele>24.79</ele>
    </trkpt>
    <trkpt lat="-12.4328761" lon="130.8933966">
      <ele>24.793</ele>
    </trkpt>
    <trkpt lat="-12.432931" lon="130.893572">
      <ele>24.834</ele>
    </trkpt>
    <trkpt lat="-12.4329403" lon="130.8936016">
      <ele>24.816</ele>
    </trkpt>
    <trkpt lat="-12.4330998" lon="130.8941042">
      <ele>28.586</ele>
    </trkpt>
    <trkpt lat="-12.4332485" lon="130.8944709">
      <ele>28.173</ele>
    </trkpt>
    <trkpt lat="-12.4335464" lon="130.8950471">
      <ele>25.403</ele>
    </trkpt>
    <trkpt lat="-12.4337411" lon="130.8954106">
      <ele>25.298</ele>
    </trkpt>
    <trkpt lat="-12.4340611" lon="130.8959436">
      <ele>19.435</ele>
    </trkpt>
    <trkpt lat="-12.434472" lon="130.896535">
      <ele>17.047</ele>
    </trkpt>
    <trkpt lat="-12.4348317" lon="130.8969893">
      <ele>15.233</ele>
    </trkpt>
    <trkpt lat="-12.4348868" lon="130.8970617">
      <ele>15.17</ele>
    </trkpt>
    <trkpt lat="-12.4350223" lon="130.8972837">
      <ele>15.427</ele>
    </trkpt>
    <trkpt lat="-12.4356545" lon="130.8981273">
      <ele>10.0</ele>
    </trkpt>
    <trkpt lat="-12.4356789" lon="130.8981607">
      <ele>10.0</ele>
    </trkpt>
    <trkpt lat="-12.4357622" lon="130.8982751">
      <ele>10.0</ele>
    </trkpt>
    <trkpt lat="-12.4363875" lon="130.8990423">
      <ele>11.55</ele>
    </trkpt>
    <trkpt lat="-12.4365749" lon="130.8993169">
      <ele>11.33</ele>
    </trkpt>
    <trkpt lat="-12.4367796" lon="130.8995914">
      <ele>10.809</ele>
    </trkpt>
    <trkpt lat="-12.4368934" lon="130.8997374">
      <ele>11.099</ele>
    </trkpt>
    <trkpt lat="-12.4370492" lon="130.8999757">
      <ele>12.858</ele>
    </trkpt>
    <trkpt lat="-12.437248" lon="130.9002791">
      <ele>16.005</ele>
    </trkpt>
    <trkpt lat="-12.4372763" lon="130.9003208">
      <ele>16.155</ele>
    </trkpt>
    <trkpt lat="-12.4374097" lon="130.9004887">
      <ele>16.759</ele>
    </trkpt>
    <trkpt lat="-12.4374884" lon="130.9006175">
      <ele>17.0</ele>
    </trkpt>
    <trkpt lat="-12.4375424" lon="130.900706">
      <ele>17.388</ele>
    </trkpt>
    <trkpt lat="-12.437584" lon="130.9007735">
      <ele>17.842</ele>
    </trkpt>
    <trkpt lat="-12.4376522" lon="130.9008839">
      <ele>18.908</ele>
    </trkpt>
    <trkpt lat="-12.4377412" lon="130.9010399">
      <ele>20.447</ele>
    </trkpt>
    <trkpt lat="-12.4379141" lon="130.9013426">
      <ele>22.897</ele>
    </trkpt>
    <trkpt lat="-12.4380234" lon="130.9015323">
      <ele>23.372</ele>
    </trkpt>
    <trkpt lat="-12.4381687" lon="130.9017953">
      <ele>25.148</ele>
    </trkpt>
    <trkpt lat="-12.4383023" lon="130.9020551">
      <ele>28.197</ele>
    </trkpt>
    <trkpt lat="-12.4384712" lon="130.902477">
      <ele>29.123</ele>
    </trkpt>
    <trkpt lat="-12.4385809" lon="130.9027293">
      <ele>28.264</ele>
    </trkpt>
    <trkpt lat="-12.4386274" lon="130.9028362">
      <ele>28.164</ele>
    </trkpt>
    <trkpt lat="-12.4386509" lon="130.9028989">
      <ele>28.367</ele>
    </trkpt>
    <trkpt lat="-12.4387154" lon="130.9030709">
      <ele>28.751</ele>
    </trkpt>
    <trkpt lat="-12.4387447" lon="130.9031492">
      <ele>28.962</ele>
    </trkpt>
    <trkpt lat="-12.4387747" lon="130.9032447">
      <ele>29.178</ele>
    </trkpt>
    <trkpt lat="-12.4388172" lon="130.9033803">
      <ele>29.484</ele>
    </trkpt>
    <trkpt lat="-12.4388728" lon="130.9035767">
      <ele>29.884</ele>
    </trkpt>
    <trkpt lat="-12.4388751" lon="130.9035837">
      <ele>29.901</ele>
    </trkpt>
    <trkpt lat="-12.4389365" lon="130.9037718">
      <ele>30.415</ele>
    </trkpt>
    <trkpt lat="-12.4389458" lon="130.9038004">
      <ele>30.475</ele>
    </trkpt>
    <trkpt lat="-12.4389845" lon="130.9039492">
      <ele>30.614</ele>
    </trkpt>
    <trkpt lat="-12.4390189" lon="130.9040817">
      <ele>30.611</ele>
    </trkpt>
    <trkpt lat="-12.439031" lon="130.9041271">
      <ele>30.584</ele>
    </trkpt>
    <trkpt lat="-12.4391236" lon="130.9044745">
      <ele>33.325</ele>
    </trkpt>
    <trkpt lat="-12.4391647" lon="130.9046623">
      <ele>35.353</ele>
    </trkpt>
    <trkpt lat="-12.4391877" lon="130.9047676">
      <ele>35.949</ele>
    </trkpt>
    <trkpt lat="-12.4392025" lon="130.9048424">
      <ele>35.983</ele>
    </trkpt>
    <trkpt lat="-12.4392348" lon="130.905006">
      <ele>36.218</ele>
    </trkpt>
    <trkpt lat="-12.4392919" lon="130.9053729">
      <ele>35.803</ele>
    </trkpt>
    <trkpt lat="-12.4392926" lon="130.9053777">
      <ele>35.813</ele>
    </trkpt>
    <trkpt lat="-12.4394045" lon="130.9060265">
      <ele>35.582</ele>
    </trkpt>
    <trkpt lat="-12.4394738" lon="130.9064405">
      <ele>33.589</ele>
    </trkpt>
    <trkpt lat="-12.4395064" lon="130.9066174">
      <ele>34.531</ele>
    </trkpt>
    <trkpt lat="-12.4395214" lon="130.9066875">
      <ele>34.81</ele>
    </trkpt>
    <trkpt lat="-12.4395243" lon="130.9067009">
      <ele>34.827</ele>
    </trkpt>
    <trkpt lat="-12.43958" lon="130.9071029">
      <ele>34.406</ele>
    </trkpt>
    <trkpt lat="-12.4395902" lon="130.9071461">
      <ele>34.323</ele>
    </trkpt>
    <trkpt lat="-12.4396627" lon="130.9075293">
      <ele>34.105</ele>
    </trkpt>
    <trkpt lat="-12.4398551" lon="130.9085492">
      <ele>31.745</ele>
    </trkpt>
    <trkpt lat="-12.4398634" lon="130.9085934">
      <ele>31.556</ele>
    </trkpt>
    <trkpt lat="-12.4398892" lon="130.90873">
      <ele>31.399</ele>
    </trkpt>
    <trkpt lat="-12.4399233" lon="130.9089109">
      <ele>31.355</ele>
    </trkpt>
    <trkpt lat="-12.4399695" lon="130.909156">
      <ele>32.071</ele>
    </trkpt>
    <trkpt lat="-12.4400159" lon="130.9093664">
      <ele>32.016</ele>
    </trkpt>
    <trkpt lat="-12.4400974" lon="130.9096247">
      <ele>32.0</ele>
    </trkpt>
    <trkpt lat="-12.4401527" lon="130.9097999">
      <ele>31.693</ele>
    </trkpt>
    <trkpt lat="-12.440208" lon="130.9099752">
      <ele>30.636</ele>
    </trkpt>
    <trkpt lat="-12.4402633" lon="130.9101504">
      <ele>30.076</ele>
    </trkpt>
    <trkpt lat="-12.440274" lon="130.9101843">
      <ele>30.018</ele>
    </trkpt>
    <trkpt lat="-12.440321" lon="130.9103249">
      <ele>30.428</ele>
    </trkpt>
    <trkpt lat="-12.4403792" lon="130.9104992">
      <ele>30.945</ele>
    </trkpt>
    <trkpt lat="-12.4404206" lon="130.9106229">
      <ele>30.875</ele>
    </trkpt>
    <trkpt lat="-12.4405788" lon="130.9110123">
      <ele>29.188</ele>
    </trkpt>
    <trkpt lat="-12.440641" lon="130.9111653">
      <ele>28.385</ele>
    </trkpt>
    <trkpt lat="-12.4406486" lon="130.9111821">
      <ele>28.33</ele>
    </trkpt>
    <trkpt lat="-12.4408047" lon="130.9115322">
      <ele>27.259</ele>
    </trkpt>
    <trkpt lat="-12.4408749" lon="130.9116837">
      <ele>26.682</ele>
    </trkpt>
    <trkpt lat="-12.4408849" lon="130.9117058">
      <ele>26.576</ele>
    </trkpt>
    <trkpt lat="-12.4409283" lon="130.9118115">
      <ele>25.96</ele>
    </trkpt>
    <trkpt lat="-12.4409841" lon="130.9119227">
      <ele>24.914</ele>
    </trkpt>
    <trkpt lat="-12.441114" lon="130.9121876">
      <ele>21.227</ele>
    </trkpt>
    <trkpt lat="-12.4413007" lon="130.9125337">
      <ele>17.914</ele>
    </trkpt>
    <trkpt lat="-12.4414712" lon="130.9128163">
      <ele>16.959</ele>
    </trkpt>
    <trkpt lat="-12.4415466" lon="130.9129445">
      <ele>16.659</ele>
    </trkpt>
    <trkpt lat="-12.4416623" lon="130.9131176">
      <ele>15.792</ele>
    </trkpt>
    <trkpt lat="-12.4417859" lon="130.9133039">
      <ele>15.197</ele>
    </trkpt>
    <trkpt lat="-12.4419387" lon="130.9135132">
      <ele>13.705</ele>
    </trkpt>
    <trkpt lat="-12.4420458" lon="130.9136572">
      <ele>13.775</ele>
    </trkpt>
    <trkpt lat="-12.4421397" lon="130.9137817">
      <ele>14.157</ele>
    </trkpt>
    <trkpt lat="-12.4422169" lon="130.9138789">
      <ele>14.035</ele>
    </trkpt>
    <trkpt lat="-12.4423828" lon="130.9140928">
      <ele>12.998</ele>
    </trkpt>
    <trkpt lat="-12.4425213" lon="130.914267">
      <ele>11.896</ele>
    </trkpt>
    <trkpt lat="-12.4425235" lon="130.9142699">
      <ele>11.884</ele>
    </trkpt>
    <trkpt lat="-12.4425525" lon="130.9143064">
      <ele>11.716</ele>
    </trkpt>
    <trkpt lat="-12.4426506" lon="130.9144362">
      <ele>10.932</ele>
    </trkpt>
    <trkpt lat="-12.4427215" lon="130.9145232">
      <ele>10.915</ele>
    </trkpt>
    <trkpt lat="-12.4428335" lon="130.9146734">
      <ele>11.684</ele>
    </trkpt>
    <trkpt lat="-12.442974" lon="130.914848">
      <ele>12.719</ele>
    </trkpt>
    <trkpt lat="-12.4431394" lon="130.9150664">
      <ele>13.0</ele>
    </trkpt>
    <trkpt lat="-12.443256" lon="130.9152166">
      <ele>13.0</ele>
    </trkpt>
    <trkpt lat="-12.4433634" lon="130.9153557">
      <ele>12.75</ele>
    </trkpt>
    <trkpt lat="-12.4435158" lon="130.9155522">
      <ele>12.661</ele>
    </trkpt>
    <trkpt lat="-12.4436739" lon="130.9157516">
      <ele>12.84</ele>
    </trkpt>
    <trkpt lat="-12.4438103" lon="130.9159146">
      <ele>11.863</ele>
    </trkpt>
    <trkpt lat="-12.4440115" lon="130.9161518">
      <ele>9.623</ele>
    </trkpt>
    <trkpt lat="-12.444184" lon="130.9163347">
      <ele>9.918</ele>
    </trkpt>
    <trkpt lat="-12.4443254" lon="130.9164886">
      <ele>11.656</ele>
    </trkpt>
    <trkpt lat="-12.4444558" lon="130.916605">
      <ele>12.746</ele>
    </trkpt>
    <trkpt lat="-12.4445586" lon="130.9167072">
      <ele>12.589</ele>
    </trkpt>
    <trkpt lat="-12.4446941" lon="130.9168297">
      <ele>12.101</ele>
    </trkpt>
    <trkpt lat="-12.4447979" lon="130.9169188">
      <ele>11.728</ele>
    </trkpt>
    <trkpt lat="-12.4449465" lon="130.9170433">
      <ele>11.48</ele>
    </trkpt>
    <trkpt lat="-12.4450361" lon="130.9171213">
      <ele>11.767</ele>
    </trkpt>
    <trkpt lat="-12.44513" lon="130.9172022">
      <ele>12.396</ele>
    </trkpt>
    <trkpt lat="-12.4452299" lon="130.9172944">
      <ele>12.872</ele>
    </trkpt>
    <trkpt lat="-12.4454197" lon="130.9174638">
      <ele>13.955</ele>
    </trkpt>
    <trkpt lat="-12.4455718" lon="130.9176001">
      <ele>15.058</ele>
    </trkpt>
    <trkpt lat="-12.4457172" lon="130.9177378">
      <ele>15.582</ele>
    </trkpt>
    <trkpt lat="-12.4458557" lon="130.9178783">
      <ele>15.868</ele>
    </trkpt>
    <trkpt lat="-12.4460078" lon="130.9180299">
      <ele>15.314</ele>
    </trkpt>
    <trkpt lat="-12.446164" lon="130.9181913">
      <ele>14.903</ele>
    </trkpt>
    <trkpt lat="-12.4462862" lon="130.9183248">
      <ele>14.981</ele>
    </trkpt>
    <trkpt lat="-12.4463922" lon="130.9184472">
      <ele>15.827</ele>
    </trkpt>
    <trkpt lat="-12.4464854" lon="130.9185598">
      <ele>16.695</ele>
    </trkpt>
    <trkpt lat="-12.4466131" lon="130.9187226">
      <ele>16.923</ele>
    </trkpt>
    <trkpt lat="-12.446734" lon="130.9188672">
      <ele>17.466</ele>
    </trkpt>
    <trkpt lat="-12.4468684" lon="130.9190592">
      <ele>18.285</ele>
    </trkpt>
    <trkpt lat="-12.4470068" lon="130.9192633">
      <ele>19.201</ele>
    </trkpt>
    <trkpt lat="-12.4470287" lon="130.9192956">
      <ele>19.302</ele>
    </trkpt>
    <trkpt lat="-12.4471399" lon="130.9194679">
      <ele>20.194</ele>
    </trkpt>
    <trkpt lat="-12.4471822" lon="130.9195334">
      <ele>20.687</ele>
    </trkpt>
    <trkpt lat="-12.4472372" lon="130.9196183">
      <ele>21.252</ele>
    </trkpt>
    <trkpt lat="-12.4473366" lon="130.9197719">
      <ele>22.358</ele>
    </trkpt>
    <trkpt lat="-12.4473479" lon="130.9197894">
      <ele>22.484</ele>
    </trkpt>
    <trkpt lat="-12.447485" lon="130.9200216">
      <ele>24.237</ele>
    </trkpt>
    <trkpt lat="-12.4475964" lon="130.9202428">
      <ele>26.622</ele>
    </trkpt>
    <trkpt lat="-12.447686" lon="130.9204154">
      <ele>28.982</ele>
    </trkpt>
    <trkpt lat="-12.4476874" lon="130.920418">
      <ele>29.019</ele>
    </trkpt>
    <trkpt lat="-12.4477693" lon="130.9205786">
      <ele>31.168</ele>
    </trkpt>
    <trkpt lat="-12.4478137" lon="130.9206656">
      <ele>31.431</ele>
    </trkpt>
    <trkpt lat="-12.4478468" lon="130.9207447">
      <ele>31.526</ele>
    </trkpt>
    <trkpt lat="-12.4478483" lon="130.9207483">
      <ele>31.528</ele>
    </trkpt>
    <trkpt lat="-12.4479142" lon="130.9209062">
      <ele>30.902</ele>
    </trkpt>
    <trkpt lat="-12.4479173" lon="130.9209141">
      <ele>30.846</ele>
    </trkpt>
    <trkpt lat="-12.4479839" lon="130.9210853">
      <ele>29.798</ele>
    </trkpt>
    <trkpt lat="-12.4479853" lon="130.9210888">
      <ele>29.779</ele>
    </trkpt>
    <trkpt lat="-12.4480025" lon="130.921133">
      <ele>29.352</ele>
    </trkpt>
    <trkpt lat="-12.4480557" lon="130.9212541">
      <ele>27.453</ele>
    </trkpt>
    <trkpt lat="-12.4480572" lon="130.9212576">
      <ele>27.386</ele>
    </trkpt>
    <trkpt lat="-12.448099" lon="130.9213527">
      <ele>25.588</ele>
    </trkpt>
    <trkpt lat="-12.4481832" lon="130.9216072">
      <ele>22.067</ele>
    </trkpt>
    <trkpt lat="-12.4482337" lon="130.9217752">
      <ele>20.685</ele>
    </trkpt>
    <trkpt lat="-12.4482556" lon="130.9218479">
      <ele>20.187</ele>
    </trkpt>
    <trkpt lat="-12.4482874" lon="130.921951">
      <ele>19.476</ele>
    </trkpt>
    <trkpt lat="-12.4482885" lon="130.9219546">
      <ele>19.454</ele>
    </trkpt>
    <trkpt lat="-12.4483285" lon="130.9220843">
      <ele>18.557</ele>
    </trkpt>
    <trkpt lat="-12.4483399" lon="130.9221271">
      <ele>18.263</ele>
    </trkpt>
    <trkpt lat="-12.4483869" lon="130.9223049">
      <ele>17.479</ele>
    </trkpt>
    <trkpt lat="-12.4483879" lon="130.9223086">
      <ele>17.472</ele>
    </trkpt>
    <trkpt lat="-12.448429" lon="130.922464">
      <ele>17.267</ele>
    </trkpt>
    <trkpt lat="-12.4484332" lon="130.9224829">
      <ele>17.259</ele>
    </trkpt>
    <trkpt lat="-12.4484727" lon="130.9226626">
      <ele>17.29</ele>
    </trkpt>
    <trkpt lat="-12.4484735" lon="130.9226663">
      <ele>17.293</ele>
    </trkpt>
    <trkpt lat="-12.4484887" lon="130.9227352">
      <ele>17.355</ele>
    </trkpt>
    <trkpt lat="-12.4485155" lon="130.9228414">
      <ele>17.494</ele>
    </trkpt>
    <trkpt lat="-12.4485526" lon="130.9229884">
      <ele>17.809</ele>
    </trkpt>
    <trkpt lat="-12.4485603" lon="130.9230238">
      <ele>17.907</ele>
    </trkpt>
    <trkpt lat="-12.4485988" lon="130.9231998">
      <ele>18.519</ele>
    </trkpt>
    <trkpt lat="-12.4486318" lon="130.9233124">
      <ele>18.701</ele>
    </trkpt>
    <trkpt lat="-12.4486519" lon="130.9233757">
      <ele>18.734</ele>
    </trkpt>
    <trkpt lat="-12.4486861" lon="130.9234835">
      <ele>18.877</ele>
    </trkpt>
    <trkpt lat="-12.4487025" lon="130.9235524">
      <ele>19.061</ele>
    </trkpt>
    <trkpt lat="-12.448716" lon="130.9236087">
      <ele>19.233</ele>
    </trkpt>
    <trkpt lat="-12.4487418" lon="130.9237088">
      <ele>18.542</ele>
    </trkpt>
    <trkpt lat="-12.4487932" lon="130.9238853">
      <ele>17.055</ele>
    </trkpt>
    <trkpt lat="-12.4487989" lon="130.923905">
      <ele>16.992</ele>
    </trkpt>
    <trkpt lat="-12.4488287" lon="130.9239968">
      <ele>16.87</ele>
    </trkpt>
    <trkpt lat="-12.4488423" lon="130.9240385">
      <ele>16.861</ele>
    </trkpt>
    <trkpt lat="-12.4488478" lon="130.9240607">
      <ele>16.879</ele>
    </trkpt>
    <trkpt lat="-12.4488759" lon="130.9241745">
      <ele>17.101</ele>
    </trkpt>
    <trkpt lat="-12.4488776" lon="130.9241817">
      <ele>17.144</ele>
    </trkpt>
    <trkpt lat="-12.4488958" lon="130.9242382">
      <ele>17.521</ele>
    </trkpt>
    <trkpt lat="-12.4489225" lon="130.9243208">
      <ele>18.177</ele>
    </trkpt>
    <trkpt lat="-12.4489539" lon="130.9244124">
      <ele>18.976</ele>
    </trkpt>
    <trkpt lat="-12.4489917" lon="130.9245225">
      <ele>19.37</ele>
    </trkpt>
    <trkpt lat="-12.4490597" lon="130.9247005">
      <ele>19.615</ele>
    </trkpt>
    <trkpt lat="-12.4491198" lon="130.9248675">
      <ele>19.308</ele>
    </trkpt>
    <trkpt lat="-12.4491248" lon="130.9248814">
      <ele>19.276</ele>
    </trkpt>
    <trkpt lat="-12.4491819" lon="130.9250385">
      <ele>18.807</ele>
    </trkpt>
    <trkpt lat="-12.4491825" lon="130.9250401">
      <ele>18.799</ele>
    </trkpt>
    <trkpt lat="-12.4492376" lon="130.925186">
      <ele>18.075</ele>
    </trkpt>
    <trkpt lat="-12.4493259" lon="130.9254085">
      <ele>17.226</ele>
    </trkpt>
    <trkpt lat="-12.4493815" lon="130.9255545">
      <ele>17.001</ele>
    </trkpt>
    <trkpt lat="-12.449444" lon="130.9257145">
      <ele>17.0</ele>
    </trkpt>
    <trkpt lat="-12.4494735" lon="130.9257864">
      <ele>16.895</ele>
    </trkpt>
    <trkpt lat="-12.4495119" lon="130.92588">
      <ele>16.798</ele>
    </trkpt>
    <trkpt lat="-12.449518" lon="130.9258945">
      <ele>16.794</ele>
    </trkpt>
    <trkpt lat="-12.4495812" lon="130.9260427">
      <ele>16.879</ele>
    </trkpt>
    <trkpt lat="-12.4496735" lon="130.9262834">
      <ele>18.132</ele>
    </trkpt>
    <trkpt lat="-12.4497124" lon="130.9263844">
      <ele>18.933</ele>
    </trkpt>
    <trkpt lat="-12.4498121" lon="130.9266436">
      <ele>19.324</ele>
    </trkpt>
    <trkpt lat="-12.449843" lon="130.9267527">
      <ele>18.955</ele>
    </trkpt>
    <trkpt lat="-12.4498515" lon="130.9267827">
      <ele>18.846</ele>
    </trkpt>
    <trkpt lat="-12.4498959" lon="130.9269286">
      <ele>18.396</ele>
    </trkpt>
    <trkpt lat="-12.4499248" lon="130.9270233">
      <ele>18.555</ele>
    </trkpt>
    <trkpt lat="-12.449986" lon="130.927225">
      <ele>19.06</ele>
    </trkpt>
    <trkpt lat="-12.4501253" lon="130.9276154">
      <ele>18.87</ele>
    </trkpt>
    <trkpt lat="-12.4501958" lon="130.9277735">
      <ele>18.3</ele>
    </trkpt>
    <trkpt lat="-12.4502577" lon="130.9279593">
      <ele>18.726</ele>
    </trkpt>
    <trkpt lat="-12.4503109" lon="130.9281249">
      <ele>19.309</ele>
    </trkpt>
    <trkpt lat="-12.4503765" lon="130.9283212">
      <ele>19.632</ele>
    </trkpt>
    <trkpt lat="-12.4504275" lon="130.9284749">
      <ele>19.186</ele>
    </trkpt>
    <trkpt lat="-12.4504799" lon="130.9286465">
      <ele>18.637</ele>
    </trkpt>
    <trkpt lat="-12.4505506" lon="130.9288539">
      <ele>18.894</ele>
    </trkpt>
    <trkpt lat="-12.4506111" lon="130.9290278">
      <ele>20.1</ele>
    </trkpt>
    <trkpt lat="-12.4506912" lon="130.9292591">
      <ele>21.0</ele>
    </trkpt>
    <trkpt lat="-12.4507466" lon="130.9294322">
      <ele>21.0</ele>
    </trkpt>
    <trkpt lat="-12.4508049" lon="130.9296142">
      <ele>21.486</ele>
    </trkpt>
    <trkpt lat="-12.4508654" lon="130.9298015">
      <ele>22.115</ele>
    </trkpt>
    <trkpt lat="-12.4509193" lon="130.9299761">
      <ele>22.309</ele>
    </trkpt>
    <trkpt lat="-12.4509746" lon="130.9301492">
      <ele>22.509</ele>
    </trkpt>
    <trkpt lat="-12.4510344" lon="130.9303372">
      <ele>22.879</ele>
    </trkpt>
    <trkpt lat="-12.4511153" lon="130.9305946">
      <ele>24.128</ele>
    </trkpt>
    <trkpt lat="-12.4511765" lon="130.9307825">
      <ele>24.774</ele>
    </trkpt>
    <trkpt lat="-12.4512429" lon="130.9310087">
      <ele>25.3</ele>
    </trkpt>
    <trkpt lat="-12.4513234" lon="130.9312561">
      <ele>25.764</ele>
    </trkpt>
    <trkpt lat="-12.4514279" lon="130.931587">
      <ele>26.753</ele>
    </trkpt>
    <trkpt lat="-12.4515486" lon="130.9319425">
      <ele>27.571</ele>
    </trkpt>
    <trkpt lat="-12.4516553" lon="130.9322823">
      <ele>31.152</ele>
    </trkpt>
    <trkpt lat="-12.4517641" lon="130.9326322">
      <ele>30.823</ele>
    </trkpt>
    <trkpt lat="-12.4517778" lon="130.9326747">
      <ele>30.571</ele>
    </trkpt>
    <trkpt lat="-12.4517795" lon="130.9326799">
      <ele>30.54</ele>
    </trkpt>
    <trkpt lat="-12.4518522" lon="130.9329063">
      <ele>29.048</ele>
    </trkpt>
    <trkpt lat="-12.4519512" lon="130.9332339">
      <ele>27.951</ele>
    </trkpt>
    <trkpt lat="-12.4520546" lon="130.9335548">
      <ele>27.688</ele>
    </trkpt>
    <trkpt lat="-12.4521525" lon="130.9338657">
      <ele>27.67</ele>
    </trkpt>
    <trkpt lat="-12.4521639" lon="130.9339019">
      <ele>27.677</ele>
    </trkpt>
    <trkpt lat="-12.4521655" lon="130.9339071">
      <ele>27.678</ele>
    </trkpt>
    <trkpt lat="-12.4522591" lon="130.9342045">
      <ele>27.602</ele>
    </trkpt>
    <trkpt lat="-12.4523745" lon="130.9345454">
      <ele>25.828</ele>
    </trkpt>
    <trkpt lat="-12.4524844" lon="130.9348998">
      <ele>22.194</ele>
    </trkpt>
    <trkpt lat="-12.4525975" lon="130.9352719">
      <ele>17.361</ele>
    </trkpt>
    <trkpt lat="-12.4527542" lon="130.9357622">
      <ele>16.085</ele>
    </trkpt>
    <trkpt lat="-12.4529055" lon="130.9362469">
      <ele>15.315</ele>
    </trkpt>
    <trkpt lat="-12.453061" lon="130.9367394">
      <ele>14.025</ele>
    </trkpt>
    <trkpt lat="-12.4532373" lon="130.9372877">
      <ele>14.654</ele>
    </trkpt>
    <trkpt lat="-12.4533958" lon="130.9377584">
      <ele>14.295</ele>
    </trkpt>
    <trkpt lat="-12.4534103" lon="130.9378013">
      <ele>14.192</ele>
    </trkpt>
    <trkpt lat="-12.4534547" lon="130.9379267">
      <ele>13.901</ele>
    </trkpt>
    <trkpt lat="-12.4535811" lon="130.9382838">
      <ele>13.803</ele>
    </trkpt>
    <trkpt lat="-12.4536802" lon="130.9385668">
      <ele>14.88</ele>
    </trkpt>
    <trkpt lat="-12.4537737" lon="130.9388164">
      <ele>14.261</ele>
    </trkpt>
    <trkpt lat="-12.4539021" lon="130.9391518">
      <ele>13.054</ele>
    </trkpt>
    <trkpt lat="-12.4539663" lon="130.9393279">
      <ele>13.0</ele>
    </trkpt>
    <trkpt lat="-12.454024" lon="130.9394895">
      <ele>13.162</ele>
    </trkpt>
    <trkpt lat="-12.4541926" lon="130.9399051">
      <ele>14.597</ele>
    </trkpt>
    <trkpt lat="-12.4543482" lon="130.9402873">
      <ele>14.693</ele>
    </trkpt>
    <trkpt lat="-12.4544602" lon="130.9405681">
      <ele>13.941</ele>
    </trkpt>
    <trkpt lat="-12.4546246" lon="130.9409692">
      <ele>13.509</ele>
    </trkpt>
    <trkpt lat="-12.4547921" lon="130.9413603">
      <ele>14.42</ele>
    </trkpt>
    <trkpt lat="-12.4549358" lon="130.9416868">
      <ele>13.159</ele>
    </trkpt>
    <trkpt lat="-12.4551012" lon="130.9420735">
      <ele>11.805</ele>
    </trkpt>
    <trkpt lat="-12.4552622" lon="130.9424323">
      <ele>12.0</ele>
    </trkpt>
    <trkpt lat="-12.4554211" lon="130.9427978">
      <ele>14.109</ele>
    </trkpt>
    <trkpt lat="-12.4556463" lon="130.9433137">
      <ele>13.488</ele>
    </trkpt>
    <trkpt lat="-12.4558182" lon="130.9437115">
      <ele>11.035</ele>
    </trkpt>
    <trkpt lat="-12.4558562" lon="130.9438005">
      <ele>11.056</ele>
    </trkpt>
    <trkpt lat="-12.4558845" lon="130.9438666">
      <ele>11.169</ele>
    </trkpt>
    <trkpt lat="-12.4559128" lon="130.9439328">
      <ele>11.286</ele>
    </trkpt>
    <trkpt lat="-12.455952" lon="130.9440246">
      <ele>11.427</ele>
    </trkpt>
    <trkpt lat="-12.4560826" lon="130.9442942">
      <ele>11.992</ele>
    </trkpt>
    <trkpt lat="-12.4562208" lon="130.9445917">
      <ele>12.321</ele>
    </trkpt>
    <trkpt lat="-12.4564427" lon="130.9451121">
      <ele>11.806</ele>
    </trkpt>
    <trkpt lat="-12.4566021" lon="130.945556">
      <ele>11.235</ele>
    </trkpt>
    <trkpt lat="-12.4568109" lon="130.9459949">
      <ele>14.163</ele>
    </trkpt>
    <trkpt lat="-12.4568323" lon="130.9460597">
      <ele>14.63</ele>
    </trkpt>
    <trkpt lat="-12.4568874" lon="130.9462081">
      <ele>15.277</ele>
    </trkpt>
    <trkpt lat="-12.4569166" lon="130.946281">
      <ele>15.55</ele>
    </trkpt>
    <trkpt lat="-12.4575346" lon="130.9476784">
      <ele>12.233</ele>
    </trkpt>
    <trkpt lat="-12.4577243" lon="130.9481091">
      <ele>13.348</ele>
    </trkpt>
    <trkpt lat="-12.4580502" lon="130.9488407">
      <ele>17.807</ele>
    </trkpt>
    <trkpt lat="-12.4581248" lon="130.9490082">
      <ele>17.179</ele>
    </trkpt>
    <trkpt lat="-12.4581524" lon="130.9490701">
      <ele>16.878</ele>
    </trkpt>
    <trkpt lat="-12.4582001" lon="130.9491755">
      <ele>16.464</ele>
    </trkpt>
    <trkpt lat="-12.4585345" lon="130.9499146">
      <ele>18.693</ele>
    </trkpt>
    <trkpt lat="-12.4588011" lon="130.9504762">
      <ele>17.895</ele>
    </trkpt>
    <trkpt lat="-12.4590677" lon="130.9509963">
      <ele>17.356</ele>
    </trkpt>
    <trkpt lat="-12.4591511" lon="130.9511593">
      <ele>17.21</ele>
    </trkpt>
    <trkpt lat="-12.4592219" lon="130.9512978">
      <ele>17.473</ele>
    </trkpt>
    <trkpt lat="-12.4595351" lon="130.9517975">
      <ele>18.0</ele>
    </trkpt>
    <trkpt lat="-12.4597902" lon="130.9522155">
      <ele>17.511</ele>
    </trkpt>
    <trkpt lat="-12.4603505" lon="130.9530605">
      <ele>14.257</ele>
    </trkpt>
    <trkpt lat="-12.4605277" lon="130.9533172">
      <ele>14.052</ele>
    </trkpt>
    <trkpt lat="-12.4606881" lon="130.9535526">
      <ele>14.101</ele>
    </trkpt>
    <trkpt lat="-12.4621452" lon="130.9558457">
      <ele>16.045</ele>
    </trkpt>
    <trkpt lat="-12.4622029" lon="130.9559546">
      <ele>16.437</ele>
    </trkpt>
    <trkpt lat="-12.4622886" lon="130.9561166">
      <ele>16.781</ele>
    </trkpt>
    <trkpt lat="-12.4623744" lon="130.9562785">
      <ele>17.055</ele>
    </trkpt>
    <trkpt lat="-12.4624601" lon="130.9564404">
      <ele>17.356</ele>
    </trkpt>
    <trkpt lat="-12.4625341" lon="130.9565802">
      <ele>17.566</ele>
    </trkpt>
    <trkpt lat="-12.4626994" lon="130.9569396">
      <ele>17.282</ele>
    </trkpt>
    <trkpt lat="-12.4629317" lon="130.9575191">
      <ele>16.623</ele>
    </trkpt>
    <trkpt lat="-12.4631537" lon="130.9580911">
      <ele>19.256</ele>
    </trkpt>
    <trkpt lat="-12.4632526" lon="130.9583901">
      <ele>21.349</ele>
    </trkpt>
    <trkpt lat="-12.463327" lon="130.9586603">
      <ele>22.981</ele>
    </trkpt>
    <trkpt lat="-12.463451" lon="130.9590937">
      <ele>23.847</ele>
    </trkpt>
    <trkpt lat="-12.4636038" lon="130.9596604">
      <ele>26.719</ele>
    </trkpt>
    <trkpt lat="-12.4637081" lon="130.9600957">
      <ele>30.109</ele>
    </trkpt>
    <trkpt lat="-12.4637833" lon="130.9604761">
      <ele>28.666</ele>
    </trkpt>
    <trkpt lat="-12.4638534" lon="130.9608258">
      <ele>27.403</ele>
    </trkpt>
    <trkpt lat="-12.4639645" lon="130.9614399">
      <ele>29.184</ele>
    </trkpt>
    <trkpt lat="-12.4640659" lon="130.9622812">
      <ele>29.637</ele>
    </trkpt>
    <trkpt lat="-12.4641143" lon="130.962997">
      <ele>30.0</ele>
    </trkpt>
    <trkpt lat="-12.4641259" lon="130.9633627">
      <ele>30.505</ele>
    </trkpt>
    <trkpt lat="-12.464116" lon="130.9639697">
      <ele>34.184</ele>
    </trkpt>
    <trkpt lat="-12.4640603" lon="130.9648973">
      <ele>39.389</ele>
    </trkpt>
    <trkpt lat="-12.464051" lon="130.9649918">
      <ele>39.566</ele>
    </trkpt>
    <trkpt lat="-12.4640329" lon="130.9651751">
      <ele>39.518</ele>
    </trkpt>
    <trkpt lat="-12.463927" lon="130.9662483">
      <ele>38.0</ele>
    </trkpt>
    <trkpt lat="-12.463878" lon="130.966705">
      <ele>37.784</ele>
    </trkpt>
    <trkpt lat="-12.4638212" lon="130.9673748">
      <ele>36.097</ele>
    </trkpt>
    <trkpt lat="-12.4637988" lon="130.9676337">
      <ele>34.713</ele>
    </trkpt>
    <trkpt lat="-12.4637655" lon="130.9682571">
      <ele>33.573</ele>
    </trkpt>
    <trkpt lat="-12.4637593" lon="130.9687777">
      <ele>34.08</ele>
    </trkpt>
    <trkpt lat="-12.4637764" lon="130.9693574">
      <ele>32.405</ele>
    </trkpt>
    <trkpt lat="-12.4637968" lon="130.9699006">
      <ele>30.929</ele>
    </trkpt>
    <trkpt lat="-12.4638214" lon="130.970313">
      <ele>29.842</ele>
    </trkpt>
    <trkpt lat="-12.463862" lon="130.9708069">
      <ele>26.276</ele>
    </trkpt>
    <trkpt lat="-12.4639586" lon="130.9716259">
      <ele>24.037</ele>
    </trkpt>
    <trkpt lat="-12.4640043" lon="130.9719246">
      <ele>23.071</ele>
    </trkpt>
    <trkpt lat="-12.4642579" lon="130.9737419">
      <ele>24.459</ele>
    </trkpt>
    <trkpt lat="-12.4643791" lon="130.9742523">
      <ele>25.764</ele>
    </trkpt>
    <trkpt lat="-12.4644519" lon="130.9744639">
      <ele>25.043</ele>
    </trkpt>
    <trkpt lat="-12.4645207" lon="130.9747332">
      <ele>25.776</ele>
    </trkpt>
    <trkpt lat="-12.4645867" lon="130.9749401">
      <ele>26.674</ele>
    </trkpt>
    <trkpt lat="-12.464795" lon="130.9755821">
      <ele>29.834</ele>
    </trkpt>
    <trkpt lat="-12.4650253" lon="130.9761447">
      <ele>32.0</ele>
    </trkpt>
    <trkpt lat="-12.46542" lon="130.9769422">
      <ele>30.492</ele>
    </trkpt>
    <trkpt lat="-12.4656915" lon="130.9773923">
      <ele>29.81</ele>
    </trkpt>
    <trkpt lat="-12.4663248" lon="130.9783834">
      <ele>29.0</ele>
    </trkpt>
    <trkpt lat="-12.4666498" lon="130.9788678">
      <ele>29.0</ele>
    </trkpt>
    <trkpt lat="-12.4669917" lon="130.9793774">
      <ele>30.041</ele>
    </trkpt>
    <trkpt lat="-12.4672697" lon="130.9797762">
      <ele>30.977</ele>
    </trkpt>
    <trkpt lat="-12.4674667" lon="130.9800792">
      <ele>30.629</ele>
    </trkpt>
    <trkpt lat="-12.4674845" lon="130.9801191">
      <ele>30.539</ele>
    </trkpt>
    <trkpt lat="-12.467517" lon="130.9802187">
      <ele>30.213</ele>
    </trkpt>
    <trkpt lat="-12.4676579" lon="130.980475">
      <ele>31.114</ele>
    </trkpt>
    <trkpt lat="-12.4682983" lon="130.9814832">
      <ele>32.0</ele>
    </trkpt>
    <trkpt lat="-12.4683252" lon="130.9815253">
      <ele>32.0</ele>
    </trkpt>
    <trkpt lat="-12.468402" lon="130.9816453">
      <ele>31.753</ele>
    </trkpt>
    <trkpt lat="-12.4684787" lon="130.9817654">
      <ele>31.477</ele>
    </trkpt>
    <trkpt lat="-12.4685142" lon="130.9818209">
      <ele>31.349</ele>
    </trkpt>
    <trkpt lat="-12.468745" lon="130.9822198">
      <ele>30.996</ele>
    </trkpt>
    <trkpt lat="-12.4690335" lon="130.9827936">
      <ele>32.943</ele>
    </trkpt>
    <trkpt lat="-12.4692114" lon="130.9831872">
      <ele>32.228</ele>
    </trkpt>
    <trkpt lat="-12.4692611" lon="130.9833144">
      <ele>32.569</ele>
    </trkpt>
    <trkpt lat="-12.4694628" lon="130.9838936">
      <ele>35.901</ele>
    </trkpt>
    <trkpt lat="-12.469553" lon="130.9842295">
      <ele>33.951</ele>
    </trkpt>
    <trkpt lat="-12.4696619" lon="130.9847035">
      <ele>33.431</ele>
    </trkpt>
    <trkpt lat="-12.4697053" lon="130.9848823">
      <ele>32.159</ele>
    </trkpt>
    <trkpt lat="-12.4697244" lon="130.9849611">
      <ele>31.437</ele>
    </trkpt>
    <trkpt lat="-12.4697467" lon="130.9850615">
      <ele>31.359</ele>
    </trkpt>
    <trkpt lat="-12.4698311" lon="130.9854405">
      <ele>33.172</ele>
    </trkpt>
    <trkpt lat="-12.4699427" lon="130.9859703">
      <ele>35.301</ele>
    </trkpt>
    <trkpt lat="-12.4701035" lon="130.9867336">
      <ele>36.614</ele>
    </trkpt>
    <trkpt lat="-12.4704607" lon="130.988429">
      <ele>34.806</ele>
    </trkpt>
    <trkpt lat="-12.4704928" lon="130.9885639">
      <ele>35.848</ele>
    </trkpt>
    <trkpt lat="-12.4706045" lon="130.989107">
      <ele>37.648</ele>
    </trkpt>
    <trkpt lat="-12.4707355" lon="130.9897131">
      <ele>38.287</ele>
    </trkpt>
    <trkpt lat="-12.4707606" lon="130.989833">
      <ele>39.059</ele>
    </trkpt>
    <trkpt lat="-12.4708258" lon="130.9901183">
      <ele>40.441</ele>
    </trkpt>
    <trkpt lat="-12.4708519" lon="130.9902215">
      <ele>40.691</ele>
    </trkpt>
    <trkpt lat="-12.4709737" lon="130.9907797">
      <ele>37.182</ele>
    </trkpt>
    <trkpt lat="-12.471085" lon="130.9912833">
      <ele>39.392</ele>
    </trkpt>
    <trkpt lat="-12.4711119" lon="130.9914278">
      <ele>40.277</ele>
    </trkpt>
    <trkpt lat="-12.4713399" lon="130.992314">
      <ele>41.022</ele>
    </trkpt>
    <trkpt lat="-12.4717219" lon="130.9935119">
      <ele>38.97</ele>
    </trkpt>
    <trkpt lat="-12.471727" lon="130.9935239">
      <ele>39.052</ele>
    </trkpt>
    <trkpt lat="-12.4719388" lon="130.9940056">
      <ele>41.988</ele>
    </trkpt>
    <trkpt lat="-12.4721362" lon="130.9944575">
      <ele>43.015</ele>
    </trkpt>
    <trkpt lat="-12.4722908" lon="130.9947687">
      <ele>42.959</ele>
    </trkpt>
    <trkpt lat="-12.4727694" lon="130.995733">
      <ele>46.32</ele>
    </trkpt>
    <trkpt lat="-12.4729621" lon="130.996055">
      <ele>44.672</ele>
    </trkpt>
    <trkpt lat="-12.4733386" lon="130.9966628">
      <ele>43.986</ele>
    </trkpt>
    <trkpt lat="-12.4735995" lon="130.9970227">
      <ele>45.282</ele>
    </trkpt>
    <trkpt lat="-12.4736395" lon="130.997077">
      <ele>45.375</ele>
    </trkpt>
    <trkpt lat="-12.4736465" lon="130.9970864">
      <ele>45.384</ele>
    </trkpt>
    <trkpt lat="-12.4737622" lon="130.9972404">
      <ele>45.456</ele>
    </trkpt>
    <trkpt lat="-12.4738538" lon="130.9973623">
      <ele>45.126</ele>
    </trkpt>
    <trkpt lat="-12.4739171" lon="130.9974478">
      <ele>44.962</ele>
    </trkpt>
    <trkpt lat="-12.4739655" lon="130.9975094">
      <ele>45.0</ele>
    </trkpt>
    <trkpt lat="-12.4742495" lon="130.9978711">
      <ele>44.9</ele>
    </trkpt>
    <trkpt lat="-12.474669" lon="130.9983496">
      <ele>43.383</ele>
    </trkpt>
    <trkpt lat="-12.4751712" lon="130.9988746">
      <ele>41.103</ele>
    </trkpt>
    <trkpt lat="-12.4752858" lon="130.9989944">
      <ele>41.0</ele>
    </trkpt>
    <trkpt lat="-12.4752977" lon="130.9990055">
      <ele>41.0</ele>
    </trkpt>
    <trkpt lat="-12.4764899" lon="131.0001154">
      <ele>34.07</ele>
    </trkpt>
    <trkpt lat="-12.4766616" lon="131.0002753">
      <ele>32.054</ele>
    </trkpt>
    <trkpt lat="-12.4770273" lon="131.0006169">
      <ele>30.857</ele>
    </trkpt>
    <trkpt lat="-12.4771602" lon="131.0007411">
      <ele>30.372</ele>
    </trkpt>
    <trkpt lat="-12.4772931" lon="131.0008652">
      <ele>29.974</ele>
    </trkpt>
    <trkpt lat="-12.4774973" lon="131.0010559">
      <ele>30.612</ele>
    </trkpt>
    <trkpt lat="-12.4777579" lon="131.0012994">
      <ele>31.678</ele>
    </trkpt>
    <trkpt lat="-12.4778247" lon="131.0013618">
      <ele>31.75</ele>
    </trkpt>
    <trkpt lat="-12.4778908" lon="131.0014235">
      <ele>31.718</ele>
    </trkpt>
    <trkpt lat="-12.4780904" lon="131.0016101">
      <ele>31.671</ele>
    </trkpt>
    <trkpt lat="-12.4783053" lon="131.001811">
      <ele>30.634</ele>
    </trkpt>
    <trkpt lat="-12.4784893" lon="131.0019822">
      <ele>29.439</ele>
    </trkpt>
    <trkpt lat="-12.4786225" lon="131.0021061">
      <ele>28.942</ele>
    </trkpt>
    <trkpt lat="-12.4786887" lon="131.0021677">
      <ele>28.666</ele>
    </trkpt>
    <trkpt lat="-12.4790132" lon="131.0024696">
      <ele>29.334</ele>
    </trkpt>
    <trkpt lat="-12.4808656" lon="131.0042342">
      <ele>33.972</ele>
    </trkpt>
    <trkpt lat="-12.4808938" lon="131.0042611">
      <ele>33.926</ele>
    </trkpt>
    <trkpt lat="-12.4809939" lon="131.0043633">
      <ele>33.591</ele>
    </trkpt>
    <trkpt lat="-12.4811213" lon="131.0044934">
      <ele>33.176</ele>
    </trkpt>
    <trkpt lat="-12.4811568" lon="131.0045296">
      <ele>33.307</ele>
    </trkpt>
    <trkpt lat="-12.4811846" lon="131.0045581">
      <ele>33.409</ele>
    </trkpt>
    <trkpt lat="-12.4812484" lon="131.0046237">
      <ele>33.645</ele>
    </trkpt>
    <trkpt lat="-12.4813857" lon="131.0047649">
      <ele>34.154</ele>
    </trkpt>
    <trkpt lat="-12.4817551" lon="131.0051692">
      <ele>31.436</ele>
    </trkpt>
    <trkpt lat="-12.4821114" lon="131.00559">
      <ele>29.721</ele>
    </trkpt>
    <trkpt lat="-12.4823152" lon="131.0058457">
      <ele>31.331</ele>
    </trkpt>
    <trkpt lat="-12.4825184" lon="131.0061065">
      <ele>29.801</ele>
    </trkpt>
    <trkpt lat="-12.4826564" lon="131.0062823">
      <ele>28.389</ele>
    </trkpt>
    <trkpt lat="-12.4827926" lon="131.0064552">
      <ele>27.733</ele>
    </trkpt>
    <trkpt lat="-12.4829289" lon="131.0066296">
      <ele>27.532</ele>
    </trkpt>
    <trkpt lat="-12.4830628" lon="131.0068039">
      <ele>28.0</ele>
    </trkpt>
    <trkpt lat="-12.4832013" lon="131.0069819">
      <ele>28.525</ele>
    </trkpt>
    <trkpt lat="-12.4832815" lon="131.0070816">
      <ele>28.813</ele>
    </trkpt>
    <trkpt lat="-12.483337" lon="131.0071506">
      <ele>28.96</ele>
    </trkpt>
    <trkpt lat="-12.4833958" lon="131.0072238">
      <ele>28.31</ele>
    </trkpt>
    <trkpt lat="-12.4834533" lon="131.0072952">
      <ele>27.03</ele>
    </trkpt>
    <trkpt lat="-12.4834742" lon="131.0073212">
      <ele>26.59</ele>
    </trkpt>
    <trkpt lat="-12.4835712" lon="131.0074343">
      <ele>24.794</ele>
    </trkpt>
    <trkpt lat="-12.4836134" lon="131.0074834">
      <ele>24.11</ele>
    </trkpt>
    <trkpt lat="-12.4836891" lon="131.0075734">
      <ele>23.793</ele>
    </trkpt>
    <trkpt lat="-12.4836904" lon="131.0075749">
      <ele>23.792</ele>
    </trkpt>
    <trkpt lat="-12.483908" lon="131.0078166">
      <ele>23.941</ele>
    </trkpt>
    <trkpt lat="-12.4839965" lon="131.0079089">
      <ele>23.795</ele>
    </trkpt>
    <trkpt lat="-12.4841224" lon="131.0080404">
      <ele>23.954</ele>
    </trkpt>
    <trkpt lat="-12.4841364" lon="131.0080551">
      <ele>23.999</ele>
    </trkpt>
    <trkpt lat="-12.4843168" lon="131.0082327">
      <ele>25.523</ele>
    </trkpt>
    <trkpt lat="-12.4843689" lon="131.008284">
      <ele>26.149</ele>
    </trkpt>
    <trkpt lat="-12.4846876" lon="131.0085821">
      <ele>28.568</ele>
    </trkpt>
    <trkpt lat="-12.4849159" lon="131.0087893">
      <ele>30.089</ele>
    </trkpt>
    <trkpt lat="-12.485023" lon="131.0088717">
      <ele>30.871</ele>
    </trkpt>
    <trkpt lat="-12.4851931" lon="131.0090109">
      <ele>32.184</ele>
    </trkpt>
    <trkpt lat="-12.4853618" lon="131.00914">
      <ele>34.044</ele>
    </trkpt>
    <trkpt lat="-12.4854447" lon="131.0092061">
      <ele>34.544</ele>
    </trkpt>
    <trkpt lat="-12.4856184" lon="131.0093341">
      <ele>35.542</ele>
    </trkpt>
    <trkpt lat="-12.4858004" lon="131.009461">
      <ele>36.71</ele>
    </trkpt>
    <trkpt lat="-12.4859837" lon="131.0095821">
      <ele>37.046</ele>
    </trkpt>
    <trkpt lat="-12.4861724" lon="131.0096978">
      <ele>37.309</ele>
    </trkpt>
    <trkpt lat="-12.4862408" lon="131.0097388">
      <ele>37.407</ele>
    </trkpt>
    <trkpt lat="-12.4863503" lon="131.0098044">
      <ele>37.565</ele>
    </trkpt>
    <trkpt lat="-12.4866351" lon="131.0099644">
      <ele>36.242</ele>
    </trkpt>
    <trkpt lat="-12.4867134" lon="131.0100053">
      <ele>35.664</ele>
    </trkpt>
    <trkpt lat="-12.4868737" lon="131.0100889">
      <ele>34.509</ele>
    </trkpt>
    <trkpt lat="-12.4870243" lon="131.0101674">
      <ele>34.287</ele>
    </trkpt>
    <trkpt lat="-12.4870341" lon="131.0101721">
      <ele>34.323</ele>
    </trkpt>
    <trkpt lat="-12.4875024" lon="131.0103956">
      <ele>37.852</ele>
    </trkpt>
    <trkpt lat="-12.4879038" lon="131.0105611">
      <ele>39.586</ele>
    </trkpt>
    <trkpt lat="-12.4882128" lon="131.010678">
      <ele>39.632</ele>
    </trkpt>
    <trkpt lat="-12.4885172" lon="131.0107839">
      <ele>39.278</ele>
    </trkpt>
    <trkpt lat="-12.4886546" lon="131.0108255">
      <ele>39.0</ele>
    </trkpt>
    <trkpt lat="-12.4887315" lon="131.0108508">
      <ele>39.027</ele>
    </trkpt>
    <trkpt lat="-12.4889764" lon="131.0109189">
      <ele>39.623</ele>
    </trkpt>
    <trkpt lat="-12.4890451" lon="131.010938">
      <ele>39.939</ele>
    </trkpt>
    <trkpt lat="-12.4894654" lon="131.0110432">
      <ele>39.756</ele>
    </trkpt>
    <trkpt lat="-12.4896806" lon="131.0110921">
      <ele>39.932</ele>
    </trkpt>
    <trkpt lat="-12.4899909" lon="131.011155">
      <ele>42.092</ele>
    </trkpt>
    <trkpt lat="-12.4901023" lon="131.0111776">
      <ele>42.431</ele>
    </trkpt>
    <trkpt lat="-12.4904251" lon="131.0112408">
      <ele>41.472</ele>
    </trkpt>
    <trkpt lat="-12.4906548" lon="131.011287">
      <ele>39.878</ele>
    </trkpt>
    <trkpt lat="-12.4907355" lon="131.0112999">
      <ele>39.465</ele>
    </trkpt>
    <trkpt lat="-12.4913861" lon="131.0114313">
      <ele>41.981</ele>
    </trkpt>
    <trkpt lat="-12.4918062" lon="131.0115146">
      <ele>43.498</ele>
    </trkpt>
    <trkpt lat="-12.4920262" lon="131.0115561">
      <ele>42.589</ele>
    </trkpt>
    <trkpt lat="-12.4925513" lon="131.0116684">
      <ele>41.809</ele>
    </trkpt>
    <trkpt lat="-12.4930559" lon="131.0117973">
      <ele>40.472</ele>
    </trkpt>
    <trkpt lat="-12.4933478" lon="131.0118827">
      <ele>42.041</ele>
    </trkpt>
    <trkpt lat="-12.4936539" lon="131.0119808">
      <ele>43.151</ele>
    </trkpt>
    <trkpt lat="-12.4939663" lon="131.0120936">
      <ele>43.945</ele>
    </trkpt>
    <trkpt lat="-12.4943726" lon="131.0122534">
      <ele>42.942</ele>
    </trkpt>
    <trkpt lat="-12.4948735" lon="131.0124726">
      <ele>42.464</ele>
    </trkpt>
    <trkpt lat="-12.4950486" lon="131.0125604">
      <ele>42.0</ele>
    </trkpt>
    <trkpt lat="-12.4954541" lon="131.012759">
      <ele>41.957</ele>
    </trkpt>
    <trkpt lat="-12.4954654" lon="131.0127655">
      <ele>41.97</ele>
    </trkpt>
    <trkpt lat="-12.4958448" lon="131.0129851">
      <ele>42.041</ele>
    </trkpt>
    <trkpt lat="-12.4965087" lon="131.0133653">
      <ele>43.431</ele>
    </trkpt>
    <trkpt lat="-12.4965816" lon="131.0134125">
      <ele>43.694</ele>
    </trkpt>
    <trkpt lat="-12.4972044" lon="131.013766">
      <ele>43.665</ele>
    </trkpt>
    <trkpt lat="-12.4974454" lon="131.0138994">
      <ele>45.03</ele>
    </trkpt>
    <trkpt lat="-12.4975572" lon="131.0139614">
      <ele>45.154</ele>
    </trkpt>
    <trkpt lat="-12.4977216" lon="131.0140596">
      <ele>44.634</ele>
    </trkpt>
    <trkpt lat="-12.4978145" lon="131.0141183">
      <ele>44.042</ele>
    </trkpt>
    <trkpt lat="-12.4980739" lon="131.0142703">
      <ele>43.0</ele>
    </trkpt>
    <trkpt lat="-12.4992606" lon="131.0149606">
      <ele>44.676</ele>
    </trkpt>
    <trkpt lat="-12.499845" lon="131.0152966">
      <ele>44.52</ele>
    </trkpt>
    <trkpt lat="-12.5004185" lon="131.0156278">
      <ele>44.493</ele>
    </trkpt>
    <trkpt lat="-12.5010171" lon="131.0159567">
      <ele>42.955</ele>
    </trkpt>
    <trkpt lat="-12.5015712" lon="131.0162611">
      <ele>45.344</ele>
    </trkpt>
    <trkpt lat="-12.5020081" lon="131.0165094">
      <ele>45.0</ele>
    </trkpt>
    <trkpt lat="-12.5041968" lon="131.0177942">
      <ele>36.892</ele>
    </trkpt>
    <trkpt lat="-12.505014" lon="131.0182592">
      <ele>37.28</ele>
    </trkpt>
    <trkpt lat="-12.5067206" lon="131.0192449">
      <ele>35.718</ele>
    </trkpt>
    <trkpt lat="-12.506979" lon="131.0193921">
      <ele>35.36</ele>
    </trkpt>
    <trkpt lat="-12.507122" lon="131.0194727">
      <ele>35.574</ele>
    </trkpt>
    <trkpt lat="-12.5074491" lon="131.0196623">
      <ele>36.032</ele>
    </trkpt>
    <trkpt lat="-12.5074902" lon="131.0196869">
      <ele>36.092</ele>
    </trkpt>
    <trkpt lat="-12.5078219" lon="131.019877">
      <ele>39.628</ele>
    </trkpt>
    <trkpt lat="-12.5084888" lon="131.0202611">
      <ele>36.881</ele>
    </trkpt>
    <trkpt lat="-12.5090798" lon="131.0206016">
      <ele>35.739</ele>
    </trkpt>
    <trkpt lat="-12.5092348" lon="131.020691">
      <ele>35.88</ele>
    </trkpt>
    <trkpt lat="-12.5093924" lon="131.020784">
      <ele>35.332</ele>
    </trkpt>
    <trkpt lat="-12.5097041" lon="131.0209678">
      <ele>34.067</ele>
    </trkpt>
    <trkpt lat="-12.509803" lon="131.0210262">
      <ele>33.896</ele>
    </trkpt>
    <trkpt lat="-12.5103517" lon="131.0213701">
      <ele>28.319</ele>
    </trkpt>
    <trkpt lat="-12.5110503" lon="131.0218862">
      <ele>25.845</ele>
    </trkpt>
    <trkpt lat="-12.5110548" lon="131.0218895">
      <ele>25.847</ele>
    </trkpt>
    <trkpt lat="-12.5113243" lon="131.0221249">
      <ele>25.613</ele>
    </trkpt>
    <trkpt lat="-12.5114612" lon="131.0222445">
      <ele>25.58</ele>
    </trkpt>
    <trkpt lat="-12.511598" lon="131.0223641">
      <ele>25.39</ele>
    </trkpt>
    <trkpt lat="-12.5116312" lon="131.0223931">
      <ele>25.407</ele>
    </trkpt>
    <trkpt lat="-12.511859" lon="131.0226176">
      <ele>24.216</ele>
    </trkpt>
    <trkpt lat="-12.5119886" lon="131.0227453">
      <ele>23.547</ele>
    </trkpt>
    <trkpt lat="-12.512249" lon="131.023002">
      <ele>24.344</ele>
    </trkpt>
    <trkpt lat="-12.5125416" lon="131.0233259">
      <ele>23.555</ele>
    </trkpt>
    <trkpt lat="-12.5127234" lon="131.0235534">
      <ele>20.64</ele>
    </trkpt>
    <trkpt lat="-12.5128373" lon="131.0236959">
      <ele>20.091</ele>
    </trkpt>
    <trkpt lat="-12.5128899" lon="131.0237617">
      <ele>20.138</ele>
    </trkpt>
    <trkpt lat="-12.5130586" lon="131.0239864">
      <ele>19.989</ele>
    </trkpt>
    <trkpt lat="-12.5131422" lon="131.0240979">
      <ele>19.688</ele>
    </trkpt>
    <trkpt lat="-12.5131666" lon="131.0241337">
      <ele>19.6</ele>
    </trkpt>
    <trkpt lat="-12.5133066" lon="131.0243386">
      <ele>18.477</ele>
    </trkpt>
    <trkpt lat="-12.5135288" lon="131.0246803">
      <ele>17.548</ele>
    </trkpt>
    <trkpt lat="-12.5136608" lon="131.024903">
      <ele>18.185</ele>
    </trkpt>
    <trkpt lat="-12.5136869" lon="131.024947">
      <ele>18.398</ele>
    </trkpt>
    <trkpt lat="-12.5140056" lon="131.0255081">
      <ele>18.989</ele>
    </trkpt>
    <trkpt lat="-12.5142117" lon="131.0259234">
      <ele>20.434</ele>
    </trkpt>
    <trkpt lat="-12.5142419" lon="131.0259908">
      <ele>20.735</ele>
    </trkpt>
    <trkpt lat="-12.514317" lon="131.0261583">
      <ele>21.281</ele>
    </trkpt>
    <trkpt lat="-12.5143921" lon="131.0263257">
      <ele>22.407</ele>
    </trkpt>
    <trkpt lat="-12.5145034" lon="131.0265739">
      <ele>22.817</ele>
    </trkpt>
    <trkpt lat="-12.5145348" lon="131.0266636">
      <ele>22.688</ele>
    </trkpt>
    <trkpt lat="-12.5145955" lon="131.0268371">
      <ele>23.106</ele>
    </trkpt>
    <trkpt lat="-12.5146298" lon="131.0269349">
      <ele>23.585</ele>
    </trkpt>
    <trkpt lat="-12.5147125" lon="131.0271855">
      <ele>24.775</ele>
    </trkpt>
    <trkpt lat="-12.5148365" lon="131.0275721">
      <ele>26.001</ele>
    </trkpt>
    <trkpt lat="-12.5150745" lon="131.0283954">
      <ele>34.223</ele>
    </trkpt>
    <trkpt lat="-12.5150773" lon="131.0284061">
      <ele>34.262</ele>
    </trkpt>
    <trkpt lat="-12.5151396" lon="131.028651">
      <ele>35.071</ele>
    </trkpt>
    <trkpt lat="-12.5153463" lon="131.0294635">
      <ele>34.12</ele>
    </trkpt>
    <trkpt lat="-12.5155228" lon="131.0300329">
      <ele>35.236</ele>
    </trkpt>
    <trkpt lat="-12.5156642" lon="131.0304907">
      <ele>36.233</ele>
    </trkpt>
    <trkpt lat="-12.5158735" lon="131.0311685">
      <ele>37.917</ele>
    </trkpt>
    <trkpt lat="-12.5161109" lon="131.0317145">
      <ele>36.83</ele>
    </trkpt>
    <trkpt lat="-12.5163905" lon="131.0322738">
      <ele>38.013</ele>
    </trkpt>
    <trkpt lat="-12.5165925" lon="131.0325887">
      <ele>40.284</ele>
    </trkpt>
    <trkpt lat="-12.5169675" lon="131.0331721">
      <ele>39.58</ele>
    </trkpt>
    <trkpt lat="-12.5188322" lon="131.0358307">
      <ele>40.991</ele>
    </trkpt>
    <trkpt lat="-12.5196718" lon="131.0370277">
      <ele>41.827</ele>
    </trkpt>
    <trkpt lat="-12.5200141" lon="131.037517">
      <ele>42.16</ele>
    </trkpt>
    <trkpt lat="-12.5202463" lon="131.0378535">
      <ele>43.887</ele>
    </trkpt>
    <trkpt lat="-12.5203254" lon="131.0379702">
      <ele>43.829</ele>
    </trkpt>
    <trkpt lat="-12.5205693" lon="131.0383179">
      <ele>43.049</ele>
    </trkpt>
    <trkpt lat="-12.5207407" lon="131.0385776">
      <ele>43.08</ele>
    </trkpt>
    <trkpt lat="-12.5208402" lon="131.0387185">
      <ele>43.0</ele>
    </trkpt>
    <trkpt lat="-12.521582" lon="131.0397665">
      <ele>44.841</ele>
    </trkpt>
    <trkpt lat="-12.5218536" lon="131.0401545">
      <ele>44.972</ele>
    </trkpt>
    <trkpt lat="-12.5220889" lon="131.0404845">
      <ele>44.256</ele>
    </trkpt>
    <trkpt lat="-12.5223254" lon="131.0408139">
      <ele>44.93</ele>
    </trkpt>
    <trkpt lat="-12.522563" lon="131.0411531">
      <ele>46.227</ele>
    </trkpt>
    <trkpt lat="-12.5234692" lon="131.0424656">
      <ele>43.365</ele>
    </trkpt>
    <trkpt lat="-12.5236599" lon="131.0427205">
      <ele>44.866</ele>
    </trkpt>
    <trkpt lat="-12.5239643" lon="131.0431495">
      <ele>45.246</ele>
    </trkpt>
    <trkpt lat="-12.524505" lon="131.043921">
      <ele>44.09</ele>
    </trkpt>
    <trkpt lat="-12.5246231" lon="131.0440878">
      <ele>44.256</ele>
    </trkpt>
    <trkpt lat="-12.5247711" lon="131.0442931">
      <ele>44.83</ele>
    </trkpt>
    <trkpt lat="-12.5248112" lon="131.0443588">
      <ele>45.162</ele>
    </trkpt>
    <trkpt lat="-12.5248975" lon="131.0444911">
      <ele>45.873</ele>
    </trkpt>
    <trkpt lat="-12.5250638" lon="131.0447102">
      <ele>47.65</ele>
    </trkpt>
    <trkpt lat="-12.5250722" lon="131.0447206">
      <ele>47.724</ele>
    </trkpt>
    <trkpt lat="-12.5255631" lon="131.0454258">
      <ele>46.558</ele>
    </trkpt>
    <trkpt lat="-12.5257152" lon="131.0456317">
      <ele>47.233</ele>
    </trkpt>
    <trkpt lat="-12.5261717" lon="131.04625">
      <ele>48.609</ele>
    </trkpt>
    <trkpt lat="-12.5265381" lon="131.0466914">
      <ele>49.552</ele>
    </trkpt>
    <trkpt lat="-12.5273273" lon="131.0475606">
      <ele>47.787</ele>
    </trkpt>
    <trkpt lat="-12.5278122" lon="131.0480536">
      <ele>48.993</ele>
    </trkpt>
    <trkpt lat="-12.5283948" lon="131.0486215">
      <ele>47.992</ele>
    </trkpt>
    <trkpt lat="-12.5290773" lon="131.0491932">
      <ele>48.384</ele>
    </trkpt>
    <trkpt lat="-12.5315854" lon="131.0512619">
      <ele>48.0</ele>
    </trkpt>
    <trkpt lat="-12.5325359" lon="131.0520365">
      <ele>47.289</ele>
    </trkpt>
    <trkpt lat="-12.5338891" lon="131.0531666">
      <ele>47.796</ele>
    </trkpt>
    <trkpt lat="-12.5353403" lon="131.0543293">
      <ele>43.904</ele>
    </trkpt>
    <trkpt lat="-12.5363809" lon="131.055163">
      <ele>47.087</ele>
    </trkpt>
    <trkpt lat="-12.537144" lon="131.0558194">
      <ele>52.535</ele>
    </trkpt>
    <trkpt lat="-12.5380459" lon="131.0565953">
      <ele>46.326</ele>
    </trkpt>
    <trkpt lat="-12.5383005" lon="131.0568322">
      <ele>45.93</ele>
    </trkpt>
    <trkpt lat="-12.5384336" lon="131.0569561">
      <ele>47.095</ele>
    </trkpt>
    <trkpt lat="-12.5389662" lon="131.0574516">
      <ele>48.0</ele>
    </trkpt>
    <trkpt lat="-12.5403297" lon="131.0587203">
      <ele>48.927</ele>
    </trkpt>
    <trkpt lat="-12.5409109" lon="131.059203">
      <ele>46.757</ele>
    </trkpt>
    <trkpt lat="-12.5415175" lon="131.0596598">
      <ele>48.077</ele>
    </trkpt>
    <trkpt lat="-12.5424155" lon="131.060296">
      <ele>45.259</ele>
    </trkpt>
    <trkpt lat="-12.5425647" lon="131.0603999">
      <ele>44.663</ele>
    </trkpt>
    <trkpt lat="-12.5431651" lon="131.0608255">
      <ele>46.778</ele>
    </trkpt>
    <trkpt lat="-12.5437776" lon="131.0612582">
      <ele>46.199</ele>
    </trkpt>
    <trkpt lat="-12.5453584" lon="131.0624035">
      <ele>43.552</ele>
    </trkpt>
    <trkpt lat="-12.5459362" lon="131.0628112">
      <ele>46.446</ele>
    </trkpt>
    <trkpt lat="-12.5496101" lon="131.065374">
      <ele>40.793</ele>
    </trkpt>
    <trkpt lat="-12.5507396" lon="131.0661817">
      <ele>42.423</ele>
    </trkpt>
    <trkpt lat="-12.5508346" lon="131.0662509">
      <ele>41.993</ele>
    </trkpt>
    <trkpt lat="-12.5508452" lon="131.0662583">
      <ele>41.937</ele>
    </trkpt>
    <trkpt lat="-12.5517266" lon="131.0668761">
      <ele>42.701</ele>
    </trkpt>
    <trkpt lat="-12.5524323" lon="131.067378">
      <ele>41.351</ele>
    </trkpt>
    <trkpt lat="-12.55422" lon="131.0686607">
      <ele>39.213</ele>
    </trkpt>
    <trkpt lat="-12.5545157" lon="131.0688679">
      <ele>41.144</ele>
    </trkpt>
    <trkpt lat="-12.5552095" lon="131.069347">
      <ele>39.578</ele>
    </trkpt>
    <trkpt lat="-12.5554877" lon="131.0695407">
      <ele>38.506</ele>
    </trkpt>
    <trkpt lat="-12.5574638" lon="131.0709169">
      <ele>39.262</ele>
    </trkpt>
    <trkpt lat="-12.5578089" lon="131.0711434">
      <ele>41.224</ele>
    </trkpt>
    <trkpt lat="-12.5583621" lon="131.0715023">
      <ele>40.958</ele>
    </trkpt>
    <trkpt lat="-12.5585337" lon="131.0716038">
      <ele>40.442</ele>
    </trkpt>
    <trkpt lat="-12.5586984" lon="131.0717022">
      <ele>39.912</ele>
    </trkpt>
    <trkpt lat="-12.5589541" lon="131.071847">
      <ele>40.152</ele>
    </trkpt>
    <trkpt lat="-12.5592922" lon="131.0720303">
      <ele>41.791</ele>
    </trkpt>
    <trkpt lat="-12.5598402" lon="131.072301">
      <ele>41.412</ele>
    </trkpt>
    <trkpt lat="-12.5601766" lon="131.0724632">
      <ele>40.916</ele>
    </trkpt>
    <trkpt lat="-12.560927" lon="131.0727524">
      <ele>41.909</ele>
    </trkpt>
    <trkpt lat="-12.5616405" lon="131.0730085">
      <ele>38.358</ele>
    </trkpt>
    <trkpt lat="-12.5619021" lon="131.0731007">
      <ele>37.29</ele>
    </trkpt>
    <trkpt lat="-12.5622983" lon="131.0732151">
      <ele>37.458</ele>
    </trkpt>
    <trkpt lat="-12.5627035" lon="131.0733246">
      <ele>38.693</ele>
    </trkpt>
    <trkpt lat="-12.5633022" lon="131.0734338">
      <ele>37.474</ele>
    </trkpt>
    <trkpt lat="-12.5633083" lon="131.0734349">
      <ele>37.456</ele>
    </trkpt>
    <trkpt lat="-12.5636868" lon="131.0734831">
      <ele>37.147</ele>
    </trkpt>
    <trkpt lat="-12.5638025" lon="131.0734942">
      <ele>37.399</ele>
    </trkpt>
    <trkpt lat="-12.5638429" lon="131.0735009">
      <ele>37.503</ele>
    </trkpt>
    <trkpt lat="-12.5644005" lon="131.0735621">
      <ele>35.982</ele>
    </trkpt>
    <trkpt lat="-12.5647876" lon="131.0735879">
      <ele>35.637</ele>
    </trkpt>
    <trkpt lat="-12.5652322" lon="131.0736175">
      <ele>34.168</ele>
    </trkpt>
    <trkpt lat="-12.5653008" lon="131.0736218">
      <ele>34.0</ele>
    </trkpt>
    <trkpt lat="-12.5654626" lon="131.0736276">
      <ele>34.0</ele>
    </trkpt>
    <trkpt lat="-12.5674077" lon="131.0736382">
      <ele>31.332</ele>
    </trkpt>
    <trkpt lat="-12.5685135" lon="131.0736388">
      <ele>31.252</ele>
    </trkpt>
    <trkpt lat="-12.5685203" lon="131.0736388">
      <ele>31.227</ele>
    </trkpt>
    <trkpt lat="-12.5700445" lon="131.0736398">
      <ele>29.0</ele>
    </trkpt>
    <trkpt lat="-12.5713037" lon="131.0736354">
      <ele>28.693</ele>
    </trkpt>
    <trkpt lat="-12.571571" lon="131.0736344">
      <ele>29.055</ele>
    </trkpt>
    <trkpt lat="-12.5726401" lon="131.0736208">
      <ele>32.956</ele>
    </trkpt>
    <trkpt lat="-12.5728992" lon="131.0736183">
      <ele>33.96</ele>
    </trkpt>
    <trkpt lat="-12.5734584" lon="131.0736187">
      <ele>34.535</ele>
    </trkpt>
    <trkpt lat="-12.5738957" lon="131.0736207">
      <ele>33.035</ele>
    </trkpt>
    <trkpt lat="-12.5754225" lon="131.0736296">
      <ele>32.035</ele>
    </trkpt>
    <trkpt lat="-12.5763798" lon="131.0736171">
      <ele>34.861</ele>
    </trkpt>
    <trkpt lat="-12.5791733" lon="131.0736684">
      <ele>25.616</ele>
    </trkpt>
    <trkpt lat="-12.5808088" lon="131.0736655">
      <ele>25.0</ele>
    </trkpt>
    <trkpt lat="-12.5809445" lon="131.0736653">
      <ele>24.6</ele>
    </trkpt>
    <trkpt lat="-12.5811244" lon="131.073665">
      <ele>23.952</ele>
    </trkpt>
    <trkpt lat="-12.5824269" lon="131.0736209">
      <ele>26.746</ele>
    </trkpt>
    <trkpt lat="-12.5840723" lon="131.0736247">
      <ele>26.628</ele>
    </trkpt>
    <trkpt lat="-12.5846265" lon="131.0736159">
      <ele>27.0</ele>
    </trkpt>
    <trkpt lat="-12.5850504" lon="131.073617">
      <ele>26.822</ele>
    </trkpt>
    <trkpt lat="-12.5859511" lon="131.0736264">
      <ele>27.654</ele>
    </trkpt>
    <trkpt lat="-12.5873401" lon="131.0736526">
      <ele>30.785</ele>
    </trkpt>
    <trkpt lat="-12.5881056" lon="131.0736175">
      <ele>28.824</ele>
    </trkpt>
    <trkpt lat="-12.5887993" lon="131.0736211">
      <ele>28.036</ele>
    </trkpt>
    <trkpt lat="-12.5905109" lon="131.0736163">
      <ele>28.003</ele>
    </trkpt>
    <trkpt lat="-12.5909196" lon="131.0736162">
      <ele>29.006</ele>
    </trkpt>
    <trkpt lat="-12.5942265" lon="131.0736153">
      <ele>22.015</ele>
    </trkpt>
    <trkpt lat="-12.5953436" lon="131.0736163">
      <ele>19.986</ele>
    </trkpt>
    <trkpt lat="-12.5956109" lon="131.0736165">
      <ele>20.004</ele>
    </trkpt>
    <trkpt lat="-12.5964068" lon="131.0736058">
      <ele>19.916</ele>
    </trkpt>
    <trkpt lat="-12.6018863" lon="131.0736237">
      <ele>18.055</ele>
    </trkpt>
    <trkpt lat="-12.6027268" lon="131.0736203">
      <ele>15.217</ele>
    </trkpt>
    <trkpt lat="-12.605" lon="131.0736017">
      <ele>16.0</ele>
    </trkpt>
    <trkpt lat="-12.6051239" lon="131.0736027">
      <ele>15.554</ele>
    </trkpt>
    <trkpt lat="-12.6054198" lon="131.0736053">
      <ele>16.012</ele>
    </trkpt>
    <trkpt lat="-12.6072678" lon="131.0736214">
      <ele>13.031</ele>
    </trkpt>
    <trkpt lat="-12.6101954" lon="131.073616">
      <ele>16.988</ele>
    </trkpt>
    <trkpt lat="-12.6131306" lon="131.0735476">
      <ele>19.75</ele>
    </trkpt>
    <trkpt lat="-12.6132037" lon="131.073545">
      <ele>19.298</ele>
    </trkpt>
    <trkpt lat="-12.6132935" lon="131.0735486">
      <ele>18.705</ele>
    </trkpt>
    <trkpt lat="-12.6135179" lon="131.0735611">
      <ele>17.696</ele>
    </trkpt>
    <trkpt lat="-12.6150058" lon="131.0736371">
      <ele>18.26</ele>
    </trkpt>
    <trkpt lat="-12.6152623" lon="131.0736212">
      <ele>17.165</ele>
    </trkpt>
    <trkpt lat="-12.6159004" lon="131.0735939">
      <ele>19.194</ele>
    </trkpt>
    <trkpt lat="-12.6160667" lon="131.0735886">
      <ele>19.827</ele>
    </trkpt>
    <trkpt lat="-12.6163" lon="131.0735811">
      <ele>21.287</ele>
    </trkpt>
    <trkpt lat="-12.6166713" lon="131.0735611">
      <ele>23.64</ele>
    </trkpt>
    <trkpt lat="-12.6169645" lon="131.0735381">
      <ele>23.349</ele>
    </trkpt>
    <trkpt lat="-12.6170277" lon="131.0735331">
      <ele>22.923</ele>
    </trkpt>
    <trkpt lat="-12.6172848" lon="131.0735079">
      <ele>21.487</ele>
    </trkpt>
    <trkpt lat="-12.6177903" lon="131.0734455">
      <ele>20.494</ele>
    </trkpt>
    <trkpt lat="-12.6182556" lon="131.0733714">
      <ele>23.479</ele>
    </trkpt>
    <trkpt lat="-12.6184988" lon="131.0733313">
      <ele>24.591</ele>
    </trkpt>
    <trkpt lat="-12.6200895" lon="131.0730508">
      <ele>20.328</ele>
    </trkpt>
    <trkpt lat="-12.6214428" lon="131.0728118">
      <ele>23.0</ele>
    </trkpt>
    <trkpt lat="-12.6215822" lon="131.0727892">
      <ele>23.0</ele>
    </trkpt>
    <trkpt lat="-12.6221938" lon="131.0726899">
      <ele>23.102</ele>
    </trkpt>
    <trkpt lat="-12.622446" lon="131.0726559">
      <ele>22.548</ele>
    </trkpt>
    <trkpt lat="-12.6224715" lon="131.072653">
      <ele>22.506</ele>
    </trkpt>
    <trkpt lat="-12.6226503" lon="131.0726326">
      <ele>22.781</ele>
    </trkpt>
    <trkpt lat="-12.6228291" lon="131.0726122">
      <ele>22.964</ele>
    </trkpt>
    <trkpt lat="-12.6228656" lon="131.072608">
      <ele>22.93</ele>
    </trkpt>
    <trkpt lat="-12.6231875" lon="131.0725807">
      <ele>23.73</ele>
    </trkpt>
    <trkpt lat="-12.6232123" lon="131.0725786">
      <ele>23.939</ele>
    </trkpt>
    <trkpt lat="-12.6232143" lon="131.0725785">
      <ele>23.957</ele>
    </trkpt>
    <trkpt lat="-12.6233669" lon="131.0725681">
      <ele>25.212</ele>
    </trkpt>
    <trkpt lat="-12.6238021" lon="131.0725385">
      <ele>26.766</ele>
    </trkpt>
    <trkpt lat="-12.6238238" lon="131.072537">
      <ele>26.765</ele>
    </trkpt>
    <trkpt lat="-12.6244585" lon="131.0725107">
      <ele>26.01</ele>
    </trkpt>
    <trkpt lat="-12.625071" lon="131.0725178">
      <ele>26.68</ele>
    </trkpt>
    <trkpt lat="-12.6253535" lon="131.0725219">
      <ele>25.67</ele>
    </trkpt>
    <trkpt lat="-12.6261996" lon="131.0725776">
      <ele>25.0</ele>
    </trkpt>
    <trkpt lat="-12.6262413" lon="131.0725803">
      <ele>25.0</ele>
    </trkpt>
    <trkpt lat="-12.6264169" lon="131.0725918">
      <ele>25.0</ele>
    </trkpt>
    <trkpt lat="-12.6264208" lon="131.0725922">
      <ele>25.0</ele>
    </trkpt>
    <trkpt lat="-12.6265996" lon="131.0726125">
      <ele>25.0</ele>
    </trkpt>
    <trkpt lat="-12.6266755" lon="131.0726212">
      <ele>25.032</ele>
    </trkpt>
    <trkpt lat="-12.6268865" lon="131.0726452">
      <ele>25.791</ele>
    </trkpt>
    <trkpt lat="-12.6272872" lon="131.0727039">
      <ele>27.968</ele>
    </trkpt>
    <trkpt lat="-12.6287218" lon="131.0729321">
      <ele>28.869</ele>
    </trkpt>
    <trkpt lat="-12.6295701" lon="131.0730706">
      <ele>31.518</ele>
    </trkpt>
    <trkpt lat="-12.6303326" lon="131.0732">
      <ele>30.52</ele>
    </trkpt>
    <trkpt lat="-12.6303616" lon="131.073204">
      <ele>30.534</ele>
    </trkpt>
    <trkpt lat="-12.6312985" lon="131.0733616">
      <ele>34.708</ele>
    </trkpt>
    <trkpt lat="-12.6316264" lon="131.0734167">
      <ele>34.145</ele>
    </trkpt>
    <trkpt lat="-12.6323431" lon="131.0735341">
      <ele>33.685</ele>
    </trkpt>
    <trkpt lat="-12.63302" lon="131.0736285">
      <ele>34.872</ele>
    </trkpt>
    <trkpt lat="-12.633185" lon="131.0736584">
      <ele>34.693</ele>
    </trkpt>
    <trkpt lat="-12.6333996" lon="131.0736915">
      <ele>34.886</ele>
    </trkpt>
    <trkpt lat="-12.6334551" lon="131.0737002">
      <ele>35.22</ele>
    </trkpt>
    <trkpt lat="-12.6343063" lon="131.0738364">
      <ele>37.622</ele>
    </trkpt>
    <trkpt lat="-12.6344122" lon="131.073853">
      <ele>37.742</ele>
    </trkpt>
    <trkpt lat="-12.6346719" lon="131.0738916">
      <ele>36.361</ele>
    </trkpt>
    <trkpt lat="-12.6348031" lon="131.0739087">
      <ele>35.709</ele>
    </trkpt>
    <trkpt lat="-12.6356199" lon="131.0740569">
      <ele>36.092</ele>
    </trkpt>
    <trkpt lat="-12.636426" lon="131.0742075">
      <ele>34.739</ele>
    </trkpt>
    <trkpt lat="-12.6375247" lon="131.0743931">
      <ele>36.541</ele>
    </trkpt>
    <trkpt lat="-12.6386659" lon="131.0745676">
      <ele>31.592</ele>
    </trkpt>
    <trkpt lat="-12.6388768" lon="131.0746028">
      <ele>33.869</ele>
    </trkpt>
    <trkpt lat="-12.6398787" lon="131.0747698">
      <ele>36.0</ele>
    </trkpt>
    <trkpt lat="-12.6410061" lon="131.0749643">
      <ele>36.329</ele>
    </trkpt>
    <trkpt lat="-12.641308" lon="131.0750115">
      <ele>36.041</ele>
    </trkpt>
    <trkpt lat="-12.6421668" lon="131.0751798">
      <ele>34.813</ele>
    </trkpt>
    <trkpt lat="-12.6427944" lon="131.0753149">
      <ele>36.06</ele>
    </trkpt>
    <trkpt lat="-12.643689" lon="131.0754968">
      <ele>33.492</ele>
    </trkpt>
    <trkpt lat="-12.6447642" lon="131.0757163">
      <ele>33.421</ele>
    </trkpt>
    <trkpt lat="-12.6456827" lon="131.0759065">
      <ele>32.399</ele>
    </trkpt>
    <trkpt lat="-12.6457153" lon="131.0759132">
      <ele>32.303</ele>
    </trkpt>
    <trkpt lat="-12.6463735" lon="131.0760483">
      <ele>33.932</ele>
    </trkpt>
    <trkpt lat="-12.647329" lon="131.0762434">
      <ele>33.201</ele>
    </trkpt>
    <trkpt lat="-12.6478291" lon="131.0763345">
      <ele>33.392</ele>
    </trkpt>
    <trkpt lat="-12.6479928" lon="131.0763639">
      <ele>33.18</ele>
    </trkpt>
    <trkpt lat="-12.6481832" lon="131.0763955">
      <ele>33.447</ele>
    </trkpt>
    <trkpt lat="-12.6492332" lon="131.076568">
      <ele>33.185</ele>
    </trkpt>
    <trkpt lat="-12.6492462" lon="131.0765701">
      <ele>33.149</ele>
    </trkpt>
    <trkpt lat="-12.6494108" lon="131.0765974">
      <ele>32.811</ele>
    </trkpt>
    <trkpt lat="-12.6494235" lon="131.0765995">
      <ele>32.795</ele>
    </trkpt>
    <trkpt lat="-12.6556264" lon="131.0776203">
      <ele>38.822</ele>
    </trkpt>
    <trkpt lat="-12.6573191" lon="131.0778766">
      <ele>43.52</ele>
    </trkpt>
    <trkpt lat="-12.6576137" lon="131.0779385">
      <ele>42.67</ele>
    </trkpt>
    <trkpt lat="-12.6577351" lon="131.0779597">
      <ele>42.398</ele>
    </trkpt>
    <trkpt lat="-12.6582396" lon="131.0780476">
      <ele>42.663</ele>
    </trkpt>
    <trkpt lat="-12.6583226" lon="131.0780579">
      <ele>42.978</ele>
    </trkpt>
    <trkpt lat="-12.6584691" lon="131.0780827">
      <ele>44.125</ele>
    </trkpt>
    <trkpt lat="-12.6609382" lon="131.0784822">
      <ele>49.466</ele>
    </trkpt>
    <trkpt lat="-12.661147" lon="131.078516">
      <ele>50.786</ele>
    </trkpt>
    <trkpt lat="-12.6619005" lon="131.0786595">
      <ele>46.956</ele>
    </trkpt>
    <trkpt lat="-12.6629701" lon="131.0788332">
      <ele>48.107</ele>
    </trkpt>
    <trkpt lat="-12.6638298" lon="131.0789767">
      <ele>49.538</ele>
    </trkpt>
    <trkpt lat="-12.6648137" lon="131.079108">
      <ele>50.613</ele>
    </trkpt>
    <trkpt lat="-12.665411" lon="131.0791854">
      <ele>49.485</ele>
    </trkpt>
    <trkpt lat="-12.6659152" lon="131.0792455">
      <ele>49.306</ele>
    </trkpt>
    <trkpt lat="-12.6659287" lon="131.0792472">
      <ele>49.397</ele>
    </trkpt>
    <trkpt lat="-12.6669002" lon="131.0793793">
      <ele>51.628</ele>
    </trkpt>
    <trkpt lat="-12.6676096" lon="131.0794665">
      <ele>51.873</ele>
    </trkpt>
    <trkpt lat="-12.6681846" lon="131.0795408">
      <ele>50.535</ele>
    </trkpt>
    <trkpt lat="-12.6687504" lon="131.079614">
      <ele>50.697</ele>
    </trkpt>
    <trkpt lat="-12.6703675" lon="131.0798272">
      <ele>48.835</ele>
    </trkpt>
    <trkpt lat="-12.6708586" lon="131.0799072">
      <ele>49.0</ele>
    </trkpt>
    <trkpt lat="-12.672071" lon="131.080086">
      <ele>50.315</ele>
    </trkpt>
    <trkpt lat="-12.6724287" lon="131.080148">
      <ele>50.814</ele>
    </trkpt>
    <trkpt lat="-12.6729009" lon="131.0802214">
      <ele>51.962</ele>
    </trkpt>
    <trkpt lat="-12.6733425" lon="131.0802944">
      <ele>50.967</ele>
    </trkpt>
    <trkpt lat="-12.6738241" lon="131.080381">
      <ele>50.0</ele>
    </trkpt>
    <trkpt lat="-12.6747678" lon="131.0805411">
      <ele>52.801</ele>
    </trkpt>
    <trkpt lat="-12.6753201" lon="131.0806195">
      <ele>50.344</ele>
    </trkpt>
    <trkpt lat="-12.6769245" lon="131.0809121">
      <ele>53.31</ele>
    </trkpt>
    <trkpt lat="-12.6804569" lon="131.0814984">
      <ele>56.212</ele>
    </trkpt>
    <trkpt lat="-12.6808134" lon="131.0815424">
      <ele>56.31</ele>
    </trkpt>
    <trkpt lat="-12.681459" lon="131.0815999">
      <ele>57.733</ele>
    </trkpt>
    <trkpt lat="-12.6824391" lon="131.0817595">
      <ele>56.511</ele>
    </trkpt>
    <trkpt lat="-12.6824927" lon="131.0817695">
      <ele>56.059</ele>
    </trkpt>
    <trkpt lat="-12.682682" lon="131.0818079">
      <ele>54.69</ele>
    </trkpt>
    <trkpt lat="-12.6829794" lon="131.0818875">
      <ele>53.125</ele>
    </trkpt>
    <trkpt lat="-12.6832174" lon="131.081949">
      <ele>52.99</ele>
    </trkpt>
    <trkpt lat="-12.6835716" lon="131.0820837">
      <ele>51.641</ele>
    </trkpt>
    <trkpt lat="-12.6836532" lon="131.0820851">
      <ele>51.342</ele>
    </trkpt>
    <trkpt lat="-12.6841312" lon="131.0822001">
      <ele>50.952</ele>
    </trkpt>
    <trkpt lat="-12.6858332" lon="131.0826833">
      <ele>50.66</ele>
    </trkpt>
    <trkpt lat="-12.6859666" lon="131.0827192">
      <ele>51.269</ele>
    </trkpt>
    <trkpt lat="-12.6860072" lon="131.0827302">
      <ele>51.455</ele>
    </trkpt>
    <trkpt lat="-12.6861353" lon="131.0827646">
      <ele>51.953</ele>
    </trkpt>
    <trkpt lat="-12.6861813" lon="131.0827769">
      <ele>51.997</ele>
    </trkpt>
    <trkpt lat="-12.6863555" lon="131.0828241">
      <ele>52.02</ele>
    </trkpt>
    <trkpt lat="-12.687574" lon="131.0831582">
      <ele>53.463</ele>
    </trkpt>
    <trkpt lat="-12.6886041" lon="131.0834431">
      <ele>54.37</ele>
    </trkpt>
    <trkpt lat="-12.6903245" lon="131.0839281">
      <ele>54.141</ele>
    </trkpt>
    <trkpt lat="-12.691831" lon="131.0843279">
      <ele>55.752</ele>
    </trkpt>
    <trkpt lat="-12.6919422" lon="131.0843541">
      <ele>55.677</ele>
    </trkpt>
    <trkpt lat="-12.6920787" lon="131.0843845">
      <ele>55.784</ele>
    </trkpt>
    <trkpt lat="-12.6922103" lon="131.0844137">
      <ele>55.889</ele>
    </trkpt>
    <trkpt lat="-12.6926047" lon="131.0844947">
      <ele>56.671</ele>
    </trkpt>
    <trkpt lat="-12.693234" lon="131.0846012">
      <ele>58.0</ele>
    </trkpt>
    <trkpt lat="-12.6935947" lon="131.0846469">
      <ele>59.627</ele>
    </trkpt>
    <trkpt lat="-12.6943534" lon="131.0847493">
      <ele>58.328</ele>
    </trkpt>
    <trkpt lat="-12.6943991" lon="131.0847555">
      <ele>58.163</ele>
    </trkpt>
    <trkpt lat="-12.6945773" lon="131.0847755">
      <ele>58.478</ele>
    </trkpt>
    <trkpt lat="-12.6949351" lon="131.0848129">
      <ele>60.283</ele>
    </trkpt>
    <trkpt lat="-12.6950685" lon="131.0848299">
      <ele>60.27</ele>
    </trkpt>
    <trkpt lat="-12.695247" lon="131.0848527">
      <ele>59.223</ele>
    </trkpt>
    <trkpt lat="-12.6952928" lon="131.0848586">
      <ele>59.017</ele>
    </trkpt>
    <trkpt lat="-12.6954707" lon="131.0848822">
      <ele>58.954</ele>
    </trkpt>
    <trkpt lat="-12.6956228" lon="131.0848989">
      <ele>59.308</ele>
    </trkpt>
    <trkpt lat="-12.6961828" lon="131.0849799">
      <ele>58.597</ele>
    </trkpt>
    <trkpt lat="-12.7000678" lon="131.0854523">
      <ele>58.822</ele>
    </trkpt>
    <trkpt lat="-12.7001271" lon="131.085458">
      <ele>58.81</ele>
    </trkpt>
    <trkpt lat="-12.7006258" lon="131.0855312">
      <ele>59.0</ele>
    </trkpt>
    <trkpt lat="-12.7014914" lon="131.0856436">
      <ele>57.431</ele>
    </trkpt>
    <trkpt lat="-12.7018831" lon="131.0856851">
      <ele>57.0</ele>
    </trkpt>
    <trkpt lat="-12.7019229" lon="131.0856904">
      <ele>57.0</ele>
    </trkpt>
    <trkpt lat="-12.7024065" lon="131.0857544">
      <ele>57.052</ele>
    </trkpt>
    <trkpt lat="-12.7026111" lon="131.0857756">
      <ele>56.075</ele>
    </trkpt>
    <trkpt lat="-12.7042914" lon="131.085988">
      <ele>56.307</ele>
    </trkpt>
    <trkpt lat="-12.7050672" lon="131.0860882">
      <ele>54.202</ele>
    </trkpt>
    <trkpt lat="-12.7060184" lon="131.086202">
      <ele>55.885</ele>
    </trkpt>
    <trkpt lat="-12.7067061" lon="131.0862811">
      <ele>56.47</ele>
    </trkpt>
    <trkpt lat="-12.7074009" lon="131.086361">
      <ele>54.964</ele>
    </trkpt>
    <trkpt lat="-12.7079339" lon="131.0864142">
      <ele>55.142</ele>
    </trkpt>
    <trkpt lat="-12.7085136" lon="131.0864823">
      <ele>54.906</ele>
    </trkpt>
    <trkpt lat="-12.709306" lon="131.0865761">
      <ele>55.339</ele>
    </trkpt>
    <trkpt lat="-12.7097285" lon="131.0866332">
      <ele>56.975</ele>
    </trkpt>
    <trkpt lat="-12.71149" lon="131.086861">
      <ele>57.127</ele>
    </trkpt>
    <trkpt lat="-12.7125597" lon="131.0870034">
      <ele>59.661</ele>
    </trkpt>
    <trkpt lat="-12.7135442" lon="131.0871303">
      <ele>55.91</ele>
    </trkpt>
    <trkpt lat="-12.7141663" lon="131.0872105">
      <ele>55.0</ele>
    </trkpt>
    <trkpt lat="-12.715511" lon="131.0873838">
      <ele>57.23</ele>
    </trkpt>
    <trkpt lat="-12.7162757" lon="131.0874805">
      <ele>57.449</ele>
    </trkpt>
    <trkpt lat="-12.7170158" lon="131.0875645">
      <ele>55.743</ele>
    </trkpt>
    <trkpt lat="-12.7175554" lon="131.0876237">
      <ele>54.911</ele>
    </trkpt>
    <trkpt lat="-12.7186801" lon="131.0877626">
      <ele>56.0</ele>
    </trkpt>
    <trkpt lat="-12.719817" lon="131.0879128">
      <ele>57.652</ele>
    </trkpt>
    <trkpt lat="-12.7203291" lon="131.0879746">
      <ele>57.917</ele>
    </trkpt>
    <trkpt lat="-12.7210546" lon="131.0880621">
      <ele>54.203</ele>
    </trkpt>
    <trkpt lat="-12.7218237" lon="131.0881556">
      <ele>54.436</ele>
    </trkpt>
    <trkpt lat="-12.7241512" lon="131.0884426">
      <ele>52.056</ele>
    </trkpt>
    <trkpt lat="-12.7247825" lon="131.0885197">
      <ele>54.041</ele>
    </trkpt>
    <trkpt lat="-12.7248808" lon="131.0885317">
      <ele>53.552</ele>
    </trkpt>
    <trkpt lat="-12.7253716" lon="131.0885918">
      <ele>53.268</ele>
    </trkpt>
    <trkpt lat="-12.7254166" lon="131.0885975">
      <ele>53.451</ele>
    </trkpt>
    <trkpt lat="-12.7255951" lon="131.08862">
      <ele>54.142</ele>
    </trkpt>
    <trkpt lat="-12.7257736" lon="131.0886426">
      <ele>54.785</ele>
    </trkpt>
    <trkpt lat="-12.7258653" lon="131.0886542">
      <ele>55.115</ele>
    </trkpt>
    <trkpt lat="-12.7260438" lon="131.0886768">
      <ele>55.758</ele>
    </trkpt>
    <trkpt lat="-12.7263091" lon="131.0887103">
      <ele>56.0</ele>
    </trkpt>
    <trkpt lat="-12.7264538" lon="131.0887286">
      <ele>55.766</ele>
    </trkpt>
    <trkpt lat="-12.7266661" lon="131.0887556">
      <ele>55.002</ele>
    </trkpt>
    <trkpt lat="-12.7270231" lon="131.0888011">
      <ele>53.717</ele>
    </trkpt>
    <trkpt lat="-12.730236" lon="131.0892101">
      <ele>50.156</ele>
    </trkpt>
    <trkpt lat="-12.7304145" lon="131.0892328">
      <ele>50.121</ele>
    </trkpt>
    <trkpt lat="-12.7307955" lon="131.0892813">
      <ele>49.493</ele>
    </trkpt>
    <trkpt lat="-12.7329087" lon="131.089539">
      <ele>42.349</ele>
    </trkpt>
    <trkpt lat="-12.7331369" lon="131.089565">
      <ele>42.127</ele>
    </trkpt>
    <trkpt lat="-12.73349" lon="131.0896206">
      <ele>42.634</ele>
    </trkpt>
    <trkpt lat="-12.733774" lon="131.0896653">
      <ele>42.795</ele>
    </trkpt>
    <trkpt lat="-12.7339263" lon="131.0896905">
      <ele>42.886</ele>
    </trkpt>
    <trkpt lat="-12.7342948" lon="131.089752">
      <ele>43.0</ele>
    </trkpt>
    <trkpt lat="-12.7346101" lon="131.0898079">
      <ele>42.588</ele>
    </trkpt>
    <trkpt lat="-12.7352638" lon="131.0899425">
      <ele>45.743</ele>
    </trkpt>
    <trkpt lat="-12.7357179" lon="131.090041">
      <ele>44.77</ele>
    </trkpt>
    <trkpt lat="-12.7357548" lon="131.090049">
      <ele>44.516</ele>
    </trkpt>
    <trkpt lat="-12.736298" lon="131.0901828">
      <ele>44.443</ele>
    </trkpt>
    <trkpt lat="-12.7368343" lon="131.0903216">
      <ele>43.063</ele>
    </trkpt>
    <trkpt lat="-12.7372275" lon="131.0904343">
      <ele>42.388</ele>
    </trkpt>
    <trkpt lat="-12.7377078" lon="131.0905834">
      <ele>39.2</ele>
    </trkpt>
    <trkpt lat="-12.7379737" lon="131.0906686">
      <ele>42.061</ele>
    </trkpt>
    <trkpt lat="-12.7381108" lon="131.0907125">
      <ele>43.484</ele>
    </trkpt>
    <trkpt lat="-12.7381452" lon="131.0907244">
      <ele>43.772</ele>
    </trkpt>
    <trkpt lat="-12.7383156" lon="131.0907833">
      <ele>45.041</ele>
    </trkpt>
    <trkpt lat="-12.738433" lon="131.0908238">
      <ele>45.034</ele>
    </trkpt>
    <trkpt lat="-12.738969" lon="131.0910119">
      <ele>44.543</ele>
    </trkpt>
    <trkpt lat="-12.7389962" lon="131.0910223">
      <ele>44.583</ele>
    </trkpt>
    <trkpt lat="-12.739502" lon="131.0912151">
      <ele>43.922</ele>
    </trkpt>
    <trkpt lat="-12.7395651" lon="131.0912391">
      <ele>43.8</ele>
    </trkpt>
    <trkpt lat="-12.7396706" lon="131.0912794">
      <ele>43.507</ele>
    </trkpt>
    <trkpt lat="-12.7398614" lon="131.0913523">
      <ele>43.567</ele>
    </trkpt>
    <trkpt lat="-12.7401716" lon="131.0914845">
      <ele>44.618</ele>
    </trkpt>
    <trkpt lat="-12.7402812" lon="131.0915312">
      <ele>45.012</ele>
    </trkpt>
    <trkpt lat="-12.7405584" lon="131.0916532">
      <ele>46.01</ele>
    </trkpt>
    <trkpt lat="-12.7408688" lon="131.0917967">
      <ele>47.196</ele>
    </trkpt>
    <trkpt lat="-12.741146" lon="131.09193">
      <ele>48.178</ele>
    </trkpt>
    <trkpt lat="-12.7413609" lon="131.092038">
      <ele>49.27</ele>
    </trkpt>
    <trkpt lat="-12.7418985" lon="131.0923102">
      <ele>52.416</ele>
    </trkpt>
    <trkpt lat="-12.7420416" lon="131.0923853">
      <ele>53.319</ele>
    </trkpt>
    <trkpt lat="-12.7423889" lon="131.0925533">
      <ele>53.616</ele>
    </trkpt>
    <trkpt lat="-12.7427605" lon="131.0927524">
      <ele>53.035</ele>
    </trkpt>
    <trkpt lat="-12.7429201" lon="131.0928375">
      <ele>53.297</ele>
    </trkpt>
    <trkpt lat="-12.7430797" lon="131.0929225">
      <ele>53.566</ele>
    </trkpt>
    <trkpt lat="-12.7431847" lon="131.0929785">
      <ele>53.742</ele>
    </trkpt>
    <trkpt lat="-12.7431951" lon="131.0929846">
      <ele>53.758</ele>
    </trkpt>
    <trkpt lat="-12.7442158" lon="131.093504">
      <ele>55.562</ele>
    </trkpt>
    <trkpt lat="-12.7446246" lon="131.093712">
      <ele>55.637</ele>
    </trkpt>
    <trkpt lat="-12.744758" lon="131.0937823">
      <ele>55.463</ele>
    </trkpt>
    <trkpt lat="-12.7451886" lon="131.0940039">
      <ele>57.226</ele>
    </trkpt>
    <trkpt lat="-12.7452777" lon="131.0940487">
      <ele>57.575</ele>
    </trkpt>
    <trkpt lat="-12.7482004" lon="131.0955464">
      <ele>57.521</ele>
    </trkpt>
    <trkpt lat="-12.751963" lon="131.0975198">
      <ele>59.205</ele>
    </trkpt>
    <trkpt lat="-12.7528148" lon="131.0979736">
      <ele>59.295</ele>
    </trkpt>
    <trkpt lat="-12.7531547" lon="131.0981512">
      <ele>59.701</ele>
    </trkpt>
    <trkpt lat="-12.7534458" lon="131.0983034">
      <ele>60.444</ele>
    </trkpt>
    <trkpt lat="-12.7541308" lon="131.0986637">
      <ele>60.189</ele>
    </trkpt>
    <trkpt lat="-12.7541488" lon="131.0986735">
      <ele>60.225</ele>
    </trkpt>
    <trkpt lat="-12.7548694" lon="131.0990532">
      <ele>61.0</ele>
    </trkpt>
    <trkpt lat="-12.757552" lon="131.1004574">
      <ele>62.187</ele>
    </trkpt>
    <trkpt lat="-12.7606909" lon="131.1020691">
      <ele>62.551</ele>
    </trkpt>
    <trkpt lat="-12.7625962" lon="131.1030523">
      <ele>58.992</ele>
    </trkpt>
    <trkpt lat="-12.7633413" lon="131.1034356">
      <ele>59.614</ele>
    </trkpt>
    <trkpt lat="-12.7637498" lon="131.1036571">
      <ele>59.0</ele>
    </trkpt>
    <trkpt lat="-12.7663034" lon="131.1050186">
      <ele>61.579</ele>
    </trkpt>
    <trkpt lat="-12.7664621" lon="131.1051058">
      <ele>60.975</ele>
    </trkpt>
    <trkpt lat="-12.7665429" lon="131.1051511">
      <ele>60.358</ele>
    </trkpt>
    <trkpt lat="-12.7672627" lon="131.1055258">
      <ele>59.0</ele>
    </trkpt>
    <trkpt lat="-12.767807" lon="131.1057998">
      <ele>59.895</ele>
    </trkpt>
    <trkpt lat="-12.7682293" lon="131.1060179">
      <ele>59.664</ele>
    </trkpt>
    <trkpt lat="-12.7685536" lon="131.1061775">
      <ele>60.429</ele>
    </trkpt>
    <trkpt lat="-12.7687132" lon="131.1062629">
      <ele>60.525</ele>
    </trkpt>
    <trkpt lat="-12.7695733" lon="131.1067211">
      <ele>55.928</ele>
    </trkpt>
    <trkpt lat="-12.7699894" lon="131.1069441">
      <ele>56.996</ele>
    </trkpt>
    <trkpt lat="-12.7707107" lon="131.1073493">
      <ele>54.984</ele>
    </trkpt>
    <trkpt lat="-12.771204" lon="131.1076514">
      <ele>51.241</ele>
    </trkpt>
    <trkpt lat="-12.7722839" lon="131.1083638">
      <ele>44.693</ele>
    </trkpt>
    <trkpt lat="-12.7722972" lon="131.1083732">
      <ele>44.625</ele>
    </trkpt>
    <trkpt lat="-12.7724466" lon="131.108479">
      <ele>44.091</ele>
    </trkpt>
    <trkpt lat="-12.7725946" lon="131.1085837">
      <ele>43.659</ele>
    </trkpt>
    <trkpt lat="-12.7727427" lon="131.1086884">
      <ele>43.091</ele>
    </trkpt>
    <trkpt lat="-12.7728517" lon="131.1087691">
      <ele>42.734</ele>
    </trkpt>
    <trkpt lat="-12.7734847" lon="131.1092379">
      <ele>42.0</ele>
    </trkpt>
    <trkpt lat="-12.7743158" lon="131.1099151">
      <ele>39.984</ele>
    </trkpt>
    <trkpt lat="-12.7747092" lon="131.1102356">
      <ele>39.152</ele>
    </trkpt>
    <trkpt lat="-12.7752617" lon="131.1107221">
      <ele>39.058</ele>
    </trkpt>
    <trkpt lat="-12.7756303" lon="131.1110694">
      <ele>37.269</ele>
    </trkpt>
    <trkpt lat="-12.7758134" lon="131.1112452">
      <ele>37.928</ele>
    </trkpt>
    <trkpt lat="-12.7764544" lon="131.1118921">
      <ele>34.573</ele>
    </trkpt>
    <trkpt lat="-12.7766102" lon="131.1120518">
      <ele>33.328</ele>
    </trkpt>
    <trkpt lat="-12.77683" lon="131.1122841">
      <ele>33.68</ele>
    </trkpt>
    <trkpt lat="-12.7768325" lon="131.1122868">
      <ele>33.691</ele>
    </trkpt>
    <trkpt lat="-12.7770321" lon="131.1125053">
      <ele>34.0</ele>
    </trkpt>
    <trkpt lat="-12.7772295" lon="131.1127213">
      <ele>34.0</ele>
    </trkpt>
    <trkpt lat="-12.7774417" lon="131.1129641">
      <ele>34.0</ele>
    </trkpt>
    <trkpt lat="-12.7774842" lon="131.1130126">
      <ele>34.0</ele>
    </trkpt>
    <trkpt lat="-12.7775614" lon="131.1131015">
      <ele>34.129</ele>
    </trkpt>
    <trkpt lat="-12.7779017" lon="131.1135129">
      <ele>34.0</ele>
    </trkpt>
    <trkpt lat="-12.7781377" lon="131.1138064">
      <ele>31.803</ele>
    </trkpt>
    <trkpt lat="-12.778376" lon="131.1141093">
      <ele>29.535</ele>
    </trkpt>
    <trkpt lat="-12.7784684" lon="131.1142189">
      <ele>29.674</ele>
    </trkpt>
    <trkpt lat="-12.7794082" lon="131.1153521">
      <ele>31.268</ele>
    </trkpt>
    <trkpt lat="-12.7801715" lon="131.1162724">
      <ele>37.642</ele>
    </trkpt>
    <trkpt lat="-12.7812664" lon="131.1177438">
      <ele>37.265</ele>
    </trkpt>
    <trkpt lat="-12.7817862" lon="131.1183083">
      <ele>31.064</ele>
    </trkpt>
    <trkpt lat="-12.7819345" lon="131.1185169">
      <ele>31.661</ele>
    </trkpt>
    <trkpt lat="-12.7823614" lon="131.1190495">
      <ele>31.789</ele>
    </trkpt>
    <trkpt lat="-12.7827693" lon="131.1195359">
      <ele>31.092</ele>
    </trkpt>
    <trkpt lat="-12.7831978" lon="131.1201337">
      <ele>31.685</ele>
    </trkpt>
    <trkpt lat="-12.783535" lon="131.1204978">
      <ele>32.283</ele>
    </trkpt>
    <trkpt lat="-12.7837606" lon="131.1207152">
      <ele>31.455</ele>
    </trkpt>
    <trkpt lat="-12.7840766" lon="131.1209969">
      <ele>30.104</ele>
    </trkpt>
    <trkpt lat="-12.7845206" lon="131.1213547">
      <ele>30.157</ele>
    </trkpt>
    <trkpt lat="-12.7849147" lon="131.1216317">
      <ele>30.78</ele>
    </trkpt>
    <trkpt lat="-12.7849337" lon="131.121644">
      <ele>30.823</ele>
    </trkpt>
    <trkpt lat="-12.7852504" lon="131.1218547">
      <ele>31.649</ele>
    </trkpt>
    <trkpt lat="-12.7854534" lon="131.121983">
      <ele>30.178</ele>
    </trkpt>
    <trkpt lat="-12.7855757" lon="131.1220542">
      <ele>29.677</ele>
    </trkpt>
    <trkpt lat="-12.785734" lon="131.1221445">
      <ele>29.922</ele>
    </trkpt>
    <trkpt lat="-12.7859385" lon="131.122254">
      <ele>30.193</ele>
    </trkpt>
    <trkpt lat="-12.7863623" lon="131.1224534">
      <ele>31.224</ele>
    </trkpt>
    <trkpt lat="-12.7866612" lon="131.1225894">
      <ele>31.0</ele>
    </trkpt>
    <trkpt lat="-12.7872172" lon="131.1228202">
      <ele>27.868</ele>
    </trkpt>
    <trkpt lat="-12.7872701" lon="131.1228349">
      <ele>27.967</ele>
    </trkpt>
    <trkpt lat="-12.7874924" lon="131.1229043">
      <ele>28.517</ele>
    </trkpt>
    <trkpt lat="-12.7878829" lon="131.1229998">
      <ele>30.579</ele>
    </trkpt>
    <trkpt lat="-12.788228" lon="131.1230751">
      <ele>31.691</ele>
    </trkpt>
    <trkpt lat="-12.7888764" lon="131.1231871">
      <ele>32.503</ele>
    </trkpt>
    <trkpt lat="-12.7891115" lon="131.1232087">
      <ele>33.168</ele>
    </trkpt>
    <trkpt lat="-12.7891428" lon="131.1232116">
      <ele>33.239</ele>
    </trkpt>
    <trkpt lat="-12.7899773" lon="131.1232473">
      <ele>36.172</ele>
    </trkpt>
    <trkpt lat="-12.7903171" lon="131.1232419">
      <ele>36.329</ele>
    </trkpt>
    <trkpt lat="-12.7914363" lon="131.1231377">
      <ele>36.637</ele>
    </trkpt>
    <trkpt lat="-12.7916676" lon="131.123126">
      <ele>38.254</ele>
    </trkpt>
    <trkpt lat="-12.7918034" lon="131.123117">
      <ele>38.221</ele>
    </trkpt>
    <trkpt lat="-12.7918459" lon="131.1231142">
      <ele>38.211</ele>
    </trkpt>
    <trkpt lat="-12.7930958" lon="131.123081">
      <ele>40.672</ele>
    </trkpt>
    <trkpt lat="-12.7933772" lon="131.1230676">
      <ele>40.071</ele>
    </trkpt>
    <trkpt lat="-12.7944506" lon="131.1230164">
      <ele>38.025</ele>
    </trkpt>
    <trkpt lat="-12.7947157" lon="131.1229891">
      <ele>39.21</ele>
    </trkpt>
    <trkpt lat="-12.7952932" lon="131.1229533">
      <ele>38.854</ele>
    </trkpt>
    <trkpt lat="-12.7954059" lon="131.1229333">
      <ele>37.819</ele>
    </trkpt>
    <trkpt lat="-12.7956522" lon="131.1229192">
      <ele>36.32</ele>
    </trkpt>
    <trkpt lat="-12.7961917" lon="131.1228853">
      <ele>37.678</ele>
    </trkpt>
    <trkpt lat="-12.797808" lon="131.122787">
      <ele>40.924</ele>
    </trkpt>
    <trkpt lat="-12.7982966" lon="131.1227582">
      <ele>37.256</ele>
    </trkpt>
    <trkpt lat="-12.7984019" lon="131.1227493">
      <ele>36.08</ele>
    </trkpt>
    <trkpt lat="-12.7997164" lon="131.1226724">
      <ele>34.008</ele>
    </trkpt>
    <trkpt lat="-12.8010877" lon="131.1225861">
      <ele>32.594</ele>
    </trkpt>
    <trkpt lat="-12.802181" lon="131.1225198">
      <ele>33.061</ele>
    </trkpt>
    <trkpt lat="-12.8023606" lon="131.1225089">
      <ele>33.514</ele>
    </trkpt>
    <trkpt lat="-12.8028992" lon="131.1224762">
      <ele>33.563</ele>
    </trkpt>
    <trkpt lat="-12.8045152" lon="131.1223782">
      <ele>35.562</ele>
    </trkpt>
    <trkpt lat="-12.8049839" lon="131.1223384">
      <ele>36.36</ele>
    </trkpt>
    <trkpt lat="-12.8056019" lon="131.1222859">
      <ele>35.267</ele>
    </trkpt>
    <trkpt lat="-12.8056638" lon="131.1222819">
      <ele>35.299</ele>
    </trkpt>
    <trkpt lat="-12.8060215" lon="131.1222698">
      <ele>35.904</ele>
    </trkpt>
    <trkpt lat="-12.8063917" lon="131.1222721">
      <ele>37.008</ele>
    </trkpt>
    <trkpt lat="-12.8067528" lon="131.1222921">
      <ele>38.059</ele>
    </trkpt>
    <trkpt lat="-12.8071914" lon="131.1223498">
      <ele>38.541</ele>
    </trkpt>
    <trkpt lat="-12.8075689" lon="131.1224217">
      <ele>38.0</ele>
    </trkpt>
    <trkpt lat="-12.8078514" lon="131.1225138">
      <ele>38.517</ele>
    </trkpt>
    <trkpt lat="-12.8081909" lon="131.1226138">
      <ele>40.565</ele>
    </trkpt>
    <trkpt lat="-12.8085289" lon="131.1227302">
      <ele>41.051</ele>
    </trkpt>
    <trkpt lat="-12.8088466" lon="131.1228587">
      <ele>38.165</ele>
    </trkpt>
    <trkpt lat="-12.8093297" lon="131.1230962">
      <ele>37.821</ele>
    </trkpt>
    <trkpt lat="-12.8099282" lon="131.1234448">
      <ele>38.599</ele>
    </trkpt>
    <trkpt lat="-12.8108413" lon="131.1240029">
      <ele>40.439</ele>
    </trkpt>
    <trkpt lat="-12.8111186" lon="131.1241725">
      <ele>42.006</ele>
    </trkpt>
    <trkpt lat="-12.8111503" lon="131.1241918">
      <ele>42.051</ele>
    </trkpt>
    <trkpt lat="-12.811273" lon="131.1242672">
      <ele>42.221</ele>
    </trkpt>
    <trkpt lat="-12.8114273" lon="131.124362">
      <ele>42.394</ele>
    </trkpt>
    <trkpt lat="-12.8118768" lon="131.1246384">
      <ele>43.0</ele>
    </trkpt>
    <trkpt lat="-12.8139836" lon="131.12594">
      <ele>46.472</ele>
    </trkpt>
    <trkpt lat="-12.8163233" lon="131.1273824">
      <ele>50.645</ele>
    </trkpt>
    <trkpt lat="-12.817008" lon="131.1278081">
      <ele>52.458</ele>
    </trkpt>
    <trkpt lat="-12.8171632" lon="131.1279031">
      <ele>53.575</ele>
    </trkpt>
    <trkpt lat="-12.8172852" lon="131.127973">
      <ele>54.453</ele>
    </trkpt>
    <trkpt lat="-12.8176346" lon="131.128173">
      <ele>56.341</ele>
    </trkpt>
    <trkpt lat="-12.8177885" lon="131.1282681">
      <ele>56.538</ele>
    </trkpt>
    <trkpt lat="-12.8183712" lon="131.128626">
      <ele>57.993</ele>
    </trkpt>
    <trkpt lat="-12.8184059" lon="131.1286473">
      <ele>57.966</ele>
    </trkpt>
    <trkpt lat="-12.8185329" lon="131.128726">
      <ele>57.703</ele>
    </trkpt>
    <trkpt lat="-12.8187138" lon="131.1288384">
      <ele>56.442</ele>
    </trkpt>
    <trkpt lat="-12.8188678" lon="131.1289339">
      <ele>54.84</ele>
    </trkpt>
    <trkpt lat="-12.8199464" lon="131.1296014">
      <ele>51.677</ele>
    </trkpt>
    <trkpt lat="-12.8203175" lon="131.1298385">
      <ele>51.223</ele>
    </trkpt>
    <trkpt lat="-12.8204002" lon="131.1298917">
      <ele>51.049</ele>
    </trkpt>
    <trkpt lat="-12.8213041" lon="131.1304647">
      <ele>51.576</ele>
    </trkpt>
    <trkpt lat="-12.8217093" lon="131.130683">
      <ele>49.624</ele>
    </trkpt>
    <trkpt lat="-12.8219548" lon="131.1308292">
      <ele>48.081</ele>
    </trkpt>
    <trkpt lat="-12.8228198" lon="131.1313864">
      <ele>49.858</ele>
    </trkpt>
    <trkpt lat="-12.8230795" lon="131.1315419">
      <ele>47.86</ele>
    </trkpt>
    <trkpt lat="-12.8233816" lon="131.131718">
      <ele>46.695</ele>
    </trkpt>
    <trkpt lat="-12.8238427" lon="131.1319213">
      <ele>48.598</ele>
    </trkpt>
    <trkpt lat="-12.8240867" lon="131.1320067">
      <ele>48.552</ele>
    </trkpt>
    <trkpt lat="-12.8245201" lon="131.132144">
      <ele>46.759</ele>
    </trkpt>
    <trkpt lat="-12.8246974" lon="131.1321767">
      <ele>47.089</ele>
    </trkpt>
    <trkpt lat="-12.8253002" lon="131.1323497">
      <ele>44.956</ele>
    </trkpt>
    <trkpt lat="-12.8257018" lon="131.1324425">
      <ele>44.376</ele>
    </trkpt>
    <trkpt lat="-12.825746" lon="131.1324518">
      <ele>44.26</ele>
    </trkpt>
    <trkpt lat="-12.8264603" lon="131.1325412">
      <ele>45.328</ele>
    </trkpt>
    <trkpt lat="-12.8267007" lon="131.1325493">
      <ele>46.4</ele>
    </trkpt>
    <trkpt lat="-12.8276781" lon="131.1325518">
      <ele>44.12</ele>
    </trkpt>
    <trkpt lat="-12.8291194" lon="131.1325467">
      <ele>46.352</ele>
    </trkpt>
    <trkpt lat="-12.8292927" lon="131.1325453">
      <ele>46.294</ele>
    </trkpt>
    <trkpt lat="-12.8293293" lon="131.132545">
      <ele>46.185</ele>
    </trkpt>
    <trkpt lat="-12.8294795" lon="131.1325437">
      <ele>45.736</ele>
    </trkpt>
    <trkpt lat="-12.8296524" lon="131.1325423">
      <ele>45.213</ele>
    </trkpt>
    <trkpt lat="-12.8298394" lon="131.1325408">
      <ele>44.156</ele>
    </trkpt>
    <trkpt lat="-12.8305973" lon="131.1325346">
      <ele>41.619</ele>
    </trkpt>
    <trkpt lat="-12.8314518" lon="131.1325439">
      <ele>39.385</ele>
    </trkpt>
    <trkpt lat="-12.8317475" lon="131.1325651">
      <ele>40.303</ele>
    </trkpt>
    <trkpt lat="-12.8324278" lon="131.1326625">
      <ele>38.105</ele>
    </trkpt>
    <trkpt lat="-12.8328092" lon="131.1327407">
      <ele>36.995</ele>
    </trkpt>
    <trkpt lat="-12.8332023" lon="131.1328435">
      <ele>38.64</ele>
    </trkpt>
    <trkpt lat="-12.8334711" lon="131.1329257">
      <ele>38.24</ele>
    </trkpt>
    <trkpt lat="-12.8341556" lon="131.1331642">
      <ele>33.273</ele>
    </trkpt>
    <trkpt lat="-12.8345827" lon="131.1333202">
      <ele>33.545</ele>
    </trkpt>
    <trkpt lat="-12.8345846" lon="131.1333209">
      <ele>33.549</ele>
    </trkpt>
    <trkpt lat="-12.8347522" lon="131.1333819">
      <ele>33.825</ele>
    </trkpt>
    <trkpt lat="-12.8347541" lon="131.1333827">
      <ele>33.822</ele>
    </trkpt>
    <trkpt lat="-12.8351717" lon="131.1335425">
      <ele>32.629</ele>
    </trkpt>
    <trkpt lat="-12.8354811" lon="131.1336497">
      <ele>32.102</ele>
    </trkpt>
    <trkpt lat="-12.836223" lon="131.1339066">
      <ele>30.495</ele>
    </trkpt>
    <trkpt lat="-12.8369581" lon="131.1341756">
      <ele>31.017</ele>
    </trkpt>
    <trkpt lat="-12.8369603" lon="131.1341764">
      <ele>31.022</ele>
    </trkpt>
    <trkpt lat="-12.8370317" lon="131.1342019">
      <ele>31.187</ele>
    </trkpt>
    <trkpt lat="-12.8371278" lon="131.1342366">
      <ele>31.408</ele>
    </trkpt>
    <trkpt lat="-12.8371301" lon="131.1342374">
      <ele>31.414</ele>
    </trkpt>
    <trkpt lat="-12.8371801" lon="131.134255">
      <ele>31.53</ele>
    </trkpt>
    <trkpt lat="-12.8375786" lon="131.1343952">
      <ele>31.127</ele>
    </trkpt>
    <trkpt lat="-12.8378067" lon="131.13448">
      <ele>31.115</ele>
    </trkpt>
    <trkpt lat="-12.8379764" lon="131.134541">
      <ele>31.099</ele>
    </trkpt>
    <trkpt lat="-12.8382341" lon="131.1346277">
      <ele>31.0</ele>
    </trkpt>
    <trkpt lat="-12.8383162" lon="131.1346594">
      <ele>31.0</ele>
    </trkpt>
    <trkpt lat="-12.8384878" lon="131.1347179">
      <ele>31.009</ele>
    </trkpt>
    <trkpt lat="-12.8389421" lon="131.1348784">
      <ele>29.354</ele>
    </trkpt>
    <trkpt lat="-12.8397651" lon="131.1351876">
      <ele>27.908</ele>
    </trkpt>
    <trkpt lat="-12.8410791" lon="131.1356716">
      <ele>31.067</ele>
    </trkpt>
    <trkpt lat="-12.84214" lon="131.1360556">
      <ele>30.704</ele>
    </trkpt>
    <trkpt lat="-12.842984" lon="131.136365">
      <ele>32.227</ele>
    </trkpt>
    <trkpt lat="-12.8431533" lon="131.1364271">
      <ele>33.655</ele>
    </trkpt>
    <trkpt lat="-12.8433053" lon="131.1364829">
      <ele>34.494</ele>
    </trkpt>
    <trkpt lat="-12.8434919" lon="131.1365514">
      <ele>35.223</ele>
    </trkpt>
    <trkpt lat="-12.8438315" lon="131.1366741">
      <ele>34.994</ele>
    </trkpt>
    <trkpt lat="-12.8482394" lon="131.1382763">
      <ele>31.867</ele>
    </trkpt>
    <trkpt lat="-12.8484091" lon="131.1383377">
      <ele>31.989</ele>
    </trkpt>
    <trkpt lat="-12.8497227" lon="131.1388164">
      <ele>34.0</ele>
    </trkpt>
    <trkpt lat="-12.8504141" lon="131.1390691">
      <ele>35.491</ele>
    </trkpt>
    <trkpt lat="-12.8524316" lon="131.1398063">
      <ele>36.772</ele>
    </trkpt>
    <trkpt lat="-12.8524758" lon="131.1398224">
      <ele>36.671</ele>
    </trkpt>
    <trkpt lat="-12.8526453" lon="131.1398843">
      <ele>36.94</ele>
    </trkpt>
    <trkpt lat="-12.8568187" lon="131.1414082">
      <ele>40.93</ele>
    </trkpt>
    <trkpt lat="-12.8583164" lon="131.1419155">
      <ele>43.263</ele>
    </trkpt>
    <trkpt lat="-12.858524" lon="131.1419867">
      <ele>42.314</ele>
    </trkpt>
    <trkpt lat="-12.8587621" lon="131.1420707">
      <ele>42.544</ele>
    </trkpt>
    <trkpt lat="-12.8593551" lon="131.1422919">
      <ele>46.357</ele>
    </trkpt>
    <trkpt lat="-12.8596195" lon="131.142365">
      <ele>47.936</ele>
    </trkpt>
    <trkpt lat="-12.8599685" lon="131.1424437">
      <ele>49.976</ele>
    </trkpt>
    <trkpt lat="-12.8602521" lon="131.1425012">
      <ele>52.715</ele>
    </trkpt>
    <trkpt lat="-12.8604393" lon="131.1425273">
      <ele>53.385</ele>
    </trkpt>
    <trkpt lat="-12.8606137" lon="131.1425516">
      <ele>53.838</ele>
    </trkpt>
    <trkpt lat="-12.8606175" lon="131.1425521">
      <ele>53.848</ele>
    </trkpt>
    <trkpt lat="-12.860789" lon="131.1425752">
      <ele>54.299</ele>
    </trkpt>
    <trkpt lat="-12.8608672" lon="131.1425848">
      <ele>54.427</ele>
    </trkpt>
    <trkpt lat="-12.8611566" lon="131.1426076">
      <ele>54.776</ele>
    </trkpt>
    <trkpt lat="-12.8619145" lon="131.1426287">
      <ele>56.123</ele>
    </trkpt>
    <trkpt lat="-12.8621595" lon="131.1426204">
      <ele>55.798</ele>
    </trkpt>
    <trkpt lat="-12.8622328" lon="131.1426158">
      <ele>55.772</ele>
    </trkpt>
    <trkpt lat="-12.8622342" lon="131.1426157">
      <ele>55.776</ele>
    </trkpt>
    <trkpt lat="-12.8624135" lon="131.1426017">
      <ele>56.338</ele>
    </trkpt>
    <trkpt lat="-12.8631358" lon="131.1425218">
      <ele>57.162</ele>
    </trkpt>
    <trkpt lat="-12.8633376" lon="131.1424863">
      <ele>57.279</ele>
    </trkpt>
    <trkpt lat="-12.8640416" lon="131.1423462">
      <ele>55.282</ele>
    </trkpt>
    <trkpt lat="-12.8649822" lon="131.1421381">
      <ele>56.423</ele>
    </trkpt>
    <trkpt lat="-12.8663051" lon="131.1418518">
      <ele>52.667</ele>
    </trkpt>
    <trkpt lat="-12.8670212" lon="131.1416962">
      <ele>50.476</ele>
    </trkpt>
    <trkpt lat="-12.8684715" lon="131.1413802">
      <ele>58.214</ele>
    </trkpt>
    <trkpt lat="-12.8692893" lon="131.1412019">
      <ele>58.417</ele>
    </trkpt>
    <trkpt lat="-12.8694652" lon="131.1411635">
      <ele>56.922</ele>
    </trkpt>
    <trkpt lat="-12.8694742" lon="131.1411615">
      <ele>56.898</ele>
    </trkpt>
    <trkpt lat="-12.8696467" lon="131.1411194">
      <ele>56.416</ele>
    </trkpt>
    <trkpt lat="-12.8696581" lon="131.141117">
      <ele>56.372</ele>
    </trkpt>
    <trkpt lat="-12.8698254" lon="131.1410859">
      <ele>55.768</ele>
    </trkpt>
    <trkpt lat="-12.8705956" lon="131.1409232">
      <ele>55.821</ele>
    </trkpt>
    <trkpt lat="-12.8714" lon="131.1407955">
      <ele>55.136</ele>
    </trkpt>
    <trkpt lat="-12.8716734" lon="131.1407598">
      <ele>55.289</ele>
    </trkpt>
    <trkpt lat="-12.8719459" lon="131.1407305">
      <ele>56.362</ele>
    </trkpt>
    <trkpt lat="-12.8725612" lon="131.140693">
      <ele>51.8</ele>
    </trkpt>
    <trkpt lat="-12.8732085" lon="131.1406623">
      <ele>51.335</ele>
    </trkpt>
    <trkpt lat="-12.8732243" lon="131.1406615">
      <ele>51.33</ele>
    </trkpt>
    <trkpt lat="-12.873826" lon="131.1406496">
      <ele>51.15</ele>
    </trkpt>
    <trkpt lat="-12.8742875" lon="131.1406519">
      <ele>49.414</ele>
    </trkpt>
    <trkpt lat="-12.8744344" lon="131.1406526">
      <ele>48.699</ele>
    </trkpt>
    <trkpt lat="-12.8744673" lon="131.1406546">
      <ele>48.696</ele>
    </trkpt>
    <trkpt lat="-12.8750398" lon="131.1406901">
      <ele>49.857</ele>
    </trkpt>
    <trkpt lat="-12.8752849" lon="131.1407049">
      <ele>48.986</ele>
    </trkpt>
    <trkpt lat="-12.8756444" lon="131.1407462">
      <ele>48.094</ele>
    </trkpt>
    <trkpt lat="-12.8761066" lon="131.1408044">
      <ele>46.122</ele>
    </trkpt>
    <trkpt lat="-12.876858" lon="131.1408864">
      <ele>47.809</ele>
    </trkpt>
    <trkpt lat="-12.8772649" lon="131.1409399">
      <ele>48.461</ele>
    </trkpt>
    <trkpt lat="-12.8777684" lon="131.1410074">
      <ele>52.932</ele>
    </trkpt>
    <trkpt lat="-12.8809422" lon="131.1413806">
      <ele>47.433</ele>
    </trkpt>
    <trkpt lat="-12.8821075" lon="131.1415176">
      <ele>50.66</ele>
    </trkpt>
    <trkpt lat="-12.8837992" lon="131.1417313">
      <ele>51.767</ele>
    </trkpt>
    <trkpt lat="-12.8838051" lon="131.1417318">
      <ele>51.766</ele>
    </trkpt>
    <trkpt lat="-12.8839808" lon="131.141747">
      <ele>51.284</ele>
    </trkpt>
    <trkpt lat="-12.8846962" lon="131.1418207">
      <ele>49.544</ele>
    </trkpt>
    <trkpt lat="-12.8860507" lon="131.1419774">
      <ele>52.401</ele>
    </trkpt>
    <trkpt lat="-12.8872737" lon="131.1421225">
      <ele>50.359</ele>
    </trkpt>
    <trkpt lat="-12.8877329" lon="131.1421572">
      <ele>50.234</ele>
    </trkpt>
    <trkpt lat="-12.887916" lon="131.1421649">
      <ele>49.709</ele>
    </trkpt>
    <trkpt lat="-12.8880497" lon="131.1421701">
      <ele>49.209</ele>
    </trkpt>
    <trkpt lat="-12.8880994" lon="131.1421693">
      <ele>49.221</ele>
    </trkpt>
    <trkpt lat="-12.8883915" lon="131.1421647">
      <ele>49.414</ele>
    </trkpt>
    <trkpt lat="-12.8888384" lon="131.1421463">
      <ele>50.365</ele>
    </trkpt>
    <trkpt lat="-12.8891418" lon="131.1421187">
      <ele>50.406</ele>
    </trkpt>
    <trkpt lat="-12.889811" lon="131.1420144">
      <ele>49.829</ele>
    </trkpt>
    <trkpt lat="-12.8902915" lon="131.141888">
      <ele>51.446</ele>
    </trkpt>
    <trkpt lat="-12.8916549" lon="131.1415636">
      <ele>51.371</ele>
    </trkpt>
    <trkpt lat="-12.8921588" lon="131.1414304">
      <ele>53.772</ele>
    </trkpt>
    <trkpt lat="-12.8921601" lon="131.14143">
      <ele>53.776</ele>
    </trkpt>
    <trkpt lat="-12.892333" lon="131.1413844">
      <ele>54.01</ele>
    </trkpt>
    <trkpt lat="-12.8923344" lon="131.141384">
      <ele>54.01</ele>
    </trkpt>
    <trkpt lat="-12.8966752" lon="131.1402337">
      <ele>49.343</ele>
    </trkpt>
    <trkpt lat="-12.897557" lon="131.1399984">
      <ele>51.415</ele>
    </trkpt>
    <trkpt lat="-12.9006771" lon="131.1391804">
      <ele>50.147</ele>
    </trkpt>
    <trkpt lat="-12.9010425" lon="131.1390797">
      <ele>48.687</ele>
    </trkpt>
    <trkpt lat="-12.9023348" lon="131.138726">
      <ele>50.573</ele>
    </trkpt>
    <trkpt lat="-12.9033887" lon="131.1384757">
      <ele>49.191</ele>
    </trkpt>
    <trkpt lat="-12.9034553" lon="131.1384639">
      <ele>48.858</ele>
    </trkpt>
    <trkpt lat="-12.9034683" lon="131.1384616">
      <ele>48.791</ele>
    </trkpt>
    <trkpt lat="-12.9036333" lon="131.1384373">
      <ele>48.05</ele>
    </trkpt>
    <trkpt lat="-12.9036463" lon="131.1384353">
      <ele>48.08</ele>
    </trkpt>
    <trkpt lat="-12.9036723" lon="131.1384312">
      <ele>48.143</ele>
    </trkpt>
    <trkpt lat="-12.9039038" lon="131.1384014">
      <ele>48.849</ele>
    </trkpt>
    <trkpt lat="-12.9042485" lon="131.1383652">
      <ele>50.804</ele>
    </trkpt>
    <trkpt lat="-12.9046088" lon="131.138359">
      <ele>50.962</ele>
    </trkpt>
    <trkpt lat="-12.9049061" lon="131.1383609">
      <ele>51.662</ele>
    </trkpt>
    <trkpt lat="-12.905241" lon="131.1383668">
      <ele>52.868</ele>
    </trkpt>
    <trkpt lat="-12.9053376" lon="131.1383681">
      <ele>53.0</ele>
    </trkpt>
    <trkpt lat="-12.9059576" lon="131.138419">
      <ele>53.138</ele>
    </trkpt>
    <trkpt lat="-12.9065013" lon="131.1384997">
      <ele>55.599</ele>
    </trkpt>
    <trkpt lat="-12.9070617" lon="131.1386172">
      <ele>54.556</ele>
    </trkpt>
    <trkpt lat="-12.9075344" lon="131.1387457">
      <ele>53.936</ele>
    </trkpt>
    <trkpt lat="-12.9078938" lon="131.1388587">
      <ele>53.519</ele>
    </trkpt>
    <trkpt lat="-12.9084607" lon="131.1390338">
      <ele>53.459</ele>
    </trkpt>
    <trkpt lat="-12.9092572" lon="131.1392676">
      <ele>58.518</ele>
    </trkpt>
    <trkpt lat="-12.9098345" lon="131.139433">
      <ele>58.388</ele>
    </trkpt>
    <trkpt lat="-12.9101716" lon="131.1395091">
      <ele>58.238</ele>
    </trkpt>
    <trkpt lat="-12.9102611" lon="131.1395257">
      <ele>57.785</ele>
    </trkpt>
    <trkpt lat="-12.9104378" lon="131.1395598">
      <ele>56.672</ele>
    </trkpt>
    <trkpt lat="-12.9105377" lon="131.1395788">
      <ele>56.097</ele>
    </trkpt>
    <trkpt lat="-12.9110393" lon="131.1396465">
      <ele>58.944</ele>
    </trkpt>
    <trkpt lat="-12.9113994" lon="131.1396802">
      <ele>58.956</ele>
    </trkpt>
    <trkpt lat="-12.9116945" lon="131.1396981">
      <ele>57.813</ele>
    </trkpt>
    <trkpt lat="-12.9119014" lon="131.1397013">
      <ele>57.08</ele>
    </trkpt>
    <trkpt lat="-12.9122178" lon="131.1396962">
      <ele>56.999</ele>
    </trkpt>
    <trkpt lat="-12.912554" lon="131.1396804">
      <ele>57.121</ele>
    </trkpt>
    <trkpt lat="-12.9129238" lon="131.139654">
      <ele>56.871</ele>
    </trkpt>
    <trkpt lat="-12.9129545" lon="131.1396483">
      <ele>56.831</ele>
    </trkpt>
    <trkpt lat="-12.9129638" lon="131.1396474">
      <ele>56.82</ele>
    </trkpt>
    <trkpt lat="-12.9129774" lon="131.139646">
      <ele>56.803</ele>
    </trkpt>
    <trkpt lat="-12.9130783" lon="131.139636">
      <ele>56.69</ele>
    </trkpt>
    <trkpt lat="-12.9131429" lon="131.1396298">
      <ele>56.667</ele>
    </trkpt>
    <trkpt lat="-12.9131486" lon="131.1396293">
      <ele>56.665</ele>
    </trkpt>
    <trkpt lat="-12.9133152" lon="131.13961">
      <ele>56.596</ele>
    </trkpt>
    <trkpt lat="-12.9135732" lon="131.1395673">
      <ele>56.924</ele>
    </trkpt>
    <trkpt lat="-12.9139244" lon="131.1394915">
      <ele>59.234</ele>
    </trkpt>
    <trkpt lat="-12.9142989" lon="131.1394065">
      <ele>61.404</ele>
    </trkpt>
    <trkpt lat="-12.9150141" lon="131.1391773">
      <ele>63.089</ele>
    </trkpt>
    <trkpt lat="-12.9153858" lon="131.1390375">
      <ele>64.57</ele>
    </trkpt>
    <trkpt lat="-12.9156608" lon="131.1389146">
      <ele>66.356</ele>
    </trkpt>
    <trkpt lat="-12.915976" lon="131.1387673">
      <ele>65.611</ele>
    </trkpt>
    <trkpt lat="-12.9181205" lon="131.1376045">
      <ele>70.61</ele>
    </trkpt>
    <trkpt lat="-12.918279" lon="131.1375176">
      <ele>70.868</ele>
    </trkpt>
    <trkpt lat="-12.9182806" lon="131.1375167">
      <ele>70.87</ele>
    </trkpt>
    <trkpt lat="-12.9182927" lon="131.1375101">
      <ele>70.89</ele>
    </trkpt>
    <trkpt lat="-12.9200071" lon="131.1365794">
      <ele>66.777</ele>
    </trkpt>
    <trkpt lat="-12.9207785" lon="131.1361596">
      <ele>66.186</ele>
    </trkpt>
    <trkpt lat="-12.9213616" lon="131.135844">
      <ele>63.849</ele>
    </trkpt>
    <trkpt lat="-12.9219352" lon="131.13553">
      <ele>63.875</ele>
    </trkpt>
    <trkpt lat="-12.9220932" lon="131.1354422">
      <ele>64.127</ele>
    </trkpt>
    <trkpt lat="-12.9220942" lon="131.1354417">
      <ele>64.129</ele>
    </trkpt>
    <trkpt lat="-12.9221063" lon="131.1354352">
      <ele>64.149</ele>
    </trkpt>
    <trkpt lat="-12.9222528" lon="131.1353571">
      <ele>64.317</ele>
    </trkpt>
    <trkpt lat="-12.9222538" lon="131.1353566">
      <ele>64.316</ele>
    </trkpt>
    <trkpt lat="-12.9235076" lon="131.1346749">
      <ele>61.734</ele>
    </trkpt>
    <trkpt lat="-12.9255828" lon="131.1335378">
      <ele>64.808</ele>
    </trkpt>
    <trkpt lat="-12.9273533" lon="131.1325698">
      <ele>65.107</ele>
    </trkpt>
    <trkpt lat="-12.9294164" lon="131.1314379">
      <ele>65.27</ele>
    </trkpt>
    <trkpt lat="-12.9299216" lon="131.1311618">
      <ele>64.465</ele>
    </trkpt>
    <trkpt lat="-12.9304948" lon="131.130866">
      <ele>64.798</ele>
    </trkpt>
    <trkpt lat="-12.9305151" lon="131.1308584">
      <ele>64.889</ele>
    </trkpt>
    <trkpt lat="-12.9310396" lon="131.1306169">
      <ele>66.763</ele>
    </trkpt>
    <trkpt lat="-12.9313523" lon="131.1304806">
      <ele>67.598</ele>
    </trkpt>
    <trkpt lat="-12.9317525" lon="131.1303168">
      <ele>67.875</ele>
    </trkpt>
    <trkpt lat="-12.9320994" lon="131.130204">
      <ele>66.883</ele>
    </trkpt>
    <trkpt lat="-12.9330342" lon="131.1299132">
      <ele>66.053</ele>
    </trkpt>
    <trkpt lat="-12.933668" lon="131.1297164">
      <ele>64.038</ele>
    </trkpt>
    <trkpt lat="-12.9336696" lon="131.1297159">
      <ele>64.041</ele>
    </trkpt>
    <trkpt lat="-12.9337624" lon="131.1296861">
      <ele>64.189</ele>
    </trkpt>
    <trkpt lat="-12.9338396" lon="131.1296614">
      <ele>64.258</ele>
    </trkpt>
    <trkpt lat="-12.9340096" lon="131.1296068">
      <ele>64.85</ele>
    </trkpt>
    <trkpt lat="-12.9341049" lon="131.1295732">
      <ele>65.314</ele>
    </trkpt>
    <trkpt lat="-12.9345462" lon="131.1294174">
      <ele>66.794</ele>
    </trkpt>
    <trkpt lat="-12.9349066" lon="131.1292734">
      <ele>68.919</ele>
    </trkpt>
    <trkpt lat="-12.9351211" lon="131.129182">
      <ele>69.467</ele>
    </trkpt>
    <trkpt lat="-12.9356541" lon="131.1289429">
      <ele>69.424</ele>
    </trkpt>
    <trkpt lat="-12.9360319" lon="131.1287519">
      <ele>71.43</ele>
    </trkpt>
    <trkpt lat="-12.9367004" lon="131.128389">
      <ele>73.121</ele>
    </trkpt>
    <trkpt lat="-12.9371444" lon="131.128125">
      <ele>73.25</ele>
    </trkpt>
    <trkpt lat="-12.937632" lon="131.1278134">
      <ele>73.018</ele>
    </trkpt>
    <trkpt lat="-12.9376525" lon="131.1277998">
      <ele>73.134</ele>
    </trkpt>
    <trkpt lat="-12.9377205" lon="131.1277547">
      <ele>73.421</ele>
    </trkpt>
    <trkpt lat="-12.9378036" lon="131.1276997">
      <ele>73.624</ele>
    </trkpt>
    <trkpt lat="-12.9378716" lon="131.1276547">
      <ele>73.789</ele>
    </trkpt>
    <trkpt lat="-12.9386419" lon="131.1271443">
      <ele>73.519</ele>
    </trkpt>
    <trkpt lat="-12.9402252" lon="131.1261042">
      <ele>73.806</ele>
    </trkpt>
    <trkpt lat="-12.9404643" lon="131.1259471">
      <ele>74.671</ele>
    </trkpt>
    <trkpt lat="-12.9413012" lon="131.125397">
      <ele>73.631</ele>
    </trkpt>
    <trkpt lat="-12.9416748" lon="131.125149">
      <ele>71.0</ele>
    </trkpt>
    <trkpt lat="-12.9422516" lon="131.1247845">
      <ele>71.2</ele>
    </trkpt>
    <trkpt lat="-12.9425259" lon="131.1245991">
      <ele>71.485</ele>
    </trkpt>
    <trkpt lat="-12.9429692" lon="131.124328">
      <ele>73.0</ele>
    </trkpt>
    <trkpt lat="-12.94334" lon="131.1241162">
      <ele>73.024</ele>
    </trkpt>
    <trkpt lat="-12.9433481" lon="131.124112">
      <ele>73.053</ele>
    </trkpt>
    <trkpt lat="-12.9439188" lon="131.1238181">
      <ele>74.585</ele>
    </trkpt>
    <trkpt lat="-12.9441067" lon="131.1237198">
      <ele>73.778</ele>
    </trkpt>
    <trkpt lat="-12.9444686" lon="131.1235444">
      <ele>74.153</ele>
    </trkpt>
    <trkpt lat="-12.944536" lon="131.1235148">
      <ele>74.017</ele>
    </trkpt>
    <trkpt lat="-12.9448251" lon="131.1233894">
      <ele>73.503</ele>
    </trkpt>
    <trkpt lat="-12.9449379" lon="131.1233348">
      <ele>73.222</ele>
    </trkpt>
    <trkpt lat="-12.945202" lon="131.1232286">
      <ele>72.973</ele>
    </trkpt>
    <trkpt lat="-12.9454577" lon="131.123127">
      <ele>73.162</ele>
    </trkpt>
    <trkpt lat="-12.9456949" lon="131.1230312">
      <ele>73.239</ele>
    </trkpt>
    <trkpt lat="-12.9460508" lon="131.1229091">
      <ele>73.244</ele>
    </trkpt>
    <trkpt lat="-12.9461359" lon="131.1228813">
      <ele>73.373</ele>
    </trkpt>
    <trkpt lat="-12.9463072" lon="131.1228252">
      <ele>73.171</ele>
    </trkpt>
    <trkpt lat="-12.9463483" lon="131.1228117">
      <ele>73.122</ele>
    </trkpt>
    <trkpt lat="-12.946709" lon="131.1226908">
      <ele>73.839</ele>
    </trkpt>
    <trkpt lat="-12.9467408" lon="131.1226801">
      <ele>73.915</ele>
    </trkpt>
    <trkpt lat="-12.9471299" lon="131.1225662">
      <ele>75.414</ele>
    </trkpt>
    <trkpt lat="-12.9473187" lon="131.1225134">
      <ele>76.347</ele>
    </trkpt>
    <trkpt lat="-12.9476151" lon="131.1224406">
      <ele>77.503</ele>
    </trkpt>
    <trkpt lat="-12.9479561" lon="131.1223572">
      <ele>79.156</ele>
    </trkpt>
    <trkpt lat="-12.9487462" lon="131.1221914">
      <ele>79.943</ele>
    </trkpt>
    <trkpt lat="-12.9488121" lon="131.1221776">
      <ele>79.956</ele>
    </trkpt>
    <trkpt lat="-12.9497344" lon="131.1219827">
      <ele>81.0</ele>
    </trkpt>
    <trkpt lat="-12.9504037" lon="131.1218502">
      <ele>81.938</ele>
    </trkpt>
    <trkpt lat="-12.9507963" lon="131.1217725">
      <ele>81.845</ele>
    </trkpt>
    <trkpt lat="-12.9517598" lon="131.121567">
      <ele>80.329</ele>
    </trkpt>
    <trkpt lat="-12.9526123" lon="131.1214015">
      <ele>79.809</ele>
    </trkpt>
    <trkpt lat="-12.9537576" lon="131.1211655">
      <ele>80.483</ele>
    </trkpt>
    <trkpt lat="-12.9539318" lon="131.1211304">
      <ele>80.069</ele>
    </trkpt>
    <trkpt lat="-12.9541083" lon="131.1210949">
      <ele>79.966</ele>
    </trkpt>
    <trkpt lat="-12.9545147" lon="131.1210132">
      <ele>81.164</ele>
    </trkpt>
    <trkpt lat="-12.9567113" lon="131.1205611">
      <ele>85.803</ele>
    </trkpt>
    <trkpt lat="-12.9576368" lon="131.1203763">
      <ele>86.148</ele>
    </trkpt>
    <trkpt lat="-12.9585364" lon="131.1201967">
      <ele>86.505</ele>
    </trkpt>
    <trkpt lat="-12.9588761" lon="131.1201356">
      <ele>87.001</ele>
    </trkpt>
    <trkpt lat="-12.9596636" lon="131.1199839">
      <ele>90.789</ele>
    </trkpt>
    <trkpt lat="-12.9598151" lon="131.1199532">
      <ele>91.0</ele>
    </trkpt>
    <trkpt lat="-12.961159" lon="131.1196739">
      <ele>93.0</ele>
    </trkpt>
    <trkpt lat="-12.9621327" lon="131.1194768">
      <ele>92.678</ele>
    </trkpt>
    <trkpt lat="-12.9631442" lon="131.1192721">
      <ele>96.362</ele>
    </trkpt>
    <trkpt lat="-12.9633297" lon="131.1192351">
      <ele>96.75</ele>
    </trkpt>
    <trkpt lat="-12.9637798" lon="131.1191264">
      <ele>96.248</ele>
    </trkpt>
    <trkpt lat="-12.9640504" lon="131.1190509">
      <ele>95.002</ele>
    </trkpt>
    <trkpt lat="-12.9642544" lon="131.1189865">
      <ele>94.556</ele>
    </trkpt>
    <trkpt lat="-12.9645475" lon="131.1188742">
      <ele>95.338</ele>
    </trkpt>
    <trkpt lat="-12.9649908" lon="131.1186796">
      <ele>97.695</ele>
    </trkpt>
    <trkpt lat="-12.9650698" lon="131.1186434">
      <ele>97.913</ele>
    </trkpt>
    <trkpt lat="-12.9651331" lon="131.1186143">
      <ele>97.994</ele>
    </trkpt>
    <trkpt lat="-12.9652316" lon="131.1185631">
      <ele>98.0</ele>
    </trkpt>
    <trkpt lat="-12.965387" lon="131.1184824">
      <ele>97.818</ele>
    </trkpt>
    <trkpt lat="-12.9655742" lon="131.1183823">
      <ele>97.121</ele>
    </trkpt>
    <trkpt lat="-12.9658028" lon="131.118252">
      <ele>95.524</ele>
    </trkpt>
    <trkpt lat="-12.9663912" lon="131.1178786">
      <ele>96.008</ele>
    </trkpt>
    <trkpt lat="-12.9666611" lon="131.117707">
      <ele>96.98</ele>
    </trkpt>
    <trkpt lat="-12.9669532" lon="131.1175272">
      <ele>97.997</ele>
    </trkpt>
    <trkpt lat="-12.9671865" lon="131.117395">
      <ele>98.049</ele>
    </trkpt>
    <trkpt lat="-12.9675867" lon="131.1171766">
      <ele>96.852</ele>
    </trkpt>
    <trkpt lat="-12.9678403" lon="131.1170579">
      <ele>96.592</ele>
    </trkpt>
    <trkpt lat="-12.9681276" lon="131.116944">
      <ele>97.0</ele>
    </trkpt>
    <trkpt lat="-12.9684373" lon="131.1168279">
      <ele>96.783</ele>
    </trkpt>
    <trkpt lat="-12.9684389" lon="131.1168273">
      <ele>96.78</ele>
    </trkpt>
    <trkpt lat="-12.9685327" lon="131.1167922">
      <ele>96.676</ele>
    </trkpt>
    <trkpt lat="-12.9686075" lon="131.1167686">
      <ele>96.638</ele>
    </trkpt>
    <trkpt lat="-12.9686091" lon="131.1167681">
      <ele>96.637</ele>
    </trkpt>
    <trkpt lat="-12.9688588" lon="131.1166896">
      <ele>96.026</ele>
    </trkpt>
    <trkpt lat="-12.9691584" lon="131.1166123">
      <ele>93.279</ele>
    </trkpt>
    <trkpt lat="-12.9695047" lon="131.1165286">
      <ele>91.28</ele>
    </trkpt>
    <trkpt lat="-12.9699391" lon="131.116438">
      <ele>90.042</ele>
    </trkpt>
    <trkpt lat="-12.9702765" lon="131.1163855">
      <ele>88.021</ele>
    </trkpt>
    <trkpt lat="-12.9708588" lon="131.1163304">
      <ele>85.119</ele>
    </trkpt>
    <trkpt lat="-12.9711066" lon="131.1163113">
      <ele>84.296</ele>
    </trkpt>
    <trkpt lat="-12.9713455" lon="131.1163074">
      <ele>84.293</ele>
    </trkpt>
    <trkpt lat="-12.9717018" lon="131.1163089">
      <ele>82.874</ele>
    </trkpt>
    <trkpt lat="-12.9718464" lon="131.1163155">
      <ele>82.353</ele>
    </trkpt>
    <trkpt lat="-12.9720041" lon="131.1163176">
      <ele>81.945</ele>
    </trkpt>
    <trkpt lat="-12.9723591" lon="131.116346">
      <ele>82.338</ele>
    </trkpt>
    <trkpt lat="-12.9732869" lon="131.1164386">
      <ele>84.358</ele>
    </trkpt>
    <trkpt lat="-12.973441" lon="131.1164487">
      <ele>84.818</ele>
    </trkpt>
    <trkpt lat="-12.9752391" lon="131.1165737">
      <ele>85.331</ele>
    </trkpt>
    <trkpt lat="-12.9761465" lon="131.1166264">
      <ele>85.819</ele>
    </trkpt>
    <trkpt lat="-12.9764404" lon="131.1166438">
      <ele>86.583</ele>
    </trkpt>
    <trkpt lat="-12.977394" lon="131.1166549">
      <ele>83.297</ele>
    </trkpt>
    <trkpt lat="-12.9775951" lon="131.1166662">
      <ele>82.655</ele>
    </trkpt>
    <trkpt lat="-12.9790846" lon="131.1167887">
      <ele>82.03</ele>
    </trkpt>
    <trkpt lat="-12.9802357" lon="131.1168721">
      <ele>78.073</ele>
    </trkpt>
    <trkpt lat="-12.9820584" lon="131.1169963">
      <ele>78.11</ele>
    </trkpt>
    <trkpt lat="-12.9822379" lon="131.1170085">
      <ele>77.97</ele>
    </trkpt>
    <trkpt lat="-12.9849298" lon="131.117192">
      <ele>77.891</ele>
    </trkpt>
    <trkpt lat="-12.9849571" lon="131.1171939">
      <ele>77.898</ele>
    </trkpt>
    <trkpt lat="-12.9852886" lon="131.1172184">
      <ele>76.025</ele>
    </trkpt>
    <trkpt lat="-12.985468" lon="131.1172317">
      <ele>76.764</ele>
    </trkpt>
    <trkpt lat="-12.9856476" lon="131.117245">
      <ele>77.164</ele>
    </trkpt>
    <trkpt lat="-12.9877805" lon="131.117403">
      <ele>71.346</ele>
    </trkpt>
    <trkpt lat="-12.9885181" lon="131.117452">
      <ele>72.665</ele>
    </trkpt>
    <trkpt lat="-12.9886976" lon="131.1174638">
      <ele>72.689</ele>
    </trkpt>
    <trkpt lat="-12.9888771" lon="131.1174757">
      <ele>72.042</ele>
    </trkpt>
    <trkpt lat="-12.9890568" lon="131.1174876">
      <ele>71.396</ele>
    </trkpt>
    <trkpt lat="-12.9901077" lon="131.1175573">
      <ele>71.899</ele>
    </trkpt>
    <trkpt lat="-12.9909768" lon="131.1176024">
      <ele>72.665</ele>
    </trkpt>
    <trkpt lat="-12.9918664" lon="131.1176595">
      <ele>72.471</ele>
    </trkpt>
    <trkpt lat="-12.9926574" lon="131.117709">
      <ele>71.078</ele>
    </trkpt>
    <trkpt lat="-12.992772" lon="131.1177162">
      <ele>70.795</ele>
    </trkpt>
    <trkpt lat="-12.9929515" lon="131.1177274">
      <ele>70.307</ele>
    </trkpt>
    <trkpt lat="-12.9936167" lon="131.1177691">
      <ele>70.938</ele>
    </trkpt>
    <trkpt lat="-12.9946489" lon="131.11784">
      <ele>69.059</ele>
    </trkpt>
    <trkpt lat="-12.99517" lon="131.1178794">
      <ele>68.366</ele>
    </trkpt>
    <trkpt lat="-12.9961048" lon="131.1179501">
      <ele>67.657</ele>
    </trkpt>
    <trkpt lat="-12.9961142" lon="131.1179508">
      <ele>67.616</ele>
    </trkpt>
    <trkpt lat="-12.9968747" lon="131.1180367">
      <ele>66.251</ele>
    </trkpt>
    <trkpt lat="-12.9972968" lon="131.1181064">
      <ele>65.5</ele>
    </trkpt>
    <trkpt lat="-12.9976134" lon="131.1181711">
      <ele>65.424</ele>
    </trkpt>
    <trkpt lat="-12.9977802" lon="131.1182083">
      <ele>65.091</ele>
    </trkpt>
    <trkpt lat="-12.997956" lon="131.1182476">
      <ele>64.741</ele>
    </trkpt>
    <trkpt lat="-12.9980566" lon="131.1182701">
      <ele>64.544</ele>
    </trkpt>
    <trkpt lat="-12.9980876" lon="131.118277">
      <ele>64.571</ele>
    </trkpt>
    <trkpt lat="-12.9982317" lon="131.1183125">
      <ele>64.802</ele>
    </trkpt>
    <trkpt lat="-12.9988045" lon="131.1184537">
      <ele>64.998</ele>
    </trkpt>
    <trkpt lat="-12.9991077" lon="131.1185446">
      <ele>64.733</ele>
    </trkpt>
    <trkpt lat="-12.9993872" lon="131.1186464">
      <ele>64.333</ele>
    </trkpt>
    <trkpt lat="-12.999482" lon="131.1186782">
      <ele>64.377</ele>
    </trkpt>
    <trkpt lat="-13.000744" lon="131.119208">
      <ele>70.245</ele>
    </trkpt>
    <trkpt lat="-13.0012764" lon="131.1194831">
      <ele>68.405</ele>
    </trkpt>
    <trkpt lat="-13.0018689" lon="131.1198249">
      <ele>70.467</ele>
    </trkpt>
    <trkpt lat="-13.0022897" lon="131.120063">
      <ele>76.299</ele>
    </trkpt>
    <trkpt lat="-13.0033808" lon="131.1207079">
      <ele>82.852</ele>
    </trkpt>
    <trkpt lat="-13.0034197" lon="131.1207309">
      <ele>82.903</ele>
    </trkpt>
    <trkpt lat="-13.0036925" lon="131.1208921">
      <ele>83.559</ele>
    </trkpt>
    <trkpt lat="-13.0040213" lon="131.1210864">
      <ele>83.257</ele>
    </trkpt>
    <trkpt lat="-13.0044718" lon="131.1213527">
      <ele>80.371</ele>
    </trkpt>
    <trkpt lat="-13.0050953" lon="131.1217212">
      <ele>74.278</ele>
    </trkpt>
    <trkpt lat="-13.0051124" lon="131.1217313">
      <ele>74.124</ele>
    </trkpt>
    <trkpt lat="-13.0062385" lon="131.1223968">
      <ele>68.424</ele>
    </trkpt>
    <trkpt lat="-13.0063449" lon="131.1224532">
      <ele>67.752</ele>
    </trkpt>
    <trkpt lat="-13.0063738" lon="131.1224686">
      <ele>67.488</ele>
    </trkpt>
    <trkpt lat="-13.0066032" lon="131.1225706">
      <ele>68.289</ele>
    </trkpt>
    <trkpt lat="-13.0068281" lon="131.1226746">
      <ele>70.397</ele>
    </trkpt>
    <trkpt lat="-13.0069473" lon="131.1227233">
      <ele>71.007</ele>
    </trkpt>
    <trkpt lat="-13.0070235" lon="131.1227531">
      <ele>71.089</ele>
    </trkpt>
    <trkpt lat="-13.0072913" lon="131.1228576">
      <ele>71.525</ele>
    </trkpt>
    <trkpt lat="-13.0073427" lon="131.1228731">
      <ele>71.78</ele>
    </trkpt>
    <trkpt lat="-13.0074625" lon="131.1229094">
      <ele>72.29</ele>
    </trkpt>
    <trkpt lat="-13.0075153" lon="131.122925">
      <ele>72.486</ele>
    </trkpt>
    <trkpt lat="-13.0076881" lon="131.1229761">
      <ele>72.978</ele>
    </trkpt>
    <trkpt lat="-13.007832" lon="131.1230187">
      <ele>72.822</ele>
    </trkpt>
    <trkpt lat="-13.0084531" lon="131.1231723">
      <ele>67.0</ele>
    </trkpt>
    <trkpt lat="-13.0087816" lon="131.1232293">
      <ele>66.477</ele>
    </trkpt>
    <trkpt lat="-13.0092584" lon="131.1232919">
      <ele>63.895</ele>
    </trkpt>
    <trkpt lat="-13.0098784" lon="131.1233301">
      <ele>59.944</ele>
    </trkpt>
    <trkpt lat="-13.0105407" lon="131.1233103">
      <ele>58.268</ele>
    </trkpt>
    <trkpt lat="-13.0113105" lon="131.1232286">
      <ele>57.238</ele>
    </trkpt>
    <trkpt lat="-13.0116106" lon="131.1231797">
      <ele>56.063</ele>
    </trkpt>
    <trkpt lat="-13.0117964" lon="131.1231242">
      <ele>55.44</ele>
    </trkpt>
    <trkpt lat="-13.0119684" lon="131.123081">
      <ele>54.738</ele>
    </trkpt>
    <trkpt lat="-13.0123238" lon="131.1229949">
      <ele>53.487</ele>
    </trkpt>
    <trkpt lat="-13.0128295" lon="131.1228568">
      <ele>51.21</ele>
    </trkpt>
    <trkpt lat="-13.0130033" lon="131.1228093">
      <ele>49.543</ele>
    </trkpt>
    <trkpt lat="-13.013742" lon="131.1226075">
      <ele>48.386</ele>
    </trkpt>
    <trkpt lat="-13.0146227" lon="131.1223539">
      <ele>51.304</ele>
    </trkpt>
    <trkpt lat="-13.0147925" lon="131.122305">
      <ele>51.476</ele>
    </trkpt>
    <trkpt lat="-13.0148448" lon="131.1222888">
      <ele>51.575</ele>
    </trkpt>
    <trkpt lat="-13.0156039" lon="131.122064">
      <ele>54.139</ele>
    </trkpt>
    <trkpt lat="-13.0156628" lon="131.1220465">
      <ele>54.265</ele>
    </trkpt>
    <trkpt lat="-13.0157733" lon="131.1220129">
      <ele>54.507</ele>
    </trkpt>
    <trkpt lat="-13.0162064" lon="131.1218934">
      <ele>52.967</ele>
    </trkpt>
    <trkpt lat="-13.0163601" lon="131.1218557">
      <ele>52.996</ele>
    </trkpt>
    <trkpt lat="-13.0167643" lon="131.1217623">
      <ele>54.732</ele>
    </trkpt>
    <trkpt lat="-13.0171034" lon="131.1217168">
      <ele>56.02</ele>
    </trkpt>
    <trkpt lat="-13.0173142" lon="131.1216994">
      <ele>56.45</ele>
    </trkpt>
    <trkpt lat="-13.0177782" lon="131.1216846">
      <ele>54.802</ele>
    </trkpt>
    <trkpt lat="-13.0181447" lon="131.1216928">
      <ele>51.491</ele>
    </trkpt>
    <trkpt lat="-13.0183246" lon="131.1216969">
      <ele>50.814</ele>
    </trkpt>
    <trkpt lat="-13.0184941" lon="131.1217007">
      <ele>51.842</ele>
    </trkpt>
    <trkpt lat="-13.018829" lon="131.1217247">
      <ele>53.942</ele>
    </trkpt>
    <trkpt lat="-13.0188768" lon="131.1217281">
      <ele>54.249</ele>
    </trkpt>
    <trkpt lat="-13.0191105" lon="131.1217555">
      <ele>54.806</ele>
    </trkpt>
    <trkpt lat="-13.0193168" lon="131.1217908">
      <ele>55.242</ele>
    </trkpt>
    <trkpt lat="-13.0194169" lon="131.1218079">
      <ele>55.458</ele>
    </trkpt>
    <trkpt lat="-13.0194251" lon="131.1218093">
      <ele>55.478</ele>
    </trkpt>
    <trkpt lat="-13.0195746" lon="131.1218357">
      <ele>55.425</ele>
    </trkpt>
    <trkpt lat="-13.0197017" lon="131.1218581">
      <ele>55.401</ele>
    </trkpt>
    <trkpt lat="-13.0203435" lon="131.1220004">
      <ele>55.834</ele>
    </trkpt>
    <trkpt lat="-13.0210701" lon="131.1221757">
      <ele>56.143</ele>
    </trkpt>
    <trkpt lat="-13.0213222" lon="131.1222228">
      <ele>55.238</ele>
    </trkpt>
    <trkpt lat="-13.0219938" lon="131.1223039">
      <ele>53.351</ele>
    </trkpt>
    <trkpt lat="-13.0223043" lon="131.1223216">
      <ele>51.347</ele>
    </trkpt>
    <trkpt lat="-13.0229083" lon="131.1223439">
      <ele>53.708</ele>
    </trkpt>
    <trkpt lat="-13.0231254" lon="131.1223315">
      <ele>55.251</ele>
    </trkpt>
    <trkpt lat="-13.0231547" lon="131.1223298">
      <ele>55.357</ele>
    </trkpt>
    <trkpt lat="-13.0233045" lon="131.122315">
      <ele>55.896</ele>
    </trkpt>
    <trkpt lat="-13.0234023" lon="131.1223053">
      <ele>55.752</ele>
    </trkpt>
    <trkpt lat="-13.0234836" lon="131.1222973">
      <ele>55.459</ele>
    </trkpt>
    <trkpt lat="-13.024064" lon="131.12224">
      <ele>54.936</ele>
    </trkpt>
    <trkpt lat="-13.0262494" lon="131.1217441">
      <ele>62.079</ele>
    </trkpt>
    <trkpt lat="-13.0289115" lon="131.1211537">
      <ele>62.903</ele>
    </trkpt>
    <trkpt lat="-13.0322386" lon="131.1204178">
      <ele>70.325</ele>
    </trkpt>
    <trkpt lat="-13.033844" lon="131.1200697">
      <ele>69.207</ele>
    </trkpt>
    <trkpt lat="-13.0341095" lon="131.1200192">
      <ele>68.998</ele>
    </trkpt>
    <trkpt lat="-13.0345268" lon="131.1199289">
      <ele>67.396</ele>
    </trkpt>
    <trkpt lat="-13.0353593" lon="131.11974">
      <ele>69.211</ele>
    </trkpt>
    <trkpt lat="-13.0359224" lon="131.1195905">
      <ele>68.833</ele>
    </trkpt>
    <trkpt lat="-13.036545" lon="131.1193908">
      <ele>67.0</ele>
    </trkpt>
    <trkpt lat="-13.0368699" lon="131.11929">
      <ele>67.0</ele>
    </trkpt>
    <trkpt lat="-13.0370922" lon="131.1192088">
      <ele>66.468</ele>
    </trkpt>
    <trkpt lat="-13.0371727" lon="131.119175">
      <ele>66.178</ele>
    </trkpt>
    <trkpt lat="-13.0375455" lon="131.1190275">
      <ele>67.337</ele>
    </trkpt>
    <trkpt lat="-13.037726" lon="131.1189483">
      <ele>66.973</ele>
    </trkpt>
    <trkpt lat="-13.0381481" lon="131.1187575">
      <ele>65.334</ele>
    </trkpt>
    <trkpt lat="-13.0381593" lon="131.1187524">
      <ele>65.253</ele>
    </trkpt>
    <trkpt lat="-13.0391262" lon="131.1182702">
      <ele>62.567</ele>
    </trkpt>
    <trkpt lat="-13.0404582" lon="131.117545">
      <ele>60.776</ele>
    </trkpt>
    <trkpt lat="-13.0425583" lon="131.1164035">
      <ele>62.157</ele>
    </trkpt>
    <trkpt lat="-13.0441171" lon="131.1155569">
      <ele>60.994</ele>
    </trkpt>
    <trkpt lat="-13.0447889" lon="131.1151921">
      <ele>59.068</ele>
    </trkpt>
    <trkpt lat="-13.0458635" lon="131.1146026">
      <ele>58.861</ele>
    </trkpt>
    <trkpt lat="-13.0464252" lon="131.1142945">
      <ele>60.949</ele>
    </trkpt>
    <trkpt lat="-13.0499225" lon="131.1123931">
      <ele>58.828</ele>
    </trkpt>
    <trkpt lat="-13.0506685" lon="131.1119961">
      <ele>58.11</ele>
    </trkpt>
    <trkpt lat="-13.0511092" lon="131.1117518">
      <ele>57.696</ele>
    </trkpt>
    <trkpt lat="-13.05194" lon="131.111298">
      <ele>57.327</ele>
    </trkpt>
    <trkpt lat="-13.0527868" lon="131.1108312">
      <ele>59.992</ele>
    </trkpt>
    <trkpt lat="-13.0537401" lon="131.1103119">
      <ele>56.47</ele>
    </trkpt>
    <trkpt lat="-13.0538989" lon="131.1102253">
      <ele>56.0</ele>
    </trkpt>
    <trkpt lat="-13.0540578" lon="131.1101388">
      <ele>56.0</ele>
    </trkpt>
    <trkpt lat="-13.0542167" lon="131.1100523">
      <ele>56.034</ele>
    </trkpt>
    <trkpt lat="-13.0553289" lon="131.1094465">
      <ele>59.795</ele>
    </trkpt>
    <trkpt lat="-13.0561233" lon="131.1090137">
      <ele>61.483</ele>
    </trkpt>
    <trkpt lat="-13.0565999" lon="131.1087541">
      <ele>59.609</ele>
    </trkpt>
    <trkpt lat="-13.0567588" lon="131.1086675">
      <ele>59.864</ele>
    </trkpt>
    <trkpt lat="-13.0594179" lon="131.107219">
      <ele>60.118</ele>
    </trkpt>
    <trkpt lat="-13.060508" lon="131.106658">
      <ele>59.213</ele>
    </trkpt>
    <trkpt lat="-13.0607605" lon="131.1065691">
      <ele>57.876</ele>
    </trkpt>
    <trkpt lat="-13.061488" lon="131.106313">
      <ele>58.903</ele>
    </trkpt>
    <trkpt lat="-13.0624979" lon="131.1060839">
      <ele>61.399</ele>
    </trkpt>
    <trkpt lat="-13.0633866" lon="131.105979">
      <ele>64.994</ele>
    </trkpt>
    <trkpt lat="-13.0635653" lon="131.105958">
      <ele>65.665</ele>
    </trkpt>
    <trkpt lat="-13.0639227" lon="131.1059159">
      <ele>66.726</ele>
    </trkpt>
    <trkpt lat="-13.0641014" lon="131.1058948">
      <ele>66.519</ele>
    </trkpt>
    <trkpt lat="-13.0664243" lon="131.1056209">
      <ele>60.097</ele>
    </trkpt>
    <trkpt lat="-13.066603" lon="131.1055998">
      <ele>60.648</ele>
    </trkpt>
    <trkpt lat="-13.0691047" lon="131.1053048">
      <ele>64.076</ele>
    </trkpt>
    <trkpt lat="-13.0692833" lon="131.1052837">
      <ele>64.021</ele>
    </trkpt>
    <trkpt lat="-13.0737829" lon="131.104753">
      <ele>61.339</ele>
    </trkpt>
    <trkpt lat="-13.074778" lon="131.1046499">
      <ele>62.201</ele>
    </trkpt>
    <trkpt lat="-13.0759037" lon="131.1046538">
      <ele>62.993</ele>
    </trkpt>
    <trkpt lat="-13.0759589" lon="131.104654">
      <ele>62.794</ele>
    </trkpt>
    <trkpt lat="-13.076082" lon="131.1046739">
      <ele>62.279</ele>
    </trkpt>
    <trkpt lat="-13.07716" lon="131.1048479">
      <ele>62.899</ele>
    </trkpt>
    <trkpt lat="-13.078347" lon="131.105228">
      <ele>67.422</ele>
    </trkpt>
    <trkpt lat="-13.0800993" lon="131.1060553">
      <ele>73.541</ele>
    </trkpt>
    <trkpt lat="-13.0810815" lon="131.1065144">
      <ele>74.596</ele>
    </trkpt>
    <trkpt lat="-13.0822419" lon="131.1070568">
      <ele>69.334</ele>
    </trkpt>
    <trkpt lat="-13.083935" lon="131.1078666">
      <ele>71.899</ele>
    </trkpt>
    <trkpt lat="-13.085097" lon="131.108414">
      <ele>70.189</ele>
    </trkpt>
    <trkpt lat="-13.0865479" lon="131.1089533">
      <ele>66.527</ele>
    </trkpt>
    <trkpt lat="-13.087954" lon="131.1093299">
      <ele>69.215</ele>
    </trkpt>
    <trkpt lat="-13.0881998" lon="131.1093682">
      <ele>69.0</ele>
    </trkpt>
    <trkpt lat="-13.089412" lon="131.109557">
      <ele>67.642</ele>
    </trkpt>
    <trkpt lat="-13.0899838" lon="131.1095874">
      <ele>68.0</ele>
    </trkpt>
    <trkpt lat="-13.0901634" lon="131.109597">
      <ele>68.588</ele>
    </trkpt>
    <trkpt lat="-13.090878" lon="131.109635">
      <ele>69.686</ele>
    </trkpt>
    <trkpt lat="-13.092348" lon="131.109554">
      <ele>66.337</ele>
    </trkpt>
    <trkpt lat="-13.0962463" lon="131.1090615">
      <ele>67.487</ele>
    </trkpt>
    <trkpt lat="-13.0964248" lon="131.1090389">
      <ele>68.0</ele>
    </trkpt>
    <trkpt lat="-13.0966034" lon="131.1090164">
      <ele>68.0</ele>
    </trkpt>
    <trkpt lat="-13.0967819" lon="131.1089939">
      <ele>68.258</ele>
    </trkpt>
    <trkpt lat="-13.1007093" lon="131.1084978">
      <ele>70.408</ele>
    </trkpt>
    <trkpt lat="-13.1008878" lon="131.1084752">
      <ele>70.393</ele>
    </trkpt>
    <trkpt lat="-13.1010663" lon="131.1084526">
      <ele>70.092</ele>
    </trkpt>
    <trkpt lat="-13.102591" lon="131.10826">
      <ele>75.12</ele>
    </trkpt>
    <trkpt lat="-13.1041122" lon="131.1082282">
      <ele>78.135</ele>
    </trkpt>
    <trkpt lat="-13.104123" lon="131.108228">
      <ele>78.138</ele>
    </trkpt>
    <trkpt lat="-13.1042917" lon="131.1082393">
      <ele>78.313</ele>
    </trkpt>
    <trkpt lat="-13.1067984" lon="131.1084075">
      <ele>76.615</ele>
    </trkpt>
    <trkpt lat="-13.108708" lon="131.1085379">
      <ele>78.514</ele>
    </trkpt>
    <trkpt lat="-13.1098516" lon="131.1085133">
      <ele>78.812</ele>
    </trkpt>
    <trkpt lat="-13.110243" lon="131.1085049">
      <ele>79.0</ele>
    </trkpt>
    <trkpt lat="-13.111522" lon="131.108324">
      <ele>79.0</ele>
    </trkpt>
    <trkpt lat="-13.112834" lon="131.108026">
      <ele>80.0</ele>
    </trkpt>
    <trkpt lat="-13.1135726" lon="131.1078869">
      <ele>78.477</ele>
    </trkpt>
    <trkpt lat="-13.1137495" lon="131.1078536">
      <ele>78.771</ele>
    </trkpt>
    <trkpt lat="-13.1139264" lon="131.1078203">
      <ele>79.402</ele>
    </trkpt>
    <trkpt lat="-13.1141033" lon="131.107787">
      <ele>80.551</ele>
    </trkpt>
    <trkpt lat="-13.114364" lon="131.1077379">
      <ele>81.525</ele>
    </trkpt>
    <trkpt lat="-13.1157134" lon="131.1076272">
      <ele>78.89</ele>
    </trkpt>
    <trkpt lat="-13.1158927" lon="131.1076125">
      <ele>78.492</ele>
    </trkpt>
    <trkpt lat="-13.1179642" lon="131.1074425">
      <ele>73.603</ele>
    </trkpt>
    <trkpt lat="-13.1199364" lon="131.1072809">
      <ele>71.837</ele>
    </trkpt>
    <trkpt lat="-13.1201157" lon="131.1072662">
      <ele>71.491</ele>
    </trkpt>
    <trkpt lat="-13.1208329" lon="131.1072074">
      <ele>70.0</ele>
    </trkpt>
    <trkpt lat="-13.1213708" lon="131.1071633">
      <ele>70.935</ele>
    </trkpt>
    <trkpt lat="-13.1238153" lon="131.106963">
      <ele>69.134</ele>
    </trkpt>
    <trkpt lat="-13.1243409" lon="131.1069192">
      <ele>68.479</ele>
    </trkpt>
    <trkpt lat="-13.1244783" lon="131.1069077">
      <ele>68.873</ele>
    </trkpt>
    <trkpt lat="-13.126846" lon="131.106713">
      <ele>68.629</ele>
    </trkpt>
    <trkpt lat="-13.1278881" lon="131.1067028">
      <ele>66.948</ele>
    </trkpt>
    <trkpt lat="-13.128068" lon="131.106701">
      <ele>66.876</ele>
    </trkpt>
    <trkpt lat="-13.128172" lon="131.1067">
      <ele>66.88</ele>
    </trkpt>
    <trkpt lat="-13.129504" lon="131.106811">
      <ele>69.305</ele>
    </trkpt>
    <trkpt lat="-13.130743" lon="131.107015">
      <ele>69.0</ele>
    </trkpt>
    <trkpt lat="-13.131458" lon="131.1071188">
      <ele>70.255</ele>
    </trkpt>
    <trkpt lat="-13.1316361" lon="131.1071447">
      <ele>70.442</ele>
    </trkpt>
    <trkpt lat="-13.1318142" lon="131.1071705">
      <ele>70.628</ele>
    </trkpt>
    <trkpt lat="-13.132707" lon="131.1073">
      <ele>68.278</ele>
    </trkpt>
    <trkpt lat="-13.1330642" lon="131.1073128">
      <ele>67.978</ele>
    </trkpt>
    <trkpt lat="-13.134268" lon="131.1073559">
      <ele>64.116</ele>
    </trkpt>
    <trkpt lat="-13.1348613" lon="131.1073232">
      <ele>64.182</ele>
    </trkpt>
    <trkpt lat="-13.1350409" lon="131.1073133">
      <ele>64.0</ele>
    </trkpt>
    <trkpt lat="-13.1384897" lon="131.1071231">
      <ele>61.794</ele>
    </trkpt>
    <trkpt lat="-13.1388957" lon="131.1071043">
      <ele>61.428</ele>
    </trkpt>
    <trkpt lat="-13.1408398" lon="131.1069931">
      <ele>61.806</ele>
    </trkpt>
    <trkpt lat="-13.1449704" lon="131.1067591">
      <ele>61.035</ele>
    </trkpt>
    <trkpt lat="-13.1461489" lon="131.1066923">
      <ele>58.956</ele>
    </trkpt>
    <trkpt lat="-13.1499273" lon="131.1064867">
      <ele>61.168</ele>
    </trkpt>
    <trkpt lat="-13.1519753" lon="131.1063784">
      <ele>59.0</ele>
    </trkpt>
    <trkpt lat="-13.1521549" lon="131.1063689">
      <ele>59.0</ele>
    </trkpt>
    <trkpt lat="-13.1539289" lon="131.1062751">
      <ele>58.0</ele>
    </trkpt>
    <trkpt lat="-13.1562854" lon="131.1061335">
      <ele>59.081</ele>
    </trkpt>
    <trkpt lat="-13.156465" lon="131.1061227">
      <ele>59.042</ele>
    </trkpt>
    <trkpt lat="-13.1565908" lon="131.1061151">
      <ele>59.014</ele>
    </trkpt>
    <trkpt lat="-13.1571355" lon="131.1060765">
      <ele>58.875</ele>
    </trkpt>
    <trkpt lat="-13.158191" lon="131.1059376">
      <ele>58.0</ele>
    </trkpt>
    <trkpt lat="-13.1587848" lon="131.1058354">
      <ele>57.0</ele>
    </trkpt>
    <trkpt lat="-13.1588408" lon="131.1058258">
      <ele>57.0</ele>
    </trkpt>
    <trkpt lat="-13.1594876" lon="131.1056778">
      <ele>58.216</ele>
    </trkpt>
    <trkpt lat="-13.1596333" lon="131.1056445">
      <ele>57.423</ele>
    </trkpt>
    <trkpt lat="-13.1602531" lon="131.1055017">
      <ele>57.105</ele>
    </trkpt>
    <trkpt lat="-13.1610494" lon="131.1052857">
      <ele>58.029</ele>
    </trkpt>
    <trkpt lat="-13.1615732" lon="131.1051127">
      <ele>59.058</ele>
    </trkpt>
    <trkpt lat="-13.161902" lon="131.1050041">
      <ele>59.998</ele>
    </trkpt>
    <trkpt lat="-13.1619156" lon="131.1049993">
      <ele>60.0</ele>
    </trkpt>
    <trkpt lat="-13.1620856" lon="131.1049389">
      <ele>59.492</ele>
    </trkpt>
    <trkpt lat="-13.1629012" lon="131.1046492">
      <ele>57.556</ele>
    </trkpt>
    <trkpt lat="-13.1642827" lon="131.1041179">
      <ele>56.971</ele>
    </trkpt>
    <trkpt lat="-13.1654891" lon="131.103654">
      <ele>55.798</ele>
    </trkpt>
    <trkpt lat="-13.1661335" lon="131.1033998">
      <ele>56.462</ele>
    </trkpt>
    <trkpt lat="-13.1665746" lon="131.1032258">
      <ele>58.226</ele>
    </trkpt>
    <trkpt lat="-13.1672244" lon="131.1029712">
      <ele>57.992</ele>
    </trkpt>
    <trkpt lat="-13.1679418" lon="131.1027398">
      <ele>56.298</ele>
    </trkpt>
    <trkpt lat="-13.168173" lon="131.10268">
      <ele>57.902</ele>
    </trkpt>
    <trkpt lat="-13.1683474" lon="131.1026348">
      <ele>59.567</ele>
    </trkpt>
    <trkpt lat="-13.1684488" lon="131.1026086">
      <ele>59.899</ele>
    </trkpt>
    <trkpt lat="-13.1685221" lon="131.1025906">
      <ele>60.007</ele>
    </trkpt>
    <trkpt lat="-13.168697" lon="131.1025475">
      <ele>59.744</ele>
    </trkpt>
    <trkpt lat="-13.1689184" lon="131.1024929">
      <ele>58.891</ele>
    </trkpt>
    <trkpt lat="-13.1703193" lon="131.1022692">
      <ele>53.319</ele>
    </trkpt>
    <trkpt lat="-13.1724279" lon="131.1019481">
      <ele>52.013</ele>
    </trkpt>
    <trkpt lat="-13.1726059" lon="131.101921">
      <ele>52.349</ele>
    </trkpt>
    <trkpt lat="-13.1727838" lon="131.1018939">
      <ele>52.822</ele>
    </trkpt>
    <trkpt lat="-13.1733175" lon="131.1018126">
      <ele>52.552</ele>
    </trkpt>
    <trkpt lat="-13.1739627" lon="131.1017143">
      <ele>51.266</ele>
    </trkpt>
    <trkpt lat="-13.1754308" lon="131.1014934">
      <ele>54.449</ele>
    </trkpt>
    <trkpt lat="-13.1763387" lon="131.1013303">
      <ele>53.827</ele>
    </trkpt>
    <trkpt lat="-13.177263" lon="131.1011642">
      <ele>57.354</ele>
    </trkpt>
    <trkpt lat="-13.1784697" lon="131.1009798">
      <ele>57.25</ele>
    </trkpt>
    <trkpt lat="-13.1788256" lon="131.1009254">
      <ele>55.64</ele>
    </trkpt>
    <trkpt lat="-13.1790035" lon="131.1008982">
      <ele>55.217</ele>
    </trkpt>
    <trkpt lat="-13.1791814" lon="131.100871">
      <ele>54.864</ele>
    </trkpt>
    <trkpt lat="-13.1792098" lon="131.1008667">
      <ele>54.88</ele>
    </trkpt>
    <trkpt lat="-13.1793596" lon="131.1008462">
      <ele>54.954</ele>
    </trkpt>
    <trkpt lat="-13.1808605" lon="131.1006406">
      <ele>55.068</ele>
    </trkpt>
    <trkpt lat="-13.1809648" lon="131.100633">
      <ele>55.341</ele>
    </trkpt>
    <trkpt lat="-13.1820659" lon="131.1005533">
      <ele>53.579</ele>
    </trkpt>
    <trkpt lat="-13.1827612" lon="131.1005687">
      <ele>53.833</ele>
    </trkpt>
    <trkpt lat="-13.1835565" lon="131.1006406">
      <ele>58.945</ele>
    </trkpt>
    <trkpt lat="-13.1859474" lon="131.101031">
      <ele>55.821</ele>
    </trkpt>
    <trkpt lat="-13.1889806" lon="131.1015519">
      <ele>52.35</ele>
    </trkpt>
    <trkpt lat="-13.1892427" lon="131.1015969">
      <ele>53.32</ele>
    </trkpt>
    <trkpt lat="-13.1893353" lon="131.1016131">
      <ele>53.31</ele>
    </trkpt>
    <trkpt lat="-13.1895127" lon="131.1016441">
      <ele>53.674</ele>
    </trkpt>
    <trkpt lat="-13.1921537" lon="131.1021055">
      <ele>56.277</ele>
    </trkpt>
    <trkpt lat="-13.1923498" lon="131.1021392">
      <ele>56.895</ele>
    </trkpt>
    <trkpt lat="-13.1925272" lon="131.1021697">
      <ele>57.397</ele>
    </trkpt>
    <trkpt lat="-13.1927046" lon="131.1022002">
      <ele>57.217</ele>
    </trkpt>
    <trkpt lat="-13.192882" lon="131.1022307">
      <ele>57.272</ele>
    </trkpt>
    <trkpt lat="-13.1946945" lon="131.1025422">
      <ele>54.9</ele>
    </trkpt>
    <trkpt lat="-13.1964354" lon="131.1028049">
      <ele>57.793</ele>
    </trkpt>
    <trkpt lat="-13.1966352" lon="131.102835">
      <ele>58.245</ele>
    </trkpt>
    <trkpt lat="-13.1975112" lon="131.1028825">
      <ele>57.221</ele>
    </trkpt>
    <trkpt lat="-13.1980501" lon="131.1029118">
      <ele>56.01</ele>
    </trkpt>
    <trkpt lat="-13.1982297" lon="131.1029215">
      <ele>55.049</ele>
    </trkpt>
    <trkpt lat="-13.1985411" lon="131.1029384">
      <ele>53.989</ele>
    </trkpt>
    <trkpt lat="-13.1987688" lon="131.1029416">
      <ele>53.82</ele>
    </trkpt>
    <trkpt lat="-13.1996465" lon="131.1029538">
      <ele>53.46</ele>
    </trkpt>
    <trkpt lat="-13.2005692" lon="131.1029307">
      <ele>55.375</ele>
    </trkpt>
    <trkpt lat="-13.2014686" lon="131.1028732">
      <ele>56.313</ele>
    </trkpt>
    <trkpt lat="-13.2024215" lon="131.1027749">
      <ele>58.448</ele>
    </trkpt>
    <trkpt lat="-13.2031613" lon="131.1026842">
      <ele>59.293</ele>
    </trkpt>
    <trkpt lat="-13.2041335" lon="131.1025187">
      <ele>57.925</ele>
    </trkpt>
    <trkpt lat="-13.2054278" lon="131.1022825">
      <ele>57.783</ele>
    </trkpt>
    <trkpt lat="-13.2062471" lon="131.1021287">
      <ele>59.012</ele>
    </trkpt>
    <trkpt lat="-13.20679" lon="131.1020298">
      <ele>59.214</ele>
    </trkpt>
    <trkpt lat="-13.2070257" lon="131.1019859">
      <ele>58.707</ele>
    </trkpt>
    <trkpt lat="-13.2072598" lon="131.1019456">
      <ele>58.135</ele>
    </trkpt>
    <trkpt lat="-13.2080483" lon="131.1018007">
      <ele>60.539</ele>
    </trkpt>
    <trkpt lat="-13.2092113" lon="131.1015704">
      <ele>59.347</ele>
    </trkpt>
    <trkpt lat="-13.2109068" lon="131.1012535">
      <ele>56.933</ele>
    </trkpt>
    <trkpt lat="-13.2113274" lon="131.1011716">
      <ele>54.959</ele>
    </trkpt>
    <trkpt lat="-13.2116808" lon="131.1011028">
      <ele>56.039</ele>
    </trkpt>
    <trkpt lat="-13.2118576" lon="131.1010684">
      <ele>55.774</ele>
    </trkpt>
    <trkpt lat="-13.212211" lon="131.1009996">
      <ele>56.204</ele>
    </trkpt>
    <trkpt lat="-13.2123877" lon="131.1009652">
      <ele>57.172</ele>
    </trkpt>
    <trkpt lat="-13.2128283" lon="131.1008794">
      <ele>57.321</ele>
    </trkpt>
    <trkpt lat="-13.2138027" lon="131.1006969">
      <ele>57.491</ele>
    </trkpt>
    <trkpt lat="-13.2148244" lon="131.1005056">
      <ele>55.114</ele>
    </trkpt>
    <trkpt lat="-13.2169913" lon="131.1001002">
      <ele>53.232</ele>
    </trkpt>
    <trkpt lat="-13.2178723" lon="131.0999336">
      <ele>51.401</ele>
    </trkpt>
    <trkpt lat="-13.2180492" lon="131.0999001">
      <ele>50.397</ele>
    </trkpt>
    <trkpt lat="-13.2181887" lon="131.0998737">
      <ele>50.237</ele>
    </trkpt>
    <trkpt lat="-13.2182261" lon="131.0998669">
      <ele>50.185</ele>
    </trkpt>
    <trkpt lat="-13.2184032" lon="131.0998346">
      <ele>50.102</ele>
    </trkpt>
    <trkpt lat="-13.2185803" lon="131.0998023">
      <ele>50.256</ele>
    </trkpt>
    <trkpt lat="-13.2196351" lon="131.09961">
      <ele>51.536</ele>
    </trkpt>
    <trkpt lat="-13.2205335" lon="131.0994546">
      <ele>53.948</ele>
    </trkpt>
    <trkpt lat="-13.2210565" lon="131.0994056">
      <ele>56.636</ele>
    </trkpt>
    <trkpt lat="-13.2215949" lon="131.0993822">
      <ele>58.293</ele>
    </trkpt>
    <trkpt lat="-13.2223711" lon="131.0993918">
      <ele>57.895</ele>
    </trkpt>
    <trkpt lat="-13.222846" lon="131.0994345">
      <ele>56.366</ele>
    </trkpt>
    <trkpt lat="-13.2236485" lon="131.0995509">
      <ele>52.466</ele>
    </trkpt>
    <trkpt lat="-13.2245267" lon="131.0996905">
      <ele>52.114</ele>
    </trkpt>
    <trkpt lat="-13.2246378" lon="131.0997082">
      <ele>52.05</ele>
    </trkpt>
    <trkpt lat="-13.2254727" lon="131.0998469">
      <ele>52.047</ele>
    </trkpt>
    <trkpt lat="-13.2257525" lon="131.0998934">
      <ele>53.053</ele>
    </trkpt>
    <trkpt lat="-13.2257832" lon="131.0998985">
      <ele>53.155</ele>
    </trkpt>
    <trkpt lat="-13.226107" lon="131.0999559">
      <ele>53.526</ele>
    </trkpt>
    <trkpt lat="-13.2269639" lon="131.1001078">
      <ele>53.07</ele>
    </trkpt>
    <trkpt lat="-13.2280579" lon="131.1002941">
      <ele>54.0</ele>
    </trkpt>
    <trkpt lat="-13.2281185" lon="131.1003044">
      <ele>54.0</ele>
    </trkpt>
    <trkpt lat="-13.2291987" lon="131.1004832">
      <ele>54.376</ele>
    </trkpt>
    <trkpt lat="-13.2292594" lon="131.1004932">
      <ele>54.558</ele>
    </trkpt>
    <trkpt lat="-13.2302287" lon="131.1006521">
      <ele>53.939</ele>
    </trkpt>
    <trkpt lat="-13.2318405" lon="131.1009281">
      <ele>55.588</ele>
    </trkpt>
    <trkpt lat="-13.2322161" lon="131.1009934">
      <ele>55.013</ele>
    </trkpt>
    <trkpt lat="-13.2327154" lon="131.1010801">
      <ele>55.975</ele>
    </trkpt>
    <trkpt lat="-13.2333511" lon="131.1011905">
      <ele>54.064</ele>
    </trkpt>
    <trkpt lat="-13.2338722" lon="131.10127">
      <ele>56.478</ele>
    </trkpt>
    <trkpt lat="-13.2338848" lon="131.1012724">
      <ele>56.557</ele>
    </trkpt>
    <trkpt lat="-13.2340617" lon="131.1013058">
      <ele>57.073</ele>
    </trkpt>
    <trkpt lat="-13.2344072" lon="131.1013712">
      <ele>57.874</ele>
    </trkpt>
    <trkpt lat="-13.2344732" lon="131.1013847">
      <ele>58.003</ele>
    </trkpt>
    <trkpt lat="-13.234825" lon="131.1014554">
      <ele>57.521</ele>
    </trkpt>
    <trkpt lat="-13.2348713" lon="131.1014665">
      <ele>57.441</ele>
    </trkpt>
    <trkpt lat="-13.2350119" lon="131.1014981">
      <ele>57.257</ele>
    </trkpt>
    <trkpt lat="-13.235146" lon="131.1015336">
      <ele>57.484</ele>
    </trkpt>
    <trkpt lat="-13.2352884" lon="131.1015741">
      <ele>57.628</ele>
    </trkpt>
    <trkpt lat="-13.2353536" lon="131.1016007">
      <ele>57.202</ele>
    </trkpt>
    <trkpt lat="-13.2354978" lon="131.1016604">
      <ele>56.253</ele>
    </trkpt>
    <trkpt lat="-13.2356358" lon="131.1017161">
      <ele>55.118</ele>
    </trkpt>
    <trkpt lat="-13.2358188" lon="131.1018067">
      <ele>53.574</ele>
    </trkpt>
    <trkpt lat="-13.2360225" lon="131.1019216">
      <ele>53.082</ele>
    </trkpt>
    <trkpt lat="-13.2362468" lon="131.1020619">
      <ele>53.639</ele>
    </trkpt>
    <trkpt lat="-13.2365045" lon="131.1022453">
      <ele>54.548</ele>
    </trkpt>
    <trkpt lat="-13.2367067" lon="131.1024096">
      <ele>55.819</ele>
    </trkpt>
    <trkpt lat="-13.2369437" lon="131.1026331">
      <ele>56.042</ele>
    </trkpt>
    <trkpt lat="-13.2372449" lon="131.1029385">
      <ele>54.258</ele>
    </trkpt>
    <trkpt lat="-13.2373078" lon="131.1030103">
      <ele>53.547</ele>
    </trkpt>
    <trkpt lat="-13.2374087" lon="131.1031088">
      <ele>52.915</ele>
    </trkpt>
    <trkpt lat="-13.2375658" lon="131.1032896">
      <ele>53.685</ele>
    </trkpt>
    <trkpt lat="-13.2376932" lon="131.1034309">
      <ele>54.596</ele>
    </trkpt>
    <trkpt lat="-13.2378382" lon="131.103603">
      <ele>55.73</ele>
    </trkpt>
    <trkpt lat="-13.2381127" lon="131.1039858">
      <ele>55.215</ele>
    </trkpt>
    <trkpt lat="-13.2384408" lon="131.1044511">
      <ele>56.387</ele>
    </trkpt>
    <trkpt lat="-13.2387599" lon="131.1049032">
      <ele>56.697</ele>
    </trkpt>
    <trkpt lat="-13.2390056" lon="131.1052798">
      <ele>57.003</ele>
    </trkpt>
    <trkpt lat="-13.23923" lon="131.1056227">
      <ele>57.344</ele>
    </trkpt>
    <trkpt lat="-13.2393629" lon="131.1058327">
      <ele>56.003</ele>
    </trkpt>
    <trkpt lat="-13.2394619" lon="131.1059954">
      <ele>54.844</ele>
    </trkpt>
    <trkpt lat="-13.2395047" lon="131.1060712">
      <ele>54.442</ele>
    </trkpt>
    <trkpt lat="-13.2397175" lon="131.1064227">
      <ele>55.122</ele>
    </trkpt>
    <trkpt lat="-13.2397431" lon="131.1064598">
      <ele>55.255</ele>
    </trkpt>
    <trkpt lat="-13.2399524" lon="131.1068101">
      <ele>55.484</ele>
    </trkpt>
    <trkpt lat="-13.2401503" lon="131.107129">
      <ele>53.076</ele>
    </trkpt>
    <trkpt lat="-13.2402217" lon="131.1072431">
      <ele>51.44</ele>
    </trkpt>
    <trkpt lat="-13.2402829" lon="131.1073411">
      <ele>50.126</ele>
    </trkpt>
    <trkpt lat="-13.240318" lon="131.1073992">
      <ele>49.581</ele>
    </trkpt>
    <trkpt lat="-13.2405556" lon="131.107793">
      <ele>48.0</ele>
    </trkpt>
    <trkpt lat="-13.2408178" lon="131.1082865">
      <ele>48.738</ele>
    </trkpt>
    <trkpt lat="-13.2408557" lon="131.1083599">
      <ele>49.088</ele>
    </trkpt>
    <trkpt lat="-13.2408865" lon="131.1084223">
      <ele>49.253</ele>
    </trkpt>
    <trkpt lat="-13.2409678" lon="131.1085872">
      <ele>49.926</ele>
    </trkpt>
    <trkpt lat="-13.2410484" lon="131.1087507">
      <ele>51.554</ele>
    </trkpt>
    <trkpt lat="-13.2412843" lon="131.1092564">
      <ele>54.403</ele>
    </trkpt>
    <trkpt lat="-13.2413569" lon="131.10942">
      <ele>55.614</ele>
    </trkpt>
    <trkpt lat="-13.241443" lon="131.1096138">
      <ele>55.924</ele>
    </trkpt>
    <trkpt lat="-13.2414636" lon="131.1096603">
      <ele>55.94</ele>
    </trkpt>
    <trkpt lat="-13.2415161" lon="131.1097826">
      <ele>55.882</ele>
    </trkpt>
    <trkpt lat="-13.2417337" lon="131.1102899">
      <ele>55.726</ele>
    </trkpt>
    <trkpt lat="-13.2418093" lon="131.1104841">
      <ele>55.125</ele>
    </trkpt>
    <trkpt lat="-13.2418597" lon="131.1106226">
      <ele>54.685</ele>
    </trkpt>
    <trkpt lat="-13.2419288" lon="131.1108032">
      <ele>54.058</ele>
    </trkpt>
    <trkpt lat="-13.2419641" lon="131.1109158">
      <ele>53.703</ele>
    </trkpt>
    <trkpt lat="-13.2420352" lon="131.1111302">
      <ele>53.0</ele>
    </trkpt>
    <trkpt lat="-13.2420694" lon="131.1112224">
      <ele>53.0</ele>
    </trkpt>
    <trkpt lat="-13.2421496" lon="131.1114957">
      <ele>53.284</ele>
    </trkpt>
    <trkpt lat="-13.2422691" lon="131.1118747">
      <ele>53.377</ele>
    </trkpt>
    <trkpt lat="-13.2423238" lon="131.1120388">
      <ele>53.241</ele>
    </trkpt>
    <trkpt lat="-13.2423625" lon="131.1121714">
      <ele>53.092</ele>
    </trkpt>
    <trkpt lat="-13.2424509" lon="131.1125133">
      <ele>51.961</ele>
    </trkpt>
    <trkpt lat="-13.2425425" lon="131.1129542">
      <ele>50.847</ele>
    </trkpt>
    <trkpt lat="-13.2425852" lon="131.1132052">
      <ele>51.232</ele>
    </trkpt>
    <trkpt lat="-13.2426422" lon="131.1134701">
      <ele>51.488</ele>
    </trkpt>
    <trkpt lat="-13.2426846" lon="131.1136499">
      <ele>51.381</ele>
    </trkpt>
    <trkpt lat="-13.2427263" lon="131.11388">
      <ele>51.795</ele>
    </trkpt>
    <trkpt lat="-13.2427778" lon="131.1141878">
      <ele>52.076</ele>
    </trkpt>
    <trkpt lat="-13.2428574" lon="131.1146921">
      <ele>53.031</ele>
    </trkpt>
    <trkpt lat="-13.2428598" lon="131.1147074">
      <ele>53.016</ele>
    </trkpt>
    <trkpt lat="-13.2429198" lon="131.1151357">
      <ele>49.75</ele>
    </trkpt>
    <trkpt lat="-13.2429988" lon="131.115694">
      <ele>49.0</ele>
    </trkpt>
    <trkpt lat="-13.2430831" lon="131.1163353">
      <ele>48.0</ele>
    </trkpt>
    <trkpt lat="-13.2431337" lon="131.1167409">
      <ele>49.534</ele>
    </trkpt>
    <trkpt lat="-13.243361" lon="131.1183629">
      <ele>50.089</ele>
    </trkpt>
    <trkpt lat="-13.24356" lon="131.1193889">
      <ele>49.837</ele>
    </trkpt>
    <trkpt lat="-13.2437178" lon="131.12002">
      <ele>50.928</ele>
    </trkpt>
    <trkpt lat="-13.2437197" lon="131.1200372">
      <ele>50.866</ele>
    </trkpt>
    <trkpt lat="-13.2437604" lon="131.1202012">
      <ele>50.276</ele>
    </trkpt>
    <trkpt lat="-13.2437933" lon="131.1203339">
      <ele>49.867</ele>
    </trkpt>
    <trkpt lat="-13.2439091" lon="131.120742">
      <ele>49.0</ele>
    </trkpt>
    <trkpt lat="-13.2443568" lon="131.1223205">
      <ele>49.354</ele>
    </trkpt>
    <trkpt lat="-13.2446288" lon="131.1231029">
      <ele>49.0</ele>
    </trkpt>
    <trkpt lat="-13.244858" lon="131.1236991">
      <ele>48.334</ele>
    </trkpt>
    <trkpt lat="-13.2451873" lon="131.1245305">
      <ele>48.31</ele>
    </trkpt>
    <trkpt lat="-13.245253" lon="131.1246963">
      <ele>48.907</ele>
    </trkpt>
    <trkpt lat="-13.2453922" lon="131.1249931">
      <ele>47.201</ele>
    </trkpt>
    <trkpt lat="-13.2458972" lon="131.1260697">
      <ele>47.149</ele>
    </trkpt>
    <trkpt lat="-13.2460914" lon="131.126476">
      <ele>46.071</ele>
    </trkpt>
    <trkpt lat="-13.2463457" lon="131.1269439">
      <ele>47.153</ele>
    </trkpt>
    <trkpt lat="-13.2465564" lon="131.1273459">
      <ele>47.268</ele>
    </trkpt>
    <trkpt lat="-13.2471589" lon="131.1284952">
      <ele>46.189</ele>
    </trkpt>
    <trkpt lat="-13.247307" lon="131.1287588">
      <ele>46.675</ele>
    </trkpt>
    <trkpt lat="-13.2473329" lon="131.1288049">
      <ele>46.818</ele>
    </trkpt>
    <trkpt lat="-13.2473969" lon="131.1289189">
      <ele>47.0</ele>
    </trkpt>
    <trkpt lat="-13.2474228" lon="131.128965">
      <ele>47.0</ele>
    </trkpt>
    <trkpt lat="-13.2479088" lon="131.1298299">
      <ele>46.612</ele>
    </trkpt>
    <trkpt lat="-13.2483313" lon="131.1305545">
      <ele>46.0</ele>
    </trkpt>
    <trkpt lat="-13.2486818" lon="131.1311378">
      <ele>45.891</ele>
    </trkpt>
    <trkpt lat="-13.2491003" lon="131.1318107">
      <ele>48.395</ele>
    </trkpt>
    <trkpt lat="-13.2496278" lon="131.1326204">
      <ele>45.567</ele>
    </trkpt>
    <trkpt lat="-13.2503953" lon="131.1337585">
      <ele>46.694</ele>
    </trkpt>
    <trkpt lat="-13.2507089" lon="131.1341957">
      <ele>46.058</ele>
    </trkpt>
    <trkpt lat="-13.2507396" lon="131.1342386">
      <ele>46.172</ele>
    </trkpt>
    <trkpt lat="-13.2508156" lon="131.1343446">
      <ele>46.6</ele>
    </trkpt>
    <trkpt lat="-13.2508463" lon="131.1343874">
      <ele>46.804</ele>
    </trkpt>
    <trkpt lat="-13.2512311" lon="131.1349241">
      <ele>45.841</ele>
    </trkpt>
    <trkpt lat="-13.2516391" lon="131.1354744">
      <ele>44.807</ele>
    </trkpt>
    <trkpt lat="-13.2518457" lon="131.1357481">
      <ele>46.782</ele>
    </trkpt>
    <trkpt lat="-13.2523233" lon="131.1363727">
      <ele>45.401</ele>
    </trkpt>
    <trkpt lat="-13.2529247" lon="131.1371229">
      <ele>48.0</ele>
    </trkpt>
    <trkpt lat="-13.2536452" lon="131.1379938">
      <ele>47.905</ele>
    </trkpt>
    <trkpt lat="-13.2538551" lon="131.1382368">
      <ele>47.695</ele>
    </trkpt>
    <trkpt lat="-13.2549826" lon="131.1395139">
      <ele>48.734</ele>
    </trkpt>
    <trkpt lat="-13.2555029" lon="131.1400705">
      <ele>47.254</ele>
    </trkpt>
    <trkpt lat="-13.2555997" lon="131.1401714">
      <ele>47.519</ele>
    </trkpt>
    <trkpt lat="-13.2561708" lon="131.1407668">
      <ele>46.403</ele>
    </trkpt>
    <trkpt lat="-13.2569914" lon="131.1415976">
      <ele>46.418</ele>
    </trkpt>
    <trkpt lat="-13.2587304" lon="131.143357">
      <ele>47.656</ele>
    </trkpt>
    <trkpt lat="-13.2601645" lon="131.1448138">
      <ele>48.0</ele>
    </trkpt>
    <trkpt lat="-13.2602925" lon="131.1449438">
      <ele>48.0</ele>
    </trkpt>
    <trkpt lat="-13.2605482" lon="131.1452036">
      <ele>47.981</ele>
    </trkpt>
    <trkpt lat="-13.2606296" lon="131.1452863">
      <ele>47.977</ele>
    </trkpt>
    <trkpt lat="-13.2608042" lon="131.1454635">
      <ele>47.93</ele>
    </trkpt>
    <trkpt lat="-13.260969" lon="131.1456307">
      <ele>48.897</ele>
    </trkpt>
    <trkpt lat="-13.261097" lon="131.1457605">
      <ele>49.724</ele>
    </trkpt>
    <trkpt lat="-13.2630167" lon="131.1477081">
      <ele>47.391</ele>
    </trkpt>
    <trkpt lat="-13.2636198" lon="131.1483199">
      <ele>49.03</ele>
    </trkpt>
    <trkpt lat="-13.2637478" lon="131.1484498">
      <ele>49.492</ele>
    </trkpt>
    <trkpt lat="-13.2642597" lon="131.1489691">
      <ele>49.711</ele>
    </trkpt>
    <trkpt lat="-13.2687442" lon="131.1535191">
      <ele>50.697</ele>
    </trkpt>
    <trkpt lat="-13.2698922" lon="131.1546809">
      <ele>49.058</ele>
    </trkpt>
    <trkpt lat="-13.2700573" lon="131.154848">
      <ele>49.0</ele>
    </trkpt>
    <trkpt lat="-13.2717102" lon="131.1565208">
      <ele>50.0</ele>
    </trkpt>
    <trkpt lat="-13.2735413" lon="131.1583782">
      <ele>49.789</ele>
    </trkpt>
    <trkpt lat="-13.2745289" lon="131.1593867">
      <ele>50.063</ele>
    </trkpt>
    <trkpt lat="-13.2750093" lon="131.159877">
      <ele>47.985</ele>
    </trkpt>
    <trkpt lat="-13.2750699" lon="131.1599388">
      <ele>47.945</ele>
    </trkpt>
    <trkpt lat="-13.2751373" lon="131.1600068">
      <ele>48.012</ele>
    </trkpt>
    <trkpt lat="-13.2756754" lon="131.1605498">
      <ele>48.461</ele>
    </trkpt>
    <trkpt lat="-13.2762127" lon="131.1611044">
      <ele>49.976</ele>
    </trkpt>
    <trkpt lat="-13.277192" lon="131.1621965">
      <ele>49.782</ele>
    </trkpt>
    <trkpt lat="-13.2779902" lon="131.1631849">
      <ele>53.765</ele>
    </trkpt>
    <trkpt lat="-13.2786522" lon="131.1640768">
      <ele>49.629</ele>
    </trkpt>
    <trkpt lat="-13.2788568" lon="131.1643752">
      <ele>50.087</ele>
    </trkpt>
    <trkpt lat="-13.2790453" lon="131.1646527">
      <ele>49.578</ele>
    </trkpt>
    <trkpt lat="-13.2791449" lon="131.1647993">
      <ele>49.356</ele>
    </trkpt>
    <trkpt lat="-13.2791481" lon="131.1648043">
      <ele>49.362</ele>
    </trkpt>
    <trkpt lat="-13.2794904" lon="131.1653372">
      <ele>49.821</ele>
    </trkpt>
    <trkpt lat="-13.279658" lon="131.165613">
      <ele>49.976</ele>
    </trkpt>
    <trkpt lat="-13.2799554" lon="131.1660931">
      <ele>51.15</ele>
    </trkpt>
    <trkpt lat="-13.2799924" lon="131.1661604">
      <ele>51.2</ele>
    </trkpt>
    <trkpt lat="-13.2800809" lon="131.1663213">
      <ele>51.757</ele>
    </trkpt>
    <trkpt lat="-13.2804877" lon="131.167061">
      <ele>50.561</ele>
    </trkpt>
    <trkpt lat="-13.2806576" lon="131.16739">
      <ele>51.237</ele>
    </trkpt>
    <trkpt lat="-13.2807732" lon="131.1676225">
      <ele>51.562</ele>
    </trkpt>
    <trkpt lat="-13.2812956" lon="131.1687227">
      <ele>52.598</ele>
    </trkpt>
    <trkpt lat="-13.2815178" lon="131.169234">
      <ele>53.0</ele>
    </trkpt>
    <trkpt lat="-13.2818819" lon="131.1701399">
      <ele>50.775</ele>
    </trkpt>
    <trkpt lat="-13.2818985" lon="131.1701885">
      <ele>50.835</ele>
    </trkpt>
    <trkpt lat="-13.2821631" lon="131.170911">
      <ele>52.847</ele>
    </trkpt>
    <trkpt lat="-13.2823672" lon="131.1715025">
      <ele>51.804</ele>
    </trkpt>
    <trkpt lat="-13.2826035" lon="131.1722607">
      <ele>52.46</ele>
    </trkpt>
    <trkpt lat="-13.2827667" lon="131.1728179">
      <ele>54.184</ele>
    </trkpt>
    <trkpt lat="-13.2828029" lon="131.1729453">
      <ele>54.458</ele>
    </trkpt>
    <trkpt lat="-13.2840636" lon="131.1778023">
      <ele>54.629</ele>
    </trkpt>
    <trkpt lat="-13.2843964" lon="131.1790657">
      <ele>56.11</ele>
    </trkpt>
    <trkpt lat="-13.2844434" lon="131.1792441">
      <ele>56.003</ele>
    </trkpt>
    <trkpt lat="-13.2844904" lon="131.1794224">
      <ele>55.987</ele>
    </trkpt>
    <trkpt lat="-13.2845161" lon="131.1795202">
      <ele>55.727</ele>
    </trkpt>
    <trkpt lat="-13.285178" lon="131.182074">
      <ele>60.551</ele>
    </trkpt>
    <trkpt lat="-13.2853751" lon="131.1827732">
      <ele>61.345</ele>
    </trkpt>
    <trkpt lat="-13.2854458" lon="131.1830098">
      <ele>61.605</ele>
    </trkpt>
    <trkpt lat="-13.2855814" lon="131.1833661">
      <ele>63.211</ele>
    </trkpt>
    <trkpt lat="-13.2856343" lon="131.1835017">
      <ele>63.89</ele>
    </trkpt>
    <trkpt lat="-13.2858336" lon="131.1839571">
      <ele>65.756</ele>
    </trkpt>
    <trkpt lat="-13.2858672" lon="131.1840253">
      <ele>65.693</ele>
    </trkpt>
    <trkpt lat="-13.2859531" lon="131.1842083">
      <ele>65.281</ele>
    </trkpt>
    <trkpt lat="-13.2862289" lon="131.1847047">
      <ele>63.268</ele>
    </trkpt>
    <trkpt lat="-13.286306" lon="131.1848312">
      <ele>62.48</ele>
    </trkpt>
    <trkpt lat="-13.2864186" lon="131.1850161">
      <ele>61.936</ele>
    </trkpt>
    <trkpt lat="-13.2865302" lon="131.185174">
      <ele>61.055</ele>
    </trkpt>
    <trkpt lat="-13.2867085" lon="131.185433">
      <ele>59.033</ele>
    </trkpt>
    <trkpt lat="-13.2868224" lon="131.1855872">
      <ele>58.561</ele>
    </trkpt>
    <trkpt lat="-13.2875432" lon="131.1865634">
      <ele>57.841</ele>
    </trkpt>
    <trkpt lat="-13.2884141" lon="131.1877404">
      <ele>54.844</ele>
    </trkpt>
    <trkpt lat="-13.2886318" lon="131.1880346">
      <ele>54.0</ele>
    </trkpt>
    <trkpt lat="-13.2899708" lon="131.1898442">
      <ele>53.59</ele>
    </trkpt>
    <trkpt lat="-13.2914489" lon="131.1919148">
      <ele>51.893</ele>
    </trkpt>
    <trkpt lat="-13.2915705" lon="131.192085">
      <ele>52.175</ele>
    </trkpt>
    <trkpt lat="-13.2916721" lon="131.192222">
      <ele>51.98</ele>
    </trkpt>
    <trkpt lat="-13.2924817" lon="131.1933059">
      <ele>53.0</ele>
    </trkpt>
    <trkpt lat="-13.2932146" lon="131.194281">
      <ele>55.0</ele>
    </trkpt>
    <trkpt lat="-13.2950813" lon="131.1967624">
      <ele>55.536</ele>
    </trkpt>
    <trkpt lat="-13.2961586" lon="131.1982417">
      <ele>57.0</ele>
    </trkpt>
    <trkpt lat="-13.2962659" lon="131.19839">
      <ele>56.91</ele>
    </trkpt>
    <trkpt lat="-13.2968283" lon="131.1991662">
      <ele>56.582</ele>
    </trkpt>
    <trkpt lat="-13.2970161" lon="131.1994075">
      <ele>56.966</ele>
    </trkpt>
    <trkpt lat="-13.2972187" lon="131.199663">
      <ele>57.787</ele>
    </trkpt>
    <trkpt lat="-13.2978076" lon="131.2003637">
      <ele>63.491</ele>
    </trkpt>
    <trkpt lat="-13.2980782" lon="131.2006623">
      <ele>65.132</ele>
    </trkpt>
    <trkpt lat="-13.2980818" lon="131.2006663">
      <ele>65.151</ele>
    </trkpt>
    <trkpt lat="-13.2984511" lon="131.2010632">
      <ele>66.424</ele>
    </trkpt>
    <trkpt lat="-13.2985754" lon="131.2011968">
      <ele>67.18</ele>
    </trkpt>
    <trkpt lat="-13.2986996" lon="131.2013303">
      <ele>67.856</ele>
    </trkpt>
    <trkpt lat="-13.2989482" lon="131.2015974">
      <ele>67.249</ele>
    </trkpt>
    <trkpt lat="-13.2989973" lon="131.2016502">
      <ele>67.059</ele>
    </trkpt>
    <trkpt lat="-13.2990755" lon="131.201728">
      <ele>66.928</ele>
    </trkpt>
    <trkpt lat="-13.2992049" lon="131.2018568">
      <ele>67.275</ele>
    </trkpt>
    <trkpt lat="-13.299581" lon="131.2022309">
      <ele>68.492</ele>
    </trkpt>
    <trkpt lat="-13.2999932" lon="131.2026141">
      <ele>68.589</ele>
    </trkpt>
    <trkpt lat="-13.3003934" lon="131.2029861">
      <ele>65.812</ele>
    </trkpt>
    <trkpt lat="-13.3004601" lon="131.2030481">
      <ele>65.692</ele>
    </trkpt>
    <trkpt lat="-13.3005293" lon="131.2031073">
      <ele>65.719</ele>
    </trkpt>
    <trkpt lat="-13.3006673" lon="131.2032249">
      <ele>65.95</ele>
    </trkpt>
    <trkpt lat="-13.3007065" lon="131.2032583">
      <ele>65.96</ele>
    </trkpt>
    <trkpt lat="-13.300808" lon="131.2033399">
      <ele>65.883</ele>
    </trkpt>
    <trkpt lat="-13.301375" lon="131.2037951">
      <ele>65.629</ele>
    </trkpt>
    <trkpt lat="-13.3013757" lon="131.2037957">
      <ele>65.633</ele>
    </trkpt>
    <trkpt lat="-13.3016583" lon="131.2040227">
      <ele>66.467</ele>
    </trkpt>
    <trkpt lat="-13.3016592" lon="131.2040234">
      <ele>66.471</ele>
    </trkpt>
    <trkpt lat="-13.3020981" lon="131.2043759">
      <ele>67.583</ele>
    </trkpt>
    <trkpt lat="-13.3022121" lon="131.2044594">
      <ele>67.088</ele>
    </trkpt>
    <trkpt lat="-13.3023786" lon="131.2045754">
      <ele>66.941</ele>
    </trkpt>
    <trkpt lat="-13.3023797" lon="131.2045762">
      <ele>66.937</ele>
    </trkpt>
    <trkpt lat="-13.3025274" lon="131.2046792">
      <ele>66.056</ele>
    </trkpt>
    <trkpt lat="-13.3029739" lon="131.2049906">
      <ele>66.274</ele>
    </trkpt>
    <trkpt lat="-13.3034873" lon="131.2053486">
      <ele>66.114</ele>
    </trkpt>
    <trkpt lat="-13.3037192" lon="131.2055008">
      <ele>65.688</ele>
    </trkpt>
    <trkpt lat="-13.3049469" lon="131.2062412">
      <ele>67.468</ele>
    </trkpt>
    <trkpt lat="-13.3054546" lon="131.2065344">
      <ele>65.363</ele>
    </trkpt>
    <trkpt lat="-13.3059172" lon="131.2067691">
      <ele>63.698</ele>
    </trkpt>
    <trkpt lat="-13.3059202" lon="131.2067706">
      <ele>63.687</ele>
    </trkpt>
    <trkpt lat="-13.3060785" lon="131.2068509">
      <ele>63.117</ele>
    </trkpt>
    <trkpt lat="-13.3067236" lon="131.2071783">
      <ele>63.0</ele>
    </trkpt>
    <trkpt lat="-13.3067652" lon="131.2071994">
      <ele>63.0</ele>
    </trkpt>
    <trkpt lat="-13.3071454" lon="131.2073754">
      <ele>61.897</ele>
    </trkpt>
    <trkpt lat="-13.3073827" lon="131.2074743">
      <ele>61.763</ele>
    </trkpt>
    <trkpt lat="-13.3073866" lon="131.2074759">
      <ele>61.765</ele>
    </trkpt>
    <trkpt lat="-13.3075493" lon="131.2075437">
      <ele>61.863</ele>
    </trkpt>
    <trkpt lat="-13.3084842" lon="131.2079331">
      <ele>61.543</ele>
    </trkpt>
    <trkpt lat="-13.3087694" lon="131.2080374">
      <ele>62.0</ele>
    </trkpt>
    <trkpt lat="-13.309939" lon="131.2084455">
      <ele>62.404</ele>
    </trkpt>
    <trkpt lat="-13.3103626" lon="131.2085847">
      <ele>62.534</ele>
    </trkpt>
    <trkpt lat="-13.3107841" lon="131.2087144">
      <ele>61.615</ele>
    </trkpt>
    <trkpt lat="-13.3117725" lon="131.2089682">
      <ele>60.394</ele>
    </trkpt>
    <trkpt lat="-13.3120052" lon="131.2090304">
      <ele>61.015</ele>
    </trkpt>
    <trkpt lat="-13.3135185" lon="131.2093564">
      <ele>58.894</ele>
    </trkpt>
    <trkpt lat="-13.3137602" lon="131.2093913">
      <ele>59.537</ele>
    </trkpt>
    <trkpt lat="-13.3151327" lon="131.2095944">
      <ele>56.522</ele>
    </trkpt>
    <trkpt lat="-13.3153108" lon="131.2096208">
      <ele>55.957</ele>
    </trkpt>
    <trkpt lat="-13.3184699" lon="131.2100884">
      <ele>57.636</ele>
    </trkpt>
    <trkpt lat="-13.3229209" lon="131.2107447">
      <ele>55.196</ele>
    </trkpt>
    <trkpt lat="-13.3241672" lon="131.2109285">
      <ele>54.0</ele>
    </trkpt>
    <trkpt lat="-13.3254135" lon="131.2111123">
      <ele>56.996</ele>
    </trkpt>
    <trkpt lat="-13.3255915" lon="131.2111385">
      <ele>57.031</ele>
    </trkpt>
    <trkpt lat="-13.3257696" lon="131.2111648">
      <ele>57.577</ele>
    </trkpt>
    <trkpt lat="-13.3259476" lon="131.211191">
      <ele>57.831</ele>
    </trkpt>
    <trkpt lat="-13.3276182" lon="131.2114374">
      <ele>60.877</ele>
    </trkpt>
    <trkpt lat="-13.3295765" lon="131.2117272">
      <ele>61.193</ele>
    </trkpt>
    <trkpt lat="-13.3297545" lon="131.2117535">
      <ele>61.902</ele>
    </trkpt>
    <trkpt lat="-13.3304667" lon="131.2118589">
      <ele>64.604</ele>
    </trkpt>
    <trkpt lat="-13.3316476" lon="131.2120336">
      <ele>62.716</ele>
    </trkpt>
    <trkpt lat="-13.3329667" lon="131.2121876">
      <ele>61.499</ele>
    </trkpt>
    <trkpt lat="-13.3342491" lon="131.2122741">
      <ele>59.769</ele>
    </trkpt>
    <trkpt lat="-13.3347596" lon="131.2122933">
      <ele>59.145</ele>
    </trkpt>
    <trkpt lat="-13.3349914" lon="131.212302">
      <ele>60.099</ele>
    </trkpt>
    <trkpt lat="-13.3352763" lon="131.2123091">
      <ele>62.051</ele>
    </trkpt>
    <trkpt lat="-13.3356864" lon="131.2123155">
      <ele>60.522</ele>
    </trkpt>
    <trkpt lat="-13.3359406" lon="131.2123123">
      <ele>60.152</ele>
    </trkpt>
    <trkpt lat="-13.3366372" lon="131.2123005">
      <ele>59.718</ele>
    </trkpt>
    <trkpt lat="-13.3367377" lon="131.2122968">
      <ele>59.544</ele>
    </trkpt>
    <trkpt lat="-13.3374458" lon="131.2122704">
      <ele>59.827</ele>
    </trkpt>
    <trkpt lat="-13.3376364" lon="131.2122637">
      <ele>59.851</ele>
    </trkpt>
    <trkpt lat="-13.3378161" lon="131.2122574">
      <ele>59.873</ele>
    </trkpt>
    <trkpt lat="-13.3387941" lon="131.2122231">
      <ele>61.656</ele>
    </trkpt>
    <trkpt lat="-13.339735" lon="131.2121267">
      <ele>62.016</ele>
    </trkpt>
    <trkpt lat="-13.3398578" lon="131.2121134">
      <ele>62.191</ele>
    </trkpt>
    <trkpt lat="-13.3400191" lon="131.2121003">
      <ele>62.499</ele>
    </trkpt>
    <trkpt lat="-13.3409049" lon="131.2120059">
      <ele>66.558</ele>
    </trkpt>
    <trkpt lat="-13.3418089" lon="131.2119177">
      <ele>64.631</ele>
    </trkpt>
    <trkpt lat="-13.341988" lon="131.2119002">
      <ele>63.871</ele>
    </trkpt>
    <trkpt lat="-13.342167" lon="131.2118827">
      <ele>62.798</ele>
    </trkpt>
    <trkpt lat="-13.3423358" lon="131.2118662">
      <ele>62.154</ele>
    </trkpt>
    <trkpt lat="-13.344639" lon="131.2116431">
      <ele>62.469</ele>
    </trkpt>
    <trkpt lat="-13.344674" lon="131.2116397">
      <ele>62.368</ele>
    </trkpt>
    <trkpt lat="-13.3448531" lon="131.2116222">
      <ele>62.396</ele>
    </trkpt>
    <trkpt lat="-13.3450321" lon="131.2116048">
      <ele>62.989</ele>
    </trkpt>
    <trkpt lat="-13.3452112" lon="131.2115873">
      <ele>64.921</ele>
    </trkpt>
    <trkpt lat="-13.3453903" lon="131.2115699">
      <ele>66.102</ele>
    </trkpt>
    <trkpt lat="-13.3460014" lon="131.2115103">
      <ele>65.958</ele>
    </trkpt>
    <trkpt lat="-13.3471716" lon="131.2113961">
      <ele>67.766</ele>
    </trkpt>
    <trkpt lat="-13.3475397" lon="131.211369">
      <ele>67.072</ele>
    </trkpt>
    <trkpt lat="-13.3477191" lon="131.2113558">
      <ele>67.119</ele>
    </trkpt>
    <trkpt lat="-13.3478985" lon="131.2113426">
      <ele>67.601</ele>
    </trkpt>
    <trkpt lat="-13.3483557" lon="131.211309">
      <ele>70.288</ele>
    </trkpt>
    <trkpt lat="-13.3495272" lon="131.21128">
      <ele>72.713</ele>
    </trkpt>
    <trkpt lat="-13.3507217" lon="131.2113188">
      <ele>73.804</ele>
    </trkpt>
    <trkpt lat="-13.3515749" lon="131.2113899">
      <ele>71.672</ele>
    </trkpt>
    <trkpt lat="-13.3525131" lon="131.2114841">
      <ele>76.0</ele>
    </trkpt>
    <trkpt lat="-13.3525778" lon="131.2114906">
      <ele>76.0</ele>
    </trkpt>
    <trkpt lat="-13.352691" lon="131.2115101">
      <ele>76.0</ele>
    </trkpt>
    <trkpt lat="-13.3528684" lon="131.2115407">
      <ele>75.852</ele>
    </trkpt>
    <trkpt lat="-13.3538065" lon="131.2117022">
      <ele>76.0</ele>
    </trkpt>
    <trkpt lat="-13.3546345" lon="131.2118878">
      <ele>77.455</ele>
    </trkpt>
    <trkpt lat="-13.3548103" lon="131.2119272">
      <ele>76.745</ele>
    </trkpt>
    <trkpt lat="-13.354986" lon="131.2119666">
      <ele>76.05</ele>
    </trkpt>
    <trkpt lat="-13.3552526" lon="131.2120264">
      <ele>75.091</ele>
    </trkpt>
    <trkpt lat="-13.3566955" lon="131.2124428">
      <ele>73.39</ele>
    </trkpt>
    <trkpt lat="-13.3580089" lon="131.2129104">
      <ele>70.691</ele>
    </trkpt>
    <trkpt lat="-13.3598352" lon="131.2137176">
      <ele>68.233</ele>
    </trkpt>
    <trkpt lat="-13.3608563" lon="131.2142585">
      <ele>68.386</ele>
    </trkpt>
    <trkpt lat="-13.3611551" lon="131.2144407">
      <ele>68.844</ele>
    </trkpt>
    <trkpt lat="-13.3615738" lon="131.2146927">
      <ele>65.547</ele>
    </trkpt>
    <trkpt lat="-13.3618156" lon="131.2148271">
      <ele>64.622</ele>
    </trkpt>
    <trkpt lat="-13.3638706" lon="131.2162508">
      <ele>64.601</ele>
    </trkpt>
    <trkpt lat="-13.3651518" lon="131.2173109">
      <ele>64.0</ele>
    </trkpt>
    <trkpt lat="-13.3662" lon="131.218304">
      <ele>64.426</ele>
    </trkpt>
    <trkpt lat="-13.3666392" lon="131.2187836">
      <ele>65.403</ele>
    </trkpt>
    <trkpt lat="-13.3669031" lon="131.2190617">
      <ele>66.795</ele>
    </trkpt>
    <trkpt lat="-13.3675266" lon="131.2197525">
      <ele>67.987</ele>
    </trkpt>
    <trkpt lat="-13.3684727" lon="131.220935">
      <ele>67.003</ele>
    </trkpt>
    <trkpt lat="-13.3689403" lon="131.2216117">
      <ele>65.544</ele>
    </trkpt>
    <trkpt lat="-13.3690445" lon="131.2217625">
      <ele>65.712</ele>
    </trkpt>
    <trkpt lat="-13.3691487" lon="131.2219132">
      <ele>65.993</ele>
    </trkpt>
    <trkpt lat="-13.3694321" lon="131.2223233">
      <ele>66.364</ele>
    </trkpt>
    <trkpt lat="-13.3700831" lon="131.2234069">
      <ele>69.931</ele>
    </trkpt>
    <trkpt lat="-13.370544" lon="131.2242836">
      <ele>72.403</ele>
    </trkpt>
    <trkpt lat="-13.370907" lon="131.225009">
      <ele>69.224</ele>
    </trkpt>
    <trkpt lat="-13.3712289" lon="131.2257101">
      <ele>66.02</ele>
    </trkpt>
    <trkpt lat="-13.3716665" lon="131.2267612">
      <ele>63.999</ele>
    </trkpt>
    <trkpt lat="-13.3717332" lon="131.226933">
      <ele>64.24</ele>
    </trkpt>
    <trkpt lat="-13.3717649" lon="131.2270134">
      <ele>64.266</ele>
    </trkpt>
    <trkpt lat="-13.3722344" lon="131.2283926">
      <ele>65.0</ele>
    </trkpt>
    <trkpt lat="-13.3727386" lon="131.2301164">
      <ele>65.663</ele>
    </trkpt>
    <trkpt lat="-13.3732297" lon="131.2318033">
      <ele>63.563</ele>
    </trkpt>
    <trkpt lat="-13.3736538" lon="131.2332822">
      <ele>66.816</ele>
    </trkpt>
    <trkpt lat="-13.3737057" lon="131.2334642">
      <ele>67.0</ele>
    </trkpt>
    <trkpt lat="-13.3737558" lon="131.2336404">
      <ele>66.789</ele>
    </trkpt>
    <trkpt lat="-13.3737561" lon="131.2336416">
      <ele>66.78</ele>
    </trkpt>
    <trkpt lat="-13.3740649" lon="131.2347106">
      <ele>65.0</ele>
    </trkpt>
    <trkpt lat="-13.3745171" lon="131.2363285">
      <ele>64.205</ele>
    </trkpt>
    <trkpt lat="-13.3746157" lon="131.2366577">
      <ele>64.02</ele>
    </trkpt>
    <trkpt lat="-13.3747745" lon="131.2371878">
      <ele>63.0</ele>
    </trkpt>
    <trkpt lat="-13.3750078" lon="131.237929">
      <ele>62.013</ele>
    </trkpt>
    <trkpt lat="-13.375026" lon="131.2379902">
      <ele>62.022</ele>
    </trkpt>
    <trkpt lat="-13.3754113" lon="131.2393609">
      <ele>62.156</ele>
    </trkpt>
    <trkpt lat="-13.3758737" lon="131.2409415">
      <ele>61.611</ele>
    </trkpt>
    <trkpt lat="-13.3763103" lon="131.2423761">
      <ele>62.0</ele>
    </trkpt>
    <trkpt lat="-13.3768079" lon="131.2437402">
      <ele>64.0</ele>
    </trkpt>
    <trkpt lat="-13.3772525" lon="131.2447496">
      <ele>63.099</ele>
    </trkpt>
    <trkpt lat="-13.3776927" lon="131.2456657">
      <ele>63.185</ele>
    </trkpt>
    <trkpt lat="-13.3780334" lon="131.2462918">
      <ele>62.08</ele>
    </trkpt>
    <trkpt lat="-13.3780895" lon="131.2463918">
      <ele>62.01</ele>
    </trkpt>
    <trkpt lat="-13.3782672" lon="131.2467119">
      <ele>63.326</ele>
    </trkpt>
    <trkpt lat="-13.378444" lon="131.2470301">
      <ele>65.584</ele>
    </trkpt>
    <trkpt lat="-13.3785332" lon="131.2471907">
      <ele>65.968</ele>
    </trkpt>
    <trkpt lat="-13.378536" lon="131.2471958">
      <ele>65.974</ele>
    </trkpt>
    <trkpt lat="-13.3787521" lon="131.2475519">
      <ele>67.0</ele>
    </trkpt>
    <trkpt lat="-13.3795834" lon="131.2487966">
      <ele>68.5</ele>
    </trkpt>
    <trkpt lat="-13.3805388" lon="131.2500448">
      <ele>68.949</ele>
    </trkpt>
    <trkpt lat="-13.3806565" lon="131.2501948">
      <ele>69.363</ele>
    </trkpt>
    <trkpt lat="-13.3816061" lon="131.2513496">
      <ele>70.077</ele>
    </trkpt>
    <trkpt lat="-13.3825369" lon="131.2524836">
      <ele>72.765</ele>
    </trkpt>
    <trkpt lat="-13.383426" lon="131.253574">
      <ele>72.822</ele>
    </trkpt>
    <trkpt lat="-13.3835416" lon="131.2537157">
      <ele>73.471</ele>
    </trkpt>
    <trkpt lat="-13.383548" lon="131.2537236">
      <ele>73.497</ele>
    </trkpt>
    <trkpt lat="-13.3836004" lon="131.2537879">
      <ele>73.661</ele>
    </trkpt>
    <trkpt lat="-13.3836636" lon="131.2538657">
      <ele>73.932</ele>
    </trkpt>
    <trkpt lat="-13.3846681" lon="131.2550934">
      <ele>77.26</ele>
    </trkpt>
    <trkpt lat="-13.3846998" lon="131.2551303">
      <ele>77.119</ele>
    </trkpt>
    <trkpt lat="-13.3847072" lon="131.2551389">
      <ele>77.081</ele>
    </trkpt>
    <trkpt lat="-13.3857251" lon="131.2563804">
      <ele>82.568</ele>
    </trkpt>
    <trkpt lat="-13.386683" lon="131.2575361">
      <ele>85.0</ele>
    </trkpt>
    <trkpt lat="-13.3867947" lon="131.2576675">
      <ele>85.0</ele>
    </trkpt>
    <trkpt lat="-13.3868014" lon="131.2576754">
      <ele>85.0</ele>
    </trkpt>
    <trkpt lat="-13.3869799" lon="131.2578891">
      <ele>84.924</ele>
    </trkpt>
    <trkpt lat="-13.3879521" lon="131.2590828">
      <ele>88.74</ele>
    </trkpt>
    <trkpt lat="-13.3879587" lon="131.2590909">
      <ele>88.746</ele>
    </trkpt>
    <trkpt lat="-13.3880712" lon="131.2592213">
      <ele>88.776</ele>
    </trkpt>
    <trkpt lat="-13.3880777" lon="131.2592288">
      <ele>88.792</ele>
    </trkpt>
    <trkpt lat="-13.3885457" lon="131.2597936">
      <ele>88.622</ele>
    </trkpt>
    <trkpt lat="-13.3892406" lon="131.260626">
      <ele>86.718</ele>
    </trkpt>
    <trkpt lat="-13.3892459" lon="131.2606324">
      <ele>86.768</ele>
    </trkpt>
    <trkpt lat="-13.3893536" lon="131.2607699">
      <ele>87.598</ele>
    </trkpt>
    <trkpt lat="-13.3893588" lon="131.2607765">
      <ele>87.629</ele>
    </trkpt>
    <trkpt lat="-13.3911835" lon="131.263004">
      <ele>86.0</ele>
    </trkpt>
    <trkpt lat="-13.3919518" lon="131.2638724">
      <ele>85.119</ele>
    </trkpt>
    <trkpt lat="-13.3922987" lon="131.2643487">
      <ele>82.62</ele>
    </trkpt>
    <trkpt lat="-13.3925534" lon="131.2647237">
      <ele>83.187</ele>
    </trkpt>
    <trkpt lat="-13.3931934" lon="131.2655619">
      <ele>80.977</ele>
    </trkpt>
    <trkpt lat="-13.3936769" lon="131.2662088">
      <ele>79.802</ele>
    </trkpt>
    <trkpt lat="-13.393764" lon="131.2663229">
      <ele>79.368</ele>
    </trkpt>
    <trkpt lat="-13.3937652" lon="131.2663244">
      <ele>79.361</ele>
    </trkpt>
    <trkpt lat="-13.3938741" lon="131.2664691">
      <ele>78.696</ele>
    </trkpt>
    <trkpt lat="-13.3939849" lon="131.2666163">
      <ele>78.464</ele>
    </trkpt>
    <trkpt lat="-13.3943058" lon="131.2670468">
      <ele>77.447</ele>
    </trkpt>
    <trkpt lat="-13.395122" lon="131.2682044">
      <ele>77.74</ele>
    </trkpt>
    <trkpt lat="-13.3954344" lon="131.2686661">
      <ele>78.238</ele>
    </trkpt>
    <trkpt lat="-13.3970788" lon="131.2711584">
      <ele>78.088</ele>
    </trkpt>
    <trkpt lat="-13.3972805" lon="131.2714646">
      <ele>78.0</ele>
    </trkpt>
    <trkpt lat="-13.3973813" lon="131.2716177">
      <ele>78.0</ele>
    </trkpt>
    <trkpt lat="-13.3980964" lon="131.2726829">
      <ele>77.585</ele>
    </trkpt>
    <trkpt lat="-13.3983912" lon="131.2731475">
      <ele>79.208</ele>
    </trkpt>
    <trkpt lat="-13.3984917" lon="131.2733004">
      <ele>79.57</ele>
    </trkpt>
    <trkpt lat="-13.3985925" lon="131.2734536">
      <ele>80.366</ele>
    </trkpt>
    <trkpt lat="-13.3985934" lon="131.2734549">
      <ele>80.374</ele>
    </trkpt>
    <trkpt lat="-13.3986939" lon="131.2736063">
      <ele>80.988</ele>
    </trkpt>
    <trkpt lat="-13.3993081" lon="131.2745312">
      <ele>83.16</ele>
    </trkpt>
    <trkpt lat="-13.3996207" lon="131.2749728">
      <ele>80.938</ele>
    </trkpt>
    <trkpt lat="-13.3997792" lon="131.2751952">
      <ele>81.349</ele>
    </trkpt>
    <trkpt lat="-13.4003533" lon="131.2760321">
      <ele>86.195</ele>
    </trkpt>
    <trkpt lat="-13.4009123" lon="131.2769724">
      <ele>91.558</ele>
    </trkpt>
    <trkpt lat="-13.400913" lon="131.2769736">
      <ele>91.572</ele>
    </trkpt>
    <trkpt lat="-13.401207" lon="131.2774378">
      <ele>98.543</ele>
    </trkpt>
    <trkpt lat="-13.4016997" lon="131.2781893">
      <ele>99.984</ele>
    </trkpt>
    <trkpt lat="-13.4017999" lon="131.2783359">
      <ele>98.013</ele>
    </trkpt>
    <trkpt lat="-13.402102" lon="131.278713">
      <ele>92.058</ele>
    </trkpt>
    <trkpt lat="-13.4022045" lon="131.2788667">
      <ele>90.298</ele>
    </trkpt>
    <trkpt lat="-13.4034047" lon="131.2807124">
      <ele>84.128</ele>
    </trkpt>
    <trkpt lat="-13.4041659" lon="131.2818673">
      <ele>81.276</ele>
    </trkpt>
    <trkpt lat="-13.404779" lon="131.2827254">
      <ele>81.204</ele>
    </trkpt>
    <trkpt lat="-13.4061532" lon="131.2848483">
      <ele>78.766</ele>
    </trkpt>
    <trkpt lat="-13.4095058" lon="131.289905">
      <ele>71.855</ele>
    </trkpt>
    <trkpt lat="-13.4107781" lon="131.2916785">
      <ele>70.199</ele>
    </trkpt>
    <trkpt lat="-13.4108849" lon="131.2918273">
      <ele>69.814</ele>
    </trkpt>
    <trkpt lat="-13.4109902" lon="131.2919741">
      <ele>69.435</ele>
    </trkpt>
    <trkpt lat="-13.4109916" lon="131.2919762">
      <ele>69.43</ele>
    </trkpt>
    <trkpt lat="-13.4115955" lon="131.2928179">
      <ele>67.037</ele>
    </trkpt>
    <trkpt lat="-13.4116332" lon="131.292865">
      <ele>67.038</ele>
    </trkpt>
    <trkpt lat="-13.4117493" lon="131.2930099">
      <ele>67.049</ele>
    </trkpt>
    <trkpt lat="-13.4118638" lon="131.2931526">
      <ele>67.0</ele>
    </trkpt>
    <trkpt lat="-13.4126645" lon="131.2941518">
      <ele>67.408</ele>
    </trkpt>
    <trkpt lat="-13.4138084" lon="131.2955792">
      <ele>66.146</ele>
    </trkpt>
    <trkpt lat="-13.4139227" lon="131.295722">
      <ele>67.125</ele>
    </trkpt>
    <trkpt lat="-13.4139923" lon="131.2958087">
      <ele>67.483</ele>
    </trkpt>
    <trkpt lat="-13.4142815" lon="131.2961315">
      <ele>67.544</ele>
    </trkpt>
    <trkpt lat="-13.415622" lon="131.2976274">
      <ele>67.698</ele>
    </trkpt>
    <trkpt lat="-13.4157439" lon="131.2977634">
      <ele>68.626</ele>
    </trkpt>
    <trkpt lat="-13.4157465" lon="131.2977663">
      <ele>68.646</ele>
    </trkpt>
    <trkpt lat="-13.4158684" lon="131.2979023">
      <ele>69.518</ele>
    </trkpt>
    <trkpt lat="-13.4159876" lon="131.2980354">
      <ele>69.968</ele>
    </trkpt>
    <trkpt lat="-13.4159902" lon="131.2980383">
      <ele>69.973</ele>
    </trkpt>
    <trkpt lat="-13.4170486" lon="131.2992194">
      <ele>71.494</ele>
    </trkpt>
    <trkpt lat="-13.4176069" lon="131.2997681">
      <ele>71.064</ele>
    </trkpt>
    <trkpt lat="-13.4176099" lon="131.299771">
      <ele>71.069</ele>
    </trkpt>
    <trkpt lat="-13.419037" lon="131.3011736">
      <ele>75.533</ele>
    </trkpt>
    <trkpt lat="-13.41904" lon="131.3011766">
      <ele>75.544</ele>
    </trkpt>
    <trkpt lat="-13.419167" lon="131.3013013">
      <ele>76.0</ele>
    </trkpt>
    <trkpt lat="-13.4191701" lon="131.3013044">
      <ele>76.004</ele>
    </trkpt>
    <trkpt lat="-13.420174" lon="131.3022911">
      <ele>78.752</ele>
    </trkpt>
    <trkpt lat="-13.4202642" lon="131.302376">
      <ele>78.446</ele>
    </trkpt>
    <trkpt lat="-13.422247" lon="131.3040663">
      <ele>71.24</ele>
    </trkpt>
    <trkpt lat="-13.4223825" lon="131.3041884">
      <ele>70.345</ele>
    </trkpt>
    <trkpt lat="-13.4230797" lon="131.3048181">
      <ele>66.943</ele>
    </trkpt>
    <trkpt lat="-13.4236258" lon="131.3052727">
      <ele>67.93</ele>
    </trkpt>
    <trkpt lat="-13.4249128" lon="131.3063091">
      <ele>69.197</ele>
    </trkpt>
    <trkpt lat="-13.4264412" lon="131.3074676">
      <ele>69.0</ele>
    </trkpt>
    <trkpt lat="-13.4277607" lon="131.3084043">
      <ele>69.016</ele>
    </trkpt>
    <trkpt lat="-13.4280557" lon="131.3086159">
      <ele>69.053</ele>
    </trkpt>
    <trkpt lat="-13.4282032" lon="131.3087218">
      <ele>70.835</ele>
    </trkpt>
    <trkpt lat="-13.4283652" lon="131.308838">
      <ele>71.838</ele>
    </trkpt>
    <trkpt lat="-13.430173" lon="131.3100423">
      <ele>72.775</ele>
    </trkpt>
    <trkpt lat="-13.4306631" lon="131.310344">
      <ele>72.908</ele>
    </trkpt>
    <trkpt lat="-13.4319988" lon="131.3111847">
      <ele>74.052</ele>
    </trkpt>
    <trkpt lat="-13.4339449" lon="131.3123102">
      <ele>70.862</ele>
    </trkpt>
    <trkpt lat="-13.4354222" lon="131.3131025">
      <ele>73.77</ele>
    </trkpt>
    <trkpt lat="-13.4363138" lon="131.313572">
      <ele>72.141</ele>
    </trkpt>
    <trkpt lat="-13.4368089" lon="131.313818">
      <ele>71.767</ele>
    </trkpt>
    <trkpt lat="-13.437135" lon="131.3139824">
      <ele>71.769</ele>
    </trkpt>
    <trkpt lat="-13.4372881" lon="131.3140622">
      <ele>71.613</ele>
    </trkpt>
    <trkpt lat="-13.4378729" lon="131.3143511">
      <ele>74.691</ele>
    </trkpt>
    <trkpt lat="-13.4382513" lon="131.3145677">
      <ele>78.671</ele>
    </trkpt>
    <trkpt lat="-13.4408375" lon="131.3158655">
      <ele>86.129</ele>
    </trkpt>
    <trkpt lat="-13.4409982" lon="131.3159462">
      <ele>86.759</ele>
    </trkpt>
    <trkpt lat="-13.4409991" lon="131.3159467">
      <ele>86.761</ele>
    </trkpt>
    <trkpt lat="-13.4411601" lon="131.3160266">
      <ele>87.299</ele>
    </trkpt>
    <trkpt lat="-13.4428323" lon="131.3168538">
      <ele>87.913</ele>
    </trkpt>
    <trkpt lat="-13.4444489" lon="131.3176646">
      <ele>84.407</ele>
    </trkpt>
    <trkpt lat="-13.4446104" lon="131.3177456">
      <ele>84.116</ele>
    </trkpt>
    <trkpt lat="-13.444772" lon="131.3178266">
      <ele>84.028</ele>
    </trkpt>
    <trkpt lat="-13.4454186" lon="131.3181509">
      <ele>87.537</ele>
    </trkpt>
    <trkpt lat="-13.4455804" lon="131.318232">
      <ele>88.849</ele>
    </trkpt>
    <trkpt lat="-13.44849" lon="131.3196914">
      <ele>102.944</ele>
    </trkpt>
    <trkpt lat="-13.4486516" lon="131.3197725">
      <ele>104.293</ele>
    </trkpt>
    <trkpt lat="-13.4497832" lon="131.32034">
      <ele>109.045</ele>
    </trkpt>
    <trkpt lat="-13.4499448" lon="131.320421">
      <ele>109.699</ele>
    </trkpt>
    <trkpt lat="-13.4502685" lon="131.3205834">
      <ele>112.033</ele>
    </trkpt>
    <trkpt lat="-13.4504297" lon="131.3206643">
      <ele>112.938</ele>
    </trkpt>
    <trkpt lat="-13.4505914" lon="131.3207454">
      <ele>113.812</ele>
    </trkpt>
    <trkpt lat="-13.4509147" lon="131.3209075">
      <ele>115.267</ele>
    </trkpt>
    <trkpt lat="-13.4510763" lon="131.3209886">
      <ele>116.017</ele>
    </trkpt>
    <trkpt lat="-13.4518845" lon="131.321394">
      <ele>114.22</ele>
    </trkpt>
    <trkpt lat="-13.4520462" lon="131.3214752">
      <ele>112.282</ele>
    </trkpt>
    <trkpt lat="-13.4538243" lon="131.322367">
      <ele>97.865</ele>
    </trkpt>
    <trkpt lat="-13.453867" lon="131.3223883">
      <ele>97.708</ele>
    </trkpt>
    <trkpt lat="-13.4539861" lon="131.3224478">
      <ele>97.746</ele>
    </trkpt>
    <trkpt lat="-13.4544715" lon="131.3226901">
      <ele>96.903</ele>
    </trkpt>
    <trkpt lat="-13.4546332" lon="131.3227709">
      <ele>96.32</ele>
    </trkpt>
    <trkpt lat="-13.4549568" lon="131.3229324">
      <ele>94.599</ele>
    </trkpt>
    <trkpt lat="-13.455604" lon="131.3232556">
      <ele>95.069</ele>
    </trkpt>
    <trkpt lat="-13.4557657" lon="131.3233363">
      <ele>96.513</ele>
    </trkpt>
    <trkpt lat="-13.4559275" lon="131.3234171">
      <ele>97.339</ele>
    </trkpt>
    <trkpt lat="-13.4560893" lon="131.3234979">
      <ele>97.921</ele>
    </trkpt>
    <trkpt lat="-13.4572218" lon="131.3240633">
      <ele>98.626</ele>
    </trkpt>
    <trkpt lat="-13.4573837" lon="131.3241441">
      <ele>100.081</ele>
    </trkpt>
    <trkpt lat="-13.4575454" lon="131.3242248">
      <ele>100.954</ele>
    </trkpt>
    <trkpt lat="-13.4575463" lon="131.3242252">
      <ele>100.956</ele>
    </trkpt>
    <trkpt lat="-13.4598105" lon="131.3253557">
      <ele>107.075</ele>
    </trkpt>
    <trkpt lat="-13.4599723" lon="131.3254365">
      <ele>107.658</ele>
    </trkpt>
    <trkpt lat="-13.4599732" lon="131.325437">
      <ele>107.661</ele>
    </trkpt>
    <trkpt lat="-13.4612666" lon="131.3260827">
      <ele>109.177</ele>
    </trkpt>
    <trkpt lat="-13.4614283" lon="131.3261635">
      <ele>110.304</ele>
    </trkpt>
    <trkpt lat="-13.4614294" lon="131.3261641">
      <ele>110.309</ele>
    </trkpt>
    <trkpt lat="-13.4644867" lon="131.3276905">
      <ele>105.0</ele>
    </trkpt>
    <trkpt lat="-13.4649461" lon="131.3279136">
      <ele>103.782</ele>
    </trkpt>
    <trkpt lat="-13.4652521" lon="131.3280701">
      <ele>103.088</ele>
    </trkpt>
    <trkpt lat="-13.4657579" lon="131.3283548">
      <ele>103.923</ele>
    </trkpt>
    <trkpt lat="-13.4662573" lon="131.3286486">
      <ele>101.455</ele>
    </trkpt>
    <trkpt lat="-13.4669428" lon="131.3291134">
      <ele>100.197</ele>
    </trkpt>
    <trkpt lat="-13.4669891" lon="131.3291471">
      <ele>100.231</ele>
    </trkpt>
    <trkpt lat="-13.4674041" lon="131.329472">
      <ele>101.556</ele>
    </trkpt>
    <trkpt lat="-13.4678862" lon="131.3298557">
      <ele>99.129</ele>
    </trkpt>
    <trkpt lat="-13.4683217" lon="131.3302341">
      <ele>96.35</ele>
    </trkpt>
    <trkpt lat="-13.4685886" lon="131.3304777">
      <ele>95.081</ele>
    </trkpt>
    <trkpt lat="-13.4688118" lon="131.3307041">
      <ele>95.148</ele>
    </trkpt>
    <trkpt lat="-13.4692178" lon="131.3311199">
      <ele>93.81</ele>
    </trkpt>
    <trkpt lat="-13.469563" lon="131.3314935">
      <ele>91.357</ele>
    </trkpt>
    <trkpt lat="-13.4696475" lon="131.3315886">
      <ele>91.076</ele>
    </trkpt>
    <trkpt lat="-13.469767" lon="131.3317273">
      <ele>90.839</ele>
    </trkpt>
    <trkpt lat="-13.469772" lon="131.3317333">
      <ele>90.821</ele>
    </trkpt>
    <trkpt lat="-13.4698119" lon="131.3317807">
      <ele>90.677</ele>
    </trkpt>
    <trkpt lat="-13.4699965" lon="131.3320111">
      <ele>90.489</ele>
    </trkpt>
    <trkpt lat="-13.4702175" lon="131.3322996">
      <ele>90.87</ele>
    </trkpt>
    <trkpt lat="-13.4706967" lon="131.3329497">
      <ele>88.381</ele>
    </trkpt>
    <trkpt lat="-13.4712021" lon="131.3337372">
      <ele>87.655</ele>
    </trkpt>
    <trkpt lat="-13.4713272" lon="131.333957">
      <ele>88.365</ele>
    </trkpt>
    <trkpt lat="-13.4715595" lon="131.334372">
      <ele>87.136</ele>
    </trkpt>
    <trkpt lat="-13.4719343" lon="131.335092">
      <ele>87.295</ele>
    </trkpt>
    <trkpt lat="-13.4721328" lon="131.3355283">
      <ele>88.678</ele>
    </trkpt>
    <trkpt lat="-13.4723622" lon="131.3360734">
      <ele>89.504</ele>
    </trkpt>
    <trkpt lat="-13.4725079" lon="131.336453">
      <ele>90.028</ele>
    </trkpt>
    <trkpt lat="-13.4726892" lon="131.3369624">
      <ele>90.681</ele>
    </trkpt>
    <trkpt lat="-13.4728442" lon="131.3374504">
      <ele>91.864</ele>
    </trkpt>
    <trkpt lat="-13.4730273" lon="131.3380741">
      <ele>90.898</ele>
    </trkpt>
    <trkpt lat="-13.4730779" lon="131.3382005">
      <ele>91.161</ele>
    </trkpt>
    <trkpt lat="-13.4732147" lon="131.3388618">
      <ele>91.573</ele>
    </trkpt>
    <trkpt lat="-13.4733605" lon="131.3395357">
      <ele>92.968</ele>
    </trkpt>
    <trkpt lat="-13.4734523" lon="131.3400269">
      <ele>91.903</ele>
    </trkpt>
    <trkpt lat="-13.4739505" lon="131.342477">
      <ele>90.222</ele>
    </trkpt>
    <trkpt lat="-13.4740323" lon="131.3428238">
      <ele>88.351</ele>
    </trkpt>
    <trkpt lat="-13.4741333" lon="131.343268">
      <ele>87.88</ele>
    </trkpt>
    <trkpt lat="-13.4743497" lon="131.34419">
      <ele>86.0</ele>
    </trkpt>
    <trkpt lat="-13.4744738" lon="131.3446879">
      <ele>85.124</ele>
    </trkpt>
    <trkpt lat="-13.4745781" lon="131.3451553">
      <ele>83.71</ele>
    </trkpt>
    <trkpt lat="-13.4747071" lon="131.3457706">
      <ele>85.72</ele>
    </trkpt>
    <trkpt lat="-13.4756946" lon="131.3503947">
      <ele>79.71</ele>
    </trkpt>
    <trkpt lat="-13.4757331" lon="131.3505754">
      <ele>80.026</ele>
    </trkpt>
    <trkpt lat="-13.4757771" lon="131.3507822">
      <ele>80.165</ele>
    </trkpt>
    <trkpt lat="-13.4758156" lon="131.3509628">
      <ele>80.5</ele>
    </trkpt>
    <trkpt lat="-13.4758541" lon="131.3511435">
      <ele>80.925</ele>
    </trkpt>
    <trkpt lat="-13.4766954" lon="131.3550921">
      <ele>79.897</ele>
    </trkpt>
    <trkpt lat="-13.4769264" lon="131.3561762">
      <ele>78.703</ele>
    </trkpt>
    <trkpt lat="-13.4769649" lon="131.3563568">
      <ele>80.662</ele>
    </trkpt>
    <trkpt lat="-13.4769705" lon="131.356383">
      <ele>80.938</ele>
    </trkpt>
    <trkpt lat="-13.477009" lon="131.3565636">
      <ele>81.629</ele>
    </trkpt>
    <trkpt lat="-13.4773129" lon="131.3579903">
      <ele>82.0</ele>
    </trkpt>
    <trkpt lat="-13.4775539" lon="131.3588041">
      <ele>81.948</ele>
    </trkpt>
    <trkpt lat="-13.4776476" lon="131.3590651">
      <ele>82.829</ele>
    </trkpt>
    <trkpt lat="-13.477867" lon="131.3596768">
      <ele>82.164</ele>
    </trkpt>
    <trkpt lat="-13.478121" lon="131.360235">
      <ele>82.0</ele>
    </trkpt>
    <trkpt lat="-13.4781972" lon="131.3604026">
      <ele>81.551</ele>
    </trkpt>
    <trkpt lat="-13.4782458" lon="131.3605093">
      <ele>81.167</ele>
    </trkpt>
    <trkpt lat="-13.4787097" lon="131.36138">
      <ele>82.323</ele>
    </trkpt>
    <trkpt lat="-13.4792332" lon="131.3621824">
      <ele>84.857</ele>
    </trkpt>
    <trkpt lat="-13.4796206" lon="131.3627236">
      <ele>82.901</ele>
    </trkpt>
    <trkpt lat="-13.4799603" lon="131.3631425">
      <ele>82.17</ele>
    </trkpt>
    <trkpt lat="-13.4805158" lon="131.3637492">
      <ele>83.503</ele>
    </trkpt>
    <trkpt lat="-13.4809403" lon="131.3641785">
      <ele>82.957</ele>
    </trkpt>
    <trkpt lat="-13.4810102" lon="131.3642413">
      <ele>82.731</ele>
    </trkpt>
    <trkpt lat="-13.4811456" lon="131.364363">
      <ele>82.505</ele>
    </trkpt>
    <trkpt lat="-13.4812623" lon="131.3644678">
      <ele>83.043</ele>
    </trkpt>
    <trkpt lat="-13.4812811" lon="131.3644847">
      <ele>83.135</ele>
    </trkpt>
    <trkpt lat="-13.4813978" lon="131.3645895">
      <ele>83.478</ele>
    </trkpt>
    <trkpt lat="-13.4814272" lon="131.3646159">
      <ele>83.383</ele>
    </trkpt>
    <trkpt lat="-13.4820033" lon="131.3650864">
      <ele>84.0</ele>
    </trkpt>
    <trkpt lat="-13.4830693" lon="131.3658282">
      <ele>84.999</ele>
    </trkpt>
    <trkpt lat="-13.4835463" lon="131.3660932">
      <ele>85.0</ele>
    </trkpt>
    <trkpt lat="-13.4849564" lon="131.3668875">
      <ele>86.0</ele>
    </trkpt>
    <trkpt lat="-13.4871867" lon="131.3680906">
      <ele>87.762</ele>
    </trkpt>
    <trkpt lat="-13.4873461" lon="131.3681765">
      <ele>86.673</ele>
    </trkpt>
    <trkpt lat="-13.4875053" lon="131.3682624">
      <ele>85.27</ele>
    </trkpt>
    <trkpt lat="-13.4895715" lon="131.3693771">
      <ele>88.653</ele>
    </trkpt>
    <trkpt lat="-13.4910025" lon="131.3701554">
      <ele>91.268</ele>
    </trkpt>
    <trkpt lat="-13.4914795" lon="131.3704148">
      <ele>89.507</ele>
    </trkpt>
    <trkpt lat="-13.4916385" lon="131.3705013">
      <ele>89.195</ele>
    </trkpt>
    <trkpt lat="-13.4952639" lon="131.3724732">
      <ele>91.995</ele>
    </trkpt>
    <trkpt lat="-13.495854" lon="131.3727869">
      <ele>93.0</ele>
    </trkpt>
    <trkpt lat="-13.496503" lon="131.3731543">
      <ele>91.38</ele>
    </trkpt>
    <trkpt lat="-13.4979331" lon="131.3739651">
      <ele>94.32</ele>
    </trkpt>
    <trkpt lat="-13.4979968" lon="131.3740018">
      <ele>94.126</ele>
    </trkpt>
    <trkpt lat="-13.5011282" lon="131.3761925">
      <ele>98.787</ele>
    </trkpt>
    <trkpt lat="-13.5020348" lon="131.3769589">
      <ele>100.087</ele>
    </trkpt>
    <trkpt lat="-13.5021453" lon="131.3770582">
      <ele>100.523</ele>
    </trkpt>
    <trkpt lat="-13.5022807" lon="131.3771799">
      <ele>100.848</ele>
    </trkpt>
    <trkpt lat="-13.5023058" lon="131.3772025">
      <ele>100.929</ele>
    </trkpt>
    <trkpt lat="-13.502416" lon="131.3773017">
      <ele>101.0</ele>
    </trkpt>
    <trkpt lat="-13.5024414" lon="131.3773245">
      <ele>101.0</ele>
    </trkpt>
    <trkpt lat="-13.5025715" lon="131.3774422">
      <ele>101.0</ele>
    </trkpt>
    <trkpt lat="-13.5037815" lon="131.3786536">
      <ele>99.46</ele>
    </trkpt>
    <trkpt lat="-13.5041469" lon="131.3790509">
      <ele>99.346</ele>
    </trkpt>
    <trkpt lat="-13.5049486" lon="131.3799359">
      <ele>98.185</ele>
    </trkpt>
    <trkpt lat="-13.5051657" lon="131.3802229">
      <ele>96.601</ele>
    </trkpt>
    <trkpt lat="-13.5051833" lon="131.3802461">
      <ele>96.454</ele>
    </trkpt>
    <trkpt lat="-13.5053975" lon="131.3805058">
      <ele>95.179</ele>
    </trkpt>
    <trkpt lat="-13.505418" lon="131.3805307">
      <ele>95.089</ele>
    </trkpt>
    <trkpt lat="-13.5055116" lon="131.3806488">
      <ele>95.0</ele>
    </trkpt>
    <trkpt lat="-13.505531" lon="131.3806734">
      <ele>95.0</ele>
    </trkpt>
    <trkpt lat="-13.5060117" lon="131.3813177">
      <ele>95.478</ele>
    </trkpt>
    <trkpt lat="-13.506385" lon="131.3818606">
      <ele>97.996</ele>
    </trkpt>
    <trkpt lat="-13.5064935" lon="131.3820114">
      <ele>98.377</ele>
    </trkpt>
    <trkpt lat="-13.5065788" lon="131.3821373">
      <ele>98.684</ele>
    </trkpt>
    <trkpt lat="-13.5065955" lon="131.3821617">
      <ele>98.744</ele>
    </trkpt>
    <trkpt lat="-13.5073829" lon="131.3831745">
      <ele>100.428</ele>
    </trkpt>
    <trkpt lat="-13.5075097" lon="131.383358">
      <ele>100.968</ele>
    </trkpt>
    <trkpt lat="-13.5088628" lon="131.3852292">
      <ele>104.906</ele>
    </trkpt>
    <trkpt lat="-13.5102557" lon="131.3871135">
      <ele>108.736</ele>
    </trkpt>
    <trkpt lat="-13.5106371" lon="131.3875591">
      <ele>107.919</ele>
    </trkpt>
    <trkpt lat="-13.510756" lon="131.3876979">
      <ele>107.991</ele>
    </trkpt>
    <trkpt lat="-13.5107759" lon="131.3877212">
      <ele>108.003</ele>
    </trkpt>
    <trkpt lat="-13.5108946" lon="131.3878599">
      <ele>108.296</ele>
    </trkpt>
    <trkpt lat="-13.511016" lon="131.3879977">
      <ele>108.792</ele>
    </trkpt>
    <trkpt lat="-13.5115016" lon="131.3885424">
      <ele>110.594</ele>
    </trkpt>
    <trkpt lat="-13.5116795" lon="131.3887368">
      <ele>109.522</ele>
    </trkpt>
    <trkpt lat="-13.5131873" lon="131.3903028">
      <ele>108.0</ele>
    </trkpt>
    <trkpt lat="-13.5139321" lon="131.3910166">
      <ele>106.557</ele>
    </trkpt>
    <trkpt lat="-13.5146277" lon="131.3916638">
      <ele>107.0</ele>
    </trkpt>
    <trkpt lat="-13.5169231" lon="131.393679">
      <ele>105.244</ele>
    </trkpt>
    <trkpt lat="-13.5170358" lon="131.3937775">
      <ele>106.06</ele>
    </trkpt>
    <trkpt lat="-13.5170601" lon="131.3937988">
      <ele>106.227</ele>
    </trkpt>
    <trkpt lat="-13.5171759" lon="131.3938934">
      <ele>106.833</ele>
    </trkpt>
    <trkpt lat="-13.5172068" lon="131.3939186">
      <ele>106.944</ele>
    </trkpt>
    <trkpt lat="-13.5208035" lon="131.397058">
      <ele>111.547</ele>
    </trkpt>
    <trkpt lat="-13.5212624" lon="131.3973814">
      <ele>111.194</ele>
    </trkpt>
    <trkpt lat="-13.5216746" lon="131.3977395">
      <ele>110.975</ele>
    </trkpt>
    <trkpt lat="-13.521812" lon="131.3978589">
      <ele>110.185</ele>
    </trkpt>
    <trkpt lat="-13.5227512" lon="131.3986749">
      <ele>112.792</ele>
    </trkpt>
    <trkpt lat="-13.5229816" lon="131.3988727">
      <ele>112.058</ele>
    </trkpt>
    <trkpt lat="-13.5232064" lon="131.3991401">
      <ele>112.956</ele>
    </trkpt>
    <trkpt lat="-13.5250602" lon="131.4006872">
      <ele>112.0</ele>
    </trkpt>
    <trkpt lat="-13.5255085" lon="131.4011347">
      <ele>111.915</ele>
    </trkpt>
    <trkpt lat="-13.526758" lon="131.4021893">
      <ele>113.592</ele>
    </trkpt>
    <trkpt lat="-13.5276411" lon="131.4029499">
      <ele>115.432</ele>
    </trkpt>
    <trkpt lat="-13.5278527" lon="131.4031503">
      <ele>116.341</ele>
    </trkpt>
    <trkpt lat="-13.5286122" lon="131.4038838">
      <ele>117.99</ele>
    </trkpt>
    <trkpt lat="-13.5301027" lon="131.4054544">
      <ele>125.0</ele>
    </trkpt>
    <trkpt lat="-13.5317077" lon="131.4072845">
      <ele>132.11</ele>
    </trkpt>
    <trkpt lat="-13.5320733" lon="131.4076912">
      <ele>132.392</ele>
    </trkpt>
    <trkpt lat="-13.5320766" lon="131.4076949">
      <ele>132.382</ele>
    </trkpt>
    <trkpt lat="-13.5335782" lon="131.4093835">
      <ele>131.899</ele>
    </trkpt>
    <trkpt lat="-13.5350396" lon="131.4110146">
      <ele>132.417</ele>
    </trkpt>
    <trkpt lat="-13.5354067" lon="131.4114204">
      <ele>132.166</ele>
    </trkpt>
    <trkpt lat="-13.535651" lon="131.4116956">
      <ele>134.277</ele>
    </trkpt>
    <trkpt lat="-13.535659" lon="131.4117046">
      <ele>134.359</ele>
    </trkpt>
    <trkpt lat="-13.5357698" lon="131.4118295">
      <ele>135.306</ele>
    </trkpt>
    <trkpt lat="-13.5357804" lon="131.4118413">
      <ele>135.377</ele>
    </trkpt>
    <trkpt lat="-13.5363794" lon="131.4125098">
      <ele>136.139</ele>
    </trkpt>
    <trkpt lat="-13.5377261" lon="131.4140055">
      <ele>140.026</ele>
    </trkpt>
    <trkpt lat="-13.5378454" lon="131.4141379">
      <ele>140.793</ele>
    </trkpt>
    <trkpt lat="-13.5378564" lon="131.4141502">
      <ele>140.881</ele>
    </trkpt>
    <trkpt lat="-13.5382229" lon="131.4145576">
      <ele>142.934</ele>
    </trkpt>
    <trkpt lat="-13.538345" lon="131.4146935">
      <ele>142.709</ele>
    </trkpt>
    <trkpt lat="-13.5400486" lon="131.4165882">
      <ele>156.197</ele>
    </trkpt>
    <trkpt lat="-13.5400552" lon="131.4165945">
      <ele>156.239</ele>
    </trkpt>
    <trkpt lat="-13.5401741" lon="131.4167084">
      <ele>156.712</ele>
    </trkpt>
    <trkpt lat="-13.5401777" lon="131.4167126">
      <ele>156.734</ele>
    </trkpt>
    <trkpt lat="-13.5401856" lon="131.4167218">
      <ele>156.784</ele>
    </trkpt>
    <trkpt lat="-13.5406512" lon="131.4172631">
      <ele>160.573</ele>
    </trkpt>
    <trkpt lat="-13.5410273" lon="131.4176848">
      <ele>157.136</ele>
    </trkpt>
    <trkpt lat="-13.5411371" lon="131.417808">
      <ele>156.537</ele>
    </trkpt>
    <trkpt lat="-13.5411408" lon="131.4178121">
      <ele>156.475</ele>
    </trkpt>
    <trkpt lat="-13.5411489" lon="131.4178212">
      <ele>156.342</ele>
    </trkpt>
    <trkpt lat="-13.5423598" lon="131.4191636">
      <ele>154.968</ele>
    </trkpt>
    <trkpt lat="-13.5423641" lon="131.4191684">
      <ele>155.028</ele>
    </trkpt>
    <trkpt lat="-13.5424803" lon="131.4192994">
      <ele>155.926</ele>
    </trkpt>
    <trkpt lat="-13.5424933" lon="131.4193142">
      <ele>155.977</ele>
    </trkpt>
    <trkpt lat="-13.542614" lon="131.4194514">
      <ele>156.425</ele>
    </trkpt>
    <trkpt lat="-13.5427218" lon="131.419574">
      <ele>156.892</ele>
    </trkpt>
    <trkpt lat="-13.5439073" lon="131.4207673">
      <ele>154.645</ele>
    </trkpt>
    <trkpt lat="-13.5440034" lon="131.4208742">
      <ele>154.47</ele>
    </trkpt>
    <trkpt lat="-13.5440072" lon="131.4208785">
      <ele>154.473</ele>
    </trkpt>
    <trkpt lat="-13.5441252" lon="131.4210102">
      <ele>154.572</ele>
    </trkpt>
    <trkpt lat="-13.5441362" lon="131.4210244">
      <ele>154.595</ele>
    </trkpt>
    <trkpt lat="-13.544696" lon="131.4217498">
      <ele>155.181</ele>
    </trkpt>
    <trkpt lat="-13.5450473" lon="131.4220824">
      <ele>154.653</ele>
    </trkpt>
    <trkpt lat="-13.5455059" lon="131.4225049">
      <ele>156.211</ele>
    </trkpt>
    <trkpt lat="-13.5458044" lon="131.4228162">
      <ele>157.228</ele>
    </trkpt>
    <trkpt lat="-13.5459299" lon="131.4229097">
      <ele>156.78</ele>
    </trkpt>
    <trkpt lat="-13.5468203" lon="131.4235114">
      <ele>156.176</ele>
    </trkpt>
    <trkpt lat="-13.5469323" lon="131.4235825">
      <ele>155.881</ele>
    </trkpt>
    <trkpt lat="-13.5477294" lon="131.4241037">
      <ele>156.12</ele>
    </trkpt>
    <trkpt lat="-13.5483305" lon="131.424431">
      <ele>155.923</ele>
    </trkpt>
    <trkpt lat="-13.5489045" lon="131.4247046">
      <ele>155.87</ele>
    </trkpt>
    <trkpt lat="-13.5489852" lon="131.4247374">
      <ele>156.145</ele>
    </trkpt>
    <trkpt lat="-13.5491528" lon="131.4248046">
      <ele>156.608</ele>
    </trkpt>
    <trkpt lat="-13.5494906" lon="131.4249319">
      <ele>155.807</ele>
    </trkpt>
    <trkpt lat="-13.5496595" lon="131.4249955">
      <ele>154.641</ele>
    </trkpt>
    <trkpt lat="-13.5499231" lon="131.4250948">
      <ele>153.919</ele>
    </trkpt>
    <trkpt lat="-13.5518885" lon="131.425721">
      <ele>145.797</ele>
    </trkpt>
    <trkpt lat="-13.5518934" lon="131.4257226">
      <ele>145.785</ele>
    </trkpt>
    <trkpt lat="-13.5522336" lon="131.4258253">
      <ele>144.93</ele>
    </trkpt>
    <trkpt lat="-13.5522985" lon="131.4258449">
      <ele>144.85</ele>
    </trkpt>
    <trkpt lat="-13.5524089" lon="131.4258812">
      <ele>144.845</ele>
    </trkpt>
    <trkpt lat="-13.5532624" lon="131.426186">
      <ele>144.525</ele>
    </trkpt>
    <trkpt lat="-13.5539818" lon="131.4265074">
      <ele>141.666</ele>
    </trkpt>
    <trkpt lat="-13.5546899" lon="131.4268802">
      <ele>142.564</ele>
    </trkpt>
    <trkpt lat="-13.5549823" lon="131.4270584">
      <ele>142.91</ele>
    </trkpt>
    <trkpt lat="-13.555381" lon="131.4273228">
      <ele>141.808</ele>
    </trkpt>
    <trkpt lat="-13.5558306" lon="131.4276465">
      <ele>140.552</ele>
    </trkpt>
    <trkpt lat="-13.5562067" lon="131.4279552">
      <ele>141.075</ele>
    </trkpt>
    <trkpt lat="-13.5564978" lon="131.4282072">
      <ele>140.64</ele>
    </trkpt>
    <trkpt lat="-13.5565891" lon="131.4282945">
      <ele>140.519</ele>
    </trkpt>
    <trkpt lat="-13.5568212" lon="131.4285201">
      <ele>140.829</ele>
    </trkpt>
    <trkpt lat="-13.5570432" lon="131.4287469">
      <ele>139.604</ele>
    </trkpt>
    <trkpt lat="-13.5573818" lon="131.4291146">
      <ele>137.318</ele>
    </trkpt>
    <trkpt lat="-13.5575413" lon="131.4292999">
      <ele>137.26</ele>
    </trkpt>
    <trkpt lat="-13.557584" lon="131.4293521">
      <ele>137.163</ele>
    </trkpt>
    <trkpt lat="-13.5576016" lon="131.4293739">
      <ele>137.107</ele>
    </trkpt>
    <trkpt lat="-13.5576986" lon="131.4294938">
      <ele>136.849</ele>
    </trkpt>
    <trkpt lat="-13.5577165" lon="131.4295163">
      <ele>136.814</ele>
    </trkpt>
    <trkpt lat="-13.5577976" lon="131.4296188">
      <ele>136.44</ele>
    </trkpt>
    <trkpt lat="-13.5578112" lon="131.4296374">
      <ele>136.37</ele>
    </trkpt>
    <trkpt lat="-13.5578287" lon="131.4296608">
      <ele>136.269</ele>
    </trkpt>
    <trkpt lat="-13.557994" lon="131.4298821">
      <ele>135.816</ele>
    </trkpt>
    <trkpt lat="-13.5581808" lon="131.4301433">
      <ele>135.614</ele>
    </trkpt>
    <trkpt lat="-13.5584416" lon="131.4305371">
      <ele>133.651</ele>
    </trkpt>
    <trkpt lat="-13.5586693" lon="131.4309301">
      <ele>134.56</ele>
    </trkpt>
    <trkpt lat="-13.5589803" lon="131.4315209">
      <ele>138.136</ele>
    </trkpt>
    <trkpt lat="-13.5592605" lon="131.4320082">
      <ele>138.554</ele>
    </trkpt>
    <trkpt lat="-13.5593326" lon="131.4321335">
      <ele>138.486</ele>
    </trkpt>
    <trkpt lat="-13.5593511" lon="131.432168">
      <ele>138.477</ele>
    </trkpt>
    <trkpt lat="-13.5593942" lon="131.4322485">
      <ele>138.301</ele>
    </trkpt>
    <trkpt lat="-13.5595727" lon="131.4326306">
      <ele>136.33</ele>
    </trkpt>
    <trkpt lat="-13.5598951" lon="131.4332389">
      <ele>134.382</ele>
    </trkpt>
    <trkpt lat="-13.5603363" lon="131.4339747">
      <ele>128.789</ele>
    </trkpt>
    <trkpt lat="-13.5605993" lon="131.4343725">
      <ele>128.584</ele>
    </trkpt>
    <trkpt lat="-13.5606066" lon="131.4343835">
      <ele>128.597</ele>
    </trkpt>
    <trkpt lat="-13.5606198" lon="131.4344017">
      <ele>128.615</ele>
    </trkpt>
    <trkpt lat="-13.5607075" lon="131.4345227">
      <ele>129.016</ele>
    </trkpt>
    <trkpt lat="-13.5607277" lon="131.4345497">
      <ele>129.138</ele>
    </trkpt>
    <trkpt lat="-13.5608345" lon="131.4346927">
      <ele>129.779</ele>
    </trkpt>
    <trkpt lat="-13.5611337" lon="131.4350642">
      <ele>127.837</ele>
    </trkpt>
    <trkpt lat="-13.5613896" lon="131.4353588">
      <ele>126.288</ele>
    </trkpt>
    <trkpt lat="-13.5614053" lon="131.4353753">
      <ele>126.271</ele>
    </trkpt>
    <trkpt lat="-13.5617237" lon="131.4357104">
      <ele>125.795</ele>
    </trkpt>
    <trkpt lat="-13.5620138" lon="131.4359358">
      <ele>125.119</ele>
    </trkpt>
    <trkpt lat="-13.5621792" lon="131.4361497">
      <ele>125.272</ele>
    </trkpt>
    <trkpt lat="-13.5623556" lon="131.4363118">
      <ele>125.722</ele>
    </trkpt>
    <trkpt lat="-13.5627789" lon="131.4366628">
      <ele>126.0</ele>
    </trkpt>
    <trkpt lat="-13.5631814" lon="131.4369638">
      <ele>127.0</ele>
    </trkpt>
    <trkpt lat="-13.5636347" lon="131.4372706">
      <ele>125.83</ele>
    </trkpt>
    <trkpt lat="-13.5641194" lon="131.4375588">
      <ele>123.558</ele>
    </trkpt>
    <trkpt lat="-13.5644586" lon="131.4377447">
      <ele>122.711</ele>
    </trkpt>
    <trkpt lat="-13.564722" lon="131.4378762">
      <ele>122.355</ele>
    </trkpt>
    <trkpt lat="-13.565156" lon="131.4380757">
      <ele>122.186</ele>
    </trkpt>
    <trkpt lat="-13.5655962" lon="131.438254">
      <ele>123.324</ele>
    </trkpt>
    <trkpt lat="-13.5658893" lon="131.4383704">
      <ele>123.24</ele>
    </trkpt>
    <trkpt lat="-13.5674661" lon="131.4389483">
      <ele>120.122</ele>
    </trkpt>
    <trkpt lat="-13.5681096" lon="131.4391834">
      <ele>116.988</ele>
    </trkpt>
    <trkpt lat="-13.5681125" lon="131.4391852">
      <ele>116.986</ele>
    </trkpt>
    <trkpt lat="-13.5691181" lon="131.4396028">
      <ele>114.645</ele>
    </trkpt>
    <trkpt lat="-13.5702519" lon="131.4402052">
      <ele>111.448</ele>
    </trkpt>
    <trkpt lat="-13.5706856" lon="131.4404763">
      <ele>110.134</ele>
    </trkpt>
    <trkpt lat="-13.5706909" lon="131.4404799">
      <ele>110.133</ele>
    </trkpt>
    <trkpt lat="-13.5713582" lon="131.4409349">
      <ele>109.634</ele>
    </trkpt>
    <trkpt lat="-13.571717" lon="131.4412115">
      <ele>108.18</ele>
    </trkpt>
    <trkpt lat="-13.571725" lon="131.441218">
      <ele>108.175</ele>
    </trkpt>
    <trkpt lat="-13.5723594" lon="131.4417384">
      <ele>109.991</ele>
    </trkpt>
    <trkpt lat="-13.5726907" lon="131.4420315">
      <ele>109.785</ele>
    </trkpt>
    <trkpt lat="-13.5749647" lon="131.4441374">
      <ele>116.908</ele>
    </trkpt>
    <trkpt lat="-13.5750994" lon="131.4442656">
      <ele>116.998</ele>
    </trkpt>
    <trkpt lat="-13.5751032" lon="131.4442691">
      <ele>116.997</ele>
    </trkpt>
    <trkpt lat="-13.577292" lon="131.4462798">
      <ele>115.455</ele>
    </trkpt>
    <trkpt lat="-13.5775519" lon="131.4464513">
      <ele>115.0</ele>
    </trkpt>
    <trkpt lat="-13.5777208" lon="131.4466232">
      <ele>115.0</ele>
    </trkpt>
    <trkpt lat="-13.5779905" lon="131.4469051">
      <ele>113.376</ele>
    </trkpt>
    <trkpt lat="-13.5782182" lon="131.447148">
      <ele>111.096</ele>
    </trkpt>
    <trkpt lat="-13.5784836" lon="131.447453">
      <ele>109.459</ele>
    </trkpt>
    <trkpt lat="-13.5787933" lon="131.4478323">
      <ele>109.129</ele>
    </trkpt>
    <trkpt lat="-13.5788763" lon="131.4479538">
      <ele>109.605</ele>
    </trkpt>
    <trkpt lat="-13.5790594" lon="131.4481945">
      <ele>110.0</ele>
    </trkpt>
    <trkpt lat="-13.579082" lon="131.4482242">
      <ele>110.0</ele>
    </trkpt>
    <trkpt lat="-13.5793744" lon="131.4486379">
      <ele>109.072</ele>
    </trkpt>
    <trkpt lat="-13.5794125" lon="131.4486967">
      <ele>109.273</ele>
    </trkpt>
    <trkpt lat="-13.5795118" lon="131.4488503">
      <ele>110.104</ele>
    </trkpt>
    <trkpt lat="-13.5796027" lon="131.4489918">
      <ele>110.94</ele>
    </trkpt>
    <trkpt lat="-13.5798845" lon="131.4494632">
      <ele>112.961</ele>
    </trkpt>
    <trkpt lat="-13.5799513" lon="131.4495829">
      <ele>112.589</ele>
    </trkpt>
    <trkpt lat="-13.5800581" lon="131.4497605">
      <ele>112.138</ele>
    </trkpt>
    <trkpt lat="-13.5800765" lon="131.4497924">
      <ele>112.253</ele>
    </trkpt>
    <trkpt lat="-13.5801709" lon="131.4499507">
      <ele>112.823</ele>
    </trkpt>
    <trkpt lat="-13.5803648" lon="131.4503257">
      <ele>114.173</ele>
    </trkpt>
    <trkpt lat="-13.5806824" lon="131.450946">
      <ele>115.862</ele>
    </trkpt>
    <trkpt lat="-13.5808283" lon="131.4512858">
      <ele>117.611</ele>
    </trkpt>
    <trkpt lat="-13.5808481" lon="131.4513331">
      <ele>117.799</ele>
    </trkpt>
    <trkpt lat="-13.5811013" lon="131.45211">
      <ele>122.171</ele>
    </trkpt>
    <trkpt lat="-13.5812022" lon="131.4524856">
      <ele>123.637</ele>
    </trkpt>
    <trkpt lat="-13.5812312" lon="131.4525735">
      <ele>123.718</ele>
    </trkpt>
    <trkpt lat="-13.5812594" lon="131.4526614">
      <ele>123.737</ele>
    </trkpt>
    <trkpt lat="-13.5813539" lon="131.4529731">
      <ele>123.075</ele>
    </trkpt>
    <trkpt lat="-13.5814183" lon="131.4531904">
      <ele>122.894</ele>
    </trkpt>
    <trkpt lat="-13.5815113" lon="131.4535698">
      <ele>122.559</ele>
    </trkpt>
    <trkpt lat="-13.5815457" lon="131.453727">
      <ele>122.853</ele>
    </trkpt>
    <trkpt lat="-13.5815464" lon="131.4537307">
      <ele>122.863</ele>
    </trkpt>
    <trkpt lat="-13.5816012" lon="131.4540025">
      <ele>123.957</ele>
    </trkpt>
    <trkpt lat="-13.5817005" lon="131.4545837">
      <ele>126.061</ele>
    </trkpt>
    <trkpt lat="-13.5818487" lon="131.45545">
      <ele>123.345</ele>
    </trkpt>
    <trkpt lat="-13.5818623" lon="131.4555352">
      <ele>123.296</ele>
    </trkpt>
    <trkpt lat="-13.5818868" lon="131.4556772">
      <ele>122.951</ele>
    </trkpt>
    <trkpt lat="-13.5819503" lon="131.4560078">
      <ele>122.594</ele>
    </trkpt>
    <trkpt lat="-13.5820177" lon="131.456358">
      <ele>123.361</ele>
    </trkpt>
    <trkpt lat="-13.5821196" lon="131.4569601">
      <ele>125.297</ele>
    </trkpt>
    <trkpt lat="-13.582188" lon="131.4573617">
      <ele>127.697</ele>
    </trkpt>
    <trkpt lat="-13.582234" lon="131.4577171">
      <ele>129.918</ele>
    </trkpt>
    <trkpt lat="-13.5822419" lon="131.4577997">
      <ele>130.207</ele>
    </trkpt>
    <trkpt lat="-13.582217" lon="131.4578651">
      <ele>129.993</ele>
    </trkpt>
    <trkpt lat="-13.5822448" lon="131.4582812">
      <ele>130.843</ele>
    </trkpt>
    <trkpt lat="-13.5822476" lon="131.4585163">
      <ele>131.538</ele>
    </trkpt>
    <trkpt lat="-13.5822491" lon="131.4589098">
      <ele>129.717</ele>
    </trkpt>
    <trkpt lat="-13.5822119" lon="131.4591612">
      <ele>129.206</ele>
    </trkpt>
    <trkpt lat="-13.5822016" lon="131.4592735">
      <ele>128.16</ele>
    </trkpt>
    <trkpt lat="-13.5820998" lon="131.4598854">
      <ele>125.294</ele>
    </trkpt>
    <trkpt lat="-13.582062" lon="131.4600961">
      <ele>125.5</ele>
    </trkpt>
    <trkpt lat="-13.5819814" lon="131.4604318">
      <ele>126.032</ele>
    </trkpt>
    <trkpt lat="-13.5819362" lon="131.4605895">
      <ele>125.93</ele>
    </trkpt>
    <trkpt lat="-13.581891" lon="131.460726">
      <ele>125.809</ele>
    </trkpt>
    <trkpt lat="-13.5818664" lon="131.4608089">
      <ele>125.605</ele>
    </trkpt>
    <trkpt lat="-13.5816697" lon="131.4613058">
      <ele>123.88</ele>
    </trkpt>
    <trkpt lat="-13.5815" lon="131.4616614">
      <ele>122.642</ele>
    </trkpt>
    <trkpt lat="-13.5814575" lon="131.4617411">
      <ele>122.283</ele>
    </trkpt>
    <trkpt lat="-13.5813209" lon="131.4619967">
      <ele>121.245</ele>
    </trkpt>
    <trkpt lat="-13.581111" lon="131.4623377">
      <ele>122.001</ele>
    </trkpt>
    <trkpt lat="-13.5810855" lon="131.462374">
      <ele>122.143</ele>
    </trkpt>
    <trkpt lat="-13.58098" lon="131.4625239">
      <ele>122.985</ele>
    </trkpt>
    <trkpt lat="-13.5808745" lon="131.4626738">
      <ele>124.237</ele>
    </trkpt>
    <trkpt lat="-13.5808294" lon="131.4627378">
      <ele>124.882</ele>
    </trkpt>
    <trkpt lat="-13.5805164" lon="131.4631161">
      <ele>128.61</ele>
    </trkpt>
    <trkpt lat="-13.5802944" lon="131.4633621">
      <ele>130.984</ele>
    </trkpt>
    <trkpt lat="-13.580119" lon="131.4635291">
      <ele>131.471</ele>
    </trkpt>
    <trkpt lat="-13.579692" lon="131.4639249">
      <ele>128.769</ele>
    </trkpt>
    <trkpt lat="-13.5793167" lon="131.4642674">
      <ele>130.116</ele>
    </trkpt>
    <trkpt lat="-13.5792793" lon="131.4643012">
      <ele>130.385</ele>
    </trkpt>
    <trkpt lat="-13.5790802" lon="131.4644918">
      <ele>132.104</ele>
    </trkpt>
    <trkpt lat="-13.5788354" lon="131.4647363">
      <ele>135.975</ele>
    </trkpt>
    <trkpt lat="-13.5786905" lon="131.4648907">
      <ele>138.724</ele>
    </trkpt>
    <trkpt lat="-13.578562" lon="131.4650295">
      <ele>139.35</ele>
    </trkpt>
    <trkpt lat="-13.578416" lon="131.4652169">
      <ele>139.93</ele>
    </trkpt>
    <trkpt lat="-13.5784048" lon="131.4652307">
      <ele>139.855</ele>
    </trkpt>
    <trkpt lat="-13.5782901" lon="131.465372">
      <ele>140.799</ele>
    </trkpt>
    <trkpt lat="-13.5782537" lon="131.4654222">
      <ele>141.321</ele>
    </trkpt>
    <trkpt lat="-13.5781461" lon="131.4655705">
      <ele>141.693</ele>
    </trkpt>
    <trkpt lat="-13.5781244" lon="131.4656004">
      <ele>141.945</ele>
    </trkpt>
    <trkpt lat="-13.5780766" lon="131.465671">
      <ele>142.502</ele>
    </trkpt>
    <trkpt lat="-13.5779765" lon="131.4658188">
      <ele>144.001</ele>
    </trkpt>
    <trkpt lat="-13.5779739" lon="131.4658229">
      <ele>144.029</ele>
    </trkpt>
    <trkpt lat="-13.57792" lon="131.4659079">
      <ele>144.152</ele>
    </trkpt>
    <trkpt lat="-13.5778784" lon="131.4659796">
      <ele>144.135</ele>
    </trkpt>
    <trkpt lat="-13.5777862" lon="131.4661385">
      <ele>143.341</ele>
    </trkpt>
    <trkpt lat="-13.5777851" lon="131.4661404">
      <ele>143.316</ele>
    </trkpt>
    <trkpt lat="-13.5774633" lon="131.4667053">
      <ele>136.473</ele>
    </trkpt>
    <trkpt lat="-13.5773926" lon="131.4668306">
      <ele>134.892</ele>
    </trkpt>
    <trkpt lat="-13.5773324" lon="131.4669373">
      <ele>133.908</ele>
    </trkpt>
    <trkpt lat="-13.5772" lon="131.4671718">
      <ele>133.829</ele>
    </trkpt>
    <trkpt lat="-13.576731" lon="131.467906">
      <ele>130.136</ele>
    </trkpt>
    <trkpt lat="-13.5764745" lon="131.4682362">
      <ele>128.041</ele>
    </trkpt>
    <trkpt lat="-13.576186" lon="131.46856">
      <ele>127.914</ele>
    </trkpt>
    <trkpt lat="-13.5758976" lon="131.4688567">
      <ele>128.089</ele>
    </trkpt>
    <trkpt lat="-13.5756013" lon="131.4691451">
      <ele>127.142</ele>
    </trkpt>
    <trkpt lat="-13.5754002" lon="131.4693152">
      <ele>128.119</ele>
    </trkpt>
    <trkpt lat="-13.5752154" lon="131.4694659">
      <ele>129.432</ele>
    </trkpt>
    <trkpt lat="-13.5747475" lon="131.4698175">
      <ele>130.535</ele>
    </trkpt>
    <trkpt lat="-13.5743782" lon="131.4700538">
      <ele>133.045</ele>
    </trkpt>
    <trkpt lat="-13.5740324" lon="131.4703072">
      <ele>132.788</ele>
    </trkpt>
    <trkpt lat="-13.5740288" lon="131.4703099">
      <ele>132.769</ele>
    </trkpt>
    <trkpt lat="-13.5731336" lon="131.4708556">
      <ele>133.321</ele>
    </trkpt>
    <trkpt lat="-13.5724119" lon="131.4713131">
      <ele>138.542</ele>
    </trkpt>
    <trkpt lat="-13.5721991" lon="131.4714594">
      <ele>140.993</ele>
    </trkpt>
    <trkpt lat="-13.5720311" lon="131.4715953">
      <ele>142.601</ele>
    </trkpt>
    <trkpt lat="-13.5718797" lon="131.4717151">
      <ele>143.655</ele>
    </trkpt>
    <trkpt lat="-13.5718035" lon="131.4717803">
      <ele>144.543</ele>
    </trkpt>
    <trkpt lat="-13.5713721" lon="131.4721591">
      <ele>143.997</ele>
    </trkpt>
    <trkpt lat="-13.5711542" lon="131.4723663">
      <ele>141.648</ele>
    </trkpt>
    <trkpt lat="-13.5708721" lon="131.4726614">
      <ele>142.184</ele>
    </trkpt>
    <trkpt lat="-13.5706521" lon="131.4729191">
      <ele>144.216</ele>
    </trkpt>
    <trkpt lat="-13.5703469" lon="131.4733184">
      <ele>145.653</ele>
    </trkpt>
    <trkpt lat="-13.5701728" lon="131.4735698">
      <ele>146.476</ele>
    </trkpt>
    <trkpt lat="-13.5700767" lon="131.4737135">
      <ele>146.934</ele>
    </trkpt>
    <trkpt lat="-13.5698504" lon="131.4740376">
      <ele>148.532</ele>
    </trkpt>
    <trkpt lat="-13.5694977" lon="131.4747018">
      <ele>148.178</ele>
    </trkpt>
    <trkpt lat="-13.5691797" lon="131.475437">
      <ele>150.694</ele>
    </trkpt>
    <trkpt lat="-13.56901" lon="131.475992">
      <ele>149.623</ele>
    </trkpt>
    <trkpt lat="-13.5689344" lon="131.4762536">
      <ele>148.222</ele>
    </trkpt>
    <trkpt lat="-13.5687718" lon="131.4771086">
      <ele>146.406</ele>
    </trkpt>
    <trkpt lat="-13.5686885" lon="131.4779835">
      <ele>144.279</ele>
    </trkpt>
    <trkpt lat="-13.5686857" lon="131.4788388">
      <ele>142.269</ele>
    </trkpt>
    <trkpt lat="-13.5687727" lon="131.4797245">
      <ele>142.321</ele>
    </trkpt>
    <trkpt lat="-13.5688685" lon="131.4802014">
      <ele>141.927</ele>
    </trkpt>
    <trkpt lat="-13.5689017" lon="131.4803661">
      <ele>141.713</ele>
    </trkpt>
    <trkpt lat="-13.5689054" lon="131.4803824">
      <ele>141.66</ele>
    </trkpt>
    <trkpt lat="-13.5689427" lon="131.4805463">
      <ele>141.04</ele>
    </trkpt>
    <trkpt lat="-13.5689466" lon="131.4805626">
      <ele>140.975</ele>
    </trkpt>
    <trkpt lat="-13.5690678" lon="131.4810684">
      <ele>140.0</ele>
    </trkpt>
    <trkpt lat="-13.5692211" lon="131.4818567">
      <ele>137.804</ele>
    </trkpt>
    <trkpt lat="-13.5692752" lon="131.4823679">
      <ele>139.453</ele>
    </trkpt>
    <trkpt lat="-13.569276" lon="131.482379">
      <ele>139.513</ele>
    </trkpt>
    <trkpt lat="-13.5692885" lon="131.4825462">
      <ele>140.216</ele>
    </trkpt>
    <trkpt lat="-13.5692885" lon="131.4825636">
      <ele>140.251</ele>
    </trkpt>
    <trkpt lat="-13.5692891" lon="131.4829827">
      <ele>141.741</ele>
    </trkpt>
    <trkpt lat="-13.5692901" lon="131.4836737">
      <ele>145.328</ele>
    </trkpt>
    <trkpt lat="-13.5692904" lon="131.4838508">
      <ele>146.892</ele>
    </trkpt>
    <trkpt lat="-13.5692718" lon="131.4849688">
      <ele>147.108</ele>
    </trkpt>
    <trkpt lat="-13.5692688" lon="131.4851473">
      <ele>147.774</ele>
    </trkpt>
    <trkpt lat="-13.5692688" lon="131.4851538">
      <ele>147.803</ele>
    </trkpt>
    <trkpt lat="-13.5692674" lon="131.485518">
      <ele>149.465</ele>
    </trkpt>
    <trkpt lat="-13.5692631" lon="131.4856023">
      <ele>149.982</ele>
    </trkpt>
    <trkpt lat="-13.5692553" lon="131.4862581">
      <ele>153.363</ele>
    </trkpt>
    <trkpt lat="-13.569251" lon="131.4864431">
      <ele>153.013</ele>
    </trkpt>
    <trkpt lat="-13.5692405" lon="131.4877503">
      <ele>160.015</ele>
    </trkpt>
    <trkpt lat="-13.5692423" lon="131.4880703">
      <ele>162.68</ele>
    </trkpt>
    <trkpt lat="-13.5692607" lon="131.4883891">
      <ele>166.228</ele>
    </trkpt>
    <trkpt lat="-13.5692706" lon="131.4884893">
      <ele>168.021</ele>
    </trkpt>
    <trkpt lat="-13.5692833" lon="131.4886194">
      <ele>170.406</ele>
    </trkpt>
    <trkpt lat="-13.5692917" lon="131.4886729">
      <ele>170.946</ele>
    </trkpt>
    <trkpt lat="-13.569315" lon="131.4888199">
      <ele>172.374</ele>
    </trkpt>
    <trkpt lat="-13.5694091" lon="131.4892614">
      <ele>173.896</ele>
    </trkpt>
    <trkpt lat="-13.5695371" lon="131.4897563">
      <ele>177.506</ele>
    </trkpt>
    <trkpt lat="-13.569652" lon="131.4901088">
      <ele>180.543</ele>
    </trkpt>
    <trkpt lat="-13.5697782" lon="131.4904497">
      <ele>180.616</ele>
    </trkpt>
    <trkpt lat="-13.5697851" lon="131.4904682">
      <ele>180.593</ele>
    </trkpt>
    <trkpt lat="-13.5698515" lon="131.4906185">
      <ele>180.884</ele>
    </trkpt>
    <trkpt lat="-13.5699668" lon="131.4908792">
      <ele>180.668</ele>
    </trkpt>
    <trkpt lat="-13.5700064" lon="131.4909521">
      <ele>180.951</ele>
    </trkpt>
    <trkpt lat="-13.5702197" lon="131.4913457">
      <ele>182.917</ele>
    </trkpt>
    <trkpt lat="-13.5702732" lon="131.491434">
      <ele>183.543</ele>
    </trkpt>
    <trkpt lat="-13.5704243" lon="131.4916835">
      <ele>185.418</ele>
    </trkpt>
    <trkpt lat="-13.5706458" lon="131.4919844">
      <ele>185.708</ele>
    </trkpt>
    <trkpt lat="-13.5707983" lon="131.4921829">
      <ele>188.277</ele>
    </trkpt>
    <trkpt lat="-13.5708852" lon="131.4922962">
      <ele>189.135</ele>
    </trkpt>
    <trkpt lat="-13.5709125" lon="131.4923254">
      <ele>189.311</ele>
    </trkpt>
    <trkpt lat="-13.5709141" lon="131.4923271">
      <ele>189.321</ele>
    </trkpt>
    <trkpt lat="-13.5711616" lon="131.4925919">
      <ele>190.702</ele>
    </trkpt>
    <trkpt lat="-13.5711818" lon="131.4926135">
      <ele>190.692</ele>
    </trkpt>
    <trkpt lat="-13.5714148" lon="131.4928545">
      <ele>190.082</ele>
    </trkpt>
    <trkpt lat="-13.5716995" lon="131.4931176">
      <ele>188.553</ele>
    </trkpt>
    <trkpt lat="-13.5719619" lon="131.4933332">
      <ele>188.128</ele>
    </trkpt>
    <trkpt lat="-13.5719723" lon="131.4933418">
      <ele>188.106</ele>
    </trkpt>
    <trkpt lat="-13.5721132" lon="131.4934329">
      <ele>187.922</ele>
    </trkpt>
    <trkpt lat="-13.5721165" lon="131.493435">
      <ele>187.914</ele>
    </trkpt>
    <trkpt lat="-13.5722069" lon="131.4934935">
      <ele>187.615</ele>
    </trkpt>
    <trkpt lat="-13.5722641" lon="131.493533">
      <ele>186.974</ele>
    </trkpt>
    <trkpt lat="-13.5726897" lon="131.4938258">
      <ele>181.626</ele>
    </trkpt>
    <trkpt lat="-13.5733179" lon="131.4941494">
      <ele>178.186</ele>
    </trkpt>
    <trkpt lat="-13.5737011" lon="131.4943093">
      <ele>178.487</ele>
    </trkpt>
    <trkpt lat="-13.5740341" lon="131.4944135">
      <ele>178.111</ele>
    </trkpt>
    <trkpt lat="-13.5742059" lon="131.4944674">
      <ele>178.307</ele>
    </trkpt>
    <trkpt lat="-13.5742124" lon="131.4944694">
      <ele>178.344</ele>
    </trkpt>
    <trkpt lat="-13.5743616" lon="131.4945161">
      <ele>179.218</ele>
    </trkpt>
    <trkpt lat="-13.5748806" lon="131.494632">
      <ele>180.921</ele>
    </trkpt>
    <trkpt lat="-13.5752904" lon="131.4946917">
      <ele>182.62</ele>
    </trkpt>
    <trkpt lat="-13.5756511" lon="131.4947289">
      <ele>180.992</ele>
    </trkpt>
    <trkpt lat="-13.5762153" lon="131.4947514">
      <ele>178.895</ele>
    </trkpt>
    <trkpt lat="-13.5770248" lon="131.4947684">
      <ele>178.166</ele>
    </trkpt>
    <trkpt lat="-13.5771368" lon="131.4947737">
      <ele>178.185</ele>
    </trkpt>
    <trkpt lat="-13.5779796" lon="131.4947285">
      <ele>178.319</ele>
    </trkpt>
    <trkpt lat="-13.5806969" lon="131.4947759">
      <ele>171.586</ele>
    </trkpt>
    <trkpt lat="-13.5812182" lon="131.494794">
      <ele>170.356</ele>
    </trkpt>
    <trkpt lat="-13.5819316" lon="131.4948291">
      <ele>168.046</ele>
    </trkpt>
    <trkpt lat="-13.5824431" lon="131.4948885">
      <ele>167.918</ele>
    </trkpt>
    <trkpt lat="-13.5827873" lon="131.4949391">
      <ele>168.762</ele>
    </trkpt>
    <trkpt lat="-13.5832512" lon="131.4950272">
      <ele>166.464</ele>
    </trkpt>
    <trkpt lat="-13.5839728" lon="131.4952133">
      <ele>165.232</ele>
    </trkpt>
    <trkpt lat="-13.5847015" lon="131.4954454">
      <ele>162.516</ele>
    </trkpt>
    <trkpt lat="-13.58474" lon="131.4954577">
      <ele>162.224</ele>
    </trkpt>
    <trkpt lat="-13.5848709" lon="131.4955075">
      <ele>161.103</ele>
    </trkpt>
    <trkpt lat="-13.5852352" lon="131.4956462">
      <ele>160.326</ele>
    </trkpt>
    <trkpt lat="-13.5855359" lon="131.4957886">
      <ele>161.768</ele>
    </trkpt>
    <trkpt lat="-13.5856993" lon="131.495866">
      <ele>162.0</ele>
    </trkpt>
    <trkpt lat="-13.5857802" lon="131.4959043">
      <ele>162.0</ele>
    </trkpt>
    <trkpt lat="-13.5860218" lon="131.4960297">
      <ele>161.322</ele>
    </trkpt>
    <trkpt lat="-13.5862432" lon="131.4961447">
      <ele>161.121</ele>
    </trkpt>
    <trkpt lat="-13.5863389" lon="131.4962041">
      <ele>161.335</ele>
    </trkpt>
    <trkpt lat="-13.5868775" lon="131.4965382">
      <ele>164.167</ele>
    </trkpt>
    <trkpt lat="-13.5875188" lon="131.4969708">
      <ele>167.006</ele>
    </trkpt>
    <trkpt lat="-13.5878279" lon="131.4972075">
      <ele>167.957</ele>
    </trkpt>
    <trkpt lat="-13.5881911" lon="131.4975211">
      <ele>168.549</ele>
    </trkpt>
    <trkpt lat="-13.5883884" lon="131.4976997">
      <ele>168.775</ele>
    </trkpt>
    <trkpt lat="-13.5885234" lon="131.4978219">
      <ele>169.159</ele>
    </trkpt>
    <trkpt lat="-13.5885576" lon="131.4978528">
      <ele>169.27</ele>
    </trkpt>
    <trkpt lat="-13.5886523" lon="131.4979508">
      <ele>169.679</ele>
    </trkpt>
    <trkpt lat="-13.5887792" lon="131.4980821">
      <ele>169.904</ele>
    </trkpt>
    <trkpt lat="-13.5890147" lon="131.4983258">
      <ele>169.48</ele>
    </trkpt>
    <trkpt lat="-13.5893971" lon="131.4987771">
      <ele>169.0</ele>
    </trkpt>
    <trkpt lat="-13.5896987" lon="131.4991755">
      <ele>169.0</ele>
    </trkpt>
    <trkpt lat="-13.5899317" lon="131.4994935">
      <ele>168.823</ele>
    </trkpt>
    <trkpt lat="-13.5900331" lon="131.4996522">
      <ele>168.103</ele>
    </trkpt>
    <trkpt lat="-13.5903006" lon="131.500071">
      <ele>165.744</ele>
    </trkpt>
    <trkpt lat="-13.590692" lon="131.5008245">
      <ele>164.032</ele>
    </trkpt>
    <trkpt lat="-13.5907454" lon="131.5009366">
      <ele>164.254</ele>
    </trkpt>
    <trkpt lat="-13.5909039" lon="131.5012689">
      <ele>165.398</ele>
    </trkpt>
    <trkpt lat="-13.5909831" lon="131.501435">
      <ele>166.168</ele>
    </trkpt>
    <trkpt lat="-13.5910623" lon="131.5016011">
      <ele>167.278</ele>
    </trkpt>
    <trkpt lat="-13.5910722" lon="131.5016218">
      <ele>167.441</ele>
    </trkpt>
    <trkpt lat="-13.5914086" lon="131.5023871">
      <ele>168.551</ele>
    </trkpt>
    <trkpt lat="-13.5920855" lon="131.5039429">
      <ele>172.508</ele>
    </trkpt>
    <trkpt lat="-13.5925844" lon="131.5050157">
      <ele>170.287</ele>
    </trkpt>
    <trkpt lat="-13.5934347" lon="131.507056">
      <ele>168.583</ele>
    </trkpt>
    <trkpt lat="-13.5935029" lon="131.5072286">
      <ele>168.642</ele>
    </trkpt>
    <trkpt lat="-13.5935786" lon="131.5073957">
      <ele>169.581</ele>
    </trkpt>
    <trkpt lat="-13.593721" lon="131.5077103">
      <ele>171.057</ele>
    </trkpt>
    <trkpt lat="-13.5938294" lon="131.5078864">
      <ele>172.177</ele>
    </trkpt>
    <trkpt lat="-13.5960676" lon="131.5130832">
      <ele>176.859</ele>
    </trkpt>
    <trkpt lat="-13.5974629" lon="131.516292">
      <ele>169.995</ele>
    </trkpt>
    <trkpt lat="-13.5976098" lon="131.5166297">
      <ele>171.162</ele>
    </trkpt>
    <trkpt lat="-13.5976832" lon="131.5167986">
      <ele>170.873</ele>
    </trkpt>
    <trkpt lat="-13.5986378" lon="131.518994">
      <ele>170.85</ele>
    </trkpt>
    <trkpt lat="-13.5986599" lon="131.5190447">
      <ele>170.889</ele>
    </trkpt>
    <trkpt lat="-13.5987132" lon="131.5191636">
      <ele>171.11</ele>
    </trkpt>
    <trkpt lat="-13.5990668" lon="131.519952">
      <ele>168.875</ele>
    </trkpt>
    <trkpt lat="-13.5992962" lon="131.5204053">
      <ele>168.221</ele>
    </trkpt>
    <trkpt lat="-13.599576" lon="131.5209284">
      <ele>168.947</ele>
    </trkpt>
    <trkpt lat="-13.599806" lon="131.5212958">
      <ele>171.369</ele>
    </trkpt>
    <trkpt lat="-13.5999508" lon="131.52152">
      <ele>172.729</ele>
    </trkpt>
    <trkpt lat="-13.6000018" lon="131.5215948">
      <ele>173.008</ele>
    </trkpt>
    <trkpt lat="-13.6001052" lon="131.521746">
      <ele>173.556</ele>
    </trkpt>
    <trkpt lat="-13.6001063" lon="131.5217476">
      <ele>173.563</ele>
    </trkpt>
    <trkpt lat="-13.6002086" lon="131.5218974">
      <ele>173.958</ele>
    </trkpt>
    <trkpt lat="-13.6002713" lon="131.5219891">
      <ele>173.843</ele>
    </trkpt>
    <trkpt lat="-13.6006104" lon="131.5224368">
      <ele>171.03</ele>
    </trkpt>
    <trkpt lat="-13.6007552" lon="131.5226345">
      <ele>170.145</ele>
    </trkpt>
    <trkpt lat="-13.6007761" lon="131.522663">
      <ele>170.085</ele>
    </trkpt>
    <trkpt lat="-13.600867" lon="131.5227769">
      <ele>170.0</ele>
    </trkpt>
    <trkpt lat="-13.6008682" lon="131.5227784">
      <ele>169.998</ele>
    </trkpt>
    <trkpt lat="-13.6009812" lon="131.5229199">
      <ele>169.488</ele>
    </trkpt>
    <trkpt lat="-13.6009866" lon="131.5229267">
      <ele>169.464</ele>
    </trkpt>
    <trkpt lat="-13.6011033" lon="131.5230558">
      <ele>169.0</ele>
    </trkpt>
    <trkpt lat="-13.6011046" lon="131.5230572">
      <ele>169.0</ele>
    </trkpt>
    <trkpt lat="-13.6012258" lon="131.5231912">
      <ele>169.211</ele>
    </trkpt>
    <trkpt lat="-13.6012271" lon="131.5231927">
      <ele>169.211</ele>
    </trkpt>
    <trkpt lat="-13.6014665" lon="131.5234574">
      <ele>168.987</ele>
    </trkpt>
    <trkpt lat="-13.6014711" lon="131.5234619">
      <ele>168.992</ele>
    </trkpt>
    <trkpt lat="-13.6021131" lon="131.5240884">
      <ele>169.624</ele>
    </trkpt>
    <trkpt lat="-13.6026561" lon="131.5245548">
      <ele>166.165</ele>
    </trkpt>
    <trkpt lat="-13.6026769" lon="131.5245721">
      <ele>166.177</ele>
    </trkpt>
    <trkpt lat="-13.6030967" lon="131.5249209">
      <ele>166.433</ele>
    </trkpt>
    <trkpt lat="-13.6032368" lon="131.5250371">
      <ele>166.473</ele>
    </trkpt>
    <trkpt lat="-13.6032377" lon="131.5250378">
      <ele>166.473</ele>
    </trkpt>
    <trkpt lat="-13.6033868" lon="131.5251422">
      <ele>166.488</ele>
    </trkpt>
    <trkpt lat="-13.6035343" lon="131.5252453">
      <ele>166.117</ele>
    </trkpt>
    <trkpt lat="-13.6035356" lon="131.5252462">
      <ele>166.114</ele>
    </trkpt>
    <trkpt lat="-13.6037306" lon="131.5253826">
      <ele>165.355</ele>
    </trkpt>
    <trkpt lat="-13.6044506" lon="131.5258316">
      <ele>165.028</ele>
    </trkpt>
    <trkpt lat="-13.6046305" lon="131.5259437">
      <ele>165.272</ele>
    </trkpt>
    <trkpt lat="-13.6049249" lon="131.5260958">
      <ele>166.474</ele>
    </trkpt>
    <trkpt lat="-13.6050868" lon="131.5261795">
      <ele>166.989</ele>
    </trkpt>
    <trkpt lat="-13.6052464" lon="131.5262621">
      <ele>166.861</ele>
    </trkpt>
    <trkpt lat="-13.6052475" lon="131.5262627">
      <ele>166.859</ele>
    </trkpt>
    <trkpt lat="-13.6056336" lon="131.5264622">
      <ele>167.562</ele>
    </trkpt>
    <trkpt lat="-13.6068991" lon="131.5269908">
      <ele>170.697</ele>
    </trkpt>
    <trkpt lat="-13.6075761" lon="131.5272736">
      <ele>170.63</ele>
    </trkpt>
    <trkpt lat="-13.6082357" lon="131.5275405">
      <ele>170.503</ele>
    </trkpt>
    <trkpt lat="-13.6084031" lon="131.5276081">
      <ele>170.862</ele>
    </trkpt>
    <trkpt lat="-13.6087381" lon="131.5277437">
      <ele>171.981</ele>
    </trkpt>
    <trkpt lat="-13.6109147" lon="131.5286242">
      <ele>179.586</ele>
    </trkpt>
    <trkpt lat="-13.6110823" lon="131.528692">
      <ele>180.793</ele>
    </trkpt>
    <trkpt lat="-13.6112496" lon="131.5287596">
      <ele>181.499</ele>
    </trkpt>
    <trkpt lat="-13.6117208" lon="131.5289504">
      <ele>182.752</ele>
    </trkpt>
    <trkpt lat="-13.6117517" lon="131.5289637">
      <ele>182.767</ele>
    </trkpt>
    <trkpt lat="-13.6129004" lon="131.5294569">
      <ele>186.332</ele>
    </trkpt>
    <trkpt lat="-13.6129121" lon="131.5294635">
      <ele>186.313</ele>
    </trkpt>
    <trkpt lat="-13.6129132" lon="131.5294641">
      <ele>186.312</ele>
    </trkpt>
    <trkpt lat="-13.613071" lon="131.5295532">
      <ele>185.825</ele>
    </trkpt>
    <trkpt lat="-13.6137017" lon="131.5299097">
      <ele>185.733</ele>
    </trkpt>
    <trkpt lat="-13.6137885" lon="131.5299588">
      <ele>185.817</ele>
    </trkpt>
    <trkpt lat="-13.6142377" lon="131.5302269">
      <ele>187.572</ele>
    </trkpt>
    <trkpt lat="-13.6144702" lon="131.5303865">
      <ele>188.285</ele>
    </trkpt>
    <trkpt lat="-13.6146198" lon="131.5304892">
      <ele>187.608</ele>
    </trkpt>
    <trkpt lat="-13.6146212" lon="131.5304901">
      <ele>187.601</ele>
    </trkpt>
    <trkpt lat="-13.6147709" lon="131.5305929">
      <ele>187.274</ele>
    </trkpt>
    <trkpt lat="-13.6147826" lon="131.530601">
      <ele>187.343</ele>
    </trkpt>
    <trkpt lat="-13.6149186" lon="131.5306985">
      <ele>187.92</ele>
    </trkpt>
    <trkpt lat="-13.6152017" lon="131.5309016">
      <ele>187.893</ele>
    </trkpt>
    <trkpt lat="-13.6158712" lon="131.5314464">
      <ele>182.938</ele>
    </trkpt>
    <trkpt lat="-13.6164801" lon="131.532026">
      <ele>182.363</ele>
    </trkpt>
    <trkpt lat="-13.6165731" lon="131.53212">
      <ele>182.694</ele>
    </trkpt>
    <trkpt lat="-13.6167002" lon="131.532248">
      <ele>183.121</ele>
    </trkpt>
    <trkpt lat="-13.6167016" lon="131.5322494">
      <ele>183.126</ele>
    </trkpt>
    <trkpt lat="-13.61683" lon="131.5323791">
      <ele>183.588</ele>
    </trkpt>
    <trkpt lat="-13.6169743" lon="131.5325245">
      <ele>184.019</ele>
    </trkpt>
    <trkpt lat="-13.6170798" lon="131.5326453">
      <ele>183.964</ele>
    </trkpt>
    <trkpt lat="-13.6172" lon="131.532783">
      <ele>183.901</ele>
    </trkpt>
    <trkpt lat="-13.6174389" lon="131.5330569">
      <ele>184.547</ele>
    </trkpt>
    <trkpt lat="-13.6174402" lon="131.5330584">
      <ele>184.541</ele>
    </trkpt>
    <trkpt lat="-13.6176806" lon="131.5333338">
      <ele>182.648</ele>
    </trkpt>
    <trkpt lat="-13.6179209" lon="131.5336092">
      <ele>182.003</ele>
    </trkpt>
    <trkpt lat="-13.6191224" lon="131.5349864">
      <ele>191.751</ele>
    </trkpt>
    <trkpt lat="-13.6194829" lon="131.5353995">
      <ele>194.931</ele>
    </trkpt>
    <trkpt lat="-13.6202039" lon="131.5362258">
      <ele>199.092</ele>
    </trkpt>
    <trkpt lat="-13.6203227" lon="131.5363619">
      <ele>199.66</ele>
    </trkpt>
    <trkpt lat="-13.6203241" lon="131.5363635">
      <ele>199.666</ele>
    </trkpt>
    <trkpt lat="-13.6204428" lon="131.5364996">
      <ele>199.729</ele>
    </trkpt>
    <trkpt lat="-13.6211651" lon="131.5373275">
      <ele>197.427</ele>
    </trkpt>
    <trkpt lat="-13.6223667" lon="131.5387046">
      <ele>197.498</ele>
    </trkpt>
    <trkpt lat="-13.6230863" lon="131.5395294">
      <ele>199.383</ele>
    </trkpt>
    <trkpt lat="-13.6230876" lon="131.5395309">
      <ele>199.391</ele>
    </trkpt>
    <trkpt lat="-13.6232078" lon="131.5396686">
      <ele>199.913</ele>
    </trkpt>
    <trkpt lat="-13.6236885" lon="131.5402195">
      <ele>201.732</ele>
    </trkpt>
    <trkpt lat="-13.6247699" lon="131.5414589">
      <ele>207.295</ele>
    </trkpt>
    <trkpt lat="-13.6257673" lon="131.5426022">
      <ele>214.876</ele>
    </trkpt>
    <trkpt lat="-13.6267308" lon="131.5437021">
      <ele>216.155</ele>
    </trkpt>
    <trkpt lat="-13.6274138" lon="131.5444842">
      <ele>215.758</ele>
    </trkpt>
    <trkpt lat="-13.627574" lon="131.5446633">
      <ele>214.634</ele>
    </trkpt>
    <trkpt lat="-13.6276955" lon="131.5447999">
      <ele>214.983</ele>
    </trkpt>
    <trkpt lat="-13.6279272" lon="131.545072">
      <ele>216.936</ele>
    </trkpt>
    <trkpt lat="-13.6281787" lon="131.5453858">
      <ele>216.439</ele>
    </trkpt>
    <trkpt lat="-13.6283697" lon="131.5456363">
      <ele>215.131</ele>
    </trkpt>
    <trkpt lat="-13.6285705" lon="131.5459141">
      <ele>215.854</ele>
    </trkpt>
    <trkpt lat="-13.6286861" lon="131.5460766">
      <ele>216.034</ele>
    </trkpt>
    <trkpt lat="-13.6289578" lon="131.5464847">
      <ele>215.507</ele>
    </trkpt>
    <trkpt lat="-13.629178" lon="131.5468425">
      <ele>215.974</ele>
    </trkpt>
    <trkpt lat="-13.6291988" lon="131.546877">
      <ele>215.912</ele>
    </trkpt>
    <trkpt lat="-13.6292805" lon="131.5470106">
      <ele>215.493</ele>
    </trkpt>
    <trkpt lat="-13.6294507" lon="131.5473011">
      <ele>214.023</ele>
    </trkpt>
    <trkpt lat="-13.6296627" lon="131.5476921">
      <ele>214.638</ele>
    </trkpt>
    <trkpt lat="-13.6297957" lon="131.5479516">
      <ele>215.529</ele>
    </trkpt>
    <trkpt lat="-13.629908" lon="131.5481868">
      <ele>215.865</ele>
    </trkpt>
    <trkpt lat="-13.6300661" lon="131.5485916">
      <ele>215.308</ele>
    </trkpt>
    <trkpt lat="-13.6301663" lon="131.5488328">
      <ele>214.801</ele>
    </trkpt>
    <trkpt lat="-13.6303814" lon="131.5493584">
      <ele>215.552</ele>
    </trkpt>
    <trkpt lat="-13.6305916" lon="131.5499766">
      <ele>218.011</ele>
    </trkpt>
    <trkpt lat="-13.6307504" lon="131.5505097">
      <ele>217.884</ele>
    </trkpt>
    <trkpt lat="-13.6307683" lon="131.5505751">
      <ele>217.984</ele>
    </trkpt>
    <trkpt lat="-13.6308171" lon="131.5507532">
      <ele>217.958</ele>
    </trkpt>
    <trkpt lat="-13.6308792" lon="131.55098">
      <ele>216.866</ele>
    </trkpt>
    <trkpt lat="-13.6309765" lon="131.5514176">
      <ele>213.331</ele>
    </trkpt>
    <trkpt lat="-13.631078" lon="131.5519445">
      <ele>211.881</ele>
    </trkpt>
    <trkpt lat="-13.6311851" lon="131.552643">
      <ele>210.833</ele>
    </trkpt>
    <trkpt lat="-13.6312749" lon="131.5535495">
      <ele>209.0</ele>
    </trkpt>
    <trkpt lat="-13.6313043" lon="131.554105">
      <ele>205.598</ele>
    </trkpt>
    <trkpt lat="-13.6313103" lon="131.5544882">
      <ele>203.125</ele>
    </trkpt>
    <trkpt lat="-13.6313103" lon="131.5544904">
      <ele>203.117</ele>
    </trkpt>
    <trkpt lat="-13.6313268" lon="131.5553868">
      <ele>202.311</ele>
    </trkpt>
    <trkpt lat="-13.6313367" lon="131.5558773">
      <ele>202.376</ele>
    </trkpt>
    <trkpt lat="-13.631287" lon="131.5580022">
      <ele>209.808</ele>
    </trkpt>
    <trkpt lat="-13.6313126" lon="131.5596883">
      <ele>211.481</ele>
    </trkpt>
    <trkpt lat="-13.6313285" lon="131.560408">
      <ele>212.565</ele>
    </trkpt>
    <trkpt lat="-13.6313301" lon="131.5605931">
      <ele>212.47</ele>
    </trkpt>
    <trkpt lat="-13.6314382" lon="131.5665075">
      <ele>223.178</ele>
    </trkpt>
    <trkpt lat="-13.631414" lon="131.569461">
      <ele>222.054</ele>
    </trkpt>
    <trkpt lat="-13.63144" lon="131.5721819">
      <ele>218.145</ele>
    </trkpt>
    <trkpt lat="-13.63141" lon="131.5731089">
      <ele>216.747</ele>
    </trkpt>
    <trkpt lat="-13.6313976" lon="131.5733467">
      <ele>215.902</ele>
    </trkpt>
    <trkpt lat="-13.631361" lon="131.574049">
      <ele>211.582</ele>
    </trkpt>
    <trkpt lat="-13.6312882" lon="131.5746364">
      <ele>212.166</ele>
    </trkpt>
    <trkpt lat="-13.6312655" lon="131.57482">
      <ele>212.64</ele>
    </trkpt>
    <trkpt lat="-13.631179" lon="131.5755179">
      <ele>213.756</ele>
    </trkpt>
    <trkpt lat="-13.6309027" lon="131.5770084">
      <ele>217.578</ele>
    </trkpt>
    <trkpt lat="-13.630862" lon="131.5772279">
      <ele>217.002</ele>
    </trkpt>
    <trkpt lat="-13.6308254" lon="131.5773697">
      <ele>216.971</ele>
    </trkpt>
    <trkpt lat="-13.6307793" lon="131.5775486">
      <ele>216.946</ele>
    </trkpt>
    <trkpt lat="-13.630421" lon="131.5789379">
      <ele>221.438</ele>
    </trkpt>
    <trkpt lat="-13.6301539" lon="131.579724">
      <ele>223.0</ele>
    </trkpt>
    <trkpt lat="-13.6301041" lon="131.5799995">
      <ele>223.0</ele>
    </trkpt>
    <trkpt lat="-13.6300639" lon="131.5801629">
      <ele>223.452</ele>
    </trkpt>
    <trkpt lat="-13.6297612" lon="131.580835">
      <ele>225.146</ele>
    </trkpt>
    <trkpt lat="-13.62972" lon="131.580913">
      <ele>225.287</ele>
    </trkpt>
    <trkpt lat="-13.6296016" lon="131.5812327">
      <ele>227.313</ele>
    </trkpt>
    <trkpt lat="-13.6286902" lon="131.5832767">
      <ele>228.204</ele>
    </trkpt>
    <trkpt lat="-13.627415" lon="131.5861364">
      <ele>233.675</ele>
    </trkpt>
    <trkpt lat="-13.62734" lon="131.5863046">
      <ele>234.447</ele>
    </trkpt>
    <trkpt lat="-13.6253353" lon="131.5907999">
      <ele>229.308</ele>
    </trkpt>
    <trkpt lat="-13.624885" lon="131.5918598">
      <ele>228.891</ele>
    </trkpt>
    <trkpt lat="-13.624302" lon="131.5934283">
      <ele>227.197</ele>
    </trkpt>
    <trkpt lat="-13.6238132" lon="131.5950812">
      <ele>230.099</ele>
    </trkpt>
    <trkpt lat="-13.6236714" lon="131.595631">
      <ele>231.457</ele>
    </trkpt>
    <trkpt lat="-13.6235314" lon="131.5962658">
      <ele>229.557</ele>
    </trkpt>
    <trkpt lat="-13.6234915" lon="131.5964463">
      <ele>230.207</ele>
    </trkpt>
    <trkpt lat="-13.6234742" lon="131.5965249">
      <ele>230.49</ele>
    </trkpt>
    <trkpt lat="-13.623456" lon="131.5966276">
      <ele>230.859</ele>
    </trkpt>
    <trkpt lat="-13.6233373" lon="131.5972973">
      <ele>230.744</ele>
    </trkpt>
    <trkpt lat="-13.6232352" lon="131.5979054">
      <ele>230.085</ele>
    </trkpt>
    <trkpt lat="-13.6231628" lon="131.5984208">
      <ele>227.564</ele>
    </trkpt>
    <trkpt lat="-13.6230609" lon="131.5992742">
      <ele>227.395</ele>
    </trkpt>
    <trkpt lat="-13.6230185" lon="131.59984">
      <ele>230.347</ele>
    </trkpt>
    <trkpt lat="-13.622994" lon="131.6001759">
      <ele>231.14</ele>
    </trkpt>
    <trkpt lat="-13.622993" lon="131.600195">
      <ele>231.158</ele>
    </trkpt>
    <trkpt lat="-13.6229639" lon="131.6007095">
      <ele>230.513</ele>
    </trkpt>
    <trkpt lat="-13.622958" lon="131.600801">
      <ele>230.662</ele>
    </trkpt>
    <trkpt lat="-13.6229442" lon="131.6013374">
      <ele>231.074</ele>
    </trkpt>
    <trkpt lat="-13.6229431" lon="131.6015282">
      <ele>231.502</ele>
    </trkpt>
    <trkpt lat="-13.6229656" lon="131.6025594">
      <ele>233.752</ele>
    </trkpt>
    <trkpt lat="-13.6229697" lon="131.6027446">
      <ele>231.94</ele>
    </trkpt>
    <trkpt lat="-13.6229772" lon="131.603087">
      <ele>229.056</ele>
    </trkpt>
    <trkpt lat="-13.6231292" lon="131.6048775">
      <ele>221.059</ele>
    </trkpt>
    <trkpt lat="-13.6233029" lon="131.6060551">
      <ele>218.114</ele>
    </trkpt>
    <trkpt lat="-13.6233299" lon="131.6062381">
      <ele>217.536</ele>
    </trkpt>
    <trkpt lat="-13.6238699" lon="131.6098976">
      <ele>228.043</ele>
    </trkpt>
    <trkpt lat="-13.6238969" lon="131.6100806">
      <ele>227.701</ele>
    </trkpt>
    <trkpt lat="-13.6243903" lon="131.6134249">
      <ele>219.61</ele>
    </trkpt>
    <trkpt lat="-13.6245898" lon="131.6145535">
      <ele>213.402</ele>
    </trkpt>
    <trkpt lat="-13.6246893" lon="131.6152496">
      <ele>214.899</ele>
    </trkpt>
    <trkpt lat="-13.6246897" lon="131.6152528">
      <ele>214.91</ele>
    </trkpt>
    <trkpt lat="-13.6247067" lon="131.6153696">
      <ele>215.312</ele>
    </trkpt>
    <trkpt lat="-13.6247159" lon="131.6154326">
      <ele>215.545</ele>
    </trkpt>
    <trkpt lat="-13.6247734" lon="131.6158274">
      <ele>218.145</ele>
    </trkpt>
    <trkpt lat="-13.6249103" lon="131.6165685">
      <ele>218.593</ele>
    </trkpt>
    <trkpt lat="-13.6250351" lon="131.617207">
      <ele>222.088</ele>
    </trkpt>
    <trkpt lat="-13.625198" lon="131.6179751">
      <ele>226.846</ele>
    </trkpt>
    <trkpt lat="-13.6252181" lon="131.6180699">
      <ele>227.644</ele>
    </trkpt>
    <trkpt lat="-13.6252236" lon="131.6180936">
      <ele>227.8</ele>
    </trkpt>
    <trkpt lat="-13.6252374" lon="131.6181534">
      <ele>228.164</ele>
    </trkpt>
    <trkpt lat="-13.625238" lon="131.6181556">
      <ele>228.177</ele>
    </trkpt>
    <trkpt lat="-13.6253034" lon="131.6184058">
      <ele>228.816</ele>
    </trkpt>
    <trkpt lat="-13.6255588" lon="131.619294">
      <ele>226.423</ele>
    </trkpt>
    <trkpt lat="-13.625634" lon="131.6196629">
      <ele>227.161</ele>
    </trkpt>
    <trkpt lat="-13.6256838" lon="131.6199467">
      <ele>229.936</ele>
    </trkpt>
    <trkpt lat="-13.6257047" lon="131.6200661">
      <ele>230.627</ele>
    </trkpt>
    <trkpt lat="-13.6257472" lon="131.6203088">
      <ele>230.93</ele>
    </trkpt>
    <trkpt lat="-13.6257927" lon="131.6204698">
      <ele>230.439</ele>
    </trkpt>
    <trkpt lat="-13.6258015" lon="131.6204951">
      <ele>230.344</ele>
    </trkpt>
    <trkpt lat="-13.6261633" lon="131.6213104">
      <ele>229.618</ele>
    </trkpt>
    <trkpt lat="-13.6265992" lon="131.6225019">
      <ele>224.002</ele>
    </trkpt>
    <trkpt lat="-13.6270249" lon="131.6235784">
      <ele>223.779</ele>
    </trkpt>
    <trkpt lat="-13.6270684" lon="131.623683">
      <ele>223.697</ele>
    </trkpt>
    <trkpt lat="-13.6270928" lon="131.6237416">
      <ele>223.685</ele>
    </trkpt>
    <trkpt lat="-13.6270957" lon="131.6237486">
      <ele>223.681</ele>
    </trkpt>
    <trkpt lat="-13.627185" lon="131.6239609">
      <ele>223.303</ele>
    </trkpt>
    <trkpt lat="-13.6273414" lon="131.6243221">
      <ele>223.69</ele>
    </trkpt>
    <trkpt lat="-13.6279113" lon="131.6255946">
      <ele>229.709</ele>
    </trkpt>
    <trkpt lat="-13.6280068" lon="131.6257846">
      <ele>228.281</ele>
    </trkpt>
    <trkpt lat="-13.6281622" lon="131.6260939">
      <ele>228.156</ele>
    </trkpt>
    <trkpt lat="-13.6284299" lon="131.6266262">
      <ele>229.412</ele>
    </trkpt>
    <trkpt lat="-13.6286405" lon="131.6270101">
      <ele>229.211</ele>
    </trkpt>
    <trkpt lat="-13.6292508" lon="131.6281723">
      <ele>224.756</ele>
    </trkpt>
    <trkpt lat="-13.6292754" lon="131.6282138">
      <ele>224.797</ele>
    </trkpt>
    <trkpt lat="-13.6296422" lon="131.6287822">
      <ele>223.261</ele>
    </trkpt>
    <trkpt lat="-13.6300796" lon="131.629472">
      <ele>225.123</ele>
    </trkpt>
    <trkpt lat="-13.6300843" lon="131.6294794">
      <ele>225.125</ele>
    </trkpt>
    <trkpt lat="-13.6302304" lon="131.6296992">
      <ele>224.673</ele>
    </trkpt>
    <trkpt lat="-13.6314337" lon="131.6315559">
      <ele>225.915</ele>
    </trkpt>
    <trkpt lat="-13.631555" lon="131.63173">
      <ele>224.434</ele>
    </trkpt>
    <trkpt lat="-13.6317032" lon="131.6319559">
      <ele>223.981</ele>
    </trkpt>
    <trkpt lat="-13.6317895" lon="131.6320918">
      <ele>224.68</ele>
    </trkpt>
    <trkpt lat="-13.631961" lon="131.6323533">
      <ele>224.856</ele>
    </trkpt>
    <trkpt lat="-13.6320612" lon="131.632507">
      <ele>225.174</ele>
    </trkpt>
    <trkpt lat="-13.6328201" lon="131.6336714">
      <ele>223.999</ele>
    </trkpt>
    <trkpt lat="-13.6331663" lon="131.6342033">
      <ele>220.282</ele>
    </trkpt>
    <trkpt lat="-13.6335129" lon="131.6347357">
      <ele>220.223</ele>
    </trkpt>
    <trkpt lat="-13.6339398" lon="131.635389">
      <ele>220.324</ele>
    </trkpt>
    <trkpt lat="-13.6352276" lon="131.6373965">
      <ele>225.554</ele>
    </trkpt>
    <trkpt lat="-13.6353247" lon="131.637553">
      <ele>227.106</ele>
    </trkpt>
    <trkpt lat="-13.6354217" lon="131.6377095">
      <ele>226.663</ele>
    </trkpt>
    <trkpt lat="-13.6355249" lon="131.6378618">
      <ele>224.36</ele>
    </trkpt>
    <trkpt lat="-13.6375125" lon="131.6408744">
      <ele>211.942</ele>
    </trkpt>
    <trkpt lat="-13.6380576" lon="131.6417861">
      <ele>209.989</ele>
    </trkpt>
    <trkpt lat="-13.6383414" lon="131.6423698">
      <ele>208.926</ele>
    </trkpt>
    <trkpt lat="-13.6386027" lon="131.6429154">
      <ele>209.051</ele>
    </trkpt>
    <trkpt lat="-13.6388201" lon="131.6433647">
      <ele>209.608</ele>
    </trkpt>
    <trkpt lat="-13.6388211" lon="131.6433666">
      <ele>209.608</ele>
    </trkpt>
    <trkpt lat="-13.6390828" lon="131.6438511">
      <ele>208.604</ele>
    </trkpt>
    <trkpt lat="-13.6392549" lon="131.6442388">
      <ele>206.6</ele>
    </trkpt>
    <trkpt lat="-13.6398414" lon="131.6458063">
      <ele>204.989</ele>
    </trkpt>
    <trkpt lat="-13.6405981" lon="131.6482053">
      <ele>203.851</ele>
    </trkpt>
    <trkpt lat="-13.6406532" lon="131.6483799">
      <ele>202.891</ele>
    </trkpt>
    <trkpt lat="-13.6406537" lon="131.6483813">
      <ele>202.888</ele>
    </trkpt>
    <trkpt lat="-13.6407077" lon="131.6485564">
      <ele>202.637</ele>
    </trkpt>
    <trkpt lat="-13.6407081" lon="131.6485577">
      <ele>202.636</ele>
    </trkpt>
    <trkpt lat="-13.6407658" lon="131.6487316">
      <ele>202.862</ele>
    </trkpt>
    <trkpt lat="-13.6410497" lon="131.6496111">
      <ele>200.842</ele>
    </trkpt>
    <trkpt lat="-13.6411059" lon="131.6497854">
      <ele>200.265</ele>
    </trkpt>
    <trkpt lat="-13.6411064" lon="131.6497868">
      <ele>200.266</ele>
    </trkpt>
    <trkpt lat="-13.6414626" lon="131.6509437">
      <ele>204.761</ele>
    </trkpt>
    <trkpt lat="-13.6417197" lon="131.6517223">
      <ele>205.618</ele>
    </trkpt>
    <trkpt lat="-13.6421263" lon="131.6529539">
      <ele>204.719</ele>
    </trkpt>
    <trkpt lat="-13.6424235" lon="131.6537679">
      <ele>208.431</ele>
    </trkpt>
    <trkpt lat="-13.6424426" lon="131.6538125">
      <ele>208.356</ele>
    </trkpt>
    <trkpt lat="-13.6424434" lon="131.6538143">
      <ele>208.353</ele>
    </trkpt>
    <trkpt lat="-13.6425143" lon="131.6539823">
      <ele>207.897</ele>
    </trkpt>
    <trkpt lat="-13.6425151" lon="131.6539841">
      <ele>207.891</ele>
    </trkpt>
    <trkpt lat="-13.6426578" lon="131.6543218">
      <ele>207.105</ele>
    </trkpt>
    <trkpt lat="-13.6427327" lon="131.6544902">
      <ele>206.79</ele>
    </trkpt>
    <trkpt lat="-13.6427334" lon="131.6544918">
      <ele>206.793</ele>
    </trkpt>
    <trkpt lat="-13.6430283" lon="131.6551333">
      <ele>207.098</ele>
    </trkpt>
    <trkpt lat="-13.6431225" lon="131.6553262">
      <ele>206.891</ele>
    </trkpt>
    <trkpt lat="-13.6432834" lon="131.6556555">
      <ele>206.36</ele>
    </trkpt>
    <trkpt lat="-13.6432841" lon="131.6556568">
      <ele>206.354</ele>
    </trkpt>
    <trkpt lat="-13.6433699" lon="131.6558178">
      <ele>205.868</ele>
    </trkpt>
    <trkpt lat="-13.6436162" lon="131.6562814">
      <ele>206.627</ele>
    </trkpt>
    <trkpt lat="-13.6442577" lon="131.6573563">
      <ele>201.845</ele>
    </trkpt>
    <trkpt lat="-13.6442905" lon="131.6574082">
      <ele>201.776</ele>
    </trkpt>
    <trkpt lat="-13.6451581" lon="131.6586724">
      <ele>198.0</ele>
    </trkpt>
    <trkpt lat="-13.6455211" lon="131.6591565">
      <ele>198.963</ele>
    </trkpt>
    <trkpt lat="-13.645631" lon="131.6593031">
      <ele>198.728</ele>
    </trkpt>
    <trkpt lat="-13.6473888" lon="131.661648">
      <ele>203.04</ele>
    </trkpt>
    <trkpt lat="-13.648331" lon="131.662905">
      <ele>205.47</ele>
    </trkpt>
    <trkpt lat="-13.6496498" lon="131.6646632">
      <ele>203.891</ele>
    </trkpt>
    <trkpt lat="-13.6505399" lon="131.6658496">
      <ele>198.056</ele>
    </trkpt>
    <trkpt lat="-13.6510475" lon="131.6665915">
      <ele>197.791</ele>
    </trkpt>
    <trkpt lat="-13.6514041" lon="131.6671127">
      <ele>196.924</ele>
    </trkpt>
    <trkpt lat="-13.6521105" lon="131.6683072">
      <ele>198.402</ele>
    </trkpt>
    <trkpt lat="-13.6521853" lon="131.6684337">
      <ele>198.085</ele>
    </trkpt>
    <trkpt lat="-13.6522019" lon="131.6684666">
      <ele>198.038</ele>
    </trkpt>
    <trkpt lat="-13.6526261" lon="131.6693041">
      <ele>197.407</ele>
    </trkpt>
    <trkpt lat="-13.6527818" lon="131.6696164">
      <ele>198.634</ele>
    </trkpt>
    <trkpt lat="-13.6528795" lon="131.6698122">
      <ele>199.366</ele>
    </trkpt>
    <trkpt lat="-13.6529374" lon="131.6699497">
      <ele>199.575</ele>
    </trkpt>
    <trkpt lat="-13.6534681" lon="131.6712086">
      <ele>196.515</ele>
    </trkpt>
    <trkpt lat="-13.6540343" lon="131.6728353">
      <ele>194.892</ele>
    </trkpt>
    <trkpt lat="-13.6541238" lon="131.6730467">
      <ele>194.181</ele>
    </trkpt>
    <trkpt lat="-13.6541956" lon="131.6732164">
      <ele>193.836</ele>
    </trkpt>
    <trkpt lat="-13.6541962" lon="131.673218">
      <ele>193.832</ele>
    </trkpt>
    <trkpt lat="-13.6544545" lon="131.6738286">
      <ele>193.755</ele>
    </trkpt>
    <trkpt lat="-13.6548641" lon="131.6745819">
      <ele>193.489</ele>
    </trkpt>
    <trkpt lat="-13.6553239" lon="131.6752642">
      <ele>194.785</ele>
    </trkpt>
    <trkpt lat="-13.6553406" lon="131.6752889">
      <ele>194.774</ele>
    </trkpt>
    <trkpt lat="-13.6558708" lon="131.6759385">
      <ele>195.084</ele>
    </trkpt>
    <trkpt lat="-13.6565291" lon="131.6766239">
      <ele>192.803</ele>
    </trkpt>
    <trkpt lat="-13.6584419" lon="131.6785905">
      <ele>188.465</ele>
    </trkpt>
    <trkpt lat="-13.6584438" lon="131.6785925">
      <ele>188.465</ele>
    </trkpt>
    <trkpt lat="-13.6594807" lon="131.6796633">
      <ele>190.131</ele>
    </trkpt>
    <trkpt lat="-13.6606159" lon="131.6808286">
      <ele>194.017</ele>
    </trkpt>
    <trkpt lat="-13.660866" lon="131.6810684">
      <ele>193.882</ele>
    </trkpt>
    <trkpt lat="-13.6608684" lon="131.6810706">
      <ele>193.874</ele>
    </trkpt>
    <trkpt lat="-13.6610021" lon="131.6811943">
      <ele>192.975</ele>
    </trkpt>
    <trkpt lat="-13.661605" lon="131.6817521">
      <ele>192.778</ele>
    </trkpt>
    <trkpt lat="-13.6624673" lon="131.6825403">
      <ele>192.246</ele>
    </trkpt>
    <trkpt lat="-13.6640747" lon="131.6840228">
      <ele>189.829</ele>
    </trkpt>
    <trkpt lat="-13.6646104" lon="131.6845169">
      <ele>190.702</ele>
    </trkpt>
    <trkpt lat="-13.6650123" lon="131.6848875">
      <ele>190.639</ele>
    </trkpt>
    <trkpt lat="-13.6656819" lon="131.6855052">
      <ele>193.991</ele>
    </trkpt>
    <trkpt lat="-13.6658159" lon="131.6856288">
      <ele>193.373</ele>
    </trkpt>
    <trkpt lat="-13.6666196" lon="131.68637">
      <ele>193.988</ele>
    </trkpt>
    <trkpt lat="-13.6667535" lon="131.6864935">
      <ele>194.182</ele>
    </trkpt>
    <trkpt lat="-13.6668195" lon="131.6865544">
      <ele>194.373</ele>
    </trkpt>
    <trkpt lat="-13.6675618" lon="131.6872324">
      <ele>198.992</ele>
    </trkpt>
    <trkpt lat="-13.6679276" lon="131.6875239">
      <ele>197.547</ele>
    </trkpt>
    <trkpt lat="-13.6682945" lon="131.6878292">
      <ele>199.045</ele>
    </trkpt>
    <trkpt lat="-13.6686162" lon="131.6880752">
      <ele>201.16</ele>
    </trkpt>
    <trkpt lat="-13.669355" lon="131.6886007">
      <ele>203.988</ele>
    </trkpt>
    <trkpt lat="-13.6698123" lon="131.688911">
      <ele>203.131</ele>
    </trkpt>
    <trkpt lat="-13.6705565" lon="131.68938">
      <ele>207.301</ele>
    </trkpt>
    <trkpt lat="-13.6711773" lon="131.6897229">
      <ele>206.76</ele>
    </trkpt>
    <trkpt lat="-13.6713677" lon="131.6898245">
      <ele>206.048</ele>
    </trkpt>
    <trkpt lat="-13.6715274" lon="131.6899097">
      <ele>206.499</ele>
    </trkpt>
    <trkpt lat="-13.6716871" lon="131.6899949">
      <ele>207.0</ele>
    </trkpt>
    <trkpt lat="-13.6718644" lon="131.6900896">
      <ele>207.416</ele>
    </trkpt>
    <trkpt lat="-13.6723456" lon="131.6903269">
      <ele>206.464</ele>
    </trkpt>
    <trkpt lat="-13.673353" lon="131.69073">
      <ele>206.0</ele>
    </trkpt>
    <trkpt lat="-13.6740402" lon="131.6910113">
      <ele>205.641</ele>
    </trkpt>
    <trkpt lat="-13.6744736" lon="131.6911637">
      <ele>205.81</ele>
    </trkpt>
    <trkpt lat="-13.6747097" lon="131.6912365">
      <ele>204.521</ele>
    </trkpt>
    <trkpt lat="-13.6747705" lon="131.6912559">
      <ele>204.257</ele>
    </trkpt>
    <trkpt lat="-13.6753888" lon="131.6914463">
      <ele>202.193</ele>
    </trkpt>
    <trkpt lat="-13.6755225" lon="131.6914834">
      <ele>202.541</ele>
    </trkpt>
    <trkpt lat="-13.6758205" lon="131.691561">
      <ele>202.38</ele>
    </trkpt>
    <trkpt lat="-13.6765339" lon="131.6917322">
      <ele>200.764</ele>
    </trkpt>
    <trkpt lat="-13.6776384" lon="131.6919494">
      <ele>200.502</ele>
    </trkpt>
    <trkpt lat="-13.6781923" lon="131.692032">
      <ele>198.193</ele>
    </trkpt>
    <trkpt lat="-13.6791752" lon="131.6921465">
      <ele>199.211</ele>
    </trkpt>
    <trkpt lat="-13.6810573" lon="131.6923637">
      <ele>196.806</ele>
    </trkpt>
    <trkpt lat="-13.682383" lon="131.6925206">
      <ele>196.462</ele>
    </trkpt>
    <trkpt lat="-13.6836159" lon="131.6926564">
      <ele>192.447</ele>
    </trkpt>
    <trkpt lat="-13.6837487" lon="131.6926717">
      <ele>192.688</ele>
    </trkpt>
    <trkpt lat="-13.6839274" lon="131.6926923">
      <ele>193.192</ele>
    </trkpt>
    <trkpt lat="-13.6849486" lon="131.6928098">
      <ele>190.906</ele>
    </trkpt>
    <trkpt lat="-13.687286" lon="131.6930874">
      <ele>185.452</ele>
    </trkpt>
    <trkpt lat="-13.6878591" lon="131.6931518">
      <ele>184.968</ele>
    </trkpt>
    <trkpt lat="-13.6880379" lon="131.6931719">
      <ele>186.961</ele>
    </trkpt>
    <trkpt lat="-13.6889319" lon="131.6932724">
      <ele>186.121</ele>
    </trkpt>
    <trkpt lat="-13.6891107" lon="131.6932933">
      <ele>186.683</ele>
    </trkpt>
    <trkpt lat="-13.6908216" lon="131.6934935">
      <ele>190.363</ele>
    </trkpt>
    <trkpt lat="-13.6923276" lon="131.6936684">
      <ele>192.621</ele>
    </trkpt>
    <trkpt lat="-13.6925064" lon="131.6936892">
      <ele>192.023</ele>
    </trkpt>
    <trkpt lat="-13.6929286" lon="131.6937382">
      <ele>193.202</ele>
    </trkpt>
    <trkpt lat="-13.6941629" lon="131.6938816">
      <ele>195.026</ele>
    </trkpt>
    <trkpt lat="-13.6953659" lon="131.6940217">
      <ele>195.0</ele>
    </trkpt>
    <trkpt lat="-13.695541" lon="131.6940414">
      <ele>195.0</ele>
    </trkpt>
    <trkpt lat="-13.6980634" lon="131.6943335">
      <ele>188.972</ele>
    </trkpt>
    <trkpt lat="-13.698222" lon="131.6943524">
      <ele>188.401</ele>
    </trkpt>
    <trkpt lat="-13.6984007" lon="131.6943737">
      <ele>187.938</ele>
    </trkpt>
    <trkpt lat="-13.699047" lon="131.6944508">
      <ele>189.023</ele>
    </trkpt>
    <trkpt lat="-13.6994706" lon="131.6945177">
      <ele>189.0</ele>
    </trkpt>
    <trkpt lat="-13.6996483" lon="131.6945458">
      <ele>189.0</ele>
    </trkpt>
    <trkpt lat="-13.6998261" lon="131.6945739">
      <ele>188.826</ele>
    </trkpt>
    <trkpt lat="-13.7000858" lon="131.6946149">
      <ele>188.695</ele>
    </trkpt>
    <trkpt lat="-13.7009019" lon="131.6947619">
      <ele>191.354</ele>
    </trkpt>
    <trkpt lat="-13.7015924" lon="131.6949201">
      <ele>189.745</ele>
    </trkpt>
    <trkpt lat="-13.701768" lon="131.6949604">
      <ele>189.403</ele>
    </trkpt>
    <trkpt lat="-13.7023005" lon="131.6950824">
      <ele>191.578</ele>
    </trkpt>
    <trkpt lat="-13.7034637" lon="131.6953917">
      <ele>194.23</ele>
    </trkpt>
    <trkpt lat="-13.7044677" lon="131.6957042">
      <ele>193.451</ele>
    </trkpt>
    <trkpt lat="-13.7055594" lon="131.6960823">
      <ele>194.012</ele>
    </trkpt>
    <trkpt lat="-13.7066939" lon="131.6965291">
      <ele>195.0</ele>
    </trkpt>
    <trkpt lat="-13.7075884" lon="131.6969079">
      <ele>197.868</ele>
    </trkpt>
    <trkpt lat="-13.7078443" lon="131.6970204">
      <ele>198.416</ele>
    </trkpt>
    <trkpt lat="-13.7089984" lon="131.6975927">
      <ele>196.798</ele>
    </trkpt>
    <trkpt lat="-13.7095828" lon="131.6978951">
      <ele>196.366</ele>
    </trkpt>
    <trkpt lat="-13.7108201" lon="131.6985986">
      <ele>198.998</ele>
    </trkpt>
    <trkpt lat="-13.7123168" lon="131.6995494">
      <ele>197.303</ele>
    </trkpt>
    <trkpt lat="-13.7123709" lon="131.6995869">
      <ele>197.558</ele>
    </trkpt>
    <trkpt lat="-13.7125206" lon="131.6996904">
      <ele>198.189</ele>
    </trkpt>
    <trkpt lat="-13.7137215" lon="131.7005207">
      <ele>197.05</ele>
    </trkpt>
    <trkpt lat="-13.7152269" lon="131.7017847">
      <ele>194.0</ele>
    </trkpt>
    <trkpt lat="-13.7165062" lon="131.7029509">
      <ele>191.201</ele>
    </trkpt>
    <trkpt lat="-13.7170678" lon="131.7035069">
      <ele>191.556</ele>
    </trkpt>
    <trkpt lat="-13.7178694" lon="131.7043367">
      <ele>191.282</ele>
    </trkpt>
    <trkpt lat="-13.7178932" lon="131.7043613">
      <ele>191.285</ele>
    </trkpt>
    <trkpt lat="-13.7179936" lon="131.7044718">
      <ele>191.201</ele>
    </trkpt>
    <trkpt lat="-13.7185048" lon="131.7050344">
      <ele>192.282</ele>
    </trkpt>
    <trkpt lat="-13.7191111" lon="131.7057464">
      <ele>191.75</ele>
    </trkpt>
    <trkpt lat="-13.719636" lon="131.7063656">
      <ele>193.832</ele>
    </trkpt>
    <trkpt lat="-13.7202624" lon="131.7070992">
      <ele>194.582</ele>
    </trkpt>
    <trkpt lat="-13.7207969" lon="131.7077327">
      <ele>193.162</ele>
    </trkpt>
    <trkpt lat="-13.7214892" lon="131.7085492">
      <ele>195.416</ele>
    </trkpt>
    <trkpt lat="-13.7221674" lon="131.7093387">
      <ele>195.694</ele>
    </trkpt>
    <trkpt lat="-13.7228298" lon="131.7101282">
      <ele>196.986</ele>
    </trkpt>
    <trkpt lat="-13.7236034" lon="131.711033">
      <ele>197.98</ele>
    </trkpt>
    <trkpt lat="-13.723746" lon="131.7112051">
      <ele>197.836</ele>
    </trkpt>
    <trkpt lat="-13.7244436" lon="131.7120239">
      <ele>196.715</ele>
    </trkpt>
    <trkpt lat="-13.7258161" lon="131.7136142">
      <ele>195.949</ele>
    </trkpt>
    <trkpt lat="-13.7268416" lon="131.7148139">
      <ele>197.04</ele>
    </trkpt>
    <trkpt lat="-13.727299" lon="131.7153542">
      <ele>195.801</ele>
    </trkpt>
    <trkpt lat="-13.7284754" lon="131.7167392">
      <ele>193.344</ele>
    </trkpt>
    <trkpt lat="-13.7297453" lon="131.7182354">
      <ele>190.481</ele>
    </trkpt>
    <trkpt lat="-13.7297998" lon="131.7182995">
      <ele>190.32</ele>
    </trkpt>
    <trkpt lat="-13.7298004" lon="131.7183002">
      <ele>190.318</ele>
    </trkpt>
    <trkpt lat="-13.730703" lon="131.7193623">
      <ele>191.704</ele>
    </trkpt>
    <trkpt lat="-13.7311439" lon="131.7198765">
      <ele>193.57</ele>
    </trkpt>
    <trkpt lat="-13.732642" lon="131.7216431">
      <ele>197.49</ele>
    </trkpt>
    <trkpt lat="-13.733351" lon="131.7224814">
      <ele>198.123</ele>
    </trkpt>
    <trkpt lat="-13.7334699" lon="131.7226202">
      <ele>198.771</ele>
    </trkpt>
    <trkpt lat="-13.7337327" lon="131.7229312">
      <ele>198.01</ele>
    </trkpt>
    <trkpt lat="-13.7347766" lon="131.7241576">
      <ele>200.967</ele>
    </trkpt>
    <trkpt lat="-13.7358389" lon="131.7254081">
      <ele>200.889</ele>
    </trkpt>
    <trkpt lat="-13.7360731" lon="131.7256878">
      <ele>199.756</ele>
    </trkpt>
    <trkpt lat="-13.73761" lon="131.7275019">
      <ele>203.407</ele>
    </trkpt>
    <trkpt lat="-13.737852" lon="131.727777">
      <ele>205.265</ele>
    </trkpt>
    <trkpt lat="-13.738086" lon="131.7280577">
      <ele>206.102</ele>
    </trkpt>
    <trkpt lat="-13.7382032" lon="131.7281982">
      <ele>206.018</ele>
    </trkpt>
    <trkpt lat="-13.7382041" lon="131.7281992">
      <ele>206.018</ele>
    </trkpt>
    <trkpt lat="-13.7383239" lon="131.728335">
      <ele>205.96</ele>
    </trkpt>
    <trkpt lat="-13.7390485" lon="131.7291954">
      <ele>203.624</ele>
    </trkpt>
    <trkpt lat="-13.739394" lon="131.7295856">
      <ele>208.584</ele>
    </trkpt>
    <trkpt lat="-13.7395107" lon="131.7297266">
      <ele>208.0</ele>
    </trkpt>
    <trkpt lat="-13.7395116" lon="131.7297277">
      <ele>208.0</ele>
    </trkpt>
    <trkpt lat="-13.7396264" lon="131.7298687">
      <ele>208.0</ele>
    </trkpt>
    <trkpt lat="-13.739744" lon="131.7300085">
      <ele>207.922</ele>
    </trkpt>
    <trkpt lat="-13.7398624" lon="131.7301493">
      <ele>207.495</ele>
    </trkpt>
    <trkpt lat="-13.7404564" lon="131.7308377">
      <ele>205.994</ele>
    </trkpt>
    <trkpt lat="-13.7410822" lon="131.7316152">
      <ele>202.289</ele>
    </trkpt>
    <trkpt lat="-13.7425134" lon="131.7333057">
      <ele>198.138</ele>
    </trkpt>
    <trkpt lat="-13.7427367" lon="131.7335694">
      <ele>198.002</ele>
    </trkpt>
    <trkpt lat="-13.7428549" lon="131.733709">
      <ele>197.648</ele>
    </trkpt>
    <trkpt lat="-13.7430159" lon="131.7338993">
      <ele>196.963</ele>
    </trkpt>
    <trkpt lat="-13.7430422" lon="131.7339301">
      <ele>196.852</ele>
    </trkpt>
    <trkpt lat="-13.744443" lon="131.7355723">
      <ele>201.995</ele>
    </trkpt>
    <trkpt lat="-13.7447603" lon="131.7359471">
      <ele>203.647</ele>
    </trkpt>
    <trkpt lat="-13.7450081" lon="131.736249">
      <ele>203.547</ele>
    </trkpt>
    <trkpt lat="-13.7453417" lon="131.7366502">
      <ele>203.349</ele>
    </trkpt>
    <trkpt lat="-13.7456748" lon="131.7370401">
      <ele>202.803</ele>
    </trkpt>
    <trkpt lat="-13.7468327" lon="131.7383954">
      <ele>206.134</ele>
    </trkpt>
    <trkpt lat="-13.7469815" lon="131.7385695">
      <ele>206.757</ele>
    </trkpt>
    <trkpt lat="-13.7471003" lon="131.7387085">
      <ele>206.439</ele>
    </trkpt>
    <trkpt lat="-13.7479019" lon="131.7396467">
      <ele>208.121</ele>
    </trkpt>
    <trkpt lat="-13.748049" lon="131.7398189">
      <ele>207.992</ele>
    </trkpt>
    <trkpt lat="-13.7484013" lon="131.740243">
      <ele>206.312</ele>
    </trkpt>
    <trkpt lat="-13.7485179" lon="131.7403833">
      <ele>205.368</ele>
    </trkpt>
    <trkpt lat="-13.7489701" lon="131.7409615">
      <ele>203.415</ele>
    </trkpt>
    <trkpt lat="-13.7490962" lon="131.7411347">
      <ele>202.507</ele>
    </trkpt>
    <trkpt lat="-13.7492041" lon="131.7412829">
      <ele>202.0</ele>
    </trkpt>
    <trkpt lat="-13.7495528" lon="131.7417617">
      <ele>200.268</ele>
    </trkpt>
    <trkpt lat="-13.75003" lon="131.742471">
      <ele>195.903</ele>
    </trkpt>
    <trkpt lat="-13.7503254" lon="131.7429211">
      <ele>194.088</ele>
    </trkpt>
    <trkpt lat="-13.7505872" lon="131.7433201">
      <ele>195.958</ele>
    </trkpt>
    <trkpt lat="-13.7509127" lon="131.7438602">
      <ele>192.748</ele>
    </trkpt>
    <trkpt lat="-13.7514362" lon="131.7447348">
      <ele>199.163</ele>
    </trkpt>
    <trkpt lat="-13.7516322" lon="131.7451089">
      <ele>197.873</ele>
    </trkpt>
    <trkpt lat="-13.7520193" lon="131.7458945">
      <ele>194.241</ele>
    </trkpt>
    <trkpt lat="-13.7522036" lon="131.7462895">
      <ele>192.733</ele>
    </trkpt>
    <trkpt lat="-13.7522172" lon="131.7463187">
      <ele>192.77</ele>
    </trkpt>
    <trkpt lat="-13.7522951" lon="131.7464857">
      <ele>192.646</ele>
    </trkpt>
    <trkpt lat="-13.7523012" lon="131.7464988">
      <ele>192.603</ele>
    </trkpt>
    <trkpt lat="-13.7524953" lon="131.7469664">
      <ele>190.878</ele>
    </trkpt>
    <trkpt lat="-13.7526057" lon="131.7472325">
      <ele>188.216</ele>
    </trkpt>
    <trkpt lat="-13.7528997" lon="131.7479737">
      <ele>188.129</ele>
    </trkpt>
    <trkpt lat="-13.7532136" lon="131.7488631">
      <ele>187.04</ele>
    </trkpt>
    <trkpt lat="-13.7534933" lon="131.7497229">
      <ele>185.577</ele>
    </trkpt>
    <trkpt lat="-13.7535585" lon="131.7499506">
      <ele>185.966</ele>
    </trkpt>
    <trkpt lat="-13.7537651" lon="131.7506295">
      <ele>186.295</ele>
    </trkpt>
    <trkpt lat="-13.7540146" lon="131.7515475">
      <ele>190.076</ele>
    </trkpt>
    <trkpt lat="-13.754214" lon="131.7523117">
      <ele>190.608</ele>
    </trkpt>
    <trkpt lat="-13.7543447" lon="131.7528627">
      <ele>190.335</ele>
    </trkpt>
    <trkpt lat="-13.7544893" lon="131.753408">
      <ele>191.43</ele>
    </trkpt>
    <trkpt lat="-13.7547124" lon="131.754238">
      <ele>191.965</ele>
    </trkpt>
    <trkpt lat="-13.7549507" lon="131.7551251">
      <ele>194.08</ele>
    </trkpt>
    <trkpt lat="-13.7549786" lon="131.755229">
      <ele>194.064</ele>
    </trkpt>
    <trkpt lat="-13.7549984" lon="131.7553037">
      <ele>194.098</ele>
    </trkpt>
    <trkpt lat="-13.7550455" lon="131.7554824">
      <ele>195.064</ele>
    </trkpt>
    <trkpt lat="-13.7552462" lon="131.756243">
      <ele>193.886</ele>
    </trkpt>
    <trkpt lat="-13.7553724" lon="131.7567341">
      <ele>195.258</ele>
    </trkpt>
    <trkpt lat="-13.7554184" lon="131.7569132">
      <ele>195.057</ele>
    </trkpt>
    <trkpt lat="-13.7554644" lon="131.7570922">
      <ele>194.468</ele>
    </trkpt>
    <trkpt lat="-13.7556048" lon="131.7576383">
      <ele>193.945</ele>
    </trkpt>
    <trkpt lat="-13.7557427" lon="131.7581656">
      <ele>195.407</ele>
    </trkpt>
    <trkpt lat="-13.7558332" lon="131.7585117">
      <ele>195.0</ele>
    </trkpt>
    <trkpt lat="-13.75603" lon="131.7592366">
      <ele>195.708</ele>
    </trkpt>
    <trkpt lat="-13.7560784" lon="131.7594149">
      <ele>195.882</ele>
    </trkpt>
    <trkpt lat="-13.7561268" lon="131.7595933">
      <ele>195.49</ele>
    </trkpt>
    <trkpt lat="-13.756142" lon="131.7596494">
      <ele>195.291</ele>
    </trkpt>
    <trkpt lat="-13.756464" lon="131.7607896">
      <ele>188.628</ele>
    </trkpt>
    <trkpt lat="-13.7567105" lon="131.7615631">
      <ele>188.63</ele>
    </trkpt>
    <trkpt lat="-13.7569446" lon="131.7622581">
      <ele>187.741</ele>
    </trkpt>
    <trkpt lat="-13.7571914" lon="131.7629349">
      <ele>185.503</ele>
    </trkpt>
    <trkpt lat="-13.7571923" lon="131.7629373">
      <ele>185.512</ele>
    </trkpt>
    <trkpt lat="-13.7572572" lon="131.7631073">
      <ele>185.711</ele>
    </trkpt>
    <trkpt lat="-13.7573865" lon="131.7634458">
      <ele>185.239</ele>
    </trkpt>
    <trkpt lat="-13.7576878" lon="131.7641645">
      <ele>185.676</ele>
    </trkpt>
    <trkpt lat="-13.7580578" lon="131.7650195">
      <ele>186.952</ele>
    </trkpt>
    <trkpt lat="-13.758266" lon="131.7654822">
      <ele>185.264</ele>
    </trkpt>
    <trkpt lat="-13.7585634" lon="131.7661433">
      <ele>185.228</ele>
    </trkpt>
    <trkpt lat="-13.7588916" lon="131.7668414">
      <ele>185.004</ele>
    </trkpt>
    <trkpt lat="-13.7591762" lon="131.7674136">
      <ele>182.287</ele>
    </trkpt>
    <trkpt lat="-13.759506" lon="131.7680531">
      <ele>182.22</ele>
    </trkpt>
    <trkpt lat="-13.7596366" lon="131.7682952">
      <ele>182.958</ele>
    </trkpt>
    <trkpt lat="-13.759724" lon="131.7684571">
      <ele>182.554</ele>
    </trkpt>
    <trkpt lat="-13.7598325" lon="131.7686581">
      <ele>181.796</ele>
    </trkpt>
    <trkpt lat="-13.760246" lon="131.7693837">
      <ele>181.089</ele>
    </trkpt>
    <trkpt lat="-13.760616" lon="131.7699974">
      <ele>181.641</ele>
    </trkpt>
    <trkpt lat="-13.7609425" lon="131.7705145">
      <ele>186.968</ele>
    </trkpt>
    <trkpt lat="-13.76114" lon="131.7708205">
      <ele>185.092</ele>
    </trkpt>
    <trkpt lat="-13.7612396" lon="131.7709747">
      <ele>184.453</ele>
    </trkpt>
    <trkpt lat="-13.7613141" lon="131.7710902">
      <ele>184.502</ele>
    </trkpt>
    <trkpt lat="-13.7613398" lon="131.7711284">
      <ele>184.647</ele>
    </trkpt>
    <trkpt lat="-13.7617243" lon="131.7717003">
      <ele>182.697</ele>
    </trkpt>
    <trkpt lat="-13.7622505" lon="131.7724529">
      <ele>182.915</ele>
    </trkpt>
    <trkpt lat="-13.7625695" lon="131.7728946">
      <ele>182.264</ele>
    </trkpt>
    <trkpt lat="-13.7627762" lon="131.7731785">
      <ele>181.549</ele>
    </trkpt>
    <trkpt lat="-13.7632244" lon="131.7737672">
      <ele>184.312</ele>
    </trkpt>
    <trkpt lat="-13.7633443" lon="131.7739161">
      <ele>183.945</ele>
    </trkpt>
    <trkpt lat="-13.7638859" lon="131.7745889">
      <ele>186.989</ele>
    </trkpt>
    <trkpt lat="-13.7642779" lon="131.7750609">
      <ele>187.801</ele>
    </trkpt>
    <trkpt lat="-13.764618" lon="131.7754631">
      <ele>189.582</ele>
    </trkpt>
    <trkpt lat="-13.7649436" lon="131.7758393">
      <ele>189.78</ele>
    </trkpt>
    <trkpt lat="-13.7653548" lon="131.7762869">
      <ele>192.285</ele>
    </trkpt>
    <trkpt lat="-13.765399" lon="131.776335">
      <ele>193.097</ele>
    </trkpt>
    <trkpt lat="-13.765847" lon="131.7768271">
      <ele>197.387</ele>
    </trkpt>
    <trkpt lat="-13.7661529" lon="131.7771631">
      <ele>194.797</ele>
    </trkpt>
    <trkpt lat="-13.7662169" lon="131.7772316">
      <ele>193.585</ele>
    </trkpt>
    <trkpt lat="-13.7663416" lon="131.7773651">
      <ele>192.656</ele>
    </trkpt>
    <trkpt lat="-13.7664663" lon="131.7774985">
      <ele>192.284</ele>
    </trkpt>
    <trkpt lat="-13.7667393" lon="131.7777907">
      <ele>193.261</ele>
    </trkpt>
    <trkpt lat="-13.7673683" lon="131.7784025">
      <ele>195.633</ele>
    </trkpt>
    <trkpt lat="-13.7675006" lon="131.7785312">
      <ele>195.288</ele>
    </trkpt>
    <trkpt lat="-13.7685047" lon="131.7794672">
      <ele>193.164</ele>
    </trkpt>
    <trkpt lat="-13.7685686" lon="131.7795205">
      <ele>193.548</ele>
    </trkpt>
    <trkpt lat="-13.7687084" lon="131.779637">
      <ele>194.844</ele>
    </trkpt>
    <trkpt lat="-13.7688482" lon="131.7797536">
      <ele>196.079</ele>
    </trkpt>
    <trkpt lat="-13.768988" lon="131.7798701">
      <ele>197.588</ele>
    </trkpt>
    <trkpt lat="-13.7695471" lon="131.7803363">
      <ele>199.82</ele>
    </trkpt>
    <trkpt lat="-13.7698266" lon="131.7805694">
      <ele>200.245</ele>
    </trkpt>
    <trkpt lat="-13.7699242" lon="131.7806508">
      <ele>199.948</ele>
    </trkpt>
    <trkpt lat="-13.7707111" lon="131.7812667">
      <ele>200.44</ele>
    </trkpt>
    <trkpt lat="-13.7715483" lon="131.7819082">
      <ele>195.76</ele>
    </trkpt>
    <trkpt lat="-13.7732279" lon="131.7831121">
      <ele>195.291</ele>
    </trkpt>
    <trkpt lat="-13.7733206" lon="131.7831777">
      <ele>195.095</ele>
    </trkpt>
    <trkpt lat="-13.7734689" lon="131.7832826">
      <ele>194.276</ele>
    </trkpt>
    <trkpt lat="-13.7736172" lon="131.7833875">
      <ele>194.018</ele>
    </trkpt>
    <trkpt lat="-13.7737654" lon="131.7834923">
      <ele>194.238</ele>
    </trkpt>
    <trkpt lat="-13.7768642" lon="131.7856844">
      <ele>201.134</ele>
    </trkpt>
    <trkpt lat="-13.7774686" lon="131.7861184">
      <ele>200.748</ele>
    </trkpt>
    <trkpt lat="-13.7777637" lon="131.7863303">
      <ele>202.11</ele>
    </trkpt>
    <trkpt lat="-13.7779112" lon="131.7864362">
      <ele>201.741</ele>
    </trkpt>
    <trkpt lat="-13.7799774" lon="131.78792">
      <ele>198.897</ele>
    </trkpt>
    <trkpt lat="-13.7803101" lon="131.7881676">
      <ele>201.285</ele>
    </trkpt>
    <trkpt lat="-13.7807508" lon="131.7885216">
      <ele>198.775</ele>
    </trkpt>
    <trkpt lat="-13.7814582" lon="131.7891286">
      <ele>197.137</ele>
    </trkpt>
    <trkpt lat="-13.781931" lon="131.7895524">
      <ele>197.321</ele>
    </trkpt>
    <trkpt lat="-13.7820666" lon="131.789674">
      <ele>197.463</ele>
    </trkpt>
    <trkpt lat="-13.7820698" lon="131.7896769">
      <ele>197.459</ele>
    </trkpt>
    <trkpt lat="-13.7823299" lon="131.7899264">
      <ele>197.165</ele>
    </trkpt>
    <trkpt lat="-13.7826173" lon="131.7902021">
      <ele>195.272</ele>
    </trkpt>
    <trkpt lat="-13.7828491" lon="131.7904391">
      <ele>194.717</ele>
    </trkpt>
    <trkpt lat="-13.7831111" lon="131.7907071">
      <ele>196.091</ele>
    </trkpt>
    <trkpt lat="-13.7837006" lon="131.7913131">
      <ele>195.815</ele>
    </trkpt>
    <trkpt lat="-13.78399" lon="131.7916214">
      <ele>197.488</ele>
    </trkpt>
    <trkpt lat="-13.784115" lon="131.7917546">
      <ele>197.245</ele>
    </trkpt>
    <trkpt lat="-13.78449" lon="131.7921541">
      <ele>198.51</ele>
    </trkpt>
    <trkpt lat="-13.78674" lon="131.7945511">
      <ele>206.736</ele>
    </trkpt>
    <trkpt lat="-13.78724" lon="131.7950837">
      <ele>204.128</ele>
    </trkpt>
    <trkpt lat="-13.7882672" lon="131.7961781">
      <ele>210.244</ele>
    </trkpt>
    <trkpt lat="-13.7887807" lon="131.7966969">
      <ele>210.109</ele>
    </trkpt>
    <trkpt lat="-13.7893289" lon="131.7972507">
      <ele>213.627</ele>
    </trkpt>
    <trkpt lat="-13.7911153" lon="131.7990559">
      <ele>222.229</ele>
    </trkpt>
    <trkpt lat="-13.7911261" lon="131.7990668">
      <ele>222.202</ele>
    </trkpt>
    <trkpt lat="-13.7961381" lon="131.8041203">
      <ele>230.111</ele>
    </trkpt>
    <trkpt lat="-13.7962666" lon="131.8042499">
      <ele>230.091</ele>
    </trkpt>
    <trkpt lat="-13.7975517" lon="131.8055457">
      <ele>225.599</ele>
    </trkpt>
    <trkpt lat="-13.7976802" lon="131.8056753">
      <ele>225.285</ele>
    </trkpt>
    <trkpt lat="-13.7995575" lon="131.8075683">
      <ele>220.839</ele>
    </trkpt>
    <trkpt lat="-13.7995972" lon="131.8076063">
      <ele>220.833</ele>
    </trkpt>
    <trkpt lat="-13.8008495" lon="131.8088568">
      <ele>213.943</ele>
    </trkpt>
    <trkpt lat="-13.8009786" lon="131.8089858">
      <ele>215.038</ele>
    </trkpt>
    <trkpt lat="-13.8022634" lon="131.8102688">
      <ele>218.213</ele>
    </trkpt>
    <trkpt lat="-13.804191" lon="131.8122127">
      <ele>223.206</ele>
    </trkpt>
    <trkpt lat="-13.804448" lon="131.8124718">
      <ele>225.91</ele>
    </trkpt>
    <trkpt lat="-13.8045452" lon="131.8125698">
      <ele>226.363</ele>
    </trkpt>
    <trkpt lat="-13.8045765" lon="131.8126014">
      <ele>226.475</ele>
    </trkpt>
    <trkpt lat="-13.805733" lon="131.8137677">
      <ele>233.841</ele>
    </trkpt>
    <trkpt lat="-13.8058616" lon="131.8138973">
      <ele>234.868</ele>
    </trkpt>
    <trkpt lat="-13.8060872" lon="131.8141248">
      <ele>233.237</ele>
    </trkpt>
    <trkpt lat="-13.8062158" lon="131.8142544">
      <ele>232.368</ele>
    </trkpt>
    <trkpt lat="-13.8070181" lon="131.8150636">
      <ele>231.0</ele>
    </trkpt>
    <trkpt lat="-13.8071153" lon="131.8151616">
      <ele>231.0</ele>
    </trkpt>
    <trkpt lat="-13.8071466" lon="131.8151932">
      <ele>231.0</ele>
    </trkpt>
    <trkpt lat="-13.8084285" lon="131.8164859">
      <ele>219.202</ele>
    </trkpt>
    <trkpt lat="-13.8089995" lon="131.8170344">
      <ele>213.398</ele>
    </trkpt>
    <trkpt lat="-13.8094456" lon="131.8174757">
      <ele>217.009</ele>
    </trkpt>
    <trkpt lat="-13.8094773" lon="131.817507">
      <ele>217.205</ele>
    </trkpt>
    <trkpt lat="-13.8095754" lon="131.817604">
      <ele>217.215</ele>
    </trkpt>
    <trkpt lat="-13.8096071" lon="131.8176353">
      <ele>217.114</ele>
    </trkpt>
    <trkpt lat="-13.8097051" lon="131.8177323">
      <ele>216.471</ele>
    </trkpt>
    <trkpt lat="-13.810747" lon="131.818763">
      <ele>211.689</ele>
    </trkpt>
    <trkpt lat="-13.8112459" lon="131.8192884">
      <ele>215.12</ele>
    </trkpt>
    <trkpt lat="-13.8113717" lon="131.8194208">
      <ele>216.786</ele>
    </trkpt>
    <trkpt lat="-13.811579" lon="131.819639">
      <ele>219.479</ele>
    </trkpt>
    <trkpt lat="-13.8118749" lon="131.8200203">
      <ele>219.317</ele>
    </trkpt>
    <trkpt lat="-13.812071" lon="131.820273">
      <ele>219.754</ele>
    </trkpt>
    <trkpt lat="-13.8121674" lon="131.8204228">
      <ele>220.14</ele>
    </trkpt>
    <trkpt lat="-13.8122668" lon="131.8205771">
      <ele>219.462</ele>
    </trkpt>
    <trkpt lat="-13.8123662" lon="131.8207315">
      <ele>219.15</ele>
    </trkpt>
    <trkpt lat="-13.8124656" lon="131.8208859">
      <ele>218.208</ele>
    </trkpt>
    <trkpt lat="-13.812521" lon="131.820972">
      <ele>217.654</ele>
    </trkpt>
    <trkpt lat="-13.8128996" lon="131.8216966">
      <ele>213.832</ele>
    </trkpt>
    <trkpt lat="-13.812915" lon="131.821726">
      <ele>213.678</ele>
    </trkpt>
    <trkpt lat="-13.813239" lon="131.822514">
      <ele>214.56</ele>
    </trkpt>
    <trkpt lat="-13.813492" lon="131.823328">
      <ele>210.59</ele>
    </trkpt>
    <trkpt lat="-13.813666" lon="131.824154">
      <ele>208.802</ele>
    </trkpt>
    <trkpt lat="-13.813765" lon="131.824983">
      <ele>207.609</ele>
    </trkpt>
    <trkpt lat="-13.8138858" lon="131.8267405">
      <ele>204.726</ele>
    </trkpt>
    <trkpt lat="-13.813971" lon="131.827997">
      <ele>204.345</ele>
    </trkpt>
    <trkpt lat="-13.8140355" lon="131.828893">
      <ele>200.457</ele>
    </trkpt>
    <trkpt lat="-13.814124" lon="131.830121">
      <ele>198.282</ele>
    </trkpt>
    <trkpt lat="-13.8141493" lon="131.8304978">
      <ele>197.805</ele>
    </trkpt>
    <trkpt lat="-13.814247" lon="131.83183">
      <ele>199.0</ele>
    </trkpt>
    <trkpt lat="-13.8143309" lon="131.8328761">
      <ele>194.763</ele>
    </trkpt>
    <trkpt lat="-13.814335" lon="131.8329419">
      <ele>194.985</ele>
    </trkpt>
    <trkpt lat="-13.814518" lon="131.834051">
      <ele>196.581</ele>
    </trkpt>
    <trkpt lat="-13.81486" lon="131.8351799">
      <ele>196.653</ele>
    </trkpt>
    <trkpt lat="-13.81524" lon="131.836099">
      <ele>195.266</ele>
    </trkpt>
    <trkpt lat="-13.8158299" lon="131.837134">
      <ele>196.016</ele>
    </trkpt>
    <trkpt lat="-13.8164367" lon="131.8379591">
      <ele>194.825</ele>
    </trkpt>
    <trkpt lat="-13.816438" lon="131.8379609">
      <ele>194.836</ele>
    </trkpt>
    <trkpt lat="-13.817133" lon="131.8387109">
      <ele>197.077</ele>
    </trkpt>
    <trkpt lat="-13.81791" lon="131.8393799">
      <ele>198.878</ele>
    </trkpt>
    <trkpt lat="-13.8180241" lon="131.8394574">
      <ele>199.005</ele>
    </trkpt>
    <trkpt lat="-13.818746" lon="131.839948">
      <ele>199.236</ele>
    </trkpt>
    <trkpt lat="-13.819445" lon="131.8403309">
      <ele>196.193</ele>
    </trkpt>
    <trkpt lat="-13.820366" lon="131.8407149">
      <ele>201.527</ele>
    </trkpt>
    <trkpt lat="-13.8204117" lon="131.8407291">
      <ele>201.504</ele>
    </trkpt>
    <trkpt lat="-13.8205839" lon="131.8407825">
      <ele>201.183</ele>
    </trkpt>
    <trkpt lat="-13.821139" lon="131.8409549">
      <ele>200.9</ele>
    </trkpt>
    <trkpt lat="-13.822146" lon="131.841158">
      <ele>198.49</ele>
    </trkpt>
    <trkpt lat="-13.8225201" lon="131.8411873">
      <ele>200.092</ele>
    </trkpt>
    <trkpt lat="-13.82317" lon="131.84123">
      <ele>199.428</ele>
    </trkpt>
    <trkpt lat="-13.8254267" lon="131.8413878">
      <ele>197.536</ele>
    </trkpt>
    <trkpt lat="-13.826976" lon="131.841498">
      <ele>196.393</ele>
    </trkpt>
    <trkpt lat="-13.827506" lon="131.841558">
      <ele>195.978</ele>
    </trkpt>
    <trkpt lat="-13.827926" lon="131.841645">
      <ele>194.466</ele>
    </trkpt>
    <trkpt lat="-13.8283083" lon="131.8417415">
      <ele>193.629</ele>
    </trkpt>
    <trkpt lat="-13.8283735" lon="131.8417642">
      <ele>193.796</ele>
    </trkpt>
    <trkpt lat="-13.8289388" lon="131.8419527">
      <ele>193.82</ele>
    </trkpt>
    <trkpt lat="-13.8290917" lon="131.8420037">
      <ele>193.27</ele>
    </trkpt>
    <trkpt lat="-13.82972" lon="131.8422815">
      <ele>193.787</ele>
    </trkpt>
    <trkpt lat="-13.8298852" lon="131.8423546">
      <ele>193.523</ele>
    </trkpt>
    <trkpt lat="-13.8320842" lon="131.843327">
      <ele>195.503</ele>
    </trkpt>
    <trkpt lat="-13.8321983" lon="131.8433775">
      <ele>195.914</ele>
    </trkpt>
    <trkpt lat="-13.8322485" lon="131.8433997">
      <ele>196.0</ele>
    </trkpt>
    <trkpt lat="-13.8322495" lon="131.8434001">
      <ele>196.0</ele>
    </trkpt>
    <trkpt lat="-13.8323635" lon="131.8434506">
      <ele>196.0</ele>
    </trkpt>
    <trkpt lat="-13.8353949" lon="131.844791">
      <ele>189.104</ele>
    </trkpt>
    <trkpt lat="-13.836173" lon="131.8450859">
      <ele>189.691</ele>
    </trkpt>
    <trkpt lat="-13.8369619" lon="131.845295">
      <ele>188.816</ele>
    </trkpt>
    <trkpt lat="-13.8370526" lon="131.8453109">
      <ele>188.148</ele>
    </trkpt>
    <trkpt lat="-13.8371063" lon="131.8453204">
      <ele>187.771</ele>
    </trkpt>
    <trkpt lat="-13.837109" lon="131.8453209">
      <ele>187.752</ele>
    </trkpt>
    <trkpt lat="-13.8372298" lon="131.8453421">
      <ele>187.021</ele>
    </trkpt>
    <trkpt lat="-13.8377597" lon="131.8454352">
      <ele>189.708</ele>
    </trkpt>
    <trkpt lat="-13.8385625" lon="131.8454926">
      <ele>188.266</ele>
    </trkpt>
    <trkpt lat="-13.8393775" lon="131.8454728">
      <ele>191.0</ele>
    </trkpt>
    <trkpt lat="-13.8399126" lon="131.8454027">
      <ele>191.0</ele>
    </trkpt>
    <trkpt lat="-13.8399667" lon="131.8453956">
      <ele>191.0</ele>
    </trkpt>
    <trkpt lat="-13.8399705" lon="131.8453951">
      <ele>191.0</ele>
    </trkpt>
    <trkpt lat="-13.8403942" lon="131.8453396">
      <ele>192.326</ele>
    </trkpt>
    <trkpt lat="-13.8412627" lon="131.8451156">
      <ele>192.902</ele>
    </trkpt>
    <trkpt lat="-13.8420289" lon="131.8448375">
      <ele>192.688</ele>
    </trkpt>
    <trkpt lat="-13.8426173" lon="131.8446333">
      <ele>191.505</ele>
    </trkpt>
    <trkpt lat="-13.8431027" lon="131.8443793">
      <ele>191.661</ele>
    </trkpt>
    <trkpt lat="-13.8436279" lon="131.8440764">
      <ele>187.615</ele>
    </trkpt>
    <trkpt lat="-13.8440264" lon="131.8438046">
      <ele>186.952</ele>
    </trkpt>
    <trkpt lat="-13.8440278" lon="131.8438036">
      <ele>186.961</ele>
    </trkpt>
    <trkpt lat="-13.8444347" lon="131.8435261">
      <ele>188.317</ele>
    </trkpt>
    <trkpt lat="-13.8451876" lon="131.8428855">
      <ele>187.937</ele>
    </trkpt>
    <trkpt lat="-13.8455385" lon="131.8425012">
      <ele>189.999</ele>
    </trkpt>
    <trkpt lat="-13.8455403" lon="131.8424992">
      <ele>190.0</ele>
    </trkpt>
    <trkpt lat="-13.8456617" lon="131.8423662">
      <ele>190.0</ele>
    </trkpt>
    <trkpt lat="-13.8456636" lon="131.8423641">
      <ele>190.0</ele>
    </trkpt>
    <trkpt lat="-13.8457849" lon="131.8422313">
      <ele>190.0</ele>
    </trkpt>
    <trkpt lat="-13.8466853" lon="131.8412455">
      <ele>187.0</ele>
    </trkpt>
    <trkpt lat="-13.8477255" lon="131.8402896">
      <ele>187.0</ele>
    </trkpt>
    <trkpt lat="-13.8478724" lon="131.8401933">
      <ele>187.237</ele>
    </trkpt>
    <trkpt lat="-13.8480204" lon="131.8400964">
      <ele>187.303</ele>
    </trkpt>
    <trkpt lat="-13.8480242" lon="131.8400939">
      <ele>187.3</ele>
    </trkpt>
    <trkpt lat="-13.848176" lon="131.8399943">
      <ele>186.546</ele>
    </trkpt>
    <trkpt lat="-13.8486411" lon="131.8396897">
      <ele>185.32</ele>
    </trkpt>
    <trkpt lat="-13.8494935" lon="131.8392491">
      <ele>188.651</ele>
    </trkpt>
    <trkpt lat="-13.8495988" lon="131.8391974">
      <ele>188.828</ele>
    </trkpt>
    <trkpt lat="-13.8504105" lon="131.8388752">
      <ele>190.522</ele>
    </trkpt>
    <trkpt lat="-13.8509333" lon="131.8387213">
      <ele>190.567</ele>
    </trkpt>
    <trkpt lat="-13.8518928" lon="131.838515">
      <ele>193.532</ele>
    </trkpt>
    <trkpt lat="-13.8527074" lon="131.8384236">
      <ele>191.399</ele>
    </trkpt>
    <trkpt lat="-13.8535425" lon="131.8384073">
      <ele>191.112</ele>
    </trkpt>
    <trkpt lat="-13.8543726" lon="131.838472">
      <ele>189.354</ele>
    </trkpt>
    <trkpt lat="-13.855106" lon="131.8386029">
      <ele>193.552</ele>
    </trkpt>
    <trkpt lat="-13.8553477" lon="131.8386559">
      <ele>192.376</ele>
    </trkpt>
    <trkpt lat="-13.8568487" lon="131.8390604">
      <ele>187.486</ele>
    </trkpt>
    <trkpt lat="-13.8570227" lon="131.8391073">
      <ele>187.505</ele>
    </trkpt>
    <trkpt lat="-13.8570599" lon="131.8391173">
      <ele>187.407</ele>
    </trkpt>
    <trkpt lat="-13.8575099" lon="131.8392386">
      <ele>185.758</ele>
    </trkpt>
    <trkpt lat="-13.8594803" lon="131.8397697">
      <ele>182.893</ele>
    </trkpt>
    <trkpt lat="-13.8599808" lon="131.8399046">
      <ele>182.976</ele>
    </trkpt>
    <trkpt lat="-13.8601548" lon="131.8399515">
      <ele>182.637</ele>
    </trkpt>
    <trkpt lat="-13.8603343" lon="131.8399999">
      <ele>182.001</ele>
    </trkpt>
    <trkpt lat="-13.8608529" lon="131.8401306">
      <ele>181.493</ele>
    </trkpt>
    <trkpt lat="-13.8608902" lon="131.84014">
      <ele>181.394</ele>
    </trkpt>
    <trkpt lat="-13.8610493" lon="131.8401801">
      <ele>181.078</ele>
    </trkpt>
    <trkpt lat="-13.861224" lon="131.8402241">
      <ele>180.921</ele>
    </trkpt>
    <trkpt lat="-13.861678" lon="131.8403385">
      <ele>182.009</ele>
    </trkpt>
    <trkpt lat="-13.8617267" lon="131.8403495">
      <ele>182.056</ele>
    </trkpt>
    <trkpt lat="-13.8643564" lon="131.840941">
      <ele>180.418</ele>
    </trkpt>
    <trkpt lat="-13.8659724" lon="131.8412708">
      <ele>182.288</ele>
    </trkpt>
    <trkpt lat="-13.8661488" lon="131.8413068">
      <ele>182.704</ele>
    </trkpt>
    <trkpt lat="-13.8661647" lon="131.84131">
      <ele>182.716</ele>
    </trkpt>
    <trkpt lat="-13.8663034" lon="131.8413383">
      <ele>182.818</ele>
    </trkpt>
    <trkpt lat="-13.8687735" lon="131.8418424">
      <ele>177.215</ele>
    </trkpt>
    <trkpt lat="-13.8689718" lon="131.8418828">
      <ele>177.753</ele>
    </trkpt>
    <trkpt lat="-13.8689876" lon="131.8418861">
      <ele>177.846</ele>
    </trkpt>
    <trkpt lat="-13.8700085" lon="131.8420944">
      <ele>179.54</ele>
    </trkpt>
    <trkpt lat="-13.8701849" lon="131.8421304">
      <ele>179.669</ele>
    </trkpt>
    <trkpt lat="-13.8712436" lon="131.8423464">
      <ele>179.188</ele>
    </trkpt>
    <trkpt lat="-13.8712655" lon="131.8423508">
      <ele>179.317</ele>
    </trkpt>
    <trkpt lat="-13.8712813" lon="131.8423541">
      <ele>179.409</ele>
    </trkpt>
    <trkpt lat="-13.8714419" lon="131.8423868">
      <ele>180.304</ele>
    </trkpt>
    <trkpt lat="-13.875147" lon="131.843143">
      <ele>188.323</ele>
    </trkpt>
    <trkpt lat="-13.8783219" lon="131.8437956">
      <ele>190.672</ele>
    </trkpt>
    <trkpt lat="-13.8795566" lon="131.8440495">
      <ele>193.174</ele>
    </trkpt>
    <trkpt lat="-13.8799094" lon="131.844122">
      <ele>192.057</ele>
    </trkpt>
    <trkpt lat="-13.8802569" lon="131.8441934">
      <ele>191.171</ele>
    </trkpt>
    <trkpt lat="-13.8814976" lon="131.8444448">
      <ele>186.609</ele>
    </trkpt>
    <trkpt lat="-13.8816741" lon="131.8444805">
      <ele>185.973</ele>
    </trkpt>
    <trkpt lat="-13.8853802" lon="131.8452315">
      <ele>178.843</ele>
    </trkpt>
    <trkpt lat="-13.8885124" lon="131.8458662">
      <ele>181.279</ele>
    </trkpt>
    <trkpt lat="-13.8899053" lon="131.8462449">
      <ele>179.999</ele>
    </trkpt>
    <trkpt lat="-13.8909773" lon="131.8465515">
      <ele>180.518</ele>
    </trkpt>
    <trkpt lat="-13.8916373" lon="131.8467599">
      <ele>183.153</ele>
    </trkpt>
    <trkpt lat="-13.8918923" lon="131.8468496">
      <ele>183.753</ele>
    </trkpt>
    <trkpt lat="-13.8930602" lon="131.8472615">
      <ele>179.3</ele>
    </trkpt>
    <trkpt lat="-13.8937088" lon="131.8475154">
      <ele>183.036</ele>
    </trkpt>
    <trkpt lat="-13.893877" lon="131.8475812">
      <ele>183.013</ele>
    </trkpt>
    <trkpt lat="-13.8940451" lon="131.847647">
      <ele>182.438</ele>
    </trkpt>
    <trkpt lat="-13.8940715" lon="131.8476574">
      <ele>182.343</ele>
    </trkpt>
    <trkpt lat="-13.8948253" lon="131.8479707">
      <ele>183.305</ele>
    </trkpt>
    <trkpt lat="-13.8952078" lon="131.8481442">
      <ele>183.987</ele>
    </trkpt>
    <trkpt lat="-13.8954174" lon="131.8482393">
      <ele>184.661</ele>
    </trkpt>
    <trkpt lat="-13.8959859" lon="131.8485011">
      <ele>185.604</ele>
    </trkpt>
    <trkpt lat="-13.8969183" lon="131.8489499">
      <ele>183.707</ele>
    </trkpt>
    <trkpt lat="-13.897525" lon="131.8492649">
      <ele>183.968</ele>
    </trkpt>
    <trkpt lat="-13.8976459" lon="131.8493328">
      <ele>183.686</ele>
    </trkpt>
    <trkpt lat="-13.8978038" lon="131.8494215">
      <ele>182.989</ele>
    </trkpt>
    <trkpt lat="-13.8979617" lon="131.8495101">
      <ele>182.494</ele>
    </trkpt>
    <trkpt lat="-13.8988472" lon="131.8500073">
      <ele>181.801</ele>
    </trkpt>
    <trkpt lat="-13.9001477" lon="131.8507971">
      <ele>179.875</ele>
    </trkpt>
    <trkpt lat="-13.9003572" lon="131.8509243">
      <ele>179.327</ele>
    </trkpt>
    <trkpt lat="-13.9006064" lon="131.8510895">
      <ele>179.753</ele>
    </trkpt>
    <trkpt lat="-13.9007577" lon="131.8511898">
      <ele>179.272</ele>
    </trkpt>
    <trkpt lat="-13.9009089" lon="131.8512901">
      <ele>178.903</ele>
    </trkpt>
    <trkpt lat="-13.9012091" lon="131.8514891">
      <ele>178.188</ele>
    </trkpt>
    <trkpt lat="-13.901946" lon="131.8520251">
      <ele>177.99</ele>
    </trkpt>
    <trkpt lat="-13.9027786" lon="131.8526306">
      <ele>175.464</ele>
    </trkpt>
    <trkpt lat="-13.9033349" lon="131.8530637">
      <ele>172.971</ele>
    </trkpt>
    <trkpt lat="-13.9033993" lon="131.8531163">
      <ele>172.885</ele>
    </trkpt>
    <trkpt lat="-13.9035403" lon="131.8532313">
      <ele>173.31</ele>
    </trkpt>
    <trkpt lat="-13.9037454" lon="131.8533987">
      <ele>174.0</ele>
    </trkpt>
    <trkpt lat="-13.9040143" lon="131.8536244">
      <ele>173.092</ele>
    </trkpt>
    <trkpt lat="-13.9043796" lon="131.8539302">
      <ele>172.347</ele>
    </trkpt>
    <trkpt lat="-13.9045191" lon="131.8540471">
      <ele>172.185</ele>
    </trkpt>
    <trkpt lat="-13.9046365" lon="131.8541454">
      <ele>172.179</ele>
    </trkpt>
    <trkpt lat="-13.9056007" lon="131.8550157">
      <ele>168.628</ele>
    </trkpt>
    <trkpt lat="-13.9060426" lon="131.8554323">
      <ele>166.247</ele>
    </trkpt>
    <trkpt lat="-13.9063927" lon="131.8557794">
      <ele>167.213</ele>
    </trkpt>
    <trkpt lat="-13.9064627" lon="131.8558488">
      <ele>167.21</ele>
    </trkpt>
    <trkpt lat="-13.9071602" lon="131.8565575">
      <ele>166.437</ele>
    </trkpt>
    <trkpt lat="-13.9079133" lon="131.8573572">
      <ele>164.512</ele>
    </trkpt>
    <trkpt lat="-13.9079907" lon="131.8574394">
      <ele>164.233</ele>
    </trkpt>
    <trkpt lat="-13.9112747" lon="131.860968">
      <ele>170.77</ele>
    </trkpt>
    <trkpt lat="-13.9113992" lon="131.8611018">
      <ele>171.932</ele>
    </trkpt>
    <trkpt lat="-13.9115237" lon="131.8612356">
      <ele>172.666</ele>
    </trkpt>
    <trkpt lat="-13.9116482" lon="131.8613693">
      <ele>173.797</ele>
    </trkpt>
    <trkpt lat="-13.9117727" lon="131.8615031">
      <ele>173.394</ele>
    </trkpt>
    <trkpt lat="-13.91547" lon="131.865476">
      <ele>163.661</ele>
    </trkpt>
    <trkpt lat="-13.9156091" lon="131.8656236">
      <ele>162.953</ele>
    </trkpt>
    <trkpt lat="-13.916557" lon="131.866647">
      <ele>163.0</ele>
    </trkpt>
    <trkpt lat="-13.9174698" lon="131.8676364">
      <ele>164.071</ele>
    </trkpt>
    <trkpt lat="-13.9175937" lon="131.8677707">
      <ele>163.371</ele>
    </trkpt>
    <trkpt lat="-13.9176554" lon="131.8678376">
      <ele>163.654</ele>
    </trkpt>
    <trkpt lat="-13.9177116" lon="131.8678976">
      <ele>163.865</ele>
    </trkpt>
    <trkpt lat="-13.9181559" lon="131.8683699">
      <ele>165.445</ele>
    </trkpt>
    <trkpt lat="-13.918234" lon="131.868453">
      <ele>165.796</ele>
    </trkpt>
    <trkpt lat="-13.9183432" lon="131.8685706">
      <ele>165.97</ele>
    </trkpt>
    <trkpt lat="-13.9188407" lon="131.8691061">
      <ele>163.909</ele>
    </trkpt>
    <trkpt lat="-13.9193381" lon="131.8696416">
      <ele>160.871</ele>
    </trkpt>
    <trkpt lat="-13.9194625" lon="131.8697754">
      <ele>160.077</ele>
    </trkpt>
    <trkpt lat="-13.9200843" lon="131.8704448">
      <ele>161.581</ele>
    </trkpt>
    <trkpt lat="-13.920333" lon="131.8707125">
      <ele>162.764</ele>
    </trkpt>
    <trkpt lat="-13.9228204" lon="131.87339">
      <ele>156.796</ele>
    </trkpt>
    <trkpt lat="-13.9239396" lon="131.8745948">
      <ele>157.016</ele>
    </trkpt>
    <trkpt lat="-13.924064" lon="131.8747287">
      <ele>156.616</ele>
    </trkpt>
    <trkpt lat="-13.9241884" lon="131.8748626">
      <ele>156.338</ele>
    </trkpt>
    <trkpt lat="-13.9243127" lon="131.8749965">
      <ele>154.961</ele>
    </trkpt>
    <trkpt lat="-13.9266756" lon="131.8775402">
      <ele>150.972</ele>
    </trkpt>
    <trkpt lat="-13.9301577" lon="131.8812888">
      <ele>149.64</ele>
    </trkpt>
    <trkpt lat="-13.9302821" lon="131.8814227">
      <ele>150.0</ele>
    </trkpt>
    <trkpt lat="-13.9317229" lon="131.8829739">
      <ele>149.234</ele>
    </trkpt>
    <trkpt lat="-13.9328423" lon="131.8841787">
      <ele>149.286</ele>
    </trkpt>
    <trkpt lat="-13.9329667" lon="131.8843125">
      <ele>150.562</ele>
    </trkpt>
    <trkpt lat="-13.9335886" lon="131.8849818">
      <ele>149.162</ele>
    </trkpt>
    <trkpt lat="-13.933713" lon="131.8851157">
      <ele>149.417</ele>
    </trkpt>
    <trkpt lat="-13.935933" lon="131.887505">
      <ele>148.289</ele>
    </trkpt>
    <trkpt lat="-13.9360805" lon="131.8876548">
      <ele>147.716</ele>
    </trkpt>
    <trkpt lat="-13.9362086" lon="131.8877848">
      <ele>147.649</ele>
    </trkpt>
    <trkpt lat="-13.9363368" lon="131.8879149">
      <ele>147.188</ele>
    </trkpt>
    <trkpt lat="-13.9364649" lon="131.888045">
      <ele>147.253</ele>
    </trkpt>
    <trkpt lat="-13.9367211" lon="131.8883051">
      <ele>148.918</ele>
    </trkpt>
    <trkpt lat="-13.937117" lon="131.888707">
      <ele>149.214</ele>
    </trkpt>
    <trkpt lat="-13.937909" lon="131.889395">
      <ele>151.0</ele>
    </trkpt>
    <trkpt lat="-13.938901" lon="131.8901649">
      <ele>154.187</ele>
    </trkpt>
    <trkpt lat="-13.9395386" lon="131.8905979">
      <ele>154.948</ele>
    </trkpt>
    <trkpt lat="-13.9396888" lon="131.8906999">
      <ele>154.543</ele>
    </trkpt>
    <trkpt lat="-13.939761" lon="131.890749">
      <ele>154.443</ele>
    </trkpt>
    <trkpt lat="-13.9398421" lon="131.8907967">
      <ele>154.563</ele>
    </trkpt>
    <trkpt lat="-13.9399982" lon="131.8908887">
      <ele>154.994</ele>
    </trkpt>
    <trkpt lat="-13.940865" lon="131.891399">
      <ele>150.036</ele>
    </trkpt>
    <trkpt lat="-13.942713" lon="131.8923355">
      <ele>149.503</ele>
    </trkpt>
    <trkpt lat="-13.945134" lon="131.8935623">
      <ele>152.0</ele>
    </trkpt>
    <trkpt lat="-13.9473935" lon="131.8947074">
      <ele>150.074</ele>
    </trkpt>
    <trkpt lat="-13.9507829" lon="131.8964251">
      <ele>154.917</ele>
    </trkpt>
    <trkpt lat="-13.9509443" lon="131.8965069">
      <ele>153.606</ele>
    </trkpt>
    <trkpt lat="-13.9513564" lon="131.8967158">
      <ele>149.546</ele>
    </trkpt>
    <trkpt lat="-13.9518719" lon="131.8969931">
      <ele>154.437</ele>
    </trkpt>
    <trkpt lat="-13.9522193" lon="131.8971935">
      <ele>155.999</ele>
    </trkpt>
    <trkpt lat="-13.952917" lon="131.897596">
      <ele>152.342</ele>
    </trkpt>
    <trkpt lat="-13.9534581" lon="131.8979469">
      <ele>149.098</ele>
    </trkpt>
    <trkpt lat="-13.9536103" lon="131.8980456">
      <ele>149.926</ele>
    </trkpt>
    <trkpt lat="-13.954067" lon="131.8983418">
      <ele>150.98</ele>
    </trkpt>
    <trkpt lat="-13.9542192" lon="131.8984405">
      <ele>150.498</ele>
    </trkpt>
    <trkpt lat="-13.954237" lon="131.898452">
      <ele>150.428</ele>
    </trkpt>
    <trkpt lat="-13.9551597" lon="131.8991223">
      <ele>151.0</ele>
    </trkpt>
    <trkpt lat="-13.9556615" lon="131.899506">
      <ele>152.434</ele>
    </trkpt>
    <trkpt lat="-13.9562993" lon="131.9000102">
      <ele>150.718</ele>
    </trkpt>
    <trkpt lat="-13.9569656" lon="131.9005351">
      <ele>151.926</ele>
    </trkpt>
    <trkpt lat="-13.9571085" lon="131.9006476">
      <ele>152.0</ele>
    </trkpt>
    <trkpt lat="-13.9585167" lon="131.901757">
      <ele>150.995</ele>
    </trkpt>
    <trkpt lat="-13.9608463" lon="131.9035501">
      <ele>140.256</ele>
    </trkpt>
    <trkpt lat="-13.9609864" lon="131.9036598">
      <ele>140.726</ele>
    </trkpt>
    <trkpt lat="-13.9611296" lon="131.9037719">
      <ele>141.54</ele>
    </trkpt>
    <trkpt lat="-13.9617024" lon="131.9042205">
      <ele>142.169</ele>
    </trkpt>
    <trkpt lat="-13.963564" lon="131.9056784">
      <ele>148.339</ele>
    </trkpt>
    <trkpt lat="-13.9637072" lon="131.9057906">
      <ele>148.293</ele>
    </trkpt>
    <trkpt lat="-13.9638504" lon="131.9059027">
      <ele>148.896</ele>
    </trkpt>
    <trkpt lat="-13.9639936" lon="131.9060149">
      <ele>149.377</ele>
    </trkpt>
    <trkpt lat="-13.965712" lon="131.9073606">
      <ele>154.065</ele>
    </trkpt>
    <trkpt lat="-13.9662848" lon="131.9078092">
      <ele>153.0</ele>
    </trkpt>
    <trkpt lat="-13.967144" lon="131.9084821">
      <ele>151.897</ele>
    </trkpt>
    <trkpt lat="-13.9672872" lon="131.9085943">
      <ele>150.607</ele>
    </trkpt>
    <trkpt lat="-13.9698648" lon="131.910613">
      <ele>145.487</ele>
    </trkpt>
    <trkpt lat="-13.970008" lon="131.9107252">
      <ele>144.982</ele>
    </trkpt>
    <trkpt lat="-13.9707239" lon="131.911286">
      <ele>143.46</ele>
    </trkpt>
    <trkpt lat="-13.9710103" lon="131.9115103">
      <ele>142.647</ele>
    </trkpt>
    <trkpt lat="-13.9720127" lon="131.9122954">
      <ele>145.801</ele>
    </trkpt>
    <trkpt lat="-13.9743039" lon="131.9140898">
      <ele>154.923</ele>
    </trkpt>
    <trkpt lat="-13.9744471" lon="131.914202">
      <ele>153.99</ele>
    </trkpt>
    <trkpt lat="-13.974945" lon="131.914592">
      <ele>153.155</ele>
    </trkpt>
    <trkpt lat="-13.9767677" lon="131.9159557">
      <ele>150.797</ele>
    </trkpt>
    <trkpt lat="-13.9769132" lon="131.9160646">
      <ele>150.851</ele>
    </trkpt>
    <trkpt lat="-13.9770588" lon="131.9161735">
      <ele>151.092</ele>
    </trkpt>
    <trkpt lat="-13.977252" lon="131.916318">
      <ele>151.932</ele>
    </trkpt>
    <trkpt lat="-13.9798641" lon="131.9181542">
      <ele>157.047</ele>
    </trkpt>
    <trkpt lat="-13.980931" lon="131.918844">
      <ele>158.513</ele>
    </trkpt>
    <trkpt lat="-13.982435" lon="131.919795">
      <ele>159.504</ele>
    </trkpt>
    <trkpt lat="-13.9830541" lon="131.9201726">
      <ele>161.613</ele>
    </trkpt>
    <trkpt lat="-13.9832089" lon="131.920267">
      <ele>161.431</ele>
    </trkpt>
    <trkpt lat="-13.9838566" lon="131.9206621">
      <ele>159.706</ele>
    </trkpt>
    <trkpt lat="-13.9842276" lon="131.9208823">
      <ele>159.905</ele>
    </trkpt>
    <trkpt lat="-13.9859969" lon="131.9219235">
      <ele>155.0</ele>
    </trkpt>
    <trkpt lat="-13.9877857" lon="131.9229012">
      <ele>158.543</ele>
    </trkpt>
    <trkpt lat="-13.9893065" lon="131.9236687">
      <ele>156.104</ele>
    </trkpt>
    <trkpt lat="-13.9894457" lon="131.923739">
      <ele>156.461</ele>
    </trkpt>
    <trkpt lat="-13.9894681" lon="131.9237501">
      <ele>156.5</ele>
    </trkpt>
    <trkpt lat="-13.9911707" lon="131.9245965">
      <ele>155.571</ele>
    </trkpt>
    <trkpt lat="-13.9927981" lon="131.925349">
      <ele>157.433</ele>
    </trkpt>
    <trkpt lat="-13.9946683" lon="131.9261756">
      <ele>153.149</ele>
    </trkpt>
    <trkpt lat="-13.995759" lon="131.926627">
      <ele>152.268</ele>
    </trkpt>
    <trkpt lat="-13.9963985" lon="131.9269036">
      <ele>151.112</ele>
    </trkpt>
    <trkpt lat="-13.997471" lon="131.9273536">
      <ele>149.0</ele>
    </trkpt>
    <trkpt lat="-13.9984592" lon="131.9277779">
      <ele>146.547</ele>
    </trkpt>
    <trkpt lat="-13.9995776" lon="131.9282437">
      <ele>142.521</ele>
    </trkpt>
    <trkpt lat="-14.00177" lon="131.929172">
      <ele>139.981</ele>
    </trkpt>
    <trkpt lat="-14.0021184" lon="131.9293175">
      <ele>139.457</ele>
    </trkpt>
    <trkpt lat="-14.002843" lon="131.9296206">
      <ele>137.881</ele>
    </trkpt>
    <trkpt lat="-14.0064516" lon="131.9311299">
      <ele>132.737</ele>
    </trkpt>
    <trkpt lat="-14.0065096" lon="131.9311541">
      <ele>132.545</ele>
    </trkpt>
    <trkpt lat="-14.0066183" lon="131.9311996">
      <ele>132.382</ele>
    </trkpt>
    <trkpt lat="-14.0089516" lon="131.9321756">
      <ele>133.491</ele>
    </trkpt>
    <trkpt lat="-14.0090095" lon="131.9321998">
      <ele>132.778</ele>
    </trkpt>
    <trkpt lat="-14.0091182" lon="131.9322453">
      <ele>131.578</ele>
    </trkpt>
    <trkpt lat="-14.0091762" lon="131.9322695">
      <ele>131.205</ele>
    </trkpt>
    <trkpt lat="-14.0108558" lon="131.9329721">
      <ele>131.399</ele>
    </trkpt>
    <trkpt lat="-14.0109417" lon="131.9330596">
      <ele>132.047</ele>
    </trkpt>
    <trkpt lat="-14.0109726" lon="131.9330826">
      <ele>132.292</ele>
    </trkpt>
    <trkpt lat="-14.0111732" lon="131.9331642">
      <ele>132.335</ele>
    </trkpt>
    <trkpt lat="-14.0126735" lon="131.9337882">
      <ele>129.049</ele>
    </trkpt>
    <trkpt lat="-14.01284" lon="131.933857">
      <ele>129.259</ele>
    </trkpt>
    <trkpt lat="-14.0128413" lon="131.9338575">
      <ele>129.255</ele>
    </trkpt>
    <trkpt lat="-14.0130077" lon="131.9339279">
      <ele>128.601</ele>
    </trkpt>
    <trkpt lat="-14.0194226" lon="131.9366413">
      <ele>136.0</ele>
    </trkpt>
    <trkpt lat="-14.0216379" lon="131.9376329">
      <ele>135.093</ele>
    </trkpt>
    <trkpt lat="-14.0222946" lon="131.9379119">
      <ele>134.126</ele>
    </trkpt>
    <trkpt lat="-14.0238006" lon="131.9385489">
      <ele>134.247</ele>
    </trkpt>
    <trkpt lat="-14.023967" lon="131.9386193">
      <ele>133.748</ele>
    </trkpt>
    <trkpt lat="-14.0241335" lon="131.9386897">
      <ele>133.402</ele>
    </trkpt>
    <trkpt lat="-14.0267958" lon="131.9398159">
      <ele>126.518</ele>
    </trkpt>
    <trkpt lat="-14.0269622" lon="131.9398863">
      <ele>126.591</ele>
    </trkpt>
    <trkpt lat="-14.0271286" lon="131.9399567">
      <ele>126.844</ele>
    </trkpt>
    <trkpt lat="-14.0283595" lon="131.9404773">
      <ele>130.248</ele>
    </trkpt>
    <trkpt lat="-14.0287534" lon="131.9406622">
      <ele>129.187</ele>
    </trkpt>
    <trkpt lat="-14.0292742" lon="131.9409158">
      <ele>128.885</ele>
    </trkpt>
    <trkpt lat="-14.0296663" lon="131.9411412">
      <ele>128.108</ele>
    </trkpt>
    <trkpt lat="-14.0300452" lon="131.9413825">
      <ele>128.814</ele>
    </trkpt>
    <trkpt lat="-14.03039" lon="131.9416704">
      <ele>130.0</ele>
    </trkpt>
    <trkpt lat="-14.0304464" lon="131.9417024">
      <ele>130.0</ele>
    </trkpt>
    <trkpt lat="-14.0304538" lon="131.9417066">
      <ele>130.0</ele>
    </trkpt>
    <trkpt lat="-14.0307767" lon="131.9419395">
      <ele>129.19</ele>
    </trkpt>
    <trkpt lat="-14.0310112" lon="131.9421527">
      <ele>128.36</ele>
    </trkpt>
    <trkpt lat="-14.0313103" lon="131.9424495">
      <ele>126.465</ele>
    </trkpt>
    <trkpt lat="-14.0318376" lon="131.943052">
      <ele>123.405</ele>
    </trkpt>
    <trkpt lat="-14.0321352" lon="131.9434357">
      <ele>124.489</ele>
    </trkpt>
    <trkpt lat="-14.0324339" lon="131.94385">
      <ele>125.0</ele>
    </trkpt>
    <trkpt lat="-14.0325281" lon="131.9439868">
      <ele>124.445</ele>
    </trkpt>
    <trkpt lat="-14.0325375" lon="131.9440005">
      <ele>124.328</ele>
    </trkpt>
    <trkpt lat="-14.0326329" lon="131.9441375">
      <ele>123.148</ele>
    </trkpt>
    <trkpt lat="-14.03306" lon="131.9447504">
      <ele>122.219</ele>
    </trkpt>
    <trkpt lat="-14.0335632" lon="131.9454553">
      <ele>128.356</ele>
    </trkpt>
    <trkpt lat="-14.0338713" lon="131.9459532">
      <ele>130.368</ele>
    </trkpt>
    <trkpt lat="-14.0341499" lon="131.9464034">
      <ele>132.15</ele>
    </trkpt>
    <trkpt lat="-14.0341704" lon="131.9464313">
      <ele>132.433</ele>
    </trkpt>
    <trkpt lat="-14.0348038" lon="131.9472816">
      <ele>134.849</ele>
    </trkpt>
    <trkpt lat="-14.0353842" lon="131.9480139">
      <ele>136.326</ele>
    </trkpt>
    <trkpt lat="-14.0354456" lon="131.9480902">
      <ele>136.529</ele>
    </trkpt>
    <trkpt lat="-14.0354654" lon="131.9481186">
      <ele>136.522</ele>
    </trkpt>
    <trkpt lat="-14.0355587" lon="131.9481837">
      <ele>136.533</ele>
    </trkpt>
    <trkpt lat="-14.0359581" lon="131.9486309">
      <ele>135.961</ele>
    </trkpt>
    <trkpt lat="-14.0365527" lon="131.949173">
      <ele>136.013</ele>
    </trkpt>
    <trkpt lat="-14.0369026" lon="131.9494386">
      <ele>137.828</ele>
    </trkpt>
    <trkpt lat="-14.0371437" lon="131.949603">
      <ele>136.873</ele>
    </trkpt>
    <trkpt lat="-14.0379569" lon="131.9500862">
      <ele>133.69</ele>
    </trkpt>
    <trkpt lat="-14.0387563" lon="131.9505242">
      <ele>133.0</ele>
    </trkpt>
    <trkpt lat="-14.0393556" lon="131.9508877">
      <ele>135.124</ele>
    </trkpt>
    <trkpt lat="-14.0399172" lon="131.9512884">
      <ele>133.298</ele>
    </trkpt>
    <trkpt lat="-14.0404101" lon="131.9516824">
      <ele>133.03</ele>
    </trkpt>
    <trkpt lat="-14.0404114" lon="131.9516835">
      <ele>133.031</ele>
    </trkpt>
    <trkpt lat="-14.0404991" lon="131.9517572">
      <ele>133.066</ele>
    </trkpt>
    <trkpt lat="-14.041081" lon="131.9523021">
      <ele>131.108</ele>
    </trkpt>
    <trkpt lat="-14.0415579" lon="131.9528177">
      <ele>128.623</ele>
    </trkpt>
    <trkpt lat="-14.042029" lon="131.9533818">
      <ele>129.521</ele>
    </trkpt>
    <trkpt lat="-14.0423902" lon="131.9538302">
      <ele>127.816</ele>
    </trkpt>
    <trkpt lat="-14.0423909" lon="131.9538311">
      <ele>127.815</ele>
    </trkpt>
    <trkpt lat="-14.0427103" lon="131.9542488">
      <ele>131.882</ele>
    </trkpt>
    <trkpt lat="-14.0437139" lon="131.9555266">
      <ele>135.343</ele>
    </trkpt>
    <trkpt lat="-14.0440788" lon="131.9559999">
      <ele>134.81</ele>
    </trkpt>
    <trkpt lat="-14.0441913" lon="131.9561443">
      <ele>134.98</ele>
    </trkpt>
    <trkpt lat="-14.0443039" lon="131.9562885">
      <ele>135.171</ele>
    </trkpt>
    <trkpt lat="-14.0444021" lon="131.956414">
      <ele>135.786</ele>
    </trkpt>
    <trkpt lat="-14.0453363" lon="131.9575942">
      <ele>142.211</ele>
    </trkpt>
    <trkpt lat="-14.0457269" lon="131.95811">
      <ele>143.038</ele>
    </trkpt>
    <trkpt lat="-14.0466945" lon="131.9593545">
      <ele>147.133</ele>
    </trkpt>
    <trkpt lat="-14.0472001" lon="131.9599355">
      <ele>147.92</ele>
    </trkpt>
    <trkpt lat="-14.0476798" lon="131.9604166">
      <ele>148.677</ele>
    </trkpt>
    <trkpt lat="-14.0481557" lon="131.9608526">
      <ele>146.43</ele>
    </trkpt>
    <trkpt lat="-14.0487953" lon="131.9613499">
      <ele>148.093</ele>
    </trkpt>
    <trkpt lat="-14.0499611" lon="131.9620789">
      <ele>151.276</ele>
    </trkpt>
    <trkpt lat="-14.0505066" lon="131.9623567">
      <ele>150.692</ele>
    </trkpt>
    <trkpt lat="-14.0513385" lon="131.9627601">
      <ele>150.415</ele>
    </trkpt>
    <trkpt lat="-14.0514847" lon="131.9628297">
      <ele>150.468</ele>
    </trkpt>
    <trkpt lat="-14.0516467" lon="131.9629107">
      <ele>149.593</ele>
    </trkpt>
    <trkpt lat="-14.0516635" lon="131.9629191">
      <ele>149.503</ele>
    </trkpt>
    <trkpt lat="-14.0518085" lon="131.9629917">
      <ele>148.209</ele>
    </trkpt>
    <trkpt lat="-14.0518255" lon="131.9629998">
      <ele>148.057</ele>
    </trkpt>
    <trkpt lat="-14.0527785" lon="131.9634555">
      <ele>148.001</ele>
    </trkpt>
    <trkpt lat="-14.0532086" lon="131.9636635">
      <ele>147.623</ele>
    </trkpt>
    <trkpt lat="-14.0540599" lon="131.9640759">
      <ele>144.654</ele>
    </trkpt>
    <trkpt lat="-14.0551744" lon="131.9646069">
      <ele>146.415</ele>
    </trkpt>
    <trkpt lat="-14.0558655" lon="131.9649561">
      <ele>143.176</ele>
    </trkpt>
    <trkpt lat="-14.0568626" lon="131.9654941">
      <ele>143.377</ele>
    </trkpt>
    <trkpt lat="-14.0576114" lon="131.965939">
      <ele>141.889</ele>
    </trkpt>
    <trkpt lat="-14.0582306" lon="131.9663321">
      <ele>140.372</ele>
    </trkpt>
    <trkpt lat="-14.0582993" lon="131.966378">
      <ele>140.029</ele>
    </trkpt>
    <trkpt lat="-14.0583809" lon="131.966434">
      <ele>140.287</ele>
    </trkpt>
    <trkpt lat="-14.0583926" lon="131.9664418">
      <ele>140.345</ele>
    </trkpt>
    <trkpt lat="-14.0585316" lon="131.9665344">
      <ele>140.68</ele>
    </trkpt>
    <trkpt lat="-14.0585436" lon="131.9665426">
      <ele>140.676</ele>
    </trkpt>
    <trkpt lat="-14.0591531" lon="131.9669567">
      <ele>140.814</ele>
    </trkpt>
    <trkpt lat="-14.0600799" lon="131.9676518">
      <ele>138.48</ele>
    </trkpt>
    <trkpt lat="-14.0610035" lon="131.9684154">
      <ele>139.0</ele>
    </trkpt>
    <trkpt lat="-14.0614086" lon="131.9687639">
      <ele>137.939</ele>
    </trkpt>
    <trkpt lat="-14.0615449" lon="131.9688848">
      <ele>137.583</ele>
    </trkpt>
    <trkpt lat="-14.0620005" lon="131.9693113">
      <ele>134.446</ele>
    </trkpt>
    <trkpt lat="-14.0626085" lon="131.969886">
      <ele>136.609</ele>
    </trkpt>
    <trkpt lat="-14.0628717" lon="131.9701388">
      <ele>136.661</ele>
    </trkpt>
    <trkpt lat="-14.0630443" lon="131.9703096">
      <ele>137.15</ele>
    </trkpt>
    <trkpt lat="-14.0639192" lon="131.9711552">
      <ele>140.476</ele>
    </trkpt>
    <trkpt lat="-14.0641714" lon="131.9713965">
      <ele>143.109</ele>
    </trkpt>
    <trkpt lat="-14.0645793" lon="131.9717849">
      <ele>146.217</ele>
    </trkpt>
    <trkpt lat="-14.0645857" lon="131.9717909">
      <ele>146.28</ele>
    </trkpt>
    <trkpt lat="-14.0647123" lon="131.9719097">
      <ele>147.535</ele>
    </trkpt>
    <trkpt lat="-14.0647187" lon="131.9719157">
      <ele>147.599</ele>
    </trkpt>
    <trkpt lat="-14.0648453" lon="131.9720346">
      <ele>148.568</ele>
    </trkpt>
    <trkpt lat="-14.0654739" lon="131.9726549">
      <ele>145.001</ele>
    </trkpt>
    <trkpt lat="-14.0658968" lon="131.9730478">
      <ele>147.265</ele>
    </trkpt>
    <trkpt lat="-14.065903" lon="131.9730531">
      <ele>147.324</ele>
    </trkpt>
    <trkpt lat="-14.0660348" lon="131.9731668">
      <ele>150.075</ele>
    </trkpt>
    <trkpt lat="-14.0661682" lon="131.9732911">
      <ele>150.439</ele>
    </trkpt>
    <trkpt lat="-14.0664405" lon="131.9735608">
      <ele>145.297</ele>
    </trkpt>
    <trkpt lat="-14.0672951" lon="131.9743272">
      <ele>129.803</ele>
    </trkpt>
    <trkpt lat="-14.0676821" lon="131.9746012">
      <ele>125.248</ele>
    </trkpt>
    <trkpt lat="-14.0678245" lon="131.9747142">
      <ele>124.615</ele>
    </trkpt>
    <trkpt lat="-14.06783" lon="131.9747185">
      <ele>124.615</ele>
    </trkpt>
    <trkpt lat="-14.0681118" lon="131.9749359">
      <ele>124.49</ele>
    </trkpt>
    <trkpt lat="-14.0682347" lon="131.9750304">
      <ele>123.214</ele>
    </trkpt>
    <trkpt lat="-14.0685216" lon="131.9753024">
      <ele>120.382</ele>
    </trkpt>
    <trkpt lat="-14.0686636" lon="131.9754141">
      <ele>120.206</ele>
    </trkpt>
    <trkpt lat="-14.068668" lon="131.9754175">
      <ele>120.196</ele>
    </trkpt>
    <trkpt lat="-14.0690141" lon="131.9756793">
      <ele>120.646</ele>
    </trkpt>
    <trkpt lat="-14.0690986" lon="131.9757419">
      <ele>121.177</ele>
    </trkpt>
    <trkpt lat="-14.0698189" lon="131.9762986">
      <ele>118.099</ele>
    </trkpt>
    <trkpt lat="-14.069963" lon="131.9764097">
      <ele>118.085</ele>
    </trkpt>
    <trkpt lat="-14.0700677" lon="131.9764901">
      <ele>117.699</ele>
    </trkpt>
    <trkpt lat="-14.0710264" lon="131.977262">
      <ele>107.832</ele>
    </trkpt>
    <trkpt lat="-14.0714048" lon="131.977515">
      <ele>115.277</ele>
    </trkpt>
    <trkpt lat="-14.0715536" lon="131.977621">
      <ele>117.493</ele>
    </trkpt>
    <trkpt lat="-14.0715576" lon="131.977624">
      <ele>117.554</ele>
    </trkpt>
    <trkpt lat="-14.0716994" lon="131.9777296">
      <ele>119.521</ele>
    </trkpt>
    <trkpt lat="-14.0717699" lon="131.9777819">
      <ele>120.015</ele>
    </trkpt>
    <trkpt lat="-14.0723895" lon="131.9782665">
      <ele>124.362</ele>
    </trkpt>
    <trkpt lat="-14.0729695" lon="131.9787652">
      <ele>129.935</ele>
    </trkpt>
    <trkpt lat="-14.0731412" lon="131.9789208">
      <ele>131.114</ele>
    </trkpt>
    <trkpt lat="-14.073499" lon="131.9792695">
      <ele>132.275</ele>
    </trkpt>
    <trkpt lat="-14.0735007" lon="131.9792712">
      <ele>132.281</ele>
    </trkpt>
    <trkpt lat="-14.0737187" lon="131.9794835">
      <ele>133.655</ele>
    </trkpt>
    <trkpt lat="-14.0741393" lon="131.979921">
      <ele>136.716</ele>
    </trkpt>
    <trkpt lat="-14.0743837" lon="131.9801935">
      <ele>138.443</ele>
    </trkpt>
    <trkpt lat="-14.0744002" lon="131.9802099">
      <ele>138.468</ele>
    </trkpt>
    <trkpt lat="-14.0744989" lon="131.9803371">
      <ele>137.615</ele>
    </trkpt>
    <trkpt lat="-14.0749391" lon="131.9809235">
      <ele>131.896</ele>
    </trkpt>
    <trkpt lat="-14.0749624" lon="131.9809523">
      <ele>131.803</ele>
    </trkpt>
    <trkpt lat="-14.0751597" lon="131.981216">
      <ele>132.1</ele>
    </trkpt>
    <trkpt lat="-14.0753756" lon="131.9815139">
      <ele>131.837</ele>
    </trkpt>
    <trkpt lat="-14.0756534" lon="131.9819326">
      <ele>126.818</ele>
    </trkpt>
    <trkpt lat="-14.0759896" lon="131.9824289">
      <ele>124.437</ele>
    </trkpt>
    <trkpt lat="-14.0761551" lon="131.9826722">
      <ele>122.542</ele>
    </trkpt>
    <trkpt lat="-14.0765534" lon="131.9832282">
      <ele>117.602</ele>
    </trkpt>
    <trkpt lat="-14.0766258" lon="131.9833256">
      <ele>116.469</ele>
    </trkpt>
    <trkpt lat="-14.0767363" lon="131.9834718">
      <ele>114.999</ele>
    </trkpt>
    <trkpt lat="-14.0767374" lon="131.9834731">
      <ele>114.989</ele>
    </trkpt>
    <trkpt lat="-14.0769109" lon="131.98369">
      <ele>114.405</ele>
    </trkpt>
    <trkpt lat="-14.0773126" lon="131.9841696">
      <ele>116.692</ele>
    </trkpt>
    <trkpt lat="-14.0776714" lon="131.9845719">
      <ele>117.125</ele>
    </trkpt>
    <trkpt lat="-14.078151" lon="131.9850749">
      <ele>119.093</ele>
    </trkpt>
    <trkpt lat="-14.0784448" lon="131.9853614">
      <ele>120.522</ele>
    </trkpt>
    <trkpt lat="-14.0784823" lon="131.985397">
      <ele>120.766</ele>
    </trkpt>
    <trkpt lat="-14.0785795" lon="131.9854845">
      <ele>121.546</ele>
    </trkpt>
    <trkpt lat="-14.0788011" lon="131.9856837">
      <ele>122.999</ele>
    </trkpt>
    <trkpt lat="-14.0792302" lon="131.986047">
      <ele>125.407</ele>
    </trkpt>
    <trkpt lat="-14.0795641" lon="131.986313">
      <ele>125.156</ele>
    </trkpt>
    <trkpt lat="-14.079839" lon="131.9865241">
      <ele>123.888</ele>
    </trkpt>
    <trkpt lat="-14.0802185" lon="131.9868029">
      <ele>122.386</ele>
    </trkpt>
    <trkpt lat="-14.0805228" lon="131.9870148">
      <ele>123.223</ele>
    </trkpt>
    <trkpt lat="-14.0805762" lon="131.9870503">
      <ele>123.381</ele>
    </trkpt>
    <trkpt lat="-14.0805823" lon="131.9870544">
      <ele>123.396</ele>
    </trkpt>
    <trkpt lat="-14.0807273" lon="131.9871511">
      <ele>123.744</ele>
    </trkpt>
    <trkpt lat="-14.0808783" lon="131.9872517">
      <ele>123.944</ele>
    </trkpt>
    <trkpt lat="-14.0809717" lon="131.9873146">
      <ele>123.834</ele>
    </trkpt>
    <trkpt lat="-14.0813508" lon="131.9875482">
      <ele>124.174</ele>
    </trkpt>
    <trkpt lat="-14.0817041" lon="131.9877529">
      <ele>125.91</ele>
    </trkpt>
    <trkpt lat="-14.0819726" lon="131.9879005">
      <ele>126.543</ele>
    </trkpt>
    <trkpt lat="-14.0822187" lon="131.9880267">
      <ele>127.883</ele>
    </trkpt>
    <trkpt lat="-14.0825662" lon="131.9881962">
      <ele>130.369</ele>
    </trkpt>
    <trkpt lat="-14.0829442" lon="131.9883713">
      <ele>133.308</ele>
    </trkpt>
    <trkpt lat="-14.0832624" lon="131.9885112">
      <ele>134.745</ele>
    </trkpt>
    <trkpt lat="-14.0834372" lon="131.9885852">
      <ele>135.035</ele>
    </trkpt>
    <trkpt lat="-14.0834499" lon="131.9885906">
      <ele>135.031</ele>
    </trkpt>
    <trkpt lat="-14.0835614" lon="131.9886384">
      <ele>134.919</ele>
    </trkpt>
    <trkpt lat="-14.0837554" lon="131.988713">
      <ele>135.153</ele>
    </trkpt>
    <trkpt lat="-14.0842816" lon="131.9889028">
      <ele>138.058</ele>
    </trkpt>
    <trkpt lat="-14.0843396" lon="131.9889259">
      <ele>138.269</ele>
    </trkpt>
    <trkpt lat="-14.0849641" lon="131.9891195">
      <ele>134.742</ele>
    </trkpt>
    <trkpt lat="-14.0851385" lon="131.9891708">
      <ele>134.96</ele>
    </trkpt>
    <trkpt lat="-14.0851556" lon="131.9891758">
      <ele>135.04</ele>
    </trkpt>
    <trkpt lat="-14.0851581" lon="131.9891765">
      <ele>135.052</ele>
    </trkpt>
    <trkpt lat="-14.085981" lon="131.9893877">
      <ele>138.441</ele>
    </trkpt>
    <trkpt lat="-14.0863615" lon="131.9894731">
      <ele>134.089</ele>
    </trkpt>
    <trkpt lat="-14.0865373" lon="131.9895113">
      <ele>132.45</ele>
    </trkpt>
    <trkpt lat="-14.0865562" lon="131.9895148">
      <ele>132.289</ele>
    </trkpt>
    <trkpt lat="-14.0867881" lon="131.989558">
      <ele>131.182</ele>
    </trkpt>
    <trkpt lat="-14.0868914" lon="131.9895765">
      <ele>131.049</ele>
    </trkpt>
    <trkpt lat="-14.0870695" lon="131.9896051">
      <ele>131.293</ele>
    </trkpt>
    <trkpt lat="-14.0874484" lon="131.9896581">
      <ele>132.464</ele>
    </trkpt>
    <trkpt lat="-14.0878714" lon="131.9896843">
      <ele>131.936</ele>
    </trkpt>
    <trkpt lat="-14.0882214" lon="131.9897098">
      <ele>130.519</ele>
    </trkpt>
    <trkpt lat="-14.0886799" lon="131.9897582">
      <ele>129.655</ele>
    </trkpt>
    <trkpt lat="-14.0887172" lon="131.9897666">
      <ele>129.519</ele>
    </trkpt>
    <trkpt lat="-14.0893025" lon="131.9898012">
      <ele>130.27</ele>
    </trkpt>
    <trkpt lat="-14.0895755" lon="131.9898014">
      <ele>131.617</ele>
    </trkpt>
    <trkpt lat="-14.0897554" lon="131.9898018">
      <ele>132.26</ele>
    </trkpt>
    <trkpt lat="-14.0897769" lon="131.9898017">
      <ele>132.338</ele>
    </trkpt>
    <trkpt lat="-14.0898878" lon="131.9898015">
      <ele>132.74</ele>
    </trkpt>
    <trkpt lat="-14.0899568" lon="131.9897986">
      <ele>133.02</ele>
    </trkpt>
    <trkpt lat="-14.0905007" lon="131.9897756">
      <ele>131.813</ele>
    </trkpt>
    <trkpt lat="-14.0911163" lon="131.9897002">
      <ele>129.259</ele>
    </trkpt>
    <trkpt lat="-14.0915242" lon="131.9896594">
      <ele>131.508</ele>
    </trkpt>
    <trkpt lat="-14.0920254" lon="131.989604">
      <ele>131.287</ele>
    </trkpt>
    <trkpt lat="-14.092674" lon="131.9895437">
      <ele>131.107</ele>
    </trkpt>
    <trkpt lat="-14.0947518" lon="131.9892164">
      <ele>129.106</ele>
    </trkpt>
    <trkpt lat="-14.0949298" lon="131.9891901">
      <ele>129.747</ele>
    </trkpt>
    <trkpt lat="-14.0949546" lon="131.9891862">
      <ele>129.837</ele>
    </trkpt>
    <trkpt lat="-14.0951076" lon="131.9891623">
      <ele>130.775</ele>
    </trkpt>
    <trkpt lat="-14.0951324" lon="131.9891585">
      <ele>130.953</ele>
    </trkpt>
    <trkpt lat="-14.0953103" lon="131.9891312">
      <ele>132.132</ele>
    </trkpt>
    <trkpt lat="-14.0964417" lon="131.9889579">
      <ele>136.953</ele>
    </trkpt>
    <trkpt lat="-14.0972429" lon="131.9888379">
      <ele>133.551</ele>
    </trkpt>
    <trkpt lat="-14.0974207" lon="131.9888106">
      <ele>133.846</ele>
    </trkpt>
    <trkpt lat="-14.0988712" lon="131.9885924">
      <ele>136.143</ele>
    </trkpt>
    <trkpt lat="-14.0995566" lon="131.9884898">
      <ele>137.167</ele>
    </trkpt>
    <trkpt lat="-14.0997594" lon="131.9884592">
      <ele>136.701</ele>
    </trkpt>
    <trkpt lat="-14.0999124" lon="131.9884361">
      <ele>137.143</ele>
    </trkpt>
    <trkpt lat="-14.0999374" lon="131.9884327">
      <ele>137.204</ele>
    </trkpt>
    <trkpt lat="-14.100965" lon="131.9882915">
      <ele>141.684</ele>
    </trkpt>
    <trkpt lat="-14.102288" lon="131.9880792">
      <ele>134.152</ele>
    </trkpt>
    <trkpt lat="-14.1024339" lon="131.9880609">
      <ele>134.743</ele>
    </trkpt>
    <trkpt lat="-14.1031112" lon="131.98796">
      <ele>137.0</ele>
    </trkpt>
    <trkpt lat="-14.1037513" lon="131.9878763">
      <ele>135.17</ele>
    </trkpt>
    <trkpt lat="-14.1042996" lon="131.987825">
      <ele>135.397</ele>
    </trkpt>
    <trkpt lat="-14.1049156" lon="131.9877918">
      <ele>135.985</ele>
    </trkpt>
    <trkpt lat="-14.1053434" lon="131.9877837">
      <ele>137.005</ele>
    </trkpt>
    <trkpt lat="-14.1059829" lon="131.9877767">
      <ele>138.002</ele>
    </trkpt>
    <trkpt lat="-14.1066764" lon="131.9877745">
      <ele>136.942</ele>
    </trkpt>
    <trkpt lat="-14.1072293" lon="131.9877987">
      <ele>132.027</ele>
    </trkpt>
    <trkpt lat="-14.1076488" lon="131.9878293">
      <ele>134.257</ele>
    </trkpt>
    <trkpt lat="-14.1080862" lon="131.98787">
      <ele>136.89</ele>
    </trkpt>
    <trkpt lat="-14.1086265" lon="131.9879309">
      <ele>135.055</ele>
    </trkpt>
    <trkpt lat="-14.1091312" lon="131.9880033">
      <ele>137.581</ele>
    </trkpt>
    <trkpt lat="-14.1103971" lon="131.9882242">
      <ele>139.654</ele>
    </trkpt>
    <trkpt lat="-14.1106936" lon="131.9882894">
      <ele>139.66</ele>
    </trkpt>
    <trkpt lat="-14.1108651" lon="131.9883272">
      <ele>139.044</ele>
    </trkpt>
    <trkpt lat="-14.1108696" lon="131.9883282">
      <ele>139.037</ele>
    </trkpt>
    <trkpt lat="-14.1110456" lon="131.9883668">
      <ele>139.12</ele>
    </trkpt>
    <trkpt lat="-14.1110791" lon="131.9883742">
      <ele>139.147</ele>
    </trkpt>
    <trkpt lat="-14.1119782" lon="131.9886195">
      <ele>138.365</ele>
    </trkpt>
    <trkpt lat="-14.1127091" lon="131.9888483">
      <ele>143.249</ele>
    </trkpt>
    <trkpt lat="-14.1134569" lon="131.9891122">
      <ele>146.445</ele>
    </trkpt>
    <trkpt lat="-14.1135336" lon="131.9891391">
      <ele>146.721</ele>
    </trkpt>
    <trkpt lat="-14.1142557" lon="131.989418">
      <ele>147.775</ele>
    </trkpt>
    <trkpt lat="-14.1149469" lon="131.9897248">
      <ele>149.627</ele>
    </trkpt>
    <trkpt lat="-14.1152163" lon="131.9898484">
      <ele>149.676</ele>
    </trkpt>
    <trkpt lat="-14.116698" lon="131.9906219">
      <ele>152.887</ele>
    </trkpt>
    <trkpt lat="-14.1181378" lon="131.9914429">
      <ele>153.567</ele>
    </trkpt>
    <trkpt lat="-14.118927" lon="131.9918976">
      <ele>152.854</ele>
    </trkpt>
    <trkpt lat="-14.1192353" lon="131.9920715">
      <ele>153.823</ele>
    </trkpt>
    <trkpt lat="-14.1192385" lon="131.9920733">
      <ele>153.826</ele>
    </trkpt>
    <trkpt lat="-14.1193919" lon="131.9921627">
      <ele>153.471</ele>
    </trkpt>
    <trkpt lat="-14.1193951" lon="131.9921645">
      <ele>153.452</ele>
    </trkpt>
    <trkpt lat="-14.1195486" lon="131.9922538">
      <ele>152.554</ele>
    </trkpt>
    <trkpt lat="-14.119769" lon="131.992382">
      <ele>152.337</ele>
    </trkpt>
    <trkpt lat="-14.1204716" lon="131.9927761">
      <ele>153.998</ele>
    </trkpt>
    <trkpt lat="-14.1211217" lon="131.9931148">
      <ele>153.992</ele>
    </trkpt>
    <trkpt lat="-14.1217355" lon="131.9934082">
      <ele>152.302</ele>
    </trkpt>
    <trkpt lat="-14.1222486" lon="131.9936231">
      <ele>149.142</ele>
    </trkpt>
    <trkpt lat="-14.1224582" lon="131.993696">
      <ele>150.415</ele>
    </trkpt>
    <trkpt lat="-14.1226257" lon="131.9937759">
      <ele>152.092</ele>
    </trkpt>
    <trkpt lat="-14.1226278" lon="131.9937769">
      <ele>152.114</ele>
    </trkpt>
    <trkpt lat="-14.1226537" lon="131.9937873">
      <ele>152.375</ele>
    </trkpt>
    <trkpt lat="-14.1227929" lon="131.9938439">
      <ele>153.685</ele>
    </trkpt>
    <trkpt lat="-14.1229611" lon="131.9939081">
      <ele>154.069</ele>
    </trkpt>
    <trkpt lat="-14.123203" lon="131.9939985">
      <ele>153.542</ele>
    </trkpt>
    <trkpt lat="-14.1237729" lon="131.9941902">
      <ele>151.951</ele>
    </trkpt>
    <trkpt lat="-14.1239834" lon="131.9942587">
      <ele>151.669</ele>
    </trkpt>
    <trkpt lat="-14.1239857" lon="131.9942594">
      <ele>151.666</ele>
    </trkpt>
    <trkpt lat="-14.124156" lon="131.9943102">
      <ele>151.483</ele>
    </trkpt>
    <trkpt lat="-14.1241584" lon="131.9943109">
      <ele>151.481</ele>
    </trkpt>
    <trkpt lat="-14.1243288" lon="131.9943616">
      <ele>151.534</ele>
    </trkpt>
    <trkpt lat="-14.124431" lon="131.9943917">
      <ele>151.78</ele>
    </trkpt>
    <trkpt lat="-14.1250829" lon="131.9945736">
      <ele>148.194</ele>
    </trkpt>
    <trkpt lat="-14.1257163" lon="131.9947535">
      <ele>145.003</ele>
    </trkpt>
    <trkpt lat="-14.1257545" lon="131.9947637">
      <ele>144.759</ele>
    </trkpt>
    <trkpt lat="-14.1263399" lon="131.9949226">
      <ele>140.771</ele>
    </trkpt>
    <trkpt lat="-14.1267635" lon="131.9950343">
      <ele>142.247</ele>
    </trkpt>
    <trkpt lat="-14.1268727" lon="131.9950631">
      <ele>142.454</ele>
    </trkpt>
    <trkpt lat="-14.1269349" lon="131.9950795">
      <ele>142.572</ele>
    </trkpt>
    <trkpt lat="-14.1269377" lon="131.9950803">
      <ele>142.578</ele>
    </trkpt>
    <trkpt lat="-14.1273605" lon="131.9951968">
      <ele>141.356</ele>
    </trkpt>
    <trkpt lat="-14.127819" lon="131.9953241">
      <ele>140.895</ele>
    </trkpt>
    <trkpt lat="-14.128281" lon="131.9954506">
      <ele>139.739</ele>
    </trkpt>
    <trkpt lat="-14.1295248" lon="131.9957822">
      <ele>142.525</ele>
    </trkpt>
    <trkpt lat="-14.1304154" lon="131.9960187">
      <ele>145.828</ele>
    </trkpt>
    <trkpt lat="-14.1304178" lon="131.9960193">
      <ele>145.835</ele>
    </trkpt>
    <trkpt lat="-14.1305592" lon="131.9960571">
      <ele>146.192</ele>
    </trkpt>
    <trkpt lat="-14.1305895" lon="131.9960652">
      <ele>146.145</ele>
    </trkpt>
    <trkpt lat="-14.130592" lon="131.9960659">
      <ele>146.141</ele>
    </trkpt>
    <trkpt lat="-14.1309375" lon="131.9961621">
      <ele>144.699</ele>
    </trkpt>
    <trkpt lat="-14.1311107" lon="131.9962122">
      <ele>142.911</ele>
    </trkpt>
    <trkpt lat="-14.1315014" lon="131.9963235">
      <ele>140.066</ele>
    </trkpt>
    <trkpt lat="-14.1320923" lon="131.9964867">
      <ele>137.28</ele>
    </trkpt>
    <trkpt lat="-14.1327192" lon="131.9966547">
      <ele>136.043</ele>
    </trkpt>
    <trkpt lat="-14.1331957" lon="131.9967875">
      <ele>133.34</ele>
    </trkpt>
    <trkpt lat="-14.1331974" lon="131.996788">
      <ele>133.328</ele>
    </trkpt>
    <trkpt lat="-14.1332184" lon="131.9967942">
      <ele>133.178</ele>
    </trkpt>
    <trkpt lat="-14.1333692" lon="131.9968366">
      <ele>132.467</ele>
    </trkpt>
    <trkpt lat="-14.1333708" lon="131.996837">
      <ele>132.47</ele>
    </trkpt>
    <trkpt lat="-14.1336324" lon="131.9969074">
      <ele>133.087</ele>
    </trkpt>
    <trkpt lat="-14.1340653" lon="131.9970224">
      <ele>134.99</ele>
    </trkpt>
    <trkpt lat="-14.1340673" lon="131.997023">
      <ele>135.002</ele>
    </trkpt>
    <trkpt lat="-14.1342396" lon="131.9970711">
      <ele>135.401</ele>
    </trkpt>
    <trkpt lat="-14.1342409" lon="131.9970715">
      <ele>135.398</ele>
    </trkpt>
    <trkpt lat="-14.1343182" lon="131.9970941">
      <ele>135.21</ele>
    </trkpt>
    <trkpt lat="-14.1352067" lon="131.9973356">
      <ele>138.289</ele>
    </trkpt>
    <trkpt lat="-14.135491" lon="131.9974208">
      <ele>139.601</ele>
    </trkpt>
    <trkpt lat="-14.1364058" lon="131.9977341">
      <ele>144.019</ele>
    </trkpt>
    <trkpt lat="-14.1365958" lon="131.9977986">
      <ele>143.925</ele>
    </trkpt>
    <trkpt lat="-14.1368712" lon="131.9979021">
      <ele>142.487</ele>
    </trkpt>
    <trkpt lat="-14.1372472" lon="131.9980579">
      <ele>141.098</ele>
    </trkpt>
    <trkpt lat="-14.137249" lon="131.9980586">
      <ele>141.107</ele>
    </trkpt>
    <trkpt lat="-14.1374161" lon="131.9981276">
      <ele>141.957</ele>
    </trkpt>
    <trkpt lat="-14.1375831" lon="131.9981967">
      <ele>142.655</ele>
    </trkpt>
    <trkpt lat="-14.1375992" lon="131.9982034">
      <ele>142.699</ele>
    </trkpt>
    <trkpt lat="-14.1379914" lon="131.9983789">
      <ele>142.672</ele>
    </trkpt>
    <trkpt lat="-14.1382902" lon="131.9985206">
      <ele>141.376</ele>
    </trkpt>
    <trkpt lat="-14.1388901" lon="131.9988193">
      <ele>138.996</ele>
    </trkpt>
    <trkpt lat="-14.1389725" lon="131.9988603">
      <ele>138.699</ele>
    </trkpt>
    <trkpt lat="-14.1393457" lon="131.9990637">
      <ele>138.0</ele>
    </trkpt>
    <trkpt lat="-14.1396916" lon="131.9992674">
      <ele>138.0</ele>
    </trkpt>
    <trkpt lat="-14.1400467" lon="131.9994839">
      <ele>138.142</ele>
    </trkpt>
    <trkpt lat="-14.1404574" lon="131.9997381">
      <ele>139.057</ele>
    </trkpt>
    <trkpt lat="-14.1415337" lon="132.0004133">
      <ele>138.479</ele>
    </trkpt>
    <trkpt lat="-14.1421445" lon="132.0007995">
      <ele>137.28</ele>
    </trkpt>
    <trkpt lat="-14.1422929" lon="132.0008934">
      <ele>137.0</ele>
    </trkpt>
    <trkpt lat="-14.1422979" lon="132.0008966">
      <ele>137.0</ele>
    </trkpt>
    <trkpt lat="-14.1429289" lon="132.0012961">
      <ele>137.485</ele>
    </trkpt>
    <trkpt lat="-14.1432186" lon="132.0014784">
      <ele>135.635</ele>
    </trkpt>
    <trkpt lat="-14.143321" lon="132.0015428">
      <ele>134.912</ele>
    </trkpt>
    <trkpt lat="-14.1439696" lon="132.0019512">
      <ele>132.0</ele>
    </trkpt>
    <trkpt lat="-14.1439807" lon="132.0019582">
      <ele>132.0</ele>
    </trkpt>
    <trkpt lat="-14.1439865" lon="132.0019619">
      <ele>132.0</ele>
    </trkpt>
    <trkpt lat="-14.1441343" lon="132.0020547">
      <ele>132.0</ele>
    </trkpt>
    <trkpt lat="-14.1441404" lon="132.0020585">
      <ele>132.0</ele>
    </trkpt>
    <trkpt lat="-14.144294" lon="132.0021555">
      <ele>132.0</ele>
    </trkpt>
    <trkpt lat="-14.1447177" lon="132.002423">
      <ele>129.843</ele>
    </trkpt>
    <trkpt lat="-14.1470622" lon="132.0038909">
      <ele>122.594</ele>
    </trkpt>
    <trkpt lat="-14.1472078" lon="132.0039823">
      <ele>123.043</ele>
    </trkpt>
    <trkpt lat="-14.1472159" lon="132.0039873">
      <ele>123.078</ele>
    </trkpt>
    <trkpt lat="-14.1498312" lon="132.0056248">
      <ele>124.748</ele>
    </trkpt>
    <trkpt lat="-14.1498357" lon="132.0056276">
      <ele>124.778</ele>
    </trkpt>
    <trkpt lat="-14.1499752" lon="132.0057151">
      <ele>125.723</ele>
    </trkpt>
    <trkpt lat="-14.149985" lon="132.0057213">
      <ele>125.79</ele>
    </trkpt>
    <trkpt lat="-14.1517142" lon="132.0068062">
      <ele>125.085</ele>
    </trkpt>
    <trkpt lat="-14.1529227" lon="132.007565">
      <ele>124.712</ele>
    </trkpt>
    <trkpt lat="-14.153202" lon="132.0077399">
      <ele>124.792</ele>
    </trkpt>
    <trkpt lat="-14.1532138" lon="132.0077472">
      <ele>124.827</ele>
    </trkpt>
    <trkpt lat="-14.1533677" lon="132.0078433">
      <ele>125.124</ele>
    </trkpt>
    <trkpt lat="-14.154335" lon="132.0084477">
      <ele>127.18</ele>
    </trkpt>
    <trkpt lat="-14.1555209" lon="132.0091933">
      <ele>130.0</ele>
    </trkpt>
    <trkpt lat="-14.1558148" lon="132.009378">
      <ele>130.487</ele>
    </trkpt>
    <trkpt lat="-14.1558191" lon="132.0093807">
      <ele>130.513</ele>
    </trkpt>
    <trkpt lat="-14.1559677" lon="132.0094756">
      <ele>130.513</ele>
    </trkpt>
    <trkpt lat="-14.1559811" lon="132.0094842">
      <ele>130.477</ele>
    </trkpt>
    <trkpt lat="-14.1562941" lon="132.0096834">
      <ele>130.109</ele>
    </trkpt>
    <trkpt lat="-14.1564415" lon="132.0097753">
      <ele>128.931</ele>
    </trkpt>
    <trkpt lat="-14.1575015" lon="132.010436">
      <ele>124.0</ele>
    </trkpt>
    <trkpt lat="-14.1581213" lon="132.010836">
      <ele>123.01</ele>
    </trkpt>
    <trkpt lat="-14.1587614" lon="132.0112335">
      <ele>121.459</ele>
    </trkpt>
    <trkpt lat="-14.1589961" lon="132.0113815">
      <ele>120.99</ele>
    </trkpt>
    <trkpt lat="-14.1592828" lon="132.0115572">
      <ele>122.63</ele>
    </trkpt>
    <trkpt lat="-14.159509" lon="132.0116985">
      <ele>123.768</ele>
    </trkpt>
    <trkpt lat="-14.1598082" lon="132.0118856">
      <ele>123.0</ele>
    </trkpt>
    <trkpt lat="-14.1598931" lon="132.0119408">
      <ele>123.0</ele>
    </trkpt>
    <trkpt lat="-14.1600317" lon="132.0120242">
      <ele>122.886</ele>
    </trkpt>
    <trkpt lat="-14.1603657" lon="132.0122307">
      <ele>122.051</ele>
    </trkpt>
    <trkpt lat="-14.1607395" lon="132.0124493">
      <ele>122.697</ele>
    </trkpt>
    <trkpt lat="-14.160856" lon="132.0125206">
      <ele>122.912</ele>
    </trkpt>
    <trkpt lat="-14.161817" lon="132.0131548">
      <ele>120.387</ele>
    </trkpt>
    <trkpt lat="-14.1634357" lon="132.0141678">
      <ele>120.0</ele>
    </trkpt>
    <trkpt lat="-14.1652842" lon="132.0153292">
      <ele>119.769</ele>
    </trkpt>
    <trkpt lat="-14.1658223" lon="132.0156773">
      <ele>116.022</ele>
    </trkpt>
    <trkpt lat="-14.1665602" lon="132.0161361">
      <ele>118.582</ele>
    </trkpt>
    <trkpt lat="-14.167559" lon="132.0167639">
      <ele>118.063</ele>
    </trkpt>
    <trkpt lat="-14.1683825" lon="132.0172827">
      <ele>117.356</ele>
    </trkpt>
    <trkpt lat="-14.1686338" lon="132.0174384">
      <ele>117.936</ele>
    </trkpt>
    <trkpt lat="-14.1692448" lon="132.0178272">
      <ele>115.669</ele>
    </trkpt>
    <trkpt lat="-14.1692456" lon="132.0178277">
      <ele>115.665</ele>
    </trkpt>
    <trkpt lat="-14.1692578" lon="132.0178356">
      <ele>115.604</ele>
    </trkpt>
    <trkpt lat="-14.1693976" lon="132.0179266">
      <ele>114.723</ele>
    </trkpt>
    <trkpt lat="-14.1694099" lon="132.0179345">
      <ele>114.63</ele>
    </trkpt>
    <trkpt lat="-14.1695652" lon="132.0180346">
      <ele>114.075</ele>
    </trkpt>
    <trkpt lat="-14.1700957" lon="132.0183596">
      <ele>117.751</ele>
    </trkpt>
    <trkpt lat="-14.170537" lon="132.0186426">
      <ele>119.827</ele>
    </trkpt>
    <trkpt lat="-14.1708661" lon="132.0188462">
      <ele>119.407</ele>
    </trkpt>
    <trkpt lat="-14.1711092" lon="132.0190627">
      <ele>119.989</ele>
    </trkpt>
    <trkpt lat="-14.171131" lon="132.0191094">
      <ele>120.072</ele>
    </trkpt>
    <trkpt lat="-14.1711363" lon="132.0191219">
      <ele>120.091</ele>
    </trkpt>
    <trkpt lat="-14.1711422" lon="132.019131">
      <ele>120.112</ele>
    </trkpt>
    <trkpt lat="-14.1711522" lon="132.0191392">
      <ele>120.148</ele>
    </trkpt>
    <trkpt lat="-14.1711625" lon="132.0191469">
      <ele>120.185</ele>
    </trkpt>
    <trkpt lat="-14.1711856" lon="132.0191626">
      <ele>120.268</ele>
    </trkpt>
    <trkpt lat="-14.1715129" lon="132.0194016">
      <ele>119.708</ele>
    </trkpt>
    <trkpt lat="-14.1717667" lon="132.0195946">
      <ele>119.029</ele>
    </trkpt>
    <trkpt lat="-14.1717692" lon="132.0195965">
      <ele>119.035</ele>
    </trkpt>
    <trkpt lat="-14.172223" lon="132.0199482">
      <ele>119.0</ele>
    </trkpt>
    <trkpt lat="-14.1723816" lon="132.020083">
      <ele>118.701</ele>
    </trkpt>
    <trkpt lat="-14.1736112" lon="132.0212078">
      <ele>118.0</ele>
    </trkpt>
    <trkpt lat="-14.1740921" lon="132.0216884">
      <ele>119.768</ele>
    </trkpt>
    <trkpt lat="-14.174217" lon="132.0218216">
      <ele>120.638</ele>
    </trkpt>
    <trkpt lat="-14.1748835" lon="132.0225823">
      <ele>117.828</ele>
    </trkpt>
    <trkpt lat="-14.1756681" lon="132.0235635">
      <ele>112.829</ele>
    </trkpt>
    <trkpt lat="-14.1761161" lon="132.0241793">
      <ele>111.909</ele>
    </trkpt>
    <trkpt lat="-14.1763712" lon="132.0245534">
      <ele>110.025</ele>
    </trkpt>
    <trkpt lat="-14.1763737" lon="132.024557">
      <ele>110.022</ele>
    </trkpt>
    <trkpt lat="-14.1764698" lon="132.0247085">
      <ele>110.0</ele>
    </trkpt>
    <trkpt lat="-14.1770924" lon="132.0256895">
      <ele>111.343</ele>
    </trkpt>
    <trkpt lat="-14.1775689" lon="132.0264909">
      <ele>114.752</ele>
    </trkpt>
    <trkpt lat="-14.1780115" lon="132.0272657">
      <ele>113.685</ele>
    </trkpt>
    <trkpt lat="-14.1780703" lon="132.027371">
      <ele>113.595</ele>
    </trkpt>
    <trkpt lat="-14.1784321" lon="132.0280094">
      <ele>111.166</ele>
    </trkpt>
    <trkpt lat="-14.1784334" lon="132.0280116">
      <ele>111.158</ele>
    </trkpt>
    <trkpt lat="-14.1785245" lon="132.0281716">
      <ele>110.582</ele>
    </trkpt>
    <trkpt lat="-14.1787981" lon="132.0286513">
      <ele>109.0</ele>
    </trkpt>
    <trkpt lat="-14.1788508" lon="132.0287438">
      <ele>109.0</ele>
    </trkpt>
    <trkpt lat="-14.1791404" lon="132.0292408">
      <ele>109.242</ele>
    </trkpt>
    <trkpt lat="-14.1792649" lon="132.029444">
      <ele>109.999</ele>
    </trkpt>
    <trkpt lat="-14.179444" lon="132.0297363">
      <ele>109.002</ele>
    </trkpt>
    <trkpt lat="-14.1798537" lon="132.0303225">
      <ele>106.214</ele>
    </trkpt>
    <trkpt lat="-14.1804122" lon="132.0310712">
      <ele>105.09</ele>
    </trkpt>
    <trkpt lat="-14.1806363" lon="132.0313373">
      <ele>107.206</ele>
    </trkpt>
    <trkpt lat="-14.1809049" lon="132.031657">
      <ele>106.733</ele>
    </trkpt>
    <trkpt lat="-14.18137" lon="132.0321964">
      <ele>100.316</ele>
    </trkpt>
    <trkpt lat="-14.1816368" lon="132.0324663">
      <ele>100.892</ele>
    </trkpt>
    <trkpt lat="-14.1817537" lon="132.0325845">
      <ele>101.018</ele>
    </trkpt>
    <trkpt lat="-14.1817653" lon="132.0325961">
      <ele>101.018</ele>
    </trkpt>
    <trkpt lat="-14.1821474" lon="132.0329808">
      <ele>100.269</ele>
    </trkpt>
    <trkpt lat="-14.1824207" lon="132.0332309">
      <ele>97.752</ele>
    </trkpt>
    <trkpt lat="-14.1825843" lon="132.0333807">
      <ele>94.867</ele>
    </trkpt>
    <trkpt lat="-14.1826932" lon="132.033473">
      <ele>93.061</ele>
    </trkpt>
    <trkpt lat="-14.1828322" lon="132.0335907">
      <ele>91.133</ele>
    </trkpt>
    <trkpt lat="-14.1831213" lon="132.0338356">
      <ele>93.09</ele>
    </trkpt>
    <trkpt lat="-14.1836014" lon="132.0341983">
      <ele>96.969</ele>
    </trkpt>
    <trkpt lat="-14.1841086" lon="132.0345697">
      <ele>99.467</ele>
    </trkpt>
    <trkpt lat="-14.1841785" lon="132.0346194">
      <ele>100.043</ele>
    </trkpt>
    <trkpt lat="-14.1846339" lon="132.0349262">
      <ele>100.499</ele>
    </trkpt>
    <trkpt lat="-14.1848656" lon="132.0350649">
      <ele>100.0</ele>
    </trkpt>
    <trkpt lat="-14.1856246" lon="132.035498">
      <ele>102.834</ele>
    </trkpt>
    <trkpt lat="-14.1860913" lon="132.0357497">
      <ele>105.348</ele>
    </trkpt>
    <trkpt lat="-14.1871092" lon="132.0362245">
      <ele>105.241</ele>
    </trkpt>
    <trkpt lat="-14.1875705" lon="132.0364172">
      <ele>107.482</ele>
    </trkpt>
    <trkpt lat="-14.1888468" lon="132.036871">
      <ele>107.113</ele>
    </trkpt>
    <trkpt lat="-14.1895897" lon="132.0370775">
      <ele>107.728</ele>
    </trkpt>
    <trkpt lat="-14.1896038" lon="132.0370811">
      <ele>107.709</ele>
    </trkpt>
    <trkpt lat="-14.1899179" lon="132.0371622">
      <ele>109.345</ele>
    </trkpt>
    <trkpt lat="-14.190047" lon="132.0371906">
      <ele>110.319</ele>
    </trkpt>
    <trkpt lat="-14.1904539" lon="132.0372791">
      <ele>111.161</ele>
    </trkpt>
    <trkpt lat="-14.190682" lon="132.037324">
      <ele>110.345</ele>
    </trkpt>
    <trkpt lat="-14.1910966" lon="132.0374007">
      <ele>110.0</ele>
    </trkpt>
    <trkpt lat="-14.1917933" lon="132.0374931">
      <ele>111.456</ele>
    </trkpt>
    <trkpt lat="-14.1925923" lon="132.0375912">
      <ele>111.672</ele>
    </trkpt>
    <trkpt lat="-14.1926106" lon="132.0375933">
      <ele>111.664</ele>
    </trkpt>
    <trkpt lat="-14.1926268" lon="132.0375909">
      <ele>111.673</ele>
    </trkpt>
    <trkpt lat="-14.1926405" lon="132.0375863">
      <ele>111.689</ele>
    </trkpt>
    <trkpt lat="-14.1926502" lon="132.03758">
      <ele>111.712</ele>
    </trkpt>
    <trkpt lat="-14.1927172" lon="132.0375488">
      <ele>111.824</ele>
    </trkpt>
    <trkpt lat="-14.1930996" lon="132.0375888">
      <ele>113.209</ele>
    </trkpt>
    <trkpt lat="-14.194117" lon="132.0377039">
      <ele>117.952</ele>
    </trkpt>
    <trkpt lat="-14.1945047" lon="132.0377547">
      <ele>117.047</ele>
    </trkpt>
    <trkpt lat="-14.1946831" lon="132.0377781">
      <ele>117.001</ele>
    </trkpt>
    <trkpt lat="-14.1951469" lon="132.0378389">
      <ele>117.44</ele>
    </trkpt>
    <trkpt lat="-14.1953977" lon="132.0378633">
      <ele>117.184</ele>
    </trkpt>
    <trkpt lat="-14.1955129" lon="132.0378745">
      <ele>116.85</ele>
    </trkpt>
    <trkpt lat="-14.1956493" lon="132.0378878">
      <ele>116.455</ele>
    </trkpt>
    <trkpt lat="-14.1957558" lon="132.0378986">
      <ele>116.149</ele>
    </trkpt>
    <trkpt lat="-14.1959348" lon="132.0379167">
      <ele>115.635</ele>
    </trkpt>
    <trkpt lat="-14.1961138" lon="132.0379348">
      <ele>115.121</ele>
    </trkpt>
    <trkpt lat="-14.1966904" lon="132.0379932">
      <ele>113.842</ele>
    </trkpt>
    <trkpt lat="-14.1970089" lon="132.0380248">
      <ele>114.572</ele>
    </trkpt>
    <trkpt lat="-14.1970261" lon="132.0380265">
      <ele>114.528</ele>
    </trkpt>
    <trkpt lat="-14.1971879" lon="132.0380426">
      <ele>114.071</ele>
    </trkpt>
    <trkpt lat="-14.1972051" lon="132.0380443">
      <ele>114.019</ele>
    </trkpt>
    <trkpt lat="-14.197367" lon="132.0380604">
      <ele>114.043</ele>
    </trkpt>
    <trkpt lat="-14.1974657" lon="132.0380702">
      <ele>114.112</ele>
    </trkpt>
    <trkpt lat="-14.1978155" lon="132.0381001">
      <ele>113.046</ele>
    </trkpt>
    <trkpt lat="-14.1987427" lon="132.0381844">
      <ele>111.244</ele>
    </trkpt>
    <trkpt lat="-14.1991539" lon="132.0382315">
      <ele>110.396</ele>
    </trkpt>
    <trkpt lat="-14.1998008" lon="132.0383003">
      <ele>107.683</ele>
    </trkpt>
    <trkpt lat="-14.1998735" lon="132.0383081">
      <ele>107.406</ele>
    </trkpt>
    <trkpt lat="-14.1998907" lon="132.0383099">
      <ele>107.342</ele>
    </trkpt>
    <trkpt lat="-14.2009519" lon="132.0384239">
      <ele>107.813</ele>
    </trkpt>
    <trkpt lat="-14.2017033" lon="132.0384862">
      <ele>109.132</ele>
    </trkpt>
    <trkpt lat="-14.2024598" lon="132.0385553">
      <ele>108.461</ele>
    </trkpt>
    <trkpt lat="-14.203397" lon="132.0386396">
      <ele>107.182</ele>
    </trkpt>
    <trkpt lat="-14.2039939" lon="132.0386849">
      <ele>105.787</ele>
    </trkpt>
    <trkpt lat="-14.2040112" lon="132.0386862">
      <ele>105.711</ele>
    </trkpt>
    <trkpt lat="-14.2041733" lon="132.0386985">
      <ele>104.961</ele>
    </trkpt>
    <trkpt lat="-14.2042908" lon="132.0387074">
      <ele>104.243</ele>
    </trkpt>
    <trkpt lat="-14.2048917" lon="132.0387383">
      <ele>104.483</ele>
    </trkpt>
    <trkpt lat="-14.204909" lon="132.0387392">
      <ele>104.574</ele>
    </trkpt>
    <trkpt lat="-14.2051244" lon="132.0387503">
      <ele>105.446</ele>
    </trkpt>
    <trkpt lat="-14.2054302" lon="132.0387738">
      <ele>106.15</ele>
    </trkpt>
    <trkpt lat="-14.2061355" lon="132.038828">
      <ele>109.888</ele>
    </trkpt>
    <trkpt lat="-14.2074028" lon="132.0389315">
      <ele>114.793</ele>
    </trkpt>
    <trkpt lat="-14.20742" lon="132.0389329">
      <ele>114.796</ele>
    </trkpt>
    <trkpt lat="-14.2075821" lon="132.0389462">
      <ele>114.498</ele>
    </trkpt>
    <trkpt lat="-14.2075993" lon="132.0389476">
      <ele>114.431</ele>
    </trkpt>
    <trkpt lat="-14.2090837" lon="132.0390689">
      <ele>114.597</ele>
    </trkpt>
    <trkpt lat="-14.2101072" lon="132.0391478">
      <ele>114.386</ele>
    </trkpt>
    <trkpt lat="-14.2109849" lon="132.0392152">
      <ele>114.095</ele>
    </trkpt>
    <trkpt lat="-14.2125082" lon="132.0393216">
      <ele>115.97</ele>
    </trkpt>
    <trkpt lat="-14.2135012" lon="132.0394005">
      <ele>114.842</ele>
    </trkpt>
    <trkpt lat="-14.2136805" lon="132.0394148">
      <ele>114.893</ele>
    </trkpt>
    <trkpt lat="-14.2138598" lon="132.039429">
      <ele>114.944</ele>
    </trkpt>
    <trkpt lat="-14.2138771" lon="132.0394304">
      <ele>114.949</ele>
    </trkpt>
    <trkpt lat="-14.214004" lon="132.0394405">
      <ele>115.394</ele>
    </trkpt>
    <trkpt lat="-14.2140392" lon="132.0394431">
      <ele>115.534</ele>
    </trkpt>
    <trkpt lat="-14.2170392" lon="132.0396676">
      <ele>121.866</ele>
    </trkpt>
    <trkpt lat="-14.2193797" lon="132.0398458">
      <ele>124.237</ele>
    </trkpt>
    <trkpt lat="-14.2209087" lon="132.039967">
      <ele>130.119</ele>
    </trkpt>
    <trkpt lat="-14.2212143" lon="132.0399881">
      <ele>130.027</ele>
    </trkpt>
    <trkpt lat="-14.2212315" lon="132.0399893">
      <ele>130.022</ele>
    </trkpt>
    <trkpt lat="-14.2213937" lon="132.0400005">
      <ele>130.0</ele>
    </trkpt>
    <trkpt lat="-14.221411" lon="132.0400017">
      <ele>130.0</ele>
    </trkpt>
    <trkpt lat="-14.2220522" lon="132.040046">
      <ele>130.0</ele>
    </trkpt>
    <trkpt lat="-14.2231" lon="132.040125">
      <ele>126.378</ele>
    </trkpt>
    <trkpt lat="-14.2243851" lon="132.040218">
      <ele>127.359</ele>
    </trkpt>
    <trkpt lat="-14.2248024" lon="132.0402524">
      <ele>129.909</ele>
    </trkpt>
    <trkpt lat="-14.2249817" lon="132.0402672">
      <ele>129.962</ele>
    </trkpt>
    <trkpt lat="-14.2249989" lon="132.0402686">
      <ele>129.967</ele>
    </trkpt>
    <trkpt lat="-14.2262272" lon="132.04037">
      <ele>125.389</ele>
    </trkpt>
    <trkpt lat="-14.2272316" lon="132.0404506">
      <ele>127.291</ele>
    </trkpt>
    <trkpt lat="-14.2275374" lon="132.0404883">
      <ele>128.758</ele>
    </trkpt>
    <trkpt lat="-14.2279787" lon="132.0405503">
      <ele>128.258</ele>
    </trkpt>
    <trkpt lat="-14.2284882" lon="132.0406355">
      <ele>128.448</ele>
    </trkpt>
    <trkpt lat="-14.22886" lon="132.0407125">
      <ele>129.52</ele>
    </trkpt>
    <trkpt lat="-14.2294064" lon="132.0408224">
      <ele>130.0</ele>
    </trkpt>
    <trkpt lat="-14.2298166" lon="132.0409271">
      <ele>130.792</ele>
    </trkpt>
    <trkpt lat="-14.2303442" lon="132.0410654">
      <ele>133.392</ele>
    </trkpt>
    <trkpt lat="-14.2307023" lon="132.0411619">
      <ele>132.655</ele>
    </trkpt>
    <trkpt lat="-14.2311733" lon="132.0413196">
      <ele>132.974</ele>
    </trkpt>
    <trkpt lat="-14.2311903" lon="132.0413256">
      <ele>133.057</ele>
    </trkpt>
    <trkpt lat="-14.2319064" lon="132.0415787">
      <ele>131.591</ele>
    </trkpt>
    <trkpt lat="-14.2322718" lon="132.0417164">
      <ele>128.853</ele>
    </trkpt>
    <trkpt lat="-14.2326295" lon="132.0418794">
      <ele>129.123</ele>
    </trkpt>
    <trkpt lat="-14.2333372" lon="132.0421941">
      <ele>130.874</ele>
    </trkpt>
    <trkpt lat="-14.2335318" lon="132.0422809">
      <ele>129.511</ele>
    </trkpt>
    <trkpt lat="-14.2338929" lon="132.0424842">
      <ele>125.971</ele>
    </trkpt>
    <trkpt lat="-14.2343086" lon="132.0427085">
      <ele>124.127</ele>
    </trkpt>
    <trkpt lat="-14.2343239" lon="132.0427168">
      <ele>124.124</ele>
    </trkpt>
    <trkpt lat="-14.234468" lon="132.0427945">
      <ele>124.17</ele>
    </trkpt>
    <trkpt lat="-14.2344833" lon="132.0428028">
      <ele>124.28</ele>
    </trkpt>
    <trkpt lat="-14.2347247" lon="132.042933">
      <ele>126.014</ele>
    </trkpt>
    <trkpt lat="-14.2354435" lon="132.0433748">
      <ele>130.149</ele>
    </trkpt>
    <trkpt lat="-14.236051" lon="132.0437859">
      <ele>130.864</ele>
    </trkpt>
    <trkpt lat="-14.2363021" lon="132.0439653">
      <ele>132.272</ele>
    </trkpt>
    <trkpt lat="-14.23645" lon="132.0440709">
      <ele>132.345</ele>
    </trkpt>
    <trkpt lat="-14.2365536" lon="132.0441449">
      <ele>132.078</ele>
    </trkpt>
    <trkpt lat="-14.2368963" lon="132.0444033">
      <ele>133.531</ele>
    </trkpt>
    <trkpt lat="-14.2374005" lon="132.0448158">
      <ele>136.209</ele>
    </trkpt>
    <trkpt lat="-14.2377525" lon="132.0451155">
      <ele>133.6</ele>
    </trkpt>
    <trkpt lat="-14.2383134" lon="132.0456257">
      <ele>137.072</ele>
    </trkpt>
    <trkpt lat="-14.2387673" lon="132.0460757">
      <ele>136.745</ele>
    </trkpt>
    <trkpt lat="-14.2393649" lon="132.0466863">
      <ele>138.879</ele>
    </trkpt>
    <trkpt lat="-14.2395533" lon="132.0468832">
      <ele>137.355</ele>
    </trkpt>
    <trkpt lat="-14.2395654" lon="132.0468959">
      <ele>137.273</ele>
    </trkpt>
    <trkpt lat="-14.2396797" lon="132.0470152">
      <ele>136.745</ele>
    </trkpt>
    <trkpt lat="-14.24" lon="132.0473499">
      <ele>136.919</ele>
    </trkpt>
    <trkpt lat="-14.2412136" lon="132.0485817">
      <ele>149.302</ele>
    </trkpt>
    <trkpt lat="-14.2413418" lon="132.0487119">
      <ele>150.556</ele>
    </trkpt>
    <trkpt lat="-14.24147" lon="132.048842">
      <ele>151.469</ele>
    </trkpt>
    <trkpt lat="-14.2414824" lon="132.0488545">
      <ele>151.499</ele>
    </trkpt>
    <trkpt lat="-14.2422393" lon="132.0496229">
      <ele>153.296</ele>
    </trkpt>
    <trkpt lat="-14.2422517" lon="132.0496354">
      <ele>153.206</ele>
    </trkpt>
    <trkpt lat="-14.2423675" lon="132.049753">
      <ele>152.371</ele>
    </trkpt>
    <trkpt lat="-14.2423799" lon="132.0497655">
      <ele>152.298</ele>
    </trkpt>
    <trkpt lat="-14.242624" lon="132.0500133">
      <ele>151.995</ele>
    </trkpt>
    <trkpt lat="-14.2449318" lon="132.0523559">
      <ele>154.844</ele>
    </trkpt>
    <trkpt lat="-14.24506" lon="132.0524861">
      <ele>156.127</ele>
    </trkpt>
    <trkpt lat="-14.2450723" lon="132.0524986">
      <ele>156.252</ele>
    </trkpt>
    <trkpt lat="-14.2451882" lon="132.0526162">
      <ele>156.812</ele>
    </trkpt>
    <trkpt lat="-14.2452006" lon="132.0526287">
      <ele>156.851</ele>
    </trkpt>
    <trkpt lat="-14.2469562" lon="132.0544109">
      <ele>162.042</ele>
    </trkpt>
    <trkpt lat="-14.246983" lon="132.0544385">
      <ele>162.139</ele>
    </trkpt>
    <trkpt lat="-14.2471104" lon="132.0545695">
      <ele>162.866</ele>
    </trkpt>
    <trkpt lat="-14.2471226" lon="132.0545821">
      <ele>162.959</ele>
    </trkpt>
    <trkpt lat="-14.24725" lon="132.0547132">
      <ele>163.968</ele>
    </trkpt>
    <trkpt lat="-14.2474711" lon="132.0549405">
      <ele>164.786</ele>
    </trkpt>
    <trkpt lat="-14.2474926" lon="132.0549625">
      <ele>164.865</ele>
    </trkpt>
    <trkpt lat="-14.2478918" lon="132.0553712">
      <ele>165.198</ele>
    </trkpt>
    <trkpt lat="-14.2482606" lon="132.0557447">
      <ele>165.503</ele>
    </trkpt>
    <trkpt lat="-14.2483312" lon="132.0558163">
      <ele>165.931</ele>
    </trkpt>
    <trkpt lat="-14.2483895" lon="132.0558742">
      <ele>166.117</ele>
    </trkpt>
    <trkpt lat="-14.2484019" lon="132.0558865">
      <ele>166.144</ele>
    </trkpt>
    <trkpt lat="-14.248519" lon="132.0560029">
      <ele>166.202</ele>
    </trkpt>
    <trkpt lat="-14.2485315" lon="132.0560153">
      <ele>166.188</ele>
    </trkpt>
    <trkpt lat="-14.2486611" lon="132.0561439">
      <ele>165.799</ele>
    </trkpt>
    <trkpt lat="-14.2486892" lon="132.0561719">
      <ele>165.657</ele>
    </trkpt>
    <trkpt lat="-14.2487755" lon="132.056263">
      <ele>165.085</ele>
    </trkpt>
    <trkpt lat="-14.2492472" lon="132.0567607">
      <ele>165.098</ele>
    </trkpt>
    <trkpt lat="-14.2496478" lon="132.0571499">
      <ele>165.07</ele>
    </trkpt>
    <trkpt lat="-14.2499996" lon="132.0574948">
      <ele>163.02</ele>
    </trkpt>
    <trkpt lat="-14.25036" lon="132.057839">
      <ele>166.531</ele>
    </trkpt>
    <trkpt lat="-14.251052" lon="132.058496">
      <ele>165.539</ele>
    </trkpt>
    <trkpt lat="-14.2512569" lon="132.0586864">
      <ele>164.475</ele>
    </trkpt>
    <trkpt lat="-14.2515834" lon="132.0589899">
      <ele>162.963</ele>
    </trkpt>
    <trkpt lat="-14.2516732" lon="132.0590678">
      <ele>162.652</ele>
    </trkpt>
    <trkpt lat="-14.2517977" lon="132.0591758">
      <ele>163.016</ele>
    </trkpt>
    <trkpt lat="-14.2518109" lon="132.0591873">
      <ele>163.039</ele>
    </trkpt>
    <trkpt lat="-14.2519354" lon="132.0592952">
      <ele>163.448</ele>
    </trkpt>
    <trkpt lat="-14.252033" lon="132.0593799">
      <ele>163.842</ele>
    </trkpt>
    <trkpt lat="-14.252634" lon="132.0598992">
      <ele>165.934</ele>
    </trkpt>
    <trkpt lat="-14.2532406" lon="132.0604119">
      <ele>163.357</ele>
    </trkpt>
    <trkpt lat="-14.2534604" lon="132.0605956">
      <ele>161.934</ele>
    </trkpt>
    <trkpt lat="-14.2537404" lon="132.0608297">
      <ele>160.554</ele>
    </trkpt>
    <trkpt lat="-14.2540734" lon="132.061111">
      <ele>157.336</ele>
    </trkpt>
    <trkpt lat="-14.2543569" lon="132.0613287">
      <ele>157.685</ele>
    </trkpt>
    <trkpt lat="-14.2547808" lon="132.0616587">
      <ele>156.818</ele>
    </trkpt>
    <trkpt lat="-14.2550231" lon="132.061847">
      <ele>155.351</ele>
    </trkpt>
    <trkpt lat="-14.2550369" lon="132.0618577">
      <ele>155.312</ele>
    </trkpt>
    <trkpt lat="-14.2551495" lon="132.0619453">
      <ele>155.0</ele>
    </trkpt>
    <trkpt lat="-14.2551669" lon="132.0619584">
      <ele>155.0</ele>
    </trkpt>
    <trkpt lat="-14.2553125" lon="132.0620674">
      <ele>155.0</ele>
    </trkpt>
    <trkpt lat="-14.2555573" lon="132.0622509">
      <ele>155.201</ele>
    </trkpt>
    <trkpt lat="-14.256309" lon="132.0628049">
      <ele>160.098</ele>
    </trkpt>
    <trkpt lat="-14.2568625" lon="132.0631887">
      <ele>159.957</ele>
    </trkpt>
    <trkpt lat="-14.2569328" lon="132.0632385">
      <ele>159.411</ele>
    </trkpt>
    <trkpt lat="-14.2570811" lon="132.0633435">
      <ele>158.034</ele>
    </trkpt>
    <trkpt lat="-14.2572294" lon="132.0634485">
      <ele>157.389</ele>
    </trkpt>
    <trkpt lat="-14.2572436" lon="132.0634586">
      <ele>157.374</ele>
    </trkpt>
    <trkpt lat="-14.2573776" lon="132.0635536">
      <ele>157.234</ele>
    </trkpt>
    <trkpt lat="-14.2573919" lon="132.0635637">
      <ele>157.218</ele>
    </trkpt>
    <trkpt lat="-14.2574668" lon="132.0636168">
      <ele>157.158</ele>
    </trkpt>
    <trkpt lat="-14.2581582" lon="132.0640803">
      <ele>155.507</ele>
    </trkpt>
    <trkpt lat="-14.2587587" lon="132.0644747">
      <ele>154.52</ele>
    </trkpt>
    <trkpt lat="-14.2589783" lon="132.0646089">
      <ele>153.678</ele>
    </trkpt>
    <trkpt lat="-14.259298" lon="132.0648059">
      <ele>153.301</ele>
    </trkpt>
    <trkpt lat="-14.2595229" lon="132.0649518">
      <ele>153.593</ele>
    </trkpt>
    <trkpt lat="-14.2596613" lon="132.065035">
      <ele>153.121</ele>
    </trkpt>
    <trkpt lat="-14.2596712" lon="132.0650409">
      <ele>153.063</ele>
    </trkpt>
    <trkpt lat="-14.2596762" lon="132.065044">
      <ele>153.034</ele>
    </trkpt>
    <trkpt lat="-14.2602574" lon="132.0654012">
      <ele>152.515</ele>
    </trkpt>
    <trkpt lat="-14.2606984" lon="132.0656676">
      <ele>151.597</ele>
    </trkpt>
    <trkpt lat="-14.2609413" lon="132.0658112">
      <ele>151.049</ele>
    </trkpt>
    <trkpt lat="-14.2612346" lon="132.0659699">
      <ele>151.718</ele>
    </trkpt>
    <trkpt lat="-14.2615232" lon="132.0661526">
      <ele>153.271</ele>
    </trkpt>
    <trkpt lat="-14.2621398" lon="132.0665039">
      <ele>156.535</ele>
    </trkpt>
    <trkpt lat="-14.2630404" lon="132.0669929">
      <ele>159.726</ele>
    </trkpt>
    <trkpt lat="-14.2638617" lon="132.0674071">
      <ele>162.503</ele>
    </trkpt>
    <trkpt lat="-14.2644285" lon="132.0676727">
      <ele>164.978</ele>
    </trkpt>
    <trkpt lat="-14.2645922" lon="132.0677495">
      <ele>165.054</ele>
    </trkpt>
    <trkpt lat="-14.264624" lon="132.0677644">
      <ele>165.031</ele>
    </trkpt>
    <trkpt lat="-14.2653062" lon="132.068072">
      <ele>167.988</ele>
    </trkpt>
    <trkpt lat="-14.2660743" lon="132.0684213">
      <ele>167.867</ele>
    </trkpt>
    <trkpt lat="-14.2662084" lon="132.0684823">
      <ele>168.35</ele>
    </trkpt>
    <trkpt lat="-14.2662391" lon="132.0684956">
      <ele>168.461</ele>
    </trkpt>
    <trkpt lat="-14.2671429" lon="132.0688864">
      <ele>168.286</ele>
    </trkpt>
    <trkpt lat="-14.267568" lon="132.069065">
      <ele>166.845</ele>
    </trkpt>
    <trkpt lat="-14.2680774" lon="132.0692791">
      <ele>165.921</ele>
    </trkpt>
    <trkpt lat="-14.2690016" lon="132.0696341">
      <ele>160.811</ele>
    </trkpt>
    <trkpt lat="-14.2699896" lon="132.0699891">
      <ele>159.036</ele>
    </trkpt>
    <trkpt lat="-14.2700993" lon="132.0700267">
      <ele>159.0</ele>
    </trkpt>
    <trkpt lat="-14.2707338" lon="132.0702441">
      <ele>158.879</ele>
    </trkpt>
    <trkpt lat="-14.27189" lon="132.0706351">
      <ele>160.804</ele>
    </trkpt>
    <trkpt lat="-14.2729" lon="132.0709349">
      <ele>160.839</ele>
    </trkpt>
    <trkpt lat="-14.273017" lon="132.0709683">
      <ele>160.582</ele>
    </trkpt>
    <trkpt lat="-14.2731903" lon="132.0710178">
      <ele>160.495</ele>
    </trkpt>
    <trkpt lat="-14.273956" lon="132.0712364">
      <ele>158.318</ele>
    </trkpt>
    <trkpt lat="-14.2747586" lon="132.0714446">
      <ele>158.826</ele>
    </trkpt>
    <trkpt lat="-14.2749601" lon="132.0714932">
      <ele>158.946</ele>
    </trkpt>
    <trkpt lat="-14.2755989" lon="132.071644">
      <ele>155.926</ele>
    </trkpt>
    <trkpt lat="-14.2762658" lon="132.0717878">
      <ele>154.557</ele>
    </trkpt>
    <trkpt lat="-14.2771501" lon="132.0719771">
      <ele>153.26</ele>
    </trkpt>
    <trkpt lat="-14.2772199" lon="132.0719927">
      <ele>153.008</ele>
    </trkpt>
    <trkpt lat="-14.2773957" lon="132.072032">
      <ele>154.249</ele>
    </trkpt>
    <trkpt lat="-14.2775715" lon="132.0720713">
      <ele>155.492</ele>
    </trkpt>
    <trkpt lat="-14.2780327" lon="132.0721743">
      <ele>156.896</ele>
    </trkpt>
    <trkpt lat="-14.2793902" lon="132.0724662">
      <ele>158.976</ele>
    </trkpt>
    <trkpt lat="-14.2804282" lon="132.0726941">
      <ele>154.92</ele>
    </trkpt>
    <trkpt lat="-14.2805633" lon="132.0727225">
      <ele>155.823</ele>
    </trkpt>
    <trkpt lat="-14.2807396" lon="132.0727596">
      <ele>156.554</ele>
    </trkpt>
    <trkpt lat="-14.2815071" lon="132.0729212">
      <ele>158.426</ele>
    </trkpt>
    <trkpt lat="-14.2817969" lon="132.0729827">
      <ele>159.592</ele>
    </trkpt>
    <trkpt lat="-14.281973" lon="132.0730201">
      <ele>160.23</ele>
    </trkpt>
    <trkpt lat="-14.2824695" lon="132.0731254">
      <ele>161.0</ele>
    </trkpt>
    <trkpt lat="-14.2831754" lon="132.0732841">
      <ele>163.899</ele>
    </trkpt>
    <trkpt lat="-14.2841005" lon="132.0735207">
      <ele>166.95</ele>
    </trkpt>
    <trkpt lat="-14.2847129" lon="132.0737065">
      <ele>169.646</ele>
    </trkpt>
    <trkpt lat="-14.2858125" lon="132.0740763">
      <ele>171.725</ele>
    </trkpt>
    <trkpt lat="-14.2865791" lon="132.0743823">
      <ele>171.407</ele>
    </trkpt>
    <trkpt lat="-14.286639" lon="132.0744062">
      <ele>171.062</ele>
    </trkpt>
    <trkpt lat="-14.2873309" lon="132.0747072">
      <ele>168.609</ele>
    </trkpt>
    <trkpt lat="-14.2878718" lon="132.0749603">
      <ele>167.662</ele>
    </trkpt>
    <trkpt lat="-14.2885686" lon="132.0753203">
      <ele>164.283</ele>
    </trkpt>
    <trkpt lat="-14.2888589" lon="132.075482">
      <ele>164.735</ele>
    </trkpt>
    <trkpt lat="-14.2890171" lon="132.0755702">
      <ele>164.534</ele>
    </trkpt>
    <trkpt lat="-14.2891203" lon="132.0756277">
      <ele>164.34</ele>
    </trkpt>
    <trkpt lat="-14.2896959" lon="132.0759752">
      <ele>167.81</ele>
    </trkpt>
    <trkpt lat="-14.2901094" lon="132.0762259">
      <ele>168.788</ele>
    </trkpt>
    <trkpt lat="-14.290723" lon="132.0766422">
      <ele>171.088</ele>
    </trkpt>
    <trkpt lat="-14.2911524" lon="132.0769449">
      <ele>172.001</ele>
    </trkpt>
    <trkpt lat="-14.291288" lon="132.0770405">
      <ele>172.126</ele>
    </trkpt>
    <trkpt lat="-14.2913003" lon="132.0770504">
      <ele>172.122</ele>
    </trkpt>
    <trkpt lat="-14.2925413" lon="132.0780792">
      <ele>166.788</ele>
    </trkpt>
    <trkpt lat="-14.2930418" lon="132.0785322">
      <ele>164.78</ele>
    </trkpt>
    <trkpt lat="-14.2935071" lon="132.0789693">
      <ele>164.93</ele>
    </trkpt>
    <trkpt lat="-14.2939784" lon="132.0794297">
      <ele>164.0</ele>
    </trkpt>
    <trkpt lat="-14.2942122" lon="132.0796833">
      <ele>164.164</ele>
    </trkpt>
    <trkpt lat="-14.2946909" lon="132.0802174">
      <ele>164.113</ele>
    </trkpt>
    <trkpt lat="-14.2951655" lon="132.0807754">
      <ele>163.528</ele>
    </trkpt>
    <trkpt lat="-14.2955243" lon="132.0812385">
      <ele>160.173</ele>
    </trkpt>
    <trkpt lat="-14.2955813" lon="132.0813121">
      <ele>160.093</ele>
    </trkpt>
    <trkpt lat="-14.2959776" lon="132.0818535">
      <ele>163.022</ele>
    </trkpt>
    <trkpt lat="-14.2960666" lon="132.0819788">
      <ele>163.944</ele>
    </trkpt>
    <trkpt lat="-14.2961729" lon="132.0821285">
      <ele>164.365</ele>
    </trkpt>
    <trkpt lat="-14.2963473" lon="132.082374">
      <ele>164.614</ele>
    </trkpt>
    <trkpt lat="-14.2968782" lon="132.0832042">
      <ele>166.535</ele>
    </trkpt>
    <trkpt lat="-14.2971359" lon="132.0836263">
      <ele>169.038</ele>
    </trkpt>
    <trkpt lat="-14.2975925" lon="132.0844346">
      <ele>173.298</ele>
    </trkpt>
    <trkpt lat="-14.2977066" lon="132.0846392">
      <ele>174.966</ele>
    </trkpt>
    <trkpt lat="-14.2980026" lon="132.0851703">
      <ele>177.074</ele>
    </trkpt>
    <trkpt lat="-14.2983192" lon="132.0857645">
      <ele>176.184</ele>
    </trkpt>
    <trkpt lat="-14.2984997" lon="132.0860954">
      <ele>178.52</ele>
    </trkpt>
    <trkpt lat="-14.2985879" lon="132.0862572">
      <ele>179.442</ele>
    </trkpt>
    <trkpt lat="-14.2986705" lon="132.0864085">
      <ele>179.786</ele>
    </trkpt>
    <trkpt lat="-14.2988543" lon="132.0867414">
      <ele>179.36</ele>
    </trkpt>
    <trkpt lat="-14.2994046" lon="132.0877385">
      <ele>182.98</ele>
    </trkpt>
    <trkpt lat="-14.3000398" lon="132.0889002">
      <ele>185.0</ele>
    </trkpt>
    <trkpt lat="-14.3005838" lon="132.0899159">
      <ele>183.525</ele>
    </trkpt>
    <trkpt lat="-14.3009289" lon="132.0905712">
      <ele>184.749</ele>
    </trkpt>
    <trkpt lat="-14.301073" lon="132.0907973">
      <ele>185.127</ele>
    </trkpt>
    <trkpt lat="-14.3012858" lon="132.0911531">
      <ele>185.617</ele>
    </trkpt>
    <trkpt lat="-14.3015356" lon="132.0915521">
      <ele>187.37</ele>
    </trkpt>
    <trkpt lat="-14.3016929" lon="132.0917984">
      <ele>188.285</ele>
    </trkpt>
    <trkpt lat="-14.3019495" lon="132.0922843">
      <ele>187.191</ele>
    </trkpt>
    <trkpt lat="-14.3022914" lon="132.0929209">
      <ele>187.249</ele>
    </trkpt>
    <trkpt lat="-14.3026921" lon="132.0935424">
      <ele>188.924</ele>
    </trkpt>
    <trkpt lat="-14.3030534" lon="132.0940525">
      <ele>189.995</ele>
    </trkpt>
    <trkpt lat="-14.303236" lon="132.0942946">
      <ele>189.539</ele>
    </trkpt>
    <trkpt lat="-14.3032382" lon="132.0942973">
      <ele>189.53</ele>
    </trkpt>
    <trkpt lat="-14.303348" lon="132.0944341">
      <ele>189.09</ele>
    </trkpt>
    <trkpt lat="-14.3035373" lon="132.0946584">
      <ele>189.169</ele>
    </trkpt>
    <trkpt lat="-14.3039788" lon="132.0951373">
      <ele>190.654</ele>
    </trkpt>
    <trkpt lat="-14.3042288" lon="132.095372">
      <ele>191.513</ele>
    </trkpt>
    <trkpt lat="-14.3043577" lon="132.0954931">
      <ele>191.07</ele>
    </trkpt>
    <trkpt lat="-14.3043617" lon="132.0954972">
      <ele>191.063</ele>
    </trkpt>
    <trkpt lat="-14.3044444" lon="132.0955821">
      <ele>190.904</ele>
    </trkpt>
    <trkpt lat="-14.3048692" lon="132.09595">
      <ele>189.358</ele>
    </trkpt>
    <trkpt lat="-14.305214" lon="132.0962223">
      <ele>187.908</ele>
    </trkpt>
    <trkpt lat="-14.3056202" lon="132.0965395">
      <ele>190.359</ele>
    </trkpt>
    <trkpt lat="-14.3056234" lon="132.0965419">
      <ele>190.379</ele>
    </trkpt>
    <trkpt lat="-14.3057552" lon="132.0966436">
      <ele>191.378</ele>
    </trkpt>
    <trkpt lat="-14.3057676" lon="132.0966529">
      <ele>191.489</ele>
    </trkpt>
    <trkpt lat="-14.3059017" lon="132.0967532">
      <ele>192.142</ele>
    </trkpt>
    <trkpt lat="-14.3059131" lon="132.096762">
      <ele>192.155</ele>
    </trkpt>
    <trkpt lat="-14.3060566" lon="132.0968739">
      <ele>192.542</ele>
    </trkpt>
    <trkpt lat="-14.3064189" lon="132.0971566">
      <ele>191.573</ele>
    </trkpt>
    <trkpt lat="-14.307076" lon="132.0976478">
      <ele>194.79</ele>
    </trkpt>
    <trkpt lat="-14.3074789" lon="132.0979558">
      <ele>199.157</ele>
    </trkpt>
    <trkpt lat="-14.3077218" lon="132.098141">
      <ele>199.692</ele>
    </trkpt>
    <trkpt lat="-14.3084377" lon="132.0987125">
      <ele>196.989</ele>
    </trkpt>
    <trkpt lat="-14.3084789" lon="132.0987452">
      <ele>196.959</ele>
    </trkpt>
    <trkpt lat="-14.3084796" lon="132.0987458">
      <ele>196.958</ele>
    </trkpt>
    <trkpt lat="-14.3086222" lon="132.0988582">
      <ele>196.854</ele>
    </trkpt>
    <trkpt lat="-14.3092214" lon="132.0993275">
      <ele>196.689</ele>
    </trkpt>
    <trkpt lat="-14.3094808" lon="132.0995324">
      <ele>194.786</ele>
    </trkpt>
    <trkpt lat="-14.3097645" lon="132.0997603">
      <ele>192.021</ele>
    </trkpt>
    <trkpt lat="-14.3097657" lon="132.0997613">
      <ele>192.022</ele>
    </trkpt>
    <trkpt lat="-14.3100506" lon="132.099986">
      <ele>193.141</ele>
    </trkpt>
    <trkpt lat="-14.3101949" lon="132.1000968">
      <ele>193.598</ele>
    </trkpt>
    <trkpt lat="-14.3107887" lon="132.1005672">
      <ele>190.112</ele>
    </trkpt>
    <trkpt lat="-14.311478" lon="132.1011162">
      <ele>185.685</ele>
    </trkpt>
    <trkpt lat="-14.3116212" lon="132.1012283">
      <ele>185.517</ele>
    </trkpt>
    <trkpt lat="-14.312906" lon="132.1022434">
      <ele>180.959</ele>
    </trkpt>
    <trkpt lat="-14.3130488" lon="132.1023562">
      <ele>180.988</ele>
    </trkpt>
    <trkpt lat="-14.3131923" lon="132.1024696">
      <ele>181.492</ele>
    </trkpt>
    <trkpt lat="-14.3133353" lon="132.1025823">
      <ele>181.704</ele>
    </trkpt>
    <trkpt lat="-14.313619" lon="132.1028053">
      <ele>180.779</ele>
    </trkpt>
    <trkpt lat="-14.3142154" lon="132.1032751">
      <ele>178.683</ele>
    </trkpt>
    <trkpt lat="-14.3153534" lon="132.1041988">
      <ele>171.812</ele>
    </trkpt>
    <trkpt lat="-14.315477" lon="132.1042941">
      <ele>171.413</ele>
    </trkpt>
    <trkpt lat="-14.3157737" lon="132.1045157">
      <ele>169.173</ele>
    </trkpt>
    <trkpt lat="-14.3161335" lon="132.1048059">
      <ele>167.618</ele>
    </trkpt>
    <trkpt lat="-14.3164216" lon="132.1050313">
      <ele>165.896</ele>
    </trkpt>
    <trkpt lat="-14.3164477" lon="132.1050578">
      <ele>165.832</ele>
    </trkpt>
    <trkpt lat="-14.3165775" lon="132.1051599">
      <ele>165.712</ele>
    </trkpt>
    <trkpt lat="-14.3167463" lon="132.1052957">
      <ele>166.065</ele>
    </trkpt>
    <trkpt lat="-14.3169092" lon="132.1054242">
      <ele>166.527</ele>
    </trkpt>
    <trkpt lat="-14.3170658" lon="132.1055408">
      <ele>166.947</ele>
    </trkpt>
    <trkpt lat="-14.3172619" lon="132.1056945">
      <ele>168.143</ele>
    </trkpt>
    <trkpt lat="-14.3174942" lon="132.1058693">
      <ele>170.238</ele>
    </trkpt>
    <trkpt lat="-14.3177431" lon="132.1060635">
      <ele>170.932</ele>
    </trkpt>
    <trkpt lat="-14.3179931" lon="132.1062633">
      <ele>169.45</ele>
    </trkpt>
    <trkpt lat="-14.3182015" lon="132.1064369">
      <ele>168.475</ele>
    </trkpt>
    <trkpt lat="-14.3184681" lon="132.1066412">
      <ele>167.515</ele>
    </trkpt>
    <trkpt lat="-14.3187824" lon="132.1068808">
      <ele>168.683</ele>
    </trkpt>
    <trkpt lat="-14.3189878" lon="132.107051">
      <ele>169.0</ele>
    </trkpt>
    <trkpt lat="-14.3191822" lon="132.1071989">
      <ele>169.056</ele>
    </trkpt>
    <trkpt lat="-14.3193127" lon="132.1073072">
      <ele>169.526</ele>
    </trkpt>
    <trkpt lat="-14.319446" lon="132.107415">
      <ele>170.0</ele>
    </trkpt>
    <trkpt lat="-14.319568" lon="132.1075064">
      <ele>169.977</ele>
    </trkpt>
    <trkpt lat="-14.3195715" lon="132.107509">
      <ele>169.968</ele>
    </trkpt>
    <trkpt lat="-14.3196682" lon="132.1075852">
      <ele>169.693</ele>
    </trkpt>
    <trkpt lat="-14.3197315" lon="132.1076345">
      <ele>169.532</ele>
    </trkpt>
    <trkpt lat="-14.3198459" lon="132.1077291">
      <ele>169.542</ele>
    </trkpt>
    <trkpt lat="-14.3199853" lon="132.1078374">
      <ele>169.958</ele>
    </trkpt>
    <trkpt lat="-14.3200768" lon="132.107914">
      <ele>170.136</ele>
    </trkpt>
    <trkpt lat="-14.3202235" lon="132.1080241">
      <ele>170.713</ele>
    </trkpt>
    <trkpt lat="-14.3203598" lon="132.1081284">
      <ele>171.295</ele>
    </trkpt>
    <trkpt lat="-14.3205454" lon="132.1082798">
      <ele>171.963</ele>
    </trkpt>
    <trkpt lat="-14.3206916" lon="132.1083922">
      <ele>172.768</ele>
    </trkpt>
    <trkpt lat="-14.3208373" lon="132.1085051">
      <ele>173.396</ele>
    </trkpt>
    <trkpt lat="-14.3209346" lon="132.1085816">
      <ele>173.471</ele>
    </trkpt>
    <trkpt lat="-14.3210403" lon="132.1086717">
      <ele>173.908</ele>
    </trkpt>
    <trkpt lat="-14.3212455" lon="132.1088291">
      <ele>175.164</ele>
    </trkpt>
    <trkpt lat="-14.3213652" lon="132.1089216">
      <ele>176.032</ele>
    </trkpt>
    <trkpt lat="-14.3215216" lon="132.1090406">
      <ele>176.807</ele>
    </trkpt>
    <trkpt lat="-14.3216627" lon="132.1091535">
      <ele>177.892</ele>
    </trkpt>
    <trkpt lat="-14.3217774" lon="132.1092472">
      <ele>178.174</ele>
    </trkpt>
    <trkpt lat="-14.3219119" lon="132.1093559">
      <ele>178.08</ele>
    </trkpt>
    <trkpt lat="-14.322055" lon="132.1094674">
      <ele>177.767</ele>
    </trkpt>
    <trkpt lat="-14.3221915" lon="132.1095816">
      <ele>178.098</ele>
    </trkpt>
    <trkpt lat="-14.3222783" lon="132.1096438">
      <ele>178.492</ele>
    </trkpt>
    <trkpt lat="-14.322283" lon="132.1096474">
      <ele>178.52</ele>
    </trkpt>
    <trkpt lat="-14.322381" lon="132.1097238">
      <ele>179.003</ele>
    </trkpt>
    <trkpt lat="-14.3226421" lon="132.1099235">
      <ele>179.865</ele>
    </trkpt>
    <trkpt lat="-14.3229399" lon="132.1101719">
      <ele>179.381</ele>
    </trkpt>
    <trkpt lat="-14.3230729" lon="132.1102748">
      <ele>179.073</ele>
    </trkpt>
    <trkpt lat="-14.3232765" lon="132.1104368">
      <ele>179.457</ele>
    </trkpt>
    <trkpt lat="-14.3234825" lon="132.1106031">
      <ele>179.0</ele>
    </trkpt>
    <trkpt lat="-14.3237113" lon="132.1107831">
      <ele>179.952</ele>
    </trkpt>
    <trkpt lat="-14.3238301" lon="132.1108816">
      <ele>181.886</ele>
    </trkpt>
    <trkpt lat="-14.3239212" lon="132.1109649">
      <ele>183.598</ele>
    </trkpt>
    <trkpt lat="-14.3239618" lon="132.1110033">
      <ele>184.2</ele>
    </trkpt>
    <trkpt lat="-14.324087" lon="132.1111151">
      <ele>185.703</ele>
    </trkpt>
    <trkpt lat="-14.3242075" lon="132.1112353">
      <ele>185.259</ele>
    </trkpt>
    <trkpt lat="-14.3243578" lon="132.1113988">
      <ele>183.577</ele>
    </trkpt>
    <trkpt lat="-14.3245427" lon="132.111606">
      <ele>181.865</ele>
    </trkpt>
    <trkpt lat="-14.3246715" lon="132.111768">
      <ele>180.818</ele>
    </trkpt>
    <trkpt lat="-14.324819" lon="132.1119458">
      <ele>179.648</ele>
    </trkpt>
    <trkpt lat="-14.324987" lon="132.1121738">
      <ele>179.008</ele>
    </trkpt>
    <trkpt lat="-14.325161" lon="132.1124246">
      <ele>178.536</ele>
    </trkpt>
    <trkpt lat="-14.325306" lon="132.1126464">
      <ele>178.85</ele>
    </trkpt>
    <trkpt lat="-14.3255383" lon="132.1130238">
      <ele>178.062</ele>
    </trkpt>
    <trkpt lat="-14.3256684" lon="132.1132422">
      <ele>176.789</ele>
    </trkpt>
    <trkpt lat="-14.3258068" lon="132.1134605">
      <ele>177.011</ele>
    </trkpt>
    <trkpt lat="-14.3259523" lon="132.1136854">
      <ele>177.839</ele>
    </trkpt>
    <trkpt lat="-14.3260735" lon="132.1138991">
      <ele>178.125</ele>
    </trkpt>
    <trkpt lat="-14.3261857" lon="132.1140777">
      <ele>178.0</ele>
    </trkpt>
    <trkpt lat="-14.3262671" lon="132.1142226">
      <ele>178.0</ele>
    </trkpt>
    <trkpt lat="-14.3263033" lon="132.1142787">
      <ele>178.0</ele>
    </trkpt>
    <trkpt lat="-14.3263412" lon="132.1143377">
      <ele>178.0</ele>
    </trkpt>
    <trkpt lat="-14.326351" lon="132.1143529">
      <ele>178.0</ele>
    </trkpt>
    <trkpt lat="-14.3264006" lon="132.1144348">
      <ele>177.958</ele>
    </trkpt>
    <trkpt lat="-14.3264331" lon="132.1144886">
      <ele>177.816</ele>
    </trkpt>
    <trkpt lat="-14.3265382" lon="132.1146738">
      <ele>177.019</ele>
    </trkpt>
    <trkpt lat="-14.3266645" lon="132.1148822">
      <ele>176.011</ele>
    </trkpt>
    <trkpt lat="-14.3268472" lon="132.1151832">
      <ele>175.119</ele>
    </trkpt>
    <trkpt lat="-14.3270758" lon="132.1155647">
      <ele>174.967</ele>
    </trkpt>
    <trkpt lat="-14.3272212" lon="132.1158022">
      <ele>174.112</ele>
    </trkpt>
    <trkpt lat="-14.3273787" lon="132.1160506">
      <ele>174.222</ele>
    </trkpt>
    <trkpt lat="-14.3275757" lon="132.116379">
      <ele>173.071</ele>
    </trkpt>
    <trkpt lat="-14.3277356" lon="132.1166599">
      <ele>171.197</ele>
    </trkpt>
    <trkpt lat="-14.3278867" lon="132.1168933">
      <ele>170.432</ele>
    </trkpt>
    <trkpt lat="-14.3279965" lon="132.1170513">
      <ele>170.485</ele>
    </trkpt>
    <trkpt lat="-14.328104" lon="132.1171938">
      <ele>170.102</ele>
    </trkpt>
    <trkpt lat="-14.3282292" lon="132.1173639">
      <ele>169.299</ele>
    </trkpt>
    <trkpt lat="-14.3283988" lon="132.117569">
      <ele>168.869</ele>
    </trkpt>
    <trkpt lat="-14.3286371" lon="132.1178354">
      <ele>170.019</ele>
    </trkpt>
    <trkpt lat="-14.3290289" lon="132.1182397">
      <ele>168.841</ele>
    </trkpt>
    <trkpt lat="-14.3291363" lon="132.1183353">
      <ele>167.992</ele>
    </trkpt>
    <trkpt lat="-14.3292504" lon="132.1184402">
      <ele>167.917</ele>
    </trkpt>
    <trkpt lat="-14.3293851" lon="132.1185603">
      <ele>167.969</ele>
    </trkpt>
    <trkpt lat="-14.3295636" lon="132.1187102">
      <ele>167.134</ele>
    </trkpt>
    <trkpt lat="-14.3296303" lon="132.1187638">
      <ele>166.533</ele>
    </trkpt>
    <trkpt lat="-14.3297194" lon="132.1188353">
      <ele>165.587</ele>
    </trkpt>
    <trkpt lat="-14.3298345" lon="132.1189252">
      <ele>164.256</ele>
    </trkpt>
    <trkpt lat="-14.3299528" lon="132.1190111">
      <ele>163.215</ele>
    </trkpt>
    <trkpt lat="-14.3300495" lon="132.1190872">
      <ele>162.648</ele>
    </trkpt>
    <trkpt lat="-14.3303045" lon="132.1192511">
      <ele>162.658</ele>
    </trkpt>
    <trkpt lat="-14.3305518" lon="132.1194008">
      <ele>162.834</ele>
    </trkpt>
    <trkpt lat="-14.3307352" lon="132.1195152">
      <ele>162.353</ele>
    </trkpt>
    <trkpt lat="-14.3308112" lon="132.1195535">
      <ele>162.08</ele>
    </trkpt>
    <trkpt lat="-14.3309309" lon="132.1196271">
      <ele>161.649</ele>
    </trkpt>
    <trkpt lat="-14.3312622" lon="132.1198236">
      <ele>159.893</ele>
    </trkpt>
    <trkpt lat="-14.3313298" lon="132.1198628">
      <ele>159.308</ele>
    </trkpt>
    <trkpt lat="-14.3315733" lon="132.1200102">
      <ele>157.336</ele>
    </trkpt>
    <trkpt lat="-14.331576" lon="132.1200119">
      <ele>157.326</ele>
    </trkpt>
    <trkpt lat="-14.3316719" lon="132.1200633">
      <ele>157.0</ele>
    </trkpt>
    <trkpt lat="-14.3317328" lon="132.120096">
      <ele>157.0</ele>
    </trkpt>
    <trkpt lat="-14.3317358" lon="132.1200976">
      <ele>157.0</ele>
    </trkpt>
    <trkpt lat="-14.3319434" lon="132.1202268">
      <ele>157.0</ele>
    </trkpt>
    <trkpt lat="-14.3321347" lon="132.1203323">
      <ele>157.747</ele>
    </trkpt>
    <trkpt lat="-14.3323958" lon="132.1204999">
      <ele>158.625</ele>
    </trkpt>
    <trkpt lat="-14.3327724" lon="132.1207231">
      <ele>159.981</ele>
    </trkpt>
    <trkpt lat="-14.3330865" lon="132.1209025">
      <ele>159.53</ele>
    </trkpt>
    <trkpt lat="-14.333349" lon="132.1210467">
      <ele>159.219</ele>
    </trkpt>
    <trkpt lat="-14.3338895" lon="132.1213646">
      <ele>158.089</ele>
    </trkpt>
    <trkpt lat="-14.3343298" lon="132.1216224">
      <ele>158.159</ele>
    </trkpt>
    <trkpt lat="-14.3343437" lon="132.1216305">
      <ele>158.13</ele>
    </trkpt>
    <trkpt lat="-14.3343895" lon="132.1216573">
      <ele>158.034</ele>
    </trkpt>
    <trkpt lat="-14.3347997" lon="132.1218972">
      <ele>158.598</ele>
    </trkpt>
    <trkpt lat="-14.3348132" lon="132.121905">
      <ele>158.577</ele>
    </trkpt>
    <trkpt lat="-14.3349561" lon="132.1219878">
      <ele>158.002</ele>
    </trkpt>
    <trkpt lat="-14.3349701" lon="132.1219959">
      <ele>157.922</ele>
    </trkpt>
    <trkpt lat="-14.3350159" lon="132.1220225">
      <ele>157.703</ele>
    </trkpt>
    <trkpt lat="-14.3351129" lon="132.1220787">
      <ele>157.32</ele>
    </trkpt>
    <trkpt lat="-14.335127" lon="132.1220868">
      <ele>157.253</ele>
    </trkpt>
    <trkpt lat="-14.3353665" lon="132.12223">
      <ele>156.263</ele>
    </trkpt>
    <trkpt lat="-14.3356052" lon="132.1223717">
      <ele>156.542</ele>
    </trkpt>
    <trkpt lat="-14.335811" lon="132.1224874">
      <ele>157.891</ele>
    </trkpt>
    <trkpt lat="-14.33598" lon="132.1225927">
      <ele>159.074</ele>
    </trkpt>
    <trkpt lat="-14.3362484" lon="132.1227552">
      <ele>160.111</ele>
    </trkpt>
    <trkpt lat="-14.3365398" lon="132.1229475">
      <ele>162.63</ele>
    </trkpt>
    <trkpt lat="-14.336943" lon="132.1232301">
      <ele>165.361</ele>
    </trkpt>
    <trkpt lat="-14.3371517" lon="132.1233943">
      <ele>165.056</ele>
    </trkpt>
    <trkpt lat="-14.3372402" lon="132.1234639">
      <ele>164.901</ele>
    </trkpt>
    <trkpt lat="-14.3372527" lon="132.1234738">
      <ele>164.836</ele>
    </trkpt>
    <trkpt lat="-14.3372947" lon="132.1235069">
      <ele>164.641</ele>
    </trkpt>
    <trkpt lat="-14.3373435" lon="132.1235454">
      <ele>164.46</ele>
    </trkpt>
    <trkpt lat="-14.3375" lon="132.1236666">
      <ele>164.0</ele>
    </trkpt>
    <trkpt lat="-14.3377133" lon="132.1238794">
      <ele>164.0</ele>
    </trkpt>
    <trkpt lat="-14.3378836" lon="132.1240689">
      <ele>164.0</ele>
    </trkpt>
    <trkpt lat="-14.3381425" lon="132.124325">
      <ele>163.865</ele>
    </trkpt>
    <trkpt lat="-14.3383025" lon="132.1245002">
      <ele>164.178</ele>
    </trkpt>
    <trkpt lat="-14.3384943" lon="132.1247167">
      <ele>164.98</ele>
    </trkpt>
    <trkpt lat="-14.3386887" lon="132.1249469">
      <ele>165.0</ele>
    </trkpt>
    <trkpt lat="-14.3388692" lon="132.1251571">
      <ele>163.869</ele>
    </trkpt>
    <trkpt lat="-14.3389271" lon="132.1252282">
      <ele>163.332</ele>
    </trkpt>
    <trkpt lat="-14.3389987" lon="132.1253161">
      <ele>163.083</ele>
    </trkpt>
    <trkpt lat="-14.3390236" lon="132.1253466">
      <ele>163.128</ele>
    </trkpt>
    <trkpt lat="-14.3392449" lon="132.125605">
      <ele>162.896</ele>
    </trkpt>
    <trkpt lat="-14.3393025" lon="132.1256583">
      <ele>162.881</ele>
    </trkpt>
    <trkpt lat="-14.339422" lon="132.125805">
      <ele>162.979</ele>
    </trkpt>
    <trkpt lat="-14.3396949" lon="132.1261061">
      <ele>164.964</ele>
    </trkpt>
    <trkpt lat="-14.3398056" lon="132.1262342">
      <ele>164.7</ele>
    </trkpt>
    <trkpt lat="-14.3399369" lon="132.126384">
      <ele>164.227</ele>
    </trkpt>
    <trkpt lat="-14.3400461" lon="132.1265137">
      <ele>163.834</ele>
    </trkpt>
    <trkpt lat="-14.340161" lon="132.1266492">
      <ele>163.42</ele>
    </trkpt>
    <trkpt lat="-14.3402502" lon="132.1267545">
      <ele>162.783</ele>
    </trkpt>
    <trkpt lat="-14.340342" lon="132.1268599">
      <ele>162.003</ele>
    </trkpt>
    <trkpt lat="-14.3404267" lon="132.126962">
      <ele>161.401</ele>
    </trkpt>
    <trkpt lat="-14.3405318" lon="132.1270938">
      <ele>160.548</ele>
    </trkpt>
    <trkpt lat="-14.3407658" lon="132.1273702">
      <ele>158.889</ele>
    </trkpt>
    <trkpt lat="-14.340896" lon="132.1275245">
      <ele>159.04</ele>
    </trkpt>
    <trkpt lat="-14.3410189" lon="132.1276548">
      <ele>159.745</ele>
    </trkpt>
    <trkpt lat="-14.3411055" lon="132.1277477">
      <ele>160.747</ele>
    </trkpt>
    <trkpt lat="-14.3412051" lon="132.1278646">
      <ele>160.793</ele>
    </trkpt>
    <trkpt lat="-14.3413106" lon="132.1279869">
      <ele>160.788</ele>
    </trkpt>
    <trkpt lat="-14.3414722" lon="132.1281682">
      <ele>159.816</ele>
    </trkpt>
    <trkpt lat="-14.3415777" lon="132.1283035">
      <ele>158.675</ele>
    </trkpt>
    <trkpt lat="-14.3416865" lon="132.1284319">
      <ele>158.283</ele>
    </trkpt>
    <trkpt lat="-14.3418573" lon="132.1286296">
      <ele>158.359</ele>
    </trkpt>
    <trkpt lat="-14.3420223" lon="132.1288189">
      <ele>158.538</ele>
    </trkpt>
    <trkpt lat="-14.3424054" lon="132.1292766">
      <ele>158.0</ele>
    </trkpt>
    <trkpt lat="-14.3425494" lon="132.1294492">
      <ele>158.014</ele>
    </trkpt>
    <trkpt lat="-14.3429499" lon="132.1298938">
      <ele>158.616</ele>
    </trkpt>
    <trkpt lat="-14.343212" lon="132.1302047">
      <ele>157.874</ele>
    </trkpt>
    <trkpt lat="-14.3433185" lon="132.1303216">
      <ele>156.941</ele>
    </trkpt>
    <trkpt lat="-14.343351" lon="132.1303572">
      <ele>156.696</ele>
    </trkpt>
    <trkpt lat="-14.3434273" lon="132.1304409">
      <ele>156.214</ele>
    </trkpt>
    <trkpt lat="-14.3434418" lon="132.1304568">
      <ele>156.104</ele>
    </trkpt>
    <trkpt lat="-14.3434871" lon="132.1305066">
      <ele>155.72</ele>
    </trkpt>
    <trkpt lat="-14.3440114" lon="132.1311268">
      <ele>153.559</ele>
    </trkpt>
    <trkpt lat="-14.3446603" lon="132.1318597">
      <ele>152.223</ele>
    </trkpt>
    <trkpt lat="-14.3449245" lon="132.1321694">
      <ele>150.405</ele>
    </trkpt>
    <trkpt lat="-14.3459468" lon="132.1333453">
      <ele>146.365</ele>
    </trkpt>
    <trkpt lat="-14.3459614" lon="132.1333621">
      <ele>146.357</ele>
    </trkpt>
    <trkpt lat="-14.3459932" lon="132.1333975">
      <ele>146.345</ele>
    </trkpt>
    <trkpt lat="-14.3462579" lon="132.1336929">
      <ele>146.918</ele>
    </trkpt>
    <trkpt lat="-14.3464318" lon="132.1338938">
      <ele>148.157</ele>
    </trkpt>
    <trkpt lat="-14.346967" lon="132.1345119">
      <ele>150.939</ele>
    </trkpt>
    <trkpt lat="-14.3474898" lon="132.1351097">
      <ele>154.546</ele>
    </trkpt>
    <trkpt lat="-14.3476381" lon="132.1352707">
      <ele>154.523</ele>
    </trkpt>
    <trkpt lat="-14.3476535" lon="132.1352874">
      <ele>154.537</ele>
    </trkpt>
    <trkpt lat="-14.347762" lon="132.1354054">
      <ele>154.917</ele>
    </trkpt>
    <trkpt lat="-14.3477772" lon="132.135422">
      <ele>154.997</ele>
    </trkpt>
    <trkpt lat="-14.3478554" lon="132.1355069">
      <ele>155.049</ele>
    </trkpt>
    <trkpt lat="-14.3482357" lon="132.1358683">
      <ele>154.649</ele>
    </trkpt>
    <trkpt lat="-14.3485136" lon="132.1361063">
      <ele>155.649</ele>
    </trkpt>
    <trkpt lat="-14.348685" lon="132.1362418">
      <ele>156.736</ele>
    </trkpt>
    <trkpt lat="-14.3487639" lon="132.1363018">
      <ele>157.237</ele>
    </trkpt>
    <trkpt lat="-14.3488535" lon="132.13637">
      <ele>157.805</ele>
    </trkpt>
    <trkpt lat="-14.3488715" lon="132.1363837">
      <ele>157.919</ele>
    </trkpt>
    <trkpt lat="-14.3488766" lon="132.1363875">
      <ele>157.951</ele>
    </trkpt>
    <trkpt lat="-14.3489093" lon="132.1364111">
      <ele>157.994</ele>
    </trkpt>
    <trkpt lat="-14.3491013" lon="132.1365496">
      <ele>158.186</ele>
    </trkpt>
    <trkpt lat="-14.3493865" lon="132.136731">
      <ele>155.906</ele>
    </trkpt>
    <trkpt lat="-14.3497538" lon="132.1369586">
      <ele>153.102</ele>
    </trkpt>
    <trkpt lat="-14.3499856" lon="132.1370834">
      <ele>154.0</ele>
    </trkpt>
    <trkpt lat="-14.3500303" lon="132.1371074">
      <ele>154.309</ele>
    </trkpt>
    <trkpt lat="-14.3500856" lon="132.1371336">
      <ele>154.657</ele>
    </trkpt>
    <trkpt lat="-14.350106" lon="132.1371433">
      <ele>154.757</ele>
    </trkpt>
    <trkpt lat="-14.3501473" lon="132.1371645">
      <ele>154.915</ele>
    </trkpt>
    <trkpt lat="-14.3503115" lon="132.1372486">
      <ele>155.231</ele>
    </trkpt>
    <trkpt lat="-14.3505517" lon="132.1373544">
      <ele>156.503</ele>
    </trkpt>
    <trkpt lat="-14.3506579" lon="132.1373949">
      <ele>156.378</ele>
    </trkpt>
    <trkpt lat="-14.3508628" lon="132.137472">
      <ele>155.984</ele>
    </trkpt>
    <trkpt lat="-14.3510093" lon="132.1375295">
      <ele>155.356</ele>
    </trkpt>
    <trkpt lat="-14.3513698" lon="132.1376416">
      <ele>154.578</ele>
    </trkpt>
    <trkpt lat="-14.3514615" lon="132.1376725">
      <ele>154.36</ele>
    </trkpt>
    <trkpt lat="-14.3516421" lon="132.137719">
      <ele>153.877</ele>
    </trkpt>
    <trkpt lat="-14.3519387" lon="132.1377889">
      <ele>153.921</ele>
    </trkpt>
    <trkpt lat="-14.3522318" lon="132.1378577">
      <ele>152.4</ele>
    </trkpt>
    <trkpt lat="-14.3523618" lon="132.1378825">
      <ele>151.933</ele>
    </trkpt>
    <trkpt lat="-14.3524848" lon="132.137899">
      <ele>151.594</ele>
    </trkpt>
    <trkpt lat="-14.35266" lon="132.1379232">
      <ele>151.476</ele>
    </trkpt>
    <trkpt lat="-14.3527044" lon="132.1379294">
      <ele>151.454</ele>
    </trkpt>
    <trkpt lat="-14.352728" lon="132.1379324">
      <ele>151.443</ele>
    </trkpt>
    <trkpt lat="-14.3528384" lon="132.1379467">
      <ele>151.392</ele>
    </trkpt>
    <trkpt lat="-14.3529396" lon="132.1379598">
      <ele>151.345</ele>
    </trkpt>
    <trkpt lat="-14.3532016" lon="132.1379956">
      <ele>151.216</ele>
    </trkpt>
    <trkpt lat="-14.3533845" lon="132.1380222">
      <ele>151.12</ele>
    </trkpt>
    <trkpt lat="-14.353739" lon="132.1380686">
      <ele>150.975</ele>
    </trkpt>
    <trkpt lat="-14.3539751" lon="132.138099">
      <ele>151.049</ele>
    </trkpt>
    <trkpt lat="-14.3542935" lon="132.1381396">
      <ele>152.078</ele>
    </trkpt>
    <trkpt lat="-14.354603" lon="132.1381758">
      <ele>153.895</ele>
    </trkpt>
    <trkpt lat="-14.3548392" lon="132.1382063">
      <ele>154.457</ele>
    </trkpt>
    <trkpt lat="-14.3550384" lon="132.1382332">
      <ele>154.172</ele>
    </trkpt>
    <trkpt lat="-14.355182" lon="132.1382564">
      <ele>153.44</ele>
    </trkpt>
    <trkpt lat="-14.3554401" lon="132.1382927">
      <ele>153.0</ele>
    </trkpt>
    <trkpt lat="-14.3556104" lon="132.1383149">
      <ele>153.395</ele>
    </trkpt>
    <trkpt lat="-14.355835" lon="132.1383444">
      <ele>155.006</ele>
    </trkpt>
    <trkpt lat="-14.356" lon="132.1383656">
      <ele>155.6</ele>
    </trkpt>
    <trkpt lat="-14.3561176" lon="132.1383811">
      <ele>156.019</ele>
    </trkpt>
    <trkpt lat="-14.356296" lon="132.1384046">
      <ele>156.495</ele>
    </trkpt>
    <trkpt lat="-14.3564174" lon="132.1384207">
      <ele>156.615</ele>
    </trkpt>
    <trkpt lat="-14.3565723" lon="132.1384432">
      <ele>156.205</ele>
    </trkpt>
    <trkpt lat="-14.3567165" lon="132.13846">
      <ele>155.821</ele>
    </trkpt>
    <trkpt lat="-14.3568425" lon="132.1384708">
      <ele>155.367</ele>
    </trkpt>
    <trkpt lat="-14.3570129" lon="132.1384871">
      <ele>155.0</ele>
    </trkpt>
    <trkpt lat="-14.3572792" lon="132.138518">
      <ele>155.0</ele>
    </trkpt>
    <trkpt lat="-14.3575623" lon="132.1385548">
      <ele>154.821</ele>
    </trkpt>
    <trkpt lat="-14.3577215" lon="132.138573">
      <ele>154.312</ele>
    </trkpt>
    <trkpt lat="-14.3578357" lon="132.1385886">
      <ele>153.873</ele>
    </trkpt>
    <trkpt lat="-14.3579036" lon="132.138598">
      <ele>153.594</ele>
    </trkpt>
    <trkpt lat="-14.3579551" lon="132.138605">
      <ele>153.384</ele>
    </trkpt>
    <trkpt lat="-14.358093" lon="132.1386252">
      <ele>153.007</ele>
    </trkpt>
    <trkpt lat="-14.3582419" lon="132.1386509">
      <ele>153.096</ele>
    </trkpt>
    <trkpt lat="-14.3584317" lon="132.1386878">
      <ele>153.276</ele>
    </trkpt>
    <trkpt lat="-14.3587442" lon="132.1387319">
      <ele>153.226</ele>
    </trkpt>
    <trkpt lat="-14.358991" lon="132.1387904">
      <ele>153.13</ele>
    </trkpt>
    <trkpt lat="-14.3592488" lon="132.1388597">
      <ele>153.105</ele>
    </trkpt>
    <trkpt lat="-14.3592719" lon="132.1388659">
      <ele>153.083</ele>
    </trkpt>
    <trkpt lat="-14.3593144" lon="132.1388802">
      <ele>153.031</ele>
    </trkpt>
    <trkpt lat="-14.359349" lon="132.1388919">
      <ele>152.993</ele>
    </trkpt>
    <trkpt lat="-14.3595541" lon="132.1389517">
      <ele>152.379</ele>
    </trkpt>
    <trkpt lat="-14.3598953" lon="132.1390673">
      <ele>150.958</ele>
    </trkpt>
    <trkpt lat="-14.360157" lon="132.1391728">
      <ele>149.978</ele>
    </trkpt>
    <trkpt lat="-14.3604226" lon="132.1392884">
      <ele>148.748</ele>
    </trkpt>
    <trkpt lat="-14.3607228" lon="132.1394221">
      <ele>147.398</ele>
    </trkpt>
    <trkpt lat="-14.3609343" lon="132.1395297">
      <ele>147.195</ele>
    </trkpt>
    <trkpt lat="-14.3611433" lon="132.1396446">
      <ele>146.917</ele>
    </trkpt>
    <trkpt lat="-14.3612453" lon="132.1396935">
      <ele>146.567</ele>
    </trkpt>
    <trkpt lat="-14.361265" lon="132.139703">
      <ele>146.484</ele>
    </trkpt>
    <trkpt lat="-14.3613022" lon="132.1397324">
      <ele>146.275</ele>
    </trkpt>
    <trkpt lat="-14.3613264" lon="132.1397516">
      <ele>146.119</ele>
    </trkpt>
    <trkpt lat="-14.3615201" lon="132.1398723">
      <ele>145.46</ele>
    </trkpt>
    <trkpt lat="-14.361699" lon="132.1399905">
      <ele>145.034</ele>
    </trkpt>
    <trkpt lat="-14.3618611" lon="132.1401036">
      <ele>144.888</ele>
    </trkpt>
    <trkpt lat="-14.3620303" lon="132.140223">
      <ele>145.061</ele>
    </trkpt>
    <trkpt lat="-14.3621607" lon="132.1403259">
      <ele>144.827</ele>
    </trkpt>
    <trkpt lat="-14.3622677" lon="132.1404115">
      <ele>144.519</ele>
    </trkpt>
    <trkpt lat="-14.3623713" lon="132.1405061">
      <ele>144.178</ele>
    </trkpt>
    <trkpt lat="-14.362678" lon="132.1407597">
      <ele>144.264</ele>
    </trkpt>
    <trkpt lat="-14.3628487" lon="132.1409335">
      <ele>144.361</ele>
    </trkpt>
    <trkpt lat="-14.3631094" lon="132.1411863">
      <ele>145.323</ele>
    </trkpt>
    <trkpt lat="-14.3632059" lon="132.1412937">
      <ele>146.013</ele>
    </trkpt>
    <trkpt lat="-14.3633845" lon="132.1414943">
      <ele>147.379</ele>
    </trkpt>
    <trkpt lat="-14.3635754" lon="132.1417319">
      <ele>147.795</ele>
    </trkpt>
    <trkpt lat="-14.3637373" lon="132.1419493">
      <ele>146.983</ele>
    </trkpt>
    <trkpt lat="-14.3637724" lon="132.1420007">
      <ele>146.797</ele>
    </trkpt>
    <trkpt lat="-14.3639178" lon="132.1422182">
      <ele>146.119</ele>
    </trkpt>
    <trkpt lat="-14.3640465" lon="132.1424073">
      <ele>146.189</ele>
    </trkpt>
    <trkpt lat="-14.3641639" lon="132.142597">
      <ele>146.346</ele>
    </trkpt>
    <trkpt lat="-14.3642783" lon="132.1427957">
      <ele>147.026</ele>
    </trkpt>
    <trkpt lat="-14.3644168" lon="132.1430239">
      <ele>147.798</ele>
    </trkpt>
    <trkpt lat="-14.364465" lon="132.1431092">
      <ele>148.0</ele>
    </trkpt>
    <trkpt lat="-14.3644996" lon="132.1431703">
      <ele>148.0</ele>
    </trkpt>
    <trkpt lat="-14.3645426" lon="132.1432465">
      <ele>148.0</ele>
    </trkpt>
    <trkpt lat="-14.3646876" lon="132.1435081">
      <ele>146.82</ele>
    </trkpt>
    <trkpt lat="-14.3649857" lon="132.1440152">
      <ele>143.569</ele>
    </trkpt>
    <trkpt lat="-14.3654034" lon="132.1447424">
      <ele>143.62</ele>
    </trkpt>
    <trkpt lat="-14.365808" lon="132.1454652">
      <ele>142.03</ele>
    </trkpt>
    <trkpt lat="-14.3662487" lon="132.1462445">
      <ele>140.262</ele>
    </trkpt>
    <trkpt lat="-14.3665558" lon="132.1467939">
      <ele>137.084</ele>
    </trkpt>
    <trkpt lat="-14.3665668" lon="132.1468136">
      <ele>136.942</ele>
    </trkpt>
    <trkpt lat="-14.3666261" lon="132.1469197">
      <ele>136.178</ele>
    </trkpt>
    <trkpt lat="-14.366641" lon="132.1469479">
      <ele>136.0</ele>
    </trkpt>
    <trkpt lat="-14.3666453" lon="132.1469549">
      <ele>136.0</ele>
    </trkpt>
    <trkpt lat="-14.3667956" lon="132.1471971">
      <ele>136.464</ele>
    </trkpt>
    <trkpt lat="-14.3669738" lon="132.1474909">
      <ele>137.109</ele>
    </trkpt>
    <trkpt lat="-14.3670927" lon="132.1477026">
      <ele>137.144</ele>
    </trkpt>
    <trkpt lat="-14.3672913" lon="132.1480495">
      <ele>136.508</ele>
    </trkpt>
    <trkpt lat="-14.3673774" lon="132.1481884">
      <ele>135.404</ele>
    </trkpt>
    <trkpt lat="-14.3675392" lon="132.1484933">
      <ele>133.859</ele>
    </trkpt>
    <trkpt lat="-14.3675562" lon="132.1485158">
      <ele>133.798</ele>
    </trkpt>
    <trkpt lat="-14.3676804" lon="132.1487433">
      <ele>133.826</ele>
    </trkpt>
    <trkpt lat="-14.367801" lon="132.148949">
      <ele>134.133</ele>
    </trkpt>
    <trkpt lat="-14.3678479" lon="132.1490238">
      <ele>134.233</ele>
    </trkpt>
    <trkpt lat="-14.3678606" lon="132.1490441">
      <ele>134.261</ele>
    </trkpt>
    <trkpt lat="-14.3679334" lon="132.1491692">
      <ele>134.445</ele>
    </trkpt>
    <trkpt lat="-14.3679416" lon="132.1491823">
      <ele>134.443</ele>
    </trkpt>
    <trkpt lat="-14.3680927" lon="132.1494238">
      <ele>134.802</ele>
    </trkpt>
    <trkpt lat="-14.3682034" lon="132.149616">
      <ele>134.796</ele>
    </trkpt>
    <trkpt lat="-14.3683091" lon="132.1498007">
      <ele>134.717</ele>
    </trkpt>
    <trkpt lat="-14.368352" lon="132.1498766">
      <ele>134.347</ele>
    </trkpt>
    <trkpt lat="-14.3684654" lon="132.1500775">
      <ele>133.378</ele>
    </trkpt>
    <trkpt lat="-14.368597" lon="132.1503109">
      <ele>133.0</ele>
    </trkpt>
    <trkpt lat="-14.3687233" lon="132.1505359">
      <ele>132.971</ele>
    </trkpt>
    <trkpt lat="-14.3688268" lon="132.1507171">
      <ele>133.0</ele>
    </trkpt>
    <trkpt lat="-14.3688609" lon="132.1507779">
      <ele>133.0</ele>
    </trkpt>
    <trkpt lat="-14.3689125" lon="132.1508697">
      <ele>132.915</ele>
    </trkpt>
    <trkpt lat="-14.3689955" lon="132.1510242">
      <ele>132.616</ele>
    </trkpt>
    <trkpt lat="-14.3691283" lon="132.1512534">
      <ele>132.138</ele>
    </trkpt>
    <trkpt lat="-14.3691664" lon="132.1513207">
      <ele>132.001</ele>
    </trkpt>
    <trkpt lat="-14.3692331" lon="132.1514382">
      <ele>132.135</ele>
    </trkpt>
    <trkpt lat="-14.3693026" lon="132.1515598">
      <ele>132.314</ele>
    </trkpt>
    <trkpt lat="-14.3693797" lon="132.1516899">
      <ele>132.297</ele>
    </trkpt>
    <trkpt lat="-14.3694355" lon="132.15179">
      <ele>132.462</ele>
    </trkpt>
    <trkpt lat="-14.3695044" lon="132.1519146">
      <ele>132.916</ele>
    </trkpt>
    <trkpt lat="-14.3695608" lon="132.152014">
      <ele>133.25</ele>
    </trkpt>
    <trkpt lat="-14.3696254" lon="132.1521251">
      <ele>133.65</ele>
    </trkpt>
    <trkpt lat="-14.3697183" lon="132.1522965">
      <ele>134.0</ele>
    </trkpt>
    <trkpt lat="-14.36982" lon="132.1524659">
      <ele>133.605</ele>
    </trkpt>
    <trkpt lat="-14.3699179" lon="132.1526377">
      <ele>133.994</ele>
    </trkpt>
    <trkpt lat="-14.3700195" lon="132.1528064">
      <ele>134.944</ele>
    </trkpt>
    <trkpt lat="-14.3701237" lon="132.1529867">
      <ele>135.225</ele>
    </trkpt>
    <trkpt lat="-14.3701755" lon="132.1530772">
      <ele>135.66</ele>
    </trkpt>
    <trkpt lat="-14.3702434" lon="132.1531959">
      <ele>135.939</ele>
    </trkpt>
    <trkpt lat="-14.37036" lon="132.1533923">
      <ele>136.445</ele>
    </trkpt>
    <trkpt lat="-14.3704672" lon="132.1535746">
      <ele>136.958</ele>
    </trkpt>
    <trkpt lat="-14.3705733" lon="132.153766">
      <ele>137.494</ele>
    </trkpt>
    <trkpt lat="-14.3707245" lon="132.1540436">
      <ele>137.392</ele>
    </trkpt>
    <trkpt lat="-14.3714216" lon="132.1552528">
      <ele>140.803</ele>
    </trkpt>
    <trkpt lat="-14.372042" lon="132.1563479">
      <ele>142.948</ele>
    </trkpt>
    <trkpt lat="-14.372182" lon="132.1565651">
      <ele>142.908</ele>
    </trkpt>
    <trkpt lat="-14.3724881" lon="132.1570026">
      <ele>141.757</ele>
    </trkpt>
    <trkpt lat="-14.3728555" lon="132.1574769">
      <ele>142.197</ele>
    </trkpt>
    <trkpt lat="-14.3731434" lon="132.1578204">
      <ele>142.109</ele>
    </trkpt>
    <trkpt lat="-14.373364" lon="132.1580904">
      <ele>139.792</ele>
    </trkpt>
    <trkpt lat="-14.3735222" lon="132.1582892">
      <ele>139.623</ele>
    </trkpt>
    <trkpt lat="-14.3737679" lon="132.1585969">
      <ele>140.536</ele>
    </trkpt>
    <trkpt lat="-14.3740148" lon="132.1589138">
      <ele>141.183</ele>
    </trkpt>
    <trkpt lat="-14.3742135" lon="132.1592143">
      <ele>141.171</ele>
    </trkpt>
    <trkpt lat="-14.374482" lon="132.1596467">
      <ele>142.531</ele>
    </trkpt>
    <trkpt lat="-14.3746365" lon="132.1599498">
      <ele>142.436</ele>
    </trkpt>
    <trkpt lat="-14.3747772" lon="132.1602261">
      <ele>142.74</ele>
    </trkpt>
    <trkpt lat="-14.3749378" lon="132.1605296">
      <ele>143.203</ele>
    </trkpt>
    <trkpt lat="-14.3749509" lon="132.1605506">
      <ele>143.174</ele>
    </trkpt>
    <trkpt lat="-14.3750158" lon="132.1606552">
      <ele>142.98</ele>
    </trkpt>
    <trkpt lat="-14.3750166" lon="132.1606569">
      <ele>142.978</ele>
    </trkpt>
    <trkpt lat="-14.3750418" lon="132.1607105">
      <ele>142.916</ele>
    </trkpt>
    <trkpt lat="-14.3751085" lon="132.1608519">
      <ele>142.569</ele>
    </trkpt>
    <trkpt lat="-14.3758233" lon="132.1621903">
      <ele>141.104</ele>
    </trkpt>
    <trkpt lat="-14.3771474" lon="132.1647425">
      <ele>135.804</ele>
    </trkpt>
    <trkpt lat="-14.3771754" lon="132.1647963">
      <ele>136.098</ele>
    </trkpt>
    <trkpt lat="-14.3772607" lon="132.1649598">
      <ele>136.717</ele>
    </trkpt>
    <trkpt lat="-14.3773179" lon="132.1650694">
      <ele>136.991</ele>
    </trkpt>
    <trkpt lat="-14.3773187" lon="132.1650709">
      <ele>136.997</ele>
    </trkpt>
    <trkpt lat="-14.3773472" lon="132.1651226">
      <ele>137.19</ele>
    </trkpt>
    <trkpt lat="-14.3774386" lon="132.1652882">
      <ele>137.962</ele>
    </trkpt>
    <trkpt lat="-14.3782841" lon="132.1669215">
      <ele>134.313</ele>
    </trkpt>
    <trkpt lat="-14.378341" lon="132.1670314">
      <ele>133.687</ele>
    </trkpt>
    <trkpt lat="-14.3785395" lon="132.1674122">
      <ele>133.0</ele>
    </trkpt>
    <trkpt lat="-14.3785968" lon="132.1675219">
      <ele>133.079</ele>
    </trkpt>
    <trkpt lat="-14.3785975" lon="132.1675232">
      <ele>133.084</ele>
    </trkpt>
    <trkpt lat="-14.3801173" lon="132.1704446">
      <ele>133.653</ele>
    </trkpt>
    <trkpt lat="-14.3806539" lon="132.1714814">
      <ele>131.666</ele>
    </trkpt>
    <trkpt lat="-14.3808987" lon="132.1719363">
      <ele>133.971</ele>
    </trkpt>
    <trkpt lat="-14.3810692" lon="132.1722632">
      <ele>134.702</ele>
    </trkpt>
    <trkpt lat="-14.3811873" lon="132.1724934">
      <ele>134.024</ele>
    </trkpt>
    <trkpt lat="-14.3813353" lon="132.1727819">
      <ele>131.988</ele>
    </trkpt>
    <trkpt lat="-14.3815532" lon="132.1731991">
      <ele>130.694</ele>
    </trkpt>
    <trkpt lat="-14.3816072" lon="132.1732988">
      <ele>130.312</ele>
    </trkpt>
    <trkpt lat="-14.381662" lon="132.1734">
      <ele>130.253</ele>
    </trkpt>
    <trkpt lat="-14.3816667" lon="132.173409">
      <ele>130.272</ele>
    </trkpt>
    <trkpt lat="-14.3816941" lon="132.1734614">
      <ele>130.514</ele>
    </trkpt>
    <trkpt lat="-14.3817246" lon="132.1735195">
      <ele>130.739</ele>
    </trkpt>
    <trkpt lat="-14.3817622" lon="132.1735647">
      <ele>130.89</ele>
    </trkpt>
    <trkpt lat="-14.381791" lon="132.1736168">
      <ele>131.009</ele>
    </trkpt>
    <trkpt lat="-14.3819212" lon="132.1738527">
      <ele>131.797</ele>
    </trkpt>
    <trkpt lat="-14.3821995" lon="132.1742403">
      <ele>132.94</ele>
    </trkpt>
    <trkpt lat="-14.382671" lon="132.17484">
      <ele>131.837</ele>
    </trkpt>
    <trkpt lat="-14.3830377" lon="132.1752089">
      <ele>131.016</ele>
    </trkpt>
    <trkpt lat="-14.383258" lon="132.1754176">
      <ele>130.355</ele>
    </trkpt>
    <trkpt lat="-14.383473" lon="132.175592">
      <ele>128.869</ele>
    </trkpt>
    <trkpt lat="-14.3837478" lon="132.1758024">
      <ele>128.549</ele>
    </trkpt>
    <trkpt lat="-14.3839972" lon="132.1759688">
      <ele>129.678</ele>
    </trkpt>
    <trkpt lat="-14.3841377" lon="132.1760428">
      <ele>130.43</ele>
    </trkpt>
    <trkpt lat="-14.3841393" lon="132.1760436">
      <ele>130.439</ele>
    </trkpt>
    <trkpt lat="-14.3842897" lon="132.1761455">
      <ele>131.457</ele>
    </trkpt>
    <trkpt lat="-14.3843364" lon="132.1761771">
      <ele>131.558</ele>
    </trkpt>
    <trkpt lat="-14.384382" lon="132.176208">
      <ele>131.583</ele>
    </trkpt>
    <trkpt lat="-14.3848517" lon="132.1764431">
      <ele>127.873</ele>
    </trkpt>
    <trkpt lat="-14.3851478" lon="132.1765758">
      <ele>125.611</ele>
    </trkpt>
    <trkpt lat="-14.3851736" lon="132.1765873">
      <ele>125.393</ele>
    </trkpt>
    <trkpt lat="-14.385267" lon="132.1766149">
      <ele>124.622</ele>
    </trkpt>
    <trkpt lat="-14.385365" lon="132.17666">
      <ele>124.064</ele>
    </trkpt>
    <trkpt lat="-14.3854854" lon="132.1767023">
      <ele>123.872</ele>
    </trkpt>
    <trkpt lat="-14.3856865" lon="132.1767729">
      <ele>123.326</ele>
    </trkpt>
    <trkpt lat="-14.3860215" lon="132.176867">
      <ele>124.355</ele>
    </trkpt>
    <trkpt lat="-14.3862821" lon="132.1769319">
      <ele>125.0</ele>
    </trkpt>
    <trkpt lat="-14.386383" lon="132.176951">
      <ele>125.001</ele>
    </trkpt>
    <trkpt lat="-14.3866189" lon="132.1769956">
      <ele>124.324</ele>
    </trkpt>
    <trkpt lat="-14.386864" lon="132.1770296">
      <ele>124.089</ele>
    </trkpt>
    <trkpt lat="-14.3871378" lon="132.1770624">
      <ele>124.4</ele>
    </trkpt>
    <trkpt lat="-14.3874464" lon="132.1770927">
      <ele>123.659</ele>
    </trkpt>
    <trkpt lat="-14.3877394" lon="132.1771311">
      <ele>121.604</ele>
    </trkpt>
    <trkpt lat="-14.3879004" lon="132.1771508">
      <ele>120.702</ele>
    </trkpt>
    <trkpt lat="-14.3879869" lon="132.1771614">
      <ele>120.301</ele>
    </trkpt>
    <trkpt lat="-14.3882439" lon="132.1771874">
      <ele>119.915</ele>
    </trkpt>
    <trkpt lat="-14.3884596" lon="132.1772072">
      <ele>119.971</ele>
    </trkpt>
    <trkpt lat="-14.3884946" lon="132.1772122">
      <ele>119.985</ele>
    </trkpt>
    <trkpt lat="-14.3886728" lon="132.1772376">
      <ele>120.487</ele>
    </trkpt>
    <trkpt lat="-14.388746" lon="132.177248">
      <ele>121.019</ele>
    </trkpt>
    <trkpt lat="-14.3890792" lon="132.1772851">
      <ele>122.0</ele>
    </trkpt>
    <trkpt lat="-14.3897155" lon="132.1773556">
      <ele>122.0</ele>
    </trkpt>
    <trkpt lat="-14.3902237" lon="132.177416">
      <ele>122.639</ele>
    </trkpt>
    <trkpt lat="-14.390403" lon="132.177437">
      <ele>122.425</ele>
    </trkpt>
    <trkpt lat="-14.3905431" lon="132.1774534">
      <ele>122.037</ele>
    </trkpt>
    <trkpt lat="-14.3908408" lon="132.1774911">
      <ele>121.001</ele>
    </trkpt>
    <trkpt lat="-14.3915021" lon="132.1775608">
      <ele>119.493</ele>
    </trkpt>
    <trkpt lat="-14.3919519" lon="132.1776114">
      <ele>118.818</ele>
    </trkpt>
    <trkpt lat="-14.3923509" lon="132.1776517">
      <ele>120.009</ele>
    </trkpt>
    <trkpt lat="-14.392557" lon="132.1776775">
      <ele>120.844</ele>
    </trkpt>
    <trkpt lat="-14.392933" lon="132.1777194">
      <ele>122.349</ele>
    </trkpt>
    <trkpt lat="-14.3929637" lon="132.1777227">
      <ele>122.471</ele>
    </trkpt>
    <trkpt lat="-14.3931426" lon="132.1777418">
      <ele>123.184</ele>
    </trkpt>
    <trkpt lat="-14.3932642" lon="132.1777547">
      <ele>123.668</ele>
    </trkpt>
    <trkpt lat="-14.3934294" lon="132.1777723">
      <ele>124.326</ele>
    </trkpt>
    <trkpt lat="-14.3942548" lon="132.1778791">
      <ele>123.069</ele>
    </trkpt>
    <trkpt lat="-14.3947825" lon="132.177999">
      <ele>121.031</ele>
    </trkpt>
    <trkpt lat="-14.395385" lon="132.1781609">
      <ele>121.624</ele>
    </trkpt>
    <trkpt lat="-14.3962232" lon="132.1784848">
      <ele>125.22</ele>
    </trkpt>
    <trkpt lat="-14.3963676" lon="132.1785586">
      <ele>125.749</ele>
    </trkpt>
    <trkpt lat="-14.3966298" lon="132.1786892">
      <ele>125.719</ele>
    </trkpt>
    <trkpt lat="-14.3968551" lon="132.1788136">
      <ele>125.271</ele>
    </trkpt>
    <trkpt lat="-14.3969196" lon="132.1788448">
      <ele>125.159</ele>
    </trkpt>
    <trkpt lat="-14.3970495" lon="132.1789078">
      <ele>124.579</ele>
    </trkpt>
    <trkpt lat="-14.3971893" lon="132.1789851">
      <ele>124.077</ele>
    </trkpt>
    <trkpt lat="-14.3972614" lon="132.1790249">
      <ele>124.0</ele>
    </trkpt>
    <trkpt lat="-14.3974576" lon="132.1791266">
      <ele>124.0</ele>
    </trkpt>
    <trkpt lat="-14.3978484" lon="132.1793382">
      <ele>126.254</ele>
    </trkpt>
    <trkpt lat="-14.3980774" lon="132.1794613">
      <ele>127.013</ele>
    </trkpt>
    <trkpt lat="-14.3983377" lon="132.1796051">
      <ele>126.852</ele>
    </trkpt>
    <trkpt lat="-14.3986579" lon="132.1797756">
      <ele>127.201</ele>
    </trkpt>
    <trkpt lat="-14.3990271" lon="132.1799651">
      <ele>129.372</ele>
    </trkpt>
    <trkpt lat="-14.3993174" lon="132.1801146">
      <ele>129.811</ele>
    </trkpt>
    <trkpt lat="-14.4003911" lon="132.1806742">
      <ele>132.408</ele>
    </trkpt>
    <trkpt lat="-14.4003924" lon="132.1806749">
      <ele>132.413</ele>
    </trkpt>
    <trkpt lat="-14.4004437" lon="132.1807022">
      <ele>132.597</ele>
    </trkpt>
    <trkpt lat="-14.400551" lon="132.1807593">
      <ele>132.984</ele>
    </trkpt>
    <trkpt lat="-14.402057" lon="132.1815609">
      <ele>132.632</ele>
    </trkpt>
    <trkpt lat="-14.4024058" lon="132.1817831">
      <ele>132.439</ele>
    </trkpt>
    <trkpt lat="-14.4027192" lon="132.1819822">
      <ele>131.971</ele>
    </trkpt>
    <trkpt lat="-14.4028589" lon="132.1820926">
      <ele>132.448</ele>
    </trkpt>
    <trkpt lat="-14.4032106" lon="132.1823743">
      <ele>135.116</ele>
    </trkpt>
    <trkpt lat="-14.403472" lon="132.1825958">
      <ele>136.154</ele>
    </trkpt>
    <trkpt lat="-14.4035936" lon="132.1827086">
      <ele>136.186</ele>
    </trkpt>
    <trkpt lat="-14.4037408" lon="132.1828633">
      <ele>135.061</ele>
    </trkpt>
    <trkpt lat="-14.40407" lon="132.1832325">
      <ele>134.415</ele>
    </trkpt>
    <trkpt lat="-14.404272" lon="132.1834921">
      <ele>135.192</ele>
    </trkpt>
    <trkpt lat="-14.4044194" lon="132.1836869">
      <ele>135.338</ele>
    </trkpt>
    <trkpt lat="-14.4044223" lon="132.183691">
      <ele>135.344</ele>
    </trkpt>
    <trkpt lat="-14.4044562" lon="132.1837391">
      <ele>135.418</ele>
    </trkpt>
    <trkpt lat="-14.4045251" lon="132.183837">
      <ele>135.523</ele>
    </trkpt>
    <trkpt lat="-14.4047085" lon="132.1841464">
      <ele>135.004</ele>
    </trkpt>
    <trkpt lat="-14.4048352" lon="132.184356">
      <ele>135.0</ele>
    </trkpt>
    <trkpt lat="-14.4049567" lon="132.1846085">
      <ele>135.092</ele>
    </trkpt>
    <trkpt lat="-14.4050935" lon="132.1848783">
      <ele>135.0</ele>
    </trkpt>
    <trkpt lat="-14.405151" lon="132.184999">
      <ele>135.0</ele>
    </trkpt>
    <trkpt lat="-14.4052439" lon="132.1852448">
      <ele>135.0</ele>
    </trkpt>
    <trkpt lat="-14.405351" lon="132.185535">
      <ele>135.02</ele>
    </trkpt>
    <trkpt lat="-14.405541" lon="132.186201">
      <ele>136.29</ele>
    </trkpt>
    <trkpt lat="-14.4055588" lon="132.1862634">
      <ele>136.542</ele>
    </trkpt>
    <trkpt lat="-14.405561" lon="132.186271">
      <ele>136.564</ele>
    </trkpt>
    <trkpt lat="-14.4055847" lon="132.1863867">
      <ele>136.888</ele>
    </trkpt>
    <trkpt lat="-14.4055966" lon="132.1864449">
      <ele>136.479</ele>
    </trkpt>
    <trkpt lat="-14.4057818" lon="132.1873484">
      <ele>134.64</ele>
    </trkpt>
    <trkpt lat="-14.4059032" lon="132.1879268">
      <ele>135.362</ele>
    </trkpt>
    <trkpt lat="-14.4059932" lon="132.1883797">
      <ele>133.586</ele>
    </trkpt>
    <trkpt lat="-14.4060304" lon="132.1885614">
      <ele>132.178</ele>
    </trkpt>
    <trkpt lat="-14.4061197" lon="132.1890351">
      <ele>129.953</ele>
    </trkpt>
    <trkpt lat="-14.4061793" lon="132.1892996">
      <ele>129.988</ele>
    </trkpt>
    <trkpt lat="-14.4062858" lon="132.1898025">
      <ele>130.295</ele>
    </trkpt>
    <trkpt lat="-14.4064138" lon="132.1904239">
      <ele>130.474</ele>
    </trkpt>
    <trkpt lat="-14.4064842" lon="132.1907512">
      <ele>129.296</ele>
    </trkpt>
    <trkpt lat="-14.4065518" lon="132.1911049">
      <ele>128.022</ele>
    </trkpt>
    <trkpt lat="-14.4065968" lon="132.1913071">
      <ele>127.117</ele>
    </trkpt>
    <trkpt lat="-14.406689" lon="132.1917217">
      <ele>127.198</ele>
    </trkpt>
    <trkpt lat="-14.406761" lon="132.1920866">
      <ele>128.0</ele>
    </trkpt>
    <trkpt lat="-14.4068188" lon="132.1923857">
      <ele>128.266</ele>
    </trkpt>
    <trkpt lat="-14.4068779" lon="132.1926792">
      <ele>128.085</ele>
    </trkpt>
    <trkpt lat="-14.4069364" lon="132.1929548">
      <ele>127.982</ele>
    </trkpt>
    <trkpt lat="-14.4070229" lon="132.1933584">
      <ele>127.231</ele>
    </trkpt>
    <trkpt lat="-14.4070893" lon="132.1936954">
      <ele>126.03</ele>
    </trkpt>
    <trkpt lat="-14.4071575" lon="132.1940373">
      <ele>124.056</ele>
    </trkpt>
    <trkpt lat="-14.4071641" lon="132.1940743">
      <ele>123.805</ele>
    </trkpt>
    <trkpt lat="-14.4071877" lon="132.1942075">
      <ele>123.271</ele>
    </trkpt>
    <trkpt lat="-14.4072273" lon="132.1943585">
      <ele>123.709</ele>
    </trkpt>
    <trkpt lat="-14.4072795" lon="132.1946143">
      <ele>124.206</ele>
    </trkpt>
    <trkpt lat="-14.4073493" lon="132.194927">
      <ele>124.12</ele>
    </trkpt>
    <trkpt lat="-14.4074044" lon="132.1952121">
      <ele>124.501</ele>
    </trkpt>
    <trkpt lat="-14.407472" lon="132.1955364">
      <ele>124.899</ele>
    </trkpt>
    <trkpt lat="-14.4074968" lon="132.1956487">
      <ele>124.985</ele>
    </trkpt>
    <trkpt lat="-14.4075097" lon="132.1957069">
      <ele>124.965</ele>
    </trkpt>
    <trkpt lat="-14.4075434" lon="132.1958695">
      <ele>124.734</ele>
    </trkpt>
    <trkpt lat="-14.4075836" lon="132.1960593">
      <ele>124.13</ele>
    </trkpt>
    <trkpt lat="-14.4075943" lon="132.1961098">
      <ele>124.003</ele>
    </trkpt>
    <trkpt lat="-14.407617" lon="132.1962358">
      <ele>123.882</ele>
    </trkpt>
    <trkpt lat="-14.407659" lon="132.1964541">
      <ele>123.182</ele>
    </trkpt>
    <trkpt lat="-14.4077251" lon="132.1967487">
      <ele>122.619</ele>
    </trkpt>
    <trkpt lat="-14.4077683" lon="132.1969716">
      <ele>123.037</ele>
    </trkpt>
    <trkpt lat="-14.4078217" lon="132.1972812">
      <ele>122.326</ele>
    </trkpt>
    <trkpt lat="-14.4078432" lon="132.1973791">
      <ele>121.665</ele>
    </trkpt>
    <trkpt lat="-14.4079173" lon="132.1977816">
      <ele>121.018</ele>
    </trkpt>
    <trkpt lat="-14.4079942" lon="132.1981641">
      <ele>122.391</ele>
    </trkpt>
    <trkpt lat="-14.4080108" lon="132.1982434">
      <ele>122.676</ele>
    </trkpt>
    <trkpt lat="-14.4080639" lon="132.1984967">
      <ele>122.97</ele>
    </trkpt>
    <trkpt lat="-14.4081844" lon="132.1990559">
      <ele>123.286</ele>
    </trkpt>
    <trkpt lat="-14.4082365" lon="132.1993142">
      <ele>122.858</ele>
    </trkpt>
    <trkpt lat="-14.4082751" lon="132.1995143">
      <ele>123.053</ele>
    </trkpt>
    <trkpt lat="-14.4083233" lon="132.1997509">
      <ele>123.136</ele>
    </trkpt>
    <trkpt lat="-14.4083714" lon="132.1999875">
      <ele>123.961</ele>
    </trkpt>
    <trkpt lat="-14.4086408" lon="132.201277">
      <ele>126.232</ele>
    </trkpt>
    <trkpt lat="-14.4086728" lon="132.2014376">
      <ele>125.244</ele>
    </trkpt>
    <trkpt lat="-14.4086733" lon="132.2014401">
      <ele>125.225</ele>
    </trkpt>
    <trkpt lat="-14.4087091" lon="132.2016191">
      <ele>123.929</ele>
    </trkpt>
    <trkpt lat="-14.4087097" lon="132.2016219">
      <ele>123.91</ele>
    </trkpt>
    <trkpt lat="-14.4087533" lon="132.2018399">
      <ele>123.488</ele>
    </trkpt>
    <trkpt lat="-14.4089683" lon="132.2027885">
      <ele>124.077</ele>
    </trkpt>
    <trkpt lat="-14.4090595" lon="132.2031205">
      <ele>126.234</ele>
    </trkpt>
    <trkpt lat="-14.4091481" lon="132.203416">
      <ele>127.298</ele>
    </trkpt>
    <trkpt lat="-14.4091497" lon="132.2034216">
      <ele>127.318</ele>
    </trkpt>
    <trkpt lat="-14.409156" lon="132.2034427">
      <ele>127.394</ele>
    </trkpt>
    <trkpt lat="-14.4092061" lon="132.2035917">
      <ele>127.504</ele>
    </trkpt>
    <trkpt lat="-14.4092542" lon="132.203735">
      <ele>127.195</ele>
    </trkpt>
    <trkpt lat="-14.4093838" lon="132.2040644">
      <ele>126.437</ele>
    </trkpt>
    <trkpt lat="-14.40952" lon="132.2043706">
      <ele>125.728</ele>
    </trkpt>
    <trkpt lat="-14.4096211" lon="132.2045967">
      <ele>125.713</ele>
    </trkpt>
    <trkpt lat="-14.4096502" lon="132.2046615">
      <ele>125.838</ele>
    </trkpt>
    <trkpt lat="-14.4098154" lon="132.204982">
      <ele>123.772</ele>
    </trkpt>
    <trkpt lat="-14.4099719" lon="132.2052577">
      <ele>121.246</ele>
    </trkpt>
    <trkpt lat="-14.410142" lon="132.2055444">
      <ele>122.94</ele>
    </trkpt>
    <trkpt lat="-14.4105557" lon="132.2061148">
      <ele>124.0</ele>
    </trkpt>
    <trkpt lat="-14.410657" lon="132.2062417">
      <ele>123.828</ele>
    </trkpt>
    <trkpt lat="-14.4109383" lon="132.2065801">
      <ele>122.74</ele>
    </trkpt>
    <trkpt lat="-14.4111988" lon="132.2068518">
      <ele>121.018</ele>
    </trkpt>
    <trkpt lat="-14.4117026" lon="132.2073306">
      <ele>121.39</ele>
    </trkpt>
    <trkpt lat="-14.4120807" lon="132.2076309">
      <ele>122.471</ele>
    </trkpt>
    <trkpt lat="-14.4123005" lon="132.2077883">
      <ele>123.038</ele>
    </trkpt>
    <trkpt lat="-14.4124482" lon="132.2078942">
      <ele>123.419</ele>
    </trkpt>
    <trkpt lat="-14.412553" lon="132.2079692">
      <ele>123.689</ele>
    </trkpt>
    <trkpt lat="-14.4125987" lon="132.2079954">
      <ele>123.783</ele>
    </trkpt>
    <trkpt lat="-14.4127559" lon="132.2080858">
      <ele>124.109</ele>
    </trkpt>
    <trkpt lat="-14.4134723" lon="132.2084977">
      <ele>125.296</ele>
    </trkpt>
    <trkpt lat="-14.4138054" lon="132.2086534">
      <ele>127.399</ele>
    </trkpt>
    <trkpt lat="-14.4145304" lon="132.2089849">
      <ele>127.964</ele>
    </trkpt>
    <trkpt lat="-14.4146949" lon="132.2090601">
      <ele>128.285</ele>
    </trkpt>
    <trkpt lat="-14.4153517" lon="132.2093605">
      <ele>129.499</ele>
    </trkpt>
    <trkpt lat="-14.4155161" lon="132.2094358">
      <ele>128.258</ele>
    </trkpt>
    <trkpt lat="-14.4155171" lon="132.2094362">
      <ele>128.249</ele>
    </trkpt>
    <trkpt lat="-14.4156815" lon="132.2095115">
      <ele>128.103</ele>
    </trkpt>
    <trkpt lat="-14.4246019" lon="132.2135913">
      <ele>124.526</ele>
    </trkpt>
    <trkpt lat="-14.4255452" lon="132.2140428">
      <ele>123.483</ele>
    </trkpt>
    <trkpt lat="-14.4266155" lon="132.2146736">
      <ele>123.134</ele>
    </trkpt>
    <trkpt lat="-14.4272111" lon="132.2150891">
      <ele>122.974</ele>
    </trkpt>
    <trkpt lat="-14.4274845" lon="132.2153082">
      <ele>123.938</ele>
    </trkpt>
    <trkpt lat="-14.4279247" lon="132.2156568">
      <ele>123.935</ele>
    </trkpt>
    <trkpt lat="-14.4284505" lon="132.216106">
      <ele>122.146</ele>
    </trkpt>
    <trkpt lat="-14.428823" lon="132.2164669">
      <ele>122.214</ele>
    </trkpt>
    <trkpt lat="-14.429344" lon="132.2170048">
      <ele>123.783</ele>
    </trkpt>
    <trkpt lat="-14.4296638" lon="132.2173714">
      <ele>123.0</ele>
    </trkpt>
    <trkpt lat="-14.430007" lon="132.2177809">
      <ele>124.061</ele>
    </trkpt>
    <trkpt lat="-14.4303076" lon="132.2181852">
      <ele>125.735</ele>
    </trkpt>
    <trkpt lat="-14.4304068" lon="132.2183276">
      <ele>124.616</ele>
    </trkpt>
    <trkpt lat="-14.4305118" lon="132.2184783">
      <ele>123.308</ele>
    </trkpt>
    <trkpt lat="-14.4305609" lon="132.2185488">
      <ele>123.015</ele>
    </trkpt>
    <trkpt lat="-14.4305949" lon="132.2185976">
      <ele>123.135</ele>
    </trkpt>
    <trkpt lat="-14.4309831" lon="132.2192379">
      <ele>124.736</ele>
    </trkpt>
    <trkpt lat="-14.431339" lon="132.2198332">
      <ele>122.201</ele>
    </trkpt>
    <trkpt lat="-14.431996" lon="132.220937">
      <ele>121.207</ele>
    </trkpt>
    <trkpt lat="-14.4325412" lon="132.2218334">
      <ele>117.199</ele>
    </trkpt>
    <trkpt lat="-14.4327256" lon="132.2221365">
      <ele>115.309</ele>
    </trkpt>
    <trkpt lat="-14.432841" lon="132.2223261">
      <ele>115.085</ele>
    </trkpt>
    <trkpt lat="-14.4329234" lon="132.2224643">
      <ele>115.457</ele>
    </trkpt>
    <trkpt lat="-14.4351859" lon="132.2262589">
      <ele>117.112</ele>
    </trkpt>
    <trkpt lat="-14.4352377" lon="132.2263458">
      <ele>116.432</ele>
    </trkpt>
    <trkpt lat="-14.4352802" lon="132.2264171">
      <ele>115.907</ele>
    </trkpt>
    <trkpt lat="-14.4373548" lon="132.2298966">
      <ele>117.15</ele>
    </trkpt>
    <trkpt lat="-14.4374066" lon="132.2299834">
      <ele>117.276</ele>
    </trkpt>
    <trkpt lat="-14.4394175" lon="132.2333564">
      <ele>114.089</ele>
    </trkpt>
    <trkpt lat="-14.4394859" lon="132.2334597">
      <ele>113.769</ele>
    </trkpt>
    <trkpt lat="-14.4395317" lon="132.2335288">
      <ele>113.593</ele>
    </trkpt>
    <trkpt lat="-14.4395875" lon="132.233613">
      <ele>113.482</ele>
    </trkpt>
    <trkpt lat="-14.44013" lon="132.2344315">
      <ele>113.929</ele>
    </trkpt>
    <trkpt lat="-14.4413241" lon="132.2360472">
      <ele>112.643</ele>
    </trkpt>
    <trkpt lat="-14.4427119" lon="132.2379246">
      <ele>112.363</ele>
    </trkpt>
    <trkpt lat="-14.4427611" lon="132.2379912">
      <ele>112.106</ele>
    </trkpt>
    <trkpt lat="-14.4435623" lon="132.239075">
      <ele>110.058</ele>
    </trkpt>
    <trkpt lat="-14.4440241" lon="132.2396942">
      <ele>106.764</ele>
    </trkpt>
    <trkpt lat="-14.4440736" lon="132.2397606">
      <ele>106.105</ele>
    </trkpt>
    <trkpt lat="-14.4441579" lon="132.2398736">
      <ele>104.959</ele>
    </trkpt>
    <trkpt lat="-14.4441833" lon="132.2399077">
      <ele>104.744</ele>
    </trkpt>
    <trkpt lat="-14.4443572" lon="132.2401412">
      <ele>104.686</ele>
    </trkpt>
    <trkpt lat="-14.4445558" lon="132.2403892">
      <ele>105.802</ele>
    </trkpt>
    <trkpt lat="-14.4447501" lon="132.24062">
      <ele>106.791</ele>
    </trkpt>
    <trkpt lat="-14.4450322" lon="132.2409413">
      <ele>107.46</ele>
    </trkpt>
    <trkpt lat="-14.4454056" lon="132.2413306">
      <ele>108.0</ele>
    </trkpt>
    <trkpt lat="-14.4457013" lon="132.2416295">
      <ele>108.525</ele>
    </trkpt>
    <trkpt lat="-14.4459773" lon="132.2418864">
      <ele>109.0</ele>
    </trkpt>
    <trkpt lat="-14.4463921" lon="132.2422586">
      <ele>107.708</ele>
    </trkpt>
    <trkpt lat="-14.4467924" lon="132.2425974">
      <ele>106.317</ele>
    </trkpt>
    <trkpt lat="-14.448303" lon="132.2438718">
      <ele>106.952</ele>
    </trkpt>
    <trkpt lat="-14.4483246" lon="132.2438901">
      <ele>107.0</ele>
    </trkpt>
    <trkpt lat="-14.4484639" lon="132.2440076">
      <ele>107.0</ele>
    </trkpt>
    <trkpt lat="-14.4492127" lon="132.2446393">
      <ele>106.669</ele>
    </trkpt>
    <trkpt lat="-14.4494021" lon="132.2447991">
      <ele>105.539</ele>
    </trkpt>
    <trkpt lat="-14.4497806" lon="132.2451185">
      <ele>106.306</ele>
    </trkpt>
    <trkpt lat="-14.4500419" lon="132.2453532">
      <ele>107.162</ele>
    </trkpt>
    <trkpt lat="-14.450713" lon="132.245918">
      <ele>106.301</ele>
    </trkpt>
    <trkpt lat="-14.4516929" lon="132.2467481">
      <ele>105.972</ele>
    </trkpt>
    <trkpt lat="-14.4518409" lon="132.2468722">
      <ele>105.536</ele>
    </trkpt>
    <trkpt lat="-14.4520038" lon="132.2470136">
      <ele>104.947</ele>
    </trkpt>
    <trkpt lat="-14.4521876" lon="132.2471702">
      <ele>104.289</ele>
    </trkpt>
    <trkpt lat="-14.4524504" lon="132.2473941">
      <ele>104.416</ele>
    </trkpt>
    <trkpt lat="-14.452625" lon="132.2475446">
      <ele>105.233</ele>
    </trkpt>
    <trkpt lat="-14.4526856" lon="132.2476007">
      <ele>105.605</ele>
    </trkpt>
    <trkpt lat="-14.4529543" lon="132.2478247">
      <ele>107.107</ele>
    </trkpt>
    <trkpt lat="-14.4529776" lon="132.2478439">
      <ele>107.171</ele>
    </trkpt>
    <trkpt lat="-14.4531658" lon="132.2479994">
      <ele>107.401</ele>
    </trkpt>
    <trkpt lat="-14.4534441" lon="132.2482438">
      <ele>106.601</ele>
    </trkpt>
    <trkpt lat="-14.4536698" lon="132.2484421">
      <ele>105.577</ele>
    </trkpt>
    <trkpt lat="-14.4537199" lon="132.2484952">
      <ele>105.217</ele>
    </trkpt>
    <trkpt lat="-14.4541996" lon="132.2489749">
      <ele>105.664</ele>
    </trkpt>
    <trkpt lat="-14.454924" lon="132.2498489">
      <ele>106.669</ele>
    </trkpt>
    <trkpt lat="-14.4552019" lon="132.2502039">
      <ele>103.812</ele>
    </trkpt>
    <trkpt lat="-14.4562132" lon="132.2514959">
      <ele>108.004</ele>
    </trkpt>
    <trkpt lat="-14.4564216" lon="132.251758">
      <ele>106.184</ele>
    </trkpt>
    <trkpt lat="-14.4566534" lon="132.2520578">
      <ele>104.592</ele>
    </trkpt>
    <trkpt lat="-14.4569669" lon="132.2524569">
      <ele>104.068</ele>
    </trkpt>
    <trkpt lat="-14.457012" lon="132.2525152">
      <ele>104.243</ele>
    </trkpt>
    <trkpt lat="-14.4570792" lon="132.252602">
      <ele>104.485</ele>
    </trkpt>
    <trkpt lat="-14.4571243" lon="132.2526603">
      <ele>104.647</ele>
    </trkpt>
    <trkpt lat="-14.4571915" lon="132.2527471">
      <ele>104.889</ele>
    </trkpt>
    <trkpt lat="-14.4574161" lon="132.2530373">
      <ele>107.238</ele>
    </trkpt>
    <trkpt lat="-14.4580227" lon="132.2538211">
      <ele>104.244</ele>
    </trkpt>
    <trkpt lat="-14.4590693" lon="132.2551734">
      <ele>104.46</ele>
    </trkpt>
    <trkpt lat="-14.4600607" lon="132.2564662">
      <ele>105.375</ele>
    </trkpt>
    <trkpt lat="-14.4607416" lon="132.2573673">
      <ele>106.35</ele>
    </trkpt>
    <trkpt lat="-14.4611669" lon="132.257908">
      <ele>104.661</ele>
    </trkpt>
    <trkpt lat="-14.4614113" lon="132.2581865">
      <ele>100.462</ele>
    </trkpt>
    <trkpt lat="-14.4616332" lon="132.2584368">
      <ele>96.631</ele>
    </trkpt>
    <trkpt lat="-14.4617226" lon="132.2585376">
      <ele>94.952</ele>
    </trkpt>
    <trkpt lat="-14.4618037" lon="132.258641">
      <ele>93.892</ele>
    </trkpt>
    <trkpt lat="-14.4618739" lon="132.2587314">
      <ele>93.567</ele>
    </trkpt>
    <trkpt lat="-14.4619373" lon="132.2588093">
      <ele>93.287</ele>
    </trkpt>
    <trkpt lat="-14.4622653" lon="132.2592563">
      <ele>97.371</ele>
    </trkpt>
    <trkpt lat="-14.462435" lon="132.2595115">
      <ele>101.475</ele>
    </trkpt>
    <trkpt lat="-14.4625091" lon="132.2596136">
      <ele>102.622</ele>
    </trkpt>
    <trkpt lat="-14.4625899" lon="132.2597206">
      <ele>102.996</ele>
    </trkpt>
    <trkpt lat="-14.4626229" lon="132.2598211">
      <ele>103.157</ele>
    </trkpt>
    <trkpt lat="-14.4626425" lon="132.2598567">
      <ele>103.248</ele>
    </trkpt>
    <trkpt lat="-14.4627462" lon="132.2599636">
      <ele>103.77</ele>
    </trkpt>
    <trkpt lat="-14.4628589" lon="132.2600821">
      <ele>104.883</ele>
    </trkpt>
    <trkpt lat="-14.4629563" lon="132.2602019">
      <ele>106.096</ele>
    </trkpt>
    <trkpt lat="-14.4629993" lon="132.2602762">
      <ele>106.786</ele>
    </trkpt>
    <trkpt lat="-14.4631298" lon="132.260443">
      <ele>106.733</ele>
    </trkpt>
    <trkpt lat="-14.4635751" lon="132.2609804">
      <ele>107.069</ele>
    </trkpt>
    <trkpt lat="-14.4637622" lon="132.2612299">
      <ele>107.0</ele>
    </trkpt>
    <trkpt lat="-14.4639407" lon="132.2614565">
      <ele>106.559</ele>
    </trkpt>
    <trkpt lat="-14.4641012" lon="132.2616602">
      <ele>105.793</ele>
    </trkpt>
    <trkpt lat="-14.4644557" lon="132.2621302">
      <ele>106.669</ele>
    </trkpt>
    <trkpt lat="-14.4648973" lon="132.2627092">
      <ele>108.278</ele>
    </trkpt>
    <trkpt lat="-14.4653366" lon="132.2632852">
      <ele>107.963</ele>
    </trkpt>
    <trkpt lat="-14.4656752" lon="132.2637283">
      <ele>106.818</ele>
    </trkpt>
    <trkpt lat="-14.4659193" lon="132.26407">
      <ele>105.55</ele>
    </trkpt>
    <trkpt lat="-14.4661316" lon="132.2643672">
      <ele>105.405</ele>
    </trkpt>
    <trkpt lat="-14.4665474" lon="132.2649493">
      <ele>105.963</ele>
    </trkpt>
    <trkpt lat="-14.4668281" lon="132.2653611">
      <ele>104.419</ele>
    </trkpt>
    <trkpt lat="-14.4673126" lon="132.2660756">
      <ele>103.581</ele>
    </trkpt>
    <trkpt lat="-14.4674874" lon="132.2663299">
      <ele>102.415</ele>
    </trkpt>
    <trkpt lat="-14.4676127" lon="132.2665263">
      <ele>102.294</ele>
    </trkpt>
    <trkpt lat="-14.4677662" lon="132.2667943">
      <ele>102.941</ele>
    </trkpt>
    <trkpt lat="-14.467824" lon="132.2669041">
      <ele>103.876</ele>
    </trkpt>
    <trkpt lat="-14.4679696" lon="132.2671899">
      <ele>105.848</ele>
    </trkpt>
    <trkpt lat="-14.4681378" lon="132.267549">
      <ele>108.124</ele>
    </trkpt>
    <trkpt lat="-14.4681968" lon="132.2676831">
      <ele>108.324</ele>
    </trkpt>
    <trkpt lat="-14.4682306" lon="132.2677829">
      <ele>108.351</ele>
    </trkpt>
    <trkpt lat="-14.4682785" lon="132.267928">
      <ele>107.657</ele>
    </trkpt>
    <trkpt lat="-14.4683622" lon="132.2682068">
      <ele>105.864</ele>
    </trkpt>
    <trkpt lat="-14.468434" lon="132.2684792">
      <ele>105.0</ele>
    </trkpt>
    <trkpt lat="-14.4688672" lon="132.2702904">
      <ele>105.045</ele>
    </trkpt>
    <trkpt lat="-14.4689971" lon="132.2709089">
      <ele>105.997</ele>
    </trkpt>
    <trkpt lat="-14.4691327" lon="132.2716616">
      <ele>106.111</ele>
    </trkpt>
    <trkpt lat="-14.4691663" lon="132.2718771">
      <ele>106.0</ele>
    </trkpt>
    <trkpt lat="-14.4694295" lon="132.2735355">
      <ele>106.054</ele>
    </trkpt>
    <trkpt lat="-14.4696994" lon="132.2750903">
      <ele>101.273</ele>
    </trkpt>
    <trkpt lat="-14.4698627" lon="132.2757767">
      <ele>102.785</ele>
    </trkpt>
    <trkpt lat="-14.4700839" lon="132.2766176">
      <ele>106.096</ele>
    </trkpt>
    <trkpt lat="-14.4701934" lon="132.2770337">
      <ele>106.401</ele>
    </trkpt>
    <trkpt lat="-14.4702673" lon="132.277339">
      <ele>105.671</ele>
    </trkpt>
    <trkpt lat="-14.4704203" lon="132.2779944">
      <ele>104.267</ele>
    </trkpt>
    <trkpt lat="-14.4707177" lon="132.2792689">
      <ele>105.569</ele>
    </trkpt>
    <trkpt lat="-14.4707472" lon="132.2793868">
      <ele>105.556</ele>
    </trkpt>
    <trkpt lat="-14.4707728" lon="132.2794875">
      <ele>105.557</ele>
    </trkpt>
    <trkpt lat="-14.4709975" lon="132.2803859">
      <ele>106.568</ele>
    </trkpt>
    <trkpt lat="-14.4710425" lon="132.2805655">
      <ele>106.53</ele>
    </trkpt>
    <trkpt lat="-14.4710428" lon="132.2805666">
      <ele>106.532</ele>
    </trkpt>
    <trkpt lat="-14.4715627" lon="132.2826461">
      <ele>107.571</ele>
    </trkpt>
    <trkpt lat="-14.4720648" lon="132.2846173">
      <ele>110.0</ele>
    </trkpt>
    <trkpt lat="-14.4722062" lon="132.285179">
      <ele>110.058</ele>
    </trkpt>
    <trkpt lat="-14.4724825" lon="132.2862492">
      <ele>112.994</ele>
    </trkpt>
    <trkpt lat="-14.472746" lon="132.2874313">
      <ele>109.924</ele>
    </trkpt>
    <trkpt lat="-14.4731168" lon="132.2889417">
      <ele>109.852</ele>
    </trkpt>
    <trkpt lat="-14.4731244" lon="132.2889726">
      <ele>109.502</ele>
    </trkpt>
    <trkpt lat="-14.473335" lon="132.2897878">
      <ele>110.248</ele>
    </trkpt>
    <trkpt lat="-14.4735331" lon="132.2904946">
      <ele>111.877</ele>
    </trkpt>
    <trkpt lat="-14.4735939" lon="132.2907506">
      <ele>111.895</ele>
    </trkpt>
    <trkpt lat="-14.4736083" lon="132.2908112">
      <ele>111.981</ele>
    </trkpt>
    <trkpt lat="-14.4736481" lon="132.2909571">
      <ele>112.105</ele>
    </trkpt>
    <trkpt lat="-14.4737242" lon="132.2912338">
      <ele>111.662</ele>
    </trkpt>
    <trkpt lat="-14.4743475" lon="132.2938564">
      <ele>111.0</ele>
    </trkpt>
    <trkpt lat="-14.4743733" lon="132.2939506">
      <ele>110.721</ele>
    </trkpt>
    <trkpt lat="-14.4744233" lon="132.2941563">
      <ele>109.964</ele>
    </trkpt>
    <trkpt lat="-14.4744365" lon="132.2942004">
      <ele>109.853</ele>
    </trkpt>
    <trkpt lat="-14.4744718" lon="132.2943311">
      <ele>109.426</ele>
    </trkpt>
    <trkpt lat="-14.4745188" lon="132.2945212">
      <ele>109.194</ele>
    </trkpt>
    <trkpt lat="-14.4745771" lon="132.2947643">
      <ele>108.921</ele>
    </trkpt>
    <trkpt lat="-14.4746045" lon="132.2948642">
      <ele>108.783</ele>
    </trkpt>
    <trkpt lat="-14.4747584" lon="132.2956218">
      <ele>108.87</ele>
    </trkpt>
    <trkpt lat="-14.4749009" lon="132.2961337">
      <ele>110.052</ele>
    </trkpt>
    <trkpt lat="-14.4749524" lon="132.2963299">
      <ele>110.653</ele>
    </trkpt>
    <trkpt lat="-14.4753704" lon="132.2979212">
      <ele>108.516</ele>
    </trkpt>
    <trkpt lat="-14.4757371" lon="132.2995113">
      <ele>106.788</ele>
    </trkpt>
    <trkpt lat="-14.4761359" lon="132.3011226">
      <ele>112.038</ele>
    </trkpt>
    <trkpt lat="-14.4762879" lon="132.3017365">
      <ele>111.16</ele>
    </trkpt>
    <trkpt lat="-14.4765646" lon="132.3027922">
      <ele>110.671</ele>
    </trkpt>
    <trkpt lat="-14.4768684" lon="132.3040276">
      <ele>108.0</ele>
    </trkpt>
    <trkpt lat="-14.4770093" lon="132.3045942">
      <ele>108.767</ele>
    </trkpt>
    <trkpt lat="-14.4772879" lon="132.3057144">
      <ele>108.146</ele>
    </trkpt>
    <trkpt lat="-14.477593" lon="132.3069368">
      <ele>109.982</ele>
    </trkpt>
    <trkpt lat="-14.4797863" lon="132.3157921">
      <ele>110.886</ele>
    </trkpt>
    <trkpt lat="-14.4802327" lon="132.3175942">
      <ele>112.449</ele>
    </trkpt>
    <trkpt lat="-14.4804313" lon="132.318412">
      <ele>113.566</ele>
    </trkpt>
    <trkpt lat="-14.4808724" lon="132.3203013">
      <ele>113.0</ele>
    </trkpt>
    <trkpt lat="-14.4810911" lon="132.3211893">
      <ele>111.144</ele>
    </trkpt>
    <trkpt lat="-14.4814249" lon="132.3225129">
      <ele>115.034</ele>
    </trkpt>
    <trkpt lat="-14.4817154" lon="132.3236353">
      <ele>111.015</ele>
    </trkpt>
    <trkpt lat="-14.4817252" lon="132.3236743">
      <ele>111.048</ele>
    </trkpt>
    <trkpt lat="-14.4815894" lon="132.3238365">
      <ele>111.278</ele>
    </trkpt>
    <trkpt lat="-14.4814661" lon="132.3240171">
      <ele>112.184</ele>
    </trkpt>
    <trkpt lat="-14.4814" lon="132.3241669">
      <ele>112.96</ele>
    </trkpt>
    <trkpt lat="-14.4813784" lon="132.3243235">
      <ele>113.059</ele>
    </trkpt>
    <trkpt lat="-14.4813989" lon="132.324477">
      <ele>113.113</ele>
    </trkpt>
    <trkpt lat="-14.4814527" lon="132.3246703">
      <ele>113.626</ele>
    </trkpt>
    <trkpt lat="-14.4815445" lon="132.3250298">
      <ele>113.44</ele>
    </trkpt>
    <trkpt lat="-14.481646" lon="132.325427">
      <ele>113.074</ele>
    </trkpt>
  </trkseg>
</trk>
</gpx>
