<?xml version="1.0" encoding="utf-8" standalone="yes"?>
<gpx version="1.1" creator="GPS Visualizer https://www.gpsvisualizer.com/" xmlns="http://www.topografix.com/GPX/1/1" xmlns:xsi="http://www.w3.org/2001/XMLSchema-instance" xsi:schemaLocation="http://www.topografix.com/GPX/1/1 http://www.topografix.com/GPX/1/1/gpx.xsd http://www.garmin.com/xmlschemas/TrackPointExtension/v2 http://www.garmin.com/xmlschemas/TrackPointExtensionv2.xsd http://www.garmin.com/xmlschemas/GpxExtensions/v3 http://www.garmin.com/xmlschemas/GpxExtensionsv3.xsd" xmlns:gpxtpx="http://www.garmin.com/xmlschemas/TrackPointExtension/v2" xmlns:gpxx="http://www.garmin.com/xmlschemas/GpxExtensions/v3">
<trk>
  <name>Route7</name>
  <trkseg>
    <trkpt lat="-25.1974444" lon="133.2009195">
      <ele>418.269</ele>
    </trkpt>
    <trkpt lat="-25.1974444" lon="133.2009195">
      <ele>418.269</ele>
    </trkpt>
    <trkpt lat="-25.1977567" lon="133.2010408">
      <ele>417.86</ele>
    </trkpt>
    <trkpt lat="-25.1980458" lon="133.2011217">
      <ele>417.034</ele>
    </trkpt>
    <trkpt lat="-25.1979732" lon="133.2016091">
      <ele>415.737</ele>
    </trkpt>
    <trkpt lat="-25.1979519" lon="133.201697">
      <ele>415.213</ele>
    </trkpt>
    <trkpt lat="-25.1980645" lon="133.201729">
      <ele>416.064</ele>
    </trkpt>
    <trkpt lat="-25.1985569" lon="133.2018676">
      <ele>419.387</ele>
    </trkpt>
    <trkpt lat="-25.198574" lon="133.2018719">
      <ele>419.507</ele>
    </trkpt>
    <trkpt lat="-25.198914" lon="133.2019667">
      <ele>420.993</ele>
    </trkpt>
    <trkpt lat="-25.1997366" lon="133.2021695">
      <ele>417.99</ele>
    </trkpt>
    <trkpt lat="-25.1998595" lon="133.2022037">
      <ele>417.967</ele>
    </trkpt>
    <trkpt lat="-25.200226" lon="133.2023075">
      <ele>417.8</ele>
    </trkpt>
    <trkpt lat="-25.2007237" lon="133.2024516">
      <ele>418.431</ele>
    </trkpt>
    <trkpt lat="-25.2008895" lon="133.2024996">
      <ele>419.201</ele>
    </trkpt>
    <trkpt lat="-25.2012703" lon="133.2026082">
      <ele>420.739</ele>
    </trkpt>
    <trkpt lat="-25.2014445" lon="133.2026579">
      <ele>420.886</ele>
    </trkpt>
    <trkpt lat="-25.2016182" lon="133.2027075">
      <ele>420.383</ele>
    </trkpt>
    <trkpt lat="-25.2020542" lon="133.202836">
      <ele>418.395</ele>
    </trkpt>
    <trkpt lat="-25.2023225" lon="133.2029084">
      <ele>418.422</ele>
    </trkpt>
    <trkpt lat="-25.2024892" lon="133.2029565">
      <ele>419.897</ele>
    </trkpt>
    <trkpt lat="-25.2026633" lon="133.2030068">
      <ele>420.588</ele>
    </trkpt>
    <trkpt lat="-25.2028373" lon="133.203057">
      <ele>420.787</ele>
    </trkpt>
    <trkpt lat="-25.2030113" lon="133.2031072">
      <ele>420.316</ele>
    </trkpt>
    <trkpt lat="-25.2031334" lon="133.2031425">
      <ele>420.033</ele>
    </trkpt>
    <trkpt lat="-25.2031854" lon="133.2031573">
      <ele>419.899</ele>
    </trkpt>
    <trkpt lat="-25.2036252" lon="133.2032829">
      <ele>417.958</ele>
    </trkpt>
    <trkpt lat="-25.2044848" lon="133.2035283">
      <ele>418.36</ele>
    </trkpt>
    <trkpt lat="-25.2051217" lon="133.2037121">
      <ele>419.727</ele>
    </trkpt>
    <trkpt lat="-25.2054496" lon="133.2038023">
      <ele>419.525</ele>
    </trkpt>
    <trkpt lat="-25.2056533" lon="133.2038583">
      <ele>417.944</ele>
    </trkpt>
    <trkpt lat="-25.2057995" lon="133.2038947">
      <ele>416.363</ele>
    </trkpt>
    <trkpt lat="-25.2062889" lon="133.2040165">
      <ele>415.805</ele>
    </trkpt>
    <trkpt lat="-25.2063259" lon="133.2040256">
      <ele>415.885</ele>
    </trkpt>
    <trkpt lat="-25.2064182" lon="133.2040484">
      <ele>416.09</ele>
    </trkpt>
    <trkpt lat="-25.2065014" lon="133.2040689">
      <ele>416.285</ele>
    </trkpt>
    <trkpt lat="-25.2065937" lon="133.2040917">
      <ele>416.398</ele>
    </trkpt>
    <trkpt lat="-25.206677" lon="133.2041122">
      <ele>416.392</ele>
    </trkpt>
    <trkpt lat="-25.2068525" lon="133.2041555">
      <ele>416.08</ele>
    </trkpt>
    <trkpt lat="-25.2068673" lon="133.2041591">
      <ele>416.054</ele>
    </trkpt>
    <trkpt lat="-25.2075215" lon="133.2042946">
      <ele>416.502</ele>
    </trkpt>
    <trkpt lat="-25.2079132" lon="133.2043753">
      <ele>417.488</ele>
    </trkpt>
    <trkpt lat="-25.2082418" lon="133.2044429">
      <ele>418.67</ele>
    </trkpt>
    <trkpt lat="-25.2088485" lon="133.2045558">
      <ele>419.198</ele>
    </trkpt>
    <trkpt lat="-25.2093672" lon="133.204643">
      <ele>418.881</ele>
    </trkpt>
    <trkpt lat="-25.2095105" lon="133.2046647">
      <ele>419.238</ele>
    </trkpt>
    <trkpt lat="-25.2098669" lon="133.2047186">
      <ele>420.0</ele>
    </trkpt>
    <trkpt lat="-25.2099258" lon="133.2047275">
      <ele>420.005</ele>
    </trkpt>
    <trkpt lat="-25.210045" lon="133.2047465">
      <ele>419.838</ele>
    </trkpt>
    <trkpt lat="-25.2101386" lon="133.2047614">
      <ele>419.501</ele>
    </trkpt>
    <trkpt lat="-25.2101935" lon="133.2047701">
      <ele>419.303</ele>
    </trkpt>
    <trkpt lat="-25.2105273" lon="133.2048126">
      <ele>419.0</ele>
    </trkpt>
    <trkpt lat="-25.2110441" lon="133.2048737">
      <ele>419.504</ele>
    </trkpt>
    <trkpt lat="-25.2111171" lon="133.2048823">
      <ele>419.738</ele>
    </trkpt>
    <trkpt lat="-25.211296" lon="133.2049033">
      <ele>420.187</ele>
    </trkpt>
    <trkpt lat="-25.2113899" lon="133.2049143">
      <ele>420.384</ele>
    </trkpt>
    <trkpt lat="-25.2114748" lon="133.2049243">
      <ele>420.539</ele>
    </trkpt>
    <trkpt lat="-25.2115688" lon="133.2049354">
      <ele>420.686</ele>
    </trkpt>
    <trkpt lat="-25.2116116" lon="133.2049404">
      <ele>420.743</ele>
    </trkpt>
    <trkpt lat="-25.2116537" lon="133.2049445">
      <ele>420.791</ele>
    </trkpt>
    <trkpt lat="-25.2122292" lon="133.205">
      <ele>420.975</ele>
    </trkpt>
    <trkpt lat="-25.212599" lon="133.2050234">
      <ele>419.559</ele>
    </trkpt>
    <trkpt lat="-25.2129096" lon="133.2050407">
      <ele>417.974</ele>
    </trkpt>
    <trkpt lat="-25.213004" lon="133.205046">
      <ele>417.34</ele>
    </trkpt>
    <trkpt lat="-25.2130892" lon="133.2050507">
      <ele>416.758</ele>
    </trkpt>
    <trkpt lat="-25.2131973" lon="133.2050567">
      <ele>415.979</ele>
    </trkpt>
    <trkpt lat="-25.213822" lon="133.2050865">
      <ele>415.684</ele>
    </trkpt>
    <trkpt lat="-25.2141676" lon="133.2050956">
      <ele>417.997</ele>
    </trkpt>
    <trkpt lat="-25.214385" lon="133.2051014">
      <ele>417.214</ele>
    </trkpt>
    <trkpt lat="-25.2147071" lon="133.2051033">
      <ele>416.406</ele>
    </trkpt>
    <trkpt lat="-25.2149929" lon="133.205105">
      <ele>415.641</ele>
    </trkpt>
    <trkpt lat="-25.2154266" lon="133.205105">
      <ele>414.911</ele>
    </trkpt>
    <trkpt lat="-25.2156064" lon="133.205105">
      <ele>414.508</ele>
    </trkpt>
    <trkpt lat="-25.2158313" lon="133.205105">
      <ele>414.005</ele>
    </trkpt>
    <trkpt lat="-25.2159661" lon="133.2051003">
      <ele>413.867</ele>
    </trkpt>
    <trkpt lat="-25.2162889" lon="133.2050889">
      <ele>413.0</ele>
    </trkpt>
    <trkpt lat="-25.2170707" lon="133.2050614">
      <ele>412.342</ele>
    </trkpt>
    <trkpt lat="-25.2178423" lon="133.2050265">
      <ele>415.083</ele>
    </trkpt>
    <trkpt lat="-25.2189482" lon="133.2049801">
      <ele>411.771</ele>
    </trkpt>
    <trkpt lat="-25.2205623" lon="133.2049042">
      <ele>409.647</ele>
    </trkpt>
    <trkpt lat="-25.2213089" lon="133.2048718">
      <ele>412.118</ele>
    </trkpt>
    <trkpt lat="-25.2217058" lon="133.2048544">
      <ele>411.792</ele>
    </trkpt>
    <trkpt lat="-25.2225025" lon="133.2048089">
      <ele>409.991</ele>
    </trkpt>
    <trkpt lat="-25.2230461" lon="133.2047865">
      <ele>409.0</ele>
    </trkpt>
    <trkpt lat="-25.2239349" lon="133.2047462">
      <ele>411.065</ele>
    </trkpt>
    <trkpt lat="-25.2243062" lon="133.2047334">
      <ele>412.944</ele>
    </trkpt>
    <trkpt lat="-25.2244841" lon="133.2047314">
      <ele>413.976</ele>
    </trkpt>
    <trkpt lat="-25.224789" lon="133.2047279">
      <ele>413.53</ele>
    </trkpt>
    <trkpt lat="-25.2250926" lon="133.2047246">
      <ele>411.325</ele>
    </trkpt>
    <trkpt lat="-25.2263144" lon="133.2047195">
      <ele>408.566</ele>
    </trkpt>
    <trkpt lat="-25.2274119" lon="133.2047464">
      <ele>411.0</ele>
    </trkpt>
    <trkpt lat="-25.2286949" lon="133.2048037">
      <ele>410.698</ele>
    </trkpt>
    <trkpt lat="-25.229935" lon="133.2048991">
      <ele>406.766</ele>
    </trkpt>
    <trkpt lat="-25.2311042" lon="133.2050161">
      <ele>408.917</ele>
    </trkpt>
    <trkpt lat="-25.2314267" lon="133.205058">
      <ele>409.446</ele>
    </trkpt>
    <trkpt lat="-25.2327514" lon="133.2052424">
      <ele>409.695</ele>
    </trkpt>
    <trkpt lat="-25.2334342" lon="133.2053462">
      <ele>406.754</ele>
    </trkpt>
    <trkpt lat="-25.2337562" lon="133.2053889">
      <ele>406.6</ele>
    </trkpt>
    <trkpt lat="-25.234168" lon="133.205456">
      <ele>407.01</ele>
    </trkpt>
    <trkpt lat="-25.2344407" lon="133.2055053">
      <ele>408.973</ele>
    </trkpt>
    <trkpt lat="-25.2348738" lon="133.2055773">
      <ele>408.916</ele>
    </trkpt>
    <trkpt lat="-25.2357824" lon="133.2057218">
      <ele>409.94</ele>
    </trkpt>
    <trkpt lat="-25.2366793" lon="133.2058615">
      <ele>411.944</ele>
    </trkpt>
    <trkpt lat="-25.2367992" lon="133.2058788">
      <ele>412.313</ele>
    </trkpt>
    <trkpt lat="-25.2368332" lon="133.2058839">
      <ele>412.417</ele>
    </trkpt>
    <trkpt lat="-25.2368737" lon="133.2058899">
      <ele>412.542</ele>
    </trkpt>
    <trkpt lat="-25.23808" lon="133.2060772">
      <ele>408.0</ele>
    </trkpt>
    <trkpt lat="-25.2383464" lon="133.2061185">
      <ele>408.099</ele>
    </trkpt>
    <trkpt lat="-25.2396084" lon="133.2063178">
      <ele>409.256</ele>
    </trkpt>
    <trkpt lat="-25.2427079" lon="133.2068246">
      <ele>410.605</ele>
    </trkpt>
    <trkpt lat="-25.2430637" lon="133.2068828">
      <ele>411.807</ele>
    </trkpt>
    <trkpt lat="-25.2432072" lon="133.2069062">
      <ele>412.408</ele>
    </trkpt>
    <trkpt lat="-25.2433852" lon="133.2069353">
      <ele>412.793</ele>
    </trkpt>
    <trkpt lat="-25.2434196" lon="133.2069409">
      <ele>412.685</ele>
    </trkpt>
    <trkpt lat="-25.2440177" lon="133.2070387">
      <ele>411.503</ele>
    </trkpt>
    <trkpt lat="-25.2443095" lon="133.2070857">
      <ele>410.478</ele>
    </trkpt>
    <trkpt lat="-25.2443437" lon="133.2070912">
      <ele>410.342</ele>
    </trkpt>
    <trkpt lat="-25.2449726" lon="133.2071899">
      <ele>408.419</ele>
    </trkpt>
    <trkpt lat="-25.2468493" lon="133.2074926">
      <ele>404.631</ele>
    </trkpt>
    <trkpt lat="-25.2481914" lon="133.2077048">
      <ele>401.639</ele>
    </trkpt>
    <trkpt lat="-25.2484042" lon="133.2077384">
      <ele>401.652</ele>
    </trkpt>
    <trkpt lat="-25.2489385" lon="133.2078234">
      <ele>403.149</ele>
    </trkpt>
    <trkpt lat="-25.2490815" lon="133.207846">
      <ele>403.523</ele>
    </trkpt>
    <trkpt lat="-25.2491165" lon="133.2078515">
      <ele>403.602</ele>
    </trkpt>
    <trkpt lat="-25.249605" lon="133.2079287">
      <ele>400.58</ele>
    </trkpt>
    <trkpt lat="-25.2503626" lon="133.2080519">
      <ele>401.296</ele>
    </trkpt>
    <trkpt lat="-25.2505055" lon="133.2080751">
      <ele>401.775</ele>
    </trkpt>
    <trkpt lat="-25.2505406" lon="133.2080809">
      <ele>401.865</ele>
    </trkpt>
    <trkpt lat="-25.2508614" lon="133.208133">
      <ele>401.0</ele>
    </trkpt>
    <trkpt lat="-25.2517863" lon="133.2082831">
      <ele>400.75</ele>
    </trkpt>
    <trkpt lat="-25.2528805" lon="133.2084607">
      <ele>403.6</ele>
    </trkpt>
    <trkpt lat="-25.2544692" lon="133.2087096">
      <ele>402.556</ele>
    </trkpt>
    <trkpt lat="-25.2553041" lon="133.2088458">
      <ele>399.14</ele>
    </trkpt>
    <trkpt lat="-25.2555248" lon="133.2088809">
      <ele>399.003</ele>
    </trkpt>
    <trkpt lat="-25.2556674" lon="133.2089036">
      <ele>399.837</ele>
    </trkpt>
    <trkpt lat="-25.2557029" lon="133.2089092">
      <ele>400.095</ele>
    </trkpt>
    <trkpt lat="-25.2558809" lon="133.2089376">
      <ele>401.342</ele>
    </trkpt>
    <trkpt lat="-25.256237" lon="133.2089943">
      <ele>403.453</ele>
    </trkpt>
    <trkpt lat="-25.2574071" lon="133.209181">
      <ele>401.648</ele>
    </trkpt>
    <trkpt lat="-25.2589251" lon="133.2094384">
      <ele>408.366</ele>
    </trkpt>
    <trkpt lat="-25.2597958" lon="133.2095766">
      <ele>408.91</ele>
    </trkpt>
    <trkpt lat="-25.2601519" lon="133.2096331">
      <ele>408.145</ele>
    </trkpt>
    <trkpt lat="-25.2606502" lon="133.2097122">
      <ele>407.587</ele>
    </trkpt>
    <trkpt lat="-25.2606861" lon="133.2097179">
      <ele>407.499</ele>
    </trkpt>
    <trkpt lat="-25.2608642" lon="133.2097462">
      <ele>406.966</ele>
    </trkpt>
    <trkpt lat="-25.2621769" lon="133.2099547">
      <ele>407.864</ele>
    </trkpt>
    <trkpt lat="-25.2622884" lon="133.2099732">
      <ele>407.904</ele>
    </trkpt>
    <trkpt lat="-25.2638506" lon="133.2102319">
      <ele>410.417</ele>
    </trkpt>
    <trkpt lat="-25.2645669" lon="133.2103341">
      <ele>410.88</ele>
    </trkpt>
    <trkpt lat="-25.2646033" lon="133.2103393">
      <ele>410.506</ele>
    </trkpt>
    <trkpt lat="-25.2647817" lon="133.2103646">
      <ele>408.951</ele>
    </trkpt>
    <trkpt lat="-25.2649601" lon="133.2103898">
      <ele>408.036</ele>
    </trkpt>
    <trkpt lat="-25.2651021" lon="133.21041">
      <ele>408.32</ele>
    </trkpt>
    <trkpt lat="-25.2652805" lon="133.2104352">
      <ele>409.128</ele>
    </trkpt>
    <trkpt lat="-25.2659338" lon="133.2105278">
      <ele>408.8</ele>
    </trkpt>
    <trkpt lat="-25.26621" lon="133.2105582">
      <ele>408.288</ele>
    </trkpt>
    <trkpt lat="-25.2671049" lon="133.2106568">
      <ele>406.732</ele>
    </trkpt>
    <trkpt lat="-25.267249" lon="133.2106726">
      <ele>406.904</ele>
    </trkpt>
    <trkpt lat="-25.2689135" lon="133.2107946">
      <ele>403.115</ele>
    </trkpt>
    <trkpt lat="-25.2690789" lon="133.210804">
      <ele>402.961</ele>
    </trkpt>
    <trkpt lat="-25.2692216" lon="133.2108119">
      <ele>402.923</ele>
    </trkpt>
    <trkpt lat="-25.2692586" lon="133.210814">
      <ele>402.93</ele>
    </trkpt>
    <trkpt lat="-25.2697606" lon="133.2108421">
      <ele>402.036</ele>
    </trkpt>
    <trkpt lat="-25.2699771" lon="133.2108543">
      <ele>402.145</ele>
    </trkpt>
    <trkpt lat="-25.2705005" lon="133.2108838">
      <ele>403.363</ele>
    </trkpt>
    <trkpt lat="-25.2715952" lon="133.2108994">
      <ele>401.238</ele>
    </trkpt>
    <trkpt lat="-25.2721076" lon="133.2109068">
      <ele>401.832</ele>
    </trkpt>
    <trkpt lat="-25.2728543" lon="133.2108953">
      <ele>401.777</ele>
    </trkpt>
    <trkpt lat="-25.2732139" lon="133.2108896">
      <ele>401.343</ele>
    </trkpt>
    <trkpt lat="-25.2733938" lon="133.2108867">
      <ele>400.782</ele>
    </trkpt>
    <trkpt lat="-25.2735736" lon="133.2108838">
      <ele>400.135</ele>
    </trkpt>
    <trkpt lat="-25.2738294" lon="133.2108796">
      <ele>399.214</ele>
    </trkpt>
    <trkpt lat="-25.2742552" lon="133.2108535">
      <ele>397.681</ele>
    </trkpt>
    <trkpt lat="-25.2744348" lon="133.2108425">
      <ele>397.035</ele>
    </trkpt>
    <trkpt lat="-25.2749735" lon="133.2108095">
      <ele>398.819</ele>
    </trkpt>
    <trkpt lat="-25.2750108" lon="133.2108072">
      <ele>398.945</ele>
    </trkpt>
    <trkpt lat="-25.27537" lon="133.2107851">
      <ele>399.826</ele>
    </trkpt>
    <trkpt lat="-25.2755496" lon="133.2107741">
      <ele>399.787</ele>
    </trkpt>
    <trkpt lat="-25.2759087" lon="133.2107523">
      <ele>398.9</ele>
    </trkpt>
    <trkpt lat="-25.2765525" lon="133.2107129">
      <ele>399.745</ele>
    </trkpt>
    <trkpt lat="-25.2782357" lon="133.2105064">
      <ele>398.292</ele>
    </trkpt>
    <trkpt lat="-25.279496" lon="133.2103517">
      <ele>401.0</ele>
    </trkpt>
    <trkpt lat="-25.2812278" lon="133.2100559">
      <ele>400.219</ele>
    </trkpt>
    <trkpt lat="-25.2814402" lon="133.2100196">
      <ele>400.758</ele>
    </trkpt>
    <trkpt lat="-25.284579" lon="133.209325">
      <ele>399.376</ele>
    </trkpt>
    <trkpt lat="-25.2847544" lon="133.2092739">
      <ele>399.273</ele>
    </trkpt>
    <trkpt lat="-25.2847905" lon="133.2092634">
      <ele>399.389</ele>
    </trkpt>
    <trkpt lat="-25.2849283" lon="133.2092232">
      <ele>399.744</ele>
    </trkpt>
    <trkpt lat="-25.2849644" lon="133.2092127">
      <ele>399.813</ele>
    </trkpt>
    <trkpt lat="-25.2865299" lon="133.208757">
      <ele>401.741</ele>
    </trkpt>
    <trkpt lat="-25.2874401" lon="133.2084922">
      <ele>402.264</ele>
    </trkpt>
    <trkpt lat="-25.2886028" lon="133.2080944">
      <ele>401.136</ele>
    </trkpt>
    <trkpt lat="-25.2887746" lon="133.2080355">
      <ele>402.249</ele>
    </trkpt>
    <trkpt lat="-25.2889464" lon="133.2079766">
      <ele>403.284</ele>
    </trkpt>
    <trkpt lat="-25.292227" lon="133.2068521">
      <ele>403.011</ele>
    </trkpt>
    <trkpt lat="-25.2944631" lon="133.2060961">
      <ele>403.879</ele>
    </trkpt>
    <trkpt lat="-25.2948306" lon="133.2059719">
      <ele>402.694</ele>
    </trkpt>
    <trkpt lat="-25.2973874" lon="133.205108">
      <ele>403.174</ele>
    </trkpt>
    <trkpt lat="-25.2985915" lon="133.2047012">
      <ele>404.854</ele>
    </trkpt>
    <trkpt lat="-25.2987635" lon="133.2046431">
      <ele>404.587</ele>
    </trkpt>
    <trkpt lat="-25.2989355" lon="133.204585">
      <ele>404.757</ele>
    </trkpt>
    <trkpt lat="-25.2991076" lon="133.2045269">
      <ele>405.638</ele>
    </trkpt>
    <trkpt lat="-25.2994516" lon="133.2044106">
      <ele>406.878</ele>
    </trkpt>
    <trkpt lat="-25.2995204" lon="133.2043873">
      <ele>406.794</ele>
    </trkpt>
    <trkpt lat="-25.2996235" lon="133.2043522">
      <ele>406.668</ele>
    </trkpt>
    <trkpt lat="-25.3034052" lon="133.2030637">
      <ele>402.741</ele>
    </trkpt>
    <trkpt lat="-25.3047803" lon="133.2025952">
      <ele>403.199</ele>
    </trkpt>
    <trkpt lat="-25.3049522" lon="133.2025366">
      <ele>402.914</ele>
    </trkpt>
    <trkpt lat="-25.305296" lon="133.2024195">
      <ele>401.962</ele>
    </trkpt>
    <trkpt lat="-25.3054679" lon="133.2023609">
      <ele>401.315</ele>
    </trkpt>
    <trkpt lat="-25.3077025" lon="133.2015995">
      <ele>402.689</ele>
    </trkpt>
    <trkpt lat="-25.3083901" lon="133.2013652">
      <ele>400.204</ele>
    </trkpt>
    <trkpt lat="-25.3089058" lon="133.2011895">
      <ele>402.752</ele>
    </trkpt>
    <trkpt lat="-25.3090777" lon="133.2011309">
      <ele>403.026</ele>
    </trkpt>
    <trkpt lat="-25.3102809" lon="133.2007209">
      <ele>402.584</ele>
    </trkpt>
    <trkpt lat="-25.311828" lon="133.2001937">
      <ele>404.595</ele>
    </trkpt>
    <trkpt lat="-25.3119999" lon="133.2001351">
      <ele>404.514</ele>
    </trkpt>
    <trkpt lat="-25.3121718" lon="133.2000766">
      <ele>404.724</ele>
    </trkpt>
    <trkpt lat="-25.3123436" lon="133.200018">
      <ele>405.344</ele>
    </trkpt>
    <trkpt lat="-25.3125155" lon="133.1999594">
      <ele>406.099</ele>
    </trkpt>
    <trkpt lat="-25.3152658" lon="133.1990221">
      <ele>402.52</ele>
    </trkpt>
    <trkpt lat="-25.3154377" lon="133.1989635">
      <ele>402.156</ele>
    </trkpt>
    <trkpt lat="-25.3156096" lon="133.1989049">
      <ele>401.759</ele>
    </trkpt>
    <trkpt lat="-25.3157815" lon="133.1988464">
      <ele>401.091</ele>
    </trkpt>
    <trkpt lat="-25.3159534" lon="133.1987878">
      <ele>400.636</ele>
    </trkpt>
    <trkpt lat="-25.3166684" lon="133.1985441">
      <ele>403.237</ele>
    </trkpt>
    <trkpt lat="-25.3173289" lon="133.1983206">
      <ele>404.349</ele>
    </trkpt>
    <trkpt lat="-25.3187092" lon="133.1978534">
      <ele>403.706</ele>
    </trkpt>
    <trkpt lat="-25.3190506" lon="133.1977449">
      <ele>405.582</ele>
    </trkpt>
    <trkpt lat="-25.3192235" lon="133.19769">
      <ele>406.205</ele>
    </trkpt>
    <trkpt lat="-25.3197421" lon="133.1975252">
      <ele>407.682</ele>
    </trkpt>
    <trkpt lat="-25.319915" lon="133.1974703">
      <ele>406.719</ele>
    </trkpt>
    <trkpt lat="-25.3206065" lon="133.1972506">
      <ele>403.817</ele>
    </trkpt>
    <trkpt lat="-25.3206481" lon="133.1972374">
      <ele>403.667</ele>
    </trkpt>
    <trkpt lat="-25.3207799" lon="133.197198">
      <ele>403.367</ele>
    </trkpt>
    <trkpt lat="-25.3209536" lon="133.1971462">
      <ele>403.743</ele>
    </trkpt>
    <trkpt lat="-25.3218218" lon="133.1968869">
      <ele>403.766</ele>
    </trkpt>
    <trkpt lat="-25.3219955" lon="133.196835">
      <ele>404.394</ele>
    </trkpt>
    <trkpt lat="-25.3220944" lon="133.1968055">
      <ele>404.5</ele>
    </trkpt>
    <trkpt lat="-25.3221694" lon="133.1967844">
      <ele>404.576</ele>
    </trkpt>
    <trkpt lat="-25.3225181" lon="133.1966865">
      <ele>403.0</ele>
    </trkpt>
    <trkpt lat="-25.3232552" lon="133.1964794">
      <ele>404.348</ele>
    </trkpt>
    <trkpt lat="-25.3242659" lon="133.1962169">
      <ele>404.596</ele>
    </trkpt>
    <trkpt lat="-25.3244138" lon="133.1961785">
      <ele>405.404</ele>
    </trkpt>
    <trkpt lat="-25.3257159" lon="133.1958555">
      <ele>405.812</ele>
    </trkpt>
    <trkpt lat="-25.3258453" lon="133.1958248">
      <ele>405.103</ele>
    </trkpt>
    <trkpt lat="-25.3260212" lon="133.195783">
      <ele>405.916</ele>
    </trkpt>
    <trkpt lat="-25.3261449" lon="133.1957536">
      <ele>406.287</ele>
    </trkpt>
    <trkpt lat="-25.3263735" lon="133.1957029">
      <ele>406.47</ele>
    </trkpt>
    <trkpt lat="-25.3265499" lon="133.1956638">
      <ele>407.19</ele>
    </trkpt>
    <trkpt lat="-25.3267263" lon="133.1956247">
      <ele>407.751</ele>
    </trkpt>
    <trkpt lat="-25.3269026" lon="133.1955856">
      <ele>407.892</ele>
    </trkpt>
    <trkpt lat="-25.327079" lon="133.1955465">
      <ele>407.531</ele>
    </trkpt>
    <trkpt lat="-25.3279813" lon="133.1953465">
      <ele>408.238</ele>
    </trkpt>
    <trkpt lat="-25.3285274" lon="133.1952365">
      <ele>408.599</ele>
    </trkpt>
    <trkpt lat="-25.3297918" lon="133.1949817">
      <ele>406.766</ele>
    </trkpt>
    <trkpt lat="-25.3301119" lon="133.1949205">
      <ele>406.286</ele>
    </trkpt>
    <trkpt lat="-25.3309595" lon="133.1947733">
      <ele>405.733</ele>
    </trkpt>
    <trkpt lat="-25.3312817" lon="133.1947151">
      <ele>405.443</ele>
    </trkpt>
    <trkpt lat="-25.3323442" lon="133.1945496">
      <ele>408.0</ele>
    </trkpt>
    <trkpt lat="-25.332664" lon="133.1945028">
      <ele>408.466</ele>
    </trkpt>
    <trkpt lat="-25.3336456" lon="133.1943641">
      <ele>408.0</ele>
    </trkpt>
    <trkpt lat="-25.3338241" lon="133.1943389">
      <ele>408.0</ele>
    </trkpt>
    <trkpt lat="-25.3339436" lon="133.194322">
      <ele>408.0</ele>
    </trkpt>
    <trkpt lat="-25.3343602" lon="133.1942714">
      <ele>407.303</ele>
    </trkpt>
    <trkpt lat="-25.3344737" lon="133.1942576">
      <ele>406.966</ele>
    </trkpt>
    <trkpt lat="-25.334539" lon="133.1942499">
      <ele>406.898</ele>
    </trkpt>
    <trkpt lat="-25.3356514" lon="133.194118">
      <ele>410.46</ele>
    </trkpt>
    <trkpt lat="-25.3361768" lon="133.1940639">
      <ele>410.875</ele>
    </trkpt>
    <trkpt lat="-25.3385093" lon="133.1938498">
      <ele>410.559</ele>
    </trkpt>
    <trkpt lat="-25.3395786" lon="133.193774">
      <ele>411.027</ele>
    </trkpt>
    <trkpt lat="-25.3415318" lon="133.1936535">
      <ele>410.029</ele>
    </trkpt>
    <trkpt lat="-25.3422501" lon="133.1936092">
      <ele>411.893</ele>
    </trkpt>
    <trkpt lat="-25.3429685" lon="133.1935649">
      <ele>408.948</ele>
    </trkpt>
    <trkpt lat="-25.3430942" lon="133.1935571">
      <ele>409.278</ele>
    </trkpt>
    <trkpt lat="-25.3435072" lon="133.1935309">
      <ele>411.626</ele>
    </trkpt>
    <trkpt lat="-25.3440459" lon="133.1934967">
      <ele>411.0</ele>
    </trkpt>
    <trkpt lat="-25.344405" lon="133.1934739">
      <ele>411.0</ele>
    </trkpt>
    <trkpt lat="-25.3445846" lon="133.1934625">
      <ele>411.505</ele>
    </trkpt>
    <trkpt lat="-25.3483555" lon="133.1932231">
      <ele>415.92</ele>
    </trkpt>
    <trkpt lat="-25.34946" lon="133.193153">
      <ele>414.02</ele>
    </trkpt>
    <trkpt lat="-25.3502628" lon="133.193093">
      <ele>413.181</ele>
    </trkpt>
    <trkpt lat="-25.3508961" lon="133.1930544">
      <ele>413.0</ele>
    </trkpt>
    <trkpt lat="-25.3516145" lon="133.1930107">
      <ele>415.913</ele>
    </trkpt>
    <trkpt lat="-25.3531549" lon="133.1929169">
      <ele>413.821</ele>
    </trkpt>
    <trkpt lat="-25.3550704" lon="133.1927924">
      <ele>413.293</ele>
    </trkpt>
    <trkpt lat="-25.3568218" lon="133.1926769">
      <ele>414.274</ele>
    </trkpt>
    <trkpt lat="-25.3568919" lon="133.1926723">
      <ele>414.241</ele>
    </trkpt>
    <trkpt lat="-25.3570014" lon="133.1926655">
      <ele>414.069</ele>
    </trkpt>
    <trkpt lat="-25.3581856" lon="133.1925918">
      <ele>414.155</ele>
    </trkpt>
    <trkpt lat="-25.3588965" lon="133.1925481">
      <ele>413.392</ele>
    </trkpt>
    <trkpt lat="-25.3596974" lon="133.1925004">
      <ele>412.181</ele>
    </trkpt>
    <trkpt lat="-25.3614934" lon="133.1923934">
      <ele>414.856</ele>
    </trkpt>
    <trkpt lat="-25.3620312" lon="133.1923613">
      <ele>414.501</ele>
    </trkpt>
    <trkpt lat="-25.3626236" lon="133.1923227">
      <ele>414.362</ele>
    </trkpt>
    <trkpt lat="-25.3646499" lon="133.1921906">
      <ele>414.886</ele>
    </trkpt>
    <trkpt lat="-25.3658748" lon="133.1921144">
      <ele>414.0</ele>
    </trkpt>
    <trkpt lat="-25.3666253" lon="133.1920682">
      <ele>416.785</ele>
    </trkpt>
    <trkpt lat="-25.3671641" lon="133.1920351">
      <ele>416.0</ele>
    </trkpt>
    <trkpt lat="-25.3689599" lon="133.1919246">
      <ele>413.763</ele>
    </trkpt>
    <trkpt lat="-25.3705125" lon="133.191829">
      <ele>416.0</ele>
    </trkpt>
    <trkpt lat="-25.3727309" lon="133.1916856">
      <ele>416.0</ele>
    </trkpt>
    <trkpt lat="-25.3736287" lon="133.1916276">
      <ele>416.077</ele>
    </trkpt>
    <trkpt lat="-25.3738467" lon="133.1916135">
      <ele>415.343</ele>
    </trkpt>
    <trkpt lat="-25.3751363" lon="133.1915319">
      <ele>416.743</ele>
    </trkpt>
    <trkpt lat="-25.3754244" lon="133.1915137">
      <ele>417.977</ele>
    </trkpt>
    <trkpt lat="-25.3775792" lon="133.1913773">
      <ele>418.97</ele>
    </trkpt>
    <trkpt lat="-25.3777619" lon="133.1913657">
      <ele>418.995</ele>
    </trkpt>
    <trkpt lat="-25.3805686" lon="133.1912829">
      <ele>420.429</ele>
    </trkpt>
    <trkpt lat="-25.3817551" lon="133.1912993">
      <ele>422.0</ele>
    </trkpt>
    <trkpt lat="-25.3829325" lon="133.1913372">
      <ele>420.082</ele>
    </trkpt>
    <trkpt lat="-25.3838036" lon="133.1913859">
      <ele>419.997</ele>
    </trkpt>
    <trkpt lat="-25.3856225" lon="133.1915323">
      <ele>422.633</ele>
    </trkpt>
    <trkpt lat="-25.3862142" lon="133.1915965">
      <ele>423.094</ele>
    </trkpt>
    <trkpt lat="-25.387339" lon="133.1917326">
      <ele>420.817</ele>
    </trkpt>
    <trkpt lat="-25.3875891" lon="133.1917706">
      <ele>420.494</ele>
    </trkpt>
    <trkpt lat="-25.3883553" lon="133.1918868">
      <ele>421.792</ele>
    </trkpt>
    <trkpt lat="-25.3897981" lon="133.1921382">
      <ele>422.59</ele>
    </trkpt>
    <trkpt lat="-25.3905376" lon="133.1922784">
      <ele>421.811</ele>
    </trkpt>
    <trkpt lat="-25.3913143" lon="133.1924551">
      <ele>421.269</ele>
    </trkpt>
    <trkpt lat="-25.3916667" lon="133.1925353">
      <ele>420.127</ele>
    </trkpt>
    <trkpt lat="-25.3920191" lon="133.1926155">
      <ele>421.685</ele>
    </trkpt>
    <trkpt lat="-25.3927238" lon="133.1927759">
      <ele>423.8</ele>
    </trkpt>
    <trkpt lat="-25.392756" lon="133.1927832">
      <ele>423.922</ele>
    </trkpt>
    <trkpt lat="-25.3928988" lon="133.1928216">
      <ele>423.633</ele>
    </trkpt>
    <trkpt lat="-25.3935979" lon="133.1930097">
      <ele>424.992</ele>
    </trkpt>
    <trkpt lat="-25.3937727" lon="133.1930567">
      <ele>424.417</ele>
    </trkpt>
    <trkpt lat="-25.3939025" lon="133.1930916">
      <ele>424.0</ele>
    </trkpt>
    <trkpt lat="-25.3942952" lon="133.1932056">
      <ele>424.463</ele>
    </trkpt>
    <trkpt lat="-25.3950524" lon="133.1934253">
      <ele>424.623</ele>
    </trkpt>
    <trkpt lat="-25.3953375" lon="133.1935153">
      <ele>422.644</ele>
    </trkpt>
    <trkpt lat="-25.3958871" lon="133.1936889">
      <ele>421.613</ele>
    </trkpt>
    <trkpt lat="-25.3968106" lon="133.1939889">
      <ele>423.518</ele>
    </trkpt>
    <trkpt lat="-25.3972327" lon="133.1941429">
      <ele>424.962</ele>
    </trkpt>
    <trkpt lat="-25.3979465" lon="133.1944034">
      <ele>423.852</ele>
    </trkpt>
    <trkpt lat="-25.3986597" lon="133.1946772">
      <ele>424.013</ele>
    </trkpt>
    <trkpt lat="-25.3992729" lon="133.1949224">
      <ele>424.893</ele>
    </trkpt>
    <trkpt lat="-25.3993615" lon="133.1949578">
      <ele>424.893</ele>
    </trkpt>
    <trkpt lat="-25.4012352" lon="133.1957274">
      <ele>424.172</ele>
    </trkpt>
    <trkpt lat="-25.4051157" lon="133.1973144">
      <ele>423.525</ele>
    </trkpt>
    <trkpt lat="-25.4054532" lon="133.1974524">
      <ele>423.197</ele>
    </trkpt>
    <trkpt lat="-25.406529" lon="133.1978924">
      <ele>425.504</ele>
    </trkpt>
    <trkpt lat="-25.4076449" lon="133.1983542">
      <ele>422.553</ele>
    </trkpt>
    <trkpt lat="-25.4078134" lon="133.1984239">
      <ele>422.326</ele>
    </trkpt>
    <trkpt lat="-25.4079819" lon="133.1984936">
      <ele>422.577</ele>
    </trkpt>
    <trkpt lat="-25.4081504" lon="133.1985633">
      <ele>422.545</ele>
    </trkpt>
    <trkpt lat="-25.4083189" lon="133.1986331">
      <ele>422.131</ele>
    </trkpt>
    <trkpt lat="-25.4084873" lon="133.1987028">
      <ele>421.776</ele>
    </trkpt>
    <trkpt lat="-25.4086558" lon="133.1987725">
      <ele>421.742</ele>
    </trkpt>
    <trkpt lat="-25.4089928" lon="133.198912">
      <ele>423.457</ele>
    </trkpt>
    <trkpt lat="-25.4091612" lon="133.1989817">
      <ele>424.314</ele>
    </trkpt>
    <trkpt lat="-25.4093297" lon="133.1990514">
      <ele>425.172</ele>
    </trkpt>
    <trkpt lat="-25.4094264" lon="133.1990914">
      <ele>425.664</ele>
    </trkpt>
    <trkpt lat="-25.4096674" lon="133.1991888">
      <ele>423.64</ele>
    </trkpt>
    <trkpt lat="-25.4098363" lon="133.1992572">
      <ele>422.915</ele>
    </trkpt>
    <trkpt lat="-25.4100052" lon="133.1993256">
      <ele>422.599</ele>
    </trkpt>
    <trkpt lat="-25.4111878" lon="133.199804">
      <ele>425.294</ele>
    </trkpt>
    <trkpt lat="-25.4115256" lon="133.1999407">
      <ele>425.681</ele>
    </trkpt>
    <trkpt lat="-25.4123078" lon="133.2002572">
      <ele>425.023</ele>
    </trkpt>
    <trkpt lat="-25.4129544" lon="133.2005232">
      <ele>424.322</ele>
    </trkpt>
    <trkpt lat="-25.413888" lon="133.2009057">
      <ele>424.998</ele>
    </trkpt>
    <trkpt lat="-25.4145628" lon="133.2011822">
      <ele>426.683</ele>
    </trkpt>
    <trkpt lat="-25.4154062" lon="133.2015278">
      <ele>426.962</ele>
    </trkpt>
    <trkpt lat="-25.4160809" lon="133.2018043">
      <ele>426.659</ele>
    </trkpt>
    <trkpt lat="-25.417093" lon="133.202219">
      <ele>429.995</ele>
    </trkpt>
    <trkpt lat="-25.4175991" lon="133.2024264">
      <ele>428.643</ele>
    </trkpt>
    <trkpt lat="-25.4182738" lon="133.2027029">
      <ele>427.426</ele>
    </trkpt>
    <trkpt lat="-25.4183346" lon="133.2027278">
      <ele>427.18</ele>
    </trkpt>
    <trkpt lat="-25.4184423" lon="133.2027724">
      <ele>427.019</ele>
    </trkpt>
    <trkpt lat="-25.4204637" lon="133.2036101">
      <ele>429.666</ele>
    </trkpt>
    <trkpt lat="-25.4207312" lon="133.203721">
      <ele>429.604</ele>
    </trkpt>
    <trkpt lat="-25.4209695" lon="133.2038182">
      <ele>428.764</ele>
    </trkpt>
    <trkpt lat="-25.4214758" lon="133.2040248">
      <ele>428.687</ele>
    </trkpt>
    <trkpt lat="-25.4218134" lon="133.2041625">
      <ele>427.464</ele>
    </trkpt>
    <trkpt lat="-25.4226572" lon="133.2045068">
      <ele>428.337</ele>
    </trkpt>
    <trkpt lat="-25.422826" lon="133.2045757">
      <ele>428.082</ele>
    </trkpt>
    <trkpt lat="-25.4229948" lon="133.2046445">
      <ele>428.563</ele>
    </trkpt>
    <trkpt lat="-25.423195" lon="133.2047262">
      <ele>429.516</ele>
    </trkpt>
    <trkpt lat="-25.4235014" lon="133.2048503">
      <ele>430.461</ele>
    </trkpt>
    <trkpt lat="-25.4238392" lon="133.2049871">
      <ele>429.311</ele>
    </trkpt>
    <trkpt lat="-25.4240081" lon="133.2050555">
      <ele>428.571</ele>
    </trkpt>
    <trkpt lat="-25.4243459" lon="133.2051924">
      <ele>427.751</ele>
    </trkpt>
    <trkpt lat="-25.4245148" lon="133.2052608">
      <ele>427.376</ele>
    </trkpt>
    <trkpt lat="-25.4248527" lon="133.2053976">
      <ele>427.771</ele>
    </trkpt>
    <trkpt lat="-25.4249801" lon="133.2054492">
      <ele>427.956</ele>
    </trkpt>
    <trkpt lat="-25.4250216" lon="133.2054659">
      <ele>428.0</ele>
    </trkpt>
    <trkpt lat="-25.4251907" lon="133.2055339">
      <ele>428.0</ele>
    </trkpt>
    <trkpt lat="-25.4261329" lon="133.2059128">
      <ele>430.888</ele>
    </trkpt>
    <trkpt lat="-25.4268891" lon="133.2061888">
      <ele>429.423</ele>
    </trkpt>
    <trkpt lat="-25.4270599" lon="133.2062512">
      <ele>429.92</ele>
    </trkpt>
    <trkpt lat="-25.4275138" lon="133.2064169">
      <ele>432.101</ele>
    </trkpt>
    <trkpt lat="-25.4287094" lon="133.2068144">
      <ele>432.0</ele>
    </trkpt>
    <trkpt lat="-25.4287791" lon="133.2068359">
      <ele>432.0</ele>
    </trkpt>
    <trkpt lat="-25.4289524" lon="133.2068893">
      <ele>432.0</ele>
    </trkpt>
    <trkpt lat="-25.4298188" lon="133.2071562">
      <ele>434.11</ele>
    </trkpt>
    <trkpt lat="-25.4298497" lon="133.2071657">
      <ele>434.255</ele>
    </trkpt>
    <trkpt lat="-25.4301681" lon="133.2072513">
      <ele>434.937</ele>
    </trkpt>
    <trkpt lat="-25.4303429" lon="133.2072983">
      <ele>434.556</ele>
    </trkpt>
    <trkpt lat="-25.4307677" lon="133.2074125">
      <ele>434.241</ele>
    </trkpt>
    <trkpt lat="-25.4315954" lon="133.2076313">
      <ele>434.743</ele>
    </trkpt>
    <trkpt lat="-25.4317433" lon="133.2076642">
      <ele>434.724</ele>
    </trkpt>
    <trkpt lat="-25.4319196" lon="133.2077034">
      <ele>434.089</ele>
    </trkpt>
    <trkpt lat="-25.432625" lon="133.2078604">
      <ele>433.431</ele>
    </trkpt>
    <trkpt lat="-25.4335688" lon="133.2080704">
      <ele>433.107</ele>
    </trkpt>
    <trkpt lat="-25.4340369" lon="133.208168">
      <ele>435.533</ele>
    </trkpt>
    <trkpt lat="-25.4345425" lon="133.2082566">
      <ele>436.724</ele>
    </trkpt>
    <trkpt lat="-25.4347471" lon="133.2082945">
      <ele>436.783</ele>
    </trkpt>
    <trkpt lat="-25.434885" lon="133.20832">
      <ele>436.394</ele>
    </trkpt>
    <trkpt lat="-25.4354588" lon="133.2084112">
      <ele>435.0</ele>
    </trkpt>
    <trkpt lat="-25.436705" lon="133.2086093">
      <ele>433.862</ele>
    </trkpt>
    <trkpt lat="-25.437722" lon="133.208771">
      <ele>434.691</ele>
    </trkpt>
    <trkpt lat="-25.4406499" lon="133.2092412">
      <ele>435.0</ele>
    </trkpt>
    <trkpt lat="-25.4414209" lon="133.2093618">
      <ele>436.324</ele>
    </trkpt>
    <trkpt lat="-25.4415428" lon="133.2093825">
      <ele>436.123</ele>
    </trkpt>
    <trkpt lat="-25.442419" lon="133.2095205">
      <ele>436.0</ele>
    </trkpt>
    <trkpt lat="-25.4431675" lon="133.2096446">
      <ele>434.693</ele>
    </trkpt>
    <trkpt lat="-25.4435545" lon="133.2097212">
      <ele>437.589</ele>
    </trkpt>
    <trkpt lat="-25.4437448" lon="133.2097589">
      <ele>438.217</ele>
    </trkpt>
    <trkpt lat="-25.4445524" lon="133.2099304">
      <ele>437.611</ele>
    </trkpt>
    <trkpt lat="-25.4452909" lon="133.2100963">
      <ele>436.071</ele>
    </trkpt>
    <trkpt lat="-25.4457893" lon="133.2102148">
      <ele>436.896</ele>
    </trkpt>
    <trkpt lat="-25.4464314" lon="133.2103817">
      <ele>437.374</ele>
    </trkpt>
    <trkpt lat="-25.4471173" lon="133.2105631">
      <ele>437.0</ele>
    </trkpt>
    <trkpt lat="-25.4477593" lon="133.2107537">
      <ele>438.22</ele>
    </trkpt>
    <trkpt lat="-25.4484905" lon="133.2109859">
      <ele>437.745</ele>
    </trkpt>
    <trkpt lat="-25.448679" lon="133.2110445">
      <ele>437.819</ele>
    </trkpt>
    <trkpt lat="-25.4491515" lon="133.211192">
      <ele>438.67</ele>
    </trkpt>
    <trkpt lat="-25.4493246" lon="133.2112461">
      <ele>438.514</ele>
    </trkpt>
    <trkpt lat="-25.4494977" lon="133.2113002">
      <ele>438.258</ele>
    </trkpt>
    <trkpt lat="-25.4497517" lon="133.2113796">
      <ele>438.0</ele>
    </trkpt>
    <trkpt lat="-25.4503619" lon="133.2115757">
      <ele>438.673</ele>
    </trkpt>
    <trkpt lat="-25.4515706" lon="133.2119642">
      <ele>437.975</ele>
    </trkpt>
    <trkpt lat="-25.4524358" lon="133.2122378">
      <ele>437.769</ele>
    </trkpt>
    <trkpt lat="-25.455549" lon="133.2132221">
      <ele>441.976</ele>
    </trkpt>
    <trkpt lat="-25.4564138" lon="133.2134955">
      <ele>441.0</ele>
    </trkpt>
    <trkpt lat="-25.4565867" lon="133.2135502">
      <ele>441.0</ele>
    </trkpt>
    <trkpt lat="-25.4567597" lon="133.2136049">
      <ele>441.335</ele>
    </trkpt>
    <trkpt lat="-25.4574515" lon="133.2138236">
      <ele>443.692</ele>
    </trkpt>
    <trkpt lat="-25.4600458" lon="133.2146439">
      <ele>440.165</ele>
    </trkpt>
    <trkpt lat="-25.4602188" lon="133.2146986">
      <ele>440.788</ele>
    </trkpt>
    <trkpt lat="-25.4604898" lon="133.2147843">
      <ele>441.763</ele>
    </trkpt>
    <trkpt lat="-25.4605643" lon="133.2148093">
      <ele>442.01</ele>
    </trkpt>
    <trkpt lat="-25.4607365" lon="133.2148669">
      <ele>442.339</ele>
    </trkpt>
    <trkpt lat="-25.4609087" lon="133.2149246">
      <ele>443.0</ele>
    </trkpt>
    <trkpt lat="-25.4610808" lon="133.2149822">
      <ele>443.827</ele>
    </trkpt>
    <trkpt lat="-25.461253" lon="133.2150399">
      <ele>444.144</ele>
    </trkpt>
    <trkpt lat="-25.4616682" lon="133.2151789">
      <ele>445.004</ele>
    </trkpt>
    <trkpt lat="-25.4647086" lon="133.2161469">
      <ele>447.08</ele>
    </trkpt>
    <trkpt lat="-25.4648815" lon="133.2162019">
      <ele>447.713</ele>
    </trkpt>
    <trkpt lat="-25.4650544" lon="133.2162569">
      <ele>447.897</ele>
    </trkpt>
    <trkpt lat="-25.4680884" lon="133.2172229">
      <ele>449.118</ele>
    </trkpt>
    <trkpt lat="-25.4698945" lon="133.2177983">
      <ele>448.056</ele>
    </trkpt>
    <trkpt lat="-25.4700673" lon="133.2178534">
      <ele>448.0</ele>
    </trkpt>
    <trkpt lat="-25.4702402" lon="133.2179085">
      <ele>448.0</ele>
    </trkpt>
    <trkpt lat="-25.470413" lon="133.2179635">
      <ele>448.812</ele>
    </trkpt>
    <trkpt lat="-25.4705859" lon="133.2180186">
      <ele>449.867</ele>
    </trkpt>
    <trkpt lat="-25.4707587" lon="133.2180737">
      <ele>450.096</ele>
    </trkpt>
    <trkpt lat="-25.4709316" lon="133.2181288">
      <ele>450.881</ele>
    </trkpt>
    <trkpt lat="-25.4711044" lon="133.2181839">
      <ele>451.9</ele>
    </trkpt>
    <trkpt lat="-25.4719687" lon="133.2184593">
      <ele>452.586</ele>
    </trkpt>
    <trkpt lat="-25.4731787" lon="133.2188448">
      <ele>453.905</ele>
    </trkpt>
    <trkpt lat="-25.4733515" lon="133.2188999">
      <ele>454.937</ele>
    </trkpt>
    <trkpt lat="-25.4745615" lon="133.2192855">
      <ele>456.006</ele>
    </trkpt>
    <trkpt lat="-25.4747344" lon="133.2193406">
      <ele>455.67</ele>
    </trkpt>
    <trkpt lat="-25.4749072" lon="133.2193956">
      <ele>456.49</ele>
    </trkpt>
    <trkpt lat="-25.4750801" lon="133.2194507">
      <ele>457.304</ele>
    </trkpt>
    <trkpt lat="-25.4752529" lon="133.2195058">
      <ele>457.93</ele>
    </trkpt>
    <trkpt lat="-25.4754258" lon="133.2195609">
      <ele>457.467</ele>
    </trkpt>
    <trkpt lat="-25.4755986" lon="133.219616">
      <ele>457.155</ele>
    </trkpt>
    <trkpt lat="-25.4759443" lon="133.2197261">
      <ele>458.0</ele>
    </trkpt>
    <trkpt lat="-25.4792617" lon="133.2207833">
      <ele>455.062</ele>
    </trkpt>
    <trkpt lat="-25.4820262" lon="133.2216692">
      <ele>457.307</ele>
    </trkpt>
    <trkpt lat="-25.4830629" lon="133.2220014">
      <ele>457.179</ele>
    </trkpt>
    <trkpt lat="-25.4835812" lon="133.2221675">
      <ele>456.803</ele>
    </trkpt>
    <trkpt lat="-25.483754" lon="133.2222229">
      <ele>457.513</ele>
    </trkpt>
    <trkpt lat="-25.4839267" lon="133.2222783">
      <ele>457.798</ele>
    </trkpt>
    <trkpt lat="-25.4844451" lon="133.2224444">
      <ele>458.0</ele>
    </trkpt>
    <trkpt lat="-25.4846179" lon="133.2224998">
      <ele>458.0</ele>
    </trkpt>
    <trkpt lat="-25.4847906" lon="133.2225551">
      <ele>458.0</ele>
    </trkpt>
    <trkpt lat="-25.4865709" lon="133.2231257">
      <ele>457.324</ele>
    </trkpt>
    <trkpt lat="-25.487215" lon="133.2233083">
      <ele>453.941</ele>
    </trkpt>
    <trkpt lat="-25.487912" lon="133.2235058">
      <ele>455.138</ele>
    </trkpt>
    <trkpt lat="-25.488609" lon="133.2237034">
      <ele>454.332</ele>
    </trkpt>
    <trkpt lat="-25.4890025" lon="133.223815">
      <ele>454.059</ele>
    </trkpt>
    <trkpt lat="-25.4893093" lon="133.2238852">
      <ele>454.487</ele>
    </trkpt>
    <trkpt lat="-25.4916032" lon="133.22441">
      <ele>454.0</ele>
    </trkpt>
    <trkpt lat="-25.4919544" lon="133.2244721">
      <ele>453.84</ele>
    </trkpt>
    <trkpt lat="-25.4923096" lon="133.2245349">
      <ele>454.674</ele>
    </trkpt>
    <trkpt lat="-25.4939077" lon="133.2248173">
      <ele>452.319</ele>
    </trkpt>
    <trkpt lat="-25.4960824" lon="133.2250903">
      <ele>451.428</ele>
    </trkpt>
    <trkpt lat="-25.4969493" lon="133.2251664">
      <ele>450.007</ele>
    </trkpt>
    <trkpt lat="-25.4971286" lon="133.2251822">
      <ele>450.228</ele>
    </trkpt>
    <trkpt lat="-25.4983837" lon="133.2252924">
      <ele>451.406</ele>
    </trkpt>
    <trkpt lat="-25.498489" lon="133.2253017">
      <ele>452.159</ele>
    </trkpt>
    <trkpt lat="-25.4992823" lon="133.2253267">
      <ele>452.176</ele>
    </trkpt>
    <trkpt lat="-25.4999032" lon="133.2253462">
      <ele>451.086</ele>
    </trkpt>
    <trkpt lat="-25.5000015" lon="133.2253486">
      <ele>451.0</ele>
    </trkpt>
    <trkpt lat="-25.5001813" lon="133.2253529">
      <ele>451.0</ele>
    </trkpt>
    <trkpt lat="-25.5007208" lon="133.225366">
      <ele>450.405</ele>
    </trkpt>
    <trkpt lat="-25.5009006" lon="133.2253704">
      <ele>450.0</ele>
    </trkpt>
    <trkpt lat="-25.5012735" lon="133.2253795">
      <ele>450.585</ele>
    </trkpt>
    <trkpt lat="-25.5030586" lon="133.2253407">
      <ele>448.0</ele>
    </trkpt>
    <trkpt lat="-25.5034196" lon="133.2253328">
      <ele>448.062</ele>
    </trkpt>
    <trkpt lat="-25.5043159" lon="133.225272">
      <ele>448.979</ele>
    </trkpt>
    <trkpt lat="-25.5046749" lon="133.2252477">
      <ele>449.632</ele>
    </trkpt>
    <trkpt lat="-25.505034" lon="133.2252233">
      <ele>449.926</ele>
    </trkpt>
    <trkpt lat="-25.5055725" lon="133.2251867">
      <ele>450.57</ele>
    </trkpt>
    <trkpt lat="-25.5061538" lon="133.2251473">
      <ele>446.898</ele>
    </trkpt>
    <trkpt lat="-25.5081004" lon="133.2249037">
      <ele>446.614</ele>
    </trkpt>
    <trkpt lat="-25.508256" lon="133.2248833">
      <ele>447.56</ele>
    </trkpt>
    <trkpt lat="-25.5084346" lon="133.2248599">
      <ele>448.181</ele>
    </trkpt>
    <trkpt lat="-25.5086132" lon="133.2248365">
      <ele>448.401</ele>
    </trkpt>
    <trkpt lat="-25.5086395" lon="133.2248331">
      <ele>448.256</ele>
    </trkpt>
    <trkpt lat="-25.5089684" lon="133.2247734">
      <ele>447.0</ele>
    </trkpt>
    <trkpt lat="-25.5091458" lon="133.2247411">
      <ele>447.0</ele>
    </trkpt>
    <trkpt lat="-25.5093233" lon="133.2247089">
      <ele>447.0</ele>
    </trkpt>
    <trkpt lat="-25.5105658" lon="133.2244832">
      <ele>445.0</ele>
    </trkpt>
    <trkpt lat="-25.5107433" lon="133.2244509">
      <ele>445.0</ele>
    </trkpt>
    <trkpt lat="-25.5109208" lon="133.2244187">
      <ele>445.315</ele>
    </trkpt>
    <trkpt lat="-25.5115265" lon="133.2243086">
      <ele>447.495</ele>
    </trkpt>
    <trkpt lat="-25.5126846" lon="133.2240313">
      <ele>446.513</ele>
    </trkpt>
    <trkpt lat="-25.5135636" lon="133.2238209">
      <ele>445.755</ele>
    </trkpt>
    <trkpt lat="-25.5141683" lon="133.2236761">
      <ele>446.238</ele>
    </trkpt>
    <trkpt lat="-25.5147902" lon="133.2235068">
      <ele>445.716</ele>
    </trkpt>
    <trkpt lat="-25.5174103" lon="133.2227936">
      <ele>448.677</ele>
    </trkpt>
    <trkpt lat="-25.518109" lon="133.2226034">
      <ele>448.444</ele>
    </trkpt>
    <trkpt lat="-25.5199244" lon="133.2221092">
      <ele>449.0</ele>
    </trkpt>
    <trkpt lat="-25.521279" lon="133.221743">
      <ele>447.0</ele>
    </trkpt>
    <trkpt lat="-25.5238971" lon="133.2210208">
      <ele>447.316</ele>
    </trkpt>
    <trkpt lat="-25.5240716" lon="133.2209727">
      <ele>447.171</ele>
    </trkpt>
    <trkpt lat="-25.5242461" lon="133.2209245">
      <ele>446.902</ele>
    </trkpt>
    <trkpt lat="-25.5249443" lon="133.2207319">
      <ele>446.562</ele>
    </trkpt>
    <trkpt lat="-25.527089" lon="133.2201402">
      <ele>444.495</ele>
    </trkpt>
    <trkpt lat="-25.5279112" lon="133.2199125">
      <ele>445.507</ele>
    </trkpt>
    <trkpt lat="-25.5282602" lon="133.2198158">
      <ele>445.663</ele>
    </trkpt>
    <trkpt lat="-25.5291327" lon="133.2195741">
      <ele>446.0</ele>
    </trkpt>
    <trkpt lat="-25.5293072" lon="133.2195258">
      <ele>445.494</ele>
    </trkpt>
    <trkpt lat="-25.5294817" lon="133.2194775">
      <ele>445.134</ele>
    </trkpt>
    <trkpt lat="-25.5310522" lon="133.2190425">
      <ele>444.0</ele>
    </trkpt>
    <trkpt lat="-25.5314011" lon="133.2189459">
      <ele>444.24</ele>
    </trkpt>
    <trkpt lat="-25.5317502" lon="133.2188492">
      <ele>444.857</ele>
    </trkpt>
    <trkpt lat="-25.5319246" lon="133.2188009">
      <ele>444.683</ele>
    </trkpt>
    <trkpt lat="-25.5328104" lon="133.2185556">
      <ele>446.023</ele>
    </trkpt>
    <trkpt lat="-25.5366373" lon="133.2175014">
      <ele>448.894</ele>
    </trkpt>
    <trkpt lat="-25.5368118" lon="133.2174533">
      <ele>449.0</ele>
    </trkpt>
    <trkpt lat="-25.5369864" lon="133.2174052">
      <ele>448.849</ele>
    </trkpt>
    <trkpt lat="-25.5371609" lon="133.2173571">
      <ele>448.221</ele>
    </trkpt>
    <trkpt lat="-25.5392556" lon="133.2167801">
      <ele>448.402</ele>
    </trkpt>
    <trkpt lat="-25.542389" lon="133.2159168">
      <ele>448.0</ele>
    </trkpt>
    <trkpt lat="-25.543177" lon="133.2157">
      <ele>450.227</ele>
    </trkpt>
    <trkpt lat="-25.5467534" lon="133.2147259">
      <ele>451.312</ele>
    </trkpt>
    <trkpt lat="-25.5476303" lon="133.2144776">
      <ele>451.0</ele>
    </trkpt>
    <trkpt lat="-25.5494157" lon="133.2139928">
      <ele>449.374</ele>
    </trkpt>
    <trkpt lat="-25.5504101" lon="133.2137206">
      <ele>452.082</ele>
    </trkpt>
    <trkpt lat="-25.5518298" lon="133.2133222">
      <ele>451.0</ele>
    </trkpt>
    <trkpt lat="-25.5529715" lon="133.2130127">
      <ele>453.0</ele>
    </trkpt>
    <trkpt lat="-25.5540732" lon="133.2127051">
      <ele>451.49</ele>
    </trkpt>
    <trkpt lat="-25.5550133" lon="133.2124461">
      <ele>451.952</ele>
    </trkpt>
    <trkpt lat="-25.5560045" lon="133.2121764">
      <ele>451.718</ele>
    </trkpt>
    <trkpt lat="-25.5561304" lon="133.2121421">
      <ele>452.338</ele>
    </trkpt>
    <trkpt lat="-25.5570515" lon="133.2118866">
      <ele>452.177</ele>
    </trkpt>
    <trkpt lat="-25.5577503" lon="133.2116928">
      <ele>453.0</ele>
    </trkpt>
    <trkpt lat="-25.5586625" lon="133.2114438">
      <ele>453.346</ele>
    </trkpt>
    <trkpt lat="-25.5599275" lon="133.211089">
      <ele>453.92</ele>
    </trkpt>
    <trkpt lat="-25.5608913" lon="133.210827">
      <ele>453.769</ele>
    </trkpt>
    <trkpt lat="-25.5612795" lon="133.2107214">
      <ele>453.448</ele>
    </trkpt>
    <trkpt lat="-25.5620504" lon="133.2105254">
      <ele>454.551</ele>
    </trkpt>
    <trkpt lat="-25.5625011" lon="133.2104214">
      <ele>453.004</ele>
    </trkpt>
    <trkpt lat="-25.5628353" lon="133.2103397">
      <ele>454.207</ele>
    </trkpt>
    <trkpt lat="-25.5632417" lon="133.2102489">
      <ele>455.67</ele>
    </trkpt>
    <trkpt lat="-25.5638154" lon="133.2101295">
      <ele>457.393</ele>
    </trkpt>
    <trkpt lat="-25.5644114" lon="133.2100092">
      <ele>456.115</ele>
    </trkpt>
    <trkpt lat="-25.5644339" lon="133.2100047">
      <ele>456.037</ele>
    </trkpt>
    <trkpt lat="-25.5651868" lon="133.2098638">
      <ele>455.987</ele>
    </trkpt>
    <trkpt lat="-25.5659481" lon="133.2097363">
      <ele>456.578</ele>
    </trkpt>
    <trkpt lat="-25.566521" lon="133.2096416">
      <ele>455.848</ele>
    </trkpt>
    <trkpt lat="-25.5672505" lon="133.2095446">
      <ele>458.538</ele>
    </trkpt>
    <trkpt lat="-25.5677939" lon="133.2094748">
      <ele>456.839</ele>
    </trkpt>
    <trkpt lat="-25.5680498" lon="133.2094419">
      <ele>456.021</ele>
    </trkpt>
    <trkpt lat="-25.5681514" lon="133.2094309">
      <ele>456.017</ele>
    </trkpt>
    <trkpt lat="-25.5689347" lon="133.2093462">
      <ele>456.272</ele>
    </trkpt>
    <trkpt lat="-25.5693439" lon="133.2093082">
      <ele>457.822</ele>
    </trkpt>
    <trkpt lat="-25.5698079" lon="133.2092635">
      <ele>457.0</ele>
    </trkpt>
    <trkpt lat="-25.5699429" lon="133.2092536">
      <ele>457.0</ele>
    </trkpt>
    <trkpt lat="-25.5701224" lon="133.2092405">
      <ele>457.117</ele>
    </trkpt>
    <trkpt lat="-25.5705341" lon="133.2092103">
      <ele>458.08</ele>
    </trkpt>
    <trkpt lat="-25.5712324" lon="133.2091687">
      <ele>459.001</ele>
    </trkpt>
    <trkpt lat="-25.5717597" lon="133.2091488">
      <ele>457.022</ele>
    </trkpt>
    <trkpt lat="-25.5722859" lon="133.2091294">
      <ele>457.802</ele>
    </trkpt>
    <trkpt lat="-25.5726379" lon="133.2091219">
      <ele>457.081</ele>
    </trkpt>
    <trkpt lat="-25.5728177" lon="133.2091181">
      <ele>457.119</ele>
    </trkpt>
    <trkpt lat="-25.5734627" lon="133.2091043">
      <ele>459.137</ele>
    </trkpt>
    <trkpt lat="-25.5737169" lon="133.2091047">
      <ele>459.935</ele>
    </trkpt>
    <trkpt lat="-25.5744368" lon="133.209106">
      <ele>460.0</ele>
    </trkpt>
    <trkpt lat="-25.5752434" lon="133.2091192">
      <ele>459.171</ele>
    </trkpt>
    <trkpt lat="-25.5763135" lon="133.2091635">
      <ele>458.257</ele>
    </trkpt>
    <trkpt lat="-25.5767166" lon="133.2091823">
      <ele>458.17</ele>
    </trkpt>
    <trkpt lat="-25.5770771" lon="133.2092125">
      <ele>458.993</ele>
    </trkpt>
    <trkpt lat="-25.5779906" lon="133.2092838">
      <ele>458.234</ele>
    </trkpt>
    <trkpt lat="-25.5791056" lon="133.2093707">
      <ele>460.0</ele>
    </trkpt>
    <trkpt lat="-25.5793636" lon="133.2093908">
      <ele>460.0</ele>
    </trkpt>
    <trkpt lat="-25.580182" lon="133.2094575">
      <ele>459.953</ele>
    </trkpt>
    <trkpt lat="-25.5804849" lon="133.2094822">
      <ele>459.965</ele>
    </trkpt>
    <trkpt lat="-25.5805407" lon="133.2094866">
      <ele>459.992</ele>
    </trkpt>
    <trkpt lat="-25.5807201" lon="133.2095008">
      <ele>460.0</ele>
    </trkpt>
    <trkpt lat="-25.5815231" lon="133.2095643">
      <ele>460.792</ele>
    </trkpt>
    <trkpt lat="-25.581976" lon="133.2095992">
      <ele>459.62</ele>
    </trkpt>
    <trkpt lat="-25.5824735" lon="133.2096375">
      <ele>462.809</ele>
    </trkpt>
    <trkpt lat="-25.5837627" lon="133.2097475">
      <ele>459.637</ele>
    </trkpt>
    <trkpt lat="-25.584667" lon="133.2098146">
      <ele>461.0</ele>
    </trkpt>
    <trkpt lat="-25.5848847" lon="133.2098307">
      <ele>461.585</ele>
    </trkpt>
    <trkpt lat="-25.5859908" lon="133.2099221">
      <ele>463.0</ele>
    </trkpt>
    <trkpt lat="-25.586102" lon="133.2099309">
      <ele>463.0</ele>
    </trkpt>
    <trkpt lat="-25.5866403" lon="133.2099734">
      <ele>461.009</ele>
    </trkpt>
    <trkpt lat="-25.5874394" lon="133.2100365">
      <ele>463.811</ele>
    </trkpt>
    <trkpt lat="-25.5884703" lon="133.2101148">
      <ele>463.369</ele>
    </trkpt>
    <trkpt lat="-25.5897933" lon="133.2102191">
      <ele>464.467</ele>
    </trkpt>
    <trkpt lat="-25.5902286" lon="133.2102547">
      <ele>465.015</ele>
    </trkpt>
    <trkpt lat="-25.5907667" lon="133.2102988">
      <ele>464.0</ele>
    </trkpt>
    <trkpt lat="-25.591277" lon="133.2103406">
      <ele>462.956</ele>
    </trkpt>
    <trkpt lat="-25.5918431" lon="133.2103857">
      <ele>462.635</ele>
    </trkpt>
    <trkpt lat="-25.5920225" lon="133.2104">
      <ele>463.281</ele>
    </trkpt>
    <trkpt lat="-25.592738" lon="133.210457">
      <ele>464.857</ele>
    </trkpt>
    <trkpt lat="-25.5940754" lon="133.2105582">
      <ele>465.675</ele>
    </trkpt>
    <trkpt lat="-25.595444" lon="133.210667">
      <ele>465.401</ele>
    </trkpt>
    <trkpt lat="-25.5959667" lon="133.2107137">
      <ele>466.0</ele>
    </trkpt>
    <trkpt lat="-25.5974734" lon="133.2108338">
      <ele>466.0</ele>
    </trkpt>
    <trkpt lat="-25.5986726" lon="133.2109342">
      <ele>466.637</ele>
    </trkpt>
    <trkpt lat="-25.5987325" lon="133.2109392">
      <ele>466.619</ele>
    </trkpt>
    <trkpt lat="-25.5999607" lon="133.2110375">
      <ele>467.141</ele>
    </trkpt>
    <trkpt lat="-25.6006775" lon="133.2110905">
      <ele>468.92</ele>
    </trkpt>
    <trkpt lat="-25.6007711" lon="133.2110942">
      <ele>469.566</ele>
    </trkpt>
    <trkpt lat="-25.6008191" lon="133.2110825">
      <ele>469.903</ele>
    </trkpt>
    <trkpt lat="-25.6008503" lon="133.2110703">
      <ele>470.052</ele>
    </trkpt>
    <trkpt lat="-25.6008864" lon="133.211049">
      <ele>470.148</ele>
    </trkpt>
    <trkpt lat="-25.6009305" lon="133.2110288">
      <ele>470.246</ele>
    </trkpt>
    <trkpt lat="-25.6009728" lon="133.2110192">
      <ele>470.336</ele>
    </trkpt>
    <trkpt lat="-25.6010107" lon="133.2110218">
      <ele>470.433</ele>
    </trkpt>
    <trkpt lat="-25.6015542" lon="133.2110616">
      <ele>470.261</ele>
    </trkpt>
    <trkpt lat="-25.6026265" lon="133.2111497">
      <ele>468.392</ele>
    </trkpt>
    <trkpt lat="-25.6038713" lon="133.2112523">
      <ele>469.524</ele>
    </trkpt>
    <trkpt lat="-25.6046131" lon="133.2113882">
      <ele>469.606</ele>
    </trkpt>
    <trkpt lat="-25.6052941" lon="133.2113661">
      <ele>472.941</ele>
    </trkpt>
    <trkpt lat="-25.6059127" lon="133.2114137">
      <ele>471.0</ele>
    </trkpt>
    <trkpt lat="-25.6082322" lon="133.2116032">
      <ele>474.407</ele>
    </trkpt>
    <trkpt lat="-25.6085611" lon="133.2116298">
      <ele>473.336</ele>
    </trkpt>
    <trkpt lat="-25.608582" lon="133.2116315">
      <ele>473.196</ele>
    </trkpt>
    <trkpt lat="-25.6087614" lon="133.211646">
      <ele>472.459</ele>
    </trkpt>
    <trkpt lat="-25.6089407" lon="133.2116605">
      <ele>472.191</ele>
    </trkpt>
    <trkpt lat="-25.6090994" lon="133.2116733">
      <ele>472.764</ele>
    </trkpt>
    <trkpt lat="-25.6091201" lon="133.211675">
      <ele>472.837</ele>
    </trkpt>
    <trkpt lat="-25.6099544" lon="133.2117426">
      <ele>475.0</ele>
    </trkpt>
    <trkpt lat="-25.6117906" lon="133.2118842">
      <ele>474.783</ele>
    </trkpt>
    <trkpt lat="-25.6127216" lon="133.2119561">
      <ele>476.042</ele>
    </trkpt>
    <trkpt lat="-25.6151953" lon="133.2121526">
      <ele>475.297</ele>
    </trkpt>
    <trkpt lat="-25.6175996" lon="133.2123515">
      <ele>477.465</ele>
    </trkpt>
    <trkpt lat="-25.6193462" lon="133.2124873">
      <ele>477.692</ele>
    </trkpt>
    <trkpt lat="-25.6196118" lon="133.212508">
      <ele>478.602</ele>
    </trkpt>
    <trkpt lat="-25.619705" lon="133.2125161">
      <ele>478.938</ele>
    </trkpt>
    <trkpt lat="-25.6198843" lon="133.2125317">
      <ele>478.933</ele>
    </trkpt>
    <trkpt lat="-25.6201758" lon="133.2125571">
      <ele>478.292</ele>
    </trkpt>
    <trkpt lat="-25.6205169" lon="133.2125826">
      <ele>478.0</ele>
    </trkpt>
    <trkpt lat="-25.6206019" lon="133.212589">
      <ele>478.167</ele>
    </trkpt>
    <trkpt lat="-25.6213686" lon="133.212647">
      <ele>479.927</ele>
    </trkpt>
    <trkpt lat="-25.6229021" lon="133.2127757">
      <ele>479.448</ele>
    </trkpt>
    <trkpt lat="-25.6250276" lon="133.212948">
      <ele>479.038</ele>
    </trkpt>
    <trkpt lat="-25.6258597" lon="133.2130152">
      <ele>481.0</ele>
    </trkpt>
    <trkpt lat="-25.626739" lon="133.2131025">
      <ele>481.169</ele>
    </trkpt>
    <trkpt lat="-25.6273047" lon="133.2131652">
      <ele>481.18</ele>
    </trkpt>
    <trkpt lat="-25.6277729" lon="133.2132255">
      <ele>481.388</ele>
    </trkpt>
    <trkpt lat="-25.6280218" lon="133.2132575">
      <ele>481.513</ele>
    </trkpt>
    <trkpt lat="-25.6286804" lon="133.2133515">
      <ele>483.065</ele>
    </trkpt>
    <trkpt lat="-25.6296261" lon="133.2135056">
      <ele>482.0</ele>
    </trkpt>
    <trkpt lat="-25.630846" lon="133.2137264">
      <ele>483.649</ele>
    </trkpt>
    <trkpt lat="-25.6313933" lon="133.2138391">
      <ele>485.0</ele>
    </trkpt>
    <trkpt lat="-25.6318587" lon="133.2139373">
      <ele>485.691</ele>
    </trkpt>
    <trkpt lat="-25.6320723" lon="133.2139824">
      <ele>486.0</ele>
    </trkpt>
    <trkpt lat="-25.6325301" lon="133.2140898">
      <ele>484.277</ele>
    </trkpt>
    <trkpt lat="-25.633091" lon="133.2142232">
      <ele>483.102</ele>
    </trkpt>
    <trkpt lat="-25.6332669" lon="133.214265">
      <ele>483.492</ele>
    </trkpt>
    <trkpt lat="-25.6335451" lon="133.2143312">
      <ele>484.622</ele>
    </trkpt>
    <trkpt lat="-25.6344304" lon="133.2145656">
      <ele>484.614</ele>
    </trkpt>
    <trkpt lat="-25.6356548" lon="133.2149115">
      <ele>486.757</ele>
    </trkpt>
    <trkpt lat="-25.6358856" lon="133.2149836">
      <ele>486.048</ele>
    </trkpt>
    <trkpt lat="-25.6360386" lon="133.2150315">
      <ele>485.97</ele>
    </trkpt>
    <trkpt lat="-25.6360587" lon="133.2150377">
      <ele>485.974</ele>
    </trkpt>
    <trkpt lat="-25.6362118" lon="133.2150855">
      <ele>486.0</ele>
    </trkpt>
    <trkpt lat="-25.6362318" lon="133.2150918">
      <ele>486.0</ele>
    </trkpt>
    <trkpt lat="-25.6364049" lon="133.2151459">
      <ele>486.0</ele>
    </trkpt>
    <trkpt lat="-25.6365463" lon="133.2151901">
      <ele>486.0</ele>
    </trkpt>
    <trkpt lat="-25.6376325" lon="133.2155569">
      <ele>485.003</ele>
    </trkpt>
    <trkpt lat="-25.6379523" lon="133.2156731">
      <ele>485.628</ele>
    </trkpt>
    <trkpt lat="-25.6385714" lon="133.2158982">
      <ele>488.28</ele>
    </trkpt>
    <trkpt lat="-25.6390883" lon="133.2160908">
      <ele>488.021</ele>
    </trkpt>
    <trkpt lat="-25.6395906" lon="133.2162812">
      <ele>487.474</ele>
    </trkpt>
    <trkpt lat="-25.6400476" lon="133.216475">
      <ele>485.829</ele>
    </trkpt>
    <trkpt lat="-25.6404999" lon="133.2166567">
      <ele>485.0</ele>
    </trkpt>
    <trkpt lat="-25.6405792" lon="133.2166886">
      <ele>485.236</ele>
    </trkpt>
    <trkpt lat="-25.6406683" lon="133.2167269">
      <ele>485.752</ele>
    </trkpt>
    <trkpt lat="-25.640836" lon="133.2167989">
      <ele>486.481</ele>
    </trkpt>
    <trkpt lat="-25.6409843" lon="133.2168626">
      <ele>486.865</ele>
    </trkpt>
    <trkpt lat="-25.6410954" lon="133.2169103">
      <ele>486.993</ele>
    </trkpt>
    <trkpt lat="-25.6411522" lon="133.216934">
      <ele>486.852</ele>
    </trkpt>
    <trkpt lat="-25.6413205" lon="133.2170044">
      <ele>486.246</ele>
    </trkpt>
    <trkpt lat="-25.6415506" lon="133.2171006">
      <ele>485.418</ele>
    </trkpt>
    <trkpt lat="-25.6418028" lon="133.217219">
      <ele>485.49</ele>
    </trkpt>
    <trkpt lat="-25.6420434" lon="133.2173223">
      <ele>486.356</ele>
    </trkpt>
    <trkpt lat="-25.6423741" lon="133.2174732">
      <ele>486.947</ele>
    </trkpt>
    <trkpt lat="-25.6425074" lon="133.2175354">
      <ele>486.849</ele>
    </trkpt>
    <trkpt lat="-25.6426953" lon="133.217623">
      <ele>486.165</ele>
    </trkpt>
    <trkpt lat="-25.6430364" lon="133.2177901">
      <ele>485.956</ele>
    </trkpt>
    <trkpt lat="-25.643496" lon="133.2180153">
      <ele>486.085</ele>
    </trkpt>
    <trkpt lat="-25.643547" lon="133.2180403">
      <ele>486.042</ele>
    </trkpt>
    <trkpt lat="-25.6436598" lon="133.2180976">
      <ele>485.973</ele>
    </trkpt>
    <trkpt lat="-25.6440354" lon="133.2182884">
      <ele>484.549</ele>
    </trkpt>
    <trkpt lat="-25.6441505" lon="133.2183466">
      <ele>484.058</ele>
    </trkpt>
    <trkpt lat="-25.6444955" lon="133.2185209">
      <ele>484.06</ele>
    </trkpt>
    <trkpt lat="-25.6446402" lon="133.2185981">
      <ele>484.033</ele>
    </trkpt>
    <trkpt lat="-25.6448022" lon="133.2186846">
      <ele>484.076</ele>
    </trkpt>
    <trkpt lat="-25.64544" lon="133.219025">
      <ele>485.796</ele>
    </trkpt>
    <trkpt lat="-25.6462425" lon="133.2194731">
      <ele>484.951</ele>
    </trkpt>
    <trkpt lat="-25.6464135" lon="133.219571">
      <ele>484.544</ele>
    </trkpt>
    <trkpt lat="-25.6465548" lon="133.2196519">
      <ele>484.253</ele>
    </trkpt>
    <trkpt lat="-25.6465727" lon="133.2196621">
      <ele>484.216</ele>
    </trkpt>
    <trkpt lat="-25.6467136" lon="133.2197456">
      <ele>484.155</ele>
    </trkpt>
    <trkpt lat="-25.6468907" lon="133.2198504">
      <ele>484.434</ele>
    </trkpt>
    <trkpt lat="-25.6472452" lon="133.2200604">
      <ele>485.718</ele>
    </trkpt>
    <trkpt lat="-25.647698" lon="133.2203391">
      <ele>484.445</ele>
    </trkpt>
    <trkpt lat="-25.6478371" lon="133.2204256">
      <ele>484.419</ele>
    </trkpt>
    <trkpt lat="-25.647994" lon="133.2205232">
      <ele>484.196</ele>
    </trkpt>
    <trkpt lat="-25.6483078" lon="133.2207184">
      <ele>484.908</ele>
    </trkpt>
    <trkpt lat="-25.6483134" lon="133.2207219">
      <ele>484.928</ele>
    </trkpt>
    <trkpt lat="-25.6484455" lon="133.2208064">
      <ele>485.404</ele>
    </trkpt>
    <trkpt lat="-25.6492887" lon="133.2213456">
      <ele>484.527</ele>
    </trkpt>
    <trkpt lat="-25.6497992" lon="133.2216631">
      <ele>485.29</ele>
    </trkpt>
    <trkpt lat="-25.6503433" lon="133.2220164">
      <ele>483.939</ele>
    </trkpt>
    <trkpt lat="-25.6519239" lon="133.2230269">
      <ele>487.022</ele>
    </trkpt>
    <trkpt lat="-25.6520763" lon="133.2231255">
      <ele>486.748</ele>
    </trkpt>
    <trkpt lat="-25.6531042" lon="133.2237928">
      <ele>486.061</ele>
    </trkpt>
    <trkpt lat="-25.6536843" lon="133.2241555">
      <ele>486.0</ele>
    </trkpt>
    <trkpt lat="-25.6540147" lon="133.2243629">
      <ele>485.68</ele>
    </trkpt>
    <trkpt lat="-25.6560426" lon="133.2256518">
      <ele>486.1</ele>
    </trkpt>
    <trkpt lat="-25.6561644" lon="133.2257279">
      <ele>486.885</ele>
    </trkpt>
    <trkpt lat="-25.6562375" lon="133.2257732">
      <ele>487.337</ele>
    </trkpt>
    <trkpt lat="-25.6574153" lon="133.2265162">
      <ele>485.86</ele>
    </trkpt>
    <trkpt lat="-25.6579711" lon="133.2268652">
      <ele>485.304</ele>
    </trkpt>
    <trkpt lat="-25.6592482" lon="133.2276713">
      <ele>486.475</ele>
    </trkpt>
    <trkpt lat="-25.6601265" lon="133.2282267">
      <ele>487.51</ele>
    </trkpt>
    <trkpt lat="-25.6618666" lon="133.2293244">
      <ele>489.432</ele>
    </trkpt>
    <trkpt lat="-25.6618792" lon="133.2293324">
      <ele>489.403</ele>
    </trkpt>
    <trkpt lat="-25.6621916" lon="133.2295305">
      <ele>489.0</ele>
    </trkpt>
    <trkpt lat="-25.6625039" lon="133.2297285">
      <ele>489.023</ele>
    </trkpt>
    <trkpt lat="-25.6630917" lon="133.2301012">
      <ele>489.74</ele>
    </trkpt>
    <trkpt lat="-25.664606" lon="133.2310593">
      <ele>489.418</ele>
    </trkpt>
    <trkpt lat="-25.665873" lon="133.231857">
      <ele>488.685</ele>
    </trkpt>
    <trkpt lat="-25.6659422" lon="133.2319014">
      <ele>488.845</ele>
    </trkpt>
    <trkpt lat="-25.6664711" lon="133.2322401">
      <ele>489.232</ele>
    </trkpt>
    <trkpt lat="-25.6677207" lon="133.2330282">
      <ele>486.098</ele>
    </trkpt>
    <trkpt lat="-25.668443" lon="133.2334813">
      <ele>490.395</ele>
    </trkpt>
    <trkpt lat="-25.668635" lon="133.2336017">
      <ele>491.0</ele>
    </trkpt>
    <trkpt lat="-25.669068" lon="133.2338767">
      <ele>489.088</ele>
    </trkpt>
    <trkpt lat="-25.6697624" lon="133.2343177">
      <ele>487.145</ele>
    </trkpt>
    <trkpt lat="-25.670747" lon="133.2349295">
      <ele>489.153</ele>
    </trkpt>
    <trkpt lat="-25.6726715" lon="133.2361402">
      <ele>491.0</ele>
    </trkpt>
    <trkpt lat="-25.6729809" lon="133.2363349">
      <ele>489.538</ele>
    </trkpt>
    <trkpt lat="-25.6757634" lon="133.2380865">
      <ele>488.0</ele>
    </trkpt>
    <trkpt lat="-25.6759529" lon="133.2382067">
      <ele>488.627</ele>
    </trkpt>
    <trkpt lat="-25.678088" lon="133.2395615">
      <ele>490.511</ele>
    </trkpt>
    <trkpt lat="-25.679326" lon="133.2404649">
      <ele>487.247</ele>
    </trkpt>
    <trkpt lat="-25.6796213" lon="133.2406532">
      <ele>489.814</ele>
    </trkpt>
    <trkpt lat="-25.6805846" lon="133.2411198">
      <ele>490.867</ele>
    </trkpt>
    <trkpt lat="-25.6806085" lon="133.2411362">
      <ele>490.736</ele>
    </trkpt>
    <trkpt lat="-25.6807402" lon="133.2412262">
      <ele>490.196</ele>
    </trkpt>
    <trkpt lat="-25.680762" lon="133.2412401">
      <ele>490.138</ele>
    </trkpt>
    <trkpt lat="-25.6813988" lon="133.2416455">
      <ele>491.0</ele>
    </trkpt>
    <trkpt lat="-25.682578" lon="133.2424052">
      <ele>490.341</ele>
    </trkpt>
    <trkpt lat="-25.6834326" lon="133.2429303">
      <ele>492.0</ele>
    </trkpt>
    <trkpt lat="-25.6835462" lon="133.2430005">
      <ele>492.0</ele>
    </trkpt>
    <trkpt lat="-25.6841677" lon="133.2434013">
      <ele>490.0</ele>
    </trkpt>
    <trkpt lat="-25.6847914" lon="133.2437986">
      <ele>490.756</ele>
    </trkpt>
    <trkpt lat="-25.6849451" lon="133.2438999">
      <ele>491.0</ele>
    </trkpt>
    <trkpt lat="-25.6855586" lon="133.2443126">
      <ele>488.525</ele>
    </trkpt>
    <trkpt lat="-25.686658" lon="133.2449952">
      <ele>491.969</ele>
    </trkpt>
    <trkpt lat="-25.6868144" lon="133.2451013">
      <ele>491.103</ele>
    </trkpt>
    <trkpt lat="-25.6869219" lon="133.2451703">
      <ele>490.468</ele>
    </trkpt>
    <trkpt lat="-25.6871243" lon="133.2453001">
      <ele>489.972</ele>
    </trkpt>
    <trkpt lat="-25.6872761" lon="133.2453979">
      <ele>490.194</ele>
    </trkpt>
    <trkpt lat="-25.6877744" lon="133.2457227">
      <ele>491.0</ele>
    </trkpt>
    <trkpt lat="-25.6882892" lon="133.2460504">
      <ele>489.343</ele>
    </trkpt>
    <trkpt lat="-25.6885548" lon="133.2462188">
      <ele>490.185</ele>
    </trkpt>
    <trkpt lat="-25.6888671" lon="133.2464169">
      <ele>491.101</ele>
    </trkpt>
    <trkpt lat="-25.6889352" lon="133.2464602">
      <ele>491.09</ele>
    </trkpt>
    <trkpt lat="-25.6890236" lon="133.2465152">
      <ele>490.97</ele>
    </trkpt>
    <trkpt lat="-25.6897836" lon="133.2469876">
      <ele>492.0</ele>
    </trkpt>
    <trkpt lat="-25.690121" lon="133.2472002">
      <ele>492.0</ele>
    </trkpt>
    <trkpt lat="-25.6903519" lon="133.2473459">
      <ele>490.961</ele>
    </trkpt>
    <trkpt lat="-25.6907096" lon="133.2475731">
      <ele>490.263</ele>
    </trkpt>
    <trkpt lat="-25.6912401" lon="133.2479102">
      <ele>491.0</ele>
    </trkpt>
    <trkpt lat="-25.6923967" lon="133.24864">
      <ele>492.399</ele>
    </trkpt>
    <trkpt lat="-25.6932473" lon="133.2491812">
      <ele>490.603</ele>
    </trkpt>
    <trkpt lat="-25.693714" lon="133.2494755">
      <ele>490.112</ele>
    </trkpt>
    <trkpt lat="-25.6938705" lon="133.2495741">
      <ele>490.467</ele>
    </trkpt>
    <trkpt lat="-25.6950234" lon="133.2503008">
      <ele>491.84</ele>
    </trkpt>
    <trkpt lat="-25.6955917" lon="133.2506567">
      <ele>490.766</ele>
    </trkpt>
    <trkpt lat="-25.6957484" lon="133.2507549">
      <ele>490.977</ele>
    </trkpt>
    <trkpt lat="-25.6958712" lon="133.2508318">
      <ele>491.142</ele>
    </trkpt>
    <trkpt lat="-25.696374" lon="133.2511491">
      <ele>492.954</ele>
    </trkpt>
    <trkpt lat="-25.6965303" lon="133.2512477">
      <ele>493.0</ele>
    </trkpt>
    <trkpt lat="-25.6967154" lon="133.2513645">
      <ele>492.84</ele>
    </trkpt>
    <trkpt lat="-25.6971549" lon="133.251644">
      <ele>492.0</ele>
    </trkpt>
    <trkpt lat="-25.6975565" lon="133.2518996">
      <ele>492.0</ele>
    </trkpt>
    <trkpt lat="-25.6979366" lon="133.2521377">
      <ele>492.0</ele>
    </trkpt>
    <trkpt lat="-25.6984014" lon="133.252429">
      <ele>492.427</ele>
    </trkpt>
    <trkpt lat="-25.6985628" lon="133.2525307">
      <ele>493.873</ele>
    </trkpt>
    <trkpt lat="-25.6998045" lon="133.2533127">
      <ele>494.0</ele>
    </trkpt>
    <trkpt lat="-25.6999706" lon="133.2534174">
      <ele>494.0</ele>
    </trkpt>
    <trkpt lat="-25.7007527" lon="133.2539103">
      <ele>493.268</ele>
    </trkpt>
    <trkpt lat="-25.700909" lon="133.2540089">
      <ele>493.0</ele>
    </trkpt>
    <trkpt lat="-25.7009328" lon="133.2540239">
      <ele>493.0</ele>
    </trkpt>
    <trkpt lat="-25.7010655" lon="133.2541075">
      <ele>493.0</ele>
    </trkpt>
    <trkpt lat="-25.7012218" lon="133.2542061">
      <ele>493.227</ele>
    </trkpt>
    <trkpt lat="-25.7019635" lon="133.2546741">
      <ele>494.839</ele>
    </trkpt>
    <trkpt lat="-25.7024706" lon="133.2549994">
      <ele>495.998</ele>
    </trkpt>
    <trkpt lat="-25.7026264" lon="133.2550993">
      <ele>494.895</ele>
    </trkpt>
    <trkpt lat="-25.7029379" lon="133.2552991">
      <ele>494.0</ele>
    </trkpt>
    <trkpt lat="-25.7032655" lon="133.2555092">
      <ele>494.756</ele>
    </trkpt>
    <trkpt lat="-25.7040174" lon="133.2559721">
      <ele>495.5</ele>
    </trkpt>
    <trkpt lat="-25.7043475" lon="133.2561821">
      <ele>495.605</ele>
    </trkpt>
    <trkpt lat="-25.7045036" lon="133.2562814">
      <ele>495.695</ele>
    </trkpt>
    <trkpt lat="-25.7046596" lon="133.2563808">
      <ele>495.993</ele>
    </trkpt>
    <trkpt lat="-25.7047628" lon="133.2564464">
      <ele>495.854</ele>
    </trkpt>
    <trkpt lat="-25.7052302" lon="133.2567399">
      <ele>494.126</ele>
    </trkpt>
    <trkpt lat="-25.7052854" lon="133.2567746">
      <ele>494.0</ele>
    </trkpt>
    <trkpt lat="-25.705442" lon="133.2568729">
      <ele>494.0</ele>
    </trkpt>
    <trkpt lat="-25.7055983" lon="133.2569711">
      <ele>494.485</ele>
    </trkpt>
    <trkpt lat="-25.7057549" lon="133.2570693">
      <ele>496.012</ele>
    </trkpt>
    <trkpt lat="-25.705892" lon="133.2571553">
      <ele>496.97</ele>
    </trkpt>
    <trkpt lat="-25.7060685" lon="133.2572654">
      <ele>498.002</ele>
    </trkpt>
    <trkpt lat="-25.7062253" lon="133.2573632">
      <ele>498.71</ele>
    </trkpt>
    <trkpt lat="-25.7063821" lon="133.257461">
      <ele>498.997</ele>
    </trkpt>
    <trkpt lat="-25.7067298" lon="133.2576778">
      <ele>498.133</ele>
    </trkpt>
    <trkpt lat="-25.7069197" lon="133.2578029">
      <ele>496.999</ele>
    </trkpt>
    <trkpt lat="-25.7073192" lon="133.2580551">
      <ele>495.35</ele>
    </trkpt>
    <trkpt lat="-25.7074755" lon="133.2581538">
      <ele>495.943</ele>
    </trkpt>
    <trkpt lat="-25.7085142" lon="133.2588094">
      <ele>495.365</ele>
    </trkpt>
    <trkpt lat="-25.7094541" lon="133.2594037">
      <ele>496.0</ele>
    </trkpt>
    <trkpt lat="-25.709827" lon="133.2596419">
      <ele>495.732</ele>
    </trkpt>
    <trkpt lat="-25.7112334" lon="133.2605232">
      <ele>495.557</ele>
    </trkpt>
    <trkpt lat="-25.7117078" lon="133.2608264">
      <ele>494.852</ele>
    </trkpt>
    <trkpt lat="-25.7123172" lon="133.2612046">
      <ele>494.221</ele>
    </trkpt>
    <trkpt lat="-25.7127326" lon="133.26147">
      <ele>493.953</ele>
    </trkpt>
    <trkpt lat="-25.7137964" lon="133.2621437">
      <ele>493.333</ele>
    </trkpt>
    <trkpt lat="-25.7154503" lon="133.2631865">
      <ele>494.2</ele>
    </trkpt>
    <trkpt lat="-25.7160669" lon="133.2635784">
      <ele>493.86</ele>
    </trkpt>
    <trkpt lat="-25.7165351" lon="133.263876">
      <ele>493.502</ele>
    </trkpt>
    <trkpt lat="-25.7166912" lon="133.2639752">
      <ele>493.628</ele>
    </trkpt>
    <trkpt lat="-25.7169319" lon="133.2641282">
      <ele>493.006</ele>
    </trkpt>
    <trkpt lat="-25.7188765" lon="133.2653638">
      <ele>493.0</ele>
    </trkpt>
    <trkpt lat="-25.7191838" lon="133.2655591">
      <ele>492.001</ele>
    </trkpt>
    <trkpt lat="-25.7194012" lon="133.265694">
      <ele>492.421</ele>
    </trkpt>
    <trkpt lat="-25.7196583" lon="133.2658562">
      <ele>493.0</ele>
    </trkpt>
    <trkpt lat="-25.7201818" lon="133.2661897">
      <ele>492.283</ele>
    </trkpt>
    <trkpt lat="-25.7205084" lon="133.2663977">
      <ele>492.17</ele>
    </trkpt>
    <trkpt lat="-25.721274" lon="133.266885">
      <ele>492.047</ele>
    </trkpt>
    <trkpt lat="-25.7218987" lon="133.2672827">
      <ele>493.311</ele>
    </trkpt>
    <trkpt lat="-25.7226827" lon="133.2677682">
      <ele>492.692</ele>
    </trkpt>
    <trkpt lat="-25.7229963" lon="133.2679657">
      <ele>493.254</ele>
    </trkpt>
    <trkpt lat="-25.7233092" lon="133.2681627">
      <ele>493.0</ele>
    </trkpt>
    <trkpt lat="-25.7233196" lon="133.2681693">
      <ele>493.0</ele>
    </trkpt>
    <trkpt lat="-25.7243794" lon="133.268838">
      <ele>493.226</ele>
    </trkpt>
    <trkpt lat="-25.725445" lon="133.2695142">
      <ele>495.1</ele>
    </trkpt>
    <trkpt lat="-25.72673" lon="133.2703208">
      <ele>496.652</ele>
    </trkpt>
    <trkpt lat="-25.727374" lon="133.2707293">
      <ele>494.716</ele>
    </trkpt>
    <trkpt lat="-25.7275302" lon="133.2708284">
      <ele>495.109</ele>
    </trkpt>
    <trkpt lat="-25.7278425" lon="133.2710265">
      <ele>495.838</ele>
    </trkpt>
    <trkpt lat="-25.7279346" lon="133.2710849">
      <ele>495.489</ele>
    </trkpt>
    <trkpt lat="-25.7279987" lon="133.2711255">
      <ele>495.205</ele>
    </trkpt>
    <trkpt lat="-25.7290356" lon="133.2717816">
      <ele>496.0</ele>
    </trkpt>
    <trkpt lat="-25.7290926" lon="133.2718174">
      <ele>496.0</ele>
    </trkpt>
    <trkpt lat="-25.7292491" lon="133.2719158">
      <ele>495.734</ele>
    </trkpt>
    <trkpt lat="-25.7297187" lon="133.2722109">
      <ele>494.053</ele>
    </trkpt>
    <trkpt lat="-25.7298752" lon="133.2723092">
      <ele>494.0</ele>
    </trkpt>
    <trkpt lat="-25.7302332" lon="133.2725342">
      <ele>494.0</ele>
    </trkpt>
    <trkpt lat="-25.7306937" lon="133.2728255">
      <ele>495.412</ele>
    </trkpt>
    <trkpt lat="-25.7308129" lon="133.2729022">
      <ele>495.511</ele>
    </trkpt>
    <trkpt lat="-25.7310698" lon="133.2730676">
      <ele>495.808</ele>
    </trkpt>
    <trkpt lat="-25.731808" lon="133.2735286">
      <ele>494.836</ele>
    </trkpt>
    <trkpt lat="-25.731908" lon="133.2735919">
      <ele>494.253</ele>
    </trkpt>
    <trkpt lat="-25.7320643" lon="133.2736907">
      <ele>494.594</ele>
    </trkpt>
    <trkpt lat="-25.7322206" lon="133.2737895">
      <ele>494.998</ele>
    </trkpt>
    <trkpt lat="-25.7323769" lon="133.2738883">
      <ele>495.557</ele>
    </trkpt>
    <trkpt lat="-25.7325332" lon="133.2739871">
      <ele>496.197</ele>
    </trkpt>
    <trkpt lat="-25.732636" lon="133.2740521">
      <ele>496.692</ele>
    </trkpt>
    <trkpt lat="-25.7333155" lon="133.2744795">
      <ele>497.874</ele>
    </trkpt>
    <trkpt lat="-25.7337785" lon="133.2747708">
      <ele>496.0</ele>
    </trkpt>
    <trkpt lat="-25.7347474" lon="133.2753873">
      <ele>496.449</ele>
    </trkpt>
    <trkpt lat="-25.7348773" lon="133.2754699">
      <ele>496.864</ele>
    </trkpt>
    <trkpt lat="-25.7350334" lon="133.2755691">
      <ele>497.0</ele>
    </trkpt>
    <trkpt lat="-25.7351895" lon="133.2756683">
      <ele>497.0</ele>
    </trkpt>
    <trkpt lat="-25.7353455" lon="133.2757675">
      <ele>496.942</ele>
    </trkpt>
    <trkpt lat="-25.7355016" lon="133.2758668">
      <ele>497.0</ele>
    </trkpt>
    <trkpt lat="-25.7356577" lon="133.2759661">
      <ele>497.176</ele>
    </trkpt>
    <trkpt lat="-25.7357216" lon="133.2760067">
      <ele>497.373</ele>
    </trkpt>
    <trkpt lat="-25.7358146" lon="133.2760637">
      <ele>497.773</ele>
    </trkpt>
    <trkpt lat="-25.735972" lon="133.2761603">
      <ele>498.0</ele>
    </trkpt>
    <trkpt lat="-25.7360948" lon="133.2762356">
      <ele>498.0</ele>
    </trkpt>
    <trkpt lat="-25.7361292" lon="133.2762573">
      <ele>498.0</ele>
    </trkpt>
    <trkpt lat="-25.7362855" lon="133.276356">
      <ele>498.0</ele>
    </trkpt>
    <trkpt lat="-25.7367546" lon="133.2766522">
      <ele>499.264</ele>
    </trkpt>
    <trkpt lat="-25.7371611" lon="133.276909">
      <ele>500.68</ele>
    </trkpt>
    <trkpt lat="-25.7376918" lon="133.2772501">
      <ele>501.0</ele>
    </trkpt>
    <trkpt lat="-25.7381228" lon="133.2775235">
      <ele>501.569</ele>
    </trkpt>
    <trkpt lat="-25.7387059" lon="133.2778872">
      <ele>505.0</ele>
    </trkpt>
    <trkpt lat="-25.7387859" lon="133.2779377">
      <ele>505.0</ele>
    </trkpt>
    <trkpt lat="-25.7392548" lon="133.2782341">
      <ele>504.675</ele>
    </trkpt>
    <trkpt lat="-25.7393445" lon="133.2782908">
      <ele>504.793</ele>
    </trkpt>
    <trkpt lat="-25.7398801" lon="133.278629">
      <ele>505.963</ele>
    </trkpt>
    <trkpt lat="-25.7399265" lon="133.2786583">
      <ele>505.875</ele>
    </trkpt>
    <trkpt lat="-25.7408028" lon="133.2792098">
      <ele>506.0</ele>
    </trkpt>
    <trkpt lat="-25.7408189" lon="133.27922">
      <ele>506.0</ele>
    </trkpt>
    <trkpt lat="-25.7409753" lon="133.2793187">
      <ele>506.28</ele>
    </trkpt>
    <trkpt lat="-25.7411316" lon="133.2794174">
      <ele>506.976</ele>
    </trkpt>
    <trkpt lat="-25.741288" lon="133.2795161">
      <ele>507.73</ele>
    </trkpt>
    <trkpt lat="-25.7414443" lon="133.2796148">
      <ele>508.0</ele>
    </trkpt>
    <trkpt lat="-25.7415573" lon="133.2796862">
      <ele>508.0</ele>
    </trkpt>
    <trkpt lat="-25.7426653" lon="133.2803905">
      <ele>508.353</ele>
    </trkpt>
    <trkpt lat="-25.7426932" lon="133.2804083">
      <ele>508.203</ele>
    </trkpt>
    <trkpt lat="-25.7442535" lon="133.2814015">
      <ele>503.0</ele>
    </trkpt>
    <trkpt lat="-25.7443393" lon="133.2814561">
      <ele>503.0</ele>
    </trkpt>
    <trkpt lat="-25.7448785" lon="133.2817972">
      <ele>503.702</ele>
    </trkpt>
    <trkpt lat="-25.7450348" lon="133.281896">
      <ele>503.722</ele>
    </trkpt>
    <trkpt lat="-25.7451911" lon="133.2819949">
      <ele>503.13</ele>
    </trkpt>
    <trkpt lat="-25.7453473" lon="133.2820937">
      <ele>502.347</ele>
    </trkpt>
    <trkpt lat="-25.7457696" lon="133.2823608">
      <ele>502.0</ele>
    </trkpt>
    <trkpt lat="-25.7458163" lon="133.2823901">
      <ele>502.0</ele>
    </trkpt>
    <trkpt lat="-25.7459729" lon="133.2824883">
      <ele>502.0</ele>
    </trkpt>
    <trkpt lat="-25.7470692" lon="133.2831757">
      <ele>503.762</ele>
    </trkpt>
    <trkpt lat="-25.7471197" lon="133.2832074">
      <ele>503.798</ele>
    </trkpt>
    <trkpt lat="-25.748944" lon="133.284363">
      <ele>502.235</ele>
    </trkpt>
    <trkpt lat="-25.7492339" lon="133.2845466">
      <ele>502.126</ele>
    </trkpt>
    <trkpt lat="-25.7492568" lon="133.2845603">
      <ele>502.093</ele>
    </trkpt>
    <trkpt lat="-25.7500484" lon="133.2850339">
      <ele>502.275</ele>
    </trkpt>
    <trkpt lat="-25.7502068" lon="133.2851287">
      <ele>502.863</ele>
    </trkpt>
    <trkpt lat="-25.7506818" lon="133.2854129">
      <ele>502.941</ele>
    </trkpt>
    <trkpt lat="-25.7511705" lon="133.2857054">
      <ele>503.786</ele>
    </trkpt>
    <trkpt lat="-25.7513184" lon="133.2857848">
      <ele>503.254</ele>
    </trkpt>
    <trkpt lat="-25.7514803" lon="133.2858717">
      <ele>503.0</ele>
    </trkpt>
    <trkpt lat="-25.7516423" lon="133.2859586">
      <ele>503.0</ele>
    </trkpt>
    <trkpt lat="-25.7524519" lon="133.2863932">
      <ele>503.814</ele>
    </trkpt>
    <trkpt lat="-25.7526138" lon="133.2864802">
      <ele>504.081</ele>
    </trkpt>
    <trkpt lat="-25.7532615" lon="133.2868279">
      <ele>504.85</ele>
    </trkpt>
    <trkpt lat="-25.753555" lon="133.2869854">
      <ele>505.68</ele>
    </trkpt>
    <trkpt lat="-25.7545396" lon="133.2874712">
      <ele>505.0</ele>
    </trkpt>
    <trkpt lat="-25.754977" lon="133.2876788">
      <ele>505.0</ele>
    </trkpt>
    <trkpt lat="-25.7553699" lon="133.2878603">
      <ele>505.199</ele>
    </trkpt>
    <trkpt lat="-25.7560696" lon="133.2881694">
      <ele>504.41</ele>
    </trkpt>
    <trkpt lat="-25.7561986" lon="133.2882264">
      <ele>504.93</ele>
    </trkpt>
    <trkpt lat="-25.7567157" lon="133.2884484">
      <ele>506.927</ele>
    </trkpt>
    <trkpt lat="-25.7569085" lon="133.2885293">
      <ele>506.386</ele>
    </trkpt>
    <trkpt lat="-25.7574132" lon="133.2887411">
      <ele>506.0</ele>
    </trkpt>
    <trkpt lat="-25.7574474" lon="133.2887555">
      <ele>506.0</ele>
    </trkpt>
    <trkpt lat="-25.7575822" lon="133.2888094">
      <ele>505.789</ele>
    </trkpt>
    <trkpt lat="-25.7577514" lon="133.2888771">
      <ele>505.133</ele>
    </trkpt>
    <trkpt lat="-25.7578668" lon="133.2889233">
      <ele>505.0</ele>
    </trkpt>
    <trkpt lat="-25.7587845" lon="133.2892708">
      <ele>507.014</ele>
    </trkpt>
    <trkpt lat="-25.7589428" lon="133.2893291">
      <ele>507.723</ele>
    </trkpt>
    <trkpt lat="-25.7593007" lon="133.2894607">
      <ele>509.424</ele>
    </trkpt>
    <trkpt lat="-25.7606527" lon="133.2899225">
      <ele>508.279</ele>
    </trkpt>
    <trkpt lat="-25.7615984" lon="133.2902195">
      <ele>510.948</ele>
    </trkpt>
    <trkpt lat="-25.7618725" lon="133.2902994">
      <ele>510.181</ele>
    </trkpt>
    <trkpt lat="-25.7625335" lon="133.2904921">
      <ele>510.093</ele>
    </trkpt>
    <trkpt lat="-25.7641242" lon="133.2909183">
      <ele>511.894</ele>
    </trkpt>
    <trkpt lat="-25.7641423" lon="133.2909226">
      <ele>511.795</ele>
    </trkpt>
    <trkpt lat="-25.7650834" lon="133.2911449">
      <ele>512.142</ele>
    </trkpt>
    <trkpt lat="-25.7669109" lon="133.2915285">
      <ele>512.377</ele>
    </trkpt>
    <trkpt lat="-25.7673333" lon="133.2916062">
      <ele>513.131</ele>
    </trkpt>
    <trkpt lat="-25.7675411" lon="133.2916406">
      <ele>513.0</ele>
    </trkpt>
    <trkpt lat="-25.7678695" lon="133.2916969">
      <ele>512.67</ele>
    </trkpt>
    <trkpt lat="-25.7681969" lon="133.291752">
      <ele>511.491</ele>
    </trkpt>
    <trkpt lat="-25.7683056" lon="133.2917691">
      <ele>511.1</ele>
    </trkpt>
    <trkpt lat="-25.7684139" lon="133.2917867">
      <ele>511.0</ele>
    </trkpt>
    <trkpt lat="-25.7697039" lon="133.2919654">
      <ele>513.859</ele>
    </trkpt>
    <trkpt lat="-25.7701781" lon="133.2920322">
      <ele>513.604</ele>
    </trkpt>
    <trkpt lat="-25.7715459" lon="133.2921707">
      <ele>515.105</ele>
    </trkpt>
    <trkpt lat="-25.7728647" lon="133.2923072">
      <ele>516.904</ele>
    </trkpt>
    <trkpt lat="-25.7730798" lon="133.2923295">
      <ele>516.614</ele>
    </trkpt>
    <trkpt lat="-25.7744748" lon="133.2924739">
      <ele>517.026</ele>
    </trkpt>
    <trkpt lat="-25.7748346" lon="133.2925112">
      <ele>518.388</ele>
    </trkpt>
    <trkpt lat="-25.7769837" lon="133.2927339">
      <ele>518.299</ele>
    </trkpt>
    <trkpt lat="-25.7780755" lon="133.292847">
      <ele>519.0</ele>
    </trkpt>
    <trkpt lat="-25.7792184" lon="133.292968">
      <ele>523.0</ele>
    </trkpt>
    <trkpt lat="-25.7794907" lon="133.2929957">
      <ele>522.703</ele>
    </trkpt>
    <trkpt lat="-25.7798489" lon="133.2930321">
      <ele>521.046</ele>
    </trkpt>
    <trkpt lat="-25.7800283" lon="133.2930504">
      <ele>521.1</ele>
    </trkpt>
    <trkpt lat="-25.7807446" lon="133.2931219">
      <ele>523.0</ele>
    </trkpt>
    <trkpt lat="-25.7818138" lon="133.2932286">
      <ele>523.623</ele>
    </trkpt>
    <trkpt lat="-25.782695" lon="133.2933245">
      <ele>523.978</ele>
    </trkpt>
    <trkpt lat="-25.7832518" lon="133.2933811">
      <ele>522.929</ele>
    </trkpt>
    <trkpt lat="-25.7837786" lon="133.2934347">
      <ele>524.113</ele>
    </trkpt>
    <trkpt lat="-25.7839683" lon="133.293454">
      <ele>524.434</ele>
    </trkpt>
    <trkpt lat="-25.7845056" lon="133.2935085">
      <ele>524.631</ele>
    </trkpt>
    <trkpt lat="-25.7846848" lon="133.2935267">
      <ele>524.696</ele>
    </trkpt>
    <trkpt lat="-25.7848639" lon="133.2935448">
      <ele>524.495</ele>
    </trkpt>
    <trkpt lat="-25.785043" lon="133.293563">
      <ele>524.301</ele>
    </trkpt>
    <trkpt lat="-25.7850675" lon="133.2935655">
      <ele>524.367</ele>
    </trkpt>
    <trkpt lat="-25.7855803" lon="133.2936183">
      <ele>526.113</ele>
    </trkpt>
    <trkpt lat="-25.7856269" lon="133.2936231">
      <ele>526.289</ele>
    </trkpt>
    <trkpt lat="-25.7857594" lon="133.2936366">
      <ele>526.758</ele>
    </trkpt>
    <trkpt lat="-25.7866549" lon="133.2937281">
      <ele>527.0</ele>
    </trkpt>
    <trkpt lat="-25.786689" lon="133.2937316">
      <ele>527.0</ele>
    </trkpt>
    <trkpt lat="-25.786834" lon="133.2937468">
      <ele>527.0</ele>
    </trkpt>
    <trkpt lat="-25.7877158" lon="133.2938391">
      <ele>528.638</ele>
    </trkpt>
    <trkpt lat="-25.7884473" lon="133.2938928">
      <ele>529.006</ele>
    </trkpt>
    <trkpt lat="-25.7886268" lon="133.2939059">
      <ele>529.061</ele>
    </trkpt>
    <trkpt lat="-25.788674" lon="133.2939094">
      <ele>529.074</ele>
    </trkpt>
    <trkpt lat="-25.7889862" lon="133.2939199">
      <ele>529.423</ele>
    </trkpt>
    <trkpt lat="-25.7895227" lon="133.293938">
      <ele>531.232</ele>
    </trkpt>
    <trkpt lat="-25.7901073" lon="133.2940055">
      <ele>531.58</ele>
    </trkpt>
    <trkpt lat="-25.7903803" lon="133.2940012">
      <ele>531.596</ele>
    </trkpt>
    <trkpt lat="-25.7906963" lon="133.2939982">
      <ele>531.299</ele>
    </trkpt>
    <trkpt lat="-25.7911148" lon="133.293979">
      <ele>531.013</ele>
    </trkpt>
    <trkpt lat="-25.7915448" lon="133.2939585">
      <ele>532.141</ele>
    </trkpt>
    <trkpt lat="-25.7915948" lon="133.2939554">
      <ele>532.177</ele>
    </trkpt>
    <trkpt lat="-25.7918655" lon="133.2939389">
      <ele>532.18</ele>
    </trkpt>
    <trkpt lat="-25.7921647" lon="133.293909">
      <ele>532.072</ele>
    </trkpt>
    <trkpt lat="-25.7926854" lon="133.2938594">
      <ele>530.894</ele>
    </trkpt>
    <trkpt lat="-25.7929754" lon="133.2938278">
      <ele>531.492</ele>
    </trkpt>
    <trkpt lat="-25.79335" lon="133.2937791">
      <ele>531.605</ele>
    </trkpt>
    <trkpt lat="-25.7933857" lon="133.2937743">
      <ele>531.587</ele>
    </trkpt>
    <trkpt lat="-25.7935642" lon="133.2937501">
      <ele>531.5</ele>
    </trkpt>
    <trkpt lat="-25.7936838" lon="133.2937339">
      <ele>531.588</ele>
    </trkpt>
    <trkpt lat="-25.7940986" lon="133.293667">
      <ele>532.152</ele>
    </trkpt>
    <trkpt lat="-25.7941022" lon="133.2936664">
      <ele>532.153</ele>
    </trkpt>
    <trkpt lat="-25.7942759" lon="133.2936336">
      <ele>532.049</ele>
    </trkpt>
    <trkpt lat="-25.7949974" lon="133.2934972">
      <ele>531.41</ele>
    </trkpt>
    <trkpt lat="-25.7953377" lon="133.2934203">
      <ele>531.0</ele>
    </trkpt>
    <trkpt lat="-25.795514" lon="133.2933804">
      <ele>531.0</ele>
    </trkpt>
    <trkpt lat="-25.7956903" lon="133.2933406">
      <ele>531.485</ele>
    </trkpt>
    <trkpt lat="-25.7957009" lon="133.2933382">
      <ele>531.523</ele>
    </trkpt>
    <trkpt lat="-25.7961636" lon="133.2932233">
      <ele>533.585</ele>
    </trkpt>
    <trkpt lat="-25.7967563" lon="133.2930654">
      <ele>533.976</ele>
    </trkpt>
    <trkpt lat="-25.7973465" lon="133.2928931">
      <ele>533.814</ele>
    </trkpt>
    <trkpt lat="-25.7974041" lon="133.2928733">
      <ele>533.775</ele>
    </trkpt>
    <trkpt lat="-25.7979225" lon="133.2927043">
      <ele>532.479</ele>
    </trkpt>
    <trkpt lat="-25.7984957" lon="133.2925029">
      <ele>532.0</ele>
    </trkpt>
    <trkpt lat="-25.7987781" lon="133.2924001">
      <ele>532.0</ele>
    </trkpt>
    <trkpt lat="-25.7988056" lon="133.2923901">
      <ele>532.0</ele>
    </trkpt>
    <trkpt lat="-25.7993496" lon="133.2921729">
      <ele>531.164</ele>
    </trkpt>
    <trkpt lat="-25.7997186" lon="133.2920192">
      <ele>530.725</ele>
    </trkpt>
    <trkpt lat="-25.7998247" lon="133.2919755">
      <ele>531.257</ele>
    </trkpt>
    <trkpt lat="-25.8002906" lon="133.2917618">
      <ele>529.266</ele>
    </trkpt>
    <trkpt lat="-25.800436" lon="133.2916951">
      <ele>528.021</ele>
    </trkpt>
    <trkpt lat="-25.8007884" lon="133.2915309">
      <ele>527.917</ele>
    </trkpt>
    <trkpt lat="-25.8007979" lon="133.2915264">
      <ele>527.937</ele>
    </trkpt>
    <trkpt lat="-25.8009542" lon="133.2914535">
      <ele>528.101</ele>
    </trkpt>
    <trkpt lat="-25.80112" lon="133.2913763">
      <ele>528.076</ele>
    </trkpt>
    <trkpt lat="-25.8016416" lon="133.2911331">
      <ele>529.0</ele>
    </trkpt>
    <trkpt lat="-25.8021143" lon="133.2909111">
      <ele>529.611</ele>
    </trkpt>
    <trkpt lat="-25.8024454" lon="133.2907555">
      <ele>529.775</ele>
    </trkpt>
    <trkpt lat="-25.802781" lon="133.2906114">
      <ele>528.991</ele>
    </trkpt>
    <trkpt lat="-25.8031165" lon="133.2904675">
      <ele>528.15</ele>
    </trkpt>
    <trkpt lat="-25.8031501" lon="133.290453">
      <ele>528.215</ele>
    </trkpt>
    <trkpt lat="-25.8039146" lon="133.2901533">
      <ele>529.0</ele>
    </trkpt>
    <trkpt lat="-25.8044776" lon="133.2899507">
      <ele>530.0</ele>
    </trkpt>
    <trkpt lat="-25.8046501" lon="133.2898885">
      <ele>530.0</ele>
    </trkpt>
    <trkpt lat="-25.8048211" lon="133.2898326">
      <ele>529.785</ele>
    </trkpt>
    <trkpt lat="-25.8053638" lon="133.2896553">
      <ele>528.524</ele>
    </trkpt>
    <trkpt lat="-25.8060013" lon="133.2894673">
      <ele>528.0</ele>
    </trkpt>
    <trkpt lat="-25.8068506" lon="133.2892437">
      <ele>524.094</ele>
    </trkpt>
    <trkpt lat="-25.8074797" lon="133.2891044">
      <ele>525.646</ele>
    </trkpt>
    <trkpt lat="-25.8076152" lon="133.289077">
      <ele>526.092</ele>
    </trkpt>
    <trkpt lat="-25.807969" lon="133.2890056">
      <ele>526.819</ele>
    </trkpt>
    <trkpt lat="-25.808146" lon="133.28897">
      <ele>526.769</ele>
    </trkpt>
    <trkpt lat="-25.8082328" lon="133.2889525">
      <ele>526.508</ele>
    </trkpt>
    <trkpt lat="-25.8089873" lon="133.2888292">
      <ele>526.861</ele>
    </trkpt>
    <trkpt lat="-25.8093924" lon="133.2887759">
      <ele>525.375</ele>
    </trkpt>
    <trkpt lat="-25.809571" lon="133.2887523">
      <ele>524.776</ele>
    </trkpt>
    <trkpt lat="-25.8098451" lon="133.2887162">
      <ele>524.378</ele>
    </trkpt>
    <trkpt lat="-25.811004" lon="133.2886128">
      <ele>524.611</ele>
    </trkpt>
    <trkpt lat="-25.8110449" lon="133.2886091">
      <ele>524.763</ele>
    </trkpt>
    <trkpt lat="-25.8113633" lon="133.2885923">
      <ele>525.0</ele>
    </trkpt>
    <trkpt lat="-25.8117003" lon="133.2885744">
      <ele>522.879</ele>
    </trkpt>
    <trkpt lat="-25.8119023" lon="133.2885704">
      <ele>522.152</ele>
    </trkpt>
    <trkpt lat="-25.8122619" lon="133.2885636">
      <ele>522.261</ele>
    </trkpt>
    <trkpt lat="-25.8124547" lon="133.2885598">
      <ele>523.519</ele>
    </trkpt>
    <trkpt lat="-25.8126216" lon="133.2885594">
      <ele>523.458</ele>
    </trkpt>
    <trkpt lat="-25.8128015" lon="133.288559">
      <ele>522.915</ele>
    </trkpt>
    <trkpt lat="-25.8129853" lon="133.2885584">
      <ele>522.253</ele>
    </trkpt>
    <trkpt lat="-25.8133211" lon="133.2885673">
      <ele>522.956</ele>
    </trkpt>
    <trkpt lat="-25.8133408" lon="133.2885684">
      <ele>523.0</ele>
    </trkpt>
    <trkpt lat="-25.8143038" lon="133.2886168">
      <ele>522.01</ele>
    </trkpt>
    <trkpt lat="-25.8147773" lon="133.2886562">
      <ele>522.13</ele>
    </trkpt>
    <trkpt lat="-25.815175" lon="133.2886893">
      <ele>522.0</ele>
    </trkpt>
    <trkpt lat="-25.8154936" lon="133.2887281">
      <ele>522.777</ele>
    </trkpt>
    <trkpt lat="-25.8157234" lon="133.2887561">
      <ele>523.0</ele>
    </trkpt>
    <trkpt lat="-25.815851" lon="133.2887735">
      <ele>523.0</ele>
    </trkpt>
    <trkpt lat="-25.815864" lon="133.2887753">
      <ele>523.0</ele>
    </trkpt>
    <trkpt lat="-25.8160294" lon="133.2887979">
      <ele>523.0</ele>
    </trkpt>
    <trkpt lat="-25.8162499" lon="133.288828">
      <ele>522.001</ele>
    </trkpt>
    <trkpt lat="-25.8163586" lon="133.2888455">
      <ele>521.218</ele>
    </trkpt>
    <trkpt lat="-25.8166749" lon="133.2888965">
      <ele>520.028</ele>
    </trkpt>
    <trkpt lat="-25.8169035" lon="133.2889345">
      <ele>520.304</ele>
    </trkpt>
    <trkpt lat="-25.8171151" lon="133.2889731">
      <ele>519.806</ele>
    </trkpt>
    <trkpt lat="-25.8174517" lon="133.2890388">
      <ele>518.714</ele>
    </trkpt>
    <trkpt lat="-25.817535" lon="133.2890551">
      <ele>518.598</ele>
    </trkpt>
    <trkpt lat="-25.8180678" lon="133.2891695">
      <ele>519.99</ele>
    </trkpt>
    <trkpt lat="-25.8186001" lon="133.2893005">
      <ele>519.021</ele>
    </trkpt>
    <trkpt lat="-25.8190156" lon="133.289406">
      <ele>518.544</ele>
    </trkpt>
    <trkpt lat="-25.8194433" lon="133.2895239">
      <ele>518.996</ele>
    </trkpt>
    <trkpt lat="-25.8195581" lon="133.2895584">
      <ele>519.168</ele>
    </trkpt>
    <trkpt lat="-25.8199733" lon="133.2896828">
      <ele>519.986</ele>
    </trkpt>
    <trkpt lat="-25.8202508" lon="133.2897737">
      <ele>520.736</ele>
    </trkpt>
    <trkpt lat="-25.8205958" lon="133.2898867">
      <ele>519.408</ele>
    </trkpt>
    <trkpt lat="-25.8207672" lon="133.2899475">
      <ele>519.189</ele>
    </trkpt>
    <trkpt lat="-25.8211098" lon="133.2900692">
      <ele>519.746</ele>
    </trkpt>
    <trkpt lat="-25.8212148" lon="133.2901065">
      <ele>519.76</ele>
    </trkpt>
    <trkpt lat="-25.8212933" lon="133.2901366">
      <ele>519.831</ele>
    </trkpt>
    <trkpt lat="-25.8214507" lon="133.2901968">
      <ele>520.0</ele>
    </trkpt>
    <trkpt lat="-25.8218347" lon="133.2903437">
      <ele>518.696</ele>
    </trkpt>
    <trkpt lat="-25.8221283" lon="133.290465">
      <ele>516.892</ele>
    </trkpt>
    <trkpt lat="-25.8224407" lon="133.2905941">
      <ele>516.139</ele>
    </trkpt>
    <trkpt lat="-25.8229478" lon="133.2908213">
      <ele>517.612</ele>
    </trkpt>
    <trkpt lat="-25.823252" lon="133.290963">
      <ele>518.0</ele>
    </trkpt>
    <trkpt lat="-25.8236286" lon="133.2911397">
      <ele>517.0</ele>
    </trkpt>
    <trkpt lat="-25.8241257" lon="133.291373">
      <ele>516.147</ele>
    </trkpt>
    <trkpt lat="-25.8244571" lon="133.2915285">
      <ele>517.0</ele>
    </trkpt>
    <trkpt lat="-25.8246228" lon="133.2916063">
      <ele>517.0</ele>
    </trkpt>
    <trkpt lat="-25.8248567" lon="133.2917161">
      <ele>517.092</ele>
    </trkpt>
    <trkpt lat="-25.8251197" lon="133.2918399">
      <ele>516.569</ele>
    </trkpt>
    <trkpt lat="-25.8252853" lon="133.2919178">
      <ele>516.003</ele>
    </trkpt>
    <trkpt lat="-25.8254509" lon="133.2919958">
      <ele>515.815</ele>
    </trkpt>
    <trkpt lat="-25.8256165" lon="133.2920738">
      <ele>515.534</ele>
    </trkpt>
    <trkpt lat="-25.8256289" lon="133.2920796">
      <ele>515.513</ele>
    </trkpt>
    <trkpt lat="-25.8257821" lon="133.2921517">
      <ele>515.254</ele>
    </trkpt>
    <trkpt lat="-25.8259478" lon="133.2922297">
      <ele>515.0</ele>
    </trkpt>
    <trkpt lat="-25.826148" lon="133.292324">
      <ele>514.783</ele>
    </trkpt>
    <trkpt lat="-25.8271078" lon="133.2927733">
      <ele>514.993</ele>
    </trkpt>
    <trkpt lat="-25.8274514" lon="133.2929343">
      <ele>514.076</ele>
    </trkpt>
    <trkpt lat="-25.827605" lon="133.293006">
      <ele>514.067</ele>
    </trkpt>
    <trkpt lat="-25.8279367" lon="133.293161">
      <ele>514.0</ele>
    </trkpt>
    <trkpt lat="-25.8282682" lon="133.2933159">
      <ele>513.283</ele>
    </trkpt>
    <trkpt lat="-25.8287529" lon="133.2935423">
      <ele>513.0</ele>
    </trkpt>
    <trkpt lat="-25.8290969" lon="133.2937042">
      <ele>513.833</ele>
    </trkpt>
    <trkpt lat="-25.829925" lon="133.2940938">
      <ele>513.809</ele>
    </trkpt>
    <trkpt lat="-25.8299468" lon="133.294104">
      <ele>513.818</ele>
    </trkpt>
    <trkpt lat="-25.8304224" lon="133.2943262">
      <ele>513.778</ele>
    </trkpt>
    <trkpt lat="-25.8305882" lon="133.2944037">
      <ele>513.753</ele>
    </trkpt>
    <trkpt lat="-25.8310856" lon="133.2946361">
      <ele>512.373</ele>
    </trkpt>
    <trkpt lat="-25.8311467" lon="133.2946646">
      <ele>512.309</ele>
    </trkpt>
    <trkpt lat="-25.8317484" lon="133.294947">
      <ele>513.515</ele>
    </trkpt>
    <trkpt lat="-25.8319141" lon="133.2950248">
      <ele>513.179</ele>
    </trkpt>
    <trkpt lat="-25.8319265" lon="133.2950306">
      <ele>513.161</ele>
    </trkpt>
    <trkpt lat="-25.8324359" lon="133.2952664">
      <ele>513.221</ele>
    </trkpt>
    <trkpt lat="-25.8325782" lon="133.2953322">
      <ele>512.492</ele>
    </trkpt>
    <trkpt lat="-25.833247" lon="133.2956415">
      <ele>510.62</ele>
    </trkpt>
    <trkpt lat="-25.8334086" lon="133.2957163">
      <ele>510.422</ele>
    </trkpt>
    <trkpt lat="-25.8337407" lon="133.2958699">
      <ele>510.537</ele>
    </trkpt>
    <trkpt lat="-25.8340707" lon="133.2960255">
      <ele>511.655</ele>
    </trkpt>
    <trkpt lat="-25.8342372" lon="133.2961041">
      <ele>512.0</ele>
    </trkpt>
    <trkpt lat="-25.8349009" lon="133.2964137">
      <ele>512.032</ele>
    </trkpt>
    <trkpt lat="-25.8354455" lon="133.2966649">
      <ele>511.396</ele>
    </trkpt>
    <trkpt lat="-25.8356807" lon="133.2967734">
      <ele>511.0</ele>
    </trkpt>
    <trkpt lat="-25.8358977" lon="133.2968734">
      <ele>510.941</ele>
    </trkpt>
    <trkpt lat="-25.836818" lon="133.2973282">
      <ele>510.282</ele>
    </trkpt>
    <trkpt lat="-25.8379199" lon="133.2978493">
      <ele>510.488</ele>
    </trkpt>
    <trkpt lat="-25.8387061" lon="133.2981696">
      <ele>507.14</ele>
    </trkpt>
    <trkpt lat="-25.8390855" lon="133.2983151">
      <ele>509.35</ele>
    </trkpt>
    <trkpt lat="-25.8394609" lon="133.298438">
      <ele>510.564</ele>
    </trkpt>
    <trkpt lat="-25.8399062" lon="133.298562">
      <ele>509.06</ele>
    </trkpt>
    <trkpt lat="-25.840807" lon="133.2987536">
      <ele>510.954</ele>
    </trkpt>
    <trkpt lat="-25.8410179" lon="133.2987815">
      <ele>510.743</ele>
    </trkpt>
    <trkpt lat="-25.8415921" lon="133.2988573">
      <ele>509.268</ele>
    </trkpt>
    <trkpt lat="-25.8419614" lon="133.2988739">
      <ele>509.112</ele>
    </trkpt>
    <trkpt lat="-25.8427657" lon="133.2988772">
      <ele>508.003</ele>
    </trkpt>
    <trkpt lat="-25.8432161" lon="133.2988513">
      <ele>508.578</ele>
    </trkpt>
    <trkpt lat="-25.8436492" lon="133.2988039">
      <ele>510.095</ele>
    </trkpt>
    <trkpt lat="-25.8441209" lon="133.2987296">
      <ele>510.906</ele>
    </trkpt>
    <trkpt lat="-25.8446165" lon="133.298634">
      <ele>509.761</ele>
    </trkpt>
    <trkpt lat="-25.844651" lon="133.2986251">
      <ele>509.513</ele>
    </trkpt>
    <trkpt lat="-25.8454043" lon="133.2984143">
      <ele>509.164</ele>
    </trkpt>
    <trkpt lat="-25.8460242" lon="133.2981927">
      <ele>507.807</ele>
    </trkpt>
    <trkpt lat="-25.8466191" lon="133.297935">
      <ele>507.434</ele>
    </trkpt>
    <trkpt lat="-25.8469073" lon="133.2977937">
      <ele>507.176</ele>
    </trkpt>
    <trkpt lat="-25.8469982" lon="133.2977444">
      <ele>507.0</ele>
    </trkpt>
    <trkpt lat="-25.8472252" lon="133.2976214">
      <ele>507.0</ele>
    </trkpt>
    <trkpt lat="-25.8474355" lon="133.2975021">
      <ele>507.0</ele>
    </trkpt>
    <trkpt lat="-25.8476795" lon="133.2973558">
      <ele>506.145</ele>
    </trkpt>
    <trkpt lat="-25.8479526" lon="133.2971853">
      <ele>505.629</ele>
    </trkpt>
    <trkpt lat="-25.8479594" lon="133.2971811">
      <ele>505.654</ele>
    </trkpt>
    <trkpt lat="-25.8481984" lon="133.2970193">
      <ele>506.514</ele>
    </trkpt>
    <trkpt lat="-25.8485045" lon="133.2968006">
      <ele>507.0</ele>
    </trkpt>
    <trkpt lat="-25.8491566" lon="133.296298">
      <ele>507.648</ele>
    </trkpt>
    <trkpt lat="-25.8499192" lon="133.2957008">
      <ele>507.523</ele>
    </trkpt>
    <trkpt lat="-25.8502111" lon="133.2954706">
      <ele>507.0</ele>
    </trkpt>
    <trkpt lat="-25.8507827" lon="133.29502">
      <ele>505.241</ele>
    </trkpt>
    <trkpt lat="-25.8513088" lon="133.2946051">
      <ele>504.7</ele>
    </trkpt>
    <trkpt lat="-25.8518113" lon="133.2942132">
      <ele>505.0</ele>
    </trkpt>
    <trkpt lat="-25.8526589" lon="133.2935521">
      <ele>504.216</ele>
    </trkpt>
    <trkpt lat="-25.8526945" lon="133.2935241">
      <ele>503.987</ele>
    </trkpt>
    <trkpt lat="-25.8529884" lon="133.2932935">
      <ele>503.0</ele>
    </trkpt>
    <trkpt lat="-25.8530716" lon="133.2932282">
      <ele>503.058</ele>
    </trkpt>
    <trkpt lat="-25.8531353" lon="133.2931782">
      <ele>503.287</ele>
    </trkpt>
    <trkpt lat="-25.8532185" lon="133.2931128">
      <ele>503.587</ele>
    </trkpt>
    <trkpt lat="-25.8532822" lon="133.2930629">
      <ele>503.816</ele>
    </trkpt>
    <trkpt lat="-25.853576" lon="133.2928322">
      <ele>503.298</ele>
    </trkpt>
    <trkpt lat="-25.8537229" lon="133.2927169">
      <ele>502.912</ele>
    </trkpt>
    <trkpt lat="-25.8538062" lon="133.2926515">
      <ele>502.681</ele>
    </trkpt>
    <trkpt lat="-25.8538698" lon="133.2926016">
      <ele>502.409</ele>
    </trkpt>
    <trkpt lat="-25.8538927" lon="133.2925836">
      <ele>502.297</ele>
    </trkpt>
    <trkpt lat="-25.8548356" lon="133.2918459">
      <ele>503.0</ele>
    </trkpt>
    <trkpt lat="-25.8554875" lon="133.2913358">
      <ele>502.389</ele>
    </trkpt>
    <trkpt lat="-25.8555116" lon="133.2913169">
      <ele>502.376</ele>
    </trkpt>
    <trkpt lat="-25.8565172" lon="133.2905307">
      <ele>503.041</ele>
    </trkpt>
    <trkpt lat="-25.8572383" lon="133.289967">
      <ele>501.228</ele>
    </trkpt>
    <trkpt lat="-25.8581358" lon="133.2892662">
      <ele>502.104</ele>
    </trkpt>
    <trkpt lat="-25.8582829" lon="133.2891513">
      <ele>502.0</ele>
    </trkpt>
    <trkpt lat="-25.8589522" lon="133.2886287">
      <ele>501.723</ele>
    </trkpt>
    <trkpt lat="-25.8597538" lon="133.2880009">
      <ele>501.0</ele>
    </trkpt>
    <trkpt lat="-25.8603418" lon="133.2875403">
      <ele>500.658</ele>
    </trkpt>
    <trkpt lat="-25.8604655" lon="133.2874434">
      <ele>500.528</ele>
    </trkpt>
    <trkpt lat="-25.8604888" lon="133.2874251">
      <ele>500.51</ele>
    </trkpt>
    <trkpt lat="-25.8607826" lon="133.2871944">
      <ele>501.735</ele>
    </trkpt>
    <trkpt lat="-25.8609295" lon="133.287079">
      <ele>501.317</ele>
    </trkpt>
    <trkpt lat="-25.8612233" lon="133.2868483">
      <ele>500.332</ele>
    </trkpt>
    <trkpt lat="-25.862024" lon="133.2862196">
      <ele>501.721</ele>
    </trkpt>
    <trkpt lat="-25.8629869" lon="133.2854656">
      <ele>501.756</ele>
    </trkpt>
    <trkpt lat="-25.8635751" lon="133.2850051">
      <ele>500.018</ele>
    </trkpt>
    <trkpt lat="-25.8637221" lon="133.28489">
      <ele>500.4</ele>
    </trkpt>
    <trkpt lat="-25.8638005" lon="133.2848286">
      <ele>500.682</ele>
    </trkpt>
    <trkpt lat="-25.8638692" lon="133.2847749">
      <ele>500.929</ele>
    </trkpt>
    <trkpt lat="-25.8640163" lon="133.28466">
      <ele>501.224</ele>
    </trkpt>
    <trkpt lat="-25.8643106" lon="133.2844301">
      <ele>501.533</ele>
    </trkpt>
    <trkpt lat="-25.8644578" lon="133.2843151">
      <ele>501.443</ele>
    </trkpt>
    <trkpt lat="-25.8649826" lon="133.2839051">
      <ele>501.937</ele>
    </trkpt>
    <trkpt lat="-25.8651935" lon="133.2837404">
      <ele>503.069</ele>
    </trkpt>
    <trkpt lat="-25.8653407" lon="133.2836254">
      <ele>503.96</ele>
    </trkpt>
    <trkpt lat="-25.8657821" lon="133.2832806">
      <ele>504.0</ele>
    </trkpt>
    <trkpt lat="-25.8661365" lon="133.2830037">
      <ele>502.739</ele>
    </trkpt>
    <trkpt lat="-25.8663706" lon="133.2828206">
      <ele>502.01</ele>
    </trkpt>
    <trkpt lat="-25.8666647" lon="133.2825904">
      <ele>502.993</ele>
    </trkpt>
    <trkpt lat="-25.8668118" lon="133.2824753">
      <ele>503.654</ele>
    </trkpt>
    <trkpt lat="-25.8671059" lon="133.2822452">
      <ele>504.917</ele>
    </trkpt>
    <trkpt lat="-25.867129" lon="133.2822272">
      <ele>504.982</ele>
    </trkpt>
    <trkpt lat="-25.8680305" lon="133.281542">
      <ele>504.501</ele>
    </trkpt>
    <trkpt lat="-25.8681461" lon="133.2814569">
      <ele>504.817</ele>
    </trkpt>
    <trkpt lat="-25.868899" lon="133.2809032">
      <ele>505.991</ele>
    </trkpt>
    <trkpt lat="-25.8693518" lon="133.2805843">
      <ele>505.334</ele>
    </trkpt>
    <trkpt lat="-25.8698076" lon="133.2802633">
      <ele>508.036</ele>
    </trkpt>
    <trkpt lat="-25.8698987" lon="133.2801992">
      <ele>508.103</ele>
    </trkpt>
    <trkpt lat="-25.8699596" lon="133.2801564">
      <ele>508.064</ele>
    </trkpt>
    <trkpt lat="-25.8701116" lon="133.2800495">
      <ele>507.928</ele>
    </trkpt>
    <trkpt lat="-25.8707196" lon="133.279622">
      <ele>506.426</ele>
    </trkpt>
    <trkpt lat="-25.870863" lon="133.2795211">
      <ele>505.493</ele>
    </trkpt>
    <trkpt lat="-25.8710239" lon="133.2794088">
      <ele>505.0</ele>
    </trkpt>
    <trkpt lat="-25.8713285" lon="133.2791961">
      <ele>504.217</ele>
    </trkpt>
    <trkpt lat="-25.8720899" lon="133.2786643">
      <ele>504.809</ele>
    </trkpt>
    <trkpt lat="-25.8722422" lon="133.2785579">
      <ele>505.0</ele>
    </trkpt>
    <trkpt lat="-25.8723945" lon="133.2784515">
      <ele>505.0</ele>
    </trkpt>
    <trkpt lat="-25.8725468" lon="133.2783452">
      <ele>505.0</ele>
    </trkpt>
    <trkpt lat="-25.8726447" lon="133.2782768">
      <ele>504.796</ele>
    </trkpt>
    <trkpt lat="-25.8726991" lon="133.2782389">
      <ele>504.66</ele>
    </trkpt>
    <trkpt lat="-25.8740763" lon="133.2772807">
      <ele>501.536</ele>
    </trkpt>
    <trkpt lat="-25.8746793" lon="133.2768569">
      <ele>500.0</ele>
    </trkpt>
    <trkpt lat="-25.8748314" lon="133.2767501">
      <ele>500.0</ele>
    </trkpt>
    <trkpt lat="-25.8748825" lon="133.2767142">
      <ele>500.0</ele>
    </trkpt>
    <trkpt lat="-25.8751359" lon="133.2765372">
      <ele>500.238</ele>
    </trkpt>
    <trkpt lat="-25.8757451" lon="133.2761119">
      <ele>499.683</ele>
    </trkpt>
    <trkpt lat="-25.8758974" lon="133.2760055">
      <ele>500.231</ele>
    </trkpt>
    <trkpt lat="-25.8760497" lon="133.2758992">
      <ele>500.779</ele>
    </trkpt>
    <trkpt lat="-25.876202" lon="133.2757929">
      <ele>500.807</ele>
    </trkpt>
    <trkpt lat="-25.8762366" lon="133.2757688">
      <ele>500.663</ele>
    </trkpt>
    <trkpt lat="-25.8763544" lon="133.2756868">
      <ele>500.01</ele>
    </trkpt>
    <trkpt lat="-25.8768117" lon="133.2753684">
      <ele>497.83</ele>
    </trkpt>
    <trkpt lat="-25.877329" lon="133.2750084">
      <ele>500.354</ele>
    </trkpt>
    <trkpt lat="-25.8778739" lon="133.2746172">
      <ele>501.0</ele>
    </trkpt>
    <trkpt lat="-25.8781421" lon="133.2744246">
      <ele>501.361</ele>
    </trkpt>
    <trkpt lat="-25.878849" lon="133.2739122">
      <ele>502.0</ele>
    </trkpt>
    <trkpt lat="-25.8789281" lon="133.2738521">
      <ele>501.981</ele>
    </trkpt>
    <trkpt lat="-25.8797359" lon="133.2732377">
      <ele>498.656</ele>
    </trkpt>
    <trkpt lat="-25.8806027" lon="133.2725578">
      <ele>500.208</ele>
    </trkpt>
    <trkpt lat="-25.8809873" lon="133.2722416">
      <ele>499.031</ele>
    </trkpt>
    <trkpt lat="-25.8815656" lon="133.271766">
      <ele>500.876</ele>
    </trkpt>
    <trkpt lat="-25.8816329" lon="133.2717107">
      <ele>500.944</ele>
    </trkpt>
    <trkpt lat="-25.8817095" lon="133.271646">
      <ele>500.846</ele>
    </trkpt>
    <trkpt lat="-25.8818528" lon="133.2715251">
      <ele>500.33</ele>
    </trkpt>
    <trkpt lat="-25.881996" lon="133.2714042">
      <ele>500.01</ele>
    </trkpt>
    <trkpt lat="-25.8821392" lon="133.2712833">
      <ele>499.353</ele>
    </trkpt>
    <trkpt lat="-25.8822825" lon="133.2711624">
      <ele>498.763</ele>
    </trkpt>
    <trkpt lat="-25.8824257" lon="133.2710415">
      <ele>499.465</ele>
    </trkpt>
    <trkpt lat="-25.8825698" lon="133.2709199">
      <ele>500.251</ele>
    </trkpt>
    <trkpt lat="-25.8827095" lon="133.2707958">
      <ele>500.787</ele>
    </trkpt>
    <trkpt lat="-25.8834832" lon="133.2701085">
      <ele>501.399</ele>
    </trkpt>
    <trkpt lat="-25.8844675" lon="133.269205">
      <ele>501.862</ele>
    </trkpt>
    <trkpt lat="-25.8853657" lon="133.2683498">
      <ele>502.643</ele>
    </trkpt>
    <trkpt lat="-25.8857518" lon="133.267984">
      <ele>502.476</ele>
    </trkpt>
    <trkpt lat="-25.8861625" lon="133.2675949">
      <ele>502.658</ele>
    </trkpt>
    <trkpt lat="-25.8862542" lon="133.267508">
      <ele>502.971</ele>
    </trkpt>
    <trkpt lat="-25.8862992" lon="133.267465">
      <ele>502.959</ele>
    </trkpt>
    <trkpt lat="-25.886572" lon="133.2672044">
      <ele>503.042</ele>
    </trkpt>
    <trkpt lat="-25.8871476" lon="133.2666546">
      <ele>503.289</ele>
    </trkpt>
    <trkpt lat="-25.8872544" lon="133.2665534">
      <ele>503.408</ele>
    </trkpt>
    <trkpt lat="-25.8878775" lon="133.2659631">
      <ele>503.641</ele>
    </trkpt>
    <trkpt lat="-25.8891691" lon="133.2647354">
      <ele>503.047</ele>
    </trkpt>
    <trkpt lat="-25.8892553" lon="133.2646534">
      <ele>503.0</ele>
    </trkpt>
    <trkpt lat="-25.8910806" lon="133.2629904">
      <ele>504.319</ele>
    </trkpt>
    <trkpt lat="-25.8921091" lon="133.2621263">
      <ele>505.733</ele>
    </trkpt>
    <trkpt lat="-25.8931412" lon="133.2612972">
      <ele>505.485</ele>
    </trkpt>
    <trkpt lat="-25.8940306" lon="133.2606209">
      <ele>506.0</ele>
    </trkpt>
    <trkpt lat="-25.8944433" lon="133.2603271">
      <ele>505.178</ele>
    </trkpt>
    <trkpt lat="-25.8952006" lon="133.2597878">
      <ele>505.486</ele>
    </trkpt>
    <trkpt lat="-25.8952889" lon="133.2597249">
      <ele>505.991</ele>
    </trkpt>
    <trkpt lat="-25.8964295" lon="133.2589558">
      <ele>507.146</ele>
    </trkpt>
    <trkpt lat="-25.8964691" lon="133.2589291">
      <ele>507.289</ele>
    </trkpt>
    <trkpt lat="-25.896585" lon="133.2588554">
      <ele>507.585</ele>
    </trkpt>
    <trkpt lat="-25.8975215" lon="133.2582594">
      <ele>506.021</ele>
    </trkpt>
    <trkpt lat="-25.8975955" lon="133.2582123">
      <ele>506.15</ele>
    </trkpt>
    <trkpt lat="-25.8979959" lon="133.2579736">
      <ele>507.0</ele>
    </trkpt>
    <trkpt lat="-25.8984714" lon="133.2576901">
      <ele>505.66</ele>
    </trkpt>
    <trkpt lat="-25.898726" lon="133.2575383">
      <ele>506.333</ele>
    </trkpt>
    <trkpt lat="-25.9001637" lon="133.2567435">
      <ele>507.277</ele>
    </trkpt>
    <trkpt lat="-25.9013842" lon="133.2561205">
      <ele>509.949</ele>
    </trkpt>
    <trkpt lat="-25.9016266" lon="133.2559967">
      <ele>510.764</ele>
    </trkpt>
    <trkpt lat="-25.9017122" lon="133.2559563">
      <ele>511.023</ele>
    </trkpt>
    <trkpt lat="-25.9018777" lon="133.255878">
      <ele>511.041</ele>
    </trkpt>
    <trkpt lat="-25.9020432" lon="133.2557998">
      <ele>510.602</ele>
    </trkpt>
    <trkpt lat="-25.9023743" lon="133.2556434">
      <ele>508.97</ele>
    </trkpt>
    <trkpt lat="-25.9029066" lon="133.2553918">
      <ele>508.252</ele>
    </trkpt>
    <trkpt lat="-25.9041984" lon="133.2548328">
      <ele>508.647</ele>
    </trkpt>
    <trkpt lat="-25.9050544" lon="133.2544793">
      <ele>507.875</ele>
    </trkpt>
    <trkpt lat="-25.9057044" lon="133.2542109">
      <ele>509.157</ele>
    </trkpt>
    <trkpt lat="-25.9062341" lon="133.2539901">
      <ele>508.557</ele>
    </trkpt>
    <trkpt lat="-25.9068833" lon="133.2537195">
      <ele>509.0</ele>
    </trkpt>
    <trkpt lat="-25.9069077" lon="133.2537093">
      <ele>509.0</ele>
    </trkpt>
    <trkpt lat="-25.907076" lon="133.2536387">
      <ele>508.526</ele>
    </trkpt>
    <trkpt lat="-25.9077491" lon="133.2533563">
      <ele>507.802</ele>
    </trkpt>
    <trkpt lat="-25.908254" lon="133.2531445">
      <ele>510.0</ele>
    </trkpt>
    <trkpt lat="-25.9085081" lon="133.2530379">
      <ele>509.307</ele>
    </trkpt>
    <trkpt lat="-25.9096029" lon="133.2525875">
      <ele>509.255</ele>
    </trkpt>
    <trkpt lat="-25.9097715" lon="133.2525181">
      <ele>509.935</ele>
    </trkpt>
    <trkpt lat="-25.9101098" lon="133.252379">
      <ele>510.04</ele>
    </trkpt>
    <trkpt lat="-25.9102773" lon="133.252309">
      <ele>509.689</ele>
    </trkpt>
    <trkpt lat="-25.9109507" lon="133.2520274">
      <ele>509.0</ele>
    </trkpt>
    <trkpt lat="-25.911119" lon="133.251957">
      <ele>509.027</ele>
    </trkpt>
    <trkpt lat="-25.9112874" lon="133.2518866">
      <ele>509.426</ele>
    </trkpt>
    <trkpt lat="-25.9116241" lon="133.2517457">
      <ele>509.89</ele>
    </trkpt>
    <trkpt lat="-25.911709" lon="133.2517102">
      <ele>510.0</ele>
    </trkpt>
    <trkpt lat="-25.9117925" lon="133.2516757">
      <ele>510.0</ele>
    </trkpt>
    <trkpt lat="-25.9122983" lon="133.2514668">
      <ele>510.0</ele>
    </trkpt>
    <trkpt lat="-25.9128042" lon="133.2512579">
      <ele>509.427</ele>
    </trkpt>
    <trkpt lat="-25.9129728" lon="133.2511883">
      <ele>509.215</ele>
    </trkpt>
    <trkpt lat="-25.9132187" lon="133.2510868">
      <ele>508.949</ele>
    </trkpt>
    <trkpt lat="-25.9146224" lon="133.2505017">
      <ele>512.157</ele>
    </trkpt>
    <trkpt lat="-25.9156675" lon="133.2500652">
      <ele>511.597</ele>
    </trkpt>
    <trkpt lat="-25.9158358" lon="133.2499949">
      <ele>511.018</ele>
    </trkpt>
    <trkpt lat="-25.9161726" lon="133.2498542">
      <ele>511.746</ele>
    </trkpt>
    <trkpt lat="-25.9162202" lon="133.2498343">
      <ele>511.989</ele>
    </trkpt>
    <trkpt lat="-25.9177325" lon="133.2492038">
      <ele>510.888</ele>
    </trkpt>
    <trkpt lat="-25.9180254" lon="133.2490827">
      <ele>511.572</ele>
    </trkpt>
    <trkpt lat="-25.9189279" lon="133.2487097">
      <ele>512.86</ele>
    </trkpt>
    <trkpt lat="-25.919037" lon="133.2486646">
      <ele>512.467</ele>
    </trkpt>
    <trkpt lat="-25.9192056" lon="133.2485949">
      <ele>512.0</ele>
    </trkpt>
    <trkpt lat="-25.9193742" lon="133.2485252">
      <ele>512.0</ele>
    </trkpt>
    <trkpt lat="-25.9200485" lon="133.2482465">
      <ele>515.687</ele>
    </trkpt>
    <trkpt lat="-25.9205219" lon="133.2480508">
      <ele>514.104</ele>
    </trkpt>
    <trkpt lat="-25.9210594" lon="133.2478265">
      <ele>514.66</ele>
    </trkpt>
    <trkpt lat="-25.9213962" lon="133.2476859">
      <ele>515.652</ele>
    </trkpt>
    <trkpt lat="-25.9215646" lon="133.2476156">
      <ele>515.153</ele>
    </trkpt>
    <trkpt lat="-25.9220328" lon="133.2474203">
      <ele>514.0</ele>
    </trkpt>
    <trkpt lat="-25.9222384" lon="133.2473352">
      <ele>513.976</ele>
    </trkpt>
    <trkpt lat="-25.922407" lon="133.2472654">
      <ele>513.897</ele>
    </trkpt>
    <trkpt lat="-25.923748" lon="133.2467103">
      <ele>513.507</ele>
    </trkpt>
    <trkpt lat="-25.9239238" lon="133.2466369">
      <ele>512.888</ele>
    </trkpt>
    <trkpt lat="-25.9240922" lon="133.2465665">
      <ele>512.532</ele>
    </trkpt>
    <trkpt lat="-25.924934" lon="133.2462148">
      <ele>512.0</ele>
    </trkpt>
    <trkpt lat="-25.9255462" lon="133.2459591">
      <ele>513.018</ele>
    </trkpt>
    <trkpt lat="-25.9257761" lon="133.2458638">
      <ele>512.913</ele>
    </trkpt>
    <trkpt lat="-25.9259447" lon="133.245794">
      <ele>513.0</ele>
    </trkpt>
    <trkpt lat="-25.9261132" lon="133.2457242">
      <ele>513.003</ele>
    </trkpt>
    <trkpt lat="-25.9262818" lon="133.2456544">
      <ele>513.396</ele>
    </trkpt>
    <trkpt lat="-25.9272498" lon="133.2452533">
      <ele>514.909</ele>
    </trkpt>
    <trkpt lat="-25.9286534" lon="133.2446654">
      <ele>513.205</ele>
    </trkpt>
    <trkpt lat="-25.930048" lon="133.2440903">
      <ele>515.0</ele>
    </trkpt>
    <trkpt lat="-25.9301572" lon="133.244045">
      <ele>515.0</ele>
    </trkpt>
    <trkpt lat="-25.9303257" lon="133.2439751">
      <ele>515.0</ele>
    </trkpt>
    <trkpt lat="-25.9304942" lon="133.2439051">
      <ele>515.0</ele>
    </trkpt>
    <trkpt lat="-25.9306627" lon="133.2438352">
      <ele>515.119</ele>
    </trkpt>
    <trkpt lat="-25.9323478" lon="133.2431357">
      <ele>517.322</ele>
    </trkpt>
    <trkpt lat="-25.9325163" lon="133.2430658">
      <ele>517.907</ele>
    </trkpt>
    <trkpt lat="-25.9328533" lon="133.2429259">
      <ele>516.873</ele>
    </trkpt>
    <trkpt lat="-25.9328945" lon="133.2429088">
      <ele>516.778</ele>
    </trkpt>
    <trkpt lat="-25.9330217" lon="133.2428558">
      <ele>516.369</ele>
    </trkpt>
    <trkpt lat="-25.9331901" lon="133.2427856">
      <ele>516.499</ele>
    </trkpt>
    <trkpt lat="-25.9333586" lon="133.2427154">
      <ele>516.929</ele>
    </trkpt>
    <trkpt lat="-25.9353798" lon="133.2418734">
      <ele>518.838</ele>
    </trkpt>
    <trkpt lat="-25.9355597" lon="133.2417984">
      <ele>519.0</ele>
    </trkpt>
    <trkpt lat="-25.9367273" lon="133.2413122">
      <ele>518.218</ele>
    </trkpt>
    <trkpt lat="-25.9368957" lon="133.241242">
      <ele>518.825</ele>
    </trkpt>
    <trkpt lat="-25.9378851" lon="133.2408299">
      <ele>518.012</ele>
    </trkpt>
    <trkpt lat="-25.9387476" lon="133.2404676">
      <ele>522.328</ele>
    </trkpt>
    <trkpt lat="-25.9393319" lon="133.2402221">
      <ele>521.2</ele>
    </trkpt>
    <trkpt lat="-25.9395874" lon="133.2401101">
      <ele>521.293</ele>
    </trkpt>
    <trkpt lat="-25.9399221" lon="133.2399633">
      <ele>521.037</ele>
    </trkpt>
    <trkpt lat="-25.9402567" lon="133.2398166">
      <ele>521.314</ele>
    </trkpt>
    <trkpt lat="-25.9404241" lon="133.2397432">
      <ele>521.076</ele>
    </trkpt>
    <trkpt lat="-25.9405914" lon="133.2396699">
      <ele>521.105</ele>
    </trkpt>
    <trkpt lat="-25.9410418" lon="133.2394724">
      <ele>521.776</ele>
    </trkpt>
    <trkpt lat="-25.9412571" lon="133.2393668">
      <ele>521.867</ele>
    </trkpt>
    <trkpt lat="-25.9428308" lon="133.2385948">
      <ele>522.0</ele>
    </trkpt>
    <trkpt lat="-25.943388" lon="133.2382969">
      <ele>521.0</ele>
    </trkpt>
    <trkpt lat="-25.9438743" lon="133.2380369">
      <ele>522.015</ele>
    </trkpt>
    <trkpt lat="-25.9440364" lon="133.2379502">
      <ele>522.709</ele>
    </trkpt>
    <trkpt lat="-25.9441985" lon="133.2378635">
      <ele>522.965</ele>
    </trkpt>
    <trkpt lat="-25.9445917" lon="133.2376533">
      <ele>522.47</ele>
    </trkpt>
    <trkpt lat="-25.9451608" lon="133.2373207">
      <ele>523.449</ele>
    </trkpt>
    <trkpt lat="-25.9454792" lon="133.2371345">
      <ele>525.725</ele>
    </trkpt>
    <trkpt lat="-25.9456384" lon="133.2370415">
      <ele>525.598</ele>
    </trkpt>
    <trkpt lat="-25.9457976" lon="133.2369485">
      <ele>525.116</ele>
    </trkpt>
    <trkpt lat="-25.9459568" lon="133.2368554">
      <ele>525.142</ele>
    </trkpt>
    <trkpt lat="-25.9462389" lon="133.2366905">
      <ele>525.954</ele>
    </trkpt>
    <trkpt lat="-25.9473696" lon="133.2359767">
      <ele>526.242</ele>
    </trkpt>
    <trkpt lat="-25.9474558" lon="133.2359223">
      <ele>526.051</ele>
    </trkpt>
    <trkpt lat="-25.9481371" lon="133.2354557">
      <ele>524.653</ele>
    </trkpt>
    <trkpt lat="-25.9493623" lon="133.2346165">
      <ele>526.085</ele>
    </trkpt>
    <trkpt lat="-25.9500479" lon="133.234129">
      <ele>527.457</ele>
    </trkpt>
    <trkpt lat="-25.9501149" lon="133.2340781">
      <ele>528.014</ele>
    </trkpt>
    <trkpt lat="-25.9513027" lon="133.2331749">
      <ele>529.0</ele>
    </trkpt>
    <trkpt lat="-25.9513982" lon="133.2331023">
      <ele>529.0</ele>
    </trkpt>
    <trkpt lat="-25.9518867" lon="133.2327076">
      <ele>529.2</ele>
    </trkpt>
    <trkpt lat="-25.9519351" lon="133.2326685">
      <ele>529.38</ele>
    </trkpt>
    <trkpt lat="-25.9530442" lon="133.231757">
      <ele>530.028</ele>
    </trkpt>
    <trkpt lat="-25.9531889" lon="133.2316381">
      <ele>529.623</ele>
    </trkpt>
    <trkpt lat="-25.9533335" lon="133.2315192">
      <ele>529.531</ele>
    </trkpt>
    <trkpt lat="-25.9534782" lon="133.2314003">
      <ele>529.48</ele>
    </trkpt>
    <trkpt lat="-25.9535835" lon="133.2313137">
      <ele>529.37</ele>
    </trkpt>
    <trkpt lat="-25.9536227" lon="133.2312813">
      <ele>529.371</ele>
    </trkpt>
    <trkpt lat="-25.9537671" lon="133.2311619">
      <ele>529.358</ele>
    </trkpt>
    <trkpt lat="-25.9546331" lon="133.2304458">
      <ele>531.0</ele>
    </trkpt>
    <trkpt lat="-25.9547774" lon="133.2303264">
      <ele>530.965</ele>
    </trkpt>
    <trkpt lat="-25.9552104" lon="133.2299684">
      <ele>530.571</ele>
    </trkpt>
    <trkpt lat="-25.9553548" lon="133.229849">
      <ele>530.116</ele>
    </trkpt>
    <trkpt lat="-25.9554991" lon="133.2297296">
      <ele>529.401</ele>
    </trkpt>
    <trkpt lat="-25.9557878" lon="133.2294909">
      <ele>528.164</ele>
    </trkpt>
    <trkpt lat="-25.9566538" lon="133.2287748">
      <ele>524.636</ele>
    </trkpt>
    <trkpt lat="-25.9568092" lon="133.2286463">
      <ele>524.127</ele>
    </trkpt>
    <trkpt lat="-25.9578095" lon="133.2278213">
      <ele>523.843</ele>
    </trkpt>
    <trkpt lat="-25.957954" lon="133.2277022">
      <ele>524.272</ele>
    </trkpt>
    <trkpt lat="-25.9580985" lon="133.227583">
      <ele>524.438</ele>
    </trkpt>
    <trkpt lat="-25.9591098" lon="133.226749">
      <ele>520.205</ele>
    </trkpt>
    <trkpt lat="-25.9592543" lon="133.2266298">
      <ele>520.0</ele>
    </trkpt>
    <trkpt lat="-25.9593988" lon="133.2265107">
      <ele>520.0</ele>
    </trkpt>
    <trkpt lat="-25.9595433" lon="133.2263915">
      <ele>520.356</ele>
    </trkpt>
    <trkpt lat="-25.9600577" lon="133.2259672">
      <ele>521.992</ele>
    </trkpt>
    <trkpt lat="-25.9602654" lon="133.2257953">
      <ele>521.038</ele>
    </trkpt>
    <trkpt lat="-25.9608426" lon="133.2253175">
      <ele>519.828</ele>
    </trkpt>
    <trkpt lat="-25.9609868" lon="133.2251981">
      <ele>520.18</ele>
    </trkpt>
    <trkpt lat="-25.9611311" lon="133.2250787">
      <ele>521.067</ele>
    </trkpt>
    <trkpt lat="-25.9612754" lon="133.2249593">
      <ele>520.904</ele>
    </trkpt>
    <trkpt lat="-25.961564" lon="133.2247204">
      <ele>521.007</ele>
    </trkpt>
    <trkpt lat="-25.9630068" lon="133.2235259">
      <ele>524.0</ele>
    </trkpt>
    <trkpt lat="-25.9647382" lon="133.2220925">
      <ele>524.942</ele>
    </trkpt>
    <trkpt lat="-25.964974" lon="133.221906">
      <ele>524.232</ele>
    </trkpt>
    <trkpt lat="-25.9659177" lon="133.2211159">
      <ele>525.012</ele>
    </trkpt>
    <trkpt lat="-25.9677433" lon="133.219609">
      <ele>526.519</ele>
    </trkpt>
    <trkpt lat="-25.9683889" lon="133.2190779">
      <ele>525.68</ele>
    </trkpt>
    <trkpt lat="-25.9685335" lon="133.218959">
      <ele>525.252</ele>
    </trkpt>
    <trkpt lat="-25.9696904" lon="133.2180073">
      <ele>526.154</ele>
    </trkpt>
    <trkpt lat="-25.9697972" lon="133.2179195">
      <ele>526.358</ele>
    </trkpt>
    <trkpt lat="-25.969835" lon="133.2178882">
      <ele>526.358</ele>
    </trkpt>
    <trkpt lat="-25.9699793" lon="133.2177688">
      <ele>526.072</ele>
    </trkpt>
    <trkpt lat="-25.9704121" lon="133.2174105">
      <ele>526.156</ele>
    </trkpt>
    <trkpt lat="-25.9718369" lon="133.2162311">
      <ele>529.568</ele>
    </trkpt>
    <trkpt lat="-25.9718551" lon="133.2162161">
      <ele>529.622</ele>
    </trkpt>
    <trkpt lat="-25.9730096" lon="133.2152608">
      <ele>531.071</ele>
    </trkpt>
    <trkpt lat="-25.973154" lon="133.2151414">
      <ele>532.019</ele>
    </trkpt>
    <trkpt lat="-25.9737312" lon="133.2146638">
      <ele>533.659</ele>
    </trkpt>
    <trkpt lat="-25.9741642" lon="133.2143056">
      <ele>533.009</ele>
    </trkpt>
    <trkpt lat="-25.9743085" lon="133.2141862">
      <ele>532.874</ele>
    </trkpt>
    <trkpt lat="-25.9744528" lon="133.2140668">
      <ele>532.727</ele>
    </trkpt>
    <trkpt lat="-25.9745972" lon="133.2139474">
      <ele>533.26</ele>
    </trkpt>
    <trkpt lat="-25.9746446" lon="133.2139082">
      <ele>533.241</ele>
    </trkpt>
    <trkpt lat="-25.9747415" lon="133.2138281">
      <ele>533.054</ele>
    </trkpt>
    <trkpt lat="-25.9748859" lon="133.2137088">
      <ele>533.207</ele>
    </trkpt>
    <trkpt lat="-25.9750303" lon="133.2135894">
      <ele>532.952</ele>
    </trkpt>
    <trkpt lat="-25.9758965" lon="133.2128735">
      <ele>530.922</ele>
    </trkpt>
    <trkpt lat="-25.9766184" lon="133.2122768">
      <ele>529.86</ele>
    </trkpt>
    <trkpt lat="-25.9767627" lon="133.2121575">
      <ele>529.767</ele>
    </trkpt>
    <trkpt lat="-25.9773402" lon="133.2116801">
      <ele>528.501</ele>
    </trkpt>
    <trkpt lat="-25.978198" lon="133.2109711">
      <ele>532.258</ele>
    </trkpt>
    <trkpt lat="-25.9784951" lon="133.2107253">
      <ele>532.191</ele>
    </trkpt>
    <trkpt lat="-25.9790724" lon="133.2102477">
      <ele>530.0</ele>
    </trkpt>
    <trkpt lat="-25.9792167" lon="133.2101283">
      <ele>530.097</ele>
    </trkpt>
    <trkpt lat="-25.9793611" lon="133.2100089">
      <ele>530.678</ele>
    </trkpt>
    <trkpt lat="-25.9795054" lon="133.2098895">
      <ele>530.47</ele>
    </trkpt>
    <trkpt lat="-25.9800827" lon="133.2094119">
      <ele>530.38</ele>
    </trkpt>
    <trkpt lat="-25.9805157" lon="133.2090537">
      <ele>531.0</ele>
    </trkpt>
    <trkpt lat="-25.9809487" lon="133.2086955">
      <ele>531.593</ele>
    </trkpt>
    <trkpt lat="-25.981526" lon="133.2082179">
      <ele>530.704</ele>
    </trkpt>
    <trkpt lat="-25.98204" lon="133.2077927">
      <ele>530.089</ele>
    </trkpt>
    <trkpt lat="-25.9831139" lon="133.206905">
      <ele>531.648</ele>
    </trkpt>
    <trkpt lat="-25.9832583" lon="133.2067857">
      <ele>530.699</ele>
    </trkpt>
    <trkpt lat="-25.9834027" lon="133.2066664">
      <ele>530.0</ele>
    </trkpt>
    <trkpt lat="-25.9836914" lon="133.2064277">
      <ele>530.0</ele>
    </trkpt>
    <trkpt lat="-25.9839802" lon="133.206189">
      <ele>530.483</ele>
    </trkpt>
    <trkpt lat="-25.9848464" lon="133.205473">
      <ele>530.58</ele>
    </trkpt>
    <trkpt lat="-25.9849908" lon="133.2053537">
      <ele>531.669</ele>
    </trkpt>
    <trkpt lat="-25.9852795" lon="133.205115">
      <ele>533.0</ele>
    </trkpt>
    <trkpt lat="-25.9858251" lon="133.2046639">
      <ele>532.0</ele>
    </trkpt>
    <trkpt lat="-25.9858572" lon="133.204638">
      <ele>532.0</ele>
    </trkpt>
    <trkpt lat="-25.9867653" lon="133.2039054">
      <ele>535.0</ele>
    </trkpt>
    <trkpt lat="-25.9874654" lon="133.2033559">
      <ele>533.053</ele>
    </trkpt>
    <trkpt lat="-25.9876275" lon="133.203237">
      <ele>532.513</ele>
    </trkpt>
    <trkpt lat="-25.9885628" lon="133.2025426">
      <ele>531.873</ele>
    </trkpt>
    <trkpt lat="-25.9886143" lon="133.2025044">
      <ele>531.973</ele>
    </trkpt>
    <trkpt lat="-25.9892196" lon="133.2020836">
      <ele>529.596</ele>
    </trkpt>
    <trkpt lat="-25.989274" lon="133.2020458">
      <ele>529.61</ele>
    </trkpt>
    <trkpt lat="-25.9893245" lon="133.2020107">
      <ele>529.671</ele>
    </trkpt>
    <trkpt lat="-25.9893722" lon="133.2019776">
      <ele>529.771</ele>
    </trkpt>
    <trkpt lat="-25.9894771" lon="133.2019047">
      <ele>530.244</ele>
    </trkpt>
    <trkpt lat="-25.9896456" lon="133.2017876">
      <ele>530.88</ele>
    </trkpt>
    <trkpt lat="-25.9899384" lon="133.2015933">
      <ele>530.222</ele>
    </trkpt>
    <trkpt lat="-25.9907327" lon="133.2010663">
      <ele>531.682</ele>
    </trkpt>
    <trkpt lat="-25.9918098" lon="133.2003975">
      <ele>530.377</ele>
    </trkpt>
    <trkpt lat="-25.9919148" lon="133.2003323">
      <ele>531.415</ele>
    </trkpt>
    <trkpt lat="-25.9919544" lon="133.2003077">
      <ele>531.824</ele>
    </trkpt>
    <trkpt lat="-25.991967" lon="133.2003003">
      <ele>531.926</ele>
    </trkpt>
    <trkpt lat="-25.9924944" lon="133.199992">
      <ele>531.991</ele>
    </trkpt>
    <trkpt lat="-25.9927631" lon="133.1998349">
      <ele>530.637</ele>
    </trkpt>
    <trkpt lat="-25.9929088" lon="133.1997498">
      <ele>530.429</ele>
    </trkpt>
    <trkpt lat="-25.9929225" lon="133.1997422">
      <ele>530.407</ele>
    </trkpt>
    <trkpt lat="-25.9940252" lon="133.1991277">
      <ele>526.65</ele>
    </trkpt>
    <trkpt lat="-25.9942121" lon="133.1990323">
      <ele>526.405</ele>
    </trkpt>
    <trkpt lat="-25.994539" lon="133.1988654">
      <ele>526.396</ele>
    </trkpt>
    <trkpt lat="-25.9950585" lon="133.1986002">
      <ele>529.171</ele>
    </trkpt>
    <trkpt lat="-25.9958969" lon="133.1981926">
      <ele>528.0</ele>
    </trkpt>
    <trkpt lat="-25.9962277" lon="133.1980318">
      <ele>528.0</ele>
    </trkpt>
    <trkpt lat="-25.9963684" lon="133.1979634">
      <ele>528.0</ele>
    </trkpt>
    <trkpt lat="-25.9970134" lon="133.1976697">
      <ele>526.152</ele>
    </trkpt>
    <trkpt lat="-25.997504" lon="133.1974506">
      <ele>526.81</ele>
    </trkpt>
    <trkpt lat="-25.998259" lon="133.1971274">
      <ele>524.659</ele>
    </trkpt>
    <trkpt lat="-25.9985684" lon="133.1969949">
      <ele>525.567</ele>
    </trkpt>
    <trkpt lat="-25.9990908" lon="133.1967934">
      <ele>527.332</ele>
    </trkpt>
    <trkpt lat="-25.9995068" lon="133.1966329">
      <ele>527.654</ele>
    </trkpt>
    <trkpt lat="-26.0000041" lon="133.1964507">
      <ele>526.985</ele>
    </trkpt>
    <trkpt lat="-26.0004593" lon="133.196289">
      <ele>526.0</ele>
    </trkpt>
    <trkpt lat="-26.0011401" lon="133.1960436">
      <ele>526.0</ele>
    </trkpt>
    <trkpt lat="-26.0013339" lon="133.1959826">
      <ele>526.0</ele>
    </trkpt>
    <trkpt lat="-26.0021822" lon="133.1957157">
      <ele>526.432</ele>
    </trkpt>
    <trkpt lat="-26.0030243" lon="133.1954507">
      <ele>526.042</ele>
    </trkpt>
    <trkpt lat="-26.004223" lon="133.1951287">
      <ele>523.631</ele>
    </trkpt>
    <trkpt lat="-26.0042717" lon="133.1951156">
      <ele>523.741</ele>
    </trkpt>
    <trkpt lat="-26.0043978" lon="133.1950817">
      <ele>523.951</ele>
    </trkpt>
    <trkpt lat="-26.0044466" lon="133.1950686">
      <ele>524.0</ele>
    </trkpt>
    <trkpt lat="-26.0047475" lon="133.1949878">
      <ele>524.135</ele>
    </trkpt>
    <trkpt lat="-26.0053099" lon="133.1948526">
      <ele>526.415</ele>
    </trkpt>
    <trkpt lat="-26.0059802" lon="133.1947028">
      <ele>523.471</ele>
    </trkpt>
    <trkpt lat="-26.0065761" lon="133.1945697">
      <ele>523.0</ele>
    </trkpt>
    <trkpt lat="-26.0070403" lon="133.1944786">
      <ele>521.735</ele>
    </trkpt>
    <trkpt lat="-26.007326" lon="133.1944225">
      <ele>521.02</ele>
    </trkpt>
    <trkpt lat="-26.007742" lon="133.1943409">
      <ele>520.952</ele>
    </trkpt>
    <trkpt lat="-26.0081052" lon="133.1942846">
      <ele>522.651</ele>
    </trkpt>
    <trkpt lat="-26.0088177" lon="133.194174">
      <ele>523.026</ele>
    </trkpt>
    <trkpt lat="-26.0089959" lon="133.1941464">
      <ele>522.258</ele>
    </trkpt>
    <trkpt lat="-26.0091226" lon="133.1941267">
      <ele>521.438</ele>
    </trkpt>
    <trkpt lat="-26.0098881" lon="133.1940214">
      <ele>520.523</ele>
    </trkpt>
    <trkpt lat="-26.0101872" lon="133.1939802">
      <ele>521.124</ele>
    </trkpt>
    <trkpt lat="-26.0104236" lon="133.1939474">
      <ele>521.689</ele>
    </trkpt>
    <trkpt lat="-26.0111375" lon="133.1938484">
      <ele>521.308</ele>
    </trkpt>
    <trkpt lat="-26.011316" lon="133.1938236">
      <ele>522.364</ele>
    </trkpt>
    <trkpt lat="-26.0117452" lon="133.193764">
      <ele>522.45</ele>
    </trkpt>
    <trkpt lat="-26.0120297" lon="133.1937223">
      <ele>522.784</ele>
    </trkpt>
    <trkpt lat="-26.0121121" lon="133.1937102">
      <ele>523.032</ele>
    </trkpt>
    <trkpt lat="-26.0129422" lon="133.1935551">
      <ele>521.445</ele>
    </trkpt>
    <trkpt lat="-26.0132522" lon="133.1935111">
      <ele>520.652</ele>
    </trkpt>
    <trkpt lat="-26.0134306" lon="133.1934858">
      <ele>520.259</ele>
    </trkpt>
    <trkpt lat="-26.0136091" lon="133.1934605">
      <ele>520.088</ele>
    </trkpt>
    <trkpt lat="-26.0139361" lon="133.1934142">
      <ele>520.758</ele>
    </trkpt>
    <trkpt lat="-26.014917" lon="133.1932852">
      <ele>521.948</ele>
    </trkpt>
    <trkpt lat="-26.0155731" lon="133.1931945">
      <ele>518.595</ele>
    </trkpt>
    <trkpt lat="-26.0162849" lon="133.193096">
      <ele>521.146</ele>
    </trkpt>
    <trkpt lat="-26.016287" lon="133.1930957">
      <ele>521.145</ele>
    </trkpt>
    <trkpt lat="-26.0164656" lon="133.1930719">
      <ele>520.766</ele>
    </trkpt>
    <trkpt lat="-26.0168443" lon="133.1930213">
      <ele>519.956</ele>
    </trkpt>
    <trkpt lat="-26.0175371" lon="133.1929287">
      <ele>520.471</ele>
    </trkpt>
    <trkpt lat="-26.0175586" lon="133.1929258">
      <ele>520.42</ele>
    </trkpt>
    <trkpt lat="-26.0175647" lon="133.192925">
      <ele>520.407</ele>
    </trkpt>
    <trkpt lat="-26.0177156" lon="133.1929042">
      <ele>520.102</ele>
    </trkpt>
    <trkpt lat="-26.0182511" lon="133.1928302">
      <ele>519.944</ele>
    </trkpt>
    <trkpt lat="-26.0182726" lon="133.1928272">
      <ele>519.961</ele>
    </trkpt>
    <trkpt lat="-26.0186296" lon="133.1927779">
      <ele>519.867</ele>
    </trkpt>
    <trkpt lat="-26.0189866" lon="133.1927286">
      <ele>517.648</ele>
    </trkpt>
    <trkpt lat="-26.019165" lon="133.1927039">
      <ele>517.006</ele>
    </trkpt>
    <trkpt lat="-26.0193435" lon="133.1926792">
      <ele>517.0</ele>
    </trkpt>
    <trkpt lat="-26.020236" lon="133.192556">
      <ele>518.528</ele>
    </trkpt>
    <trkpt lat="-26.020593" lon="133.1925067">
      <ele>520.087</ele>
    </trkpt>
    <trkpt lat="-26.0207715" lon="133.192482">
      <ele>520.792</ele>
    </trkpt>
    <trkpt lat="-26.0208663" lon="133.1924689">
      <ele>520.987</ele>
    </trkpt>
    <trkpt lat="-26.021107" lon="133.192436">
      <ele>520.773</ele>
    </trkpt>
    <trkpt lat="-26.021307" lon="133.1924087">
      <ele>520.671</ele>
    </trkpt>
    <trkpt lat="-26.0222271" lon="133.1922829">
      <ele>520.785</ele>
    </trkpt>
    <trkpt lat="-26.0227346" lon="133.1922082">
      <ele>521.0</ele>
    </trkpt>
    <trkpt lat="-26.0229129" lon="133.192182">
      <ele>521.486</ele>
    </trkpt>
    <trkpt lat="-26.0231097" lon="133.192153">
      <ele>522.0</ele>
    </trkpt>
    <trkpt lat="-26.0245198" lon="133.1919639">
      <ele>519.051</ele>
    </trkpt>
    <trkpt lat="-26.0248769" lon="133.191916">
      <ele>519.102</ele>
    </trkpt>
    <trkpt lat="-26.0257711" lon="133.191796">
      <ele>519.466</ele>
    </trkpt>
    <trkpt lat="-26.0264098" lon="133.1917112">
      <ele>521.0</ele>
    </trkpt>
    <trkpt lat="-26.0266416" lon="133.1916838">
      <ele>521.0</ele>
    </trkpt>
    <trkpt lat="-26.0271476" lon="133.191624">
      <ele>521.112</ele>
    </trkpt>
    <trkpt lat="-26.0271997" lon="133.1916182">
      <ele>521.16</ele>
    </trkpt>
    <trkpt lat="-26.0273572" lon="133.1916005">
      <ele>521.608</ele>
    </trkpt>
    <trkpt lat="-26.0273787" lon="133.1915981">
      <ele>521.671</ele>
    </trkpt>
    <trkpt lat="-26.0275361" lon="133.1915805">
      <ele>522.0</ele>
    </trkpt>
    <trkpt lat="-26.0277366" lon="133.191558">
      <ele>522.0</ele>
    </trkpt>
    <trkpt lat="-26.0278947" lon="133.1915403">
      <ele>521.579</ele>
    </trkpt>
    <trkpt lat="-26.0286107" lon="133.1914696">
      <ele>520.0</ele>
    </trkpt>
    <trkpt lat="-26.0287899" lon="133.1914519">
      <ele>519.854</ele>
    </trkpt>
    <trkpt lat="-26.0288114" lon="133.1914498">
      <ele>519.842</ele>
    </trkpt>
    <trkpt lat="-26.0288596" lon="133.191445">
      <ele>519.819</ele>
    </trkpt>
    <trkpt lat="-26.0293272" lon="133.1913975">
      <ele>517.982</ele>
    </trkpt>
    <trkpt lat="-26.0302228" lon="133.1913066">
      <ele>521.157</ele>
    </trkpt>
    <trkpt lat="-26.0305454" lon="133.1912739">
      <ele>519.653</ele>
    </trkpt>
    <trkpt lat="-26.0315187" lon="133.1912004">
      <ele>521.939</ele>
    </trkpt>
    <trkpt lat="-26.0327352" lon="133.1911205">
      <ele>519.148</ele>
    </trkpt>
    <trkpt lat="-26.0329626" lon="133.1911056">
      <ele>519.685</ele>
    </trkpt>
    <trkpt lat="-26.0339928" lon="133.1910529">
      <ele>519.21</ele>
    </trkpt>
    <trkpt lat="-26.0342182" lon="133.1910403">
      <ele>519.208</ele>
    </trkpt>
    <trkpt lat="-26.0347357" lon="133.1910194">
      <ele>517.984</ele>
    </trkpt>
    <trkpt lat="-26.0362529" lon="133.190975">
      <ele>518.25</ele>
    </trkpt>
    <trkpt lat="-26.0371963" lon="133.1909489">
      <ele>516.813</ele>
    </trkpt>
    <trkpt lat="-26.0381561" lon="133.1909476">
      <ele>517.425</ele>
    </trkpt>
    <trkpt lat="-26.0394738" lon="133.1909437">
      <ele>516.497</ele>
    </trkpt>
    <trkpt lat="-26.0401802" lon="133.1909545">
      <ele>515.213</ele>
    </trkpt>
    <trkpt lat="-26.0403257" lon="133.1909567">
      <ele>515.46</ele>
    </trkpt>
    <trkpt lat="-26.04036" lon="133.1909575">
      <ele>515.389</ele>
    </trkpt>
    <trkpt lat="-26.0408995" lon="133.1909701">
      <ele>516.0</ele>
    </trkpt>
    <trkpt lat="-26.0417208" lon="133.1909894">
      <ele>513.915</ele>
    </trkpt>
    <trkpt lat="-26.0425177" lon="133.1910159">
      <ele>515.958</ele>
    </trkpt>
    <trkpt lat="-26.0430316" lon="133.191033">
      <ele>515.024</ele>
    </trkpt>
    <trkpt lat="-26.0435959" lon="133.1910668">
      <ele>514.055</ele>
    </trkpt>
    <trkpt lat="-26.0437397" lon="133.1910754">
      <ele>513.478</ele>
    </trkpt>
    <trkpt lat="-26.0437755" lon="133.1910774">
      <ele>513.336</ele>
    </trkpt>
    <trkpt lat="-26.0443973" lon="133.1911113">
      <ele>512.001</ele>
    </trkpt>
    <trkpt lat="-26.044494" lon="133.1911176">
      <ele>512.198</ele>
    </trkpt>
    <trkpt lat="-26.0446735" lon="133.1911292">
      <ele>512.836</ele>
    </trkpt>
    <trkpt lat="-26.0449828" lon="133.1911492">
      <ele>513.0</ele>
    </trkpt>
    <trkpt lat="-26.0452304" lon="133.1911655">
      <ele>514.496</ele>
    </trkpt>
    <trkpt lat="-26.0455478" lon="133.1911871">
      <ele>515.433</ele>
    </trkpt>
    <trkpt lat="-26.0457895" lon="133.1912073">
      <ele>515.049</ele>
    </trkpt>
    <trkpt lat="-26.0459301" lon="133.1912183">
      <ele>514.652</ele>
    </trkpt>
    <trkpt lat="-26.046318" lon="133.1912484">
      <ele>512.142</ele>
    </trkpt>
    <trkpt lat="-26.0464684" lon="133.191259">
      <ele>511.048</ele>
    </trkpt>
    <trkpt lat="-26.0469657" lon="133.1912941">
      <ele>511.709</ele>
    </trkpt>
    <trkpt lat="-26.0470068" lon="133.1912983">
      <ele>511.825</ele>
    </trkpt>
    <trkpt lat="-26.0472866" lon="133.1913268">
      <ele>512.193</ele>
    </trkpt>
    <trkpt lat="-26.0479125" lon="133.1913934">
      <ele>510.493</ele>
    </trkpt>
    <trkpt lat="-26.0485602" lon="133.1914541">
      <ele>513.625</ele>
    </trkpt>
    <trkpt lat="-26.0491949" lon="133.1915057">
      <ele>513.624</ele>
    </trkpt>
    <trkpt lat="-26.0498467" lon="133.1915821">
      <ele>515.0</ele>
    </trkpt>
    <trkpt lat="-26.0504744" lon="133.1916526">
      <ele>514.292</ele>
    </trkpt>
    <trkpt lat="-26.0511239" lon="133.1917424">
      <ele>514.046</ele>
    </trkpt>
    <trkpt lat="-26.0511463" lon="133.1917447">
      <ele>514.127</ele>
    </trkpt>
    <trkpt lat="-26.0514501" lon="133.1917825">
      <ele>514.872</ele>
    </trkpt>
    <trkpt lat="-26.0519808" lon="133.1918607">
      <ele>513.699</ele>
    </trkpt>
    <trkpt lat="-26.052375" lon="133.1919118">
      <ele>513.332</ele>
    </trkpt>
    <trkpt lat="-26.052459" lon="133.1919265">
      <ele>513.083</ele>
    </trkpt>
    <trkpt lat="-26.0531567" lon="133.1920219">
      <ele>514.459</ele>
    </trkpt>
    <trkpt lat="-26.0534435" lon="133.1920673">
      <ele>513.825</ele>
    </trkpt>
    <trkpt lat="-26.0538847" lon="133.1921371">
      <ele>513.306</ele>
    </trkpt>
    <trkpt lat="-26.0539777" lon="133.1921522">
      <ele>513.171</ele>
    </trkpt>
    <trkpt lat="-26.0544604" lon="133.1922307">
      <ele>512.0</ele>
    </trkpt>
    <trkpt lat="-26.0553015" lon="133.1923626">
      <ele>511.377</ele>
    </trkpt>
    <trkpt lat="-26.0559361" lon="133.1924651">
      <ele>510.37</ele>
    </trkpt>
    <trkpt lat="-26.0570041" lon="133.1926377">
      <ele>510.149</ele>
    </trkpt>
    <trkpt lat="-26.0581164" lon="133.1928196">
      <ele>510.033</ele>
    </trkpt>
    <trkpt lat="-26.0592967" lon="133.1930107">
      <ele>511.456</ele>
    </trkpt>
    <trkpt lat="-26.0600087" lon="133.1931259">
      <ele>509.747</ele>
    </trkpt>
    <trkpt lat="-26.0612546" lon="133.1933277">
      <ele>508.517</ele>
    </trkpt>
    <trkpt lat="-26.0618031" lon="133.1934165">
      <ele>509.356</ele>
    </trkpt>
    <trkpt lat="-26.0621435" lon="133.1934796">
      <ele>509.0</ele>
    </trkpt>
    <trkpt lat="-26.0622549" lon="133.1935003">
      <ele>508.882</ele>
    </trkpt>
    <trkpt lat="-26.0623207" lon="133.1935135">
      <ele>508.645</ele>
    </trkpt>
    <trkpt lat="-26.0626747" lon="133.1935848">
      <ele>507.371</ele>
    </trkpt>
    <trkpt lat="-26.0628517" lon="133.1936204">
      <ele>506.752</ele>
    </trkpt>
    <trkpt lat="-26.0636953" lon="133.1937903">
      <ele>508.0</ele>
    </trkpt>
    <trkpt lat="-26.0640935" lon="133.1938499">
      <ele>508.633</ele>
    </trkpt>
    <trkpt lat="-26.0641522" lon="133.1938586">
      <ele>508.845</ele>
    </trkpt>
    <trkpt lat="-26.0644498" lon="133.1939054">
      <ele>507.964</ele>
    </trkpt>
    <trkpt lat="-26.0647415" lon="133.1939511">
      <ele>506.463</ele>
    </trkpt>
    <trkpt lat="-26.065132" lon="133.1940195">
      <ele>507.439</ele>
    </trkpt>
    <trkpt lat="-26.0662285" lon="133.1942022">
      <ele>505.423</ele>
    </trkpt>
    <trkpt lat="-26.0663601" lon="133.1942242">
      <ele>505.896</ele>
    </trkpt>
    <trkpt lat="-26.0665846" lon="133.194259">
      <ele>506.0</ele>
    </trkpt>
    <trkpt lat="-26.0667628" lon="133.1942867">
      <ele>505.803</ele>
    </trkpt>
    <trkpt lat="-26.0676535" lon="133.1944247">
      <ele>507.0</ele>
    </trkpt>
    <trkpt lat="-26.0676813" lon="133.194429">
      <ele>507.0</ele>
    </trkpt>
    <trkpt lat="-26.0678314" lon="133.1944538">
      <ele>506.807</ele>
    </trkpt>
    <trkpt lat="-26.0683651" lon="133.1945421">
      <ele>506.426</ele>
    </trkpt>
    <trkpt lat="-26.0687209" lon="133.1946009">
      <ele>507.0</ele>
    </trkpt>
    <trkpt lat="-26.069748" lon="133.1947708">
      <ele>507.175</ele>
    </trkpt>
    <trkpt lat="-26.0709639" lon="133.1949665">
      <ele>506.587</ele>
    </trkpt>
    <trkpt lat="-26.0713907" lon="133.195034">
      <ele>505.994</ele>
    </trkpt>
    <trkpt lat="-26.0715686" lon="133.1950622">
      <ele>505.498</ele>
    </trkpt>
    <trkpt lat="-26.0721029" lon="133.1951468">
      <ele>506.269</ele>
    </trkpt>
    <trkpt lat="-26.0729933" lon="133.1952878">
      <ele>505.036</ele>
    </trkpt>
    <trkpt lat="-26.0731714" lon="133.195316">
      <ele>505.138</ele>
    </trkpt>
    <trkpt lat="-26.0732112" lon="133.1953223">
      <ele>505.16</ele>
    </trkpt>
    <trkpt lat="-26.0737053" lon="133.195403">
      <ele>504.847</ele>
    </trkpt>
    <trkpt lat="-26.0738833" lon="133.195432">
      <ele>504.456</ele>
    </trkpt>
    <trkpt lat="-26.0761968" lon="133.1958097">
      <ele>506.17</ele>
    </trkpt>
    <trkpt lat="-26.0763746" lon="133.1958387">
      <ele>506.0</ele>
    </trkpt>
    <trkpt lat="-26.0772935" lon="133.1959887">
      <ele>506.0</ele>
    </trkpt>
    <trkpt lat="-26.0776202" lon="133.1960435">
      <ele>506.0</ele>
    </trkpt>
    <trkpt lat="-26.0784063" lon="133.1961753">
      <ele>508.0</ele>
    </trkpt>
    <trkpt lat="-26.0785096" lon="133.1961919">
      <ele>508.0</ele>
    </trkpt>
    <trkpt lat="-26.0786876" lon="133.1962207">
      <ele>508.0</ele>
    </trkpt>
    <trkpt lat="-26.0788656" lon="133.1962495">
      <ele>508.0</ele>
    </trkpt>
    <trkpt lat="-26.0792216" lon="133.196307">
      <ele>507.0</ele>
    </trkpt>
    <trkpt lat="-26.0797556" lon="133.1963931">
      <ele>507.88</ele>
    </trkpt>
    <trkpt lat="-26.0799336" lon="133.1964219">
      <ele>507.239</ele>
    </trkpt>
    <trkpt lat="-26.0801116" lon="133.1964507">
      <ele>506.598</ele>
    </trkpt>
    <trkpt lat="-26.0802212" lon="133.1964684">
      <ele>506.204</ele>
    </trkpt>
    <trkpt lat="-26.0806459" lon="133.1965342">
      <ele>505.368</ele>
    </trkpt>
    <trkpt lat="-26.080783" lon="133.1965555">
      <ele>505.272</ele>
    </trkpt>
    <trkpt lat="-26.0808241" lon="133.1965622">
      <ele>505.26</ele>
    </trkpt>
    <trkpt lat="-26.0822549" lon="133.1967967">
      <ele>504.413</ele>
    </trkpt>
    <trkpt lat="-26.0833152" lon="133.1969677">
      <ele>503.922</ele>
    </trkpt>
    <trkpt lat="-26.0845613" lon="133.1971719">
      <ele>503.819</ele>
    </trkpt>
    <trkpt lat="-26.0846105" lon="133.1971801">
      <ele>503.848</ele>
    </trkpt>
    <trkpt lat="-26.0854133" lon="133.1973144">
      <ele>503.674</ele>
    </trkpt>
    <trkpt lat="-26.085807" lon="133.1973749">
      <ele>502.644</ele>
    </trkpt>
    <trkpt lat="-26.0859041" lon="133.1973897">
      <ele>502.858</ele>
    </trkpt>
    <trkpt lat="-26.0863402" lon="133.1974669">
      <ele>503.979</ele>
    </trkpt>
    <trkpt lat="-26.0878985" lon="133.1977202">
      <ele>503.435</ele>
    </trkpt>
    <trkpt lat="-26.0886043" lon="133.1978347">
      <ele>503.025</ele>
    </trkpt>
    <trkpt lat="-26.0907271" lon="133.1981744">
      <ele>504.618</ele>
    </trkpt>
    <trkpt lat="-26.0910448" lon="133.1982022">
      <ele>504.196</ele>
    </trkpt>
    <trkpt lat="-26.0925038" lon="133.1984672">
      <ele>503.951</ele>
    </trkpt>
    <trkpt lat="-26.0925335" lon="133.1984719">
      <ele>503.877</ele>
    </trkpt>
    <trkpt lat="-26.0926817" lon="133.1984987">
      <ele>503.412</ele>
    </trkpt>
    <trkpt lat="-26.0930374" lon="133.1985592">
      <ele>503.0</ele>
    </trkpt>
    <trkpt lat="-26.0938805" lon="133.1987013">
      <ele>502.03</ele>
    </trkpt>
    <trkpt lat="-26.0946391" lon="133.1988239">
      <ele>502.164</ele>
    </trkpt>
    <trkpt lat="-26.0950105" lon="133.1988868">
      <ele>501.924</ele>
    </trkpt>
    <trkpt lat="-26.0957798" lon="133.1990158">
      <ele>500.807</ele>
    </trkpt>
    <trkpt lat="-26.0967852" lon="133.1991741">
      <ele>500.573</ele>
    </trkpt>
    <trkpt lat="-26.0970014" lon="133.1992143">
      <ele>500.0</ele>
    </trkpt>
    <trkpt lat="-26.0974867" lon="133.1992832">
      <ele>500.553</ele>
    </trkpt>
    <trkpt lat="-26.0985368" lon="133.1994508">
      <ele>499.761</ele>
    </trkpt>
    <trkpt lat="-26.1006979" lon="133.1997317">
      <ele>499.529</ele>
    </trkpt>
    <trkpt lat="-26.1014502" lon="133.1998235">
      <ele>500.86</ele>
    </trkpt>
    <trkpt lat="-26.1017736" lon="133.1998586">
      <ele>500.491</ele>
    </trkpt>
    <trkpt lat="-26.1017952" lon="133.1998609">
      <ele>500.499</ele>
    </trkpt>
    <trkpt lat="-26.1028469" lon="133.1999756">
      <ele>499.685</ele>
    </trkpt>
    <trkpt lat="-26.1030271" lon="133.1999958">
      <ele>499.101</ele>
    </trkpt>
    <trkpt lat="-26.1040665" lon="133.2000899">
      <ele>500.037</ele>
    </trkpt>
    <trkpt lat="-26.10482" lon="133.2001594">
      <ele>497.426</ele>
    </trkpt>
    <trkpt lat="-26.105113" lon="133.2001842">
      <ele>497.337</ele>
    </trkpt>
    <trkpt lat="-26.1057657" lon="133.200226">
      <ele>497.802</ele>
    </trkpt>
    <trkpt lat="-26.1064035" lon="133.2002608">
      <ele>499.0</ele>
    </trkpt>
    <trkpt lat="-26.1076621" lon="133.2003377">
      <ele>497.91</ele>
    </trkpt>
    <trkpt lat="-26.107926" lon="133.2003437">
      <ele>499.067</ele>
    </trkpt>
    <trkpt lat="-26.1080217" lon="133.2003457">
      <ele>499.756</ele>
    </trkpt>
    <trkpt lat="-26.1100657" lon="133.2004157">
      <ele>498.262</ele>
    </trkpt>
    <trkpt lat="-26.1115171" lon="133.2004379">
      <ele>497.462</ele>
    </trkpt>
    <trkpt lat="-26.1121574" lon="133.2004401">
      <ele>498.552</ele>
    </trkpt>
    <trkpt lat="-26.1123373" lon="133.2004408">
      <ele>498.242</ele>
    </trkpt>
    <trkpt lat="-26.1123748" lon="133.2004407">
      <ele>498.186</ele>
    </trkpt>
    <trkpt lat="-26.1141393" lon="133.2004284">
      <ele>496.0</ele>
    </trkpt>
    <trkpt lat="-26.1155754" lon="133.2004013">
      <ele>494.135</ele>
    </trkpt>
    <trkpt lat="-26.1163504" lon="133.200364">
      <ele>498.215</ele>
    </trkpt>
    <trkpt lat="-26.1182494" lon="133.2002567">
      <ele>494.023</ele>
    </trkpt>
    <trkpt lat="-26.1183064" lon="133.2002558">
      <ele>494.008</ele>
    </trkpt>
    <trkpt lat="-26.1186553" lon="133.2002394">
      <ele>492.884</ele>
    </trkpt>
    <trkpt lat="-26.1190616" lon="133.200211">
      <ele>493.149</ele>
    </trkpt>
    <trkpt lat="-26.119503" lon="133.2001787">
      <ele>494.492</ele>
    </trkpt>
    <trkpt lat="-26.1201591" lon="133.2001376">
      <ele>494.707</ele>
    </trkpt>
    <trkpt lat="-26.121677" lon="133.1999998">
      <ele>492.037</ele>
    </trkpt>
    <trkpt lat="-26.1221161" lon="133.1999619">
      <ele>492.915</ele>
    </trkpt>
    <trkpt lat="-26.123954" lon="133.1997634">
      <ele>489.469</ele>
    </trkpt>
    <trkpt lat="-26.1249049" lon="133.1996537">
      <ele>493.247</ele>
    </trkpt>
    <trkpt lat="-26.1257949" lon="133.1995408">
      <ele>490.186</ele>
    </trkpt>
    <trkpt lat="-26.1270535" lon="133.1993857">
      <ele>490.0</ele>
    </trkpt>
    <trkpt lat="-26.1289582" lon="133.1991509">
      <ele>488.542</ele>
    </trkpt>
    <trkpt lat="-26.1308969" lon="133.1989211">
      <ele>488.345</ele>
    </trkpt>
    <trkpt lat="-26.131345" lon="133.1988668">
      <ele>490.604</ele>
    </trkpt>
    <trkpt lat="-26.1320603" lon="133.1987802">
      <ele>488.583</ele>
    </trkpt>
    <trkpt lat="-26.1404643" lon="133.1977619">
      <ele>486.019</ele>
    </trkpt>
    <trkpt lat="-26.1429676" lon="133.1974587">
      <ele>483.614</ele>
    </trkpt>
    <trkpt lat="-26.1433253" lon="133.1974153">
      <ele>483.693</ele>
    </trkpt>
    <trkpt lat="-26.1447558" lon="133.1972419">
      <ele>481.054</ele>
    </trkpt>
    <trkpt lat="-26.1451133" lon="133.1971986">
      <ele>481.17</ele>
    </trkpt>
    <trkpt lat="-26.146365" lon="133.1970469">
      <ele>482.545</ele>
    </trkpt>
    <trkpt lat="-26.1476167" lon="133.1968952">
      <ele>484.074</ele>
    </trkpt>
    <trkpt lat="-26.1481531" lon="133.1968302">
      <ele>481.442</ele>
    </trkpt>
    <trkpt lat="-26.1483319" lon="133.1968086">
      <ele>480.497</ele>
    </trkpt>
    <trkpt lat="-26.1633519" lon="133.1949881">
      <ele>477.976</ele>
    </trkpt>
    <trkpt lat="-26.1649611" lon="133.1947931">
      <ele>479.244</ele>
    </trkpt>
    <trkpt lat="-26.1658552" lon="133.1946847">
      <ele>480.854</ele>
    </trkpt>
    <trkpt lat="-26.166034" lon="133.194663">
      <ele>480.633</ele>
    </trkpt>
    <trkpt lat="-26.1667492" lon="133.1945763">
      <ele>478.859</ele>
    </trkpt>
    <trkpt lat="-26.1708618" lon="133.1940777">
      <ele>475.93</ele>
    </trkpt>
    <trkpt lat="-26.1718883" lon="133.1939533">
      <ele>477.226</ele>
    </trkpt>
    <trkpt lat="-26.1756904" lon="133.1934999">
      <ele>475.4</ele>
    </trkpt>
    <trkpt lat="-26.1766692" lon="133.1933731">
      <ele>473.999</ele>
    </trkpt>
    <trkpt lat="-26.1787989" lon="133.1931174">
      <ele>475.979</ele>
    </trkpt>
    <trkpt lat="-26.1803625" lon="133.1928781">
      <ele>473.5</ele>
    </trkpt>
    <trkpt lat="-26.1810585" lon="133.1927914">
      <ele>473.621</ele>
    </trkpt>
    <trkpt lat="-26.1841313" lon="133.1924222">
      <ele>474.28</ele>
    </trkpt>
    <trkpt lat="-26.1843102" lon="133.1924007">
      <ele>474.025</ele>
    </trkpt>
    <trkpt lat="-26.1849827" lon="133.1923199">
      <ele>473.04</ele>
    </trkpt>
    <trkpt lat="-26.1850255" lon="133.1923148">
      <ele>473.031</ele>
    </trkpt>
    <trkpt lat="-26.1857766" lon="133.1922245">
      <ele>472.003</ele>
    </trkpt>
    <trkpt lat="-26.1869925" lon="133.1920771">
      <ele>471.177</ele>
    </trkpt>
    <trkpt lat="-26.1957541" lon="133.1910152">
      <ele>468.187</ele>
    </trkpt>
    <trkpt lat="-26.1989727" lon="133.1906251">
      <ele>468.076</ele>
    </trkpt>
    <trkpt lat="-26.1995091" lon="133.1905601">
      <ele>468.784</ele>
    </trkpt>
    <trkpt lat="-26.1996657" lon="133.1905411">
      <ele>468.193</ele>
    </trkpt>
    <trkpt lat="-26.2018337" lon="133.1902788">
      <ele>469.601</ele>
    </trkpt>
    <trkpt lat="-26.2038007" lon="133.1900408">
      <ele>469.0</ele>
    </trkpt>
    <trkpt lat="-26.206304" lon="133.1897378">
      <ele>468.655</ele>
    </trkpt>
    <trkpt lat="-26.2069787" lon="133.1896562">
      <ele>465.569</ele>
    </trkpt>
    <trkpt lat="-26.2113107" lon="133.1891308">
      <ele>464.977</ele>
    </trkpt>
    <trkpt lat="-26.2158766" lon="133.188577">
      <ele>462.226</ele>
    </trkpt>
    <trkpt lat="-26.2174227" lon="133.1883895">
      <ele>464.798</ele>
    </trkpt>
    <trkpt lat="-26.2200171" lon="133.1880741">
      <ele>461.004</ele>
    </trkpt>
    <trkpt lat="-26.2200723" lon="133.1880676">
      <ele>461.011</ele>
    </trkpt>
    <trkpt lat="-26.2202511" lon="133.1880465">
      <ele>461.003</ele>
    </trkpt>
    <trkpt lat="-26.2215125" lon="133.1878978">
      <ele>465.0</ele>
    </trkpt>
    <trkpt lat="-26.2220344" lon="133.1878407">
      <ele>463.829</ele>
    </trkpt>
    <trkpt lat="-26.2232358" lon="133.1877256">
      <ele>462.944</ele>
    </trkpt>
    <trkpt lat="-26.2249581" lon="133.1875487">
      <ele>464.825</ele>
    </trkpt>
    <trkpt lat="-26.2269701" lon="133.1873868">
      <ele>459.555</ele>
    </trkpt>
    <trkpt lat="-26.2279512" lon="133.1873183">
      <ele>458.784</ele>
    </trkpt>
    <trkpt lat="-26.230064" lon="133.187183">
      <ele>459.713</ele>
    </trkpt>
    <trkpt lat="-26.2324032" lon="133.1870271">
      <ele>458.91</ele>
    </trkpt>
    <trkpt lat="-26.2342342" lon="133.1869226">
      <ele>456.303</ele>
    </trkpt>
    <trkpt lat="-26.2356785" lon="133.1868285">
      <ele>459.557</ele>
    </trkpt>
    <trkpt lat="-26.2405445" lon="133.1865172">
      <ele>464.578</ele>
    </trkpt>
    <trkpt lat="-26.2427855" lon="133.1863868">
      <ele>463.0</ele>
    </trkpt>
    <trkpt lat="-26.2428748" lon="133.1864245">
      <ele>462.827</ele>
    </trkpt>
    <trkpt lat="-26.245988" lon="133.1861444">
      <ele>460.694</ele>
    </trkpt>
    <trkpt lat="-26.2461676" lon="133.1861323">
      <ele>460.787</ele>
    </trkpt>
    <trkpt lat="-26.2468906" lon="133.1861805">
      <ele>462.605</ele>
    </trkpt>
    <trkpt lat="-26.2471132" lon="133.1861664">
      <ele>462.801</ele>
    </trkpt>
    <trkpt lat="-26.2474291" lon="133.1861463">
      <ele>462.873</ele>
    </trkpt>
    <trkpt lat="-26.2493907" lon="133.1860553">
      <ele>460.606</ele>
    </trkpt>
    <trkpt lat="-26.2503032" lon="133.1860291">
      <ele>458.268</ele>
    </trkpt>
    <trkpt lat="-26.2510202" lon="133.1860148">
      <ele>456.653</ele>
    </trkpt>
    <trkpt lat="-26.2510222" lon="133.1860148">
      <ele>456.653</ele>
    </trkpt>
    <trkpt lat="-26.2513818" lon="133.1860088">
      <ele>456.118</ele>
    </trkpt>
    <trkpt lat="-26.251973" lon="133.1859994">
      <ele>455.536</ele>
    </trkpt>
    <trkpt lat="-26.2521007" lon="133.1859995">
      <ele>455.262</ele>
    </trkpt>
    <trkpt lat="-26.2524609" lon="133.1859952">
      <ele>455.359</ele>
    </trkpt>
    <trkpt lat="-26.2530812" lon="133.1859982">
      <ele>454.0</ele>
    </trkpt>
    <trkpt lat="-26.2555329" lon="133.1860422">
      <ele>456.167</ele>
    </trkpt>
    <trkpt lat="-26.2560555" lon="133.1860648">
      <ele>455.733</ele>
    </trkpt>
    <trkpt lat="-26.2562352" lon="133.1860752">
      <ele>455.352</ele>
    </trkpt>
    <trkpt lat="-26.2567687" lon="133.1861023">
      <ele>454.245</ele>
    </trkpt>
    <trkpt lat="-26.2578474" lon="133.1861596">
      <ele>453.076</ele>
    </trkpt>
    <trkpt lat="-26.2584174" lon="133.1862">
      <ele>452.017</ele>
    </trkpt>
    <trkpt lat="-26.2591707" lon="133.1862555">
      <ele>450.978</ele>
    </trkpt>
    <trkpt lat="-26.2598467" lon="133.1863154">
      <ele>448.713</ele>
    </trkpt>
    <trkpt lat="-26.2605711" lon="133.1863796">
      <ele>452.0</ele>
    </trkpt>
    <trkpt lat="-26.260975" lon="133.1864191">
      <ele>451.381</ele>
    </trkpt>
    <trkpt lat="-26.2612597" lon="133.1864478">
      <ele>450.901</ele>
    </trkpt>
    <trkpt lat="-26.2614388" lon="133.1864658">
      <ele>451.409</ele>
    </trkpt>
    <trkpt lat="-26.2619762" lon="133.1865199">
      <ele>455.357</ele>
    </trkpt>
    <trkpt lat="-26.2621554" lon="133.186538">
      <ele>454.777</ele>
    </trkpt>
    <trkpt lat="-26.2621995" lon="133.1865424">
      <ele>454.634</ele>
    </trkpt>
    <trkpt lat="-26.2625154" lon="133.1865816">
      <ele>450.638</ele>
    </trkpt>
    <trkpt lat="-26.2630445" lon="133.1866298">
      <ele>450.955</ele>
    </trkpt>
    <trkpt lat="-26.2632298" lon="133.1866502">
      <ele>450.41</ele>
    </trkpt>
    <trkpt lat="-26.2634088" lon="133.1866699">
      <ele>450.263</ele>
    </trkpt>
    <trkpt lat="-26.2645455" lon="133.1867948">
      <ele>451.343</ele>
    </trkpt>
    <trkpt lat="-26.2647817" lon="133.1868248">
      <ele>450.878</ele>
    </trkpt>
    <trkpt lat="-26.2648404" lon="133.1868306">
      <ele>450.749</ele>
    </trkpt>
    <trkpt lat="-26.2653779" lon="133.1868838">
      <ele>449.921</ele>
    </trkpt>
    <trkpt lat="-26.2657362" lon="133.1869193">
      <ele>450.619</ele>
    </trkpt>
    <trkpt lat="-26.2664111" lon="133.1869861">
      <ele>453.574</ele>
    </trkpt>
    <trkpt lat="-26.267383" lon="133.1870934">
      <ele>451.153</ele>
    </trkpt>
    <trkpt lat="-26.2677058" lon="133.1871274">
      <ele>450.406</ele>
    </trkpt>
    <trkpt lat="-26.2694965" lon="133.1873163">
      <ele>452.303</ele>
    </trkpt>
    <trkpt lat="-26.2696756" lon="133.1873352">
      <ele>454.648</ele>
    </trkpt>
    <trkpt lat="-26.2703918" lon="133.1874107">
      <ele>450.4</ele>
    </trkpt>
    <trkpt lat="-26.2705499" lon="133.1874274">
      <ele>450.015</ele>
    </trkpt>
    <trkpt lat="-26.2705709" lon="133.1874296">
      <ele>450.069</ele>
    </trkpt>
    <trkpt lat="-26.2707499" lon="133.187449">
      <ele>450.828</ele>
    </trkpt>
    <trkpt lat="-26.2707539" lon="133.1874494">
      <ele>450.844</ele>
    </trkpt>
    <trkpt lat="-26.270929" lon="133.1874683">
      <ele>451.419</ele>
    </trkpt>
    <trkpt lat="-26.2714661" lon="133.1875261">
      <ele>452.748</ele>
    </trkpt>
    <trkpt lat="-26.2716451" lon="133.1875454">
      <ele>452.228</ele>
    </trkpt>
    <trkpt lat="-26.2718241" lon="133.1875647">
      <ele>452.536</ele>
    </trkpt>
    <trkpt lat="-26.2721822" lon="133.1876033">
      <ele>454.022</ele>
    </trkpt>
    <trkpt lat="-26.2722203" lon="133.1876074">
      <ele>454.216</ele>
    </trkpt>
    <trkpt lat="-26.2723623" lon="133.1876222">
      <ele>453.838</ele>
    </trkpt>
    <trkpt lat="-26.2725403" lon="133.187641">
      <ele>453.492</ele>
    </trkpt>
    <trkpt lat="-26.2734345" lon="133.1877356">
      <ele>453.945</ele>
    </trkpt>
    <trkpt lat="-26.2738807" lon="133.1877825">
      <ele>453.999</ele>
    </trkpt>
    <trkpt lat="-26.2758398" lon="133.1879813">
      <ele>459.448</ele>
    </trkpt>
    <trkpt lat="-26.2760912" lon="133.1880084">
      <ele>458.89</ele>
    </trkpt>
    <trkpt lat="-26.2761182" lon="133.1880106">
      <ele>458.838</ele>
    </trkpt>
    <trkpt lat="-26.2771833" lon="133.1881253">
      <ele>460.924</ele>
    </trkpt>
    <trkpt lat="-26.2790721" lon="133.1883226">
      <ele>455.646</ele>
    </trkpt>
    <trkpt lat="-26.2800404" lon="133.188414">
      <ele>457.436</ele>
    </trkpt>
    <trkpt lat="-26.2809873" lon="133.1885251">
      <ele>454.753</ele>
    </trkpt>
    <trkpt lat="-26.2824462" lon="133.1886749">
      <ele>452.009</ele>
    </trkpt>
    <trkpt lat="-26.2834522" lon="133.1887887">
      <ele>449.139</ele>
    </trkpt>
    <trkpt lat="-26.2842508" lon="133.1888593">
      <ele>453.09</ele>
    </trkpt>
    <trkpt lat="-26.2843341" lon="133.1888682">
      <ele>453.454</ele>
    </trkpt>
    <trkpt lat="-26.2845132" lon="133.1888873">
      <ele>453.742</ele>
    </trkpt>
    <trkpt lat="-26.2846922" lon="133.1889063">
      <ele>453.039</ele>
    </trkpt>
    <trkpt lat="-26.2851123" lon="133.1889509">
      <ele>451.282</ele>
    </trkpt>
    <trkpt lat="-26.2855878" lon="133.1889978">
      <ele>449.463</ele>
    </trkpt>
    <trkpt lat="-26.285767" lon="133.1890155">
      <ele>449.87</ele>
    </trkpt>
    <trkpt lat="-26.2859461" lon="133.1890332">
      <ele>450.0</ele>
    </trkpt>
    <trkpt lat="-26.2870398" lon="133.1891412">
      <ele>452.092</ele>
    </trkpt>
    <trkpt lat="-26.2878794" lon="133.1892296">
      <ele>450.713</ele>
    </trkpt>
    <trkpt lat="-26.289967" lon="133.1894667">
      <ele>447.151</ele>
    </trkpt>
    <trkpt lat="-26.290243" lon="133.1894939">
      <ele>446.637</ele>
    </trkpt>
    <trkpt lat="-26.2919569" lon="133.1896631">
      <ele>449.168</ele>
    </trkpt>
    <trkpt lat="-26.2920346" lon="133.1896713">
      <ele>448.859</ele>
    </trkpt>
    <trkpt lat="-26.2922136" lon="133.1896903">
      <ele>448.146</ele>
    </trkpt>
    <trkpt lat="-26.2930366" lon="133.1897774">
      <ele>448.493</ele>
    </trkpt>
    <trkpt lat="-26.2956157" lon="133.1900516">
      <ele>447.009</ele>
    </trkpt>
    <trkpt lat="-26.2958014" lon="133.1900713">
      <ele>446.599</ele>
    </trkpt>
    <trkpt lat="-26.297878" lon="133.190292">
      <ele>445.69</ele>
    </trkpt>
    <trkpt lat="-26.2989971" lon="133.1904066">
      <ele>446.209</ele>
    </trkpt>
    <trkpt lat="-26.2991973" lon="133.1904256">
      <ele>446.358</ele>
    </trkpt>
    <trkpt lat="-26.2997349" lon="133.1904766">
      <ele>444.679</ele>
    </trkpt>
    <trkpt lat="-26.3002956" lon="133.1905298">
      <ele>448.686</ele>
    </trkpt>
    <trkpt lat="-26.3009886" lon="133.1906065">
      <ele>445.183</ele>
    </trkpt>
    <trkpt lat="-26.3011675" lon="133.1906263">
      <ele>445.255</ele>
    </trkpt>
    <trkpt lat="-26.301661" lon="133.190681">
      <ele>444.03</ele>
    </trkpt>
    <trkpt lat="-26.3020629" lon="133.1907205">
      <ele>443.534</ele>
    </trkpt>
    <trkpt lat="-26.3026004" lon="133.1907734">
      <ele>445.499</ele>
    </trkpt>
    <trkpt lat="-26.3028407" lon="133.1907971">
      <ele>446.03</ele>
    </trkpt>
    <trkpt lat="-26.3041847" lon="133.1909567">
      <ele>442.491</ele>
    </trkpt>
    <trkpt lat="-26.3053571" lon="133.1910745">
      <ele>443.094</ele>
    </trkpt>
    <trkpt lat="-26.3060017" lon="133.1911419">
      <ele>441.889</ele>
    </trkpt>
    <trkpt lat="-26.3061808" lon="133.1911606">
      <ele>442.028</ele>
    </trkpt>
    <trkpt lat="-26.3065389" lon="133.1911981">
      <ele>442.003</ele>
    </trkpt>
    <trkpt lat="-26.306718" lon="133.1912168">
      <ele>441.435</ele>
    </trkpt>
    <trkpt lat="-26.3068971" lon="133.1912355">
      <ele>440.723</ele>
    </trkpt>
    <trkpt lat="-26.3070959" lon="133.1912563">
      <ele>440.477</ele>
    </trkpt>
    <trkpt lat="-26.3077926" lon="133.191327">
      <ele>442.947</ele>
    </trkpt>
    <trkpt lat="-26.3081509" lon="133.1913634">
      <ele>441.657</ele>
    </trkpt>
    <trkpt lat="-26.30833" lon="133.1913816">
      <ele>441.012</ele>
    </trkpt>
    <trkpt lat="-26.308706" lon="133.1914198">
      <ele>439.808</ele>
    </trkpt>
    <trkpt lat="-26.3088674" lon="133.1914363">
      <ele>439.406</ele>
    </trkpt>
    <trkpt lat="-26.3092256" lon="133.1914728">
      <ele>438.174</ele>
    </trkpt>
    <trkpt lat="-26.3095838" lon="133.1915093">
      <ele>438.068</ele>
    </trkpt>
    <trkpt lat="-26.3099421" lon="133.1915458">
      <ele>439.227</ele>
    </trkpt>
    <trkpt lat="-26.3104573" lon="133.1915984">
      <ele>441.805</ele>
    </trkpt>
    <trkpt lat="-26.3104794" lon="133.1916007">
      <ele>441.898</ele>
    </trkpt>
    <trkpt lat="-26.3110167" lon="133.1916564">
      <ele>440.044</ele>
    </trkpt>
    <trkpt lat="-26.3117331" lon="133.1917306">
      <ele>436.414</ele>
    </trkpt>
    <trkpt lat="-26.3120913" lon="133.1917677">
      <ele>437.192</ele>
    </trkpt>
    <trkpt lat="-26.3125119" lon="133.1918113">
      <ele>437.586</ele>
    </trkpt>
    <trkpt lat="-26.3128076" lon="133.1918419">
      <ele>439.448</ele>
    </trkpt>
    <trkpt lat="-26.3131658" lon="133.191879">
      <ele>441.303</ele>
    </trkpt>
    <trkpt lat="-26.3133449" lon="133.1918975">
      <ele>441.755</ele>
    </trkpt>
    <trkpt lat="-26.3138822" lon="133.1919531">
      <ele>440.032</ele>
    </trkpt>
    <trkpt lat="-26.3141815" lon="133.1919841">
      <ele>440.189</ele>
    </trkpt>
    <trkpt lat="-26.3142404" lon="133.1919902">
      <ele>440.386</ele>
    </trkpt>
    <trkpt lat="-26.3144195" lon="133.1920087">
      <ele>440.931</ele>
    </trkpt>
    <trkpt lat="-26.3149568" lon="133.192064">
      <ele>439.741</ele>
    </trkpt>
    <trkpt lat="-26.3154941" lon="133.1921193">
      <ele>436.442</ele>
    </trkpt>
    <trkpt lat="-26.3169269" lon="133.1922669">
      <ele>437.912</ele>
    </trkpt>
    <trkpt lat="-26.317106" lon="133.1922854">
      <ele>437.64</ele>
    </trkpt>
    <trkpt lat="-26.3178224" lon="133.1923592">
      <ele>438.081</ele>
    </trkpt>
    <trkpt lat="-26.3180015" lon="133.1923777">
      <ele>438.355</ele>
    </trkpt>
    <trkpt lat="-26.3188691" lon="133.192467">
      <ele>439.818</ele>
    </trkpt>
    <trkpt lat="-26.3190756" lon="133.1924943">
      <ele>439.294</ele>
    </trkpt>
    <trkpt lat="-26.3198389" lon="133.1925974">
      <ele>437.853</ele>
    </trkpt>
    <trkpt lat="-26.3200174" lon="133.1926201">
      <ele>437.532</ele>
    </trkpt>
    <trkpt lat="-26.320485" lon="133.1926929">
      <ele>435.508</ele>
    </trkpt>
    <trkpt lat="-26.3205514" lon="133.192704">
      <ele>435.03</ele>
    </trkpt>
    <trkpt lat="-26.3207302" lon="133.1927292">
      <ele>435.519</ele>
    </trkpt>
    <trkpt lat="-26.3209084" lon="133.1927535">
      <ele>436.183</ele>
    </trkpt>
    <trkpt lat="-26.3220146" lon="133.1929383">
      <ele>435.359</ele>
    </trkpt>
    <trkpt lat="-26.322153" lon="133.1929671">
      <ele>435.99</ele>
    </trkpt>
    <trkpt lat="-26.3228612" lon="133.1930987">
      <ele>436.456</ele>
    </trkpt>
    <trkpt lat="-26.3235672" lon="133.1932464">
      <ele>435.051</ele>
    </trkpt>
    <trkpt lat="-26.3236185" lon="133.1932599">
      <ele>434.456</ele>
    </trkpt>
    <trkpt lat="-26.3239183" lon="133.1933363">
      <ele>431.231</ele>
    </trkpt>
    <trkpt lat="-26.324626" lon="133.1934823">
      <ele>435.468</ele>
    </trkpt>
    <trkpt lat="-26.3252896" lon="133.1936483">
      <ele>434.909</ele>
    </trkpt>
    <trkpt lat="-26.3253278" lon="133.1936595">
      <ele>435.006</ele>
    </trkpt>
    <trkpt lat="-26.3259415" lon="133.1938159">
      <ele>436.0</ele>
    </trkpt>
    <trkpt lat="-26.3260288" lon="133.1938382">
      <ele>436.0</ele>
    </trkpt>
    <trkpt lat="-26.3261121" lon="133.1938613">
      <ele>436.0</ele>
    </trkpt>
    <trkpt lat="-26.3268469" lon="133.1940652">
      <ele>433.479</ele>
    </trkpt>
    <trkpt lat="-26.3269006" lon="133.1940817">
      <ele>433.206</ele>
    </trkpt>
    <trkpt lat="-26.3270744" lon="133.1941345">
      <ele>433.468</ele>
    </trkpt>
    <trkpt lat="-26.3277717" lon="133.1943321">
      <ele>435.022</ele>
    </trkpt>
    <trkpt lat="-26.3281165" lon="133.1944426">
      <ele>434.447</ele>
    </trkpt>
    <trkpt lat="-26.3282902" lon="133.1944968">
      <ele>435.212</ele>
    </trkpt>
    <trkpt lat="-26.3283984" lon="133.1945304">
      <ele>435.306</ele>
    </trkpt>
    <trkpt lat="-26.3297974" lon="133.1949927">
      <ele>437.045</ele>
    </trkpt>
    <trkpt lat="-26.3300123" lon="133.1950721">
      <ele>437.044</ele>
    </trkpt>
    <trkpt lat="-26.3303548" lon="133.1951962">
      <ele>438.0</ele>
    </trkpt>
    <trkpt lat="-26.3306981" lon="133.1953145">
      <ele>438.197</ele>
    </trkpt>
    <trkpt lat="-26.3316577" lon="133.1956932">
      <ele>437.032</ele>
    </trkpt>
    <trkpt lat="-26.3318018" lon="133.1957519">
      <ele>436.17</ele>
    </trkpt>
    <trkpt lat="-26.3319708" lon="133.1958208">
      <ele>435.127</ele>
    </trkpt>
    <trkpt lat="-26.3323044" lon="133.1959568">
      <ele>436.872</ele>
    </trkpt>
    <trkpt lat="-26.3323908" lon="133.195992">
      <ele>437.525</ele>
    </trkpt>
    <trkpt lat="-26.3325596" lon="133.19606">
      <ele>438.282</ele>
    </trkpt>
    <trkpt lat="-26.332893" lon="133.1962097">
      <ele>436.17</ele>
    </trkpt>
    <trkpt lat="-26.3332289" lon="133.1963549">
      <ele>435.548</ele>
    </trkpt>
    <trkpt lat="-26.3333679" lon="133.1964188">
      <ele>435.906</ele>
    </trkpt>
    <trkpt lat="-26.3335619" lon="133.1965056">
      <ele>435.926</ele>
    </trkpt>
    <trkpt lat="-26.3346274" lon="133.1969914">
      <ele>435.716</ele>
    </trkpt>
    <trkpt lat="-26.3352189" lon="133.1972816">
      <ele>434.424</ele>
    </trkpt>
    <trkpt lat="-26.335547" lon="133.1974479">
      <ele>432.667</ele>
    </trkpt>
    <trkpt lat="-26.3360417" lon="133.1976886">
      <ele>435.599</ele>
    </trkpt>
    <trkpt lat="-26.3361806" lon="133.1977562">
      <ele>435.942</ele>
    </trkpt>
    <trkpt lat="-26.3365295" lon="133.1979437">
      <ele>435.199</ele>
    </trkpt>
    <trkpt lat="-26.3366922" lon="133.1980285">
      <ele>434.825</ele>
    </trkpt>
    <trkpt lat="-26.3376581" lon="133.1985369">
      <ele>437.417</ele>
    </trkpt>
    <trkpt lat="-26.3376683" lon="133.1985427">
      <ele>437.457</ele>
    </trkpt>
    <trkpt lat="-26.3383073" lon="133.1989119">
      <ele>435.18</ele>
    </trkpt>
    <trkpt lat="-26.3384664" lon="133.1990057">
      <ele>435.0</ele>
    </trkpt>
    <trkpt lat="-26.338947" lon="133.1992794">
      <ele>433.876</ele>
    </trkpt>
    <trkpt lat="-26.3390311" lon="133.1993273">
      <ele>433.784</ele>
    </trkpt>
    <trkpt lat="-26.3390331" lon="133.1993284">
      <ele>433.783</ele>
    </trkpt>
    <trkpt lat="-26.3394275" lon="133.1995486">
      <ele>434.61</ele>
    </trkpt>
    <trkpt lat="-26.3397488" lon="133.1997334">
      <ele>435.195</ele>
    </trkpt>
    <trkpt lat="-26.3403907" lon="133.200094">
      <ele>435.442</ele>
    </trkpt>
    <trkpt lat="-26.3404944" lon="133.2001577">
      <ele>434.093</ele>
    </trkpt>
    <trkpt lat="-26.3408628" lon="133.2003839">
      <ele>428.998</ele>
    </trkpt>
    <trkpt lat="-26.3418346" lon="133.2009125">
      <ele>435.398</ele>
    </trkpt>
    <trkpt lat="-26.3426387" lon="133.201363">
      <ele>437.36</ele>
    </trkpt>
    <trkpt lat="-26.3428007" lon="133.2014506">
      <ele>438.24</ele>
    </trkpt>
    <trkpt lat="-26.3431226" lon="133.2016289">
      <ele>439.487</ele>
    </trkpt>
    <trkpt lat="-26.3434445" lon="133.2018084">
      <ele>439.73</ele>
    </trkpt>
    <trkpt lat="-26.3439263" lon="133.2020802">
      <ele>439.958</ele>
    </trkpt>
    <trkpt lat="-26.3440885" lon="133.2021666">
      <ele>440.768</ele>
    </trkpt>
    <trkpt lat="-26.344168" lon="133.2022117">
      <ele>440.92</ele>
    </trkpt>
    <trkpt lat="-26.3442486" lon="133.2022575">
      <ele>440.922</ele>
    </trkpt>
    <trkpt lat="-26.3444086" lon="133.2023492">
      <ele>440.645</ele>
    </trkpt>
    <trkpt lat="-26.3448102" lon="133.2025847">
      <ele>438.124</ele>
    </trkpt>
    <trkpt lat="-26.3456125" lon="133.2030554">
      <ele>434.591</ele>
    </trkpt>
    <trkpt lat="-26.3456816" lon="133.2030959">
      <ele>433.947</ele>
    </trkpt>
    <trkpt lat="-26.3458397" lon="133.2031917">
      <ele>432.476</ele>
    </trkpt>
    <trkpt lat="-26.3461594" lon="133.2033793">
      <ele>430.145</ele>
    </trkpt>
    <trkpt lat="-26.346194" lon="133.2033981">
      <ele>430.229</ele>
    </trkpt>
    <trkpt lat="-26.3466354" lon="133.2036588">
      <ele>431.078</ele>
    </trkpt>
    <trkpt lat="-26.346953" lon="133.2038477">
      <ele>431.883</ele>
    </trkpt>
    <trkpt lat="-26.3474272" lon="133.2041344">
      <ele>433.232</ele>
    </trkpt>
    <trkpt lat="-26.347698" lon="133.2043041">
      <ele>432.64</ele>
    </trkpt>
    <trkpt lat="-26.3480538" lon="133.2045281">
      <ele>433.996</ele>
    </trkpt>
    <trkpt lat="-26.3485862" lon="133.2048759">
      <ele>435.91</ele>
    </trkpt>
    <trkpt lat="-26.3489806" lon="133.2051428">
      <ele>435.509</ele>
    </trkpt>
    <trkpt lat="-26.349133" lon="133.2052494">
      <ele>435.031</ele>
    </trkpt>
    <trkpt lat="-26.349741" lon="133.2056781">
      <ele>434.374</ele>
    </trkpt>
    <trkpt lat="-26.3497665" lon="133.2056962">
      <ele>434.347</ele>
    </trkpt>
    <trkpt lat="-26.3498916" lon="133.2057871">
      <ele>434.224</ele>
    </trkpt>
    <trkpt lat="-26.3502652" lon="133.2060714">
      <ele>432.091</ele>
    </trkpt>
    <trkpt lat="-26.3503368" lon="133.2061258">
      <ele>431.427</ele>
    </trkpt>
    <trkpt lat="-26.3508811" lon="133.206538">
      <ele>431.616</ele>
    </trkpt>
    <trkpt lat="-26.3519299" lon="133.2073591">
      <ele>433.573</ele>
    </trkpt>
    <trkpt lat="-26.3531308" lon="133.2083898">
      <ele>428.326</ele>
    </trkpt>
    <trkpt lat="-26.3536632" lon="133.2088634">
      <ele>430.55</ele>
    </trkpt>
    <trkpt lat="-26.3542417" lon="133.2093828">
      <ele>430.492</ele>
    </trkpt>
    <trkpt lat="-26.3543625" lon="133.2094954">
      <ele>430.888</ele>
    </trkpt>
    <trkpt lat="-26.3550442" lon="133.2101466">
      <ele>431.841</ele>
    </trkpt>
    <trkpt lat="-26.3550964" lon="133.2101987">
      <ele>431.653</ele>
    </trkpt>
    <trkpt lat="-26.3553147" lon="133.2104132">
      <ele>430.867</ele>
    </trkpt>
    <trkpt lat="-26.3554483" lon="133.2105436">
      <ele>430.386</ele>
    </trkpt>
    <trkpt lat="-26.3559859" lon="133.2110803">
      <ele>427.852</ele>
    </trkpt>
    <trkpt lat="-26.3561237" lon="133.2112102">
      <ele>427.743</ele>
    </trkpt>
    <trkpt lat="-26.3563942" lon="133.2114752">
      <ele>429.33</ele>
    </trkpt>
    <trkpt lat="-26.3567719" lon="133.2118357">
      <ele>431.839</ele>
    </trkpt>
    <trkpt lat="-26.3571502" lon="133.2121967">
      <ele>434.144</ele>
    </trkpt>
    <trkpt lat="-26.3582915" lon="133.2133222">
      <ele>429.295</ele>
    </trkpt>
    <trkpt lat="-26.3584264" lon="133.2134547">
      <ele>429.392</ele>
    </trkpt>
    <trkpt lat="-26.3591069" lon="133.214111">
      <ele>430.957</ele>
    </trkpt>
    <trkpt lat="-26.3601904" lon="133.2151686">
      <ele>430.562</ele>
    </trkpt>
    <trkpt lat="-26.360328" lon="133.2152978">
      <ele>431.529</ele>
    </trkpt>
    <trkpt lat="-26.3604656" lon="133.215427">
      <ele>432.665</ele>
    </trkpt>
    <trkpt lat="-26.3620888" lon="133.2170125">
      <ele>430.5</ele>
    </trkpt>
    <trkpt lat="-26.3631743" lon="133.2180666">
      <ele>432.573</ele>
    </trkpt>
    <trkpt lat="-26.3635813" lon="133.2184635">
      <ele>431.576</ele>
    </trkpt>
    <trkpt lat="-26.3638549" lon="133.2187244">
      <ele>432.878</ele>
    </trkpt>
    <trkpt lat="-26.3639906" lon="133.2188545">
      <ele>433.732</ele>
    </trkpt>
    <trkpt lat="-26.3641236" lon="133.2189877">
      <ele>434.334</ele>
    </trkpt>
    <trkpt lat="-26.3642588" lon="133.219124">
      <ele>434.485</ele>
    </trkpt>
    <trkpt lat="-26.3648023" lon="133.21965">
      <ele>433.712</ele>
    </trkpt>
    <trkpt lat="-26.3648032" lon="133.2196509">
      <ele>433.708</ele>
    </trkpt>
    <trkpt lat="-26.3649341" lon="133.2197815">
      <ele>433.563</ele>
    </trkpt>
    <trkpt lat="-26.3649373" lon="133.2197847">
      <ele>433.574</ele>
    </trkpt>
    <trkpt lat="-26.36507" lon="133.219916">
      <ele>434.143</ele>
    </trkpt>
    <trkpt lat="-26.3650719" lon="133.2199178">
      <ele>434.149</ele>
    </trkpt>
    <trkpt lat="-26.3653419" lon="133.2201786">
      <ele>432.895</ele>
    </trkpt>
    <trkpt lat="-26.3666298" lon="133.2214271">
      <ele>431.114</ele>
    </trkpt>
    <trkpt lat="-26.3674482" lon="133.222202">
      <ele>432.814</ele>
    </trkpt>
    <trkpt lat="-26.3678023" lon="133.2225248">
      <ele>432.58</ele>
    </trkpt>
    <trkpt lat="-26.3682443" lon="133.2229285">
      <ele>430.689</ele>
    </trkpt>
    <trkpt lat="-26.3686474" lon="133.2232803">
      <ele>432.94</ele>
    </trkpt>
    <trkpt lat="-26.3687974" lon="133.2234129">
      <ele>433.384</ele>
    </trkpt>
    <trkpt lat="-26.370003" lon="133.224438">
      <ele>433.023</ele>
    </trkpt>
    <trkpt lat="-26.3705141" lon="133.2248525">
      <ele>430.149</ele>
    </trkpt>
    <trkpt lat="-26.3709544" lon="133.2252011">
      <ele>430.596</ele>
    </trkpt>
    <trkpt lat="-26.3709791" lon="133.225221">
      <ele>430.845</ele>
    </trkpt>
    <trkpt lat="-26.3716947" lon="133.2257691">
      <ele>430.821</ele>
    </trkpt>
    <trkpt lat="-26.3721332" lon="133.2260981">
      <ele>430.665</ele>
    </trkpt>
    <trkpt lat="-26.3727441" lon="133.2265467">
      <ele>431.879</ele>
    </trkpt>
    <trkpt lat="-26.3738336" lon="133.227309">
      <ele>431.0</ele>
    </trkpt>
    <trkpt lat="-26.374739" lon="133.2279011">
      <ele>427.635</ele>
    </trkpt>
    <trkpt lat="-26.375515" lon="133.2284086">
      <ele>427.708</ele>
    </trkpt>
    <trkpt lat="-26.3756163" lon="133.2284749">
      <ele>428.0</ele>
    </trkpt>
    <trkpt lat="-26.3756702" lon="133.2285101">
      <ele>428.0</ele>
    </trkpt>
    <trkpt lat="-26.3759066" lon="133.2286644">
      <ele>428.578</ele>
    </trkpt>
    <trkpt lat="-26.3774821" lon="133.2295978">
      <ele>426.964</ele>
    </trkpt>
    <trkpt lat="-26.3783797" lon="133.2300903">
      <ele>430.621</ele>
    </trkpt>
    <trkpt lat="-26.378974" lon="133.2304164">
      <ele>429.614</ele>
    </trkpt>
    <trkpt lat="-26.3795174" lon="133.2306919">
      <ele>431.509</ele>
    </trkpt>
    <trkpt lat="-26.3804268" lon="133.2311529">
      <ele>427.386</ele>
    </trkpt>
    <trkpt lat="-26.3805008" lon="133.2311879">
      <ele>427.526</ele>
    </trkpt>
    <trkpt lat="-26.3809976" lon="133.2314229">
      <ele>427.928</ele>
    </trkpt>
    <trkpt lat="-26.3817191" lon="133.2317642">
      <ele>428.159</ele>
    </trkpt>
    <trkpt lat="-26.382664" lon="133.232178">
      <ele>428.222</ele>
    </trkpt>
    <trkpt lat="-26.3832935" lon="133.2324536">
      <ele>429.952</ele>
    </trkpt>
    <trkpt lat="-26.3833344" lon="133.2324696">
      <ele>429.887</ele>
    </trkpt>
    <trkpt lat="-26.3840135" lon="133.2327346">
      <ele>424.793</ele>
    </trkpt>
    <trkpt lat="-26.3841833" lon="133.2328009">
      <ele>424.065</ele>
    </trkpt>
    <trkpt lat="-26.3850322" lon="133.2331323">
      <ele>429.0</ele>
    </trkpt>
    <trkpt lat="-26.3850807" lon="133.2331512">
      <ele>429.0</ele>
    </trkpt>
    <trkpt lat="-26.3862312" lon="133.2335612">
      <ele>428.898</ele>
    </trkpt>
    <trkpt lat="-26.3864025" lon="133.2336222">
      <ele>428.918</ele>
    </trkpt>
    <trkpt lat="-26.3865342" lon="133.2336691">
      <ele>428.473</ele>
    </trkpt>
    <trkpt lat="-26.3869176" lon="133.2338016">
      <ele>426.943</ele>
    </trkpt>
    <trkpt lat="-26.3882348" lon="133.2342568">
      <ele>428.111</ele>
    </trkpt>
    <trkpt lat="-26.3893229" lon="133.2346337">
      <ele>426.806</ele>
    </trkpt>
    <trkpt lat="-26.3931021" lon="133.2359429">
      <ele>425.269</ele>
    </trkpt>
    <trkpt lat="-26.3936174" lon="133.2361214">
      <ele>426.977</ele>
    </trkpt>
    <trkpt lat="-26.3943046" lon="133.2363595">
      <ele>425.385</ele>
    </trkpt>
    <trkpt lat="-26.3960224" lon="133.2369546">
      <ele>425.952</ele>
    </trkpt>
    <trkpt lat="-26.3982556" lon="133.2377283">
      <ele>423.948</ele>
    </trkpt>
    <trkpt lat="-26.3985992" lon="133.2378473">
      <ele>423.739</ele>
    </trkpt>
    <trkpt lat="-26.3999734" lon="133.2383234">
      <ele>424.868</ele>
    </trkpt>
    <trkpt lat="-26.4001452" lon="133.2383829">
      <ele>425.0</ele>
    </trkpt>
    <trkpt lat="-26.4023784" lon="133.2391566">
      <ele>423.0</ele>
    </trkpt>
    <trkpt lat="-26.4025502" lon="133.2392161">
      <ele>422.496</ele>
    </trkpt>
    <trkpt lat="-26.4058334" lon="133.2403537">
      <ele>422.0</ele>
    </trkpt>
    <trkpt lat="-26.4094198" lon="133.241603">
      <ele>421.0</ele>
    </trkpt>
    <trkpt lat="-26.4095915" lon="133.2416628">
      <ele>421.537</ele>
    </trkpt>
    <trkpt lat="-26.4111368" lon="133.2422011">
      <ele>420.938</ele>
    </trkpt>
    <trkpt lat="-26.4123387" lon="133.2426198">
      <ele>422.0</ele>
    </trkpt>
    <trkpt lat="-26.4125104" lon="133.2426796">
      <ele>422.037</ele>
    </trkpt>
    <trkpt lat="-26.4142274" lon="133.2432778">
      <ele>421.044</ele>
    </trkpt>
    <trkpt lat="-26.417318" lon="133.2443545">
      <ele>422.345</ele>
    </trkpt>
    <trkpt lat="-26.4229136" lon="133.2462967">
      <ele>417.339</ele>
    </trkpt>
    <trkpt lat="-26.4230854" lon="133.2463563">
      <ele>417.107</ele>
    </trkpt>
    <trkpt lat="-26.4239442" lon="133.2466544">
      <ele>418.0</ele>
    </trkpt>
    <trkpt lat="-26.4241159" lon="133.246714">
      <ele>418.0</ele>
    </trkpt>
    <trkpt lat="-26.4249747" lon="133.2470121">
      <ele>416.619</ele>
    </trkpt>
    <trkpt lat="-26.4261323" lon="133.2474148">
      <ele>416.0</ele>
    </trkpt>
    <trkpt lat="-26.4271627" lon="133.2477733">
      <ele>417.984</ele>
    </trkpt>
    <trkpt lat="-26.4288799" lon="133.2483707">
      <ele>417.191</ele>
    </trkpt>
    <trkpt lat="-26.4333447" lon="133.2499241">
      <ele>414.041</ele>
    </trkpt>
    <trkpt lat="-26.4335164" lon="133.2499838">
      <ele>414.659</ele>
    </trkpt>
    <trkpt lat="-26.4359205" lon="133.2508203">
      <ele>415.639</ele>
    </trkpt>
    <trkpt lat="-26.4360923" lon="133.25088">
      <ele>415.056</ele>
    </trkpt>
    <trkpt lat="-26.4367417" lon="133.251106">
      <ele>412.535</ele>
    </trkpt>
    <trkpt lat="-26.4367793" lon="133.2511185">
      <ele>412.827</ele>
    </trkpt>
    <trkpt lat="-26.4377036" lon="133.251436">
      <ele>414.733</ele>
    </trkpt>
    <trkpt lat="-26.4395808" lon="133.2520795">
      <ele>412.514</ele>
    </trkpt>
    <trkpt lat="-26.4399804" lon="133.2522163">
      <ele>412.021</ele>
    </trkpt>
    <trkpt lat="-26.4406682" lon="133.2524518">
      <ele>412.07</ele>
    </trkpt>
    <trkpt lat="-26.4415951" lon="133.2527692">
      <ele>412.719</ele>
    </trkpt>
    <trkpt lat="-26.4422888" lon="133.2530158">
      <ele>411.966</ele>
    </trkpt>
    <trkpt lat="-26.4432441" lon="133.2533478">
      <ele>411.712</ele>
    </trkpt>
    <trkpt lat="-26.4435876" lon="133.2534672">
      <ele>411.559</ele>
    </trkpt>
    <trkpt lat="-26.4437593" lon="133.2535269">
      <ele>410.931</ele>
    </trkpt>
    <trkpt lat="-26.4441028" lon="133.2536463">
      <ele>409.902</ele>
    </trkpt>
    <trkpt lat="-26.4441583" lon="133.2536656">
      <ele>409.81</ele>
    </trkpt>
    <trkpt lat="-26.4442746" lon="133.253706">
      <ele>409.658</ele>
    </trkpt>
    <trkpt lat="-26.4444463" lon="133.2537657">
      <ele>409.447</ele>
    </trkpt>
    <trkpt lat="-26.4447898" lon="133.2538849">
      <ele>410.247</ele>
    </trkpt>
    <trkpt lat="-26.4448384" lon="133.2539018">
      <ele>410.372</ele>
    </trkpt>
    <trkpt lat="-26.4449616" lon="133.2539446">
      <ele>410.661</ele>
    </trkpt>
    <trkpt lat="-26.4451333" lon="133.2540042">
      <ele>411.065</ele>
    </trkpt>
    <trkpt lat="-26.4453051" lon="133.2540639">
      <ele>411.468</ele>
    </trkpt>
    <trkpt lat="-26.4454768" lon="133.2541235">
      <ele>411.872</ele>
    </trkpt>
    <trkpt lat="-26.4480531" lon="133.2550182">
      <ele>412.982</ele>
    </trkpt>
    <trkpt lat="-26.4487815" lon="133.2552712">
      <ele>414.401</ele>
    </trkpt>
    <trkpt lat="-26.4490843" lon="133.2553737">
      <ele>413.297</ele>
    </trkpt>
    <trkpt lat="-26.4492564" lon="133.255432">
      <ele>413.0</ele>
    </trkpt>
    <trkpt lat="-26.4497229" lon="133.25559">
      <ele>413.002</ele>
    </trkpt>
    <trkpt lat="-26.4504612" lon="133.2558403">
      <ele>412.331</ele>
    </trkpt>
    <trkpt lat="-26.4506679" lon="133.2559103">
      <ele>411.596</ele>
    </trkpt>
    <trkpt lat="-26.4508068" lon="133.2559516">
      <ele>411.096</ele>
    </trkpt>
    <trkpt lat="-26.4518497" lon="133.2562615">
      <ele>413.859</ele>
    </trkpt>
    <trkpt lat="-26.4521973" lon="133.2563648">
      <ele>415.902</ele>
    </trkpt>
    <trkpt lat="-26.4524432" lon="133.2564379">
      <ele>415.647</ele>
    </trkpt>
    <trkpt lat="-26.4536863" lon="133.2567766">
      <ele>416.0</ele>
    </trkpt>
    <trkpt lat="-26.4548232" lon="133.2570554">
      <ele>412.036</ele>
    </trkpt>
    <trkpt lat="-26.4549413" lon="133.2570844">
      <ele>411.715</ele>
    </trkpt>
    <trkpt lat="-26.4552276" lon="133.2571491">
      <ele>412.556</ele>
    </trkpt>
    <trkpt lat="-26.4555279" lon="133.2572171">
      <ele>414.782</ele>
    </trkpt>
    <trkpt lat="-26.4559552" lon="133.2573139">
      <ele>415.294</ele>
    </trkpt>
    <trkpt lat="-26.4560568" lon="133.2573369">
      <ele>415.472</ele>
    </trkpt>
    <trkpt lat="-26.4561591" lon="133.25736">
      <ele>415.59</ele>
    </trkpt>
    <trkpt lat="-26.4578236" lon="133.2576918">
      <ele>414.0</ele>
    </trkpt>
    <trkpt lat="-26.4599302" lon="133.2580329">
      <ele>415.143</ele>
    </trkpt>
    <trkpt lat="-26.4619645" lon="133.2582919">
      <ele>416.072</ele>
    </trkpt>
    <trkpt lat="-26.463879" lon="133.2584782">
      <ele>415.0</ele>
    </trkpt>
    <trkpt lat="-26.4638999" lon="133.2584794">
      <ele>415.06</ele>
    </trkpt>
    <trkpt lat="-26.4640796" lon="133.2584899">
      <ele>416.074</ele>
    </trkpt>
    <trkpt lat="-26.4642592" lon="133.2585003">
      <ele>417.533</ele>
    </trkpt>
    <trkpt lat="-26.464533" lon="133.2585162">
      <ele>419.342</ele>
    </trkpt>
    <trkpt lat="-26.4646516" lon="133.2585231">
      <ele>419.317</ele>
    </trkpt>
    <trkpt lat="-26.4647419" lon="133.2585272">
      <ele>419.253</ele>
    </trkpt>
    <trkpt lat="-26.4649779" lon="133.2585375">
      <ele>418.588</ele>
    </trkpt>
    <trkpt lat="-26.4656968" lon="133.2585688">
      <ele>417.152</ele>
    </trkpt>
    <trkpt lat="-26.4661732" lon="133.2585896">
      <ele>416.155</ele>
    </trkpt>
    <trkpt lat="-26.4666995" lon="133.2585897">
      <ele>417.0</ele>
    </trkpt>
    <trkpt lat="-26.4676418" lon="133.2586089">
      <ele>415.49</ele>
    </trkpt>
    <trkpt lat="-26.4683848" lon="133.2586044">
      <ele>412.839</ele>
    </trkpt>
    <trkpt lat="-26.4694732" lon="133.2585843">
      <ele>411.0</ele>
    </trkpt>
    <trkpt lat="-26.4700127" lon="133.2585743">
      <ele>409.828</ele>
    </trkpt>
    <trkpt lat="-26.4707321" lon="133.258561">
      <ele>407.299</ele>
    </trkpt>
    <trkpt lat="-26.4708967" lon="133.2585579">
      <ele>407.184</ele>
    </trkpt>
    <trkpt lat="-26.4709119" lon="133.2585569">
      <ele>407.228</ele>
    </trkpt>
    <trkpt lat="-26.4710915" lon="133.2585446">
      <ele>407.707</ele>
    </trkpt>
    <trkpt lat="-26.4716327" lon="133.2585077">
      <ele>408.551</ele>
    </trkpt>
    <trkpt lat="-26.4718252" lon="133.2584947">
      <ele>409.152</ele>
    </trkpt>
    <trkpt lat="-26.4719891" lon="133.2584826">
      <ele>409.612</ele>
    </trkpt>
    <trkpt lat="-26.4721685" lon="133.2584694">
      <ele>409.901</ele>
    </trkpt>
    <trkpt lat="-26.4757945" lon="133.2582027">
      <ele>414.405</ele>
    </trkpt>
    <trkpt lat="-26.47881" lon="133.2579956">
      <ele>417.5</ele>
    </trkpt>
    <trkpt lat="-26.4800666" lon="133.2579093">
      <ele>416.6</ele>
    </trkpt>
    <trkpt lat="-26.482939" lon="133.257712">
      <ele>419.68</ele>
    </trkpt>
    <trkpt lat="-26.4836572" lon="133.2576627">
      <ele>419.683</ele>
    </trkpt>
    <trkpt lat="-26.4856319" lon="133.257527">
      <ele>417.302</ele>
    </trkpt>
    <trkpt lat="-26.4876067" lon="133.2573914">
      <ele>417.15</ele>
    </trkpt>
    <trkpt lat="-26.489761" lon="133.2572434">
      <ele>422.776</ele>
    </trkpt>
    <trkpt lat="-26.4904791" lon="133.2571941">
      <ele>420.23</ele>
    </trkpt>
    <trkpt lat="-26.4906586" lon="133.2571818">
      <ele>421.371</ele>
    </trkpt>
    <trkpt lat="-26.4910177" lon="133.2571571">
      <ele>421.844</ele>
    </trkpt>
    <trkpt lat="-26.4915563" lon="133.2571201">
      <ele>422.235</ele>
    </trkpt>
    <trkpt lat="-26.4929925" lon="133.2570214">
      <ele>422.823</ele>
    </trkpt>
    <trkpt lat="-26.4937106" lon="133.2569721">
      <ele>420.964</ele>
    </trkpt>
    <trkpt lat="-26.4946082" lon="133.2569104">
      <ele>421.0</ele>
    </trkpt>
    <trkpt lat="-26.4962239" lon="133.2567994">
      <ele>420.078</ele>
    </trkpt>
    <trkpt lat="-26.4987373" lon="133.2566267">
      <ele>423.013</ele>
    </trkpt>
    <trkpt lat="-26.5005325" lon="133.2565033">
      <ele>420.412</ele>
    </trkpt>
    <trkpt lat="-26.5012506" lon="133.256454">
      <ele>420.234</ele>
    </trkpt>
    <trkpt lat="-26.5029433" lon="133.2563372">
      <ele>420.043</ele>
    </trkpt>
    <trkpt lat="-26.5047386" lon="133.2562134">
      <ele>419.037</ele>
    </trkpt>
    <trkpt lat="-26.5052771" lon="133.2561762">
      <ele>420.997</ele>
    </trkpt>
    <trkpt lat="-26.5059952" lon="133.2561266">
      <ele>422.0</ele>
    </trkpt>
    <trkpt lat="-26.5070724" lon="133.2560523">
      <ele>421.461</ele>
    </trkpt>
    <trkpt lat="-26.50797" lon="133.2559904">
      <ele>422.308</ele>
    </trkpt>
    <trkpt lat="-26.5081495" lon="133.255978">
      <ele>421.662</ele>
    </trkpt>
    <trkpt lat="-26.5097652" lon="133.2558665">
      <ele>422.435</ele>
    </trkpt>
    <trkpt lat="-26.5110218" lon="133.2557798">
      <ele>422.617</ele>
    </trkpt>
    <trkpt lat="-26.5123107" lon="133.2556909">
      <ele>423.0</ele>
    </trkpt>
    <trkpt lat="-26.5147342" lon="133.2555327">
      <ele>423.0</ele>
    </trkpt>
    <trkpt lat="-26.5162285" lon="133.2554293">
      <ele>424.0</ele>
    </trkpt>
    <trkpt lat="-26.5186574" lon="133.2552611">
      <ele>421.793</ele>
    </trkpt>
    <trkpt lat="-26.5196392" lon="133.2551916">
      <ele>420.31</ele>
    </trkpt>
    <trkpt lat="-26.5199983" lon="133.2551662">
      <ele>422.389</ele>
    </trkpt>
    <trkpt lat="-26.5201777" lon="133.2551535">
      <ele>423.087</ele>
    </trkpt>
    <trkpt lat="-26.5203573" lon="133.2551408">
      <ele>423.638</ele>
    </trkpt>
    <trkpt lat="-26.5207163" lon="133.2551154">
      <ele>424.24</ele>
    </trkpt>
    <trkpt lat="-26.5209929" lon="133.2550958">
      <ele>424.345</ele>
    </trkpt>
    <trkpt lat="-26.5214343" lon="133.2550656">
      <ele>423.961</ele>
    </trkpt>
    <trkpt lat="-26.5217934" lon="133.255041">
      <ele>423.464</ele>
    </trkpt>
    <trkpt lat="-26.5219729" lon="133.2550287">
      <ele>423.092</ele>
    </trkpt>
    <trkpt lat="-26.5221525" lon="133.2550164">
      <ele>423.705</ele>
    </trkpt>
    <trkpt lat="-26.5228706" lon="133.2549672">
      <ele>424.0</ele>
    </trkpt>
    <trkpt lat="-26.5239477" lon="133.2548934">
      <ele>423.595</ele>
    </trkpt>
    <trkpt lat="-26.5257465" lon="133.2547701">
      <ele>427.828</ele>
    </trkpt>
    <trkpt lat="-26.5271791" lon="133.2546707">
      <ele>427.157</ele>
    </trkpt>
    <trkpt lat="-26.5289743" lon="133.2545461">
      <ele>428.619</ele>
    </trkpt>
    <trkpt lat="-26.5304105" lon="133.2544464">
      <ele>430.471</ele>
    </trkpt>
    <trkpt lat="-26.53059" lon="133.2544339">
      <ele>430.847</ele>
    </trkpt>
    <trkpt lat="-26.5307696" lon="133.2544214">
      <ele>430.274</ele>
    </trkpt>
    <trkpt lat="-26.530949" lon="133.2544089">
      <ele>429.712</ele>
    </trkpt>
    <trkpt lat="-26.5311285" lon="133.2543965">
      <ele>429.173</ele>
    </trkpt>
    <trkpt lat="-26.5314876" lon="133.2543716">
      <ele>428.907</ele>
    </trkpt>
    <trkpt lat="-26.5316671" lon="133.2543591">
      <ele>428.307</ele>
    </trkpt>
    <trkpt lat="-26.5341803" lon="133.2541846">
      <ele>427.874</ele>
    </trkpt>
    <trkpt lat="-26.5368731" lon="133.2539976">
      <ele>423.391</ele>
    </trkpt>
    <trkpt lat="-26.5381297" lon="133.2539104">
      <ele>425.077</ele>
    </trkpt>
    <trkpt lat="-26.5388478" lon="133.2538606">
      <ele>423.321</ele>
    </trkpt>
    <trkpt lat="-26.5395659" lon="133.2538108">
      <ele>422.969</ele>
    </trkpt>
    <trkpt lat="-26.5411816" lon="133.2536986">
      <ele>423.0</ele>
    </trkpt>
    <trkpt lat="-26.5417201" lon="133.2536612">
      <ele>424.0</ele>
    </trkpt>
    <trkpt lat="-26.5418996" lon="133.2536487">
      <ele>424.0</ele>
    </trkpt>
    <trkpt lat="-26.5427972" lon="133.2535864">
      <ele>423.994</ele>
    </trkpt>
    <trkpt lat="-26.5428601" lon="133.253582">
      <ele>423.969</ele>
    </trkpt>
    <trkpt lat="-26.5438734" lon="133.2534968">
      <ele>424.0</ele>
    </trkpt>
    <trkpt lat="-26.5440528" lon="133.2534817">
      <ele>424.0</ele>
    </trkpt>
    <trkpt lat="-26.5450973" lon="133.2533939">
      <ele>421.492</ele>
    </trkpt>
    <trkpt lat="-26.5460243" lon="133.2532973">
      <ele>425.0</ele>
    </trkpt>
    <trkpt lat="-26.5470425" lon="133.2531911">
      <ele>422.647</ele>
    </trkpt>
    <trkpt lat="-26.5484898" lon="133.2530433">
      <ele>422.044</ele>
    </trkpt>
    <trkpt lat="-26.5485317" lon="133.2530381">
      <ele>422.063</ele>
    </trkpt>
    <trkpt lat="-26.5487105" lon="133.2530159">
      <ele>421.785</ele>
    </trkpt>
    <trkpt lat="-26.5506986" lon="133.2527692">
      <ele>419.469</ele>
    </trkpt>
    <trkpt lat="-26.5513929" lon="133.2526933">
      <ele>418.996</ele>
    </trkpt>
    <trkpt lat="-26.5533604" lon="133.2524017">
      <ele>421.0</ele>
    </trkpt>
    <trkpt lat="-26.5551561" lon="133.2521298">
      <ele>421.895</ele>
    </trkpt>
    <trkpt lat="-26.5554401" lon="133.2520839">
      <ele>422.791</ele>
    </trkpt>
    <trkpt lat="-26.557454" lon="133.2517587">
      <ele>421.276</ele>
    </trkpt>
    <trkpt lat="-26.5604838" lon="133.2512651">
      <ele>419.885</ele>
    </trkpt>
    <trkpt lat="-26.5623817" lon="133.2509551">
      <ele>421.0</ele>
    </trkpt>
    <trkpt lat="-26.5629899" lon="133.2508557">
      <ele>420.217</ele>
    </trkpt>
    <trkpt lat="-26.5630937" lon="133.2508394">
      <ele>420.137</ele>
    </trkpt>
    <trkpt lat="-26.5635102" lon="133.250774">
      <ele>421.637</ele>
    </trkpt>
    <trkpt lat="-26.5637387" lon="133.2507369">
      <ele>422.0</ele>
    </trkpt>
    <trkpt lat="-26.5639847" lon="133.2507034">
      <ele>422.161</ele>
    </trkpt>
    <trkpt lat="-26.5640395" lon="133.250696">
      <ele>422.268</ele>
    </trkpt>
    <trkpt lat="-26.5646693" lon="133.2505992">
      <ele>421.191</ele>
    </trkpt>
    <trkpt lat="-26.5656135" lon="133.2504805">
      <ele>421.73</ele>
    </trkpt>
    <trkpt lat="-26.5667757" lon="133.2503554">
      <ele>424.717</ele>
    </trkpt>
    <trkpt lat="-26.567197" lon="133.2503144">
      <ele>423.223</ele>
    </trkpt>
    <trkpt lat="-26.5681002" lon="133.2502437">
      <ele>423.942</ele>
    </trkpt>
    <trkpt lat="-26.5683593" lon="133.2502234">
      <ele>422.888</ele>
    </trkpt>
    <trkpt lat="-26.5689978" lon="133.2501832">
      <ele>421.793</ele>
    </trkpt>
    <trkpt lat="-26.5690954" lon="133.250177">
      <ele>421.907</ele>
    </trkpt>
    <trkpt lat="-26.5691774" lon="133.2501724">
      <ele>422.063</ele>
    </trkpt>
    <trkpt lat="-26.5693161" lon="133.2501647">
      <ele>422.857</ele>
    </trkpt>
    <trkpt lat="-26.5693571" lon="133.2501627">
      <ele>423.087</ele>
    </trkpt>
    <trkpt lat="-26.5695368" lon="133.2501541">
      <ele>423.887</ele>
    </trkpt>
    <trkpt lat="-26.5698962" lon="133.2501369">
      <ele>423.875</ele>
    </trkpt>
    <trkpt lat="-26.5704689" lon="133.2501094">
      <ele>423.606</ele>
    </trkpt>
    <trkpt lat="-26.5709938" lon="133.2500941">
      <ele>422.804</ele>
    </trkpt>
    <trkpt lat="-26.5720545" lon="133.2500788">
      <ele>421.396</ele>
    </trkpt>
    <trkpt lat="-26.5732227" lon="133.2500823">
      <ele>422.28</ele>
    </trkpt>
    <trkpt lat="-26.574271" lon="133.2501121">
      <ele>421.0</ele>
    </trkpt>
    <trkpt lat="-26.5747113" lon="133.2501204">
      <ele>420.584</ele>
    </trkpt>
    <trkpt lat="-26.5756466" lon="133.250172">
      <ele>419.875</ele>
    </trkpt>
    <trkpt lat="-26.5758292" lon="133.2501813">
      <ele>419.658</ele>
    </trkpt>
    <trkpt lat="-26.5760778" lon="133.250194">
      <ele>419.084</ele>
    </trkpt>
    <trkpt lat="-26.5769061" lon="133.2502587">
      <ele>418.059</ele>
    </trkpt>
    <trkpt lat="-26.5772298" lon="133.250284">
      <ele>418.0</ele>
    </trkpt>
    <trkpt lat="-26.5776659" lon="133.2503236">
      <ele>418.0</ele>
    </trkpt>
    <trkpt lat="-26.5787169" lon="133.2504305">
      <ele>419.829</ele>
    </trkpt>
    <trkpt lat="-26.5790559" lon="133.2504713">
      <ele>419.697</ele>
    </trkpt>
    <trkpt lat="-26.5795606" lon="133.250532">
      <ele>419.448</ele>
    </trkpt>
    <trkpt lat="-26.5801278" lon="133.2506107">
      <ele>417.54</ele>
    </trkpt>
    <trkpt lat="-26.5808169" lon="133.2507063">
      <ele>416.968</ele>
    </trkpt>
    <trkpt lat="-26.5814396" lon="133.2508027">
      <ele>417.472</ele>
    </trkpt>
    <trkpt lat="-26.5820878" lon="133.2509121">
      <ele>415.8</ele>
    </trkpt>
    <trkpt lat="-26.582491" lon="133.2509802">
      <ele>417.496</ele>
    </trkpt>
    <trkpt lat="-26.5826208" lon="133.2510056">
      <ele>417.62</ele>
    </trkpt>
    <trkpt lat="-26.5835067" lon="133.251179">
      <ele>416.777</ele>
    </trkpt>
    <trkpt lat="-26.5836839" lon="133.2512137">
      <ele>417.535</ele>
    </trkpt>
    <trkpt lat="-26.5838491" lon="133.251246">
      <ele>417.926</ele>
    </trkpt>
    <trkpt lat="-26.584215" lon="133.2513197">
      <ele>417.826</ele>
    </trkpt>
    <trkpt lat="-26.5843547" lon="133.2513478">
      <ele>417.323</ele>
    </trkpt>
    <trkpt lat="-26.5858025" lon="133.2516739">
      <ele>417.088</ele>
    </trkpt>
    <trkpt lat="-26.5877725" lon="133.2521873">
      <ele>418.0</ele>
    </trkpt>
    <trkpt lat="-26.5879896" lon="133.2522506">
      <ele>417.033</ele>
    </trkpt>
    <trkpt lat="-26.5884951" lon="133.2523981">
      <ele>416.102</ele>
    </trkpt>
    <trkpt lat="-26.5890037" lon="133.2525519">
      <ele>417.976</ele>
    </trkpt>
    <trkpt lat="-26.5893799" lon="133.2526656">
      <ele>419.265</ele>
    </trkpt>
    <trkpt lat="-26.589512" lon="133.2527055">
      <ele>419.377</ele>
    </trkpt>
    <trkpt lat="-26.5905286" lon="133.2530383">
      <ele>417.006</ele>
    </trkpt>
    <trkpt lat="-26.5915359" lon="133.2533794">
      <ele>419.746</ele>
    </trkpt>
    <trkpt lat="-26.592306" lon="133.2536568">
      <ele>418.164</ele>
    </trkpt>
    <trkpt lat="-26.5925372" lon="133.2537401">
      <ele>418.33</ele>
    </trkpt>
    <trkpt lat="-26.5928171" lon="133.2538504">
      <ele>417.861</ele>
    </trkpt>
    <trkpt lat="-26.5938299" lon="133.2542494">
      <ele>417.384</ele>
    </trkpt>
    <trkpt lat="-26.594174" lon="133.2543857">
      <ele>418.794</ele>
    </trkpt>
    <trkpt lat="-26.5943344" lon="133.2544493">
      <ele>418.989</ele>
    </trkpt>
    <trkpt lat="-26.5948478" lon="133.2546675">
      <ele>418.108</ele>
    </trkpt>
    <trkpt lat="-26.59494" lon="133.2547067">
      <ele>418.012</ele>
    </trkpt>
    <trkpt lat="-26.5959242" lon="133.2551338">
      <ele>418.842</ele>
    </trkpt>
    <trkpt lat="-26.5968964" lon="133.2555765">
      <ele>418.765</ele>
    </trkpt>
    <trkpt lat="-26.5975168" lon="133.2558706">
      <ele>417.926</ele>
    </trkpt>
    <trkpt lat="-26.5977904" lon="133.2559982">
      <ele>418.497</ele>
    </trkpt>
    <trkpt lat="-26.5981826" lon="133.2561993">
      <ele>419.516</ele>
    </trkpt>
    <trkpt lat="-26.5990244" lon="133.2566309">
      <ele>419.129</ele>
    </trkpt>
    <trkpt lat="-26.5996507" lon="133.2569619">
      <ele>417.984</ele>
    </trkpt>
    <trkpt lat="-26.6003012" lon="133.2573057">
      <ele>417.975</ele>
    </trkpt>
    <trkpt lat="-26.6011298" lon="133.2577711">
      <ele>418.067</ele>
    </trkpt>
    <trkpt lat="-26.6021278" lon="133.2583586">
      <ele>415.909</ele>
    </trkpt>
    <trkpt lat="-26.6034382" lon="133.2591449">
      <ele>415.348</ele>
    </trkpt>
    <trkpt lat="-26.6037547" lon="133.2593474">
      <ele>415.013</ele>
    </trkpt>
    <trkpt lat="-26.6039108" lon="133.2594473">
      <ele>414.0</ele>
    </trkpt>
    <trkpt lat="-26.604067" lon="133.2595471">
      <ele>414.0</ele>
    </trkpt>
    <trkpt lat="-26.6042231" lon="133.259647">
      <ele>414.055</ele>
    </trkpt>
    <trkpt lat="-26.6043792" lon="133.2597468">
      <ele>413.932</ele>
    </trkpt>
    <trkpt lat="-26.6045241" lon="133.2598395">
      <ele>413.865</ele>
    </trkpt>
    <trkpt lat="-26.6051177" lon="133.2602567">
      <ele>415.032</ele>
    </trkpt>
    <trkpt lat="-26.6056118" lon="133.2605768">
      <ele>415.076</ele>
    </trkpt>
    <trkpt lat="-26.6057212" lon="133.2606477">
      <ele>415.332</ele>
    </trkpt>
    <trkpt lat="-26.6062304" lon="133.2609875">
      <ele>415.238</ele>
    </trkpt>
    <trkpt lat="-26.6071403" lon="133.2615948">
      <ele>417.705</ele>
    </trkpt>
    <trkpt lat="-26.6074661" lon="133.2618121">
      <ele>417.831</ele>
    </trkpt>
    <trkpt lat="-26.6080839" lon="133.2622244">
      <ele>419.992</ele>
    </trkpt>
    <trkpt lat="-26.6083929" lon="133.2624305">
      <ele>418.821</ele>
    </trkpt>
    <trkpt lat="-26.6090108" lon="133.2628427">
      <ele>414.795</ele>
    </trkpt>
    <trkpt lat="-26.6091653" lon="133.2629458">
      <ele>414.61</ele>
    </trkpt>
    <trkpt lat="-26.6093801" lon="133.2630891">
      <ele>414.324</ele>
    </trkpt>
    <trkpt lat="-26.6094744" lon="133.2631515">
      <ele>414.308</ele>
    </trkpt>
    <trkpt lat="-26.6108642" lon="133.2640704">
      <ele>412.0</ele>
    </trkpt>
    <trkpt lat="-26.6124154" lon="133.2650995">
      <ele>412.695</ele>
    </trkpt>
    <trkpt lat="-26.6128788" lon="133.2654074">
      <ele>413.533</ele>
    </trkpt>
    <trkpt lat="-26.6132273" lon="133.2656389">
      <ele>412.7</ele>
    </trkpt>
    <trkpt lat="-26.6134969" lon="133.2658192">
      <ele>411.462</ele>
    </trkpt>
    <trkpt lat="-26.6147319" lon="133.266645">
      <ele>410.043</ele>
    </trkpt>
    <trkpt lat="-26.6154708" lon="133.2671391">
      <ele>406.091</ele>
    </trkpt>
    <trkpt lat="-26.6158124" lon="133.267368">
      <ele>408.374</ele>
    </trkpt>
    <trkpt lat="-26.6159667" lon="133.2674713">
      <ele>408.946</ele>
    </trkpt>
    <trkpt lat="-26.6170469" lon="133.2681949">
      <ele>405.816</ele>
    </trkpt>
    <trkpt lat="-26.6179567" lon="133.268809">
      <ele>408.185</ele>
    </trkpt>
    <trkpt lat="-26.6188877" lon="133.2694144">
      <ele>406.004</ele>
    </trkpt>
    <trkpt lat="-26.6194105" lon="133.2697639">
      <ele>406.272</ele>
    </trkpt>
    <trkpt lat="-26.6203995" lon="133.2703831">
      <ele>406.621</ele>
    </trkpt>
    <trkpt lat="-26.6204857" lon="133.270435">
      <ele>406.434</ele>
    </trkpt>
    <trkpt lat="-26.621215" lon="133.2708743">
      <ele>406.319</ele>
    </trkpt>
    <trkpt lat="-26.6214469" lon="133.2710087">
      <ele>406.369</ele>
    </trkpt>
    <trkpt lat="-26.6217571" lon="133.2711884">
      <ele>405.909</ele>
    </trkpt>
    <trkpt lat="-26.6217663" lon="133.2711937">
      <ele>405.893</ele>
    </trkpt>
    <trkpt lat="-26.622514" lon="133.271627">
      <ele>405.95</ele>
    </trkpt>
    <trkpt lat="-26.6225655" lon="133.271655">
      <ele>405.764</ele>
    </trkpt>
    <trkpt lat="-26.6227178" lon="133.2717382">
      <ele>405.473</ele>
    </trkpt>
    <trkpt lat="-26.6227271" lon="133.2717433">
      <ele>405.458</ele>
    </trkpt>
    <trkpt lat="-26.6228795" lon="133.2718264">
      <ele>405.731</ele>
    </trkpt>
    <trkpt lat="-26.6232028" lon="133.2720029">
      <ele>406.85</ele>
    </trkpt>
    <trkpt lat="-26.6232754" lon="133.2720425">
      <ele>407.23</ele>
    </trkpt>
    <trkpt lat="-26.6237515" lon="133.2722957">
      <ele>406.869</ele>
    </trkpt>
    <trkpt lat="-26.6247036" lon="133.2727979">
      <ele>406.798</ele>
    </trkpt>
    <trkpt lat="-26.6250726" lon="133.2729823">
      <ele>409.0</ele>
    </trkpt>
    <trkpt lat="-26.6260136" lon="133.2734419">
      <ele>408.746</ele>
    </trkpt>
    <trkpt lat="-26.6268389" lon="133.2738299">
      <ele>406.781</ele>
    </trkpt>
    <trkpt lat="-26.62748" lon="133.2741145">
      <ele>409.928</ele>
    </trkpt>
    <trkpt lat="-26.6276472" lon="133.2741887">
      <ele>409.311</ele>
    </trkpt>
    <trkpt lat="-26.6278144" lon="133.2742629">
      <ele>408.221</ele>
    </trkpt>
    <trkpt lat="-26.6279815" lon="133.2743371">
      <ele>407.489</ele>
    </trkpt>
    <trkpt lat="-26.6279911" lon="133.2743414">
      <ele>407.457</ele>
    </trkpt>
    <trkpt lat="-26.6280973" lon="133.2743885">
      <ele>407.171</ele>
    </trkpt>
    <trkpt lat="-26.6281589" lon="133.2744139">
      <ele>407.069</ele>
    </trkpt>
    <trkpt lat="-26.6284868" lon="133.2745489">
      <ele>407.0</ele>
    </trkpt>
    <trkpt lat="-26.6285253" lon="133.2745647">
      <ele>407.0</ele>
    </trkpt>
    <trkpt lat="-26.6295007" lon="133.2749747">
      <ele>407.909</ele>
    </trkpt>
    <trkpt lat="-26.6300056" lon="133.2751752">
      <ele>407.993</ele>
    </trkpt>
    <trkpt lat="-26.6303949" lon="133.2753297">
      <ele>407.391</ele>
    </trkpt>
    <trkpt lat="-26.6307295" lon="133.2754439">
      <ele>404.898</ele>
    </trkpt>
    <trkpt lat="-26.6318119" lon="133.2758429">
      <ele>403.495</ele>
    </trkpt>
    <trkpt lat="-26.6321747" lon="133.2759778">
      <ele>403.089</ele>
    </trkpt>
    <trkpt lat="-26.6325713" lon="133.276107">
      <ele>401.49</ele>
    </trkpt>
    <trkpt lat="-26.6328635" lon="133.2762021">
      <ele>400.636</ele>
    </trkpt>
    <trkpt lat="-26.633272" lon="133.2763353">
      <ele>401.807</ele>
    </trkpt>
    <trkpt lat="-26.6334347" lon="133.2763884">
      <ele>401.633</ele>
    </trkpt>
    <trkpt lat="-26.6334447" lon="133.2763917">
      <ele>401.599</ele>
    </trkpt>
    <trkpt lat="-26.6336173" lon="133.276448">
      <ele>400.995</ele>
    </trkpt>
    <trkpt lat="-26.6337801" lon="133.2765011">
      <ele>400.754</ele>
    </trkpt>
    <trkpt lat="-26.6342891" lon="133.2766671">
      <ele>398.56</ele>
    </trkpt>
    <trkpt lat="-26.6351217" lon="133.2769341">
      <ele>399.016</ele>
    </trkpt>
    <trkpt lat="-26.6362107" lon="133.2772801">
      <ele>400.0</ele>
    </trkpt>
    <trkpt lat="-26.6367471" lon="133.277461">
      <ele>399.249</ele>
    </trkpt>
    <trkpt lat="-26.6374184" lon="133.2776687">
      <ele>401.429</ele>
    </trkpt>
    <trkpt lat="-26.6384795" lon="133.2780095">
      <ele>397.36</ele>
    </trkpt>
    <trkpt lat="-26.6393503" lon="133.2782888">
      <ele>399.661</ele>
    </trkpt>
    <trkpt lat="-26.6396021" lon="133.2783694">
      <ele>400.568</ele>
    </trkpt>
    <trkpt lat="-26.6402938" lon="133.2785907">
      <ele>400.922</ele>
    </trkpt>
    <trkpt lat="-26.6432336" lon="133.2795315">
      <ele>397.56</ele>
    </trkpt>
    <trkpt lat="-26.6456552" lon="133.2803066">
      <ele>400.575</ele>
    </trkpt>
    <trkpt lat="-26.6472107" lon="133.2808054">
      <ele>398.963</ele>
    </trkpt>
    <trkpt lat="-26.6473836" lon="133.2808608">
      <ele>399.0</ele>
    </trkpt>
    <trkpt lat="-26.6487668" lon="133.2813044">
      <ele>399.44</ele>
    </trkpt>
    <trkpt lat="-26.6515333" lon="133.2821915">
      <ele>398.573</ele>
    </trkpt>
    <trkpt lat="-26.6518791" lon="133.2823024">
      <ele>398.932</ele>
    </trkpt>
    <trkpt lat="-26.652052" lon="133.2823578">
      <ele>398.424</ele>
    </trkpt>
    <trkpt lat="-26.6527436" lon="133.2825796">
      <ele>396.626</ele>
    </trkpt>
    <trkpt lat="-26.6564207" lon="133.2837589">
      <ele>399.115</ele>
    </trkpt>
    <trkpt lat="-26.6583563" lon="133.2843823">
      <ele>398.064</ele>
    </trkpt>
    <trkpt lat="-26.6586215" lon="133.2844678">
      <ele>399.118</ele>
    </trkpt>
    <trkpt lat="-26.6601024" lon="133.284945">
      <ele>398.631</ele>
    </trkpt>
    <trkpt lat="-26.6603502" lon="133.2850236">
      <ele>398.261</ele>
    </trkpt>
    <trkpt lat="-26.6619076" lon="133.2855178">
      <ele>396.867</ele>
    </trkpt>
    <trkpt lat="-26.6625997" lon="133.2857375">
      <ele>396.0</ele>
    </trkpt>
    <trkpt lat="-26.6626737" lon="133.285761">
      <ele>396.0</ele>
    </trkpt>
    <trkpt lat="-26.6638096" lon="133.2861274">
      <ele>396.983</ele>
    </trkpt>
    <trkpt lat="-26.6650194" lon="133.2865177">
      <ele>396.032</ele>
    </trkpt>
    <trkpt lat="-26.665365" lon="133.2866292">
      <ele>397.221</ele>
    </trkpt>
    <trkpt lat="-26.6655378" lon="133.286685">
      <ele>398.002</ele>
    </trkpt>
    <trkpt lat="-26.6669204" lon="133.2871311">
      <ele>399.614</ele>
    </trkpt>
    <trkpt lat="-26.6670932" lon="133.2871868">
      <ele>399.337</ele>
    </trkpt>
    <trkpt lat="-26.6672661" lon="133.2872426">
      <ele>398.915</ele>
    </trkpt>
    <trkpt lat="-26.6676064" lon="133.2873524">
      <ele>398.289</ele>
    </trkpt>
    <trkpt lat="-26.6684" lon="133.2876199">
      <ele>400.912</ele>
    </trkpt>
    <trkpt lat="-26.6684729" lon="133.2876441">
      <ele>401.244</ele>
    </trkpt>
    <trkpt lat="-26.6691625" lon="133.2878736">
      <ele>400.665</ele>
    </trkpt>
    <trkpt lat="-26.6693349" lon="133.2879309">
      <ele>399.843</ele>
    </trkpt>
    <trkpt lat="-26.6696493" lon="133.2880355">
      <ele>399.072</ele>
    </trkpt>
    <trkpt lat="-26.670178" lon="133.2882198">
      <ele>399.0</ele>
    </trkpt>
    <trkpt lat="-26.6709846" lon="133.2885157">
      <ele>400.0</ele>
    </trkpt>
    <trkpt lat="-26.6718564" lon="133.2888487">
      <ele>400.099</ele>
    </trkpt>
    <trkpt lat="-26.6723494" lon="133.2890317">
      <ele>399.0</ele>
    </trkpt>
    <trkpt lat="-26.6724121" lon="133.289056">
      <ele>399.0</ele>
    </trkpt>
    <trkpt lat="-26.672752" lon="133.2891878">
      <ele>398.924</ele>
    </trkpt>
    <trkpt lat="-26.673258" lon="133.2893839">
      <ele>397.271</ele>
    </trkpt>
    <trkpt lat="-26.6739358" lon="133.2896673">
      <ele>398.502</ele>
    </trkpt>
    <trkpt lat="-26.6741531" lon="133.2897582">
      <ele>397.919</ele>
    </trkpt>
    <trkpt lat="-26.6745503" lon="133.2899219">
      <ele>396.381</ele>
    </trkpt>
    <trkpt lat="-26.6753642" lon="133.2902687">
      <ele>396.366</ele>
    </trkpt>
    <trkpt lat="-26.6757159" lon="133.29042">
      <ele>397.065</ele>
    </trkpt>
    <trkpt lat="-26.6764794" lon="133.2907585">
      <ele>397.762</ele>
    </trkpt>
    <trkpt lat="-26.67689" lon="133.2909498">
      <ele>397.467</ele>
    </trkpt>
    <trkpt lat="-26.6776071" lon="133.2912773">
      <ele>397.402</ele>
    </trkpt>
    <trkpt lat="-26.6778917" lon="133.2914121">
      <ele>397.376</ele>
    </trkpt>
    <trkpt lat="-26.6782735" lon="133.2915944">
      <ele>397.841</ele>
    </trkpt>
    <trkpt lat="-26.6793296" lon="133.2921001">
      <ele>399.182</ele>
    </trkpt>
    <trkpt lat="-26.6799339" lon="133.292409">
      <ele>398.238</ele>
    </trkpt>
    <trkpt lat="-26.6804152" lon="133.2926539">
      <ele>397.495</ele>
    </trkpt>
    <trkpt lat="-26.6806796" lon="133.2927963">
      <ele>398.447</ele>
    </trkpt>
    <trkpt lat="-26.6810729" lon="133.2929947">
      <ele>400.536</ele>
    </trkpt>
    <trkpt lat="-26.6826871" lon="133.2938559">
      <ele>396.288</ele>
    </trkpt>
    <trkpt lat="-26.6836526" lon="133.2943876">
      <ele>397.881</ele>
    </trkpt>
    <trkpt lat="-26.6864697" lon="133.2959137">
      <ele>396.916</ele>
    </trkpt>
    <trkpt lat="-26.6877493" lon="133.2966103">
      <ele>397.897</ele>
    </trkpt>
    <trkpt lat="-26.687911" lon="133.2966983">
      <ele>398.48</ele>
    </trkpt>
    <trkpt lat="-26.6885747" lon="133.2970596">
      <ele>397.662</ele>
    </trkpt>
    <trkpt lat="-26.6895312" lon="133.2975727">
      <ele>397.0</ele>
    </trkpt>
    <trkpt lat="-26.6901266" lon="133.2978921">
      <ele>396.188</ele>
    </trkpt>
    <trkpt lat="-26.691356" lon="133.2985615">
      <ele>397.021</ele>
    </trkpt>
    <trkpt lat="-26.6916289" lon="133.2987094">
      <ele>397.306</ele>
    </trkpt>
    <trkpt lat="-26.692832" lon="133.2993479">
      <ele>396.805</ele>
    </trkpt>
    <trkpt lat="-26.6955592" lon="133.3007276">
      <ele>395.013</ele>
    </trkpt>
    <trkpt lat="-26.6960948" lon="133.3009986">
      <ele>395.405</ele>
    </trkpt>
    <trkpt lat="-26.6967405" lon="133.3013143">
      <ele>396.0</ele>
    </trkpt>
    <trkpt lat="-26.6968756" lon="133.3013776">
      <ele>396.0</ele>
    </trkpt>
    <trkpt lat="-26.6987008" lon="133.3022324">
      <ele>396.0</ele>
    </trkpt>
    <trkpt lat="-26.6994858" lon="133.3026">
      <ele>396.149</ele>
    </trkpt>
    <trkpt lat="-26.699698" lon="133.3026941">
      <ele>396.913</ele>
    </trkpt>
    <trkpt lat="-26.7020532" lon="133.3037382">
      <ele>396.0</ele>
    </trkpt>
    <trkpt lat="-26.702713" lon="133.3040143">
      <ele>396.308</ele>
    </trkpt>
    <trkpt lat="-26.7032185" lon="133.3042258">
      <ele>395.462</ele>
    </trkpt>
    <trkpt lat="-26.7037239" lon="133.3044372">
      <ele>396.026</ele>
    </trkpt>
    <trkpt lat="-26.704484" lon="133.3047552">
      <ele>397.976</ele>
    </trkpt>
    <trkpt lat="-26.7063636" lon="133.3054711">
      <ele>396.276</ele>
    </trkpt>
    <trkpt lat="-26.7071786" lon="133.3057848">
      <ele>394.157</ele>
    </trkpt>
    <trkpt lat="-26.7081976" lon="133.306166">
      <ele>396.0</ele>
    </trkpt>
    <trkpt lat="-26.7088261" lon="133.3064017">
      <ele>394.918</ele>
    </trkpt>
    <trkpt lat="-26.7095914" lon="133.3066888">
      <ele>393.567</ele>
    </trkpt>
    <trkpt lat="-26.7113833" lon="133.3073645">
      <ele>395.02</ele>
    </trkpt>
    <trkpt lat="-26.7145667" lon="133.308592">
      <ele>395.0</ele>
    </trkpt>
    <trkpt lat="-26.7167854" lon="133.3094403">
      <ele>396.009</ele>
    </trkpt>
    <trkpt lat="-26.7174448" lon="133.3096899">
      <ele>396.708</ele>
    </trkpt>
    <trkpt lat="-26.7201922" lon="133.3107238">
      <ele>395.914</ele>
    </trkpt>
    <trkpt lat="-26.7215512" lon="133.3112394">
      <ele>395.584</ele>
    </trkpt>
    <trkpt lat="-26.7277504" lon="133.3135737">
      <ele>397.121</ele>
    </trkpt>
    <trkpt lat="-26.7310105" lon="133.3148045">
      <ele>396.173</ele>
    </trkpt>
    <trkpt lat="-26.7333556" lon="133.3157015">
      <ele>395.92</ele>
    </trkpt>
    <trkpt lat="-26.7362424" lon="133.3167815">
      <ele>396.336</ele>
    </trkpt>
    <trkpt lat="-26.7381647" lon="133.3174369">
      <ele>396.304</ele>
    </trkpt>
    <trkpt lat="-26.739741" lon="133.3179806">
      <ele>394.252</ele>
    </trkpt>
    <trkpt lat="-26.7412775" lon="133.3184796">
      <ele>394.81</ele>
    </trkpt>
    <trkpt lat="-26.7426161" lon="133.3189158">
      <ele>393.806</ele>
    </trkpt>
    <trkpt lat="-26.7431631" lon="133.319094">
      <ele>393.547</ele>
    </trkpt>
    <trkpt lat="-26.7452083" lon="133.3197122">
      <ele>395.777</ele>
    </trkpt>
    <trkpt lat="-26.7472301" lon="133.3203005">
      <ele>395.0</ele>
    </trkpt>
    <trkpt lat="-26.7490558" lon="133.3207958">
      <ele>393.547</ele>
    </trkpt>
    <trkpt lat="-26.7504554" lon="133.3211676">
      <ele>393.0</ele>
    </trkpt>
    <trkpt lat="-26.7509671" lon="133.3213035">
      <ele>395.482</ele>
    </trkpt>
    <trkpt lat="-26.7516822" lon="133.3214844">
      <ele>394.056</ele>
    </trkpt>
    <trkpt lat="-26.7530373" lon="133.3218272">
      <ele>393.633</ele>
    </trkpt>
    <trkpt lat="-26.7551464" lon="133.3223291">
      <ele>395.0</ele>
    </trkpt>
    <trkpt lat="-26.7559025" lon="133.3224993">
      <ele>393.003</ele>
    </trkpt>
    <trkpt lat="-26.7569633" lon="133.3227382">
      <ele>393.142</ele>
    </trkpt>
    <trkpt lat="-26.7573142" lon="133.322811">
      <ele>393.331</ele>
    </trkpt>
    <trkpt lat="-26.7574911" lon="133.3228477">
      <ele>393.968</ele>
    </trkpt>
    <trkpt lat="-26.757668" lon="133.3228844">
      <ele>394.0</ele>
    </trkpt>
    <trkpt lat="-26.7578448" lon="133.3229211">
      <ele>394.0</ele>
    </trkpt>
    <trkpt lat="-26.7580217" lon="133.3229578">
      <ele>394.0</ele>
    </trkpt>
    <trkpt lat="-26.7590139" lon="133.3231637">
      <ele>395.275</ele>
    </trkpt>
    <trkpt lat="-26.7590829" lon="133.3231777">
      <ele>395.391</ele>
    </trkpt>
    <trkpt lat="-26.7597908" lon="133.3233214">
      <ele>392.753</ele>
    </trkpt>
    <trkpt lat="-26.7599678" lon="133.3233573">
      <ele>392.192</ele>
    </trkpt>
    <trkpt lat="-26.7612447" lon="133.3236164">
      <ele>392.99</ele>
    </trkpt>
    <trkpt lat="-26.7635436" lon="133.324031">
      <ele>392.0</ele>
    </trkpt>
    <trkpt lat="-26.7647615" lon="133.3242241">
      <ele>390.0</ele>
    </trkpt>
    <trkpt lat="-26.7656428" lon="133.3243638">
      <ele>389.581</ele>
    </trkpt>
    <trkpt lat="-26.7663642" lon="133.3244795">
      <ele>388.089</ele>
    </trkpt>
    <trkpt lat="-26.7665422" lon="133.324508">
      <ele>388.552</ele>
    </trkpt>
    <trkpt lat="-26.7667203" lon="133.3245366">
      <ele>389.257</ele>
    </trkpt>
    <trkpt lat="-26.7668983" lon="133.3245651">
      <ele>390.196</ele>
    </trkpt>
    <trkpt lat="-26.7670764" lon="133.3245937">
      <ele>390.757</ele>
    </trkpt>
    <trkpt lat="-26.7672544" lon="133.3246222">
      <ele>391.0</ele>
    </trkpt>
    <trkpt lat="-26.7679222" lon="133.3247293">
      <ele>390.48</ele>
    </trkpt>
    <trkpt lat="-26.7685022" lon="133.3248097">
      <ele>390.293</ele>
    </trkpt>
    <trkpt lat="-26.7704791" lon="133.3250838">
      <ele>390.0</ele>
    </trkpt>
    <trkpt lat="-26.7743266" lon="133.3255366">
      <ele>390.356</ele>
    </trkpt>
    <trkpt lat="-26.7754757" lon="133.3256566">
      <ele>390.105</ele>
    </trkpt>
    <trkpt lat="-26.7758339" lon="133.325694">
      <ele>391.0</ele>
    </trkpt>
    <trkpt lat="-26.7783493" lon="133.3259566">
      <ele>393.032</ele>
    </trkpt>
    <trkpt lat="-26.7851492" lon="133.3266327">
      <ele>394.057</ele>
    </trkpt>
    <trkpt lat="-26.7898073" lon="133.3270959">
      <ele>394.288</ele>
    </trkpt>
    <trkpt lat="-26.7933978" lon="133.3274519">
      <ele>392.0</ele>
    </trkpt>
    <trkpt lat="-26.7972383" lon="133.3278477">
      <ele>390.295</ele>
    </trkpt>
    <trkpt lat="-26.798708" lon="133.3279848">
      <ele>388.349</ele>
    </trkpt>
    <trkpt lat="-26.7996042" lon="133.3280684">
      <ele>389.973</ele>
    </trkpt>
    <trkpt lat="-26.7997835" lon="133.3280851">
      <ele>389.917</ele>
    </trkpt>
    <trkpt lat="-26.8010572" lon="133.3282039">
      <ele>391.09</ele>
    </trkpt>
    <trkpt lat="-26.8017548" lon="133.3282739">
      <ele>390.0</ele>
    </trkpt>
    <trkpt lat="-26.8019339" lon="133.3282919">
      <ele>390.0</ele>
    </trkpt>
    <trkpt lat="-26.8021131" lon="133.3283099">
      <ele>389.444</ele>
    </trkpt>
    <trkpt lat="-26.8022922" lon="133.3283278">
      <ele>389.015</ele>
    </trkpt>
    <trkpt lat="-26.810121" lon="133.3291131">
      <ele>391.436</ele>
    </trkpt>
    <trkpt lat="-26.8125046" lon="133.3293397">
      <ele>389.99</ele>
    </trkpt>
    <trkpt lat="-26.81484" lon="133.3295732">
      <ele>392.227</ele>
    </trkpt>
    <trkpt lat="-26.8164087" lon="133.3297297">
      <ele>393.83</ele>
    </trkpt>
    <trkpt lat="-26.8194544" lon="133.3300336">
      <ele>390.0</ele>
    </trkpt>
    <trkpt lat="-26.8198241" lon="133.3300705">
      <ele>390.093</ele>
    </trkpt>
    <trkpt lat="-26.8198822" lon="133.3300765">
      <ele>390.159</ele>
    </trkpt>
    <trkpt lat="-26.8208873" lon="133.3301806">
      <ele>391.194</ele>
    </trkpt>
    <trkpt lat="-26.8214246" lon="133.3302363">
      <ele>391.871</ele>
    </trkpt>
    <trkpt lat="-26.8216037" lon="133.3302549">
      <ele>391.227</ele>
    </trkpt>
    <trkpt lat="-26.8219619" lon="133.3302919">
      <ele>390.048</ele>
    </trkpt>
    <trkpt lat="-26.8228574" lon="133.3303847">
      <ele>391.573</ele>
    </trkpt>
    <trkpt lat="-26.8244982" lon="133.3305547">
      <ele>393.194</ele>
    </trkpt>
    <trkpt lat="-26.8248746" lon="133.3305935">
      <ele>394.61</ele>
    </trkpt>
    <trkpt lat="-26.825723" lon="133.3306818">
      <ele>394.057</ele>
    </trkpt>
    <trkpt lat="-26.8264369" lon="133.3307561">
      <ele>397.298</ele>
    </trkpt>
    <trkpt lat="-26.8269767" lon="133.330812">
      <ele>399.932</ele>
    </trkpt>
    <trkpt lat="-26.8271558" lon="133.3308306">
      <ele>399.998</ele>
    </trkpt>
    <trkpt lat="-26.8272012" lon="133.3308353">
      <ele>399.993</ele>
    </trkpt>
    <trkpt lat="-26.8273336" lon="133.3308601">
      <ele>399.541</ele>
    </trkpt>
    <trkpt lat="-26.827511" lon="133.3308934">
      <ele>399.031</ele>
    </trkpt>
    <trkpt lat="-26.827631" lon="133.3309159">
      <ele>399.331</ele>
    </trkpt>
    <trkpt lat="-26.8276884" lon="133.3309267">
      <ele>399.45</ele>
    </trkpt>
    <trkpt lat="-26.8281525" lon="133.3310139">
      <ele>399.65</ele>
    </trkpt>
    <trkpt lat="-26.8282205" lon="133.3310271">
      <ele>399.698</ele>
    </trkpt>
    <trkpt lat="-26.8285281" lon="133.331087">
      <ele>399.852</ele>
    </trkpt>
    <trkpt lat="-26.8295551" lon="133.3313455">
      <ele>394.938</ele>
    </trkpt>
    <trkpt lat="-26.8303607" lon="133.3316007">
      <ele>395.833</ele>
    </trkpt>
    <trkpt lat="-26.8312138" lon="133.3319107">
      <ele>396.203</ele>
    </trkpt>
    <trkpt lat="-26.8316802" lon="133.3321078">
      <ele>397.539</ele>
    </trkpt>
    <trkpt lat="-26.8318485" lon="133.3321789">
      <ele>397.189</ele>
    </trkpt>
    <trkpt lat="-26.8318839" lon="133.3321939">
      <ele>397.116</ele>
    </trkpt>
    <trkpt lat="-26.8320138" lon="133.3322583">
      <ele>396.533</ele>
    </trkpt>
    <trkpt lat="-26.8321783" lon="133.3323398">
      <ele>395.673</ele>
    </trkpt>
    <trkpt lat="-26.8330561" lon="133.3327746">
      <ele>395.013</ele>
    </trkpt>
    <trkpt lat="-26.8335934" lon="133.3330709">
      <ele>396.824</ele>
    </trkpt>
    <trkpt lat="-26.8340561" lon="133.3333264">
      <ele>394.796</ele>
    </trkpt>
    <trkpt lat="-26.834785" lon="133.3337925">
      <ele>397.078</ele>
    </trkpt>
    <trkpt lat="-26.8349082" lon="133.3338763">
      <ele>397.03</ele>
    </trkpt>
    <trkpt lat="-26.835062" lon="133.3339809">
      <ele>397.0</ele>
    </trkpt>
    <trkpt lat="-26.835203" lon="133.3340768">
      <ele>397.0</ele>
    </trkpt>
    <trkpt lat="-26.8352153" lon="133.3340861">
      <ele>397.0</ele>
    </trkpt>
    <trkpt lat="-26.8362088" lon="133.3348362">
      <ele>397.207</ele>
    </trkpt>
    <trkpt lat="-26.8366851" lon="133.3352466">
      <ele>397.895</ele>
    </trkpt>
    <trkpt lat="-26.8369702" lon="133.3354923">
      <ele>399.566</ele>
    </trkpt>
    <trkpt lat="-26.8371128" lon="133.3356152">
      <ele>400.429</ele>
    </trkpt>
    <trkpt lat="-26.8371884" lon="133.3356803">
      <ele>400.898</ele>
    </trkpt>
    <trkpt lat="-26.8375247" lon="133.3360056">
      <ele>404.207</ele>
    </trkpt>
    <trkpt lat="-26.8376609" lon="133.3361373">
      <ele>405.189</ele>
    </trkpt>
    <trkpt lat="-26.8380153" lon="133.3364801">
      <ele>404.387</ele>
    </trkpt>
    <trkpt lat="-26.8384192" lon="133.3369193">
      <ele>405.909</ele>
    </trkpt>
    <trkpt lat="-26.8388861" lon="133.3374277">
      <ele>406.74</ele>
    </trkpt>
    <trkpt lat="-26.8396877" lon="133.3384122">
      <ele>410.592</ele>
    </trkpt>
    <trkpt lat="-26.8403671" lon="133.3393477">
      <ele>412.434</ele>
    </trkpt>
    <trkpt lat="-26.8406924" lon="133.3398436">
      <ele>414.93</ele>
    </trkpt>
    <trkpt lat="-26.8407989" lon="133.3400061">
      <ele>415.895</ele>
    </trkpt>
    <trkpt lat="-26.8408421" lon="133.3400719">
      <ele>416.282</ele>
    </trkpt>
    <trkpt lat="-26.8409001" lon="133.3401726">
      <ele>416.712</ele>
    </trkpt>
    <trkpt lat="-26.8417474" lon="133.3416445">
      <ele>417.37</ele>
    </trkpt>
    <trkpt lat="-26.8420504" lon="133.342219">
      <ele>418.0</ele>
    </trkpt>
    <trkpt lat="-26.8421996" lon="133.3424854">
      <ele>416.105</ele>
    </trkpt>
    <trkpt lat="-26.8423019" lon="133.3426971">
      <ele>416.0</ele>
    </trkpt>
    <trkpt lat="-26.8426797" lon="133.3434323">
      <ele>415.584</ele>
    </trkpt>
    <trkpt lat="-26.8434444" lon="133.344904">
      <ele>417.0</ele>
    </trkpt>
    <trkpt lat="-26.8440334" lon="133.346051">
      <ele>414.745</ele>
    </trkpt>
    <trkpt lat="-26.844038" lon="133.3460594">
      <ele>414.737</ele>
    </trkpt>
    <trkpt lat="-26.8445112" lon="133.3469744">
      <ele>415.0</ele>
    </trkpt>
    <trkpt lat="-26.8448973" lon="133.3477201">
      <ele>411.991</ele>
    </trkpt>
    <trkpt lat="-26.8449876" lon="133.3478944">
      <ele>411.517</ele>
    </trkpt>
    <trkpt lat="-26.8450779" lon="133.3480688">
      <ele>411.561</ele>
    </trkpt>
    <trkpt lat="-26.8451681" lon="133.3482431">
      <ele>412.21</ele>
    </trkpt>
    <trkpt lat="-26.8452584" lon="133.3484175">
      <ele>412.839</ele>
    </trkpt>
    <trkpt lat="-26.8461356" lon="133.3501119">
      <ele>415.491</ele>
    </trkpt>
    <trkpt lat="-26.8463416" lon="133.3505099">
      <ele>416.688</ele>
    </trkpt>
    <trkpt lat="-26.8466124" lon="133.351033">
      <ele>415.281</ele>
    </trkpt>
    <trkpt lat="-26.8477858" lon="133.3532998">
      <ele>413.0</ele>
    </trkpt>
    <trkpt lat="-26.8489592" lon="133.3555667">
      <ele>411.707</ele>
    </trkpt>
    <trkpt lat="-26.8498257" lon="133.3572407">
      <ele>411.0</ele>
    </trkpt>
    <trkpt lat="-26.8500827" lon="133.3577373">
      <ele>410.702</ele>
    </trkpt>
    <trkpt lat="-26.8503267" lon="133.3581731">
      <ele>410.247</ele>
    </trkpt>
    <trkpt lat="-26.8504223" lon="133.3583438">
      <ele>410.499</ele>
    </trkpt>
    <trkpt lat="-26.8508048" lon="133.3590268">
      <ele>410.599</ele>
    </trkpt>
    <trkpt lat="-26.8508872" lon="133.3591739">
      <ele>411.021</ele>
    </trkpt>
    <trkpt lat="-26.850901" lon="133.3591971">
      <ele>411.083</ele>
    </trkpt>
    <trkpt lat="-26.8510009" lon="133.3593648">
      <ele>411.283</ele>
    </trkpt>
    <trkpt lat="-26.8511007" lon="133.3595325">
      <ele>411.026</ele>
    </trkpt>
    <trkpt lat="-26.8513359" lon="133.3599275">
      <ele>410.191</ele>
    </trkpt>
    <trkpt lat="-26.8520745" lon="133.3611026">
      <ele>409.986</ele>
    </trkpt>
    <trkpt lat="-26.8526773" lon="133.3619855">
      <ele>411.0</ele>
    </trkpt>
    <trkpt lat="-26.8529063" lon="133.3623209">
      <ele>411.191</ele>
    </trkpt>
    <trkpt lat="-26.8531593" lon="133.3626914">
      <ele>410.627</ele>
    </trkpt>
    <trkpt lat="-26.853221" lon="133.3627816">
      <ele>410.418</ele>
    </trkpt>
    <trkpt lat="-26.8547922" lon="133.3648473">
      <ele>412.61</ele>
    </trkpt>
    <trkpt lat="-26.8554797" lon="133.365662">
      <ele>412.239</ele>
    </trkpt>
    <trkpt lat="-26.8558769" lon="133.3661327">
      <ele>412.222</ele>
    </trkpt>
    <trkpt lat="-26.8560134" lon="133.3662944">
      <ele>412.88</ele>
    </trkpt>
    <trkpt lat="-26.8562368" lon="133.3665359">
      <ele>412.837</ele>
    </trkpt>
    <trkpt lat="-26.8575403" lon="133.3679423">
      <ele>411.0</ele>
    </trkpt>
    <trkpt lat="-26.8583387" lon="133.3687251">
      <ele>412.422</ele>
    </trkpt>
    <trkpt lat="-26.8585025" lon="133.3688644">
      <ele>412.966</ele>
    </trkpt>
    <trkpt lat="-26.8585936" lon="133.3689427">
      <ele>412.806</ele>
    </trkpt>
    <trkpt lat="-26.8586164" lon="133.3689575">
      <ele>412.734</ele>
    </trkpt>
    <trkpt lat="-26.8590165" lon="133.3693357">
      <ele>411.429</ele>
    </trkpt>
    <trkpt lat="-26.8591346" lon="133.3694449">
      <ele>412.001</ele>
    </trkpt>
    <trkpt lat="-26.8595699" lon="133.3698301">
      <ele>412.213</ele>
    </trkpt>
    <trkpt lat="-26.8599472" lon="133.370164">
      <ele>411.522</ele>
    </trkpt>
    <trkpt lat="-26.8608968" lon="133.3710015">
      <ele>410.0</ele>
    </trkpt>
    <trkpt lat="-26.8618338" lon="133.371766">
      <ele>411.358</ele>
    </trkpt>
    <trkpt lat="-26.8624258" lon="133.3721666">
      <ele>410.786</ele>
    </trkpt>
    <trkpt lat="-26.8632673" lon="133.372812">
      <ele>410.426</ele>
    </trkpt>
    <trkpt lat="-26.8650157" lon="133.3739662">
      <ele>409.016</ele>
    </trkpt>
    <trkpt lat="-26.8653953" lon="133.3741933">
      <ele>409.945</ele>
    </trkpt>
    <trkpt lat="-26.865554" lon="133.3742882">
      <ele>409.998</ele>
    </trkpt>
    <trkpt lat="-26.8666049" lon="133.3749168">
      <ele>407.3</ele>
    </trkpt>
    <trkpt lat="-26.8679686" lon="133.3756353">
      <ele>406.0</ele>
    </trkpt>
    <trkpt lat="-26.8681314" lon="133.3757211">
      <ele>406.0</ele>
    </trkpt>
    <trkpt lat="-26.8685973" lon="133.3759666">
      <ele>405.544</ele>
    </trkpt>
    <trkpt lat="-26.8697861" lon="133.3765099">
      <ele>405.435</ele>
    </trkpt>
    <trkpt lat="-26.8698402" lon="133.3765346">
      <ele>405.274</ele>
    </trkpt>
    <trkpt lat="-26.8706247" lon="133.3768742">
      <ele>405.81</ele>
    </trkpt>
    <trkpt lat="-26.8707924" lon="133.3769468">
      <ele>406.007</ele>
    </trkpt>
    <trkpt lat="-26.8708753" lon="133.3769827">
      <ele>406.117</ele>
    </trkpt>
    <trkpt lat="-26.8709613" lon="133.3770163">
      <ele>406.14</ele>
    </trkpt>
    <trkpt lat="-26.871301" lon="133.377149">
      <ele>406.0</ele>
    </trkpt>
    <trkpt lat="-26.8714708" lon="133.3772154">
      <ele>405.712</ele>
    </trkpt>
    <trkpt lat="-26.8726129" lon="133.3776616">
      <ele>405.418</ele>
    </trkpt>
    <trkpt lat="-26.8737716" lon="133.3780793">
      <ele>403.049</ele>
    </trkpt>
    <trkpt lat="-26.8749612" lon="133.3784912">
      <ele>404.629</ele>
    </trkpt>
    <trkpt lat="-26.8757567" lon="133.3787008">
      <ele>404.813</ele>
    </trkpt>
    <trkpt lat="-26.8765562" lon="133.3789195">
      <ele>405.602</ele>
    </trkpt>
    <trkpt lat="-26.8770602" lon="133.3790789">
      <ele>404.868</ele>
    </trkpt>
    <trkpt lat="-26.8781803" lon="133.3793727">
      <ele>406.15</ele>
    </trkpt>
    <trkpt lat="-26.8791521" lon="133.3795991">
      <ele>405.0</ele>
    </trkpt>
    <trkpt lat="-26.8803154" lon="133.3798353">
      <ele>403.783</ele>
    </trkpt>
    <trkpt lat="-26.8812147" lon="133.3800038">
      <ele>406.627</ele>
    </trkpt>
    <trkpt lat="-26.881571" lon="133.3800705">
      <ele>405.344</ele>
    </trkpt>
    <trkpt lat="-26.8819256" lon="133.3801273">
      <ele>404.495</ele>
    </trkpt>
    <trkpt lat="-26.8824247" lon="133.3802073">
      <ele>404.0</ele>
    </trkpt>
    <trkpt lat="-26.8828953" lon="133.3802627">
      <ele>404.023</ele>
    </trkpt>
    <trkpt lat="-26.8842993" lon="133.3804573">
      <ele>403.0</ele>
    </trkpt>
    <trkpt lat="-26.8849629" lon="133.3805158">
      <ele>404.886</ele>
    </trkpt>
    <trkpt lat="-26.8862591" lon="133.38063">
      <ele>404.342</ele>
    </trkpt>
    <trkpt lat="-26.8865057" lon="133.3806572">
      <ele>404.0</ele>
    </trkpt>
    <trkpt lat="-26.887439" lon="133.380698">
      <ele>402.513</ele>
    </trkpt>
    <trkpt lat="-26.8881109" lon="133.3807272">
      <ele>403.123</ele>
    </trkpt>
    <trkpt lat="-26.8884376" lon="133.3807415">
      <ele>402.919</ele>
    </trkpt>
    <trkpt lat="-26.8903828" lon="133.3807522">
      <ele>398.89</ele>
    </trkpt>
    <trkpt lat="-26.8917618" lon="133.3807227">
      <ele>399.602</ele>
    </trkpt>
    <trkpt lat="-26.8923292" lon="133.3806815">
      <ele>398.789</ele>
    </trkpt>
    <trkpt lat="-26.8925088" lon="133.3806685">
      <ele>398.394</ele>
    </trkpt>
    <trkpt lat="-26.8928677" lon="133.3806424">
      <ele>398.223</ele>
    </trkpt>
    <trkpt lat="-26.8930472" lon="133.3806294">
      <ele>398.712</ele>
    </trkpt>
    <trkpt lat="-26.8930491" lon="133.3806293">
      <ele>398.717</ele>
    </trkpt>
    <trkpt lat="-26.8932266" lon="133.3806159">
      <ele>399.399</ele>
    </trkpt>
    <trkpt lat="-26.8934061" lon="133.3806023">
      <ele>399.614</ele>
    </trkpt>
    <trkpt lat="-26.8936586" lon="133.3805832">
      <ele>398.846</ele>
    </trkpt>
    <trkpt lat="-26.894594" lon="133.3804882">
      <ele>399.408</ele>
    </trkpt>
    <trkpt lat="-26.8953987" lon="133.3804148">
      <ele>398.565</ele>
    </trkpt>
    <trkpt lat="-26.8966267" lon="133.3802396">
      <ele>398.98</ele>
    </trkpt>
    <trkpt lat="-26.897747" lon="133.3800798">
      <ele>399.032</ele>
    </trkpt>
    <trkpt lat="-26.8991349" lon="133.3798255">
      <ele>396.843</ele>
    </trkpt>
    <trkpt lat="-26.8991945" lon="133.3798122">
      <ele>397.2</ele>
    </trkpt>
    <trkpt lat="-26.9003777" lon="133.3795455">
      <ele>397.447</ele>
    </trkpt>
    <trkpt lat="-26.9020003" lon="133.3792116">
      <ele>399.201</ele>
    </trkpt>
    <trkpt lat="-26.9024724" lon="133.3790993">
      <ele>399.757</ele>
    </trkpt>
    <trkpt lat="-26.903704" lon="133.3788063">
      <ele>398.666</ele>
    </trkpt>
    <trkpt lat="-26.9042682" lon="133.378672">
      <ele>397.495</ele>
    </trkpt>
    <trkpt lat="-26.906071" lon="133.3782291">
      <ele>397.054</ele>
    </trkpt>
    <trkpt lat="-26.9074144" lon="133.3779538">
      <ele>396.692</ele>
    </trkpt>
    <trkpt lat="-26.9110572" lon="133.3771162">
      <ele>397.114</ele>
    </trkpt>
    <trkpt lat="-26.9118057" lon="133.3769275">
      <ele>396.499</ele>
    </trkpt>
    <trkpt lat="-26.9129012" lon="133.3766538">
      <ele>395.979</ele>
    </trkpt>
    <trkpt lat="-26.9140544" lon="133.3763768">
      <ele>395.57</ele>
    </trkpt>
    <trkpt lat="-26.914771" lon="133.3762195">
      <ele>395.893</ele>
    </trkpt>
    <trkpt lat="-26.9159904" lon="133.3759805">
      <ele>394.266</ele>
    </trkpt>
    <trkpt lat="-26.9172325" lon="133.3757432">
      <ele>393.037</ele>
    </trkpt>
    <trkpt lat="-26.9194838" lon="133.3753886">
      <ele>396.858</ele>
    </trkpt>
    <trkpt lat="-26.9208086" lon="133.3751926">
      <ele>393.755</ele>
    </trkpt>
    <trkpt lat="-26.921762" lon="133.3750972">
      <ele>394.23</ele>
    </trkpt>
    <trkpt lat="-26.9227591" lon="133.3750404">
      <ele>392.203</ele>
    </trkpt>
    <trkpt lat="-26.9228671" lon="133.3750336">
      <ele>392.404</ele>
    </trkpt>
    <trkpt lat="-26.9239478" lon="133.3749655">
      <ele>391.522</ele>
    </trkpt>
    <trkpt lat="-26.9249543" lon="133.3749395">
      <ele>392.983</ele>
    </trkpt>
    <trkpt lat="-26.9255881" lon="133.3749398">
      <ele>393.5</ele>
    </trkpt>
    <trkpt lat="-26.9274713" lon="133.3749745">
      <ele>393.092</ele>
    </trkpt>
    <trkpt lat="-26.9288915" lon="133.3750523">
      <ele>391.992</ele>
    </trkpt>
    <trkpt lat="-26.9302113" lon="133.3751506">
      <ele>392.761</ele>
    </trkpt>
    <trkpt lat="-26.9324738" lon="133.3754188">
      <ele>389.446</ele>
    </trkpt>
    <trkpt lat="-26.9338118" lon="133.3756225">
      <ele>389.933</ele>
    </trkpt>
    <trkpt lat="-26.9353515" lon="133.3759194">
      <ele>389.758</ele>
    </trkpt>
    <trkpt lat="-26.9368583" lon="133.3762439">
      <ele>387.838</ele>
    </trkpt>
    <trkpt lat="-26.937343" lon="133.3763618">
      <ele>388.902</ele>
    </trkpt>
    <trkpt lat="-26.9375188" lon="133.3764046">
      <ele>389.0</ele>
    </trkpt>
    <trkpt lat="-26.9396154" lon="133.3769145">
      <ele>391.784</ele>
    </trkpt>
    <trkpt lat="-26.9396283" lon="133.3769172">
      <ele>391.804</ele>
    </trkpt>
    <trkpt lat="-26.9400899" lon="133.3770138">
      <ele>389.184</ele>
    </trkpt>
    <trkpt lat="-26.9405189" lon="133.3771253">
      <ele>387.435</ele>
    </trkpt>
    <trkpt lat="-26.9415218" lon="133.3773577">
      <ele>389.488</ele>
    </trkpt>
    <trkpt lat="-26.9417409" lon="133.3774117">
      <ele>389.949</ele>
    </trkpt>
    <trkpt lat="-26.9419166" lon="133.377455">
      <ele>390.738</ele>
    </trkpt>
    <trkpt lat="-26.9424436" lon="133.377585">
      <ele>389.1</ele>
    </trkpt>
    <trkpt lat="-26.9426192" lon="133.3776283">
      <ele>387.647</ele>
    </trkpt>
    <trkpt lat="-26.9433219" lon="133.3778016">
      <ele>387.0</ele>
    </trkpt>
    <trkpt lat="-26.9438389" lon="133.377929">
      <ele>387.82</ele>
    </trkpt>
    <trkpt lat="-26.943849" lon="133.3779313">
      <ele>387.856</ele>
    </trkpt>
    <trkpt lat="-26.9440253" lon="133.3779715">
      <ele>388.0</ele>
    </trkpt>
    <trkpt lat="-26.9451512" lon="133.3782279">
      <ele>386.498</ele>
    </trkpt>
    <trkpt lat="-26.9480723" lon="133.378933">
      <ele>387.94</ele>
    </trkpt>
    <trkpt lat="-26.9488663" lon="133.3791247">
      <ele>387.069</ele>
    </trkpt>
    <trkpt lat="-26.9506759" lon="133.3795577">
      <ele>384.382</ele>
    </trkpt>
    <trkpt lat="-26.9536078" lon="133.3802712">
      <ele>385.024</ele>
    </trkpt>
    <trkpt lat="-26.9548571" lon="133.3805671">
      <ele>382.465</ele>
    </trkpt>
    <trkpt lat="-26.956307" lon="133.38091">
      <ele>383.981</ele>
    </trkpt>
    <trkpt lat="-26.9570808" lon="133.3811107">
      <ele>381.02</ele>
    </trkpt>
    <trkpt lat="-26.9573926" lon="133.3811772">
      <ele>380.705</ele>
    </trkpt>
    <trkpt lat="-26.9592415" lon="133.3816266">
      <ele>383.875</ele>
    </trkpt>
    <trkpt lat="-26.9601172" lon="133.3818419">
      <ele>381.578</ele>
    </trkpt>
    <trkpt lat="-26.9608196" lon="133.3820635">
      <ele>384.543</ele>
    </trkpt>
    <trkpt lat="-26.9620809" lon="133.3825735">
      <ele>383.0</ele>
    </trkpt>
    <trkpt lat="-26.9621417" lon="133.3826016">
      <ele>383.0</ele>
    </trkpt>
    <trkpt lat="-26.9626407" lon="133.3828321">
      <ele>383.0</ele>
    </trkpt>
    <trkpt lat="-26.962807" lon="133.3829089">
      <ele>383.0</ele>
    </trkpt>
    <trkpt lat="-26.9629454" lon="133.3829728">
      <ele>383.0</ele>
    </trkpt>
    <trkpt lat="-26.9639943" lon="133.3835539">
      <ele>380.872</ele>
    </trkpt>
    <trkpt lat="-26.9647992" lon="133.3840618">
      <ele>382.9</ele>
    </trkpt>
    <trkpt lat="-26.9656618" lon="133.384714">
      <ele>383.03</ele>
    </trkpt>
    <trkpt lat="-26.9662704" lon="133.3852052">
      <ele>383.736</ele>
    </trkpt>
    <trkpt lat="-26.9667204" lon="133.3856115">
      <ele>384.017</ele>
    </trkpt>
    <trkpt lat="-26.9674845" lon="133.3863408">
      <ele>383.771</ele>
    </trkpt>
    <trkpt lat="-26.9683352" lon="133.3872851">
      <ele>384.451</ele>
    </trkpt>
    <trkpt lat="-26.9687171" lon="133.3877638">
      <ele>384.237</ele>
    </trkpt>
    <trkpt lat="-26.9690543" lon="133.3882243">
      <ele>382.766</ele>
    </trkpt>
    <trkpt lat="-26.9691456" lon="133.3883491">
      <ele>383.0</ele>
    </trkpt>
    <trkpt lat="-26.9699448" lon="133.3895103">
      <ele>385.237</ele>
    </trkpt>
    <trkpt lat="-26.9706011" lon="133.3906846">
      <ele>382.224</ele>
    </trkpt>
    <trkpt lat="-26.9707742" lon="133.3910526">
      <ele>382.668</ele>
    </trkpt>
    <trkpt lat="-26.9709143" lon="133.3913337">
      <ele>382.942</ele>
    </trkpt>
    <trkpt lat="-26.9712099" lon="133.3919313">
      <ele>382.289</ele>
    </trkpt>
    <trkpt lat="-26.9715567" lon="133.3927849">
      <ele>381.036</ele>
    </trkpt>
    <trkpt lat="-26.9718571" lon="133.393608">
      <ele>382.625</ele>
    </trkpt>
    <trkpt lat="-26.9720779" lon="133.3942654">
      <ele>382.875</ele>
    </trkpt>
    <trkpt lat="-26.972276" lon="133.395">
      <ele>382.419</ele>
    </trkpt>
    <trkpt lat="-26.9723281" lon="133.3951932">
      <ele>380.731</ele>
    </trkpt>
    <trkpt lat="-26.9726407" lon="133.3963522">
      <ele>382.0</ele>
    </trkpt>
    <trkpt lat="-26.9734362" lon="133.399266">
      <ele>379.88</ele>
    </trkpt>
    <trkpt lat="-26.9736277" lon="133.399936">
      <ele>379.77</ele>
    </trkpt>
    <trkpt lat="-26.9742477" lon="133.4017397">
      <ele>380.34</ele>
    </trkpt>
    <trkpt lat="-26.9747924" lon="133.4029662">
      <ele>378.597</ele>
    </trkpt>
    <trkpt lat="-26.9752167" lon="133.4038108">
      <ele>380.062</ele>
    </trkpt>
    <trkpt lat="-26.9755798" lon="133.4044295">
      <ele>376.967</ele>
    </trkpt>
    <trkpt lat="-26.9757694" lon="133.4047412">
      <ele>376.262</ele>
    </trkpt>
    <trkpt lat="-26.9758849" lon="133.4049292">
      <ele>375.862</ele>
    </trkpt>
    <trkpt lat="-26.976202" lon="133.4054194">
      <ele>376.02</ele>
    </trkpt>
    <trkpt lat="-26.9764086" lon="133.4057362">
      <ele>378.88</ele>
    </trkpt>
    <trkpt lat="-26.9770148" lon="133.4065554">
      <ele>378.742</ele>
    </trkpt>
    <trkpt lat="-26.9772081" lon="133.4067935">
      <ele>376.129</ele>
    </trkpt>
    <trkpt lat="-26.977516" lon="133.4071616">
      <ele>377.621</ele>
    </trkpt>
    <trkpt lat="-26.9780235" lon="133.4077321">
      <ele>378.492</ele>
    </trkpt>
    <trkpt lat="-26.9785132" lon="133.4082319">
      <ele>376.589</ele>
    </trkpt>
    <trkpt lat="-26.9794465" lon="133.4091053">
      <ele>378.773</ele>
    </trkpt>
    <trkpt lat="-26.9804933" lon="133.4099291">
      <ele>376.391</ele>
    </trkpt>
    <trkpt lat="-26.9806775" lon="133.4100583">
      <ele>375.259</ele>
    </trkpt>
    <trkpt lat="-26.9809853" lon="133.4102687">
      <ele>373.047</ele>
    </trkpt>
    <trkpt lat="-26.9811481" lon="133.4103777">
      <ele>372.281</ele>
    </trkpt>
    <trkpt lat="-26.9816221" lon="133.4106868">
      <ele>372.312</ele>
    </trkpt>
    <trkpt lat="-26.9819212" lon="133.4108644">
      <ele>373.916</ele>
    </trkpt>
    <trkpt lat="-26.9820272" lon="133.4109273">
      <ele>374.0</ele>
    </trkpt>
    <trkpt lat="-26.9824536" lon="133.411164">
      <ele>374.19</ele>
    </trkpt>
    <trkpt lat="-26.9828984" lon="133.4113943">
      <ele>374.011</ele>
    </trkpt>
    <trkpt lat="-26.9834457" lon="133.4116578">
      <ele>375.0</ele>
    </trkpt>
    <trkpt lat="-26.9837131" lon="133.4117734">
      <ele>373.779</ele>
    </trkpt>
    <trkpt lat="-26.9841884" lon="133.4119723">
      <ele>373.978</ele>
    </trkpt>
    <trkpt lat="-26.9852093" lon="133.4123339">
      <ele>372.541</ele>
    </trkpt>
    <trkpt lat="-26.985442" lon="133.4124038">
      <ele>371.795</ele>
    </trkpt>
    <trkpt lat="-26.9859101" lon="133.4125374">
      <ele>371.097</ele>
    </trkpt>
    <trkpt lat="-26.9861487" lon="133.4126053">
      <ele>371.0</ele>
    </trkpt>
    <trkpt lat="-26.9864892" lon="133.4127002">
      <ele>371.462</ele>
    </trkpt>
    <trkpt lat="-26.9866634" lon="133.4127475">
      <ele>372.096</ele>
    </trkpt>
    <trkpt lat="-26.986943" lon="133.4128241">
      <ele>373.824</ele>
    </trkpt>
    <trkpt lat="-26.9879092" lon="133.4130906">
      <ele>372.94</ele>
    </trkpt>
    <trkpt lat="-26.9894406" lon="133.4135116">
      <ele>373.986</ele>
    </trkpt>
    <trkpt lat="-26.9904074" lon="133.4137719">
      <ele>370.225</ele>
    </trkpt>
    <trkpt lat="-26.9910219" lon="133.4139455">
      <ele>371.744</ele>
    </trkpt>
    <trkpt lat="-26.9912514" lon="133.4140104">
      <ele>370.99</ele>
    </trkpt>
    <trkpt lat="-26.9915458" lon="133.4140903">
      <ele>370.0</ele>
    </trkpt>
    <trkpt lat="-26.9916109" lon="133.4141079">
      <ele>370.0</ele>
    </trkpt>
    <trkpt lat="-26.9917202" lon="133.4141396">
      <ele>370.174</ele>
    </trkpt>
    <trkpt lat="-26.9924426" lon="133.4143496">
      <ele>371.929</ele>
    </trkpt>
    <trkpt lat="-26.993056" lon="133.4145403">
      <ele>371.001</ele>
    </trkpt>
    <trkpt lat="-26.9941311" lon="133.4149009">
      <ele>371.311</ele>
    </trkpt>
    <trkpt lat="-26.9943199" lon="133.414967">
      <ele>371.053</ele>
    </trkpt>
    <trkpt lat="-26.9951389" lon="133.4152691">
      <ele>371.031</ele>
    </trkpt>
    <trkpt lat="-26.9954807" lon="133.4154001">
      <ele>371.0</ele>
    </trkpt>
    <trkpt lat="-26.9960487" lon="133.4156106">
      <ele>371.225</ele>
    </trkpt>
    <trkpt lat="-26.9968674" lon="133.4159645">
      <ele>370.674</ele>
    </trkpt>
    <trkpt lat="-26.9975365" lon="133.4162574">
      <ele>370.263</ele>
    </trkpt>
    <trkpt lat="-26.9981967" lon="133.4165662">
      <ele>372.502</ele>
    </trkpt>
    <trkpt lat="-26.9986283" lon="133.4167499">
      <ele>372.176</ele>
    </trkpt>
    <trkpt lat="-26.9995313" lon="133.4172125">
      <ele>371.687</ele>
    </trkpt>
    <trkpt lat="-26.9999892" lon="133.4174387">
      <ele>371.961</ele>
    </trkpt>
    <trkpt lat="-27.000227" lon="133.417565">
      <ele>369.74</ele>
    </trkpt>
    <trkpt lat="-27.0006282" lon="133.4177984">
      <ele>369.609</ele>
    </trkpt>
    <trkpt lat="-27.0017452" lon="133.418446">
      <ele>369.283</ele>
    </trkpt>
    <trkpt lat="-27.0043368" lon="133.420073">
      <ele>368.673</ele>
    </trkpt>
    <trkpt lat="-27.0077181" lon="133.4221903">
      <ele>366.125</ele>
    </trkpt>
    <trkpt lat="-27.011485" lon="133.4245497">
      <ele>367.561</ele>
    </trkpt>
    <trkpt lat="-27.0149416" lon="133.4267135">
      <ele>368.175</ele>
    </trkpt>
    <trkpt lat="-27.0158978" lon="133.4273111">
      <ele>365.842</ele>
    </trkpt>
    <trkpt lat="-27.0190255" lon="133.4292718">
      <ele>364.684</ele>
    </trkpt>
    <trkpt lat="-27.0216942" lon="133.4309478">
      <ele>362.0</ele>
    </trkpt>
    <trkpt lat="-27.0218552" lon="133.4310441">
      <ele>362.0</ele>
    </trkpt>
    <trkpt lat="-27.0226083" lon="133.4315101">
      <ele>362.826</ele>
    </trkpt>
    <trkpt lat="-27.0271283" lon="133.4343571">
      <ele>363.454</ele>
    </trkpt>
    <trkpt lat="-27.0278164" lon="133.4347902">
      <ele>365.684</ele>
    </trkpt>
    <trkpt lat="-27.028129" lon="133.4349858">
      <ele>365.684</ele>
    </trkpt>
    <trkpt lat="-27.0300193" lon="133.4361671">
      <ele>362.0</ele>
    </trkpt>
    <trkpt lat="-27.0301765" lon="133.4362653">
      <ele>362.0</ele>
    </trkpt>
    <trkpt lat="-27.0303336" lon="133.4363635">
      <ele>361.982</ele>
    </trkpt>
    <trkpt lat="-27.0306444" lon="133.4365577">
      <ele>361.68</ele>
    </trkpt>
    <trkpt lat="-27.030648" lon="133.4365599">
      <ele>361.667</ele>
    </trkpt>
    <trkpt lat="-27.0309648" lon="133.4367512">
      <ele>361.16</ele>
    </trkpt>
    <trkpt lat="-27.0311184" lon="133.4368439">
      <ele>361.026</ele>
    </trkpt>
    <trkpt lat="-27.0317397" lon="133.4372539">
      <ele>364.263</ele>
    </trkpt>
    <trkpt lat="-27.0336295" lon="133.4384257">
      <ele>360.643</ele>
    </trkpt>
    <trkpt lat="-27.0342588" lon="133.438817">
      <ele>359.668</ele>
    </trkpt>
    <trkpt lat="-27.034606" lon="133.439035">
      <ele>360.634</ele>
    </trkpt>
    <trkpt lat="-27.0355686" lon="133.4396425">
      <ele>361.32</ele>
    </trkpt>
    <trkpt lat="-27.0396262" lon="133.4421808">
      <ele>359.855</ele>
    </trkpt>
    <trkpt lat="-27.0410186" lon="133.4430447">
      <ele>361.987</ele>
    </trkpt>
    <trkpt lat="-27.0410262" lon="133.4430495">
      <ele>361.993</ele>
    </trkpt>
    <trkpt lat="-27.0411547" lon="133.4431322">
      <ele>362.503</ele>
    </trkpt>
    <trkpt lat="-27.0529671" lon="133.4505506">
      <ele>362.631</ele>
    </trkpt>
    <trkpt lat="-27.0531241" lon="133.4506492">
      <ele>362.584</ele>
    </trkpt>
    <trkpt lat="-27.0592461" lon="133.4544946">
      <ele>372.299</ele>
    </trkpt>
    <trkpt lat="-27.059403" lon="133.4545932">
      <ele>371.219</ele>
    </trkpt>
    <trkpt lat="-27.0632139" lon="133.4569872">
      <ele>372.35</ele>
    </trkpt>
    <trkpt lat="-27.0637982" lon="133.4573543">
      <ele>373.0</ele>
    </trkpt>
    <trkpt lat="-27.0644261" lon="133.4577487">
      <ele>372.798</ele>
    </trkpt>
    <trkpt lat="-27.0645831" lon="133.4578473">
      <ele>373.252</ele>
    </trkpt>
    <trkpt lat="-27.0647401" lon="133.4579459">
      <ele>373.867</ele>
    </trkpt>
    <trkpt lat="-27.0653634" lon="133.4583375">
      <ele>373.985</ele>
    </trkpt>
    <trkpt lat="-27.0663178" lon="133.4589157">
      <ele>375.672</ele>
    </trkpt>
    <trkpt lat="-27.0674746" lon="133.4596166">
      <ele>373.887</ele>
    </trkpt>
    <trkpt lat="-27.0698904" lon="133.4610213">
      <ele>376.917</ele>
    </trkpt>
    <trkpt lat="-27.0716752" lon="133.4620183">
      <ele>379.93</ele>
    </trkpt>
    <trkpt lat="-27.0720783" lon="133.4622348">
      <ele>377.023</ele>
    </trkpt>
    <trkpt lat="-27.0732302" lon="133.4628707">
      <ele>375.583</ele>
    </trkpt>
    <trkpt lat="-27.0757688" lon="133.4641843">
      <ele>378.049</ele>
    </trkpt>
    <trkpt lat="-27.0760764" lon="133.4643446">
      <ele>378.641</ele>
    </trkpt>
    <trkpt lat="-27.0762423" lon="133.4644219">
      <ele>379.825</ele>
    </trkpt>
    <trkpt lat="-27.0764083" lon="133.4644993">
      <ele>381.254</ele>
    </trkpt>
    <trkpt lat="-27.077399" lon="133.4649954">
      <ele>377.973</ele>
    </trkpt>
    <trkpt lat="-27.0775595" lon="133.4650713">
      <ele>378.269</ele>
    </trkpt>
    <trkpt lat="-27.079075" lon="133.4658118">
      <ele>374.974</ele>
    </trkpt>
    <trkpt lat="-27.079339" lon="133.4659273">
      <ele>376.031</ele>
    </trkpt>
    <trkpt lat="-27.0799825" lon="133.4662351">
      <ele>374.509</ele>
    </trkpt>
    <trkpt lat="-27.0820382" lon="133.4671545">
      <ele>372.593</ele>
    </trkpt>
    <trkpt lat="-27.0822142" lon="133.4672298">
      <ele>373.942</ele>
    </trkpt>
    <trkpt lat="-27.0839605" lon="133.4679738">
      <ele>371.476</ele>
    </trkpt>
    <trkpt lat="-27.0868183" lon="133.4691921">
      <ele>369.504</ele>
    </trkpt>
    <trkpt lat="-27.0878262" lon="133.4696148">
      <ele>373.28</ele>
    </trkpt>
    <trkpt lat="-27.0887596" lon="133.4700416">
      <ele>371.604</ele>
    </trkpt>
    <trkpt lat="-27.0893713" lon="133.4703075">
      <ele>371.765</ele>
    </trkpt>
    <trkpt lat="-27.0921909" lon="133.471551">
      <ele>372.036</ele>
    </trkpt>
    <trkpt lat="-27.0979093" lon="133.474078">
      <ele>370.871</ele>
    </trkpt>
    <trkpt lat="-27.0997489" lon="133.4748788">
      <ele>371.054</ele>
    </trkpt>
    <trkpt lat="-27.0999482" lon="133.4749647">
      <ele>371.71</ele>
    </trkpt>
    <trkpt lat="-27.100887" lon="133.4754074">
      <ele>371.954</ele>
    </trkpt>
    <trkpt lat="-27.1018711" lon="133.4758977">
      <ele>371.797</ele>
    </trkpt>
    <trkpt lat="-27.1028944" lon="133.4764388">
      <ele>372.24</ele>
    </trkpt>
    <trkpt lat="-27.1031339" lon="133.476569">
      <ele>372.634</ele>
    </trkpt>
    <trkpt lat="-27.1033745" lon="133.4767027">
      <ele>372.703</ele>
    </trkpt>
    <trkpt lat="-27.10364" lon="133.4768565">
      <ele>370.633</ele>
    </trkpt>
    <trkpt lat="-27.1037566" lon="133.4769247">
      <ele>370.142</ele>
    </trkpt>
    <trkpt lat="-27.1044083" lon="133.4773104">
      <ele>371.0</ele>
    </trkpt>
    <trkpt lat="-27.1044494" lon="133.4773418">
      <ele>370.982</ele>
    </trkpt>
    <trkpt lat="-27.105559" lon="133.4780289">
      <ele>372.011</ele>
    </trkpt>
    <trkpt lat="-27.1065997" lon="133.4787199">
      <ele>370.221</ele>
    </trkpt>
    <trkpt lat="-27.1075464" lon="133.4793833">
      <ele>371.963</ele>
    </trkpt>
    <trkpt lat="-27.1084428" lon="133.4800572">
      <ele>370.6</ele>
    </trkpt>
    <trkpt lat="-27.1093251" lon="133.4807586">
      <ele>369.282</ele>
    </trkpt>
    <trkpt lat="-27.109739" lon="133.4810893">
      <ele>369.005</ele>
    </trkpt>
    <trkpt lat="-27.1100531" lon="133.4813425">
      <ele>369.674</ele>
    </trkpt>
    <trkpt lat="-27.1102804" lon="133.4815367">
      <ele>369.537</ele>
    </trkpt>
    <trkpt lat="-27.1111631" lon="133.4822915">
      <ele>371.343</ele>
    </trkpt>
    <trkpt lat="-27.1121469" lon="133.4831962">
      <ele>369.137</ele>
    </trkpt>
    <trkpt lat="-27.112793" lon="133.4838215">
      <ele>370.877</ele>
    </trkpt>
    <trkpt lat="-27.1135143" lon="133.4845589">
      <ele>373.766</ele>
    </trkpt>
    <trkpt lat="-27.1137804" lon="133.4848309">
      <ele>371.39</ele>
    </trkpt>
    <trkpt lat="-27.1138727" lon="133.4849252">
      <ele>370.386</ele>
    </trkpt>
    <trkpt lat="-27.1139123" lon="133.4849682">
      <ele>370.04</ele>
    </trkpt>
    <trkpt lat="-27.1140417" lon="133.4851086">
      <ele>370.193</ele>
    </trkpt>
    <trkpt lat="-27.1143005" lon="133.4853894">
      <ele>369.646</ele>
    </trkpt>
    <trkpt lat="-27.1144298" lon="133.4855298">
      <ele>369.061</ele>
    </trkpt>
    <trkpt lat="-27.1147174" lon="133.4858419">
      <ele>368.096</ele>
    </trkpt>
    <trkpt lat="-27.1149413" lon="133.4860981">
      <ele>370.695</ele>
    </trkpt>
    <trkpt lat="-27.1153193" lon="133.4865307">
      <ele>371.149</ele>
    </trkpt>
    <trkpt lat="-27.1154453" lon="133.4866749">
      <ele>371.603</ele>
    </trkpt>
    <trkpt lat="-27.115652" lon="133.4869116">
      <ele>372.082</ele>
    </trkpt>
    <trkpt lat="-27.1159538" lon="133.4872756">
      <ele>371.0</ele>
    </trkpt>
    <trkpt lat="-27.1162224" lon="133.4876005">
      <ele>370.561</ele>
    </trkpt>
    <trkpt lat="-27.1162694" lon="133.4876574">
      <ele>370.427</ele>
    </trkpt>
    <trkpt lat="-27.1173815" lon="133.4890698">
      <ele>374.149</ele>
    </trkpt>
    <trkpt lat="-27.118124" lon="133.4900471">
      <ele>376.288</ele>
    </trkpt>
    <trkpt lat="-27.1183028" lon="133.4903078">
      <ele>377.888</ele>
    </trkpt>
    <trkpt lat="-27.1187242" lon="133.4909225">
      <ele>375.865</ele>
    </trkpt>
    <trkpt lat="-27.1192904" lon="133.4917768">
      <ele>375.329</ele>
    </trkpt>
    <trkpt lat="-27.1195986" lon="133.4922449">
      <ele>374.127</ele>
    </trkpt>
    <trkpt lat="-27.1201647" lon="133.4931351">
      <ele>378.528</ele>
    </trkpt>
    <trkpt lat="-27.1202237" lon="133.4932352">
      <ele>377.743</ele>
    </trkpt>
    <trkpt lat="-27.1206534" lon="133.4939639">
      <ele>376.352</ele>
    </trkpt>
    <trkpt lat="-27.1208769" lon="133.4943647">
      <ele>376.399</ele>
    </trkpt>
    <trkpt lat="-27.12091" lon="133.4944211">
      <ele>376.337</ele>
    </trkpt>
    <trkpt lat="-27.1211078" lon="133.4947577">
      <ele>376.734</ele>
    </trkpt>
    <trkpt lat="-27.1226517" lon="133.4974691">
      <ele>376.628</ele>
    </trkpt>
    <trkpt lat="-27.1231876" lon="133.4984101">
      <ele>380.457</ele>
    </trkpt>
    <trkpt lat="-27.1235354" lon="133.4990113">
      <ele>381.321</ele>
    </trkpt>
    <trkpt lat="-27.1235931" lon="133.4991111">
      <ele>381.748</ele>
    </trkpt>
    <trkpt lat="-27.1238293" lon="133.4995197">
      <ele>383.056</ele>
    </trkpt>
    <trkpt lat="-27.1242931" lon="133.5003219">
      <ele>381.072</ele>
    </trkpt>
    <trkpt lat="-27.1246993" lon="133.5010534">
      <ele>378.672</ele>
    </trkpt>
    <trkpt lat="-27.1247945" lon="133.5012249">
      <ele>377.893</ele>
    </trkpt>
    <trkpt lat="-27.1248897" lon="133.5013963">
      <ele>377.429</ele>
    </trkpt>
    <trkpt lat="-27.1250377" lon="133.5016628">
      <ele>379.108</ele>
    </trkpt>
    <trkpt lat="-27.1257609" lon="133.5029293">
      <ele>380.83</ele>
    </trkpt>
    <trkpt lat="-27.125858" lon="133.5030994">
      <ele>381.986</ele>
    </trkpt>
    <trkpt lat="-27.1262281" lon="133.5037477">
      <ele>380.207</ele>
    </trkpt>
    <trkpt lat="-27.1263442" lon="133.5039494">
      <ele>380.804</ele>
    </trkpt>
    <trkpt lat="-27.1267348" lon="133.5046283">
      <ele>382.245</ele>
    </trkpt>
    <trkpt lat="-27.1268324" lon="133.504798">
      <ele>382.051</ele>
    </trkpt>
    <trkpt lat="-27.1270277" lon="133.5051375">
      <ele>380.805</ele>
    </trkpt>
    <trkpt lat="-27.1275837" lon="133.5061037">
      <ele>380.405</ele>
    </trkpt>
    <trkpt lat="-27.1282237" lon="133.5071572">
      <ele>380.283</ele>
    </trkpt>
    <trkpt lat="-27.1283282" lon="133.5073205">
      <ele>379.653</ele>
    </trkpt>
    <trkpt lat="-27.1284332" lon="133.5074846">
      <ele>379.055</ele>
    </trkpt>
    <trkpt lat="-27.1285382" lon="133.5076487">
      <ele>379.535</ele>
    </trkpt>
    <trkpt lat="-27.1286432" lon="133.5078128">
      <ele>380.242</ele>
    </trkpt>
    <trkpt lat="-27.1287482" lon="133.5079768">
      <ele>381.21</ele>
    </trkpt>
    <trkpt lat="-27.1289258" lon="133.5082542">
      <ele>382.0</ele>
    </trkpt>
    <trkpt lat="-27.1300624" lon="133.5099072">
      <ele>376.775</ele>
    </trkpt>
    <trkpt lat="-27.1308793" lon="133.5110014">
      <ele>376.0</ele>
    </trkpt>
    <trkpt lat="-27.1313285" lon="133.5115795">
      <ele>375.994</ele>
    </trkpt>
    <trkpt lat="-27.1322743" lon="133.5127623">
      <ele>370.909</ele>
    </trkpt>
    <trkpt lat="-27.1329321" lon="133.5135212">
      <ele>371.092</ele>
    </trkpt>
    <trkpt lat="-27.133434" lon="133.5141003">
      <ele>368.565</ele>
    </trkpt>
    <trkpt lat="-27.1334754" lon="133.5141481">
      <ele>368.668</ele>
    </trkpt>
    <trkpt lat="-27.1338289" lon="133.5145134">
      <ele>372.514</ele>
    </trkpt>
    <trkpt lat="-27.1338662" lon="133.5145519">
      <ele>372.805</ele>
    </trkpt>
    <trkpt lat="-27.1340886" lon="133.5147931">
      <ele>371.562</ele>
    </trkpt>
    <trkpt lat="-27.134218" lon="133.5149335">
      <ele>370.49</ele>
    </trkpt>
    <trkpt lat="-27.1346155" lon="133.5153645">
      <ele>368.736</ele>
    </trkpt>
    <trkpt lat="-27.1348755" lon="133.5156227">
      <ele>368.138</ele>
    </trkpt>
    <trkpt lat="-27.1357818" lon="133.5165227">
      <ele>368.667</ele>
    </trkpt>
    <trkpt lat="-27.1367828" lon="133.5174698">
      <ele>365.899</ele>
    </trkpt>
    <trkpt lat="-27.1368558" lon="133.5175389">
      <ele>366.406</ele>
    </trkpt>
    <trkpt lat="-27.137585" lon="133.5181628">
      <ele>368.238</ele>
    </trkpt>
    <trkpt lat="-27.1382875" lon="133.5187578">
      <ele>366.109</ele>
    </trkpt>
    <trkpt lat="-27.138946" lon="133.5192806">
      <ele>366.879</ele>
    </trkpt>
    <trkpt lat="-27.1390929" lon="133.5193972">
      <ele>366.875</ele>
    </trkpt>
    <trkpt lat="-27.1392398" lon="133.5195138">
      <ele>367.118</ele>
    </trkpt>
    <trkpt lat="-27.1393867" lon="133.5196304">
      <ele>366.609</ele>
    </trkpt>
    <trkpt lat="-27.1396805" lon="133.5198637">
      <ele>363.282</ele>
    </trkpt>
    <trkpt lat="-27.1397625" lon="133.5199288">
      <ele>362.728</ele>
    </trkpt>
    <trkpt lat="-27.1398281" lon="133.5199792">
      <ele>362.855</ele>
    </trkpt>
    <trkpt lat="-27.1404046" lon="133.5204226">
      <ele>362.195</ele>
    </trkpt>
    <trkpt lat="-27.1409727" lon="133.5208294">
      <ele>367.466</ele>
    </trkpt>
    <trkpt lat="-27.141323" lon="133.5210791">
      <ele>366.772</ele>
    </trkpt>
    <trkpt lat="-27.1419917" lon="133.5215376">
      <ele>363.535</ele>
    </trkpt>
    <trkpt lat="-27.1426905" lon="133.5219997">
      <ele>367.513</ele>
    </trkpt>
    <trkpt lat="-27.1431741" lon="133.5223091">
      <ele>363.707</ele>
    </trkpt>
    <trkpt lat="-27.1433994" lon="133.5224451">
      <ele>363.802</ele>
    </trkpt>
    <trkpt lat="-27.1443035" lon="133.5229821">
      <ele>363.507</ele>
    </trkpt>
    <trkpt lat="-27.1449639" lon="133.5233744">
      <ele>363.259</ele>
    </trkpt>
    <trkpt lat="-27.1462815" lon="133.5240837">
      <ele>364.789</ele>
    </trkpt>
    <trkpt lat="-27.1475989" lon="133.524733">
      <ele>364.608</ele>
    </trkpt>
    <trkpt lat="-27.1488353" lon="133.5252868">
      <ele>366.219</ele>
    </trkpt>
    <trkpt lat="-27.1493971" lon="133.52553">
      <ele>365.155</ele>
    </trkpt>
    <trkpt lat="-27.1500339" lon="133.5258035">
      <ele>363.987</ele>
    </trkpt>
    <trkpt lat="-27.1514711" lon="133.5263409">
      <ele>361.776</ele>
    </trkpt>
    <trkpt lat="-27.1523089" lon="133.5266402">
      <ele>363.161</ele>
    </trkpt>
    <trkpt lat="-27.1535698" lon="133.5270396">
      <ele>363.343</ele>
    </trkpt>
    <trkpt lat="-27.1549351" lon="133.5274118">
      <ele>362.449</ele>
    </trkpt>
    <trkpt lat="-27.1559835" lon="133.5276863">
      <ele>363.822</ele>
    </trkpt>
    <trkpt lat="-27.1568922" lon="133.5278836">
      <ele>362.569</ele>
    </trkpt>
    <trkpt lat="-27.1569527" lon="133.5278969">
      <ele>362.416</ele>
    </trkpt>
    <trkpt lat="-27.1576929" lon="133.5280575">
      <ele>362.993</ele>
    </trkpt>
    <trkpt lat="-27.1593049" lon="133.5284004">
      <ele>363.499</ele>
    </trkpt>
    <trkpt lat="-27.161779" lon="133.5289268">
      <ele>362.732</ele>
    </trkpt>
    <trkpt lat="-27.1619557" lon="133.5289644">
      <ele>362.283</ele>
    </trkpt>
    <trkpt lat="-27.1621325" lon="133.529002">
      <ele>362.683</ele>
    </trkpt>
    <trkpt lat="-27.1623092" lon="133.5290396">
      <ele>362.915</ele>
    </trkpt>
    <trkpt lat="-27.162486" lon="133.5290772">
      <ele>362.712</ele>
    </trkpt>
    <trkpt lat="-27.1631929" lon="133.5292276">
      <ele>362.211</ele>
    </trkpt>
    <trkpt lat="-27.1633696" lon="133.5292652">
      <ele>362.869</ele>
    </trkpt>
    <trkpt lat="-27.1711455" lon="133.5309197">
      <ele>356.124</ele>
    </trkpt>
    <trkpt lat="-27.1721614" lon="133.5311359">
      <ele>358.781</ele>
    </trkpt>
    <trkpt lat="-27.1731294" lon="133.5313356">
      <ele>356.169</ele>
    </trkpt>
    <trkpt lat="-27.1750177" lon="133.5317254">
      <ele>352.198</ele>
    </trkpt>
    <trkpt lat="-27.1753224" lon="133.531794">
      <ele>352.087</ele>
    </trkpt>
    <trkpt lat="-27.1763806" lon="133.5320324">
      <ele>351.723</ele>
    </trkpt>
    <trkpt lat="-27.1772228" lon="133.5322221">
      <ele>350.004</ele>
    </trkpt>
    <trkpt lat="-27.1792177" lon="133.5327037">
      <ele>354.249</ele>
    </trkpt>
    <trkpt lat="-27.1811786" lon="133.5332219">
      <ele>352.453</ele>
    </trkpt>
    <trkpt lat="-27.1832181" lon="133.533789">
      <ele>351.736</ele>
    </trkpt>
    <trkpt lat="-27.1840316" lon="133.5340152">
      <ele>352.234</ele>
    </trkpt>
    <trkpt lat="-27.1865221" lon="133.5347699">
      <ele>353.082</ele>
    </trkpt>
    <trkpt lat="-27.1866958" lon="133.5348225">
      <ele>353.218</ele>
    </trkpt>
    <trkpt lat="-27.1868695" lon="133.5348751">
      <ele>352.418</ele>
    </trkpt>
    <trkpt lat="-27.1869335" lon="133.5348945">
      <ele>352.064</ele>
    </trkpt>
    <trkpt lat="-27.1870426" lon="133.5349301">
      <ele>351.382</ele>
    </trkpt>
    <trkpt lat="-27.1872153" lon="133.5349865">
      <ele>350.097</ele>
    </trkpt>
    <trkpt lat="-27.187388" lon="133.535043">
      <ele>349.558</ele>
    </trkpt>
    <trkpt lat="-27.1890181" lon="133.5355759">
      <ele>349.009</ele>
    </trkpt>
    <trkpt lat="-27.189759" lon="133.5358245">
      <ele>348.931</ele>
    </trkpt>
    <trkpt lat="-27.1906601" lon="133.5361668">
      <ele>347.699</ele>
    </trkpt>
    <trkpt lat="-27.1913462" lon="133.5363924">
      <ele>348.0</ele>
    </trkpt>
    <trkpt lat="-27.1915189" lon="133.5364492">
      <ele>347.634</ele>
    </trkpt>
    <trkpt lat="-27.1920367" lon="133.5366195">
      <ele>347.611</ele>
    </trkpt>
    <trkpt lat="-27.1921895" lon="133.5366697">
      <ele>347.129</ele>
    </trkpt>
    <trkpt lat="-27.1925504" lon="133.536805">
      <ele>346.407</ele>
    </trkpt>
    <trkpt lat="-27.1927211" lon="133.5368689">
      <ele>346.512</ele>
    </trkpt>
    <trkpt lat="-27.1940862" lon="133.5373804">
      <ele>345.849</ele>
    </trkpt>
    <trkpt lat="-27.1942568" lon="133.5374443">
      <ele>346.923</ele>
    </trkpt>
    <trkpt lat="-27.194407" lon="133.5375006">
      <ele>347.867</ele>
    </trkpt>
    <trkpt lat="-27.1957849" lon="133.5380449">
      <ele>345.756</ele>
    </trkpt>
    <trkpt lat="-27.1959546" lon="133.5381119">
      <ele>345.07</ele>
    </trkpt>
    <trkpt lat="-27.1968194" lon="133.5384535">
      <ele>341.745</ele>
    </trkpt>
    <trkpt lat="-27.1978156" lon="133.5388668">
      <ele>341.943</ele>
    </trkpt>
    <trkpt lat="-27.1981531" lon="133.5390068">
      <ele>340.5</ele>
    </trkpt>
    <trkpt lat="-27.1987928" lon="133.5392722">
      <ele>341.342</ele>
    </trkpt>
    <trkpt lat="-27.2000066" lon="133.5397848">
      <ele>343.809</ele>
    </trkpt>
    <trkpt lat="-27.2001976" lon="133.5398654">
      <ele>344.929</ele>
    </trkpt>
    <trkpt lat="-27.2010083" lon="133.5402361">
      <ele>344.85</ele>
    </trkpt>
    <trkpt lat="-27.201175" lon="133.5403123">
      <ele>344.569</ele>
    </trkpt>
    <trkpt lat="-27.2025078" lon="133.5409218">
      <ele>340.019</ele>
    </trkpt>
    <trkpt lat="-27.2039666" lon="133.5415888">
      <ele>343.201</ele>
    </trkpt>
    <trkpt lat="-27.2053218" lon="133.5422403">
      <ele>340.945</ele>
    </trkpt>
    <trkpt lat="-27.2071359" lon="133.5431532">
      <ele>337.215</ele>
    </trkpt>
    <trkpt lat="-27.207175" lon="133.5431729">
      <ele>337.113</ele>
    </trkpt>
    <trkpt lat="-27.2074633" lon="133.5433209">
      <ele>337.949</ele>
    </trkpt>
    <trkpt lat="-27.2079542" lon="133.5435728">
      <ele>340.95</ele>
    </trkpt>
    <trkpt lat="-27.2090996" lon="133.5441606">
      <ele>336.983</ele>
    </trkpt>
    <trkpt lat="-27.2091327" lon="133.5441776">
      <ele>337.039</ele>
    </trkpt>
    <trkpt lat="-27.2092619" lon="133.5442476">
      <ele>337.291</ele>
    </trkpt>
    <trkpt lat="-27.2099101" lon="133.5445988">
      <ele>337.736</ele>
    </trkpt>
    <trkpt lat="-27.2100721" lon="133.5446866">
      <ele>337.872</ele>
    </trkpt>
    <trkpt lat="-27.210772" lon="133.5450658">
      <ele>338.558</ele>
    </trkpt>
    <trkpt lat="-27.2112666" lon="133.5453425">
      <ele>340.0</ele>
    </trkpt>
    <trkpt lat="-27.2118402" lon="133.5456408">
      <ele>339.375</ele>
    </trkpt>
    <trkpt lat="-27.2120165" lon="133.5457397">
      <ele>338.741</ele>
    </trkpt>
    <trkpt lat="-27.213253" lon="133.5464328">
      <ele>340.842</ele>
    </trkpt>
    <trkpt lat="-27.2159404" lon="133.5480051">
      <ele>341.93</ele>
    </trkpt>
    <trkpt lat="-27.2169617" lon="133.5486349">
      <ele>343.057</ele>
    </trkpt>
    <trkpt lat="-27.2171194" lon="133.5487321">
      <ele>343.356</ele>
    </trkpt>
    <trkpt lat="-27.2172771" lon="133.5488294">
      <ele>343.214</ele>
    </trkpt>
    <trkpt lat="-27.2174348" lon="133.5489266">
      <ele>343.136</ele>
    </trkpt>
    <trkpt lat="-27.2177503" lon="133.5491211">
      <ele>342.329</ele>
    </trkpt>
    <trkpt lat="-27.2179432" lon="133.54924">
      <ele>342.702</ele>
    </trkpt>
    <trkpt lat="-27.2211884" lon="133.5513115">
      <ele>339.835</ele>
    </trkpt>
    <trkpt lat="-27.2227314" lon="133.5523626">
      <ele>339.167</ele>
    </trkpt>
    <trkpt lat="-27.2233468" lon="133.5527818">
      <ele>338.014</ele>
    </trkpt>
    <trkpt lat="-27.2235007" lon="133.5528866">
      <ele>338.156</ele>
    </trkpt>
    <trkpt lat="-27.2236267" lon="133.5529725">
      <ele>338.023</ele>
    </trkpt>
    <trkpt lat="-27.2236544" lon="133.5529916">
      <ele>338.084</ele>
    </trkpt>
    <trkpt lat="-27.2238077" lon="133.5530975">
      <ele>338.903</ele>
    </trkpt>
    <trkpt lat="-27.2248839" lon="133.5538415">
      <ele>341.0</ele>
    </trkpt>
    <trkpt lat="-27.2265574" lon="133.5550546">
      <ele>343.094</ele>
    </trkpt>
    <trkpt lat="-27.2274454" lon="133.5557104">
      <ele>343.187</ele>
    </trkpt>
    <trkpt lat="-27.2275957" lon="133.5558215">
      <ele>343.628</ele>
    </trkpt>
    <trkpt lat="-27.2291951" lon="133.5570028">
      <ele>343.21</ele>
    </trkpt>
    <trkpt lat="-27.2301544" lon="133.5577043">
      <ele>344.062</ele>
    </trkpt>
    <trkpt lat="-27.2304559" lon="133.5579248">
      <ele>344.831</ele>
    </trkpt>
    <trkpt lat="-27.230607" lon="133.5580353">
      <ele>344.986</ele>
    </trkpt>
    <trkpt lat="-27.2307568" lon="133.5581466">
      <ele>344.763</ele>
    </trkpt>
    <trkpt lat="-27.2309069" lon="133.5582581">
      <ele>343.741</ele>
    </trkpt>
    <trkpt lat="-27.2315072" lon="133.5587041">
      <ele>342.051</ele>
    </trkpt>
    <trkpt lat="-27.2328335" lon="133.5596895">
      <ele>346.481</ele>
    </trkpt>
    <trkpt lat="-27.2340924" lon="133.5606002">
      <ele>342.626</ele>
    </trkpt>
    <trkpt lat="-27.2400884" lon="133.5650134">
      <ele>340.0</ele>
    </trkpt>
    <trkpt lat="-27.2415668" lon="133.5660957">
      <ele>340.02</ele>
    </trkpt>
    <trkpt lat="-27.2470153" lon="133.5701173">
      <ele>336.677</ele>
    </trkpt>
    <trkpt lat="-27.2476559" lon="133.5705882">
      <ele>339.679</ele>
    </trkpt>
    <trkpt lat="-27.2488849" lon="133.5714903">
      <ele>339.351</ele>
    </trkpt>
    <trkpt lat="-27.2491648" lon="133.5716963">
      <ele>340.001</ele>
    </trkpt>
    <trkpt lat="-27.2500671" lon="133.5723682">
      <ele>335.0</ele>
    </trkpt>
    <trkpt lat="-27.2515" lon="133.5734422">
      <ele>333.643</ele>
    </trkpt>
    <trkpt lat="-27.2521221" lon="133.5739191">
      <ele>335.0</ele>
    </trkpt>
    <trkpt lat="-27.2546964" lon="133.5759184">
      <ele>331.528</ele>
    </trkpt>
    <trkpt lat="-27.2558392" lon="133.5768344">
      <ele>332.974</ele>
    </trkpt>
    <trkpt lat="-27.2566378" lon="133.5774758">
      <ele>333.086</ele>
    </trkpt>
    <trkpt lat="-27.2571541" lon="133.577899">
      <ele>331.564</ele>
    </trkpt>
    <trkpt lat="-27.2583686" lon="133.5789074">
      <ele>335.058</ele>
    </trkpt>
    <trkpt lat="-27.2589795" lon="133.5794375">
      <ele>333.348</ele>
    </trkpt>
    <trkpt lat="-27.2594671" lon="133.5798435">
      <ele>330.128</ele>
    </trkpt>
    <trkpt lat="-27.2595642" lon="133.5799256">
      <ele>330.547</ele>
    </trkpt>
    <trkpt lat="-27.260562" lon="133.5807773">
      <ele>330.22</ele>
    </trkpt>
    <trkpt lat="-27.2625169" lon="133.5824737">
      <ele>334.006</ele>
    </trkpt>
    <trkpt lat="-27.2634317" lon="133.5832997">
      <ele>331.389</ele>
    </trkpt>
    <trkpt lat="-27.2640692" lon="133.5838735">
      <ele>331.928</ele>
    </trkpt>
    <trkpt lat="-27.2646788" lon="133.5844482">
      <ele>328.299</ele>
    </trkpt>
    <trkpt lat="-27.2649617" lon="133.5847104">
      <ele>327.868</ele>
    </trkpt>
    <trkpt lat="-27.2662767" lon="133.5859115">
      <ele>331.428</ele>
    </trkpt>
    <trkpt lat="-27.2680022" lon="133.5875669">
      <ele>328.808</ele>
    </trkpt>
    <trkpt lat="-27.2691258" lon="133.5886639">
      <ele>328.281</ele>
    </trkpt>
    <trkpt lat="-27.2696269" lon="133.5891577">
      <ele>327.99</ele>
    </trkpt>
    <trkpt lat="-27.2720548" lon="133.5915717">
      <ele>329.548</ele>
    </trkpt>
    <trkpt lat="-27.2746752" lon="133.594182">
      <ele>327.27</ele>
    </trkpt>
    <trkpt lat="-27.275187" lon="133.5946935">
      <ele>328.897</ele>
    </trkpt>
    <trkpt lat="-27.275495" lon="133.5950023">
      <ele>331.223</ele>
    </trkpt>
    <trkpt lat="-27.2758978" lon="133.5954062">
      <ele>328.843</ele>
    </trkpt>
    <trkpt lat="-27.2765692" lon="133.5960794">
      <ele>325.338</ele>
    </trkpt>
    <trkpt lat="-27.2773749" lon="133.5968872">
      <ele>324.323</ele>
    </trkpt>
    <trkpt lat="-27.2774877" lon="133.5970004">
      <ele>324.956</ele>
    </trkpt>
    <trkpt lat="-27.2789215" lon="133.598438">
      <ele>327.073</ele>
    </trkpt>
    <trkpt lat="-27.2796327" lon="133.5991512">
      <ele>325.645</ele>
    </trkpt>
    <trkpt lat="-27.2798723" lon="133.5993902">
      <ele>326.239</ele>
    </trkpt>
    <trkpt lat="-27.2811132" lon="133.6006356">
      <ele>324.719</ele>
    </trkpt>
    <trkpt lat="-27.2821487" lon="133.6016659">
      <ele>327.001</ele>
    </trkpt>
    <trkpt lat="-27.2826926" lon="133.6021936">
      <ele>327.897</ele>
    </trkpt>
    <trkpt lat="-27.2839975" lon="133.6034562">
      <ele>325.833</ele>
    </trkpt>
    <trkpt lat="-27.2847858" lon="133.6042007">
      <ele>325.632</ele>
    </trkpt>
    <trkpt lat="-27.2867144" lon="133.6060007">
      <ele>323.569</ele>
    </trkpt>
    <trkpt lat="-27.2875358" lon="133.6067519">
      <ele>327.871</ele>
    </trkpt>
    <trkpt lat="-27.2881586" lon="133.6073323">
      <ele>324.38</ele>
    </trkpt>
    <trkpt lat="-27.2885585" lon="133.6076682">
      <ele>324.901</ele>
    </trkpt>
    <trkpt lat="-27.2893103" lon="133.6083528">
      <ele>323.413</ele>
    </trkpt>
    <trkpt lat="-27.2899913" lon="133.6089546">
      <ele>322.251</ele>
    </trkpt>
    <trkpt lat="-27.2905343" lon="133.609435">
      <ele>323.966</ele>
    </trkpt>
    <trkpt lat="-27.2913503" lon="133.6101387">
      <ele>326.001</ele>
    </trkpt>
    <trkpt lat="-27.2917785" lon="133.6105118">
      <ele>323.527</ele>
    </trkpt>
    <trkpt lat="-27.292162" lon="133.6108344">
      <ele>327.003</ele>
    </trkpt>
    <trkpt lat="-27.2923062" lon="133.6109553">
      <ele>325.927</ele>
    </trkpt>
    <trkpt lat="-27.293459" lon="133.6119244">
      <ele>320.62</ele>
    </trkpt>
    <trkpt lat="-27.2936031" lon="133.6120459">
      <ele>320.373</ele>
    </trkpt>
    <trkpt lat="-27.2937474" lon="133.6121671">
      <ele>321.292</ele>
    </trkpt>
    <trkpt lat="-27.2940415" lon="133.6124141">
      <ele>321.932</ele>
    </trkpt>
    <trkpt lat="-27.2947384" lon="133.6129929">
      <ele>324.671</ele>
    </trkpt>
    <trkpt lat="-27.2949358" lon="133.6131529">
      <ele>323.112</ele>
    </trkpt>
    <trkpt lat="-27.2957974" lon="133.6138534">
      <ele>324.871</ele>
    </trkpt>
    <trkpt lat="-27.2963527" lon="133.6143054">
      <ele>324.065</ele>
    </trkpt>
    <trkpt lat="-27.2963888" lon="133.6143355">
      <ele>324.0</ele>
    </trkpt>
    <trkpt lat="-27.2971334" lon="133.614931">
      <ele>322.921</ele>
    </trkpt>
    <trkpt lat="-27.2978321" lon="133.6154898">
      <ele>323.768</ele>
    </trkpt>
    <trkpt lat="-27.2986235" lon="133.6161311">
      <ele>324.993</ele>
    </trkpt>
    <trkpt lat="-27.299359" lon="133.6167134">
      <ele>324.803</ele>
    </trkpt>
    <trkpt lat="-27.2993634" lon="133.6167169">
      <ele>324.749</ele>
    </trkpt>
    <trkpt lat="-27.2995065" lon="133.6168293">
      <ele>322.966</ele>
    </trkpt>
    <trkpt lat="-27.2995123" lon="133.6168339">
      <ele>322.902</ele>
    </trkpt>
    <trkpt lat="-27.3005774" lon="133.6176766">
      <ele>321.414</ele>
    </trkpt>
    <trkpt lat="-27.3007396" lon="133.6178061">
      <ele>321.799</ele>
    </trkpt>
    <trkpt lat="-27.3013261" lon="133.6182888">
      <ele>322.066</ele>
    </trkpt>
    <trkpt lat="-27.3016102" lon="133.6185279">
      <ele>322.381</ele>
    </trkpt>
    <trkpt lat="-27.3024564" lon="133.6192834">
      <ele>320.489</ele>
    </trkpt>
    <trkpt lat="-27.3029664" lon="133.6197618">
      <ele>323.0</ele>
    </trkpt>
    <trkpt lat="-27.3037284" lon="133.620521">
      <ele>322.928</ele>
    </trkpt>
    <trkpt lat="-27.3038367" lon="133.6206384">
      <ele>323.056</ele>
    </trkpt>
    <trkpt lat="-27.3044805" lon="133.6212567">
      <ele>325.068</ele>
    </trkpt>
    <trkpt lat="-27.3054751" lon="133.6222687">
      <ele>322.338</ele>
    </trkpt>
    <trkpt lat="-27.3058722" lon="133.6227216">
      <ele>322.14</ele>
    </trkpt>
    <trkpt lat="-27.3067151" lon="133.6236795">
      <ele>322.897</ele>
    </trkpt>
    <trkpt lat="-27.3075171" lon="133.6246442">
      <ele>321.648</ele>
    </trkpt>
    <trkpt lat="-27.3079364" lon="133.6252091">
      <ele>319.505</ele>
    </trkpt>
    <trkpt lat="-27.3085778" lon="133.6259774">
      <ele>319.12</ele>
    </trkpt>
    <trkpt lat="-27.3093954" lon="133.6269216">
      <ele>319.191</ele>
    </trkpt>
    <trkpt lat="-27.3096359" lon="133.6272067">
      <ele>320.672</ele>
    </trkpt>
    <trkpt lat="-27.3103747" lon="133.6280351">
      <ele>321.724</ele>
    </trkpt>
    <trkpt lat="-27.3103787" lon="133.6280408">
      <ele>321.746</ele>
    </trkpt>
    <trkpt lat="-27.3110383" lon="133.628753">
      <ele>324.019</ele>
    </trkpt>
    <trkpt lat="-27.3118641" lon="133.6295927">
      <ele>322.331</ele>
    </trkpt>
    <trkpt lat="-27.3128259" lon="133.630527">
      <ele>322.361</ele>
    </trkpt>
    <trkpt lat="-27.3130659" lon="133.6307558">
      <ele>323.037</ele>
    </trkpt>
    <trkpt lat="-27.3133173" lon="133.6309784">
      <ele>323.45</ele>
    </trkpt>
    <trkpt lat="-27.3134172" lon="133.6310696">
      <ele>322.893</ele>
    </trkpt>
    <trkpt lat="-27.3136013" lon="133.6312341">
      <ele>322.462</ele>
    </trkpt>
    <trkpt lat="-27.3143977" lon="133.6319477">
      <ele>324.021</ele>
    </trkpt>
    <trkpt lat="-27.315253" lon="133.6326677">
      <ele>322.817</ele>
    </trkpt>
    <trkpt lat="-27.3162532" lon="133.63347">
      <ele>322.993</ele>
    </trkpt>
    <trkpt lat="-27.3167265" lon="133.6338291">
      <ele>323.431</ele>
    </trkpt>
    <trkpt lat="-27.3172777" lon="133.6342264">
      <ele>326.215</ele>
    </trkpt>
    <trkpt lat="-27.3174634" lon="133.6343602">
      <ele>326.697</ele>
    </trkpt>
    <trkpt lat="-27.3177319" lon="133.6345543">
      <ele>326.605</ele>
    </trkpt>
    <trkpt lat="-27.3178832" lon="133.6346637">
      <ele>326.211</ele>
    </trkpt>
    <trkpt lat="-27.3181641" lon="133.6348669">
      <ele>325.495</ele>
    </trkpt>
    <trkpt lat="-27.3190397" lon="133.6354593">
      <ele>325.0</ele>
    </trkpt>
    <trkpt lat="-27.3219074" lon="133.6372969">
      <ele>325.634</ele>
    </trkpt>
    <trkpt lat="-27.3220293" lon="133.6373762">
      <ele>325.446</ele>
    </trkpt>
    <trkpt lat="-27.3231746" lon="133.6381131">
      <ele>326.364</ele>
    </trkpt>
    <trkpt lat="-27.325299" lon="133.6394569">
      <ele>325.045</ele>
    </trkpt>
    <trkpt lat="-27.3277992" lon="133.6410668">
      <ele>324.249</ele>
    </trkpt>
    <trkpt lat="-27.330057" lon="133.6425429">
      <ele>321.795</ele>
    </trkpt>
    <trkpt lat="-27.3311273" lon="133.6432019">
      <ele>322.028</ele>
    </trkpt>
    <trkpt lat="-27.3317217" lon="133.6435824">
      <ele>322.396</ele>
    </trkpt>
    <trkpt lat="-27.3335024" lon="133.644731">
      <ele>321.404</ele>
    </trkpt>
    <trkpt lat="-27.3349285" lon="133.645651">
      <ele>319.513</ele>
    </trkpt>
    <trkpt lat="-27.335219" lon="133.6458384">
      <ele>319.212</ele>
    </trkpt>
    <trkpt lat="-27.335375" lon="133.6459391">
      <ele>319.567</ele>
    </trkpt>
    <trkpt lat="-27.3356871" lon="133.6461405">
      <ele>320.579</ele>
    </trkpt>
    <trkpt lat="-27.3358432" lon="133.6462412">
      <ele>321.485</ele>
    </trkpt>
    <trkpt lat="-27.3370283" lon="133.6470059">
      <ele>320.0</ele>
    </trkpt>
    <trkpt lat="-27.3378732" lon="133.6475473">
      <ele>320.17</ele>
    </trkpt>
    <trkpt lat="-27.3381859" lon="133.6477476">
      <ele>320.473</ele>
    </trkpt>
    <trkpt lat="-27.3383422" lon="133.6478478">
      <ele>320.008</ele>
    </trkpt>
    <trkpt lat="-27.3389675" lon="133.6482484">
      <ele>321.416</ele>
    </trkpt>
    <trkpt lat="-27.3403676" lon="133.6491455">
      <ele>324.625</ele>
    </trkpt>
    <trkpt lat="-27.3403743" lon="133.6491498">
      <ele>324.613</ele>
    </trkpt>
    <trkpt lat="-27.3405306" lon="133.6492502">
      <ele>323.789</ele>
    </trkpt>
    <trkpt lat="-27.3408429" lon="133.649451">
      <ele>322.943</ele>
    </trkpt>
    <trkpt lat="-27.3421453" lon="133.6502884">
      <ele>322.408</ele>
    </trkpt>
    <trkpt lat="-27.3450391" lon="133.6521527">
      <ele>323.035</ele>
    </trkpt>
    <trkpt lat="-27.3481875" lon="133.6541787">
      <ele>323.502</ele>
    </trkpt>
    <trkpt lat="-27.3494314" lon="133.6549778">
      <ele>325.953</ele>
    </trkpt>
    <trkpt lat="-27.3528488" lon="133.6571732">
      <ele>325.824</ele>
    </trkpt>
    <trkpt lat="-27.3541208" lon="133.6579832">
      <ele>328.783</ele>
    </trkpt>
    <trkpt lat="-27.3544339" lon="133.6581826">
      <ele>327.059</ele>
    </trkpt>
    <trkpt lat="-27.3545905" lon="133.6582823">
      <ele>327.0</ele>
    </trkpt>
    <trkpt lat="-27.354747" lon="133.658382">
      <ele>326.984</ele>
    </trkpt>
    <trkpt lat="-27.3552166" lon="133.6586811">
      <ele>325.276</ele>
    </trkpt>
    <trkpt lat="-27.3553732" lon="133.6587808">
      <ele>325.134</ele>
    </trkpt>
    <trkpt lat="-27.3555497" lon="133.6588932">
      <ele>325.0</ele>
    </trkpt>
    <trkpt lat="-27.3556862" lon="133.6589804">
      <ele>325.786</ele>
    </trkpt>
    <trkpt lat="-27.3558426" lon="133.6590804">
      <ele>326.344</ele>
    </trkpt>
    <trkpt lat="-27.3572504" lon="133.6599802">
      <ele>327.023</ele>
    </trkpt>
    <trkpt lat="-27.3574068" lon="133.6600802">
      <ele>327.858</ele>
    </trkpt>
    <trkpt lat="-27.3576496" lon="133.6602354">
      <ele>326.923</ele>
    </trkpt>
    <trkpt lat="-27.3608858" lon="133.6623147">
      <ele>324.126</ele>
    </trkpt>
    <trkpt lat="-27.3624149" lon="133.6632739">
      <ele>321.694</ele>
    </trkpt>
    <trkpt lat="-27.3631557" lon="133.6637644">
      <ele>323.257</ele>
    </trkpt>
    <trkpt lat="-27.3646747" lon="133.6647274">
      <ele>319.18</ele>
    </trkpt>
    <trkpt lat="-27.3683715" lon="133.667103">
      <ele>320.582</ele>
    </trkpt>
    <trkpt lat="-27.3714023" lon="133.6690459">
      <ele>313.51</ele>
    </trkpt>
    <trkpt lat="-27.372778" lon="133.6699298">
      <ele>318.254</ele>
    </trkpt>
    <trkpt lat="-27.373177" lon="133.670187">
      <ele>317.89</ele>
    </trkpt>
    <trkpt lat="-27.3734892" lon="133.6703882">
      <ele>317.795</ele>
    </trkpt>
    <trkpt lat="-27.3766415" lon="133.6724201">
      <ele>312.712</ele>
    </trkpt>
    <trkpt lat="-27.3779388" lon="133.6732502">
      <ele>310.888</ele>
    </trkpt>
    <trkpt lat="-27.3783306" lon="133.6735028">
      <ele>310.386</ele>
    </trkpt>
    <trkpt lat="-27.3828879" lon="133.6764407">
      <ele>308.113</ele>
    </trkpt>
    <trkpt lat="-27.3845765" lon="133.6775242">
      <ele>307.962</ele>
    </trkpt>
    <trkpt lat="-27.3852096" lon="133.6779304">
      <ele>304.755</ele>
    </trkpt>
    <trkpt lat="-27.3855141" lon="133.678126">
      <ele>306.739</ele>
    </trkpt>
    <trkpt lat="-27.3862952" lon="133.6786278">
      <ele>308.0</ele>
    </trkpt>
    <trkpt lat="-27.3864515" lon="133.6787282">
      <ele>307.87</ele>
    </trkpt>
    <trkpt lat="-27.3866077" lon="133.6788286">
      <ele>307.829</ele>
    </trkpt>
    <trkpt lat="-27.3875452" lon="133.6794307">
      <ele>307.804</ele>
    </trkpt>
    <trkpt lat="-27.3877129" lon="133.6795384">
      <ele>307.493</ele>
    </trkpt>
    <trkpt lat="-27.3914585" lon="133.6819411">
      <ele>305.257</ele>
    </trkpt>
    <trkpt lat="-27.392855" lon="133.6828474">
      <ele>303.749</ele>
    </trkpt>
    <trkpt lat="-27.3930109" lon="133.6829485">
      <ele>303.385</ele>
    </trkpt>
    <trkpt lat="-27.3931363" lon="133.6830299">
      <ele>302.829</ele>
    </trkpt>
    <trkpt lat="-27.394444" lon="133.6838681">
      <ele>302.927</ele>
    </trkpt>
    <trkpt lat="-27.3954149" lon="133.6845093">
      <ele>306.349</ele>
    </trkpt>
    <trkpt lat="-27.3963588" lon="133.6851556">
      <ele>299.157</ele>
    </trkpt>
    <trkpt lat="-27.3975111" lon="133.6859661">
      <ele>304.979</ele>
    </trkpt>
    <trkpt lat="-27.3989907" lon="133.6870447">
      <ele>303.595</ele>
    </trkpt>
    <trkpt lat="-27.3991509" lon="133.687168">
      <ele>303.989</ele>
    </trkpt>
    <trkpt lat="-27.4014959" lon="133.688973">
      <ele>302.615</ele>
    </trkpt>
    <trkpt lat="-27.4025549" lon="133.6898475">
      <ele>302.0</ele>
    </trkpt>
    <trkpt lat="-27.4045088" lon="133.6915068">
      <ele>301.0</ele>
    </trkpt>
    <trkpt lat="-27.4058448" lon="133.6926939">
      <ele>302.93</ele>
    </trkpt>
    <trkpt lat="-27.4070407" lon="133.6938028">
      <ele>301.31</ele>
    </trkpt>
    <trkpt lat="-27.4084405" lon="133.695143">
      <ele>301.93</ele>
    </trkpt>
    <trkpt lat="-27.408801" lon="133.6954986">
      <ele>301.684</ele>
    </trkpt>
    <trkpt lat="-27.4094732" lon="133.6961682">
      <ele>302.957</ele>
    </trkpt>
    <trkpt lat="-27.4107861" lon="133.6975432">
      <ele>298.871</ele>
    </trkpt>
    <trkpt lat="-27.4109697" lon="133.6977366">
      <ele>298.148</ele>
    </trkpt>
    <trkpt lat="-27.4121108" lon="133.6989586">
      <ele>300.047</ele>
    </trkpt>
    <trkpt lat="-27.4141794" lon="133.7012564">
      <ele>298.068</ele>
    </trkpt>
    <trkpt lat="-27.414634" lon="133.7017513">
      <ele>298.391</ele>
    </trkpt>
    <trkpt lat="-27.415894" lon="133.7031291">
      <ele>297.368</ele>
    </trkpt>
    <trkpt lat="-27.4159843" lon="133.7032225">
      <ele>297.491</ele>
    </trkpt>
    <trkpt lat="-27.4169087" lon="133.7041796">
      <ele>299.135</ele>
    </trkpt>
    <trkpt lat="-27.4174404" lon="133.7047315">
      <ele>296.967</ele>
    </trkpt>
    <trkpt lat="-27.4175726" lon="133.7048688">
      <ele>296.734</ele>
    </trkpt>
    <trkpt lat="-27.4179222" lon="133.7052318">
      <ele>296.252</ele>
    </trkpt>
    <trkpt lat="-27.4183716" lon="133.705686">
      <ele>296.405</ele>
    </trkpt>
    <trkpt lat="-27.4186394" lon="133.7059567">
      <ele>296.354</ele>
    </trkpt>
    <trkpt lat="-27.4187714" lon="133.7060901">
      <ele>295.858</ele>
    </trkpt>
    <trkpt lat="-27.4192052" lon="133.7065248">
      <ele>294.207</ele>
    </trkpt>
    <trkpt lat="-27.4208982" lon="133.7081517">
      <ele>294.274</ele>
    </trkpt>
    <trkpt lat="-27.4224568" lon="133.7096021">
      <ele>297.088</ele>
    </trkpt>
    <trkpt lat="-27.423787" lon="133.7107969">
      <ele>296.585</ele>
    </trkpt>
    <trkpt lat="-27.4242231" lon="133.7111774">
      <ele>298.558</ele>
    </trkpt>
    <trkpt lat="-27.4243157" lon="133.7112576">
      <ele>297.936</ele>
    </trkpt>
    <trkpt lat="-27.4255041" lon="133.7122869">
      <ele>295.327</ele>
    </trkpt>
    <trkpt lat="-27.4269002" lon="133.7134543">
      <ele>294.634</ele>
    </trkpt>
    <trkpt lat="-27.4270446" lon="133.7135751">
      <ele>294.804</ele>
    </trkpt>
    <trkpt lat="-27.427189" lon="133.7136959">
      <ele>295.456</ele>
    </trkpt>
    <trkpt lat="-27.4273671" lon="133.7138448">
      <ele>295.597</ele>
    </trkpt>
    <trkpt lat="-27.4285975" lon="133.714835">
      <ele>292.455</ele>
    </trkpt>
    <trkpt lat="-27.4290944" lon="133.7152226">
      <ele>294.147</ele>
    </trkpt>
    <trkpt lat="-27.4291724" lon="133.7152834">
      <ele>294.02</ele>
    </trkpt>
    <trkpt lat="-27.4295402" lon="133.7155651">
      <ele>293.988</ele>
    </trkpt>
    <trkpt lat="-27.4304942" lon="133.7162957">
      <ele>296.147</ele>
    </trkpt>
    <trkpt lat="-27.4313046" lon="133.7169062">
      <ele>293.697</ele>
    </trkpt>
    <trkpt lat="-27.4324989" lon="133.7177855">
      <ele>292.98</ele>
    </trkpt>
    <trkpt lat="-27.433088" lon="133.7182148">
      <ele>294.097</ele>
    </trkpt>
    <trkpt lat="-27.4346068" lon="133.7192857">
      <ele>288.903</ele>
    </trkpt>
    <trkpt lat="-27.4351405" lon="133.7196527">
      <ele>292.371</ele>
    </trkpt>
    <trkpt lat="-27.4352793" lon="133.7197451">
      <ele>291.989</ele>
    </trkpt>
    <trkpt lat="-27.4363134" lon="133.7204337">
      <ele>290.456</ele>
    </trkpt>
    <trkpt lat="-27.4369874" lon="133.7208701">
      <ele>290.401</ele>
    </trkpt>
    <trkpt lat="-27.4371433" lon="133.7209711">
      <ele>291.218</ele>
    </trkpt>
    <trkpt lat="-27.437923" lon="133.7214761">
      <ele>288.85</ele>
    </trkpt>
    <trkpt lat="-27.4384197" lon="133.7217977">
      <ele>289.689</ele>
    </trkpt>
    <trkpt lat="-27.4385486" lon="133.7218764">
      <ele>289.225</ele>
    </trkpt>
    <trkpt lat="-27.4390229" lon="133.7221663">
      <ele>289.58</ele>
    </trkpt>
    <trkpt lat="-27.439181" lon="133.7222629">
      <ele>290.044</ele>
    </trkpt>
    <trkpt lat="-27.4407393" lon="133.7232152">
      <ele>292.339</ele>
    </trkpt>
    <trkpt lat="-27.4413344" lon="133.7235644">
      <ele>288.663</ele>
    </trkpt>
    <trkpt lat="-27.4430614" lon="133.7245854">
      <ele>289.046</ele>
    </trkpt>
    <trkpt lat="-27.4433086" lon="133.7247394">
      <ele>290.062</ele>
    </trkpt>
    <trkpt lat="-27.4448269" lon="133.7256848">
      <ele>289.333</ele>
    </trkpt>
    <trkpt lat="-27.4463882" lon="133.7266876">
      <ele>287.005</ele>
    </trkpt>
    <trkpt lat="-27.4472167" lon="133.7272447">
      <ele>292.881</ele>
    </trkpt>
    <trkpt lat="-27.447784" lon="133.7276261">
      <ele>290.965</ele>
    </trkpt>
    <trkpt lat="-27.4479863" lon="133.7277689">
      <ele>290.225</ele>
    </trkpt>
    <trkpt lat="-27.4489334" lon="133.7284376">
      <ele>287.475</ele>
    </trkpt>
    <trkpt lat="-27.4504044" lon="133.7295269">
      <ele>286.162</ele>
    </trkpt>
    <trkpt lat="-27.4505488" lon="133.7296339">
      <ele>286.017</ele>
    </trkpt>
    <trkpt lat="-27.4505546" lon="133.7296383">
      <ele>286.002</ele>
    </trkpt>
    <trkpt lat="-27.451162" lon="133.7300998">
      <ele>286.293</ele>
    </trkpt>
    <trkpt lat="-27.4524693" lon="133.731102">
      <ele>287.971</ele>
    </trkpt>
    <trkpt lat="-27.4528737" lon="133.731425">
      <ele>286.309</ele>
    </trkpt>
    <trkpt lat="-27.4537585" lon="133.7321563">
      <ele>287.358</ele>
    </trkpt>
    <trkpt lat="-27.4548548" lon="133.7330643">
      <ele>285.414</ele>
    </trkpt>
    <trkpt lat="-27.4564609" lon="133.73447">
      <ele>283.857</ele>
    </trkpt>
    <trkpt lat="-27.4575024" lon="133.7354071">
      <ele>285.534</ele>
    </trkpt>
    <trkpt lat="-27.4577331" lon="133.7356146">
      <ele>285.661</ele>
    </trkpt>
    <trkpt lat="-27.4583443" lon="133.7361828">
      <ele>284.781</ele>
    </trkpt>
    <trkpt lat="-27.4595654" lon="133.7373295">
      <ele>286.247</ele>
    </trkpt>
    <trkpt lat="-27.461691" lon="133.7393362">
      <ele>288.833</ele>
    </trkpt>
    <trkpt lat="-27.4618289" lon="133.7394664">
      <ele>288.426</ele>
    </trkpt>
    <trkpt lat="-27.4636042" lon="133.7411425">
      <ele>287.746</ele>
    </trkpt>
    <trkpt lat="-27.4652752" lon="133.7427215">
      <ele>286.807</ele>
    </trkpt>
    <trkpt lat="-27.4661601" lon="133.7435577">
      <ele>282.16</ele>
    </trkpt>
    <trkpt lat="-27.4676199" lon="133.7449333">
      <ele>286.431</ele>
    </trkpt>
    <trkpt lat="-27.4692076" lon="133.7464295">
      <ele>286.433</ele>
    </trkpt>
    <trkpt lat="-27.4700052" lon="133.7472219">
      <ele>283.963</ele>
    </trkpt>
    <trkpt lat="-27.4707231" lon="133.7478988">
      <ele>286.039</ele>
    </trkpt>
    <trkpt lat="-27.4729827" lon="133.7500293">
      <ele>285.95</ele>
    </trkpt>
    <trkpt lat="-27.4742243" lon="133.7512">
      <ele>287.207</ele>
    </trkpt>
    <trkpt lat="-27.4756038" lon="133.7525008">
      <ele>285.344</ele>
    </trkpt>
    <trkpt lat="-27.476116" lon="133.7529838">
      <ele>287.47</ele>
    </trkpt>
    <trkpt lat="-27.478087" lon="133.7548424">
      <ele>285.503</ele>
    </trkpt>
    <trkpt lat="-27.4797392" lon="133.7564005">
      <ele>285.873</ele>
    </trkpt>
    <trkpt lat="-27.4800613" lon="133.7567047">
      <ele>281.429</ele>
    </trkpt>
    <trkpt lat="-27.480156" lon="133.7567941">
      <ele>281.088</ele>
    </trkpt>
    <trkpt lat="-27.4811211" lon="133.7577055">
      <ele>284.619</ele>
    </trkpt>
    <trkpt lat="-27.481259" lon="133.7578357">
      <ele>285.375</ele>
    </trkpt>
    <trkpt lat="-27.4815347" lon="133.7580961">
      <ele>285.0</ele>
    </trkpt>
    <trkpt lat="-27.4816726" lon="133.7582263">
      <ele>284.987</ele>
    </trkpt>
    <trkpt lat="-27.4818104" lon="133.7583565">
      <ele>284.483</ele>
    </trkpt>
    <trkpt lat="-27.4823619" lon="133.7588773">
      <ele>286.503</ele>
    </trkpt>
    <trkpt lat="-27.483327" lon="133.7597888">
      <ele>285.04</ele>
    </trkpt>
    <trkpt lat="-27.4847057" lon="133.7610909">
      <ele>285.333</ele>
    </trkpt>
    <trkpt lat="-27.4848435" lon="133.7612211">
      <ele>284.34</ele>
    </trkpt>
    <trkpt lat="-27.4849814" lon="133.7613513">
      <ele>284.009</ele>
    </trkpt>
    <trkpt lat="-27.4891174" lon="133.7652578">
      <ele>293.679</ele>
    </trkpt>
    <trkpt lat="-27.4893931" lon="133.7655182">
      <ele>293.345</ele>
    </trkpt>
    <trkpt lat="-27.489531" lon="133.7656484">
      <ele>292.273</ele>
    </trkpt>
    <trkpt lat="-27.4896753" lon="133.7657847">
      <ele>291.878</ele>
    </trkpt>
    <trkpt lat="-27.4909099" lon="133.7669503">
      <ele>291.306</ele>
    </trkpt>
    <trkpt lat="-27.4910478" lon="133.7670805">
      <ele>291.995</ele>
    </trkpt>
    <trkpt lat="-27.4911857" lon="133.7672107">
      <ele>292.269</ele>
    </trkpt>
    <trkpt lat="-27.495598" lon="133.771377">
      <ele>289.508</ele>
    </trkpt>
    <trkpt lat="-27.4959919" lon="133.771749">
      <ele>293.424</ele>
    </trkpt>
    <trkpt lat="-27.4962887" lon="133.7720263">
      <ele>293.499</ele>
    </trkpt>
    <trkpt lat="-27.4964272" lon="133.7721557">
      <ele>294.315</ele>
    </trkpt>
    <trkpt lat="-27.4969811" lon="133.7726733">
      <ele>293.752</ele>
    </trkpt>
    <trkpt lat="-27.4976735" lon="133.7733203">
      <ele>292.405</ele>
    </trkpt>
    <trkpt lat="-27.4978119" lon="133.7734497">
      <ele>292.367</ele>
    </trkpt>
    <trkpt lat="-27.498331" lon="133.7739348">
      <ele>293.329</ele>
    </trkpt>
    <trkpt lat="-27.4999431" lon="133.7754791">
      <ele>297.0</ele>
    </trkpt>
    <trkpt lat="-27.5014008" lon="133.7768296">
      <ele>297.715</ele>
    </trkpt>
    <trkpt lat="-27.5016058" lon="133.7770474">
      <ele>300.343</ele>
    </trkpt>
    <trkpt lat="-27.5024642" lon="133.777857">
      <ele>302.248</ele>
    </trkpt>
    <trkpt lat="-27.5034307" lon="133.7787669">
      <ele>302.197</ele>
    </trkpt>
    <trkpt lat="-27.5035668" lon="133.778898">
      <ele>302.84</ele>
    </trkpt>
    <trkpt lat="-27.5037058" lon="133.7790288">
      <ele>303.169</ele>
    </trkpt>
    <trkpt lat="-27.5060542" lon="133.7812364">
      <ele>302.617</ele>
    </trkpt>
    <trkpt lat="-27.5061913" lon="133.7813671">
      <ele>303.656</ele>
    </trkpt>
    <trkpt lat="-27.5063312" lon="133.7814944">
      <ele>303.825</ele>
    </trkpt>
    <trkpt lat="-27.5064655" lon="133.7816252">
      <ele>303.257</ele>
    </trkpt>
    <trkpt lat="-27.5066052" lon="133.7817567">
      <ele>302.928</ele>
    </trkpt>
    <trkpt lat="-27.5071575" lon="133.7822766">
      <ele>300.466</ele>
    </trkpt>
    <trkpt lat="-27.5122781" lon="133.7870969">
      <ele>297.786</ele>
    </trkpt>
    <trkpt lat="-27.5129588" lon="133.787732">
      <ele>295.165</ele>
    </trkpt>
    <trkpt lat="-27.5135804" lon="133.788327">
      <ele>293.023</ele>
    </trkpt>
    <trkpt lat="-27.5143046" lon="133.788997">
      <ele>294.888</ele>
    </trkpt>
    <trkpt lat="-27.516447" lon="133.7909095">
      <ele>291.87</ele>
    </trkpt>
    <trkpt lat="-27.5171311" lon="133.7915095">
      <ele>295.0</ele>
    </trkpt>
    <trkpt lat="-27.5201444" lon="133.7940995">
      <ele>291.358</ele>
    </trkpt>
    <trkpt lat="-27.5207001" lon="133.7945582">
      <ele>293.819</ele>
    </trkpt>
    <trkpt lat="-27.5210544" lon="133.7948514">
      <ele>293.353</ele>
    </trkpt>
    <trkpt lat="-27.5214173" lon="133.7951748">
      <ele>291.527</ele>
    </trkpt>
    <trkpt lat="-27.521787" lon="133.7955051">
      <ele>290.724</ele>
    </trkpt>
    <trkpt lat="-27.5221121" lon="133.7957755">
      <ele>289.083</ele>
    </trkpt>
    <trkpt lat="-27.5230614" lon="133.7965494">
      <ele>291.434</ele>
    </trkpt>
    <trkpt lat="-27.5244067" lon="133.7976191">
      <ele>290.728</ele>
    </trkpt>
    <trkpt lat="-27.5267216" lon="133.7994183">
      <ele>291.623</ele>
    </trkpt>
    <trkpt lat="-27.5285942" lon="133.8008273">
      <ele>290.0</ele>
    </trkpt>
    <trkpt lat="-27.5322491" lon="133.8035113">
      <ele>291.684</ele>
    </trkpt>
    <trkpt lat="-27.5323093" lon="133.8035555">
      <ele>291.338</ele>
    </trkpt>
    <trkpt lat="-27.53246" lon="133.8036662">
      <ele>290.802</ele>
    </trkpt>
    <trkpt lat="-27.5330628" lon="133.8041091">
      <ele>290.798</ele>
    </trkpt>
    <trkpt lat="-27.5332135" lon="133.8042198">
      <ele>291.083</ele>
    </trkpt>
    <trkpt lat="-27.5333642" lon="133.8043305">
      <ele>290.823</ele>
    </trkpt>
    <trkpt lat="-27.5404473" lon="133.8095346">
      <ele>292.192</ele>
    </trkpt>
    <trkpt lat="-27.5425144" lon="133.8110535">
      <ele>292.782</ele>
    </trkpt>
    <trkpt lat="-27.5443539" lon="133.8124038">
      <ele>294.998</ele>
    </trkpt>
    <trkpt lat="-27.5448176" lon="133.812746">
      <ele>294.343</ele>
    </trkpt>
    <trkpt lat="-27.5449681" lon="133.8128571">
      <ele>294.632</ele>
    </trkpt>
    <trkpt lat="-27.5451186" lon="133.8129682">
      <ele>293.595</ele>
    </trkpt>
    <trkpt lat="-27.5471019" lon="133.8144321">
      <ele>293.064</ele>
    </trkpt>
    <trkpt lat="-27.5490948" lon="133.8159003">
      <ele>292.321</ele>
    </trkpt>
    <trkpt lat="-27.5535639" lon="133.8191806">
      <ele>293.95</ele>
    </trkpt>
    <trkpt lat="-27.5547024" lon="133.8200197">
      <ele>291.721</ele>
    </trkpt>
    <trkpt lat="-27.5588264" lon="133.8230562">
      <ele>290.998</ele>
    </trkpt>
    <trkpt lat="-27.5605547" lon="133.8243244">
      <ele>288.867</ele>
    </trkpt>
    <trkpt lat="-27.5615862" lon="133.8250872">
      <ele>285.604</ele>
    </trkpt>
    <trkpt lat="-27.562275" lon="133.8255951">
      <ele>288.115</ele>
    </trkpt>
    <trkpt lat="-27.5624255" lon="133.8257062">
      <ele>288.145</ele>
    </trkpt>
    <trkpt lat="-27.5640254" lon="133.8268864">
      <ele>284.611</ele>
    </trkpt>
    <trkpt lat="-27.5642321" lon="133.8270384">
      <ele>284.753</ele>
    </trkpt>
    <trkpt lat="-27.5674554" lon="133.8294088">
      <ele>288.603</ele>
    </trkpt>
    <trkpt lat="-27.567698" lon="133.8295862">
      <ele>289.874</ele>
    </trkpt>
    <trkpt lat="-27.5698686" lon="133.8311808">
      <ele>287.709</ele>
    </trkpt>
    <trkpt lat="-27.5707959" lon="133.8318677">
      <ele>287.142</ele>
    </trkpt>
    <trkpt lat="-27.572527" lon="133.8331333">
      <ele>286.323</ele>
    </trkpt>
    <trkpt lat="-27.5737938" lon="133.8340715">
      <ele>290.54</ele>
    </trkpt>
    <trkpt lat="-27.573992" lon="133.8342167">
      <ele>290.562</ele>
    </trkpt>
    <trkpt lat="-27.5744446" lon="133.8345481">
      <ele>289.627</ele>
    </trkpt>
    <trkpt lat="-27.5745954" lon="133.8346586">
      <ele>289.772</ele>
    </trkpt>
    <trkpt lat="-27.5748972" lon="133.8348796">
      <ele>290.84</ele>
    </trkpt>
    <trkpt lat="-27.575048" lon="133.8349901">
      <ele>291.0</ele>
    </trkpt>
    <trkpt lat="-27.5751989" lon="133.8351006">
      <ele>291.0</ele>
    </trkpt>
    <trkpt lat="-27.5762963" lon="133.8359043">
      <ele>286.255</ele>
    </trkpt>
    <trkpt lat="-27.5772968" lon="133.8366482">
      <ele>289.335</ele>
    </trkpt>
    <trkpt lat="-27.5778144" lon="133.8370364">
      <ele>287.669</ele>
    </trkpt>
    <trkpt lat="-27.5779434" lon="133.8371298">
      <ele>287.333</ele>
    </trkpt>
    <trkpt lat="-27.5782978" lon="133.8373866">
      <ele>286.052</ele>
    </trkpt>
    <trkpt lat="-27.5790357" lon="133.8379312">
      <ele>289.552</ele>
    </trkpt>
    <trkpt lat="-27.5800631" lon="133.8386847">
      <ele>289.795</ele>
    </trkpt>
    <trkpt lat="-27.5813757" lon="133.8396455">
      <ele>291.931</ele>
    </trkpt>
    <trkpt lat="-27.5822603" lon="133.8403037">
      <ele>289.137</ele>
    </trkpt>
    <trkpt lat="-27.5827273" lon="133.8406505">
      <ele>291.16</ele>
    </trkpt>
    <trkpt lat="-27.5831155" lon="133.8409389">
      <ele>292.164</ele>
    </trkpt>
    <trkpt lat="-27.5845085" lon="133.8419661">
      <ele>288.539</ele>
    </trkpt>
    <trkpt lat="-27.587131" lon="133.8438958">
      <ele>291.378</ele>
    </trkpt>
    <trkpt lat="-27.5883286" lon="133.8447771">
      <ele>293.586</ele>
    </trkpt>
    <trkpt lat="-27.5919814" lon="133.8474589">
      <ele>293.872</ele>
    </trkpt>
    <trkpt lat="-27.5930591" lon="133.8482534">
      <ele>292.415</ele>
    </trkpt>
    <trkpt lat="-27.5949129" lon="133.8496201">
      <ele>292.169</ele>
    </trkpt>
    <trkpt lat="-27.5975218" lon="133.8515531">
      <ele>290.032</ele>
    </trkpt>
    <trkpt lat="-27.5981121" lon="133.8519904">
      <ele>292.0</ele>
    </trkpt>
    <trkpt lat="-27.6001072" lon="133.8535245">
      <ele>293.386</ele>
    </trkpt>
    <trkpt lat="-27.601429" lon="133.8545591">
      <ele>295.204</ele>
    </trkpt>
    <trkpt lat="-27.6018254" lon="133.8548782">
      <ele>296.429</ele>
    </trkpt>
    <trkpt lat="-27.6027069" lon="133.8555878">
      <ele>294.658</ele>
    </trkpt>
    <trkpt lat="-27.60416" lon="133.8567771">
      <ele>295.359</ele>
    </trkpt>
    <trkpt lat="-27.6049568" lon="133.8574293">
      <ele>295.096</ele>
    </trkpt>
    <trkpt lat="-27.6053202" lon="133.8577374">
      <ele>295.436</ele>
    </trkpt>
    <trkpt lat="-27.605464" lon="133.8578593">
      <ele>297.108</ele>
    </trkpt>
    <trkpt lat="-27.6056078" lon="133.8579813">
      <ele>298.0</ele>
    </trkpt>
    <trkpt lat="-27.6058954" lon="133.8582251">
      <ele>297.303</ele>
    </trkpt>
    <trkpt lat="-27.6067246" lon="133.8589282">
      <ele>294.082</ele>
    </trkpt>
    <trkpt lat="-27.6084136" lon="133.860399">
      <ele>291.416</ele>
    </trkpt>
    <trkpt lat="-27.6093802" lon="133.8612332">
      <ele>291.0</ele>
    </trkpt>
    <trkpt lat="-27.6097433" lon="133.861568">
      <ele>292.645</ele>
    </trkpt>
    <trkpt lat="-27.6117776" lon="133.8634115">
      <ele>292.314</ele>
    </trkpt>
    <trkpt lat="-27.6132446" lon="133.8647779">
      <ele>290.881</ele>
    </trkpt>
    <trkpt lat="-27.614243" lon="133.8657327">
      <ele>290.0</ele>
    </trkpt>
    <trkpt lat="-27.6143802" lon="133.8658639">
      <ele>290.0</ele>
    </trkpt>
    <trkpt lat="-27.6145174" lon="133.8659952">
      <ele>289.737</ele>
    </trkpt>
    <trkpt lat="-27.615221" lon="133.8666681">
      <ele>291.001</ele>
    </trkpt>
    <trkpt lat="-27.6160177" lon="133.8674508">
      <ele>291.823</ele>
    </trkpt>
    <trkpt lat="-27.6168416" lon="133.8682604">
      <ele>291.263</ele>
    </trkpt>
    <trkpt lat="-27.6169658" lon="133.8683856">
      <ele>290.764</ele>
    </trkpt>
    <trkpt lat="-27.6171" lon="133.8685209">
      <ele>290.521</ele>
    </trkpt>
    <trkpt lat="-27.6176836" lon="133.8691091">
      <ele>292.608</ele>
    </trkpt>
    <trkpt lat="-27.6180194" lon="133.8694481">
      <ele>292.872</ele>
    </trkpt>
    <trkpt lat="-27.6186229" lon="133.8700562">
      <ele>291.925</ele>
    </trkpt>
    <trkpt lat="-27.6190431" lon="133.8704898">
      <ele>293.029</ele>
    </trkpt>
    <trkpt lat="-27.620368" lon="133.8718562">
      <ele>290.532</ele>
    </trkpt>
    <trkpt lat="-27.6228183" lon="133.8744705">
      <ele>291.014</ele>
    </trkpt>
    <trkpt lat="-27.6256821" lon="133.8776408">
      <ele>290.493</ele>
    </trkpt>
    <trkpt lat="-27.6267347" lon="133.8788793">
      <ele>291.974</ele>
    </trkpt>
    <trkpt lat="-27.6279798" lon="133.8803443">
      <ele>289.0</ele>
    </trkpt>
    <trkpt lat="-27.6287269" lon="133.8812233">
      <ele>291.596</ele>
    </trkpt>
    <trkpt lat="-27.6288103" lon="133.8813214">
      <ele>291.243</ele>
    </trkpt>
    <trkpt lat="-27.6297121" lon="133.8824071">
      <ele>291.976</ele>
    </trkpt>
    <trkpt lat="-27.6305732" lon="133.8834438">
      <ele>291.064</ele>
    </trkpt>
    <trkpt lat="-27.6306927" lon="133.8835877">
      <ele>291.494</ele>
    </trkpt>
    <trkpt lat="-27.6320461" lon="133.8852871">
      <ele>292.378</ele>
    </trkpt>
    <trkpt lat="-27.6338016" lon="133.8875355">
      <ele>292.676</ele>
    </trkpt>
    <trkpt lat="-27.6352832" lon="133.8894814">
      <ele>294.978</ele>
    </trkpt>
    <trkpt lat="-27.6362911" lon="133.8908482">
      <ele>293.016</ele>
    </trkpt>
    <trkpt lat="-27.6376241" lon="133.892673">
      <ele>294.487</ele>
    </trkpt>
    <trkpt lat="-27.6381961" lon="133.893447">
      <ele>294.219</ele>
    </trkpt>
    <trkpt lat="-27.6383113" lon="133.893603">
      <ele>295.735</ele>
    </trkpt>
    <trkpt lat="-27.6384265" lon="133.8937588">
      <ele>295.982</ele>
    </trkpt>
    <trkpt lat="-27.638657" lon="133.8940707">
      <ele>296.288</ele>
    </trkpt>
    <trkpt lat="-27.6387722" lon="133.8942266">
      <ele>295.784</ele>
    </trkpt>
    <trkpt lat="-27.6409722" lon="133.8972036">
      <ele>293.534</ele>
    </trkpt>
    <trkpt lat="-27.6414182" lon="133.8978115">
      <ele>292.891</ele>
    </trkpt>
    <trkpt lat="-27.6427952" lon="133.8996924">
      <ele>293.0</ele>
    </trkpt>
    <trkpt lat="-27.643601" lon="133.9007932">
      <ele>291.861</ele>
    </trkpt>
    <trkpt lat="-27.6441485" lon="133.9015408">
      <ele>290.994</ele>
    </trkpt>
    <trkpt lat="-27.6442852" lon="133.9017266">
      <ele>291.427</ele>
    </trkpt>
    <trkpt lat="-27.6444001" lon="133.9018828">
      <ele>291.84</ele>
    </trkpt>
    <trkpt lat="-27.6445151" lon="133.902039">
      <ele>292.0</ele>
    </trkpt>
    <trkpt lat="-27.6448598" lon="133.9025076">
      <ele>292.023</ele>
    </trkpt>
    <trkpt lat="-27.6493205" lon="133.9085714">
      <ele>292.589</ele>
    </trkpt>
    <trkpt lat="-27.6500308" lon="133.9095369">
      <ele>291.667</ele>
    </trkpt>
    <trkpt lat="-27.6501457" lon="133.9096931">
      <ele>291.105</ele>
    </trkpt>
    <trkpt lat="-27.650405" lon="133.9100456">
      <ele>290.0</ele>
    </trkpt>
    <trkpt lat="-27.6508351" lon="133.9106304">
      <ele>291.995</ele>
    </trkpt>
    <trkpt lat="-27.6520875" lon="133.9123336">
      <ele>292.0</ele>
    </trkpt>
    <trkpt lat="-27.6538213" lon="133.9146934">
      <ele>297.036</ele>
    </trkpt>
    <trkpt lat="-27.6550656" lon="133.9163871">
      <ele>292.762</ele>
    </trkpt>
    <trkpt lat="-27.6577253" lon="133.9200076">
      <ele>292.811</ele>
    </trkpt>
    <trkpt lat="-27.6590133" lon="133.9217624">
      <ele>293.638</ele>
    </trkpt>
    <trkpt lat="-27.659128" lon="133.9219188">
      <ele>293.987</ele>
    </trkpt>
    <trkpt lat="-27.6601923" lon="133.9233689">
      <ele>294.884</ele>
    </trkpt>
    <trkpt lat="-27.6641382" lon="133.9287401">
      <ele>296.417</ele>
    </trkpt>
    <trkpt lat="-27.6642473" lon="133.9288889">
      <ele>297.0</ele>
    </trkpt>
    <trkpt lat="-27.664413" lon="133.929106">
      <ele>297.0</ele>
    </trkpt>
    <trkpt lat="-27.6650002" lon="133.9298751">
      <ele>295.45</ele>
    </trkpt>
    <trkpt lat="-27.6651176" lon="133.930029">
      <ele>295.0</ele>
    </trkpt>
    <trkpt lat="-27.6653187" lon="133.9302924">
      <ele>295.045</ele>
    </trkpt>
    <trkpt lat="-27.6660404" lon="133.9311917">
      <ele>300.6</ele>
    </trkpt>
    <trkpt lat="-27.6666179" lon="133.9318773">
      <ele>301.976</ele>
    </trkpt>
    <trkpt lat="-27.6668228" lon="133.9321205">
      <ele>302.15</ele>
    </trkpt>
    <trkpt lat="-27.667253" lon="133.932631">
      <ele>305.528</ele>
    </trkpt>
    <trkpt lat="-27.6686083" lon="133.934133">
      <ele>303.0</ele>
    </trkpt>
    <trkpt lat="-27.6689993" lon="133.9345446">
      <ele>303.397</ele>
    </trkpt>
    <trkpt lat="-27.6699497" lon="133.9355452">
      <ele>304.887</ele>
    </trkpt>
    <trkpt lat="-27.6710786" lon="133.936665">
      <ele>309.884</ele>
    </trkpt>
    <trkpt lat="-27.6721887" lon="133.937708">
      <ele>311.879</ele>
    </trkpt>
    <trkpt lat="-27.672244" lon="133.9377573">
      <ele>312.006</ele>
    </trkpt>
    <trkpt lat="-27.6732715" lon="133.9386732">
      <ele>312.776</ele>
    </trkpt>
    <trkpt lat="-27.6733726" lon="133.9387632">
      <ele>312.452</ele>
    </trkpt>
    <trkpt lat="-27.6740937" lon="133.9393721">
      <ele>310.521</ele>
    </trkpt>
    <trkpt lat="-27.6742377" lon="133.9394937">
      <ele>310.511</ele>
    </trkpt>
    <trkpt lat="-27.6743818" lon="133.9396154">
      <ele>311.549</ele>
    </trkpt>
    <trkpt lat="-27.6745258" lon="133.939737">
      <ele>312.24</ele>
    </trkpt>
    <trkpt lat="-27.6745599" lon="133.9397658">
      <ele>312.259</ele>
    </trkpt>
    <trkpt lat="-27.6748189" lon="133.9399726">
      <ele>312.064</ele>
    </trkpt>
    <trkpt lat="-27.6760934" lon="133.9409903">
      <ele>312.535</ele>
    </trkpt>
    <trkpt lat="-27.6762911" lon="133.9411391">
      <ele>310.704</ele>
    </trkpt>
    <trkpt lat="-27.6765905" lon="133.9413643">
      <ele>309.936</ele>
    </trkpt>
    <trkpt lat="-27.6767402" lon="133.9414769">
      <ele>310.317</ele>
    </trkpt>
    <trkpt lat="-27.6772308" lon="133.9418459">
      <ele>310.313</ele>
    </trkpt>
    <trkpt lat="-27.6784328" lon="133.9427003">
      <ele>306.158</ele>
    </trkpt>
    <trkpt lat="-27.6799785" lon="133.9437362">
      <ele>302.592</ele>
    </trkpt>
    <trkpt lat="-27.680196" lon="133.9438739">
      <ele>301.272</ele>
    </trkpt>
    <trkpt lat="-27.6806801" lon="133.944176">
      <ele>301.122</ele>
    </trkpt>
    <trkpt lat="-27.6807386" lon="133.9442126">
      <ele>300.738</ele>
    </trkpt>
    <trkpt lat="-27.6808958" lon="133.9443111">
      <ele>299.217</ele>
    </trkpt>
    <trkpt lat="-27.6810531" lon="133.9444095">
      <ele>297.527</ele>
    </trkpt>
    <trkpt lat="-27.6812104" lon="133.944508">
      <ele>296.724</ele>
    </trkpt>
    <trkpt lat="-27.6814592" lon="133.9446638">
      <ele>297.043</ele>
    </trkpt>
    <trkpt lat="-27.6823018" lon="133.9451568">
      <ele>294.56</ele>
    </trkpt>
    <trkpt lat="-27.6824843" lon="133.9452635">
      <ele>294.1</ele>
    </trkpt>
    <trkpt lat="-27.6826035" lon="133.9453332">
      <ele>294.572</ele>
    </trkpt>
    <trkpt lat="-27.6829683" lon="133.9455328">
      <ele>297.863</ele>
    </trkpt>
    <trkpt lat="-27.6831301" lon="133.9456214">
      <ele>299.301</ele>
    </trkpt>
    <trkpt lat="-27.683292" lon="133.94571">
      <ele>300.029</ele>
    </trkpt>
    <trkpt lat="-27.684157" lon="133.9461834">
      <ele>301.251</ele>
    </trkpt>
    <trkpt lat="-27.6848954" lon="133.9465873">
      <ele>300.286</ele>
    </trkpt>
    <trkpt lat="-27.6861696" lon="133.9473101">
      <ele>304.961</ele>
    </trkpt>
    <trkpt lat="-27.6876253" lon="133.9481774">
      <ele>306.835</ele>
    </trkpt>
    <trkpt lat="-27.688738" lon="133.9488786">
      <ele>307.494</ele>
    </trkpt>
    <trkpt lat="-27.6887664" lon="133.9488967">
      <ele>307.543</ele>
    </trkpt>
    <trkpt lat="-27.6893917" lon="133.949297">
      <ele>306.659</ele>
    </trkpt>
    <trkpt lat="-27.6898993" lon="133.9496367">
      <ele>306.447</ele>
    </trkpt>
    <trkpt lat="-27.6901263" lon="133.9497911">
      <ele>306.113</ele>
    </trkpt>
    <trkpt lat="-27.6908464" lon="133.950281">
      <ele>310.105</ele>
    </trkpt>
    <trkpt lat="-27.6919371" lon="133.9510536">
      <ele>311.772</ele>
    </trkpt>
    <trkpt lat="-27.692778" lon="133.9516701">
      <ele>311.0</ele>
    </trkpt>
    <trkpt lat="-27.6928676" lon="133.9517358">
      <ele>310.92</ele>
    </trkpt>
    <trkpt lat="-27.6939081" lon="133.9524986">
      <ele>316.926</ele>
    </trkpt>
    <trkpt lat="-27.6950003" lon="133.9532473">
      <ele>315.691</ele>
    </trkpt>
    <trkpt lat="-27.6951541" lon="133.9533527">
      <ele>316.624</ele>
    </trkpt>
    <trkpt lat="-27.695195" lon="133.9533807">
      <ele>316.873</ele>
    </trkpt>
    <trkpt lat="-27.6960192" lon="133.9539082">
      <ele>317.338</ele>
    </trkpt>
    <trkpt lat="-27.6964895" lon="133.9541925">
      <ele>318.638</ele>
    </trkpt>
    <trkpt lat="-27.6973462" lon="133.9547109">
      <ele>317.0</ele>
    </trkpt>
    <trkpt lat="-27.6985076" lon="133.9553589">
      <ele>323.109</ele>
    </trkpt>
    <trkpt lat="-27.6989812" lon="133.9556036">
      <ele>321.217</ele>
    </trkpt>
    <trkpt lat="-27.6994719" lon="133.9558571">
      <ele>323.077</ele>
    </trkpt>
    <trkpt lat="-27.6996234" lon="133.9559353">
      <ele>323.131</ele>
    </trkpt>
    <trkpt lat="-27.6996355" lon="133.9559415">
      <ele>323.122</ele>
    </trkpt>
    <trkpt lat="-27.6997992" lon="133.9560257">
      <ele>323.277</ele>
    </trkpt>
    <trkpt lat="-27.6999629" lon="133.9561099">
      <ele>323.866</ele>
    </trkpt>
    <trkpt lat="-27.7000255" lon="133.9561421">
      <ele>324.01</ele>
    </trkpt>
    <trkpt lat="-27.7004449" lon="133.9563581">
      <ele>324.354</ele>
    </trkpt>
    <trkpt lat="-27.7011417" lon="133.9567422">
      <ele>323.162</ele>
    </trkpt>
    <trkpt lat="-27.7017355" lon="133.957101">
      <ele>324.387</ele>
    </trkpt>
    <trkpt lat="-27.7018941" lon="133.9571968">
      <ele>325.563</ele>
    </trkpt>
    <trkpt lat="-27.7020526" lon="133.9572926">
      <ele>326.408</ele>
    </trkpt>
    <trkpt lat="-27.7023181" lon="133.957453">
      <ele>326.427</ele>
    </trkpt>
    <trkpt lat="-27.7028331" lon="133.9577969">
      <ele>325.323</ele>
    </trkpt>
    <trkpt lat="-27.7029512" lon="133.9578758">
      <ele>326.11</ele>
    </trkpt>
    <trkpt lat="-27.7034539" lon="133.958233">
      <ele>324.205</ele>
    </trkpt>
    <trkpt lat="-27.7035914" lon="133.9583353">
      <ele>324.092</ele>
    </trkpt>
    <trkpt lat="-27.7038949" lon="133.9585608">
      <ele>326.439</ele>
    </trkpt>
    <trkpt lat="-27.7039991" lon="133.9586382">
      <ele>326.916</ele>
    </trkpt>
    <trkpt lat="-27.7040451" lon="133.9586725">
      <ele>327.073</ele>
    </trkpt>
    <trkpt lat="-27.7042158" lon="133.9587994">
      <ele>326.882</ele>
    </trkpt>
    <trkpt lat="-27.7043043" lon="133.9588694">
      <ele>326.408</ele>
    </trkpt>
    <trkpt lat="-27.7047098" lon="133.9591912">
      <ele>324.049</ele>
    </trkpt>
    <trkpt lat="-27.7052428" lon="133.9596367">
      <ele>321.126</ele>
    </trkpt>
    <trkpt lat="-27.7059694" lon="133.9602749">
      <ele>318.5</ele>
    </trkpt>
    <trkpt lat="-27.7071667" lon="133.9613975">
      <ele>319.225</ele>
    </trkpt>
    <trkpt lat="-27.7084381" lon="133.9626805">
      <ele>317.001</ele>
    </trkpt>
    <trkpt lat="-27.708773" lon="133.9630415">
      <ele>314.604</ele>
    </trkpt>
    <trkpt lat="-27.7089031" lon="133.9631818">
      <ele>315.13</ele>
    </trkpt>
    <trkpt lat="-27.7092613" lon="133.963568">
      <ele>317.053</ele>
    </trkpt>
    <trkpt lat="-27.709744" lon="133.9641136">
      <ele>315.348</ele>
    </trkpt>
    <trkpt lat="-27.7098837" lon="133.9642714">
      <ele>316.101</ele>
    </trkpt>
    <trkpt lat="-27.7101242" lon="133.9645559">
      <ele>316.447</ele>
    </trkpt>
    <trkpt lat="-27.7106729" lon="133.9652045">
      <ele>316.578</ele>
    </trkpt>
    <trkpt lat="-27.7107632" lon="133.9653112">
      <ele>316.252</ele>
    </trkpt>
    <trkpt lat="-27.7110747" lon="133.9656999">
      <ele>315.063</ele>
    </trkpt>
    <trkpt lat="-27.711279" lon="133.9659549">
      <ele>315.794</ele>
    </trkpt>
    <trkpt lat="-27.7116411" lon="133.9664069">
      <ele>317.053</ele>
    </trkpt>
    <trkpt lat="-27.711687" lon="133.9664642">
      <ele>317.251</ele>
    </trkpt>
    <trkpt lat="-27.7130822" lon="133.9682218">
      <ele>312.363</ele>
    </trkpt>
    <trkpt lat="-27.7137224" lon="133.9690496">
      <ele>314.325</ele>
    </trkpt>
    <trkpt lat="-27.7141294" lon="133.9695758">
      <ele>309.402</ele>
    </trkpt>
    <trkpt lat="-27.7145748" lon="133.9700958">
      <ele>310.085</ele>
    </trkpt>
    <trkpt lat="-27.7149499" lon="133.9705338">
      <ele>308.024</ele>
    </trkpt>
    <trkpt lat="-27.7150665" lon="133.9706699">
      <ele>308.626</ele>
    </trkpt>
    <trkpt lat="-27.7150752" lon="133.9706796">
      <ele>308.651</ele>
    </trkpt>
    <trkpt lat="-27.7159315" lon="133.9716271">
      <ele>307.0</ele>
    </trkpt>
    <trkpt lat="-27.7161079" lon="133.9718113">
      <ele>307.521</ele>
    </trkpt>
    <trkpt lat="-27.71624" lon="133.9719493">
      <ele>308.481</ele>
    </trkpt>
    <trkpt lat="-27.7167681" lon="133.9725011">
      <ele>308.636</ele>
    </trkpt>
    <trkpt lat="-27.7170322" lon="133.972777">
      <ele>308.366</ele>
    </trkpt>
    <trkpt lat="-27.7170965" lon="133.9728442">
      <ele>307.319</ele>
    </trkpt>
    <trkpt lat="-27.7171663" lon="133.9729123">
      <ele>306.337</ele>
    </trkpt>
    <trkpt lat="-27.7173025" lon="133.9730451">
      <ele>304.775</ele>
    </trkpt>
    <trkpt lat="-27.717329" lon="133.973071">
      <ele>304.492</ele>
    </trkpt>
    <trkpt lat="-27.7174386" lon="133.9731779">
      <ele>303.586</ele>
    </trkpt>
    <trkpt lat="-27.7175747" lon="133.9733108">
      <ele>303.597</ele>
    </trkpt>
    <trkpt lat="-27.7176338" lon="133.9733684">
      <ele>303.963</ele>
    </trkpt>
    <trkpt lat="-27.7180828" lon="133.9738066">
      <ele>305.029</ele>
    </trkpt>
    <trkpt lat="-27.7192293" lon="133.9748762">
      <ele>308.016</ele>
    </trkpt>
    <trkpt lat="-27.7195884" lon="133.975164">
      <ele>307.928</ele>
    </trkpt>
    <trkpt lat="-27.7207093" lon="133.9761178">
      <ele>310.011</ele>
    </trkpt>
    <trkpt lat="-27.7220129" lon="133.9771528">
      <ele>308.496</ele>
    </trkpt>
    <trkpt lat="-27.7226048" lon="133.9775844">
      <ele>309.884</ele>
    </trkpt>
    <trkpt lat="-27.7226482" lon="133.977616">
      <ele>309.921</ele>
    </trkpt>
    <trkpt lat="-27.7227993" lon="133.9777262">
      <ele>310.157</ele>
    </trkpt>
    <trkpt lat="-27.7233527" lon="133.9781297">
      <ele>310.07</ele>
    </trkpt>
    <trkpt lat="-27.7234048" lon="133.978165">
      <ele>310.257</ele>
    </trkpt>
    <trkpt lat="-27.7235591" lon="133.9782695">
      <ele>310.813</ele>
    </trkpt>
    <trkpt lat="-27.7245323" lon="133.9789286">
      <ele>313.586</ele>
    </trkpt>
    <trkpt lat="-27.7246254" lon="133.9789916">
      <ele>313.22</ele>
    </trkpt>
    <trkpt lat="-27.7256107" lon="133.9796195">
      <ele>312.0</ele>
    </trkpt>
    <trkpt lat="-27.7263276" lon="133.980055">
      <ele>313.823</ele>
    </trkpt>
    <trkpt lat="-27.7274503" lon="133.980691">
      <ele>316.309</ele>
    </trkpt>
    <trkpt lat="-27.727986" lon="133.9809751">
      <ele>317.235</ele>
    </trkpt>
    <trkpt lat="-27.7281171" lon="133.9810433">
      <ele>316.434</ele>
    </trkpt>
    <trkpt lat="-27.7284576" lon="133.9812236">
      <ele>315.776</ele>
    </trkpt>
    <trkpt lat="-27.7288633" lon="133.981438">
      <ele>316.337</ele>
    </trkpt>
    <trkpt lat="-27.7312056" lon="133.982547">
      <ele>321.338</ele>
    </trkpt>
    <trkpt lat="-27.7327091" lon="133.9832589">
      <ele>325.587</ele>
    </trkpt>
    <trkpt lat="-27.7327612" lon="133.9832835">
      <ele>326.304</ele>
    </trkpt>
    <trkpt lat="-27.7333625" lon="133.9835668">
      <ele>322.512</ele>
    </trkpt>
    <trkpt lat="-27.7363506" lon="133.9849748">
      <ele>328.85</ele>
    </trkpt>
    <trkpt lat="-27.7368486" lon="133.9852096">
      <ele>328.74</ele>
    </trkpt>
    <trkpt lat="-27.7370146" lon="133.9852878">
      <ele>329.216</ele>
    </trkpt>
    <trkpt lat="-27.7371806" lon="133.985366">
      <ele>329.533</ele>
    </trkpt>
    <trkpt lat="-27.7373466" lon="133.9854443">
      <ele>329.49</ele>
    </trkpt>
    <trkpt lat="-27.7378446" lon="133.9856789">
      <ele>329.241</ele>
    </trkpt>
    <trkpt lat="-27.7380106" lon="133.9857571">
      <ele>329.838</ele>
    </trkpt>
    <trkpt lat="-27.7383426" lon="133.9859135">
      <ele>330.336</ele>
    </trkpt>
    <trkpt lat="-27.7386552" lon="133.9860609">
      <ele>331.311</ele>
    </trkpt>
    <trkpt lat="-27.7399763" lon="133.9867187">
      <ele>331.845</ele>
    </trkpt>
    <trkpt lat="-27.7399911" lon="133.9867264">
      <ele>331.943</ele>
    </trkpt>
    <trkpt lat="-27.7407948" lon="133.9871457">
      <ele>330.277</ele>
    </trkpt>
    <trkpt lat="-27.7409915" lon="133.9872545">
      <ele>328.192</ele>
    </trkpt>
    <trkpt lat="-27.7422796" lon="133.9879665">
      <ele>327.754</ele>
    </trkpt>
    <trkpt lat="-27.7424214" lon="133.9880494">
      <ele>328.663</ele>
    </trkpt>
    <trkpt lat="-27.7429007" lon="133.9883296">
      <ele>329.121</ele>
    </trkpt>
    <trkpt lat="-27.7430604" lon="133.988423">
      <ele>327.983</ele>
    </trkpt>
    <trkpt lat="-27.7434481" lon="133.9886497">
      <ele>327.057</ele>
    </trkpt>
    <trkpt lat="-27.7438549" lon="133.9888991">
      <ele>328.91</ele>
    </trkpt>
    <trkpt lat="-27.744013" lon="133.988996">
      <ele>329.386</ele>
    </trkpt>
    <trkpt lat="-27.7443292" lon="133.9891899">
      <ele>329.248</ele>
    </trkpt>
    <trkpt lat="-27.7444196" lon="133.9892453">
      <ele>328.523</ele>
    </trkpt>
    <trkpt lat="-27.7455757" lon="133.9899863">
      <ele>326.927</ele>
    </trkpt>
    <trkpt lat="-27.7456224" lon="133.9900181">
      <ele>326.775</ele>
    </trkpt>
    <trkpt lat="-27.7461977" lon="133.9904101">
      <ele>326.165</ele>
    </trkpt>
    <trkpt lat="-27.7463036" lon="133.9904822">
      <ele>326.043</ele>
    </trkpt>
    <trkpt lat="-27.7466596" lon="133.9907252">
      <ele>324.877</ele>
    </trkpt>
    <trkpt lat="-27.7468136" lon="133.9908303">
      <ele>325.444</ele>
    </trkpt>
    <trkpt lat="-27.74731" lon="133.9911691">
      <ele>327.143</ele>
    </trkpt>
    <trkpt lat="-27.7474277" lon="133.9912536">
      <ele>327.134</ele>
    </trkpt>
    <trkpt lat="-27.7475796" lon="133.9913626">
      <ele>326.741</ele>
    </trkpt>
    <trkpt lat="-27.748035" lon="133.9916896">
      <ele>325.917</ele>
    </trkpt>
    <trkpt lat="-27.7483196" lon="133.991894">
      <ele>325.787</ele>
    </trkpt>
    <trkpt lat="-27.7488344" lon="133.992284">
      <ele>325.0</ele>
    </trkpt>
    <trkpt lat="-27.7497076" lon="133.9929454">
      <ele>323.0</ele>
    </trkpt>
    <trkpt lat="-27.7504267" lon="133.9935165">
      <ele>324.319</ele>
    </trkpt>
    <trkpt lat="-27.7508088" lon="133.9938225">
      <ele>322.959</ele>
    </trkpt>
    <trkpt lat="-27.751472" lon="133.9943761">
      <ele>321.057</ele>
    </trkpt>
    <trkpt lat="-27.7520571" lon="133.9948645">
      <ele>320.0</ele>
    </trkpt>
    <trkpt lat="-27.752723" lon="133.9954581">
      <ele>320.0</ele>
    </trkpt>
    <trkpt lat="-27.7528642" lon="133.995584">
      <ele>319.484</ele>
    </trkpt>
    <trkpt lat="-27.7535703" lon="133.9962133">
      <ele>317.853</ele>
    </trkpt>
    <trkpt lat="-27.7537077" lon="133.9963357">
      <ele>318.281</ele>
    </trkpt>
    <trkpt lat="-27.7542641" lon="133.9968599">
      <ele>317.609</ele>
    </trkpt>
    <trkpt lat="-27.7548118" lon="133.9973759">
      <ele>315.322</ele>
    </trkpt>
    <trkpt lat="-27.7548166" lon="133.9973806">
      <ele>315.34</ele>
    </trkpt>
    <trkpt lat="-27.7556882" lon="133.9982394">
      <ele>316.301</ele>
    </trkpt>
    <trkpt lat="-27.7558735" lon="133.9984258">
      <ele>317.0</ele>
    </trkpt>
    <trkpt lat="-27.7579326" lon="134.0004965">
      <ele>313.888</ele>
    </trkpt>
    <trkpt lat="-27.7580489" lon="134.0006137">
      <ele>313.767</ele>
    </trkpt>
    <trkpt lat="-27.7581831" lon="134.000749">
      <ele>313.902</ele>
    </trkpt>
    <trkpt lat="-27.7583173" lon="134.0008843">
      <ele>313.942</ele>
    </trkpt>
    <trkpt lat="-27.7584515" lon="134.0010197">
      <ele>314.425</ele>
    </trkpt>
    <trkpt lat="-27.7591225" lon="134.0016963">
      <ele>313.751</ele>
    </trkpt>
    <trkpt lat="-27.7592567" lon="134.0018317">
      <ele>313.274</ele>
    </trkpt>
    <trkpt lat="-27.7593909" lon="134.001967">
      <ele>313.0</ele>
    </trkpt>
    <trkpt lat="-27.7641646" lon="134.0067815">
      <ele>313.0</ele>
    </trkpt>
    <trkpt lat="-27.7658602" lon="134.0083955">
      <ele>312.075</ele>
    </trkpt>
    <trkpt lat="-27.7669117" lon="134.009319">
      <ele>311.947</ele>
    </trkpt>
    <trkpt lat="-27.7670133" lon="134.0094021">
      <ele>312.286</ele>
    </trkpt>
    <trkpt lat="-27.767159" lon="134.0095213">
      <ele>312.496</ele>
    </trkpt>
    <trkpt lat="-27.768083" lon="134.0102772">
      <ele>312.0</ele>
    </trkpt>
    <trkpt lat="-27.7692997" lon="134.0112256">
      <ele>313.067</ele>
    </trkpt>
    <trkpt lat="-27.7696591" lon="134.0114822">
      <ele>313.437</ele>
    </trkpt>
    <trkpt lat="-27.7698427" lon="134.0116132">
      <ele>313.192</ele>
    </trkpt>
    <trkpt lat="-27.7709984" lon="134.0124287">
      <ele>310.743</ele>
    </trkpt>
    <trkpt lat="-27.7711997" lon="134.0125612">
      <ele>311.0</ele>
    </trkpt>
    <trkpt lat="-27.7720492" lon="134.0131205">
      <ele>312.523</ele>
    </trkpt>
    <trkpt lat="-27.7726095" lon="134.0134598">
      <ele>311.33</ele>
    </trkpt>
    <trkpt lat="-27.772768" lon="134.0135558">
      <ele>311.007</ele>
    </trkpt>
    <trkpt lat="-27.7729266" lon="134.0136518">
      <ele>311.389</ele>
    </trkpt>
    <trkpt lat="-27.7736239" lon="134.014074">
      <ele>312.954</ele>
    </trkpt>
    <trkpt lat="-27.774061" lon="134.0143161">
      <ele>312.0</ele>
    </trkpt>
    <trkpt lat="-27.7741281" lon="134.0143533">
      <ele>312.0</ele>
    </trkpt>
    <trkpt lat="-27.7745286" lon="134.0145751">
      <ele>311.369</ele>
    </trkpt>
    <trkpt lat="-27.7748704" lon="134.0147644">
      <ele>310.777</ele>
    </trkpt>
    <trkpt lat="-27.7755058" lon="134.0150927">
      <ele>311.513</ele>
    </trkpt>
    <trkpt lat="-27.7760725" lon="134.0153855">
      <ele>308.527</ele>
    </trkpt>
    <trkpt lat="-27.7776763" lon="134.0161377">
      <ele>307.4</ele>
    </trkpt>
    <trkpt lat="-27.7784806" lon="134.0164813">
      <ele>309.176</ele>
    </trkpt>
    <trkpt lat="-27.7790062" lon="134.0166921">
      <ele>308.155</ele>
    </trkpt>
    <trkpt lat="-27.7795962" lon="134.0169287">
      <ele>305.969</ele>
    </trkpt>
    <trkpt lat="-27.7809497" lon="134.0174262">
      <ele>304.0</ele>
    </trkpt>
    <trkpt lat="-27.7820923" lon="134.0177952">
      <ele>301.405</ele>
    </trkpt>
    <trkpt lat="-27.7822652" lon="134.0178511">
      <ele>300.777</ele>
    </trkpt>
    <trkpt lat="-27.7828564" lon="134.0180421">
      <ele>301.269</ele>
    </trkpt>
    <trkpt lat="-27.7839721" lon="134.0183536">
      <ele>300.3</ele>
    </trkpt>
    <trkpt lat="-27.7857032" lon="134.0187689">
      <ele>301.239</ele>
    </trkpt>
    <trkpt lat="-27.7863551" lon="134.0188949">
      <ele>300.141</ele>
    </trkpt>
    <trkpt lat="-27.7871079" lon="134.0190404">
      <ele>302.545</ele>
    </trkpt>
    <trkpt lat="-27.7886094" lon="134.0192787">
      <ele>301.196</ele>
    </trkpt>
    <trkpt lat="-27.7886639" lon="134.0192873">
      <ele>300.834</ele>
    </trkpt>
    <trkpt lat="-27.7891455" lon="134.0193482">
      <ele>299.346</ele>
    </trkpt>
    <trkpt lat="-27.7894607" lon="134.0193881">
      <ele>300.249</ele>
    </trkpt>
    <trkpt lat="-27.7908149" lon="134.0195294">
      <ele>297.485</ele>
    </trkpt>
    <trkpt lat="-27.7921036" lon="134.0196201">
      <ele>294.735</ele>
    </trkpt>
    <trkpt lat="-27.7923727" lon="134.0196278">
      <ele>294.853</ele>
    </trkpt>
    <trkpt lat="-27.7925525" lon="134.019633">
      <ele>295.189</ele>
    </trkpt>
    <trkpt lat="-27.7927323" lon="134.0196382">
      <ele>295.836</ele>
    </trkpt>
    <trkpt lat="-27.7929122" lon="134.0196434">
      <ele>296.0</ele>
    </trkpt>
    <trkpt lat="-27.7932718" lon="134.0196537">
      <ele>293.665</ele>
    </trkpt>
    <trkpt lat="-27.7934515" lon="134.0196588">
      <ele>292.246</ele>
    </trkpt>
    <trkpt lat="-27.793991" lon="134.0196743">
      <ele>291.304</ele>
    </trkpt>
    <trkpt lat="-27.7940585" lon="134.0196762">
      <ele>291.509</ele>
    </trkpt>
    <trkpt lat="-27.7941708" lon="134.0196748">
      <ele>291.832</ele>
    </trkpt>
    <trkpt lat="-27.7950104" lon="134.0196645">
      <ele>288.12</ele>
    </trkpt>
    <trkpt lat="-27.7954298" lon="134.0196594">
      <ele>292.868</ele>
    </trkpt>
    <trkpt lat="-27.7955727" lon="134.0196576">
      <ele>294.266</ele>
    </trkpt>
    <trkpt lat="-27.7956096" lon="134.0196572">
      <ele>294.338</ele>
    </trkpt>
    <trkpt lat="-27.798847" lon="134.0196175">
      <ele>296.414</ele>
    </trkpt>
    <trkpt lat="-27.798851" lon="134.0196174">
      <ele>296.411</ele>
    </trkpt>
    <trkpt lat="-27.7992031" lon="134.0196142">
      <ele>296.258</ele>
    </trkpt>
    <trkpt lat="-27.8001307" lon="134.0196017">
      <ele>296.037</ele>
    </trkpt>
    <trkpt lat="-27.8016339" lon="134.0196063">
      <ele>297.882</ele>
    </trkpt>
    <trkpt lat="-27.8035199" lon="134.0196447">
      <ele>301.187</ele>
    </trkpt>
    <trkpt lat="-27.8043004" lon="134.0196803">
      <ele>302.519</ele>
    </trkpt>
    <trkpt lat="-27.8054474" lon="134.0197327">
      <ele>301.0</ele>
    </trkpt>
    <trkpt lat="-27.8060419" lon="134.0197711">
      <ele>304.502</ele>
    </trkpt>
    <trkpt lat="-27.8064806" lon="134.0197995">
      <ele>305.33</ele>
    </trkpt>
    <trkpt lat="-27.8068615" lon="134.0198241">
      <ele>306.0</ele>
    </trkpt>
    <trkpt lat="-27.8086634" lon="134.0199794">
      <ele>304.128</ele>
    </trkpt>
    <trkpt lat="-27.8095102" lon="134.0200689">
      <ele>308.07</ele>
    </trkpt>
    <trkpt lat="-27.8096893" lon="134.0200878">
      <ele>307.713</ele>
    </trkpt>
    <trkpt lat="-27.8101394" lon="134.0201353">
      <ele>308.502</ele>
    </trkpt>
    <trkpt lat="-27.810405" lon="134.0201698">
      <ele>308.822</ele>
    </trkpt>
    <trkpt lat="-27.8105837" lon="134.0201929">
      <ele>308.32</ele>
    </trkpt>
    <trkpt lat="-27.8112985" lon="134.0202855">
      <ele>303.349</ele>
    </trkpt>
    <trkpt lat="-27.8114772" lon="134.0203087">
      <ele>303.606</ele>
    </trkpt>
    <trkpt lat="-27.8116582" lon="134.0203321">
      <ele>303.025</ele>
    </trkpt>
    <trkpt lat="-27.8132596" lon="134.0205001">
      <ele>308.934</ele>
    </trkpt>
    <trkpt lat="-27.8145129" lon="134.0207118">
      <ele>310.754</ele>
    </trkpt>
    <trkpt lat="-27.8146908" lon="134.0207419">
      <ele>310.113</ele>
    </trkpt>
    <trkpt lat="-27.8147364" lon="134.0207496">
      <ele>310.036</ele>
    </trkpt>
    <trkpt lat="-27.8152229" lon="134.0208433">
      <ele>310.162</ele>
    </trkpt>
    <trkpt lat="-27.8154002" lon="134.0208775">
      <ele>309.47</ele>
    </trkpt>
    <trkpt lat="-27.8161378" lon="134.0210195">
      <ele>307.968</ele>
    </trkpt>
    <trkpt lat="-27.8177183" lon="134.0213687">
      <ele>307.886</ele>
    </trkpt>
    <trkpt lat="-27.8193663" lon="134.0217355">
      <ele>305.139</ele>
    </trkpt>
    <trkpt lat="-27.8215255" lon="134.0222872">
      <ele>304.377</ele>
    </trkpt>
    <trkpt lat="-27.8235679" lon="134.0228418">
      <ele>302.156</ele>
    </trkpt>
    <trkpt lat="-27.8252132" lon="134.0233318">
      <ele>302.238</ele>
    </trkpt>
    <trkpt lat="-27.8262226" lon="134.0236634">
      <ele>301.0</ele>
    </trkpt>
    <trkpt lat="-27.8285037" lon="134.0244234">
      <ele>298.613</ele>
    </trkpt>
    <trkpt lat="-27.8292006" lon="134.0246546">
      <ele>299.391</ele>
    </trkpt>
    <trkpt lat="-27.8302362" lon="134.0249982">
      <ele>296.291</ele>
    </trkpt>
    <trkpt lat="-27.8303253" lon="134.0250278">
      <ele>296.454</ele>
    </trkpt>
    <trkpt lat="-27.8304088" lon="134.0250555">
      <ele>296.977</ele>
    </trkpt>
    <trkpt lat="-27.8305813" lon="134.0251129">
      <ele>297.813</ele>
    </trkpt>
    <trkpt lat="-27.8307538" lon="134.0251703">
      <ele>298.226</ele>
    </trkpt>
    <trkpt lat="-27.8309264" lon="134.0252277">
      <ele>298.304</ele>
    </trkpt>
    <trkpt lat="-27.8317891" lon="134.0255147">
      <ele>297.441</ele>
    </trkpt>
    <trkpt lat="-27.8322663" lon="134.0256734">
      <ele>296.393</ele>
    </trkpt>
    <trkpt lat="-27.8343786" lon="134.0263982">
      <ele>296.263</ele>
    </trkpt>
    <trkpt lat="-27.8369508" lon="134.0272903">
      <ele>299.017</ele>
    </trkpt>
    <trkpt lat="-27.8394049" lon="134.0281111">
      <ele>291.628</ele>
    </trkpt>
    <trkpt lat="-27.84044" lon="134.0284757">
      <ele>291.334</ele>
    </trkpt>
    <trkpt lat="-27.8423159" lon="134.0290919">
      <ele>293.909</ele>
    </trkpt>
    <trkpt lat="-27.8426414" lon="134.0292007">
      <ele>294.245</ele>
    </trkpt>
    <trkpt lat="-27.8480474" lon="134.0310081">
      <ele>291.651</ele>
    </trkpt>
    <trkpt lat="-27.8490228" lon="134.0313368">
      <ele>290.188</ele>
    </trkpt>
    <trkpt lat="-27.8491951" lon="134.0313949">
      <ele>290.1</ele>
    </trkpt>
    <trkpt lat="-27.8493675" lon="134.031453">
      <ele>290.556</ele>
    </trkpt>
    <trkpt lat="-27.8495399" lon="134.0315111">
      <ele>290.56</ele>
    </trkpt>
    <trkpt lat="-27.8497123" lon="134.0315692">
      <ele>290.351</ele>
    </trkpt>
    <trkpt lat="-27.8498847" lon="134.0316273">
      <ele>290.059</ele>
    </trkpt>
    <trkpt lat="-27.8504018" lon="134.0318015">
      <ele>289.984</ele>
    </trkpt>
    <trkpt lat="-27.8507119" lon="134.031906">
      <ele>290.0</ele>
    </trkpt>
    <trkpt lat="-27.8530986" lon="134.0327013">
      <ele>290.845</ele>
    </trkpt>
    <trkpt lat="-27.8542663" lon="134.0330973">
      <ele>289.545</ele>
    </trkpt>
    <trkpt lat="-27.8559191" lon="134.0336553">
      <ele>288.318</ele>
    </trkpt>
    <trkpt lat="-27.8560056" lon="134.0336846">
      <ele>288.529</ele>
    </trkpt>
    <trkpt lat="-27.8575214" lon="134.0342119">
      <ele>288.24</ele>
    </trkpt>
    <trkpt lat="-27.859761" lon="134.0350252">
      <ele>292.938</ele>
    </trkpt>
    <trkpt lat="-27.8641569" lon="134.0366806">
      <ele>295.967</ele>
    </trkpt>
    <trkpt lat="-27.865559" lon="134.0372436">
      <ele>294.077</ele>
    </trkpt>
    <trkpt lat="-27.8674864" lon="134.0380241">
      <ele>292.157</ele>
    </trkpt>
    <trkpt lat="-27.8693064" lon="134.0387474">
      <ele>296.263</ele>
    </trkpt>
    <trkpt lat="-27.8697224" lon="134.0389211">
      <ele>296.116</ele>
    </trkpt>
    <trkpt lat="-27.8698912" lon="134.0389915">
      <ele>296.369</ele>
    </trkpt>
    <trkpt lat="-27.8700599" lon="134.0390619">
      <ele>296.407</ele>
    </trkpt>
    <trkpt lat="-27.8701055" lon="134.0390809">
      <ele>296.311</ele>
    </trkpt>
    <trkpt lat="-27.8702802" lon="134.0391538">
      <ele>295.945</ele>
    </trkpt>
    <trkpt lat="-27.8705617" lon="134.0392862">
      <ele>294.525</ele>
    </trkpt>
    <trkpt lat="-27.8706065" lon="134.0393073">
      <ele>294.127</ele>
    </trkpt>
    <trkpt lat="-27.870682" lon="134.0393428">
      <ele>293.456</ele>
    </trkpt>
    <trkpt lat="-27.8713827" lon="134.0396312">
      <ele>295.298</ele>
    </trkpt>
    <trkpt lat="-27.8722345" lon="134.0400005">
      <ele>296.0</ele>
    </trkpt>
    <trkpt lat="-27.8727924" lon="134.040246">
      <ele>296.006</ele>
    </trkpt>
    <trkpt lat="-27.8731618" lon="134.0404085">
      <ele>294.294</ele>
    </trkpt>
    <trkpt lat="-27.8743886" lon="134.0409511">
      <ele>295.0</ele>
    </trkpt>
    <trkpt lat="-27.8757166" lon="134.0415542">
      <ele>291.405</ele>
    </trkpt>
    <trkpt lat="-27.8764706" lon="134.0418963">
      <ele>291.294</ele>
    </trkpt>
    <trkpt lat="-27.8770345" lon="134.0421522">
      <ele>292.17</ele>
    </trkpt>
    <trkpt lat="-27.878365" lon="134.0427761">
      <ele>290.125</ele>
    </trkpt>
    <trkpt lat="-27.8789656" lon="134.0430577">
      <ele>291.545</ele>
    </trkpt>
    <trkpt lat="-27.8790104" lon="134.0430787">
      <ele>291.792</ele>
    </trkpt>
    <trkpt lat="-27.8797604" lon="134.0434424">
      <ele>291.661</ele>
    </trkpt>
    <trkpt lat="-27.8805238" lon="134.0438071">
      <ele>292.294</ele>
    </trkpt>
    <trkpt lat="-27.8810051" lon="134.0440372">
      <ele>291.0</ele>
    </trkpt>
    <trkpt lat="-27.8815504" lon="134.0443067">
      <ele>289.703</ele>
    </trkpt>
    <trkpt lat="-27.8818882" lon="134.0444744">
      <ele>289.884</ele>
    </trkpt>
    <trkpt lat="-27.8821525" lon="134.0446015">
      <ele>290.891</ele>
    </trkpt>
    <trkpt lat="-27.8823339" lon="134.0446893">
      <ele>291.354</ele>
    </trkpt>
    <trkpt lat="-27.8826729" lon="134.0448561">
      <ele>292.622</ele>
    </trkpt>
    <trkpt lat="-27.882767" lon="134.0449037">
      <ele>292.961</ele>
    </trkpt>
    <trkpt lat="-27.8830148" lon="134.0450289">
      <ele>293.869</ele>
    </trkpt>
    <trkpt lat="-27.8834649" lon="134.0452498">
      <ele>290.674</ele>
    </trkpt>
    <trkpt lat="-27.8842155" lon="134.0456274">
      <ele>287.917</ele>
    </trkpt>
    <trkpt lat="-27.8850283" lon="134.0460433">
      <ele>289.448</ele>
    </trkpt>
    <trkpt lat="-27.8853915" lon="134.0462319">
      <ele>291.587</ele>
    </trkpt>
    <trkpt lat="-27.8858236" lon="134.046456">
      <ele>293.0</ele>
    </trkpt>
    <trkpt lat="-27.8858846" lon="134.0464872">
      <ele>292.75</ele>
    </trkpt>
    <trkpt lat="-27.8863106" lon="134.046705">
      <ele>290.006</ele>
    </trkpt>
    <trkpt lat="-27.8867435" lon="134.046932">
      <ele>288.264</ele>
    </trkpt>
    <trkpt lat="-27.8876315" lon="134.0473946">
      <ele>288.473</ele>
    </trkpt>
    <trkpt lat="-27.8884407" lon="134.0478248">
      <ele>286.358</ele>
    </trkpt>
    <trkpt lat="-27.8889913" lon="134.0481197">
      <ele>286.198</ele>
    </trkpt>
    <trkpt lat="-27.8901039" lon="134.0487181">
      <ele>283.77</ele>
    </trkpt>
    <trkpt lat="-27.8903298" lon="134.0488425">
      <ele>283.864</ele>
    </trkpt>
    <trkpt lat="-27.8905827" lon="134.0489802">
      <ele>284.492</ele>
    </trkpt>
    <trkpt lat="-27.8915494" lon="134.0495056">
      <ele>287.386</ele>
    </trkpt>
    <trkpt lat="-27.8920102" lon="134.0497625">
      <ele>287.653</ele>
    </trkpt>
    <trkpt lat="-27.8927511" lon="134.0501711">
      <ele>284.923</ele>
    </trkpt>
    <trkpt lat="-27.8933327" lon="134.0504969">
      <ele>279.585</ele>
    </trkpt>
    <trkpt lat="-27.8933552" lon="134.0505095">
      <ele>279.734</ele>
    </trkpt>
    <trkpt lat="-27.8936974" lon="134.0507007">
      <ele>283.238</ele>
    </trkpt>
    <trkpt lat="-27.8938986" lon="134.050819">
      <ele>284.779</ele>
    </trkpt>
    <trkpt lat="-27.8939143" lon="134.0508282">
      <ele>284.765</ele>
    </trkpt>
    <trkpt lat="-27.8942687" lon="134.0510317">
      <ele>284.186</ele>
    </trkpt>
    <trkpt lat="-27.8946401" lon="134.0512421">
      <ele>283.824</ele>
    </trkpt>
    <trkpt lat="-27.8946857" lon="134.0512679">
      <ele>283.567</ele>
    </trkpt>
    <trkpt lat="-27.8956789" lon="134.0518367">
      <ele>284.048</ele>
    </trkpt>
    <trkpt lat="-27.8960436" lon="134.0520517">
      <ele>283.614</ele>
    </trkpt>
    <trkpt lat="-27.896192" lon="134.0521355">
      <ele>283.021</ele>
    </trkpt>
    <trkpt lat="-27.8963754" lon="134.0522424">
      <ele>282.118</ele>
    </trkpt>
    <trkpt lat="-27.8967989" lon="134.0524879">
      <ele>283.522</ele>
    </trkpt>
    <trkpt lat="-27.8973082" lon="134.0527921">
      <ele>285.345</ele>
    </trkpt>
    <trkpt lat="-27.8976708" lon="134.0530071">
      <ele>286.107</ele>
    </trkpt>
    <trkpt lat="-27.8977394" lon="134.0530481">
      <ele>286.023</ele>
    </trkpt>
    <trkpt lat="-27.8978985" lon="134.0531432">
      <ele>284.916</ele>
    </trkpt>
    <trkpt lat="-27.8979485" lon="134.0531731">
      <ele>284.47</ele>
    </trkpt>
    <trkpt lat="-27.8982592" lon="134.0533544">
      <ele>282.678</ele>
    </trkpt>
    <trkpt lat="-27.8985798" lon="134.0535472">
      <ele>282.026</ele>
    </trkpt>
    <trkpt lat="-27.8989179" lon="134.0537516">
      <ele>282.61</ele>
    </trkpt>
    <trkpt lat="-27.8991106" lon="134.0538656">
      <ele>283.714</ele>
    </trkpt>
    <trkpt lat="-27.8991716" lon="134.0539018">
      <ele>284.035</ele>
    </trkpt>
    <trkpt lat="-27.8994573" lon="134.054071">
      <ele>285.437</ele>
    </trkpt>
    <trkpt lat="-27.8998919" lon="134.0543328">
      <ele>287.013</ele>
    </trkpt>
    <trkpt lat="-27.900278" lon="134.0545678">
      <ele>286.554</ele>
    </trkpt>
    <trkpt lat="-27.9008548" lon="134.0549222">
      <ele>282.022</ele>
    </trkpt>
    <trkpt lat="-27.9010129" lon="134.0550193">
      <ele>282.114</ele>
    </trkpt>
    <trkpt lat="-27.9010155" lon="134.0550209">
      <ele>282.125</ele>
    </trkpt>
    <trkpt lat="-27.9015281" lon="134.0553316">
      <ele>285.08</ele>
    </trkpt>
    <trkpt lat="-27.9022329" lon="134.0557792">
      <ele>285.226</ele>
    </trkpt>
    <trkpt lat="-27.9035365" lon="134.0565899">
      <ele>288.455</ele>
    </trkpt>
    <trkpt lat="-27.9040059" lon="134.0568855">
      <ele>290.212</ele>
    </trkpt>
    <trkpt lat="-27.9041184" lon="134.0569563">
      <ele>289.95</ele>
    </trkpt>
    <trkpt lat="-27.9045793" lon="134.05725">
      <ele>287.515</ele>
    </trkpt>
    <trkpt lat="-27.9049595" lon="134.0574917">
      <ele>287.0</ele>
    </trkpt>
    <trkpt lat="-27.9053932" lon="134.057773">
      <ele>289.416</ele>
    </trkpt>
    <trkpt lat="-27.9054747" lon="134.057826">
      <ele>289.709</ele>
    </trkpt>
    <trkpt lat="-27.9057636" lon="134.0580137">
      <ele>288.502</ele>
    </trkpt>
    <trkpt lat="-27.9061505" lon="134.0582624">
      <ele>284.631</ele>
    </trkpt>
    <trkpt lat="-27.9064931" lon="134.0584855">
      <ele>287.128</ele>
    </trkpt>
    <trkpt lat="-27.9067041" lon="134.0586265">
      <ele>289.079</ele>
    </trkpt>
    <trkpt lat="-27.9071252" lon="134.0589043">
      <ele>288.294</ele>
    </trkpt>
    <trkpt lat="-27.9073228" lon="134.059031">
      <ele>287.488</ele>
    </trkpt>
    <trkpt lat="-27.9078061" lon="134.059356">
      <ele>285.637</ele>
    </trkpt>
    <trkpt lat="-27.9082057" lon="134.0595655">
      <ele>285.541</ele>
    </trkpt>
    <trkpt lat="-27.9085366" lon="134.0597623">
      <ele>286.106</ele>
    </trkpt>
    <trkpt lat="-27.908888" lon="134.0600575">
      <ele>287.997</ele>
    </trkpt>
    <trkpt lat="-27.9094533" lon="134.0604552">
      <ele>287.414</ele>
    </trkpt>
    <trkpt lat="-27.9095992" lon="134.0605573">
      <ele>288.108</ele>
    </trkpt>
    <trkpt lat="-27.9099848" lon="134.060812">
      <ele>287.059</ele>
    </trkpt>
    <trkpt lat="-27.9109937" lon="134.0614964">
      <ele>286.743</ele>
    </trkpt>
    <trkpt lat="-27.9120162" lon="134.0622044">
      <ele>287.337</ele>
    </trkpt>
    <trkpt lat="-27.9131558" lon="134.0629911">
      <ele>285.509</ele>
    </trkpt>
    <trkpt lat="-27.9138475" lon="134.0634811">
      <ele>286.851</ele>
    </trkpt>
    <trkpt lat="-27.9155869" lon="134.0647139">
      <ele>284.03</ele>
    </trkpt>
    <trkpt lat="-27.916512" lon="134.0653804">
      <ele>285.723</ele>
    </trkpt>
    <trkpt lat="-27.9174968" lon="134.0661002">
      <ele>288.833</ele>
    </trkpt>
    <trkpt lat="-27.9178199" lon="134.0663364">
      <ele>289.659</ele>
    </trkpt>
    <trkpt lat="-27.9194512" lon="134.0675529">
      <ele>286.761</ele>
    </trkpt>
    <trkpt lat="-27.9197379" lon="134.0677647">
      <ele>284.047</ele>
    </trkpt>
    <trkpt lat="-27.9199098" lon="134.0678975">
      <ele>283.72</ele>
    </trkpt>
    <trkpt lat="-27.9203244" lon="134.0682096">
      <ele>286.797</ele>
    </trkpt>
    <trkpt lat="-27.9206177" lon="134.0684285">
      <ele>287.615</ele>
    </trkpt>
    <trkpt lat="-27.9211496" lon="134.0688372">
      <ele>287.749</ele>
    </trkpt>
    <trkpt lat="-27.9214676" lon="134.0690818">
      <ele>285.913</ele>
    </trkpt>
    <trkpt lat="-27.9223319" lon="134.0697467">
      <ele>286.325</ele>
    </trkpt>
    <trkpt lat="-27.9227836" lon="134.070103">
      <ele>286.371</ele>
    </trkpt>
    <trkpt lat="-27.9232909" lon="134.0704966">
      <ele>286.093</ele>
    </trkpt>
    <trkpt lat="-27.9242225" lon="134.0712192">
      <ele>281.922</ele>
    </trkpt>
    <trkpt lat="-27.9245193" lon="134.0714494">
      <ele>281.598</ele>
    </trkpt>
    <trkpt lat="-27.9246676" lon="134.0715645">
      <ele>283.115</ele>
    </trkpt>
    <trkpt lat="-27.9251127" lon="134.0719097">
      <ele>285.52</ele>
    </trkpt>
    <trkpt lat="-27.9252427" lon="134.0720105">
      <ele>285.304</ele>
    </trkpt>
    <trkpt lat="-27.9255431" lon="134.0722422">
      <ele>284.086</ele>
    </trkpt>
    <trkpt lat="-27.9287594" lon="134.0747494">
      <ele>284.841</ele>
    </trkpt>
    <trkpt lat="-27.9293284" lon="134.0751954">
      <ele>285.59</ele>
    </trkpt>
    <trkpt lat="-27.9330825" lon="134.0781152">
      <ele>282.945</ele>
    </trkpt>
    <trkpt lat="-27.9332637" lon="134.0782543">
      <ele>282.004</ele>
    </trkpt>
    <trkpt lat="-27.936175" lon="134.0805289">
      <ele>285.392</ele>
    </trkpt>
    <trkpt lat="-27.9372424" lon="134.081359">
      <ele>279.835</ele>
    </trkpt>
    <trkpt lat="-27.9381074" lon="134.0820317">
      <ele>281.685</ele>
    </trkpt>
    <trkpt lat="-27.9388731" lon="134.0826272">
      <ele>284.943</ele>
    </trkpt>
    <trkpt lat="-27.9419863" lon="134.0850483">
      <ele>278.272</ele>
    </trkpt>
    <trkpt lat="-27.9482696" lon="134.0899353">
      <ele>279.003</ele>
    </trkpt>
    <trkpt lat="-27.9517977" lon="134.0926831">
      <ele>279.869</ele>
    </trkpt>
    <trkpt lat="-27.9551794" lon="134.0953114">
      <ele>277.829</ele>
    </trkpt>
    <trkpt lat="-27.9555736" lon="134.0956178">
      <ele>277.552</ele>
    </trkpt>
    <trkpt lat="-27.9562335" lon="134.0961307">
      <ele>275.669</ele>
    </trkpt>
    <trkpt lat="-27.9564741" lon="134.0963179">
      <ele>275.823</ele>
    </trkpt>
    <trkpt lat="-27.9583406" lon="134.0976808">
      <ele>278.663</ele>
    </trkpt>
    <trkpt lat="-27.9584631" lon="134.0977652">
      <ele>277.602</ele>
    </trkpt>
    <trkpt lat="-27.9596807" lon="134.0986047">
      <ele>277.406</ele>
    </trkpt>
    <trkpt lat="-27.9606759" lon="134.0992835">
      <ele>277.397</ele>
    </trkpt>
    <trkpt lat="-27.9616895" lon="134.0999416">
      <ele>277.679</ele>
    </trkpt>
    <trkpt lat="-27.9624534" lon="134.100432">
      <ele>279.261</ele>
    </trkpt>
    <trkpt lat="-27.9636305" lon="134.1011628">
      <ele>279.033</ele>
    </trkpt>
    <trkpt lat="-27.964644" lon="134.1017629">
      <ele>275.0</ele>
    </trkpt>
    <trkpt lat="-27.9656935" lon="134.1023815">
      <ele>272.5</ele>
    </trkpt>
    <trkpt lat="-27.9660932" lon="134.1026004">
      <ele>275.83</ele>
    </trkpt>
    <trkpt lat="-27.9673563" lon="134.1033009">
      <ele>276.056</ele>
    </trkpt>
    <trkpt lat="-27.9683342" lon="134.103827">
      <ele>274.0</ele>
    </trkpt>
    <trkpt lat="-27.9696277" lon="134.1044926">
      <ele>278.66</ele>
    </trkpt>
    <trkpt lat="-27.9710334" lon="134.1051851">
      <ele>272.774</ele>
    </trkpt>
    <trkpt lat="-27.9726404" lon="134.1059386">
      <ele>274.819</ele>
    </trkpt>
    <trkpt lat="-27.9732164" lon="134.1061972">
      <ele>277.4</ele>
    </trkpt>
    <trkpt lat="-27.9741326" lon="134.1065952">
      <ele>274.154</ele>
    </trkpt>
    <trkpt lat="-27.9745545" lon="134.1067828">
      <ele>274.144</ele>
    </trkpt>
    <trkpt lat="-27.9758939" lon="134.1073429">
      <ele>274.439</ele>
    </trkpt>
    <trkpt lat="-27.9764427" lon="134.1076001">
      <ele>270.872</ele>
    </trkpt>
    <trkpt lat="-27.9785722" lon="134.1083971">
      <ele>276.433</ele>
    </trkpt>
    <trkpt lat="-27.9791602" lon="134.1086172">
      <ele>273.978</ele>
    </trkpt>
    <trkpt lat="-27.9811511" lon="134.1093016">
      <ele>274.222</ele>
    </trkpt>
    <trkpt lat="-27.9821979" lon="134.1096277">
      <ele>276.563</ele>
    </trkpt>
    <trkpt lat="-27.9827099" lon="134.1097881">
      <ele>273.591</ele>
    </trkpt>
    <trkpt lat="-27.9828832" lon="134.1098424">
      <ele>273.246</ele>
    </trkpt>
    <trkpt lat="-27.9832181" lon="134.1099473">
      <ele>274.913</ele>
    </trkpt>
    <trkpt lat="-27.9839062" lon="134.1101463">
      <ele>276.967</ele>
    </trkpt>
    <trkpt lat="-27.9860806" lon="134.1107489">
      <ele>276.22</ele>
    </trkpt>
    <trkpt lat="-27.9863743" lon="134.110824">
      <ele>274.105</ele>
    </trkpt>
    <trkpt lat="-27.987518" lon="134.1111163">
      <ele>272.955</ele>
    </trkpt>
    <trkpt lat="-27.9877793" lon="134.1111752">
      <ele>272.466</ele>
    </trkpt>
    <trkpt lat="-27.9879557" lon="134.1112149">
      <ele>273.148</ele>
    </trkpt>
    <trkpt lat="-27.9890141" lon="134.1114534">
      <ele>276.232</ele>
    </trkpt>
    <trkpt lat="-27.9893669" lon="134.1115329">
      <ele>277.239</ele>
    </trkpt>
    <trkpt lat="-27.9895434" lon="134.1115727">
      <ele>277.426</ele>
    </trkpt>
    <trkpt lat="-27.9895639" lon="134.1115773">
      <ele>277.387</ele>
    </trkpt>
    <trkpt lat="-27.9897201" lon="134.1116103">
      <ele>277.006</ele>
    </trkpt>
    <trkpt lat="-27.9898969" lon="134.1116476">
      <ele>276.328</ele>
    </trkpt>
    <trkpt lat="-27.9907944" lon="134.1118371">
      <ele>274.438</ele>
    </trkpt>
    <trkpt lat="-27.9918435" lon="134.1120361">
      <ele>278.67</ele>
    </trkpt>
    <trkpt lat="-27.9928166" lon="134.1122227">
      <ele>274.28</ele>
    </trkpt>
    <trkpt lat="-27.9938059" lon="134.1123859">
      <ele>276.178</ele>
    </trkpt>
    <trkpt lat="-27.9948699" lon="134.1125413">
      <ele>279.155</ele>
    </trkpt>
    <trkpt lat="-27.9948841" lon="134.1125433">
      <ele>279.18</ele>
    </trkpt>
    <trkpt lat="-27.9962992" lon="134.1127294">
      <ele>280.976</ele>
    </trkpt>
    <trkpt lat="-27.9970707" lon="134.1128308">
      <ele>278.81</ele>
    </trkpt>
    <trkpt lat="-27.9988401" lon="134.1130247">
      <ele>279.713</ele>
    </trkpt>
    <trkpt lat="-28.0002384" lon="134.1131459">
      <ele>280.325</ele>
    </trkpt>
    <trkpt lat="-28.0009565" lon="134.1132014">
      <ele>277.346</ele>
    </trkpt>
    <trkpt lat="-28.0020326" lon="134.1132666">
      <ele>279.519</ele>
    </trkpt>
    <trkpt lat="-28.0031926" lon="134.1133187">
      <ele>281.441</ele>
    </trkpt>
    <trkpt lat="-28.004355" lon="134.1133612">
      <ele>280.032</ele>
    </trkpt>
    <trkpt lat="-28.0050469" lon="134.1133865">
      <ele>278.127</ele>
    </trkpt>
    <trkpt lat="-28.0055038" lon="134.1133666">
      <ele>276.969</ele>
    </trkpt>
    <trkpt lat="-28.0062753" lon="134.1133868">
      <ele>279.659</ele>
    </trkpt>
    <trkpt lat="-28.0068722" lon="134.1133886">
      <ele>281.009</ele>
    </trkpt>
    <trkpt lat="-28.0070277" lon="134.1133891">
      <ele>281.099</ele>
    </trkpt>
    <trkpt lat="-28.0082277" lon="134.1133807">
      <ele>279.065</ele>
    </trkpt>
    <trkpt lat="-28.0083111" lon="134.113378">
      <ele>279.013</ele>
    </trkpt>
    <trkpt lat="-28.0090273" lon="134.1133551">
      <ele>279.655</ele>
    </trkpt>
    <trkpt lat="-28.0103492" lon="134.1132939">
      <ele>282.0</ele>
    </trkpt>
    <trkpt lat="-28.0113443" lon="134.1132429">
      <ele>282.731</ele>
    </trkpt>
    <trkpt lat="-28.0115459" lon="134.1132304">
      <ele>283.0</ele>
    </trkpt>
    <trkpt lat="-28.0137538" lon="134.1130752">
      <ele>279.514</ele>
    </trkpt>
    <trkpt lat="-28.0151703" lon="134.1129396">
      <ele>282.612</ele>
    </trkpt>
    <trkpt lat="-28.0159752" lon="134.1128492">
      <ele>282.388</ele>
    </trkpt>
    <trkpt lat="-28.0162924" lon="134.112809">
      <ele>280.92</ele>
    </trkpt>
    <trkpt lat="-28.0174502" lon="134.1126623">
      <ele>280.236</ele>
    </trkpt>
    <trkpt lat="-28.0184563" lon="134.112519">
      <ele>283.077</ele>
    </trkpt>
    <trkpt lat="-28.018792" lon="134.1124653">
      <ele>281.349</ele>
    </trkpt>
    <trkpt lat="-28.0188373" lon="134.112458">
      <ele>281.186</ele>
    </trkpt>
    <trkpt lat="-28.0189701" lon="134.1124367">
      <ele>280.482</ele>
    </trkpt>
    <trkpt lat="-28.0201888" lon="134.1122414">
      <ele>282.749</ele>
    </trkpt>
    <trkpt lat="-28.0221676" lon="134.1118633">
      <ele>281.431</ele>
    </trkpt>
    <trkpt lat="-28.0222996" lon="134.1118381">
      <ele>281.104</ele>
    </trkpt>
    <trkpt lat="-28.0226208" lon="134.1117767">
      <ele>280.866</ele>
    </trkpt>
    <trkpt lat="-28.0234062" lon="134.1116077">
      <ele>283.632</ele>
    </trkpt>
    <trkpt lat="-28.0235007" lon="134.1115874">
      <ele>282.908</ele>
    </trkpt>
    <trkpt lat="-28.0239362" lon="134.1114934">
      <ele>279.0</ele>
    </trkpt>
    <trkpt lat="-28.0245556" lon="134.1113598">
      <ele>279.463</ele>
    </trkpt>
    <trkpt lat="-28.0248184" lon="134.1112957">
      <ele>280.692</ele>
    </trkpt>
    <trkpt lat="-28.0249942" lon="134.1112528">
      <ele>281.958</ele>
    </trkpt>
    <trkpt lat="-28.0251701" lon="134.1112099">
      <ele>283.225</ele>
    </trkpt>
    <trkpt lat="-28.0253459" lon="134.1111671">
      <ele>284.0</ele>
    </trkpt>
    <trkpt lat="-28.0267526" lon="134.1108241">
      <ele>279.286</ele>
    </trkpt>
    <trkpt lat="-28.0271043" lon="134.1107384">
      <ele>280.575</ele>
    </trkpt>
    <trkpt lat="-28.0281593" lon="134.1104812">
      <ele>280.832</ele>
    </trkpt>
    <trkpt lat="-28.028511" lon="134.1103954">
      <ele>281.369</ele>
    </trkpt>
    <trkpt lat="-28.029566" lon="134.1101382">
      <ele>282.155</ele>
    </trkpt>
    <trkpt lat="-28.0297083" lon="134.1101035">
      <ele>282.918</ele>
    </trkpt>
    <trkpt lat="-28.0299177" lon="134.1100525">
      <ele>283.266</ele>
    </trkpt>
    <trkpt lat="-28.0300935" lon="134.1100097">
      <ele>283.058</ele>
    </trkpt>
    <trkpt lat="-28.0302694" lon="134.1099668">
      <ele>282.88</ele>
    </trkpt>
    <trkpt lat="-28.0304453" lon="134.109924">
      <ele>284.098</ele>
    </trkpt>
    <trkpt lat="-28.0327312" lon="134.1093668">
      <ele>286.674</ele>
    </trkpt>
    <trkpt lat="-28.0327378" lon="134.1093652">
      <ele>286.674</ele>
    </trkpt>
    <trkpt lat="-28.0357198" lon="134.1086346">
      <ele>282.795</ele>
    </trkpt>
    <trkpt lat="-28.036455" lon="134.1084545">
      <ele>284.128</ele>
    </trkpt>
    <trkpt lat="-28.037302" lon="134.1082471">
      <ele>282.468</ele>
    </trkpt>
    <trkpt lat="-28.0383356" lon="134.1079988">
      <ele>283.587</ele>
    </trkpt>
    <trkpt lat="-28.0390394" lon="134.1078297">
      <ele>283.0</ele>
    </trkpt>
    <trkpt lat="-28.0396562" lon="134.1076815">
      <ele>282.502</ele>
    </trkpt>
    <trkpt lat="-28.0399203" lon="134.1076247">
      <ele>282.158</ele>
    </trkpt>
    <trkpt lat="-28.040097" lon="134.1075867">
      <ele>282.0</ele>
    </trkpt>
    <trkpt lat="-28.0406271" lon="134.1074726">
      <ele>282.0</ele>
    </trkpt>
    <trkpt lat="-28.0409492" lon="134.1074033">
      <ele>282.0</ele>
    </trkpt>
    <trkpt lat="-28.0413359" lon="134.1073331">
      <ele>282.486</ele>
    </trkpt>
    <trkpt lat="-28.042159" lon="134.1071838">
      <ele>285.228</ele>
    </trkpt>
    <trkpt lat="-28.0431176" lon="134.1070578">
      <ele>280.777</ele>
    </trkpt>
    <trkpt lat="-28.0441896" lon="134.1069168">
      <ele>278.818</ele>
    </trkpt>
    <trkpt lat="-28.0453629" lon="134.1067652">
      <ele>282.811</ele>
    </trkpt>
    <trkpt lat="-28.0459912" lon="134.1067091">
      <ele>284.192</ele>
    </trkpt>
    <trkpt lat="-28.0465817" lon="134.1066563">
      <ele>281.381</ele>
    </trkpt>
    <trkpt lat="-28.0468884" lon="134.1066404">
      <ele>281.114</ele>
    </trkpt>
    <trkpt lat="-28.0474274" lon="134.1066125">
      <ele>282.0</ele>
    </trkpt>
    <trkpt lat="-28.0481756" lon="134.1065737">
      <ele>283.335</ele>
    </trkpt>
    <trkpt lat="-28.0492251" lon="134.1065499">
      <ele>282.963</ele>
    </trkpt>
    <trkpt lat="-28.0495848" lon="134.1065417">
      <ele>284.233</ele>
    </trkpt>
    <trkpt lat="-28.0496551" lon="134.1065401">
      <ele>284.627</ele>
    </trkpt>
    <trkpt lat="-28.0497646" lon="134.1065399">
      <ele>285.153</ele>
    </trkpt>
    <trkpt lat="-28.0504166" lon="134.1065388">
      <ele>283.0</ele>
    </trkpt>
    <trkpt lat="-28.0512845" lon="134.1065601">
      <ele>283.376</ele>
    </trkpt>
    <trkpt lat="-28.0524612" lon="134.1066173">
      <ele>284.432</ele>
    </trkpt>
    <trkpt lat="-28.053391" lon="134.1066625">
      <ele>283.189</ele>
    </trkpt>
    <trkpt lat="-28.0538979" lon="134.1067052">
      <ele>282.968</ele>
    </trkpt>
    <trkpt lat="-28.0542567" lon="134.1067354">
      <ele>281.92</ele>
    </trkpt>
    <trkpt lat="-28.0543587" lon="134.106744">
      <ele>281.808</ele>
    </trkpt>
    <trkpt lat="-28.0547147" lon="134.1067737">
      <ele>281.615</ele>
    </trkpt>
    <trkpt lat="-28.0547946" lon="134.106783">
      <ele>281.842</ele>
    </trkpt>
    <trkpt lat="-28.0549735" lon="134.1068038">
      <ele>282.411</ele>
    </trkpt>
    <trkpt lat="-28.0562617" lon="134.1069536">
      <ele>283.967</ele>
    </trkpt>
    <trkpt lat="-28.0572011" lon="134.1070944">
      <ele>282.0</ele>
    </trkpt>
    <trkpt lat="-28.0573463" lon="134.1071162">
      <ele>281.83</ele>
    </trkpt>
    <trkpt lat="-28.0579597" lon="134.1072081">
      <ele>280.345</ele>
    </trkpt>
    <trkpt lat="-28.0583639" lon="134.1072832">
      <ele>280.439</ele>
    </trkpt>
    <trkpt lat="-28.0585415" lon="134.1073162">
      <ele>280.677</ele>
    </trkpt>
    <trkpt lat="-28.0596587" lon="134.1075237">
      <ele>280.771</ele>
    </trkpt>
    <trkpt lat="-28.0610731" lon="134.1078383">
      <ele>281.893</ele>
    </trkpt>
    <trkpt lat="-28.0620599" lon="134.1080842">
      <ele>280.481</ele>
    </trkpt>
    <trkpt lat="-28.0625977" lon="134.10823">
      <ele>280.111</ele>
    </trkpt>
    <trkpt lat="-28.06305" lon="134.1083513">
      <ele>280.937</ele>
    </trkpt>
    <trkpt lat="-28.063232" lon="134.1084049">
      <ele>281.214</ele>
    </trkpt>
    <trkpt lat="-28.06442" lon="134.1087545">
      <ele>281.0</ele>
    </trkpt>
    <trkpt lat="-28.0655782" lon="134.109129">
      <ele>279.783</ele>
    </trkpt>
    <trkpt lat="-28.0659106" lon="134.1092364">
      <ele>279.0</ele>
    </trkpt>
    <trkpt lat="-28.0659985" lon="134.1092648">
      <ele>279.0</ele>
    </trkpt>
    <trkpt lat="-28.0662541" lon="134.1093573">
      <ele>279.676</ele>
    </trkpt>
    <trkpt lat="-28.0665968" lon="134.1094813">
      <ele>280.848</ele>
    </trkpt>
    <trkpt lat="-28.0671016" lon="134.1096639">
      <ele>282.79</ele>
    </trkpt>
    <trkpt lat="-28.0684067" lon="134.1101696">
      <ele>281.0</ele>
    </trkpt>
    <trkpt lat="-28.0691458" lon="134.1104819">
      <ele>281.19</ele>
    </trkpt>
    <trkpt lat="-28.0696528" lon="134.110696">
      <ele>282.379</ele>
    </trkpt>
    <trkpt lat="-28.0706022" lon="134.1111335">
      <ele>281.154</ele>
    </trkpt>
    <trkpt lat="-28.0714902" lon="134.1115426">
      <ele>282.013</ele>
    </trkpt>
    <trkpt lat="-28.0716951" lon="134.1116463">
      <ele>282.905</ele>
    </trkpt>
    <trkpt lat="-28.0717358" lon="134.1116672">
      <ele>282.752</ele>
    </trkpt>
    <trkpt lat="-28.0731702" lon="134.1123933">
      <ele>284.774</ele>
    </trkpt>
    <trkpt lat="-28.0739363" lon="134.1128147">
      <ele>283.585</ele>
    </trkpt>
    <trkpt lat="-28.0740981" lon="134.1129037">
      <ele>285.072</ele>
    </trkpt>
    <trkpt lat="-28.0744465" lon="134.1130954">
      <ele>285.849</ele>
    </trkpt>
    <trkpt lat="-28.0751007" lon="134.113472">
      <ele>282.501</ele>
    </trkpt>
    <trkpt lat="-28.0756675" lon="134.1138092">
      <ele>282.574</ele>
    </trkpt>
    <trkpt lat="-28.0768019" lon="134.1145207">
      <ele>283.859</ele>
    </trkpt>
    <trkpt lat="-28.0770808" lon="134.1146956">
      <ele>284.047</ele>
    </trkpt>
    <trkpt lat="-28.077116" lon="134.1147192">
      <ele>284.007</ele>
    </trkpt>
    <trkpt lat="-28.0774256" lon="134.1149268">
      <ele>283.071</ele>
    </trkpt>
    <trkpt lat="-28.0775804" lon="134.1150307">
      <ele>283.321</ele>
    </trkpt>
    <trkpt lat="-28.0778899" lon="134.1152384">
      <ele>284.512</ele>
    </trkpt>
    <trkpt lat="-28.0780447" lon="134.1153422">
      <ele>283.807</ele>
    </trkpt>
    <trkpt lat="-28.0780861" lon="134.11537">
      <ele>283.558</ele>
    </trkpt>
    <trkpt lat="-28.0783785" lon="134.1155661">
      <ele>282.169</ele>
    </trkpt>
    <trkpt lat="-28.0786526" lon="134.115763">
      <ele>283.972</ele>
    </trkpt>
    <trkpt lat="-28.0794183" lon="134.1163128">
      <ele>283.0</ele>
    </trkpt>
    <trkpt lat="-28.0795613" lon="134.1164155">
      <ele>283.096</ele>
    </trkpt>
    <trkpt lat="-28.0795701" lon="134.1164221">
      <ele>283.12</ele>
    </trkpt>
    <trkpt lat="-28.0796494" lon="134.1164822">
      <ele>283.336</ele>
    </trkpt>
    <trkpt lat="-28.0797197" lon="134.1165354">
      <ele>283.527</ele>
    </trkpt>
    <trkpt lat="-28.0810526" lon="134.1175437">
      <ele>283.053</ele>
    </trkpt>
    <trkpt lat="-28.0822338" lon="134.1185069">
      <ele>280.625</ele>
    </trkpt>
    <trkpt lat="-28.0823798" lon="134.1186259">
      <ele>281.053</ele>
    </trkpt>
    <trkpt lat="-28.0824149" lon="134.1186545">
      <ele>281.156</ele>
    </trkpt>
    <trkpt lat="-28.0836265" lon="134.1197022">
      <ele>281.877</ele>
    </trkpt>
    <trkpt lat="-28.0839459" lon="134.119996">
      <ele>281.986</ele>
    </trkpt>
    <trkpt lat="-28.0848639" lon="134.1208404">
      <ele>282.0</ele>
    </trkpt>
    <trkpt lat="-28.0860084" lon="134.1219173">
      <ele>279.431</ele>
    </trkpt>
    <trkpt lat="-28.0861685" lon="134.122068">
      <ele>279.092</ele>
    </trkpt>
    <trkpt lat="-28.0867728" lon="134.1226366">
      <ele>283.492</ele>
    </trkpt>
    <trkpt lat="-28.0879297" lon="134.1237252">
      <ele>281.95</ele>
    </trkpt>
    <trkpt lat="-28.0885361" lon="134.1242555">
      <ele>283.037</ele>
    </trkpt>
    <trkpt lat="-28.089136" lon="134.1247802">
      <ele>281.727</ele>
    </trkpt>
    <trkpt lat="-28.0895238" lon="134.1250976">
      <ele>280.463</ele>
    </trkpt>
    <trkpt lat="-28.0895448" lon="134.1251148">
      <ele>280.375</ele>
    </trkpt>
    <trkpt lat="-28.0898364" lon="134.1253534">
      <ele>279.429</ele>
    </trkpt>
    <trkpt lat="-28.0899822" lon="134.1254728">
      <ele>279.019</ele>
    </trkpt>
    <trkpt lat="-28.090128" lon="134.1255922">
      <ele>279.193</ele>
    </trkpt>
    <trkpt lat="-28.0902373" lon="134.1256816">
      <ele>279.841</ele>
    </trkpt>
    <trkpt lat="-28.0903209" lon="134.125746">
      <ele>280.42</ele>
    </trkpt>
    <trkpt lat="-28.0908696" lon="134.1261688">
      <ele>281.0</ele>
    </trkpt>
    <trkpt lat="-28.0913291" lon="134.1265228">
      <ele>281.0</ele>
    </trkpt>
    <trkpt lat="-28.0925712" lon="134.1274237">
      <ele>283.911</ele>
    </trkpt>
    <trkpt lat="-28.0937385" lon="134.128205">
      <ele>283.503</ele>
    </trkpt>
    <trkpt lat="-28.0941252" lon="134.1284446">
      <ele>283.06</ele>
    </trkpt>
    <trkpt lat="-28.094871" lon="134.1289069">
      <ele>284.6</ele>
    </trkpt>
    <trkpt lat="-28.0950288" lon="134.1290047">
      <ele>285.521</ele>
    </trkpt>
    <trkpt lat="-28.0951866" lon="134.1291025">
      <ele>286.441</ele>
    </trkpt>
    <trkpt lat="-28.0952354" lon="134.1291328">
      <ele>286.726</ele>
    </trkpt>
    <trkpt lat="-28.0953459" lon="134.129197">
      <ele>287.136</ele>
    </trkpt>
    <trkpt lat="-28.095506" lon="134.12929">
      <ele>287.809</ele>
    </trkpt>
    <trkpt lat="-28.0956661" lon="134.129383">
      <ele>288.646</ele>
    </trkpt>
    <trkpt lat="-28.0961767" lon="134.1296796">
      <ele>288.764</ele>
    </trkpt>
    <trkpt lat="-28.0967956" lon="134.1300197">
      <ele>286.929</ele>
    </trkpt>
    <trkpt lat="-28.0986278" lon="134.1309482">
      <ele>287.0</ele>
    </trkpt>
    <trkpt lat="-28.0992808" lon="134.131255">
      <ele>287.411</ele>
    </trkpt>
    <trkpt lat="-28.0995991" lon="134.1313948">
      <ele>288.0</ele>
    </trkpt>
    <trkpt lat="-28.0997669" lon="134.1314684">
      <ele>287.885</ele>
    </trkpt>
    <trkpt lat="-28.1002416" lon="134.1316768">
      <ele>287.13</ele>
    </trkpt>
    <trkpt lat="-28.1015384" lon="134.1322073">
      <ele>288.054</ele>
    </trkpt>
    <trkpt lat="-28.1023448" lon="134.1325032">
      <ele>288.999</ele>
    </trkpt>
    <trkpt lat="-28.10317" lon="134.1328059">
      <ele>290.454</ele>
    </trkpt>
    <trkpt lat="-28.1035112" lon="134.1329142">
      <ele>291.165</ele>
    </trkpt>
    <trkpt lat="-28.1036844" lon="134.1329692">
      <ele>290.933</ele>
    </trkpt>
    <trkpt lat="-28.1040309" lon="134.1330791">
      <ele>289.106</ele>
    </trkpt>
    <trkpt lat="-28.1045505" lon="134.133244">
      <ele>290.319</ele>
    </trkpt>
    <trkpt lat="-28.1047237" lon="134.1332989">
      <ele>291.757</ele>
    </trkpt>
    <trkpt lat="-28.1047819" lon="134.1333174">
      <ele>292.1</ele>
    </trkpt>
    <trkpt lat="-28.1048978" lon="134.1333502">
      <ele>292.632</ele>
    </trkpt>
    <trkpt lat="-28.1050723" lon="134.1333995">
      <ele>293.0</ele>
    </trkpt>
    <trkpt lat="-28.1052468" lon="134.1334489">
      <ele>293.0</ele>
    </trkpt>
    <trkpt lat="-28.1057117" lon="134.1335803">
      <ele>291.376</ele>
    </trkpt>
    <trkpt lat="-28.1064642" lon="134.133773">
      <ele>287.616</ele>
    </trkpt>
    <trkpt lat="-28.1077436" lon="134.1340658">
      <ele>287.486</ele>
    </trkpt>
    <trkpt lat="-28.1080518" lon="134.1341364">
      <ele>287.988</ele>
    </trkpt>
    <trkpt lat="-28.1082805" lon="134.1341793">
      <ele>288.81</ele>
    </trkpt>
    <trkpt lat="-28.1096124" lon="134.1344291">
      <ele>287.022</ele>
    </trkpt>
    <trkpt lat="-28.1107265" lon="134.1345956">
      <ele>288.209</ele>
    </trkpt>
    <trkpt lat="-28.1110684" lon="134.1346468">
      <ele>286.537</ele>
    </trkpt>
    <trkpt lat="-28.1111387" lon="134.1346547">
      <ele>286.144</ele>
    </trkpt>
    <trkpt lat="-28.1123373" lon="134.1347886">
      <ele>285.892</ele>
    </trkpt>
    <trkpt lat="-28.1132939" lon="134.1348738">
      <ele>288.233</ele>
    </trkpt>
    <trkpt lat="-28.1140744" lon="134.1349175">
      <ele>285.901</ele>
    </trkpt>
    <trkpt lat="-28.1143289" lon="134.1349317">
      <ele>286.584</ele>
    </trkpt>
    <trkpt lat="-28.1145454" lon="134.1349438">
      <ele>287.363</ele>
    </trkpt>
    <trkpt lat="-28.1146134" lon="134.1349458">
      <ele>287.608</ele>
    </trkpt>
    <trkpt lat="-28.114661" lon="134.1349473">
      <ele>287.78</ele>
    </trkpt>
    <trkpt lat="-28.1147932" lon="134.1349512">
      <ele>287.955</ele>
    </trkpt>
    <trkpt lat="-28.114973" lon="134.1349565">
      <ele>287.859</ele>
    </trkpt>
    <trkpt lat="-28.1151528" lon="134.1349618">
      <ele>287.312</ele>
    </trkpt>
    <trkpt lat="-28.1153326" lon="134.134967">
      <ele>286.707</ele>
    </trkpt>
    <trkpt lat="-28.1155199" lon="134.1349725">
      <ele>286.116</ele>
    </trkpt>
    <trkpt lat="-28.1156923" lon="134.1349737">
      <ele>286.0</ele>
    </trkpt>
    <trkpt lat="-28.1165003" lon="134.1349793">
      <ele>284.97</ele>
    </trkpt>
    <trkpt lat="-28.1179656" lon="134.1349508">
      <ele>284.057</ele>
    </trkpt>
    <trkpt lat="-28.1184281" lon="134.1349304">
      <ele>282.573</ele>
    </trkpt>
    <trkpt lat="-28.1187487" lon="134.1349059">
      <ele>281.334</ele>
    </trkpt>
    <trkpt lat="-28.1189281" lon="134.1348922">
      <ele>281.086</ele>
    </trkpt>
    <trkpt lat="-28.1196944" lon="134.1348338">
      <ele>282.0</ele>
    </trkpt>
    <trkpt lat="-28.1201471" lon="134.1347903">
      <ele>281.071</ele>
    </trkpt>
    <trkpt lat="-28.1209054" lon="134.1347174">
      <ele>280.255</ele>
    </trkpt>
    <trkpt lat="-28.1221194" lon="134.1345466">
      <ele>279.0</ele>
    </trkpt>
    <trkpt lat="-28.122625" lon="134.1344754">
      <ele>279.0</ele>
    </trkpt>
    <trkpt lat="-28.1230419" lon="134.1344112">
      <ele>279.837</ele>
    </trkpt>
    <trkpt lat="-28.1253588" lon="134.1340542">
      <ele>275.54</ele>
    </trkpt>
    <trkpt lat="-28.1258935" lon="134.1339718">
      <ele>276.251</ele>
    </trkpt>
    <trkpt lat="-28.1264282" lon="134.1338895">
      <ele>275.857</ele>
    </trkpt>
    <trkpt lat="-28.1266064" lon="134.1338621">
      <ele>275.217</ele>
    </trkpt>
    <trkpt lat="-28.1287451" lon="134.1335326">
      <ele>275.854</ele>
    </trkpt>
    <trkpt lat="-28.129155" lon="134.1334695">
      <ele>276.47</ele>
    </trkpt>
    <trkpt lat="-28.1294581" lon="134.1334228">
      <ele>275.951</ele>
    </trkpt>
    <trkpt lat="-28.1315968" lon="134.1330933">
      <ele>276.783</ele>
    </trkpt>
    <trkpt lat="-28.131775" lon="134.1330658">
      <ele>277.0</ele>
    </trkpt>
    <trkpt lat="-28.1332008" lon="134.1328462">
      <ele>275.512</ele>
    </trkpt>
    <trkpt lat="-28.1340017" lon="134.1327228">
      <ele>275.909</ele>
    </trkpt>
    <trkpt lat="-28.1364089" lon="134.1323516">
      <ele>275.038</ele>
    </trkpt>
    <trkpt lat="-28.1367653" lon="134.1322966">
      <ele>275.117</ele>
    </trkpt>
    <trkpt lat="-28.1369435" lon="134.1322691">
      <ele>274.006</ele>
    </trkpt>
    <trkpt lat="-28.1371218" lon="134.1322416">
      <ele>273.955</ele>
    </trkpt>
    <trkpt lat="-28.1372999" lon="134.1322142">
      <ele>274.0</ele>
    </trkpt>
    <trkpt lat="-28.1374782" lon="134.1321867">
      <ele>274.0</ele>
    </trkpt>
    <trkpt lat="-28.1376565" lon="134.1321591">
      <ele>273.565</ele>
    </trkpt>
    <trkpt lat="-28.138001" lon="134.132106">
      <ele>273.886</ele>
    </trkpt>
    <trkpt lat="-28.138904" lon="134.1319667">
      <ele>273.896</ele>
    </trkpt>
    <trkpt lat="-28.1390822" lon="134.1319392">
      <ele>272.589</ele>
    </trkpt>
    <trkpt lat="-28.1395564" lon="134.131866">
      <ele>270.831</ele>
    </trkpt>
    <trkpt lat="-28.1416076" lon="134.1315836">
      <ele>270.213</ele>
    </trkpt>
    <trkpt lat="-28.14176" lon="134.1315667">
      <ele>270.121</ele>
    </trkpt>
    <trkpt lat="-28.1444422" lon="134.1312692">
      <ele>269.44</ele>
    </trkpt>
    <trkpt lat="-28.145947" lon="134.1311416">
      <ele>268.818</ele>
    </trkpt>
    <trkpt lat="-28.1469704" lon="134.1310715">
      <ele>269.635</ele>
    </trkpt>
    <trkpt lat="-28.1473299" lon="134.1310469">
      <ele>268.471</ele>
    </trkpt>
    <trkpt lat="-28.1489332" lon="134.1309582">
      <ele>266.928</ele>
    </trkpt>
    <trkpt lat="-28.1489418" lon="134.1309577">
      <ele>266.915</ele>
    </trkpt>
    <trkpt lat="-28.149113" lon="134.1309524">
      <ele>266.654</ele>
    </trkpt>
    <trkpt lat="-28.1494725" lon="134.1309415">
      <ele>266.51</ele>
    </trkpt>
    <trkpt lat="-28.1496523" lon="134.130936">
      <ele>265.882</ele>
    </trkpt>
    <trkpt lat="-28.1501917" lon="134.1309195">
      <ele>265.524</ele>
    </trkpt>
    <trkpt lat="-28.1503715" lon="134.130914">
      <ele>265.29</ele>
    </trkpt>
    <trkpt lat="-28.1509109" lon="134.1308975">
      <ele>266.0</ele>
    </trkpt>
    <trkpt lat="-28.151038" lon="134.1308936">
      <ele>266.0</ele>
    </trkpt>
    <trkpt lat="-28.1512706" lon="134.1308902">
      <ele>266.0</ele>
    </trkpt>
    <trkpt lat="-28.1523347" lon="134.1308748">
      <ele>263.595</ele>
    </trkpt>
    <trkpt lat="-28.1526051" lon="134.1308775">
      <ele>263.06</ele>
    </trkpt>
    <trkpt lat="-28.153741" lon="134.1308887">
      <ele>267.426</ele>
    </trkpt>
    <trkpt lat="-28.1538561" lon="134.1308898">
      <ele>267.094</ele>
    </trkpt>
    <trkpt lat="-28.1543618" lon="134.1308949">
      <ele>267.156</ele>
    </trkpt>
    <trkpt lat="-28.1557665" lon="134.1309372">
      <ele>267.91</ele>
    </trkpt>
    <trkpt lat="-28.1560483" lon="134.1309457">
      <ele>268.0</ele>
    </trkpt>
    <trkpt lat="-28.1563829" lon="134.1309558">
      <ele>267.569</ele>
    </trkpt>
    <trkpt lat="-28.1578496" lon="134.131028">
      <ele>266.48</ele>
    </trkpt>
    <trkpt lat="-28.1594525" lon="134.1311358">
      <ele>265.086</ele>
    </trkpt>
    <trkpt lat="-28.1613076" lon="134.1313008">
      <ele>268.166</ele>
    </trkpt>
    <trkpt lat="-28.1625858" lon="134.1314343">
      <ele>266.804</ele>
    </trkpt>
    <trkpt lat="-28.162765" lon="134.131453">
      <ele>266.057</ele>
    </trkpt>
    <trkpt lat="-28.1630752" lon="134.1314854">
      <ele>265.677</ele>
    </trkpt>
    <trkpt lat="-28.1647311" lon="134.1317027">
      <ele>266.874</ele>
    </trkpt>
    <trkpt lat="-28.1674365" lon="134.13211">
      <ele>267.312</ele>
    </trkpt>
    <trkpt lat="-28.169448" lon="134.1324658">
      <ele>268.123</ele>
    </trkpt>
    <trkpt lat="-28.1707315" lon="134.1327224">
      <ele>266.933</ele>
    </trkpt>
    <trkpt lat="-28.1728864" lon="134.1331915">
      <ele>268.191</ele>
    </trkpt>
    <trkpt lat="-28.1738328" lon="134.1333534">
      <ele>267.13</ele>
    </trkpt>
    <trkpt lat="-28.1739971" lon="134.1333901">
      <ele>267.185</ele>
    </trkpt>
    <trkpt lat="-28.1746538" lon="134.133572">
      <ele>268.141</ele>
    </trkpt>
    <trkpt lat="-28.1752391" lon="134.1337828">
      <ele>267.532</ele>
    </trkpt>
    <trkpt lat="-28.1767411" lon="134.1341898">
      <ele>268.978</ele>
    </trkpt>
    <trkpt lat="-28.1771834" lon="134.1343227">
      <ele>267.955</ele>
    </trkpt>
    <trkpt lat="-28.1774207" lon="134.1343946">
      <ele>267.231</ele>
    </trkpt>
    <trkpt lat="-28.1795263" lon="134.1350343">
      <ele>266.16</ele>
    </trkpt>
    <trkpt lat="-28.1796915" lon="134.1350891">
      <ele>266.606</ele>
    </trkpt>
    <trkpt lat="-28.1802134" lon="134.1352567">
      <ele>266.924</ele>
    </trkpt>
    <trkpt lat="-28.1802845" lon="134.1352806">
      <ele>266.976</ele>
    </trkpt>
    <trkpt lat="-28.1828731" lon="134.1361511">
      <ele>270.408</ele>
    </trkpt>
    <trkpt lat="-28.1860243" lon="134.137374">
      <ele>267.937</ele>
    </trkpt>
    <trkpt lat="-28.186843" lon="134.1377162">
      <ele>267.778</ele>
    </trkpt>
    <trkpt lat="-28.1894194" lon="134.13881">
      <ele>269.258</ele>
    </trkpt>
    <trkpt lat="-28.1910474" lon="134.1395104">
      <ele>268.304</ele>
    </trkpt>
    <trkpt lat="-28.1937599" lon="134.1406737">
      <ele>269.157</ele>
    </trkpt>
    <trkpt lat="-28.1943691" lon="134.1409468">
      <ele>268.0</ele>
    </trkpt>
    <trkpt lat="-28.1946498" lon="134.1410698">
      <ele>268.629</ele>
    </trkpt>
    <trkpt lat="-28.196125" lon="134.141715">
      <ele>266.0</ele>
    </trkpt>
    <trkpt lat="-28.1964606" lon="134.14186">
      <ele>266.337</ele>
    </trkpt>
    <trkpt lat="-28.1966287" lon="134.1419326">
      <ele>266.9</ele>
    </trkpt>
    <trkpt lat="-28.1966298" lon="134.1419331">
      <ele>266.903</ele>
    </trkpt>
    <trkpt lat="-28.1967974" lon="134.1420034">
      <ele>267.742</ele>
    </trkpt>
    <trkpt lat="-28.1969661" lon="134.1420742">
      <ele>268.102</ele>
    </trkpt>
    <trkpt lat="-28.1971348" lon="134.1421451">
      <ele>268.05</ele>
    </trkpt>
    <trkpt lat="-28.1976201" lon="134.1423489">
      <ele>268.197</ele>
    </trkpt>
    <trkpt lat="-28.1988153" lon="134.1428751">
      <ele>267.65</ele>
    </trkpt>
    <trkpt lat="-28.1989842" lon="134.1429469">
      <ele>267.6</ele>
    </trkpt>
    <trkpt lat="-28.2006278" lon="134.1436519">
      <ele>269.26</ele>
    </trkpt>
    <trkpt lat="-28.2007904" lon="134.143719">
      <ele>269.845</ele>
    </trkpt>
    <trkpt lat="-28.2014967" lon="134.1440121">
      <ele>272.388</ele>
    </trkpt>
    <trkpt lat="-28.2047032" lon="134.1454056">
      <ele>273.968</ele>
    </trkpt>
    <trkpt lat="-28.205375" lon="134.1456919">
      <ele>273.822</ele>
    </trkpt>
    <trkpt lat="-28.2053763" lon="134.1456925">
      <ele>273.82</ele>
    </trkpt>
    <trkpt lat="-28.2055424" lon="134.1457667">
      <ele>273.771</ele>
    </trkpt>
    <trkpt lat="-28.2057097" lon="134.1458414">
      <ele>273.461</ele>
    </trkpt>
    <trkpt lat="-28.2057106" lon="134.1458417">
      <ele>273.459</ele>
    </trkpt>
    <trkpt lat="-28.2058762" lon="134.1459186">
      <ele>273.354</ele>
    </trkpt>
    <trkpt lat="-28.2058781" lon="134.1459195">
      <ele>273.36</ele>
    </trkpt>
    <trkpt lat="-28.2062175" lon="134.1460559">
      <ele>274.679</ele>
    </trkpt>
    <trkpt lat="-28.2065514" lon="134.146203">
      <ele>274.161</ele>
    </trkpt>
    <trkpt lat="-28.2087036" lon="134.1471275">
      <ele>275.341</ele>
    </trkpt>
    <trkpt lat="-28.2106715" lon="134.1479867">
      <ele>273.583</ele>
    </trkpt>
    <trkpt lat="-28.2126137" lon="134.1488222">
      <ele>274.0</ele>
    </trkpt>
    <trkpt lat="-28.2133438" lon="134.1491302">
      <ele>274.169</ele>
    </trkpt>
    <trkpt lat="-28.214286" lon="134.1494994">
      <ele>274.802</ele>
    </trkpt>
    <trkpt lat="-28.2153416" lon="134.1499022">
      <ele>274.77</ele>
    </trkpt>
    <trkpt lat="-28.2163317" lon="134.150262">
      <ele>274.045</ele>
    </trkpt>
    <trkpt lat="-28.2167947" lon="134.1504209">
      <ele>274.976</ele>
    </trkpt>
    <trkpt lat="-28.2181609" lon="134.1508748">
      <ele>275.149</ele>
    </trkpt>
    <trkpt lat="-28.2199756" lon="134.1514338">
      <ele>274.941</ele>
    </trkpt>
    <trkpt lat="-28.2207744" lon="134.1516552">
      <ele>275.755</ele>
    </trkpt>
    <trkpt lat="-28.221093" lon="134.1517443">
      <ele>276.0</ele>
    </trkpt>
    <trkpt lat="-28.2216392" lon="134.1518924">
      <ele>274.813</ele>
    </trkpt>
    <trkpt lat="-28.2225144" lon="134.1521163">
      <ele>275.02</ele>
    </trkpt>
    <trkpt lat="-28.223583" lon="134.1523672">
      <ele>275.947</ele>
    </trkpt>
    <trkpt lat="-28.2237601" lon="134.1524052">
      <ele>276.183</ele>
    </trkpt>
    <trkpt lat="-28.2242151" lon="134.152504">
      <ele>276.0</ele>
    </trkpt>
    <trkpt lat="-28.2248187" lon="134.1526414">
      <ele>274.829</ele>
    </trkpt>
    <trkpt lat="-28.2251652" lon="134.1527139">
      <ele>274.77</ele>
    </trkpt>
    <trkpt lat="-28.226157" lon="134.1529025">
      <ele>276.386</ele>
    </trkpt>
    <trkpt lat="-28.2274369" lon="134.1531251">
      <ele>275.977</ele>
    </trkpt>
    <trkpt lat="-28.2274665" lon="134.1531305">
      <ele>275.851</ele>
    </trkpt>
    <trkpt lat="-28.2287267" lon="134.1533353">
      <ele>274.416</ele>
    </trkpt>
    <trkpt lat="-28.228747" lon="134.1533371">
      <ele>274.489</ele>
    </trkpt>
    <trkpt lat="-28.2299383" lon="134.1534883">
      <ele>276.344</ele>
    </trkpt>
    <trkpt lat="-28.2317145" lon="134.1536395">
      <ele>274.948</ele>
    </trkpt>
    <trkpt lat="-28.232307" lon="134.1537572">
      <ele>273.891</ele>
    </trkpt>
    <trkpt lat="-28.2324865" lon="134.1537717">
      <ele>273.606</ele>
    </trkpt>
    <trkpt lat="-28.2335039" lon="134.1538467">
      <ele>275.234</ele>
    </trkpt>
    <trkpt lat="-28.234821" lon="134.1539187">
      <ele>275.425</ele>
    </trkpt>
    <trkpt lat="-28.2352984" lon="134.1539357">
      <ele>276.0</ele>
    </trkpt>
    <trkpt lat="-28.2367911" lon="134.1539811">
      <ele>276.0</ele>
    </trkpt>
    <trkpt lat="-28.2367985" lon="134.1539813">
      <ele>276.0</ele>
    </trkpt>
    <trkpt lat="-28.2369783" lon="134.1539835">
      <ele>276.0</ele>
    </trkpt>
    <trkpt lat="-28.2375105" lon="134.1539908">
      <ele>276.0</ele>
    </trkpt>
    <trkpt lat="-28.2376904" lon="134.1539932">
      <ele>276.0</ele>
    </trkpt>
    <trkpt lat="-28.2378729" lon="134.1539957">
      <ele>275.658</ele>
    </trkpt>
    <trkpt lat="-28.2380316" lon="134.1539982">
      <ele>275.086</ele>
    </trkpt>
    <trkpt lat="-28.2382299" lon="134.153995">
      <ele>275.0</ele>
    </trkpt>
    <trkpt lat="-28.2384098" lon="134.153992">
      <ele>275.275</ele>
    </trkpt>
    <trkpt lat="-28.2424746" lon="134.1539255">
      <ele>275.108</ele>
    </trkpt>
    <trkpt lat="-28.2449583" lon="134.1539299">
      <ele>276.276</ele>
    </trkpt>
    <trkpt lat="-28.2452513" lon="134.1539341">
      <ele>276.016</ele>
    </trkpt>
    <trkpt lat="-28.246221" lon="134.1539357">
      <ele>277.431</ele>
    </trkpt>
    <trkpt lat="-28.2475821" lon="134.1539649">
      <ele>278.081</ele>
    </trkpt>
    <trkpt lat="-28.247762" lon="134.1539688">
      <ele>278.271</ele>
    </trkpt>
    <trkpt lat="-28.2477693" lon="134.153969">
      <ele>278.28</ele>
    </trkpt>
    <trkpt lat="-28.2479418" lon="134.1539722">
      <ele>278.123</ele>
    </trkpt>
    <trkpt lat="-28.2479491" lon="134.1539723">
      <ele>278.115</ele>
    </trkpt>
    <trkpt lat="-28.2481216" lon="134.1539755">
      <ele>278.0</ele>
    </trkpt>
    <trkpt lat="-28.2481289" lon="134.1539756">
      <ele>278.0</ele>
    </trkpt>
    <trkpt lat="-28.2482164" lon="134.1539767">
      <ele>278.0</ele>
    </trkpt>
    <trkpt lat="-28.249792" lon="134.1540319">
      <ele>278.0</ele>
    </trkpt>
    <trkpt lat="-28.2523927" lon="134.1541537">
      <ele>277.047</ele>
    </trkpt>
    <trkpt lat="-28.2524114" lon="134.1541546">
      <ele>277.043</ele>
    </trkpt>
    <trkpt lat="-28.253034" lon="134.1541952">
      <ele>275.897</ele>
    </trkpt>
    <trkpt lat="-28.2555959" lon="134.1543579">
      <ele>277.0</ele>
    </trkpt>
    <trkpt lat="-28.2581069" lon="134.154566">
      <ele>274.919</ele>
    </trkpt>
    <trkpt lat="-28.2581979" lon="134.154574">
      <ele>274.761</ele>
    </trkpt>
    <trkpt lat="-28.2583873" lon="134.1545922">
      <ele>274.571</ele>
    </trkpt>
    <trkpt lat="-28.2589184" lon="134.1546404">
      <ele>274.925</ele>
    </trkpt>
    <trkpt lat="-28.260385" lon="134.1547886">
      <ele>274.467</ele>
    </trkpt>
    <trkpt lat="-28.2612226" lon="134.1548727">
      <ele>276.401</ele>
    </trkpt>
    <trkpt lat="-28.2626984" lon="134.1550511">
      <ele>273.816</ele>
    </trkpt>
    <trkpt lat="-28.2631072" lon="134.1551034">
      <ele>273.628</ele>
    </trkpt>
    <trkpt lat="-28.2641493" lon="134.1552237">
      <ele>275.0</ele>
    </trkpt>
    <trkpt lat="-28.266447" lon="134.1555408">
      <ele>275.0</ele>
    </trkpt>
    <trkpt lat="-28.2665002" lon="134.1555495">
      <ele>275.0</ele>
    </trkpt>
    <trkpt lat="-28.2686959" lon="134.1558805">
      <ele>275.0</ele>
    </trkpt>
    <trkpt lat="-28.2705444" lon="134.1561816">
      <ele>275.244</ele>
    </trkpt>
    <trkpt lat="-28.2705976" lon="134.1561904">
      <ele>275.285</ele>
    </trkpt>
    <trkpt lat="-28.2713088" lon="134.156314">
      <ele>275.0</ele>
    </trkpt>
    <trkpt lat="-28.2714864" lon="134.1563452">
      <ele>275.0</ele>
    </trkpt>
    <trkpt lat="-28.2723662" lon="134.1564999">
      <ele>275.408</ele>
    </trkpt>
    <trkpt lat="-28.2756877" lon="134.1570813">
      <ele>275.241</ele>
    </trkpt>
    <trkpt lat="-28.2785538" lon="134.157584">
      <ele>275.856</ele>
    </trkpt>
    <trkpt lat="-28.2807298" lon="134.157968">
      <ele>274.312</ele>
    </trkpt>
    <trkpt lat="-28.2809075" lon="134.1579994">
      <ele>275.065</ele>
    </trkpt>
    <trkpt lat="-28.2812297" lon="134.1580562">
      <ele>275.999</ele>
    </trkpt>
    <trkpt lat="-28.2821516" lon="134.1582191">
      <ele>273.843</ele>
    </trkpt>
    <trkpt lat="-28.2823294" lon="134.1582505">
      <ele>273.817</ele>
    </trkpt>
    <trkpt lat="-28.2825071" lon="134.1582819">
      <ele>274.026</ele>
    </trkpt>
    <trkpt lat="-28.2842845" lon="134.158596">
      <ele>274.63</ele>
    </trkpt>
    <trkpt lat="-28.2846396" lon="134.1586596">
      <ele>274.052</ele>
    </trkpt>
    <trkpt lat="-28.2848174" lon="134.1586916">
      <ele>274.099</ele>
    </trkpt>
    <trkpt lat="-28.2864178" lon="134.1589694">
      <ele>276.03</ele>
    </trkpt>
    <trkpt lat="-28.2908605" lon="134.1597555">
      <ele>276.086</ele>
    </trkpt>
    <trkpt lat="-28.2914511" lon="134.1598314">
      <ele>277.526</ele>
    </trkpt>
    <trkpt lat="-28.2930116" lon="134.1599884">
      <ele>278.842</ele>
    </trkpt>
    <trkpt lat="-28.2939614" lon="134.1601578">
      <ele>281.0</ele>
    </trkpt>
    <trkpt lat="-28.2947584" lon="134.1602966">
      <ele>280.681</ele>
    </trkpt>
    <trkpt lat="-28.2950276" lon="134.1603451">
      <ele>278.976</ele>
    </trkpt>
    <trkpt lat="-28.2952052" lon="134.1603771">
      <ele>278.736</ele>
    </trkpt>
    <trkpt lat="-28.2953828" lon="134.1604091">
      <ele>278.706</ele>
    </trkpt>
    <trkpt lat="-28.2959158" lon="134.1605052">
      <ele>279.054</ele>
    </trkpt>
    <trkpt lat="-28.2960934" lon="134.1605372">
      <ele>279.062</ele>
    </trkpt>
    <trkpt lat="-28.296271" lon="134.1605693">
      <ele>278.424</ele>
    </trkpt>
    <trkpt lat="-28.2964487" lon="134.1606013">
      <ele>278.035</ele>
    </trkpt>
    <trkpt lat="-28.2970071" lon="134.160702">
      <ele>279.515</ele>
    </trkpt>
    <trkpt lat="-28.2990377" lon="134.1610585">
      <ele>278.654</ele>
    </trkpt>
    <trkpt lat="-28.3001374" lon="134.1612454">
      <ele>280.261</ele>
    </trkpt>
    <trkpt lat="-28.301448" lon="134.1614771">
      <ele>278.0</ele>
    </trkpt>
    <trkpt lat="-28.3024209" lon="134.1616465">
      <ele>278.621</ele>
    </trkpt>
    <trkpt lat="-28.3030258" lon="134.1617543">
      <ele>277.611</ele>
    </trkpt>
    <trkpt lat="-28.3032034" lon="134.1617859">
      <ele>277.571</ele>
    </trkpt>
    <trkpt lat="-28.3033811" lon="134.1618176">
      <ele>277.285</ele>
    </trkpt>
    <trkpt lat="-28.3035896" lon="134.1618548">
      <ele>276.4</ele>
    </trkpt>
    <trkpt lat="-28.3039144" lon="134.1619113">
      <ele>275.119</ele>
    </trkpt>
    <trkpt lat="-28.3040922" lon="134.1619423">
      <ele>275.008</ele>
    </trkpt>
    <trkpt lat="-28.3042699" lon="134.1619733">
      <ele>275.372</ele>
    </trkpt>
    <trkpt lat="-28.3054506" lon="134.1621789">
      <ele>275.622</ele>
    </trkpt>
    <trkpt lat="-28.3065808" lon="134.1623788">
      <ele>278.0</ele>
    </trkpt>
    <trkpt lat="-28.3071139" lon="134.1624731">
      <ele>277.0</ele>
    </trkpt>
    <trkpt lat="-28.3074694" lon="134.162536">
      <ele>277.014</ele>
    </trkpt>
    <trkpt lat="-28.3076471" lon="134.1625674">
      <ele>277.401</ele>
    </trkpt>
    <trkpt lat="-28.3123223" lon="134.1633944">
      <ele>279.14</ele>
    </trkpt>
    <trkpt lat="-28.3130144" lon="134.1635392">
      <ele>278.259</ele>
    </trkpt>
    <trkpt lat="-28.3147335" lon="134.1638575">
      <ele>279.154</ele>
    </trkpt>
    <trkpt lat="-28.3153194" lon="134.164001">
      <ele>279.507</ele>
    </trkpt>
    <trkpt lat="-28.3163598" lon="134.1642061">
      <ele>278.746</ele>
    </trkpt>
    <trkpt lat="-28.3168822" lon="134.1643373">
      <ele>276.909</ele>
    </trkpt>
    <trkpt lat="-28.3176598" lon="134.1645127">
      <ele>278.33</ele>
    </trkpt>
    <trkpt lat="-28.3189339" lon="134.1648144">
      <ele>278.162</ele>
    </trkpt>
    <trkpt lat="-28.3207868" lon="134.1652903">
      <ele>279.335</ele>
    </trkpt>
    <trkpt lat="-28.3210863" lon="134.1653734">
      <ele>279.0</ele>
    </trkpt>
    <trkpt lat="-28.321261" lon="134.1654218">
      <ele>279.0</ele>
    </trkpt>
    <trkpt lat="-28.3217853" lon="134.1655671">
      <ele>279.0</ele>
    </trkpt>
    <trkpt lat="-28.32196" lon="134.1656155">
      <ele>279.056</ele>
    </trkpt>
    <trkpt lat="-28.3221347" lon="134.165664">
      <ele>279.685</ele>
    </trkpt>
    <trkpt lat="-28.3222345" lon="134.1656916">
      <ele>280.023</ele>
    </trkpt>
    <trkpt lat="-28.3226587" lon="134.1658102">
      <ele>281.131</ele>
    </trkpt>
    <trkpt lat="-28.3233592" lon="134.1660059">
      <ele>280.942</ele>
    </trkpt>
    <trkpt lat="-28.3237051" lon="134.1661101">
      <ele>280.002</ele>
    </trkpt>
    <trkpt lat="-28.32402" lon="134.1662049">
      <ele>279.35</ele>
    </trkpt>
    <trkpt lat="-28.3244011" lon="134.1663172">
      <ele>279.218</ele>
    </trkpt>
    <trkpt lat="-28.3251413" lon="134.1665353">
      <ele>277.759</ele>
    </trkpt>
    <trkpt lat="-28.3260838" lon="134.1668284">
      <ele>277.098</ele>
    </trkpt>
    <trkpt lat="-28.3269886" lon="134.1671191">
      <ele>275.371</ele>
    </trkpt>
    <trkpt lat="-28.3285592" lon="134.1676332">
      <ele>277.097</ele>
    </trkpt>
    <trkpt lat="-28.3285735" lon="134.1676379">
      <ele>277.068</ele>
    </trkpt>
    <trkpt lat="-28.328731" lon="134.1676941">
      <ele>276.438</ele>
    </trkpt>
    <trkpt lat="-28.3290741" lon="134.1678165">
      <ele>275.426</ele>
    </trkpt>
    <trkpt lat="-28.3295258" lon="134.1679777">
      <ele>274.134</ele>
    </trkpt>
    <trkpt lat="-28.3295889" lon="134.1680003">
      <ele>273.761</ele>
    </trkpt>
    <trkpt lat="-28.3297604" lon="134.1680618">
      <ele>272.888</ele>
    </trkpt>
    <trkpt lat="-28.3305288" lon="134.1683371">
      <ele>275.001</ele>
    </trkpt>
    <trkpt lat="-28.330789" lon="134.1684331">
      <ele>274.698</ele>
    </trkpt>
    <trkpt lat="-28.3317692" lon="134.1687946">
      <ele>273.845</ele>
    </trkpt>
    <trkpt lat="-28.3323278" lon="134.1690037">
      <ele>272.479</ele>
    </trkpt>
    <trkpt lat="-28.3328143" lon="134.1691858">
      <ele>272.191</ele>
    </trkpt>
    <trkpt lat="-28.3347304" lon="134.169955">
      <ele>273.0</ele>
    </trkpt>
    <trkpt lat="-28.3357011" lon="134.1703412">
      <ele>272.524</ele>
    </trkpt>
    <trkpt lat="-28.337082" lon="134.1708912">
      <ele>272.208</ele>
    </trkpt>
    <trkpt lat="-28.3382502" lon="134.1713317">
      <ele>272.0</ele>
    </trkpt>
    <trkpt lat="-28.3394722" lon="134.1718014">
      <ele>272.515</ele>
    </trkpt>
    <trkpt lat="-28.3410268" lon="134.1723632">
      <ele>270.343</ele>
    </trkpt>
    <trkpt lat="-28.3423945" lon="134.1728563">
      <ele>273.175</ele>
    </trkpt>
    <trkpt lat="-28.3424424" lon="134.1728726">
      <ele>273.271</ele>
    </trkpt>
    <trkpt lat="-28.3431264" lon="134.1731053">
      <ele>273.821</ele>
    </trkpt>
    <trkpt lat="-28.3433037" lon="134.173167">
      <ele>273.599</ele>
    </trkpt>
    <trkpt lat="-28.3434756" lon="134.1732268">
      <ele>273.384</ele>
    </trkpt>
    <trkpt lat="-28.3436476" lon="134.1732866">
      <ele>273.059</ele>
    </trkpt>
    <trkpt lat="-28.3438196" lon="134.1733464">
      <ele>272.238</ele>
    </trkpt>
    <trkpt lat="-28.3439916" lon="134.1734062">
      <ele>271.903</ele>
    </trkpt>
    <trkpt lat="-28.3443538" lon="134.1735321">
      <ele>271.766</ele>
    </trkpt>
    <trkpt lat="-28.3446813" lon="134.1736386">
      <ele>271.985</ele>
    </trkpt>
    <trkpt lat="-28.3454557" lon="134.1738904">
      <ele>272.995</ele>
    </trkpt>
    <trkpt lat="-28.3474058" lon="134.1745193">
      <ele>272.0</ele>
    </trkpt>
    <trkpt lat="-28.3483773" lon="134.1748328">
      <ele>271.874</ele>
    </trkpt>
    <trkpt lat="-28.3530173" lon="134.1761886">
      <ele>267.622</ele>
    </trkpt>
    <trkpt lat="-28.3531915" lon="134.1762395">
      <ele>268.253</ele>
    </trkpt>
    <trkpt lat="-28.3535399" lon="134.1763413">
      <ele>269.744</ele>
    </trkpt>
    <trkpt lat="-28.3537141" lon="134.1763922">
      <ele>270.359</ele>
    </trkpt>
    <trkpt lat="-28.3538403" lon="134.1764291">
      <ele>270.68</ele>
    </trkpt>
    <trkpt lat="-28.3538886" lon="134.1764415">
      <ele>270.81</ele>
    </trkpt>
    <trkpt lat="-28.3542396" lon="134.1765312">
      <ele>270.097</ele>
    </trkpt>
    <trkpt lat="-28.3569265" lon="134.1772183">
      <ele>270.013</ele>
    </trkpt>
    <trkpt lat="-28.3589436" lon="134.1777132">
      <ele>273.0</ele>
    </trkpt>
    <trkpt lat="-28.3593341" lon="134.1778026">
      <ele>273.638</ele>
    </trkpt>
    <trkpt lat="-28.3600394" lon="134.1779642">
      <ele>275.858</ele>
    </trkpt>
    <trkpt lat="-28.3602157" lon="134.1780046">
      <ele>275.223</ele>
    </trkpt>
    <trkpt lat="-28.360514" lon="134.1780729">
      <ele>274.159</ele>
    </trkpt>
    <trkpt lat="-28.3607449" lon="134.1781242">
      <ele>274.0</ele>
    </trkpt>
    <trkpt lat="-28.3609215" lon="134.1781634">
      <ele>274.317</ele>
    </trkpt>
    <trkpt lat="-28.361098" lon="134.1782026">
      <ele>274.953</ele>
    </trkpt>
    <trkpt lat="-28.3612745" lon="134.1782417">
      <ele>275.0</ele>
    </trkpt>
    <trkpt lat="-28.361451" lon="134.1782809">
      <ele>274.776</ele>
    </trkpt>
    <trkpt lat="-28.3616276" lon="134.1783201">
      <ele>274.141</ele>
    </trkpt>
    <trkpt lat="-28.3633851" lon="134.1787103">
      <ele>274.186</ele>
    </trkpt>
    <trkpt lat="-28.3650462" lon="134.1790826">
      <ele>273.166</ele>
    </trkpt>
    <trkpt lat="-28.3665471" lon="134.1794172">
      <ele>274.959</ele>
    </trkpt>
    <trkpt lat="-28.3673393" lon="134.1795907">
      <ele>275.0</ele>
    </trkpt>
    <trkpt lat="-28.3686866" lon="134.1798997">
      <ele>272.731</ele>
    </trkpt>
    <trkpt lat="-28.3687302" lon="134.1799097">
      <ele>272.893</ele>
    </trkpt>
    <trkpt lat="-28.3708063" lon="134.180362">
      <ele>273.726</ele>
    </trkpt>
    <trkpt lat="-28.3710744" lon="134.1804204">
      <ele>272.196</ele>
    </trkpt>
    <trkpt lat="-28.3711595" lon="134.1804392">
      <ele>272.101</ele>
    </trkpt>
    <trkpt lat="-28.3713361" lon="134.1804782">
      <ele>272.584</ele>
    </trkpt>
    <trkpt lat="-28.3718658" lon="134.180595">
      <ele>273.96</ele>
    </trkpt>
    <trkpt lat="-28.3732784" lon="134.1809066">
      <ele>274.146</ele>
    </trkpt>
    <trkpt lat="-28.3736315" lon="134.1809845">
      <ele>274.496</ele>
    </trkpt>
    <trkpt lat="-28.3753971" lon="134.181374">
      <ele>274.0</ele>
    </trkpt>
    <trkpt lat="-28.3761785" lon="134.1815473">
      <ele>273.619</ele>
    </trkpt>
    <trkpt lat="-28.3785742" lon="134.1820821">
      <ele>271.437</ele>
    </trkpt>
    <trkpt lat="-28.3796568" lon="134.1823238">
      <ele>270.515</ele>
    </trkpt>
    <trkpt lat="-28.3802018" lon="134.182444">
      <ele>271.146</ele>
    </trkpt>
    <trkpt lat="-28.3823078" lon="134.1828731">
      <ele>272.894</ele>
    </trkpt>
    <trkpt lat="-28.3828197" lon="134.1829684">
      <ele>272.21</ele>
    </trkpt>
    <trkpt lat="-28.3832274" lon="134.1830443">
      <ele>271.031</ele>
    </trkpt>
    <trkpt lat="-28.3847923" lon="134.1833375">
      <ele>269.0</ele>
    </trkpt>
    <trkpt lat="-28.3864029" lon="134.183605">
      <ele>269.052</ele>
    </trkpt>
    <trkpt lat="-28.3883319" lon="134.1839213">
      <ele>268.995</ele>
    </trkpt>
    <trkpt lat="-28.3891704" lon="134.1840588">
      <ele>266.385</ele>
    </trkpt>
    <trkpt lat="-28.3912059" lon="134.1843">
      <ele>265.179</ele>
    </trkpt>
    <trkpt lat="-28.3917264" lon="134.1843654">
      <ele>264.715</ele>
    </trkpt>
    <trkpt lat="-28.3919052" lon="134.1843878">
      <ele>264.796</ele>
    </trkpt>
    <trkpt lat="-28.392084" lon="134.1844102">
      <ele>264.877</ele>
    </trkpt>
    <trkpt lat="-28.3921453" lon="134.1844179">
      <ele>264.904</ele>
    </trkpt>
    <trkpt lat="-28.3922626" lon="134.184434">
      <ele>264.962</ele>
    </trkpt>
    <trkpt lat="-28.392344" lon="134.1844451">
      <ele>264.999</ele>
    </trkpt>
    <trkpt lat="-28.3924415" lon="134.1844554">
      <ele>264.969</ele>
    </trkpt>
    <trkpt lat="-28.3926206" lon="134.1844742">
      <ele>264.939</ele>
    </trkpt>
    <trkpt lat="-28.3948748" lon="134.1847115">
      <ele>266.0</ele>
    </trkpt>
    <trkpt lat="-28.3960125" lon="134.1848197">
      <ele>268.351</ele>
    </trkpt>
    <trkpt lat="-28.3963832" lon="134.1848491">
      <ele>268.009</ele>
    </trkpt>
    <trkpt lat="-28.3965627" lon="134.1848633">
      <ele>268.0</ele>
    </trkpt>
    <trkpt lat="-28.3967421" lon="134.1848775">
      <ele>268.12</ele>
    </trkpt>
    <trkpt lat="-28.3974598" lon="134.1849344">
      <ele>269.0</ele>
    </trkpt>
    <trkpt lat="-28.3978078" lon="134.184962">
      <ele>268.77</ele>
    </trkpt>
    <trkpt lat="-28.3978186" lon="134.1849627">
      <ele>268.738</ele>
    </trkpt>
    <trkpt lat="-28.3979982" lon="134.1849741">
      <ele>268.187</ele>
    </trkpt>
    <trkpt lat="-28.400692" lon="134.1851446">
      <ele>273.029</ele>
    </trkpt>
    <trkpt lat="-28.4011018" lon="134.1851705">
      <ele>272.021</ele>
    </trkpt>
    <trkpt lat="-28.4020286" lon="134.1852081">
      <ele>275.303</ele>
    </trkpt>
    <trkpt lat="-28.4028487" lon="134.1852402">
      <ele>275.101</ele>
    </trkpt>
    <trkpt lat="-28.4030284" lon="134.1852472">
      <ele>275.011</ele>
    </trkpt>
    <trkpt lat="-28.4032082" lon="134.1852542">
      <ele>275.0</ele>
    </trkpt>
    <trkpt lat="-28.4034102" lon="134.1852621">
      <ele>275.0</ele>
    </trkpt>
    <trkpt lat="-28.4035678" lon="134.1852643">
      <ele>275.0</ele>
    </trkpt>
    <trkpt lat="-28.4048268" lon="134.185282">
      <ele>274.376</ele>
    </trkpt>
    <trkpt lat="-28.4050066" lon="134.1852846">
      <ele>275.024</ele>
    </trkpt>
    <trkpt lat="-28.4051864" lon="134.1852871">
      <ele>275.671</ele>
    </trkpt>
    <trkpt lat="-28.4053663" lon="134.1852896">
      <ele>275.681</ele>
    </trkpt>
    <trkpt lat="-28.4065247" lon="134.1853059">
      <ele>272.561</ele>
    </trkpt>
    <trkpt lat="-28.4068771" lon="134.1853045">
      <ele>272.023</ele>
    </trkpt>
    <trkpt lat="-28.4073447" lon="134.1853035">
      <ele>270.559</ele>
    </trkpt>
    <trkpt lat="-28.4100495" lon="134.185327">
      <ele>268.822</ele>
    </trkpt>
    <trkpt lat="-28.4102225" lon="134.1853285">
      <ele>268.199</ele>
    </trkpt>
    <trkpt lat="-28.4102297" lon="134.1853286">
      <ele>268.173</ele>
    </trkpt>
    <trkpt lat="-28.4107705" lon="134.1853334">
      <ele>267.0</ele>
    </trkpt>
    <trkpt lat="-28.4111312" lon="134.1853365">
      <ele>266.928</ele>
    </trkpt>
    <trkpt lat="-28.4112221" lon="134.1853372">
      <ele>266.6</ele>
    </trkpt>
    <trkpt lat="-28.412021" lon="134.1853441">
      <ele>263.0</ele>
    </trkpt>
    <trkpt lat="-28.4120329" lon="134.1853442">
      <ele>263.0</ele>
    </trkpt>
    <trkpt lat="-28.4122009" lon="134.1853457">
      <ele>263.0</ele>
    </trkpt>
    <trkpt lat="-28.4122132" lon="134.1853458">
      <ele>263.0</ele>
    </trkpt>
    <trkpt lat="-28.4125738" lon="134.1853491">
      <ele>263.0</ele>
    </trkpt>
    <trkpt lat="-28.4127996" lon="134.1853511">
      <ele>262.942</ele>
    </trkpt>
    <trkpt lat="-28.4165407" lon="134.185384">
      <ele>268.0</ele>
    </trkpt>
    <trkpt lat="-28.4186584" lon="134.1854025">
      <ele>269.0</ele>
    </trkpt>
    <trkpt lat="-28.4196954" lon="134.1854127">
      <ele>272.0</ele>
    </trkpt>
    <trkpt lat="-28.4200781" lon="134.1854053">
      <ele>272.389</ele>
    </trkpt>
    <trkpt lat="-28.4213359" lon="134.1854093">
      <ele>272.1</ele>
    </trkpt>
    <trkpt lat="-28.4224048" lon="134.1854395">
      <ele>274.418</ele>
    </trkpt>
    <trkpt lat="-28.4231585" lon="134.1854977">
      <ele>275.162</ele>
    </trkpt>
    <trkpt lat="-28.4238164" lon="134.1855762">
      <ele>274.503</ele>
    </trkpt>
    <trkpt lat="-28.424868" lon="134.1857334">
      <ele>275.64</ele>
    </trkpt>
    <trkpt lat="-28.4257719" lon="134.1859175">
      <ele>277.236</ele>
    </trkpt>
    <trkpt lat="-28.4263328" lon="134.1860469">
      <ele>276.953</ele>
    </trkpt>
    <trkpt lat="-28.4263636" lon="134.186054">
      <ele>276.981</ele>
    </trkpt>
    <trkpt lat="-28.4265081" lon="134.1860924">
      <ele>277.458</ele>
    </trkpt>
    <trkpt lat="-28.4269748" lon="134.1862165">
      <ele>277.73</ele>
    </trkpt>
    <trkpt lat="-28.4275218" lon="134.186372">
      <ele>279.056</ele>
    </trkpt>
    <trkpt lat="-28.4279439" lon="134.1865156">
      <ele>278.675</ele>
    </trkpt>
    <trkpt lat="-28.4287503" lon="134.1868168">
      <ele>276.5</ele>
    </trkpt>
    <trkpt lat="-28.4294989" lon="134.1871328">
      <ele>275.259</ele>
    </trkpt>
    <trkpt lat="-28.4299623" lon="134.1873343">
      <ele>274.945</ele>
    </trkpt>
    <trkpt lat="-28.4305511" lon="134.1876046">
      <ele>276.0</ele>
    </trkpt>
    <trkpt lat="-28.4312391" lon="134.1879616">
      <ele>274.539</ele>
    </trkpt>
    <trkpt lat="-28.4318658" lon="134.1883207">
      <ele>273.684</ele>
    </trkpt>
    <trkpt lat="-28.4322801" lon="134.1885566">
      <ele>274.636</ele>
    </trkpt>
    <trkpt lat="-28.4329092" lon="134.1889492">
      <ele>273.886</ele>
    </trkpt>
    <trkpt lat="-28.4331624" lon="134.1891122">
      <ele>274.385</ele>
    </trkpt>
    <trkpt lat="-28.4333483" lon="134.1892313">
      <ele>275.0</ele>
    </trkpt>
    <trkpt lat="-28.4338958" lon="134.1896342">
      <ele>273.0</ele>
    </trkpt>
    <trkpt lat="-28.4343388" lon="134.1899601">
      <ele>273.531</ele>
    </trkpt>
    <trkpt lat="-28.4348242" lon="134.1903373">
      <ele>274.712</ele>
    </trkpt>
    <trkpt lat="-28.4348631" lon="134.1903675">
      <ele>274.657</ele>
    </trkpt>
    <trkpt lat="-28.4349722" lon="134.1904538">
      <ele>274.67</ele>
    </trkpt>
    <trkpt lat="-28.4350608" lon="134.1905239">
      <ele>274.886</ele>
    </trkpt>
    <trkpt lat="-28.4354835" lon="134.1908862">
      <ele>275.4</ele>
    </trkpt>
    <trkpt lat="-28.4360636" lon="134.1914371">
      <ele>270.486</ele>
    </trkpt>
    <trkpt lat="-28.4364824" lon="134.1918223">
      <ele>273.086</ele>
    </trkpt>
    <trkpt lat="-28.4367345" lon="134.1920555">
      <ele>274.454</ele>
    </trkpt>
    <trkpt lat="-28.4372271" lon="134.1925429">
      <ele>273.003</ele>
    </trkpt>
    <trkpt lat="-28.4376443" lon="134.1929307">
      <ele>275.07</ele>
    </trkpt>
    <trkpt lat="-28.4378856" lon="134.1931575">
      <ele>276.0</ele>
    </trkpt>
    <trkpt lat="-28.4387468" lon="134.194001">
      <ele>274.991</ele>
    </trkpt>
    <trkpt lat="-28.4397581" lon="134.1949685">
      <ele>277.53</ele>
    </trkpt>
    <trkpt lat="-28.4400269" lon="134.1952293">
      <ele>277.394</ele>
    </trkpt>
    <trkpt lat="-28.4400895" lon="134.1952895">
      <ele>277.018</ele>
    </trkpt>
    <trkpt lat="-28.4403642" lon="134.1955536">
      <ele>275.682</ele>
    </trkpt>
    <trkpt lat="-28.4405321" lon="134.1957151">
      <ele>275.61</ele>
    </trkpt>
    <trkpt lat="-28.4412056" lon="134.196276">
      <ele>276.0</ele>
    </trkpt>
    <trkpt lat="-28.4415574" lon="134.196561">
      <ele>274.787</ele>
    </trkpt>
    <trkpt lat="-28.4422845" lon="134.1970969">
      <ele>274.549</ele>
    </trkpt>
    <trkpt lat="-28.4425047" lon="134.1972486">
      <ele>275.076</ele>
    </trkpt>
    <trkpt lat="-28.4425801" lon="134.1972989">
      <ele>274.908</ele>
    </trkpt>
    <trkpt lat="-28.4429426" lon="134.1975405">
      <ele>273.407</ele>
    </trkpt>
    <trkpt lat="-28.4431831" lon="134.1976876">
      <ele>272.851</ele>
    </trkpt>
    <trkpt lat="-28.4437137" lon="134.1979979">
      <ele>272.631</ele>
    </trkpt>
    <trkpt lat="-28.4441685" lon="134.1982482">
      <ele>270.005</ele>
    </trkpt>
    <trkpt lat="-28.4450718" lon="134.1986794">
      <ele>271.496</ele>
    </trkpt>
    <trkpt lat="-28.4452711" lon="134.198771">
      <ele>270.448</ele>
    </trkpt>
    <trkpt lat="-28.4457614" lon="134.1989821">
      <ele>267.026</ele>
    </trkpt>
    <trkpt lat="-28.4465012" lon="134.1992527">
      <ele>264.993</ele>
    </trkpt>
    <trkpt lat="-28.4468935" lon="134.1993808">
      <ele>267.259</ele>
    </trkpt>
    <trkpt lat="-28.4480769" lon="134.199708">
      <ele>264.919</ele>
    </trkpt>
    <trkpt lat="-28.4484607" lon="134.1997908">
      <ele>263.541</ele>
    </trkpt>
    <trkpt lat="-28.4491007" lon="134.1999138">
      <ele>262.474</ele>
    </trkpt>
    <trkpt lat="-28.4495151" lon="134.1999725">
      <ele>261.074</ele>
    </trkpt>
    <trkpt lat="-28.4497641" lon="134.2000077">
      <ele>261.123</ele>
    </trkpt>
    <trkpt lat="-28.4499514" lon="134.2000333">
      <ele>261.705</ele>
    </trkpt>
    <trkpt lat="-28.4504739" lon="134.2000806">
      <ele>264.621</ele>
    </trkpt>
    <trkpt lat="-28.4511545" lon="134.2001205">
      <ele>264.688</ele>
    </trkpt>
    <trkpt lat="-28.451565" lon="134.2001256">
      <ele>261.732</ele>
    </trkpt>
    <trkpt lat="-28.4518991" lon="134.2001297">
      <ele>259.773</ele>
    </trkpt>
    <trkpt lat="-28.4519102" lon="134.2001294">
      <ele>259.715</ele>
    </trkpt>
    <trkpt lat="-28.4523307" lon="134.2001188">
      <ele>260.614</ele>
    </trkpt>
    <trkpt lat="-28.4525683" lon="134.200108">
      <ele>261.857</ele>
    </trkpt>
    <trkpt lat="-28.4528785" lon="134.2000887">
      <ele>263.29</ele>
    </trkpt>
    <trkpt lat="-28.4534204" lon="134.2000387">
      <ele>266.174</ele>
    </trkpt>
    <trkpt lat="-28.4544014" lon="134.1999008">
      <ele>266.0</ele>
    </trkpt>
    <trkpt lat="-28.4547919" lon="134.1998339">
      <ele>266.0</ele>
    </trkpt>
    <trkpt lat="-28.4555535" lon="134.1996673">
      <ele>266.795</ele>
    </trkpt>
    <trkpt lat="-28.456328" lon="134.1994547">
      <ele>267.256</ele>
    </trkpt>
    <trkpt lat="-28.4566885" lon="134.1993451">
      <ele>265.749</ele>
    </trkpt>
    <trkpt lat="-28.4574457" lon="134.1990862">
      <ele>268.571</ele>
    </trkpt>
    <trkpt lat="-28.4589846" lon="134.1985536">
      <ele>268.591</ele>
    </trkpt>
    <trkpt lat="-28.4596313" lon="134.1983405">
      <ele>267.0</ele>
    </trkpt>
    <trkpt lat="-28.4597027" lon="134.198317">
      <ele>267.063</ele>
    </trkpt>
    <trkpt lat="-28.4598047" lon="134.1982864">
      <ele>267.713</ele>
    </trkpt>
    <trkpt lat="-28.4603404" lon="134.1981255">
      <ele>270.364</ele>
    </trkpt>
    <trkpt lat="-28.4607412" lon="134.1980185">
      <ele>270.822</ele>
    </trkpt>
    <trkpt lat="-28.4613552" lon="134.1978671">
      <ele>269.121</ele>
    </trkpt>
    <trkpt lat="-28.4620052" lon="134.1977263">
      <ele>268.967</ele>
    </trkpt>
    <trkpt lat="-28.4630642" lon="134.1975377">
      <ele>268.996</ele>
    </trkpt>
    <trkpt lat="-28.4636835" lon="134.1974636">
      <ele>267.228</ele>
    </trkpt>
    <trkpt lat="-28.4648713" lon="134.1973615">
      <ele>267.999</ele>
    </trkpt>
    <trkpt lat="-28.4652991" lon="134.1973466">
      <ele>267.958</ele>
    </trkpt>
    <trkpt lat="-28.4665644" lon="134.1973321">
      <ele>267.854</ele>
    </trkpt>
    <trkpt lat="-28.4666603" lon="134.197331">
      <ele>267.991</ele>
    </trkpt>
    <trkpt lat="-28.4667441" lon="134.1973366">
      <ele>268.0</ele>
    </trkpt>
    <trkpt lat="-28.4679003" lon="134.1974147">
      <ele>267.694</ele>
    </trkpt>
    <trkpt lat="-28.468041" lon="134.1974263">
      <ele>267.304</ele>
    </trkpt>
    <trkpt lat="-28.4693848" lon="134.1976031">
      <ele>268.0</ele>
    </trkpt>
    <trkpt lat="-28.4698505" lon="134.1976826">
      <ele>269.0</ele>
    </trkpt>
    <trkpt lat="-28.4710095" lon="134.1979325">
      <ele>269.162</ele>
    </trkpt>
    <trkpt lat="-28.4719477" lon="134.1981805">
      <ele>271.006</ele>
    </trkpt>
    <trkpt lat="-28.4728535" lon="134.1984698">
      <ele>270.491</ele>
    </trkpt>
    <trkpt lat="-28.4737671" lon="134.1988105">
      <ele>270.438</ele>
    </trkpt>
    <trkpt lat="-28.4743548" lon="134.1990548">
      <ele>269.597</ele>
    </trkpt>
    <trkpt lat="-28.47543" lon="134.1995245">
      <ele>272.26</ele>
    </trkpt>
    <trkpt lat="-28.4774846" lon="134.2004383">
      <ele>271.968</ele>
    </trkpt>
    <trkpt lat="-28.4785769" lon="134.2009242">
      <ele>272.55</ele>
    </trkpt>
    <trkpt lat="-28.4808034" lon="134.2019248">
      <ele>268.0</ele>
    </trkpt>
    <trkpt lat="-28.4818601" lon="134.2023897">
      <ele>269.879</ele>
    </trkpt>
    <trkpt lat="-28.4828367" lon="134.2028251">
      <ele>270.0</ele>
    </trkpt>
    <trkpt lat="-28.4834495" lon="134.2031003">
      <ele>269.421</ele>
    </trkpt>
    <trkpt lat="-28.4843972" lon="134.2035159">
      <ele>268.716</ele>
    </trkpt>
    <trkpt lat="-28.485339" lon="134.2039358">
      <ele>268.0</ele>
    </trkpt>
    <trkpt lat="-28.4853618" lon="134.203946">
      <ele>268.0</ele>
    </trkpt>
    <trkpt lat="-28.4858417" lon="134.2041589">
      <ele>268.029</ele>
    </trkpt>
    <trkpt lat="-28.4861245" lon="134.2042843">
      <ele>268.972</ele>
    </trkpt>
    <trkpt lat="-28.4861768" lon="134.2043077">
      <ele>268.884</ele>
    </trkpt>
    <trkpt lat="-28.4863443" lon="134.2043824">
      <ele>268.812</ele>
    </trkpt>
    <trkpt lat="-28.4865117" lon="134.2044572">
      <ele>268.578</ele>
    </trkpt>
    <trkpt lat="-28.4866485" lon="134.2045183">
      <ele>268.314</ele>
    </trkpt>
    <trkpt lat="-28.4869699" lon="134.2046572">
      <ele>268.674</ele>
    </trkpt>
    <trkpt lat="-28.4872626" lon="134.2047938">
      <ele>268.22</ele>
    </trkpt>
    <trkpt lat="-28.4883285" lon="134.2052987">
      <ele>266.983</ele>
    </trkpt>
    <trkpt lat="-28.4891252" lon="134.2056952">
      <ele>265.075</ele>
    </trkpt>
    <trkpt lat="-28.489384" lon="134.20583">
      <ele>264.218</ele>
    </trkpt>
    <trkpt lat="-28.48987" lon="134.2060867">
      <ele>263.515</ele>
    </trkpt>
    <trkpt lat="-28.4909622" lon="134.2067018">
      <ele>264.41</ele>
    </trkpt>
    <trkpt lat="-28.4916858" lon="134.2071332">
      <ele>262.633</ele>
    </trkpt>
    <trkpt lat="-28.4922194" lon="134.2074645">
      <ele>261.01</ele>
    </trkpt>
    <trkpt lat="-28.4923773" lon="134.2075626">
      <ele>260.216</ele>
    </trkpt>
    <trkpt lat="-28.4927406" lon="134.207788">
      <ele>257.263</ele>
    </trkpt>
    <trkpt lat="-28.4932668" lon="134.2081354">
      <ele>257.219</ele>
    </trkpt>
    <trkpt lat="-28.4940864" lon="134.2086961">
      <ele>259.912</ele>
    </trkpt>
    <trkpt lat="-28.4942526" lon="134.2088098">
      <ele>260.309</ele>
    </trkpt>
    <trkpt lat="-28.4954559" lon="134.2096822">
      <ele>265.666</ele>
    </trkpt>
    <trkpt lat="-28.4963475" lon="134.2103773">
      <ele>265.663</ele>
    </trkpt>
    <trkpt lat="-28.4971482" lon="134.2110307">
      <ele>266.344</ele>
    </trkpt>
    <trkpt lat="-28.4979701" lon="134.2117295">
      <ele>267.383</ele>
    </trkpt>
    <trkpt lat="-28.4993592" lon="134.2129922">
      <ele>269.0</ele>
    </trkpt>
    <trkpt lat="-28.499893" lon="134.2135141">
      <ele>267.0</ele>
    </trkpt>
    <trkpt lat="-28.5000294" lon="134.2136475">
      <ele>267.315</ele>
    </trkpt>
    <trkpt lat="-28.500348" lon="134.213959">
      <ele>268.253</ele>
    </trkpt>
    <trkpt lat="-28.5008218" lon="134.2144437">
      <ele>268.044</ele>
    </trkpt>
    <trkpt lat="-28.5011822" lon="134.2148186">
      <ele>268.256</ele>
    </trkpt>
    <trkpt lat="-28.5016656" lon="134.2153374">
      <ele>269.214</ele>
    </trkpt>
    <trkpt lat="-28.5017574" lon="134.2154394">
      <ele>269.718</ele>
    </trkpt>
    <trkpt lat="-28.5018861" lon="134.2155824">
      <ele>270.0</ele>
    </trkpt>
    <trkpt lat="-28.5023589" lon="134.216108">
      <ele>270.0</ele>
    </trkpt>
    <trkpt lat="-28.5027135" lon="134.2165117">
      <ele>268.558</ele>
    </trkpt>
    <trkpt lat="-28.5035613" lon="134.2175365">
      <ele>266.179</ele>
    </trkpt>
    <trkpt lat="-28.504126" lon="134.2182085">
      <ele>262.293</ele>
    </trkpt>
    <trkpt lat="-28.5043948" lon="134.2185153">
      <ele>261.179</ele>
    </trkpt>
    <trkpt lat="-28.5046551" lon="134.2188125">
      <ele>261.0</ele>
    </trkpt>
    <trkpt lat="-28.504863" lon="134.2190498">
      <ele>261.507</ele>
    </trkpt>
    <trkpt lat="-28.5052682" lon="134.2194936">
      <ele>262.754</ele>
    </trkpt>
    <trkpt lat="-28.5056878" lon="134.2199496">
      <ele>264.476</ele>
    </trkpt>
    <trkpt lat="-28.5060106" lon="134.2202929">
      <ele>265.035</ele>
    </trkpt>
    <trkpt lat="-28.5064907" lon="134.220783">
      <ele>266.819</ele>
    </trkpt>
    <trkpt lat="-28.5069324" lon="134.2212226">
      <ele>268.384</ele>
    </trkpt>
    <trkpt lat="-28.5074488" lon="134.2217234">
      <ele>270.962</ele>
    </trkpt>
    <trkpt lat="-28.5080436" lon="134.2222871">
      <ele>269.256</ele>
    </trkpt>
    <trkpt lat="-28.5083331" lon="134.2225535">
      <ele>269.808</ele>
    </trkpt>
    <trkpt lat="-28.5086722" lon="134.2228575">
      <ele>268.713</ele>
    </trkpt>
    <trkpt lat="-28.5092987" lon="134.2234109">
      <ele>269.622</ele>
    </trkpt>
    <trkpt lat="-28.5099362" lon="134.2239476">
      <ele>269.626</ele>
    </trkpt>
    <trkpt lat="-28.5101324" lon="134.2241075">
      <ele>268.7</ele>
    </trkpt>
    <trkpt lat="-28.5102785" lon="134.2242267">
      <ele>269.003</ele>
    </trkpt>
    <trkpt lat="-28.5105476" lon="134.2244461">
      <ele>269.972</ele>
    </trkpt>
    <trkpt lat="-28.5110968" lon="134.2248773">
      <ele>271.052</ele>
    </trkpt>
    <trkpt lat="-28.5115037" lon="134.22519">
      <ele>270.283</ele>
    </trkpt>
    <trkpt lat="-28.5118222" lon="134.2254274">
      <ele>272.12</ele>
    </trkpt>
    <trkpt lat="-28.5122878" lon="134.2257738">
      <ele>271.978</ele>
    </trkpt>
    <trkpt lat="-28.5132766" lon="134.2264675">
      <ele>270.571</ele>
    </trkpt>
    <trkpt lat="-28.5140386" lon="134.2269723">
      <ele>271.539</ele>
    </trkpt>
    <trkpt lat="-28.5143002" lon="134.2271447">
      <ele>272.827</ele>
    </trkpt>
    <trkpt lat="-28.514634" lon="134.2273568">
      <ele>273.164</ele>
    </trkpt>
    <trkpt lat="-28.5151165" lon="134.2276588">
      <ele>270.488</ele>
    </trkpt>
    <trkpt lat="-28.5156955" lon="134.2280069">
      <ele>273.081</ele>
    </trkpt>
    <trkpt lat="-28.5166505" lon="134.2285553">
      <ele>273.143</ele>
    </trkpt>
    <trkpt lat="-28.5175079" lon="134.2290186">
      <ele>273.987</ele>
    </trkpt>
    <trkpt lat="-28.5181708" lon="134.2293669">
      <ele>272.279</ele>
    </trkpt>
    <trkpt lat="-28.5188653" lon="134.2297305">
      <ele>272.0</ele>
    </trkpt>
    <trkpt lat="-28.5194383" lon="134.2300296">
      <ele>271.024</ele>
    </trkpt>
    <trkpt lat="-28.5200334" lon="134.2303381">
      <ele>269.12</ele>
    </trkpt>
    <trkpt lat="-28.5205095" lon="134.230588">
      <ele>271.571</ele>
    </trkpt>
    <trkpt lat="-28.5210988" lon="134.2308931">
      <ele>270.035</ele>
    </trkpt>
    <trkpt lat="-28.5218601" lon="134.2312911">
      <ele>269.893</ele>
    </trkpt>
    <trkpt lat="-28.5223429" lon="134.2315473">
      <ele>271.0</ele>
    </trkpt>
    <trkpt lat="-28.5232264" lon="134.2320114">
      <ele>270.093</ele>
    </trkpt>
    <trkpt lat="-28.5237982" lon="134.2323064">
      <ele>270.469</ele>
    </trkpt>
    <trkpt lat="-28.5247606" lon="134.2328092">
      <ele>271.349</ele>
    </trkpt>
    <trkpt lat="-28.5250538" lon="134.2329659">
      <ele>272.74</ele>
    </trkpt>
    <trkpt lat="-28.5256395" lon="134.2332715">
      <ele>270.815</ele>
    </trkpt>
    <trkpt lat="-28.5265129" lon="134.2337238">
      <ele>271.041</ele>
    </trkpt>
    <trkpt lat="-28.5266245" lon="134.2337829">
      <ele>271.23</ele>
    </trkpt>
    <trkpt lat="-28.5267875" lon="134.2338692">
      <ele>271.04</ele>
    </trkpt>
    <trkpt lat="-28.5272847" lon="134.2341324">
      <ele>271.028</ele>
    </trkpt>
    <trkpt lat="-28.5278498" lon="134.234429">
      <ele>272.259</ele>
    </trkpt>
    <trkpt lat="-28.5279303" lon="134.234471">
      <ele>272.497</ele>
    </trkpt>
    <trkpt lat="-28.5284448" lon="134.2347392">
      <ele>271.377</ele>
    </trkpt>
    <trkpt lat="-28.528931" lon="134.2349915">
      <ele>273.005</ele>
    </trkpt>
    <trkpt lat="-28.529598" lon="134.2353415">
      <ele>274.426</ele>
    </trkpt>
    <trkpt lat="-28.530186" lon="134.2356517">
      <ele>273.54</ele>
    </trkpt>
    <trkpt lat="-28.5305664" lon="134.2358461">
      <ele>273.954</ele>
    </trkpt>
    <trkpt lat="-28.5307099" lon="134.235921">
      <ele>273.684</ele>
    </trkpt>
    <trkpt lat="-28.5311584" lon="134.2361552">
      <ele>272.895</ele>
    </trkpt>
    <trkpt lat="-28.5315248" lon="134.2363517">
      <ele>274.355</ele>
    </trkpt>
    <trkpt lat="-28.5321108" lon="134.2366529">
      <ele>274.401</ele>
    </trkpt>
    <trkpt lat="-28.5324163" lon="134.2368154">
      <ele>274.374</ele>
    </trkpt>
    <trkpt lat="-28.5330842" lon="134.2371631">
      <ele>277.184</ele>
    </trkpt>
    <trkpt lat="-28.5337541" lon="134.2375142">
      <ele>278.49</ele>
    </trkpt>
    <trkpt lat="-28.534435" lon="134.2378733">
      <ele>276.068</ele>
    </trkpt>
    <trkpt lat="-28.535019" lon="134.238179">
      <ele>276.099</ele>
    </trkpt>
    <trkpt lat="-28.5354084" lon="134.238379">
      <ele>278.94</ele>
    </trkpt>
    <trkpt lat="-28.5359584" lon="134.2386722">
      <ele>279.078</ele>
    </trkpt>
    <trkpt lat="-28.5362849" lon="134.2388392">
      <ele>278.307</ele>
    </trkpt>
    <trkpt lat="-28.5373479" lon="134.2393933">
      <ele>277.536</ele>
    </trkpt>
    <trkpt lat="-28.5379004" lon="134.2396836">
      <ele>281.302</ele>
    </trkpt>
    <trkpt lat="-28.5381074" lon="134.2397925">
      <ele>281.934</ele>
    </trkpt>
    <trkpt lat="-28.5385546" lon="134.2400243">
      <ele>281.186</ele>
    </trkpt>
    <trkpt lat="-28.5387628" lon="134.2401322">
      <ele>280.454</ele>
    </trkpt>
    <trkpt lat="-28.5392634" lon="134.240401">
      <ele>281.289</ele>
    </trkpt>
    <trkpt lat="-28.5396515" lon="134.2406008">
      <ele>281.624</ele>
    </trkpt>
    <trkpt lat="-28.5401311" lon="134.240847">
      <ele>283.495</ele>
    </trkpt>
    <trkpt lat="-28.5404252" lon="134.2410116">
      <ele>284.642</ele>
    </trkpt>
    <trkpt lat="-28.5408925" lon="134.2412719">
      <ele>285.787</ele>
    </trkpt>
    <trkpt lat="-28.5413745" lon="134.2415463">
      <ele>284.052</ele>
    </trkpt>
    <trkpt lat="-28.5417974" lon="134.2417952">
      <ele>285.463</ele>
    </trkpt>
    <trkpt lat="-28.5419572" lon="134.2418892">
      <ele>285.755</ele>
    </trkpt>
    <trkpt lat="-28.5420296" lon="134.2419318">
      <ele>285.648</ele>
    </trkpt>
    <trkpt lat="-28.5429541" lon="134.2425199">
      <ele>284.0</ele>
    </trkpt>
    <trkpt lat="-28.5437836" lon="134.2430695">
      <ele>281.571</ele>
    </trkpt>
    <trkpt lat="-28.5445176" lon="134.2435886">
      <ele>285.0</ele>
    </trkpt>
    <trkpt lat="-28.5449597" lon="134.2439064">
      <ele>284.0</ele>
    </trkpt>
    <trkpt lat="-28.545496" lon="134.2443236">
      <ele>285.0</ele>
    </trkpt>
    <trkpt lat="-28.5457454" lon="134.2445175">
      <ele>283.55</ele>
    </trkpt>
    <trkpt lat="-28.546234" lon="134.2449086">
      <ele>281.0</ele>
    </trkpt>
    <trkpt lat="-28.5464389" lon="134.2450726">
      <ele>281.0</ele>
    </trkpt>
    <trkpt lat="-28.5472119" lon="134.2457125">
      <ele>280.456</ele>
    </trkpt>
    <trkpt lat="-28.5479824" lon="134.2463927">
      <ele>279.01</ele>
    </trkpt>
    <trkpt lat="-28.5487087" lon="134.2470757">
      <ele>279.87</ele>
    </trkpt>
    <trkpt lat="-28.549619" lon="134.2479543">
      <ele>278.143</ele>
    </trkpt>
    <trkpt lat="-28.5501515" lon="134.2485088">
      <ele>278.287</ele>
    </trkpt>
    <trkpt lat="-28.5507763" lon="134.2491771">
      <ele>277.0</ele>
    </trkpt>
    <trkpt lat="-28.5515409" lon="134.2500438">
      <ele>278.086</ele>
    </trkpt>
    <trkpt lat="-28.5524255" lon="134.2510827">
      <ele>277.0</ele>
    </trkpt>
    <trkpt lat="-28.5532562" lon="134.2521452">
      <ele>275.522</ele>
    </trkpt>
    <trkpt lat="-28.5540318" lon="134.2532024">
      <ele>276.771</ele>
    </trkpt>
    <trkpt lat="-28.5543695" lon="134.2536759">
      <ele>276.503</ele>
    </trkpt>
    <trkpt lat="-28.5547136" lon="134.2541721">
      <ele>277.98</ele>
    </trkpt>
    <trkpt lat="-28.5550879" lon="134.2547376">
      <ele>277.907</ele>
    </trkpt>
    <trkpt lat="-28.5554128" lon="134.2552422">
      <ele>276.004</ele>
    </trkpt>
    <trkpt lat="-28.555574" lon="134.2555015">
      <ele>276.792</ele>
    </trkpt>
    <trkpt lat="-28.5556839" lon="134.2556782">
      <ele>277.238</ele>
    </trkpt>
    <trkpt lat="-28.5563318" lon="134.2567056">
      <ele>279.029</ele>
    </trkpt>
    <trkpt lat="-28.5574649" lon="134.2584863">
      <ele>277.829</ele>
    </trkpt>
    <trkpt lat="-28.5578468" lon="134.2590946">
      <ele>278.88</ele>
    </trkpt>
    <trkpt lat="-28.5585426" lon="134.2601714">
      <ele>280.194</ele>
    </trkpt>
    <trkpt lat="-28.558707" lon="134.2604124">
      <ele>280.663</ele>
    </trkpt>
    <trkpt lat="-28.559201" lon="134.2611323">
      <ele>280.114</ele>
    </trkpt>
    <trkpt lat="-28.5595787" lon="134.2616557">
      <ele>280.483</ele>
    </trkpt>
    <trkpt lat="-28.5599321" lon="134.2621165">
      <ele>281.619</ele>
    </trkpt>
    <trkpt lat="-28.5600895" lon="134.2623192">
      <ele>282.112</ele>
    </trkpt>
    <trkpt lat="-28.5605482" lon="134.2628894">
      <ele>282.026</ele>
    </trkpt>
    <trkpt lat="-28.5608171" lon="134.2632122">
      <ele>281.622</ele>
    </trkpt>
    <trkpt lat="-28.5609898" lon="134.263411">
      <ele>281.594</ele>
    </trkpt>
    <trkpt lat="-28.5613337" lon="134.2638113">
      <ele>282.577</ele>
    </trkpt>
    <trkpt lat="-28.5618812" lon="134.2643993">
      <ele>283.647</ele>
    </trkpt>
    <trkpt lat="-28.5621699" lon="134.2647102">
      <ele>283.043</ele>
    </trkpt>
    <trkpt lat="-28.5626913" lon="134.2652391">
      <ele>282.407</ele>
    </trkpt>
    <trkpt lat="-28.5628576" lon="134.2654">
      <ele>282.287</ele>
    </trkpt>
    <trkpt lat="-28.5629339" lon="134.2654738">
      <ele>282.562</ele>
    </trkpt>
    <trkpt lat="-28.5629955" lon="134.2655317">
      <ele>282.784</ele>
    </trkpt>
    <trkpt lat="-28.563264" lon="134.2657841">
      <ele>283.617</ele>
    </trkpt>
    <trkpt lat="-28.5635447" lon="134.2660473">
      <ele>284.77</ele>
    </trkpt>
    <trkpt lat="-28.5638353" lon="134.266303">
      <ele>284.193</ele>
    </trkpt>
    <trkpt lat="-28.5639777" lon="134.2664282">
      <ele>283.955</ele>
    </trkpt>
    <trkpt lat="-28.5641638" lon="134.266592">
      <ele>283.276</ele>
    </trkpt>
    <trkpt lat="-28.5644518" lon="134.2668382">
      <ele>283.026</ele>
    </trkpt>
    <trkpt lat="-28.5648877" lon="134.2671976">
      <ele>284.964</ele>
    </trkpt>
    <trkpt lat="-28.5653211" lon="134.2675401">
      <ele>285.023</ele>
    </trkpt>
    <trkpt lat="-28.5658056" lon="134.2679136">
      <ele>286.44</ele>
    </trkpt>
    <trkpt lat="-28.5661254" lon="134.2681466">
      <ele>286.0</ele>
    </trkpt>
    <trkpt lat="-28.5665655" lon="134.2684576">
      <ele>285.39</ele>
    </trkpt>
    <trkpt lat="-28.5666773" lon="134.2685325">
      <ele>285.31</ele>
    </trkpt>
    <trkpt lat="-28.5670391" lon="134.2687775">
      <ele>285.742</ele>
    </trkpt>
    <trkpt lat="-28.5671103" lon="134.2688251">
      <ele>285.827</ele>
    </trkpt>
    <trkpt lat="-28.5672215" lon="134.2688994">
      <ele>285.96</ele>
    </trkpt>
    <trkpt lat="-28.5672659" lon="134.2689278">
      <ele>285.882</ele>
    </trkpt>
    <trkpt lat="-28.5674227" lon="134.2690281">
      <ele>285.861</ele>
    </trkpt>
    <trkpt lat="-28.5676757" lon="134.26919">
      <ele>285.367</ele>
    </trkpt>
    <trkpt lat="-28.5682676" lon="134.2695577">
      <ele>285.763</ele>
    </trkpt>
    <trkpt lat="-28.5686514" lon="134.2697945">
      <ele>286.74</ele>
    </trkpt>
    <trkpt lat="-28.5692942" lon="134.2701939">
      <ele>283.302</ele>
    </trkpt>
    <trkpt lat="-28.5695949" lon="134.2703813">
      <ele>283.34</ele>
    </trkpt>
    <trkpt lat="-28.5699123" lon="134.2705794">
      <ele>282.914</ele>
    </trkpt>
    <trkpt lat="-28.5707069" lon="134.27109">
      <ele>285.0</ele>
    </trkpt>
    <trkpt lat="-28.5713637" lon="134.27153">
      <ele>281.583</ele>
    </trkpt>
    <trkpt lat="-28.5726454" lon="134.2724256">
      <ele>280.744</ele>
    </trkpt>
    <trkpt lat="-28.5737414" lon="134.2732526">
      <ele>279.333</ele>
    </trkpt>
    <trkpt lat="-28.5743569" lon="134.2737307">
      <ele>279.569</ele>
    </trkpt>
    <trkpt lat="-28.5747839" lon="134.2740699">
      <ele>278.778</ele>
    </trkpt>
    <trkpt lat="-28.5751365" lon="134.2743502">
      <ele>277.509</ele>
    </trkpt>
    <trkpt lat="-28.5754969" lon="134.2746489">
      <ele>277.155</ele>
    </trkpt>
    <trkpt lat="-28.5760224" lon="134.2750952">
      <ele>277.0</ele>
    </trkpt>
    <trkpt lat="-28.5766652" lon="134.2756518">
      <ele>277.65</ele>
    </trkpt>
    <trkpt lat="-28.5770278" lon="134.2759774">
      <ele>276.544</ele>
    </trkpt>
    <trkpt lat="-28.57771" lon="134.2765932">
      <ele>277.492</ele>
    </trkpt>
    <trkpt lat="-28.5784447" lon="134.2772933">
      <ele>276.897</ele>
    </trkpt>
    <trkpt lat="-28.5790226" lon="134.2778509">
      <ele>276.745</ele>
    </trkpt>
    <trkpt lat="-28.5793513" lon="134.2781803">
      <ele>277.702</ele>
    </trkpt>
    <trkpt lat="-28.5800038" lon="134.2788454">
      <ele>276.0</ele>
    </trkpt>
    <trkpt lat="-28.5803627" lon="134.2792252">
      <ele>273.694</ele>
    </trkpt>
    <trkpt lat="-28.5806545" lon="134.2795382">
      <ele>273.217</ele>
    </trkpt>
    <trkpt lat="-28.5820407" lon="134.2810635">
      <ele>274.888</ele>
    </trkpt>
    <trkpt lat="-28.5821355" lon="134.2811804">
      <ele>274.751</ele>
    </trkpt>
    <trkpt lat="-28.5826113" lon="134.2817355">
      <ele>274.45</ele>
    </trkpt>
    <trkpt lat="-28.5834686" lon="134.282771">
      <ele>276.487</ele>
    </trkpt>
    <trkpt lat="-28.5843077" lon="134.2838332">
      <ele>277.594</ele>
    </trkpt>
    <trkpt lat="-28.5849963" lon="134.2847398">
      <ele>277.0</ele>
    </trkpt>
    <trkpt lat="-28.5861785" lon="134.2863906">
      <ele>276.753</ele>
    </trkpt>
    <trkpt lat="-28.5869816" lon="134.2875496">
      <ele>277.288</ele>
    </trkpt>
    <trkpt lat="-28.5877754" lon="134.2886872">
      <ele>275.994</ele>
    </trkpt>
    <trkpt lat="-28.5881789" lon="134.2892377">
      <ele>275.842</ele>
    </trkpt>
    <trkpt lat="-28.5885092" lon="134.2896624">
      <ele>277.0</ele>
    </trkpt>
    <trkpt lat="-28.5887779" lon="134.2899865">
      <ele>277.6</ele>
    </trkpt>
    <trkpt lat="-28.5892131" lon="134.2904869">
      <ele>279.0</ele>
    </trkpt>
    <trkpt lat="-28.589262" lon="134.2905414">
      <ele>279.0</ele>
    </trkpt>
    <trkpt lat="-28.5895375" lon="134.2908377">
      <ele>278.32</ele>
    </trkpt>
    <trkpt lat="-28.5898985" lon="134.2912081">
      <ele>277.128</ele>
    </trkpt>
    <trkpt lat="-28.5901945" lon="134.291495">
      <ele>276.618</ele>
    </trkpt>
    <trkpt lat="-28.5906936" lon="134.2919566">
      <ele>276.569</ele>
    </trkpt>
    <trkpt lat="-28.5909345" lon="134.2921668">
      <ele>277.309</ele>
    </trkpt>
    <trkpt lat="-28.5910707" lon="134.2922864">
      <ele>277.377</ele>
    </trkpt>
    <trkpt lat="-28.5914698" lon="134.2926273">
      <ele>277.0</ele>
    </trkpt>
    <trkpt lat="-28.591751" lon="134.2928417">
      <ele>277.304</ele>
    </trkpt>
    <trkpt lat="-28.5920527" lon="134.293069">
      <ele>278.419</ele>
    </trkpt>
    <trkpt lat="-28.5924484" lon="134.2933534">
      <ele>278.941</ele>
    </trkpt>
    <trkpt lat="-28.5929287" lon="134.2936772">
      <ele>277.043</ele>
    </trkpt>
    <trkpt lat="-28.5937073" lon="134.2941501">
      <ele>275.594</ele>
    </trkpt>
    <trkpt lat="-28.5941221" lon="134.2943781">
      <ele>275.761</ele>
    </trkpt>
    <trkpt lat="-28.5942841" lon="134.2944671">
      <ele>276.047</ele>
    </trkpt>
    <trkpt lat="-28.5944461" lon="134.2945561">
      <ele>276.0</ele>
    </trkpt>
    <trkpt lat="-28.5944498" lon="134.2945582">
      <ele>276.0</ele>
    </trkpt>
    <trkpt lat="-28.5952774" lon="134.2949469">
      <ele>275.001</ele>
    </trkpt>
    <trkpt lat="-28.5954436" lon="134.295025">
      <ele>274.439</ele>
    </trkpt>
    <trkpt lat="-28.5954965" lon="134.2950498">
      <ele>274.251</ele>
    </trkpt>
    <trkpt lat="-28.5964091" lon="134.2954434">
      <ele>276.149</ele>
    </trkpt>
    <trkpt lat="-28.5973859" lon="134.2957666">
      <ele>276.829</ele>
    </trkpt>
    <trkpt lat="-28.5988792" lon="134.2962271">
      <ele>277.542</ele>
    </trkpt>
    <trkpt lat="-28.5993692" lon="134.296381">
      <ele>278.008</ele>
    </trkpt>
    <trkpt lat="-28.6003204" lon="134.2967037">
      <ele>278.867</ele>
    </trkpt>
    <trkpt lat="-28.6011077" lon="134.2969933">
      <ele>278.0</ele>
    </trkpt>
    <trkpt lat="-28.6026912" lon="134.2976268">
      <ele>277.314</ele>
    </trkpt>
    <trkpt lat="-28.6029775" lon="134.2977518">
      <ele>277.255</ele>
    </trkpt>
    <trkpt lat="-28.6035218" lon="134.2979902">
      <ele>273.716</ele>
    </trkpt>
    <trkpt lat="-28.6041862" lon="134.2982813">
      <ele>276.07</ele>
    </trkpt>
    <trkpt lat="-28.6053393" lon="134.2988364">
      <ele>279.548</ele>
    </trkpt>
    <trkpt lat="-28.6054124" lon="134.2988718">
      <ele>279.424</ele>
    </trkpt>
    <trkpt lat="-28.6055155" lon="134.2989216">
      <ele>279.026</ele>
    </trkpt>
    <trkpt lat="-28.6072143" lon="134.2998223">
      <ele>281.0</ele>
    </trkpt>
    <trkpt lat="-28.6079518" lon="134.3002493">
      <ele>281.064</ele>
    </trkpt>
    <trkpt lat="-28.6081122" lon="134.3003422">
      <ele>281.157</ele>
    </trkpt>
    <trkpt lat="-28.6086452" lon="134.3006508">
      <ele>279.343</ele>
    </trkpt>
    <trkpt lat="-28.6103593" lon="134.3017309">
      <ele>278.707</ele>
    </trkpt>
    <trkpt lat="-28.6110344" lon="134.3022019">
      <ele>278.671</ele>
    </trkpt>
    <trkpt lat="-28.6120462" lon="134.3029075">
      <ele>280.533</ele>
    </trkpt>
    <trkpt lat="-28.6124818" lon="134.3032238">
      <ele>278.46</ele>
    </trkpt>
    <trkpt lat="-28.6125288" lon="134.303258">
      <ele>278.347</ele>
    </trkpt>
    <trkpt lat="-28.6125521" lon="134.3032749">
      <ele>278.358</ele>
    </trkpt>
    <trkpt lat="-28.6130679" lon="134.3036686">
      <ele>279.965</ele>
    </trkpt>
    <trkpt lat="-28.6132173" lon="134.3037826">
      <ele>279.777</ele>
    </trkpt>
    <trkpt lat="-28.6132604" lon="134.3038155">
      <ele>279.805</ele>
    </trkpt>
    <trkpt lat="-28.6133648" lon="134.3038999">
      <ele>279.852</ele>
    </trkpt>
    <trkpt lat="-28.6135114" lon="134.3040184">
      <ele>279.192</ele>
    </trkpt>
    <trkpt lat="-28.6146837" lon="134.304966">
      <ele>278.088</ele>
    </trkpt>
    <trkpt lat="-28.6149711" lon="134.3052152">
      <ele>279.873</ele>
    </trkpt>
    <trkpt lat="-28.615973" lon="134.3060839">
      <ele>279.0</ele>
    </trkpt>
    <trkpt lat="-28.6161279" lon="134.3062183">
      <ele>279.0</ele>
    </trkpt>
    <trkpt lat="-28.6163937" lon="134.3064686">
      <ele>279.265</ele>
    </trkpt>
    <trkpt lat="-28.6174609" lon="134.3074732">
      <ele>277.0</ele>
    </trkpt>
    <trkpt lat="-28.6185918" lon="134.3085995">
      <ele>275.919</ele>
    </trkpt>
    <trkpt lat="-28.6188021" lon="134.3088253">
      <ele>275.312</ele>
    </trkpt>
    <trkpt lat="-28.6190004" lon="134.3090384">
      <ele>273.738</ele>
    </trkpt>
    <trkpt lat="-28.6198924" lon="134.3099967">
      <ele>274.383</ele>
    </trkpt>
    <trkpt lat="-28.621138" lon="134.3114257">
      <ele>273.0</ele>
    </trkpt>
    <trkpt lat="-28.622278" lon="134.3128437">
      <ele>270.646</ele>
    </trkpt>
    <trkpt lat="-28.6231957" lon="134.3140525">
      <ele>270.495</ele>
    </trkpt>
    <trkpt lat="-28.6242223" lon="134.3154934">
      <ele>269.045</ele>
    </trkpt>
    <trkpt lat="-28.624261" lon="134.3155514">
      <ele>269.005</ele>
    </trkpt>
    <trkpt lat="-28.6244145" lon="134.3157821">
      <ele>269.816</ele>
    </trkpt>
    <trkpt lat="-28.6244304" lon="134.3158015">
      <ele>269.885</ele>
    </trkpt>
    <trkpt lat="-28.6248138" lon="134.3163307">
      <ele>271.791</ele>
    </trkpt>
    <trkpt lat="-28.6250964" lon="134.3167579">
      <ele>271.653</ele>
    </trkpt>
    <trkpt lat="-28.6260124" lon="134.3182237">
      <ele>268.645</ele>
    </trkpt>
    <trkpt lat="-28.6269948" lon="134.3199208">
      <ele>268.363</ele>
    </trkpt>
    <trkpt lat="-28.6275352" lon="134.3209368">
      <ele>268.873</ele>
    </trkpt>
    <trkpt lat="-28.6276285" lon="134.3211121">
      <ele>268.539</ele>
    </trkpt>
    <trkpt lat="-28.6277217" lon="134.3212873">
      <ele>268.33</ele>
    </trkpt>
    <trkpt lat="-28.6279008" lon="134.3216239">
      <ele>267.086</ele>
    </trkpt>
    <trkpt lat="-28.6279078" lon="134.321638">
      <ele>267.055</ele>
    </trkpt>
    <trkpt lat="-28.6279957" lon="134.3218168">
      <ele>267.54</ele>
    </trkpt>
    <trkpt lat="-28.6286603" lon="134.3231666">
      <ele>269.752</ele>
    </trkpt>
    <trkpt lat="-28.6287297" lon="134.3233179">
      <ele>269.17</ele>
    </trkpt>
    <trkpt lat="-28.6287811" lon="134.3234293">
      <ele>268.776</ele>
    </trkpt>
    <trkpt lat="-28.6288284" lon="134.3235319">
      <ele>268.436</ele>
    </trkpt>
    <trkpt lat="-28.6292217" lon="134.3243875">
      <ele>269.356</ele>
    </trkpt>
    <trkpt lat="-28.6293505" lon="134.3246678">
      <ele>270.063</ele>
    </trkpt>
    <trkpt lat="-28.6299311" lon="134.3260286">
      <ele>271.398</ele>
    </trkpt>
    <trkpt lat="-28.630621" lon="134.3277913">
      <ele>273.776</ele>
    </trkpt>
    <trkpt lat="-28.6309415" lon="134.3286487">
      <ele>273.472</ele>
    </trkpt>
    <trkpt lat="-28.6313417" lon="134.3298022">
      <ele>275.81</ele>
    </trkpt>
    <trkpt lat="-28.6314489" lon="134.3301448">
      <ele>274.263</ele>
    </trkpt>
    <trkpt lat="-28.6315093" lon="134.3303378">
      <ele>273.66</ele>
    </trkpt>
    <trkpt lat="-28.6316597" lon="134.3308183">
      <ele>274.0</ele>
    </trkpt>
    <trkpt lat="-28.6316669" lon="134.330842">
      <ele>273.969</ele>
    </trkpt>
    <trkpt lat="-28.6317494" lon="134.3311105">
      <ele>273.002</ele>
    </trkpt>
    <trkpt lat="-28.6318088" lon="134.3313039">
      <ele>273.0</ele>
    </trkpt>
    <trkpt lat="-28.63237" lon="134.3331311">
      <ele>275.0</ele>
    </trkpt>
    <trkpt lat="-28.6324741" lon="134.3334265">
      <ele>274.696</ele>
    </trkpt>
    <trkpt lat="-28.632573" lon="134.333707">
      <ele>273.228</ele>
    </trkpt>
    <trkpt lat="-28.632762" lon="134.334245">
      <ele>271.984</ele>
    </trkpt>
    <trkpt lat="-28.6329956" lon="134.3349021">
      <ele>270.997</ele>
    </trkpt>
    <trkpt lat="-28.6338406" lon="134.336997">
      <ele>270.811</ele>
    </trkpt>
    <trkpt lat="-28.6341007" lon="134.3375479">
      <ele>269.763</ele>
    </trkpt>
    <trkpt lat="-28.6341254" lon="134.3376003">
      <ele>269.851</ele>
    </trkpt>
    <trkpt lat="-28.6346225" lon="134.3386208">
      <ele>270.943</ele>
    </trkpt>
    <trkpt lat="-28.6354919" lon="134.3402502">
      <ele>266.099</ele>
    </trkpt>
    <trkpt lat="-28.6357527" lon="134.3407032">
      <ele>265.555</ele>
    </trkpt>
    <trkpt lat="-28.6358514" lon="134.3408745">
      <ele>265.946</ele>
    </trkpt>
    <trkpt lat="-28.6359501" lon="134.3410459">
      <ele>266.62</ele>
    </trkpt>
    <trkpt lat="-28.6361474" lon="134.3413886">
      <ele>268.132</ele>
    </trkpt>
    <trkpt lat="-28.6363135" lon="134.3416771">
      <ele>268.776</ele>
    </trkpt>
    <trkpt lat="-28.6369548" lon="134.3426616">
      <ele>268.544</ele>
    </trkpt>
    <trkpt lat="-28.6369691" lon="134.3426836">
      <ele>268.572</ele>
    </trkpt>
    <trkpt lat="-28.6395118" lon="134.3464536">
      <ele>272.934</ele>
    </trkpt>
    <trkpt lat="-28.6395451" lon="134.346503">
      <ele>272.9</ele>
    </trkpt>
    <trkpt lat="-28.639621" lon="134.3466164">
      <ele>272.663</ele>
    </trkpt>
    <trkpt lat="-28.63973" lon="134.3467793">
      <ele>271.995</ele>
    </trkpt>
    <trkpt lat="-28.6398391" lon="134.3469423">
      <ele>272.414</ele>
    </trkpt>
    <trkpt lat="-28.6399482" lon="134.3471052">
      <ele>273.5</ele>
    </trkpt>
    <trkpt lat="-28.6402754" lon="134.3475941">
      <ele>272.67</ele>
    </trkpt>
    <trkpt lat="-28.6403845" lon="134.3477571">
      <ele>271.719</ele>
    </trkpt>
    <trkpt lat="-28.6420256" lon="134.350209">
      <ele>273.248</ele>
    </trkpt>
    <trkpt lat="-28.6423957" lon="134.3507803">
      <ele>273.618</ele>
    </trkpt>
    <trkpt lat="-28.6429441" lon="134.3517011">
      <ele>270.074</ele>
    </trkpt>
    <trkpt lat="-28.6433028" lon="134.3523811">
      <ele>270.0</ele>
    </trkpt>
    <trkpt lat="-28.643582" lon="134.3529517">
      <ele>270.895</ele>
    </trkpt>
    <trkpt lat="-28.6436393" lon="134.3530687">
      <ele>271.151</ele>
    </trkpt>
    <trkpt lat="-28.6436671" lon="134.3531323">
      <ele>271.071</ele>
    </trkpt>
    <trkpt lat="-28.6437473" lon="134.3533157">
      <ele>270.585</ele>
    </trkpt>
    <trkpt lat="-28.6438275" lon="134.3534992">
      <ele>270.779</ele>
    </trkpt>
    <trkpt lat="-28.6439076" lon="134.3536826">
      <ele>270.76</ele>
    </trkpt>
    <trkpt lat="-28.643989" lon="134.3538687">
      <ele>270.407</ele>
    </trkpt>
    <trkpt lat="-28.6440618" lon="134.3540529">
      <ele>270.478</ele>
    </trkpt>
    <trkpt lat="-28.6441357" lon="134.3542397">
      <ele>270.141</ele>
    </trkpt>
    <trkpt lat="-28.6442341" lon="134.3544888">
      <ele>269.757</ele>
    </trkpt>
    <trkpt lat="-28.6444631" lon="134.3551278">
      <ele>270.558</ele>
    </trkpt>
    <trkpt lat="-28.6446845" lon="134.3558722">
      <ele>272.864</ele>
    </trkpt>
    <trkpt lat="-28.6448171" lon="134.3562799">
      <ele>273.134</ele>
    </trkpt>
    <trkpt lat="-28.6449839" lon="134.3569171">
      <ele>272.896</ele>
    </trkpt>
    <trkpt lat="-28.6451486" lon="134.3576143">
      <ele>276.465</ele>
    </trkpt>
    <trkpt lat="-28.6453632" lon="134.3586811">
      <ele>275.845</ele>
    </trkpt>
    <trkpt lat="-28.6453997" lon="134.3589206">
      <ele>274.944</ele>
    </trkpt>
    <trkpt lat="-28.6455447" lon="134.360018">
      <ele>277.031</ele>
    </trkpt>
    <trkpt lat="-28.6455665" lon="134.3602242">
      <ele>277.736</ele>
    </trkpt>
    <trkpt lat="-28.6456579" lon="134.3610959">
      <ele>278.314</ele>
    </trkpt>
    <trkpt lat="-28.6457065" lon="134.3615718">
      <ele>278.729</ele>
    </trkpt>
    <trkpt lat="-28.645748" lon="134.3619789">
      <ele>277.445</ele>
    </trkpt>
    <trkpt lat="-28.6457566" lon="134.362063">
      <ele>276.87</ele>
    </trkpt>
    <trkpt lat="-28.645773" lon="134.3621818">
      <ele>276.074</ele>
    </trkpt>
    <trkpt lat="-28.6458009" lon="134.3623843">
      <ele>275.883</ele>
    </trkpt>
    <trkpt lat="-28.6458311" lon="134.3626033">
      <ele>275.995</ele>
    </trkpt>
    <trkpt lat="-28.6458933" lon="134.36299">
      <ele>275.835</ele>
    </trkpt>
    <trkpt lat="-28.6459257" lon="134.3631916">
      <ele>275.83</ele>
    </trkpt>
    <trkpt lat="-28.6460097" lon="134.3637136">
      <ele>278.539</ele>
    </trkpt>
    <trkpt lat="-28.6462451" lon="134.3648402">
      <ele>273.596</ele>
    </trkpt>
    <trkpt lat="-28.6465127" lon="134.3658604">
      <ele>273.151</ele>
    </trkpt>
    <trkpt lat="-28.6466496" lon="134.3663624">
      <ele>274.061</ele>
    </trkpt>
    <trkpt lat="-28.6467502" lon="134.3667311">
      <ele>273.768</ele>
    </trkpt>
    <trkpt lat="-28.6468204" lon="134.3669454">
      <ele>272.998</ele>
    </trkpt>
    <trkpt lat="-28.6469461" lon="134.3673294">
      <ele>272.38</ele>
    </trkpt>
    <trkpt lat="-28.6471525" lon="134.3679599">
      <ele>273.584</ele>
    </trkpt>
    <trkpt lat="-28.647479" lon="134.3688276">
      <ele>272.914</ele>
    </trkpt>
    <trkpt lat="-28.647934" lon="134.3699347">
      <ele>273.53</ele>
    </trkpt>
    <trkpt lat="-28.647954" lon="134.3699766">
      <ele>273.832</ele>
    </trkpt>
    <trkpt lat="-28.6483501" lon="134.3708063">
      <ele>275.817</ele>
    </trkpt>
    <trkpt lat="-28.6485479" lon="134.3711949">
      <ele>273.158</ele>
    </trkpt>
    <trkpt lat="-28.6488418" lon="134.3717378">
      <ele>271.194</ele>
    </trkpt>
    <trkpt lat="-28.6488657" lon="134.3717819">
      <ele>272.005</ele>
    </trkpt>
    <trkpt lat="-28.6489372" lon="134.3719117">
      <ele>274.799</ele>
    </trkpt>
    <trkpt lat="-28.6490884" lon="134.3721863">
      <ele>277.798</ele>
    </trkpt>
    <trkpt lat="-28.6494639" lon="134.3728048">
      <ele>271.79</ele>
    </trkpt>
    <trkpt lat="-28.6496634" lon="134.3731143">
      <ele>269.802</ele>
    </trkpt>
    <trkpt lat="-28.6500329" lon="134.373656">
      <ele>269.024</ele>
    </trkpt>
    <trkpt lat="-28.6505471" lon="134.3743756">
      <ele>268.03</ele>
    </trkpt>
    <trkpt lat="-28.6506377" lon="134.3745024">
      <ele>267.2</ele>
    </trkpt>
    <trkpt lat="-28.6506618" lon="134.3745334">
      <ele>266.915</ele>
    </trkpt>
    <trkpt lat="-28.6513273" lon="134.3753916">
      <ele>268.0</ele>
    </trkpt>
    <trkpt lat="-28.6517541" lon="134.3758942">
      <ele>265.85</ele>
    </trkpt>
    <trkpt lat="-28.6519438" lon="134.3761177">
      <ele>265.998</ele>
    </trkpt>
    <trkpt lat="-28.6521327" lon="134.3763323">
      <ele>266.0</ele>
    </trkpt>
    <trkpt lat="-28.65226" lon="134.3764771">
      <ele>266.222</ele>
    </trkpt>
    <trkpt lat="-28.6523873" lon="134.3766218">
      <ele>267.591</ele>
    </trkpt>
    <trkpt lat="-28.6525842" lon="134.3768457">
      <ele>270.338</ele>
    </trkpt>
    <trkpt lat="-28.6526462" lon="134.3769062">
      <ele>271.296</ele>
    </trkpt>
    <trkpt lat="-28.6534658" lon="134.3777061">
      <ele>265.919</ele>
    </trkpt>
    <trkpt lat="-28.6535188" lon="134.3777578">
      <ele>266.647</ele>
    </trkpt>
    <trkpt lat="-28.6535806" lon="134.3778131">
      <ele>267.575</ele>
    </trkpt>
    <trkpt lat="-28.6538938" lon="134.3780926">
      <ele>269.867</ele>
    </trkpt>
    <trkpt lat="-28.6540325" lon="134.378211">
      <ele>269.44</ele>
    </trkpt>
    <trkpt lat="-28.6541765" lon="134.3783339">
      <ele>269.035</ele>
    </trkpt>
    <trkpt lat="-28.6546925" lon="134.3787741">
      <ele>269.782</ele>
    </trkpt>
    <trkpt lat="-28.6550078" lon="134.3790599">
      <ele>265.821</ele>
    </trkpt>
    <trkpt lat="-28.6550327" lon="134.3790824">
      <ele>265.853</ele>
    </trkpt>
    <trkpt lat="-28.6552899" lon="134.3793151">
      <ele>268.578</ele>
    </trkpt>
    <trkpt lat="-28.6558506" lon="134.3798839">
      <ele>271.422</ele>
    </trkpt>
    <trkpt lat="-28.655985" lon="134.3800203">
      <ele>270.256</ele>
    </trkpt>
    <trkpt lat="-28.656093" lon="134.3801298">
      <ele>268.698</ele>
    </trkpt>
    <trkpt lat="-28.6561187" lon="134.3801573">
      <ele>268.406</ele>
    </trkpt>
    <trkpt lat="-28.6564225" lon="134.3804819">
      <ele>267.646</ele>
    </trkpt>
    <trkpt lat="-28.656672" lon="134.380762">
      <ele>267.71</ele>
    </trkpt>
    <trkpt lat="-28.6569654" lon="134.3811177">
      <ele>266.974</ele>
    </trkpt>
    <trkpt lat="-28.6572445" lon="134.3814743">
      <ele>269.898</ele>
    </trkpt>
    <trkpt lat="-28.6573108" lon="134.3815583">
      <ele>270.635</ele>
    </trkpt>
    <trkpt lat="-28.6578026" lon="134.3822248">
      <ele>266.99</ele>
    </trkpt>
    <trkpt lat="-28.6582695" lon="134.3829039">
      <ele>267.099</ele>
    </trkpt>
    <trkpt lat="-28.6582712" lon="134.3829066">
      <ele>267.12</ele>
    </trkpt>
    <trkpt lat="-28.6587189" lon="134.3836255">
      <ele>268.948</ele>
    </trkpt>
    <trkpt lat="-28.6588104" lon="134.3837738">
      <ele>268.414</ele>
    </trkpt>
    <trkpt lat="-28.6592144" lon="134.3845272">
      <ele>270.172</ele>
    </trkpt>
    <trkpt lat="-28.6594814" lon="134.3850461">
      <ele>270.0</ele>
    </trkpt>
    <trkpt lat="-28.6597699" lon="134.3856639">
      <ele>270.323</ele>
    </trkpt>
    <trkpt lat="-28.6601437" lon="134.3865416">
      <ele>270.767</ele>
    </trkpt>
    <trkpt lat="-28.6604696" lon="134.3874147">
      <ele>271.093</ele>
    </trkpt>
    <trkpt lat="-28.6607816" lon="134.3883499">
      <ele>270.963</ele>
    </trkpt>
    <trkpt lat="-28.6610522" lon="134.3892843">
      <ele>270.212</ele>
    </trkpt>
    <trkpt lat="-28.6612134" lon="134.3899237">
      <ele>269.275</ele>
    </trkpt>
    <trkpt lat="-28.6613034" lon="134.3903846">
      <ele>270.461</ele>
    </trkpt>
    <trkpt lat="-28.6614359" lon="134.3910869">
      <ele>270.16</ele>
    </trkpt>
    <trkpt lat="-28.6614695" lon="134.3912955">
      <ele>270.856</ele>
    </trkpt>
    <trkpt lat="-28.6615019" lon="134.3914971">
      <ele>271.955</ele>
    </trkpt>
    <trkpt lat="-28.6615668" lon="134.3919004">
      <ele>274.122</ele>
    </trkpt>
    <trkpt lat="-28.6615937" lon="134.3920671">
      <ele>274.149</ele>
    </trkpt>
    <trkpt lat="-28.6615993" lon="134.392102">
      <ele>274.085</ele>
    </trkpt>
    <trkpt lat="-28.6616318" lon="134.3923036">
      <ele>273.874</ele>
    </trkpt>
    <trkpt lat="-28.6616643" lon="134.3925052">
      <ele>274.01</ele>
    </trkpt>
    <trkpt lat="-28.6617942" lon="134.3933116">
      <ele>274.501</ele>
    </trkpt>
    <trkpt lat="-28.6618932" lon="134.3939258">
      <ele>271.759</ele>
    </trkpt>
    <trkpt lat="-28.6621016" lon="134.3949689">
      <ele>272.82</ele>
    </trkpt>
    <trkpt lat="-28.6621833" lon="134.3953789">
      <ele>271.687</ele>
    </trkpt>
    <trkpt lat="-28.6624265" lon="134.3964102">
      <ele>269.586</ele>
    </trkpt>
    <trkpt lat="-28.6626599" lon="134.3972951">
      <ele>270.424</ele>
    </trkpt>
    <trkpt lat="-28.6628226" lon="134.3978507">
      <ele>270.999</ele>
    </trkpt>
    <trkpt lat="-28.662943" lon="134.3982606">
      <ele>270.761</ele>
    </trkpt>
    <trkpt lat="-28.6629865" lon="134.3984335">
      <ele>269.686</ele>
    </trkpt>
    <trkpt lat="-28.6631312" lon="134.3989015">
      <ele>268.351</ele>
    </trkpt>
    <trkpt lat="-28.6635695" lon="134.4000988">
      <ele>269.452</ele>
    </trkpt>
    <trkpt lat="-28.6637394" lon="134.4005338">
      <ele>268.546</ele>
    </trkpt>
    <trkpt lat="-28.6639401" lon="134.4010321">
      <ele>267.1</ele>
    </trkpt>
    <trkpt lat="-28.6640784" lon="134.4013735">
      <ele>265.029</ele>
    </trkpt>
    <trkpt lat="-28.6642478" lon="134.4017692">
      <ele>264.031</ele>
    </trkpt>
    <trkpt lat="-28.6642558" lon="134.401788">
      <ele>264.024</ele>
    </trkpt>
    <trkpt lat="-28.6643266" lon="134.4019535">
      <ele>264.203</ele>
    </trkpt>
    <trkpt lat="-28.6644608" lon="134.4022672">
      <ele>267.373</ele>
    </trkpt>
    <trkpt lat="-28.6647471" lon="134.4029033">
      <ele>267.45</ele>
    </trkpt>
    <trkpt lat="-28.6650137" lon="134.4034605">
      <ele>266.641</ele>
    </trkpt>
    <trkpt lat="-28.6653416" lon="134.4041112">
      <ele>267.429</ele>
    </trkpt>
    <trkpt lat="-28.6655081" lon="134.4044245">
      <ele>268.757</ele>
    </trkpt>
    <trkpt lat="-28.6657452" lon="134.4048677">
      <ele>268.794</ele>
    </trkpt>
    <trkpt lat="-28.6659616" lon="134.4052483">
      <ele>268.481</ele>
    </trkpt>
    <trkpt lat="-28.6661844" lon="134.4056207">
      <ele>267.765</ele>
    </trkpt>
    <trkpt lat="-28.6663195" lon="134.4058439">
      <ele>267.0</ele>
    </trkpt>
    <trkpt lat="-28.6667041" lon="134.4064796">
      <ele>269.044</ele>
    </trkpt>
    <trkpt lat="-28.6670455" lon="134.4070088">
      <ele>270.489</ele>
    </trkpt>
    <trkpt lat="-28.6673793" lon="134.4074995">
      <ele>268.568</ele>
    </trkpt>
    <trkpt lat="-28.6674895" lon="134.4076615">
      <ele>267.24</ele>
    </trkpt>
    <trkpt lat="-28.6675754" lon="134.4077879">
      <ele>265.973</ele>
    </trkpt>
    <trkpt lat="-28.6675999" lon="134.4078233">
      <ele>265.895</ele>
    </trkpt>
    <trkpt lat="-28.6680453" lon="134.4084673">
      <ele>266.963</ele>
    </trkpt>
    <trkpt lat="-28.668122" lon="134.4085781">
      <ele>267.478</ele>
    </trkpt>
    <trkpt lat="-28.6681564" lon="134.4086285">
      <ele>267.686</ele>
    </trkpt>
    <trkpt lat="-28.669811" lon="134.4110573">
      <ele>268.577</ele>
    </trkpt>
    <trkpt lat="-28.6699046" lon="134.4111946">
      <ele>268.815</ele>
    </trkpt>
    <trkpt lat="-28.671048" lon="134.41289">
      <ele>271.325</ele>
    </trkpt>
    <trkpt lat="-28.6713137" lon="134.4132776">
      <ele>269.618</ele>
    </trkpt>
    <trkpt lat="-28.6714458" lon="134.4134734">
      <ele>268.897</ele>
    </trkpt>
    <trkpt lat="-28.6715692" lon="134.4136711">
      <ele>268.567</ele>
    </trkpt>
    <trkpt lat="-28.6717261" lon="134.4139232">
      <ele>269.461</ele>
    </trkpt>
    <trkpt lat="-28.6718245" lon="134.4140852">
      <ele>270.982</ele>
    </trkpt>
    <trkpt lat="-28.6721318" lon="134.4146078">
      <ele>271.412</ele>
    </trkpt>
    <trkpt lat="-28.6722328" lon="134.4147864">
      <ele>270.807</ele>
    </trkpt>
    <trkpt lat="-28.6723451" lon="134.4149885">
      <ele>270.484</ele>
    </trkpt>
    <trkpt lat="-28.6727371" lon="134.4157419">
      <ele>272.146</ele>
    </trkpt>
    <trkpt lat="-28.6730309" lon="134.4163369">
      <ele>271.829</ele>
    </trkpt>
    <trkpt lat="-28.6732867" lon="134.4169185">
      <ele>273.09</ele>
    </trkpt>
    <trkpt lat="-28.6733956" lon="134.4171695">
      <ele>273.81</ele>
    </trkpt>
    <trkpt lat="-28.6735422" lon="134.417523">
      <ele>275.772</ele>
    </trkpt>
    <trkpt lat="-28.6736279" lon="134.4177357">
      <ele>276.009</ele>
    </trkpt>
    <trkpt lat="-28.6737135" lon="134.4179479">
      <ele>275.162</ele>
    </trkpt>
    <trkpt lat="-28.673798" lon="134.4181529">
      <ele>273.977</ele>
    </trkpt>
    <trkpt lat="-28.6738972" lon="134.4184155">
      <ele>273.613</ele>
    </trkpt>
    <trkpt lat="-28.6739208" lon="134.4184845">
      <ele>274.141</ele>
    </trkpt>
    <trkpt lat="-28.6739861" lon="134.4186755">
      <ele>275.545</ele>
    </trkpt>
    <trkpt lat="-28.674009" lon="134.4187427">
      <ele>276.152</ele>
    </trkpt>
    <trkpt lat="-28.6740499" lon="134.4188672">
      <ele>277.378</ele>
    </trkpt>
    <trkpt lat="-28.6741132" lon="134.4190591">
      <ele>279.151</ele>
    </trkpt>
    <trkpt lat="-28.6741707" lon="134.4192338">
      <ele>279.733</ele>
    </trkpt>
    <trkpt lat="-28.6741763" lon="134.4192511">
      <ele>279.637</ele>
    </trkpt>
    <trkpt lat="-28.6743014" lon="134.4196355">
      <ele>277.827</ele>
    </trkpt>
    <trkpt lat="-28.6743204" lon="134.4196942">
      <ele>277.547</ele>
    </trkpt>
    <trkpt lat="-28.6743619" lon="134.4198285">
      <ele>277.07</ele>
    </trkpt>
    <trkpt lat="-28.6744298" lon="134.420048">
      <ele>276.784</ele>
    </trkpt>
    <trkpt lat="-28.6746074" lon="134.4206349">
      <ele>276.665</ele>
    </trkpt>
    <trkpt lat="-28.6747015" lon="134.4209809">
      <ele>274.126</ele>
    </trkpt>
    <trkpt lat="-28.6749375" lon="134.4218886">
      <ele>272.426</ele>
    </trkpt>
    <trkpt lat="-28.6754574" lon="134.4241603">
      <ele>271.339</ele>
    </trkpt>
    <trkpt lat="-28.6755028" lon="134.4243586">
      <ele>271.75</ele>
    </trkpt>
    <trkpt lat="-28.6758704" lon="134.4259652">
      <ele>272.733</ele>
    </trkpt>
    <trkpt lat="-28.6760119" lon="134.4265638">
      <ele>270.516</ele>
    </trkpt>
    <trkpt lat="-28.6761241" lon="134.4270493">
      <ele>271.899</ele>
    </trkpt>
    <trkpt lat="-28.6761798" lon="134.4272896">
      <ele>275.115</ele>
    </trkpt>
    <trkpt lat="-28.6762123" lon="134.4274162">
      <ele>275.843</ele>
    </trkpt>
    <trkpt lat="-28.6762419" lon="134.4275283">
      <ele>276.315</ele>
    </trkpt>
    <trkpt lat="-28.6763034" lon="134.4277597">
      <ele>275.47</ele>
    </trkpt>
    <trkpt lat="-28.6764401" lon="134.4282287">
      <ele>272.753</ele>
    </trkpt>
    <trkpt lat="-28.6766917" lon="134.4290501">
      <ele>270.67</ele>
    </trkpt>
    <trkpt lat="-28.676846" lon="134.4295263">
      <ele>273.295</ele>
    </trkpt>
    <trkpt lat="-28.6769529" lon="134.429851">
      <ele>273.536</ele>
    </trkpt>
    <trkpt lat="-28.6769941" lon="134.4299762">
      <ele>273.086</ele>
    </trkpt>
    <trkpt lat="-28.6771525" lon="134.4304223">
      <ele>272.0</ele>
    </trkpt>
    <trkpt lat="-28.6771632" lon="134.4304525">
      <ele>272.0</ele>
    </trkpt>
    <trkpt lat="-28.6772231" lon="134.4306109">
      <ele>272.199</ele>
    </trkpt>
    <trkpt lat="-28.6772942" lon="134.4307992">
      <ele>272.877</ele>
    </trkpt>
    <trkpt lat="-28.677302" lon="134.4308198">
      <ele>272.951</ele>
    </trkpt>
    <trkpt lat="-28.6773675" lon="134.4309864">
      <ele>273.551</ele>
    </trkpt>
    <trkpt lat="-28.6775043" lon="134.4313348">
      <ele>272.371</ele>
    </trkpt>
    <trkpt lat="-28.6776574" lon="134.431712">
      <ele>270.959</ele>
    </trkpt>
    <trkpt lat="-28.6778328" lon="134.4321304">
      <ele>272.471</ele>
    </trkpt>
    <trkpt lat="-28.6780291" lon="134.4325792">
      <ele>275.0</ele>
    </trkpt>
    <trkpt lat="-28.678167" lon="134.4328773">
      <ele>274.384</ele>
    </trkpt>
    <trkpt lat="-28.678335" lon="134.4332383">
      <ele>274.004</ele>
    </trkpt>
    <trkpt lat="-28.6785187" lon="134.4336197">
      <ele>273.0</ele>
    </trkpt>
    <trkpt lat="-28.6788322" lon="134.4342397">
      <ele>272.946</ele>
    </trkpt>
    <trkpt lat="-28.6790456" lon="134.4346499">
      <ele>273.981</ele>
    </trkpt>
    <trkpt lat="-28.6792535" lon="134.4350284">
      <ele>274.866</ele>
    </trkpt>
    <trkpt lat="-28.6794518" lon="134.4353735">
      <ele>273.009</ele>
    </trkpt>
    <trkpt lat="-28.6796364" lon="134.4356898">
      <ele>274.324</ele>
    </trkpt>
    <trkpt lat="-28.6799298" lon="134.4361844">
      <ele>274.186</ele>
    </trkpt>
    <trkpt lat="-28.6804021" lon="134.4369318">
      <ele>274.125</ele>
    </trkpt>
    <trkpt lat="-28.6806489" lon="134.4373029">
      <ele>274.581</ele>
    </trkpt>
    <trkpt lat="-28.6809166" lon="134.4376952">
      <ele>275.7</ele>
    </trkpt>
    <trkpt lat="-28.6811179" lon="134.4379854">
      <ele>275.717</ele>
    </trkpt>
    <trkpt lat="-28.6812194" lon="134.4381234">
      <ele>276.045</ele>
    </trkpt>
    <trkpt lat="-28.681335" lon="134.4382805">
      <ele>277.309</ele>
    </trkpt>
    <trkpt lat="-28.6817236" lon="134.4388089">
      <ele>276.59</ele>
    </trkpt>
    <trkpt lat="-28.6821246" lon="134.4393112">
      <ele>273.831</ele>
    </trkpt>
    <trkpt lat="-28.6829453" lon="134.4402933">
      <ele>272.988</ele>
    </trkpt>
    <trkpt lat="-28.6832551" lon="134.4406414">
      <ele>272.496</ele>
    </trkpt>
    <trkpt lat="-28.6834244" lon="134.4408223">
      <ele>272.695</ele>
    </trkpt>
    <trkpt lat="-28.6837392" lon="134.4411589">
      <ele>274.554</ele>
    </trkpt>
    <trkpt lat="-28.6839798" lon="134.441404">
      <ele>275.037</ele>
    </trkpt>
    <trkpt lat="-28.6843065" lon="134.4417376">
      <ele>275.255</ele>
    </trkpt>
    <trkpt lat="-28.6849582" lon="134.4423811">
      <ele>277.936</ele>
    </trkpt>
    <trkpt lat="-28.6852242" lon="134.4426294">
      <ele>277.91</ele>
    </trkpt>
    <trkpt lat="-28.6857606" lon="134.4431111">
      <ele>279.591</ele>
    </trkpt>
    <trkpt lat="-28.685995" lon="134.4433033">
      <ele>278.526</ele>
    </trkpt>
    <trkpt lat="-28.6861694" lon="134.4434528">
      <ele>277.45</ele>
    </trkpt>
    <trkpt lat="-28.6864472" lon="134.4436744">
      <ele>276.724</ele>
    </trkpt>
    <trkpt lat="-28.6869103" lon="134.4440682">
      <ele>276.109</ele>
    </trkpt>
    <trkpt lat="-28.6876051" lon="134.4445935">
      <ele>277.249</ele>
    </trkpt>
    <trkpt lat="-28.6884222" lon="134.4451591">
      <ele>278.701</ele>
    </trkpt>
    <trkpt lat="-28.6884302" lon="134.4451646">
      <ele>278.692</ele>
    </trkpt>
    <trkpt lat="-28.6885772" lon="134.4452631">
      <ele>278.146</ele>
    </trkpt>
    <trkpt lat="-28.6887322" lon="134.4453671">
      <ele>277.86</ele>
    </trkpt>
    <trkpt lat="-28.6888872" lon="134.445471">
      <ele>277.309</ele>
    </trkpt>
    <trkpt lat="-28.688903" lon="134.4454816">
      <ele>277.317</ele>
    </trkpt>
    <trkpt lat="-28.6890426" lon="134.4455744">
      <ele>277.584</ele>
    </trkpt>
    <trkpt lat="-28.6894568" lon="134.4458496">
      <ele>278.0</ele>
    </trkpt>
    <trkpt lat="-28.6910542" lon="134.4469332">
      <ele>279.213</ele>
    </trkpt>
    <trkpt lat="-28.6911474" lon="134.4469964">
      <ele>278.944</ele>
    </trkpt>
    <trkpt lat="-28.691209" lon="134.4470376">
      <ele>279.017</ele>
    </trkpt>
    <trkpt lat="-28.6913641" lon="134.4471414">
      <ele>279.202</ele>
    </trkpt>
    <trkpt lat="-28.6915192" lon="134.4472452">
      <ele>278.961</ele>
    </trkpt>
    <trkpt lat="-28.6916743" lon="134.447349">
      <ele>278.516</ele>
    </trkpt>
    <trkpt lat="-28.6925714" lon="134.4479492">
      <ele>273.393</ele>
    </trkpt>
    <trkpt lat="-28.6932299" lon="134.4483782">
      <ele>269.0</ele>
    </trkpt>
    <trkpt lat="-28.6944792" lon="134.4491921">
      <ele>267.27</ele>
    </trkpt>
    <trkpt lat="-28.6952713" lon="134.4497233">
      <ele>261.977</ele>
    </trkpt>
    <trkpt lat="-28.6954263" lon="134.4498273">
      <ele>262.535</ele>
    </trkpt>
    <trkpt lat="-28.6960464" lon="134.4502431">
      <ele>258.949</ele>
    </trkpt>
    <trkpt lat="-28.6962015" lon="134.4503471">
      <ele>258.168</ele>
    </trkpt>
    <trkpt lat="-28.6963565" lon="134.450451">
      <ele>258.073</ele>
    </trkpt>
    <trkpt lat="-28.6965115" lon="134.450555">
      <ele>258.441</ele>
    </trkpt>
    <trkpt lat="-28.6968216" lon="134.450763">
      <ele>259.141</ele>
    </trkpt>
    <trkpt lat="-28.6980618" lon="134.4515947">
      <ele>257.994</ele>
    </trkpt>
    <trkpt lat="-28.6982168" lon="134.4516987">
      <ele>257.818</ele>
    </trkpt>
    <trkpt lat="-28.7003872" lon="134.4531543">
      <ele>258.0</ele>
    </trkpt>
    <trkpt lat="-28.7008523" lon="134.4534662">
      <ele>257.377</ele>
    </trkpt>
    <trkpt lat="-28.7014724" lon="134.4538821">
      <ele>256.301</ele>
    </trkpt>
    <trkpt lat="-28.7017825" lon="134.4540901">
      <ele>255.134</ele>
    </trkpt>
    <trkpt lat="-28.7019061" lon="134.454173">
      <ele>254.092</ele>
    </trkpt>
    <trkpt lat="-28.7025013" lon="134.4545738">
      <ele>253.007</ele>
    </trkpt>
    <trkpt lat="-28.7027118" lon="134.4547155">
      <ele>253.781</ele>
    </trkpt>
    <trkpt lat="-28.7031336" lon="134.4549995">
      <ele>252.004</ele>
    </trkpt>
    <trkpt lat="-28.7031766" lon="134.4550281">
      <ele>251.899</ele>
    </trkpt>
    <trkpt lat="-28.7039279" lon="134.4555291">
      <ele>247.535</ele>
    </trkpt>
    <trkpt lat="-28.7041079" lon="134.4556497">
      <ele>246.915</ele>
    </trkpt>
    <trkpt lat="-28.704418" lon="134.4558576">
      <ele>247.802</ele>
    </trkpt>
    <trkpt lat="-28.7047281" lon="134.4560655">
      <ele>250.997</ele>
    </trkpt>
    <trkpt lat="-28.705279" lon="134.4564349">
      <ele>249.835</ele>
    </trkpt>
    <trkpt lat="-28.7061602" lon="134.4570241">
      <ele>250.0</ele>
    </trkpt>
    <trkpt lat="-28.7073251" lon="134.4578026">
      <ele>251.192</ele>
    </trkpt>
    <trkpt lat="-28.7073655" lon="134.4578295">
      <ele>251.143</ele>
    </trkpt>
    <trkpt lat="-28.7078425" lon="134.458147">
      <ele>250.262</ele>
    </trkpt>
    <trkpt lat="-28.7100047" lon="134.4595899">
      <ele>246.413</ele>
    </trkpt>
    <trkpt lat="-28.7103443" lon="134.4598165">
      <ele>245.398</ele>
    </trkpt>
    <trkpt lat="-28.7113781" lon="134.460526">
      <ele>243.757</ele>
    </trkpt>
    <trkpt lat="-28.7118563" lon="134.4608543">
      <ele>244.075</ele>
    </trkpt>
    <trkpt lat="-28.7119355" lon="134.4609087">
      <ele>244.271</ele>
    </trkpt>
    <trkpt lat="-28.7120087" lon="134.4609632">
      <ele>244.468</ele>
    </trkpt>
    <trkpt lat="-28.7121592" lon="134.4610754">
      <ele>244.871</ele>
    </trkpt>
    <trkpt lat="-28.7123098" lon="134.4611877">
      <ele>244.685</ele>
    </trkpt>
    <trkpt lat="-28.7124603" lon="134.4612999">
      <ele>244.143</ele>
    </trkpt>
    <trkpt lat="-28.7130294" lon="134.4617241">
      <ele>243.281</ele>
    </trkpt>
    <trkpt lat="-28.7131796" lon="134.4618359">
      <ele>243.609</ele>
    </trkpt>
    <trkpt lat="-28.7144046" lon="134.4628007">
      <ele>247.049</ele>
    </trkpt>
    <trkpt lat="-28.7148327" lon="134.4631564">
      <ele>246.363</ele>
    </trkpt>
    <trkpt lat="-28.7149781" lon="134.4632772">
      <ele>246.798</ele>
    </trkpt>
    <trkpt lat="-28.7151234" lon="134.463398">
      <ele>247.362</ele>
    </trkpt>
    <trkpt lat="-28.7154618" lon="134.4636791">
      <ele>246.348</ele>
    </trkpt>
    <trkpt lat="-28.7161281" lon="134.4642631">
      <ele>243.061</ele>
    </trkpt>
    <trkpt lat="-28.7164133" lon="134.4645131">
      <ele>244.225</ele>
    </trkpt>
    <trkpt lat="-28.7167891" lon="134.4648424">
      <ele>244.441</ele>
    </trkpt>
    <trkpt lat="-28.7182866" lon="134.4662782">
      <ele>246.602</ele>
    </trkpt>
    <trkpt lat="-28.7189041" lon="134.4668932">
      <ele>251.035</ele>
    </trkpt>
    <trkpt lat="-28.7198257" lon="134.4678497">
      <ele>252.908</ele>
    </trkpt>
    <trkpt lat="-28.7199494" lon="134.467978">
      <ele>253.767</ele>
    </trkpt>
    <trkpt lat="-28.7202197" lon="134.4682701">
      <ele>255.923</ele>
    </trkpt>
    <trkpt lat="-28.7203502" lon="134.4684112">
      <ele>255.739</ele>
    </trkpt>
    <trkpt lat="-28.7204808" lon="134.4685523">
      <ele>255.269</ele>
    </trkpt>
    <trkpt lat="-28.7205725" lon="134.4686514">
      <ele>254.939</ele>
    </trkpt>
    <trkpt lat="-28.7206108" lon="134.4686939">
      <ele>254.801</ele>
    </trkpt>
    <trkpt lat="-28.7207399" lon="134.4688367">
      <ele>254.336</ele>
    </trkpt>
    <trkpt lat="-28.720869" lon="134.4689796">
      <ele>253.83</ele>
    </trkpt>
    <trkpt lat="-28.7209981" lon="134.4691224">
      <ele>252.908</ele>
    </trkpt>
    <trkpt lat="-28.721026" lon="134.4691533">
      <ele>252.646</ele>
    </trkpt>
    <trkpt lat="-28.7214433" lon="134.4696263">
      <ele>251.985</ele>
    </trkpt>
    <trkpt lat="-28.7221452" lon="134.4704402">
      <ele>251.815</ele>
    </trkpt>
    <trkpt lat="-28.723006" lon="134.4714729">
      <ele>250.822</ele>
    </trkpt>
    <trkpt lat="-28.7230089" lon="134.4714763">
      <ele>250.832</ele>
    </trkpt>
    <trkpt lat="-28.7237103" lon="134.4724014">
      <ele>250.002</ele>
    </trkpt>
    <trkpt lat="-28.7239451" lon="134.4727161">
      <ele>251.405</ele>
    </trkpt>
    <trkpt lat="-28.7248285" lon="134.4739001">
      <ele>253.759</ele>
    </trkpt>
    <trkpt lat="-28.7249882" lon="134.4741275">
      <ele>253.307</ele>
    </trkpt>
    <trkpt lat="-28.7251006" lon="134.4742876">
      <ele>253.918</ele>
    </trkpt>
    <trkpt lat="-28.7253255" lon="134.4746079">
      <ele>254.975</ele>
    </trkpt>
    <trkpt lat="-28.7254379" lon="134.474768">
      <ele>255.012</ele>
    </trkpt>
    <trkpt lat="-28.7254634" lon="134.4748043">
      <ele>254.959</ele>
    </trkpt>
    <trkpt lat="-28.7257993" lon="134.4752801">
      <ele>255.129</ele>
    </trkpt>
    <trkpt lat="-28.7260181" lon="134.4755943">
      <ele>255.149</ele>
    </trkpt>
    <trkpt lat="-28.7263355" lon="134.4760504">
      <ele>254.631</ele>
    </trkpt>
    <trkpt lat="-28.7264473" lon="134.4762111">
      <ele>255.57</ele>
    </trkpt>
    <trkpt lat="-28.7267891" lon="134.4767023">
      <ele>255.488</ele>
    </trkpt>
    <trkpt lat="-28.727038" lon="134.4770607">
      <ele>255.559</ele>
    </trkpt>
    <trkpt lat="-28.7274269" lon="134.4776187">
      <ele>255.414</ele>
    </trkpt>
    <trkpt lat="-28.7281058" lon="134.4785649">
      <ele>256.453</ele>
    </trkpt>
    <trkpt lat="-28.7283697" lon="134.4789224">
      <ele>258.032</ele>
    </trkpt>
    <trkpt lat="-28.7284873" lon="134.4790818">
      <ele>258.77</ele>
    </trkpt>
    <trkpt lat="-28.7286043" lon="134.4792333">
      <ele>259.471</ele>
    </trkpt>
    <trkpt lat="-28.7287231" lon="134.4793873">
      <ele>258.649</ele>
    </trkpt>
    <trkpt lat="-28.7289607" lon="134.4796953">
      <ele>256.499</ele>
    </trkpt>
    <trkpt lat="-28.7290026" lon="134.4797496">
      <ele>256.409</ele>
    </trkpt>
    <trkpt lat="-28.7295549" lon="134.480432">
      <ele>256.666</ele>
    </trkpt>
    <trkpt lat="-28.7295694" lon="134.4804502">
      <ele>256.659</ele>
    </trkpt>
    <trkpt lat="-28.7296904" lon="134.480602">
      <ele>256.57</ele>
    </trkpt>
    <trkpt lat="-28.7298113" lon="134.4807538">
      <ele>256.03</ele>
    </trkpt>
    <trkpt lat="-28.7299106" lon="134.4808785">
      <ele>256.136</ele>
    </trkpt>
    <trkpt lat="-28.7304041" lon="134.4814614">
      <ele>255.052</ele>
    </trkpt>
    <trkpt lat="-28.730837" lon="134.4819695">
      <ele>255.179</ele>
    </trkpt>
    <trkpt lat="-28.7311963" lon="134.4823691">
      <ele>256.06</ele>
    </trkpt>
    <trkpt lat="-28.7316935" lon="134.4829168">
      <ele>254.097</ele>
    </trkpt>
    <trkpt lat="-28.7324574" lon="134.4837235">
      <ele>255.496</ele>
    </trkpt>
    <trkpt lat="-28.7330278" lon="134.4842935">
      <ele>254.022</ele>
    </trkpt>
    <trkpt lat="-28.7333212" lon="134.4845764">
      <ele>255.95</ele>
    </trkpt>
    <trkpt lat="-28.734168" lon="134.4853929">
      <ele>254.58</ele>
    </trkpt>
    <trkpt lat="-28.7348479" lon="134.4860113">
      <ele>255.0</ele>
    </trkpt>
    <trkpt lat="-28.7349613" lon="134.4861144">
      <ele>254.998</ele>
    </trkpt>
    <trkpt lat="-28.7354644" lon="134.4865608">
      <ele>254.328</ele>
    </trkpt>
    <trkpt lat="-28.7360137" lon="134.487027">
      <ele>252.807</ele>
    </trkpt>
    <trkpt lat="-28.7368687" lon="134.4877239">
      <ele>254.314</ele>
    </trkpt>
    <trkpt lat="-28.7374365" lon="134.4881666">
      <ele>255.308</ele>
    </trkpt>
    <trkpt lat="-28.7384069" lon="134.4888974">
      <ele>255.735</ele>
    </trkpt>
    <trkpt lat="-28.7391362" lon="134.489415">
      <ele>256.985</ele>
    </trkpt>
    <trkpt lat="-28.7393811" lon="134.4895888">
      <ele>257.623</ele>
    </trkpt>
    <trkpt lat="-28.7399326" lon="134.4899563">
      <ele>255.881</ele>
    </trkpt>
    <trkpt lat="-28.7402777" lon="134.4901862">
      <ele>256.67</ele>
    </trkpt>
    <trkpt lat="-28.7413077" lon="134.4908447">
      <ele>255.292</ele>
    </trkpt>
    <trkpt lat="-28.742761" lon="134.4917534">
      <ele>256.0</ele>
    </trkpt>
    <trkpt lat="-28.7432238" lon="134.4920693">
      <ele>256.0</ele>
    </trkpt>
    <trkpt lat="-28.7436869" lon="134.4923853">
      <ele>256.573</ele>
    </trkpt>
    <trkpt lat="-28.7438412" lon="134.4924906">
      <ele>256.834</ele>
    </trkpt>
    <trkpt lat="-28.7438619" lon="134.4925047">
      <ele>256.872</ele>
    </trkpt>
    <trkpt lat="-28.7439946" lon="134.4925978">
      <ele>256.183</ele>
    </trkpt>
    <trkpt lat="-28.7444247" lon="134.4928994">
      <ele>254.924</ele>
    </trkpt>
    <trkpt lat="-28.7451764" lon="134.4934693">
      <ele>255.875</ele>
    </trkpt>
    <trkpt lat="-28.7457968" lon="134.4939517">
      <ele>255.226</ele>
    </trkpt>
    <trkpt lat="-28.7459454" lon="134.4940672">
      <ele>255.527</ele>
    </trkpt>
    <trkpt lat="-28.746094" lon="134.4941828">
      <ele>255.116</ele>
    </trkpt>
    <trkpt lat="-28.7462261" lon="134.4942855">
      <ele>255.665</ele>
    </trkpt>
    <trkpt lat="-28.7463853" lon="134.4944232">
      <ele>255.999</ele>
    </trkpt>
    <trkpt lat="-28.7468153" lon="134.4947951">
      <ele>257.07</ele>
    </trkpt>
    <trkpt lat="-28.7469586" lon="134.4949191">
      <ele>258.051</ele>
    </trkpt>
    <trkpt lat="-28.7470544" lon="134.495002">
      <ele>258.396</ele>
    </trkpt>
    <trkpt lat="-28.7478165" lon="134.4956659">
      <ele>257.0</ele>
    </trkpt>
    <trkpt lat="-28.7479594" lon="134.4957904">
      <ele>257.0</ele>
    </trkpt>
    <trkpt lat="-28.7481024" lon="134.4959149">
      <ele>256.657</ele>
    </trkpt>
    <trkpt lat="-28.7482146" lon="134.4960126">
      <ele>255.985</ele>
    </trkpt>
    <trkpt lat="-28.7482454" lon="134.4960392">
      <ele>255.752</ele>
    </trkpt>
    <trkpt lat="-28.7498448" lon="134.4974185">
      <ele>246.954</ele>
    </trkpt>
    <trkpt lat="-28.7503941" lon="134.4979003">
      <ele>243.815</ele>
    </trkpt>
    <trkpt lat="-28.7506792" lon="134.4981504">
      <ele>243.341</ele>
    </trkpt>
    <trkpt lat="-28.7515347" lon="134.4989008">
      <ele>243.973</ele>
    </trkpt>
    <trkpt lat="-28.7516362" lon="134.4989899">
      <ele>243.543</ele>
    </trkpt>
    <trkpt lat="-28.7516773" lon="134.4990259">
      <ele>243.455</ele>
    </trkpt>
    <trkpt lat="-28.7518198" lon="134.4991511">
      <ele>243.393</ele>
    </trkpt>
    <trkpt lat="-28.7528172" lon="134.5000275">
      <ele>239.971</ele>
    </trkpt>
    <trkpt lat="-28.7535296" lon="134.5006535">
      <ele>240.751</ele>
    </trkpt>
    <trkpt lat="-28.7535667" lon="134.5006861">
      <ele>240.605</ele>
    </trkpt>
    <trkpt lat="-28.7536722" lon="134.5007786">
      <ele>240.33</ele>
    </trkpt>
    <trkpt lat="-28.7541" lon="134.5011537">
      <ele>241.963</ele>
    </trkpt>
    <trkpt lat="-28.7542426" lon="134.5012787">
      <ele>241.453</ele>
    </trkpt>
    <trkpt lat="-28.7543852" lon="134.5014038">
      <ele>240.361</ele>
    </trkpt>
    <trkpt lat="-28.7545278" lon="134.5015288">
      <ele>239.196</ele>
    </trkpt>
    <trkpt lat="-28.755526" lon="134.5024041">
      <ele>236.033</ele>
    </trkpt>
    <trkpt lat="-28.7556686" lon="134.5025291">
      <ele>236.426</ele>
    </trkpt>
    <trkpt lat="-28.7567291" lon="134.5034591">
      <ele>235.45</ele>
    </trkpt>
    <trkpt lat="-28.7579334" lon="134.5045268">
      <ele>234.264</ele>
    </trkpt>
    <trkpt lat="-28.7596612" lon="134.5060305">
      <ele>233.956</ele>
    </trkpt>
    <trkpt lat="-28.7600902" lon="134.5064038">
      <ele>233.036</ele>
    </trkpt>
    <trkpt lat="-28.7602332" lon="134.5065283">
      <ele>233.081</ele>
    </trkpt>
    <trkpt lat="-28.7603762" lon="134.5066527">
      <ele>233.354</ele>
    </trkpt>
    <trkpt lat="-28.7605192" lon="134.5067772">
      <ele>233.125</ele>
    </trkpt>
    <trkpt lat="-28.7606622" lon="134.5069017">
      <ele>232.633</ele>
    </trkpt>
    <trkpt lat="-28.7608052" lon="134.5070261">
      <ele>232.605</ele>
    </trkpt>
    <trkpt lat="-28.7610838" lon="134.5072686">
      <ele>232.902</ele>
    </trkpt>
    <trkpt lat="-28.7612342" lon="134.5073995">
      <ele>232.557</ele>
    </trkpt>
    <trkpt lat="-28.7613771" lon="134.5075239">
      <ele>232.039</ele>
    </trkpt>
    <trkpt lat="-28.761702" lon="134.5078066">
      <ele>231.091</ele>
    </trkpt>
    <trkpt lat="-28.7617214" lon="134.5078233">
      <ele>231.132</ele>
    </trkpt>
    <trkpt lat="-28.7619498" lon="134.5080208">
      <ele>231.0</ele>
    </trkpt>
    <trkpt lat="-28.7624516" lon="134.5084549">
      <ele>231.562</ele>
    </trkpt>
    <trkpt lat="-28.7628357" lon="134.5087873">
      <ele>232.265</ele>
    </trkpt>
    <trkpt lat="-28.7632435" lon="134.5091307">
      <ele>233.605</ele>
    </trkpt>
    <trkpt lat="-28.7639368" lon="134.5097145">
      <ele>234.289</ele>
    </trkpt>
    <trkpt lat="-28.7642602" lon="134.5099778">
      <ele>235.39</ele>
    </trkpt>
    <trkpt lat="-28.7644066" lon="134.510097">
      <ele>235.515</ele>
    </trkpt>
    <trkpt lat="-28.764553" lon="134.5102162">
      <ele>234.744</ele>
    </trkpt>
    <trkpt lat="-28.7646994" lon="134.5103354">
      <ele>234.065</ele>
    </trkpt>
    <trkpt lat="-28.7654314" lon="134.5109314">
      <ele>232.511</ele>
    </trkpt>
    <trkpt lat="-28.7657925" lon="134.5112254">
      <ele>233.411</ele>
    </trkpt>
    <trkpt lat="-28.7663168" lon="134.5116351">
      <ele>234.74</ele>
    </trkpt>
    <trkpt lat="-28.7664652" lon="134.5117511">
      <ele>235.0</ele>
    </trkpt>
    <trkpt lat="-28.7666136" lon="134.511867">
      <ele>235.0</ele>
    </trkpt>
    <trkpt lat="-28.7669104" lon="134.5120989">
      <ele>233.888</ele>
    </trkpt>
    <trkpt lat="-28.7675989" lon="134.512637">
      <ele>234.712</ele>
    </trkpt>
    <trkpt lat="-28.7690006" lon="134.5137007">
      <ele>238.206</ele>
    </trkpt>
    <trkpt lat="-28.7691504" lon="134.5138143">
      <ele>239.824</ele>
    </trkpt>
    <trkpt lat="-28.7691887" lon="134.5138434">
      <ele>239.921</ele>
    </trkpt>
    <trkpt lat="-28.7693018" lon="134.5139251">
      <ele>239.249</ele>
    </trkpt>
    <trkpt lat="-28.770294" lon="134.514642">
      <ele>234.481</ele>
    </trkpt>
    <trkpt lat="-28.7704378" lon="134.5147343">
      <ele>235.601</ele>
    </trkpt>
    <trkpt lat="-28.7709685" lon="134.5151417">
      <ele>237.027</ele>
    </trkpt>
    <trkpt lat="-28.7715855" lon="134.5155624">
      <ele>235.715</ele>
    </trkpt>
    <trkpt lat="-28.7722031" lon="134.5159835">
      <ele>235.919</ele>
    </trkpt>
    <trkpt lat="-28.7724774" lon="134.5161706">
      <ele>234.786</ele>
    </trkpt>
    <trkpt lat="-28.7737861" lon="134.5170603">
      <ele>237.956</ele>
    </trkpt>
    <trkpt lat="-28.7751477" lon="134.5179621">
      <ele>242.485</ele>
    </trkpt>
    <trkpt lat="-28.7756143" lon="134.5182711">
      <ele>241.06</ele>
    </trkpt>
    <trkpt lat="-28.7757699" lon="134.5183741">
      <ele>239.868</ele>
    </trkpt>
    <trkpt lat="-28.7759028" lon="134.5184621">
      <ele>239.055</ele>
    </trkpt>
    <trkpt lat="-28.7759258" lon="134.5184764">
      <ele>238.98</ele>
    </trkpt>
    <trkpt lat="-28.776001" lon="134.5185231">
      <ele>238.855</ele>
    </trkpt>
    <trkpt lat="-28.7760838" lon="134.5185746">
      <ele>238.928</ele>
    </trkpt>
    <trkpt lat="-28.7763996" lon="134.518771">
      <ele>240.553</ele>
    </trkpt>
    <trkpt lat="-28.7765576" lon="134.5188692">
      <ele>240.365</ele>
    </trkpt>
    <trkpt lat="-28.7778985" lon="134.5197029">
      <ele>242.861</ele>
    </trkpt>
    <trkpt lat="-28.7794877" lon="134.5206444">
      <ele>239.214</ele>
    </trkpt>
    <trkpt lat="-28.780064" lon="134.5209599">
      <ele>240.875</ele>
    </trkpt>
    <trkpt lat="-28.7811724" lon="134.5215992">
      <ele>236.441</ele>
    </trkpt>
    <trkpt lat="-28.7840529" lon="134.5231928">
      <ele>236.499</ele>
    </trkpt>
    <trkpt lat="-28.7860837" lon="134.5243048">
      <ele>238.0</ele>
    </trkpt>
    <trkpt lat="-28.7864061" lon="134.5244858">
      <ele>237.798</ele>
    </trkpt>
    <trkpt lat="-28.7872276" lon="134.5249429">
      <ele>236.573</ele>
    </trkpt>
    <trkpt lat="-28.7880234" lon="134.5253849">
      <ele>233.528</ele>
    </trkpt>
    <trkpt lat="-28.7894803" lon="134.5261903">
      <ele>234.129</ele>
    </trkpt>
    <trkpt lat="-28.7902846" lon="134.5266341">
      <ele>233.951</ele>
    </trkpt>
    <trkpt lat="-28.7904465" lon="134.5267234">
      <ele>232.909</ele>
    </trkpt>
    <trkpt lat="-28.7904514" lon="134.5267261">
      <ele>232.884</ele>
    </trkpt>
    <trkpt lat="-28.790608" lon="134.5268137">
      <ele>232.341</ele>
    </trkpt>
    <trkpt lat="-28.7906129" lon="134.5268164">
      <ele>232.333</ele>
    </trkpt>
    <trkpt lat="-28.7942963" lon="134.5288542">
      <ele>231.467</ele>
    </trkpt>
    <trkpt lat="-28.794983" lon="134.5292721">
      <ele>231.0</ele>
    </trkpt>
    <trkpt lat="-28.7956085" lon="134.5296888">
      <ele>231.837</ele>
    </trkpt>
    <trkpt lat="-28.7958909" lon="134.5298924">
      <ele>229.632</ele>
    </trkpt>
    <trkpt lat="-28.796199" lon="134.5301155">
      <ele>229.384</ele>
    </trkpt>
    <trkpt lat="-28.7968024" lon="134.5305424">
      <ele>230.905</ele>
    </trkpt>
    <trkpt lat="-28.7970214" lon="134.5307626">
      <ele>230.929</ele>
    </trkpt>
    <trkpt lat="-28.7975332" lon="134.531229">
      <ele>229.931</ele>
    </trkpt>
    <trkpt lat="-28.7982473" lon="134.5319144">
      <ele>231.925</ele>
    </trkpt>
    <trkpt lat="-28.7988887" lon="134.5325918">
      <ele>234.67</ele>
    </trkpt>
    <trkpt lat="-28.7989631" lon="134.5326797">
      <ele>233.724</ele>
    </trkpt>
    <trkpt lat="-28.7994998" lon="134.533321">
      <ele>231.19</ele>
    </trkpt>
    <trkpt lat="-28.7995783" lon="134.5334164">
      <ele>231.637</ele>
    </trkpt>
    <trkpt lat="-28.8002468" lon="134.5343007">
      <ele>232.911</ele>
    </trkpt>
    <trkpt lat="-28.8008112" lon="134.5351397">
      <ele>233.96</ele>
    </trkpt>
    <trkpt lat="-28.8009316" lon="134.5353302">
      <ele>234.189</ele>
    </trkpt>
    <trkpt lat="-28.8009336" lon="134.5353333">
      <ele>234.2</ele>
    </trkpt>
    <trkpt lat="-28.8010354" lon="134.5354978">
      <ele>234.792</ele>
    </trkpt>
    <trkpt lat="-28.8010562" lon="134.5355316">
      <ele>234.914</ele>
    </trkpt>
    <trkpt lat="-28.8013747" lon="134.5360711">
      <ele>233.102</ele>
    </trkpt>
    <trkpt lat="-28.8018602" lon="134.5369905">
      <ele>229.354</ele>
    </trkpt>
    <trkpt lat="-28.8023271" lon="134.5379595">
      <ele>234.654</ele>
    </trkpt>
    <trkpt lat="-28.8023531" lon="134.5380143">
      <ele>234.851</ele>
    </trkpt>
    <trkpt lat="-28.8027698" lon="134.5390433">
      <ele>231.553</ele>
    </trkpt>
    <trkpt lat="-28.803894" lon="134.5422052">
      <ele>232.939</ele>
    </trkpt>
    <trkpt lat="-28.8046042" lon="134.5442068">
      <ele>232.652</ele>
    </trkpt>
    <trkpt lat="-28.8047479" lon="134.5446012">
      <ele>234.408</ele>
    </trkpt>
    <trkpt lat="-28.804981" lon="134.5452717">
      <ele>230.159</ele>
    </trkpt>
    <trkpt lat="-28.8051038" lon="134.5455938">
      <ele>231.0</ele>
    </trkpt>
    <trkpt lat="-28.8053864" lon="134.546281">
      <ele>230.388</ele>
    </trkpt>
    <trkpt lat="-28.8055225" lon="134.5466016">
      <ele>230.0</ele>
    </trkpt>
    <trkpt lat="-28.8058208" lon="134.5472287">
      <ele>232.0</ele>
    </trkpt>
    <trkpt lat="-28.8060136" lon="134.547615">
      <ele>230.937</ele>
    </trkpt>
    <trkpt lat="-28.8061125" lon="134.5478128">
      <ele>229.743</ele>
    </trkpt>
    <trkpt lat="-28.8065253" lon="134.548564">
      <ele>226.592</ele>
    </trkpt>
    <trkpt lat="-28.8068594" lon="134.54911">
      <ele>229.734</ele>
    </trkpt>
    <trkpt lat="-28.8070306" lon="134.5493808">
      <ele>231.303</ele>
    </trkpt>
    <trkpt lat="-28.8075619" lon="134.5501658">
      <ele>231.223</ele>
    </trkpt>
    <trkpt lat="-28.8076226" lon="134.5502487">
      <ele>231.441</ele>
    </trkpt>
    <trkpt lat="-28.807868" lon="134.5505767">
      <ele>230.924</ele>
    </trkpt>
    <trkpt lat="-28.8080465" lon="134.5508139">
      <ele>230.07</ele>
    </trkpt>
    <trkpt lat="-28.8081848" lon="134.550986">
      <ele>229.45</ele>
    </trkpt>
    <trkpt lat="-28.808651" lon="134.551565">
      <ele>231.83</ele>
    </trkpt>
    <trkpt lat="-28.8088528" lon="134.5517983">
      <ele>232.107</ele>
    </trkpt>
    <trkpt lat="-28.8091543" lon="134.5521469">
      <ele>230.304</ele>
    </trkpt>
    <trkpt lat="-28.8099286" lon="134.5529321">
      <ele>232.032</ele>
    </trkpt>
    <trkpt lat="-28.8101651" lon="134.55315">
      <ele>230.862</ele>
    </trkpt>
    <trkpt lat="-28.810305" lon="134.5532789">
      <ele>231.079</ele>
    </trkpt>
    <trkpt lat="-28.8106304" lon="134.5535787">
      <ele>232.0</ele>
    </trkpt>
    <trkpt lat="-28.8107285" lon="134.5536604">
      <ele>231.823</ele>
    </trkpt>
    <trkpt lat="-28.8108737" lon="134.5537815">
      <ele>231.476</ele>
    </trkpt>
    <trkpt lat="-28.8111278" lon="134.5539934">
      <ele>231.646</ele>
    </trkpt>
    <trkpt lat="-28.8111651" lon="134.5540222">
      <ele>231.613</ele>
    </trkpt>
    <trkpt lat="-28.8116694" lon="134.5544114">
      <ele>231.12</ele>
    </trkpt>
    <trkpt lat="-28.8122237" lon="134.5547994">
      <ele>229.724</ele>
    </trkpt>
    <trkpt lat="-28.8126002" lon="134.555063">
      <ele>230.071</ele>
    </trkpt>
    <trkpt lat="-28.8138156" lon="134.5558117">
      <ele>229.959</ele>
    </trkpt>
    <trkpt lat="-28.8146399" lon="134.556311">
      <ele>227.79</ele>
    </trkpt>
    <trkpt lat="-28.8149063" lon="134.5564725">
      <ele>225.874</ele>
    </trkpt>
    <trkpt lat="-28.8157605" lon="134.5569902">
      <ele>225.286</ele>
    </trkpt>
    <trkpt lat="-28.8171312" lon="134.5578184">
      <ele>224.624</ele>
    </trkpt>
    <trkpt lat="-28.8195894" lon="134.5593171">
      <ele>226.562</ele>
    </trkpt>
    <trkpt lat="-28.8197479" lon="134.5594134">
      <ele>227.092</ele>
    </trkpt>
    <trkpt lat="-28.8205439" lon="134.5599077">
      <ele>228.972</ele>
    </trkpt>
    <trkpt lat="-28.820696" lon="134.5600021">
      <ele>229.0</ele>
    </trkpt>
    <trkpt lat="-28.8207019" lon="134.5600058">
      <ele>229.0</ele>
    </trkpt>
    <trkpt lat="-28.8208541" lon="134.5601002">
      <ele>228.925</ele>
    </trkpt>
    <trkpt lat="-28.8208599" lon="134.5601039">
      <ele>228.904</ele>
    </trkpt>
    <trkpt lat="-28.8211585" lon="134.5602964">
      <ele>228.123</ele>
    </trkpt>
    <trkpt lat="-28.8224433" lon="134.5611177">
      <ele>230.024</ele>
    </trkpt>
    <trkpt lat="-28.8232728" lon="134.5616635">
      <ele>230.215</ele>
    </trkpt>
    <trkpt lat="-28.8235828" lon="134.5618709">
      <ele>230.497</ele>
    </trkpt>
    <trkpt lat="-28.8248604" lon="134.5627304">
      <ele>235.574</ele>
    </trkpt>
    <trkpt lat="-28.8256141" lon="134.563255">
      <ele>235.929</ele>
    </trkpt>
    <trkpt lat="-28.8276511" lon="134.5647173">
      <ele>237.438</ele>
    </trkpt>
    <trkpt lat="-28.8289413" lon="134.565676">
      <ele>238.082</ele>
    </trkpt>
    <trkpt lat="-28.830073" lon="134.5665419">
      <ele>239.356</ele>
    </trkpt>
    <trkpt lat="-28.8319324" lon="134.5680042">
      <ele>243.079</ele>
    </trkpt>
    <trkpt lat="-28.8322256" lon="134.5681601">
      <ele>243.384</ele>
    </trkpt>
    <trkpt lat="-28.8338835" lon="134.5696112">
      <ele>245.4</ele>
    </trkpt>
    <trkpt lat="-28.8345987" lon="134.5702172">
      <ele>247.227</ele>
    </trkpt>
    <trkpt lat="-28.8349236" lon="134.5704948">
      <ele>247.566</ele>
    </trkpt>
    <trkpt lat="-28.8356897" lon="134.571141">
      <ele>246.979</ele>
    </trkpt>
    <trkpt lat="-28.8364753" lon="134.5718185">
      <ele>250.17</ele>
    </trkpt>
    <trkpt lat="-28.8366932" lon="134.5720182">
      <ele>251.166</ele>
    </trkpt>
    <trkpt lat="-28.837106" lon="134.5723829">
      <ele>253.163</ele>
    </trkpt>
    <trkpt lat="-28.838151" lon="134.5733346">
      <ele>255.658</ele>
    </trkpt>
    <trkpt lat="-28.838167" lon="134.5733493">
      <ele>255.622</ele>
    </trkpt>
    <trkpt lat="-28.8385677" lon="134.5737255">
      <ele>255.588</ele>
    </trkpt>
    <trkpt lat="-28.838756" lon="134.5739024">
      <ele>255.0</ele>
    </trkpt>
    <trkpt lat="-28.8400851" lon="134.5751651">
      <ele>256.901</ele>
    </trkpt>
    <trkpt lat="-28.8400895" lon="134.5751692">
      <ele>256.931</ele>
    </trkpt>
    <trkpt lat="-28.8401349" lon="134.5752124">
      <ele>257.25</ele>
    </trkpt>
    <trkpt lat="-28.8402252" lon="134.5753032">
      <ele>257.628</ele>
    </trkpt>
    <trkpt lat="-28.8403602" lon="134.5754388">
      <ele>257.309</ele>
    </trkpt>
    <trkpt lat="-28.8408544" lon="134.5759566">
      <ele>254.919</ele>
    </trkpt>
    <trkpt lat="-28.8417998" lon="134.5769919">
      <ele>251.732</ele>
    </trkpt>
    <trkpt lat="-28.842514" lon="134.5778332">
      <ele>250.8</ele>
    </trkpt>
    <trkpt lat="-28.8431772" lon="134.5786698">
      <ele>248.773</ele>
    </trkpt>
    <trkpt lat="-28.8435017" lon="134.579102">
      <ele>249.161</ele>
    </trkpt>
    <trkpt lat="-28.8436164" lon="134.5792552">
      <ele>248.968</ele>
    </trkpt>
    <trkpt lat="-28.8438471" lon="134.5795714">
      <ele>248.539</ele>
    </trkpt>
    <trkpt lat="-28.8438484" lon="134.5795732">
      <ele>248.542</ele>
    </trkpt>
    <trkpt lat="-28.8439252" lon="134.5796778">
      <ele>248.709</ele>
    </trkpt>
    <trkpt lat="-28.8439612" lon="134.57973">
      <ele>248.768</ele>
    </trkpt>
    <trkpt lat="-28.8440725" lon="134.5798914">
      <ele>248.948</ele>
    </trkpt>
    <trkpt lat="-28.8441837" lon="134.5800527">
      <ele>248.95</ele>
    </trkpt>
    <trkpt lat="-28.8442949" lon="134.5802141">
      <ele>248.894</ele>
    </trkpt>
    <trkpt lat="-28.8443469" lon="134.5802896">
      <ele>249.043</ele>
    </trkpt>
    <trkpt lat="-28.8445459" lon="134.5805778">
      <ele>250.051</ele>
    </trkpt>
    <trkpt lat="-28.8448142" lon="134.5809928">
      <ele>249.285</ele>
    </trkpt>
    <trkpt lat="-28.8453223" lon="134.5818156">
      <ele>246.624</ele>
    </trkpt>
    <trkpt lat="-28.8455589" lon="134.5822114">
      <ele>246.051</ele>
    </trkpt>
    <trkpt lat="-28.8456598" lon="134.5823806">
      <ele>246.731</ele>
    </trkpt>
    <trkpt lat="-28.8460723" lon="134.5830987">
      <ele>249.155</ele>
    </trkpt>
    <trkpt lat="-28.8461501" lon="134.5832413">
      <ele>249.575</ele>
    </trkpt>
    <trkpt lat="-28.846233" lon="134.5833947">
      <ele>249.782</ele>
    </trkpt>
    <trkpt lat="-28.8469688" lon="134.5848217">
      <ele>247.0</ele>
    </trkpt>
    <trkpt lat="-28.8473254" lon="134.5855664">
      <ele>249.357</ele>
    </trkpt>
    <trkpt lat="-28.847672" lon="134.5863386">
      <ele>247.493</ele>
    </trkpt>
    <trkpt lat="-28.8480258" lon="134.58718">
      <ele>249.243</ele>
    </trkpt>
    <trkpt lat="-28.8484748" lon="134.5883018">
      <ele>248.604</ele>
    </trkpt>
    <trkpt lat="-28.8485495" lon="134.5884886">
      <ele>248.098</ele>
    </trkpt>
    <trkpt lat="-28.8486242" lon="134.5886754">
      <ele>248.279</ele>
    </trkpt>
    <trkpt lat="-28.8486985" lon="134.5888608">
      <ele>249.213</ele>
    </trkpt>
    <trkpt lat="-28.848699" lon="134.5888621">
      <ele>249.22</ele>
    </trkpt>
    <trkpt lat="-28.8487763" lon="134.5890476">
      <ele>249.486</ele>
    </trkpt>
    <trkpt lat="-28.8487914" lon="134.5890839">
      <ele>249.44</ele>
    </trkpt>
    <trkpt lat="-28.8490161" lon="134.5896421">
      <ele>248.288</ele>
    </trkpt>
    <trkpt lat="-28.8492953" lon="134.5903226">
      <ele>248.336</ele>
    </trkpt>
    <trkpt lat="-28.8494671" lon="134.5907171">
      <ele>252.116</ele>
    </trkpt>
    <trkpt lat="-28.8495472" lon="134.5909009">
      <ele>252.63</ele>
    </trkpt>
    <trkpt lat="-28.8497037" lon="134.59127">
      <ele>251.533</ele>
    </trkpt>
    <trkpt lat="-28.8498213" lon="134.5915533">
      <ele>249.93</ele>
    </trkpt>
    <trkpt lat="-28.8504611" lon="134.5929489">
      <ele>247.209</ele>
    </trkpt>
    <trkpt lat="-28.8506191" lon="134.5932747">
      <ele>245.982</ele>
    </trkpt>
    <trkpt lat="-28.8508724" lon="134.5937914">
      <ele>246.881</ele>
    </trkpt>
    <trkpt lat="-28.8513733" lon="134.5947553">
      <ele>245.007</ele>
    </trkpt>
    <trkpt lat="-28.8519842" lon="134.5958594">
      <ele>241.063</ele>
    </trkpt>
    <trkpt lat="-28.8527742" lon="134.5971983">
      <ele>238.1</ele>
    </trkpt>
    <trkpt lat="-28.853528" lon="134.5983392">
      <ele>234.934</ele>
    </trkpt>
    <trkpt lat="-28.8537786" lon="134.5987184">
      <ele>235.55</ele>
    </trkpt>
    <trkpt lat="-28.8547205" lon="134.6000219">
      <ele>231.914</ele>
    </trkpt>
    <trkpt lat="-28.8553149" lon="134.6007802">
      <ele>230.593</ele>
    </trkpt>
    <trkpt lat="-28.8556183" lon="134.6011672">
      <ele>228.438</ele>
    </trkpt>
    <trkpt lat="-28.856049" lon="134.6016833">
      <ele>230.52</ele>
    </trkpt>
    <trkpt lat="-28.856173" lon="134.601832">
      <ele>230.447</ele>
    </trkpt>
    <trkpt lat="-28.8563091" lon="134.601995">
      <ele>230.401</ele>
    </trkpt>
    <trkpt lat="-28.8568475" lon="134.6026083">
      <ele>229.213</ele>
    </trkpt>
    <trkpt lat="-28.8570645" lon="134.6028469">
      <ele>228.07</ele>
    </trkpt>
    <trkpt lat="-28.8584897" lon="134.6044138">
      <ele>223.048</ele>
    </trkpt>
    <trkpt lat="-28.8595433" lon="134.6055722">
      <ele>223.606</ele>
    </trkpt>
    <trkpt lat="-28.8597107" lon="134.605758">
      <ele>223.011</ele>
    </trkpt>
    <trkpt lat="-28.8597231" lon="134.6057719">
      <ele>223.002</ele>
    </trkpt>
    <trkpt lat="-28.8608149" lon="134.6069861">
      <ele>222.066</ele>
    </trkpt>
    <trkpt lat="-28.8621144" lon="134.6084464">
      <ele>220.776</ele>
    </trkpt>
    <trkpt lat="-28.8661052" lon="134.6129274">
      <ele>217.033</ele>
    </trkpt>
    <trkpt lat="-28.8661672" lon="134.6129953">
      <ele>217.206</ele>
    </trkpt>
    <trkpt lat="-28.86681" lon="134.6137065">
      <ele>217.0</ele>
    </trkpt>
    <trkpt lat="-28.8675777" lon="134.6145221">
      <ele>211.799</ele>
    </trkpt>
    <trkpt lat="-28.8676753" lon="134.6146244">
      <ele>211.761</ele>
    </trkpt>
    <trkpt lat="-28.8683804" lon="134.6152214">
      <ele>213.202</ele>
    </trkpt>
    <trkpt lat="-28.8695445" lon="134.6164349">
      <ele>212.64</ele>
    </trkpt>
    <trkpt lat="-28.8696353" lon="134.6165212">
      <ele>212.313</ele>
    </trkpt>
    <trkpt lat="-28.8696842" lon="134.6165672">
      <ele>212.137</ele>
    </trkpt>
    <trkpt lat="-28.8708615" lon="134.6176014">
      <ele>213.203</ele>
    </trkpt>
    <trkpt lat="-28.8721431" lon="134.6186424">
      <ele>213.522</ele>
    </trkpt>
    <trkpt lat="-28.8723295" lon="134.6187908">
      <ele>212.956</ele>
    </trkpt>
    <trkpt lat="-28.8730899" lon="134.6193637">
      <ele>215.0</ele>
    </trkpt>
    <trkpt lat="-28.8736112" lon="134.6197585">
      <ele>210.87</ele>
    </trkpt>
    <trkpt lat="-28.874906" lon="134.6206528">
      <ele>212.365</ele>
    </trkpt>
    <trkpt lat="-28.8750341" lon="134.6207429">
      <ele>211.469</ele>
    </trkpt>
    <trkpt lat="-28.8762785" lon="134.6215497">
      <ele>211.119</ele>
    </trkpt>
    <trkpt lat="-28.8775528" lon="134.6222985">
      <ele>208.778</ele>
    </trkpt>
    <trkpt lat="-28.8784022" lon="134.6227984">
      <ele>208.467</ele>
    </trkpt>
    <trkpt lat="-28.8793037" lon="134.623319">
      <ele>209.493</ele>
    </trkpt>
    <trkpt lat="-28.8801871" lon="134.6238361">
      <ele>211.219</ele>
    </trkpt>
    <trkpt lat="-28.8808389" lon="134.6242259">
      <ele>211.0</ele>
    </trkpt>
    <trkpt lat="-28.8811163" lon="134.6243928">
      <ele>211.0</ele>
    </trkpt>
    <trkpt lat="-28.8817983" lon="134.6248333">
      <ele>210.189</ele>
    </trkpt>
    <trkpt lat="-28.882142" lon="134.6250501">
      <ele>211.531</ele>
    </trkpt>
    <trkpt lat="-28.8822046" lon="134.6250896">
      <ele>211.614</ele>
    </trkpt>
    <trkpt lat="-28.8822994" lon="134.6251495">
      <ele>211.462</ele>
    </trkpt>
    <trkpt lat="-28.8833069" lon="134.6258153">
      <ele>208.006</ele>
    </trkpt>
    <trkpt lat="-28.8838583" lon="134.626174">
      <ele>210.915</ele>
    </trkpt>
    <trkpt lat="-28.8847503" lon="134.6267631">
      <ele>211.899</ele>
    </trkpt>
    <trkpt lat="-28.8858625" lon="134.6275484">
      <ele>207.558</ele>
    </trkpt>
    <trkpt lat="-28.8859828" lon="134.6276302">
      <ele>209.014</ele>
    </trkpt>
    <trkpt lat="-28.8861715" lon="134.627759">
      <ele>211.3</ele>
    </trkpt>
    <trkpt lat="-28.8867879" lon="134.628189">
      <ele>213.773</ele>
    </trkpt>
    <trkpt lat="-28.8876456" lon="134.6288092">
      <ele>217.811</ele>
    </trkpt>
    <trkpt lat="-28.8876968" lon="134.6288477">
      <ele>217.857</ele>
    </trkpt>
    <trkpt lat="-28.887847" lon="134.6289608">
      <ele>217.741</ele>
    </trkpt>
    <trkpt lat="-28.8879972" lon="134.6290738">
      <ele>217.334</ele>
    </trkpt>
    <trkpt lat="-28.8881465" lon="134.6291862">
      <ele>217.632</ele>
    </trkpt>
    <trkpt lat="-28.8884569" lon="134.6294157">
      <ele>218.947</ele>
    </trkpt>
    <trkpt lat="-28.8891786" lon="134.6299675">
      <ele>218.086</ele>
    </trkpt>
    <trkpt lat="-28.8895952" lon="134.6302915">
      <ele>218.516</ele>
    </trkpt>
    <trkpt lat="-28.8902329" lon="134.6307949">
      <ele>219.7</ele>
    </trkpt>
    <trkpt lat="-28.8907857" lon="134.6312353">
      <ele>219.095</ele>
    </trkpt>
    <trkpt lat="-28.8920931" lon="134.6323024">
      <ele>224.247</ele>
    </trkpt>
    <trkpt lat="-28.8928653" lon="134.632946">
      <ele>227.606</ele>
    </trkpt>
    <trkpt lat="-28.8928672" lon="134.6329476">
      <ele>227.611</ele>
    </trkpt>
    <trkpt lat="-28.8930126" lon="134.6330686">
      <ele>227.993</ele>
    </trkpt>
    <trkpt lat="-28.8930372" lon="134.6330891">
      <ele>227.992</ele>
    </trkpt>
    <trkpt lat="-28.8932962" lon="134.6333163">
      <ele>228.0</ele>
    </trkpt>
    <trkpt lat="-28.8944391" lon="134.6343025">
      <ele>229.978</ele>
    </trkpt>
    <trkpt lat="-28.8950093" lon="134.6348208">
      <ele>231.31</ele>
    </trkpt>
    <trkpt lat="-28.8955694" lon="134.63533">
      <ele>228.407</ele>
    </trkpt>
    <trkpt lat="-28.8955722" lon="134.6353325">
      <ele>228.43</ele>
    </trkpt>
    <trkpt lat="-28.8957122" lon="134.6354615">
      <ele>229.141</ele>
    </trkpt>
    <trkpt lat="-28.8959193" lon="134.6356524">
      <ele>229.899</ele>
    </trkpt>
    <trkpt lat="-28.8966872" lon="134.6363645">
      <ele>232.832</ele>
    </trkpt>
    <trkpt lat="-28.8967344" lon="134.6364097">
      <ele>232.888</ele>
    </trkpt>
    <trkpt lat="-28.8968251" lon="134.6364965">
      <ele>232.983</ele>
    </trkpt>
    <trkpt lat="-28.8975076" lon="134.6371337">
      <ele>235.027</ele>
    </trkpt>
    <trkpt lat="-28.8976611" lon="134.6372827">
      <ele>235.58</ele>
    </trkpt>
    <trkpt lat="-28.897932" lon="134.6375457">
      <ele>235.671</ele>
    </trkpt>
    <trkpt lat="-28.8980908" lon="134.6377042">
      <ele>234.589</ele>
    </trkpt>
    <trkpt lat="-28.8987592" lon="134.6383795">
      <ele>232.533</ele>
    </trkpt>
    <trkpt lat="-28.8992996" lon="134.6389169">
      <ele>231.048</ele>
    </trkpt>
    <trkpt lat="-28.8998785" lon="134.6395119">
      <ele>231.148</ele>
    </trkpt>
    <trkpt lat="-28.9003637" lon="134.6400268">
      <ele>230.096</ele>
    </trkpt>
    <trkpt lat="-28.9006432" lon="134.64032">
      <ele>231.372</ele>
    </trkpt>
    <trkpt lat="-28.901407" lon="134.6411331">
      <ele>230.986</ele>
    </trkpt>
    <trkpt lat="-28.9021221" lon="134.6418982">
      <ele>233.834</ele>
    </trkpt>
    <trkpt lat="-28.9021369" lon="134.6419116">
      <ele>233.882</ele>
    </trkpt>
    <trkpt lat="-28.9026167" lon="134.6424427">
      <ele>231.406</ele>
    </trkpt>
    <trkpt lat="-28.903221" lon="134.6431258">
      <ele>231.0</ele>
    </trkpt>
    <trkpt lat="-28.9036685" lon="134.6436422">
      <ele>233.705</ele>
    </trkpt>
    <trkpt lat="-28.9039779" lon="134.6440017">
      <ele>231.937</ele>
    </trkpt>
    <trkpt lat="-28.9046461" lon="134.6447812">
      <ele>232.764</ele>
    </trkpt>
    <trkpt lat="-28.9053934" lon="134.6456597">
      <ele>230.801</ele>
    </trkpt>
    <trkpt lat="-28.9060633" lon="134.6464467">
      <ele>232.964</ele>
    </trkpt>
    <trkpt lat="-28.9065859" lon="134.6470569">
      <ele>230.578</ele>
    </trkpt>
    <trkpt lat="-28.9069569" lon="134.6474965">
      <ele>230.012</ele>
    </trkpt>
    <trkpt lat="-28.9079174" lon="134.6486257">
      <ele>232.031</ele>
    </trkpt>
    <trkpt lat="-28.9081503" lon="134.6489046">
      <ele>233.701</ele>
    </trkpt>
    <trkpt lat="-28.9087447" lon="134.6495971">
      <ele>231.701</ele>
    </trkpt>
    <trkpt lat="-28.9091141" lon="134.6500266">
      <ele>231.64</ele>
    </trkpt>
    <trkpt lat="-28.9093487" lon="134.6502984">
      <ele>233.262</ele>
    </trkpt>
    <trkpt lat="-28.9096449" lon="134.6506412">
      <ele>233.912</ele>
    </trkpt>
    <trkpt lat="-28.9101065" lon="134.6511445">
      <ele>230.046</ele>
    </trkpt>
    <trkpt lat="-28.9104904" lon="134.6515548">
      <ele>231.597</ele>
    </trkpt>
    <trkpt lat="-28.9106478" lon="134.6517237">
      <ele>232.469</ele>
    </trkpt>
    <trkpt lat="-28.9109236" lon="134.6520046">
      <ele>233.726</ele>
    </trkpt>
    <trkpt lat="-28.9109402" lon="134.6520211">
      <ele>233.833</ele>
    </trkpt>
    <trkpt lat="-28.9114033" lon="134.6524826">
      <ele>233.059</ele>
    </trkpt>
    <trkpt lat="-28.9117704" lon="134.6528405">
      <ele>233.401</ele>
    </trkpt>
    <trkpt lat="-28.9121538" lon="134.6531954">
      <ele>230.743</ele>
    </trkpt>
    <trkpt lat="-28.9124229" lon="134.6534458">
      <ele>230.293</ele>
    </trkpt>
    <trkpt lat="-28.9124594" lon="134.6534791">
      <ele>230.448</ele>
    </trkpt>
    <trkpt lat="-28.9130245" lon="134.6540018">
      <ele>233.594</ele>
    </trkpt>
    <trkpt lat="-28.913154" lon="134.6541145">
      <ele>232.833</ele>
    </trkpt>
    <trkpt lat="-28.9136931" lon="134.6545869">
      <ele>231.639</ele>
    </trkpt>
    <trkpt lat="-28.9140244" lon="134.6548565">
      <ele>232.976</ele>
    </trkpt>
    <trkpt lat="-28.9142568" lon="134.6550395">
      <ele>233.858</ele>
    </trkpt>
    <trkpt lat="-28.9145729" lon="134.6552875">
      <ele>233.409</ele>
    </trkpt>
    <trkpt lat="-28.9147397" lon="134.6554127">
      <ele>233.514</ele>
    </trkpt>
    <trkpt lat="-28.9151089" lon="134.6557016">
      <ele>231.896</ele>
    </trkpt>
    <trkpt lat="-28.9153958" lon="134.6559193">
      <ele>230.282</ele>
    </trkpt>
    <trkpt lat="-28.9160373" lon="134.656384">
      <ele>228.978</ele>
    </trkpt>
    <trkpt lat="-28.9162537" lon="134.6565287">
      <ele>229.762</ele>
    </trkpt>
    <trkpt lat="-28.916496" lon="134.6566908">
      <ele>230.735</ele>
    </trkpt>
    <trkpt lat="-28.9167591" lon="134.6568664">
      <ele>231.199</ele>
    </trkpt>
    <trkpt lat="-28.916936" lon="134.6569846">
      <ele>231.035</ele>
    </trkpt>
    <trkpt lat="-28.9172079" lon="134.6571658">
      <ele>230.244</ele>
    </trkpt>
    <trkpt lat="-28.9176438" lon="134.6574494">
      <ele>227.97</ele>
    </trkpt>
    <trkpt lat="-28.9180942" lon="134.6577133">
      <ele>230.907</ele>
    </trkpt>
    <trkpt lat="-28.9185955" lon="134.6580098">
      <ele>230.901</ele>
    </trkpt>
    <trkpt lat="-28.919019" lon="134.6582547">
      <ele>230.203</ele>
    </trkpt>
    <trkpt lat="-28.9196029" lon="134.6585625">
      <ele>232.0</ele>
    </trkpt>
    <trkpt lat="-28.9200868" lon="134.6588269">
      <ele>229.6</ele>
    </trkpt>
    <trkpt lat="-28.9209646" lon="134.6592736">
      <ele>230.912</ele>
    </trkpt>
    <trkpt lat="-28.9227003" lon="134.6601767">
      <ele>229.279</ele>
    </trkpt>
    <trkpt lat="-28.9231181" lon="134.6603919">
      <ele>228.682</ele>
    </trkpt>
    <trkpt lat="-28.9238534" lon="134.6607618">
      <ele>229.775</ele>
    </trkpt>
    <trkpt lat="-28.9245698" lon="134.6611337">
      <ele>229.008</ele>
    </trkpt>
    <trkpt lat="-28.9263387" lon="134.6620414">
      <ele>229.756</ele>
    </trkpt>
    <trkpt lat="-28.9292059" lon="134.6635122">
      <ele>228.165</ele>
    </trkpt>
    <trkpt lat="-28.9298451" lon="134.6638421">
      <ele>227.538</ele>
    </trkpt>
    <trkpt lat="-28.9309195" lon="134.6643888">
      <ele>226.696</ele>
    </trkpt>
    <trkpt lat="-28.9319767" lon="134.6649445">
      <ele>222.683</ele>
    </trkpt>
    <trkpt lat="-28.9322814" lon="134.6651127">
      <ele>220.934</ele>
    </trkpt>
    <trkpt lat="-28.9323512" lon="134.6651467">
      <ele>221.155</ele>
    </trkpt>
    <trkpt lat="-28.9330763" lon="134.6654982">
      <ele>225.547</ele>
    </trkpt>
    <trkpt lat="-28.9332018" lon="134.6655586">
      <ele>226.064</ele>
    </trkpt>
    <trkpt lat="-28.9333454" lon="134.6656274">
      <ele>227.259</ele>
    </trkpt>
    <trkpt lat="-28.9335043" lon="134.6657118">
      <ele>227.562</ele>
    </trkpt>
    <trkpt lat="-28.9338305" lon="134.665885">
      <ele>225.738</ele>
    </trkpt>
    <trkpt lat="-28.9339409" lon="134.6659436">
      <ele>225.21</ele>
    </trkpt>
    <trkpt lat="-28.9339935" lon="134.665972">
      <ele>225.123</ele>
    </trkpt>
    <trkpt lat="-28.933997" lon="134.6659739">
      <ele>225.117</ele>
    </trkpt>
    <trkpt lat="-28.9342423" lon="134.6661019">
      <ele>225.239</ele>
    </trkpt>
    <trkpt lat="-28.9345896" lon="134.6662831">
      <ele>226.296</ele>
    </trkpt>
    <trkpt lat="-28.9349652" lon="134.6664875">
      <ele>225.391</ele>
    </trkpt>
    <trkpt lat="-28.9349723" lon="134.6664914">
      <ele>225.395</ele>
    </trkpt>
    <trkpt lat="-28.9351346" lon="134.6665798">
      <ele>226.172</ele>
    </trkpt>
    <trkpt lat="-28.9354593" lon="134.6667568">
      <ele>226.676</ele>
    </trkpt>
    <trkpt lat="-28.9357655" lon="134.6669238">
      <ele>226.074</ele>
    </trkpt>
    <trkpt lat="-28.9366383" lon="134.667429">
      <ele>222.693</ele>
    </trkpt>
    <trkpt lat="-28.9369274" lon="134.667587">
      <ele>225.542</ele>
    </trkpt>
    <trkpt lat="-28.9378111" lon="134.6681044">
      <ele>226.648</ele>
    </trkpt>
    <trkpt lat="-28.9382568" lon="134.6683799">
      <ele>224.908</ele>
    </trkpt>
    <trkpt lat="-28.9385387" lon="134.6685504">
      <ele>225.0</ele>
    </trkpt>
    <trkpt lat="-28.9390964" lon="134.6688952">
      <ele>225.5</ele>
    </trkpt>
    <trkpt lat="-28.9394737" lon="134.669125">
      <ele>226.284</ele>
    </trkpt>
    <trkpt lat="-28.9396708" lon="134.6692528">
      <ele>226.057</ele>
    </trkpt>
    <trkpt lat="-28.9399338" lon="134.6694311">
      <ele>225.238</ele>
    </trkpt>
    <trkpt lat="-28.9403399" lon="134.6696987">
      <ele>223.711</ele>
    </trkpt>
    <trkpt lat="-28.9407097" lon="134.6699397">
      <ele>223.434</ele>
    </trkpt>
    <trkpt lat="-28.9411675" lon="134.6702402">
      <ele>224.338</ele>
    </trkpt>
    <trkpt lat="-28.9416306" lon="134.6705449">
      <ele>224.909</ele>
    </trkpt>
    <trkpt lat="-28.9419918" lon="134.6707939">
      <ele>224.688</ele>
    </trkpt>
    <trkpt lat="-28.9424443" lon="134.6711199">
      <ele>221.975</ele>
    </trkpt>
    <trkpt lat="-28.94299" lon="134.6715">
      <ele>221.858</ele>
    </trkpt>
    <trkpt lat="-28.9434378" lon="134.6718024">
      <ele>226.192</ele>
    </trkpt>
    <trkpt lat="-28.943934" lon="134.6721649">
      <ele>224.335</ele>
    </trkpt>
    <trkpt lat="-28.9439353" lon="134.6721659">
      <ele>224.336</ele>
    </trkpt>
    <trkpt lat="-28.9440623" lon="134.6722595">
      <ele>224.624</ele>
    </trkpt>
    <trkpt lat="-28.9440852" lon="134.6722762">
      <ele>224.707</ele>
    </trkpt>
    <trkpt lat="-28.9440865" lon="134.6722772">
      <ele>224.711</ele>
    </trkpt>
    <trkpt lat="-28.9445102" lon="134.6725891">
      <ele>225.084</ele>
    </trkpt>
    <trkpt lat="-28.9452117" lon="134.6731212">
      <ele>223.182</ele>
    </trkpt>
    <trkpt lat="-28.9477338" lon="134.6750574">
      <ele>219.143</ele>
    </trkpt>
    <trkpt lat="-28.94797" lon="134.6752508">
      <ele>217.338</ele>
    </trkpt>
    <trkpt lat="-28.949475" lon="134.6764057">
      <ele>220.829</ele>
    </trkpt>
    <trkpt lat="-28.9496243" lon="134.6765203">
      <ele>219.879</ele>
    </trkpt>
    <trkpt lat="-28.9499733" lon="134.6767881">
      <ele>218.958</ele>
    </trkpt>
    <trkpt lat="-28.9500702" lon="134.6768595">
      <ele>219.0</ele>
    </trkpt>
    <trkpt lat="-28.9500735" lon="134.6768619">
      <ele>219.0</ele>
    </trkpt>
    <trkpt lat="-28.9501684" lon="134.6769318">
      <ele>219.0</ele>
    </trkpt>
    <trkpt lat="-28.9502209" lon="134.6769717">
      <ele>218.902</ele>
    </trkpt>
    <trkpt lat="-28.9502242" lon="134.6769742">
      <ele>218.893</ele>
    </trkpt>
    <trkpt lat="-28.9505956" lon="134.6772563">
      <ele>219.126</ele>
    </trkpt>
    <trkpt lat="-28.9508249" lon="134.6774182">
      <ele>219.286</ele>
    </trkpt>
    <trkpt lat="-28.9509446" lon="134.6775027">
      <ele>218.599</ele>
    </trkpt>
    <trkpt lat="-28.9513058" lon="134.6777586">
      <ele>218.0</ele>
    </trkpt>
    <trkpt lat="-28.9518657" lon="134.6781434">
      <ele>220.49</ele>
    </trkpt>
    <trkpt lat="-28.9522044" lon="134.6783671">
      <ele>220.235</ele>
    </trkpt>
    <trkpt lat="-28.9524149" lon="134.678504">
      <ele>221.922</ele>
    </trkpt>
    <trkpt lat="-28.9528719" lon="134.6787993">
      <ele>224.448</ele>
    </trkpt>
    <trkpt lat="-28.9531582" lon="134.6789738">
      <ele>224.449</ele>
    </trkpt>
    <trkpt lat="-28.9533135" lon="134.6790685">
      <ele>224.374</ele>
    </trkpt>
    <trkpt lat="-28.9533169" lon="134.6790705">
      <ele>224.364</ele>
    </trkpt>
    <trkpt lat="-28.9536103" lon="134.6792494">
      <ele>224.997</ele>
    </trkpt>
    <trkpt lat="-28.9536312" lon="134.6792613">
      <ele>224.952</ele>
    </trkpt>
    <trkpt lat="-28.9536347" lon="134.6792633">
      <ele>224.945</ele>
    </trkpt>
    <trkpt lat="-28.9537956" lon="134.6793552">
      <ele>224.787</ele>
    </trkpt>
    <trkpt lat="-28.9539531" lon="134.6794451">
      <ele>225.004</ele>
    </trkpt>
    <trkpt lat="-28.9541141" lon="134.6795369">
      <ele>225.396</ele>
    </trkpt>
    <trkpt lat="-28.9541174" lon="134.6795388">
      <ele>225.4</ele>
    </trkpt>
    <trkpt lat="-28.9541948" lon="134.679583">
      <ele>225.499</ele>
    </trkpt>
    <trkpt lat="-28.9542756" lon="134.6796272">
      <ele>225.658</ele>
    </trkpt>
    <trkpt lat="-28.9545725" lon="134.6797901">
      <ele>225.295</ele>
    </trkpt>
    <trkpt lat="-28.9548701" lon="134.6799455">
      <ele>223.768</ele>
    </trkpt>
    <trkpt lat="-28.955064" lon="134.6800488">
      <ele>223.23</ele>
    </trkpt>
    <trkpt lat="-28.9553469" lon="134.6801962">
      <ele>224.0</ele>
    </trkpt>
    <trkpt lat="-28.9555826" lon="134.6803153">
      <ele>223.903</ele>
    </trkpt>
    <trkpt lat="-28.9555858" lon="134.680317">
      <ele>223.891</ele>
    </trkpt>
    <trkpt lat="-28.9557471" lon="134.6803985">
      <ele>223.31</ele>
    </trkpt>
    <trkpt lat="-28.9557503" lon="134.6804001">
      <ele>223.299</ele>
    </trkpt>
    <trkpt lat="-28.955836" lon="134.6804434">
      <ele>223.0</ele>
    </trkpt>
    <trkpt lat="-28.9559152" lon="134.6804823">
      <ele>223.0</ele>
    </trkpt>
    <trkpt lat="-28.9560266" lon="134.6805371">
      <ele>223.0</ele>
    </trkpt>
    <trkpt lat="-28.956329" lon="134.6806827">
      <ele>223.458</ele>
    </trkpt>
    <trkpt lat="-28.9569221" lon="134.6809531">
      <ele>223.512</ele>
    </trkpt>
    <trkpt lat="-28.9573836" lon="134.6811558">
      <ele>221.838</ele>
    </trkpt>
    <trkpt lat="-28.9574144" lon="134.6811692">
      <ele>221.616</ele>
    </trkpt>
    <trkpt lat="-28.9577507" lon="134.6813155">
      <ele>220.574</ele>
    </trkpt>
    <trkpt lat="-28.9578061" lon="134.6813397">
      <ele>220.354</ele>
    </trkpt>
    <trkpt lat="-28.95792" lon="134.6813849">
      <ele>220.029</ele>
    </trkpt>
    <trkpt lat="-28.9579231" lon="134.6813862">
      <ele>220.019</ele>
    </trkpt>
    <trkpt lat="-28.958093" lon="134.6814538">
      <ele>219.838</ele>
    </trkpt>
    <trkpt lat="-28.9582075" lon="134.6814993">
      <ele>219.715</ele>
    </trkpt>
    <trkpt lat="-28.95826" lon="134.6815193">
      <ele>219.575</ele>
    </trkpt>
    <trkpt lat="-28.9582632" lon="134.6815205">
      <ele>219.565</ele>
    </trkpt>
    <trkpt lat="-28.9585965" lon="134.6816476">
      <ele>218.141</ele>
    </trkpt>
    <trkpt lat="-28.9589695" lon="134.68179">
      <ele>217.846</ele>
    </trkpt>
    <trkpt lat="-28.9594259" lon="134.6819559">
      <ele>217.026</ele>
    </trkpt>
    <trkpt lat="-28.9602337" lon="134.6822325">
      <ele>212.354</ele>
    </trkpt>
    <trkpt lat="-28.960745" lon="134.6823969">
      <ele>211.882</ele>
    </trkpt>
    <trkpt lat="-28.9611497" lon="134.6825143">
      <ele>212.183</ele>
    </trkpt>
    <trkpt lat="-28.9617696" lon="134.6826901">
      <ele>210.945</ele>
    </trkpt>
    <trkpt lat="-28.9618862" lon="134.6827232">
      <ele>210.406</ele>
    </trkpt>
    <trkpt lat="-28.9620634" lon="134.6827734">
      <ele>209.588</ele>
    </trkpt>
    <trkpt lat="-28.962076" lon="134.6827769">
      <ele>209.53</ele>
    </trkpt>
    <trkpt lat="-28.9622367" lon="134.6828155">
      <ele>209.188</ele>
    </trkpt>
    <trkpt lat="-28.9622394" lon="134.6828161">
      <ele>209.2</ele>
    </trkpt>
    <trkpt lat="-28.9623919" lon="134.6828529">
      <ele>209.881</ele>
    </trkpt>
    <trkpt lat="-28.9624128" lon="134.682858">
      <ele>209.975</ele>
    </trkpt>
    <trkpt lat="-28.9624153" lon="134.6828586">
      <ele>209.986</ele>
    </trkpt>
    <trkpt lat="-28.9628195" lon="134.6829581">
      <ele>211.404</ele>
    </trkpt>
    <trkpt lat="-28.9633271" lon="134.683075">
      <ele>210.86</ele>
    </trkpt>
    <trkpt lat="-28.9636545" lon="134.6831422">
      <ele>209.263</ele>
    </trkpt>
    <trkpt lat="-28.964158" lon="134.6832423">
      <ele>208.031</ele>
    </trkpt>
    <trkpt lat="-28.9641792" lon="134.6832463">
      <ele>207.938</ele>
    </trkpt>
    <trkpt lat="-28.9641814" lon="134.6832467">
      <ele>207.927</ele>
    </trkpt>
    <trkpt lat="-28.9643566" lon="134.6832799">
      <ele>206.896</ele>
    </trkpt>
    <trkpt lat="-28.9643588" lon="134.6832803">
      <ele>206.881</ele>
    </trkpt>
    <trkpt lat="-28.9644883" lon="134.683305">
      <ele>206.346</ele>
    </trkpt>
    <trkpt lat="-28.9645343" lon="134.6833124">
      <ele>206.45</ele>
    </trkpt>
    <trkpt lat="-28.9647124" lon="134.6833412">
      <ele>206.965</ele>
    </trkpt>
    <trkpt lat="-28.9650837" lon="134.6834012">
      <ele>207.699</ele>
    </trkpt>
    <trkpt lat="-28.9654326" lon="134.6834604">
      <ele>207.302</ele>
    </trkpt>
    <trkpt lat="-28.9657301" lon="134.683504">
      <ele>207.0</ele>
    </trkpt>
    <trkpt lat="-28.9661409" lon="134.6835566">
      <ele>206.476</ele>
    </trkpt>
    <trkpt lat="-28.9663178" lon="134.6835792">
      <ele>208.176</ele>
    </trkpt>
    <trkpt lat="-28.9663197" lon="134.6835794">
      <ele>208.195</ele>
    </trkpt>
    <trkpt lat="-28.9664857" lon="134.6836008">
      <ele>208.976</ele>
    </trkpt>
    <trkpt lat="-28.9664967" lon="134.683602">
      <ele>208.98</ele>
    </trkpt>
    <trkpt lat="-28.9664985" lon="134.6836022">
      <ele>208.981</ele>
    </trkpt>
    <trkpt lat="-28.9669148" lon="134.6836458">
      <ele>208.888</ele>
    </trkpt>
    <trkpt lat="-28.9670341" lon="134.6836586">
      <ele>208.939</ele>
    </trkpt>
    <trkpt lat="-28.9672132" lon="134.683678">
      <ele>209.225</ele>
    </trkpt>
    <trkpt lat="-28.9673361" lon="134.6836912">
      <ele>209.288</ele>
    </trkpt>
    <trkpt lat="-28.9677212" lon="134.6837452">
      <ele>209.483</ele>
    </trkpt>
    <trkpt lat="-28.9681721" lon="134.6837755">
      <ele>212.183</ele>
    </trkpt>
    <trkpt lat="-28.9686023" lon="134.6837987">
      <ele>214.283</ele>
    </trkpt>
    <trkpt lat="-28.9690288" lon="134.6838177">
      <ele>217.264</ele>
    </trkpt>
    <trkpt lat="-28.9695467" lon="134.6838374">
      <ele>221.0</ele>
    </trkpt>
    <trkpt lat="-28.9698029" lon="134.6838471">
      <ele>221.0</ele>
    </trkpt>
    <trkpt lat="-28.970266" lon="134.6838643">
      <ele>220.915</ele>
    </trkpt>
    <trkpt lat="-28.9703418" lon="134.6838672">
      <ele>220.922</ele>
    </trkpt>
    <trkpt lat="-28.9704457" lon="134.6838713">
      <ele>220.937</ele>
    </trkpt>
    <trkpt lat="-28.9706256" lon="134.6838784">
      <ele>220.953</ele>
    </trkpt>
    <trkpt lat="-28.9708061" lon="134.6838856">
      <ele>220.977</ele>
    </trkpt>
    <trkpt lat="-28.9709851" lon="134.6838928">
      <ele>220.992</ele>
    </trkpt>
    <trkpt lat="-28.971165" lon="134.6838999">
      <ele>220.774</ele>
    </trkpt>
    <trkpt lat="-28.971213" lon="134.6839018">
      <ele>220.604</ele>
    </trkpt>
    <trkpt lat="-28.9717726" lon="134.6839231">
      <ele>220.877</ele>
    </trkpt>
    <trkpt lat="-28.9723098" lon="134.6839435">
      <ele>221.569</ele>
    </trkpt>
    <trkpt lat="-28.9726035" lon="134.6839547">
      <ele>222.39</ele>
    </trkpt>
    <trkpt lat="-28.9731806" lon="134.6839767">
      <ele>221.0</ele>
    </trkpt>
    <trkpt lat="-28.9738621" lon="134.6840022">
      <ele>219.504</ele>
    </trkpt>
    <trkpt lat="-28.9748241" lon="134.684046">
      <ele>218.566</ele>
    </trkpt>
    <trkpt lat="-28.9761549" lon="134.6840963">
      <ele>221.493</ele>
    </trkpt>
    <trkpt lat="-28.9767909" lon="134.684131">
      <ele>220.943</ele>
    </trkpt>
    <trkpt lat="-28.9772221" lon="134.6841575">
      <ele>220.934</ele>
    </trkpt>
    <trkpt lat="-28.9774524" lon="134.6841717">
      <ele>221.015</ele>
    </trkpt>
    <trkpt lat="-28.9779986" lon="134.6842085">
      <ele>220.062</ele>
    </trkpt>
    <trkpt lat="-28.9787774" lon="134.6842778">
      <ele>220.241</ele>
    </trkpt>
    <trkpt lat="-28.9794133" lon="134.6843288">
      <ele>220.0</ele>
    </trkpt>
    <trkpt lat="-28.9798968" lon="134.6843759">
      <ele>219.155</ele>
    </trkpt>
    <trkpt lat="-28.9800752" lon="134.6843933">
      <ele>219.676</ele>
    </trkpt>
    <trkpt lat="-28.9803974" lon="134.6844268">
      <ele>221.0</ele>
    </trkpt>
    <trkpt lat="-28.9808899" lon="134.6844816">
      <ele>220.973</ele>
    </trkpt>
    <trkpt lat="-28.9813836" lon="134.6845413">
      <ele>220.651</ele>
    </trkpt>
    <trkpt lat="-28.9816265" lon="134.6845719">
      <ele>220.149</ele>
    </trkpt>
    <trkpt lat="-28.9819275" lon="134.6846122">
      <ele>219.792</ele>
    </trkpt>
    <trkpt lat="-28.9824741" lon="134.6846859">
      <ele>220.956</ele>
    </trkpt>
    <trkpt lat="-28.9831251" lon="134.6847807">
      <ele>222.75</ele>
    </trkpt>
    <trkpt lat="-28.9837711" lon="134.6848765">
      <ele>222.236</ele>
    </trkpt>
    <trkpt lat="-28.984316" lon="134.6849631">
      <ele>222.867</ele>
    </trkpt>
    <trkpt lat="-28.9843626" lon="134.684971">
      <ele>222.896</ele>
    </trkpt>
    <trkpt lat="-28.9848052" lon="134.6850459">
      <ele>223.165</ele>
    </trkpt>
    <trkpt lat="-28.9851783" lon="134.6851094">
      <ele>223.647</ele>
    </trkpt>
    <trkpt lat="-28.9858219" lon="134.6852279">
      <ele>222.862</ele>
    </trkpt>
    <trkpt lat="-28.9859621" lon="134.6852551">
      <ele>222.53</ele>
    </trkpt>
    <trkpt lat="-28.9862562" lon="134.6853123">
      <ele>221.353</ele>
    </trkpt>
    <trkpt lat="-28.9865257" lon="134.6853696">
      <ele>220.669</ele>
    </trkpt>
    <trkpt lat="-28.9866845" lon="134.6854021">
      <ele>220.581</ele>
    </trkpt>
    <trkpt lat="-28.9869095" lon="134.6854521">
      <ele>220.921</ele>
    </trkpt>
    <trkpt lat="-28.9871761" lon="134.6855152">
      <ele>221.0</ele>
    </trkpt>
    <trkpt lat="-28.9874415" lon="134.6855768">
      <ele>221.076</ele>
    </trkpt>
    <trkpt lat="-28.9877569" lon="134.6856583">
      <ele>221.953</ele>
    </trkpt>
    <trkpt lat="-28.9879849" lon="134.6857166">
      <ele>222.432</ele>
    </trkpt>
    <trkpt lat="-28.9885164" lon="134.685867">
      <ele>222.3</ele>
    </trkpt>
    <trkpt lat="-28.9889222" lon="134.6859884">
      <ele>222.103</ele>
    </trkpt>
    <trkpt lat="-28.9891434" lon="134.6860582">
      <ele>222.052</ele>
    </trkpt>
    <trkpt lat="-28.9894686" lon="134.686167">
      <ele>221.184</ele>
    </trkpt>
    <trkpt lat="-28.9896767" lon="134.6862348">
      <ele>221.073</ele>
    </trkpt>
    <trkpt lat="-28.9899848" lon="134.6863423">
      <ele>219.896</ele>
    </trkpt>
    <trkpt lat="-28.9899899" lon="134.6863441">
      <ele>219.881</ele>
    </trkpt>
    <trkpt lat="-28.9901563" lon="134.6864045">
      <ele>220.025</ele>
    </trkpt>
    <trkpt lat="-28.9905366" lon="134.6865426">
      <ele>220.416</ele>
    </trkpt>
    <trkpt lat="-28.9908407" lon="134.6866578">
      <ele>221.083</ele>
    </trkpt>
    <trkpt lat="-28.9910114" lon="134.6867226">
      <ele>222.153</ele>
    </trkpt>
    <trkpt lat="-28.9910318" lon="134.6867303">
      <ele>222.265</ele>
    </trkpt>
    <trkpt lat="-28.9916356" lon="134.6869834">
      <ele>222.125</ele>
    </trkpt>
    <trkpt lat="-28.9920314" lon="134.6871546">
      <ele>222.444</ele>
    </trkpt>
    <trkpt lat="-28.9922773" lon="134.6872663">
      <ele>222.198</ele>
    </trkpt>
    <trkpt lat="-28.9926727" lon="134.6874451">
      <ele>223.123</ele>
    </trkpt>
    <trkpt lat="-28.9928695" lon="134.6875344">
      <ele>222.753</ele>
    </trkpt>
    <trkpt lat="-28.9930653" lon="134.6876334">
      <ele>222.0</ele>
    </trkpt>
    <trkpt lat="-28.9935691" lon="134.6878872">
      <ele>222.908</ele>
    </trkpt>
    <trkpt lat="-28.9938718" lon="134.6880462">
      <ele>222.093</ele>
    </trkpt>
    <trkpt lat="-28.9940953" lon="134.6881666">
      <ele>221.554</ele>
    </trkpt>
    <trkpt lat="-28.9943596" lon="134.6883091">
      <ele>222.668</ele>
    </trkpt>
    <trkpt lat="-28.9944946" lon="134.6883861">
      <ele>223.0</ele>
    </trkpt>
    <trkpt lat="-28.9946617" lon="134.6884815">
      <ele>223.0</ele>
    </trkpt>
    <trkpt lat="-28.9948789" lon="134.6886044">
      <ele>222.45</ele>
    </trkpt>
    <trkpt lat="-28.995242" lon="134.6888233">
      <ele>223.175</ele>
    </trkpt>
    <trkpt lat="-28.9955984" lon="134.6890408">
      <ele>226.925</ele>
    </trkpt>
    <trkpt lat="-28.9958183" lon="134.6891768">
      <ele>228.821</ele>
    </trkpt>
    <trkpt lat="-28.996117" lon="134.6893688">
      <ele>226.23</ele>
    </trkpt>
    <trkpt lat="-28.9964838" lon="134.6896127">
      <ele>224.74</ele>
    </trkpt>
    <trkpt lat="-28.9968632" lon="134.689871">
      <ele>226.243</ele>
    </trkpt>
    <trkpt lat="-28.997233" lon="134.6901291">
      <ele>227.483</ele>
    </trkpt>
    <trkpt lat="-28.9973194" lon="134.6901912">
      <ele>227.929</ele>
    </trkpt>
    <trkpt lat="-28.99747" lon="134.6902994">
      <ele>228.884</ele>
    </trkpt>
    <trkpt lat="-28.9978458" lon="134.6905779">
      <ele>227.591</ele>
    </trkpt>
    <trkpt lat="-28.9980612" lon="134.6907421">
      <ele>226.631</ele>
    </trkpt>
    <trkpt lat="-28.9982205" lon="134.6908699">
      <ele>225.998</ele>
    </trkpt>
    <trkpt lat="-28.9983677" lon="134.6909881">
      <ele>225.488</ele>
    </trkpt>
    <trkpt lat="-28.9985259" lon="134.691115">
      <ele>225.279</ele>
    </trkpt>
    <trkpt lat="-28.9986596" lon="134.6912283">
      <ele>224.404</ele>
    </trkpt>
    <trkpt lat="-28.9988041" lon="134.6913508">
      <ele>224.568</ele>
    </trkpt>
    <trkpt lat="-28.9988348" lon="134.6913768">
      <ele>224.663</ele>
    </trkpt>
    <trkpt lat="-28.998947" lon="134.6914758">
      <ele>224.962</ele>
    </trkpt>
    <trkpt lat="-28.9991209" lon="134.6916293">
      <ele>225.693</ele>
    </trkpt>
    <trkpt lat="-28.9994581" lon="134.6919421">
      <ele>228.098</ele>
    </trkpt>
    <trkpt lat="-28.9997869" lon="134.6922624">
      <ele>228.623</ele>
    </trkpt>
    <trkpt lat="-28.9999552" lon="134.6924334">
      <ele>227.401</ele>
    </trkpt>
    <trkpt lat="-29.0002692" lon="134.6927578">
      <ele>226.93</ele>
    </trkpt>
    <trkpt lat="-29.0003623" lon="134.69286">
      <ele>226.876</ele>
    </trkpt>
    <trkpt lat="-29.0006748" lon="134.6932081">
      <ele>227.257</ele>
    </trkpt>
    <trkpt lat="-29.0008949" lon="134.6934637">
      <ele>227.326</ele>
    </trkpt>
    <trkpt lat="-29.0010302" lon="134.6936252">
      <ele>228.453</ele>
    </trkpt>
    <trkpt lat="-29.0012007" lon="134.6938323">
      <ele>230.119</ele>
    </trkpt>
    <trkpt lat="-29.0013429" lon="134.694009">
      <ele>230.834</ele>
    </trkpt>
    <trkpt lat="-29.001421" lon="134.6941082">
      <ele>230.678</ele>
    </trkpt>
    <trkpt lat="-29.0016336" lon="134.6943898">
      <ele>227.458</ele>
    </trkpt>
    <trkpt lat="-29.0017757" lon="134.694582">
      <ele>226.409</ele>
    </trkpt>
    <trkpt lat="-29.0019341" lon="134.6947977">
      <ele>226.56</ele>
    </trkpt>
    <trkpt lat="-29.0020639" lon="134.6949797">
      <ele>228.284</ele>
    </trkpt>
    <trkpt lat="-29.0022501" lon="134.6952592">
      <ele>228.806</ele>
    </trkpt>
    <trkpt lat="-29.0024044" lon="134.6954965">
      <ele>226.901</ele>
    </trkpt>
    <trkpt lat="-29.0025112" lon="134.6956586">
      <ele>226.356</ele>
    </trkpt>
    <trkpt lat="-29.0027039" lon="134.695966">
      <ele>226.744</ele>
    </trkpt>
    <trkpt lat="-29.0028424" lon="134.6961902">
      <ele>227.0</ele>
    </trkpt>
    <trkpt lat="-29.0031014" lon="134.6966448">
      <ele>227.152</ele>
    </trkpt>
    <trkpt lat="-29.0032591" lon="134.6969225">
      <ele>226.137</ele>
    </trkpt>
    <trkpt lat="-29.0034713" lon="134.6973239">
      <ele>224.45</ele>
    </trkpt>
    <trkpt lat="-29.0035802" lon="134.6975438">
      <ele>223.906</ele>
    </trkpt>
    <trkpt lat="-29.0037934" lon="134.6979787">
      <ele>222.688</ele>
    </trkpt>
    <trkpt lat="-29.003975" lon="134.6983722">
      <ele>223.563</ele>
    </trkpt>
    <trkpt lat="-29.0040286" lon="134.6984883">
      <ele>223.833</ele>
    </trkpt>
    <trkpt lat="-29.0041444" lon="134.6987603">
      <ele>224.08</ele>
    </trkpt>
    <trkpt lat="-29.004328" lon="134.6992079">
      <ele>223.987</ele>
    </trkpt>
    <trkpt lat="-29.0043668" lon="134.6993023">
      <ele>224.047</ele>
    </trkpt>
    <trkpt lat="-29.0045059" lon="134.699664">
      <ele>222.594</ele>
    </trkpt>
    <trkpt lat="-29.0046725" lon="134.7001305">
      <ele>222.726</ele>
    </trkpt>
    <trkpt lat="-29.0048427" lon="134.7006304">
      <ele>223.751</ele>
    </trkpt>
    <trkpt lat="-29.0066189" lon="134.7069668">
      <ele>227.986</ele>
    </trkpt>
    <trkpt lat="-29.0066797" lon="134.7071769">
      <ele>227.945</ele>
    </trkpt>
    <trkpt lat="-29.0071067" lon="134.7085446">
      <ele>226.832</ele>
    </trkpt>
    <trkpt lat="-29.0076349" lon="134.7098778">
      <ele>227.514</ele>
    </trkpt>
    <trkpt lat="-29.008364" lon="134.7114015">
      <ele>228.628</ele>
    </trkpt>
    <trkpt lat="-29.0094665" lon="134.7132578">
      <ele>228.692</ele>
    </trkpt>
    <trkpt lat="-29.009972" lon="134.7139792">
      <ele>228.0</ele>
    </trkpt>
    <trkpt lat="-29.010516" lon="134.714684">
      <ele>229.123</ele>
    </trkpt>
    <trkpt lat="-29.0117582" lon="134.7160823">
      <ele>228.798</ele>
    </trkpt>
    <trkpt lat="-29.0127536" lon="134.7170337">
      <ele>226.969</ele>
    </trkpt>
    <trkpt lat="-29.0135563" lon="134.7176943">
      <ele>230.0</ele>
    </trkpt>
    <trkpt lat="-29.0137055" lon="134.7178172">
      <ele>229.858</ele>
    </trkpt>
    <trkpt lat="-29.0142429" lon="134.7182019">
      <ele>230.87</ele>
    </trkpt>
    <trkpt lat="-29.0176487" lon="134.7206796">
      <ele>229.501</ele>
    </trkpt>
    <trkpt lat="-29.0179866" lon="134.7209098">
      <ele>227.275</ele>
    </trkpt>
    <trkpt lat="-29.0184128" lon="134.7212329">
      <ele>229.848</ele>
    </trkpt>
    <trkpt lat="-29.0186437" lon="134.7214159">
      <ele>229.894</ele>
    </trkpt>
    <trkpt lat="-29.0188761" lon="134.7216134">
      <ele>229.817</ele>
    </trkpt>
    <trkpt lat="-29.0191228" lon="134.7218367">
      <ele>229.158</ele>
    </trkpt>
    <trkpt lat="-29.0191426" lon="134.7218522">
      <ele>229.087</ele>
    </trkpt>
    <trkpt lat="-29.019574" lon="134.7222765">
      <ele>228.909</ele>
    </trkpt>
    <trkpt lat="-29.0200254" lon="134.7227506">
      <ele>226.367</ele>
    </trkpt>
    <trkpt lat="-29.0205291" lon="134.7233414">
      <ele>227.058</ele>
    </trkpt>
    <trkpt lat="-29.0209656" lon="134.7238979">
      <ele>229.476</ele>
    </trkpt>
    <trkpt lat="-29.021262" lon="134.7243022">
      <ele>229.47</ele>
    </trkpt>
    <trkpt lat="-29.0216027" lon="134.7248165">
      <ele>227.492</ele>
    </trkpt>
    <trkpt lat="-29.0218426" lon="134.7251943">
      <ele>229.333</ele>
    </trkpt>
    <trkpt lat="-29.0221332" lon="134.7256934">
      <ele>227.487</ele>
    </trkpt>
    <trkpt lat="-29.022291" lon="134.7259853">
      <ele>226.771</ele>
    </trkpt>
    <trkpt lat="-29.022363" lon="134.7261185">
      <ele>227.027</ele>
    </trkpt>
    <trkpt lat="-29.0223846" lon="134.726161">
      <ele>227.18</ele>
    </trkpt>
    <trkpt lat="-29.0225946" lon="134.7265746">
      <ele>228.554</ele>
    </trkpt>
    <trkpt lat="-29.0228938" lon="134.727221">
      <ele>227.584</ele>
    </trkpt>
    <trkpt lat="-29.0231091" lon="134.7277337">
      <ele>226.807</ele>
    </trkpt>
    <trkpt lat="-29.0233762" lon="134.7284381">
      <ele>228.585</ele>
    </trkpt>
    <trkpt lat="-29.023653" lon="134.7293064">
      <ele>227.729</ele>
    </trkpt>
    <trkpt lat="-29.0237835" lon="134.7297719">
      <ele>227.379</ele>
    </trkpt>
    <trkpt lat="-29.0238955" lon="134.7302182">
      <ele>226.228</ele>
    </trkpt>
    <trkpt lat="-29.0239952" lon="134.7306531">
      <ele>228.167</ele>
    </trkpt>
    <trkpt lat="-29.0240367" lon="134.7308388">
      <ele>229.518</ele>
    </trkpt>
    <trkpt lat="-29.0241009" lon="134.7311854">
      <ele>231.528</ele>
    </trkpt>
    <trkpt lat="-29.0241802" lon="134.7316859">
      <ele>227.951</ele>
    </trkpt>
    <trkpt lat="-29.0242145" lon="134.7319258">
      <ele>227.828</ele>
    </trkpt>
    <trkpt lat="-29.0242415" lon="134.7320996">
      <ele>227.881</ele>
    </trkpt>
    <trkpt lat="-29.0242591" lon="134.7322458">
      <ele>228.085</ele>
    </trkpt>
    <trkpt lat="-29.0242914" lon="134.7325349">
      <ele>229.056</ele>
    </trkpt>
    <trkpt lat="-29.0243227" lon="134.7328236">
      <ele>229.489</ele>
    </trkpt>
    <trkpt lat="-29.0243485" lon="134.733191">
      <ele>229.309</ele>
    </trkpt>
    <trkpt lat="-29.024373" lon="134.7335879">
      <ele>226.972</ele>
    </trkpt>
    <trkpt lat="-29.0244038" lon="134.7344513">
      <ele>227.882</ele>
    </trkpt>
    <trkpt lat="-29.0243816" lon="134.7353321">
      <ele>230.774</ele>
    </trkpt>
    <trkpt lat="-29.0243349" lon="134.7361045">
      <ele>231.803</ele>
    </trkpt>
    <trkpt lat="-29.0243274" lon="134.7361748">
      <ele>231.7</ele>
    </trkpt>
    <trkpt lat="-29.0242843" lon="134.7365829">
      <ele>231.128</ele>
    </trkpt>
    <trkpt lat="-29.0242628" lon="134.736787">
      <ele>230.567</ele>
    </trkpt>
    <trkpt lat="-29.0242551" lon="134.7368597">
      <ele>230.305</ele>
    </trkpt>
    <trkpt lat="-29.0242403" lon="134.7369552">
      <ele>230.067</ele>
    </trkpt>
    <trkpt lat="-29.0242395" lon="134.7369601">
      <ele>230.098</ele>
    </trkpt>
    <trkpt lat="-29.0241769" lon="134.7373652">
      <ele>232.459</ele>
    </trkpt>
    <trkpt lat="-29.0241456" lon="134.7375678">
      <ele>232.641</ele>
    </trkpt>
    <trkpt lat="-29.024125" lon="134.737701">
      <ele>232.193</ele>
    </trkpt>
    <trkpt lat="-29.0241122" lon="134.7377642">
      <ele>232.03</ele>
    </trkpt>
    <trkpt lat="-29.0241053" lon="134.7377985">
      <ele>231.867</ele>
    </trkpt>
    <trkpt lat="-29.0239384" lon="134.738625">
      <ele>228.152</ele>
    </trkpt>
    <trkpt lat="-29.0237338" lon="134.739477">
      <ele>224.948</ele>
    </trkpt>
    <trkpt lat="-29.0235348" lon="134.7402895">
      <ele>224.714</ele>
    </trkpt>
    <trkpt lat="-29.0233898" lon="134.7408765">
      <ele>222.407</ele>
    </trkpt>
    <trkpt lat="-29.0232197" lon="134.7416471">
      <ele>220.802</ele>
    </trkpt>
    <trkpt lat="-29.0231545" lon="134.7419609">
      <ele>220.09</ele>
    </trkpt>
    <trkpt lat="-29.0230971" lon="134.7423023">
      <ele>220.089</ele>
    </trkpt>
    <trkpt lat="-29.0230652" lon="134.7425024">
      <ele>221.078</ele>
    </trkpt>
    <trkpt lat="-29.0229916" lon="134.7429497">
      <ele>222.476</ele>
    </trkpt>
    <trkpt lat="-29.0229129" lon="134.7436192">
      <ele>220.443</ele>
    </trkpt>
    <trkpt lat="-29.0228748" lon="134.7440357">
      <ele>219.529</ele>
    </trkpt>
    <trkpt lat="-29.0220544" lon="134.7442052">
      <ele>219.659</ele>
    </trkpt>
    <trkpt lat="-29.0216011" lon="134.7442988">
      <ele>219.839</ele>
    </trkpt>
    <trkpt lat="-29.02157" lon="134.7445281">
      <ele>221.66</ele>
    </trkpt>
    <trkpt lat="-29.0214816" lon="134.745189">
      <ele>224.079</ele>
    </trkpt>
    <trkpt lat="-29.021459" lon="134.7453492">
      <ele>222.224</ele>
    </trkpt>
    <trkpt lat="-29.0214276" lon="134.7455031">
      <ele>219.895</ele>
    </trkpt>
    <trkpt lat="-29.0213906" lon="134.745648">
      <ele>218.339</ele>
    </trkpt>
    <trkpt lat="-29.0213347" lon="134.7458308">
      <ele>217.795</ele>
    </trkpt>
    <trkpt lat="-29.0212982" lon="134.7459521">
      <ele>218.733</ele>
    </trkpt>
    <trkpt lat="-29.0210559" lon="134.7464404">
      <ele>222.185</ele>
    </trkpt>
    <trkpt lat="-29.0209135" lon="134.7466592">
      <ele>222.973</ele>
    </trkpt>
    <trkpt lat="-29.020704" lon="134.7469167">
      <ele>223.435</ele>
    </trkpt>
    <trkpt lat="-29.0199803" lon="134.7476563">
      <ele>217.29</ele>
    </trkpt>
    <trkpt lat="-29.0192733" lon="134.7483859">
      <ele>219.878</ele>
    </trkpt>
    <trkpt lat="-29.0189051" lon="134.7487659">
      <ele>222.531</ele>
    </trkpt>
    <trkpt lat="-29.0182272" lon="134.7494614">
      <ele>221.986</ele>
    </trkpt>
    <trkpt lat="-29.0175298" lon="134.7501918">
      <ele>219.78</ele>
    </trkpt>
    <trkpt lat="-29.0169104" lon="134.7508111">
      <ele>223.07</ele>
    </trkpt>
    <trkpt lat="-29.0164047" lon="134.7513685">
      <ele>220.22</ele>
    </trkpt>
    <trkpt lat="-29.0161437" lon="134.7518864">
      <ele>220.068</ele>
    </trkpt>
    <trkpt lat="-29.0159406" lon="134.7524536">
      <ele>222.117</ele>
    </trkpt>
    <trkpt lat="-29.0158748" lon="134.7524272">
      <ele>221.664</ele>
    </trkpt>
    <trkpt lat="-29.0157781" lon="134.7524042">
      <ele>221.379</ele>
    </trkpt>
    <trkpt lat="-29.0156779" lon="134.7523867">
      <ele>221.412</ele>
    </trkpt>
    <trkpt lat="-29.0155874" lon="134.7523938">
      <ele>221.574</ele>
    </trkpt>
    <trkpt lat="-29.0155185" lon="134.7523994">
      <ele>221.82</ele>
    </trkpt>
    <trkpt lat="-29.0154357" lon="134.7524256">
      <ele>222.279</ele>
    </trkpt>
    <trkpt lat="-29.0153938" lon="134.7524449">
      <ele>222.499</ele>
    </trkpt>
    <trkpt lat="-29.0153508" lon="134.7524646">
      <ele>222.704</ele>
    </trkpt>
    <trkpt lat="-29.0152694" lon="134.7525195">
      <ele>223.0</ele>
    </trkpt>
    <trkpt lat="-29.0150675" lon="134.752701">
      <ele>223.0</ele>
    </trkpt>
    <trkpt lat="-29.0148156" lon="134.7529628">
      <ele>224.554</ele>
    </trkpt>
    <trkpt lat="-29.0145669" lon="134.7532298">
      <ele>225.208</ele>
    </trkpt>
    <trkpt lat="-29.0138791" lon="134.7539592">
      <ele>227.974</ele>
    </trkpt>
    <trkpt lat="-29.0136774" lon="134.7541711">
      <ele>228.0</ele>
    </trkpt>
    <trkpt lat="-29.0136504" lon="134.7541776">
      <ele>228.0</ele>
    </trkpt>
    <trkpt lat="-29.0135928" lon="134.7542319">
      <ele>227.868</ele>
    </trkpt>
    <trkpt lat="-29.0135767" lon="134.7542542">
      <ele>227.752</ele>
    </trkpt>
    <trkpt lat="-29.0135372" lon="134.7543111">
      <ele>227.468</ele>
    </trkpt>
    <trkpt lat="-29.0135312" lon="134.7543105">
      <ele>227.425</ele>
    </trkpt>
    <trkpt lat="-29.0135262" lon="134.7543103">
      <ele>227.389</ele>
    </trkpt>
    <trkpt lat="-29.0135213" lon="134.7543103">
      <ele>227.353</ele>
    </trkpt>
    <trkpt lat="-29.0135163" lon="134.7543106">
      <ele>227.317</ele>
    </trkpt>
    <trkpt lat="-29.0135114" lon="134.7543112">
      <ele>227.282</ele>
    </trkpt>
    <trkpt lat="-29.0135064" lon="134.7543121">
      <ele>227.246</ele>
    </trkpt>
    <trkpt lat="-29.0135015" lon="134.7543132">
      <ele>227.211</ele>
    </trkpt>
    <trkpt lat="-29.0134967" lon="134.7543145">
      <ele>227.176</ele>
    </trkpt>
    <trkpt lat="-29.0134919" lon="134.7543162">
      <ele>227.142</ele>
    </trkpt>
    <trkpt lat="-29.0134872" lon="134.7543181">
      <ele>227.108</ele>
    </trkpt>
    <trkpt lat="-29.0134826" lon="134.7543202">
      <ele>227.075</ele>
    </trkpt>
    <trkpt lat="-29.013478" lon="134.7543226">
      <ele>227.042</ele>
    </trkpt>
    <trkpt lat="-29.0134736" lon="134.7543252">
      <ele>227.01</ele>
    </trkpt>
    <trkpt lat="-29.0134693" lon="134.7543281">
      <ele>226.979</ele>
    </trkpt>
    <trkpt lat="-29.0134651" lon="134.7543312">
      <ele>226.949</ele>
    </trkpt>
    <trkpt lat="-29.013461" lon="134.7543345">
      <ele>226.919</ele>
    </trkpt>
    <trkpt lat="-29.0134571" lon="134.754338">
      <ele>226.891</ele>
    </trkpt>
    <trkpt lat="-29.0134533" lon="134.7543417">
      <ele>226.864</ele>
    </trkpt>
    <trkpt lat="-29.0134497" lon="134.7543457">
      <ele>226.838</ele>
    </trkpt>
    <trkpt lat="-29.0134463" lon="134.7543498">
      <ele>226.813</ele>
    </trkpt>
    <trkpt lat="-29.013443" lon="134.7543541">
      <ele>226.79</ele>
    </trkpt>
    <trkpt lat="-29.0134399" lon="134.7543586">
      <ele>226.767</ele>
    </trkpt>
    <trkpt lat="-29.013437" lon="134.7543632">
      <ele>226.746</ele>
    </trkpt>
    <trkpt lat="-29.0134343" lon="134.754368">
      <ele>226.727</ele>
    </trkpt>
    <trkpt lat="-29.0134318" lon="134.7543729">
      <ele>226.709</ele>
    </trkpt>
    <trkpt lat="-29.0134295" lon="134.754378">
      <ele>226.692</ele>
    </trkpt>
    <trkpt lat="-29.0134268" lon="134.754384">
      <ele>226.673</ele>
    </trkpt>
    <trkpt lat="-29.0131502" lon="134.7544527">
      <ele>225.311</ele>
    </trkpt>
    <trkpt lat="-29.0130754" lon="134.7544785">
      <ele>224.949</ele>
    </trkpt>
    <trkpt lat="-29.0129785" lon="134.7544841">
      <ele>224.619</ele>
    </trkpt>
    <trkpt lat="-29.012941" lon="134.7544855">
      <ele>224.501</ele>
    </trkpt>
    <trkpt lat="-29.012859" lon="134.7544917">
      <ele>224.243</ele>
    </trkpt>
    <trkpt lat="-29.0127003" lon="134.754504">
      <ele>223.721</ele>
    </trkpt>
    <trkpt lat="-29.0125664" lon="134.7545156">
      <ele>223.239</ele>
    </trkpt>
    <trkpt lat="-29.012504" lon="134.7545251">
      <ele>223.014</ele>
    </trkpt>
    <trkpt lat="-29.0124404" lon="134.7545383">
      <ele>222.64</ele>
    </trkpt>
    <trkpt lat="-29.0123976" lon="134.7545513">
      <ele>222.348</ele>
    </trkpt>
    <trkpt lat="-29.012395" lon="134.7545511">
      <ele>222.332</ele>
    </trkpt>
    <trkpt lat="-29.012228" lon="134.7545912">
      <ele>220.986</ele>
    </trkpt>
    <trkpt lat="-29.0115793" lon="134.7547499">
      <ele>219.246</ele>
    </trkpt>
    <trkpt lat="-29.0112968" lon="134.7548418">
      <ele>219.668</ele>
    </trkpt>
    <trkpt lat="-29.0110279" lon="134.7549485">
      <ele>219.0</ele>
    </trkpt>
    <trkpt lat="-29.0096838" lon="134.7554816">
      <ele>213.862</ele>
    </trkpt>
  </trkseg>
</trk>
</gpx>
