<?xml version="1.0" encoding="utf-8" standalone="yes"?>
<gpx version="1.1" creator="GPS Visualizer https://www.gpsvisualizer.com/" xmlns="http://www.topografix.com/GPX/1/1" xmlns:xsi="http://www.w3.org/2001/XMLSchema-instance" xsi:schemaLocation="http://www.topografix.com/GPX/1/1 http://www.topografix.com/GPX/1/1/gpx.xsd http://www.garmin.com/xmlschemas/TrackPointExtension/v2 http://www.garmin.com/xmlschemas/TrackPointExtensionv2.xsd http://www.garmin.com/xmlschemas/GpxExtensions/v3 http://www.garmin.com/xmlschemas/GpxExtensionsv3.xsd" xmlns:gpxtpx="http://www.garmin.com/xmlschemas/TrackPointExtension/v2" xmlns:gpxx="http://www.garmin.com/xmlschemas/GpxExtensions/v3">
<trk>
  <name>Route10</name>
  <trkseg>
    <trkpt lat="-32.4925016" lon="137.7705481">
      <ele>17.0</ele>
    </trkpt>
    <trkpt lat="-32.4925016" lon="137.7705481">
      <ele>17.0</ele>
    </trkpt>
    <trkpt lat="-32.4925107" lon="137.7704274">
      <ele>17.018</ele>
    </trkpt>
    <trkpt lat="-32.4924428" lon="137.7701981">
      <ele>17.78</ele>
    </trkpt>
    <trkpt lat="-32.4924587" lon="137.7701672">
      <ele>17.945</ele>
    </trkpt>
    <trkpt lat="-32.4929157" lon="137.7697801">
      <ele>19.399</ele>
    </trkpt>
    <trkpt lat="-32.4931125" lon="137.7696134">
      <ele>18.92</ele>
    </trkpt>
    <trkpt lat="-32.4931679" lon="137.7695731">
      <ele>18.783</ele>
    </trkpt>
    <trkpt lat="-32.4932165" lon="137.7695637">
      <ele>18.669</ele>
    </trkpt>
    <trkpt lat="-32.4932697" lon="137.7695852">
      <ele>18.62</ele>
    </trkpt>
    <trkpt lat="-32.4937131" lon="137.7698239">
      <ele>19.367</ele>
    </trkpt>
    <trkpt lat="-32.4938769" lon="137.769912">
      <ele>19.957</ele>
    </trkpt>
    <trkpt lat="-32.4938952" lon="137.7699218">
      <ele>19.994</ele>
    </trkpt>
    <trkpt lat="-32.4940287" lon="137.7700117">
      <ele>19.979</ele>
    </trkpt>
    <trkpt lat="-32.4941486" lon="137.7701511">
      <ele>19.491</ele>
    </trkpt>
    <trkpt lat="-32.4942323" lon="137.7703054">
      <ele>18.717</ele>
    </trkpt>
    <trkpt lat="-32.4942708" lon="137.7704408">
      <ele>18.185</ele>
    </trkpt>
    <trkpt lat="-32.4942889" lon="137.7705575">
      <ele>17.677</ele>
    </trkpt>
    <trkpt lat="-32.4942911" lon="137.7706715">
      <ele>17.469</ele>
    </trkpt>
    <trkpt lat="-32.4943183" lon="137.7707949">
      <ele>16.892</ele>
    </trkpt>
    <trkpt lat="-32.4943152" lon="137.7709828">
      <ele>17.149</ele>
    </trkpt>
    <trkpt lat="-32.4943117" lon="137.7711961">
      <ele>17.287</ele>
    </trkpt>
    <trkpt lat="-32.4943115" lon="137.7712066">
      <ele>17.271</ele>
    </trkpt>
    <trkpt lat="-32.4942991" lon="137.7712549">
      <ele>17.299</ele>
    </trkpt>
    <trkpt lat="-32.4942708" lon="137.7712924">
      <ele>17.467</ele>
    </trkpt>
    <trkpt lat="-32.4938138" lon="137.7716907">
      <ele>16.184</ele>
    </trkpt>
    <trkpt lat="-32.4937516" lon="137.7717108">
      <ele>16.335</ele>
    </trkpt>
    <trkpt lat="-32.4936928" lon="137.7717055">
      <ele>16.566</ele>
    </trkpt>
    <trkpt lat="-32.4936136" lon="137.7716934">
      <ele>16.895</ele>
    </trkpt>
    <trkpt lat="-32.4934824" lon="137.7716719">
      <ele>16.99</ele>
    </trkpt>
    <trkpt lat="-32.4933874" lon="137.7717162">
      <ele>16.965</ele>
    </trkpt>
    <trkpt lat="-32.4930551" lon="137.7720127">
      <ele>16.247</ele>
    </trkpt>
    <trkpt lat="-32.4929771" lon="137.7720849">
      <ele>16.645</ele>
    </trkpt>
    <trkpt lat="-32.492962" lon="137.7721116">
      <ele>16.736</ele>
    </trkpt>
    <trkpt lat="-32.4928633" lon="137.7722863">
      <ele>17.0</ele>
    </trkpt>
    <trkpt lat="-32.4928092" lon="137.7723368">
      <ele>17.0</ele>
    </trkpt>
    <trkpt lat="-32.4926266" lon="137.772672">
      <ele>17.132</ele>
    </trkpt>
    <trkpt lat="-32.4926085" lon="137.7728642">
      <ele>16.109</ele>
    </trkpt>
    <trkpt lat="-32.4925983" lon="137.7728717">
      <ele>16.09</ele>
    </trkpt>
    <trkpt lat="-32.4925779" lon="137.7728903">
      <ele>16.023</ele>
    </trkpt>
    <trkpt lat="-32.4925503" lon="137.7729266">
      <ele>15.844</ele>
    </trkpt>
    <trkpt lat="-32.4923183" lon="137.7733484">
      <ele>13.237</ele>
    </trkpt>
    <trkpt lat="-32.4933253" lon="137.7741388">
      <ele>12.816</ele>
    </trkpt>
    <trkpt lat="-32.4934457" lon="137.7743165">
      <ele>12.358</ele>
    </trkpt>
    <trkpt lat="-32.4934449" lon="137.7743236">
      <ele>12.324</ele>
    </trkpt>
    <trkpt lat="-32.4934437" lon="137.7743306">
      <ele>12.289</ele>
    </trkpt>
    <trkpt lat="-32.4934428" lon="137.7743376">
      <ele>12.254</ele>
    </trkpt>
    <trkpt lat="-32.4934422" lon="137.7743446">
      <ele>12.221</ele>
    </trkpt>
    <trkpt lat="-32.4934419" lon="137.7743517">
      <ele>12.188</ele>
    </trkpt>
    <trkpt lat="-32.4934419" lon="137.7743587">
      <ele>12.158</ele>
    </trkpt>
    <trkpt lat="-32.4934422" lon="137.7743658">
      <ele>12.128</ele>
    </trkpt>
    <trkpt lat="-32.4934428" lon="137.7743728">
      <ele>12.101</ele>
    </trkpt>
    <trkpt lat="-32.4934438" lon="137.7743798">
      <ele>12.076</ele>
    </trkpt>
    <trkpt lat="-32.4934446" lon="137.7743824">
      <ele>12.069</ele>
    </trkpt>
    <trkpt lat="-32.493445" lon="137.7743868">
      <ele>12.052</ele>
    </trkpt>
    <trkpt lat="-32.4934465" lon="137.7743936">
      <ele>12.032</ele>
    </trkpt>
    <trkpt lat="-32.4934483" lon="137.7744004">
      <ele>12.014</ele>
    </trkpt>
    <trkpt lat="-32.4934505" lon="137.774407">
      <ele>11.999</ele>
    </trkpt>
    <trkpt lat="-32.4934529" lon="137.7744135">
      <ele>11.988</ele>
    </trkpt>
    <trkpt lat="-32.4934555" lon="137.7744198">
      <ele>11.979</ele>
    </trkpt>
    <trkpt lat="-32.4934623" lon="137.774433">
      <ele>11.973</ele>
    </trkpt>
    <trkpt lat="-32.4934658" lon="137.7744388">
      <ele>11.975</ele>
    </trkpt>
    <trkpt lat="-32.4934696" lon="137.7744443">
      <ele>11.982</ele>
    </trkpt>
    <trkpt lat="-32.4934736" lon="137.7744496">
      <ele>11.982</ele>
    </trkpt>
    <trkpt lat="-32.4934778" lon="137.7744546">
      <ele>11.985</ele>
    </trkpt>
    <trkpt lat="-32.4934822" lon="137.7744594">
      <ele>11.989</ele>
    </trkpt>
    <trkpt lat="-32.4934869" lon="137.7744638">
      <ele>11.997</ele>
    </trkpt>
    <trkpt lat="-32.4934917" lon="137.774468">
      <ele>12.007</ele>
    </trkpt>
    <trkpt lat="-32.4934967" lon="137.7744719">
      <ele>12.019</ele>
    </trkpt>
    <trkpt lat="-32.4935019" lon="137.7744755">
      <ele>12.034</ele>
    </trkpt>
    <trkpt lat="-32.4935072" lon="137.7744788">
      <ele>12.051</ele>
    </trkpt>
    <trkpt lat="-32.4935129" lon="137.7744826">
      <ele>12.067</ele>
    </trkpt>
    <trkpt lat="-32.4935182" lon="137.7744843">
      <ele>12.092</ele>
    </trkpt>
    <trkpt lat="-32.4935239" lon="137.7744865">
      <ele>12.117</ele>
    </trkpt>
    <trkpt lat="-32.4935296" lon="137.7744884">
      <ele>12.143</ele>
    </trkpt>
    <trkpt lat="-32.4935354" lon="137.77449">
      <ele>12.172</ele>
    </trkpt>
    <trkpt lat="-32.4935413" lon="137.7744912">
      <ele>12.203</ele>
    </trkpt>
    <trkpt lat="-32.4935473" lon="137.774492">
      <ele>12.237</ele>
    </trkpt>
    <trkpt lat="-32.4935549" lon="137.7744922">
      <ele>12.286</ele>
    </trkpt>
    <trkpt lat="-32.49356" lon="137.7744926">
      <ele>12.317</ele>
    </trkpt>
    <trkpt lat="-32.493566" lon="137.7744922">
      <ele>12.359</ele>
    </trkpt>
    <trkpt lat="-32.4935719" lon="137.7744915">
      <ele>12.403</ele>
    </trkpt>
    <trkpt lat="-32.4935778" lon="137.7744905">
      <ele>12.448</ele>
    </trkpt>
    <trkpt lat="-32.4935837" lon="137.7744891">
      <ele>12.497</ele>
    </trkpt>
    <trkpt lat="-32.4935895" lon="137.7744873">
      <ele>12.548</ele>
    </trkpt>
    <trkpt lat="-32.4935933" lon="137.7744862">
      <ele>12.581</ele>
    </trkpt>
    <trkpt lat="-32.4938943" lon="137.7748374">
      <ele>9.989</ele>
    </trkpt>
    <trkpt lat="-32.4945413" lon="137.7753584">
      <ele>10.0</ele>
    </trkpt>
    <trkpt lat="-32.4954449" lon="137.7760605">
      <ele>8.398</ele>
    </trkpt>
    <trkpt lat="-32.4963169" lon="137.7767551">
      <ele>10.0</ele>
    </trkpt>
    <trkpt lat="-32.4970162" lon="137.7773036">
      <ele>12.293</ele>
    </trkpt>
    <trkpt lat="-32.4970483" lon="137.7773294">
      <ele>12.386</ele>
    </trkpt>
    <trkpt lat="-32.4973806" lon="137.7775925">
      <ele>12.526</ele>
    </trkpt>
    <trkpt lat="-32.4976798" lon="137.7778294">
      <ele>11.55</ele>
    </trkpt>
    <trkpt lat="-32.4980105" lon="137.7780846">
      <ele>11.429</ele>
    </trkpt>
    <trkpt lat="-32.4981612" lon="137.7782009">
      <ele>10.944</ele>
    </trkpt>
    <trkpt lat="-32.4987642" lon="137.7786663">
      <ele>9.948</ele>
    </trkpt>
    <trkpt lat="-32.4989535" lon="137.778805">
      <ele>11.396</ele>
    </trkpt>
    <trkpt lat="-32.4991099" lon="137.7789195">
      <ele>12.133</ele>
    </trkpt>
    <trkpt lat="-32.4991708" lon="137.7788648">
      <ele>11.801</ele>
    </trkpt>
    <trkpt lat="-32.4992582" lon="137.7787838">
      <ele>10.958</ele>
    </trkpt>
    <trkpt lat="-32.4997032" lon="137.7783708">
      <ele>10.068</ele>
    </trkpt>
    <trkpt lat="-32.4997663" lon="137.7783123">
      <ele>9.778</ele>
    </trkpt>
    <trkpt lat="-32.4999413" lon="137.7781471">
      <ele>9.07</ele>
    </trkpt>
    <trkpt lat="-32.500235" lon="137.7785708">
      <ele>9.0</ele>
    </trkpt>
    <trkpt lat="-32.5004075" lon="137.7787922">
      <ele>9.347</ele>
    </trkpt>
    <trkpt lat="-32.5006856" lon="137.7791492">
      <ele>10.405</ele>
    </trkpt>
    <trkpt lat="-32.5007911" lon="137.7792662">
      <ele>11.261</ele>
    </trkpt>
    <trkpt lat="-32.5008954" lon="137.7793818">
      <ele>11.998</ele>
    </trkpt>
    <trkpt lat="-32.5009831" lon="137.7794779">
      <ele>12.715</ele>
    </trkpt>
    <trkpt lat="-32.501104" lon="137.7796031">
      <ele>13.56</ele>
    </trkpt>
    <trkpt lat="-32.5012147" lon="137.7797178">
      <ele>13.617</ele>
    </trkpt>
    <trkpt lat="-32.5013493" lon="137.7798498">
      <ele>13.602</ele>
    </trkpt>
    <trkpt lat="-32.5014361" lon="137.7799264">
      <ele>13.735</ele>
    </trkpt>
    <trkpt lat="-32.5017122" lon="137.7801558">
      <ele>14.092</ele>
    </trkpt>
    <trkpt lat="-32.5021043" lon="137.7804678">
      <ele>14.031</ele>
    </trkpt>
    <trkpt lat="-32.50224" lon="137.7805432">
      <ele>12.916</ele>
    </trkpt>
    <trkpt lat="-32.5031827" lon="137.7812763">
      <ele>11.51</ele>
    </trkpt>
    <trkpt lat="-32.5033657" lon="137.7814231">
      <ele>13.225</ele>
    </trkpt>
    <trkpt lat="-32.5035486" lon="137.78157">
      <ele>13.922</ele>
    </trkpt>
    <trkpt lat="-32.503681" lon="137.7816713">
      <ele>13.736</ele>
    </trkpt>
    <trkpt lat="-32.503735" lon="137.7817167">
      <ele>13.454</ele>
    </trkpt>
    <trkpt lat="-32.5038731" lon="137.7818393">
      <ele>13.022</ele>
    </trkpt>
    <trkpt lat="-32.5040178" lon="137.7819796">
      <ele>13.464</ele>
    </trkpt>
    <trkpt lat="-32.5042115" lon="137.7821945">
      <ele>13.839</ele>
    </trkpt>
    <trkpt lat="-32.5044102" lon="137.7824565">
      <ele>12.28</ele>
    </trkpt>
    <trkpt lat="-32.5045934" lon="137.7827395">
      <ele>10.928</ele>
    </trkpt>
    <trkpt lat="-32.5047473" lon="137.783022">
      <ele>10.71</ele>
    </trkpt>
    <trkpt lat="-32.5048854" lon="137.7833528">
      <ele>10.342</ele>
    </trkpt>
    <trkpt lat="-32.5049949" lon="137.7836442">
      <ele>8.897</ele>
    </trkpt>
    <trkpt lat="-32.5050866" lon="137.7838931">
      <ele>8.0</ele>
    </trkpt>
    <trkpt lat="-32.5050982" lon="137.7840114">
      <ele>8.0</ele>
    </trkpt>
    <trkpt lat="-32.5051034" lon="137.7840574">
      <ele>8.0</ele>
    </trkpt>
    <trkpt lat="-32.5051666" lon="137.7844541">
      <ele>8.049</ele>
    </trkpt>
    <trkpt lat="-32.5052295" lon="137.7847604">
      <ele>9.198</ele>
    </trkpt>
    <trkpt lat="-32.5052985" lon="137.7850403">
      <ele>9.064</ele>
    </trkpt>
    <trkpt lat="-32.5053141" lon="137.7851146">
      <ele>9.077</ele>
    </trkpt>
    <trkpt lat="-32.5053504" lon="137.785256">
      <ele>9.02</ele>
    </trkpt>
    <trkpt lat="-32.5054104" lon="137.7854607">
      <ele>8.686</ele>
    </trkpt>
    <trkpt lat="-32.5054656" lon="137.7856362">
      <ele>8.708</ele>
    </trkpt>
    <trkpt lat="-32.5055309" lon="137.7858338">
      <ele>9.182</ele>
    </trkpt>
    <trkpt lat="-32.505636" lon="137.7861243">
      <ele>10.963</ele>
    </trkpt>
    <trkpt lat="-32.5058093" lon="137.7865775">
      <ele>7.586</ele>
    </trkpt>
    <trkpt lat="-32.5058978" lon="137.7868044">
      <ele>7.117</ele>
    </trkpt>
    <trkpt lat="-32.5060253" lon="137.7871407">
      <ele>7.0</ele>
    </trkpt>
    <trkpt lat="-32.5061825" lon="137.7875789">
      <ele>7.476</ele>
    </trkpt>
    <trkpt lat="-32.5065983" lon="137.7887308">
      <ele>7.0</ele>
    </trkpt>
    <trkpt lat="-32.5070928" lon="137.7901128">
      <ele>7.0</ele>
    </trkpt>
    <trkpt lat="-32.5076506" lon="137.7916341">
      <ele>7.0</ele>
    </trkpt>
    <trkpt lat="-32.5081006" lon="137.7928824">
      <ele>7.0</ele>
    </trkpt>
    <trkpt lat="-32.508101" lon="137.7928834">
      <ele>7.0</ele>
    </trkpt>
    <trkpt lat="-32.508431" lon="137.793792">
      <ele>7.0</ele>
    </trkpt>
    <trkpt lat="-32.5085263" lon="137.7940532">
      <ele>7.0</ele>
    </trkpt>
    <trkpt lat="-32.5085754" lon="137.7941893">
      <ele>7.0</ele>
    </trkpt>
    <trkpt lat="-32.5087851" lon="137.7947546">
      <ele>7.0</ele>
    </trkpt>
    <trkpt lat="-32.508812" lon="137.7948251">
      <ele>7.0</ele>
    </trkpt>
    <trkpt lat="-32.5089473" lon="137.7951793">
      <ele>7.0</ele>
    </trkpt>
    <trkpt lat="-32.5090684" lon="137.7955203">
      <ele>9.162</ele>
    </trkpt>
    <trkpt lat="-32.5094739" lon="137.7966619">
      <ele>14.318</ele>
    </trkpt>
    <trkpt lat="-32.5099109" lon="137.7978923">
      <ele>12.908</ele>
    </trkpt>
    <trkpt lat="-32.5099169" lon="137.7979091">
      <ele>12.826</ele>
    </trkpt>
    <trkpt lat="-32.5100533" lon="137.7984329">
      <ele>11.547</ele>
    </trkpt>
    <trkpt lat="-32.5101508" lon="137.7989194">
      <ele>10.347</ele>
    </trkpt>
    <trkpt lat="-32.5103905" lon="137.8000882">
      <ele>10.0</ele>
    </trkpt>
    <trkpt lat="-32.510809" lon="137.8022547">
      <ele>8.825</ele>
    </trkpt>
    <trkpt lat="-32.5109546" lon="137.8030262">
      <ele>10.285</ele>
    </trkpt>
    <trkpt lat="-32.5110019" lon="137.8032617">
      <ele>10.448</ele>
    </trkpt>
    <trkpt lat="-32.511092" lon="137.8037292">
      <ele>11.396</ele>
    </trkpt>
    <trkpt lat="-32.5112206" lon="137.80441">
      <ele>12.876</ele>
    </trkpt>
    <trkpt lat="-32.5116059" lon="137.8064204">
      <ele>12.064</ele>
    </trkpt>
    <trkpt lat="-32.5119044" lon="137.8079451">
      <ele>11.738</ele>
    </trkpt>
    <trkpt lat="-32.5120163" lon="137.8085146">
      <ele>10.259</ele>
    </trkpt>
    <trkpt lat="-32.5120894" lon="137.8088157">
      <ele>10.906</ele>
    </trkpt>
    <trkpt lat="-32.5121271" lon="137.808971">
      <ele>11.315</ele>
    </trkpt>
    <trkpt lat="-32.5121941" lon="137.8091801">
      <ele>11.894</ele>
    </trkpt>
    <trkpt lat="-32.5122924" lon="137.8095651">
      <ele>13.747</ele>
    </trkpt>
    <trkpt lat="-32.5123677" lon="137.8098037">
      <ele>13.337</ele>
    </trkpt>
    <trkpt lat="-32.5124359" lon="137.8100185">
      <ele>12.933</ele>
    </trkpt>
    <trkpt lat="-32.5125758" lon="137.8104057">
      <ele>12.0</ele>
    </trkpt>
    <trkpt lat="-32.5128288" lon="137.8109907">
      <ele>11.449</ele>
    </trkpt>
    <trkpt lat="-32.513112" lon="137.8115533">
      <ele>10.184</ele>
    </trkpt>
    <trkpt lat="-32.5133496" lon="137.8119998">
      <ele>13.965</ele>
    </trkpt>
    <trkpt lat="-32.5133756" lon="137.8120424">
      <ele>13.955</ele>
    </trkpt>
    <trkpt lat="-32.5136342" lon="137.8124367">
      <ele>13.418</ele>
    </trkpt>
    <trkpt lat="-32.5136425" lon="137.8124485">
      <ele>13.329</ele>
    </trkpt>
    <trkpt lat="-32.5138679" lon="137.8127687">
      <ele>13.0</ele>
    </trkpt>
    <trkpt lat="-32.5141871" lon="137.8131955">
      <ele>14.0</ele>
    </trkpt>
    <trkpt lat="-32.5143079" lon="137.8133519">
      <ele>14.0</ele>
    </trkpt>
    <trkpt lat="-32.5143702" lon="137.8134287">
      <ele>14.0</ele>
    </trkpt>
    <trkpt lat="-32.5144867" lon="137.8135603">
      <ele>13.876</ele>
    </trkpt>
    <trkpt lat="-32.514697" lon="137.8137971">
      <ele>13.091</ele>
    </trkpt>
    <trkpt lat="-32.5148063" lon="137.8139097">
      <ele>13.075</ele>
    </trkpt>
    <trkpt lat="-32.5152898" lon="137.8144079">
      <ele>16.868</ele>
    </trkpt>
    <trkpt lat="-32.5163017" lon="137.8153552">
      <ele>14.226</ele>
    </trkpt>
    <trkpt lat="-32.5165846" lon="137.8156582">
      <ele>13.63</ele>
    </trkpt>
    <trkpt lat="-32.5167638" lon="137.8158499">
      <ele>13.29</ele>
    </trkpt>
    <trkpt lat="-32.5169743" lon="137.8161001">
      <ele>13.04</ele>
    </trkpt>
    <trkpt lat="-32.5172632" lon="137.8164333">
      <ele>13.024</ele>
    </trkpt>
    <trkpt lat="-32.5180287" lon="137.8175074">
      <ele>11.973</ele>
    </trkpt>
    <trkpt lat="-32.5185255" lon="137.8182749">
      <ele>13.238</ele>
    </trkpt>
    <trkpt lat="-32.5185577" lon="137.8183316">
      <ele>13.61</ele>
    </trkpt>
    <trkpt lat="-32.5185896" lon="137.818386">
      <ele>13.83</ele>
    </trkpt>
    <trkpt lat="-32.5188179" lon="137.8187475">
      <ele>13.509</ele>
    </trkpt>
    <trkpt lat="-32.5199925" lon="137.8206699">
      <ele>10.561</ele>
    </trkpt>
    <trkpt lat="-32.5207296" lon="137.8218714">
      <ele>15.493</ele>
    </trkpt>
    <trkpt lat="-32.5209503" lon="137.8221771">
      <ele>15.932</ele>
    </trkpt>
    <trkpt lat="-32.521209" lon="137.8226472">
      <ele>16.012</ele>
    </trkpt>
    <trkpt lat="-32.5216094" lon="137.8232932">
      <ele>14.351</ele>
    </trkpt>
    <trkpt lat="-32.5228699" lon="137.8253422">
      <ele>13.0</ele>
    </trkpt>
    <trkpt lat="-32.5233924" lon="137.8261546">
      <ele>12.392</ele>
    </trkpt>
    <trkpt lat="-32.5241339" lon="137.8272272">
      <ele>15.884</ele>
    </trkpt>
    <trkpt lat="-32.5244325" lon="137.8276492">
      <ele>14.529</ele>
    </trkpt>
    <trkpt lat="-32.5249118" lon="137.8282952">
      <ele>15.137</ele>
    </trkpt>
    <trkpt lat="-32.5252378" lon="137.8287706">
      <ele>17.337</ele>
    </trkpt>
    <trkpt lat="-32.5256747" lon="137.8294309">
      <ele>13.958</ele>
    </trkpt>
    <trkpt lat="-32.5257545" lon="137.8295089">
      <ele>14.232</ele>
    </trkpt>
    <trkpt lat="-32.5268533" lon="137.8313243">
      <ele>16.736</ele>
    </trkpt>
    <trkpt lat="-32.5272877" lon="137.8320386">
      <ele>15.046</ele>
    </trkpt>
    <trkpt lat="-32.5273459" lon="137.832133">
      <ele>16.015</ele>
    </trkpt>
    <trkpt lat="-32.5274681" lon="137.8323313">
      <ele>17.655</ele>
    </trkpt>
    <trkpt lat="-32.527881" lon="137.8330043">
      <ele>17.788</ele>
    </trkpt>
    <trkpt lat="-32.5295347" lon="137.8356997">
      <ele>16.245</ele>
    </trkpt>
    <trkpt lat="-32.530634" lon="137.837488">
      <ele>23.957</ele>
    </trkpt>
    <trkpt lat="-32.5306444" lon="137.8375049">
      <ele>23.925</ele>
    </trkpt>
    <trkpt lat="-32.53074" lon="137.8376603">
      <ele>20.736</ele>
    </trkpt>
    <trkpt lat="-32.5307504" lon="137.8376773">
      <ele>20.294</ele>
    </trkpt>
    <trkpt lat="-32.5338538" lon="137.8427261">
      <ele>20.308</ele>
    </trkpt>
    <trkpt lat="-32.5345922" lon="137.8439357">
      <ele>19.831</ele>
    </trkpt>
    <trkpt lat="-32.5346482" lon="137.8440274">
      <ele>19.501</ele>
    </trkpt>
    <trkpt lat="-32.5348961" lon="137.8443824">
      <ele>19.14</ele>
    </trkpt>
    <trkpt lat="-32.5350996" lon="137.8447162">
      <ele>18.641</ele>
    </trkpt>
    <trkpt lat="-32.5355648" lon="137.8454698">
      <ele>19.702</ele>
    </trkpt>
    <trkpt lat="-32.5365929" lon="137.8471351">
      <ele>19.0</ele>
    </trkpt>
    <trkpt lat="-32.5371775" lon="137.8481041">
      <ele>20.839</ele>
    </trkpt>
    <trkpt lat="-32.5377474" lon="137.8490445">
      <ele>17.232</ele>
    </trkpt>
    <trkpt lat="-32.5380386" lon="137.8495082">
      <ele>17.483</ele>
    </trkpt>
    <trkpt lat="-32.5400451" lon="137.852796">
      <ele>21.166</ele>
    </trkpt>
    <trkpt lat="-32.5405874" lon="137.8536001">
      <ele>25.885</ele>
    </trkpt>
    <trkpt lat="-32.5407915" lon="137.8538728">
      <ele>24.35</ele>
    </trkpt>
    <trkpt lat="-32.5410564" lon="137.8542172">
      <ele>22.576</ele>
    </trkpt>
    <trkpt lat="-32.5413992" lon="137.8546292">
      <ele>22.702</ele>
    </trkpt>
    <trkpt lat="-32.5415282" lon="137.8547817">
      <ele>23.716</ele>
    </trkpt>
    <trkpt lat="-32.5416846" lon="137.8549679">
      <ele>24.892</ele>
    </trkpt>
    <trkpt lat="-32.5418828" lon="137.8551856">
      <ele>24.332</ele>
    </trkpt>
    <trkpt lat="-32.5422511" lon="137.8555701">
      <ele>23.099</ele>
    </trkpt>
    <trkpt lat="-32.5424443" lon="137.8557667">
      <ele>23.192</ele>
    </trkpt>
    <trkpt lat="-32.5425216" lon="137.8558434">
      <ele>23.075</ele>
    </trkpt>
    <trkpt lat="-32.5427175" lon="137.8560305">
      <ele>23.227</ele>
    </trkpt>
    <trkpt lat="-32.5430831" lon="137.8563519">
      <ele>24.0</ele>
    </trkpt>
    <trkpt lat="-32.5433885" lon="137.8566023">
      <ele>24.153</ele>
    </trkpt>
    <trkpt lat="-32.5438164" lon="137.8569318">
      <ele>25.0</ele>
    </trkpt>
    <trkpt lat="-32.5466038" lon="137.8589849">
      <ele>24.959</ele>
    </trkpt>
    <trkpt lat="-32.5470032" lon="137.8592772">
      <ele>24.212</ele>
    </trkpt>
    <trkpt lat="-32.5513362" lon="137.8624435">
      <ele>27.975</ele>
    </trkpt>
    <trkpt lat="-32.5520831" lon="137.8629978">
      <ele>25.0</ele>
    </trkpt>
    <trkpt lat="-32.554247" lon="137.8645773">
      <ele>22.269</ele>
    </trkpt>
    <trkpt lat="-32.5558564" lon="137.8657399">
      <ele>22.308</ele>
    </trkpt>
    <trkpt lat="-32.5565223" lon="137.8661993">
      <ele>21.52</ele>
    </trkpt>
    <trkpt lat="-32.5575255" lon="137.8668666">
      <ele>19.654</ele>
    </trkpt>
    <trkpt lat="-32.5618656" lon="137.869808">
      <ele>28.0</ele>
    </trkpt>
    <trkpt lat="-32.5711108" lon="137.8760957">
      <ele>24.006</ele>
    </trkpt>
    <trkpt lat="-32.5719002" lon="137.876598">
      <ele>24.367</ele>
    </trkpt>
    <trkpt lat="-32.5731873" lon="137.8775557">
      <ele>28.621</ele>
    </trkpt>
    <trkpt lat="-32.5734227" lon="137.8776984">
      <ele>28.393</ele>
    </trkpt>
    <trkpt lat="-32.574077" lon="137.8781114">
      <ele>28.082</ele>
    </trkpt>
    <trkpt lat="-32.5743721" lon="137.8783351">
      <ele>24.785</ele>
    </trkpt>
    <trkpt lat="-32.5785787" lon="137.8813238">
      <ele>30.676</ele>
    </trkpt>
    <trkpt lat="-32.5826122" lon="137.8841508">
      <ele>28.909</ele>
    </trkpt>
    <trkpt lat="-32.5827239" lon="137.8842304">
      <ele>29.0</ele>
    </trkpt>
    <trkpt lat="-32.5840599" lon="137.885192">
      <ele>30.957</ele>
    </trkpt>
    <trkpt lat="-32.58548" lon="137.8862598">
      <ele>31.807</ele>
    </trkpt>
    <trkpt lat="-32.5879929" lon="137.8879895">
      <ele>30.816</ele>
    </trkpt>
    <trkpt lat="-32.5927173" lon="137.8913872">
      <ele>31.781</ele>
    </trkpt>
    <trkpt lat="-32.5931606" lon="137.8916646">
      <ele>31.375</ele>
    </trkpt>
    <trkpt lat="-32.5958385" lon="137.8936208">
      <ele>31.001</ele>
    </trkpt>
    <trkpt lat="-32.5993212" lon="137.8960247">
      <ele>31.684</ele>
    </trkpt>
    <trkpt lat="-32.5998777" lon="137.896436">
      <ele>34.17</ele>
    </trkpt>
    <trkpt lat="-32.601488" lon="137.8975717">
      <ele>33.901</ele>
    </trkpt>
    <trkpt lat="-32.6017887" lon="137.8978191">
      <ele>33.27</ele>
    </trkpt>
    <trkpt lat="-32.6028577" lon="137.8985326">
      <ele>32.086</ele>
    </trkpt>
    <trkpt lat="-32.60504" lon="137.9001358">
      <ele>34.074</ele>
    </trkpt>
    <trkpt lat="-32.6054772" lon="137.9004562">
      <ele>33.463</ele>
    </trkpt>
    <trkpt lat="-32.6066803" lon="137.9012678">
      <ele>34.122</ele>
    </trkpt>
    <trkpt lat="-32.6073845" lon="137.9018037">
      <ele>34.493</ele>
    </trkpt>
    <trkpt lat="-32.6086905" lon="137.9027593">
      <ele>39.6</ele>
    </trkpt>
    <trkpt lat="-32.6104194" lon="137.9038824">
      <ele>37.965</ele>
    </trkpt>
    <trkpt lat="-32.6117106" lon="137.9048541">
      <ele>38.683</ele>
    </trkpt>
    <trkpt lat="-32.612958" lon="137.905722">
      <ele>39.26</ele>
    </trkpt>
    <trkpt lat="-32.6137457" lon="137.9062941">
      <ele>39.969</ele>
    </trkpt>
    <trkpt lat="-32.6142716" lon="137.9066861">
      <ele>39.86</ele>
    </trkpt>
    <trkpt lat="-32.6146536" lon="137.9069708">
      <ele>38.0</ele>
    </trkpt>
    <trkpt lat="-32.6156902" lon="137.9077284">
      <ele>41.736</ele>
    </trkpt>
    <trkpt lat="-32.6169379" lon="137.9085917">
      <ele>41.978</ele>
    </trkpt>
    <trkpt lat="-32.6175159" lon="137.9089758">
      <ele>41.943</ele>
    </trkpt>
    <trkpt lat="-32.6182739" lon="137.9094601">
      <ele>40.258</ele>
    </trkpt>
    <trkpt lat="-32.6194689" lon="137.9103803">
      <ele>39.706</ele>
    </trkpt>
    <trkpt lat="-32.6203369" lon="137.9109546">
      <ele>40.66</ele>
    </trkpt>
    <trkpt lat="-32.6210231" lon="137.9114117">
      <ele>40.317</ele>
    </trkpt>
    <trkpt lat="-32.6215444" lon="137.9118366">
      <ele>40.217</ele>
    </trkpt>
    <trkpt lat="-32.623143" lon="137.9129184">
      <ele>40.494</ele>
    </trkpt>
    <trkpt lat="-32.623838" lon="137.9134154">
      <ele>40.241</ele>
    </trkpt>
    <trkpt lat="-32.6242767" lon="137.9137274">
      <ele>40.23</ele>
    </trkpt>
    <trkpt lat="-32.6249106" lon="137.9141823">
      <ele>38.74</ele>
    </trkpt>
    <trkpt lat="-32.6249839" lon="137.9142376">
      <ele>38.823</ele>
    </trkpt>
    <trkpt lat="-32.6261072" lon="137.9150852">
      <ele>38.982</ele>
    </trkpt>
    <trkpt lat="-32.6264183" lon="137.9153265">
      <ele>42.106</ele>
    </trkpt>
    <trkpt lat="-32.6264599" lon="137.9153559">
      <ele>42.256</ele>
    </trkpt>
    <trkpt lat="-32.6271904" lon="137.9158116">
      <ele>42.045</ele>
    </trkpt>
    <trkpt lat="-32.6273843" lon="137.915938">
      <ele>40.846</ele>
    </trkpt>
    <trkpt lat="-32.6275208" lon="137.916031">
      <ele>40.295</ele>
    </trkpt>
    <trkpt lat="-32.6277354" lon="137.9161834">
      <ele>39.786</ele>
    </trkpt>
    <trkpt lat="-32.6279617" lon="137.9164198">
      <ele>40.56</ele>
    </trkpt>
    <trkpt lat="-32.6283431" lon="137.9166106">
      <ele>41.596</ele>
    </trkpt>
    <trkpt lat="-32.6286891" lon="137.9169265">
      <ele>43.871</ele>
    </trkpt>
    <trkpt lat="-32.6307804" lon="137.9183786">
      <ele>41.405</ele>
    </trkpt>
    <trkpt lat="-32.6311201" lon="137.9185748">
      <ele>44.906</ele>
    </trkpt>
    <trkpt lat="-32.6318367" lon="137.9191449">
      <ele>42.595</ele>
    </trkpt>
    <trkpt lat="-32.6322735" lon="137.9193947">
      <ele>42.664</ele>
    </trkpt>
    <trkpt lat="-32.6324761" lon="137.9195176">
      <ele>41.149</ele>
    </trkpt>
    <trkpt lat="-32.6331178" lon="137.9199548">
      <ele>41.47</ele>
    </trkpt>
    <trkpt lat="-32.6335171" lon="137.9201934">
      <ele>40.764</ele>
    </trkpt>
    <trkpt lat="-32.6352398" lon="137.9212167">
      <ele>41.189</ele>
    </trkpt>
    <trkpt lat="-32.6364258" lon="137.9218346">
      <ele>42.815</ele>
    </trkpt>
    <trkpt lat="-32.6369502" lon="137.9220549">
      <ele>41.406</ele>
    </trkpt>
    <trkpt lat="-32.6375374" lon="137.9223013">
      <ele>43.865</ele>
    </trkpt>
    <trkpt lat="-32.6382564" lon="137.9225777">
      <ele>43.0</ele>
    </trkpt>
    <trkpt lat="-32.6387666" lon="137.9227542">
      <ele>42.952</ele>
    </trkpt>
    <trkpt lat="-32.6401803" lon="137.9232052">
      <ele>41.921</ele>
    </trkpt>
    <trkpt lat="-32.6405731" lon="137.9233722">
      <ele>42.806</ele>
    </trkpt>
    <trkpt lat="-32.6410622" lon="137.9234979">
      <ele>41.176</ele>
    </trkpt>
    <trkpt lat="-32.641574" lon="137.92358">
      <ele>39.334</ele>
    </trkpt>
    <trkpt lat="-32.6429932" lon="137.9240365">
      <ele>41.469</ele>
    </trkpt>
    <trkpt lat="-32.6443447" lon="137.9243892">
      <ele>39.73</ele>
    </trkpt>
    <trkpt lat="-32.6453982" lon="137.9246621">
      <ele>39.0</ele>
    </trkpt>
    <trkpt lat="-32.645693" lon="137.9247387">
      <ele>38.04</ele>
    </trkpt>
    <trkpt lat="-32.6501281" lon="137.925913">
      <ele>38.826</ele>
    </trkpt>
    <trkpt lat="-32.6507576" lon="137.9260765">
      <ele>38.637</ele>
    </trkpt>
    <trkpt lat="-32.6517235" lon="137.926338">
      <ele>36.65</ele>
    </trkpt>
    <trkpt lat="-32.6523625" lon="137.9265094">
      <ele>37.225</ele>
    </trkpt>
    <trkpt lat="-32.6528485" lon="137.9266385">
      <ele>38.338</ele>
    </trkpt>
    <trkpt lat="-32.6532415" lon="137.9267431">
      <ele>35.909</ele>
    </trkpt>
    <trkpt lat="-32.6533959" lon="137.9267839">
      <ele>36.581</ele>
    </trkpt>
    <trkpt lat="-32.6540415" lon="137.926962">
      <ele>38.422</ele>
    </trkpt>
    <trkpt lat="-32.6546295" lon="137.9271282">
      <ele>38.887</ele>
    </trkpt>
    <trkpt lat="-32.6559018" lon="137.9275079">
      <ele>35.261</ele>
    </trkpt>
    <trkpt lat="-32.6563839" lon="137.927658">
      <ele>36.413</ele>
    </trkpt>
    <trkpt lat="-32.6565579" lon="137.9277123">
      <ele>36.092</ele>
    </trkpt>
    <trkpt lat="-32.6567674" lon="137.9277791">
      <ele>36.366</ele>
    </trkpt>
    <trkpt lat="-32.6571744" lon="137.9279088">
      <ele>35.782</ele>
    </trkpt>
    <trkpt lat="-32.6579179" lon="137.9281569">
      <ele>35.009</ele>
    </trkpt>
    <trkpt lat="-32.6584965" lon="137.9283531">
      <ele>38.0</ele>
    </trkpt>
    <trkpt lat="-32.6590757" lon="137.9285535">
      <ele>35.587</ele>
    </trkpt>
    <trkpt lat="-32.6597958" lon="137.9287725">
      <ele>33.957</ele>
    </trkpt>
    <trkpt lat="-32.6602089" lon="137.928925">
      <ele>36.536</ele>
    </trkpt>
    <trkpt lat="-32.6605415" lon="137.9291181">
      <ele>36.217</ele>
    </trkpt>
    <trkpt lat="-32.6608197" lon="137.9292197">
      <ele>34.868</ele>
    </trkpt>
    <trkpt lat="-32.6624759" lon="137.9298668">
      <ele>36.958</ele>
    </trkpt>
    <trkpt lat="-32.6670315" lon="137.9317752">
      <ele>37.0</ele>
    </trkpt>
    <trkpt lat="-32.6672836" lon="137.9318808">
      <ele>36.779</ele>
    </trkpt>
    <trkpt lat="-32.6690235" lon="137.9326097">
      <ele>35.485</ele>
    </trkpt>
    <trkpt lat="-32.6691221" lon="137.932651">
      <ele>35.84</ele>
    </trkpt>
    <trkpt lat="-32.6701374" lon="137.9330764">
      <ele>35.42</ele>
    </trkpt>
    <trkpt lat="-32.6702937" lon="137.9331419">
      <ele>35.822</ele>
    </trkpt>
    <trkpt lat="-32.6703887" lon="137.9331817">
      <ele>36.526</ele>
    </trkpt>
    <trkpt lat="-32.671951" lon="137.9338531">
      <ele>39.766</ele>
    </trkpt>
    <trkpt lat="-32.6731435" lon="137.9343479">
      <ele>40.207</ele>
    </trkpt>
    <trkpt lat="-32.6735436" lon="137.9345167">
      <ele>41.0</ele>
    </trkpt>
    <trkpt lat="-32.6740337" lon="137.9347236">
      <ele>40.524</ele>
    </trkpt>
    <trkpt lat="-32.6741505" lon="137.9347749">
      <ele>40.953</ele>
    </trkpt>
    <trkpt lat="-32.6743512" lon="137.9348647">
      <ele>40.336</ele>
    </trkpt>
    <trkpt lat="-32.6752999" lon="137.9352634">
      <ele>42.088</ele>
    </trkpt>
    <trkpt lat="-32.6769133" lon="137.9359503">
      <ele>40.645</ele>
    </trkpt>
    <trkpt lat="-32.6774922" lon="137.9361971">
      <ele>42.29</ele>
    </trkpt>
    <trkpt lat="-32.6790544" lon="137.936852">
      <ele>42.596</ele>
    </trkpt>
    <trkpt lat="-32.6797086" lon="137.9371148">
      <ele>45.196</ele>
    </trkpt>
    <trkpt lat="-32.680468" lon="137.9374259">
      <ele>44.582</ele>
    </trkpt>
    <trkpt lat="-32.6807755" lon="137.9375527">
      <ele>44.792</ele>
    </trkpt>
    <trkpt lat="-32.6812453" lon="137.9377354">
      <ele>47.0</ele>
    </trkpt>
    <trkpt lat="-32.6818382" lon="137.9379642">
      <ele>47.874</ele>
    </trkpt>
    <trkpt lat="-32.6826127" lon="137.9382522">
      <ele>48.065</ele>
    </trkpt>
    <trkpt lat="-32.6830488" lon="137.9384083">
      <ele>46.852</ele>
    </trkpt>
    <trkpt lat="-32.6837156" lon="137.9386405">
      <ele>52.482</ele>
    </trkpt>
    <trkpt lat="-32.6849518" lon="137.9390866">
      <ele>49.174</ele>
    </trkpt>
    <trkpt lat="-32.6852124" lon="137.9391731">
      <ele>50.558</ele>
    </trkpt>
    <trkpt lat="-32.6858866" lon="137.9394007">
      <ele>52.877</ele>
    </trkpt>
    <trkpt lat="-32.6859741" lon="137.9394317">
      <ele>53.415</ele>
    </trkpt>
    <trkpt lat="-32.6860203" lon="137.9394503">
      <ele>53.673</ele>
    </trkpt>
    <trkpt lat="-32.6872896" lon="137.9398907">
      <ele>53.636</ele>
    </trkpt>
    <trkpt lat="-32.68762" lon="137.9400033">
      <ele>54.432</ele>
    </trkpt>
    <trkpt lat="-32.6887206" lon="137.9403708">
      <ele>55.597</ele>
    </trkpt>
    <trkpt lat="-32.6891982" lon="137.940506">
      <ele>55.822</ele>
    </trkpt>
    <trkpt lat="-32.6903806" lon="137.9409034">
      <ele>59.589</ele>
    </trkpt>
    <trkpt lat="-32.6906872" lon="137.9410024">
      <ele>58.917</ele>
    </trkpt>
    <trkpt lat="-32.6907875" lon="137.9410276">
      <ele>58.466</ele>
    </trkpt>
    <trkpt lat="-32.6912021" lon="137.941146">
      <ele>56.629</ele>
    </trkpt>
    <trkpt lat="-32.6919451" lon="137.941341">
      <ele>58.0</ele>
    </trkpt>
    <trkpt lat="-32.6929171" lon="137.9415533">
      <ele>58.795</ele>
    </trkpt>
    <trkpt lat="-32.6940339" lon="137.9417789">
      <ele>58.927</ele>
    </trkpt>
    <trkpt lat="-32.6951521" lon="137.9419661">
      <ele>60.566</ele>
    </trkpt>
    <trkpt lat="-32.6960214" lon="137.9420865">
      <ele>60.842</ele>
    </trkpt>
    <trkpt lat="-32.6962366" lon="137.9421028">
      <ele>60.548</ele>
    </trkpt>
    <trkpt lat="-32.6965518" lon="137.942151">
      <ele>58.977</ele>
    </trkpt>
    <trkpt lat="-32.696801" lon="137.9421832">
      <ele>58.073</ele>
    </trkpt>
    <trkpt lat="-32.6975382" lon="137.942253">
      <ele>61.138</ele>
    </trkpt>
    <trkpt lat="-32.6980944" lon="137.9422856">
      <ele>60.804</ele>
    </trkpt>
    <trkpt lat="-32.6983495" lon="137.9423071">
      <ele>61.036</ele>
    </trkpt>
    <trkpt lat="-32.6992117" lon="137.942351">
      <ele>58.551</ele>
    </trkpt>
    <trkpt lat="-32.700049" lon="137.9423671">
      <ele>60.388</ele>
    </trkpt>
    <trkpt lat="-32.7007922" lon="137.9423648">
      <ele>62.563</ele>
    </trkpt>
    <trkpt lat="-32.7018827" lon="137.9423621">
      <ele>57.719</ele>
    </trkpt>
    <trkpt lat="-32.7023934" lon="137.9423322">
      <ele>60.837</ele>
    </trkpt>
    <trkpt lat="-32.7029629" lon="137.9422991">
      <ele>60.944</ele>
    </trkpt>
    <trkpt lat="-32.7035044" lon="137.9422737">
      <ele>59.442</ele>
    </trkpt>
    <trkpt lat="-32.7038638" lon="137.9422389">
      <ele>59.921</ele>
    </trkpt>
    <trkpt lat="-32.7043728" lon="137.9421849">
      <ele>61.777</ele>
    </trkpt>
    <trkpt lat="-32.7046555" lon="137.9421597">
      <ele>61.24</ele>
    </trkpt>
    <trkpt lat="-32.7053876" lon="137.9420745">
      <ele>59.468</ele>
    </trkpt>
    <trkpt lat="-32.7066346" lon="137.9418861">
      <ele>59.58</ele>
    </trkpt>
    <trkpt lat="-32.7071203" lon="137.9417985">
      <ele>58.034</ele>
    </trkpt>
    <trkpt lat="-32.7079756" lon="137.9416353">
      <ele>57.887</ele>
    </trkpt>
    <trkpt lat="-32.7086995" lon="137.9414817">
      <ele>56.774</ele>
    </trkpt>
    <trkpt lat="-32.7092508" lon="137.9413605">
      <ele>56.697</ele>
    </trkpt>
    <trkpt lat="-32.7095921" lon="137.9412861">
      <ele>55.468</ele>
    </trkpt>
    <trkpt lat="-32.7105715" lon="137.9410737">
      <ele>56.673</ele>
    </trkpt>
    <trkpt lat="-32.7109219" lon="137.9409957">
      <ele>54.664</ele>
    </trkpt>
    <trkpt lat="-32.711975" lon="137.9407725">
      <ele>52.196</ele>
    </trkpt>
    <trkpt lat="-32.7120892" lon="137.9407322">
      <ele>52.853</ele>
    </trkpt>
    <trkpt lat="-32.7123005" lon="137.9406912">
      <ele>53.633</ele>
    </trkpt>
    <trkpt lat="-32.7126219" lon="137.9406288">
      <ele>53.884</ele>
    </trkpt>
    <trkpt lat="-32.7129996" lon="137.9405572">
      <ele>53.196</ele>
    </trkpt>
    <trkpt lat="-32.7134682" lon="137.9404705">
      <ele>51.672</ele>
    </trkpt>
    <trkpt lat="-32.7137768" lon="137.9404157">
      <ele>51.3</ele>
    </trkpt>
    <trkpt lat="-32.714143" lon="137.9403609">
      <ele>51.701</ele>
    </trkpt>
    <trkpt lat="-32.7144567" lon="137.9403092">
      <ele>50.966</ele>
    </trkpt>
    <trkpt lat="-32.7147461" lon="137.9402681">
      <ele>49.962</ele>
    </trkpt>
    <trkpt lat="-32.7150803" lon="137.9402224">
      <ele>49.601</ele>
    </trkpt>
    <trkpt lat="-32.7153112" lon="137.9401916">
      <ele>49.454</ele>
    </trkpt>
    <trkpt lat="-32.7155313" lon="137.9401603">
      <ele>49.926</ele>
    </trkpt>
    <trkpt lat="-32.7156819" lon="137.9401415">
      <ele>50.223</ele>
    </trkpt>
    <trkpt lat="-32.7160221" lon="137.9401027">
      <ele>50.379</ele>
    </trkpt>
    <trkpt lat="-32.7164255" lon="137.9400577">
      <ele>48.556</ele>
    </trkpt>
    <trkpt lat="-32.716547" lon="137.9400438">
      <ele>47.794</ele>
    </trkpt>
    <trkpt lat="-32.7166235" lon="137.9400351">
      <ele>47.291</ele>
    </trkpt>
    <trkpt lat="-32.7169321" lon="137.9400051">
      <ele>47.0</ele>
    </trkpt>
    <trkpt lat="-32.7173576" lon="137.9399613">
      <ele>48.071</ele>
    </trkpt>
    <trkpt lat="-32.7181149" lon="137.9399104">
      <ele>45.254</ele>
    </trkpt>
    <trkpt lat="-32.7183335" lon="137.9398913">
      <ele>44.999</ele>
    </trkpt>
    <trkpt lat="-32.7191593" lon="137.9398502">
      <ele>42.012</ele>
    </trkpt>
    <trkpt lat="-32.7197988" lon="137.9398174">
      <ele>42.0</ele>
    </trkpt>
    <trkpt lat="-32.7201498" lon="137.9398115">
      <ele>41.461</ele>
    </trkpt>
    <trkpt lat="-32.7206021" lon="137.9398002">
      <ele>41.719</ele>
    </trkpt>
    <trkpt lat="-32.7209881" lon="137.9397912">
      <ele>40.637</ele>
    </trkpt>
    <trkpt lat="-32.7213457" lon="137.9397947">
      <ele>38.895</ele>
    </trkpt>
    <trkpt lat="-32.7217563" lon="137.9398002">
      <ele>36.909</ele>
    </trkpt>
    <trkpt lat="-32.722288" lon="137.9398115">
      <ele>38.152</ele>
    </trkpt>
    <trkpt lat="-32.7228481" lon="137.9398295">
      <ele>37.396</ele>
    </trkpt>
    <trkpt lat="-32.7230781" lon="137.9398446">
      <ele>35.397</ele>
    </trkpt>
    <trkpt lat="-32.7241489" lon="137.9399075">
      <ele>32.667</ele>
    </trkpt>
    <trkpt lat="-32.7247979" lon="137.9399538">
      <ele>33.0</ele>
    </trkpt>
    <trkpt lat="-32.7257603" lon="137.940033">
      <ele>31.501</ele>
    </trkpt>
    <trkpt lat="-32.7284604" lon="137.9403089">
      <ele>29.0</ele>
    </trkpt>
    <trkpt lat="-32.729344" lon="137.940452">
      <ele>28.6</ele>
    </trkpt>
    <trkpt lat="-32.7299572" lon="137.9405515">
      <ele>29.709</ele>
    </trkpt>
    <trkpt lat="-32.7312051" lon="137.9407228">
      <ele>28.0</ele>
    </trkpt>
    <trkpt lat="-32.7313869" lon="137.9407509">
      <ele>27.708</ele>
    </trkpt>
    <trkpt lat="-32.7347786" lon="137.941222">
      <ele>26.919</ele>
    </trkpt>
    <trkpt lat="-32.7347806" lon="137.9412223">
      <ele>26.916</ele>
    </trkpt>
    <trkpt lat="-32.7349574" lon="137.9412493">
      <ele>26.579</ele>
    </trkpt>
    <trkpt lat="-32.734959" lon="137.9412495">
      <ele>26.575</ele>
    </trkpt>
    <trkpt lat="-32.7350774" lon="137.9412662">
      <ele>25.884</ele>
    </trkpt>
    <trkpt lat="-32.7353146" lon="137.9412994">
      <ele>24.237</ele>
    </trkpt>
    <trkpt lat="-32.7354949" lon="137.9413247">
      <ele>23.87</ele>
    </trkpt>
    <trkpt lat="-32.7356718" lon="137.9413495">
      <ele>23.44</ele>
    </trkpt>
    <trkpt lat="-32.7361383" lon="137.9414147">
      <ele>21.177</ele>
    </trkpt>
    <trkpt lat="-32.7382426" lon="137.9417541">
      <ele>14.99</ele>
    </trkpt>
    <trkpt lat="-32.73948" lon="137.9420318">
      <ele>12.499</ele>
    </trkpt>
    <trkpt lat="-32.7409762" lon="137.9424516">
      <ele>12.575</ele>
    </trkpt>
    <trkpt lat="-32.7410952" lon="137.9424884">
      <ele>12.097</ele>
    </trkpt>
    <trkpt lat="-32.7421845" lon="137.9428673">
      <ele>12.857</ele>
    </trkpt>
    <trkpt lat="-32.742193" lon="137.9428704">
      <ele>12.807</ele>
    </trkpt>
    <trkpt lat="-32.7423565" lon="137.9429292">
      <ele>12.015</ele>
    </trkpt>
    <trkpt lat="-32.7423651" lon="137.9429326">
      <ele>11.987</ele>
    </trkpt>
    <trkpt lat="-32.7424164" lon="137.9429527">
      <ele>11.853</ele>
    </trkpt>
    <trkpt lat="-32.742532" lon="137.9429973">
      <ele>11.675</ele>
    </trkpt>
    <trkpt lat="-32.7425361" lon="137.942999">
      <ele>11.666</ele>
    </trkpt>
    <trkpt lat="-32.7430152" lon="137.9431965">
      <ele>10.926</ele>
    </trkpt>
    <trkpt lat="-32.7439707" lon="137.943591">
      <ele>11.0</ele>
    </trkpt>
    <trkpt lat="-32.7464047" lon="137.9447228">
      <ele>2.114</ele>
    </trkpt>
    <trkpt lat="-32.7469416" lon="137.9449802">
      <ele>4.98</ele>
    </trkpt>
    <trkpt lat="-32.7472514" lon="137.9451272">
      <ele>5.485</ele>
    </trkpt>
    <trkpt lat="-32.7475129" lon="137.9452542">
      <ele>4.95</ele>
    </trkpt>
    <trkpt lat="-32.7479388" lon="137.9454601">
      <ele>4.0</ele>
    </trkpt>
    <trkpt lat="-32.7486925" lon="137.9458123">
      <ele>3.0</ele>
    </trkpt>
    <trkpt lat="-32.7494513" lon="137.9461674">
      <ele>3.956</ele>
    </trkpt>
    <trkpt lat="-32.7501486" lon="137.9464894">
      <ele>1.703</ele>
    </trkpt>
    <trkpt lat="-32.7508789" lon="137.9468424">
      <ele>3.0</ele>
    </trkpt>
    <trkpt lat="-32.7515392" lon="137.9471414">
      <ele>1.134</ele>
    </trkpt>
    <trkpt lat="-32.7521445" lon="137.9474304">
      <ele>2.0</ele>
    </trkpt>
    <trkpt lat="-32.7532018" lon="137.947926">
      <ele>1.007</ele>
    </trkpt>
    <trkpt lat="-32.7533422" lon="137.9479924">
      <ele>0.765</ele>
    </trkpt>
    <trkpt lat="-32.7533691" lon="137.9480048">
      <ele>0.794</ele>
    </trkpt>
    <trkpt lat="-32.7537532" lon="137.9481803">
      <ele>1.512</ele>
    </trkpt>
    <trkpt lat="-32.7544379" lon="137.9485018">
      <ele>1.801</ele>
    </trkpt>
    <trkpt lat="-32.7545398" lon="137.9485508">
      <ele>1.36</ele>
    </trkpt>
    <trkpt lat="-32.7547066" lon="137.948631">
      <ele>1.004</ele>
    </trkpt>
    <trkpt lat="-32.7549165" lon="137.9487319">
      <ele>1.0</ele>
    </trkpt>
    <trkpt lat="-32.7555394" lon="137.9490345">
      <ele>3.466</ele>
    </trkpt>
    <trkpt lat="-32.7556283" lon="137.9490777">
      <ele>3.418</ele>
    </trkpt>
    <trkpt lat="-32.7558743" lon="137.9491907">
      <ele>2.718</ele>
    </trkpt>
    <trkpt lat="-32.7560421" lon="137.9492677">
      <ele>1.77</ele>
    </trkpt>
    <trkpt lat="-32.7560439" lon="137.9492685">
      <ele>1.762</ele>
    </trkpt>
    <trkpt lat="-32.7563178" lon="137.9493942">
      <ele>1.819</ele>
    </trkpt>
    <trkpt lat="-32.7570204" lon="137.9497226">
      <ele>2.272</ele>
    </trkpt>
    <trkpt lat="-32.757601" lon="137.949998">
      <ele>3.99</ele>
    </trkpt>
    <trkpt lat="-32.7579728" lon="137.9501521">
      <ele>4.0</ele>
    </trkpt>
    <trkpt lat="-32.7585452" lon="137.9504425">
      <ele>2.69</ele>
    </trkpt>
    <trkpt lat="-32.7595563" lon="137.9509122">
      <ele>1.165</ele>
    </trkpt>
    <trkpt lat="-32.7608318" lon="137.9515048">
      <ele>2.585</ele>
    </trkpt>
    <trkpt lat="-32.7611518" lon="137.9516477">
      <ele>3.0</ele>
    </trkpt>
    <trkpt lat="-32.761234" lon="137.9516833">
      <ele>2.967</ele>
    </trkpt>
    <trkpt lat="-32.7612369" lon="137.9516845">
      <ele>2.965</ele>
    </trkpt>
    <trkpt lat="-32.7615749" lon="137.9518311">
      <ele>2.33</ele>
    </trkpt>
    <trkpt lat="-32.7617287" lon="137.9518977">
      <ele>1.777</ele>
    </trkpt>
    <trkpt lat="-32.762176" lon="137.952081">
      <ele>1.492</ele>
    </trkpt>
    <trkpt lat="-32.7625326" lon="137.9522196">
      <ele>0.874</ele>
    </trkpt>
    <trkpt lat="-32.7630384" lon="137.9524164">
      <ele>0.699</ele>
    </trkpt>
    <trkpt lat="-32.7634564" lon="137.9525694">
      <ele>0.917</ele>
    </trkpt>
    <trkpt lat="-32.7639655" lon="137.9527425">
      <ele>0.873</ele>
    </trkpt>
    <trkpt lat="-32.7644748" lon="137.9529008">
      <ele>1.394</ele>
    </trkpt>
    <trkpt lat="-32.7646697" lon="137.9529582">
      <ele>1.123</ele>
    </trkpt>
    <trkpt lat="-32.7648809" lon="137.9530206">
      <ele>1.072</ele>
    </trkpt>
    <trkpt lat="-32.7653118" lon="137.9531372">
      <ele>0.706</ele>
    </trkpt>
    <trkpt lat="-32.7670852" lon="137.9535695">
      <ele>4.864</ele>
    </trkpt>
    <trkpt lat="-32.7671292" lon="137.9535773">
      <ele>5.209</ele>
    </trkpt>
    <trkpt lat="-32.7671329" lon="137.9535779">
      <ele>5.237</ele>
    </trkpt>
    <trkpt lat="-32.7673071" lon="137.9536087">
      <ele>6.294</ele>
    </trkpt>
    <trkpt lat="-32.7673108" lon="137.9536093">
      <ele>6.31</ele>
    </trkpt>
    <trkpt lat="-32.7675254" lon="137.9536468">
      <ele>6.829</ele>
    </trkpt>
    <trkpt lat="-32.7676631" lon="137.9536706">
      <ele>5.951</ele>
    </trkpt>
    <trkpt lat="-32.7676667" lon="137.9536713">
      <ele>5.93</ele>
    </trkpt>
    <trkpt lat="-32.7678411" lon="137.9537013">
      <ele>4.869</ele>
    </trkpt>
    <trkpt lat="-32.7680191" lon="137.9537319">
      <ele>3.697</ele>
    </trkpt>
    <trkpt lat="-32.7680523" lon="137.9537376">
      <ele>3.479</ele>
    </trkpt>
    <trkpt lat="-32.7694254" lon="137.9539319">
      <ele>1.155</ele>
    </trkpt>
    <trkpt lat="-32.7701863" lon="137.9540027">
      <ele>1.865</ele>
    </trkpt>
    <trkpt lat="-32.7719784" lon="137.954099">
      <ele>1.908</ele>
    </trkpt>
    <trkpt lat="-32.772754" lon="137.9541033">
      <ele>2.086</ele>
    </trkpt>
    <trkpt lat="-32.7729291" lon="137.9541029">
      <ele>1.875</ele>
    </trkpt>
    <trkpt lat="-32.774065" lon="137.9540416">
      <ele>12.538</ele>
    </trkpt>
    <trkpt lat="-32.7741421" lon="137.954037">
      <ele>13.053</ele>
    </trkpt>
    <trkpt lat="-32.7743147" lon="137.9540381">
      <ele>14.205</ele>
    </trkpt>
    <trkpt lat="-32.7751976" lon="137.954008">
      <ele>16.445</ele>
    </trkpt>
    <trkpt lat="-32.7758902" lon="137.9540371">
      <ele>17.332</ele>
    </trkpt>
    <trkpt lat="-32.7766809" lon="137.9540463">
      <ele>21.051</ele>
    </trkpt>
    <trkpt lat="-32.7776876" lon="137.9540997">
      <ele>21.513</ele>
    </trkpt>
    <trkpt lat="-32.7783994" lon="137.9541567">
      <ele>24.0</ele>
    </trkpt>
    <trkpt lat="-32.7791484" lon="137.9542385">
      <ele>24.193</ele>
    </trkpt>
    <trkpt lat="-32.7792014" lon="137.9542443">
      <ele>24.71</ele>
    </trkpt>
    <trkpt lat="-32.7793255" lon="137.9542606">
      <ele>26.239</ele>
    </trkpt>
    <trkpt lat="-32.7793272" lon="137.9542609">
      <ele>26.259</ele>
    </trkpt>
    <trkpt lat="-32.7795118" lon="137.9542953">
      <ele>27.779</ele>
    </trkpt>
    <trkpt lat="-32.7798722" lon="137.9543632">
      <ele>28.292</ele>
    </trkpt>
    <trkpt lat="-32.7799592" lon="137.9543739">
      <ele>28.254</ele>
    </trkpt>
    <trkpt lat="-32.7808269" lon="137.954496">
      <ele>26.232</ele>
    </trkpt>
    <trkpt lat="-32.7815035" lon="137.9546339">
      <ele>25.309</ele>
    </trkpt>
    <trkpt lat="-32.7823326" lon="137.9548269">
      <ele>28.15</ele>
    </trkpt>
    <trkpt lat="-32.783071" lon="137.9550208">
      <ele>29.067</ele>
    </trkpt>
    <trkpt lat="-32.7839163" lon="137.9552654">
      <ele>28.812</ele>
    </trkpt>
    <trkpt lat="-32.7846093" lon="137.9554925">
      <ele>27.681</ele>
    </trkpt>
    <trkpt lat="-32.7854717" lon="137.9557974">
      <ele>25.655</ele>
    </trkpt>
    <trkpt lat="-32.7860652" lon="137.9560019">
      <ele>27.77</ele>
    </trkpt>
    <trkpt lat="-32.7862747" lon="137.956069">
      <ele>29.089</ele>
    </trkpt>
    <trkpt lat="-32.7862997" lon="137.9560769">
      <ele>29.274</ele>
    </trkpt>
    <trkpt lat="-32.7871082" lon="137.9563307">
      <ele>27.41</ele>
    </trkpt>
    <trkpt lat="-32.7881223" lon="137.956659">
      <ele>28.481</ele>
    </trkpt>
    <trkpt lat="-32.7882692" lon="137.956778">
      <ele>29.446</ele>
    </trkpt>
    <trkpt lat="-32.7884787" lon="137.956847">
      <ele>30.184</ele>
    </trkpt>
    <trkpt lat="-32.7904433" lon="137.9574923">
      <ele>30.945</ele>
    </trkpt>
    <trkpt lat="-32.7923313" lon="137.958175">
      <ele>36.608</ele>
    </trkpt>
    <trkpt lat="-32.7946732" lon="137.9590258">
      <ele>39.241</ele>
    </trkpt>
    <trkpt lat="-32.79689" lon="137.9598202">
      <ele>40.0</ele>
    </trkpt>
    <trkpt lat="-32.798787" lon="137.9604724">
      <ele>39.958</ele>
    </trkpt>
    <trkpt lat="-32.799609" lon="137.9607628">
      <ele>39.154</ele>
    </trkpt>
    <trkpt lat="-32.8004364" lon="137.961083">
      <ele>40.983</ele>
    </trkpt>
    <trkpt lat="-32.8010457" lon="137.9613465">
      <ele>41.235</ele>
    </trkpt>
    <trkpt lat="-32.8017482" lon="137.9616604">
      <ele>43.691</ele>
    </trkpt>
    <trkpt lat="-32.8022527" lon="137.9619072">
      <ele>43.866</ele>
    </trkpt>
    <trkpt lat="-32.8030534" lon="137.9623083">
      <ele>42.69</ele>
    </trkpt>
    <trkpt lat="-32.8031795" lon="137.9623762">
      <ele>42.247</ele>
    </trkpt>
    <trkpt lat="-32.8033431" lon="137.9624647">
      <ele>42.0</ele>
    </trkpt>
    <trkpt lat="-32.8035256" lon="137.9625631">
      <ele>42.0</ele>
    </trkpt>
    <trkpt lat="-32.8039357" lon="137.9627956">
      <ele>43.064</ele>
    </trkpt>
    <trkpt lat="-32.8045215" lon="137.9631429">
      <ele>43.495</ele>
    </trkpt>
    <trkpt lat="-32.8052686" lon="137.9636197">
      <ele>47.932</ele>
    </trkpt>
    <trkpt lat="-32.8054269" lon="137.9637208">
      <ele>48.72</ele>
    </trkpt>
    <trkpt lat="-32.8057923" lon="137.963954">
      <ele>47.295</ele>
    </trkpt>
    <trkpt lat="-32.8061424" lon="137.9642366">
      <ele>47.084</ele>
    </trkpt>
    <trkpt lat="-32.8082058" lon="137.9657109">
      <ele>46.559</ele>
    </trkpt>
    <trkpt lat="-32.8084075" lon="137.9658469">
      <ele>47.085</ele>
    </trkpt>
    <trkpt lat="-32.809218" lon="137.9664566">
      <ele>46.86</ele>
    </trkpt>
    <trkpt lat="-32.8114792" lon="137.9681285">
      <ele>47.588</ele>
    </trkpt>
    <trkpt lat="-32.8126926" lon="137.9689858">
      <ele>49.242</ele>
    </trkpt>
    <trkpt lat="-32.8135149" lon="137.9695719">
      <ele>50.105</ele>
    </trkpt>
    <trkpt lat="-32.8145408" lon="137.9702944">
      <ele>48.446</ele>
    </trkpt>
    <trkpt lat="-32.8161134" lon="137.9714123">
      <ele>50.992</ele>
    </trkpt>
    <trkpt lat="-32.8162683" lon="137.9715216">
      <ele>50.704</ele>
    </trkpt>
    <trkpt lat="-32.81627" lon="137.9715228">
      <ele>50.704</ele>
    </trkpt>
    <trkpt lat="-32.8164233" lon="137.9716302">
      <ele>50.869</ele>
    </trkpt>
    <trkpt lat="-32.8165889" lon="137.9717462">
      <ele>51.286</ele>
    </trkpt>
    <trkpt lat="-32.8177421" lon="137.97256">
      <ele>48.244</ele>
    </trkpt>
    <trkpt lat="-32.8187757" lon="137.9732929">
      <ele>48.321</ele>
    </trkpt>
    <trkpt lat="-32.8199869" lon="137.9741493">
      <ele>51.95</ele>
    </trkpt>
    <trkpt lat="-32.8207545" lon="137.9746953">
      <ele>47.194</ele>
    </trkpt>
    <trkpt lat="-32.8211123" lon="137.9749477">
      <ele>46.184</ele>
    </trkpt>
    <trkpt lat="-32.8216637" lon="137.9753338">
      <ele>45.212</ele>
    </trkpt>
    <trkpt lat="-32.8226582" lon="137.9760059">
      <ele>47.216</ele>
    </trkpt>
    <trkpt lat="-32.823377" lon="137.9764502">
      <ele>45.221</ele>
    </trkpt>
    <trkpt lat="-32.8235543" lon="137.9765509">
      <ele>45.583</ele>
    </trkpt>
    <trkpt lat="-32.8241357" lon="137.9770069">
      <ele>47.0</ele>
    </trkpt>
    <trkpt lat="-32.8245836" lon="137.9772506">
      <ele>46.45</ele>
    </trkpt>
    <trkpt lat="-32.8251493" lon="137.9775482">
      <ele>46.537</ele>
    </trkpt>
    <trkpt lat="-32.8257538" lon="137.9778437">
      <ele>47.169</ele>
    </trkpt>
    <trkpt lat="-32.8261808" lon="137.9780499">
      <ele>46.995</ele>
    </trkpt>
    <trkpt lat="-32.8264394" lon="137.9781678">
      <ele>47.073</ele>
    </trkpt>
    <trkpt lat="-32.8270224" lon="137.9784407">
      <ele>48.278</ele>
    </trkpt>
    <trkpt lat="-32.8274264" lon="137.9786155">
      <ele>48.723</ele>
    </trkpt>
    <trkpt lat="-32.8278909" lon="137.9788195">
      <ele>48.694</ele>
    </trkpt>
    <trkpt lat="-32.8284632" lon="137.9790453">
      <ele>47.0</ele>
    </trkpt>
    <trkpt lat="-32.8287382" lon="137.9791539">
      <ele>47.894</ele>
    </trkpt>
    <trkpt lat="-32.8291374" lon="137.9793088">
      <ele>49.0</ele>
    </trkpt>
    <trkpt lat="-32.829221" lon="137.9793391">
      <ele>49.0</ele>
    </trkpt>
    <trkpt lat="-32.829789" lon="137.9795405">
      <ele>50.083</ele>
    </trkpt>
    <trkpt lat="-32.8301317" lon="137.9796541">
      <ele>50.039</ele>
    </trkpt>
    <trkpt lat="-32.8305385" lon="137.9798037">
      <ele>48.707</ele>
    </trkpt>
    <trkpt lat="-32.8311944" lon="137.9800025">
      <ele>51.309</ele>
    </trkpt>
    <trkpt lat="-32.831713" lon="137.9801499">
      <ele>51.45</ele>
    </trkpt>
    <trkpt lat="-32.8322658" lon="137.9802976">
      <ele>50.794</ele>
    </trkpt>
    <trkpt lat="-32.8331531" lon="137.9805112">
      <ele>50.952</ele>
    </trkpt>
    <trkpt lat="-32.8342468" lon="137.9807795">
      <ele>51.712</ele>
    </trkpt>
    <trkpt lat="-32.8350117" lon="137.9809158">
      <ele>50.962</ele>
    </trkpt>
    <trkpt lat="-32.8352244" lon="137.9809495">
      <ele>52.532</ele>
    </trkpt>
    <trkpt lat="-32.8357932" lon="137.9810324">
      <ele>54.676</ele>
    </trkpt>
    <trkpt lat="-32.8372448" lon="137.9811904">
      <ele>51.548</ele>
    </trkpt>
    <trkpt lat="-32.8374257" lon="137.9812047">
      <ele>51.427</ele>
    </trkpt>
    <trkpt lat="-32.8376052" lon="137.9812189">
      <ele>51.62</ele>
    </trkpt>
    <trkpt lat="-32.8377873" lon="137.9812333">
      <ele>52.069</ele>
    </trkpt>
    <trkpt lat="-32.8390425" lon="137.9813001">
      <ele>54.0</ele>
    </trkpt>
    <trkpt lat="-32.8390455" lon="137.9813003">
      <ele>54.0</ele>
    </trkpt>
    <trkpt lat="-32.8392221" lon="137.9813088">
      <ele>53.942</ele>
    </trkpt>
    <trkpt lat="-32.8392253" lon="137.981309">
      <ele>53.939</ele>
    </trkpt>
    <trkpt lat="-32.8406184" lon="137.9813871">
      <ele>53.767</ele>
    </trkpt>
    <trkpt lat="-32.8416816" lon="137.9814356">
      <ele>52.168</ele>
    </trkpt>
    <trkpt lat="-32.8418312" lon="137.9814432">
      <ele>52.196</ele>
    </trkpt>
    <trkpt lat="-32.8422681" lon="137.9814655">
      <ele>53.441</ele>
    </trkpt>
    <trkpt lat="-32.8431713" lon="137.9815094">
      <ele>54.284</ele>
    </trkpt>
    <trkpt lat="-32.8438976" lon="137.9815769">
      <ele>61.696</ele>
    </trkpt>
    <trkpt lat="-32.8445603" lon="137.9816206">
      <ele>58.514</ele>
    </trkpt>
    <trkpt lat="-32.8447559" lon="137.9816248">
      <ele>57.728</ele>
    </trkpt>
    <trkpt lat="-32.845309" lon="137.9816672">
      <ele>55.115</ele>
    </trkpt>
    <trkpt lat="-32.8456701" lon="137.9816906">
      <ele>57.033</ele>
    </trkpt>
    <trkpt lat="-32.8475841" lon="137.9817898">
      <ele>54.394</ele>
    </trkpt>
    <trkpt lat="-32.8479549" lon="137.9818178">
      <ele>53.291</ele>
    </trkpt>
    <trkpt lat="-32.8493803" lon="137.9819158">
      <ele>52.769</ele>
    </trkpt>
    <trkpt lat="-32.849624" lon="137.9819239">
      <ele>53.646</ele>
    </trkpt>
    <trkpt lat="-32.8507434" lon="137.9819292">
      <ele>52.908</ele>
    </trkpt>
    <trkpt lat="-32.8513583" lon="137.981971">
      <ele>52.011</ele>
    </trkpt>
    <trkpt lat="-32.8515854" lon="137.9819747">
      <ele>51.293</ele>
    </trkpt>
    <trkpt lat="-32.8519725" lon="137.9819954">
      <ele>51.404</ele>
    </trkpt>
    <trkpt lat="-32.8523223" lon="137.9820136">
      <ele>53.769</ele>
    </trkpt>
    <trkpt lat="-32.8525745" lon="137.9820257">
      <ele>54.371</ele>
    </trkpt>
    <trkpt lat="-32.8534716" lon="137.9820603">
      <ele>57.498</ele>
    </trkpt>
    <trkpt lat="-32.8549072" lon="137.9821228">
      <ele>53.666</ele>
    </trkpt>
    <trkpt lat="-32.8556729" lon="137.9821384">
      <ele>49.457</ele>
    </trkpt>
    <trkpt lat="-32.8560676" lon="137.9821423">
      <ele>47.202</ele>
    </trkpt>
    <trkpt lat="-32.861103" lon="137.9821689">
      <ele>44.814</ele>
    </trkpt>
    <trkpt lat="-32.8611106" lon="137.9821689">
      <ele>44.808</ele>
    </trkpt>
    <trkpt lat="-32.8631333" lon="137.9821755">
      <ele>39.121</ele>
    </trkpt>
    <trkpt lat="-32.863442" lon="137.9821765">
      <ele>39.262</ele>
    </trkpt>
    <trkpt lat="-32.8658628" lon="137.9821844">
      <ele>40.986</ele>
    </trkpt>
    <trkpt lat="-32.8723049" lon="137.9822307">
      <ele>32.0</ele>
    </trkpt>
    <trkpt lat="-32.8747796" lon="137.9822211">
      <ele>28.207</ele>
    </trkpt>
    <trkpt lat="-32.8750028" lon="137.9822193">
      <ele>29.011</ele>
    </trkpt>
    <trkpt lat="-32.8751827" lon="137.9822178">
      <ele>29.016</ele>
    </trkpt>
    <trkpt lat="-32.8755487" lon="137.9822148">
      <ele>29.001</ele>
    </trkpt>
    <trkpt lat="-32.8757996" lon="137.9822195">
      <ele>29.87</ele>
    </trkpt>
    <trkpt lat="-32.8763903" lon="137.9822262">
      <ele>29.024</ele>
    </trkpt>
    <trkpt lat="-32.883475" lon="137.9822688">
      <ele>20.743</ele>
    </trkpt>
    <trkpt lat="-32.8890198" lon="137.9822724">
      <ele>20.301</ele>
    </trkpt>
    <trkpt lat="-32.8891214" lon="137.9822827">
      <ele>20.473</ele>
    </trkpt>
    <trkpt lat="-32.8929051" lon="137.9822713">
      <ele>24.296</ele>
    </trkpt>
    <trkpt lat="-32.8947461" lon="137.98231">
      <ele>24.086</ele>
    </trkpt>
    <trkpt lat="-32.9021997" lon="137.9823255">
      <ele>21.24</ele>
    </trkpt>
    <trkpt lat="-32.9022861" lon="137.9823282">
      <ele>21.754</ele>
    </trkpt>
    <trkpt lat="-32.9049489" lon="137.9823564">
      <ele>27.123</ele>
    </trkpt>
    <trkpt lat="-32.9153776" lon="137.9823365">
      <ele>19.919</ele>
    </trkpt>
    <trkpt lat="-32.9182603" lon="137.9823448">
      <ele>28.559</ele>
    </trkpt>
    <trkpt lat="-32.9194214" lon="137.9823472">
      <ele>24.037</ele>
    </trkpt>
    <trkpt lat="-32.9240707" lon="137.9823568">
      <ele>26.516</ele>
    </trkpt>
    <trkpt lat="-32.9324936" lon="137.9823896">
      <ele>25.58</ele>
    </trkpt>
    <trkpt lat="-32.9402277" lon="137.9824136">
      <ele>26.311</ele>
    </trkpt>
    <trkpt lat="-32.9452234" lon="137.9824291">
      <ele>23.99</ele>
    </trkpt>
    <trkpt lat="-32.947022" lon="137.9824345">
      <ele>22.83</ele>
    </trkpt>
    <trkpt lat="-32.9472019" lon="137.9824351">
      <ele>22.983</ele>
    </trkpt>
    <trkpt lat="-32.956063" lon="137.9824618">
      <ele>21.173</ele>
    </trkpt>
    <trkpt lat="-32.9564441" lon="137.9824632">
      <ele>20.0</ele>
    </trkpt>
    <trkpt lat="-32.9586709" lon="137.9824774">
      <ele>20.018</ele>
    </trkpt>
    <trkpt lat="-32.9604901" lon="137.9824703">
      <ele>17.683</ele>
    </trkpt>
    <trkpt lat="-32.9650219" lon="137.9825044">
      <ele>13.251</ele>
    </trkpt>
    <trkpt lat="-32.9651208" lon="137.9825016">
      <ele>14.308</ele>
    </trkpt>
    <trkpt lat="-32.9660551" lon="137.9824982">
      <ele>15.994</ele>
    </trkpt>
    <trkpt lat="-32.9689979" lon="137.9825101">
      <ele>14.266</ele>
    </trkpt>
    <trkpt lat="-32.9700729" lon="137.9825094">
      <ele>14.425</ele>
    </trkpt>
    <trkpt lat="-32.9704052" lon="137.9825132">
      <ele>12.563</ele>
    </trkpt>
    <trkpt lat="-32.9706199" lon="137.9825141">
      <ele>12.051</ele>
    </trkpt>
    <trkpt lat="-32.9716306" lon="137.982517">
      <ele>12.13</ele>
    </trkpt>
    <trkpt lat="-32.9726676" lon="137.9825454">
      <ele>12.505</ele>
    </trkpt>
    <trkpt lat="-32.9736913" lon="137.9826271">
      <ele>11.386</ele>
    </trkpt>
    <trkpt lat="-32.9749525" lon="137.9827914">
      <ele>12.951</ele>
    </trkpt>
    <trkpt lat="-32.976202" lon="137.9830224">
      <ele>13.146</ele>
    </trkpt>
    <trkpt lat="-32.9767806" lon="137.983145">
      <ele>10.868</ele>
    </trkpt>
    <trkpt lat="-32.9778159" lon="137.983424">
      <ele>12.516</ele>
    </trkpt>
    <trkpt lat="-32.9801451" lon="137.9840743">
      <ele>8.478</ele>
    </trkpt>
    <trkpt lat="-32.9802377" lon="137.9841035">
      <ele>8.144</ele>
    </trkpt>
    <trkpt lat="-32.9809298" lon="137.9843056">
      <ele>10.826</ele>
    </trkpt>
    <trkpt lat="-32.9817242" lon="137.9845308">
      <ele>10.689</ele>
    </trkpt>
    <trkpt lat="-32.9821531" lon="137.9846565">
      <ele>10.237</ele>
    </trkpt>
    <trkpt lat="-32.9829446" lon="137.9849001">
      <ele>11.399</ele>
    </trkpt>
    <trkpt lat="-32.9831188" lon="137.9849537">
      <ele>11.19</ele>
    </trkpt>
    <trkpt lat="-32.98335" lon="137.9850248">
      <ele>11.916</ele>
    </trkpt>
    <trkpt lat="-32.9834565" lon="137.9850518">
      <ele>11.896</ele>
    </trkpt>
    <trkpt lat="-32.9841715" lon="137.9852654">
      <ele>10.044</ele>
    </trkpt>
    <trkpt lat="-32.9850163" lon="137.9855112">
      <ele>8.84</ele>
    </trkpt>
    <trkpt lat="-32.9853497" lon="137.9856172">
      <ele>9.904</ele>
    </trkpt>
    <trkpt lat="-32.9856222" lon="137.9857125">
      <ele>11.429</ele>
    </trkpt>
    <trkpt lat="-32.9860426" lon="137.9858903">
      <ele>9.493</ele>
    </trkpt>
    <trkpt lat="-32.9865728" lon="137.9861467">
      <ele>6.466</ele>
    </trkpt>
    <trkpt lat="-32.9869703" lon="137.9863502">
      <ele>7.895</ele>
    </trkpt>
    <trkpt lat="-32.9875415" lon="137.9866751">
      <ele>9.851</ele>
    </trkpt>
    <trkpt lat="-32.9879074" lon="137.9869234">
      <ele>9.035</ele>
    </trkpt>
    <trkpt lat="-32.9882804" lon="137.9871855">
      <ele>9.537</ele>
    </trkpt>
    <trkpt lat="-32.9885842" lon="137.987409">
      <ele>11.51</ele>
    </trkpt>
    <trkpt lat="-32.9887441" lon="137.9875396">
      <ele>10.9</ele>
    </trkpt>
    <trkpt lat="-32.9890337" lon="137.9877812">
      <ele>9.528</ele>
    </trkpt>
    <trkpt lat="-32.9893915" lon="137.9881071">
      <ele>11.845</ele>
    </trkpt>
    <trkpt lat="-32.9898218" lon="137.9885369">
      <ele>11.203</ele>
    </trkpt>
    <trkpt lat="-32.9901428" lon="137.9888887">
      <ele>12.485</ele>
    </trkpt>
    <trkpt lat="-32.9904838" lon="137.9892888">
      <ele>11.698</ele>
    </trkpt>
    <trkpt lat="-32.9907133" lon="137.9895776">
      <ele>11.704</ele>
    </trkpt>
    <trkpt lat="-32.9907483" lon="137.989624">
      <ele>11.755</ele>
    </trkpt>
    <trkpt lat="-32.9909737" lon="137.989919">
      <ele>13.572</ele>
    </trkpt>
    <trkpt lat="-32.9912175" lon="137.9902649">
      <ele>15.0</ele>
    </trkpt>
    <trkpt lat="-32.9915449" lon="137.9907724">
      <ele>13.658</ele>
    </trkpt>
    <trkpt lat="-32.9919135" lon="137.9913899">
      <ele>12.892</ele>
    </trkpt>
    <trkpt lat="-32.9920836" lon="137.9917095">
      <ele>14.231</ele>
    </trkpt>
    <trkpt lat="-32.9922543" lon="137.9920474">
      <ele>15.885</ele>
    </trkpt>
    <trkpt lat="-32.9923624" lon="137.9922727">
      <ele>15.495</ele>
    </trkpt>
    <trkpt lat="-32.9924643" lon="137.992496">
      <ele>15.129</ele>
    </trkpt>
    <trkpt lat="-32.9925761" lon="137.9927458">
      <ele>15.368</ele>
    </trkpt>
    <trkpt lat="-32.9925919" lon="137.9927823">
      <ele>15.354</ele>
    </trkpt>
    <trkpt lat="-32.9926741" lon="137.992973">
      <ele>16.068</ele>
    </trkpt>
    <trkpt lat="-32.9927137" lon="137.9930648">
      <ele>16.744</ele>
    </trkpt>
    <trkpt lat="-32.9928394" lon="137.9933629">
      <ele>16.0</ele>
    </trkpt>
    <trkpt lat="-32.9929921" lon="137.9937457">
      <ele>16.374</ele>
    </trkpt>
    <trkpt lat="-32.9933207" lon="137.9945641">
      <ele>16.006</ele>
    </trkpt>
    <trkpt lat="-32.9935884" lon="137.9952133">
      <ele>14.724</ele>
    </trkpt>
    <trkpt lat="-32.9936502" lon="137.9953637">
      <ele>14.762</ele>
    </trkpt>
    <trkpt lat="-32.9937117" lon="137.9955143">
      <ele>14.584</ele>
    </trkpt>
    <trkpt lat="-32.9938779" lon="137.9959336">
      <ele>12.718</ele>
    </trkpt>
    <trkpt lat="-32.9941512" lon="137.9965758">
      <ele>13.271</ele>
    </trkpt>
    <trkpt lat="-32.994277" lon="137.9970651">
      <ele>14.603</ele>
    </trkpt>
    <trkpt lat="-32.9944947" lon="137.997643">
      <ele>14.912</ele>
    </trkpt>
    <trkpt lat="-32.9946797" lon="137.9981019">
      <ele>13.128</ele>
    </trkpt>
    <trkpt lat="-32.9948222" lon="137.9984482">
      <ele>12.131</ele>
    </trkpt>
    <trkpt lat="-32.9949689" lon="137.9987977">
      <ele>11.008</ele>
    </trkpt>
    <trkpt lat="-32.9951773" lon="137.9992409">
      <ele>12.544</ele>
    </trkpt>
    <trkpt lat="-32.9953557" lon="137.9995976">
      <ele>14.0</ele>
    </trkpt>
    <trkpt lat="-32.9953594" lon="137.999605">
      <ele>14.0</ele>
    </trkpt>
    <trkpt lat="-32.9954003" lon="137.9996901">
      <ele>14.0</ele>
    </trkpt>
    <trkpt lat="-32.995446" lon="137.999783">
      <ele>13.781</ele>
    </trkpt>
    <trkpt lat="-32.9954496" lon="137.9997903">
      <ele>13.755</ele>
    </trkpt>
    <trkpt lat="-32.9957519" lon="138.0003299">
      <ele>11.293</ele>
    </trkpt>
    <trkpt lat="-32.9959063" lon="138.0006677">
      <ele>11.263</ele>
    </trkpt>
    <trkpt lat="-32.9960924" lon="138.0009976">
      <ele>12.524</ele>
    </trkpt>
    <trkpt lat="-32.9963406" lon="138.0014116">
      <ele>13.826</ele>
    </trkpt>
    <trkpt lat="-32.9965578" lon="138.0017661">
      <ele>13.61</ele>
    </trkpt>
    <trkpt lat="-32.9968742" lon="138.0022443">
      <ele>14.688</ele>
    </trkpt>
    <trkpt lat="-32.9970527" lon="138.0025182">
      <ele>13.61</ele>
    </trkpt>
    <trkpt lat="-32.9975608" lon="138.0032203">
      <ele>14.901</ele>
    </trkpt>
    <trkpt lat="-32.9979273" lon="138.0037059">
      <ele>14.766</ele>
    </trkpt>
    <trkpt lat="-32.9985962" lon="138.0045369">
      <ele>13.476</ele>
    </trkpt>
    <trkpt lat="-32.9989972" lon="138.0049742">
      <ele>13.152</ele>
    </trkpt>
    <trkpt lat="-32.999502" lon="138.0054903">
      <ele>15.302</ele>
    </trkpt>
    <trkpt lat="-32.999999" lon="138.0059711">
      <ele>14.004</ele>
    </trkpt>
    <trkpt lat="-33.0005269" lon="138.0064344">
      <ele>12.069</ele>
    </trkpt>
    <trkpt lat="-33.0005767" lon="138.0064759">
      <ele>12.024</ele>
    </trkpt>
    <trkpt lat="-33.0005831" lon="138.0064812">
      <ele>12.033</ele>
    </trkpt>
    <trkpt lat="-33.000723" lon="138.0066008">
      <ele>12.46</ele>
    </trkpt>
    <trkpt lat="-33.0007292" lon="138.0066061">
      <ele>12.489</ele>
    </trkpt>
    <trkpt lat="-33.0011513" lon="138.0069512">
      <ele>12.141</ele>
    </trkpt>
    <trkpt lat="-33.0016147" lon="138.0073029">
      <ele>12.232</ele>
    </trkpt>
    <trkpt lat="-33.0021564" lon="138.0076866">
      <ele>12.522</ele>
    </trkpt>
    <trkpt lat="-33.0027208" lon="138.0080726">
      <ele>14.156</ele>
    </trkpt>
    <trkpt lat="-33.0035826" lon="138.0085766">
      <ele>13.0</ele>
    </trkpt>
    <trkpt lat="-33.0040015" lon="138.008802">
      <ele>11.595</ele>
    </trkpt>
    <trkpt lat="-33.0043284" lon="138.0089645">
      <ele>9.987</ele>
    </trkpt>
    <trkpt lat="-33.0046087" lon="138.0090934">
      <ele>7.936</ele>
    </trkpt>
    <trkpt lat="-33.0046877" lon="138.0091318">
      <ele>7.375</ele>
    </trkpt>
    <trkpt lat="-33.0048441" lon="138.0092036">
      <ele>7.705</ele>
    </trkpt>
    <trkpt lat="-33.0048565" lon="138.0092093">
      <ele>7.79</ele>
    </trkpt>
    <trkpt lat="-33.0050763" lon="138.0093058">
      <ele>9.002</ele>
    </trkpt>
    <trkpt lat="-33.0053632" lon="138.0094301">
      <ele>9.928</ele>
    </trkpt>
    <trkpt lat="-33.0055446" lon="138.0095041">
      <ele>10.008</ele>
    </trkpt>
    <trkpt lat="-33.0062348" lon="138.0097545">
      <ele>7.439</ele>
    </trkpt>
    <trkpt lat="-33.0066158" lon="138.0098835">
      <ele>7.842</ele>
    </trkpt>
    <trkpt lat="-33.007226" lon="138.0100725">
      <ele>7.986</ele>
    </trkpt>
    <trkpt lat="-33.0084055" lon="138.0104394">
      <ele>9.468</ele>
    </trkpt>
    <trkpt lat="-33.0092947" lon="138.0107072">
      <ele>8.0</ele>
    </trkpt>
    <trkpt lat="-33.0094449" lon="138.0107512">
      <ele>7.999</ele>
    </trkpt>
    <trkpt lat="-33.0099807" lon="138.010909">
      <ele>7.0</ele>
    </trkpt>
    <trkpt lat="-33.0104044" lon="138.0110419">
      <ele>6.68</ele>
    </trkpt>
    <trkpt lat="-33.0108668" lon="138.0111906">
      <ele>5.407</ele>
    </trkpt>
    <trkpt lat="-33.0112745" lon="138.0113036">
      <ele>7.462</ele>
    </trkpt>
    <trkpt lat="-33.0116901" lon="138.0114277">
      <ele>7.904</ele>
    </trkpt>
    <trkpt lat="-33.011806" lon="138.0114626">
      <ele>7.365</ele>
    </trkpt>
    <trkpt lat="-33.0132139" lon="138.0119096">
      <ele>9.305</ele>
    </trkpt>
    <trkpt lat="-33.015778" lon="138.0127646">
      <ele>5.351</ele>
    </trkpt>
    <trkpt lat="-33.0163647" lon="138.0129471">
      <ele>4.966</ele>
    </trkpt>
    <trkpt lat="-33.0171255" lon="138.0131803">
      <ele>5.0</ele>
    </trkpt>
    <trkpt lat="-33.0173887" lon="138.0132563">
      <ele>5.433</ele>
    </trkpt>
    <trkpt lat="-33.0180796" lon="138.0134704">
      <ele>4.407</ele>
    </trkpt>
    <trkpt lat="-33.0183201" lon="138.0135481">
      <ele>3.821</ele>
    </trkpt>
    <trkpt lat="-33.018625" lon="138.0136569">
      <ele>3.265</ele>
    </trkpt>
    <trkpt lat="-33.0189941" lon="138.0137889">
      <ele>5.776</ele>
    </trkpt>
    <trkpt lat="-33.0190092" lon="138.0137946">
      <ele>5.808</ele>
    </trkpt>
    <trkpt lat="-33.0191808" lon="138.0138588">
      <ele>6.0</ele>
    </trkpt>
    <trkpt lat="-33.0196139" lon="138.0140207">
      <ele>6.0</ele>
    </trkpt>
    <trkpt lat="-33.0198362" lon="138.0141149">
      <ele>5.59</ele>
    </trkpt>
    <trkpt lat="-33.0207832" lon="138.0145486">
      <ele>6.18</ele>
    </trkpt>
    <trkpt lat="-33.0210383" lon="138.0146654">
      <ele>4.675</ele>
    </trkpt>
    <trkpt lat="-33.0218585" lon="138.0150828">
      <ele>2.908</ele>
    </trkpt>
    <trkpt lat="-33.022307" lon="138.0153341">
      <ele>5.689</ele>
    </trkpt>
    <trkpt lat="-33.0228484" lon="138.0156597">
      <ele>6.746</ele>
    </trkpt>
    <trkpt lat="-33.0233859" lon="138.0159912">
      <ele>4.0</ele>
    </trkpt>
    <trkpt lat="-33.0240778" lon="138.0164608">
      <ele>8.36</ele>
    </trkpt>
    <trkpt lat="-33.0252565" lon="138.0173065">
      <ele>3.796</ele>
    </trkpt>
    <trkpt lat="-33.0261005" lon="138.0179154">
      <ele>4.572</ele>
    </trkpt>
    <trkpt lat="-33.0265571" lon="138.0182449">
      <ele>5.363</ele>
    </trkpt>
    <trkpt lat="-33.0270001" lon="138.0185645">
      <ele>4.766</ele>
    </trkpt>
    <trkpt lat="-33.0297883" lon="138.0205864">
      <ele>7.789</ele>
    </trkpt>
    <trkpt lat="-33.0312869" lon="138.0216656">
      <ele>9.368</ele>
    </trkpt>
    <trkpt lat="-33.0321048" lon="138.0222634">
      <ele>8.063</ele>
    </trkpt>
    <trkpt lat="-33.034701" lon="138.0241514">
      <ele>8.89</ele>
    </trkpt>
    <trkpt lat="-33.036444" lon="138.0254142">
      <ele>5.097</ele>
    </trkpt>
    <trkpt lat="-33.0364485" lon="138.0254175">
      <ele>5.108</ele>
    </trkpt>
    <trkpt lat="-33.0366971" lon="138.0255991">
      <ele>6.11</ele>
    </trkpt>
    <trkpt lat="-33.0381094" lon="138.0266127">
      <ele>6.038</ele>
    </trkpt>
    <trkpt lat="-33.0390005" lon="138.0272516">
      <ele>6.402</ele>
    </trkpt>
    <trkpt lat="-33.0403633" lon="138.0282568">
      <ele>5.499</ele>
    </trkpt>
    <trkpt lat="-33.0406117" lon="138.028447">
      <ele>6.29</ele>
    </trkpt>
    <trkpt lat="-33.0412213" lon="138.0288944">
      <ele>8.008</ele>
    </trkpt>
    <trkpt lat="-33.0415223" lon="138.0291126">
      <ele>9.286</ele>
    </trkpt>
    <trkpt lat="-33.0420997" lon="138.0295301">
      <ele>9.055</ele>
    </trkpt>
    <trkpt lat="-33.0430472" lon="138.0302147">
      <ele>10.25</ele>
    </trkpt>
    <trkpt lat="-33.0434365" lon="138.0304937">
      <ele>8.223</ele>
    </trkpt>
    <trkpt lat="-33.0436396" lon="138.030638">
      <ele>8.163</ele>
    </trkpt>
    <trkpt lat="-33.0441041" lon="138.0309508">
      <ele>11.87</ele>
    </trkpt>
    <trkpt lat="-33.0448379" lon="138.0313941">
      <ele>9.249</ele>
    </trkpt>
    <trkpt lat="-33.0453348" lon="138.0316697">
      <ele>11.98</ele>
    </trkpt>
    <trkpt lat="-33.0456487" lon="138.0318246">
      <ele>11.477</ele>
    </trkpt>
    <trkpt lat="-33.0457947" lon="138.0319021">
      <ele>11.751</ele>
    </trkpt>
    <trkpt lat="-33.046016" lon="138.0320088">
      <ele>10.758</ele>
    </trkpt>
    <trkpt lat="-33.0464028" lon="138.0321852">
      <ele>10.0</ele>
    </trkpt>
    <trkpt lat="-33.0470032" lon="138.0324313">
      <ele>9.036</ele>
    </trkpt>
    <trkpt lat="-33.0474818" lon="138.0326126">
      <ele>7.444</ele>
    </trkpt>
    <trkpt lat="-33.0475513" lon="138.0326375">
      <ele>7.771</ele>
    </trkpt>
    <trkpt lat="-33.0477649" lon="138.0327139">
      <ele>9.458</ele>
    </trkpt>
    <trkpt lat="-33.0481496" lon="138.0328421">
      <ele>11.645</ele>
    </trkpt>
    <trkpt lat="-33.0485714" lon="138.0329714">
      <ele>12.0</ele>
    </trkpt>
    <trkpt lat="-33.0487678" lon="138.0330216">
      <ele>12.0</ele>
    </trkpt>
    <trkpt lat="-33.0489853" lon="138.0330811">
      <ele>11.593</ele>
    </trkpt>
    <trkpt lat="-33.0495469" lon="138.03321">
      <ele>12.205</ele>
    </trkpt>
    <trkpt lat="-33.0504619" lon="138.0333838">
      <ele>13.88</ele>
    </trkpt>
    <trkpt lat="-33.0510123" lon="138.0334743">
      <ele>9.668</ele>
    </trkpt>
    <trkpt lat="-33.0510473" lon="138.0334798">
      <ele>9.581</ele>
    </trkpt>
    <trkpt lat="-33.0515787" lon="138.033563">
      <ele>12.248</ele>
    </trkpt>
    <trkpt lat="-33.0519426" lon="138.0336208">
      <ele>11.972</ele>
    </trkpt>
    <trkpt lat="-33.0527904" lon="138.0337667">
      <ele>11.56</ele>
    </trkpt>
    <trkpt lat="-33.0534049" lon="138.0338594">
      <ele>9.742</ele>
    </trkpt>
    <trkpt lat="-33.0540575" lon="138.0339711">
      <ele>8.903</ele>
    </trkpt>
    <trkpt lat="-33.0547862" lon="138.0341307">
      <ele>7.669</ele>
    </trkpt>
    <trkpt lat="-33.0549563" lon="138.0341755">
      <ele>6.278</ele>
    </trkpt>
    <trkpt lat="-33.0551319" lon="138.0342218">
      <ele>6.371</ele>
    </trkpt>
    <trkpt lat="-33.0556686" lon="138.0343631">
      <ele>9.94</ele>
    </trkpt>
    <trkpt lat="-33.0561089" lon="138.0345041">
      <ele>9.229</ele>
    </trkpt>
    <trkpt lat="-33.0566347" lon="138.0346812">
      <ele>7.967</ele>
    </trkpt>
    <trkpt lat="-33.0569419" lon="138.034808">
      <ele>5.331</ele>
    </trkpt>
    <trkpt lat="-33.0576669" lon="138.0351154">
      <ele>7.0</ele>
    </trkpt>
    <trkpt lat="-33.058304" lon="138.0354187">
      <ele>7.454</ele>
    </trkpt>
    <trkpt lat="-33.0587089" lon="138.0356386">
      <ele>7.648</ele>
    </trkpt>
    <trkpt lat="-33.058817" lon="138.0356973">
      <ele>7.259</ele>
    </trkpt>
    <trkpt lat="-33.0588721" lon="138.0357288">
      <ele>7.06</ele>
    </trkpt>
    <trkpt lat="-33.0590343" lon="138.0358214">
      <ele>7.0</ele>
    </trkpt>
    <trkpt lat="-33.0594492" lon="138.0360582">
      <ele>6.983</ele>
    </trkpt>
    <trkpt lat="-33.0600038" lon="138.036387">
      <ele>4.986</ele>
    </trkpt>
    <trkpt lat="-33.0601649" lon="138.0364825">
      <ele>4.206</ele>
    </trkpt>
    <trkpt lat="-33.0601781" lon="138.0364903">
      <ele>4.125</ele>
    </trkpt>
    <trkpt lat="-33.0611462" lon="138.03708">
      <ele>6.914</ele>
    </trkpt>
    <trkpt lat="-33.0620722" lon="138.0376325">
      <ele>5.063</ele>
    </trkpt>
    <trkpt lat="-33.0630798" lon="138.0382486">
      <ele>5.939</ele>
    </trkpt>
    <trkpt lat="-33.0636078" lon="138.0385689">
      <ele>4.012</ele>
    </trkpt>
    <trkpt lat="-33.0636334" lon="138.0385846">
      <ele>3.92</ele>
    </trkpt>
    <trkpt lat="-33.0647104" lon="138.0392432">
      <ele>4.0</ele>
    </trkpt>
    <trkpt lat="-33.065694" lon="138.0398476">
      <ele>6.225</ele>
    </trkpt>
    <trkpt lat="-33.0664728" lon="138.0403569">
      <ele>4.784</ele>
    </trkpt>
    <trkpt lat="-33.06713" lon="138.0407886">
      <ele>6.668</ele>
    </trkpt>
    <trkpt lat="-33.0676376" lon="138.0411209">
      <ele>5.522</ele>
    </trkpt>
    <trkpt lat="-33.0724274" lon="138.0442726">
      <ele>5.457</ele>
    </trkpt>
    <trkpt lat="-33.0730788" lon="138.0446991">
      <ele>5.917</ele>
    </trkpt>
    <trkpt lat="-33.0735607" lon="138.0450045">
      <ele>6.819</ele>
    </trkpt>
    <trkpt lat="-33.0743655" lon="138.045488">
      <ele>6.785</ele>
    </trkpt>
    <trkpt lat="-33.0756884" lon="138.046262">
      <ele>4.783</ele>
    </trkpt>
    <trkpt lat="-33.0768602" lon="138.0469526">
      <ele>7.315</ele>
    </trkpt>
    <trkpt lat="-33.0780676" lon="138.0476623">
      <ele>5.416</ele>
    </trkpt>
    <trkpt lat="-33.0787776" lon="138.0480724">
      <ele>5.138</ele>
    </trkpt>
    <trkpt lat="-33.0793694" lon="138.0484337">
      <ele>4.713</ele>
    </trkpt>
    <trkpt lat="-33.0811613" lon="138.0494749">
      <ele>3.2</ele>
    </trkpt>
    <trkpt lat="-33.0821393" lon="138.0500627">
      <ele>6.701</ele>
    </trkpt>
    <trkpt lat="-33.083728" lon="138.0510038">
      <ele>4.421</ele>
    </trkpt>
    <trkpt lat="-33.0857575" lon="138.0522127">
      <ele>7.693</ele>
    </trkpt>
    <trkpt lat="-33.086298" lon="138.0525381">
      <ele>9.092</ele>
    </trkpt>
    <trkpt lat="-33.0870937" lon="138.0530347">
      <ele>7.96</ele>
    </trkpt>
    <trkpt lat="-33.0874395" lon="138.0532694">
      <ele>6.448</ele>
    </trkpt>
    <trkpt lat="-33.087753" lon="138.0534919">
      <ele>6.52</ele>
    </trkpt>
    <trkpt lat="-33.0885155" lon="138.0540509">
      <ele>9.0</ele>
    </trkpt>
    <trkpt lat="-33.089071" lon="138.0544751">
      <ele>5.852</ele>
    </trkpt>
    <trkpt lat="-33.0895798" lon="138.0548995">
      <ele>6.798</ele>
    </trkpt>
    <trkpt lat="-33.0896473" lon="138.0549659">
      <ele>7.371</ele>
    </trkpt>
    <trkpt lat="-33.0904215" lon="138.0556428">
      <ele>8.924</ele>
    </trkpt>
    <trkpt lat="-33.0909285" lon="138.0561187">
      <ele>7.963</ele>
    </trkpt>
    <trkpt lat="-33.0909396" lon="138.0561291">
      <ele>7.91</ele>
    </trkpt>
    <trkpt lat="-33.0910814" lon="138.0562612">
      <ele>6.977</ele>
    </trkpt>
    <trkpt lat="-33.0915544" lon="138.0567021">
      <ele>5.353</ele>
    </trkpt>
    <trkpt lat="-33.0922664" lon="138.0573712">
      <ele>6.403</ele>
    </trkpt>
    <trkpt lat="-33.0924945" lon="138.0575893">
      <ele>8.947</ele>
    </trkpt>
    <trkpt lat="-33.0926349" lon="138.0577235">
      <ele>9.095</ele>
    </trkpt>
    <trkpt lat="-33.093138" lon="138.0582045">
      <ele>8.601</ele>
    </trkpt>
    <trkpt lat="-33.093338" lon="138.0583928">
      <ele>7.816</ele>
    </trkpt>
    <trkpt lat="-33.0938556" lon="138.0588803">
      <ele>6.942</ele>
    </trkpt>
    <trkpt lat="-33.0942082" lon="138.0592143">
      <ele>10.146</ele>
    </trkpt>
    <trkpt lat="-33.0947444" lon="138.059722">
      <ele>11.999</ele>
    </trkpt>
    <trkpt lat="-33.0951795" lon="138.0601412">
      <ele>11.718</ele>
    </trkpt>
    <trkpt lat="-33.0958887" lon="138.0608082">
      <ele>11.0</ele>
    </trkpt>
    <trkpt lat="-33.0963361" lon="138.0612329">
      <ele>12.181</ele>
    </trkpt>
    <trkpt lat="-33.0971322" lon="138.0619917">
      <ele>15.566</ele>
    </trkpt>
    <trkpt lat="-33.0978414" lon="138.0626712">
      <ele>15.179</ele>
    </trkpt>
    <trkpt lat="-33.0986172" lon="138.0634145">
      <ele>16.994</ele>
    </trkpt>
    <trkpt lat="-33.0993632" lon="138.0640929">
      <ele>15.011</ele>
    </trkpt>
    <trkpt lat="-33.0995404" lon="138.0642598">
      <ele>13.1</ele>
    </trkpt>
    <trkpt lat="-33.099798" lon="138.0645024">
      <ele>12.451</ele>
    </trkpt>
    <trkpt lat="-33.1004127" lon="138.0650696">
      <ele>14.765</ele>
    </trkpt>
    <trkpt lat="-33.1011528" lon="138.0656939">
      <ele>17.071</ele>
    </trkpt>
    <trkpt lat="-33.1013368" lon="138.0658315">
      <ele>17.992</ele>
    </trkpt>
    <trkpt lat="-33.1017454" lon="138.06613">
      <ele>16.15</ele>
    </trkpt>
    <trkpt lat="-33.1021759" lon="138.0664136">
      <ele>14.178</ele>
    </trkpt>
    <trkpt lat="-33.1026442" lon="138.0667113">
      <ele>18.833</ele>
    </trkpt>
    <trkpt lat="-33.102993" lon="138.0669043">
      <ele>16.514</ele>
    </trkpt>
    <trkpt lat="-33.1031136" lon="138.0669594">
      <ele>16.461</ele>
    </trkpt>
    <trkpt lat="-33.1034479" lon="138.0671385">
      <ele>17.712</ele>
    </trkpt>
    <trkpt lat="-33.1038807" lon="138.0673379">
      <ele>17.983</ele>
    </trkpt>
    <trkpt lat="-33.1042169" lon="138.0674792">
      <ele>18.912</ele>
    </trkpt>
    <trkpt lat="-33.1045736" lon="138.0676106">
      <ele>19.611</ele>
    </trkpt>
    <trkpt lat="-33.1049759" lon="138.0677463">
      <ele>19.077</ele>
    </trkpt>
    <trkpt lat="-33.1050831" lon="138.0677771">
      <ele>19.298</ele>
    </trkpt>
    <trkpt lat="-33.1054527" lon="138.0678938">
      <ele>22.044</ele>
    </trkpt>
    <trkpt lat="-33.1061813" lon="138.0680714">
      <ele>20.918</ele>
    </trkpt>
    <trkpt lat="-33.1065082" lon="138.068136">
      <ele>20.744</ele>
    </trkpt>
    <trkpt lat="-33.1069819" lon="138.0682126">
      <ele>19.92</ele>
    </trkpt>
    <trkpt lat="-33.1072202" lon="138.0682426">
      <ele>18.686</ele>
    </trkpt>
    <trkpt lat="-33.1075557" lon="138.0682771">
      <ele>17.597</ele>
    </trkpt>
    <trkpt lat="-33.1078412" lon="138.0682994">
      <ele>17.05</ele>
    </trkpt>
    <trkpt lat="-33.1081333" lon="138.0683146">
      <ele>18.096</ele>
    </trkpt>
    <trkpt lat="-33.1091105" lon="138.0683334">
      <ele>19.798</ele>
    </trkpt>
    <trkpt lat="-33.1100052" lon="138.0683349">
      <ele>21.976</ele>
    </trkpt>
    <trkpt lat="-33.1110424" lon="138.0683334">
      <ele>17.248</ele>
    </trkpt>
    <trkpt lat="-33.1237444" lon="138.0683263">
      <ele>17.975</ele>
    </trkpt>
    <trkpt lat="-33.1244875" lon="138.0683275">
      <ele>17.93</ele>
    </trkpt>
    <trkpt lat="-33.126982" lon="138.0683265">
      <ele>13.111</ele>
    </trkpt>
    <trkpt lat="-33.1271618" lon="138.0683264">
      <ele>13.758</ele>
    </trkpt>
    <trkpt lat="-33.127356" lon="138.0683263">
      <ele>14.926</ele>
    </trkpt>
    <trkpt lat="-33.1281099" lon="138.0683238">
      <ele>16.392</ele>
    </trkpt>
    <trkpt lat="-33.1293429" lon="138.0683235">
      <ele>15.282</ele>
    </trkpt>
    <trkpt lat="-33.1334195" lon="138.0683254">
      <ele>18.048</ele>
    </trkpt>
    <trkpt lat="-33.1339092" lon="138.0683262">
      <ele>15.951</ele>
    </trkpt>
    <trkpt lat="-33.1344776" lon="138.0683264">
      <ele>16.069</ele>
    </trkpt>
    <trkpt lat="-33.1345454" lon="138.0683253">
      <ele>16.306</ele>
    </trkpt>
    <trkpt lat="-33.1357021" lon="138.0683347">
      <ele>14.005</ele>
    </trkpt>
    <trkpt lat="-33.1364763" lon="138.0683375">
      <ele>13.685</ele>
    </trkpt>
    <trkpt lat="-33.1366399" lon="138.0683386">
      <ele>13.096</ele>
    </trkpt>
    <trkpt lat="-33.1390381" lon="138.0683385">
      <ele>12.481</ele>
    </trkpt>
    <trkpt lat="-33.1400746" lon="138.0683326">
      <ele>12.997</ele>
    </trkpt>
    <trkpt lat="-33.1405056" lon="138.0683377">
      <ele>14.659</ele>
    </trkpt>
    <trkpt lat="-33.141456" lon="138.0683412">
      <ele>10.0</ele>
    </trkpt>
    <trkpt lat="-33.1427231" lon="138.068342">
      <ele>9.197</ele>
    </trkpt>
    <trkpt lat="-33.1452906" lon="138.0683387">
      <ele>7.936</ele>
    </trkpt>
    <trkpt lat="-33.145476" lon="138.0683385">
      <ele>7.294</ele>
    </trkpt>
    <trkpt lat="-33.1484722" lon="138.0683308">
      <ele>8.5</ele>
    </trkpt>
    <trkpt lat="-33.1489303" lon="138.0683243">
      <ele>8.0</ele>
    </trkpt>
    <trkpt lat="-33.1496891" lon="138.0683237">
      <ele>9.877</ele>
    </trkpt>
    <trkpt lat="-33.1497666" lon="138.0683248">
      <ele>9.685</ele>
    </trkpt>
    <trkpt lat="-33.1516599" lon="138.0683134">
      <ele>9.974</ele>
    </trkpt>
    <trkpt lat="-33.1526213" lon="138.0683229">
      <ele>7.563</ele>
    </trkpt>
    <trkpt lat="-33.1535543" lon="138.0683238">
      <ele>8.529</ele>
    </trkpt>
    <trkpt lat="-33.1540849" lon="138.0683243">
      <ele>9.252</ele>
    </trkpt>
    <trkpt lat="-33.1542101" lon="138.0683245">
      <ele>8.817</ele>
    </trkpt>
    <trkpt lat="-33.15481" lon="138.0683182">
      <ele>7.667</ele>
    </trkpt>
    <trkpt lat="-33.1557475" lon="138.0682694">
      <ele>6.071</ele>
    </trkpt>
    <trkpt lat="-33.1558901" lon="138.0682517">
      <ele>6.0</ele>
    </trkpt>
    <trkpt lat="-33.1566725" lon="138.0681746">
      <ele>5.438</ele>
    </trkpt>
    <trkpt lat="-33.1569816" lon="138.0681277">
      <ele>5.519</ele>
    </trkpt>
    <trkpt lat="-33.1571693" lon="138.0681021">
      <ele>5.335</ele>
    </trkpt>
    <trkpt lat="-33.1578824" lon="138.0679018">
      <ele>4.655</ele>
    </trkpt>
    <trkpt lat="-33.158562" lon="138.0676548">
      <ele>4.479</ele>
    </trkpt>
    <trkpt lat="-33.1588589" lon="138.0675565">
      <ele>5.277</ele>
    </trkpt>
    <trkpt lat="-33.1589496" lon="138.0675213">
      <ele>5.137</ele>
    </trkpt>
    <trkpt lat="-33.159145" lon="138.0674326">
      <ele>4.776</ele>
    </trkpt>
    <trkpt lat="-33.1597943" lon="138.067214">
      <ele>4.259</ele>
    </trkpt>
    <trkpt lat="-33.160067" lon="138.0671295">
      <ele>5.241</ele>
    </trkpt>
    <trkpt lat="-33.1604254" lon="138.0670811">
      <ele>6.261</ele>
    </trkpt>
    <trkpt lat="-33.1608182" lon="138.0670332">
      <ele>5.374</ele>
    </trkpt>
    <trkpt lat="-33.1612819" lon="138.066999">
      <ele>3.657</ele>
    </trkpt>
    <trkpt lat="-33.1615428" lon="138.0669257">
      <ele>3.0</ele>
    </trkpt>
    <trkpt lat="-33.1616441" lon="138.0669027">
      <ele>3.0</ele>
    </trkpt>
    <trkpt lat="-33.161955" lon="138.0668984">
      <ele>2.197</ele>
    </trkpt>
    <trkpt lat="-33.1623284" lon="138.0669041">
      <ele>2.944</ele>
    </trkpt>
    <trkpt lat="-33.1625511" lon="138.0669017">
      <ele>2.69</ele>
    </trkpt>
    <trkpt lat="-33.162868" lon="138.0669025">
      <ele>2.276</ele>
    </trkpt>
    <trkpt lat="-33.1630478" lon="138.0669029">
      <ele>2.827</ele>
    </trkpt>
    <trkpt lat="-33.1641989" lon="138.0669058">
      <ele>3.745</ele>
    </trkpt>
    <trkpt lat="-33.1644351" lon="138.0669068">
      <ele>2.898</ele>
    </trkpt>
    <trkpt lat="-33.1646122" lon="138.0669059">
      <ele>2.945</ele>
    </trkpt>
    <trkpt lat="-33.1648147" lon="138.0669118">
      <ele>3.0</ele>
    </trkpt>
    <trkpt lat="-33.165041" lon="138.0669368">
      <ele>3.004</ele>
    </trkpt>
    <trkpt lat="-33.1652827" lon="138.0669613">
      <ele>3.0</ele>
    </trkpt>
    <trkpt lat="-33.1654383" lon="138.0669921">
      <ele>3.0</ele>
    </trkpt>
    <trkpt lat="-33.1655964" lon="138.0670298">
      <ele>3.0</ele>
    </trkpt>
    <trkpt lat="-33.1661731" lon="138.0671993">
      <ele>1.982</ele>
    </trkpt>
    <trkpt lat="-33.1664319" lon="138.0672919">
      <ele>2.039</ele>
    </trkpt>
    <trkpt lat="-33.1668873" lon="138.0674584">
      <ele>2.85</ele>
    </trkpt>
    <trkpt lat="-33.1676706" lon="138.0677775">
      <ele>2.002</ele>
    </trkpt>
    <trkpt lat="-33.1678323" lon="138.0678452">
      <ele>2.101</ele>
    </trkpt>
    <trkpt lat="-33.1679851" lon="138.0679126">
      <ele>2.022</ele>
    </trkpt>
    <trkpt lat="-33.168137" lon="138.0679722">
      <ele>1.805</ele>
    </trkpt>
    <trkpt lat="-33.1683338" lon="138.0680396">
      <ele>2.057</ele>
    </trkpt>
    <trkpt lat="-33.1684957" lon="138.0680862">
      <ele>2.064</ele>
    </trkpt>
    <trkpt lat="-33.1688452" lon="138.0681814">
      <ele>2.071</ele>
    </trkpt>
    <trkpt lat="-33.1691823" lon="138.068228">
      <ele>3.414</ele>
    </trkpt>
    <trkpt lat="-33.1693259" lon="138.0682519">
      <ele>3.698</ele>
    </trkpt>
    <trkpt lat="-33.1694911" lon="138.0682618">
      <ele>3.832</ele>
    </trkpt>
    <trkpt lat="-33.1696538" lon="138.0682707">
      <ele>3.246</ele>
    </trkpt>
    <trkpt lat="-33.1711831" lon="138.0682772">
      <ele>5.534</ele>
    </trkpt>
    <trkpt lat="-33.1740304" lon="138.0682894">
      <ele>3.394</ele>
    </trkpt>
    <trkpt lat="-33.1886548" lon="138.0682891">
      <ele>4.025</ele>
    </trkpt>
    <trkpt lat="-33.1888618" lon="138.0682978">
      <ele>4.115</ele>
    </trkpt>
    <trkpt lat="-33.1890471" lon="138.0683056">
      <ele>4.613</ele>
    </trkpt>
    <trkpt lat="-33.1892938" lon="138.0683268">
      <ele>5.0</ele>
    </trkpt>
    <trkpt lat="-33.1894829" lon="138.0683507">
      <ele>4.87</ele>
    </trkpt>
    <trkpt lat="-33.1899005" lon="138.0684203">
      <ele>4.112</ele>
    </trkpt>
    <trkpt lat="-33.1900918" lon="138.0684641">
      <ele>4.156</ele>
    </trkpt>
    <trkpt lat="-33.1904021" lon="138.068556">
      <ele>4.443</ele>
    </trkpt>
    <trkpt lat="-33.1906502" lon="138.0686412">
      <ele>4.412</ele>
    </trkpt>
    <trkpt lat="-33.190827" lon="138.0687112">
      <ele>4.985</ele>
    </trkpt>
    <trkpt lat="-33.19109" lon="138.0688219">
      <ele>5.701</ele>
    </trkpt>
    <trkpt lat="-33.1913538" lon="138.0689511">
      <ele>4.902</ele>
    </trkpt>
    <trkpt lat="-33.1915762" lon="138.069075">
      <ele>4.33</ele>
    </trkpt>
    <trkpt lat="-33.1918759" lon="138.0692614">
      <ele>4.257</ele>
    </trkpt>
    <trkpt lat="-33.1921016" lon="138.0694144">
      <ele>4.387</ele>
    </trkpt>
    <trkpt lat="-33.1923802" lon="138.0696318">
      <ele>4.569</ele>
    </trkpt>
    <trkpt lat="-33.1926157" lon="138.069833">
      <ele>5.018</ele>
    </trkpt>
    <trkpt lat="-33.1930098" lon="138.0702146">
      <ele>5.0</ele>
    </trkpt>
    <trkpt lat="-33.1933401" lon="138.0705894">
      <ele>4.905</ele>
    </trkpt>
    <trkpt lat="-33.1936102" lon="138.0709401">
      <ele>5.993</ele>
    </trkpt>
    <trkpt lat="-33.1937402" lon="138.0711285">
      <ele>6.867</ele>
    </trkpt>
    <trkpt lat="-33.1937662" lon="138.071162">
      <ele>6.933</ele>
    </trkpt>
    <trkpt lat="-33.1942005" lon="138.0719026">
      <ele>6.0</ele>
    </trkpt>
    <trkpt lat="-33.1952267" lon="138.073718">
      <ele>7.113</ele>
    </trkpt>
    <trkpt lat="-33.1952351" lon="138.0737725">
      <ele>7.064</ele>
    </trkpt>
    <trkpt lat="-33.1952506" lon="138.0738069">
      <ele>7.029</ele>
    </trkpt>
    <trkpt lat="-33.1952739" lon="138.0738531">
      <ele>7.002</ele>
    </trkpt>
    <trkpt lat="-33.1965049" lon="138.0762242">
      <ele>8.005</ele>
    </trkpt>
    <trkpt lat="-33.1966829" lon="138.0765081">
      <ele>10.833</ele>
    </trkpt>
    <trkpt lat="-33.1969047" lon="138.0768826">
      <ele>11.143</ele>
    </trkpt>
    <trkpt lat="-33.1971931" lon="138.0774353">
      <ele>7.571</ele>
    </trkpt>
    <trkpt lat="-33.1974871" lon="138.0780696">
      <ele>8.956</ele>
    </trkpt>
    <trkpt lat="-33.1977341" lon="138.078744">
      <ele>10.15</ele>
    </trkpt>
    <trkpt lat="-33.1977825" lon="138.078885">
      <ele>9.983</ele>
    </trkpt>
    <trkpt lat="-33.197917" lon="138.0792971">
      <ele>10.735</ele>
    </trkpt>
    <trkpt lat="-33.1979683" lon="138.0794377">
      <ele>10.992</ele>
    </trkpt>
    <trkpt lat="-33.1980059" lon="138.0795293">
      <ele>11.251</ele>
    </trkpt>
    <trkpt lat="-33.198051" lon="138.079612">
      <ele>11.593</ele>
    </trkpt>
    <trkpt lat="-33.198112" lon="138.0796876">
      <ele>11.901</ele>
    </trkpt>
    <trkpt lat="-33.1984287" lon="138.0806861">
      <ele>11.182</ele>
    </trkpt>
    <trkpt lat="-33.1987021" lon="138.0815802">
      <ele>14.361</ele>
    </trkpt>
    <trkpt lat="-33.1988757" lon="138.0820863">
      <ele>14.023</ele>
    </trkpt>
    <trkpt lat="-33.198881" lon="138.0821001">
      <ele>14.012</ele>
    </trkpt>
    <trkpt lat="-33.1989544" lon="138.0822963">
      <ele>13.859</ele>
    </trkpt>
    <trkpt lat="-33.1990965" lon="138.0826763">
      <ele>14.334</ele>
    </trkpt>
    <trkpt lat="-33.1992953" lon="138.0831571">
      <ele>13.465</ele>
    </trkpt>
    <trkpt lat="-33.1994427" lon="138.0834539">
      <ele>11.144</ele>
    </trkpt>
    <trkpt lat="-33.1995383" lon="138.0836259">
      <ele>10.764</ele>
    </trkpt>
    <trkpt lat="-33.1996157" lon="138.0837824">
      <ele>12.086</ele>
    </trkpt>
    <trkpt lat="-33.1997582" lon="138.0840075">
      <ele>14.002</ele>
    </trkpt>
    <trkpt lat="-33.1998211" lon="138.0841248">
      <ele>14.806</ele>
    </trkpt>
    <trkpt lat="-33.1998313" lon="138.0841438">
      <ele>14.9</ele>
    </trkpt>
    <trkpt lat="-33.2000578" lon="138.0845505">
      <ele>15.951</ele>
    </trkpt>
    <trkpt lat="-33.2002925" lon="138.084946">
      <ele>17.795</ele>
    </trkpt>
    <trkpt lat="-33.2004645" lon="138.08522">
      <ele>18.26</ele>
    </trkpt>
    <trkpt lat="-33.2005959" lon="138.0853981">
      <ele>17.792</ele>
    </trkpt>
    <trkpt lat="-33.2007019" lon="138.0855332">
      <ele>16.989</ele>
    </trkpt>
    <trkpt lat="-33.2014233" lon="138.0865163">
      <ele>15.819</ele>
    </trkpt>
    <trkpt lat="-33.2015095" lon="138.0866686">
      <ele>15.131</ele>
    </trkpt>
    <trkpt lat="-33.2016345" lon="138.0868512">
      <ele>14.742</ele>
    </trkpt>
    <trkpt lat="-33.2017625" lon="138.087026">
      <ele>15.345</ele>
    </trkpt>
    <trkpt lat="-33.2018935" lon="138.0871997">
      <ele>15.817</ele>
    </trkpt>
    <trkpt lat="-33.2019779" lon="138.0872144">
      <ele>15.883</ele>
    </trkpt>
    <trkpt lat="-33.2021466" lon="138.0874402">
      <ele>14.488</ele>
    </trkpt>
    <trkpt lat="-33.2023438" lon="138.0876751">
      <ele>14.276</ele>
    </trkpt>
    <trkpt lat="-33.2026342" lon="138.0880187">
      <ele>15.0</ele>
    </trkpt>
    <trkpt lat="-33.2026668" lon="138.0880581">
      <ele>14.994</ele>
    </trkpt>
    <trkpt lat="-33.2028434" lon="138.0882124">
      <ele>14.435</ele>
    </trkpt>
    <trkpt lat="-33.2029892" lon="138.0883453">
      <ele>14.033</ele>
    </trkpt>
    <trkpt lat="-33.2031681" lon="138.0885034">
      <ele>15.017</ele>
    </trkpt>
    <trkpt lat="-33.2032027" lon="138.0885319">
      <ele>15.245</ele>
    </trkpt>
    <trkpt lat="-33.2033974" lon="138.0887933">
      <ele>17.312</ele>
    </trkpt>
    <trkpt lat="-33.203745" lon="138.0890921">
      <ele>17.415</ele>
    </trkpt>
    <trkpt lat="-33.2038345" lon="138.08917">
      <ele>16.585</ele>
    </trkpt>
    <trkpt lat="-33.2046168" lon="138.089851">
      <ele>19.62</ele>
    </trkpt>
    <trkpt lat="-33.2046364" lon="138.0898696">
      <ele>19.691</ele>
    </trkpt>
    <trkpt lat="-33.2050805" lon="138.0902908">
      <ele>19.69</ele>
    </trkpt>
    <trkpt lat="-33.2084735" lon="138.0934979">
      <ele>21.0</ele>
    </trkpt>
    <trkpt lat="-33.2094673" lon="138.0943973">
      <ele>22.748</ele>
    </trkpt>
    <trkpt lat="-33.2110438" lon="138.0958263">
      <ele>24.745</ele>
    </trkpt>
    <trkpt lat="-33.2111716" lon="138.096014">
      <ele>25.433</ele>
    </trkpt>
    <trkpt lat="-33.2114806" lon="138.0962981">
      <ele>25.565</ele>
    </trkpt>
    <trkpt lat="-33.2118628" lon="138.0966584">
      <ele>26.97</ele>
    </trkpt>
    <trkpt lat="-33.2121609" lon="138.0969285">
      <ele>27.779</ele>
    </trkpt>
    <trkpt lat="-33.2124439" lon="138.0971875">
      <ele>27.025</ele>
    </trkpt>
    <trkpt lat="-33.2125926" lon="138.097328">
      <ele>27.0</ele>
    </trkpt>
    <trkpt lat="-33.2128043" lon="138.0975228">
      <ele>27.09</ele>
    </trkpt>
    <trkpt lat="-33.212963" lon="138.0976693">
      <ele>28.016</ele>
    </trkpt>
    <trkpt lat="-33.2131654" lon="138.097848">
      <ele>28.857</ele>
    </trkpt>
    <trkpt lat="-33.2134109" lon="138.0980758">
      <ele>28.668</ele>
    </trkpt>
    <trkpt lat="-33.2136426" lon="138.0982882">
      <ele>28.113</ele>
    </trkpt>
    <trkpt lat="-33.2139769" lon="138.0985985">
      <ele>29.969</ele>
    </trkpt>
    <trkpt lat="-33.2142204" lon="138.0988197">
      <ele>31.211</ele>
    </trkpt>
    <trkpt lat="-33.2145739" lon="138.0991439">
      <ele>28.616</ele>
    </trkpt>
    <trkpt lat="-33.2147976" lon="138.0993439">
      <ele>27.633</ele>
    </trkpt>
    <trkpt lat="-33.2151831" lon="138.0996986">
      <ele>28.347</ele>
    </trkpt>
    <trkpt lat="-33.2155207" lon="138.1000105">
      <ele>30.754</ele>
    </trkpt>
    <trkpt lat="-33.2159051" lon="138.1003652">
      <ele>30.483</ele>
    </trkpt>
    <trkpt lat="-33.2162855" lon="138.1007104">
      <ele>28.722</ele>
    </trkpt>
    <trkpt lat="-33.2170462" lon="138.1014173">
      <ele>31.736</ele>
    </trkpt>
    <trkpt lat="-33.2175409" lon="138.101869">
      <ele>30.798</ele>
    </trkpt>
    <trkpt lat="-33.2185321" lon="138.102786">
      <ele>32.745</ele>
    </trkpt>
    <trkpt lat="-33.2186557" lon="138.1028959">
      <ele>33.586</ele>
    </trkpt>
    <trkpt lat="-33.2187202" lon="138.1029628">
      <ele>34.059</ele>
    </trkpt>
    <trkpt lat="-33.2190466" lon="138.1032635">
      <ele>35.324</ele>
    </trkpt>
    <trkpt lat="-33.2193578" lon="138.1035528">
      <ele>34.065</ele>
    </trkpt>
    <trkpt lat="-33.2195473" lon="138.1037281">
      <ele>34.577</ele>
    </trkpt>
    <trkpt lat="-33.2197927" lon="138.1039521">
      <ele>35.804</ele>
    </trkpt>
    <trkpt lat="-33.2205937" lon="138.104696">
      <ele>33.781</ele>
    </trkpt>
    <trkpt lat="-33.2209207" lon="138.104993">
      <ele>33.975</ele>
    </trkpt>
    <trkpt lat="-33.2210774" lon="138.1051353">
      <ele>34.059</ele>
    </trkpt>
    <trkpt lat="-33.2212559" lon="138.105303">
      <ele>33.57</ele>
    </trkpt>
    <trkpt lat="-33.2216338" lon="138.1056518">
      <ele>34.305</ele>
    </trkpt>
    <trkpt lat="-33.221976" lon="138.1059711">
      <ele>35.993</ele>
    </trkpt>
    <trkpt lat="-33.2225637" lon="138.1065084">
      <ele>33.869</ele>
    </trkpt>
    <trkpt lat="-33.225797" lon="138.1094962">
      <ele>40.293</ele>
    </trkpt>
    <trkpt lat="-33.225999" lon="138.1096838">
      <ele>39.669</ele>
    </trkpt>
    <trkpt lat="-33.2261575" lon="138.1098292">
      <ele>39.347</ele>
    </trkpt>
    <trkpt lat="-33.2264014" lon="138.1100561">
      <ele>41.166</ele>
    </trkpt>
    <trkpt lat="-33.2265834" lon="138.1102303">
      <ele>41.709</ele>
    </trkpt>
    <trkpt lat="-33.2268471" lon="138.1104691">
      <ele>42.039</ele>
    </trkpt>
    <trkpt lat="-33.2271708" lon="138.1107728">
      <ele>42.605</ele>
    </trkpt>
    <trkpt lat="-33.2273137" lon="138.1109064">
      <ele>42.757</ele>
    </trkpt>
    <trkpt lat="-33.2285418" lon="138.1120357">
      <ele>43.508</ele>
    </trkpt>
    <trkpt lat="-33.2289401" lon="138.1124046">
      <ele>45.657</ele>
    </trkpt>
    <trkpt lat="-33.2292124" lon="138.112649">
      <ele>45.835</ele>
    </trkpt>
    <trkpt lat="-33.229333" lon="138.1127647">
      <ele>45.401</ele>
    </trkpt>
    <trkpt lat="-33.2297237" lon="138.1131299">
      <ele>44.999</ele>
    </trkpt>
    <trkpt lat="-33.2298648" lon="138.1132593">
      <ele>44.624</ele>
    </trkpt>
    <trkpt lat="-33.2299992" lon="138.1133816">
      <ele>44.177</ele>
    </trkpt>
    <trkpt lat="-33.2302106" lon="138.1135738">
      <ele>44.866</ele>
    </trkpt>
    <trkpt lat="-33.2304569" lon="138.1138043">
      <ele>45.942</ele>
    </trkpt>
    <trkpt lat="-33.2307076" lon="138.1140383">
      <ele>45.991</ele>
    </trkpt>
    <trkpt lat="-33.2309365" lon="138.1142447">
      <ele>46.0</ele>
    </trkpt>
    <trkpt lat="-33.2323211" lon="138.1155224">
      <ele>48.433</ele>
    </trkpt>
    <trkpt lat="-33.2325682" lon="138.1157567">
      <ele>48.454</ele>
    </trkpt>
    <trkpt lat="-33.2327999" lon="138.1159726">
      <ele>49.501</ele>
    </trkpt>
    <trkpt lat="-33.233068" lon="138.1162204">
      <ele>50.035</ele>
    </trkpt>
    <trkpt lat="-33.2332398" lon="138.1163784">
      <ele>51.276</ele>
    </trkpt>
    <trkpt lat="-33.2338865" lon="138.1169709">
      <ele>52.896</ele>
    </trkpt>
    <trkpt lat="-33.2342642" lon="138.1173326">
      <ele>52.093</ele>
    </trkpt>
    <trkpt lat="-33.2344007" lon="138.1174584">
      <ele>52.709</ele>
    </trkpt>
    <trkpt lat="-33.2347152" lon="138.1177473">
      <ele>53.0</ele>
    </trkpt>
    <trkpt lat="-33.234812" lon="138.1178383">
      <ele>53.113</ele>
    </trkpt>
    <trkpt lat="-33.2349158" lon="138.1179242">
      <ele>53.357</ele>
    </trkpt>
    <trkpt lat="-33.2355344" lon="138.1184315">
      <ele>53.479</ele>
    </trkpt>
    <trkpt lat="-33.2358437" lon="138.1187175">
      <ele>53.383</ele>
    </trkpt>
    <trkpt lat="-33.2361879" lon="138.1190957">
      <ele>53.653</ele>
    </trkpt>
    <trkpt lat="-33.2363106" lon="138.1192043">
      <ele>53.417</ele>
    </trkpt>
    <trkpt lat="-33.2364086" lon="138.1192922">
      <ele>53.452</ele>
    </trkpt>
    <trkpt lat="-33.2365075" lon="138.1193876">
      <ele>53.795</ele>
    </trkpt>
    <trkpt lat="-33.2366272" lon="138.1195144">
      <ele>54.252</ele>
    </trkpt>
    <trkpt lat="-33.2366948" lon="138.119591">
      <ele>54.575</ele>
    </trkpt>
    <trkpt lat="-33.236828" lon="138.1197472">
      <ele>55.142</ele>
    </trkpt>
    <trkpt lat="-33.2370188" lon="138.120021">
      <ele>56.828</ele>
    </trkpt>
    <trkpt lat="-33.2372093" lon="138.1203031">
      <ele>57.996</ele>
    </trkpt>
    <trkpt lat="-33.2372616" lon="138.1203804">
      <ele>58.0</ele>
    </trkpt>
    <trkpt lat="-33.237617" lon="138.1209053">
      <ele>57.891</ele>
    </trkpt>
    <trkpt lat="-33.2377008" lon="138.1210312">
      <ele>57.485</ele>
    </trkpt>
    <trkpt lat="-33.2377938" lon="138.1211463">
      <ele>56.942</ele>
    </trkpt>
    <trkpt lat="-33.2378457" lon="138.1212337">
      <ele>56.755</ele>
    </trkpt>
    <trkpt lat="-33.2380577" lon="138.1214884">
      <ele>56.358</ele>
    </trkpt>
    <trkpt lat="-33.2381701" lon="138.121594">
      <ele>56.738</ele>
    </trkpt>
    <trkpt lat="-33.2383338" lon="138.121731">
      <ele>57.23</ele>
    </trkpt>
    <trkpt lat="-33.2384146" lon="138.1217975">
      <ele>57.316</ele>
    </trkpt>
    <trkpt lat="-33.2386001" lon="138.1219562">
      <ele>58.042</ele>
    </trkpt>
    <trkpt lat="-33.238837" lon="138.1221395">
      <ele>59.515</ele>
    </trkpt>
    <trkpt lat="-33.2389869" lon="138.1222332">
      <ele>60.014</ele>
    </trkpt>
    <trkpt lat="-33.239094" lon="138.1222946">
      <ele>60.192</ele>
    </trkpt>
    <trkpt lat="-33.2391796" lon="138.1223379">
      <ele>60.416</ele>
    </trkpt>
    <trkpt lat="-33.2397806" lon="138.1227372">
      <ele>62.674</ele>
    </trkpt>
    <trkpt lat="-33.2404794" lon="138.1232021">
      <ele>59.931</ele>
    </trkpt>
    <trkpt lat="-33.2408951" lon="138.123472">
      <ele>59.499</ele>
    </trkpt>
    <trkpt lat="-33.2409582" lon="138.1235167">
      <ele>59.66</ele>
    </trkpt>
    <trkpt lat="-33.2424543" lon="138.1244504">
      <ele>61.182</ele>
    </trkpt>
    <trkpt lat="-33.2429216" lon="138.1247071">
      <ele>60.946</ele>
    </trkpt>
    <trkpt lat="-33.2434327" lon="138.1249745">
      <ele>61.417</ele>
    </trkpt>
    <trkpt lat="-33.2439262" lon="138.1252342">
      <ele>63.0</ele>
    </trkpt>
    <trkpt lat="-33.2448855" lon="138.1257409">
      <ele>63.079</ele>
    </trkpt>
    <trkpt lat="-33.2451921" lon="138.1259044">
      <ele>62.82</ele>
    </trkpt>
    <trkpt lat="-33.2454043" lon="138.1260321">
      <ele>63.105</ele>
    </trkpt>
    <trkpt lat="-33.2455881" lon="138.1261535">
      <ele>63.018</ele>
    </trkpt>
    <trkpt lat="-33.2457341" lon="138.1262576">
      <ele>62.546</ele>
    </trkpt>
    <trkpt lat="-33.2459478" lon="138.1264315">
      <ele>62.153</ele>
    </trkpt>
    <trkpt lat="-33.2462267" lon="138.1266998">
      <ele>63.119</ele>
    </trkpt>
    <trkpt lat="-33.2464759" lon="138.1269945">
      <ele>64.0</ele>
    </trkpt>
    <trkpt lat="-33.2469362" lon="138.1276184">
      <ele>64.354</ele>
    </trkpt>
    <trkpt lat="-33.2470488" lon="138.1277219">
      <ele>65.099</ele>
    </trkpt>
    <trkpt lat="-33.2478298" lon="138.128821">
      <ele>70.324</ele>
    </trkpt>
    <trkpt lat="-33.2489853" lon="138.1304673">
      <ele>71.891</ele>
    </trkpt>
    <trkpt lat="-33.2518952" lon="138.13441">
      <ele>78.752</ele>
    </trkpt>
    <trkpt lat="-33.2541562" lon="138.1374718">
      <ele>80.958</ele>
    </trkpt>
    <trkpt lat="-33.2542751" lon="138.1376357">
      <ele>81.0</ele>
    </trkpt>
    <trkpt lat="-33.254276" lon="138.1376369">
      <ele>81.0</ele>
    </trkpt>
    <trkpt lat="-33.2543955" lon="138.1377952">
      <ele>81.011</ele>
    </trkpt>
    <trkpt lat="-33.254754" lon="138.1382762">
      <ele>80.067</ele>
    </trkpt>
    <trkpt lat="-33.2558025" lon="138.1396946">
      <ele>84.012</ele>
    </trkpt>
    <trkpt lat="-33.2567932" lon="138.1410398">
      <ele>87.794</ele>
    </trkpt>
    <trkpt lat="-33.2580906" lon="138.1427911">
      <ele>89.706</ele>
    </trkpt>
    <trkpt lat="-33.2583015" lon="138.1430778">
      <ele>88.115</ele>
    </trkpt>
    <trkpt lat="-33.2585415" lon="138.1433318">
      <ele>88.745</ele>
    </trkpt>
    <trkpt lat="-33.2586591" lon="138.1434942">
      <ele>89.852</ele>
    </trkpt>
    <trkpt lat="-33.2600208" lon="138.1454403">
      <ele>97.044</ele>
    </trkpt>
    <trkpt lat="-33.2608411" lon="138.1465752">
      <ele>97.0</ele>
    </trkpt>
    <trkpt lat="-33.2621578" lon="138.1483974">
      <ele>101.59</ele>
    </trkpt>
    <trkpt lat="-33.2627519" lon="138.1491187">
      <ele>103.0</ele>
    </trkpt>
    <trkpt lat="-33.2630022" lon="138.1494217">
      <ele>101.274</ele>
    </trkpt>
    <trkpt lat="-33.2630774" lon="138.1495444">
      <ele>101.05</ele>
    </trkpt>
    <trkpt lat="-33.2635934" lon="138.1501518">
      <ele>101.035</ele>
    </trkpt>
    <trkpt lat="-33.2641477" lon="138.1507311">
      <ele>101.589</ele>
    </trkpt>
    <trkpt lat="-33.2647467" lon="138.1513142">
      <ele>104.936</ele>
    </trkpt>
    <trkpt lat="-33.2652457" lon="138.1517699">
      <ele>105.299</ele>
    </trkpt>
    <trkpt lat="-33.2657095" lon="138.1521762">
      <ele>103.801</ele>
    </trkpt>
    <trkpt lat="-33.2659099" lon="138.1523328">
      <ele>102.0</ele>
    </trkpt>
    <trkpt lat="-33.2665225" lon="138.1527883">
      <ele>102.537</ele>
    </trkpt>
    <trkpt lat="-33.2665835" lon="138.1528306">
      <ele>102.433</ele>
    </trkpt>
    <trkpt lat="-33.2669257" lon="138.1530719">
      <ele>103.114</ele>
    </trkpt>
    <trkpt lat="-33.2671572" lon="138.1532278">
      <ele>104.531</ele>
    </trkpt>
    <trkpt lat="-33.2676321" lon="138.1534965">
      <ele>104.587</ele>
    </trkpt>
    <trkpt lat="-33.2678704" lon="138.153637">
      <ele>104.853</ele>
    </trkpt>
    <trkpt lat="-33.2680683" lon="138.1537594">
      <ele>104.973</ele>
    </trkpt>
    <trkpt lat="-33.2685897" lon="138.1540088">
      <ele>102.635</ele>
    </trkpt>
    <trkpt lat="-33.2693029" lon="138.1543533">
      <ele>101.505</ele>
    </trkpt>
    <trkpt lat="-33.2697488" lon="138.1545612">
      <ele>102.284</ele>
    </trkpt>
    <trkpt lat="-33.2707641" lon="138.1549622">
      <ele>102.728</ele>
    </trkpt>
    <trkpt lat="-33.2709819" lon="138.1550465">
      <ele>102.633</ele>
    </trkpt>
    <trkpt lat="-33.271619" lon="138.1552926">
      <ele>99.352</ele>
    </trkpt>
    <trkpt lat="-33.2743406" lon="138.1563394">
      <ele>101.018</ele>
    </trkpt>
    <trkpt lat="-33.2749405" lon="138.1565715">
      <ele>100.086</ele>
    </trkpt>
    <trkpt lat="-33.2754534" lon="138.1567699">
      <ele>98.765</ele>
    </trkpt>
    <trkpt lat="-33.2764594" lon="138.1571589">
      <ele>98.17</ele>
    </trkpt>
    <trkpt lat="-33.2768015" lon="138.1572913">
      <ele>98.249</ele>
    </trkpt>
    <trkpt lat="-33.2769936" lon="138.1573655">
      <ele>98.607</ele>
    </trkpt>
    <trkpt lat="-33.2771653" lon="138.1574319">
      <ele>99.355</ele>
    </trkpt>
    <trkpt lat="-33.2773809" lon="138.1575153">
      <ele>99.539</ele>
    </trkpt>
    <trkpt lat="-33.27873" lon="138.158043">
      <ele>100.837</ele>
    </trkpt>
    <trkpt lat="-33.2793688" lon="138.1582831">
      <ele>103.728</ele>
    </trkpt>
    <trkpt lat="-33.2795613" lon="138.1583555">
      <ele>103.954</ele>
    </trkpt>
    <trkpt lat="-33.2796321" lon="138.1583821">
      <ele>103.943</ele>
    </trkpt>
    <trkpt lat="-33.2797117" lon="138.158413">
      <ele>103.989</ele>
    </trkpt>
    <trkpt lat="-33.2797325" lon="138.158421">
      <ele>104.025</ele>
    </trkpt>
    <trkpt lat="-33.280225" lon="138.1586117">
      <ele>105.621</ele>
    </trkpt>
    <trkpt lat="-33.2814143" lon="138.1590719">
      <ele>106.152</ele>
    </trkpt>
    <trkpt lat="-33.2817863" lon="138.159214">
      <ele>108.431</ele>
    </trkpt>
    <trkpt lat="-33.2826431" lon="138.1595411">
      <ele>109.831</ele>
    </trkpt>
    <trkpt lat="-33.2828508" lon="138.1596204">
      <ele>110.0</ele>
    </trkpt>
    <trkpt lat="-33.2833671" lon="138.1598169">
      <ele>110.584</ele>
    </trkpt>
    <trkpt lat="-33.2837098" lon="138.1599477">
      <ele>113.234</ele>
    </trkpt>
    <trkpt lat="-33.2838009" lon="138.1599824">
      <ele>113.663</ele>
    </trkpt>
    <trkpt lat="-33.2847394" lon="138.1603436">
      <ele>114.938</ele>
    </trkpt>
    <trkpt lat="-33.2849077" lon="138.1604112">
      <ele>114.332</ele>
    </trkpt>
    <trkpt lat="-33.2852488" lon="138.1605482">
      <ele>113.104</ele>
    </trkpt>
    <trkpt lat="-33.2854193" lon="138.1606167">
      <ele>113.0</ele>
    </trkpt>
    <trkpt lat="-33.2855038" lon="138.1606506">
      <ele>113.0</ele>
    </trkpt>
    <trkpt lat="-33.2855896" lon="138.1606859">
      <ele>113.0</ele>
    </trkpt>
    <trkpt lat="-33.2860392" lon="138.160871">
      <ele>113.912</ele>
    </trkpt>
    <trkpt lat="-33.2866111" lon="138.1611254">
      <ele>115.251</ele>
    </trkpt>
    <trkpt lat="-33.2873196" lon="138.1614565">
      <ele>110.944</ele>
    </trkpt>
    <trkpt lat="-33.2881327" lon="138.1618526">
      <ele>112.153</ele>
    </trkpt>
    <trkpt lat="-33.2884381" lon="138.1620127">
      <ele>112.0</ele>
    </trkpt>
    <trkpt lat="-33.2886177" lon="138.1621069">
      <ele>112.0</ele>
    </trkpt>
    <trkpt lat="-33.2895115" lon="138.1625818">
      <ele>112.071</ele>
    </trkpt>
    <trkpt lat="-33.2898997" lon="138.1627968">
      <ele>112.405</ele>
    </trkpt>
    <trkpt lat="-33.2903894" lon="138.1630739">
      <ele>112.691</ele>
    </trkpt>
    <trkpt lat="-33.2906961" lon="138.1632626">
      <ele>112.608</ele>
    </trkpt>
    <trkpt lat="-33.2913004" lon="138.1636598">
      <ele>113.056</ele>
    </trkpt>
    <trkpt lat="-33.2916292" lon="138.1638594">
      <ele>112.227</ele>
    </trkpt>
    <trkpt lat="-33.2922134" lon="138.1642324">
      <ele>112.237</ele>
    </trkpt>
    <trkpt lat="-33.2929687" lon="138.1647445">
      <ele>115.0</ele>
    </trkpt>
    <trkpt lat="-33.2936567" lon="138.1652322">
      <ele>115.836</ele>
    </trkpt>
    <trkpt lat="-33.2938099" lon="138.1653438">
      <ele>116.238</ele>
    </trkpt>
    <trkpt lat="-33.2944704" lon="138.1658354">
      <ele>117.007</ele>
    </trkpt>
    <trkpt lat="-33.2949541" lon="138.1662337">
      <ele>118.908</ele>
    </trkpt>
    <trkpt lat="-33.2950641" lon="138.1663189">
      <ele>119.634</ele>
    </trkpt>
    <trkpt lat="-33.2954865" lon="138.1667195">
      <ele>124.159</ele>
    </trkpt>
    <trkpt lat="-33.2957497" lon="138.1669723">
      <ele>125.298</ele>
    </trkpt>
    <trkpt lat="-33.2960246" lon="138.1671996">
      <ele>125.714</ele>
    </trkpt>
    <trkpt lat="-33.2968154" lon="138.1678671">
      <ele>123.786</ele>
    </trkpt>
    <trkpt lat="-33.2973881" lon="138.1683943">
      <ele>125.686</ele>
    </trkpt>
    <trkpt lat="-33.2977831" lon="138.1687459">
      <ele>126.009</ele>
    </trkpt>
    <trkpt lat="-33.297784" lon="138.1687468">
      <ele>126.011</ele>
    </trkpt>
    <trkpt lat="-33.2979245" lon="138.1688782">
      <ele>126.508</ele>
    </trkpt>
    <trkpt lat="-33.2979741" lon="138.1689264">
      <ele>126.802</ele>
    </trkpt>
    <trkpt lat="-33.2980639" lon="138.1690136">
      <ele>127.449</ele>
    </trkpt>
    <trkpt lat="-33.2984861" lon="138.1694378">
      <ele>131.917</ele>
    </trkpt>
    <trkpt lat="-33.2990093" lon="138.1699634">
      <ele>133.943</ele>
    </trkpt>
    <trkpt lat="-33.299489" lon="138.1704451">
      <ele>133.84</ele>
    </trkpt>
    <trkpt lat="-33.2997086" lon="138.1706705">
      <ele>133.877</ele>
    </trkpt>
    <trkpt lat="-33.2997128" lon="138.1706749">
      <ele>133.893</ele>
    </trkpt>
    <trkpt lat="-33.3002185" lon="138.1712037">
      <ele>133.76</ele>
    </trkpt>
    <trkpt lat="-33.3003451" lon="138.1713377">
      <ele>133.331</ele>
    </trkpt>
    <trkpt lat="-33.3008275" lon="138.1718465">
      <ele>131.331</ele>
    </trkpt>
    <trkpt lat="-33.3013753" lon="138.1724534">
      <ele>134.664</ele>
    </trkpt>
    <trkpt lat="-33.3014181" lon="138.1725036">
      <ele>134.906</ele>
    </trkpt>
    <trkpt lat="-33.3016881" lon="138.1727893">
      <ele>133.923</ele>
    </trkpt>
    <trkpt lat="-33.3018288" lon="138.1729201">
      <ele>133.416</ele>
    </trkpt>
    <trkpt lat="-33.3019656" lon="138.1730619">
      <ele>133.025</ele>
    </trkpt>
    <trkpt lat="-33.3019674" lon="138.1730638">
      <ele>133.032</ele>
    </trkpt>
    <trkpt lat="-33.30218" lon="138.1732874">
      <ele>134.542</ele>
    </trkpt>
    <trkpt lat="-33.3025815" lon="138.1736893">
      <ele>135.789</ele>
    </trkpt>
    <trkpt lat="-33.3029732" lon="138.1740907">
      <ele>138.372</ele>
    </trkpt>
    <trkpt lat="-33.3035525" lon="138.1746332">
      <ele>138.747</ele>
    </trkpt>
    <trkpt lat="-33.3037727" lon="138.1748376">
      <ele>139.831</ele>
    </trkpt>
    <trkpt lat="-33.3040429" lon="138.1751062">
      <ele>141.594</ele>
    </trkpt>
    <trkpt lat="-33.3046796" lon="138.1756725">
      <ele>144.268</ele>
    </trkpt>
    <trkpt lat="-33.3052526" lon="138.1761611">
      <ele>144.0</ele>
    </trkpt>
    <trkpt lat="-33.3057335" lon="138.1765513">
      <ele>143.944</ele>
    </trkpt>
    <trkpt lat="-33.3061387" lon="138.1768775">
      <ele>144.783</ele>
    </trkpt>
    <trkpt lat="-33.3066793" lon="138.1772881">
      <ele>144.874</ele>
    </trkpt>
    <trkpt lat="-33.306755" lon="138.177344">
      <ele>144.185</ele>
    </trkpt>
    <trkpt lat="-33.3069084" lon="138.1774579">
      <ele>143.128</ele>
    </trkpt>
    <trkpt lat="-33.3070286" lon="138.1775434">
      <ele>142.247</ele>
    </trkpt>
    <trkpt lat="-33.3070623" lon="138.1775675">
      <ele>141.97</ele>
    </trkpt>
    <trkpt lat="-33.3078929" lon="138.1781619">
      <ele>140.224</ele>
    </trkpt>
    <trkpt lat="-33.3083309" lon="138.1784753">
      <ele>140.511</ele>
    </trkpt>
    <trkpt lat="-33.3088731" lon="138.1788411">
      <ele>138.942</ele>
    </trkpt>
    <trkpt lat="-33.3096476" lon="138.1793879">
      <ele>137.12</ele>
    </trkpt>
    <trkpt lat="-33.3098026" lon="138.1794973">
      <ele>136.846</ele>
    </trkpt>
    <trkpt lat="-33.3100426" lon="138.1796668">
      <ele>136.123</ele>
    </trkpt>
    <trkpt lat="-33.3123152" lon="138.1812427">
      <ele>130.154</ele>
    </trkpt>
    <trkpt lat="-33.3134581" lon="138.1820576">
      <ele>127.368</ele>
    </trkpt>
    <trkpt lat="-33.3139884" lon="138.1824358">
      <ele>124.725</ele>
    </trkpt>
    <trkpt lat="-33.3147446" lon="138.18297">
      <ele>123.611</ele>
    </trkpt>
    <trkpt lat="-33.3148662" lon="138.1830559">
      <ele>123.483</ele>
    </trkpt>
    <trkpt lat="-33.3154321" lon="138.1834737">
      <ele>122.444</ele>
    </trkpt>
    <trkpt lat="-33.315947" lon="138.1838041">
      <ele>123.284</ele>
    </trkpt>
    <trkpt lat="-33.3161285" lon="138.1839101">
      <ele>123.928</ele>
    </trkpt>
    <trkpt lat="-33.3163113" lon="138.1840173">
      <ele>123.871</ele>
    </trkpt>
    <trkpt lat="-33.3167054" lon="138.1842281">
      <ele>121.891</ele>
    </trkpt>
    <trkpt lat="-33.3171273" lon="138.1844347">
      <ele>120.648</ele>
    </trkpt>
    <trkpt lat="-33.3175897" lon="138.1846435">
      <ele>119.394</ele>
    </trkpt>
    <trkpt lat="-33.3180486" lon="138.1848261">
      <ele>117.041</ele>
    </trkpt>
    <trkpt lat="-33.3185734" lon="138.1850109">
      <ele>117.034</ele>
    </trkpt>
    <trkpt lat="-33.3189973" lon="138.1851322">
      <ele>114.986</ele>
    </trkpt>
    <trkpt lat="-33.3193837" lon="138.1852326">
      <ele>113.71</ele>
    </trkpt>
    <trkpt lat="-33.3198895" lon="138.1853293">
      <ele>113.148</ele>
    </trkpt>
    <trkpt lat="-33.3202444" lon="138.1853791">
      <ele>112.441</ele>
    </trkpt>
    <trkpt lat="-33.3202479" lon="138.1853796">
      <ele>112.435</ele>
    </trkpt>
    <trkpt lat="-33.3204231" lon="138.1854025">
      <ele>112.449</ele>
    </trkpt>
    <trkpt lat="-33.3204264" lon="138.1854029">
      <ele>112.45</ele>
    </trkpt>
    <trkpt lat="-33.3204901" lon="138.1854108">
      <ele>112.479</ele>
    </trkpt>
    <trkpt lat="-33.3206062" lon="138.1854211">
      <ele>112.604</ele>
    </trkpt>
    <trkpt lat="-33.3209612" lon="138.1854506">
      <ele>113.747</ele>
    </trkpt>
    <trkpt lat="-33.3215172" lon="138.1854663">
      <ele>114.217</ele>
    </trkpt>
    <trkpt lat="-33.3220414" lon="138.1854323">
      <ele>112.194</ele>
    </trkpt>
    <trkpt lat="-33.3226542" lon="138.1853641">
      <ele>113.0</ele>
    </trkpt>
    <trkpt lat="-33.3230974" lon="138.1852867">
      <ele>113.005</ele>
    </trkpt>
    <trkpt lat="-33.3235904" lon="138.1851741">
      <ele>111.356</ele>
    </trkpt>
    <trkpt lat="-33.3239537" lon="138.1850707">
      <ele>110.059</ele>
    </trkpt>
    <trkpt lat="-33.3241784" lon="138.1850016">
      <ele>110.048</ele>
    </trkpt>
    <trkpt lat="-33.3244751" lon="138.1848995">
      <ele>110.638</ele>
    </trkpt>
    <trkpt lat="-33.3245098" lon="138.1848866">
      <ele>110.592</ele>
    </trkpt>
    <trkpt lat="-33.324994" lon="138.1847072">
      <ele>110.053</ele>
    </trkpt>
    <trkpt lat="-33.3251447" lon="138.1846443">
      <ele>109.988</ele>
    </trkpt>
    <trkpt lat="-33.3252651" lon="138.1845979">
      <ele>109.593</ele>
    </trkpt>
    <trkpt lat="-33.3259988" lon="138.1842767">
      <ele>109.2</ele>
    </trkpt>
    <trkpt lat="-33.3262512" lon="138.1841801">
      <ele>110.456</ele>
    </trkpt>
    <trkpt lat="-33.3264955" lon="138.1840772">
      <ele>110.616</ele>
    </trkpt>
    <trkpt lat="-33.3268169" lon="138.1839143">
      <ele>108.869</ele>
    </trkpt>
    <trkpt lat="-33.3271048" lon="138.183797">
      <ele>107.176</ele>
    </trkpt>
    <trkpt lat="-33.3273197" lon="138.1837141">
      <ele>106.98</ele>
    </trkpt>
    <trkpt lat="-33.3275958" lon="138.1835901">
      <ele>108.0</ele>
    </trkpt>
    <trkpt lat="-33.3282125" lon="138.1833349">
      <ele>108.0</ele>
    </trkpt>
    <trkpt lat="-33.3287036" lon="138.1831347">
      <ele>109.0</ele>
    </trkpt>
    <trkpt lat="-33.3288386" lon="138.1830793">
      <ele>109.0</ele>
    </trkpt>
    <trkpt lat="-33.3290029" lon="138.1830176">
      <ele>108.565</ele>
    </trkpt>
    <trkpt lat="-33.3297384" lon="138.1827201">
      <ele>108.93</ele>
    </trkpt>
    <trkpt lat="-33.3304589" lon="138.1824349">
      <ele>108.223</ele>
    </trkpt>
    <trkpt lat="-33.3310869" lon="138.1821825">
      <ele>109.714</ele>
    </trkpt>
    <trkpt lat="-33.3314286" lon="138.1820443">
      <ele>107.4</ele>
    </trkpt>
    <trkpt lat="-33.3315734" lon="138.1819861">
      <ele>107.615</ele>
    </trkpt>
    <trkpt lat="-33.3317167" lon="138.1819286">
      <ele>107.896</ele>
    </trkpt>
    <trkpt lat="-33.3321393" lon="138.1817598">
      <ele>108.037</ele>
    </trkpt>
    <trkpt lat="-33.3326969" lon="138.1815259">
      <ele>108.0</ele>
    </trkpt>
    <trkpt lat="-33.3335848" lon="138.1811616">
      <ele>105.818</ele>
    </trkpt>
    <trkpt lat="-33.3355347" lon="138.1803503">
      <ele>103.945</ele>
    </trkpt>
    <trkpt lat="-33.3362184" lon="138.180069">
      <ele>103.386</ele>
    </trkpt>
    <trkpt lat="-33.3362429" lon="138.1800589">
      <ele>103.474</ele>
    </trkpt>
    <trkpt lat="-33.3363892" lon="138.1800017">
      <ele>103.999</ele>
    </trkpt>
    <trkpt lat="-33.3365602" lon="138.1799348">
      <ele>103.149</ele>
    </trkpt>
    <trkpt lat="-33.3366505" lon="138.1798995">
      <ele>102.696</ele>
    </trkpt>
    <trkpt lat="-33.3367316" lon="138.1798698">
      <ele>101.83</ele>
    </trkpt>
    <trkpt lat="-33.3369036" lon="138.179807">
      <ele>99.746</ele>
    </trkpt>
    <trkpt lat="-33.3370239" lon="138.179763">
      <ele>98.861</ele>
    </trkpt>
    <trkpt lat="-33.3372496" lon="138.179689">
      <ele>98.11</ele>
    </trkpt>
    <trkpt lat="-33.3374005" lon="138.1796395">
      <ele>98.833</ele>
    </trkpt>
    <trkpt lat="-33.337423" lon="138.1796318">
      <ele>98.958</ele>
    </trkpt>
    <trkpt lat="-33.3378414" lon="138.1794885">
      <ele>100.878</ele>
    </trkpt>
    <trkpt lat="-33.3379424" lon="138.1794571">
      <ele>100.981</ele>
    </trkpt>
    <trkpt lat="-33.3382931" lon="138.1793481">
      <ele>100.145</ele>
    </trkpt>
    <trkpt lat="-33.3387594" lon="138.1792084">
      <ele>101.01</ele>
    </trkpt>
    <trkpt lat="-33.3392429" lon="138.1790803">
      <ele>100.811</ele>
    </trkpt>
    <trkpt lat="-33.3397035" lon="138.1789675">
      <ele>100.048</ele>
    </trkpt>
    <trkpt lat="-33.3401022" lon="138.1788754">
      <ele>99.35</ele>
    </trkpt>
    <trkpt lat="-33.3405187" lon="138.1787878">
      <ele>99.952</ele>
    </trkpt>
    <trkpt lat="-33.3410337" lon="138.1786885">
      <ele>100.52</ele>
    </trkpt>
    <trkpt lat="-33.3414703" lon="138.1786155">
      <ele>99.989</ele>
    </trkpt>
    <trkpt lat="-33.3419417" lon="138.1785481">
      <ele>99.01</ele>
    </trkpt>
    <trkpt lat="-33.3424539" lon="138.1784869">
      <ele>98.834</ele>
    </trkpt>
    <trkpt lat="-33.34272" lon="138.1784595">
      <ele>99.719</ele>
    </trkpt>
    <trkpt lat="-33.3428403" lon="138.1784471">
      <ele>99.727</ele>
    </trkpt>
    <trkpt lat="-33.3428993" lon="138.1784424">
      <ele>99.614</ele>
    </trkpt>
    <trkpt lat="-33.3432052" lon="138.1784179">
      <ele>98.766</ele>
    </trkpt>
    <trkpt lat="-33.3436757" lon="138.1783933">
      <ele>95.535</ele>
    </trkpt>
    <trkpt lat="-33.3444151" lon="138.1783277">
      <ele>95.771</ele>
    </trkpt>
    <trkpt lat="-33.3450812" lon="138.1782648">
      <ele>95.313</ele>
    </trkpt>
    <trkpt lat="-33.3465708" lon="138.1781143">
      <ele>92.146</ele>
    </trkpt>
    <trkpt lat="-33.3490264" lon="138.1778999">
      <ele>90.717</ele>
    </trkpt>
    <trkpt lat="-33.3491584" lon="138.1778884">
      <ele>90.982</ele>
    </trkpt>
    <trkpt lat="-33.3492058" lon="138.1778844">
      <ele>91.282</ele>
    </trkpt>
    <trkpt lat="-33.3493852" lon="138.1778692">
      <ele>92.573</ele>
    </trkpt>
    <trkpt lat="-33.3512001" lon="138.1777155">
      <ele>91.776</ele>
    </trkpt>
    <trkpt lat="-33.3525962" lon="138.1775738">
      <ele>92.0</ele>
    </trkpt>
    <trkpt lat="-33.3534767" lon="138.17749">
      <ele>92.571</ele>
    </trkpt>
    <trkpt lat="-33.3540428" lon="138.1774297">
      <ele>94.699</ele>
    </trkpt>
    <trkpt lat="-33.354321" lon="138.1773986">
      <ele>93.607</ele>
    </trkpt>
    <trkpt lat="-33.3545253" lon="138.1773761">
      <ele>93.0</ele>
    </trkpt>
    <trkpt lat="-33.3559637" lon="138.1772316">
      <ele>92.034</ele>
    </trkpt>
    <trkpt lat="-33.3593455" lon="138.1768455">
      <ele>89.459</ele>
    </trkpt>
    <trkpt lat="-33.3602117" lon="138.1767169">
      <ele>89.719</ele>
    </trkpt>
    <trkpt lat="-33.3615368" lon="138.176535">
      <ele>89.806</ele>
    </trkpt>
    <trkpt lat="-33.3621079" lon="138.1764238">
      <ele>90.206</ele>
    </trkpt>
    <trkpt lat="-33.3637207" lon="138.176113">
      <ele>91.608</ele>
    </trkpt>
    <trkpt lat="-33.3681487" lon="138.1752497">
      <ele>85.899</ele>
    </trkpt>
    <trkpt lat="-33.3737754" lon="138.1741494">
      <ele>79.938</ele>
    </trkpt>
    <trkpt lat="-33.3769494" lon="138.1735343">
      <ele>79.018</ele>
    </trkpt>
    <trkpt lat="-33.3769577" lon="138.1735327">
      <ele>79.048</ele>
    </trkpt>
    <trkpt lat="-33.377725" lon="138.1733847">
      <ele>80.005</ele>
    </trkpt>
    <trkpt lat="-33.3782012" lon="138.1732913">
      <ele>78.921</ele>
    </trkpt>
    <trkpt lat="-33.3783224" lon="138.173267">
      <ele>78.771</ele>
    </trkpt>
    <trkpt lat="-33.3791928" lon="138.1730739">
      <ele>80.934</ele>
    </trkpt>
    <trkpt lat="-33.3849824" lon="138.1718284">
      <ele>75.545</ele>
    </trkpt>
    <trkpt lat="-33.3858181" lon="138.1716267">
      <ele>75.144</ele>
    </trkpt>
    <trkpt lat="-33.3860571" lon="138.1715616">
      <ele>75.879</ele>
    </trkpt>
    <trkpt lat="-33.3877763" lon="138.1711743">
      <ele>74.778</ele>
    </trkpt>
    <trkpt lat="-33.3886905" lon="138.1709836">
      <ele>71.614</ele>
    </trkpt>
    <trkpt lat="-33.3894472" lon="138.1708239">
      <ele>71.956</ele>
    </trkpt>
    <trkpt lat="-33.3898733" lon="138.1707253">
      <ele>71.0</ele>
    </trkpt>
    <trkpt lat="-33.3905011" lon="138.1705733">
      <ele>72.987</ele>
    </trkpt>
    <trkpt lat="-33.3916138" lon="138.170301">
      <ele>72.726</ele>
    </trkpt>
    <trkpt lat="-33.3925806" lon="138.1700957">
      <ele>71.435</ele>
    </trkpt>
    <trkpt lat="-33.3928177" lon="138.170037">
      <ele>71.723</ele>
    </trkpt>
    <trkpt lat="-33.3936307" lon="138.1698137">
      <ele>71.671</ele>
    </trkpt>
    <trkpt lat="-33.3943467" lon="138.1696194">
      <ele>70.464</ele>
    </trkpt>
    <trkpt lat="-33.3949222" lon="138.1694455">
      <ele>69.004</ele>
    </trkpt>
    <trkpt lat="-33.3955103" lon="138.1692678">
      <ele>68.059</ele>
    </trkpt>
    <trkpt lat="-33.3956971" lon="138.1692126">
      <ele>68.0</ele>
    </trkpt>
    <trkpt lat="-33.3974711" lon="138.1686254">
      <ele>69.058</ele>
    </trkpt>
    <trkpt lat="-33.3996667" lon="138.1678196">
      <ele>68.32</ele>
    </trkpt>
    <trkpt lat="-33.4016105" lon="138.1671062">
      <ele>60.667</ele>
    </trkpt>
    <trkpt lat="-33.4017299" lon="138.1670601">
      <ele>61.004</ele>
    </trkpt>
    <trkpt lat="-33.4019011" lon="138.1669941">
      <ele>62.56</ele>
    </trkpt>
    <trkpt lat="-33.4031067" lon="138.1665289">
      <ele>64.32</ele>
    </trkpt>
    <trkpt lat="-33.4056174" lon="138.1653916">
      <ele>65.59</ele>
    </trkpt>
    <trkpt lat="-33.4058742" lon="138.1652753">
      <ele>66.009</ele>
    </trkpt>
    <trkpt lat="-33.4064849" lon="138.1649916">
      <ele>65.644</ele>
    </trkpt>
    <trkpt lat="-33.4095634" lon="138.1635983">
      <ele>65.572</ele>
    </trkpt>
    <trkpt lat="-33.4131574" lon="138.1619614">
      <ele>66.939</ele>
    </trkpt>
    <trkpt lat="-33.4132397" lon="138.1619176">
      <ele>67.0</ele>
    </trkpt>
    <trkpt lat="-33.4145167" lon="138.16134">
      <ele>65.0</ele>
    </trkpt>
    <trkpt lat="-33.4157184" lon="138.1607732">
      <ele>63.63</ele>
    </trkpt>
    <trkpt lat="-33.4184567" lon="138.1595415">
      <ele>62.444</ele>
    </trkpt>
    <trkpt lat="-33.4219192" lon="138.1579628">
      <ele>63.0</ele>
    </trkpt>
    <trkpt lat="-33.4232045" lon="138.1573755">
      <ele>62.777</ele>
    </trkpt>
    <trkpt lat="-33.4247377" lon="138.1566762">
      <ele>62.056</ele>
    </trkpt>
    <trkpt lat="-33.4280299" lon="138.15519">
      <ele>63.908</ele>
    </trkpt>
    <trkpt lat="-33.4299641" lon="138.154324">
      <ele>60.881</ele>
    </trkpt>
    <trkpt lat="-33.4300139" lon="138.1543003">
      <ele>60.431</ele>
    </trkpt>
    <trkpt lat="-33.4309589" lon="138.1538799">
      <ele>61.484</ele>
    </trkpt>
    <trkpt lat="-33.431003" lon="138.1538608">
      <ele>61.712</ele>
    </trkpt>
    <trkpt lat="-33.4315711" lon="138.1536452">
      <ele>61.467</ele>
    </trkpt>
    <trkpt lat="-33.4322318" lon="138.1534202">
      <ele>63.0</ele>
    </trkpt>
    <trkpt lat="-33.4324275" lon="138.1533666">
      <ele>63.0</ele>
    </trkpt>
    <trkpt lat="-33.4325192" lon="138.1533414">
      <ele>63.0</ele>
    </trkpt>
    <trkpt lat="-33.4327884" lon="138.1532676">
      <ele>62.971</ele>
    </trkpt>
    <trkpt lat="-33.4329063" lon="138.1532316">
      <ele>62.707</ele>
    </trkpt>
    <trkpt lat="-33.4331653" lon="138.1531682">
      <ele>62.36</ele>
    </trkpt>
    <trkpt lat="-33.4337245" lon="138.1530226">
      <ele>61.952</ele>
    </trkpt>
    <trkpt lat="-33.4341138" lon="138.1529378">
      <ele>61.576</ele>
    </trkpt>
    <trkpt lat="-33.4348891" lon="138.152802">
      <ele>59.948</ele>
    </trkpt>
    <trkpt lat="-33.4356254" lon="138.1527018">
      <ele>60.183</ele>
    </trkpt>
    <trkpt lat="-33.4365712" lon="138.1526082">
      <ele>62.656</ele>
    </trkpt>
    <trkpt lat="-33.4367178" lon="138.1526007">
      <ele>63.184</ele>
    </trkpt>
    <trkpt lat="-33.437199" lon="138.1525762">
      <ele>63.084</ele>
    </trkpt>
    <trkpt lat="-33.4381571" lon="138.1525853">
      <ele>62.693</ele>
    </trkpt>
    <trkpt lat="-33.4390435" lon="138.1526325">
      <ele>61.788</ele>
    </trkpt>
    <trkpt lat="-33.4402019" lon="138.1527584">
      <ele>63.324</ele>
    </trkpt>
    <trkpt lat="-33.4408009" lon="138.1528633">
      <ele>64.0</ele>
    </trkpt>
    <trkpt lat="-33.4415873" lon="138.1530302">
      <ele>64.065</ele>
    </trkpt>
    <trkpt lat="-33.4423791" lon="138.1532437">
      <ele>62.505</ele>
    </trkpt>
    <trkpt lat="-33.4427541" lon="138.1533595">
      <ele>62.821</ele>
    </trkpt>
    <trkpt lat="-33.4432905" lon="138.153525">
      <ele>64.846</ele>
    </trkpt>
    <trkpt lat="-33.4441581" lon="138.1538514">
      <ele>64.869</ele>
    </trkpt>
    <trkpt lat="-33.4470878" lon="138.155082">
      <ele>66.373</ele>
    </trkpt>
    <trkpt lat="-33.447925" lon="138.1554257">
      <ele>65.47</ele>
    </trkpt>
    <trkpt lat="-33.4492476" lon="138.1559699">
      <ele>67.652</ele>
    </trkpt>
    <trkpt lat="-33.4592659" lon="138.1601575">
      <ele>68.0</ele>
    </trkpt>
    <trkpt lat="-33.4619659" lon="138.1612899">
      <ele>68.972</ele>
    </trkpt>
    <trkpt lat="-33.4663968" lon="138.1631385">
      <ele>69.319</ele>
    </trkpt>
    <trkpt lat="-33.4678028" lon="138.1637273">
      <ele>70.0</ele>
    </trkpt>
    <trkpt lat="-33.4684749" lon="138.1640084">
      <ele>69.71</ele>
    </trkpt>
    <trkpt lat="-33.4701325" lon="138.1647778">
      <ele>71.0</ele>
    </trkpt>
    <trkpt lat="-33.4716978" lon="138.165608">
      <ele>72.203</ele>
    </trkpt>
    <trkpt lat="-33.4730024" lon="138.1663864">
      <ele>72.0</ele>
    </trkpt>
    <trkpt lat="-33.4735875" lon="138.1667564">
      <ele>72.942</ele>
    </trkpt>
    <trkpt lat="-33.4746487" lon="138.1674672">
      <ele>71.031</ele>
    </trkpt>
    <trkpt lat="-33.4763804" lon="138.1686443">
      <ele>73.0</ele>
    </trkpt>
    <trkpt lat="-33.477726" lon="138.1695379">
      <ele>73.85</ele>
    </trkpt>
    <trkpt lat="-33.4807072" lon="138.1715587">
      <ele>73.176</ele>
    </trkpt>
    <trkpt lat="-33.4836528" lon="138.1739796">
      <ele>76.422</ele>
    </trkpt>
    <trkpt lat="-33.4850153" lon="138.1751119">
      <ele>73.597</ele>
    </trkpt>
    <trkpt lat="-33.4868745" lon="138.1766599">
      <ele>75.994</ele>
    </trkpt>
    <trkpt lat="-33.4884361" lon="138.1779557">
      <ele>74.143</ele>
    </trkpt>
    <trkpt lat="-33.4893832" lon="138.1786949">
      <ele>75.698</ele>
    </trkpt>
    <trkpt lat="-33.4899932" lon="138.179119">
      <ele>74.853</ele>
    </trkpt>
    <trkpt lat="-33.4906678" lon="138.1795489">
      <ele>74.848</ele>
    </trkpt>
    <trkpt lat="-33.4916795" lon="138.1801138">
      <ele>73.41</ele>
    </trkpt>
    <trkpt lat="-33.4922544" lon="138.1803964">
      <ele>74.116</ele>
    </trkpt>
    <trkpt lat="-33.4922676" lon="138.1804043">
      <ele>74.163</ele>
    </trkpt>
    <trkpt lat="-33.4927197" lon="138.1806231">
      <ele>75.791</ele>
    </trkpt>
    <trkpt lat="-33.4930189" lon="138.1807478">
      <ele>76.0</ele>
    </trkpt>
    <trkpt lat="-33.4940149" lon="138.1811325">
      <ele>75.958</ele>
    </trkpt>
    <trkpt lat="-33.4959739" lon="138.1818737">
      <ele>76.494</ele>
    </trkpt>
    <trkpt lat="-33.4979951" lon="138.1826384">
      <ele>74.825</ele>
    </trkpt>
    <trkpt lat="-33.5008671" lon="138.1837371">
      <ele>79.414</ele>
    </trkpt>
    <trkpt lat="-33.5046521" lon="138.1851671">
      <ele>78.854</ele>
    </trkpt>
    <trkpt lat="-33.5054155" lon="138.1854497">
      <ele>80.307</ele>
    </trkpt>
    <trkpt lat="-33.5064968" lon="138.1858631">
      <ele>79.0</ele>
    </trkpt>
    <trkpt lat="-33.5100005" lon="138.1871928">
      <ele>78.896</ele>
    </trkpt>
    <trkpt lat="-33.5121345" lon="138.1880013">
      <ele>78.195</ele>
    </trkpt>
    <trkpt lat="-33.5134696" lon="138.1886359">
      <ele>79.956</ele>
    </trkpt>
    <trkpt lat="-33.5140751" lon="138.1889684">
      <ele>80.149</ele>
    </trkpt>
    <trkpt lat="-33.5154444" lon="138.1898897">
      <ele>81.0</ele>
    </trkpt>
    <trkpt lat="-33.5158803" lon="138.1902019">
      <ele>80.35</ele>
    </trkpt>
    <trkpt lat="-33.5160303" lon="138.1903184">
      <ele>80.709</ele>
    </trkpt>
    <trkpt lat="-33.5165591" lon="138.1907344">
      <ele>81.675</ele>
    </trkpt>
    <trkpt lat="-33.5169407" lon="138.1910697">
      <ele>82.011</ele>
    </trkpt>
    <trkpt lat="-33.5170763" lon="138.1911946">
      <ele>81.525</ele>
    </trkpt>
    <trkpt lat="-33.5174776" lon="138.1915714">
      <ele>80.685</ele>
    </trkpt>
    <trkpt lat="-33.5177634" lon="138.1918572">
      <ele>82.67</ele>
    </trkpt>
    <trkpt lat="-33.5183212" lon="138.1924347">
      <ele>82.268</ele>
    </trkpt>
    <trkpt lat="-33.5188849" lon="138.1930788">
      <ele>82.0</ele>
    </trkpt>
    <trkpt lat="-33.5196192" lon="138.1939783">
      <ele>81.307</ele>
    </trkpt>
    <trkpt lat="-33.520546" lon="138.1951192">
      <ele>84.551</ele>
    </trkpt>
    <trkpt lat="-33.5214071" lon="138.1961975">
      <ele>82.689</ele>
    </trkpt>
    <trkpt lat="-33.5221442" lon="138.1970782">
      <ele>82.373</ele>
    </trkpt>
    <trkpt lat="-33.5226686" lon="138.1977299">
      <ele>84.43</ele>
    </trkpt>
    <trkpt lat="-33.5227924" lon="138.1978874">
      <ele>83.553</ele>
    </trkpt>
    <trkpt lat="-33.5234205" lon="138.1986863">
      <ele>82.5</ele>
    </trkpt>
    <trkpt lat="-33.5239294" lon="138.1993075">
      <ele>83.0</ele>
    </trkpt>
    <trkpt lat="-33.5320347" lon="138.2093505">
      <ele>86.338</ele>
    </trkpt>
    <trkpt lat="-33.5328431" lon="138.2103124">
      <ele>87.934</ele>
    </trkpt>
    <trkpt lat="-33.533437" lon="138.2110441">
      <ele>89.0</ele>
    </trkpt>
    <trkpt lat="-33.5340358" lon="138.2118012">
      <ele>89.772</ele>
    </trkpt>
    <trkpt lat="-33.5343721" lon="138.2121913">
      <ele>89.029</ele>
    </trkpt>
    <trkpt lat="-33.5344823" lon="138.2123162">
      <ele>88.662</ele>
    </trkpt>
    <trkpt lat="-33.5350222" lon="138.2128824">
      <ele>88.604</ele>
    </trkpt>
    <trkpt lat="-33.5356281" lon="138.2134427">
      <ele>89.897</ele>
    </trkpt>
    <trkpt lat="-33.5362991" lon="138.214048">
      <ele>89.289</ele>
    </trkpt>
    <trkpt lat="-33.5365617" lon="138.2142667">
      <ele>87.98</ele>
    </trkpt>
    <trkpt lat="-33.5365811" lon="138.2142885">
      <ele>87.92</ele>
    </trkpt>
    <trkpt lat="-33.5370176" lon="138.2146428">
      <ele>87.526</ele>
    </trkpt>
    <trkpt lat="-33.5373909" lon="138.2148887">
      <ele>87.599</ele>
    </trkpt>
    <trkpt lat="-33.5376581" lon="138.2150437">
      <ele>88.157</ele>
    </trkpt>
    <trkpt lat="-33.5378497" lon="138.2151461">
      <ele>88.39</ele>
    </trkpt>
    <trkpt lat="-33.5382049" lon="138.2153648">
      <ele>87.944</ele>
    </trkpt>
    <trkpt lat="-33.5383649" lon="138.2154633">
      <ele>88.374</ele>
    </trkpt>
    <trkpt lat="-33.5384386" lon="138.2155086">
      <ele>88.726</ele>
    </trkpt>
    <trkpt lat="-33.5392329" lon="138.2159217">
      <ele>87.841</ele>
    </trkpt>
    <trkpt lat="-33.5394069" lon="138.2160155">
      <ele>86.926</ele>
    </trkpt>
    <trkpt lat="-33.5421275" lon="138.2171898">
      <ele>89.124</ele>
    </trkpt>
    <trkpt lat="-33.5446094" lon="138.2182377">
      <ele>88.14</ele>
    </trkpt>
    <trkpt lat="-33.5449311" lon="138.2183675">
      <ele>87.969</ele>
    </trkpt>
    <trkpt lat="-33.5463812" lon="138.2189498">
      <ele>86.994</ele>
    </trkpt>
    <trkpt lat="-33.5473702" lon="138.2193293">
      <ele>88.133</ele>
    </trkpt>
    <trkpt lat="-33.5482409" lon="138.2196678">
      <ele>87.732</ele>
    </trkpt>
    <trkpt lat="-33.5492556" lon="138.2199419">
      <ele>89.529</ele>
    </trkpt>
    <trkpt lat="-33.5502559" lon="138.220307">
      <ele>91.097</ele>
    </trkpt>
    <trkpt lat="-33.5521932" lon="138.2210009">
      <ele>91.54</ele>
    </trkpt>
    <trkpt lat="-33.5554763" lon="138.222139">
      <ele>96.486</ele>
    </trkpt>
    <trkpt lat="-33.5556489" lon="138.2221998">
      <ele>96.53</ele>
    </trkpt>
    <trkpt lat="-33.5558219" lon="138.222259">
      <ele>96.168</ele>
    </trkpt>
    <trkpt lat="-33.5559953" lon="138.2223184">
      <ele>96.346</ele>
    </trkpt>
    <trkpt lat="-33.5561685" lon="138.2223762">
      <ele>96.462</ele>
    </trkpt>
    <trkpt lat="-33.5585925" lon="138.2231925">
      <ele>96.527</ele>
    </trkpt>
    <trkpt lat="-33.5587655" lon="138.223252">
      <ele>96.707</ele>
    </trkpt>
    <trkpt lat="-33.5587664" lon="138.2232523">
      <ele>96.708</ele>
    </trkpt>
    <trkpt lat="-33.5596064" lon="138.2235322">
      <ele>97.18</ele>
    </trkpt>
    <trkpt lat="-33.5608536" lon="138.2239564">
      <ele>98.17</ele>
    </trkpt>
    <trkpt lat="-33.5615332" lon="138.2241855">
      <ele>99.52</ele>
    </trkpt>
    <trkpt lat="-33.5619675" lon="138.2243213">
      <ele>100.36</ele>
    </trkpt>
    <trkpt lat="-33.5623137" lon="138.2244112">
      <ele>98.79</ele>
    </trkpt>
    <trkpt lat="-33.5626128" lon="138.2244755">
      <ele>98.045</ele>
    </trkpt>
    <trkpt lat="-33.5634762" lon="138.2246168">
      <ele>101.514</ele>
    </trkpt>
    <trkpt lat="-33.5638131" lon="138.2246473">
      <ele>101.804</ele>
    </trkpt>
    <trkpt lat="-33.5640519" lon="138.2246607">
      <ele>101.322</ele>
    </trkpt>
    <trkpt lat="-33.5643485" lon="138.2246718">
      <ele>101.0</ele>
    </trkpt>
    <trkpt lat="-33.5647982" lon="138.2246777">
      <ele>100.956</ele>
    </trkpt>
    <trkpt lat="-33.5653332" lon="138.2246777">
      <ele>100.872</ele>
    </trkpt>
    <trkpt lat="-33.5659721" lon="138.2246771">
      <ele>101.581</ele>
    </trkpt>
    <trkpt lat="-33.5670069" lon="138.2246586">
      <ele>103.051</ele>
    </trkpt>
    <trkpt lat="-33.569964" lon="138.2246307">
      <ele>104.87</ele>
    </trkpt>
    <trkpt lat="-33.5700179" lon="138.2246399">
      <ele>105.0</ele>
    </trkpt>
    <trkpt lat="-33.5773912" lon="138.2246352">
      <ele>113.217</ele>
    </trkpt>
    <trkpt lat="-33.5775711" lon="138.2246356">
      <ele>113.824</ele>
    </trkpt>
    <trkpt lat="-33.5781108" lon="138.2246369">
      <ele>112.077</ele>
    </trkpt>
    <trkpt lat="-33.5790103" lon="138.224635">
      <ele>112.426</ele>
    </trkpt>
    <trkpt lat="-33.5795507" lon="138.2246341">
      <ele>110.683</ele>
    </trkpt>
    <trkpt lat="-33.5809616" lon="138.2246318">
      <ele>113.476</ele>
    </trkpt>
    <trkpt lat="-33.5831866" lon="138.2246315">
      <ele>111.173</ele>
    </trkpt>
    <trkpt lat="-33.5843736" lon="138.2246324">
      <ele>113.496</ele>
    </trkpt>
    <trkpt lat="-33.5876118" lon="138.2246089">
      <ele>113.244</ele>
    </trkpt>
    <trkpt lat="-33.5877152" lon="138.2246057">
      <ele>113.095</ele>
    </trkpt>
    <trkpt lat="-33.59455" lon="138.224595">
      <ele>112.0</ele>
    </trkpt>
    <trkpt lat="-33.5949098" lon="138.2245944">
      <ele>111.689</ele>
    </trkpt>
    <trkpt lat="-33.5958091" lon="138.224593">
      <ele>110.535</ele>
    </trkpt>
    <trkpt lat="-33.5959889" lon="138.2245927">
      <ele>110.795</ele>
    </trkpt>
    <trkpt lat="-33.5961688" lon="138.2245924">
      <ele>111.111</ele>
    </trkpt>
    <trkpt lat="-33.5963487" lon="138.2245921">
      <ele>111.455</ele>
    </trkpt>
    <trkpt lat="-33.5977876" lon="138.2245898">
      <ele>111.983</ele>
    </trkpt>
    <trkpt lat="-33.6021663" lon="138.2245829">
      <ele>113.799</ele>
    </trkpt>
    <trkpt lat="-33.6022195" lon="138.2245817">
      <ele>113.99</ele>
    </trkpt>
    <trkpt lat="-33.6032664" lon="138.2245817">
      <ele>115.506</ele>
    </trkpt>
    <trkpt lat="-33.6043972" lon="138.2245856">
      <ele>114.662</ele>
    </trkpt>
    <trkpt lat="-33.6088606" lon="138.2246315">
      <ele>114.293</ele>
    </trkpt>
    <trkpt lat="-33.6102362" lon="138.2247109">
      <ele>113.781</ele>
    </trkpt>
    <trkpt lat="-33.611951" lon="138.2248567">
      <ele>113.976</ele>
    </trkpt>
    <trkpt lat="-33.613467" lon="138.2250658">
      <ele>111.0</ele>
    </trkpt>
    <trkpt lat="-33.6144831" lon="138.2252058">
      <ele>109.861</ele>
    </trkpt>
    <trkpt lat="-33.6148878" lon="138.2252616">
      <ele>110.157</ele>
    </trkpt>
    <trkpt lat="-33.6150664" lon="138.2252879">
      <ele>111.009</ele>
    </trkpt>
    <trkpt lat="-33.6156021" lon="138.2253695">
      <ele>110.832</ele>
    </trkpt>
    <trkpt lat="-33.6161238" lon="138.2254465">
      <ele>111.0</ele>
    </trkpt>
    <trkpt lat="-33.6163159" lon="138.2254741">
      <ele>111.0</ele>
    </trkpt>
    <trkpt lat="-33.616317" lon="138.2254743">
      <ele>111.0</ele>
    </trkpt>
    <trkpt lat="-33.6165908" lon="138.225525">
      <ele>110.92</ele>
    </trkpt>
    <trkpt lat="-33.6209111" lon="138.2261451">
      <ele>112.158</ele>
    </trkpt>
    <trkpt lat="-33.6243669" lon="138.2266247">
      <ele>114.0</ele>
    </trkpt>
    <trkpt lat="-33.6244556" lon="138.2266581">
      <ele>114.04</ele>
    </trkpt>
    <trkpt lat="-33.6269443" lon="138.2270178">
      <ele>114.735</ele>
    </trkpt>
    <trkpt lat="-33.6276729" lon="138.2270842">
      <ele>113.687</ele>
    </trkpt>
    <trkpt lat="-33.6278521" lon="138.2271055">
      <ele>113.575</ele>
    </trkpt>
    <trkpt lat="-33.6280304" lon="138.2271267">
      <ele>113.941</ele>
    </trkpt>
    <trkpt lat="-33.6282565" lon="138.2271552">
      <ele>114.175</ele>
    </trkpt>
    <trkpt lat="-33.6289672" lon="138.2272002">
      <ele>115.418</ele>
    </trkpt>
    <trkpt lat="-33.6329609" lon="138.2272474">
      <ele>116.969</ele>
    </trkpt>
    <trkpt lat="-33.6386239" lon="138.2272532">
      <ele>117.888</ele>
    </trkpt>
    <trkpt lat="-33.6425809" lon="138.2272617">
      <ele>118.25</ele>
    </trkpt>
    <trkpt lat="-33.6429406" lon="138.2272625">
      <ele>119.441</ele>
    </trkpt>
    <trkpt lat="-33.6481567" lon="138.2272737">
      <ele>113.846</ele>
    </trkpt>
    <trkpt lat="-33.6483365" lon="138.2272741">
      <ele>115.011</ele>
    </trkpt>
    <trkpt lat="-33.6529979" lon="138.2272841">
      <ele>118.161</ele>
    </trkpt>
    <trkpt lat="-33.6539445" lon="138.2272701">
      <ele>121.2</ele>
    </trkpt>
    <trkpt lat="-33.6548946" lon="138.2271893">
      <ele>119.787</ele>
    </trkpt>
    <trkpt lat="-33.6552983" lon="138.2271357">
      <ele>120.0</ele>
    </trkpt>
    <trkpt lat="-33.6556296" lon="138.2270844">
      <ele>120.134</ele>
    </trkpt>
    <trkpt lat="-33.6563992" lon="138.2269345">
      <ele>118.928</ele>
    </trkpt>
    <trkpt lat="-33.6570326" lon="138.2267754">
      <ele>118.926</ele>
    </trkpt>
    <trkpt lat="-33.6577083" lon="138.2265733">
      <ele>120.084</ele>
    </trkpt>
    <trkpt lat="-33.6588599" lon="138.2261336">
      <ele>122.823</ele>
    </trkpt>
    <trkpt lat="-33.6591416" lon="138.2260377">
      <ele>121.397</ele>
    </trkpt>
    <trkpt lat="-33.6593128" lon="138.2259709">
      <ele>120.713</ele>
    </trkpt>
    <trkpt lat="-33.6593376" lon="138.2259607">
      <ele>120.593</ele>
    </trkpt>
    <trkpt lat="-33.6594813" lon="138.2259005">
      <ele>120.0</ele>
    </trkpt>
    <trkpt lat="-33.6594828" lon="138.2258999">
      <ele>120.0</ele>
    </trkpt>
    <trkpt lat="-33.6596516" lon="138.2258307">
      <ele>120.0</ele>
    </trkpt>
    <trkpt lat="-33.6596528" lon="138.2258302">
      <ele>120.0</ele>
    </trkpt>
    <trkpt lat="-33.6598223" lon="138.2257626">
      <ele>120.0</ele>
    </trkpt>
    <trkpt lat="-33.6602911" lon="138.2255755">
      <ele>120.88</ele>
    </trkpt>
    <trkpt lat="-33.6640924" lon="138.2240711">
      <ele>114.733</ele>
    </trkpt>
    <trkpt lat="-33.6656137" lon="138.2234522">
      <ele>112.144</ele>
    </trkpt>
    <trkpt lat="-33.6666266" lon="138.2230022">
      <ele>117.048</ele>
    </trkpt>
    <trkpt lat="-33.6681991" lon="138.2223305">
      <ele>116.422</ele>
    </trkpt>
    <trkpt lat="-33.6688501" lon="138.222121">
      <ele>118.225</ele>
    </trkpt>
    <trkpt lat="-33.6701765" lon="138.2215084">
      <ele>122.519</ele>
    </trkpt>
    <trkpt lat="-33.6717824" lon="138.2209191">
      <ele>123.223</ele>
    </trkpt>
    <trkpt lat="-33.6767217" lon="138.2189157">
      <ele>124.0</ele>
    </trkpt>
    <trkpt lat="-33.6767245" lon="138.2189146">
      <ele>124.0</ele>
    </trkpt>
    <trkpt lat="-33.6770631" lon="138.2187801">
      <ele>123.181</ele>
    </trkpt>
    <trkpt lat="-33.6778713" lon="138.2184523">
      <ele>122.337</ele>
    </trkpt>
    <trkpt lat="-33.6779152" lon="138.218434">
      <ele>122.495</ele>
    </trkpt>
    <trkpt lat="-33.6784883" lon="138.2182061">
      <ele>123.558</ele>
    </trkpt>
    <trkpt lat="-33.6793651" lon="138.2178484">
      <ele>125.031</ele>
    </trkpt>
    <trkpt lat="-33.6796371" lon="138.2177373">
      <ele>125.0</ele>
    </trkpt>
    <trkpt lat="-33.6808506" lon="138.2172407">
      <ele>126.12</ele>
    </trkpt>
    <trkpt lat="-33.6813614" lon="138.2170346">
      <ele>127.675</ele>
    </trkpt>
    <trkpt lat="-33.6819224" lon="138.2168095">
      <ele>126.565</ele>
    </trkpt>
    <trkpt lat="-33.6821192" lon="138.2167323">
      <ele>127.244</ele>
    </trkpt>
    <trkpt lat="-33.6821311" lon="138.2167276">
      <ele>127.305</ele>
    </trkpt>
    <trkpt lat="-33.6824262" lon="138.2166037">
      <ele>128.227</ele>
    </trkpt>
    <trkpt lat="-33.6826748" lon="138.2165049">
      <ele>128.582</ele>
    </trkpt>
    <trkpt lat="-33.6829753" lon="138.2163834">
      <ele>130.428</ele>
    </trkpt>
    <trkpt lat="-33.6837834" lon="138.2160599">
      <ele>133.816</ele>
    </trkpt>
    <trkpt lat="-33.6841064" lon="138.2159283">
      <ele>133.857</ele>
    </trkpt>
    <trkpt lat="-33.6842963" lon="138.2158542">
      <ele>133.965</ele>
    </trkpt>
    <trkpt lat="-33.6845968" lon="138.2157292">
      <ele>134.0</ele>
    </trkpt>
    <trkpt lat="-33.6850719" lon="138.2155239">
      <ele>134.114</ele>
    </trkpt>
    <trkpt lat="-33.6854812" lon="138.2153299">
      <ele>134.812</ele>
    </trkpt>
    <trkpt lat="-33.6858063" lon="138.2151742">
      <ele>134.47</ele>
    </trkpt>
    <trkpt lat="-33.6862173" lon="138.214968">
      <ele>135.115</ele>
    </trkpt>
    <trkpt lat="-33.68665" lon="138.2147419">
      <ele>136.869</ele>
    </trkpt>
    <trkpt lat="-33.687128" lon="138.2144836">
      <ele>138.15</ele>
    </trkpt>
    <trkpt lat="-33.6875504" lon="138.2142389">
      <ele>138.606</ele>
    </trkpt>
    <trkpt lat="-33.6879431" lon="138.2139969">
      <ele>137.405</ele>
    </trkpt>
    <trkpt lat="-33.6883586" lon="138.2137542">
      <ele>137.0</ele>
    </trkpt>
    <trkpt lat="-33.6888669" lon="138.213485">
      <ele>138.375</ele>
    </trkpt>
    <trkpt lat="-33.6891797" lon="138.2133347">
      <ele>139.995</ele>
    </trkpt>
    <trkpt lat="-33.6894742" lon="138.2132027">
      <ele>140.0</ele>
    </trkpt>
    <trkpt lat="-33.6896466" lon="138.2131304">
      <ele>140.0</ele>
    </trkpt>
    <trkpt lat="-33.6897945" lon="138.2130709">
      <ele>140.26</ele>
    </trkpt>
    <trkpt lat="-33.6900442" lon="138.2129776">
      <ele>141.0</ele>
    </trkpt>
    <trkpt lat="-33.6902069" lon="138.212924">
      <ele>141.0</ele>
    </trkpt>
    <trkpt lat="-33.6904966" lon="138.2128345">
      <ele>141.627</ele>
    </trkpt>
    <trkpt lat="-33.6915121" lon="138.2125812">
      <ele>141.0</ele>
    </trkpt>
    <trkpt lat="-33.6917824" lon="138.2125264">
      <ele>141.0</ele>
    </trkpt>
    <trkpt lat="-33.6923148" lon="138.2124185">
      <ele>142.235</ele>
    </trkpt>
    <trkpt lat="-33.6938597" lon="138.2121072">
      <ele>138.519</ele>
    </trkpt>
    <trkpt lat="-33.6949973" lon="138.2118958">
      <ele>136.99</ele>
    </trkpt>
    <trkpt lat="-33.6964835" lon="138.2117194">
      <ele>137.935</ele>
    </trkpt>
    <trkpt lat="-33.6966029" lon="138.2117086">
      <ele>137.884</ele>
    </trkpt>
    <trkpt lat="-33.6969374" lon="138.2116885">
      <ele>136.947</ele>
    </trkpt>
    <trkpt lat="-33.6972954" lon="138.211676">
      <ele>136.23</ele>
    </trkpt>
    <trkpt lat="-33.6976861" lon="138.2116694">
      <ele>136.99</ele>
    </trkpt>
    <trkpt lat="-33.6982324" lon="138.2116677">
      <ele>136.633</ele>
    </trkpt>
    <trkpt lat="-33.699207" lon="138.2116721">
      <ele>136.98</ele>
    </trkpt>
    <trkpt lat="-33.7003921" lon="138.2116884">
      <ele>136.412</ele>
    </trkpt>
    <trkpt lat="-33.7010403" lon="138.2116984">
      <ele>136.114</ele>
    </trkpt>
    <trkpt lat="-33.7016922" lon="138.2117093">
      <ele>137.0</ele>
    </trkpt>
    <trkpt lat="-33.7024443" lon="138.2117188">
      <ele>137.0</ele>
    </trkpt>
    <trkpt lat="-33.7027159" lon="138.2117222">
      <ele>137.0</ele>
    </trkpt>
    <trkpt lat="-33.7031768" lon="138.2117299">
      <ele>137.436</ele>
    </trkpt>
    <trkpt lat="-33.7037551" lon="138.2117274">
      <ele>137.895</ele>
    </trkpt>
    <trkpt lat="-33.7053309" lon="138.211712">
      <ele>140.646</ele>
    </trkpt>
    <trkpt lat="-33.7054332" lon="138.2117047">
      <ele>140.304</ele>
    </trkpt>
    <trkpt lat="-33.7061801" lon="138.2116953">
      <ele>138.752</ele>
    </trkpt>
    <trkpt lat="-33.7069642" lon="138.2116765">
      <ele>140.036</ele>
    </trkpt>
    <trkpt lat="-33.7087853" lon="138.2115646">
      <ele>140.338</ele>
    </trkpt>
    <trkpt lat="-33.711545" lon="138.2114174">
      <ele>138.852</ele>
    </trkpt>
    <trkpt lat="-33.7132889" lon="138.2113324">
      <ele>137.0</ele>
    </trkpt>
    <trkpt lat="-33.7153053" lon="138.2112436">
      <ele>135.283</ele>
    </trkpt>
    <trkpt lat="-33.7185369" lon="138.2110769">
      <ele>131.357</ele>
    </trkpt>
    <trkpt lat="-33.7188699" lon="138.2110637">
      <ele>131.171</ele>
    </trkpt>
    <trkpt lat="-33.7204079" lon="138.2109947">
      <ele>129.951</ele>
    </trkpt>
    <trkpt lat="-33.7256195" lon="138.2107363">
      <ele>128.0</ele>
    </trkpt>
    <trkpt lat="-33.7261587" lon="138.2107096">
      <ele>129.712</ele>
    </trkpt>
    <trkpt lat="-33.7272369" lon="138.2106561">
      <ele>127.981</ele>
    </trkpt>
    <trkpt lat="-33.7311952" lon="138.2104598">
      <ele>134.261</ele>
    </trkpt>
    <trkpt lat="-33.7335269" lon="138.2103461">
      <ele>135.829</ele>
    </trkpt>
    <trkpt lat="-33.7338863" lon="138.2103286">
      <ele>135.008</ele>
    </trkpt>
    <trkpt lat="-33.7342458" lon="138.2103111">
      <ele>136.285</ele>
    </trkpt>
    <trkpt lat="-33.7344255" lon="138.2103023">
      <ele>136.932</ele>
    </trkpt>
    <trkpt lat="-33.7347849" lon="138.2102848">
      <ele>136.774</ele>
    </trkpt>
    <trkpt lat="-33.7393539" lon="138.210062">
      <ele>138.03</ele>
    </trkpt>
    <trkpt lat="-33.7416333" lon="138.209965">
      <ele>137.111</ele>
    </trkpt>
    <trkpt lat="-33.7425303" lon="138.2099359">
      <ele>137.866</ele>
    </trkpt>
    <trkpt lat="-33.7433714" lon="138.2098857">
      <ele>136.0</ele>
    </trkpt>
    <trkpt lat="-33.7446731" lon="138.2098216">
      <ele>136.0</ele>
    </trkpt>
    <trkpt lat="-33.7447077" lon="138.2098187">
      <ele>136.0</ele>
    </trkpt>
    <trkpt lat="-33.7457889" lon="138.2096837">
      <ele>137.0</ele>
    </trkpt>
    <trkpt lat="-33.746802" lon="138.2096241">
      <ele>137.026</ele>
    </trkpt>
    <trkpt lat="-33.747433" lon="138.2095872">
      <ele>134.883</ele>
    </trkpt>
    <trkpt lat="-33.7482954" lon="138.2095613">
      <ele>134.5</ele>
    </trkpt>
    <trkpt lat="-33.748604" lon="138.2095603">
      <ele>134.421</ele>
    </trkpt>
    <trkpt lat="-33.7490697" lon="138.2095979">
      <ele>134.64</ele>
    </trkpt>
    <trkpt lat="-33.749923" lon="138.2096485">
      <ele>130.147</ele>
    </trkpt>
    <trkpt lat="-33.7500642" lon="138.2096519">
      <ele>130.059</ele>
    </trkpt>
    <trkpt lat="-33.7505817" lon="138.2096832">
      <ele>131.0</ele>
    </trkpt>
    <trkpt lat="-33.7511633" lon="138.2097285">
      <ele>131.023</ele>
    </trkpt>
    <trkpt lat="-33.7512944" lon="138.2097354">
      <ele>131.047</ele>
    </trkpt>
    <trkpt lat="-33.7522231" lon="138.2098506">
      <ele>130.538</ele>
    </trkpt>
    <trkpt lat="-33.7528608" lon="138.2099433">
      <ele>131.442</ele>
    </trkpt>
    <trkpt lat="-33.7533905" lon="138.2100274">
      <ele>130.716</ele>
    </trkpt>
    <trkpt lat="-33.7539941" lon="138.210148">
      <ele>128.621</ele>
    </trkpt>
    <trkpt lat="-33.7580499" lon="138.2109983">
      <ele>124.602</ele>
    </trkpt>
    <trkpt lat="-33.7590776" lon="138.2112152">
      <ele>125.255</ele>
    </trkpt>
    <trkpt lat="-33.7593683" lon="138.2112767">
      <ele>124.87</ele>
    </trkpt>
    <trkpt lat="-33.7596066" lon="138.2113301">
      <ele>123.161</ele>
    </trkpt>
    <trkpt lat="-33.7599763" lon="138.2114023">
      <ele>120.171</ele>
    </trkpt>
    <trkpt lat="-33.7600359" lon="138.2114192">
      <ele>120.0</ele>
    </trkpt>
    <trkpt lat="-33.7622511" lon="138.2118909">
      <ele>118.827</ele>
    </trkpt>
    <trkpt lat="-33.7625582" lon="138.2119516">
      <ele>119.23</ele>
    </trkpt>
    <trkpt lat="-33.7627743" lon="138.2119938">
      <ele>119.99</ele>
    </trkpt>
    <trkpt lat="-33.7633895" lon="138.2121074">
      <ele>119.532</ele>
    </trkpt>
    <trkpt lat="-33.7637302" lon="138.212153">
      <ele>120.0</ele>
    </trkpt>
    <trkpt lat="-33.7642072" lon="138.2122022">
      <ele>120.218</ele>
    </trkpt>
    <trkpt lat="-33.7645392" lon="138.2122327">
      <ele>121.303</ele>
    </trkpt>
    <trkpt lat="-33.7651515" lon="138.2122713">
      <ele>120.455</ele>
    </trkpt>
    <trkpt lat="-33.7686197" lon="138.2122994">
      <ele>115.269</ele>
    </trkpt>
    <trkpt lat="-33.7692787" lon="138.2123053">
      <ele>115.597</ele>
    </trkpt>
    <trkpt lat="-33.7706618" lon="138.2123158">
      <ele>113.254</ele>
    </trkpt>
    <trkpt lat="-33.7725061" lon="138.2123394">
      <ele>114.987</ele>
    </trkpt>
    <trkpt lat="-33.7727005" lon="138.212337">
      <ele>114.576</ele>
    </trkpt>
    <trkpt lat="-33.7733397" lon="138.2123364">
      <ele>112.589</ele>
    </trkpt>
    <trkpt lat="-33.7736899" lon="138.2123234">
      <ele>112.739</ele>
    </trkpt>
    <trkpt lat="-33.7742841" lon="138.2121407">
      <ele>112.284</ele>
    </trkpt>
    <trkpt lat="-33.7745549" lon="138.21213">
      <ele>111.402</ele>
    </trkpt>
    <trkpt lat="-33.7746595" lon="138.2120889">
      <ele>111.117</ele>
    </trkpt>
    <trkpt lat="-33.7752698" lon="138.2118393">
      <ele>113.604</ele>
    </trkpt>
    <trkpt lat="-33.7754054" lon="138.2117913">
      <ele>113.243</ele>
    </trkpt>
    <trkpt lat="-33.7755269" lon="138.2117338">
      <ele>113.025</ele>
    </trkpt>
    <trkpt lat="-33.7759775" lon="138.2115763">
      <ele>113.169</ele>
    </trkpt>
    <trkpt lat="-33.7760273" lon="138.2115537">
      <ele>113.284</ele>
    </trkpt>
    <trkpt lat="-33.7765826" lon="138.2112099">
      <ele>112.303</ele>
    </trkpt>
    <trkpt lat="-33.7769435" lon="138.2109404">
      <ele>112.0</ele>
    </trkpt>
    <trkpt lat="-33.7778152" lon="138.2103972">
      <ele>109.435</ele>
    </trkpt>
    <trkpt lat="-33.778697" lon="138.2097141">
      <ele>111.338</ele>
    </trkpt>
    <trkpt lat="-33.7797553" lon="138.2089851">
      <ele>112.0</ele>
    </trkpt>
    <trkpt lat="-33.779961" lon="138.2088501">
      <ele>111.86</ele>
    </trkpt>
    <trkpt lat="-33.7804473" lon="138.2085177">
      <ele>111.336</ele>
    </trkpt>
    <trkpt lat="-33.7810593" lon="138.2081219">
      <ele>111.761</ele>
    </trkpt>
    <trkpt lat="-33.7815043" lon="138.2078666">
      <ele>112.415</ele>
    </trkpt>
    <trkpt lat="-33.7818578" lon="138.2076701">
      <ele>112.733</ele>
    </trkpt>
    <trkpt lat="-33.782095" lon="138.2075638">
      <ele>112.647</ele>
    </trkpt>
    <trkpt lat="-33.7826421" lon="138.2073339">
      <ele>114.0</ele>
    </trkpt>
    <trkpt lat="-33.7829405" lon="138.2072194">
      <ele>113.996</ele>
    </trkpt>
    <trkpt lat="-33.7830564" lon="138.2071812">
      <ele>114.0</ele>
    </trkpt>
    <trkpt lat="-33.783147" lon="138.2071513">
      <ele>114.0</ele>
    </trkpt>
    <trkpt lat="-33.7835444" lon="138.2070337">
      <ele>112.996</ele>
    </trkpt>
    <trkpt lat="-33.7840325" lon="138.2069129">
      <ele>112.227</ele>
    </trkpt>
    <trkpt lat="-33.7842397" lon="138.2068768">
      <ele>112.359</ele>
    </trkpt>
    <trkpt lat="-33.7846156" lon="138.2068072">
      <ele>111.384</ele>
    </trkpt>
    <trkpt lat="-33.7851928" lon="138.206746">
      <ele>110.714</ele>
    </trkpt>
    <trkpt lat="-33.7855323" lon="138.2067235">
      <ele>110.067</ele>
    </trkpt>
    <trkpt lat="-33.7858389" lon="138.2067032">
      <ele>110.851</ele>
    </trkpt>
    <trkpt lat="-33.7860801" lon="138.2066935">
      <ele>110.101</ele>
    </trkpt>
    <trkpt lat="-33.7863773" lon="138.2067475">
      <ele>110.0</ele>
    </trkpt>
    <trkpt lat="-33.7866225" lon="138.2067417">
      <ele>109.546</ele>
    </trkpt>
    <trkpt lat="-33.7869267" lon="138.2067687">
      <ele>109.609</ele>
    </trkpt>
    <trkpt lat="-33.7870166" lon="138.2067723">
      <ele>109.879</ele>
    </trkpt>
    <trkpt lat="-33.7873594" lon="138.2068096">
      <ele>110.74</ele>
    </trkpt>
    <trkpt lat="-33.7876621" lon="138.2068646">
      <ele>111.0</ele>
    </trkpt>
    <trkpt lat="-33.7877886" lon="138.2068937">
      <ele>111.039</ele>
    </trkpt>
    <trkpt lat="-33.7882577" lon="138.2070111">
      <ele>112.139</ele>
    </trkpt>
    <trkpt lat="-33.7888079" lon="138.2071724">
      <ele>109.344</ele>
    </trkpt>
    <trkpt lat="-33.7892814" lon="138.2073423">
      <ele>109.845</ele>
    </trkpt>
    <trkpt lat="-33.7893497" lon="138.2073629">
      <ele>110.165</ele>
    </trkpt>
    <trkpt lat="-33.789841" lon="138.2075595">
      <ele>109.595</ele>
    </trkpt>
    <trkpt lat="-33.7900271" lon="138.2076472">
      <ele>108.0</ele>
    </trkpt>
    <trkpt lat="-33.7902075" lon="138.2077367">
      <ele>108.0</ele>
    </trkpt>
    <trkpt lat="-33.7906714" lon="138.2079653">
      <ele>107.583</ele>
    </trkpt>
    <trkpt lat="-33.7911221" lon="138.2081995">
      <ele>107.0</ele>
    </trkpt>
    <trkpt lat="-33.7916473" lon="138.2084759">
      <ele>106.07</ele>
    </trkpt>
    <trkpt lat="-33.7921043" lon="138.2087069">
      <ele>107.429</ele>
    </trkpt>
    <trkpt lat="-33.7924742" lon="138.2088934">
      <ele>108.875</ele>
    </trkpt>
    <trkpt lat="-33.7927937" lon="138.2090542">
      <ele>107.382</ele>
    </trkpt>
    <trkpt lat="-33.7928356" lon="138.2090662">
      <ele>107.286</ele>
    </trkpt>
    <trkpt lat="-33.7931194" lon="138.2092073">
      <ele>106.741</ele>
    </trkpt>
    <trkpt lat="-33.7936269" lon="138.2094589">
      <ele>106.057</ele>
    </trkpt>
    <trkpt lat="-33.7936363" lon="138.2094623">
      <ele>106.091</ele>
    </trkpt>
    <trkpt lat="-33.7942481" lon="138.209743">
      <ele>105.361</ele>
    </trkpt>
    <trkpt lat="-33.7944277" lon="138.2098286">
      <ele>104.097</ele>
    </trkpt>
    <trkpt lat="-33.7944883" lon="138.2098514">
      <ele>103.927</ele>
    </trkpt>
    <trkpt lat="-33.7947786" lon="138.2099955">
      <ele>103.016</ele>
    </trkpt>
    <trkpt lat="-33.7949474" lon="138.2100684">
      <ele>102.8</ele>
    </trkpt>
    <trkpt lat="-33.7958576" lon="138.2105329">
      <ele>101.338</ele>
    </trkpt>
    <trkpt lat="-33.7958861" lon="138.2105516">
      <ele>101.408</ele>
    </trkpt>
    <trkpt lat="-33.7962095" lon="138.2106876">
      <ele>101.863</ele>
    </trkpt>
    <trkpt lat="-33.7966042" lon="138.210806">
      <ele>100.323</ele>
    </trkpt>
    <trkpt lat="-33.7968128" lon="138.21086">
      <ele>101.148</ele>
    </trkpt>
    <trkpt lat="-33.7971155" lon="138.210927">
      <ele>103.569</ele>
    </trkpt>
    <trkpt lat="-33.7974363" lon="138.2109874">
      <ele>104.127</ele>
    </trkpt>
    <trkpt lat="-33.7976463" lon="138.2110174">
      <ele>103.473</ele>
    </trkpt>
    <trkpt lat="-33.7980688" lon="138.2110604">
      <ele>100.087</ele>
    </trkpt>
    <trkpt lat="-33.7983794" lon="138.2110754">
      <ele>98.294</ele>
    </trkpt>
    <trkpt lat="-33.7986336" lon="138.2110723">
      <ele>99.221</ele>
    </trkpt>
    <trkpt lat="-33.8003344" lon="138.2109912">
      <ele>100.863</ele>
    </trkpt>
    <trkpt lat="-33.8033693" lon="138.210801">
      <ele>99.871</ele>
    </trkpt>
    <trkpt lat="-33.8041296" lon="138.2106956">
      <ele>98.133</ele>
    </trkpt>
    <trkpt lat="-33.8043713" lon="138.2106495">
      <ele>98.0</ele>
    </trkpt>
    <trkpt lat="-33.8054457" lon="138.2104006">
      <ele>100.442</ele>
    </trkpt>
    <trkpt lat="-33.8065812" lon="138.209979">
      <ele>98.023</ele>
    </trkpt>
    <trkpt lat="-33.8073197" lon="138.2097198">
      <ele>99.009</ele>
    </trkpt>
    <trkpt lat="-33.8084083" lon="138.2092847">
      <ele>98.155</ele>
    </trkpt>
    <trkpt lat="-33.8084378" lon="138.2092767">
      <ele>98.227</ele>
    </trkpt>
    <trkpt lat="-33.8085668" lon="138.2091984">
      <ele>98.744</ele>
    </trkpt>
    <trkpt lat="-33.8086406" lon="138.209166">
      <ele>99.108</ele>
    </trkpt>
    <trkpt lat="-33.8089354" lon="138.2090637">
      <ele>100.0</ele>
    </trkpt>
    <trkpt lat="-33.8104688" lon="138.2084409">
      <ele>98.034</ele>
    </trkpt>
    <trkpt lat="-33.8107969" lon="138.2083056">
      <ele>99.087</ele>
    </trkpt>
    <trkpt lat="-33.8116739" lon="138.2079115">
      <ele>98.519</ele>
    </trkpt>
    <trkpt lat="-33.8118394" lon="138.2078455">
      <ele>98.756</ele>
    </trkpt>
    <trkpt lat="-33.8138496" lon="138.2070388">
      <ele>96.141</ele>
    </trkpt>
    <trkpt lat="-33.8154066" lon="138.2064021">
      <ele>94.974</ele>
    </trkpt>
    <trkpt lat="-33.8159512" lon="138.2061754">
      <ele>95.326</ele>
    </trkpt>
    <trkpt lat="-33.8162373" lon="138.206044">
      <ele>95.524</ele>
    </trkpt>
    <trkpt lat="-33.8165987" lon="138.2058496">
      <ele>95.941</ele>
    </trkpt>
    <trkpt lat="-33.8166006" lon="138.2058486">
      <ele>95.945</ele>
    </trkpt>
    <trkpt lat="-33.8167629" lon="138.2057612">
      <ele>95.83</ele>
    </trkpt>
    <trkpt lat="-33.8167648" lon="138.2057602">
      <ele>95.83</ele>
    </trkpt>
    <trkpt lat="-33.8169169" lon="138.2056786">
      <ele>95.945</ele>
    </trkpt>
    <trkpt lat="-33.8171961" lon="138.2054908">
      <ele>96.673</ele>
    </trkpt>
    <trkpt lat="-33.8177578" lon="138.2051057">
      <ele>95.647</ele>
    </trkpt>
    <trkpt lat="-33.8183164" lon="138.2046495">
      <ele>95.368</ele>
    </trkpt>
    <trkpt lat="-33.8198156" lon="138.2033549">
      <ele>95.896</ele>
    </trkpt>
    <trkpt lat="-33.8208885" lon="138.2024638">
      <ele>96.13</ele>
    </trkpt>
    <trkpt lat="-33.8210814" lon="138.2023155">
      <ele>96.664</ele>
    </trkpt>
    <trkpt lat="-33.8214388" lon="138.2020639">
      <ele>96.365</ele>
    </trkpt>
    <trkpt lat="-33.8218815" lon="138.2017765">
      <ele>94.694</ele>
    </trkpt>
    <trkpt lat="-33.8225169" lon="138.20144">
      <ele>94.816</ele>
    </trkpt>
    <trkpt lat="-33.8228743" lon="138.2012743">
      <ele>95.682</ele>
    </trkpt>
    <trkpt lat="-33.8233198" lon="138.2010833">
      <ele>94.102</ele>
    </trkpt>
    <trkpt lat="-33.826279" lon="138.19988">
      <ele>93.828</ele>
    </trkpt>
    <trkpt lat="-33.8264521" lon="138.1998096">
      <ele>93.601</ele>
    </trkpt>
    <trkpt lat="-33.826793" lon="138.199671">
      <ele>93.27</ele>
    </trkpt>
    <trkpt lat="-33.8330912" lon="138.1971092">
      <ele>93.0</ele>
    </trkpt>
    <trkpt lat="-33.8342829" lon="138.196624">
      <ele>92.317</ele>
    </trkpt>
    <trkpt lat="-33.8342904" lon="138.1966209">
      <ele>92.274</ele>
    </trkpt>
    <trkpt lat="-33.834972" lon="138.1963436">
      <ele>91.163</ele>
    </trkpt>
    <trkpt lat="-33.8351424" lon="138.1962743">
      <ele>92.226</ele>
    </trkpt>
    <trkpt lat="-33.8397325" lon="138.1944067">
      <ele>92.659</ele>
    </trkpt>
    <trkpt lat="-33.8397431" lon="138.1944024">
      <ele>92.558</ele>
    </trkpt>
    <trkpt lat="-33.840414" lon="138.1941298">
      <ele>89.377</ele>
    </trkpt>
    <trkpt lat="-33.8426521" lon="138.1932191">
      <ele>90.411</ele>
    </trkpt>
    <trkpt lat="-33.8445267" lon="138.1924573">
      <ele>92.858</ele>
    </trkpt>
    <trkpt lat="-33.84453" lon="138.192456">
      <ele>92.85</ele>
    </trkpt>
    <trkpt lat="-33.8446972" lon="138.1923881">
      <ele>92.493</ele>
    </trkpt>
    <trkpt lat="-33.8478116" lon="138.1911216">
      <ele>87.916</ele>
    </trkpt>
    <trkpt lat="-33.8478381" lon="138.1911108">
      <ele>87.783</ele>
    </trkpt>
    <trkpt lat="-33.8506857" lon="138.1899369">
      <ele>84.106</ele>
    </trkpt>
    <trkpt lat="-33.8516359" lon="138.1894438">
      <ele>85.889</ele>
    </trkpt>
    <trkpt lat="-33.8520457" lon="138.1891938">
      <ele>86.0</ele>
    </trkpt>
    <trkpt lat="-33.8521395" lon="138.1891367">
      <ele>86.0</ele>
    </trkpt>
    <trkpt lat="-33.8526587" lon="138.1887408">
      <ele>86.467</ele>
    </trkpt>
    <trkpt lat="-33.8528135" lon="138.1886223">
      <ele>85.912</ele>
    </trkpt>
    <trkpt lat="-33.8529653" lon="138.1885062">
      <ele>85.07</ele>
    </trkpt>
    <trkpt lat="-33.8531171" lon="138.18839">
      <ele>84.204</ele>
    </trkpt>
    <trkpt lat="-33.8532689" lon="138.1882739">
      <ele>84.0</ele>
    </trkpt>
    <trkpt lat="-33.8560447" lon="138.1859399">
      <ele>83.331</ele>
    </trkpt>
    <trkpt lat="-33.8577269" lon="138.1846389">
      <ele>84.483</ele>
    </trkpt>
    <trkpt lat="-33.8590204" lon="138.1837915">
      <ele>85.0</ele>
    </trkpt>
    <trkpt lat="-33.8606231" lon="138.1828694">
      <ele>83.0</ele>
    </trkpt>
    <trkpt lat="-33.8607858" lon="138.1827758">
      <ele>83.007</ele>
    </trkpt>
    <trkpt lat="-33.8611116" lon="138.1825889">
      <ele>83.679</ele>
    </trkpt>
    <trkpt lat="-33.8617887" lon="138.1822399">
      <ele>84.0</ele>
    </trkpt>
    <trkpt lat="-33.8632768" lon="138.1815698">
      <ele>86.481</ele>
    </trkpt>
    <trkpt lat="-33.8651733" lon="138.1808443">
      <ele>86.0</ele>
    </trkpt>
    <trkpt lat="-33.867429" lon="138.1801028">
      <ele>91.374</ele>
    </trkpt>
    <trkpt lat="-33.8686465" lon="138.1797026">
      <ele>91.0</ele>
    </trkpt>
    <trkpt lat="-33.8698058" lon="138.179284">
      <ele>90.109</ele>
    </trkpt>
    <trkpt lat="-33.871035" lon="138.1788167">
      <ele>90.726</ele>
    </trkpt>
    <trkpt lat="-33.8713358" lon="138.1786962">
      <ele>91.809</ele>
    </trkpt>
    <trkpt lat="-33.8716873" lon="138.1785478">
      <ele>89.868</ele>
    </trkpt>
    <trkpt lat="-33.8721121" lon="138.1783684">
      <ele>88.874</ele>
    </trkpt>
    <trkpt lat="-33.8728296" lon="138.178069">
      <ele>91.774</ele>
    </trkpt>
    <trkpt lat="-33.873524" lon="138.177771">
      <ele>92.024</ele>
    </trkpt>
    <trkpt lat="-33.8737232" lon="138.1776845">
      <ele>91.932</ele>
    </trkpt>
    <trkpt lat="-33.8739247" lon="138.1775971">
      <ele>91.65</ele>
    </trkpt>
    <trkpt lat="-33.8745499" lon="138.177356">
      <ele>93.518</ele>
    </trkpt>
    <trkpt lat="-33.8757157" lon="138.1769063">
      <ele>95.0</ele>
    </trkpt>
    <trkpt lat="-33.8759485" lon="138.1768204">
      <ele>94.356</ele>
    </trkpt>
    <trkpt lat="-33.8761205" lon="138.176757">
      <ele>93.607</ele>
    </trkpt>
    <trkpt lat="-33.8761311" lon="138.1767531">
      <ele>93.545</ele>
    </trkpt>
    <trkpt lat="-33.8762933" lon="138.176697">
      <ele>92.579</ele>
    </trkpt>
    <trkpt lat="-33.8766593" lon="138.1765705">
      <ele>91.373</ele>
    </trkpt>
    <trkpt lat="-33.8775057" lon="138.176288">
      <ele>94.404</ele>
    </trkpt>
    <trkpt lat="-33.8779633" lon="138.1761353">
      <ele>96.971</ele>
    </trkpt>
    <trkpt lat="-33.8780258" lon="138.1761151">
      <ele>96.998</ele>
    </trkpt>
    <trkpt lat="-33.8792418" lon="138.1757217">
      <ele>93.162</ele>
    </trkpt>
    <trkpt lat="-33.8800826" lon="138.1754497">
      <ele>94.084</ele>
    </trkpt>
    <trkpt lat="-33.8803418" lon="138.1753658">
      <ele>93.526</ele>
    </trkpt>
    <trkpt lat="-33.8806033" lon="138.1752793">
      <ele>93.0</ele>
    </trkpt>
    <trkpt lat="-33.8823655" lon="138.1746969">
      <ele>95.044</ele>
    </trkpt>
    <trkpt lat="-33.8827125" lon="138.1745822">
      <ele>94.621</ele>
    </trkpt>
    <trkpt lat="-33.8828859" lon="138.1745248">
      <ele>94.711</ele>
    </trkpt>
    <trkpt lat="-33.8828951" lon="138.1745218">
      <ele>94.722</ele>
    </trkpt>
    <trkpt lat="-33.8842625" lon="138.1740205">
      <ele>93.163</ele>
    </trkpt>
    <trkpt lat="-33.8846106" lon="138.1738929">
      <ele>93.613</ele>
    </trkpt>
    <trkpt lat="-33.8853354" lon="138.1736062">
      <ele>94.193</ele>
    </trkpt>
    <trkpt lat="-33.8864843" lon="138.1731328">
      <ele>92.248</ele>
    </trkpt>
    <trkpt lat="-33.8874541" lon="138.172707">
      <ele>91.255</ele>
    </trkpt>
    <trkpt lat="-33.8883134" lon="138.1723288">
      <ele>94.805</ele>
    </trkpt>
    <trkpt lat="-33.8883404" lon="138.172317">
      <ele>94.976</ele>
    </trkpt>
    <trkpt lat="-33.8892105" lon="138.171934">
      <ele>92.968</ele>
    </trkpt>
    <trkpt lat="-33.8918485" lon="138.1707738">
      <ele>93.271</ele>
    </trkpt>
    <trkpt lat="-33.8920575" lon="138.1706824">
      <ele>93.0</ele>
    </trkpt>
    <trkpt lat="-33.8923686" lon="138.1705464">
      <ele>93.033</ele>
    </trkpt>
    <trkpt lat="-33.8925647" lon="138.1704606">
      <ele>93.262</ele>
    </trkpt>
    <trkpt lat="-33.8927337" lon="138.1703866">
      <ele>93.097</ele>
    </trkpt>
    <trkpt lat="-33.892771" lon="138.1703703">
      <ele>93.016</ele>
    </trkpt>
    <trkpt lat="-33.8934156" lon="138.1701103">
      <ele>91.704</ele>
    </trkpt>
    <trkpt lat="-33.8935793" lon="138.1700443">
      <ele>91.115</ele>
    </trkpt>
    <trkpt lat="-33.8935863" lon="138.1700419">
      <ele>91.089</ele>
    </trkpt>
    <trkpt lat="-33.8941877" lon="138.1698295">
      <ele>90.181</ele>
    </trkpt>
    <trkpt lat="-33.8948735" lon="138.1696127">
      <ele>89.18</ele>
    </trkpt>
    <trkpt lat="-33.8956791" lon="138.1694055">
      <ele>89.14</ele>
    </trkpt>
    <trkpt lat="-33.8963301" lon="138.169241">
      <ele>87.789</ele>
    </trkpt>
    <trkpt lat="-33.8969038" lon="138.1690861">
      <ele>87.146</ele>
    </trkpt>
    <trkpt lat="-33.897294" lon="138.168962">
      <ele>86.0</ele>
    </trkpt>
    <trkpt lat="-33.8975825" lon="138.1688639">
      <ele>86.0</ele>
    </trkpt>
    <trkpt lat="-33.8979383" lon="138.1687207">
      <ele>85.65</ele>
    </trkpt>
    <trkpt lat="-33.8982423" lon="138.16858">
      <ele>83.655</ele>
    </trkpt>
    <trkpt lat="-33.8988176" lon="138.1682877">
      <ele>83.042</ele>
    </trkpt>
    <trkpt lat="-33.8992729" lon="138.1680267">
      <ele>81.618</ele>
    </trkpt>
    <trkpt lat="-33.899765" lon="138.1677248">
      <ele>80.161</ele>
    </trkpt>
    <trkpt lat="-33.9002621" lon="138.1674239">
      <ele>80.015</ele>
    </trkpt>
    <trkpt lat="-33.9004227" lon="138.1673267">
      <ele>80.325</ele>
    </trkpt>
    <trkpt lat="-33.9005834" lon="138.1672294">
      <ele>80.974</ele>
    </trkpt>
    <trkpt lat="-33.9007259" lon="138.1671431">
      <ele>81.57</ele>
    </trkpt>
    <trkpt lat="-33.9009045" lon="138.1670339">
      <ele>82.1</ele>
    </trkpt>
    <trkpt lat="-33.9020106" lon="138.1663578">
      <ele>83.238</ele>
    </trkpt>
    <trkpt lat="-33.9038966" lon="138.1651994">
      <ele>83.556</ele>
    </trkpt>
    <trkpt lat="-33.9060738" lon="138.1638853">
      <ele>87.306</ele>
    </trkpt>
    <trkpt lat="-33.9061718" lon="138.1638288">
      <ele>87.212</ele>
    </trkpt>
    <trkpt lat="-33.9064476" lon="138.1636902">
      <ele>86.783</ele>
    </trkpt>
    <trkpt lat="-33.906787" lon="138.1635261">
      <ele>86.959</ele>
    </trkpt>
    <trkpt lat="-33.9072196" lon="138.1633301">
      <ele>87.033</ele>
    </trkpt>
    <trkpt lat="-33.9076123" lon="138.1631721">
      <ele>87.411</ele>
    </trkpt>
    <trkpt lat="-33.9078735" lon="138.1630865">
      <ele>87.471</ele>
    </trkpt>
    <trkpt lat="-33.9082653" lon="138.1629606">
      <ele>86.587</ele>
    </trkpt>
    <trkpt lat="-33.9087787" lon="138.1628434">
      <ele>87.367</ele>
    </trkpt>
    <trkpt lat="-33.9090259" lon="138.1627919">
      <ele>87.949</ele>
    </trkpt>
    <trkpt lat="-33.9093424" lon="138.1627437">
      <ele>88.2</ele>
    </trkpt>
    <trkpt lat="-33.9095985" lon="138.162718">
      <ele>88.43</ele>
    </trkpt>
    <trkpt lat="-33.9099862" lon="138.1626741">
      <ele>89.101</ele>
    </trkpt>
    <trkpt lat="-33.9107349" lon="138.1626602">
      <ele>89.492</ele>
    </trkpt>
    <trkpt lat="-33.9111624" lon="138.1626788">
      <ele>90.831</ele>
    </trkpt>
    <trkpt lat="-33.9114809" lon="138.1626934">
      <ele>91.304</ele>
    </trkpt>
    <trkpt lat="-33.9126048" lon="138.162792">
      <ele>91.326</ele>
    </trkpt>
    <trkpt lat="-33.9134248" lon="138.1628419">
      <ele>92.769</ele>
    </trkpt>
    <trkpt lat="-33.9144981" lon="138.1628568">
      <ele>90.321</ele>
    </trkpt>
    <trkpt lat="-33.9146431" lon="138.1628552">
      <ele>89.643</ele>
    </trkpt>
    <trkpt lat="-33.9151329" lon="138.1628442">
      <ele>88.522</ele>
    </trkpt>
    <trkpt lat="-33.9163615" lon="138.1627696">
      <ele>89.003</ele>
    </trkpt>
    <trkpt lat="-33.9181661" lon="138.1626391">
      <ele>89.199</ele>
    </trkpt>
    <trkpt lat="-33.9208062" lon="138.1624542">
      <ele>88.605</ele>
    </trkpt>
    <trkpt lat="-33.9210612" lon="138.1624312">
      <ele>88.708</ele>
    </trkpt>
    <trkpt lat="-33.9215645" lon="138.1623809">
      <ele>87.21</ele>
    </trkpt>
    <trkpt lat="-33.9220139" lon="138.1623212">
      <ele>86.233</ele>
    </trkpt>
    <trkpt lat="-33.922278" lon="138.162281">
      <ele>84.799</ele>
    </trkpt>
    <trkpt lat="-33.9229685" lon="138.1621777">
      <ele>84.687</ele>
    </trkpt>
    <trkpt lat="-33.92314" lon="138.1621502">
      <ele>85.304</ele>
    </trkpt>
    <trkpt lat="-33.9236146" lon="138.1620544">
      <ele>84.995</ele>
    </trkpt>
    <trkpt lat="-33.9246192" lon="138.1618525">
      <ele>86.752</ele>
    </trkpt>
    <trkpt lat="-33.9247995" lon="138.161816">
      <ele>87.278</ele>
    </trkpt>
    <trkpt lat="-33.9253496" lon="138.1617152">
      <ele>86.528</ele>
    </trkpt>
    <trkpt lat="-33.925672" lon="138.1616541">
      <ele>84.581</ele>
    </trkpt>
    <trkpt lat="-33.9258747" lon="138.1616349">
      <ele>84.017</ele>
    </trkpt>
    <trkpt lat="-33.9262091" lon="138.1616051">
      <ele>84.496</ele>
    </trkpt>
    <trkpt lat="-33.926767" lon="138.1615788">
      <ele>85.114</ele>
    </trkpt>
    <trkpt lat="-33.9275453" lon="138.1615898">
      <ele>86.114</ele>
    </trkpt>
    <trkpt lat="-33.9294813" lon="138.1615866">
      <ele>86.735</ele>
    </trkpt>
    <trkpt lat="-33.9304681" lon="138.1615903">
      <ele>84.188</ele>
    </trkpt>
    <trkpt lat="-33.9310624" lon="138.1616222">
      <ele>85.0</ele>
    </trkpt>
    <trkpt lat="-33.9314894" lon="138.1616467">
      <ele>84.638</ele>
    </trkpt>
    <trkpt lat="-33.9315701" lon="138.1616482">
      <ele>84.348</ele>
    </trkpt>
    <trkpt lat="-33.9317896" lon="138.1616694">
      <ele>83.114</ele>
    </trkpt>
    <trkpt lat="-33.9320089" lon="138.1617159">
      <ele>82.409</ele>
    </trkpt>
    <trkpt lat="-33.932299" lon="138.1617888">
      <ele>83.595</ele>
    </trkpt>
    <trkpt lat="-33.9323819" lon="138.1618463">
      <ele>83.85</ele>
    </trkpt>
    <trkpt lat="-33.9325091" lon="138.1618992">
      <ele>84.027</ele>
    </trkpt>
    <trkpt lat="-33.9327197" lon="138.1619864">
      <ele>84.64</ele>
    </trkpt>
    <trkpt lat="-33.9329079" lon="138.1620729">
      <ele>84.321</ele>
    </trkpt>
    <trkpt lat="-33.9329119" lon="138.1620747">
      <ele>84.305</ele>
    </trkpt>
    <trkpt lat="-33.9330484" lon="138.1621596">
      <ele>83.471</ele>
    </trkpt>
    <trkpt lat="-33.9333093" lon="138.1623362">
      <ele>80.727</ele>
    </trkpt>
    <trkpt lat="-33.9334832" lon="138.1624466">
      <ele>80.089</ele>
    </trkpt>
    <trkpt lat="-33.9338762" lon="138.162788">
      <ele>80.002</ele>
    </trkpt>
    <trkpt lat="-33.9339073" lon="138.1628183">
      <ele>79.943</ele>
    </trkpt>
    <trkpt lat="-33.9341261" lon="138.1630119">
      <ele>79.866</ele>
    </trkpt>
    <trkpt lat="-33.9344612" lon="138.1633247">
      <ele>78.998</ele>
    </trkpt>
    <trkpt lat="-33.9344707" lon="138.163333">
      <ele>79.0</ele>
    </trkpt>
    <trkpt lat="-33.9348716" lon="138.1636811">
      <ele>78.79</ele>
    </trkpt>
    <trkpt lat="-33.93497" lon="138.1637626">
      <ele>79.437</ele>
    </trkpt>
    <trkpt lat="-33.9350762" lon="138.163833">
      <ele>80.018</ele>
    </trkpt>
    <trkpt lat="-33.9351091" lon="138.1638545">
      <ele>80.22</ele>
    </trkpt>
    <trkpt lat="-33.9353483" lon="138.1640127">
      <ele>81.305</ele>
    </trkpt>
    <trkpt lat="-33.9354899" lon="138.1641073">
      <ele>81.623</ele>
    </trkpt>
    <trkpt lat="-33.9356204" lon="138.1641831">
      <ele>81.592</ele>
    </trkpt>
    <trkpt lat="-33.9358585" lon="138.1643141">
      <ele>80.398</ele>
    </trkpt>
    <trkpt lat="-33.9361146" lon="138.1644304">
      <ele>79.912</ele>
    </trkpt>
    <trkpt lat="-33.9361521" lon="138.1644428">
      <ele>80.137</ele>
    </trkpt>
    <trkpt lat="-33.9362282" lon="138.1644446">
      <ele>80.422</ele>
    </trkpt>
    <trkpt lat="-33.9364578" lon="138.1645508">
      <ele>81.288</ele>
    </trkpt>
    <trkpt lat="-33.9367461" lon="138.1646548">
      <ele>80.783</ele>
    </trkpt>
    <trkpt lat="-33.9370609" lon="138.1647629">
      <ele>79.496</ele>
    </trkpt>
    <trkpt lat="-33.937205" lon="138.1647974">
      <ele>79.045</ele>
    </trkpt>
    <trkpt lat="-33.9372753" lon="138.1648312">
      <ele>79.266</ele>
    </trkpt>
    <trkpt lat="-33.9373233" lon="138.164844">
      <ele>79.523</ele>
    </trkpt>
    <trkpt lat="-33.9374335" lon="138.1648739">
      <ele>80.176</ele>
    </trkpt>
    <trkpt lat="-33.9376581" lon="138.1649448">
      <ele>81.37</ele>
    </trkpt>
    <trkpt lat="-33.9380834" lon="138.1650717">
      <ele>81.132</ele>
    </trkpt>
    <trkpt lat="-33.9382603" lon="138.1651248">
      <ele>80.381</ele>
    </trkpt>
    <trkpt lat="-33.9384608" lon="138.1651864">
      <ele>80.459</ele>
    </trkpt>
    <trkpt lat="-33.9386802" lon="138.1652485">
      <ele>80.751</ele>
    </trkpt>
    <trkpt lat="-33.9390277" lon="138.1653316">
      <ele>80.0</ele>
    </trkpt>
    <trkpt lat="-33.9390372" lon="138.1653343">
      <ele>80.0</ele>
    </trkpt>
    <trkpt lat="-33.9391122" lon="138.1653557">
      <ele>80.0</ele>
    </trkpt>
    <trkpt lat="-33.9391687" lon="138.1653678">
      <ele>80.005</ele>
    </trkpt>
    <trkpt lat="-33.9394503" lon="138.1654273">
      <ele>80.452</ele>
    </trkpt>
    <trkpt lat="-33.9395953" lon="138.1654579">
      <ele>80.161</ele>
    </trkpt>
    <trkpt lat="-33.9400697" lon="138.1655336">
      <ele>81.172</ele>
    </trkpt>
    <trkpt lat="-33.9406399" lon="138.1655981">
      <ele>82.893</ele>
    </trkpt>
    <trkpt lat="-33.9410527" lon="138.1656301">
      <ele>83.0</ele>
    </trkpt>
    <trkpt lat="-33.9414612" lon="138.1656857">
      <ele>83.469</ele>
    </trkpt>
    <trkpt lat="-33.9417492" lon="138.1657353">
      <ele>83.542</ele>
    </trkpt>
    <trkpt lat="-33.9422986" lon="138.1658066">
      <ele>82.904</ele>
    </trkpt>
    <trkpt lat="-33.9427869" lon="138.1658548">
      <ele>84.003</ele>
    </trkpt>
    <trkpt lat="-33.9433805" lon="138.1659167">
      <ele>84.249</ele>
    </trkpt>
    <trkpt lat="-33.9439184" lon="138.1659709">
      <ele>83.557</ele>
    </trkpt>
    <trkpt lat="-33.9442808" lon="138.1660052">
      <ele>84.665</ele>
    </trkpt>
    <trkpt lat="-33.9446222" lon="138.166046">
      <ele>86.406</ele>
    </trkpt>
    <trkpt lat="-33.9450152" lon="138.1660813">
      <ele>86.844</ele>
    </trkpt>
    <trkpt lat="-33.9454845" lon="138.1661272">
      <ele>85.899</ele>
    </trkpt>
    <trkpt lat="-33.9457335" lon="138.1661622">
      <ele>85.632</ele>
    </trkpt>
    <trkpt lat="-33.9459629" lon="138.1662075">
      <ele>85.772</ele>
    </trkpt>
    <trkpt lat="-33.9461899" lon="138.1662616">
      <ele>86.224</ele>
    </trkpt>
    <trkpt lat="-33.9464607" lon="138.166331">
      <ele>87.259</ele>
    </trkpt>
    <trkpt lat="-33.9467018" lon="138.1664046">
      <ele>87.901</ele>
    </trkpt>
    <trkpt lat="-33.9469405" lon="138.1664937">
      <ele>87.989</ele>
    </trkpt>
    <trkpt lat="-33.9469582" lon="138.1665003">
      <ele>88.0</ele>
    </trkpt>
    <trkpt lat="-33.9470961" lon="138.1665516">
      <ele>88.0</ele>
    </trkpt>
    <trkpt lat="-33.947112" lon="138.1665587">
      <ele>88.0</ele>
    </trkpt>
    <trkpt lat="-33.9472447" lon="138.1666174">
      <ele>88.081</ele>
    </trkpt>
    <trkpt lat="-33.9474369" lon="138.1666982">
      <ele>88.773</ele>
    </trkpt>
    <trkpt lat="-33.9476233" lon="138.1667902">
      <ele>89.197</ele>
    </trkpt>
    <trkpt lat="-33.9478166" lon="138.1669006">
      <ele>89.842</ele>
    </trkpt>
    <trkpt lat="-33.9480871" lon="138.1670638">
      <ele>90.381</ele>
    </trkpt>
    <trkpt lat="-33.9482238" lon="138.1671422">
      <ele>90.281</ele>
    </trkpt>
    <trkpt lat="-33.9484618" lon="138.1673083">
      <ele>89.538</ele>
    </trkpt>
    <trkpt lat="-33.9488835" lon="138.1676194">
      <ele>89.0</ele>
    </trkpt>
    <trkpt lat="-33.9492145" lon="138.167916">
      <ele>90.086</ele>
    </trkpt>
    <trkpt lat="-33.9493874" lon="138.1680923">
      <ele>90.822</ele>
    </trkpt>
    <trkpt lat="-33.9494225" lon="138.1681281">
      <ele>90.942</ele>
    </trkpt>
    <trkpt lat="-33.9498374" lon="138.168537">
      <ele>92.0</ele>
    </trkpt>
    <trkpt lat="-33.9500615" lon="138.1687674">
      <ele>90.999</ele>
    </trkpt>
    <trkpt lat="-33.9506305" lon="138.1693421">
      <ele>88.638</ele>
    </trkpt>
    <trkpt lat="-33.9515922" lon="138.1703163">
      <ele>89.963</ele>
    </trkpt>
    <trkpt lat="-33.95204" lon="138.1707922">
      <ele>90.785</ele>
    </trkpt>
    <trkpt lat="-33.9526237" lon="138.1713684">
      <ele>93.0</ele>
    </trkpt>
    <trkpt lat="-33.9533063" lon="138.1720435">
      <ele>93.546</ele>
    </trkpt>
    <trkpt lat="-33.9539395" lon="138.1727046">
      <ele>96.23</ele>
    </trkpt>
    <trkpt lat="-33.9543491" lon="138.1731153">
      <ele>97.755</ele>
    </trkpt>
    <trkpt lat="-33.9547585" lon="138.1735273">
      <ele>98.786</ele>
    </trkpt>
    <trkpt lat="-33.955202" lon="138.1739778">
      <ele>99.902</ele>
    </trkpt>
    <trkpt lat="-33.9554192" lon="138.1742006">
      <ele>99.896</ele>
    </trkpt>
    <trkpt lat="-33.9556546" lon="138.1744428">
      <ele>100.719</ele>
    </trkpt>
    <trkpt lat="-33.95608" lon="138.1748737">
      <ele>102.827</ele>
    </trkpt>
    <trkpt lat="-33.9562435" lon="138.175039">
      <ele>102.993</ele>
    </trkpt>
    <trkpt lat="-33.9567891" lon="138.1755916">
      <ele>105.254</ele>
    </trkpt>
    <trkpt lat="-33.9574563" lon="138.1762655">
      <ele>104.374</ele>
    </trkpt>
    <trkpt lat="-33.9580276" lon="138.1768489">
      <ele>106.243</ele>
    </trkpt>
    <trkpt lat="-33.9584814" lon="138.1773042">
      <ele>107.361</ele>
    </trkpt>
    <trkpt lat="-33.9587686" lon="138.1775845">
      <ele>110.266</ele>
    </trkpt>
    <trkpt lat="-33.9591154" lon="138.1779327">
      <ele>111.361</ele>
    </trkpt>
    <trkpt lat="-33.9597078" lon="138.1785487">
      <ele>114.149</ele>
    </trkpt>
    <trkpt lat="-33.9600905" lon="138.178934">
      <ele>115.379</ele>
    </trkpt>
    <trkpt lat="-33.9606449" lon="138.179495">
      <ele>118.585</ele>
    </trkpt>
    <trkpt lat="-33.9610577" lon="138.1799086">
      <ele>121.552</ele>
    </trkpt>
    <trkpt lat="-33.9615105" lon="138.1803675">
      <ele>122.438</ele>
    </trkpt>
    <trkpt lat="-33.9617326" lon="138.1805902">
      <ele>123.113</ele>
    </trkpt>
    <trkpt lat="-33.9624165" lon="138.1812799">
      <ele>123.183</ele>
    </trkpt>
    <trkpt lat="-33.9640219" lon="138.1829063">
      <ele>130.183</ele>
    </trkpt>
    <trkpt lat="-33.9645546" lon="138.1834565">
      <ele>130.397</ele>
    </trkpt>
    <trkpt lat="-33.9651866" lon="138.1840908">
      <ele>133.399</ele>
    </trkpt>
    <trkpt lat="-33.9654801" lon="138.1843929">
      <ele>134.95</ele>
    </trkpt>
    <trkpt lat="-33.9655188" lon="138.1844326">
      <ele>134.994</ele>
    </trkpt>
    <trkpt lat="-33.9656979" lon="138.1846163">
      <ele>135.106</ele>
    </trkpt>
    <trkpt lat="-33.9660919" lon="138.1850103">
      <ele>136.074</ele>
    </trkpt>
    <trkpt lat="-33.9664802" lon="138.1854321">
      <ele>136.627</ele>
    </trkpt>
    <trkpt lat="-33.9668352" lon="138.1858399">
      <ele>136.976</ele>
    </trkpt>
    <trkpt lat="-33.9671394" lon="138.1862191">
      <ele>136.975</ele>
    </trkpt>
    <trkpt lat="-33.9676718" lon="138.1869262">
      <ele>138.316</ele>
    </trkpt>
    <trkpt lat="-33.9678593" lon="138.1871805">
      <ele>138.85</ele>
    </trkpt>
    <trkpt lat="-33.9680244" lon="138.1874274">
      <ele>139.739</ele>
    </trkpt>
    <trkpt lat="-33.9682335" lon="138.1877452">
      <ele>141.523</ele>
    </trkpt>
    <trkpt lat="-33.9684838" lon="138.1881368">
      <ele>143.909</ele>
    </trkpt>
    <trkpt lat="-33.9686553" lon="138.1884364">
      <ele>145.742</ele>
    </trkpt>
    <trkpt lat="-33.9687489" lon="138.1885997">
      <ele>146.918</ele>
    </trkpt>
    <trkpt lat="-33.9688974" lon="138.1888706">
      <ele>148.84</ele>
    </trkpt>
    <trkpt lat="-33.9691383" lon="138.1893144">
      <ele>149.58</ele>
    </trkpt>
    <trkpt lat="-33.969324" lon="138.1896907">
      <ele>150.384</ele>
    </trkpt>
    <trkpt lat="-33.9695433" lon="138.1901466">
      <ele>151.036</ele>
    </trkpt>
    <trkpt lat="-33.9697181" lon="138.1905479">
      <ele>153.932</ele>
    </trkpt>
    <trkpt lat="-33.9699887" lon="138.1911991">
      <ele>155.737</ele>
    </trkpt>
    <trkpt lat="-33.970217" lon="138.1917757">
      <ele>158.178</ele>
    </trkpt>
    <trkpt lat="-33.9703771" lon="138.1921772">
      <ele>161.318</ele>
    </trkpt>
    <trkpt lat="-33.9704799" lon="138.1924349">
      <ele>162.804</ele>
    </trkpt>
    <trkpt lat="-33.9706646" lon="138.1928585">
      <ele>164.405</ele>
    </trkpt>
    <trkpt lat="-33.970837" lon="138.1932603">
      <ele>166.737</ele>
    </trkpt>
    <trkpt lat="-33.971045" lon="138.193671">
      <ele>166.022</ele>
    </trkpt>
    <trkpt lat="-33.9712012" lon="138.1939757">
      <ele>165.0</ele>
    </trkpt>
    <trkpt lat="-33.971359" lon="138.1942699">
      <ele>164.668</ele>
    </trkpt>
    <trkpt lat="-33.9716284" lon="138.1947123">
      <ele>163.169</ele>
    </trkpt>
    <trkpt lat="-33.9717994" lon="138.1950042">
      <ele>162.411</ele>
    </trkpt>
    <trkpt lat="-33.9719639" lon="138.1952496">
      <ele>162.343</ele>
    </trkpt>
    <trkpt lat="-33.9722125" lon="138.1956161">
      <ele>162.712</ele>
    </trkpt>
    <trkpt lat="-33.9723782" lon="138.195831">
      <ele>162.57</ele>
    </trkpt>
    <trkpt lat="-33.9725094" lon="138.1960048">
      <ele>161.765</ele>
    </trkpt>
    <trkpt lat="-33.9726998" lon="138.1962412">
      <ele>159.595</ele>
    </trkpt>
    <trkpt lat="-33.9729556" lon="138.1965381">
      <ele>156.582</ele>
    </trkpt>
    <trkpt lat="-33.9730197" lon="138.1966162">
      <ele>155.651</ele>
    </trkpt>
    <trkpt lat="-33.9732655" lon="138.1969158">
      <ele>155.834</ele>
    </trkpt>
    <trkpt lat="-33.9732729" lon="138.1969244">
      <ele>155.839</ele>
    </trkpt>
    <trkpt lat="-33.9734587" lon="138.1971417">
      <ele>156.582</ele>
    </trkpt>
    <trkpt lat="-33.973913" lon="138.1976623">
      <ele>155.745</ele>
    </trkpt>
    <trkpt lat="-33.9745631" lon="138.1984335">
      <ele>149.34</ele>
    </trkpt>
    <trkpt lat="-33.9749483" lon="138.1988891">
      <ele>148.812</ele>
    </trkpt>
    <trkpt lat="-33.9753335" lon="138.1993447">
      <ele>145.847</ele>
    </trkpt>
    <trkpt lat="-33.9756105" lon="138.1996724">
      <ele>144.557</ele>
    </trkpt>
    <trkpt lat="-33.9757495" lon="138.1998319">
      <ele>144.303</ele>
    </trkpt>
    <trkpt lat="-33.9760692" lon="138.2002084">
      <ele>144.736</ele>
    </trkpt>
    <trkpt lat="-33.976279" lon="138.20046">
      <ele>145.293</ele>
    </trkpt>
    <trkpt lat="-33.9766333" lon="138.2009058">
      <ele>145.238</ele>
    </trkpt>
    <trkpt lat="-33.9767575" lon="138.2010767">
      <ele>145.148</ele>
    </trkpt>
    <trkpt lat="-33.9769203" lon="138.2012963">
      <ele>145.522</ele>
    </trkpt>
    <trkpt lat="-33.9770811" lon="138.2015352">
      <ele>145.69</ele>
    </trkpt>
    <trkpt lat="-33.9772537" lon="138.2018054">
      <ele>145.171</ele>
    </trkpt>
    <trkpt lat="-33.9773182" lon="138.2019107">
      <ele>144.892</ele>
    </trkpt>
    <trkpt lat="-33.9775531" lon="138.2022945">
      <ele>144.382</ele>
    </trkpt>
    <trkpt lat="-33.977869" lon="138.2028796">
      <ele>146.411</ele>
    </trkpt>
    <trkpt lat="-33.9781999" lon="138.2034985">
      <ele>148.559</ele>
    </trkpt>
    <trkpt lat="-33.9783272" lon="138.2037344">
      <ele>149.944</ele>
    </trkpt>
    <trkpt lat="-33.978441" lon="138.2039574">
      <ele>150.68</ele>
    </trkpt>
    <trkpt lat="-33.9785608" lon="138.2041707">
      <ele>150.804</ele>
    </trkpt>
    <trkpt lat="-33.9786351" lon="138.2042964">
      <ele>150.706</ele>
    </trkpt>
    <trkpt lat="-33.9787166" lon="138.2044401">
      <ele>150.775</ele>
    </trkpt>
    <trkpt lat="-33.9788394" lon="138.2046246">
      <ele>150.995</ele>
    </trkpt>
    <trkpt lat="-33.9788555" lon="138.2046488">
      <ele>151.024</ele>
    </trkpt>
    <trkpt lat="-33.9791381" lon="138.2050489">
      <ele>150.442</ele>
    </trkpt>
    <trkpt lat="-33.9793437" lon="138.2053194">
      <ele>149.487</ele>
    </trkpt>
    <trkpt lat="-33.9794411" lon="138.2054295">
      <ele>149.442</ele>
    </trkpt>
    <trkpt lat="-33.9794808" lon="138.2054744">
      <ele>149.516</ele>
    </trkpt>
    <trkpt lat="-33.9796446" lon="138.2056585">
      <ele>150.174</ele>
    </trkpt>
    <trkpt lat="-33.9797481" lon="138.2057713">
      <ele>150.316</ele>
    </trkpt>
    <trkpt lat="-33.9798282" lon="138.2058485">
      <ele>150.327</ele>
    </trkpt>
    <trkpt lat="-33.9801225" lon="138.2061363">
      <ele>149.779</ele>
    </trkpt>
    <trkpt lat="-33.9801276" lon="138.2061412">
      <ele>149.734</ele>
    </trkpt>
    <trkpt lat="-33.980457" lon="138.2064203">
      <ele>147.459</ele>
    </trkpt>
    <trkpt lat="-33.9807531" lon="138.2066545">
      <ele>146.768</ele>
    </trkpt>
    <trkpt lat="-33.9809859" lon="138.2068105">
      <ele>145.7</ele>
    </trkpt>
    <trkpt lat="-33.9814678" lon="138.207122">
      <ele>141.54</ele>
    </trkpt>
    <trkpt lat="-33.981544" lon="138.2071707">
      <ele>140.916</ele>
    </trkpt>
    <trkpt lat="-33.9820992" lon="138.2075253">
      <ele>138.405</ele>
    </trkpt>
    <trkpt lat="-33.9826923" lon="138.2079004">
      <ele>135.676</ele>
    </trkpt>
    <trkpt lat="-33.9832932" lon="138.2082857">
      <ele>130.341</ele>
    </trkpt>
    <trkpt lat="-33.9833235" lon="138.2083051">
      <ele>130.141</ele>
    </trkpt>
    <trkpt lat="-33.9837238" lon="138.208561">
      <ele>129.254</ele>
    </trkpt>
    <trkpt lat="-33.9839481" lon="138.2087014">
      <ele>128.536</ele>
    </trkpt>
    <trkpt lat="-33.9841737" lon="138.2088502">
      <ele>126.393</ele>
    </trkpt>
    <trkpt lat="-33.9845835" lon="138.2091082">
      <ele>123.922</ele>
    </trkpt>
    <trkpt lat="-33.9846371" lon="138.2091419">
      <ele>123.872</ele>
    </trkpt>
    <trkpt lat="-33.9849455" lon="138.2093452">
      <ele>123.231</ele>
    </trkpt>
    <trkpt lat="-33.9852454" lon="138.2095349">
      <ele>122.962</ele>
    </trkpt>
    <trkpt lat="-33.985398" lon="138.2096265">
      <ele>124.015</ele>
    </trkpt>
    <trkpt lat="-33.9858061" lon="138.2098898">
      <ele>125.657</ele>
    </trkpt>
    <trkpt lat="-33.9863433" lon="138.2102358">
      <ele>125.987</ele>
    </trkpt>
    <trkpt lat="-33.9870929" lon="138.2107139">
      <ele>126.43</ele>
    </trkpt>
    <trkpt lat="-33.9875979" lon="138.2110298">
      <ele>126.835</ele>
    </trkpt>
    <trkpt lat="-33.9880729" lon="138.2113261">
      <ele>126.164</ele>
    </trkpt>
    <trkpt lat="-33.9895192" lon="138.2121696">
      <ele>120.189</ele>
    </trkpt>
    <trkpt lat="-33.9900927" lon="138.2125133">
      <ele>119.856</ele>
    </trkpt>
    <trkpt lat="-33.9905802" lon="138.2127921">
      <ele>116.986</ele>
    </trkpt>
    <trkpt lat="-33.9909777" lon="138.2130195">
      <ele>116.192</ele>
    </trkpt>
    <trkpt lat="-33.9912153" lon="138.2131643">
      <ele>116.0</ele>
    </trkpt>
    <trkpt lat="-33.9914598" lon="138.2133118">
      <ele>116.255</ele>
    </trkpt>
    <trkpt lat="-33.9914834" lon="138.213326">
      <ele>116.34</ele>
    </trkpt>
    <trkpt lat="-33.9917802" lon="138.2134932">
      <ele>117.409</ele>
    </trkpt>
    <trkpt lat="-33.9919464" lon="138.213593">
      <ele>118.0</ele>
    </trkpt>
    <trkpt lat="-33.9920465" lon="138.2136531">
      <ele>117.753</ele>
    </trkpt>
    <trkpt lat="-33.9923184" lon="138.2138059">
      <ele>117.299</ele>
    </trkpt>
    <trkpt lat="-33.9927519" lon="138.2140597">
      <ele>115.478</ele>
    </trkpt>
    <trkpt lat="-33.9927569" lon="138.2140627">
      <ele>115.449</ele>
    </trkpt>
    <trkpt lat="-33.9930206" lon="138.2142219">
      <ele>114.826</ele>
    </trkpt>
    <trkpt lat="-33.993521" lon="138.214516">
      <ele>113.916</ele>
    </trkpt>
    <trkpt lat="-33.9942412" lon="138.2149209">
      <ele>114.361</ele>
    </trkpt>
    <trkpt lat="-33.9948318" lon="138.2152175">
      <ele>114.137</ele>
    </trkpt>
    <trkpt lat="-33.99513" lon="138.2153409">
      <ele>115.014</ele>
    </trkpt>
    <trkpt lat="-33.995298" lon="138.2154159">
      <ele>115.042</ele>
    </trkpt>
    <trkpt lat="-33.995434" lon="138.2154668">
      <ele>115.022</ele>
    </trkpt>
    <trkpt lat="-33.9955863" lon="138.2155126">
      <ele>115.265</ele>
    </trkpt>
    <trkpt lat="-33.9958545" lon="138.2155967">
      <ele>115.704</ele>
    </trkpt>
    <trkpt lat="-33.9961051" lon="138.2156765">
      <ele>115.129</ele>
    </trkpt>
    <trkpt lat="-33.996406" lon="138.2157603">
      <ele>114.201</ele>
    </trkpt>
    <trkpt lat="-33.9966273" lon="138.2157984">
      <ele>113.267</ele>
    </trkpt>
    <trkpt lat="-33.9968268" lon="138.2158426">
      <ele>113.543</ele>
    </trkpt>
    <trkpt lat="-33.9969986" lon="138.2158721">
      <ele>113.888</ele>
    </trkpt>
    <trkpt lat="-33.9971525" lon="138.2158964">
      <ele>113.943</ele>
    </trkpt>
    <trkpt lat="-33.9973906" lon="138.2159223">
      <ele>113.806</ele>
    </trkpt>
    <trkpt lat="-33.9976607" lon="138.2159546">
      <ele>113.563</ele>
    </trkpt>
    <trkpt lat="-33.9979481" lon="138.2159701">
      <ele>114.121</ele>
    </trkpt>
    <trkpt lat="-33.9982636" lon="138.2159707">
      <ele>115.254</ele>
    </trkpt>
    <trkpt lat="-33.9983571" lon="138.2159709">
      <ele>115.505</ele>
    </trkpt>
    <trkpt lat="-33.9984209" lon="138.2159688">
      <ele>115.512</ele>
    </trkpt>
    <trkpt lat="-33.9986503" lon="138.2159624">
      <ele>115.535</ele>
    </trkpt>
    <trkpt lat="-33.9987586" lon="138.2159663">
      <ele>115.521</ele>
    </trkpt>
    <trkpt lat="-33.9992551" lon="138.2159142">
      <ele>115.391</ele>
    </trkpt>
    <trkpt lat="-33.9997089" lon="138.2158576">
      <ele>114.044</ele>
    </trkpt>
    <trkpt lat="-33.9999427" lon="138.2158229">
      <ele>113.244</ele>
    </trkpt>
    <trkpt lat="-34.0009364" lon="138.2156884">
      <ele>111.522</ele>
    </trkpt>
    <trkpt lat="-34.0017975" lon="138.2155605">
      <ele>110.0</ele>
    </trkpt>
    <trkpt lat="-34.0021395" lon="138.2155097">
      <ele>110.165</ele>
    </trkpt>
    <trkpt lat="-34.0025121" lon="138.2154606">
      <ele>109.985</ele>
    </trkpt>
    <trkpt lat="-34.0028992" lon="138.2154096">
      <ele>109.267</ele>
    </trkpt>
    <trkpt lat="-34.0030484" lon="138.2153887">
      <ele>109.01</ele>
    </trkpt>
    <trkpt lat="-34.0032271" lon="138.2153637">
      <ele>109.618</ele>
    </trkpt>
    <trkpt lat="-34.0032782" lon="138.2153565">
      <ele>109.802</ele>
    </trkpt>
    <trkpt lat="-34.0038388" lon="138.2152811">
      <ele>111.002</ele>
    </trkpt>
    <trkpt lat="-34.0041908" lon="138.2152311">
      <ele>111.168</ele>
    </trkpt>
    <trkpt lat="-34.0048759" lon="138.2151406">
      <ele>110.72</ele>
    </trkpt>
    <trkpt lat="-34.0050142" lon="138.2151181">
      <ele>110.626</ele>
    </trkpt>
    <trkpt lat="-34.0052444" lon="138.2150807">
      <ele>111.589</ele>
    </trkpt>
    <trkpt lat="-34.0062365" lon="138.2149408">
      <ele>112.645</ele>
    </trkpt>
    <trkpt lat="-34.0067892" lon="138.2148624">
      <ele>111.772</ele>
    </trkpt>
    <trkpt lat="-34.0072028" lon="138.2148114">
      <ele>112.609</ele>
    </trkpt>
    <trkpt lat="-34.0076061" lon="138.2147665">
      <ele>114.742</ele>
    </trkpt>
    <trkpt lat="-34.0078957" lon="138.2147478">
      <ele>114.908</ele>
    </trkpt>
    <trkpt lat="-34.0081656" lon="138.2147368">
      <ele>115.344</ele>
    </trkpt>
    <trkpt lat="-34.0083825" lon="138.2147388">
      <ele>116.284</ele>
    </trkpt>
    <trkpt lat="-34.0084145" lon="138.2147385">
      <ele>116.509</ele>
    </trkpt>
    <trkpt lat="-34.0086094" lon="138.2147368">
      <ele>117.883</ele>
    </trkpt>
    <trkpt lat="-34.0089093" lon="138.2147511">
      <ele>116.823</ele>
    </trkpt>
    <trkpt lat="-34.0091904" lon="138.2147602">
      <ele>115.949</ele>
    </trkpt>
    <trkpt lat="-34.0093737" lon="138.2147769">
      <ele>116.548</ele>
    </trkpt>
    <trkpt lat="-34.0094926" lon="138.2147852">
      <ele>116.947</ele>
    </trkpt>
    <trkpt lat="-34.0095665" lon="138.2147904">
      <ele>117.194</ele>
    </trkpt>
    <trkpt lat="-34.0096723" lon="138.2147954">
      <ele>117.557</ele>
    </trkpt>
    <trkpt lat="-34.0097642" lon="138.2147998">
      <ele>117.721</ele>
    </trkpt>
    <trkpt lat="-34.0100316" lon="138.2148149">
      <ele>117.628</ele>
    </trkpt>
    <trkpt lat="-34.0105589" lon="138.2148446">
      <ele>116.547</ele>
    </trkpt>
    <trkpt lat="-34.0105706" lon="138.2148453">
      <ele>116.503</ele>
    </trkpt>
    <trkpt lat="-34.0111473" lon="138.2148781">
      <ele>115.439</ele>
    </trkpt>
    <trkpt lat="-34.0116521" lon="138.2149134">
      <ele>115.312</ele>
    </trkpt>
    <trkpt lat="-34.0128949" lon="138.2149822">
      <ele>115.486</ele>
    </trkpt>
    <trkpt lat="-34.0132652" lon="138.2150065">
      <ele>115.953</ele>
    </trkpt>
    <trkpt lat="-34.0143292" lon="138.215076">
      <ele>115.038</ele>
    </trkpt>
    <trkpt lat="-34.014966" lon="138.2151091">
      <ele>116.485</ele>
    </trkpt>
    <trkpt lat="-34.0154538" lon="138.2151363">
      <ele>115.187</ele>
    </trkpt>
    <trkpt lat="-34.0158257" lon="138.2151622">
      <ele>114.432</ele>
    </trkpt>
    <trkpt lat="-34.0163519" lon="138.2151925">
      <ele>114.0</ele>
    </trkpt>
    <trkpt lat="-34.0170195" lon="138.2152308">
      <ele>116.922</ele>
    </trkpt>
    <trkpt lat="-34.0173896" lon="138.2152555">
      <ele>117.032</ele>
    </trkpt>
    <trkpt lat="-34.0181835" lon="138.2153035">
      <ele>117.0</ele>
    </trkpt>
    <trkpt lat="-34.0182769" lon="138.215299">
      <ele>117.0</ele>
    </trkpt>
    <trkpt lat="-34.0183863" lon="138.2152938">
      <ele>116.798</ele>
    </trkpt>
    <trkpt lat="-34.018621" lon="138.215292">
      <ele>115.878</ele>
    </trkpt>
    <trkpt lat="-34.0188704" lon="138.215279">
      <ele>114.129</ele>
    </trkpt>
    <trkpt lat="-34.019067" lon="138.2152628">
      <ele>113.447</ele>
    </trkpt>
    <trkpt lat="-34.0193475" lon="138.2152245">
      <ele>113.384</ele>
    </trkpt>
    <trkpt lat="-34.019454" lon="138.2152041">
      <ele>113.53</ele>
    </trkpt>
    <trkpt lat="-34.0195732" lon="138.2151828">
      <ele>113.684</ele>
    </trkpt>
    <trkpt lat="-34.0197546" lon="138.215141">
      <ele>113.811</ele>
    </trkpt>
    <trkpt lat="-34.0199371" lon="138.215096">
      <ele>113.029</ele>
    </trkpt>
    <trkpt lat="-34.0201242" lon="138.2150473">
      <ele>111.935</ele>
    </trkpt>
    <trkpt lat="-34.0202935" lon="138.215004">
      <ele>110.986</ele>
    </trkpt>
    <trkpt lat="-34.0206797" lon="138.214905">
      <ele>111.789</ele>
    </trkpt>
    <trkpt lat="-34.0208914" lon="138.2148499">
      <ele>112.331</ele>
    </trkpt>
    <trkpt lat="-34.0217294" lon="138.2146264">
      <ele>108.69</ele>
    </trkpt>
    <trkpt lat="-34.0224944" lon="138.2144302">
      <ele>113.012</ele>
    </trkpt>
    <trkpt lat="-34.0226829" lon="138.2143643">
      <ele>113.289</ele>
    </trkpt>
    <trkpt lat="-34.0230665" lon="138.2142694">
      <ele>113.182</ele>
    </trkpt>
    <trkpt lat="-34.0234027" lon="138.2141583">
      <ele>112.06</ele>
    </trkpt>
    <trkpt lat="-34.0235394" lon="138.2141087">
      <ele>112.417</ele>
    </trkpt>
    <trkpt lat="-34.0236018" lon="138.2140861">
      <ele>112.58</ele>
    </trkpt>
    <trkpt lat="-34.0241277" lon="138.2138767">
      <ele>113.05</ele>
    </trkpt>
    <trkpt lat="-34.0244379" lon="138.2137459">
      <ele>113.515</ele>
    </trkpt>
    <trkpt lat="-34.0245625" lon="138.2136945">
      <ele>112.977</ele>
    </trkpt>
    <trkpt lat="-34.0246609" lon="138.2136539">
      <ele>112.408</ele>
    </trkpt>
    <trkpt lat="-34.0247323" lon="138.2136231">
      <ele>111.964</ele>
    </trkpt>
    <trkpt lat="-34.0249215" lon="138.2135415">
      <ele>111.103</ele>
    </trkpt>
    <trkpt lat="-34.0251848" lon="138.21343">
      <ele>109.683</ele>
    </trkpt>
    <trkpt lat="-34.0254093" lon="138.2133294">
      <ele>108.512</ele>
    </trkpt>
    <trkpt lat="-34.0254646" lon="138.2133047">
      <ele>108.224</ele>
    </trkpt>
    <trkpt lat="-34.025667" lon="138.2132132">
      <ele>107.394</ele>
    </trkpt>
    <trkpt lat="-34.0260349" lon="138.2130128">
      <ele>105.009</ele>
    </trkpt>
    <trkpt lat="-34.0262497" lon="138.2128861">
      <ele>103.281</ele>
    </trkpt>
    <trkpt lat="-34.0267248" lon="138.2125732">
      <ele>99.9</ele>
    </trkpt>
    <trkpt lat="-34.0269807" lon="138.2124043">
      <ele>97.48</ele>
    </trkpt>
    <trkpt lat="-34.0273052" lon="138.2122022">
      <ele>95.0</ele>
    </trkpt>
    <trkpt lat="-34.0275204" lon="138.2120534">
      <ele>95.0</ele>
    </trkpt>
    <trkpt lat="-34.0276708" lon="138.2119471">
      <ele>95.0</ele>
    </trkpt>
    <trkpt lat="-34.0278016" lon="138.2118547">
      <ele>95.295</ele>
    </trkpt>
    <trkpt lat="-34.0280719" lon="138.2116871">
      <ele>94.887</ele>
    </trkpt>
    <trkpt lat="-34.0282175" lon="138.2115997">
      <ele>93.733</ele>
    </trkpt>
    <trkpt lat="-34.0284068" lon="138.2114952">
      <ele>92.736</ele>
    </trkpt>
    <trkpt lat="-34.0286419" lon="138.2113826">
      <ele>92.131</ele>
    </trkpt>
    <trkpt lat="-34.028663" lon="138.2113725">
      <ele>92.235</ele>
    </trkpt>
    <trkpt lat="-34.0289292" lon="138.2112411">
      <ele>92.787</ele>
    </trkpt>
    <trkpt lat="-34.0289757" lon="138.2112211">
      <ele>92.564</ele>
    </trkpt>
    <trkpt lat="-34.0292314" lon="138.2111108">
      <ele>91.3</ele>
    </trkpt>
    <trkpt lat="-34.0295257" lon="138.2110064">
      <ele>89.0</ele>
    </trkpt>
    <trkpt lat="-34.0298099" lon="138.2109156">
      <ele>89.0</ele>
    </trkpt>
    <trkpt lat="-34.0298363" lon="138.2109085">
      <ele>89.0</ele>
    </trkpt>
    <trkpt lat="-34.0299912" lon="138.2108664">
      <ele>89.0</ele>
    </trkpt>
    <trkpt lat="-34.0301956" lon="138.2108146">
      <ele>88.296</ele>
    </trkpt>
    <trkpt lat="-34.0305382" lon="138.2107334">
      <ele>87.062</ele>
    </trkpt>
    <trkpt lat="-34.0308628" lon="138.2106511">
      <ele>87.0</ele>
    </trkpt>
    <trkpt lat="-34.0313742" lon="138.2105265">
      <ele>85.948</ele>
    </trkpt>
    <trkpt lat="-34.0316486" lon="138.21046">
      <ele>85.978</ele>
    </trkpt>
    <trkpt lat="-34.031927" lon="138.2103824">
      <ele>86.0</ele>
    </trkpt>
    <trkpt lat="-34.0323631" lon="138.2102848">
      <ele>84.493</ele>
    </trkpt>
    <trkpt lat="-34.0329299" lon="138.2101497">
      <ele>83.0</ele>
    </trkpt>
    <trkpt lat="-34.0337552" lon="138.2099379">
      <ele>82.963</ele>
    </trkpt>
    <trkpt lat="-34.034286" lon="138.2098122">
      <ele>80.57</ele>
    </trkpt>
    <trkpt lat="-34.0346929" lon="138.2097202">
      <ele>80.001</ele>
    </trkpt>
    <trkpt lat="-34.0348235" lon="138.2096907">
      <ele>79.635</ele>
    </trkpt>
    <trkpt lat="-34.0351371" lon="138.2096222">
      <ele>78.822</ele>
    </trkpt>
    <trkpt lat="-34.0353916" lon="138.2095642">
      <ele>78.897</ele>
    </trkpt>
    <trkpt lat="-34.035787" lon="138.209498">
      <ele>79.807</ele>
    </trkpt>
    <trkpt lat="-34.0357968" lon="138.2094968">
      <ele>79.812</ele>
    </trkpt>
    <trkpt lat="-34.0361225" lon="138.2094572">
      <ele>78.913</ele>
    </trkpt>
    <trkpt lat="-34.0365862" lon="138.2094426">
      <ele>76.586</ele>
    </trkpt>
    <trkpt lat="-34.037048" lon="138.2094458">
      <ele>75.744</ele>
    </trkpt>
    <trkpt lat="-34.037437" lon="138.2094562">
      <ele>77.731</ele>
    </trkpt>
    <trkpt lat="-34.0381931" lon="138.2094715">
      <ele>76.903</ele>
    </trkpt>
    <trkpt lat="-34.0395454" lon="138.2095053">
      <ele>73.989</ele>
    </trkpt>
    <trkpt lat="-34.0410756" lon="138.20954">
      <ele>71.344</ele>
    </trkpt>
    <trkpt lat="-34.0417034" lon="138.2095526">
      <ele>68.125</ele>
    </trkpt>
    <trkpt lat="-34.0417901" lon="138.2095543">
      <ele>67.507</ele>
    </trkpt>
    <trkpt lat="-34.042488" lon="138.2095743">
      <ele>67.51</ele>
    </trkpt>
    <trkpt lat="-34.0431646" lon="138.2095871">
      <ele>68.89</ele>
    </trkpt>
    <trkpt lat="-34.0437151" lon="138.2096037">
      <ele>68.251</ele>
    </trkpt>
    <trkpt lat="-34.0440487" lon="138.2096097">
      <ele>66.082</ele>
    </trkpt>
    <trkpt lat="-34.0451943" lon="138.209631">
      <ele>63.929</ele>
    </trkpt>
    <trkpt lat="-34.0455134" lon="138.2096416">
      <ele>63.044</ele>
    </trkpt>
    <trkpt lat="-34.0455939" lon="138.2096443">
      <ele>62.901</ele>
    </trkpt>
    <trkpt lat="-34.047045" lon="138.2096853">
      <ele>61.962</ele>
    </trkpt>
    <trkpt lat="-34.0474912" lon="138.2096905">
      <ele>60.004</ele>
    </trkpt>
    <trkpt lat="-34.0489251" lon="138.2097221">
      <ele>57.739</ele>
    </trkpt>
    <trkpt lat="-34.0494694" lon="138.2097324">
      <ele>55.877</ele>
    </trkpt>
    <trkpt lat="-34.0499654" lon="138.2097417">
      <ele>55.875</ele>
    </trkpt>
    <trkpt lat="-34.0506691" lon="138.2097613">
      <ele>54.732</ele>
    </trkpt>
    <trkpt lat="-34.0517072" lon="138.2097864">
      <ele>52.769</ele>
    </trkpt>
    <trkpt lat="-34.0520603" lon="138.2098013">
      <ele>53.132</ele>
    </trkpt>
    <trkpt lat="-34.0524927" lon="138.2098134">
      <ele>53.991</ele>
    </trkpt>
    <trkpt lat="-34.0533074" lon="138.2098214">
      <ele>52.51</ele>
    </trkpt>
    <trkpt lat="-34.0535323" lon="138.2098334">
      <ele>51.397</ele>
    </trkpt>
    <trkpt lat="-34.0539354" lon="138.2098372">
      <ele>50.029</ele>
    </trkpt>
    <trkpt lat="-34.0542104" lon="138.2098384">
      <ele>50.229</ele>
    </trkpt>
    <trkpt lat="-34.054414" lon="138.2098347">
      <ele>50.551</ele>
    </trkpt>
    <trkpt lat="-34.0547393" lon="138.2098298">
      <ele>50.212</ele>
    </trkpt>
    <trkpt lat="-34.0552063" lon="138.2097835">
      <ele>50.743</ele>
    </trkpt>
    <trkpt lat="-34.0556577" lon="138.2097089">
      <ele>50.632</ele>
    </trkpt>
    <trkpt lat="-34.0561501" lon="138.2096381">
      <ele>48.86</ele>
    </trkpt>
    <trkpt lat="-34.0580793" lon="138.2092949">
      <ele>47.492</ele>
    </trkpt>
    <trkpt lat="-34.0586208" lon="138.2091993">
      <ele>45.852</ele>
    </trkpt>
    <trkpt lat="-34.0592737" lon="138.209094">
      <ele>43.615</ele>
    </trkpt>
    <trkpt lat="-34.0602485" lon="138.2089238">
      <ele>42.656</ele>
    </trkpt>
    <trkpt lat="-34.0606813" lon="138.2088537">
      <ele>44.196</ele>
    </trkpt>
    <trkpt lat="-34.0610177" lon="138.2087977">
      <ele>43.447</ele>
    </trkpt>
    <trkpt lat="-34.0614313" lon="138.2087192">
      <ele>42.764</ele>
    </trkpt>
    <trkpt lat="-34.0617981" lon="138.2086375">
      <ele>43.905</ele>
    </trkpt>
    <trkpt lat="-34.0619758" lon="138.2085854">
      <ele>43.774</ele>
    </trkpt>
    <trkpt lat="-34.0622047" lon="138.208512">
      <ele>42.126</ele>
    </trkpt>
    <trkpt lat="-34.0625326" lon="138.2083985">
      <ele>41.441</ele>
    </trkpt>
    <trkpt lat="-34.0627293" lon="138.2083368">
      <ele>41.16</ele>
    </trkpt>
    <trkpt lat="-34.0631389" lon="138.2081963">
      <ele>39.207</ele>
    </trkpt>
    <trkpt lat="-34.0634926" lon="138.2080676">
      <ele>38.043</ele>
    </trkpt>
    <trkpt lat="-34.0638786" lon="138.207938">
      <ele>38.016</ele>
    </trkpt>
    <trkpt lat="-34.0643342" lon="138.2077824">
      <ele>36.38</ele>
    </trkpt>
    <trkpt lat="-34.0647938" lon="138.2076187">
      <ele>35.258</ele>
    </trkpt>
    <trkpt lat="-34.0652426" lon="138.2074606">
      <ele>35.858</ele>
    </trkpt>
    <trkpt lat="-34.0655135" lon="138.2073676">
      <ele>35.523</ele>
    </trkpt>
    <trkpt lat="-34.0661062" lon="138.2071638">
      <ele>34.018</ele>
    </trkpt>
    <trkpt lat="-34.0664432" lon="138.2070539">
      <ele>32.199</ele>
    </trkpt>
    <trkpt lat="-34.066788" lon="138.2069325">
      <ele>31.0</ele>
    </trkpt>
    <trkpt lat="-34.0671478" lon="138.2068081">
      <ele>31.732</ele>
    </trkpt>
    <trkpt lat="-34.0676566" lon="138.2066519">
      <ele>31.977</ele>
    </trkpt>
    <trkpt lat="-34.0677513" lon="138.2066228">
      <ele>31.985</ele>
    </trkpt>
    <trkpt lat="-34.0681494" lon="138.2065263">
      <ele>32.335</ele>
    </trkpt>
    <trkpt lat="-34.0688897" lon="138.2063523">
      <ele>31.0</ele>
    </trkpt>
    <trkpt lat="-34.0695481" lon="138.2061913">
      <ele>30.784</ele>
    </trkpt>
    <trkpt lat="-34.0703875" lon="138.205989">
      <ele>28.605</ele>
    </trkpt>
    <trkpt lat="-34.0713127" lon="138.2057711">
      <ele>24.274</ele>
    </trkpt>
    <trkpt lat="-34.0714556" lon="138.2057374">
      <ele>24.083</ele>
    </trkpt>
    <trkpt lat="-34.0722469" lon="138.2055547">
      <ele>27.003</ele>
    </trkpt>
    <trkpt lat="-34.0729262" lon="138.2053913">
      <ele>26.15</ele>
    </trkpt>
    <trkpt lat="-34.0733261" lon="138.2052951">
      <ele>25.062</ele>
    </trkpt>
    <trkpt lat="-34.0736542" lon="138.205214">
      <ele>26.23</ele>
    </trkpt>
    <trkpt lat="-34.0740572" lon="138.2051193">
      <ele>26.31</ele>
    </trkpt>
    <trkpt lat="-34.0746076" lon="138.2049997">
      <ele>25.413</ele>
    </trkpt>
    <trkpt lat="-34.0749959" lon="138.2049004">
      <ele>25.637</ele>
    </trkpt>
    <trkpt lat="-34.075272" lon="138.2048388">
      <ele>25.42</ele>
    </trkpt>
    <trkpt lat="-34.075643" lon="138.2047379">
      <ele>26.0</ele>
    </trkpt>
    <trkpt lat="-34.0759555" lon="138.2046364">
      <ele>25.691</ele>
    </trkpt>
    <trkpt lat="-34.0765717" lon="138.2043759">
      <ele>24.753</ele>
    </trkpt>
    <trkpt lat="-34.0769918" lon="138.2041551">
      <ele>22.042</ele>
    </trkpt>
    <trkpt lat="-34.0774847" lon="138.2039189">
      <ele>22.049</ele>
    </trkpt>
    <trkpt lat="-34.0776601" lon="138.2038206">
      <ele>22.208</ele>
    </trkpt>
    <trkpt lat="-34.0777365" lon="138.2037778">
      <ele>22.119</ele>
    </trkpt>
    <trkpt lat="-34.0781471" lon="138.203574">
      <ele>22.33</ele>
    </trkpt>
    <trkpt lat="-34.0786353" lon="138.2033261">
      <ele>23.0</ele>
    </trkpt>
    <trkpt lat="-34.078884" lon="138.2031923">
      <ele>23.0</ele>
    </trkpt>
    <trkpt lat="-34.079125" lon="138.2030804">
      <ele>23.0</ele>
    </trkpt>
    <trkpt lat="-34.0810437" lon="138.2021037">
      <ele>21.0</ele>
    </trkpt>
    <trkpt lat="-34.0811678" lon="138.2020432">
      <ele>20.796</ele>
    </trkpt>
    <trkpt lat="-34.0813805" lon="138.2019405">
      <ele>20.044</ele>
    </trkpt>
    <trkpt lat="-34.0816306" lon="138.2018163">
      <ele>20.461</ele>
    </trkpt>
    <trkpt lat="-34.0821065" lon="138.2015761">
      <ele>20.81</ele>
    </trkpt>
    <trkpt lat="-34.0826316" lon="138.2013105">
      <ele>20.756</ele>
    </trkpt>
    <trkpt lat="-34.0831488" lon="138.2010427">
      <ele>19.664</ele>
    </trkpt>
    <trkpt lat="-34.0839364" lon="138.2006575">
      <ele>20.525</ele>
    </trkpt>
    <trkpt lat="-34.0839607" lon="138.200645">
      <ele>20.503</ele>
    </trkpt>
    <trkpt lat="-34.0843986" lon="138.2004187">
      <ele>20.424</ele>
    </trkpt>
    <trkpt lat="-34.0848007" lon="138.2002117">
      <ele>19.762</ele>
    </trkpt>
    <trkpt lat="-34.0855882" lon="138.1998077">
      <ele>16.964</ele>
    </trkpt>
    <trkpt lat="-34.0859013" lon="138.1996509">
      <ele>17.257</ele>
    </trkpt>
    <trkpt lat="-34.0862548" lon="138.1994763">
      <ele>18.403</ele>
    </trkpt>
    <trkpt lat="-34.0866483" lon="138.1992654">
      <ele>18.398</ele>
    </trkpt>
    <trkpt lat="-34.0871393" lon="138.1990261">
      <ele>17.494</ele>
    </trkpt>
    <trkpt lat="-34.0876504" lon="138.1987696">
      <ele>17.15</ele>
    </trkpt>
    <trkpt lat="-34.0882594" lon="138.1984559">
      <ele>17.559</ele>
    </trkpt>
    <trkpt lat="-34.088898" lon="138.1981256">
      <ele>17.748</ele>
    </trkpt>
    <trkpt lat="-34.089457" lon="138.1978344">
      <ele>16.76</ele>
    </trkpt>
    <trkpt lat="-34.0897725" lon="138.1976608">
      <ele>15.655</ele>
    </trkpt>
    <trkpt lat="-34.0903576" lon="138.1973127">
      <ele>14.945</ele>
    </trkpt>
    <trkpt lat="-34.0908358" lon="138.197038">
      <ele>14.003</ele>
    </trkpt>
    <trkpt lat="-34.0909868" lon="138.1969633">
      <ele>14.038</ele>
    </trkpt>
    <trkpt lat="-34.0912138" lon="138.1968125">
      <ele>14.37</ele>
    </trkpt>
    <trkpt lat="-34.0916569" lon="138.1965251">
      <ele>14.527</ele>
    </trkpt>
    <trkpt lat="-34.0918324" lon="138.1964127">
      <ele>14.369</ele>
    </trkpt>
    <trkpt lat="-34.0928363" lon="138.1957698">
      <ele>14.609</ele>
    </trkpt>
    <trkpt lat="-34.0937389" lon="138.1952224">
      <ele>15.0</ele>
    </trkpt>
    <trkpt lat="-34.0941552" lon="138.1949779">
      <ele>15.0</ele>
    </trkpt>
    <trkpt lat="-34.094597" lon="138.1947334">
      <ele>14.0</ele>
    </trkpt>
    <trkpt lat="-34.0953767" lon="138.1943375">
      <ele>15.644</ele>
    </trkpt>
    <trkpt lat="-34.0957078" lon="138.1941687">
      <ele>15.0</ele>
    </trkpt>
    <trkpt lat="-34.0983561" lon="138.1928182">
      <ele>14.0</ele>
    </trkpt>
    <trkpt lat="-34.0985053" lon="138.1927413">
      <ele>14.081</ele>
    </trkpt>
    <trkpt lat="-34.0991742" lon="138.192401">
      <ele>15.626</ele>
    </trkpt>
    <trkpt lat="-34.0997383" lon="138.1921176">
      <ele>13.964</ele>
    </trkpt>
    <trkpt lat="-34.0999229" lon="138.1920249">
      <ele>13.791</ele>
    </trkpt>
    <trkpt lat="-34.1001659" lon="138.1919023">
      <ele>14.0</ele>
    </trkpt>
    <trkpt lat="-34.1004108" lon="138.1917787">
      <ele>14.479</ele>
    </trkpt>
    <trkpt lat="-34.1008783" lon="138.1915481">
      <ele>14.769</ele>
    </trkpt>
    <trkpt lat="-34.1013351" lon="138.1913141">
      <ele>13.806</ele>
    </trkpt>
    <trkpt lat="-34.1019048" lon="138.1910266">
      <ele>16.118</ele>
    </trkpt>
    <trkpt lat="-34.1023344" lon="138.1908176">
      <ele>16.562</ele>
    </trkpt>
    <trkpt lat="-34.1024885" lon="138.1907198">
      <ele>16.024</ele>
    </trkpt>
    <trkpt lat="-34.1050716" lon="138.1896186">
      <ele>13.581</ele>
    </trkpt>
    <trkpt lat="-34.1171081" lon="138.1845054">
      <ele>11.718</ele>
    </trkpt>
    <trkpt lat="-34.1317749" lon="138.1782727">
      <ele>14.477</ele>
    </trkpt>
    <trkpt lat="-34.1341065" lon="138.1772817">
      <ele>15.0</ele>
    </trkpt>
    <trkpt lat="-34.1341503" lon="138.1772631">
      <ele>15.0</ele>
    </trkpt>
    <trkpt lat="-34.1342762" lon="138.1772095">
      <ele>14.588</ele>
    </trkpt>
    <trkpt lat="-34.1343199" lon="138.1771909">
      <ele>14.386</ele>
    </trkpt>
    <trkpt lat="-34.1453634" lon="138.1724962">
      <ele>12.295</ele>
    </trkpt>
    <trkpt lat="-34.1460951" lon="138.1721851">
      <ele>12.992</ele>
    </trkpt>
    <trkpt lat="-34.1477684" lon="138.1714694">
      <ele>12.676</ele>
    </trkpt>
    <trkpt lat="-34.1507929" lon="138.170183">
      <ele>13.708</ele>
    </trkpt>
    <trkpt lat="-34.1514201" lon="138.169915">
      <ele>10.888</ele>
    </trkpt>
    <trkpt lat="-34.1519957" lon="138.1696707">
      <ele>10.85</ele>
    </trkpt>
    <trkpt lat="-34.1523018" lon="138.1695408">
      <ele>10.466</ele>
    </trkpt>
    <trkpt lat="-34.1526257" lon="138.1693791">
      <ele>9.894</ele>
    </trkpt>
    <trkpt lat="-34.152813" lon="138.1692841">
      <ele>9.423</ele>
    </trkpt>
    <trkpt lat="-34.1530264" lon="138.1691575">
      <ele>8.97</ele>
    </trkpt>
    <trkpt lat="-34.1531968" lon="138.16905">
      <ele>8.794</ele>
    </trkpt>
    <trkpt lat="-34.1532802" lon="138.1689892">
      <ele>8.878</ele>
    </trkpt>
    <trkpt lat="-34.153412" lon="138.1688931">
      <ele>9.283</ele>
    </trkpt>
    <trkpt lat="-34.1535646" lon="138.1687821">
      <ele>10.153</ele>
    </trkpt>
    <trkpt lat="-34.1536843" lon="138.168689">
      <ele>10.604</ele>
    </trkpt>
    <trkpt lat="-34.1538468" lon="138.1685535">
      <ele>9.976</ele>
    </trkpt>
    <trkpt lat="-34.1539416" lon="138.1684695">
      <ele>9.3</ele>
    </trkpt>
    <trkpt lat="-34.1540575" lon="138.1683583">
      <ele>8.483</ele>
    </trkpt>
    <trkpt lat="-34.1541416" lon="138.1682744">
      <ele>8.09</ele>
    </trkpt>
    <trkpt lat="-34.1542471" lon="138.1681666">
      <ele>8.174</ele>
    </trkpt>
    <trkpt lat="-34.1543293" lon="138.168082">
      <ele>8.53</ele>
    </trkpt>
    <trkpt lat="-34.1544104" lon="138.1679953">
      <ele>8.877</ele>
    </trkpt>
    <trkpt lat="-34.1545171" lon="138.1678771">
      <ele>9.262</ele>
    </trkpt>
    <trkpt lat="-34.1545752" lon="138.1678107">
      <ele>9.471</ele>
    </trkpt>
    <trkpt lat="-34.1546536" lon="138.1677163">
      <ele>9.586</ele>
    </trkpt>
    <trkpt lat="-34.1547245" lon="138.1676263">
      <ele>9.455</ele>
    </trkpt>
    <trkpt lat="-34.154804" lon="138.1675235">
      <ele>9.085</ele>
    </trkpt>
    <trkpt lat="-34.1551268" lon="138.1670735">
      <ele>9.913</ele>
    </trkpt>
    <trkpt lat="-34.1556328" lon="138.1663325">
      <ele>7.868</ele>
    </trkpt>
    <trkpt lat="-34.1558011" lon="138.1660881">
      <ele>7.388</ele>
    </trkpt>
    <trkpt lat="-34.1563565" lon="138.1652816">
      <ele>7.233</ele>
    </trkpt>
    <trkpt lat="-34.1568212" lon="138.1645984">
      <ele>9.446</ele>
    </trkpt>
    <trkpt lat="-34.1571076" lon="138.1641756">
      <ele>11.555</ele>
    </trkpt>
    <trkpt lat="-34.1572664" lon="138.1639405">
      <ele>11.841</ele>
    </trkpt>
    <trkpt lat="-34.1574197" lon="138.1637046">
      <ele>10.817</ele>
    </trkpt>
    <trkpt lat="-34.1578905" lon="138.1629846">
      <ele>7.0</ele>
    </trkpt>
    <trkpt lat="-34.1582492" lon="138.1624597">
      <ele>7.259</ele>
    </trkpt>
    <trkpt lat="-34.158646" lon="138.161899">
      <ele>8.874</ele>
    </trkpt>
    <trkpt lat="-34.1587035" lon="138.1618178">
      <ele>8.667</ele>
    </trkpt>
    <trkpt lat="-34.1590247" lon="138.1613552">
      <ele>5.96</ele>
    </trkpt>
    <trkpt lat="-34.1593543" lon="138.1608971">
      <ele>6.601</ele>
    </trkpt>
    <trkpt lat="-34.1596053" lon="138.1605337">
      <ele>7.579</ele>
    </trkpt>
    <trkpt lat="-34.1599447" lon="138.1600471">
      <ele>8.83</ele>
    </trkpt>
    <trkpt lat="-34.1602701" lon="138.1595761">
      <ele>8.488</ele>
    </trkpt>
    <trkpt lat="-34.1606116" lon="138.1590837">
      <ele>8.299</ele>
    </trkpt>
    <trkpt lat="-34.1608877" lon="138.1586937">
      <ele>9.565</ele>
    </trkpt>
    <trkpt lat="-34.1609885" lon="138.1585479">
      <ele>9.341</ele>
    </trkpt>
    <trkpt lat="-34.1611246" lon="138.1583639">
      <ele>9.005</ele>
    </trkpt>
    <trkpt lat="-34.1612785" lon="138.1581572">
      <ele>8.114</ele>
    </trkpt>
    <trkpt lat="-34.1613541" lon="138.1580659">
      <ele>7.917</ele>
    </trkpt>
    <trkpt lat="-34.1614441" lon="138.1579583">
      <ele>7.918</ele>
    </trkpt>
    <trkpt lat="-34.1615396" lon="138.1578514">
      <ele>8.206</ele>
    </trkpt>
    <trkpt lat="-34.1616666" lon="138.1577141">
      <ele>9.0</ele>
    </trkpt>
    <trkpt lat="-34.1618049" lon="138.1575709">
      <ele>9.0</ele>
    </trkpt>
    <trkpt lat="-34.1619154" lon="138.1574595">
      <ele>8.724</ele>
    </trkpt>
    <trkpt lat="-34.1620338" lon="138.1573461">
      <ele>7.249</ele>
    </trkpt>
    <trkpt lat="-34.1622225" lon="138.1571757">
      <ele>5.0</ele>
    </trkpt>
    <trkpt lat="-34.1623587" lon="138.1570571">
      <ele>4.708</ele>
    </trkpt>
    <trkpt lat="-34.1624365" lon="138.1569874">
      <ele>4.348</ele>
    </trkpt>
    <trkpt lat="-34.1625593" lon="138.1568914">
      <ele>4.727</ele>
    </trkpt>
    <trkpt lat="-34.162725" lon="138.1567773">
      <ele>5.849</ele>
    </trkpt>
    <trkpt lat="-34.1632283" lon="138.156449">
      <ele>6.865</ele>
    </trkpt>
    <trkpt lat="-34.1635574" lon="138.15625">
      <ele>6.097</ele>
    </trkpt>
    <trkpt lat="-34.1637766" lon="138.1561302">
      <ele>6.041</ele>
    </trkpt>
    <trkpt lat="-34.1641384" lon="138.1559685">
      <ele>6.385</ele>
    </trkpt>
    <trkpt lat="-34.1644063" lon="138.1558751">
      <ele>7.013</ele>
    </trkpt>
    <trkpt lat="-34.1646289" lon="138.1557954">
      <ele>7.437</ele>
    </trkpt>
    <trkpt lat="-34.1649108" lon="138.1557004">
      <ele>6.364</ele>
    </trkpt>
    <trkpt lat="-34.1654782" lon="138.155578">
      <ele>5.722</ele>
    </trkpt>
    <trkpt lat="-34.1660676" lon="138.1554874">
      <ele>6.207</ele>
    </trkpt>
    <trkpt lat="-34.1660802" lon="138.1554858">
      <ele>6.223</ele>
    </trkpt>
    <trkpt lat="-34.1678763" lon="138.1553245">
      <ele>8.537</ele>
    </trkpt>
    <trkpt lat="-34.1682384" lon="138.1552946">
      <ele>7.382</ele>
    </trkpt>
    <trkpt lat="-34.1689116" lon="138.155239">
      <ele>6.918</ele>
    </trkpt>
    <trkpt lat="-34.1697884" lon="138.1551681">
      <ele>6.301</ele>
    </trkpt>
    <trkpt lat="-34.170147" lon="138.1551339">
      <ele>6.0</ele>
    </trkpt>
    <trkpt lat="-34.1703263" lon="138.1551168">
      <ele>6.0</ele>
    </trkpt>
    <trkpt lat="-34.1709472" lon="138.1550576">
      <ele>6.915</ele>
    </trkpt>
    <trkpt lat="-34.1728072" lon="138.154898">
      <ele>6.0</ele>
    </trkpt>
    <trkpt lat="-34.1736352" lon="138.1548269">
      <ele>5.656</ele>
    </trkpt>
    <trkpt lat="-34.1744233" lon="138.1547549">
      <ele>6.0</ele>
    </trkpt>
    <trkpt lat="-34.1759245" lon="138.1546278">
      <ele>4.783</ele>
    </trkpt>
    <trkpt lat="-34.1761759" lon="138.1545992">
      <ele>4.573</ele>
    </trkpt>
    <trkpt lat="-34.1768181" lon="138.1545338">
      <ele>5.175</ele>
    </trkpt>
    <trkpt lat="-34.1770609" lon="138.1545105">
      <ele>5.557</ele>
    </trkpt>
    <trkpt lat="-34.1774523" lon="138.1545054">
      <ele>6.828</ele>
    </trkpt>
    <trkpt lat="-34.1775754" lon="138.154519">
      <ele>7.271</ele>
    </trkpt>
    <trkpt lat="-34.177723" lon="138.1545368">
      <ele>7.803</ele>
    </trkpt>
    <trkpt lat="-34.1779582" lon="138.1545871">
      <ele>8.65</ele>
    </trkpt>
    <trkpt lat="-34.1784022" lon="138.1547101">
      <ele>7.504</ele>
    </trkpt>
    <trkpt lat="-34.179061" lon="138.1549453">
      <ele>5.498</ele>
    </trkpt>
    <trkpt lat="-34.1793317" lon="138.1550495">
      <ele>5.618</ele>
    </trkpt>
    <trkpt lat="-34.1795282" lon="138.155108">
      <ele>5.66</ele>
    </trkpt>
    <trkpt lat="-34.1796974" lon="138.155141">
      <ele>5.553</ele>
    </trkpt>
    <trkpt lat="-34.1798473" lon="138.1551702">
      <ele>6.063</ele>
    </trkpt>
    <trkpt lat="-34.1800484" lon="138.1551903">
      <ele>6.74</ele>
    </trkpt>
    <trkpt lat="-34.1803478" lon="138.1551957">
      <ele>6.748</ele>
    </trkpt>
    <trkpt lat="-34.1810191" lon="138.1552122">
      <ele>6.0</ele>
    </trkpt>
    <trkpt lat="-34.1811332" lon="138.1552151">
      <ele>6.062</ele>
    </trkpt>
    <trkpt lat="-34.1816643" lon="138.1552285">
      <ele>6.823</ele>
    </trkpt>
    <trkpt lat="-34.1819277" lon="138.155242">
      <ele>8.63</ele>
    </trkpt>
    <trkpt lat="-34.1821868" lon="138.1552416">
      <ele>7.222</ele>
    </trkpt>
    <trkpt lat="-34.1822704" lon="138.1552375">
      <ele>6.975</ele>
    </trkpt>
    <trkpt lat="-34.182392" lon="138.1552315">
      <ele>6.898</ele>
    </trkpt>
    <trkpt lat="-34.1824739" lon="138.1552002">
      <ele>6.747</ele>
    </trkpt>
    <trkpt lat="-34.1825553" lon="138.1551721">
      <ele>6.695</ele>
    </trkpt>
    <trkpt lat="-34.1826327" lon="138.155126">
      <ele>6.715</ele>
    </trkpt>
    <trkpt lat="-34.1828782" lon="138.1549359">
      <ele>6.853</ele>
    </trkpt>
    <trkpt lat="-34.1830285" lon="138.1547983">
      <ele>6.929</ele>
    </trkpt>
    <trkpt lat="-34.1831951" lon="138.154618">
      <ele>7.0</ele>
    </trkpt>
    <trkpt lat="-34.1833556" lon="138.1544307">
      <ele>7.0</ele>
    </trkpt>
    <trkpt lat="-34.1835318" lon="138.1542269">
      <ele>7.0</ele>
    </trkpt>
    <trkpt lat="-34.1835551" lon="138.1541961">
      <ele>7.0</ele>
    </trkpt>
    <trkpt lat="-34.1837736" lon="138.1539912">
      <ele>7.0</ele>
    </trkpt>
    <trkpt lat="-34.1839721" lon="138.1538406">
      <ele>7.0</ele>
    </trkpt>
    <trkpt lat="-34.1841028" lon="138.1537617">
      <ele>7.0</ele>
    </trkpt>
    <trkpt lat="-34.1843771" lon="138.1536673">
      <ele>7.0</ele>
    </trkpt>
    <trkpt lat="-34.1844982" lon="138.1536269">
      <ele>6.806</ele>
    </trkpt>
    <trkpt lat="-34.1845898" lon="138.1535995">
      <ele>6.479</ele>
    </trkpt>
    <trkpt lat="-34.1845997" lon="138.1535976">
      <ele>6.447</ele>
    </trkpt>
    <trkpt lat="-34.1846683" lon="138.1535842">
      <ele>6.253</ele>
    </trkpt>
    <trkpt lat="-34.1847512" lon="138.1535667">
      <ele>6.16</ele>
    </trkpt>
    <trkpt lat="-34.1848416" lon="138.1535493">
      <ele>6.223</ele>
    </trkpt>
    <trkpt lat="-34.1849695" lon="138.1535346">
      <ele>6.275</ele>
    </trkpt>
    <trkpt lat="-34.1851847" lon="138.1535362">
      <ele>6.27</ele>
    </trkpt>
    <trkpt lat="-34.1853836" lon="138.1535255">
      <ele>6.308</ele>
    </trkpt>
    <trkpt lat="-34.1855241" lon="138.1535622">
      <ele>6.176</ele>
    </trkpt>
    <trkpt lat="-34.1857329" lon="138.1536292">
      <ele>5.935</ele>
    </trkpt>
    <trkpt lat="-34.1860001" lon="138.1537564">
      <ele>6.077</ele>
    </trkpt>
    <trkpt lat="-34.1861789" lon="138.1538827">
      <ele>6.022</ele>
    </trkpt>
    <trkpt lat="-34.1865338" lon="138.1541948">
      <ele>5.478</ele>
    </trkpt>
    <trkpt lat="-34.186681" lon="138.1543736">
      <ele>5.052</ele>
    </trkpt>
    <trkpt lat="-34.1868247" lon="138.1545826">
      <ele>5.783</ele>
    </trkpt>
    <trkpt lat="-34.1870327" lon="138.1549187">
      <ele>5.068</ele>
    </trkpt>
    <trkpt lat="-34.187162" lon="138.1551754">
      <ele>4.217</ele>
    </trkpt>
    <trkpt lat="-34.1873145" lon="138.1553864">
      <ele>4.26</ele>
    </trkpt>
    <trkpt lat="-34.1874468" lon="138.1555476">
      <ele>5.571</ele>
    </trkpt>
    <trkpt lat="-34.1875458" lon="138.1556583">
      <ele>6.226</ele>
    </trkpt>
    <trkpt lat="-34.1877677" lon="138.1559305">
      <ele>7.241</ele>
    </trkpt>
    <trkpt lat="-34.188286" lon="138.1563112">
      <ele>4.095</ele>
    </trkpt>
    <trkpt lat="-34.1882979" lon="138.1563176">
      <ele>4.065</ele>
    </trkpt>
    <trkpt lat="-34.18859" lon="138.1564752">
      <ele>4.287</ele>
    </trkpt>
    <trkpt lat="-34.1887412" lon="138.1565559">
      <ele>5.07</ele>
    </trkpt>
    <trkpt lat="-34.1893179" lon="138.1568681">
      <ele>6.125</ele>
    </trkpt>
    <trkpt lat="-34.1898045" lon="138.157126">
      <ele>4.704</ele>
    </trkpt>
    <trkpt lat="-34.1899717" lon="138.1572161">
      <ele>4.102</ele>
    </trkpt>
    <trkpt lat="-34.1901222" lon="138.157302">
      <ele>4.601</ele>
    </trkpt>
    <trkpt lat="-34.1902768" lon="138.1573902">
      <ele>4.999</ele>
    </trkpt>
    <trkpt lat="-34.1904689" lon="138.1575285">
      <ele>5.688</ele>
    </trkpt>
    <trkpt lat="-34.1905769" lon="138.1576199">
      <ele>5.956</ele>
    </trkpt>
    <trkpt lat="-34.1907702" lon="138.1577895">
      <ele>5.958</ele>
    </trkpt>
    <trkpt lat="-34.1909658" lon="138.1579884">
      <ele>5.719</ele>
    </trkpt>
    <trkpt lat="-34.1912038" lon="138.1582731">
      <ele>4.767</ele>
    </trkpt>
    <trkpt lat="-34.1913972" lon="138.1585672">
      <ele>4.183</ele>
    </trkpt>
    <trkpt lat="-34.1916064" lon="138.1589279">
      <ele>4.814</ele>
    </trkpt>
    <trkpt lat="-34.1918661" lon="138.1594093">
      <ele>4.663</ele>
    </trkpt>
    <trkpt lat="-34.1919702" lon="138.1596196">
      <ele>5.058</ele>
    </trkpt>
    <trkpt lat="-34.1920666" lon="138.1597969">
      <ele>5.558</ele>
    </trkpt>
    <trkpt lat="-34.1923281" lon="138.1602933">
      <ele>6.381</ele>
    </trkpt>
    <trkpt lat="-34.1924024" lon="138.1604326">
      <ele>6.649</ele>
    </trkpt>
    <trkpt lat="-34.1926465" lon="138.1608904">
      <ele>6.322</ele>
    </trkpt>
    <trkpt lat="-34.1928141" lon="138.1612047">
      <ele>6.087</ele>
    </trkpt>
    <trkpt lat="-34.1929695" lon="138.1615053">
      <ele>6.0</ele>
    </trkpt>
    <trkpt lat="-34.1930218" lon="138.1616055">
      <ele>6.0</ele>
    </trkpt>
    <trkpt lat="-34.1932467" lon="138.1620369">
      <ele>6.541</ele>
    </trkpt>
    <trkpt lat="-34.1933037" lon="138.1621455">
      <ele>6.753</ele>
    </trkpt>
    <trkpt lat="-34.1935747" lon="138.162663">
      <ele>7.869</ele>
    </trkpt>
    <trkpt lat="-34.1941846" lon="138.1638585">
      <ele>5.102</ele>
    </trkpt>
    <trkpt lat="-34.1943506" lon="138.1641871">
      <ele>5.338</ele>
    </trkpt>
    <trkpt lat="-34.1945344" lon="138.1645292">
      <ele>4.676</ele>
    </trkpt>
    <trkpt lat="-34.1946475" lon="138.1647148">
      <ele>4.269</ele>
    </trkpt>
    <trkpt lat="-34.1948187" lon="138.1649831">
      <ele>4.326</ele>
    </trkpt>
    <trkpt lat="-34.1950216" lon="138.1652759">
      <ele>6.071</ele>
    </trkpt>
    <trkpt lat="-34.1952861" lon="138.1655751">
      <ele>5.891</ele>
    </trkpt>
    <trkpt lat="-34.1954978" lon="138.1658166">
      <ele>5.657</ele>
    </trkpt>
    <trkpt lat="-34.1957354" lon="138.1660679">
      <ele>5.803</ele>
    </trkpt>
    <trkpt lat="-34.1960879" lon="138.1664145">
      <ele>6.0</ele>
    </trkpt>
    <trkpt lat="-34.1966388" lon="138.1669512">
      <ele>6.878</ele>
    </trkpt>
    <trkpt lat="-34.197051" lon="138.1673467">
      <ele>6.384</ele>
    </trkpt>
    <trkpt lat="-34.197413" lon="138.1676801">
      <ele>7.687</ele>
    </trkpt>
    <trkpt lat="-34.1981851" lon="138.1683601">
      <ele>7.949</ele>
    </trkpt>
    <trkpt lat="-34.1986601" lon="138.1687499">
      <ele>7.088</ele>
    </trkpt>
    <trkpt lat="-34.1989538" lon="138.1689939">
      <ele>8.612</ele>
    </trkpt>
    <trkpt lat="-34.199152" lon="138.1691599">
      <ele>9.923</ele>
    </trkpt>
    <trkpt lat="-34.2003562" lon="138.1701906">
      <ele>9.0</ele>
    </trkpt>
    <trkpt lat="-34.2010423" lon="138.1708492">
      <ele>8.0</ele>
    </trkpt>
    <trkpt lat="-34.2014291" lon="138.1712205">
      <ele>7.663</ele>
    </trkpt>
    <trkpt lat="-34.201941" lon="138.1717023">
      <ele>8.861</ele>
    </trkpt>
    <trkpt lat="-34.2021864" lon="138.1719364">
      <ele>8.004</ele>
    </trkpt>
    <trkpt lat="-34.2024274" lon="138.1721661">
      <ele>8.739</ele>
    </trkpt>
    <trkpt lat="-34.2034847" lon="138.1731739">
      <ele>9.261</ele>
    </trkpt>
    <trkpt lat="-34.2046755" lon="138.1743506">
      <ele>7.889</ele>
    </trkpt>
    <trkpt lat="-34.2046879" lon="138.1743604">
      <ele>7.914</ele>
    </trkpt>
    <trkpt lat="-34.205447" lon="138.1751347">
      <ele>8.0</ele>
    </trkpt>
    <trkpt lat="-34.2058629" lon="138.1755424">
      <ele>8.0</ele>
    </trkpt>
    <trkpt lat="-34.2062028" lon="138.1759366">
      <ele>7.67</ele>
    </trkpt>
    <trkpt lat="-34.206707" lon="138.1764884">
      <ele>6.451</ele>
    </trkpt>
    <trkpt lat="-34.2068974" lon="138.1767261">
      <ele>7.178</ele>
    </trkpt>
    <trkpt lat="-34.207328" lon="138.1772663">
      <ele>6.68</ele>
    </trkpt>
    <trkpt lat="-34.2075738" lon="138.1776185">
      <ele>7.427</ele>
    </trkpt>
    <trkpt lat="-34.2078503" lon="138.1780113">
      <ele>8.621</ele>
    </trkpt>
    <trkpt lat="-34.208275" lon="138.1786278">
      <ele>7.987</ele>
    </trkpt>
    <trkpt lat="-34.2088864" lon="138.1795322">
      <ele>8.0</ele>
    </trkpt>
    <trkpt lat="-34.2090016" lon="138.1797026">
      <ele>7.971</ele>
    </trkpt>
    <trkpt lat="-34.2128876" lon="138.1854092">
      <ele>9.0</ele>
    </trkpt>
    <trkpt lat="-34.2130019" lon="138.1855771">
      <ele>9.015</ele>
    </trkpt>
    <trkpt lat="-34.2131163" lon="138.185745">
      <ele>8.781</ele>
    </trkpt>
    <trkpt lat="-34.2137279" lon="138.1866434">
      <ele>8.385</ele>
    </trkpt>
    <trkpt lat="-34.2170215" lon="138.1914632">
      <ele>9.268</ele>
    </trkpt>
    <trkpt lat="-34.2176067" lon="138.1923636">
      <ele>11.698</ele>
    </trkpt>
    <trkpt lat="-34.2179821" lon="138.1930121">
      <ele>12.264</ele>
    </trkpt>
    <trkpt lat="-34.2180205" lon="138.1930785">
      <ele>12.198</ele>
    </trkpt>
    <trkpt lat="-34.2182492" lon="138.193508">
      <ele>12.303</ele>
    </trkpt>
    <trkpt lat="-34.2184294" lon="138.1938608">
      <ele>11.965</ele>
    </trkpt>
    <trkpt lat="-34.219935" lon="138.1969002">
      <ele>14.075</ele>
    </trkpt>
    <trkpt lat="-34.2202347" lon="138.1975075">
      <ele>16.0</ele>
    </trkpt>
    <trkpt lat="-34.2203903" lon="138.1978148">
      <ele>15.595</ele>
    </trkpt>
    <trkpt lat="-34.2204072" lon="138.1978472">
      <ele>15.534</ele>
    </trkpt>
    <trkpt lat="-34.2205033" lon="138.1980311">
      <ele>15.188</ele>
    </trkpt>
    <trkpt lat="-34.220637" lon="138.1982869">
      <ele>14.756</ele>
    </trkpt>
    <trkpt lat="-34.2208981" lon="138.1987424">
      <ele>13.767</ele>
    </trkpt>
    <trkpt lat="-34.221207" lon="138.1992019">
      <ele>14.516</ele>
    </trkpt>
    <trkpt lat="-34.2214434" lon="138.1995035">
      <ele>17.016</ele>
    </trkpt>
    <trkpt lat="-34.22152" lon="138.1995916">
      <ele>17.058</ele>
    </trkpt>
    <trkpt lat="-34.221836" lon="138.1999818">
      <ele>16.755</ele>
    </trkpt>
    <trkpt lat="-34.2222379" lon="138.2004223">
      <ele>11.935</ele>
    </trkpt>
    <trkpt lat="-34.2224757" lon="138.2006656">
      <ele>11.947</ele>
    </trkpt>
    <trkpt lat="-34.2227955" lon="138.2009625">
      <ele>14.465</ele>
    </trkpt>
    <trkpt lat="-34.2231637" lon="138.2012713">
      <ele>14.259</ele>
    </trkpt>
    <trkpt lat="-34.2238988" lon="138.2017898">
      <ele>10.408</ele>
    </trkpt>
    <trkpt lat="-34.2290465" lon="138.2052773">
      <ele>7.569</ele>
    </trkpt>
    <trkpt lat="-34.2292035" lon="138.2053836">
      <ele>7.207</ele>
    </trkpt>
    <trkpt lat="-34.2293604" lon="138.2054899">
      <ele>6.84</ele>
    </trkpt>
    <trkpt lat="-34.2303251" lon="138.2061436">
      <ele>7.053</ele>
    </trkpt>
    <trkpt lat="-34.23423" lon="138.2087748">
      <ele>13.134</ele>
    </trkpt>
    <trkpt lat="-34.2343871" lon="138.2088807">
      <ele>13.77</ele>
    </trkpt>
    <trkpt lat="-34.2360563" lon="138.2100055">
      <ele>12.976</ele>
    </trkpt>
    <trkpt lat="-34.2394706" lon="138.2122876">
      <ele>5.116</ele>
    </trkpt>
    <trkpt lat="-34.2396777" lon="138.2124259">
      <ele>6.455</ele>
    </trkpt>
    <trkpt lat="-34.2398352" lon="138.2125311">
      <ele>7.0</ele>
    </trkpt>
    <trkpt lat="-34.2413588" lon="138.2135489">
      <ele>6.492</ele>
    </trkpt>
    <trkpt lat="-34.2430291" lon="138.214651">
      <ele>4.976</ele>
    </trkpt>
    <trkpt lat="-34.2440101" lon="138.2152736">
      <ele>7.564</ele>
    </trkpt>
    <trkpt lat="-34.2444187" lon="138.2155424">
      <ele>6.093</ele>
    </trkpt>
    <trkpt lat="-34.2477773" lon="138.2177957">
      <ele>8.935</ele>
    </trkpt>
    <trkpt lat="-34.2479346" lon="138.2179012">
      <ele>8.556</ele>
    </trkpt>
    <trkpt lat="-34.2480919" lon="138.2180068">
      <ele>8.283</ele>
    </trkpt>
    <trkpt lat="-34.2484871" lon="138.218272">
      <ele>9.431</ele>
    </trkpt>
    <trkpt lat="-34.2506059" lon="138.2197011">
      <ele>5.924</ele>
    </trkpt>
    <trkpt lat="-34.2510772" lon="138.220019">
      <ele>5.992</ele>
    </trkpt>
    <trkpt lat="-34.2512343" lon="138.220125">
      <ele>6.443</ele>
    </trkpt>
    <trkpt lat="-34.2532187" lon="138.2214636">
      <ele>4.889</ele>
    </trkpt>
    <trkpt lat="-34.2532778" lon="138.2214997">
      <ele>4.92</ele>
    </trkpt>
    <trkpt lat="-34.253818" lon="138.22184">
      <ele>6.465</ele>
    </trkpt>
    <trkpt lat="-34.2541785" lon="138.2220265">
      <ele>7.0</ele>
    </trkpt>
    <trkpt lat="-34.2546486" lon="138.2222468">
      <ele>7.735</ele>
    </trkpt>
    <trkpt lat="-34.2551774" lon="138.2224415">
      <ele>7.211</ele>
    </trkpt>
    <trkpt lat="-34.2551822" lon="138.222443">
      <ele>7.205</ele>
    </trkpt>
    <trkpt lat="-34.2575094" lon="138.223168">
      <ele>7.02</ele>
    </trkpt>
    <trkpt lat="-34.260099" lon="138.2239516">
      <ele>7.855</ele>
    </trkpt>
    <trkpt lat="-34.2607915" lon="138.2241369">
      <ele>8.849</ele>
    </trkpt>
    <trkpt lat="-34.2614695" lon="138.2243581">
      <ele>8.91</ele>
    </trkpt>
    <trkpt lat="-34.2618143" lon="138.2244974">
      <ele>9.101</ele>
    </trkpt>
    <trkpt lat="-34.2622746" lon="138.224721">
      <ele>9.807</ele>
    </trkpt>
    <trkpt lat="-34.2626818" lon="138.2249431">
      <ele>8.754</ele>
    </trkpt>
    <trkpt lat="-34.2630444" lon="138.2251688">
      <ele>7.976</ele>
    </trkpt>
    <trkpt lat="-34.2634356" lon="138.2254428">
      <ele>9.0</ele>
    </trkpt>
    <trkpt lat="-34.2637639" lon="138.2256927">
      <ele>8.228</ele>
    </trkpt>
    <trkpt lat="-34.2641187" lon="138.2259967">
      <ele>8.827</ele>
    </trkpt>
    <trkpt lat="-34.2645049" lon="138.2263585">
      <ele>9.976</ele>
    </trkpt>
    <trkpt lat="-34.2646084" lon="138.2264682">
      <ele>10.0</ele>
    </trkpt>
    <trkpt lat="-34.2647436" lon="138.2266117">
      <ele>10.0</ele>
    </trkpt>
    <trkpt lat="-34.2648788" lon="138.2267551">
      <ele>10.0</ele>
    </trkpt>
    <trkpt lat="-34.2649363" lon="138.2268161">
      <ele>10.0</ele>
    </trkpt>
    <trkpt lat="-34.2650099" lon="138.226904">
      <ele>9.995</ele>
    </trkpt>
    <trkpt lat="-34.2652499" lon="138.2271903">
      <ele>10.0</ele>
    </trkpt>
    <trkpt lat="-34.2653913" lon="138.2273735">
      <ele>9.814</ele>
    </trkpt>
    <trkpt lat="-34.2657401" lon="138.2278598">
      <ele>9.295</ele>
    </trkpt>
    <trkpt lat="-34.266661" lon="138.2292916">
      <ele>11.45</ele>
    </trkpt>
    <trkpt lat="-34.2668039" lon="138.2294989">
      <ele>11.506</ele>
    </trkpt>
    <trkpt lat="-34.2669333" lon="138.2297029">
      <ele>11.04</ele>
    </trkpt>
    <trkpt lat="-34.2670767" lon="138.2298961">
      <ele>10.672</ele>
    </trkpt>
    <trkpt lat="-34.2674704" lon="138.2303629">
      <ele>11.893</ele>
    </trkpt>
    <trkpt lat="-34.2675069" lon="138.2304061">
      <ele>12.0</ele>
    </trkpt>
    <trkpt lat="-34.2676286" lon="138.2305356">
      <ele>12.0</ele>
    </trkpt>
    <trkpt lat="-34.2678842" lon="138.2307814">
      <ele>12.502</ele>
    </trkpt>
    <trkpt lat="-34.2680784" lon="138.2309682">
      <ele>11.96</ele>
    </trkpt>
    <trkpt lat="-34.2681388" lon="138.2310317">
      <ele>11.786</ele>
    </trkpt>
    <trkpt lat="-34.2683179" lon="138.2311942">
      <ele>11.321</ele>
    </trkpt>
    <trkpt lat="-34.2686573" lon="138.2314777">
      <ele>13.267</ele>
    </trkpt>
    <trkpt lat="-34.2691286" lon="138.231812">
      <ele>11.614</ele>
    </trkpt>
    <trkpt lat="-34.2694911" lon="138.2320671">
      <ele>9.633</ele>
    </trkpt>
    <trkpt lat="-34.2703372" lon="138.2326335">
      <ele>13.0</ele>
    </trkpt>
    <trkpt lat="-34.2736353" lon="138.2348614">
      <ele>11.087</ele>
    </trkpt>
    <trkpt lat="-34.2737923" lon="138.2349674">
      <ele>11.652</ele>
    </trkpt>
    <trkpt lat="-34.2739494" lon="138.2350735">
      <ele>11.575</ele>
    </trkpt>
    <trkpt lat="-34.2767228" lon="138.2369471">
      <ele>10.0</ele>
    </trkpt>
    <trkpt lat="-34.280233" lon="138.239326">
      <ele>8.481</ele>
    </trkpt>
    <trkpt lat="-34.2817012" lon="138.2403581">
      <ele>6.534</ele>
    </trkpt>
    <trkpt lat="-34.2823507" lon="138.2408004">
      <ele>6.881</ele>
    </trkpt>
    <trkpt lat="-34.2825404" lon="138.2409247">
      <ele>7.803</ele>
    </trkpt>
    <trkpt lat="-34.2827421" lon="138.2410564">
      <ele>9.478</ele>
    </trkpt>
    <trkpt lat="-34.2830273" lon="138.2412195">
      <ele>9.452</ele>
    </trkpt>
    <trkpt lat="-34.2833105" lon="138.2413702">
      <ele>9.015</ele>
    </trkpt>
    <trkpt lat="-34.2835506" lon="138.2414953">
      <ele>8.035</ele>
    </trkpt>
    <trkpt lat="-34.2838462" lon="138.2416329">
      <ele>7.27</ele>
    </trkpt>
    <trkpt lat="-34.2841132" lon="138.2417415">
      <ele>6.514</ele>
    </trkpt>
    <trkpt lat="-34.2841963" lon="138.2417763">
      <ele>6.353</ele>
    </trkpt>
    <trkpt lat="-34.2845437" lon="138.2418901">
      <ele>6.0</ele>
    </trkpt>
    <trkpt lat="-34.2846882" lon="138.2419376">
      <ele>6.0</ele>
    </trkpt>
    <trkpt lat="-34.2848482" lon="138.2419832">
      <ele>6.076</ele>
    </trkpt>
    <trkpt lat="-34.2850166" lon="138.2420277">
      <ele>5.964</ele>
    </trkpt>
    <trkpt lat="-34.2851703" lon="138.2420612">
      <ele>5.485</ele>
    </trkpt>
    <trkpt lat="-34.2854087" lon="138.2421161">
      <ele>5.055</ele>
    </trkpt>
    <trkpt lat="-34.2856063" lon="138.2421471">
      <ele>5.453</ele>
    </trkpt>
    <trkpt lat="-34.2858084" lon="138.2421803">
      <ele>6.061</ele>
    </trkpt>
    <trkpt lat="-34.2860338" lon="138.2422119">
      <ele>6.037</ele>
    </trkpt>
    <trkpt lat="-34.286308" lon="138.2422336">
      <ele>7.43</ele>
    </trkpt>
    <trkpt lat="-34.2865878" lon="138.242244">
      <ele>8.0</ele>
    </trkpt>
    <trkpt lat="-34.2868102" lon="138.2422447">
      <ele>8.0</ele>
    </trkpt>
    <trkpt lat="-34.2871274" lon="138.2422552">
      <ele>8.0</ele>
    </trkpt>
    <trkpt lat="-34.287382" lon="138.2422577">
      <ele>8.0</ele>
    </trkpt>
    <trkpt lat="-34.2876589" lon="138.2422582">
      <ele>8.498</ele>
    </trkpt>
    <trkpt lat="-34.2879805" lon="138.2422637">
      <ele>8.851</ele>
    </trkpt>
    <trkpt lat="-34.2882461" lon="138.2422632">
      <ele>7.582</ele>
    </trkpt>
    <trkpt lat="-34.2885191" lon="138.2422682">
      <ele>6.889</ele>
    </trkpt>
    <trkpt lat="-34.288743" lon="138.2422721">
      <ele>6.431</ele>
    </trkpt>
    <trkpt lat="-34.288905" lon="138.2422793">
      <ele>6.0</ele>
    </trkpt>
    <trkpt lat="-34.289518" lon="138.2423412">
      <ele>7.378</ele>
    </trkpt>
    <trkpt lat="-34.2899304" lon="138.2424039">
      <ele>8.654</ele>
    </trkpt>
    <trkpt lat="-34.2901074" lon="138.2424275">
      <ele>8.453</ele>
    </trkpt>
    <trkpt lat="-34.290359" lon="138.2424355">
      <ele>8.225</ele>
    </trkpt>
    <trkpt lat="-34.2906165" lon="138.242504">
      <ele>9.245</ele>
    </trkpt>
    <trkpt lat="-34.2908369" lon="138.2425692">
      <ele>10.249</ele>
    </trkpt>
    <trkpt lat="-34.2910564" lon="138.2426462">
      <ele>10.526</ele>
    </trkpt>
    <trkpt lat="-34.2911969" lon="138.2426938">
      <ele>10.389</ele>
    </trkpt>
    <trkpt lat="-34.2913404" lon="138.2427531">
      <ele>10.086</ele>
    </trkpt>
    <trkpt lat="-34.2915491" lon="138.2428405">
      <ele>9.072</ele>
    </trkpt>
    <trkpt lat="-34.2915639" lon="138.2428467">
      <ele>8.988</ele>
    </trkpt>
    <trkpt lat="-34.2917185" lon="138.2429151">
      <ele>8.402</ele>
    </trkpt>
    <trkpt lat="-34.2918634" lon="138.2429857">
      <ele>8.218</ele>
    </trkpt>
    <trkpt lat="-34.2920518" lon="138.2430775">
      <ele>8.435</ele>
    </trkpt>
    <trkpt lat="-34.2921134" lon="138.2431075">
      <ele>8.681</ele>
    </trkpt>
    <trkpt lat="-34.2922834" lon="138.2432048">
      <ele>9.118</ele>
    </trkpt>
    <trkpt lat="-34.2924146" lon="138.2432754">
      <ele>9.548</ele>
    </trkpt>
    <trkpt lat="-34.2925639" lon="138.2433674">
      <ele>9.849</ele>
    </trkpt>
    <trkpt lat="-34.2927719" lon="138.2434941">
      <ele>8.855</ele>
    </trkpt>
    <trkpt lat="-34.2929318" lon="138.2436037">
      <ele>8.039</ele>
    </trkpt>
    <trkpt lat="-34.2931123" lon="138.243722">
      <ele>8.123</ele>
    </trkpt>
    <trkpt lat="-34.2933115" lon="138.2438589">
      <ele>8.099</ele>
    </trkpt>
    <trkpt lat="-34.2935036" lon="138.2439915">
      <ele>8.387</ele>
    </trkpt>
    <trkpt lat="-34.2937205" lon="138.244139">
      <ele>8.06</ele>
    </trkpt>
    <trkpt lat="-34.2940147" lon="138.244339">
      <ele>7.719</ele>
    </trkpt>
    <trkpt lat="-34.2942258" lon="138.2444806">
      <ele>6.898</ele>
    </trkpt>
    <trkpt lat="-34.2942714" lon="138.2445131">
      <ele>6.846</ele>
    </trkpt>
    <trkpt lat="-34.2944475" lon="138.2446389">
      <ele>7.0</ele>
    </trkpt>
    <trkpt lat="-34.2946754" lon="138.2447891">
      <ele>6.959</ele>
    </trkpt>
    <trkpt lat="-34.2947406" lon="138.2448356">
      <ele>6.961</ele>
    </trkpt>
    <trkpt lat="-34.2949422" lon="138.2449794">
      <ele>6.941</ele>
    </trkpt>
    <trkpt lat="-34.2951268" lon="138.2450992">
      <ele>6.544</ele>
    </trkpt>
    <trkpt lat="-34.2952111" lon="138.2451549">
      <ele>6.24</ele>
    </trkpt>
    <trkpt lat="-34.2952904" lon="138.2452072">
      <ele>6.0</ele>
    </trkpt>
    <trkpt lat="-34.2953678" lon="138.2452618">
      <ele>6.0</ele>
    </trkpt>
    <trkpt lat="-34.2955659" lon="138.2454015">
      <ele>6.037</ele>
    </trkpt>
    <trkpt lat="-34.2956799" lon="138.2454783">
      <ele>6.448</ele>
    </trkpt>
    <trkpt lat="-34.295873" lon="138.2456086">
      <ele>6.694</ele>
    </trkpt>
    <trkpt lat="-34.2961086" lon="138.2457673">
      <ele>6.002</ele>
    </trkpt>
    <trkpt lat="-34.2963469" lon="138.2459328">
      <ele>7.207</ele>
    </trkpt>
    <trkpt lat="-34.2966484" lon="138.2461246">
      <ele>7.066</ele>
    </trkpt>
    <trkpt lat="-34.297135" lon="138.2464538">
      <ele>7.686</ele>
    </trkpt>
    <trkpt lat="-34.2974736" lon="138.2466881">
      <ele>8.835</ele>
    </trkpt>
    <trkpt lat="-34.2977428" lon="138.2468739">
      <ele>7.38</ele>
    </trkpt>
    <trkpt lat="-34.2982074" lon="138.2471868">
      <ele>5.674</ele>
    </trkpt>
    <trkpt lat="-34.2983711" lon="138.2473009">
      <ele>6.653</ele>
    </trkpt>
    <trkpt lat="-34.2986035" lon="138.247455">
      <ele>8.941</ele>
    </trkpt>
    <trkpt lat="-34.2987991" lon="138.2475852">
      <ele>10.245</ele>
    </trkpt>
    <trkpt lat="-34.2989782" lon="138.2477058">
      <ele>10.497</ele>
    </trkpt>
    <trkpt lat="-34.2990676" lon="138.247766">
      <ele>10.658</ele>
    </trkpt>
    <trkpt lat="-34.2991352" lon="138.2478121">
      <ele>10.654</ele>
    </trkpt>
    <trkpt lat="-34.299292" lon="138.2479188">
      <ele>10.214</ele>
    </trkpt>
    <trkpt lat="-34.2993018" lon="138.2479255">
      <ele>10.195</ele>
    </trkpt>
    <trkpt lat="-34.2994489" lon="138.2480253">
      <ele>10.095</ele>
    </trkpt>
    <trkpt lat="-34.2996159" lon="138.2481386">
      <ele>8.969</ele>
    </trkpt>
    <trkpt lat="-34.2998781" lon="138.2483219">
      <ele>8.041</ele>
    </trkpt>
    <trkpt lat="-34.3001339" lon="138.2484907">
      <ele>8.0</ele>
    </trkpt>
    <trkpt lat="-34.3003569" lon="138.2486452">
      <ele>8.0</ele>
    </trkpt>
    <trkpt lat="-34.3005917" lon="138.2488081">
      <ele>8.0</ele>
    </trkpt>
    <trkpt lat="-34.3008087" lon="138.2489478">
      <ele>8.193</ele>
    </trkpt>
    <trkpt lat="-34.3010631" lon="138.2491178">
      <ele>7.997</ele>
    </trkpt>
    <trkpt lat="-34.3014411" lon="138.2493733">
      <ele>8.188</ele>
    </trkpt>
    <trkpt lat="-34.3017256" lon="138.2495711">
      <ele>8.544</ele>
    </trkpt>
    <trkpt lat="-34.3020992" lon="138.249816">
      <ele>8.557</ele>
    </trkpt>
    <trkpt lat="-34.3023498" lon="138.2499858">
      <ele>9.483</ele>
    </trkpt>
    <trkpt lat="-34.3025655" lon="138.2501292">
      <ele>9.425</ele>
    </trkpt>
    <trkpt lat="-34.3029374" lon="138.2503788">
      <ele>7.271</ele>
    </trkpt>
    <trkpt lat="-34.303389" lon="138.2507019">
      <ele>7.727</ele>
    </trkpt>
    <trkpt lat="-34.3038565" lon="138.2510164">
      <ele>9.077</ele>
    </trkpt>
    <trkpt lat="-34.3044267" lon="138.2514028">
      <ele>9.047</ele>
    </trkpt>
    <trkpt lat="-34.3053768" lon="138.2520507">
      <ele>9.603</ele>
    </trkpt>
    <trkpt lat="-34.3063771" lon="138.2527318">
      <ele>11.799</ele>
    </trkpt>
    <trkpt lat="-34.3074799" lon="138.253483">
      <ele>12.539</ele>
    </trkpt>
    <trkpt lat="-34.3076363" lon="138.2535905">
      <ele>12.926</ele>
    </trkpt>
    <trkpt lat="-34.3077924" lon="138.2536983">
      <ele>12.65</ele>
    </trkpt>
    <trkpt lat="-34.308346" lon="138.2540819">
      <ele>12.968</ele>
    </trkpt>
    <trkpt lat="-34.3101004" lon="138.2552715">
      <ele>9.353</ele>
    </trkpt>
    <trkpt lat="-34.3102141" lon="138.2553444">
      <ele>9.826</ele>
    </trkpt>
    <trkpt lat="-34.3111626" lon="138.2560526">
      <ele>7.815</ele>
    </trkpt>
    <trkpt lat="-34.3117952" lon="138.2564786">
      <ele>7.323</ele>
    </trkpt>
    <trkpt lat="-34.3124803" lon="138.2569328">
      <ele>7.149</ele>
    </trkpt>
    <trkpt lat="-34.3178441" lon="138.2605529">
      <ele>8.0</ele>
    </trkpt>
    <trkpt lat="-34.3245726" lon="138.2651559">
      <ele>8.18</ele>
    </trkpt>
    <trkpt lat="-34.3252817" lon="138.2656434">
      <ele>8.316</ele>
    </trkpt>
    <trkpt lat="-34.3257631" lon="138.2660038">
      <ele>9.902</ele>
    </trkpt>
    <trkpt lat="-34.3259344" lon="138.2661339">
      <ele>10.416</ele>
    </trkpt>
    <trkpt lat="-34.3260496" lon="138.2662269">
      <ele>10.871</ele>
    </trkpt>
    <trkpt lat="-34.3263741" lon="138.2665255">
      <ele>11.0</ele>
    </trkpt>
    <trkpt lat="-34.3265887" lon="138.266742">
      <ele>10.805</ele>
    </trkpt>
    <trkpt lat="-34.3268278" lon="138.2669801">
      <ele>10.58</ele>
    </trkpt>
    <trkpt lat="-34.3274408" lon="138.2677454">
      <ele>11.117</ele>
    </trkpt>
    <trkpt lat="-34.3278189" lon="138.268261">
      <ele>9.37</ele>
    </trkpt>
    <trkpt lat="-34.3281059" lon="138.2687252">
      <ele>10.592</ele>
    </trkpt>
    <trkpt lat="-34.3284418" lon="138.26933">
      <ele>11.77</ele>
    </trkpt>
    <trkpt lat="-34.3287485" lon="138.2699873">
      <ele>9.54</ele>
    </trkpt>
    <trkpt lat="-34.3292798" lon="138.2712395">
      <ele>12.815</ele>
    </trkpt>
    <trkpt lat="-34.3293559" lon="138.2714187">
      <ele>13.397</ele>
    </trkpt>
    <trkpt lat="-34.3293622" lon="138.2714331">
      <ele>13.455</ele>
    </trkpt>
    <trkpt lat="-34.3305277" lon="138.2741268">
      <ele>10.043</ele>
    </trkpt>
    <trkpt lat="-34.3307428" lon="138.2746338">
      <ele>10.674</ele>
    </trkpt>
    <trkpt lat="-34.3308754" lon="138.2749178">
      <ele>10.403</ele>
    </trkpt>
    <trkpt lat="-34.3309814" lon="138.2751519">
      <ele>9.986</ele>
    </trkpt>
    <trkpt lat="-34.3311139" lon="138.2754073">
      <ele>9.544</ele>
    </trkpt>
    <trkpt lat="-34.3312066" lon="138.2755679">
      <ele>9.344</ele>
    </trkpt>
    <trkpt lat="-34.3312484" lon="138.2756422">
      <ele>9.494</ele>
    </trkpt>
    <trkpt lat="-34.3313498" lon="138.2758221">
      <ele>9.859</ele>
    </trkpt>
    <trkpt lat="-34.3313818" lon="138.2758788">
      <ele>9.979</ele>
    </trkpt>
    <trkpt lat="-34.3315145" lon="138.2761074">
      <ele>10.0</ele>
    </trkpt>
    <trkpt lat="-34.3315588" lon="138.2761765">
      <ele>10.0</ele>
    </trkpt>
    <trkpt lat="-34.331669" lon="138.2763486">
      <ele>10.008</ele>
    </trkpt>
    <trkpt lat="-34.3317102" lon="138.276413">
      <ele>10.157</ele>
    </trkpt>
    <trkpt lat="-34.3320061" lon="138.2768255">
      <ele>11.222</ele>
    </trkpt>
    <trkpt lat="-34.3321298" lon="138.2769951">
      <ele>11.85</ele>
    </trkpt>
    <trkpt lat="-34.3324006" lon="138.2773256">
      <ele>13.0</ele>
    </trkpt>
    <trkpt lat="-34.3324906" lon="138.2774348">
      <ele>13.0</ele>
    </trkpt>
    <trkpt lat="-34.332924" lon="138.2779111">
      <ele>11.046</ele>
    </trkpt>
    <trkpt lat="-34.3331619" lon="138.2781423">
      <ele>11.646</ele>
    </trkpt>
    <trkpt lat="-34.3334268" lon="138.2783836">
      <ele>12.431</ele>
    </trkpt>
    <trkpt lat="-34.3336108" lon="138.2785446">
      <ele>12.477</ele>
    </trkpt>
    <trkpt lat="-34.3338535" lon="138.2787377">
      <ele>11.961</ele>
    </trkpt>
    <trkpt lat="-34.3341159" lon="138.2789433">
      <ele>11.781</ele>
    </trkpt>
    <trkpt lat="-34.3343867" lon="138.2791241">
      <ele>12.0</ele>
    </trkpt>
    <trkpt lat="-34.334675" lon="138.2793065">
      <ele>12.0</ele>
    </trkpt>
    <trkpt lat="-34.334918" lon="138.2794585">
      <ele>12.0</ele>
    </trkpt>
    <trkpt lat="-34.3351109" lon="138.2795641">
      <ele>12.0</ele>
    </trkpt>
    <trkpt lat="-34.3354066" lon="138.2797021">
      <ele>12.43</ele>
    </trkpt>
    <trkpt lat="-34.3358176" lon="138.2798811">
      <ele>12.024</ele>
    </trkpt>
    <trkpt lat="-34.3361029" lon="138.2800048">
      <ele>12.017</ele>
    </trkpt>
    <trkpt lat="-34.3366902" lon="138.2802201">
      <ele>11.859</ele>
    </trkpt>
    <trkpt lat="-34.337761" lon="138.2806506">
      <ele>11.06</ele>
    </trkpt>
    <trkpt lat="-34.3378606" lon="138.2807038">
      <ele>10.702</ele>
    </trkpt>
    <trkpt lat="-34.3383462" lon="138.2809248">
      <ele>10.69</ele>
    </trkpt>
    <trkpt lat="-34.3389201" lon="138.2811922">
      <ele>13.08</ele>
    </trkpt>
    <trkpt lat="-34.3394866" lon="138.2814826">
      <ele>13.0</ele>
    </trkpt>
    <trkpt lat="-34.3399472" lon="138.2817446">
      <ele>13.0</ele>
    </trkpt>
    <trkpt lat="-34.340499" lon="138.2820547">
      <ele>12.601</ele>
    </trkpt>
    <trkpt lat="-34.3412083" lon="138.2824967">
      <ele>14.988</ele>
    </trkpt>
    <trkpt lat="-34.3419164" lon="138.2829565">
      <ele>13.137</ele>
    </trkpt>
    <trkpt lat="-34.3423723" lon="138.2832648">
      <ele>11.867</ele>
    </trkpt>
    <trkpt lat="-34.3433611" lon="138.2839224">
      <ele>10.933</ele>
    </trkpt>
    <trkpt lat="-34.3444556" lon="138.2846835">
      <ele>10.139</ele>
    </trkpt>
    <trkpt lat="-34.3453167" lon="138.2852555">
      <ele>8.209</ele>
    </trkpt>
    <trkpt lat="-34.3458537" lon="138.2856262">
      <ele>10.073</ele>
    </trkpt>
    <trkpt lat="-34.3467494" lon="138.2862057">
      <ele>12.101</ele>
    </trkpt>
    <trkpt lat="-34.3469568" lon="138.2863534">
      <ele>12.828</ele>
    </trkpt>
    <trkpt lat="-34.3475944" lon="138.2867721">
      <ele>11.66</ele>
    </trkpt>
    <trkpt lat="-34.3491778" lon="138.2878342">
      <ele>13.749</ele>
    </trkpt>
    <trkpt lat="-34.3500104" lon="138.2882458">
      <ele>10.037</ele>
    </trkpt>
    <trkpt lat="-34.350177" lon="138.2883282">
      <ele>10.637</ele>
    </trkpt>
    <trkpt lat="-34.3510043" lon="138.2887372">
      <ele>11.279</ele>
    </trkpt>
    <trkpt lat="-34.3519108" lon="138.2890666">
      <ele>11.519</ele>
    </trkpt>
    <trkpt lat="-34.353193" lon="138.2894351">
      <ele>9.983</ele>
    </trkpt>
    <trkpt lat="-34.353689" lon="138.2895776">
      <ele>11.199</ele>
    </trkpt>
    <trkpt lat="-34.3541503" lon="138.2897067">
      <ele>8.173</ele>
    </trkpt>
    <trkpt lat="-34.3549546" lon="138.2899261">
      <ele>9.88</ele>
    </trkpt>
    <trkpt lat="-34.3557936" lon="138.2901515">
      <ele>11.467</ele>
    </trkpt>
    <trkpt lat="-34.3567195" lon="138.2904092">
      <ele>8.663</ele>
    </trkpt>
    <trkpt lat="-34.3571437" lon="138.2905225">
      <ele>9.966</ele>
    </trkpt>
    <trkpt lat="-34.3571766" lon="138.2905309">
      <ele>9.985</ele>
    </trkpt>
    <trkpt lat="-34.3579199" lon="138.2907364">
      <ele>10.194</ele>
    </trkpt>
    <trkpt lat="-34.3585465" lon="138.2909064">
      <ele>12.0</ele>
    </trkpt>
    <trkpt lat="-34.358571" lon="138.2909132">
      <ele>12.0</ele>
    </trkpt>
    <trkpt lat="-34.3586335" lon="138.2909304">
      <ele>11.919</ele>
    </trkpt>
    <trkpt lat="-34.3593691" lon="138.2911731">
      <ele>11.566</ele>
    </trkpt>
    <trkpt lat="-34.3598438" lon="138.2913534">
      <ele>12.128</ele>
    </trkpt>
    <trkpt lat="-34.3598764" lon="138.2913657">
      <ele>12.083</ele>
    </trkpt>
    <trkpt lat="-34.3599327" lon="138.291387">
      <ele>12.007</ele>
    </trkpt>
    <trkpt lat="-34.3604877" lon="138.291622">
      <ele>10.61</ele>
    </trkpt>
    <trkpt lat="-34.3607759" lon="138.2917726">
      <ele>10.872</ele>
    </trkpt>
    <trkpt lat="-34.3608713" lon="138.2918282">
      <ele>11.0</ele>
    </trkpt>
    <trkpt lat="-34.3611809" lon="138.2920013">
      <ele>10.949</ele>
    </trkpt>
    <trkpt lat="-34.3613351" lon="138.2920924">
      <ele>10.571</ele>
    </trkpt>
    <trkpt lat="-34.3615648" lon="138.2922418">
      <ele>11.292</ele>
    </trkpt>
    <trkpt lat="-34.3619493" lon="138.2924891">
      <ele>14.001</ele>
    </trkpt>
    <trkpt lat="-34.3621222" lon="138.292606">
      <ele>13.481</ele>
    </trkpt>
    <trkpt lat="-34.3622976" lon="138.2927201">
      <ele>13.151</ele>
    </trkpt>
    <trkpt lat="-34.3624631" lon="138.2928325">
      <ele>12.803</ele>
    </trkpt>
    <trkpt lat="-34.3627304" lon="138.2930192">
      <ele>12.022</ele>
    </trkpt>
    <trkpt lat="-34.3630101" lon="138.2932091">
      <ele>10.611</ele>
    </trkpt>
    <trkpt lat="-34.3633882" lon="138.2934635">
      <ele>11.0</ele>
    </trkpt>
    <trkpt lat="-34.3636776" lon="138.293647">
      <ele>11.0</ele>
    </trkpt>
    <trkpt lat="-34.3640608" lon="138.2938806">
      <ele>11.018</ele>
    </trkpt>
    <trkpt lat="-34.364256" lon="138.293993">
      <ele>10.947</ele>
    </trkpt>
    <trkpt lat="-34.3646596" lon="138.2942212">
      <ele>10.956</ele>
    </trkpt>
    <trkpt lat="-34.3648837" lon="138.2943304">
      <ele>11.581</ele>
    </trkpt>
    <trkpt lat="-34.3657716" lon="138.2947883">
      <ele>11.762</ele>
    </trkpt>
    <trkpt lat="-34.3665899" lon="138.2951301">
      <ele>10.129</ele>
    </trkpt>
    <trkpt lat="-34.3680478" lon="138.2956668">
      <ele>12.583</ele>
    </trkpt>
    <trkpt lat="-34.3689095" lon="138.2959962">
      <ele>11.753</ele>
    </trkpt>
    <trkpt lat="-34.3692912" lon="138.2961341">
      <ele>10.411</ele>
    </trkpt>
    <trkpt lat="-34.3702208" lon="138.296482">
      <ele>11.335</ele>
    </trkpt>
    <trkpt lat="-34.3709687" lon="138.2967743">
      <ele>11.189</ele>
    </trkpt>
    <trkpt lat="-34.3717745" lon="138.2971367">
      <ele>11.388</ele>
    </trkpt>
    <trkpt lat="-34.372471" lon="138.2974894">
      <ele>9.281</ele>
    </trkpt>
    <trkpt lat="-34.3730516" lon="138.2978148">
      <ele>10.105</ele>
    </trkpt>
    <trkpt lat="-34.3735695" lon="138.298135">
      <ele>12.15</ele>
    </trkpt>
    <trkpt lat="-34.3742959" lon="138.2986291">
      <ele>13.47</ele>
    </trkpt>
    <trkpt lat="-34.3752099" lon="138.2992575">
      <ele>9.756</ele>
    </trkpt>
    <trkpt lat="-34.3760345" lon="138.2998077">
      <ele>10.276</ele>
    </trkpt>
    <trkpt lat="-34.3762432" lon="138.2999521">
      <ele>10.0</ele>
    </trkpt>
    <trkpt lat="-34.3770913" lon="138.3005391">
      <ele>11.028</ele>
    </trkpt>
    <trkpt lat="-34.3773463" lon="138.3007062">
      <ele>11.0</ele>
    </trkpt>
    <trkpt lat="-34.3780142" lon="138.3011671">
      <ele>9.32</ele>
    </trkpt>
    <trkpt lat="-34.3785298" lon="138.3015103">
      <ele>11.128</ele>
    </trkpt>
    <trkpt lat="-34.3790624" lon="138.301873">
      <ele>9.882</ele>
    </trkpt>
    <trkpt lat="-34.3792165" lon="138.3019784">
      <ele>10.157</ele>
    </trkpt>
    <trkpt lat="-34.3795984" lon="138.3022378">
      <ele>10.523</ele>
    </trkpt>
    <trkpt lat="-34.380235" lon="138.302654">
      <ele>11.931</ele>
    </trkpt>
    <trkpt lat="-34.3840522" lon="138.305264">
      <ele>11.196</ele>
    </trkpt>
    <trkpt lat="-34.3860324" lon="138.3066137">
      <ele>13.717</ele>
    </trkpt>
    <trkpt lat="-34.3887729" lon="138.3084817">
      <ele>13.582</ele>
    </trkpt>
    <trkpt lat="-34.390152" lon="138.3095079">
      <ele>11.754</ele>
    </trkpt>
    <trkpt lat="-34.3907908" lon="138.3100895">
      <ele>13.847</ele>
    </trkpt>
    <trkpt lat="-34.3914103" lon="138.3107019">
      <ele>15.527</ele>
    </trkpt>
    <trkpt lat="-34.3918341" lon="138.3111273">
      <ele>14.374</ele>
    </trkpt>
    <trkpt lat="-34.3925905" lon="138.3119556">
      <ele>11.326</ele>
    </trkpt>
    <trkpt lat="-34.3928346" lon="138.3122154">
      <ele>12.0</ele>
    </trkpt>
    <trkpt lat="-34.3934807" lon="138.3128686">
      <ele>11.357</ele>
    </trkpt>
    <trkpt lat="-34.3947095" lon="138.3141819">
      <ele>12.0</ele>
    </trkpt>
    <trkpt lat="-34.3955267" lon="138.3150562">
      <ele>11.285</ele>
    </trkpt>
    <trkpt lat="-34.3962387" lon="138.3158127">
      <ele>12.575</ele>
    </trkpt>
    <trkpt lat="-34.3974598" lon="138.3170986">
      <ele>10.855</ele>
    </trkpt>
    <trkpt lat="-34.3979586" lon="138.3175938">
      <ele>12.093</ele>
    </trkpt>
    <trkpt lat="-34.3986193" lon="138.3182362">
      <ele>12.029</ele>
    </trkpt>
    <trkpt lat="-34.3992164" lon="138.3187931">
      <ele>14.462</ele>
    </trkpt>
    <trkpt lat="-34.3994255" lon="138.3189858">
      <ele>14.282</ele>
    </trkpt>
    <trkpt lat="-34.399877" lon="138.3194006">
      <ele>12.158</ele>
    </trkpt>
    <trkpt lat="-34.4013807" lon="138.3207253">
      <ele>11.971</ele>
    </trkpt>
    <trkpt lat="-34.4016845" lon="138.3209929">
      <ele>12.426</ele>
    </trkpt>
    <trkpt lat="-34.4034135" lon="138.322509">
      <ele>11.256</ele>
    </trkpt>
    <trkpt lat="-34.4040518" lon="138.3230763">
      <ele>12.617</ele>
    </trkpt>
    <trkpt lat="-34.4050348" lon="138.3239441">
      <ele>13.826</ele>
    </trkpt>
    <trkpt lat="-34.4053789" lon="138.3242523">
      <ele>13.44</ele>
    </trkpt>
    <trkpt lat="-34.4059606" lon="138.3247395">
      <ele>13.666</ele>
    </trkpt>
    <trkpt lat="-34.4063027" lon="138.3250362">
      <ele>14.441</ele>
    </trkpt>
    <trkpt lat="-34.4076687" lon="138.3262272">
      <ele>12.746</ele>
    </trkpt>
    <trkpt lat="-34.4076728" lon="138.3262307">
      <ele>12.732</ele>
    </trkpt>
    <trkpt lat="-34.4080819" lon="138.3265903">
      <ele>12.344</ele>
    </trkpt>
    <trkpt lat="-34.4087751" lon="138.3272096">
      <ele>11.973</ele>
    </trkpt>
    <trkpt lat="-34.4095022" lon="138.3278416">
      <ele>13.818</ele>
    </trkpt>
    <trkpt lat="-34.4102311" lon="138.3284797">
      <ele>11.809</ele>
    </trkpt>
    <trkpt lat="-34.4108317" lon="138.3290117">
      <ele>13.43</ele>
    </trkpt>
    <trkpt lat="-34.4111737" lon="138.3293082">
      <ele>14.0</ele>
    </trkpt>
    <trkpt lat="-34.4116558" lon="138.3297386">
      <ele>15.865</ele>
    </trkpt>
    <trkpt lat="-34.4119125" lon="138.3299524">
      <ele>15.905</ele>
    </trkpt>
    <trkpt lat="-34.4120973" lon="138.3301379">
      <ele>15.173</ele>
    </trkpt>
    <trkpt lat="-34.412905" lon="138.330794">
      <ele>14.535</ele>
    </trkpt>
    <trkpt lat="-34.4136641" lon="138.331349">
      <ele>11.354</ele>
    </trkpt>
    <trkpt lat="-34.4144415" lon="138.3318552">
      <ele>13.997</ele>
    </trkpt>
    <trkpt lat="-34.4145621" lon="138.3319185">
      <ele>14.0</ele>
    </trkpt>
    <trkpt lat="-34.4152772" lon="138.3323306">
      <ele>12.389</ele>
    </trkpt>
    <trkpt lat="-34.4159102" lon="138.3326433">
      <ele>12.484</ele>
    </trkpt>
    <trkpt lat="-34.4161683" lon="138.3327756">
      <ele>11.804</ele>
    </trkpt>
    <trkpt lat="-34.4170781" lon="138.3331618">
      <ele>13.406</ele>
    </trkpt>
    <trkpt lat="-34.4180824" lon="138.3335137">
      <ele>14.49</ele>
    </trkpt>
    <trkpt lat="-34.418961" lon="138.3337595">
      <ele>11.381</ele>
    </trkpt>
    <trkpt lat="-34.4197133" lon="138.333928">
      <ele>13.109</ele>
    </trkpt>
    <trkpt lat="-34.4205166" lon="138.3340639">
      <ele>14.28</ele>
    </trkpt>
    <trkpt lat="-34.4214514" lon="138.3341632">
      <ele>15.978</ele>
    </trkpt>
    <trkpt lat="-34.4219055" lon="138.3342114">
      <ele>15.324</ele>
    </trkpt>
    <trkpt lat="-34.4233713" lon="138.3343588">
      <ele>13.172</ele>
    </trkpt>
    <trkpt lat="-34.4242482" lon="138.3344809">
      <ele>10.294</ele>
    </trkpt>
    <trkpt lat="-34.424986" lon="138.3346272">
      <ele>13.325</ele>
    </trkpt>
    <trkpt lat="-34.4257191" lon="138.3348118">
      <ele>13.322</ele>
    </trkpt>
    <trkpt lat="-34.4263946" lon="138.3350126">
      <ele>13.02</ele>
    </trkpt>
    <trkpt lat="-34.4266279" lon="138.3350963">
      <ele>13.562</ele>
    </trkpt>
    <trkpt lat="-34.4270604" lon="138.3352383">
      <ele>14.0</ele>
    </trkpt>
    <trkpt lat="-34.427273" lon="138.3353099">
      <ele>14.25</ele>
    </trkpt>
    <trkpt lat="-34.4276346" lon="138.3354681">
      <ele>15.799</ele>
    </trkpt>
    <trkpt lat="-34.4279847" lon="138.3356307">
      <ele>16.543</ele>
    </trkpt>
    <trkpt lat="-34.4284872" lon="138.3358658">
      <ele>14.394</ele>
    </trkpt>
    <trkpt lat="-34.4284978" lon="138.3358708">
      <ele>14.353</ele>
    </trkpt>
    <trkpt lat="-34.4298187" lon="138.3366058">
      <ele>16.271</ele>
    </trkpt>
    <trkpt lat="-34.4302508" lon="138.3368673">
      <ele>15.124</ele>
    </trkpt>
    <trkpt lat="-34.4305311" lon="138.3370351">
      <ele>14.971</ele>
    </trkpt>
    <trkpt lat="-34.4310874" lon="138.3373631">
      <ele>15.915</ele>
    </trkpt>
    <trkpt lat="-34.432052" lon="138.3379271">
      <ele>15.434</ele>
    </trkpt>
    <trkpt lat="-34.432208" lon="138.3380193">
      <ele>14.927</ele>
    </trkpt>
    <trkpt lat="-34.4355729" lon="138.3399804">
      <ele>15.191</ele>
    </trkpt>
    <trkpt lat="-34.4361147" lon="138.3402975">
      <ele>16.975</ele>
    </trkpt>
    <trkpt lat="-34.4369466" lon="138.3408204">
      <ele>14.0</ele>
    </trkpt>
    <trkpt lat="-34.4374018" lon="138.3411022">
      <ele>14.626</ele>
    </trkpt>
    <trkpt lat="-34.4376824" lon="138.3412759">
      <ele>15.593</ele>
    </trkpt>
    <trkpt lat="-34.4376888" lon="138.34128">
      <ele>15.608</ele>
    </trkpt>
    <trkpt lat="-34.4379259" lon="138.3414319">
      <ele>15.467</ele>
    </trkpt>
    <trkpt lat="-34.4387224" lon="138.3419895">
      <ele>14.599</ele>
    </trkpt>
    <trkpt lat="-34.4392807" lon="138.3423776">
      <ele>13.819</ele>
    </trkpt>
    <trkpt lat="-34.4396732" lon="138.3426756">
      <ele>13.479</ele>
    </trkpt>
    <trkpt lat="-34.4406117" lon="138.3433226">
      <ele>11.435</ele>
    </trkpt>
    <trkpt lat="-34.4417748" lon="138.3441376">
      <ele>15.895</ele>
    </trkpt>
    <trkpt lat="-34.4430764" lon="138.3450498">
      <ele>15.802</ele>
    </trkpt>
    <trkpt lat="-34.443807" lon="138.3455683">
      <ele>15.36</ele>
    </trkpt>
    <trkpt lat="-34.445103" lon="138.3464807">
      <ele>12.792</ele>
    </trkpt>
    <trkpt lat="-34.4459761" lon="138.3470933">
      <ele>15.74</ele>
    </trkpt>
    <trkpt lat="-34.4468548" lon="138.3477063">
      <ele>16.503</ele>
    </trkpt>
    <trkpt lat="-34.4475751" lon="138.3482276">
      <ele>19.182</ele>
    </trkpt>
    <trkpt lat="-34.4481809" lon="138.3487678">
      <ele>15.0</ele>
    </trkpt>
    <trkpt lat="-34.4485169" lon="138.3490854">
      <ele>15.0</ele>
    </trkpt>
    <trkpt lat="-34.4486554" lon="138.3492235">
      <ele>15.0</ele>
    </trkpt>
    <trkpt lat="-34.4492038" lon="138.3498193">
      <ele>12.349</ele>
    </trkpt>
    <trkpt lat="-34.4495432" lon="138.3502375">
      <ele>14.262</ele>
    </trkpt>
    <trkpt lat="-34.4496568" lon="138.3503776">
      <ele>14.405</ele>
    </trkpt>
    <trkpt lat="-34.4500935" lon="138.3510008">
      <ele>12.0</ele>
    </trkpt>
    <trkpt lat="-34.450596" lon="138.3518004">
      <ele>12.0</ele>
    </trkpt>
    <trkpt lat="-34.4511472" lon="138.3527656">
      <ele>14.038</ele>
    </trkpt>
    <trkpt lat="-34.4524109" lon="138.3549794">
      <ele>11.703</ele>
    </trkpt>
    <trkpt lat="-34.4524884" lon="138.355116">
      <ele>12.376</ele>
    </trkpt>
    <trkpt lat="-34.4526814" lon="138.3554561">
      <ele>13.0</ele>
    </trkpt>
    <trkpt lat="-34.4529576" lon="138.3559355">
      <ele>12.762</ele>
    </trkpt>
    <trkpt lat="-34.4535413" lon="138.3569516">
      <ele>12.981</ele>
    </trkpt>
    <trkpt lat="-34.453807" lon="138.3574202">
      <ele>12.908</ele>
    </trkpt>
    <trkpt lat="-34.4540477" lon="138.3578446">
      <ele>12.138</ele>
    </trkpt>
    <trkpt lat="-34.4545885" lon="138.3587215">
      <ele>12.206</ele>
    </trkpt>
    <trkpt lat="-34.4549602" lon="138.3592506">
      <ele>13.857</ele>
    </trkpt>
    <trkpt lat="-34.4553489" lon="138.3597554">
      <ele>14.225</ele>
    </trkpt>
    <trkpt lat="-34.4557801" lon="138.3602827">
      <ele>13.986</ele>
    </trkpt>
    <trkpt lat="-34.4561881" lon="138.3607429">
      <ele>13.0</ele>
    </trkpt>
    <trkpt lat="-34.4569511" lon="138.3615075">
      <ele>12.973</ele>
    </trkpt>
    <trkpt lat="-34.4573351" lon="138.3618659">
      <ele>14.726</ele>
    </trkpt>
    <trkpt lat="-34.4579138" lon="138.3624131">
      <ele>16.708</ele>
    </trkpt>
    <trkpt lat="-34.4581023" lon="138.3625954">
      <ele>15.495</ele>
    </trkpt>
    <trkpt lat="-34.4581442" lon="138.3626411">
      <ele>15.043</ele>
    </trkpt>
    <trkpt lat="-34.4584058" lon="138.3629265">
      <ele>12.618</ele>
    </trkpt>
    <trkpt lat="-34.4586678" lon="138.3631752">
      <ele>12.0</ele>
    </trkpt>
    <trkpt lat="-34.462217" lon="138.3665452">
      <ele>13.582</ele>
    </trkpt>
    <trkpt lat="-34.4627387" lon="138.367052">
      <ele>13.859</ele>
    </trkpt>
    <trkpt lat="-34.4633574" lon="138.3676362">
      <ele>15.956</ele>
    </trkpt>
    <trkpt lat="-34.4661054" lon="138.3702321">
      <ele>15.983</ele>
    </trkpt>
    <trkpt lat="-34.4662473" lon="138.3703661">
      <ele>16.0</ele>
    </trkpt>
    <trkpt lat="-34.4710719" lon="138.3749241">
      <ele>14.141</ele>
    </trkpt>
    <trkpt lat="-34.4713482" lon="138.3752105">
      <ele>14.551</ele>
    </trkpt>
    <trkpt lat="-34.4738074" lon="138.3775203">
      <ele>14.0</ele>
    </trkpt>
    <trkpt lat="-34.4749996" lon="138.3786276">
      <ele>14.941</ele>
    </trkpt>
    <trkpt lat="-34.4750985" lon="138.3787355">
      <ele>14.907</ele>
    </trkpt>
    <trkpt lat="-34.4754083" lon="138.3790621">
      <ele>14.376</ele>
    </trkpt>
    <trkpt lat="-34.4757752" lon="138.3794194">
      <ele>12.9</ele>
    </trkpt>
    <trkpt lat="-34.4758157" lon="138.3794539">
      <ele>12.905</ele>
    </trkpt>
    <trkpt lat="-34.4763274" lon="138.3799287">
      <ele>14.922</ele>
    </trkpt>
    <trkpt lat="-34.4766251" lon="138.3801914">
      <ele>15.368</ele>
    </trkpt>
    <trkpt lat="-34.4768297" lon="138.3804217">
      <ele>14.413</ele>
    </trkpt>
    <trkpt lat="-34.4771911" lon="138.3807645">
      <ele>15.944</ele>
    </trkpt>
    <trkpt lat="-34.477983" lon="138.3815159">
      <ele>16.457</ele>
    </trkpt>
    <trkpt lat="-34.4786382" lon="138.3821182">
      <ele>14.963</ele>
    </trkpt>
    <trkpt lat="-34.4792466" lon="138.3826937">
      <ele>16.512</ele>
    </trkpt>
    <trkpt lat="-34.4798139" lon="138.3832304">
      <ele>13.959</ele>
    </trkpt>
    <trkpt lat="-34.4819415" lon="138.3852431">
      <ele>13.012</ele>
    </trkpt>
    <trkpt lat="-34.4820833" lon="138.3853773">
      <ele>12.679</ele>
    </trkpt>
    <trkpt lat="-34.4825088" lon="138.3857798">
      <ele>12.807</ele>
    </trkpt>
    <trkpt lat="-34.4874681" lon="138.3904719">
      <ele>12.186</ele>
    </trkpt>
    <trkpt lat="-34.488113" lon="138.3910851">
      <ele>15.0</ele>
    </trkpt>
    <trkpt lat="-34.4906922" lon="138.3935122">
      <ele>16.0</ele>
    </trkpt>
    <trkpt lat="-34.4910163" lon="138.3938231">
      <ele>16.919</ele>
    </trkpt>
    <trkpt lat="-34.4911574" lon="138.3939585">
      <ele>17.0</ele>
    </trkpt>
    <trkpt lat="-34.4912985" lon="138.3940938">
      <ele>17.0</ele>
    </trkpt>
    <trkpt lat="-34.4915865" lon="138.3943702">
      <ele>16.789</ele>
    </trkpt>
    <trkpt lat="-34.4931282" lon="138.3958107">
      <ele>17.657</ele>
    </trkpt>
    <trkpt lat="-34.4933315" lon="138.3960025">
      <ele>17.007</ele>
    </trkpt>
    <trkpt lat="-34.493648" lon="138.3963013">
      <ele>15.183</ele>
    </trkpt>
    <trkpt lat="-34.4962969" lon="138.3987616">
      <ele>16.211</ele>
    </trkpt>
    <trkpt lat="-34.4963475" lon="138.3988107">
      <ele>16.57</ele>
    </trkpt>
    <trkpt lat="-34.4965368" lon="138.3990021">
      <ele>16.783</ele>
    </trkpt>
    <trkpt lat="-34.4966213" lon="138.3990854">
      <ele>16.408</ele>
    </trkpt>
    <trkpt lat="-34.4979869" lon="138.4003697">
      <ele>15.751</ele>
    </trkpt>
    <trkpt lat="-34.4983537" lon="138.4007119">
      <ele>16.0</ele>
    </trkpt>
    <trkpt lat="-34.4983839" lon="138.4007401">
      <ele>16.0</ele>
    </trkpt>
    <trkpt lat="-34.4985858" lon="138.4009346">
      <ele>15.635</ele>
    </trkpt>
    <trkpt lat="-34.4989113" lon="138.4012425">
      <ele>12.484</ele>
    </trkpt>
    <trkpt lat="-34.4991141" lon="138.4014379">
      <ele>12.176</ele>
    </trkpt>
    <trkpt lat="-34.4991241" lon="138.401447">
      <ele>12.209</ele>
    </trkpt>
    <trkpt lat="-34.4993646" lon="138.4016656">
      <ele>12.996</ele>
    </trkpt>
    <trkpt lat="-34.5012308" lon="138.4034419">
      <ele>13.307</ele>
    </trkpt>
    <trkpt lat="-34.5042032" lon="138.40627">
      <ele>11.372</ele>
    </trkpt>
    <trkpt lat="-34.5063655" lon="138.4083276">
      <ele>11.813</ele>
    </trkpt>
    <trkpt lat="-34.5092117" lon="138.4110133">
      <ele>13.733</ele>
    </trkpt>
    <trkpt lat="-34.509535" lon="138.4113212">
      <ele>11.674</ele>
    </trkpt>
    <trkpt lat="-34.5098369" lon="138.4116051">
      <ele>11.778</ele>
    </trkpt>
    <trkpt lat="-34.5100706" lon="138.4118257">
      <ele>12.573</ele>
    </trkpt>
    <trkpt lat="-34.5104482" lon="138.41218">
      <ele>12.907</ele>
    </trkpt>
    <trkpt lat="-34.5107846" lon="138.4124915">
      <ele>13.0</ele>
    </trkpt>
    <trkpt lat="-34.5108607" lon="138.4125625">
      <ele>12.901</ele>
    </trkpt>
    <trkpt lat="-34.5116796" lon="138.4133359">
      <ele>12.953</ele>
    </trkpt>
    <trkpt lat="-34.5120295" lon="138.4136854">
      <ele>12.0</ele>
    </trkpt>
    <trkpt lat="-34.5122945" lon="138.4139566">
      <ele>12.504</ele>
    </trkpt>
    <trkpt lat="-34.5124786" lon="138.4141462">
      <ele>13.849</ele>
    </trkpt>
    <trkpt lat="-34.512689" lon="138.4143609">
      <ele>14.476</ele>
    </trkpt>
    <trkpt lat="-34.5127222" lon="138.4143933">
      <ele>14.653</ele>
    </trkpt>
    <trkpt lat="-34.5129505" lon="138.4146363">
      <ele>14.186</ele>
    </trkpt>
    <trkpt lat="-34.5133046" lon="138.4150378">
      <ele>13.089</ele>
    </trkpt>
    <trkpt lat="-34.5137958" lon="138.4155949">
      <ele>13.094</ele>
    </trkpt>
    <trkpt lat="-34.5138085" lon="138.4156093">
      <ele>13.137</ele>
    </trkpt>
    <trkpt lat="-34.5143037" lon="138.4162022">
      <ele>13.838</ele>
    </trkpt>
    <trkpt lat="-34.5145021" lon="138.4164462">
      <ele>13.208</ele>
    </trkpt>
    <trkpt lat="-34.5170269" lon="138.4195654">
      <ele>13.723</ele>
    </trkpt>
    <trkpt lat="-34.5192858" lon="138.4223565">
      <ele>13.931</ele>
    </trkpt>
    <trkpt lat="-34.5195279" lon="138.4226556">
      <ele>16.029</ele>
    </trkpt>
    <trkpt lat="-34.5195979" lon="138.4227437">
      <ele>16.914</ele>
    </trkpt>
    <trkpt lat="-34.5201179" lon="138.4233936">
      <ele>14.026</ele>
    </trkpt>
    <trkpt lat="-34.5206621" lon="138.424055">
      <ele>13.229</ele>
    </trkpt>
    <trkpt lat="-34.5208256" lon="138.4242694">
      <ele>13.972</ele>
    </trkpt>
    <trkpt lat="-34.5209534" lon="138.4244291">
      <ele>14.864</ele>
    </trkpt>
    <trkpt lat="-34.5211868" lon="138.4247018">
      <ele>16.272</ele>
    </trkpt>
    <trkpt lat="-34.521574" lon="138.4251736">
      <ele>16.167</ele>
    </trkpt>
    <trkpt lat="-34.5220564" lon="138.425773">
      <ele>14.13</ele>
    </trkpt>
    <trkpt lat="-34.5228973" lon="138.4268213">
      <ele>12.43</ele>
    </trkpt>
    <trkpt lat="-34.5244208" lon="138.4287066">
      <ele>15.029</ele>
    </trkpt>
    <trkpt lat="-34.5254819" lon="138.4300165">
      <ele>14.265</ele>
    </trkpt>
    <trkpt lat="-34.5261051" lon="138.4307894">
      <ele>14.824</ele>
    </trkpt>
    <trkpt lat="-34.5270581" lon="138.4319766">
      <ele>14.522</ele>
    </trkpt>
    <trkpt lat="-34.527677" lon="138.4326946">
      <ele>12.637</ele>
    </trkpt>
    <trkpt lat="-34.5280254" lon="138.4331393">
      <ele>13.924</ele>
    </trkpt>
    <trkpt lat="-34.5285085" lon="138.4337488">
      <ele>12.814</ele>
    </trkpt>
    <trkpt lat="-34.5293131" lon="138.4346909">
      <ele>15.005</ele>
    </trkpt>
    <trkpt lat="-34.5294197" lon="138.4348116">
      <ele>14.149</ele>
    </trkpt>
    <trkpt lat="-34.5296434" lon="138.4350827">
      <ele>14.0</ele>
    </trkpt>
    <trkpt lat="-34.5298596" lon="138.4353291">
      <ele>14.401</ele>
    </trkpt>
    <trkpt lat="-34.5299977" lon="138.4354984">
      <ele>14.985</ele>
    </trkpt>
    <trkpt lat="-34.530197" lon="138.4357169">
      <ele>14.831</ele>
    </trkpt>
    <trkpt lat="-34.5305018" lon="138.4360469">
      <ele>14.194</ele>
    </trkpt>
    <trkpt lat="-34.5310532" lon="138.4366362">
      <ele>14.89</ele>
    </trkpt>
    <trkpt lat="-34.5315485" lon="138.4371539">
      <ele>14.425</ele>
    </trkpt>
    <trkpt lat="-34.5319676" lon="138.4375775">
      <ele>15.302</ele>
    </trkpt>
    <trkpt lat="-34.5323468" lon="138.4379635">
      <ele>16.552</ele>
    </trkpt>
    <trkpt lat="-34.5332624" lon="138.4388284">
      <ele>17.255</ele>
    </trkpt>
    <trkpt lat="-34.5333338" lon="138.438891">
      <ele>16.998</ele>
    </trkpt>
    <trkpt lat="-34.5335779" lon="138.4391298">
      <ele>16.883</ele>
    </trkpt>
    <trkpt lat="-34.5341776" lon="138.4397153">
      <ele>15.961</ele>
    </trkpt>
    <trkpt lat="-34.5346816" lon="138.4402123">
      <ele>15.112</ele>
    </trkpt>
    <trkpt lat="-34.534981" lon="138.4405362">
      <ele>15.93</ele>
    </trkpt>
    <trkpt lat="-34.5350583" lon="138.4406192">
      <ele>16.0</ele>
    </trkpt>
    <trkpt lat="-34.5355319" lon="138.4411619">
      <ele>15.085</ele>
    </trkpt>
    <trkpt lat="-34.5358875" lon="138.4415616">
      <ele>14.499</ele>
    </trkpt>
    <trkpt lat="-34.5374457" lon="138.4433739">
      <ele>15.0</ele>
    </trkpt>
    <trkpt lat="-34.5374747" lon="138.4434105">
      <ele>15.0</ele>
    </trkpt>
    <trkpt lat="-34.5379895" lon="138.4440082">
      <ele>16.87</ele>
    </trkpt>
    <trkpt lat="-34.53855" lon="138.4446719">
      <ele>16.0</ele>
    </trkpt>
    <trkpt lat="-34.5416627" lon="138.4483037">
      <ele>15.121</ele>
    </trkpt>
    <trkpt lat="-34.5433335" lon="138.450238">
      <ele>13.999</ele>
    </trkpt>
    <trkpt lat="-34.5434829" lon="138.450415">
      <ele>13.462</ele>
    </trkpt>
    <trkpt lat="-34.544208" lon="138.4512533">
      <ele>16.073</ele>
    </trkpt>
    <trkpt lat="-34.5446803" lon="138.4517762">
      <ele>15.0</ele>
    </trkpt>
    <trkpt lat="-34.546982" lon="138.4544831">
      <ele>17.88</ele>
    </trkpt>
    <trkpt lat="-34.5472198" lon="138.4547554">
      <ele>18.111</ele>
    </trkpt>
    <trkpt lat="-34.5473507" lon="138.4549053">
      <ele>18.659</ele>
    </trkpt>
    <trkpt lat="-34.5474815" lon="138.4550551">
      <ele>19.198</ele>
    </trkpt>
    <trkpt lat="-34.5491823" lon="138.4570032">
      <ele>19.744</ele>
    </trkpt>
    <trkpt lat="-34.5502543" lon="138.4582522">
      <ele>16.085</ele>
    </trkpt>
    <trkpt lat="-34.5506452" lon="138.4587092">
      <ele>14.73</ele>
    </trkpt>
    <trkpt lat="-34.5510699" lon="138.4591894">
      <ele>17.403</ele>
    </trkpt>
    <trkpt lat="-34.5512441" lon="138.459394">
      <ele>16.755</ele>
    </trkpt>
    <trkpt lat="-34.5519161" lon="138.4601761">
      <ele>16.467</ele>
    </trkpt>
    <trkpt lat="-34.5523714" lon="138.4606871">
      <ele>16.717</ele>
    </trkpt>
    <trkpt lat="-34.5543283" lon="138.462985">
      <ele>14.148</ele>
    </trkpt>
    <trkpt lat="-34.5545666" lon="138.4632573">
      <ele>13.713</ele>
    </trkpt>
    <trkpt lat="-34.5548034" lon="138.4635243">
      <ele>13.605</ele>
    </trkpt>
    <trkpt lat="-34.5551153" lon="138.4638859">
      <ele>14.826</ele>
    </trkpt>
    <trkpt lat="-34.555426" lon="138.4642447">
      <ele>17.431</ele>
    </trkpt>
    <trkpt lat="-34.5560357" lon="138.4649508">
      <ele>18.142</ele>
    </trkpt>
    <trkpt lat="-34.5563151" lon="138.4652691">
      <ele>17.289</ele>
    </trkpt>
    <trkpt lat="-34.5565961" lon="138.4655979">
      <ele>17.0</ele>
    </trkpt>
    <trkpt lat="-34.5568262" lon="138.4658669">
      <ele>16.879</ele>
    </trkpt>
    <trkpt lat="-34.5568887" lon="138.465938">
      <ele>16.623</ele>
    </trkpt>
    <trkpt lat="-34.5572895" lon="138.4664015">
      <ele>15.723</ele>
    </trkpt>
    <trkpt lat="-34.5575133" lon="138.4666679">
      <ele>15.0</ele>
    </trkpt>
    <trkpt lat="-34.5576765" lon="138.4668559">
      <ele>15.0</ele>
    </trkpt>
    <trkpt lat="-34.5586936" lon="138.4680336">
      <ele>16.376</ele>
    </trkpt>
    <trkpt lat="-34.559814" lon="138.4693311">
      <ele>17.408</ele>
    </trkpt>
    <trkpt lat="-34.5614" lon="138.471173">
      <ele>14.254</ele>
    </trkpt>
    <trkpt lat="-34.5615728" lon="138.4713736">
      <ele>14.981</ele>
    </trkpt>
    <trkpt lat="-34.5615837" lon="138.4713843">
      <ele>14.995</ele>
    </trkpt>
    <trkpt lat="-34.5622212" lon="138.4721249">
      <ele>16.353</ele>
    </trkpt>
    <trkpt lat="-34.5629035" lon="138.4729146">
      <ele>14.008</ele>
    </trkpt>
    <trkpt lat="-34.5634868" lon="138.4736084">
      <ele>16.0</ele>
    </trkpt>
    <trkpt lat="-34.5648225" lon="138.4751247">
      <ele>14.0</ele>
    </trkpt>
    <trkpt lat="-34.5660285" lon="138.4765306">
      <ele>14.848</ele>
    </trkpt>
    <trkpt lat="-34.567817" lon="138.4786156">
      <ele>13.998</ele>
    </trkpt>
    <trkpt lat="-34.5679165" lon="138.4787323">
      <ele>13.782</ele>
    </trkpt>
    <trkpt lat="-34.5680142" lon="138.4788461">
      <ele>13.28</ele>
    </trkpt>
    <trkpt lat="-34.5682302" lon="138.4790958">
      <ele>13.277</ele>
    </trkpt>
    <trkpt lat="-34.5686617" lon="138.4795946">
      <ele>13.182</ele>
    </trkpt>
    <trkpt lat="-34.5713316" lon="138.4826964">
      <ele>13.707</ele>
    </trkpt>
    <trkpt lat="-34.5719681" lon="138.4834309">
      <ele>11.704</ele>
    </trkpt>
    <trkpt lat="-34.5726209" lon="138.4841815">
      <ele>11.87</ele>
    </trkpt>
    <trkpt lat="-34.5731451" lon="138.4848252">
      <ele>13.307</ele>
    </trkpt>
    <trkpt lat="-34.5733577" lon="138.4850312">
      <ele>11.99</ele>
    </trkpt>
    <trkpt lat="-34.5780913" lon="138.4905113">
      <ele>11.0</ele>
    </trkpt>
    <trkpt lat="-34.5822121" lon="138.4952837">
      <ele>11.015</ele>
    </trkpt>
    <trkpt lat="-34.5830367" lon="138.4962405">
      <ele>10.828</ele>
    </trkpt>
    <trkpt lat="-34.5832867" lon="138.4965312">
      <ele>12.75</ele>
    </trkpt>
    <trkpt lat="-34.5835745" lon="138.4968659">
      <ele>12.037</ele>
    </trkpt>
    <trkpt lat="-34.5837374" lon="138.4970462">
      <ele>12.088</ele>
    </trkpt>
    <trkpt lat="-34.5839545" lon="138.497298">
      <ele>11.491</ele>
    </trkpt>
    <trkpt lat="-34.5841625" lon="138.4975297">
      <ele>9.906</ele>
    </trkpt>
    <trkpt lat="-34.5842631" lon="138.4976538">
      <ele>9.291</ele>
    </trkpt>
    <trkpt lat="-34.5844246" lon="138.4978291">
      <ele>9.172</ele>
    </trkpt>
    <trkpt lat="-34.5845892" lon="138.4980097">
      <ele>10.963</ele>
    </trkpt>
    <trkpt lat="-34.5848408" lon="138.4982805">
      <ele>12.0</ele>
    </trkpt>
    <trkpt lat="-34.5851639" lon="138.4986375">
      <ele>10.82</ele>
    </trkpt>
    <trkpt lat="-34.5854111" lon="138.498912">
      <ele>9.957</ele>
    </trkpt>
    <trkpt lat="-34.585731" lon="138.4992696">
      <ele>10.234</ele>
    </trkpt>
    <trkpt lat="-34.5859736" lon="138.4995467">
      <ele>10.632</ele>
    </trkpt>
    <trkpt lat="-34.5862112" lon="138.4998228">
      <ele>10.36</ele>
    </trkpt>
    <trkpt lat="-34.5864519" lon="138.5001041">
      <ele>11.142</ele>
    </trkpt>
    <trkpt lat="-34.5878578" lon="138.5017415">
      <ele>10.269</ele>
    </trkpt>
    <trkpt lat="-34.5881258" lon="138.5020404">
      <ele>11.598</ele>
    </trkpt>
    <trkpt lat="-34.5884225" lon="138.5024434">
      <ele>13.0</ele>
    </trkpt>
    <trkpt lat="-34.5885012" lon="138.502535">
      <ele>13.0</ele>
    </trkpt>
    <trkpt lat="-34.5887374" lon="138.5028115">
      <ele>12.545</ele>
    </trkpt>
    <trkpt lat="-34.5888967" lon="138.5029827">
      <ele>11.993</ele>
    </trkpt>
    <trkpt lat="-34.5890669" lon="138.5031735">
      <ele>11.728</ele>
    </trkpt>
    <trkpt lat="-34.5892994" lon="138.5034451">
      <ele>10.598</ele>
    </trkpt>
    <trkpt lat="-34.5895389" lon="138.5037255">
      <ele>10.14</ele>
    </trkpt>
    <trkpt lat="-34.5897254" lon="138.5039457">
      <ele>11.207</ele>
    </trkpt>
    <trkpt lat="-34.5899479" lon="138.504166">
      <ele>12.808</ele>
    </trkpt>
    <trkpt lat="-34.5901837" lon="138.5044434">
      <ele>12.339</ele>
    </trkpt>
    <trkpt lat="-34.5905842" lon="138.5049148">
      <ele>11.929</ele>
    </trkpt>
    <trkpt lat="-34.5909869" lon="138.5053751">
      <ele>11.0</ele>
    </trkpt>
    <trkpt lat="-34.5919421" lon="138.5064912">
      <ele>11.005</ele>
    </trkpt>
    <trkpt lat="-34.5923346" lon="138.5069487">
      <ele>11.405</ele>
    </trkpt>
    <trkpt lat="-34.592755" lon="138.5073961">
      <ele>11.031</ele>
    </trkpt>
    <trkpt lat="-34.5932972" lon="138.5080689">
      <ele>10.822</ele>
    </trkpt>
    <trkpt lat="-34.5933828" lon="138.5081832">
      <ele>10.54</ele>
    </trkpt>
    <trkpt lat="-34.5938188" lon="138.5086673">
      <ele>10.606</ele>
    </trkpt>
    <trkpt lat="-34.5941358" lon="138.5090194">
      <ele>12.0</ele>
    </trkpt>
    <trkpt lat="-34.5941683" lon="138.5090635">
      <ele>11.985</ele>
    </trkpt>
    <trkpt lat="-34.5942982" lon="138.509227">
      <ele>10.465</ele>
    </trkpt>
    <trkpt lat="-34.5950223" lon="138.5100866">
      <ele>10.0</ele>
    </trkpt>
    <trkpt lat="-34.5952893" lon="138.5103251">
      <ele>10.041</ele>
    </trkpt>
    <trkpt lat="-34.5961616" lon="138.5113686">
      <ele>9.073</ele>
    </trkpt>
    <trkpt lat="-34.5963828" lon="138.5115938">
      <ele>9.738</ele>
    </trkpt>
    <trkpt lat="-34.5966657" lon="138.5118817">
      <ele>10.228</ele>
    </trkpt>
    <trkpt lat="-34.5970098" lon="138.5122076">
      <ele>9.211</ele>
    </trkpt>
    <trkpt lat="-34.5972784" lon="138.5124542">
      <ele>10.0</ele>
    </trkpt>
    <trkpt lat="-34.5977278" lon="138.5128388">
      <ele>10.0</ele>
    </trkpt>
    <trkpt lat="-34.5980932" lon="138.5131309">
      <ele>10.766</ele>
    </trkpt>
    <trkpt lat="-34.5984659" lon="138.5134141">
      <ele>10.848</ele>
    </trkpt>
    <trkpt lat="-34.5986533" lon="138.5135487">
      <ele>11.152</ele>
    </trkpt>
    <trkpt lat="-34.5988464" lon="138.5136848">
      <ele>11.806</ele>
    </trkpt>
    <trkpt lat="-34.5992363" lon="138.5139485">
      <ele>11.749</ele>
    </trkpt>
    <trkpt lat="-34.5994228" lon="138.5140669">
      <ele>11.078</ele>
    </trkpt>
    <trkpt lat="-34.5998181" lon="138.5143081">
      <ele>12.521</ele>
    </trkpt>
    <trkpt lat="-34.6001127" lon="138.5144787">
      <ele>13.95</ele>
    </trkpt>
    <trkpt lat="-34.600317" lon="138.5145931">
      <ele>13.182</ele>
    </trkpt>
    <trkpt lat="-34.6005077" lon="138.5146907">
      <ele>11.458</ele>
    </trkpt>
    <trkpt lat="-34.6008228" lon="138.5148511">
      <ele>12.426</ele>
    </trkpt>
    <trkpt lat="-34.6011224" lon="138.5150002">
      <ele>15.001</ele>
    </trkpt>
    <trkpt lat="-34.601434" lon="138.5151418">
      <ele>14.917</ele>
    </trkpt>
    <trkpt lat="-34.6018513" lon="138.5153144">
      <ele>13.956</ele>
    </trkpt>
    <trkpt lat="-34.602274" lon="138.5154793">
      <ele>14.814</ele>
    </trkpt>
    <trkpt lat="-34.6025414" lon="138.5155719">
      <ele>14.0</ele>
    </trkpt>
    <trkpt lat="-34.6028716" lon="138.5156723">
      <ele>13.804</ele>
    </trkpt>
    <trkpt lat="-34.6030903" lon="138.5157355">
      <ele>13.567</ele>
    </trkpt>
    <trkpt lat="-34.6035196" lon="138.5158708">
      <ele>13.135</ele>
    </trkpt>
    <trkpt lat="-34.6038841" lon="138.5159691">
      <ele>12.026</ele>
    </trkpt>
    <trkpt lat="-34.6046401" lon="138.5161229">
      <ele>11.0</ele>
    </trkpt>
    <trkpt lat="-34.6048361" lon="138.5161574">
      <ele>11.41</ele>
    </trkpt>
    <trkpt lat="-34.6048699" lon="138.5161646">
      <ele>11.532</ele>
    </trkpt>
    <trkpt lat="-34.6053008" lon="138.5162251">
      <ele>12.0</ele>
    </trkpt>
    <trkpt lat="-34.6056271" lon="138.5162626">
      <ele>12.14</ele>
    </trkpt>
    <trkpt lat="-34.6060641" lon="138.5163012">
      <ele>12.684</ele>
    </trkpt>
    <trkpt lat="-34.6063941" lon="138.5163287">
      <ele>11.996</ele>
    </trkpt>
    <trkpt lat="-34.6066173" lon="138.5163467">
      <ele>11.875</ele>
    </trkpt>
    <trkpt lat="-34.6069525" lon="138.5163742">
      <ele>10.946</ele>
    </trkpt>
    <trkpt lat="-34.6072785" lon="138.5164017">
      <ele>11.645</ele>
    </trkpt>
    <trkpt lat="-34.6074995" lon="138.5164266">
      <ele>13.995</ele>
    </trkpt>
    <trkpt lat="-34.6077189" lon="138.5164515">
      <ele>14.788</ele>
    </trkpt>
    <trkpt lat="-34.6080479" lon="138.516496">
      <ele>13.055</ele>
    </trkpt>
    <trkpt lat="-34.6081659" lon="138.516511">
      <ele>12.777</ele>
    </trkpt>
    <trkpt lat="-34.6083809" lon="138.5165433">
      <ele>12.461</ele>
    </trkpt>
    <trkpt lat="-34.6086028" lon="138.5165756">
      <ele>12.02</ele>
    </trkpt>
    <trkpt lat="-34.6087477" lon="138.5166016">
      <ele>11.885</ele>
    </trkpt>
    <trkpt lat="-34.6089371" lon="138.5166309">
      <ele>11.894</ele>
    </trkpt>
    <trkpt lat="-34.6091534" lon="138.5166726">
      <ele>12.042</ele>
    </trkpt>
    <trkpt lat="-34.6095476" lon="138.5167471">
      <ele>12.629</ele>
    </trkpt>
    <trkpt lat="-34.6096947" lon="138.5167758">
      <ele>12.099</ele>
    </trkpt>
    <trkpt lat="-34.6100264" lon="138.5168442">
      <ele>11.327</ele>
    </trkpt>
    <trkpt lat="-34.6101384" lon="138.516871">
      <ele>11.133</ele>
    </trkpt>
    <trkpt lat="-34.6104612" lon="138.5169474">
      <ele>11.011</ele>
    </trkpt>
    <trkpt lat="-34.6108045" lon="138.5170306">
      <ele>11.928</ele>
    </trkpt>
    <trkpt lat="-34.6112162" lon="138.5171382">
      <ele>14.076</ele>
    </trkpt>
    <trkpt lat="-34.6114331" lon="138.5171976">
      <ele>14.925</ele>
    </trkpt>
    <trkpt lat="-34.6117437" lon="138.5172833">
      <ele>15.436</ele>
    </trkpt>
    <trkpt lat="-34.612179" lon="138.5174122">
      <ele>16.578</ele>
    </trkpt>
    <trkpt lat="-34.6124985" lon="138.51752">
      <ele>16.077</ele>
    </trkpt>
    <trkpt lat="-34.6126028" lon="138.5175527">
      <ele>15.82</ele>
    </trkpt>
    <trkpt lat="-34.6130271" lon="138.517709">
      <ele>15.077</ele>
    </trkpt>
    <trkpt lat="-34.6132441" lon="138.5177858">
      <ele>14.98</ele>
    </trkpt>
    <trkpt lat="-34.6135585" lon="138.5179022">
      <ele>14.915</ele>
    </trkpt>
    <trkpt lat="-34.6137738" lon="138.517986">
      <ele>13.39</ele>
    </trkpt>
    <trkpt lat="-34.6140746" lon="138.5181266">
      <ele>12.341</ele>
    </trkpt>
    <trkpt lat="-34.6142162" lon="138.5181834">
      <ele>12.542</ele>
    </trkpt>
    <trkpt lat="-34.6143885" lon="138.5182676">
      <ele>13.373</ele>
    </trkpt>
    <trkpt lat="-34.6146845" lon="138.5184016">
      <ele>13.594</ele>
    </trkpt>
    <trkpt lat="-34.6148715" lon="138.5184987">
      <ele>13.871</ele>
    </trkpt>
    <trkpt lat="-34.6149793" lon="138.5185471">
      <ele>13.827</ele>
    </trkpt>
    <trkpt lat="-34.6153841" lon="138.5187417">
      <ele>14.087</ele>
    </trkpt>
    <trkpt lat="-34.615783" lon="138.5189455">
      <ele>14.0</ele>
    </trkpt>
    <trkpt lat="-34.6160824" lon="138.519095">
      <ele>14.0</ele>
    </trkpt>
    <trkpt lat="-34.616476" lon="138.5193051">
      <ele>13.156</ele>
    </trkpt>
    <trkpt lat="-34.6168715" lon="138.5195127">
      <ele>13.625</ele>
    </trkpt>
    <trkpt lat="-34.6172647" lon="138.5197222">
      <ele>14.0</ele>
    </trkpt>
    <trkpt lat="-34.6176564" lon="138.5199307">
      <ele>13.437</ele>
    </trkpt>
    <trkpt lat="-34.6180539" lon="138.5201397">
      <ele>12.5</ele>
    </trkpt>
    <trkpt lat="-34.6184488" lon="138.5203484">
      <ele>11.67</ele>
    </trkpt>
    <trkpt lat="-34.6188496" lon="138.5205616">
      <ele>13.859</ele>
    </trkpt>
    <trkpt lat="-34.6196337" lon="138.5209778">
      <ele>13.847</ele>
    </trkpt>
    <trkpt lat="-34.6201302" lon="138.5212408">
      <ele>15.0</ele>
    </trkpt>
    <trkpt lat="-34.6207254" lon="138.5215533">
      <ele>12.638</ele>
    </trkpt>
    <trkpt lat="-34.6212109" lon="138.5218149">
      <ele>14.893</ele>
    </trkpt>
    <trkpt lat="-34.6222091" lon="138.5223429">
      <ele>13.027</ele>
    </trkpt>
    <trkpt lat="-34.622702" lon="138.5226028">
      <ele>13.727</ele>
    </trkpt>
    <trkpt lat="-34.6230909" lon="138.5228136">
      <ele>14.887</ele>
    </trkpt>
    <trkpt lat="-34.6231947" lon="138.5228665">
      <ele>14.841</ele>
    </trkpt>
    <trkpt lat="-34.6232431" lon="138.5228942">
      <ele>14.864</ele>
    </trkpt>
    <trkpt lat="-34.6238141" lon="138.5232032">
      <ele>12.738</ele>
    </trkpt>
    <trkpt lat="-34.6243252" lon="138.5234702">
      <ele>14.07</ele>
    </trkpt>
    <trkpt lat="-34.6245228" lon="138.5235791">
      <ele>14.353</ele>
    </trkpt>
    <trkpt lat="-34.6248998" lon="138.5237737">
      <ele>13.0</ele>
    </trkpt>
    <trkpt lat="-34.6254769" lon="138.5240785">
      <ele>12.966</ele>
    </trkpt>
    <trkpt lat="-34.6259565" lon="138.5243313">
      <ele>13.181</ele>
    </trkpt>
    <trkpt lat="-34.6263336" lon="138.5245331">
      <ele>12.681</ele>
    </trkpt>
    <trkpt lat="-34.6264527" lon="138.5245976">
      <ele>12.575</ele>
    </trkpt>
    <trkpt lat="-34.6268983" lon="138.5248315">
      <ele>14.34</ele>
    </trkpt>
    <trkpt lat="-34.6273216" lon="138.525058">
      <ele>14.433</ele>
    </trkpt>
    <trkpt lat="-34.6274728" lon="138.5251385">
      <ele>13.599</ele>
    </trkpt>
    <trkpt lat="-34.6277717" lon="138.525299">
      <ele>14.055</ele>
    </trkpt>
    <trkpt lat="-34.6286262" lon="138.5257506">
      <ele>13.946</ele>
    </trkpt>
    <trkpt lat="-34.6286901" lon="138.5257822">
      <ele>13.716</ele>
    </trkpt>
    <trkpt lat="-34.6297921" lon="138.5263723">
      <ele>14.0</ele>
    </trkpt>
    <trkpt lat="-34.6303966" lon="138.5266972">
      <ele>13.809</ele>
    </trkpt>
    <trkpt lat="-34.6307046" lon="138.5268594">
      <ele>14.306</ele>
    </trkpt>
    <trkpt lat="-34.6312148" lon="138.5271289">
      <ele>14.709</ele>
    </trkpt>
    <trkpt lat="-34.631716" lon="138.5273985">
      <ele>14.301</ele>
    </trkpt>
    <trkpt lat="-34.6323145" lon="138.5277186">
      <ele>13.787</ele>
    </trkpt>
    <trkpt lat="-34.632724" lon="138.5279307">
      <ele>13.893</ele>
    </trkpt>
    <trkpt lat="-34.6327453" lon="138.5279422">
      <ele>13.931</ele>
    </trkpt>
    <trkpt lat="-34.6329098" lon="138.5280307">
      <ele>14.475</ele>
    </trkpt>
    <trkpt lat="-34.6333503" lon="138.5282678">
      <ele>13.175</ele>
    </trkpt>
    <trkpt lat="-34.6337438" lon="138.5284799">
      <ele>12.955</ele>
    </trkpt>
    <trkpt lat="-34.6343325" lon="138.5287857">
      <ele>14.778</ele>
    </trkpt>
    <trkpt lat="-34.6343932" lon="138.5288182">
      <ele>14.792</ele>
    </trkpt>
    <trkpt lat="-34.6345578" lon="138.5289063">
      <ele>14.937</ele>
    </trkpt>
    <trkpt lat="-34.6347224" lon="138.5289944">
      <ele>14.62</ele>
    </trkpt>
    <trkpt lat="-34.6347427" lon="138.5290053">
      <ele>14.581</ele>
    </trkpt>
    <trkpt lat="-34.6351472" lon="138.5292225">
      <ele>14.222</ele>
    </trkpt>
    <trkpt lat="-34.6357569" lon="138.5295469">
      <ele>13.53</ele>
    </trkpt>
    <trkpt lat="-34.6364673" lon="138.5299271">
      <ele>13.738</ele>
    </trkpt>
    <trkpt lat="-34.637063" lon="138.530243">
      <ele>14.875</ele>
    </trkpt>
    <trkpt lat="-34.6373758" lon="138.5304129">
      <ele>15.335</ele>
    </trkpt>
    <trkpt lat="-34.6376866" lon="138.5305768">
      <ele>16.595</ele>
    </trkpt>
    <trkpt lat="-34.6380758" lon="138.530782">
      <ele>16.815</ele>
    </trkpt>
    <trkpt lat="-34.638579" lon="138.531049">
      <ele>16.91</ele>
    </trkpt>
    <trkpt lat="-34.6391698" lon="138.5313652">
      <ele>19.842</ele>
    </trkpt>
    <trkpt lat="-34.6392831" lon="138.5314258">
      <ele>20.552</ele>
    </trkpt>
    <trkpt lat="-34.6393346" lon="138.5314525">
      <ele>20.834</ele>
    </trkpt>
    <trkpt lat="-34.6396828" lon="138.5316328">
      <ele>20.267</ele>
    </trkpt>
    <trkpt lat="-34.6399957" lon="138.5317974">
      <ele>17.517</ele>
    </trkpt>
    <trkpt lat="-34.6401608" lon="138.5318842">
      <ele>17.079</ele>
    </trkpt>
    <trkpt lat="-34.6403862" lon="138.5320028">
      <ele>16.692</ele>
    </trkpt>
    <trkpt lat="-34.6405941" lon="138.5321152">
      <ele>16.668</ele>
    </trkpt>
    <trkpt lat="-34.640797" lon="138.532225">
      <ele>16.989</ele>
    </trkpt>
    <trkpt lat="-34.6412092" lon="138.5324447">
      <ele>16.93</ele>
    </trkpt>
    <trkpt lat="-34.6416082" lon="138.5326635">
      <ele>14.832</ele>
    </trkpt>
    <trkpt lat="-34.6422136" lon="138.5330074">
      <ele>14.168</ele>
    </trkpt>
    <trkpt lat="-34.6427029" lon="138.5333005">
      <ele>15.762</ele>
    </trkpt>
    <trkpt lat="-34.6431832" lon="138.5336089">
      <ele>17.46</ele>
    </trkpt>
    <trkpt lat="-34.6434675" lon="138.5338125">
      <ele>17.408</ele>
    </trkpt>
    <trkpt lat="-34.6440256" lon="138.5342146">
      <ele>17.655</ele>
    </trkpt>
    <trkpt lat="-34.6445045" lon="138.5345762">
      <ele>15.309</ele>
    </trkpt>
    <trkpt lat="-34.6449653" lon="138.5349429">
      <ele>14.18</ele>
    </trkpt>
    <trkpt lat="-34.6453555" lon="138.5352698">
      <ele>13.288</ele>
    </trkpt>
    <trkpt lat="-34.6458716" lon="138.5357227">
      <ele>13.398</ele>
    </trkpt>
    <trkpt lat="-34.6461123" lon="138.535937">
      <ele>13.0</ele>
    </trkpt>
    <trkpt lat="-34.646369" lon="138.5361945">
      <ele>12.721</ele>
    </trkpt>
    <trkpt lat="-34.6465677" lon="138.536391">
      <ele>12.639</ele>
    </trkpt>
    <trkpt lat="-34.6467621" lon="138.5365943">
      <ele>12.425</ele>
    </trkpt>
    <trkpt lat="-34.6470618" lon="138.5369078">
      <ele>12.944</ele>
    </trkpt>
    <trkpt lat="-34.6476321" lon="138.5375282">
      <ele>14.0</ele>
    </trkpt>
    <trkpt lat="-34.6487895" lon="138.5387637">
      <ele>12.358</ele>
    </trkpt>
    <trkpt lat="-34.6492212" lon="138.5391864">
      <ele>13.0</ele>
    </trkpt>
    <trkpt lat="-34.6493207" lon="138.5392802">
      <ele>13.0</ele>
    </trkpt>
    <trkpt lat="-34.6495694" lon="138.5395069">
      <ele>13.101</ele>
    </trkpt>
    <trkpt lat="-34.6497172" lon="138.5396379">
      <ele>13.684</ele>
    </trkpt>
    <trkpt lat="-34.6500154" lon="138.5399023">
      <ele>16.648</ele>
    </trkpt>
    <trkpt lat="-34.6502806" lon="138.5401267">
      <ele>16.534</ele>
    </trkpt>
    <trkpt lat="-34.6502897" lon="138.5401344">
      <ele>16.473</ele>
    </trkpt>
    <trkpt lat="-34.6504784" lon="138.5402896">
      <ele>15.235</ele>
    </trkpt>
    <trkpt lat="-34.6506686" lon="138.5404405">
      <ele>14.007</ele>
    </trkpt>
    <trkpt lat="-34.6510364" lon="138.5407278">
      <ele>11.927</ele>
    </trkpt>
    <trkpt lat="-34.6510703" lon="138.5407555">
      <ele>11.666</ele>
    </trkpt>
    <trkpt lat="-34.6514309" lon="138.5410276">
      <ele>11.406</ele>
    </trkpt>
    <trkpt lat="-34.6514922" lon="138.541073">
      <ele>11.458</ele>
    </trkpt>
    <trkpt lat="-34.6516318" lon="138.5411689">
      <ele>12.056</ele>
    </trkpt>
    <trkpt lat="-34.6520316" lon="138.5414609">
      <ele>14.0</ele>
    </trkpt>
    <trkpt lat="-34.6522148" lon="138.5415752">
      <ele>14.0</ele>
    </trkpt>
    <trkpt lat="-34.6524954" lon="138.5417603">
      <ele>14.0</ele>
    </trkpt>
    <trkpt lat="-34.6527737" lon="138.5419277">
      <ele>15.911</ele>
    </trkpt>
    <trkpt lat="-34.652893" lon="138.5420043">
      <ele>16.289</ele>
    </trkpt>
    <trkpt lat="-34.6530943" lon="138.542121">
      <ele>16.67</ele>
    </trkpt>
    <trkpt lat="-34.6535784" lon="138.5424033">
      <ele>12.852</ele>
    </trkpt>
    <trkpt lat="-34.6537898" lon="138.5425193">
      <ele>12.401</ele>
    </trkpt>
    <trkpt lat="-34.6540936" lon="138.5426847">
      <ele>13.159</ele>
    </trkpt>
    <trkpt lat="-34.6541903" lon="138.5427315">
      <ele>13.167</ele>
    </trkpt>
    <trkpt lat="-34.6545996" lon="138.5429385">
      <ele>12.745</ele>
    </trkpt>
    <trkpt lat="-34.6548961" lon="138.5430769">
      <ele>12.952</ele>
    </trkpt>
    <trkpt lat="-34.6552108" lon="138.5432194">
      <ele>12.41</ele>
    </trkpt>
    <trkpt lat="-34.6557428" lon="138.5434454">
      <ele>13.945</ele>
    </trkpt>
    <trkpt lat="-34.6562571" lon="138.5436474">
      <ele>15.35</ele>
    </trkpt>
    <trkpt lat="-34.6564687" lon="138.5437263">
      <ele>14.713</ele>
    </trkpt>
    <trkpt lat="-34.6566813" lon="138.5438041">
      <ele>13.947</ele>
    </trkpt>
    <trkpt lat="-34.6569972" lon="138.5439143">
      <ele>13.0</ele>
    </trkpt>
    <trkpt lat="-34.6574267" lon="138.5440482">
      <ele>12.578</ele>
    </trkpt>
    <trkpt lat="-34.6577411" lon="138.5441433">
      <ele>11.143</ele>
    </trkpt>
    <trkpt lat="-34.6581775" lon="138.5442785">
      <ele>10.738</ele>
    </trkpt>
    <trkpt lat="-34.6589269" lon="138.5445081">
      <ele>12.366</ele>
    </trkpt>
    <trkpt lat="-34.6594562" lon="138.5446691">
      <ele>12.817</ele>
    </trkpt>
    <trkpt lat="-34.659777" lon="138.544767">
      <ele>12.839</ele>
    </trkpt>
    <trkpt lat="-34.6601007" lon="138.5448612">
      <ele>11.956</ele>
    </trkpt>
    <trkpt lat="-34.6604314" lon="138.5449618">
      <ele>10.275</ele>
    </trkpt>
    <trkpt lat="-34.6607452" lon="138.5450583">
      <ele>9.79</ele>
    </trkpt>
    <trkpt lat="-34.6609631" lon="138.5451264">
      <ele>9.545</ele>
    </trkpt>
    <trkpt lat="-34.6613367" lon="138.5452417">
      <ele>9.731</ele>
    </trkpt>
    <trkpt lat="-34.662722" lon="138.5456584">
      <ele>11.253</ele>
    </trkpt>
    <trkpt lat="-34.6628177" lon="138.5456929">
      <ele>10.927</ele>
    </trkpt>
    <trkpt lat="-34.6630382" lon="138.5457573">
      <ele>10.743</ele>
    </trkpt>
    <trkpt lat="-34.6633469" lon="138.5458546">
      <ele>11.0</ele>
    </trkpt>
    <trkpt lat="-34.6637656" lon="138.5459807">
      <ele>11.556</ele>
    </trkpt>
    <trkpt lat="-34.6643066" lon="138.5461438">
      <ele>11.437</ele>
    </trkpt>
    <trkpt lat="-34.6648372" lon="138.5463047">
      <ele>10.303</ele>
    </trkpt>
    <trkpt lat="-34.6652685" lon="138.5464369">
      <ele>10.167</ele>
    </trkpt>
    <trkpt lat="-34.6656909" lon="138.5465678">
      <ele>10.504</ele>
    </trkpt>
    <trkpt lat="-34.6662255" lon="138.5467415">
      <ele>10.142</ele>
    </trkpt>
    <trkpt lat="-34.6665494" lon="138.5468408">
      <ele>10.951</ele>
    </trkpt>
    <trkpt lat="-34.6669673" lon="138.546965">
      <ele>11.082</ele>
    </trkpt>
    <trkpt lat="-34.6673934" lon="138.5470938">
      <ele>12.616</ele>
    </trkpt>
    <trkpt lat="-34.6677116" lon="138.5471911">
      <ele>12.324</ele>
    </trkpt>
    <trkpt lat="-34.6681523" lon="138.5473356">
      <ele>11.206</ele>
    </trkpt>
    <trkpt lat="-34.6688434" lon="138.5475541">
      <ele>11.836</ele>
    </trkpt>
    <trkpt lat="-34.6696886" lon="138.5478353">
      <ele>12.217</ele>
    </trkpt>
    <trkpt lat="-34.6701623" lon="138.5479933">
      <ele>13.36</ele>
    </trkpt>
    <trkpt lat="-34.6704818" lon="138.5480976">
      <ele>14.623</ele>
    </trkpt>
    <trkpt lat="-34.6709116" lon="138.5482392">
      <ele>14.43</ele>
    </trkpt>
    <trkpt lat="-34.6713301" lon="138.5483845">
      <ele>15.145</ele>
    </trkpt>
    <trkpt lat="-34.6717564" lon="138.5485271">
      <ele>14.354</ele>
    </trkpt>
    <trkpt lat="-34.6720755" lon="138.548633">
      <ele>13.0</ele>
    </trkpt>
    <trkpt lat="-34.6725014" lon="138.5487746">
      <ele>13.005</ele>
    </trkpt>
    <trkpt lat="-34.6731378" lon="138.5489886">
      <ele>15.0</ele>
    </trkpt>
    <trkpt lat="-34.673504" lon="138.5491106">
      <ele>15.49</ele>
    </trkpt>
    <trkpt lat="-34.6735597" lon="138.5491291">
      <ele>15.705</ele>
    </trkpt>
    <trkpt lat="-34.6736775" lon="138.5491686">
      <ele>15.763</ele>
    </trkpt>
    <trkpt lat="-34.6739821" lon="138.5492706">
      <ele>14.577</ele>
    </trkpt>
    <trkpt lat="-34.6741971" lon="138.5493452">
      <ele>13.0</ele>
    </trkpt>
    <trkpt lat="-34.6743104" lon="138.5493845">
      <ele>13.0</ele>
    </trkpt>
    <trkpt lat="-34.6747258" lon="138.5495245">
      <ele>13.288</ele>
    </trkpt>
    <trkpt lat="-34.675051" lon="138.549631">
      <ele>13.795</ele>
    </trkpt>
    <trkpt lat="-34.6753666" lon="138.5497385">
      <ele>15.04</ele>
    </trkpt>
    <trkpt lat="-34.6757885" lon="138.54988">
      <ele>14.524</ele>
    </trkpt>
    <trkpt lat="-34.6762095" lon="138.5500248">
      <ele>13.942</ele>
    </trkpt>
    <trkpt lat="-34.6765387" lon="138.5501339">
      <ele>14.26</ele>
    </trkpt>
    <trkpt lat="-34.6769698" lon="138.5502765">
      <ele>14.904</ele>
    </trkpt>
    <trkpt lat="-34.6772858" lon="138.5503867">
      <ele>13.469</ele>
    </trkpt>
    <trkpt lat="-34.6776018" lon="138.5505022">
      <ele>13.0</ele>
    </trkpt>
    <trkpt lat="-34.6781226" lon="138.5507028">
      <ele>13.241</ele>
    </trkpt>
    <trkpt lat="-34.6785451" lon="138.550912">
      <ele>13.933</ele>
    </trkpt>
    <trkpt lat="-34.6789753" lon="138.5511179">
      <ele>12.976</ele>
    </trkpt>
    <trkpt lat="-34.6793717" lon="138.5513278">
      <ele>12.058</ele>
    </trkpt>
    <trkpt lat="-34.6799818" lon="138.551673">
      <ele>14.0</ele>
    </trkpt>
    <trkpt lat="-34.6804111" lon="138.5519445">
      <ele>14.0</ele>
    </trkpt>
    <trkpt lat="-34.6807413" lon="138.5521682">
      <ele>12.663</ele>
    </trkpt>
    <trkpt lat="-34.6812646" lon="138.5525346">
      <ele>11.069</ele>
    </trkpt>
    <trkpt lat="-34.6817757" lon="138.5529438">
      <ele>10.607</ele>
    </trkpt>
    <trkpt lat="-34.6821626" lon="138.5532776">
      <ele>10.785</ele>
    </trkpt>
    <trkpt lat="-34.6825098" lon="138.5535847">
      <ele>11.971</ele>
    </trkpt>
    <trkpt lat="-34.6829095" lon="138.553961">
      <ele>10.649</ele>
    </trkpt>
    <trkpt lat="-34.683031" lon="138.5540798">
      <ele>10.715</ele>
    </trkpt>
    <trkpt lat="-34.6833733" lon="138.5544443">
      <ele>11.856</ele>
    </trkpt>
    <trkpt lat="-34.6837604" lon="138.5548731">
      <ele>11.543</ele>
    </trkpt>
    <trkpt lat="-34.6840599" lon="138.5552321">
      <ele>11.486</ele>
    </trkpt>
    <trkpt lat="-34.6848123" lon="138.5562162">
      <ele>10.324</ele>
    </trkpt>
    <trkpt lat="-34.6851594" lon="138.5567461">
      <ele>12.164</ele>
    </trkpt>
    <trkpt lat="-34.6854597" lon="138.5572187">
      <ele>12.004</ele>
    </trkpt>
    <trkpt lat="-34.6857228" lon="138.557661">
      <ele>10.19</ele>
    </trkpt>
    <trkpt lat="-34.6863823" lon="138.5587484">
      <ele>11.506</ele>
    </trkpt>
    <trkpt lat="-34.6867128" lon="138.5593088">
      <ele>11.085</ele>
    </trkpt>
    <trkpt lat="-34.6872493" lon="138.5602243">
      <ele>13.903</ele>
    </trkpt>
    <trkpt lat="-34.6876355" lon="138.5608737">
      <ele>12.607</ele>
    </trkpt>
    <trkpt lat="-34.6879013" lon="138.5613208">
      <ele>11.446</ele>
    </trkpt>
    <trkpt lat="-34.6883313" lon="138.5620526">
      <ele>13.985</ele>
    </trkpt>
    <trkpt lat="-34.6892673" lon="138.5636152">
      <ele>9.985</ele>
    </trkpt>
    <trkpt lat="-34.6893408" lon="138.563738">
      <ele>9.543</ele>
    </trkpt>
    <trkpt lat="-34.6897216" lon="138.564327">
      <ele>8.0</ele>
    </trkpt>
    <trkpt lat="-34.6900988" lon="138.5648665">
      <ele>10.231</ele>
    </trkpt>
    <trkpt lat="-34.6901237" lon="138.5649072">
      <ele>10.557</ele>
    </trkpt>
    <trkpt lat="-34.6903468" lon="138.565199">
      <ele>12.538</ele>
    </trkpt>
    <trkpt lat="-34.6907555" lon="138.565729">
      <ele>10.93</ele>
    </trkpt>
    <trkpt lat="-34.6909253" lon="138.5659434">
      <ele>10.735</ele>
    </trkpt>
    <trkpt lat="-34.6910197" lon="138.5660657">
      <ele>10.725</ele>
    </trkpt>
    <trkpt lat="-34.6911886" lon="138.566276">
      <ele>11.166</ele>
    </trkpt>
    <trkpt lat="-34.6912194" lon="138.5663122">
      <ele>11.282</ele>
    </trkpt>
    <trkpt lat="-34.6913111" lon="138.5664275">
      <ele>11.581</ele>
    </trkpt>
    <trkpt lat="-34.6915153" lon="138.5666675">
      <ele>11.0</ele>
    </trkpt>
    <trkpt lat="-34.691844" lon="138.5670312">
      <ele>11.199</ele>
    </trkpt>
    <trkpt lat="-34.6920279" lon="138.5672223">
      <ele>12.3</ele>
    </trkpt>
    <trkpt lat="-34.6924527" lon="138.5675998">
      <ele>12.939</ele>
    </trkpt>
    <trkpt lat="-34.692557" lon="138.5676848">
      <ele>12.795</ele>
    </trkpt>
    <trkpt lat="-34.6927925" lon="138.5678914">
      <ele>12.0</ele>
    </trkpt>
    <trkpt lat="-34.6929587" lon="138.5680321">
      <ele>12.0</ele>
    </trkpt>
    <trkpt lat="-34.6930625" lon="138.5681199">
      <ele>11.793</ele>
    </trkpt>
    <trkpt lat="-34.6932144" lon="138.5682434">
      <ele>11.896</ele>
    </trkpt>
    <trkpt lat="-34.693288" lon="138.5683072">
      <ele>11.931</ele>
    </trkpt>
    <trkpt lat="-34.6933409" lon="138.5683481">
      <ele>12.001</ele>
    </trkpt>
    <trkpt lat="-34.6935649" lon="138.5685207">
      <ele>12.993</ele>
    </trkpt>
    <trkpt lat="-34.6939408" lon="138.5688051">
      <ele>13.489</ele>
    </trkpt>
    <trkpt lat="-34.6943708" lon="138.5691125">
      <ele>15.47</ele>
    </trkpt>
    <trkpt lat="-34.6944585" lon="138.5691723">
      <ele>16.0</ele>
    </trkpt>
    <trkpt lat="-34.6945302" lon="138.5692217">
      <ele>16.0</ele>
    </trkpt>
    <trkpt lat="-34.6946073" lon="138.5692697">
      <ele>16.0</ele>
    </trkpt>
    <trkpt lat="-34.6950355" lon="138.5695477">
      <ele>15.548</ele>
    </trkpt>
    <trkpt lat="-34.6952944" lon="138.5697136">
      <ele>14.882</ele>
    </trkpt>
    <trkpt lat="-34.6954765" lon="138.5698201">
      <ele>13.217</ele>
    </trkpt>
    <trkpt lat="-34.6962554" lon="138.5702635">
      <ele>10.012</ele>
    </trkpt>
    <trkpt lat="-34.6969002" lon="138.5705882">
      <ele>14.901</ele>
    </trkpt>
    <trkpt lat="-34.6970862" lon="138.5706336">
      <ele>13.842</ele>
    </trkpt>
    <trkpt lat="-34.6972409" lon="138.5706918">
      <ele>12.967</ele>
    </trkpt>
    <trkpt lat="-34.6978635" lon="138.5709182">
      <ele>11.909</ele>
    </trkpt>
    <trkpt lat="-34.6981414" lon="138.5710065">
      <ele>11.946</ele>
    </trkpt>
    <trkpt lat="-34.6981793" lon="138.5710186">
      <ele>11.963</ele>
    </trkpt>
    <trkpt lat="-34.6985351" lon="138.5711338">
      <ele>11.859</ele>
    </trkpt>
    <trkpt lat="-34.6988924" lon="138.5712418">
      <ele>11.535</ele>
    </trkpt>
    <trkpt lat="-34.6992512" lon="138.5713413">
      <ele>11.948</ele>
    </trkpt>
    <trkpt lat="-34.6996118" lon="138.5714325">
      <ele>11.398</ele>
    </trkpt>
    <trkpt lat="-34.699861" lon="138.5714968">
      <ele>11.306</ele>
    </trkpt>
    <trkpt lat="-34.7002936" lon="138.5716083">
      <ele>12.045</ele>
    </trkpt>
    <trkpt lat="-34.7005992" lon="138.5716828">
      <ele>12.991</ele>
    </trkpt>
    <trkpt lat="-34.7009767" lon="138.5717753">
      <ele>12.295</ele>
    </trkpt>
    <trkpt lat="-34.7011261" lon="138.5718099">
      <ele>11.972</ele>
    </trkpt>
    <trkpt lat="-34.7011293" lon="138.5718106">
      <ele>11.966</ele>
    </trkpt>
    <trkpt lat="-34.7014481" lon="138.5718841">
      <ele>11.004</ele>
    </trkpt>
    <trkpt lat="-34.7016612" lon="138.5719333">
      <ele>10.06</ele>
    </trkpt>
    <trkpt lat="-34.7023471" lon="138.5720836">
      <ele>13.675</ele>
    </trkpt>
    <trkpt lat="-34.7029364" lon="138.572204">
      <ele>12.391</ele>
    </trkpt>
    <trkpt lat="-34.7032516" lon="138.5722828">
      <ele>11.23</ele>
    </trkpt>
    <trkpt lat="-34.7036287" lon="138.5723753">
      <ele>10.937</ele>
    </trkpt>
    <trkpt lat="-34.704222" lon="138.5725332">
      <ele>10.0</ele>
    </trkpt>
    <trkpt lat="-34.7046157" lon="138.572642">
      <ele>10.315</ele>
    </trkpt>
    <trkpt lat="-34.7048658" lon="138.5727094">
      <ele>11.271</ele>
    </trkpt>
    <trkpt lat="-34.7051157" lon="138.5727768">
      <ele>11.581</ele>
    </trkpt>
    <trkpt lat="-34.7054656" lon="138.5728756">
      <ele>11.352</ele>
    </trkpt>
    <trkpt lat="-34.7057291" lon="138.5729524">
      <ele>11.629</ele>
    </trkpt>
    <trkpt lat="-34.7060036" lon="138.5730425">
      <ele>11.369</ele>
    </trkpt>
    <trkpt lat="-34.7061996" lon="138.5731007">
      <ele>11.429</ele>
    </trkpt>
    <trkpt lat="-34.7063939" lon="138.5731669">
      <ele>12.0</ele>
    </trkpt>
    <trkpt lat="-34.706586" lon="138.573241">
      <ele>12.0</ele>
    </trkpt>
    <trkpt lat="-34.7067762" lon="138.5733236">
      <ele>12.0</ele>
    </trkpt>
    <trkpt lat="-34.7069642" lon="138.5734136">
      <ele>12.0</ele>
    </trkpt>
    <trkpt lat="-34.7071495" lon="138.5735116">
      <ele>12.0</ele>
    </trkpt>
    <trkpt lat="-34.7073322" lon="138.5736172">
      <ele>12.0</ele>
    </trkpt>
    <trkpt lat="-34.7075119" lon="138.5737308">
      <ele>12.043</ele>
    </trkpt>
    <trkpt lat="-34.7075174" lon="138.5737344">
      <ele>12.063</ele>
    </trkpt>
    <trkpt lat="-34.7079634" lon="138.5739029">
      <ele>13.769</ele>
    </trkpt>
    <trkpt lat="-34.7082355" lon="138.5739705">
      <ele>14.855</ele>
    </trkpt>
    <trkpt lat="-34.7083226" lon="138.5739779">
      <ele>14.986</ele>
    </trkpt>
    <trkpt lat="-34.7088256" lon="138.574048">
      <ele>14.228</ele>
    </trkpt>
    <trkpt lat="-34.7089253" lon="138.5740535">
      <ele>14.0</ele>
    </trkpt>
    <trkpt lat="-34.709105" lon="138.5740633">
      <ele>14.0</ele>
    </trkpt>
    <trkpt lat="-34.709131" lon="138.5740623">
      <ele>14.0</ele>
    </trkpt>
    <trkpt lat="-34.7092746" lon="138.5740564">
      <ele>14.0</ele>
    </trkpt>
    <trkpt lat="-34.7093108" lon="138.5740551">
      <ele>14.0</ele>
    </trkpt>
    <trkpt lat="-34.7094271" lon="138.5740511">
      <ele>14.0</ele>
    </trkpt>
    <trkpt lat="-34.7096418" lon="138.5740314">
      <ele>13.29</ele>
    </trkpt>
    <trkpt lat="-34.7098766" lon="138.5739938">
      <ele>12.444</ele>
    </trkpt>
    <trkpt lat="-34.7101192" lon="138.5739312">
      <ele>11.636</ele>
    </trkpt>
    <trkpt lat="-34.7103618" lon="138.5738686">
      <ele>10.949</ele>
    </trkpt>
    <trkpt lat="-34.7105311" lon="138.573787">
      <ele>10.968</ele>
    </trkpt>
    <trkpt lat="-34.7106957" lon="138.5737075">
      <ele>10.495</ele>
    </trkpt>
    <trkpt lat="-34.7110331" lon="138.5735269">
      <ele>11.107</ele>
    </trkpt>
    <trkpt lat="-34.7113754" lon="138.5733238">
      <ele>12.034</ele>
    </trkpt>
    <trkpt lat="-34.7116714" lon="138.573125">
      <ele>13.0</ele>
    </trkpt>
    <trkpt lat="-34.711717" lon="138.5730939">
      <ele>13.0</ele>
    </trkpt>
    <trkpt lat="-34.7118283" lon="138.573018">
      <ele>12.865</ele>
    </trkpt>
    <trkpt lat="-34.7121426" lon="138.5728156">
      <ele>11.423</ele>
    </trkpt>
    <trkpt lat="-34.7124438" lon="138.5726309">
      <ele>10.471</ele>
    </trkpt>
    <trkpt lat="-34.712623" lon="138.5725325">
      <ele>10.508</ele>
    </trkpt>
    <trkpt lat="-34.7128325" lon="138.5724311">
      <ele>10.949</ele>
    </trkpt>
    <trkpt lat="-34.7131182" lon="138.5723264">
      <ele>11.516</ele>
    </trkpt>
    <trkpt lat="-34.7134692" lon="138.572236">
      <ele>11.535</ele>
    </trkpt>
    <trkpt lat="-34.7136519" lon="138.5721978">
      <ele>10.693</ele>
    </trkpt>
    <trkpt lat="-34.7139371" lon="138.5721568">
      <ele>8.285</ele>
    </trkpt>
    <trkpt lat="-34.7143896" lon="138.5721663">
      <ele>7.605</ele>
    </trkpt>
    <trkpt lat="-34.7143909" lon="138.5721663">
      <ele>7.614</ele>
    </trkpt>
    <trkpt lat="-34.71442" lon="138.572164">
      <ele>7.824</ele>
    </trkpt>
    <trkpt lat="-34.7146636" lon="138.5721957">
      <ele>10.367</ele>
    </trkpt>
    <trkpt lat="-34.7147475" lon="138.5722066">
      <ele>11.096</ele>
    </trkpt>
    <trkpt lat="-34.7148425" lon="138.5722189">
      <ele>11.438</ele>
    </trkpt>
    <trkpt lat="-34.7149263" lon="138.5722298">
      <ele>11.735</ele>
    </trkpt>
    <trkpt lat="-34.7150213" lon="138.5722422">
      <ele>12.0</ele>
    </trkpt>
    <trkpt lat="-34.715502" lon="138.5723046">
      <ele>10.864</ele>
    </trkpt>
    <trkpt lat="-34.7156411" lon="138.5723286">
      <ele>10.648</ele>
    </trkpt>
    <trkpt lat="-34.7156434" lon="138.572329">
      <ele>10.647</ele>
    </trkpt>
    <trkpt lat="-34.716415" lon="138.5724615">
      <ele>10.0</ele>
    </trkpt>
    <trkpt lat="-34.7169247" lon="138.5725642">
      <ele>11.874</ele>
    </trkpt>
    <trkpt lat="-34.7173436" lon="138.5726708">
      <ele>13.168</ele>
    </trkpt>
    <trkpt lat="-34.7177682" lon="138.5727688">
      <ele>13.001</ele>
    </trkpt>
    <trkpt lat="-34.7178495" lon="138.5727077">
      <ele>12.677</ele>
    </trkpt>
    <trkpt lat="-34.718346" lon="138.5728504">
      <ele>12.511</ele>
    </trkpt>
    <trkpt lat="-34.7185201" lon="138.5729002">
      <ele>12.585</ele>
    </trkpt>
    <trkpt lat="-34.7193234" lon="138.5731304">
      <ele>11.613</ele>
    </trkpt>
    <trkpt lat="-34.7193355" lon="138.5731339">
      <ele>11.607</ele>
    </trkpt>
    <trkpt lat="-34.7196196" lon="138.5732142">
      <ele>11.789</ele>
    </trkpt>
    <trkpt lat="-34.7198738" lon="138.5732937">
      <ele>12.0</ele>
    </trkpt>
    <trkpt lat="-34.7204968" lon="138.5734702">
      <ele>12.0</ele>
    </trkpt>
    <trkpt lat="-34.7223704" lon="138.5739813">
      <ele>9.644</ele>
    </trkpt>
    <trkpt lat="-34.7238617" lon="138.5744085">
      <ele>11.085</ele>
    </trkpt>
    <trkpt lat="-34.7241447" lon="138.5744884">
      <ele>11.0</ele>
    </trkpt>
    <trkpt lat="-34.7258387" lon="138.5749333">
      <ele>11.741</ele>
    </trkpt>
    <trkpt lat="-34.7258793" lon="138.574944">
      <ele>11.633</ele>
    </trkpt>
    <trkpt lat="-34.7258839" lon="138.5749452">
      <ele>11.621</ele>
    </trkpt>
    <trkpt lat="-34.7260114" lon="138.5749787">
      <ele>11.282</ele>
    </trkpt>
    <trkpt lat="-34.7267157" lon="138.5751751">
      <ele>8.823</ele>
    </trkpt>
    <trkpt lat="-34.7268911" lon="138.575224">
      <ele>8.192</ele>
    </trkpt>
    <trkpt lat="-34.7275944" lon="138.5754202">
      <ele>9.834</ele>
    </trkpt>
    <trkpt lat="-34.7286614" lon="138.5757082">
      <ele>10.837</ele>
    </trkpt>
    <trkpt lat="-34.7288214" lon="138.5757521">
      <ele>10.557</ele>
    </trkpt>
    <trkpt lat="-34.7302044" lon="138.5761318">
      <ele>9.417</ele>
    </trkpt>
    <trkpt lat="-34.7311475" lon="138.57639">
      <ele>7.0</ele>
    </trkpt>
    <trkpt lat="-34.7313157" lon="138.576436">
      <ele>7.0</ele>
    </trkpt>
    <trkpt lat="-34.7318419" lon="138.5765799">
      <ele>8.434</ele>
    </trkpt>
    <trkpt lat="-34.7318495" lon="138.576582">
      <ele>8.458</ele>
    </trkpt>
    <trkpt lat="-34.7320339" lon="138.5766325">
      <ele>8.273</ele>
    </trkpt>
    <trkpt lat="-34.7323673" lon="138.5767279">
      <ele>6.291</ele>
    </trkpt>
    <trkpt lat="-34.7325204" lon="138.5767719">
      <ele>5.877</ele>
    </trkpt>
    <trkpt lat="-34.7327519" lon="138.5768442">
      <ele>7.512</ele>
    </trkpt>
    <trkpt lat="-34.7328136" lon="138.5768639">
      <ele>7.785</ele>
    </trkpt>
    <trkpt lat="-34.7331346" lon="138.5769667">
      <ele>7.977</ele>
    </trkpt>
    <trkpt lat="-34.7337597" lon="138.5771295">
      <ele>8.155</ele>
    </trkpt>
    <trkpt lat="-34.7349714" lon="138.5775088">
      <ele>8.231</ele>
    </trkpt>
    <trkpt lat="-34.7361233" lon="138.5778756">
      <ele>6.717</ele>
    </trkpt>
    <trkpt lat="-34.7371816" lon="138.5782627">
      <ele>5.745</ele>
    </trkpt>
    <trkpt lat="-34.7373835" lon="138.5783365">
      <ele>6.581</ele>
    </trkpt>
    <trkpt lat="-34.7380357" lon="138.5785473">
      <ele>9.715</ele>
    </trkpt>
    <trkpt lat="-34.7380533" lon="138.5785526">
      <ele>9.783</ele>
    </trkpt>
    <trkpt lat="-34.738148" lon="138.5785846">
      <ele>9.572</ele>
    </trkpt>
    <trkpt lat="-34.7384336" lon="138.5786813">
      <ele>8.639</ele>
    </trkpt>
    <trkpt lat="-34.738584" lon="138.5787335">
      <ele>8.098</ele>
    </trkpt>
    <trkpt lat="-34.7387947" lon="138.5787984">
      <ele>8.215</ele>
    </trkpt>
    <trkpt lat="-34.7393054" lon="138.5789707">
      <ele>9.705</ele>
    </trkpt>
    <trkpt lat="-34.7397418" lon="138.5791173">
      <ele>7.872</ele>
    </trkpt>
    <trkpt lat="-34.7400022" lon="138.5792071">
      <ele>6.131</ele>
    </trkpt>
    <trkpt lat="-34.740182" lon="138.5792691">
      <ele>5.3</ele>
    </trkpt>
    <trkpt lat="-34.7402613" lon="138.579296">
      <ele>5.022</ele>
    </trkpt>
    <trkpt lat="-34.7403698" lon="138.5793328">
      <ele>5.329</ele>
    </trkpt>
    <trkpt lat="-34.7408557" lon="138.5794976">
      <ele>6.367</ele>
    </trkpt>
    <trkpt lat="-34.7409665" lon="138.5795354">
      <ele>6.498</ele>
    </trkpt>
    <trkpt lat="-34.7410829" lon="138.5795739">
      <ele>6.513</ele>
    </trkpt>
    <trkpt lat="-34.7412041" lon="138.5796126">
      <ele>6.808</ele>
    </trkpt>
    <trkpt lat="-34.7412889" lon="138.5796393">
      <ele>7.15</ele>
    </trkpt>
    <trkpt lat="-34.7413702" lon="138.5796637">
      <ele>7.526</ele>
    </trkpt>
    <trkpt lat="-34.7414678" lon="138.5796934">
      <ele>7.822</ele>
    </trkpt>
    <trkpt lat="-34.7415467" lon="138.579718">
      <ele>7.978</ele>
    </trkpt>
    <trkpt lat="-34.7416186" lon="138.5797398">
      <ele>8.063</ele>
    </trkpt>
    <trkpt lat="-34.7416876" lon="138.5797602">
      <ele>8.191</ele>
    </trkpt>
    <trkpt lat="-34.7417439" lon="138.5797771">
      <ele>8.366</ele>
    </trkpt>
    <trkpt lat="-34.7418159" lon="138.5797983">
      <ele>8.517</ele>
    </trkpt>
    <trkpt lat="-34.741874" lon="138.579815">
      <ele>8.582</ele>
    </trkpt>
    <trkpt lat="-34.7420054" lon="138.5798528">
      <ele>8.414</ele>
    </trkpt>
    <trkpt lat="-34.7420916" lon="138.579877">
      <ele>8.208</ele>
    </trkpt>
    <trkpt lat="-34.7422052" lon="138.5799077">
      <ele>8.02</ele>
    </trkpt>
    <trkpt lat="-34.742368" lon="138.579951">
      <ele>8.432</ele>
    </trkpt>
    <trkpt lat="-34.7425528" lon="138.5799985">
      <ele>9.185</ele>
    </trkpt>
    <trkpt lat="-34.7426524" lon="138.5800226">
      <ele>9.585</ele>
    </trkpt>
    <trkpt lat="-34.7429298" lon="138.5800918">
      <ele>9.086</ele>
    </trkpt>
    <trkpt lat="-34.743214" lon="138.5801559">
      <ele>7.671</ele>
    </trkpt>
    <trkpt lat="-34.7434376" lon="138.580206">
      <ele>6.625</ele>
    </trkpt>
    <trkpt lat="-34.7436628" lon="138.5802523">
      <ele>6.017</ele>
    </trkpt>
    <trkpt lat="-34.7440178" lon="138.5803223">
      <ele>5.84</ele>
    </trkpt>
    <trkpt lat="-34.7441661" lon="138.5803471">
      <ele>5.75</ele>
    </trkpt>
    <trkpt lat="-34.7445906" lon="138.5804198">
      <ele>6.28</ele>
    </trkpt>
    <trkpt lat="-34.7446881" lon="138.5804356">
      <ele>6.515</ele>
    </trkpt>
    <trkpt lat="-34.744815" lon="138.580457">
      <ele>6.861</ele>
    </trkpt>
    <trkpt lat="-34.7450925" lon="138.580512">
      <ele>8.019</ele>
    </trkpt>
    <trkpt lat="-34.7453992" lon="138.580567">
      <ele>9.46</ele>
    </trkpt>
    <trkpt lat="-34.745617" lon="138.580608">
      <ele>10.0</ele>
    </trkpt>
    <trkpt lat="-34.7459317" lon="138.5806651">
      <ele>9.506</ele>
    </trkpt>
    <trkpt lat="-34.746043" lon="138.5806802">
      <ele>8.907</ele>
    </trkpt>
    <trkpt lat="-34.7463741" lon="138.5807332">
      <ele>5.52</ele>
    </trkpt>
    <trkpt lat="-34.7466081" lon="138.5807711">
      <ele>3.823</ele>
    </trkpt>
    <trkpt lat="-34.7478961" lon="138.5809812">
      <ele>4.532</ele>
    </trkpt>
    <trkpt lat="-34.748088" lon="138.5810147">
      <ele>4.541</ele>
    </trkpt>
    <trkpt lat="-34.7483964" lon="138.581061">
      <ele>3.588</ele>
    </trkpt>
    <trkpt lat="-34.7487323" lon="138.5811374">
      <ele>4.683</ele>
    </trkpt>
    <trkpt lat="-34.7487694" lon="138.5811458">
      <ele>4.89</ele>
    </trkpt>
    <trkpt lat="-34.7493264" lon="138.5813432">
      <ele>6.715</ele>
    </trkpt>
    <trkpt lat="-34.7499308" lon="138.5815904">
      <ele>7.27</ele>
    </trkpt>
    <trkpt lat="-34.7499787" lon="138.5816166">
      <ele>7.577</ele>
    </trkpt>
    <trkpt lat="-34.7501427" lon="138.5817065">
      <ele>8.514</ele>
    </trkpt>
    <trkpt lat="-34.7503068" lon="138.5817964">
      <ele>9.0</ele>
    </trkpt>
    <trkpt lat="-34.7503567" lon="138.5818237">
      <ele>9.0</ele>
    </trkpt>
    <trkpt lat="-34.7508187" lon="138.5820749">
      <ele>8.028</ele>
    </trkpt>
    <trkpt lat="-34.7508475" lon="138.5820959">
      <ele>8.0</ele>
    </trkpt>
    <trkpt lat="-34.7512397" lon="138.5823819">
      <ele>7.494</ele>
    </trkpt>
    <trkpt lat="-34.7516869" lon="138.5827328">
      <ele>9.012</ele>
    </trkpt>
    <trkpt lat="-34.7523831" lon="138.5833509">
      <ele>10.095</ele>
    </trkpt>
    <trkpt lat="-34.7531733" lon="138.584149">
      <ele>8.037</ele>
    </trkpt>
    <trkpt lat="-34.7532496" lon="138.5842261">
      <ele>7.572</ele>
    </trkpt>
    <trkpt lat="-34.7532694" lon="138.5842464">
      <ele>7.426</ele>
    </trkpt>
    <trkpt lat="-34.753407" lon="138.5843874">
      <ele>6.091</ele>
    </trkpt>
    <trkpt lat="-34.7537902" lon="138.5847803">
      <ele>3.479</ele>
    </trkpt>
    <trkpt lat="-34.7543717" lon="138.5853266">
      <ele>12.352</ele>
    </trkpt>
    <trkpt lat="-34.7544301" lon="138.5853899">
      <ele>12.807</ele>
    </trkpt>
    <trkpt lat="-34.7545269" lon="138.5854948">
      <ele>12.505</ele>
    </trkpt>
    <trkpt lat="-34.7546862" lon="138.5856675">
      <ele>10.414</ele>
    </trkpt>
    <trkpt lat="-34.7552742" lon="138.5861819">
      <ele>11.99</ele>
    </trkpt>
    <trkpt lat="-34.7558819" lon="138.5866524">
      <ele>9.859</ele>
    </trkpt>
    <trkpt lat="-34.7561648" lon="138.5868245">
      <ele>9.652</ele>
    </trkpt>
    <trkpt lat="-34.7563257" lon="138.5869225">
      <ele>9.982</ele>
    </trkpt>
    <trkpt lat="-34.7566256" lon="138.587105">
      <ele>13.58</ele>
    </trkpt>
    <trkpt lat="-34.7576182" lon="138.5875795">
      <ele>14.164</ele>
    </trkpt>
    <trkpt lat="-34.7580394" lon="138.5877264">
      <ele>14.174</ele>
    </trkpt>
    <trkpt lat="-34.7582771" lon="138.5878093">
      <ele>13.909</ele>
    </trkpt>
    <trkpt lat="-34.7591218" lon="138.5881038">
      <ele>12.335</ele>
    </trkpt>
    <trkpt lat="-34.7608829" lon="138.5887087">
      <ele>14.649</ele>
    </trkpt>
    <trkpt lat="-34.7624611" lon="138.5892468">
      <ele>16.1</ele>
    </trkpt>
    <trkpt lat="-34.7628387" lon="138.5893844">
      <ele>15.003</ele>
    </trkpt>
    <trkpt lat="-34.7645881" lon="138.5900293">
      <ele>16.572</ele>
    </trkpt>
    <trkpt lat="-34.765059" lon="138.5901899">
      <ele>15.892</ele>
    </trkpt>
    <trkpt lat="-34.765479" lon="138.5903331">
      <ele>14.144</ele>
    </trkpt>
    <trkpt lat="-34.7660681" lon="138.5905236">
      <ele>16.77</ele>
    </trkpt>
    <trkpt lat="-34.7662303" lon="138.5905748">
      <ele>16.211</ele>
    </trkpt>
    <trkpt lat="-34.7662372" lon="138.590577">
      <ele>16.169</ele>
    </trkpt>
    <trkpt lat="-34.7664489" lon="138.5906441">
      <ele>14.956</ele>
    </trkpt>
    <trkpt lat="-34.7671155" lon="138.5908042">
      <ele>15.406</ele>
    </trkpt>
    <trkpt lat="-34.7675966" lon="138.5908722">
      <ele>15.464</ele>
    </trkpt>
    <trkpt lat="-34.7680777" lon="138.5909402">
      <ele>13.061</ele>
    </trkpt>
    <trkpt lat="-34.768964" lon="138.5909709">
      <ele>17.359</ele>
    </trkpt>
    <trkpt lat="-34.7699681" lon="138.5909502">
      <ele>16.933</ele>
    </trkpt>
    <trkpt lat="-34.7702666" lon="138.5909073">
      <ele>17.256</ele>
    </trkpt>
    <trkpt lat="-34.7708224" lon="138.5908274">
      <ele>18.018</ele>
    </trkpt>
    <trkpt lat="-34.7717378" lon="138.5906333">
      <ele>15.375</ele>
    </trkpt>
    <trkpt lat="-34.7725881" lon="138.5903359">
      <ele>10.892</ele>
    </trkpt>
    <trkpt lat="-34.7735754" lon="138.5898844">
      <ele>10.0</ele>
    </trkpt>
    <trkpt lat="-34.774143" lon="138.5895845">
      <ele>9.504</ele>
    </trkpt>
    <trkpt lat="-34.7745314" lon="138.5893086">
      <ele>8.977</ele>
    </trkpt>
    <trkpt lat="-34.7751154" lon="138.5888937">
      <ele>10.401</ele>
    </trkpt>
    <trkpt lat="-34.7762885" lon="138.5880029">
      <ele>11.242</ele>
    </trkpt>
    <trkpt lat="-34.7763107" lon="138.5879865">
      <ele>11.006</ele>
    </trkpt>
    <trkpt lat="-34.7764644" lon="138.5878729">
      <ele>9.82</ele>
    </trkpt>
    <trkpt lat="-34.7794789" lon="138.5856452">
      <ele>3.593</ele>
    </trkpt>
    <trkpt lat="-34.7806113" lon="138.584796">
      <ele>4.679</ele>
    </trkpt>
    <trkpt lat="-34.7808711" lon="138.5846012">
      <ele>4.111</ele>
    </trkpt>
    <trkpt lat="-34.7811309" lon="138.5844064">
      <ele>4.061</ele>
    </trkpt>
    <trkpt lat="-34.7817101" lon="138.5839721">
      <ele>3.709</ele>
    </trkpt>
    <trkpt lat="-34.7818632" lon="138.5838572">
      <ele>3.479</ele>
    </trkpt>
    <trkpt lat="-34.7825976" lon="138.5833065">
      <ele>6.054</ele>
    </trkpt>
    <trkpt lat="-34.7834289" lon="138.5827823">
      <ele>7.656</ele>
    </trkpt>
    <trkpt lat="-34.7835886" lon="138.5826816">
      <ele>7.081</ele>
    </trkpt>
    <trkpt lat="-34.7837483" lon="138.5825808">
      <ele>7.35</ele>
    </trkpt>
    <trkpt lat="-34.783908" lon="138.5824801">
      <ele>8.005</ele>
    </trkpt>
    <trkpt lat="-34.7846516" lon="138.5820112">
      <ele>7.807</ele>
    </trkpt>
    <trkpt lat="-34.7858431" lon="138.5813489">
      <ele>4.826</ele>
    </trkpt>
    <trkpt lat="-34.7869352" lon="138.5808472">
      <ele>4.968</ele>
    </trkpt>
    <trkpt lat="-34.7894619" lon="138.5799166">
      <ele>3.612</ele>
    </trkpt>
    <trkpt lat="-34.7900947" lon="138.5797319">
      <ele>4.965</ele>
    </trkpt>
    <trkpt lat="-34.7903185" lon="138.5796678">
      <ele>5.782</ele>
    </trkpt>
    <trkpt lat="-34.7904555" lon="138.5796286">
      <ele>7.896</ele>
    </trkpt>
    <trkpt lat="-34.7905925" lon="138.5795894">
      <ele>10.004</ele>
    </trkpt>
    <trkpt lat="-34.7922235" lon="138.5791224">
      <ele>10.073</ele>
    </trkpt>
    <trkpt lat="-34.7939352" lon="138.5786253">
      <ele>5.983</ele>
    </trkpt>
    <trkpt lat="-34.7940785" lon="138.5785837">
      <ele>6.135</ele>
    </trkpt>
    <trkpt lat="-34.7942217" lon="138.5785421">
      <ele>6.151</ele>
    </trkpt>
    <trkpt lat="-34.7958525" lon="138.5780685">
      <ele>0.934</ele>
    </trkpt>
    <trkpt lat="-34.7967944" lon="138.5777714">
      <ele>0.0</ele>
    </trkpt>
    <trkpt lat="-34.7983484" lon="138.5772697">
      <ele>0.0</ele>
    </trkpt>
    <trkpt lat="-34.798436" lon="138.5772456">
      <ele>0.0</ele>
    </trkpt>
    <trkpt lat="-34.7985347" lon="138.5772185">
      <ele>0.0</ele>
    </trkpt>
    <trkpt lat="-34.7986115" lon="138.5771974">
      <ele>0.0</ele>
    </trkpt>
    <trkpt lat="-34.8000102" lon="138.5768125">
      <ele>0.0</ele>
    </trkpt>
    <trkpt lat="-34.8006039" lon="138.5766189">
      <ele>0.0</ele>
    </trkpt>
    <trkpt lat="-34.8013556" lon="138.5762888">
      <ele>0.0</ele>
    </trkpt>
    <trkpt lat="-34.8023936" lon="138.575759">
      <ele>0.0</ele>
    </trkpt>
    <trkpt lat="-34.8031709" lon="138.5752484">
      <ele>0.0</ele>
    </trkpt>
    <trkpt lat="-34.8032599" lon="138.5751899">
      <ele>0.0</ele>
    </trkpt>
    <trkpt lat="-34.8033292" lon="138.5751444">
      <ele>0.0</ele>
    </trkpt>
    <trkpt lat="-34.8036842" lon="138.5749112">
      <ele>0.0</ele>
    </trkpt>
    <trkpt lat="-34.8040915" lon="138.5745665">
      <ele>0.0</ele>
    </trkpt>
    <trkpt lat="-34.8050308" lon="138.5737714">
      <ele>0.0</ele>
    </trkpt>
    <trkpt lat="-34.8058524" lon="138.572922">
      <ele>0.0</ele>
    </trkpt>
    <trkpt lat="-34.806442" lon="138.5722708">
      <ele>0.0</ele>
    </trkpt>
    <trkpt lat="-34.8069175" lon="138.5716145">
      <ele>0.0</ele>
    </trkpt>
    <trkpt lat="-34.8072784" lon="138.5710128">
      <ele>0.0</ele>
    </trkpt>
    <trkpt lat="-34.8078183" lon="138.5701068">
      <ele>3.3</ele>
    </trkpt>
    <trkpt lat="-34.807987" lon="138.5697922">
      <ele>0.0</ele>
    </trkpt>
    <trkpt lat="-34.8081207" lon="138.5695428">
      <ele>0.0</ele>
    </trkpt>
    <trkpt lat="-34.8085368" lon="138.5687742">
      <ele>0.0</ele>
    </trkpt>
    <trkpt lat="-34.8086914" lon="138.5684886">
      <ele>0.0</ele>
    </trkpt>
    <trkpt lat="-34.8096809" lon="138.5666854">
      <ele>6.112</ele>
    </trkpt>
    <trkpt lat="-34.8104239" lon="138.5656457">
      <ele>0.0</ele>
    </trkpt>
    <trkpt lat="-34.8108791" lon="138.5651306">
      <ele>3.983</ele>
    </trkpt>
    <trkpt lat="-34.8114308" lon="138.564561">
      <ele>1.478</ele>
    </trkpt>
    <trkpt lat="-34.8115253" lon="138.5644635">
      <ele>1.422</ele>
    </trkpt>
    <trkpt lat="-34.8115816" lon="138.5644053">
      <ele>1.048</ele>
    </trkpt>
    <trkpt lat="-34.8117187" lon="138.5642962">
      <ele>0.0</ele>
    </trkpt>
    <trkpt lat="-34.8127323" lon="138.56347">
      <ele>0.0</ele>
    </trkpt>
    <trkpt lat="-34.8132961" lon="138.5630994">
      <ele>0.0</ele>
    </trkpt>
    <trkpt lat="-34.8137061" lon="138.5628984">
      <ele>0.0</ele>
    </trkpt>
    <trkpt lat="-34.8142926" lon="138.5626052">
      <ele>0.0</ele>
    </trkpt>
    <trkpt lat="-34.8152152" lon="138.5622972">
      <ele>0.0</ele>
    </trkpt>
    <trkpt lat="-34.8157065" lon="138.5621318">
      <ele>0.177</ele>
    </trkpt>
    <trkpt lat="-34.8158205" lon="138.5620934">
      <ele>0.442</ele>
    </trkpt>
    <trkpt lat="-34.8168079" lon="138.5619098">
      <ele>15.74</ele>
    </trkpt>
    <trkpt lat="-34.8168646" lon="138.5619064">
      <ele>17.116</ele>
    </trkpt>
    <trkpt lat="-34.8175833" lon="138.5618661">
      <ele>34.714</ele>
    </trkpt>
    <trkpt lat="-34.8177446" lon="138.561857">
      <ele>29.181</ele>
    </trkpt>
    <trkpt lat="-34.817763" lon="138.561856">
      <ele>28.439</ele>
    </trkpt>
    <trkpt lat="-34.8179288" lon="138.5618466">
      <ele>12.119</ele>
    </trkpt>
    <trkpt lat="-34.8179688" lon="138.5618443">
      <ele>8.189</ele>
    </trkpt>
    <trkpt lat="-34.8181595" lon="138.5618331">
      <ele>0.0</ele>
    </trkpt>
    <trkpt lat="-34.8189121" lon="138.561898">
      <ele>54.231</ele>
    </trkpt>
    <trkpt lat="-34.8192446" lon="138.5619458">
      <ele>39.465</ele>
    </trkpt>
    <trkpt lat="-34.8199132" lon="138.5620298">
      <ele>2.937</ele>
    </trkpt>
    <trkpt lat="-34.8200921" lon="138.5620523">
      <ele>1.411</ele>
    </trkpt>
    <trkpt lat="-34.8202139" lon="138.5620676">
      <ele>0.547</ele>
    </trkpt>
    <trkpt lat="-34.82045" lon="138.5620954">
      <ele>-0.37</ele>
    </trkpt>
    <trkpt lat="-34.8206291" lon="138.5621165">
      <ele>-0.191</ele>
    </trkpt>
    <trkpt lat="-34.8208081" lon="138.5621376">
      <ele>0.846</ele>
    </trkpt>
    <trkpt lat="-34.8209871" lon="138.5621586">
      <ele>2.787</ele>
    </trkpt>
    <trkpt lat="-34.8210132" lon="138.5621617">
      <ele>3.084</ele>
    </trkpt>
    <trkpt lat="-34.8211308" lon="138.5621755">
      <ele>4.026</ele>
    </trkpt>
    <trkpt lat="-34.8212267" lon="138.5621868">
      <ele>3.295</ele>
    </trkpt>
    <trkpt lat="-34.8213099" lon="138.5621959">
      <ele>2.663</ele>
    </trkpt>
    <trkpt lat="-34.8215244" lon="138.5622194">
      <ele>2.0</ele>
    </trkpt>
    <trkpt lat="-34.82234" lon="138.5623087">
      <ele>0.0</ele>
    </trkpt>
    <trkpt lat="-34.8231373" lon="138.5623961">
      <ele>0.55</ele>
    </trkpt>
    <trkpt lat="-34.8233794" lon="138.5624248">
      <ele>1.582</ele>
    </trkpt>
    <trkpt lat="-34.8235072" lon="138.5624401">
      <ele>2.146</ele>
    </trkpt>
    <trkpt lat="-34.8236186" lon="138.5624526">
      <ele>2.807</ele>
    </trkpt>
    <trkpt lat="-34.8237339" lon="138.5624673">
      <ele>2.492</ele>
    </trkpt>
    <trkpt lat="-34.8238418" lon="138.5624796">
      <ele>2.157</ele>
    </trkpt>
    <trkpt lat="-34.8239402" lon="138.562491">
      <ele>2.369</ele>
    </trkpt>
    <trkpt lat="-34.8240379" lon="138.5625021">
      <ele>3.069</ele>
    </trkpt>
    <trkpt lat="-34.8241101" lon="138.5625119">
      <ele>3.559</ele>
    </trkpt>
    <trkpt lat="-34.8241524" lon="138.5625177">
      <ele>3.837</ele>
    </trkpt>
    <trkpt lat="-34.8242304" lon="138.5625267">
      <ele>3.926</ele>
    </trkpt>
    <trkpt lat="-34.8242949" lon="138.5625323">
      <ele>3.937</ele>
    </trkpt>
    <trkpt lat="-34.8243352" lon="138.5625349">
      <ele>3.951</ele>
    </trkpt>
    <trkpt lat="-34.8243737" lon="138.562539">
      <ele>3.964</ele>
    </trkpt>
    <trkpt lat="-34.8244182" lon="138.5625446">
      <ele>3.985</ele>
    </trkpt>
    <trkpt lat="-34.8244882" lon="138.5625538">
      <ele>3.969</ele>
    </trkpt>
    <trkpt lat="-34.824554" lon="138.5625613">
      <ele>3.913</ele>
    </trkpt>
    <trkpt lat="-34.8246279" lon="138.5625699">
      <ele>3.834</ele>
    </trkpt>
    <trkpt lat="-34.8246915" lon="138.5625764">
      <ele>3.755</ele>
    </trkpt>
    <trkpt lat="-34.824752" lon="138.5625841">
      <ele>3.697</ele>
    </trkpt>
    <trkpt lat="-34.8248297" lon="138.5625936">
      <ele>3.663</ele>
    </trkpt>
    <trkpt lat="-34.8249084" lon="138.5626051">
      <ele>3.622</ele>
    </trkpt>
    <trkpt lat="-34.8254722" lon="138.5626855">
      <ele>4.0</ele>
    </trkpt>
    <trkpt lat="-34.8261644" lon="138.5627636">
      <ele>3.565</ele>
    </trkpt>
    <trkpt lat="-34.8264227" lon="138.5627711">
      <ele>1.857</ele>
    </trkpt>
    <trkpt lat="-34.8269101" lon="138.562823">
      <ele>3.649</ele>
    </trkpt>
    <trkpt lat="-34.82701" lon="138.5628303">
      <ele>4.427</ele>
    </trkpt>
    <trkpt lat="-34.8271101" lon="138.562838">
      <ele>5.063</ele>
    </trkpt>
    <trkpt lat="-34.8274558" lon="138.5628519">
      <ele>3.659</ele>
    </trkpt>
    <trkpt lat="-34.8280092" lon="138.562863">
      <ele>2.167</ele>
    </trkpt>
    <trkpt lat="-34.8280384" lon="138.5628636">
      <ele>2.062</ele>
    </trkpt>
    <trkpt lat="-34.8281191" lon="138.5628652">
      <ele>2.0</ele>
    </trkpt>
    <trkpt lat="-34.8290389" lon="138.562798">
      <ele>3.045</ele>
    </trkpt>
    <trkpt lat="-34.8295924" lon="138.5627622">
      <ele>0.654</ele>
    </trkpt>
    <trkpt lat="-34.8299517" lon="138.5627213">
      <ele>-0.513</ele>
    </trkpt>
    <trkpt lat="-34.8299624" lon="138.5627201">
      <ele>-0.5</ele>
    </trkpt>
    <trkpt lat="-34.8308593" lon="138.5626136">
      <ele>6.344</ele>
    </trkpt>
    <trkpt lat="-34.8313851" lon="138.5625695">
      <ele>-0.213</ele>
    </trkpt>
    <trkpt lat="-34.8321464" lon="138.562511">
      <ele>-0.425</ele>
    </trkpt>
    <trkpt lat="-34.8323512" lon="138.5625072">
      <ele>-0.082</ele>
    </trkpt>
    <trkpt lat="-34.833145" lon="138.5625592">
      <ele>4.103</ele>
    </trkpt>
    <trkpt lat="-34.8333786" lon="138.5625713">
      <ele>1.973</ele>
    </trkpt>
    <trkpt lat="-34.8340069" lon="138.5626824">
      <ele>0.313</ele>
    </trkpt>
    <trkpt lat="-34.8341212" lon="138.56272">
      <ele>0.584</ele>
    </trkpt>
    <trkpt lat="-34.8343302" lon="138.5627554">
      <ele>0.886</ele>
    </trkpt>
    <trkpt lat="-34.8346702" lon="138.5627763">
      <ele>0.186</ele>
    </trkpt>
    <trkpt lat="-34.8348376" lon="138.5628176">
      <ele>0.06</ele>
    </trkpt>
    <trkpt lat="-34.8349718" lon="138.5628503">
      <ele>0.235</ele>
    </trkpt>
    <trkpt lat="-34.8350881" lon="138.5629247">
      <ele>1.145</ele>
    </trkpt>
    <trkpt lat="-34.8363612" lon="138.5632615">
      <ele>5.9</ele>
    </trkpt>
    <trkpt lat="-34.8364519" lon="138.563306">
      <ele>6.0</ele>
    </trkpt>
    <trkpt lat="-34.8366017" lon="138.5633468">
      <ele>5.952</ele>
    </trkpt>
    <trkpt lat="-34.836981" lon="138.5634449">
      <ele>4.843</ele>
    </trkpt>
    <trkpt lat="-34.8372014" lon="138.563502">
      <ele>4.273</ele>
    </trkpt>
    <trkpt lat="-34.8376624" lon="138.5636177">
      <ele>6.038</ele>
    </trkpt>
    <trkpt lat="-34.8382646" lon="138.5637484">
      <ele>3.237</ele>
    </trkpt>
    <trkpt lat="-34.8382875" lon="138.5637532">
      <ele>3.007</ele>
    </trkpt>
    <trkpt lat="-34.8383507" lon="138.5637658">
      <ele>2.529</ele>
    </trkpt>
    <trkpt lat="-34.8385279" lon="138.5637993">
      <ele>2.452</ele>
    </trkpt>
    <trkpt lat="-34.8387602" lon="138.5638338">
      <ele>2.173</ele>
    </trkpt>
    <trkpt lat="-34.8388774" lon="138.5638516">
      <ele>1.902</ele>
    </trkpt>
    <trkpt lat="-34.8390434" lon="138.5638762">
      <ele>1.449</ele>
    </trkpt>
    <trkpt lat="-34.83958" lon="138.563942">
      <ele>3.773</ele>
    </trkpt>
    <trkpt lat="-34.8402116" lon="138.5640285">
      <ele>6.12</ele>
    </trkpt>
    <trkpt lat="-34.8402481" lon="138.5640334">
      <ele>6.056</ele>
    </trkpt>
    <trkpt lat="-34.840799" lon="138.5640683">
      <ele>3.124</ele>
    </trkpt>
    <trkpt lat="-34.8411566" lon="138.5640891">
      <ele>2.954</ele>
    </trkpt>
    <trkpt lat="-34.8413665" lon="138.5641129">
      <ele>2.822</ele>
    </trkpt>
    <trkpt lat="-34.8415207" lon="138.56412">
      <ele>2.832</ele>
    </trkpt>
    <trkpt lat="-34.842003" lon="138.5641792">
      <ele>2.789</ele>
    </trkpt>
    <trkpt lat="-34.8422881" lon="138.5642151">
      <ele>2.0</ele>
    </trkpt>
    <trkpt lat="-34.8427686" lon="138.5642659">
      <ele>3.312</ele>
    </trkpt>
    <trkpt lat="-34.8430834" lon="138.5642992">
      <ele>5.582</ele>
    </trkpt>
    <trkpt lat="-34.8436768" lon="138.5643543">
      <ele>3.786</ele>
    </trkpt>
    <trkpt lat="-34.8439523" lon="138.5643862">
      <ele>1.781</ele>
    </trkpt>
    <trkpt lat="-34.8445882" lon="138.5644429">
      <ele>7.505</ele>
    </trkpt>
    <trkpt lat="-34.8446176" lon="138.5644397">
      <ele>7.445</ele>
    </trkpt>
    <trkpt lat="-34.8450766" lon="138.5644819">
      <ele>5.388</ele>
    </trkpt>
    <trkpt lat="-34.8453624" lon="138.5644952">
      <ele>3.934</ele>
    </trkpt>
    <trkpt lat="-34.8464517" lon="138.5645598">
      <ele>3.189</ele>
    </trkpt>
    <trkpt lat="-34.8470229" lon="138.5645729">
      <ele>6.206</ele>
    </trkpt>
    <trkpt lat="-34.8471717" lon="138.5645754">
      <ele>6.443</ele>
    </trkpt>
    <trkpt lat="-34.8473391" lon="138.5645794">
      <ele>6.502</ele>
    </trkpt>
    <trkpt lat="-34.8477538" lon="138.5645791">
      <ele>6.513</ele>
    </trkpt>
    <trkpt lat="-34.8483187" lon="138.564607">
      <ele>6.467</ele>
    </trkpt>
    <trkpt lat="-34.8488324" lon="138.5646294">
      <ele>6.131</ele>
    </trkpt>
    <trkpt lat="-34.849132" lon="138.5646495">
      <ele>5.387</ele>
    </trkpt>
    <trkpt lat="-34.8494018" lon="138.5646581">
      <ele>4.384</ele>
    </trkpt>
    <trkpt lat="-34.8494521" lon="138.5646571">
      <ele>4.262</ele>
    </trkpt>
    <trkpt lat="-34.8496655" lon="138.5646773">
      <ele>4.958</ele>
    </trkpt>
    <trkpt lat="-34.8497514" lon="138.5646854">
      <ele>5.133</ele>
    </trkpt>
    <trkpt lat="-34.8500436" lon="138.5647053">
      <ele>5.051</ele>
    </trkpt>
    <trkpt lat="-34.8502103" lon="138.5647221">
      <ele>5.0</ele>
    </trkpt>
    <trkpt lat="-34.850298" lon="138.5647287">
      <ele>5.071</ele>
    </trkpt>
    <trkpt lat="-34.8504812" lon="138.5647396">
      <ele>5.687</ele>
    </trkpt>
    <trkpt lat="-34.8510272" lon="138.5647647">
      <ele>6.061</ele>
    </trkpt>
    <trkpt lat="-34.8516139" lon="138.5647842">
      <ele>4.232</ele>
    </trkpt>
    <trkpt lat="-34.8519079" lon="138.5648022">
      <ele>4.618</ele>
    </trkpt>
    <trkpt lat="-34.8520866" lon="138.564813">
      <ele>5.185</ele>
    </trkpt>
    <trkpt lat="-34.8521918" lon="138.5648196">
      <ele>5.54</ele>
    </trkpt>
    <trkpt lat="-34.8527935" lon="138.5648511">
      <ele>4.879</ele>
    </trkpt>
    <trkpt lat="-34.8535167" lon="138.5648969">
      <ele>-0.68</ele>
    </trkpt>
    <trkpt lat="-34.8535178" lon="138.564897">
      <ele>-0.672</ele>
    </trkpt>
    <trkpt lat="-34.8536955" lon="138.5649083">
      <ele>1.926</ele>
    </trkpt>
    <trkpt lat="-34.8536967" lon="138.5649084">
      <ele>1.954</ele>
    </trkpt>
    <trkpt lat="-34.8537202" lon="138.5649098">
      <ele>2.494</ele>
    </trkpt>
    <trkpt lat="-34.8540489" lon="138.5649285">
      <ele>5.185</ele>
    </trkpt>
    <trkpt lat="-34.8545434" lon="138.5649402">
      <ele>1.433</ele>
    </trkpt>
    <trkpt lat="-34.8548046" lon="138.5649658">
      <ele>1.827</ele>
    </trkpt>
    <trkpt lat="-34.8548833" lon="138.5649869">
      <ele>1.467</ele>
    </trkpt>
    <trkpt lat="-34.8551226" lon="138.5650324">
      <ele>0.727</ele>
    </trkpt>
    <trkpt lat="-34.8553492" lon="138.5650821">
      <ele>0.848</ele>
    </trkpt>
    <trkpt lat="-34.8556948" lon="138.5651">
      <ele>2.041</ele>
    </trkpt>
    <trkpt lat="-34.8559579" lon="138.5651219">
      <ele>3.336</ele>
    </trkpt>
    <trkpt lat="-34.8561117" lon="138.5651386">
      <ele>4.502</ele>
    </trkpt>
    <trkpt lat="-34.8562275" lon="138.5651569">
      <ele>5.166</ele>
    </trkpt>
    <trkpt lat="-34.8564829" lon="138.5651971">
      <ele>6.338</ele>
    </trkpt>
    <trkpt lat="-34.856507" lon="138.565197">
      <ele>6.425</ele>
    </trkpt>
    <trkpt lat="-34.8567163" lon="138.5652349">
      <ele>6.794</ele>
    </trkpt>
    <trkpt lat="-34.8568556" lon="138.5652647">
      <ele>6.288</ele>
    </trkpt>
    <trkpt lat="-34.8570604" lon="138.5653146">
      <ele>4.88</ele>
    </trkpt>
    <trkpt lat="-34.8572978" lon="138.5653871">
      <ele>3.336</ele>
    </trkpt>
    <trkpt lat="-34.8574552" lon="138.5654395">
      <ele>3.72</ele>
    </trkpt>
    <trkpt lat="-34.8575977" lon="138.565488">
      <ele>5.848</ele>
    </trkpt>
    <trkpt lat="-34.8577146" lon="138.565531">
      <ele>7.962</ele>
    </trkpt>
    <trkpt lat="-34.8579032" lon="138.5656065">
      <ele>10.104</ele>
    </trkpt>
    <trkpt lat="-34.8580431" lon="138.565665">
      <ele>10.946</ele>
    </trkpt>
    <trkpt lat="-34.8581796" lon="138.5657232">
      <ele>9.037</ele>
    </trkpt>
    <trkpt lat="-34.8582603" lon="138.5657628">
      <ele>7.865</ele>
    </trkpt>
    <trkpt lat="-34.8584591" lon="138.565859">
      <ele>4.049</ele>
    </trkpt>
    <trkpt lat="-34.8586312" lon="138.5659453">
      <ele>1.366</ele>
    </trkpt>
    <trkpt lat="-34.8587705" lon="138.5660182">
      <ele>0.559</ele>
    </trkpt>
    <trkpt lat="-34.8588625" lon="138.5660693">
      <ele>-0.086</ele>
    </trkpt>
    <trkpt lat="-34.8589513" lon="138.5661218">
      <ele>-0.706</ele>
    </trkpt>
    <trkpt lat="-34.8593277" lon="138.5663614">
      <ele>0.04</ele>
    </trkpt>
    <trkpt lat="-34.8596089" lon="138.566559">
      <ele>2.909</ele>
    </trkpt>
    <trkpt lat="-34.8597783" lon="138.5666857">
      <ele>4.109</ele>
    </trkpt>
    <trkpt lat="-34.8599606" lon="138.5668327">
      <ele>4.17</ele>
    </trkpt>
    <trkpt lat="-34.8600573" lon="138.566911">
      <ele>4.0</ele>
    </trkpt>
    <trkpt lat="-34.8601454" lon="138.5669842">
      <ele>4.211</ele>
    </trkpt>
    <trkpt lat="-34.8602547" lon="138.5670767">
      <ele>4.516</ele>
    </trkpt>
    <trkpt lat="-34.8602559" lon="138.5670778">
      <ele>4.518</ele>
    </trkpt>
    <trkpt lat="-34.8604825" lon="138.5672718">
      <ele>7.305</ele>
    </trkpt>
    <trkpt lat="-34.8606288" lon="138.5674038">
      <ele>8.446</ele>
    </trkpt>
    <trkpt lat="-34.8607326" lon="138.5674902">
      <ele>8.682</ele>
    </trkpt>
    <trkpt lat="-34.8609096" lon="138.567646">
      <ele>7.506</ele>
    </trkpt>
    <trkpt lat="-34.8610904" lon="138.5678">
      <ele>4.372</ele>
    </trkpt>
    <trkpt lat="-34.8612882" lon="138.5679674">
      <ele>3.61</ele>
    </trkpt>
    <trkpt lat="-34.8614565" lon="138.5681065">
      <ele>3.809</ele>
    </trkpt>
    <trkpt lat="-34.8615816" lon="138.5682063">
      <ele>5.096</ele>
    </trkpt>
    <trkpt lat="-34.8625007" lon="138.5689393">
      <ele>11.812</ele>
    </trkpt>
    <trkpt lat="-34.8627014" lon="138.5691132">
      <ele>10.188</ele>
    </trkpt>
    <trkpt lat="-34.8628725" lon="138.5692321">
      <ele>9.975</ele>
    </trkpt>
    <trkpt lat="-34.8630341" lon="138.5693371">
      <ele>10.257</ele>
    </trkpt>
    <trkpt lat="-34.8632855" lon="138.5695281">
      <ele>11.0</ele>
    </trkpt>
    <trkpt lat="-34.8633377" lon="138.569569">
      <ele>10.991</ele>
    </trkpt>
    <trkpt lat="-34.8634004" lon="138.5696117">
      <ele>10.904</ele>
    </trkpt>
    <trkpt lat="-34.8634114" lon="138.5696192">
      <ele>10.896</ele>
    </trkpt>
    <trkpt lat="-34.863664" lon="138.5697966">
      <ele>10.721</ele>
    </trkpt>
    <trkpt lat="-34.863946" lon="138.5699643">
      <ele>10.537</ele>
    </trkpt>
    <trkpt lat="-34.864426" lon="138.5701923">
      <ele>9.02</ele>
    </trkpt>
    <trkpt lat="-34.8646264" lon="138.5702872">
      <ele>9.677</ele>
    </trkpt>
    <trkpt lat="-34.8646269" lon="138.5702874">
      <ele>9.68</ele>
    </trkpt>
    <trkpt lat="-34.8648239" lon="138.570353">
      <ele>11.171</ele>
    </trkpt>
    <trkpt lat="-34.8649298" lon="138.5703883">
      <ele>12.045</ele>
    </trkpt>
    <trkpt lat="-34.865042" lon="138.5704256">
      <ele>12.619</ele>
    </trkpt>
    <trkpt lat="-34.8654244" lon="138.570514">
      <ele>13.071</ele>
    </trkpt>
    <trkpt lat="-34.865631" lon="138.570542">
      <ele>13.285</ele>
    </trkpt>
    <trkpt lat="-34.8657739" lon="138.5705614">
      <ele>13.732</ele>
    </trkpt>
    <trkpt lat="-34.8660543" lon="138.5705993">
      <ele>14.993</ele>
    </trkpt>
    <trkpt lat="-34.8663466" lon="138.5706207">
      <ele>14.863</ele>
    </trkpt>
    <trkpt lat="-34.86635" lon="138.570621">
      <ele>14.855</ele>
    </trkpt>
    <trkpt lat="-34.866871" lon="138.5706578">
      <ele>14.179</ele>
    </trkpt>
    <trkpt lat="-34.8673755" lon="138.5706882">
      <ele>15.036</ele>
    </trkpt>
    <trkpt lat="-34.8676143" lon="138.5707067">
      <ele>13.544</ele>
    </trkpt>
    <trkpt lat="-34.8677565" lon="138.5707178">
      <ele>13.584</ele>
    </trkpt>
    <trkpt lat="-34.8678785" lon="138.5707272">
      <ele>13.895</ele>
    </trkpt>
    <trkpt lat="-34.8688225" lon="138.5708035">
      <ele>12.705</ele>
    </trkpt>
    <trkpt lat="-34.8691327" lon="138.5708137">
      <ele>12.867</ele>
    </trkpt>
    <trkpt lat="-34.8703237" lon="138.5708312">
      <ele>12.833</ele>
    </trkpt>
    <trkpt lat="-34.870418" lon="138.570913">
      <ele>12.785</ele>
    </trkpt>
    <trkpt lat="-34.8704315" lon="138.5709195">
      <ele>12.79</ele>
    </trkpt>
    <trkpt lat="-34.8705455" lon="138.5709291">
      <ele>12.701</ele>
    </trkpt>
    <trkpt lat="-34.8708468" lon="138.5709513">
      <ele>12.35</ele>
    </trkpt>
    <trkpt lat="-34.8709746" lon="138.5709654">
      <ele>13.202</ele>
    </trkpt>
    <trkpt lat="-34.8710849" lon="138.5709764">
      <ele>13.89</ele>
    </trkpt>
    <trkpt lat="-34.871402" lon="138.5710487">
      <ele>13.812</ele>
    </trkpt>
    <trkpt lat="-34.8714633" lon="138.5710431">
      <ele>13.957</ele>
    </trkpt>
    <trkpt lat="-34.8716016" lon="138.5710746">
      <ele>14.534</ele>
    </trkpt>
    <trkpt lat="-34.8717794" lon="138.5710943">
      <ele>15.691</ele>
    </trkpt>
    <trkpt lat="-34.8720121" lon="138.5711193">
      <ele>17.679</ele>
    </trkpt>
    <trkpt lat="-34.8723851" lon="138.5711578">
      <ele>21.492</ele>
    </trkpt>
    <trkpt lat="-34.8726255" lon="138.5711753">
      <ele>21.287</ele>
    </trkpt>
    <trkpt lat="-34.8735085" lon="138.5712513">
      <ele>13.51</ele>
    </trkpt>
    <trkpt lat="-34.8737655" lon="138.5713093">
      <ele>8.209</ele>
    </trkpt>
    <trkpt lat="-34.8745506" lon="138.5714933">
      <ele>7.15</ele>
    </trkpt>
    <trkpt lat="-34.8746178" lon="138.5715019">
      <ele>7.471</ele>
    </trkpt>
    <trkpt lat="-34.8749806" lon="138.5716065">
      <ele>9.86</ele>
    </trkpt>
    <trkpt lat="-34.8750698" lon="138.5716244">
      <ele>10.175</ele>
    </trkpt>
    <trkpt lat="-34.8752491" lon="138.5716534">
      <ele>10.811</ele>
    </trkpt>
    <trkpt lat="-34.8753783" lon="138.5716801">
      <ele>11.393</ele>
    </trkpt>
    <trkpt lat="-34.8759132" lon="138.5717907">
      <ele>11.606</ele>
    </trkpt>
    <trkpt lat="-34.8762517" lon="138.5718336">
      <ele>12.304</ele>
    </trkpt>
    <trkpt lat="-34.8765533" lon="138.5718716">
      <ele>13.33</ele>
    </trkpt>
    <trkpt lat="-34.8766744" lon="138.5718812">
      <ele>13.772</ele>
    </trkpt>
    <trkpt lat="-34.8769289" lon="138.5719013">
      <ele>13.845</ele>
    </trkpt>
    <trkpt lat="-34.8769582" lon="138.5719026">
      <ele>13.899</ele>
    </trkpt>
    <trkpt lat="-34.8772759" lon="138.5719231">
      <ele>14.76</ele>
    </trkpt>
    <trkpt lat="-34.877402" lon="138.5719308">
      <ele>14.367</ele>
    </trkpt>
    <trkpt lat="-34.8779786" lon="138.5719547">
      <ele>14.77</ele>
    </trkpt>
    <trkpt lat="-34.8789047" lon="138.5719724">
      <ele>13.101</ele>
    </trkpt>
    <trkpt lat="-34.8794124" lon="138.5719594">
      <ele>13.054</ele>
    </trkpt>
    <trkpt lat="-34.8798373" lon="138.5719447">
      <ele>15.171</ele>
    </trkpt>
    <trkpt lat="-34.880674" lon="138.5719168">
      <ele>13.564</ele>
    </trkpt>
    <trkpt lat="-34.8810691" lon="138.5719159">
      <ele>15.033</ele>
    </trkpt>
    <trkpt lat="-34.8815336" lon="138.5718879">
      <ele>12.967</ele>
    </trkpt>
    <trkpt lat="-34.8819738" lon="138.5718813">
      <ele>14.024</ele>
    </trkpt>
    <trkpt lat="-34.882366" lon="138.5718835">
      <ele>14.219</ele>
    </trkpt>
    <trkpt lat="-34.8825853" lon="138.5718875">
      <ele>15.0</ele>
    </trkpt>
    <trkpt lat="-34.8829534" lon="138.5718281">
      <ele>17.213</ele>
    </trkpt>
    <trkpt lat="-34.8834252" lon="138.5718463">
      <ele>17.53</ele>
    </trkpt>
    <trkpt lat="-34.8842079" lon="138.5719079">
      <ele>15.02</ele>
    </trkpt>
    <trkpt lat="-34.8843138" lon="138.5719258">
      <ele>15.036</ele>
    </trkpt>
    <trkpt lat="-34.8846596" lon="138.571942">
      <ele>14.995</ele>
    </trkpt>
    <trkpt lat="-34.885174" lon="138.5719662">
      <ele>14.577</ele>
    </trkpt>
    <trkpt lat="-34.8852478" lon="138.5719688">
      <ele>14.814</ele>
    </trkpt>
    <trkpt lat="-34.8857715" lon="138.5719904">
      <ele>12.645</ele>
    </trkpt>
    <trkpt lat="-34.886163" lon="138.5719371">
      <ele>13.022</ele>
    </trkpt>
    <trkpt lat="-34.8863184" lon="138.57188">
      <ele>13.059</ele>
    </trkpt>
    <trkpt lat="-34.8863206" lon="138.5718785">
      <ele>13.058</ele>
    </trkpt>
    <trkpt lat="-34.8867545" lon="138.5715867">
      <ele>13.92</ele>
    </trkpt>
    <trkpt lat="-34.8870339" lon="138.5713205">
      <ele>16.401</ele>
    </trkpt>
    <trkpt lat="-34.8874867" lon="138.5708755">
      <ele>17.192</ele>
    </trkpt>
    <trkpt lat="-34.887615" lon="138.5707326">
      <ele>15.747</ele>
    </trkpt>
    <trkpt lat="-34.8876636" lon="138.5706902">
      <ele>15.398</ele>
    </trkpt>
    <trkpt lat="-34.8876963" lon="138.5706641">
      <ele>15.229</ele>
    </trkpt>
    <trkpt lat="-34.8877587" lon="138.5706122">
      <ele>15.028</ele>
    </trkpt>
    <trkpt lat="-34.8877776" lon="138.570599">
      <ele>15.0</ele>
    </trkpt>
    <trkpt lat="-34.8877992" lon="138.5705819">
      <ele>15.077</ele>
    </trkpt>
    <trkpt lat="-34.88794" lon="138.5704806">
      <ele>15.584</ele>
    </trkpt>
    <trkpt lat="-34.8880919" lon="138.5703837">
      <ele>16.131</ele>
    </trkpt>
    <trkpt lat="-34.8881509" lon="138.5703904">
      <ele>16.343</ele>
    </trkpt>
    <trkpt lat="-34.8882071" lon="138.5703807">
      <ele>16.546</ele>
    </trkpt>
    <trkpt lat="-34.8882413" lon="138.5703668">
      <ele>16.669</ele>
    </trkpt>
    <trkpt lat="-34.8882893" lon="138.5703537">
      <ele>16.841</ele>
    </trkpt>
    <trkpt lat="-34.8883357" lon="138.5703486">
      <ele>17.0</ele>
    </trkpt>
    <trkpt lat="-34.8883754" lon="138.5703446">
      <ele>17.0</ele>
    </trkpt>
    <trkpt lat="-34.8884085" lon="138.5703506">
      <ele>17.0</ele>
    </trkpt>
    <trkpt lat="-34.8884342" lon="138.5703658">
      <ele>17.0</ele>
    </trkpt>
    <trkpt lat="-34.8884524" lon="138.5703779">
      <ele>17.0</ele>
    </trkpt>
    <trkpt lat="-34.8884928" lon="138.5704154">
      <ele>17.0</ele>
    </trkpt>
    <trkpt lat="-34.8887334" lon="138.5707821">
      <ele>17.0</ele>
    </trkpt>
    <trkpt lat="-34.8888371" lon="138.5709289">
      <ele>16.936</ele>
    </trkpt>
    <trkpt lat="-34.8889582" lon="138.5710435">
      <ele>16.939</ele>
    </trkpt>
    <trkpt lat="-34.8889989" lon="138.5711041">
      <ele>16.99</ele>
    </trkpt>
    <trkpt lat="-34.889027" lon="138.5711495">
      <ele>17.0</ele>
    </trkpt>
    <trkpt lat="-34.8894244" lon="138.5717918">
      <ele>15.622</ele>
    </trkpt>
    <trkpt lat="-34.8896424" lon="138.5721406">
      <ele>16.0</ele>
    </trkpt>
    <trkpt lat="-34.8897329" lon="138.5722854">
      <ele>17.0</ele>
    </trkpt>
    <trkpt lat="-34.8897863" lon="138.5723709">
      <ele>17.0</ele>
    </trkpt>
    <trkpt lat="-34.8898048" lon="138.5724015">
      <ele>17.0</ele>
    </trkpt>
    <trkpt lat="-34.889989" lon="138.5727029">
      <ele>16.971</ele>
    </trkpt>
    <trkpt lat="-34.8900645" lon="138.5728263">
      <ele>17.041</ele>
    </trkpt>
    <trkpt lat="-34.8901565" lon="138.5729779">
      <ele>17.406</ele>
    </trkpt>
    <trkpt lat="-34.8903426" lon="138.5732844">
      <ele>17.602</ele>
    </trkpt>
    <trkpt lat="-34.8904115" lon="138.5734016">
      <ele>17.471</ele>
    </trkpt>
    <trkpt lat="-34.890768" lon="138.5739928">
      <ele>15.714</ele>
    </trkpt>
    <trkpt lat="-34.8909064" lon="138.57422">
      <ele>14.878</ele>
    </trkpt>
    <trkpt lat="-34.8911928" lon="138.57469">
      <ele>14.658</ele>
    </trkpt>
    <trkpt lat="-34.8912102" lon="138.5747164">
      <ele>14.637</ele>
    </trkpt>
    <trkpt lat="-34.8915357" lon="138.5752475">
      <ele>14.109</ele>
    </trkpt>
    <trkpt lat="-34.8915736" lon="138.5753143">
      <ele>14.131</ele>
    </trkpt>
    <trkpt lat="-34.8918515" lon="138.5758046">
      <ele>16.197</ele>
    </trkpt>
    <trkpt lat="-34.8919876" lon="138.5760299">
      <ele>16.488</ele>
    </trkpt>
    <trkpt lat="-34.8920928" lon="138.5762048">
      <ele>16.089</ele>
    </trkpt>
    <trkpt lat="-34.8922812" lon="138.5764808">
      <ele>15.662</ele>
    </trkpt>
    <trkpt lat="-34.8925027" lon="138.5768461">
      <ele>17.0</ele>
    </trkpt>
    <trkpt lat="-34.8925456" lon="138.5769178">
      <ele>17.0</ele>
    </trkpt>
    <trkpt lat="-34.8926989" lon="138.577175">
      <ele>16.17</ele>
    </trkpt>
    <trkpt lat="-34.892844" lon="138.5774131">
      <ele>15.836</ele>
    </trkpt>
    <trkpt lat="-34.8929454" lon="138.5775795">
      <ele>15.796</ele>
    </trkpt>
    <trkpt lat="-34.8930242" lon="138.5777078">
      <ele>15.945</ele>
    </trkpt>
    <trkpt lat="-34.8931141" lon="138.5778529">
      <ele>16.003</ele>
    </trkpt>
    <trkpt lat="-34.8932609" lon="138.5781067">
      <ele>15.289</ele>
    </trkpt>
    <trkpt lat="-34.8934153" lon="138.5783686">
      <ele>14.347</ele>
    </trkpt>
    <trkpt lat="-34.8935188" lon="138.5785369">
      <ele>14.422</ele>
    </trkpt>
    <trkpt lat="-34.89366" lon="138.5787664">
      <ele>14.637</ele>
    </trkpt>
    <trkpt lat="-34.8937009" lon="138.5788402">
      <ele>14.881</ele>
    </trkpt>
    <trkpt lat="-34.893748" lon="138.5789192">
      <ele>15.055</ele>
    </trkpt>
    <trkpt lat="-34.8938814" lon="138.5791632">
      <ele>15.027</ele>
    </trkpt>
    <trkpt lat="-34.8941185" lon="138.579553">
      <ele>16.105</ele>
    </trkpt>
    <trkpt lat="-34.8943101" lon="138.5798908">
      <ele>18.697</ele>
    </trkpt>
    <trkpt lat="-34.894434" lon="138.5801019">
      <ele>19.038</ele>
    </trkpt>
    <trkpt lat="-34.894621" lon="138.5805173">
      <ele>18.364</ele>
    </trkpt>
    <trkpt lat="-34.894851" lon="138.5809159">
      <ele>17.159</ele>
    </trkpt>
    <trkpt lat="-34.8949802" lon="138.5811306">
      <ele>17.071</ele>
    </trkpt>
    <trkpt lat="-34.895125" lon="138.5813713">
      <ele>16.55</ele>
    </trkpt>
    <trkpt lat="-34.8953966" lon="138.5818827">
      <ele>13.795</ele>
    </trkpt>
    <trkpt lat="-34.8954418" lon="138.5819824">
      <ele>13.521</ele>
    </trkpt>
    <trkpt lat="-34.8954906" lon="138.582083">
      <ele>13.467</ele>
    </trkpt>
    <trkpt lat="-34.8956507" lon="138.5824561">
      <ele>14.45</ele>
    </trkpt>
    <trkpt lat="-34.8956629" lon="138.5824846">
      <ele>14.546</ele>
    </trkpt>
    <trkpt lat="-34.8957416" lon="138.5826683">
      <ele>15.136</ele>
    </trkpt>
    <trkpt lat="-34.8959775" lon="138.5832186">
      <ele>17.068</ele>
    </trkpt>
    <trkpt lat="-34.8960255" lon="138.5833276">
      <ele>17.288</ele>
    </trkpt>
    <trkpt lat="-34.8960735" lon="138.5834366">
      <ele>17.778</ele>
    </trkpt>
    <trkpt lat="-34.8962121" lon="138.5836956">
      <ele>18.889</ele>
    </trkpt>
    <trkpt lat="-34.8963507" lon="138.5839547">
      <ele>18.105</ele>
    </trkpt>
    <trkpt lat="-34.8963904" lon="138.5840242">
      <ele>17.995</ele>
    </trkpt>
    <trkpt lat="-34.8964304" lon="138.5840934">
      <ele>17.851</ele>
    </trkpt>
    <trkpt lat="-34.8964685" lon="138.5841563">
      <ele>17.713</ele>
    </trkpt>
    <trkpt lat="-34.8965075" lon="138.5842186">
      <ele>17.653</ele>
    </trkpt>
    <trkpt lat="-34.8966155" lon="138.5843827">
      <ele>17.819</ele>
    </trkpt>
    <trkpt lat="-34.8966178" lon="138.5843861">
      <ele>17.827</ele>
    </trkpt>
    <trkpt lat="-34.896644" lon="138.5844261">
      <ele>17.939</ele>
    </trkpt>
    <trkpt lat="-34.8967232" lon="138.5845465">
      <ele>18.571</ele>
    </trkpt>
    <trkpt lat="-34.8967545" lon="138.5845876">
      <ele>18.832</ele>
    </trkpt>
    <trkpt lat="-34.8968049" lon="138.5846591">
      <ele>19.27</ele>
    </trkpt>
    <trkpt lat="-34.8968716" lon="138.5847576">
      <ele>20.12</ele>
    </trkpt>
    <trkpt lat="-34.8969384" lon="138.584856">
      <ele>21.423</ele>
    </trkpt>
    <trkpt lat="-34.8970072" lon="138.584949">
      <ele>22.265</ele>
    </trkpt>
    <trkpt lat="-34.8970527" lon="138.5850156">
      <ele>22.791</ele>
    </trkpt>
    <trkpt lat="-34.8970966" lon="138.5850875">
      <ele>23.367</ele>
    </trkpt>
    <trkpt lat="-34.8971252" lon="138.5851508">
      <ele>23.814</ele>
    </trkpt>
    <trkpt lat="-34.8973648" lon="138.5854695">
      <ele>25.026</ele>
    </trkpt>
    <trkpt lat="-34.8975575" lon="138.5857268">
      <ele>26.519</ele>
    </trkpt>
    <trkpt lat="-34.8976338" lon="138.5858495">
      <ele>27.714</ele>
    </trkpt>
    <trkpt lat="-34.8977661" lon="138.5860527">
      <ele>31.117</ele>
    </trkpt>
    <trkpt lat="-34.8978682" lon="138.5862032">
      <ele>33.32</ele>
    </trkpt>
    <trkpt lat="-34.8979768" lon="138.5864123">
      <ele>35.716</ele>
    </trkpt>
    <trkpt lat="-34.8981276" lon="138.5866406">
      <ele>36.186</ele>
    </trkpt>
    <trkpt lat="-34.898136" lon="138.586652">
      <ele>36.244</ele>
    </trkpt>
    <trkpt lat="-34.8982609" lon="138.5868222">
      <ele>36.179</ele>
    </trkpt>
    <trkpt lat="-34.8983467" lon="138.5869392">
      <ele>36.065</ele>
    </trkpt>
    <trkpt lat="-34.898554" lon="138.5872034">
      <ele>37.535</ele>
    </trkpt>
    <trkpt lat="-34.8985994" lon="138.587297">
      <ele>38.712</ele>
    </trkpt>
    <trkpt lat="-34.898872" lon="138.587628">
      <ele>41.922</ele>
    </trkpt>
    <trkpt lat="-34.8990254" lon="138.5878256">
      <ele>42.681</ele>
    </trkpt>
    <trkpt lat="-34.8990041" lon="138.5879465">
      <ele>43.193</ele>
    </trkpt>
    <trkpt lat="-34.8990043" lon="138.5879526">
      <ele>43.214</ele>
    </trkpt>
    <trkpt lat="-34.8990057" lon="138.587958">
      <ele>43.228</ele>
    </trkpt>
    <trkpt lat="-34.899009" lon="138.5879654">
      <ele>43.243</ele>
    </trkpt>
    <trkpt lat="-34.8990132" lon="138.5879722">
      <ele>43.252</ele>
    </trkpt>
    <trkpt lat="-34.8990254" lon="138.5879958">
      <ele>43.293</ele>
    </trkpt>
    <trkpt lat="-34.899048" lon="138.5880464">
      <ele>43.394</ele>
    </trkpt>
    <trkpt lat="-34.8990884" lon="138.5881449">
      <ele>43.051</ele>
    </trkpt>
    <trkpt lat="-34.8991068" lon="138.5882057">
      <ele>42.791</ele>
    </trkpt>
    <trkpt lat="-34.8991263" lon="138.5883252">
      <ele>42.316</ele>
    </trkpt>
    <trkpt lat="-34.8991368" lon="138.58846">
      <ele>43.127</ele>
    </trkpt>
    <trkpt lat="-34.8991439" lon="138.5885632">
      <ele>43.819</ele>
    </trkpt>
    <trkpt lat="-34.8991711" lon="138.5887304">
      <ele>44.873</ele>
    </trkpt>
    <trkpt lat="-34.8991581" lon="138.5888326">
      <ele>45.632</ele>
    </trkpt>
    <trkpt lat="-34.8991428" lon="138.5889828">
      <ele>46.704</ele>
    </trkpt>
    <trkpt lat="-34.8991208" lon="138.589188">
      <ele>47.758</ele>
    </trkpt>
    <trkpt lat="-34.8990453" lon="138.5902231">
      <ele>45.649</ele>
    </trkpt>
    <trkpt lat="-34.8990374" lon="138.5904148">
      <ele>45.764</ele>
    </trkpt>
    <trkpt lat="-34.8990052" lon="138.5908831">
      <ele>48.102</ele>
    </trkpt>
    <trkpt lat="-34.899004" lon="138.5909028">
      <ele>48.257</ele>
    </trkpt>
    <trkpt lat="-34.8989921" lon="138.5911825">
      <ele>50.561</ele>
    </trkpt>
    <trkpt lat="-34.8989587" lon="138.5916003">
      <ele>53.76</ele>
    </trkpt>
    <trkpt lat="-34.8989379" lon="138.5919404">
      <ele>54.0</ele>
    </trkpt>
    <trkpt lat="-34.8988925" lon="138.5926846">
      <ele>55.66</ele>
    </trkpt>
    <trkpt lat="-34.8988538" lon="138.5933486">
      <ele>55.427</ele>
    </trkpt>
    <trkpt lat="-34.8988364" lon="138.5936565">
      <ele>56.51</ele>
    </trkpt>
    <trkpt lat="-34.8987943" lon="138.5943212">
      <ele>57.811</ele>
    </trkpt>
    <trkpt lat="-34.8987646" lon="138.5947899">
      <ele>55.643</ele>
    </trkpt>
    <trkpt lat="-34.8987349" lon="138.5952801">
      <ele>53.338</ele>
    </trkpt>
    <trkpt lat="-34.8986933" lon="138.595965">
      <ele>54.178</ele>
    </trkpt>
    <trkpt lat="-34.8986687" lon="138.5965932">
      <ele>54.264</ele>
    </trkpt>
    <trkpt lat="-34.8986605" lon="138.5967095">
      <ele>53.873</ele>
    </trkpt>
    <trkpt lat="-34.8986538" lon="138.5969774">
      <ele>53.035</ele>
    </trkpt>
    <trkpt lat="-34.8986471" lon="138.5972267">
      <ele>52.127</ele>
    </trkpt>
    <trkpt lat="-34.8986494" lon="138.5973826">
      <ele>52.058</ele>
    </trkpt>
    <trkpt lat="-34.8986537" lon="138.5975283">
      <ele>52.071</ele>
    </trkpt>
    <trkpt lat="-34.8986605" lon="138.5976185">
      <ele>52.275</ele>
    </trkpt>
    <trkpt lat="-34.8986761" lon="138.5977605">
      <ele>52.499</ele>
    </trkpt>
    <trkpt lat="-34.898737" lon="138.5980558">
      <ele>53.548</ele>
    </trkpt>
    <trkpt lat="-34.8987915" lon="138.5982686">
      <ele>54.118</ele>
    </trkpt>
    <trkpt lat="-34.8988122" lon="138.5983447">
      <ele>54.306</ele>
    </trkpt>
    <trkpt lat="-34.8989473" lon="138.5988265">
      <ele>55.775</ele>
    </trkpt>
    <trkpt lat="-34.899203" lon="138.5996847">
      <ele>54.834</ele>
    </trkpt>
    <trkpt lat="-34.8993261" lon="138.6000874">
      <ele>56.047</ele>
    </trkpt>
    <trkpt lat="-34.8995709" lon="138.6008942">
      <ele>53.87</ele>
    </trkpt>
    <trkpt lat="-34.8996589" lon="138.6011826">
      <ele>52.713</ele>
    </trkpt>
    <trkpt lat="-34.8997781" lon="138.6015891">
      <ele>54.498</ele>
    </trkpt>
    <trkpt lat="-34.8998485" lon="138.6018265">
      <ele>55.575</ele>
    </trkpt>
    <trkpt lat="-34.9002214" lon="138.6031417">
      <ele>52.177</ele>
    </trkpt>
    <trkpt lat="-34.9003035" lon="138.6034182">
      <ele>50.759</ele>
    </trkpt>
    <trkpt lat="-34.9003853" lon="138.6037019">
      <ele>50.074</ele>
    </trkpt>
    <trkpt lat="-34.90042" lon="138.6038262">
      <ele>49.981</ele>
    </trkpt>
    <trkpt lat="-34.9005044" lon="138.604119">
      <ele>48.54</ele>
    </trkpt>
    <trkpt lat="-34.9007448" lon="138.6049862">
      <ele>40.199</ele>
    </trkpt>
    <trkpt lat="-34.9009321" lon="138.6056465">
      <ele>40.095</ele>
    </trkpt>
    <trkpt lat="-34.9012165" lon="138.6066677">
      <ele>38.488</ele>
    </trkpt>
    <trkpt lat="-34.9013467" lon="138.6071144">
      <ele>39.586</ele>
    </trkpt>
    <trkpt lat="-34.9013735" lon="138.6072063">
      <ele>39.999</ele>
    </trkpt>
    <trkpt lat="-34.9014464" lon="138.6074877">
      <ele>41.723</ele>
    </trkpt>
    <trkpt lat="-34.9015527" lon="138.6078542">
      <ele>40.774</ele>
    </trkpt>
    <trkpt lat="-34.9015558" lon="138.607865">
      <ele>40.749</ele>
    </trkpt>
    <trkpt lat="-34.9016603" lon="138.6082191">
      <ele>39.79</ele>
    </trkpt>
    <trkpt lat="-34.9017195" lon="138.6084201">
      <ele>39.009</ele>
    </trkpt>
    <trkpt lat="-34.9017541" lon="138.6085341">
      <ele>38.679</ele>
    </trkpt>
    <trkpt lat="-34.9017676" lon="138.6085709">
      <ele>38.561</ele>
    </trkpt>
    <trkpt lat="-34.9018943" lon="138.6091511">
      <ele>39.763</ele>
    </trkpt>
    <trkpt lat="-34.9019211" lon="138.6092867">
      <ele>41.14</ele>
    </trkpt>
    <trkpt lat="-34.9019275" lon="138.6093321">
      <ele>41.653</ele>
    </trkpt>
    <trkpt lat="-34.9019373" lon="138.6094016">
      <ele>42.468</ele>
    </trkpt>
    <trkpt lat="-34.9019596" lon="138.6095126">
      <ele>43.164</ele>
    </trkpt>
    <trkpt lat="-34.9020533" lon="138.6097974">
      <ele>43.422</ele>
    </trkpt>
    <trkpt lat="-34.9020614" lon="138.6098161">
      <ele>43.303</ele>
    </trkpt>
    <trkpt lat="-34.9020715" lon="138.6098343">
      <ele>43.196</ele>
    </trkpt>
    <trkpt lat="-34.9020978" lon="138.6098704">
      <ele>43.0</ele>
    </trkpt>
    <trkpt lat="-34.9021129" lon="138.6098911">
      <ele>42.866</ele>
    </trkpt>
    <trkpt lat="-34.9021605" lon="138.6099441">
      <ele>42.493</ele>
    </trkpt>
    <trkpt lat="-34.902179" lon="138.6099649">
      <ele>42.311</ele>
    </trkpt>
    <trkpt lat="-34.9022607" lon="138.610054">
      <ele>41.721</ele>
    </trkpt>
    <trkpt lat="-34.9022893" lon="138.6100809">
      <ele>41.68</ele>
    </trkpt>
    <trkpt lat="-34.9023426" lon="138.6101426">
      <ele>41.549</ele>
    </trkpt>
    <trkpt lat="-34.9025049" lon="138.6103202">
      <ele>41.847</ele>
    </trkpt>
    <trkpt lat="-34.9025855" lon="138.6104038">
      <ele>41.546</ele>
    </trkpt>
    <trkpt lat="-34.9027341" lon="138.6105451">
      <ele>41.038</ele>
    </trkpt>
    <trkpt lat="-34.9028468" lon="138.6106349">
      <ele>40.288</ele>
    </trkpt>
    <trkpt lat="-34.9028615" lon="138.6106466">
      <ele>40.168</ele>
    </trkpt>
    <trkpt lat="-34.9029619" lon="138.6107331">
      <ele>39.459</ele>
    </trkpt>
    <trkpt lat="-34.9031816" lon="138.6109058">
      <ele>39.0</ele>
    </trkpt>
    <trkpt lat="-34.9034381" lon="138.6111105">
      <ele>38.246</ele>
    </trkpt>
    <trkpt lat="-34.9036427" lon="138.6112895">
      <ele>37.902</ele>
    </trkpt>
    <trkpt lat="-34.9038524" lon="138.6114777">
      <ele>41.203</ele>
    </trkpt>
    <trkpt lat="-34.9042522" lon="138.6118086">
      <ele>41.489</ele>
    </trkpt>
    <trkpt lat="-34.9043892" lon="138.6119199">
      <ele>41.088</ele>
    </trkpt>
    <trkpt lat="-34.9049117" lon="138.6123442">
      <ele>40.261</ele>
    </trkpt>
    <trkpt lat="-34.9051084" lon="138.6124939">
      <ele>38.637</ele>
    </trkpt>
    <trkpt lat="-34.9052852" lon="138.6126203">
      <ele>37.563</ele>
    </trkpt>
    <trkpt lat="-34.9054314" lon="138.6126991">
      <ele>37.523</ele>
    </trkpt>
    <trkpt lat="-34.9054487" lon="138.6127084">
      <ele>37.558</ele>
    </trkpt>
    <trkpt lat="-34.9054994" lon="138.6127265">
      <ele>37.688</ele>
    </trkpt>
    <trkpt lat="-34.9055693" lon="138.6127486">
      <ele>37.95</ele>
    </trkpt>
    <trkpt lat="-34.9056277" lon="138.612768">
      <ele>38.234</ele>
    </trkpt>
    <trkpt lat="-34.9057597" lon="138.6127923">
      <ele>38.696</ele>
    </trkpt>
    <trkpt lat="-34.9059359" lon="138.6128023">
      <ele>39.585</ele>
    </trkpt>
    <trkpt lat="-34.906996" lon="138.6128234">
      <ele>39.753</ele>
    </trkpt>
    <trkpt lat="-34.9075151" lon="138.612819">
      <ele>37.509</ele>
    </trkpt>
    <trkpt lat="-34.9077227" lon="138.6128045">
      <ele>36.987</ele>
    </trkpt>
    <trkpt lat="-34.9078967" lon="138.6127865">
      <ele>37.352</ele>
    </trkpt>
    <trkpt lat="-34.9080939" lon="138.6127407">
      <ele>38.133</ele>
    </trkpt>
    <trkpt lat="-34.9082127" lon="138.6127183">
      <ele>38.214</ele>
    </trkpt>
    <trkpt lat="-34.9083871" lon="138.6126897">
      <ele>37.869</ele>
    </trkpt>
    <trkpt lat="-34.9088029" lon="138.6126932">
      <ele>34.349</ele>
    </trkpt>
    <trkpt lat="-34.9088822" lon="138.6127012">
      <ele>33.61</ele>
    </trkpt>
    <trkpt lat="-34.9092719" lon="138.6127897">
      <ele>28.301</ele>
    </trkpt>
    <trkpt lat="-34.9094631" lon="138.6128364">
      <ele>27.624</ele>
    </trkpt>
    <trkpt lat="-34.909532" lon="138.6128534">
      <ele>28.49</ele>
    </trkpt>
    <trkpt lat="-34.9097459" lon="138.612902">
      <ele>31.235</ele>
    </trkpt>
    <trkpt lat="-34.9098816" lon="138.6129334">
      <ele>33.416</ele>
    </trkpt>
    <trkpt lat="-34.9101619" lon="138.6129924">
      <ele>35.545</ele>
    </trkpt>
    <trkpt lat="-34.9103274" lon="138.6130382">
      <ele>35.875</ele>
    </trkpt>
    <trkpt lat="-34.9106406" lon="138.6131074">
      <ele>36.675</ele>
    </trkpt>
    <trkpt lat="-34.9109789" lon="138.6131822">
      <ele>39.706</ele>
    </trkpt>
    <trkpt lat="-34.9110562" lon="138.6131987">
      <ele>40.352</ele>
    </trkpt>
    <trkpt lat="-34.9110797" lon="138.613205">
      <ele>40.517</ele>
    </trkpt>
    <trkpt lat="-34.9111263" lon="138.6132176">
      <ele>40.621</ele>
    </trkpt>
    <trkpt lat="-34.9111873" lon="138.6132348">
      <ele>40.224</ele>
    </trkpt>
    <trkpt lat="-34.9114799" lon="138.6133013">
      <ele>39.117</ele>
    </trkpt>
    <trkpt lat="-34.9117027" lon="138.6133547">
      <ele>38.923</ele>
    </trkpt>
    <trkpt lat="-34.9119471" lon="138.6134018">
      <ele>38.777</ele>
    </trkpt>
    <trkpt lat="-34.9128725" lon="138.6136085">
      <ele>40.713</ele>
    </trkpt>
    <trkpt lat="-34.9130236" lon="138.6136588">
      <ele>41.598</ele>
    </trkpt>
    <trkpt lat="-34.9139594" lon="138.6138633">
      <ele>46.508</ele>
    </trkpt>
    <trkpt lat="-34.9141201" lon="138.6138984">
      <ele>47.63</ele>
    </trkpt>
    <trkpt lat="-34.9146556" lon="138.6140155">
      <ele>47.568</ele>
    </trkpt>
    <trkpt lat="-34.9149369" lon="138.6140821">
      <ele>45.298</ele>
    </trkpt>
    <trkpt lat="-34.915293" lon="138.614159">
      <ele>44.948</ele>
    </trkpt>
    <trkpt lat="-34.9154691" lon="138.6142013">
      <ele>42.684</ele>
    </trkpt>
    <trkpt lat="-34.9157105" lon="138.6142567">
      <ele>38.744</ele>
    </trkpt>
    <trkpt lat="-34.9158779" lon="138.6143043">
      <ele>36.185</ele>
    </trkpt>
    <trkpt lat="-34.9162295" lon="138.6143947">
      <ele>34.587</ele>
    </trkpt>
    <trkpt lat="-34.9163996" lon="138.6144415">
      <ele>36.192</ele>
    </trkpt>
    <trkpt lat="-34.9165264" lon="138.6144763">
      <ele>38.418</ele>
    </trkpt>
    <trkpt lat="-34.9166866" lon="138.6145094">
      <ele>40.926</ele>
    </trkpt>
    <trkpt lat="-34.9168265" lon="138.6145322">
      <ele>42.017</ele>
    </trkpt>
    <trkpt lat="-34.9173099" lon="138.6146524">
      <ele>41.764</ele>
    </trkpt>
    <trkpt lat="-34.9173681" lon="138.6146704">
      <ele>41.573</ele>
    </trkpt>
    <trkpt lat="-34.9175247" lon="138.6147061">
      <ele>41.157</ele>
    </trkpt>
    <trkpt lat="-34.9182089" lon="138.614845">
      <ele>40.25</ele>
    </trkpt>
    <trkpt lat="-34.9183642" lon="138.6148761">
      <ele>40.062</ele>
    </trkpt>
    <trkpt lat="-34.9184728" lon="138.6148979">
      <ele>40.318</ele>
    </trkpt>
    <trkpt lat="-34.9185825" lon="138.6149142">
      <ele>40.62</ele>
    </trkpt>
    <trkpt lat="-34.9186372" lon="138.6149249">
      <ele>40.636</ele>
    </trkpt>
    <trkpt lat="-34.9187542" lon="138.6149524">
      <ele>40.314</ele>
    </trkpt>
    <trkpt lat="-34.9195398" lon="138.6151367">
      <ele>41.652</ele>
    </trkpt>
    <trkpt lat="-34.9195895" lon="138.6151529">
      <ele>41.473</ele>
    </trkpt>
    <trkpt lat="-34.9196974" lon="138.6151841">
      <ele>40.822</ele>
    </trkpt>
    <trkpt lat="-34.9198863" lon="138.6152286">
      <ele>41.326</ele>
    </trkpt>
    <trkpt lat="-34.9201294" lon="138.6152662">
      <ele>42.912</ele>
    </trkpt>
    <trkpt lat="-34.9207241" lon="138.6153896">
      <ele>47.765</ele>
    </trkpt>
    <trkpt lat="-34.9208711" lon="138.61542">
      <ele>47.934</ele>
    </trkpt>
    <trkpt lat="-34.9210456" lon="138.615444">
      <ele>47.693</ele>
    </trkpt>
    <trkpt lat="-34.9211189" lon="138.6154572">
      <ele>47.656</ele>
    </trkpt>
    <trkpt lat="-34.9213087" lon="138.6154966">
      <ele>47.939</ele>
    </trkpt>
    <trkpt lat="-34.9214187" lon="138.6155217">
      <ele>48.0</ele>
    </trkpt>
    <trkpt lat="-34.9214944" lon="138.61554">
      <ele>48.0</ele>
    </trkpt>
    <trkpt lat="-34.9219038" lon="138.6156212">
      <ele>48.473</ele>
    </trkpt>
    <trkpt lat="-34.9221818" lon="138.6157029">
      <ele>49.915</ele>
    </trkpt>
    <trkpt lat="-34.9223492" lon="138.6157603">
      <ele>50.931</ele>
    </trkpt>
    <trkpt lat="-34.9225075" lon="138.6158552">
      <ele>51.975</ele>
    </trkpt>
    <trkpt lat="-34.922643" lon="138.6159497">
      <ele>51.701</ele>
    </trkpt>
    <trkpt lat="-34.9227244" lon="138.6160303">
      <ele>51.765</ele>
    </trkpt>
    <trkpt lat="-34.9229247" lon="138.6163018">
      <ele>52.718</ele>
    </trkpt>
    <trkpt lat="-34.9231503" lon="138.6166104">
      <ele>55.254</ele>
    </trkpt>
    <trkpt lat="-34.923451" lon="138.6170594">
      <ele>51.084</ele>
    </trkpt>
    <trkpt lat="-34.9238027" lon="138.6175618">
      <ele>43.934</ele>
    </trkpt>
    <trkpt lat="-34.9240975" lon="138.6179625">
      <ele>42.752</ele>
    </trkpt>
    <trkpt lat="-34.9242446" lon="138.6181549">
      <ele>44.172</ele>
    </trkpt>
    <trkpt lat="-34.9242668" lon="138.618181">
      <ele>44.725</ele>
    </trkpt>
    <trkpt lat="-34.9245201" lon="138.6185298">
      <ele>49.547</ele>
    </trkpt>
    <trkpt lat="-34.9247398" lon="138.6188322">
      <ele>50.018</ele>
    </trkpt>
    <trkpt lat="-34.9248003" lon="138.6189226">
      <ele>50.749</ele>
    </trkpt>
    <trkpt lat="-34.9249913" lon="138.6191932">
      <ele>53.188</ele>
    </trkpt>
    <trkpt lat="-34.9250593" lon="138.6192947">
      <ele>54.152</ele>
    </trkpt>
    <trkpt lat="-34.9252076" lon="138.6195306">
      <ele>54.69</ele>
    </trkpt>
    <trkpt lat="-34.9253136" lon="138.6196763">
      <ele>54.316</ele>
    </trkpt>
    <trkpt lat="-34.9253481" lon="138.6197263">
      <ele>54.249</ele>
    </trkpt>
    <trkpt lat="-34.9253863" lon="138.6197784">
      <ele>54.312</ele>
    </trkpt>
    <trkpt lat="-34.9254111" lon="138.6198142">
      <ele>54.321</ele>
    </trkpt>
    <trkpt lat="-34.9255064" lon="138.6199563">
      <ele>54.129</ele>
    </trkpt>
    <trkpt lat="-34.9258716" lon="138.6204528">
      <ele>55.189</ele>
    </trkpt>
    <trkpt lat="-34.9259778" lon="138.6206078">
      <ele>55.422</ele>
    </trkpt>
    <trkpt lat="-34.926122" lon="138.6208182">
      <ele>55.096</ele>
    </trkpt>
    <trkpt lat="-34.9262388" lon="138.6209932">
      <ele>55.195</ele>
    </trkpt>
    <trkpt lat="-34.9262686" lon="138.6210312">
      <ele>55.163</ele>
    </trkpt>
    <trkpt lat="-34.9263369" lon="138.6211216">
      <ele>55.0</ele>
    </trkpt>
    <trkpt lat="-34.926484" lon="138.6213284">
      <ele>54.925</ele>
    </trkpt>
    <trkpt lat="-34.9266052" lon="138.6214894">
      <ele>55.362</ele>
    </trkpt>
    <trkpt lat="-34.9266297" lon="138.6215234">
      <ele>55.484</ele>
    </trkpt>
    <trkpt lat="-34.926901" lon="138.6219003">
      <ele>56.978</ele>
    </trkpt>
    <trkpt lat="-34.9270778" lon="138.6221352">
      <ele>57.424</ele>
    </trkpt>
    <trkpt lat="-34.9272171" lon="138.6223115">
      <ele>57.642</ele>
    </trkpt>
    <trkpt lat="-34.9274606" lon="138.6225947">
      <ele>58.375</ele>
    </trkpt>
    <trkpt lat="-34.9274589" lon="138.6226">
      <ele>58.344</ele>
    </trkpt>
    <trkpt lat="-34.9274579" lon="138.622607">
      <ele>58.312</ele>
    </trkpt>
    <trkpt lat="-34.9274572" lon="138.6226142">
      <ele>58.281</ele>
    </trkpt>
    <trkpt lat="-34.9274568" lon="138.6226213">
      <ele>58.252</ele>
    </trkpt>
    <trkpt lat="-34.9274567" lon="138.6226285">
      <ele>58.226</ele>
    </trkpt>
    <trkpt lat="-34.9274569" lon="138.6226357">
      <ele>58.201</ele>
    </trkpt>
    <trkpt lat="-34.9274574" lon="138.6226428">
      <ele>58.179</ele>
    </trkpt>
    <trkpt lat="-34.9274582" lon="138.6226499">
      <ele>58.159</ele>
    </trkpt>
    <trkpt lat="-34.9274593" lon="138.622657">
      <ele>58.142</ele>
    </trkpt>
    <trkpt lat="-34.9274607" lon="138.6226639">
      <ele>58.127</ele>
    </trkpt>
    <trkpt lat="-34.9274624" lon="138.6226708">
      <ele>58.114</ele>
    </trkpt>
    <trkpt lat="-34.9274643" lon="138.6226776">
      <ele>58.104</ele>
    </trkpt>
    <trkpt lat="-34.9274666" lon="138.6226842">
      <ele>58.096</ele>
    </trkpt>
    <trkpt lat="-34.9274691" lon="138.6226907">
      <ele>58.091</ele>
    </trkpt>
    <trkpt lat="-34.9274719" lon="138.622697">
      <ele>58.088</ele>
    </trkpt>
    <trkpt lat="-34.9274749" lon="138.6227031">
      <ele>58.088</ele>
    </trkpt>
    <trkpt lat="-34.9274782" lon="138.622709">
      <ele>58.091</ele>
    </trkpt>
    <trkpt lat="-34.9274818" lon="138.6227148">
      <ele>58.096</ele>
    </trkpt>
    <trkpt lat="-34.9274856" lon="138.6227203">
      <ele>58.103</ele>
    </trkpt>
    <trkpt lat="-34.9274896" lon="138.6227255">
      <ele>58.113</ele>
    </trkpt>
    <trkpt lat="-34.9274938" lon="138.6227305">
      <ele>58.126</ele>
    </trkpt>
    <trkpt lat="-34.9274982" lon="138.6227352">
      <ele>58.14</ele>
    </trkpt>
    <trkpt lat="-34.9275029" lon="138.6227397">
      <ele>58.136</ele>
    </trkpt>
    <trkpt lat="-34.9275077" lon="138.6227438">
      <ele>58.119</ele>
    </trkpt>
    <trkpt lat="-34.9275126" lon="138.6227476">
      <ele>58.104</ele>
    </trkpt>
    <trkpt lat="-34.9275177" lon="138.6227512">
      <ele>58.09</ele>
    </trkpt>
    <trkpt lat="-34.927523" lon="138.6227544">
      <ele>58.077</ele>
    </trkpt>
    <trkpt lat="-34.9275307" lon="138.6227593">
      <ele>58.059</ele>
    </trkpt>
    <trkpt lat="-34.927537" lon="138.622761">
      <ele>58.052</ele>
    </trkpt>
    <trkpt lat="-34.9275426" lon="138.622763">
      <ele>58.045</ele>
    </trkpt>
    <trkpt lat="-34.9275484" lon="138.6227646">
      <ele>58.039</ele>
    </trkpt>
    <trkpt lat="-34.9275542" lon="138.6227659">
      <ele>58.034</ele>
    </trkpt>
    <trkpt lat="-34.92756" lon="138.6227668">
      <ele>58.031</ele>
    </trkpt>
    <trkpt lat="-34.9275658" lon="138.6227674">
      <ele>58.029</ele>
    </trkpt>
    <trkpt lat="-34.9275717" lon="138.6227676">
      <ele>58.027</ele>
    </trkpt>
    <trkpt lat="-34.9275776" lon="138.6227674">
      <ele>58.027</ele>
    </trkpt>
    <trkpt lat="-34.9275835" lon="138.6227668">
      <ele>58.028</ele>
    </trkpt>
    <trkpt lat="-34.9275893" lon="138.6227659">
      <ele>58.029</ele>
    </trkpt>
    <trkpt lat="-34.9275951" lon="138.6227646">
      <ele>58.031</ele>
    </trkpt>
    <trkpt lat="-34.9276008" lon="138.622763">
      <ele>58.034</ele>
    </trkpt>
    <trkpt lat="-34.9276065" lon="138.622761">
      <ele>58.037</ele>
    </trkpt>
    <trkpt lat="-34.927612" lon="138.6227587">
      <ele>58.041</ele>
    </trkpt>
    <trkpt lat="-34.9276175" lon="138.622756">
      <ele>58.045</ele>
    </trkpt>
    <trkpt lat="-34.9276228" lon="138.622753">
      <ele>58.05</ele>
    </trkpt>
    <trkpt lat="-34.927628" lon="138.6227496">
      <ele>58.055</ele>
    </trkpt>
    <trkpt lat="-34.9276331" lon="138.6227459">
      <ele>58.06</ele>
    </trkpt>
    <trkpt lat="-34.9276379" lon="138.622742">
      <ele>58.065</ele>
    </trkpt>
    <trkpt lat="-34.9276427" lon="138.6227377">
      <ele>58.07</ele>
    </trkpt>
    <trkpt lat="-34.9276472" lon="138.6227331">
      <ele>58.076</ele>
    </trkpt>
    <trkpt lat="-34.9276515" lon="138.6227283">
      <ele>58.081</ele>
    </trkpt>
    <trkpt lat="-34.9276557" lon="138.6227232">
      <ele>58.086</ele>
    </trkpt>
    <trkpt lat="-34.9276596" lon="138.6227178">
      <ele>58.092</ele>
    </trkpt>
    <trkpt lat="-34.9276633" lon="138.6227122">
      <ele>58.097</ele>
    </trkpt>
    <trkpt lat="-34.9276667" lon="138.6227064">
      <ele>58.103</ele>
    </trkpt>
    <trkpt lat="-34.9276699" lon="138.6227004">
      <ele>58.108</ele>
    </trkpt>
    <trkpt lat="-34.9276728" lon="138.6226942">
      <ele>58.114</ele>
    </trkpt>
    <trkpt lat="-34.9276755" lon="138.6226878">
      <ele>58.119</ele>
    </trkpt>
    <trkpt lat="-34.9276779" lon="138.6226812">
      <ele>58.125</ele>
    </trkpt>
    <trkpt lat="-34.92768" lon="138.6226745">
      <ele>58.131</ele>
    </trkpt>
    <trkpt lat="-34.9276833" lon="138.6226594">
      <ele>58.145</ele>
    </trkpt>
    <trkpt lat="-34.9276849" lon="138.6226521">
      <ele>58.151</ele>
    </trkpt>
    <trkpt lat="-34.9276858" lon="138.622645">
      <ele>58.158</ele>
    </trkpt>
    <trkpt lat="-34.9276864" lon="138.6226379">
      <ele>58.166</ele>
    </trkpt>
    <trkpt lat="-34.9276867" lon="138.6226307">
      <ele>58.174</ele>
    </trkpt>
    <trkpt lat="-34.9276867" lon="138.6226235">
      <ele>58.182</ele>
    </trkpt>
    <trkpt lat="-34.9276864" lon="138.6226164">
      <ele>58.191</ele>
    </trkpt>
    <trkpt lat="-34.9276858" lon="138.6226092">
      <ele>58.201</ele>
    </trkpt>
    <trkpt lat="-34.9276849" lon="138.6226022">
      <ele>58.211</ele>
    </trkpt>
    <trkpt lat="-34.9276837" lon="138.6225951">
      <ele>58.223</ele>
    </trkpt>
    <trkpt lat="-34.9276822" lon="138.6225882">
      <ele>58.235</ele>
    </trkpt>
    <trkpt lat="-34.9276804" lon="138.6225814">
      <ele>58.248</ele>
    </trkpt>
    <trkpt lat="-34.9276783" lon="138.6225746">
      <ele>58.262</ele>
    </trkpt>
    <trkpt lat="-34.927676" lon="138.6225681">
      <ele>58.277</ele>
    </trkpt>
    <trkpt lat="-34.9276734" lon="138.6225616">
      <ele>58.292</ele>
    </trkpt>
    <trkpt lat="-34.9276706" lon="138.6225543">
      <ele>58.31</ele>
    </trkpt>
    <trkpt lat="-34.9276972" lon="138.6225198">
      <ele>58.269</ele>
    </trkpt>
    <trkpt lat="-34.9277096" lon="138.622494">
      <ele>58.289</ele>
    </trkpt>
    <trkpt lat="-34.927725" lon="138.6224434">
      <ele>58.598</ele>
    </trkpt>
    <trkpt lat="-34.9277444" lon="138.6223771">
      <ele>59.005</ele>
    </trkpt>
    <trkpt lat="-34.927704" lon="138.6222567">
      <ele>60.017</ele>
    </trkpt>
    <trkpt lat="-34.9276895" lon="138.622045">
      <ele>60.521</ele>
    </trkpt>
    <trkpt lat="-34.9276662" lon="138.6218245">
      <ele>60.113</ele>
    </trkpt>
    <trkpt lat="-34.9276415" lon="138.6216049">
      <ele>59.254</ele>
    </trkpt>
    <trkpt lat="-34.9276158" lon="138.6213501">
      <ele>58.525</ele>
    </trkpt>
    <trkpt lat="-34.9276066" lon="138.621234">
      <ele>58.402</ele>
    </trkpt>
    <trkpt lat="-34.9275983" lon="138.6211315">
      <ele>58.318</ele>
    </trkpt>
    <trkpt lat="-34.927596" lon="138.6210693">
      <ele>58.158</ele>
    </trkpt>
    <trkpt lat="-34.9275877" lon="138.6208914">
      <ele>57.578</ele>
    </trkpt>
    <trkpt lat="-34.9275893" lon="138.6205737">
      <ele>57.991</ele>
    </trkpt>
    <trkpt lat="-34.9276623" lon="138.6190095">
      <ele>55.831</ele>
    </trkpt>
    <trkpt lat="-34.9276621" lon="138.6190041">
      <ele>55.833</ele>
    </trkpt>
  </trkseg>
</trk>
</gpx>
