Time,Current1,Current2,Voltage,Speed,SOC,Distance,2
14/09:56:57,1.11,3.98,115.13,75.009,30.77,70.125,3
14/09:56:57,3.26,4.0,114.98,75.053,30.77,70.136,4
14/09:56:58,5.26,4.03,114.81,75.383,30.77,70.147,5
14/09:56:58,7.01,3.8,114.85,76.175,30.77,70.158,6
14/09:56:58,8.74,3.55,114.94,76.923,30.77,70.169,7
14/09:56:59,10.79,3.22,115.02,77.462,30.77,70.18,8
14/09:56:59,12.56,2.93,115.09,77.726,30.76,70.191,9
14/09:56:59,15.17,2.42,115.18,78.331,30.76,70.213,10
14/09:57:00,14.99,2.41,115.15,78.199,30.76,70.224,11
14/09:57:00,15.08,2.59,115.02,78.144,30.76,70.235,12
14/09:57:00,16.18,3.12,114.43,78.903,30.75,70.257,13
14/09:57:01,16.56,3.42,114.1,79.409,30.75,70.268,14
14/09:57:02,18.01,4.01,113.43,80.289,30.75,70.29,15
14/09:57:03,18.42,4.08,113.34,80.718,30.75,70.301,16
14/09:57:03,18.84,4.12,113.31,81.015,30.74,70.312,17
14/09:57:04,19.31,4.15,113.23,81.631,30.74,70.345,18
14/09:57:05,19.39,4.14,113.24,81.961,30.74,70.356,19
14/09:57:05,19.47,4.17,113.23,82.324,30.73,70.367,20
14/09:57:06,19.51,4.19,113.23,82.885,30.73,70.389,21
14/09:57:07,19.56,4.18,113.22,83.16,30.73,70.4,22
14/09:57:07,19.56,4.17,113.19,83.512,30.73,70.411,23
14/09:57:08,19.51,4.16,113.19,83.798,30.72,70.422,24
14/09:57:09,19.59,4.14,113.14,84.491,30.72,70.444,25
14/09:57:09,19.05,4.18,113.17,84.755,30.72,70.455,26
14/09:57:10,16.87,4.19,113.34,84.766,30.71,70.477,27
14/09:57:10,14.33,4.21,113.55,84.48,30.71,70.488,28
14/09:57:11,11.57,4.18,113.83,84.062,30.71,70.499,29
14/09:57:11,9.23,4.19,114.05,83.765,30.71,70.51,30
14/09:57:12,6.7,4.18,114.28,83.446,30.71,70.521,31
14/09:57:13,4.09,4.17,114.51,83.171,30.71,70.532,32
14/09:57:13,1.75,4.14,114.75,82.775,30.71,70.543,33
14/09:57:14,0.54,4.11,114.94,82.159,30.71,70.576,34
14/09:57:15,0.54,4.1,114.96,81.917,30.71,70.587,35
14/09:57:15,0.55,4.1,114.98,81.51,30.71,70.598,36
14/09:57:16,0.56,4.1,114.98,81.103,30.71,70.609,37
14/09:57:16,0.6,4.1,114.98,80.85,30.71,70.62,38
14/09:57:17,0.66,4.1,114.98,80.52,30.71,70.631,39
14/09:57:17,0.79,4.09,114.97,80.278,30.71,70.642,40
14/09:57:18,1.3,4.08,114.94,80.069,30.71,70.653,41
14/09:57:18,2.14,4.08,114.86,79.937,30.71,70.664,42
14/09:57:19,3.42,4.07,114.72,79.992,30.71,70.675,43
14/09:57:19,5.0,4.08,114.57,80.069,30.71,70.686,44
14/09:57:21,8.56,4.07,114.25,80.399,30.71,70.708,45
14/09:57:21,9.98,4.06,114.12,80.542,30.71,70.708,46
14/09:57:21,11.07,4.08,114.0,80.597,30.71,70.741,47
14/09:57:22,11.9,4.09,113.92,80.608,30.71,70.752,48
14/09:57:22,11.94,4.1,113.92,80.586,30.71,70.763,49
14/09:57:23,11.08,4.1,114.0,80.377,30.71,70.774,50
14/09:57:23,10.03,4.08,114.1,80.124,30.71,70.785,51
14/09:57:25,6.99,3.69,114.67,80.322,30.71,70.807,52
14/09:57:25,5.69,3.39,114.99,80.322,30.71,70.818,53
14/09:57:25,4.23,3.09,115.32,80.124,30.71,70.829,54
14/09:57:26,3.12,2.85,115.59,79.959,30.71,70.84,55
14/09:57:27,2.68,2.66,115.79,79.563,30.71,70.851,56
14/09:57:27,2.69,2.66,115.79,79.123,30.71,70.862,57
14/09:57:28,2.9,2.68,115.78,78.562,30.71,70.873,58
14/09:57:29,4.78,3.18,115.18,78.364,30.71,70.895,59
14/09:57:29,5.87,3.45,114.9,78.309,30.71,70.906,60
14/09:57:30,6.93,3.7,114.62,78.166,30.7,70.917,61
14/09:57:30,7.98,3.95,114.34,78.166,30.7,70.928,62
14/09:57:31,8.76,4.12,114.14,78.155,30.7,70.939,63
14/09:57:31,9.79,4.13,114.08,78.067,30.7,70.961,64
14/09:57:32,10.61,4.15,114.02,77.968,30.7,70.972,65
14/09:57:32,10.84,4.18,114.01,77.858,30.7,70.983,66
14/09:57:33,11.28,4.22,114.03,77.704,30.7,71.005,67
14/09:57:34,11.62,4.22,114.01,77.616,30.7,71.016,68
14/09:57:35,11.97,4.22,113.99,77.583,30.7,71.016,69
14/09:57:36,12.06,4.2,113.96,77.572,30.69,71.049,70
14/09:57:36,11.93,4.2,113.96,77.506,30.69,71.06,71
14/09:57:37,12.27,4.19,113.93,77.484,30.69,71.071,72
14/09:57:37,12.61,4.18,113.91,77.451,30.69,71.082,73
14/09:57:38,12.49,4.17,113.9,77.44,30.69,71.093,74
14/09:57:39,12.26,4.17,113.93,77.374,30.69,71.104,75
14/09:57:39,11.59,4.17,113.97,77.143,30.69,71.126,76
14/09:57:40,11.88,4.17,113.93,77.066,30.69,71.137,77
14/09:57:40,12.03,4.16,113.92,77.055,30.68,71.148,78
14/09:57:41,11.89,4.16,113.91,77.154,30.68,71.159,79
14/09:57:42,11.56,4.18,113.91,77.308,30.68,71.17,80
14/09:57:42,11.93,4.16,113.87,77.374,30.68,71.181,81
14/09:57:42,12.36,4.16,113.83,77.473,30.68,71.192,82
14/09:57:43,12.76,4.17,113.78,77.627,30.68,71.203,83
14/09:57:44,12.82,4.17,113.75,77.715,30.68,71.214,84
14/09:57:44,12.76,4.17,113.77,77.77,30.68,71.225,85
14/09:57:45,12.69,4.16,113.76,77.825,30.67,71.236,86
14/09:57:45,12.64,4.15,113.76,77.891,30.67,71.247,87
14/09:57:45,12.69,4.13,113.73,77.902,30.67,71.258,88
14/09:57:46,12.4,4.15,113.74,78.023,30.67,71.269,89
14/09:57:47,12.05,4.14,113.75,78.144,30.67,71.28,90
14/09:57:47,11.74,4.1,113.76,78.254,30.67,71.291,91
14/09:57:48,11.6,4.1,113.77,78.364,30.67,71.302,92
14/09:57:48,11.47,4.1,113.77,78.463,30.67,71.324,93
14/09:57:49,11.45,4.09,113.76,78.584,30.67,71.335,94
14/09:57:49,11.45,4.1,113.78,78.782,30.66,71.346,95
14/09:57:50,11.38,4.08,113.78,78.925,30.66,71.357,96
14/09:57:50,11.51,4.09,113.78,79.101,30.66,71.368,97
14/09:57:51,11.64,4.11,113.79,79.288,30.66,71.379,98
14/09:57:51,11.85,4.13,113.78,79.475,30.66,71.39,99
14/09:57:52,12.11,4.16,113.78,79.673,30.66,71.401,100
14/09:57:52,12.21,4.16,113.78,79.816,30.66,71.412,101
14/09:57:53,12.19,4.18,113.77,79.959,30.66,71.423,102
14/09:57:54,12.24,4.19,113.77,80.157,30.65,71.434,103
14/09:57:54,12.16,4.17,113.77,80.399,30.65,71.445,104
14/09:57:55,12.02,4.16,113.75,80.63,30.65,71.456,105
14/09:57:55,12.0,4.14,113.74,80.872,30.65,71.467,106
14/09:57:55,12.06,4.16,113.74,81.103,30.65,71.478,107
14/09:57:56,12.2,4.16,113.73,81.345,30.65,71.489,108
14/09:57:57,12.28,4.05,113.74,81.433,30.65,71.511,109
14/09:57:57,12.27,3.86,113.72,81.708,30.65,71.522,110
14/09:57:58,12.44,3.87,113.74,82.071,30.65,71.533,111
14/09:57:58,12.47,3.73,113.73,82.335,30.64,71.544,112
14/09:57:59,12.25,3.64,113.76,82.445,30.64,71.555,113
14/09:57:59,11.97,3.61,113.8,82.544,30.64,71.566,114
14/09:58:00,11.56,3.41,113.81,82.632,30.64,71.577,115
14/09:58:00,11.01,3.38,113.82,82.698,30.64,71.588,116
14/09:58:01,10.76,3.5,113.86,82.852,30.64,71.599,117
14/09:58:02,10.13,3.62,113.94,83.039,30.64,71.632,118
14/09:58:02,9.76,3.76,113.97,83.116,30.64,71.643,119
14/09:58:03,9.16,3.85,114.04,83.116,30.63,71.654,120
14/09:58:04,8.44,3.85,114.1,83.006,30.63,71.665,121
14/09:58:04,7.75,4.02,114.17,82.841,30.63,71.676,122
14/09:58:05,7.1,4.02,114.25,82.665,30.63,71.687,123
14/09:58:05,6.36,4.03,114.3,82.511,30.63,71.698,124
14/09:58:06,5.66,4.03,114.38,82.412,30.63,71.709,125
14/09:58:06,5.13,4.03,114.44,82.214,30.63,71.72,126
14/09:58:07,4.4,4.04,114.51,81.983,30.63,71.731,127
14/09:58:08,4.65,4.04,114.52,81.708,30.63,71.753,128
14/09:58:08,4.54,4.04,114.53,81.609,30.63,71.775,129
14/09:58:09,4.48,4.03,114.53,81.389,30.63,71.786,130
14/09:58:09,4.59,4.02,114.53,81.356,30.63,71.797,131
14/09:58:10,4.74,4.03,114.53,81.235,30.63,71.808,132
14/09:58:11,133.9,213.15,241.0,53.152,243.2,100.76,133
14/09:58:11,4.98,4.01,114.49,80.707,30.63,71.841,134
14/09:58:12,4.93,4.0,114.48,80.608,30.63,71.852,135
14/09:58:13,5.21,3.99,114.46,80.531,30.63,71.863,136
14/09:58:13,5.93,3.99,114.45,80.179,30.63,71.885,137
14/09:58:14,5.77,3.98,114.43,80.091,30.63,71.896,138
14/09:58:15,5.69,3.96,114.42,80.025,30.63,71.907,139
14/09:58:15,5.85,3.96,114.41,79.926,30.63,71.929,140
14/09:58:15,6.18,3.97,114.4,79.882,30.63,71.94,141
14/09:58:16,7.15,4.0,114.31,80.025,30.63,71.951,142
14/09:58:17,8.12,4.03,114.21,80.322,30.63,71.962,143
14/09:58:17,9.05,4.03,114.11,80.542,30.63,71.973,144
14/09:58:18,10.43,4.05,114.0,80.663,30.63,71.984,145
14/09:58:18,11.86,4.07,113.86,80.806,30.63,71.995,146
14/09:58:19,13.71,4.09,113.71,81.125,30.62,72.017,147
14/09:58:20,13.39,4.08,113.75,81.103,30.62,72.028,148
14/09:58:20,12.23,4.03,113.83,80.982,30.62,72.039,149
14/09:58:21,10.75,4.02,113.95,80.817,30.62,72.05,150
14/09:58:22,9.39,4.01,114.08,80.652,30.62,72.061,151
14/09:58:22,7.14,3.99,114.27,80.41,30.62,72.094,152
14/09:58:23,6.56,3.99,114.36,80.289,30.62,72.105,153
14/09:58:23,6.14,3.98,114.4,80.168,30.62,72.116,154
14/09:58:24,5.88,3.98,114.43,80.08,30.62,72.116,155
14/09:58:25,6.53,4.0,114.41,79.816,30.61,72.149,156
14/09:58:26,6.77,4.01,114.39,79.761,30.61,72.16,157
14/09:58:26,6.71,4.0,114.37,79.596,30.61,72.171,158
14/09:58:27,6.57,3.99,114.37,79.442,30.61,72.182,159
14/09:58:27,6.32,3.98,114.37,79.332,30.61,72.193,160
14/09:58:28,6.07,3.99,114.36,79.332,30.61,72.204,161
14/09:58:28,5.96,3.99,114.37,79.222,30.61,72.215,162
14/09:58:29,5.92,3.97,114.35,79.035,30.61,72.226,163
14/09:58:29,6.11,3.98,114.34,78.782,30.61,72.237,164
14/09:58:30,6.23,3.98,114.34,78.606,30.61,72.248,165
14/09:58:30,6.43,3.99,114.35,78.375,30.61,72.259,166
14/09:58:31,6.5,4.0,114.34,78.133,30.61,72.27,167
14/09:58:31,6.54,4.01,114.34,77.957,30.61,72.292,168
14/09:58:32,6.48,4.0,114.36,77.704,30.61,72.303,169
14/09:58:33,6.35,4.0,114.35,77.451,30.61,72.314,170
14/09:58:33,6.22,3.99,114.38,77.22,30.61,72.325,171
14/09:58:33,6.03,3.99,114.38,77.0,30.61,72.336,172
14/09:58:34,6.07,4.0,114.38,76.604,30.61,72.347,173
14/09:58:35,6.16,4.0,114.37,76.384,30.61,72.358,174
14/09:58:35,6.31,4.0,114.37,76.175,30.61,72.369,175
14/09:58:35,6.27,3.99,114.37,75.856,30.61,72.38,176
14/09:58:36,6.65,4.0,114.34,75.504,30.61,72.391,177
14/09:58:37,7.15,4.0,114.33,75.295,30.61,72.402,178
14/09:58:37,7.53,4.0,114.28,75.163,30.61,72.413,179
14/09:58:38,7.82,3.99,114.26,74.976,30.61,72.424,180
14/09:58:38,8.23,3.99,114.22,74.877,30.61,72.435,181
14/09:58:39,8.49,3.98,114.17,74.635,30.6,72.457,182
14/09:58:40,8.98,3.99,114.15,74.492,30.6,72.468,183
14/09:58:40,9.03,3.98,114.14,74.514,30.6,72.479,184
14/09:58:41,8.85,3.98,114.13,74.525,30.6,72.49,185
14/09:58:41,8.97,3.97,114.13,74.426,30.6,72.501,186
14/09:58:42,8.98,3.97,114.13,74.316,30.6,72.512,187
14/09:58:43,8.79,3.97,114.13,74.261,30.6,72.523,188
14/09:58:43,8.84,3.97,114.13,74.129,30.6,72.534,189
14/09:58:44,8.82,3.96,114.13,74.063,30.6,72.545,190
14/09:58:44,8.97,3.96,114.11,74.008,30.6,72.556,191
14/09:58:45,9.79,3.98,114.05,74.129,30.6,72.567,192
14/09:58:45,10.76,3.99,113.98,74.305,30.6,72.567,193
14/09:58:46,11.77,4.0,113.89,74.602,30.59,72.589,194
14/09:58:46,12.63,4.0,113.81,74.822,30.59,72.589,195
14/09:58:47,13.48,4.02,113.74,75.031,30.59,72.6,196
14/09:58:47,13.3,4.03,113.74,75.24,30.59,72.622,197
14/09:58:48,12.71,4.03,113.77,75.251,30.59,72.622,198
14/09:58:48,11.69,4.03,113.86,75.108,30.59,72.633,199
14/09:58:49,9.95,4.03,113.99,74.987,30.59,72.644,200
14/09:58:50,9.0,4.04,114.11,75.042,30.59,72.666,201
14/09:58:50,8.36,4.05,114.15,75.24,30.59,72.677,202
14/09:58:51,8.39,4.04,114.15,75.416,30.57,72.688,203
14/09:58:51,9.85,4.06,114.03,75.658,30.57,72.699,204
14/09:58:52,10.59,4.07,113.98,75.911,30.57,72.721,205
14/09:58:53,11.97,4.06,113.88,76.131,30.57,72.721,206
14/09:58:53,13.18,4.06,113.74,76.384,30.57,72.732,207
14/09:58:54,13.92,4.05,113.61,76.714,30.57,72.743,208
14/09:58:54,14.78,4.07,113.52,77.121,30.57,72.765,209
14/09:58:55,14.71,4.07,113.5,77.561,30.57,72.776,210
14/09:58:55,13.81,4.06,113.57,77.759,30.56,72.787,211
14/09:58:56,12.93,4.06,113.69,77.792,30.56,72.798,212
14/09:58:57,11.21,4.04,113.83,77.924,30.56,72.82,213
14/09:58:57,9.91,4.05,113.97,77.99,30.56,72.831,214
14/09:58:58,8.56,4.05,114.09,78.045,30.56,72.842,215
14/09:58:58,8.06,4.03,114.17,78.353,30.56,72.853,216
14/09:58:59,8.78,4.03,114.11,78.716,30.56,72.864,217
14/09:58:59,9.98,4.03,113.99,79.211,30.56,72.875,218
14/09:59:00,11.55,4.06,113.84,79.64,30.56,72.886,219
14/09:59:01,13.52,4.09,113.66,80.08,30.56,72.897,220
14/09:59:01,15.36,4.14,113.43,80.927,30.56,72.908,221
14/09:59:02,15.54,4.16,113.39,81.246,30.56,72.93,222
14/09:59:02,14.79,4.18,113.44,81.488,30.56,72.941,223
14/09:59:03,13.66,4.2,113.56,81.675,30.56,72.952,224
14/09:59:03,12.04,4.19,113.7,81.708,30.56,72.963,225
14/09:59:04,10.08,4.18,113.88,81.697,30.55,72.985,226
14/09:59:05,8.16,4.16,114.05,81.763,30.55,72.996,227
14/09:59:05,7.34,4.16,114.16,81.785,30.55,73.007,228
14/09:59:06,7.55,4.16,114.18,81.84,30.55,73.018,229
14/09:59:06,7.72,4.16,114.17,82.005,30.55,73.029,230
14/09:59:07,8.05,4.16,114.13,82.28,30.55,73.04,231
14/09:59:08,9.4,4.16,114.01,82.764,30.55,73.062,232
14/09:59:08,10.09,4.16,113.94,83.006,30.55,73.073,233
14/09:59:09,10.8,4.18,113.88,83.204,30.55,73.084,234
14/09:59:09,10.89,4.18,113.84,83.402,30.55,73.095,235
14/09:59:10,11.01,4.19,113.83,83.6,30.55,73.117,236
14/09:59:11,11.01,4.18,113.82,83.776,30.55,73.128,237
14/09:59:11,11.07,4.19,113.82,83.93,30.54,73.139,238
14/09:59:11,10.57,4.2,113.83,84.106,30.54,73.15,239
14/09:59:13,9.18,4.21,113.94,84.106,30.54,73.172,240
14/09:59:13,8.28,4.2,114.03,84.139,30.54,73.183,241
14/09:59:14,7.57,4.2,114.1,84.183,30.54,73.194,242
14/09:59:15,6.1,4.21,114.24,84.161,30.54,73.216,243
14/09:59:16,4.66,4.19,114.43,84.095,30.54,73.26,244
14/09:59:17,4.52,4.18,114.47,84.04,30.54,73.271,245
14/09:59:17,4.37,4.18,114.48,83.985,30.54,73.282,246
14/09:59:18,4.14,4.18,114.49,83.897,30.54,73.293,247
14/09:59:19,3.71,4.15,114.55,83.655,30.54,73.326,248
14/09:59:19,3.56,4.16,114.56,83.6,30.54,73.337,249
14/09:59:20,3.44,4.14,114.57,83.534,30.54,73.348,250
14/09:59:20,3.44,4.16,114.59,83.479,30.54,73.359,251
14/09:59:21,3.31,4.14,114.59,83.369,30.54,73.37,252
14/09:59:21,3.44,4.14,114.6,83.226,30.54,73.381,253
14/09:59:22,3.34,4.13,114.61,83.127,30.54,73.392,254
14/09:59:22,3.26,4.13,114.62,83.116,30.54,73.403,255
14/09:59:23,3.38,4.13,114.62,82.984,30.54,73.414,256
14/09:59:24,2.67,4.13,114.69,82.775,30.54,73.447,257
14/09:59:24,2.35,4.12,114.73,82.599,30.54,73.458,258
14/09:59:25,2.0,4.12,114.77,82.39,30.54,73.469,259
14/09:59:26,1.62,4.12,114.81,82.203,30.54,73.48,260
14/09:59:26,1.3,4.13,114.85,82.071,30.54,73.491,261
14/09:59:27,1.0,4.13,114.88,81.829,30.54,73.502,262
14/09:59:27,0.57,4.13,114.92,81.565,30.54,73.513,263
14/09:59:28,0.54,4.13,114.94,81.4,30.54,73.524,264
14/09:59:28,0.54,4.13,114.94,81.257,30.54,73.535,265
14/09:59:29,0.54,4.11,114.95,80.674,30.54,73.557,266
14/09:59:30,0.55,4.11,114.96,80.366,30.55,73.579,267
14/09:59:30,0.56,4.1,114.97,80.19,30.55,73.59,268
14/09:59:31,0.64,4.09,114.97,80.058,30.55,73.601,269
14/09:59:32,1.05,4.08,114.93,79.948,30.55,73.612,270
14/09:59:32,1.67,4.08,114.89,79.959,30.55,73.623,271
14/09:59:33,2.4,4.07,114.85,79.981,30.55,73.634,272
14/09:59:33,3.12,4.08,114.81,79.783,30.55,73.645,273
14/09:59:34,3.78,4.09,114.75,79.64,30.55,73.656,274
14/09:59:34,4.39,4.08,114.69,79.53,30.55,73.667,275
14/09:59:35,4.85,4.09,114.65,79.453,30.55,73.678,276
14/09:59:35,5.13,4.09,114.59,79.376,30.55,73.689,277
14/09:59:36,5.12,4.08,114.57,79.321,30.55,73.7,278
14/09:59:36,4.94,4.07,114.57,79.233,30.55,73.711,279
14/09:59:37,4.68,4.08,114.57,79.123,30.55,73.722,280
14/09:59:37,4.39,4.07,114.56,79.046,30.55,73.733,281
14/09:59:38,4.19,4.06,114.57,79.068,30.55,73.744,282
14/09:59:38,4.06,4.06,114.56,78.98,30.55,73.766,283
14/09:59:39,4.13,4.06,114.56,78.859,30.55,73.777,284
14/09:59:39,4.27,4.05,114.56,78.705,30.55,73.788,285
14/09:59:40,4.37,4.05,114.56,78.606,30.55,73.799,286
14/09:59:40,4.51,4.05,114.55,78.54,30.55,73.81,287
14/09:59:41,4.72,4.05,114.54,78.474,30.55,73.821,288
14/09:59:41,5.25,4.04,114.5,78.507,30.55,73.832,289
14/09:59:42,5.83,4.04,114.45,78.562,30.55,73.843,290
14/09:59:42,6.52,4.05,114.4,78.606,30.55,73.854,291
14/09:59:43,7.11,4.06,114.34,78.54,30.55,73.865,292
14/09:59:43,7.57,4.06,114.3,78.507,30.54,73.876,293
14/09:59:44,8.07,4.07,114.24,78.474,30.54,73.887,294
14/09:59:45,8.55,4.07,114.2,78.606,30.54,73.898,295
14/09:59:45,8.85,4.08,114.14,78.716,30.54,73.909,296
14/09:59:46,8.86,4.08,114.14,78.782,30.54,73.92,297
14/09:59:46,8.84,4.08,114.12,78.771,30.54,73.931,298
14/09:59:47,8.77,4.07,114.12,78.683,30.54,73.942,299
14/09:59:47,8.73,4.08,114.1,78.628,30.54,73.953,300
14/09:59:48,8.74,4.08,114.1,78.639,30.54,73.964,301
14/09:59:48,8.92,4.08,114.09,78.705,30.54,73.975,302
14/09:59:49,9.28,4.08,114.05,78.804,30.54,73.986,303
14/09:59:49,9.5,4.08,114.02,78.914,30.54,73.997,304
14/09:59:50,9.72,4.08,114.0,78.98,30.54,74.008,305
14/09:59:51,9.92,4.07,113.96,79.079,30.54,74.008,306
14/09:59:51,10.31,4.05,113.95,79.244,30.53,74.041,307
14/09:59:51,10.02,4.05,113.97,79.387,30.53,74.052,308
14/09:59:52,9.47,4.05,114.03,79.332,30.53,74.063,309
14/09:59:52,8.71,4.05,114.09,79.178,30.53,74.074,310
14/09:59:53,7.97,4.05,114.16,79.101,30.53,74.085,311
14/09:59:53,7.23,4.05,114.25,79.002,30.53,74.096,312
14/09:59:54,6.49,4.06,114.33,78.859,30.53,74.107,313
14/09:59:54,5.56,4.06,114.4,78.716,30.53,74.118,314
14/09:59:55,4.74,4.07,114.45,78.628,30.53,74.129,315
14/09:59:56,4.71,4.09,114.46,78.496,30.53,74.14,316
14/09:59:56,4.65,4.09,114.46,78.397,30.53,74.151,317
14/09:59:57,4.8,4.11,114.47,78.32,30.53,74.162,318
14/09:59:57,5.09,4.11,114.48,78.232,30.53,74.173,319
14/09:59:58,5.47,4.13,114.48,78.144,30.53,74.184,320
14/09:59:58,5.85,4.04,114.47,78.155,30.53,74.195,321
14/09:59:59,6.37,4.05,114.42,78.177,30.53,74.206,322
14/09:59:59,6.8,4.05,114.39,78.166,30.53,74.217,323
14/10:00:00,7.18,4.05,114.36,78.188,30.53,74.228,324
14/10:00:00,7.75,4.04,114.3,78.199,30.53,74.239,325
14/10:00:01,8.42,4.04,114.22,78.32,30.53,74.25,326
14/10:00:02,10.01,4.02,114.01,78.595,30.53,74.272,327
14/10:00:02,10.63,4.12,113.95,78.771,30.52,74.283,328
14/10:00:03,11.39,4.14,113.9,78.881,30.52,74.305,329
14/10:00:03,12.25,4.16,113.83,79.035,30.52,74.316,330
14/10:00:04,13.12,4.16,113.74,79.288,30.52,74.316,331
14/10:00:05,12.7,4.15,113.73,79.607,30.52,74.349,332
14/10:00:06,11.53,4.13,113.8,79.662,30.52,74.371,333
14/10:00:07,10.93,4.13,113.86,79.585,30.52,74.382,334
14/10:00:08,9.42,4.11,113.97,79.607,30.51,74.404,335
14/10:00:08,8.8,4.12,114.03,79.596,30.51,74.415,336
14/10:00:09,8.6,4.15,114.1,79.508,30.51,74.437,337
14/10:00:10,8.91,4.16,114.1,79.497,30.51,74.448,338
14/10:00:10,9.11,4.17,114.12,79.486,30.51,74.459,339
14/10:00:11,9.16,4.16,114.11,79.42,30.51,74.47,340
14/10:00:12,8.99,4.16,114.12,79.486,30.51,74.481,341
14/10:00:13,8.56,4.15,114.14,79.508,30.51,74.503,342
14/10:00:13,8.12,4.14,114.14,79.453,30.51,74.525,343
14/10:00:14,7.83,4.15,114.15,79.387,30.51,74.536,344
14/10:00:14,7.74,4.15,114.14,79.387,30.5,74.558,345
14/10:00:15,7.97,4.15,114.15,79.376,30.5,74.569,346
14/10:00:16,8.38,4.16,114.16,79.222,30.5,74.58,347
14/10:00:16,8.67,4.17,114.16,79.189,30.5,74.591,348
14/10:00:17,8.97,4.17,114.15,79.222,30.5,74.602,349
14/10:00:17,9.17,4.17,114.15,79.178,30.5,74.613,350
14/10:00:19,9.79,4.16,114.14,79.101,30.5,74.646,351
14/10:00:19,9.78,4.16,114.13,79.057,30.5,74.657,352
14/10:00:20,9.56,4.05,114.24,79.156,30.5,74.668,353
14/10:00:20,8.97,3.72,114.51,79.486,30.5,74.679,354
14/10:00:21,8.4,3.44,114.77,79.86,30.5,74.69,355
14/10:00:22,7.65,2.75,115.31,79.816,30.49,74.712,356
14/10:00:22,7.27,2.62,115.48,79.618,30.49,74.723,357
14/10:00:23,7.04,2.64,115.47,79.255,30.49,74.745,358
14/10:00:24,6.74,2.64,115.47,78.903,30.49,74.756,359
14/10:00:24,6.91,2.83,115.26,78.859,30.49,74.767,360
14/10:00:25,7.3,3.18,114.97,78.837,30.49,74.778,361
14/10:00:25,7.56,3.44,114.72,78.716,30.49,74.789,362
14/10:00:26,7.66,3.76,114.45,78.672,30.49,74.8,363
14/10:00:26,7.9,4.1,114.18,78.595,30.49,74.811,364
14/10:00:27,8.13,3.95,114.08,78.661,30.49,74.822,365
14/10:00:27,8.61,3.65,114.0,78.793,30.49,74.833,366
14/10:00:28,9.28,3.32,113.91,78.98,30.49,74.844,367
14/10:00:29,9.91,3.02,113.84,79.156,30.49,74.855,368
14/10:00:29,10.97,2.42,113.66,79.486,30.48,74.877,369
14/10:00:30,11.59,2.11,113.56,79.64,30.48,74.888,370
14/10:00:31,12.09,1.81,113.49,79.717,30.48,74.899,371
14/10:00:31,12.1,2.03,113.49,79.761,30.48,74.921,372
14/10:00:32,11.9,2.33,113.55,79.739,30.48,74.932,373
14/10:00:32,11.62,2.65,113.61,79.673,30.48,74.943,374
14/10:00:33,11.3,2.98,113.68,79.574,30.47,74.954,375
14/10:00:33,10.95,3.32,113.74,79.497,30.47,74.976,376
14/10:00:34,10.75,3.6,113.8,79.442,30.47,74.987,377
14/10:00:35,10.79,3.88,113.82,79.431,30.47,74.998,378
14/10:00:35,10.85,4.2,113.86,79.442,30.47,75.009,379
14/10:00:35,10.53,4.22,113.86,79.409,30.47,75.02,380
14/10:00:36,10.56,4.22,113.85,79.299,30.47,75.031,381
14/10:00:37,10.79,4.21,113.81,79.277,30.47,75.042,382
14/10:00:38,11.54,4.2,113.75,79.288,30.47,75.064,383
14/10:00:38,11.83,4.22,113.74,79.167,30.46,75.075,384
14/10:00:39,12.18,4.24,113.72,79.013,30.46,75.086,385
14/10:00:40,12.79,4.27,113.71,78.782,30.46,75.108,386
14/10:00:40,12.68,4.27,113.72,78.661,30.46,75.108,387
14/10:00:41,12.56,4.28,113.74,78.551,30.46,75.13,388
14/10:00:41,12.36,4.31,113.77,78.496,30.46,75.141,389
14/10:00:42,12.67,4.28,113.75,78.43,30.46,75.152,390
14/10:00:42,12.88,4.31,113.73,78.485,30.45,75.163,391
14/10:00:43,13.01,4.3,113.72,78.573,30.45,75.185,392
14/10:00:44,13.47,4.28,113.68,78.617,30.45,75.207,393
14/10:00:45,13.64,4.28,113.67,78.793,30.45,75.218,394
14/10:00:45,13.22,4.28,113.72,78.76,30.45,75.229,395
14/10:00:46,12.72,4.27,113.77,78.474,30.45,75.24,396
14/10:00:46,11.72,4.27,113.85,78.32,30.45,75.251,397
14/10:00:47,10.83,4.28,113.93,78.133,30.44,75.262,398
14/10:00:47,9.98,4.28,114.02,78.001,30.44,75.273,399
14/10:00:48,8.67,4.28,114.12,77.935,30.44,75.284,400
14/10:00:48,7.66,4.28,114.2,77.935,30.44,75.295,401
14/10:00:49,6.97,4.28,114.26,77.88,30.44,75.306,402
14/10:00:50,6.67,4.28,114.27,77.814,30.44,75.317,403
14/10:00:50,6.35,4.28,114.27,77.693,30.44,75.328,404
14/10:00:50,6.08,4.28,114.28,77.528,30.44,75.339,405
14/10:00:51,5.71,4.28,114.28,77.451,30.44,75.35,406
14/10:00:51,5.48,4.27,114.28,77.275,30.44,75.361,407
14/10:00:52,5.59,4.28,114.3,77.242,30.44,75.372,408
14/10:00:52,5.68,4.28,114.28,77.264,30.44,75.383,409
14/10:00:53,6.28,4.28,114.26,77.286,30.44,75.394,410
14/10:00:53,7.38,4.27,114.16,77.418,30.44,75.405,411
14/10:00:54,8.62,4.25,114.03,77.66,30.44,75.416,412
14/10:00:55,10.01,4.24,113.95,78.012,30.44,75.416,413
14/10:00:55,11.34,4.27,113.81,78.243,30.44,75.427,414
14/10:00:56,12.99,4.26,113.6,78.793,30.43,75.46,415
14/10:00:57,13.48,4.25,113.55,79.178,30.43,75.471,416
14/10:00:57,13.33,4.26,113.53,79.442,30.43,75.482,417
14/10:00:58,12.85,4.26,113.57,79.607,30.43,75.493,418
14/10:00:58,12.35,4.28,113.64,79.783,30.43,75.504,419
14/10:00:59,11.66,4.3,113.69,79.981,30.43,75.526,420
14/10:01:00,10.98,4.31,113.8,80.256,30.43,75.548,421
14/10:01:01,11.67,4.33,113.78,80.553,30.43,75.559,422
14/10:01:01,12.51,4.35,113.71,80.85,30.42,75.57,423
14/10:01:02,13.03,4.36,113.67,81.488,30.42,75.592,424
14/10:01:02,12.97,4.38,113.65,81.697,30.42,75.603,425
14/10:01:03,12.63,4.4,113.66,81.807,30.42,75.614,426
14/10:01:03,12.26,4.38,113.68,81.917,30.42,75.625,427
14/10:01:04,12.15,4.39,113.68,82.005,30.42,75.636,428
14/10:01:05,10.31,4.37,113.82,82.181,30.41,75.669,429
14/10:01:06,9.5,4.38,113.91,82.236,30.41,75.68,430
14/10:01:07,6.98,4.37,114.12,81.928,30.41,75.702,431
14/10:01:07,6.04,4.35,114.25,81.664,30.41,75.713,432
14/10:01:08,4.95,4.15,114.47,81.565,30.41,75.724,433
14/10:01:08,3.41,3.88,114.83,81.697,30.41,75.735,434
14/10:01:09,2.19,3.61,115.23,81.708,30.41,75.746,435
14/10:01:09,1.24,3.28,115.56,81.367,30.41,75.757,436
14/10:01:10,0.35,3.0,115.86,81.07,30.41,75.768,437
14/10:01:10,0.16,2.7,116.13,80.729,30.41,75.779,438
14/10:01:11,0.13,2.56,116.25,80.168,30.41,75.79,439
14/10:01:11,0.13,2.56,116.27,79.508,30.41,75.812,440
14/10:01:12,0.17,2.76,116.15,79.002,30.41,75.823,441
14/10:01:12,0.24,3.02,115.91,78.782,30.41,75.834,442
14/10:01:13,0.3,3.28,115.64,78.518,30.42,75.845,443
14/10:01:14,0.37,3.6,115.42,78.298,30.42,75.856,444
14/10:01:14,0.44,3.87,115.2,77.88,30.42,75.867,445
14/10:01:15,0.5,4.16,114.93,77.539,30.42,75.878,446
14/10:01:15,0.54,4.28,114.85,77.22,30.42,75.889,447
14/10:01:15,0.54,4.27,114.86,76.967,30.42,75.9,448
14/10:01:16,0.53,4.27,114.87,76.681,30.42,75.911,449
14/10:01:17,0.53,4.27,114.87,76.362,30.42,75.922,450
14/10:01:17,0.53,4.27,114.87,76.153,30.42,75.933,451
14/10:01:18,0.53,4.26,114.88,75.867,30.42,75.944,452
14/10:01:19,0.52,4.26,114.89,75.614,30.42,75.955,453
14/10:01:19,0.53,4.25,114.91,75.152,30.42,75.977,454
14/10:01:20,0.53,4.25,114.91,74.833,30.42,75.988,455
14/10:01:20,0.53,4.25,114.92,74.58,30.42,75.999,456
14/10:01:21,0.53,4.26,114.93,74.272,30.42,76.01,457
14/10:01:21,0.53,4.26,114.94,73.997,30.42,76.021,458
14/10:01:22,0.59,4.27,114.94,73.711,30.42,76.032,459
14/10:01:22,1.65,4.27,114.84,73.535,30.42,76.043,460
14/10:01:23,3.56,4.28,114.7,73.601,30.42,76.054,461
14/10:01:23,5.4,4.28,114.55,73.909,30.42,76.065,462
14/10:01:24,7.26,4.28,114.38,74.217,30.42,76.076,463
14/10:01:24,8.96,4.28,114.2,74.448,30.42,76.087,464
14/10:01:25,10.34,4.28,114.07,74.701,30.42,76.098,465
14/10:01:26,11.77,4.28,113.95,74.932,30.42,76.109,466
14/10:01:26,13.43,4.3,113.79,74.998,30.42,76.12,467
14/10:01:27,13.65,4.28,113.76,75.185,30.42,76.131,468
14/10:01:27,12.39,4.28,113.83,75.306,30.42,76.142,469
14/10:01:28,11.27,4.27,113.89,75.295,30.42,76.153,470
14/10:01:28,10.11,4.28,114.0,75.185,30.42,76.164,471
14/10:01:29,9.43,4.28,114.08,75.295,30.41,76.186,472
14/10:01:30,9.26,4.28,114.07,75.306,30.41,76.197,473
14/10:01:30,8.34,4.28,114.13,75.35,30.41,76.208,474
14/10:01:31,7.73,4.28,114.19,75.295,30.41,76.208,475
14/10:01:31,8.12,4.28,114.17,75.383,30.41,76.23,476
14/10:01:32,8.67,4.3,114.13,75.548,30.41,76.241,477
14/10:01:32,9.05,4.3,114.08,75.625,30.41,76.252,478
14/10:01:33,9.55,4.3,114.03,75.691,30.41,76.263,479
14/10:01:33,9.53,4.31,114.03,75.779,30.41,76.274,480
14/10:01:34,9.68,4.31,114.02,75.944,30.41,76.285,481
14/10:01:35,9.95,4.31,113.99,75.966,30.41,76.296,482
14/10:01:35,10.34,4.3,113.93,75.955,30.41,76.307,483
14/10:01:36,11.2,4.31,113.86,76.23,30.41,76.318,484
14/10:01:36,11.49,4.33,113.85,76.505,30.4,76.329,485
14/10:01:37,11.48,4.33,113.84,76.626,30.4,76.34,486
14/10:01:37,11.06,4.32,113.84,76.549,30.4,76.351,487
14/10:01:38,10.35,4.32,113.92,76.582,30.4,76.373,488
14/10:01:40,8.73,4.31,114.06,76.417,30.4,76.395,489
14/10:01:40,7.33,4.3,114.18,76.065,30.4,76.417,490
14/10:01:41,7.18,4.3,114.22,76.032,30.4,76.428,491
14/10:01:41,6.99,4.28,114.26,76.054,30.4,76.439,492
14/10:01:42,6.74,4.28,114.26,75.999,30.4,76.45,493
14/10:01:42,6.84,4.28,114.25,75.867,30.4,76.461,494
14/10:01:43,7.12,4.28,114.26,75.79,30.4,76.472,495
14/10:01:43,7.23,4.3,114.25,75.757,30.4,76.483,496
14/10:01:44,7.23,4.28,114.24,75.691,30.4,76.494,497
14/10:01:45,7.07,4.28,114.26,75.658,30.39,76.516,498
14/10:01:46,7.01,4.28,114.27,75.57,30.39,76.516,499
14/10:01:46,7.13,4.28,114.26,75.427,30.39,76.527,500
14/10:01:47,7.09,4.28,114.25,75.405,30.39,76.549,501
14/10:01:47,7.0,4.28,114.24,75.372,30.39,76.56,502
14/10:01:48,6.97,4.28,114.26,75.284,30.39,76.571,503
14/10:01:48,7.05,4.28,114.25,75.262,30.39,76.582,504
14/10:01:49,7.02,4.28,114.25,75.317,30.39,76.593,505
14/10:01:49,7.03,4.28,114.24,75.24,30.39,76.604,506
14/10:01:50,7.02,4.28,114.25,75.075,30.39,76.615,507
14/10:01:51,6.99,4.28,114.27,75.02,30.39,76.637,508
14/10:01:51,7.01,4.28,114.28,75.042,30.39,76.648,509
14/10:01:52,7.17,4.3,114.28,74.932,30.39,76.659,510
14/10:01:53,7.02,4.28,114.28,74.877,30.39,76.681,511
14/10:01:53,7.09,4.28,114.28,74.8,30.39,76.692,512
14/10:01:54,7.32,4.28,114.28,74.8,30.39,76.703,513
14/10:01:55,7.06,4.27,114.27,74.778,30.39,76.714,514
14/10:01:55,7.16,4.27,114.28,74.624,30.39,76.725,515
14/10:01:56,7.18,4.26,114.26,74.657,30.39,76.736,516
14/10:01:56,6.96,4.26,114.25,74.58,30.39,76.747,517
14/10:01:57,7.1,4.26,114.25,74.371,30.38,76.769,518
14/10:01:58,6.93,4.26,114.26,74.316,30.38,76.78,519
14/10:01:58,6.94,4.27,114.24,74.239,30.38,76.791,520
14/10:01:59,7.04,4.28,114.25,74.25,30.38,76.802,521
14/10:01:59,6.93,4.28,114.26,74.272,30.38,76.813,522
14/10:02:00,7.11,4.3,114.25,74.206,30.38,76.824,523
14/10:02:00,7.14,4.3,114.23,74.129,30.38,76.835,524
14/10:02:01,6.9,4.3,114.23,74.118,30.38,76.846,525
14/10:02:01,7.03,4.31,114.22,74.041,30.38,76.857,526
14/10:02:02,7.05,4.3,114.22,74.052,30.38,76.868,527
14/10:02:03,6.93,4.3,114.23,74.03,30.38,76.879,528
14/10:02:03,6.98,4.3,114.23,73.986,30.38,76.89,529
14/10:02:03,6.94,4.28,114.22,73.964,30.38,76.901,530
14/10:02:04,7.2,4.28,114.2,73.997,30.38,76.912,531
14/10:02:04,7.98,4.28,114.15,74.118,30.38,76.923,532
14/10:02:05,8.74,4.27,114.09,74.316,30.38,76.934,533
14/10:02:05,9.45,4.27,114.01,74.492,30.38,76.945,534
14/10:02:06,10.43,4.28,113.94,74.69,30.38,76.956,535
14/10:02:07,11.37,4.3,113.85,74.899,30.38,76.967,536
14/10:02:07,12.23,4.28,113.76,75.108,30.37,76.978,537
14/10:02:08,13.24,4.3,113.66,75.317,30.37,76.989,538
14/10:02:08,13.88,4.3,113.59,75.614,30.37,76.989,539
14/10:02:09,13.86,4.3,113.56,75.933,30.37,77.011,540
14/10:02:09,13.83,4.3,113.59,76.197,30.37,77.022,541
14/10:02:10,13.53,4.28,113.6,76.296,30.37,77.033,542
14/10:02:10,12.76,4.28,113.64,76.307,30.37,77.044,543
14/10:02:11,11.99,4.26,113.71,76.318,30.37,77.055,544
14/10:02:11,11.37,4.26,113.79,76.384,30.36,77.066,545
14/10:02:12,9.47,4.26,113.96,76.417,30.36,77.088,546
14/10:02:13,8.86,4.26,113.99,76.351,30.36,77.099,547
14/10:02:14,8.56,4.27,114.01,76.439,30.36,77.11,548
14/10:02:14,8.56,4.28,114.02,76.549,30.36,77.121,549
14/10:02:15,8.85,4.3,114.01,76.626,30.36,77.132,550
14/10:02:15,8.84,4.31,113.98,76.703,30.36,77.143,551
14/10:02:16,8.72,4.31,113.97,76.703,30.36,77.154,552
14/10:02:16,8.77,4.31,113.94,76.692,30.36,77.165,553
14/10:02:17,8.85,4.31,113.94,76.791,30.36,77.176,554
14/10:02:17,8.99,4.31,113.94,76.956,30.36,77.187,555
14/10:02:18,9.07,4.3,113.95,76.879,30.36,77.198,556
14/10:02:18,9.05,4.28,113.96,76.78,30.36,77.209,557
14/10:02:19,9.04,4.28,113.97,76.846,30.35,77.22,558
14/10:02:19,9.08,4.27,113.98,76.956,30.35,77.231,559
14/10:02:20,9.16,4.27,113.97,76.945,30.35,77.242,560
14/10:02:20,9.16,4.27,113.99,76.912,30.35,77.253,561
14/10:02:21,9.22,4.26,113.98,76.912,30.35,77.264,562
14/10:02:21,9.23,4.27,113.97,76.846,30.35,77.275,563
14/10:02:22,9.11,4.28,113.99,76.923,30.35,77.286,564
14/10:02:22,8.8,4.28,113.99,77.0,30.35,77.297,565
14/10:02:23,8.25,4.1,114.12,77.264,30.35,77.308,566
14/10:02:23,7.66,3.76,114.42,77.572,30.35,77.308,567
14/10:02:24,7.32,3.47,114.67,77.671,30.35,77.33,568
14/10:02:25,7.08,3.2,114.92,77.506,30.35,77.341,569
14/10:02:25,6.51,2.92,115.16,77.473,30.35,77.352,570
14/10:02:25,5.86,2.62,115.43,77.517,30.35,77.363,571
14/10:02:26,5.35,2.36,115.69,77.506,30.35,77.374,572
14/10:02:27,5.24,2.28,115.77,77.088,30.35,77.385,573
14/10:02:27,5.62,2.56,115.53,76.692,30.34,77.396,574
14/10:02:28,6.0,2.96,115.25,76.571,30.34,77.407,575
14/10:02:28,6.2,3.25,115.0,76.56,30.34,77.418,576
14/10:02:29,6.97,3.53,114.76,76.527,30.34,77.429,577
14/10:02:29,7.87,3.9,114.43,76.626,30.34,77.44,578
14/10:02:30,8.66,4.15,114.17,76.681,30.34,77.451,579
14/10:02:30,9.13,4.28,114.0,76.758,30.34,77.462,580
14/10:02:31,9.36,4.28,113.96,76.835,30.34,77.473,581
14/10:02:31,9.93,4.3,113.92,76.89,30.34,77.484,582
14/10:02:32,10.54,4.31,113.89,76.956,30.34,77.495,583
14/10:02:32,10.56,4.3,113.85,77.099,30.34,77.506,584
14/10:02:33,10.39,4.3,113.85,77.165,30.34,77.528,585
14/10:02:33,10.3,4.3,113.85,77.286,30.34,77.539,586
14/10:02:34,10.25,4.3,113.83,77.385,30.34,77.55,587
14/10:02:34,10.28,4.3,113.82,77.407,30.33,77.561,588
14/10:02:35,10.25,4.3,113.8,77.517,30.33,77.572,589
14/10:02:36,9.89,4.28,113.8,77.55,30.33,77.583,590
14/10:02:36,9.19,4.28,113.84,77.583,30.33,77.594,591
14/10:02:37,8.69,4.28,113.9,77.495,30.33,77.605,592
14/10:02:37,8.23,4.28,113.95,77.451,30.33,77.616,593
14/10:02:38,7.8,4.3,114.01,77.429,30.33,77.616,594
14/10:02:38,7.69,4.3,114.07,77.495,30.33,77.627,595
14/10:02:39,7.45,4.31,114.11,77.55,30.33,77.649,596
14/10:02:39,7.18,4.31,114.16,77.517,30.33,77.66,597
14/10:02:40,7.02,4.28,114.18,77.462,30.33,77.671,598
14/10:02:40,7.17,4.3,114.18,77.407,30.33,77.682,599
14/10:02:41,7.21,4.28,114.16,77.363,30.33,77.693,600
14/10:02:41,7.23,4.28,114.15,77.242,30.33,77.704,601
14/10:02:42,7.13,4.27,114.15,77.187,30.33,77.715,602
14/10:02:43,6.96,4.26,114.14,77.165,30.33,77.726,603
14/10:02:43,7.0,4.26,114.14,77.121,30.33,77.737,604
14/10:02:43,7.15,4.26,114.14,77.088,30.33,77.748,605
14/10:02:44,7.35,4.27,114.15,77.066,30.33,77.759,606
14/10:02:44,7.52,4.28,114.15,77.121,30.32,77.77,607
14/10:02:45,7.63,4.28,114.15,77.132,30.32,77.781,608
14/10:02:46,7.65,4.28,114.14,77.077,30.32,77.792,609
14/10:02:46,7.74,4.3,114.13,77.0,30.32,77.803,610
14/10:02:47,7.94,4.3,114.13,76.978,30.32,77.814,611
14/10:02:47,8.17,4.3,114.12,77.0,30.32,77.825,612
14/10:02:48,8.28,4.3,114.1,77.066,30.32,77.836,613
14/10:02:48,8.26,4.31,114.09,77.143,30.32,77.847,614
14/10:02:49,8.17,4.3,114.08,77.187,30.32,77.858,615
14/10:02:49,8.06,4.3,114.08,77.209,30.32,77.869,616
14/10:02:50,8.03,4.3,114.08,77.11,30.32,77.88,617
14/10:02:50,7.89,4.28,114.09,77.044,30.32,77.891,618
14/10:02:51,7.52,4.28,114.1,76.978,30.32,77.902,619
14/10:02:51,7.05,4.28,114.11,76.934,30.32,77.913,620
14/10:02:52,6.84,4.28,114.13,76.824,30.32,77.924,621
14/10:02:52,6.83,4.28,114.15,76.78,30.32,77.935,622
14/10:02:53,6.81,4.27,114.16,76.747,30.32,77.946,623
14/10:02:53,6.92,4.27,114.15,76.824,30.32,77.957,624
14/10:02:54,7.04,4.25,114.14,76.604,30.32,77.99,625
14/10:02:55,7.37,4.26,114.14,76.45,30.31,78.001,626
14/10:02:56,7.61,4.25,114.14,76.406,30.31,78.001,627
14/10:02:56,7.55,4.24,114.14,76.527,30.31,78.012,628
14/10:02:57,7.36,4.23,114.13,76.483,30.31,78.034,629
14/10:02:57,7.28,4.23,114.14,76.307,30.31,78.045,630
14/10:02:58,7.31,4.23,114.15,76.087,30.31,78.056,631
14/10:02:58,7.59,4.24,114.17,75.977,30.31,78.067,632
14/10:02:59,7.77,4.25,114.16,75.955,30.31,78.078,633
14/10:02:59,7.61,4.24,114.16,75.988,30.31,78.089,634
14/10:03:00,7.35,4.24,114.15,75.966,30.31,78.1,635
14/10:03:00,7.32,4.24,114.14,75.878,30.31,78.111,636
14/10:03:01,7.55,4.25,114.14,75.735,30.31,78.122,637
14/10:03:01,8.02,4.25,114.12,75.757,30.31,78.133,638
14/10:03:02,8.38,4.25,114.08,75.878,30.31,78.144,639
14/10:03:02,8.49,4.25,114.04,75.9,30.31,78.155,640
14/10:03:03,8.65,4.23,114.01,75.867,30.31,78.166,641
14/10:03:03,9.22,4.22,113.96,75.889,30.31,78.177,642
14/10:03:04,9.67,4.24,113.93,75.955,30.31,78.188,643
14/10:03:05,9.98,4.23,113.9,75.977,30.3,78.199,644
14/10:03:05,10.21,4.23,113.88,76.043,30.3,78.21,645
14/10:03:06,10.35,4.24,113.85,76.076,30.3,78.221,646
14/10:03:06,10.36,4.23,113.85,76.142,30.3,78.232,647
14/10:03:07,10.4,4.23,113.83,76.175,30.3,78.243,648
14/10:03:07,10.35,4.24,113.85,76.208,30.3,78.254,649
14/10:03:08,10.43,4.24,113.84,76.285,30.3,78.265,650
14/10:03:09,10.52,4.23,113.83,76.395,30.3,78.287,651
14/10:03:09,10.27,4.22,113.82,76.362,30.3,78.298,652
14/10:03:10,10.32,4.23,113.82,76.362,30.3,78.309,653
14/10:03:10,10.5,4.23,113.84,76.428,30.28,78.32,654
14/10:03:11,10.66,4.24,113.82,76.527,30.28,78.331,655
14/10:03:11,10.71,4.24,113.82,76.582,30.28,78.342,656
14/10:03:12,10.47,4.24,113.82,76.516,30.28,78.353,657
14/10:03:12,10.47,4.23,113.82,76.395,30.28,78.364,658
14/10:03:13,10.69,4.23,113.82,76.428,30.28,78.375,659
14/10:03:13,10.95,4.23,113.81,76.527,30.28,78.386,660
14/10:03:14,10.84,4.23,113.81,76.615,30.28,78.397,661
14/10:03:14,10.66,4.23,113.8,76.637,30.28,78.408,662
14/10:03:15,10.53,4.22,113.78,76.637,30.28,78.408,663
14/10:03:15,10.55,4.23,113.8,76.736,30.28,78.43,664
14/10:03:16,10.53,4.22,113.8,76.736,30.28,78.441,665
14/10:03:17,10.57,4.21,113.8,76.714,30.28,78.452,666
14/10:03:17,10.56,4.21,113.79,76.758,30.28,78.463,667
14/10:03:18,10.54,4.22,113.77,77.022,30.28,78.485,668
14/10:03:19,10.63,4.22,113.78,77.022,30.28,78.507,669
14/10:03:20,10.77,4.23,113.76,77.055,30.28,78.518,670
14/10:03:20,10.94,4.24,113.76,77.231,30.28,78.529,671
14/10:03:21,10.98,4.24,113.76,77.308,30.28,78.54,672
14/10:03:21,10.66,4.24,113.78,77.374,30.28,78.551,673
14/10:03:22,10.41,4.25,113.82,77.44,30.27,78.562,674
14/10:03:23,10.0,4.25,113.86,77.407,30.27,78.573,675
14/10:03:23,9.56,4.25,113.91,77.308,30.27,78.584,676
14/10:03:23,8.89,4.24,113.96,77.176,30.27,78.595,677
14/10:03:25,8.14,4.24,114.01,76.989,30.27,78.617,678
14/10:03:25,7.87,4.23,114.04,76.989,30.27,78.628,679
14/10:03:25,7.87,4.22,114.02,76.945,30.27,78.639,680
14/10:03:26,7.84,4.22,114.01,76.956,30.27,78.65,681
14/10:03:27,8.0,4.22,114.01,76.978,30.27,78.661,682
14/10:03:27,8.18,4.21,113.99,76.967,30.27,78.672,683
14/10:03:28,8.3,4.2,113.94,76.967,30.27,78.683,684
14/10:03:28,8.31,4.18,113.94,76.912,30.27,78.694,685
14/10:03:29,8.23,4.17,113.95,76.791,30.27,78.716,686
14/10:03:29,8.1,4.17,113.94,76.692,30.27,78.716,687
14/10:03:30,8.14,4.17,113.95,76.736,30.26,78.727,688
14/10:03:30,8.2,4.16,113.95,76.813,30.26,78.749,689
14/10:03:31,8.16,4.16,113.95,76.813,30.26,78.76,690
14/10:03:31,8.3,4.17,113.95,76.714,30.26,78.771,691
14/10:03:32,8.55,4.17,113.98,76.593,30.26,78.782,692
14/10:03:32,8.85,4.18,113.98,76.626,30.26,78.793,693
14/10:03:33,8.92,4.18,113.97,76.703,30.26,78.804,694
14/10:03:33,8.86,4.17,113.97,76.758,30.26,78.815,695
14/10:03:34,8.62,4.16,113.97,76.692,30.26,78.826,696
14/10:03:34,8.62,4.17,113.98,76.615,30.26,78.837,697
14/10:03:35,8.83,4.17,113.98,76.593,30.26,78.848,698
14/10:03:35,8.97,4.18,113.98,76.604,30.26,78.859,699
14/10:03:36,8.87,4.18,113.97,76.659,30.26,78.87,700
14/10:03:36,8.61,4.19,113.97,76.681,30.26,78.881,701
14/10:03:37,8.52,4.19,113.96,76.659,30.26,78.892,702
14/10:03:38,8.42,4.19,113.96,76.626,30.25,78.903,703
14/10:03:38,8.4,4.19,113.95,76.56,30.25,78.914,704
14/10:03:39,8.54,4.2,113.95,76.571,30.25,78.925,705
14/10:03:39,8.61,4.2,113.95,76.56,30.25,78.936,706
14/10:03:40,8.71,4.21,113.93,76.593,30.25,78.947,707
14/10:03:40,9.03,4.21,113.89,76.725,30.25,78.958,708
14/10:03:41,9.51,4.21,113.85,76.846,30.25,78.969,709
14/10:03:41,10.35,4.23,113.79,76.967,30.25,78.98,710
14/10:03:42,11.27,4.25,113.7,77.143,30.25,78.991,711
14/10:03:42,12.26,4.23,113.65,77.407,30.25,79.002,712
14/10:03:43,12.78,4.05,113.76,78.012,30.25,79.013,713
14/10:03:44,13.27,3.87,113.89,78.573,30.25,79.024,714
14/10:03:44,13.67,3.67,114.03,78.771,30.24,79.035,715
14/10:03:45,14.37,3.26,114.32,79.156,30.24,79.057,716
14/10:03:46,14.36,3.08,114.5,79.332,30.24,79.079,717
14/10:03:47,14.63,3.12,114.44,79.244,30.24,79.09,718
14/10:03:47,14.84,3.31,114.21,79.376,30.23,79.101,719
14/10:03:48,15.14,3.5,113.98,79.585,30.23,79.112,720
14/10:03:48,15.07,3.69,113.77,79.816,30.23,79.123,721
14/10:03:49,14.45,3.87,113.62,79.915,30.23,79.134,722
14/10:03:49,13.63,4.0,113.49,79.97,30.23,79.156,723
14/10:03:50,11.63,4.13,113.53,79.849,30.23,79.178,724
14/10:03:51,10.9,4.14,113.6,79.717,30.22,79.189,725
14/10:03:51,10.16,4.14,113.7,79.607,30.22,79.2,726
14/10:03:52,9.24,4.14,113.79,79.541,30.22,79.211,727
14/10:03:52,8.51,4.16,113.85,79.563,30.22,79.222,728
14/10:03:53,8.5,4.17,113.88,79.629,30.22,79.233,729
14/10:03:53,8.75,4.18,113.87,79.64,30.22,79.244,730
14/10:03:54,9.04,4.19,113.84,79.607,30.22,79.255,731
14/10:03:55,9.09,4.21,113.81,79.618,30.22,79.266,732
14/10:03:55,9.13,4.22,113.79,79.695,30.22,79.277,733
14/10:03:56,9.56,4.23,113.76,79.794,30.22,79.288,734
14/10:03:56,9.8,4.23,113.73,79.904,30.22,79.299,735
14/10:03:57,9.82,4.24,113.71,79.926,30.22,79.31,736
14/10:03:57,9.91,4.25,113.72,79.904,30.21,79.332,737
14/10:03:58,10.05,4.26,113.71,79.937,30.21,79.343,738
14/10:03:58,10.34,4.26,113.71,79.882,30.21,79.354,739
14/10:03:59,10.4,4.27,113.72,79.761,30.21,79.365,740
14/10:03:59,10.2,4.28,113.74,79.651,30.21,79.376,741
14/10:04:00,9.86,4.28,113.77,79.684,30.21,79.387,742
14/10:04:01,9.41,4.3,113.81,79.64,30.21,79.409,743
14/10:04:01,8.68,4.28,113.85,79.508,30.21,79.42,744
14/10:04:02,7.97,4.28,113.91,79.354,30.21,79.431,745
14/10:04:02,7.14,4.26,113.97,79.145,30.21,79.442,746
14/10:04:03,6.48,4.24,114.02,78.848,30.21,79.453,747
14/10:04:03,5.98,4.21,114.08,78.584,30.21,79.464,748
14/10:04:04,5.56,4.22,114.13,78.397,30.21,79.475,749
14/10:04:04,5.41,4.22,114.18,78.133,30.21,79.486,750
14/10:04:05,5.62,4.22,114.2,77.913,30.21,79.497,751
14/10:04:05,5.68,4.21,114.21,77.616,30.21,79.508,752
14/10:04:06,5.67,4.22,114.21,77.297,30.21,79.508,753
14/10:04:07,5.64,4.22,114.21,76.945,30.21,79.53,754
14/10:04:07,5.74,4.23,114.19,76.527,30.21,79.541,755
14/10:04:08,5.75,4.23,114.2,76.142,30.2,79.552,756
14/10:04:08,5.59,4.21,114.19,75.889,30.2,79.563,757
14/10:04:09,5.34,4.21,114.2,75.471,30.2,79.574,758
14/10:04:09,5.27,4.21,114.2,75.097,30.2,79.585,759
14/10:04:10,5.21,4.21,114.2,74.855,30.2,79.596,760
14/10:04:10,5.37,4.22,114.21,74.481,30.2,79.607,761
14/10:04:11,6.0,4.22,114.18,74.162,30.2,79.618,762
14/10:04:11,6.73,4.22,114.1,73.942,30.2,79.629,763
14/10:04:12,7.78,4.2,114.04,73.81,30.2,79.64,764
14/10:04:12,8.6,4.22,113.98,73.722,30.2,79.651,765
14/10:04:13,9.35,4.22,113.88,73.623,30.2,79.662,766
14/10:04:13,10.24,4.22,113.81,73.469,30.2,79.673,767
14/10:04:14,11.76,4.26,113.69,73.304,30.2,79.684,768
14/10:04:14,12.65,4.28,113.57,73.227,30.2,79.695,769
14/10:04:15,12.5,4.28,113.55,73.172,30.2,79.706,770
14/10:04:16,12.23,4.27,113.57,73.062,30.2,79.717,771
14/10:04:16,11.69,4.28,113.61,72.809,30.2,79.728,772
14/10:04:17,11.72,4.28,113.63,72.589,30.19,79.739,773
14/10:04:18,12.12,4.23,113.6,72.633,30.19,79.761,774
14/10:04:18,11.95,4.19,113.6,72.622,30.19,79.772,775
14/10:04:19,11.7,4.17,113.62,72.589,30.19,79.783,776
14/10:04:19,12.15,4.18,113.59,72.578,30.19,79.794,777
14/10:04:20,12.81,4.2,113.53,72.611,30.19,79.805,778
14/10:04:20,13.43,4.2,113.46,72.666,30.19,79.816,779
14/10:04:21,13.53,4.2,113.42,72.71,30.18,79.816,780
14/10:04:21,13.56,4.22,113.42,72.71,30.18,79.827,781
14/10:04:22,13.18,4.26,113.42,72.721,30.18,79.849,782
14/10:04:22,12.9,4.26,113.48,72.677,30.18,79.86,783
14/10:04:23,12.53,4.26,113.51,72.633,30.18,79.871,784
14/10:04:25,11.16,4.23,113.63,72.512,30.18,79.893,785
14/10:04:25,10.57,4.22,113.67,72.446,30.17,79.915,786
14/10:04:25,10.17,4.23,113.71,72.435,30.17,79.915,787
14/10:04:26,10.0,4.22,113.73,72.391,30.17,79.926,788
14/10:04:26,10.05,4.22,113.72,72.446,30.17,79.937,789
14/10:04:27,10.45,4.24,113.7,72.424,30.17,79.948,790
14/10:04:28,11.13,4.26,113.65,72.6,30.17,79.959,791
14/10:04:28,11.89,4.25,113.57,72.82,30.17,79.97,792
14/10:04:29,12.78,4.23,113.5,73.117,30.17,79.981,793
14/10:04:29,13.56,4.19,113.43,73.326,30.17,79.992,794
14/10:04:30,13.88,4.2,113.35,73.656,30.16,80.014,795
14/10:04:31,13.84,4.19,113.34,73.755,30.16,80.025,796
14/10:04:31,13.47,4.16,113.38,73.821,30.16,80.036,797
14/10:04:32,12.7,4.14,113.44,73.942,30.16,80.047,798
14/10:04:32,12.03,4.15,113.5,74.063,30.16,80.058,799
14/10:04:33,11.34,4.16,113.56,74.206,30.16,80.069,800
14/10:04:33,10.71,4.18,113.62,74.305,30.16,80.08,801
14/10:04:34,10.93,4.18,113.62,74.415,30.16,80.091,802
14/10:04:35,12.36,4.2,113.51,74.965,30.15,80.113,803
14/10:04:36,12.84,4.19,113.46,75.262,30.15,80.124,804
14/10:04:36,13.47,4.19,113.4,75.57,30.15,80.135,805
14/10:04:37,13.74,4.2,113.37,75.834,30.15,80.146,806
14/10:04:37,13.67,4.2,113.35,76.131,30.15,80.157,807
14/10:04:38,13.49,4.22,113.37,76.274,30.15,80.168,808
14/10:04:38,12.8,4.21,113.42,76.428,30.15,80.179,809
14/10:04:39,11.72,4.2,113.49,76.571,30.14,80.19,810
14/10:04:40,10.11,4.21,113.64,76.791,30.14,80.212,811
14/10:04:40,9.59,4.22,113.72,76.989,30.14,80.223,812
14/10:04:41,9.19,4.22,113.74,77.198,30.14,80.234,813
14/10:04:41,9.1,4.22,113.77,77.462,30.14,80.245,814
14/10:04:42,9.17,4.21,113.78,77.616,30.14,80.256,815
14/10:04:42,9.35,4.22,113.78,77.792,30.14,80.267,816
14/10:04:43,9.71,4.22,113.76,78.012,30.14,80.278,817
14/10:04:43,10.18,4.22,113.73,78.221,30.14,80.289,818
14/10:04:44,10.49,4.23,113.69,78.518,30.14,80.3,819
14/10:04:44,10.72,4.23,113.64,78.87,30.13,80.311,820
14/10:04:45,11.09,4.24,113.63,79.156,30.13,80.322,821
14/10:04:46,11.56,4.25,113.59,79.376,30.13,80.333,822
14/10:04:46,12.05,4.27,113.56,79.662,30.13,80.355,823
14/10:04:47,12.33,4.27,113.54,79.97,30.13,80.366,824
14/10:04:47,12.35,4.26,113.52,80.245,30.13,80.377,825
14/10:04:48,12.01,4.26,113.54,80.575,30.13,80.388,826
14/10:04:49,11.12,4.24,113.62,81.18,30.13,80.41,827
14/10:04:50,9.44,4.22,113.73,81.345,30.12,80.432,828
14/10:04:50,8.62,4.21,113.77,81.521,30.12,80.443,829
14/10:04:51,8.19,4.2,113.82,81.697,30.12,80.454,830
14/10:04:51,7.74,4.21,113.91,81.774,30.12,80.465,831
14/10:04:52,7.32,4.2,113.95,81.741,30.12,80.476,832
14/10:04:52,6.94,4.2,113.96,81.851,30.12,80.487,833
14/10:04:53,6.94,4.19,113.96,81.994,30.12,80.509,834
14/10:04:53,6.99,4.19,113.97,82.082,30.12,80.52,835
14/10:04:54,6.99,4.19,113.97,82.082,30.12,80.531,836
14/10:04:55,6.98,4.19,113.98,82.159,30.12,80.542,837
14/10:04:55,6.94,4.18,113.98,82.214,30.12,80.553,838
14/10:04:56,6.75,4.17,113.97,82.203,30.12,80.564,839
14/10:04:56,6.88,4.18,113.97,82.269,30.12,80.575,840
14/10:04:57,7.1,4.18,113.98,82.313,30.12,80.586,841
14/10:04:57,6.87,4.19,113.99,82.247,30.12,80.597,842
14/10:04:57,6.8,4.18,114.0,82.28,30.12,80.608,843
14/10:04:58,6.92,4.18,114.02,82.28,30.12,80.608,844
14/10:04:59,6.25,4.18,114.03,82.258,30.12,80.652,845
14/10:05:00,5.9,4.17,114.06,82.203,30.12,80.663,846
14/10:05:00,5.53,4.17,114.11,82.104,30.12,80.674,847
14/10:05:01,4.84,4.17,114.17,81.851,30.12,80.685,848
14/10:05:01,4.37,4.15,114.2,81.642,30.12,80.696,849
14/10:05:02,4.02,4.14,114.24,81.565,30.12,80.707,850
14/10:05:02,3.64,4.14,114.28,81.4,30.12,80.718,851
14/10:05:03,3.19,4.14,114.33,81.103,30.12,80.729,852
14/10:05:04,3.02,4.14,114.37,80.608,30.12,80.751,853
14/10:05:04,2.88,4.13,114.36,80.41,30.12,80.762,854
14/10:05:05,2.87,4.12,114.36,80.212,30.12,80.773,855
14/10:05:05,2.89,4.12,114.37,80.102,30.12,80.795,856
14/10:05:06,2.84,4.12,114.37,79.926,30.12,80.806,857
14/10:05:07,2.84,4.11,114.38,79.574,30.12,80.817,858
14/10:05:07,2.91,4.11,114.39,79.365,30.12,80.828,859
14/10:05:08,3.06,4.11,114.4,79.244,30.12,80.839,860
14/10:05:08,3.5,4.12,114.4,79.068,30.12,80.85,861
14/10:05:09,3.94,4.14,114.38,78.903,30.12,80.861,862
14/10:05:09,4.43,4.16,114.36,78.815,30.12,80.872,863
14/10:05:10,4.9,4.17,114.35,78.716,30.12,80.883,864
14/10:05:10,5.03,4.17,114.31,78.617,30.12,80.894,865
14/10:05:11,5.31,4.18,114.28,78.496,30.12,80.905,866
14/10:05:12,5.88,4.18,114.21,78.353,30.12,80.916,867
14/10:05:13,5.9,4.2,114.18,78.177,30.12,80.949,868
14/10:05:13,5.82,4.21,114.16,78.1,30.12,80.96,869
14/10:05:14,5.89,4.21,114.15,78.111,30.12,80.971,870
14/10:05:15,5.99,4.21,114.14,77.99,30.12,80.982,871
14/10:05:15,5.87,4.24,114.14,77.781,30.11,81.004,872
14/10:05:16,5.76,4.23,114.13,77.693,30.11,81.015,873
14/10:05:17,5.69,4.24,114.14,77.594,30.11,81.026,874
14/10:05:17,5.7,4.25,114.15,77.506,30.11,81.037,875
14/10:05:17,5.91,4.27,114.16,77.429,30.11,81.048,876
14/10:05:18,6.36,4.28,114.13,77.363,30.11,81.059,877
14/10:05:19,6.87,4.3,114.11,77.286,30.11,81.081,878
14/10:05:19,7.52,4.3,114.07,77.286,30.11,81.092,879
14/10:05:20,8.01,4.28,114.03,77.264,30.11,81.103,880
14/10:05:20,8.51,4.3,114.01,77.275,30.11,81.114,881
14/10:05:21,9.1,4.3,113.96,77.33,30.11,81.125,882
14/10:05:22,9.63,4.28,113.89,77.374,30.11,81.136,883
14/10:05:22,10.52,4.31,113.77,77.506,30.11,81.158,884
14/10:05:23,10.64,4.32,113.73,77.506,30.11,81.169,885
14/10:05:24,10.76,4.34,113.71,77.561,30.11,81.18,886
14/10:05:24,11.28,4.35,113.67,77.605,30.11,81.191,887
14/10:05:24,11.74,4.34,113.61,77.616,30.1,81.202,888
14/10:05:25,12.03,4.33,113.57,77.704,30.1,81.213,889
14/10:05:26,12.19,4.32,113.54,77.77,30.1,81.224,890
14/10:05:26,12.17,4.27,113.52,77.803,30.1,81.235,891
14/10:05:26,12.38,4.24,113.49,77.77,30.1,81.246,892
14/10:05:27,12.6,4.23,113.45,77.748,30.1,81.257,893
14/10:05:28,12.96,4.21,113.42,77.737,30.1,81.268,894
14/10:05:28,12.88,4.2,113.42,77.748,30.1,81.279,895
14/10:05:29,12.72,4.2,113.46,77.605,30.1,81.29,896
14/10:05:29,12.63,4.23,113.49,77.462,30.09,81.301,897
14/10:05:30,12.6,4.24,113.52,77.352,30.09,81.312,898
14/10:05:31,12.5,4.25,113.56,77.154,30.09,81.334,899
14/10:05:31,12.4,4.25,113.56,77.077,30.09,81.345,900
14/10:05:32,12.18,4.25,113.57,77.033,30.09,81.356,901
14/10:05:32,12.07,4.25,113.59,76.934,30.09,81.367,902
14/10:05:33,12.16,4.23,113.56,76.769,30.09,81.378,903
14/10:05:33,12.36,4.21,113.5,76.648,30.08,81.389,904
14/10:05:34,12.61,4.23,113.45,76.659,30.08,81.4,905
14/10:05:34,12.95,4.22,113.4,76.703,30.08,81.411,906
14/10:05:35,13.08,4.22,113.39,76.681,30.08,81.422,907
14/10:05:36,12.91,4.23,113.4,76.67,30.08,81.433,908
14/10:05:36,12.64,4.22,113.42,76.494,30.08,81.444,909
14/10:05:37,12.28,4.22,113.43,76.296,30.08,81.455,910
14/10:05:37,11.97,4.22,113.47,76.043,30.08,81.466,911
14/10:05:38,11.63,4.22,113.51,75.889,30.07,81.477,912
14/10:05:38,10.36,4.21,113.6,75.526,30.07,81.499,913
14/10:05:39,10.04,4.21,113.63,75.416,30.07,81.51,914
14/10:05:40,10.52,4.22,113.6,75.317,30.07,81.532,915
14/10:05:41,11.78,4.24,113.5,75.383,30.07,81.543,916
14/10:05:41,12.38,4.24,113.44,75.328,30.07,81.565,917
14/10:05:42,13.6,4.26,113.34,75.405,30.06,81.576,918
14/10:05:43,14.27,4.26,113.3,75.372,30.06,81.587,919
14/10:05:44,13.52,4.24,113.33,75.207,30.06,81.609,920
14/10:05:45,12.8,4.23,113.38,75.108,30.06,81.62,921
14/10:05:45,12.28,4.24,113.43,74.91,30.06,81.642,922
14/10:05:45,11.62,4.25,113.46,74.734,30.06,81.642,923
14/10:05:46,11.16,4.25,113.51,74.591,30.06,81.653,924
14/10:05:47,10.66,4.25,113.56,74.382,30.05,81.664,925
14/10:05:47,10.46,4.25,113.56,74.36,30.05,81.675,926
14/10:05:48,10.85,4.25,113.55,74.481,30.05,81.686,927
14/10:05:49,12.98,4.26,113.38,74.635,30.05,81.708,928
14/10:05:49,13.85,4.24,113.3,74.778,30.05,81.708,929
14/10:05:50,14.18,4.23,113.25,74.712,30.05,81.73,930
14/10:05:50,14.32,4.22,113.24,74.822,30.05,81.741,931
14/10:05:51,14.28,4.2,113.21,74.943,30.04,81.763,932
14/10:05:52,13.17,4.19,113.28,74.998,30.04,81.774,933
14/10:05:52,11.81,4.18,113.4,74.91,30.04,81.785,934
14/10:05:53,9.44,4.2,113.61,74.646,30.04,81.807,935
14/10:05:54,9.44,4.21,113.63,74.646,30.04,81.818,936
14/10:05:54,9.45,4.22,113.62,74.69,30.04,81.829,937
14/10:05:55,9.34,4.25,113.65,74.734,30.04,81.84,938
14/10:05:56,9.81,4.25,113.64,74.844,30.04,81.851,939
14/10:05:56,10.38,4.26,113.59,74.921,30.04,81.862,940
14/10:05:56,10.81,4.25,113.54,75.02,30.03,81.873,941
14/10:05:57,11.44,4.26,113.48,75.075,30.03,81.884,942
14/10:05:58,11.83,4.26,113.44,75.262,30.03,81.895,943
14/10:05:58,11.06,4.26,113.51,75.328,30.03,81.906,944
14/10:05:59,10.39,4.25,113.56,75.284,30.03,81.917,945
14/10:05:59,9.56,4.24,113.63,75.152,30.03,81.928,946
14/10:06:00,9.16,4.25,113.71,75.13,30.03,81.939,947
14/10:06:00,9.01,4.26,113.74,75.185,30.03,81.95,948
14/10:06:01,8.35,4.27,113.8,75.24,30.03,81.961,949
14/10:06:01,7.23,4.27,113.92,75.13,30.03,81.972,950
14/10:06:02,6.23,4.26,114.02,75.009,30.03,81.983,951
14/10:06:02,5.87,4.26,114.06,74.91,30.03,81.994,952
14/10:06:03,5.63,4.26,114.1,74.8,30.03,82.005,953
14/10:06:04,4.89,4.24,114.13,74.712,30.03,82.016,954
14/10:06:05,4.05,4.22,114.23,74.569,30.03,82.049,955
14/10:06:05,4.2,4.21,114.21,74.558,30.03,82.06,956
14/10:06:06,4.4,4.21,114.19,74.514,30.03,82.071,957
14/10:06:07,4.66,4.21,114.18,74.448,30.03,82.082,958
14/10:06:07,4.73,4.2,114.19,74.459,30.03,82.093,959
14/10:06:08,4.48,4.19,114.2,74.503,30.02,82.104,960
14/10:06:08,4.56,4.21,114.21,74.459,30.02,82.115,961
14/10:06:09,4.63,4.21,114.23,74.426,30.02,82.126,962
14/10:06:09,4.6,4.21,114.22,74.437,30.02,82.137,963
14/10:06:10,5.34,4.23,114.18,74.437,30.02,82.148,964
14/10:06:10,5.79,4.22,114.13,74.536,30.02,82.159,965
14/10:06:11,6.3,4.22,114.07,74.811,30.02,82.17,966
14/10:06:11,6.96,4.22,114.02,75.02,30.02,82.181,967
14/10:06:12,8.4,4.21,113.87,75.339,30.02,82.203,968
14/10:06:13,9.45,4.21,113.74,75.592,30.02,82.214,969
14/10:06:13,9.56,4.2,113.68,75.779,30.02,82.225,970
14/10:06:14,9.49,4.2,113.67,75.999,30.02,82.236,971
14/10:06:14,9.34,4.21,113.69,76.098,30.02,82.247,972
14/10:06:15,9.03,4.2,113.73,76.164,30.02,82.258,973
14/10:06:16,8.63,4.21,113.77,76.274,30.02,82.269,974
14/10:06:16,8.08,4.2,113.84,76.34,30.02,82.28,975
14/10:06:17,6.89,4.2,113.95,76.483,30.02,82.302,976
14/10:06:18,6.77,4.2,114.0,76.571,30.02,82.313,977
14/10:06:19,6.82,4.18,114.04,76.747,30.02,82.335,978
14/10:06:19,6.71,4.18,114.03,76.846,30.02,82.346,979
14/10:06:20,6.62,4.18,114.05,76.956,30.01,82.357,980
14/10:06:20,6.52,4.17,114.05,77.022,30.01,82.368,981
14/10:06:21,6.53,4.16,114.05,76.989,30.01,82.379,982
14/10:06:22,6.36,4.17,114.06,77.044,30.01,82.401,983
14/10:06:22,6.28,4.17,114.07,77.066,30.01,82.412,984
14/10:06:23,6.07,4.18,114.09,77.088,30.01,82.423,985
14/10:06:23,5.92,4.19,114.11,77.165,30.01,82.434,986
14/10:06:24,5.78,4.19,114.13,77.121,30.01,82.445,987
14/10:06:24,5.6,4.12,114.16,77.077,30.01,82.456,988
14/10:06:25,5.3,4.12,114.18,77.077,30.01,82.467,989
14/10:06:26,5.04,4.12,114.21,76.879,30.01,82.478,990
14/10:06:26,4.83,4.11,114.21,76.747,30.01,82.5,991
14/10:06:26,4.68,4.1,114.24,76.725,30.01,82.511,992
14/10:06:27,4.56,4.09,114.25,76.681,30.01,82.511,993
14/10:06:27,4.45,4.07,114.24,76.582,30.01,82.522,994
14/10:06:28,4.35,4.07,114.25,76.494,30.01,82.544,995
14/10:06:28,4.27,4.14,114.24,76.516,30.01,82.555,996
14/10:06:29,4.23,4.13,114.25,76.549,30.01,82.566,997
14/10:06:30,4.1,4.13,114.26,76.45,30.01,82.577,998
14/10:06:30,3.93,4.11,114.25,76.318,30.01,82.588,999
14/10:06:31,3.8,4.12,114.26,76.23,30.01,82.599,1000
14/10:06:31,3.69,4.12,114.27,76.23,30.01,82.61,1001
14/10:06:32,3.6,4.13,114.27,76.186,30.01,82.621,1002
14/10:06:32,3.56,4.14,114.28,76.098,30.01,82.632,1003
14/10:06:33,3.73,4.14,114.28,76.021,30.01,82.643,1004
14/10:06:33,3.92,4.14,114.3,75.999,30.01,82.654,1005
14/10:06:34,4.03,4.13,114.28,75.999,30.01,82.665,1006
14/10:06:35,3.9,4.14,114.32,75.977,30.01,82.676,1007
14/10:06:35,3.7,4.13,114.31,75.834,30.01,82.687,1008
14/10:06:35,3.76,4.13,114.31,75.691,30.01,82.698,1009
14/10:06:36,4.02,4.13,114.31,75.592,30.01,82.709,1010
14/10:06:36,4.18,4.14,114.31,75.581,30.01,82.72,1011
14/10:06:37,4.04,4.14,114.32,75.482,30.01,82.731,1012
14/10:06:37,3.89,4.15,114.31,75.328,30.01,82.742,1013
14/10:06:38,4.01,4.16,114.32,75.262,30.01,82.753,1014
14/10:06:38,4.13,4.17,114.3,75.152,30.01,82.764,1015
14/10:06:39,4.15,4.19,114.31,74.987,30.01,82.775,1016
14/10:06:40,4.25,4.19,114.31,74.734,30.01,82.786,1017
14/10:06:40,4.06,4.19,114.31,74.547,30.01,82.797,1018
14/10:06:41,3.96,4.19,114.31,74.25,30.01,82.808,1019
14/10:06:41,4.14,4.19,114.33,74.008,30.01,82.808,1020
14/10:06:42,4.05,4.19,114.35,73.876,30.01,82.83,1021
14/10:06:42,4.07,4.19,114.34,73.777,30.01,82.841,1022
14/10:06:43,4.06,4.18,114.36,73.612,30.01,82.852,1023
14/10:06:43,4.19,4.18,114.37,73.48,30.01,82.863,1024
14/10:06:44,3.99,4.17,114.36,73.304,30.01,82.874,1025
14/10:06:44,4.07,4.18,114.38,73.216,30.01,82.874,1026
14/10:06:45,4.12,4.18,114.36,73.128,30.01,82.896,1027
14/10:06:45,4.06,4.18,114.35,72.941,30.01,82.896,1028
14/10:06:46,4.57,4.18,114.3,72.886,30.01,82.907,1029
14/10:06:46,5.26,4.18,114.24,72.941,30.01,82.918,1030
14/10:06:47,6.26,4.18,114.17,73.029,30.01,82.929,1031
14/10:06:48,6.89,4.17,114.08,73.139,30.01,82.94,1032
14/10:06:48,7.89,4.16,114.0,73.271,30.01,82.951,1033
14/10:06:49,8.69,4.16,113.92,73.315,30.01,82.962,1034
14/10:06:49,9.65,4.17,113.85,73.414,30.01,82.973,1035
14/10:06:50,10.52,4.17,113.75,73.579,30.01,82.984,1036
14/10:06:50,10.99,4.17,113.7,73.7,30.01,82.995,1037
14/10:06:51,11.33,4.17,113.64,73.821,30.01,83.006,1038
14/10:06:51,11.76,4.17,113.6,74.008,30.01,83.017,1039
14/10:06:52,12.06,4.18,113.56,74.228,30.0,83.028,1040
14/10:06:53,11.97,4.17,113.56,74.437,30.0,83.039,1041
14/10:06:54,11.28,3.84,113.87,75.031,30.0,83.061,1042
14/10:06:54,10.6,3.47,114.18,75.493,30.0,83.072,1043
14/10:06:54,9.78,3.01,114.56,75.647,30.0,83.083,1044
14/10:06:55,8.73,2.61,114.93,75.68,30.0,83.094,1045
14/10:06:56,8.25,2.5,115.06,75.383,30.0,83.105,1046
14/10:06:56,8.27,2.52,115.05,75.075,30.0,83.116,1047
14/10:06:57,8.62,2.53,115.02,74.91,29.99,83.116,1048
14/10:06:57,9.34,2.73,114.79,75.075,29.99,83.127,1049
14/10:06:58,10.07,3.14,114.41,75.273,29.99,83.149,1050
14/10:06:58,10.97,3.61,114.07,75.372,29.99,83.16,1051
14/10:06:59,11.8,3.98,113.75,75.449,29.99,83.171,1052
14/10:06:59,12.47,4.26,113.48,75.724,29.99,83.182,1053
14/10:06:59,12.56,4.26,113.44,76.021,29.99,83.193,1054
14/10:07:00,12.67,4.24,113.42,76.098,29.99,83.204,1055
14/10:07:01,12.3,4.24,113.44,76.296,29.98,83.226,1056
14/10:07:02,12.12,4.22,113.47,76.527,29.98,83.248,1057
14/10:07:03,11.81,4.2,113.47,76.637,29.98,83.259,1058
14/10:07:04,11.87,4.2,113.47,76.747,29.98,83.27,1059
14/10:07:04,12.22,4.22,113.48,76.945,29.98,83.281,1060
14/10:07:04,12.7,4.23,113.44,77.198,29.98,83.292,1061
14/10:07:05,13.19,4.25,113.39,77.418,29.98,83.303,1062
14/10:07:05,13.44,4.24,113.36,77.66,29.98,83.314,1063
14/10:07:06,13.28,4.26,113.37,77.803,29.97,83.325,1064
14/10:07:06,13.2,4.26,113.38,77.88,29.97,83.336,1065
14/10:07:07,13.2,4.26,113.39,78.045,29.97,83.347,1066
14/10:07:08,12.75,4.25,113.42,78.155,29.97,83.358,1067
14/10:07:08,12.25,4.23,113.46,78.155,29.97,83.369,1068
14/10:07:08,11.72,4.22,113.5,78.111,29.97,83.38,1069
14/10:07:09,11.39,4.2,113.53,78.177,29.97,83.402,1070
14/10:07:10,11.2,4.1,113.54,78.309,29.97,83.413,1071
14/10:07:10,11.55,4.01,113.49,78.518,29.96,83.424,1072
14/10:07:11,12.21,4.0,113.43,78.771,29.96,83.435,1073
14/10:07:11,12.93,4.0,113.38,78.914,29.96,83.446,1074
14/10:07:12,13.32,4.0,113.36,79.013,29.96,83.457,1075
14/10:07:12,13.4,4.01,113.34,79.156,29.96,83.468,1076
14/10:07:13,13.38,4.02,113.33,79.288,29.96,83.479,1077
14/10:07:13,13.02,4.03,113.34,79.464,29.96,83.49,1078
14/10:07:14,12.42,4.2,113.39,79.508,29.96,83.501,1079
14/10:07:14,11.79,4.21,113.48,79.497,29.95,83.512,1080
14/10:07:15,10.85,4.21,113.52,79.585,29.95,83.523,1081
14/10:07:15,9.99,4.22,113.55,79.662,29.95,83.534,1082
14/10:07:16,10.05,4.23,113.53,79.772,29.95,83.545,1083
14/10:07:17,10.37,4.23,113.51,79.871,29.95,83.556,1084
14/10:07:17,11.0,4.24,113.48,80.047,29.95,83.567,1085
14/10:07:18,11.92,4.23,113.42,80.212,29.95,83.578,1086
14/10:07:18,12.64,4.23,113.35,80.432,29.95,83.589,1087
14/10:07:19,13.15,4.24,113.27,80.674,29.95,83.6,1088
14/10:07:19,13.64,4.25,113.23,80.96,29.94,83.622,1089
14/10:07:20,14.39,4.27,113.19,81.092,29.94,83.633,1090
14/10:07:20,14.25,4.27,113.2,81.136,29.94,83.644,1091
14/10:07:21,13.47,4.27,113.25,81.169,29.94,83.655,1092
14/10:07:21,12.49,4.3,113.31,81.301,29.94,83.666,1093
14/10:07:22,11.71,4.32,113.4,81.356,29.94,83.677,1094
14/10:07:22,11.26,4.35,113.45,81.268,29.94,83.688,1095
14/10:07:23,10.92,4.35,113.48,81.301,29.94,83.699,1096
14/10:07:24,10.71,4.37,113.51,81.433,29.93,83.71,1097
14/10:07:24,10.3,4.37,113.53,81.686,29.93,83.721,1098
14/10:07:24,10.57,4.38,113.53,81.741,29.93,83.732,1099
14/10:07:25,11.03,4.38,113.49,81.807,29.93,83.754,1100
14/10:07:25,11.53,4.37,113.46,81.895,29.93,83.765,1101
14/10:07:26,11.84,4.37,113.4,82.005,29.93,83.776,1102
14/10:07:27,11.82,4.36,113.4,82.071,29.93,83.787,1103
14/10:07:27,11.95,4.39,113.41,82.17,29.93,83.798,1104
14/10:07:28,12.24,4.39,113.39,82.247,29.93,83.809,1105
14/10:07:28,12.31,4.39,113.39,82.335,29.93,83.82,1106
14/10:07:29,12.04,4.39,113.38,82.445,29.92,83.831,1107
14/10:07:29,11.6,4.4,113.44,82.434,29.92,83.842,1108
14/10:07:30,10.41,4.4,113.51,82.291,29.92,83.853,1109
14/10:07:30,8.97,4.4,113.63,82.027,29.92,83.864,1110
14/10:07:31,7.67,4.4,113.78,81.752,29.92,83.875,1111
14/10:07:31,5.61,4.37,113.94,81.323,29.92,83.897,1112
14/10:07:32,3.75,4.37,114.14,81.004,29.92,83.908,1113
14/10:07:32,2.33,4.37,114.27,80.806,29.92,83.908,1114
14/10:07:33,1.23,4.37,114.38,80.509,29.92,83.93,1115
14/10:07:34,0.61,4.38,114.48,79.904,29.92,83.952,1116
14/10:07:34,0.78,4.38,114.48,79.695,29.92,83.963,1117
14/10:07:35,1.8,4.39,114.42,79.53,29.92,83.974,1118
14/10:07:35,2.46,4.39,114.36,79.508,29.92,83.985,1119
14/10:07:36,3.12,4.39,114.3,79.431,29.92,83.996,1120
14/10:07:37,3.93,4.4,114.24,79.31,29.92,84.007,1121
14/10:07:37,4.53,4.41,114.18,79.244,29.92,84.018,1122
14/10:07:37,5.28,4.41,114.09,79.167,29.92,84.029,1123
14/10:07:38,5.96,4.41,114.02,78.925,29.92,84.04,1124
14/10:07:39,6.0,4.41,114.0,78.848,29.92,84.051,1125
14/10:07:39,5.56,4.39,114.01,78.804,29.92,84.062,1126
14/10:07:40,5.41,4.4,114.01,78.705,29.92,84.073,1127
14/10:07:40,5.28,4.4,114.01,78.65,29.92,84.084,1128
14/10:07:41,5.21,4.39,114.01,78.606,29.92,84.095,1129
14/10:07:41,5.1,4.39,114.01,78.485,29.92,84.117,1130
14/10:07:42,4.96,4.4,114.03,78.397,29.92,84.128,1131
14/10:07:42,4.94,4.4,114.05,78.287,29.92,84.139,1132
14/10:07:43,4.96,4.4,114.05,78.221,29.92,84.15,1133
14/10:07:43,4.99,4.41,114.05,78.078,29.92,84.161,1134
14/10:07:44,5.05,4.39,114.05,78.034,29.92,84.172,1135
14/10:07:44,5.09,4.39,114.06,77.88,29.92,84.183,1136
14/10:07:45,5.18,4.38,114.03,77.836,29.92,84.194,1137
14/10:07:45,5.39,4.38,114.03,77.715,29.92,84.205,1138
14/10:07:46,5.77,4.39,114.03,77.605,29.92,84.216,1139
14/10:07:46,6.46,4.4,113.98,77.506,29.92,84.216,1140
14/10:07:47,7.14,4.41,113.95,77.55,29.92,84.227,1141
14/10:07:47,8.02,4.41,113.9,77.671,29.92,84.249,1142
14/10:07:48,8.7,4.43,113.86,77.847,29.92,84.26,1143
14/10:07:49,9.37,4.44,113.82,77.836,29.92,84.271,1144
14/10:07:49,9.86,4.43,113.79,77.814,29.92,84.282,1145
14/10:07:50,10.48,4.42,113.73,77.814,29.92,84.293,1146
14/10:07:50,10.73,4.39,113.67,77.803,29.92,84.304,1147
14/10:07:51,10.75,4.39,113.65,77.77,29.92,84.315,1148
14/10:07:51,10.85,4.4,113.63,77.847,29.91,84.326,1149
14/10:07:52,10.96,4.41,113.6,77.924,29.91,84.337,1150
14/10:07:52,11.09,4.42,113.57,78.089,29.91,84.348,1151
14/10:07:53,11.49,4.44,113.54,78.21,29.91,84.359,1152
14/10:07:54,11.99,4.44,113.49,78.353,29.91,84.37,1153
14/10:07:54,12.37,4.45,113.44,78.54,29.91,84.381,1154
14/10:07:54,12.77,4.44,113.42,78.65,29.91,84.392,1155
14/10:07:55,12.97,4.43,113.36,78.848,29.91,84.403,1156
14/10:07:55,13.22,4.43,113.34,79.002,29.91,84.425,1157
14/10:07:56,13.54,4.43,113.34,79.112,29.9,84.436,1158
14/10:07:56,13.64,4.42,113.33,79.266,29.9,84.447,1159
14/10:07:57,13.25,4.42,113.34,79.332,29.9,84.458,1160
14/10:07:58,12.73,4.42,113.36,79.431,29.9,84.469,1161
14/10:07:58,12.11,4.42,113.4,79.53,29.9,84.48,1162
14/10:07:58,11.56,4.42,113.44,79.541,29.9,84.491,1163
14/10:07:59,11.13,4.42,113.48,79.596,29.9,84.502,1164
14/10:08:00,10.7,4.41,113.5,79.75,29.9,84.513,1165
14/10:08:00,10.38,4.4,113.5,79.937,29.9,84.524,1166
14/10:08:01,10.37,4.41,113.52,79.992,29.89,84.535,1167
14/10:08:01,10.52,4.4,113.51,80.047,29.89,84.546,1168
14/10:08:02,10.64,4.42,113.51,80.058,29.89,84.557,1169
14/10:08:02,10.83,4.43,113.52,80.135,29.89,84.568,1170
14/10:08:03,11.03,4.45,113.49,80.124,29.89,84.579,1171
14/10:08:04,11.03,4.45,113.48,80.179,29.89,84.59,1172
14/10:08:04,10.91,4.45,113.49,80.278,29.89,84.601,1173
14/10:08:04,10.71,4.45,113.5,80.355,29.89,84.623,1174
14/10:08:05,10.57,4.45,113.51,80.432,29.89,84.634,1175
14/10:08:06,10.51,4.45,113.52,80.52,29.89,84.645,1176
14/10:08:06,10.61,4.44,113.51,80.597,29.89,84.656,1177
14/10:08:06,10.89,4.43,113.52,80.608,29.88,84.667,1178
14/10:08:07,11.12,4.44,113.54,80.652,29.88,84.678,1179
14/10:08:07,11.24,4.44,113.53,80.718,29.88,84.689,1180
14/10:08:08,11.18,4.44,113.53,80.806,29.88,84.7,1181
14/10:08:09,11.12,4.45,113.53,80.982,29.88,84.711,1182
14/10:08:09,11.17,4.44,113.51,81.125,29.88,84.722,1183
14/10:08:09,11.28,4.43,113.51,81.224,29.88,84.733,1184
14/10:08:10,11.1,4.43,113.52,81.257,29.88,84.744,1185
14/10:08:11,10.89,4.44,113.5,81.378,29.88,84.755,1186
14/10:08:11,10.87,4.44,113.47,81.455,29.88,84.777,1187
14/10:08:12,11.08,4.46,113.47,81.521,29.87,84.788,1188
14/10:08:12,11.11,4.47,113.48,81.51,29.87,84.799,1189
14/10:08:13,11.08,4.46,113.47,81.609,29.87,84.81,1190
14/10:08:14,10.97,4.46,113.5,81.774,29.87,84.821,1191
14/10:08:14,10.99,4.45,113.49,81.939,29.87,84.832,1192
14/10:08:14,11.12,4.46,113.49,81.994,29.87,84.843,1193
14/10:08:15,11.04,4.46,113.5,82.082,29.87,84.854,1194
14/10:08:15,10.85,4.45,113.52,82.137,29.87,84.865,1195
14/10:08:16,10.45,4.45,113.55,82.126,29.87,84.876,1196
14/10:08:16,9.97,4.44,113.56,82.06,29.87,84.887,1197
14/10:08:17,9.56,4.45,113.62,82.06,29.87,84.909,1198
14/10:08:18,9.3,4.45,113.64,82.115,29.86,84.92,1199
14/10:08:19,8.05,4.44,113.74,81.994,29.86,84.942,1200
14/10:08:19,7.73,4.44,113.8,82.016,29.86,84.953,1201
14/10:08:20,7.54,4.44,113.82,82.06,29.86,84.964,1202
14/10:08:20,7.53,4.45,113.82,81.994,29.86,84.975,1203
14/10:08:21,7.39,4.45,113.85,81.884,29.86,84.986,1204
14/10:08:21,7.22,4.44,113.88,81.895,29.86,84.997,1205
14/10:08:22,6.86,4.44,113.9,81.862,29.86,85.008,1206
14/10:08:22,6.42,4.44,113.92,81.752,29.86,85.008,1207
14/10:08:23,6.02,4.44,113.95,81.587,29.86,85.03,1208
14/10:08:23,5.33,4.45,113.99,81.433,29.86,85.052,1209
14/10:08:24,4.67,4.44,114.03,81.323,29.86,85.063,1210
14/10:08:24,4.51,4.44,114.07,81.18,29.86,85.074,1211
14/10:08:25,4.3,4.46,114.1,81.037,29.86,85.085,1212
14/10:08:26,4.12,4.47,114.12,80.817,29.86,85.096,1213
14/10:08:26,4.06,4.48,114.15,80.663,29.86,85.107,1214
14/10:08:26,4.02,4.49,114.15,80.52,29.86,85.118,1215
14/10:08:27,3.96,4.48,114.17,80.432,29.86,85.129,1216
14/10:08:27,4.04,4.48,114.18,80.289,29.86,85.14,1217
14/10:08:28,4.13,4.46,114.18,80.069,29.86,85.151,1218
14/10:08:28,4.18,4.47,114.16,79.871,29.86,85.162,1219
14/10:08:29,4.25,4.47,114.17,79.695,29.86,85.173,1220
14/10:08:30,4.02,4.46,114.19,79.607,29.86,85.184,1221
14/10:08:30,4.15,4.45,114.17,79.629,29.86,85.195,1222
14/10:08:31,4.66,4.45,114.13,79.497,29.86,85.228,1223
14/10:08:32,4.83,4.45,114.11,79.464,29.86,85.239,1224
14/10:08:32,4.89,4.46,114.1,79.464,29.86,85.25,1225
14/10:08:33,4.95,4.45,114.09,79.453,29.86,85.261,1226
14/10:08:33,5.31,4.44,114.05,79.365,29.86,85.272,1227
14/10:08:34,5.83,4.45,114.02,79.233,29.86,85.283,1228
14/10:08:34,6.17,4.46,114.02,79.134,29.86,85.294,1229
14/10:08:35,6.4,4.47,114.02,79.101,29.86,85.305,1230
14/10:08:35,6.48,4.46,114.03,79.101,29.86,85.316,1231
14/10:08:36,6.46,4.46,114.03,79.057,29.86,85.316,1232
14/10:08:36,6.38,4.46,114.05,79.013,29.86,85.327,1233
14/10:08:37,6.22,4.47,114.05,79.024,29.86,85.349,1234
14/10:08:38,5.98,4.47,114.05,79.013,29.86,85.36,1235
14/10:08:38,5.61,4.46,114.05,79.079,29.86,85.371,1236
14/10:08:39,5.28,4.45,114.04,79.145,29.86,85.382,1237
14/10:08:39,5.06,4.44,114.04,79.211,29.86,85.393,1238
14/10:08:40,4.97,4.43,114.04,79.222,29.86,85.404,1239
14/10:08:40,4.97,4.44,114.04,79.255,29.86,85.415,1240
14/10:08:41,5.09,4.45,114.03,79.343,29.86,85.426,1241
14/10:08:41,5.26,4.45,114.04,79.42,29.86,85.448,1242
14/10:08:42,5.49,4.46,114.06,79.42,29.86,85.459,1243
14/10:08:42,5.81,4.47,114.06,79.31,29.86,85.47,1244
14/10:08:43,6.11,4.49,114.06,79.288,29.86,85.481,1245
14/10:08:43,6.33,4.5,114.05,79.376,29.86,85.492,1246
14/10:08:44,6.79,4.51,114.06,79.409,29.86,85.514,1247
14/10:08:45,6.77,4.51,114.07,79.409,29.85,85.525,1248
14/10:08:45,6.59,4.51,114.07,79.42,29.85,85.536,1249
14/10:08:46,6.35,4.5,114.07,79.409,29.85,85.547,1250
14/10:08:46,6.13,4.5,114.08,79.563,29.85,85.558,1251
14/10:08:47,5.97,4.48,114.08,79.75,29.85,85.569,1252
14/10:08:47,6.0,4.48,114.09,79.816,29.85,85.58,1253
14/10:08:48,6.0,4.47,114.09,79.739,29.85,85.591,1254
14/10:08:48,6.01,4.15,114.06,79.673,29.85,85.602,1255
14/10:08:49,6.15,3.73,114.02,79.684,29.85,85.613,1256
14/10:08:50,6.32,3.42,113.97,79.651,29.85,85.624,1257
14/10:08:50,6.41,3.11,113.93,79.596,29.85,85.635,1258
14/10:08:51,6.34,2.77,113.88,79.618,29.85,85.646,1259
14/10:08:51,6.24,2.42,113.86,79.64,29.85,85.668,1260
14/10:08:52,5.79,1.84,113.79,79.629,29.85,85.69,1261
14/10:08:53,5.79,1.94,113.78,79.794,29.85,85.701,1262
14/10:08:54,6.39,2.56,113.77,80.058,29.85,85.723,1263
14/10:08:54,6.78,2.89,113.79,80.047,29.85,85.734,1264
14/10:08:55,7.04,3.25,113.79,80.036,29.85,85.745,1265
14/10:08:55,7.35,3.63,113.8,80.146,29.85,85.756,1266
14/10:08:56,7.33,3.94,113.83,80.234,29.85,85.767,1267
14/10:08:56,7.3,4.09,113.85,80.212,29.85,85.778,1268
14/10:08:57,7.21,3.93,113.85,80.267,29.84,85.789,1269
14/10:08:58,7.11,3.62,113.86,80.333,29.84,85.8,1270
14/10:08:58,6.87,3.28,113.85,80.355,29.84,85.811,1271
14/10:08:59,6.64,2.95,113.85,80.41,29.84,85.822,1272
14/10:08:59,6.34,2.63,113.84,80.432,29.84,85.833,1273
14/10:09:00,6.36,1.98,113.76,80.608,29.84,85.866,1274
14/10:09:00,6.57,1.85,113.74,80.674,29.84,85.877,1275
14/10:09:01,6.7,2.12,113.74,80.641,29.84,85.888,1276
14/10:09:02,6.55,2.43,113.76,80.586,29.84,85.899,1277
14/10:09:02,6.34,2.78,113.79,80.542,29.84,85.91,1278
14/10:09:03,6.26,3.09,113.82,80.608,29.84,85.921,1279
14/10:09:03,6.49,3.42,113.85,80.729,29.84,85.932,1280
14/10:09:04,6.74,3.75,113.9,80.762,29.84,85.943,1281
14/10:09:04,6.75,4.13,113.94,80.674,29.84,85.954,1282
14/10:09:05,6.53,4.44,113.97,80.707,29.84,85.965,1283
14/10:09:05,6.35,4.47,113.99,80.784,29.84,85.976,1284
14/10:09:06,6.41,4.47,113.99,80.762,29.84,85.987,1285
14/10:09:06,6.67,4.49,113.99,80.674,29.84,86.009,1286
14/10:09:07,6.68,4.49,113.99,80.597,29.84,86.02,1287
14/10:09:07,6.47,4.48,114.0,80.564,29.84,86.031,1288
14/10:09:08,6.26,4.47,114.0,80.553,29.83,86.042,1289
14/10:09:09,6.38,4.46,113.99,80.476,29.83,86.053,1290
14/10:09:09,6.68,4.48,114.0,80.377,29.83,86.064,1291
14/10:09:10,6.65,4.48,114.01,80.3,29.83,86.075,1292
14/10:09:10,6.37,4.47,114.02,80.256,29.83,86.086,1293
14/10:09:11,6.09,4.46,114.02,80.113,29.83,86.097,1294
14/10:09:11,6.15,4.45,114.0,80.014,29.83,86.108,1295
14/10:09:12,6.24,4.45,113.98,79.926,29.83,86.108,1296
14/10:09:12,6.28,4.44,113.99,79.97,29.83,86.13,1297
14/10:09:13,6.25,4.44,113.99,79.871,29.83,86.141,1298
14/10:09:13,6.32,4.44,114.0,79.684,29.83,86.152,1299
14/10:09:14,6.61,4.44,113.99,79.541,29.83,86.163,1300
14/10:09:14,6.89,4.45,113.99,79.387,29.83,86.174,1301
14/10:09:15,7.22,4.45,113.99,79.233,29.83,86.185,1302
14/10:09:15,7.39,4.46,114.0,79.101,29.83,86.196,1303
14/10:09:16,7.45,4.46,114.03,79.035,29.83,86.207,1304
14/10:09:16,7.28,4.47,114.02,78.958,29.83,86.229,1305
14/10:09:17,7.01,4.47,114.01,78.881,29.83,86.24,1306
14/10:09:18,6.41,4.45,113.99,78.595,29.83,86.262,1307
14/10:09:18,6.2,4.44,113.99,78.617,29.83,86.273,1308
14/10:09:19,5.85,4.42,113.98,78.562,29.83,86.284,1309
14/10:09:20,5.6,4.42,113.98,78.397,29.83,86.295,1310
14/10:09:20,5.46,4.41,113.97,78.353,29.83,86.306,1311
14/10:09:21,5.46,4.38,113.99,78.298,29.83,86.317,1312
14/10:09:22,5.6,4.38,113.98,77.957,29.83,86.339,1313
14/10:09:22,5.64,4.38,113.97,77.836,29.83,86.35,1314
14/10:09:23,5.74,4.38,113.98,77.693,29.83,86.361,1315
14/10:09:24,6.32,4.38,113.98,77.616,29.83,86.383,1316
14/10:09:24,6.67,4.39,113.98,77.561,29.83,86.394,1317
14/10:09:25,6.91,4.4,113.98,77.572,29.83,86.405,1318
14/10:09:26,6.99,4.4,113.98,77.539,29.83,86.416,1319
14/10:09:26,7.05,4.4,113.99,77.352,29.82,86.427,1320
14/10:09:27,7.0,4.39,113.99,77.253,29.82,86.449,1321
14/10:09:27,6.81,4.39,113.98,77.154,29.82,86.46,1322
14/10:09:28,6.59,4.39,113.99,77.044,29.82,86.471,1323
14/10:09:29,6.49,4.39,114.0,76.967,29.82,86.482,1324
14/10:09:29,6.54,4.38,113.99,76.956,29.82,86.493,1325
14/10:09:30,6.71,4.38,113.99,76.912,29.82,86.504,1326
14/10:09:30,6.81,4.35,113.99,76.835,29.82,86.515,1327
14/10:09:31,6.83,4.35,113.99,76.714,29.82,86.526,1328
14/10:09:31,6.83,4.35,113.99,76.626,29.82,86.537,1329
14/10:09:32,6.86,4.35,113.97,76.494,29.82,86.559,1330
14/10:09:32,6.96,4.35,113.96,76.34,29.82,86.57,1331
14/10:09:33,7.12,4.34,113.93,76.263,29.82,86.57,1332
14/10:09:34,7.13,4.34,113.92,76.263,29.82,86.592,1333
14/10:09:34,7.44,4.37,113.88,76.164,29.82,86.614,1334
14/10:09:35,7.91,4.38,113.85,76.109,29.82,86.614,1335
14/10:09:35,8.54,4.39,113.82,76.252,29.82,86.636,1336
14/10:09:36,9.18,4.4,113.77,76.307,29.82,86.647,1337
14/10:09:36,9.36,4.41,113.74,76.296,29.82,86.658,1338
14/10:09:37,9.55,4.41,113.71,76.197,29.82,86.669,1339
14/10:09:37,9.97,4.42,113.67,76.274,29.81,86.68,1340
14/10:09:38,10.48,4.42,113.63,76.428,29.81,86.691,1341
14/10:09:39,10.91,4.41,113.6,76.571,29.81,86.702,1342
14/10:09:40,11.57,4.42,113.51,76.846,29.81,86.724,1343
14/10:09:40,12.22,4.43,113.45,77.077,29.81,86.735,1344
14/10:09:41,12.8,4.44,113.4,77.231,29.81,86.746,1345
14/10:09:41,12.96,4.47,113.41,77.308,29.81,86.757,1346
14/10:09:42,13.13,4.48,113.41,77.418,29.81,86.768,1347
14/10:09:42,13.07,4.5,113.41,77.572,29.8,86.779,1348
14/10:09:43,12.09,4.5,113.46,77.616,29.8,86.79,1349
14/10:09:43,10.92,4.49,113.56,77.506,29.8,86.801,1350
14/10:09:44,9.78,4.49,113.68,77.242,29.8,86.812,1351
14/10:09:44,8.85,4.47,113.74,77.132,29.8,86.823,1352
14/10:09:45,8.51,4.46,113.78,77.176,29.8,86.834,1353
14/10:09:45,8.54,4.44,113.76,77.308,29.8,86.845,1354
14/10:09:46,8.74,4.43,113.72,77.55,29.8,86.856,1355
14/10:09:46,9.79,4.43,113.65,77.693,29.8,86.867,1356
14/10:09:47,11.4,4.46,113.5,77.902,29.8,86.878,1357
14/10:09:48,13.05,4.44,113.38,78.188,29.8,86.889,1358
14/10:09:48,14.46,4.45,113.27,78.551,29.8,86.9,1359
14/10:09:48,15.39,4.44,113.17,78.716,29.79,86.911,1360
14/10:09:50,16.95,4.43,113.05,79.112,29.79,86.933,1361
14/10:09:51,13.79,4.43,113.28,79.31,29.79,86.977,1362
14/10:09:52,12.05,4.46,113.41,79.145,29.78,86.977,1363
14/10:09:52,10.92,4.46,113.55,78.98,29.78,86.988,1364
14/10:09:53,9.64,4.47,113.68,78.859,29.78,87.01,1365
14/10:09:53,8.11,4.46,113.8,78.705,29.78,87.021,1366
14/10:09:54,7.13,4.47,113.87,78.617,29.78,87.032,1367
14/10:09:55,7.62,4.47,113.89,78.628,29.78,87.054,1368
14/10:09:56,10.05,4.5,113.65,78.727,29.78,87.087,1369
14/10:09:57,10.62,4.5,113.6,78.804,29.78,87.098,1370
14/10:09:57,11.11,4.48,113.54,78.936,29.78,87.109,1371
14/10:09:58,11.3,4.46,113.51,79.079,29.78,87.12,1372
14/10:09:59,11.48,4.44,113.47,79.255,29.77,87.131,1373
14/10:09:59,11.55,4.45,113.41,79.42,29.77,87.142,1374
14/10:09:59,11.46,4.46,113.38,79.508,29.77,87.153,1375
14/10:10:00,11.31,4.47,113.39,79.585,29.77,87.164,1376
14/10:10:00,11.24,4.48,113.39,79.585,29.77,87.175,1377
14/10:10:01,11.3,4.48,113.38,79.618,29.77,87.186,1378
14/10:10:02,11.42,4.49,113.38,79.695,29.77,87.197,1379
14/10:10:02,11.25,4.53,113.4,79.728,29.77,87.208,1380
14/10:10:03,11.11,4.52,113.41,79.772,29.77,87.23,1381
14/10:10:03,11.11,4.52,113.43,79.816,29.77,87.241,1382
14/10:10:04,11.37,4.52,113.43,79.827,29.76,87.252,1383
14/10:10:04,11.56,4.51,113.42,79.893,29.76,87.263,1384
14/10:10:05,11.55,4.5,113.41,79.915,29.76,87.274,1385
14/10:10:05,11.46,4.51,113.41,80.014,29.76,87.285,1386
14/10:10:06,11.33,4.5,113.4,79.904,29.76,87.296,1387
14/10:10:06,11.32,4.5,113.4,79.981,29.76,87.307,1388
14/10:10:07,11.39,4.52,113.4,80.069,29.76,87.318,1389
14/10:10:08,11.52,4.5,113.39,79.992,29.76,87.329,1390
14/10:10:08,11.44,4.5,113.36,79.86,29.76,87.34,1391
14/10:10:09,11.7,4.51,113.38,79.772,29.75,87.362,1392
14/10:10:09,11.81,4.51,113.37,79.662,29.75,87.373,1393
14/10:10:10,11.84,4.5,113.37,79.596,29.75,87.384,1394
14/10:10:11,11.77,4.46,113.37,79.618,29.75,87.395,1395
14/10:10:11,11.63,4.44,113.37,79.684,29.75,87.406,1396
14/10:10:12,11.43,4.42,113.38,79.794,29.75,87.417,1397
14/10:10:12,11.33,4.41,113.39,79.97,29.75,87.439,1398
14/10:10:13,11.31,4.39,113.39,80.014,29.75,87.45,1399
14/10:10:13,11.38,4.38,113.36,79.915,29.75,87.461,1400
14/10:10:14,11.49,4.39,113.36,79.86,29.74,87.472,1401
14/10:10:14,11.61,4.39,113.36,79.937,29.74,87.483,1402
14/10:10:15,11.62,4.38,113.35,80.069,29.74,87.494,1403
14/10:10:15,11.61,4.37,113.34,80.113,29.74,87.505,1404
14/10:10:16,11.54,4.37,113.34,80.124,29.74,87.516,1405
14/10:10:16,11.54,4.36,113.33,80.212,29.74,87.516,1406
14/10:10:17,11.28,4.36,113.33,80.52,29.74,87.549,1407
14/10:10:18,11.43,4.36,113.33,80.531,29.74,87.56,1408
14/10:10:19,11.34,4.33,113.31,80.553,29.74,87.571,1409
14/10:10:19,11.35,4.35,113.33,80.608,29.73,87.582,1410
14/10:10:19,11.34,4.38,113.35,80.74,29.73,87.593,1411
14/10:10:20,11.28,4.39,113.35,80.839,29.73,87.604,1412
14/10:10:21,11.32,4.4,113.34,80.927,29.73,87.626,1413
14/10:10:21,11.53,4.42,113.34,81.059,29.73,87.637,1414
14/10:10:22,11.41,4.42,113.35,81.07,29.73,87.648,1415
14/10:10:22,11.18,4.43,113.36,81.136,29.73,87.659,1416
14/10:10:23,11.34,4.47,113.37,81.565,29.73,87.681,1417
14/10:10:24,11.5,4.49,113.35,81.785,29.72,87.692,1418
14/10:10:24,11.51,4.5,113.35,81.862,29.72,87.703,1419
14/10:10:25,11.3,4.5,113.36,82.082,29.72,87.714,1420
14/10:10:25,11.09,4.5,113.35,82.291,29.72,87.725,1421
14/10:10:26,11.24,4.49,113.35,82.412,29.72,87.736,1422
14/10:10:27,11.32,4.5,113.34,82.522,29.72,87.758,1423
14/10:10:28,11.48,4.5,113.34,82.907,29.72,87.78,1424
14/10:10:28,11.32,4.48,113.33,83.171,29.72,87.791,1425
14/10:10:29,11.5,4.49,113.34,83.677,29.71,87.813,1426
14/10:10:30,11.48,4.48,113.36,83.875,29.71,87.824,1427
14/10:10:30,11.52,4.48,113.36,84.095,29.71,87.835,1428
14/10:10:31,11.52,4.47,113.38,84.227,29.71,87.846,1429
14/10:10:31,11.6,4.46,113.36,84.436,29.71,87.868,1430
14/10:10:32,11.43,4.46,113.37,84.733,29.71,87.879,1431
14/10:10:32,11.72,4.46,113.38,84.942,29.71,87.89,1432
14/10:10:33,11.59,4.46,113.37,85.206,29.71,87.901,1433
14/10:10:34,10.6,4.47,113.4,85.811,29.7,87.934,1434
14/10:10:35,9.27,4.47,113.5,85.811,29.7,87.956,1435
14/10:10:35,7.64,4.48,113.66,85.657,29.7,87.967,1436
14/10:10:36,6.37,4.48,113.81,85.569,29.7,87.978,1437
14/10:10:36,4.7,4.49,113.91,85.481,29.7,87.989,1438
14/10:10:37,3.43,4.48,114.04,85.349,29.7,88.0,1439
14/10:10:38,2.15,4.48,114.19,85.261,29.7,88.011,1440
14/10:10:38,0.84,4.47,114.31,85.129,29.7,88.022,1441
14/10:10:39,0.54,4.47,114.37,85.03,29.7,88.033,1442
14/10:10:39,0.54,4.47,114.38,84.898,29.7,88.055,1443
14/10:10:40,0.54,4.47,114.4,84.744,29.7,88.066,1444
14/10:10:40,0.54,4.46,114.42,84.579,29.71,88.077,1445
14/10:10:41,0.54,4.46,114.43,84.447,29.71,88.088,1446
14/10:10:41,0.54,4.46,114.44,84.271,29.71,88.099,1447
14/10:10:42,0.55,4.46,114.46,84.018,29.71,88.11,1448
14/10:10:42,0.56,4.46,114.46,83.798,29.71,88.121,1449
14/10:10:43,0.56,4.46,114.47,83.688,29.71,88.132,1450
14/10:10:43,0.59,4.47,114.48,83.446,29.71,88.154,1451
14/10:10:44,0.62,4.48,114.48,83.204,29.71,88.165,1452
14/10:10:45,0.7,4.5,114.47,83.017,29.71,88.176,1453
14/10:10:45,0.82,4.51,114.45,82.731,29.71,88.187,1454
14/10:10:46,1.06,4.51,114.45,82.401,29.71,88.198,1455
14/10:10:46,1.72,4.52,114.4,82.258,29.71,88.209,1456
14/10:10:47,2.42,4.53,114.35,82.137,29.71,88.22,1457
14/10:10:48,3.52,4.51,114.24,81.807,29.71,88.242,1458
14/10:10:48,4.23,4.5,114.19,81.708,29.71,88.253,1459
14/10:10:49,4.81,4.49,114.16,81.587,29.71,88.264,1460
14/10:10:49,5.19,4.48,114.12,81.367,29.71,88.286,1461
14/10:10:49,5.45,4.46,114.06,81.202,29.71,88.297,1462
14/10:10:50,5.42,4.46,114.03,81.136,29.71,88.308,1463
14/10:10:51,5.56,4.46,114.02,80.817,29.71,88.33,1464
14/10:10:52,5.44,4.46,114.02,80.63,29.71,88.341,1465
14/10:10:53,5.14,4.44,113.99,80.41,29.71,88.363,1466
14/10:10:53,5.28,4.45,113.97,80.289,29.71,88.374,1467
14/10:10:54,5.59,4.45,113.99,80.146,29.71,88.385,1468
14/10:10:55,5.64,4.44,114.03,79.827,29.71,88.407,1469
14/10:10:56,5.67,4.44,114.03,79.717,29.71,88.418,1470
14/10:10:56,5.67,4.44,114.03,79.563,29.71,88.429,1471
14/10:10:57,5.59,4.43,114.04,79.541,29.71,88.44,1472
14/10:10:57,5.49,4.43,114.04,79.233,29.71,88.473,1473
14/10:10:58,5.34,4.43,114.01,79.123,29.71,88.484,1474
14/10:10:59,5.21,4.44,113.99,79.068,29.71,88.495,1475
14/10:10:59,5.25,4.43,113.97,78.991,29.71,88.506,1476
14/10:11:00,5.49,4.43,113.95,78.837,29.71,88.517,1477
14/10:11:00,5.8,4.44,113.95,78.749,29.71,88.528,1478
14/10:11:01,6.27,4.44,113.92,78.672,29.71,88.55,1479
14/10:11:02,6.43,4.43,113.92,78.716,29.71,88.561,1480
14/10:11:02,6.59,4.43,113.94,78.617,29.71,88.572,1481
14/10:11:03,6.74,4.42,113.95,78.408,29.71,88.583,1482
14/10:11:03,6.89,4.42,113.96,78.21,29.71,88.594,1483
14/10:11:04,6.95,4.4,113.95,78.122,29.71,88.605,1484
14/10:11:04,6.92,4.4,113.95,78.133,29.71,88.616,1485
14/10:11:05,6.99,4.4,113.94,78.122,29.71,88.616,1486
14/10:11:06,7.04,4.38,113.94,78.111,29.71,88.627,1487
14/10:11:06,7.19,4.36,113.91,78.078,29.71,88.649,1488
14/10:11:07,7.36,4.36,113.87,78.012,29.7,88.671,1489
14/10:11:07,7.44,4.35,113.85,77.935,29.7,88.682,1490
14/10:11:08,7.51,4.37,113.82,77.891,29.7,88.693,1491
14/10:11:09,7.59,4.37,113.79,77.88,29.7,88.704,1492
14/10:11:09,7.63,4.37,113.78,77.869,29.7,88.726,1493
14/10:11:10,7.69,4.38,113.77,77.825,29.7,88.737,1494
14/10:11:11,7.54,4.4,113.76,77.627,29.7,88.759,1495
14/10:11:11,7.36,4.4,113.76,77.616,29.7,88.77,1496
14/10:11:12,7.17,4.4,113.77,77.55,29.7,88.781,1497
14/10:11:13,6.97,4.38,113.8,77.407,29.7,88.803,1498
14/10:11:13,7.05,4.38,113.8,77.308,29.7,88.814,1499
14/10:11:14,7.28,4.38,113.79,77.231,29.7,88.825,1500
14/10:11:14,7.55,4.38,113.79,77.264,29.7,88.836,1501
14/10:11:15,7.82,4.39,113.79,77.264,29.7,88.847,1502
14/10:11:15,8.07,4.38,113.79,77.187,29.7,88.858,1503
14/10:11:16,8.21,4.38,113.79,77.11,29.7,88.869,1504
14/10:11:17,8.33,4.39,113.78,77.044,29.7,88.88,1505
14/10:11:17,8.35,4.4,113.77,77.033,29.7,88.891,1506
14/10:11:17,8.27,4.39,113.76,76.934,29.69,88.902,1507
14/10:11:18,7.98,4.38,113.75,76.923,29.69,88.913,1508
14/10:11:19,7.66,4.37,113.75,76.923,29.69,88.935,1509
14/10:11:20,7.75,4.36,113.74,76.901,29.69,88.946,1510
14/10:11:20,7.77,4.34,113.74,76.967,29.69,88.957,1511
14/10:11:21,7.75,4.34,113.74,77.0,29.69,88.968,1512
14/10:11:22,8.07,4.33,113.76,76.835,29.69,88.99,1513
14/10:11:22,8.53,4.33,113.76,76.868,29.69,89.001,1514
14/10:11:23,8.95,4.33,113.75,76.978,29.69,89.012,1515
14/10:11:24,8.93,4.33,113.73,77.022,29.69,89.023,1516
14/10:11:24,9.06,4.32,113.69,77.044,29.69,89.045,1517
14/10:11:25,9.18,4.31,113.66,77.088,29.69,89.056,1518
14/10:11:26,9.32,4.32,113.64,77.099,29.69,89.067,1519
14/10:11:26,9.55,4.32,113.62,77.132,29.68,89.089,1520
14/10:11:27,9.39,4.3,113.61,77.165,29.68,89.1,1521
14/10:11:28,9.28,4.3,113.6,77.231,29.68,89.111,1522
14/10:11:28,9.32,4.31,113.61,77.253,29.68,89.122,1523
14/10:11:29,9.41,4.31,113.62,77.242,29.68,89.144,1524
14/10:11:30,9.51,4.32,113.61,77.143,29.68,89.166,1525
14/10:11:31,9.37,4.32,113.6,77.297,29.68,89.188,1526
14/10:11:31,9.36,4.33,113.6,77.418,29.68,89.199,1527
14/10:11:32,9.35,4.32,113.61,77.451,29.68,89.21,1528
14/10:11:32,9.3,4.32,113.6,77.44,29.68,89.221,1529
14/10:11:33,9.14,4.32,113.59,77.462,29.68,89.232,1530
14/10:11:33,9.01,4.3,113.57,77.385,29.67,89.243,1531
14/10:11:34,8.87,4.3,113.59,77.374,29.67,89.254,1532
14/10:11:34,8.98,4.3,113.56,77.385,29.67,89.265,1533
14/10:11:35,9.21,4.31,113.57,77.473,29.67,89.276,1534
14/10:11:35,9.49,4.3,113.56,77.506,29.67,89.287,1535
14/10:11:36,9.83,4.31,113.56,77.583,29.67,89.298,1536
14/10:11:36,10.1,4.31,113.56,77.561,29.67,89.309,1537
14/10:11:37,10.19,4.31,113.56,77.605,29.67,89.32,1538
14/10:11:37,10.26,4.31,113.55,77.66,29.67,89.331,1539
14/10:11:38,10.08,4.3,113.56,77.671,29.67,89.342,1540
14/10:11:39,9.79,4.28,113.56,77.682,29.67,89.353,1541
14/10:11:39,9.55,4.28,113.56,77.715,29.67,89.364,1542
14/10:11:39,9.25,4.28,113.55,77.693,29.66,89.375,1543
14/10:11:40,8.95,4.27,113.55,77.66,29.66,89.386,1544
14/10:11:41,8.77,4.26,113.54,77.66,29.66,89.397,1545
14/10:11:41,8.75,4.26,113.54,77.649,29.66,89.408,1546
14/10:11:42,8.72,4.26,113.52,77.616,29.66,89.43,1547
14/10:11:43,8.71,4.26,113.53,77.561,29.66,89.441,1548
14/10:11:43,8.73,4.26,113.53,77.649,29.66,89.452,1549
14/10:11:44,8.9,4.26,113.54,77.693,29.66,89.463,1550
14/10:11:44,9.13,4.25,113.55,77.759,29.66,89.474,1551
14/10:11:45,9.32,4.26,113.55,77.715,29.66,89.485,1552
14/10:11:46,9.49,4.25,113.54,77.616,29.66,89.507,1553
14/10:11:46,9.45,4.24,113.55,77.539,29.66,89.518,1554
14/10:11:47,9.41,4.24,113.55,77.462,29.66,89.54,1555
14/10:11:48,9.25,4.23,113.55,77.352,29.65,89.551,1556
14/10:11:48,9.17,4.22,113.53,77.308,29.65,89.562,1557
14/10:11:48,8.94,4.21,113.54,77.165,29.65,89.573,1558
14/10:11:49,8.86,4.2,113.54,77.044,29.65,89.584,1559
14/10:11:50,8.93,4.2,113.55,76.989,29.65,89.595,1560
14/10:11:50,9.08,4.22,113.56,76.846,29.65,89.606,1561
14/10:11:51,9.53,4.22,113.52,76.725,29.65,89.628,1562
14/10:11:52,10.3,4.25,113.45,76.67,29.65,89.639,1563
14/10:11:52,11.39,4.26,113.36,76.582,29.65,89.65,1564
14/10:11:53,12.62,4.26,113.28,76.571,29.65,89.661,1565
14/10:11:53,13.9,4.27,113.17,76.802,29.65,89.672,1566
14/10:11:54,14.86,4.28,113.03,77.099,29.64,89.683,1567
14/10:11:55,15.39,4.28,112.94,77.165,29.64,89.694,1568
14/10:11:55,13.69,4.28,113.07,76.703,29.64,89.716,1569
14/10:11:56,11.84,4.26,113.24,76.274,29.64,89.716,1570
14/10:11:56,9.68,4.26,113.4,75.823,29.64,89.727,1571
14/10:11:57,7.31,4.26,113.57,75.218,29.64,89.749,1572
14/10:11:58,5.1,4.26,113.84,74.723,29.64,89.76,1573
14/10:11:59,1.06,4.22,114.26,73.744,29.64,89.782,1574
14/10:11:59,0.53,4.22,114.35,73.37,29.64,89.793,1575
14/10:12:00,0.54,4.21,114.36,72.963,29.64,89.804,1576
14/10:12:01,3.75,4.2,114.13,72.006,29.64,89.837,1577
14/10:12:02,6.11,4.2,113.97,72.083,29.64,89.848,1578
14/10:12:02,8.03,4.22,113.79,72.27,29.64,89.848,1579
14/10:12:03,11.45,4.24,113.44,72.677,29.64,89.87,1580
14/10:12:04,12.69,4.24,113.32,72.71,29.64,89.881,1581
14/10:12:05,13.95,4.25,113.17,72.666,29.63,89.892,1582
14/10:12:05,13.91,4.23,113.13,72.633,29.63,89.903,1583
14/10:12:05,12.75,4.26,113.21,72.534,29.63,89.914,1584
14/10:12:06,11.17,4.25,113.33,72.259,29.63,89.925,1585
14/10:12:06,9.95,4.22,113.47,71.984,29.63,89.936,1586
14/10:12:07,8.84,4.19,113.56,71.786,29.63,89.947,1587
14/10:12:08,8.2,4.2,113.65,71.665,29.63,89.958,1588
14/10:12:08,7.78,4.21,113.69,71.456,29.63,89.969,1589
14/10:12:09,7.19,4.22,113.76,71.159,29.63,89.991,1590
14/10:12:10,7.42,4.22,113.74,70.994,29.63,90.002,1591
14/10:12:10,7.97,4.24,113.69,70.873,29.62,90.013,1592
14/10:12:10,8.42,4.26,113.65,70.73,29.62,90.024,1593
14/10:12:11,9.48,4.31,113.56,70.807,29.62,90.035,1594
14/10:12:12,10.43,4.31,113.47,70.884,29.62,90.046,1595
14/10:12:13,13.22,4.3,113.21,71.28,29.62,90.068,1596
14/10:12:13,14.33,4.33,113.1,71.588,29.62,90.079,1597
14/10:12:14,14.93,4.33,113.0,71.764,29.62,90.079,1598
14/10:12:14,15.09,4.35,112.97,71.808,29.62,90.09,1599
14/10:12:15,14.64,4.32,112.99,71.808,29.61,90.101,1600
14/10:12:15,14.19,4.3,113.05,71.863,29.61,90.112,1601
14/10:12:16,12.69,4.28,113.15,71.797,29.61,90.123,1602
14/10:12:16,10.77,3.99,113.28,71.522,29.61,90.134,1603
14/10:12:18,8.36,3.36,113.47,71.214,29.61,90.156,1604
14/10:12:18,8.0,3.0,113.49,71.181,29.61,90.167,1605
14/10:12:18,8.26,2.62,113.44,71.192,29.61,90.178,1606
14/10:12:19,8.56,2.34,113.4,71.247,29.61,90.189,1607
14/10:12:19,8.21,1.99,113.38,71.335,29.61,90.2,1608
14/10:12:20,8.35,1.75,113.36,71.302,29.6,90.211,1609
14/10:12:21,8.89,1.83,113.31,71.247,29.6,90.222,1610
14/10:12:21,9.46,2.16,113.28,71.39,29.6,90.233,1611
14/10:12:22,10.12,2.53,113.28,71.533,29.6,90.244,1612
14/10:12:23,10.6,3.19,113.27,71.775,29.6,90.266,1613
14/10:12:24,12.14,3.85,113.2,72.215,29.6,90.277,1614
14/10:12:25,12.9,4.3,113.12,72.611,29.59,90.299,1615
14/10:12:25,12.67,4.28,113.14,72.853,29.59,90.31,1616
14/10:12:26,12.27,4.27,113.17,72.886,29.59,90.321,1617
14/10:12:26,11.88,4.28,113.22,72.897,29.59,90.332,1618
14/10:12:27,11.9,4.25,113.24,73.095,29.59,90.343,1619
14/10:12:27,11.73,4.26,113.25,73.337,29.59,90.354,1620
14/10:12:28,12.07,4.25,113.24,73.513,29.59,90.365,1621
14/10:12:29,12.24,4.25,113.25,73.744,29.59,90.376,1622
14/10:12:29,12.78,4.24,113.21,74.03,29.59,90.387,1623
14/10:12:30,13.33,4.25,113.14,74.283,29.57,90.398,1624
14/10:12:30,13.56,4.27,113.12,74.558,29.57,90.409,1625
14/10:12:31,13.2,4.28,113.1,74.822,29.57,90.42,1626
14/10:12:31,12.51,4.28,113.18,74.877,29.57,90.431,1627
14/10:12:31,12.07,4.28,113.22,74.888,29.57,90.442,1628
14/10:12:33,11.39,4.28,113.27,75.042,29.57,90.464,1629
14/10:12:33,11.4,4.3,113.26,75.328,29.57,90.475,1630
14/10:12:34,11.49,4.28,113.27,75.57,29.56,90.486,1631
14/10:12:34,12.02,4.28,113.22,75.944,29.56,90.497,1632
14/10:12:35,12.51,4.28,113.19,76.164,29.56,90.508,1633
14/10:12:35,13.34,4.27,113.07,76.428,29.56,90.508,1634
14/10:12:36,14.27,4.27,112.98,76.67,29.56,90.53,1635
14/10:12:37,15.02,4.26,112.9,77.363,29.56,90.552,1636
14/10:12:38,15.27,4.26,112.89,77.649,29.56,90.563,1637
14/10:12:38,15.27,4.23,112.86,78.023,29.56,90.574,1638
14/10:12:39,15.79,4.22,112.78,78.65,29.56,90.596,1639
14/10:12:40,16.01,4.25,112.76,78.947,29.56,90.618,1640
14/10:12:40,15.66,4.23,112.77,79.2,29.56,90.629,1641
14/10:12:40,14.37,4.22,112.85,79.354,29.55,90.64,1642
14/10:12:41,12.97,4.19,112.97,79.398,29.55,90.651,1643
14/10:12:42,11.41,4.19,113.09,79.354,29.55,90.662,1644
14/10:12:43,10.12,4.2,113.21,79.211,29.55,90.673,1645
14/10:12:43,7.3,4.15,113.5,78.947,29.55,90.695,1646
14/10:12:44,6.47,4.16,113.57,78.903,29.55,90.706,1647
14/10:12:45,6.72,4.18,113.6,78.881,29.55,90.717,1648
14/10:12:45,7.65,4.18,113.53,78.98,29.55,90.728,1649
14/10:12:46,9.89,4.2,113.34,79.508,29.55,90.75,1650
14/10:12:47,12.02,4.2,113.18,79.816,29.55,90.772,1651
14/10:12:47,12.75,4.22,113.11,80.003,29.54,90.783,1652
14/10:12:48,13.31,4.24,113.07,80.168,29.54,90.794,1653
14/10:12:49,13.37,4.24,113.04,80.3,29.54,90.805,1654
14/10:12:50,12.28,4.26,113.13,80.498,29.54,90.816,1655
14/10:12:50,11.75,4.27,113.17,80.564,29.54,90.849,1656
14/10:12:51,11.55,4.28,113.19,80.586,29.54,90.86,1657
14/10:12:51,11.17,4.3,113.22,80.586,29.54,90.871,1658
14/10:12:52,10.84,4.3,113.24,80.696,29.53,90.882,1659
14/10:12:52,10.79,4.3,113.24,80.916,29.53,90.893,1660
14/10:12:53,11.18,4.28,113.22,81.158,29.53,90.904,1661
14/10:12:53,11.76,4.3,113.19,81.246,29.53,90.915,1662
14/10:12:54,12.3,4.28,113.13,81.422,29.53,90.926,1663
14/10:12:54,12.88,4.3,113.09,81.675,29.53,90.937,1664
14/10:12:55,13.26,4.3,113.05,81.862,29.53,90.948,1665
14/10:12:56,13.02,4.3,113.04,81.917,29.53,90.959,1666
14/10:12:56,12.82,4.3,113.03,81.972,29.53,90.97,1667
14/10:12:57,12.47,4.3,113.08,81.972,29.52,90.992,1668
14/10:12:57,11.6,4.32,113.14,81.939,29.52,91.003,1669
14/10:12:57,11.08,4.32,113.18,82.016,29.52,91.014,1670
14/10:12:58,10.81,4.32,113.23,82.148,29.52,91.025,1671
14/10:12:59,10.62,4.32,113.26,82.137,29.52,91.036,1672
14/10:12:59,10.47,4.31,113.26,82.28,29.52,91.047,1673
14/10:13:00,10.94,4.3,113.25,82.522,29.52,91.058,1674
14/10:13:00,10.83,4.3,113.28,82.588,29.52,91.069,1675
14/10:13:01,10.38,4.28,113.28,82.566,29.52,91.08,1676
14/10:13:01,10.23,4.28,113.32,82.599,29.52,91.091,1677
14/10:13:02,10.16,4.28,113.35,82.544,29.51,91.102,1678
14/10:13:02,9.55,4.26,113.38,82.511,29.51,91.124,1679
14/10:13:03,8.84,4.26,113.42,82.522,29.51,91.135,1680
14/10:13:03,8.24,4.26,113.5,82.489,29.51,91.146,1681
14/10:13:04,7.49,4.24,113.56,82.379,29.51,91.157,1682
14/10:13:04,7.28,4.24,113.56,82.39,29.51,91.168,1683
14/10:13:05,7.56,4.24,113.56,82.467,29.51,91.179,1684
14/10:13:05,7.51,4.24,113.56,82.434,29.51,91.19,1685
14/10:13:06,7.3,4.23,113.56,82.423,29.51,91.201,1686
14/10:13:06,7.47,4.23,113.56,82.445,29.51,91.212,1687
14/10:13:08,7.38,4.23,113.56,82.401,29.51,91.234,1688
14/10:13:08,7.5,4.24,113.56,82.456,29.51,91.256,1689
14/10:13:08,7.64,4.24,113.54,82.467,29.51,91.267,1690
14/10:13:09,7.4,4.23,113.55,82.456,29.51,91.278,1691
14/10:13:09,7.43,4.22,113.53,82.522,29.51,91.289,1692
14/10:13:10,7.66,4.23,113.55,82.544,29.51,91.3,1693
14/10:13:11,7.45,4.21,113.56,82.566,29.51,91.311,1694
14/10:13:12,7.23,4.21,113.61,82.566,29.5,91.333,1695
14/10:13:12,6.91,4.2,113.64,82.511,29.5,91.344,1696
14/10:13:13,6.69,4.19,113.69,82.434,29.5,91.355,1697
14/10:13:14,6.15,4.18,113.73,82.192,29.5,91.388,1698
14/10:13:14,5.87,4.17,113.74,82.159,29.5,91.399,1699
14/10:13:15,5.64,4.16,113.77,82.082,29.5,91.41,1700
14/10:13:16,4.23,4.17,113.9,81.818,29.5,91.432,1701
14/10:13:16,3.61,4.18,113.96,81.686,29.5,91.443,1702
14/10:13:17,2.88,4.16,114.02,81.378,29.5,91.454,1703
14/10:13:18,1.72,4.18,114.17,80.839,29.5,91.476,1704
14/10:13:19,1.04,4.19,114.23,80.63,29.5,91.487,1705
14/10:13:19,0.53,4.19,114.28,80.201,29.5,91.509,1706
14/10:13:20,0.53,4.18,114.3,79.926,29.51,91.531,1707
14/10:13:21,0.53,4.18,114.3,79.695,29.51,91.542,1708
14/10:13:21,0.53,4.19,114.31,79.497,29.51,91.553,1709
14/10:13:22,0.53,4.2,114.32,79.189,29.51,91.564,1710
14/10:13:22,0.52,4.19,114.33,78.914,29.51,91.575,1711
14/10:13:23,0.46,3.87,114.62,79.145,29.51,91.586,1712
14/10:13:24,0.32,3.25,115.06,79.002,29.51,91.608,1713
14/10:13:24,0.26,2.93,115.33,78.694,29.51,91.608,1714
14/10:13:25,0.24,2.81,115.41,78.243,29.51,91.63,1715
14/10:13:25,0.24,2.81,115.41,77.814,29.51,91.641,1716
14/10:13:26,0.24,2.8,115.42,77.209,29.51,91.652,1717
14/10:13:26,0.24,2.8,115.41,76.978,29.51,91.663,1718
14/10:13:27,0.31,3.13,115.14,76.802,29.51,91.674,1719
14/10:13:28,0.39,3.49,114.83,76.681,29.51,91.685,1720
14/10:13:28,0.46,3.83,114.61,76.461,29.51,91.696,1721
14/10:13:29,0.53,4.16,114.38,76.208,29.51,91.707,1722
14/10:13:29,0.56,4.16,114.38,76.043,29.51,91.718,1723
14/10:13:29,0.65,4.16,114.38,75.9,29.51,91.729,1724
14/10:13:30,0.86,4.17,114.37,75.779,29.51,91.74,1725
14/10:13:31,1.94,4.17,114.28,75.636,29.51,91.751,1726
14/10:13:31,3.06,4.18,114.21,75.669,29.51,91.762,1727
14/10:13:32,4.25,4.19,114.09,75.768,29.51,91.773,1728
14/10:13:32,5.75,4.2,113.98,75.944,29.51,91.784,1729
14/10:13:33,6.9,4.2,113.88,76.098,29.51,91.795,1730
14/10:13:33,8.12,4.2,113.74,76.164,29.51,91.806,1731
14/10:13:34,9.42,4.22,113.62,76.373,29.51,91.817,1732
14/10:13:35,11.3,4.23,113.47,76.868,29.51,91.839,1733
14/10:13:35,11.62,4.23,113.42,77.099,29.51,91.85,1734
14/10:13:36,11.83,4.23,113.38,77.363,29.51,91.861,1735
14/10:13:36,12.13,4.22,113.34,77.616,29.51,91.872,1736
14/10:13:37,12.36,4.23,113.31,77.869,29.51,91.883,1737
14/10:13:37,12.45,4.25,113.28,77.979,29.51,91.894,1738
14/10:13:38,11.99,4.26,113.28,78.232,29.5,91.916,1739
14/10:13:39,11.43,4.26,113.31,78.463,29.5,91.916,1740
14/10:13:40,11.0,4.25,113.31,78.54,29.5,91.927,1741
14/10:13:40,10.67,4.24,113.33,78.639,29.5,91.96,1742
14/10:13:41,9.96,4.22,113.37,78.815,29.5,91.982,1743
14/10:13:42,9.73,4.21,113.4,78.914,29.5,91.993,1744
14/10:13:42,9.68,4.18,113.4,79.09,29.5,92.004,1745
14/10:13:43,9.95,4.19,113.38,79.343,29.5,92.015,1746
14/10:13:44,10.24,4.19,113.34,79.486,29.5,92.026,1747
14/10:13:45,11.21,4.19,113.31,79.893,29.49,92.048,1748
14/10:13:45,11.65,4.2,113.28,80.003,29.49,92.059,1749
14/10:13:45,11.88,4.19,113.27,80.058,29.49,92.07,1750
14/10:13:46,11.74,4.19,113.26,80.223,29.49,92.081,1751
14/10:13:46,11.08,4.19,113.28,80.333,29.49,92.092,1752
14/10:13:47,10.36,4.18,113.37,80.388,29.49,92.103,1753
14/10:13:47,9.49,4.17,113.43,80.399,29.49,92.114,1754
14/10:13:48,8.65,4.18,113.5,80.355,29.49,92.125,1755
14/10:13:48,8.07,4.18,113.56,80.322,29.49,92.147,1756
14/10:13:49,7.42,4.17,113.64,80.234,29.48,92.158,1757
14/10:13:50,6.64,4.18,113.71,80.168,29.48,92.169,1758
14/10:13:50,6.04,4.18,113.78,80.047,29.48,92.18,1759
14/10:13:51,5.59,4.18,113.83,79.959,29.48,92.191,1760
14/10:13:51,5.05,4.17,113.89,79.882,29.48,92.202,1761
14/10:13:52,4.62,4.17,113.97,79.596,29.48,92.213,1762
14/10:13:52,4.1,4.16,114.02,79.431,29.48,92.224,1763
14/10:13:53,3.34,4.16,114.05,79.222,29.48,92.235,1764
14/10:13:53,2.75,4.16,114.09,79.046,29.48,92.246,1765
14/10:13:54,2.65,4.16,114.13,78.914,29.48,92.257,1766
14/10:13:54,2.7,4.17,114.14,78.727,29.48,92.268,1767
14/10:13:55,2.77,4.16,114.14,78.408,29.48,92.29,1768
14/10:13:57,2.73,4.17,114.14,78.177,29.48,92.312,1769
14/10:13:57,2.76,4.17,114.14,78.001,29.49,92.323,1770
14/10:13:57,2.78,4.16,114.14,77.781,29.49,92.334,1771
14/10:13:58,2.62,4.16,114.15,77.385,29.49,92.356,1772
14/10:13:59,2.52,4.16,114.16,77.176,29.49,92.367,1773
14/10:14:00,2.52,4.17,114.16,76.923,29.49,92.378,1774
14/10:14:00,2.6,4.19,114.17,76.78,29.49,92.4,1775
14/10:14:00,2.64,4.19,114.18,76.516,29.49,92.411,1776
14/10:14:02,2.54,4.18,114.21,75.933,29.49,92.444,1777
14/10:14:03,2.55,4.19,114.21,75.702,29.49,92.455,1778
14/10:14:04,2.59,4.19,114.21,75.372,29.49,92.477,1779
14/10:14:04,2.51,4.19,114.2,75.141,29.49,92.488,1780
14/10:14:05,2.73,4.13,114.18,74.91,29.49,92.499,1781
14/10:14:06,3.67,4.14,114.11,75.031,29.49,92.521,1782
14/10:14:06,3.94,4.15,114.06,75.031,29.49,92.532,1783
14/10:14:07,4.39,4.15,114.04,74.888,29.49,92.543,1784
14/10:14:08,5.21,4.15,113.96,74.822,29.49,92.565,1785
14/10:14:08,5.57,4.15,113.93,74.833,29.49,92.576,1786
14/10:14:09,5.76,4.2,113.92,74.844,29.49,92.576,1787
14/10:14:09,5.6,4.23,113.92,74.899,29.49,92.598,1788
14/10:14:10,5.56,4.22,113.92,74.954,29.49,92.609,1789
14/10:14:11,5.84,4.23,113.96,74.943,29.49,92.609,1790
14/10:14:11,5.7,4.22,113.96,74.932,29.49,92.631,1791
14/10:14:12,5.94,4.23,113.93,74.976,29.49,92.642,1792
14/10:14:12,6.45,4.24,113.89,75.02,29.49,92.642,1793
14/10:14:13,6.96,4.25,113.85,75.13,29.49,92.664,1794
14/10:14:13,7.25,4.25,113.8,75.229,29.49,92.675,1795
14/10:14:14,7.77,4.24,113.75,75.35,29.49,92.675,1796
14/10:14:14,8.4,4.26,113.7,75.427,29.48,92.686,1797
14/10:14:15,8.71,4.26,113.64,75.592,29.48,92.708,1798
14/10:14:16,9.03,4.27,113.6,75.757,29.48,92.708,1799
14/10:14:16,8.99,4.27,113.59,75.834,29.48,92.73,1800
14/10:14:17,9.21,4.27,113.59,75.955,29.48,92.752,1801
14/10:14:17,9.6,4.28,113.57,76.142,29.48,92.763,1802
14/10:14:18,9.85,4.28,113.55,76.45,29.48,92.763,1803
14/10:14:18,9.82,4.15,113.52,76.659,29.48,92.774,1804
14/10:14:19,10.01,4.15,113.49,76.791,29.48,92.796,1805
14/10:14:20,10.35,4.15,113.46,76.912,29.48,92.807,1806
14/10:14:20,10.82,4.17,113.44,76.967,29.48,92.818,1807
14/10:14:20,11.24,4.18,113.41,77.11,29.48,92.829,1808
14/10:14:21,11.33,4.18,113.39,77.341,29.47,92.84,1809
14/10:14:21,11.35,4.18,113.38,77.506,29.47,92.851,1810
14/10:14:22,11.34,4.19,113.39,77.649,29.47,92.862,1811
14/10:14:23,11.35,4.32,113.4,77.847,29.47,92.873,1812
14/10:14:24,11.39,4.31,113.38,78.122,29.47,92.895,1813
14/10:14:24,11.28,4.28,113.38,78.32,29.47,92.906,1814
14/10:14:25,11.24,4.28,113.38,78.485,29.47,92.917,1815
14/10:14:25,11.33,4.27,113.37,78.694,29.47,92.928,1816
14/10:14:26,11.82,4.27,113.33,78.914,29.46,92.939,1817
14/10:14:26,12.01,4.27,113.3,79.112,29.46,92.95,1818
14/10:14:27,11.67,4.26,113.33,79.244,29.46,92.961,1819
14/10:14:27,11.22,4.26,113.36,79.277,29.46,92.972,1820
14/10:14:28,11.02,4.27,113.41,79.332,29.46,92.983,1821
14/10:14:29,9.85,4.28,113.48,79.431,29.46,93.005,1822
14/10:14:30,9.03,4.28,113.54,79.486,29.46,93.016,1823
14/10:14:30,7.93,4.27,113.62,79.585,29.46,93.016,1824
14/10:14:31,7.38,4.26,113.66,79.816,29.46,93.027,1825
14/10:14:31,7.3,4.25,113.65,79.948,29.46,93.049,1826
14/10:14:32,7.24,4.24,113.64,79.904,29.46,93.06,1827
14/10:14:32,7.11,4.23,113.64,79.915,29.46,93.082,1828
14/10:14:33,7.21,4.22,113.64,80.025,29.46,93.093,1829
14/10:14:33,7.46,4.23,113.65,80.047,29.45,93.104,1830
14/10:14:34,7.68,4.22,113.65,80.014,29.45,93.126,1831
14/10:14:35,7.62,4.22,113.64,79.959,29.45,93.137,1832
14/10:14:35,7.56,4.2,113.65,79.937,29.45,93.148,1833
14/10:14:36,7.46,4.2,113.67,79.97,29.45,93.159,1834
14/10:14:36,7.33,4.19,113.67,80.014,29.45,93.17,1835
14/10:14:37,7.17,4.2,113.65,80.047,29.45,93.181,1836
14/10:14:37,7.08,4.19,113.64,80.036,29.45,93.192,1837
14/10:14:38,7.27,4.19,113.64,79.915,29.45,93.203,1838
14/10:14:38,7.4,4.2,113.64,79.816,29.45,93.214,1839
14/10:14:39,7.43,4.21,113.63,79.794,29.45,93.225,1840
14/10:14:40,7.36,4.21,113.63,79.75,29.45,93.247,1841
14/10:14:40,7.41,4.22,113.63,79.75,29.45,93.258,1842
14/10:14:40,7.49,4.23,113.63,79.849,29.45,93.269,1843
14/10:14:41,7.64,4.24,113.65,79.904,29.45,93.28,1844
14/10:14:42,7.56,4.23,113.64,79.563,29.45,93.302,1845
14/10:14:43,7.45,4.23,113.64,79.563,29.45,93.313,1846
14/10:14:43,7.42,4.22,113.66,79.607,29.45,93.324,1847
14/10:14:44,7.49,4.23,113.66,79.629,29.44,93.335,1848
14/10:14:44,7.49,4.22,113.64,79.607,29.44,93.346,1849
14/10:14:45,7.5,4.21,113.64,79.574,29.44,93.357,1850
14/10:14:45,7.35,4.21,113.63,79.541,29.44,93.368,1851
14/10:14:46,7.24,4.21,113.63,79.574,29.44,93.379,1852
14/10:14:47,7.4,4.2,113.64,79.563,29.44,93.39,1853
14/10:14:47,7.68,4.2,113.64,79.475,29.44,93.401,1854
14/10:14:47,7.89,4.21,113.65,79.431,29.44,93.412,1855
14/10:14:48,8.09,4.01,113.63,79.409,29.44,93.423,1856
14/10:14:48,8.22,3.83,113.6,79.398,29.44,93.434,1857
14/10:14:49,8.31,3.75,113.57,79.376,29.44,93.445,1858
14/10:14:50,8.28,3.74,113.6,79.431,29.44,93.467,1859
14/10:14:50,8.07,3.74,113.6,79.365,29.44,93.478,1860
14/10:14:51,7.78,3.74,113.6,79.354,29.44,93.489,1861
14/10:14:51,7.52,3.75,113.6,79.376,29.44,93.5,1862
14/10:14:52,7.26,3.75,113.59,79.365,29.44,93.511,1863
14/10:14:52,7.17,4.03,113.61,79.376,29.44,93.522,1864
14/10:14:53,6.95,4.19,113.66,79.332,29.44,93.533,1865
14/10:14:53,6.77,4.22,113.67,79.266,29.44,93.544,1866
14/10:14:54,6.76,4.24,113.67,79.244,29.43,93.555,1867
14/10:14:54,6.8,4.25,113.66,79.233,29.43,93.566,1868
14/10:14:55,6.92,4.25,113.65,79.255,29.43,93.577,1869
14/10:14:55,7.04,4.24,113.65,79.156,29.43,93.588,1870
14/10:14:56,7.1,4.23,113.66,79.123,29.43,93.599,1871
14/10:14:56,7.16,4.24,113.65,79.123,29.43,93.61,1872
14/10:14:57,7.38,4.24,113.64,79.112,29.43,93.621,1873
14/10:14:57,7.74,4.24,113.63,79.024,29.43,93.632,1874
14/10:14:58,7.96,4.23,113.65,78.969,29.43,93.643,1875
14/10:14:59,8.1,4.22,113.66,78.936,29.43,93.654,1876
14/10:14:59,8.19,4.23,113.65,78.991,29.43,93.665,1877
14/10:14:59,8.32,4.23,113.67,78.98,29.43,93.676,1878
14/10:15:00,8.5,4.19,113.65,78.925,29.43,93.698,1879
14/10:15:01,8.59,4.19,113.65,78.837,29.43,93.709,1880
14/10:15:01,8.63,4.19,113.65,78.859,29.43,93.72,1881
14/10:15:02,8.64,4.2,113.65,78.826,29.43,93.731,1882
14/10:15:02,8.49,4.19,113.64,78.76,29.43,93.742,1883
14/10:15:03,8.46,4.19,113.65,78.716,29.43,93.753,1884
14/10:15:03,8.31,4.18,113.66,78.727,29.43,93.764,1885
14/10:15:04,8.14,4.19,113.67,78.804,29.42,93.775,1886
14/10:15:04,7.97,4.21,113.69,78.804,29.42,93.786,1887
14/10:15:05,6.87,3.66,114.23,79.552,29.42,93.808,1888
14/10:15:06,6.31,3.35,114.52,79.629,29.42,93.808,1889
14/10:15:06,5.93,3.11,114.79,79.541,29.42,93.83,1890
14/10:15:07,5.61,2.85,115.03,79.508,29.42,93.841,1891
14/10:15:08,5.19,2.54,115.34,79.64,29.42,93.852,1892
14/10:15:08,4.81,2.3,115.57,79.673,29.42,93.863,1893
14/10:15:08,4.7,2.26,115.59,79.376,29.42,93.874,1894
14/10:15:09,5.09,2.56,115.27,78.958,29.42,93.885,1895
14/10:15:09,5.47,2.87,115.02,78.716,29.42,93.896,1896
14/10:15:10,5.79,3.09,114.74,78.749,29.42,93.907,1897
14/10:15:10,6.13,3.36,114.48,78.782,29.42,93.918,1898
14/10:15:11,6.42,3.6,114.27,78.859,29.42,93.94,1899
14/10:15:12,6.73,3.74,114.2,79.156,29.42,93.951,1900
14/10:15:12,7.1,3.86,114.1,79.431,29.42,93.962,1901
14/10:15:13,7.33,3.92,114.08,79.189,29.42,93.973,1902
14/10:15:13,7.59,3.92,114.09,78.958,29.42,93.984,1903
14/10:15:14,7.82,3.93,114.08,78.76,29.42,93.995,1904
14/10:15:14,8.0,3.94,114.09,78.716,29.42,94.006,1905
14/10:15:15,8.11,3.95,114.08,78.749,29.41,94.017,1906
14/10:15:15,8.33,4.0,114.0,78.793,29.41,94.028,1907
14/10:15:16,8.6,4.1,113.82,78.815,29.41,94.039,1908
14/10:15:17,8.76,4.21,113.63,78.705,29.41,94.061,1909
14/10:15:17,8.56,4.21,113.63,78.672,29.41,94.072,1910
14/10:15:18,8.57,4.2,113.65,78.716,29.41,94.083,1911
14/10:15:18,8.68,4.19,113.64,78.716,29.41,94.094,1912
14/10:15:19,8.75,4.19,113.65,78.716,29.41,94.105,1913
14/10:15:19,8.78,4.19,113.65,78.683,29.41,94.116,1914
14/10:15:20,8.71,4.19,113.65,78.606,29.41,94.116,1915
14/10:15:21,8.61,4.2,113.65,78.562,29.41,94.127,1916
14/10:15:21,8.49,4.2,113.65,78.518,29.41,94.149,1917
14/10:15:22,8.4,4.2,113.65,78.518,29.41,94.16,1918
14/10:15:22,8.17,4.21,113.65,78.518,29.41,94.171,1919
14/10:15:23,8.01,4.21,113.66,78.507,29.41,94.182,1920
14/10:15:23,7.87,4.21,113.66,78.529,29.4,94.193,1921
14/10:15:24,7.66,4.21,113.66,78.551,29.4,94.204,1922
14/10:15:24,7.46,4.21,113.66,78.606,29.4,94.226,1923
14/10:15:25,7.32,4.2,113.66,78.65,29.4,94.237,1924
14/10:15:26,7.09,4.19,113.66,78.749,29.4,94.259,1925
14/10:15:26,7.02,4.19,113.66,78.793,29.4,94.27,1926
14/10:15:27,6.78,4.18,113.65,78.848,29.4,94.281,1927
14/10:15:28,6.67,4.18,113.65,78.925,29.4,94.292,1928
14/10:15:28,6.64,4.18,113.64,78.98,29.4,94.303,1929
14/10:15:29,6.69,4.18,113.63,79.101,29.4,94.325,1930
14/10:15:29,6.78,4.18,113.64,79.145,29.4,94.336,1931
14/10:15:30,6.96,4.19,113.63,79.156,29.4,94.347,1932
14/10:15:31,7.31,4.19,113.64,79.156,29.4,94.358,1933
14/10:15:31,7.67,4.19,113.64,79.211,29.4,94.369,1934
14/10:15:31,7.93,4.19,113.64,79.277,29.4,94.38,1935
14/10:15:32,8.22,4.18,113.65,79.288,29.4,94.391,1936
14/10:15:33,8.33,4.17,113.64,79.233,29.4,94.402,1937
14/10:15:33,8.35,4.16,113.65,79.255,29.4,94.413,1938
14/10:15:34,8.37,4.16,113.65,79.343,29.4,94.435,1939
14/10:15:34,8.34,4.15,113.65,79.354,29.39,94.435,1940
14/10:15:35,8.1,4.16,113.65,79.387,29.39,94.446,1941
14/10:15:35,7.78,4.15,113.65,79.376,29.39,94.468,1942
14/10:15:36,7.45,4.13,113.65,79.398,29.39,94.479,1943
14/10:15:36,7.25,4.13,113.64,79.541,29.39,94.49,1944
14/10:15:37,7.2,4.13,113.66,79.618,29.39,94.501,1945
14/10:15:37,7.21,4.13,113.65,79.728,29.39,94.512,1946
14/10:15:38,7.36,4.13,113.62,79.739,29.39,94.534,1947
14/10:15:39,7.6,4.13,113.61,79.761,29.39,94.545,1948
14/10:15:39,7.92,4.15,113.6,79.75,29.39,94.556,1949
14/10:15:40,8.0,4.16,113.61,79.761,29.39,94.567,1950
14/10:15:41,7.92,4.15,113.62,79.827,29.39,94.578,1951
14/10:15:41,7.81,4.16,113.62,80.025,29.39,94.6,1952
14/10:15:42,7.87,4.16,113.63,80.113,29.39,94.611,1953
14/10:15:42,7.89,4.16,113.64,80.113,29.39,94.622,1954
14/10:15:43,7.76,4.16,113.65,80.124,29.39,94.644,1955
14/10:15:44,7.52,4.16,113.65,80.113,29.39,94.655,1956
14/10:15:44,7.31,4.15,113.66,80.157,29.38,94.666,1957
14/10:15:45,7.19,4.17,113.65,80.234,29.38,94.677,1958
14/10:15:45,7.09,4.17,113.65,80.278,29.38,94.688,1959
14/10:15:46,7.14,4.18,113.65,80.223,29.38,94.699,1960
14/10:15:46,7.01,4.19,113.64,80.124,29.38,94.71,1961
14/10:15:47,6.74,4.19,113.66,80.014,29.38,94.721,1962
14/10:15:48,6.32,4.19,113.69,80.102,29.38,94.743,1963
14/10:15:48,6.42,4.2,113.68,80.113,29.38,94.754,1964
14/10:15:49,6.48,4.2,113.7,80.047,29.38,94.765,1965
14/10:15:50,6.54,4.19,113.7,80.014,29.38,94.776,1966
14/10:15:50,6.56,4.19,113.73,79.926,29.38,94.787,1967
14/10:15:50,6.52,4.2,113.74,79.86,29.38,94.798,1968
14/10:15:51,6.17,3.95,113.95,80.102,29.38,94.809,1969
14/10:15:52,5.89,3.68,114.19,80.465,29.38,94.831,1970
14/10:15:52,5.56,3.39,114.42,80.674,29.38,94.842,1971
14/10:15:53,5.51,3.35,114.46,80.267,29.38,94.853,1972
14/10:15:53,5.63,3.35,114.46,79.684,29.38,94.864,1973
14/10:15:54,5.74,3.36,114.46,79.31,29.38,94.875,1974
14/10:15:55,5.5,3.44,114.36,79.244,29.38,94.897,1975
14/10:15:55,6.0,3.76,114.12,79.2,29.38,94.908,1976
14/10:15:56,7.02,4.24,113.73,79.2,29.38,94.93,1977
14/10:15:57,7.12,4.25,113.73,79.222,29.38,94.941,1978
14/10:15:58,7.22,4.27,113.74,79.123,29.38,94.963,1979
14/10:15:58,7.22,4.28,113.74,79.134,29.37,94.974,1980
14/10:15:59,7.24,4.3,113.74,79.112,29.37,94.985,1981
14/10:16:00,7.07,4.3,113.75,79.156,29.37,94.996,1982
14/10:16:00,6.87,4.31,113.75,79.211,29.37,95.007,1983
14/10:16:00,6.53,4.31,113.75,79.321,29.37,95.018,1984
14/10:16:01,6.28,4.31,113.75,79.387,29.37,95.04,1985
14/10:16:02,6.02,4.31,113.74,79.453,29.37,95.051,1986
14/10:16:02,5.88,4.3,113.75,79.508,29.37,95.062,1987
14/10:16:02,5.89,4.28,113.75,79.53,29.37,95.073,1988
14/10:16:03,6.02,4.28,113.74,79.552,29.37,95.084,1989
14/10:16:04,6.28,4.3,113.74,79.486,29.37,95.095,1990
14/10:16:04,6.56,4.31,113.74,79.398,29.37,95.106,1991
14/10:16:05,6.73,4.32,113.75,79.343,29.37,95.117,1992
14/10:16:05,6.81,4.34,113.75,79.266,29.37,95.128,1993
14/10:16:06,6.75,4.34,113.78,79.277,29.37,95.139,1994
14/10:16:06,6.67,4.34,113.77,79.222,29.37,95.15,1995
14/10:16:07,6.59,4.35,113.77,79.2,29.37,95.161,1996
14/10:16:07,6.52,4.36,113.78,79.189,29.37,95.172,1997
14/10:16:08,6.42,4.36,113.77,79.211,29.37,95.183,1998
14/10:16:08,6.38,4.36,113.79,79.156,29.37,95.194,1999
14/10:16:09,6.21,4.06,114.01,79.31,29.37,95.216,2000
14/10:16:10,5.57,3.51,114.52,79.607,29.37,95.249,2001
14/10:16:11,5.21,3.24,114.83,79.464,29.37,95.26,2002
14/10:16:11,4.83,3.01,115.11,79.332,29.37,95.271,2003
14/10:16:13,3.72,2.49,115.62,78.837,29.37,95.293,2004
14/10:16:13,3.35,2.35,115.8,78.661,29.37,95.304,2005
14/10:16:14,3.39,2.38,115.83,78.397,29.37,95.315,2006
14/10:16:14,3.71,2.48,115.72,78.089,29.37,95.326,2007
14/10:16:15,4.25,2.74,115.44,77.671,29.37,95.337,2008
14/10:16:15,4.75,2.98,115.15,77.22,29.37,95.348,2009
14/10:16:16,5.27,3.22,114.9,77.11,29.36,95.359,2010
14/10:16:16,5.69,3.46,114.64,76.934,29.36,95.37,2011
14/10:16:17,5.97,3.66,114.38,76.813,29.36,95.381,2012
14/10:16:18,6.85,4.27,113.81,76.274,29.36,95.403,2013
14/10:16:18,7.04,4.36,113.72,75.955,29.36,95.414,2014
14/10:16:19,6.98,4.36,113.71,75.779,29.36,95.425,2015
14/10:16:20,6.41,4.11,113.98,75.988,29.36,95.436,2016
14/10:16:20,5.81,3.82,114.24,76.043,29.36,95.447,2017
14/10:16:20,5.53,3.53,114.56,75.856,29.36,95.458,2018
14/10:16:21,5.26,3.27,114.81,75.691,29.36,95.469,2019
14/10:16:22,4.76,2.96,115.04,75.471,29.36,95.48,2020
14/10:16:22,4.41,2.7,115.28,75.086,29.36,95.491,2021
14/10:16:22,4.09,2.56,115.41,74.668,29.36,95.502,2022
14/10:16:24,4.54,2.87,115.12,73.623,29.36,95.524,2023
14/10:16:24,5.01,3.16,114.84,73.337,29.36,95.535,2024
14/10:16:25,5.38,3.44,114.56,73.117,29.36,95.546,2025
14/10:16:25,5.83,3.7,114.33,72.952,29.36,95.557,2026
14/10:16:26,6.77,3.99,114.08,72.842,29.36,95.568,2027
14/10:16:26,7.71,4.26,113.74,72.765,29.36,95.579,2028
14/10:16:27,8.46,4.34,113.63,72.732,29.36,95.59,2029
14/10:16:27,9.43,4.35,113.56,72.732,29.36,95.601,2030
14/10:16:28,9.85,4.36,113.5,72.677,29.36,95.612,2031
14/10:16:29,10.45,4.37,113.43,72.578,29.36,95.623,2032
14/10:16:29,11.08,4.39,113.37,72.545,29.35,95.634,2033
14/10:16:30,11.72,4.41,113.31,72.501,29.35,95.645,2034
14/10:16:30,12.67,4.42,113.21,72.545,29.35,95.656,2035
14/10:16:31,12.91,4.42,113.14,72.611,29.35,95.667,2036
14/10:16:31,12.94,4.42,113.12,72.688,29.35,95.678,2037
14/10:16:32,12.71,4.42,113.12,72.666,29.35,95.689,2038
14/10:16:32,12.82,4.4,113.12,72.644,29.35,95.689,2039
14/10:16:33,12.88,4.39,113.11,72.567,29.35,95.7,2040
14/10:16:33,13.68,4.36,113.07,72.633,29.34,95.711,2041
14/10:16:34,13.92,4.35,113.03,72.754,29.34,95.722,2042
14/10:16:35,14.24,4.34,113.02,73.007,29.34,95.744,2043
14/10:16:35,14.13,4.34,113.02,73.04,29.34,95.755,2044
14/10:16:36,14.02,4.34,113.04,73.051,29.34,95.766,2045
14/10:16:36,13.56,4.37,113.05,73.073,29.34,95.777,2046
14/10:16:37,13.0,4.37,113.1,72.985,29.33,95.788,2047
14/10:16:37,11.9,4.36,113.17,72.941,29.33,95.799,2048
14/10:16:38,10.92,4.37,113.26,72.809,29.33,95.81,2049
14/10:16:38,9.93,4.38,113.34,72.754,29.33,95.821,2050
14/10:16:39,9.35,4.37,113.42,72.765,29.33,95.832,2051
14/10:16:39,10.02,4.38,113.38,72.864,29.33,95.843,2052
14/10:16:40,10.9,4.37,113.3,73.051,29.33,95.854,2053
14/10:16:40,12.01,4.38,113.22,73.326,29.33,95.865,2054
14/10:16:41,13.33,4.01,113.38,74.195,29.33,95.887,2055
14/10:16:42,14.17,3.76,113.48,74.657,29.32,95.898,2056
14/10:16:43,14.8,3.53,113.62,74.987,29.32,95.909,2057
14/10:16:43,14.97,3.28,113.76,75.097,29.32,95.92,2058
14/10:16:44,15.01,3.24,113.74,75.009,29.32,95.931,2059
14/10:16:44,15.01,3.28,113.74,74.877,29.32,95.942,2060
14/10:16:45,13.55,3.53,113.62,74.987,29.31,95.964,2061
14/10:16:46,12.5,3.73,113.49,74.833,29.31,95.975,2062
14/10:16:46,11.64,3.95,113.4,74.668,29.31,95.986,2063
14/10:16:47,10.96,4.16,113.25,74.602,29.31,95.997,2064
14/10:16:47,10.07,4.33,113.2,74.525,29.31,96.008,2065
14/10:16:48,9.56,4.34,113.25,74.47,29.31,96.008,2066
14/10:16:48,9.24,4.31,113.28,74.536,29.31,96.03,2067
14/10:16:49,9.8,4.31,113.26,74.701,29.31,96.041,2068
14/10:16:50,11.59,4.34,113.13,75.02,29.31,96.052,2069
14/10:16:50,13.13,4.35,113.01,75.251,29.31,96.063,2070
14/10:16:51,14.33,4.34,112.88,75.493,29.3,96.074,2071
14/10:16:51,15.63,4.34,112.76,75.801,29.3,96.085,2072
14/10:16:52,16.05,4.35,112.69,76.021,29.3,96.096,2073
14/10:16:52,15.44,4.36,112.73,76.131,29.3,96.107,2074
14/10:16:53,14.61,4.37,112.8,76.142,29.3,96.118,2075
14/10:16:53,13.85,4.38,112.85,76.175,29.3,96.129,2076
14/10:16:54,12.72,4.36,112.96,76.153,29.28,96.14,2077
14/10:16:55,9.92,4.39,113.23,76.197,29.28,96.162,2078
14/10:16:55,8.5,4.4,113.34,76.263,29.28,96.173,2079
14/10:16:56,8.08,4.4,113.42,76.417,29.28,96.184,2080
14/10:16:57,9.01,4.4,113.41,76.692,29.28,96.206,2081
14/10:16:58,9.59,4.43,113.34,77.011,29.28,96.217,2082
14/10:16:58,9.2,4.42,113.32,77.506,29.28,96.239,2083
14/10:16:59,8.55,4.43,113.39,77.506,29.28,96.25,2084
14/10:16:59,7.75,4.42,113.48,77.374,29.28,96.261,2085
14/10:17:00,6.56,4.42,113.57,77.132,29.28,96.272,2086
14/10:17:00,5.04,4.41,113.68,76.978,29.28,96.283,2087
14/10:17:01,3.46,4.4,113.84,76.901,29.28,96.294,2088
14/10:17:01,1.89,4.37,114.01,76.703,29.28,96.305,2089
14/10:17:02,0.89,4.37,114.13,76.417,29.28,96.316,2090
14/10:17:03,0.64,4.37,114.16,76.186,29.28,96.316,2091
14/10:17:03,0.57,4.36,114.19,76.021,29.28,96.327,2092
14/10:17:03,0.63,4.35,114.19,75.845,29.28,96.349,2093
14/10:17:04,0.8,4.35,114.19,75.724,29.28,96.36,2094
14/10:17:05,1.83,4.36,114.09,75.658,29.28,96.371,2095
14/10:17:05,3.45,4.36,113.95,75.713,29.28,96.382,2096
14/10:17:06,5.17,4.36,113.84,75.878,29.28,96.393,2097
14/10:17:06,6.46,4.35,113.7,76.12,29.28,96.404,2098
14/10:17:07,7.69,4.35,113.56,76.12,29.28,96.415,2099
14/10:17:07,8.96,4.36,113.45,76.098,29.28,96.426,2100
14/10:17:08,10.27,4.36,113.31,76.098,29.28,96.437,2101
14/10:17:08,11.39,4.36,113.19,76.285,29.28,96.448,2102
14/10:17:09,11.7,4.36,113.17,76.34,29.28,96.459,2103
14/10:17:10,11.59,4.35,113.17,76.417,29.28,96.47,2104
14/10:17:10,11.38,4.35,113.15,76.516,29.28,96.481,2105
14/10:17:10,11.35,4.35,113.16,76.648,29.28,96.492,2106
14/10:17:11,11.32,4.37,113.15,76.725,29.28,96.503,2107
14/10:17:12,11.36,4.36,113.14,76.791,29.28,96.514,2108
14/10:17:12,11.28,4.36,113.15,76.725,29.28,96.525,2109
14/10:17:13,11.02,4.38,113.15,76.824,29.28,96.547,2110
14/10:17:14,11.26,4.4,113.15,76.967,29.28,96.558,2111
14/10:17:14,11.38,4.39,113.16,77.176,29.28,96.569,2112
14/10:17:15,11.46,4.39,113.15,77.341,29.27,96.591,2113
14/10:17:15,11.46,4.39,113.13,77.363,29.27,96.591,2114
14/10:17:16,11.46,4.39,113.13,77.44,29.27,96.602,2115
14/10:17:16,11.41,4.38,113.14,77.561,29.27,96.613,2116
14/10:17:17,11.2,4.36,113.13,77.649,29.27,96.646,2117
14/10:17:18,10.86,4.34,113.11,77.737,29.27,96.657,2118
14/10:17:18,10.72,4.32,113.09,77.902,29.27,96.668,2119
14/10:17:19,10.62,4.31,113.1,78.034,29.27,96.679,2120
14/10:17:20,11.0,4.31,113.12,78.056,29.26,96.701,2121
14/10:17:20,11.37,4.31,113.12,78.111,29.26,96.712,2122
14/10:17:21,11.6,4.31,113.11,78.298,29.26,96.723,2123
14/10:17:21,11.8,4.32,113.12,78.375,29.26,96.734,2124
14/10:17:22,12.02,4.34,113.12,78.386,29.26,96.745,2125
14/10:17:22,12.25,4.35,113.12,78.32,29.26,96.756,2126
14/10:17:23,12.18,4.36,113.11,78.408,29.26,96.767,2127
14/10:17:24,12.14,4.37,113.11,78.485,29.26,96.778,2128
14/10:17:24,12.06,4.35,113.09,78.551,29.26,96.789,2129
14/10:17:25,12.03,4.36,113.09,78.573,29.25,96.8,2130
14/10:17:25,12.1,4.36,113.08,78.628,29.25,96.811,2131
14/10:17:26,12.19,4.37,113.09,78.628,29.25,96.822,2132
14/10:17:26,12.26,4.36,113.07,78.65,29.25,96.833,2133
14/10:17:27,12.31,4.36,113.08,78.727,29.25,96.844,2134
14/10:17:27,12.4,4.36,113.08,78.771,29.25,96.855,2135
14/10:17:28,12.47,4.34,113.08,78.793,29.25,96.866,2136
14/10:17:28,12.25,4.35,113.09,78.914,29.25,96.877,2137
14/10:17:30,11.41,4.31,113.12,79.189,29.24,96.921,2138
14/10:17:30,11.11,4.3,113.13,79.31,29.24,96.932,2139
14/10:17:31,10.69,4.27,113.12,79.387,29.24,96.943,2140
14/10:17:32,10.03,4.27,113.18,79.31,29.24,96.954,2141
14/10:17:32,9.27,4.26,113.23,79.255,29.24,96.965,2142
14/10:17:32,8.49,4.24,113.28,79.145,29.24,96.976,2143
14/10:17:33,7.81,4.23,113.35,79.046,29.24,96.987,2144
14/10:17:34,7.01,4.22,113.43,78.958,29.24,96.998,2145
14/10:17:34,6.07,4.22,113.51,78.837,29.24,97.009,2146
14/10:17:35,5.01,4.23,113.59,78.683,29.24,97.02,2147
14/10:17:35,4.2,4.23,113.7,78.54,29.24,97.031,2148
14/10:17:36,3.76,4.21,113.74,78.287,29.24,97.042,2149
14/10:17:37,3.39,4.22,113.79,78.067,29.24,97.053,2150
14/10:17:37,2.83,4.22,113.86,77.539,29.24,97.075,2151
14/10:17:38,2.73,4.22,113.88,77.088,29.24,97.097,2152
14/10:17:39,2.91,4.23,113.89,76.934,29.24,97.108,2153
14/10:17:40,2.98,4.22,113.9,76.857,29.24,97.108,2154
14/10:17:40,2.96,4.24,113.91,76.703,29.24,97.13,2155
14/10:17:41,2.93,4.24,113.91,76.472,29.24,97.141,2156
14/10:17:41,3.06,4.24,113.92,76.263,29.24,97.152,2157
14/10:17:41,3.12,4.23,113.93,76.032,29.24,97.163,2158
14/10:17:42,3.08,4.21,113.93,75.944,29.24,97.174,2159
14/10:17:43,3.09,4.22,113.95,75.735,29.24,97.185,2160
14/10:17:44,3.1,4.22,113.97,75.361,29.24,97.218,2161
14/10:17:44,3.09,4.22,113.97,75.185,29.24,97.218,2162
14/10:17:45,3.28,4.22,113.96,75.02,29.24,97.229,2163
14/10:17:45,3.41,4.22,113.96,74.888,29.24,97.251,2164
14/10:17:46,3.87,4.23,113.91,74.888,29.24,97.251,2165
14/10:17:46,4.57,4.24,113.85,74.888,29.24,97.262,2166
14/10:17:47,5.22,4.24,113.81,74.998,29.24,97.284,2167
14/10:17:47,5.6,4.24,113.76,75.042,29.24,97.284,2168
14/10:17:48,6.08,4.24,113.71,75.031,29.24,97.295,2169
14/10:17:48,6.72,4.25,113.64,75.02,29.24,97.306,2170
14/10:17:49,7.22,4.25,113.6,75.13,29.24,97.317,2171
14/10:17:49,7.67,4.25,113.55,75.185,29.24,97.328,2172
14/10:17:51,8.21,3.56,113.44,75.383,29.24,97.35,2173
14/10:17:51,8.9,3.56,113.37,75.933,29.24,97.372,2174
14/10:17:52,9.26,3.56,113.34,76.109,29.23,97.394,2175
14/10:17:53,9.44,3.59,113.32,76.153,29.23,97.405,2176
14/10:17:53,9.83,3.61,113.28,76.274,29.23,97.405,2177
14/10:17:54,10.08,3.64,113.27,76.472,29.23,97.416,2178
14/10:17:54,10.3,4.13,113.28,76.725,29.23,97.427,2179
14/10:17:55,10.19,4.39,113.32,76.945,29.23,97.449,2180
14/10:17:55,10.2,4.4,113.3,77.143,29.23,97.449,2181
14/10:17:56,10.26,4.41,113.27,77.231,29.23,97.471,2182
14/10:17:56,10.56,4.41,113.24,77.308,29.23,97.482,2183
14/10:17:57,10.94,4.41,113.2,77.649,29.23,97.493,2184
14/10:17:57,11.25,4.41,113.15,77.924,29.23,97.504,2185
14/10:17:58,11.57,4.39,113.1,78.089,29.22,97.515,2186
14/10:17:58,12.02,4.39,113.06,78.298,29.22,97.526,2187
14/10:17:59,12.28,4.38,113.04,78.485,29.22,97.537,2188
14/10:18:00,12.48,4.38,113.04,78.672,29.22,97.548,2189
14/10:18:00,12.67,4.38,113.04,78.815,29.22,97.559,2190
14/10:18:01,12.43,4.37,113.07,78.958,29.22,97.57,2191
14/10:18:02,11.34,4.37,113.15,79.244,29.22,97.603,2192
14/10:18:02,11.22,4.36,113.17,79.453,29.21,97.614,2193
14/10:18:03,11.11,4.37,113.19,79.64,29.21,97.625,2194
14/10:18:04,10.68,4.36,113.22,79.783,29.21,97.636,2195
14/10:18:04,10.1,4.36,113.27,79.695,29.21,97.647,2196
14/10:18:05,9.85,4.37,113.33,79.684,29.21,97.658,2197
14/10:18:05,9.45,4.36,113.38,79.629,29.21,97.669,2198
14/10:18:06,8.49,4.35,113.43,79.574,29.21,97.68,2199
14/10:18:07,7.42,4.33,113.52,79.552,29.21,97.691,2200
14/10:18:07,6.4,4.32,113.6,79.618,29.21,97.713,2201
14/10:18:08,5.42,4.32,113.7,79.673,29.21,97.724,2202
14/10:18:08,4.78,4.3,113.74,79.64,29.21,97.735,2203
14/10:18:09,3.37,4.28,113.85,79.376,29.21,97.757,2204
14/10:18:10,2.5,4.28,113.92,79.244,29.21,97.768,2205
14/10:18:10,2.11,4.27,113.99,79.057,29.21,97.779,2206
14/10:18:11,1.8,4.28,114.04,78.782,29.21,97.79,2207
14/10:18:11,1.45,4.28,114.08,78.617,29.21,97.801,2208
14/10:18:11,1.15,4.28,114.12,78.408,29.21,97.812,2209
14/10:18:12,0.79,4.27,114.16,78.287,29.21,97.823,2210
14/10:18:13,0.56,4.25,114.18,78.045,29.21,97.834,2211
14/10:18:14,0.63,4.24,114.2,77.616,29.21,97.856,2212
14/10:18:14,0.72,4.22,114.2,77.473,29.21,97.867,2213
14/10:18:15,0.84,4.21,114.19,77.231,29.21,97.878,2214
14/10:18:15,1.2,4.19,114.16,77.066,29.21,97.889,2215
14/10:18:16,2.08,4.19,114.12,77.033,29.21,97.9,2216
14/10:18:17,3.36,4.19,113.99,76.989,29.21,97.922,2217
14/10:18:17,3.86,4.19,113.94,76.945,29.21,97.933,2218
14/10:18:18,4.31,4.19,113.89,76.868,29.21,97.944,2219
14/10:18:19,4.68,4.18,113.82,76.813,29.21,97.955,2220
14/10:18:19,5.03,4.2,113.78,76.791,29.21,97.966,2221
14/10:18:19,5.15,4.21,113.75,76.78,29.21,97.977,2222
14/10:18:20,5.31,4.21,113.75,76.802,29.21,97.988,2223
14/10:18:21,5.76,4.22,113.72,76.923,29.21,97.999,2224
14/10:18:21,6.28,4.24,113.7,77.066,29.21,98.021,2225
14/10:18:21,6.91,4.25,113.67,77.143,29.21,98.032,2226
14/10:18:22,7.49,4.27,113.61,77.253,29.21,98.043,2227
14/10:18:23,8.0,4.27,113.56,77.407,29.21,98.054,2228
14/10:18:23,8.5,4.27,113.53,77.605,29.21,98.065,2229
14/10:18:24,8.88,4.27,113.5,77.682,29.21,98.076,2230
14/10:18:24,8.9,4.27,113.47,77.814,29.21,98.087,2231
14/10:18:25,8.74,4.27,113.47,77.924,29.21,98.098,2232
14/10:18:26,8.45,4.28,113.45,78.188,29.21,98.12,2233
14/10:18:27,8.32,4.28,113.45,78.265,29.21,98.131,2234
14/10:18:27,8.26,4.31,113.45,78.331,29.21,98.142,2235
14/10:18:27,8.2,4.32,113.45,78.474,29.21,98.153,2236
14/10:18:28,8.18,4.34,113.44,78.617,29.21,98.164,2237
14/10:18:29,8.12,4.35,113.43,78.705,29.2,98.175,2238
14/10:18:29,8.1,4.36,113.42,78.771,29.2,98.186,2239
14/10:18:29,8.14,4.37,113.41,78.892,29.2,98.197,2240
14/10:18:30,8.23,4.37,113.41,79.024,29.2,98.208,2241
14/10:18:31,8.43,4.39,113.42,79.068,29.2,98.208,2242
14/10:18:31,8.63,4.4,113.4,79.068,29.2,98.23,2243
14/10:18:31,8.83,4.4,113.4,79.178,29.2,98.241,2244
14/10:18:32,9.16,4.4,113.4,79.244,29.2,98.252,2245
14/10:18:33,9.42,4.41,113.4,79.244,29.2,98.263,2246
14/10:18:33,9.51,4.41,113.41,79.145,29.2,98.274,2247
14/10:18:34,9.43,4.4,113.41,79.134,29.2,98.285,2248
14/10:18:34,9.31,4.39,113.41,79.211,29.2,98.296,2249
14/10:18:35,8.92,4.06,113.41,79.277,29.2,98.318,2250
14/10:18:35,8.5,4.04,113.45,79.145,29.2,98.329,2251
14/10:18:36,7.8,4.04,113.5,78.991,29.2,98.34,2252
14/10:18:37,5.74,4.03,113.63,78.606,29.19,98.373,2253
14/10:18:38,5.26,3.93,113.66,78.496,29.19,98.384,2254
14/10:18:38,4.8,3.99,113.71,78.298,29.19,98.395,2255
14/10:18:39,4.21,4.25,113.79,77.99,29.19,98.417,2256
14/10:18:40,4.15,4.25,113.78,77.902,29.19,98.428,2257
14/10:18:40,4.14,4.24,113.79,77.792,29.19,98.439,2258
14/10:18:41,4.11,4.23,113.78,77.649,29.19,98.45,2259
14/10:18:41,4.39,4.27,113.8,77.539,29.19,98.461,2260
14/10:18:42,4.69,4.32,113.82,77.374,29.19,98.472,2261
14/10:18:43,4.94,4.15,113.8,77.22,29.19,98.483,2262
14/10:18:43,5.14,4.01,113.77,77.143,29.19,98.494,2263
14/10:18:44,5.27,4.01,113.76,77.011,29.19,98.505,2264
14/10:18:45,5.34,4.01,113.76,76.681,29.19,98.516,2265
14/10:18:45,5.35,4.03,113.76,76.439,29.19,98.527,2266
14/10:18:46,5.32,4.04,113.76,76.307,29.19,98.549,2267
14/10:18:46,5.3,4.03,113.75,76.12,29.19,98.56,2268
14/10:18:47,5.2,4.27,113.79,75.999,29.19,98.571,2269
14/10:18:47,5.2,4.3,113.79,75.988,29.19,98.582,2270
14/10:18:48,5.35,4.28,113.77,75.922,29.19,98.593,2271
14/10:18:49,5.57,4.28,113.76,75.845,29.19,98.604,2272
14/10:18:49,6.69,4.26,113.68,75.79,29.19,98.626,2273
14/10:18:50,7.06,4.25,113.63,75.856,29.19,98.637,2274
14/10:18:51,8.53,4.27,113.47,76.021,29.19,98.659,2275
14/10:18:51,9.46,4.27,113.39,76.109,29.19,98.67,2276
14/10:18:52,10.65,4.27,113.31,76.23,29.19,98.681,2277
14/10:18:53,11.8,4.28,113.19,76.428,29.19,98.692,2278
14/10:18:53,12.4,4.28,113.1,76.736,29.19,98.703,2279
14/10:18:54,12.64,4.3,113.07,76.956,29.19,98.714,2280
14/10:18:54,12.75,4.28,113.04,76.901,29.18,98.725,2281
14/10:18:55,12.57,4.27,113.07,76.879,29.18,98.747,2282
14/10:18:55,12.44,4.28,113.09,76.813,29.18,98.747,2283
14/10:18:56,11.87,4.28,113.15,76.78,29.18,98.769,2284
14/10:18:57,11.05,4.3,113.2,76.791,29.18,98.791,2285
14/10:18:57,11.09,4.31,113.22,76.791,29.18,98.802,2286
14/10:18:58,11.75,4.32,113.17,76.868,29.18,98.802,2287
14/10:18:58,12.64,4.35,113.09,77.077,29.17,98.824,2288
14/10:18:59,13.17,4.38,113.04,77.132,29.17,98.835,2289
14/10:19:00,13.23,4.39,113.02,77.165,29.17,98.846,2290
14/10:19:01,12.81,4.38,113.02,77.209,29.17,98.868,2291
14/10:19:01,12.78,4.39,113.03,77.066,29.17,98.879,2292
14/10:19:02,12.46,4.37,113.05,76.934,29.17,98.89,2293
14/10:19:02,11.98,4.36,113.08,76.923,29.17,98.901,2294
14/10:19:03,11.42,4.3,113.11,76.868,29.17,98.912,2295
14/10:19:03,11.28,4.18,113.11,76.857,29.16,98.923,2296
14/10:19:04,11.64,4.15,113.09,76.934,29.16,98.934,2297
14/10:19:04,12.37,4.14,113.05,76.978,29.16,98.945,2298
14/10:19:05,13.19,4.12,112.99,77.165,29.16,98.956,2299
14/10:19:05,13.82,4.11,112.91,77.286,29.16,98.967,2300
14/10:19:06,14.37,4.09,112.84,77.33,29.16,98.978,2301
14/10:19:06,14.68,4.1,112.78,77.374,29.16,98.989,2302
14/10:19:07,14.98,4.21,112.76,77.418,29.15,99.0,2303
14/10:19:07,15.14,4.25,112.73,77.473,29.15,99.011,2304
14/10:19:08,15.19,4.27,112.71,77.627,29.15,99.022,2305
14/10:19:08,15.19,4.28,112.7,77.77,29.15,99.033,2306
14/10:19:09,15.2,4.32,112.69,77.935,29.15,99.044,2307
14/10:19:10,15.33,4.37,112.7,78.056,29.15,99.055,2308
14/10:19:10,15.56,4.38,112.69,78.188,29.14,99.066,2309
14/10:19:11,15.39,4.37,112.73,78.309,29.14,99.077,2310
14/10:19:11,14.83,4.38,112.77,78.43,29.14,99.088,2311
14/10:19:12,14.28,4.37,112.82,78.386,29.14,99.099,2312
14/10:19:12,13.8,4.35,112.85,78.408,29.14,99.11,2313
14/10:19:13,13.39,4.35,112.91,78.507,29.14,99.121,2314
14/10:19:13,12.48,4.3,112.99,78.452,29.14,99.132,2315
14/10:19:14,11.47,4.3,113.08,78.386,29.14,99.143,2316
14/10:19:14,10.46,4.3,113.14,78.32,29.13,99.154,2317
14/10:19:15,10.23,4.3,113.17,78.342,29.13,99.165,2318
14/10:19:16,9.93,4.28,113.18,78.177,29.13,99.198,2319
14/10:19:16,9.67,4.3,113.19,78.199,29.13,99.209,2320
14/10:19:17,9.71,4.28,113.18,78.232,29.13,99.22,2321
14/10:19:17,9.98,4.27,113.14,78.298,29.13,99.231,2322
14/10:19:18,10.15,4.26,113.12,78.331,29.13,99.242,2323
14/10:19:19,10.35,4.23,113.09,78.397,29.13,99.253,2324
14/10:19:19,10.34,4.23,113.07,78.32,29.13,99.264,2325
14/10:19:19,10.37,4.23,113.08,78.254,29.13,99.275,2326
14/10:19:20,10.28,4.22,113.07,78.309,29.12,99.286,2327
14/10:19:20,10.23,4.24,113.06,78.298,29.12,99.297,2328
14/10:19:21,10.25,4.26,113.06,78.32,29.12,99.308,2329
14/10:19:22,10.2,4.26,113.06,78.331,29.12,99.308,2330
14/10:19:22,10.24,4.28,113.04,78.375,29.12,99.33,2331
14/10:19:22,10.25,4.28,113.05,78.408,29.12,99.341,2332
14/10:19:23,10.27,4.3,113.06,78.529,29.12,99.352,2333
14/10:19:24,10.34,4.3,113.07,78.562,29.12,99.363,2334
14/10:19:24,10.31,4.27,113.08,78.639,29.12,99.374,2335
14/10:19:25,10.34,4.25,113.08,78.749,29.12,99.385,2336
14/10:19:25,10.25,4.23,113.07,78.837,29.12,99.396,2337
14/10:19:26,10.21,4.22,113.07,78.947,29.11,99.407,2338
14/10:19:26,10.21,4.21,113.09,78.914,29.11,99.418,2339
14/10:19:27,10.2,4.22,113.08,79.013,29.11,99.429,2340
14/10:19:27,10.27,4.08,113.06,79.079,29.11,99.44,2341
14/10:19:28,10.24,4.07,113.05,79.046,29.11,99.451,2342
14/10:19:28,10.24,4.08,113.05,79.112,29.11,99.462,2343
14/10:19:29,10.25,4.09,113.05,79.2,29.11,99.484,2344
14/10:19:29,10.35,4.09,113.05,79.321,29.11,99.495,2345
14/10:19:30,10.49,4.09,113.04,79.376,29.11,99.506,2346
14/10:19:31,10.67,4.1,113.03,79.409,29.11,99.517,2347
14/10:19:31,10.83,4.09,113.04,79.409,29.11,99.528,2348
14/10:19:32,10.8,4.21,113.03,79.376,29.1,99.539,2349
14/10:19:32,10.94,4.25,113.03,79.387,29.1,99.55,2350
14/10:19:33,11.2,4.24,113.03,79.387,29.1,99.561,2351
14/10:19:33,11.37,4.24,113.01,79.387,29.1,99.572,2352
14/10:19:34,11.56,4.24,112.99,79.343,29.1,99.583,2353
14/10:19:34,11.78,4.26,113.0,79.255,29.1,99.594,2354
14/10:19:35,11.87,4.26,113.01,79.222,29.1,99.605,2355
14/10:19:35,11.95,4.26,113.0,79.233,29.1,99.616,2356
14/10:19:36,12.08,4.26,113.01,79.211,29.1,99.616,2357
14/10:19:36,12.13,4.26,113.01,79.244,29.1,99.627,2358
14/10:19:37,12.1,4.26,113.0,79.288,29.09,99.649,2359
14/10:19:37,12.0,4.25,113.01,79.321,29.09,99.66,2360
14/10:19:38,11.73,4.24,113.05,79.321,29.09,99.671,2361
14/10:19:38,11.09,4.21,113.07,79.299,29.09,99.682,2362
14/10:19:39,10.35,4.2,113.1,79.244,29.09,99.704,2363
14/10:19:40,9.04,4.18,113.18,79.068,29.09,99.726,2364
14/10:19:41,8.51,4.17,113.22,79.035,29.09,99.737,2365
14/10:19:42,7.57,4.16,113.28,78.804,29.09,99.759,2366
14/10:19:42,7.42,4.16,113.31,78.694,29.09,99.77,2367
14/10:19:42,7.45,4.16,113.33,78.628,29.09,99.781,2368
14/10:19:43,7.43,4.16,113.32,78.54,29.08,99.792,2369
14/10:19:44,7.5,4.16,113.33,78.441,29.08,99.803,2370
14/10:19:44,7.54,4.17,113.32,78.342,29.08,99.814,2371
14/10:19:45,7.48,4.17,113.32,78.309,29.08,99.825,2372
14/10:19:45,7.49,4.18,113.31,78.232,29.08,99.836,2373
14/10:19:46,7.45,4.2,113.28,78.1,29.08,99.847,2374
14/10:19:46,7.49,4.22,113.3,77.935,29.08,99.858,2375
14/10:19:47,7.6,4.23,113.3,77.748,29.08,99.869,2376
14/10:19:47,7.67,4.21,113.31,77.792,29.08,99.88,2377
14/10:19:48,7.77,4.22,113.33,77.781,29.08,99.891,2378
14/10:19:48,8.02,4.23,113.33,77.759,29.08,99.902,2379
14/10:19:49,8.28,4.24,113.33,77.726,29.08,99.913,2380
14/10:19:49,8.55,4.26,113.34,77.66,29.08,99.924,2381
14/10:19:50,9.23,4.26,113.31,77.649,29.08,99.935,2382
14/10:19:50,9.92,4.28,113.27,77.77,29.08,99.946,2383
14/10:19:51,11.28,4.32,113.16,78.045,29.08,99.979,2384
14/10:19:52,12.06,4.33,113.11,78.243,29.07,99.99,2385
14/10:19:53,12.67,4.33,113.06,78.474,29.07,100.001,2386
14/10:19:53,13.16,4.34,113.01,78.584,29.07,100.012,2387
14/10:19:54,13.63,4.32,112.94,78.793,29.07,100.034,2388
14/10:19:55,13.56,4.31,112.93,78.936,29.07,100.045,2389
14/10:19:55,13.48,4.32,112.92,78.991,29.07,100.056,2390
14/10:19:56,13.28,4.32,112.91,79.123,29.06,100.067,2391
14/10:19:56,13.1,4.31,112.92,79.189,29.06,100.078,2392
14/10:19:57,12.91,4.31,112.92,79.343,29.06,100.089,2393
14/10:19:57,12.61,4.3,112.91,79.541,29.06,100.1,2394
14/10:19:58,12.38,4.28,112.91,79.75,29.06,100.111,2395
14/10:19:58,12.26,4.3,112.89,79.783,29.06,100.122,2396
14/10:19:59,12.15,4.28,112.89,79.849,29.06,100.133,2397
14/10:19:59,12.23,4.3,112.89,80.047,29.06,100.144,2398
14/10:20:00,12.27,4.31,112.89,80.201,29.06,100.155,2399
14/10:20:01,12.24,4.32,112.87,80.267,29.05,100.166,2400
14/10:20:01,12.25,4.31,112.87,80.443,29.05,100.188,2401
14/10:20:02,12.51,4.34,112.86,80.564,29.05,100.21,2402
14/10:20:03,12.71,4.36,112.86,80.718,29.05,100.221,2403
14/10:20:03,12.82,4.36,112.86,80.707,29.05,100.232,2404
14/10:20:03,12.61,4.35,112.87,80.707,29.05,100.243,2405
14/10:20:04,12.47,4.33,112.86,80.828,29.05,100.254,2406
14/10:20:05,12.69,4.33,112.86,80.916,29.04,100.265,2407
14/10:20:05,12.84,4.34,112.87,81.004,29.04,100.276,2408
14/10:20:05,12.77,4.35,112.88,81.169,29.04,100.287,2409
14/10:20:06,12.68,4.35,112.87,81.334,29.04,100.298,2410
14/10:20:07,12.68,4.35,112.88,81.565,29.04,100.309,2411
14/10:20:08,12.6,4.33,112.89,81.873,29.04,100.331,2412
14/10:20:08,12.8,4.33,112.88,81.983,29.04,100.342,2413
14/10:20:09,12.57,4.33,112.89,82.159,29.03,100.364,2414
14/10:20:09,12.48,4.32,112.87,82.401,29.03,100.375,2415
14/10:20:10,12.73,4.32,112.86,82.544,29.03,100.386,2416
14/10:20:10,12.65,4.32,112.87,82.632,29.03,100.397,2417
14/10:20:11,12.49,4.33,112.84,82.874,29.03,100.408,2418
14/10:20:11,12.73,4.34,112.83,83.105,29.03,100.408,2419
14/10:20:12,12.56,4.35,112.83,83.248,29.03,100.43,2420
14/10:20:13,12.48,4.35,112.83,83.457,29.03,100.441,2421
14/10:20:13,12.56,4.37,112.83,83.6,29.02,100.452,2422
14/10:20:14,12.54,4.37,112.84,83.754,29.02,100.463,2423
14/10:20:15,12.5,4.36,112.85,84.051,29.02,100.496,2424
14/10:20:15,12.68,4.37,112.87,84.216,29.02,100.507,2425
14/10:20:16,12.56,4.35,112.86,84.425,29.02,100.518,2426
14/10:20:16,12.7,4.19,112.85,84.524,29.02,100.529,2427
14/10:20:17,12.71,4.18,112.83,84.612,29.02,100.54,2428
14/10:20:17,12.79,4.18,112.82,84.667,29.02,100.551,2429
14/10:20:18,12.79,4.18,112.82,84.788,29.01,100.562,2430
14/10:20:19,12.86,4.18,112.81,85.008,29.01,100.595,2431
14/10:20:19,12.67,4.19,112.8,85.14,29.01,100.606,2432
14/10:20:20,12.73,4.18,112.8,85.217,29.01,100.617,2433
14/10:20:21,12.57,4.35,112.81,85.349,29.01,100.628,2434
14/10:20:21,12.71,4.36,112.83,85.492,29.01,100.639,2435
14/10:20:22,12.65,4.35,112.83,85.58,29.01,100.65,2436
14/10:20:22,12.6,4.35,112.82,85.635,29.0,100.672,2437
14/10:20:23,12.65,4.35,112.82,85.767,29.0,100.683,2438
14/10:20:23,12.47,4.34,112.82,85.811,29.0,100.694,2439
14/10:20:23,11.93,4.34,112.88,85.8,29.0,100.705,2440
14/10:20:24,10.72,4.34,112.96,85.69,29.0,100.716,2441
14/10:20:25,9.16,4.33,113.08,85.481,29.0,100.716,2442
14/10:20:26,5.43,4.32,113.42,84.854,29.0,100.749,2443
14/10:20:26,4.07,4.31,113.54,84.524,29.0,100.771,2444
14/10:20:27,2.55,4.3,113.7,84.359,29.0,100.782,2445
14/10:20:27,1.46,4.3,113.84,84.139,29.0,100.793,2446
14/10:20:28,0.54,4.28,113.95,83.501,29.0,100.815,2447
14/10:20:29,0.54,4.28,113.95,83.149,29.0,100.826,2448
14/10:20:30,0.53,4.27,113.98,82.522,29.0,100.848,2449
14/10:20:30,0.53,4.27,113.98,82.258,29.0,100.859,2450
14/10:20:31,0.53,4.27,113.99,82.016,29.0,100.87,2451
14/10:20:31,0.53,4.26,114.0,81.741,29.0,100.892,2452
14/10:20:33,0.53,4.26,114.02,81.246,29.0,100.914,2453
14/10:20:33,0.53,4.26,114.04,80.927,29.0,100.925,2454
14/10:20:34,0.53,4.25,114.05,80.498,29.0,100.936,2455
14/10:20:34,0.54,4.25,114.07,79.816,29.01,100.958,2456
14/10:20:35,0.53,4.24,114.08,79.508,29.01,100.969,2457
14/10:20:36,0.53,4.24,114.09,79.222,29.01,100.98,2458
14/10:20:36,0.53,4.24,114.09,78.716,29.01,100.991,2459
14/10:20:37,0.53,4.24,114.1,78.243,29.01,101.002,2460
14/10:20:37,0.54,4.24,114.1,77.77,29.01,101.013,2461
14/10:20:38,0.53,4.24,114.1,77.418,29.01,101.024,2462
14/10:20:39,0.6,4.24,114.09,76.736,29.01,101.046,2463
14/10:20:39,1.17,4.24,114.05,76.318,29.01,101.057,2464
14/10:20:40,2.69,4.24,113.93,76.164,29.01,101.068,2465
14/10:20:40,4.06,4.14,113.92,76.274,29.01,101.079,2466
14/10:20:41,5.16,3.88,114.1,76.835,29.01,101.09,2467
14/10:20:41,6.3,3.54,114.28,77.429,29.01,101.101,2468
14/10:20:42,7.56,3.11,114.4,77.583,29.01,101.123,2469
14/10:20:43,8.61,2.87,114.5,77.605,29.01,101.123,2470
14/10:20:43,9.69,2.67,114.61,77.473,29.01,101.134,2471
14/10:20:43,10.35,2.5,114.64,77.198,29.01,101.156,2472
14/10:20:44,10.25,2.5,114.62,76.901,29.01,101.167,2473
14/10:20:45,10.28,2.59,114.5,76.659,29.0,101.178,2474
14/10:20:45,10.64,2.84,114.15,76.736,29.0,101.189,2475
14/10:20:46,11.1,3.3,113.78,76.802,29.0,101.2,2476
14/10:20:46,11.47,3.63,113.51,76.835,29.0,101.211,2477
14/10:20:47,11.83,3.86,113.25,76.967,29.0,101.222,2478
14/10:20:47,12.08,4.16,113.01,77.033,29.0,101.233,2479
14/10:20:48,12.33,4.2,112.92,77.143,29.0,101.244,2480
14/10:20:48,12.6,4.21,112.91,77.187,29.0,101.255,2481
14/10:20:49,12.86,4.22,112.9,77.187,28.99,101.266,2482
14/10:20:49,12.9,4.24,112.9,77.198,28.99,101.277,2483
14/10:20:50,12.87,4.24,112.9,77.264,28.99,101.288,2484
14/10:20:50,12.87,4.24,112.9,77.407,28.99,101.299,2485
14/10:20:51,12.91,4.23,112.89,77.462,28.99,101.31,2486
14/10:20:52,12.88,4.22,112.9,77.539,28.99,101.321,2487
14/10:20:52,12.88,4.23,112.89,77.583,28.99,101.332,2488
14/10:20:52,12.75,4.22,112.9,77.759,28.99,101.343,2489
14/10:20:53,12.56,4.2,112.9,77.836,28.98,101.354,2490
14/10:20:53,12.43,4.17,112.9,77.891,28.98,101.365,2491
14/10:20:55,12.26,4.2,112.89,78.056,28.98,101.387,2492
14/10:20:55,12.19,4.22,112.89,78.188,28.98,101.398,2493
14/10:20:56,12.23,4.2,112.88,78.155,28.98,101.409,2494
14/10:20:56,12.2,4.2,112.87,78.166,28.98,101.42,2495
14/10:20:57,12.14,4.2,112.86,78.254,28.98,101.431,2496
14/10:20:57,12.14,4.21,112.85,78.276,28.98,101.442,2497
14/10:20:58,12.11,4.21,112.84,78.276,28.97,101.453,2498
14/10:20:59,12.2,4.2,112.82,78.32,28.97,101.464,2499
14/10:20:59,12.35,4.19,112.81,78.342,28.97,101.475,2500
14/10:20:59,12.48,4.18,112.8,78.364,28.97,101.486,2501
14/10:21:00,12.56,4.18,112.81,78.474,28.97,101.497,2502
14/10:21:01,12.74,4.17,112.8,78.518,28.97,101.508,2503
14/10:21:01,12.99,4.2,112.8,78.474,28.97,101.541,2504
14/10:21:02,13.12,4.19,112.81,78.485,28.96,101.552,2505
14/10:21:02,13.19,4.19,112.82,78.562,28.96,101.563,2506
14/10:21:03,13.13,4.19,112.82,78.529,28.96,101.574,2507
14/10:21:04,13.12,4.18,112.81,78.551,28.96,101.585,2508
14/10:21:04,12.99,4.18,112.82,78.573,28.96,101.596,2509
14/10:21:05,12.78,4.18,112.81,78.573,28.96,101.607,2510
14/10:21:05,12.69,4.18,112.83,78.551,28.96,101.618,2511
14/10:21:06,12.74,4.19,112.82,78.529,28.96,101.629,2512
14/10:21:06,12.79,4.2,112.82,78.463,28.95,101.64,2513
14/10:21:07,12.91,4.21,112.83,78.43,28.95,101.651,2514
14/10:21:07,13.07,4.21,112.83,78.463,28.95,101.662,2515
14/10:21:08,13.25,4.21,112.83,78.496,28.95,101.684,2516
14/10:21:09,13.24,4.2,112.81,78.584,28.95,101.695,2517
14/10:21:10,13.23,4.19,112.81,78.694,28.95,101.706,2518
14/10:21:10,13.28,4.19,112.81,78.936,28.94,101.717,2519
14/10:21:10,13.1,4.21,112.79,79.079,28.94,101.728,2520
14/10:21:11,13.09,4.22,112.8,79.145,28.94,101.739,2521
14/10:21:12,13.13,4.24,112.82,79.31,28.94,101.772,2522
14/10:21:12,13.09,4.25,112.82,79.475,28.94,101.783,2523
14/10:21:13,12.97,4.26,112.82,79.772,28.94,101.794,2524
14/10:21:14,12.89,4.28,112.8,80.047,28.94,101.805,2525
14/10:21:14,12.62,4.28,112.8,80.289,28.93,101.816,2526
14/10:21:15,12.71,4.26,112.79,80.465,28.93,101.816,2527
14/10:21:15,12.62,4.27,112.79,80.608,28.93,101.827,2528
14/10:21:16,12.38,4.26,112.78,80.828,28.93,101.849,2529
14/10:21:16,12.19,4.27,112.78,81.103,28.93,101.86,2530
14/10:21:17,12.37,4.26,112.77,81.279,28.93,101.871,2531
14/10:21:17,12.44,4.27,112.79,81.455,28.93,101.882,2532
14/10:21:18,12.4,4.27,112.8,81.609,28.93,101.893,2533
14/10:21:18,12.45,4.26,112.79,81.84,28.92,101.904,2534
14/10:21:19,12.46,4.26,112.83,81.961,28.92,101.915,2535
14/10:21:19,12.23,4.25,112.82,82.093,28.92,101.937,2536
14/10:21:20,12.34,4.26,112.81,82.302,28.92,101.948,2537
14/10:21:21,12.46,4.27,112.81,82.533,28.92,101.959,2538
14/10:21:21,12.18,4.28,112.81,82.599,28.92,101.97,2539
14/10:21:21,12.21,4.28,112.81,82.72,28.92,101.981,2540
14/10:21:22,12.45,4.28,112.82,82.951,28.92,101.992,2541
14/10:21:23,12.39,4.3,112.81,83.116,28.92,102.003,2542
14/10:21:23,12.34,4.32,112.8,83.204,28.91,102.014,2543
14/10:21:24,12.1,4.32,112.83,83.303,28.91,102.025,2544
14/10:21:25,10.15,4.33,112.99,83.226,28.91,102.058,2545
14/10:21:25,9.21,4.34,113.07,83.05,28.91,102.069,2546
14/10:21:26,8.31,4.34,113.16,82.907,28.91,102.08,2547
14/10:21:26,7.28,4.35,113.25,82.742,28.91,102.091,2548
14/10:21:27,6.08,4.35,113.33,82.577,28.91,102.102,2549
14/10:21:28,5.16,4.34,113.43,82.5,28.91,102.113,2550
14/10:21:28,4.47,4.35,113.51,82.28,28.91,102.135,2551
14/10:21:29,4.44,4.34,113.52,82.236,28.91,102.146,2552
14/10:21:30,4.45,4.3,113.56,81.961,28.91,102.179,2553
14/10:21:30,3.83,4.28,113.61,81.917,28.91,102.19,2554
14/10:21:31,3.47,4.27,113.67,81.796,28.91,102.201,2555
14/10:21:31,3.0,4.26,113.72,81.587,28.91,102.212,2556
14/10:21:32,2.28,4.23,113.77,81.334,28.91,102.223,2557
14/10:21:33,1.89,4.23,113.84,81.235,28.91,102.234,2558
14/10:21:33,1.27,4.23,113.89,81.147,28.91,102.245,2559
14/10:21:34,0.69,4.24,113.93,81.059,28.91,102.256,2560
14/10:21:34,0.53,4.24,113.97,80.806,28.91,102.267,2561
14/10:21:35,0.53,4.25,113.98,80.608,28.91,102.278,2562
14/10:21:35,0.53,4.26,113.98,80.465,28.91,102.289,2563
14/10:21:36,0.54,4.26,113.99,80.289,28.91,102.3,2564
14/10:21:36,0.54,4.26,114.0,80.135,28.91,102.311,2565
14/10:21:37,0.54,4.26,114.0,80.014,28.91,102.333,2566
14/10:21:37,0.55,4.26,114.01,79.904,28.91,102.344,2567
14/10:21:38,0.55,4.26,114.02,79.706,28.91,102.355,2568
14/10:21:39,0.55,4.26,114.03,79.53,28.91,102.366,2569
14/10:21:40,0.55,4.26,114.04,79.299,28.92,102.388,2570
14/10:21:40,0.55,4.27,114.06,79.343,28.92,102.41,2571
14/10:21:41,0.54,4.27,114.06,79.42,28.92,102.421,2572
14/10:21:42,0.54,4.27,114.06,79.167,28.92,102.443,2573
14/10:21:43,0.54,4.28,114.06,79.178,28.92,102.454,2574
14/10:21:43,0.54,4.3,114.07,79.178,28.92,102.465,2575
14/10:21:44,0.54,4.31,114.07,79.09,28.92,102.476,2576
14/10:21:44,0.54,4.36,114.08,78.859,28.92,102.498,2577
14/10:21:45,0.54,4.39,114.1,78.683,28.92,102.509,2578
14/10:21:46,0.54,4.42,114.1,78.584,28.92,102.52,2579
14/10:21:46,0.53,4.44,114.11,78.441,28.92,102.542,2580
14/10:21:47,0.53,4.45,114.12,78.265,28.92,102.553,2581
14/10:21:47,0.53,4.45,114.12,78.1,28.92,102.564,2582
14/10:21:48,0.53,4.45,114.13,78.045,28.92,102.575,2583
14/10:21:48,0.53,4.45,114.13,78.111,28.92,102.586,2584
14/10:21:50,0.53,4.45,114.13,78.177,28.93,102.608,2585
14/10:21:51,0.53,4.43,114.14,78.133,28.93,102.63,2586
14/10:21:51,0.53,4.43,114.15,78.111,28.93,102.641,2587
14/10:21:52,0.53,4.43,114.14,78.078,28.93,102.652,2588
14/10:21:52,0.53,4.43,114.14,77.979,28.93,102.663,2589
14/10:21:53,0.53,4.43,114.16,77.814,28.93,102.674,2590
14/10:21:53,0.55,4.43,114.16,77.693,28.93,102.685,2591
14/10:21:54,0.76,4.43,114.16,77.693,28.93,102.696,2592
14/10:21:54,2.56,4.44,114.03,77.759,28.93,102.707,2593
14/10:21:55,4.28,4.46,113.9,78.067,28.93,102.718,2594
14/10:21:55,5.43,4.46,113.78,78.353,28.93,102.729,2595
14/10:21:56,6.13,4.47,113.71,78.529,28.93,102.74,2596
14/10:21:56,6.92,4.48,113.63,78.562,28.93,102.751,2597
14/10:21:57,7.46,4.48,113.56,78.65,28.93,102.762,2598
14/10:21:57,7.97,4.48,113.5,78.694,28.93,102.773,2599
14/10:21:58,8.32,4.47,113.44,78.76,28.93,102.784,2600
14/10:21:58,7.04,4.47,113.49,78.859,28.93,102.795,2601
14/10:21:59,6.07,4.45,113.55,79.002,28.93,102.806,2602
14/10:21:59,5.63,4.45,113.57,79.332,28.93,102.817,2603
14/10:22:00,5.81,4.44,113.59,79.662,28.93,102.85,2604
14/10:22:01,5.96,4.43,113.59,79.86,28.93,102.861,2605
14/10:22:02,5.98,4.41,113.59,80.058,28.93,102.872,2606
14/10:22:02,6.03,4.42,113.59,80.366,28.93,102.883,2607
14/10:22:03,6.21,4.41,113.61,80.608,28.93,102.894,2608
14/10:22:03,5.49,4.41,113.68,80.553,28.93,102.905,2609
14/10:22:04,4.67,4.4,113.76,80.421,28.93,102.916,2610
14/10:22:04,3.65,4.4,113.83,80.322,28.93,102.916,2611
14/10:22:05,2.97,4.39,113.9,80.135,28.93,102.927,2612
14/10:22:06,2.36,4.4,113.95,79.915,28.93,102.949,2613
14/10:22:06,1.02,4.39,114.08,79.508,28.93,102.971,2614
14/10:22:07,0.53,4.38,114.14,79.332,28.93,102.982,2615
14/10:22:07,0.53,4.38,114.14,79.079,28.93,102.993,2616
14/10:22:08,0.53,4.38,114.15,78.782,28.93,103.004,2617
14/10:22:08,0.53,4.38,114.15,78.529,28.93,103.026,2618
14/10:22:09,0.53,4.36,114.16,78.32,28.93,103.037,2619
14/10:22:09,0.53,4.34,114.17,77.957,28.93,103.048,2620
14/10:22:10,0.53,4.15,114.15,77.649,28.93,103.059,2621
14/10:22:11,0.53,4.07,114.14,77.407,28.93,103.07,2622
14/10:22:11,0.53,4.05,114.14,77.242,28.93,103.081,2623
14/10:22:12,0.53,4.02,114.14,76.901,28.93,103.092,2624
14/10:22:13,0.53,3.97,114.14,76.527,28.93,103.114,2625
14/10:22:14,0.53,3.97,114.14,76.087,28.93,103.136,2626
14/10:22:14,0.53,4.18,114.15,75.779,28.94,103.147,2627
14/10:22:15,0.54,4.19,114.16,75.482,28.94,103.158,2628
14/10:22:15,0.53,4.2,114.17,75.273,28.94,103.169,2629
14/10:22:16,0.54,4.2,114.18,75.031,28.94,103.18,2630
14/10:22:16,0.54,4.21,114.19,74.778,28.94,103.191,2631
14/10:22:17,0.54,4.21,114.2,74.25,28.94,103.213,2632
14/10:22:18,0.53,4.21,114.21,74.03,28.94,103.224,2633
14/10:22:19,0.55,4.22,114.21,73.634,28.94,103.246,2634
14/10:22:19,0.62,4.22,114.22,73.458,28.94,103.257,2635
14/10:22:20,1.52,4.24,114.16,73.326,28.94,103.268,2636
14/10:22:21,3.47,4.22,114.01,73.414,28.94,103.279,2637
14/10:22:21,5.42,4.24,113.85,73.722,28.94,103.29,2638
14/10:22:22,7.16,4.25,113.67,74.074,28.94,103.301,2639
14/10:22:22,10.27,4.25,113.36,74.723,28.94,103.323,2640
14/10:22:23,12.01,4.26,113.22,74.987,28.94,103.334,2641
14/10:22:24,13.69,4.28,113.04,75.218,28.94,103.334,2642
14/10:22:25,11.09,4.3,113.15,75.526,28.93,103.378,2643
14/10:22:26,9.92,4.3,113.28,75.361,28.93,103.378,2644
14/10:22:26,8.7,4.33,113.37,75.284,28.93,103.4,2645
14/10:22:27,7.93,4.37,113.45,75.141,28.93,103.411,2646
14/10:22:27,7.39,4.38,113.5,75.086,28.93,103.411,2647
14/10:22:28,6.87,4.38,113.55,75.108,28.93,103.433,2648
14/10:22:28,6.81,4.39,113.56,75.328,28.93,103.433,2649
14/10:22:29,7.81,4.42,113.51,75.394,28.93,103.455,2650
14/10:22:30,8.66,4.45,113.43,75.548,28.93,103.466,2651
14/10:22:30,10.16,4.46,113.27,75.834,28.93,103.488,2652
14/10:22:31,10.59,4.45,113.24,75.9,28.93,103.499,2653
14/10:22:32,10.92,4.46,113.2,76.043,28.93,103.51,2654
14/10:22:32,11.39,4.47,113.15,76.329,28.92,103.521,2655
14/10:22:32,11.93,4.47,113.09,76.582,28.92,103.532,2656
14/10:22:33,12.3,4.51,113.02,76.802,28.92,103.543,2657
14/10:22:34,13.02,4.51,112.98,77.066,28.92,103.554,2658
14/10:22:34,13.47,4.54,112.93,77.308,28.92,103.565,2659
14/10:22:35,13.9,4.56,112.89,77.594,28.92,103.576,2660
14/10:22:35,13.93,4.56,112.87,77.891,28.92,103.587,2661
14/10:22:36,14.06,4.56,112.83,78.133,28.92,103.598,2662
14/10:22:36,14.09,4.56,112.83,78.375,28.91,103.609,2663
14/10:22:37,14.04,4.56,112.83,78.606,28.91,103.62,2664
14/10:22:37,14.04,4.53,112.83,78.771,28.91,103.631,2665
14/10:22:38,14.09,4.51,112.83,78.881,28.91,103.642,2666
14/10:22:39,14.17,4.48,112.84,78.903,28.91,103.653,2667
14/10:22:39,13.09,4.43,112.94,78.859,28.91,103.675,2668
14/10:22:40,12.44,4.42,113.01,78.804,28.91,103.686,2669
14/10:22:40,11.56,4.42,113.08,78.727,28.9,103.697,2670
14/10:22:41,10.33,4.41,113.18,78.617,28.9,103.708,2671
14/10:22:42,8.96,4.34,113.41,78.54,28.9,103.708,2672
14/10:22:43,5.36,3.69,114.21,79.145,28.9,103.741,2673
14/10:22:43,4.25,3.43,114.56,78.925,28.9,103.752,2674
14/10:22:43,3.06,3.05,115.02,78.529,28.9,103.763,2675
14/10:22:44,2.22,2.74,115.35,78.287,28.9,103.785,2676
14/10:22:45,1.62,2.36,115.73,78.089,28.9,103.796,2677
14/10:22:45,1.41,2.26,115.85,77.495,28.9,103.807,2678
14/10:22:46,1.27,2.5,115.63,76.769,28.9,103.818,2679
14/10:22:47,1.26,2.8,115.36,76.032,28.9,103.829,2680
14/10:22:47,1.18,3.43,114.79,75.251,28.9,103.851,2681
14/10:22:48,0.97,3.76,114.5,74.811,28.9,103.862,2682
14/10:22:49,0.53,4.3,114.1,73.865,28.9,103.895,2683
14/10:22:51,0.54,4.3,114.13,73.139,28.9,103.906,2684
14/10:22:51,0.56,4.3,114.14,72.798,28.91,103.928,2685
14/10:22:52,0.59,4.3,114.14,72.402,28.91,103.928,2686
14/10:22:52,0.65,4.3,114.14,72.072,28.91,103.939,2687
14/10:22:53,0.89,4.28,114.12,71.742,28.91,103.95,2688
14/10:22:53,2.5,4.28,114.01,71.654,28.91,103.961,2689
14/10:22:54,5.96,4.33,113.68,72.061,28.91,103.983,2690
14/10:22:55,7.59,4.33,113.52,72.193,28.91,103.994,2691
14/10:22:55,9.66,4.35,113.35,72.391,28.91,104.005,2692
14/10:22:56,11.28,4.35,113.19,72.589,28.91,104.016,2693
14/10:22:56,13.07,4.38,113.01,72.82,28.9,104.016,2694
14/10:22:57,14.51,4.39,112.86,73.084,28.9,104.027,2695
14/10:22:58,14.8,4.42,112.81,73.348,28.9,104.049,2696
14/10:22:58,14.69,4.41,112.79,73.59,28.9,104.06,2697
14/10:22:58,15.03,4.41,112.76,73.832,28.9,104.071,2698
14/10:22:59,14.94,4.31,112.75,74.074,28.9,104.082,2699
14/10:23:00,14.91,4.06,112.7,74.261,28.9,104.093,2700
14/10:23:00,14.92,4.04,112.68,74.481,28.89,104.104,2701
14/10:23:01,14.56,4.03,112.69,74.745,28.89,104.115,2702
14/10:23:01,14.2,4.01,112.71,74.954,28.89,104.126,2703
14/10:23:02,13.75,4.0,112.75,75.009,28.89,104.137,2704
14/10:23:02,13.34,4.01,112.79,75.108,28.89,104.148,2705
14/10:23:02,12.66,4.0,112.82,75.229,28.89,104.159,2706
14/10:23:03,12.13,4.22,112.89,75.262,28.89,104.17,2707
14/10:23:04,11.61,4.33,112.95,75.405,28.88,104.181,2708
14/10:23:04,11.07,4.33,113.0,75.592,28.88,104.192,2709
14/10:23:05,10.85,4.34,113.02,75.68,28.88,104.203,2710
14/10:23:05,10.95,4.35,113.04,75.768,28.88,104.214,2711
14/10:23:06,10.39,4.35,113.07,75.9,28.88,104.225,2712
14/10:23:07,8.74,4.35,113.21,75.724,28.88,104.247,2713
14/10:23:07,8.03,4.35,113.28,75.603,28.88,104.258,2714
14/10:23:08,7.47,4.37,113.36,75.515,28.88,104.269,2715
14/10:23:08,6.69,4.38,113.42,75.427,28.88,104.28,2716
14/10:23:09,5.81,4.37,113.49,75.251,28.88,104.291,2717
14/10:23:09,4.53,4.36,113.59,75.009,28.88,104.302,2718
14/10:23:10,3.65,4.36,113.69,74.844,28.88,104.313,2719
14/10:23:10,3.11,4.36,113.75,74.613,28.88,104.324,2720
14/10:23:11,2.71,4.36,113.81,74.261,28.88,104.335,2721
14/10:23:12,1.34,4.35,113.94,73.722,28.88,104.357,2722
14/10:23:13,0.46,3.81,114.65,74.184,28.88,104.379,2723
14/10:23:14,0.34,3.43,114.98,74.151,28.88,104.39,2724
14/10:23:14,0.26,3.06,115.34,73.788,28.88,104.401,2725
14/10:23:15,0.19,2.69,115.74,73.458,28.88,104.412,2726
14/10:23:15,0.12,2.38,116.02,73.205,28.88,104.423,2727
14/10:23:16,0.08,2.23,116.17,72.831,28.88,104.434,2728
14/10:23:16,0.1,2.28,116.09,72.127,28.88,104.445,2729
14/10:23:17,0.16,2.61,115.78,71.511,28.88,104.445,2730
14/10:23:18,0.23,2.93,115.49,71.258,28.88,104.456,2731
14/10:23:18,0.36,3.55,114.87,70.785,28.88,104.478,2732
14/10:23:19,0.43,3.88,114.56,70.576,28.88,104.489,2733
14/10:23:19,0.5,4.18,114.27,70.378,28.88,104.5,2734
14/10:23:20,0.54,4.34,114.13,70.169,28.88,104.511,2735
14/10:23:20,0.54,4.34,114.14,70.026,28.88,104.522,2736
14/10:23:21,0.54,4.34,114.14,69.784,28.88,104.533,2737
14/10:23:21,0.54,4.34,114.14,69.608,28.89,104.544,2738
14/10:23:22,0.54,4.34,114.15,69.421,28.89,104.555,2739
14/10:23:22,0.54,4.34,114.15,69.201,28.89,104.566,2740
14/10:23:24,0.53,4.37,114.15,68.772,28.89,104.588,2741
14/10:23:24,0.53,4.39,114.16,68.541,28.89,104.588,2742
14/10:23:24,0.53,4.41,114.16,68.354,28.89,104.599,2743
14/10:23:25,0.53,4.43,114.16,68.145,28.89,104.61,2744
14/10:23:26,0.53,4.44,114.17,67.925,28.89,104.621,2745
14/10:23:26,0.53,4.39,114.16,67.76,28.89,104.632,2746
14/10:23:27,0.52,4.4,114.17,67.375,28.89,104.654,2747
14/10:23:28,0.52,4.4,114.17,67.144,28.89,104.665,2748
14/10:23:29,0.52,4.4,114.17,66.957,28.89,104.676,2749
14/10:23:29,0.52,4.41,114.17,66.814,28.89,104.687,2750
14/10:23:29,0.52,4.41,114.17,66.539,28.89,104.687,2751
14/10:23:30,0.52,4.41,114.18,66.308,28.89,104.698,2752
14/10:23:31,0.52,4.48,114.19,66.121,28.89,104.709,2753
14/10:23:32,0.52,4.49,114.21,65.736,28.9,104.731,2754
14/10:23:32,0.52,4.48,114.22,65.56,28.9,104.742,2755
14/10:23:32,0.53,4.48,114.22,65.362,28.9,104.753,2756
14/10:23:33,0.53,4.48,114.22,65.186,28.9,104.764,2757
14/10:23:34,0.53,4.48,114.23,64.955,28.9,104.764,2758
14/10:23:34,0.53,4.48,114.22,64.702,28.9,104.775,2759
14/10:23:34,0.52,4.48,114.23,64.471,28.9,104.786,2760
14/10:23:35,0.52,4.48,114.21,64.097,28.9,104.797,2761
14/10:23:35,0.51,4.41,114.26,63.932,28.9,104.808,2762
14/10:23:36,0.44,4.11,114.56,64.009,28.9,104.808,2763
14/10:23:37,0.36,3.88,114.87,64.02,28.9,104.808,2764
14/10:23:37,0.28,3.64,115.1,63.756,28.9,104.83,2765
14/10:23:38,0.16,3.2,115.61,63.184,28.9,104.852,2766
14/10:23:39,0.12,3.06,115.8,62.788,28.9,104.863,2767
14/10:23:40,0.13,3.06,115.81,62.117,28.9,104.874,2768
14/10:23:40,0.22,3.44,115.43,61.061,28.9,104.885,2769
14/10:23:41,0.28,3.67,115.18,60.643,28.91,104.896,2770
14/10:23:41,0.35,3.9,114.96,60.192,28.91,104.907,2771
14/10:23:42,0.42,4.11,114.71,59.708,28.91,104.918,2772
14/10:23:42,0.48,4.34,114.46,59.356,28.91,104.929,2773
14/10:23:43,0.52,4.47,114.28,58.971,28.91,104.929,2774
14/10:23:43,0.52,4.45,114.28,58.575,28.91,104.94,2775
14/10:23:44,0.52,4.45,114.28,58.179,28.91,104.951,2776
14/10:23:45,0.52,4.45,114.3,57.772,28.91,104.962,2777
14/10:23:45,0.52,4.45,114.28,57.321,28.91,104.962,2778
14/10:23:46,0.51,4.45,114.28,56.452,28.91,104.984,2779
14/10:23:47,0.51,4.45,114.28,56.122,28.91,104.995,2780
14/10:23:47,0.51,4.46,114.3,55.803,28.91,104.995,2781
14/10:23:48,0.52,4.48,114.3,55.363,28.91,105.006,2782
14/10:23:49,0.52,4.48,114.3,54.714,28.91,105.028,2783
14/10:23:49,0.52,4.47,114.31,54.527,28.91,105.028,2784
14/10:23:50,0.52,4.47,114.31,54.164,28.91,105.039,2785
14/10:23:51,0.52,4.45,114.31,53.504,28.92,105.061,2786
14/10:23:51,0.54,4.44,114.31,53.339,28.92,105.061,2787
14/10:23:53,0.7,4.35,114.28,52.998,28.92,105.083,2788
14/10:23:53,0.95,4.38,114.28,52.877,28.92,105.083,2789
14/10:23:54,1.43,4.4,114.23,52.822,28.92,105.094,2790
14/10:23:54,2.06,4.43,114.17,52.778,28.92,105.105,2791
14/10:23:54,2.85,4.18,114.09,52.866,28.92,105.105,2792
14/10:23:55,3.34,4.13,114.03,53.009,28.92,105.116,2793
14/10:23:56,3.24,4.24,114.03,52.943,28.92,105.127,2794
14/10:23:57,3.14,4.23,114.03,52.8,28.92,105.127,2795
14/10:23:57,2.8,4.22,114.06,52.712,28.92,105.149,2796
14/10:23:58,2.14,4.18,114.12,52.646,28.92,105.16,2797
14/10:23:58,1.47,4.22,114.17,52.613,28.92,105.16,2798
14/10:23:59,0.79,4.4,114.26,52.635,28.92,105.171,2799
14/10:23:59,0.53,4.44,114.28,52.602,28.92,105.182,2800
14/10:24:00,0.53,4.36,114.28,52.558,28.92,105.182,2801
14/10:24:00,0.52,4.0,114.26,52.591,28.92,105.193,2802
14/10:24:01,0.52,3.89,114.24,52.569,28.92,105.204,2803
14/10:24:02,0.52,3.88,114.25,52.536,28.92,105.215,2804
14/10:24:02,0.52,3.9,114.25,52.426,28.92,105.215,2805
14/10:24:03,0.52,3.94,114.26,52.25,28.92,105.226,2806
14/10:24:03,0.53,3.91,114.26,52.14,28.92,105.237,2807
14/10:24:04,0.53,3.88,114.26,52.008,28.93,105.237,2808
14/10:24:04,0.53,3.96,114.26,51.843,28.93,105.248,2809
14/10:24:05,0.53,4.44,114.32,51.678,28.93,105.259,2810
14/10:24:06,0.53,4.36,114.33,51.634,28.93,105.27,2811
14/10:24:06,0.56,4.34,114.33,51.535,28.93,105.281,2812
14/10:24:07,1.42,4.33,114.27,51.491,28.93,105.281,2813
14/10:24:07,3.09,4.38,114.13,51.777,28.93,105.292,2814
14/10:24:08,4.76,4.36,113.98,52.239,28.93,105.303,2815
14/10:24:08,5.36,4.32,113.88,52.657,28.93,105.314,2816
14/10:24:09,5.36,4.3,113.87,52.778,28.93,105.314,2817
14/10:24:09,5.36,4.28,113.85,52.701,28.93,105.325,2818
14/10:24:11,5.32,4.36,113.85,52.382,28.93,105.336,2819
14/10:24:11,4.47,4.36,113.91,52.173,28.93,105.347,2820
14/10:24:11,2.8,4.24,114.06,52.041,28.93,105.358,2821
14/10:24:12,1.13,4.25,114.2,51.975,28.93,105.358,2822
14/10:24:13,0.53,4.28,114.3,51.931,28.93,105.369,2823
14/10:24:14,0.48,4.01,114.32,51.447,28.93,105.391,2824
14/10:24:14,0.41,3.86,114.05,51.051,28.93,105.391,2825
14/10:24:15,0.34,3.81,113.93,49.698,28.93,105.402,2826
14/10:24:15,0.28,3.72,113.94,49.214,28.93,105.402,2827
14/10:24:16,0.22,3.81,113.97,49.742,28.93,105.413,2828
14/10:24:16,0.2,3.81,113.98,49.753,28.93,105.424,2829
14/10:24:17,0.18,3.81,113.99,49.643,28.93,105.424,2830
14/10:24:17,0.16,3.72,113.98,49.489,28.93,105.435,2831
14/10:24:18,0.2,3.96,113.98,49.368,28.93,105.446,2832
14/10:24:19,0.28,4.15,114.38,49.181,28.94,105.457,2833
14/10:24:19,0.33,4.24,114.38,49.016,28.94,105.468,2834
14/10:24:20,0.37,4.24,114.35,48.862,28.94,105.468,2835
14/10:24:20,0.37,4.22,114.35,48.829,28.94,105.479,2836
14/10:24:21,0.37,4.13,114.33,48.741,28.94,105.49,2837
14/10:24:21,0.37,4.23,114.35,48.598,28.94,105.49,2838
14/10:24:22,0.37,4.23,114.36,48.4,28.94,105.501,2839
14/10:24:22,0.37,4.23,114.35,48.213,28.94,105.512,2840
14/10:24:24,0.38,4.12,114.33,47.861,28.94,105.523,2841
14/10:24:24,0.4,4.12,114.33,47.729,28.94,105.534,2842
14/10:24:25,1.22,4.06,114.27,47.41,28.94,105.545,2843
14/10:24:26,2.71,3.48,114.08,47.685,28.94,105.556,2844
14/10:24:27,3.44,3.1,113.95,47.85,28.94,105.567,2845
14/10:24:27,4.18,2.72,113.86,47.916,28.94,105.567,2846
14/10:24:28,5.02,2.63,113.79,48.026,28.94,105.578,2847
14/10:24:29,6.41,2.63,113.66,48.422,28.94,105.589,2848
14/10:24:30,6.57,2.73,113.63,48.653,28.94,105.6,2849
14/10:24:30,6.64,2.73,113.64,48.73,28.94,105.611,2850
14/10:24:31,6.64,2.91,113.64,48.796,28.94,105.622,2851
14/10:24:31,6.66,3.23,113.66,49.005,28.94,105.622,2852
14/10:24:32,6.63,3.28,113.64,49.192,28.94,105.633,2853
14/10:24:32,6.65,3.28,113.64,49.346,28.94,105.644,2854
14/10:24:33,6.64,3.18,113.61,49.478,28.94,105.644,2855
14/10:24:34,6.57,3.25,113.62,49.577,28.94,105.655,2856
14/10:24:34,6.55,3.51,113.64,49.753,28.94,105.666,2857
14/10:24:35,6.53,3.95,113.67,49.863,28.94,105.666,2858
14/10:24:35,6.53,4.19,113.7,50.039,28.93,105.677,2859
14/10:24:36,6.54,4.14,113.7,50.259,28.93,105.688,2860
14/10:24:36,6.54,4.11,113.71,50.358,28.93,105.688,2861
14/10:24:37,6.48,4.13,113.73,50.402,28.93,105.699,2862
14/10:24:37,6.5,4.19,113.74,50.545,28.93,105.71,2863
14/10:24:38,6.48,4.19,113.73,50.534,28.93,105.71,2864
14/10:24:38,6.49,4.17,113.73,50.699,28.93,105.721,2865
14/10:24:39,5.67,4.16,113.8,50.71,28.93,105.732,2866
14/10:24:39,4.71,4.17,113.87,50.589,28.93,105.732,2867
14/10:24:40,3.99,4.21,113.95,50.49,28.93,105.743,2868
14/10:24:40,3.2,4.21,114.0,50.281,28.93,105.754,2869
14/10:24:41,2.44,4.2,114.07,49.973,28.93,105.754,2870
14/10:24:42,1.7,4.2,114.14,49.852,28.93,105.765,2871
14/10:24:42,1.01,4.2,114.21,49.698,28.93,105.776,2872
14/10:24:42,0.48,4.2,114.26,49.478,28.93,105.776,2873
14/10:24:43,0.48,4.21,114.27,49.225,28.93,105.787,2874
14/10:24:44,0.48,4.2,114.28,48.829,28.94,105.798,2875
14/10:24:45,0.48,4.2,114.28,48.631,28.94,105.809,2876
14/10:24:45,0.48,4.2,114.3,48.345,28.94,105.82,2877
14/10:24:46,0.48,4.2,114.3,48.103,28.94,105.82,2878
14/10:24:46,0.48,4.21,114.3,47.993,28.94,105.831,2879
14/10:24:47,0.48,4.21,114.31,47.872,28.94,105.842,2880
14/10:24:48,0.5,4.21,114.31,47.707,28.94,105.842,2881
14/10:24:48,2.9,4.2,114.15,47.762,28.94,105.853,2882
14/10:24:49,4.49,4.19,114.0,48.158,28.94,105.864,2883
14/10:24:51,9.8,4.17,113.5,49.874,28.94,105.886,2884
14/10:24:51,11.27,4.18,113.33,50.435,28.94,105.897,2885
14/10:24:52,12.89,4.19,113.16,50.886,28.94,105.897,2886
14/10:24:52,13.82,4.24,113.05,51.414,28.93,105.908,2887
14/10:24:52,13.52,4.23,113.03,52.008,28.93,105.908,2888
14/10:24:53,12.43,4.26,113.09,52.349,28.93,105.908,2889
14/10:24:53,11.37,4.28,113.19,52.459,28.93,105.93,2890
14/10:24:54,10.27,4.28,113.27,52.525,28.93,105.941,2891
14/10:24:54,9.0,4.28,113.36,52.536,28.93,105.952,2892
14/10:24:55,8.03,4.28,113.47,52.525,28.93,105.952,2893
14/10:24:56,6.91,4.27,113.57,52.47,28.93,105.963,2894
14/10:24:56,5.63,4.23,113.69,52.393,28.93,105.974,2895
14/10:24:57,4.82,4.24,113.77,52.404,28.93,105.974,2896
14/10:24:57,5.0,4.24,113.8,52.47,28.93,105.985,2897
14/10:24:58,5.55,4.24,113.77,52.58,28.93,105.996,2898
14/10:24:58,6.18,4.24,113.72,52.723,28.93,105.996,2899
14/10:24:59,6.83,4.24,113.66,52.943,28.93,106.007,2900
14/10:24:59,7.46,4.24,113.59,53.262,28.93,106.018,2901
14/10:25:00,8.18,4.24,113.53,53.592,28.93,106.029,2902
14/10:25:01,8.83,4.24,113.46,53.911,28.93,106.029,2903
14/10:25:02,9.79,4.24,113.35,54.604,28.92,106.051,2904
14/10:25:02,9.99,4.24,113.33,54.912,28.92,106.051,2905
14/10:25:02,10.0,4.23,113.33,55.264,28.92,106.062,2906
14/10:25:03,10.01,4.23,113.32,55.55,28.92,106.073,2907
14/10:25:04,9.99,4.24,113.32,55.825,28.92,106.084,2908
14/10:25:04,10.03,4.21,113.31,56.067,28.92,106.084,2909
14/10:25:05,9.33,3.75,113.71,56.815,28.92,106.106,2910
14/10:25:06,8.93,3.51,113.91,57.112,28.92,106.117,2911
14/10:25:06,8.55,3.3,114.07,57.354,28.92,106.117,2912
14/10:25:07,8.09,3.27,114.1,57.431,28.92,106.128,2913
14/10:25:07,7.69,3.27,114.12,57.387,28.91,106.139,2914
14/10:25:08,7.31,3.27,114.16,57.453,28.91,106.15,2915
14/10:25:08,6.93,3.3,114.19,57.508,28.91,106.15,2916
14/10:25:09,6.97,3.53,113.99,57.618,28.91,106.161,2917
14/10:25:09,6.99,3.81,113.8,57.75,28.91,106.172,2918
14/10:25:11,7.1,4.2,113.53,57.97,28.91,106.194,2919
14/10:25:12,7.14,4.25,113.53,58.102,28.91,106.205,2920
14/10:25:12,7.13,4.26,113.51,58.124,28.91,106.216,2921
14/10:25:12,7.07,4.25,113.52,58.234,28.91,106.216,2922
14/10:25:13,7.07,4.25,113.53,58.355,28.91,106.216,2923
14/10:25:14,7.02,4.25,113.53,58.454,28.91,106.227,2924
14/10:25:14,7.0,4.26,113.52,58.476,28.91,106.249,2925
14/10:25:15,6.99,4.26,113.54,58.509,28.91,106.26,2926
14/10:25:15,7.0,4.26,113.55,58.63,28.91,106.271,2927
14/10:25:16,7.02,4.27,113.55,58.762,28.91,106.271,2928
14/10:25:16,6.84,4.17,113.68,58.916,28.91,106.282,2929
14/10:25:17,6.56,3.94,113.92,59.169,28.91,106.293,2930
14/10:25:17,6.16,3.75,114.14,59.389,28.91,106.304,2931
14/10:25:18,5.34,3.28,114.64,59.444,28.91,106.315,2932
14/10:25:19,4.98,3.07,114.86,59.433,28.91,106.326,2933
14/10:25:19,4.53,2.81,115.14,59.466,28.9,106.337,2934
14/10:25:20,4.27,2.67,115.28,59.444,28.9,106.348,2935
14/10:25:20,4.33,2.71,115.24,59.4,28.9,106.348,2936
14/10:25:21,4.32,2.68,115.2,59.422,28.9,106.359,2937
14/10:25:22,4.42,2.76,115.11,59.367,28.9,106.37,2938
14/10:25:22,4.81,2.96,114.9,59.191,28.9,106.381,2939
14/10:25:22,5.13,3.16,114.69,58.982,28.9,106.381,2940
14/10:25:23,6.47,3.56,114.22,59.059,28.9,106.403,2941
14/10:25:24,7.42,3.73,113.97,59.312,28.9,106.414,2942
14/10:25:25,8.28,3.91,113.7,59.499,28.9,106.425,2943
14/10:25:25,9.22,4.13,113.46,59.708,28.9,106.425,2944
14/10:25:26,10.02,4.27,113.28,59.917,28.9,106.436,2945
14/10:25:26,10.64,4.26,113.24,60.126,28.9,106.447,2946
14/10:25:27,11.13,4.26,113.18,60.401,28.9,106.458,2947
14/10:25:27,11.5,4.26,113.14,60.643,28.9,106.469,2948
14/10:25:28,11.65,4.27,113.11,60.874,28.9,106.469,2949
14/10:25:28,11.77,4.28,113.1,61.094,28.89,106.48,2950
14/10:25:29,11.95,4.28,113.09,61.424,28.89,106.491,2951
14/10:25:29,12.02,4.3,113.07,61.732,28.89,106.502,2952
14/10:25:30,12.31,4.3,113.05,62.04,28.89,106.513,2953
14/10:25:30,12.49,4.32,113.04,62.403,28.89,106.513,2954
14/10:25:31,12.73,4.32,113.0,62.656,28.89,106.524,2955
14/10:25:31,12.93,4.34,112.97,62.854,28.89,106.535,2956
14/10:25:32,13.08,4.34,112.97,63.008,28.89,106.546,2957
14/10:25:33,12.97,4.36,112.95,63.283,28.89,106.557,2958
14/10:25:34,11.83,4.35,113.04,63.591,28.88,106.579,2959
14/10:25:34,11.52,4.36,113.07,63.734,28.88,106.579,2960
14/10:25:35,11.34,4.35,113.07,63.932,28.88,106.59,2961
14/10:25:35,11.27,4.33,113.08,64.163,28.88,106.601,2962
14/10:25:36,11.32,4.32,113.06,64.383,28.88,106.612,2963
14/10:25:36,11.81,4.33,113.04,64.68,28.88,106.623,2964
14/10:25:37,12.78,4.33,112.97,64.878,28.88,106.634,2965
14/10:25:37,13.52,4.34,112.89,65.12,28.88,106.645,2966
14/10:25:38,13.83,4.34,112.85,65.428,28.87,106.645,2967
14/10:25:38,13.87,4.38,112.85,65.637,28.87,106.656,2968
14/10:25:39,13.72,4.42,112.88,65.725,28.87,106.667,2969
14/10:25:40,11.73,4.41,113.01,65.791,28.87,106.689,2970
14/10:25:40,10.81,4.42,113.1,65.846,28.87,106.7,2971
14/10:25:41,10.1,4.41,113.17,65.846,28.87,106.711,2972
14/10:25:41,10.11,4.42,113.17,65.89,28.87,106.722,2973
14/10:25:42,10.64,4.44,113.12,66.099,28.87,106.722,2974
14/10:25:43,11.33,4.44,113.07,66.363,28.86,106.733,2975
14/10:25:43,12.46,4.44,112.97,66.704,28.86,106.744,2976
14/10:25:44,13.67,4.46,112.86,67.056,28.86,106.755,2977
14/10:25:44,14.07,4.47,112.79,67.232,28.86,106.766,2978
14/10:25:45,14.23,4.48,112.77,67.276,28.86,106.777,2979
14/10:25:45,13.88,4.5,112.78,67.221,28.86,106.788,2980
14/10:25:46,12.61,4.47,112.87,67.111,28.86,106.799,2981
14/10:25:46,11.19,4.42,112.99,66.979,28.85,106.81,2982
14/10:25:47,9.97,4.43,113.1,66.935,28.85,106.81,2983
14/10:25:47,9.1,4.41,113.18,66.858,28.85,106.821,2984
14/10:25:48,9.18,4.36,113.2,66.814,28.85,106.832,2985
14/10:25:48,10.24,4.4,113.12,66.924,28.85,106.843,2986
14/10:25:49,12.47,4.42,112.91,67.353,28.85,106.865,2987
14/10:25:50,14.43,4.45,112.71,67.672,28.85,106.887,2988
14/10:25:51,14.33,4.44,112.69,67.551,28.85,106.898,2989
14/10:25:51,13.77,4.46,112.73,67.386,28.84,106.898,2990
14/10:25:52,12.61,4.47,112.82,67.243,28.84,106.909,2991
14/10:25:52,11.45,4.45,112.93,67.078,28.84,106.92,2992
14/10:25:53,10.34,4.48,113.04,67.012,28.84,106.931,2993
14/10:25:54,9.39,4.46,113.13,66.99,28.84,106.942,2994
14/10:25:54,8.74,4.47,113.19,67.001,28.84,106.953,2995
14/10:25:55,8.73,4.5,113.21,67.056,28.84,106.964,2996
14/10:25:55,9.34,4.53,113.17,67.133,28.84,106.975,2997
14/10:25:56,10.54,4.54,113.09,67.298,28.84,106.986,2998
14/10:25:56,11.59,4.52,113.0,67.551,28.84,106.997,2999
14/10:25:57,12.37,4.52,112.91,67.76,28.84,106.997,3000
14/10:25:58,12.77,4.49,112.85,68.211,28.83,107.008,3001
14/10:25:58,12.68,4.49,112.88,68.31,28.83,107.03,3002
14/10:25:59,12.78,4.46,112.87,68.354,28.83,107.041,3003
14/10:25:59,12.84,4.43,112.86,68.53,28.83,107.052,3004
14/10:26:00,12.69,4.44,112.86,68.684,28.83,107.063,3005
14/10:26:00,12.43,4.46,112.87,68.937,28.83,107.074,3006
14/10:26:01,12.15,4.46,112.88,69.179,28.83,107.085,3007
14/10:26:02,12.3,4.48,112.88,69.454,28.82,107.096,3008
14/10:26:02,13.53,4.46,112.79,69.696,28.82,107.107,3009
14/10:26:02,13.72,4.44,112.73,69.916,28.82,107.107,3010
14/10:26:03,13.19,4.45,112.75,70.092,28.82,107.118,3011
14/10:26:04,12.47,4.45,112.8,70.103,28.82,107.129,3012
14/10:26:04,11.87,4.45,112.84,70.158,28.82,107.14,3013
14/10:26:05,11.55,4.43,112.89,70.312,28.82,107.151,3014
14/10:26:06,10.6,4.39,112.98,70.62,28.82,107.173,3015
14/10:26:06,9.34,4.41,113.08,70.763,28.81,107.184,3016
14/10:26:07,9.1,4.41,113.13,70.73,28.81,107.195,3017
14/10:26:07,8.97,4.4,113.15,70.653,28.81,107.206,3018
14/10:26:08,8.69,4.37,113.19,70.587,28.81,107.217,3019
14/10:26:08,8.14,4.36,113.21,70.598,28.81,107.228,3020
14/10:26:09,7.4,4.13,113.26,70.587,28.81,107.239,3021
14/10:26:10,6.76,4.13,113.3,70.62,28.81,107.25,3022
14/10:26:10,6.52,4.1,113.35,70.631,28.81,107.261,3023
14/10:26:11,6.54,4.1,113.35,70.653,28.81,107.272,3024
14/10:26:12,6.57,4.1,113.36,70.62,28.81,107.283,3025
14/10:26:12,6.52,4.1,113.36,70.554,28.81,107.294,3026
14/10:26:13,6.59,4.13,113.38,70.532,28.81,107.305,3027
14/10:26:13,6.52,4.37,113.4,70.521,28.81,107.316,3028
14/10:26:13,6.49,4.37,113.42,70.466,28.81,107.316,3029
14/10:26:14,6.56,4.38,113.43,70.334,28.81,107.327,3030
14/10:26:15,6.57,4.38,113.42,70.29,28.81,107.349,3031
14/10:26:15,6.56,4.39,113.42,70.29,28.81,107.36,3032
14/10:26:16,6.59,4.39,113.43,70.246,28.81,107.371,3033
14/10:26:16,6.71,4.39,113.45,70.059,28.81,107.382,3034
14/10:26:17,6.79,4.38,113.44,70.004,28.81,107.393,3035
14/10:26:18,6.77,4.36,113.43,69.927,28.81,107.404,3036
14/10:26:19,6.69,4.37,113.43,69.905,28.8,107.426,3037
14/10:26:19,6.68,4.37,113.43,69.927,28.8,107.426,3038
14/10:26:19,6.7,4.36,113.43,69.839,28.8,107.437,3039
14/10:26:20,6.55,4.34,113.42,69.696,28.8,107.448,3040
14/10:26:20,6.51,4.33,113.42,69.597,28.8,107.459,3041
14/10:26:21,6.1,4.12,113.65,69.729,28.8,107.47,3042
14/10:26:21,6.0,3.91,113.87,70.004,28.8,107.481,3043
14/10:26:22,6.57,3.7,114.02,70.158,28.8,107.492,3044
14/10:26:22,7.44,3.48,114.13,70.334,28.8,107.503,3045
14/10:26:23,8.4,3.31,114.23,70.488,28.8,107.514,3046
14/10:26:24,9.45,3.32,114.1,70.422,28.8,107.525,3047
14/10:26:24,10.64,3.33,113.99,70.334,28.8,107.536,3048
14/10:26:25,12.19,3.44,113.82,70.554,28.8,107.547,3049
14/10:26:25,13.76,3.69,113.43,70.884,28.8,107.547,3050
14/10:26:26,14.39,3.97,113.15,71.093,28.8,107.569,3051
14/10:26:27,13.22,4.44,112.78,71.192,28.79,107.58,3052
14/10:26:27,12.47,4.48,112.81,71.181,28.79,107.591,3053
14/10:26:28,11.42,4.48,112.88,71.181,28.79,107.602,3054
14/10:26:28,10.4,4.46,112.99,71.082,28.79,107.613,3055
14/10:26:29,9.24,4.42,113.08,71.016,28.79,107.624,3056
14/10:26:30,8.11,4.32,113.26,71.159,28.79,107.635,3057
14/10:26:31,7.14,3.8,113.82,71.632,28.79,107.657,3058
14/10:26:31,6.83,3.61,114.03,71.643,28.79,107.668,3059
14/10:26:32,6.43,3.37,114.27,71.577,28.79,107.679,3060
14/10:26:32,6.09,3.19,114.49,71.522,28.79,107.69,3061
14/10:26:33,6.25,3.19,114.5,71.214,28.78,107.701,3062
14/10:26:33,6.19,3.18,114.5,70.884,28.78,107.712,3063
14/10:26:34,6.48,3.34,114.35,70.664,28.78,107.723,3064
14/10:26:34,6.85,3.56,114.14,70.587,28.78,107.734,3065
14/10:26:35,7.22,3.78,113.91,70.521,28.78,107.745,3066
14/10:26:35,7.62,4.05,113.64,70.455,28.78,107.756,3067
14/10:26:36,8.05,4.25,113.43,70.4,28.78,107.756,3068
14/10:26:37,8.38,4.39,113.25,70.257,28.78,107.778,3069
14/10:26:37,9.13,4.39,113.2,70.246,28.78,107.789,3070
14/10:26:39,10.75,4.36,113.03,70.554,28.78,107.811,3071
14/10:26:39,12.12,4.35,112.91,70.851,28.78,107.833,3072
14/10:26:40,12.96,4.36,112.83,70.994,28.78,107.844,3073
14/10:26:40,13.74,4.36,112.74,71.225,28.77,107.855,3074
14/10:26:41,13.37,4.36,112.75,71.368,28.77,107.866,3075
14/10:26:42,12.57,4.36,112.8,71.401,28.77,107.877,3076
14/10:26:42,11.72,4.37,112.87,71.412,28.77,107.888,3077
14/10:26:43,11.27,4.38,112.92,71.445,28.77,107.899,3078
14/10:26:44,10.83,4.39,112.95,71.522,28.77,107.921,3079
14/10:26:44,10.44,4.38,112.99,71.808,28.77,107.921,3080
14/10:26:45,10.67,4.35,112.96,71.962,28.77,107.932,3081
14/10:26:45,11.34,4.38,112.91,72.127,28.76,107.943,3082
14/10:26:46,11.94,4.38,112.86,72.325,28.76,107.954,3083
14/10:26:47,12.96,4.4,112.74,72.633,28.76,107.976,3084
14/10:26:47,12.84,4.38,112.72,72.699,28.76,107.987,3085
14/10:26:48,12.9,4.39,112.73,72.776,28.76,107.998,3086
14/10:26:48,12.73,4.39,112.72,72.853,28.76,108.009,3087
14/10:26:49,12.72,4.38,112.74,72.952,28.76,108.02,3088
14/10:26:49,12.57,4.37,112.76,72.963,28.75,108.031,3089
14/10:26:51,12.08,4.4,112.81,73.084,28.75,108.053,3090
14/10:26:51,11.96,4.33,112.82,73.194,28.75,108.064,3091
14/10:26:51,12.46,4.27,112.79,73.26,28.75,108.075,3092
14/10:26:52,12.9,4.27,112.75,73.359,28.75,108.086,3093
14/10:26:52,13.42,4.28,112.7,73.535,28.75,108.097,3094
14/10:26:53,14.01,4.31,112.64,73.733,28.75,108.108,3095
14/10:26:54,14.56,4.31,112.59,73.92,28.74,108.108,3096
14/10:26:54,15.14,4.3,112.53,74.118,28.74,108.13,3097
14/10:26:55,14.9,4.3,112.53,74.151,28.74,108.141,3098
14/10:26:56,13.38,4.43,112.64,74.096,28.74,108.163,3099
14/10:26:56,12.52,4.44,112.74,73.942,28.74,108.174,3100
14/10:26:57,11.49,4.37,112.83,73.821,28.74,108.185,3101
14/10:26:57,10.62,4.38,112.91,73.711,28.74,108.196,3102
14/10:26:58,9.71,4.38,113.01,73.48,28.73,108.207,3103
14/10:26:59,9.02,4.26,113.08,73.359,28.73,108.218,3104
14/10:26:59,9.09,4.27,113.09,73.37,28.73,108.229,3105
14/10:27:00,9.24,4.28,113.09,73.249,28.73,108.24,3106
14/10:27:00,9.63,4.3,113.07,73.161,28.73,108.251,3107
14/10:27:00,9.62,4.31,113.04,73.073,28.73,108.262,3108
14/10:27:01,9.92,4.35,113.0,73.04,28.73,108.273,3109
14/10:27:01,10.4,4.35,112.95,73.018,28.73,108.284,3110
14/10:27:02,10.9,4.34,112.91,73.084,28.73,108.295,3111
14/10:27:03,11.55,4.46,112.86,73.15,28.73,108.295,3112
14/10:27:03,12.79,4.43,112.74,73.436,28.72,108.317,3113
14/10:27:04,13.47,4.44,112.68,73.568,28.72,108.328,3114
14/10:27:05,13.68,4.44,112.65,73.689,28.72,108.339,3115
14/10:27:05,13.15,4.44,112.7,73.59,28.72,108.35,3116
14/10:27:06,12.26,4.43,112.78,73.337,28.72,108.361,3117
14/10:27:06,11.54,4.43,112.83,73.139,28.72,108.372,3118
14/10:27:07,10.83,4.43,112.89,73.029,28.72,108.383,3119
14/10:27:07,10.43,4.43,112.95,72.941,28.72,108.394,3120
14/10:27:08,9.73,4.41,113.0,72.908,28.72,108.405,3121
14/10:27:08,9.51,4.41,113.03,72.864,28.71,108.416,3122
14/10:27:09,9.85,4.39,113.01,72.798,28.71,108.416,3123
14/10:27:10,10.76,4.38,112.94,72.776,28.71,108.427,3124
14/10:27:10,11.45,4.39,112.87,72.765,28.71,108.449,3125
14/10:27:11,12.04,4.39,112.83,72.798,28.71,108.46,3126
14/10:27:11,12.55,4.4,112.78,72.908,28.71,108.471,3127
14/10:27:12,12.38,4.41,112.77,72.908,28.71,108.482,3128
14/10:27:12,12.04,4.41,112.8,72.754,28.71,108.493,3129
14/10:27:12,11.62,4.38,112.83,72.6,28.71,108.504,3130
14/10:27:13,11.65,4.39,112.83,72.512,28.71,108.515,3131
14/10:27:13,11.87,4.39,112.81,72.545,28.7,108.526,3132
14/10:27:15,12.17,4.36,112.76,72.677,28.7,108.548,3133
14/10:27:15,12.52,4.32,112.72,72.82,28.7,108.559,3134
14/10:27:16,13.32,4.32,112.65,72.908,28.7,108.57,3135
14/10:27:16,14.28,4.33,112.56,72.963,28.7,108.581,3136
14/10:27:17,14.06,4.32,112.55,72.941,28.7,108.592,3137
14/10:27:17,13.17,4.31,112.62,72.842,28.7,108.603,3138
14/10:27:18,11.98,4.3,112.7,72.721,28.69,108.614,3139
14/10:27:18,10.99,4.3,112.8,72.468,28.69,108.625,3140
14/10:27:19,9.76,4.28,112.92,72.259,28.69,108.636,3141
14/10:27:20,7.31,4.28,113.12,71.764,28.69,108.647,3142
14/10:27:21,6.22,4.28,113.25,71.467,28.69,108.658,3143
14/10:27:21,6.27,4.28,113.28,71.236,28.69,108.669,3144
14/10:27:21,7.07,4.28,113.22,71.247,28.69,108.68,3145
14/10:27:22,8.23,4.32,113.13,71.302,28.69,108.691,3146
14/10:27:23,9.31,4.34,113.03,71.39,28.69,108.702,3147
14/10:27:23,11.78,4.32,112.82,71.5,28.69,108.724,3148
14/10:27:25,14.14,4.17,112.57,71.83,28.68,108.746,3149
14/10:27:25,13.84,4.15,112.56,71.896,28.68,108.757,3150
14/10:27:26,13.18,4.13,112.61,71.742,28.68,108.768,3151
14/10:27:26,12.26,4.13,112.68,71.588,28.68,108.779,3152
14/10:27:27,11.47,4.1,112.77,71.456,28.68,108.79,3153
14/10:27:27,10.4,4.07,112.84,71.291,28.68,108.801,3154
14/10:27:28,9.37,4.06,112.92,71.17,28.68,108.812,3155
14/10:27:28,8.97,4.07,112.96,71.049,28.68,108.823,3156
14/10:27:29,9.13,4.28,112.97,71.126,28.68,108.834,3157
14/10:27:30,11.05,4.31,112.82,71.434,28.67,108.856,3158
14/10:27:31,12.11,4.32,112.73,71.533,28.67,108.856,3159
14/10:27:31,13.2,4.34,112.65,71.654,28.67,108.867,3160
14/10:27:31,14.33,4.36,112.56,71.797,28.67,108.878,3161
14/10:27:32,14.38,4.37,112.53,71.841,28.67,108.889,3162
14/10:27:32,13.78,4.37,112.59,71.731,28.67,108.9,3163
14/10:27:33,12.67,4.31,112.66,71.533,28.67,108.911,3164
14/10:27:34,11.73,4.33,112.77,71.346,28.67,108.922,3165
14/10:27:34,10.64,4.32,112.86,71.137,28.66,108.933,3166
14/10:27:35,9.62,4.3,112.95,71.005,28.66,108.944,3167
14/10:27:35,8.42,4.3,113.03,70.774,28.66,108.955,3168
14/10:27:36,8.22,4.32,113.11,70.488,28.66,108.977,3169
14/10:27:37,9.0,4.34,113.04,70.521,28.66,108.988,3170
14/10:27:37,10.02,4.33,112.93,70.686,28.66,108.999,3171
14/10:27:38,10.82,4.34,112.85,70.851,28.66,109.01,3172
14/10:27:38,12.03,4.37,112.76,70.961,28.66,109.021,3173
14/10:27:39,13.53,4.39,112.66,71.181,28.66,109.032,3174
14/10:27:39,14.3,4.37,112.55,71.39,28.66,109.032,3175
14/10:27:40,14.6,4.37,112.5,71.621,28.65,109.054,3176
14/10:27:40,13.69,4.35,112.53,71.544,28.65,109.054,3177
14/10:27:41,12.37,4.32,112.67,71.357,28.65,109.065,3178
14/10:27:42,11.23,4.32,112.79,71.071,28.65,109.076,3179
14/10:27:42,9.81,4.3,112.9,70.84,28.65,109.087,3180
14/10:27:43,8.56,4.25,113.02,70.708,28.65,109.098,3181
14/10:27:44,6.76,4.25,113.18,70.444,28.65,109.12,3182
14/10:27:44,6.87,4.24,113.2,70.477,28.65,109.131,3183
14/10:27:45,7.67,4.23,113.14,70.521,28.65,109.142,3184
14/10:27:45,8.95,4.22,113.04,70.521,28.65,109.153,3185
14/10:27:46,9.97,4.22,112.96,70.554,28.65,109.164,3186
14/10:27:46,11.1,4.23,112.84,70.741,28.64,109.175,3187
14/10:27:47,11.83,4.23,112.77,70.851,28.64,109.186,3188
14/10:27:47,12.41,4.21,112.7,70.961,28.64,109.197,3189
14/10:27:48,12.89,4.19,112.63,71.104,28.64,109.208,3190
14/10:27:48,13.22,4.26,112.6,71.225,28.64,109.208,3191
14/10:27:49,13.32,4.27,112.59,71.28,28.64,109.208,3192
14/10:27:50,12.83,4.27,112.61,71.225,28.64,109.23,3193
14/10:27:51,10.12,4.25,112.84,71.06,28.63,109.263,3194
14/10:27:52,9.42,4.27,112.92,71.082,28.63,109.285,3195
14/10:27:53,9.43,4.22,112.93,71.159,28.63,109.296,3196
14/10:27:53,9.48,4.19,112.92,71.225,28.63,109.307,3197
14/10:27:54,10.19,4.21,112.87,71.39,28.63,109.318,3198
14/10:27:54,11.05,4.07,112.77,71.566,28.63,109.329,3199
14/10:27:55,12.52,4.08,112.62,71.973,28.63,109.351,3200
14/10:27:56,12.72,3.75,112.57,72.083,28.63,109.362,3201
14/10:27:56,12.59,3.37,112.54,72.094,28.62,109.373,3202
14/10:27:57,12.43,3.37,112.54,72.204,28.62,109.384,3203
14/10:27:57,12.26,3.38,112.56,72.226,28.62,109.395,3204
14/10:27:58,11.88,3.39,112.59,72.281,28.62,109.406,3205
14/10:27:58,11.43,3.53,112.64,72.27,28.62,109.417,3206
14/10:27:59,11.26,3.54,112.66,72.281,28.62,109.428,3207
14/10:27:59,11.55,3.53,112.65,72.38,28.62,109.439,3208
14/10:28:00,11.97,3.92,112.65,72.512,28.62,109.439,3209
14/10:28:01,12.48,4.23,112.64,72.6,28.61,109.45,3210
14/10:28:02,12.69,4.2,112.61,72.754,28.61,109.472,3211
14/10:28:02,12.56,4.21,112.62,72.798,28.61,109.483,3212
14/10:28:03,12.59,4.24,112.62,72.82,28.61,109.494,3213
14/10:28:03,12.28,4.24,112.63,72.765,28.61,109.505,3214
14/10:28:04,12.08,4.25,112.67,72.754,28.61,109.516,3215
14/10:28:04,11.55,4.26,112.7,72.776,28.61,109.516,3216
14/10:28:05,11.1,4.28,112.74,72.831,28.6,109.527,3217
14/10:28:05,10.95,4.3,112.75,72.809,28.6,109.549,3218
14/10:28:06,11.02,4.31,112.75,72.82,28.6,109.56,3219
14/10:28:06,11.09,4.31,112.76,72.897,28.6,109.571,3220
14/10:28:07,11.62,4.28,112.72,73.062,28.6,109.593,3221
14/10:28:08,11.76,4.28,112.69,73.293,28.6,109.604,3222
14/10:28:09,12.37,4.28,112.66,73.535,28.6,109.626,3223
14/10:28:09,12.71,4.28,112.63,73.678,28.6,109.637,3224
14/10:28:10,12.92,4.28,112.62,73.854,28.59,109.648,3225
14/10:28:10,12.68,4.3,112.6,74.074,28.59,109.659,3226
14/10:28:11,12.11,4.32,112.66,74.217,28.59,109.67,3227
14/10:28:12,11.71,4.3,112.71,74.217,28.59,109.681,3228
14/10:28:12,10.56,4.3,112.77,74.217,28.59,109.703,3229
14/10:28:13,10.12,4.3,112.82,74.239,28.59,109.714,3230
14/10:28:14,9.76,4.28,112.87,74.36,28.59,109.725,3231
14/10:28:14,9.15,4.3,112.91,74.349,28.59,109.736,3232
14/10:28:15,9.09,4.28,112.93,74.316,28.59,109.747,3233
14/10:28:15,9.22,4.28,112.93,74.283,28.57,109.758,3234
14/10:28:16,9.14,4.3,112.93,74.371,28.57,109.769,3235
14/10:28:16,9.07,4.3,112.95,74.371,28.57,109.78,3236
14/10:28:17,9.09,4.3,112.96,74.448,28.57,109.791,3237
14/10:28:18,9.07,4.28,112.96,74.58,28.57,109.813,3238
14/10:28:19,9.8,4.32,112.92,74.657,28.57,109.835,3239
14/10:28:19,9.99,4.31,112.89,74.822,28.57,109.846,3240
14/10:28:20,10.37,4.32,112.86,74.932,28.57,109.857,3241
14/10:28:20,10.83,4.32,112.82,74.954,28.57,109.868,3242
14/10:28:21,11.12,4.33,112.79,75.075,28.57,109.879,3243
14/10:28:21,11.22,4.31,112.75,75.174,28.56,109.89,3244
14/10:28:22,11.62,4.32,112.73,75.251,28.56,109.901,3245
14/10:28:22,11.72,4.3,112.71,75.317,28.56,109.912,3246
14/10:28:23,11.59,4.28,112.7,75.482,28.56,109.923,3247
14/10:28:24,11.46,4.27,112.7,75.636,28.56,109.934,3248
14/10:28:24,11.63,4.26,112.69,75.713,28.56,109.934,3249
14/10:28:25,11.59,4.23,112.7,75.812,28.56,109.956,3250
14/10:28:25,11.52,4.23,112.69,75.856,28.56,109.967,3251
14/10:28:26,11.63,4.23,112.7,75.867,28.56,109.967,3252
14/10:28:26,11.69,4.21,112.69,75.944,28.56,109.989,3253
14/10:28:27,11.69,4.22,112.69,76.021,28.56,110.0,3254
14/10:28:28,11.9,4.23,112.69,76.076,28.56,110.022,3255
14/10:28:28,11.72,4.23,112.69,75.988,28.56,110.033,3256
14/10:28:29,11.76,4.26,112.7,75.856,28.56,110.044,3257
14/10:28:29,12.0,4.25,112.7,75.845,28.56,110.055,3258
14/10:28:30,12.15,4.25,112.7,75.878,28.56,110.066,3259
14/10:28:30,11.92,4.25,112.69,75.955,28.56,110.077,3260
14/10:28:31,11.69,4.25,112.7,75.966,28.55,110.088,3261
14/10:28:32,11.88,4.24,112.68,76.01,28.55,110.11,3262
14/10:28:33,11.94,4.22,112.68,76.12,28.55,110.121,3263
14/10:28:33,11.91,4.24,112.66,76.307,28.55,110.132,3264
14/10:28:33,11.69,4.23,112.66,76.285,28.55,110.143,3265
14/10:28:34,11.48,4.21,112.66,76.208,28.55,110.154,3266
14/10:28:35,11.54,4.23,112.66,76.208,28.55,110.165,3267
14/10:28:35,11.78,4.23,112.66,76.241,28.55,110.176,3268
14/10:28:36,11.93,4.04,112.65,76.329,28.54,110.187,3269
14/10:28:36,11.75,3.92,112.65,76.461,28.54,110.198,3270
14/10:28:37,11.7,3.94,112.65,76.472,28.54,110.209,3271
14/10:28:37,11.75,3.95,112.65,76.494,28.54,110.22,3272
14/10:28:38,11.99,3.97,112.66,76.615,28.54,110.231,3273
14/10:28:39,11.8,3.98,112.65,76.703,28.54,110.253,3274
14/10:28:39,11.62,4.1,112.66,76.615,28.54,110.264,3275
14/10:28:40,11.56,4.33,112.67,76.604,28.54,110.275,3276
14/10:28:40,11.73,4.33,112.68,76.659,28.53,110.286,3277
14/10:28:41,11.71,4.32,112.68,76.648,28.53,110.297,3278
14/10:28:41,11.52,4.32,112.67,76.626,28.53,110.308,3279
14/10:28:42,11.35,4.32,112.67,76.582,28.53,110.308,3280
14/10:28:43,11.5,4.33,112.67,76.373,28.53,110.33,3281
14/10:28:43,11.71,4.34,112.66,76.175,28.53,110.352,3282
14/10:28:44,11.52,4.34,112.64,76.131,28.53,110.363,3283
14/10:28:44,11.37,4.33,112.64,76.021,28.53,110.374,3284
14/10:28:45,11.32,4.34,112.65,75.911,28.53,110.385,3285
14/10:28:46,11.43,4.34,112.65,75.746,28.52,110.396,3286
14/10:28:46,11.68,4.34,112.63,75.636,28.52,110.407,3287
14/10:28:47,11.73,4.31,112.63,75.603,28.52,110.418,3288
14/10:28:47,11.46,4.3,112.64,75.57,28.52,110.429,3289
14/10:28:48,11.39,4.28,112.65,75.537,28.52,110.44,3290
14/10:28:48,11.4,4.27,112.65,75.515,28.52,110.451,3291
14/10:28:49,11.45,4.27,112.64,75.526,28.52,110.462,3292
14/10:28:49,11.5,4.26,112.64,75.691,28.52,110.473,3293
14/10:28:50,11.42,4.24,112.63,75.768,28.52,110.484,3294
14/10:28:50,11.17,4.24,112.63,75.713,28.51,110.495,3295
14/10:28:51,11.04,4.25,112.64,75.724,28.51,110.506,3296
14/10:28:51,11.18,4.26,112.64,75.757,28.51,110.517,3297
14/10:28:52,11.44,4.25,112.64,75.757,28.51,110.528,3298
14/10:28:52,11.52,4.26,112.64,75.922,28.51,110.539,3299
14/10:28:53,11.42,4.27,112.64,76.021,28.51,110.55,3300
14/10:28:53,11.39,4.26,112.65,75.966,28.51,110.561,3301
14/10:28:54,11.28,4.27,112.65,75.955,28.51,110.572,3302
14/10:28:55,11.38,4.27,112.65,76.043,28.51,110.583,3303
14/10:28:56,11.66,4.26,112.63,76.34,28.5,110.605,3304
14/10:28:56,11.56,4.26,112.62,76.516,28.5,110.616,3305
14/10:28:57,11.57,4.26,112.62,76.615,28.5,110.616,3306
14/10:28:57,11.55,4.25,112.62,76.736,28.5,110.627,3307
14/10:28:58,11.59,4.26,112.62,76.725,28.5,110.649,3308
14/10:28:58,11.65,4.24,112.63,76.747,28.5,110.66,3309
14/10:28:59,11.56,4.26,112.63,76.879,28.5,110.671,3310
14/10:28:59,11.32,4.27,112.65,76.978,28.5,110.682,3311
14/10:29:00,10.77,4.0,112.86,77.363,28.5,110.693,3312
14/10:29:01,10.1,3.48,113.38,77.803,28.49,110.715,3313
14/10:29:01,9.98,3.27,113.63,77.825,28.49,110.726,3314
14/10:29:02,9.87,3.04,113.85,77.836,28.49,110.737,3315
14/10:29:02,9.73,2.85,114.14,77.858,28.49,110.748,3316
14/10:29:03,9.64,2.6,114.35,77.88,28.49,110.77,3317
14/10:29:04,9.73,2.59,114.34,77.517,28.49,110.781,3318
14/10:29:04,10.08,2.86,114.12,77.176,28.49,110.781,3319
14/10:29:05,10.39,3.12,113.85,77.088,28.49,110.792,3320
14/10:29:05,10.63,3.38,113.62,77.099,28.49,110.814,3321
14/10:29:06,10.71,3.51,113.37,77.066,28.48,110.825,3322
14/10:29:06,10.83,3.68,113.09,77.121,28.48,110.836,3323
14/10:29:07,11.19,3.56,112.81,77.143,28.48,110.847,3324
14/10:29:07,11.62,3.53,112.56,77.198,28.48,110.858,3325
14/10:29:08,11.75,3.52,112.56,77.286,28.48,110.869,3326
14/10:29:09,11.79,3.54,112.54,77.385,28.48,110.88,3327
14/10:29:09,11.21,3.15,113.0,77.891,28.48,110.902,3328
14/10:29:10,10.87,3.02,113.26,77.957,28.48,110.913,3329
14/10:29:10,10.5,2.88,113.48,77.88,28.47,110.924,3330
14/10:29:11,9.78,2.98,113.82,77.748,28.47,110.935,3331
14/10:29:11,9.25,2.94,114.14,77.616,28.47,110.946,3332
14/10:29:12,9.07,2.69,114.37,77.561,28.47,110.957,3333
14/10:29:13,8.94,2.52,114.56,77.528,28.47,110.968,3334
14/10:29:13,9.02,2.49,114.53,77.374,28.47,110.979,3335
14/10:29:13,9.25,2.56,114.45,77.198,28.47,110.99,3336
14/10:29:14,9.67,2.81,114.21,76.857,28.47,111.001,3337
14/10:29:15,10.03,3.02,113.97,76.439,28.47,111.012,3338
14/10:29:15,10.39,3.24,113.72,76.472,28.47,111.023,3339
14/10:29:16,10.75,3.49,113.48,76.494,28.46,111.034,3340
14/10:29:16,11.08,3.7,113.27,76.56,28.46,111.045,3341
14/10:29:17,11.41,3.92,113.04,76.681,28.46,111.056,3342
14/10:29:18,11.91,4.34,112.65,76.769,28.46,111.078,3343
14/10:29:19,11.88,4.33,112.65,76.758,28.46,111.089,3344
14/10:29:19,11.8,4.33,112.64,76.67,28.46,111.111,3345
14/10:29:20,11.82,4.34,112.62,76.626,28.46,111.122,3346
14/10:29:20,11.69,4.34,112.64,76.56,28.45,111.133,3347
14/10:29:21,11.48,4.24,112.81,76.758,28.45,111.144,3348
14/10:29:21,11.19,4.03,113.07,77.055,28.45,111.155,3349
14/10:29:22,10.88,3.86,113.33,77.407,28.45,111.166,3350
14/10:29:22,10.73,3.68,113.62,77.418,28.45,111.177,3351
14/10:29:23,10.61,3.52,113.9,77.374,28.45,111.188,3352
14/10:29:23,10.41,3.34,114.16,77.396,28.45,111.199,3353
14/10:29:24,10.33,3.25,114.35,77.132,28.45,111.21,3354
14/10:29:25,10.4,3.26,114.34,76.593,28.45,111.221,3355
14/10:29:25,10.56,3.37,114.17,76.098,28.44,111.232,3356
14/10:29:26,10.73,3.56,113.91,76.087,28.44,111.243,3357
14/10:29:26,11.05,3.76,113.66,76.054,28.44,111.254,3358
14/10:29:27,11.32,3.95,113.37,76.032,28.44,111.265,3359
14/10:29:27,11.62,4.12,113.09,75.944,28.44,111.276,3360
14/10:29:28,11.76,4.31,112.77,75.922,28.44,111.287,3361
14/10:29:28,11.59,4.38,112.63,75.9,28.44,111.298,3362
14/10:29:30,11.54,4.39,112.63,75.878,28.44,111.342,3363
14/10:29:30,11.66,4.37,112.63,75.812,28.43,111.342,3364
14/10:29:31,11.72,4.37,112.62,75.856,28.43,111.353,3365
14/10:29:31,11.52,4.37,112.62,75.834,28.43,111.375,3366
14/10:29:32,11.43,4.38,112.59,75.834,28.43,111.386,3367
14/10:29:32,11.52,4.38,112.6,75.801,28.43,111.386,3368
14/10:29:33,11.8,4.37,112.61,75.823,28.43,111.408,3369
14/10:29:33,11.86,4.38,112.62,75.834,28.43,111.408,3370
14/10:29:34,11.68,4.38,112.6,75.669,28.43,111.43,3371
14/10:29:34,11.39,4.39,112.61,75.526,28.43,111.43,3372
14/10:29:35,11.4,4.37,112.62,75.372,28.42,111.452,3373
14/10:29:36,11.53,4.37,112.62,75.207,28.42,111.463,3374
14/10:29:36,11.52,4.36,112.62,75.251,28.42,111.463,3375
14/10:29:37,11.52,4.36,112.61,75.163,28.42,111.485,3376
14/10:29:37,11.5,4.36,112.59,75.086,28.42,111.496,3377
14/10:29:38,11.54,4.36,112.57,75.108,28.42,111.496,3378
14/10:29:39,11.65,4.36,112.57,74.888,28.42,111.529,3379
14/10:29:39,11.75,4.37,112.57,74.822,28.42,111.54,3380
14/10:29:40,11.72,4.37,112.57,74.855,28.41,111.54,3381
14/10:29:40,11.78,4.37,112.59,74.855,28.41,111.562,3382
14/10:29:41,11.72,4.37,112.6,74.855,28.41,111.573,3383
14/10:29:41,11.72,4.4,112.62,74.822,28.41,111.573,3384
14/10:29:42,11.62,4.35,112.62,74.8,28.41,111.595,3385
14/10:29:43,11.56,4.38,112.62,74.844,28.41,111.595,3386
14/10:29:43,11.68,4.42,112.63,75.053,28.41,111.617,3387
14/10:29:44,11.5,4.43,112.63,75.185,28.41,111.628,3388
14/10:29:45,11.53,4.45,112.64,75.251,28.41,111.639,3389
14/10:29:45,11.56,4.47,112.63,75.295,28.4,111.65,3390
14/10:29:46,11.67,4.51,112.62,75.328,28.4,111.672,3391
14/10:29:46,11.77,4.51,112.61,75.372,28.4,111.672,3392
14/10:29:47,11.77,4.5,112.61,75.548,28.4,111.683,3393
14/10:29:47,11.71,4.51,112.59,75.713,28.4,111.694,3394
14/10:29:48,11.71,4.51,112.59,75.746,28.4,111.705,3395
14/10:29:49,10.83,4.48,112.6,75.834,28.4,111.749,3396
14/10:29:50,9.68,4.48,112.71,75.713,28.39,111.749,3397
14/10:29:51,7.45,4.46,112.9,75.284,28.39,111.782,3398
14/10:29:51,5.99,4.45,113.04,74.965,28.39,111.782,3399
14/10:29:52,4.64,4.26,113.36,74.833,28.39,111.793,3400
14/10:29:52,3.36,4.02,113.72,74.91,28.39,111.804,3401
14/10:29:53,2.04,3.77,114.07,74.921,28.39,111.826,3402
14/10:29:54,1.25,3.54,114.37,74.712,28.39,111.826,3403
14/10:29:54,0.71,3.24,114.67,74.525,28.39,111.837,3404
14/10:29:54,0.41,3.14,114.8,74.206,28.39,111.848,3405
14/10:29:55,0.17,3.13,114.83,73.81,28.39,111.859,3406
14/10:29:56,0.17,3.12,114.84,73.491,28.4,111.87,3407
14/10:29:57,0.28,3.56,114.42,73.315,28.4,111.892,3408
14/10:29:57,0.36,3.63,114.2,73.205,28.4,111.903,3409
14/10:29:59,0.49,4.07,113.75,72.864,28.4,111.925,3410
14/10:29:59,0.51,4.15,113.69,72.754,28.4,111.936,3411
14/10:29:59,0.51,4.15,113.7,72.6,28.4,111.947,3412
14/10:30:00,0.51,4.14,113.7,72.446,28.4,111.958,3413
14/10:30:00,0.51,4.14,113.7,72.27,28.4,111.969,3414
14/10:30:01,0.51,4.14,113.71,71.973,28.4,111.98,3415
14/10:30:01,0.51,4.28,113.73,71.83,28.4,111.991,3416
14/10:30:02,0.51,4.3,113.75,71.654,28.4,112.002,3417
14/10:30:03,0.51,4.31,113.76,71.511,28.4,112.013,3418
14/10:30:03,0.54,4.31,113.77,71.291,28.4,112.024,3419
14/10:30:04,0.73,4.32,113.75,70.84,28.4,112.046,3420
14/10:30:04,1.59,4.32,113.71,70.686,28.4,112.057,3421
14/10:30:05,2.81,4.33,113.59,70.763,28.4,112.068,3422
14/10:30:06,4.01,4.33,113.47,70.917,28.4,112.068,3423
14/10:30:06,5.3,4.34,113.36,71.126,28.4,112.09,3424
14/10:30:07,6.64,4.34,113.24,71.412,28.4,112.09,3425
14/10:30:07,7.7,4.35,113.09,71.687,28.4,112.101,3426
14/10:30:08,9.15,4.31,112.99,71.995,28.4,112.112,3427
14/10:30:08,10.16,4.3,112.89,72.226,28.4,112.123,3428
14/10:30:09,10.52,4.3,112.84,72.468,28.4,112.134,3429
14/10:30:10,10.57,4.28,112.84,72.765,28.4,112.145,3430
14/10:30:10,10.52,4.3,112.84,72.963,28.4,112.156,3431
14/10:30:10,10.42,4.3,112.85,73.216,28.4,112.167,3432
14/10:30:11,9.79,4.28,112.9,73.348,28.4,112.178,3433
14/10:30:11,9.36,4.33,112.95,73.348,28.4,112.189,3434
14/10:30:12,8.69,4.35,113.0,73.392,28.4,112.2,3435
14/10:30:12,8.14,4.35,113.04,73.458,28.4,112.211,3436
14/10:30:13,7.56,4.35,113.08,73.491,28.39,112.222,3437
14/10:30:14,6.93,4.35,113.13,73.447,28.39,112.233,3438
14/10:30:14,6.33,4.33,113.17,73.469,28.39,112.244,3439
14/10:30:14,6.08,4.32,113.22,73.59,28.39,112.255,3440
14/10:30:15,6.12,4.32,113.23,73.744,28.39,112.266,3441
14/10:30:15,6.16,4.32,113.24,73.832,28.39,112.277,3442
14/10:30:16,6.18,4.31,113.25,73.975,28.39,112.288,3443
14/10:30:17,6.26,4.3,113.26,74.041,28.39,112.299,3444
14/10:30:17,6.17,4.3,113.25,74.008,28.39,112.31,3445
14/10:30:18,5.98,4.3,113.27,74.14,28.39,112.332,3446
14/10:30:19,5.61,4.28,113.31,74.107,28.39,112.343,3447
14/10:30:19,5.23,4.28,113.35,74.074,28.39,112.354,3448
14/10:30:20,4.7,4.28,113.36,74.008,28.39,112.365,3449
14/10:30:20,4.35,4.28,113.4,73.92,28.39,112.376,3450
14/10:30:21,3.93,4.28,113.44,73.865,28.39,112.387,3451
14/10:30:21,3.56,4.26,113.48,73.799,28.39,112.398,3452
14/10:30:22,3.12,4.24,113.51,73.678,28.39,112.409,3453
14/10:30:23,3.09,4.22,113.54,73.546,28.39,112.42,3454
14/10:30:23,3.1,4.2,113.54,73.458,28.39,112.431,3455
14/10:30:24,3.1,4.19,113.54,73.48,28.39,112.442,3456
14/10:30:24,3.18,4.19,113.55,73.469,28.39,112.453,3457
14/10:30:25,3.15,4.17,113.55,73.458,28.39,112.464,3458
14/10:30:25,3.15,4.16,113.55,73.469,28.39,112.475,3459
14/10:30:26,3.15,4.18,113.55,73.436,28.39,112.486,3460
14/10:30:26,3.13,4.2,113.56,73.469,28.39,112.497,3461
14/10:30:27,3.08,4.22,113.56,73.414,28.39,112.508,3462
14/10:30:27,3.1,4.24,113.56,73.403,28.39,112.508,3463
14/10:30:28,3.11,4.24,113.57,73.392,28.39,112.508,3464
14/10:30:29,3.1,4.25,113.56,73.326,28.39,112.53,3465
14/10:30:29,3.11,4.26,113.56,73.194,28.39,112.541,3466
14/10:30:30,3.08,4.25,113.57,73.117,28.39,112.552,3467
14/10:30:30,3.07,4.26,113.57,72.985,28.39,112.563,3468
14/10:30:31,3.11,4.26,113.56,72.787,28.39,112.585,3469
14/10:30:32,3.23,4.26,113.57,72.677,28.39,112.596,3470
14/10:30:32,3.08,4.26,113.56,72.6,28.39,112.607,3471
14/10:30:32,3.14,4.25,113.56,72.556,28.39,112.618,3472
14/10:30:33,3.16,4.25,113.56,72.578,28.39,112.629,3473
14/10:30:33,3.11,4.24,113.56,72.633,28.39,112.64,3474
14/10:30:34,3.24,4.23,113.56,72.743,28.4,112.651,3475
14/10:30:35,3.13,4.22,113.55,72.809,28.4,112.662,3476
14/10:30:35,3.21,4.21,113.53,72.985,28.4,112.673,3477
14/10:30:36,3.03,4.21,113.54,73.161,28.4,112.684,3478
14/10:30:36,2.77,4.21,113.57,73.304,28.4,112.695,3479
14/10:30:37,2.39,4.21,113.62,73.304,28.4,112.706,3480
14/10:30:37,2.08,4.2,113.66,73.337,28.4,112.717,3481
14/10:30:38,1.75,4.2,113.7,73.381,28.4,112.728,3482
14/10:30:38,1.4,4.2,113.73,73.458,28.4,112.739,3483
14/10:30:39,0.71,4.18,113.81,73.491,28.4,112.761,3484
14/10:30:40,0.5,4.16,113.84,73.48,28.4,112.772,3485
14/10:30:40,0.5,4.15,113.85,73.436,28.4,112.783,3486
14/10:30:41,0.5,4.15,113.85,73.392,28.4,112.794,3487
14/10:30:42,0.5,4.15,113.86,73.37,28.4,112.805,3488
14/10:30:42,0.5,4.15,113.86,73.26,28.4,112.816,3489
14/10:30:42,0.5,4.15,113.87,73.205,28.4,112.816,3490
14/10:30:43,0.5,4.16,113.88,73.073,28.4,112.827,3491
14/10:30:43,0.5,4.17,113.88,72.963,28.4,112.849,3492
14/10:30:44,0.51,4.19,113.88,72.82,28.4,112.86,3493
14/10:30:45,0.51,4.2,113.88,72.776,28.4,112.871,3494
14/10:30:45,0.5,4.2,113.89,72.82,28.4,112.893,3495
14/10:30:46,0.5,4.2,113.88,72.842,28.4,112.893,3496
14/10:30:47,0.5,4.2,113.89,72.897,28.41,112.904,3497
14/10:30:47,0.5,4.2,113.89,72.941,28.41,112.915,3498
14/10:30:48,0.5,4.2,113.91,73.04,28.41,112.926,3499
14/10:30:48,0.5,4.2,113.9,73.117,28.41,112.937,3500
14/10:30:49,0.5,4.21,113.91,73.216,28.41,112.948,3501
14/10:30:49,0.5,4.22,113.92,73.37,28.41,112.959,3502
14/10:30:50,0.5,4.22,113.93,73.458,28.41,112.97,3503
14/10:30:50,0.5,4.21,113.93,73.491,28.41,112.981,3504
14/10:30:51,0.5,4.2,113.92,73.568,28.41,113.003,3505
14/10:30:52,0.5,4.19,113.92,73.612,28.41,113.014,3506
14/10:30:52,0.5,4.19,113.92,73.634,28.41,113.025,3507
14/10:30:53,0.5,4.17,113.91,73.623,28.41,113.047,3508
14/10:30:55,0.5,4.17,113.94,73.601,28.41,113.069,3509
14/10:30:56,0.49,4.18,113.96,73.601,28.41,113.091,3510
14/10:30:56,0.49,4.1,113.96,73.634,28.41,113.102,3511
14/10:30:57,0.49,4.07,113.97,73.634,28.42,113.113,3512
14/10:30:57,0.49,4.06,113.96,73.634,28.42,113.124,3513
14/10:30:58,0.5,4.06,113.95,73.678,28.42,113.135,3514
14/10:30:59,0.54,4.06,113.95,73.656,28.42,113.146,3515
14/10:30:59,0.65,4.06,113.93,73.656,28.42,113.157,3516
14/10:30:59,1.27,3.95,113.99,73.942,28.42,113.168,3517
14/10:31:00,1.87,3.72,114.11,74.536,28.42,113.179,3518
14/10:31:00,2.56,3.59,114.24,75.251,28.42,113.19,3519
14/10:31:01,3.45,3.4,114.38,75.559,28.42,113.201,3520
14/10:31:02,3.84,3.27,114.43,75.768,28.42,113.212,3521
14/10:31:02,4.16,3.28,114.41,75.867,28.42,113.223,3522
14/10:31:02,4.37,3.28,114.38,75.823,28.42,113.234,3523
14/10:31:03,4.67,3.28,114.37,76.021,28.42,113.245,3524
14/10:31:04,4.33,3.45,114.24,76.197,28.42,113.256,3525
14/10:31:04,3.69,3.69,114.08,76.351,28.42,113.267,3526
14/10:31:05,2.65,3.98,113.93,76.417,28.42,113.278,3527
14/10:31:06,1.77,4.18,113.84,76.307,28.42,113.3,3528
14/10:31:06,1.5,4.17,113.87,76.329,28.42,113.311,3529
14/10:31:07,1.17,4.17,113.89,76.23,28.42,113.322,3530
14/10:31:08,0.5,4.21,113.95,76.087,28.42,113.344,3531
14/10:31:08,0.5,4.22,113.96,75.944,28.42,113.355,3532
14/10:31:09,0.49,4.24,113.97,75.746,28.42,113.366,3533
14/10:31:09,0.49,4.25,113.97,75.702,28.42,113.377,3534
14/10:31:10,0.49,4.26,113.97,75.504,28.42,113.388,3535
14/10:31:10,0.49,4.27,113.97,75.251,28.42,113.399,3536
14/10:31:11,0.49,4.28,113.99,74.701,28.42,113.421,3537
14/10:31:12,0.49,4.28,114.0,74.459,28.42,113.432,3538
14/10:31:12,0.49,4.28,113.99,74.36,28.42,113.443,3539
14/10:31:13,0.49,4.3,114.0,74.228,28.43,113.454,3540
14/10:31:14,0.49,4.3,114.0,74.03,28.43,113.465,3541
14/10:31:14,0.49,4.3,114.0,73.865,28.43,113.476,3542
14/10:31:14,0.48,4.3,114.01,73.799,28.43,113.487,3543
14/10:31:15,0.48,4.28,114.0,73.678,28.43,113.498,3544
14/10:31:16,0.49,4.28,114.01,73.513,28.43,113.509,3545
14/10:31:16,0.49,4.27,114.01,73.348,28.43,113.52,3546
14/10:31:17,0.49,4.26,114.01,73.194,28.43,113.531,3547
14/10:31:17,0.49,4.25,114.01,73.051,28.43,113.542,3548
14/10:31:18,0.49,4.24,114.02,72.886,28.43,113.553,3549
14/10:31:18,0.49,4.24,114.01,72.721,28.43,113.564,3550
14/10:31:19,0.51,4.23,114.01,72.446,28.43,113.575,3551
14/10:31:19,0.55,4.23,114.01,72.204,28.43,113.586,3552
14/10:31:20,0.66,4.23,114.0,71.984,28.43,113.586,3553
14/10:31:20,1.28,4.22,113.95,71.753,28.43,113.608,3554
14/10:31:21,3.08,4.24,113.82,71.808,28.43,113.608,3555
14/10:31:21,4.74,4.24,113.64,72.05,28.43,113.608,3556
14/10:31:22,6.81,4.26,113.47,72.347,28.43,113.63,3557
14/10:31:22,9.14,4.27,113.26,72.721,28.43,113.641,3558
14/10:31:23,10.7,4.26,113.1,72.93,28.43,113.652,3559
14/10:31:23,12.21,4.26,112.94,73.095,28.43,113.663,3560
14/10:31:24,13.61,4.28,112.8,73.249,28.43,113.674,3561
14/10:31:25,11.74,4.26,112.93,73.271,28.43,113.696,3562
14/10:31:26,10.41,4.26,113.04,73.216,28.42,113.718,3563
14/10:31:27,10.22,4.27,113.07,73.304,28.42,113.729,3564
14/10:31:27,9.68,4.28,113.09,73.381,28.42,113.74,3565
14/10:31:29,9.55,4.31,113.12,73.48,28.42,113.762,3566
14/10:31:29,11.35,4.28,112.96,73.557,28.42,113.784,3567
14/10:31:30,11.39,4.28,112.94,73.524,28.42,113.795,3568
14/10:31:30,11.15,4.27,112.95,73.557,28.42,113.806,3569
14/10:31:31,10.75,4.26,112.96,73.656,28.42,113.817,3570
14/10:31:32,10.22,4.23,113.0,73.843,28.41,113.839,3571
14/10:31:32,9.39,4.21,113.05,73.953,28.41,113.85,3572
14/10:31:33,8.71,4.2,113.1,74.008,28.41,113.861,3573
14/10:31:33,8.33,4.2,113.14,74.151,28.41,113.872,3574
14/10:31:34,8.27,4.2,113.15,74.239,28.41,113.883,3575
14/10:31:34,7.81,4.2,113.19,74.393,28.41,113.894,3576
14/10:31:35,7.12,4.19,113.24,74.525,28.41,113.905,3577
14/10:31:36,6.6,4.19,113.28,74.47,28.41,113.916,3578
14/10:31:36,6.53,4.21,113.31,74.481,28.41,113.916,3579
14/10:31:37,6.03,4.22,113.35,74.536,28.41,113.927,3580
14/10:31:37,5.42,4.08,113.39,74.481,28.41,113.949,3581
14/10:31:38,4.85,4.07,113.45,74.415,28.41,113.96,3582
14/10:31:38,4.3,4.06,113.48,74.426,28.41,113.971,3583
14/10:31:39,4.3,4.06,113.49,74.459,28.41,113.982,3584
14/10:31:39,4.26,4.06,113.48,74.426,28.41,113.993,3585
14/10:31:40,4.19,4.06,113.5,74.349,28.41,114.004,3586
14/10:31:40,4.14,4.05,113.5,74.393,28.41,114.015,3587
14/10:31:41,4.03,4.16,113.52,74.404,28.41,114.026,3588
14/10:31:41,3.68,4.2,113.55,74.283,28.41,114.037,3589
14/10:31:42,3.3,4.21,113.59,74.129,28.41,114.048,3590
14/10:31:42,2.88,4.21,113.65,74.052,28.41,114.059,3591
14/10:31:43,2.41,4.21,113.7,73.92,28.41,114.07,3592
14/10:31:44,1.55,4.21,113.8,73.425,28.41,114.081,3593
14/10:31:44,1.04,4.21,113.86,73.282,28.41,114.092,3594
14/10:31:45,0.7,4.05,113.88,73.139,28.41,114.114,3595
14/10:31:46,0.51,4.04,113.9,73.018,28.41,114.114,3596
14/10:31:46,0.51,4.05,113.91,72.897,28.41,114.125,3597
14/10:31:47,0.5,4.04,113.91,72.655,28.41,114.136,3598
14/10:31:47,0.5,4.04,113.92,72.446,28.41,114.147,3599
14/10:31:48,0.5,4.05,113.93,72.435,28.41,114.158,3600
14/10:31:48,0.5,4.05,113.93,72.479,28.41,114.169,3601
14/10:31:49,0.5,4.07,113.92,72.512,28.41,114.18,3602
14/10:31:49,0.5,4.21,113.95,72.424,28.42,114.191,3603
14/10:31:50,0.5,4.21,113.95,72.424,28.42,114.202,3604
14/10:31:50,0.5,4.21,113.96,72.413,28.42,114.213,3605
14/10:31:51,0.5,4.21,113.96,72.358,28.42,114.224,3606
14/10:31:51,0.5,4.2,113.96,72.27,28.42,114.235,3607
14/10:31:52,0.5,4.2,113.96,72.303,28.42,114.246,3608
14/10:31:52,0.5,4.2,113.97,72.226,28.42,114.257,3609
14/10:31:53,0.5,4.2,113.98,72.16,28.42,114.268,3610
14/10:31:53,0.5,4.2,113.98,72.094,28.42,114.279,3611
14/10:31:54,0.5,4.2,113.98,72.094,28.42,114.29,3612
14/10:31:55,0.5,4.2,113.98,72.072,28.42,114.301,3613
14/10:31:55,0.5,4.21,113.99,72.094,28.42,114.312,3614
14/10:31:56,0.5,4.22,113.99,72.259,28.42,114.334,3615
14/10:31:57,0.5,4.21,113.99,72.336,28.42,114.345,3616
14/10:31:57,0.5,3.93,113.97,72.424,28.42,114.356,3617
14/10:31:58,0.49,3.84,113.96,72.512,28.42,114.356,3618
14/10:31:58,0.49,3.84,113.96,72.666,28.42,114.378,3619
14/10:31:59,0.5,3.83,113.95,72.754,28.42,114.378,3620
14/10:31:59,0.5,3.83,113.96,72.787,28.42,114.389,3621
14/10:32:00,0.5,3.83,113.95,72.853,28.43,114.4,3622
14/10:32:01,0.5,3.83,113.95,72.853,28.43,114.411,3623
14/10:32:01,0.5,3.83,113.95,72.798,28.43,114.422,3624
14/10:32:01,0.5,4.2,113.98,72.71,28.43,114.433,3625
14/10:32:02,0.5,4.21,113.99,72.611,28.43,114.444,3626
14/10:32:02,0.5,4.22,113.99,72.512,28.43,114.455,3627
14/10:32:03,0.5,4.22,114.0,72.38,28.43,114.466,3628
14/10:32:04,0.5,4.23,114.0,72.248,28.43,114.477,3629
14/10:32:04,0.5,4.23,114.01,72.05,28.43,114.488,3630
14/10:32:05,0.51,4.24,114.02,71.83,28.43,114.499,3631
14/10:32:05,0.51,4.25,114.03,71.665,28.43,114.51,3632
14/10:32:06,0.51,4.25,114.02,71.588,28.43,114.521,3633
14/10:32:06,0.5,4.26,114.04,71.489,28.43,114.532,3634
14/10:32:07,0.5,4.25,114.04,71.302,28.43,114.554,3635
14/10:32:08,0.5,4.07,114.04,71.104,28.43,114.565,3636
14/10:32:08,0.5,4.02,114.03,70.994,28.43,114.576,3637
14/10:32:09,0.5,4.01,114.03,70.796,28.43,114.587,3638
14/10:32:09,0.5,3.9,114.03,70.642,28.43,114.598,3639
14/10:32:10,0.52,3.9,114.03,70.367,28.44,114.598,3640
14/10:32:10,0.61,3.88,114.02,70.081,28.44,114.609,3641
14/10:32:11,1.19,3.69,113.97,69.883,28.44,114.62,3642
14/10:32:11,2.46,3.68,113.84,69.751,28.44,114.631,3643
14/10:32:12,3.76,3.88,113.71,69.762,28.44,114.642,3644
14/10:32:12,5.23,3.92,113.57,69.916,28.44,114.653,3645
14/10:32:13,6.68,3.92,113.46,70.136,28.44,114.664,3646
14/10:32:14,7.93,4.05,113.33,70.323,28.44,114.675,3647
14/10:32:14,9.24,4.06,113.19,70.587,28.44,114.686,3648
14/10:32:15,10.57,4.1,113.07,70.84,28.43,114.697,3649
14/10:32:15,11.53,4.3,112.99,71.159,28.43,114.708,3650
14/10:32:15,11.08,4.32,113.0,71.412,28.43,114.708,3651
14/10:32:16,10.48,4.33,113.04,71.511,28.43,114.73,3652
14/10:32:17,10.25,4.33,113.1,71.489,28.43,114.741,3653
14/10:32:17,9.88,4.32,113.11,71.489,28.43,114.752,3654
14/10:32:18,9.89,4.35,113.1,71.742,28.43,114.763,3655
14/10:32:18,9.97,4.36,113.11,71.94,28.43,114.774,3656
14/10:32:19,9.9,4.38,113.11,72.072,28.43,114.774,3657
14/10:32:19,10.4,4.39,113.08,72.259,28.43,114.785,3658
14/10:32:20,10.99,4.4,113.02,72.501,28.43,114.796,3659
14/10:32:20,11.73,4.41,112.95,72.721,28.42,114.807,3660
14/10:32:21,12.23,4.41,112.89,72.974,28.42,114.818,3661
14/10:32:21,12.49,4.41,112.86,73.249,28.42,114.829,3662
14/10:32:22,12.85,4.38,112.83,73.535,28.42,114.84,3663
14/10:32:23,12.87,4.37,112.8,73.799,28.42,114.851,3664
14/10:32:23,13.01,4.34,112.78,74.063,28.42,114.862,3665
14/10:32:23,13.0,4.33,112.77,74.371,28.42,114.873,3666
14/10:32:24,13.01,4.33,112.76,74.646,28.42,114.884,3667
14/10:32:25,12.99,4.34,112.75,74.888,28.41,114.906,3668
14/10:32:26,12.9,4.35,112.74,75.075,28.41,114.917,3669
14/10:32:26,12.98,4.34,112.75,75.218,28.41,114.928,3670
14/10:32:27,12.97,4.35,112.73,75.284,28.41,114.939,3671
14/10:32:27,12.81,4.36,112.72,75.394,28.41,114.95,3672
14/10:32:28,12.84,4.36,112.73,75.46,28.41,114.961,3673
14/10:32:28,12.92,4.36,112.72,75.658,28.41,114.972,3674
14/10:32:29,12.97,4.36,112.7,75.856,28.4,114.983,3675
14/10:32:29,13.01,4.36,112.71,75.955,28.4,114.994,3676
14/10:32:30,13.06,4.36,112.69,76.098,28.4,115.005,3677
14/10:32:31,12.91,4.35,112.68,76.23,28.4,115.016,3678
14/10:32:31,12.99,4.33,112.67,76.329,28.4,115.016,3679
14/10:32:32,13.14,4.32,112.66,76.516,28.4,115.027,3680
14/10:32:32,13.19,4.33,112.65,76.714,28.4,115.049,3681
14/10:32:32,13.25,4.33,112.64,76.945,28.4,115.06,3682
14/10:32:33,12.55,4.32,112.69,77.022,28.39,115.071,3683
14/10:32:34,10.87,4.31,112.82,76.989,28.39,115.082,3684
14/10:32:34,7.82,4.31,113.12,76.516,28.39,115.104,3685
14/10:32:35,6.37,4.31,113.27,76.164,28.39,115.115,3686
14/10:32:36,4.71,4.3,113.43,75.867,28.39,115.126,3687
14/10:32:36,2.95,4.28,113.56,75.592,28.39,115.137,3688
14/10:32:37,1.05,4.28,113.77,75.262,28.39,115.148,3689
14/10:32:37,0.51,4.28,113.85,75.009,28.39,115.159,3690
14/10:32:38,0.56,4.28,113.87,74.723,28.39,115.17,3691
14/10:32:38,0.67,4.3,113.87,74.437,28.39,115.181,3692
14/10:32:39,3.15,4.32,113.69,74.25,28.39,115.203,3693
14/10:32:40,4.43,4.33,113.56,74.448,28.39,115.214,3694
14/10:32:40,5.33,4.34,113.46,74.58,28.39,115.225,3695
14/10:32:41,6.46,4.35,113.37,74.569,28.39,115.236,3696
14/10:32:41,7.28,4.36,113.28,74.569,28.39,115.247,3697
14/10:32:42,7.99,4.36,113.18,74.69,28.39,115.258,3698
14/10:32:42,8.62,4.37,113.13,74.602,28.39,115.269,3699
14/10:32:43,8.52,4.38,113.14,74.459,28.39,115.28,3700
14/10:32:44,7.86,4.37,113.18,74.459,28.39,115.291,3701
14/10:32:44,7.56,4.37,113.22,74.459,28.39,115.302,3702
14/10:32:45,7.7,4.38,113.22,74.36,28.39,115.313,3703
14/10:32:45,7.6,4.37,113.22,74.228,28.39,115.324,3704
14/10:32:46,7.96,4.35,113.22,73.975,28.39,115.346,3705
14/10:32:47,7.48,4.34,113.24,73.392,28.39,115.368,3706
14/10:32:48,7.84,4.34,113.24,73.216,28.39,115.379,3707
14/10:32:48,8.08,4.32,113.2,73.139,28.39,115.39,3708
14/10:32:49,8.52,4.28,113.17,73.04,28.39,115.401,3709
14/10:32:49,8.89,4.28,113.13,72.864,28.38,115.412,3710
14/10:32:50,9.07,4.28,113.09,72.655,28.38,115.423,3711
14/10:32:50,9.47,4.26,113.05,72.369,28.38,115.434,3712
14/10:32:51,10.08,4.25,113.0,72.16,28.38,115.445,3713
14/10:32:51,10.6,4.24,112.94,71.918,28.38,115.456,3714
14/10:32:52,10.57,4.21,112.91,71.687,28.38,115.467,3715
14/10:32:52,10.72,3.94,112.87,71.357,28.38,115.478,3716
14/10:32:53,10.59,3.94,112.85,70.994,28.38,115.489,3717
14/10:32:53,10.75,3.93,112.83,70.708,28.38,115.5,3718
14/10:32:54,10.82,3.94,112.82,70.488,28.38,115.511,3719
14/10:32:55,10.88,3.96,112.81,70.334,28.38,115.522,3720
14/10:32:55,11.04,3.97,112.81,70.125,28.37,115.522,3721
14/10:32:56,11.38,3.96,112.78,70.004,28.37,115.533,3722
14/10:32:56,11.96,4.09,112.73,69.971,28.37,115.544,3723
14/10:32:57,12.39,4.28,112.71,69.993,28.37,115.555,3724
14/10:32:57,12.53,4.28,112.68,69.96,28.37,115.566,3725
14/10:32:58,12.47,4.28,112.67,69.872,28.37,115.577,3726
14/10:32:58,12.37,4.27,112.68,69.608,28.37,115.588,3727
14/10:32:59,12.27,4.27,112.68,69.41,28.37,115.599,3728
14/10:32:59,11.94,4.26,112.7,69.234,28.37,115.61,3729
14/10:33:00,11.44,4.25,112.73,68.992,28.36,115.621,3730
14/10:33:00,11.07,4.25,112.76,68.805,28.36,115.632,3731
14/10:33:01,11.07,4.25,112.77,68.684,28.36,115.643,3732
14/10:33:01,11.5,4.26,112.74,68.563,28.36,115.643,3733
14/10:33:02,12.97,4.26,112.61,68.486,28.36,115.665,3734
14/10:33:03,13.64,4.27,112.55,68.508,28.36,115.676,3735
14/10:33:03,14.34,4.27,112.49,68.486,28.36,115.687,3736
14/10:33:04,14.83,4.27,112.44,68.288,28.35,115.698,3737
14/10:33:04,14.73,4.27,112.43,68.035,28.35,115.709,3738
14/10:33:05,13.89,4.28,112.48,67.76,28.35,115.72,3739
14/10:33:06,11.66,4.26,112.68,67.089,28.35,115.742,3740
14/10:33:07,10.36,4.27,112.8,66.484,28.35,115.753,3741
14/10:33:08,10.21,4.28,112.81,66.22,28.35,115.764,3742
14/10:33:08,10.04,4.32,112.83,66.044,28.35,115.775,3743
14/10:33:09,10.64,4.31,112.8,65.879,28.34,115.786,3744
14/10:33:10,11.59,4.32,112.72,65.791,28.34,115.797,3745
14/10:33:10,12.56,4.28,112.64,65.747,28.34,115.808,3746
14/10:33:10,12.95,4.3,112.6,65.648,28.34,115.808,3747
14/10:33:11,13.09,4.32,112.57,65.373,28.34,115.808,3748
14/10:33:12,12.8,4.32,112.61,65.208,28.34,115.83,3749
14/10:33:12,12.47,4.31,112.63,64.944,28.34,115.841,3750
14/10:33:12,12.12,4.3,112.66,64.669,28.34,115.852,3751
14/10:33:13,11.53,4.31,112.7,64.394,28.34,115.863,3752
14/10:33:14,10.97,4.28,112.76,64.185,28.33,115.874,3753
14/10:33:14,10.68,4.36,112.8,63.767,28.33,115.885,3754
14/10:33:15,11.13,4.35,112.75,63.701,28.33,115.896,3755
14/10:33:16,11.88,4.33,112.71,63.723,28.33,115.907,3756
14/10:33:16,12.43,4.35,112.64,63.745,28.33,115.918,3757
14/10:33:17,13.08,4.34,112.56,63.745,28.33,115.929,3758
14/10:33:17,13.6,4.37,112.51,63.723,28.33,115.94,3759
14/10:33:18,13.63,4.37,112.49,63.701,28.33,115.951,3760
14/10:33:18,13.61,4.35,112.48,63.459,28.32,115.951,3761
14/10:33:19,13.17,4.32,112.51,63.206,28.32,115.962,3762
14/10:33:19,12.6,4.33,112.55,63.008,28.32,115.973,3763
14/10:33:20,11.78,4.36,112.6,62.854,28.32,115.984,3764
14/10:33:20,11.09,4.35,112.68,62.634,28.32,115.995,3765
14/10:33:21,10.43,4.04,112.74,62.381,28.32,116.006,3766
14/10:33:22,10.77,4.05,112.71,62.315,28.32,116.017,3767
14/10:33:22,11.05,4.04,112.69,62.216,28.32,116.028,3768
14/10:33:23,11.28,4.06,112.65,62.062,28.31,116.039,3769
14/10:33:24,12.19,4.09,112.57,61.886,28.31,116.061,3770
14/10:33:24,12.57,4.1,112.53,61.842,28.31,116.061,3771
14/10:33:25,12.88,4.38,112.53,61.798,28.31,116.072,3772
14/10:33:25,12.67,4.41,112.55,61.875,28.31,116.083,3773
14/10:33:26,12.02,4.41,112.62,61.732,28.31,116.094,3774
14/10:33:27,11.41,4.42,112.67,61.435,28.31,116.105,3775
14/10:33:27,10.87,4.42,112.74,61.171,28.31,116.105,3776
14/10:33:28,10.43,4.41,112.78,60.929,28.3,116.116,3777
14/10:33:28,10.26,4.4,112.81,60.797,28.3,116.116,3778
14/10:33:29,10.11,4.39,112.81,60.797,28.3,116.127,3779
14/10:33:29,10.03,4.37,112.81,60.885,28.3,116.149,3780
14/10:33:30,10.32,4.38,112.8,60.995,28.3,116.16,3781
14/10:33:30,11.15,4.38,112.74,61.105,28.3,116.16,3782
14/10:33:31,11.96,4.4,112.67,61.16,28.3,116.171,3783
14/10:33:31,12.66,4.39,112.62,61.325,28.3,116.182,3784
14/10:33:32,12.63,4.37,112.6,61.413,28.3,116.193,3785
14/10:33:32,12.28,4.37,112.63,61.303,28.3,116.204,3786
14/10:33:33,12.08,4.37,112.66,61.248,28.28,116.204,3787
14/10:33:33,12.02,4.38,112.65,61.248,28.28,116.215,3788
14/10:33:34,11.94,4.38,112.62,61.38,28.28,116.226,3789
14/10:33:34,11.72,4.38,112.64,61.512,28.28,116.237,3790
14/10:33:35,11.69,4.37,112.62,61.754,28.28,116.248,3791
14/10:33:36,11.89,4.37,112.59,62.029,28.28,116.248,3792
14/10:33:36,12.82,4.36,112.51,62.359,28.28,116.259,3793
14/10:33:36,13.75,4.38,112.4,62.733,28.28,116.27,3794
14/10:33:37,14.34,4.37,112.34,63.129,28.28,116.281,3795
14/10:33:38,14.41,4.37,112.33,63.371,28.28,116.292,3796
14/10:33:38,14.4,4.4,112.33,63.547,28.28,116.303,3797
14/10:33:39,14.37,4.44,112.31,64.042,28.28,116.314,3798
14/10:33:40,13.74,4.43,112.37,64.218,28.28,116.325,3799
14/10:33:40,12.76,4.44,112.47,64.306,28.28,116.336,3800
14/10:33:41,11.47,4.41,112.57,64.262,28.27,116.347,3801
14/10:33:41,10.69,4.42,112.66,64.24,28.27,116.358,3802
14/10:33:42,10.17,4.4,112.72,64.317,28.27,116.369,3803
14/10:33:42,9.88,4.36,112.74,64.449,28.27,116.369,3804
14/10:33:43,9.92,4.31,112.76,64.779,28.27,116.391,3805
14/10:33:44,10.48,4.33,112.71,64.977,28.27,116.402,3806
14/10:33:45,11.64,3.98,112.59,65.483,28.27,116.424,3807
14/10:33:46,12.1,4.0,112.54,65.725,28.27,116.435,3808
14/10:33:46,12.39,4.02,112.51,66.0,28.27,116.435,3809
14/10:33:47,12.63,4.03,112.48,66.286,28.26,116.446,3810
14/10:33:47,12.53,4.05,112.48,66.594,28.26,116.457,3811
14/10:33:48,12.26,3.87,112.48,66.935,28.26,116.468,3812
14/10:33:48,12.0,3.62,112.47,67.056,28.26,116.479,3813
14/10:33:49,11.67,3.85,112.52,67.188,28.26,116.49,3814
14/10:33:49,11.38,3.98,112.55,67.386,28.26,116.501,3815
14/10:33:50,11.24,3.97,112.56,67.672,28.26,116.512,3816
14/10:33:51,11.08,3.98,112.55,68.255,28.25,116.523,3817
14/10:33:51,11.49,3.99,112.53,68.607,28.25,116.534,3818
14/10:33:52,11.85,4.28,112.52,68.981,28.25,116.545,3819
14/10:33:52,12.52,4.43,112.49,69.432,28.25,116.556,3820
14/10:33:53,12.95,4.42,112.44,69.85,28.25,116.567,3821
14/10:33:53,12.76,4.43,112.44,70.136,28.25,116.578,3822
14/10:33:54,12.67,4.43,112.46,70.455,28.25,116.589,3823
14/10:33:55,12.14,4.42,112.52,70.994,28.25,116.611,3824
14/10:33:56,11.51,4.4,112.56,71.269,28.24,116.622,3825
14/10:33:56,11.12,4.41,112.6,71.654,28.24,116.633,3826
14/10:33:57,10.44,4.4,112.64,71.973,28.24,116.644,3827
14/10:33:57,10.11,4.41,112.69,72.292,28.24,116.655,3828
14/10:33:58,9.28,4.37,112.75,72.831,28.24,116.677,3829
14/10:33:59,8.7,4.37,112.79,72.974,28.24,116.688,3830
14/10:33:59,7.86,4.36,112.84,73.007,28.24,116.699,3831
14/10:34:00,7.2,4.36,112.92,73.084,28.24,116.699,3832
14/10:34:00,6.48,4.35,113.0,73.183,28.24,116.721,3833
14/10:34:01,5.63,4.35,113.08,73.26,28.24,116.721,3834
14/10:34:02,4.37,4.34,113.23,73.271,28.24,116.743,3835
14/10:34:02,4.12,4.34,113.28,73.348,28.24,116.754,3836
14/10:34:03,4.09,4.34,113.3,73.403,28.24,116.765,3837
14/10:34:03,4.13,4.34,113.3,73.425,28.24,116.776,3838
14/10:34:04,4.15,4.35,113.28,73.447,28.24,116.787,3839
14/10:34:04,4.16,4.35,113.32,73.491,28.24,116.798,3840
14/10:34:05,4.32,4.36,113.32,73.513,28.24,116.809,3841
14/10:34:06,4.28,4.37,113.31,73.535,28.24,116.82,3842
14/10:34:06,4.21,4.37,113.32,73.524,28.24,116.831,3843
14/10:34:06,4.21,4.38,113.31,73.513,28.24,116.842,3844
14/10:34:07,4.19,4.38,113.32,73.59,28.24,116.853,3845
14/10:34:08,4.27,4.39,113.33,73.667,28.24,116.864,3846
14/10:34:08,4.15,4.38,113.33,73.645,28.24,116.875,3847
14/10:34:09,4.28,4.38,113.34,73.645,28.24,116.886,3848
14/10:34:09,4.19,4.37,113.34,73.601,28.24,116.897,3849
14/10:34:11,4.19,4.37,113.36,73.502,28.24,116.93,3850
14/10:34:11,4.17,4.37,113.36,73.491,28.24,116.941,3851
14/10:34:12,4.16,4.37,113.36,73.458,28.24,116.952,3852
14/10:34:13,4.07,4.39,113.36,73.359,28.24,116.974,3853
14/10:34:14,4.14,4.39,113.36,73.271,28.24,116.985,3854
14/10:34:14,4.2,4.38,113.36,73.172,28.24,116.996,3855
14/10:34:14,4.17,4.37,113.36,73.062,28.24,117.007,3856
14/10:34:15,4.2,4.38,113.35,72.897,28.24,117.018,3857
14/10:34:16,4.05,4.35,113.37,72.578,28.24,117.051,3858
14/10:34:17,4.11,4.34,113.35,72.567,28.24,117.062,3859
14/10:34:18,4.17,4.34,113.34,72.237,28.24,117.084,3860
14/10:34:19,3.93,4.34,113.35,72.182,28.24,117.095,3861
14/10:34:19,4.01,4.33,113.35,72.083,28.24,117.106,3862
14/10:34:20,3.98,4.32,113.34,71.962,28.24,117.106,3863
14/10:34:20,4.06,4.32,113.34,71.852,28.24,117.117,3864
14/10:34:21,4.19,4.3,113.35,71.709,28.24,117.128,3865
14/10:34:21,4.2,4.31,113.36,71.654,28.24,117.139,3866
14/10:34:22,4.02,4.16,113.52,71.676,28.24,117.15,3867
14/10:34:22,3.56,3.86,113.75,71.775,28.24,117.161,3868
14/10:34:23,3.18,3.57,114.0,71.797,28.24,117.172,3869
14/10:34:24,2.7,3.32,114.26,71.643,28.24,117.183,3870
14/10:34:24,2.45,3.13,114.41,71.456,28.24,117.194,3871
14/10:34:24,2.37,3.13,114.42,71.027,28.24,117.205,3872
14/10:34:25,2.22,3.12,114.41,70.642,28.24,117.216,3873
14/10:34:26,2.28,3.1,114.4,70.554,28.24,117.216,3874
14/10:34:26,2.61,3.36,114.18,70.422,28.24,117.227,3875
14/10:34:26,3.03,3.6,113.94,70.246,28.24,117.249,3876
14/10:34:27,3.47,3.86,113.71,70.125,28.24,117.26,3877
14/10:34:28,3.87,4.13,113.5,70.026,28.24,117.271,3878
14/10:34:28,4.1,4.23,113.39,69.839,28.24,117.282,3879
14/10:34:29,4.11,4.24,113.38,69.674,28.24,117.282,3880
14/10:34:29,4.17,4.25,113.38,69.531,28.24,117.293,3881
14/10:34:30,4.09,4.24,113.4,69.201,28.24,117.315,3882
14/10:34:31,4.19,4.24,113.4,69.025,28.24,117.326,3883
14/10:34:31,4.82,4.23,113.35,68.959,28.24,117.337,3884
14/10:34:32,5.74,4.24,113.25,69.08,28.24,117.348,3885
14/10:34:32,6.77,4.22,113.16,69.223,28.24,117.359,3886
14/10:34:33,7.8,4.22,113.08,69.377,28.24,117.37,3887
14/10:34:33,8.74,4.21,112.99,69.542,28.24,117.381,3888
14/10:34:34,9.6,4.2,112.89,69.663,28.24,117.392,3889
14/10:34:34,10.7,4.19,112.8,69.762,28.24,117.403,3890
14/10:34:35,11.67,4.18,112.72,69.861,28.23,117.414,3891
14/10:34:35,12.0,4.18,112.65,70.026,28.23,117.414,3892
14/10:34:36,12.09,4.16,112.65,70.114,28.23,117.425,3893
14/10:34:36,12.44,4.17,112.62,70.202,28.23,117.436,3894
14/10:34:37,12.83,4.15,112.56,70.268,28.23,117.447,3895
14/10:34:38,13.04,4.14,112.54,70.389,28.23,117.458,3896
14/10:34:39,13.53,4.12,112.47,70.62,28.23,117.48,3897
14/10:34:39,13.25,4.12,112.48,70.664,28.22,117.491,3898
14/10:34:40,12.79,4.12,112.5,70.62,28.22,117.502,3899
14/10:34:40,12.16,4.13,112.56,70.521,28.22,117.513,3900
14/10:34:41,11.32,4.11,112.64,70.455,28.22,117.524,3901
14/10:34:41,10.55,4.11,112.7,70.334,28.22,117.535,3902
14/10:34:42,9.91,4.11,112.76,70.202,28.22,117.546,3903
14/10:34:42,9.21,4.13,112.83,70.114,28.22,117.557,3904
14/10:34:43,9.03,4.12,112.87,69.993,28.22,117.568,3905
14/10:34:43,8.92,4.11,112.89,69.817,28.22,117.568,3906
14/10:34:44,8.85,4.11,112.89,69.773,28.22,117.579,3907
14/10:34:45,8.9,4.1,112.88,69.751,28.22,117.59,3908
14/10:34:45,8.93,4.11,112.9,69.729,28.21,117.601,3909
14/10:34:46,9.06,4.11,112.89,69.597,28.21,117.623,3910
14/10:34:46,9.27,4.11,112.87,69.564,28.21,117.634,3911
14/10:34:47,9.32,4.11,112.84,69.718,28.21,117.645,3912
14/10:34:48,9.57,4.11,112.82,69.806,28.21,117.656,3913
14/10:34:48,9.75,4.11,112.82,69.872,28.21,117.667,3914
14/10:34:49,9.8,4.11,112.8,69.993,28.21,117.678,3915
14/10:34:49,9.99,4.1,112.78,70.037,28.21,117.689,3916
14/10:34:50,10.07,4.11,112.76,70.037,28.21,117.7,3917
14/10:34:50,10.08,4.11,112.76,70.147,28.21,117.7,3918
14/10:34:51,10.07,4.13,112.76,70.202,28.21,117.711,3919
14/10:34:51,10.09,4.11,112.77,70.246,28.2,117.722,3920
14/10:34:52,10.08,4.12,112.78,70.345,28.2,117.733,3921
14/10:34:52,10.2,4.11,112.76,70.356,28.2,117.744,3922
14/10:34:53,9.74,3.83,112.97,70.554,28.2,117.755,3923
14/10:34:53,9.26,3.57,113.18,70.873,28.2,117.766,3924
14/10:34:54,8.88,3.33,113.38,71.082,28.2,117.777,3925
14/10:34:55,8.48,3.04,113.59,71.115,28.2,117.788,3926
14/10:34:55,8.03,2.77,113.79,71.214,28.2,117.799,3927
14/10:34:56,7.36,2.49,114.02,71.291,28.2,117.81,3928
14/10:34:56,6.89,2.2,114.24,71.313,28.2,117.821,3929
14/10:34:56,6.81,2.21,114.23,71.302,28.2,117.832,3930
14/10:34:57,7.2,2.45,114.02,71.192,28.2,117.843,3931
14/10:34:58,7.78,2.71,113.8,71.104,28.2,117.854,3932
14/10:34:58,8.03,2.99,113.57,71.137,28.19,117.865,3933
14/10:34:59,8.57,3.27,113.37,71.291,28.19,117.876,3934
14/10:34:59,8.9,3.47,113.17,71.357,28.19,117.876,3935
14/10:35:00,9.44,3.69,112.97,71.511,28.19,117.887,3936
14/10:35:00,9.85,3.95,112.76,71.61,28.19,117.898,3937
14/10:35:01,10.12,4.06,112.71,71.764,28.19,117.909,3938
14/10:35:01,10.26,4.06,112.71,71.885,28.19,117.92,3939
14/10:35:02,10.52,4.05,112.69,72.105,28.19,117.931,3940
14/10:35:03,10.78,4.03,112.67,72.314,28.19,117.942,3941
14/10:35:03,11.35,4.03,112.61,72.864,28.19,117.964,3942
14/10:35:04,11.55,4.03,112.57,73.128,28.18,117.975,3943
14/10:35:04,11.86,4.03,112.55,73.359,28.18,117.986,3944
14/10:35:05,11.66,4.02,112.53,73.601,28.18,117.997,3945
14/10:35:06,11.28,4.02,112.55,73.81,28.18,118.008,3946
14/10:35:06,10.47,4.02,112.61,73.942,28.18,118.008,3947
14/10:35:07,9.9,4.03,112.66,73.997,28.18,118.03,3948
14/10:35:07,9.41,4.02,112.73,74.03,28.18,118.041,3949
14/10:35:08,8.93,4.02,112.79,74.162,28.18,118.052,3950
14/10:35:08,8.16,4.02,112.84,74.261,28.18,118.063,3951
14/10:35:09,7.77,4.01,112.9,74.393,28.18,118.074,3952
14/10:35:09,7.31,4.0,112.96,74.47,28.18,118.085,3953
14/10:35:10,6.9,4.0,113.01,74.525,28.18,118.096,3954
14/10:35:11,6.13,3.98,113.06,74.679,28.17,118.118,3955
14/10:35:11,5.88,3.99,113.09,74.602,28.17,118.129,3956
14/10:35:12,5.53,3.98,113.12,74.635,28.17,118.14,3957
14/10:35:12,4.8,3.98,113.15,74.635,28.17,118.151,3958
14/10:35:13,4.12,3.99,113.23,74.503,28.17,118.162,3959
14/10:35:13,3.55,3.99,113.28,74.393,28.17,118.173,3960
14/10:35:14,2.94,3.99,113.33,74.206,28.17,118.184,3961
14/10:35:15,2.44,3.99,113.4,73.986,28.17,118.195,3962
14/10:35:15,1.21,3.91,113.57,73.656,28.17,118.217,3963
14/10:35:16,0.67,3.69,113.8,73.645,28.18,118.228,3964
14/10:35:17,0.36,3.47,114.03,73.667,28.18,118.239,3965
14/10:35:17,0.28,3.15,114.24,73.436,28.18,118.25,3966
14/10:35:18,0.21,2.93,114.43,73.172,28.18,118.261,3967
14/10:35:18,0.14,2.62,114.66,72.941,28.18,118.272,3968
14/10:35:19,0.11,2.52,114.74,72.666,28.18,118.283,3969
14/10:35:19,0.11,2.52,114.74,72.259,28.18,118.294,3970
14/10:35:20,0.23,2.96,114.41,71.764,28.18,118.305,3971
14/10:35:21,0.3,3.19,114.26,71.478,28.18,118.316,3972
14/10:35:21,0.36,3.4,114.08,71.225,28.18,118.316,3973
14/10:35:22,0.42,3.61,113.93,70.939,28.18,118.327,3974
14/10:35:22,0.48,3.87,113.76,70.708,28.18,118.349,3975
14/10:35:23,0.46,3.8,113.81,70.477,28.18,118.36,3976
14/10:35:23,0.4,3.59,114.0,70.334,28.18,118.371,3977
14/10:35:24,0.34,3.35,114.18,70.169,28.18,118.382,3978
14/10:35:24,0.27,3.13,114.36,69.883,28.18,118.393,3979
14/10:35:25,0.23,3.02,114.47,69.487,28.18,118.404,3980
14/10:35:26,0.23,3.01,114.48,69.08,28.18,118.415,3981
14/10:35:26,0.23,3.01,114.47,68.662,28.18,118.426,3982
14/10:35:27,0.23,3.01,114.47,68.332,28.18,118.437,3983
14/10:35:27,0.28,3.19,114.32,68.024,28.18,118.448,3984
14/10:35:28,0.35,3.41,114.14,67.705,28.18,118.448,3985
14/10:35:28,0.42,3.63,113.98,67.496,28.18,118.459,3986
14/10:35:29,0.48,3.82,113.82,67.166,28.18,118.47,3987
14/10:35:30,0.55,3.9,113.73,66.506,28.19,118.492,3988
14/10:35:30,1.23,3.9,113.7,66.286,28.19,118.503,3989
14/10:35:31,2.87,3.9,113.56,66.231,28.19,118.514,3990
14/10:35:31,4.31,3.9,113.43,66.462,28.19,118.525,3991
14/10:35:32,7.28,3.93,113.15,66.869,28.19,118.536,3992
14/10:35:33,9.03,3.93,112.98,66.979,28.19,118.547,3993
14/10:35:33,10.66,3.94,112.82,67.232,28.18,118.558,3994
14/10:35:34,12.35,3.94,112.64,67.507,28.18,118.569,3995
14/10:35:34,13.06,3.95,112.54,67.716,28.18,118.58,3996
14/10:35:35,11.88,3.96,112.61,67.804,28.18,118.591,3997
14/10:35:35,10.71,3.96,112.73,67.716,28.18,118.602,3998
14/10:35:36,10.19,3.97,112.79,67.595,28.18,118.613,3999
14/10:35:37,9.45,3.96,112.85,67.584,28.18,118.624,4000
14/10:35:37,8.78,3.97,112.92,67.705,28.18,118.624,4001
14/10:35:38,8.15,3.98,112.99,67.727,28.18,118.635,4002
14/10:35:38,7.82,4.0,113.02,67.859,28.18,118.646,4003
14/10:35:39,8.6,3.99,112.98,67.991,28.18,118.657,4004
14/10:35:39,10.02,4.01,112.84,68.145,28.17,118.668,4005
14/10:35:40,11.56,4.0,112.71,68.409,28.17,118.679,4006
14/10:35:40,12.74,4.0,112.61,68.805,28.17,118.69,4007
14/10:35:41,13.64,4.02,112.5,69.201,28.17,118.701,4008
14/10:35:41,14.36,3.99,112.41,69.41,28.17,118.712,4009
14/10:35:42,14.4,4.0,112.39,69.553,28.17,118.723,4010
14/10:35:43,13.57,3.99,112.43,69.663,28.17,118.734,4011
14/10:35:43,12.66,3.99,112.52,69.63,28.17,118.734,4012
14/10:35:43,11.45,3.97,112.63,69.531,28.16,118.745,4013
14/10:35:44,10.01,3.98,112.71,69.355,28.16,118.756,4014
14/10:35:44,9.52,3.97,112.77,69.322,28.16,118.767,4015
14/10:35:45,9.16,3.97,112.81,69.432,28.16,118.778,4016
14/10:35:45,8.88,4.0,112.84,69.553,28.16,118.789,4017
14/10:35:46,9.25,3.99,112.83,69.498,28.16,118.8,4018
14/10:35:46,10.04,3.98,112.78,69.553,28.16,118.811,4019
14/10:35:48,11.66,3.98,112.61,69.74,28.16,118.833,4020
14/10:35:48,12.59,3.98,112.52,69.872,28.16,118.844,4021
14/10:35:49,12.33,3.98,112.5,69.982,28.15,118.855,4022
14/10:35:49,11.77,3.99,112.55,69.96,28.15,118.866,4023
14/10:35:50,11.26,3.99,112.59,69.883,28.15,118.877,4024
14/10:35:51,10.26,4.02,112.66,69.663,28.15,118.888,4025
14/10:35:51,9.85,4.02,112.7,69.608,28.15,118.899,4026
14/10:35:52,9.94,4.05,112.71,69.608,28.15,118.91,4027
14/10:35:53,10.19,4.06,112.69,69.663,28.15,118.921,4028
14/10:35:53,10.97,4.03,112.65,69.872,28.15,118.932,4029
14/10:35:53,12.13,4.06,112.55,70.048,28.15,118.943,4030
14/10:35:54,13.45,4.06,112.44,70.334,28.14,118.954,4031
14/10:35:54,14.78,4.07,112.34,70.609,28.14,118.965,4032
14/10:35:55,15.98,4.08,112.22,70.829,28.14,118.976,4033
14/10:35:55,17.13,4.11,112.09,70.961,28.14,118.987,4034
14/10:35:56,17.31,3.84,112.24,71.434,28.14,118.998,4035
14/10:35:57,17.4,3.61,112.4,71.852,28.14,119.009,4036
14/10:35:57,17.3,3.41,112.59,72.116,28.13,119.02,4037
14/10:35:58,17.0,3.15,112.78,72.347,28.13,119.031,4038
14/10:35:58,15.75,2.88,113.0,72.523,28.13,119.042,4039
14/10:35:59,13.89,2.66,113.31,72.457,28.13,119.053,4040
14/10:35:59,12.33,2.6,113.5,72.094,28.13,119.053,4041
14/10:36:00,11.22,2.62,113.59,71.72,28.12,119.064,4042
14/10:36:00,10.37,2.92,113.44,71.39,28.12,119.075,4043
14/10:36:01,9.83,3.16,113.32,71.379,28.12,119.086,4044
14/10:36:02,9.7,3.36,113.17,71.412,28.12,119.097,4045
14/10:36:02,9.56,3.6,113.01,71.5,28.12,119.108,4046
14/10:36:02,10.48,3.8,112.82,71.599,28.12,119.108,4047
14/10:36:03,11.42,3.94,112.63,71.918,28.12,119.13,4048
14/10:36:03,11.94,3.66,112.78,72.369,28.12,119.141,4049
14/10:36:04,12.14,3.35,112.96,72.754,28.12,119.152,4050
14/10:36:05,12.22,3.04,113.19,72.842,28.11,119.163,4051
14/10:36:06,12.4,2.94,113.24,72.6,28.11,119.185,4052
14/10:36:06,12.54,2.96,113.21,72.435,28.11,119.196,4053
14/10:36:07,12.43,3.0,113.22,72.479,28.11,119.207,4054
14/10:36:07,12.95,3.15,113.05,72.534,28.11,119.218,4055
14/10:36:08,13.26,3.41,112.76,72.666,28.11,119.229,4056
14/10:36:08,13.79,3.78,112.52,72.853,28.1,119.24,4057
14/10:36:09,13.84,4.05,112.28,72.941,28.1,119.251,4058
14/10:36:09,13.53,4.1,112.27,72.974,28.1,119.262,4059
14/10:36:10,12.98,4.13,112.31,72.93,28.1,119.273,4060
14/10:36:10,12.08,4.12,112.37,72.952,28.1,119.284,4061
14/10:36:11,11.69,4.11,112.43,72.842,28.1,119.295,4062
14/10:36:12,11.07,4.17,112.51,72.765,28.1,119.317,4063
14/10:36:12,10.73,4.15,112.53,72.798,28.1,119.328,4064
14/10:36:13,11.59,4.17,112.47,73.04,28.09,119.35,4065
14/10:36:14,12.46,4.17,112.39,73.271,28.09,119.361,4066
14/10:36:15,13.45,4.19,112.31,73.546,28.09,119.361,4067
14/10:36:15,14.28,4.18,112.22,73.711,28.09,119.372,4068
14/10:36:15,14.82,4.18,112.13,73.942,28.09,119.383,4069
14/10:36:16,13.99,4.17,112.16,74.074,28.09,119.394,4070
14/10:36:17,13.35,4.18,112.22,73.997,28.09,119.405,4071
14/10:36:17,12.75,4.18,112.28,73.909,28.08,119.416,4072
14/10:36:18,11.49,4.17,112.38,73.81,28.08,119.416,4073
14/10:36:18,10.12,4.16,112.49,73.711,28.08,119.427,4074
14/10:36:19,8.43,4.17,112.68,73.601,28.08,119.46,4075
14/10:36:20,7.74,4.17,112.77,73.689,28.08,119.471,4076
14/10:36:20,8.28,4.19,112.81,73.711,28.08,119.482,4077
14/10:36:21,8.63,4.18,112.77,73.766,28.08,119.493,4078
14/10:36:21,8.88,4.2,112.74,73.854,28.08,119.504,4079
14/10:36:22,9.56,4.22,112.71,73.898,28.08,119.515,4080
14/10:36:22,9.93,4.22,112.68,73.975,28.08,119.526,4081
14/10:36:23,10.05,4.22,112.67,73.997,28.08,119.537,4082
14/10:36:23,10.1,4.23,112.68,74.052,28.07,119.548,4083
14/10:36:24,9.94,4.22,112.68,74.162,28.07,119.559,4084
14/10:36:24,9.9,4.23,112.64,74.217,28.07,119.57,4085
14/10:36:25,10.11,4.24,112.62,74.371,28.07,119.581,4086
14/10:36:25,10.01,4.23,112.63,74.459,28.07,119.592,4087
14/10:36:26,9.96,4.22,112.63,74.503,28.07,119.603,4088
14/10:36:27,10.13,4.23,112.62,74.47,28.07,119.614,4089
14/10:36:27,10.13,4.22,112.62,74.448,28.07,119.625,4090
14/10:36:28,10.03,4.21,112.61,74.448,28.07,119.636,4091
14/10:36:28,10.03,4.2,112.6,74.492,28.07,119.647,4092
14/10:36:29,10.11,4.19,112.61,74.525,28.07,119.658,4093
14/10:36:29,10.07,4.18,112.62,74.657,28.06,119.669,4094
14/10:36:30,10.11,4.17,112.62,74.855,28.06,119.68,4095
14/10:36:30,10.04,4.17,112.63,74.877,28.06,119.691,4096
14/10:36:31,10.01,4.17,112.64,74.789,28.06,119.702,4097
14/10:36:31,10.0,4.16,112.63,74.844,28.06,119.713,4098
14/10:36:32,10.4,4.18,112.6,74.943,28.06,119.724,4099
14/10:36:32,10.89,4.16,112.56,75.075,28.06,119.735,4100
14/10:36:33,10.71,4.17,112.55,75.13,28.06,119.746,4101
14/10:36:33,10.38,4.16,112.59,75.053,28.06,119.757,4102
14/10:36:34,9.48,4.16,112.65,74.767,28.06,119.779,4103
14/10:36:35,9.09,4.16,112.68,74.613,28.06,119.79,4104
14/10:36:35,8.63,4.17,112.72,74.426,28.05,119.801,4105
14/10:36:36,7.72,4.16,112.79,74.36,28.05,119.812,4106
14/10:36:37,7.0,4.19,112.89,74.239,28.05,119.823,4107
14/10:36:37,6.79,4.2,112.9,74.118,28.05,119.834,4108
14/10:36:38,6.56,4.2,112.91,74.008,28.05,119.845,4109
14/10:36:38,6.56,4.22,112.92,73.865,28.05,119.856,4110
14/10:36:39,6.84,4.23,112.93,73.766,28.05,119.867,4111
14/10:36:39,6.67,4.23,112.94,73.7,28.05,119.878,4112
14/10:36:40,6.6,4.23,112.93,73.557,28.05,119.889,4113
14/10:36:40,6.81,4.24,112.94,73.425,28.05,119.9,4114
14/10:36:41,6.67,4.24,112.94,73.359,28.05,119.911,4115
14/10:36:41,6.77,4.25,112.95,73.26,28.05,119.922,4116
14/10:36:42,6.85,4.25,112.94,73.172,28.05,119.933,4117
14/10:36:42,6.76,4.25,112.93,73.073,28.05,119.944,4118
14/10:36:43,6.77,4.25,112.93,72.996,28.05,119.955,4119
14/10:36:43,6.72,4.26,112.95,72.864,28.05,119.966,4120
14/10:36:44,6.79,4.26,112.95,72.611,28.05,119.966,4121
14/10:36:44,6.68,4.26,112.96,72.402,28.05,119.977,4122
14/10:36:46,6.55,4.23,112.96,72.127,28.05,119.999,4123
14/10:36:46,6.61,4.23,112.97,72.116,28.05,120.01,4124
14/10:36:46,6.7,4.23,112.97,72.039,28.05,120.021,4125
14/10:36:47,6.54,4.23,112.97,71.94,28.05,120.032,4126
14/10:36:48,6.46,4.22,112.98,71.643,28.05,120.054,4127
14/10:36:49,6.61,4.23,112.97,71.599,28.04,120.065,4128
14/10:36:49,6.51,4.21,112.98,71.522,28.04,120.076,4129
14/10:36:50,6.73,4.22,112.98,71.522,28.04,120.087,4130
14/10:36:50,7.19,4.23,112.93,71.555,28.04,120.098,4131
14/10:36:51,8.1,4.24,112.87,71.665,28.04,120.109,4132
14/10:36:52,9.62,4.26,112.72,72.116,28.04,120.131,4133
14/10:36:52,10.33,4.27,112.65,72.281,28.04,120.142,4134
14/10:36:53,11.09,4.27,112.57,72.468,28.04,120.153,4135
14/10:36:53,11.95,4.28,112.51,72.765,28.04,120.164,4136
14/10:36:54,12.37,4.28,112.44,72.985,28.04,120.175,4137
14/10:36:55,12.67,4.28,112.4,73.359,28.04,120.197,4138
14/10:36:56,12.7,4.27,112.4,73.59,28.03,120.208,4139
14/10:36:56,12.65,4.28,112.4,73.766,28.03,120.208,4140
14/10:36:57,12.71,4.28,112.38,74.03,28.03,120.208,4141
14/10:36:57,12.32,4.28,112.4,74.239,28.03,120.241,4142
14/10:36:58,11.48,4.03,112.63,74.646,28.03,120.252,4143
14/10:36:58,10.96,3.79,112.93,74.954,28.03,120.263,4144
14/10:36:59,10.1,3.5,113.22,75.196,28.03,120.263,4145
14/10:36:59,9.5,3.23,113.47,75.416,28.03,120.285,4146
14/10:37:00,9.71,2.93,113.7,75.592,28.03,120.296,4147
14/10:37:00,10.08,2.88,113.73,75.559,28.02,120.296,4148
14/10:37:01,10.62,2.89,113.67,75.647,28.02,120.318,4149
14/10:37:02,12.54,3.16,113.26,76.186,28.02,120.34,4150
14/10:37:02,13.42,3.43,112.92,76.549,28.02,120.34,4151
14/10:37:03,14.72,3.73,112.61,76.857,28.02,120.362,4152
14/10:37:04,15.51,3.96,112.34,77.132,28.02,120.373,4153
14/10:37:04,15.69,4.24,112.08,77.484,28.01,120.384,4154
14/10:37:04,15.52,4.28,112.02,77.792,28.01,120.395,4155
14/10:37:05,13.4,4.28,112.13,78.001,28.01,120.406,4156
14/10:37:05,11.61,4.27,112.31,77.858,28.01,120.417,4157
14/10:37:06,9.85,4.27,112.49,77.528,28.01,120.428,4158
14/10:37:06,7.78,4.26,112.65,77.308,28.01,120.439,4159
14/10:37:07,6.0,4.26,112.82,77.099,28.01,120.45,4160
14/10:37:08,5.07,4.23,112.94,76.956,28.01,120.461,4161
14/10:37:08,5.06,4.24,112.96,76.989,28.01,120.472,4162
14/10:37:09,5.32,4.21,112.96,77.242,28.01,120.483,4163
14/10:37:09,7.18,4.22,112.83,77.561,28.01,120.494,4164
14/10:37:10,9.14,4.25,112.65,77.913,28.01,120.505,4165
14/10:37:10,11.4,4.25,112.48,78.199,28.01,120.516,4166
14/10:37:11,13.39,4.25,112.32,78.606,28.0,120.516,4167
14/10:37:11,15.1,4.26,112.14,78.947,28.0,120.527,4168
14/10:37:12,15.1,4.26,112.09,79.134,28.0,120.549,4169
14/10:37:13,14.39,4.27,112.15,79.255,28.0,120.56,4170
14/10:37:13,13.56,4.28,112.26,79.244,28.0,120.571,4171
14/10:37:13,12.49,4.28,112.37,79.156,28.0,120.582,4172
14/10:37:14,11.17,4.27,112.51,79.112,28.0,120.593,4173
14/10:37:14,10.04,4.28,112.62,79.156,28.0,120.604,4174
14/10:37:15,8.93,4.28,112.72,79.211,27.99,120.615,4175
14/10:37:16,7.79,4.27,112.81,79.189,27.99,120.637,4176
14/10:37:16,7.63,4.25,112.83,79.112,27.99,120.648,4177
14/10:37:17,9.13,4.23,112.7,79.486,27.99,120.67,4178
14/10:37:18,9.89,4.23,112.63,79.64,27.99,120.681,4179
14/10:37:18,10.02,4.22,112.6,79.717,27.99,120.692,4180
14/10:37:19,10.44,4.21,112.55,79.695,27.99,120.714,4181
14/10:37:20,10.85,4.2,112.51,79.662,27.99,120.725,4182
14/10:37:20,10.07,4.22,112.56,79.64,27.99,120.736,4183
14/10:37:21,9.1,4.21,112.64,79.629,27.99,120.747,4184
14/10:37:21,7.93,4.21,112.73,79.53,27.99,120.758,4185
14/10:37:22,7.88,4.22,112.76,79.464,27.99,120.769,4186
14/10:37:22,8.09,4.22,112.77,79.42,27.98,120.78,4187
14/10:37:23,8.1,4.21,112.75,79.299,27.98,120.791,4188
14/10:37:23,8.01,4.2,112.75,79.211,27.98,120.802,4189
14/10:37:24,8.66,4.19,112.71,79.233,27.98,120.824,4190
14/10:37:25,9.41,4.21,112.66,79.354,27.98,120.835,4191
14/10:37:26,10.19,4.21,112.59,79.398,27.98,120.857,4192
14/10:37:26,10.55,4.21,112.56,79.387,27.98,120.868,4193
14/10:37:27,10.82,4.23,112.5,79.398,27.98,120.879,4194
14/10:37:28,11.6,4.23,112.43,79.53,27.98,120.901,4195
14/10:37:28,12.07,4.24,112.38,79.662,27.98,120.912,4196
14/10:37:29,12.27,4.24,112.35,79.761,27.97,120.923,4197
14/10:37:29,12.35,4.24,112.34,79.805,27.97,120.934,4198
14/10:37:30,12.34,4.23,112.34,79.772,27.97,120.945,4199
14/10:37:30,12.16,4.22,112.34,79.739,27.97,120.956,4200
14/10:37:31,12.02,4.2,112.33,79.761,27.97,120.967,4201
14/10:37:31,12.08,4.21,112.32,79.816,27.97,120.978,4202
14/10:37:32,12.16,4.21,112.32,79.904,27.97,120.989,4203
14/10:37:32,12.28,4.21,112.33,79.937,27.97,121.0,4204
14/10:37:33,12.34,4.21,112.32,79.904,27.96,121.011,4205
14/10:37:34,12.23,4.22,112.32,79.904,27.96,121.022,4206
14/10:37:34,12.09,4.21,112.33,79.915,27.96,121.033,4207
14/10:37:35,12.02,4.23,112.33,79.904,27.96,121.044,4208
14/10:37:35,12.12,4.24,112.32,79.97,27.96,121.066,4209
14/10:37:36,12.3,4.26,112.32,79.981,27.96,121.077,4210
14/10:37:36,12.53,4.26,112.34,79.97,27.96,121.088,4211
14/10:37:37,12.43,4.28,112.3,80.08,27.96,121.11,4212
14/10:37:38,12.78,4.31,112.26,80.179,27.95,121.132,4213
14/10:37:39,13.4,4.28,112.24,80.047,27.95,121.154,4214
14/10:37:40,13.3,4.31,112.22,79.959,27.95,121.165,4215
14/10:37:40,13.14,4.3,112.22,79.992,27.95,121.176,4216
14/10:37:41,13.18,4.27,112.21,80.102,27.95,121.187,4217
14/10:37:41,13.28,4.28,112.23,80.157,27.95,121.198,4218
14/10:37:42,13.37,4.28,112.22,80.135,27.94,121.209,4219
14/10:37:42,13.46,4.31,112.22,80.135,27.94,121.22,4220
14/10:37:43,13.22,4.31,112.22,80.179,27.94,121.242,4221
14/10:37:43,13.03,4.32,112.23,80.201,27.94,121.253,4222
14/10:37:44,13.21,4.34,112.24,80.377,27.94,121.275,4223
14/10:37:45,12.79,4.35,112.28,80.344,27.94,121.286,4224
14/10:37:46,11.99,4.34,112.33,80.245,27.93,121.297,4225
14/10:37:46,11.15,4.34,112.4,80.168,27.93,121.308,4226
14/10:37:46,10.34,4.33,112.47,80.08,27.93,121.308,4227
14/10:37:47,9.84,4.33,112.52,80.058,27.93,121.33,4228
14/10:37:48,9.53,4.33,112.57,79.97,27.93,121.341,4229
14/10:37:48,8.97,4.33,112.64,79.893,27.93,121.352,4230
14/10:37:49,8.14,4.32,112.69,79.761,27.93,121.363,4231
14/10:37:49,7.94,4.32,112.73,79.651,27.93,121.374,4232
14/10:37:50,7.95,4.32,112.73,79.596,27.93,121.385,4233
14/10:37:51,8.01,4.27,112.77,79.629,27.93,121.407,4234
14/10:37:51,7.64,4.02,113.04,79.959,27.93,121.418,4235
14/10:37:52,7.07,3.73,113.35,80.234,27.93,121.44,4236
14/10:37:52,6.6,3.4,113.59,80.311,27.93,121.451,4237
14/10:37:53,6.1,3.1,113.84,80.333,27.93,121.462,4238
14/10:37:53,5.68,2.81,114.11,80.3,27.93,121.473,4239
14/10:37:54,5.81,2.83,114.12,79.97,27.92,121.484,4240
14/10:37:55,6.0,2.83,114.13,79.563,27.92,121.495,4241
14/10:37:55,6.13,2.89,114.09,79.442,27.92,121.506,4242
14/10:37:56,6.56,3.44,113.53,79.585,27.92,121.528,4243
14/10:37:57,6.99,3.79,113.28,79.739,27.92,121.539,4244
14/10:37:57,7.66,4.11,113.01,79.827,27.92,121.55,4245
14/10:37:58,8.35,4.4,112.73,79.893,27.92,121.561,4246
14/10:37:58,7.96,4.1,113.04,80.212,27.92,121.572,4247
14/10:37:59,7.28,3.78,113.28,80.542,27.92,121.583,4248
14/10:37:59,6.55,3.48,113.53,80.751,27.92,121.594,4249
14/10:38:00,6.1,2.96,114.07,80.894,27.92,121.616,4250
14/10:38:01,5.84,2.63,114.33,80.916,27.92,121.627,4251
14/10:38:01,5.2,2.38,114.56,80.927,27.92,121.649,4252
14/10:38:02,4.47,2.08,114.8,81.037,27.92,121.66,4253
14/10:38:02,4.41,2.11,114.77,81.081,27.92,121.671,4254
14/10:38:03,4.59,2.12,114.77,81.191,27.92,121.682,4255
14/10:38:03,4.85,2.17,114.79,81.224,27.92,121.693,4256
14/10:38:04,4.75,2.15,114.79,81.323,27.92,121.704,4257
14/10:38:05,4.34,2.11,114.8,81.466,27.92,121.715,4258
14/10:38:05,4.61,2.33,114.57,81.444,27.92,121.726,4259
14/10:38:06,5.8,2.87,114.13,80.993,27.91,121.748,4260
14/10:38:07,6.12,3.16,113.89,81.026,27.91,121.759,4261
14/10:38:08,5.95,3.7,113.45,81.07,27.91,121.792,4262
14/10:38:08,5.87,4.0,113.23,80.949,27.91,121.803,4263
14/10:38:09,5.82,4.3,113.0,81.081,27.91,121.814,4264
14/10:38:09,5.41,4.38,113.01,81.125,27.91,121.825,4265
14/10:38:10,4.72,4.38,113.07,81.07,27.91,121.836,4266
14/10:38:10,4.27,4.37,113.13,81.048,27.91,121.847,4267
14/10:38:11,3.73,4.38,113.18,81.07,27.91,121.858,4268
14/10:38:11,3.59,4.37,113.19,81.059,27.91,121.869,4269
14/10:38:12,3.63,4.36,113.2,81.114,27.91,121.88,4270
14/10:38:13,3.87,4.36,113.18,81.103,27.91,121.891,4271
14/10:38:13,3.99,4.36,113.19,81.07,27.91,121.902,4272
14/10:38:13,3.87,4.35,113.17,81.07,27.91,121.913,4273
14/10:38:14,3.77,4.34,113.16,81.158,27.91,121.935,4274
14/10:38:14,3.95,4.35,113.15,81.323,27.91,121.946,4275
14/10:38:15,4.17,4.34,113.14,81.4,27.91,121.957,4276
14/10:38:16,3.95,4.34,113.16,81.422,27.91,121.968,4277
14/10:38:16,3.35,4.33,113.2,81.455,27.91,121.979,4278
14/10:38:16,2.77,4.33,113.26,81.444,27.91,121.99,4279
14/10:38:17,2.43,4.33,113.31,81.4,27.91,122.001,4280
14/10:38:18,1.62,4.33,113.4,81.4,27.91,122.023,4281
14/10:38:19,1.1,4.33,113.44,81.389,27.91,122.034,4282
14/10:38:19,0.6,4.33,113.49,81.356,27.92,122.045,4283
14/10:38:20,0.51,4.32,113.52,81.4,27.92,122.056,4284
14/10:38:20,0.51,4.32,113.52,81.477,27.92,122.078,4285
14/10:38:21,0.5,4.31,113.53,81.477,27.92,122.089,4286
14/10:38:22,0.51,4.31,113.54,81.499,27.92,122.1,4287
14/10:38:22,0.51,4.31,113.54,81.488,27.92,122.111,4288
14/10:38:22,0.5,4.31,113.56,81.51,27.92,122.122,4289
14/10:38:24,0.5,4.3,113.56,81.675,27.92,122.155,4290
14/10:38:24,0.5,4.3,113.57,81.73,27.92,122.166,4291
14/10:38:25,0.5,4.31,113.57,81.774,27.92,122.177,4292
14/10:38:26,0.48,4.3,113.56,81.939,27.92,122.199,4293
14/10:38:27,0.41,4.28,113.27,80.014,27.92,122.21,4294
14/10:38:27,0.35,4.14,111.47,71.621,27.92,122.232,4295
14/10:38:28,0.28,4.0,109.64,52.206,27.92,122.232,4296
14/10:38:28,0.22,3.87,107.0,22.649,27.92,122.243,4297
14/10:38:29,0.16,3.71,104.31,5.544,27.92,122.243,4298
14/10:38:29,0.1,3.54,101.95,0.0,27.93,122.243,4299
14/10:38:30,0.03,3.41,99.73,3.96,27.93,122.243,4300
14/10:38:30,0.0,3.28,97.44,13.431,27.93,122.243,4301
14/10:38:31,0.0,3.17,95.49,20.35,27.93,122.243,4302
14/10:38:31,0.0,3.17,95.2,21.483,27.93,122.254,4303
14/10:38:32,0.0,3.18,94.89,21.208,27.93,122.254,4304
14/10:38:33,0.0,3.26,97.1,37.631,27.93,122.254,4305
14/10:38:33,0.04,3.59,102.26,71.742,27.93,122.276,4306
14/10:38:34,0.08,3.68,104.54,73.117,27.93,122.287,4307
14/10:38:35,0.08,3.64,107.07,73.469,27.93,122.298,4308
14/10:38:35,0.08,3.56,109.53,73.799,27.93,122.309,4309
14/10:38:35,0.08,3.51,111.82,74.03,27.93,122.32,4310
14/10:38:36,0.08,3.48,114.16,74.085,27.93,122.331,4311
14/10:38:37,0.08,3.35,114.77,74.129,27.93,122.342,4312
14/10:38:37,0.07,3.15,114.92,74.25,27.93,122.353,4313
14/10:38:38,0.03,2.95,115.07,74.426,27.93,122.364,4314
14/10:38:38,0.0,2.78,115.2,74.448,27.93,122.375,4315
14/10:38:39,0.02,2.86,115.09,74.393,27.93,122.386,4316
14/10:38:39,0.05,3.06,114.91,74.327,27.93,122.397,4317
14/10:38:40,0.09,3.27,114.73,74.261,27.93,122.408,4318
14/10:38:40,0.13,3.42,114.56,74.349,27.94,122.408,4319
14/10:38:41,0.17,3.63,114.39,74.492,27.94,122.43,4320
14/10:38:41,0.2,3.87,114.19,74.569,27.94,122.441,4321
14/10:38:42,0.25,4.05,114.03,74.635,27.94,122.452,4322
14/10:38:42,0.28,4.25,113.86,74.701,27.94,122.463,4323
14/10:38:43,0.28,4.31,113.8,75.031,27.94,122.485,4324
14/10:38:44,0.28,4.31,113.81,75.141,27.94,122.496,4325
14/10:38:44,0.28,4.31,113.81,75.273,27.94,122.507,4326
14/10:38:45,0.28,4.31,113.81,75.405,27.94,122.518,4327
14/10:38:45,0.28,4.3,113.81,75.482,27.94,122.529,4328
14/10:38:46,0.3,4.3,113.81,75.526,27.94,122.54,4329
14/10:38:47,0.3,4.3,113.82,75.614,27.94,122.551,4330
14/10:38:47,0.3,4.3,113.82,75.713,27.94,122.562,4331
14/10:38:48,0.3,4.3,113.82,75.801,27.94,122.573,4332
14/10:38:48,0.3,4.28,113.82,75.922,27.94,122.584,4333
14/10:38:49,0.3,4.28,113.82,75.966,27.94,122.595,4334
14/10:38:49,0.3,4.28,113.82,76.065,27.94,122.606,4335
14/10:38:50,0.3,4.28,113.83,76.054,27.95,122.617,4336
14/10:38:50,0.3,4.28,113.83,76.109,27.95,122.628,4337
14/10:38:51,0.3,4.28,113.83,76.065,27.95,122.639,4338
14/10:38:51,0.3,4.28,113.83,76.109,27.95,122.65,4339
14/10:38:52,0.3,4.28,113.83,76.175,27.95,122.661,4340
14/10:38:52,0.3,4.28,113.82,76.197,27.95,122.672,4341
14/10:38:53,0.3,4.28,113.82,76.263,27.95,122.683,4342
14/10:38:53,0.28,4.28,113.82,76.23,27.95,122.694,4343
14/10:38:54,0.3,4.28,113.83,76.23,27.95,122.705,4344
14/10:38:56,0.3,4.28,113.82,76.208,27.95,122.727,4345
14/10:38:57,0.31,4.3,113.83,76.164,27.95,122.76,4346
14/10:38:57,0.31,4.3,113.83,76.131,27.95,122.771,4347
14/10:38:58,0.31,4.31,113.84,76.054,27.95,122.782,4348
14/10:38:58,0.31,4.31,113.84,75.933,27.95,122.793,4349
14/10:38:59,0.31,4.31,113.84,75.867,27.96,122.804,4350
14/10:38:59,0.31,4.31,113.85,75.834,27.96,122.815,4351
14/10:39:00,0.28,4.19,113.97,75.878,27.96,122.826,4352
14/10:39:00,0.24,3.91,114.2,76.032,27.96,122.837,4353
14/10:39:01,0.2,3.72,114.41,76.12,27.96,122.848,4354
14/10:39:01,0.16,3.52,114.63,76.076,27.96,122.859,4355
14/10:39:02,0.12,3.28,114.86,75.977,27.96,122.87,4356
14/10:39:03,0.08,3.08,115.05,75.9,27.96,122.881,4357
14/10:39:03,0.01,2.65,115.48,75.57,27.96,122.903,4358
14/10:39:04,0.03,2.83,115.34,75.295,27.96,122.914,4359
14/10:39:05,0.07,3.04,115.15,75.009,27.96,122.925,4360
14/10:39:05,0.11,3.24,114.92,74.69,27.96,122.936,4361
14/10:39:06,0.14,3.45,114.72,74.492,27.96,122.947,4362
14/10:39:06,0.18,3.64,114.53,74.327,27.96,122.958,4363
14/10:39:07,0.22,3.84,114.33,74.151,27.96,122.969,4364
14/10:39:07,0.26,4.02,114.12,73.942,27.96,122.98,4365
14/10:39:08,0.28,4.24,113.9,73.733,27.96,122.991,4366
14/10:39:08,0.3,4.27,113.86,73.59,27.96,123.002,4367
14/10:39:09,0.3,4.27,113.86,73.469,27.96,123.013,4368
14/10:39:09,0.3,4.26,113.86,73.282,27.96,123.024,4369
14/10:39:10,0.3,4.26,113.85,73.062,27.97,123.035,4370
14/10:39:10,0.3,4.25,113.85,72.842,27.97,123.046,4371
14/10:39:11,0.3,4.25,113.85,72.523,27.97,123.057,4372
14/10:39:11,0.3,4.24,113.86,72.38,27.97,123.068,4373
14/10:39:12,0.3,4.24,113.85,72.237,27.97,123.079,4374
14/10:39:12,0.3,4.22,113.84,72.116,27.97,123.09,4375
14/10:39:13,0.3,4.22,113.85,71.951,27.97,123.09,4376
14/10:39:14,0.3,4.21,113.87,71.621,27.97,123.112,4377
14/10:39:14,0.31,4.2,113.87,71.434,27.97,123.123,4378
14/10:39:15,0.31,4.2,113.87,71.269,27.97,123.134,4379
14/10:39:16,0.33,4.2,113.86,71.071,27.97,123.145,4380
14/10:39:16,2.0,4.22,113.78,70.95,27.97,123.167,4381
14/10:39:17,3.87,4.25,113.6,71.225,27.97,123.178,4382
14/10:39:18,5.78,4.2,113.4,71.588,27.97,123.189,4383
14/10:39:18,7.95,4.2,113.22,71.984,27.97,123.2,4384
14/10:39:19,10.38,4.22,113.0,72.545,27.97,123.211,4385
14/10:39:19,12.41,4.23,112.78,72.963,27.97,123.222,4386
14/10:39:20,14.34,4.22,112.6,73.337,27.97,123.233,4387
14/10:39:20,16.37,4.24,112.38,73.766,27.97,123.244,4388
14/10:39:21,16.69,4.25,112.31,74.173,27.97,123.255,4389
14/10:39:21,16.8,4.27,112.28,74.679,27.96,123.266,4390
14/10:39:22,16.77,4.31,112.27,75.185,27.96,123.277,4391
14/10:39:22,16.72,4.31,112.25,75.537,27.96,123.288,4392
14/10:39:23,16.56,4.31,112.24,75.856,27.96,123.299,4393
14/10:39:23,16.48,4.31,112.24,76.241,27.96,123.31,4394
14/10:39:24,16.61,4.33,112.24,76.604,27.95,123.321,4395
14/10:39:24,16.71,4.33,112.24,76.923,27.95,123.332,4396
14/10:39:25,16.72,4.31,112.23,77.341,27.95,123.343,4397
14/10:39:25,16.79,4.28,112.22,77.803,27.95,123.354,4398
14/10:39:26,16.86,4.28,112.22,78.21,27.95,123.365,4399
14/10:39:26,16.83,4.28,112.21,78.584,27.95,123.376,4400
14/10:39:27,16.83,4.28,112.21,79.024,27.94,123.387,4401
14/10:39:28,16.76,4.27,112.2,79.431,27.94,123.398,4402
14/10:39:28,16.6,4.22,112.19,79.816,27.94,123.409,4403
14/10:39:29,16.59,4.22,112.18,80.179,27.94,123.42,4404
14/10:39:30,16.09,4.23,112.22,80.564,27.94,123.431,4405
14/10:39:30,12.33,4.23,112.49,80.74,27.93,123.453,4406
14/10:39:31,10.5,4.21,112.67,80.586,27.93,123.464,4407
14/10:39:31,8.66,4.22,112.85,80.3,27.93,123.475,4408
14/10:39:32,6.64,4.22,113.03,80.069,27.93,123.497,4409
14/10:39:32,4.56,4.25,113.22,79.926,27.93,123.508,4410
14/10:39:34,0.88,4.22,113.59,79.673,27.93,123.53,4411
14/10:39:34,0.48,4.23,113.64,79.508,27.93,123.541,4412
14/10:39:35,0.44,4.23,113.67,79.365,27.93,123.552,4413
14/10:39:35,0.44,4.23,113.69,79.123,27.93,123.563,4414
14/10:39:36,0.44,4.23,113.69,78.958,27.93,123.574,4415
14/10:39:36,0.44,4.22,113.7,78.804,27.93,123.585,4416
14/10:39:37,0.44,4.22,113.69,78.573,27.93,123.596,4417
14/10:39:37,0.44,4.21,113.7,78.463,27.94,123.607,4418
14/10:39:38,0.47,4.21,113.69,78.287,27.94,123.618,4419
14/10:39:38,0.56,4.21,113.69,78.177,27.94,123.629,4420
14/10:39:39,1.68,4.19,113.6,78.166,27.94,123.64,4421
14/10:39:39,3.13,4.21,113.45,78.309,27.94,123.651,4422
14/10:39:40,5.16,4.2,113.23,78.694,27.94,123.673,4423
14/10:39:41,5.2,4.19,113.21,78.694,27.94,123.684,4424
14/10:39:42,5.16,4.17,113.22,78.21,27.94,123.717,4425
14/10:39:43,3.49,4.15,113.38,77.737,27.94,123.739,4426
14/10:39:44,2.11,4.13,113.55,77.286,27.94,123.761,4427
14/10:39:44,3.69,4.14,113.42,77.363,27.94,123.772,4428
14/10:39:45,5.78,4.15,113.24,77.627,27.94,123.783,4429
14/10:39:46,10.19,4.2,112.8,78.353,27.94,123.805,4430
14/10:39:46,12.24,4.19,112.59,78.683,27.93,123.816,4431
14/10:39:47,14.39,4.21,112.41,78.991,27.93,123.816,4432
14/10:39:48,15.27,4.21,112.27,79.266,27.93,123.827,4433
14/10:39:48,14.24,4.2,112.32,79.42,27.93,123.849,4434
14/10:39:49,13.14,4.19,112.44,79.343,27.93,123.86,4435
14/10:39:49,11.05,4.19,112.59,79.145,27.93,123.871,4436
14/10:39:50,9.09,4.14,112.79,78.903,27.93,123.882,4437
14/10:39:50,7.15,4.15,112.99,78.65,27.93,123.893,4438
14/10:39:51,4.99,4.15,113.19,78.331,27.93,123.904,4439
14/10:39:51,3.24,4.13,113.34,78.045,27.93,123.915,4440
14/10:39:52,2.88,4.12,113.43,77.869,27.93,123.926,4441
14/10:39:53,3.56,4.13,113.4,77.814,27.93,123.937,4442
14/10:39:53,4.71,4.14,113.32,77.946,27.93,123.948,4443
14/10:39:53,6.33,4.13,113.17,78.067,27.93,123.959,4444
14/10:39:54,7.89,4.13,113.02,78.221,27.93,123.97,4445
14/10:39:54,9.18,4.12,112.89,78.386,27.93,123.981,4446
14/10:39:55,10.26,4.11,112.79,78.474,27.92,123.992,4447
14/10:39:56,11.04,4.11,112.7,78.474,27.92,124.003,4448
14/10:39:56,10.91,4.1,112.68,78.485,27.92,124.025,4449
14/10:39:57,10.2,4.08,112.71,78.474,27.92,124.036,4450
14/10:39:57,9.51,4.07,112.74,78.463,27.92,124.047,4451
14/10:39:58,8.8,4.08,112.79,78.496,27.92,124.058,4452
14/10:39:58,8.14,4.05,112.83,78.518,27.92,124.069,4453
14/10:39:59,7.96,4.08,112.88,78.496,27.92,124.08,4454
14/10:39:59,7.99,4.1,112.87,78.441,27.92,124.091,4455
14/10:40:00,8.08,4.1,112.84,78.408,27.92,124.102,4456
14/10:40:00,8.97,4.14,112.79,78.474,27.92,124.113,4457
14/10:40:01,9.68,4.16,112.71,78.661,27.92,124.124,4458
14/10:40:01,10.42,4.16,112.66,78.903,27.92,124.135,4459
14/10:40:02,11.1,4.17,112.59,79.211,27.91,124.146,4460
14/10:40:02,11.23,4.18,112.6,79.343,27.91,124.157,4461
14/10:40:03,11.21,4.17,112.61,79.354,27.91,124.168,4462
14/10:40:03,11.04,4.19,112.62,79.354,27.91,124.179,4463
14/10:40:04,10.6,4.18,112.64,79.409,27.91,124.19,4464
14/10:40:05,9.08,4.17,112.78,79.508,27.91,124.212,4465
14/10:40:06,8.39,4.2,112.84,79.585,27.91,124.223,4466
14/10:40:07,7.96,4.2,112.89,79.53,27.91,124.245,4467
14/10:40:07,8.02,4.19,112.89,79.486,27.91,124.267,4468
14/10:40:08,8.01,4.18,112.9,79.486,27.91,124.278,4469
14/10:40:08,7.99,4.19,112.88,79.552,27.9,124.289,4470
14/10:40:09,8.07,4.19,112.88,79.607,27.9,124.3,4471
14/10:40:09,8.1,4.19,112.87,79.629,27.9,124.311,4472
14/10:40:10,8.17,4.2,112.88,79.629,27.9,124.322,4473
14/10:40:10,8.13,4.2,112.9,79.607,27.9,124.333,4474
14/10:40:11,8.17,4.2,112.89,79.596,27.9,124.344,4475
14/10:40:11,8.26,4.21,112.91,79.618,27.9,124.355,4476
14/10:40:12,8.27,4.22,112.91,79.607,27.9,124.366,4477
14/10:40:12,8.24,4.22,112.93,79.662,27.9,124.377,4478
14/10:40:13,8.2,4.21,112.93,79.695,27.9,124.388,4479
14/10:40:14,8.23,4.22,112.93,79.684,27.9,124.399,4480
14/10:40:14,8.25,4.22,112.92,79.662,27.9,124.41,4481
14/10:40:15,8.3,4.22,112.9,79.651,27.9,124.421,4482
14/10:40:15,7.99,4.21,112.88,79.596,27.9,124.454,4483
14/10:40:16,8.02,4.2,112.88,79.563,27.9,124.465,4484
14/10:40:16,8.05,4.2,112.88,79.552,27.9,124.476,4485
14/10:40:17,8.01,4.19,112.89,79.552,27.89,124.487,4486
14/10:40:18,7.86,4.19,112.9,79.486,27.89,124.498,4487
14/10:40:18,7.55,4.18,112.91,79.453,27.89,124.509,4488
14/10:40:19,7.38,4.17,112.91,79.464,27.89,124.52,4489
14/10:40:19,7.41,4.17,112.91,79.475,27.89,124.531,4490
14/10:40:20,7.48,4.16,112.91,79.475,27.89,124.542,4491
14/10:40:20,7.64,4.16,112.92,79.497,27.89,124.553,4492
14/10:40:21,7.73,4.16,112.92,79.53,27.89,124.564,4493
14/10:40:21,7.91,4.16,112.91,79.475,27.89,124.575,4494
14/10:40:22,8.22,4.18,112.9,79.431,27.89,124.586,4495
14/10:40:22,8.24,4.12,112.96,79.497,27.89,124.597,4496
14/10:40:23,7.8,3.89,113.18,79.684,27.89,124.608,4497
14/10:40:23,7.28,3.69,113.39,79.97,27.89,124.608,4498
14/10:40:25,6.14,3.22,113.84,79.904,27.89,124.652,4499
14/10:40:25,5.63,2.97,114.1,79.794,27.89,124.652,4500
14/10:40:25,4.95,2.75,114.3,79.849,27.89,124.674,4501
14/10:40:26,4.65,2.72,114.3,79.717,27.89,124.685,4502
14/10:40:27,4.99,2.87,114.16,79.585,27.89,124.696,4503
14/10:40:27,5.64,3.07,113.91,79.552,27.89,124.707,4504
14/10:40:28,6.44,3.3,113.69,79.475,27.89,124.718,4505
14/10:40:28,6.91,3.49,113.48,79.475,27.88,124.729,4506
14/10:40:29,7.28,3.7,113.27,79.541,27.88,124.74,4507
14/10:40:29,7.66,3.93,113.05,79.563,27.88,124.751,4508
14/10:40:31,8.28,4.14,112.86,79.772,27.88,124.784,4509
14/10:40:31,8.33,4.15,112.86,79.673,27.88,124.795,4510
14/10:40:32,8.04,4.16,112.86,79.618,27.88,124.806,4511
14/10:40:32,7.89,4.17,112.85,79.673,27.88,124.817,4512
14/10:40:34,8.27,4.18,112.84,80.047,27.88,124.861,4513
14/10:40:35,8.39,4.18,112.84,80.102,27.88,124.872,4514
14/10:40:35,8.11,4.18,112.84,80.168,27.88,124.883,4515
14/10:40:36,8.02,4.18,112.84,80.432,27.88,124.905,4516
14/10:40:36,8.35,4.18,112.85,80.608,27.88,124.916,4517
14/10:40:37,8.4,4.19,112.85,80.74,27.87,124.916,4518
14/10:40:38,8.26,4.18,112.86,80.883,27.87,124.927,4519
14/10:40:38,8.03,4.18,112.85,81.015,27.87,124.949,4520
14/10:40:39,8.16,4.17,112.85,81.257,27.87,124.971,4521
14/10:40:40,8.2,4.17,112.84,81.433,27.87,124.982,4522
14/10:40:40,7.95,4.16,112.84,81.598,27.87,124.993,4523
14/10:40:41,7.21,4.16,112.87,81.763,27.87,125.004,4524
14/10:40:41,6.57,4.15,112.94,81.785,27.87,125.015,4525
14/10:40:42,6.08,4.16,112.99,81.807,27.87,125.037,4526
14/10:40:42,5.28,4.15,113.05,81.829,27.87,125.048,4527
14/10:40:43,4.54,4.15,113.1,81.818,27.87,125.059,4528
14/10:40:43,4.03,4.16,113.18,81.741,27.87,125.07,4529
14/10:40:44,3.15,4.15,113.26,81.62,27.87,125.081,4530
14/10:40:44,2.18,4.15,113.36,81.598,27.87,125.092,4531
14/10:40:45,1.89,4.15,113.41,81.532,27.87,125.103,4532
14/10:40:46,1.61,4.14,113.45,81.433,27.87,125.114,4533
14/10:40:46,1.31,4.13,113.48,81.389,27.87,125.125,4534
14/10:40:46,1.05,4.12,113.52,81.29,27.87,125.136,4535
14/10:40:47,0.75,4.11,113.56,81.158,27.87,125.147,4536
14/10:40:48,0.45,4.1,113.6,81.235,27.87,125.18,4537
14/10:40:49,0.45,4.09,113.6,81.125,27.87,125.191,4538
14/10:40:49,0.45,4.09,113.6,80.927,27.87,125.202,4539
14/10:40:50,0.45,4.08,113.61,80.883,27.87,125.213,4540
14/10:40:50,0.45,4.08,113.62,80.817,27.87,125.224,4541
14/10:40:51,0.45,4.08,113.63,80.762,27.88,125.235,4542
14/10:40:51,0.45,4.08,113.63,80.641,27.88,125.246,4543
14/10:40:52,0.45,4.07,113.63,80.542,27.88,125.257,4544
14/10:40:52,0.45,4.07,113.63,80.399,27.88,125.268,4545
14/10:40:53,0.45,4.07,113.63,80.267,27.88,125.279,4546
14/10:40:54,0.45,4.07,113.63,80.058,27.88,125.29,4547
14/10:40:54,0.45,4.07,113.64,79.849,27.88,125.301,4548
14/10:40:55,0.45,4.07,113.64,79.64,27.88,125.312,4549
14/10:40:55,0.45,4.07,113.64,79.508,27.88,125.323,4550
14/10:40:56,0.45,4.07,113.64,79.365,27.88,125.345,4551
14/10:40:57,0.45,4.07,113.65,78.991,27.88,125.367,4552
14/10:40:57,0.45,4.07,113.66,78.705,27.88,125.378,4553
14/10:40:58,0.45,4.08,113.66,78.32,27.88,125.4,4554
14/10:40:59,0.45,4.09,113.66,78.144,27.88,125.411,4555
14/10:40:59,0.45,4.09,113.66,78.001,27.88,125.422,4556
14/10:41:00,0.45,4.1,113.68,77.836,27.88,125.433,4557
14/10:41:00,0.45,4.11,113.68,77.55,27.88,125.444,4558
14/10:41:01,0.45,4.12,113.69,77.253,27.89,125.455,4559
14/10:41:02,0.47,4.13,113.68,77.033,27.89,125.466,4560
14/10:41:02,0.59,4.14,113.67,76.857,27.89,125.477,4561
14/10:41:02,1.82,4.14,113.6,76.78,27.89,125.488,4562
14/10:41:03,3.15,4.16,113.49,76.835,27.89,125.499,4563
14/10:41:03,4.42,4.17,113.37,77.011,27.89,125.51,4564
14/10:41:04,5.81,4.18,113.24,77.121,27.89,125.521,4565
14/10:41:05,8.42,4.16,112.98,77.462,27.89,125.543,4566
14/10:41:05,9.64,4.14,112.86,77.583,27.89,125.554,4567
14/10:41:06,10.9,4.14,112.74,77.77,27.88,125.565,4568
14/10:41:07,11.09,4.16,112.7,77.968,27.88,125.576,4569
14/10:41:07,11.13,4.14,112.7,78.243,27.88,125.587,4570
14/10:41:07,11.26,4.13,112.67,78.353,27.88,125.598,4571
14/10:41:08,11.45,4.13,112.67,78.441,27.88,125.609,4572
14/10:41:09,11.61,4.14,112.65,78.562,27.88,125.62,4573
14/10:41:10,11.66,4.17,112.64,78.705,27.88,125.631,4574
14/10:41:10,11.62,4.19,112.64,78.848,27.88,125.642,4575
14/10:41:10,11.45,4.19,112.64,79.046,27.88,125.664,4576
14/10:41:11,11.31,4.16,112.64,79.178,27.87,125.675,4577
14/10:41:11,11.21,4.15,112.61,79.222,27.87,125.686,4578
14/10:41:12,10.77,4.14,112.62,79.354,27.87,125.697,4579
14/10:41:13,10.04,4.13,112.67,79.431,27.87,125.708,4580
14/10:41:13,9.64,4.12,112.71,79.398,27.87,125.708,4581
14/10:41:13,9.33,4.11,112.76,79.332,27.87,125.73,4582
14/10:41:14,9.01,4.1,112.78,79.31,27.87,125.741,4583
14/10:41:14,8.79,4.1,112.81,79.288,27.87,125.752,4584
14/10:41:15,8.6,4.11,112.86,79.167,27.87,125.763,4585
14/10:41:16,8.16,4.12,112.88,79.101,27.87,125.774,4586
14/10:41:16,8.0,4.11,112.9,79.024,27.87,125.785,4587
14/10:41:17,7.9,4.12,112.9,79.046,27.87,125.796,4588
14/10:41:18,7.34,4.08,112.9,78.936,27.87,125.818,4589
14/10:41:18,7.11,4.07,112.92,78.925,27.86,125.829,4590
14/10:41:19,6.86,4.07,112.93,78.958,27.86,125.84,4591
14/10:41:20,6.56,4.07,112.95,78.936,27.86,125.851,4592
14/10:41:20,6.45,4.06,112.96,78.749,27.86,125.873,4593
14/10:41:21,6.42,4.06,112.96,78.562,27.86,125.895,4594
14/10:41:21,6.49,4.07,112.97,78.474,27.86,125.906,4595
14/10:41:22,6.62,4.09,112.95,78.331,27.86,125.917,4596
14/10:41:22,6.72,4.1,112.95,78.166,27.86,125.928,4597
14/10:41:23,6.9,4.12,112.94,78.1,27.86,125.939,4598
14/10:41:23,6.95,4.13,112.94,77.891,27.86,125.95,4599
14/10:41:24,7.11,4.14,112.95,77.627,27.86,125.972,4600
14/10:41:25,7.03,4.14,112.96,77.451,27.86,125.983,4601
14/10:41:26,6.88,4.15,112.96,77.308,27.86,126.005,4602
14/10:41:27,6.8,4.16,112.95,77.242,27.86,126.016,4603
14/10:41:27,6.67,4.16,112.97,77.022,27.86,126.016,4604
14/10:41:28,6.65,4.17,112.96,76.879,27.86,126.027,4605
14/10:41:29,7.07,4.21,112.95,76.527,27.86,126.071,4606
14/10:41:30,7.27,4.23,112.96,76.582,27.86,126.082,4607
14/10:41:30,7.35,4.23,112.95,76.582,27.86,126.093,4608
14/10:41:31,7.35,4.23,112.94,76.582,27.86,126.104,4609
14/10:41:31,7.31,4.23,112.94,76.45,27.85,126.115,4610
14/10:41:32,7.19,4.23,112.94,76.362,27.85,126.126,4611
14/10:41:32,7.06,4.23,112.94,76.263,27.85,126.137,4612
14/10:41:33,7.04,4.24,112.93,76.153,27.85,126.148,4613
14/10:41:34,7.03,4.24,112.92,76.01,27.85,126.159,4614
14/10:41:34,7.15,4.25,112.94,76.01,27.85,126.17,4615
14/10:41:34,7.22,4.25,112.94,76.076,27.85,126.181,4616
14/10:41:35,7.25,4.24,112.95,76.12,27.85,126.192,4617
14/10:41:35,7.28,4.24,112.97,75.988,27.85,126.203,4618
14/10:41:36,7.35,4.23,112.97,75.856,27.85,126.214,4619
14/10:41:37,7.5,4.23,112.98,75.878,27.85,126.225,4620
14/10:41:38,7.5,4.25,112.97,75.988,27.85,126.247,4621
14/10:41:38,7.28,4.25,112.97,75.977,27.85,126.258,4622
14/10:41:39,7.17,4.25,112.97,75.812,27.85,126.269,4623
14/10:41:39,7.45,4.26,112.95,75.691,27.85,126.28,4624
14/10:41:40,8.13,4.27,112.9,75.691,27.85,126.291,4625
14/10:41:40,8.83,4.26,112.85,75.812,27.85,126.302,4626
14/10:41:41,9.06,4.25,112.8,75.856,27.85,126.313,4627
14/10:41:41,9.14,4.22,112.77,75.922,27.85,126.324,4628
14/10:41:42,9.48,4.2,112.7,76.065,27.84,126.335,4629
14/10:41:43,10.07,4.19,112.66,76.208,27.84,126.346,4630
14/10:41:43,10.81,4.18,112.61,76.263,27.84,126.357,4631
14/10:41:44,10.97,4.16,112.54,76.45,27.84,126.379,4632
14/10:41:45,10.7,4.14,112.53,76.527,27.84,126.401,4633
14/10:41:45,10.73,4.16,112.53,76.516,27.84,126.412,4634
14/10:41:46,10.73,4.17,112.55,76.637,27.84,126.423,4635
14/10:41:47,10.52,4.17,112.54,76.835,27.84,126.445,4636
14/10:41:48,10.57,4.11,112.56,76.868,27.83,126.456,4637
14/10:41:49,11.0,3.47,112.53,77.297,27.83,126.478,4638
14/10:41:49,11.36,3.19,112.47,77.583,27.83,126.489,4639
14/10:41:50,11.78,2.82,112.4,77.803,27.83,126.511,4640
14/10:41:51,12.12,2.23,112.28,78.001,27.83,126.533,4641
14/10:41:51,12.17,1.88,112.22,78.276,27.83,126.544,4642
14/10:41:52,12.28,1.82,112.19,78.474,27.82,126.555,4643
14/10:41:52,12.28,2.01,112.17,78.628,27.82,126.566,4644
14/10:41:53,11.66,2.34,112.23,78.793,27.82,126.577,4645
14/10:41:54,11.02,2.6,112.31,78.826,27.82,126.588,4646
14/10:41:54,10.34,2.61,112.4,78.727,27.82,126.599,4647
14/10:41:55,9.32,2.63,112.52,78.606,27.82,126.621,4648
14/10:41:56,8.07,2.63,112.65,78.463,27.81,126.643,4649
14/10:41:57,7.74,2.28,112.68,78.408,27.81,126.654,4650
14/10:41:57,7.74,1.99,112.68,78.353,27.81,126.665,4651
14/10:41:58,7.68,1.79,112.66,78.353,27.81,126.676,4652
14/10:41:58,7.73,1.93,112.67,78.364,27.81,126.687,4653
14/10:41:59,7.8,2.23,112.7,78.298,27.81,126.698,4654
14/10:41:59,7.88,2.52,112.72,78.188,27.81,126.709,4655
14/10:42:00,8.0,2.81,112.76,78.133,27.81,126.72,4656
14/10:42:01,7.98,3.16,112.79,78.21,27.81,126.742,4657
14/10:42:02,8.12,3.84,112.85,78.177,27.81,126.775,4658
14/10:42:03,8.2,3.88,112.87,78.221,27.8,126.786,4659
14/10:42:04,8.28,3.86,112.85,78.188,27.8,126.797,4660
14/10:42:04,8.56,3.8,112.81,78.221,27.8,126.808,4661
14/10:42:04,8.98,4.06,112.77,78.331,27.8,126.83,4662
14/10:42:05,9.63,4.13,112.66,78.694,27.8,126.852,4663
14/10:42:06,9.9,4.13,112.63,78.804,27.8,126.863,4664
14/10:42:07,10.37,4.12,112.52,79.057,27.8,126.885,4665
14/10:42:08,10.83,4.19,112.48,79.211,27.8,126.907,4666
14/10:42:09,11.01,4.19,112.48,79.2,27.8,126.918,4667
14/10:42:09,10.61,4.19,112.53,79.2,27.79,126.929,4668
14/10:42:10,10.4,4.1,112.56,79.2,27.79,126.94,4669
14/10:42:10,10.16,3.83,112.59,79.101,27.79,126.951,4670
14/10:42:11,9.66,3.54,112.61,79.101,27.79,126.962,4671
14/10:42:12,9.06,3.23,112.63,79.046,27.79,126.973,4672
14/10:42:12,7.5,2.65,112.66,78.826,27.79,126.995,4673
14/10:42:13,6.71,1.98,112.63,78.881,27.79,127.028,4674
14/10:42:14,6.59,1.84,112.6,78.727,27.79,127.028,4675
14/10:42:14,6.46,1.83,112.6,78.595,27.79,127.039,4676
14/10:42:15,6.56,1.82,112.6,78.452,27.79,127.061,4677
14/10:42:15,6.87,1.83,112.59,78.342,27.79,127.072,4678
14/10:42:16,7.11,1.85,112.59,78.21,27.78,127.083,4679
14/10:42:17,7.53,1.87,112.56,77.979,27.78,127.105,4680
14/10:42:18,7.63,1.87,112.56,77.781,27.78,127.116,4681
14/10:42:19,7.56,1.92,112.56,77.726,27.78,127.127,4682
14/10:42:19,7.55,2.21,112.6,77.55,27.78,127.149,4683
14/10:42:20,7.56,2.56,112.62,77.484,27.78,127.16,4684
14/10:42:20,7.49,2.88,112.63,77.451,27.78,127.171,4685
14/10:42:21,7.35,3.15,112.65,77.363,27.78,127.182,4686
14/10:42:21,7.4,3.44,112.67,77.33,27.78,127.193,4687
14/10:42:22,7.44,3.75,112.69,77.297,27.78,127.204,4688
14/10:42:23,7.52,4.07,112.69,77.308,27.78,127.215,4689
14/10:42:23,7.72,4.26,112.71,77.264,27.78,127.226,4690
14/10:42:23,7.83,4.26,112.7,77.165,27.77,127.237,4691
14/10:42:24,7.83,4.24,112.7,77.176,27.77,127.248,4692
14/10:42:24,8.12,4.24,112.69,77.187,27.77,127.259,4693
14/10:42:25,8.67,4.25,112.67,77.198,27.77,127.27,4694
14/10:42:25,9.17,4.26,112.64,77.22,27.77,127.281,4695
14/10:42:26,9.66,4.25,112.6,77.22,27.77,127.292,4696
14/10:42:27,10.35,4.25,112.57,77.385,27.77,127.303,4697
14/10:42:27,10.72,4.27,112.54,77.517,27.77,127.314,4698
14/10:42:28,11.19,4.27,112.51,77.484,27.77,127.325,4699
14/10:42:28,11.71,4.27,112.47,77.528,27.77,127.336,4700
14/10:42:29,11.95,4.26,112.45,77.649,27.77,127.347,4701
14/10:42:29,11.98,4.25,112.44,77.748,27.77,127.358,4702
14/10:42:30,11.99,4.25,112.44,77.836,27.76,127.38,4703
14/10:42:30,12.04,4.25,112.43,77.836,27.76,127.391,4704
14/10:42:31,11.94,4.24,112.42,77.77,27.76,127.391,4705
14/10:42:31,11.74,4.23,112.41,77.792,27.76,127.413,4706
14/10:42:32,10.96,4.21,112.45,77.836,27.76,127.424,4707
14/10:42:32,10.86,4.22,112.46,77.858,27.76,127.435,4708
14/10:42:33,11.01,4.21,112.44,77.924,27.76,127.446,4709
14/10:42:33,11.2,4.21,112.4,78.023,27.76,127.457,4710
14/10:42:34,11.49,4.21,112.33,78.232,27.75,127.479,4711
14/10:42:35,11.78,4.22,112.3,78.375,27.75,127.49,4712
14/10:42:36,12.48,4.22,112.26,78.606,27.75,127.501,4713
14/10:42:36,13.81,4.22,112.17,78.815,27.75,127.512,4714
14/10:42:37,13.95,4.21,112.15,78.936,27.75,127.534,4715
14/10:42:38,13.24,4.19,112.21,78.826,27.75,127.545,4716
14/10:42:38,12.39,4.19,112.27,78.815,27.75,127.556,4717
14/10:42:39,11.46,4.16,112.37,78.716,27.74,127.567,4718
14/10:42:39,10.39,4.16,112.43,78.639,27.74,127.578,4719
14/10:42:40,9.39,4.16,112.51,78.529,27.74,127.589,4720
14/10:42:40,8.71,4.15,112.56,78.441,27.74,127.6,4721
14/10:42:41,8.22,4.16,112.6,78.43,27.74,127.611,4722
14/10:42:41,8.08,4.15,112.6,78.485,27.74,127.622,4723
14/10:42:42,8.34,4.16,112.57,78.43,27.74,127.633,4724
14/10:42:42,8.92,4.16,112.55,78.386,27.74,127.644,4725
14/10:42:44,11.19,4.15,112.34,78.782,27.74,127.677,4726
14/10:42:44,11.55,4.14,112.33,78.903,27.74,127.699,4727
14/10:42:45,12.0,4.15,112.28,78.969,27.73,127.71,4728
14/10:42:46,12.5,4.16,112.28,79.09,27.73,127.721,4729
14/10:42:46,13.01,4.15,112.24,79.222,27.73,127.732,4730
14/10:42:46,12.91,4.15,112.24,79.398,27.73,127.743,4731
14/10:42:47,12.19,4.13,112.3,79.453,27.73,127.754,4732
14/10:42:48,11.5,4.13,112.35,79.475,27.73,127.765,4733
14/10:42:48,10.7,4.13,112.39,79.431,27.73,127.776,4734
14/10:42:50,9.19,4.11,112.49,79.134,27.73,127.798,4735
14/10:42:50,8.51,4.11,112.56,78.991,27.72,127.82,4736
14/10:42:51,8.53,4.1,112.56,78.991,27.72,127.831,4737
14/10:42:51,9.02,4.12,112.52,79.079,27.72,127.842,4738
14/10:42:52,9.39,4.13,112.49,79.079,27.72,127.853,4739
14/10:42:53,9.65,4.14,112.46,79.123,27.72,127.864,4740
14/10:42:53,10.04,4.14,112.42,79.2,27.72,127.875,4741
14/10:42:54,10.17,4.15,112.4,79.31,27.72,127.897,4742
14/10:42:54,10.28,4.15,112.39,79.387,27.72,127.908,4743
14/10:42:54,10.25,4.16,112.38,79.42,27.72,127.908,4744
14/10:42:55,10.48,4.16,112.41,79.486,27.72,127.941,4745
14/10:42:56,10.55,4.16,112.4,79.552,27.72,127.952,4746
14/10:42:57,10.56,4.16,112.39,79.541,27.71,127.963,4747
14/10:42:57,10.61,4.16,112.38,79.563,27.71,127.974,4748
14/10:42:57,10.81,4.17,112.37,79.607,27.71,127.985,4749
14/10:42:58,10.94,4.17,112.39,79.585,27.71,127.996,4750
14/10:42:59,10.53,4.16,112.38,79.662,27.71,128.018,4751
14/10:43:00,10.45,4.16,112.37,79.794,27.71,128.029,4752
14/10:43:00,10.53,4.16,112.37,79.86,27.71,128.04,4753
14/10:43:01,10.69,4.17,112.39,79.948,27.71,128.051,4754
14/10:43:01,10.82,4.17,112.4,79.992,27.71,128.062,4755
14/10:43:02,10.75,4.19,112.41,79.948,27.7,128.073,4756
14/10:43:02,10.47,4.2,112.4,79.937,27.7,128.084,4757
14/10:43:03,10.52,4.21,112.41,79.959,27.7,128.117,4758
14/10:43:04,10.48,4.23,112.41,80.036,27.7,128.128,4759
14/10:43:04,10.54,4.23,112.43,80.036,27.7,128.139,4760
14/10:43:05,10.47,4.24,112.42,79.948,27.7,128.15,4761
14/10:43:06,10.51,4.24,112.41,79.871,27.7,128.161,4762
14/10:43:06,10.67,4.23,112.42,79.827,27.7,128.172,4763
14/10:43:07,10.86,4.24,112.43,79.816,27.7,128.183,4764
14/10:43:08,10.76,4.24,112.4,79.728,27.69,128.205,4765
14/10:43:08,10.14,4.24,112.44,79.761,27.69,128.216,4766
14/10:43:09,9.49,4.23,112.48,79.728,27.69,128.216,4767
14/10:43:09,8.92,4.23,112.53,79.618,27.69,128.227,4768
14/10:43:10,8.82,4.23,112.55,79.508,27.69,128.249,4769
14/10:43:10,8.7,4.24,112.56,79.409,27.69,128.26,4770
14/10:43:11,8.38,4.24,112.56,79.387,27.69,128.282,4771
14/10:43:11,8.09,4.23,112.59,79.387,27.69,128.293,4772
14/10:43:12,8.36,4.23,112.59,79.475,27.69,128.304,4773
14/10:43:12,8.89,4.23,112.56,79.453,27.69,128.315,4774
14/10:43:13,9.38,4.24,112.52,79.387,27.69,128.326,4775
14/10:43:14,9.76,4.25,112.5,79.211,27.69,128.337,4776
14/10:43:14,9.85,4.24,112.51,79.156,27.69,128.348,4777
14/10:43:15,9.97,4.24,112.51,79.2,27.68,128.359,4778
14/10:43:15,10.21,4.26,112.51,79.288,27.68,128.37,4779
14/10:43:16,10.33,4.25,112.51,79.387,27.68,128.381,4780
14/10:43:16,10.35,4.25,112.48,79.332,27.68,128.392,4781
14/10:43:17,10.41,4.25,112.46,79.277,27.68,128.403,4782
14/10:43:17,10.53,4.24,112.45,79.332,27.68,128.414,4783
14/10:43:18,10.49,4.24,112.41,79.475,27.68,128.425,4784
14/10:43:19,10.63,4.23,112.38,79.431,27.68,128.447,4785
14/10:43:20,10.65,4.21,112.38,79.387,27.68,128.458,4786
14/10:43:20,11.37,4.22,112.34,79.508,27.67,128.48,4787
14/10:43:21,11.75,4.22,112.3,79.706,27.67,128.491,4788
14/10:43:21,11.91,4.22,112.27,79.893,27.67,128.513,4789
14/10:43:22,12.22,4.22,112.25,79.981,27.67,128.524,4790
14/10:43:22,12.56,4.23,112.23,80.102,27.67,128.535,4791
14/10:43:23,12.84,4.25,112.19,80.146,27.67,128.546,4792
14/10:43:23,12.85,4.24,112.17,80.234,27.67,128.557,4793
14/10:43:24,12.74,4.24,112.16,80.399,27.67,128.568,4794
14/10:43:24,12.84,4.26,112.16,80.564,27.66,128.579,4795
14/10:43:25,12.9,4.27,112.17,80.718,27.66,128.59,4796
14/10:43:26,12.9,4.27,112.17,80.784,27.66,128.601,4797
14/10:43:26,12.72,4.28,112.16,80.85,27.66,128.612,4798
14/10:43:27,12.66,4.26,112.16,80.982,27.66,128.623,4799
14/10:43:27,12.69,4.27,112.16,81.004,27.66,128.634,4800
14/10:43:28,12.81,4.28,112.16,81.059,27.66,128.645,4801
14/10:43:28,12.76,4.28,112.17,81.224,27.66,128.656,4802
14/10:43:29,12.57,4.28,112.15,81.411,27.65,128.667,4803
14/10:43:29,12.62,4.27,112.15,81.444,27.65,128.689,4804
14/10:43:30,12.72,4.27,112.15,81.488,27.65,128.7,4805
14/10:43:30,12.61,4.27,112.15,81.565,27.65,128.711,4806
14/10:43:31,12.54,4.28,112.16,81.708,27.65,128.722,4807
14/10:43:32,12.42,4.31,112.15,81.829,27.65,128.744,4808
14/10:43:33,12.61,4.33,112.15,81.774,27.65,128.755,4809
14/10:43:33,12.72,4.35,112.17,81.763,27.65,128.766,4810
14/10:43:33,12.49,4.37,112.17,81.818,27.64,128.777,4811
14/10:43:34,12.57,4.38,112.17,81.972,27.64,128.788,4812
14/10:43:35,11.42,4.38,112.25,81.917,27.64,128.821,4813
14/10:43:36,10.77,4.37,112.32,81.752,27.64,128.832,4814
14/10:43:36,10.24,4.35,112.39,81.631,27.64,128.843,4815
14/10:43:37,8.97,4.33,112.5,81.444,27.64,128.854,4816
14/10:43:37,7.48,4.32,112.62,81.268,27.64,128.865,4817
14/10:43:38,6.36,4.31,112.74,81.114,27.64,128.876,4818
14/10:43:38,5.31,4.3,112.86,80.905,27.64,128.887,4819
14/10:43:39,4.28,4.28,112.97,80.366,27.64,128.909,4820
14/10:43:40,3.78,4.28,113.02,80.157,27.64,128.92,4821
14/10:43:40,3.19,4.28,113.06,80.025,27.64,128.931,4822
14/10:43:41,3.25,4.28,113.06,79.849,27.64,128.942,4823
14/10:43:41,3.41,4.28,113.08,79.607,27.64,128.953,4824
14/10:43:42,3.49,4.3,113.07,79.387,27.64,128.975,4825
14/10:43:43,3.4,4.31,113.08,79.167,27.64,128.986,4826
14/10:43:43,3.23,4.31,113.08,78.925,27.64,128.997,4827
14/10:43:44,3.2,4.32,113.08,78.672,27.64,129.008,4828
14/10:43:44,3.19,4.32,113.08,78.507,27.64,129.008,4829
14/10:43:45,3.2,4.31,113.09,78.331,27.64,129.03,4830
14/10:43:45,3.13,4.28,113.1,78.166,27.64,129.041,4831
14/10:43:46,2.91,4.28,113.09,77.957,27.64,129.052,4832
14/10:43:46,2.75,4.27,113.09,77.726,27.64,129.063,4833
14/10:43:46,2.59,4.26,113.1,77.583,27.64,129.074,4834
14/10:43:47,2.97,4.26,113.07,77.385,27.64,129.085,4835
14/10:43:48,3.44,4.26,113.03,77.286,27.64,129.096,4836
14/10:43:49,4.56,4.28,112.93,77.253,27.64,129.118,4837
14/10:43:49,5.26,4.32,112.86,77.242,27.64,129.129,4838
14/10:43:50,6.09,4.34,112.82,77.264,27.64,129.14,4839
14/10:43:51,7.05,4.35,112.77,77.363,27.64,129.151,4840
14/10:43:52,7.98,4.37,112.7,77.352,27.64,129.173,4841
14/10:43:52,8.13,4.36,112.7,77.374,27.64,129.184,4842
14/10:43:52,8.15,4.36,112.68,77.242,27.64,129.195,4843
14/10:43:53,8.1,4.35,112.7,77.209,27.64,129.206,4844
14/10:43:53,7.87,4.32,112.7,77.198,27.63,129.217,4845
14/10:43:54,7.56,4.31,112.71,77.187,27.63,129.228,4846
14/10:43:55,7.25,4.31,112.72,77.22,27.63,129.239,4847
14/10:43:55,7.05,4.31,112.73,77.11,27.63,129.25,4848
14/10:43:56,7.06,4.32,112.74,77.11,27.63,129.261,4849
14/10:43:57,7.28,4.34,112.76,77.176,27.63,129.283,4850
14/10:43:57,7.51,4.36,112.76,77.165,27.63,129.294,4851
14/10:43:58,7.83,4.4,112.76,77.187,27.63,129.305,4852
14/10:43:58,8.19,4.4,112.76,77.297,27.63,129.316,4853
14/10:43:59,8.65,4.4,112.72,77.308,27.63,129.316,4854
14/10:43:59,9.14,4.4,112.71,77.352,27.63,129.327,4855
14/10:44:00,9.62,4.37,112.65,77.517,27.63,129.371,4856
14/10:44:01,9.81,4.38,112.63,77.682,27.63,129.382,4857
14/10:44:01,10.0,4.39,112.6,77.671,27.63,129.393,4858
14/10:44:02,10.01,4.39,112.56,77.561,27.63,129.404,4859
14/10:44:02,9.91,4.37,112.55,77.594,27.62,129.415,4860
14/10:44:03,9.74,4.36,112.53,77.616,27.62,129.426,4861
14/10:44:05,9.45,4.39,112.54,77.572,27.62,129.459,4862
14/10:44:06,9.56,4.37,112.53,77.561,27.62,129.481,4863
14/10:44:06,9.83,4.36,112.52,77.682,27.62,129.492,4864
14/10:44:07,10.27,4.37,112.49,77.792,27.62,129.503,4865
14/10:44:07,10.87,4.38,112.47,78.001,27.62,129.514,4866
14/10:44:08,11.32,4.38,112.41,78.1,27.62,129.525,4867
14/10:44:08,11.84,4.35,112.38,78.287,27.62,129.536,4868
14/10:44:09,12.52,4.35,112.32,78.529,27.61,129.558,4869
14/10:44:10,12.67,4.34,112.28,78.661,27.61,129.569,4870
14/10:44:10,12.61,4.35,112.26,78.815,27.61,129.58,4871
14/10:44:11,12.44,4.35,112.26,78.892,27.61,129.591,4872
14/10:44:11,12.1,4.35,112.27,79.057,27.61,129.602,4873
14/10:44:12,11.86,4.36,112.28,79.156,27.61,129.613,4874
14/10:44:13,11.63,4.35,112.26,79.321,27.61,129.624,4875
14/10:44:13,11.51,4.36,112.26,79.464,27.61,129.646,4876
14/10:44:13,11.55,4.37,112.26,79.607,27.6,129.657,4877
14/10:44:14,11.66,4.37,112.26,79.629,27.6,129.668,4878
14/10:44:15,11.67,4.35,112.27,79.695,27.6,129.679,4879
14/10:44:15,11.73,4.35,112.27,79.783,27.6,129.69,4880
14/10:44:16,11.71,4.33,112.26,79.86,27.6,129.701,4881
14/10:44:16,11.82,4.33,112.27,80.102,27.6,129.723,4882
14/10:44:17,11.96,4.32,112.25,80.234,27.6,129.734,4883
14/10:44:18,11.43,4.32,112.24,80.498,27.59,129.756,4884
14/10:44:19,11.41,4.32,112.24,80.663,27.59,129.767,4885
14/10:44:19,11.66,4.31,112.23,80.795,27.59,129.778,4886
14/10:44:20,11.82,4.32,112.24,80.839,27.59,129.789,4887
14/10:44:20,11.7,4.32,112.23,80.883,27.59,129.8,4888
14/10:44:21,11.53,4.32,112.22,81.004,27.59,129.811,4889
14/10:44:21,11.51,4.32,112.22,81.136,27.59,129.822,4890
14/10:44:22,11.71,4.32,112.23,81.158,27.59,129.844,4891
14/10:44:22,11.8,4.34,112.23,81.202,27.59,129.855,4892
14/10:44:23,11.39,4.34,112.26,81.235,27.57,129.866,4893
14/10:44:24,10.95,4.34,112.28,81.29,27.57,129.877,4894
14/10:44:24,10.91,4.35,112.31,81.29,27.57,129.888,4895
14/10:44:24,10.73,4.37,112.35,81.301,27.57,129.899,4896
14/10:44:25,10.31,4.37,112.38,81.301,27.57,129.91,4897
14/10:44:26,10.05,4.38,112.43,81.367,27.57,129.921,4898
14/10:44:26,9.78,4.38,112.45,81.334,27.57,129.932,4899
14/10:44:27,9.62,4.38,112.47,81.279,27.57,129.943,4900
14/10:44:27,9.64,4.39,112.46,81.334,27.57,129.954,4901
14/10:44:28,9.71,4.39,112.47,81.312,27.57,129.976,4902
14/10:44:28,9.48,4.38,112.47,81.257,27.57,129.987,4903
14/10:44:29,9.48,4.37,112.46,81.213,27.57,129.998,4904
14/10:44:29,9.54,4.38,112.46,81.312,27.56,130.009,4905
14/10:44:30,9.57,4.38,112.45,81.356,27.56,130.02,4906
14/10:44:30,9.53,4.38,112.44,81.367,27.56,130.031,4907
14/10:44:31,9.67,4.38,112.46,81.411,27.56,130.053,4908
14/10:44:32,9.61,4.38,112.45,81.4,27.56,130.064,4909
14/10:44:32,9.63,4.38,112.45,81.389,27.56,130.075,4910
14/10:44:33,9.64,4.38,112.43,81.367,27.56,130.086,4911
14/10:44:34,9.86,4.38,112.43,81.378,27.56,130.097,4912
14/10:44:35,9.56,4.37,112.42,81.334,27.56,130.108,4913
14/10:44:35,9.82,4.36,112.41,81.367,27.56,130.141,4914
14/10:44:36,9.51,4.35,112.41,81.224,27.56,130.152,4915
14/10:44:36,9.09,4.34,112.44,81.114,27.56,130.163,4916
14/10:44:37,8.63,4.33,112.47,81.081,27.56,130.174,4917
14/10:44:37,8.26,4.32,112.53,80.927,27.56,130.185,4918
14/10:44:38,7.55,4.31,112.63,80.685,27.56,130.207,4919
14/10:44:39,7.04,4.3,112.67,80.586,27.56,130.218,4920
14/10:44:39,6.32,4.28,112.72,80.443,27.56,130.229,4921
14/10:44:40,6.18,4.3,112.74,80.399,27.56,130.24,4922
14/10:44:40,6.45,4.3,112.75,80.278,27.56,130.251,4923
14/10:44:41,6.49,4.31,112.77,80.19,27.56,130.262,4924
14/10:44:41,6.28,4.32,112.77,80.047,27.56,130.273,4925
14/10:44:42,5.99,4.3,112.78,79.926,27.56,130.295,4926
14/10:44:43,5.76,4.28,112.77,79.794,27.56,130.306,4927
14/10:44:43,5.86,4.28,112.77,79.618,27.56,130.317,4928
14/10:44:44,6.22,4.28,112.79,79.31,27.56,130.339,4929
14/10:44:44,6.26,4.28,112.78,79.178,27.56,130.35,4930
14/10:44:45,6.38,4.27,112.78,78.969,27.56,130.361,4931
14/10:44:45,6.46,4.3,112.79,78.694,27.56,130.372,4932
14/10:44:46,6.61,4.31,112.81,78.485,27.56,130.383,4933
14/10:44:47,6.59,4.3,112.81,78.32,27.56,130.394,4934
14/10:44:47,6.45,4.3,112.83,78.166,27.56,130.405,4935
14/10:44:48,6.38,4.3,112.85,77.99,27.56,130.416,4936
14/10:44:48,6.1,4.3,112.83,77.737,27.56,130.416,4937
14/10:44:49,5.83,4.3,112.83,77.594,27.56,130.427,4938
14/10:44:49,5.65,4.28,112.83,77.528,27.56,130.449,4939
14/10:44:50,5.64,4.25,112.83,77.429,27.56,130.46,4940
14/10:44:50,5.72,4.25,112.81,77.121,27.56,130.471,4941
14/10:44:51,5.94,4.25,112.82,76.835,27.56,130.482,4942
14/10:44:51,6.22,4.26,112.82,76.681,27.55,130.493,4943
14/10:44:52,6.52,4.26,112.81,76.571,27.55,130.504,4944
14/10:44:52,6.51,4.26,112.82,76.384,27.55,130.515,4945
14/10:44:53,6.73,4.26,112.8,76.186,27.55,130.526,4946
14/10:44:53,7.45,4.27,112.73,76.043,27.55,130.537,4947
14/10:44:54,8.43,4.26,112.65,75.911,27.55,130.548,4948
14/10:44:55,9.28,4.27,112.57,75.856,27.55,130.559,4949
14/10:44:55,10.01,4.26,112.5,76.043,27.55,130.57,4950
14/10:44:56,10.67,4.26,112.42,76.197,27.55,130.581,4951
14/10:44:56,11.31,4.26,112.35,76.23,27.55,130.592,4952
14/10:44:57,12.08,4.26,112.28,76.241,27.55,130.603,4953
14/10:44:57,12.54,4.25,112.22,76.307,27.55,130.614,4954
14/10:44:58,12.64,4.25,112.2,76.329,27.55,130.625,4955
14/10:44:58,12.66,4.27,112.17,76.351,27.54,130.636,4956
14/10:44:59,12.54,4.28,112.18,76.362,27.54,130.647,4957
14/10:45:00,12.56,4.3,112.18,76.439,27.54,130.658,4958
14/10:45:00,12.47,4.32,112.18,76.549,27.54,130.68,4959
14/10:45:01,12.31,4.34,112.17,76.472,27.54,130.691,4960
14/10:45:02,11.9,4.34,112.24,76.428,27.54,130.713,4961
14/10:45:03,11.98,4.33,112.24,76.373,27.54,130.735,4962
14/10:45:03,12.18,4.33,112.24,76.307,27.53,130.746,4963
14/10:45:04,12.3,4.33,112.24,76.296,27.53,130.757,4964
14/10:45:05,12.37,4.31,112.24,76.329,27.53,130.779,4965
14/10:45:05,12.32,4.32,112.24,76.373,27.53,130.79,4966
14/10:45:06,12.15,4.31,112.22,76.285,27.53,130.812,4967
14/10:45:07,11.84,4.3,112.23,76.23,27.53,130.823,4968
14/10:45:07,11.64,4.3,112.23,76.142,27.52,130.834,4969
14/10:45:08,11.52,4.28,112.21,76.076,27.52,130.845,4970
14/10:45:08,11.57,4.28,112.22,76.065,27.52,130.856,4971
14/10:45:09,11.53,4.3,112.21,76.131,27.52,130.867,4972
14/10:45:09,11.56,4.3,112.2,76.142,27.52,130.878,4973
14/10:45:10,11.6,4.28,112.2,76.164,27.52,130.889,4974
14/10:45:10,11.62,4.28,112.21,76.043,27.52,130.9,4975
14/10:45:11,11.67,4.28,112.21,75.977,27.52,130.911,4976
14/10:45:11,11.7,4.25,112.22,75.867,27.52,130.922,4977
14/10:45:12,11.76,4.25,112.21,75.845,27.52,130.933,4978
14/10:45:13,11.71,4.23,112.19,75.79,27.51,130.944,4979
14/10:45:13,11.67,4.23,112.19,75.746,27.51,130.955,4980
14/10:45:14,11.64,4.23,112.19,75.669,27.51,130.977,4981
14/10:45:14,11.71,4.24,112.19,75.537,27.51,130.988,4982
14/10:45:15,11.86,4.26,112.19,75.416,27.51,130.999,4983
14/10:45:16,12.03,4.28,112.16,75.372,27.51,131.01,4984
14/10:45:16,11.92,4.28,112.17,75.339,27.51,131.021,4985
14/10:45:17,11.8,4.31,112.17,75.273,27.51,131.032,4986
14/10:45:17,11.73,4.31,112.18,75.163,27.5,131.043,4987
14/10:45:18,11.71,4.32,112.18,75.042,27.5,131.054,4988
14/10:45:18,11.94,4.32,112.17,74.943,27.5,131.065,4989
14/10:45:19,12.05,4.33,112.16,74.921,27.5,131.076,4990
14/10:45:19,11.88,4.33,112.16,74.888,27.5,131.087,4991
14/10:45:20,11.56,4.32,112.17,74.789,27.5,131.098,4992
14/10:45:20,11.71,4.33,112.17,74.778,27.5,131.109,4993
14/10:45:21,11.71,4.33,112.17,74.734,27.5,131.12,4994
14/10:45:21,11.71,4.31,112.16,74.646,27.5,131.131,4995
14/10:45:22,11.76,4.3,112.18,74.569,27.49,131.142,4996
14/10:45:22,11.61,4.28,112.17,74.613,27.49,131.153,4997
14/10:45:23,11.56,4.28,112.17,74.547,27.49,131.164,4998
14/10:45:24,11.69,4.3,112.16,74.448,27.49,131.175,4999
14/10:45:24,11.79,4.3,112.15,74.448,27.49,131.186,5000
14/10:45:25,11.66,4.28,112.14,74.47,27.49,131.197,5001
14/10:45:25,11.47,4.17,112.28,74.668,27.49,131.208,5002
14/10:45:26,11.23,3.92,112.56,74.866,27.49,131.208,5003
14/10:45:26,10.84,3.65,112.82,75.053,27.49,131.23,5004
14/10:45:27,10.38,3.43,113.08,74.921,27.48,131.241,5005
14/10:45:27,10.13,3.22,113.34,74.69,27.48,131.252,5006
14/10:45:28,9.91,3.0,113.57,74.624,27.48,131.263,5007
14/10:45:28,9.35,2.99,113.62,74.448,27.48,131.274,5008
14/10:45:29,8.9,2.99,113.69,73.997,27.48,131.285,5009
14/10:45:29,8.86,3.14,113.53,73.623,27.48,131.285,5010
14/10:45:30,8.79,3.41,113.32,73.458,27.48,131.307,5011
14/10:45:30,8.51,3.61,113.12,73.271,27.48,131.307,5012
14/10:45:31,8.66,3.83,112.9,73.084,27.48,131.318,5013
14/10:45:31,8.53,4.04,112.7,72.952,27.48,131.329,5014
14/10:45:32,8.26,4.24,112.51,72.82,27.48,131.34,5015
14/10:45:33,8.27,4.24,112.5,72.6,27.48,131.351,5016
14/10:45:34,8.17,4.25,112.49,72.27,27.47,131.373,5017
14/10:45:34,8.08,4.24,112.47,72.116,27.47,131.384,5018
14/10:45:34,8.26,4.24,112.46,71.962,27.47,131.395,5019
14/10:45:35,8.03,4.23,112.48,71.808,27.47,131.406,5020
14/10:45:36,8.19,4.23,112.5,71.643,27.47,131.417,5021
14/10:45:36,8.02,4.22,112.49,71.5,27.47,131.428,5022
14/10:45:37,8.11,4.23,112.5,71.28,27.47,131.439,5023
14/10:45:37,8.12,4.23,112.5,71.126,27.47,131.45,5024
14/10:45:38,8.19,4.23,112.51,71.005,27.47,131.461,5025
14/10:45:38,8.22,4.23,112.53,70.818,27.47,131.472,5026
14/10:45:39,8.16,4.23,112.53,70.675,27.47,131.483,5027
14/10:45:39,8.28,4.23,112.52,70.455,27.47,131.494,5028
14/10:45:40,8.13,4.24,112.53,70.29,27.47,131.505,5029
14/10:45:40,8.31,4.24,112.53,70.18,27.47,131.516,5030
14/10:45:41,8.21,4.23,112.53,70.026,27.47,131.516,5031
14/10:45:42,8.23,4.23,112.51,69.839,27.47,131.527,5032
14/10:45:42,8.18,4.22,112.51,69.762,27.46,131.549,5033
14/10:45:43,8.19,4.21,112.52,69.509,27.46,131.571,5034
14/10:45:44,8.24,4.21,112.52,69.421,27.46,131.582,5035
14/10:45:45,8.1,4.21,112.5,69.322,27.46,131.593,5036
14/10:45:45,8.2,4.21,112.5,69.289,27.46,131.604,5037
14/10:45:46,8.12,4.2,112.52,69.223,27.46,131.615,5038
14/10:45:46,8.11,4.21,112.52,69.179,27.46,131.626,5039
14/10:45:47,8.24,4.22,112.53,69.102,27.46,131.637,5040
14/10:45:47,8.19,4.24,112.52,69.014,27.46,131.648,5041
14/10:45:48,8.34,4.24,112.51,68.97,27.46,131.659,5042
14/10:45:48,8.98,4.24,112.45,68.926,27.46,131.67,5043
14/10:45:49,10.42,4.26,112.35,69.157,27.46,131.681,5044
14/10:45:50,11.12,4.28,112.28,69.234,27.46,131.692,5045
14/10:45:50,11.89,4.26,112.21,69.333,27.45,131.703,5046
14/10:45:51,12.35,4.27,112.14,69.432,27.45,131.714,5047
14/10:45:52,12.51,4.26,112.11,69.52,27.45,131.725,5048
14/10:45:52,12.36,4.25,112.12,69.509,27.45,131.736,5049
14/10:45:53,11.87,4.25,112.15,69.454,27.45,131.747,5050
14/10:45:53,11.28,4.24,112.21,69.487,27.45,131.758,5051
14/10:45:54,10.75,4.23,112.24,69.421,27.45,131.769,5052
14/10:45:54,10.2,4.22,112.28,69.311,27.45,131.78,5053
14/10:45:55,9.88,4.24,112.31,69.234,27.45,131.791,5054
14/10:45:55,9.84,4.23,112.32,69.19,27.44,131.802,5055
14/10:45:56,10.22,4.24,112.3,69.267,27.44,131.802,5056
14/10:45:56,10.55,4.24,112.26,69.333,27.44,131.813,5057
14/10:45:57,11.05,4.26,112.22,69.432,27.44,131.824,5058
14/10:45:57,11.56,4.28,112.17,69.454,27.44,131.835,5059
14/10:45:58,12.1,4.28,112.12,69.509,27.44,131.846,5060
14/10:45:59,13.02,4.27,112.01,69.652,27.44,131.868,5061
14/10:46:00,13.49,4.28,111.97,69.795,27.43,131.89,5062
14/10:46:00,13.54,4.28,111.95,69.883,27.43,131.901,5063
14/10:46:01,12.89,4.26,112.01,69.883,27.43,131.912,5064
14/10:46:02,12.06,4.24,112.06,69.773,27.43,131.923,5065
14/10:46:02,11.47,4.24,112.11,69.652,27.43,131.923,5066
14/10:46:02,10.89,4.24,112.19,69.454,27.43,131.934,5067
14/10:46:03,10.38,4.25,112.26,69.234,27.43,131.945,5068
14/10:46:03,9.78,4.24,112.31,69.036,27.43,131.956,5069
14/10:46:04,9.41,4.22,112.34,69.014,27.43,131.967,5070
14/10:46:05,9.4,4.22,112.36,68.904,27.43,131.978,5071
14/10:46:05,9.78,4.21,112.32,68.717,27.42,131.989,5072
14/10:46:06,10.11,4.22,112.28,68.585,27.42,132.0,5073
14/10:46:06,10.64,4.2,112.24,68.475,27.42,132.011,5074
14/10:46:07,11.09,4.19,112.2,68.42,27.42,132.022,5075
14/10:46:07,11.49,4.19,112.15,68.464,27.42,132.033,5076
14/10:46:08,11.85,4.2,112.12,68.376,27.42,132.044,5077
14/10:46:08,11.8,4.2,112.1,68.277,27.42,132.044,5078
14/10:46:09,11.66,4.2,112.12,68.134,27.42,132.055,5079
14/10:46:09,11.43,4.2,112.14,67.914,27.42,132.066,5080
14/10:46:10,10.68,4.2,112.2,67.408,27.41,132.088,5081
14/10:46:11,10.3,4.21,112.22,67.221,27.41,132.099,5082
14/10:46:11,9.81,4.22,112.27,67.001,27.41,132.11,5083
14/10:46:12,9.38,4.21,112.3,66.748,27.41,132.121,5084
14/10:46:12,9.27,4.23,112.31,66.528,27.41,132.132,5085
14/10:46:13,9.31,4.23,112.31,66.286,27.41,132.143,5086
14/10:46:14,9.3,4.25,112.31,66.066,27.41,132.143,5087
14/10:46:14,9.28,4.24,112.32,65.868,27.41,132.154,5088
14/10:46:15,9.54,4.24,112.32,65.758,27.41,132.165,5089
14/10:46:15,10.09,4.24,112.28,65.747,27.41,132.176,5090
14/10:46:16,10.77,4.23,112.21,65.681,27.41,132.187,5091
14/10:46:16,11.57,4.25,112.15,65.67,27.41,132.198,5092
14/10:46:17,12.3,4.26,112.1,65.725,27.4,132.209,5093
14/10:46:17,12.97,4.27,112.02,65.835,27.4,132.22,5094
14/10:46:18,13.03,4.27,112.0,65.736,27.4,132.22,5095
14/10:46:18,12.87,4.27,112.01,65.516,27.4,132.231,5096
14/10:46:19,12.49,4.26,112.05,65.186,27.4,132.242,5097
14/10:46:19,11.72,4.26,112.1,64.9,27.4,132.253,5098
14/10:46:20,9.95,4.25,112.27,64.339,27.4,132.275,5099
14/10:46:21,9.05,4.23,112.35,64.163,27.4,132.286,5100
14/10:46:21,8.27,4.23,112.42,63.987,27.39,132.286,5101
14/10:46:22,8.26,4.22,112.44,63.844,27.39,132.297,5102
14/10:46:22,8.25,4.23,112.45,63.569,27.39,132.308,5103
14/10:46:23,8.18,4.23,112.44,63.305,27.39,132.308,5104
14/10:46:24,8.17,4.24,112.45,63.063,27.39,132.33,5105
14/10:46:24,8.18,4.25,112.44,62.876,27.39,132.341,5106
14/10:46:25,8.2,4.26,112.44,62.667,27.39,132.352,5107
14/10:46:25,8.24,4.25,112.43,62.436,27.39,132.352,5108
14/10:46:26,8.18,4.26,112.44,62.216,27.39,132.363,5109
14/10:46:26,8.16,4.26,112.41,61.952,27.39,132.374,5110
14/10:46:27,8.3,4.24,112.42,61.699,27.39,132.385,5111
14/10:46:27,8.69,4.23,112.39,61.622,27.39,132.396,5112
14/10:46:28,9.5,4.22,112.32,61.435,27.39,132.407,5113
14/10:46:29,10.83,4.24,112.21,61.369,27.38,132.429,5114
14/10:46:30,11.59,4.23,112.15,61.369,27.38,132.44,5115
14/10:46:30,12.32,4.22,112.1,61.347,27.38,132.44,5116
14/10:46:31,13.13,4.22,112.02,61.325,27.38,132.451,5117
14/10:46:32,14.31,4.23,111.94,61.391,27.38,132.462,5118
14/10:46:32,15.6,4.23,111.82,61.501,27.38,132.473,5119
14/10:46:33,16.97,4.23,111.67,61.831,27.38,132.484,5120
14/10:46:33,18.44,4.25,111.53,62.315,27.37,132.495,5121
14/10:46:34,18.53,4.21,111.48,62.623,27.37,132.495,5122
14/10:46:34,16.87,4.23,111.6,62.535,27.37,132.506,5123
14/10:46:35,15.23,4.24,111.74,62.139,27.37,132.517,5124
14/10:46:35,12.71,4.26,111.93,61.6,27.37,132.528,5125
14/10:46:36,10.33,4.26,112.12,61.05,27.37,132.539,5126
14/10:46:37,4.95,4.24,112.66,60.027,27.37,132.55,5127
14/10:46:37,1.64,4.27,112.92,59.565,27.37,132.561,5128
14/10:46:38,1.85,4.3,113.01,59.279,27.37,132.572,5129
14/10:46:38,3.4,4.3,112.89,59.224,27.37,132.583,5130
14/10:46:39,5.03,4.33,112.78,59.279,27.37,132.583,5131
14/10:46:39,6.94,4.34,112.62,59.455,27.37,132.594,5132
14/10:46:40,8.42,4.36,112.46,59.62,27.37,132.605,5133
14/10:46:40,9.92,4.37,112.32,59.763,27.36,132.616,5134
14/10:46:41,11.68,4.37,112.19,59.873,27.36,132.616,5135
14/10:46:41,12.84,4.36,112.06,59.829,27.36,132.616,5136
14/10:46:42,12.6,4.34,112.05,59.939,27.36,132.627,5137
14/10:46:42,12.31,4.34,112.06,59.972,27.36,132.649,5138
14/10:46:43,12.01,4.33,112.08,60.093,27.36,132.66,5139
14/10:46:43,11.66,4.32,112.11,60.148,27.36,132.671,5140
14/10:46:44,11.6,4.28,112.12,60.225,27.36,132.671,5141
14/10:46:45,11.66,4.25,112.1,60.357,27.36,132.682,5142
14/10:46:46,12.11,4.28,112.03,60.852,27.35,132.704,5143
14/10:46:46,12.48,4.28,112.0,61.061,27.35,132.715,5144
14/10:46:47,12.53,4.28,111.99,61.248,27.35,132.715,5145
14/10:46:47,12.52,4.31,111.97,61.479,27.35,132.726,5146
14/10:46:48,12.47,4.31,111.98,61.589,27.35,132.737,5147
14/10:46:49,11.77,4.35,112.04,61.809,27.35,132.759,5148
14/10:46:49,11.35,4.35,112.11,61.93,27.35,132.759,5149
14/10:46:50,10.96,4.35,112.14,62.04,27.34,132.77,5150
14/10:46:50,10.88,4.34,112.16,62.282,27.34,132.781,5151
14/10:46:51,11.47,4.34,112.12,62.436,27.34,132.792,5152
14/10:46:51,11.97,4.35,112.08,62.678,27.34,132.803,5153
14/10:46:52,12.53,4.35,112.04,62.953,27.34,132.814,5154
14/10:46:52,12.77,4.32,112.01,63.261,27.34,132.814,5155
14/10:46:53,13.04,4.33,111.98,63.437,27.34,132.825,5156
14/10:46:54,13.18,4.34,111.95,63.657,27.34,132.836,5157
14/10:46:54,13.33,4.34,111.95,63.877,27.34,132.847,5158
14/10:46:55,13.16,4.34,111.95,64.24,27.33,132.858,5159
14/10:46:55,12.8,4.32,111.97,64.515,27.33,132.869,5160
14/10:46:56,12.41,4.34,112.0,64.757,27.33,132.88,5161
14/10:46:57,12.24,4.36,112.03,65.296,27.33,132.891,5162
14/10:46:57,12.67,4.33,111.99,65.67,27.33,132.902,5163
14/10:46:58,13.1,4.34,111.94,66.088,27.33,132.913,5164
14/10:46:58,13.47,4.33,111.91,66.462,27.33,132.924,5165
14/10:46:59,13.9,4.32,111.88,66.781,27.32,132.935,5166
14/10:46:59,13.62,4.33,111.87,67.111,27.32,132.946,5167
14/10:47:01,12.51,4.31,111.96,67.562,27.32,132.957,5168
14/10:47:01,11.65,4.3,112.04,67.661,27.32,132.968,5169
14/10:47:01,10.62,4.33,112.14,67.87,27.32,132.979,5170
14/10:47:02,9.89,4.32,112.23,68.024,27.32,132.99,5171
14/10:47:03,9.48,4.33,112.28,68.288,27.32,133.001,5172
14/10:47:03,8.96,4.32,112.32,68.64,27.32,133.012,5173
14/10:47:04,8.3,4.32,112.38,68.97,27.31,133.023,5174
14/10:47:04,7.7,4.32,112.44,68.97,27.31,133.034,5175
14/10:47:04,7.33,4.32,112.49,68.871,27.31,133.045,5176
14/10:47:05,6.84,4.33,112.52,68.706,27.31,133.056,5177
14/10:47:06,6.36,4.33,112.56,68.629,27.31,133.067,5178
14/10:47:06,5.71,4.32,112.63,68.651,27.31,133.067,5179
14/10:47:07,4.54,4.32,112.73,68.75,27.31,133.078,5180
14/10:47:07,3.77,4.32,112.8,68.827,27.31,133.089,5181
14/10:47:08,3.63,4.31,112.83,68.86,27.31,133.1,5182
14/10:47:08,3.75,4.3,112.84,68.948,27.31,133.111,5183
14/10:47:09,3.74,4.28,112.85,68.97,27.31,133.122,5184
14/10:47:09,3.67,4.28,112.85,68.992,27.31,133.133,5185
14/10:47:10,3.68,4.28,112.85,69.058,27.31,133.144,5186
14/10:47:10,3.69,4.3,112.85,69.113,27.31,133.155,5187
14/10:47:11,3.7,4.3,112.86,69.102,27.31,133.166,5188
14/10:47:11,3.59,4.3,112.87,69.113,27.31,133.177,5189
14/10:47:12,3.68,4.31,112.87,69.201,27.31,133.177,5190
14/10:47:13,3.68,4.32,112.89,69.245,27.31,133.199,5191
14/10:47:13,3.63,4.31,112.9,69.3,27.31,133.199,5192
14/10:47:13,3.56,4.32,112.91,69.366,27.31,133.21,5193
14/10:47:14,3.11,4.3,112.96,69.366,27.31,133.221,5194
14/10:47:15,2.73,4.28,112.99,69.289,27.31,133.232,5195
14/10:47:15,2.3,4.28,113.03,69.3,27.31,133.243,5196
14/10:47:16,1.97,4.28,113.07,69.256,27.31,133.254,5197
14/10:47:16,1.52,4.28,113.11,69.19,27.31,133.265,5198
14/10:47:18,0.47,4.3,113.21,69.091,27.32,133.298,5199
14/10:47:18,0.46,4.3,113.22,69.08,27.32,133.309,5200
14/10:47:19,0.46,4.3,113.22,69.091,27.32,133.309,5201
14/10:47:20,0.47,4.31,113.23,69.047,27.32,133.32,5202
14/10:47:20,0.46,4.3,113.24,69.025,27.32,133.331,5203
14/10:47:20,0.46,4.3,113.25,68.97,27.32,133.342,5204
14/10:47:21,0.46,4.3,113.25,68.97,27.32,133.353,5205
14/10:47:21,0.46,4.3,113.25,68.959,27.32,133.364,5206
14/10:47:22,0.46,4.3,113.25,68.871,27.32,133.375,5207
14/10:47:23,0.46,4.3,113.26,68.772,27.32,133.397,5208
14/10:47:24,0.47,4.28,113.27,68.684,27.32,133.408,5209
14/10:47:24,0.55,4.28,113.26,68.585,27.32,133.408,5210
14/10:47:25,1.44,4.3,113.22,68.596,27.32,133.43,5211
14/10:47:25,2.46,4.31,113.12,68.805,27.32,133.43,5212
14/10:47:26,3.19,4.31,113.06,69.047,27.32,133.441,5213
14/10:47:26,3.74,4.31,113.0,69.124,27.32,133.452,5214
14/10:47:27,4.25,4.33,112.94,69.212,27.32,133.463,5215
14/10:47:28,4.91,4.35,112.87,69.245,27.32,133.485,5216
14/10:47:28,5.23,4.35,112.85,69.135,27.32,133.496,5217
14/10:47:29,4.19,4.34,112.9,69.091,27.32,133.507,5218
14/10:47:29,3.41,4.34,112.98,69.058,27.32,133.518,5219
14/10:47:30,2.67,4.35,113.05,68.992,27.32,133.529,5220
14/10:47:31,2.07,4.35,113.1,68.882,27.32,133.54,5221
14/10:47:31,1.69,4.34,113.17,68.794,27.32,133.54,5222
14/10:47:31,1.36,4.33,113.2,68.607,27.32,133.562,5223
14/10:47:32,0.99,4.33,113.23,68.376,27.33,133.562,5224
14/10:47:32,0.57,4.32,113.28,68.145,27.33,133.573,5225
14/10:47:33,0.47,4.32,113.3,68.013,27.33,133.584,5226
14/10:47:33,0.47,4.32,113.32,67.87,27.33,133.595,5227
14/10:47:34,0.46,4.32,113.33,67.65,27.33,133.606,5228
14/10:47:35,0.47,4.32,113.33,67.518,27.33,133.617,5229
14/10:47:36,0.48,4.31,113.34,67.199,27.33,133.639,5230
14/10:47:36,0.52,4.31,113.33,67.067,27.33,133.639,5231
14/10:47:37,0.56,4.31,113.34,66.869,27.33,133.65,5232
14/10:47:37,0.66,4.32,113.33,66.649,27.33,133.661,5233
14/10:47:38,0.77,4.32,113.31,66.528,27.33,133.672,5234
14/10:47:38,0.94,4.31,113.3,66.429,27.33,133.683,5235
14/10:47:39,1.37,4.31,113.28,66.374,27.33,133.694,5236
14/10:47:40,1.87,4.31,113.24,66.198,27.33,133.705,5237
14/10:47:40,2.32,4.33,113.2,66.22,27.33,133.716,5238
14/10:47:40,2.9,4.34,113.16,66.308,27.33,133.716,5239
14/10:47:41,3.65,4.34,113.09,66.374,27.33,133.727,5240
14/10:47:41,4.4,4.33,113.02,66.374,27.33,133.727,5241
14/10:47:42,5.07,4.34,112.97,66.495,27.33,133.749,5242
14/10:47:43,5.62,4.35,112.9,66.671,27.33,133.76,5243
14/10:47:43,6.05,4.35,112.86,66.77,27.33,133.771,5244
14/10:47:44,6.43,4.35,112.82,66.792,27.33,133.782,5245
14/10:47:44,6.8,4.33,112.78,66.902,27.33,133.793,5246
14/10:47:45,7.0,4.32,112.75,67.012,27.33,133.804,5247
14/10:47:45,7.08,4.32,112.76,67.177,27.33,133.815,5248
14/10:47:46,7.02,4.32,112.75,67.397,27.33,133.826,5249
14/10:47:47,7.0,4.32,112.74,67.463,27.33,133.837,5250
14/10:47:47,7.13,4.32,112.74,67.474,27.33,133.848,5251
14/10:47:48,7.08,4.32,112.74,67.551,27.33,133.859,5252
14/10:47:48,7.08,4.32,112.73,67.595,27.33,133.87,5253
14/10:47:49,7.05,4.33,112.74,67.76,27.33,133.881,5254
14/10:47:49,6.98,4.33,112.73,67.87,27.33,133.892,5255
14/10:47:50,7.17,4.34,112.73,67.98,27.33,133.914,5256
14/10:47:51,7.23,4.34,112.73,68.057,27.33,133.925,5257
14/10:47:51,7.2,4.34,112.73,68.101,27.33,133.925,5258
14/10:47:52,7.19,4.33,112.73,68.189,27.33,133.936,5259
14/10:47:52,7.16,4.33,112.71,68.299,27.33,133.947,5260
14/10:47:53,7.09,4.32,112.71,68.376,27.33,133.958,5261
14/10:47:54,6.17,4.32,112.77,68.343,27.32,133.969,5262
14/10:47:55,3.57,4.31,113.0,67.76,27.32,134.002,5263
14/10:47:56,2.74,4.31,113.09,67.617,27.32,134.013,5264
14/10:47:56,1.99,4.3,113.18,67.507,27.33,134.013,5265
14/10:47:57,0.89,4.3,113.28,67.353,27.33,134.024,5266
14/10:47:58,0.46,4.28,113.35,67.067,27.33,134.046,5267
14/10:47:58,0.46,4.28,113.35,66.935,27.33,134.057,5268
14/10:47:59,0.46,4.28,113.36,66.77,27.33,134.068,5269
14/10:47:59,0.46,4.28,113.36,66.627,27.33,134.079,5270
14/10:48:00,0.46,4.28,113.36,66.495,27.33,134.09,5271
14/10:48:01,0.46,4.28,113.36,66.198,27.33,134.101,5272
14/10:48:01,0.46,4.28,113.37,66.022,27.33,134.112,5273
14/10:48:02,0.46,4.28,113.37,65.714,27.33,134.123,5274
14/10:48:02,0.46,4.28,113.38,65.516,27.33,134.134,5275
14/10:48:03,0.47,4.28,113.39,65.362,27.33,134.145,5276
14/10:48:04,0.5,4.28,113.4,65.252,27.33,134.156,5277
14/10:48:04,0.54,4.28,113.4,65.076,27.33,134.167,5278
14/10:48:04,0.6,4.28,113.4,64.955,27.33,134.178,5279
14/10:48:05,0.78,4.28,113.41,64.823,27.33,134.189,5280
14/10:48:06,1.44,4.28,113.35,64.636,27.33,134.189,5281
14/10:48:06,2.46,4.28,113.26,64.757,27.33,134.2,5282
14/10:48:07,3.66,4.3,113.17,64.867,27.34,134.211,5283
14/10:48:07,4.68,4.3,113.07,65.032,27.34,134.222,5284
14/10:48:08,5.92,4.31,112.95,65.164,27.34,134.233,5285
14/10:48:08,6.84,4.31,112.84,65.329,27.33,134.244,5286
14/10:48:09,7.65,4.33,112.77,65.56,27.33,134.244,5287
14/10:48:09,8.05,4.32,112.72,65.692,27.33,134.255,5288
14/10:48:10,7.97,4.33,112.73,65.725,27.33,134.266,5289
14/10:48:11,7.88,4.33,112.73,65.802,27.33,134.277,5290
14/10:48:11,7.87,4.32,112.73,65.89,27.33,134.288,5291
14/10:48:11,7.81,4.32,112.73,65.912,27.33,134.299,5292
14/10:48:12,7.78,4.32,112.72,66.055,27.33,134.31,5293
14/10:48:13,7.84,4.32,112.7,66.187,27.33,134.321,5294
14/10:48:13,8.1,4.32,112.66,66.264,27.33,134.332,5295
14/10:48:13,8.56,4.33,112.62,66.308,27.33,134.332,5296
14/10:48:14,8.61,4.32,112.61,66.451,27.33,134.343,5297
14/10:48:15,8.61,4.32,112.63,66.484,27.33,134.354,5298
14/10:48:15,8.65,4.32,112.63,66.594,27.33,134.365,5299
14/10:48:16,8.69,4.32,112.62,66.704,27.33,134.376,5300
14/10:48:16,8.72,4.33,112.61,66.803,27.33,134.387,5301
14/10:48:17,8.77,4.33,112.61,66.847,27.33,134.398,5302
14/10:48:17,8.77,4.33,112.62,66.836,27.32,134.409,5303
14/10:48:18,8.77,4.33,112.6,66.891,27.32,134.42,5304
14/10:48:18,8.74,4.32,112.57,67.012,27.32,134.42,5305
14/10:48:19,8.76,4.33,112.56,67.067,27.32,134.431,5306
14/10:48:19,8.77,4.33,112.56,67.166,27.32,134.442,5307
14/10:48:20,8.76,4.32,112.57,67.221,27.32,134.453,5308
14/10:48:20,8.73,4.32,112.56,67.353,27.32,134.464,5309
14/10:48:21,8.75,4.33,112.56,67.43,27.32,134.475,5310
14/10:48:21,8.72,4.32,112.55,67.474,27.32,134.486,5311
14/10:48:22,8.69,4.32,112.56,67.496,27.32,134.497,5312
14/10:48:22,8.72,4.32,112.56,67.562,27.32,134.497,5313
14/10:48:23,8.78,4.32,112.55,67.573,27.32,134.508,5314
14/10:48:24,8.79,4.32,112.55,67.65,27.32,134.508,5315
14/10:48:24,8.73,4.31,112.54,67.793,27.32,134.53,5316
14/10:48:25,8.73,4.3,112.56,67.936,27.32,134.541,5317
14/10:48:25,8.71,4.28,112.55,67.947,27.32,134.552,5318
14/10:48:26,8.74,4.3,112.56,67.969,27.31,134.563,5319
14/10:48:26,8.51,4.28,112.56,67.991,27.31,134.574,5320
14/10:48:27,7.69,4.3,112.63,67.936,27.31,134.596,5321
14/10:48:28,7.28,4.28,112.63,67.903,27.31,134.607,5322
14/10:48:28,6.93,4.31,112.67,67.925,27.31,134.607,5323
14/10:48:29,6.56,4.31,112.71,67.815,27.31,134.618,5324
14/10:48:29,6.19,4.31,112.75,67.815,27.31,134.629,5325
14/10:48:30,5.69,4.28,112.78,67.782,27.31,134.64,5326
14/10:48:30,5.63,4.28,112.82,67.639,27.31,134.651,5327
14/10:48:31,5.57,4.3,112.81,67.529,27.31,134.662,5328
14/10:48:31,5.48,4.28,112.83,67.364,27.31,134.673,5329
14/10:48:32,5.47,4.28,112.85,67.298,27.31,134.684,5330
14/10:48:33,5.36,4.28,112.86,67.309,27.31,134.695,5331
14/10:48:33,5.34,4.28,112.86,67.243,27.31,134.706,5332
14/10:48:34,5.35,4.3,112.88,66.957,27.31,134.717,5333
14/10:48:35,5.3,4.3,112.85,66.814,27.31,134.728,5334
14/10:48:35,5.23,4.3,112.84,66.704,27.31,134.739,5335
14/10:48:36,5.19,4.31,112.84,66.66,27.31,134.75,5336
14/10:48:36,5.16,4.31,112.86,66.528,27.31,134.761,5337
14/10:48:37,5.15,4.31,112.85,66.473,27.31,134.772,5338
14/10:48:37,5.12,4.3,112.83,66.517,27.31,134.783,5339
14/10:48:38,5.1,4.3,112.83,66.33,27.31,134.783,5340
14/10:48:38,5.51,4.32,112.83,66.165,27.31,134.794,5341
14/10:48:39,6.16,4.31,112.8,66.209,27.31,134.805,5342
14/10:48:39,6.93,4.33,112.74,66.363,27.31,134.816,5343
14/10:48:40,7.81,4.34,112.65,66.451,27.31,134.816,5344
14/10:48:41,8.73,4.35,112.56,66.616,27.31,134.827,5345
14/10:48:41,9.75,4.35,112.49,66.77,27.31,134.849,5346
14/10:48:41,10.74,4.37,112.41,67.023,27.31,134.86,5347
14/10:48:42,11.53,4.32,112.42,67.265,27.3,134.86,5348
14/10:48:42,11.76,4.04,112.6,67.661,27.3,134.871,5349
14/10:48:43,11.8,3.82,112.78,68.013,27.3,134.882,5350
14/10:48:43,11.73,3.59,112.98,68.178,27.3,134.893,5351
14/10:48:44,11.53,3.38,113.21,68.222,27.3,134.904,5352
14/10:48:45,11.33,3.3,113.28,68.156,27.3,134.915,5353
14/10:48:45,11.3,3.31,113.27,67.991,27.3,134.926,5354
14/10:48:46,11.31,3.3,113.26,67.936,27.3,134.937,5355
14/10:48:46,11.43,3.35,113.14,67.969,27.28,134.948,5356
14/10:48:47,11.76,3.61,112.89,68.035,27.28,134.959,5357
14/10:48:47,12.32,3.83,112.63,68.189,27.28,134.97,5358
14/10:48:48,12.81,4.04,112.38,68.376,27.28,134.97,5359
14/10:48:49,13.28,4.25,112.11,68.563,27.28,134.981,5360
14/10:48:49,13.65,4.32,112.0,68.816,27.28,134.992,5361
14/10:48:50,13.97,4.31,111.97,68.97,27.28,135.003,5362
14/10:48:50,14.26,4.31,111.91,69.256,27.28,135.025,5363
14/10:48:51,14.6,4.32,111.89,69.454,27.28,135.036,5364
14/10:48:51,14.1,4.33,111.92,69.542,27.28,135.047,5365
14/10:48:52,13.08,4.34,112.0,69.52,27.28,135.058,5366
14/10:48:52,12.2,4.34,112.08,69.355,27.28,135.069,5367
14/10:48:53,11.45,4.35,112.16,69.256,27.28,135.08,5368
14/10:48:54,10.71,4.35,112.23,69.245,27.28,135.091,5369
14/10:48:54,10.15,4.34,112.28,69.157,27.28,135.091,5370
14/10:48:55,9.73,4.34,112.34,69.091,27.27,135.102,5371
14/10:48:55,9.19,4.34,112.38,69.091,27.27,135.113,5372
14/10:48:56,9.31,4.35,112.37,69.113,27.27,135.124,5373
14/10:48:56,9.66,4.35,112.37,69.091,27.27,135.135,5374
14/10:48:57,10.63,4.32,112.25,69.146,27.27,135.157,5375
14/10:48:58,11.53,4.31,112.16,69.52,27.27,135.179,5376
14/10:48:59,11.47,4.32,112.16,69.652,27.27,135.19,5377
14/10:48:59,11.96,4.32,112.12,69.773,27.27,135.201,5378
14/10:49:00,12.21,4.31,112.1,69.905,27.27,135.212,5379
14/10:49:00,12.53,4.3,112.07,70.026,27.26,135.223,5380
14/10:49:01,12.47,4.3,112.07,70.114,27.26,135.223,5381
14/10:49:01,12.01,4.3,112.11,70.158,27.26,135.234,5382
14/10:49:02,11.63,4.32,112.15,70.147,27.26,135.245,5383
14/10:49:02,11.28,4.32,112.18,70.136,27.26,135.256,5384
14/10:49:03,11.01,4.31,112.19,70.147,27.26,135.267,5385
14/10:49:03,10.73,4.3,112.21,70.158,27.26,135.278,5386
14/10:49:04,10.78,4.28,112.2,70.224,27.26,135.289,5387
14/10:49:05,10.93,4.31,112.19,70.433,27.25,135.311,5388
14/10:49:06,11.17,4.16,112.17,70.521,27.25,135.322,5389
14/10:49:06,11.56,3.97,112.13,70.565,27.25,135.333,5390
14/10:49:07,12.08,3.98,112.07,70.73,27.25,135.344,5391
14/10:49:07,12.43,3.98,112.06,70.906,27.25,135.355,5392
14/10:49:08,12.22,3.99,112.05,70.983,27.25,135.366,5393
14/10:49:08,12.2,4.01,112.06,71.016,27.25,135.377,5394
14/10:49:09,12.14,3.99,112.04,71.049,27.25,135.377,5395
14/10:49:09,12.36,4.0,112.01,71.137,27.25,135.399,5396
14/10:49:11,12.21,4.32,112.01,71.313,27.24,135.41,5397
14/10:49:11,12.0,4.31,112.03,71.357,27.24,135.421,5398
14/10:49:12,11.98,4.31,112.03,71.511,27.24,135.443,5399
14/10:49:13,11.8,4.28,112.05,71.588,27.24,135.454,5400
14/10:49:13,11.47,4.28,112.08,71.61,27.24,135.465,5401
14/10:49:14,11.11,4.3,112.12,71.665,27.24,135.476,5402
14/10:49:14,10.55,4.3,112.17,71.731,27.24,135.487,5403
14/10:49:15,10.2,4.31,112.21,71.676,27.23,135.498,5404
14/10:49:15,9.8,4.28,112.27,71.599,27.23,135.509,5405
14/10:49:16,9.26,4.28,112.31,71.544,27.23,135.52,5406
14/10:49:16,8.49,4.28,112.38,71.478,27.23,135.531,5407
14/10:49:17,8.09,4.28,112.44,71.214,27.23,135.553,5408
14/10:49:18,8.2,4.27,112.42,71.203,27.23,135.564,5409
14/10:49:18,8.25,4.27,112.42,71.203,27.23,135.575,5410
14/10:49:19,7.86,4.27,112.43,71.159,27.23,135.586,5411
14/10:49:19,7.73,4.28,112.44,70.928,27.23,135.586,5412
14/10:49:20,7.45,4.28,112.47,70.664,27.23,135.608,5413
14/10:49:20,8.03,4.28,112.44,70.532,27.23,135.608,5414
14/10:49:21,8.47,4.28,112.39,70.51,27.23,135.608,5415
14/10:49:22,8.49,4.28,112.38,70.488,27.23,135.63,5416
14/10:49:22,8.51,4.28,112.37,70.312,27.23,135.641,5417
14/10:49:23,9.39,4.28,112.31,70.125,27.22,135.663,5418
14/10:49:23,9.7,4.14,112.38,70.169,27.22,135.674,5419
14/10:49:24,9.68,3.9,112.56,70.433,27.22,135.685,5420
14/10:49:24,9.43,3.65,112.8,70.62,27.22,135.696,5421
14/10:49:25,9.1,3.42,113.02,70.488,27.22,135.707,5422
14/10:49:26,8.72,3.19,113.23,70.367,27.22,135.718,5423
14/10:49:26,8.56,3.08,113.36,70.147,27.22,135.729,5424
14/10:49:27,8.71,3.07,113.36,69.85,27.22,135.74,5425
14/10:49:28,8.97,3.09,113.34,69.597,27.22,135.751,5426
14/10:49:28,9.44,3.26,113.2,69.641,27.22,135.751,5427
14/10:49:29,10.28,3.48,112.9,69.729,27.22,135.762,5428
14/10:49:29,11.1,3.74,112.63,69.916,27.22,135.773,5429
14/10:49:29,12.08,3.96,112.37,70.07,27.21,135.784,5430
14/10:49:30,13.12,4.23,112.02,70.246,27.21,135.795,5431
14/10:49:30,13.89,4.32,111.88,70.389,27.21,135.806,5432
14/10:49:31,14.11,4.3,111.84,70.587,27.21,135.817,5433
14/10:49:31,14.38,4.3,111.81,70.884,27.21,135.828,5434
14/10:49:32,14.54,4.28,111.77,71.126,27.21,135.839,5435
14/10:49:32,14.55,4.28,111.76,71.346,27.21,135.85,5436
14/10:49:33,14.62,4.3,111.75,71.544,27.2,135.861,5437
14/10:49:34,14.63,4.28,111.74,71.808,27.2,135.872,5438
14/10:49:34,14.61,4.28,111.75,71.995,27.2,135.883,5439
14/10:49:35,14.63,4.28,111.76,72.116,27.2,135.894,5440
14/10:49:35,14.57,4.24,111.82,72.347,27.2,135.905,5441
14/10:49:36,14.48,4.08,112.07,72.842,27.2,135.916,5442
14/10:49:36,14.34,3.94,112.26,73.348,27.19,135.916,5443
14/10:49:37,14.07,3.8,112.45,73.502,27.19,135.927,5444
14/10:49:38,13.81,3.47,112.9,73.854,27.19,135.96,5445
14/10:49:38,13.83,3.41,112.99,73.876,27.19,135.971,5446
14/10:49:39,13.85,3.4,112.99,73.744,27.19,135.982,5447
14/10:49:40,13.95,3.48,112.84,73.821,27.19,135.982,5448
14/10:49:40,13.87,3.63,112.64,74.008,27.18,136.004,5449
14/10:49:41,14.47,3.91,112.25,74.349,27.18,136.015,5450
14/10:49:42,14.51,4.07,112.03,74.58,27.18,136.026,5451
14/10:49:42,14.51,4.21,111.82,74.789,27.18,136.048,5452
14/10:49:43,14.41,4.28,111.72,74.965,27.18,136.048,5453
14/10:49:43,14.35,4.28,111.71,75.163,27.18,136.059,5454
14/10:49:44,14.54,4.28,111.72,75.416,27.17,136.07,5455
14/10:49:44,14.62,4.19,111.86,75.867,27.17,136.081,5456
14/10:49:45,14.31,4.05,112.09,76.527,27.17,136.092,5457
14/10:49:46,13.89,3.79,112.56,77.176,27.17,136.114,5458
14/10:49:46,13.78,3.66,112.79,77.352,27.17,136.136,5459
14/10:49:47,13.66,3.52,113.0,77.462,27.16,136.147,5460
14/10:49:47,13.42,3.38,113.24,77.528,27.16,136.158,5461
14/10:49:48,13.34,3.27,113.43,77.616,27.16,136.169,5462
14/10:49:48,13.46,3.41,113.25,77.506,27.16,136.18,5463
14/10:49:49,13.76,3.55,112.96,77.506,27.16,136.191,5464
14/10:49:49,14.03,3.74,112.75,77.737,27.16,136.202,5465
14/10:49:50,14.41,3.88,112.49,78.067,27.16,136.213,5466
14/10:49:51,15.13,4.19,112.01,78.848,27.15,136.235,5467
14/10:49:51,15.34,4.37,111.75,79.332,27.15,136.246,5468
14/10:49:52,15.35,4.41,111.66,79.706,27.15,136.257,5469
14/10:49:53,15.24,4.4,111.68,79.959,27.15,136.268,5470
14/10:49:53,15.15,4.4,111.67,80.256,27.15,136.279,5471
14/10:49:53,14.94,4.37,111.68,80.553,27.14,136.29,5472
14/10:49:54,13.88,4.39,111.77,80.751,27.14,136.301,5473
14/10:49:55,11.93,4.36,111.93,80.729,27.14,136.312,5474
14/10:49:55,9.85,4.35,112.08,80.575,27.14,136.323,5475
14/10:49:56,8.04,4.32,112.25,80.355,27.14,136.334,5476
14/10:49:56,6.34,4.32,112.43,80.168,27.14,136.345,5477
14/10:49:57,4.72,4.3,112.57,79.915,27.14,136.367,5478
14/10:49:57,2.72,4.3,112.74,79.662,27.14,136.378,5479
14/10:49:58,1.36,4.3,112.88,79.321,27.14,136.389,5480
14/10:49:58,0.61,4.28,112.97,79.09,27.14,136.4,5481
14/10:49:59,0.47,4.28,113.01,78.815,27.14,136.411,5482
14/10:49:59,0.47,4.3,113.03,78.54,27.14,136.422,5483
14/10:50:00,0.47,4.3,113.03,78.287,27.14,136.433,5484
14/10:50:00,0.47,4.3,113.05,77.99,27.14,136.444,5485
14/10:50:01,0.47,4.3,113.05,77.605,27.14,136.455,5486
14/10:50:02,0.47,4.3,113.07,77.231,27.14,136.466,5487
14/10:50:02,0.47,4.28,113.08,76.758,27.14,136.488,5488
14/10:50:03,0.46,4.28,113.07,76.439,27.15,136.499,5489
14/10:50:04,0.47,4.27,113.08,76.131,27.15,136.51,5490
14/10:50:04,0.46,4.27,113.1,75.834,27.15,136.521,5491
14/10:50:05,0.46,4.26,113.1,75.614,27.15,136.532,5492
14/10:50:05,0.46,4.26,113.11,75.416,27.15,136.543,5493
14/10:50:06,0.46,4.26,113.12,75.251,27.15,136.554,5494
14/10:50:06,0.46,4.26,113.13,74.954,27.15,136.565,5495
14/10:50:07,0.46,4.26,113.15,74.624,27.15,136.576,5496
14/10:50:07,0.47,4.26,113.16,74.437,27.15,136.587,5497
14/10:50:08,0.47,4.26,113.16,74.239,27.15,136.598,5498
14/10:50:08,0.47,4.27,113.16,73.92,27.15,136.609,5499
14/10:50:09,0.47,4.27,113.16,73.59,27.15,136.62,5500
14/10:50:09,0.47,4.27,113.17,73.304,27.15,136.631,5501
14/10:50:10,0.49,4.27,113.17,73.018,27.15,136.642,5502
14/10:50:10,0.59,4.28,113.16,72.721,27.15,136.653,5503
14/10:50:11,2.04,4.28,113.07,72.611,27.15,136.664,5504
14/10:50:11,4.14,4.28,112.9,72.677,27.15,136.675,5505
14/10:50:12,6.04,4.31,112.69,72.908,27.15,136.686,5506
14/10:50:12,8.46,4.32,112.48,73.194,27.15,136.697,5507
14/10:50:14,12.51,4.34,112.09,73.755,27.15,136.708,5508
14/10:50:14,14.15,4.35,111.92,73.898,27.15,136.73,5509
14/10:50:15,14.68,4.12,112.04,74.305,27.15,136.741,5510
14/10:50:15,13.81,3.89,112.27,74.569,27.15,136.752,5511
14/10:50:16,12.49,3.69,112.56,74.503,27.15,136.763,5512
14/10:50:16,11.26,3.45,112.86,74.404,27.14,136.774,5513
14/10:50:17,10.16,3.43,112.99,74.151,27.14,136.785,5514
14/10:50:17,9.3,3.43,113.06,73.931,27.14,136.785,5515
14/10:50:18,8.91,3.42,113.12,73.788,27.14,136.807,5516
14/10:50:18,8.99,3.46,113.1,74.008,27.14,136.807,5517
14/10:50:19,10.02,3.76,112.75,74.162,27.14,136.829,5518
14/10:50:20,11.0,3.98,112.5,74.25,27.14,136.829,5519
14/10:50:20,11.56,4.17,112.26,74.349,27.14,136.84,5520
14/10:50:21,13.25,4.31,111.96,74.635,27.14,136.862,5521
14/10:50:21,12.91,4.31,111.95,74.778,27.13,136.873,5522
14/10:50:22,12.33,4.32,111.97,74.8,27.13,136.884,5523
14/10:50:23,11.25,4.33,112.1,74.734,27.13,136.906,5524
14/10:50:24,10.64,4.33,112.14,74.833,27.13,136.917,5525
14/10:50:24,10.44,4.34,112.15,74.932,27.13,136.928,5526
14/10:50:25,10.14,4.34,112.16,74.987,27.13,136.939,5527
14/10:50:25,10.15,4.36,112.17,75.108,27.13,136.95,5528
14/10:50:26,11.61,4.36,112.06,75.647,27.13,136.972,5529
14/10:50:27,12.28,4.35,111.98,75.922,27.12,136.983,5530
14/10:50:27,12.66,4.35,111.91,76.208,27.12,136.994,5531
14/10:50:28,12.47,4.36,111.95,76.549,27.12,137.016,5532
14/10:50:29,12.2,4.35,111.98,76.67,27.12,137.016,5533
14/10:50:29,11.57,4.34,112.03,76.868,27.12,137.027,5534
14/10:50:30,11.0,4.33,112.08,76.978,27.12,137.049,5535
14/10:50:30,10.71,4.34,112.1,77.154,27.12,137.071,5536
14/10:50:31,9.7,4.34,112.17,77.286,27.12,137.071,5537
14/10:50:31,9.06,4.33,112.24,77.264,27.11,137.082,5538
14/10:50:32,8.31,4.31,112.28,77.297,27.11,137.104,5539
14/10:50:32,7.42,4.3,112.33,77.253,27.11,137.115,5540
14/10:50:33,6.56,4.3,112.39,77.143,27.11,137.126,5541
14/10:50:34,5.79,4.3,112.47,77.066,27.11,137.137,5542
14/10:50:34,4.91,4.3,112.55,76.989,27.11,137.148,5543
14/10:50:35,4.0,4.28,112.67,76.879,27.11,137.159,5544
14/10:50:35,3.98,4.28,112.7,76.846,27.11,137.17,5545
14/10:50:36,3.99,4.31,112.72,76.824,27.11,137.181,5546
14/10:50:36,3.92,4.31,112.75,76.769,27.11,137.192,5547
14/10:50:37,3.96,4.33,112.77,76.692,27.11,137.203,5548
14/10:50:37,3.91,4.32,112.79,76.582,27.11,137.214,5549
14/10:50:38,3.82,4.33,112.79,76.461,27.11,137.225,5550
14/10:50:38,3.76,4.33,112.8,76.329,27.11,137.236,5551
14/10:50:39,3.89,4.36,112.8,76.208,27.11,137.247,5552
14/10:50:39,3.81,4.37,112.79,76.054,27.11,137.258,5553
14/10:50:40,3.7,4.36,112.79,75.867,27.11,137.269,5554
14/10:50:41,3.78,4.36,112.79,75.68,27.11,137.28,5555
14/10:50:41,4.1,4.35,112.78,75.592,27.11,137.291,5556
14/10:50:42,4.26,4.35,112.76,75.537,27.11,137.302,5557
14/10:50:42,4.98,4.34,112.73,75.328,27.11,137.313,5558
14/10:50:43,5.96,4.33,112.65,75.163,27.11,137.324,5559
14/10:50:43,6.79,4.34,112.56,75.053,27.11,137.335,5560
14/10:50:44,7.82,4.35,112.46,75.042,27.11,137.346,5561
14/10:50:44,8.68,4.34,112.37,74.943,27.11,137.357,5562
14/10:50:45,10.69,4.36,112.2,74.789,27.11,137.379,5563
14/10:50:46,11.95,4.37,112.09,74.646,27.11,137.39,5564
14/10:50:46,12.79,4.36,112.0,74.503,27.11,137.401,5565
14/10:50:47,12.53,4.34,111.99,74.404,27.11,137.412,5566
14/10:50:47,12.17,4.32,112.02,74.041,27.11,137.423,5567
14/10:50:48,12.02,4.31,112.04,73.678,27.1,137.434,5568
14/10:50:48,12.16,4.3,112.04,73.436,27.1,137.445,5569
14/10:50:49,12.31,4.24,112.0,73.304,27.1,137.456,5570
14/10:50:49,12.83,4.18,111.94,73.271,27.1,137.467,5571
14/10:50:50,12.83,4.16,111.91,73.348,27.1,137.478,5572
14/10:50:50,12.42,4.16,111.94,73.469,27.1,137.489,5573
14/10:50:51,13.02,4.16,111.9,73.524,27.1,137.5,5574
14/10:50:51,13.42,4.16,111.84,73.7,27.1,137.5,5575
14/10:50:52,12.96,4.16,111.85,73.733,27.09,137.511,5576
14/10:50:52,12.15,4.17,111.9,73.667,27.09,137.533,5577
14/10:50:53,11.24,4.21,111.99,73.546,27.09,137.533,5578
14/10:50:54,10.13,4.27,112.11,73.513,27.09,137.544,5579
14/10:50:54,9.61,4.28,112.16,73.546,27.09,137.555,5580
14/10:50:55,9.56,4.28,112.19,73.788,27.09,137.566,5581
14/10:50:55,9.54,4.16,112.18,74.151,27.09,137.577,5582
14/10:50:56,9.66,4.15,112.19,74.591,27.09,137.588,5583
14/10:50:56,10.44,4.15,112.13,74.91,27.09,137.599,5584
14/10:50:57,11.79,4.17,112.01,75.394,27.08,137.621,5585
14/10:50:58,12.07,4.18,111.99,75.757,27.08,137.632,5586
14/10:50:58,11.8,4.18,112.0,76.065,27.08,137.643,5587
14/10:50:59,11.44,4.21,112.0,76.439,27.08,137.654,5588
14/10:50:59,10.24,4.35,112.06,76.901,27.08,137.665,5589
14/10:51:00,8.73,4.37,112.2,77.22,27.08,137.676,5590
14/10:51:00,7.08,4.39,112.39,77.363,27.08,137.687,5591
14/10:51:01,5.18,4.39,112.54,77.583,27.08,137.698,5592
14/10:51:01,4.05,4.38,112.64,77.726,27.08,137.709,5593
14/10:51:02,1.86,4.38,112.85,78.034,27.08,137.742,5594
14/10:51:03,0.75,4.36,112.99,78.155,27.08,137.753,5595
14/10:51:04,0.46,4.35,113.07,78.221,27.08,137.775,5596
14/10:51:05,0.46,4.34,113.08,78.166,27.08,137.786,5597
14/10:51:05,0.48,4.32,113.09,78.133,27.08,137.797,5598
14/10:51:06,0.51,4.31,113.09,78.045,27.08,137.808,5599
14/10:51:06,0.56,4.3,113.09,77.836,27.08,137.808,5600
14/10:51:07,0.65,4.3,113.08,77.704,27.08,137.83,5601
14/10:51:07,0.78,4.3,113.08,77.55,27.08,137.841,5602
14/10:51:08,1.04,4.28,113.07,77.363,27.08,137.852,5603
14/10:51:08,1.56,4.3,113.03,77.198,27.08,137.863,5604
14/10:51:09,2.11,4.3,112.98,77.011,27.09,137.874,5605
14/10:51:09,2.61,4.32,112.94,76.857,27.09,137.885,5606
14/10:51:10,2.96,4.32,112.89,76.769,27.09,137.896,5607
14/10:51:11,3.27,4.32,112.87,76.593,27.09,137.907,5608
14/10:51:12,4.18,4.34,112.81,76.395,27.09,137.929,5609
14/10:51:12,4.49,4.34,112.79,76.274,27.09,137.94,5610
14/10:51:12,4.57,4.33,112.78,76.142,27.09,137.951,5611
14/10:51:13,4.76,4.33,112.77,76.131,27.09,137.962,5612
14/10:51:14,5.14,4.32,112.73,76.076,27.09,137.973,5613
14/10:51:14,5.51,4.32,112.71,76.087,27.09,137.984,5614
14/10:51:14,6.04,4.34,112.65,76.12,27.09,137.995,5615
14/10:51:16,6.99,4.33,112.56,76.252,27.08,138.017,5616
14/10:51:16,7.37,4.33,112.53,76.384,27.08,138.028,5617
14/10:51:17,7.61,4.34,112.49,76.428,27.08,138.039,5618
14/10:51:17,7.86,4.35,112.49,76.362,27.08,138.05,5619
14/10:51:18,7.91,4.35,112.48,76.252,27.08,138.061,5620
14/10:51:19,7.7,4.34,112.48,76.164,27.08,138.083,5621
14/10:51:19,7.74,4.34,112.49,76.175,27.08,138.094,5622
14/10:51:20,8.08,4.34,112.46,76.241,27.08,138.105,5623
14/10:51:21,8.39,4.35,112.43,76.384,27.08,138.116,5624
14/10:51:21,8.81,4.37,112.39,76.483,27.08,138.116,5625
14/10:51:22,9.23,4.38,112.35,76.571,27.08,138.127,5626
14/10:51:22,10.16,4.39,112.27,76.835,27.08,138.16,5627
14/10:51:23,10.75,4.38,112.21,76.912,27.08,138.171,5628
14/10:51:23,10.76,4.38,112.16,76.967,27.08,138.182,5629
14/10:51:24,10.31,4.37,112.16,76.923,27.07,138.193,5630
14/10:51:25,9.86,4.34,112.18,76.835,27.07,138.204,5631
14/10:51:25,9.4,4.31,112.22,76.835,27.07,138.215,5632
14/10:51:26,9.02,4.32,112.24,76.868,27.07,138.226,5633
14/10:51:26,8.72,4.31,112.27,76.857,27.07,138.237,5634
14/10:51:27,8.37,4.33,112.3,76.857,27.07,138.259,5635
14/10:51:28,7.99,4.33,112.33,76.857,27.07,138.27,5636
14/10:51:28,7.81,4.34,112.37,76.835,27.07,138.281,5637
14/10:51:28,8.01,4.35,112.38,76.714,27.07,138.281,5638
14/10:51:29,8.41,4.36,112.39,76.593,27.07,138.303,5639
14/10:51:29,8.75,4.38,112.38,76.527,27.07,138.314,5640
14/10:51:30,8.92,4.38,112.39,76.439,27.07,138.325,5641
14/10:51:30,8.99,4.38,112.38,76.362,27.07,138.336,5642
14/10:51:31,9.01,4.38,112.39,76.285,27.07,138.347,5643
14/10:51:32,9.01,4.38,112.38,76.12,27.07,138.358,5644
14/10:51:32,8.83,4.37,112.39,75.966,27.06,138.369,5645
14/10:51:33,8.5,4.35,112.39,75.823,27.06,138.38,5646
14/10:51:33,8.14,4.36,112.38,75.735,27.06,138.391,5647
14/10:51:34,8.01,4.36,112.38,75.636,27.06,138.402,5648
14/10:51:34,7.88,4.36,112.38,75.702,27.06,138.413,5649
14/10:51:35,7.75,4.36,112.38,75.691,27.06,138.424,5650
14/10:51:35,7.69,4.36,112.38,75.625,27.06,138.435,5651
14/10:51:36,7.98,4.37,112.41,75.416,27.06,138.457,5652
14/10:51:37,8.3,4.38,112.4,75.405,27.06,138.468,5653
14/10:51:37,8.38,4.37,112.42,75.46,27.06,138.479,5654
14/10:51:38,8.18,4.38,112.43,75.383,27.06,138.49,5655
14/10:51:38,8.13,4.37,112.43,75.273,27.06,138.501,5656
14/10:51:39,8.41,4.37,112.43,75.097,27.06,138.523,5657
14/10:51:40,8.57,4.37,112.41,75.02,27.06,138.534,5658
14/10:51:40,8.44,4.38,112.41,75.02,27.06,138.545,5659
14/10:51:41,8.24,4.38,112.4,74.987,27.06,138.556,5660
14/10:51:41,8.6,4.38,112.36,74.833,27.05,138.567,5661
14/10:51:42,9.36,4.41,112.31,74.789,27.05,138.578,5662
14/10:51:43,11.06,4.42,112.17,75.13,27.05,138.6,5663
14/10:51:43,11.62,4.43,112.1,75.317,27.05,138.611,5664
14/10:51:44,12.41,4.43,112.01,75.394,27.05,138.622,5665
14/10:51:45,13.08,4.43,111.96,75.537,27.05,138.633,5666
14/10:51:45,13.3,4.42,111.93,75.669,27.05,138.644,5667
14/10:51:46,12.57,4.41,111.95,75.735,27.05,138.655,5668
14/10:51:46,11.42,4.4,112.02,75.669,27.05,138.666,5669
14/10:51:47,9.87,4.4,112.17,75.559,27.04,138.688,5670
14/10:51:48,8.96,4.4,112.24,75.548,27.04,138.699,5671
14/10:51:48,7.86,4.38,112.34,75.515,27.04,138.71,5672
14/10:51:49,7.07,4.38,112.43,75.427,27.04,138.721,5673
14/10:51:49,6.5,4.38,112.5,75.416,27.04,138.732,5674
14/10:51:50,7.1,4.39,112.49,75.57,27.04,138.743,5675
14/10:51:51,8.56,4.39,112.36,75.878,27.04,138.765,5676
14/10:51:52,9.19,4.38,112.28,76.098,27.04,138.776,5677
14/10:51:52,10.18,4.39,112.2,76.384,27.04,138.787,5678
14/10:51:53,10.55,4.4,112.13,76.395,27.04,138.798,5679
14/10:51:53,10.72,4.39,112.1,76.395,27.04,138.809,5680
14/10:51:54,10.61,4.39,112.08,76.428,27.04,138.82,5681
14/10:51:55,9.92,4.38,112.15,76.56,27.03,138.842,5682
14/10:51:56,9.11,4.41,112.27,76.604,27.03,138.864,5683
14/10:51:56,8.65,4.4,112.34,76.593,27.03,138.875,5684
14/10:51:57,8.61,4.4,112.37,76.56,27.03,138.886,5685
14/10:51:57,8.66,4.41,112.37,76.527,27.03,138.897,5686
14/10:51:58,8.68,4.41,112.37,76.494,27.03,138.908,5687
14/10:51:59,8.86,4.41,112.32,76.472,27.03,138.908,5688
14/10:51:59,8.97,4.4,112.28,76.516,27.03,138.93,5689
14/10:52:00,9.15,4.4,112.25,76.604,27.03,138.941,5690
14/10:52:00,9.5,4.39,112.15,76.791,27.03,138.963,5691
14/10:52:01,9.81,4.39,112.09,76.769,27.03,138.974,5692
14/10:52:01,10.15,4.39,112.05,76.747,27.02,138.985,5693
14/10:52:02,10.69,4.39,112.02,76.824,27.02,138.996,5694
14/10:52:03,10.95,4.4,112.03,76.912,27.02,139.007,5695
14/10:52:03,10.76,4.4,112.05,76.967,27.02,139.018,5696
14/10:52:04,10.36,4.39,112.1,76.923,27.02,139.029,5697
14/10:52:04,10.1,4.38,112.15,76.769,27.02,139.04,5698
14/10:52:05,9.55,4.37,112.23,76.703,27.02,139.051,5699
14/10:52:05,8.93,4.36,112.28,76.615,27.02,139.062,5700
14/10:52:06,7.41,4.34,112.4,76.329,27.02,139.084,5701
14/10:52:07,6.69,4.34,112.44,76.186,27.02,139.095,5702
14/10:52:07,6.55,4.34,112.46,76.186,27.02,139.106,5703
14/10:52:08,6.53,4.35,112.46,76.197,27.02,139.117,5704
14/10:52:08,6.73,4.37,112.44,76.296,27.02,139.128,5705
14/10:52:09,7.16,4.37,112.43,76.461,27.02,139.139,5706
14/10:52:09,7.61,4.38,112.41,76.692,27.02,139.15,5707
14/10:52:10,8.15,4.39,112.36,76.769,27.01,139.161,5708
14/10:52:11,8.86,4.39,112.32,76.824,27.01,139.172,5709
14/10:52:12,9.36,4.14,112.48,77.44,27.01,139.194,5710
14/10:52:12,9.01,3.89,112.69,77.748,27.01,139.205,5711
14/10:52:13,8.72,3.68,112.89,77.66,27.01,139.216,5712
14/10:52:13,8.53,3.54,113.04,77.44,27.01,139.216,5713
14/10:52:14,8.55,3.54,113.05,77.143,27.01,139.249,5714
14/10:52:14,8.48,3.53,113.07,76.901,27.01,139.26,5715
14/10:52:15,8.28,3.53,113.1,76.901,27.01,139.271,5716
14/10:52:16,8.37,3.83,112.87,76.703,27.01,139.293,5717
14/10:52:16,8.8,4.0,112.66,76.615,27.01,139.304,5718
14/10:52:17,9.17,4.22,112.42,76.582,27.01,139.315,5719
14/10:52:17,9.39,4.38,112.26,76.593,27.0,139.326,5720
14/10:52:18,9.32,4.39,112.24,76.593,27.0,139.337,5721
14/10:52:19,9.34,4.41,112.2,76.527,27.0,139.359,5722
14/10:52:19,9.49,4.43,112.19,76.516,27.0,139.37,5723
14/10:52:20,9.77,4.41,112.15,76.593,27.0,139.381,5724
14/10:52:21,10.13,4.42,112.1,76.714,27.0,139.392,5725
14/10:52:21,10.28,4.42,112.09,76.824,27.0,139.403,5726
14/10:52:22,10.68,4.41,112.08,76.857,27.0,139.414,5727
14/10:52:22,10.95,4.39,112.08,76.945,27.0,139.425,5728
14/10:52:23,11.22,4.41,112.05,77.011,27.0,139.436,5729
14/10:52:23,11.46,4.42,112.01,77.198,27.0,139.447,5730
14/10:52:24,11.45,4.41,111.99,77.308,26.99,139.458,5731
14/10:52:24,11.4,4.43,111.98,77.473,26.99,139.469,5732
14/10:52:25,11.27,4.41,111.99,77.495,26.99,139.48,5733
14/10:52:25,11.04,4.4,111.99,77.572,26.99,139.491,5734
14/10:52:26,10.94,4.43,111.99,77.583,26.99,139.502,5735
14/10:52:26,10.95,4.42,111.99,77.561,26.99,139.513,5736
14/10:52:27,11.12,4.41,111.98,77.693,26.99,139.524,5737
14/10:52:27,11.08,4.41,112.0,77.814,26.99,139.535,5738
14/10:52:28,10.96,4.42,112.03,77.77,26.99,139.546,5739
14/10:52:28,10.76,4.43,112.07,77.605,26.99,139.557,5740
14/10:52:29,10.51,4.45,112.09,77.671,26.98,139.568,5741
14/10:52:30,10.28,4.44,112.13,77.726,26.98,139.579,5742
14/10:52:30,9.99,4.44,112.15,77.627,26.98,139.59,5743
14/10:52:31,9.49,4.45,112.2,77.528,26.98,139.601,5744
14/10:52:31,8.91,4.44,112.24,77.528,26.98,139.612,5745
14/10:52:31,8.61,4.43,112.24,77.385,26.98,139.623,5746
14/10:52:32,8.39,4.43,112.24,77.297,26.98,139.634,5747
14/10:52:32,8.2,4.43,112.23,77.308,26.98,139.645,5748
14/10:52:33,8.02,4.41,112.24,77.286,26.98,139.656,5749
14/10:52:34,7.85,4.4,112.22,77.187,26.98,139.667,5750
14/10:52:34,7.81,4.4,112.23,77.132,26.98,139.689,5751
14/10:52:35,7.82,4.39,112.24,77.121,26.98,139.7,5752
14/10:52:35,7.98,4.39,112.24,77.077,26.98,139.711,5753
14/10:52:36,8.17,4.39,112.26,76.912,26.98,139.722,5754
14/10:52:36,8.37,4.41,112.25,76.747,26.98,139.733,5755
14/10:52:37,8.7,4.41,112.26,76.736,26.98,139.744,5756
14/10:52:37,9.04,4.44,112.27,76.736,26.97,139.755,5757
14/10:52:38,9.31,4.44,112.28,76.659,26.97,139.766,5758
14/10:52:38,9.43,4.45,112.27,76.615,26.97,139.777,5759
14/10:52:39,9.51,4.46,112.27,76.571,26.97,139.788,5760
14/10:52:40,9.48,4.47,112.27,76.527,26.97,139.799,5761
14/10:52:40,9.28,4.47,112.26,76.428,26.97,139.81,5762
14/10:52:41,9.26,4.46,112.27,76.274,26.97,139.821,5763
14/10:52:41,9.28,4.45,112.28,76.23,26.97,139.832,5764
14/10:52:42,9.2,4.43,112.27,76.175,26.97,139.843,5765
14/10:52:42,8.99,4.42,112.26,76.131,26.97,139.854,5766
14/10:52:43,8.81,4.4,112.26,75.977,26.97,139.865,5767
14/10:52:43,8.83,4.21,112.24,75.878,26.97,139.876,5768
14/10:52:44,9.04,4.19,112.24,75.9,26.97,139.887,5769
14/10:52:45,9.01,4.18,112.23,75.834,26.96,139.909,5770
14/10:52:45,8.78,4.17,112.21,75.702,26.96,139.92,5771
14/10:52:46,8.53,4.17,112.21,75.702,26.96,139.931,5772
14/10:52:46,8.77,4.17,112.23,75.647,26.96,139.942,5773
14/10:52:47,8.6,4.35,112.24,75.625,26.96,139.964,5774
14/10:52:48,8.27,4.23,112.24,75.581,26.96,139.975,5775
14/10:52:49,8.14,4.21,112.22,75.493,26.96,139.986,5776
14/10:52:49,8.28,4.21,112.24,75.504,26.96,140.008,5777
14/10:52:51,7.96,4.2,112.22,75.339,26.96,140.03,5778
14/10:52:51,8.03,4.21,112.22,75.262,26.96,140.041,5779
14/10:52:51,8.33,4.22,112.23,75.163,26.96,140.052,5780
14/10:52:52,8.54,4.36,112.24,75.24,26.96,140.063,5781
14/10:52:53,8.54,4.37,112.25,75.295,26.96,140.074,5782
14/10:52:53,8.34,4.37,112.24,75.284,26.95,140.085,5783
14/10:52:54,8.64,4.37,112.25,75.24,26.95,140.096,5784
14/10:52:54,8.95,4.36,112.25,75.174,26.95,140.107,5785
14/10:52:55,8.97,4.35,112.23,75.13,26.95,140.118,5786
14/10:52:55,8.86,4.35,112.24,75.064,26.95,140.129,5787
14/10:52:56,8.72,4.33,112.22,74.888,26.95,140.14,5788
14/10:52:57,8.96,4.34,112.2,74.866,26.95,140.162,5789
14/10:52:57,9.2,4.33,112.2,74.855,26.95,140.173,5790
14/10:52:58,9.55,4.35,112.17,74.844,26.95,140.184,5791
14/10:52:58,9.9,4.35,112.12,74.954,26.95,140.195,5792
14/10:52:59,11.02,4.35,112.06,75.075,26.95,140.217,5793
14/10:53:00,11.41,4.35,112.02,75.108,26.95,140.228,5794
14/10:53:00,11.79,4.36,112.0,75.262,26.94,140.239,5795
14/10:53:01,12.27,4.35,111.93,75.394,26.94,140.25,5796
14/10:53:02,12.33,4.35,111.88,75.394,26.94,140.261,5797
14/10:53:02,12.15,4.33,111.88,75.449,26.94,140.272,5798
14/10:53:03,12.21,4.34,111.88,75.548,26.94,140.283,5799
14/10:53:03,12.28,4.32,111.87,75.724,26.94,140.294,5800
14/10:53:04,11.83,4.34,111.9,75.867,26.94,140.305,5801
14/10:53:04,10.95,4.34,111.94,75.955,26.94,140.316,5802
14/10:53:05,10.18,4.33,112.02,75.9,26.94,140.316,5803
14/10:53:05,9.48,4.31,112.08,75.768,26.93,140.327,5804
14/10:53:06,9.3,4.31,112.13,75.746,26.93,140.349,5805
14/10:53:06,9.28,4.28,112.13,75.834,26.93,140.36,5806
14/10:53:07,9.26,4.28,112.13,75.889,26.93,140.371,5807
14/10:53:08,9.7,4.28,112.09,76.021,26.93,140.393,5808
14/10:53:08,10.48,4.27,112.04,76.186,26.93,140.404,5809
14/10:53:09,11.2,4.28,112.0,76.263,26.93,140.415,5810
14/10:53:09,12.07,4.28,111.95,76.285,26.93,140.426,5811
14/10:53:10,12.34,4.28,111.94,76.461,26.93,140.437,5812
14/10:53:10,12.34,4.28,111.93,76.593,26.93,140.448,5813
14/10:53:11,12.36,4.24,111.95,76.703,26.92,140.459,5814
14/10:53:12,12.45,4.24,111.96,76.78,26.92,140.47,5815
14/10:53:12,12.52,4.25,111.96,76.857,26.92,140.481,5816
14/10:53:12,12.62,4.26,111.97,76.912,26.92,140.492,5817
14/10:53:13,12.46,4.26,111.97,77.022,26.92,140.503,5818
14/10:53:14,12.0,4.27,111.98,77.088,26.92,140.514,5819
14/10:53:15,11.28,4.3,112.0,77.176,26.92,140.536,5820
14/10:53:16,10.57,4.3,112.01,77.242,26.91,140.558,5821
14/10:53:16,10.45,4.31,112.01,77.308,26.91,140.569,5822
14/10:53:17,10.54,4.31,111.98,77.473,26.91,140.591,5823
14/10:53:18,10.64,4.3,111.96,77.616,26.91,140.602,5824
14/10:53:18,10.72,4.31,111.97,77.66,26.91,140.613,5825
14/10:53:19,10.77,4.3,111.99,77.627,26.91,140.624,5826
14/10:53:20,10.69,4.33,112.03,77.583,26.91,140.646,5827
14/10:53:21,10.52,4.31,112.05,77.561,26.91,140.657,5828
14/10:53:21,10.24,4.3,112.07,77.495,26.9,140.668,5829
14/10:53:21,9.97,4.32,112.11,77.572,26.9,140.679,5830
14/10:53:22,9.65,4.32,112.14,77.616,26.9,140.701,5831
14/10:53:22,9.36,4.31,112.15,77.627,26.9,140.712,5832
14/10:53:23,9.2,4.32,112.14,77.561,26.9,140.723,5833
14/10:53:24,9.28,4.32,112.12,77.583,26.9,140.734,5834
14/10:53:25,9.54,4.32,112.14,77.737,26.9,140.756,5835
14/10:53:25,9.66,4.3,112.12,77.77,26.9,140.767,5836
14/10:53:26,9.81,4.3,112.12,77.726,26.9,140.778,5837
14/10:53:26,10.0,4.3,112.13,77.616,26.9,140.789,5838
14/10:53:27,10.19,4.3,112.12,77.715,26.9,140.8,5839
14/10:53:27,10.34,4.31,112.13,77.781,26.9,140.811,5840
14/10:53:28,10.37,4.31,112.15,77.77,26.89,140.822,5841
14/10:53:28,10.38,4.31,112.13,77.803,26.89,140.833,5842
14/10:53:29,10.45,4.31,112.14,77.781,26.89,140.844,5843
14/10:53:29,10.5,4.32,112.13,77.803,26.89,140.855,5844
14/10:53:30,10.64,4.31,112.14,77.759,26.89,140.866,5845
14/10:53:31,10.51,4.31,112.16,77.715,26.89,140.877,5846
14/10:53:31,10.3,4.31,112.19,77.66,26.89,140.888,5847
14/10:53:32,9.99,4.31,112.21,77.693,26.89,140.899,5848
14/10:53:32,9.6,4.31,112.21,77.616,26.89,140.91,5849
14/10:53:33,9.19,4.3,112.25,77.517,26.89,140.921,5850
14/10:53:33,8.7,4.3,112.27,77.451,26.89,140.932,5851
14/10:53:34,7.83,4.31,112.3,77.286,26.88,140.954,5852
14/10:53:34,7.55,4.31,112.28,77.209,26.88,140.965,5853
14/10:53:35,7.23,4.3,112.28,77.066,26.88,140.976,5854
14/10:53:36,6.87,4.28,112.3,76.879,26.88,140.998,5855
14/10:53:37,6.71,4.28,112.31,76.78,26.88,141.009,5856
14/10:53:37,6.61,4.28,112.3,76.615,26.88,141.02,5857
14/10:53:38,6.63,4.28,112.31,76.483,26.88,141.031,5858
14/10:53:39,7.07,4.27,112.31,76.483,26.88,141.053,5859
14/10:53:40,7.24,4.28,112.32,76.45,26.88,141.075,5860
14/10:53:41,7.32,4.28,112.32,76.395,26.88,141.086,5861
14/10:53:41,7.33,4.28,112.28,76.241,26.88,141.097,5862
14/10:53:42,7.27,4.28,112.3,76.01,26.88,141.108,5863
14/10:53:42,7.15,4.27,112.3,75.944,26.88,141.108,5864
14/10:53:43,7.03,4.27,112.31,75.878,26.88,141.13,5865
14/10:53:43,6.84,4.27,112.32,75.79,26.88,141.141,5866
14/10:53:44,6.65,4.25,112.31,75.669,26.88,141.152,5867
14/10:53:45,6.62,4.25,112.33,75.295,26.88,141.174,5868
14/10:53:46,7.14,4.26,112.32,75.185,26.88,141.196,5869
14/10:53:47,7.38,4.26,112.31,74.976,26.87,141.218,5870
14/10:53:47,7.82,4.27,112.28,74.998,26.87,141.229,5871
14/10:53:48,8.05,4.28,112.28,75.064,26.87,141.24,5872
14/10:53:48,8.28,4.28,112.27,75.086,26.87,141.251,5873
14/10:53:49,8.54,4.27,112.26,75.009,26.87,141.262,5874
14/10:53:49,8.75,4.28,112.24,75.042,26.87,141.273,5875
14/10:53:50,8.74,4.27,112.22,75.042,26.87,141.284,5876
14/10:53:50,8.77,4.27,112.2,74.954,26.87,141.295,5877
14/10:53:51,8.62,4.27,112.19,74.877,26.87,141.306,5878
14/10:53:52,8.69,4.28,112.2,74.877,26.87,141.317,5879
14/10:53:52,8.82,4.28,112.19,74.965,26.87,141.328,5880
14/10:53:53,8.86,4.28,112.18,74.965,26.87,141.339,5881
14/10:53:53,8.97,4.3,112.16,74.899,26.87,141.35,5882
14/10:53:54,9.26,4.28,112.15,74.899,26.87,141.361,5883
14/10:53:55,10.04,4.3,112.09,74.998,26.86,141.383,5884
14/10:53:55,10.49,4.28,112.05,74.987,26.86,141.394,5885
14/10:53:56,11.01,4.28,111.96,75.075,26.86,141.405,5886
14/10:53:56,12.0,4.28,111.88,75.196,26.86,141.416,5887
14/10:53:57,13.01,4.3,111.82,75.273,26.86,141.416,5888
14/10:53:58,13.57,4.28,111.68,75.713,26.86,141.449,5889
14/10:53:58,13.88,4.27,111.65,75.823,26.86,141.46,5890
14/10:53:59,14.34,4.28,111.59,75.966,26.86,141.471,5891
14/10:53:59,14.76,4.28,111.56,76.153,26.85,141.482,5892
14/10:54:00,14.88,4.32,111.56,76.285,26.85,141.493,5893
14/10:54:01,14.24,4.32,111.59,76.395,26.85,141.504,5894
14/10:54:01,13.14,4.31,111.67,76.384,26.85,141.515,5895
14/10:54:01,12.08,4.32,111.81,76.263,26.85,141.526,5896
14/10:54:02,10.68,4.32,111.94,76.076,26.85,141.537,5897
14/10:54:03,9.36,4.32,112.05,75.999,26.85,141.548,5898
14/10:54:03,8.2,4.32,112.17,75.9,26.85,141.559,5899
14/10:54:04,7.2,4.31,112.27,75.724,26.85,141.581,5900
14/10:54:04,6.54,4.28,112.35,75.581,26.84,141.581,5901
14/10:54:05,6.46,4.28,112.38,75.625,26.84,141.592,5902
14/10:54:06,8.08,4.27,112.22,75.724,26.84,141.625,5903
14/10:54:07,9.94,4.27,112.06,75.878,26.84,141.636,5904
14/10:54:08,11.41,4.27,111.92,75.878,26.84,141.669,5905
14/10:54:08,11.65,4.26,111.89,75.911,26.84,141.68,5906
14/10:54:09,11.49,4.27,111.89,75.834,26.84,141.68,5907
14/10:54:09,11.04,4.27,111.91,75.702,26.84,141.702,5908
14/10:54:10,10.49,4.27,111.94,75.537,26.84,141.713,5909
14/10:54:11,10.26,4.28,111.98,75.361,26.84,141.724,5910
14/10:54:11,10.01,4.28,112.02,75.185,26.83,141.724,5911
14/10:54:12,9.51,4.27,112.03,75.174,26.83,141.746,5912
14/10:54:13,8.74,4.28,112.08,74.822,26.83,141.757,5913
14/10:54:13,8.84,4.26,112.1,74.668,26.83,141.779,5914
14/10:54:14,8.95,4.26,112.1,74.613,26.83,141.779,5915
14/10:54:14,8.9,4.24,112.12,74.371,26.83,141.79,5916
14/10:54:15,8.93,4.24,112.12,74.228,26.83,141.801,5917
14/10:54:15,8.91,4.24,112.12,74.107,26.83,141.812,5918
14/10:54:16,8.91,4.24,112.14,73.931,26.83,141.823,5919
14/10:54:16,9.13,4.26,112.14,73.744,26.83,141.834,5920
14/10:54:17,9.06,4.26,112.13,73.612,26.83,141.845,5921
14/10:54:18,9.13,4.28,112.12,73.359,26.83,141.867,5922
14/10:54:18,9.0,4.28,112.11,73.249,26.82,141.878,5923
14/10:54:19,9.04,4.28,112.1,73.073,26.82,141.889,5924
14/10:54:19,9.11,4.3,112.1,72.875,26.82,141.9,5925
14/10:54:20,9.16,4.31,112.09,72.754,26.82,141.911,5926
14/10:54:20,9.08,4.32,112.1,72.622,26.82,141.922,5927
14/10:54:21,9.06,4.32,112.1,72.501,26.82,141.933,5928
14/10:54:21,9.21,4.32,112.11,72.281,26.82,141.944,5929
14/10:54:22,9.8,4.34,112.06,72.27,26.82,141.955,5930
14/10:54:22,10.67,4.41,111.98,72.402,26.82,141.966,5931
14/10:54:23,11.54,4.43,111.9,72.534,26.82,141.977,5932
14/10:54:24,12.53,4.47,111.8,72.6,26.82,141.988,5933
14/10:54:24,13.3,4.49,111.72,72.688,26.82,141.999,5934
14/10:54:25,14.98,4.53,111.55,72.952,26.81,142.021,5935
14/10:54:26,14.66,4.54,111.55,72.93,26.81,142.032,5936
14/10:54:26,13.86,4.52,111.6,72.831,26.81,142.043,5937
14/10:54:27,12.05,4.46,111.76,72.446,26.81,142.065,5938
14/10:54:28,11.46,4.46,111.83,72.413,26.81,142.076,5939
14/10:54:28,10.88,4.44,111.89,72.358,26.8,142.087,5940
14/10:54:29,10.97,4.43,111.92,72.402,26.8,142.098,5941
14/10:54:30,11.77,4.42,111.84,72.49,26.8,142.109,5942
14/10:54:30,13.11,4.41,111.76,72.545,26.8,142.12,5943
14/10:54:31,13.79,4.4,111.67,72.71,26.8,142.131,5944
14/10:54:31,14.1,4.4,111.64,72.721,26.8,142.142,5945
14/10:54:32,13.77,4.39,111.64,72.6,26.8,142.153,5946
14/10:54:32,13.92,4.39,111.64,72.512,26.8,142.164,5947
14/10:54:34,12.7,4.37,111.71,72.369,26.79,142.197,5948
14/10:54:35,11.84,4.37,111.79,72.237,26.79,142.208,5949
14/10:54:35,11.18,4.37,111.84,72.116,26.79,142.208,5950
14/10:54:36,11.39,4.37,111.83,72.061,26.79,142.23,5951
14/10:54:36,11.68,4.36,111.8,71.984,26.79,142.241,5952
14/10:54:37,11.61,4.37,111.8,72.05,26.79,142.252,5953
14/10:54:37,11.42,4.37,111.81,72.083,26.78,142.263,5954
14/10:54:38,11.67,4.39,111.79,72.094,26.78,142.274,5955
14/10:54:38,12.15,4.36,111.76,72.116,26.78,142.285,5956
14/10:54:39,12.75,4.36,111.71,72.237,26.78,142.296,5957
14/10:54:39,13.23,4.36,111.67,72.303,26.78,142.307,5958
14/10:54:40,12.94,4.34,111.67,72.292,26.78,142.318,5959
14/10:54:40,12.55,4.35,111.72,72.226,26.78,142.329,5960
14/10:54:41,11.98,4.34,111.75,72.116,26.78,142.34,5961
14/10:54:41,11.56,4.33,111.79,72.006,26.78,142.351,5962
14/10:54:42,10.92,4.32,111.85,71.896,26.77,142.362,5963
14/10:54:42,10.46,4.33,111.89,71.841,26.77,142.373,5964
14/10:54:43,10.08,4.31,111.91,71.753,26.77,142.373,5965
14/10:54:44,10.22,4.31,111.9,71.786,26.77,142.384,5966
14/10:54:44,10.55,4.32,111.85,71.808,26.77,142.395,5967
14/10:54:45,11.3,4.32,111.81,71.852,26.77,142.406,5968
14/10:54:45,11.9,4.31,111.76,71.896,26.77,142.417,5969
14/10:54:46,12.71,4.31,111.68,71.918,26.77,142.428,5970
14/10:54:46,13.34,4.3,111.61,71.929,26.77,142.439,5971
14/10:54:47,14.08,4.31,111.56,72.039,26.76,142.45,5972
14/10:54:48,14.36,4.3,111.52,72.182,26.76,142.461,5973
14/10:54:48,14.6,4.34,111.5,72.325,26.76,142.472,5974
14/10:54:48,13.81,4.33,111.54,72.38,26.76,142.483,5975
14/10:54:49,13.27,4.34,111.57,72.292,26.76,142.494,5976
14/10:54:50,11.82,4.35,111.72,72.116,26.76,142.516,5977
14/10:54:51,10.51,4.36,111.84,71.885,26.75,142.527,5978
14/10:54:52,10.26,4.36,111.88,71.863,26.75,142.549,5979
14/10:54:52,10.02,4.35,111.9,71.863,26.75,142.56,5980
14/10:54:53,10.65,4.36,111.87,71.896,26.75,142.571,5981
14/10:54:54,11.96,4.34,111.76,72.006,26.75,142.593,5982
14/10:54:54,12.53,4.33,111.68,72.039,26.75,142.604,5983
14/10:54:55,13.51,4.32,111.56,72.248,26.75,142.615,5984
14/10:54:56,13.28,4.32,111.57,72.259,26.75,142.626,5985
14/10:54:56,12.76,4.3,111.63,72.116,26.74,142.637,5986
14/10:54:57,12.56,4.28,111.63,72.039,26.74,142.648,5987
14/10:54:58,11.76,4.28,111.71,72.083,26.74,142.67,5988
14/10:54:58,11.45,4.28,111.76,72.061,26.74,142.681,5989
14/10:54:59,10.76,4.26,111.81,72.116,26.74,142.692,5990
14/10:54:59,10.73,4.26,111.82,72.171,26.74,142.703,5991
14/10:55:01,11.83,4.26,111.72,72.446,26.73,142.736,5992
14/10:55:01,12.03,4.27,111.69,72.633,26.73,142.747,5993
14/10:55:02,12.48,4.27,111.66,72.754,26.73,142.758,5994
14/10:55:02,12.76,4.28,111.62,72.897,26.73,142.769,5995
14/10:55:03,13.23,4.28,111.59,73.117,26.73,142.78,5996
14/10:55:03,13.63,4.3,111.54,73.315,26.73,142.791,5997
14/10:55:04,13.59,4.3,111.52,73.491,26.73,142.802,5998
14/10:55:05,13.34,4.28,111.53,73.601,26.73,142.813,5999
14/10:55:05,13.08,4.28,111.55,73.689,26.72,142.824,6000
14/10:55:06,13.04,4.28,111.56,73.744,26.72,142.835,6001
14/10:55:06,12.68,4.28,111.59,73.953,26.72,142.846,6002
14/10:55:07,12.35,4.26,111.63,74.052,26.72,142.857,6003
14/10:55:07,11.84,4.26,111.65,74.239,26.72,142.868,6004
14/10:55:08,11.62,4.24,111.68,74.459,26.72,142.879,6005
14/10:55:08,11.97,4.25,111.67,74.591,26.72,142.89,6006
14/10:55:09,12.61,4.26,111.65,74.811,26.72,142.901,6007
14/10:55:10,12.88,4.25,111.6,75.086,26.71,142.912,6008
14/10:55:10,13.19,4.26,111.54,75.427,26.71,142.923,6009
14/10:55:10,13.38,4.25,111.51,75.823,26.71,142.934,6010
14/10:55:11,13.02,4.26,111.53,76.109,26.71,142.956,6011
14/10:55:12,12.89,4.27,111.56,76.23,26.71,142.967,6012
14/10:55:13,12.03,4.26,111.64,76.758,26.71,142.989,6013
14/10:55:13,11.46,4.24,111.71,77.066,26.7,143.0,6014
14/10:55:14,10.85,4.23,111.77,77.264,26.7,143.011,6015
14/10:55:15,10.68,4.23,111.8,77.352,26.7,143.022,6016
14/10:55:16,10.61,4.24,111.8,77.737,26.7,143.044,6017
14/10:55:16,10.39,4.24,111.79,78.034,26.7,143.055,6018
14/10:55:17,10.16,4.24,111.79,78.287,26.7,143.066,6019
14/10:55:18,10.37,4.27,111.76,78.914,26.7,143.088,6020
14/10:55:19,11.56,4.26,111.68,79.75,26.69,143.11,6021
14/10:55:19,12.33,4.27,111.63,80.036,26.69,143.121,6022
14/10:55:20,12.82,4.24,111.59,80.509,26.69,143.132,6023
14/10:55:20,12.85,4.24,111.59,81.015,26.69,143.143,6024
14/10:55:21,12.99,4.25,111.61,81.356,26.69,143.154,6025
14/10:55:21,12.84,4.25,111.63,81.664,26.69,143.165,6026
14/10:55:22,12.41,4.25,111.65,81.939,26.69,143.176,6027
14/10:55:23,11.98,4.25,111.67,82.214,26.69,143.198,6028
14/10:55:23,11.17,4.25,111.72,82.478,26.69,143.209,6029
14/10:55:24,9.97,4.25,111.83,82.687,26.68,143.22,6030
14/10:55:25,7.61,4.26,112.06,82.764,26.68,143.242,6031
14/10:55:25,6.26,4.25,112.15,82.599,26.68,143.253,6032
14/10:55:26,5.1,4.24,112.28,82.412,26.68,143.264,6033
14/10:55:26,4.03,4.23,112.4,82.258,26.68,143.275,6034
14/10:55:27,2.51,4.22,112.51,82.06,26.68,143.286,6035
14/10:55:28,1.01,4.21,112.7,81.62,26.68,143.308,6036
14/10:55:28,0.49,4.2,112.75,81.378,26.68,143.33,6037
14/10:55:29,0.49,4.19,112.76,81.081,26.68,143.341,6038
14/10:55:29,0.49,4.19,112.77,80.894,26.68,143.352,6039
14/10:55:30,0.49,4.17,112.78,80.729,26.69,143.363,6040
14/10:55:30,0.49,4.17,112.79,80.542,26.69,143.374,6041
14/10:55:31,0.48,4.17,112.82,80.322,26.69,143.385,6042
14/10:55:32,0.46,4.16,112.84,80.135,26.69,143.396,6043
14/10:55:32,0.46,4.16,112.84,79.959,26.69,143.407,6044
14/10:55:32,0.46,4.16,112.85,79.717,26.69,143.418,6045
14/10:55:33,0.46,4.16,112.85,79.563,26.69,143.429,6046
14/10:55:34,0.52,4.18,112.87,79.09,26.69,143.451,6047
14/10:55:35,0.84,4.18,112.85,78.826,26.69,143.462,6048
14/10:55:36,3.13,4.19,112.64,78.848,26.69,143.495,6049
14/10:55:36,4.13,4.2,112.54,79.002,26.69,143.506,6050
14/10:55:37,4.99,4.2,112.47,79.112,26.69,143.517,6051
14/10:55:37,5.97,4.21,112.38,79.09,26.69,143.528,6052
14/10:55:38,7.9,4.25,112.2,79.079,26.69,143.55,6053
14/10:55:39,8.26,4.27,112.17,79.046,26.69,143.561,6054
14/10:55:40,7.98,4.28,112.2,79.09,26.69,143.572,6055
14/10:55:40,7.52,4.28,112.21,79.156,26.69,143.583,6056
14/10:55:41,7.36,4.28,112.21,79.266,26.69,143.594,6057
14/10:55:41,7.1,4.28,112.21,79.299,26.69,143.605,6058
14/10:55:42,6.69,4.26,112.21,79.442,26.69,143.616,6059
14/10:55:43,6.22,4.23,112.24,79.453,26.69,143.627,6060
14/10:55:44,5.1,4.21,112.33,79.508,26.69,143.66,6061
14/10:55:44,4.38,4.19,112.41,79.508,26.69,143.671,6062
14/10:55:44,3.59,4.19,112.5,79.442,26.69,143.682,6063
14/10:55:45,2.88,4.18,112.57,79.387,26.69,143.693,6064
14/10:55:46,2.2,4.17,112.67,79.244,26.69,143.704,6065
14/10:55:46,1.48,4.16,112.74,79.167,26.69,143.726,6066
14/10:55:47,0.99,4.17,112.8,79.079,26.69,143.737,6067
14/10:55:47,0.65,4.16,112.85,79.035,26.69,143.748,6068
14/10:55:48,0.46,4.16,112.89,79.079,26.69,143.759,6069
14/10:55:49,0.46,4.16,112.9,79.167,26.69,143.77,6070
14/10:55:49,0.47,4.17,112.91,79.222,26.69,143.792,6071
14/10:55:50,0.47,4.17,112.92,79.156,26.69,143.803,6072
14/10:55:50,0.47,4.18,112.92,79.101,26.69,143.814,6073
14/10:55:51,0.47,4.18,112.94,79.112,26.69,143.825,6074
14/10:55:51,0.47,4.18,112.95,79.112,26.69,143.836,6075
14/10:55:52,0.47,4.18,112.95,79.178,26.69,143.847,6076
14/10:55:53,0.47,4.18,112.96,79.2,26.69,143.858,6077
14/10:55:53,0.47,4.18,112.96,79.288,26.69,143.869,6078
14/10:55:54,0.47,4.18,112.97,79.31,26.69,143.891,6079
14/10:55:55,0.46,4.18,112.97,79.277,26.69,143.902,6080
14/10:55:55,0.46,4.18,112.98,79.321,26.69,143.913,6081
14/10:55:56,0.46,4.19,112.98,79.486,26.7,143.924,6082
14/10:55:56,0.46,4.18,112.99,79.563,26.7,143.935,6083
14/10:55:57,0.46,4.19,113.0,79.596,26.7,143.957,6084
14/10:55:57,0.46,4.18,113.0,79.574,26.7,143.968,6085
14/10:55:58,0.46,4.18,112.99,79.541,26.7,143.979,6086
14/10:55:58,0.47,4.16,113.0,79.508,26.7,143.99,6087
14/10:55:59,0.51,4.15,113.0,79.42,26.7,144.001,6088
14/10:55:59,0.56,4.15,112.98,79.277,26.7,144.012,6089
14/10:56:00,0.69,4.15,112.97,79.2,26.7,144.023,6090
14/10:56:00,1.18,4.14,112.93,79.211,26.7,144.034,6091
14/10:56:01,2.37,4.14,112.84,79.222,26.7,144.045,6092
14/10:56:02,5.05,4.16,112.56,79.442,26.7,144.067,6093
14/10:56:03,6.56,4.18,112.46,79.629,26.7,144.078,6094
14/10:56:03,7.53,4.19,112.36,79.805,26.7,144.089,6095
14/10:56:04,8.02,4.17,112.28,79.794,26.7,144.1,6096
14/10:56:04,8.43,4.17,112.22,79.75,26.7,144.111,6097
14/10:56:05,8.48,4.18,112.22,79.794,26.7,144.122,6098
14/10:56:05,8.01,4.19,112.27,79.827,26.7,144.133,6099
14/10:56:06,7.28,4.18,112.36,79.805,26.7,144.144,6100
14/10:56:06,6.22,4.16,112.45,79.75,26.7,144.166,6101
14/10:56:07,5.08,4.16,112.54,79.662,26.7,144.177,6102
14/10:56:08,4.24,4.18,112.64,79.475,26.7,144.199,6103
14/10:56:09,4.13,4.19,112.68,79.431,26.7,144.21,6104
14/10:56:09,3.88,4.19,112.7,79.343,26.7,144.221,6105
14/10:56:09,3.47,4.19,112.72,79.255,26.7,144.232,6106
14/10:56:10,3.28,4.19,112.73,79.145,26.7,144.243,6107
14/10:56:11,3.28,4.21,112.74,78.826,26.7,144.265,6108
14/10:56:11,3.3,4.2,112.75,78.683,26.7,144.276,6109
14/10:56:12,3.28,4.21,112.75,78.551,26.7,144.287,6110
14/10:56:13,3.34,4.21,112.77,78.122,26.7,144.309,6111
14/10:56:14,3.46,4.23,112.77,78.001,26.7,144.32,6112
14/10:56:14,3.67,4.24,112.78,77.913,26.7,144.331,6113
14/10:56:15,3.85,4.24,112.78,77.825,26.7,144.342,6114
14/10:56:15,3.94,4.24,112.77,77.495,26.7,144.353,6115
14/10:56:16,3.97,4.25,112.77,77.242,26.7,144.364,6116
14/10:56:17,3.94,4.26,112.78,76.791,26.7,144.386,6117
14/10:56:17,4.01,4.26,112.78,76.615,26.7,144.397,6118
14/10:56:18,4.09,4.25,112.77,76.494,26.7,144.408,6119
14/10:56:19,4.06,4.25,112.77,76.296,26.7,144.43,6120
14/10:56:19,3.94,4.26,112.77,75.867,26.7,144.441,6121
14/10:56:20,3.87,4.24,112.77,75.68,26.7,144.452,6122
14/10:56:20,3.69,4.22,112.76,75.57,26.7,144.474,6123
14/10:56:21,3.47,4.21,112.75,75.504,26.7,144.485,6124
14/10:56:21,3.27,4.22,112.76,75.152,26.7,144.496,6125
14/10:56:22,3.49,4.22,112.74,74.943,26.7,144.496,6126
14/10:56:22,3.98,4.21,112.7,74.976,26.7,144.518,6127
14/10:56:23,4.53,4.21,112.63,75.02,26.7,144.529,6128
14/10:56:24,5.06,4.23,112.56,75.053,26.7,144.529,6129
14/10:56:24,5.89,4.25,112.52,75.086,26.7,144.551,6130
14/10:56:25,6.71,4.26,112.46,75.053,26.7,144.562,6131
14/10:56:25,7.33,4.27,112.4,75.02,26.7,144.562,6132
14/10:56:26,7.86,4.26,112.34,75.064,26.7,144.573,6133
14/10:56:26,7.98,4.26,112.28,75.009,26.7,144.595,6134
14/10:56:27,8.11,4.26,112.28,74.954,26.7,144.595,6135
14/10:56:27,8.22,4.26,112.28,75.009,26.69,144.606,6136
14/10:56:28,8.17,4.27,112.3,75.108,26.69,144.617,6137
14/10:56:28,8.1,4.26,112.28,75.086,26.69,144.639,6138
14/10:56:29,8.46,4.27,112.25,75.075,26.69,144.639,6139
14/10:56:29,8.99,4.27,112.23,75.108,26.69,144.65,6140
14/10:56:30,9.96,4.28,112.16,75.394,26.69,144.672,6141
14/10:56:31,10.27,4.28,112.13,75.515,26.69,144.683,6142
14/10:56:31,10.54,4.28,112.1,75.614,26.69,144.694,6143
14/10:56:32,11.4,4.28,112.01,75.757,26.69,144.716,6144
14/10:56:33,11.72,4.3,111.95,76.109,26.69,144.727,6145
14/10:56:34,11.93,4.28,111.93,76.34,26.68,144.771,6146
14/10:56:36,12.08,4.28,111.89,76.34,26.68,144.782,6147
14/10:56:36,12.21,4.27,111.88,76.461,26.68,144.804,6148
14/10:56:37,12.16,4.25,111.88,76.637,26.68,144.804,6149
14/10:56:37,11.94,4.22,111.88,76.747,26.68,144.826,6150
14/10:56:38,11.5,4.24,111.88,76.736,26.68,144.837,6151
14/10:56:39,10.51,4.27,111.95,76.659,26.67,144.859,6152
14/10:56:39,10.38,4.28,111.96,76.648,26.67,144.87,6153
14/10:56:40,10.11,4.27,111.98,76.703,26.67,144.881,6154
14/10:56:41,10.04,4.28,111.98,76.934,26.67,144.903,6155
14/10:56:42,10.38,4.33,111.95,77.077,26.67,144.914,6156
14/10:56:42,11.04,4.32,111.9,77.308,26.67,144.925,6157
14/10:56:43,11.88,4.31,111.8,77.495,26.67,144.936,6158
14/10:56:43,12.95,4.25,111.7,77.715,26.67,144.947,6159
14/10:56:44,13.27,4.25,111.65,77.957,26.67,144.958,6160
14/10:56:44,13.22,4.24,111.65,78.21,26.66,144.969,6161
14/10:56:45,13.01,4.24,111.66,78.188,26.66,144.98,6162
14/10:56:46,11.54,4.23,111.78,78.078,26.66,145.002,6163
14/10:56:46,10.86,4.22,111.86,78.122,26.66,145.013,6164
14/10:56:47,8.97,4.26,112.09,78.045,26.66,145.035,6165
14/10:56:48,8.56,4.27,112.18,77.891,26.66,145.046,6166
14/10:56:48,8.28,4.27,112.2,77.759,26.66,145.057,6167
14/10:56:49,8.06,4.26,112.22,77.715,26.66,145.068,6168
14/10:56:49,7.96,4.26,112.22,77.704,26.66,145.079,6169
14/10:56:50,7.81,4.24,112.22,77.561,26.65,145.09,6170
14/10:56:50,7.56,4.25,112.22,77.385,26.65,145.101,6171
14/10:56:51,7.31,4.25,112.21,77.242,26.65,145.112,6172
14/10:56:51,7.14,4.25,112.21,77.253,26.65,145.123,6173
14/10:56:52,7.06,4.23,112.21,77.176,26.65,145.134,6174
14/10:56:53,6.91,4.23,112.21,77.165,26.65,145.156,6175
14/10:56:54,6.85,4.22,112.21,77.143,26.65,145.167,6176
14/10:56:54,6.78,4.23,112.21,77.11,26.65,145.189,6177
14/10:56:55,6.56,4.22,112.22,77.077,26.65,145.211,6178
14/10:56:56,6.55,4.24,112.21,76.835,26.65,145.233,6179
14/10:56:57,6.65,4.24,112.2,76.802,26.65,145.244,6180
14/10:56:57,6.81,4.25,112.2,76.846,26.65,145.255,6181
14/10:56:58,7.32,4.26,112.18,76.835,26.65,145.266,6182
14/10:56:58,7.95,4.27,112.17,76.802,26.65,145.277,6183
14/10:56:59,8.57,4.26,112.14,76.868,26.65,145.288,6184
14/10:56:59,9.07,4.25,112.11,77.011,26.65,145.299,6185
14/10:57:00,9.49,4.25,112.1,77.0,26.65,145.31,6186
14/10:57:00,9.98,4.25,112.07,77.0,26.65,145.321,6187
14/10:57:01,10.37,4.24,112.06,77.044,26.64,145.332,6188
14/10:57:02,10.56,4.22,112.02,77.176,26.64,145.354,6189
14/10:57:03,10.42,4.23,111.99,77.176,26.64,145.365,6190
14/10:57:03,10.19,4.23,112.01,77.088,26.64,145.376,6191
14/10:57:04,10.0,4.23,112.0,77.066,26.64,145.387,6192
14/10:57:04,9.85,4.22,112.0,77.088,26.64,145.398,6193
14/10:57:05,9.68,4.22,112.02,77.132,26.64,145.409,6194
14/10:57:06,9.41,4.2,112.0,77.121,26.64,145.431,6195
14/10:57:07,9.28,4.21,112.0,77.11,26.63,145.453,6196
14/10:57:07,9.37,4.21,111.99,77.154,26.63,145.464,6197
14/10:57:08,9.56,4.21,111.99,77.198,26.63,145.475,6198
14/10:57:08,9.85,4.22,111.98,77.11,26.63,145.486,6199
14/10:57:09,10.15,4.24,111.97,77.165,26.63,145.497,6200
14/10:57:09,10.5,4.25,111.96,77.209,26.63,145.508,6201
14/10:57:10,10.62,4.26,111.95,77.264,26.63,145.508,6202
14/10:57:10,10.72,4.24,111.95,77.33,26.63,145.53,6203
14/10:57:11,10.6,4.25,111.96,77.341,26.63,145.552,6204
14/10:57:12,10.34,4.26,111.96,77.264,26.63,145.563,6205
14/10:57:12,10.03,4.25,111.96,77.308,26.63,145.574,6206
14/10:57:13,9.7,4.25,111.96,77.308,26.62,145.585,6207
14/10:57:13,9.45,4.25,111.97,77.297,26.62,145.596,6208
14/10:57:14,9.22,4.24,111.97,77.363,26.62,145.607,6209
14/10:57:15,9.01,4.25,111.98,77.341,26.62,145.618,6210
14/10:57:15,8.9,4.23,111.99,77.264,26.62,145.629,6211
14/10:57:16,8.8,4.19,111.99,77.363,26.62,145.662,6212
14/10:57:17,8.87,4.19,112.0,77.33,26.62,145.662,6213
14/10:57:17,9.02,4.2,111.99,77.352,26.62,145.673,6214
14/10:57:18,9.08,4.18,111.99,77.418,26.62,145.695,6215
14/10:57:18,9.09,4.18,111.99,77.385,26.62,145.706,6216
14/10:57:19,9.06,4.17,112.0,77.363,26.62,145.717,6217
14/10:57:19,9.1,4.18,111.99,77.374,26.62,145.728,6218
14/10:57:20,9.24,4.21,111.98,77.352,26.62,145.739,6219
14/10:57:20,9.52,4.21,111.99,77.231,26.61,145.75,6220
14/10:57:21,9.72,4.21,111.98,77.165,26.61,145.761,6221
14/10:57:21,9.8,4.21,111.98,77.231,26.61,145.772,6222
14/10:57:22,9.95,4.2,111.98,77.352,26.61,145.783,6223
14/10:57:23,10.09,4.21,111.97,77.44,26.61,145.794,6224
14/10:57:23,10.28,4.22,111.97,77.33,26.61,145.805,6225
14/10:57:24,10.4,4.22,111.96,77.22,26.61,145.816,6226
14/10:57:24,10.18,4.22,111.95,76.989,26.61,145.827,6227
14/10:57:25,9.97,4.23,111.95,76.912,26.61,145.849,6228
14/10:57:26,9.83,4.23,111.94,76.912,26.61,145.86,6229
14/10:57:26,9.75,4.25,111.94,76.879,26.6,145.871,6230
14/10:57:27,9.59,4.25,111.94,76.769,26.6,145.882,6231
14/10:57:27,9.42,4.25,111.93,76.615,26.6,145.893,6232
14/10:57:28,9.19,4.24,111.93,76.549,26.6,145.904,6233
14/10:57:28,9.06,4.24,111.94,76.439,26.6,145.915,6234
14/10:57:29,9.28,4.24,111.94,76.285,26.6,145.926,6235
14/10:57:29,9.43,4.24,111.93,76.296,26.6,145.937,6236
14/10:57:30,9.41,4.23,111.94,76.351,26.6,145.948,6237
14/10:57:30,9.41,4.24,111.93,76.23,26.6,145.959,6238
14/10:57:31,9.43,4.24,111.93,76.054,26.6,145.97,6239
14/10:57:31,9.39,4.25,111.93,75.922,26.6,145.981,6240
14/10:57:32,9.52,4.26,111.92,75.878,26.6,145.992,6241
14/10:57:33,9.73,4.27,111.92,75.823,26.6,146.003,6242
14/10:57:33,9.76,4.28,111.94,75.867,26.59,146.014,6243
14/10:57:34,9.75,4.28,111.94,75.9,26.59,146.025,6244
14/10:57:34,9.65,4.28,111.94,75.889,26.59,146.036,6245
14/10:57:35,9.61,4.27,111.95,75.845,26.59,146.047,6246
14/10:57:35,9.69,4.28,111.95,75.79,26.59,146.058,6247
14/10:57:36,9.94,4.28,111.94,75.801,26.59,146.069,6248
14/10:57:36,9.99,4.27,111.93,75.856,26.59,146.08,6249
14/10:57:37,9.68,4.26,111.92,75.746,26.59,146.091,6250
14/10:57:37,9.37,4.25,111.93,75.614,26.59,146.102,6251
14/10:57:38,9.75,4.28,111.93,75.515,26.59,146.124,6252
14/10:57:39,9.94,4.28,111.9,75.559,26.59,146.135,6253
14/10:57:39,9.91,4.28,111.92,75.526,26.59,146.146,6254
14/10:57:40,9.83,4.3,111.92,75.504,26.57,146.157,6255
14/10:57:40,10.46,4.32,111.88,75.636,26.57,146.168,6256
14/10:57:41,11.21,4.32,111.84,75.867,26.57,146.179,6257
14/10:57:42,11.73,4.32,111.79,76.12,26.57,146.19,6258
14/10:57:42,12.06,4.32,111.74,76.329,26.57,146.201,6259
14/10:57:43,12.14,4.31,111.69,76.516,26.57,146.212,6260
14/10:57:43,12.43,4.31,111.67,76.615,26.57,146.223,6261
14/10:57:44,12.8,4.3,111.64,76.626,26.57,146.234,6262
14/10:57:45,12.51,4.28,111.67,76.956,26.56,146.256,6263
14/10:57:45,12.13,4.28,111.69,77.121,26.56,146.267,6264
14/10:57:46,11.79,4.28,111.72,77.209,26.56,146.278,6265
14/10:57:46,11.47,4.28,111.75,77.187,26.56,146.289,6266
14/10:57:47,11.35,4.18,111.75,77.275,26.56,146.3,6267
14/10:57:47,11.13,4.17,111.73,77.253,26.56,146.311,6268
14/10:57:48,10.87,4.17,111.73,77.308,26.56,146.322,6269
14/10:57:48,10.81,4.17,111.73,77.352,26.56,146.344,6270
14/10:57:49,10.87,4.17,111.72,77.506,26.56,146.344,6271
14/10:57:49,11.12,4.16,111.72,77.671,26.56,146.355,6272
14/10:57:50,11.33,4.16,111.72,77.781,26.56,146.377,6273
14/10:57:51,11.53,4.18,111.73,77.836,26.56,146.388,6274
14/10:57:51,11.67,4.27,111.75,77.836,26.56,146.399,6275
14/10:57:51,11.87,4.28,111.76,77.858,26.56,146.41,6276
14/10:57:52,11.92,4.3,111.75,77.935,26.56,146.421,6277
14/10:57:52,11.79,4.28,111.75,78.023,26.56,146.432,6278
14/10:57:53,11.22,4.3,111.77,78.188,26.56,146.454,6279
14/10:57:55,10.82,4.31,111.74,78.188,26.55,146.476,6280
14/10:57:55,10.53,4.32,111.74,78.144,26.55,146.487,6281
14/10:57:56,10.1,4.33,111.76,78.067,26.55,146.498,6282
14/10:57:57,8.95,4.35,111.85,78.012,26.55,146.52,6283
14/10:57:57,8.46,4.39,111.89,78.001,26.55,146.531,6284
14/10:57:58,8.04,4.37,111.96,77.902,26.55,146.542,6285
14/10:57:59,7.46,4.39,112.03,77.781,26.55,146.553,6286
14/10:57:59,6.97,4.39,112.11,77.583,26.55,146.564,6287
14/10:57:59,6.79,4.39,112.13,77.517,26.55,146.575,6288
14/10:58:00,6.67,4.39,112.13,77.462,26.55,146.586,6289
14/10:58:00,6.76,4.39,112.12,77.385,26.55,146.597,6290
14/10:58:01,6.84,4.39,112.12,77.33,26.55,146.608,6291
14/10:58:02,7.0,4.37,112.09,77.143,26.55,146.63,6292
14/10:58:02,7.03,4.36,112.08,76.956,26.55,146.641,6293
14/10:58:03,6.94,4.35,112.08,76.945,26.55,146.652,6294
14/10:58:04,6.89,4.33,112.08,76.945,26.55,146.663,6295
14/10:58:04,6.93,4.33,112.1,76.923,26.55,146.674,6296
14/10:58:04,7.14,4.33,112.11,76.846,26.54,146.685,6297
14/10:58:05,7.43,4.32,112.11,76.824,26.54,146.696,6298
14/10:58:06,7.88,4.32,112.1,76.813,26.54,146.707,6299
14/10:58:06,8.28,4.33,112.09,76.835,26.54,146.718,6300
14/10:58:07,8.76,4.32,112.07,76.813,26.54,146.729,6301
14/10:58:07,9.21,4.33,112.04,76.824,26.54,146.751,6302
14/10:58:08,9.87,4.32,111.96,76.956,26.54,146.762,6303
14/10:58:09,9.85,4.31,111.95,76.846,26.54,146.784,6304
14/10:58:09,9.66,4.33,111.94,76.714,26.54,146.795,6305
14/10:58:10,9.39,4.32,111.93,76.604,26.54,146.806,6306
14/10:58:10,9.18,4.31,111.92,76.527,26.54,146.817,6307
14/10:58:11,8.9,4.31,111.93,76.329,26.54,146.828,6308
14/10:58:11,8.91,4.32,111.95,76.098,26.54,146.839,6309
14/10:58:12,9.2,4.33,111.95,75.977,26.54,146.85,6310
14/10:58:12,9.48,4.23,111.92,75.977,26.53,146.861,6311
14/10:58:13,9.99,4.24,111.88,75.999,26.53,146.872,6312
14/10:58:14,10.8,4.24,111.8,76.065,26.53,146.894,6313
14/10:58:15,11.1,4.24,111.77,76.065,26.53,146.905,6314
14/10:58:15,11.25,4.26,111.74,76.043,26.53,146.916,6315
14/10:58:16,11.03,4.25,111.72,75.988,26.53,146.916,6316
14/10:58:16,10.84,4.25,111.73,75.988,26.53,146.927,6317
14/10:58:17,10.83,4.37,111.73,76.032,26.53,146.949,6318
14/10:58:17,10.86,4.37,111.73,76.098,26.53,146.96,6319
14/10:58:18,11.1,4.39,111.76,76.351,26.52,146.982,6320
14/10:58:19,11.27,4.38,111.76,76.406,26.52,146.993,6321
14/10:58:19,11.56,4.38,111.76,76.494,26.52,147.004,6322
14/10:58:20,11.81,4.37,111.75,76.571,26.52,147.015,6323
14/10:58:20,11.92,4.37,111.73,76.593,26.52,147.026,6324
14/10:58:21,11.77,4.35,111.72,76.681,26.52,147.037,6325
14/10:58:21,11.44,4.33,111.72,76.747,26.52,147.048,6326
14/10:58:22,11.14,4.33,111.72,76.769,26.52,147.059,6327
14/10:58:22,10.91,4.31,111.72,76.835,26.52,147.07,6328
14/10:58:23,10.69,4.31,111.71,76.912,26.51,147.081,6329
14/10:58:24,10.67,4.23,111.71,77.055,26.51,147.092,6330
14/10:58:25,10.87,4.15,111.72,77.165,26.51,147.114,6331
14/10:58:25,10.96,4.14,111.72,77.308,26.51,147.125,6332
14/10:58:26,11.11,4.1,111.7,77.363,26.51,147.136,6333
14/10:58:26,11.31,4.1,111.7,77.451,26.51,147.147,6334
14/10:58:27,11.45,4.1,111.7,77.517,26.51,147.158,6335
14/10:58:27,11.51,4.09,111.7,77.594,26.51,147.169,6336
14/10:58:28,11.44,4.19,111.71,77.704,26.51,147.18,6337
14/10:58:28,11.21,4.27,111.73,77.803,26.5,147.191,6338
14/10:58:29,10.97,4.26,111.74,77.858,26.5,147.202,6339
14/10:58:29,10.81,4.26,111.74,77.957,26.5,147.213,6340
14/10:58:30,10.73,4.32,111.74,78.067,26.5,147.224,6341
14/10:58:30,10.56,4.32,111.73,78.144,26.5,147.235,6342
14/10:58:31,10.5,4.31,111.72,78.276,26.5,147.246,6343
14/10:58:31,10.51,4.32,111.73,78.353,26.5,147.257,6344
14/10:58:32,10.65,4.32,111.71,78.408,26.5,147.268,6345
14/10:58:32,10.93,4.32,111.69,78.441,26.5,147.279,6346
14/10:58:33,11.23,4.33,111.67,78.474,26.5,147.301,6347
14/10:58:34,11.37,4.35,111.67,78.474,26.49,147.312,6348
14/10:58:34,11.41,4.35,111.69,78.54,26.49,147.323,6349
14/10:58:35,11.38,4.35,111.68,78.628,26.49,147.334,6350
14/10:58:35,11.35,4.35,111.7,78.815,26.49,147.345,6351
14/10:58:36,11.31,4.36,111.7,78.969,26.49,147.356,6352
14/10:58:36,11.28,4.36,111.7,79.024,26.49,147.367,6353
14/10:58:37,11.3,4.34,111.71,78.936,26.49,147.378,6354
14/10:58:37,11.21,4.34,111.71,78.936,26.49,147.389,6355
14/10:58:38,11.12,4.32,111.71,79.002,26.49,147.411,6356
14/10:58:39,10.85,4.32,111.73,78.892,26.48,147.422,6357
14/10:58:40,10.48,4.32,111.75,78.892,26.48,147.433,6358
14/10:58:40,10.08,4.31,111.77,78.76,26.48,147.444,6359
14/10:58:40,9.6,4.32,111.86,78.573,26.48,147.455,6360
14/10:58:41,8.93,4.33,111.92,78.309,26.48,147.466,6361
14/10:58:42,8.14,4.33,111.99,78.034,26.48,147.477,6362
14/10:58:42,6.9,4.3,112.1,77.616,26.48,147.488,6363
14/10:58:42,5.7,4.31,112.23,77.286,26.48,147.499,6364
14/10:58:43,4.77,4.31,112.33,76.813,26.48,147.51,6365
14/10:58:44,3.76,4.31,112.43,76.362,26.48,147.521,6366
14/10:58:44,2.9,4.28,112.51,75.9,26.48,147.532,6367
14/10:58:45,2.03,4.28,112.57,75.427,26.48,147.543,6368
14/10:58:45,1.25,4.28,112.66,74.899,26.48,147.565,6369
14/10:58:45,0.56,4.27,112.72,74.327,26.48,147.565,6370
14/10:58:46,0.6,4.28,112.74,73.898,26.48,147.576,6371
14/10:58:47,1.43,4.28,112.67,73.568,26.48,147.587,6372
14/10:58:47,2.69,4.28,112.56,73.348,26.48,147.598,6373
14/10:58:48,4.13,4.3,112.46,73.271,26.48,147.609,6374
14/10:58:48,5.35,4.3,112.33,73.249,26.48,147.62,6375
14/10:58:49,8.0,4.31,112.08,73.029,26.48,147.642,6376
14/10:58:50,9.1,4.32,111.95,72.996,26.48,147.653,6377
14/10:58:51,11.16,4.32,111.74,72.908,26.48,147.675,6378
14/10:58:51,11.54,4.31,111.7,73.051,26.48,147.686,6379
14/10:58:52,11.86,4.31,111.66,73.128,26.48,147.697,6380
14/10:58:52,12.38,4.32,111.63,73.172,26.48,147.708,6381
14/10:58:53,12.84,4.31,111.57,73.26,26.47,147.708,6382
14/10:58:53,13.21,4.31,111.55,73.436,26.47,147.73,6383
14/10:58:54,13.59,4.28,111.52,73.623,26.47,147.741,6384
14/10:58:55,13.78,4.28,111.48,73.832,26.47,147.752,6385
14/10:58:56,14.04,4.28,111.44,74.129,26.47,147.774,6386
14/10:58:56,14.3,4.27,111.42,74.459,26.47,147.785,6387
14/10:58:57,14.18,4.27,111.4,74.789,26.46,147.796,6388
14/10:58:57,13.16,4.26,111.46,75.02,26.46,147.807,6389
14/10:58:58,12.34,4.26,111.55,75.064,26.46,147.818,6390
14/10:58:58,11.73,4.27,111.65,75.075,26.46,147.829,6391
14/10:58:59,10.47,4.27,111.77,75.361,26.46,147.851,6392
14/10:59:00,10.12,4.26,111.8,75.515,26.46,147.862,6393
14/10:59:01,9.76,4.3,111.84,75.768,26.46,147.895,6394
14/10:59:02,10.14,4.31,111.8,75.801,26.45,147.906,6395
14/10:59:02,10.27,4.31,111.75,75.845,26.45,147.917,6396
14/10:59:03,10.3,4.32,111.75,75.9,26.45,147.928,6397
14/10:59:04,9.91,4.31,111.77,76.043,26.45,147.939,6398
14/10:59:04,9.51,4.32,111.83,76.054,26.45,147.95,6399
14/10:59:05,9.75,4.33,111.84,76.076,26.45,147.961,6400
14/10:59:05,10.02,4.32,111.83,76.186,26.45,147.972,6401
14/10:59:06,10.25,4.32,111.81,76.428,26.45,147.983,6402
14/10:59:06,10.68,4.31,111.76,76.692,26.45,147.994,6403
14/10:59:07,11.17,4.31,111.71,76.846,26.45,148.005,6404
14/10:59:08,11.6,4.32,111.65,77.0,26.45,148.016,6405
14/10:59:08,12.67,4.37,111.56,77.165,26.44,148.027,6406
14/10:59:09,12.91,4.36,111.51,77.44,26.44,148.049,6407
14/10:59:09,12.94,4.35,111.48,77.616,26.44,148.06,6408
14/10:59:10,12.86,4.36,111.48,77.715,26.44,148.071,6409
14/10:59:10,12.92,4.37,111.48,77.792,26.44,148.082,6410
14/10:59:11,13.11,4.38,111.47,77.913,26.44,148.093,6411
14/10:59:12,12.71,4.35,111.53,78.023,26.44,148.115,6412
14/10:59:13,11.95,4.33,111.6,77.968,26.43,148.137,6413
14/10:59:14,11.45,4.32,111.67,77.781,26.43,148.159,6414
14/10:59:14,10.97,4.31,111.71,77.715,26.43,148.159,6415
14/10:59:15,10.48,4.31,111.76,77.616,26.43,148.17,6416
14/10:59:15,9.95,4.3,111.79,77.561,26.43,148.181,6417
14/10:59:17,9.38,4.28,111.86,77.143,26.43,148.225,6418
14/10:59:17,9.25,4.28,111.87,77.088,26.43,148.236,6419
14/10:59:18,9.18,4.27,111.87,77.0,26.42,148.247,6420
14/10:59:18,9.11,4.28,111.86,77.011,26.42,148.258,6421
14/10:59:19,9.01,4.28,111.88,77.154,26.42,148.269,6422
14/10:59:20,8.71,4.27,111.89,77.099,26.42,148.291,6423
14/10:59:20,8.47,4.28,111.87,77.011,26.42,148.302,6424
14/10:59:21,8.3,4.27,111.88,76.868,26.42,148.313,6425
14/10:59:22,8.24,4.28,111.89,76.758,26.42,148.324,6426
14/10:59:22,8.31,4.28,111.9,76.747,26.42,148.335,6427
14/10:59:23,8.42,4.28,111.9,76.714,26.42,148.346,6428
14/10:59:23,8.61,4.28,111.91,76.681,26.42,148.357,6429
14/10:59:24,9.23,4.3,111.93,76.516,26.42,148.39,6430
14/10:59:25,9.26,4.28,111.92,76.516,26.42,148.401,6431
14/10:59:26,9.15,4.28,111.9,76.527,26.41,148.412,6432
14/10:59:26,9.02,4.27,111.9,76.505,26.41,148.423,6433
14/10:59:27,8.81,4.27,111.9,76.439,26.41,148.434,6434
14/10:59:27,8.54,4.26,111.89,76.406,26.41,148.445,6435
14/10:59:28,8.27,4.24,111.91,76.417,26.41,148.456,6436
14/10:59:29,8.03,4.25,111.91,76.461,26.41,148.478,6437
14/10:59:29,8.12,4.26,111.92,76.516,26.41,148.489,6438
14/10:59:30,8.39,4.26,111.92,76.516,26.41,148.5,6439
14/10:59:30,8.45,4.26,111.92,76.615,26.41,148.511,6440
14/10:59:31,8.57,4.25,111.89,76.659,26.41,148.522,6441
14/10:59:31,8.64,4.25,111.89,76.659,26.41,148.533,6442
14/10:59:32,8.78,4.27,111.87,76.593,26.41,148.544,6443
14/10:59:33,8.79,4.25,111.86,76.483,26.41,148.555,6444
14/10:59:33,8.64,4.23,111.86,76.395,26.41,148.566,6445
14/10:59:33,8.46,4.2,111.87,76.362,26.41,148.577,6446
14/10:59:34,8.41,4.2,111.86,76.285,26.4,148.588,6447
14/10:59:35,8.6,4.09,111.87,76.197,26.4,148.599,6448
14/10:59:35,8.75,4.07,111.86,76.142,26.4,148.61,6449
14/10:59:36,8.8,4.07,111.86,76.241,26.4,148.621,6450
14/10:59:36,8.71,4.06,111.85,76.208,26.4,148.632,6451
14/10:59:37,8.74,4.04,111.85,76.043,26.4,148.643,6452
14/10:59:37,8.76,4.04,111.86,75.845,26.4,148.654,6453
14/10:59:38,8.8,4.07,111.86,75.724,26.4,148.665,6454
14/10:59:38,8.81,4.06,111.84,75.614,26.4,148.676,6455
14/10:59:39,8.84,4.18,111.86,75.46,26.4,148.687,6456
14/10:59:39,8.76,4.18,111.87,75.383,26.4,148.698,6457
14/10:59:40,8.65,4.17,111.89,75.207,26.4,148.709,6458
14/10:59:40,8.74,4.18,111.9,75.031,26.4,148.72,6459
14/10:59:41,9.06,4.19,111.89,74.91,26.4,148.731,6460
14/10:59:41,9.61,4.2,111.84,74.899,26.4,148.742,6461
14/10:59:42,10.1,4.19,111.79,74.91,26.39,148.753,6462
14/10:59:42,10.37,4.21,111.77,74.8,26.39,148.764,6463
14/10:59:43,10.62,4.21,111.72,74.822,26.39,148.775,6464
14/10:59:43,11.25,4.21,111.68,74.866,26.39,148.786,6465
14/10:59:44,12.03,4.23,111.62,74.855,26.39,148.797,6466
14/10:59:45,12.32,4.23,111.55,74.778,26.39,148.808,6467
14/10:59:46,11.97,4.23,111.61,74.58,26.39,148.841,6468
14/10:59:47,11.69,4.22,111.63,74.36,26.38,148.852,6469
14/10:59:48,11.43,4.22,111.64,74.14,26.38,148.863,6470
14/10:59:48,10.63,4.2,111.69,73.777,26.38,148.885,6471
14/10:59:49,10.55,4.19,111.71,73.359,26.38,148.907,6472
14/10:59:50,10.25,4.18,111.7,73.216,26.38,148.918,6473
14/10:59:51,10.35,4.18,111.71,73.018,26.38,148.929,6474
14/10:59:51,10.72,4.17,111.67,72.875,26.38,148.951,6475
14/10:59:52,11.14,4.16,111.64,72.875,26.37,148.962,6476
14/10:59:52,11.67,4.17,111.6,72.853,26.37,148.973,6477
14/10:59:53,11.96,4.18,111.55,72.787,26.37,148.984,6478
14/10:59:54,12.42,4.17,111.51,72.765,26.37,148.995,6479
14/10:59:54,13.01,4.17,111.48,72.743,26.37,149.006,6480
14/10:59:55,12.96,4.18,111.45,72.688,26.37,149.017,6481
14/10:59:55,12.7,4.19,111.47,72.589,26.37,149.028,6482
14/10:59:56,12.05,4.19,111.5,72.38,26.37,149.039,6483
14/10:59:56,11.67,4.19,111.56,72.226,26.37,149.05,6484
14/10:59:57,11.18,4.2,111.59,72.116,26.36,149.061,6485
14/10:59:57,10.97,4.2,111.62,72.061,26.36,149.072,6486
14/10:59:58,10.7,4.2,111.64,71.984,26.36,149.083,6487
14/10:59:58,10.65,4.21,111.63,71.929,26.36,149.094,6488
14/10:59:59,11.25,4.23,111.6,71.973,26.36,149.094,6489
14/10:59:59,11.85,4.23,111.55,72.05,26.36,149.105,6490
14/11:00:00,12.63,4.23,111.5,72.083,26.36,149.116,6491
14/11:00:00,12.96,4.22,111.45,72.116,26.36,149.116,6492
14/11:00:01,12.79,4.21,111.43,72.303,26.35,149.149,6493
14/11:00:02,12.88,4.21,111.45,72.303,26.35,149.16,6494
14/11:00:03,12.43,4.2,111.46,72.248,26.35,149.171,6495
14/11:00:03,12.22,4.19,111.48,72.193,26.35,149.182,6496
14/11:00:04,11.7,4.18,111.5,72.215,26.35,149.193,6497
14/11:00:04,11.55,4.19,111.53,72.182,26.35,149.204,6498
14/11:00:05,11.94,4.2,111.51,72.248,26.35,149.215,6499
14/11:00:05,12.28,4.2,111.47,72.303,26.35,149.226,6500
14/11:00:06,12.92,4.2,111.43,72.479,26.34,149.237,6501
14/11:00:06,13.35,4.21,111.37,72.633,26.34,149.248,6502
14/11:00:07,13.85,4.2,111.35,72.798,26.34,149.259,6503
14/11:00:07,13.51,4.2,111.37,72.952,26.34,149.27,6504
14/11:00:08,13.44,4.2,111.38,72.952,26.34,149.281,6505
14/11:00:08,13.28,4.2,111.37,73.007,26.34,149.292,6506
14/11:00:09,12.8,4.21,111.41,73.128,26.34,149.303,6507
14/11:00:10,12.28,4.21,111.47,73.282,26.33,149.325,6508
14/11:00:10,11.84,4.21,111.52,73.381,26.33,149.336,6509
14/11:00:11,11.6,4.21,111.52,73.524,26.33,149.347,6510
14/11:00:11,11.7,4.22,111.51,73.755,26.33,149.358,6511
14/11:00:12,11.42,4.22,111.54,73.81,26.33,149.369,6512
14/11:00:13,11.76,4.2,111.53,73.843,26.33,149.38,6513
14/11:00:13,12.41,4.22,111.47,73.986,26.33,149.391,6514
14/11:00:14,12.81,4.24,111.42,74.261,26.33,149.402,6515
14/11:00:14,12.73,4.24,111.39,74.503,26.33,149.413,6516
14/11:00:15,12.59,4.22,111.4,74.69,26.32,149.424,6517
14/11:00:15,12.56,4.23,111.41,74.833,26.32,149.435,6518
14/11:00:16,12.81,4.23,111.42,74.998,26.32,149.435,6519
14/11:00:16,13.21,4.23,111.38,75.185,26.32,149.457,6520
14/11:00:17,12.89,4.24,111.38,75.339,26.32,149.468,6521
14/11:00:17,12.35,4.22,111.42,75.603,26.32,149.479,6522
14/11:00:18,11.86,4.2,111.46,75.834,26.32,149.479,6523
14/11:00:18,12.0,4.23,111.48,76.186,26.32,149.501,6524
14/11:00:19,12.44,4.25,111.45,76.439,26.31,149.512,6525
14/11:00:19,12.7,4.25,111.42,76.67,26.31,149.523,6526
14/11:00:20,12.82,4.27,111.38,77.121,26.31,149.534,6527
14/11:00:21,13.07,4.27,111.38,77.462,26.31,149.545,6528
14/11:00:21,13.2,4.28,111.36,77.748,26.31,149.556,6529
14/11:00:22,13.1,4.27,111.39,77.88,26.31,149.567,6530
14/11:00:22,12.94,4.26,111.44,78.023,26.31,149.578,6531
14/11:00:23,11.99,4.22,111.5,78.111,26.31,149.589,6532
14/11:00:23,10.6,4.24,111.63,78.1,26.3,149.6,6533
14/11:00:24,9.18,4.23,111.76,77.968,26.3,149.611,6534
14/11:00:24,7.62,4.2,111.89,77.902,26.3,149.622,6535
14/11:00:25,5.17,4.19,112.13,77.66,26.3,149.644,6536
14/11:00:26,4.18,4.19,112.2,77.517,26.3,149.655,6537
14/11:00:27,2.97,4.19,112.31,77.209,26.3,149.677,6538
14/11:00:27,3.31,4.18,112.31,77.033,26.3,149.688,6539
14/11:00:28,3.86,4.17,112.28,77.033,26.3,149.699,6540
14/11:00:28,4.37,4.16,112.26,77.022,26.3,149.71,6541
14/11:00:29,4.83,4.17,112.23,76.989,26.3,149.721,6542
14/11:00:29,5.34,4.17,112.19,76.967,26.3,149.732,6543
14/11:00:30,5.82,4.17,112.15,77.011,26.3,149.743,6544
14/11:00:30,6.14,4.16,112.14,76.967,26.3,149.754,6545
14/11:00:31,6.37,4.17,112.11,76.912,26.3,149.765,6546
14/11:00:31,6.46,4.16,112.09,76.901,26.3,149.776,6547
14/11:00:32,6.26,4.15,112.09,76.879,26.3,149.787,6548
14/11:00:33,6.04,4.14,112.07,76.813,26.3,149.798,6549
14/11:00:33,5.83,4.14,112.08,76.648,26.3,149.809,6550
14/11:00:34,5.56,4.15,112.11,76.472,26.3,149.82,6551
14/11:00:34,5.35,4.17,112.12,76.329,26.3,149.831,6552
14/11:00:35,5.21,4.19,112.13,76.23,26.3,149.842,6553
14/11:00:35,5.47,4.22,112.13,76.164,26.3,149.853,6554
14/11:00:36,5.92,4.25,112.11,76.175,26.3,149.864,6555
14/11:00:36,6.42,4.28,112.08,76.329,26.3,149.875,6556
14/11:00:37,6.89,4.3,112.08,76.34,26.3,149.886,6557
14/11:00:38,7.39,4.32,112.05,76.417,26.3,149.897,6558
14/11:00:38,7.91,4.34,111.99,76.45,26.3,149.908,6559
14/11:00:39,8.86,4.31,111.89,76.593,26.3,149.93,6560
14/11:00:40,9.05,4.3,111.86,76.604,26.3,149.941,6561
14/11:00:40,9.53,4.28,111.82,76.648,26.28,149.974,6562
14/11:00:41,9.82,4.28,111.78,76.56,26.28,149.974,6563
14/11:00:42,9.96,4.28,111.77,76.549,26.28,149.996,6564
14/11:00:43,10.12,4.28,111.75,76.461,26.28,150.018,6565
14/11:00:43,10.09,4.28,111.75,76.329,26.28,150.029,6566
14/11:00:44,9.9,4.28,111.74,76.208,26.28,150.04,6567
14/11:00:44,9.71,4.26,111.71,76.131,26.28,150.051,6568
14/11:00:45,9.56,4.26,111.72,76.065,26.28,150.062,6569
14/11:00:45,9.59,4.25,111.72,76.021,26.28,150.073,6570
14/11:00:46,9.73,4.23,111.72,76.098,26.28,150.084,6571
14/11:00:46,9.79,4.22,111.72,76.142,26.28,150.095,6572
14/11:00:47,9.9,4.22,111.72,76.164,26.28,150.106,6573
14/11:00:47,9.91,4.21,111.7,76.186,26.28,150.117,6574
14/11:00:48,9.94,4.21,111.71,76.186,26.28,150.128,6575
14/11:00:48,9.93,4.23,111.73,76.197,26.28,150.139,6576
14/11:00:49,10.07,4.23,111.72,76.307,26.28,150.161,6577
14/11:00:50,9.89,4.22,111.72,76.428,26.28,150.172,6578
14/11:00:51,9.83,4.22,111.7,76.593,26.28,150.183,6579
14/11:00:51,9.8,4.22,111.7,76.703,26.28,150.194,6580
14/11:00:51,9.91,4.22,111.71,76.758,26.28,150.205,6581
14/11:00:52,9.94,4.22,111.7,76.747,26.28,150.216,6582
14/11:00:53,9.8,4.19,111.71,76.791,26.27,150.216,6583
14/11:00:53,9.72,4.18,111.72,76.956,26.27,150.227,6584
14/11:00:54,9.66,4.19,111.72,77.099,26.27,150.249,6585
14/11:00:54,9.73,4.18,111.73,77.275,26.27,150.26,6586
14/11:00:55,9.69,4.19,111.73,77.484,26.27,150.271,6587
14/11:00:55,9.77,4.2,111.73,77.616,26.27,150.282,6588
14/11:00:56,9.76,4.21,111.72,77.726,26.27,150.293,6589
14/11:00:57,9.64,4.2,111.72,77.803,26.27,150.304,6590
14/11:00:57,9.37,4.09,111.86,78.144,26.27,150.315,6591
14/11:00:57,8.68,3.86,112.06,78.54,26.27,150.326,6592
14/11:00:58,8.08,3.62,112.32,78.672,26.27,150.337,6593
14/11:00:58,7.41,3.38,112.55,78.606,26.27,150.348,6594
14/11:00:59,7.06,3.22,112.71,78.573,26.27,150.359,6595
14/11:00:59,7.23,3.2,112.7,78.43,26.27,150.37,6596
14/11:01:00,7.74,3.18,112.66,78.298,26.26,150.381,6597
14/11:01:01,8.23,3.19,112.59,78.518,26.26,150.392,6598
14/11:01:01,9.09,3.36,112.36,78.782,26.26,150.414,6599
14/11:01:02,9.83,3.56,112.11,79.035,26.26,150.425,6600
14/11:01:02,10.52,3.8,111.84,79.211,26.26,150.436,6601
14/11:01:03,11.22,4.05,111.6,79.321,26.26,150.447,6602
14/11:01:03,11.89,4.17,111.48,79.42,26.26,150.458,6603
14/11:01:04,11.26,4.18,111.55,79.497,26.26,150.48,6604
14/11:01:05,10.73,4.19,111.59,79.585,26.26,150.491,6605
14/11:01:05,10.27,4.18,111.62,79.695,26.25,150.502,6606
14/11:01:06,10.36,4.18,111.65,79.97,26.25,150.524,6607
14/11:01:08,10.07,4.16,111.65,80.157,26.25,150.546,6608
14/11:01:08,10.01,4.17,111.62,80.553,26.25,150.568,6609
14/11:01:09,10.28,4.17,111.63,80.696,26.25,150.59,6610
14/11:01:10,10.31,4.18,111.63,80.916,26.25,150.612,6611
14/11:01:10,10.03,4.18,111.61,81.07,26.25,150.623,6612
14/11:01:11,10.01,4.17,111.62,81.224,26.25,150.634,6613
14/11:01:12,10.43,4.19,111.62,81.356,26.24,150.656,6614
14/11:01:13,10.28,4.19,111.63,81.378,26.24,150.667,6615
14/11:01:14,10.09,4.16,111.63,81.587,26.24,150.689,6616
14/11:01:14,10.13,4.15,111.64,81.697,26.24,150.7,6617
14/11:01:15,10.43,4.16,111.65,81.807,26.24,150.711,6618
14/11:01:16,10.28,4.15,111.65,81.84,26.24,150.722,6619
14/11:01:16,9.95,4.14,111.67,81.939,26.24,150.744,6620
14/11:01:16,9.83,4.14,111.69,82.005,26.24,150.755,6621
14/11:01:17,9.62,4.06,111.7,82.071,26.24,150.766,6622
14/11:01:18,9.33,3.84,111.71,81.972,26.23,150.777,6623
14/11:01:18,8.8,3.81,111.75,82.005,26.23,150.788,6624
14/11:01:19,8.16,3.81,111.78,81.917,26.23,150.799,6625
14/11:01:19,7.51,3.79,111.84,81.752,26.23,150.81,6626
14/11:01:19,7.1,3.8,111.9,81.642,26.23,150.821,6627
14/11:01:20,6.65,3.79,111.94,81.598,26.23,150.832,6628
14/11:01:21,5.6,3.78,112.0,81.422,26.23,150.843,6629
14/11:01:22,3.67,4.07,112.23,80.927,26.23,150.876,6630
14/11:01:22,3.08,4.07,112.28,80.773,26.23,150.887,6631
14/11:01:23,1.63,4.06,112.44,80.124,26.23,150.909,6632
14/11:01:24,0.59,4.05,112.55,79.618,26.23,150.931,6633
14/11:01:25,1.05,4.05,112.54,79.145,26.23,150.953,6634
14/11:01:26,2.07,4.05,112.48,79.101,26.23,150.964,6635
14/11:01:27,3.06,4.05,112.42,79.079,26.23,150.975,6636
14/11:01:27,3.88,4.06,112.33,79.068,26.23,150.986,6637
14/11:01:27,4.59,4.05,112.26,78.991,26.23,150.997,6638
14/11:01:28,5.36,4.06,112.19,78.991,26.23,151.008,6639
14/11:01:28,6.06,4.06,112.12,79.123,26.23,151.008,6640
14/11:01:29,6.82,4.07,112.05,79.156,26.23,151.03,6641
14/11:01:30,7.46,4.08,112.0,79.145,26.23,151.052,6642
14/11:01:31,7.19,4.07,111.99,79.079,26.23,151.063,6643
14/11:01:31,7.26,4.07,111.97,79.046,26.23,151.096,6644
14/11:01:32,7.25,4.07,111.96,79.123,26.23,151.107,6645
14/11:01:33,7.16,4.07,111.97,79.057,26.23,151.118,6646
14/11:01:33,6.87,4.06,111.97,79.2,26.23,151.129,6647
14/11:01:34,6.64,4.05,111.98,79.288,26.23,151.14,6648
14/11:01:34,6.7,4.04,111.96,79.332,26.23,151.151,6649
14/11:01:35,6.85,4.05,111.95,79.376,26.23,151.162,6650
14/11:01:35,6.97,4.05,111.94,79.343,26.23,151.173,6651
14/11:01:36,6.91,4.06,111.96,79.398,26.23,151.184,6652
14/11:01:36,6.91,4.05,111.97,79.508,26.23,151.195,6653
14/11:01:37,7.0,4.03,111.97,79.607,26.23,151.206,6654
14/11:01:37,6.98,4.04,111.97,79.618,26.23,151.217,6655
14/11:01:38,7.05,4.04,111.97,79.684,26.23,151.228,6656
14/11:01:39,7.17,4.04,111.97,79.717,26.23,151.239,6657
14/11:01:39,7.02,4.03,111.99,79.684,26.22,151.25,6658
14/11:01:40,6.92,4.02,111.99,79.739,26.22,151.261,6659
14/11:01:40,6.97,4.01,112.0,79.849,26.22,151.272,6660
14/11:01:41,7.05,4.01,112.0,79.992,26.22,151.283,6661
14/11:01:41,7.26,4.02,112.0,80.069,26.22,151.294,6662
14/11:01:42,7.5,4.02,111.98,80.146,26.22,151.316,6663
14/11:01:43,7.46,4.02,111.97,80.157,26.22,151.327,6664
14/11:01:43,7.49,4.01,111.97,80.223,26.22,151.349,6665
14/11:01:44,7.52,4.01,111.96,80.344,26.22,151.36,6666
14/11:01:45,7.48,3.99,111.95,80.487,26.22,151.371,6667
14/11:01:45,7.5,3.98,111.94,80.465,26.22,151.393,6668
14/11:01:46,7.48,3.97,111.93,80.531,26.22,151.404,6669
14/11:01:46,7.21,3.97,111.94,80.663,26.22,151.415,6670
14/11:01:47,7.18,3.95,111.96,80.751,26.22,151.426,6671
14/11:01:48,7.4,3.95,111.96,80.784,26.22,151.437,6672
14/11:01:48,7.45,3.96,111.97,80.817,26.22,151.448,6673
14/11:01:49,7.4,3.95,111.96,80.872,26.22,151.47,6674
14/11:01:49,7.35,3.94,111.97,81.07,26.22,151.481,6675
14/11:01:50,7.32,3.95,111.97,81.147,26.21,151.492,6676
14/11:01:50,7.15,3.95,111.98,81.147,26.21,151.503,6677
14/11:01:51,7.15,3.94,111.98,81.213,26.21,151.514,6678
14/11:01:51,7.25,3.95,111.96,81.356,26.21,151.525,6679
14/11:01:52,7.1,3.94,111.95,81.455,26.21,151.536,6680
14/11:01:52,7.06,3.95,111.94,81.411,26.21,151.547,6681
14/11:01:53,7.2,3.96,111.94,81.444,26.21,151.558,6682
14/11:01:53,7.1,3.96,111.95,81.455,26.21,151.569,6683
14/11:01:54,7.04,3.86,111.93,81.51,26.21,151.58,6684
14/11:01:54,7.28,3.86,111.93,81.609,26.21,151.591,6685
14/11:01:55,7.27,3.85,111.94,81.51,26.21,151.602,6686
14/11:01:55,7.08,3.84,111.95,81.51,26.21,151.613,6687
14/11:01:56,7.15,3.71,111.95,81.477,26.21,151.635,6688
14/11:01:56,7.04,3.65,111.97,81.444,26.21,151.646,6689
14/11:01:57,6.55,3.64,112.0,81.411,26.21,151.657,6690
14/11:01:57,5.98,3.73,112.04,81.4,26.21,151.668,6691
14/11:01:58,5.67,3.73,112.07,81.301,26.21,151.679,6692
14/11:01:59,5.33,3.73,112.1,81.191,26.21,151.69,6693
14/11:01:59,4.94,3.73,112.13,80.982,26.21,151.701,6694
14/11:02:00,4.32,3.73,112.18,80.828,26.21,151.712,6695
14/11:02:00,3.91,3.91,112.24,80.652,26.21,151.723,6696
14/11:02:01,3.72,3.91,112.28,80.377,26.21,151.734,6697
14/11:02:01,3.51,3.92,112.31,80.124,26.21,151.745,6698
14/11:02:02,3.4,3.92,112.32,79.937,26.21,151.756,6699
14/11:02:02,3.28,3.92,112.31,79.739,26.21,151.767,6700
14/11:02:03,3.27,3.93,112.31,79.541,26.21,151.789,6701
14/11:02:03,3.59,3.94,112.28,79.431,26.21,151.8,6702
14/11:02:04,4.31,3.97,112.21,79.046,26.21,151.822,6703
14/11:02:05,4.9,3.97,112.19,78.804,26.21,151.833,6704
14/11:02:05,5.31,3.98,112.16,78.617,26.21,151.844,6705
14/11:02:06,5.48,3.99,112.15,78.485,26.21,151.855,6706
14/11:02:06,5.53,3.97,112.16,78.364,26.21,151.866,6707
14/11:02:07,5.63,3.95,112.17,78.221,26.21,151.877,6708
14/11:02:08,5.53,3.71,112.15,78.078,26.21,151.899,6709
14/11:02:08,5.39,3.68,112.13,78.023,26.2,151.91,6710
14/11:02:09,5.44,3.6,112.11,77.99,26.2,151.921,6711
14/11:02:09,5.73,3.6,112.05,77.979,26.2,151.932,6712
14/11:02:10,6.13,3.61,112.02,77.979,26.2,151.943,6713
14/11:02:10,6.63,3.54,112.0,78.012,26.2,151.954,6714
14/11:02:11,7.08,3.56,111.96,78.078,26.2,151.965,6715
14/11:02:12,7.59,3.79,111.92,78.111,26.2,151.976,6716
14/11:02:12,8.17,3.8,111.9,78.1,26.2,151.987,6717
14/11:02:13,8.87,3.83,111.87,78.078,26.2,151.998,6718
14/11:02:14,9.48,3.92,111.86,78.034,26.2,152.02,6719
14/11:02:14,9.75,3.92,111.85,78.045,26.2,152.031,6720
14/11:02:15,9.99,4.0,111.85,78.056,26.2,152.042,6721
14/11:02:15,10.11,4.0,111.85,78.078,26.2,152.053,6722
14/11:02:16,10.28,3.91,111.85,78.078,26.2,152.075,6723
14/11:02:16,10.47,3.72,111.8,78.155,26.2,152.086,6724
14/11:02:17,10.51,3.55,111.76,78.232,26.19,152.097,6725
14/11:02:18,10.46,3.54,111.72,78.397,26.19,152.108,6726
14/11:02:19,10.4,3.34,111.67,78.485,26.19,152.13,6727
14/11:02:19,10.49,3.3,111.61,78.507,26.19,152.141,6728
14/11:02:20,10.76,3.3,111.55,78.639,26.19,152.152,6729
14/11:02:20,10.87,3.45,111.51,78.76,26.19,152.163,6730
14/11:02:21,11.07,3.66,111.49,78.936,26.19,152.174,6731
14/11:02:21,12.51,3.79,111.38,79.266,26.18,152.196,6732
14/11:02:22,12.76,3.8,111.36,79.31,26.18,152.207,6733
14/11:02:23,12.7,4.0,111.39,79.376,26.18,152.218,6734
14/11:02:24,12.79,4.04,111.39,79.739,26.18,152.24,6735
14/11:02:24,13.0,3.97,111.41,79.882,26.18,152.251,6736
14/11:02:25,12.84,3.79,111.41,79.915,26.18,152.262,6737
14/11:02:25,11.99,3.78,111.45,79.937,26.18,152.273,6738
14/11:02:26,11.07,3.56,111.48,79.992,26.17,152.284,6739
14/11:02:26,10.59,3.53,111.52,80.08,26.17,152.295,6740
14/11:02:27,10.45,3.53,111.55,80.036,26.17,152.317,6741
14/11:02:27,9.94,3.53,111.62,79.882,26.17,152.328,6742
14/11:02:28,9.15,3.51,111.67,79.717,26.17,152.339,6743
14/11:02:28,8.19,3.56,111.7,79.607,26.17,152.35,6744
14/11:02:29,7.37,3.68,111.81,79.475,26.17,152.372,6745
14/11:02:30,7.39,3.9,111.87,79.343,26.17,152.383,6746
14/11:02:30,7.45,3.91,111.87,79.288,26.17,152.394,6747
14/11:02:31,7.45,3.9,111.88,79.255,26.17,152.405,6748
14/11:02:32,7.5,3.9,111.88,79.09,26.17,152.416,6749
14/11:02:32,7.62,3.91,111.87,79.024,26.17,152.416,6750
14/11:02:33,7.79,3.95,111.88,78.969,26.17,152.427,6751
14/11:02:33,8.03,3.96,111.89,78.903,26.16,152.449,6752
14/11:02:34,8.09,3.96,111.89,78.716,26.16,152.46,6753
14/11:02:35,7.63,3.97,111.9,78.507,26.16,152.482,6754
14/11:02:35,7.71,3.97,111.89,78.529,26.16,152.493,6755
14/11:02:36,8.18,3.98,111.85,78.54,26.16,152.504,6756
14/11:02:36,8.61,3.96,111.81,78.595,26.16,152.515,6757
14/11:02:37,8.98,3.97,111.76,78.639,26.16,152.526,6758
14/11:02:38,9.35,3.97,111.7,78.727,26.16,152.537,6759
14/11:02:38,9.99,3.97,111.65,78.815,26.16,152.548,6760
14/11:02:39,10.71,3.98,111.56,78.87,26.16,152.559,6761
14/11:02:39,11.33,3.98,111.51,78.914,26.16,152.57,6762
14/11:02:40,11.78,4.0,111.45,79.057,26.15,152.603,6763
14/11:02:41,11.79,4.02,111.46,79.189,26.15,152.614,6764
14/11:02:41,11.83,4.02,111.45,79.376,26.15,152.625,6765
14/11:02:42,11.92,4.02,111.45,79.508,26.15,152.636,6766
14/11:02:42,11.91,4.02,111.45,79.574,26.15,152.647,6767
14/11:02:43,11.77,4.0,111.45,79.574,26.15,152.658,6768
14/11:02:43,11.88,3.99,111.42,79.662,26.15,152.669,6769
14/11:02:44,12.42,3.98,111.39,80.102,26.15,152.691,6770
14/11:02:45,12.77,3.97,111.37,80.3,26.14,152.702,6771
14/11:02:45,12.71,3.97,111.36,80.399,26.14,152.713,6772
14/11:02:46,12.22,3.95,111.37,80.421,26.14,152.724,6773
14/11:02:46,12.03,3.94,111.39,80.498,26.14,152.735,6774
14/11:02:47,11.85,3.95,111.41,80.564,26.14,152.746,6775
14/11:02:48,10.97,3.96,111.48,80.652,26.14,152.779,6776
14/11:02:48,10.65,3.96,111.52,80.718,26.14,152.79,6777
14/11:02:49,10.31,3.99,111.55,80.608,26.13,152.801,6778
14/11:02:49,10.31,4.0,111.56,80.564,26.13,152.812,6779
14/11:02:50,10.3,4.01,111.56,80.575,26.13,152.823,6780
14/11:02:51,10.15,4.0,111.56,80.608,26.13,152.834,6781
14/11:02:51,10.19,3.86,111.55,80.674,26.13,152.845,6782
14/11:02:52,10.43,3.87,111.56,80.696,26.13,152.856,6783
14/11:02:52,10.36,3.85,111.56,80.729,26.13,152.867,6784
14/11:02:53,10.26,3.83,111.56,80.762,26.13,152.878,6785
14/11:02:53,10.23,3.81,111.56,80.762,26.13,152.889,6786
14/11:02:54,10.23,3.8,111.55,80.487,26.13,152.911,6787
14/11:02:55,9.97,3.94,111.56,80.597,26.12,152.933,6788
14/11:02:56,10.13,3.94,111.56,80.586,26.12,152.955,6789
14/11:02:56,10.23,3.95,111.56,80.564,26.12,152.966,6790
14/11:02:57,10.09,3.96,111.57,80.443,26.12,152.977,6791
14/11:02:57,10.07,3.97,111.57,80.432,26.12,152.988,6792
14/11:02:58,10.31,3.97,111.57,80.476,26.12,152.999,6793
14/11:02:58,10.43,3.97,111.59,80.52,26.12,153.01,6794
14/11:02:59,10.33,3.98,111.57,80.399,26.12,153.021,6795
14/11:02:59,10.25,3.97,111.59,80.465,26.12,153.032,6796
14/11:03:00,10.28,3.98,111.59,80.509,26.12,153.043,6797
14/11:03:01,10.47,3.98,111.59,80.476,26.11,153.054,6798
14/11:03:01,10.41,3.98,111.56,80.41,26.11,153.065,6799
14/11:03:02,10.25,3.98,111.55,80.465,26.11,153.076,6800
14/11:03:02,10.08,3.8,111.54,80.553,26.11,153.087,6801
14/11:03:03,10.14,3.79,111.53,80.542,26.11,153.098,6802
14/11:03:03,10.52,3.81,111.53,80.509,26.11,153.12,6803
14/11:03:04,10.63,3.82,111.53,80.476,26.11,153.131,6804
14/11:03:04,10.36,3.82,111.53,80.41,26.11,153.142,6805
14/11:03:05,10.26,3.82,111.53,80.476,26.11,153.153,6806
14/11:03:05,10.55,3.66,111.52,80.542,26.11,153.164,6807
14/11:03:06,10.57,3.56,111.52,80.52,26.1,153.175,6808
14/11:03:06,10.45,3.56,111.5,80.531,26.1,153.186,6809
14/11:03:07,10.38,3.55,111.49,80.564,26.1,153.197,6810
14/11:03:07,10.38,3.54,111.5,80.465,26.1,153.208,6811
14/11:03:08,10.2,3.43,111.48,80.421,26.1,153.208,6812
14/11:03:09,10.18,3.42,111.48,80.498,26.1,153.241,6813
14/11:03:10,10.18,3.6,111.49,80.41,26.1,153.252,6814
14/11:03:10,10.2,3.72,111.5,80.322,26.1,153.263,6815
14/11:03:11,10.12,3.91,111.53,80.333,26.1,153.285,6816
14/11:03:11,10.02,3.91,111.54,80.355,26.09,153.296,6817
14/11:03:12,10.03,3.92,111.52,80.41,26.09,153.307,6818
14/11:03:13,10.36,4.03,111.54,80.388,26.09,153.329,6819
14/11:03:13,10.28,4.02,111.54,80.399,26.09,153.34,6820
14/11:03:14,10.46,4.0,111.55,80.454,26.09,153.362,6821
14/11:03:15,10.61,3.99,111.55,80.388,26.09,153.373,6822
14/11:03:15,10.56,3.99,111.55,80.344,26.09,153.384,6823
14/11:03:16,10.44,4.0,111.54,80.3,26.09,153.395,6824
14/11:03:16,10.51,3.98,111.54,80.08,26.09,153.406,6825
14/11:03:17,10.73,3.99,111.53,79.981,26.08,153.417,6826
14/11:03:17,10.96,4.0,111.53,80.047,26.08,153.428,6827
14/11:03:18,10.86,4.01,111.54,79.948,26.08,153.439,6828
14/11:03:19,10.56,4.01,111.54,79.805,26.08,153.45,6829
14/11:03:19,10.53,4.0,111.54,79.739,26.08,153.472,6830
14/11:03:19,10.41,4.0,111.55,79.695,26.08,153.483,6831
14/11:03:20,10.19,3.99,111.55,79.673,26.08,153.494,6832
14/11:03:20,10.18,4.0,111.53,79.618,26.08,153.505,6833
14/11:03:21,10.2,3.99,111.52,79.574,26.08,153.516,6834
14/11:03:22,10.21,4.0,111.51,79.508,26.08,153.516,6835
14/11:03:22,10.2,3.98,111.5,79.409,26.08,153.527,6836
14/11:03:23,10.24,4.01,111.5,79.31,26.07,153.549,6837
14/11:03:23,10.3,4.02,111.49,79.156,26.07,153.56,6838
14/11:03:24,10.34,4.03,111.48,78.903,26.07,153.582,6839
14/11:03:25,10.24,4.03,111.5,78.848,26.07,153.593,6840
14/11:03:25,10.33,4.03,111.51,78.705,26.07,153.604,6841
14/11:03:26,10.35,4.03,111.52,78.562,26.07,153.615,6842
14/11:03:26,10.49,4.03,111.52,78.386,26.07,153.626,6843
14/11:03:27,10.77,4.02,111.52,78.144,26.07,153.637,6844
14/11:03:27,11.01,4.03,111.52,77.979,26.07,153.648,6845
14/11:03:28,11.27,4.03,111.52,77.88,26.06,153.659,6846
14/11:03:28,11.43,4.04,111.53,77.847,26.06,153.67,6847
14/11:03:29,11.39,4.03,111.52,77.77,26.06,153.681,6848
14/11:03:30,11.14,4.04,111.51,77.671,26.06,153.692,6849
14/11:03:30,10.89,4.04,111.5,77.704,26.06,153.703,6850
14/11:03:30,10.63,4.03,111.48,77.869,26.06,153.725,6851
14/11:03:31,10.6,4.02,111.46,78.034,26.06,153.736,6852
14/11:03:31,10.65,4.0,111.43,78.067,26.06,153.747,6853
14/11:03:32,10.48,3.99,111.44,78.199,26.06,153.758,6854
14/11:03:33,10.37,3.99,111.42,78.386,26.06,153.769,6855
14/11:03:33,10.39,3.97,111.43,78.529,26.05,153.78,6856
14/11:03:34,10.51,3.98,111.41,78.727,26.05,153.791,6857
14/11:03:34,10.64,3.97,111.39,78.903,26.05,153.802,6858
14/11:03:35,11.0,3.97,111.39,78.98,26.05,153.813,6859
14/11:03:35,11.2,3.98,111.4,78.969,26.05,153.824,6860
14/11:03:36,11.16,3.99,111.42,79.013,26.05,153.835,6861
14/11:03:36,11.13,3.98,111.41,79.145,26.05,153.846,6862
14/11:03:38,11.18,3.97,111.41,79.398,26.05,153.868,6863
14/11:03:38,11.24,3.96,111.41,79.541,26.05,153.879,6864
14/11:03:39,11.19,3.96,111.41,79.607,26.04,153.89,6865
14/11:03:39,11.06,3.98,111.42,79.618,26.04,153.901,6866
14/11:03:40,11.04,3.97,111.4,79.629,26.04,153.912,6867
14/11:03:40,11.05,3.99,111.38,79.651,26.04,153.923,6868
14/11:03:40,11.07,4.0,111.37,79.783,26.04,153.934,6869
14/11:03:41,11.13,4.01,111.37,79.926,26.04,153.945,6870
14/11:03:42,11.18,4.01,111.37,80.036,26.04,153.967,6871
14/11:03:42,11.22,4.03,111.37,80.047,26.04,153.978,6872
14/11:03:43,11.41,4.05,111.38,80.058,26.03,154.0,6873
14/11:03:44,11.16,4.05,111.39,80.058,26.03,154.011,6874
14/11:03:44,11.15,4.04,111.41,80.146,26.03,154.022,6875
14/11:03:45,10.88,4.04,111.42,80.234,26.03,154.033,6876
14/11:03:45,10.51,4.04,111.47,80.179,26.03,154.044,6877
14/11:03:46,10.27,4.05,111.52,80.069,26.03,154.055,6878
14/11:03:46,9.63,4.05,111.55,80.036,26.03,154.066,6879
14/11:03:47,8.77,4.04,111.59,79.992,26.03,154.077,6880
14/11:03:47,8.17,4.03,111.64,79.981,26.03,154.088,6881
14/11:03:48,7.64,4.03,111.7,79.882,26.03,154.099,6882
14/11:03:48,7.33,4.03,111.74,79.739,26.03,154.11,6883
14/11:03:49,7.43,4.04,111.76,79.607,26.03,154.121,6884
14/11:03:49,7.19,4.05,111.77,79.508,26.03,154.132,6885
14/11:03:50,6.87,4.04,111.79,79.431,26.02,154.154,6886
14/11:03:51,6.93,4.04,111.8,79.255,26.02,154.165,6887
14/11:03:51,6.93,4.05,111.78,79.211,26.02,154.176,6888
14/11:03:52,6.85,4.05,111.77,79.035,26.02,154.187,6889
14/11:03:52,6.81,4.06,111.78,78.683,26.02,154.198,6890
14/11:03:52,6.56,4.05,111.78,78.474,26.02,154.209,6891
14/11:03:53,6.28,4.05,111.78,78.353,26.02,154.22,6892
14/11:03:54,6.4,4.03,111.77,78.155,26.02,154.231,6893
14/11:03:54,6.51,4.04,111.77,77.979,26.02,154.242,6894
14/11:03:55,6.53,4.04,111.77,77.847,26.02,154.253,6895
14/11:03:55,6.88,4.03,111.77,77.781,26.02,154.264,6896
14/11:03:56,7.26,4.01,111.73,77.814,26.02,154.275,6897
14/11:03:57,8.41,4.02,111.67,77.924,26.02,154.297,6898
14/11:03:57,9.18,4.03,111.63,77.935,26.02,154.308,6899
14/11:03:58,9.72,4.05,111.59,77.935,26.02,154.308,6900
14/11:03:58,10.24,4.05,111.55,77.902,26.02,154.33,6901
14/11:03:59,10.79,4.06,111.51,77.979,26.02,154.341,6902
14/11:03:59,11.26,4.08,111.48,78.199,26.01,154.352,6903
14/11:04:00,11.54,4.11,111.43,78.386,26.01,154.363,6904
14/11:04:01,10.64,4.11,111.46,78.683,26.01,154.385,6905
14/11:04:02,10.13,4.1,111.49,79.013,26.01,154.396,6906
14/11:04:02,9.71,4.1,111.51,79.332,26.01,154.407,6907
14/11:04:03,9.47,4.1,111.54,79.607,26.01,154.429,6908
14/11:04:03,8.99,4.1,111.57,79.772,26.01,154.44,6909
14/11:04:04,8.07,4.09,111.68,79.893,26.01,154.451,6910
14/11:04:04,7.34,4.08,111.75,80.003,26.01,154.462,6911
14/11:04:05,6.96,4.08,111.78,80.168,26.01,154.473,6912
14/11:04:06,6.67,4.08,111.87,80.245,26.01,154.495,6913
14/11:04:06,6.2,4.07,111.91,80.135,26.01,154.506,6914
14/11:04:07,5.66,4.07,111.92,80.212,26.01,154.517,6915
14/11:04:09,5.89,4.07,111.98,79.849,26.0,154.561,6916
14/11:04:09,5.72,4.07,111.98,79.816,26.0,154.572,6917
14/11:04:10,5.7,4.05,111.97,79.805,26.0,154.583,6918
14/11:04:10,6.56,4.06,111.93,79.871,26.0,154.594,6919
14/11:04:11,7.2,4.05,111.88,79.937,26.0,154.616,6920
14/11:04:11,7.45,4.05,111.83,79.97,26.0,154.616,6921
14/11:04:12,7.67,4.03,111.78,79.97,26.0,154.627,6922
14/11:04:13,8.16,4.03,111.73,79.992,26.0,154.649,6923
14/11:04:13,8.89,4.04,111.68,79.948,26.0,154.66,6924
14/11:04:14,9.31,4.04,111.62,79.893,26.0,154.671,6925
14/11:04:14,9.62,4.03,111.59,79.849,26.0,154.682,6926
14/11:04:15,9.24,4.03,111.6,79.86,26.0,154.693,6927
14/11:04:15,8.99,4.04,111.63,79.794,26.0,154.704,6928
14/11:04:16,8.88,4.04,111.63,79.695,26.0,154.715,6929
14/11:04:17,8.12,4.02,111.69,79.596,26.0,154.737,6930
14/11:04:17,7.66,4.0,111.73,79.662,26.0,154.748,6931
14/11:04:18,7.44,4.0,111.76,79.849,25.99,154.759,6932
14/11:04:18,7.24,4.01,111.79,79.959,25.99,154.77,6933
14/11:04:19,7.31,4.01,111.8,79.926,25.99,154.781,6934
14/11:04:19,7.36,4.01,111.8,79.915,25.99,154.803,6935
14/11:04:20,7.4,4.02,111.8,79.805,25.99,154.814,6936
14/11:04:21,7.45,4.03,111.81,79.607,25.99,154.836,6937
14/11:04:21,7.61,4.04,111.81,79.563,25.99,154.847,6938
14/11:04:22,7.83,4.03,111.8,79.486,25.99,154.858,6939
14/11:04:23,7.73,4.03,111.82,79.332,25.99,154.869,6940
14/11:04:23,7.43,4.02,111.81,79.266,25.99,154.88,6941
14/11:04:24,7.1,4.0,111.81,79.299,25.99,154.891,6942
14/11:04:24,7.05,3.98,111.83,79.299,25.99,154.902,6943
14/11:04:25,7.04,3.98,111.82,79.332,25.99,154.924,6944
14/11:04:26,7.03,3.98,111.82,79.387,25.99,154.935,6945
14/11:04:26,6.94,3.97,111.82,79.343,25.99,154.946,6946
14/11:04:27,6.93,3.97,111.83,79.244,25.99,154.957,6947
14/11:04:27,6.96,3.97,111.83,79.2,25.99,154.968,6948
14/11:04:28,6.92,3.98,111.82,79.134,25.98,154.99,6949
14/11:04:30,6.95,3.99,111.83,79.079,25.98,155.034,6950
14/11:04:31,7.06,3.99,111.83,79.046,25.98,155.045,6951
14/11:04:31,7.32,4.0,111.82,78.914,25.98,155.056,6952
14/11:04:32,7.4,4.01,111.81,78.804,25.98,155.067,6953
14/11:04:32,7.37,4.02,111.81,78.705,25.98,155.078,6954
14/11:04:33,7.35,4.01,111.82,78.584,25.98,155.089,6955
14/11:04:33,7.33,4.01,111.82,78.54,25.98,155.1,6956
14/11:04:34,7.28,4.0,111.82,78.507,25.98,155.111,6957
14/11:04:34,7.01,4.0,111.82,78.43,25.98,155.122,6958
14/11:04:35,6.71,4.01,111.82,78.364,25.98,155.133,6959
14/11:04:35,6.55,4.01,111.82,78.254,25.98,155.144,6960
14/11:04:36,6.54,4.01,111.81,78.155,25.98,155.155,6961
14/11:04:36,6.67,4.01,111.81,78.012,25.98,155.166,6962
14/11:04:37,6.96,4.02,111.8,77.814,25.98,155.188,6963
14/11:04:38,7.21,4.03,111.8,77.77,25.98,155.199,6964
14/11:04:39,7.9,4.06,111.8,77.561,25.98,155.221,6965
14/11:04:40,8.31,4.1,111.82,77.385,25.97,155.243,6966
14/11:04:41,8.35,4.11,111.82,77.396,25.97,155.254,6967
14/11:04:41,8.39,4.12,111.84,77.297,25.97,155.265,6968
14/11:04:42,8.24,4.12,111.84,77.154,25.97,155.276,6969
14/11:04:42,8.1,4.12,111.84,77.088,25.97,155.287,6970
14/11:04:42,7.95,4.11,111.84,77.088,25.97,155.298,6971
14/11:04:43,7.65,4.1,111.84,77.033,25.97,155.309,6972
14/11:04:43,7.49,4.1,111.85,77.011,25.97,155.331,6973
14/11:04:44,7.39,4.1,111.85,77.0,25.97,155.342,6974
14/11:04:45,7.2,4.09,111.85,76.879,25.97,155.342,6975
14/11:04:45,7.04,4.09,111.85,76.736,25.97,155.353,6976
14/11:04:46,6.9,4.09,111.84,76.648,25.97,155.375,6977
14/11:04:46,6.73,4.08,111.85,76.395,25.97,155.386,6978
14/11:04:47,6.61,4.09,111.84,76.021,25.97,155.397,6979
14/11:04:47,6.66,4.08,111.84,75.713,25.97,155.408,6980
14/11:04:48,6.92,4.09,111.84,75.57,25.97,155.408,6981
14/11:04:48,6.88,4.08,111.84,75.361,25.97,155.43,6982
14/11:04:49,6.88,4.08,111.85,75.097,25.97,155.441,6983
14/11:04:50,6.87,4.07,111.84,74.734,25.97,155.452,6984
14/11:04:50,7.31,4.07,111.84,74.14,25.96,155.474,6985
14/11:04:51,7.38,4.08,111.82,74.008,25.96,155.474,6986
14/11:04:52,7.84,4.06,111.78,73.634,25.96,155.507,6987
14/11:04:52,8.42,4.07,111.72,73.612,25.96,155.507,6988
14/11:04:54,9.87,4.11,111.62,73.821,25.96,155.529,6989
14/11:04:54,10.41,4.11,111.54,73.854,25.96,155.54,6990
14/11:04:55,10.86,4.11,111.5,73.931,25.96,155.551,6991
14/11:04:56,11.93,4.12,111.41,74.107,25.96,155.573,6992
14/11:04:56,11.75,4.11,111.4,74.25,25.96,155.584,6993
14/11:04:57,11.94,4.1,111.38,74.305,25.95,155.595,6994
14/11:04:57,11.99,4.09,111.37,74.393,25.95,155.606,6995
14/11:04:58,11.75,4.06,111.36,74.514,25.95,155.617,6996
14/11:04:58,11.74,4.07,111.36,74.591,25.95,155.628,6997
14/11:04:59,11.62,4.07,111.36,74.701,25.95,155.639,6998
14/11:04:59,11.5,4.07,111.34,74.701,25.95,155.65,6999
14/11:05:00,11.75,4.07,111.34,74.679,25.95,155.661,7000
14/11:05:01,12.55,4.07,111.28,74.976,25.95,155.683,7001
14/11:05:02,13.23,4.05,111.21,75.559,25.94,155.705,7002
14/11:05:02,13.03,4.03,111.22,75.735,25.94,155.716,7003
14/11:05:03,12.86,4.01,111.23,75.614,25.94,155.716,7004
14/11:05:03,12.83,3.88,111.24,75.592,25.94,155.727,7005
14/11:05:04,12.66,3.87,111.25,75.526,25.94,155.749,7006
14/11:05:05,12.24,3.86,111.3,75.592,25.94,155.76,7007
14/11:05:05,11.71,3.85,111.33,75.636,25.94,155.771,7008
14/11:05:06,11.18,3.88,111.37,75.603,25.93,155.782,7009
14/11:05:06,10.92,3.87,111.4,75.493,25.93,155.793,7010
14/11:05:07,11.1,3.88,111.41,75.471,25.93,155.804,7011
14/11:05:08,11.2,4.02,111.41,75.625,25.93,155.826,7012
14/11:05:09,10.67,4.02,111.41,75.416,25.93,155.848,7013
14/11:05:09,10.66,4.01,111.42,75.416,25.93,155.859,7014
14/11:05:10,10.86,4.01,111.43,75.548,25.93,155.87,7015
14/11:05:10,10.83,4.01,111.43,75.768,25.93,155.881,7016
14/11:05:11,10.66,4.0,111.43,75.999,25.92,155.892,7017
14/11:05:12,10.52,4.01,111.4,76.208,25.92,155.903,7018
14/11:05:12,10.51,4.03,111.39,76.296,25.92,155.914,7019
14/11:05:13,10.86,4.05,111.39,76.604,25.92,155.936,7020
14/11:05:13,11.01,4.06,111.39,76.835,25.92,155.947,7021
14/11:05:14,11.06,4.07,111.41,77.132,25.92,155.969,7022
14/11:05:15,11.18,4.07,111.42,77.198,25.92,155.98,7023
14/11:05:16,11.16,4.06,111.42,77.297,25.92,155.991,7024
14/11:05:16,11.13,4.08,111.44,77.44,25.91,156.002,7025
14/11:05:17,10.97,4.07,111.43,77.484,25.91,156.013,7026
14/11:05:17,10.64,4.09,111.43,77.495,25.91,156.035,7027
14/11:05:18,10.31,4.08,111.45,77.583,25.91,156.046,7028
14/11:05:18,10.17,4.09,111.42,77.759,25.91,156.057,7029
14/11:05:19,10.27,4.09,111.43,77.814,25.91,156.068,7030
14/11:05:19,10.5,4.1,111.42,77.869,25.91,156.079,7031
14/11:05:20,10.74,4.09,111.42,77.935,25.91,156.09,7032
14/11:05:20,10.9,4.09,111.42,77.924,25.91,156.101,7033
14/11:05:21,11.05,4.09,111.41,78.023,25.91,156.112,7034
14/11:05:21,11.37,4.07,111.39,78.221,25.9,156.123,7035
14/11:05:22,11.69,4.06,111.4,78.32,25.9,156.134,7036
14/11:05:22,11.74,4.07,111.4,78.364,25.9,156.145,7037
14/11:05:23,11.76,4.06,111.4,78.441,25.9,156.156,7038
14/11:05:24,11.86,4.04,111.4,78.683,25.9,156.178,7039
14/11:05:25,11.81,4.04,111.41,78.727,25.9,156.189,7040
14/11:05:25,11.68,4.06,111.41,78.716,25.9,156.2,7041
14/11:05:26,11.37,4.07,111.39,78.793,25.9,156.211,7042
14/11:05:26,11.09,4.06,111.37,78.815,25.89,156.222,7043
14/11:05:27,10.83,4.06,111.38,79.024,25.89,156.233,7044
14/11:05:27,10.66,4.06,111.38,79.277,25.89,156.244,7045
14/11:05:28,10.47,4.07,111.38,79.343,25.89,156.255,7046
14/11:05:29,10.64,4.05,111.37,79.475,25.89,156.299,7047
14/11:05:30,10.77,4.05,111.37,79.541,25.89,156.31,7048
14/11:05:30,10.48,3.81,111.67,79.816,25.89,156.321,7049
14/11:05:31,10.21,3.51,111.9,80.058,25.89,156.332,7050
14/11:05:31,9.87,3.22,112.17,80.168,25.88,156.343,7051
14/11:05:32,9.74,3.18,112.2,79.937,25.88,156.354,7052
14/11:05:32,9.56,3.18,112.2,79.706,25.88,156.365,7053
14/11:05:33,9.45,3.18,112.2,79.563,25.88,156.376,7054
14/11:05:33,9.53,3.19,112.21,79.618,25.88,156.387,7055
14/11:05:34,9.55,3.18,112.2,79.651,25.88,156.398,7056
14/11:05:35,10.08,3.7,111.69,79.684,25.88,156.42,7057
14/11:05:36,10.28,3.88,111.39,79.805,25.88,156.431,7058
14/11:05:36,10.48,3.83,111.37,79.97,25.88,156.442,7059
14/11:05:37,10.85,3.83,111.37,80.003,25.87,156.453,7060
14/11:05:37,10.85,3.83,111.36,79.97,25.87,156.464,7061
14/11:05:38,10.53,3.81,111.34,80.058,25.87,156.475,7062
14/11:05:39,10.42,3.82,111.33,80.124,25.87,156.497,7063
14/11:05:39,10.6,3.85,111.32,80.146,25.87,156.508,7064
14/11:05:40,10.94,3.97,111.32,80.146,25.87,156.53,7065
14/11:05:40,10.94,4.03,111.33,80.124,25.87,156.541,7066
14/11:05:41,10.68,4.03,111.33,80.124,25.87,156.552,7067
14/11:05:41,10.63,4.04,111.34,80.113,25.87,156.563,7068
14/11:05:42,11.12,4.06,111.34,80.311,25.86,156.585,7069
14/11:05:43,11.15,4.06,111.35,80.3,25.86,156.596,7070
14/11:05:44,10.83,4.06,111.37,80.487,25.86,156.618,7071
14/11:05:45,10.73,4.06,111.36,80.564,25.86,156.629,7072
14/11:05:46,11.08,4.08,111.35,80.718,25.86,156.651,7073
14/11:05:46,10.82,4.07,111.34,80.762,25.86,156.673,7074
14/11:05:47,10.63,4.07,111.33,80.916,25.86,156.684,7075
14/11:05:47,10.83,4.06,111.32,81.026,25.86,156.695,7076
14/11:05:48,11.03,4.06,111.32,81.103,25.85,156.706,7077
14/11:05:48,10.93,4.05,111.31,81.07,25.85,156.717,7078
14/11:05:49,10.9,4.03,111.32,81.147,25.85,156.728,7079
14/11:05:49,10.65,3.81,111.56,81.411,25.85,156.739,7080
14/11:05:50,9.95,3.56,111.86,81.73,25.85,156.75,7081
14/11:05:51,8.76,2.84,112.77,81.796,25.85,156.783,7082
14/11:05:52,7.82,2.54,113.1,81.807,25.85,156.794,7083
14/11:05:53,7.42,2.32,113.44,81.818,25.85,156.805,7084
14/11:05:53,6.27,2.51,113.32,81.015,25.84,156.827,7085
14/11:05:54,5.97,2.73,113.06,80.828,25.84,156.849,7086
14/11:05:55,5.78,2.96,112.81,80.784,25.84,156.86,7087
14/11:05:56,6.03,3.68,112.07,80.663,25.84,156.893,7088
14/11:05:57,6.05,3.94,111.81,80.718,25.84,156.904,7089
14/11:05:57,6.3,3.96,111.73,80.685,25.84,156.915,7090
14/11:05:58,6.7,3.98,111.71,80.597,25.84,156.926,7091
14/11:05:58,6.88,3.98,111.7,80.553,25.84,156.937,7092
14/11:05:59,6.74,3.99,111.7,80.454,25.84,156.948,7093
14/11:06:00,6.89,3.99,111.74,80.256,25.84,156.97,7094
14/11:06:01,6.9,3.99,111.73,80.135,25.84,156.981,7095
14/11:06:02,6.71,3.99,111.74,80.058,25.84,157.014,7096
14/11:06:02,6.75,3.99,111.74,80.036,25.84,157.025,7097
14/11:06:03,6.87,4.0,111.75,79.805,25.84,157.047,7098
14/11:06:03,6.61,4.0,111.75,79.717,25.84,157.058,7099
14/11:06:04,6.41,4.01,111.75,79.706,25.84,157.069,7100
14/11:06:04,6.66,4.01,111.74,79.64,25.84,157.08,7101
14/11:06:05,6.96,4.02,111.74,79.596,25.84,157.091,7102
14/11:06:06,6.92,4.03,111.75,79.497,25.83,157.102,7103
14/11:06:06,6.6,4.03,111.75,79.486,25.83,157.113,7104
14/11:06:07,6.63,4.02,111.75,79.541,25.83,157.135,7105
14/11:06:08,7.11,4.01,111.75,79.486,25.83,157.157,7106
14/11:06:09,6.91,4.01,111.75,79.442,25.83,157.168,7107
14/11:06:10,6.63,4.01,111.75,79.387,25.83,157.179,7108
14/11:06:10,6.59,3.99,111.74,79.321,25.83,157.19,7109
14/11:06:11,6.76,3.99,111.75,79.145,25.83,157.212,7110
14/11:06:11,6.51,3.98,111.74,79.013,25.83,157.234,7111
14/11:06:12,6.47,3.88,111.73,78.925,25.83,157.245,7112
14/11:06:13,6.64,3.84,111.73,78.672,25.83,157.267,7113
14/11:06:14,6.69,3.83,111.74,78.54,25.83,157.278,7114
14/11:06:14,6.57,3.84,111.74,78.474,25.83,157.289,7115
14/11:06:15,6.45,3.85,111.74,78.375,25.83,157.3,7116
14/11:06:15,6.46,3.86,111.75,78.364,25.83,157.311,7117
14/11:06:16,6.4,3.86,111.75,78.287,25.83,157.322,7118
14/11:06:16,6.2,3.97,111.76,78.166,25.83,157.333,7119
14/11:06:17,5.8,3.92,111.74,78.023,25.83,157.355,7120
14/11:06:18,5.91,3.93,111.74,77.902,25.83,157.366,7121
14/11:06:18,6.05,3.91,111.74,77.781,25.83,157.377,7122
14/11:06:19,6.19,3.9,111.73,77.682,25.83,157.388,7123
14/11:06:19,6.44,3.92,111.73,77.528,25.82,157.399,7124
14/11:06:20,6.55,3.91,111.74,77.451,25.82,157.41,7125
14/11:06:20,6.65,3.92,111.75,77.363,25.82,157.421,7126
14/11:06:21,6.67,4.01,111.76,77.231,25.82,157.432,7127
14/11:06:22,6.66,4.02,111.76,77.11,25.82,157.443,7128
14/11:06:22,6.56,4.04,111.78,76.868,25.82,157.465,7129
14/11:06:23,6.5,4.03,111.78,76.802,25.82,157.476,7130
14/11:06:24,6.28,4.01,111.78,76.681,25.82,157.487,7131
14/11:06:24,6.11,4.01,111.77,76.483,25.82,157.498,7132
14/11:06:25,6.04,4.0,111.76,76.406,25.82,157.509,7133
14/11:06:25,6.23,3.99,111.76,76.417,25.82,157.52,7134
14/11:06:26,6.41,3.99,111.75,76.307,25.82,157.531,7135
14/11:06:27,6.61,3.99,111.74,76.241,25.82,157.553,7136
14/11:06:27,6.53,3.99,111.74,76.263,25.82,157.564,7137
14/11:06:28,6.52,4.0,111.75,76.131,25.82,157.586,7138
14/11:06:28,6.59,4.01,111.75,76.01,25.82,157.597,7139
14/11:06:29,6.56,4.0,111.77,75.867,25.82,157.597,7140
14/11:06:29,6.49,4.01,111.77,75.768,25.82,157.608,7141
14/11:06:30,6.56,4.01,111.78,75.625,25.82,157.63,7142
14/11:06:31,6.66,4.0,111.79,75.669,25.82,157.641,7143
14/11:06:31,6.69,3.95,111.79,75.614,25.82,157.641,7144
14/11:06:31,6.65,3.93,111.8,75.515,25.82,157.663,7145
14/11:06:32,6.71,3.93,111.8,75.449,25.82,157.674,7146
14/11:06:33,6.87,3.95,111.8,75.35,25.82,157.685,7147
14/11:06:33,6.99,3.95,111.79,75.174,25.81,157.685,7148
14/11:06:33,6.93,3.95,111.79,75.097,25.81,157.707,7149
14/11:06:34,6.66,3.94,111.78,74.987,25.81,157.718,7150
14/11:06:35,6.49,3.95,111.77,74.745,25.81,157.718,7151
14/11:06:35,6.59,4.01,111.78,74.47,25.81,157.729,7152
14/11:06:36,7.07,4.03,111.77,74.36,25.81,157.751,7153
14/11:06:36,7.62,4.01,111.71,74.349,25.81,157.751,7154
14/11:06:37,8.23,3.99,111.65,74.382,25.81,157.762,7155
14/11:06:37,8.73,4.0,111.6,74.404,25.81,157.784,7156
14/11:06:38,9.35,3.99,111.54,74.36,25.81,157.784,7157
14/11:06:39,11.38,4.0,111.37,74.503,25.81,157.806,7158
14/11:06:39,12.4,4.01,111.26,74.558,25.81,157.817,7159
14/11:06:40,13.62,3.99,111.17,74.58,25.81,157.828,7160
14/11:06:40,14.3,4.03,111.12,74.679,25.8,157.839,7161
14/11:06:41,14.84,4.03,111.04,74.778,25.8,157.85,7162
14/11:06:41,15.26,4.02,110.99,74.921,25.8,157.861,7163
14/11:06:42,15.66,4.03,110.94,75.141,25.8,157.872,7164
14/11:06:42,14.86,4.02,110.98,75.328,25.8,157.883,7165
14/11:06:43,13.71,4.04,111.11,75.427,25.8,157.894,7166
14/11:06:44,10.86,4.03,111.35,75.405,25.79,157.916,7167
14/11:06:45,8.85,3.98,111.55,75.229,25.79,157.927,7168
14/11:06:45,8.19,3.98,111.6,75.218,25.79,157.949,7169
14/11:06:46,7.79,3.97,111.64,75.295,25.79,157.96,7170
14/11:06:47,8.64,3.96,111.56,75.262,25.79,157.971,7171
14/11:06:47,9.48,3.93,111.48,75.295,25.79,157.982,7172
14/11:06:48,10.34,3.94,111.39,75.317,25.79,157.993,7173
14/11:06:48,10.91,3.92,111.3,75.361,25.79,158.004,7174
14/11:06:49,11.4,3.91,111.25,75.031,25.79,158.026,7175
14/11:06:50,11.61,3.91,111.23,74.789,25.78,158.037,7176
14/11:06:50,11.64,3.9,111.23,74.613,25.78,158.048,7177
14/11:06:51,11.56,3.9,111.22,74.547,25.78,158.059,7178
14/11:06:51,11.56,3.89,111.23,74.547,25.78,158.07,7179
14/11:06:52,11.35,3.9,111.24,74.712,25.78,158.081,7180
14/11:06:53,11.93,3.87,111.21,74.932,25.78,158.103,7181
14/11:06:53,11.94,3.87,111.2,75.02,25.78,158.114,7182
14/11:06:54,11.87,3.84,111.19,75.108,25.78,158.125,7183
14/11:06:54,12.18,3.83,111.17,75.207,25.77,158.136,7184
14/11:06:55,12.63,3.84,111.13,75.372,25.77,158.147,7185
14/11:06:56,12.83,3.83,111.09,75.68,25.77,158.169,7186
14/11:06:57,12.86,3.83,111.09,75.713,25.77,158.18,7187
14/11:06:57,12.78,3.83,111.07,75.713,25.77,158.191,7188
14/11:06:58,12.63,3.82,111.07,75.614,25.77,158.202,7189
14/11:06:58,12.79,3.84,111.06,75.515,25.77,158.213,7190
14/11:06:59,12.48,3.84,111.09,75.383,25.76,158.224,7191
14/11:06:59,11.92,3.82,111.12,75.163,25.76,158.235,7192
14/11:07:00,11.59,3.81,111.15,74.987,25.76,158.246,7193
14/11:07:00,11.47,3.8,111.15,74.778,25.76,158.257,7194
14/11:07:01,12.09,3.81,111.13,74.921,25.76,158.279,7195
14/11:07:02,12.5,3.81,111.11,75.152,25.76,158.29,7196
14/11:07:03,12.71,3.82,111.06,75.35,25.76,158.301,7197
14/11:07:03,12.9,3.84,111.05,75.482,25.75,158.312,7198
14/11:07:04,13.11,3.86,111.04,75.724,25.75,158.323,7199
14/11:07:04,13.17,3.87,111.03,75.944,25.75,158.334,7200
14/11:07:05,13.02,3.86,111.02,76.098,25.75,158.345,7201
14/11:07:05,12.72,3.87,111.0,76.208,25.75,158.356,7202
14/11:07:06,12.34,3.87,111.03,76.285,25.75,158.367,7203
14/11:07:06,11.86,3.88,111.08,76.362,25.75,158.378,7204
14/11:07:07,11.6,3.87,111.13,76.604,25.75,158.389,7205
14/11:07:07,11.61,3.87,111.12,76.857,25.74,158.4,7206
14/11:07:08,11.72,3.85,111.13,77.154,25.74,158.411,7207
14/11:07:08,12.32,3.86,111.11,77.462,25.74,158.422,7208
14/11:07:09,12.88,3.87,111.1,77.748,25.74,158.433,7209
14/11:07:09,13.45,3.87,111.08,78.012,25.74,158.455,7210
14/11:07:10,14.08,3.87,111.05,78.298,25.74,158.466,7211
14/11:07:11,14.53,3.85,110.99,78.43,25.74,158.477,7212
14/11:07:11,15.18,3.9,110.9,78.925,25.73,158.499,7213
14/11:07:12,14.61,3.91,110.9,79.167,25.73,158.51,7214
14/11:07:13,13.8,3.89,110.95,79.277,25.73,158.521,7215
14/11:07:13,12.93,3.89,110.99,79.387,25.73,158.532,7216
14/11:07:14,12.33,3.91,111.04,79.607,25.73,158.543,7217
14/11:07:15,11.16,3.93,111.16,79.695,25.72,158.565,7218
14/11:07:15,10.45,3.93,111.27,79.717,25.72,158.576,7219
14/11:07:16,10.39,3.93,111.32,79.783,25.72,158.587,7220
14/11:07:16,10.61,3.94,111.31,79.992,25.72,158.598,7221
14/11:07:17,10.9,3.94,111.28,80.212,25.72,158.609,7222
14/11:07:17,11.23,3.95,111.23,80.355,25.72,158.62,7223
14/11:07:18,11.62,3.95,111.18,80.564,25.72,158.642,7224
14/11:07:19,11.72,3.94,111.15,80.652,25.72,158.653,7225
14/11:07:19,11.76,3.94,111.12,80.806,25.72,158.675,7226
14/11:07:20,11.91,3.95,111.11,80.982,25.71,158.686,7227
14/11:07:20,12.13,3.96,111.09,81.114,25.71,158.697,7228
14/11:07:21,12.08,3.96,111.11,81.202,25.71,158.708,7229
14/11:07:22,12.06,3.95,111.12,81.345,25.71,158.708,7230
14/11:07:22,11.94,3.95,111.11,81.532,25.71,158.73,7231
14/11:07:22,11.9,3.96,111.11,81.631,25.71,158.741,7232
14/11:07:23,12.1,3.96,111.09,81.829,25.71,158.752,7233
14/11:07:24,11.79,3.96,111.12,81.939,25.71,158.763,7234
14/11:07:24,11.08,3.94,111.16,81.961,25.7,158.774,7235
14/11:07:25,10.78,3.94,111.2,81.917,25.7,158.785,7236
14/11:07:25,10.56,3.94,111.23,81.851,25.7,158.796,7237
14/11:07:26,9.99,3.95,111.28,81.829,25.7,158.807,7238
14/11:07:26,9.6,3.95,111.3,81.851,25.7,158.829,7239
14/11:07:27,9.1,3.95,111.36,81.785,25.7,158.84,7240
14/11:07:27,8.18,3.95,111.42,81.576,25.7,158.851,7241
14/11:07:28,7.89,3.97,111.46,81.466,25.7,158.862,7242
14/11:07:28,7.88,3.97,111.49,81.367,25.7,158.873,7243
14/11:07:29,7.26,3.97,111.52,81.202,25.7,158.884,7244
14/11:07:29,6.8,3.96,111.56,81.114,25.7,158.895,7245
14/11:07:30,6.74,3.96,111.61,81.026,25.7,158.906,7246
14/11:07:31,6.41,3.96,111.64,80.839,25.7,158.917,7247
14/11:07:31,6.24,3.97,111.65,80.586,25.7,158.928,7248
14/11:07:32,6.23,3.97,111.66,80.487,25.7,158.939,7249
14/11:07:32,6.01,3.97,111.67,80.399,25.7,158.95,7250
14/11:07:32,6.0,3.97,111.67,80.278,25.69,158.972,7251
14/11:07:33,6.2,3.98,111.67,80.278,25.69,158.983,7252
14/11:07:34,5.89,3.98,111.64,80.245,25.69,159.005,7253
14/11:07:35,6.06,3.98,111.65,80.245,25.69,159.016,7254
14/11:07:35,6.19,3.98,111.67,80.102,25.69,159.016,7255
14/11:07:36,6.16,3.98,111.67,80.003,25.69,159.027,7256
14/11:07:36,6.25,3.98,111.66,79.959,25.69,159.049,7257
14/11:07:37,6.28,3.98,111.66,79.959,25.69,159.06,7258
14/11:07:38,6.51,4.0,111.7,79.75,25.69,159.082,7259
14/11:07:38,6.42,4.0,111.71,79.673,25.69,159.093,7260
14/11:07:39,6.17,4.0,111.7,79.684,25.69,159.104,7261
14/11:07:39,6.14,4.0,111.7,79.651,25.69,159.115,7262
14/11:07:40,6.41,4.01,111.71,79.541,25.69,159.126,7263
14/11:07:40,6.51,4.01,111.72,79.343,25.69,159.137,7264
14/11:07:41,6.3,4.01,111.74,79.2,25.69,159.148,7265
14/11:07:42,5.96,3.99,111.74,79.156,25.69,159.17,7266
14/11:07:42,5.91,3.99,111.74,79.112,25.69,159.181,7267
14/11:07:43,5.99,4.0,111.73,79.057,25.69,159.192,7268
14/11:07:43,6.02,4.01,111.74,79.068,25.69,159.203,7269
14/11:07:44,6.1,4.0,111.73,79.057,25.69,159.214,7270
14/11:07:44,6.15,4.01,111.74,79.035,25.69,159.225,7271
14/11:07:45,6.08,4.02,111.73,79.024,25.69,159.236,7272
14/11:07:45,6.04,4.02,111.72,79.002,25.69,159.247,7273
14/11:07:46,6.09,4.03,111.72,79.024,25.69,159.258,7274
14/11:07:46,6.09,4.02,111.73,79.101,25.69,159.269,7275
14/11:07:47,6.08,4.02,111.73,79.123,25.69,159.28,7276
14/11:07:47,6.15,4.01,111.71,79.222,25.69,159.291,7277
14/11:07:48,6.22,4.02,111.72,79.222,25.69,159.302,7278
14/11:07:48,6.18,4.02,111.71,79.057,25.69,159.313,7279
14/11:07:49,6.23,4.0,111.72,79.035,25.68,159.324,7280
14/11:07:49,6.31,4.0,111.72,79.002,25.68,159.335,7281
14/11:07:50,6.32,4.01,111.73,78.892,25.68,159.346,7282
14/11:07:50,6.34,4.01,111.73,78.804,25.68,159.357,7283
14/11:07:51,6.28,4.02,111.72,78.793,25.68,159.368,7284
14/11:07:51,6.23,4.02,111.74,78.804,25.68,159.39,7285
14/11:07:52,6.0,4.03,111.74,78.837,25.68,159.39,7286
14/11:07:52,5.94,4.03,111.74,78.782,25.68,159.401,7287
14/11:07:53,5.97,4.04,111.74,78.694,25.68,159.423,7288
14/11:07:53,6.23,4.05,111.74,78.562,25.68,159.434,7289
14/11:07:54,6.53,4.05,111.75,78.353,25.68,159.445,7290
14/11:07:55,6.98,4.05,111.77,78.067,25.68,159.467,7291
14/11:07:56,7.13,4.07,111.78,77.99,25.68,159.478,7292
14/11:07:56,7.2,4.06,111.77,77.957,25.68,159.489,7293
14/11:07:57,7.32,4.07,111.78,77.891,25.68,159.5,7294
14/11:07:57,7.26,4.08,111.77,77.847,25.68,159.511,7295
14/11:07:58,7.09,4.08,111.75,77.836,25.68,159.522,7296
14/11:07:58,6.63,3.89,111.91,77.979,25.68,159.533,7297
14/11:07:59,6.13,3.66,112.19,78.155,25.68,159.544,7298
14/11:07:59,5.67,3.39,112.46,78.254,25.68,159.555,7299
14/11:08:00,5.19,3.22,112.65,78.067,25.68,159.566,7300
14/11:08:00,5.15,3.21,112.65,77.66,25.68,159.577,7301
14/11:08:02,5.09,3.21,112.66,77.275,25.68,159.599,7302
14/11:08:02,5.15,3.21,112.67,77.198,25.68,159.61,7303
14/11:08:03,5.56,3.4,112.5,77.198,25.68,159.621,7304
14/11:08:03,5.97,3.66,112.21,77.121,25.68,159.632,7305
14/11:08:03,6.37,3.9,111.96,77.088,25.67,159.643,7306
14/11:08:04,6.74,4.08,111.76,77.044,25.67,159.654,7307
14/11:08:04,6.7,4.09,111.76,76.967,25.67,159.665,7308
14/11:08:05,6.63,4.09,111.75,76.901,25.67,159.676,7309
14/11:08:06,6.48,4.09,111.75,76.879,25.67,159.687,7310
14/11:08:06,6.33,4.09,111.76,76.78,25.67,159.698,7311
14/11:08:07,6.05,4.09,111.76,76.703,25.67,159.709,7312
14/11:08:08,5.74,4.08,111.79,76.516,25.67,159.731,7313
14/11:08:08,5.73,4.08,111.8,76.483,25.67,159.742,7314
14/11:08:09,5.87,4.08,111.81,76.505,25.67,159.753,7315
14/11:08:09,6.05,4.07,111.81,76.461,25.67,159.775,7316
14/11:08:10,6.32,4.03,111.81,76.516,25.67,159.775,7317
14/11:08:10,6.54,4.0,111.8,76.571,25.67,159.786,7318
14/11:08:11,6.79,4.02,111.8,76.681,25.67,159.797,7319
14/11:08:12,7.28,4.04,111.77,76.813,25.67,159.83,7320
14/11:08:12,7.28,4.04,111.78,76.791,25.67,159.841,7321
14/11:08:13,7.17,4.05,111.78,76.791,25.67,159.852,7322
14/11:08:13,6.98,4.07,111.77,76.835,25.67,159.863,7323
14/11:08:14,6.68,4.11,111.77,76.868,25.67,159.874,7324
14/11:08:14,6.42,4.14,111.77,76.747,25.67,159.885,7325
14/11:08:15,6.24,4.13,111.75,76.648,25.67,159.896,7326
14/11:08:16,5.96,4.12,111.75,76.626,25.67,159.907,7327
14/11:08:17,5.57,4.1,111.75,76.461,25.67,159.929,7328
14/11:08:17,5.55,4.1,111.75,76.351,25.67,159.94,7329
14/11:08:18,5.6,4.11,111.74,76.208,25.67,159.951,7330
14/11:08:18,5.7,4.1,111.74,76.065,25.67,159.962,7331
14/11:08:19,5.95,4.11,111.76,76.076,25.66,159.973,7332
14/11:08:19,6.11,4.12,111.78,76.131,25.66,159.984,7333
14/11:08:20,6.23,4.13,111.78,76.153,25.66,159.995,7334
14/11:08:20,6.31,4.13,111.79,76.065,25.66,160.006,7335
14/11:08:21,6.27,4.13,111.78,75.988,25.66,160.017,7336
14/11:08:22,6.2,4.14,111.78,75.966,25.66,160.028,7337
14/11:08:22,5.99,4.14,111.8,75.801,25.66,160.05,7338
14/11:08:23,5.97,4.13,111.78,75.746,25.66,160.061,7339
14/11:08:23,6.04,4.13,111.78,75.878,25.66,160.072,7340
14/11:08:24,6.15,4.13,111.78,75.867,25.66,160.083,7341
14/11:08:24,6.16,4.13,111.78,75.823,25.66,160.094,7342
14/11:08:25,6.26,4.12,111.78,75.812,25.66,160.105,7343
14/11:08:25,6.56,4.11,111.79,75.845,25.66,160.116,7344
14/11:08:26,6.82,4.11,111.78,75.9,25.66,160.116,7345
14/11:08:26,6.89,4.11,111.8,75.977,25.66,160.127,7346
14/11:08:27,6.68,4.11,111.81,75.977,25.66,160.149,7347
14/11:08:28,6.39,4.11,111.82,75.933,25.66,160.171,7348
14/11:08:30,6.28,4.11,111.83,75.999,25.66,160.204,7349
14/11:08:30,6.24,4.11,111.83,76.01,25.66,160.215,7350
14/11:08:31,6.19,4.1,111.82,76.021,25.66,160.226,7351
14/11:08:31,6.12,4.09,111.82,75.922,25.66,160.237,7352
14/11:08:32,6.02,4.09,111.83,75.823,25.66,160.248,7353
14/11:08:32,6.07,4.1,111.81,75.713,25.66,160.259,7354
14/11:08:33,6.13,4.11,111.8,75.57,25.66,160.27,7355
14/11:08:34,6.47,4.11,111.82,75.493,25.66,160.281,7356
14/11:08:34,6.97,4.12,111.75,75.658,25.66,160.303,7357
14/11:08:35,7.23,4.13,111.73,75.768,25.65,160.314,7358
14/11:08:36,7.74,4.13,111.67,75.757,25.65,160.325,7359
14/11:08:36,8.28,4.12,111.61,75.812,25.65,160.336,7360
14/11:08:37,8.92,4.11,111.55,75.966,25.65,160.347,7361
14/11:08:37,9.49,4.11,111.5,76.076,25.65,160.358,7362
14/11:08:38,10.0,4.03,111.42,76.186,25.65,160.38,7363
14/11:08:39,10.52,4.04,111.38,76.23,25.65,160.391,7364
14/11:08:39,10.93,4.04,111.35,76.395,25.65,160.402,7365
14/11:08:40,11.08,4.05,111.36,76.527,25.65,160.413,7366
14/11:08:41,10.84,4.06,111.38,76.626,25.65,160.424,7367
14/11:08:41,10.39,4.06,111.41,76.56,25.65,160.435,7368
14/11:08:42,9.65,4.05,111.46,76.384,25.64,160.446,7369
14/11:08:42,9.09,4.11,111.48,76.296,25.64,160.457,7370
14/11:08:43,8.93,4.12,111.51,76.307,25.64,160.468,7371
14/11:08:43,8.84,4.12,111.53,76.351,25.64,160.479,7372
14/11:08:44,8.95,4.13,111.52,76.472,25.64,160.49,7373
14/11:08:44,9.49,4.13,111.5,76.571,25.64,160.501,7374
14/11:08:45,10.53,4.11,111.42,76.956,25.64,160.512,7375
14/11:08:45,11.7,4.13,111.33,77.286,25.64,160.523,7376
14/11:08:46,12.77,4.15,111.26,77.616,25.64,160.534,7377
14/11:08:46,13.38,4.16,111.22,77.88,25.64,160.545,7378
14/11:08:47,13.32,4.16,111.2,78.1,25.64,160.556,7379
14/11:08:47,13.03,4.16,111.18,78.298,25.63,160.567,7380
14/11:08:48,12.28,4.15,111.19,78.485,25.63,160.578,7381
14/11:08:48,11.47,4.14,111.25,78.562,25.63,160.589,7382
14/11:08:49,10.43,4.15,111.32,78.661,25.63,160.611,7383
14/11:08:50,9.38,4.14,111.38,78.716,25.63,160.622,7384
14/11:08:50,8.86,4.12,111.43,78.716,25.63,160.633,7385
14/11:08:51,8.47,4.11,111.49,78.749,25.63,160.644,7386
14/11:08:51,8.51,4.1,111.51,78.793,25.63,160.655,7387
14/11:08:52,8.66,4.1,111.53,78.771,25.63,160.666,7388
14/11:08:52,8.71,4.08,111.54,78.683,25.63,160.677,7389
14/11:08:53,8.67,4.07,111.52,78.716,25.63,160.688,7390
14/11:08:53,8.64,4.06,111.54,78.793,25.62,160.699,7391
14/11:08:54,8.57,4.06,111.53,78.848,25.62,160.71,7392
14/11:08:54,8.46,4.07,111.54,78.804,25.62,160.721,7393
14/11:08:55,8.45,4.05,111.52,78.892,25.62,160.732,7394
14/11:08:55,8.25,4.06,111.52,78.947,25.62,160.743,7395
14/11:08:56,7.85,4.06,111.53,78.925,25.62,160.754,7396
14/11:08:56,7.56,4.07,111.56,78.716,25.62,160.765,7397
14/11:08:57,7.26,4.06,111.59,78.584,25.62,160.776,7398
14/11:08:57,6.95,4.06,111.62,78.529,25.62,160.787,7399
14/11:08:58,6.64,4.05,111.64,78.529,25.62,160.798,7400
14/11:08:58,6.28,4.04,111.67,78.32,25.62,160.809,7401
14/11:08:59,5.82,4.03,111.72,78.144,25.62,160.82,7402
14/11:09:00,5.14,4.01,111.81,77.704,25.62,160.842,7403
14/11:09:00,5.13,4.02,111.82,77.627,25.62,160.853,7404
14/11:09:01,5.42,4.02,111.82,77.561,25.62,160.875,7405
14/11:09:02,5.64,4.02,111.81,77.528,25.62,160.875,7406
14/11:09:02,5.79,4.02,111.8,77.363,25.62,160.886,7407
14/11:09:03,5.94,4.03,111.79,77.121,25.62,160.897,7408
14/11:09:03,6.06,4.04,111.77,77.022,25.62,160.908,7409
14/11:09:04,6.22,4.06,111.76,77.077,25.62,160.93,7410
14/11:09:05,6.72,4.07,111.71,77.088,25.62,160.952,7411
14/11:09:05,6.67,4.07,111.71,77.066,25.62,160.963,7412
14/11:09:06,6.41,4.08,111.73,77.077,25.62,160.985,7413
14/11:09:07,6.41,4.08,111.73,77.011,25.61,160.996,7414
14/11:09:08,6.64,4.06,111.7,76.846,25.61,161.018,7415
14/11:09:08,6.77,4.05,111.7,76.868,25.61,161.029,7416
14/11:09:09,6.95,4.06,111.71,76.78,25.61,161.04,7417
14/11:09:09,7.17,4.06,111.68,76.725,25.61,161.051,7418
14/11:09:10,7.3,4.07,111.68,76.692,25.61,161.062,7419
14/11:09:10,7.38,4.08,111.68,76.604,25.61,161.073,7420
14/11:09:11,7.28,4.08,111.67,76.516,25.61,161.084,7421
14/11:09:12,7.13,4.09,111.68,76.406,25.61,161.095,7422
14/11:09:12,7.12,4.08,111.68,76.23,25.61,161.106,7423
14/11:09:13,7.14,4.1,111.67,76.065,25.61,161.128,7424
14/11:09:13,7.01,4.09,111.66,75.933,25.61,161.139,7425
14/11:09:14,6.93,4.09,111.66,75.735,25.61,161.15,7426
14/11:09:14,6.91,4.08,111.66,75.548,25.61,161.161,7427
14/11:09:15,7.14,4.08,111.69,75.405,25.61,161.172,7428
14/11:09:15,7.4,4.09,111.67,75.317,25.61,161.183,7429
14/11:09:16,7.32,4.08,111.68,75.251,25.61,161.194,7430
14/11:09:17,7.05,4.07,111.67,75.141,25.61,161.205,7431
14/11:09:17,7.1,4.07,111.68,75.009,25.61,161.216,7432
14/11:09:18,7.11,4.07,111.69,75.086,25.61,161.216,7433
14/11:09:18,7.15,4.07,111.69,75.108,25.6,161.227,7434
14/11:09:19,8.16,4.06,111.61,75.042,25.6,161.26,7435
14/11:09:20,8.63,4.05,111.55,75.108,25.6,161.271,7436
14/11:09:20,9.41,4.06,111.49,75.251,25.6,161.282,7437
14/11:09:21,10.28,4.06,111.42,75.493,25.6,161.293,7438
14/11:09:21,10.9,4.07,111.35,75.724,25.6,161.304,7439
14/11:09:22,11.56,4.06,111.25,75.867,25.6,161.315,7440
14/11:09:22,12.19,4.06,111.18,75.977,25.6,161.326,7441
14/11:09:23,12.54,4.07,111.12,76.131,25.6,161.337,7442
14/11:09:24,12.78,4.07,111.07,76.252,25.6,161.348,7443
14/11:09:24,13.06,4.09,111.05,76.373,25.59,161.359,7444
14/11:09:25,12.98,4.06,111.04,76.472,25.59,161.37,7445
14/11:09:25,12.98,4.07,111.05,76.505,25.59,161.381,7446
14/11:09:26,13.17,4.1,111.04,76.516,25.59,161.414,7447
14/11:09:27,13.35,4.1,111.04,76.56,25.59,161.425,7448
14/11:09:28,13.42,4.11,111.06,76.516,25.59,161.436,7449
14/11:09:28,13.5,4.12,111.05,76.516,25.57,161.447,7450
14/11:09:29,13.67,4.14,111.02,76.582,25.57,161.458,7451
14/11:09:29,13.82,4.14,111.02,76.659,25.57,161.469,7452
14/11:09:30,13.91,4.15,111.01,76.681,25.57,161.48,7453
14/11:09:30,13.82,4.14,111.03,76.725,25.57,161.491,7454
14/11:09:31,13.07,4.13,111.07,76.747,25.57,161.502,7455
14/11:09:32,12.08,4.14,111.1,76.659,25.57,161.513,7456
14/11:09:33,10.11,4.13,111.25,76.648,25.56,161.546,7457
14/11:09:33,9.61,4.15,111.28,76.648,25.56,161.557,7458
14/11:09:34,9.28,4.16,111.35,76.56,25.56,161.579,7459
14/11:09:36,10.41,4.18,111.32,76.593,25.56,161.601,7460
14/11:09:36,10.85,4.19,111.28,76.692,25.56,161.612,7461
14/11:09:37,11.03,4.2,111.27,76.714,25.56,161.623,7462
14/11:09:37,11.19,4.2,111.27,76.824,25.56,161.634,7463
14/11:09:38,11.2,4.2,111.27,76.868,25.56,161.645,7464
14/11:09:38,11.08,4.17,111.26,76.956,25.56,161.667,7465
14/11:09:39,10.89,4.17,111.23,76.989,25.56,161.667,7466
14/11:09:39,10.83,4.14,111.22,77.0,25.56,161.678,7467
14/11:09:40,10.94,4.14,111.2,77.132,25.56,161.689,7468
14/11:09:40,11.03,4.13,111.18,77.341,25.56,161.711,7469
14/11:09:41,11.08,4.13,111.17,77.462,25.56,161.722,7470
14/11:09:41,11.13,4.14,111.15,77.495,25.56,161.733,7471
14/11:09:42,11.26,4.15,111.11,77.561,25.56,161.744,7472
14/11:09:42,11.44,4.2,111.11,77.616,25.56,161.755,7473
14/11:09:43,11.56,4.22,111.1,77.693,25.55,161.766,7474
14/11:09:43,11.6,4.23,111.1,77.77,25.55,161.777,7475
14/11:09:44,11.51,4.22,111.1,77.869,25.55,161.788,7476
14/11:09:45,11.51,4.23,111.1,78.012,25.55,161.799,7477
14/11:09:45,11.75,4.24,111.11,78.122,25.55,161.81,7478
14/11:09:46,11.99,4.24,111.12,78.199,25.55,161.821,7479
14/11:09:46,12.14,4.25,111.12,78.298,25.55,161.832,7480
14/11:09:47,12.15,4.26,111.12,78.353,25.55,161.843,7481
14/11:09:47,12.11,4.24,111.11,78.342,25.55,161.854,7482
14/11:09:48,12.04,4.24,111.11,78.386,25.54,161.865,7483
14/11:09:48,11.93,4.25,111.11,78.54,25.54,161.876,7484
14/11:09:49,11.8,4.26,111.11,78.771,25.54,161.887,7485
14/11:09:49,11.64,4.27,111.11,78.947,25.54,161.898,7486
14/11:09:50,11.71,4.27,111.09,78.881,25.54,161.92,7487
14/11:09:51,11.72,4.26,111.1,78.98,25.54,161.931,7488
14/11:09:51,11.45,4.27,111.12,79.068,25.54,161.942,7489
14/11:09:52,10.94,4.28,111.19,79.244,25.53,161.975,7490
14/11:09:53,10.65,4.24,111.23,79.321,25.53,161.986,7491
14/11:09:54,10.37,4.21,111.26,79.255,25.53,161.997,7492
14/11:09:54,9.26,4.22,111.34,79.134,25.53,162.008,7493
14/11:09:56,8.57,4.22,111.39,78.991,25.53,162.041,7494
14/11:09:56,8.47,4.23,111.41,79.057,25.53,162.052,7495
14/11:09:57,8.4,4.22,111.42,79.145,25.53,162.063,7496
14/11:09:57,8.41,4.25,111.43,79.112,25.53,162.074,7497
14/11:09:58,8.38,4.28,111.44,78.914,25.53,162.085,7498
14/11:09:58,8.22,4.28,111.44,78.815,25.53,162.096,7499
14/11:09:59,8.14,4.28,111.45,78.804,25.53,162.107,7500
14/11:09:59,8.14,4.28,111.45,78.815,25.53,162.118,7501
14/11:10:00,8.17,4.28,111.46,78.749,25.52,162.129,7502
14/11:10:00,8.23,4.3,111.45,78.716,25.52,162.14,7503
14/11:10:01,8.23,4.31,111.45,78.617,25.52,162.151,7504
14/11:10:01,8.26,4.32,111.45,78.529,25.52,162.162,7505
14/11:10:02,8.3,4.32,111.44,78.474,25.52,162.173,7506
14/11:10:02,8.38,4.32,111.44,78.375,25.52,162.184,7507
14/11:10:03,8.62,4.33,111.45,78.265,25.52,162.195,7508
14/11:10:04,8.69,4.33,111.46,78.166,25.52,162.206,7509
14/11:10:04,8.65,4.33,111.46,78.199,25.52,162.217,7510
14/11:10:05,8.52,4.33,111.47,78.221,25.52,162.239,7511
14/11:10:05,8.32,4.32,111.48,78.342,25.52,162.25,7512
14/11:10:06,8.11,4.31,111.48,78.397,25.52,162.261,7513
14/11:10:06,7.98,4.3,111.49,78.496,25.52,162.272,7514
14/11:10:07,8.17,4.23,111.48,78.408,25.52,162.294,7515
14/11:10:08,8.38,4.23,111.48,78.408,25.52,162.305,7516
14/11:10:08,8.67,4.23,111.48,78.342,25.52,162.316,7517
14/11:10:09,8.81,4.23,111.47,78.309,25.51,162.316,7518
14/11:10:09,8.87,4.23,111.45,78.276,25.51,162.327,7519
14/11:10:10,8.8,4.23,111.45,78.21,25.51,162.349,7520
14/11:10:10,8.62,4.24,111.45,78.122,25.51,162.36,7521
14/11:10:11,8.35,4.28,111.45,78.078,25.51,162.371,7522
14/11:10:11,8.11,4.27,111.45,78.078,25.51,162.382,7523
14/11:10:12,7.8,4.27,111.44,78.001,25.51,162.393,7524
14/11:10:12,7.53,4.27,111.44,77.99,25.51,162.404,7525
14/11:10:13,7.41,4.27,111.44,78.089,25.51,162.426,7526
14/11:10:14,7.44,4.27,111.44,78.089,25.51,162.437,7527
14/11:10:14,7.37,4.26,111.44,78.001,25.51,162.448,7528
14/11:10:15,7.3,4.25,111.45,77.957,25.51,162.459,7529
14/11:10:15,7.27,4.24,111.46,77.847,25.51,162.47,7530
14/11:10:16,7.24,4.23,111.47,77.792,25.51,162.481,7531
14/11:10:17,7.23,4.23,111.48,77.737,25.51,162.503,7532
14/11:10:18,7.2,4.22,111.48,77.77,25.51,162.514,7533
14/11:10:18,7.19,4.24,111.48,77.781,25.51,162.525,7534
14/11:10:19,7.18,4.23,111.49,77.748,25.5,162.536,7535
14/11:10:19,7.21,4.25,111.5,77.726,25.5,162.558,7536
14/11:10:20,7.28,4.22,111.49,77.759,25.5,162.569,7537
14/11:10:20,7.27,4.22,111.5,77.748,25.5,162.58,7538
14/11:10:21,7.28,4.23,111.47,77.792,25.5,162.591,7539
14/11:10:21,7.33,4.23,111.47,77.704,25.5,162.602,7540
14/11:10:22,7.35,4.23,111.47,77.671,25.5,162.613,7541
14/11:10:22,7.37,4.23,111.47,77.616,25.5,162.624,7542
14/11:10:23,7.43,4.23,111.47,77.616,25.5,162.635,7543
14/11:10:25,7.37,4.21,111.46,77.594,25.5,162.679,7544
14/11:10:25,7.33,4.2,111.46,77.539,25.5,162.69,7545
14/11:10:26,7.28,4.18,111.46,77.462,25.5,162.701,7546
14/11:10:27,7.28,4.18,111.46,77.363,25.5,162.712,7547
14/11:10:27,7.25,4.18,111.45,77.341,25.5,162.723,7548
14/11:10:28,7.25,4.18,111.44,77.396,25.5,162.734,7549
14/11:10:28,7.26,4.18,111.44,77.231,25.5,162.745,7550
14/11:10:29,7.31,4.18,111.46,77.198,25.5,162.756,7551
14/11:10:29,7.35,4.21,111.45,77.253,25.5,162.767,7552
14/11:10:30,7.42,4.24,111.44,77.341,25.5,162.778,7553
14/11:10:30,7.5,4.21,111.45,77.374,25.49,162.789,7554
14/11:10:31,7.49,4.21,111.45,77.363,25.49,162.811,7555
14/11:10:32,7.46,4.19,111.46,77.308,25.49,162.822,7556
14/11:10:32,7.44,4.18,111.47,77.231,25.49,162.833,7557
14/11:10:33,7.5,4.18,111.47,77.22,25.49,162.844,7558
14/11:10:34,7.56,4.2,111.47,77.253,25.49,162.855,7559
14/11:10:34,7.71,4.22,111.47,77.286,25.49,162.866,7560
14/11:10:35,8.25,4.24,111.46,77.132,25.49,162.888,7561
14/11:10:36,8.44,4.25,111.44,77.176,25.49,162.899,7562
14/11:10:37,8.48,4.26,111.45,77.187,25.49,162.921,7563
14/11:10:37,8.38,4.27,111.45,77.176,25.49,162.932,7564
14/11:10:38,8.33,4.27,111.44,77.121,25.49,162.943,7565
14/11:10:38,8.24,4.28,111.44,76.956,25.49,162.965,7566
14/11:10:39,8.01,4.28,111.43,76.879,25.49,162.976,7567
14/11:10:39,7.72,4.27,111.44,76.934,25.49,162.987,7568
14/11:10:40,7.61,4.27,111.45,76.945,25.48,162.998,7569
14/11:10:40,7.63,4.27,111.44,77.055,25.48,163.009,7570
14/11:10:41,7.59,4.27,111.43,77.0,25.48,163.02,7571
14/11:10:41,7.65,4.27,111.43,76.824,25.48,163.031,7572
14/11:10:42,7.69,4.27,111.44,76.703,25.48,163.042,7573
14/11:10:42,7.55,4.27,111.43,76.692,25.48,163.053,7574
14/11:10:43,7.48,4.27,111.44,76.571,25.48,163.064,7575
14/11:10:43,7.53,4.28,111.44,76.483,25.48,163.075,7576
14/11:10:44,7.55,4.28,111.44,76.395,25.48,163.086,7577
14/11:10:45,7.76,4.3,111.46,76.318,25.48,163.097,7578
14/11:10:45,8.34,4.33,111.49,76.142,25.48,163.108,7579
14/11:10:46,8.47,4.32,111.47,76.065,25.48,163.13,7580
14/11:10:47,8.61,4.33,111.49,76.032,25.48,163.141,7581
14/11:10:47,8.67,4.32,111.48,75.999,25.48,163.152,7582
14/11:10:48,8.62,4.31,111.48,75.944,25.48,163.163,7583
14/11:10:48,8.53,4.28,111.49,75.845,25.48,163.174,7584
14/11:10:49,8.74,4.27,111.46,75.746,25.48,163.185,7585
14/11:10:49,9.06,4.27,111.41,75.669,25.47,163.196,7586
14/11:10:50,9.84,4.27,111.36,75.757,25.47,163.218,7587
14/11:10:51,10.27,4.28,111.3,75.68,25.47,163.229,7588
14/11:10:51,10.8,4.28,111.25,75.691,25.47,163.24,7589
14/11:10:52,11.59,4.28,111.2,75.691,25.47,163.251,7590
14/11:10:53,12.13,4.28,111.14,75.614,25.47,163.262,7591
14/11:10:53,12.09,4.3,111.13,75.614,25.47,163.273,7592
14/11:10:54,11.97,4.31,111.12,75.735,25.47,163.284,7593
14/11:10:54,11.85,4.31,111.1,75.658,25.46,163.306,7594
14/11:10:55,11.92,4.31,111.1,75.691,25.46,163.317,7595
14/11:10:56,12.1,4.34,111.08,75.834,25.46,163.328,7596
14/11:10:56,12.2,4.34,111.07,76.021,25.46,163.339,7597
14/11:10:57,12.26,4.33,111.05,76.175,25.46,163.35,7598
14/11:10:57,12.36,4.34,111.02,76.274,25.46,163.361,7599
14/11:10:58,12.52,4.34,111.01,76.351,25.46,163.372,7600
14/11:10:58,12.8,4.35,110.98,76.439,25.46,163.383,7601
14/11:10:59,13.13,4.36,110.97,76.439,25.46,163.394,7602
14/11:10:59,13.31,4.37,110.95,76.472,25.45,163.405,7603
14/11:11:00,13.51,4.36,110.93,76.637,25.45,163.416,7604
14/11:11:01,13.73,4.35,110.92,76.758,25.45,163.416,7605
14/11:11:01,14.16,4.38,110.92,77.154,25.45,163.449,7606
14/11:11:02,14.33,4.39,110.92,77.275,25.45,163.46,7607
14/11:11:02,13.99,4.4,110.93,77.308,25.45,163.471,7608
14/11:11:03,13.6,4.39,110.96,77.341,25.44,163.482,7609
14/11:11:04,13.14,4.38,110.99,77.363,25.44,163.493,7610
14/11:11:04,12.66,4.39,111.02,77.451,25.44,163.504,7611
14/11:11:05,12.04,4.39,111.05,77.506,25.44,163.515,7612
14/11:11:05,10.81,4.34,111.11,77.616,25.44,163.537,7613
14/11:11:06,10.27,4.32,111.14,77.671,25.44,163.548,7614
14/11:11:06,10.24,4.28,111.15,77.726,25.44,163.559,7615
14/11:11:07,10.3,4.28,111.14,77.682,25.44,163.57,7616
14/11:11:08,10.24,4.28,111.15,77.671,25.43,163.592,7617
14/11:11:08,9.98,4.28,111.16,77.649,25.43,163.603,7618
14/11:11:09,9.74,4.28,111.18,77.693,25.43,163.603,7619
14/11:11:09,9.46,4.28,111.21,77.715,25.43,163.614,7620
14/11:11:10,9.19,4.28,111.25,77.726,25.43,163.636,7621
14/11:11:11,8.95,4.28,111.28,77.671,25.43,163.647,7622
14/11:11:11,8.04,4.28,111.34,77.517,25.43,163.669,7623
14/11:11:12,7.7,4.26,111.36,77.517,25.43,163.68,7624
14/11:11:13,7.68,4.28,111.37,77.253,25.43,163.702,7625
14/11:11:13,7.68,4.28,111.36,77.165,25.43,163.713,7626
14/11:11:14,7.72,4.28,111.35,77.077,25.43,163.724,7627
14/11:11:14,7.69,4.28,111.35,76.901,25.43,163.735,7628
14/11:11:15,7.7,4.28,111.35,76.758,25.43,163.746,7629
14/11:11:16,7.71,4.28,111.35,76.67,25.43,163.757,7630
14/11:11:16,7.72,4.27,111.35,76.582,25.43,163.768,7631
14/11:11:17,7.77,4.28,111.35,76.494,25.42,163.779,7632
14/11:11:17,7.74,4.27,111.35,76.516,25.42,163.79,7633
14/11:11:18,7.9,4.28,111.36,76.483,25.42,163.812,7634
14/11:11:19,8.09,4.28,111.36,76.45,25.42,163.823,7635
14/11:11:19,8.34,4.32,111.36,76.45,25.42,163.834,7636
14/11:11:20,8.63,4.32,111.38,76.461,25.42,163.845,7637
14/11:11:20,8.95,4.34,111.37,76.417,25.42,163.856,7638
14/11:11:21,8.89,4.15,111.6,76.626,25.42,163.867,7639
14/11:11:21,8.74,3.93,111.87,76.791,25.42,163.878,7640
14/11:11:22,8.54,3.71,112.08,76.879,25.42,163.889,7641
14/11:11:22,8.19,3.51,112.32,76.879,25.42,163.9,7642
14/11:11:23,7.76,3.31,112.56,76.923,25.42,163.911,7643
14/11:11:25,6.49,2.93,112.92,76.747,25.42,163.944,7644
14/11:11:25,6.59,3.18,112.64,76.45,25.41,163.955,7645
14/11:11:26,6.95,3.4,112.4,76.373,25.41,163.966,7646
14/11:11:26,7.38,3.62,112.17,76.351,25.41,163.977,7647
14/11:11:27,7.87,3.83,111.87,76.384,25.41,163.988,7648
14/11:11:28,9.14,4.38,111.32,76.56,25.41,164.021,7649
14/11:11:29,9.21,4.37,111.31,76.615,25.41,164.032,7650
14/11:11:30,9.14,4.38,111.3,76.516,25.41,164.054,7651
14/11:11:31,8.71,4.37,111.34,76.56,25.41,164.076,7652
14/11:11:31,8.45,4.36,111.34,76.593,25.41,164.087,7653
14/11:11:32,8.28,4.35,111.35,76.505,25.41,164.098,7654
14/11:11:32,8.19,4.36,111.35,76.472,25.41,164.109,7655
14/11:11:33,8.07,4.35,111.36,76.461,25.41,164.131,7656
14/11:11:34,7.99,4.34,111.34,76.516,25.4,164.131,7657
14/11:11:34,8.01,4.35,111.35,76.67,25.4,164.153,7658
14/11:11:35,8.05,4.36,111.35,76.67,25.4,164.175,7659
14/11:11:36,8.08,4.37,111.35,76.692,25.4,164.186,7660
14/11:11:36,8.09,4.37,111.33,76.67,25.4,164.197,7661
14/11:11:37,8.11,4.38,111.33,76.714,25.4,164.208,7662
14/11:11:38,8.21,4.4,111.35,76.846,25.4,164.23,7663
14/11:11:38,8.28,4.4,111.35,76.835,25.4,164.241,7664
14/11:11:39,8.43,4.4,111.35,76.879,25.4,164.252,7665
14/11:11:39,8.68,4.41,111.34,76.934,25.4,164.263,7666
14/11:11:40,8.92,4.41,111.34,76.912,25.4,164.274,7667
14/11:11:40,9.16,4.4,111.36,76.89,25.4,164.285,7668
14/11:11:41,9.51,4.4,111.35,76.923,25.4,164.307,7669
14/11:11:42,9.8,4.4,111.34,76.868,25.4,164.318,7670
14/11:11:43,9.97,4.39,111.34,76.824,25.39,164.329,7671
14/11:11:43,9.98,4.39,111.33,76.824,25.39,164.34,7672
14/11:11:44,9.78,4.4,111.33,76.802,25.39,164.351,7673
14/11:11:44,9.4,4.41,111.34,76.714,25.39,164.362,7674
14/11:11:45,9.18,4.39,111.34,76.637,25.39,164.373,7675
14/11:11:45,8.97,4.4,111.34,76.626,25.39,164.384,7676
14/11:11:46,8.69,4.41,111.35,76.637,25.39,164.395,7677
14/11:11:46,8.33,4.41,111.36,76.67,25.39,164.406,7678
14/11:11:47,8.13,4.41,111.38,76.637,25.39,164.417,7679
14/11:11:47,7.98,4.42,111.37,76.604,25.39,164.428,7680
14/11:11:48,8.07,4.42,111.38,76.549,25.39,164.439,7681
14/11:11:48,8.45,4.42,111.37,76.516,25.39,164.45,7682
14/11:11:49,8.77,4.44,111.37,76.527,25.39,164.461,7683
14/11:11:49,9.13,4.44,111.36,76.56,25.39,164.472,7684
14/11:11:50,9.43,4.45,111.36,76.582,25.38,164.483,7685
14/11:11:51,10.0,4.45,111.33,76.56,25.38,164.505,7686
14/11:11:52,9.85,4.43,111.33,76.615,25.38,164.516,7687
14/11:11:53,9.57,4.44,111.34,76.571,25.38,164.527,7688
14/11:11:53,9.35,4.43,111.33,76.483,25.38,164.549,7689
14/11:11:54,8.72,4.43,111.35,76.483,25.38,164.571,7690
14/11:11:55,8.28,4.45,111.35,76.329,25.38,164.593,7691
14/11:11:56,8.56,4.44,111.35,76.208,25.38,164.604,7692
14/11:11:56,8.7,4.45,111.34,76.285,25.38,164.615,7693
14/11:11:57,8.86,4.45,111.34,76.351,25.38,164.626,7694
14/11:11:57,9.0,4.44,111.32,76.417,25.38,164.637,7695
14/11:11:58,9.13,4.43,111.3,76.384,25.37,164.648,7696
14/11:11:58,9.3,4.43,111.28,76.263,25.37,164.659,7697
14/11:11:59,9.4,4.41,111.27,76.208,25.37,164.67,7698
14/11:12:00,9.39,4.4,111.25,76.142,25.37,164.692,7699
14/11:12:00,9.54,4.4,111.24,76.142,25.37,164.703,7700
14/11:12:01,9.71,4.41,111.23,76.153,25.37,164.714,7701
14/11:12:02,10.02,4.42,111.24,76.241,25.37,164.725,7702
14/11:12:02,10.39,4.42,111.23,76.274,25.37,164.736,7703
14/11:12:03,10.62,4.41,111.23,76.296,25.37,164.747,7704
14/11:12:03,10.69,4.43,111.23,76.395,25.37,164.758,7705
14/11:12:04,10.65,4.42,111.21,76.56,25.37,164.769,7706
14/11:12:04,10.52,4.42,111.22,76.659,25.36,164.78,7707
14/11:12:05,10.32,4.41,111.22,76.791,25.36,164.802,7708
14/11:12:05,10.07,4.4,111.21,76.89,25.36,164.813,7709
14/11:12:06,9.75,4.39,111.21,77.099,25.36,164.824,7710
14/11:12:07,9.19,4.39,111.22,77.22,25.36,164.846,7711
14/11:12:07,9.14,4.38,111.21,77.363,25.36,164.857,7712
14/11:12:08,9.3,4.39,111.22,77.55,25.36,164.879,7713
14/11:12:09,9.38,4.4,111.22,77.682,25.36,164.89,7714
14/11:12:09,9.33,4.42,111.22,77.803,25.36,164.901,7715
14/11:12:10,9.32,4.43,111.21,77.858,25.36,164.912,7716
14/11:12:11,9.46,4.43,111.2,77.946,25.35,164.945,7717
14/11:12:12,9.36,4.44,111.2,77.99,25.35,164.956,7718
14/11:12:12,9.35,4.43,111.2,78.089,25.35,164.967,7719
14/11:12:13,9.41,4.43,111.19,78.089,25.35,164.978,7720
14/11:12:14,9.49,4.43,111.19,78.089,25.35,164.989,7721
14/11:12:14,9.56,4.44,111.2,78.056,25.35,165.0,7722
14/11:12:15,9.6,4.45,111.2,78.122,25.35,165.011,7723
14/11:12:15,9.68,4.47,111.21,78.166,25.35,165.022,7724
14/11:12:16,9.85,4.49,111.2,78.21,25.35,165.033,7725
14/11:12:16,10.02,4.49,111.2,78.309,25.35,165.044,7726
14/11:12:17,10.19,4.51,111.2,78.375,25.35,165.055,7727
14/11:12:18,10.6,4.5,111.2,78.463,25.34,165.077,7728
14/11:12:19,10.8,4.5,111.17,78.463,25.34,165.11,7729
14/11:12:20,10.73,4.49,111.17,78.496,25.34,165.121,7730
14/11:12:20,10.54,4.38,111.16,78.529,25.34,165.132,7731
14/11:12:21,10.35,4.28,111.14,78.584,25.34,165.154,7732
14/11:12:21,10.19,4.28,111.14,78.584,25.34,165.165,7733
14/11:12:22,10.02,4.28,111.13,78.639,25.34,165.176,7734
14/11:12:23,10.17,4.27,111.15,78.595,25.34,165.198,7735
14/11:12:24,10.37,4.27,111.15,78.54,25.33,165.209,7736
14/11:12:24,10.32,4.28,111.17,78.529,25.33,165.22,7737
14/11:12:25,10.37,4.39,111.18,78.529,25.33,165.231,7738
14/11:12:25,10.38,4.46,111.19,78.573,25.33,165.242,7739
14/11:12:26,10.28,4.46,111.19,78.595,25.33,165.253,7740
14/11:12:26,10.22,4.47,111.17,78.716,25.33,165.264,7741
14/11:12:27,10.08,4.46,111.17,78.782,25.33,165.275,7742
14/11:12:27,9.87,4.46,111.16,78.727,25.33,165.286,7743
14/11:12:28,9.73,4.46,111.14,78.716,25.33,165.297,7744
14/11:12:28,9.84,4.44,111.14,78.771,25.33,165.308,7745
14/11:12:29,10.16,4.45,111.14,78.749,25.33,165.308,7746
14/11:12:29,10.37,4.47,111.13,78.694,25.33,165.33,7747
14/11:12:30,10.48,4.46,111.13,78.573,25.32,165.341,7748
14/11:12:30,10.44,4.45,111.15,78.595,25.32,165.352,7749
14/11:12:31,10.25,4.45,111.16,78.716,25.32,165.363,7750
14/11:12:31,10.19,4.42,111.17,78.804,25.32,165.374,7751
14/11:12:32,10.27,4.41,111.17,78.815,25.32,165.396,7752
14/11:12:33,10.28,4.4,111.16,78.914,25.32,165.407,7753
14/11:12:33,10.18,4.39,111.15,78.936,25.32,165.418,7754
14/11:12:34,10.1,4.38,111.15,78.903,25.32,165.429,7755
14/11:12:34,10.37,4.38,111.16,78.903,25.32,165.44,7756
14/11:12:35,10.55,4.4,111.14,78.947,25.32,165.451,7757
14/11:12:35,10.66,4.41,111.15,78.991,25.32,165.462,7758
14/11:12:36,10.72,4.43,111.15,79.013,25.32,165.473,7759
14/11:12:36,10.59,4.43,111.14,79.013,25.31,165.484,7760
14/11:12:37,10.38,4.45,111.14,79.134,25.31,165.495,7761
14/11:12:37,10.3,4.47,111.15,79.244,25.31,165.506,7762
14/11:12:38,10.32,4.47,111.14,79.145,25.31,165.528,7763
14/11:12:39,10.38,4.48,111.14,79.101,25.31,165.539,7764
14/11:12:39,10.27,4.47,111.14,79.068,25.31,165.55,7765
14/11:12:40,10.19,4.47,111.16,79.178,25.31,165.561,7766
14/11:12:40,10.1,4.49,111.17,79.321,25.31,165.572,7767
14/11:12:41,10.2,4.49,111.17,79.376,25.31,165.583,7768
14/11:12:42,10.44,4.49,111.17,79.376,25.31,165.594,7769
14/11:12:42,10.28,4.48,111.18,79.321,25.3,165.605,7770
14/11:12:43,10.03,4.48,111.18,79.299,25.3,165.616,7771
14/11:12:43,9.91,4.47,111.17,79.343,25.3,165.627,7772
14/11:12:44,9.72,4.47,111.16,79.343,25.3,165.649,7773
14/11:12:44,9.59,4.48,111.17,79.321,25.3,165.66,7774
14/11:12:45,9.64,4.47,111.21,79.211,25.3,165.671,7775
14/11:12:45,9.35,4.47,111.25,79.024,25.3,165.682,7776
14/11:12:46,8.64,4.48,111.28,78.903,25.3,165.693,7777
14/11:12:46,8.24,4.47,111.31,78.837,25.3,165.704,7778
14/11:12:47,7.62,4.48,111.36,78.815,25.3,165.726,7779
14/11:12:48,7.56,4.48,111.38,78.782,25.3,165.737,7780
14/11:12:48,7.68,4.49,111.38,78.595,25.3,165.748,7781
14/11:12:49,7.64,4.47,111.38,78.463,25.3,165.759,7782
14/11:12:49,7.63,4.46,111.37,78.408,25.3,165.77,7783
14/11:12:50,8.09,4.46,111.37,78.265,25.28,165.792,7784
14/11:12:51,8.37,4.47,111.38,78.199,25.28,165.803,7785
14/11:12:51,8.56,4.47,111.39,78.1,25.28,165.814,7786
14/11:12:52,8.66,4.46,111.39,78.067,25.28,165.825,7787
14/11:12:52,8.61,4.46,111.38,78.023,25.28,165.836,7788
14/11:12:53,8.61,4.47,111.38,77.836,25.28,165.847,7789
14/11:12:53,8.54,4.47,111.39,77.693,25.28,165.869,7790
14/11:12:54,8.33,4.45,111.39,77.627,25.28,165.869,7791
14/11:12:55,8.07,4.45,111.39,77.627,25.28,165.88,7792
14/11:12:56,7.57,4.43,111.39,77.572,25.28,165.913,7793
14/11:12:56,7.42,4.43,111.39,77.55,25.28,165.924,7794
14/11:12:57,7.4,4.42,111.39,77.495,25.28,165.935,7795
14/11:12:57,7.06,4.17,111.66,77.715,25.28,165.946,7796
14/11:12:58,6.68,3.93,111.92,77.869,25.28,165.957,7797
14/11:12:58,6.4,3.69,112.2,77.891,25.28,165.968,7798
14/11:12:59,6.14,3.47,112.47,77.803,25.28,165.979,7799
14/11:12:59,6.01,3.36,112.56,77.55,25.28,165.99,7800
14/11:13:00,6.03,3.37,112.56,77.132,25.28,166.001,7801
14/11:13:01,6.01,3.38,112.56,76.692,25.28,166.012,7802
14/11:13:01,5.9,3.37,112.56,76.516,25.28,166.023,7803
14/11:13:01,6.12,3.62,112.28,76.362,25.28,166.034,7804
14/11:13:02,6.41,3.84,112.03,76.164,25.28,166.045,7805
14/11:13:03,6.92,4.13,111.69,75.911,25.28,166.056,7806
14/11:13:03,7.75,4.38,111.4,75.856,25.28,166.067,7807
14/11:13:04,8.1,4.42,111.33,75.889,25.28,166.078,7808
14/11:13:04,8.42,4.41,111.28,75.856,25.28,166.089,7809
14/11:13:05,8.91,4.41,111.27,75.834,25.28,166.1,7810
14/11:13:05,9.62,4.42,111.23,75.746,25.28,166.111,7811
14/11:13:06,11.22,4.44,111.11,75.702,25.28,166.133,7812
14/11:13:07,11.99,4.43,111.03,75.416,25.28,166.155,7813
14/11:13:08,12.4,4.43,110.98,75.317,25.28,166.166,7814
14/11:13:08,12.82,4.44,110.94,75.449,25.27,166.177,7815
14/11:13:09,12.79,4.43,110.94,75.57,25.27,166.188,7816
14/11:13:09,12.56,4.42,110.94,75.581,25.27,166.199,7817
14/11:13:10,12.04,4.41,110.95,75.427,25.27,166.21,7818
14/11:13:11,11.51,4.41,110.99,75.284,25.27,166.221,7819
14/11:13:12,11.52,4.42,111.01,75.24,25.27,166.243,7820
14/11:13:12,11.59,4.42,111.0,75.339,25.27,166.254,7821
14/11:13:13,11.63,4.4,111.0,75.46,25.27,166.265,7822
14/11:13:13,12.06,4.41,110.97,75.471,25.26,166.276,7823
14/11:13:14,12.71,4.41,110.92,75.46,25.26,166.287,7824
14/11:13:14,13.42,4.43,110.87,75.504,25.26,166.298,7825
14/11:13:15,13.94,4.43,110.83,75.581,25.26,166.309,7826
14/11:13:15,13.85,4.43,110.8,75.691,25.26,166.32,7827
14/11:13:16,12.18,4.44,110.91,75.526,25.26,166.342,7828
14/11:13:17,11.46,4.46,110.97,75.427,25.26,166.353,7829
14/11:13:17,10.79,4.47,111.06,75.295,25.25,166.364,7830
14/11:13:18,10.41,4.46,111.08,75.295,25.25,166.375,7831
14/11:13:18,10.01,4.45,111.09,75.372,25.25,166.386,7832
14/11:13:19,9.86,4.46,111.12,75.339,25.25,166.397,7833
14/11:13:19,10.54,4.45,111.08,75.295,25.25,166.408,7834
14/11:13:20,11.78,4.45,110.99,75.427,25.25,166.408,7835
14/11:13:20,12.84,4.44,110.91,75.614,25.25,166.43,7836
14/11:13:21,13.8,4.45,110.8,75.757,25.25,166.441,7837
14/11:13:21,14.06,4.44,110.74,75.856,25.25,166.452,7838
14/11:13:22,13.73,4.43,110.77,75.9,25.25,166.463,7839
14/11:13:22,13.35,4.42,110.8,75.856,25.24,166.474,7840
14/11:13:23,12.97,4.42,110.81,75.834,25.24,166.485,7841
14/11:13:23,12.4,4.41,110.88,75.735,25.24,166.496,7842
14/11:13:25,11.72,4.42,110.94,75.691,25.24,166.518,7843
14/11:13:25,11.46,4.42,110.97,75.834,25.24,166.529,7844
14/11:13:25,11.73,4.44,110.96,75.966,25.24,166.54,7845
14/11:13:26,12.41,4.45,110.91,76.131,25.24,166.551,7846
14/11:13:27,13.36,4.46,110.81,76.263,25.23,166.573,7847
14/11:13:28,13.45,4.47,110.77,76.274,25.23,166.584,7848
14/11:13:28,12.72,4.48,110.8,76.208,25.23,166.595,7849
14/11:13:29,12.09,4.49,110.86,76.054,25.23,166.606,7850
14/11:13:30,10.85,4.48,110.99,75.691,25.23,166.628,7851
14/11:13:30,10.12,4.47,111.07,75.614,25.23,166.639,7852
14/11:13:31,9.42,4.47,111.14,75.669,25.23,166.65,7853
14/11:13:32,8.81,4.46,111.2,75.559,25.23,166.661,7854
14/11:13:32,8.85,4.47,111.23,75.328,25.22,166.672,7855
14/11:13:33,9.86,4.47,111.16,75.361,25.22,166.683,7856
14/11:13:33,10.52,4.47,111.12,75.449,25.22,166.694,7857
14/11:13:34,11.35,4.49,111.03,75.702,25.22,166.716,7858
14/11:13:35,11.74,4.5,110.98,75.823,25.22,166.716,7859
14/11:13:35,12.12,4.5,110.94,75.856,25.22,166.727,7860
14/11:13:36,12.48,4.52,110.91,75.867,25.22,166.749,7861
14/11:13:36,12.27,4.51,110.9,75.834,25.22,166.76,7862
14/11:13:37,10.65,4.51,110.99,75.79,25.21,166.782,7863
14/11:13:38,10.11,4.51,111.03,75.713,25.21,166.793,7864
14/11:13:38,9.88,4.51,111.06,75.702,25.21,166.804,7865
14/11:13:39,9.5,4.51,111.11,75.669,25.21,166.815,7866
14/11:13:39,9.19,4.52,111.16,75.735,25.21,166.826,7867
14/11:13:40,8.88,4.52,111.2,75.757,25.21,166.837,7868
14/11:13:40,8.65,4.52,111.23,75.79,25.21,166.848,7869
14/11:13:41,8.35,4.53,111.28,75.878,25.21,166.859,7870
14/11:13:41,7.98,4.53,111.32,75.922,25.21,166.87,7871
14/11:13:42,7.62,4.54,111.35,75.845,25.21,166.881,7872
14/11:13:43,7.16,4.54,111.37,75.735,25.21,166.892,7873
14/11:13:44,7.16,4.54,111.4,75.823,25.21,166.914,7874
14/11:13:44,7.1,4.55,111.4,75.977,25.21,166.925,7875
14/11:13:45,7.01,4.55,111.4,76.021,25.21,166.936,7876
14/11:13:45,7.06,4.54,111.39,76.087,25.21,166.947,7877
14/11:13:46,6.98,4.54,111.4,76.076,25.21,166.958,7878
14/11:13:46,6.92,4.52,111.4,76.065,25.21,166.969,7879
14/11:13:47,6.78,4.51,111.4,76.054,25.21,166.98,7880
14/11:13:47,6.54,4.5,111.39,76.076,25.2,166.991,7881
14/11:13:48,6.56,4.5,111.41,76.186,25.2,167.002,7882
14/11:13:48,6.52,4.5,111.43,76.164,25.2,167.024,7883
14/11:13:49,6.2,4.49,111.47,76.076,25.2,167.024,7884
14/11:13:50,5.9,4.49,111.52,76.021,25.2,167.035,7885
14/11:13:50,5.84,4.48,111.55,75.977,25.2,167.046,7886
14/11:13:51,5.74,4.48,111.56,75.966,25.2,167.068,7887
14/11:13:51,5.65,4.48,111.59,75.878,25.2,167.079,7888
14/11:13:52,5.33,4.46,111.59,75.823,25.2,167.079,7889
14/11:13:52,4.65,4.45,111.6,75.713,25.2,167.112,7890
14/11:13:53,4.79,4.46,111.56,75.57,25.2,167.123,7891
14/11:13:54,5.27,4.46,111.56,75.625,25.2,167.134,7892
14/11:13:54,5.74,4.47,111.52,75.746,25.2,167.134,7893
14/11:13:55,6.2,4.48,111.5,75.944,25.2,167.156,7894
14/11:13:55,6.95,4.49,111.45,76.263,25.2,167.178,7895
14/11:13:56,7.3,4.5,111.41,76.384,25.2,167.189,7896
14/11:13:57,7.62,4.5,111.38,76.417,25.2,167.2,7897
14/11:13:57,7.85,4.49,111.35,76.494,25.2,167.211,7898
14/11:13:58,7.79,4.48,111.33,76.67,25.2,167.222,7899
14/11:13:58,7.53,4.47,111.31,76.813,25.2,167.233,7900
14/11:13:59,7.37,4.46,111.32,76.89,25.2,167.244,7901
14/11:14:00,7.3,4.47,111.34,76.956,25.2,167.255,7902
14/11:14:00,7.18,4.47,111.34,77.22,25.2,167.277,7903
14/11:14:01,7.2,4.46,111.33,77.253,25.2,167.299,7904
14/11:14:02,7.18,4.47,111.35,77.253,25.2,167.31,7905
14/11:14:02,7.17,4.47,111.35,77.363,25.2,167.321,7906
14/11:14:03,7.19,4.47,111.36,77.429,25.2,167.332,7907
14/11:14:04,7.2,4.45,111.35,77.506,25.2,167.343,7908
14/11:14:04,7.19,4.43,111.35,77.594,25.19,167.354,7909
14/11:14:05,7.35,4.44,111.35,77.847,25.19,167.376,7910
14/11:14:06,7.49,4.44,111.35,77.935,25.19,167.387,7911
14/11:14:06,7.76,4.44,111.33,77.946,25.19,167.398,7912
14/11:14:07,8.26,4.45,111.3,77.869,25.19,167.42,7913
14/11:14:08,8.4,4.44,111.33,77.902,25.19,167.431,7914
14/11:14:08,8.31,4.18,111.6,78.122,25.19,167.442,7915
14/11:14:09,8.23,3.95,111.86,78.375,25.19,167.453,7916
14/11:14:09,8.09,3.74,112.17,78.452,25.19,167.464,7917
14/11:14:10,8.07,3.7,112.2,78.331,25.19,167.475,7918
14/11:14:10,7.88,3.69,112.22,78.122,25.19,167.486,7919
14/11:14:11,7.48,3.7,112.24,78.089,25.19,167.508,7920
14/11:14:12,7.34,3.78,112.14,78.166,25.19,167.53,7921
14/11:14:13,7.43,4.02,111.86,78.243,25.19,167.541,7922
14/11:14:13,7.48,4.25,111.6,78.375,25.19,167.552,7923
14/11:14:14,7.57,4.47,111.32,78.364,25.18,167.563,7924
14/11:14:14,7.1,4.48,111.35,78.188,25.18,167.574,7925
14/11:14:15,6.63,4.48,111.39,77.979,25.18,167.585,7926
14/11:14:15,6.07,4.38,111.53,77.814,25.18,167.596,7927
14/11:14:16,5.24,4.16,111.84,77.825,25.18,167.607,7928
14/11:14:16,4.39,3.94,112.12,77.847,25.18,167.618,7929
14/11:14:17,3.62,3.72,112.41,77.66,25.18,167.629,7930
14/11:14:18,2.01,3.33,113.0,77.308,25.18,167.651,7931
14/11:14:18,1.48,3.16,113.21,77.022,25.18,167.662,7932
14/11:14:19,1.42,3.16,113.22,76.505,25.18,167.673,7933
14/11:14:19,1.5,3.25,113.14,76.076,25.18,167.684,7934
14/11:14:20,1.84,3.48,112.89,75.724,25.18,167.695,7935
14/11:14:20,2.32,3.69,112.67,75.482,25.18,167.706,7936
14/11:14:21,2.89,3.91,112.44,75.394,25.18,167.717,7937
14/11:14:22,3.42,4.1,112.19,75.339,25.19,167.728,7938
14/11:14:22,3.86,4.31,111.93,75.284,25.19,167.739,7939
14/11:14:23,4.32,4.46,111.74,75.152,25.19,167.75,7940
14/11:14:23,4.75,4.48,111.72,75.053,25.19,167.761,7941
14/11:14:24,5.25,4.5,111.67,74.932,25.19,167.772,7942
14/11:14:24,6.48,4.55,111.62,74.965,25.18,167.794,7943
14/11:14:25,6.79,4.56,111.57,75.152,25.18,167.805,7944
14/11:14:26,7.15,4.57,111.51,75.174,25.18,167.816,7945
14/11:14:26,7.64,4.59,111.46,75.152,25.18,167.816,7946
14/11:14:27,8.19,4.62,111.41,75.064,25.18,167.827,7947
14/11:14:27,8.63,4.63,111.38,75.075,25.18,167.849,7948
14/11:14:28,9.13,4.63,111.35,75.185,25.18,167.871,7949
14/11:14:29,9.27,4.62,111.3,75.229,25.18,167.882,7950
14/11:14:30,9.61,4.62,111.28,75.218,25.18,167.893,7951
14/11:14:31,11.2,4.65,111.18,75.482,25.18,167.915,7952
14/11:14:31,11.88,4.65,111.13,75.79,25.18,167.926,7953
14/11:14:32,12.25,4.65,111.05,76.098,25.18,167.937,7954
14/11:14:32,12.56,4.63,111.0,76.318,25.17,167.948,7955
14/11:14:33,12.36,4.51,111.06,76.604,25.17,167.959,7956
14/11:14:33,11.91,4.26,111.33,76.857,25.17,167.97,7957
14/11:14:34,11.32,4.04,111.57,77.077,25.17,167.981,7958
14/11:14:34,10.17,3.77,111.92,77.11,25.17,167.992,7959
14/11:14:35,9.54,3.57,112.17,77.022,25.17,168.003,7960
14/11:14:35,9.25,3.57,112.19,76.934,25.17,168.014,7961
14/11:14:36,8.97,3.59,112.23,76.857,25.17,168.025,7962
14/11:14:36,8.83,3.6,112.27,76.89,25.17,168.036,7963
14/11:14:37,9.21,3.77,112.12,76.912,25.17,168.047,7964
14/11:14:37,9.81,4.04,111.87,76.868,25.17,168.058,7965
14/11:14:38,10.64,4.52,111.28,76.967,25.16,168.08,7966
14/11:14:39,10.52,4.65,111.16,76.868,25.16,168.091,7967
14/11:14:39,10.27,4.64,111.15,76.769,25.16,168.102,7968
14/11:14:40,10.09,4.63,111.16,76.747,25.16,168.113,7969
14/11:14:41,10.08,4.62,111.14,76.747,25.16,168.124,7970
14/11:14:41,10.47,4.63,111.12,76.824,25.16,168.146,7971
14/11:14:42,10.65,4.63,111.12,76.912,25.16,168.157,7972
14/11:14:42,10.89,4.62,111.12,76.945,25.16,168.168,7973
14/11:14:43,11.18,4.63,111.12,76.978,25.16,168.179,7974
14/11:14:44,11.36,4.63,111.13,77.0,25.15,168.19,7975
14/11:14:44,11.5,4.64,111.11,77.044,25.15,168.201,7976
14/11:14:45,11.51,4.63,111.14,77.154,25.15,168.223,7977
14/11:14:46,11.25,4.63,111.13,77.341,25.15,168.245,7978
14/11:14:46,10.99,4.62,111.13,77.385,25.15,168.245,7979
14/11:14:47,10.77,4.61,111.12,77.341,25.15,168.256,7980
14/11:14:48,10.41,4.4,111.3,77.517,25.15,168.278,7981
14/11:14:48,9.78,4.17,111.54,77.803,25.15,168.289,7982
14/11:14:49,9.35,3.94,111.79,78.089,25.15,168.3,7983
14/11:14:49,8.95,3.7,112.09,78.199,25.15,168.311,7984
14/11:14:50,8.76,3.46,112.32,78.221,25.14,168.322,7985
14/11:14:50,8.54,3.27,112.56,78.265,25.14,168.333,7986
14/11:14:51,8.17,3.15,112.76,78.122,25.14,168.355,7987
14/11:14:52,8.78,3.6,112.33,77.737,25.14,168.377,7988
14/11:14:53,8.89,3.83,112.07,77.748,25.14,168.388,7989
14/11:14:53,9.21,4.11,111.78,77.649,25.14,168.399,7990
14/11:14:54,9.15,4.33,111.53,77.594,25.14,168.41,7991
14/11:14:54,9.23,4.52,111.31,77.539,25.14,168.421,7992
14/11:14:55,9.46,4.65,111.11,77.429,25.14,168.443,7993
14/11:14:56,9.36,4.63,111.1,77.385,25.14,168.454,7994
14/11:14:57,9.44,4.61,111.1,77.451,25.13,168.476,7995
14/11:14:57,9.17,4.48,111.25,77.66,25.13,168.487,7996
14/11:14:58,8.94,4.31,111.46,77.847,25.13,168.498,7997
14/11:14:58,8.67,4.11,111.7,77.935,25.13,168.509,7998
14/11:14:59,8.42,3.94,111.9,77.968,25.13,168.52,7999
14/11:14:59,8.02,3.76,112.09,77.946,25.13,168.531,8000
14/11:15:00,8.05,3.77,112.13,77.836,25.13,168.542,8001
14/11:15:00,8.02,3.78,112.14,77.836,25.13,168.553,8002
14/11:15:01,8.07,3.78,112.13,77.913,25.13,168.575,8003
14/11:15:02,8.35,3.91,111.97,78.056,25.13,168.575,8004
14/11:15:02,8.73,4.08,111.75,78.144,25.13,168.586,8005
14/11:15:03,9.17,4.27,111.54,78.243,25.13,168.597,8006
14/11:15:03,9.76,4.48,111.31,78.452,25.13,168.608,8007
14/11:15:04,10.31,4.6,111.15,78.705,25.13,168.63,8008
14/11:15:04,10.36,4.4,111.39,79.002,25.12,168.641,8009
14/11:15:05,10.28,4.12,111.65,79.354,25.12,168.652,8010
14/11:15:05,10.06,4.05,111.74,79.431,25.12,168.663,8011
14/11:15:06,10.0,4.05,111.73,79.354,25.12,168.674,8012
14/11:15:07,9.82,4.03,111.72,79.442,25.12,168.696,8013
14/11:15:07,9.66,4.02,111.74,79.541,25.12,168.707,8014
14/11:15:08,8.48,4.23,111.54,79.42,25.12,168.729,8015
14/11:15:09,7.76,4.47,111.34,79.343,25.12,168.74,8016
14/11:15:09,7.17,4.53,111.31,79.288,25.12,168.751,8017
14/11:15:10,6.61,4.54,111.38,79.123,25.12,168.762,8018
14/11:15:11,6.11,4.53,111.45,78.958,25.12,168.773,8019
14/11:15:11,5.31,4.52,111.54,78.826,25.12,168.784,8020
14/11:15:12,4.91,4.52,111.6,78.639,25.12,168.795,8021
14/11:15:12,4.54,4.53,111.64,78.507,25.12,168.817,8022
14/11:15:13,4.42,4.54,111.66,78.375,25.12,168.828,8023
14/11:15:13,4.4,4.54,111.66,78.177,25.12,168.839,8024
14/11:15:14,4.35,4.54,111.67,78.023,25.12,168.85,8025
14/11:15:14,4.2,4.53,111.67,77.902,25.12,168.861,8026
14/11:15:15,3.9,4.54,111.68,77.726,25.12,168.872,8027
14/11:15:15,3.74,4.54,111.69,77.539,25.12,168.883,8028
14/11:15:16,3.54,4.52,111.68,77.451,25.12,168.894,8029
14/11:15:16,3.53,4.52,111.69,77.231,25.12,168.905,8030
14/11:15:17,3.56,4.52,111.68,76.945,25.12,168.916,8031
14/11:15:18,4.39,4.54,111.71,76.307,25.12,168.949,8032
14/11:15:19,4.68,4.56,111.72,76.175,25.12,168.96,8033
14/11:15:20,4.77,4.56,111.72,76.076,25.12,168.971,8034
14/11:15:20,4.75,4.56,111.73,75.57,25.12,168.993,8035
14/11:15:21,4.97,4.56,111.74,75.427,25.12,169.004,8036
14/11:15:21,4.97,4.56,111.73,75.273,25.12,169.015,8037
14/11:15:22,4.76,4.56,111.72,75.174,25.12,169.026,8038
14/11:15:23,4.36,4.53,111.72,74.91,25.12,169.037,8039
14/11:15:23,4.27,4.53,111.71,74.558,25.12,169.048,8040
14/11:15:24,4.35,4.53,111.69,74.327,25.12,169.059,8041
14/11:15:24,4.33,4.53,111.67,74.118,25.12,169.07,8042
14/11:15:25,4.28,4.53,111.68,73.832,25.12,169.081,8043
14/11:15:25,4.14,4.53,111.69,73.612,25.12,169.092,8044
14/11:15:26,4.02,4.52,111.7,73.392,25.12,169.103,8045
14/11:15:26,4.19,4.52,111.7,73.139,25.12,169.114,8046
14/11:15:27,4.84,4.52,111.67,72.897,25.12,169.125,8047
14/11:15:28,5.79,4.54,111.57,72.809,25.12,169.147,8048
14/11:15:28,6.39,4.55,111.56,72.776,25.12,169.158,8049
14/11:15:29,6.76,4.55,111.5,72.732,25.12,169.158,8050
14/11:15:29,7.4,4.55,111.46,72.732,25.12,169.18,8051
14/11:15:30,8.54,4.55,111.37,72.765,25.12,169.18,8052
14/11:15:31,9.55,4.55,111.27,72.842,25.11,169.191,8053
14/11:15:31,10.14,4.56,111.2,73.007,25.11,169.202,8054
14/11:15:32,11.07,4.56,111.12,73.139,25.11,169.213,8055
14/11:15:32,11.74,4.4,111.04,73.227,25.11,169.224,8056
14/11:15:33,12.28,3.74,110.91,73.337,25.11,169.246,8057
14/11:15:34,11.71,3.06,110.87,73.084,25.11,169.268,8058
14/11:15:34,11.11,2.72,110.89,72.974,25.11,169.279,8059
14/11:15:35,10.88,2.41,110.88,72.996,25.1,169.29,8060
14/11:15:36,10.65,2.1,110.86,73.051,25.1,169.301,8061
14/11:15:36,10.54,2.01,110.86,73.073,25.1,169.312,8062
14/11:15:38,11.18,2.48,110.82,73.04,25.1,169.334,8063
14/11:15:38,11.66,2.82,110.79,73.051,25.1,169.345,8064
14/11:15:39,12.18,3.17,110.8,73.095,25.1,169.356,8065
14/11:15:39,12.43,3.46,110.78,73.117,25.1,169.367,8066
14/11:15:40,12.62,3.76,110.8,73.095,25.09,169.378,8067
14/11:15:40,12.66,4.1,110.82,73.139,25.09,169.389,8068
14/11:15:41,12.57,4.49,110.87,73.106,25.09,169.4,8069
14/11:15:41,12.67,4.56,110.87,73.161,25.09,169.411,8070
14/11:15:42,12.59,4.56,110.87,73.128,25.09,169.422,8071
14/11:15:42,12.48,4.56,110.89,72.996,25.09,169.433,8072
14/11:15:44,12.02,4.61,110.93,72.798,25.08,169.466,8073
14/11:15:44,12.3,4.62,110.91,72.71,25.08,169.477,8074
14/11:15:45,12.5,4.61,110.9,72.787,25.08,169.488,8075
14/11:15:45,12.79,4.62,110.89,72.93,25.08,169.499,8076
14/11:15:46,12.83,4.63,110.88,73.051,25.08,169.51,8077
14/11:15:46,12.89,4.64,110.85,73.183,25.08,169.521,8078
14/11:15:47,12.9,4.63,110.83,73.304,25.08,169.532,8079
14/11:15:48,12.55,4.63,110.84,73.337,25.08,169.543,8080
14/11:15:48,12.71,4.62,110.84,73.425,25.08,169.543,8081
14/11:15:49,12.55,4.61,110.84,73.634,25.07,169.554,8082
14/11:15:49,11.9,4.62,110.87,73.81,25.07,169.565,8083
14/11:15:50,11.47,4.62,110.91,73.81,25.07,169.576,8084
14/11:15:50,11.63,4.62,110.91,73.92,25.07,169.587,8085
14/11:15:51,11.71,4.61,110.9,74.008,25.07,169.598,8086
14/11:15:51,12.06,4.61,110.86,74.107,25.07,169.609,8087
14/11:15:52,12.68,4.62,110.82,74.118,25.07,169.62,8088
14/11:15:52,13.05,4.63,110.79,74.316,25.07,169.631,8089
14/11:15:53,13.45,4.64,110.76,74.591,25.07,169.642,8090
14/11:15:54,14.23,4.64,110.71,74.756,25.06,169.653,8091
14/11:15:54,14.72,4.63,110.65,74.844,25.06,169.664,8092
14/11:15:55,14.85,4.62,110.6,74.932,25.06,169.675,8093
14/11:15:56,15.6,4.64,110.55,75.35,25.06,169.708,8094
14/11:15:57,14.92,4.63,110.56,75.537,25.05,169.73,8095
14/11:15:57,14.61,4.64,110.59,75.57,25.05,169.741,8096
14/11:15:58,14.21,4.64,110.61,75.691,25.05,169.752,8097
14/11:15:58,13.61,4.65,110.67,75.757,25.05,169.763,8098
14/11:15:59,12.64,4.64,110.75,75.724,25.05,169.774,8099
14/11:16:00,11.91,4.63,110.8,75.801,25.05,169.785,8100
14/11:16:00,11.34,4.64,110.86,75.823,25.05,169.796,8101
14/11:16:01,11.18,4.63,110.89,75.845,25.04,169.807,8102
14/11:16:03,12.35,4.67,110.82,76.065,25.04,169.851,8103
14/11:16:03,13.01,4.67,110.75,76.131,25.04,169.862,8104
14/11:16:04,13.33,4.66,110.7,76.164,25.04,169.873,8105
14/11:16:04,13.14,4.66,110.68,76.087,25.04,169.884,8106
14/11:16:05,12.55,4.65,110.7,75.889,25.04,169.895,8107
14/11:16:05,12.03,4.63,110.76,75.537,25.03,169.906,8108
14/11:16:06,11.48,4.63,110.82,75.24,25.03,169.917,8109
14/11:16:06,11.25,4.62,110.86,75.031,25.03,169.928,8110
14/11:16:07,10.83,4.59,110.89,74.965,25.03,169.939,8111
14/11:16:07,10.65,4.6,110.91,74.954,25.03,169.95,8112
14/11:16:08,11.56,4.59,110.87,74.899,25.03,169.972,8113
14/11:16:09,12.41,4.56,110.79,75.053,25.03,169.983,8114
14/11:16:10,13.23,4.57,110.7,75.328,25.03,169.994,8115
14/11:16:10,13.44,4.56,110.68,75.647,25.02,170.005,8116
14/11:16:11,13.07,4.56,110.68,75.889,25.02,170.016,8117
14/11:16:11,12.71,4.55,110.72,76.12,25.02,170.016,8118
14/11:16:12,12.24,4.55,110.76,76.263,25.02,170.027,8119
14/11:16:12,11.57,4.55,110.8,76.417,25.02,170.049,8120
14/11:16:13,10.74,4.55,110.86,76.428,25.02,170.06,8121
14/11:16:13,9.84,4.56,110.94,76.351,25.02,170.071,8122
14/11:16:14,9.39,4.56,111.04,76.175,25.02,170.104,8123
14/11:16:15,10.18,4.6,110.98,76.208,25.02,170.104,8124
14/11:16:15,10.99,4.62,110.88,76.362,25.02,170.115,8125
14/11:16:16,12.24,4.66,110.78,76.593,25.01,170.137,8126
14/11:16:16,13.53,4.66,110.71,76.681,25.01,170.148,8127
14/11:16:17,14.64,4.67,110.61,76.758,25.01,170.159,8128
14/11:16:17,15.79,4.7,110.5,76.802,25.01,170.17,8129
14/11:16:18,16.69,4.72,110.42,76.901,25.01,170.181,8130
14/11:16:18,16.97,4.7,110.38,76.956,25.01,170.192,8131
14/11:16:19,16.57,4.69,110.4,77.022,25.01,170.203,8132
14/11:16:20,15.97,4.69,110.44,77.088,25.0,170.214,8133
14/11:16:20,14.65,4.68,110.51,76.978,25.0,170.225,8134
14/11:16:21,13.28,4.69,110.62,76.703,25.0,170.236,8135
14/11:16:21,10.59,4.63,110.83,76.329,25.0,170.258,8136
14/11:16:22,9.79,4.62,110.9,76.208,25.0,170.269,8137
14/11:16:23,9.19,4.62,110.97,76.175,25.0,170.28,8138
14/11:16:23,9.16,4.63,111.0,76.208,25.0,170.291,8139
14/11:16:24,9.7,4.6,110.98,76.296,25.0,170.302,8140
14/11:16:24,10.74,4.59,110.92,76.45,24.99,170.313,8141
14/11:16:25,11.79,4.59,110.83,76.582,24.99,170.324,8142
14/11:16:25,12.88,4.62,110.75,76.758,24.99,170.335,8143
14/11:16:26,13.74,4.61,110.68,76.89,24.99,170.346,8144
14/11:16:26,13.59,4.62,110.67,76.945,24.99,170.357,8145
14/11:16:27,13.31,4.62,110.69,76.934,24.99,170.368,8146
14/11:16:28,12.74,4.62,110.73,76.923,24.99,170.379,8147
14/11:16:28,12.07,4.62,110.77,76.967,24.99,170.39,8148
14/11:16:29,11.31,4.63,110.84,76.967,24.99,170.401,8149
14/11:16:29,10.55,4.63,110.89,77.077,24.98,170.412,8150
14/11:16:30,9.84,4.61,110.95,77.352,24.98,170.423,8151
14/11:16:30,9.47,4.64,111.01,77.704,24.98,170.445,8152
14/11:16:31,9.47,4.64,111.03,77.858,24.98,170.456,8153
14/11:16:31,9.4,4.62,111.05,77.935,24.98,170.467,8154
14/11:16:32,9.17,4.63,111.09,78.067,24.98,170.478,8155
14/11:16:33,8.91,4.64,111.11,78.056,24.98,170.489,8156
14/11:16:34,7.14,4.63,111.27,78.364,24.98,170.533,8157
14/11:16:35,6.68,4.63,111.28,78.408,24.98,170.544,8158
14/11:16:36,6.36,4.63,111.3,78.496,24.98,170.555,8159
14/11:16:36,6.12,4.63,111.31,78.694,24.98,170.566,8160
14/11:16:37,5.98,4.62,111.33,78.804,24.98,170.588,8161
14/11:16:37,6.02,4.62,111.33,78.958,24.98,170.599,8162
14/11:16:38,6.25,4.62,111.31,79.046,24.98,170.61,8163
14/11:16:39,6.72,4.62,111.27,79.178,24.97,170.632,8164
14/11:16:39,6.71,4.63,111.28,79.2,24.97,170.643,8165
14/11:16:40,6.7,4.64,111.28,79.277,24.97,170.654,8166
14/11:16:40,6.69,4.63,111.28,79.321,24.97,170.665,8167
14/11:16:41,6.84,4.64,111.27,79.332,24.97,170.676,8168
14/11:16:41,7.05,4.65,111.27,79.321,24.97,170.687,8169
14/11:16:42,6.98,4.65,111.28,79.266,24.97,170.698,8170
14/11:16:43,6.69,4.65,111.31,79.156,24.97,170.709,8171
14/11:16:43,6.52,4.65,111.32,79.079,24.97,170.72,8172
14/11:16:44,6.55,4.64,111.32,79.057,24.97,170.731,8173
14/11:16:45,6.98,4.63,111.32,78.87,24.97,170.753,8174
14/11:16:45,6.92,4.62,111.34,78.694,24.97,170.764,8175
14/11:16:46,6.42,4.62,111.38,78.54,24.97,170.775,8176
14/11:16:46,5.87,4.61,111.42,78.408,24.97,170.786,8177
14/11:16:47,5.46,4.61,111.46,78.287,24.97,170.797,8178
14/11:16:47,4.97,4.48,111.61,78.177,24.97,170.808,8179
14/11:16:48,4.23,4.2,111.88,78.144,24.97,170.83,8180
14/11:16:48,3.37,3.99,112.16,78.155,24.97,170.841,8181
14/11:16:49,2.41,3.72,112.47,77.99,24.97,170.852,8182
14/11:16:49,1.65,3.51,112.77,77.836,24.97,170.863,8183
14/11:16:50,1.16,3.26,113.02,77.605,24.97,170.874,8184
14/11:16:51,0.89,3.09,113.19,77.264,24.97,170.885,8185
14/11:16:51,0.88,3.08,113.19,76.857,24.97,170.896,8186
14/11:16:52,1.61,3.24,113.04,76.494,24.97,170.907,8187
14/11:16:53,2.9,3.5,112.76,76.373,24.97,170.918,8188
14/11:16:53,4.07,3.72,112.43,76.318,24.97,170.929,8189
14/11:16:54,5.06,4.02,112.11,76.23,24.97,170.94,8190
14/11:16:54,6.05,4.23,111.83,76.164,24.97,170.951,8191
14/11:16:55,6.92,4.46,111.55,76.109,24.97,170.962,8192
14/11:16:55,7.57,4.63,111.33,76.021,24.97,170.973,8193
14/11:16:56,7.94,4.65,111.28,75.889,24.97,170.984,8194
14/11:16:56,7.79,4.64,111.28,75.779,24.97,170.995,8195
14/11:16:57,7.31,4.63,111.31,75.691,24.97,171.006,8196
14/11:16:57,6.96,4.63,111.34,75.592,24.97,171.017,8197
14/11:16:58,6.93,4.62,111.34,75.493,24.97,171.028,8198
14/11:16:58,7.05,4.63,111.35,75.471,24.97,171.039,8199
14/11:16:59,7.2,4.64,111.33,75.46,24.97,171.05,8200
14/11:16:59,7.33,4.63,111.32,75.427,24.97,171.061,8201
14/11:17:00,7.31,4.62,111.33,75.383,24.97,171.072,8202
14/11:17:00,7.5,4.62,111.33,75.328,24.97,171.083,8203
14/11:17:01,7.78,4.63,111.32,75.317,24.97,171.094,8204
14/11:17:01,7.98,4.62,111.31,75.328,24.97,171.105,8205
14/11:17:02,7.91,4.6,111.27,75.548,24.96,171.116,8206
14/11:17:03,7.9,4.6,111.28,75.713,24.96,171.127,8207
14/11:17:03,7.95,4.6,111.27,75.768,24.96,171.149,8208
14/11:17:04,8.19,4.59,111.26,75.834,24.96,171.16,8209
14/11:17:04,8.22,4.59,111.24,75.867,24.96,171.171,8210
14/11:17:05,8.25,4.59,111.23,75.966,24.96,171.182,8211
14/11:17:06,8.54,4.62,111.25,76.175,24.96,171.204,8212
14/11:17:07,8.74,4.63,111.26,76.274,24.96,171.226,8213
14/11:17:07,8.85,4.63,111.25,76.329,24.96,171.237,8214
14/11:17:08,8.91,4.63,111.24,76.384,24.96,171.248,8215
14/11:17:08,8.85,4.61,111.25,76.373,24.96,171.259,8216
14/11:17:09,8.63,4.61,111.23,76.263,24.96,171.27,8217
14/11:17:10,8.53,4.61,111.21,76.252,24.96,171.281,8218
14/11:17:10,8.56,4.6,111.2,76.296,24.96,171.292,8219
14/11:17:11,8.64,4.59,111.2,76.351,24.96,171.303,8220
14/11:17:11,8.79,4.6,111.19,76.417,24.96,171.314,8221
14/11:17:12,8.91,4.6,111.19,76.494,24.95,171.325,8222
14/11:17:12,9.0,4.6,111.17,76.582,24.95,171.336,8223
14/11:17:13,9.15,4.61,111.16,76.758,24.95,171.358,8224
14/11:17:14,9.06,4.6,111.16,76.791,24.95,171.369,8225
14/11:17:14,8.85,4.6,111.14,76.835,24.95,171.38,8226
14/11:17:15,8.66,4.6,111.13,76.901,24.95,171.391,8227
14/11:17:15,8.45,4.57,111.15,76.912,24.95,171.402,8228
14/11:17:16,8.19,4.56,111.16,76.978,24.95,171.413,8229
14/11:17:16,8.09,4.56,111.17,77.044,24.95,171.424,8230
14/11:17:17,7.92,4.55,111.18,77.121,24.95,171.435,8231
14/11:17:18,7.83,4.55,111.17,77.132,24.95,171.446,8232
14/11:17:18,7.71,4.53,111.19,77.033,24.95,171.468,8233
14/11:17:19,7.67,4.52,111.2,77.0,24.95,171.479,8234
14/11:17:19,7.77,4.56,111.18,77.0,24.95,171.49,8235
14/11:17:20,7.81,4.54,111.18,77.033,24.95,171.501,8236
14/11:17:20,7.83,4.55,111.17,77.022,24.94,171.512,8237
14/11:17:21,7.87,4.55,111.17,77.011,24.94,171.523,8238
14/11:17:21,7.9,4.56,111.17,77.066,24.94,171.534,8239
14/11:17:22,7.9,4.57,111.18,77.099,24.94,171.556,8240
14/11:17:23,7.87,4.57,111.18,77.154,24.94,171.567,8241
14/11:17:23,7.91,4.6,111.18,77.198,24.94,171.578,8242
14/11:17:24,7.77,4.57,111.18,77.242,24.94,171.589,8243
14/11:17:25,7.69,4.61,111.18,77.385,24.94,171.611,8244
14/11:17:25,7.69,4.63,111.18,77.385,24.94,171.622,8245
14/11:17:26,7.82,4.63,111.18,77.451,24.94,171.633,8246
14/11:17:26,7.97,4.64,111.17,77.462,24.94,171.644,8247
14/11:17:27,8.16,4.65,111.18,77.484,24.94,171.655,8248
14/11:17:27,8.44,4.65,111.17,77.55,24.94,171.666,8249
14/11:17:28,8.56,4.66,111.17,77.528,24.94,171.677,8250
14/11:17:29,8.8,4.66,111.15,77.528,24.94,171.688,8251
14/11:17:29,8.98,4.66,111.16,77.583,24.94,171.699,8252
14/11:17:30,9.02,4.66,111.17,77.616,24.94,171.721,8253
14/11:17:30,8.92,4.65,111.17,77.594,24.93,171.732,8254
14/11:17:31,8.75,4.62,111.17,77.605,24.93,171.743,8255
14/11:17:32,8.48,4.61,111.17,77.66,24.93,171.754,8256
14/11:17:32,8.35,4.61,111.16,77.693,24.93,171.765,8257
14/11:17:33,7.98,4.59,111.18,77.759,24.93,171.787,8258
14/11:17:34,7.83,4.57,111.17,77.726,24.93,171.798,8259
14/11:17:34,7.67,4.56,111.16,77.737,24.93,171.809,8260
14/11:17:35,7.62,4.57,111.17,77.803,24.93,171.82,8261
14/11:17:35,7.71,4.6,111.18,77.814,24.93,171.831,8262
14/11:17:36,7.73,4.61,111.2,77.781,24.93,171.842,8263
14/11:17:36,7.77,4.61,111.2,77.671,24.93,171.853,8264
14/11:17:37,7.74,4.6,111.2,77.627,24.93,171.864,8265
14/11:17:37,7.98,4.61,111.2,77.66,24.93,171.875,8266
14/11:17:38,8.34,4.57,111.18,77.572,24.93,171.886,8267
14/11:17:38,8.59,4.59,111.17,77.462,24.93,171.908,8268
14/11:17:39,8.71,4.57,111.15,77.495,24.93,171.908,8269
14/11:17:40,8.83,4.57,111.16,77.528,24.93,171.908,8270
14/11:17:40,8.86,4.57,111.14,77.473,24.93,171.941,8271
14/11:17:41,8.87,4.59,111.12,77.44,24.92,171.963,8272
14/11:17:41,8.54,4.61,111.14,77.385,24.92,171.974,8273
14/11:17:42,8.21,4.63,111.16,77.308,24.92,171.985,8274
14/11:17:43,8.27,4.61,111.17,77.297,24.92,171.996,8275
14/11:17:43,8.51,4.62,111.16,77.341,24.92,172.007,8276
14/11:17:44,8.78,4.63,111.17,77.308,24.92,172.018,8277
14/11:17:44,9.05,4.64,111.17,77.231,24.92,172.029,8278
14/11:17:45,9.26,4.65,111.17,77.121,24.92,172.04,8279
14/11:17:45,9.61,4.66,111.18,76.989,24.92,172.051,8280
14/11:17:46,9.91,4.68,111.18,76.912,24.92,172.062,8281
14/11:17:46,10.1,4.7,111.16,76.956,24.92,172.073,8282
14/11:17:47,10.05,4.71,111.15,76.945,24.92,172.084,8283
14/11:17:48,9.77,4.71,111.17,76.879,24.92,172.095,8284
14/11:17:48,9.36,4.69,111.16,76.802,24.92,172.106,8285
14/11:17:49,9.0,4.68,111.16,76.747,24.91,172.117,8286
14/11:17:49,8.46,4.67,111.14,76.615,24.91,172.139,8287
14/11:17:50,8.32,4.66,111.14,76.549,24.91,172.15,8288
14/11:17:51,8.18,4.66,111.15,76.483,24.91,172.161,8289
14/11:17:51,8.23,4.65,111.16,76.516,24.91,172.172,8290
14/11:17:52,8.39,4.66,111.12,76.439,24.91,172.183,8291
14/11:17:52,8.63,4.67,111.13,76.395,24.91,172.194,8292
14/11:17:53,8.92,4.66,111.14,76.34,24.91,172.216,8293
14/11:17:54,9.01,4.67,111.15,76.34,24.91,172.216,8294
14/11:17:54,8.96,4.66,111.14,76.285,24.91,172.227,8295
14/11:17:55,8.97,4.66,111.13,76.252,24.91,172.249,8296
14/11:17:56,8.66,4.64,111.14,76.263,24.91,172.271,8297
14/11:17:57,8.69,4.62,111.14,76.373,24.91,172.293,8298
14/11:17:57,8.65,4.62,111.14,76.428,24.9,172.304,8299
14/11:17:58,8.61,4.61,111.14,76.417,24.9,172.315,8300
14/11:17:58,8.53,4.59,111.15,76.395,24.9,172.326,8301
14/11:17:59,8.46,4.59,111.15,76.395,24.9,172.337,8302
14/11:18:00,8.48,4.59,111.17,76.34,24.9,172.348,8303
14/11:18:00,8.46,4.59,111.17,76.285,24.9,172.359,8304
14/11:18:01,8.23,4.57,111.16,76.208,24.9,172.37,8305
14/11:18:01,7.98,4.57,111.16,76.098,24.9,172.381,8306
14/11:18:02,7.92,4.59,111.17,75.988,24.9,172.392,8307
14/11:18:02,7.99,4.6,111.17,75.955,24.9,172.403,8308
14/11:18:03,8.19,4.63,111.16,75.988,24.9,172.414,8309
14/11:18:03,8.43,4.65,111.16,75.999,24.9,172.425,8310
14/11:18:04,8.72,4.66,111.16,76.021,24.9,172.436,8311
14/11:18:04,8.85,4.68,111.15,76.021,24.9,172.447,8312
14/11:18:06,8.81,4.67,111.16,76.054,24.9,172.48,8313
14/11:18:07,8.62,4.65,111.16,75.911,24.89,172.502,8314
14/11:18:07,8.53,4.64,111.14,75.9,24.89,172.513,8315
14/11:18:08,8.46,4.63,111.15,75.944,24.89,172.524,8316
14/11:18:08,8.67,4.62,111.15,75.977,24.89,172.535,8317
14/11:18:09,8.84,4.62,111.14,75.988,24.89,172.546,8318
14/11:18:09,8.94,4.63,111.15,76.032,24.89,172.557,8319
14/11:18:10,9.03,4.63,111.14,76.043,24.89,172.568,8320
14/11:18:11,9.06,4.62,111.14,76.032,24.89,172.579,8321
14/11:18:11,8.96,4.61,111.13,75.944,24.89,172.59,8322
14/11:18:12,8.72,4.61,111.14,75.878,24.89,172.623,8323
14/11:18:13,8.7,4.61,111.14,75.867,24.89,172.623,8324
14/11:18:13,8.78,4.61,111.15,75.834,24.89,172.634,8325
14/11:18:14,8.81,4.61,111.14,75.911,24.89,172.645,8326
14/11:18:14,9.09,4.61,111.11,75.856,24.89,172.667,8327
14/11:18:15,9.59,4.62,111.04,75.856,24.88,172.678,8328
14/11:18:16,9.83,4.63,111.01,75.911,24.88,172.7,8329
14/11:18:16,10.1,4.66,110.98,75.933,24.88,172.711,8330
14/11:18:17,10.31,4.65,110.94,76.021,24.88,172.722,8331
14/11:18:17,10.67,4.64,110.92,76.098,24.88,172.722,8332
14/11:18:18,11.18,4.66,110.89,76.12,24.88,172.744,8333
14/11:18:18,11.45,4.66,110.89,76.263,24.88,172.755,8334
14/11:18:19,11.61,4.66,110.89,76.384,24.88,172.766,8335
14/11:18:20,11.78,4.67,110.89,76.428,24.88,172.777,8336
14/11:18:20,11.77,4.65,110.87,76.45,24.88,172.788,8337
14/11:18:21,11.68,4.64,110.87,76.483,24.87,172.799,8338
14/11:18:21,11.56,4.64,110.87,76.45,24.87,172.81,8339
14/11:18:22,11.37,4.63,110.87,76.461,24.87,172.821,8340
14/11:18:22,11.39,4.63,110.88,76.593,24.87,172.832,8341
14/11:18:23,11.63,4.62,110.88,76.736,24.87,172.843,8342
14/11:18:23,11.73,4.63,110.88,76.747,24.87,172.854,8343
14/11:18:24,11.66,4.62,110.9,76.714,24.87,172.865,8344
14/11:18:24,11.62,4.62,110.91,76.791,24.87,172.876,8345
14/11:18:25,11.5,4.63,110.91,76.813,24.87,172.887,8346
14/11:18:25,11.35,4.63,110.9,76.901,24.87,172.898,8347
14/11:18:26,11.13,4.62,110.91,76.89,24.86,172.909,8348
14/11:18:26,10.71,4.62,110.91,76.956,24.86,172.92,8349
14/11:18:27,10.34,4.62,110.92,77.0,24.86,172.931,8350
14/11:18:28,10.2,4.61,110.91,77.033,24.86,172.942,8351
14/11:18:28,10.21,4.61,110.9,77.099,24.86,172.953,8352
14/11:18:29,10.18,4.61,110.9,77.132,24.86,172.964,8353
14/11:18:29,10.17,4.57,110.91,77.044,24.86,172.975,8354
14/11:18:30,10.2,4.57,110.92,76.945,24.86,172.986,8355
14/11:18:30,10.38,4.6,110.92,76.956,24.86,172.997,8356
14/11:18:31,10.75,4.57,110.94,77.121,24.86,173.008,8357
14/11:18:32,10.82,4.59,110.94,77.242,24.86,173.03,8358
14/11:18:32,10.9,4.59,110.95,77.253,24.85,173.041,8359
14/11:18:33,10.94,4.59,110.95,77.242,24.85,173.052,8360
14/11:18:33,10.84,4.57,110.93,77.187,24.85,173.063,8361
14/11:18:34,10.71,4.56,110.92,77.044,24.85,173.085,8362
14/11:18:35,10.44,4.56,110.9,76.989,24.85,173.107,8363
14/11:18:36,10.27,4.54,110.91,77.033,24.85,173.118,8364
14/11:18:36,10.18,4.54,110.9,77.033,24.85,173.129,8365
14/11:18:37,10.3,4.55,110.9,77.044,24.85,173.14,8366
14/11:18:37,10.4,4.56,110.91,77.044,24.85,173.151,8367
14/11:18:38,10.6,4.57,110.89,77.022,24.84,173.162,8368
14/11:18:38,10.6,4.56,110.89,77.022,24.84,173.173,8369
14/11:18:39,10.57,4.55,110.88,77.055,24.84,173.184,8370
14/11:18:40,10.56,4.55,110.87,76.934,24.84,173.206,8371
14/11:18:40,10.28,4.25,111.12,77.132,24.84,173.217,8372
14/11:18:41,9.79,4.06,111.37,77.33,24.84,173.228,8373
14/11:18:42,9.3,3.85,111.62,77.484,24.84,173.239,8374
14/11:18:42,8.77,3.61,111.89,77.418,24.84,173.25,8375
14/11:18:43,8.36,3.34,112.13,77.451,24.84,173.272,8376
14/11:18:43,8.03,3.22,112.28,77.451,24.84,173.283,8377
14/11:18:44,7.97,3.23,112.26,77.253,24.83,173.305,8378
14/11:18:45,8.22,3.51,112.02,77.231,24.83,173.316,8379
14/11:18:45,8.56,3.71,111.75,77.198,24.83,173.316,8380
14/11:18:46,9.19,4.14,111.24,77.341,24.83,173.349,8381
14/11:18:47,9.44,4.35,111.05,77.506,24.83,173.36,8382
14/11:18:47,9.34,4.28,111.12,77.781,24.83,173.371,8383
14/11:18:48,9.03,4.08,111.38,77.946,24.83,173.382,8384
14/11:18:48,8.75,3.87,111.63,78.012,24.83,173.393,8385
14/11:18:50,8.38,3.6,111.9,77.968,24.83,173.415,8386
14/11:18:50,8.41,3.61,111.88,77.781,24.83,173.426,8387
14/11:18:51,8.84,3.74,111.77,77.792,24.83,173.448,8388
14/11:18:52,9.19,3.96,111.51,77.77,24.82,173.459,8389
14/11:18:52,9.49,4.17,111.26,77.825,24.82,173.47,8390
14/11:18:53,9.85,4.42,111.04,77.902,24.82,173.481,8391
14/11:18:53,10.18,4.59,110.84,77.946,24.82,173.492,8392
14/11:18:54,10.38,4.59,110.84,77.935,24.82,173.503,8393
14/11:18:54,10.62,4.59,110.84,77.946,24.82,173.514,8394
14/11:18:55,10.91,4.57,110.85,77.935,24.82,173.525,8395
14/11:18:55,11.14,4.57,110.83,77.836,24.82,173.536,8396
14/11:18:56,11.41,4.6,110.84,77.759,24.82,173.547,8397
14/11:18:57,11.62,4.6,110.85,77.715,24.82,173.558,8398
14/11:18:57,11.72,4.6,110.85,77.704,24.82,173.569,8399
14/11:18:58,11.66,4.57,110.85,77.726,24.81,173.58,8400
14/11:18:58,11.48,4.57,110.84,77.77,24.81,173.591,8401
14/11:18:59,11.22,4.56,110.85,77.77,24.81,173.602,8402
14/11:18:59,10.88,4.56,110.84,77.726,24.81,173.624,8403
14/11:19:00,10.47,4.55,110.84,77.803,24.81,173.635,8404
14/11:19:00,10.21,4.53,110.83,77.858,24.81,173.646,8405
14/11:19:02,9.71,4.51,110.81,77.88,24.81,173.679,8406
14/11:19:02,9.77,4.52,110.81,77.88,24.81,173.69,8407
14/11:19:03,9.9,4.54,110.8,77.957,24.81,173.701,8408
14/11:19:03,9.96,4.54,110.83,77.99,24.81,173.712,8409
14/11:19:04,10.07,4.55,110.84,78.045,24.8,173.723,8410
14/11:19:04,10.24,4.56,110.85,78.067,24.8,173.734,8411
14/11:19:05,10.48,4.61,110.84,77.99,24.8,173.756,8412
14/11:19:06,10.56,4.6,110.82,78.034,24.8,173.778,8413
14/11:19:07,10.55,4.57,110.8,78.034,24.8,173.8,8414
14/11:19:08,10.23,4.56,110.81,77.99,24.8,173.811,8415
14/11:19:09,9.89,4.56,110.83,77.891,24.8,173.822,8416
14/11:19:10,9.24,4.53,110.9,77.737,24.8,173.844,8417
14/11:19:10,8.97,4.54,110.95,77.66,24.79,173.855,8418
14/11:19:11,8.83,4.54,110.99,77.627,24.79,173.866,8419
14/11:19:11,8.6,4.55,111.03,77.649,24.79,173.877,8420
14/11:19:12,8.43,4.56,111.06,77.572,24.79,173.888,8421
14/11:19:12,8.42,4.56,111.08,77.451,24.79,173.899,8422
14/11:19:13,8.39,4.56,111.09,77.407,24.79,173.91,8423
14/11:19:13,8.45,4.56,111.1,77.374,24.79,173.921,8424
14/11:19:14,8.41,4.56,111.09,77.132,24.79,173.932,8425
14/11:19:14,8.24,4.55,111.1,76.945,24.79,173.943,8426
14/11:19:15,8.0,4.53,111.09,76.824,24.79,173.954,8427
14/11:19:16,7.6,4.51,111.09,76.593,24.79,173.976,8428
14/11:19:16,7.46,4.49,111.09,76.428,24.79,173.987,8429
14/11:19:17,7.46,4.49,111.09,76.307,24.79,174.009,8430
14/11:19:18,7.56,4.49,111.09,76.153,24.79,174.009,8431
14/11:19:18,7.56,4.5,111.09,76.01,24.79,174.042,8432
14/11:19:19,7.52,4.49,111.08,75.834,24.79,174.053,8433
14/11:19:19,7.49,4.49,111.07,75.713,24.79,174.053,8434
14/11:19:20,7.5,4.48,111.08,75.526,24.78,174.075,8435
14/11:19:21,7.75,4.49,111.09,75.493,24.78,174.086,8436
14/11:19:21,7.69,4.46,111.1,75.339,24.78,174.097,8437
14/11:19:22,7.4,4.44,111.1,75.174,24.78,174.108,8438
14/11:19:22,7.43,4.43,111.09,75.031,24.78,174.108,8439
14/11:19:23,7.67,4.44,111.1,74.866,24.78,174.108,8440
14/11:19:23,7.91,4.44,111.11,74.756,24.78,174.141,8441
14/11:19:24,7.94,4.43,111.11,74.668,24.78,174.152,8442
14/11:19:24,7.97,4.42,111.11,74.459,24.78,174.152,8443
14/11:19:25,8.02,4.42,111.1,74.272,24.78,174.174,8444
14/11:19:26,8.13,4.41,111.09,74.151,24.78,174.185,8445
14/11:19:27,7.95,4.4,111.1,74.03,24.78,174.196,8446
14/11:19:27,7.76,4.38,111.1,73.843,24.78,174.218,8447
14/11:19:28,7.72,4.37,111.11,73.733,24.78,174.229,8448
14/11:19:29,7.83,4.37,111.12,73.656,24.78,174.24,8449
14/11:19:29,7.59,4.36,111.12,73.579,24.78,174.251,8450
14/11:19:30,7.66,4.35,111.11,73.194,24.78,174.273,8451
14/11:19:31,7.84,4.34,111.1,72.952,24.77,174.284,8452
14/11:19:31,7.69,4.34,111.09,72.688,24.77,174.295,8453
14/11:19:32,7.9,4.35,111.09,72.391,24.77,174.306,8454
14/11:19:32,7.92,4.35,111.09,72.248,24.77,174.317,8455
14/11:19:33,7.79,4.35,111.1,72.16,24.77,174.328,8456
14/11:19:33,7.85,4.35,111.1,71.841,24.77,174.339,8457
14/11:19:34,8.11,4.35,111.1,71.588,24.77,174.35,8458
14/11:19:34,7.88,4.34,111.11,71.346,24.77,174.361,8459
14/11:19:35,7.96,4.33,111.11,71.115,24.77,174.372,8460
14/11:19:36,7.83,4.32,111.1,70.917,24.77,174.383,8461
14/11:19:36,7.88,4.32,111.12,70.708,24.77,174.394,8462
14/11:19:37,7.86,4.3,111.11,70.334,24.77,174.416,8463
14/11:19:37,7.84,4.3,111.12,70.048,24.77,174.416,8464
14/11:19:38,7.72,4.28,111.12,69.828,24.77,174.427,8465
14/11:19:39,7.89,4.28,111.12,69.52,24.77,174.427,8466
14/11:19:39,8.48,4.28,111.07,69.3,24.77,174.449,8467
14/11:19:40,9.28,4.25,110.99,69.234,24.77,174.46,8468
14/11:19:40,10.03,4.26,110.92,69.135,24.76,174.471,8469
14/11:19:41,12.93,4.27,110.64,69.234,24.76,174.493,8470
14/11:19:41,13.99,4.28,110.53,69.179,24.76,174.504,8471
14/11:19:42,14.41,4.28,110.48,69.157,24.76,174.515,8472
14/11:19:43,13.64,4.28,110.5,68.981,24.76,174.526,8473
14/11:19:43,12.14,4.32,110.64,68.684,24.76,174.537,8474
14/11:19:44,10.34,4.33,110.78,68.211,24.76,174.548,8475
14/11:19:44,8.42,4.32,110.95,67.661,24.76,174.559,8476
14/11:19:45,5.95,4.31,111.2,67.133,24.75,174.559,8477
14/11:19:45,5.1,4.31,111.3,66.803,24.75,174.57,8478
14/11:19:46,5.48,4.3,111.3,66.715,24.75,174.581,8479
14/11:19:47,6.34,4.31,111.23,66.814,24.75,174.592,8480
14/11:19:47,8.34,4.33,111.09,67.089,24.75,174.603,8481
14/11:19:48,10.45,4.35,110.91,67.298,24.75,174.614,8482
14/11:19:48,12.25,4.35,110.72,67.43,24.75,174.625,8483
14/11:19:49,13.65,4.36,110.56,67.617,24.75,174.636,8484
14/11:19:49,15.03,4.36,110.45,67.749,24.75,174.647,8485
14/11:19:50,13.76,4.35,110.52,67.694,24.75,174.658,8486
14/11:19:51,10.35,4.32,110.79,67.408,24.74,174.691,8487
14/11:19:52,9.79,4.33,110.86,67.386,24.74,174.702,8488
14/11:19:53,9.65,4.32,110.89,67.386,24.74,174.713,8489
14/11:19:53,9.69,4.34,110.88,67.452,24.74,174.724,8490
14/11:19:54,10.16,4.35,110.85,67.595,24.74,174.735,8491
14/11:19:54,10.79,4.37,110.79,67.782,24.74,174.735,8492
14/11:19:55,11.49,4.37,110.74,68.079,24.74,174.757,8493
14/11:19:56,12.85,4.39,110.63,68.618,24.74,174.768,8494
14/11:19:56,13.0,4.4,110.6,68.75,24.73,174.779,8495
14/11:19:57,12.09,4.38,110.65,68.992,24.73,174.801,8496
14/11:19:58,11.71,4.38,110.69,69.091,24.73,174.812,8497
14/11:19:58,11.05,4.38,110.73,69.157,24.73,174.823,8498
14/11:19:59,10.55,4.37,110.77,69.212,24.73,174.834,8499
14/11:19:59,10.54,4.35,110.77,69.377,24.73,174.845,8500
14/11:20:00,10.6,4.34,110.78,69.597,24.73,174.856,8501
14/11:20:01,10.92,4.34,110.75,69.905,24.73,174.867,8502
14/11:20:01,11.34,4.33,110.73,70.07,24.72,174.867,8503
14/11:20:02,11.84,4.33,110.71,70.268,24.72,174.878,8504
14/11:20:02,12.1,4.2,110.78,70.565,24.72,174.889,8505
14/11:20:03,12.42,3.99,110.93,70.972,24.72,174.9,8506
14/11:20:03,12.54,3.78,111.11,71.291,24.72,174.911,8507
14/11:20:04,12.28,3.55,111.35,71.599,24.72,174.922,8508
14/11:20:04,11.87,3.32,111.56,71.83,24.72,174.933,8509
14/11:20:05,11.45,3.04,111.81,72.061,24.72,174.944,8510
14/11:20:05,11.03,2.86,112.01,72.237,24.72,174.955,8511
14/11:20:06,10.95,2.8,112.11,72.6,24.71,174.977,8512
14/11:20:07,11.57,3.19,111.66,72.655,24.71,174.999,8513
14/11:20:08,11.82,3.44,111.41,72.831,24.71,175.01,8514
14/11:20:08,12.22,3.64,111.21,72.908,24.71,175.021,8515
14/11:20:09,12.56,3.86,110.97,73.018,24.71,175.032,8516
14/11:20:09,12.9,4.06,110.74,73.117,24.71,175.043,8517
14/11:20:10,13.25,4.26,110.52,73.216,24.7,175.054,8518
14/11:20:11,13.26,4.27,110.49,73.414,24.7,175.065,8519
14/11:20:11,13.27,4.27,110.47,73.634,24.7,175.076,8520
14/11:20:12,13.32,4.3,110.47,73.953,24.7,175.098,8521
14/11:20:13,13.32,4.3,110.46,74.217,24.7,175.109,8522
14/11:20:13,13.23,4.28,110.47,74.393,24.7,175.12,8523
14/11:20:14,13.24,4.34,110.47,74.591,24.69,175.131,8524
14/11:20:14,13.3,4.35,110.47,74.734,24.69,175.142,8525
14/11:20:15,13.46,4.36,110.48,75.031,24.69,175.153,8526
14/11:20:15,13.49,4.37,110.48,75.262,24.69,175.153,8527
14/11:20:17,13.16,4.36,110.46,75.504,24.69,175.186,8528
14/11:20:17,13.11,4.35,110.44,75.724,24.69,175.208,8529
14/11:20:18,13.21,4.31,110.44,75.834,24.68,175.208,8530
14/11:20:18,13.16,4.31,110.44,76.032,24.68,175.23,8531
14/11:20:19,13.21,4.31,110.44,76.186,24.68,175.241,8532
14/11:20:19,13.36,4.28,110.43,76.472,24.68,175.252,8533
14/11:20:20,13.42,4.27,110.44,76.714,24.68,175.263,8534
14/11:20:21,13.27,4.27,110.45,76.802,24.68,175.274,8535
14/11:20:21,12.54,4.26,110.5,76.879,24.68,175.285,8536
14/11:20:22,11.72,4.26,110.56,76.824,24.68,175.296,8537
14/11:20:22,9.81,4.28,110.74,76.615,24.67,175.318,8538
14/11:20:23,8.53,4.28,110.85,76.56,24.67,175.329,8539
14/11:20:23,7.12,4.28,110.96,76.439,24.67,175.34,8540
14/11:20:24,5.94,4.28,111.1,76.263,24.67,175.351,8541
14/11:20:25,5.0,4.27,111.19,76.098,24.67,175.362,8542
14/11:20:25,4.74,4.27,111.24,76.01,24.67,175.373,8543
14/11:20:26,4.2,4.26,111.33,75.955,24.67,175.395,8544
14/11:20:27,3.54,4.26,111.39,75.867,24.67,175.406,8545
14/11:20:27,3.11,4.26,111.44,75.724,24.67,175.417,8546
14/11:20:28,2.7,4.26,111.5,75.405,24.67,175.428,8547
14/11:20:28,2.38,4.28,111.54,75.097,24.67,175.439,8548
14/11:20:29,1.94,4.28,111.6,74.877,24.67,175.45,8549
14/11:20:29,1.4,4.28,111.65,74.624,24.67,175.461,8550
14/11:20:30,0.8,4.28,111.69,74.536,24.67,175.472,8551
14/11:20:31,0.53,4.28,111.73,74.382,24.67,175.483,8552
14/11:20:32,0.59,4.3,111.73,73.733,24.67,175.505,8553
14/11:20:32,0.64,4.3,111.73,73.502,24.68,175.516,8554
14/11:20:33,0.71,4.31,111.73,73.359,24.68,175.516,8555
14/11:20:33,0.84,4.31,111.71,73.216,24.68,175.527,8556
14/11:20:34,1.42,4.31,111.67,73.029,24.68,175.549,8557
14/11:20:34,2.13,4.31,111.6,72.996,24.68,175.56,8558
14/11:20:35,3.03,4.32,111.54,72.952,24.68,175.571,8559
14/11:20:35,3.96,4.33,111.47,72.952,24.68,175.582,8560
14/11:20:36,4.62,4.33,111.4,72.963,24.68,175.593,8561
14/11:20:36,5.39,4.34,111.33,72.875,24.68,175.593,8562
14/11:20:37,7.23,4.35,111.19,72.93,24.68,175.615,8563
14/11:20:39,8.24,4.36,111.09,73.216,24.68,175.637,8564
14/11:20:39,8.48,4.35,111.04,73.381,24.67,175.648,8565
14/11:20:40,8.76,4.35,111.0,73.425,24.67,175.659,8566
14/11:20:40,9.3,4.35,110.96,73.469,24.67,175.67,8567
14/11:20:41,9.52,4.34,110.92,73.623,24.67,175.681,8568
14/11:20:41,9.66,4.34,110.88,73.645,24.67,175.692,8569
14/11:20:42,9.95,4.34,110.86,73.755,24.67,175.703,8570
14/11:20:42,9.86,4.33,110.86,73.865,24.67,175.714,8571
14/11:20:43,9.65,4.34,110.87,74.008,24.67,175.725,8572
14/11:20:43,9.78,4.34,110.84,74.041,24.67,175.736,8573
14/11:20:44,9.83,4.33,110.84,74.283,24.67,175.747,8574
14/11:20:44,9.63,4.33,110.84,74.47,24.67,175.758,8575
14/11:20:45,9.77,4.34,110.84,74.646,24.67,175.78,8576
14/11:20:46,9.69,4.35,110.85,74.723,24.66,175.791,8577
14/11:20:46,9.64,4.36,110.86,74.8,24.66,175.802,8578
14/11:20:47,9.63,4.35,110.84,74.855,24.66,175.813,8579
14/11:20:48,9.53,4.36,110.87,74.921,24.66,175.824,8580
14/11:20:48,9.65,4.37,110.85,75.086,24.66,175.835,8581
14/11:20:49,9.88,4.37,110.85,75.229,24.66,175.846,8582
14/11:20:50,9.61,4.34,110.84,75.405,24.66,175.879,8583
14/11:20:50,9.74,4.34,110.84,75.427,24.66,175.89,8584
14/11:20:51,10.06,4.34,110.87,75.482,24.66,175.901,8585
14/11:20:52,10.23,4.34,110.88,75.603,24.66,175.912,8586
14/11:20:52,10.1,4.33,110.87,75.68,24.66,175.923,8587
14/11:20:53,9.96,4.33,110.86,75.768,24.65,175.934,8588
14/11:20:53,9.7,4.33,110.89,75.801,24.65,175.945,8589
14/11:20:54,9.3,4.33,110.94,75.691,24.65,175.956,8590
14/11:20:54,8.51,4.34,110.99,75.691,24.65,175.978,8591
14/11:20:55,7.89,4.33,111.02,75.57,24.65,175.989,8592
14/11:20:57,6.68,4.32,111.14,75.196,24.65,176.033,8593
14/11:20:58,6.64,4.32,111.13,75.251,24.65,176.044,8594
14/11:20:59,6.36,4.31,111.14,75.339,24.65,176.055,8595
14/11:20:59,6.34,4.31,111.15,75.339,24.65,176.066,8596
14/11:21:00,6.53,4.34,111.16,75.284,24.65,176.077,8597
14/11:21:00,6.75,4.4,111.17,75.262,24.65,176.088,8598
14/11:21:01,6.91,4.45,111.16,75.273,24.65,176.099,8599
14/11:21:01,6.82,4.47,111.19,75.141,24.65,176.11,8600
14/11:21:02,6.78,4.51,111.2,74.987,24.65,176.121,8601
14/11:21:02,6.99,4.59,111.22,74.822,24.65,176.143,8602
14/11:21:03,6.98,4.63,111.21,74.723,24.65,176.154,8603
14/11:21:04,6.94,4.62,111.21,74.624,24.65,176.165,8604
14/11:21:04,6.69,4.53,111.27,74.635,24.64,176.176,8605
14/11:21:05,6.2,4.28,111.51,74.866,24.64,176.187,8606
14/11:21:05,6.0,4.02,111.74,75.075,24.64,176.198,8607
14/11:21:06,5.79,4.0,111.75,75.064,24.64,176.209,8608
14/11:21:06,5.66,3.98,111.76,74.998,24.64,176.22,8609
14/11:21:07,5.64,3.98,111.76,74.888,24.64,176.231,8610
14/11:21:08,5.76,3.97,111.75,74.91,24.64,176.242,8611
14/11:21:08,6.19,4.08,111.66,75.031,24.64,176.264,8612
14/11:21:09,6.56,4.28,111.41,74.987,24.64,176.275,8613
14/11:21:10,6.62,4.5,111.2,75.02,24.64,176.286,8614
14/11:21:10,6.54,4.48,111.2,74.998,24.64,176.297,8615
14/11:21:11,6.74,4.49,111.18,75.086,24.64,176.308,8616
14/11:21:11,7.03,4.48,111.18,75.174,24.64,176.308,8617
14/11:21:12,6.93,4.48,111.18,75.251,24.64,176.33,8618
14/11:21:12,6.68,4.47,111.17,75.361,24.64,176.341,8619
14/11:21:13,6.54,4.46,111.17,75.416,24.64,176.352,8620
14/11:21:13,6.54,4.46,111.19,75.383,24.64,176.363,8621
14/11:21:14,6.81,4.46,111.18,75.372,24.64,176.374,8622
14/11:21:14,7.09,4.48,111.18,75.46,24.64,176.385,8623
14/11:21:15,6.98,4.46,111.17,75.57,24.64,176.396,8624
14/11:21:15,6.68,4.45,111.19,75.614,24.64,176.407,8625
14/11:21:16,6.54,4.43,111.18,75.592,24.64,176.418,8626
14/11:21:17,6.78,4.43,111.18,75.57,24.64,176.429,8627
14/11:21:17,7.08,4.44,111.19,75.658,24.64,176.44,8628
14/11:21:18,7.2,4.43,111.17,75.68,24.64,176.451,8629
14/11:21:18,6.97,4.43,111.17,75.636,24.64,176.462,8630
14/11:21:19,6.77,4.43,111.17,75.592,24.64,176.473,8631
14/11:21:19,6.87,4.44,111.18,75.548,24.64,176.484,8632
14/11:21:20,7.17,4.43,111.2,75.57,24.64,176.495,8633
14/11:21:20,7.12,4.44,111.19,75.515,24.63,176.506,8634
14/11:21:21,6.88,4.43,111.2,75.493,24.63,176.517,8635
14/11:21:21,6.61,4.43,111.19,75.394,24.63,176.528,8636
14/11:21:22,6.81,4.42,111.19,75.361,24.63,176.539,8637
14/11:21:23,7.28,4.43,111.15,75.416,24.63,176.55,8638
14/11:21:23,7.82,4.42,111.06,75.383,24.63,176.572,8639
14/11:21:24,8.33,4.42,111.01,75.218,24.63,176.583,8640
14/11:21:24,8.96,4.42,110.97,75.163,24.63,176.594,8641
14/11:21:25,9.45,4.42,110.93,75.152,24.63,176.605,8642
14/11:21:26,10.17,4.41,110.89,75.218,24.63,176.616,8643
14/11:21:26,10.8,4.41,110.82,75.328,24.63,176.616,8644
14/11:21:27,10.88,4.16,111.0,75.9,24.63,176.627,8645
14/11:21:27,11.12,3.98,111.2,76.428,24.63,176.649,8646
14/11:21:28,11.42,3.74,111.36,76.835,24.63,176.66,8647
14/11:21:28,11.51,3.53,111.54,77.132,24.62,176.671,8648
14/11:21:29,12.13,3.18,111.79,77.616,24.62,176.704,8649
14/11:21:30,12.71,3.19,111.71,77.693,24.62,176.715,8650
14/11:21:31,13.26,3.46,111.49,77.891,24.62,176.737,8651
14/11:21:31,13.67,3.66,111.27,78.133,24.62,176.748,8652
14/11:21:32,13.92,3.87,111.05,78.331,24.61,176.759,8653
14/11:21:33,14.16,4.14,110.74,78.562,24.61,176.77,8654
14/11:21:33,13.43,4.37,110.61,78.683,24.61,176.781,8655
14/11:21:34,12.38,4.45,110.59,78.694,24.61,176.792,8656
14/11:21:34,11.35,4.45,110.67,78.771,24.61,176.803,8657
14/11:21:35,10.39,4.44,110.75,78.903,24.61,176.814,8658
14/11:21:35,8.88,4.44,110.89,78.804,24.61,176.836,8659
14/11:21:36,8.15,4.42,110.97,78.628,24.61,176.847,8660
14/11:21:37,7.3,4.41,111.05,78.683,24.61,176.858,8661
14/11:21:37,7.48,4.41,111.05,78.947,24.61,176.869,8662
14/11:21:38,8.33,4.42,110.97,79.167,24.6,176.891,8663
14/11:21:38,8.49,4.42,110.96,79.2,24.6,176.902,8664
14/11:21:39,8.08,4.43,110.97,79.112,24.6,176.924,8665
14/11:21:40,8.45,4.46,110.95,79.167,24.6,176.935,8666
14/11:21:41,9.61,4.46,110.84,79.453,24.6,176.957,8667
14/11:21:42,9.98,4.45,110.82,79.618,24.6,176.968,8668
14/11:21:42,10.35,4.45,110.81,79.684,24.6,176.979,8669
14/11:21:43,10.86,4.45,110.74,79.739,24.6,177.001,8670
14/11:21:43,11.27,4.43,110.7,79.783,24.6,177.012,8671
14/11:21:44,11.64,4.43,110.66,79.904,24.6,177.023,8672
14/11:21:44,11.45,4.42,110.66,80.047,24.6,177.034,8673
14/11:21:45,11.37,4.42,110.69,80.19,24.59,177.045,8674
14/11:21:46,11.26,4.42,110.71,80.212,24.59,177.056,8675
14/11:21:46,10.8,4.42,110.72,80.234,24.59,177.067,8676
14/11:21:47,10.23,4.41,110.74,80.3,24.59,177.078,8677
14/11:21:47,10.11,4.4,110.76,80.399,24.59,177.089,8678
14/11:21:48,10.28,4.41,110.77,80.465,24.59,177.1,8679
14/11:21:48,10.19,4.38,110.78,80.52,24.59,177.111,8680
14/11:21:49,10.09,4.38,110.76,80.553,24.59,177.122,8681
14/11:21:49,9.92,4.38,110.76,80.608,24.59,177.133,8682
14/11:21:50,10.1,4.39,110.75,80.63,24.59,177.144,8683
14/11:21:50,10.09,4.39,110.74,80.685,24.59,177.166,8684
14/11:21:51,10.09,4.38,110.74,80.817,24.57,177.177,8685
14/11:21:51,9.98,4.39,110.74,80.861,24.57,177.188,8686
14/11:21:52,10.17,4.4,110.73,80.872,24.57,177.199,8687
14/11:21:52,10.25,4.43,110.74,80.828,24.57,177.21,8688
14/11:21:53,10.24,4.42,110.74,80.817,24.57,177.221,8689
14/11:21:53,10.22,4.42,110.74,80.916,24.57,177.232,8690
14/11:21:54,10.11,4.41,110.74,80.993,24.57,177.243,8691
14/11:21:54,10.1,4.43,110.76,81.081,24.57,177.254,8692
14/11:21:55,10.32,4.44,110.77,81.136,24.57,177.265,8693
14/11:21:55,10.23,4.45,110.77,81.136,24.57,177.276,8694
14/11:21:56,9.9,4.44,110.77,81.191,24.57,177.287,8695
14/11:21:57,10.31,4.46,110.75,81.301,24.56,177.309,8696
14/11:21:57,10.09,4.47,110.75,81.312,24.56,177.32,8697
14/11:21:58,10.14,4.45,110.75,81.367,24.56,177.342,8698
14/11:21:58,10.25,4.44,110.74,81.378,24.56,177.353,8699
14/11:21:59,10.22,4.43,110.73,81.378,24.56,177.364,8700
14/11:21:59,10.23,4.43,110.72,81.477,24.56,177.375,8701
14/11:22:00,10.45,4.43,110.74,81.62,24.56,177.386,8702
14/11:22:01,10.25,4.41,110.73,81.708,24.56,177.397,8703
14/11:22:01,10.14,4.4,110.73,81.763,24.56,177.408,8704
14/11:22:02,10.43,4.4,110.73,81.73,24.56,177.408,8705
14/11:22:02,10.28,4.38,110.73,81.686,24.56,177.441,8706
14/11:22:03,10.34,4.38,110.73,81.752,24.56,177.452,8707
14/11:22:04,10.38,4.38,110.72,81.708,24.56,177.463,8708
14/11:22:04,10.13,4.37,110.71,81.708,24.56,177.485,8709
14/11:22:05,10.37,4.37,110.7,81.818,24.56,177.496,8710
14/11:22:05,10.3,4.37,110.7,81.829,24.56,177.507,8711
14/11:22:06,10.21,4.39,110.68,81.906,24.56,177.518,8712
14/11:22:07,9.76,4.4,110.73,81.917,24.56,177.54,8713
14/11:22:07,9.1,4.4,110.77,81.884,24.56,177.551,8714
14/11:22:08,8.52,4.41,110.84,81.653,24.56,177.562,8715
14/11:22:08,7.88,4.41,110.91,81.422,24.56,177.573,8716
14/11:22:09,6.88,4.4,111.0,81.389,24.56,177.584,8717
14/11:22:10,6.56,4.39,111.06,81.345,24.56,177.595,8718
14/11:22:10,5.83,4.38,111.14,81.224,24.56,177.617,8719
14/11:22:11,5.08,4.37,111.18,81.081,24.56,177.628,8720
14/11:22:11,5.26,4.37,111.19,80.993,24.55,177.639,8721
14/11:22:12,5.3,4.36,111.21,80.916,24.55,177.65,8722
14/11:22:12,5.33,4.35,111.21,80.773,24.55,177.661,8723
14/11:22:13,5.28,4.35,111.19,80.542,24.55,177.672,8724
14/11:22:13,5.16,4.35,111.2,80.443,24.55,177.683,8725
14/11:22:14,5.18,4.36,111.21,80.322,24.55,177.694,8726
14/11:22:15,5.4,4.36,111.22,80.113,24.55,177.705,8727
14/11:22:15,5.41,4.36,111.23,79.893,24.55,177.716,8728
14/11:22:16,5.16,4.34,111.23,79.794,24.55,177.716,8729
14/11:22:16,4.95,4.34,111.24,79.673,24.55,177.727,8730
14/11:22:17,5.21,4.34,111.24,79.475,24.55,177.749,8731
14/11:22:17,5.52,4.35,111.26,79.167,24.55,177.76,8732
14/11:22:18,5.55,4.34,111.27,78.925,24.55,177.771,8733
14/11:22:18,5.3,4.34,111.27,78.859,24.55,177.782,8734
14/11:22:19,5.02,4.33,111.28,78.826,24.55,177.793,8735
14/11:22:19,5.0,4.32,111.28,78.727,24.55,177.804,8736
14/11:22:20,5.06,4.32,111.3,78.639,24.55,177.826,8737
14/11:22:21,5.05,4.28,111.31,78.606,24.55,177.837,8738
14/11:22:21,4.74,3.98,111.27,78.43,24.55,177.848,8739
14/11:22:22,4.55,3.99,111.27,78.166,24.55,177.859,8740
14/11:22:22,4.7,4.01,111.26,78.012,24.55,177.87,8741
14/11:22:23,4.73,4.02,111.26,77.891,24.55,177.881,8742
14/11:22:23,5.35,4.03,111.21,77.825,24.55,177.892,8743
14/11:22:24,5.95,4.04,111.15,77.902,24.55,177.903,8744
14/11:22:24,6.46,4.05,111.08,78.001,24.55,177.914,8745
14/11:22:25,8.23,4.4,110.97,78.221,24.55,177.936,8746
14/11:22:25,9.08,4.4,110.87,78.408,24.55,177.947,8747
14/11:22:26,9.97,4.4,110.77,78.562,24.55,177.958,8748
14/11:22:27,11.35,4.39,110.67,78.694,24.55,177.969,8749
14/11:22:27,11.98,4.39,110.63,78.837,24.55,177.98,8750
14/11:22:28,12.56,4.4,110.6,78.969,24.55,177.991,8751
14/11:22:28,12.68,4.38,110.57,79.134,24.54,178.002,8752
14/11:22:29,11.41,4.37,110.67,79.409,24.54,178.024,8753
14/11:22:30,10.81,4.38,110.73,79.497,24.54,178.035,8754
14/11:22:30,10.14,4.38,110.78,79.552,24.54,178.046,8755
14/11:22:31,9.51,4.39,110.84,79.497,24.54,178.057,8756
14/11:22:31,8.73,4.4,110.89,79.398,24.54,178.068,8757
14/11:22:32,8.11,4.4,110.96,79.409,24.54,178.09,8758
14/11:22:32,7.98,4.41,110.98,79.53,24.54,178.101,8759
14/11:22:33,7.93,4.41,111.0,79.552,24.54,178.112,8760
14/11:22:34,8.1,4.42,110.99,79.651,24.54,178.123,8761
14/11:22:34,8.28,4.41,110.98,79.739,24.54,178.134,8762
14/11:22:35,7.17,4.4,111.06,79.552,24.54,178.156,8763
14/11:22:36,5.95,4.39,111.14,79.244,24.53,178.178,8764
14/11:22:37,5.49,4.39,111.21,78.98,24.53,178.2,8765
14/11:22:37,5.09,4.38,111.25,78.793,24.53,178.211,8766
14/11:22:38,4.4,4.37,111.32,78.672,24.53,178.222,8767
14/11:22:38,4.23,4.37,111.33,78.584,24.53,178.233,8768
14/11:22:39,4.24,4.38,111.35,78.496,24.53,178.244,8769
14/11:22:40,4.22,4.38,111.36,78.287,24.53,178.255,8770
14/11:22:40,4.14,4.38,111.35,78.067,24.53,178.266,8771
14/11:22:41,3.96,4.36,111.36,77.935,24.53,178.277,8772
14/11:22:41,3.61,4.37,111.37,77.803,24.53,178.288,8773
14/11:22:42,3.39,4.38,111.38,77.759,24.53,178.299,8774
14/11:22:42,3.39,4.37,111.37,77.693,24.53,178.321,8775
14/11:22:43,3.56,4.37,111.38,77.572,24.53,178.321,8776
14/11:22:44,4.02,4.38,111.37,77.165,24.53,178.343,8777
14/11:22:44,4.48,4.41,111.33,77.044,24.53,178.365,8778
14/11:22:45,5.01,4.4,111.28,77.044,24.53,178.376,8779
14/11:22:46,5.6,4.4,111.22,76.978,24.53,178.387,8780
14/11:22:46,6.81,4.43,111.15,76.934,24.53,178.409,8781
14/11:22:47,7.54,4.44,111.1,76.956,24.53,178.42,8782
14/11:22:47,8.28,4.42,111.03,77.033,24.53,178.431,8783
14/11:22:48,8.71,4.41,110.98,77.187,24.53,178.442,8784
14/11:22:49,8.9,4.4,110.98,77.242,24.53,178.453,8785
14/11:22:49,9.12,4.41,110.97,77.231,24.53,178.464,8786
14/11:22:50,9.38,4.41,110.94,77.297,24.53,178.475,8787
14/11:22:50,10.04,4.39,110.84,77.517,24.53,178.497,8788
14/11:22:51,10.28,4.42,110.8,77.594,24.53,178.508,8789
14/11:22:51,10.51,4.45,110.77,77.66,24.53,178.508,8790
14/11:22:52,11.14,4.48,110.73,77.704,24.53,178.53,8791
14/11:22:53,11.87,4.49,110.67,77.836,24.53,178.541,8792
14/11:22:53,12.44,4.51,110.62,78.034,24.52,178.552,8793
14/11:22:54,12.66,4.53,110.62,78.111,24.52,178.563,8794
14/11:22:54,12.67,4.54,110.64,78.166,24.52,178.574,8795
14/11:22:55,12.55,4.55,110.66,78.21,24.52,178.585,8796
14/11:22:55,12.31,4.53,110.69,78.188,24.52,178.596,8797
14/11:22:56,11.94,4.52,110.71,78.111,24.52,178.607,8798
14/11:22:56,11.36,4.52,110.75,78.045,24.52,178.618,8799
14/11:22:57,10.53,4.51,110.82,78.1,24.52,178.629,8800
14/11:22:57,10.07,4.5,110.87,78.1,24.52,178.64,8801
14/11:22:58,9.79,4.51,110.89,78.045,24.51,178.651,8802
14/11:22:58,9.48,4.52,110.91,78.078,24.51,178.662,8803
14/11:22:59,10.02,4.52,110.91,78.21,24.51,178.684,8804
14/11:23:00,10.7,4.53,110.87,78.309,24.51,178.695,8805
14/11:23:01,11.3,4.54,110.83,78.507,24.51,178.706,8806
14/11:23:01,11.8,4.55,110.78,78.694,24.51,178.728,8807
14/11:23:02,12.06,4.55,110.74,78.837,24.51,178.739,8808
14/11:23:02,12.44,4.55,110.68,79.002,24.51,178.75,8809
14/11:23:03,12.8,4.55,110.62,79.233,24.51,178.761,8810
14/11:23:03,12.92,4.56,110.56,79.42,24.5,178.772,8811
14/11:23:04,12.96,4.57,110.55,79.563,24.5,178.783,8812
14/11:23:05,12.62,4.59,110.53,79.794,24.5,178.805,8813
14/11:23:05,12.55,4.57,110.53,79.937,24.5,178.816,8814
14/11:23:06,12.82,4.59,110.53,80.168,24.5,178.816,8815
14/11:23:07,12.99,4.59,110.53,80.278,24.5,178.827,8816
14/11:23:07,12.82,4.56,110.55,80.487,24.5,178.86,8817
14/11:23:08,12.72,4.57,110.54,80.597,24.49,178.871,8818
14/11:23:08,12.25,4.56,110.56,80.652,24.49,178.882,8819
14/11:23:09,11.84,4.56,110.61,80.597,24.49,178.893,8820
14/11:23:09,11.04,4.54,110.66,80.608,24.49,178.915,8821
14/11:23:10,10.18,4.53,110.69,80.641,24.49,178.926,8822
14/11:23:11,9.83,4.53,110.74,80.597,24.49,178.937,8823
14/11:23:11,9.61,4.52,110.79,80.575,24.49,178.948,8824
14/11:23:12,9.01,4.51,110.84,80.531,24.49,178.959,8825
14/11:23:12,8.52,4.5,110.86,80.498,24.49,178.97,8826
14/11:23:13,8.62,4.49,110.86,80.542,24.49,178.981,8827
14/11:23:13,8.79,4.49,110.85,80.487,24.48,179.003,8828
14/11:23:14,8.8,4.5,110.86,80.454,24.48,179.014,8829
14/11:23:15,8.79,4.49,110.86,80.432,24.48,179.025,8830
14/11:23:15,8.78,4.49,110.86,80.344,24.48,179.036,8831
14/11:23:16,8.72,4.5,110.86,80.234,24.48,179.047,8832
14/11:23:16,8.73,4.5,110.87,80.201,24.48,179.058,8833
14/11:23:17,8.67,4.51,110.88,80.234,24.48,179.069,8834
14/11:23:17,8.63,4.5,110.87,80.157,24.48,179.091,8835
14/11:23:18,8.67,4.5,110.87,80.102,24.48,179.102,8836
14/11:23:19,8.52,4.49,110.88,80.278,24.48,179.124,8837
14/11:23:19,8.6,4.48,110.88,80.267,24.48,179.135,8838
14/11:23:20,8.74,4.49,110.88,80.146,24.48,179.146,8839
14/11:23:21,8.71,4.48,110.89,80.157,24.48,179.157,8840
14/11:23:21,8.56,4.47,110.89,80.146,24.48,179.168,8841
14/11:23:22,8.73,4.47,110.9,80.168,24.48,179.179,8842
14/11:23:22,8.72,4.48,110.9,80.179,24.48,179.19,8843
14/11:23:23,8.67,4.49,110.91,80.157,24.47,179.201,8844
14/11:23:23,8.74,4.5,110.9,80.212,24.47,179.212,8845
14/11:23:24,8.73,4.51,110.9,80.201,24.47,179.223,8846
14/11:23:24,8.84,4.51,110.89,80.08,24.47,179.234,8847
14/11:23:25,9.07,4.52,110.88,80.014,24.47,179.245,8848
14/11:23:25,8.92,4.52,110.89,80.047,24.47,179.267,8849
14/11:23:26,8.67,4.51,110.88,80.168,24.47,179.278,8850
14/11:23:26,8.76,4.52,110.87,80.311,24.47,179.289,8851
14/11:23:27,8.97,4.52,110.87,80.289,24.47,179.3,8852
14/11:23:27,9.02,4.52,110.86,80.267,24.47,179.311,8853
14/11:23:28,8.84,4.53,110.87,80.212,24.47,179.322,8854
14/11:23:29,8.61,4.52,110.87,80.201,24.47,179.333,8855
14/11:23:29,8.47,4.5,110.87,80.212,24.47,179.344,8856
14/11:23:30,8.65,4.52,110.87,80.212,24.47,179.355,8857
14/11:23:30,8.85,4.53,110.89,80.168,24.47,179.366,8858
14/11:23:31,9.08,4.53,110.88,80.201,24.46,179.377,8859
14/11:23:31,8.79,4.53,110.88,80.124,24.46,179.388,8860
14/11:23:32,8.57,4.51,110.89,80.025,24.46,179.399,8861
14/11:23:32,8.86,4.54,110.87,80.069,24.46,179.421,8862
14/11:23:33,9.11,4.55,110.87,79.926,24.46,179.432,8863
14/11:23:34,8.88,4.54,110.88,79.926,24.46,179.465,8864
14/11:23:35,8.83,4.54,110.89,79.871,24.46,179.476,8865
14/11:23:35,8.84,4.55,110.87,79.871,24.46,179.487,8866
14/11:23:36,8.9,4.55,110.86,79.816,24.46,179.498,8867
14/11:23:36,8.78,4.55,110.86,79.761,24.46,179.509,8868
14/11:23:37,8.84,4.55,110.86,79.673,24.46,179.52,8869
14/11:23:38,8.94,4.56,110.86,79.387,24.46,179.542,8870
14/11:23:39,8.95,4.56,110.86,79.299,24.46,179.553,8871
14/11:23:39,8.94,4.56,110.86,79.244,24.45,179.564,8872
14/11:23:40,8.96,4.56,110.88,79.222,24.45,179.575,8873
14/11:23:40,9.01,4.57,110.88,79.222,24.45,179.586,8874
14/11:23:41,9.18,4.57,110.89,79.178,24.45,179.597,8875
14/11:23:41,9.06,4.59,110.89,79.123,24.45,179.608,8876
14/11:23:42,9.06,4.59,110.9,79.112,24.45,179.608,8877
14/11:23:42,8.81,4.59,110.9,79.046,24.45,179.63,8878
14/11:23:43,8.75,4.56,110.9,79.068,24.45,179.641,8879
14/11:23:44,8.78,4.57,110.9,79.057,24.45,179.652,8880
14/11:23:44,8.81,4.59,110.88,79.134,24.45,179.663,8881
14/11:23:45,8.83,4.57,110.89,79.101,24.45,179.685,8882
14/11:23:45,8.83,4.57,110.89,79.046,24.45,179.707,8883
14/11:23:46,8.83,4.57,110.88,79.068,24.45,179.718,8884
14/11:23:46,8.83,4.57,110.87,79.079,24.45,179.729,8885
14/11:23:47,8.85,4.57,110.87,79.09,24.44,179.74,8886
14/11:23:47,8.88,4.59,110.86,79.101,24.44,179.751,8887
14/11:23:48,9.03,4.59,110.88,79.057,24.44,179.762,8888
14/11:23:49,9.01,4.6,110.86,78.804,24.44,179.773,8889
14/11:23:49,9.03,4.59,110.85,78.672,24.44,179.784,8890
14/11:23:50,9.34,4.61,110.86,78.54,24.44,179.806,8891
14/11:23:51,9.49,4.63,110.87,78.386,24.44,179.817,8892
14/11:23:51,9.51,4.64,110.88,78.353,24.44,179.828,8893
14/11:23:52,9.43,4.65,110.87,78.309,24.44,179.839,8894
14/11:23:52,8.8,4.63,110.88,78.32,24.44,179.861,8895
14/11:23:53,8.5,4.62,110.88,78.298,24.44,179.872,8896
14/11:23:54,8.02,4.6,110.87,78.188,24.44,179.894,8897
14/11:23:55,8.06,4.6,110.85,78.089,24.44,179.905,8898
14/11:23:55,8.2,4.57,110.85,78.111,24.43,179.916,8899
14/11:23:56,8.9,4.59,110.86,77.946,24.43,179.949,8900
14/11:23:57,9.02,4.59,110.86,77.913,24.43,179.96,8901
14/11:23:57,9.1,4.59,110.86,77.935,24.43,179.971,8902
14/11:23:58,9.11,4.6,110.87,77.869,24.43,179.993,8903
14/11:23:59,8.96,4.56,110.89,77.825,24.43,180.004,8904
14/11:24:00,8.73,4.56,110.89,77.781,24.43,180.015,8905
14/11:24:00,8.4,4.56,110.88,77.825,24.43,180.026,8906
14/11:24:01,8.09,4.56,110.87,77.902,24.43,180.037,8907
14/11:24:01,7.98,4.56,110.85,78.012,24.43,180.048,8908
14/11:24:02,8.0,4.56,110.86,78.111,24.43,180.059,8909
14/11:24:02,8.03,4.56,110.85,78.199,24.43,180.07,8910
14/11:24:03,8.28,4.56,110.84,78.221,24.43,180.081,8911
14/11:24:03,8.56,4.59,110.84,78.254,24.43,180.092,8912
14/11:24:04,8.87,4.61,110.83,78.397,24.42,180.114,8913
14/11:24:05,9.09,4.6,110.84,78.518,24.42,180.125,8914
14/11:24:05,9.65,4.6,110.84,78.65,24.42,180.136,8915
14/11:24:06,10.28,4.59,110.78,78.727,24.42,180.147,8916
14/11:24:06,10.68,4.6,110.76,78.892,24.42,180.158,8917
14/11:24:07,11.01,4.59,110.71,79.046,24.42,180.169,8918
14/11:24:08,11.28,4.57,110.66,79.376,24.42,180.18,8919
14/11:24:08,11.7,4.56,110.61,79.673,24.42,180.191,8920
14/11:24:09,11.99,4.56,110.56,79.794,24.42,180.213,8921
14/11:24:09,12.12,4.56,110.55,79.816,24.42,180.224,8922
14/11:24:10,11.63,4.56,110.57,79.915,24.42,180.235,8923
14/11:24:10,11.17,4.56,110.61,79.959,24.41,180.246,8924
14/11:24:11,10.75,4.56,110.64,80.069,24.41,180.257,8925
14/11:24:12,10.64,4.59,110.69,80.234,24.41,180.279,8926
14/11:24:12,10.33,4.57,110.73,80.168,24.41,180.29,8927
14/11:24:13,10.25,4.57,110.74,80.19,24.41,180.301,8928
14/11:24:13,10.35,4.57,110.72,80.201,24.41,180.312,8929
14/11:24:14,10.28,4.56,110.72,80.168,24.41,180.323,8930
14/11:24:14,10.37,4.56,110.71,80.223,24.41,180.334,8931
14/11:24:15,10.55,4.59,110.69,80.3,24.41,180.345,8932
14/11:24:15,10.45,4.6,110.7,80.322,24.41,180.356,8933
14/11:24:16,10.21,4.57,110.71,80.333,24.4,180.367,8934
14/11:24:16,10.34,4.6,110.69,80.421,24.4,180.389,8935
14/11:24:17,10.53,4.6,110.69,80.388,24.4,180.4,8936
14/11:24:18,10.27,4.59,110.69,80.366,24.4,180.411,8937
14/11:24:18,10.26,4.6,110.68,80.366,24.4,180.422,8938
14/11:24:19,10.4,4.51,110.69,80.421,24.4,180.444,8939
14/11:24:19,10.34,4.51,110.69,80.432,24.4,180.455,8940
14/11:24:20,10.23,4.5,110.68,80.487,24.4,180.466,8941
14/11:24:21,10.23,4.52,110.7,80.641,24.4,180.488,8942
14/11:24:22,10.28,4.53,110.71,80.63,24.4,180.499,8943
14/11:24:22,10.3,4.53,110.71,80.564,24.39,180.51,8944
14/11:24:23,10.24,4.53,110.69,80.476,24.39,180.521,8945
14/11:24:23,10.04,4.59,110.7,80.531,24.39,180.532,8946
14/11:24:24,10.09,4.59,110.69,80.597,24.39,180.543,8947
14/11:24:24,10.37,4.6,110.69,80.641,24.39,180.565,8948
14/11:24:25,9.95,4.59,110.67,80.663,24.39,180.576,8949
14/11:24:25,9.78,4.56,110.67,80.63,24.39,180.587,8950
14/11:24:26,9.78,4.56,110.66,80.608,24.39,180.598,8951
14/11:24:27,9.97,4.56,110.67,80.553,24.39,180.609,8952
14/11:24:27,9.89,4.56,110.68,80.586,24.39,180.62,8953
14/11:24:28,10.03,4.59,110.69,80.608,24.39,180.631,8954
14/11:24:28,10.18,4.6,110.71,80.597,24.39,180.642,8955
14/11:24:29,10.23,4.63,110.72,80.465,24.38,180.653,8956
14/11:24:29,10.39,4.65,110.73,80.388,24.38,180.664,8957
14/11:24:30,10.68,4.73,110.73,80.443,24.38,180.686,8958
14/11:24:31,10.49,4.8,110.72,80.344,24.38,180.708,8959
14/11:24:32,10.41,4.8,110.7,80.322,24.38,180.73,8960
14/11:24:32,10.28,4.81,110.69,80.3,24.38,180.741,8961
14/11:24:33,9.65,4.59,110.71,80.223,24.38,180.763,8962
14/11:24:34,8.25,4.34,111.07,80.135,24.38,180.774,8963
14/11:24:34,6.76,4.03,111.43,80.124,24.38,180.785,8964
14/11:24:35,5.46,3.77,111.79,80.003,24.38,180.796,8965
14/11:24:35,4.27,3.52,112.16,79.695,24.38,180.807,8966
14/11:24:36,3.12,3.25,112.56,79.376,24.38,180.818,8967
14/11:24:36,1.79,2.96,112.93,79.079,24.38,180.829,8968
14/11:24:37,0.32,2.91,113.3,78.771,24.38,180.84,8969
14/11:24:37,0.0,2.61,113.67,78.353,24.38,180.851,8970
14/11:24:38,0.0,2.62,113.67,78.1,24.38,180.862,8971
14/11:24:38,0.0,2.61,113.69,77.825,24.38,180.873,8972
14/11:24:39,0.04,2.72,113.56,77.297,24.38,180.884,8973
14/11:24:40,0.09,2.96,113.3,76.714,24.38,180.895,8974
14/11:24:40,0.15,3.25,113.05,76.274,24.38,180.906,8975
14/11:24:41,0.21,3.49,112.81,76.021,24.38,180.917,8976
14/11:24:41,0.27,3.75,112.56,75.735,24.38,180.928,8977
14/11:24:42,0.33,4.0,112.27,75.361,24.38,180.939,8978
14/11:24:42,0.41,4.28,112.04,74.987,24.38,180.95,8979
14/11:24:43,0.47,4.47,111.86,74.8,24.38,180.961,8980
14/11:24:43,0.44,4.34,112.05,74.91,24.38,180.972,8981
14/11:24:44,0.38,4.05,112.31,74.866,24.38,180.983,8982
14/11:24:45,0.32,3.77,112.56,74.635,24.38,180.994,8983
14/11:24:45,0.26,3.52,112.78,74.239,24.38,181.005,8984
14/11:24:46,0.2,3.24,113.07,73.986,24.38,181.016,8985
14/11:24:46,0.27,2.93,113.34,73.722,24.38,181.016,8986
14/11:24:47,0.28,2.67,113.6,73.568,24.38,181.027,8987
14/11:24:47,0.3,2.52,113.73,73.425,24.38,181.049,8988
14/11:24:48,0.56,2.52,113.7,73.216,24.38,181.06,8989
14/11:24:49,0.93,2.68,113.5,72.798,24.39,181.071,8990
14/11:24:49,1.55,2.95,113.16,72.391,24.39,181.082,8991
14/11:24:50,2.17,3.25,112.89,72.072,24.39,181.093,8992
14/11:24:50,2.83,3.51,112.6,71.896,24.39,181.104,8993
14/11:24:51,3.4,3.76,112.33,71.753,24.39,181.115,8994
14/11:24:51,3.84,4.02,112.02,71.742,24.39,181.126,8995
14/11:24:52,4.49,4.34,111.72,71.665,24.39,181.137,8996
14/11:24:52,4.89,4.6,111.44,71.522,24.39,181.148,8997
14/11:24:53,5.32,4.7,111.34,71.346,24.39,181.159,8998
14/11:24:53,5.25,4.71,111.34,71.181,24.39,181.17,8999
14/11:24:54,5.42,4.73,111.34,71.137,24.39,181.181,9000
14/11:24:55,5.38,4.73,111.33,71.06,24.39,181.192,9001
14/11:24:55,5.39,4.73,111.34,71.027,24.39,181.203,9002
14/11:24:56,5.47,4.73,111.33,70.95,24.39,181.214,9003
14/11:24:56,5.45,4.75,111.33,70.906,24.38,181.214,9004
14/11:24:57,5.55,4.75,111.31,70.818,24.38,181.225,9005
14/11:24:57,5.34,4.55,111.48,70.983,24.38,181.236,9006
14/11:24:58,5.12,4.28,111.74,71.302,24.38,181.247,9007
14/11:24:58,4.66,4.0,112.05,71.511,24.38,181.258,9008
14/11:24:59,4.28,3.67,112.33,71.5,24.38,181.269,9009
14/11:24:59,4.14,3.41,112.56,71.5,24.38,181.28,9010
14/11:25:00,4.61,3.12,112.79,71.555,24.38,181.291,9011
14/11:25:01,5.56,2.79,112.96,71.797,24.38,181.302,9012
14/11:25:02,12.33,3.12,112.0,72.941,24.38,181.346,9013
14/11:25:02,14.06,3.37,111.63,73.315,24.38,181.357,9014
14/11:25:03,15.7,3.68,111.19,73.766,24.38,181.368,9015
14/11:25:03,16.5,4.03,110.81,74.096,24.38,181.379,9016
14/11:25:04,16.06,4.35,110.53,74.448,24.37,181.39,9017
14/11:25:04,15.54,4.61,110.32,74.723,24.37,181.401,9018
14/11:25:05,15.33,4.68,110.27,74.965,24.37,181.412,9019
14/11:25:05,15.28,4.66,110.28,75.229,24.37,181.423,9020
14/11:25:06,15.14,4.69,110.28,75.625,24.37,181.434,9021
14/11:25:07,15.16,4.71,110.27,76.065,24.37,181.445,9022
14/11:25:07,15.28,4.73,110.24,76.626,24.36,181.467,9023
14/11:25:08,15.59,4.73,110.21,76.967,24.36,181.478,9024
14/11:25:08,15.85,4.76,110.18,77.33,24.36,181.489,9025
14/11:25:09,15.71,4.8,110.14,77.682,24.36,181.5,9026
14/11:25:10,15.56,4.79,110.15,78.078,24.36,181.511,9027
14/11:25:10,15.57,4.78,110.14,78.397,24.35,181.522,9028
14/11:25:11,15.57,4.74,110.13,78.727,24.35,181.533,9029
14/11:25:11,15.77,4.76,110.12,79.057,24.35,181.544,9030
14/11:25:12,16.04,4.75,110.12,79.255,24.35,181.555,9031
14/11:25:12,16.19,4.74,110.12,79.354,24.35,181.566,9032
14/11:25:13,16.19,4.74,110.12,79.64,24.35,181.577,9033
14/11:25:13,16.35,4.71,110.12,79.97,24.34,181.588,9034
14/11:25:14,16.5,4.71,110.12,80.278,24.34,181.599,9035
14/11:25:15,16.48,4.7,110.12,80.377,24.34,181.61,9036
14/11:25:15,15.84,4.72,110.14,80.564,24.34,181.621,9037
14/11:25:16,14.01,4.62,110.41,80.773,24.34,181.643,9038
14/11:25:16,11.95,4.31,110.82,80.861,24.34,181.654,9039
14/11:25:17,9.61,4.08,111.24,80.773,24.34,181.665,9040
14/11:25:17,7.78,3.79,111.67,80.388,24.33,181.676,9041
14/11:25:18,5.86,3.61,112.07,80.08,24.33,181.687,9042
14/11:25:18,3.84,3.6,112.25,79.541,24.33,181.698,9043
14/11:25:19,1.68,3.59,112.43,79.013,24.33,181.709,9044
14/11:25:20,0.25,3.72,112.53,78.364,24.34,181.731,9045
14/11:25:20,0.32,4.05,112.22,78.078,24.34,181.742,9046
14/11:25:21,0.38,4.31,111.99,77.803,24.34,181.753,9047
14/11:25:21,0.46,4.7,111.64,77.176,24.34,181.775,9048
14/11:25:22,0.41,4.48,111.86,77.088,24.34,181.786,9049
14/11:25:23,0.35,4.23,112.1,77.077,24.34,181.797,9050
14/11:25:23,0.3,3.99,112.39,76.934,24.34,181.808,9051
14/11:25:24,0.2,3.53,112.83,76.428,24.34,181.83,9052
14/11:25:25,0.2,3.53,112.83,75.955,24.34,181.841,9053
14/11:25:25,0.19,3.53,112.84,75.493,24.34,181.852,9054
14/11:25:26,0.2,3.53,112.84,75.141,24.34,181.863,9055
14/11:25:26,0.25,3.75,112.63,74.723,24.34,181.874,9056
14/11:25:27,0.31,4.0,112.35,74.481,24.34,181.885,9057
14/11:25:28,0.36,4.28,112.13,74.239,24.34,181.896,9058
14/11:25:28,0.43,4.56,111.88,74.008,24.34,181.907,9059
14/11:25:29,0.46,4.71,111.71,73.48,24.34,181.929,9060
14/11:25:30,0.47,4.72,111.71,73.227,24.35,181.94,9061
14/11:25:30,0.47,4.72,111.72,72.952,24.35,181.951,9062
14/11:25:31,0.46,4.71,111.73,72.479,24.35,181.973,9063
14/11:25:32,0.47,4.71,111.73,72.127,24.35,181.984,9064
14/11:25:32,0.5,4.71,111.74,71.929,24.35,181.995,9065
14/11:25:33,1.15,4.71,111.71,71.709,24.35,182.006,9066
14/11:25:33,2.86,4.73,111.57,71.676,24.35,182.017,9067
14/11:25:34,4.17,4.5,111.64,72.061,24.35,182.028,9068
14/11:25:34,5.53,4.26,111.75,72.512,24.35,182.039,9069
14/11:25:35,6.92,4.0,111.87,72.908,24.35,182.05,9070
14/11:25:35,8.28,3.74,112.02,73.095,24.35,182.061,9071
14/11:25:36,9.73,3.51,112.11,73.326,24.35,182.072,9072
14/11:25:37,11.25,3.28,112.24,73.557,24.35,182.083,9073
14/11:25:37,11.48,3.07,112.44,73.744,24.35,182.094,9074
14/11:25:38,11.09,2.9,112.62,73.953,24.34,182.105,9075
14/11:25:38,11.13,2.97,112.6,74.195,24.34,182.116,9076
14/11:25:39,11.18,2.99,112.59,74.404,24.34,182.116,9077
14/11:25:40,11.25,3.02,112.56,74.91,24.34,182.149,9078
14/11:25:40,11.27,3.02,112.57,75.031,24.34,182.16,9079
14/11:25:41,11.27,3.01,112.56,75.196,24.34,182.171,9080
14/11:25:41,11.23,3.01,112.55,75.57,24.34,182.182,9081
14/11:25:42,11.15,3.0,112.57,75.812,24.33,182.193,9082
14/11:25:42,11.34,3.06,112.48,75.856,24.33,182.215,9083
14/11:25:43,11.79,3.31,112.21,75.834,24.33,182.226,9084
14/11:25:44,12.3,3.56,111.93,75.823,24.33,182.237,9085
14/11:25:44,12.71,3.82,111.65,76.032,24.33,182.248,9086
14/11:25:45,12.66,4.05,111.43,76.241,24.33,182.259,9087
14/11:25:45,12.52,4.26,111.2,76.439,24.33,182.27,9088
14/11:25:46,12.5,4.54,110.87,76.549,24.33,182.281,9089
14/11:25:47,12.26,4.82,110.62,76.549,24.32,182.292,9090
14/11:25:47,11.5,4.91,110.6,76.747,24.32,182.314,9091
14/11:25:48,11.06,4.91,110.64,76.835,24.32,182.325,9092
14/11:25:49,10.97,4.91,110.68,76.824,24.32,182.336,9093
14/11:25:49,11.52,4.9,110.63,76.912,24.32,182.347,9094
14/11:25:50,11.95,4.89,110.6,77.099,24.32,182.358,9095
14/11:25:50,12.46,4.88,110.55,77.231,24.32,182.369,9096
14/11:25:51,13.06,4.88,110.51,77.396,24.32,182.38,9097
14/11:25:51,13.55,4.88,110.46,77.561,24.31,182.391,9098
14/11:25:52,13.55,4.87,110.42,77.594,24.31,182.402,9099
14/11:25:52,12.97,4.87,110.45,77.517,24.31,182.413,9100
14/11:25:53,12.23,4.85,110.48,77.429,24.31,182.424,9101
14/11:25:53,11.14,4.86,110.56,77.308,24.31,182.435,9102
14/11:25:54,10.49,4.85,110.63,77.165,24.31,182.446,9103
14/11:25:54,10.2,4.84,110.68,76.989,24.31,182.457,9104
14/11:25:55,9.79,4.85,110.72,76.846,24.31,182.468,9105
14/11:25:55,9.47,4.81,110.76,76.78,24.31,182.479,9106
14/11:25:56,9.92,4.82,110.74,76.769,24.31,182.49,9107
14/11:25:57,10.76,4.82,110.66,76.813,24.31,182.501,9108
14/11:25:57,11.67,4.82,110.6,76.846,24.3,182.512,9109
14/11:25:58,12.61,4.81,110.54,76.813,24.3,182.523,9110
14/11:25:58,13.72,4.83,110.44,77.044,24.3,182.545,9111
14/11:25:59,14.25,4.83,110.4,77.022,24.3,182.556,9112
14/11:26:00,14.56,4.82,110.37,77.154,24.3,182.578,9113
14/11:26:01,13.77,4.81,110.44,77.132,24.3,182.589,9114
14/11:26:01,12.96,4.82,110.5,77.011,24.28,182.6,9115
14/11:26:02,12.13,4.8,110.56,76.901,24.28,182.611,9116
14/11:26:02,11.33,4.8,110.63,76.758,24.28,182.622,9117
14/11:26:03,9.23,4.74,110.8,76.461,24.28,182.644,9118
14/11:26:04,8.21,4.72,110.88,76.23,24.28,182.655,9119
14/11:26:04,7.18,4.71,110.97,75.988,24.28,182.666,9120
14/11:26:05,6.55,4.7,111.0,75.702,24.28,182.677,9121
14/11:26:05,6.06,4.7,111.03,75.394,24.28,182.688,9122
14/11:26:06,5.35,4.7,111.1,74.998,24.28,182.71,9123
14/11:26:07,5.0,4.69,111.13,74.745,24.28,182.721,9124
14/11:26:07,4.81,4.69,111.14,74.525,24.28,182.732,9125
14/11:26:08,4.81,4.7,111.16,74.349,24.28,182.743,9126
14/11:26:09,4.76,4.73,111.2,73.832,24.28,182.765,9127
14/11:26:09,4.82,4.73,111.21,73.568,24.28,182.776,9128
14/11:26:10,4.86,4.74,111.21,73.425,24.28,182.787,9129
14/11:26:10,4.78,4.74,111.21,73.106,24.28,182.798,9130
14/11:26:11,4.98,4.76,111.22,72.776,24.28,182.809,9131
14/11:26:13,4.79,4.75,111.25,72.424,24.28,182.842,9132
14/11:26:13,4.89,4.75,111.23,72.248,24.28,182.853,9133
14/11:26:14,4.84,4.72,111.23,72.16,24.28,182.864,9134
14/11:26:15,4.88,4.71,111.25,71.973,24.28,182.886,9135
14/11:26:16,4.69,4.73,111.22,71.808,24.28,182.908,9136
14/11:26:17,4.8,4.74,111.22,71.786,24.28,182.93,9137
14/11:26:17,4.71,4.74,111.23,71.72,24.28,182.941,9138
14/11:26:18,4.8,4.75,111.23,71.665,24.28,182.952,9139
14/11:26:18,4.95,4.75,111.2,71.676,24.28,182.963,9140
14/11:26:19,4.46,4.75,111.25,71.632,24.28,182.974,9141
14/11:26:19,3.83,4.75,111.31,71.489,24.28,182.985,9142
14/11:26:20,3.26,4.63,111.53,71.412,24.28,182.985,9143
14/11:26:21,2.51,4.33,111.88,71.489,24.28,182.996,9144
14/11:26:21,1.96,4.13,112.16,71.522,24.28,183.007,9145
14/11:26:22,1.35,3.91,112.49,71.346,24.28,183.018,9146
14/11:26:22,0.61,3.8,112.66,71.016,24.28,183.029,9147
14/11:26:23,0.22,3.8,112.71,70.521,24.28,183.04,9148
14/11:26:23,0.22,3.8,112.73,70.169,24.28,183.051,9149
14/11:26:24,0.28,4.03,112.51,69.795,24.28,183.073,9150
14/11:26:25,0.33,4.24,112.24,69.641,24.28,183.084,9151
14/11:26:25,0.39,4.48,111.99,69.443,24.28,183.095,9152
14/11:26:26,0.46,4.7,111.75,69.278,24.28,183.106,9153
14/11:26:26,0.47,4.73,111.71,69.036,24.28,183.117,9154
14/11:26:27,0.47,4.73,111.71,68.805,24.28,183.128,9155
14/11:26:28,0.47,4.72,111.73,68.563,24.3,183.139,9156
14/11:26:28,0.47,4.72,111.73,68.332,24.3,183.15,9157
14/11:26:29,0.47,4.71,111.73,68.134,24.3,183.161,9158
14/11:26:30,0.47,4.71,111.75,67.771,24.3,183.183,9159
14/11:26:30,0.47,4.71,111.76,67.507,24.3,183.194,9160
14/11:26:31,0.46,4.71,111.77,67.342,24.3,183.205,9161
14/11:26:32,0.46,4.71,111.77,67.243,24.3,183.216,9162
14/11:26:32,0.46,4.71,111.77,67.023,24.3,183.227,9163
14/11:26:33,0.46,4.72,111.77,66.913,24.3,183.227,9164
14/11:26:34,0.46,4.72,111.77,66.814,24.3,183.249,9165
14/11:26:34,0.46,4.72,111.77,66.759,24.3,183.26,9166
14/11:26:35,0.46,4.72,111.79,66.616,24.3,183.282,9167
14/11:26:36,0.46,4.73,111.78,66.539,24.3,183.293,9168
14/11:26:36,0.46,4.73,111.79,66.517,24.31,183.304,9169
14/11:26:37,0.46,4.72,111.8,66.561,24.31,183.315,9170
14/11:26:38,0.46,4.72,111.81,66.616,24.31,183.315,9171
14/11:26:38,0.46,4.72,111.81,66.66,24.31,183.326,9172
14/11:26:39,0.46,4.72,111.82,66.693,24.31,183.337,9173
14/11:26:39,0.46,4.71,111.82,66.759,24.31,183.348,9174
14/11:26:40,0.46,4.71,111.82,66.858,24.31,183.359,9175
14/11:26:40,0.46,4.71,111.83,66.935,24.31,183.37,9176
14/11:26:41,0.46,4.71,111.83,66.913,24.31,183.381,9177
14/11:26:41,0.47,4.71,111.84,66.957,24.31,183.392,9178
14/11:26:42,0.47,4.71,111.83,66.957,24.31,183.403,9179
14/11:26:43,0.46,4.7,111.84,67.001,24.31,183.414,9180
14/11:26:43,0.46,4.7,111.84,67.1,24.31,183.414,9181
14/11:26:44,0.46,4.71,111.84,67.166,24.31,183.425,9182
14/11:26:44,0.46,4.71,111.85,67.21,24.31,183.436,9183
14/11:26:45,0.47,4.71,111.85,67.221,24.31,183.447,9184
14/11:26:45,0.47,4.71,111.85,67.155,24.31,183.458,9185
14/11:26:46,0.46,4.71,111.86,67.1,24.32,183.469,9186
14/11:26:46,0.46,4.71,111.86,67.034,24.32,183.48,9187
14/11:26:47,0.46,4.71,111.87,66.968,24.32,183.491,9188
14/11:26:47,0.46,4.7,111.88,66.957,24.32,183.502,9189
14/11:26:48,0.46,4.7,111.87,66.902,24.32,183.502,9190
14/11:26:48,0.46,4.69,111.88,66.759,24.32,183.513,9191
14/11:26:49,0.46,4.68,111.89,66.506,24.32,183.535,9192
14/11:26:50,0.46,4.68,111.89,66.352,24.32,183.546,9193
14/11:26:50,0.46,4.67,111.88,66.176,24.32,183.568,9194
14/11:26:51,0.46,4.66,111.88,66.088,24.32,183.579,9195
14/11:26:51,0.46,4.66,111.89,66.011,24.32,183.579,9196
14/11:26:52,0.47,4.66,111.88,65.769,24.32,183.59,9197
14/11:26:53,0.47,4.66,111.87,65.637,24.32,183.601,9198
14/11:26:54,0.47,4.67,111.88,65.406,24.33,183.623,9199
14/11:26:54,0.48,4.66,111.88,65.208,24.33,183.634,9200
14/11:26:55,0.79,4.68,111.88,65.01,24.33,183.645,9201
14/11:26:56,3.19,4.68,111.64,65.274,24.33,183.656,9202
14/11:26:56,3.18,4.68,111.64,65.395,24.33,183.667,9203
14/11:26:57,3.18,4.68,111.63,65.263,24.33,183.678,9204
14/11:26:57,3.18,4.67,111.64,65.12,24.33,183.689,9205
14/11:26:58,3.18,4.66,111.64,64.999,24.33,183.7,9206
14/11:26:58,3.13,4.66,111.65,64.834,24.33,183.711,9207
14/11:26:59,1.98,4.64,111.72,64.669,24.33,183.722,9208
14/11:27:00,0.5,4.65,111.87,64.504,24.33,183.733,9209
14/11:27:00,0.47,4.66,111.89,64.317,24.33,183.733,9210
14/11:27:01,0.47,4.68,111.89,64.185,24.33,183.744,9211
14/11:27:01,0.46,4.69,111.9,64.064,24.33,183.755,9212
14/11:27:02,0.46,4.71,111.9,63.965,24.33,183.766,9213
14/11:27:03,0.7,4.74,111.89,63.569,24.33,183.788,9214
14/11:27:03,0.89,4.76,111.88,63.47,24.33,183.788,9215
14/11:27:04,0.89,4.77,111.88,63.36,24.33,183.799,9216
14/11:27:04,0.92,4.76,111.88,63.107,24.33,183.81,9217
14/11:27:05,0.97,4.75,111.89,62.909,24.33,183.821,9218
14/11:27:05,1.08,4.74,111.89,62.788,24.34,183.832,9219
14/11:27:06,1.92,4.74,111.85,62.667,24.34,183.843,9220
14/11:27:07,3.22,4.74,111.75,62.722,24.34,183.843,9221
14/11:27:07,6.19,4.71,111.45,63.415,24.34,183.865,9222
14/11:27:08,8.22,4.72,111.28,63.888,24.34,183.876,9223
14/11:27:08,9.84,4.62,111.21,64.361,24.34,183.887,9224
14/11:27:09,11.17,4.39,111.28,64.944,24.33,183.898,9225
14/11:27:09,12.59,4.19,111.35,65.494,24.33,183.909,9226
14/11:27:10,13.46,4.01,111.44,65.923,24.33,183.909,9227
14/11:27:11,13.99,3.82,111.56,66.308,24.33,183.92,9228
14/11:27:11,13.2,3.63,111.78,66.594,24.33,183.931,9229
14/11:27:12,12.38,3.44,112.02,66.726,24.33,183.942,9230
14/11:27:12,11.91,3.31,112.18,66.869,24.33,183.953,9231
14/11:27:13,11.84,3.4,112.1,67.034,24.32,183.964,9232
14/11:27:13,12.16,3.67,111.8,67.243,24.32,183.975,9233
14/11:27:14,12.59,3.84,111.55,67.496,24.32,183.986,9234
14/11:27:14,12.76,4.03,111.34,67.826,24.32,183.997,9235
14/11:27:15,12.51,4.2,111.13,68.09,24.32,183.997,9236
14/11:27:16,13.5,4.47,110.86,68.475,24.32,184.008,9237
14/11:27:16,14.05,4.65,110.62,68.783,24.32,184.008,9238
14/11:27:17,13.34,4.72,110.53,69.168,24.31,184.041,9239
14/11:27:17,12.18,4.73,110.62,69.179,24.31,184.052,9240
14/11:27:18,10.79,4.64,110.81,69.113,24.31,184.063,9241
14/11:27:19,9.28,4.44,111.19,69.223,24.31,184.074,9242
14/11:27:19,8.07,4.2,111.47,69.3,24.31,184.085,9243
14/11:27:20,6.59,4.03,111.73,69.168,24.31,184.096,9244
14/11:27:20,5.47,4.01,111.83,68.915,24.31,184.107,9245
14/11:27:21,4.47,4.02,111.95,68.695,24.31,184.118,9246
14/11:27:21,4.33,4.01,111.99,68.552,24.31,184.118,9247
14/11:27:22,4.52,4.01,111.98,68.508,24.31,184.129,9248
14/11:27:22,5.12,4.12,111.79,68.596,24.31,184.14,9249
14/11:27:23,5.93,4.36,111.56,68.618,24.31,184.151,9250
14/11:27:23,6.61,4.55,111.32,68.695,24.31,184.162,9251
14/11:27:24,7.16,4.68,111.16,68.794,24.31,184.173,9252
14/11:27:24,7.65,4.69,111.11,68.805,24.31,184.184,9253
14/11:27:25,7.94,4.68,111.08,68.827,24.31,184.195,9254
14/11:27:26,8.25,4.68,111.06,68.816,24.31,184.206,9255
14/11:27:26,8.41,4.7,111.06,68.816,24.31,184.217,9256
14/11:27:27,8.27,4.7,111.05,68.882,24.31,184.228,9257
14/11:27:27,8.28,4.69,111.04,69.025,24.31,184.228,9258
14/11:27:28,8.28,4.7,111.05,69.124,24.31,184.239,9259
14/11:27:28,8.35,4.69,111.05,69.135,24.3,184.25,9260
14/11:27:29,8.34,4.71,111.06,69.267,24.3,184.272,9261
14/11:27:30,8.34,4.72,111.05,69.278,24.3,184.283,9262
14/11:27:31,8.65,4.72,111.02,69.454,24.3,184.305,9263
14/11:27:31,9.21,4.7,110.96,69.806,24.3,184.316,9264
14/11:27:32,9.6,4.7,110.93,69.861,24.3,184.327,9265
14/11:27:33,9.96,4.7,110.88,69.971,24.3,184.349,9266
14/11:27:33,10.36,4.69,110.85,70.059,24.3,184.349,9267
14/11:27:34,10.62,4.69,110.81,70.158,24.3,184.371,9268
14/11:27:35,11.03,4.69,110.77,70.477,24.3,184.382,9269
14/11:27:35,11.17,4.7,110.73,70.598,24.3,184.393,9270
14/11:27:36,11.15,4.72,110.72,70.829,24.28,184.415,9271
14/11:27:37,11.14,4.73,110.71,70.961,24.28,184.426,9272
14/11:27:38,11.12,4.72,110.71,70.972,24.28,184.437,9273
14/11:27:38,11.25,4.73,110.69,71.126,24.28,184.459,9274
14/11:27:39,11.27,4.72,110.7,71.203,24.28,184.47,9275
14/11:27:40,11.45,4.7,110.71,71.181,24.28,184.481,9276
14/11:27:40,11.71,4.67,110.69,71.236,24.28,184.492,9277
14/11:27:41,12.03,4.67,110.66,71.335,24.28,184.503,9278
14/11:27:41,12.23,4.67,110.63,71.434,24.28,184.514,9279
14/11:27:42,12.51,4.68,110.61,71.544,24.28,184.525,9280
14/11:27:42,12.56,4.69,110.57,71.654,24.28,184.536,9281
14/11:27:44,13.21,4.74,110.51,71.775,24.28,184.558,9282
14/11:27:44,13.05,4.77,110.5,71.797,24.28,184.569,9283
14/11:27:45,13.18,4.79,110.51,71.764,24.28,184.58,9284
14/11:27:45,13.17,4.79,110.5,71.775,24.27,184.591,9285
14/11:27:46,13.2,4.79,110.51,71.83,24.27,184.602,9286
14/11:27:47,13.28,4.78,110.5,71.808,24.27,184.613,9287
14/11:27:47,13.16,4.78,110.48,71.841,24.27,184.624,9288
14/11:27:48,13.31,4.79,110.48,71.786,24.27,184.635,9289
14/11:27:48,13.17,4.8,110.47,71.808,24.27,184.646,9290
14/11:27:49,13.31,4.82,110.47,71.918,24.27,184.657,9291
14/11:27:49,13.27,4.81,110.47,71.94,24.27,184.668,9292
14/11:27:50,13.35,4.81,110.47,71.83,24.26,184.69,9293
14/11:27:50,13.28,4.81,110.47,71.841,24.26,184.701,9294
14/11:27:51,13.41,4.83,110.48,71.852,24.26,184.712,9295
14/11:27:52,13.31,4.84,110.47,71.841,24.26,184.723,9296
14/11:27:52,13.44,4.86,110.47,71.808,24.26,184.734,9297
14/11:27:53,13.1,4.87,110.47,71.786,24.26,184.745,9298
14/11:27:53,12.71,4.87,110.48,71.665,24.26,184.756,9299
14/11:27:54,11.96,4.89,110.55,71.533,24.25,184.767,9300
14/11:27:54,11.09,4.87,110.62,71.313,24.25,184.778,9301
14/11:27:55,10.81,4.87,110.65,71.126,24.25,184.778,9302
14/11:27:56,10.28,4.86,110.67,71.005,24.25,184.789,9303
14/11:27:56,10.2,4.84,110.7,70.972,24.25,184.8,9304
14/11:27:57,10.16,4.82,110.72,70.851,24.25,184.811,9305
14/11:27:57,10.51,4.83,110.7,70.928,24.25,184.822,9306
14/11:27:58,10.97,4.82,110.65,70.873,24.25,184.833,9307
14/11:27:58,11.89,4.81,110.56,70.95,24.25,184.844,9308
14/11:27:59,12.62,4.84,110.51,70.972,24.25,184.855,9309
14/11:27:59,13.13,4.84,110.47,71.049,24.25,184.866,9310
14/11:28:00,13.56,4.84,110.43,70.994,24.24,184.877,9311
14/11:28:01,13.77,4.83,110.41,71.071,24.24,184.888,9312
14/11:28:02,12.09,4.83,110.53,70.895,24.24,184.921,9313
14/11:28:02,11.42,4.85,110.57,70.829,24.24,184.932,9314
14/11:28:03,11.24,4.83,110.6,70.752,24.24,184.943,9315
14/11:28:03,10.95,4.82,110.6,70.708,24.24,184.954,9316
14/11:28:04,10.74,4.83,110.62,70.708,24.24,184.954,9317
14/11:28:04,10.74,4.83,110.63,70.675,24.23,184.965,9318
14/11:28:05,11.28,4.83,110.59,70.763,24.23,184.976,9319
14/11:28:06,12.45,4.84,110.47,71.17,24.23,184.998,9320
14/11:28:06,13.08,4.84,110.41,71.28,24.23,185.009,9321
14/11:28:07,13.39,4.84,110.4,71.412,24.23,185.02,9322
14/11:28:08,13.54,4.85,110.36,71.632,24.23,185.042,9323
14/11:28:08,13.25,4.83,110.37,71.742,24.23,185.053,9324
14/11:28:09,13.07,4.82,110.4,71.929,24.22,185.064,9325
14/11:28:09,12.86,4.8,110.42,72.05,24.22,185.075,9326
14/11:28:10,12.52,4.78,110.44,72.204,24.22,185.086,9327
14/11:28:11,12.26,4.77,110.47,72.336,24.22,185.097,9328
14/11:28:12,12.21,4.73,110.47,72.71,24.22,185.108,9329
14/11:28:12,12.49,4.72,110.44,72.952,24.22,185.13,9330
14/11:28:13,12.91,4.71,110.41,73.194,24.22,185.141,9331
14/11:28:13,13.09,4.7,110.38,73.436,24.22,185.152,9332
14/11:28:14,14.06,4.71,110.31,74.074,24.21,185.174,9333
14/11:28:15,14.28,4.71,110.26,74.349,24.21,185.185,9334
14/11:28:15,14.41,4.73,110.25,74.646,24.21,185.196,9335
14/11:28:16,14.46,4.72,110.2,74.866,24.21,185.207,9336
14/11:28:17,14.45,4.72,110.19,75.196,24.21,185.218,9337
14/11:28:17,14.68,4.73,110.19,75.504,24.21,185.229,9338
14/11:28:18,14.74,4.73,110.17,75.933,24.2,185.24,9339
14/11:28:18,14.54,4.73,110.16,76.593,24.2,185.262,9340
14/11:28:19,14.61,4.74,110.18,76.846,24.2,185.273,9341
14/11:28:20,14.72,4.75,110.17,77.22,24.2,185.284,9342
14/11:28:20,14.84,4.74,110.19,77.616,24.2,185.295,9343
14/11:28:21,14.91,4.74,110.18,77.99,24.19,185.306,9344
14/11:28:21,14.15,4.74,110.22,78.199,24.19,185.317,9345
14/11:28:22,13.11,4.74,110.32,78.342,24.19,185.328,9346
14/11:28:22,12.02,4.73,110.42,78.441,24.19,185.339,9347
14/11:28:23,10.52,4.73,110.51,78.562,24.19,185.35,9348
14/11:28:24,9.4,4.7,110.6,78.683,24.19,185.361,9349
14/11:28:24,8.3,4.69,110.7,78.771,24.19,185.372,9350
14/11:28:25,7.25,4.69,110.8,78.936,24.19,185.383,9351
14/11:28:25,6.04,4.69,110.94,78.991,24.19,185.405,9352
14/11:28:26,6.32,4.7,110.96,79.024,24.19,185.416,9353
14/11:28:26,6.46,4.69,110.94,79.112,24.19,185.416,9354
14/11:28:27,6.59,4.68,110.94,79.211,24.19,185.427,9355
14/11:28:27,6.8,4.68,110.93,79.387,24.19,185.449,9356
14/11:28:28,7.12,4.68,110.93,79.552,24.19,185.46,9357
14/11:28:29,7.31,4.68,110.93,79.662,24.19,185.471,9358
14/11:28:29,7.3,4.68,110.93,79.739,24.19,185.482,9359
14/11:28:30,7.14,4.67,110.92,79.794,24.19,185.493,9360
14/11:28:30,6.98,4.66,110.9,79.86,24.18,185.515,9361
14/11:28:31,7.12,4.66,110.91,80.025,24.18,185.526,9362
14/11:28:31,7.33,4.67,110.91,80.256,24.18,185.548,9363
14/11:28:32,7.35,4.66,110.93,80.3,24.18,185.559,9364
14/11:28:33,7.46,4.67,110.91,80.278,24.18,185.57,9365
14/11:28:33,7.47,4.67,110.91,80.366,24.18,185.581,9366
14/11:28:34,7.49,4.68,110.91,80.575,24.18,185.592,9367
14/11:28:34,7.65,4.69,110.9,80.652,24.18,185.603,9368
14/11:28:35,7.56,4.69,110.9,80.597,24.18,185.614,9369
14/11:28:36,7.21,4.68,110.89,80.762,24.18,185.636,9370
14/11:28:36,7.17,4.69,110.9,80.872,24.18,185.647,9371
14/11:28:37,7.26,4.7,110.9,80.817,24.18,185.658,9372
14/11:28:37,7.28,4.71,110.91,80.795,24.18,185.669,9373
14/11:28:38,7.21,4.71,110.92,80.905,24.18,185.691,9374
14/11:28:38,7.26,4.72,110.92,80.993,24.18,185.702,9375
14/11:28:39,7.27,4.72,110.92,81.004,24.18,185.713,9376
14/11:28:40,7.37,4.72,110.92,81.059,24.18,185.724,9377
14/11:28:40,7.44,4.73,110.91,81.136,24.18,185.735,9378
14/11:28:41,7.2,4.72,110.92,81.169,24.18,185.746,9379
14/11:28:41,7.07,4.72,110.92,81.169,24.18,185.757,9380
14/11:28:42,7.3,4.71,110.92,81.18,24.18,185.768,9381
14/11:28:42,7.45,4.72,110.92,81.103,24.18,185.779,9382
14/11:28:43,7.28,4.72,110.93,80.993,24.18,185.79,9383
14/11:28:44,7.31,4.74,110.96,81.081,24.18,185.801,9384
14/11:28:44,7.15,4.74,110.97,81.18,24.17,185.812,9385
14/11:28:45,7.28,4.75,110.96,81.18,24.17,185.845,9386
14/11:28:45,7.27,4.75,110.96,81.147,24.17,185.856,9387
14/11:28:46,7.24,4.74,110.96,81.103,24.17,185.867,9388
14/11:28:46,7.13,4.74,110.96,81.092,24.17,185.878,9389
14/11:28:47,7.11,4.74,110.96,81.07,24.17,185.889,9390
14/11:28:47,7.31,4.74,110.94,81.07,24.17,185.9,9391
14/11:28:49,6.93,4.75,110.97,80.806,24.17,185.922,9392
14/11:28:50,6.47,4.76,111.03,80.608,24.17,185.955,9393
14/11:28:51,6.23,4.75,111.02,80.608,24.17,185.966,9394
14/11:28:51,6.09,4.75,111.04,80.718,24.17,185.988,9395
14/11:28:52,5.73,4.73,111.08,80.443,24.17,186.01,9396
14/11:28:53,5.75,4.72,111.08,80.234,24.17,186.021,9397
14/11:28:53,5.72,4.72,111.09,80.102,24.17,186.032,9398
14/11:28:54,5.67,4.71,111.09,80.069,24.17,186.043,9399
14/11:28:54,5.79,4.71,111.09,79.882,24.17,186.054,9400
14/11:28:55,5.82,4.71,111.1,79.717,24.17,186.065,9401
14/11:28:55,5.67,4.71,111.09,79.596,24.17,186.076,9402
14/11:28:56,5.56,4.71,111.09,79.64,24.17,186.087,9403
14/11:28:57,6.08,4.71,111.08,79.42,24.17,186.109,9404
14/11:28:58,6.02,4.71,111.08,79.134,24.17,186.131,9405
14/11:28:58,5.86,4.71,111.08,78.958,24.17,186.142,9406
14/11:28:59,5.8,4.71,111.08,78.837,24.17,186.153,9407
14/11:29:00,5.75,4.71,111.09,78.694,24.17,186.164,9408
14/11:29:00,5.69,4.72,111.09,78.617,24.17,186.175,9409
14/11:29:01,5.28,4.73,111.1,78.507,24.17,186.197,9410
14/11:29:02,5.33,4.73,111.09,78.331,24.17,186.208,9411
14/11:29:02,5.5,4.75,111.09,78.133,24.17,186.23,9412
14/11:29:03,5.95,4.78,111.09,77.836,24.17,186.252,9413
14/11:29:04,6.15,4.79,111.1,77.66,24.17,186.263,9414
14/11:29:04,6.13,4.8,111.09,77.605,24.17,186.274,9415
14/11:29:05,6.16,4.8,111.09,77.561,24.17,186.285,9416
14/11:29:06,6.04,4.81,111.11,77.165,24.17,186.318,9417
14/11:29:07,6.11,4.81,111.11,77.022,24.16,186.329,9418
14/11:29:07,6.43,4.81,111.08,76.923,24.16,186.34,9419
14/11:29:08,6.83,4.81,111.02,76.945,24.16,186.351,9420
14/11:29:08,7.23,4.8,110.99,76.956,24.16,186.362,9421
14/11:29:09,7.54,4.8,110.94,76.901,24.16,186.373,9422
14/11:29:09,7.85,4.8,110.91,76.835,24.16,186.384,9423
14/11:29:10,8.16,4.78,110.87,76.758,24.16,186.395,9424
14/11:29:11,8.42,4.76,110.81,76.692,24.16,186.406,9425
14/11:29:11,8.54,4.77,110.77,76.681,24.16,186.417,9426
14/11:29:12,8.43,4.76,110.77,76.604,24.16,186.428,9427
14/11:29:12,8.24,4.75,110.78,76.626,24.16,186.439,9428
14/11:29:13,8.36,4.77,110.78,76.659,24.16,186.45,9429
14/11:29:13,8.57,4.78,110.78,76.604,24.16,186.461,9430
14/11:29:14,8.88,4.81,110.8,76.505,24.16,186.472,9431
14/11:29:14,9.03,4.82,110.79,76.582,24.16,186.483,9432
14/11:29:15,9.13,4.82,110.78,76.593,24.16,186.494,9433
14/11:29:16,9.36,4.82,110.79,76.582,24.16,186.505,9434
14/11:29:16,10.11,4.83,110.75,76.659,24.16,186.516,9435
14/11:29:17,10.86,4.82,110.67,76.824,24.16,186.516,9436
14/11:29:17,12.19,4.84,110.55,77.165,24.15,186.549,9437
14/11:29:18,12.79,4.84,110.47,77.297,24.15,186.56,9438
14/11:29:18,12.98,4.86,110.44,77.418,24.15,186.571,9439
14/11:29:19,13.23,4.86,110.44,77.385,24.15,186.582,9440
14/11:29:20,13.4,4.88,110.43,77.308,24.15,186.593,9441
14/11:29:20,13.01,4.88,110.47,77.231,24.15,186.604,9442
14/11:29:21,12.57,4.9,110.51,77.209,24.15,186.615,9443
14/11:29:21,12.15,4.88,110.56,77.264,24.15,186.626,9444
14/11:29:22,11.68,4.88,110.61,77.297,24.14,186.637,9445
14/11:29:22,11.28,4.88,110.68,77.264,24.14,186.648,9446
14/11:29:23,11.28,4.87,110.69,77.264,24.14,186.659,9447
14/11:29:23,11.26,4.86,110.7,77.187,24.14,186.681,9448
14/11:29:24,11.19,4.86,110.69,77.154,24.14,186.703,9449
14/11:29:25,11.14,4.86,110.7,77.121,24.14,186.703,9450
14/11:29:25,11.09,4.85,110.7,77.088,24.14,186.725,9451
14/11:29:26,11.09,4.86,110.7,77.176,24.14,186.736,9452
14/11:29:27,11.05,4.85,110.71,77.132,24.14,186.747,9453
14/11:29:27,10.91,4.86,110.7,77.209,24.13,186.758,9454
14/11:29:28,10.8,4.88,110.71,77.209,24.13,186.769,9455
14/11:29:28,10.56,4.89,110.71,77.187,24.13,186.78,9456
14/11:29:29,10.55,4.9,110.71,77.176,24.13,186.791,9457
14/11:29:29,10.61,4.89,110.7,77.143,24.13,186.802,9458
14/11:29:30,10.53,4.89,110.7,77.154,24.13,186.813,9459
14/11:29:30,10.53,4.89,110.69,77.209,24.13,186.824,9460
14/11:29:31,10.56,4.89,110.68,77.363,24.13,186.835,9461
14/11:29:32,10.75,4.88,110.65,77.506,24.13,186.846,9462
14/11:29:32,11.2,4.89,110.56,77.693,24.13,186.868,9463
14/11:29:33,11.54,4.87,110.47,77.858,24.12,186.89,9464
14/11:29:34,11.82,4.87,110.45,77.935,24.12,186.901,9465
14/11:29:35,12.98,4.89,110.35,78.298,24.12,186.934,9466
14/11:29:36,13.34,4.89,110.32,78.375,24.12,186.945,9467
14/11:29:36,13.7,4.89,110.28,78.639,24.12,186.956,9468
14/11:29:37,13.91,4.91,110.27,78.87,24.12,186.967,9469
14/11:29:37,14.2,4.92,110.25,79.244,24.11,186.978,9470
14/11:29:38,14.49,4.91,110.22,79.497,24.11,186.989,9471
14/11:29:39,14.69,4.91,110.17,79.761,24.11,187.0,9472
14/11:29:39,14.62,4.9,110.17,79.926,24.11,187.022,9473
14/11:29:40,13.89,4.9,110.23,79.981,24.11,187.033,9474
14/11:29:40,12.64,4.89,110.34,79.97,24.11,187.044,9475
14/11:29:41,11.33,4.87,110.46,79.915,24.11,187.055,9476
14/11:29:41,10.08,4.87,110.59,79.805,24.11,187.066,9477
14/11:29:42,8.09,4.87,110.74,79.508,24.11,187.077,9478
14/11:29:43,6.27,4.87,110.9,79.255,24.11,187.088,9479
14/11:29:43,4.45,4.87,111.09,79.079,24.11,187.099,9480
14/11:29:44,2.33,4.86,111.27,78.848,24.11,187.11,9481
14/11:29:44,1.71,4.85,111.36,78.562,24.11,187.121,9482
14/11:29:45,1.3,4.86,111.44,78.353,24.11,187.132,9483
14/11:29:45,0.74,4.86,111.51,78.133,24.11,187.143,9484
14/11:29:46,0.46,4.85,111.53,77.858,24.11,187.154,9485
14/11:29:46,0.46,4.85,111.54,77.528,24.11,187.165,9486
14/11:29:47,0.46,4.85,111.56,77.187,24.11,187.176,9487
14/11:29:48,0.46,4.84,111.56,76.857,24.11,187.187,9488
14/11:29:48,0.46,4.84,111.56,76.582,24.11,187.198,9489
14/11:29:49,0.46,4.83,111.56,76.252,24.11,187.209,9490
14/11:29:49,0.46,4.83,111.56,75.922,24.11,187.22,9491
14/11:29:50,0.59,4.82,111.54,75.185,24.11,187.242,9492
14/11:29:50,1.91,4.81,111.47,75.042,24.11,187.253,9493
14/11:29:51,3.6,4.8,111.3,75.207,24.11,187.264,9494
14/11:29:51,5.44,4.81,111.13,75.372,24.11,187.275,9495
14/11:29:52,7.31,4.81,110.96,75.581,24.11,187.286,9496
14/11:29:53,11.05,4.84,110.59,76.065,24.11,187.308,9497
14/11:29:53,12.93,4.84,110.44,76.351,24.11,187.308,9498
14/11:29:54,14.05,4.85,110.35,76.549,24.11,187.33,9499
14/11:29:54,14.07,4.86,110.31,76.648,24.11,187.341,9500
14/11:29:55,13.05,4.87,110.41,76.703,24.11,187.352,9501
14/11:29:56,11.92,4.87,110.51,76.648,24.11,187.363,9502
14/11:29:56,10.61,4.86,110.64,76.56,24.1,187.374,9503
14/11:29:57,9.24,4.84,110.76,76.549,24.1,187.396,9504
14/11:29:57,7.88,4.82,110.85,76.56,24.1,187.396,9505
14/11:29:58,6.9,4.82,110.95,76.56,24.1,187.407,9506
14/11:29:58,6.19,4.81,111.0,76.549,24.1,187.429,9507
14/11:30:00,5.21,4.79,111.06,76.802,24.1,187.462,9508
14/11:30:00,5.6,4.79,111.02,76.868,24.1,187.473,9509
14/11:30:01,5.89,4.79,111.0,77.033,24.1,187.484,9510
14/11:30:01,6.22,4.78,110.98,77.242,24.1,187.495,9511
14/11:30:02,6.73,4.79,110.92,77.517,24.1,187.506,9512
14/11:30:03,8.11,4.79,110.8,78.133,24.1,187.528,9513
14/11:30:03,8.75,4.8,110.72,78.386,24.1,187.539,9514
14/11:30:04,9.34,4.81,110.67,78.683,24.1,187.55,9515
14/11:30:04,10.01,4.81,110.64,78.991,24.1,187.561,9516
14/11:30:05,10.49,4.82,110.61,79.398,24.1,187.572,9517
14/11:30:05,10.79,4.83,110.6,79.64,24.1,187.583,9518
14/11:30:06,10.74,4.83,110.6,80.366,24.1,187.605,9519
14/11:30:07,10.95,4.82,110.59,80.795,24.09,187.616,9520
14/11:30:07,10.72,4.82,110.61,81.103,24.09,187.616,9521
14/11:30:08,10.08,4.81,110.68,81.312,24.09,187.627,9522
14/11:30:08,9.37,4.79,110.73,81.521,24.09,187.649,9523
14/11:30:09,8.67,4.78,110.77,81.708,24.09,187.66,9524
14/11:30:10,8.07,4.77,110.84,81.895,24.09,187.682,9525
14/11:30:10,7.24,4.77,110.91,81.983,24.09,187.693,9526
14/11:30:11,6.35,4.76,111.01,82.137,24.09,187.704,9527
14/11:30:11,5.42,4.76,111.1,82.236,24.09,187.715,9528
14/11:30:12,4.74,4.76,111.13,82.379,24.09,187.726,9529
14/11:30:12,3.85,4.65,111.28,82.467,24.09,187.737,9530
14/11:30:13,3.14,4.45,111.61,82.632,24.09,187.748,9531
14/11:30:13,2.33,4.23,111.92,82.742,24.09,187.759,9532
14/11:30:14,1.7,4.03,112.19,82.588,24.09,187.77,9533
14/11:30:15,0.75,3.97,112.33,81.95,24.09,187.803,9534
14/11:30:15,0.41,3.97,112.38,81.609,24.09,187.814,9535
14/11:30:16,0.24,3.97,112.43,81.411,24.09,187.825,9536
14/11:30:16,0.27,4.08,112.3,81.202,24.09,187.836,9537
14/11:30:17,0.33,4.31,112.1,80.927,24.09,187.847,9538
14/11:30:18,0.39,4.51,111.89,80.553,24.09,187.858,9539
14/11:30:18,0.45,4.7,111.67,80.267,24.09,187.869,9540
14/11:30:19,0.47,4.76,111.62,79.937,24.1,187.88,9541
14/11:30:19,0.49,4.76,111.63,79.563,24.1,187.891,9542
14/11:30:20,0.56,4.77,111.63,79.112,24.1,187.902,9543
14/11:30:20,0.89,4.77,111.61,78.749,24.1,187.913,9544
14/11:30:21,1.9,4.79,111.52,78.595,24.1,187.924,9545
14/11:30:22,4.35,4.8,111.32,78.54,24.1,187.946,9546
14/11:30:22,5.62,4.81,111.2,78.463,24.1,187.957,9547
14/11:30:23,6.87,4.83,111.11,78.298,24.1,187.968,9548
14/11:30:23,7.71,4.85,111.06,78.001,24.1,187.99,9549
14/11:30:24,8.45,4.84,111.0,77.616,24.1,187.99,9550
14/11:30:25,8.63,4.84,110.96,77.33,24.1,188.001,9551
14/11:30:25,7.59,4.84,111.03,76.978,24.1,188.023,9552
14/11:30:26,6.41,4.84,111.12,76.45,24.1,188.034,9553
14/11:30:26,5.19,4.83,111.25,75.966,24.1,188.045,9554
14/11:30:27,3.9,4.82,111.35,75.416,24.1,188.056,9555
14/11:30:27,2.67,4.81,111.42,74.8,24.1,188.067,9556
14/11:30:28,2.01,4.8,111.48,74.085,24.1,188.078,9557
14/11:30:28,1.26,4.8,111.55,73.568,24.1,188.078,9558
14/11:30:29,0.56,4.8,111.62,73.095,24.1,188.1,9559
14/11:30:29,0.47,4.79,111.65,72.567,24.1,188.111,9560
14/11:30:30,0.48,4.79,111.65,72.017,24.1,188.111,9561
14/11:30:30,0.49,4.79,111.65,71.522,24.1,188.122,9562
14/11:30:31,0.62,4.8,111.66,70.169,24.1,188.155,9563
14/11:30:32,1.07,4.81,111.63,69.795,24.1,188.166,9564
14/11:30:33,2.24,4.82,111.56,69.575,24.1,188.177,9565
14/11:30:33,3.34,4.82,111.45,69.476,24.1,188.188,9566
14/11:30:34,4.27,4.83,111.35,69.344,24.1,188.199,9567
14/11:30:34,5.14,4.83,111.27,69.201,24.1,188.21,9568
14/11:30:35,6.02,4.82,111.21,69.069,24.1,188.221,9569
14/11:30:36,6.82,4.83,111.14,68.97,24.1,188.232,9570
14/11:30:36,7.43,4.83,111.05,68.871,24.1,188.243,9571
14/11:30:37,7.64,4.83,111.01,68.761,24.1,188.254,9572
14/11:30:37,7.47,4.83,111.0,68.552,24.1,188.254,9573
14/11:30:38,7.34,4.82,111.01,68.453,24.1,188.265,9574
14/11:30:38,7.75,4.81,111.0,68.365,24.1,188.276,9575
14/11:30:39,8.18,4.82,110.96,68.387,24.1,188.287,9576
14/11:30:39,9.02,4.82,110.88,68.541,24.1,188.298,9577
14/11:30:40,10.01,4.81,110.82,68.695,24.1,188.309,9578
14/11:30:40,11.67,4.8,110.66,69.135,24.1,188.331,9579
14/11:30:41,12.55,4.81,110.59,69.289,24.1,188.342,9580
14/11:30:42,13.46,4.8,110.49,69.553,24.09,188.353,9581
14/11:30:42,13.19,4.8,110.5,69.861,24.09,188.364,9582
14/11:30:43,12.6,4.79,110.53,69.916,24.09,188.364,9583
14/11:30:43,11.95,4.8,110.59,69.927,24.09,188.375,9584
14/11:30:44,11.25,4.81,110.64,69.927,24.09,188.386,9585
14/11:30:45,11.14,4.82,110.64,70.081,24.09,188.397,9586
14/11:30:45,11.08,4.84,110.64,70.279,24.09,188.408,9587
14/11:30:46,11.09,4.85,110.64,70.543,24.09,188.408,9588
14/11:30:46,11.34,4.84,110.64,70.873,24.09,188.43,9589
14/11:30:47,13.73,4.85,110.4,71.588,24.08,188.452,9590
14/11:30:47,14.56,4.86,110.31,72.006,24.08,188.463,9591
14/11:30:48,14.56,4.85,110.27,72.193,24.08,188.474,9592
14/11:30:48,13.87,4.86,110.33,72.237,24.08,188.485,9593
14/11:30:49,12.89,4.83,110.4,72.171,24.08,188.496,9594
14/11:30:49,11.6,4.83,110.53,72.017,24.08,188.507,9595
14/11:30:50,10.28,4.83,110.63,71.808,24.08,188.518,9596
14/11:30:51,8.91,4.83,110.76,71.709,24.08,188.529,9597
14/11:30:51,6.9,4.82,110.98,71.357,24.07,188.551,9598
14/11:30:52,6.67,4.81,111.0,71.258,24.07,188.562,9599
14/11:30:53,6.72,4.79,111.0,71.082,24.07,188.562,9600
14/11:30:54,6.82,4.79,110.98,70.631,24.07,188.584,9601
14/11:30:54,6.93,4.79,110.98,70.444,24.07,188.595,9602
14/11:30:55,7.02,4.78,110.95,70.015,24.07,188.617,9603
14/11:30:56,7.24,4.79,110.95,69.762,24.07,188.628,9604
14/11:30:56,7.25,4.8,110.93,69.586,24.07,188.639,9605
14/11:30:57,7.53,4.8,110.91,69.421,24.07,188.65,9606
14/11:30:58,7.76,4.82,110.9,69.201,24.07,188.661,9607
14/11:30:58,8.31,4.82,110.85,68.97,24.07,188.672,9608
14/11:30:59,8.91,4.81,110.79,68.805,24.07,188.683,9609
14/11:30:59,9.65,4.82,110.73,68.717,24.07,188.694,9610
14/11:31:00,10.34,4.83,110.68,68.684,24.07,188.694,9611
14/11:31:00,10.85,4.83,110.61,68.629,24.07,188.705,9612
14/11:31:02,12.45,4.86,110.45,68.42,24.06,188.727,9613
14/11:31:02,12.6,4.87,110.43,68.354,24.06,188.749,9614
14/11:31:03,12.69,4.89,110.41,68.233,24.06,188.771,9615
14/11:31:04,12.7,4.9,110.41,68.233,24.06,188.793,9616
14/11:31:05,12.4,4.9,110.43,68.167,24.06,188.804,9617
14/11:31:05,11.88,4.89,110.49,68.002,24.06,188.804,9618
14/11:31:06,11.28,4.9,110.56,67.892,24.06,188.815,9619
14/11:31:06,11.08,4.9,110.57,67.826,24.05,188.826,9620
14/11:31:07,10.88,4.92,110.61,67.782,24.05,188.837,9621
14/11:31:08,10.78,4.93,110.62,67.727,24.05,188.848,9622
14/11:31:08,10.79,4.92,110.61,67.793,24.05,188.859,9623
14/11:31:09,11.12,4.92,110.6,67.936,24.05,188.87,9624
14/11:31:09,11.68,4.93,110.53,68.057,24.05,188.881,9625
14/11:31:10,12.46,4.93,110.44,68.211,24.05,188.892,9626
14/11:31:11,13.62,4.89,110.3,68.585,24.05,188.903,9627
14/11:31:11,13.68,4.87,110.28,68.739,24.05,188.914,9628
14/11:31:12,13.56,4.86,110.28,68.816,24.04,188.925,9629
14/11:31:13,12.2,4.8,110.4,69.124,24.04,188.958,9630
14/11:31:14,11.83,4.81,110.43,69.212,24.04,188.969,9631
14/11:31:14,11.27,4.79,110.49,69.289,24.04,188.98,9632
14/11:31:15,11.26,4.82,110.5,69.399,24.04,188.991,9633
14/11:31:15,11.64,4.82,110.47,69.586,24.04,189.002,9634
14/11:31:16,12.13,4.81,110.44,69.883,24.04,189.013,9635
14/11:31:17,12.39,4.81,110.39,70.103,24.03,189.024,9636
14/11:31:17,12.84,4.86,110.34,70.532,24.03,189.035,9637
14/11:31:19,12.82,4.84,110.32,71.115,24.03,189.068,9638
14/11:31:19,12.7,4.86,110.33,71.423,24.03,189.079,9639
14/11:31:20,12.36,4.88,110.35,71.621,24.03,189.09,9640
14/11:31:21,12.37,4.87,110.36,71.874,24.03,189.101,9641
14/11:31:21,12.24,4.85,110.37,72.149,24.02,189.112,9642
14/11:31:22,12.28,4.85,110.36,72.347,24.02,189.123,9643
14/11:31:22,12.3,4.86,110.35,72.545,24.02,189.134,9644
14/11:31:23,12.12,4.87,110.35,72.809,24.02,189.145,9645
14/11:31:24,12.32,4.87,110.36,73.073,24.02,189.156,9646
14/11:31:24,12.19,4.87,110.36,73.381,24.02,189.167,9647
14/11:31:25,12.15,4.88,110.35,73.711,24.02,189.178,9648
14/11:31:25,12.16,4.89,110.35,73.986,24.02,189.189,9649
14/11:31:26,12.19,4.88,110.36,74.283,24.02,189.2,9650
14/11:31:26,11.96,4.87,110.36,74.635,24.01,189.211,9651
14/11:31:27,12.17,4.87,110.34,74.965,24.01,189.222,9652
14/11:31:27,13.0,4.87,110.28,75.35,24.01,189.233,9653
14/11:31:28,13.56,4.78,110.35,75.922,24.01,189.244,9654
14/11:31:29,13.73,4.6,110.49,76.681,24.01,189.255,9655
14/11:31:29,13.73,4.44,110.69,77.286,24.01,189.266,9656
14/11:31:30,13.35,4.25,110.88,77.66,24.01,189.277,9657
14/11:31:30,13.12,4.14,111.01,77.913,24.01,189.288,9658
14/11:31:31,12.99,4.14,111.06,78.034,24.0,189.31,9659
14/11:31:31,11.61,4.12,111.15,78.298,24.0,189.321,9660
14/11:31:32,11.01,4.26,111.06,78.639,24.0,189.332,9661
14/11:31:32,10.53,4.48,110.93,78.936,24.0,189.343,9662
14/11:31:33,10.28,4.84,110.56,79.706,24.0,189.376,9663
14/11:31:34,9.63,4.84,110.59,79.959,24.0,189.387,9664
14/11:31:35,9.47,4.84,110.6,80.267,24.0,189.398,9665
14/11:31:35,9.54,4.85,110.61,80.52,24.0,189.409,9666
14/11:31:36,8.98,4.85,110.65,80.608,23.99,189.431,9667
14/11:31:37,8.31,4.85,110.7,80.696,23.99,189.442,9668
14/11:31:37,7.52,4.84,110.75,80.85,23.99,189.453,9669
14/11:31:38,6.94,4.85,110.8,80.927,23.99,189.464,9670
14/11:31:38,6.84,4.84,110.85,81.037,23.99,189.475,9671
14/11:31:39,6.43,4.84,110.88,81.136,23.99,189.486,9672
14/11:31:39,5.76,4.83,110.93,81.125,23.99,189.497,9673
14/11:31:40,5.81,4.83,110.94,81.125,23.99,189.508,9674
14/11:31:40,5.96,4.84,110.97,81.092,23.99,189.508,9675
14/11:31:41,5.37,4.85,111.01,80.971,23.99,189.53,9676
14/11:31:42,4.7,4.85,111.08,80.817,23.99,189.541,9677
14/11:31:42,3.98,4.84,111.13,80.575,23.99,189.552,9678
14/11:31:43,3.13,4.83,111.2,80.212,23.99,189.563,9679
14/11:31:43,2.54,4.83,111.28,79.915,23.99,189.574,9680
14/11:31:44,1.99,4.83,111.34,79.662,23.99,189.585,9681
14/11:31:44,2.77,4.83,111.32,79.475,23.99,189.596,9682
14/11:31:45,3.93,4.75,111.28,79.574,23.99,189.618,9683
14/11:31:46,5.48,4.56,111.32,79.871,23.99,189.629,9684
14/11:31:46,7.38,4.39,111.33,80.19,23.99,189.64,9685
14/11:31:47,9.14,4.23,111.34,80.399,23.99,189.651,9686
14/11:31:47,11.04,4.13,111.27,80.509,23.99,189.662,9687
14/11:31:48,13.18,4.15,111.07,80.465,23.99,189.673,9688
14/11:31:48,14.46,4.15,110.93,80.399,23.99,189.684,9689
14/11:31:49,14.0,4.14,110.91,80.333,23.99,189.695,9690
14/11:31:50,13.34,4.23,110.86,80.157,23.99,189.706,9691
14/11:31:50,12.67,4.39,110.74,80.014,23.99,189.717,9692
14/11:31:51,11.86,4.56,110.64,79.981,23.98,189.728,9693
14/11:31:51,11.03,4.74,110.53,79.959,23.98,189.739,9694
14/11:31:52,10.01,4.8,110.56,79.904,23.98,189.794,9695
14/11:31:53,10.27,4.8,110.51,80.102,23.98,189.805,9696
14/11:31:53,10.78,4.8,110.46,80.223,23.98,189.816,9697
14/11:31:54,11.46,4.81,110.42,80.3,23.98,189.816,9698
14/11:31:55,11.97,4.81,110.37,80.322,23.98,189.827,9699
14/11:31:55,12.06,4.81,110.3,80.641,23.97,189.86,9700
14/11:31:56,12.33,4.82,110.3,80.817,23.97,189.871,9701
14/11:31:56,12.42,4.82,110.3,80.916,23.97,189.882,9702
14/11:31:57,12.19,4.83,110.32,80.971,23.97,189.893,9703
14/11:31:58,11.96,4.83,110.34,81.18,23.97,189.904,9704
14/11:31:58,11.56,4.82,110.36,81.345,23.97,189.915,9705
14/11:31:59,11.24,4.81,110.4,81.554,23.97,189.937,9706
14/11:32:00,10.94,4.82,110.43,81.675,23.97,189.959,9707
14/11:32:00,10.1,4.82,110.51,81.895,23.96,189.981,9708
14/11:32:01,9.79,4.81,110.55,81.95,23.96,189.992,9709
14/11:32:02,9.05,4.81,110.57,81.939,23.96,190.003,9710
14/11:32:02,8.74,4.82,110.62,81.961,23.96,190.014,9711
14/11:32:03,8.17,4.81,110.68,81.884,23.96,190.025,9712
14/11:32:04,7.01,4.79,110.79,81.796,23.96,190.047,9713
14/11:32:04,6.44,4.79,110.86,81.818,23.96,190.058,9714
14/11:32:05,6.17,4.8,110.9,81.862,23.96,190.069,9715
14/11:32:05,5.8,4.79,110.93,81.862,23.96,190.091,9716
14/11:32:06,5.85,4.79,110.96,81.873,23.96,190.102,9717
14/11:32:06,5.82,4.8,110.99,81.73,23.96,190.113,9718
14/11:32:07,5.82,4.81,110.98,81.73,23.96,190.124,9719
14/11:32:07,5.88,4.81,110.98,81.862,23.96,190.135,9720
14/11:32:08,5.83,4.83,110.98,81.818,23.96,190.146,9721
14/11:32:09,5.75,4.82,110.98,81.631,23.96,190.157,9722
14/11:32:09,5.68,4.82,110.98,81.675,23.96,190.168,9723
14/11:32:10,5.91,4.82,110.97,81.631,23.96,190.179,9724
14/11:32:10,5.66,4.81,110.97,81.477,23.96,190.19,9725
14/11:32:11,5.57,4.81,110.94,81.543,23.96,190.201,9726
14/11:32:11,5.76,4.81,110.94,81.576,23.96,190.212,9727
14/11:32:12,5.7,4.8,110.94,81.444,23.96,190.223,9728
14/11:32:13,5.89,4.8,110.95,81.323,23.96,190.256,9729
14/11:32:13,5.61,4.8,110.96,81.235,23.96,190.267,9730
14/11:32:14,5.15,4.8,111.0,81.103,23.96,190.278,9731
14/11:32:14,4.82,4.81,111.05,81.015,23.96,190.289,9732
14/11:32:15,4.52,4.81,111.11,80.916,23.96,190.3,9733
14/11:32:16,3.62,4.81,111.2,80.586,23.96,190.322,9734
14/11:32:17,3.27,4.82,111.25,80.388,23.96,190.333,9735
14/11:32:17,2.74,4.82,111.3,79.948,23.96,190.355,9736
14/11:32:18,2.74,4.81,111.31,79.772,23.96,190.366,9737
14/11:32:18,2.76,4.82,111.3,79.629,23.96,190.377,9738
14/11:32:19,2.74,4.81,111.3,79.453,23.96,190.388,9739
14/11:32:20,2.74,4.81,111.28,79.123,23.96,190.41,9740
14/11:32:20,2.93,4.8,111.28,78.87,23.96,190.421,9741
14/11:32:21,3.11,4.77,111.26,78.386,23.96,190.443,9742
14/11:32:21,3.24,4.77,111.26,78.177,23.96,190.454,9743
14/11:32:22,3.34,4.77,111.25,77.847,23.96,190.465,9744
14/11:32:22,3.5,4.75,111.25,77.616,23.96,190.476,9745
14/11:32:23,3.49,4.7,111.33,77.517,23.96,190.487,9746
14/11:32:24,3.23,4.56,111.56,77.407,23.96,190.498,9747
14/11:32:24,2.96,4.42,111.77,77.341,23.96,190.509,9748
14/11:32:25,2.33,4.11,112.23,77.088,23.96,190.531,9749
14/11:32:26,2.06,3.97,112.44,76.846,23.96,190.542,9750
14/11:32:26,1.76,3.86,112.61,76.417,23.96,190.553,9751
14/11:32:27,1.67,3.88,112.61,75.9,23.96,190.564,9752
14/11:32:27,1.79,3.96,112.47,75.383,23.96,190.575,9753
14/11:32:28,1.95,4.15,112.24,75.185,23.96,190.586,9754
14/11:32:29,2.1,4.3,112.05,74.976,23.96,190.597,9755
14/11:32:29,2.25,4.46,111.84,74.624,23.96,190.608,9756
14/11:32:30,2.49,4.59,111.6,74.371,23.96,190.608,9757
14/11:32:30,2.78,4.75,111.4,74.151,23.96,190.63,9758
14/11:32:31,2.85,4.78,111.34,73.931,23.97,190.641,9759
14/11:32:31,2.79,4.77,111.35,73.733,23.97,190.652,9760
14/11:32:32,2.74,4.76,111.35,73.513,23.97,190.663,9761
14/11:32:32,2.82,4.75,111.36,73.326,23.97,190.674,9762
14/11:32:33,2.88,4.71,111.37,72.82,23.97,190.696,9763
14/11:32:34,2.87,4.71,111.37,72.578,23.97,190.707,9764
14/11:32:34,2.78,4.69,111.38,72.413,23.97,190.718,9765
14/11:32:35,2.61,4.54,111.57,72.402,23.97,190.729,9766
14/11:32:35,2.4,4.36,111.83,72.424,23.97,190.74,9767
14/11:32:36,2.15,4.21,112.04,72.27,23.97,190.74,9768
14/11:32:36,1.85,4.06,112.23,72.05,23.97,190.762,9769
14/11:32:37,1.92,4.02,112.26,71.599,23.97,190.762,9770
14/11:32:38,1.84,4.02,112.27,71.192,23.97,190.773,9771
14/11:32:38,2.51,4.02,112.22,70.917,23.97,190.784,9772
14/11:32:39,3.97,4.06,112.1,70.939,23.97,190.795,9773
14/11:32:39,5.27,4.22,111.79,71.159,23.97,190.806,9774
14/11:32:40,7.7,4.35,111.38,71.654,23.97,190.828,9775
14/11:32:40,9.09,4.37,111.25,71.863,23.97,190.839,9776
14/11:32:41,9.91,4.3,111.27,72.039,23.97,190.85,9777
14/11:32:41,10.84,4.18,111.35,72.204,23.97,190.861,9778
14/11:32:42,11.21,4.02,111.46,72.358,23.96,190.872,9779
14/11:32:43,10.93,3.86,111.62,72.556,23.96,190.883,9780
14/11:32:44,11.46,4.04,111.36,72.545,23.96,190.916,9781
14/11:32:45,11.8,4.18,111.18,72.743,23.96,190.916,9782
14/11:32:45,12.06,4.28,110.99,72.897,23.96,190.927,9783
14/11:32:46,12.35,4.44,110.78,72.941,23.96,190.949,9784
14/11:32:46,12.61,4.6,110.6,73.029,23.96,190.96,9785
14/11:32:47,12.8,4.75,110.4,73.172,23.96,190.971,9786
14/11:32:47,12.43,4.76,110.39,73.216,23.95,190.982,9787
14/11:32:48,12.28,4.78,110.4,73.172,23.95,190.982,9788
14/11:32:49,12.01,4.76,110.43,73.216,23.95,191.004,9789
14/11:32:49,11.55,4.76,110.46,73.348,23.95,191.004,9790
14/11:32:50,11.08,4.75,110.52,73.436,23.95,191.026,9791
14/11:32:51,10.77,4.75,110.53,73.469,23.95,191.037,9792
14/11:32:52,11.73,4.76,110.47,73.678,23.95,191.059,9793
14/11:32:52,12.32,4.77,110.42,73.898,23.94,191.07,9794
14/11:32:53,13.03,4.77,110.37,74.074,23.94,191.081,9795
14/11:32:53,12.94,4.77,110.32,74.371,23.94,191.103,9796
14/11:32:54,12.89,4.76,110.33,74.327,23.94,191.114,9797
14/11:32:55,12.76,4.76,110.35,74.294,23.94,191.125,9798
14/11:32:55,12.1,4.76,110.4,74.349,23.94,191.136,9799
14/11:32:56,11.36,4.75,110.45,74.437,23.94,191.147,9800
14/11:32:56,10.78,4.74,110.5,74.459,23.94,191.158,9801
14/11:32:57,10.75,4.76,110.52,74.525,23.94,191.169,9802
14/11:32:58,11.19,4.76,110.51,74.657,23.93,191.18,9803
14/11:32:58,12.32,4.78,110.4,74.987,23.93,191.202,9804
14/11:32:59,12.59,4.76,110.33,75.141,23.93,191.213,9805
14/11:33:00,12.8,4.78,110.3,75.284,23.93,191.235,9806
14/11:33:00,13.0,4.77,110.28,75.361,23.93,191.246,9807
14/11:33:01,12.81,4.75,110.28,75.471,23.93,191.257,9808
14/11:33:02,12.56,4.74,110.28,75.57,23.92,191.268,9809
14/11:33:02,11.91,4.73,110.37,75.658,23.92,191.29,9810
14/11:33:03,11.54,4.74,110.42,75.713,23.92,191.301,9811
14/11:33:04,11.67,4.74,110.42,75.768,23.92,191.312,9812
14/11:33:05,11.95,4.73,110.37,75.768,23.92,191.334,9813
14/11:33:05,12.03,4.71,110.35,75.867,23.92,191.345,9814
14/11:33:06,12.28,4.71,110.31,75.999,23.92,191.356,9815
14/11:33:06,12.64,4.71,110.27,76.241,23.92,191.367,9816
14/11:33:07,12.76,4.73,110.24,76.417,23.91,191.378,9817
14/11:33:07,12.92,4.74,110.23,76.472,23.91,191.389,9818
14/11:33:08,12.92,4.73,110.23,76.505,23.91,191.4,9819
14/11:33:09,12.79,4.73,110.23,76.615,23.91,191.411,9820
14/11:33:09,12.55,4.72,110.25,76.758,23.91,191.422,9821
14/11:33:10,11.8,4.73,110.26,76.835,23.91,191.444,9822
14/11:33:10,11.5,4.73,110.28,76.758,23.91,191.455,9823
14/11:33:11,11.38,4.71,110.28,76.725,23.91,191.466,9824
14/11:33:11,11.28,4.71,110.28,76.824,23.9,191.477,9825
14/11:33:13,11.27,4.72,110.26,77.088,23.9,191.499,9826
14/11:33:13,11.33,4.72,110.24,77.121,23.9,191.51,9827
14/11:33:14,11.39,4.71,110.25,77.198,23.9,191.521,9828
14/11:33:14,11.6,4.71,110.22,77.264,23.9,191.532,9829
14/11:33:15,12.13,4.74,110.21,77.451,23.9,191.554,9830
14/11:33:15,12.85,4.76,110.17,77.572,23.9,191.565,9831
14/11:33:16,13.47,4.78,110.14,77.748,23.9,191.576,9832
14/11:33:16,13.62,4.78,110.16,77.858,23.89,191.576,9833
14/11:33:17,13.27,4.84,110.22,77.902,23.89,191.609,9834
14/11:33:18,13.06,4.85,110.27,77.913,23.89,191.62,9835
14/11:33:19,12.68,4.87,110.3,77.913,23.89,191.631,9836
14/11:33:19,11.59,4.88,110.34,77.935,23.89,191.642,9837
14/11:33:20,10.37,4.86,110.44,77.946,23.89,191.653,9838
14/11:33:20,9.01,4.84,110.55,77.814,23.89,191.664,9839
14/11:33:21,8.28,4.84,110.57,77.704,23.89,191.675,9840
14/11:33:21,7.91,4.82,110.6,77.671,23.89,191.686,9841
14/11:33:22,7.32,4.72,110.77,77.792,23.89,191.697,9842
14/11:33:22,5.86,4.34,111.28,77.968,23.88,191.708,9843
14/11:33:23,5.54,4.15,111.54,77.968,23.88,191.73,9844
14/11:33:24,5.57,4.0,111.72,77.935,23.88,191.741,9845
14/11:33:24,5.75,3.94,111.78,77.759,23.88,191.752,9846
14/11:33:25,5.83,3.94,111.78,77.66,23.88,191.763,9847
14/11:33:25,5.96,4.0,111.73,77.572,23.88,191.774,9848
14/11:33:26,6.4,4.15,111.54,77.583,23.88,191.785,9849
14/11:33:26,7.01,4.31,111.36,77.594,23.88,191.796,9850
14/11:33:27,7.8,4.46,111.14,77.594,23.88,191.807,9851
14/11:33:28,8.53,4.63,110.94,77.605,23.88,191.818,9852
14/11:33:28,9.15,4.77,110.69,77.594,23.88,191.829,9853
14/11:33:29,9.76,4.83,110.6,77.649,23.88,191.84,9854
14/11:33:29,10.83,4.82,110.54,77.902,23.88,191.862,9855
14/11:33:30,11.18,4.82,110.48,77.979,23.88,191.873,9856
14/11:33:31,11.44,4.81,110.46,78.1,23.88,191.884,9857
14/11:33:31,11.56,4.8,110.44,78.188,23.88,191.895,9858
14/11:33:32,11.83,4.82,110.42,78.496,23.87,191.928,9859
14/11:33:33,11.04,4.83,110.48,78.837,23.87,191.961,9860
14/11:33:34,10.66,4.84,110.52,78.749,23.87,191.972,9861
14/11:33:35,10.19,4.85,110.56,78.694,23.87,191.983,9862
14/11:33:36,9.06,4.86,110.67,78.551,23.87,192.005,9863
14/11:33:36,8.42,4.86,110.73,78.562,23.87,192.016,9864
14/11:33:37,7.75,4.88,110.79,78.507,23.87,192.016,9865
14/11:33:38,6.96,4.86,110.83,78.386,23.87,192.049,9866
14/11:33:38,6.65,4.86,110.84,78.353,23.87,192.06,9867
14/11:33:39,6.4,4.85,110.85,78.364,23.87,192.071,9868
14/11:33:39,6.26,4.85,110.85,78.408,23.87,192.082,9869
14/11:33:40,6.35,4.84,110.86,78.298,23.87,192.093,9870
14/11:33:41,6.47,4.83,110.83,78.199,23.86,192.104,9871
14/11:33:41,6.74,4.83,110.84,78.133,23.86,192.115,9872
14/11:33:42,6.94,4.84,110.84,78.023,23.86,192.126,9873
14/11:33:42,7.11,4.85,110.84,78.023,23.86,192.137,9874
14/11:33:43,7.25,4.85,110.84,77.891,23.86,192.148,9875
14/11:33:43,7.45,4.85,110.83,77.825,23.86,192.159,9876
14/11:33:44,7.53,4.85,110.84,77.737,23.86,192.17,9877
14/11:33:45,7.49,4.85,110.85,77.671,23.86,192.181,9878
14/11:33:45,7.39,4.85,110.84,77.627,23.86,192.203,9879
14/11:33:46,7.31,4.84,110.84,77.528,23.86,192.214,9880
14/11:33:46,7.37,4.84,110.83,77.418,23.86,192.225,9881
14/11:33:47,7.36,4.84,110.83,77.418,23.86,192.236,9882
14/11:33:47,7.38,4.85,110.83,77.407,23.86,192.247,9883
14/11:33:48,7.3,4.86,110.83,77.297,23.86,192.258,9884
14/11:33:48,7.02,4.84,110.82,77.143,23.86,192.269,9885
14/11:33:49,6.88,4.84,110.84,77.143,23.86,192.28,9886
14/11:33:49,6.73,4.84,110.83,77.044,23.86,192.291,9887
14/11:33:50,6.57,4.82,110.83,77.055,23.86,192.302,9888
14/11:33:50,6.33,4.8,110.82,77.066,23.86,192.313,9889
14/11:33:51,5.84,4.78,110.83,76.967,23.86,192.335,9890
14/11:33:51,5.78,4.76,110.83,76.758,23.86,192.346,9891
14/11:33:52,6.09,4.76,110.86,76.67,23.86,192.357,9892
14/11:33:53,6.65,4.76,110.86,76.582,23.86,192.379,9893
14/11:33:54,6.9,4.78,110.83,76.56,23.86,192.39,9894
14/11:33:54,7.17,4.79,110.83,76.45,23.86,192.401,9895
14/11:33:55,7.3,4.78,110.83,76.428,23.86,192.412,9896
14/11:33:55,7.4,4.78,110.81,76.395,23.86,192.423,9897
14/11:33:56,7.34,4.78,110.81,76.263,23.86,192.434,9898
14/11:33:56,7.09,4.77,110.79,76.142,23.86,192.445,9899
14/11:33:57,6.85,4.76,110.8,76.021,23.86,192.456,9900
14/11:33:57,6.62,4.75,110.78,75.922,23.85,192.467,9901
14/11:33:58,6.92,4.75,110.78,75.856,23.85,192.478,9902
14/11:33:59,7.6,4.76,110.74,75.845,23.85,192.489,9903
14/11:33:59,9.09,4.78,110.65,75.966,23.85,192.511,9904
14/11:34:00,10.33,4.79,110.56,76.043,23.85,192.522,9905
14/11:34:01,11.47,4.8,110.47,76.175,23.85,192.533,9906
14/11:34:01,13.24,4.79,110.34,76.505,23.85,192.555,9907
14/11:34:02,13.55,4.81,110.32,76.571,23.85,192.566,9908
14/11:34:03,13.57,4.8,110.3,76.659,23.85,192.577,9909
14/11:34:03,13.55,4.79,110.3,76.747,23.85,192.588,9910
14/11:34:04,13.44,4.8,110.28,76.703,23.84,192.599,9911
14/11:34:04,12.8,4.79,110.32,76.681,23.84,192.61,9912
14/11:34:05,12.68,4.81,110.3,76.824,23.84,192.632,9913
14/11:34:06,12.85,4.84,110.27,76.967,23.84,192.643,9914
14/11:34:06,13.12,4.86,110.22,77.154,23.84,192.654,9915
14/11:34:07,13.25,4.85,110.18,77.275,23.84,192.665,9916
14/11:34:08,13.17,4.87,110.19,77.308,23.84,192.676,9917
14/11:34:08,13.0,4.88,110.19,77.297,23.83,192.687,9918
14/11:34:09,12.8,4.88,110.2,77.264,23.83,192.698,9919
14/11:34:09,11.99,4.87,110.28,77.165,23.83,192.72,9920
14/11:34:10,11.76,4.86,110.32,77.297,23.83,192.731,9921
14/11:34:11,11.51,4.86,110.35,77.385,23.83,192.753,9922
14/11:34:11,11.78,4.84,110.32,77.473,23.83,192.764,9923
14/11:34:12,12.36,4.84,110.28,77.594,23.83,192.775,9924
14/11:34:13,13.1,4.84,110.24,77.759,23.82,192.797,9925
14/11:34:13,13.45,4.83,110.2,78.001,23.82,192.808,9926
14/11:34:14,13.77,4.86,110.17,78.056,23.82,192.808,9927
14/11:34:14,13.77,4.86,110.15,78.089,23.82,192.83,9928
14/11:34:15,13.88,4.85,110.15,78.111,23.82,192.841,9929
14/11:34:16,13.86,4.84,110.15,78.177,23.82,192.852,9930
14/11:34:16,13.78,4.84,110.18,78.276,23.82,192.863,9931
14/11:34:17,13.28,4.86,110.19,78.397,23.82,192.874,9932
14/11:34:17,12.72,4.86,110.22,78.507,23.81,192.896,9933
14/11:34:18,12.48,4.84,110.24,78.573,23.81,192.907,9934
14/11:34:18,12.23,4.84,110.26,78.661,23.81,192.918,9935
14/11:34:19,12.13,4.84,110.28,78.749,23.81,192.929,9936
14/11:34:19,12.02,4.82,110.28,78.749,23.81,192.94,9937
14/11:34:20,11.86,4.8,110.28,78.815,23.81,192.951,9938
14/11:34:21,11.79,4.79,110.31,78.815,23.81,192.962,9939
14/11:34:21,11.83,4.77,110.28,78.958,23.81,192.973,9940
14/11:34:22,11.82,4.76,110.28,79.101,23.8,192.984,9941
14/11:34:22,11.9,4.74,110.27,79.299,23.8,192.995,9942
14/11:34:23,12.02,4.73,110.26,79.442,23.8,193.006,9943
14/11:34:23,11.93,4.73,110.25,79.497,23.8,193.017,9944
14/11:34:24,11.76,4.72,110.25,79.541,23.8,193.039,9945
14/11:34:24,11.49,4.71,110.25,79.651,23.8,193.05,9946
14/11:34:25,11.41,4.7,110.24,79.772,23.8,193.061,9947
14/11:34:25,11.59,4.7,110.24,79.926,23.8,193.072,9948
14/11:34:26,11.84,4.7,110.24,80.047,23.8,193.083,9949
14/11:34:27,11.69,4.69,110.24,80.058,23.8,193.094,9950
14/11:34:27,11.45,4.68,110.23,80.102,23.79,193.105,9951
14/11:34:28,11.5,4.68,110.22,80.278,23.79,193.116,9952
14/11:34:28,11.61,4.68,110.24,80.388,23.79,193.116,9953
14/11:34:29,11.63,4.68,110.23,80.432,23.79,193.127,9954
14/11:34:29,11.61,4.69,110.23,80.52,23.79,193.149,9955
14/11:34:30,11.4,4.7,110.24,80.685,23.79,193.16,9956
14/11:34:30,10.83,4.71,110.28,80.707,23.79,193.171,9957
14/11:34:31,10.18,4.72,110.35,80.586,23.79,193.182,9958
14/11:34:32,9.21,4.74,110.44,80.443,23.79,193.193,9959
14/11:34:32,8.09,4.7,110.6,80.366,23.79,193.204,9960
14/11:34:33,7.32,4.57,110.89,80.41,23.79,193.215,9961
14/11:34:33,6.43,4.46,111.15,80.388,23.79,193.237,9962
14/11:34:34,3.77,4.04,111.97,79.816,23.79,193.27,9963
14/11:34:35,3.45,3.92,112.17,79.662,23.79,193.281,9964
14/11:34:35,3.6,3.9,112.21,79.145,23.79,193.292,9965
14/11:34:36,3.75,4.01,112.04,78.804,23.79,193.303,9966
14/11:34:36,3.95,4.15,111.85,78.573,23.79,193.314,9967
14/11:34:37,4.33,4.3,111.69,78.287,23.79,193.325,9968
14/11:34:37,4.69,4.45,111.48,78.034,23.79,193.336,9969
14/11:34:38,4.95,4.6,111.28,77.88,23.79,193.347,9970
14/11:34:39,5.13,4.72,111.1,77.627,23.79,193.358,9971
14/11:34:39,4.95,4.75,111.05,77.462,23.79,193.369,9972
14/11:34:40,4.66,4.59,111.28,77.396,23.79,193.38,9973
14/11:34:40,4.46,4.42,111.48,77.231,23.79,193.391,9974
14/11:34:41,3.98,4.25,111.74,76.945,23.79,193.402,9975
14/11:34:41,3.54,4.07,111.9,76.659,23.79,193.413,9976
14/11:34:42,3.12,3.93,112.06,76.296,23.79,193.424,9977
14/11:34:43,3.09,3.91,112.06,75.361,23.79,193.446,9978
14/11:34:43,3.63,4.06,111.87,75.009,23.79,193.457,9979
14/11:34:44,4.26,4.23,111.67,74.756,23.79,193.468,9980
14/11:34:44,4.65,4.37,111.44,74.591,23.79,193.479,9981
14/11:34:45,5.46,4.46,111.35,74.481,23.79,193.501,9982
14/11:34:46,5.98,4.27,111.56,74.085,23.78,193.523,9983
14/11:34:47,6.06,4.12,111.76,73.898,23.78,193.534,9984
14/11:34:47,5.91,3.96,111.98,73.645,23.78,193.545,9985
14/11:34:48,5.6,3.9,112.05,73.304,23.78,193.556,9986
14/11:34:49,5.98,4.03,111.81,72.567,23.78,193.578,9987
14/11:34:49,6.24,4.2,111.55,72.314,23.78,193.589,9988
14/11:34:50,6.67,4.37,111.32,72.171,23.78,193.6,9989
14/11:34:50,7.8,4.51,111.07,72.094,23.78,193.611,9990
14/11:34:51,8.76,4.64,110.82,72.061,23.78,193.622,9991
14/11:34:52,9.57,4.8,110.54,71.995,23.78,193.633,9992
14/11:34:52,10.37,4.8,110.47,71.973,23.78,193.644,9993
14/11:34:53,12.71,4.78,110.26,71.94,23.78,193.666,9994
14/11:34:53,13.83,4.79,110.15,72.061,23.78,193.677,9995
14/11:34:54,14.69,4.63,110.25,72.38,23.78,193.688,9996
14/11:34:54,15.15,4.46,110.39,72.798,23.77,193.699,9997
14/11:34:55,15.53,4.27,110.53,73.117,23.77,193.71,9998
14/11:34:57,16.94,3.61,111.11,73.876,23.77,193.743,9999
14/11:34:58,16.85,3.44,111.28,74.096,23.76,193.765,10000
14/11:34:58,17.0,3.45,111.28,74.327,23.76,193.765,10001
14/11:34:59,17.31,3.63,111.05,74.525,23.76,193.776,10002
14/11:34:59,17.5,3.84,110.83,74.569,23.76,193.787,10003
14/11:35:00,17.9,4.0,110.62,74.657,23.76,193.798,10004
14/11:35:01,18.14,4.18,110.39,74.943,23.75,193.809,10005
14/11:35:01,18.2,4.18,110.39,75.306,23.75,193.82,10006
14/11:35:02,18.16,4.14,110.38,76.175,23.75,193.842,10007
14/11:35:03,17.84,4.13,110.4,76.428,23.75,193.853,10008
14/11:35:03,16.99,3.94,110.59,76.527,23.74,193.875,10009
14/11:35:04,15.75,3.76,110.85,76.604,23.74,193.875,10010
14/11:35:04,14.52,3.63,111.1,76.703,23.74,193.886,10011
14/11:35:05,13.5,3.63,111.13,76.637,23.74,193.897,10012
14/11:35:06,11.78,3.95,110.88,76.516,23.74,193.93,10013
14/11:35:07,10.59,4.25,110.63,76.769,23.73,193.952,10014
14/11:35:07,10.35,4.44,110.5,76.912,23.73,193.963,10015
14/11:35:08,10.91,4.74,110.14,77.088,23.73,193.985,10016
14/11:35:09,11.08,4.74,110.15,77.253,23.73,193.996,10017
14/11:35:10,10.91,4.75,110.17,77.33,23.73,194.007,10018
14/11:35:10,10.38,4.76,110.22,77.374,23.73,194.018,10019
14/11:35:11,9.56,4.79,110.3,77.396,23.73,194.029,10020
14/11:35:11,6.79,4.82,110.56,77.011,23.73,194.051,10021
14/11:35:12,5.56,4.83,110.71,76.879,23.73,194.062,10022
14/11:35:12,4.2,4.84,110.84,76.747,23.73,194.073,10023
14/11:35:13,2.6,4.82,110.98,76.56,23.73,194.084,10024
14/11:35:14,1.59,4.81,111.09,76.384,23.73,194.095,10025
14/11:35:14,0.95,4.81,111.18,76.23,23.73,194.106,10026
14/11:35:15,0.59,4.79,111.23,76.076,23.73,194.117,10027
14/11:35:16,0.46,4.79,111.28,75.768,23.73,194.15,10028
14/11:35:17,0.48,4.79,111.27,75.691,23.73,194.161,10029
14/11:35:17,0.53,4.79,111.27,75.603,23.73,194.172,10030
14/11:35:18,0.65,4.78,111.26,75.416,23.73,194.183,10031
14/11:35:18,0.83,4.77,111.26,75.317,23.73,194.194,10032
14/11:35:19,2.17,4.77,111.15,75.471,23.73,194.216,10033
14/11:35:20,2.94,4.79,111.1,75.548,23.73,194.216,10034
14/11:35:20,3.89,4.79,111.03,75.68,23.73,194.227,10035
14/11:35:21,4.74,4.8,110.99,75.856,23.73,194.249,10036
14/11:35:22,5.55,4.81,110.92,76.054,23.73,194.26,10037
14/11:35:22,6.16,4.81,110.86,76.186,23.73,194.271,10038
14/11:35:23,6.44,4.81,110.82,76.296,23.73,194.282,10039
14/11:35:23,6.48,4.82,110.81,76.373,23.73,194.293,10040
14/11:35:24,6.4,4.8,110.8,76.461,23.73,194.304,10041
14/11:35:25,5.8,4.78,110.81,76.615,23.73,194.326,10042
14/11:35:25,5.48,4.77,110.82,76.67,23.73,194.337,10043
14/11:35:26,5.31,4.78,110.82,76.725,23.73,194.348,10044
14/11:35:26,5.18,4.79,110.82,76.758,23.73,194.359,10045
14/11:35:27,5.08,4.77,110.83,76.857,23.73,194.381,10046
14/11:35:28,5.08,4.76,110.82,76.945,23.73,194.392,10047
14/11:35:28,5.11,4.76,110.83,77.0,23.73,194.403,10048
14/11:35:29,5.11,4.75,110.82,77.033,23.73,194.414,10049
14/11:35:30,5.14,4.73,110.81,77.022,23.73,194.425,10050
14/11:35:30,5.1,4.7,110.8,76.989,23.73,194.436,10051
14/11:35:31,5.14,4.67,110.79,76.912,23.73,194.447,10052
14/11:35:31,5.19,4.67,110.79,76.868,23.73,194.458,10053
14/11:35:32,5.19,4.66,110.79,76.791,23.73,194.469,10054
14/11:35:32,5.23,4.65,110.79,76.725,23.73,194.48,10055
14/11:35:33,5.21,4.64,110.79,76.615,23.73,194.491,10056
14/11:35:34,5.23,4.63,110.81,76.516,23.73,194.502,10057
14/11:35:34,5.31,4.65,110.81,76.34,23.73,194.513,10058
14/11:35:35,5.42,4.69,110.83,76.208,23.73,194.524,10059
14/11:35:35,5.56,4.74,110.85,76.153,23.73,194.535,10060
14/11:35:36,5.78,4.76,110.84,76.076,23.73,194.546,10061
14/11:35:36,6.07,4.78,110.84,75.999,23.73,194.557,10062
14/11:35:37,6.74,4.85,110.84,75.867,23.73,194.59,10063
14/11:35:38,7.21,4.86,110.81,75.779,23.73,194.601,10064
14/11:35:38,7.66,4.83,110.76,75.768,23.73,194.612,10065
14/11:35:39,8.08,4.82,110.7,75.757,23.73,194.623,10066
14/11:35:40,9.17,4.83,110.6,75.911,23.73,194.645,10067
14/11:35:40,9.77,4.83,110.53,76.054,23.73,194.656,10068
14/11:35:41,10.54,4.81,110.43,76.252,23.73,194.667,10069
14/11:35:41,11.34,4.81,110.36,76.384,23.72,194.689,10070
14/11:35:42,11.51,4.83,110.33,76.483,23.72,194.7,10071
14/11:35:43,11.56,4.84,110.31,76.516,23.72,194.7,10072
14/11:35:43,11.56,4.84,110.28,76.494,23.72,194.711,10073
14/11:35:44,11.28,4.85,110.28,76.593,23.72,194.733,10074
14/11:35:44,11.06,4.84,110.28,76.648,23.72,194.744,10075
14/11:35:45,10.8,4.84,110.3,76.659,23.72,194.755,10076
14/11:35:45,10.45,4.86,110.34,76.659,23.72,194.766,10077
14/11:35:46,10.1,4.85,110.36,76.615,23.72,194.777,10078
14/11:35:46,9.91,4.84,110.37,76.582,23.72,194.788,10079
14/11:35:47,9.84,4.84,110.37,76.582,23.72,194.799,10080
14/11:35:48,9.76,4.82,110.39,76.582,23.72,194.81,10081
14/11:35:48,9.85,4.81,110.4,76.626,23.71,194.821,10082
14/11:35:49,9.96,4.82,110.39,76.67,23.71,194.832,10083
14/11:35:49,10.05,4.81,110.37,76.626,23.71,194.854,10084
14/11:35:50,10.25,4.81,110.37,76.703,23.71,194.865,10085
14/11:35:51,10.56,4.8,110.38,76.824,23.71,194.876,10086
14/11:35:51,10.81,4.81,110.36,76.945,23.71,194.887,10087
14/11:35:52,11.2,4.81,110.36,77.011,23.71,194.898,10088
14/11:35:52,11.6,4.8,110.34,76.835,23.71,194.92,10089
14/11:35:53,11.75,4.78,110.34,76.923,23.71,194.931,10090
14/11:35:54,12.04,4.79,110.34,76.934,23.7,194.942,10091
14/11:35:55,12.27,4.84,110.35,76.879,23.7,194.964,10092
14/11:35:55,12.38,4.84,110.35,76.901,23.7,194.975,10093
14/11:35:56,12.4,4.86,110.34,76.824,23.7,194.986,10094
14/11:35:56,12.39,4.85,110.35,76.736,23.7,194.997,10095
14/11:35:57,12.42,4.85,110.35,76.912,23.7,195.008,10096
14/11:35:57,12.45,4.87,110.34,77.011,23.7,195.008,10097
14/11:35:58,12.4,4.85,110.34,77.132,23.7,195.03,10098
14/11:35:58,12.39,4.83,110.33,77.198,23.69,195.041,10099
14/11:35:59,12.37,4.83,110.33,77.143,23.69,195.052,10100
14/11:36:00,12.31,4.83,110.32,77.033,23.69,195.063,10101
14/11:36:00,12.22,4.82,110.32,76.945,23.69,195.074,10102
14/11:36:01,12.16,4.83,110.32,76.934,23.69,195.085,10103
14/11:36:01,12.13,4.84,110.32,76.835,23.69,195.096,10104
14/11:36:02,12.08,4.84,110.31,76.769,23.69,195.107,10105
14/11:36:03,12.01,4.86,110.31,76.714,23.69,195.129,10106
14/11:36:03,11.98,4.84,110.28,76.626,23.68,195.14,10107
14/11:36:04,11.8,4.83,110.27,76.582,23.68,195.151,10108
14/11:36:04,11.59,4.8,110.28,76.516,23.68,195.162,10109
14/11:36:05,11.25,4.77,110.27,76.439,23.68,195.173,10110
14/11:36:05,11.08,4.76,110.27,76.307,23.68,195.184,10111
14/11:36:06,11.13,4.74,110.28,76.23,23.68,195.195,10112
14/11:36:07,10.99,4.71,110.28,76.318,23.68,195.217,10113
14/11:36:07,10.88,4.69,110.28,76.329,23.68,195.228,10114
14/11:36:08,10.92,4.7,110.28,76.34,23.68,195.239,10115
14/11:36:08,10.95,4.7,110.28,76.362,23.68,195.25,10116
14/11:36:09,11.12,4.71,110.27,76.461,23.67,195.261,10117
14/11:36:10,11.18,4.7,110.23,76.593,23.67,195.294,10118
14/11:36:10,11.16,4.71,110.19,76.791,23.67,195.294,10119
14/11:36:11,11.38,4.69,110.15,76.824,23.67,195.316,10120
14/11:36:12,11.39,4.68,110.14,77.011,23.67,195.327,10121
14/11:36:13,11.46,4.67,110.12,77.165,23.67,195.349,10122
14/11:36:13,11.39,4.68,110.11,77.297,23.67,195.36,10123
14/11:36:14,11.27,4.67,110.11,77.495,23.67,195.371,10124
14/11:36:14,11.13,4.66,110.12,77.649,23.66,195.382,10125
14/11:36:15,11.01,4.65,110.13,77.825,23.66,195.393,10126
14/11:36:16,10.99,4.65,110.14,78.111,23.66,195.404,10127
14/11:36:16,11.07,4.65,110.15,78.496,23.66,195.426,10128
14/11:36:17,11.33,4.65,110.14,78.716,23.66,195.437,10129
14/11:36:17,11.51,4.65,110.17,78.881,23.66,195.448,10130
14/11:36:18,11.51,4.64,110.17,79.266,23.66,195.47,10131
14/11:36:19,11.61,4.64,110.17,79.431,23.66,195.481,10132
14/11:36:20,11.2,4.64,110.21,79.541,23.65,195.492,10133
14/11:36:20,9.65,4.64,110.36,79.266,23.65,195.514,10134
14/11:36:21,8.56,4.63,110.44,79.233,23.65,195.525,10135
14/11:36:21,7.56,4.62,110.49,79.255,23.65,195.536,10136
14/11:36:22,6.99,4.63,110.55,79.222,23.65,195.547,10137
14/11:36:23,6.49,4.66,110.63,79.101,23.65,195.558,10138
14/11:36:23,5.7,4.68,110.71,78.958,23.65,195.569,10139
14/11:36:24,5.22,4.71,110.74,78.925,23.65,195.591,10140
14/11:36:24,4.99,4.72,110.77,78.804,23.65,195.602,10141
14/11:36:25,5.05,4.73,110.78,78.683,23.65,195.613,10142
14/11:36:25,5.19,4.74,110.79,78.584,23.65,195.624,10143
14/11:36:26,5.22,4.76,110.81,78.485,23.65,195.635,10144
14/11:36:27,5.17,4.77,110.81,78.298,23.65,195.646,10145
14/11:36:27,5.19,4.77,110.81,78.188,23.65,195.657,10146
14/11:36:28,5.41,4.75,110.81,78.023,23.65,195.668,10147
14/11:36:28,5.62,4.74,110.82,77.88,23.65,195.679,10148
14/11:36:29,5.86,4.74,110.81,77.759,23.65,195.69,10149
14/11:36:29,6.06,4.76,110.81,77.616,23.65,195.701,10150
14/11:36:30,6.15,4.77,110.81,77.473,23.65,195.712,10151
14/11:36:30,6.28,4.76,110.82,77.363,23.65,195.723,10152
14/11:36:31,6.08,4.76,110.82,77.264,23.65,195.734,10153
14/11:36:32,5.77,4.76,110.84,77.044,23.65,195.745,10154
14/11:36:32,5.57,4.77,110.85,76.868,23.65,195.756,10155
14/11:36:33,5.44,4.79,110.85,76.747,23.65,195.767,10156
14/11:36:33,5.2,4.79,110.84,76.758,23.65,195.778,10157
14/11:36:34,4.99,4.78,110.85,76.714,23.65,195.789,10158
14/11:36:34,4.84,4.78,110.85,76.615,23.65,195.8,10159
14/11:36:35,4.77,4.78,110.86,76.428,23.65,195.811,10160
14/11:36:35,4.85,4.77,110.85,76.307,23.65,195.822,10161
14/11:36:36,4.98,4.78,110.86,76.175,23.65,195.833,10162
14/11:36:37,6.88,4.78,110.77,76.098,23.65,195.877,10163
14/11:36:38,7.18,4.78,110.73,76.197,23.65,195.888,10164
14/11:36:38,7.5,4.79,110.69,76.164,23.65,195.899,10165
14/11:36:39,7.76,4.78,110.66,76.131,23.65,195.91,10166
14/11:36:40,7.97,4.79,110.62,76.098,23.65,195.921,10167
14/11:36:40,8.01,4.8,110.6,76.175,23.65,195.932,10168
14/11:36:41,8.02,4.79,110.57,76.274,23.65,195.943,10169
14/11:36:41,8.71,4.8,110.55,76.406,23.64,195.954,10170
14/11:36:42,9.21,4.81,110.49,76.604,23.64,195.965,10171
14/11:36:42,9.67,4.82,110.46,76.648,23.64,195.976,10172
14/11:36:43,10.17,4.83,110.44,76.824,23.64,195.987,10173
14/11:36:44,10.65,4.84,110.39,77.088,23.64,195.998,10174
14/11:36:44,11.07,4.83,110.35,77.264,23.64,196.009,10175
14/11:36:45,11.44,4.83,110.32,77.517,23.64,196.031,10176
14/11:36:45,11.67,4.84,110.28,77.693,23.64,196.042,10177
14/11:36:46,11.63,4.85,110.28,77.825,23.64,196.053,10178
14/11:36:46,11.63,4.84,110.28,77.891,23.64,196.053,10179
14/11:36:47,10.87,4.84,110.31,78.034,23.64,196.086,10180
14/11:36:47,10.48,4.84,110.34,78.144,23.63,196.097,10181
14/11:36:48,10.03,4.83,110.37,78.144,23.63,196.108,10182
14/11:36:49,9.39,4.83,110.4,78.309,23.63,196.108,10183
14/11:36:49,8.83,4.82,110.43,78.529,23.63,196.13,10184
14/11:36:50,7.91,4.82,110.49,78.727,23.63,196.152,10185
14/11:36:50,7.8,4.83,110.51,78.727,23.63,196.163,10186
14/11:36:51,7.73,4.84,110.55,78.727,23.63,196.174,10187
14/11:36:52,7.47,4.84,110.59,78.727,23.63,196.185,10188
14/11:36:52,7.24,4.86,110.64,78.65,23.63,196.196,10189
14/11:36:53,6.99,4.88,110.68,78.595,23.63,196.207,10190
14/11:36:53,6.51,4.91,110.73,78.551,23.63,196.218,10191
14/11:36:54,5.94,4.9,110.78,78.463,23.63,196.229,10192
14/11:36:54,4.78,4.89,110.87,78.287,23.63,196.251,10193
14/11:36:55,4.3,4.88,110.88,78.188,23.63,196.262,10194
14/11:36:56,4.03,4.88,110.91,78.199,23.63,196.273,10195
14/11:36:56,3.83,4.87,110.92,78.133,23.63,196.284,10196
14/11:36:57,3.98,4.84,110.92,77.825,23.63,196.306,10197
14/11:36:58,4.22,4.84,110.93,77.704,23.63,196.317,10198
14/11:36:58,4.49,4.84,110.94,77.539,23.63,196.339,10199
14/11:36:59,4.8,4.85,110.95,77.407,23.63,196.35,10200
14/11:36:59,5.11,4.84,110.96,77.308,23.63,196.361,10201
14/11:37:00,5.44,4.83,110.95,77.154,23.63,196.372,10202
14/11:37:01,6.01,4.81,110.93,76.989,23.63,196.383,10203
14/11:37:01,6.68,4.82,110.88,76.967,23.63,196.394,10204
14/11:37:02,7.25,4.82,110.85,76.934,23.63,196.405,10205
14/11:37:02,7.83,4.82,110.8,76.934,23.63,196.416,10206
14/11:37:03,8.98,4.81,110.69,76.846,23.63,196.427,10207
14/11:37:04,9.47,4.81,110.64,76.791,23.63,196.449,10208
14/11:37:04,9.98,4.82,110.62,76.824,23.63,196.46,10209
14/11:37:05,10.15,4.83,110.57,76.824,23.62,196.471,10210
14/11:37:06,10.09,4.82,110.57,76.879,23.62,196.482,10211
14/11:37:06,10.08,4.83,110.56,76.791,23.62,196.493,10212
14/11:37:07,10.16,4.84,110.57,76.725,23.62,196.515,10213
14/11:37:07,10.32,4.85,110.56,76.637,23.62,196.526,10214
14/11:37:08,10.38,4.86,110.57,76.681,23.62,196.537,10215
14/11:37:09,10.45,4.86,110.55,76.725,23.62,196.548,10216
14/11:37:09,10.28,4.85,110.56,76.791,23.62,196.559,10217
14/11:37:10,10.12,4.84,110.55,76.846,23.62,196.57,10218
14/11:37:10,9.79,4.83,110.55,76.791,23.62,196.581,10219
14/11:37:11,9.42,4.83,110.55,76.736,23.62,196.592,10220
14/11:37:11,9.04,4.82,110.53,76.725,23.62,196.603,10221
14/11:37:12,8.22,4.8,110.53,76.736,23.61,196.625,10222
14/11:37:13,7.9,4.8,110.52,76.714,23.61,196.636,10223
14/11:37:13,7.78,4.79,110.52,76.714,23.61,196.647,10224
14/11:37:14,7.72,4.79,110.53,76.714,23.61,196.658,10225
14/11:37:14,7.71,4.78,110.52,76.703,23.61,196.669,10226
14/11:37:15,7.82,4.77,110.52,76.593,23.61,196.68,10227
14/11:37:15,8.07,4.78,110.54,76.615,23.61,196.691,10228
14/11:37:16,8.35,4.79,110.52,76.67,23.61,196.702,10229
14/11:37:17,8.64,4.79,110.52,76.692,23.61,196.713,10230
14/11:37:17,9.01,4.85,110.53,76.714,23.61,196.735,10231
14/11:37:18,9.14,4.86,110.52,76.681,23.61,196.746,10232
14/11:37:19,9.08,4.88,110.52,76.681,23.61,196.768,10233
14/11:37:20,8.8,4.87,110.52,76.648,23.61,196.779,10234
14/11:37:20,8.5,4.87,110.54,76.593,23.61,196.79,10235
14/11:37:21,8.3,4.87,110.54,76.615,23.61,196.801,10236
14/11:37:21,8.1,4.87,110.55,76.56,23.61,196.812,10237
14/11:37:22,8.07,4.85,110.55,76.516,23.6,196.834,10238
14/11:37:22,8.14,4.86,110.55,76.516,23.6,196.845,10239
14/11:37:23,8.26,4.87,110.56,76.571,23.6,196.845,10240
14/11:37:24,8.86,4.88,110.54,76.505,23.6,196.878,10241
14/11:37:24,9.45,4.89,110.51,76.483,23.6,196.9,10242
14/11:37:25,9.67,4.89,110.51,76.406,23.6,196.911,10243
14/11:37:26,9.84,4.89,110.51,76.362,23.6,196.922,10244
14/11:37:26,9.83,4.88,110.49,76.274,23.6,196.933,10245
14/11:37:27,9.79,4.88,110.47,76.274,23.6,196.944,10246
14/11:37:27,9.52,4.88,110.48,76.12,23.6,196.955,10247
14/11:37:28,9.24,4.86,110.49,75.867,23.6,196.966,10248
14/11:37:29,9.23,4.85,110.51,75.713,23.6,196.977,10249
14/11:37:29,9.39,4.85,110.49,75.647,23.6,196.988,10250
14/11:37:30,9.51,4.84,110.48,75.658,23.6,196.999,10251
14/11:37:30,9.55,4.85,110.48,75.625,23.59,197.01,10252
14/11:37:31,9.64,4.83,110.49,75.471,23.59,197.021,10253
14/11:37:31,9.67,4.8,110.46,75.317,23.59,197.032,10254
14/11:37:32,9.97,4.79,110.44,75.13,23.59,197.043,10255
14/11:37:32,10.19,4.8,110.42,75.053,23.59,197.054,10256
14/11:37:33,10.04,4.8,110.41,74.987,23.59,197.065,10257
14/11:37:34,9.77,4.8,110.4,74.855,23.59,197.076,10258
14/11:37:34,9.6,4.8,110.4,74.679,23.59,197.087,10259
14/11:37:35,9.66,4.81,110.39,74.448,23.59,197.098,10260
14/11:37:35,9.75,4.83,110.4,74.305,23.59,197.109,10261
14/11:37:36,9.73,4.85,110.39,74.173,23.59,197.12,10262
14/11:37:37,9.57,4.89,110.4,73.766,23.59,197.153,10263
14/11:37:38,9.71,4.92,110.38,73.513,23.57,197.175,10264
14/11:37:38,9.52,4.92,110.39,73.414,23.57,197.175,10265
14/11:37:39,9.55,4.92,110.38,73.293,23.57,197.186,10266
14/11:37:40,10.26,4.92,110.35,73.271,23.57,197.197,10267
14/11:37:40,10.93,4.91,110.31,73.414,23.57,197.208,10268
14/11:37:41,11.42,4.92,110.26,73.469,23.57,197.208,10269
14/11:37:41,12.1,4.92,110.2,73.48,23.57,197.23,10270
14/11:37:42,12.66,4.91,110.13,73.579,23.57,197.241,10271
14/11:37:42,14.16,4.9,110.02,73.865,23.57,197.263,10272
14/11:37:43,14.88,4.91,109.94,74.063,23.56,197.274,10273
14/11:37:44,15.17,4.91,109.9,74.283,23.56,197.285,10274
14/11:37:44,15.6,4.94,109.83,74.547,23.56,197.296,10275
14/11:37:45,14.7,4.94,109.86,74.679,23.56,197.307,10276
14/11:37:45,12.87,4.94,110.01,74.569,23.56,197.318,10277
14/11:37:46,11.28,4.94,110.19,74.217,23.56,197.329,10278
14/11:37:46,9.37,4.95,110.34,73.986,23.56,197.34,10279
14/11:37:47,7.37,4.96,110.52,73.722,23.56,197.351,10280
14/11:37:48,6.97,4.96,110.6,73.59,23.56,197.362,10281
14/11:37:48,7.04,4.93,110.6,73.689,23.56,197.373,10282
14/11:37:49,7.53,4.93,110.57,74.096,23.56,197.384,10283
14/11:37:49,9.56,4.94,110.44,74.47,23.56,197.395,10284
14/11:37:50,11.78,4.94,110.21,74.866,23.56,197.406,10285
14/11:37:50,15.95,4.96,109.88,75.603,23.56,197.428,10286
14/11:37:51,17.15,4.98,109.74,75.867,23.56,197.439,10287
14/11:37:52,17.0,4.95,109.74,76.131,23.56,197.45,10288
14/11:37:52,16.54,4.98,109.77,76.439,23.56,197.461,10289
14/11:37:53,15.65,4.97,109.83,76.714,23.55,197.472,10290
14/11:37:53,14.66,4.96,109.92,76.989,23.55,197.483,10291
14/11:37:54,13.36,4.95,110.04,77.121,23.55,197.494,10292
14/11:37:54,12.28,4.95,110.1,77.253,23.55,197.505,10293
14/11:37:55,11.62,4.95,110.14,77.407,23.55,197.516,10294
14/11:37:56,11.02,4.96,110.19,77.605,23.55,197.516,10295
14/11:37:56,10.04,4.95,110.28,78.012,23.55,197.549,10296
14/11:37:57,10.32,4.96,110.28,78.188,23.54,197.571,10297
14/11:37:58,9.93,4.99,110.31,78.364,23.54,197.582,10298
14/11:37:58,9.3,4.98,110.37,78.551,23.54,197.593,10299
14/11:37:59,8.75,4.96,110.42,78.65,23.54,197.604,10300
14/11:38:00,8.23,4.94,110.45,78.661,23.54,197.615,10301
14/11:38:00,7.67,4.91,110.54,78.65,23.54,197.637,10302
14/11:38:01,6.59,4.68,110.87,79.002,23.54,197.648,10303
14/11:38:01,4.75,4.26,111.52,79.332,23.54,197.67,10304
14/11:38:02,4.28,4.07,111.76,79.244,23.54,197.681,10305
14/11:38:02,3.92,3.87,111.99,79.178,23.54,197.692,10306
14/11:38:03,3.89,3.86,112.04,78.991,23.54,197.703,10307
14/11:38:04,3.82,3.85,112.05,78.903,23.54,197.714,10308
14/11:38:04,3.88,3.94,111.93,78.936,23.54,197.725,10309
14/11:38:05,4.31,4.12,111.67,79.002,23.54,197.736,10310
14/11:38:05,4.66,4.38,111.37,79.013,23.54,197.747,10311
14/11:38:06,5.15,4.56,111.14,78.991,23.54,197.758,10312
14/11:38:07,5.83,4.89,110.74,79.024,23.54,197.78,10313
14/11:38:08,6.09,4.91,110.75,79.233,23.54,197.802,10314
14/11:38:08,6.23,4.92,110.75,79.167,23.54,197.813,10315
14/11:38:09,5.98,4.92,110.76,79.057,23.54,197.824,10316
14/11:38:09,5.75,4.9,110.76,79.046,23.54,197.846,10317
14/11:38:10,5.47,4.89,110.77,79.178,23.54,197.857,10318
14/11:38:11,5.43,4.88,110.79,79.266,23.54,197.857,10319
14/11:38:11,5.59,4.87,110.78,79.332,23.54,197.879,10320
14/11:38:12,5.87,4.87,110.79,79.332,23.54,197.89,10321
14/11:38:12,5.79,4.88,110.78,79.266,23.54,197.901,10322
14/11:38:13,5.44,4.87,110.79,79.255,23.54,197.923,10323
14/11:38:14,5.57,4.88,110.81,79.343,23.54,197.934,10324
14/11:38:14,5.98,4.89,110.8,79.255,23.54,197.956,10325
14/11:38:15,6.14,4.91,110.8,79.233,23.54,197.967,10326
14/11:38:16,6.03,4.92,110.81,79.112,23.54,197.978,10327
14/11:38:16,5.94,4.92,110.81,79.013,23.54,197.989,10328
14/11:38:17,6.2,4.93,110.8,78.947,23.54,198.0,10329
14/11:38:18,6.47,4.92,110.78,79.013,23.54,198.011,10330
14/11:38:18,6.79,4.92,110.74,79.035,23.54,198.022,10331
14/11:38:19,7.28,4.93,110.71,78.936,23.54,198.044,10332
14/11:38:19,7.17,4.93,110.69,78.903,23.54,198.055,10333
14/11:38:20,7.12,4.93,110.64,78.826,23.54,198.066,10334
14/11:38:21,7.59,4.92,110.62,78.815,23.54,198.088,10335
14/11:38:21,8.09,4.93,110.57,78.958,23.54,198.099,10336
14/11:38:22,8.56,4.93,110.54,79.035,23.53,198.11,10337
14/11:38:22,8.67,4.94,110.52,79.024,23.53,198.121,10338
14/11:38:23,8.72,4.94,110.5,79.013,23.53,198.132,10339
14/11:38:23,9.36,4.95,110.45,79.068,23.53,198.143,10340
14/11:38:24,10.23,4.96,110.34,79.222,23.53,198.154,10341
14/11:38:25,10.92,4.97,110.3,79.354,23.53,198.165,10342
14/11:38:25,11.33,4.97,110.26,79.442,23.53,198.187,10343
14/11:38:26,11.18,4.96,110.26,79.453,23.53,198.198,10344
14/11:38:26,11.28,4.97,110.22,79.552,23.53,198.209,10345
14/11:38:27,11.39,4.96,110.21,79.684,23.53,198.22,10346
14/11:38:27,11.27,4.96,110.23,79.695,23.53,198.231,10347
14/11:38:28,10.77,4.93,110.3,79.662,23.52,198.253,10348
14/11:38:29,10.57,4.93,110.3,79.75,23.52,198.264,10349
14/11:38:30,10.75,4.95,110.28,79.75,23.52,198.275,10350
14/11:38:30,11.05,4.97,110.3,79.717,23.52,198.297,10351
14/11:38:31,11.14,4.99,110.3,79.805,23.52,198.308,10352
14/11:38:31,10.93,4.99,110.3,79.783,23.52,198.308,10353
14/11:38:32,10.69,4.99,110.3,79.816,23.52,198.33,10354
14/11:38:32,10.78,5.01,110.28,79.871,23.52,198.341,10355
14/11:38:33,10.94,5.02,110.28,79.915,23.52,198.352,10356
14/11:38:34,11.04,5.03,110.28,79.904,23.52,198.363,10357
14/11:38:34,10.75,5.01,110.3,79.893,23.52,198.374,10358
14/11:38:35,10.46,4.99,110.3,80.036,23.51,198.396,10359
14/11:38:35,10.66,4.99,110.3,80.014,23.51,198.407,10360
14/11:38:36,10.74,4.99,110.28,79.992,23.51,198.418,10361
14/11:38:36,10.6,4.98,110.28,80.003,23.51,198.429,10362
14/11:38:37,10.56,4.96,110.27,80.091,23.51,198.451,10363
14/11:38:38,10.68,4.98,110.26,80.058,23.51,198.462,10364
14/11:38:39,10.64,4.97,110.26,80.047,23.51,198.473,10365
14/11:38:39,10.59,4.97,110.26,80.124,23.51,198.495,10366
14/11:38:40,10.72,4.96,110.25,80.201,23.51,198.517,10367
14/11:38:40,10.76,4.97,110.26,80.113,23.5,198.528,10368
14/11:38:41,10.77,4.97,110.25,80.036,23.5,198.539,10369
14/11:38:42,10.8,4.96,110.26,79.97,23.5,198.55,10370
14/11:38:42,10.71,4.95,110.27,79.992,23.5,198.561,10371
14/11:38:43,10.69,4.95,110.26,80.036,23.5,198.572,10372
14/11:38:44,10.71,4.95,110.26,80.036,23.5,198.583,10373
14/11:38:44,10.69,4.94,110.25,80.047,23.5,198.594,10374
14/11:38:45,10.79,4.94,110.27,80.102,23.5,198.605,10375
14/11:38:45,10.79,4.96,110.27,80.102,23.5,198.616,10376
14/11:38:46,10.56,4.95,110.27,80.113,23.5,198.627,10377
14/11:38:46,10.64,4.95,110.26,80.135,23.49,198.66,10378
14/11:38:47,10.93,4.95,110.27,80.245,23.49,198.671,10379
14/11:38:48,10.88,4.94,110.28,80.278,23.49,198.682,10380
14/11:38:48,10.66,4.91,110.27,80.311,23.49,198.693,10381
14/11:38:49,10.59,4.9,110.25,80.454,23.49,198.704,10382
14/11:38:49,10.68,4.89,110.25,80.608,23.49,198.715,10383
14/11:38:50,10.67,4.89,110.25,80.751,23.49,198.726,10384
14/11:38:50,10.82,4.9,110.24,80.883,23.49,198.737,10385
14/11:38:51,10.7,4.89,110.23,81.092,23.49,198.759,10386
14/11:38:52,10.6,4.9,110.22,81.279,23.49,198.77,10387
14/11:38:52,10.85,4.92,110.21,81.521,23.49,198.781,10388
14/11:38:53,10.67,4.91,110.21,81.708,23.48,198.792,10389
14/11:38:53,10.54,4.9,110.21,81.895,23.48,198.803,10390
14/11:38:54,10.64,4.89,110.21,82.071,23.48,198.814,10391
14/11:38:54,10.54,4.87,110.23,82.181,23.48,198.836,10392
14/11:38:55,10.56,4.87,110.24,82.39,23.48,198.847,10393
14/11:38:56,10.57,4.87,110.25,82.676,23.48,198.858,10394
14/11:38:56,10.73,4.87,110.25,82.885,23.48,198.869,10395
14/11:38:57,10.09,4.88,110.28,83.05,23.48,198.88,10396
14/11:38:57,9.6,4.9,110.35,83.094,23.48,198.891,10397
14/11:38:58,8.75,4.9,110.43,83.105,23.48,198.902,10398
14/11:38:58,7.84,4.91,110.5,83.116,23.48,198.913,10399
14/11:38:59,6.02,4.92,110.65,83.028,23.48,198.935,10400
14/11:39:00,4.96,4.91,110.75,82.973,23.48,198.957,10401
14/11:39:00,2.78,4.89,110.96,82.665,23.48,198.979,10402
14/11:39:01,2.1,4.89,111.02,82.511,23.48,198.99,10403
14/11:39:02,1.75,4.9,111.07,82.346,23.48,199.001,10404
14/11:39:02,1.16,4.9,111.12,82.17,23.48,199.012,10405
14/11:39:03,0.83,4.91,111.16,81.961,23.48,199.023,10406
14/11:39:03,0.47,4.92,111.21,81.774,23.48,199.034,10407
14/11:39:04,0.47,4.92,111.22,81.576,23.48,199.045,10408
14/11:39:04,0.46,4.91,111.23,81.345,23.48,199.056,10409
14/11:39:05,0.46,4.91,111.24,81.026,23.48,199.067,10410
14/11:39:06,0.46,4.9,111.25,80.707,23.48,199.089,10411
14/11:39:06,0.46,4.9,111.28,80.025,23.48,199.111,10412
14/11:39:07,0.46,4.88,111.28,79.387,23.48,199.133,10413
14/11:39:08,0.47,4.88,111.28,79.046,23.48,199.144,10414
14/11:39:09,0.47,4.9,111.3,78.43,23.49,199.166,10415
14/11:39:09,0.51,4.9,111.3,78.177,23.49,199.177,10416
14/11:39:10,1.48,4.9,111.26,77.968,23.49,199.188,10417
14/11:39:10,3.49,4.9,111.07,78.001,23.49,199.199,10418
14/11:39:11,5.57,4.92,110.89,78.155,23.49,199.21,10419
14/11:39:12,7.68,4.94,110.72,78.276,23.49,199.221,10420
14/11:39:12,11.39,4.97,110.34,78.639,23.49,199.243,10421
14/11:39:14,13.67,4.98,110.1,78.628,23.48,199.265,10422
14/11:39:14,12.26,4.99,110.16,78.639,23.48,199.276,10423
14/11:39:15,7.98,4.96,110.51,78.144,23.48,199.298,10424
14/11:39:16,5.9,4.96,110.67,77.847,23.48,199.309,10425
14/11:39:16,4.19,4.94,110.85,77.55,23.48,199.32,10426
14/11:39:17,2.99,4.93,110.98,77.253,23.48,199.331,10427
14/11:39:19,0.5,4.91,111.27,76.153,23.48,199.386,10428
14/11:39:19,0.56,4.91,111.28,75.757,23.48,199.397,10429
14/11:39:20,1.27,4.91,111.24,75.603,23.48,199.408,10430
14/11:39:21,2.77,4.91,111.14,75.658,23.48,199.408,10431
14/11:39:21,5.17,4.92,110.93,75.757,23.48,199.441,10432
14/11:39:22,6.39,4.92,110.83,75.713,23.48,199.452,10433
14/11:39:23,7.21,4.93,110.74,75.68,23.48,199.463,10434
14/11:39:23,7.69,4.93,110.68,75.658,23.48,199.474,10435
14/11:39:24,8.15,4.93,110.62,75.548,23.48,199.485,10436
14/11:39:24,8.13,4.93,110.59,75.515,23.48,199.496,10437
14/11:39:25,7.72,4.93,110.62,75.416,23.48,199.507,10438
14/11:39:26,7.42,4.92,110.65,75.394,23.48,199.518,10439
14/11:39:26,7.11,4.92,110.67,75.416,23.48,199.529,10440
14/11:39:27,6.84,4.92,110.69,75.471,23.48,199.54,10441
14/11:39:27,7.32,4.9,110.64,75.163,23.48,199.562,10442
14/11:39:28,7.66,4.9,110.62,75.086,23.48,199.573,10443
14/11:39:28,8.03,4.9,110.6,74.998,23.48,199.584,10444
14/11:39:29,8.07,4.9,110.61,74.91,23.48,199.595,10445
14/11:39:30,8.22,4.89,110.57,74.8,23.48,199.606,10446
14/11:39:30,7.73,4.9,110.6,74.448,23.48,199.628,10447
14/11:39:31,7.48,4.91,110.66,74.206,23.48,199.639,10448
14/11:39:32,7.7,4.91,110.67,74.129,23.48,199.65,10449
14/11:39:32,8.0,4.91,110.64,74.184,23.48,199.661,10450
14/11:39:33,8.07,4.91,110.6,74.162,23.48,199.672,10451
14/11:39:34,8.3,4.91,110.56,74.085,23.48,199.683,10452
14/11:39:34,8.8,4.91,110.53,74.107,23.48,199.694,10453
14/11:39:35,9.52,4.92,110.48,74.217,23.47,199.705,10454
14/11:39:35,10.63,4.92,110.38,74.327,23.47,199.716,10455
14/11:39:36,11.13,4.92,110.28,74.327,23.47,199.716,10456
14/11:39:36,11.31,4.92,110.25,74.316,23.47,199.716,10457
14/11:39:37,11.41,4.91,110.25,74.415,23.47,199.749,10458
14/11:39:37,11.18,4.91,110.25,74.36,23.47,199.76,10459
14/11:39:38,10.56,4.91,110.27,74.316,23.47,199.771,10460
14/11:39:39,10.36,4.91,110.31,74.327,23.47,199.782,10461
14/11:39:39,10.45,4.91,110.32,74.371,23.47,199.793,10462
14/11:39:40,11.08,4.92,110.28,74.415,23.47,199.815,10463
14/11:39:40,11.47,4.93,110.23,74.558,23.46,199.826,10464
14/11:39:41,11.76,4.95,110.21,74.635,23.46,199.837,10465
14/11:39:42,12.14,4.97,110.19,74.624,23.46,199.848,10466
14/11:39:42,12.5,4.97,110.15,74.712,23.46,199.859,10467
14/11:39:43,12.78,4.96,110.12,74.822,23.46,199.87,10468
14/11:39:43,12.53,4.96,110.14,74.921,23.46,199.881,10469
14/11:39:44,11.76,4.97,110.18,74.976,23.46,199.892,10470
14/11:39:44,11.33,4.97,110.21,74.811,23.46,199.903,10471
14/11:39:45,11.15,4.96,110.22,74.734,23.46,199.914,10472
14/11:39:46,11.23,4.96,110.22,74.712,23.46,199.925,10473
14/11:39:46,11.43,4.94,110.21,74.789,23.45,199.936,10474
14/11:39:47,11.43,4.94,110.21,74.932,23.45,199.947,10475
14/11:39:47,11.53,4.98,110.19,75.086,23.45,199.958,10476
14/11:39:48,13.19,4.98,110.05,75.328,23.45,199.98,10477
14/11:39:48,13.43,4.97,110.01,75.427,23.45,199.991,10478
14/11:39:49,13.2,4.97,110.02,75.526,23.45,200.002,10479
14/11:39:49,12.4,4.96,110.06,75.526,23.45,200.013,10480
14/11:39:50,11.75,4.96,110.11,75.493,23.45,200.024,10481
14/11:39:51,11.39,4.92,110.14,75.339,23.44,200.035,10482
14/11:39:51,11.22,4.93,110.16,75.361,23.44,200.046,10483
14/11:39:52,11.3,4.93,110.17,75.427,23.44,200.057,10484
14/11:39:52,11.42,4.94,110.18,75.669,23.44,200.068,10485
14/11:39:53,11.85,4.96,110.15,75.801,23.44,200.079,10486
14/11:39:54,12.79,5.01,110.1,76.021,23.44,200.09,10487
14/11:39:54,13.67,5.04,110.02,76.186,23.44,200.101,10488
14/11:39:55,13.99,5.04,109.98,76.263,23.44,200.112,10489
14/11:39:55,13.81,5.03,109.97,76.23,23.44,200.123,10490
14/11:39:56,13.33,5.02,110.0,76.186,23.43,200.134,10491
14/11:39:56,12.64,5.01,110.04,76.175,23.43,200.145,10492
14/11:39:57,11.82,5.01,110.1,76.109,23.43,200.156,10493
14/11:39:58,10.21,4.9,110.2,76.208,23.43,200.189,10494
14/11:39:58,10.51,4.9,110.19,76.351,23.43,200.211,10495
14/11:39:59,10.87,4.89,110.16,76.494,23.43,200.211,10496
14/11:40:00,11.72,4.9,110.09,76.637,23.43,200.222,10497
14/11:40:00,12.92,4.92,109.99,76.769,23.43,200.233,10498
14/11:40:01,14.39,4.88,109.86,77.0,23.42,200.255,10499
14/11:40:01,15.5,4.87,109.76,77.231,23.42,200.266,10500
14/11:40:02,16.31,4.88,109.69,77.528,23.42,200.266,10501
14/11:40:02,16.37,4.9,109.69,77.715,23.42,200.288,10502
14/11:40:03,15.71,4.92,109.74,77.814,23.42,200.299,10503
14/11:40:04,14.9,4.92,109.82,77.814,23.42,200.31,10504
14/11:40:04,13.71,4.92,109.94,77.77,23.42,200.321,10505
14/11:40:05,10.83,4.94,110.15,77.583,23.41,200.343,10506
14/11:40:05,9.64,4.96,110.28,77.484,23.41,200.354,10507
14/11:40:06,8.42,4.94,110.36,77.374,23.41,200.365,10508
14/11:40:07,8.75,4.92,110.32,77.33,23.41,200.387,10509
14/11:40:07,9.26,4.91,110.26,77.385,23.41,200.398,10510
14/11:40:08,9.73,4.9,110.22,77.451,23.41,200.409,10511
14/11:40:08,10.61,4.93,110.14,77.55,23.41,200.42,10512
14/11:40:09,12.27,4.95,109.96,77.803,23.41,200.442,10513
14/11:40:10,12.53,4.95,109.93,77.946,23.41,200.453,10514
14/11:40:11,12.46,4.97,109.92,78.034,23.4,200.464,10515
14/11:40:11,12.45,4.99,109.95,77.99,23.4,200.486,10516
14/11:40:12,12.41,5.01,109.96,78.045,23.4,200.497,10517
14/11:40:13,11.94,4.99,110.01,78.111,23.4,200.508,10518
14/11:40:13,11.43,4.98,110.08,78.166,23.4,200.508,10519
14/11:40:14,10.63,5.0,110.16,78.243,23.4,200.53,10520
14/11:40:14,10.51,4.98,110.19,78.276,23.4,200.541,10521
14/11:40:15,10.43,4.94,110.19,78.254,23.4,200.552,10522
14/11:40:15,10.37,4.94,110.19,78.111,23.4,200.563,10523
14/11:40:16,10.31,4.92,110.19,78.1,23.4,200.574,10524
14/11:40:17,10.41,4.91,110.19,78.089,23.39,200.596,10525
14/11:40:17,10.62,4.9,110.19,78.023,23.39,200.607,10526
14/11:40:18,10.67,4.89,110.19,77.946,23.39,200.618,10527
14/11:40:18,10.77,4.88,110.19,77.924,23.39,200.629,10528
14/11:40:19,10.86,4.88,110.18,77.924,23.39,200.64,10529
14/11:40:19,10.76,4.88,110.2,77.891,23.39,200.651,10530
14/11:40:20,10.46,4.86,110.2,77.935,23.39,200.673,10531
14/11:40:21,10.19,4.85,110.21,77.957,23.39,200.684,10532
14/11:40:21,9.95,4.83,110.21,77.968,23.39,200.695,10533
14/11:40:22,9.88,4.83,110.19,78.001,23.39,200.706,10534
14/11:40:22,9.84,4.83,110.19,77.979,23.39,200.717,10535
14/11:40:23,9.89,4.83,110.19,77.979,23.38,200.728,10536
14/11:40:23,10.02,4.83,110.18,77.99,23.38,200.739,10537
14/11:40:24,10.31,4.84,110.17,78.001,23.38,200.75,10538
14/11:40:25,10.55,4.85,110.17,77.99,23.38,200.761,10539
14/11:40:25,10.82,4.87,110.18,77.88,23.38,200.783,10540
14/11:40:26,10.67,4.87,110.2,77.891,23.38,200.794,10541
14/11:40:26,10.56,4.87,110.2,77.979,23.38,200.805,10542
14/11:40:27,10.64,4.86,110.18,78.1,23.38,200.816,10543
14/11:40:28,10.72,4.86,110.17,78.199,23.38,200.816,10544
14/11:40:28,10.76,4.86,110.16,78.276,23.38,200.827,10545
14/11:40:29,10.92,4.87,110.15,78.353,23.38,200.849,10546
14/11:40:29,11.14,4.88,110.12,78.32,23.37,200.86,10547
14/11:40:30,11.37,4.88,110.11,78.375,23.37,200.871,10548
14/11:40:30,11.56,4.88,110.08,78.485,23.37,200.882,10549
14/11:40:31,11.69,4.88,110.05,78.573,23.37,200.904,10550
14/11:40:32,11.69,4.89,110.04,78.617,23.37,200.915,10551
14/11:40:32,11.82,4.89,110.01,78.672,23.37,200.926,10552
14/11:40:33,11.67,4.9,110.01,78.617,23.37,200.959,10553
14/11:40:34,11.62,4.89,110.0,78.617,23.37,200.97,10554
14/11:40:34,11.69,4.9,109.99,78.782,23.36,200.981,10555
14/11:40:35,11.84,4.89,109.99,78.925,23.36,200.992,10556
14/11:40:35,12.11,4.89,110.0,78.98,23.36,201.003,10557
14/11:40:36,12.04,4.88,110.01,79.035,23.36,201.014,10558
14/11:40:36,11.7,4.87,110.01,79.123,23.36,201.025,10559
14/11:40:37,11.35,4.85,110.0,79.167,23.36,201.036,10560
14/11:40:38,11.04,4.85,110.03,79.189,23.36,201.047,10561
14/11:40:38,11.43,4.86,110.04,79.145,23.36,201.069,10562
14/11:40:39,11.65,4.85,110.03,79.2,23.36,201.08,10563
14/11:40:40,11.78,4.86,110.0,79.431,23.35,201.102,10564
14/11:40:40,12.03,4.85,109.97,79.64,23.35,201.113,10565
14/11:40:41,12.64,4.85,109.97,79.783,23.35,201.135,10566
14/11:40:42,13.44,4.85,109.93,79.882,23.35,201.146,10567
14/11:40:42,13.56,4.85,109.91,79.981,23.35,201.157,10568
14/11:40:43,12.82,4.84,109.92,80.003,23.35,201.168,10569
14/11:40:44,11.51,4.85,110.07,79.871,23.35,201.19,10570
14/11:40:44,11.49,4.85,110.08,79.717,23.34,201.201,10571
14/11:40:45,11.14,4.87,110.09,79.629,23.34,201.212,10572
14/11:40:45,10.69,4.87,110.12,79.717,23.34,201.223,10573
14/11:40:46,10.46,4.86,110.11,79.805,23.34,201.234,10574
14/11:40:47,10.8,4.84,110.12,79.728,23.34,201.256,10575
14/11:40:47,11.13,4.84,110.08,79.783,23.34,201.267,10576
14/11:40:48,11.39,4.84,110.02,79.915,23.34,201.278,10577
14/11:40:48,11.47,4.84,110.03,79.904,23.34,201.289,10578
14/11:40:49,11.48,4.84,110.02,79.882,23.34,201.3,10579
14/11:40:49,11.42,4.84,110.02,79.992,23.34,201.311,10580
14/11:40:50,11.34,4.83,110.01,80.025,23.33,201.322,10581
14/11:40:51,11.28,4.85,109.99,80.003,23.33,201.344,10582
14/11:40:51,11.53,4.86,109.98,80.003,23.33,201.355,10583
14/11:40:52,11.19,4.85,109.99,80.146,23.33,201.388,10584
14/11:40:53,11.41,4.86,109.99,80.08,23.33,201.399,10585
14/11:40:54,11.41,4.86,109.99,79.981,23.33,201.41,10586
14/11:40:54,11.28,4.86,109.99,79.948,23.33,201.421,10587
14/11:40:55,11.04,4.85,110.0,80.036,23.32,201.443,10588
14/11:40:56,11.33,4.87,110.01,80.025,23.32,201.454,10589
14/11:40:56,11.24,4.85,110.01,80.014,23.32,201.465,10590
14/11:40:57,11.03,4.84,109.99,80.135,23.32,201.476,10591
14/11:40:58,10.85,4.84,110.0,80.146,23.32,201.487,10592
14/11:40:58,11.0,4.85,110.0,80.113,23.32,201.498,10593
14/11:40:59,11.15,4.83,109.99,80.047,23.32,201.509,10594
14/11:40:59,11.41,4.84,109.99,80.113,23.32,201.531,10595
14/11:41:00,11.36,4.84,109.99,80.245,23.32,201.542,10596
14/11:41:00,11.56,4.85,109.98,80.201,23.32,201.553,10597
14/11:41:01,11.56,4.85,110.0,80.223,23.32,201.564,10598
14/11:41:02,11.68,4.86,109.99,80.278,23.31,201.575,10599
14/11:41:02,11.46,4.86,110.02,80.289,23.31,201.597,10600
14/11:41:03,10.86,4.86,110.06,80.168,23.31,201.608,10601
14/11:41:03,10.39,4.86,110.09,80.091,23.31,201.608,10602
14/11:41:04,9.49,4.86,110.19,79.882,23.31,201.641,10603
14/11:41:05,9.14,4.87,110.22,79.695,23.31,201.652,10604
14/11:41:05,8.55,4.87,110.27,79.618,23.31,201.663,10605
14/11:41:06,7.79,4.86,110.31,79.618,23.31,201.674,10606
14/11:41:07,8.0,4.86,110.33,79.53,23.31,201.696,10607
14/11:41:07,8.0,4.87,110.34,79.42,23.31,201.718,10608
14/11:41:08,7.43,4.64,110.54,79.431,23.31,201.729,10609
14/11:41:08,6.81,4.4,110.79,79.541,23.31,201.74,10610
14/11:41:09,6.44,4.15,111.05,79.618,23.3,201.751,10611
14/11:41:10,6.38,3.95,111.3,79.475,23.3,201.762,10612
14/11:41:11,5.52,3.31,112.07,78.936,23.3,201.795,10613
14/11:41:11,5.09,3.15,112.27,78.815,23.3,201.806,10614
14/11:41:12,5.37,3.34,112.08,78.683,23.3,201.817,10615
14/11:41:13,6.03,3.81,111.56,78.353,23.3,201.839,10616
14/11:41:14,6.34,4.0,111.32,78.276,23.3,201.85,10617
14/11:41:15,6.67,4.4,110.86,77.869,23.3,201.872,10618
14/11:41:15,7.05,4.62,110.65,77.616,23.3,201.883,10619
14/11:41:16,7.5,4.83,110.45,77.429,23.3,201.894,10620
14/11:41:16,7.6,4.72,110.41,77.176,23.3,201.905,10621
14/11:41:17,7.54,4.71,110.43,76.835,23.3,201.916,10622
14/11:41:18,7.24,4.71,110.43,76.681,23.3,201.927,10623
14/11:41:19,7.07,4.7,110.41,76.307,23.3,201.96,10624
14/11:41:19,6.79,4.62,110.51,76.186,23.3,201.982,10625
14/11:41:20,6.56,4.51,110.67,76.01,23.3,201.982,10626
14/11:41:20,6.55,4.56,110.87,75.867,23.3,201.993,10627
14/11:41:21,6.27,4.32,111.22,75.185,23.3,202.026,10628
14/11:41:22,5.95,4.21,111.4,74.932,23.3,202.037,10629
14/11:41:23,5.41,3.91,111.8,74.008,23.3,202.07,10630
14/11:41:24,5.5,3.89,111.79,73.788,23.3,202.07,10631
14/11:41:26,6.91,3.83,111.63,73.557,23.28,202.103,10632
14/11:41:26,8.11,3.93,111.43,73.458,23.28,202.114,10633
14/11:41:27,9.48,4.08,111.12,73.359,23.28,202.125,10634
14/11:41:28,10.33,4.22,110.91,73.337,23.28,202.136,10635
14/11:41:28,11.35,4.34,110.69,73.359,23.28,202.147,10636
14/11:41:29,12.26,4.45,110.48,73.524,23.28,202.158,10637
14/11:41:29,13.08,4.63,110.2,73.678,23.28,202.169,10638
14/11:41:30,13.15,4.76,110.03,73.766,23.28,202.18,10639
14/11:41:30,13.23,4.89,109.89,73.854,23.28,202.191,10640
14/11:41:31,13.15,4.9,109.88,73.876,23.28,202.202,10641
14/11:41:31,12.86,4.9,109.89,73.953,23.28,202.213,10642
14/11:41:32,12.56,4.91,109.88,74.03,23.28,202.224,10643
14/11:41:33,11.92,4.91,109.92,74.052,23.28,202.235,10644
14/11:41:33,11.35,4.92,109.98,74.03,23.28,202.246,10645
14/11:41:34,10.64,4.9,110.04,74.063,23.28,202.257,10646
14/11:41:34,10.32,4.89,110.07,74.206,23.28,202.268,10647
14/11:41:35,10.03,4.88,110.1,74.217,23.28,202.279,10648
14/11:41:36,9.56,4.87,110.16,74.316,23.28,202.301,10649
14/11:41:36,9.42,4.86,110.2,74.305,23.28,202.312,10650
14/11:41:37,9.52,4.86,110.21,74.25,23.28,202.323,10651
14/11:41:37,9.38,4.86,110.21,74.283,23.27,202.334,10652
14/11:41:38,8.68,4.55,110.62,74.613,23.27,202.356,10653
14/11:41:38,8.26,4.39,110.81,74.646,23.27,202.367,10654
14/11:41:39,7.87,4.24,111.0,74.58,23.27,202.378,10655
14/11:41:40,7.57,4.02,111.3,74.679,23.27,202.4,10656
14/11:41:41,7.45,4.01,111.3,74.624,23.27,202.411,10657
14/11:41:41,7.28,4.01,111.28,74.47,23.27,202.422,10658
14/11:41:42,7.83,4.17,111.13,74.536,23.27,202.433,10659
14/11:41:42,8.75,4.34,110.85,74.734,23.27,202.444,10660
14/11:41:43,9.65,4.51,110.61,74.954,23.27,202.455,10661
14/11:41:43,10.28,4.65,110.37,75.086,23.27,202.466,10662
14/11:41:44,12.09,4.88,109.96,75.317,23.27,202.488,10663
14/11:41:45,12.97,4.89,109.88,75.493,23.26,202.499,10664
14/11:41:46,13.74,4.9,109.83,75.746,23.26,202.51,10665
14/11:41:46,14.09,4.89,109.78,75.999,23.26,202.521,10666
14/11:41:47,14.09,4.91,109.79,76.208,23.26,202.532,10667
14/11:41:47,14.02,4.91,109.8,76.351,23.26,202.543,10668
14/11:41:48,14.05,4.9,109.84,76.417,23.26,202.554,10669
14/11:41:48,13.62,4.92,109.86,76.527,23.26,202.565,10670
14/11:41:49,13.08,4.92,109.9,76.648,23.26,202.576,10671
14/11:41:50,12.51,4.93,109.95,76.692,23.25,202.587,10672
14/11:41:50,12.08,4.92,109.97,76.78,23.25,202.598,10673
14/11:41:51,11.76,4.92,110.01,76.879,23.25,202.609,10674
14/11:41:51,11.48,4.92,110.0,76.912,23.25,202.62,10675
14/11:41:52,11.06,4.92,110.02,76.967,23.25,202.631,10676
14/11:41:52,10.69,4.92,110.04,77.132,23.25,202.642,10677
14/11:41:53,10.48,4.91,110.07,77.121,23.25,202.653,10678
14/11:41:54,10.2,4.91,110.1,77.033,23.25,202.664,10679
14/11:41:54,9.88,4.9,110.12,77.132,23.25,202.675,10680
14/11:41:55,9.64,4.9,110.15,77.22,23.25,202.686,10681
14/11:41:55,9.34,4.9,110.17,77.231,23.25,202.697,10682
14/11:41:56,9.14,4.89,110.18,77.143,23.24,202.708,10683
14/11:41:56,9.06,4.87,110.19,77.165,23.24,202.708,10684
14/11:41:57,9.02,4.87,110.2,77.132,23.24,202.73,10685
14/11:41:58,8.97,4.84,110.18,77.099,23.24,202.741,10686
14/11:41:58,8.98,4.84,110.18,77.154,23.24,202.752,10687
14/11:41:59,9.14,4.84,110.17,77.143,23.24,202.763,10688
14/11:41:59,9.26,4.84,110.15,77.209,23.24,202.774,10689
14/11:42:00,9.56,4.82,110.15,77.22,23.24,202.796,10690
14/11:42:01,9.74,4.83,110.15,77.22,23.24,202.807,10691
14/11:42:01,9.87,4.82,110.14,77.22,23.24,202.818,10692
14/11:42:02,9.87,4.84,110.15,77.231,23.24,202.84,10693
14/11:42:02,9.92,4.84,110.15,77.209,23.24,202.851,10694
14/11:42:03,9.98,4.84,110.17,77.231,23.24,202.862,10695
14/11:42:04,9.79,4.85,110.18,77.154,23.23,202.895,10696
14/11:42:04,9.69,4.85,110.18,77.286,23.23,202.906,10697
14/11:42:05,9.62,4.84,110.18,77.33,23.23,202.917,10698
14/11:42:05,9.64,4.83,110.19,77.363,23.23,202.928,10699
14/11:42:06,9.56,4.83,110.19,77.363,23.23,202.939,10700
14/11:42:06,9.48,4.83,110.2,77.418,23.23,202.95,10701
14/11:42:07,9.33,4.81,110.21,77.44,23.23,202.972,10702
14/11:42:08,9.32,4.81,110.2,77.55,23.23,202.983,10703
14/11:42:08,9.23,4.81,110.19,77.539,23.23,202.994,10704
14/11:42:09,9.11,4.82,110.19,77.484,23.23,203.005,10705
14/11:42:09,9.06,4.83,110.19,77.506,23.23,203.016,10706
14/11:42:10,9.05,4.82,110.18,77.528,23.23,203.016,10707
14/11:42:10,9.02,4.82,110.16,77.572,23.23,203.027,10708
14/11:42:11,9.07,4.84,110.16,77.528,23.22,203.049,10709
14/11:42:12,9.25,4.84,110.17,77.44,23.22,203.06,10710
14/11:42:13,10.03,4.87,110.17,77.418,23.22,203.093,10711
14/11:42:13,10.2,4.86,110.17,77.429,23.22,203.104,10712
14/11:42:14,10.52,4.88,110.2,77.418,23.22,203.126,10713
14/11:42:15,10.62,4.88,110.21,77.407,23.22,203.137,10714
14/11:42:15,10.61,4.89,110.21,77.451,23.22,203.148,10715
14/11:42:16,10.56,4.9,110.22,77.396,23.22,203.159,10716
14/11:42:17,10.38,4.9,110.22,77.407,23.22,203.181,10717
14/11:42:17,10.2,4.91,110.22,77.473,23.21,203.192,10718
14/11:42:18,9.95,4.91,110.22,77.506,23.21,203.203,10719
14/11:42:18,9.7,4.89,110.23,77.55,23.21,203.214,10720
14/11:42:19,9.4,4.88,110.22,77.561,23.21,203.225,10721
14/11:42:20,9.12,4.85,110.21,77.561,23.21,203.247,10722
14/11:42:20,8.78,4.85,110.21,77.583,23.21,203.247,10723
14/11:42:21,8.52,4.84,110.21,77.605,23.21,203.258,10724
14/11:42:22,8.39,4.84,110.2,77.594,23.21,203.28,10725
14/11:42:22,8.39,4.83,110.2,77.649,23.21,203.291,10726
14/11:42:23,8.44,4.84,110.18,77.66,23.21,203.302,10727
14/11:42:23,8.49,4.85,110.17,77.671,23.21,203.313,10728
14/11:42:24,8.66,4.87,110.17,77.671,23.21,203.324,10729
14/11:42:24,8.95,4.89,110.17,77.649,23.21,203.335,10730
14/11:42:25,9.26,4.9,110.18,77.55,23.21,203.346,10731
14/11:42:26,9.5,4.92,110.17,77.528,23.21,203.357,10732
14/11:42:26,9.67,4.92,110.18,77.561,23.2,203.368,10733
14/11:42:27,9.89,4.93,110.19,77.517,23.2,203.379,10734
14/11:42:27,9.99,4.95,110.2,77.506,23.2,203.39,10735
14/11:42:28,10.01,4.96,110.2,77.517,23.2,203.401,10736
14/11:42:29,10.05,4.96,110.19,77.528,23.2,203.412,10737
14/11:42:29,9.9,4.97,110.2,77.506,23.2,203.423,10738
14/11:42:30,9.64,4.95,110.21,77.55,23.2,203.434,10739
14/11:42:30,9.59,4.95,110.21,77.572,23.2,203.445,10740
14/11:42:31,9.48,4.96,110.2,77.583,23.2,203.456,10741
14/11:42:32,9.3,4.95,110.19,77.605,23.2,203.467,10742
14/11:42:32,9.13,4.94,110.19,77.572,23.2,203.478,10743
14/11:42:33,8.96,4.93,110.2,77.55,23.2,203.489,10744
14/11:42:33,8.78,4.93,110.21,77.572,23.2,203.5,10745
14/11:42:34,8.61,4.92,110.21,77.572,23.2,203.511,10746
14/11:42:34,8.48,4.9,110.2,77.517,23.2,203.522,10747
14/11:42:35,8.33,4.87,110.2,77.473,23.2,203.533,10748
14/11:42:35,8.3,4.84,110.21,77.528,23.19,203.544,10749
14/11:42:36,8.32,4.87,110.21,77.616,23.19,203.555,10750
14/11:42:37,8.43,4.86,110.2,77.682,23.19,203.566,10751
14/11:42:37,8.55,4.86,110.19,77.704,23.19,203.577,10752
14/11:42:38,8.68,4.85,110.18,77.726,23.19,203.588,10753
14/11:42:38,8.94,4.87,110.17,77.704,23.19,203.61,10754
14/11:42:39,9.09,4.88,110.17,77.693,23.19,203.621,10755
14/11:42:39,9.3,4.9,110.17,77.671,23.19,203.632,10756
14/11:42:40,9.53,4.91,110.17,77.704,23.19,203.643,10757
14/11:42:41,10.07,4.94,110.19,77.858,23.19,203.676,10758
14/11:42:41,10.19,4.95,110.18,77.847,23.19,203.687,10759
14/11:42:42,10.28,4.95,110.19,77.935,23.19,203.698,10760
14/11:42:42,10.28,4.95,110.18,78.111,23.19,203.709,10761
14/11:42:43,10.12,4.94,110.19,78.144,23.18,203.72,10762
14/11:42:44,8.96,4.9,110.19,78.386,23.18,203.764,10763
14/11:42:45,8.1,4.87,110.22,78.507,23.18,203.786,10764
14/11:42:45,7.94,4.86,110.24,78.54,23.18,203.797,10765
14/11:42:46,7.66,4.87,110.3,78.474,23.18,203.808,10766
14/11:42:47,7.51,4.88,110.35,78.408,23.18,203.83,10767
14/11:42:47,7.63,4.88,110.37,78.386,23.18,203.841,10768
14/11:42:48,7.88,4.87,110.36,78.43,23.18,203.852,10769
14/11:42:48,8.09,4.87,110.37,78.408,23.18,203.863,10770
14/11:42:49,8.14,4.88,110.38,78.331,23.18,203.874,10771
14/11:42:50,7.99,4.88,110.38,78.199,23.18,203.885,10772
14/11:42:50,7.78,4.87,110.39,78.188,23.18,203.896,10773
14/11:42:51,7.54,4.87,110.38,78.199,23.18,203.907,10774
14/11:42:51,7.42,4.85,110.37,78.221,23.18,203.918,10775
14/11:42:52,7.08,4.85,110.37,78.122,23.18,203.94,10776
14/11:42:53,6.83,4.85,110.38,78.078,23.17,203.951,10777
14/11:42:53,6.51,4.85,110.39,78.122,23.17,203.962,10778
14/11:42:54,6.31,4.85,110.4,78.122,23.17,203.973,10779
14/11:42:54,6.33,4.85,110.43,78.056,23.17,203.984,10780
14/11:42:55,6.42,4.85,110.47,77.847,23.17,203.995,10781
14/11:42:55,6.41,4.87,110.5,77.693,23.17,204.006,10782
14/11:42:56,6.25,4.88,110.53,77.561,23.17,204.017,10783
14/11:42:57,5.71,4.89,110.61,77.462,23.17,204.039,10784
14/11:42:57,5.57,4.87,110.63,77.363,23.17,204.05,10785
14/11:42:58,5.41,4.88,110.63,77.209,23.17,204.061,10786
14/11:42:58,5.37,4.88,110.63,77.044,23.17,204.072,10787
14/11:42:59,5.3,4.88,110.62,77.011,23.17,204.083,10788
14/11:43:00,5.33,4.86,110.63,76.945,23.17,204.094,10789
14/11:43:00,5.47,4.87,110.63,76.868,23.17,204.105,10790
14/11:43:01,5.83,4.86,110.62,76.714,23.17,204.116,10791
14/11:43:01,5.97,4.88,110.63,76.593,23.17,204.127,10792
14/11:43:02,6.18,4.87,110.63,76.516,23.17,204.149,10793
14/11:43:02,6.16,4.86,110.62,76.45,23.17,204.16,10794
14/11:43:03,6.21,4.86,110.63,76.406,23.17,204.171,10795
14/11:43:04,6.34,4.86,110.61,76.362,23.17,204.182,10796
14/11:43:04,6.5,4.85,110.6,76.285,23.17,204.193,10797
14/11:43:05,6.67,4.86,110.6,76.208,23.17,204.204,10798
14/11:43:05,6.88,4.86,110.6,76.186,23.17,204.215,10799
14/11:43:06,6.98,4.85,110.59,76.076,23.17,204.226,10800
14/11:43:07,6.86,4.86,110.57,76.076,23.17,204.237,10801
14/11:43:07,6.7,4.85,110.56,76.142,23.17,204.248,10802
14/11:43:08,6.49,4.84,110.56,76.208,23.17,204.259,10803
14/11:43:08,6.14,4.83,110.56,76.208,23.17,204.27,10804
14/11:43:09,5.81,4.82,110.56,76.252,23.17,204.281,10805
14/11:43:09,5.37,4.79,110.57,76.252,23.17,204.303,10806
14/11:43:10,5.32,4.79,110.59,76.296,23.17,204.314,10807
14/11:43:11,5.49,4.78,110.56,76.461,23.17,204.325,10808
14/11:43:11,5.7,4.78,110.55,76.549,23.17,204.336,10809
14/11:43:12,5.97,4.78,110.57,76.604,23.17,204.347,10810
14/11:43:12,6.23,4.78,110.56,76.714,23.17,204.358,10811
14/11:43:13,6.33,4.8,110.56,77.044,23.17,204.38,10812
14/11:43:14,5.71,4.77,110.57,77.407,23.17,204.413,10813
14/11:43:15,5.42,4.76,110.57,77.55,23.17,204.424,10814
14/11:43:15,5.17,4.76,110.57,77.561,23.17,204.446,10815
14/11:43:16,4.94,4.75,110.59,77.693,23.17,204.457,10816
14/11:43:16,4.82,4.74,110.57,77.814,23.17,204.468,10817
14/11:43:17,4.71,4.74,110.61,77.88,23.17,204.479,10818
14/11:43:18,4.72,4.73,110.61,77.836,23.17,204.49,10819
14/11:43:18,4.79,4.72,110.62,77.814,23.17,204.501,10820
14/11:43:19,4.93,4.72,110.62,77.836,23.17,204.512,10821
14/11:43:19,5.08,4.71,110.62,77.77,23.17,204.523,10822
14/11:43:20,5.62,4.71,110.64,77.649,23.17,204.545,10823
14/11:43:21,5.97,4.72,110.63,77.572,23.17,204.556,10824
14/11:43:21,6.31,4.72,110.62,77.308,23.17,204.567,10825
14/11:43:22,6.57,4.72,110.63,77.198,23.17,204.578,10826
14/11:43:22,6.81,4.73,110.63,77.11,23.17,204.589,10827
14/11:43:23,7.15,4.74,110.63,76.857,23.16,204.611,10828
14/11:43:23,7.18,4.73,110.64,76.725,23.16,204.622,10829
14/11:43:24,7.18,4.72,110.63,76.593,23.16,204.633,10830
14/11:43:25,7.11,4.71,110.63,76.549,23.16,204.644,10831
14/11:43:25,7.13,4.7,110.62,76.428,23.16,204.655,10832
14/11:43:26,7.16,4.7,110.62,76.329,23.16,204.666,10833
14/11:43:27,7.09,4.71,110.61,76.186,23.16,204.677,10834
14/11:43:27,6.86,4.7,110.62,76.087,23.16,204.688,10835
14/11:43:28,6.69,4.7,110.62,76.021,23.16,204.699,10836
14/11:43:28,6.45,4.71,110.61,75.9,23.16,204.71,10837
14/11:43:29,6.36,4.71,110.6,75.746,23.16,204.721,10838
14/11:43:29,6.3,4.73,110.59,75.68,23.16,204.732,10839
14/11:43:30,6.25,4.74,110.56,75.592,23.16,204.743,10840
14/11:43:31,6.4,4.75,110.55,75.57,23.16,204.754,10841
14/11:43:31,6.76,4.75,110.52,75.537,23.16,204.765,10842
14/11:43:32,7.28,4.76,110.46,75.592,23.16,204.776,10843
14/11:43:32,7.77,4.76,110.41,75.625,23.16,204.787,10844
14/11:43:33,8.23,4.76,110.37,75.625,23.16,204.798,10845
14/11:43:34,8.45,4.76,110.34,75.647,23.16,204.809,10846
14/11:43:34,8.6,4.75,110.31,75.614,23.16,204.82,10847
14/11:43:35,8.68,4.73,110.31,75.548,23.16,204.831,10848
14/11:43:35,8.77,4.73,110.28,75.46,23.16,204.842,10849
14/11:43:36,8.96,4.74,110.24,75.405,23.16,204.853,10850
14/11:43:37,9.14,4.75,110.24,75.493,23.16,204.864,10851
14/11:43:37,9.33,4.75,110.21,75.548,23.15,204.875,10852
14/11:43:38,9.51,4.78,110.19,75.526,23.15,204.886,10853
14/11:43:38,9.86,4.82,110.15,75.229,23.15,204.908,10854
14/11:43:39,10.11,4.84,110.12,75.207,23.15,204.908,10855
14/11:43:39,10.24,4.86,110.13,75.405,23.15,204.941,10856
14/11:43:40,10.12,4.9,110.14,75.185,23.15,204.963,10857
14/11:43:41,10.37,4.9,110.13,75.042,23.15,204.974,10858
14/11:43:41,10.79,4.9,110.1,74.965,23.15,204.985,10859
14/11:43:42,11.61,4.92,110.03,75.075,23.15,205.007,10860
14/11:43:43,12.09,4.9,109.98,74.91,23.14,205.029,10861
14/11:43:44,12.57,4.86,109.95,74.921,23.14,205.04,10862
14/11:43:44,12.81,4.87,109.91,75.064,23.14,205.051,10863
14/11:43:45,12.0,4.86,109.96,74.921,23.14,205.073,10864
14/11:43:46,11.53,4.84,110.01,74.613,23.14,205.095,10865
14/11:43:47,11.57,4.85,110.01,74.635,23.14,205.106,10866
14/11:43:47,11.43,4.85,110.01,74.712,23.14,205.117,10867
14/11:43:48,11.2,4.86,110.01,74.767,23.13,205.128,10868
14/11:43:49,11.34,4.86,110.0,74.767,23.13,205.139,10869
14/11:43:49,12.02,4.86,109.93,74.767,23.13,205.15,10870
14/11:43:50,13.25,4.87,109.85,75.02,23.13,205.172,10871
14/11:43:51,12.16,4.86,109.9,74.844,23.13,205.194,10872
14/11:43:52,11.62,4.86,109.94,74.679,23.13,205.205,10873
14/11:43:52,11.26,4.86,109.99,74.58,23.13,205.216,10874
14/11:43:53,10.6,4.84,110.05,74.47,23.12,205.216,10875
14/11:43:53,9.94,4.83,110.09,74.316,23.12,205.227,10876
14/11:43:54,9.5,4.82,110.15,74.151,23.12,205.249,10877
14/11:43:54,9.13,4.81,110.2,74.096,23.12,205.26,10878
14/11:43:55,9.38,4.8,110.17,74.129,23.12,205.271,10879
14/11:43:56,9.69,4.79,110.13,74.118,23.12,205.282,10880
14/11:43:56,10.25,4.77,110.09,74.074,23.12,205.293,10881
14/11:43:57,10.75,4.76,110.04,74.14,23.12,205.304,10882
14/11:43:57,11.11,4.76,110.01,74.261,23.12,205.315,10883
14/11:43:58,11.39,4.76,109.97,74.371,23.12,205.326,10884
14/11:43:59,11.36,4.76,109.93,74.382,23.12,205.337,10885
14/11:43:59,11.6,4.75,109.91,74.448,23.12,205.348,10886
14/11:44:00,11.76,4.77,109.91,74.624,23.11,205.359,10887
14/11:44:00,11.76,4.79,109.91,74.723,23.11,205.37,10888
14/11:44:01,11.06,4.8,109.95,74.635,23.11,205.381,10889
14/11:44:01,10.2,4.82,110.07,74.624,23.11,205.403,10890
14/11:44:02,10.09,4.83,110.11,74.635,23.11,205.414,10891
14/11:44:02,10.11,4.82,110.12,74.745,23.11,205.425,10892
14/11:44:03,10.15,4.81,110.1,74.899,23.11,205.436,10893
14/11:44:04,10.42,4.83,110.09,75.031,23.11,205.447,10894
14/11:44:04,10.99,4.84,110.06,75.251,23.11,205.458,10895
14/11:44:05,11.83,4.85,109.98,75.449,23.11,205.469,10896
14/11:44:05,12.47,4.84,109.92,75.537,23.1,205.48,10897
14/11:44:06,13.15,4.85,109.84,75.669,23.1,205.491,10898
14/11:44:07,13.59,4.83,109.77,75.867,23.1,205.502,10899
14/11:44:07,12.98,4.83,109.8,75.977,23.1,205.513,10900
14/11:44:08,10.98,4.77,109.94,75.966,23.1,205.535,10901
14/11:44:08,10.28,4.74,110.01,75.922,23.1,205.546,10902
14/11:44:09,9.96,4.72,110.05,75.834,23.1,205.557,10903
14/11:44:09,9.67,4.69,110.09,75.856,23.1,205.568,10904
14/11:44:10,9.5,4.66,110.12,76.043,23.1,205.579,10905
14/11:44:11,9.57,4.65,110.13,76.296,23.1,205.59,10906
14/11:44:11,10.75,4.64,110.06,76.56,23.09,205.601,10907
14/11:44:12,11.97,4.67,109.96,76.857,23.09,205.612,10908
14/11:44:12,12.98,4.68,109.85,77.055,23.09,205.623,10909
14/11:44:13,13.56,4.68,109.77,77.187,23.09,205.634,10910
14/11:44:14,12.95,4.68,109.76,77.286,23.09,205.656,10911
14/11:44:14,12.04,4.68,109.8,77.308,23.09,205.667,10912
14/11:44:15,10.35,4.66,109.93,77.264,23.09,205.689,10913
14/11:44:15,9.38,4.65,110.01,77.209,23.08,205.7,10914
14/11:44:16,8.32,4.63,110.11,77.121,23.08,205.711,10915
14/11:44:17,7.56,4.64,110.19,77.066,23.08,205.722,10916
14/11:44:17,7.45,4.65,110.21,77.033,23.08,205.733,10917
14/11:44:18,8.02,4.66,110.19,77.077,23.08,205.744,10918
14/11:44:18,8.62,4.67,110.17,77.165,23.08,205.755,10919
14/11:44:19,9.7,4.68,110.09,77.352,23.08,205.777,10920
14/11:44:20,10.07,4.69,110.05,77.473,23.08,205.788,10921
14/11:44:20,10.38,4.69,110.02,77.517,23.08,205.799,10922
14/11:44:21,10.52,4.67,109.98,77.55,23.08,205.81,10923
14/11:44:22,9.79,4.65,109.98,77.583,23.08,205.832,10924
14/11:44:22,8.62,4.62,110.07,77.473,23.08,205.854,10925
14/11:44:24,7.85,4.6,110.14,77.451,23.07,205.876,10926
14/11:44:24,7.57,4.6,110.18,77.374,23.07,205.887,10927
14/11:44:25,7.39,4.6,110.21,77.275,23.07,205.909,10928
14/11:44:25,7.44,4.6,110.21,77.33,23.07,205.92,10929
14/11:44:26,7.45,4.61,110.21,77.297,23.07,205.931,10930
14/11:44:27,7.46,4.62,110.21,77.176,23.07,205.942,10931
14/11:44:27,7.48,4.62,110.22,77.022,23.07,205.964,10932
14/11:44:28,7.5,4.61,110.21,76.967,23.07,205.975,10933
14/11:44:28,7.51,4.61,110.22,76.978,23.07,205.986,10934
14/11:44:29,7.46,4.59,110.21,76.802,23.07,206.008,10935
14/11:44:30,7.5,4.57,110.21,76.67,23.07,206.03,10936
14/11:44:31,7.49,4.57,110.2,76.615,23.07,206.041,10937
14/11:44:32,7.44,4.59,110.19,76.494,23.07,206.052,10938
14/11:44:32,7.53,4.6,110.19,76.417,23.07,206.063,10939
14/11:44:33,7.64,4.61,110.18,76.362,23.07,206.074,10940
14/11:44:33,7.85,4.62,110.19,76.274,23.07,206.085,10941
14/11:44:34,8.32,4.63,110.18,76.241,23.07,206.096,10942
14/11:44:35,9.16,4.66,110.12,76.362,23.06,206.118,10943
14/11:44:35,9.47,4.66,110.09,76.351,23.06,206.129,10944
14/11:44:36,9.81,4.66,110.06,76.373,23.06,206.14,10945
14/11:44:36,10.02,4.65,110.06,76.428,23.06,206.151,10946
14/11:44:37,10.14,4.65,110.04,76.428,23.06,206.162,10947
14/11:44:38,10.19,4.64,110.02,76.406,23.06,206.173,10948
14/11:44:38,10.03,4.65,110.03,76.362,23.06,206.184,10949
14/11:44:39,9.98,4.65,110.05,76.384,23.06,206.206,10950
14/11:44:39,10.14,4.66,110.06,76.373,23.06,206.217,10951
14/11:44:40,10.54,4.67,110.06,76.263,23.06,206.239,10952
14/11:44:41,10.76,4.67,110.06,76.274,23.06,206.25,10953
14/11:44:41,10.84,4.67,110.06,76.263,23.05,206.261,10954
14/11:44:43,10.57,4.65,110.05,76.186,23.05,206.283,10955
14/11:44:43,10.18,4.66,110.05,76.142,23.05,206.294,10956
14/11:44:44,9.89,4.65,110.07,75.977,23.05,206.305,10957
14/11:44:44,9.61,4.64,110.08,75.779,23.05,206.316,10958
14/11:44:45,9.24,4.66,110.11,75.735,23.05,206.327,10959
14/11:44:46,9.32,4.67,110.11,75.801,23.05,206.349,10960
14/11:44:46,9.46,4.68,110.14,75.834,23.05,206.36,10961
14/11:44:47,9.78,4.67,110.13,75.823,23.05,206.382,10962
14/11:44:48,9.99,4.67,110.11,75.713,23.04,206.404,10963
14/11:44:49,10.21,4.67,110.07,75.669,23.04,206.415,10964
14/11:44:49,10.41,4.67,110.06,75.691,23.04,206.426,10965
14/11:44:51,10.52,4.67,110.03,75.757,23.04,206.459,10966
14/11:44:52,10.54,4.67,110.02,75.801,23.04,206.47,10967
14/11:44:52,10.54,4.67,109.99,75.823,23.04,206.481,10968
14/11:44:53,10.38,4.66,109.98,75.79,23.04,206.492,10969
14/11:44:53,10.23,4.66,109.98,75.735,23.04,206.503,10970
14/11:44:54,10.05,4.66,109.97,75.669,23.04,206.514,10971
14/11:44:54,10.0,4.66,109.96,75.68,23.03,206.525,10972
14/11:44:55,10.13,4.67,109.95,75.757,23.03,206.536,10973
14/11:44:55,10.32,4.68,109.95,75.801,23.03,206.547,10974
14/11:44:56,10.34,4.68,109.95,75.768,23.03,206.558,10975
14/11:44:57,10.34,4.69,109.97,75.812,23.03,206.58,10976
14/11:44:57,10.39,4.68,109.97,75.812,23.03,206.591,10977
14/11:44:58,10.42,4.66,110.02,75.823,23.03,206.602,10978
14/11:44:58,10.1,4.39,110.26,76.021,23.03,206.613,10979
14/11:44:59,9.73,4.16,110.5,76.252,23.03,206.624,10980
14/11:45:00,9.42,3.94,110.73,76.285,23.03,206.635,10981
14/11:45:00,9.04,3.65,111.02,76.12,23.02,206.657,10982
14/11:45:01,9.09,3.65,111.01,75.922,23.02,206.668,10983
14/11:45:02,8.97,3.65,111.02,75.757,23.02,206.679,10984
14/11:45:02,8.97,3.65,110.98,75.768,23.02,206.69,10985
14/11:45:03,9.47,3.97,110.67,75.79,23.02,206.701,10986
14/11:45:03,10.41,4.41,110.15,75.933,23.02,206.723,10987
14/11:45:04,10.98,4.66,109.89,75.977,23.02,206.734,10988
14/11:45:05,11.23,4.65,109.87,76.032,23.02,206.745,10989
14/11:45:05,11.36,4.66,109.84,76.087,23.02,206.756,10990
14/11:45:06,11.47,4.66,109.82,76.12,23.02,206.767,10991
14/11:45:06,11.46,4.65,109.8,76.131,23.02,206.778,10992
14/11:45:07,11.27,4.65,109.79,76.197,23.01,206.789,10993
14/11:45:08,11.05,4.66,109.8,76.23,23.01,206.811,10994
14/11:45:09,11.22,4.67,109.82,76.318,23.01,206.822,10995
14/11:45:09,11.39,4.67,109.82,76.417,23.01,206.833,10996
14/11:45:10,11.68,4.69,109.82,76.505,23.01,206.844,10997
14/11:45:10,11.97,4.7,109.83,76.56,23.01,206.855,10998
14/11:45:11,12.25,4.55,110.04,76.956,23.01,206.877,10999
14/11:45:11,12.17,4.31,110.28,77.176,23.01,206.888,11000
14/11:45:12,12.0,4.07,110.53,77.242,23.0,206.91,11001
14/11:45:13,11.76,3.86,110.76,77.143,23.0,206.921,11002
14/11:45:13,11.49,3.63,111.04,77.176,23.0,206.921,11003
14/11:45:14,11.04,3.42,111.28,77.297,23.0,206.943,11004
14/11:45:14,10.91,3.42,111.27,77.154,23.0,206.954,11005
14/11:45:15,10.78,3.44,111.27,77.011,23.0,206.965,11006
14/11:45:16,10.94,3.63,111.04,76.967,23.0,206.976,11007
14/11:45:16,11.32,4.12,110.56,77.209,22.99,206.998,11008
14/11:45:17,11.42,4.34,110.31,77.374,22.99,207.009,11009
14/11:45:17,11.23,4.57,110.09,77.374,22.99,207.02,11010
14/11:45:18,10.13,4.38,110.32,77.539,22.99,207.042,11011
14/11:45:19,9.35,4.16,110.61,77.539,22.99,207.053,11012
14/11:45:20,7.54,3.68,111.16,77.517,22.99,207.075,11013
14/11:45:20,6.7,3.42,111.49,77.583,22.99,207.086,11014
14/11:45:21,5.9,3.15,111.79,77.594,22.99,207.097,11015
14/11:45:21,5.32,2.9,112.03,77.649,22.99,207.108,11016
14/11:45:22,5.17,2.89,112.06,77.561,22.99,207.108,11017
14/11:45:23,5.42,3.11,111.8,77.264,22.99,207.13,11018
14/11:45:23,5.9,3.56,111.32,76.989,22.99,207.152,11019
14/11:45:24,6.21,3.77,111.11,77.055,22.99,207.163,11020
14/11:45:25,6.56,4.0,110.82,77.198,22.99,207.174,11021
14/11:45:25,6.91,4.25,110.55,77.308,22.99,207.185,11022
14/11:45:26,7.38,4.48,110.32,77.297,22.98,207.196,11023
14/11:45:26,7.52,4.63,110.14,77.308,22.98,207.207,11024
14/11:45:27,7.52,4.62,110.14,77.341,22.98,207.218,11025
14/11:45:28,7.45,4.59,110.15,77.385,22.98,207.229,11026
14/11:45:28,7.48,4.56,110.15,77.506,22.98,207.251,11027
14/11:45:29,7.44,4.56,110.14,77.561,22.98,207.262,11028
14/11:45:30,7.56,4.56,110.15,77.671,22.98,207.284,11029
14/11:45:30,7.64,4.56,110.15,77.781,22.98,207.295,11030
14/11:45:31,7.77,4.56,110.15,77.88,22.98,207.306,11031
14/11:45:32,8.0,4.57,110.16,77.869,22.98,207.317,11032
14/11:45:32,8.56,4.6,110.16,78.012,22.98,207.339,11033
14/11:45:33,8.73,4.61,110.17,78.034,22.98,207.361,11034
14/11:45:34,8.77,4.63,110.16,78.166,22.98,207.383,11035
14/11:45:35,8.77,4.64,110.16,78.21,22.98,207.394,11036
14/11:45:35,8.51,4.65,110.17,78.254,22.98,207.405,11037
14/11:45:36,8.34,4.68,110.15,78.331,22.98,207.416,11038
14/11:45:36,8.11,4.69,110.15,78.397,22.97,207.416,11039
14/11:45:37,7.97,4.71,110.15,78.441,22.97,207.427,11040
14/11:45:38,8.03,4.73,110.14,78.507,22.97,207.449,11041
14/11:45:38,8.02,4.76,110.17,78.705,22.97,207.471,11042
14/11:45:39,7.74,4.77,110.19,78.672,22.97,207.482,11043
14/11:45:40,7.54,4.77,110.22,78.628,22.97,207.493,11044
14/11:45:40,7.27,4.77,110.24,78.606,22.97,207.504,11045
14/11:45:41,6.94,4.76,110.28,78.606,22.97,207.515,11046
14/11:45:41,6.15,4.75,110.32,78.628,22.97,207.537,11047
14/11:45:42,6.01,4.74,110.33,78.65,22.97,207.548,11048
14/11:45:42,6.16,4.74,110.34,78.562,22.97,207.559,11049
14/11:45:43,6.35,4.74,110.36,78.408,22.97,207.57,11050
14/11:45:44,6.49,4.75,110.37,78.342,22.97,207.581,11051
14/11:45:44,6.6,4.75,110.39,78.221,22.97,207.592,11052
14/11:45:45,6.53,4.76,110.41,78.1,22.97,207.603,11053
14/11:45:46,6.27,4.75,110.45,77.99,22.97,207.614,11054
14/11:45:46,5.42,4.77,110.51,77.748,22.97,207.647,11055
14/11:45:47,4.85,4.78,110.53,77.66,22.97,207.658,11056
14/11:45:48,4.28,4.78,110.54,77.451,22.97,207.68,11057
14/11:45:48,4.12,4.78,110.54,77.374,22.97,207.691,11058
14/11:45:49,4.13,4.78,110.54,77.253,22.97,207.702,11059
14/11:45:50,4.25,4.79,110.54,77.143,22.97,207.713,11060
14/11:45:50,4.41,4.81,110.53,76.901,22.97,207.724,11061
14/11:45:51,4.78,4.79,110.52,76.692,22.97,207.746,11062
14/11:45:52,4.94,4.83,110.53,76.395,22.97,207.768,11063
14/11:45:53,4.93,4.89,110.52,76.318,22.97,207.779,11064
14/11:45:53,4.89,4.93,110.53,76.164,22.97,207.79,11065
14/11:45:54,4.78,4.95,110.54,75.944,22.97,207.801,11066
14/11:45:54,4.63,4.96,110.56,75.801,22.97,207.812,11067
14/11:45:55,4.47,5.0,110.59,75.713,22.97,207.823,11068
14/11:45:55,4.31,5.03,110.61,75.603,22.97,207.834,11069
14/11:45:56,4.22,5.03,110.63,75.427,22.97,207.845,11070
14/11:45:56,4.38,5.04,110.62,75.295,22.97,207.856,11071
14/11:45:57,4.47,5.01,110.63,75.317,22.97,207.867,11072
14/11:45:58,4.44,5.0,110.62,75.284,22.97,207.878,11073
14/11:45:58,4.42,4.99,110.61,75.13,22.97,207.889,11074
14/11:45:59,4.42,4.98,110.6,74.932,22.97,207.9,11075
14/11:45:59,4.46,4.96,110.6,74.767,22.97,207.911,11076
14/11:46:00,4.71,4.94,110.57,74.646,22.97,207.922,11077
14/11:46:01,4.93,4.94,110.56,74.624,22.97,207.933,11078
14/11:46:01,4.59,4.92,110.57,74.569,22.97,207.955,11079
14/11:46:02,4.51,4.93,110.6,74.459,22.97,207.966,11080
14/11:46:02,4.57,4.94,110.62,74.36,22.97,207.977,11081
14/11:46:03,4.87,4.96,110.62,74.283,22.97,207.988,11082
14/11:46:04,5.0,4.97,110.61,74.206,22.97,207.999,11083
14/11:46:04,4.82,4.97,110.63,74.129,22.97,208.01,11084
14/11:46:05,4.56,4.98,110.62,73.821,22.97,208.032,11085
14/11:46:05,4.8,4.97,110.61,73.733,22.97,208.043,11086
14/11:46:06,4.92,4.96,110.61,73.678,22.97,208.054,11087
14/11:46:07,4.74,4.92,110.6,73.436,22.97,208.076,11088
14/11:46:07,4.82,4.92,110.6,73.337,22.97,208.087,11089
14/11:46:08,4.75,4.91,110.61,73.227,22.97,208.098,11090
14/11:46:08,4.8,4.91,110.61,73.095,22.97,208.109,11091
14/11:46:09,4.86,4.91,110.62,72.908,22.97,208.12,11092
14/11:46:10,4.7,4.9,110.63,72.787,22.97,208.131,11093
14/11:46:10,4.81,4.89,110.63,72.688,22.97,208.131,11094
14/11:46:11,4.99,4.88,110.63,72.611,22.97,208.153,11095
14/11:46:12,4.74,4.86,110.6,72.16,22.97,208.164,11096
14/11:46:12,4.84,4.84,110.6,71.962,22.97,208.175,11097
14/11:46:13,4.85,4.83,110.6,71.83,22.97,208.186,11098
14/11:46:13,4.76,4.82,110.59,71.72,22.97,208.197,11099
14/11:46:14,4.93,4.81,110.59,71.61,22.97,208.208,11100
14/11:46:14,4.73,4.8,110.57,71.423,22.97,208.208,11101
14/11:46:15,4.77,4.81,110.59,71.269,22.97,208.23,11102
14/11:46:16,4.78,4.8,110.6,71.148,22.97,208.241,11103
14/11:46:16,4.82,4.8,110.6,71.027,22.97,208.252,11104
14/11:46:17,4.9,4.8,110.61,70.906,22.97,208.263,11105
14/11:46:17,4.87,4.8,110.61,70.741,22.97,208.274,11106
14/11:46:18,4.81,4.79,110.62,70.587,22.97,208.285,11107
14/11:46:19,4.76,4.79,110.61,70.455,22.97,208.296,11108
14/11:46:19,4.81,4.8,110.62,70.246,22.97,208.318,11109
14/11:46:20,4.92,4.8,110.62,70.092,22.97,208.318,11110
14/11:46:20,4.79,4.8,110.63,69.96,22.97,208.329,11111
14/11:46:21,4.89,4.81,110.64,69.773,22.97,208.34,11112
14/11:46:22,7.53,4.8,110.43,69.806,22.97,208.373,11113
14/11:46:23,8.36,4.8,110.34,69.982,22.97,208.384,11114
14/11:46:23,9.39,4.79,110.25,70.169,22.97,208.395,11115
14/11:46:24,10.21,4.83,110.16,70.257,22.97,208.406,11116
14/11:46:25,13.03,4.83,109.94,70.587,22.97,208.428,11117
14/11:46:25,13.73,4.83,109.82,70.851,22.96,208.439,11118
14/11:46:26,13.77,4.83,109.82,71.005,22.96,208.45,11119
14/11:46:26,13.62,4.87,109.8,71.115,22.96,208.461,11120
14/11:46:27,13.46,4.87,109.8,71.181,22.96,208.472,11121
14/11:46:28,13.09,4.87,109.83,71.28,22.96,208.483,11122
14/11:46:28,12.75,4.85,109.83,71.335,22.96,208.483,11123
14/11:46:29,11.98,4.86,109.9,71.401,22.96,208.494,11124
14/11:46:29,11.07,4.87,109.98,71.445,22.96,208.505,11125
14/11:46:30,11.4,4.88,109.96,71.753,22.95,208.516,11126
14/11:46:31,11.92,4.87,109.94,71.94,22.95,208.527,11127
14/11:46:31,12.39,4.87,109.89,72.116,22.95,208.549,11128
14/11:46:32,13.12,4.87,109.82,72.347,22.95,208.56,11129
14/11:46:32,13.83,4.88,109.78,72.644,22.95,208.571,11130
14/11:46:33,14.33,4.87,109.71,72.908,22.95,208.582,11131
14/11:46:34,14.73,4.87,109.66,73.161,22.95,208.593,11132
14/11:46:34,14.47,4.88,109.65,73.304,22.94,208.604,11133
14/11:46:35,13.59,4.87,109.71,73.469,22.94,208.615,11134
14/11:46:35,12.59,4.86,109.78,73.535,22.94,208.626,11135
14/11:46:36,11.78,4.85,109.87,73.447,22.94,208.637,11136
14/11:46:36,9.91,4.85,110.02,73.513,22.94,208.659,11137
14/11:46:37,9.62,4.85,110.06,73.524,22.94,208.67,11138
14/11:46:38,9.6,4.86,110.09,73.502,22.94,208.681,11139
14/11:46:38,9.53,4.86,110.12,73.59,22.94,208.692,11140
14/11:46:39,9.82,4.84,110.09,73.634,22.94,208.703,11141
14/11:46:39,11.6,4.83,109.96,73.854,22.93,208.725,11142
14/11:46:40,12.49,4.84,109.88,74.129,22.93,208.736,11143
14/11:46:41,13.13,4.84,109.8,74.371,22.93,208.747,11144
14/11:46:41,13.07,4.84,109.78,74.558,22.93,208.758,11145
14/11:46:42,13.07,4.86,109.77,74.789,22.93,208.78,11146
14/11:46:43,13.21,4.88,109.76,74.932,22.93,208.791,11147
14/11:46:43,12.92,4.86,109.76,74.899,22.93,208.802,11148
14/11:46:44,12.26,4.88,109.79,74.866,22.93,208.813,11149
14/11:46:44,11.81,4.88,109.84,74.899,22.92,208.824,11150
14/11:46:45,11.8,4.89,109.85,75.009,22.92,208.835,11151
14/11:46:46,11.93,4.88,109.83,75.196,22.92,208.846,11152
14/11:46:46,12.24,4.87,109.79,75.273,22.92,208.868,11153
14/11:46:47,12.72,4.88,109.74,75.416,22.92,208.879,11154
14/11:46:47,13.46,4.88,109.68,75.68,22.92,208.89,11155
14/11:46:48,14.17,4.88,109.64,75.812,22.92,208.901,11156
14/11:46:48,14.19,4.88,109.64,75.889,22.92,208.912,11157
14/11:46:49,14.11,4.87,109.64,75.966,22.91,208.923,11158
14/11:46:50,13.52,4.87,109.71,76.01,22.91,208.934,11159
14/11:46:50,12.56,4.87,109.78,75.988,22.91,208.945,11160
14/11:46:51,10.78,4.86,109.94,75.768,22.91,208.956,11161
14/11:46:51,8.68,4.84,110.1,75.471,22.91,208.967,11162
14/11:46:52,2.93,4.81,110.6,74.393,22.91,209.0,11163
14/11:46:53,1.64,4.81,110.73,74.074,22.91,209.011,11164
14/11:46:54,0.88,4.81,110.82,73.777,22.91,209.022,11165
14/11:46:54,0.55,4.8,110.87,73.491,22.91,209.033,11166
14/11:46:55,0.85,4.8,110.88,73.106,22.91,209.044,11167
14/11:46:55,2.41,4.8,110.78,73.007,22.91,209.044,11168
14/11:46:56,3.86,4.62,110.86,73.282,22.91,209.066,11169
14/11:46:57,5.01,4.43,110.99,73.645,22.91,209.066,11170
14/11:46:57,7.34,4.01,111.21,73.953,22.91,209.088,11171
14/11:46:58,8.74,3.75,111.35,74.03,22.91,209.099,11172
14/11:46:58,9.94,3.56,111.48,74.217,22.91,209.11,11173
14/11:46:59,10.73,3.51,111.42,74.162,22.91,209.121,11174
14/11:47:00,10.52,3.55,111.38,74.052,22.91,209.132,11175
14/11:47:00,10.19,3.74,111.19,73.92,22.91,209.143,11176
14/11:47:01,9.51,4.17,110.75,73.92,22.91,209.165,11177
14/11:47:01,9.82,4.41,110.53,73.942,22.9,209.176,11178
14/11:47:02,10.36,4.63,110.26,74.052,22.9,209.187,11179
14/11:47:03,10.79,4.86,109.92,74.206,22.9,209.198,11180
14/11:47:03,10.92,4.86,109.91,74.272,22.9,209.209,11181
14/11:47:04,11.53,4.86,109.86,74.47,22.9,209.22,11182
14/11:47:04,12.75,4.85,109.76,74.833,22.9,209.231,11183
14/11:47:05,13.64,4.84,109.66,74.866,22.9,209.242,11184
14/11:47:06,14.35,4.85,109.57,74.877,22.9,209.253,11185
14/11:47:06,13.89,4.84,109.62,74.943,22.9,209.264,11186
14/11:47:07,12.78,4.84,109.71,75.009,22.89,209.275,11187
14/11:47:07,10.49,4.82,109.93,74.778,22.89,209.297,11188
14/11:47:08,9.13,4.83,110.03,74.525,22.89,209.308,11189
14/11:47:08,7.91,4.85,110.18,74.349,22.89,209.308,11190
14/11:47:09,6.87,4.85,110.28,74.239,22.89,209.33,11191
14/11:47:09,5.44,4.85,110.4,74.063,22.89,209.341,11192
14/11:47:10,5.33,4.85,110.44,73.744,22.89,209.352,11193
14/11:47:11,5.26,4.86,110.44,73.535,22.89,209.363,11194
14/11:47:11,5.27,4.87,110.43,73.469,22.89,209.374,11195
14/11:47:12,5.91,4.89,110.42,73.403,22.89,209.385,11196
14/11:47:12,6.31,4.89,110.39,73.403,22.89,209.396,11197
14/11:47:13,7.02,4.89,110.33,73.359,22.89,209.407,11198
14/11:47:14,8.03,4.9,110.24,73.304,22.89,209.418,11199
14/11:47:14,8.69,4.89,110.17,73.447,22.89,209.429,11200
14/11:47:15,9.46,4.89,110.1,73.524,22.89,209.44,11201
14/11:47:15,10.1,4.9,110.02,73.623,22.89,209.451,11202
14/11:47:16,10.46,4.9,109.99,73.645,22.89,209.462,11203
14/11:47:17,10.46,4.9,109.98,73.568,22.89,209.473,11204
14/11:47:17,10.55,4.89,109.97,73.568,22.89,209.484,11205
14/11:47:18,10.25,4.87,109.98,73.656,22.88,209.495,11206
14/11:47:18,9.67,4.87,110.01,73.667,22.88,209.506,11207
14/11:47:19,9.52,4.88,110.04,73.634,22.88,209.517,11208
14/11:47:19,9.35,4.88,110.07,73.733,22.88,209.528,11209
14/11:47:20,9.24,4.87,110.1,73.623,22.88,209.55,11210
14/11:47:21,9.3,4.87,110.08,73.546,22.88,209.561,11211
14/11:47:21,9.53,4.89,110.04,73.557,22.88,209.572,11212
14/11:47:22,11.47,4.91,109.88,73.975,22.88,209.605,11213
14/11:47:22,11.82,4.91,109.83,74.195,22.88,209.616,11214
14/11:47:23,12.21,4.9,109.79,74.404,22.88,209.616,11215
14/11:47:24,12.7,4.88,109.73,74.503,22.87,209.627,11216
14/11:47:25,12.45,4.85,109.77,74.624,22.87,209.649,11217
14/11:47:25,12.0,4.82,109.81,74.668,22.87,209.671,11218
14/11:47:26,11.38,4.8,109.88,74.624,22.87,209.671,11219
14/11:47:26,10.9,4.77,109.9,74.624,22.87,209.682,11220
14/11:47:27,10.98,4.79,109.9,74.646,22.87,209.704,11221
14/11:47:28,11.56,4.81,109.87,74.921,22.87,209.715,11222
14/11:47:28,12.12,4.81,109.82,75.108,22.86,209.737,11223
14/11:47:29,12.81,4.84,109.73,75.262,22.86,209.748,11224
14/11:47:30,13.12,4.86,109.71,75.394,22.86,209.759,11225
14/11:47:31,13.02,4.85,109.7,75.46,22.86,209.77,11226
14/11:47:31,12.31,4.83,109.72,75.504,22.86,209.781,11227
14/11:47:32,11.53,4.82,109.79,75.416,22.86,209.792,11228
14/11:47:32,10.83,4.82,109.84,75.449,22.86,209.814,11229
14/11:47:33,10.05,4.83,109.92,75.372,22.86,209.825,11230
14/11:47:34,9.99,4.82,109.93,75.427,22.85,209.836,11231
14/11:47:34,9.7,4.81,109.96,75.482,22.85,209.847,11232
14/11:47:35,9.6,4.82,109.98,75.471,22.85,209.858,11233
14/11:47:36,9.7,4.82,109.95,75.482,22.85,209.869,11234
14/11:47:36,9.97,4.83,109.93,75.361,22.85,209.891,11235
14/11:47:37,10.48,4.83,109.91,75.383,22.85,209.891,11236
14/11:47:37,10.94,4.83,109.88,75.559,22.85,209.902,11237
14/11:47:38,11.25,4.82,109.84,75.669,22.85,209.913,11238
14/11:47:38,11.38,4.81,109.81,75.801,22.85,209.924,11239
14/11:47:39,11.67,4.81,109.79,75.856,22.85,209.935,11240
14/11:47:39,12.32,4.79,109.74,75.944,22.85,209.968,11241
14/11:47:40,12.5,4.79,109.72,75.966,22.84,209.968,11242
14/11:47:41,12.56,4.79,109.7,76.043,22.84,209.979,11243
14/11:47:41,12.44,4.8,109.71,76.362,22.84,210.012,11244
14/11:47:42,12.55,4.79,109.71,76.428,22.84,210.023,11245
14/11:47:43,12.68,4.78,109.72,76.483,22.84,210.023,11246
14/11:47:43,12.9,4.78,109.72,76.516,22.84,210.045,11247
14/11:47:44,13.06,4.79,109.73,76.637,22.83,210.067,11248
14/11:47:45,12.89,4.8,109.76,76.725,22.83,210.078,11249
14/11:47:45,11.99,4.42,110.16,77.308,22.83,210.1,11250
14/11:47:46,11.52,4.21,110.45,77.517,22.83,210.111,11251
14/11:47:47,11.12,3.94,110.69,77.539,22.83,210.122,11252
14/11:47:47,10.57,3.72,110.92,77.55,22.83,210.133,11253
14/11:47:48,9.99,3.46,111.25,77.682,22.83,210.144,11254
14/11:47:48,9.46,3.22,111.5,77.748,22.83,210.155,11255
14/11:47:49,9.01,2.98,111.7,77.748,22.83,210.166,11256
14/11:47:50,8.92,2.8,111.73,77.847,22.82,210.177,11257
14/11:47:51,8.8,2.84,111.72,78.056,22.82,210.199,11258
14/11:47:51,8.78,2.84,111.76,77.968,22.82,210.221,11259
14/11:47:52,9.0,2.85,111.76,78.045,22.82,210.232,11260
14/11:47:52,9.55,3.03,111.55,77.825,22.82,210.243,11261
14/11:47:53,10.18,3.24,111.34,77.583,22.82,210.254,11262
14/11:47:54,11.18,3.85,110.82,77.517,22.82,210.276,11263
14/11:47:55,11.71,4.28,110.33,77.66,22.81,210.298,11264
14/11:47:56,11.75,4.49,110.05,77.737,22.81,210.309,11265
14/11:47:56,11.75,4.72,109.76,77.737,22.81,210.32,11266
14/11:47:57,11.45,4.75,109.72,77.792,22.81,210.331,11267
14/11:47:57,11.14,4.77,109.71,77.803,22.81,210.342,11268
14/11:47:58,10.69,4.65,109.81,77.902,22.81,210.364,11269
14/11:47:59,9.93,4.37,110.07,78.056,22.81,210.375,11270
14/11:47:59,9.46,4.15,110.33,78.353,22.81,210.386,11271
14/11:48:00,9.26,3.95,110.59,78.353,22.81,210.397,11272
14/11:48:00,8.93,3.65,110.85,78.408,22.81,210.408,11273
14/11:48:01,8.65,3.4,111.1,78.441,22.8,210.408,11274
14/11:48:02,8.36,3.18,111.33,78.485,22.8,210.43,11275
14/11:48:02,8.2,2.98,111.56,78.507,22.8,210.441,11276
14/11:48:03,8.41,2.9,111.62,78.474,22.8,210.452,11277
14/11:48:03,8.89,2.96,111.6,78.507,22.8,210.474,11278
14/11:48:04,9.03,2.94,111.59,78.452,22.8,210.485,11279
14/11:48:05,9.09,2.96,111.59,78.408,22.8,210.496,11280
14/11:48:05,9.04,3.0,111.61,78.375,22.8,210.507,11281
14/11:48:06,8.97,2.98,111.64,78.408,22.8,210.518,11282
14/11:48:06,8.7,2.96,111.64,78.43,22.8,210.529,11283
14/11:48:07,8.46,2.97,111.69,78.496,22.8,210.54,11284
14/11:48:08,8.32,2.99,111.69,78.485,22.79,210.551,11285
14/11:48:08,8.02,2.99,111.67,78.529,22.79,210.562,11286
14/11:48:09,7.8,2.97,111.66,78.562,22.79,210.573,11287
14/11:48:09,7.85,2.98,111.65,78.606,22.79,210.584,11288
14/11:48:10,8.04,2.97,111.61,78.705,22.79,210.595,11289
14/11:48:11,8.6,3.22,111.36,78.507,22.79,210.606,11290
14/11:48:11,9.2,3.44,111.14,78.331,22.79,210.617,11291
14/11:48:12,9.61,3.65,110.92,78.276,22.79,210.628,11292
14/11:48:12,9.8,3.88,110.67,78.276,22.79,210.639,11293
14/11:48:13,10.15,4.13,110.44,78.43,22.79,210.661,11294
14/11:48:13,10.61,4.37,110.23,78.397,22.79,210.672,11295
14/11:48:14,10.98,4.59,110.0,78.463,22.79,210.683,11296
14/11:48:15,11.47,4.82,109.76,78.584,22.78,210.705,11297
14/11:48:15,11.24,4.81,109.75,78.65,22.78,210.716,11298
14/11:48:16,11.11,4.82,109.74,78.705,22.78,210.716,11299
14/11:48:16,11.19,4.79,109.72,78.76,22.78,210.727,11300
14/11:48:17,11.15,4.77,109.72,78.826,22.78,210.749,11301
14/11:48:18,11.07,4.75,109.73,78.947,22.78,210.76,11302
14/11:48:18,11.12,4.75,109.75,78.98,22.78,210.771,11303
14/11:48:19,10.84,4.74,109.79,79.013,22.78,210.782,11304
14/11:48:19,10.42,4.72,109.8,79.057,22.78,210.793,11305
14/11:48:20,10.21,4.73,109.81,79.167,22.78,210.804,11306
14/11:48:20,10.18,4.73,109.83,79.31,22.77,210.815,11307
14/11:48:21,10.24,4.75,109.84,79.42,22.77,210.826,11308
14/11:48:22,10.44,4.77,109.86,79.365,22.77,210.837,11309
14/11:48:22,10.4,4.78,109.86,79.354,22.77,210.848,11310
14/11:48:23,10.13,4.79,109.86,79.365,22.77,210.859,11311
14/11:48:23,9.8,4.39,110.21,79.772,22.77,210.892,11312
14/11:48:25,7.87,3.3,111.33,80.102,22.77,210.947,11313
14/11:48:25,7.48,3.07,111.55,80.19,22.77,210.958,11314
14/11:48:26,7.44,3.02,111.65,80.19,22.76,210.969,11315
14/11:48:27,7.6,3.04,111.61,80.135,22.76,210.991,11316
14/11:48:27,7.86,3.26,111.37,80.091,22.76,211.002,11317
14/11:48:28,8.13,3.46,111.18,79.893,22.76,211.013,11318
14/11:48:28,8.2,3.45,111.21,79.97,22.76,211.024,11319
14/11:48:29,8.15,3.42,111.19,80.102,22.76,211.035,11320
14/11:48:30,8.12,3.4,111.22,80.289,22.76,211.046,11321
14/11:48:30,8.1,3.39,111.22,80.311,22.76,211.057,11322
14/11:48:31,8.21,3.44,111.22,80.179,22.76,211.079,11323
14/11:48:31,8.35,3.45,111.23,80.047,22.76,211.09,11324
14/11:48:32,7.98,3.21,111.44,80.08,22.76,211.101,11325
14/11:48:32,7.48,3.04,111.62,80.157,22.76,211.112,11326
14/11:48:33,7.61,3.03,111.6,80.245,22.76,211.123,11327
14/11:48:33,7.94,3.04,111.62,80.278,22.75,211.134,11328
14/11:48:34,8.14,3.05,111.6,80.201,22.75,211.145,11329
14/11:48:35,8.01,3.11,111.54,80.146,22.75,211.156,11330
14/11:48:35,8.24,3.33,111.22,79.97,22.75,211.178,11331
14/11:48:36,8.49,3.3,111.21,80.124,22.75,211.189,11332
14/11:48:37,8.64,3.3,111.2,80.168,22.75,211.2,11333
14/11:48:37,8.49,3.34,111.21,80.08,22.75,211.211,11334
14/11:48:38,8.16,3.34,111.2,79.981,22.75,211.222,11335
14/11:48:38,8.06,3.32,111.18,80.014,22.75,211.233,11336
14/11:48:39,8.19,3.18,111.31,79.992,22.75,211.255,11337
14/11:48:39,8.01,2.97,111.55,79.981,22.75,211.266,11338
14/11:48:40,8.18,3.0,111.55,79.959,22.75,211.277,11339
14/11:48:41,8.02,2.99,111.53,79.904,22.75,211.288,11340
14/11:48:41,7.69,2.96,111.54,79.882,22.74,211.299,11341
14/11:48:42,7.93,3.42,111.1,79.464,22.74,211.321,11342
14/11:48:42,7.96,3.65,110.91,79.31,22.74,211.332,11343
14/11:48:43,7.81,3.89,110.74,79.2,22.74,211.343,11344
14/11:48:44,7.52,4.1,110.56,79.068,22.74,211.354,11345
14/11:48:44,7.15,4.28,110.4,78.925,22.74,211.365,11346
14/11:48:45,7.34,4.71,110.07,78.881,22.74,211.387,11347
14/11:48:45,7.4,4.71,110.09,78.782,22.74,211.398,11348
14/11:48:46,7.53,4.71,110.12,78.683,22.74,211.409,11349
14/11:48:46,7.37,4.73,110.11,78.485,22.74,211.42,11350
14/11:48:47,7.19,4.72,110.12,78.441,22.74,211.431,11351
14/11:48:48,7.17,4.72,110.11,78.43,22.74,211.442,11352
14/11:48:48,6.88,4.49,110.32,78.617,22.74,211.453,11353
14/11:48:49,6.44,4.27,110.53,78.716,22.74,211.475,11354
14/11:48:49,5.96,4.07,110.74,78.716,22.74,211.486,11355
14/11:48:50,5.56,3.85,110.98,78.639,22.74,211.497,11356
14/11:48:50,5.23,3.65,111.19,78.529,22.74,211.508,11357
14/11:48:51,5.1,3.44,111.39,78.397,22.74,211.508,11358
14/11:48:52,5.05,3.28,111.57,78.265,22.74,211.53,11359
14/11:48:52,4.79,3.1,111.81,78.221,22.74,211.541,11360
14/11:48:53,4.52,3.13,111.86,78.111,22.74,211.552,11361
14/11:48:54,4.28,3.22,111.83,77.869,22.74,211.563,11362
14/11:48:54,3.18,4.02,111.13,76.769,22.74,211.607,11363
14/11:48:56,2.82,4.36,110.78,76.483,22.74,211.629,11364
14/11:48:56,3.11,4.56,110.56,76.274,22.74,211.64,11365
14/11:48:57,3.57,4.71,110.39,76.098,22.74,211.651,11366
14/11:48:58,3.89,4.72,110.39,75.988,22.74,211.662,11367
14/11:48:58,4.02,4.72,110.39,75.911,22.74,211.673,11368
14/11:48:59,4.14,4.71,110.4,75.856,22.74,211.684,11369
14/11:48:59,4.17,4.72,110.4,75.559,22.74,211.695,11370
14/11:49:00,4.22,4.71,110.39,75.284,22.74,211.706,11371
14/11:49:01,4.39,4.73,110.4,75.108,22.74,211.717,11372
14/11:49:01,4.91,4.73,110.41,74.91,22.74,211.739,11373
14/11:49:02,5.06,4.73,110.38,74.888,22.74,211.75,11374
14/11:49:02,5.22,4.72,110.37,74.789,22.74,211.761,11375
14/11:49:03,5.7,4.72,110.35,74.613,22.74,211.772,11376
14/11:49:03,6.04,4.72,110.33,74.514,22.74,211.783,11377
14/11:49:04,6.92,4.73,110.25,74.382,22.74,211.805,11378
14/11:49:05,7.38,4.73,110.2,74.283,22.74,211.816,11379
14/11:49:05,7.99,4.74,110.15,74.272,22.73,211.816,11380
14/11:49:06,8.79,4.75,110.08,74.327,22.73,211.827,11381
14/11:49:07,9.67,4.75,110.02,74.426,22.73,211.849,11382
14/11:49:07,10.17,4.76,109.95,74.448,22.73,211.86,11383
14/11:49:08,11.06,4.77,109.88,74.525,22.73,211.871,11384
14/11:49:08,11.76,4.76,109.82,74.635,22.73,211.882,11385
14/11:49:09,11.93,4.75,109.73,74.811,22.73,211.904,11386
14/11:49:10,11.78,4.74,109.72,74.778,22.73,211.915,11387
14/11:49:11,11.93,4.73,109.71,74.899,22.72,211.948,11388
14/11:49:12,11.93,4.75,109.7,75.218,22.72,211.959,11389
14/11:49:12,11.9,4.75,109.68,75.394,22.72,211.97,11390
14/11:49:13,12.05,4.74,109.68,75.405,22.72,211.981,11391
14/11:49:13,12.24,4.74,109.67,75.383,22.72,211.992,11392
14/11:49:14,12.15,4.74,109.68,75.284,22.72,212.003,11393
14/11:49:15,12.01,4.73,109.7,75.262,22.72,212.014,11394
14/11:49:15,11.51,4.72,109.73,75.24,22.72,212.025,11395
14/11:49:16,11.04,4.7,109.76,75.075,22.72,212.036,11396
14/11:49:17,10.69,4.69,109.77,74.833,22.72,212.047,11397
14/11:49:17,10.67,4.68,109.81,74.58,22.71,212.058,11398
14/11:49:18,10.48,4.68,109.82,74.47,22.71,212.069,11399
14/11:49:19,10.55,4.7,109.81,74.36,22.71,212.08,11400
14/11:49:19,11.09,4.69,109.76,74.14,22.71,212.091,11401
14/11:49:20,11.64,4.7,109.7,73.997,22.71,212.102,11402
14/11:49:21,12.14,4.7,109.66,73.876,22.71,212.113,11403
14/11:49:21,12.7,4.71,109.6,73.601,22.71,212.135,11404
14/11:49:22,12.94,4.72,109.56,73.546,22.71,212.146,11405
14/11:49:23,12.97,4.72,109.56,73.524,22.7,212.157,11406
14/11:49:23,12.74,4.71,109.57,73.447,22.7,212.168,11407
14/11:49:24,12.61,4.71,109.59,73.271,22.7,212.168,11408
14/11:49:25,11.94,4.71,109.63,73.051,22.7,212.19,11409
14/11:49:25,11.94,4.71,109.65,72.853,22.7,212.201,11410
14/11:49:26,11.7,4.7,109.68,72.699,22.7,212.212,11411
14/11:49:27,11.28,4.68,109.7,72.578,22.7,212.223,11412
14/11:49:28,11.42,4.69,109.73,72.402,22.69,212.3,11413
14/11:49:29,195.54,88.28,254.19,141.383,218.13,5.401,11414
14/11:49:30,11.18,4.72,109.71,72.578,22.69,212.322,11415
14/11:49:30,11.14,4.72,109.71,72.721,22.69,212.333,11416
14/11:49:31,10.88,4.71,109.71,72.831,22.69,212.344,11417
14/11:49:32,10.49,4.72,109.76,72.908,22.69,212.355,11418
14/11:49:32,10.64,4.72,109.75,73.04,22.68,212.366,11419
14/11:49:33,11.37,4.73,109.68,73.271,22.68,212.377,11420
14/11:49:34,12.28,4.74,109.6,73.546,22.68,212.388,11421
14/11:49:34,13.14,4.76,109.52,73.843,22.68,212.399,11422
14/11:49:35,14.1,4.74,109.43,74.195,22.68,212.41,11423
14/11:49:36,14.7,4.77,109.36,74.668,22.68,212.421,11424
14/11:49:36,15.06,4.78,109.33,74.965,22.68,212.432,11425
14/11:49:37,15.17,4.78,109.28,75.35,22.68,212.443,11426
14/11:49:37,14.61,4.78,109.34,75.614,22.67,212.454,11427
14/11:49:38,13.48,4.76,109.42,75.779,22.67,212.465,11428
14/11:49:39,12.18,4.76,109.51,76.021,22.67,212.476,11429
14/11:49:39,10.87,4.73,109.62,76.274,22.67,212.487,11430
14/11:49:40,9.43,4.72,109.77,76.472,22.67,212.498,11431
14/11:49:41,8.07,4.71,109.9,77.451,22.67,212.531,11432
14/11:49:42,8.35,4.71,109.88,77.66,22.67,212.542,11433
14/11:49:42,9.02,4.73,109.83,77.869,22.67,212.553,11434
14/11:49:43,9.83,4.73,109.77,78.089,22.67,212.564,11435
14/11:49:43,10.68,4.73,109.68,78.287,22.67,212.575,11436
14/11:49:44,11.64,4.74,109.61,78.485,22.67,212.586,11437
14/11:49:45,12.82,4.73,109.51,78.595,22.66,212.597,11438
14/11:49:45,13.84,4.77,109.43,78.87,22.66,212.608,11439
14/11:49:46,14.17,4.75,109.37,79.409,22.66,212.63,11440
14/11:49:47,13.94,4.74,109.42,79.486,22.66,212.641,11441
14/11:49:47,13.37,4.73,109.47,79.387,22.66,212.652,11442
14/11:49:48,12.67,4.72,109.53,79.365,22.66,212.663,11443
14/11:49:49,11.88,4.73,109.57,79.343,22.65,212.674,11444
14/11:49:50,10.99,4.69,109.68,79.365,22.65,212.696,11445
14/11:49:50,10.54,4.69,109.74,79.475,22.65,212.707,11446
14/11:49:51,10.62,4.68,109.73,79.508,22.65,212.729,11447
14/11:49:51,10.89,4.69,109.67,79.563,22.65,212.74,11448
14/11:49:52,11.51,4.71,109.62,79.618,22.65,212.751,11449
14/11:49:53,12.13,4.72,109.56,79.695,22.65,212.762,11450
14/11:49:53,12.3,4.72,109.55,79.794,22.65,212.773,11451
14/11:49:54,11.39,4.71,109.6,79.75,22.65,212.784,11452
14/11:49:55,9.88,4.7,109.7,79.453,22.64,212.806,11453
14/11:49:55,9.35,4.69,109.79,79.387,22.64,212.817,11454
14/11:49:56,7.92,4.67,109.92,79.244,22.64,212.828,11455
14/11:49:57,5.99,4.66,110.08,78.98,22.64,212.839,11456
14/11:49:57,4.55,4.64,110.24,78.639,22.64,212.85,11457
14/11:49:58,2.8,4.64,110.41,78.111,22.64,212.872,11458
14/11:49:59,2.15,4.64,110.52,77.803,22.64,212.883,11459
14/11:50:00,0.7,4.63,110.64,77.286,22.64,212.905,11460
14/11:50:00,0.82,4.62,110.65,77.044,22.64,212.916,11461
14/11:50:01,1.17,4.63,110.62,76.78,22.64,212.916,11462
14/11:50:02,7.31,4.66,110.2,75.988,22.65,213.037,11463
14/11:50:03,7.47,4.65,110.17,75.955,22.64,213.048,11464
14/11:50:03,7.53,4.65,110.17,75.9,22.64,213.059,11465
14/11:50:04,7.5,4.66,110.16,75.823,22.64,213.07,11466
14/11:50:05,7.17,4.64,110.13,75.526,22.64,213.092,11467
14/11:50:06,7.08,4.64,110.11,75.394,22.64,213.103,11468
14/11:50:06,7.16,4.63,110.1,75.394,22.64,213.114,11469
14/11:50:07,7.31,4.63,110.1,75.405,22.64,213.125,11470
14/11:50:08,7.5,4.64,110.1,75.427,22.64,213.136,11471
14/11:50:08,7.72,4.64,110.03,75.427,22.64,213.158,11472
14/11:50:09,7.84,4.64,110.01,75.394,22.64,213.169,11473
14/11:50:10,8.0,4.64,110.0,75.471,22.64,213.18,11474
14/11:50:10,8.38,4.65,109.97,75.493,22.64,213.191,11475
14/11:50:11,8.63,4.65,109.95,75.427,22.64,213.202,11476
14/11:50:12,8.71,4.64,109.92,75.504,22.64,213.213,11477
14/11:50:13,8.68,4.63,109.92,75.526,22.64,213.224,11478
14/11:50:13,8.66,4.62,109.93,75.504,22.64,213.235,11479
14/11:50:14,8.83,4.62,109.95,75.383,22.64,213.257,11480
14/11:50:15,8.91,4.62,109.95,75.35,22.64,213.268,11481
14/11:50:15,8.69,4.61,109.96,75.515,22.63,213.29,11482
14/11:50:16,8.64,4.61,109.96,75.548,22.63,213.301,11483
14/11:50:16,8.76,4.61,109.94,75.559,22.63,213.312,11484
14/11:50:17,8.98,4.61,109.91,75.581,22.63,213.323,11485
14/11:50:18,9.24,4.61,109.89,75.713,22.63,213.334,11486
14/11:50:19,9.46,4.61,109.88,75.625,22.63,213.345,11487
14/11:50:19,9.78,4.61,109.84,75.647,22.63,213.356,11488
14/11:50:20,10.22,4.62,109.8,75.713,22.63,213.367,11489
14/11:50:20,10.63,4.62,109.77,75.834,22.63,213.378,11490
14/11:50:21,11.07,4.63,109.74,75.955,22.63,213.389,11491
14/11:50:22,11.25,4.64,109.73,75.944,22.63,213.4,11492
14/11:50:22,11.5,4.63,109.69,75.944,22.63,213.411,11493
14/11:50:23,11.76,4.65,109.68,75.9,22.62,213.422,11494
14/11:50:24,12.11,4.67,109.65,75.878,22.62,213.433,11495
14/11:50:24,12.37,4.68,109.63,75.845,22.62,213.444,11496
14/11:50:25,12.49,4.65,109.6,75.878,22.62,213.455,11497
14/11:50:26,13.21,4.69,109.55,75.999,22.62,213.477,11498
14/11:50:27,13.68,4.69,109.53,76.021,22.62,213.488,11499
14/11:50:27,12.92,4.7,109.56,75.889,22.61,213.51,11500
14/11:50:28,12.17,4.69,109.62,75.735,22.61,213.521,11501
14/11:50:29,11.54,4.7,109.69,75.669,22.61,213.532,11502
14/11:50:29,10.95,4.73,109.74,75.669,22.61,213.543,11503
14/11:50:30,10.52,4.73,109.76,75.746,22.61,213.554,11504
14/11:50:31,10.11,4.72,109.78,75.856,22.61,213.565,11505
14/11:50:31,10.17,4.75,109.8,76.01,22.61,213.587,11506
14/11:50:32,11.01,4.74,109.74,76.131,22.61,213.598,11507
14/11:50:33,11.77,4.73,109.64,76.34,22.61,213.609,11508
14/11:50:33,12.34,4.73,109.56,76.593,22.61,213.62,11509
14/11:50:34,12.55,4.73,109.5,76.802,22.6,213.631,11510
14/11:50:34,12.57,4.73,109.5,76.934,22.6,213.642,11511
14/11:50:35,12.84,4.74,109.49,77.154,22.6,213.653,11512
14/11:50:37,8.9,4.73,109.91,77.572,22.59,213.752,11513
14/11:50:37,8.61,4.71,109.95,77.583,22.59,213.763,11514
14/11:50:38,8.25,4.71,109.96,77.671,22.59,213.774,11515
14/11:50:39,7.84,4.71,109.95,77.693,22.59,213.796,11516
14/11:50:39,7.71,4.71,109.96,77.792,22.59,213.807,11517
14/11:50:40,7.53,4.7,109.96,77.891,22.59,213.829,11518
14/11:50:41,7.49,4.7,109.97,77.924,22.59,213.84,11519
14/11:50:42,7.52,4.73,109.96,77.968,22.59,213.851,11520
14/11:50:42,7.44,4.74,109.97,77.957,22.59,213.862,11521
14/11:50:43,7.2,4.74,109.98,77.858,22.59,213.873,11522
14/11:50:44,7.03,4.74,110.03,77.671,22.59,213.895,11523
14/11:50:45,7.02,4.74,110.06,77.528,22.59,213.906,11524
14/11:50:45,7.01,4.74,110.09,77.385,22.59,213.917,11525
14/11:50:46,6.86,4.74,110.13,77.209,22.59,213.928,11526
14/11:50:47,6.76,4.75,110.16,77.066,22.59,213.939,11527
14/11:50:47,6.49,4.75,110.2,76.945,22.59,213.95,11528
14/11:50:48,6.49,4.74,110.23,76.758,22.59,213.961,11529
14/11:50:49,6.89,4.73,110.22,76.637,22.59,213.983,11530
14/11:50:49,6.83,4.71,110.21,76.67,22.57,213.994,11531
14/11:50:50,6.77,4.7,110.19,76.714,22.57,214.005,11532
14/11:50:51,6.68,4.7,110.17,76.736,22.57,214.016,11533
14/11:50:51,6.66,4.69,110.15,76.681,22.57,214.016,11534
14/11:50:52,6.7,4.68,110.11,76.637,22.57,214.027,11535
14/11:50:53,6.79,4.67,110.09,76.725,22.57,214.06,11536
14/11:50:53,6.91,4.67,110.1,76.791,22.57,214.071,11537
14/11:50:54,7.2,4.68,110.09,76.923,22.57,214.082,11538
14/11:50:55,7.48,4.68,110.09,77.121,22.57,214.093,11539
14/11:50:55,7.74,4.67,110.08,77.187,22.57,214.104,11540
14/11:50:56,8.05,4.68,110.08,77.253,22.57,214.115,11541
14/11:50:57,8.24,4.7,110.07,77.264,22.57,214.126,11542
14/11:50:57,8.3,4.69,110.06,77.209,22.57,214.137,11543
14/11:50:58,8.24,4.7,110.05,77.132,22.57,214.148,11544
14/11:50:59,8.17,4.7,110.05,77.099,22.57,214.159,11545
14/11:50:59,7.95,4.69,110.05,77.066,22.57,214.17,11546
14/11:51:00,7.8,4.69,110.06,76.934,22.57,214.192,11547
14/11:51:01,7.8,4.68,110.06,76.901,22.57,214.203,11548
14/11:51:01,7.85,4.67,110.07,76.901,22.57,214.214,11549
14/11:51:02,7.96,4.67,110.07,76.956,22.57,214.225,11550
14/11:51:03,8.16,4.67,110.07,77.0,22.57,214.236,11551
14/11:51:03,8.45,4.69,110.07,76.978,22.57,214.247,11552
14/11:51:04,8.83,4.71,110.08,76.978,22.56,214.269,11553
14/11:51:05,8.84,4.73,110.08,77.044,22.56,214.28,11554
14/11:51:05,8.75,4.75,110.09,77.099,22.56,214.291,11555
14/11:51:06,8.62,4.77,110.1,77.231,22.56,214.302,11556
14/11:51:06,8.4,4.78,110.11,77.374,22.56,214.313,11557
14/11:51:07,8.06,4.78,110.11,77.473,22.56,214.324,11558
14/11:51:08,7.67,4.77,110.11,77.627,22.56,214.335,11559
14/11:51:08,7.35,4.76,110.12,77.836,22.56,214.346,11560
14/11:51:09,7.04,4.75,110.13,78.078,22.56,214.357,11561
14/11:51:10,6.69,4.74,110.12,78.375,22.56,214.379,11562
14/11:51:10,7.28,4.78,110.12,79.959,22.56,214.478,11563
14/11:51:11,7.28,4.79,110.12,80.003,22.56,214.489,11564
14/11:51:12,6.94,4.79,110.13,80.146,22.56,214.511,11565
14/11:51:13,7.03,4.79,110.13,80.168,22.56,214.522,11566
14/11:51:14,5.82,4.79,110.23,79.893,22.56,214.577,11567
14/11:51:15,5.33,4.78,110.26,79.717,22.56,214.588,11568
14/11:51:16,4.97,4.77,110.3,79.53,22.56,214.599,11569
14/11:51:17,4.55,4.77,110.36,79.508,22.56,214.61,11570
14/11:51:17,3.99,4.76,110.38,79.42,22.56,214.621,11571
14/11:51:18,3.96,4.76,110.39,79.321,22.56,214.632,11572
14/11:51:18,4.02,4.76,110.4,79.266,22.56,214.643,11573
14/11:51:19,3.98,4.75,110.42,79.134,22.56,214.654,11574
14/11:51:20,3.91,4.74,110.42,79.002,22.56,214.665,11575
14/11:51:20,4.2,4.75,110.42,78.903,22.56,214.676,11576
14/11:51:21,4.44,4.75,110.41,78.782,22.56,214.687,11577
14/11:51:22,4.77,4.77,110.42,78.595,22.56,214.698,11578
14/11:51:23,5.23,4.8,110.43,78.364,22.56,214.72,11579
14/11:51:23,5.17,4.81,110.42,78.221,22.56,214.731,11580
14/11:51:24,4.96,4.81,110.42,78.177,22.56,214.742,11581
14/11:51:24,4.66,4.8,110.41,78.1,22.56,214.753,11582
14/11:51:25,4.54,4.82,110.42,78.023,22.56,214.764,11583
14/11:51:26,4.28,4.81,110.44,77.869,22.56,214.786,11584
14/11:51:27,4.17,4.78,110.44,77.66,22.56,214.797,11585
14/11:51:27,4.06,4.77,110.44,77.55,22.56,214.808,11586
14/11:51:28,4.18,4.76,110.45,77.484,22.56,214.83,11587
14/11:51:29,4.36,4.76,110.45,77.396,22.56,214.841,11588
14/11:51:29,4.35,4.77,110.44,77.396,22.56,214.852,11589
14/11:51:30,4.37,4.76,110.42,77.297,22.56,214.852,11590
14/11:51:30,4.28,4.76,110.44,77.187,22.56,214.874,11591
14/11:51:31,4.04,4.79,110.45,76.923,22.56,214.896,11592
14/11:51:32,4.05,4.8,110.44,76.791,22.56,214.907,11593
14/11:51:32,3.97,4.8,110.45,76.681,22.56,214.918,11594
14/11:51:33,3.93,4.82,110.46,76.549,22.56,214.929,11595
14/11:51:33,3.96,4.81,110.46,76.472,22.56,214.94,11596
14/11:51:34,3.92,4.82,110.47,76.329,22.56,214.951,11597
14/11:51:35,3.88,4.82,110.46,76.153,22.56,214.962,11598
14/11:51:35,3.76,4.82,110.46,76.043,22.56,214.973,11599
14/11:51:36,3.65,4.81,110.45,75.988,22.56,214.984,11600
14/11:51:37,3.55,4.8,110.47,75.999,22.56,214.995,11601
14/11:51:37,3.46,4.79,110.47,75.999,22.56,215.006,11602
14/11:51:38,3.45,4.77,110.49,75.889,22.56,215.017,11603
14/11:51:38,3.55,4.77,110.5,75.79,22.56,215.028,11604
14/11:51:39,3.73,4.77,110.48,75.647,22.56,215.039,11605
14/11:51:39,3.92,4.76,110.5,75.339,22.56,215.061,11606
14/11:51:40,3.98,4.76,110.5,75.196,22.56,215.072,11607
14/11:51:41,4.19,4.77,110.5,75.042,22.56,215.083,11608
14/11:51:41,4.56,4.81,110.47,74.767,22.56,215.105,11609
14/11:51:42,4.65,4.79,110.48,74.558,22.56,215.116,11610
14/11:51:42,5.14,4.8,110.43,74.316,22.56,215.116,11611
14/11:51:43,5.89,4.81,110.35,74.272,22.56,215.127,11612
14/11:51:44,9.09,4.81,110.05,74.36,22.56,215.193,11613
14/11:51:44,9.64,4.81,109.95,74.426,22.56,215.215,11614
14/11:51:45,10.38,4.81,109.91,74.503,22.56,215.226,11615
14/11:51:46,11.1,4.82,109.85,74.701,22.56,215.237,11616
14/11:51:46,11.56,4.84,109.8,74.91,22.56,215.248,11617
14/11:51:47,11.26,4.83,109.79,75.086,22.56,215.259,11618
14/11:51:47,11.06,4.82,109.8,75.174,22.56,215.27,11619
14/11:51:48,11.28,4.84,109.8,75.185,22.56,215.281,11620
14/11:51:49,11.8,4.84,109.78,75.218,22.56,215.292,11621
14/11:51:49,11.78,4.85,109.79,75.361,22.56,215.303,11622
14/11:51:50,11.49,4.84,109.8,75.493,22.56,215.314,11623
14/11:51:50,11.24,4.83,109.81,75.559,22.55,215.325,11624
14/11:51:51,11.04,4.79,109.82,75.636,22.55,215.336,11625
14/11:51:52,11.52,4.79,109.79,75.768,22.55,215.347,11626
14/11:51:52,11.89,4.78,109.75,75.801,22.55,215.358,11627
14/11:51:53,12.14,4.76,109.74,75.845,22.55,215.369,11628
14/11:51:53,11.87,4.73,109.74,75.9,22.55,215.38,11629
14/11:51:54,11.64,4.7,109.73,75.988,22.55,215.391,11630
14/11:51:55,11.71,4.68,109.7,76.087,22.55,215.402,11631
14/11:51:55,11.95,4.68,109.68,76.197,22.55,215.413,11632
14/11:51:56,12.2,4.69,109.65,76.274,22.55,215.424,11633
14/11:51:56,12.15,4.68,109.61,76.45,22.54,215.446,11634
14/11:51:57,11.92,4.68,109.6,76.483,22.54,215.457,11635
14/11:51:58,11.92,4.7,109.57,76.791,22.54,215.479,11636
14/11:51:58,10.97,4.43,109.98,77.132,22.54,215.501,11637
14/11:51:59,10.26,4.21,110.25,77.308,22.54,215.512,11638
14/11:51:59,9.81,4.01,110.53,77.374,22.54,215.523,11639
14/11:52:00,9.55,3.85,110.76,77.451,22.54,215.534,11640
14/11:52:01,9.28,3.67,111.0,77.517,22.53,215.545,11641
14/11:52:01,9.62,3.67,111.11,77.066,22.53,215.567,11642
14/11:52:02,10.04,3.82,110.92,77.044,22.53,215.578,11643
14/11:52:03,11.44,4.28,110.4,77.187,22.53,215.6,11644
14/11:52:04,12.91,4.66,109.84,77.484,22.53,215.622,11645
14/11:52:05,13.62,4.83,109.6,77.572,22.53,215.633,11646
14/11:52:05,13.64,4.7,109.67,77.77,22.52,215.644,11647
14/11:52:06,13.52,4.52,109.93,78.111,22.52,215.655,11648
14/11:52:06,13.22,4.3,110.13,78.463,22.52,215.666,11649
14/11:52:07,13.03,4.24,110.18,78.485,22.52,215.677,11650
14/11:52:08,12.9,4.26,110.15,78.441,22.52,215.699,11651
14/11:52:09,13.03,4.23,110.09,78.782,22.52,215.721,11652
14/11:52:09,13.38,4.38,109.87,78.914,22.51,215.732,11653
14/11:52:10,14.04,4.59,109.62,79.024,22.51,215.754,11654
14/11:52:11,14.21,4.77,109.41,79.178,22.51,215.765,11655
14/11:52:11,14.05,4.77,109.38,79.343,22.51,215.776,11656
14/11:52:12,13.49,4.77,109.41,79.431,22.51,215.787,11657
14/11:52:12,11.91,4.79,109.56,79.376,22.51,215.809,11658
14/11:52:13,11.0,4.8,109.67,79.31,22.51,215.82,11659
14/11:52:14,8.8,4.78,109.83,79.145,22.5,215.842,11660
14/11:52:14,8.83,4.8,109.85,79.211,22.5,215.853,11661
14/11:52:15,9.08,4.81,109.86,79.222,22.5,215.864,11662
14/11:52:16,9.84,4.82,109.81,79.211,22.5,215.886,11663
14/11:52:17,10.1,4.82,109.76,79.299,22.5,215.897,11664
14/11:52:17,10.6,4.8,109.72,79.354,22.5,215.908,11665
14/11:52:18,11.66,4.8,109.66,79.398,22.5,215.93,11666
14/11:52:19,10.97,4.76,109.65,79.497,22.5,215.952,11667
14/11:52:20,10.94,4.73,109.67,79.486,22.5,215.974,11668
14/11:52:20,10.89,4.73,109.68,79.453,22.49,215.985,11669
14/11:52:21,10.3,4.72,109.74,79.365,22.49,216.007,11670
14/11:52:22,9.99,4.71,109.73,79.354,22.49,216.018,11671
14/11:52:23,9.98,4.71,109.74,79.255,22.49,216.029,11672
14/11:52:23,10.12,4.73,109.77,79.145,22.49,216.04,11673
14/11:52:24,9.96,4.72,109.78,79.046,22.49,216.051,11674
14/11:52:24,9.71,4.73,109.79,79.002,22.49,216.062,11675
14/11:52:25,9.68,4.71,109.78,79.068,22.49,216.073,11676
14/11:52:25,9.83,4.72,109.73,79.178,22.49,216.084,11677
14/11:52:26,9.94,4.74,109.7,79.277,22.49,216.095,11678
14/11:52:27,10.25,4.75,109.69,79.321,22.49,216.106,11679
14/11:52:27,10.44,4.75,109.67,79.222,22.48,216.117,11680
14/11:52:28,10.47,4.76,109.63,79.134,22.48,216.128,11681
14/11:52:28,10.73,4.78,109.62,79.189,22.48,216.139,11682
14/11:52:29,10.88,4.78,109.6,79.288,22.48,216.15,11683
14/11:52:30,11.22,4.8,109.61,79.343,22.48,216.172,11684
14/11:52:30,11.14,4.78,109.63,79.277,22.48,216.194,11685
14/11:52:31,10.72,4.76,109.65,79.266,22.48,216.205,11686
14/11:52:31,10.56,4.75,109.68,79.387,22.48,216.216,11687
14/11:52:32,10.4,4.73,109.69,79.42,22.48,216.216,11688
14/11:52:33,10.27,4.72,109.71,79.376,22.48,216.227,11689
14/11:52:33,10.3,4.72,109.73,79.31,22.48,216.249,11690
14/11:52:34,10.12,4.71,109.74,79.354,22.47,216.26,11691
14/11:52:34,9.86,4.69,109.75,79.354,22.47,216.271,11692
14/11:52:35,9.78,4.7,109.76,79.398,22.47,216.282,11693
14/11:52:36,9.86,4.7,109.75,79.42,22.47,216.293,11694
14/11:52:36,10.04,4.71,109.75,79.387,22.47,216.304,11695
14/11:52:37,10.14,4.73,109.76,79.31,22.47,216.315,11696
14/11:52:37,9.99,4.72,109.76,79.244,22.47,216.326,11697
14/11:52:38,9.72,4.73,109.76,79.299,22.47,216.337,11698
14/11:52:38,9.59,4.72,109.77,79.365,22.47,216.348,11699
14/11:52:39,9.88,4.75,109.76,79.431,22.47,216.359,11700
14/11:52:40,10.06,4.76,109.77,79.376,22.47,216.37,11701
14/11:52:40,10.03,4.76,109.78,79.376,22.47,216.381,11702
14/11:52:41,9.72,4.75,109.78,79.497,22.46,216.414,11703
14/11:52:41,9.81,4.76,109.77,79.552,22.46,216.425,11704
14/11:52:42,9.97,4.74,109.76,79.464,22.46,216.436,11705
14/11:52:43,10.02,4.75,109.75,79.365,22.46,216.447,11706
14/11:52:43,9.95,4.73,109.75,79.266,22.46,216.458,11707
14/11:52:44,9.89,4.74,109.75,79.244,22.46,216.469,11708
14/11:52:44,9.88,4.72,109.73,79.222,22.46,216.48,11709
14/11:52:45,9.93,4.72,109.74,79.288,22.46,216.491,11710
14/11:52:46,10.0,4.73,109.73,79.332,22.46,216.502,11711
14/11:52:46,10.22,4.75,109.74,79.288,22.46,216.513,11712
14/11:52:47,9.79,4.76,109.73,79.189,22.45,216.568,11713
14/11:52:48,9.94,4.76,109.73,79.156,22.45,216.579,11714
14/11:52:49,9.91,4.75,109.76,79.189,22.45,216.612,11715
14/11:52:50,9.94,4.77,109.76,79.156,22.45,216.623,11716
14/11:52:51,9.84,4.78,109.76,79.046,22.45,216.656,11717
14/11:52:52,9.86,4.79,109.76,79.057,22.45,216.667,11718
14/11:52:52,9.82,4.8,109.77,79.079,22.45,216.678,11719
14/11:52:53,9.83,4.81,109.76,79.101,22.45,216.689,11720
14/11:52:53,9.83,4.83,109.75,79.002,22.45,216.7,11721
14/11:52:54,9.66,4.81,109.73,78.98,22.44,216.711,11722
14/11:52:54,9.45,4.8,109.74,78.958,22.44,216.722,11723
14/11:52:55,9.55,4.8,109.74,78.958,22.44,216.733,11724
14/11:52:56,9.5,4.8,109.73,79.09,22.44,216.744,11725
14/11:52:56,9.56,4.8,109.73,79.233,22.44,216.755,11726
14/11:52:57,9.64,4.8,109.73,79.277,22.44,216.766,11727
14/11:52:57,9.53,4.8,109.74,79.2,22.44,216.777,11728
14/11:52:58,9.47,4.78,109.74,79.233,22.44,216.788,11729
14/11:52:59,9.54,4.8,109.74,79.277,22.44,216.799,11730
14/11:52:59,9.97,4.8,109.74,79.288,22.44,216.81,11731
14/11:53:00,10.1,4.81,109.74,79.244,22.44,216.821,11732
14/11:53:01,10.11,4.8,109.75,79.189,22.44,216.832,11733
14/11:53:01,9.97,4.8,109.75,79.189,22.44,216.843,11734
14/11:53:02,9.77,4.79,109.74,79.156,22.44,216.865,11735
14/11:53:02,9.9,4.79,109.75,79.156,22.43,216.876,11736
14/11:53:03,10.06,4.8,109.74,79.068,22.43,216.887,11737
14/11:53:03,9.61,4.79,109.76,78.947,22.43,216.909,11738
14/11:53:04,9.55,4.79,109.75,78.98,22.43,216.92,11739
14/11:53:05,9.86,4.81,109.73,78.958,22.43,216.931,11740
14/11:53:05,9.97,4.83,109.73,78.892,22.43,216.942,11741
14/11:53:06,9.8,4.84,109.74,78.892,22.43,216.953,11742
14/11:53:06,9.54,4.84,109.74,78.969,22.43,216.964,11743
14/11:53:07,9.45,4.85,109.72,79.024,22.43,216.975,11744
14/11:53:07,9.76,4.85,109.72,79.057,22.43,216.986,11745
14/11:53:08,9.94,4.84,109.71,79.079,22.43,216.997,11746
14/11:53:09,9.8,4.83,109.72,79.057,22.43,217.008,11747
14/11:53:09,9.45,4.8,109.73,79.035,22.43,217.008,11748
14/11:53:10,9.31,4.78,109.73,79.09,22.42,217.03,11749
14/11:53:10,9.53,4.79,109.72,79.134,22.42,217.041,11750
14/11:53:11,9.99,4.79,109.74,78.892,22.42,217.063,11751
14/11:53:12,9.83,4.8,109.72,78.76,22.42,217.074,11752
14/11:53:12,9.72,4.8,109.73,78.705,22.42,217.085,11753
14/11:53:13,9.74,4.82,109.74,78.716,22.42,217.096,11754
14/11:53:13,9.82,4.83,109.73,78.683,22.42,217.107,11755
14/11:53:14,10.07,4.83,109.74,78.672,22.42,217.129,11756
14/11:53:14,10.14,4.82,109.76,78.496,22.42,217.151,11757
14/11:53:15,9.86,4.81,109.77,78.529,22.42,217.162,11758
14/11:53:16,9.7,4.81,109.77,78.474,22.42,217.173,11759
14/11:53:16,9.71,4.8,109.76,78.463,22.41,217.184,11760
14/11:53:17,9.75,4.79,109.79,78.463,22.41,217.195,11761
14/11:53:17,9.79,4.8,109.78,78.584,22.41,217.206,11762
14/11:53:18,9.93,4.82,109.75,78.54,22.41,217.25,11763
14/11:53:19,9.91,4.82,109.76,78.474,22.41,217.261,11764
14/11:53:19,9.94,4.81,109.77,78.584,22.41,217.272,11765
14/11:53:20,10.08,4.82,109.74,78.683,22.41,217.283,11766
14/11:53:21,10.14,4.79,109.76,78.727,22.41,217.305,11767
14/11:53:21,9.83,4.77,109.75,78.793,22.41,217.316,11768
14/11:53:22,9.56,4.74,109.73,78.903,22.4,217.316,11769
14/11:53:23,9.61,4.74,109.74,79.079,22.4,217.349,11770
14/11:53:23,9.98,4.74,109.73,79.167,22.4,217.36,11771
14/11:53:24,10.06,4.75,109.73,79.134,22.4,217.371,11772
14/11:53:24,9.56,4.74,109.73,79.211,22.4,217.393,11773
14/11:53:25,9.56,4.73,109.73,79.354,22.4,217.404,11774
14/11:53:26,9.93,4.75,109.72,79.398,22.4,217.415,11775
14/11:53:27,9.96,4.75,109.73,79.607,22.4,217.437,11776
14/11:53:28,9.91,4.73,109.72,79.805,22.4,217.459,11777
14/11:53:28,9.99,4.75,109.72,79.893,22.4,217.47,11778
14/11:53:29,10.03,4.75,109.72,79.981,22.39,217.481,11779
14/11:53:30,9.91,4.75,109.72,80.047,22.39,217.492,11780
14/11:53:30,9.64,4.76,109.71,80.124,22.39,217.503,11781
14/11:53:31,9.9,4.78,109.71,80.168,22.39,217.514,11782
14/11:53:32,9.99,4.8,109.72,80.19,22.39,217.525,11783
14/11:53:32,9.78,4.8,109.72,80.201,22.39,217.547,11784
14/11:53:33,9.59,4.8,109.72,80.278,22.39,217.558,11785
14/11:53:33,9.76,4.79,109.71,80.355,22.39,217.569,11786
14/11:53:34,9.76,4.8,109.71,80.3,22.39,217.591,11787
14/11:53:35,9.84,4.78,109.71,80.322,22.39,217.602,11788
14/11:53:35,9.83,4.76,109.72,80.344,22.39,217.613,11789
14/11:53:36,9.76,4.75,109.71,80.267,22.39,217.624,11790
14/11:53:36,9.73,4.73,109.72,80.245,22.39,217.635,11791
14/11:53:37,9.93,4.72,109.73,80.256,22.38,217.646,11792
14/11:53:37,10.02,4.7,109.71,80.102,22.38,217.668,11793
14/11:53:38,10.02,4.69,109.72,80.058,22.38,217.679,11794
14/11:53:39,9.92,4.69,109.72,80.069,22.38,217.69,11795
14/11:53:39,9.97,4.69,109.72,79.959,22.38,217.701,11796
14/11:53:40,10.14,4.7,109.71,79.816,22.38,217.723,11797
14/11:53:40,10.13,4.72,109.71,79.739,22.38,217.734,11798
14/11:53:41,9.88,4.72,109.72,79.706,22.38,217.745,11799
14/11:53:42,9.83,4.73,109.72,79.728,22.38,217.756,11800
14/11:53:42,9.97,4.74,109.73,79.695,22.38,217.767,11801
14/11:53:43,9.99,4.75,109.73,79.684,22.38,217.778,11802
14/11:53:43,9.56,4.75,109.72,79.596,22.37,217.8,11803
14/11:53:44,9.42,4.74,109.72,79.563,22.37,217.811,11804
14/11:53:44,9.36,4.75,109.69,79.343,22.37,217.833,11805
14/11:53:45,9.15,4.75,109.69,79.299,22.37,217.844,11806
14/11:53:46,9.32,4.76,109.69,79.222,22.37,217.855,11807
14/11:53:46,9.6,4.77,109.68,79.112,22.37,217.866,11808
14/11:53:47,9.74,4.77,109.66,79.046,22.37,217.877,11809
14/11:53:48,9.81,4.78,109.67,78.958,22.37,217.888,11810
14/11:53:48,10.03,4.78,109.66,78.87,22.37,217.899,11811
14/11:53:49,10.36,4.78,109.62,78.892,22.37,217.921,11812
14/11:53:50,11.85,4.76,109.44,79.2,22.36,217.965,11813
14/11:53:51,12.36,4.75,109.4,79.244,22.36,217.976,11814
14/11:53:52,12.8,4.74,109.35,79.376,22.36,217.987,11815
14/11:53:53,13.69,4.76,109.31,79.563,22.36,218.009,11816
14/11:53:53,13.89,4.76,109.28,79.497,22.36,218.02,11817
14/11:53:54,13.3,4.74,109.31,79.332,22.36,218.031,11818
14/11:53:54,12.54,4.75,109.38,79.343,22.36,218.042,11819
14/11:53:55,12.06,4.77,109.44,79.2,22.35,218.053,11820
14/11:53:56,11.25,4.8,109.55,78.826,22.35,218.075,11821
14/11:53:57,9.38,4.79,109.69,78.551,22.35,218.097,11822
14/11:53:57,9.66,4.78,109.72,78.441,22.35,218.108,11823
14/11:53:58,11.0,4.79,109.63,78.386,22.35,218.108,11824
14/11:53:59,12.01,4.78,109.55,78.298,22.35,218.13,11825
14/11:53:59,13.36,4.77,109.41,78.067,22.35,218.152,11826
14/11:54:00,13.98,4.76,109.35,77.902,22.34,218.163,11827
14/11:54:01,14.38,4.78,109.3,77.77,22.34,218.174,11828
14/11:54:01,13.81,4.8,109.3,77.561,22.34,218.196,11829
14/11:54:02,12.76,4.79,109.4,77.231,22.34,218.207,11830
14/11:54:02,11.78,4.78,109.51,76.923,22.34,218.207,11831
14/11:54:03,10.44,4.79,109.62,76.637,22.34,218.229,11832
14/11:54:04,9.47,4.77,109.7,76.373,22.34,218.24,11833
14/11:54:04,8.75,4.75,109.76,76.076,22.34,218.251,11834
14/11:54:05,8.94,4.74,109.77,75.812,22.34,218.273,11835
14/11:54:05,10.56,4.76,109.62,75.845,22.33,218.295,11836
14/11:54:06,11.42,4.76,109.55,75.922,22.33,218.306,11837
14/11:54:07,13.06,4.77,109.43,76.153,22.33,218.328,11838
14/11:54:08,13.9,4.79,109.35,76.23,22.33,218.339,11839
14/11:54:09,14.09,4.78,109.32,76.208,22.33,218.35,11840
14/11:54:09,13.31,4.77,109.36,76.252,22.33,218.361,11841
14/11:54:10,10.75,4.75,109.52,75.977,22.32,218.383,11842
14/11:54:10,9.81,4.73,109.57,75.79,22.32,218.394,11843
14/11:54:11,9.13,4.73,109.64,75.669,22.32,218.405,11844
14/11:54:12,9.01,4.71,109.66,75.658,22.32,218.416,11845
14/11:54:12,8.92,4.69,109.69,75.647,22.32,218.416,11846
14/11:54:13,9.35,4.69,109.66,75.735,22.32,218.427,11847
14/11:54:13,10.53,4.71,109.57,75.889,22.32,218.449,11848
14/11:54:14,12.1,4.71,109.46,75.999,22.32,218.46,11849
14/11:54:15,13.5,4.71,109.31,76.087,22.32,218.471,11850
14/11:54:15,14.99,4.74,109.17,76.087,22.32,218.493,11851
14/11:54:16,15.33,4.76,109.11,76.054,22.31,218.504,11852
14/11:54:16,15.22,4.79,109.11,75.922,22.31,218.515,11853
14/11:54:17,14.32,4.79,109.17,75.647,22.31,218.526,11854
14/11:54:18,12.12,4.78,109.38,75.108,22.31,218.548,11855
14/11:54:18,11.44,4.77,109.46,74.899,22.31,218.559,11856
14/11:54:19,11.81,4.77,109.47,74.745,22.31,218.581,11857
14/11:54:20,11.83,4.75,109.46,74.833,22.3,218.592,11858
14/11:54:20,12.5,4.75,109.39,75.053,22.3,218.603,11859
14/11:54:21,13.66,4.76,109.28,75.306,22.3,218.614,11860
14/11:54:22,14.83,4.74,109.15,75.603,22.3,218.625,11861
14/11:54:22,15.21,4.74,109.11,75.801,22.3,218.636,11862
14/11:54:23,12.37,4.75,109.28,75.592,22.3,218.669,11863
14/11:54:24,10.99,4.76,109.42,75.372,22.28,218.68,11864
14/11:54:25,9.63,4.74,109.56,75.207,22.28,218.691,11865
14/11:54:25,8.6,4.74,109.68,75.053,22.28,218.702,11866
14/11:54:26,7.66,4.75,109.78,75.02,22.28,218.713,11867
14/11:54:26,7.89,4.74,109.78,75.02,22.28,218.724,11868
14/11:54:27,8.61,4.74,109.75,75.108,22.28,218.735,11869
14/11:54:28,9.72,4.76,109.69,75.229,22.28,218.746,11870
14/11:54:28,11.2,4.77,109.54,75.306,22.28,218.757,11871
14/11:54:29,12.59,4.78,109.42,75.449,22.28,218.768,11872
14/11:54:29,13.28,4.77,109.3,75.669,22.28,218.79,11873
14/11:54:30,12.9,4.76,109.32,75.647,22.28,218.801,11874
14/11:54:31,12.12,4.75,109.36,75.526,22.28,218.812,11875
14/11:54:31,11.28,4.73,109.43,75.328,22.28,218.823,11876
14/11:54:32,10.53,4.72,109.5,75.196,22.28,218.834,11877
14/11:54:32,9.49,4.69,109.59,75.108,22.28,218.845,11878
14/11:54:33,8.25,4.64,109.71,75.097,22.28,218.856,11879
14/11:54:33,7.62,4.37,110.02,75.317,22.28,218.867,11880
14/11:54:34,7.75,4.11,110.27,75.548,22.28,218.878,11881
14/11:54:35,8.09,3.83,110.5,75.614,22.28,218.889,11882
14/11:54:35,8.59,3.59,110.72,75.647,22.28,218.9,11883
14/11:54:36,9.2,3.35,110.92,75.768,22.28,218.911,11884
14/11:54:37,9.51,3.11,111.13,75.878,22.28,218.922,11885
14/11:54:37,9.85,2.89,111.3,75.9,22.28,218.933,11886
14/11:54:38,10.37,2.7,111.43,76.043,22.27,218.944,11887
14/11:54:38,11.06,2.73,111.32,76.197,22.27,218.955,11888
14/11:54:39,11.33,2.73,111.28,76.285,22.27,218.966,11889
14/11:54:39,11.59,2.78,111.22,76.318,22.27,218.977,11890
14/11:54:40,11.72,2.81,111.17,76.362,22.27,218.988,11891
14/11:54:41,11.78,2.82,111.16,76.483,22.27,218.999,11892
14/11:54:41,11.9,2.79,111.15,76.593,22.27,219.01,11893
14/11:54:42,12.38,2.87,111.02,76.571,22.27,219.021,11894
14/11:54:42,12.57,3.11,110.76,76.34,22.26,219.032,11895
14/11:54:43,11.74,3.39,110.61,76.043,22.26,219.043,11896
14/11:54:44,10.82,3.62,110.46,75.812,22.26,219.054,11897
14/11:54:44,9.98,3.82,110.31,75.548,22.26,219.065,11898
14/11:54:45,9.35,4.11,110.15,75.361,22.26,219.076,11899
14/11:54:45,9.12,4.36,109.95,75.317,22.26,219.087,11900
14/11:54:46,9.08,4.62,109.68,75.218,22.26,219.098,11901
14/11:54:47,8.9,4.75,109.6,75.306,22.26,219.109,11902
14/11:54:47,9.31,4.75,109.59,75.416,22.26,219.12,11903
14/11:54:48,12.28,4.75,109.32,75.856,22.26,219.142,11904
14/11:54:48,13.84,4.74,109.2,76.054,22.25,219.153,11905
14/11:54:49,14.97,4.73,109.08,76.274,22.25,219.164,11906
14/11:54:50,15.45,4.72,109.06,76.494,22.25,219.175,11907
14/11:54:50,15.32,4.69,109.08,76.571,22.25,219.186,11908
14/11:54:51,14.84,4.69,109.12,76.593,22.25,219.197,11909
14/11:54:52,14.06,4.69,109.19,76.637,22.25,219.208,11910
14/11:54:52,12.17,4.71,109.42,76.681,22.24,219.23,11911
14/11:54:53,10.81,4.72,109.53,76.692,22.24,219.241,11912
14/11:54:54,6.33,4.25,110.3,76.571,22.24,219.296,11913
14/11:54:54,5.67,4.02,110.55,76.736,22.24,219.307,11914
14/11:54:55,5.38,3.76,110.81,76.527,22.24,219.318,11915
14/11:54:56,4.96,3.25,111.33,76.351,22.24,219.34,11916
14/11:54:56,4.69,3.02,111.6,76.406,22.24,219.351,11917
14/11:54:57,4.63,3.08,111.54,75.944,22.24,219.373,11918
14/11:54:58,5.32,3.54,111.0,75.647,22.24,219.395,11919
14/11:54:59,5.83,3.84,110.75,75.724,22.24,219.406,11920
14/11:55:00,7.35,4.34,110.13,76.208,22.24,219.428,11921
14/11:55:01,7.92,4.62,109.83,76.406,22.24,219.439,11922
14/11:55:01,8.56,4.68,109.7,76.901,22.24,219.461,11923
14/11:55:02,8.62,4.67,109.69,77.011,22.23,219.472,11924
14/11:55:03,8.19,4.65,109.69,77.209,22.23,219.483,11925
14/11:55:03,7.36,4.63,109.76,77.363,22.23,219.494,11926
14/11:55:04,6.25,4.6,109.82,77.341,22.23,219.516,11927
14/11:55:05,5.43,4.57,109.91,77.33,22.23,219.516,11928
14/11:55:05,4.41,4.56,110.02,77.264,22.23,219.527,11929
14/11:55:06,2.59,4.56,110.2,77.187,22.23,219.56,11930
14/11:55:06,1.87,4.56,110.28,77.121,22.23,219.571,11931
14/11:55:07,1.37,4.56,110.35,77.044,22.23,219.582,11932
14/11:55:08,0.68,4.56,110.44,76.956,22.24,219.604,11933
14/11:55:08,0.47,4.51,110.48,76.846,22.24,219.615,11934
14/11:55:09,0.47,4.49,110.49,76.703,22.24,219.626,11935
14/11:55:09,0.47,4.49,110.49,76.648,22.24,219.637,11936
14/11:55:10,0.47,4.49,110.5,76.549,22.24,219.648,11937
14/11:55:11,0.47,4.48,110.51,76.362,22.24,219.659,11938
14/11:55:11,0.47,4.48,110.52,76.208,22.24,219.67,11939
14/11:55:12,0.59,4.47,110.51,75.834,22.24,219.692,11940
14/11:55:13,1.36,4.51,110.45,75.658,22.24,219.703,11941
14/11:55:14,4.06,4.56,110.26,75.68,22.24,219.725,11942
14/11:55:14,5.18,4.57,110.14,75.735,22.24,219.736,11943
14/11:55:15,7.37,4.61,109.9,75.768,22.24,219.758,11944
14/11:55:16,8.43,4.63,109.78,75.757,22.24,219.769,11945
14/11:55:16,9.25,4.63,109.7,75.746,22.24,219.78,11946
14/11:55:17,8.83,4.65,109.72,75.724,22.24,219.791,11947
14/11:55:17,7.76,4.64,109.78,75.636,22.24,219.802,11948
14/11:55:18,6.73,4.61,109.9,75.273,22.24,219.824,11949
14/11:55:19,5.81,4.6,110.02,75.185,22.24,219.846,11950
14/11:55:20,5.36,4.56,110.07,74.954,22.24,219.857,11951
14/11:55:20,5.06,4.55,110.11,74.855,22.24,219.868,11952
14/11:55:21,5.7,4.56,110.08,74.723,22.24,219.879,11953
14/11:55:22,6.26,4.55,110.03,74.646,22.24,219.89,11954
14/11:55:22,6.48,4.55,109.99,74.47,22.24,219.901,11955
14/11:55:23,6.48,4.55,109.98,74.36,22.24,219.912,11956
14/11:55:24,7.28,4.55,109.92,74.14,22.23,219.934,11957
14/11:55:24,7.61,4.56,109.91,74.041,22.23,219.945,11958
14/11:55:25,7.81,4.56,109.88,73.876,22.23,219.956,11959
14/11:55:25,7.84,4.57,109.89,73.755,22.23,219.967,11960
14/11:55:26,7.83,4.56,109.9,73.601,22.23,219.978,11961
14/11:55:27,8.04,4.56,109.9,73.403,22.23,219.989,11962
14/11:55:28,9.2,4.54,109.78,72.831,22.23,220.022,11963
14/11:55:29,9.76,4.53,109.72,72.567,22.23,220.033,11964
14/11:55:29,10.5,4.54,109.67,72.303,22.23,220.044,11965
14/11:55:30,10.93,4.53,109.59,72.006,22.23,220.055,11966
14/11:55:30,11.35,4.52,109.53,71.841,22.23,220.055,11967
14/11:55:31,10.56,4.53,109.56,71.665,22.23,220.077,11968
14/11:55:31,9.33,4.52,109.66,71.335,22.23,220.077,11969
14/11:55:32,8.77,4.52,109.74,70.961,22.22,220.088,11970
14/11:55:33,8.81,4.51,109.75,70.697,22.22,220.099,11971
14/11:55:33,8.69,4.5,109.77,70.455,22.22,220.121,11972
14/11:55:34,8.76,4.52,109.78,70.477,22.22,220.132,11973
14/11:55:34,9.85,4.51,109.73,70.477,22.22,220.143,11974
14/11:55:35,11.03,4.49,109.6,70.488,22.22,220.154,11975
14/11:55:36,12.84,4.51,109.41,70.565,22.22,220.176,11976
14/11:55:36,12.64,4.51,109.42,70.576,22.22,220.187,11977
14/11:55:37,12.17,4.51,109.44,70.477,22.22,220.198,11978
14/11:55:37,11.81,4.5,109.45,70.389,22.21,220.209,11979
14/11:55:38,11.55,4.5,109.48,70.29,22.21,220.22,11980
14/11:55:39,11.09,4.48,109.51,70.543,22.21,220.242,11981
14/11:55:40,11.3,4.5,109.51,70.664,22.21,220.253,11982
14/11:55:40,11.68,4.52,109.46,70.752,22.21,220.264,11983
14/11:55:41,12.22,4.52,109.41,70.796,22.21,220.275,11984
14/11:55:42,12.68,4.52,109.36,70.807,22.21,220.286,11985
14/11:55:42,12.89,4.52,109.34,70.818,22.21,220.297,11986
14/11:55:43,12.98,4.53,109.34,70.884,22.2,220.308,11987
14/11:55:43,12.27,4.54,109.38,70.928,22.2,220.308,11988
14/11:55:44,11.75,4.55,109.41,70.917,22.2,220.33,11989
14/11:55:45,11.14,4.54,109.46,70.73,22.2,220.341,11990
14/11:55:45,10.57,4.52,109.52,70.543,22.2,220.352,11991
14/11:55:46,10.21,4.53,109.56,70.488,22.2,220.363,11992
14/11:55:46,10.21,4.56,109.56,70.532,22.2,220.374,11993
14/11:55:47,10.36,4.56,109.54,70.642,22.2,220.374,11994
14/11:55:48,10.62,4.56,109.53,70.697,22.2,220.396,11995
14/11:55:48,11.49,4.59,109.46,70.741,22.2,220.396,11996
14/11:55:49,12.36,4.61,109.38,70.873,22.19,220.407,11997
14/11:55:49,13.18,4.63,109.28,71.104,22.19,220.418,11998
14/11:55:50,13.48,4.63,109.24,71.247,22.19,220.429,11999
14/11:55:51,13.3,4.61,109.24,71.313,22.19,220.44,12000
14/11:55:51,12.82,4.6,109.28,71.335,22.19,220.451,12001
14/11:55:52,12.05,4.56,109.34,71.302,22.19,220.462,12002
14/11:55:52,11.43,4.56,109.38,71.269,22.19,220.473,12003
14/11:55:53,10.82,4.56,109.44,71.269,22.19,220.484,12004
14/11:55:54,10.76,4.54,109.47,71.39,22.19,220.495,12005
14/11:55:54,10.49,4.52,109.49,71.577,22.18,220.506,12006
14/11:55:55,10.94,4.53,109.48,71.665,22.18,220.517,12007
14/11:55:55,11.63,4.52,109.42,71.786,22.18,220.528,12008
14/11:55:56,12.35,4.52,109.35,71.962,22.18,220.539,12009
14/11:55:57,13.35,4.55,109.26,72.094,22.18,220.55,12010
14/11:55:57,13.62,4.56,109.22,72.226,22.18,220.561,12011
14/11:55:58,13.41,4.54,109.22,72.292,22.18,220.572,12012
14/11:55:59,10.64,4.55,109.44,72.644,22.17,220.616,12013
14/11:55:59,10.75,4.56,109.44,72.732,22.17,220.627,12014
14/11:56:00,11.0,4.56,109.42,72.787,22.17,220.649,12015
14/11:56:00,11.5,4.56,109.39,72.842,22.17,220.66,12016
14/11:56:01,11.79,4.56,109.37,72.941,22.17,220.671,12017
14/11:56:02,12.04,4.56,109.35,73.029,22.17,220.682,12018
14/11:56:02,12.65,4.56,109.33,73.227,22.17,220.693,12019
14/11:56:03,13.05,4.55,109.27,73.502,22.16,220.704,12020
14/11:56:03,12.81,4.56,109.28,73.634,22.16,220.715,12021
14/11:56:04,12.77,4.56,109.28,73.601,22.16,220.726,12022
14/11:56:05,12.14,4.56,109.31,73.689,22.16,220.748,12023
14/11:56:05,12.19,4.56,109.32,73.645,22.16,220.759,12024
14/11:56:06,11.7,4.56,109.34,73.7,22.16,220.77,12025
14/11:56:07,10.7,4.56,109.38,73.799,22.16,220.781,12026
14/11:56:07,10.62,4.56,109.43,73.766,22.15,220.792,12027
14/11:56:08,10.7,4.55,109.44,73.711,22.15,220.803,12028
14/11:56:08,10.78,4.53,109.44,73.832,22.15,220.825,12029
14/11:56:10,11.43,4.52,109.39,74.008,22.15,220.847,12030
14/11:56:10,11.83,4.52,109.35,74.239,22.15,220.858,12031
14/11:56:11,12.3,4.52,109.32,74.426,22.15,220.869,12032
14/11:56:11,11.98,4.52,109.32,74.536,22.15,220.88,12033
14/11:56:12,11.77,4.51,109.32,74.503,22.15,220.891,12034
14/11:56:13,11.75,4.5,109.34,74.558,22.14,220.902,12035
14/11:56:13,11.7,4.51,109.33,74.668,22.14,220.913,12036
14/11:56:14,11.52,4.51,109.33,74.932,22.14,220.924,12037
14/11:56:14,11.03,4.5,109.36,75.108,22.14,220.935,12038
14/11:56:15,10.64,4.51,109.39,75.218,22.14,220.946,12039
14/11:56:16,10.7,4.5,109.4,75.449,22.14,220.957,12040
14/11:56:16,11.28,4.53,109.36,75.636,22.14,220.968,12041
14/11:56:17,11.65,4.53,109.31,75.845,22.14,220.979,12042
14/11:56:17,11.49,4.53,109.31,76.131,22.14,220.99,12043
14/11:56:18,11.21,4.53,109.33,76.274,22.14,221.001,12044
14/11:56:19,10.69,4.53,109.38,76.285,22.13,221.012,12045
14/11:56:19,9.96,4.52,109.44,76.34,22.13,221.023,12046
14/11:56:20,8.35,4.5,109.57,76.571,22.13,221.045,12047
14/11:56:20,7.07,4.45,109.68,76.582,22.13,221.056,12048
14/11:56:21,6.24,4.46,109.77,76.593,22.13,221.067,12049
14/11:56:22,5.9,4.45,109.81,76.769,22.13,221.078,12050
14/11:56:22,5.83,4.46,109.83,76.912,22.13,221.089,12051
14/11:56:23,6.03,4.47,109.84,77.11,22.13,221.1,12052
14/11:56:23,6.21,4.47,109.85,77.231,22.13,221.111,12053
14/11:56:24,6.09,4.47,109.88,77.297,22.13,221.133,12054
14/11:56:25,5.94,4.46,109.91,77.363,22.13,221.144,12055
14/11:56:25,5.34,4.46,109.98,77.308,22.13,221.155,12056
14/11:56:26,3.75,4.44,110.11,76.736,22.13,221.177,12057
14/11:56:26,2.76,4.43,110.2,76.384,22.13,221.188,12058
14/11:56:27,1.9,4.42,110.27,76.142,22.13,221.199,12059
14/11:56:28,1.28,4.42,110.32,75.911,22.13,221.21,12060
14/11:56:28,0.81,4.42,110.37,75.669,22.13,221.221,12061
14/11:56:29,0.63,4.42,110.42,74.613,22.13,221.254,12062
14/11:56:30,3.79,4.45,110.17,74.393,22.13,221.287,12063
14/11:56:31,5.02,4.46,110.06,74.514,22.13,221.298,12064
14/11:56:31,6.45,4.47,109.93,74.602,22.13,221.309,12065
14/11:56:32,7.98,4.47,109.82,74.745,22.13,221.32,12066
14/11:56:33,9.19,4.46,109.7,74.811,22.13,221.331,12067
14/11:56:33,10.28,4.47,109.56,74.855,22.13,221.342,12068
14/11:56:34,10.12,4.46,109.57,75.031,22.13,221.364,12069
14/11:56:34,9.35,4.45,109.64,74.987,22.13,221.375,12070
14/11:56:35,8.46,4.46,109.71,74.866,22.13,221.386,12071
14/11:56:36,7.23,4.45,109.8,74.723,22.13,221.397,12072
14/11:56:36,6.56,4.45,109.9,74.558,22.13,221.408,12073
14/11:56:37,5.83,4.47,109.97,74.492,22.13,221.408,12074
14/11:56:37,4.97,4.47,110.04,74.349,22.13,221.43,12075
14/11:56:38,4.64,4.5,110.1,73.986,22.13,221.452,12076
14/11:56:39,4.9,4.52,110.1,73.898,22.13,221.463,12077
14/11:56:40,5.69,4.55,110.02,73.612,22.13,221.485,12078
14/11:56:41,6.23,4.55,109.97,73.645,22.13,221.496,12079
14/11:56:41,6.79,4.54,109.92,73.678,22.13,221.507,12080
14/11:56:42,7.44,4.54,109.86,73.733,22.13,221.518,12081
14/11:56:42,7.97,4.53,109.81,73.601,22.13,221.529,12082
14/11:56:43,8.57,4.53,109.76,73.458,22.13,221.54,12083
14/11:56:44,9.09,4.52,109.71,73.315,22.12,221.551,12084
14/11:56:44,9.71,4.51,109.66,73.15,22.12,221.562,12085
14/11:56:45,10.12,4.51,109.63,73.018,22.12,221.573,12086
14/11:56:45,10.28,4.49,109.59,72.886,22.12,221.584,12087
14/11:56:46,11.52,4.47,109.47,72.765,22.12,221.606,12088
14/11:56:47,11.74,4.46,109.42,72.743,22.12,221.617,12089
14/11:56:47,11.71,4.45,109.41,72.721,22.12,221.628,12090
14/11:56:48,11.64,4.46,109.4,72.611,22.12,221.639,12091
14/11:56:48,11.62,4.45,109.41,72.523,22.12,221.639,12092
14/11:56:49,11.81,4.42,109.39,72.523,22.12,221.65,12093
14/11:56:49,12.17,4.44,109.36,72.567,22.11,221.661,12094
14/11:56:50,11.13,4.48,109.46,72.655,22.11,221.694,12095
14/11:56:51,11.28,4.49,109.44,72.666,22.11,221.705,12096
14/11:56:52,11.82,4.49,109.41,72.82,22.11,221.716,12097
14/11:56:52,12.28,4.52,109.36,73.018,22.11,221.716,12098
14/11:56:53,12.38,4.56,109.34,73.216,22.11,221.727,12099
14/11:56:53,12.33,4.57,109.33,73.546,22.11,221.749,12100
14/11:56:54,12.54,4.56,109.33,73.854,22.1,221.76,12101
14/11:56:55,13.22,4.57,109.25,74.283,22.1,221.782,12102
14/11:56:55,13.06,4.59,109.26,74.481,22.1,221.793,12103
14/11:56:56,12.59,4.59,109.3,74.657,22.1,221.804,12104
14/11:56:57,11.46,4.56,109.39,75.218,22.1,221.826,12105
14/11:56:57,11.05,4.56,109.43,75.504,22.1,221.837,12106
14/11:56:58,10.52,4.54,109.45,75.79,22.09,221.848,12107
14/11:56:58,10.14,4.54,109.47,76.021,22.09,221.859,12108
14/11:56:59,9.93,4.53,109.49,76.263,22.09,221.87,12109
14/11:57:00,9.89,4.53,109.5,76.505,22.09,221.881,12110
14/11:57:00,9.75,4.53,109.49,76.758,22.09,221.892,12111
14/11:57:01,9.5,4.52,109.5,77.022,22.09,221.903,12112
14/11:57:02,8.85,4.54,109.53,77.374,22.09,221.936,12113
14/11:57:02,8.49,4.53,109.56,77.473,22.09,221.947,12114
14/11:57:03,8.11,4.54,109.61,77.528,22.09,221.958,12115
14/11:57:04,8.0,4.55,109.65,77.484,22.09,221.969,12116
14/11:57:04,7.81,4.55,109.68,77.473,22.09,221.98,12117
14/11:57:05,7.51,4.55,109.72,77.473,22.09,221.991,12118
14/11:57:05,7.22,4.56,109.76,77.429,22.09,222.002,12119
14/11:57:06,7.13,4.55,109.79,77.352,22.09,222.013,12120
14/11:57:06,7.11,4.55,109.8,77.352,22.09,222.024,12121
14/11:57:07,7.32,4.54,109.79,77.363,22.08,222.035,12122
14/11:57:08,7.28,4.53,109.8,77.352,22.08,222.046,12123
14/11:57:08,7.06,4.52,109.82,77.275,22.08,222.057,12124
14/11:57:09,6.73,4.52,109.84,77.132,22.08,222.079,12125
14/11:57:09,6.44,4.51,109.87,76.967,22.08,222.09,12126
14/11:57:10,6.28,4.54,109.86,76.824,22.08,222.101,12127
14/11:57:11,6.17,4.53,109.89,76.659,22.08,222.112,12128
14/11:57:11,5.94,4.53,109.94,76.56,22.08,222.123,12129
14/11:57:12,5.5,4.53,109.97,76.527,22.08,222.134,12130
14/11:57:12,5.25,4.52,110.0,76.527,22.08,222.145,12131
14/11:57:13,5.15,4.52,110.02,76.483,22.08,222.156,12132
14/11:57:14,5.3,4.51,110.01,76.351,22.08,222.167,12133
14/11:57:14,5.56,4.47,110.02,76.241,22.08,222.189,12134
14/11:57:15,5.57,4.47,110.02,76.23,22.08,222.2,12135
14/11:57:15,5.54,4.48,110.01,76.131,22.08,222.211,12136
14/11:57:16,5.43,4.47,110.03,75.988,22.08,222.222,12137
14/11:57:17,5.25,4.46,110.02,75.801,22.08,222.233,12138
14/11:57:17,5.39,4.45,110.0,75.647,22.08,222.244,12139
14/11:57:18,5.66,4.45,109.96,75.691,22.08,222.255,12140
14/11:57:18,6.06,4.45,109.93,75.79,22.08,222.266,12141
14/11:57:19,6.53,4.45,109.9,75.889,22.08,222.277,12142
14/11:57:20,6.91,4.44,109.87,75.933,22.08,222.288,12143
14/11:57:20,7.39,4.44,109.85,75.922,22.08,222.299,12144
14/11:57:21,7.71,4.45,109.82,75.867,22.08,222.31,12145
14/11:57:22,8.1,4.44,109.78,75.801,22.08,222.321,12146
14/11:57:22,8.41,4.45,109.76,75.779,22.08,222.332,12147
14/11:57:23,8.56,4.44,109.76,75.856,22.08,222.343,12148
14/11:57:23,8.61,4.43,109.76,75.955,22.08,222.354,12149
14/11:57:24,8.64,4.43,109.75,75.988,22.08,222.365,12150
14/11:57:25,8.68,4.44,109.74,76.043,22.08,222.376,12151
14/11:57:25,8.75,4.44,109.72,76.076,22.07,222.387,12152
14/11:57:26,8.84,4.44,109.71,75.933,22.07,222.398,12153
14/11:57:26,8.63,4.43,109.71,75.867,22.07,222.409,12154
14/11:57:27,8.36,4.42,109.71,75.955,22.07,222.42,12155
14/11:57:28,8.08,4.43,109.7,75.933,22.07,222.431,12156
14/11:57:28,7.93,4.43,109.69,75.933,22.07,222.442,12157
14/11:57:29,7.9,4.43,109.7,75.966,22.07,222.453,12158
14/11:57:29,8.07,4.43,109.69,76.043,22.07,222.464,12159
14/11:57:30,8.11,4.44,109.7,76.12,22.07,222.475,12160
14/11:57:31,8.26,4.45,109.68,76.153,22.07,222.486,12161
14/11:57:31,8.47,4.48,109.7,76.197,22.07,222.508,12162
14/11:57:32,7.62,4.43,109.72,76.263,22.07,222.574,12163
14/11:57:33,7.53,4.43,109.72,76.252,22.06,222.585,12164
14/11:57:33,7.31,4.42,109.72,76.252,22.06,222.596,12165
14/11:57:34,7.21,4.41,109.72,76.318,22.06,222.607,12166
14/11:57:35,7.25,4.41,109.71,76.395,22.06,222.618,12167
14/11:57:35,7.28,4.41,109.72,76.384,22.06,222.629,12168
14/11:57:36,7.46,4.43,109.72,76.362,22.06,222.64,12169
14/11:57:36,7.8,4.44,109.72,76.384,22.06,222.651,12170
14/11:57:37,8.07,4.47,109.7,76.384,22.06,222.662,12171
14/11:57:38,8.66,4.47,109.7,76.549,22.06,222.684,12172
14/11:57:38,9.02,4.51,109.71,76.725,22.06,222.706,12173
14/11:57:39,9.08,4.51,109.69,76.813,22.06,222.717,12174
14/11:57:39,8.92,4.5,109.68,76.956,22.06,222.728,12175
14/11:57:40,8.54,4.5,109.69,77.099,22.06,222.75,12176
14/11:57:41,8.37,4.51,109.7,77.132,22.06,222.761,12177
14/11:57:41,8.25,4.51,109.71,77.143,22.06,222.772,12178
14/11:57:42,8.18,4.51,109.71,77.242,22.05,222.783,12179
14/11:57:43,8.13,4.51,109.72,77.297,22.05,222.794,12180
14/11:57:43,8.05,4.52,109.73,77.363,22.05,222.805,12181
14/11:57:44,8.02,4.54,109.73,77.462,22.05,222.816,12182
14/11:57:44,7.93,4.54,109.73,77.66,22.05,222.827,12183
14/11:57:45,7.93,4.54,109.72,77.748,22.05,222.86,12184
14/11:57:46,8.05,4.55,109.7,77.825,22.05,222.871,12185
14/11:57:46,8.21,4.55,109.7,77.869,22.05,222.882,12186
14/11:57:47,8.43,4.55,109.69,77.891,22.05,222.893,12187
14/11:57:48,8.68,4.55,109.69,77.847,22.05,222.904,12188
14/11:57:48,8.74,4.55,109.67,77.737,22.05,222.915,12189
14/11:57:49,8.69,4.54,109.68,77.737,22.05,222.926,12190
14/11:57:49,8.61,4.53,109.68,77.825,22.05,222.937,12191
14/11:57:50,8.49,4.53,109.68,77.891,22.05,222.948,12192
14/11:57:51,8.32,4.51,109.7,77.946,22.05,222.959,12193
14/11:57:51,8.11,4.51,109.7,77.99,22.05,222.97,12194
14/11:57:52,7.87,4.51,109.7,78.001,22.05,222.981,12195
14/11:57:52,7.77,4.5,109.71,78.045,22.04,222.992,12196
14/11:57:53,7.78,4.5,109.71,78.078,22.04,223.003,12197
14/11:57:54,7.61,4.51,109.72,78.045,22.04,223.014,12198
14/11:57:54,7.34,4.52,109.75,77.968,22.04,223.025,12199
14/11:57:55,6.99,4.53,109.78,77.869,22.04,223.036,12200
14/11:57:55,6.57,4.54,109.82,77.726,22.04,223.047,12201
14/11:57:56,6.2,4.53,109.86,77.594,22.04,223.058,12202
14/11:57:57,5.82,4.53,109.91,77.396,22.04,223.069,12203
14/11:57:57,5.44,4.53,109.94,77.33,22.04,223.08,12204
14/11:57:58,5.16,4.53,109.98,77.275,22.04,223.091,12205
14/11:57:59,5.0,4.52,110.01,77.187,22.04,223.102,12206
14/11:57:59,4.95,4.51,110.02,77.066,22.04,223.113,12207
14/11:58:00,5.06,4.51,110.03,77.0,22.04,223.124,12208
14/11:58:00,5.15,4.52,110.02,76.89,22.04,223.135,12209
14/11:58:01,5.14,4.52,110.03,76.769,22.04,223.146,12210
14/11:58:02,5.07,4.51,110.03,76.659,22.04,223.157,12211
14/11:58:02,4.92,4.51,110.03,76.582,22.04,223.168,12212
14/11:58:03,4.01,4.52,110.06,76.296,22.04,223.256,12213
14/11:58:04,4.11,4.51,110.07,76.252,22.04,223.256,12214
14/11:58:05,4.31,4.51,110.07,76.263,22.04,223.278,12215
14/11:58:05,4.57,4.51,110.08,76.285,22.04,223.289,12216
14/11:58:06,4.94,4.51,110.07,76.34,22.04,223.3,12217
14/11:58:07,5.27,4.51,110.07,76.318,22.04,223.311,12218
14/11:58:07,5.6,4.51,110.07,76.34,22.04,223.322,12219
14/11:58:08,5.7,4.51,110.07,76.395,22.04,223.333,12220
14/11:58:08,5.68,4.5,110.07,76.351,22.04,223.344,12221
14/11:58:09,5.39,4.5,110.08,76.329,22.04,223.355,12222
14/11:58:10,5.12,4.48,110.09,76.274,22.04,223.366,12223
14/11:58:10,4.81,4.49,110.1,76.274,22.04,223.377,12224
14/11:58:11,4.44,4.48,110.11,76.307,22.04,223.388,12225
14/11:58:12,4.01,4.47,110.09,76.241,22.04,223.399,12226
14/11:58:12,3.83,4.48,110.1,76.076,22.04,223.41,12227
14/11:58:13,3.87,4.47,110.11,75.977,22.04,223.421,12228
14/11:58:13,4.11,4.47,110.11,75.922,22.04,223.432,12229
14/11:58:14,4.0,4.21,110.35,76.098,22.04,223.443,12230
14/11:58:15,3.87,3.95,110.62,76.164,22.04,223.454,12231
14/11:58:15,3.86,3.71,110.83,76.153,22.04,223.465,12232
14/11:58:16,3.94,3.48,111.03,75.977,22.04,223.476,12233
14/11:58:16,4.06,3.23,111.28,75.856,22.04,223.487,12234
14/11:58:17,4.25,2.97,111.5,75.801,22.04,223.498,12235
14/11:58:18,4.7,2.87,111.62,75.768,22.04,223.509,12236
14/11:58:18,5.22,2.86,111.55,75.603,22.04,223.52,12237
14/11:58:19,6.87,3.41,110.95,75.46,22.04,223.542,12238
14/11:58:19,7.94,3.89,110.39,75.46,22.04,223.564,12239
14/11:58:20,8.67,4.17,110.09,75.515,22.04,223.575,12240
14/11:58:21,9.21,4.42,109.82,75.515,22.04,223.586,12241
14/11:58:21,9.25,4.49,109.68,75.603,22.04,223.597,12242
14/11:58:22,9.11,4.49,109.66,75.669,22.04,223.608,12243
14/11:58:23,9.06,4.48,109.69,75.669,22.03,223.608,12244
14/11:58:23,9.02,4.46,109.69,75.702,22.03,223.63,12245
14/11:58:24,9.23,4.49,109.68,75.768,22.03,223.641,12246
14/11:58:24,9.42,4.49,109.67,75.757,22.03,223.652,12247
14/11:58:25,9.51,4.49,109.68,75.768,22.03,223.663,12248
14/11:58:26,9.17,4.48,109.68,75.977,22.03,223.685,12249
14/11:58:26,9.07,4.48,109.72,75.944,22.03,223.696,12250
14/11:58:27,8.92,4.46,109.72,75.867,22.03,223.707,12251
14/11:58:27,8.98,4.46,109.71,75.812,22.03,223.718,12252
14/11:58:28,9.02,4.45,109.7,75.79,22.03,223.729,12253
14/11:58:29,9.01,4.45,109.71,75.845,22.03,223.74,12254
14/11:58:29,9.11,4.46,109.71,75.878,22.03,223.751,12255
14/11:58:30,9.31,4.47,109.68,75.933,22.02,223.773,12256
14/11:58:30,9.55,4.47,109.66,75.944,22.02,223.784,12257
14/11:58:31,9.64,4.51,109.65,75.999,22.02,223.795,12258
14/11:58:32,9.76,4.51,109.65,75.977,22.02,223.806,12259
14/11:58:32,9.71,4.52,109.65,75.988,22.02,223.817,12260
14/11:58:33,9.61,4.54,109.66,76.142,22.02,223.839,12261
14/11:58:33,9.57,4.55,109.66,76.208,22.02,223.85,12262
14/11:58:35,9.13,4.56,109.65,76.164,22.02,223.905,12263
14/11:58:35,9.11,4.57,109.66,76.274,22.02,223.916,12264
14/11:58:36,9.13,4.57,109.65,76.395,22.01,223.916,12265
14/11:58:36,9.12,4.57,109.66,76.406,22.01,223.927,12266
14/11:58:37,9.17,4.59,109.64,76.362,22.01,223.96,12267
14/11:58:38,9.35,4.6,109.63,76.439,22.01,223.971,12268
14/11:58:39,9.51,4.61,109.65,76.34,22.01,223.993,12269
14/11:58:40,10.06,4.59,109.63,76.307,22.01,224.015,12270
14/11:58:40,10.55,4.59,109.62,76.329,22.01,224.026,12271
14/11:58:41,10.89,4.59,109.61,76.494,22.01,224.037,12272
14/11:58:42,11.07,4.57,109.56,76.637,22.01,224.048,12273
14/11:58:42,11.25,4.59,109.54,76.615,22.01,224.059,12274
14/11:58:43,11.41,4.57,109.51,76.56,22.0,224.07,12275
14/11:58:43,11.4,4.56,109.48,76.648,22.0,224.081,12276
14/11:58:44,11.22,4.55,109.45,76.615,22.0,224.092,12277
14/11:58:45,10.99,4.56,109.44,76.637,22.0,224.103,12278
14/11:58:45,10.9,4.59,109.43,76.714,22.0,224.114,12279
14/11:58:46,11.11,4.59,109.43,77.033,22.0,224.136,12280
14/11:58:46,11.34,4.59,109.42,77.121,22.0,224.147,12281
14/11:58:47,11.55,4.6,109.43,77.143,22.0,224.158,12282
14/11:58:48,11.8,4.6,109.42,77.209,22.0,224.169,12283
14/11:58:48,11.98,4.61,109.42,77.253,21.99,224.191,12284
14/11:58:49,12.03,4.59,109.43,77.275,21.99,224.202,12285
14/11:58:50,11.88,4.56,109.44,77.396,21.99,224.213,12286
14/11:58:50,11.67,4.54,109.43,77.44,21.99,224.224,12287
14/11:58:51,11.54,4.54,109.43,77.484,21.99,224.235,12288
14/11:58:51,11.15,4.52,109.45,77.594,21.99,224.246,12289
14/11:58:52,10.79,4.52,109.45,77.704,21.99,224.257,12290
14/11:58:53,10.41,4.51,109.48,77.792,21.99,224.268,12291
14/11:58:53,10.17,4.51,109.48,77.825,21.99,224.279,12292
14/11:58:54,10.12,4.51,109.5,77.913,21.99,224.29,12293
14/11:58:54,10.02,4.53,109.53,77.924,21.98,224.323,12294
14/11:58:55,9.86,4.54,109.52,78.056,21.98,224.334,12295
14/11:58:56,9.76,4.55,109.53,78.254,21.98,224.345,12296
14/11:58:56,9.74,4.55,109.5,78.331,21.98,224.356,12297
14/11:58:57,9.71,4.54,109.5,78.43,21.98,224.367,12298
14/11:58:58,9.79,4.54,109.49,78.364,21.98,224.378,12299
14/11:58:58,9.83,4.54,109.49,78.342,21.98,224.389,12300
14/11:58:59,9.74,4.53,109.48,78.397,21.98,224.4,12301
14/11:58:59,9.6,4.54,109.49,78.518,21.98,224.411,12302
14/11:59:00,9.62,4.54,109.5,78.551,21.98,224.422,12303
14/11:59:01,9.68,4.53,109.51,78.617,21.98,224.433,12304
14/11:59:01,10.0,4.55,109.53,78.573,21.97,224.455,12305
14/11:59:02,9.94,4.55,109.54,78.65,21.97,224.477,12306
14/11:59:02,10.01,4.53,109.55,78.87,21.97,224.51,12307
14/11:59:04,10.18,4.53,109.53,79.002,21.97,224.532,12308
14/11:59:04,10.24,4.52,109.52,79.112,21.97,224.543,12309
14/11:59:05,10.37,4.52,109.5,79.266,21.97,224.554,12310
14/11:59:05,10.25,4.51,109.49,79.343,21.97,224.565,12311
14/11:59:06,10.09,4.5,109.48,79.332,21.97,224.576,12312
14/11:59:07,9.56,4.49,109.51,79.266,21.96,224.598,12313
14/11:59:07,9.39,4.48,109.54,79.178,21.96,224.609,12314
14/11:59:08,8.97,4.47,109.56,79.079,21.96,224.62,12315
14/11:59:09,8.43,4.47,109.61,79.079,21.96,224.631,12316
14/11:59:09,7.81,4.47,109.66,79.024,21.96,224.642,12317
14/11:59:10,7.18,4.45,109.74,78.881,21.96,224.664,12318
14/11:59:11,7.37,4.45,109.76,78.826,21.96,224.675,12319
14/11:59:11,7.52,4.45,109.77,78.771,21.96,224.686,12320
14/11:59:12,7.09,4.44,109.79,78.628,21.96,224.708,12321
14/11:59:13,7.05,4.43,109.78,78.584,21.96,224.73,12322
14/11:59:13,7.13,4.43,109.78,78.562,21.96,224.741,12323
14/11:59:14,7.31,4.42,109.76,78.452,21.96,224.752,12324
14/11:59:14,7.48,4.41,109.75,78.441,21.96,224.763,12325
14/11:59:15,7.45,4.41,109.75,78.463,21.96,224.774,12326
14/11:59:16,7.51,4.43,109.75,78.496,21.96,224.785,12327
14/11:59:16,7.63,4.43,109.75,78.397,21.96,224.796,12328
14/11:59:17,7.82,4.44,109.76,78.342,21.96,224.807,12329
14/11:59:17,7.81,4.45,109.77,78.243,21.95,224.818,12330
14/11:59:18,7.66,4.46,109.77,78.21,21.95,224.829,12331
14/11:59:19,7.52,4.46,109.77,78.188,21.95,224.84,12332
14/11:59:19,7.01,4.46,109.78,78.1,21.95,224.862,12333
14/11:59:20,6.8,4.46,109.78,78.045,21.95,224.873,12334
14/11:59:21,6.7,4.45,109.78,77.99,21.95,224.884,12335
14/11:59:21,6.68,4.47,109.77,77.924,21.95,224.895,12336
14/11:59:22,6.81,4.45,109.77,77.869,21.95,224.906,12337
14/11:59:22,7.08,4.46,109.76,77.77,21.95,224.917,12338
14/11:59:23,7.13,4.48,109.77,77.616,21.95,224.928,12339
14/11:59:23,7.11,4.45,109.77,77.55,21.95,224.939,12340
14/11:59:24,6.76,4.3,109.99,77.627,21.95,224.95,12341
14/11:59:25,6.43,4.12,110.18,77.759,21.95,224.961,12342
14/11:59:25,6.03,3.97,110.38,77.803,21.95,224.972,12343
14/11:59:26,5.71,3.81,110.59,77.825,21.95,224.983,12344
14/11:59:27,5.61,3.69,110.7,77.341,21.95,225.005,12345
14/11:59:27,5.91,3.67,110.66,77.231,21.95,225.016,12346
14/11:59:28,6.53,3.77,110.55,77.286,21.95,225.027,12347
14/11:59:28,7.28,3.93,110.33,77.297,21.95,225.049,12348
14/11:59:29,7.89,4.07,110.09,77.33,21.95,225.06,12349
14/11:59:30,8.7,4.26,109.83,77.33,21.95,225.071,12350
14/11:59:30,9.64,4.45,109.6,77.374,21.95,225.082,12351
14/11:59:31,10.03,4.48,109.5,77.451,21.94,225.093,12352
14/11:59:31,10.16,4.48,109.47,77.561,21.94,225.104,12353
14/11:59:32,10.48,4.49,109.45,77.671,21.94,225.115,12354
14/11:59:33,10.78,4.49,109.41,77.748,21.94,225.126,12355
14/11:59:33,11.17,4.49,109.38,77.847,21.94,225.137,12356
14/11:59:34,11.47,4.49,109.37,77.946,21.94,225.148,12357
14/11:59:34,11.65,4.47,109.35,77.957,21.94,225.159,12358
14/11:59:35,11.71,4.48,109.33,77.99,21.94,225.17,12359
14/11:59:36,11.83,4.48,109.31,78.1,21.94,225.181,12360
14/11:59:36,12.0,4.5,109.3,78.1,21.94,225.192,12361
14/11:59:37,12.14,4.51,109.27,78.199,21.93,225.214,12362
14/11:59:38,12.48,4.52,109.28,78.408,21.93,225.269,12363
14/11:59:39,12.47,4.52,109.28,78.452,21.93,225.28,12364
14/11:59:39,12.22,4.52,109.31,78.43,21.93,225.291,12365
14/11:59:40,11.48,4.5,109.32,78.617,21.92,225.324,12366
14/11:59:41,11.26,4.49,109.31,78.76,21.92,225.335,12367
14/11:59:41,11.16,4.5,109.3,78.771,21.92,225.346,12368
14/11:59:42,11.12,4.5,109.31,78.716,21.92,225.357,12369
14/11:59:42,11.26,4.5,109.32,78.595,21.92,225.368,12370
14/11:59:43,11.1,4.5,109.32,78.606,21.92,225.379,12371
14/11:59:44,11.19,4.5,109.33,78.65,21.92,225.39,12372
14/11:59:44,11.24,4.5,109.33,78.694,21.92,225.401,12373
14/11:59:45,11.32,4.47,109.33,78.903,21.91,225.423,12374
14/11:59:45,11.47,4.47,109.33,78.969,21.91,225.434,12375
14/11:59:46,11.33,4.44,109.33,78.991,21.91,225.456,12376
14/11:59:47,11.21,4.42,109.32,78.969,21.91,225.467,12377
14/11:59:48,11.17,4.42,109.32,79.057,21.91,225.478,12378
14/11:59:48,11.31,4.42,109.3,79.178,21.91,225.489,12379
14/11:59:49,11.37,4.42,109.28,79.189,21.91,225.5,12380
14/11:59:49,11.36,4.43,109.28,79.233,21.91,225.511,12381
14/11:59:50,11.42,4.43,109.28,79.277,21.91,225.522,12382
14/11:59:51,11.35,4.44,109.27,79.299,21.9,225.544,12383
14/11:59:51,11.39,4.45,109.27,79.299,21.9,225.544,12384
14/11:59:52,11.37,4.45,109.27,79.464,21.9,225.566,12385
14/11:59:52,11.36,4.46,109.28,79.596,21.9,225.588,12386
14/11:59:53,11.5,4.46,109.3,79.629,21.9,225.599,12387
14/11:59:54,11.15,4.45,109.28,79.64,21.9,225.621,12388
14/11:59:54,11.18,4.44,109.3,79.75,21.9,225.632,12389
14/11:59:55,11.52,4.47,109.3,79.937,21.89,225.654,12390
14/11:59:56,11.46,4.45,109.28,80.058,21.89,225.665,12391
14/11:59:57,11.42,4.45,109.28,80.102,21.89,225.676,12392
14/11:59:57,11.11,4.44,109.3,80.157,21.89,225.687,12393
14/11:59:58,10.91,4.46,109.32,80.245,21.89,225.698,12394
14/11:59:58,10.59,4.45,109.33,80.322,21.89,225.709,12395
14/11:59:59,10.22,4.46,109.36,80.421,21.89,225.72,12396
14/12:00:00,9.97,4.46,109.38,80.432,21.89,225.742,12397
14/12:00:00,9.85,4.46,109.41,80.421,21.89,225.753,12398
14/12:00:01,9.55,4.45,109.44,80.421,21.89,225.764,12399
14/12:00:02,9.37,4.46,109.46,80.465,21.88,225.786,12400
14/12:00:02,9.43,4.45,109.46,80.377,21.88,225.797,12401
14/12:00:03,9.43,4.45,109.46,80.366,21.88,225.808,12402
14/12:00:04,9.51,4.44,109.47,80.344,21.88,225.808,12403
14/12:00:04,9.53,4.44,109.47,80.289,21.88,225.83,12404
14/12:00:05,9.31,4.45,109.47,80.278,21.88,225.841,12405
14/12:00:06,9.34,4.45,109.47,80.278,21.88,225.852,12406
14/12:00:06,9.47,4.44,109.47,80.267,21.88,225.863,12407
14/12:00:07,9.42,4.44,109.49,80.146,21.88,225.885,12408
14/12:00:07,9.28,4.43,109.49,80.146,21.88,225.896,12409
14/12:00:08,9.06,4.43,109.49,80.19,21.88,225.907,12410
14/12:00:09,9.14,4.43,109.5,80.135,21.88,225.929,12411
14/12:00:09,9.41,4.43,109.49,79.992,21.87,225.94,12412
14/12:00:10,9.35,4.46,109.45,79.904,21.87,225.984,12413
14/12:00:11,9.56,4.49,109.47,79.761,21.87,225.995,12414
14/12:00:11,9.36,4.49,109.46,79.761,21.87,226.006,12415
14/12:00:12,9.18,4.5,109.45,79.893,21.87,226.017,12416
14/12:00:12,9.13,4.53,109.47,80.003,21.87,226.028,12417
14/12:00:13,9.6,4.55,109.49,79.805,21.87,226.05,12418
14/12:00:14,9.43,4.54,109.51,79.662,21.87,226.061,12419
14/12:00:14,9.14,4.53,109.5,79.607,21.87,226.072,12420
14/12:00:15,9.1,4.51,109.48,79.684,21.87,226.083,12421
14/12:00:15,9.39,4.52,109.48,79.629,21.86,226.094,12422
14/12:00:16,9.69,4.48,109.48,79.695,21.86,226.116,12423
14/12:00:17,9.48,4.46,109.46,79.673,21.86,226.149,12424
14/12:00:18,9.49,4.46,109.46,79.618,21.86,226.16,12425
14/12:00:19,9.67,4.46,109.47,79.629,21.86,226.171,12426
14/12:00:19,9.7,4.46,109.49,79.541,21.86,226.182,12427
14/12:00:20,9.6,4.46,109.49,79.453,21.86,226.193,12428
14/12:00:21,9.52,4.45,109.49,79.453,21.86,226.204,12429
14/12:00:21,9.3,4.44,109.49,79.321,21.86,226.215,12430
14/12:00:22,9.19,4.42,109.49,79.288,21.86,226.226,12431
14/12:00:22,9.22,4.42,109.49,79.31,21.86,226.237,12432
14/12:00:23,9.24,4.43,109.5,79.266,21.85,226.248,12433
14/12:00:24,9.24,4.43,109.49,79.222,21.85,226.259,12434
14/12:00:24,9.28,4.44,109.47,79.222,21.85,226.27,12435
14/12:00:25,9.31,4.44,109.46,79.178,21.85,226.281,12436
14/12:00:25,9.31,4.45,109.45,79.156,21.85,226.303,12437
14/12:00:26,9.32,4.46,109.45,79.123,21.85,226.314,12438
14/12:00:27,9.4,4.47,109.45,79.156,21.85,226.325,12439
14/12:00:27,9.41,4.48,109.44,79.178,21.85,226.336,12440
14/12:00:28,9.33,4.46,109.45,79.222,21.85,226.347,12441
14/12:00:28,9.11,4.44,109.45,79.211,21.85,226.358,12442
14/12:00:29,8.92,4.43,109.45,79.277,21.85,226.369,12443
14/12:00:30,8.86,4.42,109.45,79.178,21.85,226.38,12444
14/12:00:30,8.99,4.43,109.45,79.035,21.85,226.391,12445
14/12:00:31,9.19,4.42,109.45,79.013,21.85,226.402,12446
14/12:00:32,9.51,4.42,109.44,78.991,21.84,226.424,12447
14/12:00:32,9.79,4.44,109.42,79.024,21.84,226.435,12448
14/12:00:33,10.12,4.44,109.42,79.068,21.84,226.446,12449
14/12:00:33,10.37,4.45,109.42,79.09,21.84,226.457,12450
14/12:00:34,10.32,4.44,109.42,79.079,21.84,226.468,12451
14/12:00:35,10.18,4.42,109.41,79.112,21.84,226.479,12452
14/12:00:35,10.11,4.42,109.41,79.178,21.84,226.49,12453
14/12:00:36,10.19,4.43,109.39,79.222,21.84,226.501,12454
14/12:00:36,10.22,4.42,109.39,79.156,21.84,226.523,12455
14/12:00:37,10.01,4.41,109.39,79.013,21.84,226.534,12456
14/12:00:38,9.71,4.4,109.4,78.98,21.84,226.545,12457
14/12:00:38,9.53,4.4,109.4,78.98,21.83,226.556,12458
14/12:00:39,9.54,4.41,109.4,78.936,21.83,226.567,12459
14/12:00:39,9.67,4.42,109.39,78.881,21.83,226.578,12460
14/12:00:40,9.7,4.42,109.41,78.892,21.83,226.589,12461
14/12:00:41,9.54,4.42,109.42,78.705,21.83,226.611,12462
14/12:00:42,9.11,4.44,109.48,78.265,21.83,226.677,12463
14/12:00:42,8.94,4.44,109.47,78.353,21.83,226.688,12464
14/12:00:43,9.02,4.42,109.47,78.474,21.83,226.699,12465
14/12:00:44,9.17,4.42,109.47,78.485,21.82,226.71,12466
14/12:00:44,9.49,4.43,109.47,78.375,21.82,226.721,12467
14/12:00:45,9.72,4.43,109.46,78.331,21.82,226.743,12468
14/12:00:45,9.79,4.42,109.45,78.188,21.82,226.754,12469
14/12:00:46,9.8,4.43,109.44,78.188,21.82,226.754,12470
14/12:00:47,9.75,4.43,109.44,78.199,21.82,226.776,12471
14/12:00:47,9.76,4.44,109.44,78.199,21.82,226.787,12472
14/12:00:48,9.65,4.45,109.44,78.254,21.82,226.798,12473
14/12:00:48,9.57,4.44,109.43,78.177,21.82,226.809,12474
14/12:00:49,9.48,4.44,109.41,78.111,21.82,226.82,12475
14/12:00:49,9.46,4.44,109.4,78.276,21.82,226.831,12476
14/12:00:50,9.57,4.42,109.33,78.331,21.82,226.853,12477
14/12:00:51,9.73,4.41,109.31,78.408,21.81,226.864,12478
14/12:00:51,9.97,4.4,109.28,78.507,21.81,226.875,12479
14/12:00:52,10.28,4.42,109.26,78.496,21.81,226.886,12480
14/12:00:53,10.6,4.44,109.23,78.606,21.81,226.897,12481
14/12:00:53,10.78,4.44,109.22,78.661,21.81,226.908,12482
14/12:00:54,11.32,4.48,109.21,78.705,21.81,226.93,12483
14/12:00:54,11.77,4.52,109.22,78.716,21.81,226.952,12484
14/12:00:55,11.73,4.54,109.21,78.727,21.81,226.963,12485
14/12:00:56,11.63,4.53,109.2,78.804,21.81,226.974,12486
14/12:00:56,11.6,4.53,109.2,78.859,21.8,226.996,12487
14/12:00:57,11.37,4.53,109.2,78.903,21.8,227.007,12488
14/12:00:57,11.13,4.52,109.2,78.936,21.8,227.018,12489
14/12:00:58,10.9,4.51,109.2,79.057,21.8,227.029,12490
14/12:00:59,10.67,4.5,109.19,79.123,21.8,227.04,12491
14/12:00:59,10.83,4.51,109.19,79.112,21.8,227.051,12492
14/12:01:00,11.02,4.5,109.2,79.112,21.8,227.062,12493
14/12:01:01,11.19,4.5,109.21,79.057,21.8,227.073,12494
14/12:01:01,11.28,4.49,109.2,79.046,21.8,227.084,12495
14/12:01:02,11.55,4.49,109.21,79.068,21.8,227.095,12496
14/12:01:02,11.69,4.49,109.2,79.068,21.79,227.106,12497
14/12:01:03,11.62,4.47,109.23,79.112,21.79,227.117,12498
14/12:01:04,11.35,4.46,109.22,79.244,21.79,227.139,12499
14/12:01:04,11.54,4.45,109.24,79.387,21.79,227.161,12500
14/12:01:05,11.68,4.45,109.22,79.464,21.79,227.172,12501
14/12:01:05,11.55,4.45,109.22,79.508,21.79,227.183,12502
14/12:01:06,11.49,4.44,109.21,79.596,21.79,227.194,12503
14/12:01:07,11.51,4.44,109.19,79.684,21.78,227.205,12504
14/12:01:07,11.37,4.43,109.19,79.761,21.78,227.216,12505
14/12:01:08,11.36,4.42,109.19,79.849,21.78,227.249,12506
14/12:01:08,11.17,4.41,109.19,79.816,21.78,227.26,12507
14/12:01:09,10.85,4.39,109.2,79.75,21.78,227.271,12508
14/12:01:10,10.89,4.39,109.21,79.794,21.78,227.282,12509
14/12:01:10,11.2,4.38,109.2,79.871,21.78,227.293,12510
14/12:01:11,11.26,4.39,109.21,79.783,21.78,227.304,12511
14/12:01:11,11.26,4.39,109.22,79.75,21.78,227.315,12512
14/12:01:12,11.25,4.42,109.2,79.871,21.77,227.348,12513
14/12:01:13,11.26,4.43,109.21,79.827,21.77,227.359,12514
14/12:01:14,11.16,4.44,109.21,79.937,21.77,227.37,12515
14/12:01:14,11.02,4.44,109.22,80.025,21.77,227.381,12516
14/12:01:15,11.28,4.44,109.23,80.036,21.77,227.392,12517
14/12:01:15,11.45,4.45,109.22,79.937,21.77,227.414,12518
14/12:01:16,11.3,4.45,109.22,79.893,21.77,227.425,12519
14/12:01:17,11.12,4.46,109.22,80.003,21.77,227.436,12520
14/12:01:17,11.3,4.35,109.28,80.047,21.76,227.447,12521
14/12:01:18,10.17,3.57,109.95,80.443,21.76,227.48,12522
14/12:01:19,9.8,3.37,110.18,80.333,21.76,227.491,12523
14/12:01:19,9.54,3.22,110.33,80.08,21.76,227.502,12524
14/12:01:20,9.6,3.23,110.32,79.706,21.76,227.513,12525
14/12:01:21,9.55,3.24,110.32,79.453,21.76,227.524,12526
14/12:01:21,10.06,3.64,109.97,79.343,21.76,227.546,12527
14/12:01:22,10.67,3.9,109.72,79.288,21.76,227.557,12528
14/12:01:23,10.99,4.16,109.49,79.167,21.75,227.579,12529
14/12:01:23,11.07,4.36,109.27,79.024,21.75,227.59,12530
14/12:01:24,11.26,4.48,109.16,78.914,21.75,227.601,12531
14/12:01:24,11.42,4.49,109.22,78.826,21.75,227.612,12532
14/12:01:25,11.28,4.21,109.44,78.958,21.75,227.623,12533
14/12:01:26,10.9,3.99,109.68,79.046,21.75,227.634,12534
14/12:01:26,10.6,3.78,109.92,78.903,21.75,227.645,12535
14/12:01:27,10.13,3.5,110.15,78.804,21.75,227.656,12536
14/12:01:27,10.01,3.28,110.38,78.749,21.75,227.667,12537
14/12:01:28,10.2,3.24,110.44,78.496,21.74,227.678,12538
14/12:01:29,10.31,3.24,110.44,78.177,21.74,227.689,12539
14/12:01:29,10.34,3.39,110.34,78.056,21.74,227.7,12540
14/12:01:30,10.43,3.61,110.07,78.155,21.74,227.711,12541
14/12:01:30,10.65,3.87,109.84,78.199,21.74,227.722,12542
14/12:01:31,10.98,4.07,109.64,78.243,21.74,227.733,12543
14/12:01:32,11.24,4.26,109.36,78.298,21.74,227.744,12544
14/12:01:32,11.39,4.47,109.1,78.397,21.74,227.766,12545
14/12:01:33,11.5,4.45,109.06,78.529,21.73,227.788,12546
14/12:01:34,11.83,4.44,109.04,78.65,21.73,227.799,12547
14/12:01:34,12.22,4.45,109.01,78.672,21.73,227.81,12548
14/12:01:35,12.59,4.45,109.0,78.661,21.73,227.821,12549
14/12:01:35,12.8,4.47,109.0,78.705,21.73,227.832,12550
14/12:01:36,12.91,4.47,108.99,78.716,21.73,227.854,12551
14/12:01:37,12.88,4.47,108.99,78.771,21.73,227.865,12552
14/12:01:37,12.93,4.47,108.98,78.892,21.73,227.876,12553
14/12:01:38,12.41,4.47,109.0,79.024,21.72,227.898,12554
14/12:01:38,11.44,4.48,109.05,78.958,21.72,227.92,12555
14/12:01:39,11.39,4.48,109.09,78.958,21.72,227.931,12556
14/12:01:40,11.62,4.5,109.1,79.013,21.72,227.942,12557
14/12:01:40,11.83,4.53,109.09,79.123,21.72,227.953,12558
14/12:01:41,11.8,4.54,109.08,79.222,21.72,227.964,12559
14/12:01:42,12.0,4.54,109.07,79.409,21.72,227.975,12560
14/12:01:42,12.32,4.52,109.05,79.695,21.72,227.986,12561
14/12:01:43,12.64,4.53,109.02,79.816,21.71,227.997,12562
14/12:01:43,13.2,4.55,108.95,79.959,21.71,228.03,12563
14/12:01:44,13.16,4.54,108.95,80.036,21.71,228.041,12564
14/12:01:45,13.41,4.56,108.94,80.146,21.71,228.052,12565
14/12:01:45,13.55,4.59,108.94,80.168,21.71,228.063,12566
14/12:01:46,13.48,4.6,108.94,80.256,21.71,228.085,12567
14/12:01:47,13.46,4.61,108.94,80.498,21.7,228.096,12568
14/12:01:47,13.38,4.61,108.93,80.751,21.7,228.107,12569
14/12:01:48,13.4,4.6,108.92,80.795,21.7,228.118,12570
14/12:01:48,13.41,4.59,108.93,80.916,21.7,228.129,12571
14/12:01:49,13.44,4.6,108.94,81.158,21.7,228.14,12572
14/12:01:50,13.41,4.59,108.96,81.323,21.7,228.151,12573
14/12:01:50,13.28,4.57,108.95,81.389,21.7,228.162,12574
14/12:01:51,13.48,4.57,108.95,81.499,21.7,228.173,12575
14/12:01:51,13.44,4.59,108.95,81.587,21.69,228.184,12576
14/12:01:52,13.18,4.59,108.96,81.653,21.69,228.195,12577
14/12:01:53,13.18,4.59,108.94,81.697,21.69,228.206,12578
14/12:01:53,13.5,4.61,108.92,81.741,21.69,228.217,12579
14/12:01:54,13.41,4.61,108.91,81.774,21.69,228.239,12580
14/12:01:55,13.3,4.59,108.89,81.851,21.69,228.25,12581
14/12:01:55,13.51,4.57,108.9,81.983,21.69,228.261,12582
14/12:01:56,13.32,4.56,108.91,82.016,21.68,228.272,12583
14/12:01:56,13.57,4.54,108.89,82.335,21.68,228.294,12584
14/12:01:57,12.81,4.52,108.94,82.346,21.68,228.305,12585
14/12:01:58,11.54,4.51,109.05,82.093,21.68,228.316,12586
14/12:01:58,9.97,4.52,109.17,81.774,21.68,228.349,12587
14/12:01:59,9.35,4.54,109.23,81.631,21.68,228.371,12588
14/12:01:59,8.67,4.54,109.31,81.477,21.68,228.382,12589
14/12:02:00,7.87,4.55,109.37,81.4,21.67,228.393,12590
14/12:02:01,7.81,4.55,109.42,81.323,21.67,228.404,12591
14/12:02:01,7.63,4.54,109.43,81.323,21.67,228.415,12592
14/12:02:02,7.87,4.53,109.43,81.323,21.67,228.426,12593
14/12:02:02,7.72,4.51,109.44,81.158,21.67,228.448,12594
14/12:02:03,7.78,4.5,109.45,81.103,21.67,228.459,12595
14/12:02:04,8.08,4.49,109.43,81.048,21.67,228.47,12596
14/12:02:04,8.01,4.49,109.44,80.861,21.67,228.481,12597
14/12:02:05,7.89,4.48,109.43,80.795,21.67,228.503,12598
14/12:02:06,7.85,4.48,109.45,80.74,21.67,228.514,12599
14/12:02:06,7.82,4.48,109.47,80.674,21.67,228.525,12600
14/12:02:07,7.81,4.48,109.47,80.564,21.67,228.536,12601
14/12:02:07,7.78,4.48,109.47,80.564,21.67,228.547,12602
14/12:02:08,7.6,4.49,109.49,80.454,21.67,228.569,12603
14/12:02:08,7.5,4.49,109.49,80.3,21.67,228.58,12604
14/12:02:09,7.56,4.5,109.48,80.223,21.67,228.591,12605
14/12:02:10,7.79,4.52,109.48,80.245,21.67,228.602,12606
14/12:02:10,7.7,4.53,109.48,80.223,21.67,228.613,12607
14/12:02:11,7.68,4.54,109.49,80.08,21.66,228.624,12608
14/12:02:12,7.7,4.55,109.48,79.97,21.66,228.635,12609
14/12:02:12,7.72,4.55,109.48,79.893,21.66,228.657,12610
14/12:02:13,7.73,4.56,109.5,79.739,21.66,228.668,12611
14/12:02:13,7.73,4.56,109.5,79.618,21.66,228.679,12612
14/12:02:14,7.66,4.55,109.52,79.541,21.66,228.734,12613
14/12:02:15,7.35,4.54,109.52,79.563,21.66,228.745,12614
14/12:02:16,7.34,4.55,109.5,79.596,21.66,228.756,12615
14/12:02:16,7.54,4.55,109.5,79.651,21.66,228.767,12616
14/12:02:17,7.76,4.56,109.51,79.563,21.66,228.778,12617
14/12:02:18,7.67,4.55,109.52,79.398,21.66,228.789,12618
14/12:02:18,7.42,4.55,109.5,79.365,21.66,228.8,12619
14/12:02:19,7.4,4.55,109.5,79.398,21.66,228.811,12620
14/12:02:20,7.63,4.56,109.51,79.321,21.66,228.822,12621
14/12:02:20,7.84,4.56,109.5,79.123,21.66,228.833,12622
14/12:02:21,7.81,4.56,109.52,78.969,21.66,228.844,12623
14/12:02:21,7.56,4.55,109.51,78.969,21.66,228.866,12624
14/12:02:22,7.4,4.55,109.5,78.969,21.66,228.877,12625
14/12:02:23,7.61,4.54,109.49,78.892,21.65,228.888,12626
14/12:02:23,7.89,4.55,109.5,78.815,21.65,228.899,12627
14/12:02:24,7.84,4.55,109.5,78.705,21.65,228.921,12628
14/12:02:25,7.67,4.55,109.5,78.683,21.65,228.932,12629
14/12:02:25,7.68,4.54,109.5,78.672,21.65,228.954,12630
14/12:02:26,7.74,4.54,109.49,78.639,21.65,228.965,12631
14/12:02:26,7.96,4.55,109.46,78.694,21.65,228.976,12632
14/12:02:27,8.43,4.53,109.43,78.76,21.65,228.987,12633
14/12:02:27,8.73,4.53,109.4,78.815,21.65,228.998,12634
14/12:02:28,8.99,4.52,109.36,78.793,21.65,229.009,12635
14/12:02:29,9.38,4.53,109.33,78.87,21.65,229.02,12636
14/12:02:29,9.71,4.53,109.28,78.936,21.65,229.031,12637
14/12:02:30,10.24,4.54,109.26,78.969,21.65,229.042,12638
14/12:02:31,10.63,4.53,109.22,78.914,21.65,229.064,12639
14/12:02:31,10.23,4.54,109.23,78.859,21.64,229.075,12640
14/12:02:32,10.09,4.53,109.24,78.87,21.64,229.086,12641
14/12:02:33,10.05,4.53,109.23,78.914,21.64,229.097,12642
14/12:02:33,10.07,4.53,109.23,78.914,21.64,229.108,12643
14/12:02:34,10.03,4.54,109.24,78.925,21.64,229.13,12644
14/12:02:34,10.15,4.56,109.25,78.826,21.64,229.163,12645
14/12:02:35,10.25,4.56,109.24,78.771,21.64,229.174,12646
14/12:02:36,10.15,4.56,109.26,78.771,21.64,229.196,12647
14/12:02:36,10.19,4.57,109.26,78.804,21.64,229.207,12648
14/12:02:37,10.26,4.59,109.26,78.859,21.63,229.218,12649
14/12:02:37,10.39,4.59,109.27,78.903,21.63,229.229,12650
14/12:02:38,10.47,4.59,109.27,78.881,21.63,229.24,12651
14/12:02:39,10.5,4.57,109.27,78.947,21.63,229.251,12652
14/12:02:39,10.62,4.56,109.24,78.947,21.63,229.262,12653
14/12:02:40,10.88,4.57,109.2,78.969,21.63,229.273,12654
14/12:02:41,11.06,4.56,109.18,79.112,21.63,229.284,12655
14/12:02:41,11.43,4.56,109.15,79.145,21.63,229.295,12656
14/12:02:42,11.78,4.56,109.14,79.211,21.63,229.306,12657
14/12:02:42,11.81,4.56,109.13,79.244,21.63,229.317,12658
14/12:02:43,11.7,4.56,109.11,79.343,21.63,229.328,12659
14/12:02:44,11.78,4.56,109.09,79.398,21.62,229.35,12660
14/12:02:44,11.81,4.56,109.1,79.398,21.62,229.361,12661
14/12:02:45,12.09,4.56,109.1,79.497,21.62,229.383,12662
14/12:02:46,11.78,4.57,109.07,79.552,21.62,229.416,12663
14/12:02:47,12.06,4.59,109.07,79.464,21.62,229.427,12664
14/12:02:48,12.12,4.59,109.05,79.277,21.61,229.46,12665
14/12:02:48,11.88,4.6,109.04,79.222,21.61,229.471,12666
14/12:02:49,11.8,4.6,109.03,79.244,21.61,229.482,12667
14/12:02:50,12.01,4.6,109.03,79.255,21.61,229.493,12668
14/12:02:50,12.11,4.61,109.04,79.134,21.61,229.515,12669
14/12:02:51,11.78,4.6,109.05,79.09,21.61,229.526,12670
14/12:02:52,11.55,4.6,109.06,79.222,21.61,229.537,12671
14/12:02:52,11.8,4.59,109.04,79.354,21.6,229.57,12672
14/12:02:53,11.57,4.6,109.07,79.233,21.6,229.581,12673
14/12:02:54,11.2,4.6,109.07,79.255,21.6,229.592,12674
14/12:02:54,10.8,4.59,109.07,79.409,21.6,229.603,12675
14/12:02:55,10.84,4.6,109.1,79.552,21.6,229.614,12676
14/12:02:56,10.37,4.44,109.37,79.827,21.6,229.636,12677
14/12:02:56,9.66,4.23,109.61,80.124,21.6,229.647,12678
14/12:02:57,9.17,4.07,109.88,80.476,21.6,229.658,12679
14/12:02:58,8.92,3.88,110.12,80.63,21.6,229.669,12680
14/12:02:58,8.6,3.68,110.38,80.63,21.59,229.68,12681
14/12:02:59,8.28,3.48,110.62,80.608,21.59,229.691,12682
14/12:03:00,7.93,3.28,110.84,80.542,21.59,229.702,12683
14/12:03:00,7.6,3.28,110.85,80.168,21.59,229.713,12684
14/12:03:01,7.16,3.45,110.69,79.992,21.59,229.724,12685
14/12:03:01,6.34,3.81,110.38,79.596,21.59,229.757,12686
14/12:03:02,5.91,3.99,110.18,79.409,21.59,229.768,12687
14/12:03:03,5.5,4.2,110.03,79.178,21.59,229.779,12688
14/12:03:03,4.82,4.32,109.98,78.881,21.59,229.79,12689
14/12:03:04,3.74,4.28,110.12,78.87,21.59,229.801,12690
14/12:03:05,2.76,4.08,110.46,78.804,21.59,229.812,12691
14/12:03:05,2.36,3.86,110.74,78.551,21.59,229.823,12692
14/12:03:06,1.88,3.68,111.0,78.166,21.59,229.834,12693
14/12:03:07,1.28,3.51,111.27,77.792,21.59,229.845,12694
14/12:03:07,0.71,3.27,111.59,77.407,21.59,229.856,12695
14/12:03:08,0.19,3.08,111.84,77.077,21.59,229.867,12696
14/12:03:09,0.0,3.04,111.96,76.318,21.59,229.889,12697
14/12:03:09,0.05,3.27,111.71,75.471,21.59,229.911,12698
14/12:03:10,0.12,3.44,111.51,74.888,21.59,229.922,12699
14/12:03:10,0.17,3.63,111.28,74.503,21.59,229.933,12700
14/12:03:11,0.23,3.81,111.06,74.162,21.59,229.944,12701
14/12:03:12,0.28,3.98,110.85,73.887,21.6,229.955,12702
14/12:03:12,0.35,4.15,110.63,73.546,21.6,229.966,12703
14/12:03:13,0.43,4.32,110.4,73.106,21.6,229.977,12704
14/12:03:13,0.55,4.48,110.2,72.776,21.6,229.988,12705
14/12:03:14,0.56,4.37,110.3,72.512,21.6,229.999,12706
14/12:03:15,1.28,4.04,110.7,72.171,21.6,230.021,12707
14/12:03:15,1.77,3.84,110.87,71.885,21.6,230.032,12708
14/12:03:16,2.23,3.66,111.0,71.599,21.6,230.043,12709
14/12:03:16,2.74,3.5,111.16,71.423,21.6,230.054,12710
14/12:03:17,3.65,3.14,111.47,71.137,21.6,230.076,12711
14/12:03:18,4.16,3.14,111.47,71.06,21.6,230.076,12712
14/12:03:18,4.18,3.06,111.43,70.774,21.6,230.109,12713
14/12:03:19,4.56,3.21,111.25,70.521,21.6,230.12,12714
14/12:03:20,4.71,3.38,111.04,70.279,21.6,230.131,12715
14/12:03:20,5.12,3.56,110.84,70.136,21.6,230.142,12716
14/12:03:21,5.31,3.71,110.64,70.026,21.6,230.153,12717
14/12:03:22,5.71,3.88,110.4,70.026,21.6,230.164,12718
14/12:03:22,6.04,4.1,110.18,70.048,21.6,230.175,12719
14/12:03:23,6.32,4.32,109.96,70.114,21.6,230.186,12720
14/12:03:23,6.71,4.52,109.73,70.07,21.6,230.197,12721
14/12:03:24,6.72,4.56,109.69,70.015,21.6,230.208,12722
14/12:03:25,7.12,4.56,109.65,70.07,21.6,230.208,12723
14/12:03:25,7.83,4.59,109.57,70.213,21.6,230.23,12724
14/12:03:26,8.63,4.61,109.51,70.455,21.6,230.23,12725
14/12:03:26,9.31,4.62,109.42,70.686,21.59,230.241,12726
14/12:03:27,10.28,4.65,109.34,70.906,21.59,230.252,12727
14/12:03:28,11.25,4.67,109.25,71.049,21.59,230.263,12728
14/12:03:28,12.14,4.66,109.15,71.258,21.59,230.274,12729
14/12:03:29,13.1,4.67,109.05,71.401,21.59,230.285,12730
14/12:03:29,13.92,4.69,109.0,71.544,21.59,230.296,12731
14/12:03:30,14.3,4.7,108.96,71.72,21.59,230.307,12732
14/12:03:31,14.53,4.69,108.93,71.973,21.59,230.318,12733
14/12:03:31,14.85,4.71,108.91,72.171,21.59,230.329,12734
14/12:03:32,14.72,4.7,108.91,72.413,21.57,230.34,12735
14/12:03:33,14.96,4.68,108.9,72.655,21.57,230.351,12736
14/12:03:33,14.96,4.71,108.89,72.864,21.57,230.362,12737
14/12:03:34,14.9,4.62,109.06,73.183,21.57,230.373,12738
14/12:03:34,14.54,4.51,109.23,73.623,21.57,230.384,12739
14/12:03:35,14.45,4.39,109.4,73.942,21.57,230.395,12740
14/12:03:35,14.28,4.24,109.63,74.162,21.56,230.406,12741
14/12:03:36,13.99,4.12,109.76,74.327,21.56,230.417,12742
14/12:03:37,13.87,4.03,109.92,74.459,21.56,230.428,12743
14/12:03:37,13.74,3.9,110.09,74.624,21.56,230.439,12744
14/12:03:38,13.6,3.76,110.27,74.932,21.56,230.45,12745
14/12:03:39,13.35,3.65,110.28,75.262,21.56,230.472,12746
14/12:03:39,13.12,3.66,110.27,75.284,21.56,230.483,12747
14/12:03:40,13.21,3.79,110.06,75.328,21.56,230.494,12748
14/12:03:40,13.56,3.92,109.92,75.35,21.56,230.505,12749
14/12:03:41,13.84,4.04,109.72,75.57,21.56,230.516,12750
14/12:03:42,14.03,4.37,109.3,75.944,21.56,230.527,12751
14/12:03:42,14.3,4.52,109.1,76.087,21.56,230.549,12752
14/12:03:43,14.79,4.69,108.86,76.208,21.55,230.56,12753
14/12:03:43,15.25,4.75,108.73,76.296,21.55,230.571,12754
14/12:03:44,15.45,4.75,108.71,76.406,21.55,230.582,12755
14/12:03:45,15.67,4.76,108.66,76.45,21.55,230.593,12756
14/12:03:45,15.88,4.76,108.63,76.648,21.55,230.604,12757
14/12:03:46,16.25,4.75,108.57,76.923,21.55,230.615,12758
14/12:03:47,16.77,4.79,108.55,77.0,21.55,230.626,12759
14/12:03:47,17.13,4.81,108.51,77.033,21.54,230.637,12760
14/12:03:48,17.19,4.82,108.48,77.121,21.54,230.648,12761
14/12:03:48,17.46,4.82,108.47,77.275,21.54,230.67,12762
14/12:03:49,17.49,4.42,108.98,78.914,21.52,230.747,12763
14/12:03:50,17.66,4.32,109.12,79.101,21.52,230.758,12764
14/12:03:51,17.68,4.21,109.26,79.31,21.52,230.769,12765
14/12:03:51,17.71,4.1,109.4,79.53,21.52,230.78,12766
14/12:03:52,17.6,4.0,109.55,79.86,21.52,230.791,12767
14/12:03:53,17.61,3.88,109.67,80.256,21.51,230.802,12768
14/12:03:53,17.73,3.85,109.64,80.608,21.51,230.813,12769
14/12:03:54,17.8,3.87,109.61,80.927,21.51,230.835,12770
14/12:03:54,17.78,3.91,109.6,81.444,21.51,230.846,12771
14/12:03:55,17.7,3.91,109.62,81.708,21.51,230.857,12772
14/12:03:56,17.75,3.91,109.66,82.016,21.5,230.868,12773
14/12:03:56,17.95,3.9,109.7,82.379,21.5,230.879,12774
14/12:03:57,17.91,3.89,109.73,82.83,21.5,230.89,12775
14/12:03:57,17.87,3.89,109.75,83.083,21.5,230.901,12776
14/12:03:58,17.96,3.99,109.69,83.248,21.5,230.912,12777
14/12:03:59,18.2,4.08,109.52,83.226,21.49,230.923,12778
14/12:03:59,18.28,4.16,109.34,83.171,21.49,230.934,12779
14/12:04:00,18.37,4.26,109.15,83.402,21.49,230.945,12780
14/12:04:00,18.56,4.5,108.76,83.864,21.49,230.978,12781
14/12:04:01,18.67,4.61,108.55,84.106,21.48,230.989,12782
14/12:04:02,18.79,4.73,108.36,84.227,21.48,231.0,12783
14/12:04:02,18.82,4.8,108.24,84.392,21.48,231.011,12784
14/12:04:03,18.6,4.83,108.26,84.557,21.48,231.022,12785
14/12:04:03,17.44,4.82,108.34,84.623,21.48,231.033,12786
14/12:04:04,13.83,4.82,108.66,84.249,21.47,231.066,12787
14/12:04:05,11.53,4.83,108.83,83.941,21.47,231.077,12788
14/12:04:05,9.41,4.82,109.06,83.6,21.47,231.088,12789
14/12:04:06,7.17,4.81,109.27,83.182,21.47,231.099,12790
14/12:04:07,4.8,4.79,109.48,82.808,21.47,231.11,12791
14/12:04:07,2.62,4.77,109.69,82.456,21.47,231.121,12792
14/12:04:08,1.55,4.76,109.84,82.049,21.47,231.132,12793
14/12:04:08,1.05,4.75,109.9,81.73,21.47,231.143,12794
14/12:04:09,0.46,4.72,109.99,80.993,21.47,231.165,12795
14/12:04:10,0.46,4.71,110.01,80.663,21.47,231.176,12796
14/12:04:10,0.46,4.72,110.02,80.421,21.47,231.198,12797
14/12:04:11,0.46,4.72,110.03,80.058,21.47,231.209,12798
14/12:04:11,0.46,4.72,110.04,79.816,21.47,231.22,12799
14/12:04:12,0.46,4.72,110.05,79.717,21.48,231.231,12800
14/12:04:13,0.46,4.72,110.06,79.552,21.48,231.242,12801
14/12:04:13,0.47,4.73,110.07,79.299,21.48,231.253,12802
14/12:04:14,0.47,4.74,110.08,79.167,21.48,231.264,12803
14/12:04:15,0.47,4.74,110.08,79.024,21.48,231.275,12804
14/12:04:15,0.47,4.77,110.09,78.485,21.48,231.297,12805
14/12:04:16,0.46,4.79,110.09,78.199,21.48,231.308,12806
14/12:04:16,0.46,4.81,110.09,77.847,21.48,231.308,12807
14/12:04:17,0.41,4.75,110.28,77.737,21.48,231.33,12808
14/12:04:18,0.19,4.44,110.99,76.846,21.48,231.374,12809
14/12:04:18,0.08,4.26,111.38,76.318,21.48,231.396,12810
14/12:04:19,0.0,4.11,111.62,75.691,21.49,231.418,12811
14/12:04:20,0.0,4.11,111.62,75.339,21.49,231.429,12812
14/12:04:20,0.0,4.09,111.65,74.822,21.49,231.451,12813
14/12:04:21,0.0,4.07,111.64,74.349,21.49,231.462,12814
14/12:04:22,0.0,4.05,111.68,74.03,21.49,231.473,12815
14/12:04:22,0.0,4.02,111.68,73.678,21.49,231.484,12816
14/12:04:23,0.05,4.08,111.6,73.117,21.49,231.495,12817
14/12:04:24,0.1,4.17,111.42,72.479,21.49,231.506,12818
14/12:04:24,0.16,4.27,111.21,72.028,21.49,231.517,12819
14/12:04:25,0.22,4.38,111.04,71.709,21.49,231.528,12820
14/12:04:25,0.28,4.47,110.87,71.39,21.49,231.539,12821
14/12:04:26,0.41,4.7,110.48,70.675,21.49,231.55,12822
14/12:04:27,0.51,4.82,110.3,70.367,21.49,231.561,12823
14/12:04:28,0.77,4.85,110.23,69.971,21.49,231.572,12824
14/12:04:28,2.17,4.84,110.12,69.861,21.49,231.583,12825
14/12:04:29,7.59,4.77,109.65,70.158,21.49,231.616,12826
14/12:04:30,9.83,4.76,109.44,70.466,21.49,231.616,12827
14/12:04:30,11.79,4.77,109.26,70.763,21.49,231.627,12828
14/12:04:31,13.05,4.77,109.11,70.95,21.49,231.649,12829
14/12:04:32,13.83,4.77,109.0,71.093,21.49,231.66,12830
14/12:04:32,12.64,4.76,109.04,71.071,21.49,231.682,12831
14/12:04:33,10.26,4.78,109.23,70.961,21.49,231.704,12832
14/12:04:34,9.2,4.79,109.33,70.862,21.49,231.704,12833
14/12:04:35,8.02,4.75,109.49,70.796,21.48,231.726,12834
14/12:04:35,8.12,4.75,109.47,70.95,21.48,231.737,12835
14/12:04:37,10.34,4.76,109.31,71.467,21.48,231.77,12836
14/12:04:38,11.05,4.76,109.24,71.654,21.48,231.781,12837
14/12:04:38,12.42,4.79,109.09,72.006,21.48,231.803,12838
14/12:04:39,12.64,4.81,109.05,72.237,21.48,231.814,12839
14/12:04:40,12.47,4.81,109.05,72.413,21.48,231.825,12840
14/12:04:41,12.17,4.85,109.07,72.512,21.48,231.836,12841
14/12:04:41,11.84,4.83,109.1,72.567,21.47,231.847,12842
14/12:04:42,11.41,4.84,109.13,72.6,21.47,231.858,12843
14/12:04:43,10.97,4.84,109.15,72.523,21.47,231.869,12844
14/12:04:44,10.82,4.82,109.17,72.611,21.47,231.88,12845
14/12:04:44,10.57,4.81,109.2,72.732,21.47,231.891,12846
14/12:04:45,10.49,4.65,109.41,73.029,21.47,231.902,12847
14/12:04:46,10.2,4.3,109.79,73.458,21.47,231.924,12848
14/12:04:46,10.37,4.14,109.98,73.623,21.47,231.935,12849
14/12:04:47,10.32,3.97,110.17,73.821,21.47,231.946,12850
14/12:04:48,10.32,3.86,110.31,73.898,21.47,231.957,12851
14/12:04:49,10.62,3.88,110.3,73.832,21.46,231.968,12852
14/12:04:49,10.52,3.87,110.28,73.788,21.46,231.968,12853
14/12:04:50,11.02,4.04,110.04,73.909,21.46,231.99,12854
14/12:04:51,11.82,4.2,109.81,73.997,21.46,231.99,12855
14/12:04:51,12.3,4.4,109.54,74.14,21.46,232.001,12856
14/12:04:52,12.65,4.57,109.3,74.272,21.46,232.012,12857
14/12:04:53,13.41,4.75,109.07,74.382,21.46,232.023,12858
14/12:04:53,13.92,4.83,108.92,74.547,21.46,232.034,12859
14/12:04:54,14.07,4.85,108.88,74.712,21.46,232.045,12860
14/12:04:55,14.39,4.86,108.88,74.91,21.45,232.056,12861
14/12:04:55,14.3,4.85,108.86,75.075,21.45,232.067,12862
14/12:04:56,13.84,4.83,108.9,76.296,21.44,232.166,12863
14/12:04:57,13.62,4.85,108.94,76.362,21.44,232.188,12864
14/12:04:58,12.96,4.84,109.02,76.428,21.44,232.199,12865
14/12:04:58,12.28,4.83,109.08,76.45,21.44,232.199,12866
14/12:04:59,11.41,4.82,109.18,76.329,21.44,232.21,12867
14/12:05:00,10.42,4.8,109.28,76.307,21.43,232.232,12868
14/12:05:00,9.25,4.77,109.37,76.241,21.43,232.243,12869
14/12:05:01,8.51,4.76,109.45,76.109,21.43,232.254,12870
14/12:05:02,8.24,4.75,109.5,76.054,21.43,232.265,12871
14/12:05:03,8.14,4.74,109.51,76.109,21.43,232.276,12872
14/12:05:03,8.26,4.74,109.49,76.186,21.43,232.287,12873
14/12:05:04,8.39,4.75,109.44,76.197,21.43,232.298,12874
14/12:05:05,9.03,4.77,109.35,76.23,21.43,232.32,12875
14/12:05:06,9.42,4.79,109.31,76.175,21.43,232.331,12876
14/12:05:06,9.6,4.8,109.25,76.131,21.43,232.342,12877
14/12:05:07,9.21,4.81,109.25,76.131,21.43,232.364,12878
14/12:05:08,9.18,4.84,109.25,76.153,21.43,232.386,12879
14/12:05:08,9.4,4.85,109.25,76.208,21.43,232.397,12880
14/12:05:09,9.66,4.86,109.25,76.384,21.42,232.408,12881
14/12:05:10,9.83,4.88,109.23,76.516,21.42,232.441,12882
14/12:05:11,9.91,4.88,109.23,76.549,21.42,232.452,12883
14/12:05:11,9.85,4.89,109.23,76.593,21.42,232.463,12884
14/12:05:12,9.56,4.88,109.21,76.626,21.42,232.485,12885
14/12:05:13,9.48,4.87,109.22,76.527,21.42,232.496,12886
14/12:05:13,9.38,4.74,109.2,76.571,21.42,232.507,12887
14/12:05:14,9.32,4.72,109.19,76.571,21.42,232.518,12888
14/12:05:15,9.34,4.73,109.2,76.604,21.42,232.54,12889
14/12:05:15,9.42,4.75,109.21,76.56,21.42,232.551,12890
14/12:05:16,9.48,4.77,109.21,76.516,21.42,232.562,12891
14/12:05:17,9.5,4.78,109.21,76.428,21.41,232.573,12892
14/12:05:17,9.53,4.79,109.21,76.395,21.41,232.584,12893
14/12:05:18,9.6,4.95,109.22,76.428,21.41,232.595,12894
14/12:05:19,9.68,4.99,109.22,76.439,21.41,232.606,12895
14/12:05:20,9.71,5.0,109.22,76.384,21.41,232.617,12896
14/12:05:20,9.75,5.01,109.21,76.505,21.41,232.628,12897
14/12:05:21,9.81,5.0,109.22,76.571,21.41,232.639,12898
14/12:05:22,9.9,4.99,109.22,76.516,21.41,232.65,12899
14/12:05:22,10.03,4.99,109.22,76.461,21.41,232.661,12900
14/12:05:23,10.22,4.98,109.23,76.417,21.41,232.672,12901
14/12:05:24,10.39,4.98,109.23,76.45,21.41,232.683,12902
14/12:05:24,10.59,4.97,109.24,76.472,21.41,232.694,12903
14/12:05:25,10.68,4.95,109.23,76.494,21.41,232.705,12904
14/12:05:26,10.79,4.96,109.23,76.571,21.4,232.716,12905
14/12:05:26,10.86,4.96,109.23,76.56,21.4,232.716,12906
14/12:05:27,10.92,4.97,109.22,76.527,21.4,232.727,12907
14/12:05:28,10.76,4.99,109.23,76.626,21.4,232.749,12908
14/12:05:28,10.61,5.0,109.22,76.648,21.4,232.76,12909
14/12:05:29,10.41,4.98,109.22,76.67,21.4,232.771,12910
14/12:05:30,10.35,4.99,109.24,76.593,21.4,232.782,12911
14/12:05:30,10.18,4.99,109.24,76.516,21.4,232.793,12912
14/12:05:31,9.66,4.92,109.23,76.164,21.39,232.914,12913
14/12:05:32,10.06,4.92,109.23,76.12,21.39,232.936,12914
14/12:05:33,10.23,4.92,109.22,76.131,21.39,232.947,12915
14/12:05:34,10.28,4.91,109.22,76.087,21.39,232.969,12916
14/12:05:35,10.26,4.92,109.22,76.131,21.39,232.969,12917
14/12:05:35,10.21,4.91,109.2,76.153,21.39,232.98,12918
14/12:05:36,9.98,4.9,109.2,76.054,21.39,232.991,12919
14/12:05:37,9.68,4.89,109.21,76.043,21.39,233.013,12920
14/12:05:38,9.44,4.88,109.21,75.999,21.38,233.024,12921
14/12:05:38,9.38,4.89,109.2,76.032,21.38,233.035,12922
14/12:05:39,9.5,4.9,109.2,76.065,21.38,233.046,12923
14/12:05:40,9.65,4.9,109.2,76.065,21.38,233.057,12924
14/12:05:41,9.92,4.89,109.2,75.988,21.38,233.068,12925
14/12:05:41,10.16,4.9,109.22,76.032,21.38,233.079,12926
14/12:05:42,10.72,4.9,109.24,76.351,21.38,233.101,12927
14/12:05:43,10.93,4.9,109.24,76.439,21.38,233.112,12928
14/12:05:43,11.05,4.88,109.25,76.483,21.38,233.123,12929
14/12:05:44,11.09,4.86,109.24,76.461,21.38,233.134,12930
14/12:05:45,11.04,4.85,109.23,76.516,21.38,233.145,12931
14/12:05:46,11.0,4.86,109.24,76.67,21.38,233.156,12932
14/12:05:46,11.03,4.86,109.23,76.857,21.37,233.167,12933
14/12:05:47,11.02,4.86,109.23,76.956,21.37,233.178,12934
14/12:05:48,11.13,4.84,109.22,77.022,21.37,233.189,12935
14/12:05:48,11.09,4.84,109.22,76.934,21.37,233.2,12936
14/12:05:49,10.91,4.84,109.21,76.912,21.37,233.211,12937
14/12:05:50,10.7,4.83,109.21,77.055,21.37,233.222,12938
14/12:05:51,10.62,4.84,109.2,77.198,21.37,233.233,12939
14/12:05:51,10.08,4.83,109.19,77.286,21.37,233.255,12940
14/12:05:52,9.84,4.85,109.2,77.308,21.37,233.266,12941
14/12:05:53,9.52,4.85,109.2,77.33,21.37,233.277,12942
14/12:05:54,9.37,4.84,109.19,77.352,21.36,233.288,12943
14/12:05:54,9.34,4.84,109.19,77.451,21.36,233.299,12944
14/12:05:55,9.42,4.83,109.19,77.605,21.36,233.321,12945
14/12:05:56,9.62,4.83,109.2,77.616,21.36,233.332,12946
14/12:05:57,9.8,4.83,109.2,77.682,21.36,233.343,12947
14/12:05:57,10.07,4.82,109.19,77.748,21.36,233.354,12948
14/12:05:58,10.35,4.83,109.19,77.847,21.36,233.365,12949
14/12:05:59,10.54,4.83,109.2,77.979,21.36,233.376,12950
14/12:06:00,10.54,4.82,109.22,78.078,21.36,233.387,12951
14/12:06:00,10.18,4.82,109.25,78.1,21.36,233.398,12952
14/12:06:01,9.77,4.82,109.31,78.034,21.36,233.409,12953
14/12:06:02,8.99,4.81,109.36,77.935,21.36,233.42,12954
14/12:06:03,7.9,4.81,109.43,77.847,21.36,233.431,12955
14/12:06:03,7.06,4.78,109.51,77.693,21.35,233.442,12956
14/12:06:04,6.73,4.77,109.54,77.616,21.35,233.453,12957
14/12:06:05,6.09,4.76,109.56,77.627,21.35,233.475,12958
14/12:06:05,5.45,4.74,109.6,77.594,21.35,233.486,12959
14/12:06:06,4.8,4.72,109.6,77.528,21.35,233.508,12960
14/12:06:07,4.95,4.7,109.57,77.275,21.35,233.53,12961
14/12:06:07,4.8,4.71,109.56,77.253,21.35,233.541,12962
14/12:06:08,5.31,4.72,109.7,75.922,21.35,233.706,12963
14/12:06:09,5.69,4.72,109.71,75.944,21.35,233.717,12964
14/12:06:10,5.9,4.72,109.72,75.944,21.35,233.728,12965
14/12:06:10,6.06,4.72,109.7,75.988,21.35,233.739,12966
14/12:06:11,6.06,4.68,109.7,75.966,21.35,233.75,12967
14/12:06:12,5.92,4.69,109.68,75.933,21.35,233.761,12968
14/12:06:12,5.68,4.66,109.68,75.779,21.35,233.772,12969
14/12:06:13,5.51,4.66,109.67,75.735,21.35,233.783,12970
14/12:06:14,5.33,4.66,109.68,75.801,21.35,233.794,12971
14/12:06:15,5.15,4.67,109.68,75.867,21.35,233.805,12972
14/12:06:15,4.95,4.67,109.68,75.867,21.35,233.816,12973
14/12:06:16,4.82,4.68,109.68,75.812,21.35,233.816,12974
14/12:06:17,4.83,4.68,109.69,75.823,21.35,233.827,12975
14/12:06:17,4.91,4.7,109.69,75.856,21.35,233.849,12976
14/12:06:18,4.98,4.68,109.7,75.878,21.35,233.86,12977
14/12:06:19,5.02,4.69,109.7,76.032,21.35,233.882,12978
14/12:06:20,5.08,4.7,109.7,76.01,21.35,233.893,12979
14/12:06:20,5.07,4.7,109.71,75.933,21.35,233.904,12980
14/12:06:21,5.13,4.71,109.71,75.845,21.35,233.915,12981
14/12:06:22,5.16,4.72,109.7,75.845,21.35,233.926,12982
14/12:06:22,5.06,4.72,109.71,75.812,21.35,233.937,12983
14/12:06:23,4.95,4.74,109.7,75.724,21.35,233.948,12984
14/12:06:24,4.85,4.75,109.72,75.636,21.35,233.959,12985
14/12:06:25,4.98,4.76,109.73,75.559,21.35,233.97,12986
14/12:06:25,5.33,4.76,109.73,75.625,21.35,233.981,12987
14/12:06:26,5.77,4.78,109.71,75.68,21.35,233.992,12988
14/12:06:27,5.96,4.78,109.69,75.724,21.35,234.003,12989
14/12:06:27,6.36,4.79,109.64,75.735,21.35,234.025,12990
14/12:06:28,6.45,4.79,109.64,75.68,21.35,234.036,12991
14/12:06:29,6.43,4.77,109.6,75.658,21.35,234.047,12992
14/12:06:29,6.34,4.76,109.57,75.702,21.35,234.058,12993
14/12:06:30,6.26,4.76,109.57,75.735,21.35,234.069,12994
14/12:06:31,6.37,4.76,109.57,75.68,21.35,234.08,12995
14/12:06:32,6.59,4.76,109.57,75.537,21.35,234.091,12996
14/12:06:32,6.78,4.77,109.59,75.449,21.35,234.102,12997
14/12:06:33,6.87,4.77,109.6,75.416,21.35,234.113,12998
14/12:06:34,6.94,4.77,109.57,75.405,21.35,234.124,12999
14/12:06:35,6.95,4.77,109.6,75.339,21.35,234.135,13000
14/12:06:35,6.71,4.77,109.59,75.262,21.35,234.157,13001
14/12:06:36,6.56,4.77,109.59,75.064,21.35,234.168,13002
14/12:06:37,6.48,4.77,109.57,75.02,21.35,234.179,13003
14/12:06:37,6.44,4.77,109.56,74.965,21.35,234.19,13004
14/12:06:38,6.41,4.76,109.56,74.866,21.35,234.201,13005
14/12:06:39,6.38,4.76,109.56,74.778,21.35,234.212,13006
14/12:06:40,6.41,4.76,109.6,74.756,21.35,234.223,13007
14/12:06:40,6.84,4.78,109.6,74.613,21.35,234.245,13008
14/12:06:41,6.88,4.77,109.6,74.613,21.35,234.256,13009
14/12:06:42,6.79,4.76,109.61,74.624,21.35,234.267,13010
14/12:06:42,6.69,4.76,109.62,74.547,21.35,234.278,13011
14/12:06:43,6.86,4.76,109.63,74.404,21.34,234.289,13012
14/12:06:44,10.23,4.8,109.27,75.097,21.33,234.454,13013
14/12:06:45,10.28,4.81,109.27,75.152,21.33,234.465,13014
14/12:06:46,10.88,4.83,109.25,75.108,21.33,234.476,13015
14/12:06:46,11.43,4.83,109.2,75.196,21.33,234.487,13016
14/12:06:47,11.65,4.81,109.17,75.295,21.33,234.498,13017
14/12:06:48,11.79,4.77,109.11,75.394,21.33,234.509,13018
14/12:06:49,11.93,4.73,109.08,75.57,21.33,234.52,13019
14/12:06:49,11.83,4.7,109.08,75.669,21.33,234.531,13020
14/12:06:50,11.8,4.67,109.08,75.801,21.33,234.542,13021
14/12:06:51,11.68,4.62,109.07,75.9,21.33,234.553,13022
14/12:06:51,11.62,4.56,109.04,76.142,21.32,234.575,13023
14/12:06:52,12.04,4.56,109.03,76.318,21.32,234.597,13024
14/12:06:53,12.28,4.56,109.01,76.395,21.32,234.608,13025
14/12:06:54,12.47,4.56,108.99,76.428,21.32,234.608,13026
14/12:06:54,12.53,4.56,109.0,76.505,21.32,234.63,13027
14/12:06:55,12.48,4.59,108.99,76.582,21.32,234.641,13028
14/12:06:56,12.3,4.59,108.99,76.703,21.32,234.652,13029
14/12:06:57,11.38,4.61,109.03,76.703,21.31,234.685,13030
14/12:06:57,11.22,4.61,109.05,76.791,21.31,234.696,13031
14/12:06:58,11.08,4.62,109.04,76.956,21.31,234.707,13032
14/12:06:59,10.97,4.63,109.02,77.077,21.31,234.718,13033
14/12:06:59,10.87,4.64,109.03,77.11,21.31,234.729,13034
14/12:07:00,10.69,4.64,109.03,77.22,21.31,234.74,13035
14/12:07:01,10.37,4.65,109.07,77.209,21.31,234.751,13036
14/12:07:02,9.67,4.63,109.13,77.165,21.31,234.773,13037
14/12:07:02,9.28,4.63,109.15,77.088,21.3,234.784,13038
14/12:07:03,8.92,4.63,109.21,77.022,21.3,234.795,13039
14/12:07:04,8.57,4.62,109.27,76.956,21.3,234.806,13040
14/12:07:05,8.07,4.61,109.31,77.011,21.3,234.817,13041
14/12:07:05,7.93,4.6,109.34,77.077,21.3,234.828,13042
14/12:07:06,7.9,4.6,109.32,77.077,21.3,234.839,13043
14/12:07:07,7.95,4.6,109.31,77.121,21.3,234.85,13044
14/12:07:08,8.17,4.61,109.31,77.077,21.3,234.872,13045
14/12:07:08,8.33,4.61,109.3,76.934,21.3,234.872,13046
14/12:07:09,8.6,4.6,109.26,77.066,21.3,234.905,13047
14/12:07:10,8.91,4.59,109.24,77.066,21.3,234.916,13048
14/12:07:10,9.26,4.57,109.23,77.077,21.3,234.916,13049
14/12:07:11,9.44,4.57,109.24,77.154,21.3,234.927,13050
14/12:07:12,9.63,4.56,109.24,77.198,21.3,234.949,13051
14/12:07:12,9.75,4.56,109.25,77.143,21.3,234.96,13052
14/12:07:13,9.89,4.55,109.27,77.187,21.28,234.971,13053
14/12:07:14,9.95,4.56,109.3,77.198,21.28,234.982,13054
14/12:07:15,9.91,4.56,109.28,77.154,21.28,234.993,13055
14/12:07:15,9.73,4.56,109.3,77.099,21.28,235.004,13056
14/12:07:16,9.67,4.57,109.34,77.11,21.28,235.015,13057
14/12:07:17,9.51,4.6,109.34,77.11,21.28,235.026,13058
14/12:07:17,9.3,4.62,109.34,77.11,21.28,235.037,13059
14/12:07:18,8.99,4.64,109.33,76.978,21.28,235.048,13060
14/12:07:19,8.55,4.67,109.28,76.978,21.28,235.07,13061
14/12:07:20,8.39,4.69,109.31,77.011,21.28,235.081,13062
14/12:07:21,8.84,4.88,109.31,76.835,21.28,235.235,13063
14/12:07:22,8.77,4.91,109.3,76.769,21.28,235.257,13064
14/12:07:23,8.78,4.92,109.3,76.725,21.28,235.268,13065
14/12:07:24,8.76,4.93,109.28,76.736,21.28,235.279,13066
14/12:07:24,8.86,4.94,109.31,76.791,21.28,235.29,13067
14/12:07:25,8.79,4.94,109.32,76.747,21.28,235.301,13068
14/12:07:26,8.93,4.95,109.3,76.758,21.28,235.312,13069
14/12:07:27,9.05,4.95,109.3,76.791,21.27,235.323,13070
14/12:07:27,9.21,4.93,109.32,76.725,21.27,235.334,13071
14/12:07:28,9.28,4.93,109.34,76.681,21.27,235.345,13072
14/12:07:29,9.37,4.92,109.33,76.615,21.27,235.356,13073
14/12:07:30,9.57,4.93,109.35,76.648,21.27,235.378,13074
14/12:07:30,9.81,4.92,109.33,76.582,21.27,235.389,13075
14/12:07:31,10.08,4.89,109.33,76.571,21.27,235.4,13076
14/12:07:32,10.2,4.9,109.32,76.483,21.27,235.422,13077
14/12:07:32,10.36,4.9,109.32,76.483,21.27,235.433,13078
14/12:07:33,10.34,4.9,109.28,76.527,21.27,235.444,13079
14/12:07:34,10.37,4.9,109.3,76.659,21.27,235.455,13080
14/12:07:35,10.31,4.88,109.28,76.747,21.27,235.466,13081
14/12:07:35,10.22,4.87,109.28,76.736,21.27,235.477,13082
14/12:07:36,10.08,4.86,109.27,76.78,21.26,235.499,13083
14/12:07:37,10.02,4.85,109.28,76.692,21.26,235.51,13084
14/12:07:37,9.88,4.85,109.28,76.681,21.26,235.521,13085
14/12:07:38,9.92,4.84,109.3,76.758,21.26,235.532,13086
14/12:07:39,9.99,4.85,109.31,76.769,21.26,235.543,13087
14/12:07:39,9.84,4.86,109.31,76.736,21.26,235.554,13088
14/12:07:40,9.76,4.86,109.31,76.78,21.26,235.565,13089
14/12:07:41,9.68,4.87,109.32,76.835,21.26,235.576,13090
14/12:07:41,9.63,4.88,109.32,76.835,21.26,235.587,13091
14/12:07:42,9.59,4.89,109.32,76.725,21.26,235.598,13092
14/12:07:43,9.35,4.89,109.31,76.67,21.26,235.609,13093
14/12:07:43,9.17,4.88,109.28,76.703,21.26,235.62,13094
14/12:07:44,8.95,4.88,109.28,76.692,21.25,235.631,13095
14/12:07:45,8.64,4.77,109.43,76.78,21.25,235.642,13096
14/12:07:45,8.19,4.62,109.65,76.978,21.25,235.653,13097
14/12:07:46,7.67,4.45,109.85,77.165,21.25,235.664,13098
14/12:07:47,7.21,4.28,110.04,77.121,21.25,235.675,13099
14/12:07:47,6.75,4.15,110.23,77.066,21.25,235.686,13100
14/12:07:48,6.67,4.01,110.41,77.121,21.25,235.697,13101
14/12:07:49,7.22,3.82,110.61,77.242,21.25,235.708,13102
14/12:07:50,8.02,3.97,110.33,77.088,21.25,235.73,13103
14/12:07:50,8.77,4.15,110.07,77.077,21.25,235.741,13104
14/12:07:51,9.87,4.36,109.78,77.176,21.25,235.752,13105
14/12:07:52,10.82,4.5,109.51,77.253,21.25,235.763,13106
14/12:07:53,11.59,4.67,109.31,77.374,21.25,235.774,13107
14/12:07:53,11.96,4.82,109.12,77.55,21.25,235.785,13108
14/12:07:54,11.99,4.91,108.97,77.726,21.25,235.796,13109
14/12:07:55,11.99,4.9,108.98,77.957,21.24,235.807,13110
14/12:07:56,11.91,4.89,108.98,78.166,21.24,235.818,13111
14/12:07:56,11.93,4.87,108.98,78.287,21.24,235.829,13112
14/12:07:57,9.78,4.91,109.18,79.035,21.23,236.016,13113
14/12:07:59,10.05,4.92,109.18,79.222,21.23,236.027,13114
14/12:07:59,10.22,4.93,109.18,79.277,21.23,236.049,13115
14/12:08:00,10.09,4.92,109.2,79.288,21.23,236.06,13116
14/12:08:01,9.53,4.88,109.2,79.42,21.22,236.082,13117
14/12:08:02,9.56,4.88,109.19,79.541,21.22,236.115,13118
14/12:08:03,9.22,4.86,109.17,79.607,21.22,236.137,13119
14/12:08:03,9.5,4.88,109.18,79.662,21.22,236.148,13120
14/12:08:04,9.51,4.88,109.18,79.662,21.22,236.159,13121
14/12:08:05,9.56,4.88,109.17,79.717,21.22,236.17,13122
14/12:08:06,9.66,4.87,109.17,79.816,21.22,236.181,13123
14/12:08:06,9.6,4.88,109.2,79.849,21.22,236.192,13124
14/12:08:07,8.96,4.86,109.24,79.849,21.22,236.203,13125
14/12:08:08,8.38,4.85,109.28,79.805,21.22,236.214,13126
14/12:08:08,7.48,4.84,109.36,79.772,21.22,236.225,13127
14/12:08:09,6.6,4.83,109.42,79.618,21.22,236.236,13128
14/12:08:10,5.95,4.82,109.48,79.398,21.22,236.247,13129
14/12:08:10,4.81,4.81,109.59,79.178,21.22,236.269,13130
14/12:08:11,4.91,4.79,109.6,79.112,21.22,236.28,13131
14/12:08:12,5.26,4.8,109.61,78.914,21.22,236.291,13132
14/12:08:13,5.53,4.8,109.62,78.683,21.21,236.302,13133
14/12:08:13,5.61,4.8,109.62,78.485,21.21,236.324,13134
14/12:08:14,5.57,4.79,109.63,78.364,21.21,236.335,13135
14/12:08:14,5.67,4.8,109.62,78.199,21.21,236.346,13136
14/12:08:15,5.54,4.46,109.61,78.012,21.21,236.368,13137
14/12:08:16,5.43,4.14,109.56,77.869,21.21,236.379,13138
14/12:08:17,5.26,3.75,109.54,77.726,21.21,236.39,13139
14/12:08:18,5.06,3.38,109.49,77.66,21.21,236.401,13140
14/12:08:18,5.11,3.05,109.46,77.605,21.21,236.412,13141
14/12:08:19,5.35,2.72,109.43,77.363,21.21,236.423,13142
14/12:08:20,5.6,2.39,109.4,77.088,21.21,236.434,13143
14/12:08:21,6.1,2.06,109.36,77.055,21.21,236.445,13144
14/12:08:21,6.75,2.18,109.34,77.0,21.21,236.456,13145
14/12:08:22,7.15,2.54,109.34,76.934,21.21,236.467,13146
14/12:08:23,7.61,2.88,109.35,76.879,21.21,236.478,13147
14/12:08:23,7.95,3.28,109.35,76.802,21.21,236.489,13148
14/12:08:24,8.52,3.62,109.35,76.78,21.21,236.5,13149
14/12:08:25,9.12,3.98,109.33,76.747,21.21,236.511,13150
14/12:08:26,9.57,4.36,109.31,76.835,21.21,236.522,13151
14/12:08:26,9.94,4.72,109.31,76.901,21.21,236.533,13152
14/12:08:27,10.09,4.94,109.31,76.934,21.21,236.544,13153
14/12:08:28,10.35,4.94,109.28,76.956,21.2,236.555,13154
14/12:08:29,10.53,4.95,109.26,76.835,21.2,236.566,13155
14/12:08:29,11.21,4.95,109.2,76.934,21.2,236.577,13156
14/12:08:30,11.88,4.97,109.13,76.989,21.2,236.588,13157
14/12:08:31,12.18,4.95,109.1,77.077,21.2,236.599,13158
14/12:08:31,12.6,4.95,109.06,77.308,21.2,236.61,13159
14/12:08:32,12.85,4.96,109.03,77.451,21.2,236.621,13160
14/12:08:33,13.09,4.96,108.98,77.627,21.2,236.632,13161
14/12:08:33,13.27,4.97,108.94,77.858,21.2,236.643,13162
14/12:08:34,14.16,4.9,108.77,79.53,21.18,236.808,13163
14/12:08:35,14.47,4.88,108.74,79.728,21.18,236.83,13164
14/12:08:36,14.37,4.85,108.71,79.992,21.18,236.841,13165
14/12:08:36,14.37,4.84,108.71,80.168,21.17,236.852,13166
14/12:08:37,14.14,4.82,108.73,80.234,21.17,236.863,13167
14/12:08:38,13.85,4.8,108.74,80.3,21.17,236.874,13168
14/12:08:38,13.95,4.78,108.72,80.509,21.17,236.896,13169
14/12:08:39,13.81,4.78,108.72,80.509,21.17,236.918,13170
14/12:08:40,13.57,4.78,108.72,80.608,21.17,236.929,13171
14/12:08:41,13.45,4.79,108.74,80.696,21.17,236.94,13172
14/12:08:41,13.18,4.78,108.76,80.784,21.16,236.951,13173
14/12:08:42,13.28,4.78,108.76,80.916,21.16,236.962,13174
14/12:08:43,13.47,4.79,108.75,81.081,21.16,236.973,13175
14/12:08:43,13.33,4.78,108.76,81.048,21.16,236.984,13176
14/12:08:44,12.95,4.79,108.8,80.993,21.16,236.995,13177
14/12:08:45,12.72,4.8,108.82,81.114,21.16,237.006,13178
14/12:08:45,12.54,4.81,108.86,81.202,21.16,237.017,13179
14/12:08:46,12.36,4.79,108.86,81.213,21.16,237.028,13180
14/12:08:47,12.23,4.8,108.88,81.213,21.15,237.039,13181
14/12:08:48,12.19,4.8,108.89,81.268,21.15,237.05,13182
14/12:08:49,11.41,4.78,108.92,81.554,21.15,237.083,13183
14/12:08:49,11.21,4.79,108.93,81.675,21.15,237.094,13184
14/12:08:50,10.77,4.78,108.97,81.62,21.15,237.105,13185
14/12:08:51,10.36,4.78,109.03,81.499,21.15,237.116,13186
14/12:08:51,9.82,4.78,109.09,81.411,21.15,237.116,13187
14/12:08:52,9.24,4.76,109.13,81.334,21.15,237.127,13188
14/12:08:53,8.69,4.77,109.18,81.257,21.15,237.149,13189
14/12:08:53,8.27,4.78,109.22,81.18,21.15,237.16,13190
14/12:08:54,7.83,4.78,109.26,81.18,21.15,237.171,13191
14/12:08:55,7.85,4.77,109.27,81.202,21.14,237.193,13192
14/12:08:55,7.7,4.76,109.27,81.136,21.14,237.204,13193
14/12:08:56,7.84,4.76,109.28,81.103,21.14,237.226,13194
14/12:08:57,7.93,4.77,109.28,81.048,21.14,237.237,13195
14/12:08:58,7.67,4.75,109.3,80.927,21.14,237.248,13196
14/12:08:58,7.67,4.74,109.32,80.894,21.14,237.259,13197
14/12:08:59,7.6,4.73,109.32,80.784,21.14,237.27,13198
14/12:09:00,7.16,4.72,109.34,80.608,21.14,237.281,13199
14/12:09:01,7.15,4.72,109.33,80.465,21.14,237.292,13200
14/12:09:01,7.13,4.73,109.35,80.355,21.14,237.303,13201
14/12:09:02,6.75,4.74,109.37,80.212,21.14,237.314,13202
14/12:09:03,6.55,4.75,109.4,80.157,21.14,237.325,13203
14/12:09:03,6.43,4.76,109.4,80.124,21.14,237.336,13204
14/12:09:04,6.43,4.76,109.4,80.157,21.14,237.347,13205
14/12:09:05,6.52,4.76,109.4,80.113,21.14,237.358,13206
14/12:09:05,6.48,4.76,109.4,80.025,21.14,237.369,13207
14/12:09:06,6.15,4.75,109.4,79.904,21.14,237.38,13208
14/12:09:06,6.04,4.73,109.41,79.794,21.14,237.402,13209
14/12:09:07,5.99,4.7,109.4,79.717,21.14,237.413,13210
14/12:09:08,5.97,4.7,109.41,79.772,21.14,237.424,13211
14/12:09:08,5.96,4.69,109.41,79.706,21.14,237.435,13212
14/12:09:09,6.35,4.72,109.44,78.199,21.13,237.589,13213
14/12:09:10,6.27,4.72,109.45,78.221,21.13,237.6,13214
14/12:09:10,6.35,4.74,109.45,78.067,21.13,237.622,13215
14/12:09:11,6.48,4.77,109.45,78.056,21.13,237.633,13216
14/12:09:12,6.49,4.8,109.43,77.902,21.13,237.655,13217
14/12:09:13,6.51,4.81,109.44,77.814,21.13,237.666,13218
14/12:09:13,6.98,4.87,109.43,77.616,21.13,237.688,13219
14/12:09:14,7.26,4.88,109.42,77.484,21.13,237.699,13220
14/12:09:15,7.69,4.88,109.39,77.363,21.13,237.71,13221
14/12:09:15,8.11,4.92,109.37,77.473,21.13,237.721,13222
14/12:09:16,8.45,4.92,109.33,77.528,21.13,237.732,13223
14/12:09:17,8.7,4.93,109.32,77.451,21.13,237.743,13224
14/12:09:17,8.85,4.95,109.28,77.451,21.13,237.754,13225
14/12:09:18,8.84,4.93,109.28,77.495,21.13,237.765,13226
14/12:09:18,8.94,4.91,109.26,77.528,21.13,237.776,13227
14/12:09:19,8.85,4.9,109.27,77.572,21.13,237.798,13228
14/12:09:20,8.57,4.88,109.26,77.528,21.13,237.809,13229
14/12:09:20,8.55,4.86,109.26,77.561,21.13,237.82,13230
14/12:09:21,8.49,4.84,109.24,77.605,21.13,237.831,13231
14/12:09:22,8.6,4.82,109.22,77.682,21.12,237.853,13232
14/12:09:22,8.73,4.83,109.21,77.616,21.12,237.864,13233
14/12:09:23,9.04,4.83,109.21,77.561,21.12,237.875,13234
14/12:09:23,9.38,4.8,109.17,77.451,21.12,237.886,13235
14/12:09:24,9.7,4.78,109.16,77.418,21.12,237.897,13236
14/12:09:25,9.89,4.76,109.16,77.374,21.12,237.908,13237
14/12:09:25,10.1,4.74,109.16,77.275,21.12,237.908,13238
14/12:09:26,10.38,4.69,109.15,77.209,21.12,237.941,13239
14/12:09:27,10.45,4.66,109.15,77.242,21.12,237.952,13240
14/12:09:27,10.27,4.65,109.16,77.286,21.12,237.963,13241
14/12:09:28,10.04,4.64,109.16,77.209,21.12,237.974,13242
14/12:09:28,9.78,4.63,109.16,77.187,21.12,237.985,13243
14/12:09:29,9.68,4.63,109.16,77.22,21.11,238.007,13244
14/12:09:30,8.99,4.34,109.53,77.506,21.11,238.018,13245
14/12:09:30,8.94,4.23,109.67,77.605,21.11,238.04,13246
14/12:09:31,9.21,4.24,109.67,77.385,21.11,238.051,13247
14/12:09:32,9.51,4.24,109.62,77.275,21.11,238.062,13248
14/12:09:32,10.03,4.24,109.6,77.341,21.11,238.073,13249
14/12:09:33,10.56,4.24,109.57,77.352,21.11,238.084,13250
14/12:09:33,11.09,4.23,109.52,77.451,21.11,238.095,13251
14/12:09:34,11.71,4.34,109.33,77.528,21.11,238.106,13252
14/12:09:35,12.44,4.53,109.07,77.66,21.11,238.117,13253
14/12:09:35,12.69,4.62,108.89,77.66,21.11,238.128,13254
14/12:09:36,12.44,4.62,108.86,77.66,21.1,238.139,13255
14/12:09:36,12.16,4.6,108.88,77.748,21.1,238.15,13256
14/12:09:37,11.81,4.59,108.89,77.825,21.1,238.161,13257
14/12:09:38,11.41,4.56,108.91,77.792,21.1,238.172,13258
14/12:09:38,10.93,4.56,108.94,77.88,21.1,238.183,13259
14/12:09:39,10.46,4.55,108.97,77.946,21.1,238.194,13260
14/12:09:40,10.08,4.56,108.98,78.045,21.1,238.205,13261
14/12:09:40,9.99,4.59,109.0,78.166,21.1,238.216,13262
14/12:09:41,10.61,4.76,109.01,78.408,21.09,238.282,13263
14/12:09:42,10.9,4.77,109.0,78.43,21.09,238.293,13264
14/12:09:42,11.21,4.78,109.0,78.408,21.09,238.304,13265
14/12:09:43,11.41,4.78,109.01,78.397,21.09,238.315,13266
14/12:09:44,11.52,4.78,109.01,78.408,21.09,238.326,13267
14/12:09:44,11.43,4.77,109.02,78.43,21.09,238.337,13268
14/12:09:45,11.1,4.76,109.0,78.595,21.09,238.37,13269
14/12:09:46,10.82,4.77,108.99,78.639,21.08,238.381,13270
14/12:09:46,10.8,4.78,108.99,78.705,21.08,238.392,13271
14/12:09:47,10.62,4.78,108.98,78.771,21.08,238.403,13272
14/12:09:47,10.76,4.78,108.96,78.782,21.08,238.414,13273
14/12:09:48,10.71,4.78,108.95,78.793,21.08,238.425,13274
14/12:09:49,10.69,4.78,108.95,78.782,21.08,238.436,13275
14/12:09:49,10.73,4.8,108.96,78.881,21.08,238.447,13276
14/12:09:50,10.79,4.81,108.96,78.958,21.08,238.458,13277
14/12:09:50,10.99,4.81,108.97,79.068,21.08,238.48,13278
14/12:09:51,10.89,4.81,108.98,79.123,21.08,238.491,13279
14/12:09:52,10.64,4.81,108.99,79.178,21.07,238.502,13280
14/12:09:52,10.63,4.83,108.99,79.288,21.07,238.513,13281
14/12:09:53,10.99,4.84,108.99,79.453,21.07,238.524,13282
14/12:09:54,11.04,4.85,109.01,79.508,21.07,238.546,13283
14/12:09:54,10.77,4.85,109.0,79.651,21.07,238.568,13284
14/12:09:55,10.77,4.86,109.0,79.761,21.07,238.579,13285
14/12:09:55,10.84,4.86,108.99,79.695,21.07,238.59,13286
14/12:09:56,10.89,4.86,108.98,79.728,21.07,238.601,13287
14/12:09:57,10.84,4.84,108.98,79.783,21.07,238.612,13288
14/12:09:57,10.53,4.83,108.98,79.86,21.07,238.623,13289
14/12:09:58,10.57,4.83,108.97,79.926,21.07,238.634,13290
14/12:09:59,10.8,4.83,108.96,79.926,21.06,238.645,13291
14/12:09:59,10.46,4.69,109.11,80.069,21.06,238.656,13292
14/12:10:00,9.88,4.48,109.35,80.322,21.06,238.667,13293
14/12:10:00,9.32,4.26,109.64,80.465,21.06,238.678,13294
14/12:10:01,8.52,4.02,109.96,80.355,21.06,238.689,13295
14/12:10:02,7.87,3.82,110.23,80.168,21.06,238.7,13296
14/12:10:02,7.03,3.62,110.55,80.135,21.06,238.711,13297
14/12:10:03,6.11,3.37,110.82,80.146,21.06,238.722,13298
14/12:10:03,5.59,3.28,110.98,80.003,21.06,238.733,13299
14/12:10:04,5.64,3.64,110.62,79.255,21.06,238.755,13300
14/12:10:05,5.65,3.84,110.37,79.156,21.06,238.777,13301
14/12:10:05,5.95,4.03,110.13,79.134,21.06,238.788,13302
14/12:10:06,6.52,4.23,109.9,79.068,21.06,238.799,13303
14/12:10:07,7.09,4.43,109.66,78.914,21.06,238.81,13304
14/12:10:07,7.41,4.66,109.44,78.804,21.06,238.821,13305
14/12:10:08,7.15,4.73,109.31,78.859,21.06,238.843,13306
14/12:10:08,7.56,4.73,109.3,78.837,21.06,238.854,13307
14/12:10:09,7.93,4.74,109.3,78.804,21.06,238.865,13308
14/12:10:10,7.98,4.75,109.3,78.793,21.05,238.876,13309
14/12:10:10,7.76,4.74,109.31,78.683,21.05,238.887,13310
14/12:10:11,7.57,4.73,109.28,78.54,21.05,238.898,13311
14/12:10:12,7.53,4.72,109.28,78.452,21.05,238.909,13312
14/12:10:13,7.53,4.7,109.31,77.913,21.05,238.975,13313
14/12:10:14,7.66,4.7,109.28,77.781,21.05,238.986,13314
14/12:10:14,7.74,4.69,109.28,77.759,21.05,238.997,13315
14/12:10:15,7.62,4.67,109.28,77.748,21.05,239.008,13316
14/12:10:15,7.39,4.67,109.3,77.671,21.05,239.008,13317
14/12:10:16,7.09,4.66,109.28,77.605,21.05,239.041,13318
14/12:10:17,6.8,4.64,109.3,77.561,21.05,239.052,13319
14/12:10:17,6.6,4.64,109.3,77.495,21.05,239.063,13320
14/12:10:18,6.59,4.64,109.3,77.462,21.05,239.074,13321
14/12:10:19,6.48,4.65,109.3,77.363,21.05,239.085,13322
14/12:10:19,6.5,4.65,109.31,77.242,21.05,239.096,13323
14/12:10:20,6.61,4.66,109.3,77.209,21.05,239.107,13324
14/12:10:21,6.71,4.65,109.32,77.165,21.05,239.118,13325
14/12:10:21,6.56,4.65,109.33,77.077,21.05,239.129,13326
14/12:10:22,6.24,4.66,109.36,76.846,21.05,239.14,13327
14/12:10:23,5.98,4.65,109.4,76.615,21.05,239.151,13328
14/12:10:23,5.47,4.65,109.44,76.494,21.05,239.162,13329
14/12:10:24,4.94,4.63,109.5,76.274,21.05,239.173,13330
14/12:10:24,4.4,4.62,109.55,75.977,21.05,239.184,13331
14/12:10:25,3.88,4.61,109.6,75.713,21.05,239.195,13332
14/12:10:26,3.38,4.6,109.64,75.449,21.05,239.206,13333
14/12:10:26,3.05,4.57,109.68,75.229,21.05,239.217,13334
14/12:10:27,3.03,4.59,109.7,75.031,21.05,239.228,13335
14/12:10:28,3.14,4.59,109.71,74.877,21.05,239.239,13336
14/12:10:28,3.21,4.59,109.71,74.712,21.05,239.25,13337
14/12:10:29,3.21,4.6,109.73,74.569,21.05,239.261,13338
14/12:10:29,3.21,4.6,109.72,74.206,21.05,239.272,13339
14/12:10:30,3.32,4.6,109.72,74.085,21.05,239.283,13340
14/12:10:31,3.48,4.62,109.73,73.799,21.05,239.294,13341
14/12:10:31,3.45,4.62,109.73,73.579,21.05,239.305,13342
14/12:10:32,3.28,4.62,109.74,73.359,21.05,239.316,13343
14/12:10:33,3.24,4.62,109.73,73.205,21.05,239.316,13344
14/12:10:33,3.21,4.63,109.73,73.018,21.05,239.327,13345
14/12:10:34,3.4,4.64,109.72,72.534,21.05,239.36,13346
14/12:10:35,3.19,4.64,109.74,72.38,21.05,239.371,13347
14/12:10:35,3.3,4.65,109.74,72.16,21.05,239.371,13348
14/12:10:36,3.33,4.65,109.72,71.984,21.05,239.382,13349
14/12:10:37,3.87,4.66,109.68,71.555,21.05,239.404,13350
14/12:10:37,4.49,4.68,109.62,71.214,21.05,239.426,13351
14/12:10:38,4.94,4.7,109.59,71.005,21.05,239.437,13352
14/12:10:38,5.64,4.7,109.54,70.51,21.05,239.459,13353
14/12:10:39,6.33,4.69,109.5,70.312,21.05,239.481,13354
14/12:10:40,6.51,4.7,109.48,70.246,21.05,239.492,13355
14/12:10:40,6.86,4.71,109.47,70.191,21.05,239.503,13356
14/12:10:41,7.62,4.69,109.41,70.18,21.05,239.514,13357
14/12:10:41,8.2,4.68,109.37,70.257,21.05,239.525,13358
14/12:10:42,8.84,4.67,109.3,70.367,21.05,239.536,13359
14/12:10:43,9.74,4.69,109.18,70.466,21.05,239.547,13360
14/12:10:43,10.06,4.68,109.15,70.477,21.04,239.558,13361
14/12:10:44,10.48,4.68,109.11,70.488,21.04,239.569,13362
14/12:10:45,10.81,3.69,108.98,71.104,21.04,239.646,13363
14/12:10:46,10.75,3.37,108.95,71.203,21.04,239.657,13364
14/12:10:47,10.79,2.99,108.93,71.313,21.04,239.668,13365
14/12:10:47,10.84,2.66,108.89,71.379,21.03,239.679,13366
14/12:10:48,11.68,2.28,108.79,71.61,21.03,239.69,13367
14/12:10:48,12.81,2.03,108.64,71.94,21.03,239.701,13368
14/12:10:49,14.12,2.03,108.53,72.182,21.03,239.712,13369
14/12:10:50,15.14,2.2,108.4,72.589,21.03,239.712,13370
14/12:10:50,17.56,2.91,108.2,73.403,21.02,239.734,13371
14/12:10:52,19.83,4.02,108.02,74.316,21.02,239.767,13372
14/12:10:52,19.83,4.43,108.04,74.778,21.01,239.778,13373
14/12:10:53,19.95,4.81,108.07,75.075,21.01,239.789,13374
14/12:10:53,19.93,4.84,108.07,75.35,21.01,239.8,13375
14/12:10:54,20.0,4.82,108.08,75.724,21.01,239.811,13376
14/12:10:55,19.86,4.84,108.1,76.065,21.01,239.822,13377
14/12:10:55,19.09,4.82,108.13,76.307,21.0,239.833,13378
14/12:10:56,16.7,4.8,108.31,76.373,21.0,239.844,13379
14/12:10:56,13.92,4.76,108.6,76.208,21.0,239.855,13380
14/12:10:57,8.49,4.73,109.06,75.372,21.0,239.877,13381
14/12:10:58,6.14,4.73,109.31,75.031,21.0,239.888,13382
14/12:10:58,3.75,4.72,109.53,74.756,21.0,239.899,13383
14/12:10:59,1.42,4.7,109.71,74.569,21.0,239.91,13384
14/12:11:00,1.2,4.71,109.82,74.382,21.0,239.921,13385
14/12:11:00,2.91,4.69,109.71,74.261,21.0,239.932,13386
14/12:11:01,4.64,4.69,109.56,74.327,21.0,239.943,13387
14/12:11:01,6.03,4.7,109.45,74.47,21.0,239.954,13388
14/12:11:02,7.36,4.7,109.31,74.514,21.0,239.965,13389
14/12:11:03,8.81,4.69,109.18,74.536,21.0,239.976,13390
14/12:11:03,12.31,4.69,108.81,74.998,21.0,240.009,13391
14/12:11:04,11.97,4.68,108.78,75.108,20.99,240.02,13392
14/12:11:04,11.6,4.68,108.8,75.196,20.99,240.031,13393
14/12:11:05,11.37,4.68,108.82,75.317,20.99,240.042,13394
14/12:11:06,11.3,4.67,108.85,75.361,20.99,240.053,13395
14/12:11:06,11.06,4.67,108.92,75.383,20.99,240.075,13396
14/12:11:07,10.82,4.67,108.94,75.449,20.99,240.086,13397
14/12:11:08,10.56,4.69,108.96,75.504,20.99,240.097,13398
14/12:11:08,10.55,4.71,109.0,75.493,20.99,240.108,13399
14/12:11:09,10.78,4.71,108.99,75.603,20.99,240.108,13400
14/12:11:10,10.95,4.71,108.97,75.713,20.98,240.13,13401
14/12:11:10,10.96,4.69,108.95,75.845,20.98,240.141,13402
14/12:11:11,11.0,4.69,108.93,75.922,20.98,240.152,13403
14/12:11:12,11.01,4.67,108.9,76.043,20.98,240.163,13404
14/12:11:12,11.13,4.66,108.88,76.164,20.98,240.174,13405
14/12:11:13,11.4,4.66,108.86,76.241,20.98,240.185,13406
14/12:11:13,11.64,4.65,108.83,76.329,20.98,240.196,13407
14/12:11:14,11.82,4.65,108.82,76.516,20.98,240.207,13408
14/12:11:15,12.02,4.65,108.81,76.593,20.98,240.218,13409
14/12:11:15,12.31,4.68,108.81,76.703,20.98,240.229,13410
14/12:11:16,12.36,4.69,108.81,76.846,20.97,240.24,13411
14/12:11:17,12.63,4.72,108.82,76.857,20.97,240.251,13412
14/12:11:18,12.18,4.8,108.82,77.297,20.97,240.328,13413
14/12:11:19,11.9,4.8,108.8,77.572,20.97,240.339,13414
14/12:11:20,11.64,4.78,108.78,77.869,20.96,240.361,13415
14/12:11:21,11.68,4.77,108.75,78.067,20.96,240.383,13416
14/12:11:21,11.7,4.76,108.75,78.199,20.96,240.394,13417
14/12:11:22,11.88,4.8,108.75,78.353,20.96,240.405,13418
14/12:11:23,12.18,4.8,108.75,78.397,20.96,240.416,13419
14/12:11:23,12.39,4.82,108.76,78.408,20.96,240.416,13420
14/12:11:24,12.28,4.81,108.78,78.397,20.96,240.427,13421
14/12:11:25,12.16,4.81,108.79,78.694,20.95,240.46,13422
14/12:11:25,11.9,4.79,108.78,79.145,20.95,240.482,13423
14/12:11:26,11.84,4.78,108.78,79.299,20.95,240.493,13424
14/12:11:27,11.35,4.75,108.81,79.343,20.95,240.504,13425
14/12:11:27,10.8,4.73,108.86,79.211,20.95,240.515,13426
14/12:11:28,10.37,4.72,108.9,79.244,20.95,240.526,13427
14/12:11:29,9.7,4.71,108.95,79.332,20.95,240.537,13428
14/12:11:29,7.69,4.66,109.18,79.332,20.95,240.581,13429
14/12:11:30,6.97,4.65,109.24,79.233,20.95,240.592,13430
14/12:11:31,6.8,4.65,109.27,79.178,20.94,240.603,13431
14/12:11:32,6.45,4.65,109.28,79.101,20.94,240.614,13432
14/12:11:32,6.07,4.63,109.31,78.991,20.94,240.625,13433
14/12:11:33,5.86,4.63,109.35,78.925,20.94,240.647,13434
14/12:11:33,5.89,4.62,109.36,78.892,20.94,240.658,13435
14/12:11:34,5.89,4.61,109.36,78.826,20.94,240.669,13436
14/12:11:35,5.96,4.63,109.38,78.782,20.94,240.68,13437
14/12:11:35,5.9,4.63,109.39,78.705,20.94,240.691,13438
14/12:11:36,5.91,4.62,109.4,78.694,20.94,240.702,13439
14/12:11:37,5.92,4.63,109.4,78.749,20.94,240.713,13440
14/12:11:37,5.92,4.63,109.39,78.815,20.94,240.724,13441
14/12:11:38,5.91,4.63,109.4,78.804,20.94,240.735,13442
14/12:11:39,5.44,4.63,109.43,78.804,20.94,240.757,13443
14/12:11:39,5.25,4.63,109.44,78.727,20.94,240.768,13444
14/12:11:40,5.25,4.62,109.42,78.65,20.94,240.779,13445
14/12:11:40,5.11,4.64,109.46,78.474,20.94,240.812,13446
14/12:11:41,5.15,4.66,109.48,78.32,20.94,240.812,13447
14/12:11:42,5.22,4.66,109.51,78.1,20.94,240.834,13448
14/12:11:42,5.1,4.66,109.5,77.99,20.94,240.845,13449
14/12:11:43,4.93,4.66,109.49,77.891,20.94,240.856,13450
14/12:11:44,4.78,4.65,109.51,77.737,20.94,240.867,13451
14/12:11:44,4.5,4.64,109.51,77.66,20.94,240.878,13452
14/12:11:45,4.42,4.6,109.52,77.583,20.94,240.889,13453
14/12:11:45,4.32,4.6,109.52,77.517,20.94,240.9,13454
14/12:11:46,4.09,4.59,109.52,77.429,20.94,240.911,13455
14/12:11:47,3.96,4.57,109.52,77.308,20.94,240.922,13456
14/12:11:47,3.91,4.59,109.53,77.176,20.94,240.933,13457
14/12:11:48,3.87,4.6,109.53,76.978,20.94,240.944,13458
14/12:11:49,3.89,4.6,109.55,76.846,20.94,240.955,13459
14/12:11:49,4.02,4.63,109.55,76.549,20.94,240.966,13460
14/12:11:50,4.09,4.66,109.56,76.406,20.94,240.977,13461
14/12:11:50,4.24,4.68,109.55,76.274,20.94,240.988,13462
14/12:11:51,5.54,4.71,109.47,75.955,20.94,241.043,13463
14/12:11:52,5.69,4.71,109.45,75.834,20.94,241.054,13464
14/12:11:52,5.88,4.71,109.44,75.746,20.94,241.065,13465
14/12:11:53,5.96,4.71,109.43,75.713,20.94,241.076,13466
14/12:11:54,6.1,4.73,109.41,75.658,20.94,241.087,13467
14/12:11:54,6.25,4.73,109.41,75.68,20.94,241.098,13468
14/12:11:55,6.33,4.74,109.4,75.647,20.94,241.109,13469
14/12:11:56,6.28,4.74,109.4,75.493,20.94,241.131,13470
14/12:11:56,6.28,4.76,109.4,75.427,20.94,241.142,13471
14/12:11:57,6.49,4.77,109.41,75.35,20.94,241.153,13472
14/12:11:57,6.54,4.77,109.42,75.262,20.94,241.164,13473
14/12:11:58,6.47,4.77,109.42,75.328,20.94,241.175,13474
14/12:11:59,6.36,4.78,109.43,75.306,20.94,241.186,13475
14/12:11:59,6.4,4.78,109.44,75.229,20.94,241.197,13476
14/12:12:00,6.43,4.78,109.44,75.108,20.94,241.208,13477
14/12:12:00,6.47,4.78,109.44,75.053,20.94,241.208,13478
14/12:12:01,6.44,4.78,109.46,74.932,20.94,241.23,13479
14/12:12:02,6.44,4.77,109.45,74.822,20.94,241.241,13480
14/12:12:02,6.84,4.77,109.39,74.822,20.94,241.263,13481
14/12:12:03,7.24,4.77,109.34,74.866,20.94,241.274,13482
14/12:12:04,8.13,4.77,109.26,74.877,20.94,241.285,13483
14/12:12:04,9.35,4.76,109.19,74.987,20.94,241.296,13484
14/12:12:05,10.35,4.75,109.09,75.174,20.93,241.307,13485
14/12:12:06,11.25,4.75,109.01,75.328,20.93,241.318,13486
14/12:12:06,11.89,4.76,108.92,75.526,20.93,241.329,13487
14/12:12:07,12.26,4.76,108.86,75.614,20.93,241.34,13488
14/12:12:07,12.75,4.75,108.81,75.79,20.93,241.351,13489
14/12:12:08,12.97,4.73,108.76,76.087,20.93,241.373,13490
14/12:12:09,12.82,4.75,108.75,76.208,20.93,241.384,13491
14/12:12:09,12.83,4.75,108.75,76.34,20.93,241.395,13492
14/12:12:10,12.86,4.74,108.74,76.582,20.92,241.406,13493
14/12:12:11,12.82,4.72,108.74,76.802,20.92,241.417,13494
14/12:12:11,12.7,4.71,108.75,76.978,20.92,241.428,13495
14/12:12:12,12.05,4.7,108.82,76.945,20.92,241.439,13496
14/12:12:13,11.24,4.67,108.89,76.846,20.92,241.45,13497
14/12:12:13,10.5,4.66,108.95,76.747,20.92,241.461,13498
14/12:12:14,9.63,4.63,109.03,76.615,20.92,241.472,13499
14/12:12:14,7.39,4.56,109.21,76.318,20.92,241.494,13500
14/12:12:15,6.62,4.56,109.28,76.23,20.92,241.505,13501
14/12:12:16,6.21,4.54,109.33,76.186,20.92,241.516,13502
14/12:12:16,6.27,4.54,109.34,76.076,20.92,241.516,13503
14/12:12:17,6.4,4.55,109.35,75.955,20.92,241.527,13504
14/12:12:18,6.57,4.56,109.36,75.933,20.92,241.549,13505
14/12:12:18,6.74,4.56,109.36,75.911,20.92,241.56,13506
14/12:12:19,6.77,4.56,109.37,75.845,20.91,241.571,13507
14/12:12:19,6.69,4.6,109.38,75.658,20.91,241.582,13508
14/12:12:20,6.55,4.61,109.38,75.581,20.91,241.593,13509
14/12:12:21,6.56,4.62,109.38,75.482,20.91,241.604,13510
14/12:12:21,6.46,4.65,109.4,75.383,20.91,241.626,13511
14/12:12:22,6.17,4.65,109.39,75.284,20.91,241.637,13512
14/12:12:23,6.41,4.66,109.41,74.734,20.91,241.703,13513
14/12:12:23,6.63,4.65,109.41,74.624,20.91,241.714,13514
14/12:12:24,6.85,4.64,109.4,74.58,20.91,241.725,13515
14/12:12:25,7.0,4.64,109.38,74.558,20.91,241.736,13516
14/12:12:25,6.97,4.61,109.36,74.536,20.91,241.747,13517
14/12:12:26,7.04,4.61,109.34,74.536,20.91,241.758,13518
14/12:12:26,7.43,4.62,109.32,74.503,20.91,241.769,13519
14/12:12:27,7.8,4.61,109.3,74.503,20.91,241.78,13520
14/12:12:28,8.02,4.6,109.23,74.415,20.91,241.802,13521
14/12:12:28,8.67,4.6,109.19,74.393,20.91,241.813,13522
14/12:12:29,9.98,4.61,109.08,74.789,20.91,241.835,13523
14/12:12:30,10.81,4.6,108.97,74.965,20.9,241.857,13524
14/12:12:31,11.34,4.6,108.92,75.042,20.9,241.868,13525
14/12:12:32,12.88,4.59,108.82,75.394,20.9,241.89,13526
14/12:12:32,12.98,4.6,108.8,75.603,20.9,241.901,13527
14/12:12:33,12.95,4.59,108.79,75.768,20.9,241.912,13528
14/12:12:34,13.08,4.6,108.78,75.911,20.9,241.923,13529
14/12:12:34,13.11,4.57,108.77,75.977,20.9,241.934,13530
14/12:12:35,13.25,4.56,108.75,75.977,20.9,241.945,13531
14/12:12:36,13.38,4.57,108.74,75.922,20.89,241.956,13532
14/12:12:36,13.65,4.59,108.73,76.087,20.89,241.967,13533
14/12:12:37,13.82,4.59,108.7,76.208,20.89,241.978,13534
14/12:12:37,14.13,4.59,108.64,76.362,20.89,241.989,13535
14/12:12:38,13.9,4.57,108.64,76.439,20.89,242.0,13536
14/12:12:39,12.89,4.56,108.72,76.417,20.89,242.011,13537
14/12:12:39,12.13,4.57,108.8,76.285,20.89,242.022,13538
14/12:12:40,11.38,4.56,108.88,76.197,20.88,242.033,13539
14/12:12:41,10.43,4.56,108.93,76.175,20.88,242.044,13540
14/12:12:41,9.44,4.56,109.02,76.197,20.88,242.055,13541
14/12:12:42,8.53,4.56,109.09,76.164,20.88,242.066,13542
14/12:12:43,8.28,4.56,109.18,76.142,20.88,242.088,13543
14/12:12:43,9.1,4.56,109.12,76.186,20.88,242.099,13544
14/12:12:44,9.37,4.57,109.06,76.208,20.88,242.11,13545
14/12:12:44,9.95,4.6,109.01,76.252,20.88,242.121,13546
14/12:12:45,10.83,4.6,108.94,76.351,20.88,242.132,13547
14/12:12:46,11.68,4.62,108.85,76.604,20.88,242.143,13548
14/12:12:46,12.3,4.63,108.77,76.758,20.88,242.154,13549
14/12:12:47,12.15,4.65,108.77,76.725,20.88,242.176,13550
14/12:12:48,11.91,4.69,108.77,76.67,20.87,242.187,13551
14/12:12:48,11.85,4.69,108.78,76.659,20.87,242.198,13552
14/12:12:49,11.66,4.68,108.79,76.714,20.87,242.198,13553
14/12:12:49,11.13,4.56,108.82,76.703,20.87,242.22,13554
14/12:12:50,10.41,4.26,108.83,76.593,20.87,242.231,13555
14/12:12:51,9.69,3.92,108.86,76.571,20.87,242.242,13556
14/12:12:51,9.24,3.56,108.87,76.692,20.87,242.253,13557
14/12:12:52,9.3,2.85,108.81,76.681,20.87,242.275,13558
14/12:12:53,9.3,2.53,108.77,76.67,20.87,242.286,13559
14/12:12:53,9.47,2.19,108.73,76.747,20.86,242.297,13560
14/12:12:54,9.76,1.99,108.68,76.857,20.86,242.308,13561
14/12:12:55,9.97,1.98,108.65,76.934,20.86,242.308,13562
14/12:12:56,11.99,2.95,108.68,77.198,20.85,242.407,13563
14/12:12:57,11.94,3.27,108.71,77.231,20.85,242.418,13564
14/12:12:57,11.8,3.59,108.72,77.264,20.85,242.429,13565
14/12:12:58,11.56,3.94,108.76,77.275,20.85,242.44,13566
14/12:12:58,11.22,4.27,108.78,77.352,20.85,242.451,13567
14/12:12:59,10.82,4.59,108.81,77.396,20.85,242.462,13568
14/12:13:00,10.53,4.69,108.82,77.462,20.85,242.473,13569
14/12:13:00,10.3,4.69,108.83,77.594,20.84,242.484,13570
14/12:13:01,10.09,4.68,108.84,77.671,20.84,242.495,13571
14/12:13:02,10.07,4.67,108.85,77.781,20.84,242.506,13572
14/12:13:02,10.13,4.66,108.85,77.792,20.84,242.517,13573
14/12:13:03,10.33,4.66,108.83,77.781,20.84,242.528,13574
14/12:13:03,10.68,4.66,108.83,77.781,20.84,242.539,13575
14/12:13:04,10.97,4.67,108.82,77.792,20.84,242.55,13576
14/12:13:05,11.17,4.68,108.83,77.825,20.84,242.561,13577
14/12:13:05,11.23,4.68,108.84,77.858,20.84,242.572,13578
14/12:13:06,11.25,4.68,108.84,77.902,20.84,242.583,13579
14/12:13:07,10.99,4.68,108.85,78.001,20.83,242.605,13580
14/12:13:07,10.46,4.67,108.86,78.056,20.83,242.627,13581
14/12:13:08,10.14,4.65,108.87,78.067,20.83,242.649,13582
14/12:13:09,9.87,4.65,108.86,78.089,20.83,242.66,13583
14/12:13:09,9.76,4.65,108.88,78.133,20.83,242.671,13584
14/12:13:10,9.86,4.65,108.9,78.089,20.83,242.682,13585
14/12:13:11,9.76,4.66,108.92,77.891,20.83,242.693,13586
14/12:13:11,9.56,4.66,108.94,77.869,20.83,242.704,13587
14/12:13:12,9.26,4.66,108.96,77.88,20.83,242.715,13588
14/12:13:13,8.91,4.66,108.99,77.88,20.83,242.726,13589
14/12:13:13,8.83,4.67,109.01,77.902,20.83,242.748,13590
14/12:13:14,8.74,4.67,109.01,77.902,20.82,242.759,13591
14/12:13:15,8.62,4.67,109.01,77.836,20.82,242.77,13592
14/12:13:15,9.01,4.68,109.03,77.517,20.82,242.792,13593
14/12:13:16,9.2,4.68,109.04,77.528,20.82,242.803,13594
14/12:13:16,9.36,4.68,109.04,77.539,20.82,242.814,13595
14/12:13:17,9.43,4.68,109.05,77.583,20.82,242.825,13596
14/12:13:18,9.64,4.69,109.05,77.594,20.82,242.836,13597
14/12:13:18,9.56,4.7,109.07,77.605,20.82,242.847,13598
14/12:13:19,9.55,4.71,109.06,77.594,20.82,242.858,13599
14/12:13:20,9.42,4.72,109.04,77.616,20.82,242.88,13600
14/12:13:20,9.64,4.72,109.04,77.616,20.82,242.891,13601
14/12:13:21,9.82,4.74,109.04,77.594,20.82,242.902,13602
14/12:13:21,9.93,4.74,109.05,77.572,20.82,242.913,13603
14/12:13:22,9.83,4.74,109.04,77.55,20.81,242.924,13604
14/12:13:23,9.79,4.74,109.06,77.594,20.81,242.935,13605
14/12:13:23,9.56,4.73,109.07,77.682,20.81,242.957,13606
14/12:13:24,9.3,4.72,109.07,77.737,20.81,242.968,13607
14/12:13:25,9.04,4.72,109.08,77.748,20.81,242.968,13608
14/12:13:25,8.02,4.71,109.07,78.001,20.81,243.012,13609
14/12:13:26,7.99,4.7,109.07,78.133,20.81,243.023,13610
14/12:13:27,8.4,4.71,109.04,78.199,20.81,243.045,13611
14/12:13:27,8.71,4.72,109.04,78.177,20.81,243.056,13612
14/12:13:28,9.05,4.71,109.07,78.276,20.81,243.1,13613
14/12:13:29,8.92,4.72,109.06,78.265,20.8,243.111,13614
14/12:13:29,8.65,4.71,109.07,78.254,20.8,243.122,13615
14/12:13:30,8.4,4.7,109.07,78.287,20.8,243.133,13616
14/12:13:31,7.88,4.69,109.09,78.309,20.8,243.144,13617
14/12:13:31,7.51,4.67,109.1,78.254,20.8,243.155,13618
14/12:13:32,7.23,4.67,109.13,78.133,20.8,243.166,13619
14/12:13:33,7.03,4.68,109.14,78.144,20.8,243.177,13620
14/12:13:33,6.97,4.68,109.17,78.1,20.8,243.188,13621
14/12:13:34,6.75,4.67,109.22,77.781,20.8,243.21,13622
14/12:13:34,6.74,4.67,109.22,77.814,20.8,243.221,13623
14/12:13:35,7.21,4.68,109.23,77.693,20.8,243.243,13624
14/12:13:36,7.34,4.67,109.24,77.682,20.8,243.254,13625
14/12:13:36,7.28,4.66,109.24,77.627,20.8,243.265,13626
14/12:13:37,7.19,4.66,109.24,77.627,20.8,243.276,13627
14/12:13:38,6.99,4.66,109.25,77.561,20.8,243.309,13628
14/12:13:38,6.79,4.65,109.28,77.495,20.8,243.32,13629
14/12:13:39,6.49,4.64,109.28,77.44,20.8,243.331,13630
14/12:13:40,6.22,4.64,109.28,77.385,20.8,243.342,13631
14/12:13:40,6.07,4.65,109.28,77.396,20.8,243.353,13632
14/12:13:41,6.06,4.64,109.3,77.418,20.8,243.364,13633
14/12:13:41,6.24,4.64,109.28,77.209,20.8,243.386,13634
14/12:13:42,6.47,4.63,109.28,77.176,20.8,243.397,13635
14/12:13:43,6.73,4.64,109.27,77.132,20.8,243.408,13636
14/12:13:43,7.0,4.65,109.25,77.099,20.8,243.408,13637
14/12:13:44,7.65,4.65,109.24,77.154,20.79,243.441,13638
14/12:13:45,7.94,4.65,109.22,77.077,20.79,243.452,13639
14/12:13:45,8.24,4.65,109.22,76.934,20.79,243.474,13640
14/12:13:46,8.28,4.65,109.23,76.879,20.79,243.485,13641
14/12:13:47,8.35,4.62,109.26,76.901,20.79,243.507,13642
14/12:13:48,8.24,4.62,109.28,76.791,20.79,243.518,13643
14/12:13:48,8.13,4.62,109.28,76.67,20.79,243.529,13644
14/12:13:49,8.0,4.6,109.28,76.615,20.79,243.54,13645
14/12:13:50,8.0,4.61,109.3,76.692,20.79,243.551,13646
14/12:13:50,8.02,4.61,109.3,76.626,20.79,243.562,13647
14/12:13:51,8.08,4.61,109.3,76.516,20.79,243.573,13648
14/12:13:52,8.14,4.61,109.26,76.395,20.79,243.584,13649
14/12:13:52,8.19,4.63,109.25,76.329,20.79,243.595,13650
14/12:13:53,8.32,4.62,109.24,76.274,20.79,243.606,13651
14/12:13:53,8.3,4.61,109.23,76.252,20.79,243.617,13652
14/12:13:54,8.18,4.62,109.23,76.175,20.79,243.628,13653
14/12:13:55,8.03,4.62,109.21,76.175,20.78,243.639,13654
14/12:13:55,7.91,4.61,109.19,76.076,20.78,243.65,13655
14/12:13:56,7.52,4.6,109.18,75.878,20.78,243.672,13656
14/12:13:56,7.33,4.59,109.17,75.823,20.78,243.683,13657
14/12:13:57,7.07,4.57,109.17,75.812,20.78,243.694,13658
14/12:13:58,7.45,4.59,109.14,75.878,20.78,243.716,13659
14/12:13:58,7.83,4.59,109.1,75.933,20.78,243.716,13660
14/12:13:59,8.48,4.61,109.04,75.988,20.78,243.727,13661
14/12:14:00,9.28,4.62,108.98,76.098,20.78,243.749,13662
14/12:14:01,10.71,4.64,108.87,76.582,20.78,243.793,13663
14/12:14:01,10.68,4.63,108.86,76.736,20.78,243.804,13664
14/12:14:02,10.49,4.63,108.91,76.714,20.78,243.815,13665
14/12:14:02,10.01,4.62,108.95,76.791,20.77,243.826,13666
14/12:14:03,9.73,4.6,108.98,76.89,20.77,243.837,13667
14/12:14:04,9.87,4.59,109.0,76.89,20.77,243.848,13668
14/12:14:04,10.37,4.6,108.96,76.934,20.77,243.859,13669
14/12:14:05,10.99,4.59,108.94,77.055,20.77,243.87,13670
14/12:14:06,11.56,4.59,108.9,77.187,20.77,243.881,13671
14/12:14:06,12.02,4.57,108.86,77.308,20.77,243.903,13672
14/12:14:07,12.3,4.57,108.84,77.473,20.77,243.914,13673
14/12:14:08,12.43,4.57,108.81,77.561,20.77,243.914,13674
14/12:14:08,11.99,4.59,108.78,77.572,20.76,243.947,13675
14/12:14:09,11.68,4.59,108.79,77.737,20.76,243.958,13676
14/12:14:10,11.33,4.59,108.8,77.88,20.76,243.969,13677
14/12:14:10,11.12,4.59,108.82,77.935,20.76,243.98,13678
14/12:14:11,11.06,4.59,108.82,77.924,20.76,243.991,13679
14/12:14:11,10.63,4.56,108.84,77.902,20.76,244.013,13680
14/12:14:12,10.35,4.56,108.87,77.935,20.76,244.024,13681
14/12:14:13,10.11,4.56,108.89,77.935,20.76,244.035,13682
14/12:14:13,9.82,4.56,108.91,77.99,20.76,244.046,13683
14/12:14:14,9.49,4.56,108.94,78.089,20.76,244.057,13684
14/12:14:15,9.03,4.57,108.97,78.089,20.75,244.079,13685
14/12:14:15,8.86,4.59,108.98,78.122,20.75,244.09,13686
14/12:14:16,8.54,4.6,109.0,78.133,20.75,244.101,13687
14/12:14:16,8.27,4.6,109.04,78.111,20.75,244.112,13688
14/12:14:17,8.0,4.6,109.09,78.023,20.75,244.134,13689
14/12:14:18,7.86,4.61,109.13,77.869,20.75,244.145,13690
14/12:14:18,7.68,4.61,109.16,77.715,20.75,244.156,13691
14/12:14:19,7.39,4.61,109.19,77.616,20.75,244.167,13692
14/12:14:20,7.59,4.61,109.22,77.605,20.75,244.178,13693
14/12:14:20,7.83,4.6,109.24,77.561,20.75,244.189,13694
14/12:14:21,8.11,4.6,109.25,77.495,20.75,244.2,13695
14/12:14:22,8.19,4.6,109.25,77.363,20.75,244.211,13696
14/12:14:22,8.16,4.6,109.25,77.165,20.75,244.222,13697
14/12:14:23,8.2,4.59,109.25,77.099,20.75,244.244,13698
14/12:14:23,8.13,4.6,109.23,77.121,20.75,244.255,13699
14/12:14:24,8.07,4.6,109.24,77.033,20.75,244.266,13700
14/12:14:25,7.91,4.6,109.22,76.934,20.75,244.266,13701
14/12:14:25,7.73,4.6,109.22,76.901,20.74,244.288,13702
14/12:14:26,7.3,4.6,109.23,76.758,20.74,244.31,13703
14/12:14:27,7.08,4.6,109.24,76.67,20.74,244.321,13704
14/12:14:27,6.84,4.56,109.24,76.593,20.74,244.332,13705
14/12:14:28,6.71,4.56,109.27,76.494,20.74,244.343,13706
14/12:14:29,6.67,4.56,109.27,76.329,20.74,244.354,13707
14/12:14:29,7.06,4.56,109.3,76.175,20.74,244.387,13708
14/12:14:30,7.28,4.57,109.27,76.109,20.74,244.398,13709
14/12:14:30,7.5,4.59,109.26,76.076,20.74,244.409,13710
14/12:14:31,7.53,4.59,109.27,76.054,20.74,244.42,13711
14/12:14:32,7.33,4.57,109.24,75.922,20.74,244.442,13712
14/12:14:33,6.76,4.57,109.24,75.647,20.74,244.486,13713
14/12:14:33,6.65,4.57,109.22,75.592,20.74,244.497,13714
14/12:14:34,6.6,4.57,109.22,75.515,20.74,244.508,13715
14/12:14:35,6.78,4.59,109.25,75.449,20.74,244.508,13716
14/12:14:35,7.23,4.57,109.24,75.504,20.74,244.53,13717
14/12:14:36,7.77,4.57,109.19,75.581,20.74,244.552,13718
14/12:14:37,7.8,4.56,109.17,75.57,20.74,244.563,13719
14/12:14:37,8.1,4.57,109.16,75.515,20.73,244.574,13720
14/12:14:38,8.57,4.6,109.14,75.449,20.73,244.585,13721
14/12:14:39,9.05,4.61,109.11,75.526,20.73,244.596,13722
14/12:14:39,9.24,4.63,109.07,75.669,20.73,244.618,13723
14/12:14:40,9.06,4.62,109.07,75.68,20.73,244.629,13724
14/12:14:41,8.97,4.61,109.06,75.636,20.73,244.651,13725
14/12:14:41,8.84,4.6,109.06,75.592,20.73,244.662,13726
14/12:14:42,8.56,4.59,109.06,75.603,20.73,244.673,13727
14/12:14:43,8.47,4.57,109.06,75.603,20.73,244.684,13728
14/12:14:43,8.44,4.57,109.07,75.647,20.73,244.695,13729
14/12:14:44,8.64,4.57,109.06,75.526,20.73,244.706,13730
14/12:14:44,8.83,4.57,109.05,75.526,20.73,244.717,13731
14/12:14:45,9.0,4.59,109.06,75.625,20.73,244.728,13732
14/12:14:46,9.17,4.59,109.06,75.702,20.73,244.739,13733
14/12:14:46,9.28,4.59,109.07,75.713,20.72,244.75,13734
14/12:14:47,9.28,4.57,109.07,75.669,20.72,244.761,13735
14/12:14:47,9.09,4.57,109.08,75.68,20.72,244.772,13736
14/12:14:48,8.78,4.56,109.08,75.625,20.72,244.783,13737
14/12:14:49,8.59,4.56,109.08,75.581,20.72,244.794,13738
14/12:14:49,8.68,4.56,109.07,75.361,20.72,244.816,13739
14/12:14:50,9.22,4.56,109.06,75.449,20.72,244.827,13740
14/12:14:51,9.88,4.57,109.02,75.702,20.72,244.86,13741
14/12:14:51,10.12,4.57,109.01,75.735,20.72,244.871,13742
14/12:14:52,10.08,4.47,109.07,75.702,20.72,244.882,13743
14/12:14:53,9.75,4.21,109.32,75.889,20.72,244.893,13744
14/12:14:53,9.54,3.98,109.54,76.153,20.71,244.904,13745
14/12:14:54,9.23,3.76,109.79,76.098,20.71,244.915,13746
14/12:14:54,8.94,3.49,110.03,76.109,20.71,244.926,13747
14/12:14:55,8.64,3.25,110.26,76.153,20.71,244.937,13748
14/12:14:56,8.54,3.11,110.4,76.164,20.71,244.948,13749
14/12:14:56,8.55,3.12,110.38,75.977,20.71,244.959,13750
14/12:14:57,8.85,3.32,110.22,75.757,20.71,244.97,13751
14/12:14:58,9.16,3.59,109.96,75.812,20.71,244.981,13752
14/12:14:58,9.42,3.79,109.67,75.801,20.71,244.992,13753
14/12:14:59,10.02,4.07,109.42,75.757,20.71,245.003,13754
14/12:14:59,10.61,4.31,109.16,75.801,20.71,245.014,13755
14/12:15:00,11.1,4.56,108.88,75.845,20.71,245.025,13756
14/12:15:01,11.32,4.65,108.83,75.867,20.7,245.036,13757
14/12:15:01,11.39,4.65,108.82,76.065,20.7,245.047,13758
14/12:15:02,11.69,4.66,108.78,76.208,20.7,245.058,13759
14/12:15:03,11.95,4.64,108.76,76.373,20.7,245.069,13760
14/12:15:03,12.01,4.65,108.75,76.527,20.7,245.08,13761
14/12:15:04,11.79,4.65,108.72,76.703,20.7,245.091,13762
14/12:15:05,11.15,4.61,108.69,77.176,20.69,245.157,13763
14/12:15:05,11.11,4.62,108.69,77.275,20.69,245.168,13764
14/12:15:06,11.15,4.62,108.7,77.385,20.69,245.179,13765
14/12:15:07,11.15,4.6,108.71,77.407,20.69,245.19,13766
14/12:15:07,11.14,4.6,108.71,77.484,20.69,245.201,13767
14/12:15:08,11.15,4.6,108.71,77.561,20.69,245.212,13768
14/12:15:09,11.11,4.6,108.71,77.627,20.69,245.223,13769
14/12:15:09,11.05,4.59,108.71,77.737,20.69,245.234,13770
14/12:15:10,11.07,4.57,108.72,77.748,20.69,245.256,13771
14/12:15:11,10.98,4.56,108.72,77.759,20.68,245.256,13772
14/12:15:11,10.89,4.56,108.71,77.814,20.68,245.278,13773
14/12:15:12,10.93,4.59,108.73,78.276,20.68,245.311,13774
14/12:15:13,10.75,4.57,108.75,78.408,20.68,245.322,13775
14/12:15:13,10.4,4.59,108.76,78.408,20.68,245.333,13776
14/12:15:14,10.1,4.6,108.8,78.364,20.68,245.344,13777
14/12:15:14,9.81,4.6,108.85,78.254,20.68,245.355,13778
14/12:15:15,9.14,4.59,108.96,78.21,20.68,245.377,13779
14/12:15:16,8.17,4.6,109.05,78.023,20.67,245.399,13780
14/12:15:16,8.02,4.6,109.11,77.99,20.67,245.41,13781
14/12:15:17,8.0,4.59,109.11,78.034,20.67,245.421,13782
14/12:15:18,7.96,4.59,109.1,78.078,20.67,245.432,13783
14/12:15:18,8.03,4.57,109.07,78.056,20.67,245.443,13784
14/12:15:19,8.07,4.56,109.04,78.067,20.67,245.454,13785
14/12:15:20,8.15,4.56,109.01,78.166,20.67,245.465,13786
14/12:15:20,8.45,4.56,108.99,78.21,20.67,245.476,13787
14/12:15:21,8.82,4.57,108.94,78.089,20.67,245.498,13788
14/12:15:21,8.74,4.6,108.97,78.078,20.67,245.509,13789
14/12:15:22,8.67,4.62,108.99,78.045,20.67,245.52,13790
14/12:15:23,8.63,4.63,109.02,77.957,20.67,245.531,13791
14/12:15:23,8.51,4.64,109.04,77.88,20.67,245.542,13792
14/12:15:24,8.12,4.64,109.06,77.781,20.67,245.553,13793
14/12:15:25,7.64,4.64,109.1,77.66,20.67,245.564,13794
14/12:15:25,6.95,4.62,109.11,77.495,20.67,245.597,13795
14/12:15:26,6.77,4.61,109.12,77.462,20.67,245.608,13796
14/12:15:27,6.62,4.59,109.13,77.451,20.67,245.608,13797
14/12:15:27,6.32,4.57,109.13,77.429,20.66,245.63,13798
14/12:15:28,6.19,4.57,109.16,77.275,20.66,245.641,13799
14/12:15:29,6.35,4.56,109.15,77.143,20.66,245.652,13800
14/12:15:29,6.38,4.56,109.17,77.077,20.66,245.663,13801
14/12:15:30,6.49,4.56,109.17,76.956,20.66,245.674,13802
14/12:15:31,6.62,4.56,109.17,76.868,20.66,245.685,13803
14/12:15:31,6.62,4.56,109.15,76.802,20.66,245.707,13804
14/12:15:32,6.63,4.56,109.16,76.615,20.66,245.718,13805
14/12:15:33,6.56,4.56,109.16,76.45,20.66,245.729,13806
14/12:15:33,6.44,4.56,109.17,76.208,20.66,245.74,13807
14/12:15:34,6.56,4.55,109.16,76.076,20.66,245.751,13808
14/12:15:35,6.74,4.56,109.16,75.922,20.66,245.762,13809
14/12:15:35,6.92,4.56,109.18,75.779,20.66,245.773,13810
14/12:15:36,6.96,4.56,109.18,75.768,20.66,245.784,13811
14/12:15:37,6.97,4.55,109.2,75.691,20.66,245.795,13812
14/12:15:38,6.45,4.51,109.19,74.899,20.66,245.872,13813
14/12:15:39,6.88,4.51,109.21,74.646,20.66,245.894,13814
14/12:15:40,6.89,4.5,109.21,74.558,20.66,245.905,13815
14/12:15:40,6.8,4.5,109.21,74.47,20.66,245.916,13816
14/12:15:41,6.68,4.51,109.21,74.316,20.66,245.916,13817
14/12:15:42,6.85,4.53,109.2,74.173,20.66,245.927,13818
14/12:15:42,7.59,4.55,109.16,74.151,20.66,245.949,13819
14/12:15:43,8.04,4.56,109.13,74.217,20.65,245.96,13820
14/12:15:44,8.44,4.56,109.07,74.25,20.65,245.971,13821
14/12:15:44,9.15,4.59,109.0,74.25,20.65,245.982,13822
14/12:15:45,10.06,4.61,108.92,74.371,20.65,245.993,13823
14/12:15:45,10.94,4.62,108.84,74.525,20.65,246.004,13824
14/12:15:46,12.19,4.6,108.75,74.701,20.65,246.015,13825
14/12:15:47,12.83,4.6,108.67,74.943,20.65,246.026,13826
14/12:15:47,12.55,4.59,108.65,74.965,20.65,246.037,13827
14/12:15:48,12.5,4.57,108.65,74.822,20.65,246.048,13828
14/12:15:49,12.57,4.57,108.66,74.679,20.65,246.059,13829
14/12:15:49,12.21,4.56,108.69,74.734,20.65,246.07,13830
14/12:15:50,11.59,4.55,108.73,74.855,20.64,246.081,13831
14/12:15:51,10.22,4.56,108.81,74.844,20.64,246.103,13832
14/12:15:51,10.06,4.56,108.86,74.767,20.64,246.125,13833
14/12:15:52,10.22,4.59,108.86,74.866,20.64,246.136,13834
14/12:15:52,10.06,4.57,108.85,75.031,20.64,246.147,13835
14/12:15:53,9.83,4.57,108.85,75.097,20.64,246.158,13836
14/12:15:54,9.73,4.56,108.85,75.075,20.64,246.158,13837
14/12:15:54,9.71,4.56,108.88,75.064,20.64,246.18,13838
14/12:15:55,9.86,4.56,108.89,74.998,20.64,246.191,13839
14/12:15:56,10.05,4.57,108.89,75.009,20.64,246.202,13840
14/12:15:56,9.86,4.56,108.91,75.097,20.63,246.224,13841
14/12:15:57,9.79,4.56,108.91,75.174,20.63,246.235,13842
14/12:15:57,9.79,4.57,108.91,75.108,20.63,246.235,13843
14/12:15:58,9.89,4.61,108.9,75.108,20.63,246.246,13844
14/12:15:59,10.23,4.62,108.85,75.196,20.63,246.268,13845
14/12:15:59,10.54,4.62,108.83,75.196,20.63,246.279,13846
14/12:16:00,10.76,4.61,108.79,75.394,20.63,246.279,13847
14/12:16:01,11.4,4.62,108.74,75.812,20.63,246.312,13848
14/12:16:01,11.78,4.62,108.72,75.977,20.63,246.323,13849
14/12:16:02,12.08,4.63,108.69,76.043,20.62,246.323,13850
14/12:16:03,12.3,4.64,108.67,76.087,20.62,246.334,13851
14/12:16:03,12.28,4.65,108.68,76.153,20.62,246.356,13852
14/12:16:04,11.91,4.66,108.68,76.23,20.62,246.378,13853
14/12:16:05,11.66,4.66,108.67,76.23,20.62,246.389,13854
14/12:16:05,11.5,4.67,108.67,76.263,20.62,246.4,13855
14/12:16:06,11.54,4.66,108.68,76.274,20.62,246.411,13856
14/12:16:06,11.67,4.66,108.68,76.329,20.62,246.422,13857
14/12:16:07,11.86,4.65,108.68,76.406,20.62,246.433,13858
14/12:16:08,12.07,4.65,108.68,76.483,20.61,246.444,13859
14/12:16:08,12.28,4.66,108.69,76.593,20.61,246.455,13860
14/12:16:09,12.55,4.66,108.69,76.78,20.61,246.466,13861
14/12:16:10,12.93,4.66,108.7,76.901,20.61,246.488,13862
14/12:16:11,11.12,4.66,108.74,77.693,20.6,246.554,13863
14/12:16:11,10.5,4.66,108.78,77.649,20.6,246.565,13864
14/12:16:12,10.03,4.66,108.81,77.66,20.6,246.576,13865
14/12:16:13,9.64,4.65,108.82,77.671,20.6,246.587,13866
14/12:16:13,9.43,4.65,108.84,77.66,20.6,246.598,13867
14/12:16:14,9.24,4.65,108.84,77.693,20.6,246.609,13868
14/12:16:15,9.24,4.66,108.86,77.594,20.6,246.631,13869
14/12:16:15,9.97,4.66,108.81,77.55,20.6,246.653,13870
14/12:16:16,10.03,4.66,108.8,77.616,20.6,246.664,13871
14/12:16:17,10.36,4.66,108.8,77.704,20.59,246.686,13872
14/12:16:18,10.62,4.66,108.8,77.671,20.59,246.697,13873
14/12:16:18,10.84,4.66,108.81,77.715,20.59,246.708,13874
14/12:16:19,10.97,4.66,108.81,77.836,20.59,246.708,13875
14/12:16:20,11.11,4.68,108.8,78.067,20.59,246.741,13876
14/12:16:20,11.34,4.7,108.81,78.111,20.59,246.752,13877
14/12:16:21,11.44,4.73,108.81,78.122,20.59,246.763,13878
14/12:16:21,11.24,4.76,108.8,78.199,20.59,246.774,13879
14/12:16:22,10.79,4.76,108.81,78.199,20.59,246.785,13880
14/12:16:23,9.75,4.78,108.85,78.188,20.57,246.829,13881
14/12:16:24,9.31,4.78,108.88,78.166,20.57,246.84,13882
14/12:16:24,8.82,4.77,108.88,78.144,20.57,246.851,13883
14/12:16:25,8.51,4.76,108.89,78.155,20.57,246.862,13884
14/12:16:25,8.37,4.75,108.92,78.111,20.57,246.873,13885
14/12:16:26,8.42,4.76,108.91,78.089,20.57,246.884,13886
14/12:16:27,8.55,4.77,108.9,77.99,20.57,246.895,13887
14/12:16:27,8.79,4.78,108.9,77.836,20.57,246.906,13888
14/12:16:28,8.81,4.78,108.91,77.77,20.57,246.917,13889
14/12:16:29,8.9,4.77,108.91,77.803,20.57,246.928,13890
14/12:16:29,9.0,4.78,108.92,77.803,20.57,246.939,13891
14/12:16:30,9.02,4.77,108.93,77.792,20.57,246.95,13892
14/12:16:31,9.05,4.78,108.93,77.748,20.57,246.961,13893
14/12:16:31,8.98,4.77,108.93,77.715,20.56,246.972,13894
14/12:16:32,8.91,4.77,108.93,77.726,20.56,246.983,13895
14/12:16:32,8.91,4.76,108.93,77.66,20.56,246.994,13896
14/12:16:33,8.87,4.76,108.92,77.583,20.56,247.005,13897
14/12:16:34,8.73,4.74,108.92,77.583,20.56,247.016,13898
14/12:16:34,8.63,4.73,108.92,77.55,20.56,247.016,13899
14/12:16:35,8.55,4.72,108.92,77.594,20.56,247.027,13900
14/12:16:36,8.55,4.7,108.93,77.693,20.56,247.049,13901
14/12:16:36,8.39,4.68,108.94,77.814,20.56,247.082,13902
14/12:16:37,8.48,4.68,108.93,77.781,20.56,247.093,13903
14/12:16:38,8.8,4.68,108.94,77.803,20.56,247.104,13904
14/12:16:38,8.98,4.67,108.94,77.836,20.56,247.115,13905
14/12:16:39,9.26,4.67,108.95,77.836,20.56,247.126,13906
14/12:16:40,9.52,4.67,108.96,77.737,20.56,247.148,13907
14/12:16:40,9.55,4.67,108.99,77.693,20.56,247.159,13908
14/12:16:41,9.41,4.66,108.98,77.759,20.56,247.181,13909
14/12:16:41,9.21,4.65,108.98,77.825,20.56,247.192,13910
14/12:16:42,8.86,4.64,108.98,77.88,20.56,247.203,13911
14/12:16:43,8.69,4.65,108.98,77.858,20.56,247.214,13912
14/12:16:44,8.8,4.66,108.93,77.737,20.56,247.269,13913
14/12:16:45,9.06,4.67,108.92,77.726,20.56,247.28,13914
14/12:16:45,9.09,4.67,108.92,77.671,20.56,247.302,13915
14/12:16:46,8.99,4.67,108.92,77.66,20.56,247.313,13916
14/12:16:47,8.91,4.67,108.93,77.649,20.56,247.324,13917
14/12:16:47,8.86,4.66,108.95,77.649,20.56,247.335,13918
14/12:16:48,8.72,4.66,108.96,77.682,20.55,247.346,13919
14/12:16:49,8.55,4.65,108.97,77.726,20.55,247.357,13920
14/12:16:49,8.5,4.64,108.98,77.77,20.55,247.368,13921
14/12:16:50,8.68,4.65,108.96,77.759,20.55,247.379,13922
14/12:16:51,9.22,4.64,108.96,77.649,20.55,247.401,13923
14/12:16:51,9.49,4.64,108.96,77.539,20.55,247.412,13924
14/12:16:52,9.67,4.65,108.97,77.484,20.55,247.423,13925
14/12:16:52,9.51,4.64,108.95,77.308,20.55,247.445,13926
14/12:16:53,9.34,4.63,108.95,77.308,20.55,247.456,13927
14/12:16:54,9.12,4.63,108.96,77.253,20.55,247.467,13928
14/12:16:55,8.4,4.61,108.97,77.132,20.55,247.511,13929
14/12:16:55,8.39,4.61,108.95,77.132,20.54,247.511,13930
14/12:16:56,8.38,4.61,108.95,77.033,20.54,247.522,13931
14/12:16:57,8.33,4.61,108.97,77.011,20.54,247.533,13932
14/12:16:57,8.34,4.61,108.96,77.0,20.54,247.555,13933
14/12:16:58,8.38,4.61,108.94,77.0,20.54,247.577,13934
14/12:16:59,8.63,4.61,108.94,77.022,20.54,247.588,13935
14/12:16:59,8.7,4.62,108.96,77.044,20.54,247.599,13936
14/12:17:00,8.67,4.65,108.96,77.0,20.54,247.61,13937
14/12:17:00,8.67,4.7,108.95,77.077,20.54,247.632,13938
14/12:17:01,8.63,4.71,108.95,77.088,20.54,247.643,13939
14/12:17:02,8.48,4.73,108.95,77.154,20.54,247.654,13940
14/12:17:02,8.4,4.74,108.95,77.132,20.54,247.665,13941
14/12:17:03,8.12,4.74,108.96,77.055,20.54,247.676,13942
14/12:17:04,7.92,4.75,108.95,77.0,20.54,247.687,13943
14/12:17:04,7.85,4.73,108.94,76.978,20.54,247.698,13944
14/12:17:05,7.9,4.71,108.95,76.901,20.54,247.709,13945
14/12:17:06,7.97,4.69,108.94,76.802,20.53,247.72,13946
14/12:17:06,8.15,4.68,108.94,76.626,20.53,247.742,13947
14/12:17:07,8.23,4.69,108.94,76.637,20.53,247.753,13948
14/12:17:08,8.33,4.7,108.95,76.648,20.53,247.764,13949
14/12:17:08,8.42,4.7,108.94,76.67,20.53,247.775,13950
14/12:17:09,8.5,4.7,108.95,76.516,20.53,247.786,13951
14/12:17:09,8.44,4.71,108.94,76.472,20.53,247.797,13952
14/12:17:10,8.44,4.72,108.94,76.395,20.53,247.808,13953
14/12:17:11,8.34,4.71,108.93,76.362,20.53,247.808,13954
14/12:17:11,8.26,4.7,108.94,76.274,20.53,247.83,13955
14/12:17:12,8.18,4.68,108.94,76.142,20.53,247.841,13956
14/12:17:13,8.09,4.67,108.94,76.076,20.53,247.852,13957
14/12:17:13,8.03,4.67,108.95,75.977,20.53,247.874,13958
14/12:17:14,8.05,4.66,108.94,75.922,20.53,247.885,13959
14/12:17:15,8.23,4.67,108.95,75.845,20.53,247.896,13960
14/12:17:15,8.45,4.69,108.95,75.878,20.53,247.907,13961
14/12:17:16,8.63,4.7,108.94,75.977,20.53,247.918,13962
14/12:17:17,10.08,4.67,108.81,76.175,20.52,247.973,13963
14/12:17:18,10.28,4.65,108.76,76.153,20.52,247.984,13964
14/12:17:18,10.68,4.65,108.76,76.175,20.52,247.995,13965
14/12:17:19,10.98,4.65,108.75,76.142,20.52,248.006,13966
14/12:17:20,11.14,4.65,108.75,76.142,20.52,248.017,13967
14/12:17:20,11.24,4.65,108.74,76.197,20.52,248.028,13968
14/12:17:21,11.47,4.66,108.75,76.208,20.52,248.039,13969
14/12:17:22,11.84,4.66,108.74,76.197,20.52,248.05,13970
14/12:17:22,12.02,4.67,108.74,76.109,20.51,248.061,13971
14/12:17:23,11.93,4.68,108.75,75.966,20.51,248.072,13972
14/12:17:23,11.66,4.67,108.73,75.9,20.51,248.083,13973
14/12:17:24,11.26,4.66,108.75,75.856,20.51,248.094,13974
14/12:17:25,10.94,4.66,108.74,75.735,20.51,248.105,13975
14/12:17:25,10.63,4.66,108.77,75.647,20.51,248.116,13976
14/12:17:26,10.18,4.65,108.78,75.537,20.51,248.116,13977
14/12:17:27,9.85,4.66,108.79,75.493,20.51,248.127,13978
14/12:17:27,9.83,4.65,108.79,75.504,20.51,248.149,13979
14/12:17:28,10.06,4.64,108.76,75.515,20.51,248.16,13980
14/12:17:29,10.55,4.64,108.74,75.581,20.51,248.171,13981
14/12:17:29,11.15,4.65,108.72,75.647,20.5,248.182,13982
14/12:17:30,11.69,4.65,108.7,75.845,20.5,248.193,13983
14/12:17:31,12.19,4.66,108.66,76.142,20.5,248.204,13984
14/12:17:31,12.78,4.66,108.64,76.34,20.5,248.215,13985
14/12:17:32,13.16,4.65,108.64,76.516,20.5,248.226,13986
14/12:17:32,13.31,4.65,108.62,76.604,20.5,248.237,13987
14/12:17:33,13.36,4.64,108.62,76.769,20.5,248.248,13988
14/12:17:34,12.94,4.64,108.63,76.912,20.5,248.259,13989
14/12:17:34,12.32,4.65,108.65,77.022,20.49,248.27,13990
14/12:17:35,11.65,4.64,108.7,77.055,20.49,248.292,13991
14/12:17:36,11.02,4.62,108.73,77.0,20.49,248.292,13992
14/12:17:36,10.71,4.64,108.73,76.978,20.49,248.314,13993
14/12:17:37,10.64,4.64,108.76,77.055,20.49,248.325,13994
14/12:17:37,10.53,4.66,108.78,77.176,20.49,248.325,13995
14/12:17:38,10.65,4.65,108.78,77.297,20.49,248.347,13996
14/12:17:39,10.98,4.65,108.77,77.363,20.49,248.358,13997
14/12:17:39,11.31,4.65,108.75,77.407,20.49,248.369,13998
14/12:17:40,11.77,4.66,108.72,77.495,20.49,248.38,13999
14/12:17:41,11.9,4.64,108.7,77.517,20.49,248.391,14000
14/12:17:41,11.77,4.62,108.68,77.55,20.48,248.402,14001
14/12:17:42,11.6,4.61,108.67,77.572,20.48,248.413,14002
14/12:17:43,11.17,4.6,108.7,77.649,20.48,248.424,14003
14/12:17:43,10.82,4.6,108.71,77.616,20.48,248.435,14004
14/12:17:44,10.52,4.6,108.73,77.528,20.48,248.446,14005
14/12:17:44,10.08,4.6,108.77,77.407,20.48,248.457,14006
14/12:17:45,9.5,4.6,108.81,77.352,20.48,248.468,14007
14/12:17:46,9.06,4.61,108.85,77.297,20.48,248.479,14008
14/12:17:46,8.53,4.63,108.88,77.088,20.48,248.49,14009
14/12:17:47,8.19,4.62,108.9,76.89,20.48,248.501,14010
14/12:17:48,8.07,4.63,108.9,76.758,20.48,248.512,14011
14/12:17:48,8.01,4.63,108.94,76.681,20.48,248.523,14012
14/12:17:50,8.33,4.6,108.86,77.627,20.47,248.666,14013
14/12:17:50,8.31,4.61,108.87,77.66,20.47,248.677,14014
14/12:17:51,8.12,4.61,108.88,77.792,20.47,248.688,14015
14/12:17:52,7.72,4.62,108.92,77.781,20.47,248.721,14016
14/12:17:52,7.61,4.61,108.94,77.77,20.47,248.732,14017
14/12:17:53,7.66,4.62,108.97,77.726,20.47,248.743,14018
14/12:17:53,7.65,4.62,109.0,77.693,20.47,248.754,14019
14/12:17:54,7.63,4.62,109.0,77.649,20.46,248.765,14020
14/12:17:55,7.48,4.62,109.02,77.616,20.46,248.776,14021
14/12:17:55,7.41,4.63,109.06,77.572,20.46,248.787,14022
14/12:17:56,7.4,4.64,109.08,77.451,20.46,248.798,14023
14/12:17:57,7.18,4.65,109.11,77.286,20.46,248.82,14024
14/12:17:57,6.94,4.65,109.14,77.264,20.46,248.831,14025
14/12:17:58,6.67,4.65,109.15,77.099,20.46,248.842,14026
14/12:17:58,6.73,4.66,109.17,76.989,20.46,248.853,14027
14/12:17:59,6.92,4.68,109.17,76.835,20.46,248.864,14028
14/12:18:00,6.94,4.65,109.16,76.78,20.46,248.875,14029
14/12:18:01,7.78,4.64,109.07,76.395,20.46,248.908,14030
14/12:18:01,8.17,4.63,109.05,76.274,20.46,248.908,14031
14/12:18:02,8.66,4.61,109.0,76.252,20.46,248.941,14032
14/12:18:03,8.85,4.6,108.96,76.23,20.46,248.952,14033
14/12:18:03,9.06,4.62,108.94,76.131,20.46,248.963,14034
14/12:18:04,9.08,4.62,108.93,76.142,20.46,248.974,14035
14/12:18:05,8.93,4.62,108.94,76.065,20.46,248.985,14036
14/12:18:05,8.77,4.62,108.93,75.933,20.46,248.996,14037
14/12:18:06,8.72,4.62,108.9,75.735,20.45,249.007,14038
14/12:18:07,8.68,4.61,108.89,75.603,20.45,249.018,14039
14/12:18:07,8.97,4.6,108.83,75.284,20.45,249.04,14040
14/12:18:08,10.38,4.6,108.77,75.251,20.45,249.062,14041
14/12:18:09,10.9,4.59,108.72,75.273,20.45,249.073,14042
14/12:18:09,11.38,4.59,108.68,75.361,20.45,249.084,14043
14/12:18:10,11.63,4.57,108.68,75.306,20.45,249.095,14044
14/12:18:11,11.83,4.59,108.64,75.284,20.45,249.117,14045
14/12:18:11,11.86,4.6,108.63,75.24,20.44,249.128,14046
14/12:18:12,11.79,4.61,108.63,75.295,20.44,249.139,14047
14/12:18:13,11.73,4.6,108.62,75.416,20.44,249.15,14048
14/12:18:13,11.64,4.61,108.63,75.57,20.44,249.161,14049
14/12:18:14,11.54,4.61,108.64,75.68,20.44,249.172,14050
14/12:18:15,11.46,4.6,108.65,75.834,20.44,249.183,14051
14/12:18:15,11.44,4.61,108.64,75.966,20.44,249.194,14052
14/12:18:16,11.47,4.61,108.65,76.087,20.44,249.205,14053
14/12:18:17,11.23,4.61,108.65,76.131,20.44,249.216,14054
14/12:18:17,10.89,4.62,108.66,76.263,20.44,249.216,14055
14/12:18:18,10.84,4.62,108.67,76.472,20.44,249.227,14056
14/12:18:19,10.87,4.63,108.7,76.758,20.43,249.26,14057
14/12:18:19,10.99,4.63,108.72,76.956,20.43,249.271,14058
14/12:18:20,11.2,4.63,108.72,77.132,20.43,249.282,14059
14/12:18:21,11.55,4.64,108.71,77.286,20.43,249.293,14060
14/12:18:21,11.73,4.61,108.69,77.429,20.43,249.304,14061
14/12:18:22,11.77,4.6,108.69,77.539,20.43,249.315,14062
14/12:18:23,12.02,4.61,108.64,78.067,20.42,249.37,14063
14/12:18:23,11.7,4.6,108.67,78.166,20.42,249.381,14064
14/12:18:24,11.4,4.61,108.7,78.232,20.42,249.403,14065
14/12:18:24,10.61,4.61,108.72,78.232,20.42,249.414,14066
14/12:18:25,9.85,4.61,108.78,78.254,20.42,249.425,14067
14/12:18:26,9.25,4.61,108.82,78.243,20.42,249.436,14068
14/12:18:26,8.9,4.61,108.86,78.188,20.42,249.447,14069
14/12:18:27,8.48,4.6,108.89,78.1,20.42,249.458,14070
14/12:18:28,8.14,4.59,108.94,77.88,20.42,249.469,14071
14/12:18:28,7.71,4.59,108.96,77.726,20.42,249.48,14072
14/12:18:29,7.41,4.56,108.98,77.682,20.42,249.491,14073
14/12:18:30,7.34,4.56,109.0,77.616,20.41,249.502,14074
14/12:18:30,7.35,4.55,108.99,77.572,20.41,249.513,14075
14/12:18:31,7.24,4.54,108.99,77.583,20.41,249.524,14076
14/12:18:31,6.99,4.53,109.0,77.539,20.41,249.535,14077
14/12:18:32,6.66,4.53,108.99,77.495,20.41,249.546,14078
14/12:18:33,6.55,4.52,108.99,77.374,20.41,249.557,14079
14/12:18:33,6.55,4.54,108.99,77.253,20.41,249.568,14080
14/12:18:34,6.62,4.55,108.99,77.121,20.41,249.579,14081
14/12:18:35,6.64,4.56,108.98,77.099,20.41,249.59,14082
14/12:18:35,6.7,4.57,108.98,77.077,20.41,249.601,14083
14/12:18:36,6.84,4.57,108.98,76.967,20.41,249.612,14084
14/12:18:37,6.9,4.61,108.97,76.857,20.41,249.623,14085
14/12:18:37,6.91,4.61,108.99,76.703,20.41,249.634,14086
14/12:18:38,6.91,4.61,108.99,76.703,20.41,249.645,14087
14/12:18:39,7.04,4.61,108.98,76.615,20.41,249.656,14088
14/12:18:39,6.94,4.59,108.98,76.516,20.41,249.667,14089
14/12:18:40,6.92,4.57,109.0,76.395,20.41,249.678,14090
14/12:18:41,6.75,4.56,109.01,76.329,20.41,249.689,14091
14/12:18:41,6.61,4.56,109.02,76.296,20.41,249.7,14092
14/12:18:42,6.65,4.56,109.03,76.164,20.41,249.711,14093
14/12:18:43,6.73,4.56,109.02,76.065,20.41,249.722,14094
14/12:18:43,7.01,4.56,109.03,75.944,20.41,249.733,14095
14/12:18:44,7.28,4.56,109.03,75.834,20.41,249.744,14096
14/12:18:44,7.83,4.57,109.01,75.823,20.41,249.755,14097
14/12:18:45,8.25,4.6,108.99,75.735,20.41,249.766,14098
14/12:18:46,8.71,4.6,108.97,75.625,20.41,249.777,14099
14/12:18:46,9.21,4.61,108.93,75.57,20.41,249.788,14100
14/12:18:47,9.46,4.59,108.91,75.603,20.4,249.799,14101
14/12:18:48,9.67,4.59,108.87,75.559,20.4,249.81,14102
14/12:18:48,9.75,4.59,108.83,75.658,20.4,249.821,14103
14/12:18:49,9.96,4.59,108.8,75.735,20.4,249.832,14104
14/12:18:50,10.15,4.59,108.78,75.834,20.4,249.843,14105
14/12:18:50,10.26,4.57,108.76,75.944,20.4,249.854,14106
14/12:18:51,10.33,4.59,108.74,75.933,20.4,249.865,14107
14/12:18:51,10.38,4.56,108.72,75.834,20.4,249.876,14108
14/12:18:52,10.46,4.57,108.71,75.768,20.4,249.887,14109
14/12:18:53,10.6,4.59,108.71,75.702,20.4,249.898,14110
14/12:18:53,10.67,4.59,108.69,75.724,20.4,249.909,14111
14/12:18:54,10.66,4.59,108.69,75.724,20.4,249.92,14112
14/12:18:55,11.48,4.59,108.57,75.9,20.38,250.052,14113
14/12:18:55,11.68,4.6,108.56,75.988,20.38,250.063,14114
14/12:18:56,11.91,4.6,108.52,76.142,20.38,250.085,14115
14/12:18:57,11.76,4.59,108.51,76.12,20.38,250.107,14116
14/12:18:58,11.61,4.61,108.53,76.208,20.38,250.118,14117
14/12:18:58,11.56,4.63,108.53,76.285,20.38,250.129,14118
14/12:18:59,11.88,4.65,108.53,76.318,20.38,250.151,14119
14/12:19:00,12.36,4.67,108.53,76.56,20.37,250.162,14120
14/12:19:01,12.59,4.67,108.54,76.648,20.37,250.173,14121
14/12:19:02,12.77,4.7,108.54,76.978,20.37,250.206,14122
14/12:19:02,12.93,4.7,108.53,77.077,20.37,250.217,14123
14/12:19:03,13.04,4.71,108.54,77.143,20.37,250.228,14124
14/12:19:04,12.67,4.72,108.56,77.22,20.37,250.239,14125
14/12:19:04,12.2,4.71,108.59,77.352,20.37,250.25,14126
14/12:19:05,11.34,4.69,108.66,77.352,20.36,250.272,14127
14/12:19:06,10.92,4.66,108.69,77.396,20.36,250.283,14128
14/12:19:06,10.46,4.65,108.73,77.297,20.36,250.294,14129
14/12:19:07,10.0,4.64,108.76,77.231,20.36,250.305,14130
14/12:19:08,9.75,4.63,108.78,77.165,20.36,250.316,14131
14/12:19:08,9.64,4.62,108.79,77.209,20.36,250.316,14132
14/12:19:09,9.77,4.63,108.78,77.242,20.36,250.327,14133
14/12:19:10,9.73,4.62,108.79,77.286,20.36,250.349,14134
14/12:19:10,9.84,4.62,108.8,77.275,20.36,250.36,14135
14/12:19:11,10.12,4.63,108.79,77.231,20.36,250.371,14136
14/12:19:12,10.34,4.63,108.78,77.154,20.36,250.382,14137
14/12:19:12,10.5,4.63,108.78,77.143,20.35,250.393,14138
14/12:19:13,10.54,4.63,108.78,77.143,20.35,250.404,14139
14/12:19:14,10.56,4.63,108.78,77.176,20.35,250.415,14140
14/12:19:14,10.56,4.62,108.79,77.264,20.35,250.426,14141
14/12:19:15,10.47,4.62,108.79,77.231,20.35,250.437,14142
14/12:19:16,10.42,4.62,108.77,77.198,20.35,250.448,14143
14/12:19:16,10.35,4.62,108.77,77.242,20.35,250.459,14144
14/12:19:17,10.34,4.63,108.76,77.198,20.35,250.47,14145
14/12:19:18,10.4,4.64,108.77,77.165,20.35,250.481,14146
14/12:19:18,10.56,4.64,108.77,77.099,20.35,250.492,14147
14/12:19:19,10.7,4.62,108.78,76.857,20.34,250.514,14148
14/12:19:20,10.73,4.62,108.77,76.868,20.34,250.536,14149
14/12:19:20,10.61,4.6,108.78,76.901,20.34,250.547,14150
14/12:19:21,10.12,4.57,108.77,76.978,20.34,250.569,14151
14/12:19:22,9.82,4.57,108.78,77.011,20.34,250.58,14152
14/12:19:22,9.46,4.56,108.79,76.978,20.34,250.591,14153
14/12:19:23,9.25,4.59,108.78,76.912,20.34,250.602,14154
14/12:19:24,9.05,4.59,108.78,76.868,20.34,250.624,14155
14/12:19:24,8.87,4.59,108.79,76.901,20.34,250.635,14156
14/12:19:25,8.73,4.6,108.79,76.934,20.34,250.646,14157
14/12:19:25,8.59,4.57,108.78,76.912,20.34,250.646,14158
14/12:19:26,8.68,4.6,108.78,76.868,20.33,250.668,14159
14/12:19:27,8.68,4.56,108.78,76.857,20.33,250.679,14160
14/12:19:27,8.54,4.56,108.76,76.703,20.33,250.701,14161
14/12:19:28,8.48,4.59,108.76,76.703,20.33,250.712,14162
14/12:19:29,9.23,4.57,108.77,76.516,20.33,250.789,14163
14/12:19:30,9.37,4.55,108.77,76.472,20.33,250.811,14164
14/12:19:31,9.44,4.55,108.77,76.494,20.33,250.822,14165
14/12:19:31,9.52,4.55,108.76,76.593,20.33,250.833,14166
14/12:19:32,9.7,4.56,108.75,76.802,20.32,250.844,14167
14/12:19:32,10.07,4.6,108.76,76.923,20.32,250.855,14168
14/12:19:33,10.51,4.62,108.74,77.0,20.32,250.866,14169
14/12:19:34,10.78,4.64,108.75,77.143,20.32,250.877,14170
14/12:19:34,11.08,4.65,108.72,77.253,20.32,250.888,14171
14/12:19:35,11.4,4.67,108.72,77.308,20.32,250.899,14172
14/12:19:36,11.72,4.68,108.7,77.352,20.32,250.91,14173
14/12:19:36,11.89,4.66,108.7,77.363,20.32,250.921,14174
14/12:19:37,11.85,4.67,108.69,77.396,20.32,250.932,14175
14/12:19:38,11.75,4.67,108.68,77.484,20.32,250.943,14176
14/12:19:38,11.73,4.66,108.67,77.539,20.31,250.954,14177
14/12:19:39,11.55,4.64,108.67,77.528,20.31,250.965,14178
14/12:19:40,11.2,4.64,108.67,77.55,20.31,250.976,14179
14/12:19:40,10.8,4.64,108.66,77.66,20.31,250.987,14180
14/12:19:41,10.48,4.63,108.67,77.748,20.31,250.998,14181
14/12:19:42,10.11,4.62,108.68,77.836,20.31,251.009,14182
14/12:19:42,9.71,4.62,108.69,77.869,20.31,251.02,14183
14/12:19:43,9.02,4.62,108.7,77.891,20.31,251.042,14184
14/12:19:43,8.88,4.63,108.7,77.858,20.31,251.053,14185
14/12:19:44,8.93,4.63,108.71,77.902,20.31,251.064,14186
14/12:19:45,9.03,4.62,108.74,77.924,20.31,251.075,14187
14/12:19:45,9.16,4.62,108.75,77.847,20.31,251.086,14188
14/12:19:46,9.43,4.62,108.74,77.77,20.3,251.108,14189
14/12:19:47,9.72,4.62,108.74,77.693,20.3,251.108,14190
14/12:19:47,9.82,4.63,108.76,77.737,20.3,251.13,14191
14/12:19:48,9.9,4.64,108.76,77.77,20.3,251.141,14192
14/12:19:49,9.86,4.63,108.76,77.781,20.3,251.152,14193
14/12:19:49,9.75,4.63,108.76,77.682,20.3,251.163,14194
14/12:19:50,9.57,4.62,108.74,77.671,20.3,251.174,14195
14/12:19:51,9.33,4.63,108.74,77.748,20.3,251.185,14196
14/12:19:51,9.24,4.63,108.74,77.803,20.3,251.196,14197
14/12:19:52,9.16,4.63,108.75,77.869,20.3,251.207,14198
14/12:19:53,9.06,4.63,108.75,77.847,20.3,251.218,14199
14/12:19:53,9.04,4.63,108.75,77.869,20.3,251.229,14200
14/12:19:54,8.96,4.64,108.75,77.858,20.3,251.24,14201
14/12:19:55,8.88,4.65,108.77,77.858,20.3,251.251,14202
14/12:19:55,8.79,4.64,108.78,77.803,20.28,251.262,14203
14/12:19:56,8.66,4.65,108.78,77.77,20.28,251.273,14204
14/12:19:57,8.43,4.64,108.78,77.847,20.28,251.284,14205
14/12:19:57,8.44,4.64,108.78,77.858,20.28,251.295,14206
14/12:19:58,8.47,4.64,108.78,77.869,20.28,251.306,14207
14/12:19:59,8.33,4.64,108.79,77.759,20.28,251.317,14208
14/12:19:59,8.26,4.64,108.79,77.726,20.28,251.328,14209
14/12:20:00,8.14,4.64,108.8,77.693,20.28,251.339,14210
14/12:20:00,7.94,4.63,108.8,77.682,20.28,251.35,14211
14/12:20:01,7.87,4.63,108.82,77.704,20.28,251.361,14212
14/12:20:02,8.1,4.65,108.88,77.594,20.28,251.504,14213
14/12:20:03,7.97,4.64,108.88,77.572,20.28,251.515,14214
14/12:20:03,7.9,4.65,108.87,77.572,20.28,251.526,14215
14/12:20:04,7.83,4.64,108.87,77.517,20.28,251.537,14216
14/12:20:05,7.74,4.64,108.86,77.418,20.28,251.548,14217
14/12:20:05,7.73,4.64,108.85,77.407,20.28,251.559,14218
14/12:20:06,7.73,4.64,108.87,77.374,20.28,251.57,14219
14/12:20:07,7.72,4.64,108.88,77.308,20.28,251.581,14220
14/12:20:07,7.84,4.63,108.87,77.275,20.28,251.592,14221
14/12:20:08,8.08,4.63,108.87,77.242,20.28,251.614,14222
14/12:20:08,8.36,4.64,108.88,77.209,20.28,251.625,14223
14/12:20:09,8.46,4.64,108.87,77.121,20.28,251.636,14224
14/12:20:10,8.5,4.65,108.87,76.989,20.28,251.647,14225
14/12:20:10,8.41,4.65,108.86,77.033,20.28,251.658,14226
14/12:20:11,8.33,4.65,108.86,77.055,20.28,251.669,14227
14/12:20:12,8.2,4.66,108.86,76.989,20.28,251.68,14228
14/12:20:12,7.98,4.65,108.85,76.989,20.27,251.691,14229
14/12:20:13,7.45,4.65,108.85,76.868,20.27,251.713,14230
14/12:20:14,7.37,4.65,108.85,76.802,20.27,251.724,14231
14/12:20:14,7.27,4.64,108.86,76.813,20.27,251.735,14232
14/12:20:15,7.28,4.65,108.86,76.769,20.27,251.746,14233
14/12:20:16,7.31,4.66,108.86,76.78,20.27,251.757,14234
14/12:20:16,7.43,4.7,108.87,76.692,20.27,251.768,14235
14/12:20:17,7.55,4.72,108.87,76.659,20.27,251.779,14236
14/12:20:18,7.74,4.74,108.87,76.659,20.27,251.79,14237
14/12:20:18,7.85,4.74,108.88,76.593,20.27,251.801,14238
14/12:20:19,7.96,4.75,108.89,76.56,20.27,251.812,14239
14/12:20:19,8.14,4.75,108.88,76.582,20.27,251.823,14240
14/12:20:20,8.24,4.75,108.89,76.549,20.27,251.834,14241
14/12:20:21,8.33,4.75,108.9,76.439,20.27,251.845,14242
14/12:20:21,8.42,4.72,108.88,76.351,20.27,251.856,14243
14/12:20:22,8.59,4.71,108.88,76.351,20.27,251.867,14244
14/12:20:23,8.6,4.7,108.86,76.307,20.27,251.878,14245
14/12:20:23,8.54,4.7,108.85,76.208,20.27,251.889,14246
14/12:20:24,8.44,4.69,108.84,76.208,20.27,251.9,14247
14/12:20:25,8.13,4.66,108.85,76.109,20.26,251.922,14248
14/12:20:25,7.96,4.65,108.85,75.977,20.26,251.933,14249
14/12:20:26,7.71,4.64,108.87,75.955,20.26,251.944,14250
14/12:20:26,7.77,4.63,108.87,76.131,20.26,251.966,14251
14/12:20:27,7.8,4.64,108.87,76.164,20.26,251.977,14252
14/12:20:28,7.91,4.64,108.86,76.186,20.26,251.988,14253
14/12:20:28,7.96,4.65,108.85,76.153,20.26,252.01,14254
14/12:20:29,7.95,4.65,108.85,76.087,20.26,252.01,14255
14/12:20:30,7.94,4.64,108.85,76.032,20.26,252.021,14256
14/12:20:30,7.91,4.65,108.84,76.021,20.26,252.043,14257
14/12:20:31,7.93,4.64,108.83,76.032,20.26,252.054,14258
14/12:20:32,7.87,4.61,108.83,75.878,20.26,252.065,14259
14/12:20:32,7.94,4.6,108.8,75.9,20.26,252.087,14260
14/12:20:33,8.23,4.61,108.79,75.944,20.26,252.098,14261
14/12:20:34,8.59,4.61,108.78,75.988,20.26,252.109,14262
14/12:20:35,9.01,4.63,108.79,75.988,20.25,252.197,14263
14/12:20:35,9.13,4.63,108.79,75.999,20.25,252.208,14264
14/12:20:36,9.3,4.65,108.78,76.01,20.25,252.208,14265
14/12:20:37,9.49,4.65,108.77,76.043,20.25,252.23,14266
14/12:20:37,9.67,4.66,108.79,76.043,20.25,252.241,14267
14/12:20:38,9.79,4.66,108.78,76.065,20.25,252.252,14268
14/12:20:39,9.73,4.67,108.75,76.153,20.25,252.274,14269
14/12:20:39,9.49,4.66,108.75,76.208,20.25,252.285,14270
14/12:20:40,9.42,4.65,108.76,76.164,20.25,252.296,14271
14/12:20:41,9.46,4.64,108.76,76.098,20.24,252.318,14272
14/12:20:41,9.5,4.66,108.76,76.12,20.24,252.329,14273
14/12:20:42,9.5,4.67,108.75,76.208,20.24,252.34,14274
14/12:20:43,9.52,4.68,108.77,76.197,20.24,252.351,14275
14/12:20:44,9.5,4.68,108.77,76.032,20.24,252.373,14276
14/12:20:44,9.06,4.68,108.75,76.054,20.24,252.395,14277
14/12:20:45,8.79,4.68,108.75,76.043,20.24,252.406,14278
14/12:20:46,8.85,4.68,108.76,76.076,20.24,252.428,14279
14/12:20:46,9.05,4.68,108.74,76.098,20.24,252.439,14280
14/12:20:47,9.19,4.68,108.75,76.131,20.24,252.45,14281
14/12:20:48,9.19,4.67,108.74,76.164,20.24,252.461,14282
14/12:20:48,9.23,4.67,108.75,76.153,20.23,252.472,14283
14/12:20:49,9.23,4.67,108.74,76.098,20.23,252.483,14284
14/12:20:50,9.25,4.66,108.75,76.065,20.23,252.494,14285
14/12:20:50,9.2,4.66,108.76,76.109,20.23,252.505,14286
14/12:20:51,9.04,4.67,108.76,76.109,20.23,252.516,14287
14/12:20:52,8.94,4.67,108.77,76.109,20.23,252.516,14288
14/12:20:52,9.28,4.68,108.77,76.131,20.23,252.549,14289
14/12:20:53,9.59,4.67,108.77,76.109,20.23,252.56,14290
14/12:20:54,10.26,4.71,108.73,76.175,20.23,252.582,14291
14/12:20:54,10.59,4.7,108.72,76.34,20.23,252.593,14292
14/12:20:55,10.8,4.7,108.71,76.494,20.23,252.604,14293
14/12:20:55,11.0,4.69,108.69,76.67,20.22,252.615,14294
14/12:20:56,11.18,4.68,108.68,76.725,20.22,252.626,14295
14/12:20:57,11.28,4.69,108.67,76.791,20.22,252.637,14296
14/12:20:57,11.4,4.69,108.66,76.824,20.22,252.648,14297
14/12:20:58,11.43,4.68,108.66,76.901,20.22,252.659,14298
14/12:20:59,11.44,4.66,108.66,76.956,20.22,252.67,14299
14/12:20:59,11.36,4.66,108.65,77.066,20.22,252.692,14300
14/12:21:00,11.27,4.66,108.65,77.011,20.22,252.703,14301
14/12:21:01,10.84,4.64,108.65,76.978,20.22,252.725,14302
14/12:21:01,10.63,4.64,108.64,77.044,20.21,252.736,14303
14/12:21:02,10.43,4.63,108.64,77.044,20.21,252.747,14304
14/12:21:03,10.3,4.63,108.62,77.011,20.21,252.758,14305
14/12:21:03,10.18,4.63,108.63,77.077,20.21,252.769,14306
14/12:21:04,10.06,4.63,108.6,77.11,20.21,252.78,14307
14/12:21:04,10.02,4.64,108.61,77.165,20.21,252.791,14308
14/12:21:05,9.97,4.65,108.63,77.253,20.21,252.813,14309
14/12:21:06,9.81,4.63,108.64,77.308,20.21,252.824,14310
14/12:21:06,9.73,4.64,108.65,77.308,20.21,252.824,14311
14/12:21:07,9.6,4.64,108.65,77.341,20.21,252.835,14312
14/12:21:08,8.23,3.72,109.7,78.1,20.2,252.901,14313
14/12:21:09,8.01,3.52,109.92,78.078,20.2,252.912,14314
14/12:21:09,8.14,3.52,109.92,77.847,20.2,252.923,14315
14/12:21:10,8.3,3.51,109.92,77.616,20.2,252.934,14316
14/12:21:11,8.8,3.59,109.84,77.528,20.2,252.945,14317
14/12:21:11,9.34,3.79,109.6,77.462,20.2,252.956,14318
14/12:21:12,9.8,3.99,109.35,77.462,20.2,252.967,14319
14/12:21:12,10.08,4.24,109.12,77.462,20.2,252.978,14320
14/12:21:13,10.38,4.41,108.9,77.495,20.2,252.989,14321
14/12:21:14,10.51,4.61,108.67,77.561,20.2,253.011,14322
14/12:21:14,10.24,4.61,108.68,77.55,20.19,253.022,14323
14/12:21:15,9.54,4.47,108.82,77.715,20.19,253.044,14324
14/12:21:16,8.91,4.19,109.06,77.957,20.19,253.055,14325
14/12:21:16,8.51,3.98,109.31,78.298,20.19,253.066,14326
14/12:21:17,8.16,3.76,109.56,78.364,20.19,253.077,14327
14/12:21:18,7.64,3.31,110.08,78.43,20.19,253.099,14328
14/12:21:19,7.54,3.12,110.31,78.551,20.19,253.11,14329
14/12:21:19,7.61,2.88,110.63,78.529,20.19,253.132,14330
14/12:21:20,7.99,2.93,110.59,78.485,20.19,253.143,14331
14/12:21:20,8.27,2.95,110.59,78.397,20.19,253.154,14332
14/12:21:21,8.31,2.95,110.55,78.353,20.19,253.165,14333
14/12:21:22,8.28,2.94,110.54,78.32,20.18,253.187,14334
14/12:21:23,8.1,2.97,110.52,78.298,20.18,253.198,14335
14/12:21:23,8.06,3.05,110.41,78.111,20.18,253.209,14336
14/12:21:24,8.19,3.45,109.92,77.649,20.18,253.231,14337
14/12:21:24,8.27,3.67,109.64,77.66,20.18,253.242,14338
14/12:21:25,8.37,3.86,109.35,77.66,20.18,253.253,14339
14/12:21:26,8.67,4.12,109.12,77.726,20.18,253.264,14340
14/12:21:27,9.19,4.31,108.89,77.759,20.18,253.275,14341
14/12:21:27,9.72,4.49,108.65,77.825,20.18,253.286,14342
14/12:21:28,10.01,4.56,108.56,77.814,20.18,253.297,14343
14/12:21:28,10.21,4.56,108.55,77.803,20.18,253.308,14344
14/12:21:29,10.47,4.57,108.55,77.814,20.18,253.308,14345
14/12:21:30,10.75,4.59,108.56,77.847,20.17,253.33,14346
14/12:21:30,10.96,4.6,108.56,77.88,20.17,253.341,14347
14/12:21:31,11.01,4.6,108.56,77.836,20.17,253.352,14348
14/12:21:32,10.88,4.59,108.57,77.847,20.17,253.363,14349
14/12:21:32,10.66,4.59,108.59,77.891,20.17,253.374,14350
14/12:21:33,10.43,4.49,108.74,78.056,20.17,253.385,14351
14/12:21:34,10.07,4.36,108.96,78.32,20.17,253.396,14352
14/12:21:34,9.65,4.26,109.15,78.507,20.17,253.407,14353
14/12:21:35,9.34,4.15,109.37,78.441,20.17,253.418,14354
14/12:21:36,9.24,4.02,109.56,78.364,20.17,253.429,14355
14/12:21:36,9.26,3.9,109.75,78.331,20.17,253.44,14356
14/12:21:37,9.37,3.79,109.97,78.342,20.17,253.451,14357
14/12:21:38,9.42,3.65,110.16,78.298,20.16,253.462,14358
14/12:21:38,9.42,3.6,110.24,78.188,20.16,253.473,14359
14/12:21:39,9.49,3.59,110.22,78.144,20.16,253.495,14360
14/12:21:39,9.42,3.56,110.22,78.122,20.16,253.506,14361
14/12:21:40,9.28,3.56,110.22,78.232,20.16,253.517,14362
14/12:21:41,8.7,3.67,110.2,78.199,20.15,253.616,14363
14/12:21:42,8.86,3.66,110.22,78.177,20.15,253.616,14364
14/12:21:42,8.98,3.7,110.22,78.155,20.15,253.627,14365
14/12:21:43,9.21,3.81,110.03,77.869,20.15,253.649,14366
14/12:21:44,9.47,3.92,109.83,77.517,20.15,253.66,14367
14/12:21:44,9.71,4.04,109.63,77.385,20.15,253.671,14368
14/12:21:45,9.89,4.15,109.43,77.407,20.15,253.682,14369
14/12:21:46,10.02,4.26,109.21,77.429,20.15,253.693,14370
14/12:21:46,10.08,4.37,109.01,77.517,20.15,253.704,14371
14/12:21:47,10.17,4.5,108.8,77.561,20.15,253.715,14372
14/12:21:48,10.44,4.59,108.61,77.561,20.15,253.726,14373
14/12:21:48,10.65,4.59,108.61,77.462,20.15,253.737,14374
14/12:21:49,10.81,4.57,108.62,77.407,20.14,253.748,14375
14/12:21:50,10.87,4.56,108.61,77.363,20.14,253.759,14376
14/12:21:50,10.92,4.59,108.61,77.33,20.14,253.77,14377
14/12:21:51,10.82,4.6,108.6,77.363,20.14,253.781,14378
14/12:21:51,10.71,4.59,108.6,77.429,20.14,253.803,14379
14/12:21:52,10.52,4.57,108.61,77.473,20.14,253.814,14380
14/12:21:53,10.08,4.57,108.59,77.528,20.14,253.836,14381
14/12:21:53,9.88,4.59,108.56,77.649,20.14,253.847,14382
14/12:21:54,9.82,4.6,108.56,77.759,20.14,253.858,14383
14/12:21:55,9.79,4.59,108.55,77.825,20.14,253.869,14384
14/12:21:55,9.97,4.57,108.55,77.902,20.14,253.88,14385
14/12:21:56,10.32,4.59,108.55,77.891,20.13,253.891,14386
14/12:21:57,10.64,4.59,108.56,77.847,20.13,253.902,14387
14/12:21:57,10.83,4.6,108.56,77.836,20.13,253.913,14388
14/12:21:58,10.86,4.6,108.56,77.902,20.13,253.935,14389
14/12:21:59,10.72,4.6,108.57,77.902,20.13,253.946,14390
14/12:21:59,10.62,4.59,108.59,77.902,20.13,253.957,14391
14/12:22:00,10.4,4.59,108.61,77.924,20.13,253.968,14392
14/12:22:01,10.04,4.59,108.6,77.946,20.13,253.979,14393
14/12:22:01,9.74,4.59,108.59,77.924,20.13,253.99,14394
14/12:22:02,9.62,4.59,108.59,78.012,20.13,254.001,14395
14/12:22:03,9.56,4.59,108.6,78.111,20.12,254.012,14396
14/12:22:03,9.42,4.59,108.6,78.133,20.12,254.023,14397
14/12:22:04,9.52,4.59,108.59,78.188,20.12,254.034,14398
14/12:22:05,9.74,4.6,108.57,78.265,20.12,254.045,14399
14/12:22:05,9.99,4.59,108.56,78.287,20.12,254.056,14400
14/12:22:06,10.27,4.6,108.56,78.221,20.12,254.067,14401
14/12:22:07,10.38,4.6,108.56,78.21,20.12,254.078,14402
14/12:22:07,10.37,4.61,108.56,78.386,20.12,254.089,14403
14/12:22:08,10.35,4.61,108.54,78.474,20.12,254.1,14404
14/12:22:08,10.38,4.6,108.54,78.496,20.12,254.122,14405
14/12:22:09,10.35,4.59,108.56,78.584,20.12,254.133,14406
14/12:22:10,10.32,4.57,108.56,78.694,20.12,254.144,14407
14/12:22:10,10.12,4.57,108.57,78.65,20.11,254.166,14408
14/12:22:11,9.99,4.56,108.57,78.683,20.11,254.177,14409
14/12:22:12,10.07,4.55,108.56,78.771,20.11,254.188,14410
14/12:22:12,10.62,4.56,108.56,79.046,20.11,254.21,14411
14/12:22:13,10.8,4.56,108.55,79.035,20.11,254.221,14412
14/12:22:14,4.8,4.5,109.02,78.243,20.1,254.32,14413
14/12:22:14,3.7,4.5,109.15,77.968,20.1,254.331,14414
14/12:22:15,2.99,4.49,109.23,77.682,20.1,254.342,14415
14/12:22:16,2.39,4.49,109.28,77.341,20.11,254.353,14416
14/12:22:16,1.7,4.48,109.33,77.077,20.11,254.364,14417
14/12:22:17,1.13,4.48,109.38,76.813,20.11,254.375,14418
14/12:22:18,0.65,4.49,109.45,76.483,20.11,254.386,14419
14/12:22:18,0.41,4.31,109.75,76.384,20.11,254.397,14420
14/12:22:19,0.28,3.95,110.14,76.01,20.11,254.43,14421
14/12:22:20,0.23,3.77,110.35,75.746,20.11,254.43,14422
14/12:22:20,0.18,3.62,110.57,75.57,20.11,254.441,14423
14/12:22:21,0.12,3.43,110.78,75.339,20.11,254.463,14424
14/12:22:21,0.06,3.27,110.98,75.097,20.11,254.474,14425
14/12:22:22,0.0,3.11,111.16,74.866,20.11,254.474,14426
14/12:22:23,0.0,3.13,111.15,74.668,20.11,254.485,14427
14/12:22:23,0.0,3.11,111.17,74.404,20.11,254.507,14428
14/12:22:24,0.01,3.14,111.17,74.195,20.11,254.507,14429
14/12:22:25,0.07,3.31,110.96,73.821,20.11,254.518,14430
14/12:22:25,0.12,3.49,110.76,73.513,20.11,254.529,14431
14/12:22:26,0.18,3.66,110.56,73.227,20.11,254.54,14432
14/12:22:26,0.25,3.85,110.32,72.941,20.11,254.551,14433
14/12:22:27,0.31,4.04,110.14,72.765,20.11,254.562,14434
14/12:22:28,0.37,4.2,109.96,72.545,20.11,254.573,14435
14/12:22:28,0.43,4.39,109.73,72.292,20.12,254.584,14436
14/12:22:29,0.46,4.51,109.61,71.863,20.12,254.606,14437
14/12:22:30,0.46,4.51,109.62,71.643,20.12,254.617,14438
14/12:22:30,0.46,4.51,109.61,71.5,20.12,254.628,14439
14/12:22:31,0.46,4.51,109.62,71.302,20.12,254.639,14440
14/12:22:32,0.46,4.52,109.63,71.093,20.12,254.65,14441
14/12:22:32,0.46,4.52,109.63,70.84,20.12,254.661,14442
14/12:22:33,0.46,4.52,109.64,70.686,20.12,254.672,14443
14/12:22:34,0.46,4.51,109.65,70.389,20.12,254.683,14444
14/12:22:34,0.46,4.51,109.65,70.125,20.12,254.694,14445
14/12:22:35,0.46,4.51,109.65,69.905,20.12,254.705,14446
14/12:22:36,0.46,4.51,109.67,69.399,20.12,254.716,14447
14/12:22:36,0.46,4.5,109.67,69.179,20.12,254.716,14448
14/12:22:37,0.46,4.5,109.69,69.036,20.12,254.727,14449
14/12:22:38,0.47,4.5,109.7,68.904,20.12,254.749,14450
14/12:22:38,0.46,4.5,109.7,68.651,20.13,254.76,14451
14/12:22:39,0.47,4.5,109.7,68.464,20.13,254.771,14452
14/12:22:40,0.47,4.5,109.71,68.233,20.13,254.782,14453
14/12:22:40,0.46,4.5,109.71,67.936,20.13,254.793,14454
14/12:22:41,0.46,4.49,109.71,67.617,20.13,254.804,14455
14/12:22:42,0.4,4.3,109.9,67.177,20.13,254.826,14456
14/12:22:42,0.28,3.98,110.28,66.979,20.13,254.837,14457
14/12:22:43,0.22,3.83,110.47,66.836,20.13,254.848,14458
14/12:22:44,0.16,3.66,110.65,66.737,20.13,254.859,14459
14/12:22:44,0.06,3.35,111.03,66.517,20.13,254.881,14460
14/12:22:45,0.0,3.2,111.23,66.396,20.13,254.892,14461
14/12:22:45,0.0,3.2,111.23,66.308,20.13,254.903,14462
14/12:22:47,0.33,4.08,110.22,65.45,20.14,254.98,14463
14/12:22:48,0.38,4.28,110.03,65.252,20.14,254.991,14464
14/12:22:48,0.45,4.46,109.82,65.021,20.14,254.991,14465
14/12:22:49,0.46,4.51,109.75,64.768,20.14,255.002,14466
14/12:22:49,0.46,4.51,109.76,64.504,20.14,255.013,14467
14/12:22:50,0.46,4.51,109.76,64.13,20.14,255.024,14468
14/12:22:51,0.46,4.52,109.77,63.591,20.14,255.046,14469
14/12:22:51,0.45,4.52,109.77,63.272,20.14,255.057,14470
14/12:22:52,0.46,4.53,109.77,63.008,20.14,255.057,14471
14/12:22:53,0.45,4.52,109.79,62.7,20.14,255.068,14472
14/12:22:53,0.46,4.52,109.79,62.403,20.14,255.079,14473
14/12:22:54,0.45,4.52,109.79,62.007,20.14,255.09,14474
14/12:22:55,0.46,4.53,109.8,61.534,20.14,255.101,14475
14/12:22:55,0.46,4.53,109.8,60.555,20.15,255.112,14476
14/12:22:56,0.45,4.52,109.81,59.785,20.15,255.134,14477
14/12:22:57,0.45,4.52,109.81,59.532,20.15,255.145,14478
14/12:22:57,0.46,4.51,109.81,59.257,20.15,255.156,14479
14/12:22:58,0.46,4.51,109.81,59.004,20.15,255.156,14480
14/12:22:58,0.46,4.5,109.8,58.729,20.15,255.167,14481
14/12:22:59,0.46,4.49,109.81,58.52,20.15,255.178,14482
14/12:23:00,0.46,4.48,109.81,58.399,20.15,255.189,14483
14/12:23:00,0.46,4.48,109.8,58.212,20.15,255.189,14484
14/12:23:01,0.46,4.48,109.81,57.981,20.15,255.2,14485
14/12:23:02,0.46,4.47,109.81,57.75,20.15,255.211,14486
14/12:23:02,0.46,4.47,109.81,57.552,20.15,255.222,14487
14/12:23:03,0.46,4.47,109.81,57.365,20.15,255.222,14488
14/12:23:04,0.46,4.47,109.82,57.145,20.15,255.233,14489
14/12:23:04,0.46,4.47,109.82,56.903,20.15,255.244,14490
14/12:23:05,0.46,4.47,109.82,56.782,20.15,255.255,14491
14/12:23:06,0.45,4.47,109.83,56.694,20.16,255.266,14492
14/12:23:06,0.46,4.47,109.83,56.606,20.16,255.266,14493
14/12:23:07,0.47,4.47,109.83,56.551,20.16,255.277,14494
14/12:23:08,0.49,4.47,109.83,56.518,20.16,255.288,14495
14/12:23:08,0.53,4.47,109.83,56.529,20.16,255.299,14496
14/12:23:09,0.62,4.47,109.83,56.397,20.16,255.299,14497
14/12:23:10,0.81,4.48,109.82,56.111,20.16,255.31,14498
14/12:23:10,1.77,4.49,109.76,56.001,20.16,255.321,14499
14/12:23:11,2.54,4.49,109.68,56.056,20.16,255.321,14500
14/12:23:12,3.3,4.5,109.62,56.045,20.16,255.332,14501
14/12:23:12,4.07,4.5,109.54,55.979,20.16,255.343,14502
14/12:23:13,4.86,4.5,109.47,56.012,20.16,255.354,14503
14/12:23:13,5.63,4.51,109.4,55.891,20.16,255.354,14504
14/12:23:14,6.27,4.51,109.33,55.781,20.16,255.365,14505
14/12:23:15,6.74,4.51,109.28,55.803,20.16,255.376,14506
14/12:23:15,6.73,4.5,109.28,55.869,20.16,255.387,14507
14/12:23:16,6.8,4.5,109.27,55.913,20.16,255.387,14508
14/12:23:17,7.13,4.51,109.23,55.979,20.16,255.398,14509
14/12:23:17,7.43,4.51,109.2,56.045,20.16,255.409,14510
14/12:23:18,7.74,4.51,109.17,56.21,20.16,255.42,14511
14/12:23:19,8.02,4.51,109.14,56.375,20.16,255.42,14512
14/12:23:20,11.0,4.59,108.81,58.542,20.15,255.508,14513
14/12:23:21,11.2,4.6,108.77,58.905,20.15,255.53,14514
14/12:23:21,10.95,4.6,108.78,59.367,20.15,255.53,14515
14/12:23:22,10.25,4.6,108.84,59.576,20.15,255.541,14516
14/12:23:23,9.17,4.59,108.93,59.741,20.15,255.552,14517
14/12:23:23,8.12,4.57,109.01,59.939,20.15,255.563,14518
14/12:23:24,7.27,4.56,109.12,60.082,20.15,255.563,14519
14/12:23:25,6.85,4.56,109.16,60.181,20.14,255.574,14520
14/12:23:25,6.8,4.56,109.17,60.335,20.14,255.585,14521
14/12:23:26,6.73,4.56,109.2,60.434,20.14,255.596,14522
14/12:23:27,6.76,4.56,109.18,60.654,20.14,255.607,14523
14/12:23:27,7.0,4.56,109.16,60.841,20.14,255.607,14524
14/12:23:28,7.4,4.55,109.12,60.962,20.14,255.618,14525
14/12:23:29,7.88,4.56,109.09,61.094,20.14,255.629,14526
14/12:23:29,8.37,4.56,109.03,61.27,20.14,255.64,14527
14/12:23:30,8.77,4.56,108.98,61.71,20.14,255.662,14528
14/12:23:30,8.79,4.56,108.97,61.864,20.14,255.662,14529
14/12:23:31,9.03,4.55,108.95,62.183,20.14,255.684,14530
14/12:23:32,9.17,4.55,108.93,62.436,20.14,255.695,14531
14/12:23:32,9.25,4.56,108.92,62.689,20.14,255.706,14532
14/12:23:33,9.28,4.55,108.91,62.788,20.14,255.706,14533
14/12:23:34,9.27,4.55,108.89,62.909,20.14,255.717,14534
14/12:23:34,9.26,4.56,108.9,63.107,20.14,255.728,14535
14/12:23:35,9.31,4.55,108.9,63.272,20.13,255.739,14536
14/12:23:36,9.31,4.55,108.9,63.459,20.13,255.75,14537
14/12:23:36,9.37,4.54,108.89,63.646,20.13,255.761,14538
14/12:23:37,9.46,4.53,108.9,63.723,20.13,255.761,14539
14/12:23:37,9.45,4.52,108.89,63.844,20.13,255.772,14540
14/12:23:38,9.51,4.53,108.9,64.042,20.13,255.783,14541
14/12:23:39,9.47,4.5,108.9,64.273,20.13,255.794,14542
14/12:23:39,9.39,4.5,108.89,64.383,20.13,255.805,14543
14/12:23:40,9.3,4.5,108.9,64.526,20.13,255.816,14544
14/12:23:41,9.32,4.51,108.9,64.779,20.13,255.816,14545
14/12:23:41,9.26,4.51,108.88,64.988,20.13,255.827,14546
14/12:23:42,9.16,4.5,108.87,65.054,20.13,255.849,14547
14/12:23:43,8.99,4.51,108.89,65.252,20.13,255.86,14548
14/12:23:43,8.73,4.5,108.93,65.34,20.12,255.871,14549
14/12:23:44,8.52,4.51,108.95,65.45,20.12,255.882,14550
14/12:23:45,8.56,4.49,108.95,65.549,20.12,255.893,14551
14/12:23:45,8.74,4.49,108.95,65.67,20.12,255.904,14552
14/12:23:46,8.87,4.5,108.93,65.714,20.12,255.904,14553
14/12:23:47,9.07,4.5,108.92,65.879,20.12,255.915,14554
14/12:23:47,9.39,4.51,108.9,66.11,20.12,255.926,14555
14/12:23:48,9.86,4.5,108.86,66.33,20.12,255.937,14556
14/12:23:48,11.36,4.49,108.71,66.605,20.12,255.959,14557
14/12:23:49,11.8,4.47,108.65,66.836,20.12,255.97,14558
14/12:23:50,12.14,4.45,108.62,67.1,20.12,255.981,14559
14/12:23:50,12.55,4.46,108.57,67.265,20.12,255.981,14560
14/12:23:51,12.73,4.46,108.55,67.364,20.11,255.992,14561
14/12:23:52,12.85,4.45,108.54,67.474,20.11,256.003,14562
14/12:23:52,11.69,4.55,108.6,69.069,20.1,256.08,14563
14/12:23:53,11.84,4.54,108.6,69.41,20.1,256.102,14564
14/12:23:54,11.82,4.54,108.57,69.663,20.1,256.124,14565
14/12:23:55,11.78,4.51,108.56,69.784,20.1,256.135,14566
14/12:23:56,11.65,4.51,108.56,69.861,20.1,256.157,14567
14/12:23:57,11.82,4.52,108.54,69.894,20.1,256.168,14568
14/12:23:57,11.77,4.52,108.54,69.795,20.09,256.179,14569
14/12:23:58,11.72,4.52,108.56,69.784,20.09,256.19,14570
14/12:23:58,11.76,4.52,108.55,69.696,20.09,256.201,14571
14/12:23:59,11.74,4.52,108.55,69.63,20.09,256.212,14572
14/12:24:00,11.95,4.52,108.55,69.652,20.09,256.212,14573
14/12:24:00,12.0,4.53,108.54,69.707,20.09,256.223,14574
14/12:24:01,11.89,4.52,108.54,69.762,20.09,256.234,14575
14/12:24:02,12.01,4.51,108.54,69.773,20.09,256.245,14576
14/12:24:02,11.91,4.5,108.54,69.806,20.09,256.256,14577
14/12:24:03,12.08,4.5,108.53,69.883,20.08,256.267,14578
14/12:24:04,11.94,4.51,108.53,70.015,20.08,256.278,14579
14/12:24:04,11.99,4.51,108.51,70.18,20.08,256.289,14580
14/12:24:05,11.86,4.51,108.51,70.334,20.08,256.311,14581
14/12:24:05,11.91,4.51,108.51,70.411,20.08,256.322,14582
14/12:24:06,11.87,4.52,108.51,70.51,20.08,256.333,14583
14/12:24:07,11.87,4.51,108.52,70.598,20.08,256.344,14584
14/12:24:07,11.94,4.51,108.52,71.148,20.07,256.366,14585
14/12:24:08,11.86,4.51,108.51,71.324,20.07,256.377,14586
14/12:24:09,12.02,4.5,108.51,71.544,20.07,256.388,14587
14/12:24:09,11.93,4.49,108.51,71.786,20.07,256.399,14588
14/12:24:10,11.9,4.48,108.52,72.061,20.07,256.41,14589
14/12:24:11,11.89,4.5,108.51,72.336,20.07,256.421,14590
14/12:24:11,11.75,4.49,108.52,72.501,20.07,256.432,14591
14/12:24:12,11.92,4.49,108.51,72.732,20.07,256.443,14592
14/12:24:13,11.89,4.48,108.52,72.908,20.06,256.454,14593
14/12:24:13,11.82,4.49,108.51,73.051,20.06,256.465,14594
14/12:24:14,11.69,4.49,108.53,73.106,20.06,256.476,14595
14/12:24:15,11.75,4.49,108.52,73.161,20.06,256.487,14596
14/12:24:15,11.75,4.49,108.52,73.249,20.06,256.498,14597
14/12:24:16,11.83,4.49,108.51,73.381,20.06,256.509,14598
14/12:24:17,11.72,4.5,108.51,73.612,20.06,256.52,14599
14/12:24:17,11.7,4.52,108.5,73.766,20.06,256.531,14600
14/12:24:18,11.83,4.53,108.51,73.843,20.06,256.542,14601
14/12:24:19,11.54,4.54,108.51,73.975,20.06,256.553,14602
14/12:24:19,10.99,4.53,108.56,73.931,20.05,256.564,14603
14/12:24:20,9.78,4.54,108.67,73.799,20.05,256.586,14604
14/12:24:20,8.99,4.54,108.75,73.799,20.05,256.597,14605
14/12:24:21,8.13,4.53,108.82,73.623,20.05,256.608,14606
14/12:24:22,7.34,4.52,108.9,73.37,20.05,256.608,14607
14/12:24:22,6.51,4.51,108.97,73.337,20.05,256.63,14608
14/12:24:23,6.02,4.5,109.02,73.403,20.05,256.641,14609
14/12:24:24,5.67,4.5,109.04,73.293,20.05,256.652,14610
14/12:24:24,5.45,4.5,109.06,73.139,20.05,256.663,14611
14/12:24:25,5.28,4.5,109.07,73.128,20.05,256.674,14612
14/12:24:26,5.48,4.53,109.13,72.281,20.05,256.762,14613
14/12:24:27,5.23,4.53,109.13,72.237,20.05,256.773,14614
14/12:24:28,5.36,4.52,109.14,72.204,20.05,256.795,14615
14/12:24:29,5.32,4.5,109.12,72.116,20.05,256.806,14616
14/12:24:29,5.4,4.49,109.13,71.896,20.05,256.828,14617
14/12:24:30,5.33,4.49,109.13,71.841,20.05,256.839,14618
14/12:24:31,5.32,4.5,109.13,71.863,20.05,256.85,14619
14/12:24:32,5.35,4.49,109.14,71.907,20.05,256.861,14620
14/12:24:32,5.33,4.48,109.13,71.841,20.05,256.872,14621
14/12:24:33,5.31,4.49,109.13,71.753,20.05,256.883,14622
14/12:24:34,5.33,4.5,109.15,71.753,20.05,256.894,14623
14/12:24:34,5.22,4.5,109.14,71.665,20.05,256.905,14624
14/12:24:35,5.35,4.51,109.14,71.555,20.05,256.916,14625
14/12:24:36,5.27,4.5,109.15,71.467,20.05,256.916,14626
14/12:24:36,5.33,4.5,109.16,71.401,20.05,256.927,14627
14/12:24:37,5.39,4.51,109.14,71.324,20.05,256.949,14628
14/12:24:38,5.23,4.52,109.15,71.28,20.05,256.949,14629
14/12:24:38,5.44,4.53,109.15,71.258,20.05,256.96,14630
14/12:24:39,5.23,4.53,109.15,71.159,20.05,256.971,14631
14/12:24:39,5.48,4.54,109.16,71.016,20.05,256.982,14632
14/12:24:40,5.3,4.54,109.15,70.906,20.05,256.993,14633
14/12:24:41,5.4,4.54,109.15,70.884,20.05,257.004,14634
14/12:24:41,5.32,4.55,109.14,70.774,20.05,257.015,14635
14/12:24:42,5.33,4.55,109.15,70.631,20.05,257.026,14636
14/12:24:43,5.34,4.56,109.16,70.455,20.04,257.037,14637
14/12:24:43,5.27,4.56,109.16,70.29,20.04,257.048,14638
14/12:24:44,5.3,4.56,109.15,70.092,20.04,257.059,14639
14/12:24:45,5.25,4.55,109.15,69.861,20.04,257.07,14640
14/12:24:45,5.24,4.54,109.16,69.476,20.04,257.081,14641
14/12:24:46,4.88,4.55,109.17,69.102,20.04,257.092,14642
14/12:24:47,4.32,4.54,109.23,68.607,20.04,257.103,14643
14/12:24:47,3.67,4.54,109.28,68.156,20.04,257.103,14644
14/12:24:48,3.17,4.53,109.35,67.727,20.04,257.114,14645
14/12:24:49,2.49,4.52,109.42,67.375,20.04,257.125,14646
14/12:24:49,1.93,4.51,109.47,66.979,20.05,257.136,14647
14/12:24:50,1.28,4.5,109.54,66.594,20.05,257.147,14648
14/12:24:51,0.82,4.5,109.6,66.275,20.05,257.158,14649
14/12:24:51,0.43,4.35,109.8,66.11,20.05,257.169,14650
14/12:24:52,0.38,4.14,110.06,65.956,20.05,257.18,14651
14/12:24:53,0.38,4.14,110.07,65.615,20.05,257.191,14652
14/12:24:53,0.37,4.13,110.07,65.153,20.05,257.191,14653
14/12:24:54,0.37,4.13,110.08,64.757,20.05,257.202,14654
14/12:24:55,0.37,4.13,110.08,64.416,20.05,257.213,14655
14/12:24:55,0.37,4.13,110.09,64.108,20.05,257.224,14656
14/12:24:56,0.38,4.13,110.09,63.866,20.05,257.235,14657
14/12:24:57,0.46,4.27,109.95,63.591,20.05,257.246,14658
14/12:24:57,0.6,4.48,109.7,63.349,20.05,257.257,14659
14/12:24:58,1.05,4.49,109.67,63.173,20.05,257.257,14660
14/12:24:59,2.03,4.49,109.6,63.107,20.05,257.268,14661
14/12:25:00,3.21,4.5,109.5,63.107,20.05,257.279,14662
14/12:25:00,8.94,4.51,108.9,64.977,20.05,257.411,14663
14/12:25:01,8.82,4.52,108.91,65.164,20.05,257.422,14664
14/12:25:02,7.6,4.52,109.01,65.252,20.04,257.444,14665
14/12:25:03,6.89,4.5,109.08,65.065,20.04,257.455,14666
14/12:25:04,6.13,4.49,109.13,64.823,20.04,257.455,14667
14/12:25:04,5.47,4.49,109.21,64.779,20.04,257.466,14668
14/12:25:05,4.64,4.47,109.27,64.658,20.04,257.477,14669
14/12:25:06,4.01,4.46,109.33,64.526,20.04,257.488,14670
14/12:25:06,3.12,4.45,109.41,64.449,20.04,257.499,14671
14/12:25:07,2.2,4.16,109.8,64.416,20.04,257.51,14672
14/12:25:08,1.78,3.97,110.09,64.284,20.04,257.521,14673
14/12:25:08,1.37,3.81,110.28,63.987,20.04,257.532,14674
14/12:25:09,0.94,3.66,110.51,63.701,20.04,257.543,14675
14/12:25:10,0.09,3.37,110.98,63.371,20.05,257.565,14676
14/12:25:10,0.02,3.18,111.21,63.162,20.05,257.576,14677
14/12:25:11,0.0,3.15,111.25,63.008,20.05,257.576,14678
14/12:25:11,0.02,3.32,111.11,62.832,20.05,257.587,14679
14/12:25:12,0.08,3.5,110.91,62.436,20.05,257.598,14680
14/12:25:13,0.13,3.63,110.75,62.018,20.05,257.609,14681
14/12:25:13,0.2,3.82,110.51,61.798,20.05,257.62,14682
14/12:25:14,0.26,3.97,110.33,61.633,20.05,257.631,14683
14/12:25:15,0.32,4.11,110.16,61.402,20.05,257.631,14684
14/12:25:15,0.37,4.28,109.96,61.127,20.05,257.642,14685
14/12:25:16,0.43,4.43,109.78,60.973,20.05,257.653,14686
14/12:25:17,0.46,4.46,109.74,60.753,20.05,257.664,14687
14/12:25:17,0.46,4.46,109.74,60.511,20.05,257.675,14688
14/12:25:18,0.46,4.47,109.75,60.28,20.05,257.686,14689
14/12:25:19,0.46,4.47,109.76,60.214,20.05,257.697,14690
14/12:25:19,0.44,4.38,109.93,60.236,20.05,257.708,14691
14/12:25:20,0.38,4.11,110.18,60.335,20.05,257.708,14692
14/12:25:21,0.32,3.9,110.41,60.368,20.06,257.708,14693
14/12:25:21,0.26,3.69,110.67,60.236,20.06,257.73,14694
14/12:25:22,0.39,3.42,110.94,60.137,20.06,257.741,14695
14/12:25:23,1.55,3.21,111.07,60.115,20.06,257.752,14696
14/12:25:23,2.79,3.0,111.17,60.247,20.06,257.763,14697
14/12:25:24,4.16,2.84,111.23,60.5,20.06,257.763,14698
14/12:25:25,5.5,2.86,111.09,60.83,20.06,257.774,14699
14/12:25:25,7.09,3.1,110.71,61.028,20.06,257.785,14700
14/12:25:26,10.49,3.56,109.96,61.809,20.05,257.807,14701
14/12:25:27,11.85,3.84,109.5,62.293,20.05,257.807,14702
14/12:25:27,12.74,4.25,109.02,62.711,20.05,257.829,14703
14/12:25:28,13.36,4.4,108.79,63.063,20.05,257.84,14704
14/12:25:29,14.54,4.6,108.48,63.47,20.05,257.851,14705
14/12:25:30,15.93,4.63,108.34,64.02,20.05,257.862,14706
14/12:25:30,17.57,4.65,108.19,64.812,20.04,257.862,14707
14/12:25:31,19.15,4.61,107.99,65.494,20.04,257.873,14708
14/12:25:32,21.25,4.6,107.81,66.22,20.04,257.884,14709
14/12:25:32,23.21,4.6,107.63,67.122,20.04,257.895,14710
14/12:25:33,25.02,4.56,107.38,68.013,20.04,257.906,14711
14/12:25:33,27.69,4.56,107.09,69.718,20.03,257.928,14712
14/12:25:35,31.92,4.63,106.59,76.472,20.0,258.016,14713
14/12:25:35,32.4,4.6,106.54,77.231,19.99,258.027,14714
14/12:25:36,32.7,4.57,106.51,77.935,19.99,258.049,14715
14/12:25:37,32.51,4.55,106.49,79.409,19.98,258.071,14716
14/12:25:38,31.09,4.52,106.56,80.564,19.97,258.093,14717
14/12:25:39,28.33,4.5,106.75,80.916,19.97,258.104,14718
14/12:25:40,21.5,4.5,107.32,81.158,19.96,258.126,14719
14/12:25:40,18.59,4.43,107.56,81.136,19.96,258.137,14720
14/12:25:41,16.07,4.47,107.85,81.169,19.96,258.148,14721
14/12:25:42,13.56,4.5,108.09,81.169,19.96,258.159,14722
14/12:25:42,10.96,4.51,108.32,81.147,19.95,258.17,14723
14/12:25:43,10.06,4.5,108.46,81.202,19.95,258.181,14724
14/12:25:44,9.98,4.49,108.48,81.114,19.95,258.192,14725
14/12:25:44,9.27,4.49,108.54,80.894,19.95,258.214,14726
14/12:25:45,8.44,4.48,108.61,80.751,19.95,258.225,14727
14/12:25:46,7.28,4.48,108.75,80.542,19.95,258.247,14728
14/12:25:47,6.38,4.48,108.82,80.399,19.95,258.258,14729
14/12:25:47,5.26,4.47,108.91,80.212,19.95,258.28,14730
14/12:25:48,4.54,4.47,108.99,80.102,19.95,258.291,14731
14/12:25:49,4.17,4.47,109.01,79.959,19.95,258.302,14732
14/12:25:49,4.26,4.47,109.02,79.816,19.95,258.313,14733
14/12:25:50,4.4,4.47,109.04,79.706,19.95,258.324,14734
14/12:25:51,4.32,4.47,109.05,79.453,19.95,258.335,14735
14/12:25:51,4.3,4.46,109.06,79.233,19.95,258.346,14736
14/12:25:52,4.24,4.46,109.07,79.189,19.95,258.357,14737
14/12:25:53,4.21,4.46,109.08,79.134,19.95,258.368,14738
14/12:25:53,4.37,4.46,109.09,78.98,19.95,258.39,14739
14/12:25:54,4.57,4.45,109.08,78.848,19.95,258.401,14740
14/12:25:55,4.51,4.46,109.09,78.507,19.95,258.423,14741
14/12:25:55,4.41,4.45,109.07,78.375,19.95,258.434,14742
14/12:25:56,4.46,4.46,109.07,78.177,19.95,258.445,14743
14/12:25:57,4.41,4.46,109.07,78.056,19.95,258.456,14744
14/12:25:57,4.33,4.46,109.07,77.66,19.95,258.478,14745
14/12:25:58,4.91,4.47,109.04,77.352,19.95,258.5,14746
14/12:25:59,5.98,4.5,108.97,77.374,19.95,258.511,14747
14/12:25:59,7.31,4.52,108.88,77.572,19.95,258.522,14748
14/12:26:00,8.43,4.52,108.81,77.671,19.95,258.533,14749
14/12:26:01,9.44,4.53,108.73,77.704,19.95,258.544,14750
14/12:26:01,10.31,4.56,108.67,77.77,19.95,258.555,14751
14/12:26:02,11.01,4.56,108.61,77.836,19.95,258.566,14752
14/12:26:03,11.18,4.56,108.55,77.968,19.95,258.577,14753
14/12:26:03,10.82,4.56,108.54,78.034,19.94,258.588,14754
14/12:26:04,8.81,4.57,108.66,78.012,19.94,258.61,14755
14/12:26:05,7.31,4.63,108.82,77.935,19.94,258.632,14756
14/12:26:05,6.52,4.68,108.92,78.001,19.94,258.654,14757
14/12:26:06,6.79,4.76,108.98,77.781,19.94,258.687,14758
14/12:26:07,8.02,4.75,108.9,77.627,19.94,258.698,14759
14/12:26:07,9.67,4.76,108.71,77.913,19.94,258.731,14760
14/12:26:08,10.62,4.73,108.57,78.276,19.94,258.742,14761
14/12:26:09,11.22,4.73,108.5,78.375,19.94,258.753,14762
14/12:26:10,12.55,4.71,108.37,78.848,19.93,258.797,14763
14/12:26:11,12.21,4.7,108.41,78.749,19.93,258.808,14764
14/12:26:11,11.69,4.69,108.46,78.76,19.93,258.808,14765
14/12:26:12,11.18,4.69,108.51,78.826,19.93,258.83,14766
14/12:26:13,10.17,4.69,108.56,78.936,19.93,258.852,14767
14/12:26:14,9.78,4.66,108.59,78.881,19.93,258.874,14768
14/12:26:14,9.67,4.64,108.59,78.826,19.92,258.885,14769
14/12:26:15,9.87,4.64,108.6,78.837,19.92,258.896,14770
14/12:26:16,10.08,4.64,108.6,78.837,19.92,258.907,14771
14/12:26:16,10.1,4.63,108.6,78.958,19.92,258.918,14772
14/12:26:17,10.15,4.62,108.6,79.002,19.92,258.929,14773
14/12:26:18,10.16,4.61,108.6,79.013,19.92,258.94,14774
14/12:26:18,10.15,4.61,108.61,79.079,19.92,258.951,14775
14/12:26:19,10.35,4.62,108.6,79.035,19.92,258.984,14776
14/12:26:20,10.3,4.59,108.56,79.035,19.92,258.984,14777
14/12:26:20,10.44,4.6,108.54,79.134,19.92,259.006,14778
14/12:26:21,10.78,4.59,108.51,79.354,19.92,259.017,14779
14/12:26:22,10.66,4.41,108.72,79.761,19.92,259.028,14780
14/12:26:22,10.71,4.13,108.95,80.025,19.91,259.039,14781
14/12:26:23,10.44,3.91,109.16,80.102,19.91,259.05,14782
14/12:26:24,9.94,3.67,109.38,80.146,19.91,259.061,14783
14/12:26:24,9.78,3.44,109.62,80.223,19.91,259.072,14784
14/12:26:25,9.69,3.21,109.86,80.223,19.91,259.083,14785
14/12:26:26,9.31,2.97,110.1,80.146,19.91,259.094,14786
14/12:26:26,8.88,2.77,110.33,80.08,19.91,259.105,14787
14/12:26:27,8.86,2.74,110.36,80.124,19.91,259.116,14788
14/12:26:28,8.87,2.78,110.34,80.113,19.91,259.116,14789
14/12:26:28,9.14,2.99,110.15,80.014,19.91,259.127,14790
14/12:26:29,9.51,3.22,109.92,79.816,19.9,259.149,14791
14/12:26:29,9.92,3.44,109.65,79.783,19.9,259.16,14792
14/12:26:30,10.33,3.75,109.37,79.816,19.9,259.182,14793
14/12:26:31,10.82,3.98,109.11,79.75,19.9,259.193,14794
14/12:26:31,11.12,4.16,108.87,79.816,19.9,259.204,14795
14/12:26:32,11.41,4.41,108.61,79.805,19.9,259.215,14796
14/12:26:33,11.76,4.59,108.38,79.772,19.9,259.226,14797
14/12:26:33,11.82,4.57,108.38,79.816,19.9,259.248,14798
14/12:26:34,11.76,4.57,108.37,79.86,19.9,259.259,14799
14/12:26:35,11.73,4.55,108.35,79.981,19.89,259.27,14800
14/12:26:35,11.48,4.55,108.36,80.014,19.89,259.281,14801
14/12:26:36,10.71,4.55,108.44,79.915,19.89,259.292,14802
14/12:26:37,9.6,4.52,108.53,79.706,19.89,259.303,14803
14/12:26:37,8.28,4.4,108.72,79.739,19.89,259.314,14804
14/12:26:38,7.27,4.18,109.05,79.772,19.89,259.325,14805
14/12:26:39,6.35,3.93,109.38,79.695,19.89,259.336,14806
14/12:26:39,4.98,3.7,109.71,79.442,19.89,259.347,14807
14/12:26:40,3.48,3.54,109.99,79.233,19.89,259.358,14808
14/12:26:41,2.94,3.53,110.05,78.815,19.89,259.369,14809
14/12:26:41,2.97,3.53,110.06,78.43,19.89,259.38,14810
14/12:26:42,3.04,3.54,110.04,78.122,19.89,259.402,14811
14/12:26:43,3.33,3.66,109.93,77.869,19.89,259.413,14812
14/12:26:44,6.17,4.59,109.07,76.373,19.89,259.534,14813
14/12:26:44,6.17,4.6,109.06,76.208,19.89,259.545,14814
14/12:26:45,6.28,4.6,109.06,76.109,19.89,259.556,14815
14/12:26:46,6.39,4.62,109.07,76.021,19.89,259.567,14816
14/12:26:46,6.21,4.63,109.07,76.01,19.89,259.578,14817
14/12:26:47,5.93,4.63,109.08,75.911,19.89,259.589,14818
14/12:26:48,5.67,4.61,109.09,75.856,19.89,259.6,14819
14/12:26:48,5.39,4.62,109.09,75.757,19.89,259.611,14820
14/12:26:49,5.12,4.62,109.1,75.669,19.89,259.622,14821
14/12:26:50,4.85,4.62,109.13,75.493,19.89,259.633,14822
14/12:26:50,4.64,4.62,109.13,75.372,19.89,259.644,14823
14/12:26:51,4.81,4.62,109.11,75.218,19.89,259.655,14824
14/12:26:52,5.17,4.62,109.07,75.152,19.89,259.666,14825
14/12:26:52,5.44,4.63,109.04,75.207,19.89,259.677,14826
14/12:26:53,5.71,4.63,109.01,75.273,19.89,259.688,14827
14/12:26:54,6.31,4.62,108.97,75.24,19.89,259.699,14828
14/12:26:54,6.81,4.64,108.94,75.196,19.89,259.71,14829
14/12:26:55,7.27,4.65,108.87,75.207,19.89,259.721,14830
14/12:26:56,7.72,4.63,108.83,74.987,19.88,259.732,14831
14/12:26:56,8.03,4.65,108.8,74.965,19.88,259.743,14832
14/12:26:57,8.28,4.66,108.79,75.02,19.88,259.754,14833
14/12:26:58,8.34,4.66,108.77,75.13,19.88,259.765,14834
14/12:26:58,7.67,4.67,108.83,75.031,19.88,259.776,14835
14/12:26:59,6.59,4.68,108.91,74.8,19.88,259.787,14836
14/12:27:00,5.7,4.68,108.99,74.415,19.88,259.798,14837
14/12:27:00,4.82,4.68,109.11,74.107,19.88,259.809,14838
14/12:27:01,3.81,4.7,109.21,73.854,19.88,259.82,14839
14/12:27:01,2.5,4.69,109.3,73.645,19.88,259.831,14840
14/12:27:02,1.36,4.68,109.41,73.37,19.88,259.842,14841
14/12:27:03,0.55,4.68,109.51,73.018,19.88,259.853,14842
14/12:27:03,0.48,4.67,109.53,72.776,19.88,259.864,14843
14/12:27:04,0.48,4.66,109.55,72.534,19.88,259.875,14844
14/12:27:05,0.48,4.66,109.56,72.182,19.89,259.886,14845
14/12:27:05,0.48,4.66,109.56,71.885,19.89,259.897,14846
14/12:27:06,0.47,4.66,109.56,71.61,19.89,259.908,14847
14/12:27:07,0.47,4.66,109.56,71.214,19.89,259.908,14848
14/12:27:07,0.47,4.66,109.56,71.016,19.89,259.908,14849
14/12:27:08,0.47,4.66,109.57,70.84,19.89,259.941,14850
14/12:27:09,0.46,4.66,109.57,70.587,19.89,259.941,14851
14/12:27:09,0.46,4.66,109.56,70.257,19.89,259.952,14852
14/12:27:10,0.46,4.65,109.59,70.048,19.89,259.963,14853
14/12:27:11,0.46,4.65,109.59,69.828,19.89,259.974,14854
14/12:27:11,0.46,4.65,109.6,69.575,19.89,259.985,14855
14/12:27:12,0.47,4.64,109.61,69.223,19.89,259.996,14856
14/12:27:13,0.47,4.64,109.61,68.948,19.89,260.007,14857
14/12:27:13,0.47,4.63,109.62,68.662,19.89,260.018,14858
14/12:27:14,0.47,4.63,109.63,68.387,19.89,260.029,14859
14/12:27:15,0.47,4.63,109.63,68.189,19.89,260.04,14860
14/12:27:15,0.47,4.63,109.63,67.54,19.9,260.051,14861
14/12:27:16,0.48,4.62,109.63,67.21,19.9,260.062,14862
14/12:27:17,13.56,3.66,109.3,70.389,19.88,260.205,14863
14/12:27:18,13.18,3.52,109.48,70.598,19.88,260.216,14864
14/12:27:19,12.83,3.35,109.7,70.928,19.88,260.216,14865
14/12:27:19,13.18,3.52,109.46,71.225,19.88,260.249,14866
14/12:27:20,13.51,3.71,109.23,71.324,19.88,260.26,14867
14/12:27:21,13.98,3.9,109.03,71.555,19.88,260.271,14868
14/12:27:22,14.86,4.23,108.63,72.105,19.87,260.293,14869
14/12:27:22,15.2,4.41,108.45,72.391,19.87,260.304,14870
14/12:27:23,15.61,4.57,108.24,72.633,19.87,260.315,14871
14/12:27:24,15.85,4.66,108.15,72.897,19.87,260.326,14872
14/12:27:24,15.59,4.42,108.4,73.326,19.87,260.337,14873
14/12:27:25,15.14,4.18,108.64,73.722,19.86,260.337,14874
14/12:27:26,14.71,3.9,108.88,73.975,19.86,260.359,14875
14/12:27:26,14.06,3.68,109.09,74.107,19.86,260.37,14876
14/12:27:27,13.9,3.43,109.33,74.261,19.86,260.37,14877
14/12:27:28,13.44,3.16,109.53,74.481,19.86,260.392,14878
14/12:27:28,12.9,2.96,109.72,74.657,19.86,260.392,14879
14/12:27:29,12.76,2.99,109.72,74.734,19.85,260.403,14880
14/12:27:30,13.18,3.23,109.5,74.756,19.85,260.425,14881
14/12:27:30,13.73,3.47,109.3,74.789,19.85,260.425,14882
14/12:27:31,14.57,4.03,108.73,75.295,19.85,260.447,14883
14/12:27:32,14.83,4.28,108.52,75.328,19.85,260.458,14884
14/12:27:32,15.04,4.49,108.32,75.405,19.85,260.469,14885
14/12:27:33,14.76,4.71,108.13,75.537,19.84,260.48,14886
14/12:27:34,13.38,4.71,108.2,75.57,19.84,260.491,14887
14/12:27:34,10.23,4.66,108.47,75.35,19.84,260.513,14888
14/12:27:35,7.28,4.65,108.73,74.943,19.84,260.535,14889
14/12:27:36,6.07,4.63,108.86,74.723,19.84,260.546,14890
14/12:27:36,4.85,4.61,108.97,74.613,19.84,260.557,14891
14/12:27:37,3.95,4.6,109.05,74.415,19.84,260.568,14892
14/12:27:38,3.86,4.6,109.09,74.151,19.84,260.579,14893
14/12:27:38,4.41,4.6,109.06,73.964,19.84,260.59,14894
14/12:27:39,5.01,4.61,109.03,73.898,19.84,260.601,14895
14/12:27:40,5.35,4.61,109.0,73.854,19.84,260.612,14896
14/12:27:40,5.78,4.63,108.99,73.799,19.84,260.623,14897
14/12:27:41,6.03,4.63,108.97,73.744,19.84,260.634,14898
14/12:27:41,6.28,4.64,108.95,73.623,19.84,260.645,14899
14/12:27:42,6.73,4.63,108.91,73.502,19.84,260.656,14900
14/12:27:43,7.09,4.63,108.88,73.48,19.84,260.667,14901
14/12:27:43,6.92,4.64,108.89,73.524,19.84,260.689,14902
14/12:27:44,6.9,4.65,108.89,73.425,19.84,260.7,14903
14/12:27:45,6.79,4.64,108.89,73.403,19.84,260.711,14904
14/12:27:45,6.65,4.64,108.89,73.304,19.84,260.722,14905
14/12:27:46,6.9,4.65,108.88,73.227,19.84,260.733,14906
14/12:27:47,7.06,4.66,108.88,73.205,19.84,260.744,14907
14/12:27:47,6.81,4.66,108.88,73.172,19.84,260.755,14908
14/12:27:48,6.69,4.66,108.88,73.062,19.83,260.766,14909
14/12:27:49,6.82,4.66,108.88,73.007,19.83,260.777,14910
14/12:27:49,6.8,4.66,108.87,73.084,19.83,260.788,14911
14/12:27:50,7.03,4.65,108.86,72.985,19.83,260.799,14912
14/12:27:51,6.9,4.64,108.89,72.325,19.83,260.898,14913
14/12:27:52,6.98,4.64,108.89,72.27,19.83,260.898,14914
14/12:27:52,6.86,4.64,108.89,72.193,19.83,260.92,14915
14/12:27:53,6.87,4.65,108.89,72.116,19.83,260.92,14916
14/12:27:53,7.04,4.64,108.88,71.962,19.83,260.931,14917
14/12:27:54,6.82,4.63,108.9,71.929,19.83,260.942,14918
14/12:27:55,6.83,4.64,108.9,71.973,19.83,260.953,14919
14/12:27:55,6.72,4.64,108.9,72.039,19.83,260.964,14920
14/12:27:56,6.83,4.63,108.9,72.083,19.83,260.975,14921
14/12:27:57,6.57,4.63,108.9,72.05,19.83,260.986,14922
14/12:27:57,6.69,4.63,108.89,72.017,19.83,260.997,14923
14/12:27:58,6.68,4.64,108.89,71.984,19.83,261.008,14924
14/12:27:59,6.69,4.64,108.9,71.973,19.83,261.008,14925
14/12:27:59,6.81,4.63,108.9,71.973,19.83,261.03,14926
14/12:28:00,6.76,4.62,108.9,71.984,19.83,261.041,14927
14/12:28:01,6.79,4.62,108.9,71.929,19.83,261.052,14928
14/12:28:01,6.69,4.63,108.9,71.841,19.83,261.063,14929
14/12:28:02,6.83,4.62,108.91,71.775,19.83,261.074,14930
14/12:28:03,6.63,4.63,108.92,71.731,19.82,261.085,14931
14/12:28:03,6.75,4.62,108.92,71.731,19.82,261.096,14932
14/12:28:04,6.54,4.63,108.93,71.742,19.82,261.107,14933
14/12:28:05,6.78,4.63,108.93,71.808,19.82,261.118,14934
14/12:28:05,6.63,4.63,108.94,71.808,19.82,261.129,14935
14/12:28:06,6.7,4.64,108.95,71.764,19.82,261.14,14936
14/12:28:07,6.52,4.66,108.95,71.676,19.82,261.14,14937
14/12:28:07,7.48,4.67,108.88,71.544,19.82,261.162,14938
14/12:28:08,7.91,4.67,108.85,71.478,19.82,261.173,14939
14/12:28:09,8.47,4.67,108.79,71.456,19.82,261.184,14940
14/12:28:09,8.36,4.68,108.76,71.346,19.82,261.195,14941
14/12:28:10,9.17,4.7,108.7,71.346,19.82,261.206,14942
14/12:28:11,9.86,4.69,108.63,71.401,19.82,261.217,14943
14/12:28:11,10.46,4.48,108.82,71.786,19.82,261.228,14944
14/12:28:12,10.24,4.27,109.04,71.995,19.82,261.239,14945
14/12:28:13,10.14,3.86,109.41,72.193,19.82,261.261,14946
14/12:28:13,10.18,3.66,109.62,72.314,19.82,261.272,14947
14/12:28:14,10.59,3.48,109.8,72.402,19.81,261.283,14948
14/12:28:15,10.45,3.47,109.78,72.358,19.81,261.294,14949
14/12:28:15,10.79,3.51,109.74,72.413,19.81,261.305,14950
14/12:28:16,12.11,3.91,109.18,72.875,19.81,261.316,14951
14/12:28:17,12.71,4.15,108.92,73.139,19.81,261.327,14952
14/12:28:17,13.71,4.36,108.66,73.425,19.81,261.349,14953
14/12:28:18,14.4,4.56,108.39,73.766,19.81,261.36,14954
14/12:28:19,14.23,4.75,108.17,74.052,19.8,261.36,14955
14/12:28:19,12.55,4.75,108.3,74.129,19.8,261.393,14956
14/12:28:20,11.65,4.75,108.41,74.107,19.8,261.393,14957
14/12:28:21,9.97,4.7,108.55,74.151,19.8,261.415,14958
14/12:28:21,9.4,4.7,108.6,74.184,19.8,261.426,14959
14/12:28:22,9.48,4.72,108.61,74.349,19.8,261.437,14960
14/12:28:23,10.77,4.73,108.54,74.646,19.8,261.448,14961
14/12:28:23,12.17,4.73,108.41,74.844,19.8,261.47,14962
14/12:28:24,9.32,4.71,108.59,75.394,19.79,261.558,14963
14/12:28:25,10.51,4.71,108.55,75.57,19.78,261.58,14964
14/12:28:26,11.05,4.71,108.5,75.79,19.78,261.591,14965
14/12:28:27,12.02,4.74,108.4,76.252,19.78,261.613,14966
14/12:28:28,12.87,4.75,108.33,76.494,19.78,261.624,14967
14/12:28:28,13.56,4.74,108.28,76.725,19.78,261.646,14968
14/12:28:29,13.54,4.74,108.26,76.89,19.78,261.657,14969
14/12:28:29,12.83,4.75,108.3,76.835,19.78,261.668,14970
14/12:28:30,12.05,4.75,108.41,76.67,19.78,261.679,14971
14/12:28:31,11.39,4.75,108.47,76.516,19.77,261.69,14972
14/12:28:31,10.5,4.74,108.55,76.45,19.77,261.701,14973
14/12:28:32,9.42,4.7,108.66,76.274,19.77,261.712,14974
14/12:28:33,8.02,4.69,108.79,76.208,19.77,261.723,14975
14/12:28:33,6.6,4.68,108.89,76.12,19.77,261.734,14976
14/12:28:34,6.11,4.68,108.92,75.955,19.77,261.745,14977
14/12:28:35,5.84,4.67,108.91,75.724,19.77,261.756,14978
14/12:28:35,5.67,4.68,108.92,75.537,19.77,261.767,14979
14/12:28:36,5.63,4.68,108.91,75.394,19.77,261.778,14980
14/12:28:37,5.61,4.68,108.92,75.306,19.77,261.789,14981
14/12:28:37,5.68,4.69,108.94,75.207,19.77,261.8,14982
14/12:28:38,5.64,4.7,108.94,75.108,19.77,261.811,14983
14/12:28:39,5.64,4.7,108.96,74.987,19.77,261.822,14984
14/12:28:39,5.76,4.68,108.97,74.888,19.77,261.833,14985
14/12:28:40,6.07,4.69,108.97,74.734,19.77,261.844,14986
14/12:28:41,6.57,4.69,108.91,74.69,19.77,261.855,14987
14/12:28:41,6.84,4.68,108.85,74.723,19.77,261.866,14988
14/12:28:42,7.25,4.68,108.79,74.712,19.77,261.877,14989
14/12:28:43,8.64,4.66,108.67,74.811,19.77,261.899,14990
14/12:28:43,9.52,4.66,108.6,74.811,19.77,261.91,14991
14/12:28:44,11.1,4.68,108.48,75.031,19.77,261.932,14992
14/12:28:45,11.33,4.68,108.45,75.152,19.76,261.943,14993
14/12:28:45,11.49,4.67,108.44,75.24,19.76,261.954,14994
14/12:28:46,11.57,4.68,108.42,75.328,19.76,261.965,14995
14/12:28:47,11.64,4.68,108.42,75.416,19.76,261.976,14996
14/12:28:48,11.52,4.69,108.43,75.482,19.76,261.987,14997
14/12:28:48,11.28,4.69,108.42,75.548,19.76,261.998,14998
14/12:28:49,10.49,4.66,108.43,75.966,19.76,262.031,14999
14/12:28:50,10.51,4.67,108.44,76.065,19.76,262.042,15000
14/12:28:50,10.61,4.68,108.45,76.098,19.76,262.053,15001
14/12:28:51,10.86,4.69,108.44,76.208,19.75,262.064,15002
14/12:28:52,11.13,4.69,108.45,76.329,19.75,262.075,15003
14/12:28:52,11.37,4.69,108.44,76.461,19.75,262.086,15004
14/12:28:53,11.67,4.69,108.44,76.692,19.75,262.097,15005
14/12:28:54,11.9,4.7,108.44,76.703,19.75,262.108,15006
14/12:28:54,11.95,4.69,108.43,76.725,19.75,262.108,15007
14/12:28:55,11.96,4.68,108.42,76.945,19.75,262.13,15008
14/12:28:56,11.8,4.69,108.41,77.033,19.75,262.141,15009
14/12:28:56,11.56,4.67,108.4,77.066,19.75,262.152,15010
14/12:28:57,11.28,4.68,108.4,77.176,19.75,262.163,15011
14/12:28:58,10.87,4.69,108.42,77.209,19.74,262.174,15012
14/12:28:58,10.03,4.69,108.62,77.231,19.74,262.284,15013
14/12:28:59,10.17,4.69,108.61,77.275,19.74,262.295,15014
14/12:29:00,10.04,4.67,108.62,77.077,19.73,262.328,15015
14/12:29:02,10.03,4.66,108.62,77.088,19.73,262.35,15016
14/12:29:02,9.91,4.68,108.63,77.143,19.73,262.361,15017
14/12:29:03,9.79,4.69,108.63,77.011,19.73,262.383,15018
14/12:29:04,9.34,4.7,108.63,76.868,19.73,262.405,15019
14/12:29:05,9.17,4.7,108.63,76.736,19.73,262.416,15020
14/12:29:05,8.9,4.69,108.63,76.615,19.73,262.416,15021
14/12:29:06,8.26,4.67,108.64,76.439,19.73,262.449,15022
14/12:29:08,8.67,4.67,108.64,76.571,19.72,262.482,15023
14/12:29:08,8.73,4.67,108.63,76.483,19.72,262.493,15024
14/12:29:09,8.74,4.68,108.63,76.516,19.72,262.504,15025
14/12:29:10,8.76,4.67,108.62,76.527,19.72,262.515,15026
14/12:29:10,8.88,4.71,108.61,76.505,19.72,262.537,15027
14/12:29:11,8.86,4.72,108.62,76.351,19.72,262.537,15028
14/12:29:12,8.67,4.73,108.62,76.23,19.72,262.548,15029
14/12:29:12,8.46,4.75,108.63,76.23,19.72,262.57,15030
14/12:29:13,8.44,4.78,108.62,76.417,19.72,262.581,15031
14/12:29:14,8.53,4.81,108.63,76.571,19.72,262.581,15032
14/12:29:14,8.81,4.83,108.62,76.648,19.72,262.603,15033
14/12:29:15,8.88,4.84,108.62,76.791,19.72,262.614,15034
14/12:29:16,9.11,4.84,108.62,76.967,19.72,262.625,15035
14/12:29:16,9.26,4.84,108.61,77.22,19.72,262.636,15036
14/12:29:17,9.46,4.85,108.61,77.341,19.72,262.647,15037
14/12:29:18,9.31,4.83,108.61,77.418,19.71,262.658,15038
14/12:29:18,9.16,4.85,108.62,77.473,19.71,262.669,15039
14/12:29:19,9.16,4.85,108.62,77.539,19.71,262.68,15040
14/12:29:20,9.11,4.86,108.62,77.572,19.71,262.691,15041
14/12:29:20,9.13,4.87,108.63,77.594,19.71,262.702,15042
14/12:29:21,9.19,4.88,108.64,77.561,19.71,262.713,15043
14/12:29:22,9.38,4.89,108.65,77.594,19.71,262.724,15044
14/12:29:22,9.49,4.9,108.64,77.649,19.71,262.735,15045
14/12:29:23,9.75,4.91,108.65,77.671,19.71,262.746,15046
14/12:29:24,9.73,4.9,108.67,77.759,19.71,262.757,15047
14/12:29:24,9.75,4.9,108.66,77.836,19.71,262.768,15048
14/12:29:25,9.69,4.91,108.68,77.957,19.71,262.779,15049
14/12:29:26,9.57,4.91,108.67,78.133,19.71,262.79,15050
14/12:29:26,9.0,4.9,108.66,78.474,19.71,262.812,15051
14/12:29:27,8.73,4.89,108.66,78.683,19.7,262.823,15052
14/12:29:28,8.55,4.87,108.63,78.969,19.7,262.845,15053
14/12:29:28,8.64,4.86,108.62,79.101,19.7,262.856,15054
14/12:29:29,8.56,4.85,108.61,79.178,19.7,262.867,15055
14/12:29:30,8.16,4.84,108.66,79.156,19.7,262.878,15056
14/12:29:30,7.7,4.82,108.7,79.2,19.7,262.9,15057
14/12:29:31,7.15,4.84,108.79,79.035,19.7,262.922,15058
14/12:29:32,6.91,4.86,108.85,78.947,19.7,262.933,15059
14/12:29:32,6.26,4.84,108.91,78.804,19.7,262.944,15060
14/12:29:33,5.41,4.83,108.98,78.727,19.7,262.955,15061
14/12:29:34,4.93,4.81,109.02,78.617,19.7,262.966,15062
14/12:29:35,5.01,4.81,109.05,77.792,19.7,263.065,15063
14/12:29:35,5.19,4.81,109.04,77.715,19.7,263.076,15064
14/12:29:36,5.42,4.83,109.04,77.616,19.7,263.087,15065
14/12:29:37,5.52,4.83,109.02,77.583,19.7,263.098,15066
14/12:29:37,5.69,4.83,109.02,77.572,19.7,263.109,15067
14/12:29:38,5.91,4.84,109.03,77.561,19.7,263.12,15068
14/12:29:39,6.06,4.85,109.03,77.572,19.7,263.131,15069
14/12:29:39,6.02,4.85,109.04,77.55,19.7,263.142,15070
14/12:29:40,5.77,4.84,109.03,77.561,19.7,263.153,15071
14/12:29:41,5.38,4.83,109.05,77.572,19.7,263.164,15072
14/12:29:41,4.97,4.8,109.06,77.55,19.7,263.175,15073
14/12:29:42,4.67,4.8,109.05,77.561,19.7,263.186,15074
14/12:29:43,4.35,4.78,109.08,77.561,19.7,263.197,15075
14/12:29:43,4.04,4.77,109.07,77.506,19.7,263.208,15076
14/12:29:44,3.89,4.74,109.08,77.429,19.7,263.208,15077
14/12:29:44,3.83,4.73,109.09,77.374,19.7,263.23,15078
14/12:29:45,3.87,4.75,109.09,77.209,19.7,263.252,15079
14/12:29:46,3.99,4.74,109.1,77.022,19.7,263.263,15080
14/12:29:46,3.98,4.74,109.1,76.967,19.7,263.285,15081
14/12:29:47,4.08,4.75,109.1,76.703,19.7,263.296,15082
14/12:29:48,4.43,4.79,109.1,76.307,19.7,263.318,15083
14/12:29:48,4.7,4.79,109.11,76.285,19.7,263.329,15084
14/12:29:49,5.01,4.8,109.09,76.142,19.7,263.34,15085
14/12:29:50,5.11,4.79,109.09,76.054,19.7,263.351,15086
14/12:29:50,5.18,4.79,109.09,75.955,19.7,263.362,15087
14/12:29:51,5.24,4.79,109.09,75.768,19.7,263.373,15088
14/12:29:52,5.04,4.75,109.08,75.548,19.7,263.384,15089
14/12:29:52,4.86,4.73,109.09,75.317,19.7,263.395,15090
14/12:29:53,4.81,4.72,109.09,75.097,19.7,263.406,15091
14/12:29:54,4.7,4.72,109.08,74.943,19.7,263.417,15092
14/12:29:54,4.52,4.72,109.09,74.811,19.7,263.428,15093
14/12:29:55,4.47,4.72,109.1,74.668,19.7,263.439,15094
14/12:29:56,4.4,4.71,109.13,74.437,19.7,263.45,15095
14/12:29:56,4.47,4.71,109.13,74.184,19.7,263.461,15096
14/12:29:57,4.73,4.74,109.13,73.953,19.7,263.472,15097
14/12:29:58,4.91,4.74,109.14,73.854,19.7,263.483,15098
14/12:29:58,4.83,4.74,109.12,73.711,19.7,263.494,15099
14/12:29:59,4.59,4.73,109.13,73.634,19.7,263.505,15100
14/12:30:00,4.65,4.73,109.13,73.425,19.7,263.516,15101
14/12:30:00,4.85,4.73,109.14,73.271,19.7,263.516,15102
14/12:30:01,4.89,4.74,109.12,73.183,19.7,263.516,15103
14/12:30:02,4.83,4.74,109.12,73.062,19.7,263.527,15104
14/12:30:02,4.81,4.75,109.13,72.897,19.7,263.56,15105
14/12:30:03,4.75,4.75,109.12,72.787,19.7,263.56,15106
14/12:30:04,4.69,4.76,109.14,72.655,19.7,263.571,15107
14/12:30:04,4.87,4.77,109.12,72.468,19.7,263.593,15108
14/12:30:05,4.63,4.76,109.11,72.435,19.7,263.604,15109
14/12:30:06,4.74,4.78,109.1,72.303,19.7,263.615,15110
14/12:30:06,5.73,4.77,109.01,72.127,19.7,263.648,15111
14/12:30:07,6.34,4.78,108.95,72.116,19.7,263.659,15112
14/12:30:08,10.28,4.8,108.57,72.622,19.69,263.758,15113
14/12:30:09,11.07,4.8,108.5,72.864,19.69,263.78,15114
14/12:30:10,11.64,4.79,108.47,73.04,19.69,263.791,15115
14/12:30:10,12.25,4.78,108.42,73.194,19.69,263.802,15116
14/12:30:11,12.62,4.78,108.36,73.315,19.69,263.813,15117
14/12:30:12,12.73,4.78,108.35,73.447,19.69,263.824,15118
14/12:30:12,13.03,4.78,108.33,73.623,19.69,263.835,15119
14/12:30:13,12.91,4.78,108.34,73.744,19.69,263.835,15120
14/12:30:14,12.48,4.78,108.37,73.865,19.68,263.857,15121
14/12:30:14,12.42,4.78,108.37,74.03,19.68,263.868,15122
14/12:30:15,12.54,4.81,108.36,74.613,19.68,263.901,15123
14/12:30:16,12.71,4.8,108.33,74.734,19.68,263.912,15124
14/12:30:16,13.01,4.81,108.3,74.877,19.68,263.923,15125
14/12:30:17,13.5,4.82,108.28,75.02,19.68,263.934,15126
14/12:30:18,13.63,4.82,108.26,75.185,19.67,263.945,15127
14/12:30:19,12.76,4.81,108.32,75.24,19.67,263.956,15128
14/12:30:19,11.88,4.8,108.38,75.273,19.67,263.967,15129
14/12:30:20,11.16,4.78,108.44,75.284,19.67,263.978,15130
14/12:30:21,10.53,4.77,108.48,75.284,19.67,264.0,15131
14/12:30:21,10.31,4.77,108.49,75.306,19.67,264.011,15132
14/12:30:22,10.16,4.79,108.46,75.416,19.67,264.022,15133
14/12:30:23,10.52,4.79,108.45,75.603,19.67,264.033,15134
14/12:30:23,11.61,4.8,108.35,75.801,19.67,264.044,15135
14/12:30:24,13.46,4.81,108.21,76.175,19.66,264.066,15136
14/12:30:25,13.36,4.8,108.22,76.285,19.66,264.077,15137
14/12:30:25,13.14,4.8,108.25,76.395,19.66,264.099,15138
14/12:30:26,12.48,4.79,108.28,76.439,19.66,264.099,15139
14/12:30:27,11.9,4.78,108.35,76.395,19.66,264.11,15140
14/12:30:27,11.47,4.77,108.39,76.516,19.66,264.132,15141
14/12:30:28,11.41,4.79,108.4,76.648,19.66,264.143,15142
14/12:30:28,11.98,4.79,108.4,76.802,19.65,264.165,15143
14/12:30:29,12.67,4.81,108.33,77.022,19.65,264.176,15144
14/12:30:30,13.4,4.83,108.25,77.198,19.65,264.187,15145
14/12:30:31,14.13,4.81,108.2,77.407,19.65,264.209,15146
14/12:30:31,13.62,4.8,108.24,77.374,19.65,264.22,15147
14/12:30:32,12.76,4.78,108.31,77.308,19.65,264.231,15148
14/12:30:33,12.16,4.74,108.37,77.275,19.65,264.242,15149
14/12:30:33,11.5,4.75,108.44,77.242,19.64,264.253,15150
14/12:30:34,10.77,4.74,108.51,77.231,19.64,264.264,15151
14/12:30:35,10.18,4.72,108.57,77.22,19.64,264.275,15152
14/12:30:35,9.75,4.74,108.63,77.154,19.64,264.286,15153
14/12:30:36,9.84,4.75,108.66,76.901,19.64,264.308,15154
14/12:30:37,9.77,4.77,108.64,76.879,19.64,264.308,15155
14/12:30:37,9.54,4.78,108.64,76.879,19.64,264.33,15156
14/12:30:38,9.44,4.78,108.65,76.802,19.64,264.341,15157
14/12:30:39,9.42,4.8,108.63,76.769,19.64,264.352,15158
14/12:30:39,9.33,4.79,108.62,76.725,19.64,264.363,15159
14/12:30:40,9.19,4.78,108.61,76.582,19.64,264.374,15160
14/12:30:41,9.09,4.78,108.59,76.494,19.64,264.385,15161
14/12:30:41,9.17,4.79,108.53,76.329,19.63,264.407,15162
14/12:30:42,10.78,4.81,108.43,76.703,19.63,264.473,15163
14/12:30:43,11.09,4.8,108.42,76.692,19.63,264.484,15164
14/12:30:44,11.37,4.8,108.4,76.681,19.63,264.495,15165
14/12:30:44,11.68,4.8,108.36,76.758,19.63,264.506,15166
14/12:30:45,12.0,4.8,108.34,76.758,19.63,264.517,15167
14/12:30:46,12.2,4.81,108.31,76.802,19.62,264.528,15168
14/12:30:46,12.3,4.8,108.28,77.088,19.62,264.55,15169
14/12:30:47,12.34,4.81,108.3,77.242,19.62,264.561,15170
14/12:30:48,12.35,4.82,108.31,77.308,19.62,264.572,15171
14/12:30:48,12.2,4.82,108.32,77.341,19.62,264.583,15172
14/12:30:49,12.0,4.82,108.34,77.396,19.62,264.594,15173
14/12:30:50,11.83,4.82,108.33,77.473,19.62,264.605,15174
14/12:30:50,11.7,4.82,108.36,77.495,19.62,264.616,15175
14/12:30:51,11.6,4.83,108.38,77.462,19.62,264.616,15176
14/12:30:52,11.39,4.82,108.42,77.429,19.61,264.649,15177
14/12:30:52,11.31,4.8,108.41,77.396,19.61,264.66,15178
14/12:30:53,11.24,4.8,108.41,77.429,19.61,264.682,15179
14/12:30:54,11.19,4.8,108.41,77.473,19.61,264.693,15180
14/12:30:54,11.24,4.8,108.42,77.462,19.61,264.704,15181
14/12:30:55,11.31,4.79,108.43,77.506,19.61,264.704,15182
14/12:30:56,11.35,4.78,108.42,77.528,19.61,264.726,15183
14/12:30:56,11.4,4.77,108.41,77.462,19.61,264.737,15184
14/12:30:57,11.5,4.78,108.42,77.539,19.61,264.748,15185
14/12:30:58,11.46,4.77,108.43,77.627,19.6,264.759,15186
14/12:30:58,11.52,4.77,108.44,77.671,19.6,264.77,15187
14/12:30:59,11.56,4.76,108.45,77.693,19.6,264.781,15188
14/12:31:00,11.46,4.77,108.45,77.682,19.6,264.792,15189
14/12:31:01,11.18,4.76,108.45,77.649,19.6,264.803,15190
14/12:31:01,10.87,4.74,108.45,77.66,19.6,264.814,15191
14/12:31:02,10.61,4.74,108.45,77.726,19.6,264.825,15192
14/12:31:03,10.36,4.73,108.44,77.814,19.6,264.836,15193
14/12:31:03,10.3,4.73,108.43,77.803,19.6,264.847,15194
14/12:31:04,10.09,4.72,108.42,77.891,19.6,264.858,15195
14/12:31:05,9.92,4.72,108.41,77.913,19.6,264.869,15196
14/12:31:06,9.93,4.7,108.41,77.979,19.59,264.88,15197
14/12:31:06,10.28,4.71,108.39,77.935,19.59,264.902,15198
14/12:31:07,10.55,4.71,108.39,77.847,19.59,264.913,15199
14/12:31:07,10.59,4.72,108.39,77.792,19.59,264.924,15200
14/12:31:08,10.45,4.73,108.4,77.781,19.59,264.935,15201
14/12:31:09,10.32,4.74,108.41,77.825,19.59,264.946,15202
14/12:31:10,10.23,4.75,108.41,77.99,19.59,264.957,15203
14/12:31:10,10.2,4.77,108.42,78.056,19.59,264.968,15204
14/12:31:11,10.26,4.79,108.41,78.122,19.59,264.979,15205
14/12:31:12,10.26,4.81,108.42,78.034,19.59,264.99,15206
14/12:31:12,10.28,4.82,108.44,78.056,19.59,265.001,15207
14/12:31:13,10.4,4.83,108.44,78.034,19.57,265.012,15208
14/12:31:13,10.49,4.84,108.45,77.99,19.57,265.023,15209
14/12:31:14,10.52,4.83,108.43,78.056,19.57,265.034,15210
14/12:31:15,10.55,4.81,108.42,78.177,19.57,265.045,15211
14/12:31:16,10.55,4.8,108.42,78.265,19.57,265.067,15212
14/12:31:17,9.82,4.56,108.38,78.562,19.56,265.221,15213
14/12:31:18,10.3,4.55,108.37,78.507,19.56,265.243,15214
14/12:31:18,10.43,4.55,108.37,78.54,19.56,265.254,15215
14/12:31:19,10.5,4.54,108.37,78.65,19.56,265.265,15216
14/12:31:20,10.53,4.53,108.37,78.672,19.56,265.276,15217
14/12:31:20,10.52,4.51,108.38,78.727,19.56,265.287,15218
14/12:31:21,10.42,4.5,108.38,78.815,19.56,265.298,15219
14/12:31:22,10.25,4.51,108.36,78.848,19.56,265.309,15220
14/12:31:22,9.9,4.52,108.37,78.848,19.56,265.331,15221
14/12:31:23,9.67,4.53,108.39,78.837,19.56,265.353,15222
14/12:31:24,10.13,4.56,108.38,78.936,19.56,265.375,15223
14/12:31:24,10.36,4.59,108.39,78.98,19.56,265.386,15224
14/12:31:25,10.42,4.53,108.48,79.035,19.56,265.397,15225
14/12:31:26,9.89,4.28,108.76,79.354,19.56,265.408,15226
14/12:31:26,9.53,4.07,109.04,79.684,19.56,265.408,15227
14/12:31:27,9.12,3.81,109.32,79.816,19.56,265.43,15228
14/12:31:28,8.95,3.56,109.62,79.783,19.55,265.441,15229
14/12:31:28,8.7,3.35,109.85,79.673,19.55,265.452,15230
14/12:31:29,7.68,2.9,110.38,79.64,19.55,265.474,15231
14/12:31:30,7.43,2.86,110.47,79.53,19.55,265.485,15232
14/12:31:30,7.83,3.12,110.17,79.31,19.55,265.496,15233
14/12:31:31,8.28,3.37,109.88,79.112,19.55,265.507,15234
14/12:31:32,8.77,3.65,109.61,79.057,19.55,265.518,15235
14/12:31:32,9.1,3.88,109.36,78.98,19.55,265.529,15236
14/12:31:33,9.71,4.39,108.84,78.859,19.55,265.562,15237
14/12:31:34,10.03,4.62,108.59,78.782,19.55,265.573,15238
14/12:31:34,10.42,4.8,108.38,78.793,19.55,265.573,15239
14/12:31:35,10.39,4.82,108.38,78.914,19.54,265.595,15240
14/12:31:36,10.43,4.83,108.39,79.046,19.54,265.606,15241
14/12:31:36,10.43,4.84,108.38,79.068,19.54,265.617,15242
14/12:31:37,10.26,4.84,108.39,79.024,19.54,265.628,15243
14/12:31:38,9.94,4.83,108.39,79.09,19.54,265.639,15244
14/12:31:38,9.95,4.82,108.39,79.2,19.54,265.65,15245
14/12:31:39,10.0,4.83,108.39,79.277,19.54,265.661,15246
14/12:31:39,10.16,4.83,108.39,79.332,19.54,265.672,15247
14/12:31:40,10.16,4.81,108.39,79.332,19.54,265.705,15248
14/12:31:41,10.19,4.8,108.38,79.387,19.54,265.716,15249
14/12:31:41,10.04,4.54,108.62,79.662,19.53,265.716,15250
14/12:31:42,9.94,4.24,108.9,79.981,19.53,265.727,15251
14/12:31:43,9.75,3.94,109.21,80.113,19.53,265.749,15252
14/12:31:44,9.3,3.59,109.5,80.069,19.53,265.771,15253
14/12:31:44,8.7,3.34,109.78,80.069,19.53,265.782,15254
14/12:31:45,8.25,3.09,110.08,79.959,19.53,265.793,15255
14/12:31:46,7.93,2.83,110.32,79.904,19.53,265.804,15256
14/12:31:46,7.56,2.63,110.53,79.915,19.53,265.815,15257
14/12:31:47,7.16,2.68,110.48,79.97,19.53,265.837,15258
14/12:31:48,7.17,2.73,110.44,79.97,19.53,265.848,15259
14/12:31:48,7.24,2.75,110.4,79.948,19.53,265.859,15260
14/12:31:49,7.49,2.75,110.38,79.926,19.53,265.87,15261
14/12:31:49,7.69,2.74,110.36,79.981,19.53,265.881,15262
14/12:31:50,8.13,2.93,110.07,79.849,19.52,265.969,15263
14/12:31:51,8.64,3.12,109.84,79.673,19.52,265.98,15264
14/12:31:52,8.71,3.33,109.62,79.453,19.52,265.991,15265
14/12:31:52,8.7,3.55,109.36,79.508,19.52,266.002,15266
14/12:31:53,8.94,3.81,109.13,79.585,19.52,266.013,15267
14/12:31:54,9.41,4.03,108.88,79.662,19.52,266.024,15268
14/12:31:54,9.86,4.27,108.61,79.75,19.51,266.035,15269
14/12:31:55,10.44,4.46,108.37,79.783,19.51,266.046,15270
14/12:31:56,10.28,4.45,108.37,79.706,19.51,266.057,15271
14/12:31:56,10.02,4.44,108.37,79.673,19.51,266.068,15272
14/12:31:57,10.04,4.44,108.35,79.673,19.51,266.079,15273
14/12:31:58,10.4,4.43,108.33,79.772,19.51,266.101,15274
14/12:31:58,10.57,4.43,108.31,79.739,19.51,266.112,15275
14/12:31:59,10.51,4.43,108.31,79.739,19.51,266.123,15276
14/12:32:00,10.3,4.42,108.32,79.783,19.51,266.134,15277
14/12:32:00,10.28,4.43,108.31,79.86,19.51,266.145,15278
14/12:32:01,10.64,4.45,108.3,79.937,19.5,266.167,15279
14/12:32:02,10.57,4.46,108.3,79.937,19.5,266.189,15280
14/12:32:02,10.1,4.47,108.31,79.893,19.5,266.2,15281
14/12:32:03,9.67,4.47,108.34,79.86,19.5,266.211,15282
14/12:32:04,9.25,4.47,108.34,79.816,19.5,266.222,15283
14/12:32:04,9.21,4.49,108.35,79.761,19.5,266.233,15284
14/12:32:05,9.23,4.5,108.38,79.75,19.5,266.244,15285
14/12:32:06,8.79,4.51,108.41,79.739,19.5,266.255,15286
14/12:32:06,8.25,4.5,108.43,79.728,19.5,266.266,15287
14/12:32:07,8.11,4.52,108.49,79.563,19.5,266.288,15288
14/12:32:08,7.89,4.51,108.52,79.453,19.5,266.299,15289
14/12:32:08,7.47,4.51,108.57,79.233,19.5,266.31,15290
14/12:32:09,6.87,4.49,108.61,79.123,19.5,266.321,15291
14/12:32:10,6.26,4.47,108.65,78.991,19.5,266.332,15292
14/12:32:10,5.88,4.47,108.7,78.76,19.5,266.343,15293
14/12:32:11,5.43,4.46,108.73,78.595,19.5,266.354,15294
14/12:32:12,5.06,4.46,108.76,78.584,19.5,266.365,15295
14/12:32:12,4.89,4.46,108.78,78.529,19.5,266.376,15296
14/12:32:13,5.12,4.47,108.8,78.342,19.49,266.387,15297
14/12:32:14,5.4,4.47,108.8,78.133,19.49,266.398,15298
14/12:32:14,5.59,4.48,108.81,77.957,19.49,266.42,15299
14/12:32:15,5.62,4.47,108.8,77.759,19.49,266.431,15300
14/12:32:16,5.69,4.47,108.81,77.561,19.49,266.442,15301
14/12:32:16,5.83,4.46,108.82,77.44,19.49,266.453,15302
14/12:32:17,5.82,4.48,108.83,77.363,19.49,266.464,15303
14/12:32:18,5.81,4.48,108.83,77.242,19.49,266.475,15304
14/12:32:18,5.69,4.48,108.85,77.088,19.49,266.486,15305
14/12:32:19,5.61,4.49,108.85,76.956,19.49,266.497,15306
14/12:32:20,5.77,4.51,108.84,76.879,19.49,266.508,15307
14/12:32:20,6.06,4.53,108.85,76.769,19.49,266.508,15308
14/12:32:21,6.08,4.53,108.84,76.648,19.49,266.53,15309
14/12:32:22,6.06,4.53,108.86,76.483,19.49,266.541,15310
14/12:32:22,5.84,4.52,108.85,76.285,19.49,266.563,15311
14/12:32:23,5.75,4.53,108.84,76.164,19.49,266.574,15312
14/12:32:24,5.61,4.55,108.88,74.778,19.49,266.706,15313
14/12:32:25,5.62,4.54,108.87,74.734,19.49,266.717,15314
14/12:32:26,5.39,4.53,108.88,74.657,19.49,266.728,15315
14/12:32:27,5.21,4.51,108.89,74.547,19.49,266.739,15316
14/12:32:27,5.28,4.49,108.89,74.415,19.49,266.75,15317
14/12:32:28,5.53,4.49,108.89,74.195,19.49,266.761,15318
14/12:32:29,5.94,4.48,108.86,74.14,19.49,266.772,15319
14/12:32:29,6.76,4.47,108.76,74.272,19.49,266.794,15320
14/12:32:30,8.06,4.47,108.62,74.481,19.49,266.816,15321
14/12:32:31,8.79,4.49,108.56,74.668,19.49,266.816,15322
14/12:32:31,9.36,4.49,108.5,74.723,19.49,266.827,15323
14/12:32:32,9.73,4.49,108.44,74.69,19.49,266.849,15324
14/12:32:33,10.02,4.49,108.41,74.701,19.49,266.86,15325
14/12:32:33,10.33,4.5,108.39,74.723,19.48,266.871,15326
14/12:32:34,10.56,4.49,108.38,74.822,19.48,266.882,15327
14/12:32:35,10.43,4.48,108.38,75.064,19.48,266.893,15328
14/12:32:35,10.26,4.46,108.37,75.152,19.48,266.915,15329
14/12:32:36,10.23,4.44,108.37,75.35,19.48,266.926,15330
14/12:32:37,10.24,4.43,108.39,75.372,19.48,266.937,15331
14/12:32:37,10.17,4.41,108.38,75.405,19.48,266.948,15332
14/12:32:38,10.13,4.39,108.38,75.416,19.48,266.959,15333
14/12:32:39,10.07,4.38,108.38,75.548,19.48,266.97,15334
14/12:32:39,10.19,4.37,108.38,75.68,19.48,266.981,15335
14/12:32:40,10.22,4.36,108.38,75.812,19.48,266.992,15336
14/12:32:41,10.38,4.33,108.36,75.933,19.47,267.014,15337
14/12:32:41,10.38,4.33,108.35,75.977,19.47,267.025,15338
14/12:32:42,10.34,4.31,108.34,76.12,19.47,267.036,15339
14/12:32:43,10.09,4.31,108.34,76.186,19.47,267.047,15340
14/12:32:43,9.97,4.28,108.32,76.186,19.47,267.058,15341
14/12:32:44,9.83,4.27,108.32,76.142,19.47,267.069,15342
14/12:32:45,9.77,4.25,108.32,76.175,19.47,267.08,15343
14/12:32:45,9.86,4.23,108.34,76.12,19.47,267.091,15344
14/12:32:46,10.06,4.22,108.34,76.175,19.47,267.102,15345
14/12:32:47,10.33,4.23,108.33,76.23,19.47,267.113,15346
14/12:32:47,10.85,4.23,108.32,76.505,19.46,267.124,15347
14/12:32:48,11.34,4.24,108.28,76.758,19.46,267.135,15348
14/12:32:49,11.65,4.24,108.25,76.978,19.46,267.146,15349
14/12:32:49,12.0,4.25,108.22,77.154,19.46,267.157,15350
14/12:32:50,12.39,4.25,108.2,77.308,19.46,267.168,15351
14/12:32:51,12.77,4.25,108.15,77.429,19.46,267.179,15352
14/12:32:51,13.14,4.27,108.13,77.583,19.46,267.19,15353
14/12:32:52,13.21,4.28,108.11,77.682,19.46,267.201,15354
14/12:32:53,12.89,4.27,108.12,77.781,19.46,267.212,15355
14/12:32:54,12.7,4.28,108.16,77.781,19.45,267.223,15356
14/12:32:54,12.03,4.28,108.22,77.825,19.45,267.245,15357
14/12:32:55,11.43,3.95,108.24,77.891,19.45,267.256,15358
14/12:32:56,10.79,3.65,108.27,78.001,19.45,267.267,15359
14/12:32:56,10.09,3.32,108.27,78.078,19.45,267.278,15360
14/12:32:57,9.62,3.03,108.26,78.1,19.45,267.289,15361
14/12:32:58,9.37,2.73,108.22,78.155,19.45,267.3,15362
14/12:32:59,9.87,3.2,108.2,78.122,19.43,267.432,15363
14/12:32:59,9.63,3.53,108.23,78.122,19.43,267.443,15364
14/12:33:00,9.63,3.86,108.26,78.155,19.43,267.454,15365
14/12:33:01,9.8,4.62,108.33,78.1,19.43,267.476,15366
14/12:33:01,9.67,4.71,108.36,78.067,19.43,267.487,15367
14/12:33:02,9.64,4.72,108.35,78.089,19.43,267.498,15368
14/12:33:03,9.62,4.74,108.35,78.1,19.43,267.509,15369
14/12:33:03,9.61,4.74,108.36,78.067,19.43,267.52,15370
14/12:33:04,9.31,4.75,108.37,78.078,19.43,267.542,15371
14/12:33:05,8.99,4.75,108.38,78.111,19.43,267.553,15372
14/12:33:05,9.0,4.74,108.37,78.133,19.43,267.564,15373
14/12:33:06,9.06,4.75,108.36,78.078,19.42,267.575,15374
14/12:33:07,9.2,4.75,108.37,78.177,19.42,267.597,15375
14/12:33:07,9.31,4.74,108.36,78.188,19.42,267.608,15376
14/12:33:08,9.56,4.74,108.36,78.199,19.42,267.608,15377
14/12:33:09,9.84,4.73,108.33,78.188,19.42,267.63,15378
14/12:33:09,9.92,4.71,108.34,78.155,19.42,267.641,15379
14/12:33:10,9.83,4.7,108.34,78.078,19.42,267.663,15380
14/12:33:11,9.76,4.68,108.34,78.067,19.42,267.674,15381
14/12:33:11,9.71,4.67,108.33,78.034,19.42,267.685,15382
14/12:33:12,9.64,4.66,108.32,78.056,19.42,267.696,15383
14/12:33:13,9.56,4.65,108.32,78.034,19.42,267.707,15384
14/12:33:13,9.4,4.65,108.31,78.067,19.42,267.718,15385
14/12:33:14,9.23,4.64,108.33,78.111,19.42,267.729,15386
14/12:33:15,9.37,4.63,108.31,78.1,19.41,267.74,15387
14/12:33:15,9.69,4.64,108.32,78.056,19.41,267.751,15388
14/12:33:16,9.96,4.65,108.32,78.045,19.41,267.762,15389
14/12:33:17,10.07,4.65,108.32,78.001,19.41,267.773,15390
14/12:33:17,10.04,4.65,108.33,77.924,19.41,267.784,15391
14/12:33:18,10.06,4.65,108.33,78.034,19.41,267.795,15392
14/12:33:19,10.0,4.66,108.34,78.133,19.41,267.806,15393
14/12:33:19,9.67,4.7,108.34,78.221,19.41,267.828,15394
14/12:33:20,9.5,4.71,108.35,78.331,19.41,267.839,15395
14/12:33:21,9.5,4.72,108.35,78.342,19.41,267.85,15396
14/12:33:21,9.73,4.73,108.35,78.331,19.41,267.861,15397
14/12:33:22,9.96,4.73,108.36,78.287,19.41,267.872,15398
14/12:33:23,10.01,4.72,108.36,78.276,19.4,267.883,15399
14/12:33:23,10.1,4.7,108.36,78.298,19.4,267.894,15400
14/12:33:24,10.02,4.69,108.35,78.298,19.4,267.916,15401
14/12:33:25,9.97,4.67,108.36,78.32,19.4,267.916,15402
14/12:33:25,9.92,4.65,108.34,78.386,19.4,267.927,15403
14/12:33:26,9.84,4.64,108.34,78.507,19.4,267.949,15404
14/12:33:27,9.85,4.63,108.34,78.562,19.4,267.96,15405
14/12:33:27,9.89,4.63,108.34,78.529,19.4,267.971,15406
14/12:33:28,9.84,4.62,108.34,78.518,19.4,267.982,15407
14/12:33:29,9.68,4.63,108.34,78.551,19.4,267.993,15408
14/12:33:29,9.67,4.61,108.35,78.617,19.4,268.015,15409
14/12:33:30,9.7,4.61,108.34,78.606,19.4,268.026,15410
14/12:33:31,9.66,4.59,108.34,78.639,19.39,268.037,15411
14/12:33:31,9.61,4.57,108.33,78.639,19.39,268.048,15412
14/12:33:32,9.52,4.38,108.31,79.068,19.39,268.158,15413
14/12:33:33,9.48,4.35,108.32,79.046,19.38,268.169,15414
14/12:33:34,9.56,4.33,108.32,79.09,19.38,268.18,15415
14/12:33:34,9.8,4.33,108.32,79.123,19.38,268.202,15416
14/12:33:36,9.79,4.26,108.33,79.211,19.38,268.235,15417
14/12:33:36,9.64,4.24,108.32,79.343,19.38,268.246,15418
14/12:33:37,9.94,4.24,108.31,79.255,19.38,268.257,15419
14/12:33:38,10.07,4.23,108.32,79.167,19.38,268.268,15420
14/12:33:38,9.99,4.21,108.31,79.123,19.38,268.279,15421
14/12:33:39,9.77,4.21,108.31,79.2,19.38,268.29,15422
14/12:33:40,9.76,4.2,108.3,79.266,19.38,268.301,15423
14/12:33:40,10.02,4.21,108.3,79.277,19.38,268.312,15424
14/12:33:41,10.0,4.21,108.28,79.277,19.37,268.323,15425
14/12:33:42,9.85,4.21,108.28,79.343,19.37,268.334,15426
14/12:33:42,9.59,4.22,108.28,79.442,19.37,268.345,15427
14/12:33:43,9.56,4.22,108.27,79.475,19.37,268.356,15428
14/12:33:44,9.7,4.25,108.26,79.464,19.37,268.367,15429
14/12:33:44,9.84,4.26,108.26,79.508,19.37,268.378,15430
14/12:33:45,9.83,4.28,108.26,79.508,19.37,268.389,15431
14/12:33:46,9.68,4.3,108.28,79.508,19.37,268.422,15432
14/12:33:46,9.76,4.32,108.28,79.607,19.37,268.433,15433
14/12:33:47,9.91,4.33,108.28,79.585,19.37,268.444,15434
14/12:33:48,9.79,4.35,108.32,79.508,19.37,268.455,15435
14/12:33:48,9.39,4.34,108.34,79.42,19.36,268.466,15436
14/12:33:49,9.03,4.34,108.37,79.442,19.36,268.477,15437
14/12:33:50,8.88,4.34,108.38,79.409,19.36,268.488,15438
14/12:33:50,8.94,4.34,108.39,79.332,19.36,268.499,15439
14/12:33:51,8.4,4.32,108.44,79.288,19.36,268.521,15440
14/12:33:52,8.16,4.32,108.45,79.31,19.36,268.532,15441
14/12:33:52,8.22,4.31,108.42,79.277,19.36,268.543,15442
14/12:33:53,8.49,4.31,108.42,79.2,19.36,268.554,15443
14/12:33:54,8.4,4.33,108.42,79.101,19.36,268.565,15444
14/12:33:54,7.97,4.34,108.44,79.013,19.36,268.576,15445
14/12:33:55,7.72,4.36,108.44,78.87,19.36,268.598,15446
14/12:33:56,7.56,4.37,108.45,78.848,19.36,268.609,15447
14/12:33:56,7.42,4.38,108.47,78.892,19.36,268.62,15448
14/12:33:57,7.31,4.4,108.51,78.771,19.36,268.642,15449
14/12:33:58,7.25,4.43,108.52,78.573,19.36,268.653,15450
14/12:33:58,7.41,4.44,108.5,78.386,19.35,268.664,15451
14/12:33:59,7.62,4.45,108.51,78.353,19.35,268.675,15452
14/12:34:00,7.83,4.47,108.52,78.221,19.35,268.686,15453
14/12:34:00,8.03,4.49,108.53,78.1,19.35,268.697,15454
14/12:34:01,8.24,4.49,108.53,78.067,19.35,268.708,15455
14/12:34:02,8.33,4.5,108.53,77.979,19.35,268.708,15456
14/12:34:02,8.46,4.5,108.54,77.847,19.35,268.73,15457
14/12:34:03,8.51,4.5,108.55,77.66,19.35,268.752,15458
14/12:34:04,8.66,4.5,108.56,77.616,19.35,268.774,15459
14/12:34:04,8.78,4.5,108.56,77.594,19.35,268.785,15460
14/12:34:05,8.78,4.5,108.56,77.495,19.35,268.796,15461
14/12:34:06,8.72,4.51,108.56,77.396,19.35,268.807,15462
14/12:34:07,4.9,3.34,110.0,77.33,19.34,268.906,15463
14/12:34:07,4.15,3.08,110.32,77.253,19.34,268.917,15464
14/12:34:08,4.14,3.1,110.3,77.165,19.34,268.928,15465
14/12:34:09,4.52,3.27,110.09,76.934,19.34,268.939,15466
14/12:34:09,4.84,3.47,109.8,76.747,19.34,268.95,15467
14/12:34:10,5.3,3.65,109.57,76.736,19.34,268.961,15468
14/12:34:11,5.68,3.84,109.3,76.571,19.34,268.972,15469
14/12:34:12,6.05,4.01,109.09,76.472,19.34,268.983,15470
14/12:34:12,6.66,4.31,108.63,76.615,19.34,269.005,15471
14/12:34:13,6.7,4.37,108.55,76.516,19.34,269.016,15472
14/12:34:14,6.7,4.35,108.54,76.439,19.34,269.027,15473
14/12:34:14,6.9,4.35,108.53,76.362,19.34,269.049,15474
14/12:34:15,7.19,4.35,108.49,76.439,19.34,269.049,15475
14/12:34:16,7.62,4.35,108.47,76.45,19.34,269.071,15476
14/12:34:16,8.27,4.35,108.44,76.582,19.34,269.082,15477
14/12:34:17,9.74,4.36,108.36,76.758,19.34,269.104,15478
14/12:34:18,10.6,4.36,108.31,76.912,19.34,269.115,15479
14/12:34:18,11.25,4.36,108.25,77.0,19.34,269.126,15480
14/12:34:19,12.31,4.35,108.2,76.978,19.33,269.148,15481
14/12:34:20,12.68,4.37,108.17,76.791,19.33,269.159,15482
14/12:34:20,12.8,4.36,108.15,76.736,19.33,269.17,15483
14/12:34:21,12.85,4.37,108.14,76.824,19.33,269.181,15484
14/12:34:22,13.0,4.38,108.12,77.033,19.33,269.192,15485
14/12:34:22,12.97,4.4,108.12,77.099,19.33,269.203,15486
14/12:34:23,12.89,4.41,108.13,77.187,19.33,269.214,15487
14/12:34:24,12.88,4.43,108.12,77.352,19.32,269.225,15488
14/12:34:24,12.8,4.43,108.12,77.429,19.32,269.236,15489
14/12:34:25,12.55,4.44,108.12,77.429,19.32,269.247,15490
14/12:34:26,12.39,4.44,108.13,77.495,19.32,269.258,15491
14/12:34:26,12.36,4.44,108.13,77.539,19.32,269.269,15492
14/12:34:27,12.34,4.46,108.13,77.583,19.32,269.28,15493
14/12:34:28,12.21,4.48,108.14,77.561,19.32,269.291,15494
14/12:34:28,11.7,4.48,108.17,77.715,19.31,269.313,15495
14/12:34:29,11.47,4.47,108.17,77.737,19.31,269.324,15496
14/12:34:30,11.38,4.47,108.17,77.836,19.31,269.335,15497
14/12:34:30,11.16,4.48,108.17,78.023,19.31,269.346,15498
14/12:34:31,10.89,4.49,108.17,78.199,19.31,269.357,15499
14/12:34:32,10.72,4.47,108.17,78.364,19.31,269.368,15500
14/12:34:32,10.86,4.46,108.15,78.408,19.31,269.379,15501
14/12:34:33,11.0,4.46,108.15,78.364,19.31,269.39,15502
14/12:34:34,11.07,4.45,108.16,78.386,19.31,269.401,15503
14/12:34:34,11.13,4.45,108.16,78.54,19.31,269.412,15504
14/12:34:35,11.13,4.42,108.16,78.716,19.31,269.423,15505
14/12:34:36,11.26,4.4,108.14,78.87,19.3,269.434,15506
14/12:34:36,11.41,4.37,108.13,78.969,19.3,269.456,15507
14/12:34:37,11.56,4.37,108.14,79.035,19.3,269.467,15508
14/12:34:38,11.47,4.34,108.13,79.046,19.3,269.478,15509
14/12:34:38,11.26,4.33,108.12,79.134,19.3,269.489,15510
14/12:34:39,11.21,4.32,108.1,79.233,19.3,269.5,15511
14/12:34:40,10.79,4.3,108.13,79.255,19.3,269.511,15512
14/12:34:40,6.57,4.23,108.51,78.386,19.28,269.632,15513
14/12:34:41,6.53,4.23,108.51,78.353,19.28,269.643,15514
14/12:34:42,6.63,4.26,108.53,78.298,19.28,269.654,15515
14/12:34:43,6.61,4.28,108.54,78.199,19.28,269.665,15516
14/12:34:43,6.45,4.32,108.53,78.155,19.28,269.676,15517
14/12:34:44,6.26,4.33,108.55,78.133,19.28,269.698,15518
14/12:34:45,6.35,4.35,108.55,78.034,19.28,269.709,15519
14/12:34:45,6.6,4.39,108.54,77.858,19.28,269.72,15520
14/12:34:46,6.73,4.41,108.55,77.726,19.28,269.731,15521
14/12:34:47,7.04,4.41,108.56,77.671,19.28,269.742,15522
14/12:34:47,7.36,4.4,108.56,77.528,19.28,269.753,15523
14/12:34:48,7.5,4.4,108.56,77.396,19.28,269.764,15524
14/12:34:49,7.4,4.39,108.57,77.308,19.28,269.786,15525
14/12:34:49,7.21,4.38,108.59,77.209,19.28,269.797,15526
14/12:34:50,7.12,4.36,108.6,77.154,19.28,269.808,15527
14/12:34:51,7.16,4.35,108.6,77.132,19.28,269.808,15528
14/12:34:51,6.79,4.34,108.62,76.879,19.28,269.841,15529
14/12:34:52,6.76,4.32,108.61,76.846,19.28,269.852,15530
14/12:34:53,6.95,4.34,108.61,76.857,19.28,269.863,15531
14/12:34:53,7.13,4.34,108.62,76.846,19.28,269.874,15532
14/12:34:54,7.38,4.34,108.61,76.769,19.28,269.885,15533
14/12:34:55,7.64,4.36,108.57,76.648,19.28,269.896,15534
14/12:34:55,7.81,4.37,108.56,76.681,19.28,269.907,15535
14/12:34:56,8.03,4.38,108.52,76.637,19.28,269.918,15536
14/12:34:57,8.46,4.4,108.49,76.626,19.28,269.929,15537
14/12:34:57,8.97,4.43,108.46,76.56,19.28,269.94,15538
14/12:34:58,9.31,4.45,108.42,76.714,19.28,269.951,15539
14/12:34:59,9.68,4.47,108.37,76.747,19.28,269.973,15540
14/12:34:59,9.74,4.46,108.37,76.813,19.28,269.984,15541
14/12:35:00,9.84,4.46,108.37,76.824,19.28,269.995,15542
14/12:35:01,9.86,4.47,108.36,76.912,19.28,270.006,15543
14/12:35:01,9.75,4.46,108.36,76.967,19.28,270.017,15544
14/12:35:02,9.63,4.43,108.35,77.0,19.27,270.05,15545
14/12:35:03,10.23,4.41,108.27,77.165,19.27,270.072,15546
14/12:35:04,10.56,4.4,108.22,77.264,19.27,270.083,15547
14/12:35:04,10.93,4.39,108.19,77.363,19.27,270.094,15548
14/12:35:05,10.99,4.39,108.17,77.418,19.27,270.105,15549
14/12:35:06,10.68,4.38,108.17,77.495,19.27,270.116,15550
14/12:35:06,10.43,4.39,108.19,77.528,19.27,270.116,15551
14/12:35:07,10.01,4.4,108.22,77.528,19.27,270.127,15552
14/12:35:07,9.39,4.42,108.26,77.583,19.26,270.149,15553
14/12:35:08,8.65,4.44,108.33,77.737,19.26,270.171,15554
14/12:35:09,8.38,4.46,108.37,77.836,19.26,270.193,15555
14/12:35:09,8.59,4.47,108.38,77.858,19.26,270.204,15556
14/12:35:10,9.02,4.48,108.37,77.792,19.26,270.215,15557
14/12:35:11,9.32,4.48,108.35,77.99,19.26,270.226,15558
14/12:35:11,9.59,4.49,108.35,78.067,19.26,270.237,15559
14/12:35:12,9.78,4.5,108.35,78.166,19.26,270.248,15560
14/12:35:13,9.86,4.51,108.34,78.265,19.26,270.259,15561
14/12:35:14,9.86,4.52,108.33,78.298,19.26,270.27,15562
14/12:35:15,10.01,2.71,108.08,78.353,19.25,270.369,15563
14/12:35:15,9.92,2.39,108.05,78.364,19.25,270.38,15564
14/12:35:16,9.97,2.1,108.02,78.408,19.25,270.391,15565
14/12:35:17,9.92,2.0,107.98,78.463,19.25,270.402,15566
14/12:35:17,9.9,2.32,108.01,78.474,19.25,270.413,15567
14/12:35:18,9.98,3.0,108.07,78.43,19.24,270.435,15568
14/12:35:19,9.82,3.32,108.1,78.342,19.24,270.446,15569
14/12:35:19,9.63,3.69,108.15,78.276,19.24,270.468,15570
14/12:35:20,9.56,4.3,108.22,78.166,19.24,270.49,15571
14/12:35:21,9.64,4.63,108.26,78.199,19.24,270.501,15572
14/12:35:21,9.69,4.67,108.27,78.254,19.24,270.512,15573
14/12:35:22,9.72,4.67,108.28,78.265,19.24,270.523,15574
14/12:35:23,9.56,4.66,108.28,78.155,19.24,270.534,15575
14/12:35:23,9.4,4.64,108.28,78.045,19.24,270.545,15576
14/12:35:24,9.27,4.63,108.28,78.089,19.24,270.556,15577
14/12:35:25,9.18,4.63,108.3,78.133,19.24,270.567,15578
14/12:35:25,9.06,4.62,108.31,78.045,19.23,270.578,15579
14/12:35:26,8.89,4.6,108.33,77.979,19.23,270.589,15580
14/12:35:27,8.67,4.57,108.34,77.913,19.23,270.6,15581
14/12:35:27,8.5,4.56,108.35,77.902,19.23,270.611,15582
14/12:35:28,8.35,4.55,108.37,77.825,19.23,270.622,15583
14/12:35:29,8.53,4.54,108.39,77.814,19.23,270.644,15584
14/12:35:29,8.67,4.54,108.4,77.715,19.23,270.655,15585
14/12:35:30,8.9,4.56,108.4,77.671,19.23,270.666,15586
14/12:35:31,9.19,4.56,108.39,77.616,19.23,270.677,15587
14/12:35:32,9.24,4.56,108.4,77.583,19.23,270.688,15588
14/12:35:32,9.15,4.57,108.38,77.616,19.23,270.699,15589
14/12:35:33,9.08,4.59,108.38,77.616,19.23,270.71,15590
14/12:35:33,8.94,4.6,108.39,77.649,19.23,270.721,15591
14/12:35:34,8.82,4.59,108.37,77.671,19.23,270.732,15592
14/12:35:35,8.69,4.6,108.38,77.682,19.23,270.743,15593
14/12:35:35,8.51,4.6,108.37,77.704,19.22,270.754,15594
14/12:35:36,8.27,4.59,108.37,77.704,19.22,270.765,15595
14/12:35:37,8.24,4.59,108.37,77.693,19.22,270.776,15596
14/12:35:38,8.38,4.59,108.36,77.704,19.22,270.787,15597
14/12:35:38,8.67,4.59,108.36,77.726,19.22,270.809,15598
14/12:35:39,9.2,4.61,108.37,77.66,19.22,270.831,15599
14/12:35:40,9.31,4.6,108.37,77.616,19.22,270.842,15600
14/12:35:40,9.35,4.59,108.41,77.605,19.22,270.853,15601
14/12:35:41,9.33,4.57,108.4,77.561,19.22,270.864,15602
14/12:35:41,9.16,4.57,108.4,77.539,19.22,270.875,15603
14/12:35:42,8.92,4.56,108.4,77.517,19.22,270.886,15604
14/12:35:43,8.47,4.61,108.4,77.605,19.22,270.908,15605
14/12:35:43,8.31,4.62,108.41,77.627,19.22,270.908,15606
14/12:35:44,8.32,4.64,108.41,77.682,19.22,270.93,15607
14/12:35:45,8.41,4.68,108.37,77.726,19.21,270.941,15608
14/12:35:45,8.46,4.71,108.36,77.781,19.21,270.952,15609
14/12:35:46,8.56,4.73,108.38,77.781,19.21,270.963,15610
14/12:35:47,8.78,4.74,108.38,77.759,19.21,270.974,15611
14/12:35:47,8.94,4.74,108.38,77.748,19.21,270.985,15612
14/12:35:48,8.26,4.73,108.38,77.803,19.21,271.095,15613
14/12:35:49,8.08,4.74,108.4,77.781,19.21,271.106,15614
14/12:35:50,8.08,4.75,108.4,77.825,19.2,271.117,15615
14/12:35:50,8.17,4.76,108.39,77.737,19.2,271.128,15616
14/12:35:51,8.34,4.78,108.39,77.704,19.2,271.139,15617
14/12:35:52,8.6,4.79,108.39,77.715,19.2,271.15,15618
14/12:35:52,8.93,4.81,108.4,77.693,19.2,271.172,15619
14/12:35:53,9.31,4.83,108.4,77.726,19.2,271.183,15620
14/12:35:54,9.56,4.84,108.4,77.693,19.2,271.194,15621
14/12:35:54,9.63,4.84,108.4,77.693,19.2,271.205,15622
14/12:35:55,9.51,4.84,108.39,77.671,19.2,271.216,15623
14/12:35:56,9.38,4.84,108.4,77.715,19.2,271.216,15624
14/12:35:56,9.22,4.83,108.4,77.737,19.2,271.227,15625
14/12:35:57,8.97,4.83,108.4,77.814,19.2,271.249,15626
14/12:35:58,8.69,4.82,108.42,77.726,19.2,271.26,15627
14/12:35:58,8.59,4.82,108.42,77.704,19.2,271.271,15628
14/12:35:59,8.73,4.81,108.4,77.583,19.2,271.293,15629
14/12:35:59,8.87,4.82,108.41,77.55,19.2,271.304,15630
14/12:36:00,8.94,4.81,108.4,77.539,19.19,271.315,15631
14/12:36:01,8.97,4.8,108.41,77.539,19.19,271.326,15632
14/12:36:02,9.09,4.8,108.41,77.528,19.19,271.337,15633
14/12:36:02,9.1,4.81,108.39,77.528,19.19,271.348,15634
14/12:36:03,8.89,4.79,108.4,77.484,19.19,271.359,15635
14/12:36:04,8.61,4.78,108.41,77.462,19.19,271.37,15636
14/12:36:04,8.35,4.78,108.41,77.418,19.19,271.381,15637
14/12:36:05,8.21,4.77,108.41,77.528,19.19,271.392,15638
14/12:36:06,8.19,4.77,108.4,77.66,19.19,271.403,15639
14/12:36:06,8.19,4.77,108.39,77.66,19.19,271.414,15640
14/12:36:07,8.13,4.77,108.39,77.726,19.19,271.425,15641
14/12:36:08,8.19,4.77,108.39,77.814,19.19,271.436,15642
14/12:36:08,8.5,4.78,108.38,77.814,19.19,271.447,15643
14/12:36:09,8.81,4.8,108.36,77.781,19.19,271.458,15644
14/12:36:10,9.11,4.84,108.37,77.704,19.19,271.491,15645
14/12:36:10,9.12,4.84,108.38,77.726,19.18,271.502,15646
14/12:36:11,9.06,4.84,108.38,77.781,19.18,271.513,15647
14/12:36:12,8.96,4.84,108.37,77.781,19.18,271.524,15648
14/12:36:12,8.69,4.84,108.39,77.759,19.18,271.535,15649
14/12:36:13,8.45,4.83,108.37,77.77,19.18,271.546,15650
14/12:36:14,8.25,4.82,108.38,77.748,19.18,271.557,15651
14/12:36:15,8.2,4.81,108.38,77.781,19.18,271.568,15652
14/12:36:15,8.22,4.81,108.38,77.748,19.18,271.579,15653
14/12:36:16,8.33,4.8,108.39,77.671,19.18,271.59,15654
14/12:36:17,8.23,4.78,108.39,77.759,19.18,271.612,15655
14/12:36:17,8.15,4.77,108.4,77.814,19.18,271.623,15656
14/12:36:18,7.99,4.74,108.39,77.825,19.18,271.634,15657
14/12:36:19,7.99,4.73,108.38,77.836,19.18,271.645,15658
14/12:36:19,8.01,4.72,108.37,77.957,19.18,271.656,15659
14/12:36:20,7.96,4.69,108.38,78.045,19.18,271.678,15660
14/12:36:21,7.97,4.69,108.36,77.979,19.18,271.689,15661
14/12:36:22,8.12,4.7,108.37,77.913,19.18,271.7,15662
14/12:36:23,8.77,4.65,108.38,78.408,19.17,271.843,15663
14/12:36:24,8.46,4.66,108.37,78.43,19.17,271.865,15664
14/12:36:25,8.46,4.65,108.37,78.353,19.17,271.876,15665
14/12:36:25,8.56,4.65,108.36,78.364,19.16,271.887,15666
14/12:36:26,8.88,4.66,108.36,78.485,19.16,271.898,15667
14/12:36:27,9.14,4.67,108.37,78.496,19.16,271.909,15668
14/12:36:27,9.28,4.68,108.37,78.507,19.16,271.92,15669
14/12:36:28,9.32,4.69,108.38,78.474,19.16,271.931,15670
14/12:36:29,8.93,4.69,108.39,78.661,19.16,271.953,15671
14/12:36:29,8.85,4.71,108.39,78.749,19.16,271.975,15672
14/12:36:30,8.89,4.71,108.4,78.826,19.16,271.986,15673
14/12:36:31,8.83,4.72,108.4,78.771,19.16,271.997,15674
14/12:36:31,8.61,4.72,108.4,78.793,19.16,272.008,15675
14/12:36:32,8.49,4.71,108.39,78.848,19.16,272.008,15676
14/12:36:33,8.47,4.71,108.39,78.958,19.16,272.03,15677
14/12:36:34,8.67,4.72,108.38,78.98,19.16,272.041,15678
14/12:36:34,8.97,4.72,108.37,78.98,19.16,272.052,15679
14/12:36:35,8.96,4.69,108.37,78.969,19.16,272.063,15680
14/12:36:36,8.6,4.68,108.37,78.969,19.16,272.074,15681
14/12:36:36,8.45,4.66,108.36,79.046,19.15,272.085,15682
14/12:36:37,8.61,4.66,108.37,79.112,19.15,272.096,15683
14/12:36:38,9.0,4.67,108.37,79.09,19.15,272.107,15684
14/12:36:38,9.01,4.66,108.37,79.09,19.15,272.118,15685
14/12:36:39,8.8,4.66,108.36,79.123,19.15,272.129,15686
14/12:36:40,8.57,4.65,108.37,79.222,19.15,272.14,15687
14/12:36:40,8.74,4.64,108.36,79.233,19.15,272.151,15688
14/12:36:41,9.09,4.64,108.36,79.145,19.15,272.162,15689
14/12:36:42,9.16,4.64,108.36,79.101,19.15,272.173,15690
14/12:36:43,8.9,4.63,108.35,79.09,19.15,272.184,15691
14/12:36:43,8.57,4.63,108.35,79.035,19.15,272.195,15692
14/12:36:44,8.67,4.64,108.35,79.057,19.15,272.206,15693
14/12:36:44,8.93,4.65,108.35,79.101,19.15,272.217,15694
14/12:36:45,9.04,4.68,108.36,78.991,19.15,272.239,15695
14/12:36:46,9.06,4.71,108.37,78.892,19.15,272.25,15696
14/12:36:46,8.94,4.72,108.37,78.749,19.15,272.261,15697
14/12:36:47,8.85,4.73,108.36,78.672,19.14,272.272,15698
14/12:36:48,8.9,4.73,108.36,78.694,19.14,272.283,15699
14/12:36:49,9.03,4.72,108.36,78.727,19.14,272.294,15700
14/12:36:49,9.18,4.72,108.36,78.672,19.14,272.305,15701
14/12:36:50,9.23,4.7,108.36,78.485,19.14,272.316,15702
14/12:36:51,8.95,4.69,108.37,78.265,19.14,272.327,15703
14/12:36:51,8.84,4.69,108.37,78.056,19.14,272.349,15704
14/12:36:52,9.01,4.7,108.39,78.001,19.14,272.36,15705
14/12:36:53,9.0,4.71,108.39,77.869,19.14,272.371,15706
14/12:36:53,8.87,4.72,108.38,77.649,19.14,272.382,15707
14/12:36:54,8.55,4.72,108.38,77.605,19.14,272.393,15708
14/12:36:55,8.27,4.72,108.38,77.649,19.14,272.404,15709
14/12:36:55,8.26,4.72,108.37,77.616,19.14,272.415,15710
14/12:36:56,8.3,4.73,108.35,77.616,19.14,272.426,15711
14/12:36:57,8.39,4.75,108.33,77.66,19.13,272.448,15712
14/12:36:57,8.33,4.87,108.36,77.506,19.13,272.602,15713
14/12:36:58,8.32,4.86,108.35,77.506,19.13,272.613,15714
14/12:36:59,8.41,4.86,108.36,77.506,19.13,272.624,15715
14/12:37:00,8.52,4.85,108.35,77.517,19.12,272.635,15716
14/12:37:00,8.73,4.84,108.34,77.539,19.12,272.646,15717
14/12:37:01,8.98,4.85,108.34,77.517,19.12,272.657,15718
14/12:37:02,9.26,4.85,108.33,77.462,19.12,272.668,15719
14/12:37:02,9.52,4.83,108.34,77.418,19.12,272.679,15720
14/12:37:03,9.68,4.82,108.34,77.374,19.12,272.69,15721
14/12:37:04,9.67,4.81,108.35,77.374,19.12,272.701,15722
14/12:37:04,9.74,4.8,108.34,77.396,19.12,272.712,15723
14/12:37:05,9.76,4.79,108.34,77.308,19.12,272.723,15724
14/12:37:06,9.53,4.79,108.35,77.33,19.12,272.734,15725
14/12:37:06,9.44,4.8,108.36,77.341,19.12,272.745,15726
14/12:37:07,9.23,4.8,108.37,77.363,19.12,272.756,15727
14/12:37:08,8.62,4.79,108.38,77.33,19.12,272.778,15728
14/12:37:08,8.46,4.79,108.38,77.385,19.12,272.789,15729
14/12:37:09,8.25,4.78,108.39,77.374,19.12,272.8,15730
14/12:37:10,8.14,4.77,108.41,77.363,19.11,272.811,15731
14/12:37:10,8.09,4.76,108.39,77.341,19.11,272.822,15732
14/12:37:11,7.91,4.75,108.4,77.363,19.11,272.833,15733
14/12:37:12,7.81,4.74,108.4,77.374,19.11,272.844,15734
14/12:37:12,7.79,4.76,108.4,77.407,19.11,272.866,15735
14/12:37:13,7.71,4.76,108.41,77.374,19.11,272.877,15736
14/12:37:14,7.76,4.77,108.4,77.396,19.11,272.888,15737
14/12:37:14,7.79,4.77,108.4,77.396,19.11,272.899,15738
14/12:37:15,7.8,4.79,108.39,77.363,19.11,272.91,15739
14/12:37:16,7.9,4.8,108.37,77.407,19.11,272.921,15740
14/12:37:16,7.93,4.8,108.37,77.429,19.11,272.932,15741
14/12:37:17,8.03,4.8,108.37,77.429,19.11,272.943,15742
14/12:37:18,8.13,4.77,108.37,77.308,19.11,272.976,15743
14/12:37:18,8.13,4.75,108.36,77.352,19.11,272.987,15744
14/12:37:19,8.06,4.73,108.38,77.385,19.11,272.998,15745
14/12:37:20,8.02,4.69,108.4,77.429,19.11,273.02,15746
14/12:37:20,7.95,4.66,108.41,77.418,19.11,273.031,15747
14/12:37:21,7.99,4.67,108.42,77.44,19.11,273.042,15748
14/12:37:22,8.21,4.66,108.41,77.451,19.1,273.053,15749
14/12:37:22,8.39,4.66,108.42,77.473,19.1,273.064,15750
14/12:37:23,8.55,4.68,108.41,77.462,19.1,273.075,15751
14/12:37:24,8.71,4.67,108.4,77.495,19.1,273.086,15752
14/12:37:24,8.86,4.66,108.39,77.55,19.1,273.097,15753
14/12:37:25,8.97,4.67,108.4,77.605,19.1,273.108,15754
14/12:37:26,8.93,4.67,108.39,77.616,19.1,273.108,15755
14/12:37:26,8.85,4.67,108.39,77.616,19.1,273.13,15756
14/12:37:27,8.59,4.66,108.39,77.66,19.1,273.141,15757
14/12:37:28,8.41,4.66,108.38,77.726,19.1,273.152,15758
14/12:37:28,8.26,4.66,108.38,77.726,19.1,273.163,15759
14/12:37:29,8.18,4.67,108.38,77.649,19.1,273.174,15760
14/12:37:30,7.99,4.67,108.38,77.693,19.1,273.185,15761
14/12:37:30,7.84,4.67,108.38,77.814,19.1,273.196,15762
14/12:37:32,8.71,4.88,108.34,78.155,19.09,273.339,15763
14/12:37:32,8.7,4.89,108.37,78.21,19.09,273.35,15764
14/12:37:33,8.53,4.9,108.37,78.199,19.09,273.361,15765
14/12:37:34,8.42,4.9,108.36,78.133,19.09,273.372,15766
14/12:37:34,8.72,4.86,108.39,78.243,19.09,273.394,15767
14/12:37:35,8.92,4.88,108.39,78.342,19.09,273.405,15768
14/12:37:36,8.97,4.87,108.38,78.353,19.09,273.416,15769
14/12:37:36,8.93,4.87,108.38,78.32,19.09,273.416,15770
14/12:37:37,8.88,4.86,108.37,78.353,19.09,273.427,15771
14/12:37:38,8.86,4.86,108.37,78.364,19.09,273.449,15772
14/12:37:38,8.81,4.86,108.37,78.309,19.08,273.46,15773
14/12:37:39,8.67,4.85,108.37,78.353,19.08,273.471,15774
14/12:37:40,8.66,4.83,108.36,78.32,19.08,273.482,15775
14/12:37:41,8.75,4.81,108.36,78.309,19.08,273.493,15776
14/12:37:41,8.78,4.8,108.35,78.276,19.08,273.504,15777
14/12:37:42,8.81,4.79,108.35,78.221,19.08,273.515,15778
14/12:37:43,8.79,4.78,108.36,78.199,19.08,273.526,15779
14/12:37:43,8.81,4.76,108.35,78.342,19.08,273.537,15780
14/12:37:44,8.87,4.74,108.35,78.397,19.08,273.548,15781
14/12:37:45,8.98,4.74,108.34,78.452,19.08,273.559,15782
14/12:37:45,8.68,4.75,108.36,78.408,19.08,273.581,15783
14/12:37:46,8.57,4.75,108.36,78.364,19.08,273.603,15784
14/12:37:47,8.63,4.75,108.35,78.463,19.08,273.614,15785
14/12:37:47,8.76,4.75,108.35,78.463,19.08,273.625,15786
14/12:37:48,8.98,4.76,108.35,78.452,19.08,273.636,15787
14/12:37:49,9.05,4.76,108.35,78.375,19.08,273.647,15788
14/12:37:49,8.98,4.77,108.34,78.364,19.07,273.658,15789
14/12:37:50,9.11,4.77,108.32,78.353,19.07,273.669,15790
14/12:37:51,9.6,4.78,108.33,78.287,19.07,273.691,15791
14/12:37:51,9.87,4.79,108.33,78.353,19.07,273.702,15792
14/12:37:52,9.94,4.79,108.34,78.375,19.07,273.713,15793
14/12:37:53,9.76,4.78,108.34,78.243,19.07,273.735,15794
14/12:37:53,9.5,4.77,108.34,78.177,19.07,273.746,15795
14/12:37:54,9.23,4.77,108.34,78.166,19.07,273.757,15796
14/12:37:55,8.24,4.76,108.33,78.276,19.07,273.801,15797
14/12:37:55,8.01,4.75,108.34,78.243,19.07,273.812,15798
14/12:37:56,8.04,4.76,108.33,78.254,19.07,273.823,15799
14/12:37:57,8.24,4.76,108.34,78.265,19.06,273.834,15800
14/12:37:57,8.54,4.77,108.35,78.21,19.06,273.845,15801
14/12:37:58,8.77,4.78,108.36,78.111,19.06,273.856,15802
14/12:37:59,8.87,4.77,108.38,78.056,19.06,273.878,15803
14/12:38:00,8.83,4.77,108.37,78.045,19.06,273.889,15804
14/12:38:00,8.83,4.77,108.37,78.111,19.06,273.9,15805
14/12:38:01,8.86,4.78,108.38,78.078,19.06,273.911,15806
14/12:38:02,8.9,4.77,108.37,78.023,19.06,273.922,15807
14/12:38:02,8.91,4.76,108.37,77.891,19.06,273.933,15808
14/12:38:03,8.91,4.76,108.37,77.847,19.06,273.944,15809
14/12:38:04,9.43,4.76,108.34,77.704,19.06,273.966,15810
14/12:38:04,9.65,4.76,108.35,77.671,19.06,273.977,15811
14/12:38:05,9.7,4.74,108.34,77.506,19.06,273.988,15812
14/12:38:06,8.04,4.73,108.36,77.121,19.05,274.065,15813
14/12:38:07,7.97,4.77,108.35,77.055,19.05,274.098,15814
14/12:38:07,7.95,4.78,108.35,77.044,19.05,274.109,15815
14/12:38:08,8.0,4.8,108.34,77.0,19.05,274.12,15816
14/12:38:09,7.95,4.83,108.36,76.824,19.05,274.142,15817
14/12:38:09,7.92,4.84,108.37,76.747,19.05,274.153,15818
14/12:38:10,7.98,4.84,108.37,76.67,19.05,274.164,15819
14/12:38:11,8.02,4.85,108.37,76.571,19.05,274.175,15820
14/12:38:11,8.03,4.85,108.37,76.472,19.05,274.186,15821
14/12:38:12,7.99,4.85,108.38,76.373,19.05,274.197,15822
14/12:38:13,8.17,4.85,108.39,76.351,19.05,274.208,15823
14/12:38:14,8.32,4.87,108.38,76.362,19.05,274.208,15824
14/12:38:14,8.59,4.91,108.37,76.373,19.04,274.23,15825
14/12:38:15,8.9,4.91,108.38,76.406,19.04,274.241,15826
14/12:38:15,9.06,4.92,108.38,76.384,19.04,274.252,15827
14/12:38:16,9.22,4.91,108.37,76.329,19.04,274.263,15828
14/12:38:17,9.41,4.92,108.37,76.285,19.04,274.274,15829
14/12:38:18,9.59,4.94,108.36,76.252,19.04,274.285,15830
14/12:38:18,9.6,4.93,108.33,76.23,19.04,274.296,15831
14/12:38:19,9.57,4.92,108.35,76.241,19.04,274.307,15832
14/12:38:20,9.47,4.89,108.35,76.274,19.04,274.318,15833
14/12:38:20,9.32,4.89,108.34,76.296,19.04,274.329,15834
14/12:38:21,9.15,4.88,108.34,76.252,19.04,274.34,15835
14/12:38:22,9.01,4.87,108.33,76.186,19.04,274.351,15836
14/12:38:22,8.84,4.86,108.32,76.164,19.04,274.362,15837
14/12:38:23,8.67,4.83,108.32,76.131,19.04,274.373,15838
14/12:38:24,8.53,4.81,108.34,76.142,19.04,274.384,15839
14/12:38:24,8.41,4.78,108.33,76.076,19.04,274.395,15840
14/12:38:25,8.31,4.75,108.33,76.043,19.03,274.406,15841
14/12:38:26,8.06,4.7,108.34,75.856,19.03,274.428,15842
14/12:38:26,7.75,4.68,108.38,75.713,19.03,274.439,15843
14/12:38:27,7.25,4.48,108.65,75.801,19.03,274.45,15844
14/12:38:28,6.64,4.26,109.01,76.01,19.03,274.461,15845
14/12:38:28,6.01,4.04,109.33,76.054,19.03,274.472,15846
14/12:38:29,5.14,3.79,109.62,75.977,19.03,274.483,15847
14/12:38:30,4.22,3.61,109.9,75.735,19.03,274.494,15848
14/12:38:30,3.35,3.36,110.25,75.449,19.03,274.505,15849
14/12:38:31,3.06,3.39,110.28,74.987,19.03,274.516,15850
14/12:38:32,2.98,3.39,110.28,74.613,19.03,274.516,15851
14/12:38:33,2.57,3.84,109.76,74.206,19.03,274.549,15852
14/12:38:33,2.32,4.06,109.55,73.843,19.03,274.56,15853
14/12:38:34,2.2,4.28,109.34,73.557,19.03,274.571,15854
14/12:38:35,2.13,4.47,109.14,73.293,19.03,274.582,15855
14/12:38:35,2.04,4.66,108.98,72.963,19.03,274.593,15856
14/12:38:36,1.36,4.64,109.03,72.633,19.03,274.604,15857
14/12:38:37,0.76,4.64,109.09,72.314,19.03,274.615,15858
14/12:38:37,0.47,4.65,109.15,72.05,19.03,274.626,15859
14/12:38:38,0.48,4.64,109.15,71.808,19.04,274.637,15860
14/12:38:39,0.48,4.65,109.16,71.5,19.04,274.648,15861
14/12:38:39,0.48,4.65,109.17,71.28,19.04,274.659,15862
14/12:38:40,0.57,4.8,109.25,67.496,19.04,274.791,15863
14/12:38:41,0.82,4.8,109.24,67.331,19.04,274.802,15864
14/12:38:42,2.18,4.8,109.14,67.067,19.05,274.813,15865
14/12:38:43,4.93,4.81,108.89,67.177,19.05,274.824,15866
14/12:38:43,6.54,4.82,108.76,67.265,19.05,274.835,15867
14/12:38:44,8.72,4.83,108.53,67.408,19.04,274.857,15868
14/12:38:45,9.54,4.83,108.44,67.397,19.04,274.868,15869
14/12:38:45,9.96,4.84,108.38,67.386,19.04,274.879,15870
14/12:38:46,8.95,4.85,108.44,67.43,19.04,274.89,15871
14/12:38:47,8.48,4.84,108.47,67.331,19.04,274.901,15872
14/12:38:47,7.86,4.84,108.52,67.287,19.04,274.912,15873
14/12:38:48,7.59,4.84,108.56,67.232,19.04,274.923,15874
14/12:38:49,7.61,4.85,108.56,67.199,19.04,274.934,15875
14/12:38:49,7.53,4.85,108.56,67.177,19.04,274.945,15876
14/12:38:50,7.47,4.85,108.56,67.199,19.04,274.956,15877
14/12:38:51,7.47,4.86,108.56,67.056,19.04,274.967,15878
14/12:38:51,7.53,4.86,108.56,66.99,19.04,274.978,15879
14/12:38:52,7.52,4.86,108.57,67.111,19.04,274.989,15880
14/12:38:53,7.52,4.86,108.56,67.199,19.04,274.989,15881
14/12:38:53,7.61,4.86,108.56,67.166,19.04,275.0,15882
14/12:38:54,7.62,4.86,108.55,67.111,19.04,275.011,15883
14/12:38:55,7.72,4.87,108.56,67.1,19.04,275.022,15884
14/12:38:55,7.88,4.87,108.56,67.056,19.04,275.033,15885
14/12:38:56,7.78,4.87,108.56,67.023,19.04,275.055,15886
14/12:38:57,7.82,4.86,108.56,67.1,19.03,275.066,15887
14/12:38:57,8.02,4.86,108.55,67.089,19.03,275.077,15888
14/12:38:58,8.25,4.86,108.53,67.122,19.03,275.077,15889
14/12:38:59,8.47,4.85,108.5,67.232,19.03,275.088,15890
14/12:38:59,8.87,4.84,108.44,67.408,19.03,275.11,15891
14/12:39:00,9.22,4.85,108.4,67.573,19.03,275.121,15892
14/12:39:01,9.64,4.85,108.37,67.782,19.03,275.132,15893
14/12:39:02,10.03,4.85,108.32,67.892,19.03,275.143,15894
14/12:39:02,10.21,4.84,108.3,67.947,19.03,275.154,15895
14/12:39:03,10.3,4.83,108.28,68.046,19.03,275.165,15896
14/12:39:03,10.46,4.83,108.3,68.178,19.03,275.165,15897
14/12:39:04,10.67,4.84,108.28,68.387,19.03,275.187,15898
14/12:39:05,10.69,4.82,108.28,68.497,19.03,275.198,15899
14/12:39:05,10.75,4.83,108.27,68.651,19.02,275.209,15900
14/12:39:06,10.74,4.84,108.28,68.783,19.02,275.22,15901
14/12:39:07,10.68,4.84,108.26,68.816,19.02,275.231,15902
14/12:39:07,10.75,4.84,108.25,68.915,19.02,275.242,15903
14/12:39:08,10.83,4.84,108.23,69.058,19.02,275.253,15904
14/12:39:09,10.72,4.8,108.22,69.245,19.02,275.264,15905
14/12:39:09,10.8,4.78,108.21,69.388,19.02,275.275,15906
14/12:39:10,10.78,4.78,108.21,69.465,19.02,275.286,15907
14/12:39:11,10.74,4.78,108.22,69.586,19.02,275.286,15908
14/12:39:12,10.8,4.75,108.21,69.685,19.02,275.297,15909
14/12:39:12,10.53,4.72,108.22,69.916,19.01,275.308,15910
14/12:39:13,10.33,4.72,108.24,69.905,19.01,275.33,15911
14/12:39:14,10.12,4.72,108.25,69.894,19.01,275.341,15912
14/12:39:15,9.14,4.71,108.3,70.389,19.01,275.429,15913
14/12:39:16,9.13,4.72,108.28,70.455,19.01,275.44,15914
14/12:39:16,9.15,4.7,108.31,70.521,19.01,275.451,15915
14/12:39:17,9.21,4.71,108.3,70.565,19.0,275.462,15916
14/12:39:18,9.19,4.7,108.31,70.631,19.0,275.473,15917
14/12:39:18,9.18,4.69,108.32,70.686,19.0,275.484,15918
14/12:39:19,9.21,4.69,108.32,70.829,19.0,275.517,15919
14/12:39:20,9.17,4.69,108.32,70.818,19.0,275.528,15920
14/12:39:20,9.3,4.7,108.32,70.961,19.0,275.539,15921
14/12:39:21,9.18,4.69,108.33,71.082,19.0,275.55,15922
14/12:39:22,9.28,4.69,108.32,71.115,19.0,275.561,15923
14/12:39:22,9.28,4.7,108.32,71.104,19.0,275.572,15924
14/12:39:23,9.38,4.7,108.32,71.104,19.0,275.583,15925
14/12:39:24,9.26,4.71,108.32,71.192,19.0,275.594,15926
14/12:39:25,9.42,4.71,108.33,71.269,19.0,275.594,15927
14/12:39:25,9.43,4.71,108.33,71.28,19.0,275.616,15928
14/12:39:26,9.42,4.72,108.32,71.445,18.99,275.616,15929
14/12:39:26,9.23,4.71,108.33,71.467,18.99,275.627,15930
14/12:39:27,9.35,4.72,108.35,71.511,18.99,275.649,15931
14/12:39:28,9.18,4.71,108.36,71.511,18.99,275.66,15932
14/12:39:28,9.39,4.7,108.35,71.555,18.99,275.671,15933
14/12:39:29,9.42,4.69,108.35,71.577,18.99,275.693,15934
14/12:39:30,9.51,4.7,108.34,71.786,18.99,275.726,15935
14/12:39:31,9.34,4.69,108.33,71.797,18.99,275.737,15936
14/12:39:31,9.36,4.7,108.33,71.874,18.99,275.748,15937
14/12:39:32,9.06,4.7,108.32,71.885,18.99,275.759,15938
14/12:39:33,8.89,4.71,108.35,71.808,18.98,275.77,15939
14/12:39:33,8.4,4.72,108.38,71.786,18.98,275.781,15940
14/12:39:34,7.98,4.72,108.42,71.797,18.98,275.792,15941
14/12:39:35,7.11,4.7,108.46,71.588,18.98,275.814,15942
14/12:39:35,6.96,4.71,108.51,71.533,18.98,275.814,15943
14/12:39:36,6.62,4.7,108.54,71.489,18.98,275.836,15944
14/12:39:37,6.34,4.7,108.57,71.401,18.98,275.836,15945
14/12:39:37,6.19,4.69,108.59,71.324,18.98,275.847,15946
14/12:39:38,6.2,4.69,108.59,71.225,18.98,275.858,15947
14/12:39:39,6.35,4.69,108.57,71.148,18.98,275.869,15948
14/12:39:39,6.2,4.68,108.59,71.071,18.98,275.88,15949
14/12:39:40,6.4,4.69,108.61,70.939,18.98,275.891,15950
14/12:39:41,6.37,4.69,108.57,70.829,18.98,275.902,15951
14/12:39:41,6.53,4.69,108.59,70.708,18.98,275.913,15952
14/12:39:42,6.46,4.71,108.57,70.499,18.98,275.935,15953
14/12:39:43,6.49,4.7,108.57,70.367,18.98,275.946,15954
14/12:39:43,6.4,4.7,108.56,70.268,18.98,275.957,15955
14/12:39:44,6.54,4.7,108.56,70.147,18.98,275.968,15956
14/12:39:45,6.39,4.69,108.56,70.092,18.98,275.979,15957
14/12:39:45,6.34,4.7,108.57,69.916,18.98,275.99,15958
14/12:39:46,6.28,4.7,108.56,69.773,18.98,275.99,15959
14/12:39:47,6.37,4.7,108.56,69.718,18.98,276.001,15960
14/12:39:47,6.38,4.71,108.59,69.641,18.98,276.012,15961
14/12:39:48,6.42,4.73,108.6,69.432,18.98,276.034,15962
14/12:39:50,6.33,4.7,108.61,68.585,18.98,276.111,15963
14/12:39:50,6.31,4.71,108.62,68.453,18.97,276.122,15964
14/12:39:51,6.24,4.7,108.62,68.398,18.97,276.133,15965
14/12:39:52,6.28,4.71,108.62,68.288,18.97,276.155,15966
14/12:39:52,6.22,4.71,108.61,68.266,18.97,276.166,15967
14/12:39:53,6.34,4.72,108.61,68.2,18.97,276.177,15968
14/12:39:54,6.49,4.71,108.61,68.2,18.97,276.188,15969
14/12:39:54,6.57,4.72,108.6,68.211,18.97,276.199,15970
14/12:39:55,6.89,4.71,108.57,68.145,18.97,276.21,15971
14/12:39:56,7.11,4.71,108.56,68.101,18.97,276.221,15972
14/12:39:57,7.15,4.71,108.55,68.222,18.97,276.221,15973
14/12:39:57,7.47,4.72,108.53,68.299,18.97,276.232,15974
14/12:39:58,7.68,4.73,108.52,68.277,18.97,276.243,15975
14/12:39:59,7.76,4.73,108.49,68.365,18.97,276.265,15976
14/12:39:59,7.82,4.74,108.49,68.376,18.97,276.276,15977
14/12:40:00,7.85,4.74,108.48,68.376,18.97,276.287,15978
14/12:40:01,8.18,4.74,108.45,68.453,18.97,276.298,15979
14/12:40:01,8.6,4.73,108.42,68.563,18.97,276.309,15980
14/12:40:02,8.8,4.71,108.39,68.618,18.97,276.32,15981
14/12:40:03,9.16,4.71,108.36,68.772,18.97,276.331,15982
14/12:40:03,9.59,4.72,108.33,68.816,18.97,276.331,15983
14/12:40:04,10.44,4.7,108.26,69.025,18.97,276.353,15984
14/12:40:05,10.86,4.7,108.22,69.08,18.96,276.364,15985
14/12:40:05,10.9,4.71,108.19,69.146,18.96,276.375,15986
14/12:40:06,11.12,4.73,108.16,69.3,18.96,276.386,15987
14/12:40:07,11.28,4.75,108.13,69.366,18.96,276.397,15988
14/12:40:07,11.45,4.74,108.12,69.454,18.96,276.408,15989
14/12:40:08,11.62,4.73,108.08,69.597,18.96,276.43,15990
14/12:40:09,11.69,4.73,108.07,69.674,18.96,276.441,15991
14/12:40:09,11.69,4.72,108.07,69.663,18.96,276.452,15992
14/12:40:10,11.82,4.69,108.05,69.817,18.95,276.463,15993
14/12:40:11,11.74,4.7,108.05,69.905,18.95,276.474,15994
14/12:40:11,11.92,4.7,108.03,70.059,18.95,276.485,15995
14/12:40:12,11.68,4.7,108.06,70.147,18.95,276.496,15996
14/12:40:13,11.43,4.72,108.08,70.224,18.95,276.507,15997
14/12:40:13,11.21,4.71,108.11,70.202,18.95,276.518,15998
14/12:40:14,10.99,4.71,108.12,70.268,18.95,276.529,15999
14/12:40:15,10.8,4.71,108.15,70.334,18.95,276.54,16000
14/12:40:16,10.42,4.72,108.19,70.499,18.95,276.551,16001
14/12:40:16,10.34,4.72,108.22,70.62,18.95,276.562,16002
14/12:40:17,9.88,4.7,108.23,70.807,18.94,276.584,16003
14/12:40:18,9.88,4.72,108.25,70.983,18.94,276.595,16004
14/12:40:18,9.88,4.72,108.25,71.027,18.94,276.617,16005
14/12:40:19,9.87,4.71,108.24,71.203,18.94,276.628,16006
14/12:40:20,9.67,4.71,108.24,71.258,18.94,276.639,16007
14/12:40:20,9.89,4.73,108.24,71.401,18.94,276.65,16008
14/12:40:21,9.87,4.73,108.22,71.654,18.94,276.672,16009
14/12:40:22,9.8,4.72,108.22,71.698,18.94,276.683,16010
14/12:40:22,10.0,4.72,108.22,71.764,18.94,276.694,16011
14/12:40:23,9.93,4.71,108.22,71.797,18.93,276.705,16012
14/12:40:24,9.03,4.68,108.28,71.995,18.93,276.793,16013
14/12:40:25,8.83,4.7,108.28,71.984,18.93,276.804,16014
14/12:40:25,8.61,4.69,108.3,71.962,18.93,276.815,16015
14/12:40:26,8.41,4.69,108.32,71.984,18.93,276.826,16016
14/12:40:27,8.26,4.7,108.33,71.918,18.93,276.826,16017
14/12:40:27,8.34,4.7,108.34,71.918,18.93,276.848,16018
14/12:40:28,8.28,4.7,108.33,71.885,18.93,276.859,16019
14/12:40:29,8.34,4.7,108.34,71.907,18.92,276.87,16020
14/12:40:29,8.33,4.71,108.35,71.984,18.92,276.881,16021
14/12:40:30,8.35,4.72,108.35,71.742,18.92,276.903,16022
14/12:40:31,8.31,4.72,108.34,71.687,18.92,276.914,16023
14/12:40:31,8.28,4.72,108.33,71.698,18.92,276.925,16024
14/12:40:32,8.31,4.72,108.33,71.786,18.92,276.936,16025
14/12:40:33,8.36,4.72,108.34,71.808,18.92,276.947,16026
14/12:40:33,8.25,4.74,108.33,71.764,18.92,276.958,16027
14/12:40:34,8.31,4.73,108.33,71.72,18.92,276.969,16028
14/12:40:35,8.37,4.72,108.33,71.841,18.92,276.98,16029
14/12:40:36,8.31,4.71,108.31,71.907,18.92,276.991,16030
14/12:40:36,8.4,4.71,108.32,71.918,18.92,277.002,16031
14/12:40:37,8.37,4.71,108.31,71.94,18.92,277.013,16032
14/12:40:38,8.38,4.71,108.32,71.973,18.92,277.024,16033
14/12:40:38,8.4,4.71,108.32,71.929,18.92,277.035,16034
14/12:40:39,8.52,4.7,108.32,71.984,18.92,277.057,16035
14/12:40:40,8.43,4.71,108.34,71.775,18.91,277.079,16036
14/12:40:40,7.98,4.71,108.4,71.775,18.91,277.101,16037
14/12:40:41,7.34,4.71,108.44,71.654,18.91,277.112,16038
14/12:40:42,7.02,4.72,108.48,71.533,18.91,277.123,16039
14/12:40:42,6.4,4.72,108.52,71.346,18.91,277.134,16040
14/12:40:43,6.01,4.72,108.56,71.192,18.91,277.145,16041
14/12:40:44,5.57,4.73,108.61,71.082,18.91,277.156,16042
14/12:40:44,5.23,4.73,108.65,70.895,18.91,277.178,16043
14/12:40:45,5.23,4.74,108.64,70.807,18.91,277.189,16044
14/12:40:46,5.56,4.75,108.63,70.73,18.91,277.2,16045
14/12:40:47,5.46,4.76,108.65,70.543,18.91,277.222,16046
14/12:40:47,5.49,4.76,108.66,70.411,18.91,277.233,16047
14/12:40:48,5.47,4.74,108.68,70.301,18.91,277.244,16048
14/12:40:49,5.34,4.73,108.67,70.158,18.91,277.244,16049
14/12:40:49,4.9,4.71,108.72,69.74,18.91,277.266,16050
14/12:40:50,4.8,4.72,108.74,69.564,18.91,277.277,16051
14/12:40:51,4.81,4.71,108.74,69.454,18.91,277.288,16052
14/12:40:51,5.07,4.7,108.74,69.344,18.91,277.299,16053
14/12:40:52,4.95,4.69,108.73,69.179,18.91,277.31,16054
14/12:40:53,5.1,4.71,108.73,69.146,18.91,277.321,16055
14/12:40:53,5.17,4.71,108.75,68.981,18.91,277.332,16056
14/12:40:54,5.23,4.72,108.74,68.794,18.91,277.343,16057
14/12:40:55,5.28,4.73,108.75,68.651,18.91,277.354,16058
14/12:40:56,5.26,4.73,108.74,68.53,18.91,277.365,16059
14/12:40:56,5.39,4.74,108.73,68.431,18.91,277.376,16060
14/12:40:57,5.26,4.75,108.73,68.277,18.91,277.376,16061
14/12:40:58,5.34,4.74,108.73,68.178,18.91,277.387,16062
14/12:40:59,5.23,4.72,108.7,67.397,18.91,277.464,16063
14/12:40:59,5.24,4.71,108.69,67.386,18.91,277.475,16064
14/12:41:00,5.41,4.7,108.67,67.353,18.91,277.486,16065
14/12:41:01,5.65,4.69,108.66,67.254,18.91,277.497,16066
14/12:41:01,5.92,4.69,108.64,67.276,18.91,277.508,16067
14/12:41:02,6.2,4.69,108.6,67.287,18.91,277.508,16068
14/12:41:03,6.43,4.68,108.59,67.287,18.91,277.53,16069
14/12:41:03,6.75,4.68,108.57,67.21,18.91,277.541,16070
14/12:41:04,6.96,4.68,108.56,67.144,18.91,277.552,16071
14/12:41:05,7.18,4.68,108.54,67.133,18.91,277.552,16072
14/12:41:06,7.24,4.69,108.54,67.155,18.91,277.563,16073
14/12:41:06,7.23,4.68,108.53,67.144,18.91,277.574,16074
14/12:41:07,7.26,4.69,108.54,67.144,18.91,277.585,16075
14/12:41:08,7.3,4.7,108.56,67.1,18.91,277.596,16076
14/12:41:08,7.34,4.7,108.54,67.012,18.9,277.607,16077
14/12:41:09,7.31,4.71,108.53,67.001,18.9,277.618,16078
14/12:41:10,7.37,4.7,108.52,67.034,18.9,277.629,16079
14/12:41:10,7.48,4.7,108.52,67.001,18.9,277.64,16080
14/12:41:11,7.5,4.7,108.52,66.957,18.9,277.651,16081
14/12:41:12,7.51,4.71,108.5,66.99,18.9,277.651,16082
14/12:41:13,7.42,4.7,108.5,67.034,18.9,277.662,16083
14/12:41:13,7.37,4.69,108.5,67.067,18.9,277.673,16084
14/12:41:14,7.4,4.7,108.52,67.012,18.9,277.684,16085
14/12:41:15,7.32,4.7,108.52,67.023,18.9,277.695,16086
14/12:41:15,7.37,4.7,108.53,67.1,18.9,277.706,16087
14/12:41:16,7.28,4.71,108.53,67.045,18.9,277.717,16088
14/12:41:17,7.24,4.7,108.54,66.968,18.9,277.728,16089
14/12:41:17,7.21,4.7,108.54,67.001,18.9,277.739,16090
14/12:41:18,7.15,4.66,108.56,67.056,18.9,277.739,16091
14/12:41:19,6.7,4.37,108.85,67.309,18.9,277.75,16092
14/12:41:20,6.35,4.17,109.07,67.452,18.9,277.761,16093
14/12:41:20,6.11,3.99,109.31,67.496,18.9,277.772,16094
14/12:41:21,5.66,3.79,109.52,67.485,18.9,277.783,16095
14/12:41:22,5.28,3.63,109.73,67.518,18.9,277.794,16096
14/12:41:22,4.93,3.5,109.9,67.441,18.9,277.805,16097
14/12:41:23,4.41,3.3,110.12,67.287,18.9,277.816,16098
14/12:41:24,4.49,3.33,110.06,67.309,18.9,277.816,16099
14/12:41:25,4.87,3.54,109.81,67.166,18.9,277.827,16100
14/12:41:25,5.12,3.72,109.59,67.034,18.9,277.849,16101
14/12:41:26,5.61,3.96,109.33,66.924,18.9,277.86,16102
14/12:41:27,6.03,4.12,109.12,66.957,18.9,277.871,16103
14/12:41:27,6.38,4.25,108.96,67.034,18.9,277.882,16104
14/12:41:28,6.77,4.43,108.78,66.968,18.9,277.893,16105
14/12:41:29,7.08,4.6,108.64,66.99,18.89,277.904,16106
14/12:41:30,7.31,4.74,108.52,66.957,18.89,277.915,16107
14/12:41:30,7.36,4.75,108.52,66.836,18.89,277.926,16108
14/12:41:31,7.4,4.75,108.53,66.88,18.89,277.937,16109
14/12:41:32,7.32,4.76,108.53,67.001,18.89,277.948,16110
14/12:41:32,7.28,4.74,108.53,67.001,18.89,277.959,16111
14/12:41:33,7.08,4.73,108.55,66.957,18.89,277.97,16112
14/12:41:34,2.74,3.63,109.9,65.681,18.89,278.124,16113
14/12:41:35,2.31,3.63,109.93,65.417,18.89,278.135,16114
14/12:41:35,1.97,3.77,109.84,65.164,18.89,278.146,16115
14/12:41:36,1.82,3.97,109.69,64.889,18.89,278.157,16116
14/12:41:37,1.65,4.15,109.52,64.647,18.89,278.157,16117
14/12:41:38,1.45,4.35,109.38,64.328,18.89,278.168,16118
14/12:41:38,1.25,4.49,109.28,64.086,18.89,278.179,16119
14/12:41:39,1.02,4.64,109.18,63.822,18.89,278.19,16120
14/12:41:40,0.59,4.69,109.18,63.492,18.89,278.201,16121
14/12:41:40,0.48,4.68,109.21,62.92,18.9,278.223,16122
14/12:41:41,0.48,4.67,109.21,62.59,18.9,278.223,16123
14/12:41:42,0.47,4.66,109.22,62.26,18.9,278.234,16124
14/12:41:42,0.41,4.63,109.18,61.952,18.9,278.245,16125
14/12:41:43,0.36,4.62,108.86,60.907,18.9,278.256,16126
14/12:41:44,0.28,4.57,108.65,60.203,18.9,278.267,16127
14/12:41:45,0.21,4.55,108.47,58.894,18.9,278.267,16128
14/12:41:45,0.09,4.48,107.56,55.77,18.9,278.289,16129
14/12:41:46,0.0,4.28,105.84,47.74,18.9,278.3,16130
14/12:41:47,0.0,4.26,106.06,48.697,18.9,278.311,16131
14/12:41:47,0.0,4.25,105.35,51.48,18.9,278.322,16132
14/12:41:48,0.0,4.26,105.48,53.427,18.9,278.333,16133
14/12:41:49,0.02,4.31,105.92,53.911,18.9,278.344,16134
14/12:41:49,0.02,4.28,106.35,53.724,18.91,278.355,16135
14/12:41:50,0.02,4.4,106.59,52.778,18.91,278.355,16136
14/12:41:51,0.02,4.45,107.39,52.327,18.91,278.366,16137
14/12:41:51,0.02,4.42,105.93,43.692,18.91,278.377,16138
14/12:41:52,0.05,4.44,106.73,42.515,18.91,278.377,16139
14/12:41:53,0.13,4.5,107.06,51.579,18.91,278.388,16140
14/12:41:54,0.16,4.51,107.05,51.381,18.91,278.399,16141
14/12:41:54,0.2,4.55,107.28,51.216,18.91,278.41,16142
14/12:41:55,0.24,4.56,107.3,51.106,18.91,278.421,16143
14/12:41:56,0.28,4.63,108.24,51.062,18.91,278.421,16144
14/12:41:56,0.33,4.7,109.43,50.908,18.91,278.432,16145
14/12:41:57,0.33,4.71,109.41,50.369,18.91,278.443,16146
14/12:41:58,0.33,4.71,109.41,50.171,18.91,278.454,16147
14/12:41:58,0.33,4.71,109.42,49.973,18.91,278.465,16148
14/12:41:59,0.33,4.71,109.41,49.786,18.92,278.465,16149
14/12:42:00,0.33,4.7,109.41,49.665,18.92,278.476,16150
14/12:42:00,0.33,4.7,109.4,49.302,18.92,278.476,16151
14/12:42:01,0.33,4.7,109.4,49.082,18.92,278.487,16152
14/12:42:02,0.33,4.69,109.4,48.95,18.92,278.498,16153
14/12:42:02,0.32,4.69,109.4,48.818,18.92,278.498,16154
14/12:42:03,0.27,4.46,109.6,48.51,18.92,278.52,16155
14/12:42:04,0.19,4.22,109.85,48.29,18.92,278.531,16156
14/12:42:05,0.15,4.06,109.99,48.015,18.92,278.542,16157
14/12:42:05,0.11,3.9,110.12,47.773,18.92,278.542,16158
14/12:42:06,0.1,3.88,110.16,47.564,18.92,278.553,16159
14/12:42:07,0.11,3.88,110.16,47.377,18.92,278.564,16160
14/12:42:07,0.13,4.0,110.04,47.278,18.92,278.564,16161
14/12:42:08,0.18,4.16,109.93,47.223,18.92,278.575,16162
14/12:42:10,0.2,4.51,108.39,42.372,18.93,278.641,16163
14/12:42:10,0.16,4.49,107.59,41.481,18.93,278.641,16164
14/12:42:11,0.12,4.46,107.59,40.92,18.93,278.652,16165
14/12:42:12,0.07,4.41,106.94,40.48,18.93,278.663,16166
14/12:42:12,0.0,4.37,106.26,38.192,18.93,278.674,16167
14/12:42:13,0.0,4.38,106.17,37.928,18.93,278.674,16168
14/12:42:14,0.0,4.39,106.06,37.246,18.93,278.685,16169
14/12:42:14,0.0,4.42,106.61,36.113,18.94,278.685,16170
14/12:42:15,0.0,4.38,106.67,35.937,18.94,278.696,16171
14/12:42:16,0.0,4.4,106.09,35.662,18.94,278.696,16172
14/12:42:16,0.0,4.44,105.99,34.177,18.94,278.696,16173
14/12:42:17,0.0,4.45,106.16,32.582,18.94,278.707,16174
14/12:42:18,0.0,4.52,105.91,31.108,18.94,278.707,16175
14/12:42:18,0.0,4.56,106.74,30.195,18.94,278.718,16176
14/12:42:19,0.0,4.63,106.97,29.799,18.94,278.729,16177
14/12:42:20,0.0,4.68,108.62,27.753,18.94,278.729,16178
14/12:42:20,0.0,4.71,108.77,26.587,18.94,278.74,16179
14/12:42:21,0.0,4.69,108.64,25.784,18.94,278.74,16180
14/12:42:22,0.0,4.67,108.62,24.948,18.94,278.74,16181
14/12:42:23,0.0,4.7,108.45,24.266,18.94,278.751,16182
14/12:42:23,0.01,4.72,108.53,23.694,18.94,278.751,16183
14/12:42:24,0.01,4.73,108.41,23.232,18.95,278.751,16184
14/12:42:25,0.01,4.76,108.35,22.825,18.95,278.762,16185
14/12:42:25,0.01,4.8,108.45,22.253,18.95,278.762,16186
14/12:42:26,0.01,4.81,108.83,21.351,18.95,278.762,16187
14/12:42:27,0.01,4.85,109.37,20.515,18.95,278.773,16188
14/12:42:27,0.08,4.89,109.71,19.217,18.95,278.773,16189
14/12:42:28,0.07,4.9,109.76,18.92,18.95,278.773,16190
14/12:42:29,0.07,4.91,109.82,18.37,18.95,278.784,16191
14/12:42:29,0.07,4.91,109.87,17.655,18.95,278.784,16192
14/12:42:30,0.07,4.92,109.84,16.456,18.95,278.784,16193
14/12:42:31,0.06,4.92,109.81,16.016,18.95,278.784,16194
14/12:42:31,0.02,4.93,109.81,15.499,18.95,278.795,16195
14/12:42:32,0.01,4.93,109.81,14.982,18.96,278.795,16196
14/12:42:33,0.02,4.86,109.9,14.289,18.96,278.795,16197
14/12:42:34,0.02,4.83,109.99,13.937,18.96,278.795,16198
14/12:42:34,0.02,4.78,110.12,13.508,18.96,278.806,16199
14/12:42:35,0.02,4.71,110.24,13.189,18.96,278.806,16200
14/12:42:36,0.04,4.68,110.28,13.013,18.96,278.806,16201
14/12:42:36,0.03,4.61,110.38,12.76,18.96,278.806,16202
14/12:42:37,0.02,4.54,110.47,12.353,18.96,278.806,16203
14/12:42:38,0.02,4.5,110.5,12.012,18.96,278.806,16204
14/12:42:38,0.02,4.5,110.49,11.803,18.96,278.817,16205
14/12:42:39,0.02,4.48,110.46,11.55,18.96,278.817,16206
14/12:42:40,0.02,4.46,110.41,11.308,18.96,278.817,16207
14/12:42:41,0.06,4.54,110.28,11.154,18.96,278.817,16208
14/12:42:41,0.08,4.57,110.23,11.022,18.96,278.817,16209
14/12:42:42,0.12,4.65,110.13,10.681,18.97,278.817,16210
14/12:42:43,0.16,4.72,110.03,10.593,18.97,278.828,16211
14/12:42:43,0.19,4.81,109.95,10.472,18.97,278.828,16212
14/12:42:45,0.33,5.08,109.68,9.339,18.98,278.839,16213
14/12:42:46,0.33,5.09,109.69,9.273,18.98,278.839,16214
14/12:42:46,0.33,5.09,109.7,9.207,18.98,278.85,16215
14/12:42:47,0.33,5.09,109.7,9.086,18.98,278.85,16216
14/12:42:48,0.33,5.09,109.71,8.976,18.98,278.85,16217
14/12:42:48,0.33,5.1,109.72,8.789,18.98,278.85,16218
14/12:42:49,0.33,5.09,109.72,8.569,18.98,278.85,16219
14/12:42:50,0.33,5.1,109.71,8.426,18.98,278.85,16220
14/12:42:50,0.33,5.1,109.72,8.129,18.98,278.85,16221
14/12:42:51,0.33,5.11,109.71,7.92,18.98,278.85,16222
14/12:42:52,0.33,5.11,109.71,8.041,18.98,278.861,16223
14/12:42:53,0.33,5.12,109.72,7.502,18.98,278.861,16224
14/12:42:53,0.33,5.13,109.71,7.293,18.99,278.861,16225
14/12:42:54,0.33,5.12,109.71,5.687,18.99,278.861,16226
14/12:42:55,0.33,5.12,109.71,3.916,18.99,278.861,16227
14/12:42:55,0.34,5.11,109.71,1.991,18.99,278.861,16228
14/12:42:56,0.33,5.11,109.7,0.165,18.99,278.861,16229
14/12:42:56,0.33,5.1,109.69,0.044,18.99,278.861,16230
14/12:42:57,0.33,5.09,109.69,0.022,18.99,278.861,16231
14/12:42:58,0.33,5.09,109.69,0.022,18.99,278.861,16232
14/12:42:58,0.33,5.09,109.69,0.011,18.99,278.861,16233
14/12:42:59,0.33,5.09,109.7,0.022,18.99,278.861,16234
14/12:43:00,0.33,5.09,109.71,0.022,18.99,278.861,16235
14/12:43:00,0.33,5.09,109.71,0.011,19.0,278.861,16236
14/12:43:01,0.33,5.09,109.71,0.011,19.0,278.861,16237
14/12:43:02,0.33,5.09,109.71,0.011,19.0,278.861,16238
14/12:43:02,0.33,5.1,109.72,0.033,19.0,278.861,16239
14/12:43:03,0.33,5.1,109.72,0.033,19.0,278.861,16240
14/12:43:03,0.33,5.1,109.72,0.011,19.0,278.861,16241
14/12:43:04,0.33,5.11,109.72,0.011,19.0,278.861,16242
14/12:43:05,0.33,5.11,109.72,0.022,19.0,278.861,16243
14/12:43:05,0.33,5.12,109.72,0.011,19.0,278.861,16244
14/12:43:06,0.32,5.11,109.72,0.022,19.0,278.861,16245
14/12:43:07,0.33,5.12,109.72,0.011,19.0,242.583,16246
14/13:18:07,0.35,3.73,111.38,0.011,19.0,0.0,16247
14/13:18:07,0.35,3.73,111.38,0.011,19.0,0.0,16248
14/13:18:08,0.35,3.73,111.39,0.022,19.0,0.0,16249
14/13:18:09,0.34,3.73,111.4,0.011,19.0,0.0,16250
14/13:18:10,0.34,3.72,111.4,0.0,19.0,0.0,16251
14/13:18:10,0.34,3.72,111.4,0.0,19.01,0.0,16252
14/13:18:11,0.34,3.72,111.4,0.0,19.01,0.0,16253
14/13:18:12,0.34,3.72,111.4,0.011,19.01,0.0,16254
14/13:18:12,0.35,3.72,111.4,0.0,19.01,0.0,16255
14/13:18:13,0.34,3.72,111.4,0.011,19.01,0.0,16256
14/13:18:14,0.35,3.72,111.41,0.011,19.01,0.0,16257
14/13:18:15,0.35,3.72,111.41,0.011,19.01,0.0,16258
14/13:18:16,0.35,3.72,111.41,0.0,19.01,0.0,16259
14/13:18:16,0.35,3.72,111.42,0.011,19.01,0.0,16260
14/13:18:17,0.35,3.72,111.41,0.011,19.01,0.0,16261
14/13:18:17,0.35,3.72,111.42,0.011,19.01,0.0,16262
14/13:18:18,0.35,3.72,111.4,0.0,19.01,0.0,16263
14/13:18:19,0.35,3.72,111.41,0.0,19.01,0.0,16264
14/13:18:20,0.35,3.72,111.41,0.0,19.01,0.0,16265
14/13:18:20,0.35,3.72,111.4,0.0,19.01,0.0,16266
14/13:18:21,0.35,3.72,111.4,0.011,19.02,0.0,16267
14/13:18:22,0.35,3.72,111.4,0.011,19.02,0.0,16268
14/13:18:22,0.35,3.72,111.4,0.0,19.02,0.0,16269
14/13:18:23,0.35,3.72,111.39,0.011,19.02,0.0,16270
14/13:18:23,0.35,3.72,111.4,0.011,19.02,0.0,16271
14/13:18:24,0.35,3.72,111.4,0.022,19.02,0.0,16272
14/13:18:25,0.35,3.71,111.4,0.011,19.02,0.0,16273
14/13:18:25,0.35,3.71,111.4,0.0,19.02,0.0,16274
14/13:18:26,0.35,3.72,111.4,0.011,19.02,0.0,16275
14/13:18:27,0.35,3.72,111.39,0.011,19.02,0.0,16276
14/13:18:27,0.35,3.72,111.4,0.0,19.02,0.0,16277
14/13:18:28,0.34,3.72,111.41,0.011,19.02,0.0,16278
14/13:18:29,0.34,3.72,111.41,0.022,19.02,0.0,16279
14/13:18:29,0.34,3.72,111.41,0.011,19.02,0.0,16280
14/13:18:30,0.34,3.73,111.41,0.0,19.02,0.0,16281
14/13:18:31,0.34,3.72,111.41,0.0,19.02,0.0,16282
14/13:18:31,0.34,3.72,111.42,0.0,19.02,0.0,16283
14/13:18:32,0.34,3.72,111.41,0.011,19.02,0.0,16284
14/13:18:33,0.35,3.72,111.42,0.022,19.02,0.0,16285
14/13:18:33,0.35,3.72,111.41,0.011,19.03,0.0,16286
14/13:18:34,0.35,3.72,111.41,0.011,19.03,0.0,16287
14/13:18:34,0.35,3.72,111.41,0.0,19.03,0.0,16288
14/13:18:35,0.35,3.72,111.41,0.0,19.03,0.0,16289
14/13:18:36,0.35,3.73,111.42,0.0,19.03,0.0,16290
14/13:18:36,0.35,3.73,111.42,0.0,19.03,0.0,16291
14/13:18:37,0.35,3.74,111.42,0.022,19.03,0.0,16292
14/13:18:38,0.35,3.79,111.42,0.011,19.03,0.0,16293
14/13:18:38,0.35,3.88,111.43,0.011,19.03,0.0,16294
14/13:18:39,0.35,3.99,111.44,0.011,19.03,0.0,16295
14/13:18:40,0.35,4.14,111.46,0.011,19.03,0.0,16296
14/13:18:40,0.35,4.34,111.47,0.011,19.03,0.0,16297
14/13:18:41,0.35,4.5,111.49,0.0,19.03,0.0,16298
14/13:18:42,0.35,4.67,111.51,0.0,19.03,0.0,16299
14/13:18:42,0.34,4.86,111.53,0.022,19.03,0.0,16300
14/13:18:43,0.35,4.96,111.54,0.033,19.03,0.0,16301
14/13:18:43,0.35,5.05,111.55,0.022,19.03,0.0,16302
14/13:18:44,0.35,5.1,111.55,0.011,19.03,0.0,16303
14/13:18:45,0.35,5.11,111.56,0.0,19.04,0.0,16304
14/13:18:45,0.35,5.11,111.55,0.011,19.04,0.0,16305
14/13:18:46,0.34,5.1,111.55,0.0,19.04,0.0,16306
14/13:18:47,0.35,5.1,111.56,0.0,19.04,0.0,16307
14/13:18:47,0.35,5.1,111.56,0.022,19.04,0.0,16308
14/13:18:48,0.34,5.1,111.56,0.022,19.04,0.0,16309
14/13:18:49,0.34,5.1,111.56,0.011,19.04,0.0,16310
14/13:18:49,0.34,5.1,111.56,0.0,19.04,0.0,16311
14/13:18:50,0.34,5.1,111.56,0.088,19.04,0.0,16312
14/13:18:51,0.36,5.09,111.59,0.0,19.05,0.0,16313
14/13:18:52,0.36,5.09,111.59,0.0,19.05,0.0,16314
14/13:18:52,0.36,5.09,111.6,0.011,19.05,0.0,16315
14/13:18:53,0.36,5.09,111.6,0.0,19.05,0.0,16316
14/13:18:54,0.36,5.09,111.6,0.0,19.05,0.0,16317
14/13:18:54,0.36,5.09,111.6,0.0,19.05,0.0,16318
14/13:18:55,0.36,5.08,111.59,0.0,19.05,0.0,16319
14/13:18:55,0.36,5.08,111.59,0.0,19.05,0.0,16320
14/13:18:56,0.36,5.08,111.59,0.0,19.05,0.0,16321
14/13:18:57,0.36,5.09,111.57,0.0,19.06,0.0,16322
14/13:18:57,0.36,5.1,111.56,0.0,19.06,0.0,16323
14/13:18:58,0.36,5.1,111.56,0.022,19.06,0.0,16324
14/13:18:59,0.36,5.11,111.56,0.011,19.06,0.0,16325
14/13:18:59,0.36,5.12,111.56,0.022,19.06,0.0,16326
14/13:19:00,0.36,5.12,111.56,0.022,19.06,0.0,16327
14/13:19:01,0.36,5.13,111.56,0.011,19.06,0.0,16328
14/13:19:01,0.35,5.12,111.57,0.022,19.06,0.0,16329
14/13:19:02,0.35,5.12,111.59,0.022,19.06,0.0,16330
14/13:19:03,0.35,5.12,111.57,0.011,19.06,0.0,16331
14/13:19:03,0.35,5.12,111.57,0.011,19.06,0.0,16332
14/13:19:04,0.36,5.12,111.59,0.022,19.06,0.0,16333
14/13:19:05,0.36,5.11,111.59,0.011,19.06,0.0,16334
14/13:19:05,0.36,5.11,111.59,0.011,19.07,0.0,16335
14/13:19:06,0.36,5.11,111.59,0.011,19.07,0.0,16336
14/13:19:07,0.36,5.11,111.59,0.0,19.07,0.0,16337
14/13:19:07,0.35,5.11,111.59,0.0,19.07,0.0,16338
14/13:19:08,0.35,5.11,111.6,0.0,19.07,0.0,16339
14/13:19:08,0.35,5.11,111.59,0.0,19.07,0.0,16340
14/13:19:09,0.35,5.11,111.59,0.0,19.07,0.0,16341
14/13:19:10,0.35,5.1,111.59,0.0,19.07,0.0,16342
14/13:19:10,0.35,5.1,111.59,0.011,19.07,0.0,16343
14/13:19:11,0.35,5.1,111.59,0.0,19.07,0.0,16344
14/13:19:12,0.35,5.1,111.6,0.011,19.07,0.0,16345
14/13:19:12,0.35,5.1,111.59,0.011,19.07,0.0,16346
14/13:19:13,0.35,5.1,111.59,0.0,19.07,0.0,16347
14/13:19:14,0.35,5.1,111.6,0.0,19.08,0.0,16348
14/13:19:14,0.35,5.1,111.6,0.0,19.08,0.0,16349
14/13:19:15,0.35,5.1,111.61,0.0,19.08,0.0,16350
14/13:19:16,0.35,5.1,111.6,0.011,19.08,0.0,16351
14/13:19:16,0.36,5.09,111.6,0.011,19.08,0.0,16352
14/13:19:17,0.35,5.09,111.61,0.0,19.08,0.0,16353
14/13:19:18,0.35,5.09,111.62,0.0,19.08,0.0,16354
14/13:19:18,0.36,5.09,111.61,0.0,19.08,0.0,16355
14/13:19:19,0.35,5.08,111.61,0.088,19.08,0.0,16356
14/13:19:20,0.36,5.09,111.61,0.088,19.08,0.0,16357
14/13:19:20,0.34,5.0,111.62,0.022,19.08,0.0,16358
14/13:19:21,0.3,4.72,111.63,0.0,19.08,0.0,16359
14/13:19:21,0.28,4.61,111.62,0.0,19.08,0.0,16360
14/13:19:22,0.28,4.61,111.61,0.0,19.09,0.0,16361
14/13:19:23,0.48,4.62,111.6,0.121,19.09,0.0,16362
14/13:19:24,2.12,5.09,111.46,3.685,19.09,0.0,16363
14/13:19:25,2.05,5.07,111.46,4.917,19.09,0.0,16364
14/13:19:25,1.69,5.06,111.48,5.489,19.09,0.0,16365
14/13:19:26,1.36,5.06,111.51,5.808,19.09,0.0,16366
14/13:19:27,1.36,5.05,111.52,5.885,19.09,0.011,16367
14/13:19:27,1.49,5.04,111.52,5.929,19.09,0.011,16368
14/13:19:28,1.72,5.04,111.49,6.072,19.09,0.011,16369
14/13:19:28,1.37,5.03,111.51,6.358,19.09,0.011,16370
14/13:19:29,1.03,5.02,111.53,6.567,19.09,0.011,16371
14/13:19:30,0.84,5.01,111.55,6.523,19.09,0.011,16372
14/13:19:30,0.84,5.0,111.56,6.501,19.09,0.011,16373
14/13:19:31,0.84,4.99,111.56,6.435,19.1,0.011,16374
14/13:19:32,0.84,4.98,111.56,6.292,19.1,0.011,16375
14/13:19:32,0.71,4.98,111.56,6.248,19.1,0.011,16376
14/13:19:33,0.42,4.97,111.6,6.314,19.1,0.011,16377
14/13:19:34,0.39,4.96,111.61,6.292,19.1,0.022,16378
14/13:19:34,0.39,4.95,111.61,6.248,19.1,0.022,16379
14/13:19:35,0.39,4.95,111.61,6.182,19.1,0.022,16380
14/13:19:36,0.39,4.95,111.6,6.083,19.1,0.022,16381
14/13:19:36,0.39,4.95,111.6,6.006,19.1,0.022,16382
14/13:19:37,0.39,4.95,111.6,5.918,19.1,0.022,16383
14/13:19:37,0.39,4.94,111.6,5.797,19.1,0.022,16384
14/13:19:38,0.39,4.94,111.59,5.764,19.1,0.022,16385
14/13:19:39,0.39,4.93,111.59,5.698,19.1,0.022,16386
14/13:19:39,0.39,4.93,111.59,5.467,19.1,0.022,16387
14/13:19:40,0.38,4.92,111.59,5.39,19.1,0.022,16388
14/13:19:41,0.39,4.91,111.57,5.368,19.11,0.022,16389
14/13:19:41,0.39,4.9,111.57,5.291,19.11,0.022,16390
14/13:19:42,0.39,4.9,111.59,5.258,19.11,0.033,16391
14/13:19:43,0.39,4.89,111.61,5.203,19.11,0.033,16392
14/13:19:43,0.39,4.88,111.61,5.159,19.11,0.033,16393
14/13:19:44,0.39,4.88,111.61,5.126,19.11,0.033,16394
14/13:19:45,0.39,4.88,111.62,5.104,19.11,0.033,16395
14/13:19:45,0.39,4.88,111.62,5.082,19.11,0.033,16396
14/13:19:46,0.4,4.88,111.62,5.159,19.11,0.033,16397
14/13:19:46,0.5,4.88,111.62,5.181,19.11,0.033,16398
14/13:19:47,0.55,4.88,111.6,5.412,19.11,0.033,16399
14/13:19:48,0.55,4.88,111.59,5.456,19.11,0.033,16400
14/13:19:48,0.55,4.87,111.57,5.39,19.11,0.033,16401
14/13:19:49,0.55,4.87,111.57,5.335,19.11,0.033,16402
14/13:19:50,0.55,4.87,111.56,5.203,19.11,0.033,16403
14/13:19:50,0.6,4.87,111.56,4.983,19.12,0.033,16404
14/13:19:51,0.81,4.87,111.55,4.95,19.12,0.044,16405
14/13:19:51,0.68,4.86,111.56,5.06,19.12,0.044,16406
14/13:19:52,0.66,4.86,111.56,5.06,19.12,0.044,16407
14/13:19:53,0.66,4.87,111.56,4.796,19.12,0.044,16408
14/13:19:54,0.96,4.87,111.55,4.554,19.12,0.044,16409
14/13:19:54,1.42,4.85,111.52,5.027,19.12,0.044,16410
14/13:19:55,1.44,4.85,111.51,5.324,19.12,0.044,16411
14/13:19:55,1.28,4.86,111.54,5.511,19.12,0.044,16412
14/13:19:56,0.51,4.87,111.57,6.039,19.13,0.055,16413
14/13:19:57,0.4,4.87,111.59,6.028,19.13,0.055,16414
14/13:19:57,0.4,4.86,111.6,5.973,19.13,0.055,16415
14/13:19:58,0.4,4.86,111.59,5.896,19.13,0.055,16416
14/13:19:59,0.4,4.86,111.59,5.808,19.13,0.055,16417
14/13:19:59,0.39,4.85,111.62,5.775,19.13,0.055,16418
14/13:20:00,0.28,4.56,111.9,5.5,19.13,0.055,16419
14/13:20:01,0.27,4.52,111.97,5.368,19.13,0.055,16420
14/13:20:01,0.42,4.52,111.96,5.214,19.13,0.066,16421
14/13:20:02,0.87,4.53,111.92,5.478,19.13,0.066,16422
14/13:20:03,1.14,4.53,111.89,5.896,19.13,0.066,16423
14/13:20:03,1.46,4.53,111.87,6.369,19.13,0.066,16424
14/13:20:04,1.68,4.57,111.81,6.875,19.13,0.066,16425
14/13:20:05,1.73,4.72,111.65,7.106,19.13,0.066,16426
14/13:20:05,1.78,4.87,111.51,7.073,19.13,0.066,16427
14/13:20:06,2.07,4.9,111.47,7.04,19.13,0.066,16428
14/13:20:06,2.3,4.9,111.45,7.337,19.13,0.066,16429
14/13:20:07,2.3,4.91,111.45,8.063,19.14,0.066,16430
14/13:20:08,2.15,4.91,111.45,8.602,19.14,0.066,16431
14/13:20:08,1.81,4.92,111.47,8.877,19.14,0.077,16432
14/13:20:09,1.68,4.92,111.48,8.69,19.14,0.077,16433
14/13:20:10,1.67,4.92,111.49,8.613,19.14,0.077,16434
14/13:20:10,1.32,4.92,111.51,8.481,19.14,0.077,16435
14/13:20:11,0.99,4.91,111.53,8.349,19.14,0.077,16436
14/13:20:12,0.68,4.9,111.56,8.283,19.14,0.077,16437
14/13:20:12,0.54,4.89,111.59,8.272,19.14,0.077,16438
14/13:20:13,0.54,4.89,111.6,8.151,19.14,0.077,16439
14/13:20:14,0.54,4.88,111.6,7.942,19.14,0.088,16440
14/13:20:14,0.54,4.88,111.6,7.766,19.14,0.088,16441
14/13:20:15,0.54,4.88,111.6,7.656,19.14,0.088,16442
14/13:20:16,0.4,4.87,111.61,7.436,19.14,0.088,16443
14/13:20:16,0.4,4.87,111.62,7.26,19.14,0.088,16444
14/13:20:17,0.4,4.87,111.61,7.106,19.14,0.088,16445
14/13:20:18,0.4,4.87,111.61,7.04,19.15,0.088,16446
14/13:20:18,0.4,4.86,111.61,6.864,19.15,0.088,16447
14/13:20:19,0.49,4.86,111.6,6.655,19.15,0.088,16448
14/13:20:19,0.61,4.86,111.59,6.776,19.15,0.099,16449
14/13:20:20,0.61,4.85,111.59,6.776,19.15,0.099,16450
14/13:20:21,0.62,4.86,111.6,6.468,19.15,0.099,16451
14/13:20:21,0.61,4.86,111.6,6.259,19.15,0.099,16452
14/13:20:22,0.61,4.86,111.6,6.039,19.15,0.099,16453
14/13:20:23,0.51,4.87,111.6,5.852,19.15,0.099,16454
14/13:20:23,0.4,4.87,111.62,5.72,19.15,0.099,16455
14/13:20:24,0.44,4.87,111.62,5.588,19.15,0.099,16456
14/13:20:25,0.69,4.87,111.6,5.61,19.15,0.099,16457
14/13:20:25,0.69,4.87,111.57,5.577,19.15,0.099,16458
14/13:20:26,0.69,4.86,111.57,5.577,19.15,0.11,16459
14/13:20:27,0.7,4.86,111.57,5.39,19.16,0.11,16460
14/13:20:27,0.76,4.85,111.56,5.236,19.16,0.11,16461
14/13:20:28,0.76,4.85,111.56,5.126,19.16,0.11,16462
14/13:20:29,0.6,4.84,111.61,4.444,19.16,0.11,16463
14/13:20:30,0.6,4.83,111.61,4.4,19.16,0.11,16464
14/13:20:30,0.69,4.83,111.6,4.213,19.16,0.11,16465
14/13:20:31,1.07,4.84,111.56,4.257,19.16,0.11,16466
14/13:20:32,1.17,4.83,111.55,4.642,19.16,0.11,16467
14/13:20:32,1.17,4.83,111.55,4.961,19.16,0.121,16468
14/13:20:33,1.04,4.83,111.56,4.972,19.16,0.121,16469
14/13:20:34,0.97,4.83,111.56,4.84,19.17,0.121,16470
14/13:20:34,0.97,4.82,111.56,4.587,19.17,0.121,16471
14/13:20:35,0.97,4.82,111.56,4.444,19.17,0.121,16472
14/13:20:36,0.88,4.82,111.56,4.246,19.17,0.121,16473
14/13:20:36,0.5,4.82,111.6,4.114,19.17,0.121,16474
14/13:20:37,0.39,4.81,111.61,3.883,19.17,0.121,16475
14/13:20:37,0.4,4.81,111.61,3.663,19.17,0.121,16476
14/13:20:38,0.4,4.81,111.62,3.608,19.17,0.121,16477
14/13:20:39,0.4,4.81,111.62,3.608,19.17,0.121,16478
14/13:20:39,0.4,4.81,111.62,3.179,19.17,0.121,16479
14/13:20:40,0.4,4.81,111.62,2.453,19.17,0.121,16480
14/13:20:41,0.39,4.8,111.63,0.946,19.17,0.121,16481
14/13:20:41,0.39,4.8,111.63,0.781,19.17,0.121,16482
14/13:20:42,0.4,4.79,111.63,0.616,19.17,0.121,16483
14/13:20:43,0.4,4.79,111.62,0.275,19.18,0.121,16484
14/13:20:43,0.39,4.78,111.62,0.022,19.18,0.121,16485
14/13:20:44,0.37,4.49,111.28,0.022,19.18,0.121,16486
14/13:20:45,0.32,3.92,110.45,0.0,19.18,0.121,16487
14/13:20:46,0.23,2.68,108.55,2.805,19.18,0.121,16488
14/13:20:46,0.2,2.57,108.37,2.805,19.18,0.121,16489
14/13:20:47,0.21,2.57,108.37,2.805,19.18,0.121,16490
14/13:20:48,0.21,2.56,108.37,2.805,19.18,0.121,16491
14/13:20:48,0.24,2.95,108.84,2.805,19.18,0.121,16492
14/13:20:49,0.28,3.53,109.79,2.805,19.18,0.121,16493
14/13:20:50,0.33,4.14,110.71,2.805,19.18,0.121,16494
14/13:20:50,0.38,4.72,111.63,2.805,19.18,0.121,16495
14/13:20:51,0.39,4.68,111.63,2.805,19.18,0.121,16496
14/13:20:51,0.39,4.64,111.64,2.805,19.18,0.121,16497
14/13:20:52,0.39,4.59,111.64,2.805,19.18,0.121,16498
14/13:20:53,0.39,4.55,111.64,2.805,19.18,0.121,16499
14/13:20:54,0.4,4.48,111.63,2.805,19.18,0.121,16500
14/13:20:54,0.4,4.36,111.62,0.0,19.19,0.121,16501
14/13:20:55,0.4,4.25,111.61,0.011,19.19,0.121,16502
14/13:20:55,0.39,4.17,111.6,0.011,19.19,0.121,16503
14/13:20:56,0.39,4.08,111.59,0.0,19.19,0.121,16504
14/13:20:57,0.39,3.98,111.56,0.0,19.19,0.121,16505
14/13:20:57,0.39,3.9,111.56,0.011,19.19,0.121,16506
14/13:20:58,0.39,3.79,111.55,0.0,19.19,0.121,16507
14/13:20:59,0.39,3.71,111.54,0.0,19.19,0.121,16508
14/13:20:59,0.39,3.66,111.53,0.0,19.19,0.121,16509
14/13:21:00,0.39,3.62,111.53,0.022,19.19,0.121,16510
14/13:21:01,0.39,3.6,111.54,0.011,19.19,0.121,16511
14/13:21:01,0.39,3.56,111.53,0.011,19.19,0.121,16512
14/13:21:02,0.39,3.46,111.51,0.011,19.19,0.121,16513
14/13:21:03,0.39,3.49,111.51,0.022,19.2,0.121,16514
14/13:21:03,0.39,3.5,111.52,0.022,19.2,0.121,16515
14/13:21:04,0.39,3.51,111.54,0.011,19.2,0.121,16516
14/13:21:05,0.39,3.52,111.53,0.022,19.2,0.121,16517
14/13:21:05,0.39,3.51,111.53,0.022,19.2,0.121,16518
14/13:21:06,0.39,3.52,111.53,0.022,19.2,0.121,16519
14/13:21:07,0.39,3.56,111.53,0.022,19.2,0.121,16520
14/13:21:07,0.39,3.63,111.53,0.011,19.2,0.121,16521
14/13:21:08,0.39,3.66,111.53,0.0,19.2,0.121,16522
14/13:21:09,0.39,3.7,111.53,0.0,19.2,0.121,16523
14/13:21:09,0.39,3.75,111.53,0.0,19.2,0.121,16524
14/13:21:10,0.39,3.8,111.54,0.0,19.2,0.121,16525
14/13:21:11,0.36,3.74,111.62,0.0,19.2,0.121,16526
14/13:21:11,0.32,3.57,111.74,0.011,19.2,0.121,16527
14/13:21:12,0.27,3.43,111.83,0.0,19.2,0.121,16528
14/13:21:12,0.21,3.32,111.95,0.0,19.2,0.121,16529
14/13:21:13,0.17,3.26,112.14,0.0,19.2,0.121,16530
14/13:21:14,0.12,3.13,112.32,0.022,19.2,0.121,16531
14/13:21:14,0.07,2.86,112.46,0.011,19.2,0.121,16532
14/13:21:15,0.03,2.63,112.53,0.0,19.2,0.121,16533
14/13:21:16,0.12,3.19,112.36,0.011,19.2,0.121,16534
14/13:21:16,0.16,3.47,112.28,0.0,19.2,0.121,16535
14/13:21:17,0.21,3.75,112.15,0.011,19.21,0.121,16536
14/13:21:18,0.26,3.91,111.99,0.011,19.21,0.121,16537
14/13:21:18,0.31,4.13,111.83,0.011,19.21,0.121,16538
14/13:21:19,0.35,4.52,111.7,0.011,19.21,0.121,16539
14/13:21:20,0.39,4.82,111.64,0.011,19.21,0.121,16540
14/13:21:20,0.39,4.81,111.64,0.011,19.21,0.121,16541
14/13:21:21,0.38,4.8,111.64,0.0,19.21,0.121,16542
14/13:21:22,0.38,4.78,111.64,0.0,19.21,0.121,16543
14/13:21:22,0.39,4.78,111.64,0.0,19.21,0.121,16544
14/13:21:23,0.39,4.8,111.64,0.011,19.21,0.121,16545
14/13:21:24,0.38,4.81,111.64,0.0,19.21,0.121,16546
14/13:21:24,0.38,4.82,111.65,0.0,19.21,0.121,16547
14/13:21:25,0.38,4.83,111.65,0.0,19.21,0.121,16548
14/13:21:25,0.38,4.85,111.65,0.011,19.21,0.121,16549
14/13:21:26,0.39,4.87,111.66,0.0,19.21,0.121,16550
14/13:21:27,0.38,4.88,111.65,0.0,19.21,0.121,16551
14/13:21:28,0.39,4.88,111.65,0.011,19.22,0.121,16552
14/13:21:28,0.39,4.87,111.66,0.022,19.22,0.121,16553
14/13:21:29,0.39,4.86,111.66,0.022,19.22,0.121,16554
14/13:21:29,0.39,4.85,111.65,0.011,19.22,0.121,16555
14/13:21:30,0.39,4.83,111.65,0.0,19.22,0.121,16556
14/13:21:31,0.39,4.81,111.65,0.0,19.22,0.121,16557
14/13:21:31,0.39,4.8,111.65,0.0,19.22,0.121,16558
14/13:21:32,0.39,4.8,111.66,0.0,19.22,0.121,16559
14/13:21:33,0.39,4.81,111.67,0.011,19.22,0.121,16560
14/13:21:33,0.39,4.83,111.67,0.011,19.22,0.121,16561
14/13:21:34,0.39,4.84,111.68,0.0,19.22,0.121,16562
14/13:21:35,0.38,4.72,111.67,0.011,19.23,0.121,16563
14/13:21:35,0.39,4.74,111.68,0.011,19.23,0.121,16564
14/13:21:36,0.39,4.76,111.68,0.0,19.23,0.121,16565
14/13:21:37,0.39,4.77,111.68,0.0,19.23,0.121,16566
14/13:21:37,0.39,4.78,111.68,0.0,19.23,0.121,16567
14/13:21:38,0.39,4.82,111.68,0.011,19.23,0.121,16568
14/13:21:39,0.39,4.85,111.68,0.022,19.23,0.121,16569
14/13:21:39,0.38,4.87,111.69,0.011,19.23,0.121,16570
14/13:21:40,0.38,4.87,111.67,0.011,19.23,0.121,16571
14/13:21:41,0.38,4.88,111.67,0.0,19.24,0.121,16572
14/13:21:41,0.38,4.89,111.68,0.0,19.24,0.121,16573
14/13:21:42,0.38,4.9,111.69,0.011,19.24,0.121,16574
14/13:21:42,0.38,4.9,111.69,0.011,19.24,0.121,16575
14/13:21:43,0.38,4.91,111.7,0.011,19.24,0.121,16576
14/13:21:44,0.38,4.92,111.7,0.022,19.24,0.121,16577
14/13:21:44,0.38,4.92,111.71,0.022,19.24,0.121,16578
14/13:21:45,0.38,4.91,111.7,0.022,19.24,0.121,16579
14/13:21:46,0.38,4.92,111.7,0.011,19.24,0.121,16580
14/13:21:46,0.38,4.95,111.71,0.011,19.24,0.121,16581
14/13:21:47,0.38,4.96,111.71,0.011,19.24,0.121,16582
14/13:21:48,0.38,4.96,111.7,0.0,19.24,0.121,16583
14/13:21:48,0.37,4.97,111.71,0.0,19.24,0.121,16584
14/13:21:49,0.37,4.99,111.71,0.0,19.25,0.121,16585
14/13:21:50,0.37,5.01,111.71,0.0,19.25,0.121,16586
14/13:21:50,0.37,5.03,111.71,0.0,19.25,0.121,16587
14/13:21:51,0.37,5.05,111.7,0.0,19.25,0.121,16588
14/13:21:52,0.37,5.06,111.7,0.0,19.25,0.121,16589
14/13:21:52,0.37,5.07,111.7,0.0,19.25,0.121,16590
14/13:21:53,0.38,5.08,111.7,0.0,19.25,0.121,16591
14/13:21:54,0.38,5.08,111.7,0.011,19.25,0.121,16592
14/13:21:54,0.38,5.04,111.69,0.011,19.25,0.121,16593
14/13:21:55,0.38,5.01,111.69,0.022,19.25,0.121,16594
14/13:21:56,0.38,4.99,111.69,0.022,19.25,0.121,16595
14/13:21:56,0.38,4.97,111.69,0.011,19.25,0.121,16596
14/13:21:57,0.38,4.96,111.68,0.011,19.25,0.121,16597
14/13:21:58,0.38,4.95,111.68,0.0,19.26,0.121,16598
14/13:21:58,0.38,4.95,111.69,0.011,19.26,0.121,16599
14/13:21:59,0.38,4.95,111.69,0.011,19.26,0.121,16600
14/13:22:00,0.37,4.95,111.69,0.0,19.26,0.121,16601
14/13:22:00,0.37,4.95,111.69,0.0,19.26,0.121,16602
14/13:22:01,0.37,4.95,111.7,0.0,19.26,0.121,16603
14/13:22:02,0.37,4.95,111.71,0.0,19.26,0.121,16604
14/13:22:02,0.37,4.94,111.71,0.0,19.26,0.121,16605
14/13:22:03,0.37,4.93,111.71,0.0,19.26,0.121,16606
14/13:22:04,0.37,4.93,111.71,0.011,19.26,0.121,16607
14/13:22:04,0.37,4.92,111.71,0.011,19.26,0.121,16608
14/13:22:05,0.36,4.86,111.74,0.011,19.26,0.121,16609
14/13:22:06,0.32,4.65,111.91,0.011,19.26,0.121,16610
14/13:22:06,0.31,4.63,111.9,0.011,19.26,0.121,16611
14/13:22:07,0.31,4.63,111.91,0.0,19.26,0.121,16612
14/13:22:08,0.38,4.89,111.71,0.011,19.27,0.121,16613
14/13:22:09,0.38,4.88,111.71,0.011,19.27,0.121,16614
14/13:22:09,0.38,4.88,111.71,0.011,19.27,0.121,16615
14/13:22:10,0.38,4.86,111.71,0.0,19.27,0.121,16616
14/13:22:11,0.38,4.81,111.71,0.0,19.27,0.121,16617
14/13:22:11,0.38,4.77,111.71,0.0,19.27,0.121,16618
14/13:22:12,0.38,4.73,111.71,0.0,19.28,0.121,16619
14/13:22:12,0.37,4.72,111.71,0.0,19.28,0.121,16620
14/13:22:13,0.37,4.72,111.71,0.011,19.28,0.121,16621
14/13:22:14,0.37,4.73,111.71,0.011,19.28,0.121,16622
14/13:22:14,0.37,4.74,111.72,0.011,19.28,0.121,16623
14/13:22:15,0.37,4.75,111.72,0.022,19.28,0.121,16624
14/13:22:16,0.37,4.78,111.72,0.011,19.28,0.121,16625
14/13:22:16,0.37,4.82,111.73,0.0,19.28,0.121,16626
14/13:22:17,0.37,4.84,111.72,0.011,19.28,0.121,16627
14/13:22:18,0.37,4.85,111.72,0.0,19.28,0.121,16628
14/13:22:18,0.37,4.84,111.72,0.011,19.28,0.121,16629
14/13:22:19,0.37,4.85,111.72,0.022,19.28,0.121,16630
14/13:22:20,0.37,4.85,111.71,0.0,19.28,0.121,16631
14/13:22:20,0.37,4.86,111.71,0.011,19.28,0.121,16632
14/13:22:21,0.37,4.85,111.71,0.011,19.28,0.121,16633
14/13:22:21,0.37,4.81,111.7,0.011,19.28,0.121,16634
14/13:22:22,0.38,4.79,111.71,0.011,19.28,0.121,16635
14/13:22:23,0.37,4.8,111.71,0.022,19.28,0.121,16636
14/13:22:23,0.37,4.82,111.71,0.033,19.28,0.121,16637
14/13:22:24,0.37,4.82,111.71,0.022,19.28,0.121,16638
14/13:22:25,0.37,4.88,111.73,0.0,19.28,0.121,16639
14/13:22:25,0.36,4.9,111.73,0.011,19.28,0.121,16640
14/13:22:26,0.36,4.91,111.73,0.011,19.28,0.121,16641
14/13:22:27,0.36,4.93,111.73,0.0,19.28,0.121,16642
14/13:22:27,0.36,4.93,111.74,0.0,19.28,0.121,16643
14/13:22:28,0.36,4.94,111.74,0.0,19.28,0.121,16644
14/13:22:29,0.37,4.94,111.75,0.011,19.28,0.121,16645
14/13:22:29,0.37,4.94,111.74,0.011,19.3,0.121,16646
14/13:22:30,0.38,4.94,111.74,0.011,19.3,0.121,16647
14/13:22:31,0.37,4.94,111.74,0.022,19.3,0.121,16648
14/13:22:31,0.37,4.94,111.74,0.022,19.3,0.121,16649
14/13:22:32,0.37,4.94,111.74,0.011,19.3,0.121,16650
14/13:22:33,0.37,4.94,111.74,0.011,19.3,0.121,16651
14/13:22:33,0.38,4.94,111.74,0.0,19.3,0.121,16652
14/13:22:34,0.38,4.94,111.74,0.0,19.3,0.121,16653
14/13:22:35,0.37,4.93,111.74,0.011,19.3,0.121,16654
14/13:22:35,0.37,4.92,111.73,0.0,19.3,0.121,16655
14/13:22:36,0.37,4.92,111.73,0.011,19.3,0.121,16656
14/13:22:37,0.37,4.91,111.73,0.011,19.3,0.121,16657
14/13:22:38,0.37,4.9,111.73,0.011,19.31,0.121,16658
14/13:22:38,0.37,4.85,111.72,0.0,19.31,0.121,16659
14/13:22:39,0.37,4.84,111.73,0.0,19.31,0.121,16660
14/13:22:40,0.37,4.83,111.73,0.011,19.31,0.121,16661
14/13:22:40,0.37,4.83,111.73,0.011,19.31,0.121,16662
14/13:22:42,0.37,4.83,111.72,0.011,19.31,0.121,16663
14/13:22:43,0.37,4.82,111.73,0.011,19.31,0.121,16664
14/13:22:43,0.37,4.82,111.72,0.022,19.31,0.121,16665
14/13:22:44,0.37,4.82,111.73,0.022,19.31,0.121,16666
14/13:22:44,0.38,4.82,111.73,0.011,19.31,0.121,16667
14/13:22:45,0.37,4.83,111.74,0.022,19.32,0.121,16668
14/13:22:46,0.37,4.85,111.73,0.022,19.32,0.121,16669
14/13:22:46,0.37,4.88,111.73,0.011,19.32,0.121,16670
14/13:22:47,0.37,4.91,111.74,0.011,19.32,0.121,16671
14/13:22:48,0.37,4.87,111.74,0.011,19.32,0.121,16672
14/13:22:48,0.37,4.82,111.74,0.033,19.32,0.121,16673
14/13:22:49,0.37,4.81,111.74,0.033,19.32,0.121,16674
14/13:22:50,0.38,4.81,111.73,0.022,19.32,0.121,16675
14/13:22:50,0.37,4.81,111.74,0.011,19.32,0.121,16676
14/13:22:51,0.37,4.81,111.74,0.011,19.32,0.121,16677
14/13:22:52,0.37,4.81,111.74,0.022,19.32,0.121,16678
14/13:22:52,0.38,4.84,111.75,0.033,19.32,0.121,16679
14/13:22:53,0.37,4.86,111.75,0.0,19.32,0.121,16680
14/13:22:54,0.37,4.86,111.75,0.0,19.33,0.121,16681
14/13:22:54,0.37,4.86,111.76,0.011,19.33,0.121,16682
14/13:22:55,0.37,4.83,111.75,0.0,19.33,0.121,16683
14/13:22:56,0.37,4.7,111.74,0.0,19.33,0.121,16684
14/13:22:56,0.37,4.57,111.73,0.011,19.33,0.121,16685
14/13:22:57,0.37,4.52,111.72,0.011,19.33,0.121,16686
14/13:22:57,0.37,4.51,111.72,0.0,19.33,0.121,16687
14/13:22:58,0.37,4.49,111.72,0.0,19.33,0.121,16688
14/13:22:59,0.37,4.49,111.71,0.0,19.33,0.121,16689
14/13:22:59,0.37,4.55,111.72,0.0,19.33,0.121,16690
14/13:23:00,0.37,4.69,111.72,0.011,19.33,0.121,16691
14/13:23:01,0.37,4.84,111.74,0.033,19.33,0.121,16692
14/13:23:02,0.38,4.86,111.74,0.033,19.33,0.121,16693
14/13:23:02,0.38,4.88,111.74,0.022,19.33,0.121,16694
14/13:23:03,0.38,4.89,111.75,0.011,19.34,0.121,16695
14/13:23:04,0.38,4.9,111.75,0.0,19.34,0.121,16696
14/13:23:04,0.38,4.9,111.75,0.011,19.34,0.121,16697
14/13:23:05,0.38,4.9,111.75,0.022,19.34,0.121,16698
14/13:23:06,0.38,4.92,111.75,0.022,19.34,0.121,16699
14/13:23:06,0.37,4.92,111.75,0.011,19.34,0.121,16700
14/13:23:07,0.37,4.92,111.75,0.011,19.34,0.121,16701
14/13:23:08,0.37,4.92,111.74,0.011,19.34,0.121,16702
14/13:23:08,0.37,4.92,111.75,0.0,19.34,0.121,16703
14/13:23:09,0.37,4.92,111.76,0.0,19.34,0.121,16704
14/13:23:10,0.37,4.92,111.76,0.011,19.34,0.121,16705
14/13:23:10,0.37,4.92,111.75,0.011,19.34,0.121,16706
14/13:23:11,0.37,4.91,111.76,0.011,19.34,0.121,16707
14/13:23:12,0.37,4.91,111.76,0.0,19.35,0.121,16708
14/13:23:12,0.37,4.91,111.76,0.0,19.35,0.121,16709
14/13:23:13,0.37,4.91,111.76,0.0,19.35,0.121,16710
14/13:23:14,0.37,4.91,111.76,0.011,19.35,0.121,16711
14/13:23:14,0.37,4.9,111.77,0.011,19.35,0.121,16712
14/13:23:15,0.38,4.89,111.77,0.022,19.35,0.121,16713
14/13:23:16,0.38,4.88,111.77,0.011,19.35,0.121,16714
14/13:23:17,0.38,4.81,111.77,0.0,19.35,0.121,16715
14/13:23:18,0.38,4.79,111.76,0.0,19.36,0.121,16716
14/13:23:19,0.38,4.78,111.77,0.0,19.36,0.121,16717
14/13:23:19,0.38,4.78,111.77,0.0,19.36,0.121,16718
14/13:23:20,0.38,4.8,111.78,0.0,19.36,0.121,16719
14/13:23:21,0.38,4.86,111.78,0.0,19.36,0.121,16720
14/13:23:21,0.38,4.86,111.77,0.011,19.36,0.121,16721
14/13:23:22,0.38,4.87,111.77,0.011,19.36,0.121,16722
14/13:23:23,0.38,4.87,111.77,0.011,19.36,0.121,16723
14/13:23:24,0.38,4.86,111.78,0.022,19.36,0.121,16724
14/13:23:24,0.38,4.86,111.79,0.011,19.36,0.121,16725
14/13:23:25,0.38,4.86,111.78,0.0,19.36,0.121,16726
14/13:23:25,0.38,4.86,111.77,0.0,19.36,0.121,16727
14/13:23:26,0.38,4.87,111.78,0.0,19.36,0.121,16728
14/13:23:27,0.38,4.87,111.77,0.022,19.37,0.121,16729
14/13:23:27,0.37,4.87,111.78,0.022,19.37,0.121,16730
14/13:23:28,0.37,4.87,111.78,0.011,19.37,0.121,16731
14/13:23:29,0.37,4.89,111.79,0.011,19.37,0.121,16732
14/13:23:29,0.37,4.9,111.77,0.0,19.37,0.121,16733
14/13:23:30,0.37,4.9,111.78,0.0,19.37,0.121,16734
14/13:23:31,0.37,4.9,111.78,0.022,19.37,0.121,16735
14/13:23:31,0.37,4.91,111.78,0.011,19.37,0.121,16736
14/13:23:32,0.37,4.91,111.78,0.0,19.37,0.121,16737
14/13:23:33,0.37,4.91,111.78,0.0,19.37,0.121,16738
14/13:23:33,0.37,4.91,111.78,0.011,19.37,0.121,16739
14/13:23:34,0.37,4.91,111.78,0.0,19.37,0.121,16740
14/13:23:35,0.37,4.91,111.79,0.0,19.37,0.121,16741
14/13:23:35,0.37,4.91,111.78,0.011,19.37,0.121,16742
14/13:23:36,0.37,4.92,111.79,0.011,19.37,0.121,16743
14/13:23:37,0.37,4.91,111.79,0.011,19.38,0.121,16744
14/13:23:37,0.37,4.91,111.79,0.011,19.38,0.121,16745
14/13:23:38,0.37,4.91,111.79,0.022,19.38,0.121,16746
14/13:23:39,0.37,4.91,111.79,0.011,19.38,0.121,16747
14/13:23:39,0.37,4.91,111.8,0.011,19.38,0.121,16748
14/13:23:40,0.38,4.92,111.8,0.011,19.38,0.121,16749
14/13:23:41,0.38,4.92,111.8,0.0,19.38,0.121,16750
14/13:23:41,0.38,4.91,111.8,0.0,19.38,0.121,16751
14/13:23:42,0.38,4.92,111.81,0.0,19.38,0.121,16752
14/13:23:42,0.38,4.91,111.8,0.022,19.38,0.121,16753
14/13:23:43,0.38,4.86,111.8,0.022,19.38,0.121,16754
14/13:23:44,0.38,4.82,111.8,0.022,19.38,0.121,16755
14/13:23:44,0.39,4.79,111.78,0.0,19.38,0.121,16756
14/13:23:45,0.38,4.78,111.78,0.011,19.38,0.121,16757
14/13:23:46,0.38,4.78,111.79,0.011,19.38,0.121,16758
14/13:23:46,0.38,4.79,111.79,0.022,19.39,0.121,16759
14/13:23:47,0.38,4.8,111.79,0.0,19.39,0.121,16760
14/13:23:48,0.38,4.85,111.79,0.011,19.39,0.121,16761
14/13:23:48,0.38,4.9,111.79,0.022,19.39,0.121,16762
14/13:23:49,0.37,4.92,111.82,0.011,19.39,0.121,16763
14/13:23:50,0.37,4.92,111.81,0.011,19.39,0.121,16764
14/13:23:50,0.37,4.9,111.81,0.011,19.4,0.121,16765
14/13:23:51,0.37,4.9,111.82,0.011,19.4,0.121,16766
14/13:23:52,0.37,4.9,111.82,0.022,19.4,0.121,16767
14/13:23:52,0.37,4.9,111.82,0.011,19.4,0.121,16768
14/13:23:53,0.37,4.9,111.81,0.011,19.4,0.121,16769
14/13:23:54,0.37,4.9,111.82,0.011,19.4,0.121,16770
14/13:23:54,0.37,4.91,111.82,0.022,19.4,0.121,16771
14/13:23:55,0.37,4.92,111.81,0.011,19.4,0.121,16772
14/13:23:56,0.38,4.93,111.8,0.0,19.4,0.121,16773
14/13:23:56,0.37,4.94,111.8,0.011,19.4,0.121,16774
14/13:23:57,0.37,4.94,111.81,0.011,19.4,0.121,16775
14/13:23:58,0.37,4.95,111.81,0.022,19.4,0.121,16776
14/13:23:58,0.37,4.95,111.8,0.022,19.4,0.121,16777
14/13:23:59,0.38,4.95,111.81,0.011,19.4,0.121,16778
14/13:24:00,0.38,4.95,111.81,0.022,19.41,0.121,16779
14/13:24:00,0.37,4.96,111.81,0.022,19.41,0.121,16780
14/13:24:01,0.38,4.95,111.82,0.022,19.41,0.121,16781
14/13:24:02,0.38,4.95,111.81,0.033,19.41,0.121,16782
14/13:24:02,0.38,4.95,111.81,0.033,19.41,0.121,16783
14/13:24:03,0.38,4.94,111.8,0.011,19.41,0.121,16784
14/13:24:04,0.37,4.93,111.8,0.011,19.41,0.121,16785
14/13:24:04,0.37,4.92,111.8,0.011,19.41,0.121,16786
14/13:24:05,0.37,4.91,111.8,0.0,19.41,0.121,16787
14/13:24:06,0.37,4.9,111.8,0.011,19.41,0.121,16788
14/13:24:06,0.37,4.89,111.8,0.0,19.41,0.121,16789
14/13:24:07,0.37,4.89,111.8,0.0,19.41,0.121,16790
14/13:24:08,0.36,4.88,111.8,0.0,19.41,0.121,16791
14/13:24:08,0.37,4.87,111.8,0.011,19.41,0.121,16792
14/13:24:09,0.37,4.87,111.8,0.0,19.42,0.121,16793
14/13:24:10,0.37,4.87,111.8,0.0,19.42,0.121,16794
14/13:24:10,0.36,4.88,111.82,0.0,19.42,0.121,16795
14/13:24:11,0.36,4.89,111.82,0.011,19.42,0.121,16796
14/13:24:12,0.36,4.89,111.82,0.011,19.42,0.121,16797
14/13:24:12,0.36,4.9,111.83,0.011,19.42,0.121,16798
14/13:24:13,0.36,4.9,111.83,0.011,19.42,0.121,16799
14/13:24:14,0.36,4.91,111.82,0.022,19.42,0.121,16800
14/13:24:14,0.36,4.9,111.82,0.011,19.42,0.121,16801
14/13:24:15,0.36,4.9,111.8,0.011,19.42,0.121,16802
14/13:24:16,0.36,4.89,111.81,0.011,19.42,0.121,16803
14/13:24:16,0.36,4.89,111.81,0.011,19.42,0.121,16804
14/13:24:17,0.36,4.88,111.82,0.0,19.42,0.121,16805
14/13:24:18,0.36,4.88,111.82,0.0,19.43,0.121,16806
14/13:24:18,0.36,4.88,111.83,0.011,19.43,0.121,16807
14/13:24:19,0.36,4.88,111.83,0.022,19.43,0.121,16808
14/13:24:19,0.36,4.87,111.84,0.011,19.43,0.121,16809
14/13:24:20,0.36,4.87,111.83,0.0,19.43,0.121,16810
14/13:24:21,0.36,4.87,111.83,0.0,19.43,0.121,16811
14/13:24:21,0.35,4.86,111.83,0.022,19.43,0.121,16812
14/13:24:22,0.35,4.85,111.82,0.011,19.44,0.121,16813
14/13:24:23,0.35,4.84,111.82,0.022,19.44,0.121,16814
14/13:24:24,0.35,4.83,111.82,0.011,19.44,0.121,16815
14/13:24:24,0.35,4.82,111.82,0.0,19.44,0.121,16816
14/13:24:25,0.35,4.82,111.82,0.0,19.44,0.121,16817
14/13:24:26,0.35,4.82,111.81,0.022,19.44,0.121,16818
14/13:24:26,0.35,4.82,111.82,0.022,19.44,0.121,16819
14/13:24:27,0.35,4.82,111.82,0.0,19.44,0.121,16820
14/13:24:28,0.35,4.83,111.82,0.0,19.44,0.121,16821
14/13:24:28,0.35,4.83,111.81,0.0,19.44,0.121,16822
14/13:24:29,0.35,4.85,111.81,0.011,19.44,0.121,16823
14/13:24:30,0.36,4.87,111.81,0.011,19.44,0.121,16824
14/13:24:30,0.36,4.88,111.82,0.022,19.45,0.121,16825
14/13:24:31,0.36,4.86,111.81,0.022,19.45,0.121,16826
14/13:24:31,0.36,4.87,111.82,0.011,19.45,0.121,16827
14/13:24:32,0.36,4.88,111.83,0.0,19.45,0.121,16828
14/13:24:33,0.36,4.88,111.83,0.011,19.45,0.121,16829
14/13:24:33,0.36,4.87,111.84,0.022,19.45,0.121,16830
14/13:24:34,0.36,4.88,111.84,0.022,19.45,0.121,16831
14/13:24:35,0.36,4.89,111.84,0.022,19.45,0.121,16832
14/13:24:35,0.36,4.89,111.84,0.011,19.45,0.121,16833
14/13:24:36,0.36,4.93,111.84,0.011,19.45,0.121,16834
14/13:24:37,0.35,4.93,111.84,0.011,19.45,0.121,16835
14/13:24:37,0.35,4.96,111.84,0.0,19.45,0.121,16836
14/13:24:38,0.35,4.96,111.84,0.0,19.45,0.121,16837
14/13:24:39,0.35,4.98,111.84,0.0,19.45,0.121,16838
14/13:24:39,0.35,4.99,111.84,0.0,19.45,0.121,16839
14/13:24:40,0.36,4.98,111.85,0.022,19.46,0.121,16840
14/13:24:41,0.36,4.89,111.85,0.022,19.46,0.121,16841
14/13:24:41,0.36,4.83,111.84,0.022,19.46,0.121,16842
14/13:24:42,0.36,4.81,111.84,0.022,19.46,0.121,16843
14/13:24:43,0.36,4.79,111.84,0.011,19.46,0.121,16844
14/13:24:43,0.36,4.77,111.83,0.022,19.46,0.121,16845
14/13:24:44,0.36,4.8,111.83,0.022,19.46,0.121,16846
14/13:24:45,0.36,4.81,111.83,0.011,19.46,0.121,16847
14/13:24:45,0.36,4.79,111.83,0.011,19.46,0.121,16848
14/13:24:46,0.36,4.91,111.83,0.011,19.46,0.121,16849
14/13:24:47,0.36,5.01,111.84,0.011,19.46,0.121,16850
14/13:24:47,0.36,5.05,111.85,0.011,19.46,0.121,16851
14/13:24:48,0.36,5.12,111.86,0.0,19.46,0.121,16852
14/13:24:49,0.37,5.19,111.87,0.0,19.46,0.121,16853
14/13:24:49,0.37,5.21,111.88,0.0,19.46,0.121,16854
14/13:24:50,0.37,5.27,111.88,0.0,19.47,0.121,16855
14/13:24:51,0.37,5.35,111.88,0.0,19.47,0.121,16856
14/13:24:51,0.37,5.36,111.88,0.0,19.47,0.121,16857
14/13:24:52,0.37,5.35,111.88,0.0,19.47,0.121,16858
14/13:24:53,0.37,5.34,111.88,0.0,19.47,0.121,16859
14/13:24:53,0.37,5.31,111.88,0.011,19.47,0.121,16860
14/13:24:54,0.37,5.28,111.87,0.022,19.47,0.121,16861
14/13:24:55,0.37,5.25,111.87,0.011,19.47,0.121,16862
14/13:24:55,0.36,4.84,111.85,0.011,19.48,0.121,16863
14/13:24:56,0.35,4.86,111.85,0.0,19.48,0.121,16864
14/13:24:57,0.36,4.87,111.86,0.011,19.48,0.121,16865
14/13:24:57,0.36,4.85,111.86,0.011,19.48,0.121,16866
14/13:24:58,0.36,4.83,111.85,0.011,19.48,0.121,16867
14/13:24:59,0.36,4.77,111.85,0.011,19.48,0.121,16868
14/13:24:59,0.36,4.71,111.84,0.011,19.48,0.121,16869
14/13:25:00,0.36,4.6,111.82,0.011,19.48,0.121,16870
14/13:25:01,0.36,4.48,111.8,0.011,19.48,0.121,16871
14/13:25:01,0.36,4.38,111.8,0.0,19.48,0.121,16872
14/13:25:02,0.36,4.31,111.79,0.011,19.48,0.121,16873
14/13:25:03,0.36,4.26,111.78,0.011,19.48,0.121,16874
14/13:25:03,0.36,4.22,111.78,0.0,19.48,0.121,16875
14/13:25:04,0.36,4.22,111.77,0.0,19.49,0.121,16876
14/13:25:05,0.36,4.2,111.77,0.0,19.49,0.121,16877
14/13:25:05,0.36,4.28,111.78,0.0,19.49,0.121,16878
14/13:25:06,0.36,4.4,111.8,0.0,19.49,0.121,16879
14/13:25:07,0.36,4.53,111.8,0.011,19.49,0.121,16880
14/13:25:07,0.36,4.65,111.82,0.011,19.49,0.121,16881
14/13:25:08,0.36,4.77,111.84,0.0,19.49,0.121,16882
14/13:25:09,0.36,4.97,111.86,0.0,19.49,0.121,16883
14/13:25:09,0.36,5.03,111.86,0.011,19.49,0.121,16884
14/13:25:10,0.36,5.03,111.87,0.033,19.49,0.121,16885
14/13:25:11,0.36,4.89,111.85,0.033,19.49,0.121,16886
14/13:25:11,0.36,4.72,111.84,0.011,19.49,0.121,16887
14/13:25:12,0.36,4.55,111.83,0.0,19.49,0.121,16888
14/13:25:13,0.36,4.46,111.83,0.0,19.49,0.121,16889
14/13:25:13,0.36,4.14,111.8,0.011,19.5,0.121,16890
14/13:25:14,0.36,3.8,111.75,0.011,19.5,0.121,16891
14/13:25:15,0.36,3.78,111.75,0.0,19.5,0.121,16892
14/13:25:15,0.35,3.68,111.74,0.0,19.5,0.121,16893
14/13:25:16,0.36,3.62,111.72,0.011,19.5,0.121,16894
14/13:25:17,0.36,3.76,111.73,0.022,19.5,0.121,16895
14/13:25:17,0.36,3.93,111.75,0.022,19.5,0.121,16896
14/13:25:18,0.36,4.1,111.76,0.022,19.5,0.121,16897
14/13:25:19,0.36,4.25,111.77,0.011,19.5,0.121,16898
14/13:25:19,0.36,4.3,111.78,0.0,19.5,0.121,16899
14/13:25:20,0.37,4.23,111.78,0.011,19.5,0.121,16900
14/13:25:21,0.37,4.0,111.77,0.011,19.5,0.121,16901
14/13:25:21,0.37,3.3,111.72,0.011,19.5,0.121,16902
14/13:25:22,0.37,3.16,111.7,0.022,19.5,0.121,16903
14/13:25:23,0.36,3.02,111.69,0.011,19.5,0.121,16904
14/13:25:23,0.36,2.94,111.68,0.0,19.51,0.121,16905
14/13:25:24,0.36,3.16,111.68,0.022,19.51,0.121,16906
14/13:25:25,0.36,3.37,111.7,0.011,19.51,0.121,16907
14/13:25:25,0.35,3.54,111.71,0.011,19.51,0.121,16908
14/13:25:26,0.35,3.71,111.72,0.0,19.51,0.121,16909
14/13:25:27,0.36,3.79,111.74,0.011,19.51,0.121,16910
14/13:25:27,0.35,3.91,111.75,0.011,19.51,0.121,16911
14/13:25:28,0.36,4.09,111.77,0.0,19.51,0.121,16912
14/13:25:30,0.36,4.71,111.82,0.0,19.51,0.121,16913
14/13:25:30,0.36,4.82,111.83,0.0,19.51,0.121,16914
14/13:25:31,0.36,4.95,111.85,0.011,19.51,0.121,16915
14/13:25:31,0.36,4.99,111.86,0.011,19.52,0.121,16916
14/13:25:32,0.36,5.0,111.88,0.0,19.52,0.121,16917
14/13:25:33,0.36,5.0,111.89,0.011,19.52,0.121,16918
14/13:25:34,0.36,5.0,111.9,0.0,19.52,0.121,16919
14/13:25:35,0.36,5.0,111.9,0.0,19.52,0.121,16920
14/13:25:35,0.36,5.0,111.9,0.022,19.52,0.121,16921
14/13:25:36,0.36,5.0,111.89,0.022,19.52,0.121,16922
14/13:25:37,0.36,4.99,111.89,0.011,19.52,0.121,16923
14/13:25:37,0.36,4.99,111.88,0.011,19.52,0.121,16924
14/13:25:38,0.37,5.0,111.88,0.011,19.52,0.121,16925
14/13:25:39,0.37,5.0,111.88,0.011,19.52,0.121,16926
14/13:25:39,0.37,5.0,111.88,0.011,19.52,0.121,16927
14/13:25:40,0.37,5.0,111.88,0.011,19.53,0.121,16928
14/13:25:41,0.37,4.99,111.88,0.022,19.53,0.121,16929
14/13:25:41,0.37,4.99,111.88,0.011,19.53,0.121,16930
14/13:25:42,0.37,4.99,111.89,0.0,19.53,0.121,16931
14/13:25:43,0.37,4.98,111.88,0.011,19.53,0.121,16932
14/13:25:43,0.37,4.99,111.88,0.022,19.53,0.121,16933
14/13:25:44,0.37,4.98,111.88,0.022,19.53,0.121,16934
14/13:25:45,0.37,4.99,111.89,0.011,19.53,0.121,16935
14/13:25:45,0.37,4.99,111.9,0.0,19.53,0.121,16936
14/13:25:46,0.37,4.99,111.9,0.0,19.53,0.121,16937
14/13:25:47,0.37,4.99,111.89,0.0,19.53,0.121,16938
14/13:25:47,0.38,4.99,111.91,0.011,19.53,0.121,16939
14/13:25:48,0.37,4.98,111.9,0.011,19.53,0.121,16940
14/13:25:49,0.37,4.98,111.9,0.0,19.54,0.121,16941
14/13:25:49,0.37,4.98,111.9,0.011,19.54,0.121,16942
14/13:25:50,0.37,4.98,111.9,0.0,19.54,0.121,16943
14/13:25:50,0.37,4.98,111.9,0.0,19.54,0.121,16944
14/13:25:51,0.37,4.97,111.89,0.0,19.54,0.121,16945
14/13:25:52,0.37,4.97,111.89,0.0,19.54,0.121,16946
14/13:25:52,0.37,4.96,111.89,0.011,19.54,0.121,16947
14/13:25:53,0.37,4.95,111.88,0.011,19.54,0.121,16948
14/13:25:54,0.37,4.95,111.88,0.0,19.54,0.121,16949
14/13:25:54,0.37,4.94,111.89,0.0,19.54,0.121,16950
14/13:25:55,0.37,4.94,111.9,0.011,19.54,0.121,16951
14/13:25:56,0.37,4.94,111.9,0.0,19.55,0.121,16952
14/13:25:57,0.37,4.94,111.9,0.011,19.55,0.121,16953
14/13:25:57,0.37,4.94,111.91,0.0,19.55,0.121,16954
14/13:25:58,0.37,4.94,111.9,0.0,19.55,0.121,16955
14/13:25:59,0.37,4.94,111.91,0.0,19.55,0.121,16956
14/13:25:59,0.37,4.94,111.9,0.0,19.55,0.121,16957
14/13:26:00,0.37,4.94,111.9,0.011,19.55,0.121,16958
14/13:26:00,0.37,4.94,111.91,0.011,19.55,0.121,16959
14/13:26:01,0.37,4.94,111.92,0.0,19.55,0.121,16960
14/13:26:02,0.37,4.94,111.92,0.0,19.55,0.121,16961
14/13:26:02,0.37,4.94,111.92,0.0,19.55,0.121,16962
14/13:26:03,0.36,4.94,111.91,0.022,19.56,0.121,16963
14/13:26:04,0.37,4.95,111.91,0.0,19.56,0.121,16964
14/13:26:05,0.37,4.96,111.91,0.0,19.56,0.121,16965
14/13:26:06,0.36,4.97,111.9,0.011,19.56,0.121,16966
14/13:26:06,0.36,4.97,111.89,0.011,19.56,0.121,16967
14/13:26:07,0.36,4.98,111.9,0.0,19.56,0.121,16968
14/13:26:08,0.36,4.99,111.9,0.011,19.56,0.121,16969
14/13:26:08,0.36,5.0,111.9,0.022,19.56,0.121,16970
14/13:26:09,0.36,5.0,111.91,0.0,19.56,0.121,16971
14/13:26:10,0.36,5.0,111.91,0.0,19.56,0.121,16972
14/13:26:10,0.37,5.0,111.91,0.011,19.56,0.121,16973
14/13:26:11,0.37,5.0,111.91,0.022,19.56,0.121,16974
14/13:26:12,0.37,5.0,111.92,0.011,19.56,0.121,16975
14/13:26:12,0.37,5.0,111.92,0.011,19.56,0.121,16976
14/13:26:13,0.37,5.01,111.92,0.0,19.56,0.121,16977
14/13:26:14,0.37,5.01,111.92,0.0,19.56,0.121,16978
14/13:26:14,0.37,5.01,111.93,0.0,19.56,0.121,16979
14/13:26:15,0.37,5.01,111.93,0.0,19.56,0.121,16980
14/13:26:16,0.37,5.01,111.93,0.0,19.56,0.121,16981
14/13:26:16,0.37,5.01,111.94,0.0,19.56,0.121,16982
14/13:26:17,0.37,5.02,111.93,0.0,19.56,0.121,16983
14/13:26:18,0.37,5.02,111.93,0.0,19.56,0.121,16984
14/13:26:18,0.37,5.03,111.93,0.0,19.56,0.121,16985
14/13:26:19,0.37,5.03,111.93,0.0,19.56,0.121,16986
14/13:26:20,0.37,5.04,111.93,0.0,19.56,0.121,16987
14/13:26:20,0.36,5.04,111.93,0.0,19.56,0.121,16988
14/13:26:21,0.36,5.04,111.94,0.0,19.56,0.121,16989
14/13:26:21,0.36,5.04,111.94,0.011,19.56,0.121,16990
14/13:26:22,0.36,5.04,111.95,0.011,19.57,0.121,16991
14/13:26:23,0.36,5.03,111.95,0.011,19.57,0.121,16992
14/13:26:23,0.36,5.03,111.96,0.011,19.57,0.121,16993
14/13:26:24,0.36,5.02,111.96,0.011,19.57,0.121,16994
14/13:26:25,0.36,5.01,111.95,0.011,19.57,0.121,16995
14/13:26:25,0.36,5.01,111.94,0.011,19.57,0.121,16996
14/13:26:26,0.37,5.0,111.94,0.022,19.57,0.121,16997
14/13:26:27,0.37,4.99,111.94,0.011,19.57,0.121,16998
14/13:26:27,0.37,4.99,111.94,0.011,19.57,0.121,16999
14/13:26:28,0.37,4.99,111.94,0.011,19.57,0.121,17000
14/13:26:29,0.37,4.99,111.94,0.011,19.57,0.121,17001
14/13:26:29,0.37,4.99,111.94,0.022,19.57,0.121,17002
14/13:26:30,0.37,4.99,111.96,0.022,19.57,0.121,17003
14/13:26:31,0.37,4.99,111.96,0.022,19.57,0.121,17004
14/13:26:31,0.37,4.99,111.96,0.0,19.59,0.121,17005
14/13:26:32,0.36,4.99,111.97,0.011,19.59,0.121,17006
14/13:26:33,0.36,4.99,111.96,0.011,19.59,0.121,17007
14/13:26:33,0.36,4.99,111.96,0.011,19.59,0.121,17008
14/13:26:34,0.36,4.99,111.96,0.022,19.59,0.121,17009
14/13:26:35,0.36,4.99,111.96,0.022,19.59,0.121,17010
14/13:26:35,0.37,5.0,111.96,0.022,19.59,0.121,17011
14/13:26:36,0.37,5.0,111.96,0.011,19.59,0.121,17012
14/13:26:37,0.37,4.61,111.94,0.0,19.6,0.121,17013
14/13:26:37,0.37,4.59,111.93,0.011,19.6,0.121,17014
14/13:26:38,0.37,4.62,111.94,0.022,19.6,0.121,17015
14/13:26:39,0.37,4.68,111.94,0.022,19.6,0.121,17016
14/13:26:39,0.37,4.8,111.95,0.0,19.6,0.121,17017
14/13:26:40,0.37,4.85,111.96,0.0,19.6,0.121,17018
14/13:26:41,0.37,4.94,111.96,0.0,19.6,0.121,17019
14/13:26:41,0.37,5.0,111.96,0.0,19.6,0.121,17020
14/13:26:42,0.37,5.04,111.97,0.011,19.6,0.121,17021
14/13:26:43,0.37,5.05,111.97,0.011,19.6,0.121,17022
14/13:26:43,0.37,5.06,111.97,0.0,19.6,0.121,17023
14/13:26:44,0.37,5.06,111.97,0.011,19.61,0.121,17024
14/13:26:45,0.37,5.06,111.96,0.011,19.61,0.121,17025
14/13:26:45,0.37,5.06,111.96,0.011,19.61,0.121,17026
14/13:26:46,0.37,5.06,111.96,0.0,19.61,0.121,17027
14/13:26:47,0.37,5.06,111.96,0.011,19.61,0.121,17028
14/13:26:47,0.37,5.05,111.97,0.011,19.61,0.121,17029
14/13:26:48,0.37,5.05,111.97,0.011,19.61,0.121,17030
14/13:26:49,0.37,5.06,111.97,0.011,19.61,0.121,17031
14/13:26:49,0.36,5.06,111.97,0.011,19.61,0.121,17032
14/13:26:50,0.36,5.05,111.97,0.0,19.61,0.121,17033
14/13:26:51,0.36,5.06,111.97,0.0,19.61,0.121,17034
14/13:26:51,0.36,5.05,111.97,0.0,19.61,0.121,17035
14/13:26:52,0.36,5.03,111.97,0.0,19.61,0.121,17036
14/13:26:53,0.37,5.0,111.97,0.011,19.62,0.121,17037
14/13:26:53,0.37,4.98,111.97,0.0,19.62,0.121,17038
14/13:26:54,0.37,4.94,111.97,0.011,19.62,0.121,17039
14/13:26:55,0.37,4.92,111.97,0.011,19.62,0.121,17040
14/13:26:55,0.37,4.92,111.97,0.011,19.62,0.121,17041
14/13:26:56,0.37,4.95,111.96,0.011,19.62,0.121,17042
14/13:26:57,0.37,4.97,111.96,0.011,19.62,0.121,17043
14/13:26:57,0.37,4.98,111.95,0.0,19.62,0.121,17044
14/13:26:58,0.37,4.99,111.96,0.011,19.62,0.121,17045
14/13:26:59,0.37,5.0,111.97,0.011,19.62,0.121,17046
14/13:26:59,0.37,5.04,111.96,0.0,19.62,0.121,17047
14/13:27:00,0.38,5.0,111.97,0.011,19.63,0.121,17048
14/13:27:01,0.37,5.0,111.98,0.0,19.63,0.121,17049
14/13:27:01,0.38,4.99,111.99,0.0,19.63,0.121,17050
14/13:27:02,0.38,4.98,111.99,0.022,19.63,0.121,17051
14/13:27:03,0.38,4.98,111.99,0.022,19.63,0.121,17052
14/13:27:03,0.38,4.99,111.99,0.011,19.63,0.121,17053
14/13:27:04,0.38,5.0,111.99,0.011,19.63,0.121,17054
14/13:27:05,0.38,5.02,111.99,0.022,19.63,0.121,17055
14/13:27:05,0.38,5.01,111.99,0.0,19.63,0.121,17056
14/13:27:06,0.38,5.02,111.99,0.011,19.63,0.121,17057
14/13:27:07,0.38,5.03,111.99,0.011,19.63,0.121,17058
14/13:27:07,0.37,5.01,111.99,0.011,19.63,0.121,17059
14/13:27:08,0.38,5.0,111.99,0.0,19.63,0.121,17060
14/13:27:09,0.38,5.01,111.99,0.0,19.63,0.121,17061
14/13:27:09,0.37,5.01,112.0,0.011,19.64,0.121,17062
14/13:27:10,0.37,5.04,112.01,0.022,19.64,0.121,17063
14/13:27:11,0.38,5.04,112.0,0.022,19.64,0.121,17064
14/13:27:12,0.38,5.04,112.0,0.0,19.64,0.121,17065
14/13:27:12,0.37,5.04,111.99,0.011,19.64,0.121,17066
14/13:27:13,0.37,5.06,112.0,0.022,19.64,0.121,17067
14/13:27:14,0.38,5.06,112.0,0.022,19.64,0.121,17068
14/13:27:14,0.38,5.06,112.0,0.022,19.64,0.121,17069
14/13:27:15,0.38,5.06,112.0,0.022,19.65,0.121,17070
14/13:27:16,0.38,5.06,112.0,0.022,19.65,0.121,17071
14/13:27:16,0.38,5.06,112.01,0.011,19.65,0.121,17072
14/13:27:17,0.38,5.05,112.01,0.011,19.65,0.121,17073
14/13:27:18,0.38,5.05,112.02,0.011,19.65,0.121,17074
14/13:27:18,0.37,5.04,112.01,0.011,19.65,0.121,17075
14/13:27:19,0.37,5.02,112.02,0.011,19.65,0.121,17076
14/13:27:20,0.37,5.0,112.02,0.022,19.65,0.121,17077
14/13:27:20,0.37,4.98,112.02,0.011,19.65,0.121,17078
14/13:27:21,0.37,4.97,112.01,0.0,19.65,0.121,17079
14/13:27:22,0.37,4.95,112.01,0.0,19.65,0.121,17080
14/13:27:22,0.37,4.93,112.01,0.011,19.65,0.121,17081
14/13:27:23,0.37,4.94,111.99,0.011,19.65,0.121,17082
14/13:27:24,0.37,4.95,112.0,0.011,19.66,0.121,17083
14/13:27:25,0.37,4.95,112.0,0.011,19.66,0.121,17084
14/13:27:25,0.37,4.96,111.99,0.011,19.66,0.121,17085
14/13:27:26,0.37,4.97,111.99,0.011,19.66,0.121,17086
14/13:27:26,0.37,4.99,112.0,0.0,19.66,0.121,17087
14/13:27:27,0.37,5.01,112.0,0.0,19.66,0.121,17088
14/13:27:28,0.37,5.02,112.01,0.011,19.66,0.121,17089
14/13:27:28,0.38,5.03,112.02,0.0,19.66,0.121,17090
14/13:27:29,0.37,5.03,112.01,0.0,19.66,0.121,17091
14/13:27:30,0.38,5.03,112.02,0.011,19.66,0.121,17092
14/13:27:31,0.38,5.03,112.02,0.011,19.66,0.121,17093
14/13:27:31,0.38,5.02,112.02,0.0,19.66,0.121,17094
14/13:27:32,0.38,5.01,112.01,0.0,19.66,0.121,17095
14/13:27:33,0.38,5.0,112.02,0.0,19.67,0.121,17096
14/13:27:33,0.38,4.99,112.02,0.011,19.67,0.121,17097
14/13:27:34,0.38,4.99,112.02,0.022,19.67,0.121,17098
14/13:27:35,0.38,4.99,112.01,0.022,19.67,0.121,17099
14/13:27:35,0.38,4.99,112.01,0.011,19.67,0.121,17100
14/13:27:36,0.38,5.0,112.02,0.011,19.67,0.121,17101
14/13:27:36,0.38,4.97,112.02,0.0,19.67,0.121,17102
14/13:27:37,0.38,4.93,112.01,0.0,19.67,0.121,17103
14/13:27:38,0.38,4.91,112.02,0.0,19.67,0.121,17104
14/13:27:38,0.38,4.9,112.01,0.022,19.67,0.121,17105
14/13:27:39,0.38,4.91,112.01,0.022,19.67,0.121,17106
14/13:27:40,0.38,4.91,112.02,0.011,19.67,0.121,17107
14/13:27:40,0.38,4.92,112.01,0.011,19.67,0.121,17108
14/13:27:41,0.38,4.92,112.02,0.011,19.67,0.121,17109
14/13:27:42,0.38,4.95,112.02,0.0,19.67,0.121,17110
14/13:27:42,0.38,5.0,112.02,0.0,19.68,0.121,17111
14/13:27:43,0.38,5.02,112.02,0.011,19.68,0.121,17112
14/13:27:44,0.37,5.03,112.04,0.0,19.68,0.121,17113
14/13:27:45,0.37,5.03,112.03,0.0,19.68,0.121,17114
14/13:27:45,0.37,5.02,112.04,0.011,19.68,0.121,17115
14/13:27:46,0.37,5.01,112.04,0.011,19.68,0.121,17116
14/13:27:47,0.37,5.01,112.04,0.0,19.69,0.121,17117
14/13:27:47,0.37,5.01,112.03,0.0,19.69,0.121,17118
14/13:27:48,0.37,5.0,112.03,0.0,19.69,0.121,17119
14/13:27:49,0.38,5.0,112.02,0.011,19.69,0.121,17120
14/13:27:49,0.38,5.0,112.03,0.011,19.69,0.121,17121
14/13:27:50,0.38,5.01,112.05,0.0,19.69,0.121,17122
14/13:27:51,0.38,5.01,112.04,0.0,19.69,0.121,17123
14/13:27:52,0.38,5.01,112.04,0.011,19.69,0.121,17124
14/13:27:52,0.38,5.01,112.05,0.011,19.69,0.121,17125
14/13:27:53,0.38,5.01,112.04,0.0,19.69,0.121,17126
14/13:27:54,0.37,5.01,112.04,0.011,19.69,0.121,17127
14/13:27:54,0.37,5.0,112.05,0.011,19.69,0.121,17128
14/13:27:55,0.37,5.0,112.05,0.0,19.69,0.121,17129
14/13:27:56,0.37,5.0,112.04,0.011,19.69,0.121,17130
14/13:27:57,0.37,5.0,112.04,0.011,19.69,0.121,17131
14/13:27:57,0.37,5.0,112.03,2.805,19.7,0.121,17132
14/13:27:58,0.37,5.0,112.04,0.0,19.7,0.121,17133
14/13:27:59,0.37,5.01,112.04,0.0,19.7,0.121,17134
14/13:27:59,0.37,5.01,112.04,0.0,19.7,0.121,17135
14/13:28:00,0.37,5.03,112.03,0.0,19.7,0.121,17136
14/13:28:01,0.38,5.04,112.03,0.0,19.7,0.121,17137
14/13:28:01,0.38,5.06,112.04,0.011,19.7,0.121,17138
14/13:28:02,0.38,5.07,112.04,0.022,19.7,0.121,17139
14/13:28:02,0.38,5.09,112.05,0.011,19.7,0.121,17140
14/13:28:03,0.38,5.1,112.05,0.011,19.7,0.121,17141
14/13:28:04,0.38,5.11,112.05,0.0,19.7,0.121,17142
14/13:28:04,0.38,5.12,112.06,0.0,19.7,0.121,17143
14/13:28:05,0.38,5.12,112.06,0.011,19.7,0.121,17144
14/13:28:06,0.38,5.12,112.05,0.0,19.7,0.121,17145
14/13:28:06,0.38,5.12,112.05,0.011,19.71,0.121,17146
14/13:28:07,0.38,5.13,112.05,0.0,19.71,0.121,17147
14/13:28:08,0.38,5.13,112.05,0.0,19.71,0.121,17148
14/13:28:08,0.38,5.13,112.05,0.011,19.71,0.121,17149
14/13:28:09,0.38,5.13,112.05,0.0,19.71,0.121,17150
14/13:28:10,0.38,5.13,112.05,0.0,19.71,0.121,17151
14/13:28:10,0.38,5.14,112.06,0.011,19.71,0.121,17152
14/13:28:11,0.38,5.14,112.06,0.011,19.71,0.121,17153
14/13:28:12,0.38,5.16,112.06,0.011,19.71,0.121,17154
14/13:28:12,0.38,5.17,112.07,0.011,19.71,0.121,17155
14/13:28:13,0.38,5.19,112.08,0.011,19.71,0.121,17156
14/13:28:14,0.38,5.2,112.07,0.011,19.71,0.121,17157
14/13:28:14,0.38,5.16,112.08,0.022,19.71,0.121,17158
14/13:28:15,0.38,5.13,112.09,0.011,19.72,0.121,17159
14/13:28:16,0.38,5.08,112.1,0.011,19.72,0.121,17160
14/13:28:16,0.37,5.01,112.12,0.011,19.72,0.121,17161
14/13:28:17,0.35,4.92,112.13,0.0,19.72,0.121,17162
14/13:28:18,0.32,4.97,112.18,0.011,19.73,0.121,17163
14/13:28:19,0.32,4.88,112.18,0.011,19.73,0.121,17164
14/13:28:20,0.32,4.83,112.18,0.011,19.73,0.121,17165
14/13:28:20,0.31,4.8,112.17,0.011,19.73,0.121,17166
14/13:28:21,0.28,4.71,112.19,0.0,19.73,0.121,17167
14/13:28:22,0.31,4.79,112.15,0.011,19.73,0.121,17168
14/13:28:22,0.33,4.86,112.12,0.011,19.73,0.121,17169
14/13:28:23,0.33,4.89,112.12,0.0,19.73,0.121,17170
14/13:28:24,0.33,4.93,112.12,0.0,19.73,0.121,17171
14/13:28:24,0.33,4.96,112.11,0.011,19.73,0.121,17172
14/13:28:25,0.33,4.93,112.11,0.011,19.73,0.121,17173
14/13:28:25,0.37,5.02,112.07,0.0,19.73,0.121,17174
14/13:28:26,0.36,5.0,112.06,0.0,19.74,0.121,17175
14/13:28:27,0.36,4.99,112.07,0.0,19.74,0.121,17176
14/13:28:27,0.36,4.99,112.08,0.011,19.74,0.121,17177
14/13:28:28,0.36,4.98,112.07,0.011,19.74,0.121,17178
14/13:28:29,0.37,4.99,112.08,0.011,19.74,0.121,17179
14/13:28:29,0.36,5.0,112.09,0.011,19.74,0.121,17180
14/13:28:30,0.37,4.99,112.09,0.011,19.74,0.121,17181
14/13:28:31,0.37,4.99,112.1,0.022,19.74,0.121,17182
14/13:28:32,0.37,5.0,112.1,0.011,19.74,0.121,17183
14/13:28:32,0.37,4.99,112.1,0.022,19.74,0.121,17184
14/13:28:33,0.37,4.99,112.11,0.022,19.74,0.121,17185
14/13:28:33,0.37,4.99,112.1,0.022,19.74,0.121,17186
14/13:28:34,0.37,4.99,112.1,0.011,19.74,0.121,17187
14/13:28:35,0.37,4.99,112.1,0.011,19.74,0.121,17188
14/13:28:35,0.37,4.99,112.09,0.011,19.75,0.121,17189
14/13:28:36,0.37,4.98,112.09,0.011,19.75,0.121,17190
14/13:28:37,0.37,4.98,112.09,0.0,19.75,0.121,17191
14/13:28:37,0.37,4.98,112.09,0.011,19.75,0.121,17192
14/13:28:38,0.38,4.97,112.09,0.011,19.75,0.121,17193
14/13:28:39,0.38,4.97,112.09,0.0,19.75,0.121,17194
14/13:28:39,0.38,4.95,112.08,0.0,19.75,0.121,17195
14/13:28:40,0.38,4.93,112.08,0.0,19.75,0.121,17196
14/13:28:41,0.38,4.93,112.08,0.0,19.75,0.121,17197
14/13:28:41,0.38,4.93,112.09,0.0,19.75,0.121,17198
14/13:28:42,0.38,4.93,112.09,0.0,19.75,0.121,17199
14/13:28:43,0.37,4.94,112.08,0.0,19.75,0.121,17200
14/13:28:43,0.37,4.95,112.09,0.0,19.76,0.121,17201
14/13:28:44,0.37,4.96,112.09,0.0,19.76,0.121,17202
14/13:28:45,0.37,4.95,112.1,0.0,19.76,0.121,17203
14/13:28:45,0.37,4.95,112.1,0.0,19.76,0.121,17204
14/13:28:46,0.37,4.92,112.09,0.011,19.76,0.121,17205
14/13:28:47,0.37,4.9,112.09,0.022,19.76,0.121,17206
14/13:28:47,0.37,4.9,112.09,0.011,19.76,0.121,17207
14/13:28:48,0.37,4.9,112.09,0.0,19.76,0.121,17208
14/13:28:49,0.37,4.89,112.09,0.0,19.76,0.121,17209
14/13:28:49,0.37,4.9,112.09,0.011,19.76,0.121,17210
14/13:28:50,0.37,4.9,112.1,0.0,19.76,0.121,17211
14/13:28:51,0.38,4.91,112.1,0.0,19.76,0.121,17212
14/13:28:52,0.37,4.9,112.11,0.0,19.77,0.121,17213
14/13:28:52,0.37,4.9,112.11,0.011,19.77,0.121,17214
14/13:28:53,0.37,4.89,112.11,0.011,19.77,0.121,17215
14/13:28:54,0.38,4.89,112.11,0.011,19.77,0.121,17216
14/13:28:54,0.38,4.88,112.12,0.0,19.77,0.121,17217
14/13:28:55,0.38,4.89,112.12,0.022,19.77,0.121,17218
14/13:28:56,0.38,4.88,112.12,0.011,19.77,0.121,17219
14/13:28:56,0.38,4.89,112.12,0.011,19.77,0.121,17220
14/13:28:57,0.38,4.89,112.12,0.033,19.77,0.121,17221
14/13:28:58,0.38,4.89,112.12,0.022,19.77,0.121,17222
14/13:28:58,0.38,4.88,112.12,0.011,19.77,0.121,17223
14/13:28:59,0.38,4.88,112.12,0.011,19.78,0.121,17224
14/13:29:00,0.38,4.88,112.11,0.011,19.78,0.121,17225
14/13:29:01,0.38,4.88,112.11,0.011,19.78,0.121,17226
14/13:29:01,0.38,4.88,112.12,0.011,19.78,0.121,17227
14/13:29:02,0.38,4.88,112.11,0.022,19.78,0.121,17228
14/13:29:02,0.38,4.87,112.11,0.011,19.78,0.121,17229
14/13:29:03,0.38,4.88,112.09,0.0,19.78,0.121,17230
14/13:29:04,0.38,4.87,112.09,0.0,19.78,0.121,17231
14/13:29:04,0.38,4.88,112.1,0.0,19.78,0.121,17232
14/13:29:05,0.38,4.88,112.09,0.0,19.78,0.121,17233
14/13:29:06,0.38,4.88,112.09,0.0,19.78,0.121,17234
14/13:29:07,0.38,4.88,112.08,0.011,19.78,0.121,17235
14/13:29:07,0.38,4.88,112.09,0.0,19.78,0.121,17236
14/13:29:08,0.38,4.88,112.1,0.011,19.78,0.121,17237
14/13:29:09,0.38,4.89,112.1,0.011,19.79,0.121,17238
14/13:29:09,0.38,4.89,112.1,0.0,19.79,0.121,17239
14/13:29:10,0.38,4.89,112.1,0.011,19.79,0.121,17240
14/13:29:11,0.38,4.89,112.1,0.0,19.79,0.121,17241
14/13:29:11,0.37,4.89,112.11,0.0,19.79,0.121,17242
14/13:29:12,0.37,4.89,112.12,0.011,19.79,0.121,17243
14/13:29:12,0.37,4.89,112.12,0.011,19.79,0.121,17244
14/13:29:13,0.37,4.87,112.12,0.022,19.79,0.121,17245
14/13:29:14,0.37,4.86,112.12,0.011,19.79,0.121,17246
14/13:29:14,0.37,4.84,112.12,0.0,19.79,0.121,17247
14/13:29:15,0.37,4.81,112.12,0.0,19.79,0.121,17248
14/13:29:16,0.37,4.78,112.12,0.0,19.79,0.121,17249
14/13:29:16,0.37,4.76,112.11,0.011,19.79,0.121,17250
14/13:29:17,0.37,4.73,112.1,0.011,19.79,0.121,17251
14/13:29:18,0.38,4.74,112.1,0.011,19.8,0.121,17252
14/13:29:18,0.38,4.76,112.09,0.0,19.8,0.121,17253
14/13:29:19,0.37,4.74,112.08,0.0,19.8,0.121,17254
14/13:29:20,0.37,4.7,112.09,0.022,19.8,0.121,17255
14/13:29:21,0.37,4.67,112.09,0.022,19.8,0.121,17256
14/13:29:21,0.37,4.65,112.09,0.011,19.8,0.121,17257
14/13:29:22,0.37,4.6,112.09,0.022,19.8,0.121,17258
14/13:29:22,0.37,4.56,112.09,0.022,19.8,0.121,17259
14/13:29:23,0.37,4.56,112.1,0.022,19.8,0.121,17260
14/13:29:24,0.37,4.56,112.11,0.011,19.8,0.121,17261
14/13:29:25,0.38,4.56,112.1,0.0,19.8,0.121,17262
14/13:29:25,0.38,4.53,112.11,0.0,19.81,0.121,17263
14/13:29:26,0.37,4.56,112.12,0.0,19.81,0.121,17264
14/13:29:27,0.38,4.62,112.12,0.0,19.81,0.121,17265
14/13:29:27,0.37,4.67,112.13,0.011,19.81,0.121,17266
14/13:29:28,0.37,4.7,112.12,0.011,19.81,0.121,17267
14/13:29:29,0.37,4.8,112.11,0.0,19.81,0.121,17268
14/13:29:29,0.37,4.85,112.11,0.0,19.81,0.121,17269
14/13:29:30,0.37,4.86,112.1,0.011,19.81,0.121,17270
14/13:29:31,0.37,4.83,112.1,0.022,19.81,0.121,17271
14/13:29:31,0.37,4.79,112.1,0.022,19.82,0.121,17272
14/13:29:32,0.37,4.76,112.09,0.0,19.82,0.121,17273
14/13:29:33,0.37,4.75,112.09,0.011,19.82,0.121,17274
14/13:29:34,0.37,4.75,112.1,0.011,19.82,0.121,17275
14/13:29:34,0.37,4.72,112.1,0.011,19.82,0.121,17276
14/13:29:35,0.37,4.7,112.1,0.022,19.82,0.121,17277
14/13:29:36,0.37,4.7,112.1,0.022,19.82,0.121,17278
14/13:29:36,0.37,4.69,112.1,0.022,19.82,0.121,17279
14/13:29:37,0.37,4.69,112.11,0.011,19.82,0.121,17280
14/13:29:38,0.38,4.66,112.12,0.011,19.82,0.121,17281
14/13:29:38,0.38,4.63,112.12,0.0,19.82,0.121,17282
14/13:29:39,0.37,4.6,112.12,0.011,19.82,0.121,17283
14/13:29:40,0.37,4.61,112.12,0.022,19.82,0.121,17284
14/13:29:41,0.37,4.61,112.12,0.011,19.82,0.121,17285
14/13:29:41,0.37,4.61,112.11,0.0,19.83,0.121,17286
14/13:29:42,0.37,4.62,112.1,0.011,19.83,0.121,17287
14/13:29:43,0.37,4.62,112.09,0.011,19.83,0.121,17288
14/13:29:43,0.37,4.6,112.07,0.011,19.83,0.121,17289
14/13:29:44,0.37,4.57,112.07,0.0,19.83,0.121,17290
14/13:29:45,0.37,4.54,112.07,0.011,19.83,0.121,17291
14/13:29:45,0.37,4.52,112.08,0.022,19.83,0.121,17292
14/13:29:46,0.37,4.48,112.08,0.011,19.83,0.121,17293
14/13:29:47,0.37,4.43,112.08,0.022,19.83,0.121,17294
14/13:29:47,0.37,4.43,112.09,0.022,19.83,0.121,17295
14/13:29:48,0.37,4.46,112.09,0.022,19.83,0.121,17296
14/13:29:49,0.37,4.55,112.11,0.011,19.83,0.121,17297
14/13:29:49,0.37,4.57,112.11,0.0,19.83,0.121,17298
14/13:29:50,0.37,4.62,112.11,0.0,19.83,0.121,17299
14/13:29:51,0.37,4.69,112.12,0.011,19.84,0.121,17300
14/13:29:51,0.37,4.75,112.13,0.022,19.84,0.121,17301
14/13:29:52,0.38,4.75,112.13,0.022,19.84,0.121,17302
14/13:29:53,0.37,4.67,112.12,0.022,19.84,0.121,17303
14/13:29:53,0.37,4.65,112.12,0.0,19.84,0.121,17304
14/13:29:54,0.37,4.66,112.11,0.0,19.84,0.121,17305
14/13:29:55,0.37,4.65,112.12,0.0,19.84,0.121,17306
14/13:29:55,0.37,4.64,112.12,0.0,19.84,0.121,17307
14/13:29:56,0.37,4.65,112.11,0.011,19.84,0.121,17308
14/13:29:57,0.37,4.69,112.12,0.011,19.84,0.121,17309
14/13:29:57,0.37,4.75,112.12,0.011,19.84,0.121,17310
14/13:29:58,0.37,4.78,112.13,0.011,19.84,0.121,17311
14/13:29:59,0.38,4.8,112.13,0.0,19.84,0.121,17312
14/13:29:59,0.37,4.83,112.15,0.011,19.85,0.121,17313
14/13:30:00,0.37,4.83,112.15,0.022,19.85,0.121,17314
14/13:30:01,0.37,4.85,112.14,0.0,19.85,0.121,17315
14/13:30:01,0.37,4.86,112.14,0.011,19.85,0.121,17316
14/13:30:02,0.37,4.87,112.14,0.022,19.85,0.121,17317
14/13:30:03,0.37,4.86,112.14,0.011,19.85,0.121,17318
14/13:30:03,0.37,4.86,112.15,0.0,19.85,0.121,17319
14/13:30:04,0.36,4.86,112.15,0.0,19.85,0.121,17320
14/13:30:05,0.36,4.85,112.15,0.011,19.85,0.121,17321
14/13:30:05,0.36,4.85,112.16,0.022,19.85,0.121,17322
14/13:30:06,0.36,4.85,112.16,0.022,19.86,0.121,17323
14/13:30:07,0.36,4.85,112.15,0.011,19.86,0.121,17324
14/13:30:08,0.37,4.86,112.15,0.022,19.86,0.121,17325
14/13:30:08,0.36,4.86,112.15,0.022,19.86,0.121,17326
14/13:30:09,0.37,4.86,112.15,0.022,19.86,0.121,17327
14/13:30:10,0.37,4.87,112.14,0.022,19.86,0.121,17328
14/13:30:11,0.37,4.88,112.14,0.011,19.86,0.121,17329
14/13:30:11,0.37,4.88,112.14,0.011,19.86,0.121,17330
14/13:30:12,0.37,4.88,112.15,0.022,19.86,0.121,17331
14/13:30:13,0.37,4.89,112.15,0.011,19.86,0.121,17332
14/13:30:13,0.37,4.88,112.15,0.0,19.86,0.121,17333
14/13:30:14,0.37,4.88,112.15,0.011,19.86,0.121,17334
14/13:30:15,0.37,4.89,112.15,0.033,19.86,0.121,17335
14/13:30:15,0.37,4.89,112.16,0.033,19.86,0.121,17336
14/13:30:16,0.37,4.88,112.16,0.022,19.87,0.121,17337
14/13:30:17,0.37,4.89,112.16,0.0,19.87,0.121,17338
14/13:30:18,0.37,4.89,112.16,0.0,19.87,0.121,17339
14/13:30:18,0.37,4.89,112.15,0.0,19.87,0.121,17340
14/13:30:19,0.37,4.88,112.16,0.011,19.87,0.121,17341
14/13:30:20,0.37,4.86,112.15,0.011,19.87,0.121,17342
14/13:30:20,0.38,4.86,112.15,0.011,19.87,0.121,17343
14/13:30:21,0.37,4.85,112.15,0.0,19.87,0.121,17344
14/13:30:22,0.38,4.85,112.15,0.0,19.87,0.121,17345
14/13:30:22,0.38,4.85,112.16,0.011,19.87,0.121,17346
14/13:30:23,0.38,4.84,112.17,0.022,19.87,0.121,17347
14/13:30:24,0.38,4.84,112.17,0.033,19.87,0.121,17348
14/13:30:24,0.38,4.86,112.18,0.011,19.87,0.121,17349
14/13:30:25,0.37,4.85,112.18,0.0,19.87,0.121,17350
14/13:30:26,0.38,4.85,112.17,0.0,19.87,0.121,17351
14/13:30:26,0.38,4.85,112.17,0.011,19.88,0.121,17352
14/13:30:27,0.37,4.85,112.16,0.011,19.88,0.121,17353
14/13:30:28,0.37,4.85,112.16,0.011,19.88,0.121,17354
14/13:30:29,0.38,4.85,112.15,0.0,19.88,0.121,17355
14/13:30:29,0.37,4.85,112.16,0.0,19.88,0.121,17356
14/13:30:30,0.37,4.86,112.16,0.0,19.88,0.121,17357
14/13:30:31,0.37,4.86,112.15,0.0,19.88,0.121,17358
14/13:30:31,0.38,4.86,112.16,0.0,19.88,0.121,17359
14/13:30:32,0.38,4.86,112.16,0.0,19.88,0.121,17360
14/13:30:33,0.38,4.86,112.17,0.0,19.88,0.121,17361
14/13:30:33,0.38,4.86,112.17,0.011,19.88,0.121,17362
14/13:30:34,0.37,4.91,112.19,0.0,19.89,0.121,17363
14/13:30:35,0.37,4.91,112.19,0.0,19.89,0.121,17364
14/13:30:36,0.37,4.91,112.18,0.0,19.89,0.121,17365
14/13:30:37,0.37,4.91,112.18,0.0,19.89,0.121,17366
14/13:30:37,0.37,4.9,112.18,0.0,19.89,0.121,17367
14/13:30:38,0.37,4.9,112.19,0.0,19.9,0.121,17368
14/13:30:39,0.37,4.91,112.19,0.0,19.9,0.121,17369
14/13:30:39,0.37,4.91,112.19,0.0,19.9,0.121,17370
14/13:30:40,0.38,4.91,112.19,0.011,19.9,0.121,17371
14/13:30:41,0.38,4.91,112.19,0.011,19.9,0.121,17372
14/13:30:41,0.37,4.9,112.19,0.011,19.9,0.121,17373
14/13:30:42,0.38,4.9,112.19,0.011,19.9,0.121,17374
14/13:30:43,0.37,4.9,112.18,0.011,19.9,0.121,17375
14/13:30:44,0.37,4.89,112.18,0.022,19.9,0.121,17376
14/13:30:44,0.37,4.89,112.18,0.033,19.9,0.121,17377
14/13:30:45,0.37,4.89,112.19,0.033,19.9,0.121,17378
14/13:30:46,0.36,4.89,112.19,0.011,19.9,0.121,17379
14/13:30:46,0.37,4.9,112.19,0.011,19.9,0.121,17380
14/13:30:47,0.37,4.9,112.19,0.022,19.91,0.121,17381
14/13:30:48,0.37,4.91,112.19,0.011,19.91,0.121,17382
14/13:30:48,0.37,4.91,112.19,0.011,19.91,0.121,17383
14/13:30:49,0.37,4.92,112.18,0.011,19.91,0.121,17384
14/13:30:50,0.37,4.92,112.18,0.0,19.91,0.121,17385
14/13:30:50,0.37,4.92,112.19,0.011,19.91,0.121,17386
14/13:30:51,0.36,4.78,112.27,0.011,19.91,0.121,17387
14/13:30:52,0.31,4.38,112.49,0.022,19.91,0.121,17388
14/13:30:53,0.26,4.02,112.74,0.011,19.91,0.121,17389
14/13:30:53,0.23,3.75,112.91,0.011,19.91,0.121,17390
14/13:30:54,0.23,3.75,112.91,0.011,19.91,0.121,17391
14/13:30:55,0.23,3.75,112.92,0.011,19.91,0.121,17392
14/13:30:55,0.23,3.75,112.91,0.011,19.91,0.121,17393
14/13:30:56,0.23,3.75,112.91,0.0,19.91,0.121,17394
14/13:30:57,0.25,3.95,112.8,0.0,19.91,0.121,17395
14/13:30:58,0.28,4.37,112.53,0.0,19.91,0.121,17396
14/13:30:58,0.37,4.91,112.2,0.011,19.92,0.121,17397
14/13:30:59,0.37,4.91,112.2,0.0,19.92,0.121,17398
14/13:31:00,0.37,4.9,112.21,0.011,19.92,0.121,17399
14/13:31:00,0.37,4.9,112.21,0.011,19.92,0.121,17400
14/13:31:01,0.37,4.9,112.21,0.022,19.92,0.121,17401
14/13:31:02,0.37,4.91,112.22,0.0,19.92,0.121,17402
14/13:31:02,0.37,4.91,112.22,0.0,19.92,0.121,17403
14/13:31:03,0.37,4.9,112.22,0.011,19.92,0.121,17404
14/13:31:04,0.37,4.9,112.22,0.022,19.92,0.121,17405
14/13:31:04,0.37,4.9,112.23,0.011,19.92,0.121,17406
14/13:31:05,0.37,4.9,112.23,0.011,19.92,0.121,17407
14/13:31:06,0.37,4.9,112.23,0.011,19.92,0.121,17408
14/13:31:06,0.37,4.9,112.22,0.033,19.92,0.121,17409
14/13:31:07,0.37,4.9,112.22,0.022,19.92,0.121,17410
14/13:31:08,0.37,4.9,112.23,0.011,19.93,0.121,17411
14/13:31:08,0.37,4.9,112.22,0.011,19.93,0.121,17412
14/13:31:09,0.37,4.89,112.21,0.022,19.93,0.121,17413
14/13:31:10,0.37,4.89,112.21,0.022,19.93,0.121,17414
14/13:31:11,0.37,4.88,112.22,0.0,19.94,0.121,17415
14/13:31:11,0.37,4.88,112.23,0.011,19.94,0.121,17416
14/13:31:12,0.37,4.87,112.22,0.011,19.94,0.121,17417
14/13:31:13,0.37,4.87,112.22,0.022,19.94,0.121,17418
14/13:31:13,0.36,4.87,112.23,0.011,19.94,0.121,17419
14/13:31:14,0.36,4.87,112.23,0.0,19.94,0.121,17420
14/13:31:15,0.36,4.87,112.22,0.011,19.94,0.121,17421
14/13:31:16,0.36,4.87,112.22,0.022,19.94,0.121,17422
14/13:31:16,0.37,4.87,112.22,0.011,19.94,0.121,17423
14/13:31:17,0.37,4.87,112.22,0.0,19.94,0.121,17424
14/13:31:18,0.37,4.87,112.22,0.0,19.94,0.121,17425
14/13:31:18,0.37,4.87,112.22,0.0,19.94,0.121,17426
14/13:31:19,0.37,4.87,112.22,0.0,19.94,0.121,17427
14/13:31:20,0.37,4.87,112.22,0.0,19.95,0.121,17428
14/13:31:20,0.37,4.87,112.22,0.0,19.95,0.121,17429
14/13:31:21,0.37,4.87,112.23,0.0,19.95,0.121,17430
14/13:31:22,0.37,4.87,112.23,0.011,19.95,0.121,17431
14/13:31:22,0.37,4.87,112.23,0.011,19.95,0.121,17432
14/13:31:23,0.37,4.86,112.23,0.0,19.95,0.121,17433
14/13:31:24,0.37,4.86,112.23,0.0,19.95,0.121,17434
14/13:31:24,0.37,4.86,112.23,0.0,19.95,0.121,17435
14/13:31:25,0.37,4.86,112.22,0.0,19.95,0.121,17436
14/13:31:26,0.37,4.86,112.22,0.0,19.95,0.121,17437
14/13:31:26,0.37,4.86,112.21,2.805,19.95,0.121,17438
14/13:31:27,0.38,4.86,112.21,0.0,19.95,0.121,17439
14/13:31:28,0.37,4.87,112.22,0.0,19.95,0.121,17440
14/13:31:28,0.37,4.87,112.21,0.011,19.96,0.121,17441
14/13:31:29,0.37,4.87,112.22,0.0,19.96,0.121,17442
14/13:31:30,0.37,4.87,112.22,0.011,19.96,0.121,17443
14/13:31:30,0.37,4.86,112.22,0.022,19.96,0.121,17444
14/13:31:31,0.37,4.86,112.23,0.022,19.96,0.121,17445
14/13:31:32,0.37,4.86,112.22,0.011,19.96,0.121,17446
14/13:31:33,0.37,4.85,112.22,0.011,19.96,0.121,17447
14/13:31:33,0.38,4.85,112.22,0.011,19.96,0.121,17448
14/13:31:34,0.37,4.85,112.22,0.011,19.96,0.121,17449
14/13:31:35,0.37,4.85,112.22,0.011,19.96,0.121,17450
14/13:31:36,0.37,4.85,112.23,0.011,19.96,0.121,17451
14/13:31:36,0.37,4.85,112.23,0.0,19.96,0.121,17452
14/13:31:37,0.37,4.85,112.23,0.0,19.96,0.121,17453
14/13:31:37,0.37,4.86,112.23,0.011,19.96,0.121,17454
14/13:31:38,0.37,4.86,112.23,0.0,19.96,0.121,17455
14/13:31:39,0.36,4.86,112.23,0.0,19.97,0.121,17456
14/13:31:39,0.36,4.86,112.24,0.022,19.97,0.121,17457
14/13:31:40,0.37,4.86,112.25,0.022,19.97,0.121,17458
14/13:31:41,0.37,4.86,112.24,0.0,19.97,0.121,17459
14/13:31:42,0.37,4.86,112.25,0.011,19.97,0.121,17460
14/13:31:42,0.37,4.86,112.24,0.011,19.97,0.121,17461
14/13:31:43,0.37,4.86,112.24,0.011,19.97,0.121,17462
14/13:31:44,0.36,4.85,112.26,0.011,19.98,0.121,17463
14/13:31:44,0.36,4.85,112.26,0.0,19.98,0.121,17464
14/13:31:45,0.37,4.85,112.26,0.0,19.98,0.121,17465
14/13:31:46,0.37,4.86,112.25,0.0,19.98,0.121,17466
14/13:31:46,0.37,4.85,112.25,0.0,19.98,0.121,17467
14/13:31:48,0.37,4.86,112.24,0.011,19.98,0.121,17468
14/13:31:49,0.37,4.86,112.23,0.011,19.98,0.121,17469
14/13:31:50,0.37,4.86,112.24,0.011,19.98,0.121,17470
14/13:31:50,0.37,4.86,112.25,0.0,19.98,0.121,17471
14/13:31:51,0.37,4.86,112.25,0.011,19.98,0.121,17472
14/13:31:52,0.37,4.86,112.25,0.011,19.98,0.121,17473
14/13:31:53,0.37,4.85,112.26,0.011,19.98,0.121,17474
14/13:31:53,0.36,4.86,112.26,0.022,19.98,0.121,17475
14/13:31:54,0.36,4.85,112.26,0.011,19.99,0.121,17476
14/13:31:54,0.36,4.85,112.26,0.011,19.99,0.121,17477
14/13:31:55,0.37,4.85,112.26,0.011,19.99,0.121,17478
14/13:31:56,0.37,4.85,112.26,0.0,19.99,0.121,17479
14/13:31:56,0.37,4.85,112.27,0.0,19.99,0.121,17480
14/13:31:57,0.37,4.85,112.26,0.0,19.99,0.121,17481
14/13:31:58,0.37,4.85,112.25,0.0,19.99,0.121,17482
14/13:31:59,0.37,4.84,112.24,0.011,19.99,0.121,17483
14/13:31:59,0.38,4.84,112.24,0.011,19.99,0.121,17484
14/13:32:00,0.38,4.84,112.24,0.011,19.99,0.121,17485
14/13:32:01,0.37,4.84,112.24,0.0,19.99,0.121,17486
14/13:32:01,0.37,4.84,112.24,0.0,19.99,0.121,17487
14/13:32:02,0.37,4.84,112.24,0.0,19.99,0.121,17488
14/13:32:03,0.37,4.84,112.25,0.0,19.99,0.121,17489
14/13:32:03,0.37,4.84,112.25,0.0,19.99,0.121,17490
