Time,Current1,Current2,Voltage,Speed,SOC,Distance,2
17/12:13:58,11.09,3.26,108.41,76.692,20.54,33.99,3
17/12:13:58,11.27,3.26,108.4,76.703,20.54,34.012,4
17/12:13:59,11.18,3.25,108.41,76.747,20.54,34.023,5
17/12:13:59,11.18,3.25,108.42,76.824,20.53,34.034,6
17/12:14:00,11.32,3.25,108.41,76.868,20.53,34.045,7
17/12:14:00,11.08,3.24,108.42,76.934,20.53,34.056,8
17/12:14:01,11.18,3.23,108.43,76.978,20.53,34.067,9
17/12:14:01,11.36,3.24,108.43,76.934,20.53,34.078,10
17/12:14:01,11.0,3.23,108.42,77.132,20.53,34.1,11
17/12:14:02,11.11,3.24,108.44,76.989,20.52,34.122,12
17/12:14:02,11.19,3.24,108.43,77.121,20.52,34.133,13
17/12:14:03,11.16,3.24,108.42,77.253,20.52,34.144,14
17/12:14:03,11.08,3.24,108.41,77.242,20.52,34.155,15
17/12:14:04,11.07,3.24,108.43,77.198,20.52,34.166,16
17/12:14:04,11.15,3.24,108.44,77.297,20.52,34.177,17
17/12:14:05,11.27,3.25,108.45,77.451,20.52,34.188,18
17/12:14:05,11.19,3.24,108.43,77.407,20.52,34.199,19
17/12:14:06,11.1,3.24,108.42,77.451,20.52,34.21,20
17/12:14:06,11.02,3.26,108.42,77.616,20.51,34.221,21
17/12:14:07,11.05,3.27,108.44,77.748,20.51,34.243,22
17/12:14:08,10.89,3.26,108.42,77.737,20.51,34.254,23
17/12:14:08,10.95,3.27,108.41,77.737,20.51,34.265,24
17/12:14:09,11.16,3.27,108.42,77.77,20.51,34.276,25
17/12:14:09,11.27,3.28,108.43,77.913,20.51,34.287,26
17/12:14:10,11.23,3.27,108.42,77.946,20.51,34.309,27
17/12:14:10,11.18,3.25,108.42,77.924,20.51,34.32,28
17/12:14:11,11.04,3.26,108.39,77.913,20.5,34.331,29
17/12:14:12,11.14,3.26,108.39,77.935,20.5,34.342,30
17/12:14:12,11.38,3.26,108.39,77.968,20.5,34.353,31
17/12:14:12,11.42,3.26,108.41,78.089,20.5,34.364,32
17/12:14:13,11.21,3.27,108.4,78.21,20.5,34.375,33
17/12:14:13,11.1,3.26,108.39,78.276,20.5,34.386,34
17/12:14:14,10.96,3.26,108.4,78.342,20.5,34.397,35
17/12:14:14,10.94,3.26,108.41,78.364,20.5,34.408,36
17/12:14:16,11.17,3.24,108.41,78.452,20.49,34.43,37
17/12:14:16,10.97,3.23,108.41,78.397,20.49,34.441,38
17/12:14:17,10.84,3.22,108.4,78.32,20.49,34.452,39
17/12:14:18,11.06,3.22,108.41,78.298,20.49,34.474,40
17/12:14:18,11.06,3.22,108.41,78.353,20.49,34.485,41
17/12:14:19,11.14,3.23,108.41,78.32,20.49,34.507,42
17/12:14:20,10.93,3.24,108.41,78.199,20.48,34.518,43
17/12:14:20,10.89,3.24,108.4,78.089,20.48,34.529,44
17/12:14:21,11.2,3.26,108.41,77.858,20.48,34.54,45
17/12:14:22,11.28,3.26,108.4,77.814,20.48,34.551,46
17/12:14:22,11.28,3.27,108.38,77.88,20.48,34.573,47
17/12:14:23,11.1,3.26,108.39,77.88,20.48,34.584,48
17/12:14:23,11.3,3.27,108.41,77.77,20.48,34.595,49
17/12:14:24,11.3,3.28,108.41,77.715,20.47,34.617,50
17/12:14:25,11.19,3.28,108.41,77.792,20.47,34.639,51
17/12:14:25,10.97,3.28,108.4,77.748,20.47,34.65,52
17/12:14:26,11.14,3.3,108.4,77.704,20.47,34.661,53
17/12:14:27,11.36,3.3,108.4,77.693,20.47,34.672,54
17/12:14:28,11.39,3.3,108.39,77.825,20.47,34.694,55
17/12:14:29,11.41,3.28,108.39,77.715,20.46,34.716,56
17/12:14:29,11.52,3.28,108.38,77.671,20.46,34.716,57
17/12:14:30,11.82,3.28,108.39,77.748,20.46,34.727,58
17/12:14:30,11.67,3.26,108.39,77.759,20.46,34.749,59
17/12:14:31,11.39,3.25,108.38,77.715,20.46,34.76,60
17/12:14:32,11.28,3.24,108.38,77.726,20.46,34.771,61
17/12:14:32,11.23,3.23,108.38,77.726,20.46,34.782,62
17/12:14:32,11.47,3.24,108.39,77.803,20.46,34.793,63
17/12:14:33,11.34,3.24,108.39,77.803,20.45,34.804,64
17/12:14:34,11.19,3.24,108.4,77.737,20.45,34.815,65
17/12:14:34,10.85,3.24,108.38,77.726,20.45,34.826,66
17/12:14:35,10.94,3.23,108.38,77.682,20.45,34.848,67
17/12:14:36,11.18,3.24,108.38,77.671,20.45,34.859,68
17/12:14:36,11.14,3.24,108.38,77.737,20.45,34.87,69
17/12:14:37,11.05,3.23,108.37,77.649,20.45,34.892,70
17/12:14:38,11.19,3.23,108.37,77.616,20.43,34.903,71
17/12:14:38,11.33,3.23,108.37,77.682,20.43,34.914,72
17/12:14:39,11.39,3.23,108.36,77.77,20.43,34.925,73
17/12:14:39,11.03,3.23,108.37,77.759,20.43,34.936,74
17/12:14:40,10.77,3.23,108.35,77.759,20.43,34.958,75
17/12:14:40,10.86,3.24,108.35,77.715,20.43,34.969,76
17/12:14:41,11.03,3.24,108.36,77.671,20.43,34.98,77
17/12:14:41,11.01,3.25,108.36,77.748,20.43,34.991,78
17/12:14:42,10.92,3.25,108.36,77.594,20.42,35.013,79
17/12:14:43,11.03,3.25,108.35,77.506,20.42,35.024,80
17/12:14:43,11.45,3.25,108.36,77.605,20.42,35.035,81
17/12:14:44,11.61,3.25,108.36,77.561,20.42,35.046,82
17/12:14:45,11.43,3.24,108.35,77.506,20.42,35.057,83
17/12:14:45,11.43,3.24,108.35,77.451,20.42,35.068,84
17/12:14:46,11.47,3.23,108.35,77.506,20.42,35.101,85
17/12:14:48,11.38,3.23,108.35,77.528,20.42,35.123,86
17/12:14:48,11.34,3.24,108.34,77.495,20.42,35.134,87
17/12:14:49,11.54,3.23,108.35,77.396,20.42,35.145,88
17/12:14:50,11.48,3.24,108.34,77.352,20.42,35.167,89
17/12:14:50,11.43,3.23,108.35,77.396,20.42,35.178,90
17/12:14:51,11.43,3.25,108.34,77.297,20.41,35.189,91
17/12:14:52,11.21,3.25,108.33,77.275,20.41,35.2,92
17/12:14:52,11.12,3.24,108.33,77.297,20.41,35.211,93
17/12:14:52,11.08,3.25,108.35,77.198,20.41,35.222,94
17/12:14:53,11.1,3.25,108.35,77.121,20.41,35.233,95
17/12:14:53,11.01,3.25,108.35,77.143,20.41,35.244,96
17/12:14:55,10.94,3.26,108.34,77.121,20.41,35.277,97
17/12:14:56,10.99,3.26,108.35,77.209,20.4,35.288,98
17/12:14:56,11.04,3.26,108.35,77.308,20.4,35.299,99
17/12:14:57,11.07,3.25,108.33,77.264,20.4,35.31,100
17/12:14:57,11.0,3.24,108.33,77.176,20.4,35.321,101
17/12:14:58,11.08,3.25,108.33,77.132,20.4,35.332,102
17/12:14:58,11.22,3.24,108.31,77.22,20.4,35.343,103
17/12:14:59,11.27,3.24,108.3,77.231,20.4,35.354,104
17/12:15:00,11.04,3.24,108.3,77.231,20.4,35.376,105
17/12:15:00,11.22,3.26,108.3,77.22,20.39,35.398,106
17/12:15:01,11.26,3.26,108.31,77.22,20.39,35.409,107
17/12:15:01,11.04,3.27,108.31,77.308,20.39,35.42,108
17/12:15:02,11.27,3.27,108.32,77.198,20.39,35.442,109
17/12:15:03,11.36,3.27,108.33,77.286,20.39,35.453,110
17/12:15:04,11.13,3.27,108.35,77.407,20.39,35.475,111
17/12:15:04,11.14,3.27,108.35,77.396,20.38,35.486,112
17/12:15:05,11.33,3.28,108.35,77.451,20.38,35.497,113
17/12:15:06,11.51,3.31,108.35,77.462,20.38,35.508,114
17/12:15:06,11.26,3.34,108.36,77.363,20.38,35.508,115
17/12:15:07,11.15,3.36,108.35,77.264,20.38,35.53,116
17/12:15:07,11.23,3.38,108.35,77.253,20.38,35.541,117
17/12:15:08,11.53,3.41,108.34,77.495,20.38,35.563,118
17/12:15:09,11.19,3.43,108.33,77.517,20.38,35.574,119
17/12:15:09,11.15,3.42,108.34,77.495,20.37,35.585,120
17/12:15:10,11.3,3.42,108.35,77.539,20.37,35.596,121
17/12:15:10,11.41,3.41,108.34,77.66,20.37,35.607,122
17/12:15:11,11.25,3.42,108.34,77.77,20.37,35.618,123
17/12:15:11,10.97,3.41,108.34,77.748,20.37,35.629,124
17/12:15:12,11.16,3.4,108.35,77.693,20.37,35.64,125
17/12:15:13,11.21,3.4,108.34,77.869,20.37,35.662,126
17/12:15:14,11.03,3.41,108.33,77.891,20.36,35.673,127
17/12:15:14,10.98,3.41,108.32,77.869,20.36,35.684,128
17/12:15:15,11.19,3.41,108.32,77.88,20.36,35.695,129
17/12:15:15,11.17,3.41,108.33,77.946,20.36,35.706,130
17/12:15:16,11.1,3.41,108.32,78.045,20.36,35.717,131
17/12:15:16,11.03,3.41,108.32,78.001,20.36,35.728,132
17/12:15:17,11.28,3.41,108.33,77.935,20.36,35.739,133
17/12:15:18,11.41,3.4,108.35,78.001,20.36,35.772,134
17/12:15:18,11.21,3.39,108.35,77.979,20.35,35.783,135
17/12:15:19,11.12,3.38,108.35,77.99,20.35,35.805,136
17/12:15:21,11.22,3.39,108.35,78.078,20.35,35.827,137
17/12:15:21,11.07,3.4,108.33,78.221,20.35,35.849,138
17/12:15:22,11.02,3.4,108.34,78.21,20.35,35.86,139
17/12:15:22,11.06,3.42,108.33,78.177,20.35,35.871,140
17/12:15:23,11.41,3.41,108.34,78.122,20.34,35.893,141
17/12:15:24,11.27,3.41,108.34,78.177,20.34,35.904,142
17/12:15:25,11.01,3.39,108.34,78.166,20.34,35.915,143
17/12:15:25,10.87,3.39,108.35,78.078,20.34,35.926,144
17/12:15:25,10.96,3.38,108.36,78.045,20.34,35.937,145
17/12:15:26,11.13,3.38,108.35,78.089,20.34,35.948,146
17/12:15:26,11.25,3.37,108.36,78.089,20.34,35.959,147
17/12:15:27,11.09,3.38,108.34,78.078,20.34,35.97,148
17/12:15:28,10.89,3.37,108.34,78.023,20.33,35.981,149
17/12:15:28,11.16,3.37,108.34,77.946,20.33,35.992,150
17/12:15:30,11.54,3.39,108.32,77.957,20.33,36.014,151
17/12:15:30,11.54,3.4,108.31,78.045,20.33,36.036,152
17/12:15:30,11.35,3.41,108.3,78.155,20.33,36.047,153
17/12:15:31,11.15,3.4,108.3,78.012,20.33,36.058,154
17/12:15:31,11.19,3.4,108.3,77.913,20.33,36.058,155
17/12:15:32,11.41,3.4,108.31,77.924,20.32,36.08,156
17/12:15:33,10.91,3.38,108.3,78.023,20.32,36.113,157
17/12:15:34,10.91,3.38,108.28,77.957,20.32,36.124,158
17/12:15:35,11.07,3.36,108.28,77.913,20.32,36.135,159
17/12:15:35,11.32,3.36,108.28,77.957,20.32,36.146,160
17/12:15:36,11.28,3.36,108.28,78.034,20.32,36.157,161
17/12:15:36,11.02,3.37,108.27,78.111,20.32,36.168,162
17/12:15:37,10.79,3.37,108.27,78.067,20.31,36.179,163
17/12:15:37,10.8,3.37,108.28,78.045,20.31,36.19,164
17/12:15:38,11.17,3.37,108.28,77.957,20.31,36.201,165
17/12:15:38,11.2,3.37,108.3,77.935,20.31,36.212,166
17/12:15:39,11.07,3.37,108.3,77.88,20.31,36.223,167
17/12:15:40,10.83,3.36,108.31,77.924,20.31,36.245,168
17/12:15:40,11.05,3.35,108.32,77.902,20.31,36.256,169
17/12:15:41,11.34,3.35,108.32,77.891,20.31,36.267,170
17/12:15:42,11.32,3.35,108.34,78.001,20.3,36.278,171
17/12:15:42,11.13,3.34,108.32,78.078,20.3,36.289,172
17/12:15:43,11.25,3.34,108.32,78.023,20.3,36.3,173
17/12:15:44,11.45,3.36,108.32,78.111,20.3,36.333,174
17/12:15:45,11.46,3.35,108.33,78.023,20.3,36.355,175
17/12:15:45,11.47,3.35,108.32,78.056,20.29,36.366,176
17/12:15:46,11.44,3.36,108.31,78.155,20.29,36.377,177
17/12:15:47,11.16,3.36,108.32,78.166,20.29,36.399,178
17/12:15:47,11.1,3.36,108.32,78.166,20.29,36.41,179
17/12:15:48,11.21,3.37,108.32,78.122,20.29,36.432,180
17/12:15:49,11.06,3.39,108.3,78.232,20.29,36.454,181
17/12:15:50,11.18,3.4,108.3,78.155,20.28,36.476,182
17/12:15:51,11.33,3.41,108.28,78.254,20.28,36.487,183
17/12:15:52,11.15,3.39,108.28,78.232,20.28,36.509,184
17/12:15:53,11.07,3.39,108.28,78.265,20.28,36.52,185
17/12:15:53,11.02,3.39,108.27,78.254,20.28,36.531,186
17/12:15:53,11.06,3.39,108.28,78.221,20.28,36.542,187
17/12:15:54,11.02,3.36,108.27,78.188,20.28,36.553,188
17/12:15:54,10.84,3.37,108.28,78.254,20.28,36.564,189
17/12:15:55,10.95,3.36,108.28,78.177,20.27,36.575,190
17/12:15:55,11.1,3.36,108.27,78.199,20.27,36.586,191
17/12:15:56,11.11,3.35,108.27,78.243,20.27,36.597,192
17/12:15:57,10.97,3.33,108.28,78.122,20.27,36.608,193
17/12:15:57,11.01,3.33,108.27,78.034,20.27,36.608,194
17/12:15:58,11.31,3.33,108.26,77.968,20.27,36.63,195
17/12:15:58,11.47,3.33,108.27,78.1,20.27,36.641,196
17/12:15:59,11.34,3.33,108.26,78.034,20.27,36.663,197
17/12:16:00,11.46,3.33,108.27,77.968,20.26,36.674,198
17/12:16:00,11.7,3.34,108.27,77.99,20.26,36.685,199
17/12:16:01,11.56,3.33,108.28,77.924,20.26,36.707,200
17/12:16:03,11.36,3.32,108.3,77.968,20.26,36.74,201
17/12:16:03,11.34,3.33,108.3,77.957,20.26,36.74,202
17/12:16:03,11.22,3.33,108.3,77.924,20.26,36.762,203
17/12:16:04,10.91,3.32,108.3,77.836,20.25,36.773,204
17/12:16:05,10.83,3.32,108.31,77.781,20.25,36.784,205
17/12:16:06,11.06,3.34,108.28,77.836,20.25,36.806,206
17/12:16:06,11.14,3.34,108.27,77.836,20.25,36.817,207
17/12:16:07,11.02,3.34,108.27,77.748,20.25,36.828,208
17/12:16:07,10.94,3.34,108.28,77.726,20.25,36.839,209
17/12:16:08,11.18,3.34,108.28,77.792,20.25,36.85,210
17/12:16:08,11.42,3.34,108.27,77.803,20.25,36.861,211
17/12:16:09,11.38,3.33,108.27,77.726,20.24,36.872,212
17/12:16:09,11.06,3.32,108.28,77.682,20.24,36.883,213
17/12:16:10,10.95,3.32,108.28,77.616,20.24,36.894,214
17/12:16:10,10.88,3.32,108.28,77.627,20.24,36.905,215
17/12:16:11,11.08,3.32,108.28,77.605,20.24,36.916,216
17/12:16:12,11.36,3.32,108.27,77.627,20.24,36.916,217
17/12:16:12,10.99,3.32,108.25,77.748,20.24,36.949,218
17/12:16:13,10.93,3.32,108.24,77.726,20.23,36.96,219
17/12:16:13,11.02,3.31,108.24,77.726,20.23,36.971,220
17/12:16:14,11.26,3.3,108.23,77.594,20.23,36.993,221
17/12:16:15,11.04,3.31,108.22,77.649,20.23,37.004,222
17/12:16:16,10.87,3.31,108.24,77.627,20.23,37.015,223
17/12:16:16,10.94,3.31,108.25,77.649,20.23,37.026,224
17/12:16:17,11.03,3.31,108.26,77.66,20.23,37.037,225
17/12:16:17,11.09,3.32,108.28,77.627,20.23,37.048,226
17/12:16:17,10.97,3.31,108.27,77.616,20.22,37.059,227
17/12:16:18,10.93,3.32,108.27,77.616,20.22,37.07,228
17/12:16:19,10.94,3.33,108.27,77.693,20.22,37.103,229
17/12:16:20,10.92,3.31,108.26,77.715,20.22,37.114,230
17/12:16:20,10.99,3.32,108.25,77.682,20.22,37.125,231
17/12:16:21,10.92,3.31,108.24,77.693,20.22,37.136,232
17/12:16:22,10.91,3.3,108.23,77.715,20.22,37.147,233
17/12:16:22,11.19,3.32,108.23,77.616,20.21,37.169,234
17/12:16:23,11.17,3.3,108.23,77.682,20.21,37.18,235
17/12:16:23,11.3,3.31,108.23,77.616,20.21,37.191,236
17/12:16:24,11.28,3.31,108.23,77.495,20.21,37.202,237
17/12:16:25,11.27,3.31,108.23,77.517,20.21,37.213,238
17/12:16:25,11.35,3.31,108.24,77.616,20.21,37.224,239
17/12:16:26,11.0,3.31,108.23,77.737,20.21,37.246,240
17/12:16:27,11.04,3.31,108.24,77.704,20.21,37.257,241
17/12:16:27,11.12,3.33,108.23,77.715,20.2,37.268,242
17/12:16:28,11.07,3.33,108.24,77.726,20.2,37.279,243
17/12:16:28,10.99,3.32,108.24,77.627,20.2,37.29,244
17/12:16:29,10.77,3.32,108.24,77.583,20.2,37.301,245
17/12:16:29,10.91,3.33,108.23,77.495,20.2,37.312,246
17/12:16:30,11.11,3.32,108.24,77.517,20.2,37.323,247
17/12:16:31,10.84,3.31,108.25,77.561,20.2,37.356,248
17/12:16:32,10.94,3.3,108.24,77.517,20.19,37.367,249
17/12:16:32,11.1,3.31,108.23,77.517,20.19,37.378,250
17/12:16:33,11.05,3.33,108.23,77.451,20.19,37.389,251
17/12:16:33,10.78,3.32,108.22,77.297,20.19,37.4,252
17/12:16:34,10.65,3.33,108.23,77.209,20.19,37.411,253
17/12:16:35,10.7,3.34,108.25,77.264,20.19,37.422,254
17/12:16:35,10.69,3.34,108.26,77.385,20.19,37.433,255
17/12:16:36,10.7,3.35,108.26,77.352,20.19,37.455,256
17/12:16:36,10.7,3.36,108.26,77.231,20.19,37.466,257
17/12:16:37,10.91,3.36,108.27,77.187,20.18,37.477,258
17/12:16:37,11.03,3.35,108.27,77.198,20.18,37.499,259
17/12:16:38,11.07,3.35,108.26,77.176,20.18,37.51,260
17/12:16:39,11.26,3.35,108.25,77.187,20.18,37.521,261
17/12:16:39,11.42,3.35,108.25,77.231,20.18,37.532,262
17/12:16:40,11.3,3.35,108.24,77.11,20.18,37.554,263
17/12:16:41,11.16,3.35,108.24,77.132,20.17,37.565,264
17/12:16:42,11.36,3.35,108.28,77.242,20.17,37.576,265
17/12:16:42,11.38,3.35,108.27,77.308,20.17,37.587,266
17/12:16:43,10.99,3.35,108.28,77.209,20.17,37.609,267
17/12:16:44,11.05,3.33,108.27,77.286,20.17,37.642,268
17/12:16:45,10.93,3.34,108.26,77.209,20.17,37.653,269
17/12:16:45,11.0,3.34,108.22,77.176,20.16,37.664,270
17/12:16:46,11.14,3.34,108.22,77.187,20.16,37.675,271
17/12:16:47,11.19,3.34,108.23,77.187,20.16,37.686,272
17/12:16:48,11.25,3.34,108.2,77.22,20.16,37.708,273
17/12:16:48,11.38,3.33,108.21,77.242,20.16,37.708,274
17/12:16:49,11.52,3.33,108.22,77.055,20.16,37.741,275
17/12:16:50,11.3,3.33,108.24,77.0,20.16,37.752,276
17/12:16:50,11.12,3.33,108.24,77.0,20.14,37.763,277
17/12:16:51,11.16,3.33,108.23,76.967,20.14,37.774,278
17/12:16:51,11.27,3.31,108.22,76.978,20.14,37.785,279
17/12:16:52,11.11,3.33,108.22,76.956,20.14,37.796,280
17/12:16:52,10.99,3.32,108.22,76.923,20.14,37.807,281
17/12:16:54,11.07,3.32,108.24,76.758,20.14,37.829,282
17/12:16:54,11.09,3.31,108.23,76.769,20.14,37.84,283
17/12:16:55,11.19,3.31,108.23,76.747,20.14,37.851,284
17/12:16:55,11.25,3.32,108.23,76.648,20.14,37.862,285
17/12:16:56,11.02,3.31,108.24,76.494,20.14,37.884,286
17/12:16:57,11.16,3.32,108.24,76.274,20.14,37.895,287
17/12:16:57,11.13,3.32,108.21,76.263,20.14,37.906,288
17/12:16:58,10.96,3.31,108.21,76.186,20.14,37.917,289
17/12:16:58,11.12,3.32,108.21,76.01,20.14,37.928,290
17/12:16:58,11.07,3.31,108.2,75.922,20.14,37.939,291
17/12:16:59,10.95,3.32,108.21,75.856,20.13,37.95,292
17/12:17:00,11.1,3.32,108.2,75.735,20.13,37.961,293
17/12:17:00,11.12,3.31,108.2,75.713,20.13,37.972,294
17/12:17:01,11.18,3.31,108.2,75.603,20.13,37.994,295
17/12:17:01,11.12,3.31,108.22,75.537,20.13,37.994,296
17/12:17:02,11.21,3.31,108.22,75.471,20.13,38.016,297
17/12:17:02,11.14,3.3,108.23,75.46,20.13,38.016,298
17/12:17:03,11.08,3.3,108.22,75.361,20.13,38.016,299
17/12:17:03,11.27,3.31,108.21,75.306,20.13,38.027,300
17/12:17:04,11.09,3.3,108.24,75.229,20.12,38.06,301
17/12:17:04,11.28,3.31,108.23,75.174,20.12,38.06,302
17/12:17:05,11.15,3.31,108.22,75.097,20.12,38.071,303
17/12:17:05,11.17,3.31,108.2,75.053,20.12,38.093,304
17/12:17:07,11.09,3.32,108.2,74.888,20.12,38.104,305
17/12:17:07,11.23,3.34,108.21,74.91,20.12,38.126,306
17/12:17:08,11.03,3.33,108.2,74.976,20.12,38.126,307
17/12:17:08,11.22,3.33,108.18,74.921,20.11,38.137,308
17/12:17:09,11.01,3.32,108.19,74.855,20.11,38.148,309
17/12:17:09,11.13,3.32,108.17,74.855,20.11,38.159,310
17/12:17:10,11.05,3.33,108.19,74.8,20.11,38.17,311
17/12:17:10,11.08,3.31,108.19,74.932,20.11,38.181,312
17/12:17:11,11.09,3.28,108.19,74.965,20.11,38.192,313
17/12:17:11,11.17,3.28,108.19,74.965,20.11,38.203,314
17/12:17:12,11.14,3.28,108.2,74.855,20.11,38.214,315
17/12:17:12,11.06,3.31,108.19,74.811,20.11,38.225,316
17/12:17:13,11.15,3.31,108.2,74.844,20.1,38.236,317
17/12:17:13,10.99,3.32,108.2,74.965,20.1,38.247,318
17/12:17:14,11.17,3.33,108.19,74.987,20.1,38.258,319
17/12:17:15,11.09,3.34,108.2,74.921,20.1,38.269,320
17/12:17:15,11.15,3.35,108.2,74.91,20.1,38.28,321
17/12:17:16,11.01,3.35,108.21,74.91,20.1,38.291,322
17/12:17:16,11.12,3.35,108.21,74.954,20.1,38.302,323
17/12:17:17,11.07,3.34,108.21,75.009,20.1,38.313,324
17/12:17:17,11.04,3.34,108.21,75.097,20.1,38.324,325
17/12:17:18,11.01,3.33,108.21,75.042,20.09,38.335,326
17/12:17:18,10.95,3.33,108.2,75.031,20.09,38.346,327
17/12:17:19,11.11,3.33,108.2,75.108,20.09,38.357,328
17/12:17:19,10.94,3.33,108.19,75.141,20.09,38.368,329
17/12:17:20,11.08,3.32,108.18,75.141,20.09,38.379,330
17/12:17:21,11.15,3.32,108.19,75.295,20.09,38.401,331
17/12:17:21,11.11,3.32,108.19,75.273,20.09,38.412,332
17/12:17:22,11.16,3.31,108.17,75.383,20.09,38.423,333
17/12:17:22,11.1,3.31,108.18,75.449,20.08,38.434,334
17/12:17:23,11.09,3.31,108.17,75.46,20.08,38.445,335
17/12:17:23,11.17,3.31,108.17,75.515,20.08,38.456,336
17/12:17:24,11.06,3.31,108.17,75.526,20.08,38.467,337
17/12:17:25,11.02,3.31,108.16,75.548,20.08,38.489,338
17/12:17:25,10.87,3.28,108.2,75.559,20.08,38.5,339
17/12:17:26,10.27,3.24,108.27,75.559,20.08,38.511,340
17/12:17:27,9.71,3.18,108.34,75.603,20.08,38.522,341
17/12:17:27,9.26,3.14,108.4,75.57,20.07,38.533,342
17/12:17:27,8.78,3.1,108.46,75.559,20.07,38.544,343
17/12:17:28,8.82,3.09,108.46,75.504,20.07,38.555,344
17/12:17:29,8.85,3.1,108.46,75.504,20.07,38.566,345
17/12:17:30,9.39,3.12,108.41,75.581,20.07,38.588,346
17/12:17:30,10.22,3.19,108.31,75.647,20.07,38.599,347
17/12:17:31,10.85,3.24,108.24,75.713,20.07,38.61,348
17/12:17:32,11.46,3.28,108.16,75.735,20.07,38.621,349
17/12:17:33,12.19,3.32,108.05,75.977,20.06,38.654,350
17/12:17:33,12.14,3.31,108.03,75.988,20.06,38.665,351
17/12:17:34,12.19,3.31,108.02,76.021,20.06,38.676,352
17/12:17:34,12.19,3.32,108.03,76.087,20.06,38.687,353
17/12:17:35,12.2,3.33,108.02,76.208,20.06,38.698,354
17/12:17:36,12.39,3.33,108.05,76.329,20.05,38.72,355
17/12:17:36,12.26,3.33,108.05,76.472,20.05,38.731,356
17/12:17:37,12.2,3.32,108.04,76.472,20.05,38.742,357
17/12:17:38,12.27,3.33,108.06,76.516,20.05,38.764,358
17/12:17:38,12.27,3.33,108.06,76.56,20.05,38.775,359
17/12:17:39,12.25,3.32,108.05,76.736,20.05,38.775,360
17/12:17:39,12.24,3.31,108.04,76.813,20.05,38.786,361
17/12:17:40,12.25,3.32,108.03,76.802,20.05,38.808,362
17/12:17:40,12.21,3.32,108.03,76.835,20.04,38.808,363
17/12:17:41,12.15,3.31,108.05,76.901,20.04,38.83,364
17/12:17:42,12.22,3.31,108.05,76.89,20.04,38.852,365
17/12:17:42,12.22,3.31,108.03,77.0,20.04,38.863,366
17/12:17:43,12.26,3.31,108.03,77.198,20.04,38.874,367
17/12:17:44,12.2,3.32,108.06,77.297,20.04,38.896,368
17/12:17:44,12.2,3.32,108.06,77.297,20.03,38.907,369
17/12:17:45,12.22,3.32,108.06,77.341,20.03,38.918,370
17/12:17:45,12.22,3.33,108.05,77.429,20.03,38.929,371
17/12:17:46,12.03,3.31,108.05,77.44,20.03,38.94,372
17/12:17:46,12.01,3.31,108.05,77.462,20.03,38.951,373
17/12:17:47,11.98,3.31,108.05,77.517,20.03,38.962,374
17/12:17:47,11.99,3.31,108.03,77.561,20.03,38.973,375
17/12:17:48,11.86,3.3,108.03,77.572,20.03,38.984,376
17/12:17:49,11.86,3.31,108.02,77.616,20.02,38.995,377
17/12:17:50,11.9,3.31,108.01,77.814,20.02,39.017,378
17/12:17:50,11.93,3.31,108.01,77.748,20.02,39.028,379
17/12:17:51,11.96,3.31,108.02,77.693,20.02,39.039,380
17/12:17:51,12.03,3.31,108.03,77.781,20.02,39.05,381
17/12:17:52,12.13,3.3,108.04,77.594,20.02,39.072,382
17/12:17:53,12.25,3.31,108.05,77.528,20.01,39.083,383
17/12:17:53,12.31,3.31,108.06,77.66,20.01,39.094,384
17/12:17:54,12.41,3.31,108.06,77.781,20.01,39.105,385
17/12:17:54,12.23,3.31,108.06,77.726,20.01,39.116,386
17/12:17:55,12.22,3.31,108.06,77.649,20.01,39.116,387
17/12:17:55,12.41,3.32,108.04,77.616,20.01,39.127,388
17/12:17:57,12.08,3.31,108.01,77.495,20.0,39.171,389
17/12:17:58,12.28,3.31,108.01,77.473,20.0,39.182,390
17/12:17:58,12.32,3.32,108.02,77.462,20.0,39.193,391
17/12:17:59,12.38,3.33,108.02,77.517,20.0,39.204,392
17/12:17:59,12.2,3.33,108.03,77.55,20.0,39.215,393
17/12:18:00,12.23,3.33,108.03,77.484,20.0,39.237,394
17/12:18:00,12.34,3.34,108.03,77.418,20.0,39.248,395
17/12:18:01,12.31,3.35,108.03,77.44,19.99,39.259,396
17/12:18:01,12.22,3.35,108.03,77.451,19.99,39.27,397
17/12:18:02,12.02,3.36,108.02,77.363,19.99,39.281,398
17/12:18:02,12.04,3.36,108.03,77.352,19.99,39.292,399
17/12:18:03,12.09,3.35,108.02,77.374,19.99,39.303,400
17/12:18:04,11.77,3.34,108.0,77.286,19.99,39.325,401
17/12:18:05,12.09,3.32,108.01,77.209,19.98,39.347,402
17/12:18:06,12.19,3.33,108.01,77.264,19.98,39.358,403
17/12:18:07,12.18,3.34,107.99,77.231,19.98,39.38,404
17/12:18:07,12.31,3.35,108.0,77.275,19.98,39.391,405
17/12:18:07,12.42,3.36,108.01,77.33,19.98,39.402,406
17/12:18:08,12.41,3.35,108.01,77.297,19.98,39.413,407
17/12:18:09,12.16,3.35,107.99,77.176,19.97,39.424,408
17/12:18:09,12.2,3.34,107.99,77.132,19.97,39.446,409
17/12:18:10,12.18,3.34,107.99,77.088,19.97,39.457,410
17/12:18:11,12.12,3.31,107.99,77.0,19.97,39.479,411
17/12:18:12,12.11,3.31,107.99,76.868,19.97,39.49,412
17/12:18:12,12.16,3.31,107.98,76.791,19.97,39.501,413
17/12:18:13,12.28,3.3,107.97,76.758,19.96,39.512,414
17/12:18:13,12.22,3.3,107.97,76.824,19.96,39.523,415
17/12:18:14,12.28,3.28,107.97,76.824,19.96,39.534,416
17/12:18:14,12.31,3.28,107.97,76.824,19.96,39.545,417
17/12:18:15,12.33,3.28,107.98,76.846,19.96,39.556,418
17/12:18:16,12.34,3.3,107.98,76.956,19.96,39.567,419
17/12:18:16,12.38,3.3,107.97,76.89,19.96,39.578,420
17/12:18:16,12.35,3.3,107.97,76.846,19.95,39.589,421
17/12:18:17,12.39,3.33,107.98,77.0,19.95,39.6,422
17/12:18:17,12.48,3.35,107.97,77.011,19.95,39.611,423
17/12:18:18,12.4,3.37,107.97,76.846,19.95,39.622,424
17/12:18:19,12.4,3.39,107.95,76.824,19.95,39.633,425
17/12:18:19,12.44,3.4,107.94,76.769,19.95,39.644,426
17/12:18:20,12.39,3.41,107.96,76.857,19.95,39.666,427
17/12:18:21,12.38,3.42,107.96,76.824,19.94,39.677,428
17/12:18:21,12.23,3.4,107.97,76.791,19.94,39.688,429
17/12:18:22,12.28,3.39,107.98,76.868,19.94,39.699,430
17/12:18:22,12.25,3.37,107.99,76.857,19.94,39.71,431
17/12:18:23,12.27,3.36,108.0,76.835,19.94,39.721,432
17/12:18:23,12.22,3.36,107.99,76.835,19.94,39.732,433
17/12:18:24,12.23,3.35,107.97,76.934,19.94,39.743,434
17/12:18:24,12.2,3.35,107.96,76.89,19.93,39.765,435
17/12:18:25,12.32,3.35,107.96,76.791,19.93,39.776,436
17/12:18:25,12.17,3.35,107.95,76.758,19.93,39.787,437
17/12:18:26,12.15,3.36,107.95,76.802,19.93,39.798,438
17/12:18:26,12.23,3.36,107.95,76.835,19.93,39.809,439
17/12:18:27,12.25,3.37,107.96,76.846,19.93,39.82,440
17/12:18:27,12.16,3.36,107.95,76.835,19.93,39.831,441
17/12:18:28,12.1,3.35,107.96,76.78,19.93,39.842,442
17/12:18:29,12.27,3.35,107.96,76.758,19.92,39.853,443
17/12:18:29,12.33,3.35,107.97,76.802,19.92,39.864,444
17/12:18:30,12.34,3.35,107.98,76.835,19.92,39.875,445
17/12:18:30,12.34,3.35,107.98,76.791,19.92,39.886,446
17/12:18:31,12.32,3.34,107.97,76.824,19.92,39.897,447
17/12:18:31,12.28,3.34,107.96,76.901,19.92,39.908,448
17/12:18:32,12.32,3.33,107.96,76.923,19.92,39.93,449
17/12:18:33,12.26,3.33,107.96,76.901,19.91,39.941,450
17/12:18:34,12.07,3.33,107.94,77.022,19.91,39.963,451
17/12:18:34,12.13,3.33,107.94,76.956,19.91,39.974,452
17/12:18:35,12.07,3.33,107.96,76.978,19.91,39.996,453
17/12:18:36,12.0,3.34,107.97,77.0,19.91,40.007,454
17/12:18:36,12.19,3.34,107.97,76.945,19.91,40.018,455
17/12:18:37,12.24,3.35,107.96,76.945,19.9,40.029,456
17/12:18:38,12.45,3.34,107.97,77.044,19.9,40.051,457
17/12:18:39,12.6,3.35,107.96,77.11,19.9,40.073,458
17/12:18:40,12.57,3.34,107.93,77.121,19.9,40.084,459
17/12:18:40,12.8,3.35,107.91,77.143,19.9,40.095,460
17/12:18:41,12.81,3.36,107.91,77.231,19.89,40.106,461
17/12:18:41,12.74,3.36,107.87,77.231,19.89,40.117,462
17/12:18:42,12.63,3.36,107.87,77.264,19.89,40.139,463
17/12:18:43,12.56,3.35,107.87,77.396,19.89,40.15,464
17/12:18:43,12.63,3.36,107.86,77.473,19.89,40.161,465
17/12:18:44,12.66,3.36,107.85,77.506,19.89,40.172,466
17/12:18:44,12.48,3.37,107.86,77.517,19.88,40.183,467
17/12:18:45,12.49,3.37,107.85,77.616,19.88,40.194,468
17/12:18:46,12.63,3.37,107.88,77.715,19.88,40.216,469
17/12:18:46,12.74,3.38,107.87,77.748,19.88,40.216,470
17/12:18:46,12.8,3.38,107.85,77.737,19.88,40.216,471
17/12:18:47,12.6,3.38,107.86,77.693,19.88,40.249,472
17/12:18:47,12.46,3.37,107.87,77.803,19.88,40.26,473
17/12:18:48,12.67,3.37,107.88,77.946,19.88,40.271,474
17/12:18:48,12.91,3.36,107.88,78.001,19.87,40.282,475
17/12:18:49,12.74,3.36,107.89,78.144,19.87,40.293,476
17/12:18:49,12.56,3.37,107.88,78.199,19.87,40.304,477
17/12:18:50,12.61,3.38,107.88,78.232,19.87,40.315,478
17/12:18:50,12.77,3.38,107.9,78.265,19.87,40.326,479
17/12:18:51,12.85,3.38,107.87,78.243,19.87,40.337,480
17/12:18:52,12.78,3.39,107.88,78.309,19.87,40.348,481
17/12:18:52,12.49,3.39,107.88,78.441,19.86,40.359,482
17/12:18:53,12.53,3.4,107.87,78.375,19.86,40.37,483
17/12:18:53,12.78,3.41,107.87,78.298,19.86,40.381,484
17/12:18:54,12.99,3.4,107.87,78.342,19.86,40.392,485
17/12:18:54,12.91,3.4,107.87,78.474,19.86,40.403,486
17/12:18:55,12.84,3.41,107.87,78.584,19.86,40.414,487
17/12:18:55,12.76,3.41,107.87,78.529,19.86,40.425,488
17/12:18:56,13.0,3.41,107.87,78.474,19.85,40.436,489
17/12:18:57,12.86,3.4,107.86,78.837,19.85,40.458,490
17/12:18:58,12.57,3.39,107.86,78.793,19.85,40.469,491
17/12:18:58,12.34,3.37,107.87,78.727,19.85,40.48,492
17/12:18:59,12.3,3.38,107.86,78.848,19.85,40.502,493
17/12:19:00,12.3,3.36,107.86,78.87,19.84,40.524,494
17/12:19:01,12.32,3.35,107.86,79.112,19.84,40.546,495
17/12:19:01,12.32,3.34,107.85,79.189,19.84,40.557,496
17/12:19:02,12.36,3.36,107.84,79.222,19.84,40.579,497
17/12:19:03,12.37,3.35,107.85,79.2,19.84,40.59,498
17/12:19:03,12.47,3.36,107.85,79.167,19.84,40.601,499
17/12:19:04,12.59,3.38,107.84,79.079,19.83,40.612,500
17/12:19:05,12.93,3.42,107.85,79.09,19.83,40.645,501
17/12:19:06,12.98,3.42,107.85,79.101,19.83,40.656,502
17/12:19:06,13.08,3.43,107.86,79.123,19.83,40.667,503
17/12:19:07,13.1,3.43,107.86,79.112,19.83,40.678,504
17/12:19:07,12.97,3.4,107.86,79.156,19.82,40.689,505
17/12:19:08,12.7,3.39,107.84,79.167,19.82,40.7,506
17/12:19:09,12.48,3.37,107.82,79.134,19.82,40.711,507
17/12:19:10,12.55,3.38,107.83,79.079,19.82,40.733,508
17/12:19:10,12.77,3.38,107.81,79.09,19.82,40.755,509
17/12:19:11,12.85,3.36,107.81,79.079,19.82,40.766,510
17/12:19:11,12.85,3.36,107.8,79.178,19.81,40.777,511
17/12:19:12,12.8,3.36,107.79,79.222,19.81,40.788,512
17/12:19:12,12.83,3.36,107.81,79.2,19.81,40.799,513
17/12:19:13,12.7,3.37,107.82,79.178,19.81,40.81,514
17/12:19:13,12.46,3.37,107.82,79.222,19.81,40.821,515
17/12:19:14,11.94,3.35,107.82,79.233,19.81,40.843,516
17/12:19:15,11.85,3.37,107.82,79.156,19.81,40.854,517
17/12:19:16,12.21,3.38,107.83,79.222,19.8,40.876,518
17/12:19:16,12.46,3.38,107.83,79.266,19.8,40.887,519
17/12:19:17,12.67,3.38,107.84,79.299,19.8,40.898,520
17/12:19:17,12.86,3.36,107.83,79.376,19.8,40.909,521
17/12:19:18,13.09,3.36,107.83,79.442,19.8,40.92,522
17/12:19:18,13.26,3.37,107.85,79.508,19.8,40.931,523
17/12:19:19,13.33,3.37,107.85,79.508,19.79,40.942,524
17/12:19:20,13.21,3.37,107.84,79.563,19.79,40.964,525
17/12:19:20,12.82,3.38,107.84,79.618,19.79,40.986,526
17/12:19:21,12.51,3.37,107.84,79.717,19.79,40.997,527
17/12:19:22,12.32,3.37,107.84,79.86,19.79,41.008,528
17/12:19:22,12.16,3.37,107.8,79.959,19.79,41.008,529
17/12:19:23,12.06,3.37,107.79,79.937,19.78,41.03,530
17/12:19:23,11.98,3.38,107.8,79.937,19.78,41.041,531
17/12:19:24,11.9,3.38,107.81,79.948,19.78,41.052,532
17/12:19:24,12.0,3.37,107.83,79.937,19.78,41.063,533
17/12:19:25,12.08,3.36,107.81,79.948,19.78,41.074,534
17/12:19:25,12.3,3.38,107.8,79.992,19.78,41.085,535
17/12:19:27,12.75,3.37,107.84,80.058,19.78,41.107,536
17/12:19:27,12.98,3.36,107.83,80.201,19.77,41.118,537
17/12:19:28,13.14,3.36,107.81,80.333,19.77,41.129,538
17/12:19:28,13.32,3.36,107.78,80.245,19.77,41.162,539
17/12:19:29,13.32,3.38,107.79,80.322,19.77,41.173,540
17/12:19:30,13.36,3.37,107.79,80.366,19.77,41.195,541
17/12:19:31,13.35,3.37,107.77,80.366,19.76,41.206,542
17/12:19:31,13.39,3.37,107.79,80.322,19.76,41.217,543
17/12:19:32,13.44,3.37,107.8,80.256,19.76,41.228,544
17/12:19:33,13.61,3.36,107.81,80.179,19.76,41.25,545
17/12:19:33,13.68,3.36,107.8,80.311,19.76,41.261,546
17/12:19:34,13.7,3.36,107.81,80.311,19.76,41.272,547
17/12:19:35,13.79,3.36,107.81,80.201,19.75,41.294,548
17/12:19:35,13.75,3.35,107.8,80.212,19.75,41.305,549
17/12:19:36,13.59,3.36,107.79,80.234,19.75,41.316,550
17/12:19:36,13.59,3.36,107.79,80.289,19.75,41.316,551
17/12:19:37,13.7,3.37,107.8,80.245,19.75,41.349,552
17/12:19:38,13.77,3.36,107.79,80.168,19.74,41.371,553
17/12:19:39,13.57,3.35,107.78,80.135,19.74,41.393,554
17/12:19:40,13.48,3.36,107.78,80.135,19.74,41.404,555
17/12:19:40,13.62,3.38,107.79,80.08,19.74,41.415,556
17/12:19:41,13.51,3.38,107.77,80.146,19.73,41.437,557
17/12:19:42,13.36,3.38,107.77,80.179,19.73,41.448,558
17/12:19:42,13.16,3.39,107.78,80.201,19.73,41.459,559
17/12:19:43,12.87,3.38,107.79,80.168,19.73,41.481,560
17/12:19:44,12.84,3.36,107.8,80.212,19.73,41.492,561
17/12:19:45,12.44,3.37,107.81,80.3,19.72,41.514,562
17/12:19:46,12.1,3.35,107.81,80.355,19.72,41.547,563
17/12:19:46,12.0,3.35,107.81,80.377,19.72,41.558,564
17/12:19:47,11.99,3.36,107.8,80.443,19.72,41.58,565
17/12:19:48,11.88,3.36,107.79,80.509,19.72,41.591,566
17/12:19:49,11.86,3.36,107.79,80.553,19.72,41.602,567
17/12:19:49,11.85,3.36,107.78,80.641,19.71,41.613,568
17/12:19:50,11.91,3.36,107.79,80.696,19.71,41.624,569
17/12:19:50,12.05,3.36,107.77,80.685,19.71,41.635,570
17/12:19:51,12.23,3.35,107.78,80.718,19.71,41.646,571
17/12:19:52,12.82,3.35,107.78,80.729,19.71,41.668,572
17/12:19:52,13.11,3.37,107.79,80.685,19.71,41.679,573
17/12:19:53,13.44,3.37,107.79,80.762,19.7,41.712,574
17/12:19:54,13.5,3.37,107.79,80.762,19.7,41.723,575
17/12:19:54,13.47,3.37,107.8,80.729,19.7,41.734,576
17/12:19:55,13.36,3.37,107.78,80.795,19.7,41.745,577
17/12:19:55,13.06,3.37,107.78,80.883,19.7,41.756,578
17/12:19:56,12.71,3.37,107.78,80.883,19.7,41.767,579
17/12:19:56,12.45,3.36,107.77,80.883,19.69,41.778,580
17/12:19:57,12.2,3.36,107.76,80.916,19.69,41.789,581
17/12:19:57,12.03,3.36,107.76,81.004,19.69,41.8,582
17/12:19:58,12.0,3.35,107.75,81.026,19.69,41.811,583
17/12:19:59,11.96,3.35,107.77,81.147,19.69,41.822,584
17/12:19:59,12.04,3.34,107.75,81.213,19.69,41.833,585
17/12:20:00,12.27,3.36,107.75,81.246,19.69,41.855,586
17/12:20:00,12.51,3.36,107.76,81.356,19.69,41.866,587
17/12:20:01,12.83,3.36,107.76,81.444,19.68,41.877,588
17/12:20:01,13.13,3.36,107.76,81.477,19.68,41.888,589
17/12:20:02,13.28,3.37,107.76,81.411,19.68,41.899,590
17/12:20:02,13.34,3.39,107.77,81.312,19.68,41.91,591
17/12:20:03,13.16,3.37,107.77,81.444,19.68,41.921,592
17/12:20:04,12.66,3.37,107.77,81.708,19.68,41.943,593
17/12:20:04,12.41,3.36,107.75,81.73,19.67,41.954,594
17/12:20:05,12.26,3.35,107.77,81.763,19.67,41.965,595
17/12:20:05,12.21,3.34,107.79,81.686,19.67,41.976,596
17/12:20:06,12.13,3.34,107.79,81.697,19.67,41.987,597
17/12:20:06,12.14,3.34,107.79,81.807,19.67,42.009,598
17/12:20:07,12.18,3.35,107.79,81.785,19.67,42.02,599
17/12:20:08,12.26,3.35,107.82,81.796,19.67,42.042,600
17/12:20:09,12.36,3.36,107.82,81.818,19.66,42.053,601
17/12:20:09,12.38,3.36,107.82,81.807,19.66,42.064,602
17/12:20:10,11.94,3.37,107.81,81.851,19.66,42.086,603
17/12:20:11,11.88,3.35,107.82,81.851,19.66,42.097,604
17/12:20:11,12.03,3.36,107.83,81.818,19.66,42.108,605
17/12:20:12,12.27,3.36,107.82,81.796,19.66,42.108,606
17/12:20:13,12.21,3.36,107.82,81.818,19.65,42.152,607
17/12:20:13,11.98,3.35,107.82,81.774,19.65,42.163,608
17/12:20:14,11.94,3.34,107.81,81.774,19.65,42.174,609
17/12:20:15,12.33,3.35,107.79,81.631,19.65,42.196,610
17/12:20:15,12.42,3.34,107.78,81.455,19.65,42.207,611
17/12:20:16,11.95,3.33,107.78,81.345,19.64,42.229,612
17/12:20:17,11.93,3.32,107.79,81.422,19.64,42.24,613
17/12:20:18,11.98,3.33,107.79,81.4,19.64,42.251,614
17/12:20:18,12.14,3.34,107.81,81.323,19.64,42.262,615
17/12:20:18,12.12,3.34,107.79,81.301,19.64,42.273,616
17/12:20:19,12.01,3.34,107.79,81.356,19.64,42.295,617
17/12:20:19,12.14,3.34,107.79,81.323,19.64,42.306,618
17/12:20:20,12.32,3.35,107.78,81.268,19.64,42.317,619
17/12:20:21,12.41,3.36,107.78,81.18,19.63,42.339,620
17/12:20:22,12.28,3.35,107.78,81.114,19.63,42.35,621
17/12:20:22,12.13,3.35,107.79,81.059,19.63,42.361,622
17/12:20:23,12.12,3.36,107.78,81.026,19.63,42.372,623
17/12:20:23,11.98,3.36,107.78,81.037,19.63,42.383,624
17/12:20:24,11.8,3.35,107.78,80.993,19.63,42.394,625
17/12:20:24,11.82,3.35,107.79,80.96,19.63,42.405,626
17/12:20:25,12.04,3.35,107.8,80.916,19.62,42.416,627
17/12:20:25,12.32,3.34,107.78,80.85,19.62,42.427,628
17/12:20:26,12.48,3.35,107.78,80.773,19.62,42.449,629
17/12:20:27,12.41,3.35,107.77,80.696,19.62,42.46,630
17/12:20:27,12.28,3.34,107.77,80.663,19.62,42.471,631
17/12:20:28,12.18,3.32,107.78,80.608,19.62,42.482,632
17/12:20:28,12.08,3.31,107.78,80.597,19.62,42.493,633
17/12:20:28,11.85,3.3,107.77,80.564,19.61,42.504,634
17/12:20:29,11.47,3.31,107.76,80.542,19.61,42.515,635
17/12:20:30,11.25,3.31,107.77,80.608,19.61,42.526,636
17/12:20:31,11.25,3.28,107.77,80.674,19.61,42.548,637
17/12:20:31,11.31,3.28,107.77,80.685,19.61,42.559,638
17/12:20:32,11.41,3.31,107.77,80.718,19.61,42.57,639
17/12:20:33,11.56,3.31,107.79,80.707,19.61,42.603,640
17/12:20:34,11.81,3.31,107.78,80.74,19.6,42.625,641
17/12:20:34,11.97,3.32,107.8,80.696,19.6,42.636,642
17/12:20:35,12.2,3.33,107.8,80.685,19.6,42.647,643
17/12:20:35,12.32,3.35,107.8,80.674,19.6,42.658,644
17/12:20:36,12.51,3.35,107.81,80.641,19.6,42.669,645
17/12:20:37,12.96,3.35,107.82,80.608,19.59,42.702,646
17/12:20:38,12.92,3.34,107.81,80.608,19.59,42.713,647
17/12:20:39,12.49,3.34,107.8,80.608,19.59,42.735,648
17/12:20:39,12.27,3.33,107.8,80.597,19.59,42.746,649
17/12:20:40,11.99,3.34,107.78,80.564,19.59,42.757,650
17/12:20:41,11.67,3.34,107.79,80.575,19.59,42.779,651
17/12:20:41,11.43,3.35,107.78,80.586,19.58,42.79,652
17/12:20:42,11.25,3.34,107.78,80.575,19.58,42.801,653
17/12:20:42,11.25,3.34,107.78,80.608,19.58,42.812,654
17/12:20:43,11.27,3.34,107.78,80.652,19.58,42.823,655
17/12:20:43,11.36,3.33,107.78,80.685,19.58,42.834,656
17/12:20:44,11.46,3.34,107.78,80.674,19.58,42.845,657
17/12:20:44,11.57,3.32,107.78,80.696,19.58,42.856,658
17/12:20:45,11.6,3.32,107.77,80.63,19.58,42.867,659
17/12:20:46,11.77,3.31,107.76,80.63,19.57,42.889,660
17/12:20:46,11.92,3.31,107.77,80.608,19.57,42.9,661
17/12:20:47,11.96,3.31,107.76,80.608,19.57,42.911,662
17/12:20:48,12.0,3.31,107.76,80.63,19.57,42.922,663
17/12:20:48,12.05,3.32,107.75,80.575,19.57,42.944,664
17/12:20:49,12.19,3.34,107.75,80.553,19.57,42.955,665
17/12:20:49,12.39,3.35,107.74,80.553,19.57,42.966,666
17/12:20:49,12.61,3.36,107.75,80.586,19.56,42.977,667
17/12:20:50,12.76,3.36,107.76,80.608,19.56,42.988,668
17/12:20:51,12.76,3.37,107.76,80.608,19.56,42.999,669
17/12:20:51,12.59,3.37,107.75,80.564,19.56,43.021,670
17/12:20:52,12.52,3.37,107.75,80.553,19.56,43.032,671
17/12:20:53,12.3,3.34,107.75,80.553,19.56,43.043,672
17/12:20:53,12.0,3.33,107.74,80.564,19.55,43.054,673
17/12:20:54,11.7,3.32,107.75,80.63,19.55,43.065,674
17/12:20:54,11.34,3.33,107.75,80.608,19.55,43.076,675
17/12:20:55,11.18,3.34,107.74,80.597,19.55,43.087,676
17/12:20:55,11.15,3.34,107.76,80.564,19.55,43.098,677
17/12:20:56,11.14,3.35,107.76,80.575,19.55,43.12,678
17/12:20:57,11.15,3.37,107.79,80.663,19.55,43.142,679
17/12:20:58,11.17,3.37,107.8,80.674,19.55,43.153,680
17/12:20:58,11.24,3.38,107.79,80.652,19.54,43.164,681
17/12:20:58,11.32,3.37,107.78,80.663,19.54,43.175,682
17/12:20:59,11.53,3.36,107.78,80.641,19.54,43.186,683
17/12:21:00,11.66,3.35,107.77,80.652,19.54,43.197,684
17/12:21:00,11.81,3.36,107.77,80.707,19.54,43.208,685
17/12:21:01,12.14,3.33,107.73,80.74,19.54,43.23,686
17/12:21:02,12.32,3.33,107.73,80.751,19.54,43.241,687
17/12:21:02,12.51,3.31,107.73,80.729,19.53,43.252,688
17/12:21:03,12.75,3.32,107.73,80.773,19.53,43.263,689
17/12:21:03,12.73,3.32,107.71,80.762,19.53,43.285,690
17/12:21:04,12.88,3.33,107.71,80.773,19.53,43.296,691
17/12:21:04,12.7,3.32,107.7,80.784,19.53,43.307,692
17/12:21:05,12.53,3.33,107.71,80.839,19.53,43.318,693
17/12:21:05,12.4,3.34,107.71,80.883,19.53,43.329,694
17/12:21:06,12.21,3.35,107.71,80.927,19.52,43.34,695
17/12:21:06,12.13,3.35,107.7,81.059,19.52,43.351,696
17/12:21:07,11.94,3.34,107.72,81.18,19.52,43.362,697
17/12:21:07,12.01,3.35,107.73,81.169,19.52,43.373,698
17/12:21:08,12.12,3.35,107.76,81.114,19.52,43.395,699
17/12:21:09,12.22,3.35,107.76,81.202,19.52,43.406,700
17/12:21:10,12.18,3.37,107.76,81.246,19.52,43.428,701
17/12:21:10,12.11,3.36,107.77,81.444,19.51,43.439,702
17/12:21:11,12.06,3.37,107.76,81.51,19.51,43.45,703
17/12:21:12,11.85,3.37,107.74,81.554,19.51,43.472,704
17/12:21:12,11.86,3.37,107.72,81.609,19.51,43.483,705
17/12:21:13,12.06,3.37,107.7,81.642,19.51,43.494,706
17/12:21:13,12.19,3.36,107.69,81.642,19.51,43.505,707
17/12:21:14,12.24,3.35,107.71,81.752,19.5,43.516,708
17/12:21:15,12.17,3.34,107.71,81.862,19.5,43.527,709
17/12:21:15,12.15,3.34,107.71,81.983,19.5,43.549,710
17/12:21:16,12.09,3.36,107.71,82.06,19.5,43.56,711
17/12:21:16,12.18,3.36,107.71,82.137,19.5,43.582,712
17/12:21:17,12.13,3.35,107.71,82.214,19.5,43.593,713
17/12:21:18,12.15,3.36,107.72,82.258,19.5,43.604,714
17/12:21:18,12.2,3.35,107.71,82.335,19.5,43.615,715
17/12:21:18,12.19,3.37,107.71,82.456,19.49,43.626,716
17/12:21:19,12.39,3.37,107.71,82.654,19.49,43.637,717
17/12:21:20,12.51,3.36,107.72,82.676,19.49,43.648,718
17/12:21:20,12.33,3.34,107.72,82.72,19.49,43.659,719
17/12:21:20,12.08,3.34,107.73,82.808,19.49,43.67,720
17/12:21:22,12.04,3.36,107.72,82.973,19.49,43.703,721
17/12:21:22,12.04,3.36,107.72,83.006,19.48,43.714,722
17/12:21:23,12.19,3.35,107.73,83.116,19.48,43.736,723
17/12:21:24,12.05,3.34,107.72,83.171,19.48,43.747,724
17/12:21:24,12.11,3.33,107.72,83.325,19.48,43.758,725
17/12:21:25,12.26,3.32,107.73,83.435,19.48,43.769,726
17/12:21:25,12.3,3.28,107.72,83.413,19.48,43.78,727
17/12:21:26,12.25,3.27,107.72,83.402,19.47,43.802,728
17/12:21:27,12.27,3.25,107.72,83.545,19.47,43.824,729
17/12:21:27,12.24,3.24,107.72,83.655,19.47,43.835,730
17/12:21:28,12.27,3.24,107.72,83.688,19.47,43.846,731
17/12:21:28,12.24,3.23,107.72,83.71,19.47,43.857,732
17/12:21:29,12.25,3.23,107.71,83.743,19.47,43.868,733
17/12:21:30,12.16,3.23,107.72,83.809,19.47,43.879,734
17/12:21:30,12.24,3.23,107.71,83.875,19.47,43.89,735
17/12:21:31,12.32,3.21,107.7,83.996,19.46,43.923,736
17/12:21:32,12.16,3.2,107.69,84.04,19.46,43.934,737
17/12:21:32,12.28,3.2,107.67,84.183,19.46,43.945,738
17/12:21:33,12.42,3.21,107.68,84.183,19.46,43.956,739
17/12:21:33,12.22,3.21,107.67,84.106,19.46,43.967,740
17/12:21:34,12.06,3.21,107.67,84.139,19.46,43.978,741
17/12:21:34,12.16,3.21,107.67,84.15,19.45,43.989,742
17/12:21:35,11.97,3.21,107.68,84.117,19.45,44.011,743
17/12:21:36,12.17,3.22,107.69,84.15,19.45,44.022,744
17/12:21:36,11.9,3.21,107.68,84.139,19.45,44.044,745
17/12:21:37,11.9,3.22,107.7,84.106,19.45,44.055,746
17/12:21:37,11.98,3.22,107.69,84.128,19.45,44.066,747
17/12:21:38,11.99,3.24,107.68,84.073,19.45,44.077,748
17/12:21:38,12.01,3.24,107.68,84.04,19.43,44.088,749
17/12:21:39,12.14,3.24,107.67,84.04,19.43,44.099,750
17/12:21:40,12.02,3.24,107.66,83.941,19.43,44.121,751
17/12:21:40,12.27,3.24,107.68,83.908,19.43,44.143,752
17/12:21:41,12.39,3.24,107.67,83.93,19.43,44.154,753
17/12:21:42,12.28,3.24,107.68,83.776,19.43,44.165,754
17/12:21:42,12.28,3.24,107.68,83.743,19.43,44.176,755
17/12:21:43,12.19,3.23,107.69,83.688,19.42,44.187,756
17/12:21:43,11.98,3.22,107.71,83.655,19.42,44.198,757
17/12:21:44,11.98,3.23,107.72,83.622,19.42,44.209,758
17/12:21:44,12.06,3.24,107.73,83.611,19.42,44.22,759
17/12:21:45,11.72,3.23,107.73,83.435,19.42,44.253,760
17/12:21:46,11.85,3.23,107.73,83.369,19.42,44.264,761
17/12:21:46,11.7,3.22,107.74,83.325,19.42,44.275,762
17/12:21:48,11.73,3.22,107.75,83.259,19.42,44.308,763
17/12:21:49,11.72,3.21,107.74,83.105,19.42,44.33,764
17/12:21:49,11.84,3.22,107.75,82.962,19.42,44.341,765
17/12:21:51,11.73,3.23,107.73,82.577,19.41,44.374,766
17/12:21:51,11.86,3.23,107.74,82.522,19.41,44.385,767
17/12:21:52,11.94,3.24,107.71,82.203,19.41,44.407,768
17/12:21:53,12.04,3.24,107.72,82.016,19.41,44.418,769
17/12:21:53,11.86,3.24,107.72,81.928,19.41,44.429,770
17/12:21:54,11.65,3.23,107.73,81.851,19.41,44.44,771
17/12:21:54,11.75,3.23,107.74,81.818,19.41,44.451,772
17/12:21:55,11.89,3.21,107.73,81.697,19.4,44.473,773
17/12:21:56,12.13,3.21,107.73,81.543,19.4,44.484,774
17/12:21:57,11.86,3.2,107.72,81.4,19.4,44.517,775
17/12:21:58,11.86,3.19,107.72,81.422,19.4,44.528,776
17/12:21:58,11.86,3.19,107.72,81.334,19.4,44.539,777
17/12:21:59,11.8,3.18,107.73,81.246,19.4,44.55,778
17/12:22:00,11.63,3.2,107.71,81.18,19.39,44.583,779
17/12:22:00,11.69,3.21,107.69,81.037,19.39,44.594,780
17/12:22:01,11.94,3.22,107.7,80.993,19.39,44.605,781
17/12:22:02,12.2,3.24,107.68,80.905,19.39,44.616,782
17/12:22:02,12.25,3.24,107.68,80.795,19.39,44.616,783
17/12:22:03,12.22,3.25,107.67,80.762,19.39,44.627,784
17/12:22:04,11.82,3.27,107.68,80.762,19.38,44.671,785
17/12:22:04,11.54,3.26,107.69,80.74,19.38,44.682,786
17/12:22:05,11.06,3.26,107.71,80.916,19.38,44.704,787
17/12:22:06,10.77,3.27,107.72,80.63,19.38,44.726,788
17/12:22:07,10.77,3.26,107.72,80.487,19.38,44.737,789
17/12:22:07,10.81,3.25,107.72,80.366,19.37,44.748,790
17/12:22:08,10.93,3.25,107.73,80.168,19.37,44.759,791
17/12:22:09,11.02,3.25,107.73,80.113,19.37,44.77,792
17/12:22:09,11.07,3.25,107.71,80.168,19.37,44.781,793
17/12:22:10,11.22,3.24,107.72,80.179,19.37,44.803,794
17/12:22:10,11.36,3.23,107.7,80.201,19.37,44.814,795
17/12:22:11,11.49,3.23,107.7,80.212,19.37,44.836,796
17/12:22:12,11.55,3.23,107.7,80.256,19.37,44.847,797
17/12:22:12,11.61,3.23,107.7,80.19,19.36,44.858,798
17/12:22:13,11.73,3.24,107.7,80.146,19.36,44.869,799
17/12:22:13,11.9,3.24,107.7,80.124,19.36,44.88,800
17/12:22:14,12.16,3.25,107.69,79.97,19.36,44.891,801
17/12:22:14,12.36,3.24,107.7,79.893,19.36,44.902,802
17/12:22:15,12.41,3.25,107.72,79.948,19.36,44.913,803
17/12:22:15,12.57,3.26,107.71,79.893,19.36,44.924,804
17/12:22:16,12.72,3.28,107.72,79.937,19.35,44.935,805
17/12:22:16,12.86,3.28,107.72,79.893,19.35,44.946,806
17/12:22:17,13.0,3.28,107.72,79.959,19.35,44.968,807
17/12:22:18,13.02,3.27,107.73,79.981,19.35,44.979,808
17/12:22:18,13.0,3.27,107.72,79.992,19.35,44.99,809
17/12:22:19,13.15,3.25,107.73,79.937,19.35,45.001,810
17/12:22:20,13.13,3.25,107.73,79.992,19.34,45.023,811
17/12:22:20,13.08,3.23,107.72,79.992,19.34,45.034,812
17/12:22:22,12.9,3.22,107.69,80.124,19.34,45.067,813
17/12:22:22,12.81,3.22,107.68,80.047,19.34,45.078,814
17/12:22:23,12.83,3.22,107.68,80.08,19.34,45.089,815
17/12:22:23,12.82,3.22,107.66,80.014,19.33,45.1,816
17/12:22:24,12.77,3.22,107.65,80.003,19.33,45.111,817
17/12:22:24,12.74,3.22,107.66,80.014,19.33,45.122,818
17/12:22:25,12.56,3.2,107.66,80.036,19.33,45.133,819
17/12:22:25,12.38,3.21,107.67,80.08,19.33,45.144,820
17/12:22:26,11.88,3.2,107.68,80.135,19.33,45.166,821
17/12:22:27,11.57,3.19,107.67,80.19,19.33,45.177,822
17/12:22:28,11.53,3.19,107.68,80.223,19.32,45.199,823
17/12:22:28,11.37,3.2,107.69,80.322,19.32,45.21,824
17/12:22:29,11.15,3.21,107.69,80.432,19.32,45.232,825
17/12:22:29,11.14,3.19,107.68,80.476,19.32,45.243,826
17/12:22:31,11.32,3.19,107.68,80.608,19.32,45.265,827
17/12:22:31,11.17,3.2,107.7,80.586,19.32,45.276,828
17/12:22:31,11.06,3.19,107.7,80.63,19.31,45.287,829
17/12:22:32,11.0,3.18,107.68,80.696,19.31,45.298,830
17/12:22:33,11.07,3.17,107.68,80.729,19.31,45.309,831
17/12:22:33,11.17,3.16,107.68,80.74,19.31,45.32,832
17/12:22:34,11.34,3.17,107.68,80.707,19.31,45.331,833
17/12:22:34,11.53,3.19,107.67,80.685,19.31,45.342,834
17/12:22:35,11.73,3.2,107.67,80.608,19.31,45.353,835
17/12:22:36,12.23,3.2,107.67,80.542,19.31,45.386,836
17/12:22:37,12.47,3.24,107.7,80.399,19.3,45.408,837
17/12:22:37,12.4,3.26,107.7,80.311,19.3,45.408,838
17/12:22:38,12.28,3.27,107.7,80.3,19.3,45.43,839
17/12:22:39,11.99,3.27,107.7,80.311,19.3,45.452,840
17/12:22:40,11.68,3.26,107.69,80.355,19.3,45.463,841
17/12:22:40,11.51,3.26,107.69,80.377,19.29,45.474,842
17/12:22:41,11.33,3.24,107.68,80.454,19.29,45.485,843
17/12:22:42,11.22,3.26,107.69,80.63,19.29,45.507,844
17/12:22:42,10.75,3.25,107.73,80.872,19.29,45.529,845
17/12:22:43,10.08,3.21,107.83,81.037,19.29,45.551,846
17/12:22:44,8.75,3.17,108.03,81.037,19.29,45.573,847
17/12:22:45,8.73,3.17,108.04,80.949,19.29,45.584,848
17/12:22:45,9.01,3.14,108.05,80.806,19.28,45.595,849
17/12:22:46,9.18,3.14,108.05,80.74,19.28,45.606,850
17/12:22:46,9.24,3.14,108.05,80.762,19.28,45.617,851
17/12:22:47,10.02,3.17,107.95,80.795,19.28,45.628,852
17/12:22:47,10.85,3.19,107.86,80.861,19.28,45.639,853
17/12:22:48,11.42,3.21,107.79,80.894,19.28,45.65,854
17/12:22:49,11.93,3.23,107.7,80.993,19.28,45.661,855
17/12:22:49,11.56,3.24,107.69,81.235,19.28,45.683,856
17/12:22:50,11.44,3.23,107.69,81.301,19.27,45.694,857
17/12:22:51,11.43,3.21,107.72,81.411,19.27,45.716,858
17/12:22:52,11.64,3.21,107.7,81.411,19.27,45.727,859
17/12:22:52,11.79,3.22,107.69,81.4,19.27,45.749,860
17/12:22:52,11.83,3.22,107.68,81.433,19.27,45.76,861
17/12:22:53,11.82,3.21,107.66,81.521,19.27,45.771,862
17/12:22:54,11.77,3.22,107.67,81.642,19.27,45.782,863
17/12:22:54,11.68,3.22,107.66,81.796,19.26,45.793,864
17/12:22:55,11.73,3.22,107.66,81.884,19.26,45.804,865
17/12:22:55,11.75,3.23,107.65,81.972,19.26,45.815,866
17/12:22:56,11.48,3.25,107.66,82.027,19.26,45.826,867
17/12:22:57,9.77,3.2,107.87,82.313,19.26,45.859,868
17/12:22:57,8.75,3.18,107.98,82.478,19.26,45.87,869
17/12:22:58,8.03,3.16,108.06,82.511,19.26,45.881,870
17/12:22:58,8.03,3.16,108.09,82.346,19.26,45.892,871
17/12:22:59,8.05,3.16,108.09,82.17,19.26,45.903,872
17/12:23:00,7.88,3.15,108.1,82.005,19.25,45.914,873
17/12:23:00,8.1,3.15,108.07,82.016,19.25,45.925,874
17/12:23:00,8.83,3.17,107.98,82.049,19.25,45.936,875
17/12:23:01,9.82,3.2,107.89,82.093,19.25,45.947,876
17/12:23:01,10.9,3.23,107.81,82.093,19.25,45.958,877
17/12:23:02,11.73,3.24,107.74,82.093,19.25,45.969,878
17/12:23:03,11.73,3.25,107.7,82.104,19.25,45.98,879
17/12:23:03,11.56,3.24,107.69,82.115,19.25,46.002,880
17/12:23:04,11.59,3.23,107.67,82.203,19.25,46.013,881
17/12:23:04,11.71,3.25,107.66,82.302,19.24,46.024,882
17/12:23:05,11.96,3.26,107.65,82.324,19.24,46.046,883
17/12:23:06,11.86,3.26,107.65,82.258,19.24,46.057,884
17/12:23:06,11.77,3.27,107.64,82.236,19.24,46.068,885
17/12:23:07,11.8,3.27,107.63,82.214,19.24,46.079,886
17/12:23:08,11.74,3.28,107.65,82.225,19.24,46.09,887
17/12:23:08,11.66,3.27,107.66,82.214,19.24,46.101,888
17/12:23:09,11.72,3.25,107.65,82.324,19.23,46.134,889
17/12:23:10,11.55,3.25,107.64,82.236,19.23,46.145,890
17/12:23:10,11.45,3.24,107.64,82.192,19.23,46.156,891
17/12:23:11,11.47,3.23,107.66,82.192,19.23,46.167,892
17/12:23:12,11.56,3.24,107.66,82.379,19.23,46.189,893
17/12:23:12,11.79,3.24,107.66,82.357,19.23,46.2,894
17/12:23:13,11.85,3.25,107.66,82.357,19.23,46.211,895
17/12:23:13,11.69,3.24,107.67,82.313,19.22,46.222,896
17/12:23:14,11.59,3.26,107.67,82.368,19.22,46.233,897
17/12:23:15,11.98,3.28,107.66,82.357,19.22,46.277,898
17/12:23:16,11.93,3.28,107.66,82.346,19.22,46.288,899
17/12:23:16,11.6,3.28,107.65,82.28,19.22,46.299,900
17/12:23:17,11.43,3.28,107.65,82.225,19.22,46.31,901
17/12:23:17,11.47,3.28,107.65,82.291,19.21,46.321,902
17/12:23:18,11.72,3.3,107.65,82.247,19.21,46.332,903
17/12:23:18,11.73,3.28,107.67,82.159,19.21,46.343,904
17/12:23:19,11.55,3.28,107.66,82.192,19.21,46.354,905
17/12:23:19,11.42,3.3,107.66,82.203,19.21,46.365,906
17/12:23:20,11.43,3.3,107.66,82.214,19.21,46.387,907
17/12:23:21,11.77,3.31,107.67,82.159,19.21,46.398,908
17/12:23:21,11.88,3.3,107.68,82.005,19.21,46.409,909
17/12:23:22,11.52,3.28,107.67,81.884,19.2,46.431,910
17/12:23:22,11.49,3.28,107.65,81.928,19.2,46.442,911
17/12:23:23,11.8,3.27,107.65,81.994,19.2,46.453,912
17/12:23:24,11.89,3.24,107.65,81.906,19.2,46.475,913
17/12:23:26,11.44,3.24,107.62,81.961,19.2,46.497,914
17/12:23:27,11.81,3.24,107.63,82.027,19.19,46.541,915
17/12:23:27,11.56,3.24,107.62,82.016,19.19,46.552,916
17/12:23:28,11.39,3.23,107.61,82.049,19.19,46.563,917
17/12:23:28,11.52,3.23,107.62,82.027,19.19,46.574,918
17/12:23:29,11.88,3.24,107.61,82.082,19.19,46.585,919
17/12:23:30,11.7,3.24,107.61,81.939,19.18,46.607,920
17/12:23:30,11.46,3.24,107.61,81.917,19.18,46.618,921
17/12:23:31,11.68,3.24,107.61,81.917,19.18,46.629,922
17/12:23:32,12.03,3.26,107.62,81.785,19.18,46.662,923
17/12:23:33,11.91,3.26,107.6,81.686,19.18,46.673,924
17/12:23:33,11.65,3.25,107.62,81.642,19.18,46.684,925
17/12:23:34,11.66,3.25,107.62,81.631,19.18,46.695,926
17/12:23:34,11.74,3.25,107.62,81.664,19.17,46.706,927
17/12:23:35,11.71,3.27,107.62,81.642,19.17,46.717,928
17/12:23:35,11.65,3.26,107.62,81.631,19.17,46.728,929
17/12:23:36,11.6,3.23,107.62,81.708,19.17,46.739,930
17/12:23:37,11.53,3.16,107.61,81.477,19.17,46.772,931
17/12:23:38,11.42,3.14,107.61,81.389,19.17,46.783,932
17/12:23:39,11.36,3.11,107.61,81.466,19.16,46.805,933
17/12:23:39,11.33,3.07,107.6,81.422,19.16,46.816,934
17/12:23:40,11.27,3.06,107.57,81.389,19.16,46.816,935
17/12:23:40,11.24,3.09,107.56,81.29,19.16,46.849,936
17/12:23:42,11.74,3.09,107.57,81.07,19.16,46.882,937
17/12:23:43,11.78,3.08,107.59,81.059,19.14,46.893,938
17/12:23:44,11.75,3.08,107.6,80.894,19.14,46.915,939
17/12:23:44,11.61,3.08,107.62,80.828,19.14,46.926,940
17/12:23:45,11.41,3.07,107.62,80.817,19.14,46.948,941
17/12:23:46,11.21,3.06,107.61,80.674,19.14,46.97,942
17/12:23:46,11.21,3.07,107.6,80.542,19.14,46.981,943
17/12:23:47,11.34,3.08,107.57,80.564,19.14,46.992,944
17/12:23:48,11.33,3.06,107.57,80.531,19.14,47.014,945
17/12:23:48,11.28,3.08,107.56,80.509,19.14,47.025,946
17/12:23:49,11.2,3.07,107.56,80.421,19.14,47.036,947
17/12:23:49,11.09,3.07,107.56,80.377,19.14,47.047,948
17/12:23:51,10.99,3.08,107.56,80.377,19.14,47.069,949
17/12:23:51,10.77,3.08,107.56,80.267,19.13,47.091,950
17/12:23:53,10.83,3.07,107.57,80.146,19.13,47.113,951
17/12:23:54,10.97,3.08,107.56,80.058,19.13,47.146,952
17/12:23:54,11.06,3.06,107.56,79.981,19.13,47.157,953
17/12:23:55,11.19,3.06,107.56,79.904,19.13,47.168,954
17/12:23:55,11.53,3.05,107.56,79.948,19.13,47.179,955
17/12:23:56,11.74,3.04,107.55,79.97,19.12,47.19,956
17/12:23:57,11.83,3.03,107.56,79.816,19.12,47.212,957
17/12:23:58,11.78,3.03,107.56,79.761,19.12,47.234,958
17/12:23:59,11.57,3.03,107.57,79.618,19.12,47.256,959
17/12:24:00,11.57,3.04,107.59,79.607,19.12,47.267,960
17/12:24:00,11.52,3.05,107.59,79.596,19.11,47.278,961
17/12:24:00,11.72,3.06,107.59,79.574,19.11,47.289,962
17/12:24:02,12.17,3.07,107.57,79.64,19.11,47.311,963
17/12:24:02,12.28,3.07,107.59,79.618,19.11,47.322,964
17/12:24:03,12.56,3.08,107.57,79.618,19.11,47.333,965
17/12:24:03,12.73,3.09,107.6,79.585,19.11,47.355,966
17/12:24:04,12.73,3.09,107.6,79.475,19.11,47.366,967
17/12:24:04,12.89,3.1,107.6,79.475,19.1,47.377,968
17/12:24:05,12.73,3.11,107.59,79.508,19.1,47.388,969
17/12:24:05,12.41,3.15,107.59,79.508,19.1,47.399,970
17/12:24:06,12.08,3.2,107.56,79.552,19.1,47.421,971
17/12:24:07,11.77,3.22,107.56,79.442,19.1,47.432,972
17/12:24:07,11.66,3.26,107.56,79.31,19.1,47.443,973
17/12:24:08,11.61,3.28,107.59,79.321,19.09,47.454,974
17/12:24:08,11.46,3.28,107.59,79.376,19.09,47.465,975
17/12:24:09,11.54,3.28,107.59,79.365,19.09,47.476,976
17/12:24:10,11.4,3.28,107.57,79.365,19.09,47.509,977
17/12:24:11,11.48,3.28,107.59,79.332,19.09,47.52,978
17/12:24:11,11.43,3.28,107.57,79.321,19.09,47.531,979
17/12:24:12,11.51,3.31,107.56,79.31,19.08,47.542,980
17/12:24:13,11.74,3.32,107.56,79.365,19.08,47.564,981
17/12:24:13,12.23,3.3,107.56,79.365,19.08,47.586,982
17/12:24:14,12.44,3.32,107.57,79.365,19.08,47.597,983
17/12:24:15,12.59,3.31,107.59,79.365,19.08,47.608,984
17/12:24:15,12.64,3.3,107.56,79.453,19.08,47.608,985
17/12:24:16,12.63,3.28,107.57,79.508,19.08,47.63,986
17/12:24:16,12.5,3.28,107.59,79.464,19.07,47.641,987
17/12:24:17,12.22,3.27,107.59,79.365,19.07,47.652,988
17/12:24:18,11.67,3.28,107.56,79.343,19.07,47.674,989
17/12:24:18,11.54,3.27,107.59,79.31,19.07,47.685,990
17/12:24:19,11.61,3.28,107.56,79.277,19.07,47.696,991
17/12:24:19,11.68,3.28,107.56,79.277,19.07,47.707,992
17/12:24:20,11.57,3.28,107.56,79.277,19.07,47.718,993
17/12:24:20,11.46,3.28,107.56,79.277,19.06,47.729,994
17/12:24:21,11.59,3.28,107.56,79.255,19.06,47.74,995
17/12:24:21,11.54,3.28,107.56,79.112,19.06,47.751,996
17/12:24:22,11.49,3.28,107.56,79.024,19.06,47.773,997
17/12:24:23,11.34,3.26,107.59,78.947,19.06,47.795,998
17/12:24:24,11.42,3.27,107.59,78.969,19.06,47.806,999
17/12:24:24,11.61,3.27,107.59,78.958,19.06,47.817,1000
17/12:24:25,11.85,3.28,107.59,79.024,19.05,47.839,1001
17/12:24:26,11.95,3.27,107.59,79.046,19.05,47.85,1002
17/12:24:26,12.05,3.28,107.59,79.09,19.05,47.861,1003
17/12:24:27,12.07,3.28,107.57,79.112,19.05,47.872,1004
17/12:24:28,11.65,3.28,107.57,79.057,19.05,47.894,1005
17/12:24:28,11.74,3.28,107.56,79.09,19.05,47.905,1006
17/12:24:29,11.85,3.28,107.56,79.079,19.04,47.916,1007
17/12:24:30,11.96,3.27,107.56,79.09,19.04,47.916,1008
17/12:24:30,12.05,3.26,107.56,79.112,19.04,47.927,1009
17/12:24:31,12.18,3.25,107.54,79.134,19.04,47.96,1010
17/12:24:32,12.16,3.25,107.53,79.112,19.04,47.971,1011
17/12:24:32,12.03,3.24,107.54,79.145,19.04,47.993,1012
17/12:24:33,11.73,3.24,107.54,79.178,19.04,48.004,1013
17/12:24:33,11.49,3.25,107.56,79.112,19.03,48.015,1014
17/12:24:34,11.23,3.24,107.56,79.101,19.03,48.037,1015
17/12:24:35,11.27,3.25,107.56,79.09,19.03,48.048,1016
17/12:24:36,11.73,3.26,107.6,79.189,19.03,48.07,1017
17/12:24:37,12.28,3.26,107.57,79.189,19.03,48.092,1018
17/12:24:38,12.43,3.27,107.56,79.332,19.02,48.114,1019
17/12:24:39,12.35,3.26,107.56,79.343,19.02,48.125,1020
17/12:24:39,12.06,3.26,107.54,79.387,19.02,48.147,1021
17/12:24:40,11.64,3.26,107.54,79.475,19.02,48.169,1022
17/12:24:41,11.42,3.25,107.53,79.508,19.02,48.18,1023
17/12:24:42,11.32,3.25,107.52,79.497,19.01,48.191,1024
17/12:24:42,11.37,3.24,107.51,79.563,19.01,48.213,1025
17/12:24:42,11.33,3.26,107.53,79.574,19.01,48.224,1026
17/12:24:43,11.22,3.26,107.54,79.574,19.01,48.235,1027
17/12:24:44,11.45,3.27,107.51,79.497,19.01,48.257,1028
17/12:24:45,11.65,3.28,107.53,79.453,19.01,48.268,1029
17/12:24:46,12.11,3.28,107.55,79.497,19.0,48.29,1030
17/12:24:46,12.14,3.28,107.55,79.574,19.0,48.301,1031
17/12:24:47,12.2,3.28,107.52,79.574,19.0,48.312,1032
17/12:24:47,12.26,3.28,107.51,79.574,19.0,48.323,1033
17/12:24:48,12.19,3.28,107.53,79.574,19.0,48.334,1034
17/12:24:49,11.79,3.3,107.52,79.607,19.0,48.356,1035
17/12:24:49,11.54,3.3,107.51,79.508,19.0,48.367,1036
17/12:24:50,11.28,3.28,107.52,79.541,18.99,48.378,1037
17/12:24:51,11.18,3.28,107.53,79.651,18.99,48.389,1038
17/12:24:51,11.05,3.27,107.54,79.805,18.99,48.4,1039
17/12:24:52,11.2,3.28,107.54,79.827,18.99,48.411,1040
17/12:24:53,11.22,3.38,107.54,79.321,18.99,48.444,1041
17/12:24:53,11.32,3.38,107.56,79.277,18.99,48.455,1042
17/12:24:54,11.67,3.41,107.56,79.442,18.99,48.466,1043
17/12:24:54,11.95,3.43,107.56,79.497,18.98,48.477,1044
17/12:24:54,12.27,3.45,107.56,79.552,18.98,48.488,1045
17/12:24:55,12.51,3.45,107.55,79.772,18.98,48.499,1046
17/12:24:56,12.42,3.44,107.55,79.827,18.98,48.51,1047
17/12:24:56,12.35,3.4,107.56,79.882,18.98,48.521,1048
17/12:24:57,12.16,3.37,107.54,80.289,18.98,48.543,1049
17/12:24:58,11.9,3.35,107.53,80.443,18.98,48.554,1050
17/12:24:58,11.63,3.35,107.55,80.476,18.97,48.565,1051
17/12:24:59,11.48,3.36,107.55,80.509,18.97,48.576,1052
17/12:25:00,11.4,3.36,107.55,80.916,18.97,48.609,1053
17/12:25:01,11.49,3.37,107.56,81.103,18.97,48.62,1054
17/12:25:02,11.71,3.36,107.55,81.169,18.97,48.642,1055
17/12:25:02,11.89,3.36,107.55,81.191,18.97,48.653,1056
17/12:25:03,12.24,3.35,107.54,81.301,18.96,48.675,1057
17/12:25:04,12.24,3.35,107.53,81.455,18.96,48.686,1058
17/12:25:04,11.99,3.34,107.53,81.543,18.96,48.708,1059
17/12:25:06,11.44,3.34,107.53,81.785,18.96,48.73,1060
17/12:25:07,11.05,3.32,107.52,81.851,18.95,48.752,1061
17/12:25:07,11.06,3.32,107.52,82.049,18.95,48.763,1062
17/12:25:08,11.56,3.31,107.52,82.225,18.95,48.796,1063
17/12:25:09,11.74,3.31,107.52,82.181,18.95,48.807,1064
17/12:25:09,11.81,3.31,107.53,82.247,18.95,48.818,1065
17/12:25:10,11.86,3.3,107.52,82.324,18.95,48.829,1066
17/12:25:10,11.9,3.3,107.52,82.434,18.95,48.84,1067
17/12:25:11,12.02,3.28,107.52,82.445,18.95,48.851,1068
17/12:25:11,11.8,3.28,107.52,82.423,18.94,48.862,1069
17/12:25:12,11.59,3.28,107.52,82.533,18.94,48.873,1070
17/12:25:13,11.53,3.28,107.53,82.489,18.94,48.906,1071
17/12:25:14,11.49,3.28,107.53,82.522,18.94,48.928,1072
17/12:25:15,11.78,3.28,107.53,82.555,18.94,48.95,1073
17/12:25:16,11.97,3.28,107.53,82.522,18.93,48.961,1074
17/12:25:16,11.91,3.28,107.53,82.522,18.93,48.972,1075
17/12:25:17,11.75,3.28,107.51,82.665,18.93,48.994,1076
17/12:25:18,11.88,3.28,107.5,82.632,18.93,49.005,1077
17/12:25:20,11.83,3.28,107.51,82.577,18.93,49.049,1078
17/12:25:21,11.78,3.28,107.48,82.555,18.92,49.082,1079
17/12:25:21,11.93,3.28,107.49,82.544,18.92,49.093,1080
17/12:25:22,11.96,3.3,107.5,82.566,18.92,49.104,1081
17/12:25:22,11.64,3.28,107.5,82.588,18.92,49.115,1082
17/12:25:23,11.53,3.3,107.49,82.676,18.92,49.126,1083
17/12:25:24,11.72,3.3,107.49,82.753,18.92,49.137,1084
17/12:25:24,11.82,3.31,107.49,82.775,18.91,49.148,1085
17/12:25:25,11.86,3.3,107.5,82.742,18.91,49.17,1086
17/12:25:25,11.84,3.3,107.5,82.775,18.91,49.181,1087
17/12:25:26,11.75,3.31,107.5,82.808,18.91,49.192,1088
17/12:25:26,11.74,3.3,107.49,82.786,18.91,49.203,1089
17/12:25:27,11.91,3.32,107.5,82.742,18.91,49.214,1090
17/12:25:27,11.86,3.33,107.49,82.742,18.91,49.225,1091
17/12:25:28,11.61,3.32,107.49,82.775,18.91,49.236,1092
17/12:25:28,11.41,3.31,107.5,82.797,18.9,49.247,1093
17/12:25:29,11.52,3.31,107.53,82.742,18.9,49.258,1094
17/12:25:30,9.4,2.93,107.72,82.643,18.9,49.291,1095
17/12:25:31,6.96,2.52,107.94,82.434,18.9,49.313,1096
17/12:25:31,6.0,2.32,108.04,82.313,18.9,49.324,1097
17/12:25:32,6.08,2.33,108.07,82.258,18.9,49.335,1098
17/12:25:32,6.21,2.33,108.07,82.247,18.9,49.346,1099
17/12:25:33,6.13,2.37,108.05,82.236,18.9,49.357,1100
17/12:25:33,6.89,2.55,107.98,82.236,18.9,49.368,1101
17/12:25:34,7.84,2.74,107.9,82.236,18.9,49.379,1102
17/12:25:35,8.74,2.92,107.81,82.28,18.89,49.39,1103
17/12:25:35,9.87,3.1,107.71,82.236,18.89,49.401,1104
17/12:25:36,10.86,3.28,107.62,82.159,18.89,49.423,1105
17/12:25:36,10.68,3.28,107.59,82.159,18.89,49.434,1106
17/12:25:37,10.45,3.28,107.6,82.137,18.89,49.445,1107
17/12:25:38,10.76,3.28,107.59,82.115,18.89,49.478,1108
17/12:25:39,10.79,3.28,107.59,82.027,18.89,49.489,1109
17/12:25:40,10.28,3.28,107.63,81.994,18.88,49.511,1110
17/12:25:40,10.25,3.27,107.64,81.95,18.88,49.522,1111
17/12:25:41,10.39,3.27,107.66,81.906,18.88,49.533,1112
17/12:25:41,10.55,3.27,107.68,81.862,18.88,49.555,1113
17/12:25:42,10.61,3.26,107.7,81.741,18.88,49.566,1114
17/12:25:42,10.38,3.26,107.71,81.708,18.88,49.577,1115
17/12:25:43,10.21,3.25,107.72,81.73,18.88,49.599,1116
17/12:25:44,10.31,3.26,107.72,81.708,18.88,49.61,1117
17/12:25:45,10.36,3.27,107.69,81.741,18.87,49.632,1118
17/12:25:46,10.3,3.28,107.68,81.543,18.87,49.654,1119
17/12:25:46,10.22,3.27,107.68,81.466,18.87,49.665,1120
17/12:25:47,10.24,3.27,107.67,81.367,18.87,49.676,1121
17/12:25:48,10.2,3.28,107.66,81.521,18.87,49.698,1122
17/12:25:49,10.23,3.28,107.65,81.488,18.87,49.72,1123
17/12:25:49,10.23,3.28,107.63,81.455,18.87,49.731,1124
17/12:25:50,10.22,3.28,107.63,81.411,18.86,49.742,1125
17/12:25:50,10.22,3.28,107.63,81.422,18.86,49.753,1126
17/12:25:51,10.34,3.28,107.63,81.4,18.86,49.764,1127
17/12:25:51,10.41,3.27,107.64,81.389,18.86,49.775,1128
17/12:25:52,10.28,3.27,107.67,81.367,18.86,49.797,1129
17/12:25:53,10.11,3.26,107.67,81.301,18.86,49.808,1130
17/12:25:55,9.57,3.25,107.67,81.147,18.85,49.863,1131
17/12:25:56,9.65,3.25,107.66,81.092,18.85,49.874,1132
17/12:25:56,9.8,3.26,107.65,81.015,18.85,49.885,1133
17/12:25:57,10.14,3.26,107.63,80.949,18.85,49.896,1134
17/12:25:57,10.43,3.28,107.64,80.872,18.85,49.907,1135
17/12:25:58,10.55,3.27,107.66,80.806,18.85,49.918,1136
17/12:25:58,10.55,3.28,107.65,80.773,18.85,49.929,1137
17/12:25:59,10.54,3.28,107.65,80.74,18.85,49.94,1138
17/12:25:59,10.51,3.28,107.64,80.652,18.85,49.951,1139
17/12:26:00,10.47,3.28,107.65,80.553,18.85,49.962,1140
17/12:26:00,10.28,3.28,107.65,80.52,18.84,49.973,1141
17/12:26:01,9.95,3.27,107.66,80.498,18.84,49.984,1142
17/12:26:01,9.73,3.27,107.66,80.476,18.84,49.995,1143
17/12:26:02,9.59,3.27,107.64,80.432,18.84,50.006,1144
17/12:26:02,9.56,3.26,107.64,80.399,18.84,50.028,1145
17/12:26:03,9.57,3.26,107.66,80.333,18.84,50.039,1146
17/12:26:03,9.65,3.25,107.66,80.124,18.84,50.05,1147
17/12:26:04,9.64,3.25,107.65,79.981,18.84,50.061,1148
17/12:26:05,9.61,3.25,107.64,79.937,18.84,50.072,1149
17/12:26:06,9.94,3.26,107.65,79.673,18.83,50.094,1150
17/12:26:06,10.01,3.26,107.65,79.684,18.83,50.105,1151
17/12:26:07,10.1,3.26,107.64,79.475,18.83,50.116,1152
17/12:26:08,10.07,3.27,107.64,79.277,18.83,50.127,1153
17/12:26:08,10.02,3.26,107.64,79.178,18.83,50.149,1154
17/12:26:09,9.95,3.27,107.63,79.079,18.83,50.16,1155
17/12:26:09,9.84,3.26,107.63,78.947,18.83,50.171,1156
17/12:26:10,9.65,3.25,107.64,78.881,18.83,50.182,1157
17/12:26:10,9.56,3.25,107.62,78.76,18.83,50.193,1158
17/12:26:11,9.61,3.26,107.63,78.595,18.82,50.204,1159
17/12:26:11,9.82,3.26,107.63,78.452,18.82,50.215,1160
17/12:26:12,10.01,3.26,107.64,78.265,18.82,50.226,1161
17/12:26:13,9.99,3.26,107.65,78.034,18.82,50.259,1162
17/12:26:13,10.08,3.27,107.64,77.748,18.82,50.27,1163
17/12:26:14,10.31,3.28,107.66,77.539,18.82,50.281,1164
17/12:26:15,10.19,3.28,107.64,77.209,18.82,50.303,1165
17/12:26:16,10.16,3.3,107.64,76.923,18.81,50.325,1166
17/12:26:17,10.21,3.3,107.64,76.725,18.81,50.336,1167
17/12:26:17,10.25,3.3,107.64,76.56,18.81,50.347,1168
17/12:26:18,10.3,3.3,107.65,76.351,18.81,50.358,1169
17/12:26:18,10.31,3.28,107.64,76.23,18.81,50.369,1170
17/12:26:19,10.22,3.28,107.65,76.054,18.81,50.38,1171
17/12:26:19,10.27,3.28,107.66,75.79,18.81,50.391,1172
17/12:26:20,10.2,3.27,107.66,75.559,18.81,50.402,1173
17/12:26:20,10.08,3.26,107.65,75.405,18.81,50.413,1174
17/12:26:21,10.22,3.27,107.64,75.218,18.81,50.424,1175
17/12:26:22,10.12,3.26,107.64,74.833,18.8,50.446,1176
17/12:26:22,10.14,3.25,107.63,74.657,18.8,50.457,1177
17/12:26:23,10.2,3.25,107.63,74.415,18.8,50.468,1178
17/12:26:23,10.26,3.25,107.63,74.195,18.8,50.479,1179
17/12:26:24,10.11,3.24,107.63,73.986,18.8,50.49,1180
17/12:26:24,10.26,3.24,107.65,73.788,18.8,50.501,1181
17/12:26:25,10.11,3.23,107.66,73.59,18.8,50.512,1182
17/12:26:26,10.21,3.23,107.66,73.392,18.8,50.512,1183
17/12:26:26,10.19,3.23,107.65,73.139,18.8,50.534,1184
17/12:26:26,10.17,3.24,107.65,72.875,18.79,50.545,1185
17/12:26:27,10.19,3.23,107.64,72.611,18.79,50.545,1186
17/12:26:28,10.28,3.23,107.65,72.281,18.79,50.567,1187
17/12:26:29,10.18,3.22,107.64,72.094,18.79,50.578,1188
17/12:26:29,10.33,3.22,107.63,71.929,18.79,50.589,1189
17/12:26:30,10.21,3.21,107.65,71.676,18.79,50.6,1190
17/12:26:30,10.27,3.21,107.65,71.511,18.79,50.611,1191
17/12:26:31,10.26,3.21,107.66,71.401,18.79,50.622,1192
17/12:26:32,10.28,3.2,107.7,71.159,18.78,50.644,1193
17/12:26:33,10.32,3.21,107.68,70.917,18.78,50.666,1194
17/12:26:34,10.27,3.2,107.67,70.73,18.78,50.688,1195
17/12:26:34,10.35,3.2,107.66,70.62,18.78,50.699,1196
17/12:26:35,10.24,3.2,107.66,70.51,18.78,50.71,1197
17/12:26:35,10.17,3.2,107.63,70.4,18.78,50.721,1198
17/12:26:36,10.24,3.19,107.61,70.268,18.77,50.732,1199
17/12:26:37,10.15,3.2,107.62,70.169,18.77,50.743,1200
17/12:26:38,10.14,3.21,107.63,69.916,18.77,50.765,1201
17/12:26:39,10.08,3.21,107.62,69.872,18.77,50.776,1202
17/12:26:39,10.11,3.22,107.63,69.839,18.77,50.787,1203
17/12:26:41,10.08,3.24,107.64,69.553,18.77,50.82,1204
17/12:26:41,10.07,3.23,107.64,69.52,18.77,50.831,1205
17/12:26:42,10.08,3.24,107.65,69.41,18.76,50.842,1206
17/12:26:42,10.14,3.23,107.64,69.421,18.76,50.853,1207
17/12:26:43,10.16,3.23,107.65,69.388,18.76,50.864,1208
17/12:26:44,10.11,3.22,107.65,69.344,18.76,50.875,1209
17/12:26:44,10.03,3.21,107.64,69.201,18.76,50.875,1210
17/12:26:44,10.08,3.2,107.64,69.102,18.76,50.886,1211
17/12:26:45,10.14,3.19,107.64,69.08,18.76,50.897,1212
17/12:26:46,10.18,3.18,107.64,69.058,18.76,50.908,1213
17/12:26:46,10.15,3.18,107.64,69.014,18.76,50.93,1214
17/12:26:47,10.2,3.17,107.62,68.959,18.75,50.952,1215
17/12:26:48,10.19,3.17,107.63,68.97,18.75,50.963,1216
17/12:26:49,10.15,3.17,107.62,68.937,18.75,50.974,1217
17/12:26:49,10.16,3.17,107.63,68.882,18.75,50.985,1218
17/12:26:50,10.16,3.18,107.62,68.86,18.75,50.985,1219
17/12:26:50,10.19,3.18,107.63,68.86,18.75,50.996,1220
17/12:26:51,10.21,3.17,107.62,68.926,18.75,51.007,1221
17/12:26:51,10.17,3.17,107.62,68.97,18.75,51.018,1222
17/12:26:52,10.15,3.18,107.63,68.948,18.75,51.029,1223
17/12:26:53,10.2,3.19,107.62,68.992,18.74,51.051,1224
17/12:26:53,10.18,3.18,107.62,69.069,18.74,51.062,1225
17/12:26:54,10.14,3.18,107.63,69.102,18.74,51.073,1226
17/12:26:54,10.15,3.19,107.61,69.19,18.74,51.084,1227
17/12:26:56,10.18,3.19,107.62,69.245,18.74,51.106,1228
17/12:26:57,10.12,3.19,107.64,69.355,18.74,51.117,1229
17/12:26:57,10.18,3.19,107.63,69.476,18.73,51.128,1230
17/12:26:57,10.25,3.18,107.63,69.542,18.73,51.139,1231
17/12:26:58,10.26,3.18,107.62,69.575,18.73,51.15,1232
17/12:26:59,10.27,3.18,107.64,69.608,18.73,51.172,1233
17/12:27:00,10.32,3.18,107.62,69.751,18.73,51.194,1234
17/12:27:01,10.33,3.17,107.61,69.828,18.73,51.205,1235
17/12:27:01,10.24,3.16,107.6,69.828,18.73,51.216,1236
17/12:27:02,10.28,3.16,107.61,69.806,18.73,51.216,1237
17/12:27:02,10.27,3.17,107.61,69.817,18.72,51.227,1238
17/12:27:03,10.28,3.16,107.62,69.806,18.72,51.227,1239
17/12:27:03,10.25,3.15,107.62,69.795,18.72,51.249,1240
17/12:27:04,10.2,3.15,107.62,69.773,18.72,51.26,1241
17/12:27:04,10.31,3.16,107.6,69.828,18.72,51.271,1242
17/12:27:05,10.42,3.17,107.6,69.861,18.72,51.282,1243
17/12:27:05,10.52,3.17,107.6,69.839,18.72,51.293,1244
17/12:27:07,10.79,3.17,107.52,70.125,18.71,51.326,1245
17/12:27:08,11.09,3.18,107.5,70.092,18.71,51.337,1246
17/12:27:08,11.34,3.18,107.48,70.103,18.71,51.348,1247
17/12:27:09,11.57,3.18,107.46,70.136,18.71,51.359,1248
17/12:27:09,11.82,3.18,107.43,70.213,18.71,51.359,1249
17/12:27:10,12.02,3.18,107.4,70.301,18.71,51.381,1250
17/12:27:10,12.24,3.18,107.39,70.345,18.71,51.381,1251
17/12:27:11,12.59,3.17,107.36,70.532,18.7,51.403,1252
17/12:27:12,12.71,3.18,107.33,70.675,18.7,51.425,1253
17/12:27:13,12.75,3.18,107.31,70.752,18.7,51.436,1254
17/12:27:13,12.86,3.18,107.3,70.873,18.7,51.447,1255
17/12:27:14,13.01,3.18,107.28,70.972,18.7,51.458,1256
17/12:27:15,13.17,3.19,107.25,71.115,18.69,51.48,1257
17/12:27:15,13.35,3.19,107.23,71.214,18.69,51.491,1258
17/12:27:16,13.6,3.17,107.21,71.302,18.69,51.513,1259
17/12:27:17,13.72,3.16,107.2,71.368,18.69,51.524,1260
17/12:27:18,13.75,3.16,107.21,71.445,18.69,51.535,1261
17/12:27:18,13.65,3.14,107.19,71.621,18.68,51.546,1262
17/12:27:19,13.71,3.15,107.2,71.709,18.68,51.557,1263
17/12:27:19,13.67,3.16,107.2,71.753,18.68,51.568,1264
17/12:27:20,13.61,3.16,107.2,71.83,18.68,51.579,1265
17/12:27:21,13.62,3.16,107.2,71.918,18.68,51.59,1266
17/12:27:21,13.57,3.17,107.2,71.984,18.68,51.601,1267
17/12:27:22,13.63,3.17,107.19,71.984,18.67,51.612,1268
17/12:27:22,13.66,3.18,107.17,72.028,18.67,51.623,1269
17/12:27:23,13.72,3.18,107.17,72.149,18.67,51.634,1270
17/12:27:23,13.68,3.16,107.16,72.193,18.67,51.645,1271
17/12:27:24,13.75,3.13,107.15,72.336,18.67,51.667,1272
17/12:27:25,13.82,3.12,107.15,72.347,18.67,51.678,1273
17/12:27:25,13.84,3.09,107.14,72.435,18.66,51.689,1274
17/12:27:26,13.79,3.08,107.12,72.435,18.66,51.7,1275
17/12:27:27,13.76,3.05,107.13,72.479,18.66,51.711,1276
17/12:27:27,13.78,3.04,107.12,72.446,18.66,51.722,1277
17/12:27:27,13.77,3.03,107.12,72.49,18.66,51.733,1278
17/12:27:28,13.93,3.04,107.11,72.578,18.66,51.744,1279
17/12:27:29,13.95,3.04,107.1,72.622,18.65,51.755,1280
17/12:27:30,14.24,3.03,107.07,72.765,18.65,51.777,1281
17/12:27:30,14.37,3.07,107.07,72.908,18.65,51.788,1282
17/12:27:30,14.56,3.1,107.04,73.029,18.65,51.788,1283
17/12:27:31,14.76,3.13,107.03,73.128,18.65,51.81,1284
17/12:27:32,15.02,3.16,107.01,73.205,18.64,51.81,1285
17/12:27:32,15.08,3.17,106.99,73.293,18.64,51.821,1286
17/12:27:33,15.15,3.21,106.98,73.337,18.64,51.832,1287
17/12:27:33,15.11,3.24,106.99,73.48,18.64,51.843,1288
17/12:27:34,15.23,3.26,106.99,73.612,18.64,51.854,1289
17/12:27:35,15.3,3.24,106.98,73.909,18.63,51.887,1290
17/12:27:36,15.28,3.21,106.97,74.173,18.63,51.909,1291
17/12:27:37,15.34,3.2,106.97,74.283,18.63,51.92,1292
17/12:27:38,15.32,3.19,106.96,74.481,18.63,51.931,1293
17/12:27:38,15.31,3.18,106.92,74.833,18.62,51.953,1294
17/12:27:39,15.42,3.17,106.91,74.921,18.62,51.964,1295
17/12:27:41,15.18,3.2,106.91,75.383,18.61,51.997,1296
17/12:27:41,15.13,3.2,106.9,75.46,18.61,52.008,1297
17/12:27:42,15.01,3.19,106.89,75.581,18.61,52.008,1298
17/12:27:42,15.06,3.18,106.91,75.757,18.61,52.03,1299
17/12:27:42,15.13,3.19,106.92,75.922,18.61,52.041,1300
17/12:27:44,14.9,3.19,106.94,76.12,18.61,52.052,1301
17/12:27:45,14.66,3.17,106.96,76.395,18.6,52.085,1302
17/12:27:45,14.52,3.18,106.97,76.615,18.6,52.096,1303
17/12:27:46,14.35,3.18,107.0,76.857,18.6,52.107,1304
17/12:27:46,14.27,3.18,107.02,77.022,18.6,52.118,1305
17/12:27:47,13.92,3.07,107.05,77.165,18.59,52.129,1306
17/12:27:48,13.43,2.94,107.1,77.341,18.59,52.14,1307
17/12:27:48,12.76,2.8,107.16,77.407,18.59,52.151,1308
17/12:27:49,12.11,2.68,107.22,77.517,18.59,52.162,1309
17/12:27:49,12.13,2.67,107.23,77.594,18.59,52.173,1310
17/12:27:50,12.33,2.68,107.23,77.759,18.59,52.184,1311
17/12:27:50,12.32,2.69,107.23,77.902,18.59,52.195,1312
17/12:27:51,12.65,2.83,107.17,78.177,18.58,52.228,1313
17/12:27:52,13.37,2.96,107.13,78.43,18.58,52.239,1314
17/12:27:52,14.12,3.09,107.06,78.595,18.58,52.25,1315
17/12:27:54,14.33,3.22,107.01,79.145,18.57,52.283,1316
17/12:27:55,13.94,3.22,107.06,79.332,18.57,52.305,1317
17/12:27:56,13.21,3.22,107.08,79.541,18.57,52.316,1318
17/12:27:56,12.8,3.21,107.1,79.585,18.57,52.327,1319
17/12:27:57,12.53,3.21,107.11,79.706,18.57,52.349,1320
17/12:27:57,12.26,3.2,107.14,80.025,18.56,52.36,1321
17/12:27:58,12.17,3.21,107.13,80.212,18.56,52.371,1322
17/12:27:59,12.23,3.22,107.1,80.333,18.56,52.393,1323
17/12:28:00,12.28,3.21,107.11,80.432,18.56,52.404,1324
17/12:28:01,12.36,3.24,107.11,80.586,18.56,52.437,1325
17/12:28:02,12.68,3.26,107.11,80.63,18.55,52.459,1326
17/12:28:02,12.85,3.26,107.13,80.74,18.55,52.47,1327
17/12:28:03,12.98,3.27,107.14,80.784,18.55,52.481,1328
17/12:28:04,12.82,3.27,107.15,80.982,18.55,52.503,1329
17/12:28:04,12.73,3.26,107.15,81.235,18.55,52.514,1330
17/12:28:05,12.56,3.25,107.16,81.257,18.54,52.525,1331
17/12:28:05,12.47,3.25,107.15,81.345,18.54,52.536,1332
17/12:28:06,12.35,3.24,107.16,81.565,18.54,52.547,1333
17/12:28:07,12.37,3.24,107.16,81.708,18.54,52.558,1334
17/12:28:07,12.45,3.25,107.16,81.829,18.54,52.569,1335
17/12:28:08,12.45,3.24,107.17,81.873,18.54,52.602,1336
17/12:28:08,12.5,3.23,107.17,81.939,18.54,52.613,1337
17/12:28:09,12.62,3.25,107.17,82.027,18.53,52.624,1338
17/12:28:10,12.79,3.21,107.17,82.28,18.53,52.646,1339
17/12:28:11,11.98,3.08,107.23,82.236,18.53,52.657,1340
17/12:28:11,11.45,2.93,107.28,82.247,18.53,52.668,1341
17/12:28:12,11.19,2.8,107.33,82.39,18.53,52.679,1342
17/12:28:12,11.13,2.7,107.38,82.39,18.52,52.701,1343
17/12:28:13,10.92,2.69,107.39,82.39,18.52,52.723,1344
17/12:28:14,10.59,2.68,107.41,82.423,18.52,52.734,1345
17/12:28:14,10.6,2.75,107.41,82.456,18.52,52.745,1346
17/12:28:15,11.1,2.88,107.37,82.478,18.52,52.756,1347
17/12:28:15,11.42,3.03,107.33,82.456,18.52,52.767,1348
17/12:28:16,11.4,3.17,107.3,82.423,18.52,52.778,1349
17/12:28:16,11.18,3.25,107.28,82.379,18.52,52.789,1350
17/12:28:17,11.06,3.25,107.3,82.456,18.52,52.8,1351
17/12:28:18,11.08,3.26,107.32,82.544,18.51,52.811,1352
17/12:28:18,10.89,3.25,107.34,82.544,18.51,52.822,1353
17/12:28:18,10.62,3.24,107.35,82.555,18.51,52.844,1354
17/12:28:19,10.32,3.24,107.35,82.61,18.51,52.855,1355
17/12:28:20,10.43,3.24,107.35,82.555,18.51,52.866,1356
17/12:28:20,10.48,3.24,107.37,82.489,18.51,52.877,1357
17/12:28:20,10.41,3.24,107.38,82.445,18.51,52.888,1358
17/12:28:21,10.23,3.24,107.39,82.467,18.51,52.899,1359
17/12:28:22,10.51,3.24,107.38,82.489,18.5,52.921,1360
17/12:28:24,10.33,3.24,107.38,82.632,18.5,52.954,1361
17/12:28:24,10.57,3.23,107.36,82.698,18.5,52.976,1362
17/12:28:25,10.78,3.23,107.36,82.676,18.5,52.987,1363
17/12:28:25,10.67,3.23,107.35,82.654,18.5,52.998,1364
17/12:28:26,10.42,3.23,107.35,82.687,18.5,53.009,1365
17/12:28:26,10.49,3.23,107.34,82.775,18.5,53.02,1366
17/12:28:27,10.87,3.23,107.35,82.808,18.49,53.031,1367
17/12:28:27,10.86,3.21,107.36,82.808,18.49,53.042,1368
17/12:28:28,10.64,3.19,107.36,82.775,18.49,53.053,1369
17/12:28:29,10.48,3.18,107.37,82.797,18.49,53.064,1370
17/12:28:29,10.54,3.17,107.35,82.885,18.49,53.075,1371
17/12:28:29,10.86,3.18,107.34,82.885,18.49,53.086,1372
17/12:28:30,11.0,3.17,107.35,82.874,18.49,53.108,1373
17/12:28:31,10.59,3.2,107.36,83.028,18.48,53.141,1374
17/12:28:32,10.9,3.22,107.37,83.039,18.48,53.152,1375
17/12:28:33,10.79,3.22,107.38,82.94,18.48,53.163,1376
17/12:28:33,10.46,3.22,107.42,82.841,18.48,53.174,1377
17/12:28:34,9.91,3.22,107.45,82.72,18.48,53.185,1378
17/12:28:34,9.34,3.12,107.51,82.654,18.48,53.196,1379
17/12:28:35,8.68,3.0,107.57,82.709,18.48,53.218,1380
17/12:28:35,8.07,2.86,107.67,82.676,18.48,53.229,1381
17/12:28:36,7.48,2.73,107.74,82.599,18.48,53.24,1382
17/12:28:36,6.75,2.67,107.79,82.467,18.48,53.251,1383
17/12:28:37,6.44,2.67,107.8,82.28,18.48,53.262,1384
17/12:28:37,6.25,2.67,107.81,82.324,18.48,53.273,1385
17/12:28:38,6.49,2.67,107.83,82.39,18.47,53.284,1386
17/12:28:39,7.06,2.8,107.79,82.346,18.47,53.295,1387
17/12:28:39,7.54,2.94,107.73,82.335,18.47,53.306,1388
17/12:28:40,8.03,3.18,107.61,82.511,18.47,53.328,1389
17/12:28:40,8.48,3.2,107.59,82.522,18.47,53.35,1390
17/12:28:41,8.9,3.21,107.57,82.5,18.47,53.372,1391
17/12:28:42,8.84,3.2,107.56,82.61,18.47,53.383,1392
17/12:28:43,8.98,3.2,107.56,82.753,18.47,53.394,1393
17/12:28:43,9.16,3.19,107.56,82.797,18.47,53.405,1394
17/12:28:44,9.13,3.2,107.56,82.709,18.47,53.416,1395
17/12:28:44,9.13,3.2,107.56,82.764,18.47,53.416,1396
17/12:28:45,9.23,3.2,107.56,82.841,18.46,53.427,1397
17/12:28:45,9.15,3.19,107.57,82.907,18.46,53.449,1398
17/12:28:46,9.16,3.19,107.56,83.171,18.46,53.482,1399
17/12:28:47,9.13,3.19,107.57,83.248,18.46,53.493,1400
17/12:28:48,9.16,3.2,107.6,83.27,18.46,53.504,1401
17/12:28:48,9.26,3.21,107.6,83.38,18.46,53.515,1402
17/12:28:49,9.25,3.22,107.59,83.655,18.46,53.537,1403
17/12:28:49,9.18,3.22,107.57,83.732,18.46,53.548,1404
17/12:28:50,9.22,3.23,107.57,83.853,18.46,53.559,1405
17/12:28:51,9.42,3.24,107.59,84.029,18.45,53.581,1406
17/12:28:51,9.19,3.24,107.57,84.15,18.45,53.592,1407
17/12:28:52,9.14,3.23,107.56,84.26,18.45,53.603,1408
17/12:28:52,9.25,3.23,107.57,84.392,18.45,53.614,1409
17/12:28:53,9.16,3.22,107.56,84.546,18.45,53.625,1410
17/12:28:53,9.12,3.21,107.56,84.689,18.45,53.636,1411
17/12:28:54,9.23,3.22,107.57,84.7,18.45,53.647,1412
17/12:28:55,9.28,3.23,107.59,84.876,18.45,53.669,1413
17/12:28:55,9.27,3.22,107.59,84.909,18.45,53.691,1414
17/12:28:56,9.24,3.23,107.57,85.085,18.45,53.713,1415
17/12:28:57,9.21,3.23,107.59,85.217,18.43,53.724,1416
17/12:28:57,9.1,3.23,107.6,85.294,18.43,53.735,1417
17/12:28:58,8.81,3.22,107.61,85.25,18.43,53.746,1418
17/12:28:58,8.9,3.22,107.61,85.184,18.43,53.757,1419
17/12:28:59,8.47,3.22,107.62,85.206,18.43,53.79,1420
17/12:29:00,8.41,3.22,107.63,85.195,18.43,53.801,1421
17/12:29:01,8.12,3.22,107.65,85.151,18.43,53.812,1422
17/12:29:01,8.15,3.21,107.67,85.063,18.43,53.834,1423
17/12:29:02,8.03,3.21,107.69,85.041,18.43,53.845,1424
17/12:29:03,7.75,3.21,107.7,85.008,18.43,53.856,1425
17/12:29:03,7.93,3.21,107.71,84.92,18.43,53.867,1426
17/12:29:04,7.79,3.21,107.72,84.755,18.42,53.889,1427
17/12:29:04,7.68,3.21,107.73,84.656,18.42,53.9,1428
17/12:29:05,7.92,3.22,107.73,84.568,18.42,53.911,1429
17/12:29:05,7.72,3.21,107.73,84.535,18.42,53.922,1430
17/12:29:06,7.63,3.22,107.75,84.458,18.42,53.933,1431
17/12:29:07,7.86,3.23,107.75,84.348,18.42,53.944,1432
17/12:29:07,6.25,3.12,107.89,84.337,18.42,53.966,1433
17/12:29:08,4.78,2.95,108.04,84.183,18.42,53.999,1434
17/12:29:09,3.75,2.86,108.12,84.106,18.42,54.01,1435
17/12:29:10,3.31,2.8,108.15,83.809,18.42,54.032,1436
17/12:29:10,3.24,2.79,108.16,83.644,18.42,54.043,1437
17/12:29:11,5.03,2.92,108.03,83.611,18.42,54.065,1438
17/12:29:13,6.59,3.09,107.87,83.633,18.42,54.098,1439
17/12:29:14,7.63,3.21,107.77,83.666,18.42,54.12,1440
17/12:29:14,7.61,3.21,107.78,83.677,18.42,54.131,1441
17/12:29:15,7.64,3.2,107.76,83.732,18.42,54.142,1442
17/12:29:15,7.52,3.2,107.75,83.699,18.42,54.153,1443
17/12:29:16,7.84,3.19,107.76,83.633,18.42,54.164,1444
17/12:29:17,7.79,3.19,107.79,83.523,18.42,54.208,1445
17/12:29:18,7.76,3.18,107.79,83.512,18.42,54.208,1446
17/12:29:19,7.78,3.19,107.8,83.567,18.42,54.23,1447
17/12:29:19,7.81,3.2,107.8,83.655,18.42,54.252,1448
17/12:29:20,7.43,3.2,107.81,83.688,18.42,54.263,1449
17/12:29:20,7.63,3.2,107.79,83.688,18.42,54.274,1450
17/12:29:21,7.81,3.21,107.79,83.611,18.42,54.285,1451
17/12:29:22,7.55,3.19,107.8,83.435,18.42,54.318,1452
17/12:29:23,7.62,3.19,107.79,83.468,18.42,54.329,1453
17/12:29:23,7.57,3.18,107.77,83.424,18.41,54.34,1454
17/12:29:24,7.72,3.18,107.78,83.413,18.41,54.362,1455
17/12:29:25,7.57,3.18,107.76,83.446,18.41,54.373,1456
17/12:29:26,7.98,3.18,107.75,83.281,18.41,54.395,1457
17/12:29:26,8.02,3.19,107.75,83.182,18.41,54.406,1458
17/12:29:27,7.68,3.17,107.76,83.292,18.41,54.439,1459
17/12:29:28,8.13,3.18,107.75,83.226,18.41,54.461,1460
17/12:29:30,7.73,3.17,107.75,83.006,18.41,54.483,1461
17/12:29:30,7.81,3.17,107.76,82.951,18.41,54.494,1462
17/12:29:31,7.89,3.17,107.77,82.962,18.4,54.505,1463
17/12:29:32,8.01,3.19,107.76,82.94,18.4,54.516,1464
17/12:29:33,7.8,3.19,107.76,82.775,18.4,54.582,1465
17/12:29:34,7.59,3.19,107.76,82.786,18.4,54.593,1466
17/12:29:35,7.66,3.19,107.76,82.786,18.4,54.604,1467
17/12:29:36,7.78,3.2,107.77,82.643,18.4,54.626,1468
17/12:29:36,7.67,3.19,107.75,82.511,18.4,54.637,1469
17/12:29:37,7.71,3.19,107.75,82.5,18.4,54.648,1470
17/12:29:37,7.86,3.2,107.76,82.489,18.4,54.659,1471
17/12:29:38,8.14,3.2,107.77,82.324,18.39,54.692,1472
17/12:29:39,8.05,3.19,107.78,82.203,18.39,54.703,1473
17/12:29:39,7.8,3.18,107.77,82.159,18.39,54.714,1474
17/12:29:40,7.89,3.18,107.77,82.137,18.39,54.725,1475
17/12:29:41,8.3,3.18,107.78,81.95,18.39,54.747,1476
17/12:29:41,8.11,3.18,107.78,81.829,18.39,54.758,1477
17/12:29:42,7.87,3.17,107.77,81.785,18.39,54.769,1478
17/12:29:43,7.9,3.18,107.77,81.521,18.39,54.791,1479
17/12:29:44,7.57,3.19,107.78,81.4,18.39,54.824,1480
17/12:29:45,7.36,3.18,107.79,81.356,18.39,54.835,1481
17/12:29:45,7.46,3.18,107.78,81.268,18.39,54.846,1482
17/12:29:46,7.49,3.19,107.77,80.971,18.38,54.868,1483
17/12:29:47,7.43,3.19,107.77,80.817,18.38,54.879,1484
17/12:29:47,7.49,3.2,107.76,80.685,18.38,54.89,1485
17/12:29:48,7.56,3.2,107.75,80.531,18.38,54.901,1486
17/12:29:48,7.63,3.21,107.74,80.465,18.38,54.912,1487
17/12:29:49,7.6,3.21,107.73,80.41,18.38,54.923,1488
17/12:29:49,7.56,3.21,107.73,80.223,18.38,54.934,1489
17/12:29:50,7.53,3.21,107.72,80.124,18.38,54.945,1490
17/12:29:50,7.51,3.21,107.73,79.882,18.38,54.956,1491
17/12:29:51,7.5,3.21,107.74,79.717,18.38,54.967,1492
17/12:29:52,7.45,3.21,107.74,79.563,18.38,54.978,1493
17/12:29:52,7.41,3.21,107.75,79.486,18.38,55.0,1494
17/12:29:53,7.21,3.2,107.76,79.222,18.38,55.022,1495
17/12:29:54,7.35,3.21,107.77,78.936,18.37,55.044,1496
17/12:29:54,7.57,3.21,107.78,78.815,18.37,55.055,1497
17/12:29:55,7.64,3.2,107.78,78.683,18.37,55.066,1498
17/12:29:56,7.65,3.2,107.78,78.518,18.37,55.077,1499
17/12:29:56,7.82,3.2,107.78,78.375,18.37,55.088,1500
17/12:29:57,7.96,3.21,107.79,78.276,18.37,55.099,1501
17/12:29:57,8.14,3.22,107.78,78.089,18.37,55.11,1502
17/12:29:58,8.0,3.21,107.77,78.078,18.37,55.121,1503
17/12:29:58,7.81,3.21,107.77,78.023,18.37,55.132,1504
17/12:29:59,7.89,3.22,107.77,77.968,18.37,55.143,1505
17/12:29:59,8.25,3.22,107.76,77.814,18.37,55.154,1506
17/12:30:00,8.46,3.22,107.75,77.781,18.37,55.165,1507
17/12:30:01,8.48,3.21,107.73,77.572,18.37,55.187,1508
17/12:30:01,8.62,3.21,107.73,77.44,18.36,55.198,1509
17/12:30:03,9.15,3.21,107.71,77.275,18.36,55.231,1510
17/12:30:05,8.9,3.21,107.71,76.923,18.36,55.264,1511
17/12:30:05,8.93,3.21,107.71,76.824,18.36,55.275,1512
17/12:30:06,8.7,3.21,107.73,76.714,18.36,55.286,1513
17/12:30:06,8.55,3.21,107.73,76.582,18.36,55.297,1514
17/12:30:07,8.57,3.21,107.73,76.593,18.36,55.308,1515
17/12:30:07,8.56,3.21,107.74,76.637,18.36,55.33,1516
17/12:30:08,8.63,3.21,107.74,76.516,18.35,55.33,1517
17/12:30:09,8.62,3.21,107.74,76.208,18.35,55.374,1518
17/12:30:10,8.86,3.21,107.73,76.131,18.35,55.374,1519
17/12:30:10,8.8,3.21,107.72,76.098,18.35,55.396,1520
17/12:30:11,8.63,3.21,107.72,76.054,18.35,55.407,1521
17/12:30:11,8.87,3.21,107.71,76.01,18.35,55.418,1522
17/12:30:12,8.95,3.21,107.71,76.032,18.35,55.429,1523
17/12:30:13,8.77,3.22,107.7,75.988,18.35,55.44,1524
17/12:30:13,8.76,3.22,107.71,75.812,18.35,55.451,1525
17/12:30:14,8.82,3.21,107.68,75.9,18.34,55.473,1526
17/12:30:14,8.69,3.21,107.71,75.867,18.34,55.484,1527
17/12:30:16,8.82,3.21,107.68,75.768,18.34,55.506,1528
17/12:30:16,8.74,3.21,107.68,75.779,18.34,55.517,1529
17/12:30:17,8.82,3.2,107.65,75.691,18.34,55.539,1530
17/12:30:18,8.64,3.21,107.63,75.669,18.34,55.55,1531
17/12:30:18,8.63,3.21,107.63,75.57,18.34,55.561,1532
17/12:30:19,8.62,3.2,107.63,75.625,18.34,55.583,1533
17/12:30:20,8.56,3.21,107.64,75.57,18.34,55.594,1534
17/12:30:21,8.62,3.22,107.67,75.515,18.33,55.616,1535
17/12:30:21,8.72,3.22,107.69,75.493,18.33,55.616,1536
17/12:30:22,8.9,3.23,107.7,75.471,18.33,55.627,1537
17/12:30:22,8.77,3.22,107.7,75.394,18.33,55.649,1538
17/12:30:23,8.76,3.23,107.7,75.35,18.33,55.66,1539
17/12:30:24,8.86,3.23,107.7,75.383,18.33,55.671,1540
17/12:30:24,8.72,3.23,107.71,75.383,18.33,55.682,1541
17/12:30:25,8.77,3.23,107.69,75.339,18.33,55.693,1542
17/12:30:26,8.64,3.22,107.68,75.196,18.33,55.726,1543
17/12:30:27,8.71,3.23,107.68,75.185,18.33,55.737,1544
17/12:30:27,8.59,3.22,107.68,75.13,18.32,55.748,1545
17/12:30:28,8.62,3.22,107.68,75.13,18.32,55.759,1546
17/12:30:28,8.56,3.22,107.67,75.141,18.32,55.77,1547
17/12:30:29,8.63,3.23,107.69,75.141,18.32,55.781,1548
17/12:30:29,8.66,3.23,107.69,75.185,18.32,55.792,1549
17/12:30:30,8.62,3.23,107.69,75.13,18.32,55.803,1550
17/12:30:31,8.59,3.24,107.68,75.053,18.32,55.825,1551
17/12:30:32,8.59,3.24,107.68,75.086,18.32,55.836,1552
17/12:30:33,8.68,3.23,107.68,75.108,18.32,55.858,1553
17/12:30:34,8.6,3.22,107.69,74.844,18.31,55.891,1554
17/12:30:35,8.56,3.22,107.68,74.822,18.31,55.902,1555
17/12:30:35,8.56,3.21,107.68,74.8,18.31,55.913,1556
17/12:30:36,8.68,3.18,107.68,74.701,18.31,55.924,1557
17/12:30:37,8.62,3.15,107.68,74.646,18.31,55.946,1558
17/12:30:38,8.73,3.11,107.68,74.569,18.31,55.968,1559
17/12:30:39,8.71,3.06,107.67,74.415,18.31,55.99,1560
17/12:30:39,8.72,3.05,107.68,74.426,18.31,56.001,1561
17/12:30:40,8.66,3.05,107.68,74.415,18.31,56.012,1562
17/12:30:41,8.66,3.04,107.67,74.305,18.3,56.023,1563
17/12:30:42,8.74,3.04,107.65,74.25,18.3,56.045,1564
17/12:30:43,8.84,3.03,107.65,74.151,18.3,56.056,1565
17/12:30:43,8.76,3.04,107.63,74.129,18.3,56.067,1566
17/12:30:44,8.97,3.04,107.64,74.162,18.3,56.078,1567
17/12:30:44,8.92,3.04,107.62,74.096,18.3,56.089,1568
17/12:30:45,9.06,3.04,107.62,74.041,18.3,56.1,1569
17/12:30:45,8.98,3.04,107.63,74.008,18.3,56.111,1570
17/12:30:46,9.15,3.04,107.6,74.008,18.29,56.133,1571
17/12:30:47,9.34,3.04,107.6,74.03,18.29,56.144,1572
17/12:30:47,9.36,3.03,107.59,74.03,18.29,56.155,1573
17/12:30:48,9.47,3.04,107.56,74.008,18.29,56.177,1574
17/12:30:49,9.65,3.04,107.55,74.14,18.29,56.188,1575
17/12:30:50,9.71,3.04,107.52,74.184,18.29,56.21,1576
17/12:30:51,9.67,3.04,107.52,74.327,18.29,56.232,1577
17/12:30:52,9.63,3.04,107.51,74.481,18.29,56.243,1578
17/12:30:52,9.62,3.05,107.52,74.547,18.28,56.254,1579
17/12:30:53,9.59,3.05,107.53,74.569,18.28,56.265,1580
17/12:30:53,9.76,3.05,107.52,74.679,18.28,56.287,1581
17/12:30:54,9.56,3.06,107.52,74.756,18.28,56.298,1582
17/12:30:55,9.73,3.06,107.53,74.844,18.28,56.309,1583
17/12:30:55,9.57,3.06,107.51,74.998,18.28,56.32,1584
17/12:30:56,9.64,3.07,107.51,75.174,18.28,56.342,1585
17/12:30:57,9.67,3.07,107.53,75.328,18.28,56.353,1586
17/12:30:57,9.59,3.07,107.51,75.416,18.27,56.364,1587
17/12:30:58,9.65,3.06,107.51,75.515,18.27,56.375,1588
17/12:30:58,9.61,3.05,107.51,75.691,18.27,56.386,1589
17/12:30:59,9.56,3.05,107.51,75.757,18.27,56.397,1590
17/12:31:00,9.62,3.04,107.51,76.043,18.27,56.408,1591
17/12:31:01,9.52,3.04,107.52,76.175,18.27,56.43,1592
17/12:31:01,9.59,3.05,107.51,76.417,18.27,56.452,1593
17/12:31:02,9.46,3.07,107.5,76.505,18.27,56.463,1594
17/12:31:03,9.65,3.1,107.5,76.516,18.27,56.474,1595
17/12:31:03,9.77,3.12,107.51,76.626,18.26,56.485,1596
17/12:31:03,9.65,3.15,107.52,76.791,18.26,56.496,1597
17/12:31:04,9.62,3.18,107.52,76.901,18.26,56.507,1598
17/12:31:05,9.82,3.21,107.52,76.978,18.26,56.518,1599
17/12:31:05,9.86,3.24,107.54,77.099,18.26,56.529,1600
17/12:31:06,9.91,3.26,107.55,77.253,18.26,56.54,1601
17/12:31:07,9.68,3.25,107.56,77.308,18.26,56.562,1602
17/12:31:07,9.77,3.25,107.56,77.429,18.26,56.573,1603
17/12:31:08,10.02,3.26,107.55,77.605,18.26,56.584,1604
17/12:31:08,10.15,3.24,107.54,77.704,18.25,56.595,1605
17/12:31:09,9.72,3.17,107.53,78.012,18.25,56.617,1606
17/12:31:10,9.46,3.1,107.55,78.067,18.25,56.639,1607
17/12:31:10,8.95,3.03,107.57,78.089,18.25,56.65,1608
17/12:31:11,8.39,2.96,107.61,78.177,18.25,56.65,1609
17/12:31:11,8.05,2.92,107.62,78.243,18.25,56.672,1610
17/12:31:12,8.24,2.91,107.62,78.386,18.25,56.683,1611
17/12:31:12,8.18,2.9,107.61,78.441,18.25,56.694,1612
17/12:31:13,8.37,2.93,107.6,78.562,18.25,56.705,1613
17/12:31:13,8.68,2.99,107.56,78.628,18.25,56.716,1614
17/12:31:14,9.14,3.05,107.51,78.716,18.24,56.716,1615
17/12:31:15,10.11,3.19,107.42,78.881,18.24,56.749,1616
17/12:31:16,10.13,3.21,107.41,78.991,18.24,56.76,1617
17/12:31:16,9.97,3.2,107.4,79.09,18.24,56.771,1618
17/12:31:17,9.98,3.21,107.39,79.2,18.24,56.782,1619
17/12:31:18,10.51,3.22,107.38,79.299,18.24,56.804,1620
17/12:31:18,10.8,3.23,107.38,79.453,18.24,56.815,1621
17/12:31:19,11.11,3.23,107.37,79.629,18.24,56.826,1622
17/12:31:20,11.72,3.24,107.39,79.662,18.23,56.848,1623
17/12:31:21,11.88,3.25,107.39,79.684,18.23,56.859,1624
17/12:31:21,11.91,3.24,107.38,79.783,18.23,56.87,1625
17/12:31:21,11.64,3.24,107.39,79.97,18.23,56.892,1626
17/12:31:22,11.24,3.23,107.4,80.069,18.23,56.903,1627
17/12:31:22,10.97,3.22,107.4,80.091,18.23,56.914,1628
17/12:31:23,10.7,3.21,107.4,80.146,18.23,56.925,1629
17/12:31:23,10.33,3.21,107.41,80.212,18.22,56.936,1630
17/12:31:24,10.04,3.2,107.4,80.322,18.22,56.947,1631
17/12:31:24,9.89,3.2,107.4,80.465,18.22,56.958,1632
17/12:31:25,9.78,3.2,107.42,80.553,18.22,56.969,1633
17/12:31:26,9.75,3.2,107.41,80.63,18.22,56.98,1634
17/12:31:26,9.79,3.2,107.4,80.707,18.22,56.991,1635
17/12:31:27,9.82,3.21,107.4,80.773,18.22,57.002,1636
17/12:31:27,9.8,3.21,107.37,80.916,18.22,57.013,1637
17/12:31:28,10.07,3.22,107.36,81.092,18.22,57.035,1638
17/12:31:29,10.27,3.23,107.36,81.114,18.22,57.046,1639
17/12:31:30,10.6,3.23,107.35,81.147,18.21,57.068,1640
17/12:31:30,10.8,3.24,107.35,81.224,18.21,57.09,1641
17/12:31:31,10.76,3.24,107.35,81.235,18.21,57.101,1642
17/12:31:34,10.13,3.24,107.35,81.598,18.2,57.167,1643
17/12:31:34,10.47,3.23,107.35,81.664,18.2,57.178,1644
17/12:31:35,10.68,3.24,107.34,81.62,18.2,57.189,1645
17/12:31:35,10.69,3.23,107.33,81.697,18.2,57.2,1646
17/12:31:36,10.7,3.23,107.34,81.752,18.2,57.222,1647
17/12:31:37,10.79,3.23,107.35,81.851,18.2,57.233,1648
17/12:31:38,11.18,3.23,107.36,82.071,18.2,57.255,1649
17/12:31:38,11.11,3.23,107.35,82.06,18.2,57.266,1650
17/12:31:39,10.8,3.23,107.35,82.071,18.19,57.277,1651
17/12:31:39,10.62,3.22,107.36,82.126,18.19,57.288,1652
17/12:31:40,10.73,3.22,107.34,82.203,18.19,57.299,1653
17/12:31:41,10.77,3.22,107.34,82.258,18.19,57.343,1654
17/12:31:42,10.69,3.22,107.34,82.302,18.19,57.354,1655
17/12:31:42,10.56,3.22,107.35,82.39,18.19,57.365,1656
17/12:31:43,10.51,3.22,107.34,82.478,18.19,57.376,1657
17/12:31:44,10.57,3.23,107.34,82.577,18.18,57.398,1658
17/12:31:45,10.68,3.23,107.34,82.511,18.18,57.42,1659
17/12:31:45,10.38,3.22,107.36,82.489,18.18,57.431,1660
17/12:31:46,10.33,3.22,107.34,82.544,18.18,57.442,1661
17/12:31:46,10.48,3.22,107.33,82.61,18.18,57.453,1662
17/12:31:47,10.78,3.22,107.33,82.599,18.18,57.475,1663
17/12:31:48,10.72,3.22,107.34,82.577,18.18,57.486,1664
17/12:31:48,10.56,3.21,107.33,82.577,18.17,57.497,1665
17/12:31:49,10.41,3.22,107.31,82.555,18.17,57.508,1666
17/12:31:49,10.51,3.22,107.28,82.555,18.17,57.508,1667
17/12:31:50,10.84,3.23,107.31,82.588,18.17,57.541,1668
17/12:31:51,10.67,3.23,107.32,82.566,18.17,57.552,1669
17/12:31:51,10.5,3.23,107.31,82.621,18.17,57.563,1670
17/12:31:52,10.8,3.23,107.3,82.687,18.17,57.574,1671
17/12:31:52,10.91,3.23,107.32,82.654,18.17,57.585,1672
17/12:31:53,10.75,3.22,107.32,82.643,18.16,57.607,1673
17/12:31:54,10.69,3.21,107.33,82.654,18.16,57.629,1674
17/12:31:55,10.8,3.21,107.35,82.423,18.16,57.651,1675
17/12:31:55,10.73,3.21,107.35,82.412,18.16,57.662,1676
17/12:31:56,10.35,3.2,107.36,82.214,18.16,57.684,1677
17/12:31:57,10.45,3.21,107.37,82.093,18.16,57.695,1678
17/12:31:58,10.55,3.21,107.37,82.016,18.14,57.706,1679
17/12:31:58,10.54,3.2,107.36,81.851,18.14,57.717,1680
17/12:32:00,11.1,3.19,107.32,81.4,18.14,57.772,1681
17/12:32:01,11.11,3.19,107.32,81.29,18.14,57.783,1682
17/12:32:01,10.98,3.19,107.31,81.224,18.14,57.794,1683
17/12:32:02,10.7,3.19,107.31,81.224,18.14,57.805,1684
17/12:32:03,10.22,3.2,107.3,80.971,18.14,57.816,1685
17/12:32:04,10.28,3.2,107.28,80.883,18.14,57.827,1686
17/12:32:04,10.33,3.21,107.28,80.608,18.14,57.86,1687
17/12:32:05,10.55,3.21,107.28,80.531,18.14,57.871,1688
17/12:32:05,10.89,3.22,107.27,80.41,18.14,57.893,1689
17/12:32:06,11.36,3.23,107.28,80.201,18.14,57.915,1690
17/12:32:07,11.51,3.23,107.28,79.97,18.13,57.926,1691
17/12:32:08,11.64,3.24,107.32,79.673,18.13,57.948,1692
17/12:32:09,11.79,3.25,107.32,79.585,18.13,57.959,1693
17/12:32:09,11.82,3.24,107.32,79.607,18.13,57.97,1694
17/12:32:10,11.76,3.24,107.32,79.596,18.13,57.981,1695
17/12:32:10,11.54,3.23,107.31,79.541,18.13,57.992,1696
17/12:32:11,11.35,3.25,107.31,79.365,18.13,58.003,1697
17/12:32:12,11.15,3.26,107.28,79.222,18.12,58.025,1698
17/12:32:12,10.95,3.26,107.26,79.024,18.12,58.036,1699
17/12:32:13,10.65,3.25,107.27,78.958,18.12,58.047,1700
17/12:32:13,10.44,3.26,107.27,78.826,18.12,58.058,1701
17/12:32:14,10.24,3.26,107.28,78.65,18.12,58.069,1702
17/12:32:15,10.22,3.27,107.3,78.529,18.12,58.091,1703
17/12:32:16,10.27,3.26,107.31,78.408,18.12,58.102,1704
17/12:32:16,10.48,3.26,107.32,78.331,18.12,58.124,1705
17/12:32:16,10.59,3.26,107.32,78.221,18.11,58.135,1706
17/12:32:17,10.62,3.27,107.32,78.155,18.11,58.146,1707
17/12:32:18,10.6,3.26,107.33,78.089,18.11,58.157,1708
17/12:32:18,10.62,3.25,107.32,77.891,18.11,58.168,1709
17/12:32:19,10.96,3.24,107.31,77.572,18.11,58.19,1710
17/12:32:20,10.87,3.23,107.32,77.594,18.11,58.201,1711
17/12:32:21,10.59,3.24,107.28,77.396,18.11,58.223,1712
17/12:32:21,10.78,3.23,107.28,77.352,18.1,58.234,1713
17/12:32:22,11.06,3.23,107.27,77.352,18.1,58.245,1714
17/12:32:22,11.15,3.22,107.28,77.396,18.1,58.256,1715
17/12:32:23,10.85,3.21,107.3,77.363,18.1,58.267,1716
17/12:32:23,10.73,3.21,107.3,77.308,18.1,58.278,1717
17/12:32:24,10.94,3.2,107.28,77.242,18.1,58.289,1718
17/12:32:24,11.02,3.2,107.28,77.275,18.1,58.3,1719
17/12:32:25,10.89,3.19,107.3,77.33,18.1,58.311,1720
17/12:32:26,10.94,3.19,107.28,77.308,18.1,58.322,1721
17/12:32:27,10.57,3.18,107.28,77.253,18.09,58.344,1722
17/12:32:27,10.41,3.18,107.28,77.286,18.09,58.355,1723
17/12:32:28,9.71,3.13,107.33,77.297,18.09,58.366,1724
17/12:32:28,8.45,2.99,107.43,77.33,18.09,58.377,1725
17/12:32:29,7.34,2.82,107.53,77.363,18.09,58.388,1726
17/12:32:30,5.94,2.68,107.62,77.242,18.09,58.399,1727
17/12:32:30,5.59,2.68,107.69,77.033,18.09,58.41,1728
17/12:32:30,5.63,2.69,107.72,76.956,18.09,58.421,1729
17/12:32:31,5.81,2.7,107.7,77.0,18.09,58.443,1730
17/12:32:32,5.87,2.7,107.7,77.033,18.09,58.443,1731
17/12:32:32,6.28,2.78,107.66,77.022,18.09,58.454,1732
17/12:32:33,8.93,3.1,107.48,77.11,18.08,58.487,1733
17/12:32:33,9.67,3.17,107.39,77.154,18.08,58.498,1734
17/12:32:34,9.54,3.15,107.37,77.132,18.08,58.509,1735
17/12:32:34,9.42,3.12,107.37,77.143,18.08,58.52,1736
17/12:32:35,9.56,3.09,107.37,77.165,18.08,58.531,1737
17/12:32:36,9.73,3.06,107.38,77.198,18.08,58.542,1738
17/12:32:36,9.57,3.04,107.37,77.242,18.08,58.553,1739
17/12:32:37,9.33,3.02,107.38,77.275,18.08,58.564,1740
17/12:32:37,9.24,3.01,107.39,77.341,18.08,58.575,1741
17/12:32:38,9.41,3.01,107.39,77.407,18.08,58.586,1742
17/12:32:38,9.53,3.01,107.39,77.528,18.08,58.597,1743
17/12:32:40,8.86,3.01,107.38,77.616,18.07,58.63,1744
17/12:32:40,9.13,3.01,107.39,77.627,18.07,58.641,1745
17/12:32:41,9.39,3.01,107.39,77.66,18.07,58.652,1746
17/12:32:41,9.34,3.0,107.37,77.715,18.07,58.663,1747
17/12:32:42,9.08,3.0,107.37,77.704,18.07,58.674,1748
17/12:32:43,8.88,2.99,107.38,77.693,18.07,58.685,1749
17/12:32:43,9.21,3.0,107.39,77.627,18.07,58.707,1750
17/12:32:44,9.11,2.99,107.4,77.616,18.07,58.718,1751
17/12:32:45,8.7,2.99,107.41,77.605,18.06,58.729,1752
17/12:32:46,8.93,2.99,107.45,77.374,18.06,58.762,1753
17/12:32:47,8.94,2.99,107.44,77.44,18.06,58.773,1754
17/12:32:47,8.64,2.98,107.44,77.363,18.06,58.784,1755
17/12:32:48,8.54,2.98,107.47,77.209,18.06,58.795,1756
17/12:32:48,8.88,2.99,107.47,77.121,18.06,58.806,1757
17/12:32:49,9.03,3.0,107.47,77.088,18.06,58.817,1758
17/12:32:49,8.91,2.99,107.48,77.088,18.06,58.828,1759
17/12:32:50,8.85,2.99,107.48,77.022,18.06,58.839,1760
17/12:32:50,9.01,3.0,107.48,76.967,18.06,58.85,1761
17/12:32:51,9.02,3.0,107.49,76.978,18.05,58.861,1762
17/12:32:53,8.73,3.01,107.5,76.692,18.05,58.916,1763
17/12:32:54,8.31,3.01,107.5,76.527,18.05,58.916,1764
17/12:32:55,8.26,3.01,107.51,76.417,18.05,58.927,1765
17/12:32:55,8.22,3.01,107.53,76.329,18.05,58.96,1766
17/12:32:55,8.17,3.0,107.53,76.241,18.05,58.971,1767
17/12:32:56,8.24,2.99,107.53,76.131,18.05,58.993,1768
17/12:32:57,8.12,2.98,107.53,76.01,18.04,59.004,1769
17/12:32:58,8.11,2.99,107.54,75.746,18.04,59.015,1770
17/12:32:58,8.3,3.01,107.54,75.625,18.04,59.026,1771
17/12:33:00,8.31,3.08,107.52,75.405,18.04,59.059,1772
17/12:33:00,8.19,3.12,107.52,75.284,18.04,59.07,1773
17/12:33:01,8.21,3.15,107.52,75.13,18.04,59.081,1774
17/12:33:02,8.26,3.19,107.53,74.932,18.04,59.103,1775
17/12:33:03,8.31,3.18,107.55,74.723,18.04,59.136,1776
17/12:33:04,8.3,3.18,107.56,74.547,18.03,59.158,1777
17/12:33:05,8.2,3.17,107.55,74.503,18.03,59.169,1778
17/12:33:06,8.19,3.17,107.56,74.294,18.03,59.191,1779
17/12:33:07,8.07,3.16,107.59,74.294,18.03,59.202,1780
17/12:33:07,8.24,3.16,107.56,74.239,18.03,59.202,1781
17/12:33:08,8.07,3.16,107.55,74.228,18.03,59.213,1782
17/12:33:08,8.14,3.15,107.56,74.151,18.03,59.235,1783
17/12:33:09,8.12,3.16,107.55,74.173,18.03,59.235,1784
17/12:33:11,8.13,3.17,107.53,74.008,18.03,59.268,1785
17/12:33:12,8.28,3.19,107.55,73.744,18.02,59.301,1786
17/12:33:13,8.25,3.19,107.55,73.667,18.02,59.323,1787
17/12:33:14,8.26,3.19,107.54,73.678,18.02,59.334,1788
17/12:33:14,8.28,3.18,107.55,73.601,18.02,59.356,1789
17/12:33:15,8.12,3.18,107.56,73.579,18.02,59.367,1790
17/12:33:16,8.08,3.18,107.53,73.425,18.02,59.389,1791
17/12:33:17,8.2,3.18,107.55,73.392,18.02,59.4,1792
17/12:33:17,7.38,3.18,107.59,73.348,18.02,59.411,1793
17/12:33:18,6.44,3.17,107.69,73.183,18.02,59.422,1794
17/12:33:18,5.53,3.17,107.79,72.809,18.02,59.433,1795
17/12:33:19,4.42,3.17,107.89,72.468,18.02,59.444,1796
17/12:33:19,3.46,3.17,107.99,72.105,18.01,59.455,1797
17/12:33:20,2.27,3.16,108.17,71.511,18.01,59.477,1798
17/12:33:21,2.11,3.16,108.17,71.302,18.02,59.488,1799
17/12:33:22,2.85,3.16,108.13,71.291,18.02,59.499,1800
17/12:33:22,3.86,3.16,108.03,71.346,18.02,59.51,1801
17/12:33:22,4.77,3.16,107.94,71.313,18.02,59.521,1802
17/12:33:23,5.8,3.16,107.85,71.291,18.01,59.532,1803
17/12:33:23,6.9,3.16,107.75,71.159,18.01,59.543,1804
17/12:33:24,7.75,3.16,107.66,71.181,18.01,59.543,1805
17/12:33:24,8.18,3.16,107.6,71.192,18.01,59.554,1806
17/12:33:25,8.25,3.16,107.62,71.126,18.01,59.565,1807
17/12:33:26,8.24,3.16,107.61,71.148,18.01,59.576,1808
17/12:33:26,8.27,3.17,107.63,71.247,18.01,59.587,1809
17/12:33:27,8.32,3.17,107.63,71.335,18.01,59.598,1810
17/12:33:29,8.19,3.16,107.59,71.126,18.01,59.642,1811
17/12:33:29,8.01,3.16,107.56,71.291,18.01,59.653,1812
17/12:33:30,8.03,3.15,107.56,71.335,18.01,59.664,1813
17/12:33:30,7.93,3.15,107.56,71.247,18.0,59.675,1814
17/12:33:31,7.87,3.15,107.56,71.214,18.0,59.686,1815
17/12:33:31,7.72,3.15,107.6,71.181,18.0,59.697,1816
17/12:33:32,7.68,3.15,107.61,71.203,18.0,59.708,1817
17/12:33:32,7.51,3.16,107.61,71.28,18.0,59.708,1818
17/12:33:33,7.59,3.15,107.62,71.313,18.0,59.73,1819
17/12:33:33,7.6,3.15,107.64,71.214,18.0,59.73,1820
17/12:33:34,7.59,3.15,107.63,71.093,18.0,59.752,1821
17/12:33:35,7.65,3.16,107.64,71.082,18.0,59.763,1822
17/12:33:35,7.61,3.16,107.63,71.016,18.0,59.774,1823
17/12:33:36,7.68,3.15,107.62,71.027,18.0,59.785,1824
17/12:33:36,7.74,3.15,107.64,70.983,18.0,59.796,1825
17/12:33:37,7.67,3.15,107.65,70.994,18.0,59.807,1826
17/12:33:37,7.77,3.15,107.65,71.016,18.0,59.818,1827
17/12:33:38,7.83,3.14,107.65,70.961,17.99,59.829,1828
17/12:33:39,7.69,3.12,107.63,70.961,17.99,59.84,1829
17/12:33:39,7.69,3.11,107.62,70.939,17.99,59.851,1830
17/12:33:40,7.62,3.08,107.64,70.895,17.99,59.873,1831
17/12:33:41,7.65,3.06,107.64,70.906,17.99,59.884,1832
17/12:33:41,7.72,3.04,107.64,70.939,17.99,59.895,1833
17/12:33:42,7.54,3.02,107.63,70.961,17.99,59.895,1834
17/12:33:43,7.56,3.02,107.62,70.994,17.99,59.917,1835
17/12:33:43,7.54,3.02,107.63,70.983,17.99,59.928,1836
17/12:33:44,7.48,3.01,107.63,70.983,17.99,59.939,1837
17/12:33:44,7.61,3.01,107.61,71.016,17.99,59.95,1838
17/12:33:45,7.56,3.01,107.62,71.082,17.99,59.961,1839
17/12:33:45,7.5,3.01,107.63,71.104,17.99,59.972,1840
17/12:33:46,7.65,3.01,107.63,71.093,17.98,59.983,1841
17/12:33:47,7.6,3.01,107.67,71.093,17.98,59.994,1842
17/12:33:47,7.63,3.0,107.65,71.17,17.98,60.016,1843
17/12:33:48,7.59,2.99,107.66,71.148,17.98,60.016,1844
17/12:33:49,7.56,2.99,107.65,71.115,17.98,60.027,1845
17/12:33:49,7.64,2.99,107.63,71.104,17.98,60.049,1846
17/12:33:50,7.6,2.99,107.63,71.137,17.98,60.06,1847
17/12:33:51,7.62,3.0,107.61,71.06,17.98,60.082,1848
17/12:33:51,7.76,3.0,107.62,71.082,17.98,60.082,1849
17/12:33:52,7.63,3.0,107.62,71.082,17.98,60.104,1850
17/12:33:52,7.65,3.01,107.61,71.016,17.98,60.104,1851
17/12:33:53,7.77,3.0,107.62,70.917,17.98,60.115,1852
17/12:33:54,7.7,3.0,107.61,70.851,17.97,60.137,1853
17/12:33:54,7.72,2.99,107.62,70.807,17.97,60.148,1854
17/12:33:55,7.75,3.0,107.63,70.873,17.97,60.159,1855
17/12:33:56,7.65,3.0,107.63,70.939,17.97,60.17,1856
17/12:33:56,7.69,3.0,107.63,70.972,17.97,60.181,1857
17/12:33:57,7.66,3.0,107.62,70.818,17.97,60.203,1858
17/12:33:58,6.68,2.79,107.72,70.73,17.97,60.225,1859
17/12:33:59,5.59,2.56,107.83,70.51,17.97,60.247,1860
17/12:34:00,5.64,2.56,107.83,70.389,17.97,60.258,1861
17/12:34:00,5.67,2.56,107.84,70.257,17.97,60.258,1862
17/12:34:01,5.75,2.57,107.86,70.191,17.97,60.28,1863
17/12:34:02,6.98,2.81,107.73,70.312,17.96,60.302,1864
17/12:34:03,8.12,3.0,107.62,70.279,17.96,60.313,1865
17/12:34:03,8.38,3.0,107.57,70.213,17.96,60.324,1866
17/12:34:04,8.52,3.01,107.55,70.246,17.96,60.335,1867
17/12:34:05,8.6,3.01,107.54,70.213,17.96,60.346,1868
17/12:34:05,8.57,3.01,107.51,70.18,17.96,60.357,1869
17/12:34:06,8.6,3.0,107.51,70.18,17.96,60.368,1870
17/12:34:06,8.51,3.01,107.52,70.224,17.96,60.379,1871
17/12:34:07,8.38,3.0,107.52,70.213,17.96,60.39,1872
17/12:34:07,8.28,2.99,107.55,70.169,17.96,60.401,1873
17/12:34:08,8.11,2.99,107.56,70.07,17.96,60.412,1874
17/12:34:08,7.81,2.98,107.57,69.927,17.96,60.423,1875
17/12:34:09,7.85,2.98,107.59,69.993,17.95,60.434,1876
17/12:34:10,7.82,2.98,107.57,69.927,17.95,60.445,1877
17/12:34:10,7.81,2.97,107.59,69.949,17.95,60.456,1878
17/12:34:11,7.82,2.98,107.59,69.916,17.95,60.467,1879
17/12:34:11,7.85,2.98,107.59,69.861,17.95,60.478,1880
17/12:34:12,7.83,2.99,107.59,69.839,17.95,60.5,1881
17/12:34:13,7.34,2.95,107.64,69.828,17.95,60.511,1882
17/12:34:13,6.89,2.93,107.68,69.806,17.95,60.522,1883
17/12:34:14,6.6,2.9,107.72,69.784,17.95,60.533,1884
17/12:34:15,5.98,2.85,107.78,69.608,17.95,60.555,1885
17/12:34:16,5.86,2.85,107.78,69.586,17.95,60.566,1886
17/12:34:16,5.91,2.85,107.79,69.597,17.95,60.577,1887
17/12:34:17,6.07,2.87,107.78,69.575,17.95,60.588,1888
17/12:34:17,6.54,2.89,107.74,69.542,17.95,60.588,1889
17/12:34:18,6.87,2.92,107.71,69.542,17.95,60.599,1890
17/12:34:18,7.2,2.95,107.66,69.52,17.94,60.61,1891
17/12:34:19,7.66,2.97,107.63,69.476,17.94,60.621,1892
17/12:34:19,7.86,2.97,107.6,69.498,17.94,60.632,1893
17/12:34:20,7.95,2.96,107.6,69.487,17.94,60.643,1894
17/12:34:21,7.95,2.96,107.59,69.476,17.94,60.654,1895
17/12:34:21,8.1,2.95,107.57,69.531,17.94,60.676,1896
17/12:34:22,8.21,2.95,107.57,69.674,17.94,60.687,1897
17/12:34:23,8.28,2.96,107.56,69.608,17.94,60.709,1898
17/12:34:24,8.31,2.97,107.56,69.674,17.94,60.72,1899
17/12:34:24,8.32,2.97,107.55,69.608,17.94,60.731,1900
17/12:34:25,8.26,2.97,107.56,69.608,17.93,60.742,1901
17/12:34:26,8.25,2.98,107.56,69.685,17.93,60.753,1902
17/12:34:27,8.26,2.97,107.52,69.85,17.93,60.786,1903
17/12:34:28,8.19,2.97,107.53,69.828,17.93,60.808,1904
17/12:34:29,8.28,2.96,107.54,69.949,17.93,60.83,1905
17/12:34:30,8.2,2.96,107.54,69.982,17.93,60.841,1906
17/12:34:30,8.22,2.96,107.53,69.982,17.93,60.852,1907
17/12:34:31,8.22,2.96,107.53,70.004,17.93,60.852,1908
17/12:34:32,8.17,2.97,107.55,70.092,17.92,60.874,1909
17/12:34:33,8.12,2.97,107.54,70.213,17.92,60.896,1910
17/12:34:33,8.09,2.97,107.53,70.323,17.92,60.907,1911
17/12:34:34,8.1,2.98,107.54,70.378,17.92,60.918,1912
17/12:34:35,8.1,2.98,107.54,70.4,17.92,60.94,1913
17/12:34:35,8.11,2.99,107.53,70.411,17.92,60.951,1914
17/12:34:36,8.15,2.99,107.52,70.455,17.92,60.962,1915
17/12:34:37,8.22,2.99,107.53,70.477,17.92,60.973,1916
17/12:34:37,8.16,2.98,107.52,70.477,17.92,60.984,1917
17/12:34:38,8.08,2.98,107.53,70.543,17.92,60.995,1918
17/12:34:38,8.15,2.97,107.53,70.587,17.92,61.006,1919
17/12:34:39,8.18,2.97,107.54,70.62,17.91,61.006,1920
17/12:34:39,8.12,2.96,107.54,70.598,17.91,61.017,1921
17/12:34:40,8.19,2.95,107.55,70.521,17.91,61.039,1922
17/12:34:41,8.2,2.96,107.54,70.576,17.91,61.05,1923
17/12:34:41,8.11,2.95,107.54,70.653,17.91,61.061,1924
17/12:34:42,8.21,2.95,107.53,70.73,17.91,61.072,1925
17/12:34:42,8.26,2.94,107.54,70.796,17.91,61.083,1926
17/12:34:43,8.18,2.95,107.54,70.851,17.91,61.105,1927
17/12:34:44,8.22,2.96,107.53,70.84,17.91,61.116,1928
17/12:34:44,8.21,2.96,107.54,70.862,17.91,61.116,1929
17/12:34:45,8.09,2.97,107.55,70.851,17.91,61.127,1930
17/12:34:46,8.2,3.0,107.54,70.917,17.9,61.16,1931
17/12:34:47,8.12,3.02,107.53,71.06,17.9,61.182,1932
17/12:34:48,8.17,3.01,107.54,71.104,17.9,61.182,1933
17/12:34:49,8.16,3.02,107.55,71.181,17.9,61.204,1934
17/12:34:49,8.19,3.01,107.55,71.247,17.9,61.215,1935
17/12:34:50,8.26,3.01,107.55,71.313,17.9,61.226,1936
17/12:34:51,8.18,3.0,107.54,71.412,17.9,61.248,1937
17/12:34:51,8.22,3.0,107.52,71.434,17.9,61.259,1938
17/12:34:52,8.11,3.0,107.53,71.379,17.9,61.27,1939
17/12:34:53,8.13,3.02,107.54,71.434,17.89,61.281,1940
17/12:34:53,8.13,3.04,107.52,71.379,17.89,61.292,1941
17/12:34:53,8.18,3.06,107.53,71.401,17.89,61.303,1942
17/12:34:54,8.15,3.09,107.54,71.522,17.89,61.314,1943
17/12:34:54,8.11,3.11,107.54,71.544,17.89,61.325,1944
17/12:34:55,8.21,3.13,107.56,71.555,17.89,61.336,1945
17/12:34:56,8.32,3.15,107.56,71.599,17.89,61.347,1946
17/12:34:56,8.22,3.16,107.56,71.555,17.89,61.358,1947
17/12:34:57,8.34,3.16,107.56,71.577,17.89,61.358,1948
17/12:34:57,8.32,3.16,107.55,71.61,17.89,61.38,1949
17/12:34:58,8.21,3.16,107.54,71.588,17.89,61.38,1950
17/12:34:59,8.26,3.16,107.55,71.533,17.89,61.402,1951
17/12:34:59,8.2,3.17,107.55,71.544,17.88,61.413,1952
17/12:35:00,8.11,3.17,107.55,71.456,17.88,61.435,1953
17/12:35:01,8.26,3.17,107.56,71.489,17.88,61.446,1954
17/12:35:01,8.2,3.17,107.56,71.478,17.88,61.457,1955
17/12:35:02,8.21,3.17,107.56,71.522,17.88,61.468,1956
17/12:35:02,8.31,3.17,107.56,71.511,17.88,61.479,1957
17/12:35:03,8.27,3.16,107.54,71.511,17.88,61.501,1958
17/12:35:04,8.28,3.16,107.54,71.511,17.88,61.512,1959
17/12:35:05,8.21,3.15,107.52,71.566,17.88,61.534,1960
17/12:35:05,8.25,3.14,107.52,71.555,17.88,61.545,1961
17/12:35:06,8.18,3.12,107.51,71.566,17.88,61.556,1962
17/12:35:06,8.17,3.1,107.5,71.61,17.87,61.567,1963
17/12:35:07,8.19,3.08,107.5,71.577,17.87,61.567,1964
17/12:35:08,8.15,3.06,107.52,71.489,17.87,61.589,1965
17/12:35:09,8.25,3.04,107.51,71.214,17.87,61.6,1966
17/12:35:09,8.19,3.02,107.51,71.17,17.87,61.611,1967
17/12:35:10,8.19,3.02,107.52,71.181,17.87,61.622,1968
17/12:35:10,8.25,3.02,107.52,71.17,17.87,61.633,1969
17/12:35:11,8.14,3.02,107.53,71.104,17.87,61.644,1970
17/12:35:11,8.17,3.02,107.51,70.983,17.87,61.655,1971
17/12:35:12,8.2,3.01,107.51,70.917,17.87,61.666,1972
17/12:35:12,8.11,3.01,107.52,70.895,17.87,61.677,1973
17/12:35:13,8.13,3.01,107.52,70.928,17.87,61.688,1974
17/12:35:13,8.24,3.01,107.52,70.928,17.86,61.699,1975
17/12:35:14,8.17,3.01,107.52,71.005,17.86,61.721,1976
17/12:35:15,8.26,3.01,107.52,70.906,17.86,61.732,1977
17/12:35:15,8.22,3.02,107.52,70.906,17.86,61.743,1978
17/12:35:17,8.3,3.02,107.53,70.84,17.86,61.754,1979
17/12:35:18,8.18,3.03,107.53,70.774,17.86,61.776,1980
17/12:35:18,8.22,3.03,107.52,70.741,17.86,61.787,1981
17/12:35:19,8.22,3.03,107.51,70.763,17.86,61.798,1982
17/12:35:20,8.18,3.04,107.52,70.829,17.86,61.82,1983
17/12:35:20,8.19,3.03,107.52,70.774,17.85,61.831,1984
17/12:35:21,8.12,3.03,107.51,70.807,17.85,61.853,1985
17/12:35:22,8.21,3.03,107.5,70.851,17.85,61.875,1986
17/12:35:23,8.16,3.01,107.53,70.917,17.85,61.886,1987
17/12:35:24,8.23,3.01,107.51,70.917,17.85,61.897,1988
17/12:35:24,8.25,3.01,107.5,70.95,17.85,61.908,1989
17/12:35:24,8.18,3.0,107.51,70.972,17.85,61.908,1990
17/12:35:25,8.26,3.01,107.51,70.994,17.85,61.93,1991
17/12:35:25,8.28,3.01,107.51,70.994,17.85,61.93,1992
17/12:35:26,8.24,3.01,107.51,70.972,17.85,61.941,1993
17/12:35:27,8.2,3.01,107.5,71.016,17.85,61.952,1994
17/12:35:27,8.28,3.02,107.49,71.027,17.84,61.963,1995
17/12:35:28,8.28,3.02,107.48,71.005,17.84,61.974,1996
17/12:35:28,8.16,3.02,107.5,71.071,17.84,61.985,1997
17/12:35:29,8.28,3.03,107.5,71.071,17.84,61.996,1998
17/12:35:29,8.28,3.03,107.49,71.104,17.84,62.007,1999
17/12:35:30,8.27,3.03,107.48,71.115,17.84,62.018,2000
17/12:35:30,8.2,3.02,107.48,71.115,17.84,62.029,2001
17/12:35:31,8.31,3.03,107.49,71.093,17.84,62.04,2002
17/12:35:31,8.33,3.02,107.49,71.104,17.84,62.051,2003
17/12:35:32,8.24,3.02,107.49,71.115,17.84,62.062,2004
17/12:35:32,8.32,3.01,107.49,71.115,17.84,62.073,2005
17/12:35:33,8.28,3.01,107.5,71.082,17.84,62.084,2006
17/12:35:34,8.26,3.0,107.49,71.093,17.83,62.106,2007
17/12:35:34,8.31,3.0,107.49,71.104,17.83,62.106,2008
17/12:35:36,8.26,2.99,107.49,71.06,17.83,62.128,2009
17/12:35:37,8.28,2.98,107.48,71.016,17.83,62.15,2010
17/12:35:37,8.2,2.98,107.48,70.994,17.83,62.161,2011
17/12:35:38,8.18,2.98,107.5,70.961,17.83,62.172,2012
17/12:35:39,8.14,2.98,107.49,70.972,17.83,62.205,2013
17/12:35:40,8.04,2.98,107.49,70.95,17.83,62.216,2014
17/12:35:40,8.06,2.98,107.49,70.917,17.83,62.216,2015
17/12:35:41,8.13,2.97,107.5,70.873,17.82,62.227,2016
17/12:35:41,8.15,2.98,107.51,70.851,17.82,62.249,2017
17/12:35:42,8.11,2.98,107.52,70.895,17.82,62.26,2018
17/12:35:42,8.22,2.98,107.52,70.928,17.82,62.26,2019
17/12:35:43,8.19,2.98,107.53,70.972,17.82,62.271,2020
17/12:35:43,8.09,2.98,107.5,70.994,17.82,62.282,2021
17/12:35:44,8.11,2.98,107.5,70.961,17.82,62.293,2022
17/12:35:45,8.18,2.98,107.5,70.983,17.82,62.304,2023
17/12:35:45,8.02,2.98,107.48,70.939,17.82,62.326,2024
17/12:35:46,8.15,2.99,107.48,70.95,17.82,62.337,2025
17/12:35:46,8.09,3.0,107.49,70.906,17.82,62.348,2026
17/12:35:47,8.1,3.0,107.51,70.95,17.82,62.359,2027
17/12:35:48,8.22,3.02,107.52,70.961,17.81,62.381,2028
17/12:35:49,8.12,3.01,107.51,71.005,17.81,62.392,2029
17/12:35:50,8.2,3.01,107.52,71.016,17.81,62.414,2030
17/12:35:50,8.14,3.01,107.52,70.928,17.81,62.425,2031
17/12:35:51,8.1,3.01,107.52,70.917,17.81,62.436,2032
17/12:35:51,8.12,3.01,107.52,70.994,17.81,62.447,2033
17/12:35:52,8.2,3.01,107.52,71.016,17.81,62.447,2034
17/12:35:52,8.17,3.0,107.52,70.972,17.81,62.458,2035
17/12:35:54,8.22,3.01,107.52,70.961,17.81,62.48,2036
17/12:35:54,8.2,3.01,107.49,70.807,17.8,62.502,2037
17/12:35:55,8.22,3.01,107.5,70.829,17.8,62.513,2038
17/12:35:56,7.54,2.99,107.53,70.873,17.8,62.535,2039
17/12:35:57,6.54,2.93,107.63,70.796,17.8,62.546,2040
17/12:35:57,5.66,2.87,107.69,70.708,17.8,62.557,2041
17/12:35:58,4.52,2.81,107.77,70.631,17.8,62.568,2042
17/12:35:58,3.5,2.75,107.85,70.554,17.8,62.579,2043
17/12:35:59,1.69,2.61,107.99,70.422,17.8,62.601,2044
17/12:36:00,1.61,2.61,108.02,70.312,17.8,62.612,2045
17/12:36:00,2.16,2.66,107.99,70.18,17.8,62.623,2046
17/12:36:01,3.15,2.72,107.92,70.103,17.8,62.623,2047
17/12:36:01,4.05,2.78,107.85,70.114,17.8,62.634,2048
17/12:36:02,4.81,2.85,107.81,70.092,17.8,62.645,2049
17/12:36:02,5.65,2.9,107.75,70.081,17.8,62.656,2050
17/12:36:03,6.45,2.97,107.71,70.059,17.8,62.667,2051
17/12:36:03,6.72,3.01,107.68,70.004,17.8,62.678,2052
17/12:36:04,6.63,3.01,107.68,69.916,17.8,62.689,2053
17/12:36:05,6.15,3.0,107.73,69.839,17.8,62.711,2054
17/12:36:06,5.84,3.01,107.77,69.784,17.8,62.722,2055
17/12:36:06,5.56,3.01,107.79,69.718,17.8,62.733,2056
17/12:36:07,5.31,3.01,107.84,69.52,17.8,62.744,2057
17/12:36:07,4.98,3.01,107.87,69.311,17.8,62.755,2058
17/12:36:08,4.73,3.01,107.89,69.113,17.8,62.755,2059
17/12:36:08,4.39,3.01,107.92,68.948,17.8,62.777,2060
17/12:36:09,4.27,3.01,107.92,68.86,17.8,62.788,2061
17/12:36:10,4.04,3.01,107.95,68.717,17.8,62.799,2062
17/12:36:10,3.68,3.0,107.97,68.431,17.79,62.81,2063
17/12:36:11,3.42,3.01,107.99,68.255,17.79,62.821,2064
17/12:36:11,3.16,2.99,108.02,68.046,17.79,62.832,2065
17/12:36:12,2.84,2.99,108.05,67.903,17.79,62.843,2066
17/12:36:15,0.84,2.98,108.28,66.462,17.8,62.887,2067
17/12:36:15,0.21,2.98,108.37,65.978,17.8,62.909,2068
17/12:36:17,0.12,2.98,108.41,65.186,17.8,62.942,2069
17/12:36:17,0.12,2.98,108.42,64.944,17.8,62.942,2070
17/12:36:18,0.12,2.98,108.44,64.361,17.8,62.964,2071
17/12:36:19,0.12,2.98,108.43,64.108,17.8,62.975,2072
17/12:36:20,0.12,2.98,108.43,63.844,17.8,62.986,2073
17/12:36:21,0.12,2.99,108.45,63.239,17.8,62.997,2074
17/12:36:21,0.12,2.99,108.45,62.964,17.8,63.008,2075
17/12:36:22,0.12,2.99,108.44,62.689,17.8,63.008,2076
17/12:36:23,0.12,2.99,108.44,62.139,17.8,63.041,2077
17/12:36:23,0.12,2.99,108.45,61.886,17.8,63.052,2078
17/12:36:24,0.12,2.99,108.46,61.567,17.8,63.052,2079
17/12:36:24,0.12,2.99,108.46,61.281,17.8,63.063,2080
17/12:36:25,0.12,2.99,108.47,60.995,17.8,63.074,2081
17/12:36:26,0.12,2.99,108.48,60.764,17.8,63.085,2082
17/12:36:26,0.12,2.99,108.49,60.467,17.8,63.096,2083
17/12:36:27,0.12,2.99,108.49,60.192,17.8,63.107,2084
17/12:36:27,0.12,2.99,108.5,59.895,17.81,63.107,2085
17/12:36:28,0.12,2.98,108.5,59.653,17.81,63.118,2086
17/12:36:28,0.12,2.98,108.51,59.378,17.81,63.129,2087
17/12:36:28,0.12,2.98,108.52,59.081,17.81,63.14,2088
17/12:36:29,0.12,2.97,108.52,58.806,17.81,63.14,2089
17/12:36:30,0.12,2.97,108.52,58.3,17.81,63.162,2090
17/12:36:31,0.12,2.96,108.52,57.97,17.81,63.173,2091
17/12:36:31,0.12,2.96,108.52,57.629,17.81,63.184,2092
17/12:36:32,0.11,2.96,108.53,57.101,17.81,63.195,2093
17/12:36:33,0.11,2.96,108.53,56.815,17.81,63.206,2094
17/12:36:34,0.13,2.95,108.54,56.342,17.81,63.217,2095
17/12:36:34,0.15,2.96,108.53,56.078,17.81,63.228,2096
17/12:36:35,0.19,2.95,108.54,55.88,17.81,63.239,2097
17/12:36:36,0.26,2.96,108.54,55.649,17.81,63.25,2098
17/12:36:37,1.04,2.96,108.48,54.989,17.81,63.272,2099
17/12:36:37,1.64,2.96,108.43,54.835,17.81,63.283,2100
17/12:36:38,2.2,2.97,108.36,54.78,17.81,63.283,2101
17/12:36:39,2.73,2.97,108.3,54.681,17.81,63.294,2102
17/12:36:39,3.25,2.97,108.24,54.725,17.81,63.305,2103
17/12:36:40,3.76,2.97,108.19,54.626,17.81,63.305,2104
17/12:36:40,4.23,2.97,108.14,54.505,17.81,63.316,2105
17/12:36:41,4.71,2.97,108.1,54.417,17.81,63.316,2106
17/12:36:41,4.91,2.97,108.07,54.483,17.81,63.327,2107
17/12:36:42,5.1,2.97,108.05,54.604,17.81,63.327,2108
17/12:36:42,5.31,2.96,108.04,54.494,17.81,63.349,2109
17/12:36:43,5.46,2.96,108.03,54.494,17.81,63.36,2110
17/12:36:43,5.62,2.96,108.01,54.604,17.81,63.371,2111
17/12:36:45,6.01,2.98,107.97,54.67,17.81,63.382,2112
17/12:36:46,6.11,2.99,107.91,54.692,17.81,63.404,2113
17/12:36:46,6.18,2.99,107.92,54.846,17.81,63.415,2114
17/12:36:47,6.17,3.0,107.93,54.923,17.81,63.415,2115
17/12:36:48,6.14,3.0,107.92,54.813,17.81,63.426,2116
17/12:36:48,6.17,3.0,107.9,54.824,17.81,63.437,2117
17/12:36:49,6.18,2.99,107.91,54.857,17.81,63.448,2118
17/12:36:49,6.22,2.98,107.9,54.857,17.81,63.459,2119
17/12:36:50,6.48,2.97,107.88,55.033,17.81,63.47,2120
17/12:36:51,6.55,2.98,107.86,55.088,17.8,63.481,2121
17/12:36:51,6.67,2.97,107.84,55.176,17.8,63.481,2122
17/12:36:52,6.84,2.97,107.84,55.264,17.8,63.492,2123
17/12:36:52,6.91,2.98,107.81,55.308,17.8,63.503,2124
17/12:36:53,7.04,2.97,107.8,55.385,17.8,63.514,2125
17/12:36:53,7.12,2.99,107.79,55.44,17.8,63.514,2126
17/12:36:54,7.13,2.98,107.79,55.506,17.8,63.525,2127
17/12:36:54,7.09,2.98,107.79,55.616,17.8,63.536,2128
17/12:36:55,7.1,2.98,107.78,55.649,17.8,63.547,2129
17/12:36:55,7.13,2.98,107.8,55.715,17.8,63.547,2130
17/12:36:57,7.19,2.96,107.82,55.77,17.8,63.569,2131
17/12:36:57,7.15,2.96,107.82,55.869,17.8,63.569,2132
17/12:36:58,7.15,2.96,107.82,55.902,17.8,63.58,2133
17/12:36:58,7.18,2.95,107.82,55.935,17.8,63.591,2134
17/12:36:59,7.17,2.96,107.82,55.979,17.8,63.602,2135
17/12:36:59,7.19,2.96,107.81,56.023,17.79,63.602,2136
17/12:37:00,7.15,2.96,107.79,56.078,17.79,63.613,2137
17/12:37:00,7.15,2.96,107.78,56.133,17.79,63.624,2138
17/12:37:01,7.12,2.96,107.77,56.078,17.79,63.635,2139
17/12:37:02,7.13,2.96,107.76,56.166,17.79,63.657,2140
17/12:37:03,7.12,2.96,107.77,56.111,17.79,63.668,2141
17/12:37:03,7.1,2.96,107.76,56.133,17.79,63.668,2142
17/12:37:04,7.16,2.97,107.76,56.155,17.79,63.679,2143
17/12:37:04,7.15,2.99,107.77,56.287,17.79,63.69,2144
17/12:37:05,7.15,3.04,107.78,56.375,17.79,63.701,2145
17/12:37:06,7.2,3.05,107.78,56.331,17.79,63.712,2146
17/12:37:06,7.24,3.06,107.76,56.397,17.79,63.723,2147
17/12:37:07,7.24,3.06,107.75,56.485,17.79,63.734,2148
17/12:37:07,7.25,3.06,107.75,56.408,17.79,63.734,2149
17/12:37:08,7.23,3.04,107.76,56.375,17.78,63.745,2150
17/12:37:09,7.23,2.99,107.75,56.375,17.78,63.767,2151
17/12:37:10,7.26,2.98,107.74,56.32,17.78,63.767,2152
17/12:37:10,7.2,2.97,107.74,56.276,17.78,63.778,2153
17/12:37:11,7.19,2.97,107.76,56.386,17.78,63.789,2154
17/12:37:12,7.19,2.97,107.74,56.342,17.78,63.8,2155
17/12:37:12,7.15,2.97,107.74,56.397,17.78,63.811,2156
17/12:37:13,7.19,2.97,107.73,56.32,17.78,63.822,2157
17/12:37:13,7.17,2.97,107.74,56.188,17.78,63.833,2158
17/12:37:14,7.15,2.97,107.75,56.199,17.78,63.833,2159
17/12:37:15,7.14,2.97,107.72,56.254,17.78,63.855,2160
17/12:37:16,7.17,2.96,107.74,56.144,17.78,63.866,2161
17/12:37:17,7.18,2.96,107.74,56.111,17.77,63.877,2162
17/12:37:17,7.16,2.96,107.75,56.034,17.77,63.899,2163
17/12:37:18,7.18,2.96,107.74,55.869,17.77,63.899,2164
17/12:37:19,7.21,2.96,107.75,55.803,17.77,63.91,2165
17/12:37:19,7.18,2.97,107.74,55.77,17.77,63.921,2166
17/12:37:20,7.14,2.97,107.74,55.693,17.77,63.932,2167
17/12:37:20,7.14,2.97,107.74,55.583,17.77,63.932,2168
17/12:37:21,7.15,2.98,107.73,55.561,17.77,63.943,2169
17/12:37:21,7.17,2.98,107.72,55.484,17.77,63.954,2170
17/12:37:22,7.13,2.98,107.71,55.352,17.77,63.965,2171
17/12:37:23,7.16,2.97,107.71,55.297,17.77,63.976,2172
17/12:37:23,7.21,2.97,107.72,55.176,17.77,63.987,2173
17/12:37:25,7.25,2.97,107.73,54.956,17.76,64.009,2174
17/12:37:25,7.25,2.97,107.74,54.967,17.76,64.02,2175
17/12:37:26,7.23,2.95,107.72,54.813,17.76,64.031,2176
17/12:37:27,7.22,2.96,107.71,54.626,17.76,64.042,2177
17/12:37:27,7.18,2.96,107.7,54.516,17.76,64.053,2178
17/12:37:28,7.14,2.95,107.68,54.439,17.76,64.053,2179
17/12:37:28,7.16,2.95,107.68,54.472,17.76,64.064,2180
17/12:37:29,7.16,2.94,107.67,54.406,17.76,64.075,2181
17/12:37:30,7.19,2.93,107.7,54.175,17.76,64.097,2182
17/12:37:31,7.2,2.93,107.7,54.153,17.76,64.108,2183
17/12:37:32,7.22,2.93,107.71,53.999,17.76,64.108,2184
17/12:37:32,7.25,2.93,107.71,53.944,17.76,64.108,2185
17/12:37:33,7.23,2.93,107.72,53.911,17.75,64.13,2186
17/12:37:33,7.21,2.93,107.71,53.845,17.75,64.13,2187
17/12:37:34,7.21,2.93,107.69,53.735,17.75,64.141,2188
17/12:37:34,7.23,2.93,107.68,53.647,17.75,64.152,2189
17/12:37:35,7.23,2.93,107.68,53.614,17.75,64.152,2190
17/12:37:35,7.22,2.93,107.67,53.548,17.75,64.163,2191
17/12:37:36,7.18,2.92,107.67,53.449,17.75,64.174,2192
17/12:37:37,7.23,2.92,107.68,53.46,17.75,64.185,2193
17/12:37:38,7.24,2.91,107.7,53.361,17.75,64.196,2194
17/12:37:38,7.27,2.91,107.7,53.24,17.75,64.207,2195
17/12:37:38,7.23,2.91,107.68,53.075,17.75,64.207,2196
17/12:37:39,7.19,2.92,107.7,52.921,17.75,64.218,2197
17/12:37:40,7.24,2.92,107.7,52.844,17.75,64.229,2198
17/12:37:40,7.26,2.93,107.7,52.822,17.75,64.24,2199
17/12:37:41,7.22,2.92,107.68,52.866,17.75,64.24,2200
17/12:37:41,7.19,2.92,107.68,52.943,17.74,64.251,2201
17/12:37:42,7.17,2.93,107.65,52.8,17.74,64.262,2202
17/12:37:42,7.16,2.94,107.66,52.745,17.74,64.262,2203
17/12:37:43,7.2,2.94,107.67,52.811,17.74,64.273,2204
17/12:37:43,7.28,2.95,107.68,52.822,17.74,64.284,2205
17/12:37:44,7.26,2.94,107.67,52.657,17.74,64.295,2206
17/12:37:45,7.3,3.0,107.68,52.558,17.74,64.306,2207
17/12:37:45,7.36,3.03,107.69,52.635,17.74,64.317,2208
17/12:37:46,7.37,3.07,107.69,52.514,17.74,64.328,2209
17/12:37:47,7.31,3.09,107.71,52.492,17.74,64.339,2210
17/12:37:48,7.28,3.1,107.71,52.525,17.74,64.339,2211
17/12:37:48,7.28,3.13,107.71,52.459,17.74,64.35,2212
17/12:37:49,7.15,3.13,107.71,52.426,17.74,64.361,2213
17/12:37:49,7.2,3.14,107.71,52.459,17.74,64.361,2214
17/12:37:50,7.15,3.13,107.7,52.514,17.73,64.383,2215
17/12:37:51,7.16,3.13,107.7,52.558,17.73,64.394,2216
17/12:37:51,7.21,3.13,107.69,52.602,17.73,64.394,2217
17/12:37:52,6.73,3.04,107.72,52.525,17.73,64.405,2218
17/12:37:52,6.37,2.97,107.77,52.602,17.73,64.416,2219
17/12:37:53,6.4,2.96,107.78,52.679,17.73,64.416,2220
17/12:37:54,6.57,2.98,107.78,52.734,17.73,64.449,2221
17/12:37:55,6.72,2.98,107.79,52.767,17.73,64.449,2222
17/12:37:55,7.08,3.04,107.75,52.646,17.73,64.46,2223
17/12:37:57,7.23,2.99,107.69,53.24,17.73,64.482,2224
17/12:37:57,7.03,2.9,107.69,53.306,17.73,64.493,2225
17/12:37:58,6.84,2.82,107.72,53.328,17.73,64.493,2226
17/12:37:59,6.04,2.65,107.76,53.482,17.72,64.515,2227
17/12:38:00,6.22,2.65,107.75,53.702,17.72,64.526,2228
17/12:38:01,6.82,2.74,107.7,53.845,17.72,64.537,2229
17/12:38:01,7.33,2.82,107.66,53.999,17.72,64.548,2230
17/12:38:02,7.85,2.9,107.61,54.175,17.72,64.548,2231
17/12:38:02,8.45,3.01,107.54,54.351,17.72,64.559,2232
17/12:38:03,8.99,3.08,107.51,54.516,17.72,64.57,2233
17/12:38:03,9.35,3.16,107.47,54.747,17.72,64.57,2234
17/12:38:04,9.37,3.17,107.46,54.89,17.72,64.581,2235
17/12:38:04,9.44,3.18,107.46,55.0,17.72,64.592,2236
17/12:38:05,9.48,3.18,107.44,55.264,17.72,64.603,2237
17/12:38:06,9.45,3.2,107.45,55.33,17.72,64.614,2238
17/12:38:06,9.45,3.2,107.46,55.253,17.71,64.614,2239
17/12:38:07,9.47,3.2,107.45,55.33,17.71,64.625,2240
17/12:38:07,9.48,3.2,107.45,55.539,17.71,64.636,2241
17/12:38:07,9.54,3.2,107.44,55.682,17.71,64.636,2242
17/12:38:08,9.52,3.18,107.43,55.803,17.71,64.647,2243
17/12:38:08,9.47,3.18,107.46,55.913,17.71,64.658,2244
17/12:38:09,9.41,3.18,107.45,56.1,17.71,64.669,2245
17/12:38:10,9.4,3.17,107.44,56.298,17.71,64.669,2246
17/12:38:10,9.44,3.17,107.43,56.518,17.71,64.68,2247
17/12:38:11,9.44,3.17,107.43,56.595,17.71,64.691,2248
17/12:38:13,9.55,3.16,107.39,57.101,17.7,64.724,2249
17/12:38:15,9.59,3.14,107.4,57.596,17.7,64.757,2250
17/12:38:15,9.56,3.14,107.4,57.684,17.7,64.768,2251
17/12:38:16,9.56,3.15,107.41,57.761,17.7,64.768,2252
17/12:38:17,9.55,3.14,107.42,57.893,17.7,64.779,2253
17/12:38:17,9.56,3.14,107.42,58.025,17.69,64.79,2254
17/12:38:18,9.61,3.15,107.41,58.124,17.69,64.801,2255
17/12:38:18,9.67,3.15,107.4,58.355,17.69,64.812,2256
17/12:38:18,9.64,3.16,107.4,58.476,17.69,64.812,2257
17/12:38:19,9.59,3.16,107.39,58.542,17.69,64.823,2258
17/12:38:20,9.7,3.13,107.36,58.751,17.69,64.845,2259
17/12:38:21,9.7,3.12,107.36,58.861,17.69,64.845,2260
17/12:38:21,9.72,3.09,107.36,59.048,17.69,64.856,2261
17/12:38:22,9.71,3.04,107.34,59.202,17.69,64.878,2262
17/12:38:23,9.71,3.02,107.34,59.301,17.68,64.889,2263
17/12:38:24,9.61,3.0,107.35,59.664,17.68,64.9,2264
17/12:38:24,9.6,3.0,107.35,59.807,17.68,64.911,2265
17/12:38:25,9.56,3.0,107.35,59.939,17.68,64.922,2266
17/12:38:26,9.56,3.0,107.35,59.994,17.68,64.922,2267
17/12:38:26,9.6,2.98,107.34,60.214,17.68,64.944,2268
17/12:38:27,9.66,2.98,107.34,60.346,17.68,64.955,2269
17/12:38:28,9.66,2.98,107.35,60.445,17.68,64.966,2270
17/12:38:28,9.59,2.98,107.34,60.588,17.67,64.977,2271
17/12:38:29,9.55,2.98,107.33,60.698,17.67,64.988,2272
17/12:38:30,9.56,2.99,107.34,60.929,17.67,65.01,2273
17/12:38:30,9.51,2.99,107.36,60.984,17.67,65.01,2274
17/12:38:31,9.51,2.99,107.36,61.072,17.67,65.021,2275
17/12:38:32,9.49,2.98,107.34,61.182,17.67,65.032,2276
17/12:38:32,9.56,2.99,107.33,61.303,17.67,65.043,2277
17/12:38:33,9.56,2.98,107.34,61.402,17.67,65.054,2278
17/12:38:34,9.56,2.98,107.33,61.6,17.66,65.065,2279
17/12:38:34,9.57,2.98,107.32,61.677,17.66,65.076,2280
17/12:38:35,9.53,2.98,107.31,61.787,17.66,65.098,2281
17/12:38:36,9.55,3.0,107.31,61.996,17.66,65.109,2282
17/12:38:37,9.53,3.0,107.3,62.04,17.66,65.12,2283
17/12:38:37,9.56,3.01,107.31,62.15,17.66,65.131,2284
17/12:38:38,9.54,3.01,107.31,62.216,17.66,65.142,2285
17/12:38:38,9.48,3.02,107.31,62.282,17.66,65.153,2286
17/12:38:39,9.46,3.02,107.31,62.392,17.65,65.164,2287
17/12:38:39,9.47,3.02,107.31,62.568,17.65,65.164,2288
17/12:38:41,9.41,3.01,107.31,62.766,17.65,65.186,2289
17/12:38:41,9.39,3.01,107.31,62.799,17.65,65.197,2290
17/12:38:41,9.39,3.01,107.3,62.92,17.65,65.208,2291
17/12:38:42,9.4,3.0,107.3,63.03,17.65,65.208,2292
17/12:38:43,9.5,3.0,107.28,63.14,17.65,65.208,2293
17/12:38:44,9.56,3.0,107.28,63.316,17.65,65.241,2294
17/12:38:44,9.64,3.0,107.27,63.382,17.64,65.252,2295
17/12:38:45,9.6,2.99,107.28,63.58,17.64,65.263,2296
17/12:38:45,9.59,2.99,107.28,63.668,17.64,65.274,2297
17/12:38:46,9.56,3.0,107.28,63.899,17.64,65.285,2298
17/12:38:47,9.56,2.99,107.28,63.954,17.64,65.296,2299
17/12:38:47,9.48,2.99,107.28,64.009,17.64,65.307,2300
17/12:38:48,9.54,3.0,107.28,64.152,17.64,65.329,2301
17/12:38:49,9.61,3.01,107.27,64.262,17.64,65.34,2302
17/12:38:49,9.56,3.01,107.27,64.515,17.63,65.34,2303
17/12:38:50,9.53,3.01,107.27,64.57,17.63,65.351,2304
17/12:38:51,9.6,3.0,107.27,64.537,17.63,65.373,2305
17/12:38:52,9.56,2.99,107.27,64.691,17.63,65.384,2306
17/12:38:52,9.55,2.99,107.26,64.845,17.63,65.395,2307
17/12:38:53,9.54,2.98,107.25,64.955,17.63,65.406,2308
17/12:38:53,9.54,2.98,107.24,65.021,17.63,65.406,2309
17/12:38:54,9.57,2.96,107.25,65.032,17.63,65.417,2310
17/12:38:54,9.6,2.95,107.25,65.054,17.63,65.428,2311
17/12:38:55,9.56,2.97,107.24,65.296,17.62,65.45,2312
17/12:38:56,9.64,2.98,107.24,65.45,17.62,65.461,2313
17/12:38:57,9.56,2.97,107.26,65.626,17.62,65.472,2314
17/12:38:58,9.54,2.99,107.25,65.725,17.62,65.494,2315
17/12:38:58,9.49,2.99,107.23,65.813,17.62,65.505,2316
17/12:38:59,9.56,2.99,107.24,65.923,17.62,65.516,2317
17/12:38:59,9.52,2.99,107.24,66.077,17.62,65.516,2318
17/12:39:00,9.52,2.98,107.25,66.11,17.62,65.527,2319
17/12:39:00,9.52,2.99,107.23,66.22,17.61,65.549,2320
17/12:39:01,9.56,2.99,107.24,66.385,17.61,65.549,2321
17/12:39:02,9.56,2.98,107.23,66.517,17.61,65.56,2322
17/12:39:02,9.56,2.97,107.24,66.594,17.61,65.571,2323
17/12:39:02,9.52,2.97,107.23,66.693,17.61,65.582,2324
17/12:39:03,9.52,2.96,107.23,66.77,17.61,65.593,2325
17/12:39:03,9.52,2.97,107.22,66.792,17.61,65.604,2326
17/12:39:04,9.52,2.97,107.23,66.968,17.61,65.615,2327
17/12:39:05,9.51,2.97,107.22,67.1,17.61,65.626,2328
17/12:39:05,9.5,2.96,107.22,67.122,17.61,65.637,2329
17/12:39:06,9.53,2.97,107.22,67.364,17.6,65.648,2330
17/12:39:07,9.59,2.97,107.22,67.463,17.6,65.659,2331
17/12:39:07,9.54,2.97,107.22,67.485,17.6,65.67,2332
17/12:39:08,9.61,2.96,107.2,67.595,17.6,65.681,2333
17/12:39:08,9.67,2.96,107.21,67.705,17.6,65.692,2334
17/12:39:10,9.66,2.97,107.22,68.013,17.6,65.714,2335
17/12:39:10,9.63,2.98,107.22,68.046,17.6,65.725,2336
17/12:39:11,9.6,2.98,107.21,68.167,17.6,65.736,2337
17/12:39:11,9.61,2.98,107.21,68.244,17.59,65.736,2338
17/12:39:13,9.54,2.97,107.19,68.365,17.59,65.769,2339
17/12:39:13,9.5,2.97,107.2,68.475,17.59,65.78,2340
17/12:39:14,9.5,2.96,107.2,68.53,17.59,65.791,2341
17/12:39:14,9.55,2.96,107.19,68.552,17.59,65.802,2342
17/12:39:15,9.57,2.97,107.2,68.585,17.59,65.813,2343
17/12:39:15,9.54,2.97,107.2,68.772,17.59,65.824,2344
17/12:39:16,9.56,2.97,107.21,68.915,17.59,65.835,2345
17/12:39:17,9.54,2.97,107.23,69.124,17.58,65.846,2346
17/12:39:17,9.55,2.97,107.24,69.19,17.58,65.857,2347
17/12:39:18,9.57,2.97,107.23,69.267,17.58,65.868,2348
17/12:39:19,9.54,2.96,107.24,69.322,17.58,65.879,2349
17/12:39:20,9.55,2.95,107.24,69.586,17.58,65.912,2350
17/12:39:20,9.55,2.95,107.25,69.707,17.58,65.923,2351
17/12:39:21,9.56,2.95,107.25,69.784,17.58,65.934,2352
17/12:39:23,9.6,2.96,107.23,70.026,17.57,65.978,2353
17/12:39:24,9.62,2.97,107.22,70.103,17.57,65.978,2354
17/12:39:25,9.63,2.96,107.2,70.422,17.57,66.0,2355
17/12:39:26,9.57,2.95,107.21,70.444,17.57,66.022,2356
17/12:39:26,9.53,2.95,107.22,70.455,17.57,66.033,2357
17/12:39:27,9.53,2.95,107.22,70.51,17.57,66.044,2358
17/12:39:27,9.61,2.95,107.22,70.609,17.56,66.055,2359
17/12:39:28,9.56,2.95,107.22,70.642,17.56,66.066,2360
17/12:39:28,9.55,2.96,107.22,70.697,17.56,66.077,2361
17/12:39:29,9.6,2.96,107.21,70.686,17.56,66.088,2362
17/12:39:29,9.57,2.97,107.2,70.642,17.56,66.099,2363
17/12:39:30,9.53,2.96,107.19,70.708,17.56,66.11,2364
17/12:39:30,9.59,2.96,107.19,70.785,17.56,66.121,2365
17/12:39:31,9.68,2.96,107.17,70.807,17.56,66.132,2366
17/12:39:32,9.56,2.97,107.17,70.851,17.56,66.143,2367
17/12:39:32,9.64,2.96,107.17,70.961,17.55,66.154,2368
17/12:39:34,9.53,2.97,107.17,70.884,17.55,66.176,2369
17/12:39:35,9.59,2.98,107.18,70.917,17.55,66.198,2370
17/12:39:36,8.28,2.88,107.26,71.049,17.55,66.22,2371
17/12:39:36,7.51,2.81,107.31,71.071,17.55,66.231,2372
17/12:39:37,6.74,2.75,107.37,71.016,17.55,66.242,2373
17/12:39:37,5.77,2.68,107.42,70.972,17.55,66.253,2374
17/12:39:38,5.65,2.66,107.46,70.95,17.55,66.264,2375
17/12:39:39,6.0,2.66,107.42,71.049,17.55,66.286,2376
17/12:39:40,7.63,2.75,107.31,71.225,17.54,66.308,2377
17/12:39:40,8.88,2.82,107.22,71.236,17.54,66.308,2378
17/12:39:41,9.8,2.88,107.16,71.313,17.54,66.308,2379
17/12:39:42,10.56,2.92,107.07,71.544,17.54,66.341,2380
17/12:39:43,10.7,2.91,107.06,71.566,17.54,66.352,2381
17/12:39:43,10.62,2.91,107.04,71.632,17.54,66.363,2382
17/12:39:44,10.69,2.9,107.04,71.731,17.54,66.374,2383
17/12:39:45,10.73,2.92,107.03,71.775,17.54,66.385,2384
17/12:39:45,10.71,2.9,107.01,71.973,17.53,66.407,2385
17/12:39:46,10.7,2.9,107.01,72.16,17.53,66.429,2386
17/12:39:47,10.63,2.89,107.02,72.259,17.53,66.44,2387
17/12:39:48,10.66,2.9,107.03,72.424,17.53,66.462,2388
17/12:39:48,10.54,2.89,107.03,72.402,17.53,66.473,2389
17/12:39:49,10.71,2.89,107.05,72.402,17.53,66.484,2390
17/12:39:49,10.64,2.88,107.06,72.523,17.52,66.495,2391
17/12:39:50,10.7,2.87,107.06,72.6,17.52,66.506,2392
17/12:39:51,10.67,2.86,107.04,72.688,17.52,66.528,2393
17/12:39:52,10.69,2.85,107.03,72.842,17.52,66.55,2394
17/12:39:53,10.83,2.84,107.03,72.842,17.52,66.561,2395
17/12:39:53,10.77,2.83,107.03,72.908,17.52,66.572,2396
17/12:39:54,10.76,2.83,107.02,73.073,17.52,66.583,2397
17/12:39:54,10.73,2.83,107.01,73.095,17.51,66.583,2398
17/12:39:55,10.78,2.83,107.0,73.139,17.51,66.594,2399
17/12:39:55,10.76,2.83,107.0,73.106,17.51,66.616,2400
17/12:39:56,10.73,2.83,107.01,73.172,17.51,66.616,2401
17/12:39:57,10.73,2.86,106.98,73.337,17.51,66.627,2402
17/12:39:57,10.69,2.87,106.97,73.436,17.51,66.649,2403
17/12:39:58,10.79,2.87,106.98,73.557,17.51,66.66,2404
17/12:39:58,10.73,2.88,106.98,73.59,17.5,66.671,2405
17/12:39:59,10.78,2.88,106.97,73.634,17.5,66.682,2406
17/12:40:00,10.71,2.88,106.98,73.634,17.5,66.693,2407
17/12:40:01,10.78,2.87,107.0,73.766,17.5,66.715,2408
17/12:40:01,10.75,2.86,107.01,73.854,17.5,66.726,2409
17/12:40:02,10.74,2.87,107.01,73.854,17.5,66.737,2410
17/12:40:02,10.71,2.87,107.01,73.909,17.5,66.748,2411
17/12:40:03,10.75,2.86,107.01,74.052,17.5,66.759,2412
17/12:40:04,10.77,2.86,107.01,74.14,17.49,66.781,2413
17/12:40:04,10.8,2.86,107.01,74.195,17.49,66.792,2414
17/12:40:05,10.82,2.87,107.01,74.272,17.49,66.803,2415
17/12:40:06,10.67,2.87,107.0,74.327,17.49,66.814,2416
17/12:40:06,10.74,2.86,107.0,74.459,17.49,66.836,2417
17/12:40:07,10.72,2.85,106.99,74.514,17.49,66.847,2418
17/12:40:08,10.67,2.85,106.98,74.646,17.49,66.858,2419
17/12:40:09,10.64,2.86,106.97,74.778,17.48,66.88,2420
17/12:40:09,10.64,2.84,106.96,74.822,17.48,66.891,2421
17/12:40:10,10.79,2.85,106.96,74.855,17.48,66.902,2422
17/12:40:10,10.72,2.85,106.97,74.877,17.48,66.913,2423
17/12:40:11,10.71,2.88,106.96,75.053,17.48,66.935,2424
17/12:40:11,10.72,2.88,106.95,75.152,17.48,66.946,2425
17/12:40:12,10.65,2.88,106.95,75.207,17.47,66.957,2426
17/12:40:13,10.71,2.88,106.95,75.284,17.47,66.968,2427
17/12:40:14,10.51,2.89,106.96,75.273,17.47,66.99,2428
17/12:40:15,10.59,2.9,106.92,75.515,17.47,67.012,2429
17/12:40:16,10.67,2.9,106.93,75.581,17.47,67.034,2430
17/12:40:16,10.57,2.9,106.94,75.713,17.47,67.045,2431
17/12:40:17,10.63,2.89,106.94,75.768,17.46,67.056,2432
17/12:40:17,10.74,2.9,106.95,75.812,17.46,67.067,2433
17/12:40:18,10.63,2.89,106.95,75.779,17.46,67.078,2434
17/12:40:18,10.61,2.89,106.95,75.823,17.46,67.089,2435
17/12:40:19,10.78,2.9,106.97,75.889,17.46,67.1,2436
17/12:40:20,10.59,2.88,106.96,75.944,17.46,67.122,2437
17/12:40:21,10.81,2.88,106.96,75.955,17.46,67.133,2438
17/12:40:21,10.72,2.89,106.96,76.032,17.46,67.144,2439
17/12:40:22,10.69,2.88,106.95,76.076,17.45,67.155,2440
17/12:40:22,10.92,2.87,106.94,76.12,17.45,67.166,2441
17/12:40:23,10.79,2.87,106.92,76.23,17.45,67.177,2442
17/12:40:23,10.6,2.86,106.91,76.208,17.45,67.188,2443
17/12:40:24,10.78,2.87,106.92,76.274,17.45,67.199,2444
17/12:40:24,10.85,2.87,106.91,76.307,17.45,67.21,2445
17/12:40:25,10.69,2.86,106.91,76.395,17.45,67.221,2446
17/12:40:25,10.8,2.87,106.9,76.417,17.45,67.232,2447
17/12:40:26,10.93,2.87,106.9,76.362,17.45,67.243,2448
17/12:40:26,10.7,2.87,106.91,76.34,17.43,67.254,2449
17/12:40:27,10.82,2.88,106.92,76.34,17.43,67.265,2450
17/12:40:27,10.99,2.89,106.92,76.395,17.43,67.276,2451
17/12:40:28,10.85,2.89,106.92,76.395,17.43,67.287,2452
17/12:40:29,10.8,2.89,106.94,76.296,17.43,67.309,2453
17/12:40:29,10.75,2.89,106.95,76.285,17.43,67.32,2454
17/12:40:30,10.64,2.89,106.95,76.329,17.43,67.331,2455
17/12:40:31,10.9,2.89,106.96,76.296,17.42,67.342,2456
17/12:40:31,10.78,2.89,106.96,76.329,17.42,67.353,2457
17/12:40:32,10.79,2.89,106.92,76.439,17.42,67.375,2458
17/12:40:33,11.06,2.89,106.92,76.428,17.42,67.386,2459
17/12:40:33,10.92,2.89,106.93,76.472,17.42,67.397,2460
17/12:40:34,10.82,2.9,106.91,76.472,17.42,67.408,2461
17/12:40:34,10.8,2.9,106.91,76.439,17.42,67.408,2462
17/12:40:35,10.87,2.9,106.9,76.56,17.42,67.441,2463
17/12:40:37,11.03,2.89,106.92,76.615,17.42,67.463,2464
17/12:40:37,10.88,2.88,106.9,76.626,17.42,67.485,2465
17/12:40:38,10.91,2.88,106.91,76.648,17.42,67.507,2466
17/12:40:39,10.83,2.89,106.91,76.714,17.42,67.518,2467
17/12:40:40,10.78,2.9,106.91,76.857,17.41,67.529,2468
17/12:40:40,10.42,2.92,106.91,76.923,17.41,67.551,2469
17/12:40:41,10.52,2.92,106.91,76.956,17.41,67.562,2470
17/12:40:42,10.62,2.93,106.92,76.967,17.41,67.584,2471
17/12:40:42,10.65,2.92,106.92,77.022,17.41,67.595,2472
17/12:40:43,10.51,2.92,106.92,77.077,17.41,67.606,2473
17/12:40:43,10.38,2.91,106.92,77.132,17.41,67.617,2474
17/12:40:44,10.62,2.9,106.93,77.176,17.41,67.628,2475
17/12:40:44,10.92,2.9,106.93,77.242,17.4,67.639,2476
17/12:40:45,10.95,2.89,106.91,77.341,17.4,67.65,2477
17/12:40:45,10.74,2.88,106.9,77.451,17.4,67.661,2478
17/12:40:46,10.55,2.88,106.89,77.55,17.4,67.683,2479
17/12:40:47,10.61,2.89,106.89,77.572,17.4,67.694,2480
17/12:40:47,10.83,2.89,106.89,77.583,17.4,67.705,2481
17/12:40:48,10.79,2.89,106.87,77.616,17.4,67.716,2482
17/12:40:48,10.7,2.89,106.88,77.814,17.4,67.716,2483
17/12:40:49,10.73,2.9,106.9,77.858,17.39,67.749,2484
17/12:40:50,10.76,2.89,106.9,77.891,17.39,67.76,2485
17/12:40:50,10.74,2.89,106.9,77.968,17.39,67.771,2486
17/12:40:51,10.68,2.88,106.89,78.111,17.39,67.782,2487
17/12:40:52,10.61,2.89,106.88,78.144,17.39,67.793,2488
17/12:40:52,10.57,2.88,106.87,78.254,17.39,67.804,2489
17/12:40:53,10.55,2.88,106.87,78.452,17.38,67.826,2490
17/12:40:54,10.61,2.88,106.87,78.452,17.38,67.837,2491
17/12:40:55,10.6,2.89,106.86,78.452,17.38,67.859,2492
17/12:40:56,10.3,2.88,106.89,78.551,17.38,67.881,2493
17/12:40:56,10.32,2.88,106.89,78.606,17.38,67.892,2494
17/12:40:57,10.38,2.89,106.9,78.76,17.38,67.903,2495
17/12:40:58,10.56,2.9,106.9,78.903,17.38,67.925,2496
17/12:40:58,10.73,2.89,106.9,79.002,17.37,67.936,2497
17/12:40:59,11.0,2.9,106.88,79.178,17.37,67.958,2498
17/12:40:59,11.05,2.89,106.88,79.211,17.37,67.969,2499
17/12:41:00,11.02,2.9,106.88,79.299,17.37,67.98,2500
17/12:41:01,10.86,2.9,106.87,79.398,17.37,67.991,2501
17/12:41:01,10.69,2.89,106.87,79.365,17.37,68.002,2502
17/12:41:02,10.46,2.88,106.87,79.354,17.37,68.013,2503
17/12:41:02,10.21,2.87,106.87,79.464,17.37,68.024,2504
17/12:41:03,10.05,2.86,106.88,79.618,17.36,68.035,2505
17/12:41:03,9.97,2.86,106.88,79.629,17.36,68.046,2506
17/12:41:04,9.94,2.86,106.88,79.662,17.36,68.057,2507
17/12:41:04,9.91,2.85,106.87,79.673,17.36,68.068,2508
17/12:41:05,10.26,2.85,106.87,79.761,17.36,68.09,2509
17/12:41:06,10.44,2.86,106.88,79.893,17.36,68.101,2510
17/12:41:06,10.81,2.86,106.86,79.893,17.36,68.112,2511
17/12:41:07,10.99,2.86,106.85,79.849,17.36,68.134,2512
17/12:41:08,11.56,2.86,106.86,79.915,17.35,68.156,2513
17/12:41:09,11.76,2.87,106.85,79.992,17.35,68.167,2514
17/12:41:10,11.85,2.87,106.84,80.091,17.35,68.189,2515
17/12:41:10,11.9,2.87,106.86,80.058,17.35,68.211,2516
17/12:41:11,12.03,2.88,106.85,80.036,17.35,68.222,2517
17/12:41:11,12.03,2.89,106.85,80.047,17.34,68.233,2518
17/12:41:12,11.89,2.89,106.84,80.091,17.34,68.244,2519
17/12:41:13,11.81,2.89,106.86,80.036,17.34,68.255,2520
17/12:41:13,11.8,2.88,106.85,80.091,17.34,68.266,2521
17/12:41:14,11.91,2.88,106.86,80.069,17.34,68.277,2522
17/12:41:14,11.81,2.88,106.85,80.014,17.34,68.288,2523
17/12:41:15,11.7,2.89,106.84,79.948,17.34,68.299,2524
17/12:41:15,11.71,2.9,106.84,79.904,17.33,68.321,2525
17/12:41:16,11.78,2.9,106.86,79.882,17.33,68.343,2526
17/12:41:18,12.04,2.92,106.85,79.53,17.33,68.387,2527
17/12:41:19,12.15,2.92,106.86,79.53,17.33,68.398,2528
17/12:41:20,12.2,2.92,106.85,79.42,17.32,68.42,2529
17/12:41:21,12.28,2.92,106.84,79.354,17.32,68.442,2530
17/12:41:21,12.08,2.92,106.85,79.354,17.32,68.453,2531
17/12:41:22,11.99,2.92,106.84,79.343,17.32,68.464,2532
17/12:41:22,11.85,2.91,106.84,79.299,17.32,68.475,2533
17/12:41:23,11.61,2.92,106.84,79.288,17.31,68.486,2534
17/12:41:24,11.49,2.91,106.84,79.222,17.31,68.497,2535
17/12:41:25,10.85,2.93,106.84,79.024,17.31,68.53,2536
17/12:41:25,10.55,2.92,106.84,78.969,17.31,68.541,2537
17/12:41:26,10.43,2.92,106.84,78.859,17.31,68.541,2538
17/12:41:27,10.46,2.94,106.85,78.727,17.31,68.574,2539
17/12:41:27,10.48,2.93,106.84,78.804,17.31,68.585,2540
17/12:41:28,10.48,2.94,106.86,78.683,17.3,68.596,2541
17/12:41:29,10.82,2.95,106.86,78.452,17.3,68.618,2542
17/12:41:29,11.06,2.96,106.85,78.452,17.3,68.629,2543
17/12:41:30,11.14,2.96,106.85,78.452,17.3,68.64,2544
17/12:41:30,10.9,2.95,106.84,78.353,17.3,68.651,2545
17/12:41:31,10.73,2.94,106.85,78.254,17.3,68.662,2546
17/12:41:32,10.67,2.94,106.85,78.232,17.3,68.673,2547
17/12:41:32,10.68,2.93,106.83,78.188,17.3,68.684,2548
17/12:41:33,10.83,2.93,106.82,78.133,17.29,68.695,2549
17/12:41:35,10.49,2.91,106.84,78.067,17.29,68.739,2550
17/12:41:35,10.49,2.92,106.85,78.034,17.29,68.75,2551
17/12:41:36,9.07,2.62,106.99,77.935,17.29,68.772,2552
17/12:41:37,7.76,2.41,107.1,77.825,17.29,68.783,2553
17/12:41:37,6.53,2.22,107.19,77.682,17.28,68.794,2554
17/12:41:38,5.49,2.05,107.3,77.605,17.28,68.805,2555
17/12:41:39,3.96,1.67,107.48,77.143,17.28,68.849,2556
17/12:41:41,6.65,2.17,107.22,76.956,17.28,68.882,2557
17/12:41:43,10.55,2.92,106.84,76.835,17.28,68.926,2558
17/12:41:44,10.7,2.93,106.86,76.857,17.28,68.948,2559
17/12:41:46,10.77,2.94,106.88,76.857,17.27,68.992,2560
17/12:41:47,10.74,2.93,106.88,76.813,17.27,69.003,2561
17/12:41:48,10.7,2.94,106.89,76.78,17.27,69.025,2562
17/12:41:48,10.77,2.94,106.88,76.791,17.27,69.036,2563
17/12:41:49,10.75,2.94,106.86,76.67,17.26,69.058,2564
17/12:41:50,10.71,2.94,106.86,76.736,17.26,69.069,2565
17/12:41:50,10.64,2.94,106.85,76.791,17.26,69.08,2566
17/12:41:51,10.82,2.94,106.84,76.791,17.26,69.091,2567
17/12:41:52,10.71,2.93,106.83,76.78,17.26,69.102,2568
17/12:41:52,10.59,2.93,106.82,76.747,17.26,69.113,2569
17/12:41:53,10.61,2.93,106.81,76.703,17.26,69.124,2570
17/12:41:53,10.5,2.93,106.82,76.67,17.26,69.135,2571
17/12:41:54,10.35,2.93,106.81,76.736,17.25,69.146,2572
17/12:41:55,10.5,2.92,106.8,76.769,17.25,69.168,2573
17/12:41:55,10.46,2.92,106.81,76.736,17.25,69.179,2574
17/12:41:56,10.45,2.93,106.82,76.659,17.25,69.19,2575
17/12:41:57,10.66,2.93,106.81,76.571,17.25,69.212,2576
17/12:41:57,10.7,2.94,106.82,76.626,17.25,69.223,2577
17/12:41:58,10.73,2.94,106.81,76.648,17.25,69.234,2578
17/12:41:58,10.74,2.95,106.81,76.615,17.24,69.245,2579
17/12:41:59,10.76,2.95,106.83,76.571,17.24,69.256,2580
17/12:41:59,10.69,2.95,106.83,76.549,17.24,69.267,2581
17/12:42:00,10.73,2.95,106.82,76.505,17.24,69.278,2582
17/12:42:02,10.94,2.95,106.82,76.549,17.24,69.322,2583
17/12:42:03,10.89,2.94,106.81,76.593,17.24,69.333,2584
17/12:42:03,10.73,2.94,106.81,76.593,17.23,69.355,2585
17/12:42:04,10.66,2.95,106.78,76.571,17.23,69.366,2586
17/12:42:05,10.75,2.95,106.77,76.56,17.23,69.377,2587
17/12:42:05,10.78,2.95,106.78,76.626,17.23,69.399,2588
17/12:42:06,10.74,2.95,106.78,76.681,17.23,69.41,2589
17/12:42:06,10.5,2.95,106.78,76.626,17.23,69.421,2590
17/12:42:07,10.59,2.95,106.78,76.615,17.23,69.432,2591
17/12:42:07,10.75,2.95,106.78,76.637,17.23,69.443,2592
17/12:42:08,10.91,2.95,106.78,76.681,17.22,69.454,2593
17/12:42:08,10.75,2.95,106.78,76.703,17.22,69.465,2594
17/12:42:09,10.62,2.96,106.79,76.648,17.22,69.476,2595
17/12:42:10,10.72,2.95,106.79,76.626,17.22,69.487,2596
17/12:42:10,10.72,2.96,106.79,76.758,17.22,69.509,2597
17/12:42:12,10.79,2.95,106.79,76.824,17.22,69.531,2598
17/12:42:12,10.72,2.94,106.79,76.813,17.22,69.542,2599
17/12:42:13,10.74,2.94,106.79,76.758,17.21,69.553,2600
17/12:42:13,10.77,2.93,106.79,76.725,17.21,69.564,2601
17/12:42:14,10.84,2.93,106.78,76.747,17.21,69.575,2602
17/12:42:14,10.92,2.94,106.78,76.736,17.21,69.586,2603
17/12:42:15,10.77,2.93,106.79,76.736,17.21,69.608,2604
17/12:42:16,10.69,2.93,106.8,76.813,17.21,69.608,2605
17/12:42:16,10.78,2.93,106.8,76.912,17.21,69.63,2606
17/12:42:17,10.69,2.93,106.8,76.978,17.2,69.641,2607
17/12:42:17,10.43,2.93,106.79,76.967,17.2,69.652,2608
17/12:42:18,10.56,2.93,106.77,77.033,17.2,69.674,2609
17/12:42:19,10.5,2.93,106.77,77.165,17.2,69.685,2610
17/12:42:20,10.38,2.93,106.77,77.231,17.2,69.707,2611
17/12:42:20,10.62,2.92,106.78,77.264,17.2,69.718,2612
17/12:42:21,10.86,2.92,106.78,77.407,17.2,69.729,2613
17/12:42:22,10.86,2.92,106.77,77.44,17.19,69.74,2614
17/12:42:23,10.57,2.91,106.79,77.473,17.19,69.762,2615
17/12:42:23,10.8,2.91,106.78,77.539,17.19,69.773,2616
17/12:42:24,11.04,2.91,106.78,77.594,17.19,69.784,2617
17/12:42:24,11.15,2.92,106.76,77.627,17.19,69.795,2618
17/12:42:25,9.15,2.61,106.92,77.891,17.19,69.817,2619
17/12:42:26,7.85,2.42,107.05,77.836,17.19,69.828,2620
17/12:42:26,6.65,2.18,107.2,77.583,17.18,69.839,2621
17/12:42:27,5.83,1.97,107.3,77.451,17.18,69.85,2622
17/12:42:27,4.73,1.78,107.42,77.44,17.18,69.861,2623
17/12:42:28,3.43,1.55,107.53,77.396,17.18,69.883,2624
17/12:42:28,1.93,1.37,107.63,77.253,17.18,69.894,2625
17/12:42:29,2.42,1.48,107.62,77.066,17.18,69.905,2626
17/12:42:30,3.19,1.54,107.56,77.044,17.18,69.916,2627
17/12:42:31,3.5,1.54,107.51,77.209,17.18,69.927,2628
17/12:42:31,3.42,1.66,107.48,76.934,17.18,69.96,2629
17/12:42:32,4.27,1.77,107.42,76.824,17.18,69.971,2630
17/12:42:33,4.35,1.78,107.41,76.769,17.18,69.982,2631
17/12:42:33,3.55,1.67,107.5,76.802,17.18,69.993,2632
17/12:42:34,3.22,1.61,107.56,76.725,17.18,70.004,2633
17/12:42:35,4.69,1.89,107.46,76.516,17.18,70.026,2634
17/12:42:35,5.73,2.07,107.36,76.417,17.18,70.037,2635
17/12:42:36,6.72,2.2,107.28,76.384,17.18,70.048,2636
17/12:42:36,7.23,2.28,107.24,76.45,17.18,70.059,2637
17/12:42:37,9.86,2.73,106.97,76.549,17.18,70.081,2638
17/12:42:38,10.75,2.92,106.82,76.494,17.18,70.092,2639
17/12:42:39,10.86,2.93,106.78,76.472,17.17,70.114,2640
17/12:42:40,10.87,2.93,106.78,76.45,17.17,70.125,2641
17/12:42:40,10.67,2.93,106.77,76.516,17.17,70.136,2642
17/12:42:40,10.61,2.94,106.76,76.516,17.17,70.147,2643
17/12:42:41,10.75,2.94,106.77,76.516,17.17,70.158,2644
17/12:42:42,10.78,2.94,106.76,76.582,17.17,70.169,2645
17/12:42:42,10.67,2.94,106.77,76.703,17.17,70.18,2646
17/12:42:43,10.57,2.94,106.76,76.681,17.16,70.202,2647
17/12:42:43,10.63,2.95,106.76,76.758,17.16,70.213,2648
17/12:42:44,10.69,2.94,106.75,76.857,17.16,70.224,2649
17/12:42:45,10.56,2.94,106.76,76.89,17.16,70.235,2650
17/12:42:45,10.4,2.94,106.76,76.945,17.16,70.246,2651
17/12:42:46,10.33,2.95,106.76,77.022,17.16,70.257,2652
17/12:42:46,10.48,2.95,106.75,77.066,17.16,70.268,2653
17/12:42:47,10.61,2.95,106.74,77.055,17.16,70.279,2654
17/12:42:48,10.26,2.96,106.75,77.044,17.14,70.301,2655
17/12:42:48,10.3,2.96,106.75,77.0,17.14,70.312,2656
17/12:42:49,10.61,2.96,106.73,77.033,17.14,70.323,2657
17/12:42:50,10.5,2.95,106.71,77.242,17.14,70.345,2658
17/12:42:51,10.44,2.94,106.71,77.231,17.14,70.356,2659
17/12:42:51,10.51,2.94,106.73,77.275,17.14,70.367,2660
17/12:42:52,10.64,2.94,106.72,77.286,17.14,70.378,2661
17/12:42:52,10.73,2.94,106.73,77.308,17.14,70.389,2662
17/12:42:53,10.56,2.93,106.73,77.308,17.14,70.4,2663
17/12:42:53,10.5,2.93,106.75,77.352,17.14,70.411,2664
17/12:42:53,10.67,2.93,106.77,77.363,17.14,70.433,2665
17/12:42:54,10.93,2.94,106.79,77.44,17.14,70.444,2666
17/12:42:55,10.84,2.93,106.81,77.561,17.14,70.444,2667
17/12:42:56,10.56,2.94,106.81,77.462,17.14,70.477,2668
17/12:42:56,10.64,2.93,106.8,77.385,17.14,70.488,2669
17/12:42:58,11.07,2.92,106.8,77.572,17.13,70.51,2670
17/12:42:59,10.61,2.92,106.76,77.55,17.13,70.543,2671
17/12:42:59,10.63,2.91,106.75,77.44,17.13,70.554,2672
17/12:43:00,10.59,2.89,106.76,77.539,17.13,70.565,2673
17/12:43:01,8.55,2.55,106.98,77.484,17.13,70.587,2674
17/12:43:02,7.37,2.37,107.09,77.429,17.12,70.598,2675
17/12:43:02,5.98,2.17,107.23,77.264,17.12,70.609,2676
17/12:43:03,5.84,2.14,107.28,77.099,17.12,70.62,2677
17/12:43:03,6.05,2.15,107.28,77.099,17.12,70.631,2678
17/12:43:04,6.38,2.2,107.28,76.978,17.12,70.653,2679
17/12:43:05,7.22,2.38,107.17,76.901,17.12,70.664,2680
17/12:43:05,8.25,2.56,107.03,76.901,17.12,70.675,2681
17/12:43:06,9.51,2.74,106.91,76.967,17.12,70.686,2682
17/12:43:06,10.7,2.91,106.8,77.022,17.12,70.697,2683
17/12:43:07,10.66,2.93,106.75,76.846,17.12,70.708,2684
17/12:43:08,10.73,2.95,106.74,76.791,17.11,70.73,2685
17/12:43:09,10.78,2.94,106.74,76.879,17.11,70.752,2686
17/12:43:09,10.68,2.93,106.73,76.89,17.11,70.763,2687
17/12:43:10,10.59,2.93,106.75,76.824,17.11,70.774,2688
17/12:43:10,10.81,2.93,106.74,76.846,17.11,70.785,2689
17/12:43:11,10.88,2.92,106.71,76.956,17.11,70.807,2690
17/12:43:12,10.63,2.91,106.71,76.857,17.11,70.818,2691
17/12:43:12,10.7,2.91,106.69,76.835,17.1,70.829,2692
17/12:43:13,10.77,2.9,106.7,76.912,17.1,70.84,2693
17/12:43:14,10.73,2.9,106.71,76.956,17.1,70.851,2694
17/12:43:14,10.6,2.9,106.69,77.044,17.1,70.862,2695
17/12:43:15,10.41,2.9,106.68,77.0,17.1,70.873,2696
17/12:43:15,10.56,2.91,106.67,76.868,17.1,70.884,2697
17/12:43:16,10.67,2.9,106.69,76.901,17.1,70.895,2698
17/12:43:17,10.73,2.89,106.68,76.989,17.1,70.917,2699
17/12:43:17,10.79,2.9,106.67,77.055,17.09,70.939,2700
17/12:43:18,10.85,2.9,106.67,77.088,17.09,70.95,2701
17/12:43:18,10.9,2.88,106.69,77.022,17.09,70.961,2702
17/12:43:19,10.84,2.88,106.69,76.967,17.09,70.961,2703
17/12:43:19,10.8,2.88,106.7,77.0,17.09,70.983,2704
17/12:43:20,10.63,2.88,106.7,77.187,17.09,71.005,2705
17/12:43:21,10.46,2.88,106.71,77.165,17.09,71.016,2706
17/12:43:21,10.54,2.87,106.7,77.121,17.08,71.016,2707
17/12:43:22,10.65,2.86,106.69,77.209,17.08,71.027,2708
17/12:43:23,10.52,2.87,106.7,77.308,17.08,71.06,2709
17/12:43:24,10.52,2.88,106.71,77.198,17.08,71.082,2710
17/12:43:25,10.8,2.89,106.72,77.198,17.08,71.093,2711
17/12:43:25,10.9,2.88,106.73,77.209,17.08,71.104,2712
17/12:43:26,10.65,2.89,106.74,77.286,17.08,71.115,2713
17/12:43:27,10.83,2.89,106.75,77.242,17.07,71.137,2714
17/12:43:27,10.93,2.9,106.74,77.209,17.07,71.148,2715
17/12:43:28,10.96,2.91,106.73,77.286,17.07,71.159,2716
17/12:43:28,10.73,2.9,106.73,77.209,17.07,71.17,2717
17/12:43:29,10.41,2.9,106.72,77.143,17.07,71.181,2718
17/12:43:29,10.37,2.91,106.73,77.088,17.07,71.192,2719
17/12:43:30,10.33,2.9,106.76,77.044,17.07,71.214,2720
17/12:43:31,9.85,2.88,106.78,77.033,17.06,71.225,2721
17/12:43:32,9.78,2.86,106.81,76.934,17.06,71.247,2722
17/12:43:33,9.68,2.85,106.82,76.912,17.06,71.258,2723
17/12:43:33,9.5,2.85,106.83,76.846,17.06,71.269,2724
17/12:43:34,9.3,2.84,106.82,76.692,17.06,71.291,2725
17/12:43:35,9.35,2.85,106.82,76.549,17.06,71.313,2726
17/12:43:36,9.11,2.86,106.8,76.384,17.06,71.324,2727
17/12:43:36,9.01,2.87,106.82,76.274,17.05,71.335,2728
17/12:43:37,9.12,2.88,106.82,76.318,17.05,71.346,2729
17/12:43:37,9.19,2.88,106.81,76.351,17.05,71.357,2730
17/12:43:38,9.19,2.88,106.83,76.197,17.05,71.368,2731
17/12:43:39,9.23,2.89,106.85,76.065,17.05,71.39,2732
17/12:43:39,9.2,2.88,106.85,76.065,17.05,71.401,2733
17/12:43:40,9.3,2.88,106.85,76.021,17.05,71.412,2734
17/12:43:41,9.36,2.87,106.85,75.955,17.05,71.423,2735
17/12:43:41,9.23,2.87,106.85,75.911,17.05,71.434,2736
17/12:43:41,9.25,2.87,106.85,75.823,17.05,71.445,2737
17/12:43:42,9.28,2.87,106.83,75.768,17.04,71.456,2738
17/12:43:43,8.98,2.87,106.81,75.713,17.04,71.467,2739
17/12:43:44,9.13,2.87,106.83,75.669,17.04,71.5,2740
17/12:43:46,9.19,2.87,106.84,75.625,17.04,71.533,2741
17/12:43:47,9.42,2.87,106.85,75.658,17.04,71.555,2742
17/12:43:47,9.32,2.87,106.87,75.68,17.03,71.577,2743
17/12:43:48,9.43,2.88,106.84,75.669,17.03,71.588,2744
17/12:43:49,9.39,2.88,106.85,75.658,17.03,71.599,2745
17/12:43:49,9.32,2.88,106.86,75.603,17.03,71.61,2746
17/12:43:49,9.34,2.88,106.86,75.449,17.03,71.621,2747
17/12:43:50,9.25,2.89,106.86,75.339,17.03,71.643,2748
17/12:43:51,9.33,2.89,106.87,75.394,17.03,71.654,2749
17/12:43:52,9.17,2.9,106.86,75.383,17.03,71.665,2750
17/12:43:52,9.32,2.89,106.87,75.35,17.03,71.665,2751
17/12:43:53,9.25,2.9,106.88,75.372,17.02,71.698,2752
17/12:43:54,8.15,2.63,106.99,75.383,17.02,71.72,2753
17/12:43:55,6.7,2.43,107.11,75.24,17.02,71.731,2754
17/12:43:56,4.43,2.01,107.37,75.009,17.02,71.753,2755
17/12:43:56,3.96,1.97,107.39,74.888,17.02,71.764,2756
17/12:43:57,3.97,1.94,107.37,74.789,17.02,71.764,2757
17/12:43:58,4.5,2.05,107.31,74.8,17.02,71.797,2758
17/12:43:58,5.76,2.23,107.19,74.778,17.02,71.797,2759
17/12:43:59,6.61,2.41,107.09,74.778,17.02,71.808,2760
17/12:44:00,8.93,2.71,106.86,74.69,17.02,71.83,2761
17/12:44:01,9.26,2.76,106.85,74.723,17.02,71.852,2762
17/12:44:02,9.06,2.79,106.88,74.679,17.01,71.863,2763
17/12:44:02,9.23,2.81,106.87,74.646,17.01,71.874,2764
17/12:44:02,9.1,2.83,106.88,74.591,17.01,71.885,2765
17/12:44:03,9.28,2.86,106.87,74.525,17.01,71.896,2766
17/12:44:04,9.1,2.89,106.86,74.481,17.01,71.918,2767
17/12:44:04,9.19,2.92,106.87,74.503,17.01,71.918,2768
17/12:44:05,9.16,2.9,106.85,74.481,17.01,71.94,2769
17/12:44:06,9.34,2.91,106.85,74.503,17.01,71.951,2770
17/12:44:06,9.17,2.91,106.84,74.525,17.01,71.962,2771
17/12:44:07,9.32,2.91,106.84,74.47,17.01,71.973,2772
17/12:44:08,9.27,2.9,106.84,74.492,17.0,71.995,2773
17/12:44:08,9.3,2.91,106.82,74.437,17.0,72.006,2774
17/12:44:09,9.23,2.9,106.83,74.426,17.0,72.017,2775
17/12:44:09,9.26,2.92,106.83,74.393,17.0,72.028,2776
17/12:44:10,9.18,2.92,106.84,74.437,17.0,72.039,2777
17/12:44:12,9.2,2.92,106.84,74.305,17.0,72.083,2778
17/12:44:13,9.08,2.92,106.85,74.228,16.99,72.094,2779
17/12:44:13,9.16,2.92,106.85,74.173,16.99,72.105,2780
17/12:44:14,9.02,2.93,106.85,74.063,16.99,72.116,2781
17/12:44:14,9.23,2.92,106.84,74.129,16.99,72.116,2782
17/12:44:15,9.14,2.91,106.85,74.206,16.99,72.127,2783
17/12:44:15,9.22,2.91,106.86,74.129,16.99,72.149,2784
17/12:44:16,9.18,2.91,106.85,74.096,16.99,72.16,2785
17/12:44:16,9.25,2.91,106.86,74.129,16.99,72.171,2786
17/12:44:17,9.31,2.91,106.86,74.074,16.99,72.182,2787
17/12:44:18,9.27,2.9,106.86,74.008,16.99,72.193,2788
17/12:44:18,9.13,2.9,106.86,73.953,16.98,72.215,2789
17/12:44:19,9.3,2.91,106.86,73.942,16.98,72.226,2790
17/12:44:19,9.04,2.9,106.87,73.931,16.98,72.237,2791
17/12:44:20,9.07,2.9,106.86,73.909,16.98,72.248,2792
17/12:44:21,9.11,2.91,106.85,73.975,16.98,72.259,2793
17/12:44:21,9.14,2.91,106.86,73.953,16.98,72.27,2794
17/12:44:22,9.25,2.91,106.86,73.876,16.98,72.281,2795
17/12:44:22,9.09,2.91,106.86,73.788,16.98,72.292,2796
17/12:44:23,9.28,2.9,106.85,73.799,16.98,72.303,2797
17/12:44:23,9.09,2.9,106.84,73.821,16.98,72.314,2798
17/12:44:24,9.27,2.91,106.81,73.865,16.98,72.325,2799
17/12:44:24,9.23,2.91,106.81,73.821,16.97,72.336,2800
17/12:44:25,9.19,2.91,106.82,73.799,16.97,72.347,2801
17/12:44:26,9.16,2.91,106.81,73.667,16.97,72.369,2802
17/12:44:26,9.28,2.9,106.8,73.7,16.97,72.38,2803
17/12:44:27,9.15,2.91,106.81,73.7,16.97,72.391,2804
17/12:44:27,9.25,2.9,106.81,73.722,16.97,72.402,2805
17/12:44:28,9.14,2.91,106.82,73.689,16.97,72.413,2806
17/12:44:28,9.23,2.9,106.82,73.678,16.97,72.424,2807
17/12:44:29,9.15,2.89,106.81,73.634,16.97,72.435,2808
17/12:44:30,9.21,2.9,106.8,73.623,16.97,72.446,2809
17/12:44:30,9.11,2.89,106.8,73.59,16.96,72.457,2810
17/12:44:31,9.16,2.89,106.81,73.579,16.96,72.468,2811
17/12:44:31,9.07,2.88,106.81,73.48,16.96,72.479,2812
17/12:44:32,9.14,2.88,106.81,73.359,16.96,72.501,2813
17/12:44:33,9.22,2.88,106.82,73.348,16.96,72.501,2814
17/12:44:33,9.13,2.88,106.83,73.216,16.96,72.512,2815
17/12:44:34,9.1,2.88,106.83,73.15,16.96,72.523,2816
17/12:44:35,9.09,2.88,106.83,73.161,16.96,72.545,2817
17/12:44:35,9.13,2.89,106.83,73.073,16.96,72.556,2818
17/12:44:36,9.12,2.87,106.82,73.051,16.95,72.567,2819
17/12:44:36,9.18,2.88,106.82,73.007,16.95,72.578,2820
17/12:44:37,9.19,2.87,106.81,72.985,16.95,72.589,2821
17/12:44:37,9.2,2.86,106.81,72.941,16.95,72.6,2822
17/12:44:38,9.2,2.86,106.82,72.941,16.95,72.611,2823
17/12:44:39,9.36,2.86,106.82,72.864,16.95,72.644,2824
17/12:44:40,9.13,2.88,106.81,72.831,16.95,72.655,2825
17/12:44:41,9.09,2.89,106.82,72.897,16.94,72.677,2826
17/12:44:41,9.27,2.91,106.82,72.93,16.94,72.688,2827
17/12:44:42,9.17,2.91,106.81,72.897,16.94,72.699,2828
17/12:44:43,9.27,2.91,106.82,72.886,16.94,72.71,2829
17/12:44:43,9.27,2.93,106.83,72.831,16.94,72.721,2830
17/12:44:44,9.35,2.92,106.82,72.798,16.94,72.743,2831
17/12:44:45,9.32,2.92,106.84,72.765,16.94,72.754,2832
17/12:44:46,9.31,2.91,106.84,72.633,16.94,72.776,2833
17/12:44:47,9.32,2.91,106.85,72.6,16.93,72.798,2834
17/12:44:47,9.32,2.91,106.84,72.545,16.93,72.809,2835
17/12:44:48,9.16,2.91,106.84,72.49,16.93,72.82,2836
17/12:44:48,9.18,2.91,106.84,72.468,16.93,72.831,2837
17/12:44:49,9.09,2.9,106.82,72.435,16.93,72.831,2838
17/12:44:50,9.22,2.9,106.82,72.358,16.93,72.853,2839
17/12:44:51,9.05,2.89,106.83,72.358,16.93,72.864,2840
17/12:44:51,9.18,2.88,106.82,72.314,16.93,72.875,2841
17/12:44:51,9.16,2.87,106.82,72.325,16.93,72.886,2842
17/12:44:52,9.3,2.88,106.83,72.358,16.93,72.897,2843
17/12:44:53,9.14,2.87,106.82,72.292,16.92,72.908,2844
17/12:44:54,9.14,2.88,106.82,72.27,16.92,72.93,2845
17/12:44:54,9.11,2.87,106.8,72.193,16.92,72.941,2846
17/12:44:54,9.2,2.88,106.8,72.248,16.92,72.952,2847
17/12:44:55,9.09,2.89,106.8,72.281,16.92,72.963,2848
17/12:44:56,9.2,2.9,106.8,72.369,16.92,72.985,2849
17/12:44:57,9.12,2.91,106.8,72.358,16.92,72.996,2850
17/12:44:57,9.25,2.91,106.81,72.347,16.92,73.007,2851
17/12:44:58,9.22,2.92,106.81,72.325,16.91,73.018,2852
17/12:44:59,9.13,2.92,106.8,72.358,16.91,73.029,2853
17/12:44:59,9.24,2.93,106.82,72.314,16.91,73.04,2854
17/12:45:00,9.13,2.92,106.82,72.292,16.91,73.051,2855
17/12:45:01,9.1,2.92,106.83,72.281,16.91,73.073,2856
17/12:45:01,9.15,2.93,106.82,72.237,16.91,73.084,2857
17/12:45:01,9.15,2.93,106.82,72.27,16.91,73.095,2858
17/12:45:03,8.2,2.78,106.93,72.281,16.91,73.117,2859
17/12:45:05,5.43,2.34,107.19,72.028,16.9,73.15,2860
17/12:45:05,5.52,2.34,107.2,71.962,16.9,73.161,2861
17/12:45:06,5.46,2.34,107.19,71.907,16.9,73.172,2862
17/12:45:06,5.4,2.34,107.18,71.852,16.9,73.183,2863
17/12:45:07,5.36,2.33,107.18,71.896,16.9,73.194,2864
17/12:45:07,6.45,2.5,107.08,71.896,16.9,73.205,2865
17/12:45:08,7.6,2.66,106.98,71.896,16.9,73.216,2866
17/12:45:08,8.56,2.83,106.86,71.907,16.9,73.216,2867
17/12:45:09,9.2,2.92,106.83,71.907,16.9,73.227,2868
17/12:45:10,9.2,2.93,106.82,71.874,16.9,73.249,2869
17/12:45:11,9.3,2.93,106.82,71.929,16.9,73.271,2870
17/12:45:11,9.26,2.93,106.82,71.94,16.9,73.282,2871
17/12:45:12,9.27,2.93,106.8,71.962,16.89,73.304,2872
17/12:45:13,9.33,2.93,106.8,71.973,16.89,73.326,2873
17/12:45:14,9.17,2.92,106.78,71.973,16.89,73.337,2874
17/12:45:14,9.17,2.93,106.78,72.006,16.89,73.337,2875
17/12:45:15,9.1,2.93,106.77,72.006,16.89,73.359,2876
17/12:45:15,9.13,2.93,106.77,72.094,16.89,73.359,2877
17/12:45:16,9.24,2.93,106.78,72.16,16.89,73.37,2878
17/12:45:17,9.09,2.93,106.8,72.16,16.89,73.381,2879
17/12:45:17,9.1,2.93,106.79,72.193,16.88,73.403,2880
17/12:45:18,9.22,2.93,106.81,72.336,16.88,73.425,2881
17/12:45:19,9.17,2.93,106.82,72.27,16.88,73.436,2882
17/12:45:20,9.15,2.93,106.82,72.182,16.88,73.447,2883
17/12:45:20,9.16,2.94,106.82,72.204,16.88,73.458,2884
17/12:45:20,9.24,2.93,106.82,72.215,16.88,73.469,2885
17/12:45:21,9.22,2.94,106.81,72.259,16.88,73.48,2886
17/12:45:22,9.15,2.94,106.8,72.27,16.88,73.502,2887
17/12:45:22,9.18,2.93,106.8,72.292,16.88,73.513,2888
17/12:45:23,9.12,2.93,106.81,72.303,16.87,73.524,2889
17/12:45:23,9.16,2.93,106.81,72.303,16.87,73.535,2890
17/12:45:24,9.15,2.94,106.8,72.303,16.87,73.546,2891
17/12:45:25,9.09,2.93,106.8,72.336,16.87,73.557,2892
17/12:45:25,9.23,2.93,106.8,72.391,16.87,73.568,2893
17/12:45:26,9.13,2.92,106.82,72.435,16.87,73.579,2894
17/12:45:27,9.13,2.93,106.8,72.446,16.87,73.59,2895
17/12:45:27,9.11,2.93,106.79,72.435,16.87,73.601,2896
17/12:45:28,9.21,2.93,106.8,72.402,16.87,73.612,2897
17/12:45:28,9.16,2.93,106.81,72.391,16.87,73.623,2898
17/12:45:29,9.28,2.93,106.8,72.38,16.86,73.634,2899
17/12:45:29,9.12,2.93,106.8,72.38,16.86,73.645,2900
17/12:45:30,9.24,2.93,106.77,72.391,16.86,73.667,2901
17/12:45:32,9.3,2.93,106.76,72.204,16.86,73.689,2902
17/12:45:32,9.11,2.92,106.75,72.094,16.86,73.7,2903
17/12:45:33,9.18,2.92,106.74,72.116,16.86,73.711,2904
17/12:45:33,9.11,2.92,106.74,72.072,16.86,73.722,2905
17/12:45:34,9.0,2.93,106.76,72.061,16.86,73.733,2906
17/12:45:35,8.96,2.92,106.77,71.995,16.85,73.755,2907
17/12:45:35,9.11,2.93,106.77,72.039,16.85,73.766,2908
17/12:45:36,9.11,2.93,106.78,71.94,16.85,73.777,2909
17/12:45:36,9.13,2.93,106.79,71.841,16.85,73.788,2910
17/12:45:37,9.18,2.93,106.79,71.874,16.85,73.799,2911
17/12:45:38,9.19,2.93,106.79,71.863,16.85,73.81,2912
17/12:45:38,9.31,2.93,106.8,71.929,16.85,73.821,2913
17/12:45:39,9.34,2.92,106.79,71.907,16.85,73.843,2914
17/12:45:40,9.34,2.92,106.78,71.929,16.85,73.843,2915
17/12:45:40,9.37,2.91,106.78,71.896,16.84,73.865,2916
17/12:45:41,9.34,2.91,106.79,71.852,16.84,73.876,2917
17/12:45:41,9.2,2.91,106.79,71.896,16.84,73.887,2918
17/12:45:43,9.22,2.92,106.78,71.775,16.84,73.909,2919
17/12:45:43,9.14,2.92,106.79,71.753,16.84,73.931,2920
17/12:45:44,9.11,2.92,106.79,71.731,16.84,73.942,2921
17/12:45:44,8.99,2.92,106.8,71.72,16.84,73.953,2922
17/12:45:46,9.2,2.92,106.81,71.632,16.83,73.975,2923
17/12:45:46,9.16,2.91,106.8,71.731,16.83,73.986,2924
17/12:45:47,9.14,2.92,106.8,71.665,16.83,73.997,2925
17/12:45:47,9.15,2.92,106.8,71.621,16.83,74.008,2926
17/12:45:48,9.2,2.92,106.79,71.643,16.83,74.008,2927
17/12:45:49,9.26,2.92,106.77,71.643,16.83,74.03,2928
17/12:45:49,9.23,2.92,106.77,71.676,16.83,74.041,2929
17/12:45:50,9.2,2.91,106.75,71.709,16.83,74.063,2930
17/12:45:50,9.17,2.91,106.74,71.731,16.83,74.063,2931
17/12:45:51,9.25,2.91,106.73,71.72,16.83,74.074,2932
17/12:45:52,9.31,2.92,106.74,71.643,16.82,74.085,2933
17/12:45:52,9.25,2.93,106.75,71.665,16.82,74.096,2934
17/12:45:53,9.24,2.92,106.77,71.61,16.82,74.107,2935
17/12:45:54,9.23,2.93,106.78,71.566,16.82,74.129,2936
17/12:45:54,9.21,2.93,106.75,71.632,16.82,74.14,2937
17/12:45:55,9.32,2.93,106.76,71.599,16.82,74.151,2938
17/12:45:56,9.27,2.92,106.76,71.665,16.82,74.173,2939
17/12:45:56,9.24,2.92,106.75,71.599,16.82,74.184,2940
17/12:45:57,9.3,2.92,106.75,71.489,16.81,74.206,2941
17/12:45:58,9.23,2.92,106.75,71.533,16.81,74.217,2942
17/12:45:58,9.32,2.93,106.77,71.544,16.81,74.228,2943
17/12:45:59,9.28,2.93,106.76,71.5,16.81,74.239,2944
17/12:45:59,9.19,2.93,106.76,71.588,16.81,74.25,2945
17/12:46:00,9.24,2.92,106.76,71.566,16.81,74.25,2946
17/12:46:01,9.27,2.92,106.76,71.489,16.81,74.261,2947
17/12:46:01,9.23,2.92,106.76,71.511,16.81,74.272,2948
17/12:46:02,9.2,2.92,106.75,71.555,16.81,74.283,2949
17/12:46:02,9.25,2.92,106.74,71.544,16.81,74.294,2950
17/12:46:03,9.38,2.93,106.74,71.544,16.8,74.305,2951
17/12:46:03,9.25,2.93,106.73,71.511,16.8,74.316,2952
17/12:46:04,9.28,2.93,106.73,71.489,16.8,74.316,2953
17/12:46:04,9.35,2.93,106.72,71.412,16.8,74.327,2954
17/12:46:05,9.3,2.93,106.72,71.412,16.8,74.349,2955
17/12:46:05,9.37,2.94,106.73,71.357,16.8,74.36,2956
17/12:46:06,9.43,2.94,106.74,71.28,16.8,74.371,2957
17/12:46:07,9.31,2.94,106.75,71.148,16.8,74.393,2958
17/12:46:07,9.34,2.94,106.74,71.093,16.8,74.404,2959
17/12:46:08,9.34,2.94,106.76,71.027,16.8,74.415,2960
17/12:46:08,9.35,2.94,106.77,70.994,16.79,74.426,2961
17/12:46:09,9.42,2.94,106.76,70.906,16.79,74.437,2962
17/12:46:09,9.35,2.94,106.77,70.829,16.79,74.448,2963
17/12:46:10,9.33,2.94,106.77,70.73,16.79,74.448,2964
17/12:46:10,9.37,2.94,106.77,70.675,16.79,74.459,2965
17/12:46:11,9.41,2.94,106.78,70.598,16.79,74.47,2966
17/12:46:12,9.3,2.94,106.79,70.587,16.79,74.481,2967
17/12:46:12,9.33,2.94,106.79,70.62,16.79,74.492,2968
17/12:46:12,9.27,2.93,106.77,70.554,16.79,74.503,2969
17/12:46:13,9.21,2.94,106.77,70.521,16.79,74.514,2970
17/12:46:13,9.24,2.93,106.78,70.477,16.79,74.525,2971
17/12:46:14,9.28,2.93,106.78,70.433,16.78,74.536,2972
17/12:46:15,9.28,2.94,106.77,70.356,16.78,74.547,2973
17/12:46:15,9.24,2.93,106.77,70.257,16.78,74.558,2974
17/12:46:16,9.3,2.93,106.76,70.026,16.78,74.58,2975
17/12:46:17,9.34,2.92,106.76,69.971,16.78,74.591,2976
17/12:46:17,9.27,2.92,106.76,70.004,16.78,74.602,2977
17/12:46:18,9.21,2.92,106.75,69.993,16.78,74.602,2978
17/12:46:18,9.21,2.91,106.76,69.916,16.78,74.613,2979
17/12:46:19,9.22,2.91,106.76,69.839,16.78,74.624,2980
17/12:46:19,9.26,2.91,106.76,69.751,16.77,74.635,2981
17/12:46:20,9.19,2.91,106.74,69.707,16.77,74.646,2982
17/12:46:21,9.23,2.91,106.74,69.641,16.77,74.668,2983
17/12:46:22,9.27,2.92,106.73,69.421,16.77,74.69,2984
17/12:46:23,9.3,2.91,106.72,69.234,16.77,74.701,2985
17/12:46:23,9.27,2.91,106.71,69.3,16.77,74.712,2986
17/12:46:23,9.2,2.9,106.71,69.377,16.77,74.723,2987
17/12:46:25,9.27,2.89,106.72,69.146,16.76,74.745,2988
17/12:46:26,9.22,2.89,106.72,69.047,16.76,74.756,2989
17/12:46:26,9.31,2.88,106.71,68.937,16.76,74.767,2990
17/12:46:27,9.26,2.88,106.74,68.915,16.76,74.778,2991
17/12:46:27,9.22,2.88,106.74,68.816,16.76,74.789,2992
17/12:46:28,9.3,2.89,106.74,68.794,16.76,74.8,2993
17/12:46:28,9.33,2.89,106.74,68.728,16.76,74.811,2994
17/12:46:29,9.31,2.89,106.74,68.695,16.76,74.833,2995
17/12:46:31,9.27,2.91,106.73,68.442,16.75,74.855,2996
17/12:46:32,9.28,2.91,106.73,68.332,16.75,74.866,2997
17/12:46:33,9.3,2.91,106.74,68.189,16.75,74.888,2998
17/12:46:33,9.34,2.91,106.74,68.145,16.75,74.899,2999
17/12:46:34,9.38,2.9,106.75,67.925,16.75,74.921,3000
17/12:46:35,9.33,2.9,106.73,67.87,16.75,74.932,3001
17/12:46:35,9.26,2.9,106.73,67.859,16.75,74.943,3002
17/12:46:36,9.3,2.91,106.73,67.859,16.75,74.943,3003
17/12:46:36,9.32,2.91,106.73,67.705,16.74,74.954,3004
17/12:46:37,9.28,2.9,106.73,67.716,16.74,74.965,3005
17/12:46:37,9.31,2.91,106.73,67.716,16.74,74.976,3006
17/12:46:38,9.25,2.92,106.73,67.562,16.74,74.998,3007
17/12:46:39,9.37,2.91,106.75,67.331,16.74,75.02,3008
17/12:46:40,9.34,2.9,106.75,67.353,16.74,75.031,3009
17/12:46:40,9.28,2.9,106.74,67.309,16.74,75.042,3010
17/12:46:41,9.26,2.89,106.76,67.166,16.74,75.053,3011
17/12:46:41,9.25,2.88,106.76,67.078,16.74,75.053,3012
17/12:46:42,9.18,2.88,106.75,67.034,16.73,75.075,3013
17/12:46:43,9.13,2.88,106.74,66.99,16.73,75.097,3014
17/12:46:44,9.15,2.88,106.74,66.935,16.73,75.108,3015
17/12:46:45,9.18,2.88,106.74,66.88,16.73,75.13,3016
17/12:46:46,9.26,2.87,106.74,66.836,16.73,75.141,3017
17/12:46:46,9.25,2.87,106.75,66.836,16.73,75.141,3018
17/12:46:47,9.26,2.87,106.74,66.825,16.73,75.152,3019
17/12:46:47,9.25,2.87,106.74,66.781,16.72,75.163,3020
17/12:46:48,9.28,2.87,106.72,66.748,16.72,75.174,3021
17/12:46:48,9.28,2.86,106.72,66.759,16.72,75.185,3022
17/12:46:49,9.31,2.87,106.72,66.77,16.72,75.196,3023
17/12:46:49,9.34,2.86,106.7,66.836,16.72,75.207,3024
17/12:46:50,9.37,2.86,106.69,66.825,16.72,75.218,3025
17/12:46:51,9.31,2.87,106.69,66.825,16.72,75.229,3026
17/12:46:51,9.28,2.87,106.7,66.869,16.72,75.24,3027
17/12:46:52,9.27,2.88,106.72,66.902,16.72,75.251,3028
17/12:46:53,9.23,2.89,106.72,66.957,16.72,75.262,3029
17/12:46:53,9.21,2.89,106.72,66.99,16.71,75.273,3030
17/12:46:54,9.23,2.9,106.72,66.99,16.71,75.284,3031
17/12:46:54,9.18,2.89,106.73,67.012,16.71,75.295,3032
17/12:46:55,9.21,2.9,106.73,67.023,16.71,75.306,3033
17/12:46:55,9.24,2.9,106.74,67.056,16.71,75.317,3034
17/12:46:56,9.25,2.89,106.72,67.133,16.71,75.317,3035
17/12:46:57,9.27,2.89,106.72,67.32,16.71,75.339,3036
17/12:46:57,9.22,2.89,106.72,67.441,16.71,75.35,3037
17/12:46:58,9.2,2.89,106.73,67.518,16.71,75.361,3038
17/12:46:58,9.19,2.89,106.72,67.661,16.71,75.372,3039
17/12:46:59,9.07,2.91,106.72,67.98,16.7,75.394,3040
17/12:47:00,9.1,2.91,106.72,68.101,16.7,75.405,3041
17/12:47:00,9.1,2.9,106.72,68.211,16.7,75.416,3042
17/12:47:01,9.06,2.9,106.71,68.321,16.7,75.416,3043
17/12:47:02,9.1,2.88,106.7,68.552,16.7,75.427,3044
17/12:47:02,9.08,2.88,106.7,68.739,16.7,75.449,3045
17/12:47:03,9.14,2.87,106.7,68.882,16.7,75.46,3046
17/12:47:04,9.11,2.86,106.7,68.981,16.7,75.471,3047
17/12:47:04,9.12,2.85,106.72,69.135,16.7,75.482,3048
17/12:47:05,9.13,2.85,106.71,69.355,16.69,75.493,3049
17/12:47:05,9.18,2.85,106.72,69.465,16.69,75.504,3050
17/12:47:06,9.21,2.85,106.74,69.608,16.69,75.515,3051
17/12:47:07,9.19,2.84,106.75,69.85,16.69,75.526,3052
17/12:47:07,9.18,2.85,106.76,70.004,16.69,75.537,3053
17/12:47:08,9.23,2.85,106.74,70.136,16.69,75.548,3054
17/12:47:08,9.22,2.85,106.73,70.301,16.69,75.559,3055
17/12:47:09,9.22,2.84,106.73,70.444,16.69,75.57,3056
17/12:47:10,9.23,2.85,106.7,70.774,16.68,75.592,3057
17/12:47:11,9.17,2.85,106.69,70.906,16.68,75.603,3058
17/12:47:11,9.13,2.85,106.7,71.137,16.68,75.614,3059
17/12:47:11,9.15,2.85,106.68,71.324,16.68,75.625,3060
17/12:47:12,9.16,2.85,106.67,71.39,16.68,75.636,3061
17/12:47:12,9.09,2.85,106.68,71.533,16.68,75.647,3062
17/12:47:14,9.09,2.85,106.68,71.896,16.68,75.68,3063
17/12:47:15,9.1,2.85,106.67,72.017,16.68,75.691,3064
17/12:47:15,9.12,2.85,106.68,72.16,16.68,75.702,3065
17/12:47:16,9.21,2.85,106.69,72.303,16.67,75.702,3066
17/12:47:16,9.17,2.85,106.7,72.435,16.67,75.713,3067
17/12:47:17,9.13,2.85,106.69,72.468,16.67,75.724,3068
17/12:47:17,9.21,2.85,106.69,72.622,16.67,75.735,3069
17/12:47:18,9.1,2.86,106.69,72.765,16.67,75.746,3070
17/12:47:18,9.2,2.86,106.7,72.908,16.67,75.757,3071
17/12:47:19,9.19,2.86,106.69,73.04,16.67,75.768,3072
17/12:47:19,9.13,2.86,106.68,73.172,16.67,75.779,3073
17/12:47:20,9.21,2.86,106.67,73.293,16.67,75.79,3074
17/12:47:21,9.14,2.85,106.67,73.634,16.66,75.823,3075
17/12:47:22,9.28,2.85,106.66,73.777,16.66,75.834,3076
17/12:47:22,9.17,2.85,106.66,73.876,16.66,75.845,3077
17/12:47:23,9.26,2.85,106.67,73.997,16.66,75.856,3078
17/12:47:23,9.21,2.86,106.67,74.14,16.66,75.867,3079
17/12:47:24,9.24,2.86,106.68,74.25,16.66,75.878,3080
17/12:47:24,9.28,2.87,106.7,74.393,16.66,75.889,3081
17/12:47:25,9.28,2.87,106.7,74.525,16.66,75.9,3082
17/12:47:26,9.13,2.88,106.71,74.745,16.66,75.922,3083
17/12:47:27,9.08,2.87,106.71,74.899,16.65,75.933,3084
17/12:47:28,9.12,2.87,106.71,75.064,16.65,75.955,3085
17/12:47:28,9.16,2.87,106.7,75.075,16.65,75.966,3086
17/12:47:29,8.96,2.86,106.7,75.174,16.65,75.977,3087
17/12:47:29,9.06,2.87,106.7,75.251,16.65,75.988,3088
17/12:47:31,9.23,2.87,106.69,75.361,16.65,76.01,3089
17/12:47:31,9.26,2.87,106.7,75.394,16.65,76.032,3090
17/12:47:32,9.22,2.88,106.7,75.471,16.65,76.043,3091
17/12:47:33,9.21,2.88,106.71,75.658,16.64,76.065,3092
17/12:47:34,9.35,2.88,106.67,75.735,16.64,76.076,3093
17/12:47:34,9.2,2.87,106.66,75.823,16.64,76.087,3094
17/12:47:35,9.2,2.87,106.67,75.911,16.64,76.098,3095
17/12:47:35,9.28,2.87,106.65,75.933,16.64,76.109,3096
17/12:47:36,9.16,2.87,106.64,75.955,16.64,76.12,3097
17/12:47:36,9.11,2.86,106.65,75.977,16.64,76.131,3098
17/12:47:38,9.08,2.86,106.66,76.087,16.63,76.175,3099
17/12:47:39,9.28,2.86,106.66,76.153,16.63,76.197,3100
17/12:47:40,9.23,2.86,106.66,76.153,16.63,76.208,3101
17/12:47:41,9.21,2.86,106.66,76.065,16.63,76.208,3102
17/12:47:41,9.21,2.86,106.65,76.054,16.63,76.241,3103
17/12:47:42,9.19,2.86,106.66,76.021,16.63,76.252,3104
17/12:47:42,9.26,2.86,106.66,75.944,16.63,76.263,3105
17/12:47:43,9.27,2.86,106.66,75.933,16.63,76.274,3106
17/12:47:44,9.18,2.87,106.67,75.922,16.63,76.285,3107
17/12:47:44,9.15,2.87,106.67,75.944,16.62,76.296,3108
17/12:47:45,9.33,2.87,106.66,75.933,16.62,76.307,3109
17/12:47:46,9.16,2.88,106.66,75.878,16.62,76.329,3110
17/12:47:47,9.25,2.9,106.65,75.801,16.62,76.351,3111
17/12:47:48,8.99,2.89,106.64,75.724,16.62,76.373,3112
17/12:47:48,9.21,2.89,106.64,75.647,16.62,76.384,3113
17/12:47:49,9.13,2.89,106.64,75.691,16.62,76.395,3114
17/12:47:49,8.99,2.88,106.63,75.669,16.61,76.406,3115
17/12:47:50,9.09,2.89,106.63,75.625,16.61,76.417,3116
17/12:47:50,9.32,2.89,106.64,75.669,16.61,76.428,3117
17/12:47:51,9.24,2.88,106.66,75.647,16.61,76.45,3118
17/12:47:52,9.25,2.89,106.65,75.614,16.61,76.461,3119
17/12:47:52,8.98,2.89,106.65,75.669,16.61,76.472,3120
17/12:47:53,9.27,2.88,106.66,75.724,16.61,76.494,3121
17/12:47:54,9.06,2.87,106.67,75.724,16.61,76.505,3122
17/12:47:55,9.09,2.87,106.67,75.636,16.61,76.516,3123
17/12:47:56,9.17,2.86,106.66,75.416,16.6,76.549,3124
17/12:47:57,9.37,2.86,106.65,75.427,16.6,76.56,3125
17/12:47:57,9.1,2.87,106.65,75.449,16.6,76.571,3126
17/12:47:58,9.19,2.88,106.64,75.361,16.6,76.582,3127
17/12:47:59,9.1,2.88,106.63,75.196,16.6,76.604,3128
17/12:47:59,9.22,2.88,106.64,75.086,16.6,76.615,3129
17/12:48:00,9.16,2.89,106.65,74.943,16.6,76.637,3130
17/12:48:01,9.17,2.89,106.64,74.998,16.59,76.648,3131
17/12:48:02,9.21,2.89,106.65,75.009,16.59,76.659,3132
17/12:48:02,9.23,2.88,106.67,74.833,16.59,76.681,3133
17/12:48:03,9.19,2.88,106.66,74.767,16.59,76.692,3134
17/12:48:04,9.26,2.87,106.65,74.756,16.59,76.714,3135
17/12:48:05,9.3,2.86,106.64,74.613,16.59,76.736,3136
17/12:48:06,9.25,2.86,106.64,74.525,16.59,76.758,3137
17/12:48:07,9.31,2.87,106.64,74.514,16.58,76.769,3138
17/12:48:08,9.16,2.86,106.62,74.481,16.58,76.791,3139
17/12:48:09,9.27,2.86,106.64,74.415,16.58,76.813,3140
17/12:48:10,9.35,2.85,106.64,74.261,16.58,76.835,3141
17/12:48:11,9.27,2.84,106.63,74.162,16.58,76.857,3142
17/12:48:11,9.26,2.85,106.63,74.085,16.58,76.868,3143
17/12:48:12,9.38,2.86,106.64,74.008,16.57,76.879,3144
17/12:48:12,9.41,2.86,106.64,74.041,16.57,76.89,3145
17/12:48:13,9.28,2.86,106.65,73.997,16.57,76.901,3146
17/12:48:13,9.41,2.87,106.64,73.854,16.57,76.912,3147
17/12:48:14,9.31,2.87,106.65,73.689,16.57,76.923,3148
17/12:48:15,9.28,2.87,106.66,73.733,16.57,76.945,3149
17/12:48:16,9.44,2.86,106.67,73.766,16.57,76.956,3150
17/12:48:16,9.34,2.86,106.66,73.755,16.57,76.967,3151
17/12:48:17,9.3,2.84,106.66,73.711,16.57,76.978,3152
17/12:48:18,9.33,2.84,106.64,73.601,16.56,77.0,3153
17/12:48:18,9.19,2.82,106.64,73.579,16.56,77.011,3154
17/12:48:19,9.05,2.83,106.64,73.491,16.56,77.033,3155
17/12:48:20,8.21,2.77,106.71,73.414,16.56,77.044,3156
17/12:48:20,7.22,2.71,106.76,73.315,16.56,77.055,3157
17/12:48:21,6.09,2.65,106.85,73.26,16.56,77.055,3158
17/12:48:21,5.0,2.57,106.95,73.216,16.56,77.077,3159
17/12:48:22,3.79,2.52,107.02,73.128,16.56,77.077,3160
17/12:48:23,2.67,2.46,107.11,72.842,16.56,77.099,3161
17/12:48:23,2.83,2.47,107.1,72.765,16.56,77.11,3162
17/12:48:24,3.94,2.55,107.05,72.787,16.56,77.121,3163
17/12:48:25,4.71,2.63,106.99,72.765,16.56,77.132,3164
17/12:48:25,5.8,2.7,106.91,72.743,16.56,77.143,3165
17/12:48:26,6.52,2.76,106.86,72.644,16.56,77.154,3166
17/12:48:26,7.5,2.83,106.81,72.534,16.56,77.165,3167
17/12:48:27,8.35,2.89,106.76,72.446,16.56,77.176,3168
17/12:48:27,8.09,2.89,106.76,72.468,16.55,77.187,3169
17/12:48:28,8.06,2.89,106.78,72.38,16.55,77.198,3170
17/12:48:28,7.89,2.88,106.79,72.204,16.55,77.209,3171
17/12:48:29,7.79,2.89,106.79,72.061,16.55,77.22,3172
17/12:48:30,7.73,2.89,106.81,71.951,16.55,77.242,3173
17/12:48:30,7.75,2.89,106.83,71.907,16.55,77.253,3174
17/12:48:31,7.81,2.89,106.82,71.808,16.55,77.264,3175
17/12:48:31,7.82,2.89,106.82,71.698,16.55,77.275,3176
17/12:48:32,7.83,2.9,106.81,71.555,16.55,77.297,3177
17/12:48:33,7.84,2.9,106.81,71.434,16.55,77.308,3178
17/12:48:33,7.79,2.9,106.82,71.335,16.55,77.308,3179
17/12:48:34,7.8,2.9,106.81,71.269,16.55,77.308,3180
17/12:48:34,7.86,2.9,106.8,71.17,16.54,77.33,3181
17/12:48:35,7.7,2.9,106.82,71.137,16.54,77.341,3182
17/12:48:36,7.71,2.91,106.82,71.115,16.54,77.352,3183
17/12:48:36,7.69,2.91,106.82,71.082,16.54,77.363,3184
17/12:48:37,7.73,2.91,106.83,71.016,16.54,77.374,3185
17/12:48:38,7.66,2.9,106.81,70.906,16.54,77.396,3186
17/12:48:38,7.74,2.9,106.82,70.774,16.54,77.407,3187
17/12:48:39,7.63,2.89,106.8,70.752,16.54,77.418,3188
17/12:48:39,7.67,2.89,106.8,70.73,16.54,77.429,3189
17/12:48:40,7.78,2.89,106.8,70.697,16.54,77.44,3190
17/12:48:40,7.74,2.89,106.8,70.576,16.54,77.451,3191
17/12:48:41,7.67,2.89,106.8,70.488,16.54,77.462,3192
17/12:48:42,7.75,2.89,106.8,70.433,16.54,77.473,3193
17/12:48:42,7.74,2.89,106.8,70.323,16.53,77.484,3194
17/12:48:42,7.66,2.89,106.78,70.224,16.53,77.484,3195
17/12:48:43,7.7,2.89,106.78,70.092,16.53,77.495,3196
17/12:48:43,7.65,2.9,106.77,70.015,16.53,77.506,3197
17/12:48:44,7.74,2.9,106.77,69.993,16.53,77.517,3198
17/12:48:44,7.67,2.9,106.78,69.905,16.53,77.528,3199
17/12:48:45,7.69,2.9,106.78,69.872,16.53,77.539,3200
17/12:48:46,7.7,2.9,106.8,69.806,16.53,77.55,3201
17/12:48:46,7.65,2.91,106.82,69.641,16.53,77.572,3202
17/12:48:48,7.76,2.91,106.82,69.564,16.53,77.594,3203
17/12:48:48,7.76,2.91,106.82,69.52,16.53,77.605,3204
17/12:48:49,7.74,2.91,106.84,69.311,16.52,77.616,3205
17/12:48:50,7.73,2.91,106.84,69.366,16.52,77.616,3206
17/12:48:51,7.79,2.92,106.83,69.234,16.52,77.649,3207
17/12:48:51,7.75,2.92,106.83,69.212,16.52,77.66,3208
17/12:48:52,7.69,2.92,106.83,69.146,16.52,77.671,3209
17/12:48:53,7.72,2.91,106.82,68.937,16.52,77.704,3210
17/12:48:54,7.73,2.9,106.81,68.893,16.52,77.715,3211
17/12:48:54,7.66,2.9,106.81,68.827,16.52,77.726,3212
17/12:48:55,7.72,2.9,106.81,68.728,16.52,77.737,3213
17/12:48:56,7.82,2.9,106.83,68.75,16.52,77.748,3214
17/12:48:57,7.72,2.91,106.83,68.827,16.51,77.77,3215
17/12:48:58,7.72,2.92,106.85,68.684,16.51,77.792,3216
17/12:48:59,7.73,2.92,106.84,68.629,16.51,77.803,3217
17/12:48:59,7.72,2.93,106.84,68.651,16.51,77.814,3218
17/12:49:00,7.7,2.93,106.83,68.574,16.51,77.825,3219
17/12:49:00,7.64,2.93,106.82,68.552,16.51,77.836,3220
17/12:49:01,7.69,2.93,106.81,68.541,16.51,77.858,3221
17/12:49:02,7.63,2.93,106.81,68.453,16.51,77.858,3222
17/12:49:02,7.65,2.93,106.79,68.31,16.51,77.869,3223
17/12:49:03,7.7,2.91,106.79,68.244,16.51,77.891,3224
17/12:49:04,7.73,2.91,106.8,68.189,16.5,77.902,3225
17/12:49:05,7.77,2.9,106.82,68.09,16.5,77.913,3226
17/12:49:05,7.76,2.9,106.8,68.035,16.5,77.924,3227
17/12:49:06,7.81,2.89,106.81,67.914,16.5,77.946,3228
17/12:49:07,7.77,2.9,106.81,67.76,16.5,77.957,3229
17/12:49:07,7.79,2.9,106.81,67.76,16.5,77.968,3230
17/12:49:08,7.8,2.9,106.81,67.661,16.5,77.979,3231
17/12:49:09,7.84,2.89,106.82,67.452,16.5,78.001,3232
17/12:49:10,7.84,2.89,106.82,67.43,16.5,78.012,3233
17/12:49:10,7.78,2.9,106.82,67.474,16.5,78.023,3234
17/12:49:11,7.76,2.89,106.83,67.441,16.5,78.034,3235
17/12:49:11,7.78,2.89,106.81,67.386,16.49,78.045,3236
17/12:49:12,7.81,2.89,106.82,67.342,16.49,78.056,3237
17/12:49:13,7.68,2.9,106.81,67.287,16.49,78.067,3238
17/12:49:13,7.66,2.9,106.81,67.221,16.49,78.078,3239
17/12:49:14,7.67,2.9,106.8,67.122,16.49,78.089,3240
17/12:49:14,7.7,2.9,106.8,67.078,16.49,78.1,3241
17/12:49:15,7.71,2.89,106.79,67.122,16.49,78.111,3242
17/12:49:15,7.66,2.89,106.8,67.067,16.49,78.122,3243
17/12:49:16,7.56,2.89,106.8,66.979,16.49,78.133,3244
17/12:49:17,7.6,2.88,106.8,67.001,16.49,78.144,3245
17/12:49:18,7.65,2.89,106.77,67.012,16.49,78.155,3246
17/12:49:18,7.67,2.89,106.77,67.001,16.49,78.166,3247
17/12:49:19,7.71,2.89,106.78,66.957,16.48,78.177,3248
17/12:49:19,7.45,2.87,106.8,66.979,16.48,78.188,3249
17/12:49:20,6.69,2.83,106.89,67.144,16.48,78.199,3250
17/12:49:20,5.94,2.78,106.97,67.243,16.48,78.21,3251
17/12:49:21,5.06,2.73,107.04,67.265,16.48,78.221,3252
17/12:49:21,5.09,2.73,107.08,67.089,16.48,78.232,3253
17/12:49:22,5.08,2.72,107.08,66.935,16.48,78.232,3254
17/12:49:22,5.04,2.73,107.09,66.858,16.48,78.243,3255
17/12:49:23,4.97,2.73,107.09,66.858,16.48,78.254,3256
17/12:49:23,5.59,2.78,107.05,66.946,16.48,78.265,3257
17/12:49:24,6.32,2.81,106.98,66.924,16.48,78.276,3258
17/12:49:24,7.38,2.87,106.9,66.935,16.48,78.287,3259
17/12:49:25,7.69,2.91,106.85,66.957,16.48,78.298,3260
17/12:49:26,7.7,2.91,106.84,66.946,16.48,78.309,3261
17/12:49:26,7.68,2.9,106.82,66.99,16.48,78.32,3262
17/12:49:27,7.63,2.88,106.82,66.968,16.48,78.331,3263
17/12:49:28,7.63,2.89,106.82,66.979,16.48,78.342,3264
17/12:49:28,7.65,2.89,106.81,67.056,16.47,78.353,3265
17/12:49:29,7.62,2.88,106.79,67.166,16.47,78.364,3266
17/12:49:29,7.72,2.88,106.79,67.21,16.47,78.375,3267
17/12:49:30,7.62,2.89,106.79,67.122,16.47,78.386,3268
17/12:49:30,7.65,2.89,106.8,67.155,16.47,78.397,3269
17/12:49:31,7.71,2.89,106.79,67.32,16.47,78.408,3270
17/12:49:31,7.73,2.9,106.79,67.353,16.47,78.408,3271
17/12:49:32,7.7,2.9,106.79,67.353,16.47,78.408,3272
17/12:49:32,7.76,2.91,106.79,67.452,16.47,78.43,3273
17/12:49:33,7.78,2.91,106.81,67.518,16.47,78.441,3274
17/12:49:33,7.67,2.91,106.82,67.617,16.47,78.452,3275
17/12:49:34,7.56,2.9,106.83,67.595,16.47,78.463,3276
17/12:49:34,7.42,2.9,106.85,67.573,16.47,78.474,3277
17/12:49:35,7.26,2.9,106.86,67.639,16.47,78.485,3278
17/12:49:36,7.13,2.9,106.87,67.727,16.47,78.496,3279
17/12:49:36,7.01,2.89,106.9,67.749,16.46,78.507,3280
17/12:49:37,6.89,2.89,106.92,67.716,16.46,78.507,3281
17/12:49:37,6.75,2.89,106.93,67.804,16.46,78.518,3282
17/12:49:38,6.74,2.9,106.94,67.914,16.46,78.54,3283
17/12:49:39,6.74,2.9,106.93,67.947,16.46,78.551,3284
17/12:49:39,6.77,2.89,106.94,68.035,16.46,78.562,3285
17/12:49:40,6.76,2.89,106.95,68.134,16.46,78.573,3286
17/12:49:40,6.73,2.89,106.94,68.178,16.46,78.584,3287
17/12:49:41,6.64,2.89,106.94,68.266,16.46,78.595,3288
17/12:49:41,6.69,2.89,106.93,68.354,16.46,78.595,3289
17/12:49:42,6.71,2.89,106.91,68.398,16.46,78.606,3290
17/12:49:42,6.65,2.89,106.92,68.508,16.46,78.617,3291
17/12:49:43,6.64,2.88,106.9,68.53,16.46,78.628,3292
17/12:49:44,6.74,2.88,106.89,68.75,16.46,78.65,3293
17/12:49:45,6.8,2.89,106.87,68.794,16.45,78.672,3294
17/12:49:46,6.83,2.89,106.88,68.816,16.45,78.683,3295
17/12:49:46,6.81,2.89,106.88,68.893,16.45,78.694,3296
17/12:49:47,6.83,2.89,106.87,69.091,16.45,78.705,3297
17/12:49:47,6.72,2.9,106.89,69.245,16.45,78.716,3298
17/12:49:48,6.55,2.9,106.9,69.278,16.45,78.716,3299
17/12:49:49,6.13,2.9,106.97,69.333,16.45,78.727,3300
17/12:49:49,5.88,2.9,107.01,69.443,16.45,78.749,3301
17/12:49:50,5.53,2.89,107.04,69.487,16.45,78.76,3302
17/12:49:50,4.97,2.89,107.1,69.487,16.45,78.771,3303
17/12:49:52,3.36,2.88,107.27,69.377,16.45,78.815,3304
17/12:49:53,3.0,2.88,107.3,69.234,16.45,78.826,3305
17/12:49:54,2.66,2.86,107.33,69.234,16.45,78.848,3306
17/12:49:54,2.7,2.86,107.34,69.179,16.45,78.848,3307
17/12:49:55,2.67,2.86,107.36,69.223,16.45,78.859,3308
17/12:49:56,2.64,2.86,107.37,69.201,16.45,78.87,3309
17/12:49:56,2.63,2.86,107.38,69.135,16.45,78.881,3310
17/12:49:57,2.61,2.85,107.39,69.069,16.45,78.903,3311
17/12:49:58,2.55,2.85,107.41,68.915,16.45,78.914,3312
17/12:49:58,2.5,2.85,107.44,68.739,16.45,78.925,3313
17/12:49:59,2.18,2.86,107.46,68.563,16.45,78.947,3314
17/12:50:00,1.87,2.86,107.49,68.409,16.45,78.958,3315
17/12:50:00,1.57,2.86,107.53,68.266,16.45,78.958,3316
17/12:50:01,1.28,2.86,107.56,68.101,16.45,78.969,3317
17/12:50:01,0.88,2.86,107.57,67.98,16.45,78.98,3318
17/12:50:02,0.64,2.86,107.62,67.76,16.45,78.991,3319
17/12:50:03,0.15,2.86,107.65,67.375,16.45,79.013,3320
17/12:50:04,0.12,2.85,107.67,66.968,16.45,79.035,3321
17/12:50:04,0.12,2.85,107.68,66.748,16.45,79.046,3322
17/12:50:05,0.12,2.85,107.68,66.594,16.45,79.057,3323
17/12:50:05,0.12,2.85,107.7,66.418,16.45,79.057,3324
17/12:50:06,0.12,2.85,107.7,66.297,16.45,79.068,3325
17/12:50:07,0.12,2.85,107.72,65.758,16.45,79.09,3326
17/12:50:08,0.11,2.85,107.72,65.56,16.45,79.101,3327
17/12:50:08,0.11,2.85,107.72,65.395,16.45,79.112,3328
17/12:50:09,0.11,2.85,107.73,65.065,16.46,79.123,3329
17/12:50:10,0.11,2.85,107.74,64.889,16.46,79.134,3330
17/12:50:11,0.11,2.85,107.74,64.449,16.46,79.167,3331
17/12:50:12,0.11,2.85,107.75,64.218,16.46,79.178,3332
17/12:50:12,0.12,2.86,107.76,63.976,16.46,79.189,3333
17/12:50:13,0.12,2.86,107.76,63.767,16.46,79.189,3334
17/12:50:13,0.12,2.86,107.76,63.58,16.46,79.2,3335
17/12:50:15,0.12,2.87,107.77,63.129,16.46,79.222,3336
17/12:50:17,0.12,2.88,107.78,62.161,16.46,79.266,3337
17/12:50:18,0.12,2.87,107.78,61.963,16.46,79.277,3338
17/12:50:18,0.12,2.87,107.79,61.732,16.46,79.288,3339
17/12:50:19,0.11,2.87,107.78,61.501,16.46,79.299,3340
17/12:50:20,0.12,2.87,107.79,61.116,16.46,79.31,3341
17/12:50:21,0.1,2.87,107.81,60.61,16.46,79.332,3342
17/12:50:21,0.08,2.87,107.84,60.324,16.46,79.343,3343
17/12:50:22,0.06,2.87,107.69,59.961,16.46,79.354,3344
17/12:50:23,0.03,2.76,106.53,54.307,16.47,79.365,3345
17/12:50:23,0.02,2.71,106.3,51.711,16.47,79.376,3346
17/12:50:24,0.0,2.61,105.01,48.928,16.47,79.376,3347
17/12:50:25,0.0,2.38,102.43,34.551,16.47,79.398,3348
17/12:50:25,0.0,2.28,100.38,29.942,16.47,79.398,3349
17/12:50:26,0.0,2.15,99.95,29.414,16.47,79.398,3350
17/12:50:27,0.0,2.1,99.05,34.254,16.47,79.409,3351
17/12:50:28,0.0,2.21,100.21,48.961,16.47,79.42,3352
17/12:50:28,0.0,2.28,101.67,51.029,16.47,79.431,3353
17/12:50:29,0.0,2.4,102.46,51.029,16.47,79.431,3354
17/12:50:29,0.0,2.55,104.79,50.754,16.47,79.442,3355
17/12:50:30,0.0,2.68,106.23,50.589,16.47,79.453,3356
17/12:50:30,0.0,2.79,107.08,50.49,16.47,79.453,3357
17/12:50:31,0.0,2.83,108.0,50.38,16.47,79.464,3358
17/12:50:31,0.0,2.85,107.97,50.248,16.47,79.475,3359
17/12:50:32,0.02,2.85,107.98,49.984,16.47,79.486,3360
17/12:50:33,1.37,2.85,107.86,49.863,16.47,79.497,3361
17/12:50:34,2.74,2.84,107.72,50.127,16.47,79.508,3362
17/12:50:35,5.77,2.84,107.41,50.853,16.47,79.508,3363
17/12:50:35,7.39,2.82,107.26,51.436,16.47,79.53,3364
17/12:50:36,8.86,2.8,107.07,51.931,16.47,79.541,3365
17/12:50:36,10.4,2.8,106.92,52.272,16.47,79.541,3366
17/12:50:38,11.92,2.81,106.72,53.185,16.47,79.563,3367
17/12:50:38,11.35,2.81,106.75,53.537,16.47,79.574,3368
17/12:50:39,9.83,2.82,106.87,53.933,16.46,79.585,3369
17/12:50:40,9.13,2.84,106.92,54.021,16.46,79.596,3370
17/12:50:40,8.46,2.86,106.98,54.153,16.46,79.596,3371
17/12:50:41,7.77,2.85,107.05,54.197,16.46,79.607,3372
17/12:50:41,7.15,2.85,107.11,54.318,16.46,79.618,3373
17/12:50:42,6.71,2.85,107.16,54.681,16.46,79.629,3374
17/12:50:43,6.77,2.84,107.16,54.846,16.46,79.64,3375
17/12:50:43,6.78,2.84,107.17,54.989,16.46,79.651,3376
17/12:50:44,6.79,2.84,107.17,55.154,16.46,79.651,3377
17/12:50:45,6.8,2.85,107.2,55.396,16.46,79.673,3378
17/12:50:46,6.8,2.85,107.19,55.55,16.46,79.684,3379
17/12:50:46,6.77,2.85,107.18,55.671,16.46,79.684,3380
17/12:50:46,6.78,2.85,107.18,55.781,16.45,79.695,3381
17/12:50:47,6.78,2.86,107.17,55.858,16.45,79.706,3382
17/12:50:48,6.8,2.86,107.16,55.957,16.45,79.717,3383
17/12:50:49,6.7,2.86,107.15,56.309,16.45,79.728,3384
17/12:50:50,6.69,2.87,107.14,56.716,16.45,79.75,3385
17/12:50:50,6.71,2.87,107.13,56.815,16.45,79.75,3386
17/12:50:51,6.63,2.86,107.15,56.969,16.45,79.772,3387
17/12:50:52,6.57,2.87,107.15,57.156,16.45,79.783,3388
17/12:50:53,6.7,2.86,107.13,57.453,16.45,79.794,3389
17/12:50:54,6.7,2.85,107.13,57.574,16.45,79.816,3390
17/12:50:55,6.79,2.85,107.13,57.673,16.45,79.816,3391
17/12:50:55,6.74,2.84,107.13,57.882,16.45,79.816,3392
17/12:50:56,6.87,2.85,107.12,58.201,16.43,79.849,3393
17/12:50:57,6.83,2.85,107.12,58.3,16.43,79.86,3394
17/12:50:57,6.79,2.85,107.13,58.355,16.43,79.86,3395
17/12:50:58,6.8,2.86,107.12,58.443,16.43,79.871,3396
17/12:50:58,6.79,2.86,107.12,58.564,16.43,79.882,3397
17/12:50:59,6.72,2.87,107.13,58.696,16.43,79.893,3398
17/12:50:59,6.73,2.87,107.13,58.806,16.43,79.893,3399
17/12:51:00,6.7,2.87,107.13,58.905,16.43,79.904,3400
17/12:51:01,6.63,2.86,107.14,59.147,16.43,79.926,3401
17/12:51:01,6.67,2.86,107.15,59.268,16.43,79.937,3402
17/12:51:02,6.7,2.86,107.16,59.389,16.43,79.937,3403
17/12:51:03,6.69,2.87,107.15,59.433,16.43,79.948,3404
17/12:51:03,6.33,2.87,107.18,59.521,16.43,79.97,3405
17/12:51:04,6.13,2.87,107.19,59.521,16.43,79.981,3406
17/12:51:04,5.85,2.85,107.22,59.62,16.43,79.981,3407
17/12:51:05,5.1,2.73,107.28,59.686,16.43,79.992,3408
17/12:51:06,4.21,2.63,107.33,59.697,16.42,80.003,3409
17/12:51:06,3.42,2.52,107.42,59.609,16.42,80.014,3410
17/12:51:07,2.22,2.3,107.54,59.609,16.42,80.025,3411
17/12:51:08,0.84,2.1,107.69,59.477,16.42,80.047,3412
17/12:51:09,0.48,2.06,107.75,59.301,16.42,80.058,3413
17/12:51:10,0.5,2.24,107.77,58.982,16.43,80.069,3414
17/12:51:10,0.42,2.3,107.79,58.85,16.43,80.08,3415
17/12:51:11,0.27,2.3,107.83,58.685,16.43,80.091,3416
17/12:51:11,0.2,2.32,107.87,58.498,16.43,80.091,3417
17/12:51:12,0.2,2.32,107.9,58.344,16.43,80.102,3418
17/12:51:12,0.2,2.33,107.92,58.124,16.43,80.113,3419
17/12:51:13,0.15,2.31,107.94,57.948,16.43,80.124,3420
17/12:51:13,0.02,2.26,107.98,57.695,16.43,80.135,3421
17/12:51:14,0.02,2.27,107.98,57.486,16.43,80.135,3422
17/12:51:14,0.03,2.34,107.96,57.321,16.43,80.146,3423
17/12:51:15,0.04,2.44,107.93,57.123,16.43,80.157,3424
17/12:51:16,0.05,2.52,107.91,56.958,16.43,80.168,3425
17/12:51:16,0.07,2.63,107.9,56.804,16.43,80.168,3426
17/12:51:16,0.08,2.71,107.87,56.507,16.43,80.179,3427
17/12:51:17,0.09,2.8,107.84,56.342,16.43,80.19,3428
17/12:51:17,0.09,2.84,107.84,56.133,16.43,80.201,3429
17/12:51:18,0.1,2.84,107.86,55.66,16.43,80.212,3430
17/12:51:20,0.19,2.84,107.85,55.198,16.43,80.234,3431
17/12:51:20,0.32,2.84,107.84,54.967,16.43,80.234,3432
17/12:51:21,0.76,2.83,107.82,54.681,16.43,80.245,3433
17/12:51:21,1.28,2.83,107.76,54.593,16.43,80.256,3434
17/12:51:22,1.81,2.83,107.72,54.67,16.43,80.256,3435
17/12:51:22,2.27,2.82,107.68,54.802,16.43,80.267,3436
17/12:51:23,2.63,2.82,107.65,54.725,16.43,80.278,3437
17/12:51:24,3.32,2.82,107.57,54.516,16.43,80.289,3438
17/12:51:24,3.57,2.83,107.55,54.483,16.43,80.3,3439
17/12:51:25,3.41,2.83,107.53,54.329,16.43,80.311,3440
17/12:51:25,3.26,2.84,107.55,54.274,16.43,80.322,3441
17/12:51:26,3.23,2.83,107.55,54.208,16.43,80.322,3442
17/12:51:27,3.2,2.84,107.55,54.054,16.43,80.333,3443
17/12:51:27,3.28,2.84,107.56,53.988,16.43,80.344,3444
17/12:51:28,3.28,2.84,107.55,53.933,16.43,80.344,3445
17/12:51:28,3.28,2.84,107.55,53.834,16.43,80.355,3446
17/12:51:29,3.28,2.84,107.56,53.669,16.43,80.377,3447
17/12:51:30,3.27,2.85,107.56,53.548,16.43,80.377,3448
17/12:51:30,3.27,2.85,107.54,53.427,16.43,80.388,3449
17/12:51:31,3.26,2.85,107.53,53.361,16.43,80.399,3450
17/12:51:31,3.25,2.84,107.53,53.339,16.43,80.399,3451
17/12:51:32,3.21,2.84,107.52,53.174,16.43,80.41,3452
17/12:51:32,3.18,2.84,107.53,53.009,16.43,80.421,3453
17/12:51:33,3.21,2.84,107.54,52.899,16.43,80.421,3454
17/12:51:34,3.22,2.83,107.57,52.965,16.43,80.454,3455
17/12:51:35,3.2,2.83,107.57,52.558,16.43,80.465,3456
17/12:51:36,3.2,2.84,107.6,52.47,16.43,80.476,3457
17/12:51:37,3.19,2.83,107.59,52.349,16.43,80.487,3458
17/12:51:37,3.22,2.84,107.57,52.239,16.43,80.498,3459
17/12:51:38,3.21,2.84,107.56,52.063,16.43,80.498,3460
17/12:51:39,3.17,2.84,107.57,52.074,16.43,80.509,3461
17/12:51:39,3.18,2.84,107.59,52.052,16.43,80.52,3462
17/12:51:40,3.2,2.84,107.57,51.953,16.43,80.531,3463
17/12:51:41,3.24,2.83,107.56,51.777,16.43,80.542,3464
17/12:51:41,3.21,2.83,107.56,51.678,16.43,80.553,3465
17/12:51:42,3.23,2.83,107.55,51.656,16.43,80.553,3466
17/12:51:42,3.22,2.83,107.55,51.502,16.43,80.564,3467
17/12:51:43,3.22,2.83,107.54,51.282,16.43,80.575,3468
17/12:51:43,3.25,2.83,107.52,51.15,16.43,80.575,3469
17/12:51:44,3.23,2.83,107.52,51.26,16.43,80.586,3470
17/12:51:45,3.19,2.83,107.53,51.315,16.43,80.597,3471
17/12:51:45,3.2,2.83,107.52,51.172,16.43,80.597,3472
17/12:51:45,3.18,2.83,107.53,50.985,16.43,80.608,3473
17/12:51:46,3.19,2.83,107.54,50.842,16.43,80.608,3474
17/12:51:46,3.21,2.83,107.55,50.765,16.43,80.608,3475
17/12:51:47,3.15,2.84,107.57,50.732,16.43,80.641,3476
17/12:51:48,3.07,2.79,107.6,50.633,16.43,80.641,3477
17/12:51:49,2.26,2.59,107.71,50.369,16.43,80.663,3478
17/12:51:50,1.88,2.5,107.76,50.237,16.43,80.663,3479
17/12:51:50,1.43,2.38,107.79,50.017,16.43,80.674,3480
17/12:51:51,0.99,2.28,107.84,49.698,16.43,80.685,3481
17/12:51:51,0.6,2.18,107.87,49.599,16.43,80.685,3482
17/12:51:52,0.09,2.07,107.93,49.632,16.43,80.696,3483
17/12:51:52,0.01,2.06,107.95,49.522,16.43,80.707,3484
17/12:51:53,0.02,2.04,107.95,49.335,16.43,80.707,3485
17/12:51:53,0.41,2.11,107.92,49.258,16.43,80.718,3486
17/12:51:54,0.91,2.2,107.86,49.181,16.43,80.729,3487
17/12:51:54,1.56,2.32,107.79,49.148,16.43,80.729,3488
17/12:51:55,2.3,2.42,107.72,49.137,16.43,80.74,3489
17/12:51:56,3.49,2.63,107.57,49.247,16.43,80.751,3490
17/12:51:56,4.09,2.73,107.51,49.346,16.43,80.762,3491
17/12:51:57,4.56,2.82,107.45,49.368,16.43,80.773,3492
17/12:51:57,4.77,2.83,107.43,49.401,16.43,80.773,3493
17/12:51:58,4.94,2.83,107.41,49.489,16.43,80.784,3494
17/12:51:58,5.06,2.83,107.38,49.533,16.43,80.795,3495
17/12:51:59,5.23,2.84,107.36,49.621,16.43,80.795,3496
17/12:52:00,5.62,2.84,107.32,49.863,16.43,80.817,3497
17/12:52:01,5.83,2.84,107.28,49.929,16.43,80.817,3498
17/12:52:01,5.95,2.85,107.27,50.039,16.43,80.828,3499
17/12:52:02,5.96,2.84,107.25,50.193,16.43,80.839,3500
17/12:52:02,6.04,2.85,107.23,50.292,16.43,80.839,3501
17/12:52:03,6.1,2.85,107.23,50.402,16.43,80.85,3502
17/12:52:03,6.08,2.85,107.23,50.512,16.43,80.861,3503
17/12:52:04,6.08,2.85,107.23,50.644,16.43,80.861,3504
17/12:52:05,6.04,2.85,107.24,50.831,16.43,80.883,3505
17/12:52:05,6.06,2.86,107.23,50.743,16.42,80.883,3506
17/12:52:06,6.11,2.86,107.24,50.875,16.42,80.894,3507
17/12:52:07,6.12,2.86,107.23,51.073,16.42,80.905,3508
17/12:52:07,6.19,2.87,107.21,51.315,16.42,80.916,3509
17/12:52:08,6.17,2.87,107.21,51.447,16.42,80.916,3510
17/12:52:09,6.19,2.88,107.2,51.568,16.42,80.916,3511
17/12:52:09,6.19,2.88,107.2,51.634,16.42,80.927,3512
17/12:52:10,6.21,2.87,107.18,51.722,16.42,80.949,3513
17/12:52:10,6.22,2.87,107.2,51.799,16.42,80.949,3514
17/12:52:11,6.19,2.85,107.19,52.096,16.42,80.971,3515
17/12:52:12,6.19,2.85,107.21,52.305,16.42,80.982,3516
17/12:52:13,6.19,2.85,107.2,52.404,16.42,80.993,3517
17/12:52:14,6.19,2.87,107.23,52.481,16.42,81.004,3518
17/12:52:15,6.17,2.87,107.22,52.745,16.42,81.026,3519
17/12:52:15,6.17,2.86,107.23,52.976,16.42,81.026,3520
17/12:52:16,6.26,2.87,107.21,52.866,16.42,81.048,3521
17/12:52:17,6.25,2.85,107.22,53.097,16.42,81.059,3522
17/12:52:18,6.23,2.85,107.21,53.24,16.42,81.07,3523
17/12:52:18,6.24,2.85,107.21,53.262,16.42,81.081,3524
17/12:52:19,6.26,2.85,107.22,53.416,16.42,81.081,3525
17/12:52:20,6.23,2.86,107.21,53.592,16.42,81.103,3526
17/12:52:22,6.17,2.85,107.21,53.878,16.42,81.125,3527
17/12:52:23,6.21,2.86,107.19,54.087,16.42,81.136,3528
17/12:52:23,6.22,2.86,107.18,54.296,16.42,81.147,3529
17/12:52:24,6.19,2.87,107.19,54.516,16.42,81.158,3530
17/12:52:24,6.2,2.87,107.2,54.516,16.42,81.158,3531
17/12:52:25,6.21,2.86,107.19,54.582,16.42,81.169,3532
17/12:52:26,6.17,2.86,107.18,54.736,16.42,81.18,3533
17/12:52:26,6.18,2.86,107.19,55.0,16.41,81.191,3534
17/12:52:28,6.12,2.85,107.19,55.143,16.41,81.213,3535
17/12:52:28,6.11,2.84,107.2,55.275,16.41,81.224,3536
17/12:52:28,6.11,2.85,107.2,55.396,16.41,81.224,3537
17/12:52:29,6.13,2.84,107.2,55.528,16.41,81.235,3538
17/12:52:29,6.16,2.84,107.2,55.616,16.41,81.246,3539
17/12:52:30,6.17,2.85,107.21,55.803,16.41,81.246,3540
17/12:52:31,5.59,2.68,107.3,55.847,16.41,81.257,3541
17/12:52:32,3.85,2.26,107.53,55.693,16.41,81.279,3542
17/12:52:33,2.12,1.86,107.79,55.671,16.41,81.301,3543
17/12:52:34,2.08,1.86,107.79,55.561,16.41,81.312,3544
17/12:52:34,2.05,1.85,107.76,55.627,16.41,81.312,3545
17/12:52:35,2.8,2.07,107.67,55.902,16.41,81.323,3546
17/12:52:36,4.38,2.45,107.47,56.199,16.41,81.345,3547
17/12:52:36,5.1,2.63,107.33,56.254,16.41,81.345,3548
17/12:52:37,5.84,2.84,107.24,56.298,16.41,81.356,3549
17/12:52:37,6.14,2.87,107.2,56.397,16.41,81.367,3550
17/12:52:38,6.19,2.87,107.2,56.485,16.41,81.378,3551
17/12:52:39,6.22,2.87,107.2,56.661,16.41,81.378,3552
17/12:52:39,6.18,2.87,107.19,56.716,16.41,81.389,3553
17/12:52:40,6.17,2.87,107.18,56.771,16.41,81.4,3554
17/12:52:40,6.21,2.87,107.19,56.881,16.41,81.411,3555
17/12:52:41,6.18,2.87,107.2,56.991,16.41,81.411,3556
17/12:52:41,6.19,2.86,107.19,57.068,16.4,81.422,3557
17/12:52:42,6.16,2.86,107.18,57.211,16.4,81.433,3558
17/12:52:43,6.12,2.86,107.18,57.277,16.4,81.444,3559
17/12:52:43,6.06,2.86,107.19,57.365,16.4,81.455,3560
17/12:52:44,6.0,2.86,107.19,57.464,16.4,81.466,3561
17/12:52:45,5.99,2.85,107.18,57.376,16.4,81.477,3562
17/12:52:45,5.89,2.84,107.18,57.222,16.4,81.488,3563
17/12:52:46,5.81,2.84,107.19,57.255,16.4,81.499,3564
17/12:52:46,5.8,2.84,107.2,57.332,16.4,81.51,3565
17/12:52:47,5.73,2.84,107.21,57.508,16.4,81.51,3566
17/12:52:47,5.72,2.85,107.21,57.673,16.4,81.521,3567
17/12:52:48,5.7,2.86,107.23,57.761,16.4,81.543,3568
17/12:52:49,5.67,2.87,107.23,57.915,16.4,81.554,3569
17/12:52:50,5.62,2.87,107.23,58.113,16.4,81.565,3570
17/12:52:51,5.57,2.87,107.22,58.234,16.4,81.576,3571
17/12:52:52,5.65,2.86,107.24,58.476,16.4,81.587,3572
17/12:52:52,5.66,2.86,107.24,58.498,16.4,81.598,3573
17/12:52:53,5.71,2.86,107.24,58.608,16.39,81.609,3574
17/12:52:53,5.7,2.85,107.24,58.784,16.39,81.62,3575
17/12:52:54,5.75,2.85,107.25,58.883,16.39,81.631,3576
17/12:52:55,5.78,2.85,107.26,59.026,16.39,81.642,3577
17/12:52:55,5.83,2.86,107.26,59.015,16.39,81.653,3578
17/12:52:56,5.84,2.85,107.24,59.07,16.39,81.664,3579
17/12:52:56,5.81,2.85,107.26,59.202,16.39,81.664,3580
17/12:52:57,5.81,2.85,107.23,59.279,16.39,81.686,3581
17/12:52:59,5.75,2.84,107.2,59.4,16.39,81.708,3582
17/12:52:59,5.7,2.84,107.19,59.477,16.39,81.708,3583
17/12:53:00,5.7,2.85,107.19,59.532,16.39,81.708,3584
17/12:53:00,5.65,2.85,107.19,59.576,16.39,81.73,3585
17/12:53:01,5.69,2.85,107.18,59.62,16.39,81.741,3586
17/12:53:01,5.6,2.84,107.2,59.686,16.39,81.752,3587
17/12:53:02,5.48,2.84,107.22,59.708,16.39,81.752,3588
17/12:53:03,5.25,2.84,107.24,59.609,16.39,81.774,3589
17/12:53:03,5.08,2.83,107.27,59.576,16.39,81.785,3590
17/12:53:04,4.99,2.83,107.28,59.62,16.39,81.785,3591
17/12:53:04,4.78,2.83,107.28,59.664,16.39,81.796,3592
17/12:53:05,4.63,2.85,107.31,59.686,16.39,81.818,3593
17/12:53:08,4.64,2.86,107.34,59.653,16.38,81.851,3594
17/12:53:08,4.64,2.85,107.33,59.642,16.38,81.862,3595
17/12:53:09,4.7,2.86,107.32,59.675,16.38,81.873,3596
17/12:53:10,4.68,2.85,107.34,59.862,16.38,81.895,3597
17/12:53:11,4.69,2.84,107.35,59.851,16.38,81.906,3598
17/12:53:12,4.63,2.85,107.34,59.873,16.38,81.917,3599
17/12:53:12,4.56,2.85,107.36,59.895,16.38,81.928,3600
17/12:53:13,4.57,2.86,107.36,59.862,16.38,81.939,3601
17/12:53:13,4.52,2.86,107.35,59.862,16.38,81.95,3602
17/12:53:14,4.38,2.86,107.37,59.895,16.38,81.961,3603
17/12:53:14,4.0,2.87,107.4,59.84,16.38,81.961,3604
17/12:53:15,3.59,2.87,107.43,59.818,16.38,81.972,3605
17/12:53:16,3.25,2.87,107.47,59.708,16.38,81.983,3606
17/12:53:16,2.59,2.88,107.54,59.521,16.38,82.005,3607
17/12:53:17,2.2,2.87,107.56,59.477,16.38,82.005,3608
17/12:53:18,1.86,2.87,107.64,59.367,16.38,82.016,3609
17/12:53:18,1.77,2.87,107.64,59.191,16.38,82.016,3610
17/12:53:19,1.74,2.86,107.64,59.081,16.38,82.027,3611
17/12:53:20,1.7,2.86,107.65,58.652,16.38,82.06,3612
17/12:53:21,1.68,2.85,107.66,58.432,16.38,82.082,3613
17/12:53:22,1.67,2.84,107.67,58.333,16.38,82.082,3614
17/12:53:22,1.67,2.84,107.67,58.201,16.38,82.093,3615
17/12:53:23,1.68,2.85,107.69,58.058,16.38,82.104,3616
17/12:53:23,1.62,2.84,107.71,57.915,16.38,82.115,3617
17/12:53:24,1.43,2.79,107.72,57.794,16.38,82.115,3618
17/12:53:25,1.0,2.69,107.76,57.475,16.38,82.137,3619
17/12:53:26,0.82,2.65,107.77,57.321,16.38,82.148,3620
17/12:53:26,0.55,2.65,107.77,56.958,16.38,82.159,3621
17/12:53:27,0.35,2.64,107.78,56.716,16.38,82.17,3622
17/12:53:28,0.28,2.72,107.79,56.276,16.38,82.192,3623
17/12:53:29,0.33,2.81,107.78,55.913,16.39,82.203,3624
17/12:53:30,0.28,2.84,107.8,55.616,16.39,82.214,3625
17/12:53:30,0.21,2.84,107.82,55.396,16.39,82.214,3626
17/12:53:31,0.26,2.84,107.81,55.132,16.39,82.225,3627
17/12:53:31,0.31,2.84,107.8,54.923,16.39,82.236,3628
17/12:53:32,0.44,2.84,107.8,54.56,16.39,82.247,3629
17/12:53:33,0.51,2.84,107.82,54.384,16.39,82.258,3630
17/12:53:34,0.78,2.84,107.81,53.856,16.39,82.28,3631
17/12:53:35,0.89,2.85,107.82,53.581,16.39,82.291,3632
17/12:53:36,1.4,2.85,107.78,53.273,16.39,82.302,3633
17/12:53:36,1.76,2.84,107.73,53.141,16.39,82.313,3634
17/12:53:37,2.11,2.85,107.69,52.987,16.39,82.324,3635
17/12:53:38,2.53,2.85,107.63,52.822,16.39,82.335,3636
17/12:53:38,2.89,2.84,107.61,52.657,16.39,82.335,3637
17/12:53:39,3.18,2.84,107.57,52.437,16.39,82.346,3638
17/12:53:39,3.49,2.84,107.54,52.47,16.39,82.357,3639
17/12:53:40,3.82,2.85,107.5,52.492,16.39,82.357,3640
17/12:53:40,4.11,2.85,107.48,52.481,16.39,82.368,3641
17/12:53:41,4.67,2.86,107.44,52.305,16.39,82.379,3642
17/12:53:42,4.88,2.86,107.41,52.36,16.39,82.39,3643
17/12:53:42,5.2,2.87,107.38,52.393,16.39,82.401,3644
17/12:53:43,5.46,2.87,107.34,52.426,16.39,82.401,3645
17/12:53:44,5.77,2.87,107.31,52.36,16.39,82.423,3646
17/12:53:44,6.02,2.87,107.27,52.437,16.39,82.434,3647
17/12:53:45,6.14,2.88,107.26,52.525,16.39,82.434,3648
17/12:53:46,6.34,2.87,107.25,52.448,16.39,82.456,3649
17/12:53:46,6.5,2.87,107.25,52.404,16.38,82.456,3650
17/12:53:48,6.69,2.88,107.21,52.316,16.38,82.478,3651
17/12:53:48,6.78,2.88,107.2,52.382,16.38,82.478,3652
17/12:53:49,6.77,2.88,107.2,52.459,16.38,82.489,3653
17/12:53:49,6.78,2.87,107.17,52.492,16.38,82.5,3654
17/12:53:50,6.94,2.86,107.14,52.393,16.38,82.511,3655
17/12:53:51,7.06,2.87,107.13,52.437,16.38,82.522,3656
17/12:53:51,7.27,2.86,107.11,52.36,16.38,82.533,3657
17/12:53:52,7.36,2.86,107.09,52.316,16.38,82.533,3658
17/12:53:53,7.65,2.85,107.07,52.481,16.38,82.555,3659
17/12:53:53,7.85,2.85,107.07,52.514,16.38,82.555,3660
17/12:53:54,8.06,2.86,107.04,52.558,16.38,82.566,3661
17/12:53:54,8.28,2.86,107.01,52.646,16.38,82.577,3662
17/12:53:55,8.66,2.88,106.99,52.987,16.37,82.588,3663
17/12:53:56,8.84,2.86,106.94,53.053,16.37,82.599,3664
17/12:53:56,8.97,2.87,106.9,53.042,16.37,82.61,3665
17/12:53:57,9.17,2.87,106.87,53.108,16.37,82.61,3666
17/12:53:57,9.26,2.88,106.85,53.152,16.37,82.621,3667
17/12:53:58,9.19,2.87,106.86,53.262,16.37,82.632,3668
17/12:53:58,9.18,2.88,106.87,53.295,16.37,82.632,3669
17/12:53:59,9.19,2.88,106.86,53.35,16.37,82.643,3670
17/12:53:59,9.16,2.88,106.87,53.504,16.37,82.654,3671
17/12:54:00,9.25,2.9,106.87,53.636,16.37,82.654,3672
17/12:54:01,9.25,2.91,106.85,53.68,16.36,82.676,3673
17/12:54:02,9.27,2.92,106.85,53.713,16.36,82.687,3674
17/12:54:02,9.28,2.91,106.84,53.845,16.36,82.687,3675
17/12:54:03,9.34,2.9,106.83,54.043,16.36,82.709,3676
17/12:54:04,9.31,2.91,106.84,54.153,16.36,82.709,3677
17/12:54:04,9.28,2.91,106.84,54.142,16.36,82.72,3678
17/12:54:05,9.27,2.88,106.83,54.285,16.36,82.731,3679
17/12:54:05,9.26,2.88,106.84,54.307,16.36,82.742,3680
17/12:54:07,9.3,2.87,106.87,54.516,16.35,82.753,3681
17/12:54:07,9.28,2.88,106.85,54.637,16.35,82.775,3682
17/12:54:08,9.32,2.87,106.84,54.813,16.35,82.775,3683
17/12:54:10,9.34,2.88,106.81,55.231,16.35,82.808,3684
17/12:54:11,9.32,2.89,106.8,55.308,16.35,82.808,3685
17/12:54:11,9.32,2.89,106.79,55.429,16.35,82.83,3686
17/12:54:12,9.26,2.9,106.79,55.451,16.34,82.83,3687
17/12:54:12,9.26,2.9,106.78,55.528,16.34,82.841,3688
17/12:54:13,9.26,2.89,106.78,55.715,16.34,82.852,3689
17/12:54:13,9.23,2.89,106.78,55.924,16.34,82.863,3690
17/12:54:14,9.22,2.89,106.77,56.133,16.34,82.863,3691
17/12:54:14,9.21,2.89,106.78,56.21,16.34,82.874,3692
17/12:54:15,9.22,2.88,106.76,56.188,16.34,82.885,3693
17/12:54:15,9.22,2.88,106.76,56.155,16.34,82.896,3694
17/12:54:17,9.27,2.86,106.75,56.397,16.34,82.907,3695
17/12:54:17,9.25,2.86,106.75,56.452,16.34,82.918,3696
17/12:54:19,9.22,2.87,106.76,56.771,16.33,82.94,3697
17/12:54:19,9.17,2.87,106.74,56.848,16.33,82.951,3698
17/12:54:20,9.17,2.88,106.75,56.914,16.33,82.962,3699
17/12:54:21,9.19,2.89,106.73,56.914,16.33,82.973,3700
17/12:54:22,9.17,2.9,106.72,57.134,16.33,82.995,3701
17/12:54:22,9.24,2.91,106.72,57.233,16.33,82.995,3702
17/12:54:23,9.25,2.9,106.76,57.343,16.32,83.017,3703
17/12:54:25,9.15,2.9,106.74,57.508,16.32,83.039,3704
17/12:54:25,9.16,2.89,106.72,57.651,16.32,83.05,3705
17/12:54:26,9.17,2.88,106.72,57.805,16.32,83.061,3706
17/12:54:26,9.18,2.88,106.73,57.915,16.32,83.061,3707
17/12:54:27,9.14,2.87,106.72,57.981,16.32,83.072,3708
17/12:54:28,9.13,2.87,106.71,58.047,16.32,83.083,3709
17/12:54:28,9.15,2.87,106.73,58.146,16.32,83.094,3710
17/12:54:28,9.15,2.87,106.73,58.278,16.31,83.105,3711
17/12:54:29,9.16,2.87,106.74,58.366,16.31,83.105,3712
17/12:54:32,9.25,2.91,106.7,58.927,16.31,83.149,3713
17/12:54:32,9.25,2.91,106.7,59.103,16.31,83.16,3714
17/12:54:33,9.27,2.9,106.72,59.378,16.31,83.182,3715
17/12:54:34,9.28,2.9,106.7,59.499,16.31,83.182,3716
17/12:54:34,9.23,2.9,106.7,59.598,16.3,83.193,3717
17/12:54:35,9.27,2.9,106.7,59.73,16.3,83.204,3718
17/12:54:35,9.34,2.9,106.7,59.917,16.3,83.215,3719
17/12:54:36,9.33,2.89,106.71,60.17,16.3,83.226,3720
17/12:54:37,9.34,2.89,106.69,60.324,16.3,83.237,3721
17/12:54:37,9.34,2.88,106.69,60.368,16.3,83.248,3722
17/12:54:38,9.33,2.87,106.7,60.5,16.3,83.259,3723
17/12:54:39,9.34,2.87,106.71,60.654,16.3,83.27,3724
17/12:54:40,9.28,2.86,106.7,60.863,16.29,83.281,3725
17/12:54:40,9.31,2.85,106.7,61.006,16.29,83.292,3726
17/12:54:41,9.21,2.86,106.69,61.193,16.29,83.303,3727
17/12:54:41,9.22,2.86,106.7,61.292,16.29,83.314,3728
17/12:54:42,9.17,2.86,106.72,61.336,16.29,83.314,3729
17/12:54:42,9.21,2.86,106.71,61.468,16.29,83.325,3730
17/12:54:43,9.21,2.86,106.74,61.567,16.29,83.336,3731
17/12:54:43,9.28,2.86,106.73,61.688,16.29,83.347,3732
17/12:54:44,9.32,2.86,106.71,61.809,16.29,83.358,3733
17/12:54:44,9.28,2.87,106.71,61.886,16.29,83.358,3734
17/12:54:45,9.28,2.87,106.69,61.93,16.29,83.369,3735
17/12:54:46,9.28,2.88,106.66,62.128,16.28,83.391,3736
17/12:54:46,9.28,2.88,106.66,62.216,16.28,83.402,3737
17/12:54:47,9.25,2.88,106.64,62.293,16.28,83.413,3738
17/12:54:47,9.2,2.88,106.64,62.469,16.28,83.413,3739
17/12:54:48,9.26,2.87,106.65,62.656,16.28,83.424,3740
17/12:54:49,9.33,2.86,106.65,62.722,16.28,83.435,3741
17/12:54:49,9.32,2.86,106.67,62.777,16.28,83.446,3742
17/12:54:50,9.28,2.87,106.66,62.909,16.28,83.457,3743
17/12:54:50,9.33,2.87,106.67,62.931,16.28,83.468,3744
17/12:54:51,9.28,2.87,106.65,63.074,16.28,83.468,3745
17/12:54:51,9.41,2.87,106.65,63.217,16.27,83.49,3746
17/12:54:52,9.33,2.87,106.63,63.261,16.27,83.501,3747
17/12:54:53,9.34,2.87,106.62,63.36,16.27,83.512,3748
17/12:54:53,9.28,2.87,106.6,63.492,16.27,83.523,3749
17/12:54:55,9.3,2.87,106.61,63.811,16.27,83.545,3750
17/12:54:55,9.28,2.87,106.63,63.855,16.27,83.556,3751
17/12:54:56,9.27,2.87,106.63,63.899,16.27,83.567,3752
17/12:54:56,9.19,2.88,106.63,64.009,16.26,83.578,3753
17/12:54:57,9.13,2.88,106.65,64.02,16.26,83.589,3754
17/12:54:57,9.17,2.88,106.66,64.13,16.26,83.589,3755
17/12:54:58,9.15,2.88,106.66,64.284,16.26,83.6,3756
17/12:54:59,9.15,2.88,106.67,64.416,16.26,83.611,3757
17/12:54:59,9.14,2.88,106.67,64.526,16.26,83.622,3758
17/12:55:00,9.18,2.89,106.65,64.449,16.26,83.644,3759
17/12:55:01,9.27,2.89,106.65,64.515,16.26,83.655,3760
17/12:55:01,9.27,2.89,106.64,64.636,16.26,83.655,3761
17/12:55:02,9.21,2.89,106.64,64.746,16.26,83.666,3762
17/12:55:02,9.16,2.87,106.64,64.878,16.25,83.677,3763
17/12:55:03,9.13,2.85,106.64,64.977,16.25,83.688,3764
17/12:55:03,9.09,2.82,106.63,65.032,16.25,83.699,3765
17/12:55:04,9.01,2.8,106.63,65.076,16.25,83.71,3766
17/12:55:04,8.94,2.77,106.63,65.12,16.25,83.721,3767
17/12:55:06,8.69,2.73,106.65,65.208,16.25,83.732,3768
17/12:55:06,8.6,2.72,106.65,65.318,16.25,83.743,3769
17/12:55:06,8.53,2.72,106.66,65.384,16.25,83.754,3770
17/12:55:07,8.4,2.71,106.65,65.395,16.25,83.765,3771
17/12:55:08,8.0,2.67,106.69,65.428,16.25,83.776,3772
17/12:55:08,7.55,2.63,106.73,65.417,16.24,83.787,3773
17/12:55:08,7.16,2.59,106.76,65.406,16.24,83.798,3774
17/12:55:09,6.84,2.54,106.79,65.406,16.24,83.798,3775
17/12:55:10,6.57,2.5,106.82,65.428,16.24,83.809,3776
17/12:55:10,6.28,2.45,106.85,65.505,16.24,83.82,3777
17/12:55:11,5.97,2.43,106.89,65.516,16.24,83.831,3778
17/12:55:12,6.28,2.51,106.89,65.571,16.24,83.853,3779
17/12:55:12,6.64,2.59,106.86,65.549,16.24,83.864,3780
17/12:55:13,6.97,2.65,106.85,65.527,16.24,83.864,3781
17/12:55:13,7.21,2.71,106.82,65.516,16.24,83.875,3782
17/12:55:14,7.51,2.81,106.79,65.516,16.24,83.886,3783
17/12:55:15,8.01,2.9,106.76,65.505,16.24,83.908,3784
17/12:55:15,8.0,2.9,106.77,65.439,16.24,83.908,3785
17/12:55:16,7.98,2.91,106.78,65.439,16.24,83.93,3786
17/12:55:16,7.9,2.91,106.78,65.428,16.23,83.941,3787
17/12:55:17,7.87,2.91,106.78,65.417,16.23,83.941,3788
17/12:55:17,7.86,2.91,106.79,65.351,16.23,83.952,3789
17/12:55:18,7.81,2.91,106.79,65.307,16.23,83.963,3790
17/12:55:18,7.8,2.9,106.78,65.252,16.23,83.974,3791
17/12:55:19,7.79,2.89,106.78,65.208,16.23,83.985,3792
17/12:55:20,8.13,2.9,106.75,65.285,16.23,84.007,3793
17/12:55:21,8.2,2.88,106.75,65.329,16.23,84.007,3794
17/12:55:21,8.03,2.82,106.76,65.428,16.23,84.018,3795
17/12:55:22,7.74,2.78,106.76,65.439,16.23,84.029,3796
17/12:55:22,7.49,2.73,106.77,65.384,16.23,84.04,3797
17/12:55:23,7.3,2.68,106.78,65.373,16.23,84.051,3798
17/12:55:23,7.27,2.67,106.79,65.351,16.22,84.062,3799
17/12:55:24,7.22,2.66,106.79,65.45,16.22,84.073,3800
17/12:55:25,7.32,2.69,106.78,65.582,16.22,84.084,3801
17/12:55:26,7.97,2.78,106.72,65.637,16.22,84.106,3802
17/12:55:26,8.32,2.84,106.7,65.736,16.22,84.117,3803
17/12:55:27,8.66,2.89,106.68,65.769,16.22,84.128,3804
17/12:55:28,8.76,2.9,106.66,65.725,16.22,84.139,3805
17/12:55:28,8.77,2.89,106.65,65.791,16.22,84.15,3806
17/12:55:29,8.72,2.89,106.63,65.824,16.22,84.15,3807
17/12:55:29,8.68,2.9,106.62,65.879,16.22,84.161,3808
17/12:55:30,8.73,2.9,106.62,65.901,16.21,84.183,3809
17/12:55:31,8.69,2.9,106.62,66.022,16.21,84.216,3810
17/12:55:32,8.72,2.9,106.61,66.154,16.21,84.216,3811
17/12:55:33,8.74,2.9,106.61,66.242,16.21,84.227,3812
17/12:55:34,8.75,2.89,106.62,66.242,16.21,84.249,3813
17/12:55:35,8.8,2.87,106.62,66.374,16.21,84.271,3814
17/12:55:35,8.76,2.87,106.61,66.44,16.21,84.282,3815
17/12:55:36,8.71,2.88,106.62,66.539,16.21,84.293,3816
17/12:55:36,8.72,2.89,106.63,66.572,16.2,84.304,3817
17/12:55:37,8.67,2.89,106.64,66.649,16.2,84.315,3818
17/12:55:37,8.64,2.88,106.64,66.781,16.2,84.315,3819
17/12:55:38,8.59,2.87,106.64,66.869,16.2,84.326,3820
17/12:55:39,8.61,2.87,106.65,66.88,16.2,84.337,3821
17/12:55:39,8.63,2.87,106.65,66.946,16.2,84.348,3822
17/12:55:40,8.65,2.87,106.66,66.99,16.2,84.359,3823
17/12:55:40,8.7,2.86,106.67,67.045,16.2,84.37,3824
17/12:55:41,8.75,2.85,106.66,67.133,16.2,84.381,3825
17/12:55:42,8.77,2.85,106.64,67.331,16.2,84.392,3826
17/12:55:42,8.82,2.86,106.65,67.397,16.19,84.403,3827
17/12:55:43,8.81,2.86,106.64,67.386,16.19,84.414,3828
17/12:55:43,8.78,2.85,106.63,67.463,16.19,84.425,3829
17/12:55:44,8.81,2.85,106.62,67.628,16.19,84.436,3830
17/12:55:44,8.76,2.85,106.6,67.716,16.19,84.447,3831
17/12:55:45,8.82,2.85,106.6,67.716,16.19,84.458,3832
17/12:55:45,8.82,2.85,106.6,67.782,16.19,84.469,3833
17/12:55:46,8.83,2.85,106.6,67.892,16.19,84.48,3834
17/12:55:46,8.79,2.85,106.6,67.969,16.19,84.491,3835
17/12:55:47,8.81,2.85,106.59,68.002,16.19,84.491,3836
17/12:55:47,8.8,2.84,106.57,68.013,16.19,84.502,3837
17/12:55:48,8.78,2.84,106.57,68.145,16.19,84.513,3838
17/12:55:48,8.78,2.85,106.59,68.2,16.18,84.524,3839
17/12:55:49,8.7,2.85,106.57,68.222,16.18,84.535,3840
17/12:55:50,8.68,2.85,106.57,68.299,16.18,84.546,3841
17/12:55:50,8.56,2.85,106.57,68.453,16.18,84.557,3842
17/12:55:51,8.61,2.85,106.57,68.574,16.18,84.568,3843
17/12:55:51,8.61,2.85,106.56,68.662,16.18,84.579,3844
17/12:55:52,8.64,2.85,106.56,68.728,16.18,84.59,3845
17/12:55:52,8.63,2.85,106.56,68.805,16.18,84.601,3846
17/12:55:54,8.72,2.85,106.59,69.102,16.18,84.623,3847
17/12:55:54,8.77,2.85,106.57,69.234,16.17,84.634,3848
17/12:55:55,8.75,2.85,106.59,69.388,16.17,84.645,3849
17/12:55:56,8.71,2.84,106.61,69.509,16.17,84.667,3850
17/12:55:56,8.73,2.85,106.61,69.597,16.17,84.678,3851
17/12:55:57,8.81,2.85,106.59,69.762,16.17,84.689,3852
17/12:55:57,8.82,2.85,106.57,69.894,16.17,84.7,3853
17/12:55:58,8.79,2.85,106.56,69.971,16.17,84.711,3854
17/12:55:59,8.88,2.85,106.56,70.059,16.17,84.733,3855
17/12:56:00,8.88,2.83,106.56,70.224,16.17,84.744,3856
17/12:56:00,8.81,2.79,106.56,70.433,16.16,84.755,3857
17/12:56:01,8.73,2.77,106.55,70.521,16.16,84.766,3858
17/12:56:02,8.61,2.75,106.55,70.609,16.16,84.777,3859
17/12:56:02,8.66,2.73,106.54,70.741,16.16,84.788,3860
17/12:56:03,8.61,2.7,106.55,70.873,16.16,84.799,3861
17/12:56:03,8.57,2.7,106.55,71.027,16.16,84.81,3862
17/12:56:04,8.64,2.69,106.55,71.137,16.16,84.832,3863
17/12:56:05,8.76,2.69,106.57,71.192,16.16,84.854,3864
17/12:56:06,8.78,2.71,106.59,71.291,16.16,84.865,3865
17/12:56:06,8.75,2.74,106.56,71.401,16.14,84.876,3866
17/12:56:07,8.81,2.77,106.56,71.467,16.14,84.887,3867
17/12:56:07,8.75,2.8,106.56,71.478,16.14,84.898,3868
17/12:56:09,8.73,2.84,106.55,71.566,16.14,84.909,3869
17/12:56:09,8.72,2.87,106.54,71.654,16.14,84.931,3870
17/12:56:10,8.67,2.88,106.54,71.808,16.14,84.931,3871
17/12:56:10,8.63,2.89,106.54,71.83,16.14,84.942,3872
17/12:56:10,8.6,2.88,106.54,71.885,16.14,84.953,3873
17/12:56:11,8.63,2.87,106.55,71.973,16.14,84.964,3874
17/12:56:12,8.65,2.87,106.56,72.006,16.14,84.975,3875
17/12:56:12,8.56,2.86,106.56,72.083,16.14,84.986,3876
17/12:56:13,8.56,2.86,106.55,72.116,16.14,84.997,3877
17/12:56:13,8.62,2.87,106.56,72.05,16.14,85.008,3878
17/12:56:14,8.73,2.87,106.56,72.05,16.14,85.008,3879
17/12:56:14,8.78,2.87,106.56,72.05,16.14,85.03,3880
17/12:56:17,8.82,2.88,106.54,72.347,16.14,85.096,3881
17/12:56:19,8.8,2.86,106.56,72.413,16.13,85.129,3882
17/12:56:20,8.81,2.86,106.55,72.457,16.13,85.151,3883
17/12:56:21,8.85,2.85,106.55,72.545,16.13,85.162,3884
17/12:56:22,8.76,2.86,106.55,72.6,16.13,85.184,3885
17/12:56:22,8.87,2.86,106.54,72.633,16.13,85.184,3886
17/12:56:23,8.75,2.86,106.52,72.699,16.13,85.195,3887
17/12:56:23,8.76,2.87,106.51,72.776,16.13,85.206,3888
17/12:56:24,8.76,2.87,106.53,72.798,16.13,85.217,3889
17/12:56:24,8.45,2.82,106.54,72.864,16.12,85.228,3890
17/12:56:25,7.09,2.66,106.65,72.974,16.12,85.25,3891
17/12:56:27,5.84,2.48,106.77,72.897,16.12,85.272,3892
17/12:56:28,4.55,2.28,106.88,72.765,16.12,85.294,3893
17/12:56:28,4.38,2.28,106.89,72.809,16.12,85.305,3894
17/12:56:29,4.91,2.35,106.87,72.809,16.12,85.316,3895
17/12:56:29,6.24,2.53,106.76,72.897,16.12,85.327,3896
17/12:56:30,6.91,2.61,106.7,72.996,16.12,85.349,3897
17/12:56:31,8.25,2.8,106.6,73.117,16.12,85.371,3898
17/12:56:32,8.76,2.88,106.55,73.205,16.12,85.382,3899
17/12:56:32,8.8,2.88,106.52,73.271,16.12,85.393,3900
17/12:56:33,8.78,2.87,106.54,73.414,16.11,85.415,3901
17/12:56:34,8.86,2.88,106.54,73.48,16.11,85.426,3902
17/12:56:34,8.82,2.87,106.53,73.535,16.11,85.437,3903
17/12:56:35,8.98,2.86,106.54,73.612,16.11,85.448,3904
17/12:56:35,8.77,2.86,106.53,73.711,16.11,85.459,3905
17/12:56:37,8.73,2.86,106.54,73.821,16.11,85.492,3906
17/12:56:37,8.56,2.85,106.52,73.832,16.11,85.503,3907
17/12:56:38,8.71,2.85,106.51,73.865,16.11,85.514,3908
17/12:56:38,8.56,2.85,106.53,73.887,16.11,85.525,3909
17/12:56:39,8.61,2.86,106.53,73.843,16.1,85.536,3910
17/12:56:40,8.56,2.86,106.53,73.92,16.1,85.547,3911
17/12:56:40,8.56,2.86,106.53,74.041,16.1,85.547,3912
17/12:56:41,8.8,2.87,106.52,74.228,16.1,85.58,3913
17/12:56:42,8.88,2.88,106.52,74.283,16.1,85.58,3914
17/12:56:42,8.76,2.87,106.51,74.36,16.1,85.602,3915
17/12:56:43,8.91,2.87,106.49,74.316,16.1,85.613,3916
17/12:56:43,8.87,2.86,106.49,74.316,16.1,85.613,3917
17/12:56:44,8.9,2.87,106.51,74.327,16.1,85.624,3918
17/12:56:44,8.92,2.86,106.51,74.393,16.1,85.646,3919
17/12:56:45,8.7,2.85,106.49,74.448,16.1,85.646,3920
17/12:56:45,8.82,2.84,106.49,74.503,16.09,85.657,3921
17/12:56:46,8.77,2.84,106.49,74.536,16.09,85.668,3922
17/12:56:46,8.72,2.84,106.5,74.536,16.09,85.679,3923
17/12:56:47,8.73,2.85,106.52,74.602,16.09,85.69,3924
17/12:56:48,8.71,2.86,106.5,74.668,16.09,85.701,3925
17/12:56:48,8.72,2.86,106.5,74.668,16.09,85.712,3926
17/12:56:48,8.79,2.87,106.49,74.613,16.09,85.723,3927
17/12:56:49,8.86,2.87,106.5,74.613,16.09,85.734,3928
17/12:56:50,8.84,2.87,106.5,74.569,16.09,85.756,3929
17/12:56:51,8.86,2.87,106.52,74.723,16.09,85.767,3930
17/12:56:51,8.86,2.87,106.5,74.8,16.08,85.778,3931
17/12:56:52,8.78,2.85,106.51,74.811,16.08,85.8,3932
17/12:56:53,8.79,2.84,106.51,74.866,16.08,85.822,3933
17/12:56:54,8.71,2.84,106.53,74.899,16.08,85.833,3934
17/12:56:54,8.79,2.84,106.52,74.943,16.08,85.844,3935
17/12:56:55,8.78,2.84,106.5,74.976,16.08,85.855,3936
17/12:56:56,8.62,2.85,106.54,75.042,16.08,85.877,3937
17/12:56:56,8.83,2.85,106.52,75.009,16.08,85.888,3938
17/12:56:57,8.64,2.85,106.52,74.965,16.07,85.899,3939
17/12:56:58,8.81,2.85,106.51,74.998,16.07,85.91,3940
17/12:56:59,8.82,2.84,106.53,75.031,16.07,85.943,3941
17/12:57:00,8.74,2.84,106.5,75.108,16.07,85.954,3942
17/12:57:01,8.83,2.85,106.5,75.262,16.07,85.976,3943
17/12:57:01,8.86,2.85,106.5,75.251,16.07,85.987,3944
17/12:57:02,8.82,2.84,106.51,75.273,16.07,86.009,3945
17/12:57:03,9.39,2.91,106.5,74.91,16.07,86.02,3946
17/12:57:03,9.22,2.95,106.5,74.668,16.06,86.031,3947
17/12:57:04,9.2,3.04,106.53,74.91,16.06,86.053,3948
17/12:57:05,9.2,3.07,106.53,74.91,16.06,86.064,3949
17/12:57:05,9.15,3.12,106.55,74.954,16.06,86.075,3950
17/12:57:06,9.34,3.16,106.55,74.987,16.06,86.086,3951
17/12:57:07,8.64,3.16,106.56,75.196,16.06,86.108,3952
17/12:57:07,8.75,3.15,106.55,75.185,16.06,86.108,3953
17/12:57:08,8.73,3.13,106.54,75.273,16.06,86.13,3954
17/12:57:09,8.65,3.13,106.53,75.35,16.06,86.141,3955
17/12:57:09,8.67,3.13,106.54,75.405,16.05,86.152,3956
17/12:57:10,8.47,3.12,106.52,75.482,16.05,86.174,3957
17/12:57:11,8.56,3.12,106.53,75.482,16.05,86.185,3958
17/12:57:12,8.45,3.07,106.53,75.735,16.05,86.207,3959
17/12:57:12,8.65,3.05,106.53,75.735,16.05,86.218,3960
17/12:57:13,8.67,3.04,106.52,75.746,16.05,86.229,3961
17/12:57:14,8.54,2.99,106.51,75.691,16.05,86.251,3962
17/12:57:15,8.71,2.98,106.5,75.713,16.05,86.262,3963
17/12:57:15,8.85,2.97,106.51,75.724,16.04,86.284,3964
17/12:57:16,8.82,2.96,106.5,75.79,16.04,86.295,3965
17/12:57:17,8.99,2.97,106.49,75.988,16.04,86.317,3966
17/12:57:17,8.7,2.96,106.51,76.098,16.04,86.328,3967
17/12:57:18,7.56,2.88,106.56,76.252,16.04,86.339,3968
17/12:57:18,6.68,2.8,106.62,76.241,16.04,86.35,3969
17/12:57:19,5.7,2.72,106.68,76.23,16.04,86.361,3970
17/12:57:20,4.35,2.65,106.76,76.307,16.04,86.372,3971
17/12:57:20,3.99,2.62,106.81,76.274,16.04,86.383,3972
17/12:57:21,4.01,2.62,106.82,76.208,16.04,86.394,3973
17/12:57:21,4.09,2.61,106.81,76.23,16.04,86.405,3974
17/12:57:22,4.64,2.64,106.77,76.329,16.04,86.416,3975
17/12:57:22,5.88,2.73,106.71,76.351,16.04,86.416,3976
17/12:57:23,6.86,2.81,106.64,76.417,16.04,86.449,3977
17/12:57:23,7.94,2.87,106.57,76.494,16.04,86.449,3978
17/12:57:24,9.07,2.95,106.48,76.703,16.04,86.46,3979
17/12:57:24,9.24,2.95,106.44,76.681,16.03,86.471,3980
17/12:57:25,9.28,2.95,106.42,76.703,16.03,86.493,3981
17/12:57:25,9.28,2.95,106.44,76.813,16.03,86.504,3982
17/12:57:26,8.66,2.89,106.46,76.89,16.03,86.515,3983
17/12:57:26,7.71,2.81,106.52,76.923,16.03,86.515,3984
17/12:57:27,6.71,2.74,106.56,76.945,16.03,86.537,3985
17/12:57:28,5.28,2.59,106.69,77.055,16.03,86.559,3986
17/12:57:28,4.35,2.51,106.75,77.044,16.03,86.57,3987
17/12:57:29,3.13,2.43,106.8,77.011,16.03,86.581,3988
17/12:57:30,2.25,2.35,106.85,76.989,16.03,86.592,3989
17/12:57:30,2.2,2.33,106.88,76.967,16.03,86.603,3990
17/12:57:30,2.72,2.35,106.86,76.956,16.03,86.614,3991
17/12:57:31,3.63,2.41,106.8,76.956,16.03,86.625,3992
17/12:57:32,5.07,2.53,106.67,77.033,16.03,86.647,3993
17/12:57:33,6.04,2.59,106.61,76.978,16.03,86.658,3994
17/12:57:34,8.91,2.78,106.44,77.154,16.03,86.691,3995
17/12:57:35,9.03,2.8,106.42,77.154,16.02,86.702,3996
17/12:57:35,8.25,2.73,106.46,77.132,16.02,86.713,3997
17/12:57:36,7.55,2.63,106.53,77.121,16.02,86.724,3998
17/12:57:36,6.61,2.56,106.57,77.11,16.02,86.735,3999
17/12:57:37,5.63,2.49,106.63,76.967,16.02,86.746,4000
17/12:57:37,4.66,2.41,106.69,76.89,16.02,86.757,4001
17/12:57:38,3.79,2.32,106.73,76.846,16.02,86.768,4002
17/12:57:39,3.56,2.3,106.76,76.846,16.02,86.779,4003
17/12:57:39,3.71,2.3,106.76,76.747,16.02,86.79,4004
17/12:57:40,4.74,2.39,106.7,76.593,16.02,86.801,4005
17/12:57:40,5.73,2.47,106.65,76.56,16.02,86.812,4006
17/12:57:41,6.53,2.54,106.57,76.604,16.02,86.823,4007
17/12:57:41,8.46,2.71,106.47,76.582,16.02,86.845,4008
17/12:57:42,9.33,2.83,106.38,76.593,16.02,86.856,4009
17/12:57:43,9.62,2.85,106.37,76.648,16.02,86.867,4010
17/12:57:43,9.7,2.87,106.36,76.626,16.02,86.878,4011
17/12:57:44,9.52,2.89,106.36,76.604,16.01,86.889,4012
17/12:57:44,9.54,2.9,106.36,76.527,16.01,86.9,4013
17/12:57:45,9.82,2.92,106.39,76.516,16.01,86.911,4014
17/12:57:45,9.76,2.93,106.38,76.56,16.01,86.922,4015
17/12:57:46,9.66,2.92,106.39,76.604,16.01,86.933,4016
17/12:57:46,9.84,2.91,106.37,76.527,16.01,86.944,4017
17/12:57:47,9.78,2.91,106.36,76.516,16.01,86.955,4018
17/12:57:48,9.92,2.9,106.35,76.472,16.01,86.977,4019
17/12:57:49,10.11,2.91,106.31,76.516,16.0,86.999,4020
17/12:57:50,10.13,2.91,106.3,76.494,16.0,87.01,4021
17/12:57:50,10.14,2.91,106.28,76.483,16.0,87.021,4022
17/12:57:51,10.23,2.91,106.31,76.395,16.0,87.054,4023
17/12:57:52,10.26,2.91,106.31,76.307,16.0,87.065,4024
17/12:57:53,10.26,2.91,106.32,76.186,16.0,87.076,4025
17/12:57:54,10.36,2.93,106.32,76.131,15.99,87.109,4026
17/12:57:55,10.54,2.94,106.32,76.043,15.99,87.109,4027
17/12:57:55,10.33,2.95,106.32,75.834,15.99,87.142,4028
17/12:57:56,10.56,2.95,106.31,75.834,15.99,87.142,4029
17/12:57:56,10.7,2.95,106.32,75.823,15.99,87.164,4030
17/12:57:57,10.38,2.93,106.3,75.834,15.99,87.175,4031
17/12:57:57,10.41,2.93,106.31,75.702,15.99,87.186,4032
17/12:57:58,10.42,2.93,106.3,75.625,15.99,87.197,4033
17/12:57:59,10.39,2.92,106.28,75.471,15.98,87.208,4034
17/12:58:01,10.15,2.93,106.26,75.262,15.98,87.252,4035
17/12:58:01,10.21,2.94,106.27,75.141,15.98,87.274,4036
17/12:58:02,10.22,2.95,106.26,75.13,15.98,87.285,4037
17/12:58:03,10.2,2.96,106.26,74.954,15.97,87.307,4038
17/12:58:04,10.28,2.96,106.28,74.866,15.97,87.307,4039
17/12:58:04,10.32,2.97,106.28,74.723,15.97,87.329,4040
17/12:58:05,10.47,2.96,106.28,74.701,15.97,87.329,4041
17/12:58:05,10.37,2.95,106.26,74.646,15.97,87.34,4042
17/12:58:06,10.26,2.95,106.28,74.602,15.97,87.362,4043
17/12:58:06,10.36,2.96,106.23,74.514,15.97,87.362,4044
17/12:58:07,10.11,2.95,106.23,74.36,15.97,87.373,4045
17/12:58:08,10.26,2.96,106.23,74.261,15.97,87.384,4046
17/12:58:08,10.21,2.95,106.23,74.173,15.97,87.395,4047
17/12:58:09,10.23,2.95,106.25,74.096,15.96,87.406,4048
17/12:58:09,10.08,2.95,106.24,73.975,15.96,87.417,4049
17/12:58:10,10.32,2.95,106.23,73.854,15.96,87.428,4050
17/12:58:10,10.35,2.96,106.24,73.7,15.96,87.45,4051
17/12:58:11,10.36,2.95,106.23,73.59,15.96,87.461,4052
17/12:58:12,10.34,2.95,106.24,73.491,15.96,87.472,4053
17/12:58:12,10.33,2.95,106.23,73.447,15.96,87.483,4054
17/12:58:13,10.33,2.95,106.22,73.348,15.96,87.494,4055
17/12:58:13,10.51,2.96,106.21,73.249,15.95,87.505,4056
17/12:58:14,10.67,2.95,106.18,73.205,15.95,87.516,4057
17/12:58:14,10.94,2.95,106.18,73.172,15.95,87.516,4058
17/12:58:15,11.02,2.94,106.17,73.106,15.95,87.527,4059
17/12:58:15,11.25,2.95,106.15,72.996,15.95,87.549,4060
17/12:58:16,11.6,2.95,106.11,72.754,15.95,87.571,4061
17/12:58:17,11.71,2.95,106.09,72.699,15.95,87.582,4062
17/12:58:17,11.77,2.95,106.07,72.589,15.94,87.593,4063
17/12:58:18,11.74,2.95,106.08,72.446,15.94,87.604,4064
17/12:58:18,11.77,2.95,106.08,72.391,15.94,87.615,4065
17/12:58:20,11.85,2.97,106.05,72.116,15.94,87.648,4066
17/12:58:21,12.0,2.97,106.04,72.061,15.94,87.659,4067
17/12:58:22,11.99,2.99,106.04,71.83,15.93,87.681,4068
17/12:58:23,11.89,2.99,106.03,71.698,15.93,87.703,4069
17/12:58:23,11.86,2.99,106.03,71.61,15.93,87.703,4070
17/12:58:24,11.73,2.98,106.03,71.489,15.93,87.714,4071
17/12:58:24,11.86,2.98,106.03,71.379,15.93,87.725,4072
17/12:58:25,11.76,2.97,106.03,71.181,15.93,87.747,4073
17/12:58:26,11.83,2.97,106.02,71.148,15.92,87.758,4074
17/12:58:27,11.82,2.96,106.02,70.939,15.92,87.791,4075
17/12:58:28,11.89,2.96,106.02,70.873,15.92,87.802,4076
17/12:58:29,11.83,2.97,106.02,70.686,15.92,87.824,4077
17/12:58:30,11.84,2.96,106.03,70.609,15.91,87.835,4078
17/12:58:30,11.78,2.97,106.04,70.565,15.91,87.846,4079
17/12:58:30,11.82,2.97,106.02,70.444,15.91,87.857,4080
17/12:58:31,11.87,2.96,106.02,70.356,15.91,87.868,4081
17/12:58:32,11.74,2.98,105.99,70.29,15.91,87.879,4082
17/12:58:32,11.7,2.98,106.0,70.202,15.91,87.879,4083
17/12:58:33,11.75,2.97,106.0,70.114,15.91,87.89,4084
17/12:58:33,11.71,2.96,106.02,70.037,15.91,87.901,4085
17/12:58:34,11.7,2.98,106.02,70.037,15.9,87.912,4086
17/12:58:35,11.74,2.97,106.02,70.092,15.9,87.945,4087
17/12:58:36,11.72,2.96,106.03,69.993,15.9,87.956,4088
17/12:58:36,11.74,2.96,106.03,69.85,15.9,87.967,4089
17/12:58:37,11.74,2.97,106.01,69.773,15.9,87.978,4090
17/12:58:37,11.77,2.96,106.0,69.718,15.9,87.989,4091
17/12:58:38,11.71,2.94,105.99,69.641,15.89,88.0,4092
17/12:58:39,11.68,2.96,106.0,69.564,15.89,88.011,4093
17/12:58:39,11.71,2.95,106.0,69.641,15.89,88.011,4094
17/12:58:40,11.68,2.96,105.99,69.674,15.89,88.033,4095
17/12:58:41,11.67,2.95,105.98,69.542,15.89,88.044,4096
17/12:58:42,11.6,2.96,105.98,69.465,15.88,88.066,4097
17/12:58:42,11.7,2.94,105.97,69.487,15.88,88.088,4098
17/12:58:43,11.69,2.95,105.97,69.443,15.88,88.099,4099
17/12:58:44,11.65,2.96,105.97,69.498,15.88,88.121,4100
17/12:58:45,11.6,2.96,105.97,69.498,15.88,88.132,4101
17/12:58:46,11.63,2.95,105.99,69.608,15.87,88.154,4102
17/12:58:47,11.6,2.96,105.99,69.608,15.87,88.165,4103
17/12:58:47,11.63,2.96,105.98,69.663,15.87,88.176,4104
17/12:58:48,11.67,2.96,105.99,69.718,15.87,88.187,4105
17/12:58:48,11.6,2.97,105.98,69.762,15.87,88.198,4106
17/12:58:49,11.65,2.98,105.98,69.806,15.87,88.209,4107
17/12:58:49,11.76,2.97,105.99,69.85,15.87,88.22,4108
17/12:58:50,11.71,2.98,106.01,69.971,15.86,88.231,4109
17/12:58:50,11.7,2.99,106.01,70.125,15.86,88.242,4110
17/12:58:51,11.73,2.99,106.0,70.202,15.86,88.253,4111
17/12:58:51,11.75,2.99,106.01,70.257,15.86,88.264,4112
17/12:58:52,11.73,2.99,106.02,70.444,15.86,88.275,4113
17/12:58:52,11.85,2.99,106.01,70.598,15.86,88.286,4114
17/12:58:54,11.75,2.97,106.01,70.939,15.86,88.297,4115
17/12:58:54,11.78,2.97,105.99,71.027,15.85,88.308,4116
17/12:58:55,11.75,2.96,105.99,71.159,15.85,88.308,4117
17/12:58:55,11.68,2.95,105.98,71.346,15.85,88.33,4118
17/12:58:56,11.72,2.96,105.97,71.577,15.85,88.341,4119
17/12:58:57,11.79,2.94,105.95,71.797,15.85,88.352,4120
17/12:58:57,11.94,2.95,105.91,72.127,15.85,88.374,4121
17/12:58:58,12.26,2.96,105.89,72.358,15.85,88.385,4122
17/12:58:58,12.56,2.96,105.88,72.622,15.84,88.396,4123
17/12:58:59,13.1,2.97,105.83,73.205,15.84,88.418,4124
17/12:59:00,13.33,2.96,105.83,73.524,15.84,88.429,4125
17/12:59:01,13.84,2.98,105.78,74.118,15.84,88.451,4126
17/12:59:02,13.81,2.95,105.77,74.415,15.83,88.462,4127
17/12:59:02,13.72,2.95,105.76,74.734,15.83,88.473,4128
17/12:59:03,13.69,2.94,105.75,74.987,15.83,88.484,4129
17/12:59:03,13.82,2.94,105.73,75.284,15.83,88.495,4130
17/12:59:04,13.7,2.93,105.72,75.647,15.83,88.506,4131
17/12:59:04,13.63,2.92,105.71,75.988,15.83,88.517,4132
17/12:59:05,13.55,2.92,105.71,76.252,15.83,88.528,4133
17/12:59:06,13.68,2.92,105.71,76.934,15.82,88.55,4134
17/12:59:06,13.72,2.92,105.69,77.363,15.82,88.561,4135
17/12:59:07,13.63,2.91,105.7,77.66,15.82,88.572,4136
17/12:59:07,13.56,2.93,105.7,78.078,15.82,88.583,4137
17/12:59:08,13.68,2.93,105.71,78.408,15.82,88.594,4138
17/12:59:08,13.92,2.93,105.7,78.661,15.81,88.605,4139
17/12:59:09,14.01,2.94,105.7,78.991,15.81,88.616,4140
17/12:59:10,13.92,2.94,105.7,79.354,15.81,88.616,4141
17/12:59:10,13.15,2.86,105.72,79.761,15.81,88.627,4142
17/12:59:11,12.3,2.75,105.79,80.135,15.81,88.649,4143
17/12:59:11,11.56,2.66,105.84,80.432,15.81,88.66,4144
17/12:59:13,8.51,2.38,105.98,81.532,15.8,88.704,4145
17/12:59:13,7.45,2.3,106.03,81.84,15.8,88.715,4146
17/12:59:14,7.03,2.24,106.08,82.137,15.8,88.726,4147
17/12:59:15,7.05,2.28,106.08,82.698,15.8,88.748,4148
17/12:59:15,7.95,2.35,106.03,83.017,15.8,88.759,4149
17/12:59:16,8.97,2.43,105.98,83.347,15.8,88.77,4150
17/12:59:17,10.53,2.61,105.9,84.051,15.8,88.792,4151
17/12:59:17,11.54,2.68,105.85,84.491,15.8,88.803,4152
17/12:59:18,12.17,2.75,105.79,84.898,15.79,88.814,4153
17/12:59:18,13.06,2.84,105.75,85.206,15.79,88.836,4154
17/12:59:20,13.64,2.92,105.72,85.833,15.79,88.858,4155
17/12:59:22,12.02,2.91,105.85,86.922,15.78,88.902,4156
17/12:59:22,11.05,2.82,105.94,87.208,15.78,88.924,4157
17/12:59:23,9.66,2.72,106.01,87.417,15.78,88.935,4158
17/12:59:23,8.62,2.65,106.08,87.604,15.78,88.946,4159
17/12:59:24,7.61,2.55,106.18,87.846,15.78,88.957,4160
17/12:59:24,7.42,2.53,106.21,87.956,15.78,88.968,4161
17/12:59:25,7.36,2.54,106.22,88.088,15.78,88.99,4162
17/12:59:26,7.44,2.56,106.2,88.341,15.78,89.012,4163
17/12:59:27,8.18,2.66,106.15,88.473,15.78,89.023,4164
17/12:59:27,9.6,2.83,106.08,88.759,15.77,89.045,4165
17/12:59:28,10.17,2.94,106.02,88.88,15.77,89.067,4166
17/12:59:28,10.17,2.93,106.03,89.023,15.77,89.078,4167
17/12:59:29,10.01,2.93,106.03,89.177,15.77,89.089,4168
17/12:59:30,9.66,2.92,106.07,89.188,15.77,89.1,4169
17/12:59:30,9.28,2.92,106.12,89.177,15.77,89.111,4170
17/12:59:31,8.35,2.92,106.18,89.122,15.77,89.144,4171
17/12:59:32,7.86,2.91,106.25,89.045,15.77,89.155,4172
17/12:59:33,6.89,2.9,106.37,88.836,15.76,89.177,4173
17/12:59:33,5.16,2.88,106.53,88.506,15.76,89.21,4174
17/12:59:34,4.36,2.88,106.63,88.121,15.76,89.221,4175
17/12:59:35,3.41,2.88,106.73,87.769,15.76,89.232,4176
17/12:59:35,2.56,2.81,106.84,87.34,15.76,89.243,4177
17/12:59:36,1.83,2.71,106.95,86.878,15.76,89.254,4178
17/12:59:36,1.2,2.6,107.08,86.548,15.76,89.265,4179
17/12:59:37,0.49,2.49,107.15,86.163,15.76,89.287,4180
17/12:59:38,0.07,2.3,107.28,85.261,15.76,89.309,4181
17/12:59:39,0.06,2.28,107.3,84.865,15.76,89.32,4182
17/12:59:39,0.07,2.28,107.3,84.392,15.77,89.331,4183
17/12:59:40,0.08,2.35,107.28,83.875,15.77,89.342,4184
17/12:59:40,0.12,2.57,107.22,82.94,15.77,89.364,4185
17/12:59:41,0.15,2.67,107.21,82.478,15.77,89.386,4186
17/12:59:41,0.18,2.79,107.18,81.994,15.77,89.397,4187
17/12:59:42,0.19,2.86,107.17,81.598,15.77,89.408,4188
17/12:59:43,0.19,2.86,107.17,81.114,15.77,89.408,4189
17/12:59:43,0.19,2.86,107.17,80.454,15.77,89.43,4190
17/12:59:44,0.19,2.86,107.19,79.409,15.77,89.452,4191
17/12:59:45,0.19,2.85,107.2,78.991,15.77,89.463,4192
17/12:59:45,0.19,2.85,107.21,78.573,15.77,89.474,4193
17/12:59:46,0.19,2.85,107.22,77.979,15.77,89.485,4194
17/12:59:47,0.22,2.87,107.25,76.527,15.77,89.518,4195
17/12:59:48,0.56,2.88,107.23,75.449,15.77,89.54,4196
17/12:59:49,1.76,2.89,107.14,75.174,15.77,89.551,4197
17/12:59:49,2.81,2.86,107.04,74.998,15.77,89.562,4198
17/12:59:50,3.32,2.77,106.98,74.778,15.77,89.573,4199
17/12:59:51,4.21,2.56,106.85,74.47,15.77,89.595,4200
17/12:59:52,4.8,2.47,106.78,74.316,15.77,89.606,4201
17/12:59:52,5.23,2.37,106.71,74.096,15.77,89.617,4202
17/12:59:53,5.52,2.27,106.67,73.876,15.77,89.628,4203
17/12:59:54,5.55,2.28,106.62,73.524,15.77,89.65,4204
17/12:59:54,6.41,2.38,106.55,73.414,15.77,89.661,4205
17/12:59:55,7.06,2.49,106.47,73.348,15.77,89.672,4206
17/12:59:55,8.1,2.6,106.41,73.37,15.77,89.683,4207
17/12:59:56,8.76,2.69,106.34,73.326,15.77,89.694,4208
17/12:59:56,9.68,2.79,106.28,73.26,15.77,89.705,4209
17/12:59:57,10.35,2.89,106.19,73.139,15.76,89.716,4210
17/12:59:57,10.51,2.91,106.16,73.062,15.76,89.716,4211
17/12:59:58,10.38,2.9,106.15,72.996,15.76,89.727,4212
17/12:59:58,10.23,2.91,106.16,72.897,15.76,89.749,4213
17/12:59:59,9.9,2.9,106.17,72.655,15.76,89.76,4214
17/13:00:00,9.38,2.91,106.22,72.402,15.76,89.782,4215
17/13:00:01,9.02,2.92,106.26,72.325,15.76,89.793,4216
17/13:00:01,8.86,2.92,106.28,72.237,15.76,89.804,4217
17/13:00:02,8.61,2.92,106.32,72.083,15.76,89.815,4218
17/13:00:02,8.78,2.91,106.34,72.017,15.75,89.826,4219
17/13:00:03,8.71,2.92,106.34,71.896,15.75,89.837,4220
17/13:00:03,8.75,2.91,106.35,71.808,15.75,89.848,4221
17/13:00:03,8.82,2.91,106.34,71.654,15.75,89.848,4222
17/13:00:05,8.83,2.89,106.33,71.357,15.75,89.87,4223
17/13:00:06,8.81,2.89,106.33,71.258,15.75,89.881,4224
17/13:00:07,8.79,2.88,106.33,71.093,15.75,89.903,4225
17/13:00:07,8.84,2.9,106.32,70.928,15.75,89.925,4226
17/13:00:08,8.86,2.89,106.32,70.741,15.74,89.947,4227
17/13:00:10,8.8,2.89,106.31,70.554,15.74,89.969,4228
17/13:00:10,8.88,2.88,106.3,70.499,15.74,89.98,4229
17/13:00:11,8.86,2.87,106.28,70.301,15.74,90.002,4230
17/13:00:11,8.81,2.87,106.27,70.191,15.74,90.013,4231
17/13:00:12,8.86,2.87,106.26,70.026,15.74,90.013,4232
17/13:00:12,8.86,2.87,106.26,69.872,15.74,90.024,4233
17/13:00:13,8.82,2.87,106.26,69.773,15.74,90.035,4234
17/13:00:14,8.77,2.86,106.27,69.729,15.74,90.046,4235
17/13:00:14,8.79,2.86,106.27,69.641,15.73,90.057,4236
17/13:00:15,8.78,2.86,106.28,69.498,15.73,90.068,4237
17/13:00:15,8.78,2.86,106.28,69.388,15.73,90.079,4238
17/13:00:16,8.77,2.86,106.28,69.256,15.73,90.09,4239
17/13:00:16,8.75,2.85,106.27,69.179,15.73,90.101,4240
17/13:00:17,8.69,2.84,106.28,69.047,15.73,90.112,4241
17/13:00:18,8.67,2.85,106.28,69.014,15.73,90.123,4242
17/13:00:18,8.66,2.86,106.26,68.926,15.73,90.134,4243
17/13:00:18,8.71,2.86,106.26,68.717,15.73,90.145,4244
17/13:00:19,8.68,2.85,106.26,68.486,15.73,90.156,4245
17/13:00:20,8.68,2.86,106.25,68.42,15.73,90.167,4246
17/13:00:21,8.72,2.87,106.25,68.321,15.72,90.178,4247
17/13:00:22,8.87,2.9,106.26,68.024,15.72,90.2,4248
17/13:00:25,8.85,2.96,106.26,67.529,15.72,90.255,4249
17/13:00:25,8.76,2.96,106.26,67.375,15.72,90.266,4250
17/13:00:26,8.78,2.96,106.25,67.276,15.72,90.277,4251
17/13:00:27,8.73,2.97,106.26,67.1,15.71,90.299,4252
17/13:00:27,8.69,2.96,106.26,67.012,15.71,90.31,4253
17/13:00:28,8.74,2.94,106.26,66.913,15.71,90.321,4254
17/13:00:29,8.66,2.93,106.28,66.748,15.71,90.332,4255
17/13:00:29,8.67,2.94,106.28,66.693,15.71,90.343,4256
17/13:00:30,8.64,2.94,106.28,66.616,15.71,90.354,4257
17/13:00:31,8.69,2.92,106.28,66.429,15.71,90.376,4258
17/13:00:32,8.74,2.93,106.28,66.308,15.71,90.387,4259
17/13:00:32,8.73,2.95,106.28,66.187,15.71,90.398,4260
17/13:00:33,8.76,2.97,106.27,66.198,15.7,90.42,4261
17/13:00:34,8.77,2.96,106.26,66.11,15.7,90.42,4262
17/13:00:35,8.82,2.96,106.25,65.901,15.7,90.442,4263
17/13:00:35,8.8,2.96,106.26,65.857,15.7,90.453,4264
17/13:00:36,8.77,2.97,106.25,65.758,15.7,90.464,4265
17/13:00:36,8.77,2.96,106.26,65.703,15.7,90.475,4266
17/13:00:37,8.74,2.94,106.26,65.527,15.7,90.497,4267
17/13:00:38,8.78,2.94,106.26,65.406,15.7,90.497,4268
17/13:00:39,8.83,2.94,106.26,65.307,15.7,90.508,4269
17/13:00:39,8.81,2.94,106.27,65.252,15.69,90.508,4270
17/13:00:39,8.82,2.94,106.27,65.175,15.69,90.53,4271
17/13:00:40,8.83,2.93,106.27,65.098,15.69,90.541,4272
17/13:00:40,8.82,2.93,106.26,65.021,15.69,90.552,4273
17/13:00:41,8.82,2.92,106.25,64.856,15.69,90.563,4274
17/13:00:41,8.8,2.92,106.26,64.812,15.69,90.563,4275
17/13:00:42,8.8,2.92,106.26,64.768,15.69,90.574,4276
17/13:00:42,8.79,2.91,106.25,64.647,15.69,90.585,4277
17/13:00:43,8.77,2.91,106.25,64.526,15.69,90.596,4278
17/13:00:44,8.79,2.91,106.25,64.46,15.69,90.607,4279
17/13:00:44,8.77,2.91,106.25,64.405,15.69,90.618,4280
17/13:00:45,8.78,2.92,106.25,64.372,15.68,90.629,4281
17/13:00:46,8.75,2.91,106.26,64.229,15.68,90.64,4282
17/13:00:46,8.72,2.92,106.27,64.262,15.68,90.651,4283
17/13:00:48,8.46,2.93,106.3,64.042,15.68,90.673,4284
17/13:00:48,8.11,2.92,106.33,63.888,15.68,90.695,4285
17/13:00:49,7.96,2.91,106.34,63.789,15.68,90.695,4286
17/13:00:49,7.84,2.91,106.34,63.701,15.68,90.706,4287
17/13:00:51,7.76,2.91,106.34,63.646,15.68,90.728,4288
17/13:00:51,7.74,2.91,106.35,63.58,15.68,90.739,4289
17/13:00:52,7.73,2.92,106.34,63.481,15.67,90.75,4290
17/13:00:53,7.68,2.93,106.35,63.459,15.67,90.761,4291
17/13:00:53,7.65,2.93,106.34,63.415,15.67,90.772,4292
17/13:00:54,7.67,2.93,106.34,63.349,15.67,90.783,4293
17/13:00:54,7.7,2.93,106.35,63.283,15.67,90.794,4294
17/13:00:55,7.72,2.93,106.34,63.261,15.67,90.805,4295
17/13:00:55,7.69,2.92,106.33,63.327,15.67,90.805,4296
17/13:00:56,7.72,2.9,106.33,63.327,15.67,90.816,4297
17/13:00:57,7.78,2.88,106.33,63.305,15.67,90.816,4298
17/13:00:57,7.9,2.87,106.31,63.316,15.67,90.827,4299
17/13:00:57,7.91,2.85,106.31,63.294,15.67,90.849,4300
17/13:00:58,7.95,2.83,106.31,63.382,15.67,90.86,4301
17/13:00:59,8.0,2.81,106.3,63.415,15.66,90.871,4302
17/13:00:59,8.07,2.81,106.28,63.415,15.66,90.882,4303
17/13:01:00,8.26,2.8,106.26,63.448,15.66,90.904,4304
17/13:01:01,8.28,2.79,106.25,63.448,15.66,90.915,4305
17/13:01:01,8.35,2.79,106.26,63.558,15.66,90.926,4306
17/13:01:02,8.46,2.78,106.26,63.69,15.66,90.926,4307
17/13:01:03,8.53,2.78,106.25,63.745,15.66,90.937,4308
17/13:01:03,8.6,2.77,106.23,63.811,15.66,90.948,4309
17/13:01:04,8.61,2.78,106.24,63.844,15.66,90.959,4310
17/13:01:05,8.62,2.79,106.25,64.053,15.66,90.981,4311
17/13:01:05,8.66,2.77,106.24,64.097,15.65,90.992,4312
17/13:01:06,8.56,2.77,106.23,64.262,15.65,90.992,4313
17/13:01:06,8.57,2.77,106.23,64.273,15.65,91.003,4314
17/13:01:07,8.62,2.78,106.24,64.394,15.65,91.025,4315
17/13:01:08,8.62,2.78,106.25,64.328,15.65,91.036,4316
17/13:01:09,8.56,2.77,106.28,64.361,15.65,91.047,4317
17/13:01:09,8.7,2.78,106.28,64.526,15.65,91.058,4318
17/13:01:12,8.57,2.78,106.25,64.801,15.64,91.113,4319
17/13:01:12,8.62,2.78,106.23,64.878,15.64,91.113,4320
17/13:01:13,8.61,2.78,106.22,64.977,15.64,91.124,4321
17/13:01:14,8.61,2.78,106.22,65.197,15.64,91.146,4322
17/13:01:15,8.63,2.78,106.2,65.241,15.64,91.157,4323
17/13:01:15,8.63,2.78,106.2,65.318,15.64,91.168,4324
17/13:01:16,8.56,2.78,106.19,65.516,15.64,91.179,4325
17/13:01:16,8.56,2.78,106.19,65.582,15.64,91.179,4326
17/13:01:17,8.55,2.78,106.21,65.67,15.64,91.19,4327
17/13:01:18,8.56,2.79,106.2,66.033,15.63,91.212,4328
17/13:01:18,8.55,2.79,106.2,66.011,15.63,91.223,4329
17/13:01:19,8.55,2.79,106.21,66.099,15.63,91.234,4330
17/13:01:19,8.6,2.79,106.2,66.242,15.63,91.245,4331
17/13:01:20,8.6,2.79,106.2,66.451,15.63,91.256,4332
17/13:01:20,8.6,2.79,106.2,66.627,15.63,91.267,4333
17/13:01:21,8.61,2.78,106.19,66.748,15.63,91.267,4334
17/13:01:22,8.56,2.78,106.19,66.869,15.63,91.278,4335
17/13:01:23,8.55,2.78,106.21,67.045,15.63,91.3,4336
17/13:01:23,8.54,2.78,106.21,67.188,15.63,91.311,4337
17/13:01:24,8.55,2.77,106.23,67.309,15.62,91.322,4338
17/13:01:24,8.54,2.77,106.22,67.342,15.62,91.333,4339
17/13:01:24,8.52,2.77,106.22,67.496,15.62,91.344,4340
17/13:01:25,8.51,2.77,106.25,67.606,15.62,91.344,4341
17/13:01:26,8.49,2.77,106.24,67.617,15.62,91.355,4342
17/13:01:26,8.46,2.76,106.23,67.771,15.62,91.366,4343
17/13:01:27,8.49,2.75,106.22,67.892,15.62,91.377,4344
17/13:01:27,8.49,2.76,106.21,67.98,15.62,91.388,4345
17/13:01:28,8.51,2.76,106.21,68.244,15.62,91.41,4346
17/13:01:29,8.49,2.76,106.21,68.376,15.62,91.421,4347
17/13:01:30,8.46,2.76,106.22,68.706,15.61,91.454,4348
17/13:01:31,8.4,2.77,106.22,68.882,15.61,91.454,4349
17/13:01:31,8.35,2.77,106.22,68.992,15.61,91.465,4350
17/13:01:32,8.35,2.78,106.23,69.179,15.61,91.476,4351
17/13:01:32,8.39,2.78,106.23,69.322,15.61,91.487,4352
17/13:01:33,8.4,2.8,106.23,69.421,15.61,91.498,4353
17/13:01:34,8.34,2.79,106.21,69.553,15.61,91.509,4354
17/13:01:34,8.46,2.79,106.2,69.729,15.61,91.531,4355
17/13:01:35,8.53,2.79,106.18,69.784,15.61,91.542,4356
17/13:01:36,8.56,2.77,106.17,70.015,15.6,91.564,4357
17/13:01:37,8.56,2.77,106.17,70.18,15.6,91.575,4358
17/13:01:38,8.53,2.75,106.19,70.433,15.6,91.586,4359
17/13:01:39,8.51,2.75,106.19,70.686,15.6,91.608,4360
17/13:01:39,8.53,2.75,106.22,70.84,15.6,91.608,4361
17/13:01:40,8.62,2.75,106.22,70.961,15.6,91.63,4362
17/13:01:40,8.56,2.75,106.22,71.06,15.6,91.641,4363
17/13:01:41,8.59,2.74,106.21,71.214,15.6,91.652,4364
17/13:01:41,8.65,2.74,106.21,71.368,15.6,91.663,4365
17/13:01:42,8.65,2.75,106.21,71.544,15.59,91.674,4366
17/13:01:42,8.57,2.74,106.21,71.687,15.59,91.685,4367
17/13:01:43,8.56,2.75,106.2,71.764,15.59,91.696,4368
17/13:01:44,8.56,2.76,106.18,71.874,15.59,91.707,4369
17/13:01:45,8.48,2.76,106.18,72.116,15.59,91.729,4370
17/13:01:45,8.48,2.77,106.18,72.193,15.59,91.74,4371
17/13:01:46,8.5,2.76,106.18,72.259,15.59,91.751,4372
17/13:01:46,8.44,2.76,106.17,72.391,15.59,91.762,4373
17/13:01:47,8.56,2.76,106.18,72.622,15.59,91.784,4374
17/13:01:48,8.55,2.75,106.18,72.578,15.59,91.784,4375
17/13:01:48,8.62,2.76,106.18,72.633,15.58,91.806,4376
17/13:01:49,8.68,2.75,106.18,72.82,15.58,91.817,4377
17/13:01:51,8.55,2.76,106.2,73.062,15.58,91.861,4378
17/13:01:52,8.51,2.78,106.17,73.117,15.58,91.883,4379
17/13:01:54,8.49,2.77,106.15,73.194,15.58,91.905,4380
17/13:01:54,8.54,2.77,106.16,73.183,15.58,91.916,4381
17/13:01:55,8.55,2.76,106.15,73.315,15.57,91.927,4382
17/13:01:56,8.51,2.76,106.14,73.326,15.57,91.949,4383
17/13:01:56,8.6,2.75,106.14,73.37,15.57,91.96,4384
17/13:01:57,8.53,2.76,106.16,73.403,15.57,91.971,4385
17/13:01:57,8.56,2.76,106.17,73.359,15.57,91.982,4386
17/13:01:58,8.53,2.76,106.17,73.381,15.57,91.993,4387
17/13:01:58,8.56,2.75,106.17,73.282,15.57,92.004,4388
17/13:01:59,8.52,2.76,106.16,73.249,15.57,92.015,4389
17/13:01:59,8.6,2.76,106.18,73.282,15.57,92.026,4390
17/13:02:00,8.55,2.76,106.19,73.304,15.57,92.037,4391
17/13:02:00,8.59,2.77,106.19,73.304,15.56,92.048,4392
17/13:02:01,8.49,2.76,106.19,73.249,15.56,92.059,4393
17/13:02:01,8.57,2.76,106.18,73.227,15.56,92.07,4394
17/13:02:02,8.47,2.77,106.19,73.183,15.56,92.081,4395
17/13:02:03,8.55,2.78,106.17,72.908,15.56,92.103,4396
17/13:02:04,8.57,2.79,106.16,72.875,15.56,92.114,4397
17/13:02:04,8.55,2.78,106.16,72.908,15.56,92.125,4398
17/13:02:05,8.64,2.78,106.15,72.952,15.56,92.136,4399
17/13:02:06,8.67,2.79,106.15,72.908,15.56,92.147,4400
17/13:02:06,8.68,2.8,106.14,72.853,15.56,92.169,4401
17/13:02:07,8.67,2.8,106.16,72.842,15.55,92.169,4402
17/13:02:07,8.63,2.8,106.15,72.798,15.55,92.18,4403
17/13:02:08,8.63,2.8,106.15,72.776,15.55,92.191,4404
17/13:02:09,8.56,2.81,106.18,72.765,15.55,92.213,4405
17/13:02:09,8.54,2.82,106.19,72.677,15.55,92.224,4406
17/13:02:10,8.51,2.81,106.19,72.721,15.55,92.235,4407
17/13:02:10,8.5,2.8,106.18,72.721,15.55,92.246,4408
17/13:02:11,8.43,2.79,106.19,72.655,15.55,92.257,4409
17/13:02:12,8.43,2.79,106.17,72.545,15.55,92.279,4410
17/13:02:13,8.52,2.79,106.17,72.435,15.55,92.29,4411
17/13:02:14,8.57,2.81,106.18,72.292,15.54,92.323,4412
17/13:02:16,8.53,2.81,106.18,72.05,15.54,92.356,4413
17/13:02:16,8.6,2.81,106.17,72.039,15.54,92.367,4414
17/13:02:17,8.61,2.81,106.17,72.017,15.54,92.378,4415
17/13:02:18,8.65,2.8,106.17,71.885,15.54,92.4,4416
17/13:02:18,8.63,2.8,106.18,71.742,15.54,92.411,4417
17/13:02:19,8.74,2.79,106.2,71.654,15.53,92.433,4418
17/13:02:20,8.68,2.8,106.19,71.577,15.53,92.433,4419
17/13:02:20,8.73,2.8,106.19,71.544,15.53,92.444,4420
17/13:02:21,8.8,2.81,106.17,71.544,15.53,92.466,4421
17/13:02:22,8.72,2.8,106.16,71.555,15.53,92.477,4422
17/13:02:23,8.75,2.8,106.14,71.478,15.53,92.499,4423
17/13:02:23,8.6,2.8,106.13,71.445,15.53,92.51,4424
17/13:02:24,8.66,2.8,106.14,71.445,15.53,92.521,4425
17/13:02:25,8.69,2.8,106.13,71.379,15.53,92.532,4426
17/13:02:25,8.57,2.79,106.14,71.346,15.52,92.543,4427
17/13:02:26,8.57,2.79,106.15,71.324,15.52,92.565,4428
17/13:02:27,8.56,2.77,106.14,71.291,15.52,92.587,4429
17/13:02:28,8.62,2.77,106.14,71.258,15.52,92.598,4430
17/13:02:28,8.54,2.78,106.14,71.192,15.52,92.609,4431
17/13:02:29,8.56,2.79,106.15,71.148,15.52,92.609,4432
17/13:02:30,8.5,2.79,106.13,71.181,15.52,92.631,4433
17/13:02:30,8.53,2.79,106.12,71.181,15.52,92.642,4434
17/13:02:31,8.54,2.79,106.12,71.049,15.52,92.653,4435
17/13:02:31,8.49,2.79,106.12,70.972,15.51,92.664,4436
17/13:02:33,8.52,2.78,106.12,70.95,15.51,92.686,4437
17/13:02:33,8.64,2.78,106.12,70.95,15.51,92.697,4438
17/13:02:34,8.56,2.76,106.12,70.95,15.51,92.708,4439
17/13:02:35,8.74,2.76,106.12,70.906,15.51,92.73,4440
17/13:02:35,8.62,2.76,106.12,70.906,15.51,92.741,4441
17/13:02:36,8.7,2.76,106.13,70.939,15.51,92.763,4442
17/13:02:37,8.57,2.76,106.13,70.895,15.5,92.785,4443
17/13:02:38,8.66,2.76,106.14,70.961,15.5,92.796,4444
17/13:02:39,8.65,2.76,106.14,71.005,15.5,92.807,4445
17/13:02:39,8.61,2.76,106.13,71.005,15.5,92.818,4446
17/13:02:40,8.69,2.77,106.13,71.082,15.5,92.84,4447
17/13:02:41,8.66,2.77,106.14,71.082,15.5,92.851,4448
17/13:02:41,8.53,2.77,106.14,71.093,15.5,92.862,4449
17/13:02:42,8.7,2.78,106.15,71.247,15.5,92.884,4450
17/13:02:43,8.61,2.77,106.15,71.291,15.5,92.895,4451
17/13:02:44,8.57,2.77,106.15,71.368,15.49,92.906,4452
17/13:02:44,8.63,2.78,106.15,71.434,15.49,92.917,4453
17/13:02:45,8.61,2.78,106.14,71.566,15.49,92.928,4454
17/13:02:46,8.6,2.78,106.15,71.731,15.49,92.95,4455
17/13:02:46,8.53,2.79,106.15,71.786,15.49,92.961,4456
17/13:02:47,8.52,2.79,106.15,71.841,15.49,92.972,4457
17/13:02:47,8.56,2.79,106.14,71.808,15.49,92.983,4458
17/13:02:48,8.62,2.79,106.15,71.907,15.49,92.994,4459
17/13:02:48,8.61,2.78,106.14,71.973,15.49,92.994,4460
17/13:02:49,8.6,2.78,106.14,72.094,15.49,93.005,4461
17/13:02:50,8.53,2.77,106.13,72.314,15.48,93.016,4462
17/13:02:51,8.62,2.77,106.12,72.457,15.48,93.027,4463
17/13:02:52,8.48,2.77,106.12,72.831,15.48,93.071,4464
17/13:02:53,8.45,2.76,106.13,72.941,15.48,93.093,4465
17/13:02:54,8.39,2.76,106.12,73.216,15.48,93.126,4466
17/13:02:55,8.51,2.76,106.11,73.359,15.48,93.137,4467
17/13:02:55,8.48,2.76,106.11,73.513,15.47,93.148,4468
17/13:02:56,8.52,2.76,106.11,73.678,15.47,93.159,4469
17/13:02:57,8.51,2.78,106.11,73.953,15.47,93.181,4470
17/13:02:58,8.49,2.79,106.11,74.25,15.47,93.203,4471
17/13:02:59,8.61,2.79,106.11,74.283,15.47,93.214,4472
17/13:03:00,8.56,2.79,106.13,74.613,15.47,93.236,4473
17/13:03:00,8.46,2.8,106.11,74.778,15.47,93.247,4474
17/13:03:01,8.43,2.79,106.11,74.91,15.47,93.258,4475
17/13:03:01,8.55,2.8,106.12,75.064,15.47,93.269,4476
17/13:03:02,8.42,2.8,106.13,75.218,15.46,93.28,4477
17/13:03:03,8.48,2.8,106.12,75.57,15.46,93.302,4478
17/13:03:03,8.48,2.8,106.12,75.746,15.46,93.313,4479
17/13:03:04,8.3,2.79,106.12,75.834,15.46,93.324,4480
17/13:03:04,8.46,2.8,106.15,75.966,15.46,93.335,4481
17/13:03:05,8.6,2.8,106.14,76.23,15.46,93.346,4482
17/13:03:06,8.38,2.8,106.13,76.637,15.46,93.368,4483
17/13:03:07,8.32,2.8,106.14,76.879,15.46,93.39,4484
17/13:03:08,8.57,2.8,106.13,77.055,15.46,93.401,4485
17/13:03:08,8.78,2.81,106.12,77.275,15.45,93.412,4486
17/13:03:09,8.62,2.81,106.11,77.583,15.45,93.423,4487
17/13:03:09,8.44,2.8,106.1,77.737,15.45,93.434,4488
17/13:03:10,8.85,2.8,106.12,77.924,15.45,93.456,4489
17/13:03:11,9.01,2.8,106.11,78.166,15.45,93.467,4490
17/13:03:11,8.93,2.8,106.1,78.375,15.45,93.478,4491
17/13:03:12,8.71,2.81,106.09,78.551,15.45,93.489,4492
17/13:03:12,8.6,2.8,106.1,78.716,15.45,93.5,4493
17/13:03:13,8.59,2.78,106.1,78.892,15.45,93.511,4494
17/13:03:13,8.56,2.79,106.11,79.024,15.45,93.522,4495
17/13:03:14,8.16,2.79,106.09,79.332,15.43,93.544,4496
17/13:03:15,7.96,2.79,106.09,79.398,15.43,93.555,4497
17/13:03:16,7.78,2.77,106.1,79.508,15.43,93.577,4498
17/13:03:16,7.37,2.71,106.14,79.717,15.43,93.588,4499
17/13:03:17,7.06,2.67,106.18,79.915,15.43,93.599,4500
17/13:03:17,6.73,2.61,106.22,80.091,15.43,93.61,4501
17/13:03:18,6.33,2.55,106.25,80.267,15.43,93.621,4502
17/13:03:18,6.32,2.55,106.26,80.333,15.43,93.632,4503
17/13:03:19,6.25,2.55,106.26,80.421,15.43,93.654,4504
17/13:03:20,6.3,2.56,106.25,80.586,15.43,93.665,4505
17/13:03:20,6.53,2.62,106.22,80.74,15.43,93.676,4506
17/13:03:22,7.4,2.79,106.15,81.048,15.43,93.698,4507
17/13:03:22,7.8,2.91,106.16,81.037,15.42,93.72,4508
17/13:03:23,7.9,2.94,106.18,81.037,15.42,93.731,4509
17/13:03:24,7.93,2.97,106.21,81.114,15.42,93.742,4510
17/13:03:24,7.85,2.99,106.23,81.224,15.42,93.753,4511
17/13:03:25,7.63,3.01,106.25,81.334,15.42,93.775,4512
17/13:03:25,7.23,3.0,106.28,81.455,15.42,93.786,4513
17/13:03:25,6.85,2.99,106.31,81.433,15.42,93.797,4514
17/13:03:26,6.66,2.99,106.33,81.499,15.42,93.808,4515
17/13:03:27,6.28,2.98,106.36,81.62,15.42,93.83,4516
17/13:03:28,6.1,2.98,106.38,81.587,15.42,93.841,4517
17/13:03:28,5.99,2.99,106.4,81.62,15.42,93.852,4518
17/13:03:29,5.83,2.98,106.43,81.631,15.42,93.863,4519
17/13:03:29,5.62,2.98,106.44,81.708,15.42,93.874,4520
17/13:03:30,5.49,2.98,106.46,81.752,15.42,93.885,4521
17/13:03:30,5.52,2.98,106.47,81.785,15.42,93.907,4522
17/13:03:31,5.44,2.97,106.48,81.697,15.42,93.918,4523
17/13:03:31,5.14,2.98,106.5,81.631,15.42,93.929,4524
17/13:03:32,4.94,2.98,106.5,81.609,15.42,93.94,4525
17/13:03:32,4.78,2.97,106.5,81.609,15.42,93.951,4526
17/13:03:33,4.89,2.98,106.48,81.653,15.42,93.962,4527
17/13:03:34,5.15,2.98,106.49,81.62,15.42,93.973,4528
17/13:03:34,5.41,2.99,106.49,81.598,15.42,93.984,4529
17/13:03:34,5.16,3.0,106.48,81.587,15.42,93.995,4530
17/13:03:35,4.89,3.01,106.49,81.554,15.42,94.006,4531
17/13:03:36,4.85,3.0,106.5,81.565,15.42,94.017,4532
17/13:03:36,5.06,2.99,106.51,81.543,15.42,94.039,4533
17/13:03:37,5.08,3.0,106.52,81.554,15.42,94.061,4534
17/13:03:37,4.95,2.99,106.52,81.631,15.42,94.072,4535
17/13:03:38,5.03,2.98,106.53,81.609,15.42,94.083,4536
17/13:03:39,5.42,2.98,106.55,81.532,15.42,94.094,4537
17/13:03:39,5.63,2.98,106.54,81.455,15.42,94.105,4538
17/13:03:40,5.79,2.98,106.54,81.367,15.42,94.116,4539
17/13:03:41,5.6,2.99,106.56,81.301,15.42,94.127,4540
17/13:03:41,5.48,2.98,106.57,81.257,15.42,94.149,4541
17/13:03:42,5.32,2.98,106.56,81.202,15.42,94.16,4542
17/13:03:42,5.13,2.99,106.56,81.191,15.42,94.171,4543
17/13:03:43,5.04,2.99,106.57,81.191,15.42,94.182,4544
17/13:03:43,5.17,2.99,106.56,81.026,15.42,94.193,4545
17/13:03:44,5.32,3.0,106.56,80.861,15.42,94.215,4546
17/13:03:44,5.52,3.01,106.55,80.784,15.42,94.226,4547
17/13:03:45,5.71,3.02,106.52,80.751,15.42,94.237,4548
17/13:03:45,5.91,3.02,106.51,80.674,15.42,94.248,4549
17/13:03:46,5.83,3.03,106.51,80.388,15.42,94.27,4550
17/13:03:47,5.65,3.02,106.52,80.245,15.42,94.281,4551
17/13:03:48,5.37,3.01,106.51,79.849,15.41,94.303,4552
17/13:03:49,5.33,3.01,106.49,79.783,15.41,94.314,4553
17/13:03:49,5.28,2.99,106.52,79.662,15.41,94.325,4554
17/13:03:50,5.28,2.98,106.54,79.541,15.41,94.336,4555
17/13:03:50,5.4,2.97,106.54,79.288,15.41,94.347,4556
17/13:03:51,5.5,2.97,106.55,79.024,15.41,94.358,4557
17/13:03:51,5.57,2.98,106.54,78.804,15.41,94.369,4558
17/13:03:52,5.57,2.98,106.55,78.694,15.41,94.38,4559
17/13:03:52,5.69,2.97,106.56,78.507,15.41,94.402,4560
17/13:03:53,5.63,2.97,106.56,78.298,15.41,94.413,4561
17/13:03:54,5.45,2.97,106.55,78.056,15.41,94.424,4562
17/13:03:54,5.19,2.98,106.53,77.704,15.41,94.446,4563
17/13:03:55,5.19,2.99,106.53,77.374,15.41,94.457,4564
17/13:03:55,5.36,2.99,106.53,77.088,15.41,94.468,4565
17/13:03:56,5.56,2.99,106.5,76.714,15.41,94.49,4566
17/13:03:57,5.64,3.0,106.49,76.472,15.41,94.501,4567
17/13:03:57,6.06,3.0,106.48,76.252,15.41,94.512,4568
17/13:03:58,6.51,3.01,106.44,76.098,15.41,94.523,4569
17/13:03:59,6.79,3.01,106.43,75.889,15.41,94.534,4570
17/13:03:59,6.87,3.02,106.39,75.691,15.41,94.545,4571
17/13:04:00,7.02,3.02,106.38,75.493,15.41,94.556,4572
17/13:04:00,7.08,3.02,106.38,75.273,15.41,94.567,4573
17/13:04:01,7.2,3.02,106.36,74.998,15.4,94.578,4574
17/13:04:01,7.43,3.02,106.34,74.778,15.4,94.589,4575
17/13:04:02,7.22,3.02,106.33,74.558,15.4,94.6,4576
17/13:04:02,7.26,3.02,106.35,74.316,15.4,94.611,4577
17/13:04:03,7.25,3.01,106.35,74.151,15.4,94.622,4578
17/13:04:03,7.43,3.0,106.34,73.887,15.4,94.633,4579
17/13:04:04,7.26,2.99,106.32,73.59,15.4,94.644,4580
17/13:04:05,7.28,2.99,106.31,73.249,15.4,94.655,4581
17/13:04:05,7.32,2.98,106.32,72.974,15.4,94.666,4582
17/13:04:06,7.45,2.99,106.31,72.809,15.4,94.677,4583
17/13:04:06,7.57,2.99,106.31,72.248,15.4,94.688,4584
17/13:04:07,7.68,3.01,106.28,72.039,15.4,94.71,4585
17/13:04:08,7.76,3.02,106.28,71.852,15.4,94.71,4586
17/13:04:09,7.89,3.03,106.27,71.291,15.39,94.732,4587
17/13:04:09,7.82,3.04,106.27,71.137,15.39,94.743,4588
17/13:04:10,7.84,3.02,106.28,70.906,15.39,94.754,4589
17/13:04:10,7.8,3.03,106.28,70.631,15.39,94.765,4590
17/13:04:11,7.82,3.02,106.28,70.4,15.39,94.776,4591
17/13:04:11,7.83,3.03,106.27,70.147,15.39,94.787,4592
17/13:04:12,7.74,3.02,106.28,69.663,15.39,94.809,4593
17/13:04:13,7.77,3.02,106.28,69.498,15.39,94.82,4594
17/13:04:13,7.74,3.02,106.28,69.377,15.39,94.831,4595
17/13:04:14,7.77,3.02,106.25,68.827,15.39,94.853,4596
17/13:04:15,7.72,3.03,106.25,68.574,15.39,94.853,4597
17/13:04:15,7.71,3.03,106.25,68.464,15.39,94.864,4598
17/13:04:16,7.75,3.03,106.24,68.31,15.38,94.875,4599
17/13:04:16,7.76,3.03,106.26,68.068,15.38,94.886,4600
17/13:04:17,7.71,3.03,106.26,67.859,15.38,94.897,4601
17/13:04:17,7.7,3.03,106.27,67.815,15.38,94.908,4602
17/13:04:19,7.66,3.03,106.27,67.562,15.38,94.93,4603
17/13:04:19,7.7,3.03,106.28,67.353,15.38,94.941,4604
17/13:04:20,7.52,3.0,106.3,67.254,15.38,94.952,4605
17/13:04:22,5.67,2.75,106.5,66.352,15.38,94.985,4606
17/13:04:22,5.16,2.7,106.54,66.242,15.38,94.996,4607
17/13:04:23,4.48,2.62,106.62,66.165,15.38,95.007,4608
17/13:04:24,3.97,2.52,106.69,65.725,15.38,95.029,4609
17/13:04:25,4.14,2.5,106.64,65.505,15.38,95.04,4610
17/13:04:25,4.6,2.55,106.56,65.274,15.38,95.051,4611
17/13:04:26,5.75,2.68,106.49,64.922,15.38,95.073,4612
17/13:04:27,6.28,2.73,106.42,64.757,15.37,95.084,4613
17/13:04:28,6.74,2.79,106.37,64.713,15.37,95.095,4614
17/13:04:30,7.82,2.97,106.27,64.218,15.37,95.128,4615
17/13:04:30,7.83,2.97,106.25,64.284,15.37,95.139,4616
17/13:04:31,7.74,2.97,106.26,64.251,15.37,95.15,4617
17/13:04:31,7.7,2.98,106.28,64.174,15.37,95.161,4618
17/13:04:32,7.77,2.99,106.27,64.064,15.37,95.161,4619
17/13:04:32,7.84,2.98,106.26,63.954,15.37,95.172,4620
17/13:04:33,7.82,2.99,106.25,63.833,15.37,95.183,4621
17/13:04:34,7.71,2.99,106.27,63.767,15.37,95.205,4622
17/13:04:34,7.76,3.0,106.28,63.69,15.37,95.216,4623
17/13:04:35,7.68,3.0,106.26,63.635,15.36,95.216,4624
17/13:04:36,7.67,3.0,106.27,63.547,15.36,95.227,4625
17/13:04:37,7.66,3.0,106.28,63.492,15.36,95.26,4626
17/13:04:39,7.64,3.0,106.23,63.305,15.36,95.293,4627
17/13:04:40,7.62,2.99,106.23,63.173,15.36,95.315,4628
17/13:04:41,7.56,2.98,106.22,63.041,15.36,95.337,4629
17/13:04:42,7.64,2.98,106.22,63.008,15.36,95.348,4630
17/13:04:42,7.64,2.96,106.21,63.041,15.35,95.348,4631
17/13:04:43,7.61,2.95,106.22,63.052,15.35,95.359,4632
17/13:04:44,7.64,2.96,106.22,63.041,15.35,95.37,4633
17/13:04:44,7.68,2.96,106.22,63.063,15.35,95.381,4634
17/13:04:45,7.66,2.96,106.23,62.953,15.35,95.403,4635
17/13:04:45,7.75,2.96,106.22,62.898,15.35,95.403,4636
17/13:04:46,7.68,2.96,106.22,62.909,15.35,95.414,4637
17/13:04:47,7.69,2.97,106.24,63.041,15.35,95.436,4638
17/13:04:48,7.67,2.97,106.23,63.129,15.35,95.447,4639
17/13:04:48,7.66,2.97,106.22,63.217,15.35,95.458,4640
17/13:04:48,7.7,2.96,106.21,63.261,15.35,95.458,4641
17/13:04:49,7.66,2.96,106.2,63.316,15.35,95.469,4642
17/13:04:50,7.65,2.96,106.21,63.327,15.34,95.48,4643
17/13:04:50,7.65,2.96,106.21,63.404,15.34,95.491,4644
17/13:04:51,7.68,2.96,106.2,63.47,15.34,95.502,4645
17/13:04:52,7.69,2.95,106.21,63.613,15.34,95.513,4646
17/13:04:52,7.65,2.95,106.22,63.602,15.34,95.524,4647
17/13:04:53,7.65,2.95,106.23,63.558,15.34,95.535,4648
17/13:04:53,7.69,2.95,106.21,63.514,15.34,95.546,4649
17/13:04:54,7.68,2.95,106.2,63.481,15.34,95.557,4650
17/13:04:55,7.69,2.93,106.21,63.558,15.34,95.579,4651
17/13:04:55,7.73,2.93,106.23,63.58,15.34,95.579,4652
17/13:04:56,7.72,2.94,106.22,63.569,15.34,95.59,4653
17/13:04:58,7.76,2.94,106.22,63.646,15.33,95.623,4654
17/13:04:58,7.75,2.94,106.22,63.69,15.33,95.634,4655
17/13:04:59,7.77,2.95,106.23,63.756,15.33,95.645,4656
17/13:05:00,7.73,2.96,106.21,63.866,15.33,95.656,4657
17/13:05:01,7.68,2.95,106.22,63.855,15.33,95.678,4658
17/13:05:01,7.76,2.96,106.23,63.844,15.33,95.689,4659
17/13:05:02,7.72,2.97,106.24,63.866,15.33,95.7,4660
17/13:05:02,7.71,2.97,106.24,63.844,15.33,95.7,4661
17/13:05:03,7.77,2.97,106.22,63.833,15.33,95.722,4662
17/13:05:04,7.77,2.97,106.22,63.855,15.33,95.733,4663
17/13:05:05,7.73,2.96,106.22,63.954,15.32,95.755,4664
17/13:05:05,7.7,2.96,106.22,63.987,15.32,95.755,4665
17/13:05:06,7.72,2.96,106.21,64.13,15.32,95.766,4666
17/13:05:06,7.69,2.96,106.22,64.174,15.32,95.777,4667
17/13:05:07,7.64,2.96,106.22,64.207,15.32,95.788,4668
17/13:05:08,7.63,2.96,106.21,64.284,15.32,95.81,4669
17/13:05:08,7.66,2.96,106.21,64.394,15.32,95.821,4670
17/13:05:09,7.63,2.96,106.21,64.416,15.32,95.821,4671
17/13:05:10,7.6,2.96,106.21,64.394,15.32,95.832,4672
17/13:05:10,7.64,2.97,106.21,64.515,15.32,95.843,4673
17/13:05:11,7.65,2.96,106.2,64.57,15.32,95.854,4674
17/13:05:12,7.72,2.97,106.2,64.482,15.32,95.876,4675
17/13:05:12,7.74,2.97,106.21,64.548,15.31,95.887,4676
17/13:05:13,7.73,2.97,106.21,64.537,15.31,95.887,4677
17/13:05:13,7.72,2.97,106.2,64.647,15.31,95.898,4678
17/13:05:14,7.75,2.97,106.21,64.636,15.31,95.909,4679
17/13:05:15,7.76,2.96,106.21,64.603,15.31,95.931,4680
17/13:05:16,7.65,2.95,106.24,64.581,15.31,95.953,4681
17/13:05:17,7.66,2.96,106.23,64.636,15.31,95.953,4682
17/13:05:17,7.68,2.96,106.22,64.735,15.31,95.964,4683
17/13:05:19,7.66,2.95,106.21,64.691,15.31,95.997,4684
17/13:05:19,7.67,2.96,106.21,64.768,15.31,96.008,4685
17/13:05:19,7.68,2.97,106.2,64.834,15.3,96.008,4686
17/13:05:20,7.67,2.96,106.2,64.9,15.3,96.008,4687
17/13:05:21,7.69,2.96,106.21,64.867,15.3,96.03,4688
17/13:05:21,7.7,2.96,106.22,64.9,15.3,96.041,4689
17/13:05:22,7.69,2.96,106.22,64.944,15.3,96.052,4690
17/13:05:22,7.66,2.96,106.22,64.955,15.3,96.063,4691
17/13:05:24,7.66,2.96,106.23,64.955,15.3,96.085,4692
17/13:05:24,7.67,2.97,106.21,64.955,15.3,96.085,4693
17/13:05:24,7.71,2.97,106.22,64.9,15.3,96.096,4694
17/13:05:26,7.74,2.97,106.22,65.032,15.3,96.129,4695
17/13:05:26,7.75,2.97,106.2,65.021,15.3,96.14,4696
17/13:05:27,7.75,2.97,106.2,65.021,15.3,96.151,4697
17/13:05:28,7.7,2.97,106.2,65.01,15.29,96.162,4698
17/13:05:29,7.66,2.96,106.2,65.01,15.29,96.184,4699
17/13:05:30,7.64,2.95,106.19,64.944,15.29,96.195,4700
17/13:05:30,7.63,2.94,106.21,64.911,15.29,96.206,4701
17/13:05:31,7.66,2.93,106.21,64.878,15.29,96.217,4702
17/13:05:31,7.67,2.93,106.2,64.9,15.29,96.217,4703
17/13:05:32,7.63,2.92,106.2,64.889,15.29,96.228,4704
17/13:05:33,7.63,2.91,106.19,64.878,15.29,96.239,4705
17/13:05:34,7.61,2.9,106.19,65.021,15.29,96.272,4706
17/13:05:34,7.63,2.91,106.17,64.999,15.29,96.283,4707
17/13:05:35,7.6,2.92,106.17,64.955,15.28,96.283,4708
17/13:05:36,7.65,2.92,106.18,64.856,15.28,96.305,4709
17/13:05:37,7.73,2.91,106.16,64.933,15.28,96.327,4710
17/13:05:39,7.78,2.91,106.18,64.735,15.28,96.36,4711
17/13:05:40,7.84,2.9,106.16,64.669,15.28,96.371,4712
17/13:05:40,7.79,2.9,106.17,64.691,15.28,96.382,4713
17/13:05:41,7.77,2.9,106.18,64.746,15.28,96.393,4714
17/13:05:41,7.75,2.91,106.18,64.691,15.28,96.404,4715
17/13:05:42,7.77,2.91,106.17,64.702,15.28,96.415,4716
17/13:05:42,7.71,2.91,106.18,64.735,15.27,96.426,4717
17/13:05:43,7.7,2.92,106.14,64.592,15.27,96.437,4718
17/13:05:44,7.72,2.93,106.16,64.57,15.27,96.448,4719
17/13:05:44,7.73,2.92,106.16,64.537,15.27,96.459,4720
17/13:05:45,7.77,2.92,106.16,64.57,15.27,96.47,4721
17/13:05:45,7.75,2.91,106.16,64.647,15.27,96.481,4722
17/13:05:46,7.72,2.91,106.17,64.603,15.27,96.492,4723
17/13:05:46,7.74,2.91,106.16,64.614,15.27,96.492,4724
17/13:05:48,7.65,2.9,106.18,64.669,15.27,96.525,4725
17/13:05:49,7.69,2.93,106.19,64.625,15.27,96.547,4726
17/13:05:50,7.7,2.93,106.19,64.548,15.26,96.558,4727
17/13:05:50,7.7,2.93,106.19,64.559,15.26,96.558,4728
17/13:05:51,7.62,2.94,106.17,64.581,15.26,96.58,4729
17/13:05:52,7.68,2.94,106.16,64.394,15.26,96.591,4730
17/13:05:52,7.72,2.94,106.17,64.427,15.26,96.602,4731
17/13:05:53,7.77,2.94,106.15,64.482,15.26,96.613,4732
17/13:05:53,7.72,2.94,106.15,64.592,15.26,96.624,4733
17/13:05:54,7.78,2.94,106.13,64.537,15.26,96.624,4734
17/13:05:54,7.82,2.94,106.14,64.493,15.26,96.635,4735
17/13:05:55,7.89,2.94,106.15,64.471,15.26,96.646,4736
17/13:05:55,7.94,2.94,106.16,64.471,15.26,96.657,4737
17/13:05:56,7.94,2.94,106.15,64.559,15.26,96.668,4738
17/13:05:57,7.89,2.94,106.16,64.581,15.26,96.679,4739
17/13:05:57,7.84,2.92,106.16,64.405,15.25,96.69,4740
17/13:05:58,7.77,2.92,106.18,64.284,15.25,96.701,4741
17/13:05:59,7.76,2.91,106.18,64.251,15.25,96.712,4742
17/13:05:59,7.7,2.91,106.18,64.295,15.25,96.723,4743
17/13:06:00,7.71,2.91,106.18,64.317,15.25,96.734,4744
17/13:06:00,7.76,2.91,106.18,64.218,15.25,96.745,4745
17/13:06:01,7.73,2.91,106.19,64.284,15.25,96.756,4746
17/13:06:01,7.69,2.91,106.19,64.284,15.25,96.756,4747
17/13:06:02,7.71,2.92,106.19,64.273,15.25,96.767,4748
17/13:06:02,7.74,2.92,106.17,64.262,15.25,96.778,4749
17/13:06:03,7.75,2.93,106.16,64.196,15.25,96.789,4750
17/13:06:03,7.74,2.92,106.16,64.108,15.25,96.8,4751
17/13:06:04,7.61,2.92,106.16,63.943,15.25,96.811,4752
17/13:06:04,7.57,2.93,106.16,63.888,15.24,96.811,4753
17/13:06:05,7.62,2.93,106.16,63.844,15.24,96.822,4754
17/13:06:05,7.63,2.93,106.16,63.877,15.24,96.833,4755
17/13:06:06,7.61,2.92,106.15,63.855,15.24,96.855,4756
17/13:06:07,7.62,2.91,106.17,63.723,15.24,96.877,4757
17/13:06:08,7.66,2.91,106.18,63.69,15.24,96.877,4758
17/13:06:09,7.69,2.91,106.18,63.679,15.24,96.888,4759
17/13:06:09,7.71,2.91,106.18,63.591,15.24,96.899,4760
17/13:06:10,7.64,2.91,106.18,63.536,15.24,96.91,4761
17/13:06:10,7.71,2.91,106.19,63.415,15.24,96.921,4762
17/13:06:11,7.67,2.91,106.19,63.316,15.24,96.932,4763
17/13:06:12,7.67,2.92,106.16,63.184,15.23,96.954,4764
17/13:06:13,7.73,2.93,106.15,63.096,15.23,96.965,4765
17/13:06:13,7.73,2.93,106.14,63.03,15.23,96.976,4766
17/13:06:14,7.72,2.93,106.13,62.986,15.23,96.987,4767
17/13:06:15,7.76,2.93,106.14,62.909,15.23,96.998,4768
17/13:06:16,7.75,2.93,106.15,62.821,15.23,97.02,4769
17/13:06:16,7.75,2.94,106.15,62.843,15.23,97.031,4770
17/13:06:17,7.76,2.93,106.16,62.821,15.23,97.042,4771
17/13:06:17,7.71,2.94,106.19,62.843,15.23,97.042,4772
17/13:06:18,7.75,2.94,106.19,62.843,15.23,97.053,4773
17/13:06:18,7.75,2.94,106.17,62.755,15.23,97.064,4774
17/13:06:20,7.79,2.94,106.16,62.623,15.22,97.086,4775
17/13:06:20,7.83,2.94,106.16,62.59,15.22,97.097,4776
17/13:06:21,7.79,2.94,106.17,62.546,15.22,97.108,4777
17/13:06:21,7.81,2.93,106.17,62.535,15.22,97.108,4778
17/13:06:22,7.83,2.93,106.15,62.502,15.22,97.108,4779
17/13:06:22,7.76,2.93,106.17,62.414,15.22,97.13,4780
17/13:06:23,7.76,2.94,106.16,62.326,15.22,97.141,4781
17/13:06:24,7.66,2.94,106.17,62.139,15.22,97.152,4782
17/13:06:25,7.63,2.94,106.15,61.952,15.22,97.174,4783
17/13:06:25,7.62,2.93,106.14,61.908,15.22,97.185,4784
17/13:06:26,7.65,2.94,106.18,61.897,15.22,97.196,4785
17/13:06:27,7.68,2.94,106.16,61.875,15.21,97.207,4786
17/13:06:27,7.7,2.93,106.17,61.864,15.21,97.207,4787
17/13:06:27,7.68,2.94,106.17,61.831,15.21,97.218,4788
17/13:06:28,7.73,2.93,106.15,61.743,15.21,97.229,4789
17/13:06:28,7.73,2.93,106.15,61.699,15.21,97.24,4790
17/13:06:29,7.76,2.94,106.15,61.611,15.21,97.251,4791
17/13:06:30,7.76,2.92,106.13,61.556,15.21,97.251,4792
17/13:06:30,7.69,2.9,106.11,61.457,15.21,97.262,4793
17/13:06:31,7.69,2.88,106.1,61.391,15.21,97.273,4794
17/13:06:31,7.71,2.87,106.11,61.391,15.21,97.284,4795
17/13:06:32,7.72,2.84,106.12,61.215,15.21,97.306,4796
17/13:06:33,7.73,2.82,106.12,61.182,15.21,97.306,4797
17/13:06:33,7.73,2.81,106.12,61.116,15.21,97.317,4798
17/13:06:34,7.75,2.82,106.13,60.995,15.2,97.339,4799
17/13:06:35,7.77,2.81,106.13,61.017,15.2,97.35,4800
17/13:06:37,7.75,2.8,106.11,60.94,15.2,97.383,4801
17/13:06:37,7.72,2.8,106.11,60.841,15.2,97.394,4802
17/13:06:39,7.78,2.8,106.11,60.775,15.2,97.416,4803
17/13:06:39,7.77,2.8,106.11,60.764,15.2,97.416,4804
17/13:06:40,7.73,2.79,106.12,60.72,15.2,97.427,4805
17/13:06:41,7.8,2.8,106.14,60.665,15.2,97.427,4806
17/13:06:42,7.75,2.82,106.14,60.665,15.19,97.471,4807
17/13:06:43,7.69,2.82,106.14,60.643,15.19,97.482,4808
17/13:06:43,7.72,2.82,106.15,60.621,15.19,97.493,4809
17/13:06:44,7.71,2.82,106.13,60.676,15.19,97.493,4810
17/13:06:44,7.71,2.82,106.12,60.665,15.19,97.504,4811
17/13:06:45,7.66,2.82,106.1,60.61,15.19,97.515,4812
17/13:06:46,7.65,2.82,106.1,60.61,15.19,97.526,4813
17/13:06:46,7.65,2.82,106.11,60.665,15.19,97.537,4814
17/13:06:47,7.72,2.82,106.12,60.687,15.19,97.548,4815
17/13:06:48,7.73,2.82,106.11,60.698,15.19,97.559,4816
17/13:06:48,7.71,2.82,106.12,60.698,15.19,97.57,4817
17/13:06:49,7.75,2.82,106.12,60.709,15.18,97.581,4818
17/13:06:49,7.77,2.82,106.12,60.742,15.18,97.581,4819
17/13:06:50,7.74,2.82,106.12,60.841,15.18,97.592,4820
17/13:06:51,7.67,2.82,106.09,60.896,15.18,97.614,4821
17/13:06:52,7.64,2.83,106.09,61.105,15.18,97.636,4822
17/13:06:53,7.66,2.83,106.09,61.16,15.18,97.647,4823
17/13:06:54,7.65,2.83,106.09,61.182,15.18,97.658,4824
17/13:06:54,7.66,2.84,106.1,61.27,15.18,97.669,4825
17/13:06:55,7.71,2.82,106.11,61.38,15.18,97.68,4826
17/13:06:55,7.71,2.81,106.1,61.49,15.18,97.691,4827
17/13:06:56,7.72,2.82,106.11,61.556,15.17,97.702,4828
17/13:06:57,6.52,2.38,106.24,61.556,15.17,97.724,4829
17/13:06:58,5.92,2.18,106.32,61.545,15.17,97.724,4830
17/13:06:58,5.21,1.9,106.41,61.523,15.17,97.735,4831
17/13:06:59,4.64,1.7,106.48,61.534,15.17,97.746,4832
17/13:06:59,4.33,1.59,106.52,61.534,15.17,97.757,4833
17/13:07:00,4.33,1.57,106.51,61.501,15.17,97.768,4834
17/13:07:00,4.57,1.65,106.47,61.578,15.17,97.768,4835
17/13:07:02,7.46,2.49,106.14,61.776,15.17,97.812,4836
17/13:07:03,8.1,2.74,106.06,61.908,15.17,97.823,4837
17/13:07:04,8.65,2.83,106.01,62.172,15.17,97.834,4838
17/13:07:05,8.65,2.83,106.0,62.282,15.16,97.856,4839
17/13:07:05,8.62,2.83,105.99,62.304,15.16,97.867,4840
17/13:07:06,8.64,2.84,105.98,62.348,15.16,97.867,4841
17/13:07:06,8.72,2.84,105.99,62.458,15.16,97.878,4842
17/13:07:07,8.9,2.83,105.97,62.535,15.16,97.889,4843
17/13:07:08,9.18,2.85,105.94,62.865,15.16,97.922,4844
17/13:07:09,9.31,2.85,105.92,63.008,15.16,97.922,4845
17/13:07:10,9.47,2.86,105.92,63.063,15.16,97.933,4846
17/13:07:10,9.56,2.86,105.9,63.217,15.14,97.944,4847
17/13:07:10,9.59,2.86,105.88,63.382,15.14,97.955,4848
17/13:07:11,9.62,2.87,105.88,63.481,15.14,97.966,4849
17/13:07:12,9.6,2.87,105.88,63.723,15.14,97.977,4850
17/13:07:13,9.59,2.87,105.88,63.811,15.14,97.988,4851
17/13:07:13,9.54,2.87,105.87,63.987,15.14,97.999,4852
17/13:07:14,9.52,2.87,105.85,64.251,15.14,98.01,4853
17/13:07:14,9.6,2.86,105.86,64.317,15.14,98.021,4854
17/13:07:15,9.61,2.86,105.86,64.306,15.14,98.032,4855
17/13:07:16,9.72,2.85,105.84,64.581,15.14,98.043,4856
17/13:07:17,9.99,2.82,105.82,65.076,15.14,98.076,4857
17/13:07:18,10.07,2.82,105.82,65.186,15.14,98.087,4858
17/13:07:18,10.13,2.83,105.81,65.307,15.14,98.098,4859
17/13:07:19,10.28,2.83,105.8,65.494,15.14,98.109,4860
17/13:07:20,10.37,2.83,105.78,65.692,15.14,98.12,4861
17/13:07:20,10.48,2.82,105.77,65.758,15.14,98.12,4862
17/13:07:22,10.72,2.84,105.72,66.418,15.13,98.153,4863
17/13:07:24,10.96,2.82,105.68,67.144,15.13,98.197,4864
17/13:07:24,11.02,2.82,105.68,67.364,15.13,98.197,4865
17/13:07:25,11.13,2.82,105.68,67.584,15.12,98.208,4866
17/13:07:25,11.14,2.81,105.67,67.771,15.12,98.208,4867
17/13:07:26,11.18,2.81,105.69,67.914,15.12,98.23,4868
17/13:07:26,11.14,2.81,105.69,68.101,15.12,98.241,4869
17/13:07:27,11.16,2.81,105.68,68.255,15.12,98.252,4870
17/13:07:28,11.17,2.84,105.68,68.563,15.12,98.274,4871
17/13:07:28,11.21,2.83,105.68,68.794,15.12,98.285,4872
17/13:07:29,11.17,2.83,105.67,69.036,15.11,98.285,4873
17/13:07:30,11.12,2.84,105.67,69.168,15.11,98.307,4874
17/13:07:30,11.15,2.84,105.66,69.355,15.11,98.307,4875
17/13:07:31,11.17,2.83,105.66,69.586,15.11,98.318,4876
17/13:07:31,11.19,2.82,105.65,69.784,15.11,98.329,4877
17/13:07:32,11.21,2.82,105.64,70.004,15.11,98.34,4878
17/13:07:32,11.17,2.82,105.65,70.18,15.11,98.351,4879
17/13:07:33,11.18,2.83,105.64,70.433,15.11,98.362,4880
17/13:07:34,11.14,2.81,105.65,70.829,15.1,98.384,4881
17/13:07:34,11.18,2.82,105.66,71.049,15.1,98.395,4882
17/13:07:35,11.23,2.82,105.66,71.214,15.1,98.406,4883
17/13:07:35,11.12,2.82,105.66,71.335,15.1,98.417,4884
17/13:07:36,11.21,2.83,105.66,71.511,15.1,98.428,4885
17/13:07:36,11.21,2.83,105.66,71.731,15.1,98.439,4886
17/13:07:37,11.28,2.82,105.66,72.149,15.1,98.461,4887
17/13:07:38,11.19,2.82,105.64,72.292,15.09,98.461,4888
17/13:07:39,11.28,2.81,105.63,72.534,15.09,98.472,4889
17/13:07:40,11.16,2.79,105.62,73.139,15.09,98.505,4890
17/13:07:41,11.2,2.79,105.61,73.634,15.09,98.516,4891
17/13:07:41,11.21,2.79,105.62,73.777,15.09,98.527,4892
17/13:07:42,11.27,2.79,105.63,73.953,15.08,98.549,4893
17/13:07:43,11.13,2.8,105.62,74.184,15.08,98.56,4894
17/13:07:43,11.2,2.8,105.63,74.426,15.08,98.571,4895
17/13:07:44,11.24,2.8,105.64,74.756,15.08,98.593,4896
17/13:07:45,11.11,2.8,105.65,75.042,15.08,98.604,4897
17/13:07:46,11.24,2.79,105.63,75.449,15.08,98.626,4898
17/13:07:46,11.25,2.79,105.62,75.614,15.07,98.637,4899
17/13:07:47,11.16,2.78,105.62,75.768,15.07,98.648,4900
17/13:07:48,11.46,2.78,105.6,76.307,15.07,98.67,4901
17/13:07:48,11.28,2.77,105.57,76.45,15.07,98.681,4902
17/13:07:49,11.25,2.77,105.59,76.604,15.07,98.692,4903
17/13:07:49,11.35,2.76,105.57,76.813,15.07,98.703,4904
17/13:07:50,11.34,2.77,105.56,77.011,15.07,98.714,4905
17/13:07:51,11.4,2.77,105.57,77.198,15.06,98.725,4906
17/13:07:51,11.33,2.78,105.57,77.418,15.06,98.736,4907
17/13:07:52,11.06,2.78,105.57,77.594,15.06,98.747,4908
17/13:07:52,11.06,2.78,105.59,77.814,15.06,98.758,4909
17/13:07:53,11.49,2.78,105.59,78.265,15.06,98.78,4910
17/13:07:54,11.39,2.79,105.62,78.474,15.06,98.791,4911
17/13:07:54,11.25,2.8,105.61,78.639,15.06,98.813,4912
17/13:07:55,11.07,2.8,105.63,78.716,15.05,98.824,4913
17/13:07:55,10.97,2.8,105.65,78.826,15.05,98.835,4914
17/13:07:56,10.88,2.81,105.67,78.991,15.05,98.846,4915
17/13:07:56,10.46,2.81,105.69,79.244,15.05,98.857,4916
17/13:07:57,9.93,2.82,105.71,79.387,15.05,98.868,4917
17/13:07:58,8.85,2.81,105.75,79.53,15.05,98.89,4918
17/13:07:58,8.39,2.8,105.79,79.706,15.05,98.901,4919
17/13:07:59,8.12,2.81,105.79,79.695,15.05,98.912,4920
17/13:07:59,7.83,2.82,105.81,79.772,15.05,98.923,4921
17/13:08:00,7.81,2.81,105.81,79.904,15.04,98.934,4922
17/13:08:01,7.92,2.82,105.84,80.036,15.04,98.945,4923
17/13:08:01,8.12,2.83,105.86,80.113,15.04,98.956,4924
17/13:08:02,8.41,2.83,105.86,80.168,15.04,98.967,4925
17/13:08:02,8.62,2.84,105.87,80.124,15.04,98.978,4926
17/13:08:03,8.93,2.84,105.88,80.102,15.04,98.989,4927
17/13:08:03,9.23,2.84,105.88,80.113,15.04,99.0,4928
17/13:08:04,9.41,2.83,105.9,80.267,15.04,99.022,4929
17/13:08:04,9.53,2.84,105.89,80.41,15.04,99.033,4930
17/13:08:05,9.42,2.84,105.9,80.399,15.04,99.044,4931
17/13:08:05,9.17,2.84,105.92,80.476,15.04,99.055,4932
17/13:08:06,8.89,2.83,105.94,80.52,15.03,99.066,4933
17/13:08:07,8.64,2.83,105.96,80.608,15.03,99.077,4934
17/13:08:08,7.69,2.82,105.97,80.85,15.03,99.099,4935
17/13:08:08,7.17,2.82,106.0,80.806,15.03,99.11,4936
17/13:08:08,6.82,2.82,106.02,80.85,15.03,99.121,4937
17/13:08:09,6.61,2.82,106.0,80.916,15.03,99.132,4938
17/13:08:10,6.49,2.82,106.0,80.993,15.03,99.143,4939
17/13:08:10,6.77,2.82,106.0,81.059,15.03,99.154,4940
17/13:08:11,7.22,2.83,105.98,81.136,15.03,99.165,4941
17/13:08:11,7.65,2.84,105.96,81.158,15.03,99.176,4942
17/13:08:12,7.8,2.84,105.95,81.158,15.03,99.198,4943
17/13:08:12,7.86,2.83,105.92,81.202,15.03,99.209,4944
17/13:08:13,7.92,2.83,105.9,81.235,15.03,99.22,4945
17/13:08:13,8.24,2.84,105.87,81.356,15.03,99.231,4946
17/13:08:14,8.63,2.84,105.84,81.422,15.02,99.253,4947
17/13:08:15,8.57,2.85,105.85,81.411,15.02,99.264,4948
17/13:08:16,8.56,2.85,105.86,81.257,15.02,99.297,4949
17/13:08:17,8.66,2.86,105.85,81.224,15.02,99.308,4950
17/13:08:18,8.42,2.85,105.87,81.103,15.02,99.33,4951
17/13:08:18,8.27,2.84,105.87,81.037,15.02,99.352,4952
17/13:08:19,8.46,2.84,105.86,80.894,15.02,99.363,4953
17/13:08:19,8.75,2.84,105.85,80.806,15.02,99.374,4954
17/13:08:20,8.97,2.84,105.83,80.597,15.01,99.396,4955
17/13:08:21,8.93,2.84,105.84,80.476,15.01,99.407,4956
17/13:08:21,9.0,2.84,105.84,80.443,15.01,99.418,4957
17/13:08:22,8.86,2.86,105.84,80.256,15.01,99.44,4958
17/13:08:23,8.66,2.86,105.83,80.135,15.01,99.451,4959
17/13:08:24,8.51,2.86,105.83,79.915,15.01,99.462,4960
17/13:08:24,8.34,2.87,105.83,79.794,15.01,99.473,4961
17/13:08:25,8.3,2.88,105.86,79.409,15.01,99.495,4962
17/13:08:26,8.2,2.89,105.86,79.255,15.0,99.506,4963
17/13:08:26,8.02,2.89,105.85,79.112,15.0,99.517,4964
17/13:08:27,8.02,2.89,105.86,79.024,15.0,99.528,4965
17/13:08:27,8.13,2.9,105.87,78.881,15.0,99.539,4966
17/13:08:28,8.25,2.91,105.86,78.716,15.0,99.561,4967
17/13:08:28,8.53,2.92,105.86,78.639,15.0,99.572,4968
17/13:08:29,8.83,2.92,105.85,78.474,15.0,99.583,4969
17/13:08:30,9.03,2.92,105.83,78.375,15.0,99.594,4970
17/13:08:30,9.2,2.91,105.82,78.221,15.0,99.605,4971
17/13:08:30,9.3,2.91,105.82,78.089,15.0,99.616,4972
17/13:08:31,9.26,2.9,105.82,77.869,15.0,99.616,4973
17/13:08:32,9.21,2.88,105.81,77.693,15.0,99.627,4974
17/13:08:32,9.1,2.87,105.8,77.561,14.99,99.649,4975
17/13:08:33,9.35,2.87,105.77,77.242,14.99,99.671,4976
17/13:08:33,9.61,2.86,105.73,77.176,14.99,99.682,4977
17/13:08:34,9.82,2.87,105.71,77.099,14.99,99.693,4978
17/13:08:35,10.1,2.86,105.7,77.0,14.99,99.704,4979
17/13:08:35,10.44,2.87,105.66,76.857,14.99,99.715,4980
17/13:08:36,10.95,2.88,105.64,76.769,14.99,99.726,4981
17/13:08:37,11.39,2.89,105.6,76.714,14.98,99.748,4982
17/13:08:37,11.25,2.89,105.59,76.67,14.98,99.759,4983
17/13:08:38,11.19,2.89,105.59,76.549,14.98,99.77,4984
17/13:08:38,11.47,2.89,105.59,76.428,14.98,99.781,4985
17/13:08:39,11.57,2.9,105.56,76.296,14.98,99.792,4986
17/13:08:39,11.56,2.9,105.56,76.23,14.98,99.803,4987
17/13:08:40,11.26,2.89,105.57,76.164,14.98,99.814,4988
17/13:08:40,11.19,2.9,105.59,76.021,14.98,99.825,4989
17/13:08:41,11.33,2.9,105.57,75.944,14.97,99.836,4990
17/13:08:42,11.3,2.9,105.56,75.856,14.97,99.847,4991
17/13:08:42,11.37,2.9,105.56,75.713,14.97,99.858,4992
17/13:08:43,11.26,2.91,105.56,75.658,14.97,99.869,4993
17/13:08:43,11.2,2.9,105.56,75.592,14.97,99.88,4994
17/13:08:43,11.2,2.89,105.55,75.504,14.97,99.891,4995
17/13:08:44,11.39,2.89,105.54,75.394,14.97,99.902,4996
17/13:08:44,11.19,2.88,105.54,75.328,14.97,99.913,4997
17/13:08:45,11.25,2.89,105.53,75.218,14.97,99.924,4998
17/13:08:46,11.33,2.89,105.54,75.075,14.96,99.935,4999
17/13:08:46,11.19,2.88,105.53,74.932,14.96,99.946,5000
17/13:08:47,11.23,2.88,105.53,74.811,14.96,99.957,5001
17/13:08:47,11.24,2.87,105.53,74.69,14.96,99.968,5002
17/13:08:48,11.26,2.87,105.52,74.569,14.96,99.979,5003
17/13:08:49,11.36,2.84,105.53,74.305,14.96,100.001,5004
17/13:08:49,11.26,2.84,105.52,74.217,14.96,100.012,5005
17/13:08:50,11.35,2.83,105.53,74.151,14.95,100.023,5006
17/13:08:50,11.32,2.83,105.52,74.008,14.95,100.034,5007
17/13:08:51,11.4,2.83,105.5,73.953,14.95,100.045,5008
17/13:08:52,11.26,2.84,105.5,73.788,14.95,100.067,5009
17/13:08:53,11.22,2.86,105.49,73.568,14.95,100.089,5010
17/13:08:54,11.2,2.87,105.49,73.546,14.95,100.1,5011
17/13:08:54,11.16,2.87,105.49,73.469,14.94,100.111,5012
17/13:08:55,11.21,2.86,105.49,73.337,14.94,100.133,5013
17/13:08:57,11.28,2.84,105.5,73.227,14.94,100.166,5014
17/13:08:57,11.28,2.84,105.5,73.194,14.94,100.177,5015
17/13:08:58,11.3,2.83,105.49,73.172,14.94,100.188,5016
17/13:08:58,11.36,2.83,105.49,73.172,14.93,100.199,5017
17/13:08:59,11.38,2.85,105.49,73.117,14.93,100.21,5018
17/13:08:59,11.32,2.84,105.49,73.084,14.93,100.221,5019
17/13:09:00,11.36,2.85,105.49,72.941,14.93,100.232,5020
17/13:09:00,11.3,2.86,105.48,72.941,14.93,100.243,5021
17/13:09:01,11.28,2.86,105.47,72.908,14.93,100.254,5022
17/13:09:02,11.31,2.87,105.47,72.886,14.93,100.265,5023
17/13:09:03,11.28,2.86,105.48,72.875,14.92,100.276,5024
17/13:09:03,11.15,2.86,105.48,72.886,14.92,100.298,5025
17/13:09:04,11.23,2.86,105.48,72.864,14.92,100.309,5026
17/13:09:05,11.07,2.85,105.48,72.875,14.92,100.32,5027
17/13:09:05,11.12,2.85,105.48,72.908,14.92,100.331,5028
17/13:09:06,11.05,2.84,105.49,72.941,14.92,100.342,5029
17/13:09:06,11.12,2.84,105.47,72.974,14.92,100.353,5030
17/13:09:07,11.02,2.83,105.47,72.996,14.91,100.364,5031
17/13:09:07,11.14,2.84,105.47,73.117,14.91,100.375,5032
17/13:09:08,11.14,2.83,105.45,73.139,14.91,100.386,5033
17/13:09:09,11.25,2.83,105.43,73.249,14.91,100.408,5034
17/13:09:10,11.21,2.84,105.46,73.271,14.91,100.408,5035
17/13:09:10,11.18,2.85,105.43,73.26,14.91,100.43,5036
17/13:09:11,11.24,2.87,105.43,73.359,14.9,100.452,5037
17/13:09:11,11.21,2.86,105.42,73.425,14.9,100.463,5038
17/13:09:12,11.28,2.86,105.43,73.458,14.9,100.474,5039
17/13:09:13,11.22,2.85,105.45,73.535,14.9,100.485,5040
17/13:09:13,11.28,2.87,105.46,73.656,14.9,100.496,5041
17/13:09:13,11.17,2.86,105.44,73.678,14.9,100.507,5042
17/13:09:14,11.36,2.85,105.46,73.722,14.9,100.518,5043
17/13:09:15,11.16,2.84,105.48,73.755,14.9,100.529,5044
17/13:09:15,11.05,2.84,105.51,73.821,14.89,100.54,5045
17/13:09:16,9.35,2.52,105.67,73.876,14.89,100.562,5046
17/13:09:17,8.13,2.33,105.77,73.876,14.89,100.573,5047
17/13:09:17,7.12,2.13,105.87,73.832,14.89,100.584,5048
17/13:09:18,6.13,1.93,105.99,73.744,14.89,100.595,5049
17/13:09:18,4.99,1.71,106.11,73.733,14.89,100.606,5050
17/13:09:19,4.05,1.54,106.19,73.766,14.89,100.617,5051
17/13:09:19,3.16,1.36,106.28,73.755,14.89,100.628,5052
17/13:09:20,3.17,1.31,106.32,73.744,14.89,100.628,5053
17/13:09:21,4.62,1.75,106.17,73.7,14.89,100.661,5054
17/13:09:22,5.23,1.96,106.11,73.777,14.89,100.683,5055
17/13:09:23,6.09,2.14,106.03,73.887,14.89,100.683,5056
17/13:09:23,6.7,2.31,105.97,74.008,14.89,100.694,5057
17/13:09:24,7.66,2.53,105.87,74.085,14.89,100.705,5058
17/13:09:24,8.14,2.73,105.8,74.239,14.88,100.716,5059
17/13:09:24,8.77,2.84,105.75,74.327,14.88,100.716,5060
17/13:09:25,8.65,2.83,105.76,74.349,14.88,100.727,5061
17/13:09:25,8.67,2.83,105.74,74.426,14.88,100.749,5062
17/13:09:26,8.64,2.84,105.72,74.525,14.88,100.76,5063
17/13:09:27,8.51,2.84,105.73,74.646,14.88,100.771,5064
17/13:09:28,8.52,2.83,105.73,74.822,14.88,100.793,5065
17/13:09:29,8.5,2.82,105.73,74.943,14.88,100.815,5066
17/13:09:29,8.61,2.82,105.71,75.009,14.88,100.826,5067
17/13:09:30,8.57,2.82,105.71,75.108,14.88,100.837,5068
17/13:09:30,8.54,2.81,105.72,75.262,14.87,100.848,5069
17/13:09:31,8.78,2.81,105.72,75.383,14.87,100.859,5070
17/13:09:32,8.68,2.81,105.71,75.504,14.87,100.87,5071
17/13:09:32,8.51,2.81,105.71,75.603,14.87,100.881,5072
17/13:09:32,8.77,2.81,105.7,75.735,14.87,100.892,5073
17/13:09:34,8.91,2.81,105.68,76.054,14.87,100.914,5074
17/13:09:34,9.1,2.81,105.67,76.186,14.87,100.925,5075
17/13:09:35,9.26,2.81,105.64,76.285,14.87,100.936,5076
17/13:09:36,9.95,2.8,105.56,76.802,14.87,100.958,5077
17/13:09:37,10.36,2.79,105.53,77.121,14.86,100.98,5078
17/13:09:37,10.56,2.8,105.49,77.264,14.86,100.991,5079
17/13:09:38,11.48,2.81,105.46,77.726,14.86,101.024,5080
17/13:09:39,11.8,2.81,105.44,77.946,14.86,101.035,5081
17/13:09:39,11.84,2.82,105.42,78.21,14.86,101.046,5082
17/13:09:40,11.85,2.82,105.42,78.496,14.86,101.057,5083
17/13:09:41,12.19,2.83,105.41,78.881,14.85,101.079,5084
17/13:09:41,12.14,2.85,105.42,79.211,14.85,101.09,5085
17/13:09:42,11.97,2.87,105.4,79.42,14.85,101.101,5086
17/13:09:43,11.69,2.88,105.41,79.728,14.85,101.123,5087
17/13:09:43,11.57,2.88,105.41,79.871,14.85,101.134,5088
17/13:09:44,11.64,2.89,105.41,80.003,14.84,101.145,5089
17/13:09:45,11.63,2.9,105.42,80.124,14.84,101.156,5090
17/13:09:45,11.68,2.9,105.41,80.201,14.84,101.167,5091
17/13:09:46,11.82,2.88,105.39,80.509,14.84,101.189,5092
17/13:09:46,12.03,2.88,105.39,80.586,14.84,101.2,5093
17/13:09:47,12.14,2.87,105.38,80.63,14.84,101.211,5094
17/13:09:48,12.19,2.87,105.4,80.806,14.83,101.244,5095
17/13:09:49,11.81,2.88,105.43,80.729,14.83,101.255,5096
17/13:09:50,10.67,2.88,105.52,80.531,14.83,101.277,5097
17/13:09:51,8.47,2.87,105.65,80.234,14.83,101.31,5098
17/13:09:52,7.84,2.87,105.7,80.19,14.83,101.321,5099
17/13:09:52,7.47,2.87,105.71,80.091,14.83,101.332,5100
17/13:09:53,7.32,2.87,105.72,79.959,14.83,101.343,5101
17/13:09:54,7.3,2.87,105.71,79.783,14.82,101.354,5102
17/13:09:54,7.44,2.87,105.7,79.618,14.82,101.365,5103
17/13:09:55,7.61,2.89,105.7,79.508,14.82,101.376,5104
17/13:09:55,7.78,2.89,105.7,79.398,14.82,101.387,5105
17/13:09:56,7.99,2.9,105.69,79.277,14.82,101.398,5106
17/13:09:56,8.19,2.9,105.69,79.068,14.82,101.42,5107
17/13:09:57,8.42,2.9,105.7,78.826,14.82,101.431,5108
17/13:09:57,8.68,2.91,105.68,78.716,14.82,101.431,5109
17/13:09:58,8.91,2.91,105.69,78.551,14.82,101.453,5110
17/13:09:58,9.02,2.92,105.68,78.452,14.82,101.464,5111
17/13:09:59,9.02,2.91,105.67,78.199,14.82,101.475,5112
17/13:10:00,8.89,2.9,105.67,77.715,14.81,101.497,5113
17/13:10:00,8.95,2.9,105.68,77.374,14.81,101.508,5114
17/13:10:01,9.04,2.89,105.67,77.11,14.81,101.508,5115
17/13:10:01,8.92,2.88,105.67,76.978,14.81,101.53,5116
17/13:10:02,8.69,2.87,105.67,76.714,14.81,101.541,5117
17/13:10:02,8.61,2.86,105.68,76.384,14.81,101.552,5118
17/13:10:03,8.8,2.86,105.69,76.153,14.81,101.563,5119
17/13:10:04,8.83,2.87,105.67,75.46,14.81,101.596,5120
17/13:10:05,8.81,2.87,105.68,75.218,14.81,101.607,5121
17/13:10:06,8.78,2.87,105.68,75.075,14.81,101.618,5122
17/13:10:06,8.78,2.87,105.68,74.822,14.8,101.629,5123
17/13:10:07,8.94,2.88,105.68,74.635,14.8,101.64,5124
17/13:10:07,8.72,2.88,105.68,74.415,14.8,101.651,5125
17/13:10:08,8.78,2.88,105.69,73.953,14.8,101.673,5126
17/13:10:09,8.7,2.89,105.68,73.48,14.8,101.695,5127
17/13:10:10,8.86,2.89,105.68,72.963,14.8,101.717,5128
17/13:10:11,8.81,2.88,105.69,72.743,14.8,101.728,5129
17/13:10:12,8.87,2.88,105.67,72.05,14.79,101.761,5130
17/13:10:13,8.92,2.89,105.67,71.841,14.79,101.772,5131
17/13:10:13,8.82,2.89,105.67,71.588,14.79,101.783,5132
17/13:10:14,8.77,2.89,105.67,71.434,14.79,101.783,5133
17/13:10:15,8.81,2.89,105.68,71.225,14.79,101.794,5134
17/13:10:15,8.78,2.89,105.67,71.016,14.79,101.805,5135
17/13:10:16,8.79,2.89,105.71,70.796,14.79,101.816,5136
17/13:10:16,8.89,2.9,105.7,70.356,14.79,101.827,5137
17/13:10:17,8.83,2.89,105.7,70.147,14.79,101.849,5138
17/13:10:18,8.86,2.88,105.7,69.971,14.79,101.86,5139
17/13:10:18,8.88,2.88,105.71,69.883,14.78,101.871,5140
17/13:10:19,8.79,2.87,105.69,69.542,14.78,101.893,5141
17/13:10:20,8.85,2.87,105.67,69.333,14.78,101.904,5142
17/13:10:21,8.82,2.87,105.68,69.091,14.78,101.915,5143
17/13:10:21,8.85,2.87,105.68,68.915,14.78,101.926,5144
17/13:10:21,8.84,2.87,105.68,68.75,14.78,101.926,5145
17/13:10:22,8.91,2.87,105.67,68.618,14.78,101.937,5146
17/13:10:22,8.86,2.87,105.67,68.387,14.78,101.948,5147
17/13:10:23,8.85,2.87,105.66,68.222,14.78,101.959,5148
17/13:10:23,8.84,2.87,105.67,68.112,14.78,101.97,5149
17/13:10:24,8.83,2.87,105.67,67.958,14.77,101.981,5150
17/13:10:25,8.78,2.87,105.67,67.749,14.77,102.003,5151
17/13:10:26,8.74,2.87,105.66,67.628,14.77,102.014,5152
17/13:10:26,8.71,2.87,105.66,67.463,14.77,102.025,5153
17/13:10:27,8.75,2.87,105.65,67.309,14.77,102.036,5154
17/13:10:27,8.74,2.86,105.66,67.265,14.77,102.036,5155
17/13:10:29,8.8,2.85,105.68,66.891,14.77,102.069,5156
17/13:10:29,8.8,2.85,105.68,66.726,14.77,102.08,5157
17/13:10:30,8.8,2.86,105.7,66.561,14.77,102.091,5158
17/13:10:31,8.74,2.86,105.69,66.385,14.76,102.113,5159
17/13:10:31,8.82,2.86,105.7,66.363,14.76,102.113,5160
17/13:10:32,8.77,2.86,105.69,66.275,14.76,102.124,5161
17/13:10:33,8.78,2.87,105.69,66.198,14.76,102.135,5162
17/13:10:33,8.8,2.88,105.67,66.132,14.76,102.146,5163
17/13:10:34,8.92,2.88,105.64,66.11,14.76,102.157,5164
17/13:10:34,9.04,2.88,105.63,66.132,14.76,102.168,5165
17/13:10:35,9.12,2.86,105.62,66.132,14.76,102.179,5166
17/13:10:35,9.2,2.87,105.62,66.165,14.76,102.19,5167
17/13:10:36,9.44,2.85,105.57,66.077,14.76,102.201,5168
17/13:10:36,9.66,2.84,105.56,66.132,14.75,102.201,5169
17/13:10:37,9.81,2.84,105.56,66.275,14.75,102.212,5170
17/13:10:37,9.92,2.82,105.54,66.352,14.75,102.223,5171
17/13:10:38,10.05,2.82,105.54,66.308,14.75,102.234,5172
17/13:10:38,10.21,2.82,105.54,66.264,14.75,102.245,5173
17/13:10:39,10.38,2.83,105.51,66.209,14.75,102.256,5174
17/13:10:39,10.54,2.84,105.5,66.308,14.75,102.267,5175
17/13:10:40,10.6,2.84,105.49,66.407,14.75,102.278,5176
17/13:10:40,10.72,2.84,105.48,66.495,14.75,102.278,5177
17/13:10:41,10.87,2.83,105.46,66.616,14.74,102.289,5178
17/13:10:42,10.96,2.84,105.45,66.627,14.74,102.3,5179
17/13:10:42,11.03,2.85,105.42,66.671,14.74,102.311,5180
17/13:10:43,11.19,2.84,105.39,66.814,14.74,102.333,5181
17/13:10:43,11.23,2.83,105.4,66.957,14.74,102.344,5182
17/13:10:44,11.25,2.84,105.39,67.067,14.74,102.355,5183
17/13:10:45,11.28,2.83,105.38,67.078,14.74,102.355,5184
17/13:10:45,11.3,2.84,105.38,67.111,14.73,102.366,5185
17/13:10:46,11.27,2.83,105.38,67.133,14.73,102.377,5186
17/13:10:46,11.3,2.83,105.39,67.342,14.73,102.399,5187
17/13:10:47,11.27,2.84,105.38,67.408,14.73,102.41,5188
17/13:10:49,11.32,2.86,105.37,67.595,14.73,102.432,5189
17/13:10:49,11.28,2.86,105.37,67.595,14.72,102.454,5190
17/13:10:50,11.27,2.87,105.37,67.683,14.72,102.454,5191
17/13:10:51,11.24,2.87,105.36,67.771,14.72,102.465,5192
17/13:10:51,11.23,2.87,105.36,67.859,14.72,102.476,5193
17/13:10:51,11.18,2.85,105.37,67.991,14.72,102.487,5194
17/13:10:52,11.17,2.86,105.36,68.068,14.72,102.498,5195
17/13:10:52,11.16,2.86,105.37,68.123,14.72,102.509,5196
17/13:10:53,11.17,2.85,105.36,68.134,14.72,102.52,5197
17/13:10:54,11.17,2.85,105.35,68.222,14.71,102.531,5198
17/13:10:54,11.08,2.85,105.35,68.288,14.71,102.542,5199
17/13:10:55,11.15,2.85,105.35,68.288,14.71,102.553,5200
17/13:10:55,11.16,2.85,105.34,68.409,14.71,102.553,5201
17/13:10:56,11.22,2.85,105.35,68.53,14.71,102.564,5202
17/13:10:56,11.24,2.84,105.35,68.596,14.71,102.575,5203
17/13:10:57,11.21,2.84,105.35,68.618,14.71,102.586,5204
17/13:10:57,11.19,2.85,105.36,68.651,14.71,102.597,5205
17/13:10:58,11.25,2.85,105.36,68.717,14.7,102.608,5206
17/13:10:58,11.3,2.86,105.37,68.794,14.7,102.608,5207
17/13:10:59,11.27,2.86,105.36,68.937,14.7,102.63,5208
17/13:10:59,11.27,2.86,105.36,69.014,14.7,102.641,5209
17/13:11:00,11.19,2.86,105.34,69.08,14.7,102.652,5210
17/13:11:00,11.2,2.86,105.34,69.179,14.7,102.663,5211
17/13:11:01,11.26,2.86,105.34,69.179,14.7,102.663,5212
17/13:11:01,11.33,2.86,105.32,69.267,14.7,102.674,5213
17/13:11:02,11.36,2.86,105.31,69.333,14.7,102.685,5214
17/13:11:02,11.31,2.85,105.32,69.388,14.69,102.696,5215
17/13:11:03,11.27,2.85,105.32,69.432,14.69,102.707,5216
17/13:11:03,11.25,2.85,105.34,69.498,14.69,102.718,5217
17/13:11:04,11.32,2.85,105.34,69.597,14.69,102.729,5218
17/13:11:05,11.3,2.85,105.36,69.608,14.69,102.74,5219
17/13:11:06,11.3,2.85,105.36,69.773,14.69,102.762,5220
17/13:11:06,11.28,2.86,105.35,69.872,14.69,102.773,5221
17/13:11:07,11.33,2.87,105.37,70.015,14.68,102.795,5222
17/13:11:07,11.25,2.88,105.34,70.092,14.68,102.795,5223
17/13:11:08,11.26,2.87,105.33,70.147,14.68,102.806,5224
17/13:11:09,11.25,2.88,105.33,70.169,14.68,102.817,5225
17/13:11:09,11.22,2.88,105.32,70.235,14.68,102.828,5226
17/13:11:10,11.23,2.87,105.32,70.323,14.68,102.839,5227
17/13:11:11,10.13,2.55,105.45,70.642,14.67,102.861,5228
17/13:11:11,9.56,2.33,105.55,70.62,14.67,102.872,5229
17/13:11:12,8.96,2.16,105.61,70.565,14.67,102.883,5230
17/13:11:12,8.4,2.01,105.7,70.576,14.67,102.894,5231
17/13:11:13,8.21,1.96,105.73,70.554,14.67,102.905,5232
17/13:11:13,8.19,1.96,105.74,70.543,14.67,102.916,5233
17/13:11:14,8.82,2.14,105.65,70.609,14.67,102.927,5234
17/13:11:15,9.42,2.31,105.55,70.609,14.67,102.927,5235
17/13:11:15,9.98,2.52,105.48,70.653,14.67,102.96,5236
17/13:11:16,10.48,2.66,105.41,70.675,14.66,102.96,5237
17/13:11:17,11.12,2.81,105.31,70.752,14.66,102.971,5238
17/13:11:17,11.35,2.85,105.28,70.774,14.66,102.982,5239
17/13:11:18,11.27,2.85,105.28,70.906,14.66,102.993,5240
17/13:11:18,11.34,2.85,105.28,71.06,14.66,103.004,5241
17/13:11:19,11.27,2.84,105.28,71.115,14.66,103.026,5242
17/13:11:20,11.28,2.84,105.28,71.17,14.66,103.037,5243
17/13:11:20,11.26,2.83,105.28,71.269,14.65,103.048,5244
17/13:11:21,11.21,2.83,105.28,71.456,14.65,103.07,5245
17/13:11:22,11.2,2.83,105.28,71.511,14.65,103.081,5246
17/13:11:22,11.21,2.84,105.31,71.588,14.65,103.092,5247
17/13:11:23,11.21,2.85,105.32,71.72,14.65,103.114,5248
17/13:11:24,11.2,2.86,105.31,71.852,14.65,103.125,5249
17/13:11:24,11.15,2.86,105.32,71.929,14.64,103.136,5250
17/13:11:25,11.22,2.86,105.32,72.039,14.64,103.136,5251
17/13:11:26,11.1,2.86,105.3,72.083,14.64,103.158,5252
17/13:11:26,11.25,2.87,105.28,72.116,14.64,103.158,5253
17/13:11:27,11.12,2.86,105.28,72.193,14.64,103.169,5254
17/13:11:27,11.19,2.87,105.25,72.27,14.64,103.18,5255
17/13:11:27,11.14,2.86,105.26,72.259,14.64,103.191,5256
17/13:11:28,11.19,2.85,105.26,72.281,14.64,103.202,5257
17/13:11:29,11.26,2.86,105.26,72.292,14.63,103.213,5258
17/13:11:29,11.15,2.86,105.26,72.292,14.63,103.224,5259
17/13:11:30,11.21,2.86,105.27,72.336,14.63,103.235,5260
17/13:11:30,11.14,2.86,105.28,72.358,14.63,103.246,5261
17/13:11:31,11.16,2.86,105.3,72.369,14.63,103.268,5262
17/13:11:32,11.16,2.87,105.32,72.512,14.63,103.29,5263
17/13:11:33,11.14,2.88,105.32,72.545,14.62,103.301,5264
17/13:11:34,11.21,2.88,105.32,72.677,14.62,103.323,5265
17/13:11:35,11.2,2.88,105.31,72.842,14.62,103.334,5266
17/13:11:35,11.16,2.88,105.3,72.93,14.62,103.345,5267
17/13:11:35,11.25,2.89,105.3,72.908,14.62,103.356,5268
17/13:11:36,11.18,2.88,105.3,72.908,14.62,103.367,5269
17/13:11:37,11.22,2.88,105.28,73.018,14.62,103.389,5270
17/13:11:38,11.18,2.87,105.27,73.106,14.61,103.4,5271
17/13:11:38,11.17,2.87,105.28,73.194,14.61,103.411,5272
17/13:11:39,11.18,2.87,105.27,73.271,14.61,103.422,5273
17/13:11:39,11.16,2.87,105.28,73.348,14.61,103.433,5274
17/13:11:40,11.2,2.88,105.26,73.337,14.61,103.433,5275
17/13:11:41,11.23,2.88,105.26,73.359,14.61,103.444,5276
17/13:11:41,11.2,2.87,105.27,73.491,14.61,103.466,5277
17/13:11:43,11.22,2.86,105.27,73.645,14.6,103.499,5278
17/13:11:43,11.25,2.86,105.28,73.7,14.6,103.51,5279
17/13:11:44,11.23,2.86,105.27,73.7,14.6,103.521,5280
17/13:11:44,11.28,2.86,105.28,73.777,14.6,103.532,5281
17/13:11:45,11.25,2.86,105.27,73.799,14.6,103.543,5282
17/13:11:46,11.37,2.86,105.26,73.81,14.6,103.554,5283
17/13:11:46,11.17,2.86,105.26,73.854,14.59,103.565,5284
17/13:11:47,11.35,2.86,105.26,73.942,14.59,103.576,5285
17/13:11:47,11.21,2.86,105.25,73.997,14.59,103.587,5286
17/13:11:48,11.27,2.86,105.25,74.041,14.59,103.598,5287
17/13:11:48,11.21,2.86,105.23,74.107,14.59,103.609,5288
17/13:11:49,11.36,2.86,105.22,74.118,14.59,103.62,5289
17/13:11:49,11.3,2.86,105.23,74.173,14.59,103.631,5290
17/13:11:50,11.23,2.86,105.24,74.217,14.59,103.642,5291
17/13:11:50,11.4,2.87,105.24,74.283,14.58,103.653,5292
17/13:11:51,11.31,2.87,105.25,74.448,14.58,103.664,5293
17/13:11:51,11.32,2.86,105.25,74.514,14.58,103.675,5294
17/13:11:52,11.34,2.85,105.24,74.591,14.58,103.686,5295
17/13:11:53,11.28,2.85,105.25,74.69,14.58,103.697,5296
17/13:11:53,11.22,2.86,105.25,74.8,14.58,103.708,5297
17/13:11:53,11.25,2.85,105.24,74.822,14.58,103.708,5298
17/13:11:54,11.23,2.86,105.23,74.877,14.58,103.73,5299
17/13:11:54,11.23,2.85,105.23,74.899,14.57,103.741,5300
17/13:11:55,11.18,2.85,105.22,74.965,14.57,103.752,5301
17/13:11:56,11.21,2.86,105.23,75.042,14.57,103.763,5302
17/13:11:56,11.2,2.86,105.22,75.097,14.57,103.774,5303
17/13:11:57,11.19,2.86,105.22,75.24,14.57,103.796,5304
17/13:11:57,11.15,2.86,105.23,75.339,14.57,103.807,5305
17/13:11:58,11.16,2.86,105.23,75.35,14.57,103.818,5306
17/13:11:59,11.18,2.86,105.24,75.46,14.56,103.829,5307
17/13:11:59,11.17,2.86,105.23,75.603,14.56,103.84,5308
17/13:12:00,11.19,2.85,105.22,75.647,14.56,103.851,5309
17/13:12:01,11.18,2.84,105.22,75.735,14.56,103.873,5310
17/13:12:01,11.21,2.84,105.22,75.779,14.56,103.884,5311
17/13:12:02,11.41,2.83,105.21,75.933,14.56,103.895,5312
17/13:12:02,11.27,2.83,105.2,76.043,14.56,103.906,5313
17/13:12:03,11.14,2.83,105.21,76.065,14.55,103.917,5314
17/13:12:03,11.32,2.84,105.22,76.065,14.55,103.928,5315
17/13:12:04,11.34,2.84,105.23,76.065,14.55,103.939,5316
17/13:12:05,11.35,2.85,105.22,76.142,14.55,103.95,5317
17/13:12:05,11.36,2.85,105.2,76.175,14.55,103.961,5318
17/13:12:06,11.17,2.85,105.21,76.197,14.55,103.972,5319
17/13:12:06,11.28,2.86,105.21,76.285,14.55,103.983,5320
17/13:12:07,11.39,2.87,105.21,76.34,14.55,103.994,5321
17/13:12:07,11.41,2.86,105.2,76.439,14.54,104.005,5322
17/13:12:08,11.18,2.86,105.19,76.483,14.54,104.016,5323
17/13:12:08,11.03,2.86,105.2,76.45,14.54,104.016,5324
17/13:12:09,11.12,2.85,105.2,76.516,14.54,104.027,5325
17/13:12:09,11.2,2.85,105.21,76.582,14.54,104.049,5326
17/13:12:10,11.0,2.85,105.2,76.571,14.54,104.06,5327
17/13:12:10,10.84,2.84,105.21,76.582,14.54,104.071,5328
17/13:12:11,10.96,2.85,105.19,76.659,14.54,104.082,5329
17/13:12:12,11.09,2.85,105.19,76.681,14.53,104.104,5330
17/13:12:12,10.99,2.86,105.21,76.703,14.53,104.115,5331
17/13:12:14,11.11,2.87,105.2,76.736,14.53,104.137,5332
17/13:12:14,11.13,2.87,105.21,76.747,14.53,104.148,5333
17/13:12:15,10.99,2.87,105.2,76.747,14.53,104.159,5334
17/13:12:15,11.04,2.86,105.22,76.769,14.53,104.17,5335
17/13:12:15,11.0,2.85,105.22,76.769,14.53,104.181,5336
17/13:12:16,10.98,2.86,105.22,76.769,14.52,104.203,5337
17/13:12:17,10.97,2.86,105.21,76.692,14.52,104.203,5338
17/13:12:17,10.97,2.86,105.22,76.758,14.52,104.214,5339
17/13:12:18,10.98,2.85,105.21,76.802,14.52,104.225,5340
17/13:12:18,11.01,2.85,105.19,76.758,14.52,104.247,5341
17/13:12:18,11.0,2.84,105.19,76.692,14.52,104.258,5342
17/13:12:19,10.95,2.84,105.17,76.736,14.52,104.269,5343
17/13:12:20,11.0,2.85,105.17,76.747,14.52,104.28,5344
17/13:12:20,10.98,2.84,105.15,76.681,14.51,104.291,5345
17/13:12:21,10.93,2.84,105.15,76.604,14.51,104.302,5346
17/13:12:22,11.1,2.85,105.17,76.571,14.51,104.324,5347
17/13:12:23,11.13,2.85,105.19,76.505,14.51,104.335,5348
17/13:12:23,11.12,2.86,105.2,76.516,14.51,104.346,5349
17/13:12:23,11.08,2.85,105.21,76.505,14.51,104.357,5350
17/13:12:24,11.04,2.85,105.22,76.428,14.51,104.368,5351
17/13:12:25,11.1,2.85,105.2,76.351,14.5,104.39,5352
17/13:12:25,11.04,2.85,105.2,76.395,14.5,104.401,5353
17/13:12:26,10.97,2.85,105.19,76.373,14.5,104.412,5354
17/13:12:28,10.94,2.85,105.17,76.263,14.5,104.445,5355
17/13:12:28,11.06,2.86,105.16,76.164,14.5,104.456,5356
17/13:12:29,10.96,2.85,105.19,76.208,14.5,104.467,5357
17/13:12:29,10.91,2.84,105.19,76.175,14.49,104.478,5358
17/13:12:30,11.06,2.83,105.18,76.175,14.49,104.5,5359
17/13:12:31,10.99,2.82,105.17,76.142,14.49,104.522,5360
17/13:12:32,11.17,2.83,105.17,76.076,14.49,104.533,5361
17/13:12:32,11.14,2.84,105.17,76.076,14.49,104.544,5362
17/13:12:33,11.41,2.84,105.14,76.054,14.48,104.566,5363
17/13:12:34,11.26,2.84,105.15,76.054,14.48,104.577,5364
17/13:12:35,11.27,2.85,105.17,75.933,14.48,104.599,5365
17/13:12:36,11.03,2.83,105.17,75.966,14.48,104.621,5366
17/13:12:36,11.2,2.83,105.17,75.911,14.48,104.632,5367
17/13:12:37,11.13,2.82,105.17,75.933,14.48,104.643,5368
17/13:12:38,11.33,2.83,105.17,75.801,14.47,104.665,5369
17/13:12:40,11.28,2.84,105.17,75.625,14.47,104.698,5370
17/13:12:41,11.27,2.85,105.16,75.669,14.47,104.72,5371
17/13:12:41,11.37,2.86,105.16,75.636,14.47,104.731,5372
17/13:12:42,11.38,2.85,105.15,75.548,14.46,104.742,5373
17/13:12:42,11.18,2.85,105.15,75.46,14.46,104.753,5374
17/13:12:43,11.31,2.85,105.15,75.339,14.46,104.764,5375
17/13:12:44,11.31,2.84,105.11,75.317,14.46,104.786,5376
17/13:12:44,11.32,2.84,105.12,75.262,14.46,104.797,5377
17/13:12:45,11.3,2.85,105.11,75.218,14.46,104.808,5378
17/13:12:46,11.21,2.85,105.11,75.185,14.46,104.808,5379
17/13:12:46,11.32,2.85,105.12,75.163,14.45,104.83,5380
17/13:12:47,11.38,2.85,105.12,75.075,14.45,104.841,5381
17/13:12:47,11.38,2.85,105.14,74.987,14.45,104.852,5382
17/13:12:48,11.36,2.86,105.13,74.921,14.45,104.863,5383
17/13:12:48,11.27,2.86,105.14,74.844,14.45,104.874,5384
17/13:12:49,11.36,2.85,105.14,74.723,14.45,104.885,5385
17/13:12:49,11.47,2.84,105.14,74.624,14.45,104.896,5386
17/13:12:50,11.4,2.85,105.14,74.558,14.45,104.907,5387
17/13:12:50,11.39,2.85,105.12,74.536,14.43,104.918,5388
17/13:12:51,11.27,2.85,105.12,74.525,14.43,104.929,5389
17/13:12:51,11.28,2.85,105.12,74.426,14.43,104.94,5390
17/13:12:52,11.4,2.85,105.13,74.36,14.43,104.951,5391
17/13:12:53,11.24,2.85,105.11,74.228,14.43,104.984,5392
17/13:12:54,11.31,2.85,105.11,74.085,14.42,105.006,5393
17/13:12:55,11.24,2.84,105.1,73.986,14.42,105.017,5394
17/13:12:57,11.31,2.84,105.1,73.667,14.42,105.061,5395
17/13:12:58,11.37,2.84,105.11,73.623,14.42,105.072,5396
17/13:12:58,10.88,2.74,105.18,73.645,14.42,105.083,5397
17/13:12:59,9.93,2.55,105.32,73.81,14.42,105.094,5398
17/13:12:59,9.02,2.42,105.42,73.733,14.42,105.105,5399
17/13:13:00,8.19,2.27,105.52,73.436,14.42,105.116,5400
17/13:13:00,7.45,2.12,105.63,73.216,14.42,105.116,5401
17/13:13:01,6.87,2.06,105.68,72.996,14.42,105.127,5402
17/13:13:01,6.93,2.06,105.67,72.655,14.42,105.127,5403
17/13:13:02,7.75,2.25,105.55,72.49,14.42,105.16,5404
17/13:13:03,8.56,2.41,105.43,72.402,14.42,105.171,5405
17/13:13:03,9.5,2.55,105.31,72.336,14.42,105.182,5406
17/13:13:04,10.27,2.72,105.19,72.347,14.42,105.193,5407
17/13:13:04,11.28,2.85,105.11,72.391,14.42,105.204,5408
17/13:13:05,11.55,2.86,105.07,72.248,14.41,105.226,5409
17/13:13:06,11.7,2.85,105.05,72.226,14.41,105.237,5410
17/13:13:07,11.62,2.85,105.05,72.237,14.41,105.248,5411
17/13:13:07,11.8,2.85,105.05,72.27,14.41,105.259,5412
17/13:13:07,11.64,2.86,105.07,72.248,14.41,105.27,5413
17/13:13:08,11.66,2.86,105.07,72.182,14.41,105.281,5414
17/13:13:09,11.76,2.86,105.05,72.116,14.4,105.292,5415
17/13:13:09,11.78,2.86,105.06,72.094,14.4,105.303,5416
17/13:13:10,11.92,2.86,105.04,72.083,14.4,105.314,5417
17/13:13:10,12.03,2.87,105.02,72.083,14.4,105.325,5418
17/13:13:11,12.14,2.86,105.02,72.16,14.4,105.336,5419
17/13:13:12,12.41,2.85,104.98,72.116,14.4,105.358,5420
17/13:13:12,12.57,2.85,104.96,72.182,14.4,105.369,5421
17/13:13:13,12.64,2.85,104.96,72.182,14.39,105.38,5422
17/13:13:13,12.7,2.85,104.95,72.237,14.39,105.391,5423
17/13:13:14,12.7,2.85,104.94,72.193,14.39,105.391,5424
17/13:13:14,12.75,2.85,104.94,72.193,14.39,105.402,5425
17/13:13:15,13.03,2.85,104.91,72.336,14.39,105.413,5426
17/13:13:15,13.05,2.86,104.9,72.38,14.39,105.424,5427
17/13:13:16,13.24,2.85,104.88,72.424,14.39,105.435,5428
17/13:13:16,13.27,2.84,104.88,72.446,14.38,105.446,5429
17/13:13:18,13.54,2.83,104.85,72.655,14.38,105.468,5430
17/13:13:18,13.66,2.83,104.84,72.71,14.38,105.479,5431
17/13:13:19,13.67,2.82,104.82,72.765,14.38,105.49,5432
17/13:13:19,13.68,2.83,104.82,72.82,14.38,105.501,5433
17/13:13:20,13.72,2.82,104.81,72.842,14.37,105.512,5434
17/13:13:20,13.7,2.84,104.8,72.908,14.37,105.523,5435
17/13:13:21,13.69,2.86,104.8,72.963,14.37,105.534,5436
17/13:13:21,13.75,2.86,104.82,73.007,14.37,105.545,5437
17/13:13:22,13.78,2.86,104.8,73.04,14.37,105.556,5438
17/13:13:22,13.74,2.87,104.81,73.084,14.37,105.567,5439
17/13:13:23,13.79,2.88,104.8,73.106,14.36,105.578,5440
17/13:13:24,13.78,2.88,104.78,73.326,14.36,105.611,5441
17/13:13:26,14.08,2.89,104.75,73.458,14.36,105.633,5442
17/13:13:26,14.17,2.88,104.73,73.535,14.35,105.644,5443
17/13:13:27,14.38,2.89,104.72,73.601,14.35,105.655,5444
17/13:13:27,14.35,2.89,104.7,73.755,14.35,105.666,5445
17/13:13:28,14.61,2.9,104.69,73.854,14.35,105.677,5446
17/13:13:28,14.66,2.88,104.69,74.008,14.35,105.688,5447
17/13:13:29,14.85,2.86,104.69,74.096,14.35,105.699,5448
17/13:13:29,14.82,2.85,104.68,74.25,14.34,105.71,5449
17/13:13:30,14.76,2.85,104.67,74.404,14.34,105.732,5450
17/13:13:31,14.7,2.85,104.67,74.415,14.34,105.743,5451
17/13:13:33,14.78,2.87,104.67,74.767,14.33,105.776,5452
17/13:13:33,14.72,2.89,104.67,74.855,14.33,105.787,5453
17/13:13:34,14.74,2.89,104.66,74.932,14.33,105.798,5454
17/13:13:35,14.87,2.87,104.65,75.218,14.33,105.82,5455
17/13:13:35,14.72,2.87,104.64,75.262,14.32,105.831,5456
17/13:13:36,14.85,2.87,104.61,75.361,14.32,105.853,5457
17/13:13:37,14.88,2.86,104.61,75.537,14.32,105.853,5458
17/13:13:37,14.73,2.84,104.61,75.724,14.32,105.875,5459
17/13:13:38,14.87,2.82,104.61,75.867,14.31,105.897,5460
17/13:13:39,14.73,2.83,104.6,76.021,14.31,105.897,5461
17/13:13:39,14.67,2.83,104.62,76.175,14.31,105.908,5462
17/13:13:40,14.69,2.83,104.61,76.307,14.31,105.941,5463
17/13:13:41,14.81,2.83,104.61,76.571,14.3,105.963,5464
17/13:13:42,14.74,2.85,104.59,76.714,14.3,105.963,5465
17/13:13:42,14.78,2.86,104.57,76.802,14.3,105.985,5466
17/13:13:43,14.93,2.86,104.59,76.846,14.3,105.996,5467
17/13:13:43,15.1,2.87,104.57,77.0,14.3,106.007,5468
17/13:13:44,15.09,2.86,104.56,77.121,14.3,106.018,5469
17/13:13:44,14.85,2.86,104.56,77.22,14.29,106.029,5470
17/13:13:45,14.71,2.86,104.57,77.253,14.29,106.04,5471
17/13:13:45,14.75,2.87,104.59,77.297,14.29,106.051,5472
17/13:13:46,14.89,2.87,104.6,77.308,14.29,106.062,5473
17/13:13:47,14.88,2.86,104.61,77.495,14.29,106.073,5474
17/13:13:47,14.82,2.87,104.59,77.759,14.29,106.084,5475
17/13:13:48,14.73,2.86,104.59,77.979,14.28,106.095,5476
17/13:13:48,14.73,2.86,104.59,78.067,14.28,106.106,5477
17/13:13:48,14.75,2.87,104.6,78.133,14.28,106.117,5478
17/13:13:49,14.75,2.86,104.6,78.122,14.28,106.128,5479
17/13:13:50,14.77,2.86,104.56,78.243,14.27,106.15,5480
17/13:13:51,14.84,2.86,104.55,78.507,14.27,106.172,5481
17/13:13:52,14.95,2.86,104.53,78.628,14.27,106.183,5482
17/13:13:53,14.98,2.86,104.51,78.848,14.27,106.205,5483
17/13:13:53,15.06,2.86,104.5,78.903,14.26,106.216,5484
17/13:13:54,14.88,2.85,104.51,78.859,14.26,106.216,5485
17/13:13:55,14.53,2.87,104.51,78.958,14.26,106.249,5486
17/13:13:55,14.34,2.86,104.52,79.145,14.26,106.26,5487
17/13:13:56,14.14,2.87,104.54,79.277,14.26,106.271,5488
17/13:13:57,14.25,2.87,104.56,79.497,14.25,106.293,5489
17/13:13:58,14.28,2.88,104.56,79.574,14.25,106.315,5490
17/13:13:58,14.35,2.89,104.56,79.695,14.25,106.326,5491
17/13:13:59,14.37,2.89,104.57,79.827,14.25,106.337,5492
17/13:14:00,14.43,2.88,104.55,80.091,14.24,106.359,5493
17/13:14:00,14.42,2.87,104.55,80.135,14.24,106.37,5494
17/13:14:01,14.15,2.86,104.52,80.399,14.24,106.392,5495
17/13:14:02,14.18,2.85,104.52,80.586,14.24,106.403,5496
17/13:14:02,14.2,2.83,104.52,80.795,14.24,106.414,5497
17/13:14:03,14.36,2.82,104.5,81.037,14.23,106.425,5498
17/13:14:03,14.57,2.82,104.52,81.158,14.23,106.436,5499
17/13:14:04,14.66,2.81,104.52,81.224,14.23,106.447,5500
17/13:14:05,14.63,2.81,104.51,81.433,14.23,106.48,5501
17/13:14:05,14.49,2.8,104.54,81.565,14.22,106.491,5502
17/13:14:06,14.26,2.8,104.56,81.675,14.22,106.502,5503
17/13:14:07,14.16,2.81,104.56,81.807,14.22,106.513,5504
17/13:14:07,13.96,2.81,104.59,81.873,14.22,106.524,5505
17/13:14:07,13.49,2.81,104.61,81.95,14.22,106.535,5506
17/13:14:08,13.05,2.81,104.66,82.126,14.22,106.557,5507
17/13:14:09,13.04,2.82,104.67,82.236,14.21,106.568,5508
17/13:14:10,13.25,2.82,104.66,82.379,14.21,106.579,5509
17/13:14:10,13.08,2.83,104.68,82.5,14.21,106.612,5510
17/13:14:11,12.98,2.82,104.68,82.643,14.21,106.623,5511
17/13:14:12,13.26,2.81,104.67,82.83,14.21,106.634,5512
17/13:14:12,13.51,2.82,104.67,82.962,14.2,106.645,5513
17/13:14:13,13.43,2.82,104.67,82.984,14.2,106.656,5514
17/13:14:14,12.88,2.82,104.7,83.226,14.2,106.678,5515
17/13:14:15,12.67,2.82,104.72,83.281,14.2,106.689,5516
17/13:14:16,11.65,2.82,104.82,83.336,14.2,106.711,5517
17/13:14:16,10.99,2.84,104.89,83.259,14.19,106.733,5518
17/13:14:16,9.87,2.83,104.96,83.127,14.19,106.744,5519
17/13:14:17,8.93,2.82,105.06,82.94,14.19,106.755,5520
17/13:14:18,7.37,2.82,105.24,82.72,14.19,106.777,5521
17/13:14:18,6.03,2.68,105.37,82.5,14.19,106.788,5522
17/13:14:19,4.96,2.56,105.5,82.225,14.19,106.799,5523
17/13:14:20,3.93,2.43,105.62,81.994,14.19,106.81,5524
17/13:14:21,2.37,2.18,105.8,81.576,14.19,106.832,5525
17/13:14:21,2.39,2.16,105.85,81.356,14.19,106.843,5526
17/13:14:22,2.26,2.16,105.87,81.18,14.19,106.865,5527
17/13:14:23,2.18,2.28,105.83,80.861,14.19,106.887,5528
17/13:14:23,2.57,2.41,105.78,80.641,14.19,106.898,5529
17/13:14:24,2.98,2.55,105.73,80.487,14.19,106.909,5530
17/13:14:25,3.7,2.8,105.64,80.3,14.19,106.931,5531
17/13:14:26,3.73,2.82,105.64,80.102,14.19,106.942,5532
17/13:14:26,3.9,2.82,105.65,79.992,14.19,106.953,5533
17/13:14:26,4.32,2.83,105.65,79.871,14.19,106.964,5534
17/13:14:27,4.66,2.83,105.64,79.783,14.19,106.975,5535
17/13:14:28,5.37,2.84,105.63,79.772,14.19,106.997,5536
17/13:14:28,5.74,2.84,105.63,79.574,14.19,107.008,5537
17/13:14:29,6.0,2.84,105.59,79.497,14.19,107.008,5538
17/13:14:29,6.35,2.84,105.55,79.486,14.19,107.03,5539
17/13:14:30,6.59,2.83,105.5,79.453,14.19,107.041,5540
17/13:14:31,6.6,2.84,105.47,79.376,14.19,107.052,5541
17/13:14:31,6.9,2.85,105.44,79.42,14.18,107.074,5542
17/13:14:32,7.23,2.85,105.4,79.442,14.18,107.085,5543
17/13:14:32,7.46,2.86,105.37,79.431,14.18,107.096,5544
17/13:14:33,7.85,2.85,105.28,79.398,14.18,107.118,5545
17/13:14:34,7.98,2.85,105.26,79.387,14.18,107.129,5546
17/13:14:35,8.37,2.85,105.22,79.618,14.18,107.151,5547
17/13:14:35,8.47,2.86,105.21,79.651,14.18,107.162,5548
17/13:14:36,8.53,2.85,105.18,79.673,14.18,107.173,5549
17/13:14:36,8.69,2.85,105.17,79.794,14.18,107.184,5550
17/13:14:37,8.93,2.86,105.18,79.816,14.18,107.195,5551
17/13:14:37,9.23,2.86,105.17,79.849,14.18,107.206,5552
17/13:14:38,9.43,2.86,105.17,79.904,14.17,107.217,5553
17/13:14:39,9.6,2.86,105.18,79.981,14.17,107.228,5554
17/13:14:39,9.98,2.86,105.18,79.981,14.17,107.25,5555
17/13:14:40,10.21,2.86,105.19,80.025,14.17,107.261,5556
17/13:14:41,10.27,2.86,105.2,80.036,14.17,107.283,5557
17/13:14:41,10.14,2.86,105.21,80.069,14.17,107.294,5558
17/13:14:42,9.87,2.86,105.22,80.113,14.17,107.305,5559
17/13:14:42,9.65,2.86,105.2,80.19,14.17,107.316,5560
17/13:14:44,8.87,2.85,105.19,80.19,14.16,107.349,5561
17/13:14:45,8.28,2.85,105.17,80.179,14.16,107.371,5562
17/13:14:45,8.19,2.84,105.16,80.256,14.16,107.382,5563
17/13:14:46,8.32,2.84,105.15,80.421,14.16,107.404,5564
17/13:14:47,8.39,2.85,105.15,80.454,14.16,107.415,5565
17/13:14:47,8.48,2.85,105.17,80.476,14.16,107.426,5566
17/13:14:48,8.57,2.87,105.17,80.52,14.16,107.448,5567
17/13:14:49,9.19,2.87,105.18,80.586,14.14,107.47,5568
17/13:14:49,9.46,2.88,105.18,80.652,14.14,107.481,5569
17/13:14:50,9.7,2.88,105.21,80.751,14.14,107.492,5570
17/13:14:50,9.68,2.88,105.21,80.718,14.14,107.503,5571
17/13:14:51,9.5,2.88,105.23,80.74,14.14,107.514,5572
17/13:14:52,9.25,2.88,105.24,80.751,14.14,107.525,5573
17/13:14:52,8.96,2.88,105.25,80.762,14.14,107.536,5574
17/13:14:53,8.62,2.87,105.24,80.784,14.14,107.547,5575
17/13:14:53,8.18,2.86,105.26,80.872,14.14,107.558,5576
17/13:14:54,7.69,2.85,105.27,80.839,14.14,107.569,5577
17/13:14:54,7.3,2.85,105.28,80.762,14.14,107.58,5578
17/13:14:55,7.14,2.84,105.31,80.685,14.14,107.591,5579
17/13:14:56,7.19,2.83,105.3,80.641,14.14,107.624,5580
17/13:14:56,7.25,2.84,105.33,80.608,14.14,107.635,5581
17/13:14:57,7.22,2.84,105.34,80.509,14.14,107.657,5582
17/13:14:58,7.45,2.84,105.35,80.465,14.14,107.668,5583
17/13:14:59,7.7,2.84,105.36,80.344,14.14,107.679,5584
17/13:14:59,7.82,2.85,105.35,80.3,14.14,107.69,5585
17/13:15:00,8.0,2.85,105.36,80.355,14.14,107.701,5586
17/13:15:00,8.17,2.85,105.36,80.355,14.14,107.712,5587
17/13:15:01,8.46,2.85,105.36,80.124,14.14,107.734,5588
17/13:15:02,8.51,2.85,105.38,80.08,14.14,107.745,5589
17/13:15:02,8.4,2.86,105.37,79.992,14.14,107.756,5590
17/13:15:03,8.45,2.86,105.36,79.959,14.13,107.767,5591
17/13:15:03,8.61,2.86,105.35,79.926,14.13,107.789,5592
17/13:15:04,8.55,2.86,105.36,79.871,14.13,107.8,5593
17/13:15:05,8.63,2.87,105.39,79.706,14.13,107.822,5594
17/13:15:05,8.61,2.87,105.38,79.607,14.13,107.833,5595
17/13:15:06,8.57,2.87,105.39,79.552,14.13,107.844,5596
17/13:15:06,8.51,2.87,105.41,79.585,14.13,107.855,5597
17/13:15:07,8.32,2.88,105.43,79.563,14.13,107.866,5598
17/13:15:07,8.1,2.89,105.43,79.53,14.13,107.877,5599
17/13:15:08,7.53,2.9,105.45,79.255,14.13,107.899,5600
17/13:15:09,7.21,2.9,105.44,79.233,14.12,107.91,5601
17/13:15:09,7.02,2.89,105.45,79.222,14.12,107.921,5602
17/13:15:11,6.85,2.89,105.44,79.013,14.12,107.943,5603
17/13:15:11,6.88,2.89,105.43,78.98,14.12,107.954,5604
17/13:15:12,6.87,2.88,105.43,78.881,14.12,107.965,5605
17/13:15:12,6.91,2.89,105.44,78.815,14.12,107.976,5606
17/13:15:13,6.98,2.88,105.43,78.782,14.12,107.987,5607
17/13:15:13,7.09,2.88,105.43,78.716,14.12,108.009,5608
17/13:15:14,7.14,2.88,105.44,78.573,14.12,108.02,5609
17/13:15:15,7.37,2.89,105.43,78.43,14.12,108.042,5610
17/13:15:15,7.57,2.88,105.43,78.375,14.12,108.053,5611
17/13:15:16,7.71,2.88,105.43,78.364,14.12,108.064,5612
17/13:15:17,7.63,2.87,105.42,78.232,14.12,108.086,5613
17/13:15:17,7.56,2.87,105.42,78.144,14.11,108.097,5614
17/13:15:18,7.5,2.86,105.4,77.957,14.11,108.108,5615
17/13:15:19,7.49,2.87,105.39,77.858,14.11,108.108,5616
17/13:15:19,7.5,2.87,105.39,77.825,14.11,108.13,5617
17/13:15:20,7.5,2.87,105.39,77.847,14.11,108.141,5618
17/13:15:20,7.51,2.87,105.38,77.748,14.11,108.152,5619
17/13:15:21,7.65,2.88,105.37,77.55,14.11,108.174,5620
17/13:15:22,7.8,2.89,105.39,77.297,14.11,108.185,5621
17/13:15:22,8.04,2.89,105.39,77.176,14.11,108.196,5622
17/13:15:22,8.15,2.89,105.39,77.165,14.11,108.207,5623
17/13:15:23,7.99,2.89,105.39,77.176,14.11,108.218,5624
17/13:15:24,7.77,2.89,105.39,77.077,14.11,108.229,5625
17/13:15:24,7.65,2.89,105.39,77.022,14.11,108.24,5626
17/13:15:25,7.81,2.89,105.4,76.967,14.1,108.251,5627
17/13:15:25,8.06,2.89,105.4,76.923,14.1,108.262,5628
17/13:15:26,7.93,2.89,105.39,76.923,14.1,108.273,5629
17/13:15:27,7.64,2.88,105.39,76.89,14.1,108.284,5630
17/13:15:27,7.61,2.88,105.39,76.747,14.1,108.306,5631
17/13:15:28,7.67,2.89,105.38,76.714,14.1,108.317,5632
17/13:15:29,7.65,2.89,105.39,76.615,14.1,108.328,5633
17/13:15:30,7.48,2.88,105.36,76.549,14.1,108.35,5634
17/13:15:30,7.51,2.88,105.35,76.45,14.1,108.361,5635
17/13:15:31,7.67,2.88,105.34,76.34,14.1,108.372,5636
17/13:15:31,7.79,2.88,105.34,76.263,14.1,108.383,5637
17/13:15:32,7.8,2.88,105.34,76.23,14.1,108.394,5638
17/13:15:32,8.17,2.89,105.34,76.208,14.09,108.405,5639
17/13:15:33,8.17,2.88,105.34,76.142,14.09,108.416,5640
17/13:15:33,8.14,2.88,105.32,76.098,14.09,108.416,5641
17/13:15:34,8.22,2.89,105.34,75.955,14.09,108.449,5642
17/13:15:34,8.5,2.9,105.35,75.867,14.09,108.46,5643
17/13:15:35,8.34,2.9,105.33,75.889,14.09,108.46,5644
17/13:15:35,8.17,2.9,105.34,75.845,14.09,108.482,5645
17/13:15:36,8.21,2.9,105.33,75.724,14.09,108.493,5646
17/13:15:37,8.07,2.9,105.31,75.691,14.09,108.493,5647
17/13:15:37,8.3,2.9,105.32,75.57,14.09,108.526,5648
17/13:15:38,8.23,2.89,105.3,75.581,14.09,108.537,5649
17/13:15:38,8.18,2.88,105.28,75.57,14.09,108.537,5650
17/13:15:39,8.46,2.88,105.28,75.46,14.08,108.548,5651
17/13:15:39,8.71,2.88,105.26,75.449,14.08,108.57,5652
17/13:15:40,8.74,2.87,105.26,75.416,14.08,108.581,5653
17/13:15:41,8.88,2.87,105.24,75.295,14.08,108.581,5654
17/13:15:42,9.13,2.87,105.21,75.229,14.08,108.614,5655
17/13:15:42,9.18,2.87,105.21,75.174,14.08,108.625,5656
17/13:15:43,9.25,2.87,105.19,75.13,14.08,108.636,5657
17/13:15:44,9.11,2.86,105.19,75.075,14.08,108.658,5658
17/13:15:44,9.32,2.87,105.19,75.053,14.08,108.669,5659
17/13:15:46,9.26,2.86,105.21,74.855,14.07,108.702,5660
17/13:15:46,9.31,2.86,105.2,74.811,14.07,108.702,5661
17/13:15:47,9.22,2.86,105.21,74.734,14.07,108.713,5662
17/13:15:48,9.28,2.86,105.21,74.635,14.07,108.735,5663
17/13:15:49,9.52,2.86,105.19,74.448,14.07,108.757,5664
17/13:15:50,9.49,2.86,105.18,74.47,14.07,108.768,5665
17/13:15:50,9.42,2.87,105.17,74.459,14.06,108.779,5666
17/13:15:51,9.52,2.88,105.15,74.327,14.06,108.801,5667
17/13:15:52,9.74,2.88,105.14,74.327,14.06,108.812,5668
17/13:15:52,9.63,2.88,105.14,74.272,14.06,108.823,5669
17/13:15:53,9.64,2.88,105.14,74.195,14.06,108.834,5670
17/13:15:54,9.64,2.88,105.14,74.052,14.06,108.856,5671
17/13:15:54,9.66,2.87,105.15,74.008,14.06,108.867,5672
17/13:15:55,9.68,2.87,105.15,73.942,14.05,108.889,5673
17/13:15:56,9.62,2.87,105.15,73.942,14.05,108.9,5674
17/13:15:57,9.79,2.88,105.13,73.755,14.05,108.933,5675
17/13:15:58,9.73,2.88,105.12,73.667,14.05,108.944,5676
17/13:15:58,9.79,2.87,105.1,73.645,14.05,108.955,5677
17/13:15:59,9.81,2.87,105.1,73.623,14.05,108.966,5678
17/13:16:00,9.87,2.88,105.1,73.645,14.05,108.988,5679
17/13:16:01,9.69,2.87,105.11,73.601,14.04,108.999,5680
17/13:16:01,9.86,2.87,105.13,73.535,14.04,109.01,5681
17/13:16:02,9.8,2.86,105.12,73.425,14.04,109.021,5682
17/13:16:03,9.9,2.87,105.11,73.392,14.04,109.043,5683
17/13:16:03,9.88,2.87,105.09,73.414,14.04,109.054,5684
17/13:16:04,10.01,2.87,105.07,73.359,14.04,109.076,5685
17/13:16:05,10.28,2.87,105.03,73.337,14.04,109.087,5686
17/13:16:05,10.1,2.87,105.02,73.26,14.04,109.098,5687
17/13:16:06,10.28,2.87,105.03,73.095,14.03,109.12,5688
17/13:16:07,10.41,2.88,105.02,73.15,14.03,109.131,5689
17/13:16:07,10.33,2.86,105.03,73.073,14.03,109.142,5690
17/13:16:08,10.44,2.87,105.03,73.051,14.03,109.153,5691
17/13:16:08,10.49,2.87,105.03,72.93,14.03,109.164,5692
17/13:16:09,10.57,2.86,105.01,72.809,14.03,109.175,5693
17/13:16:10,10.62,2.87,105.0,72.721,14.03,109.186,5694
17/13:16:11,10.67,2.89,104.99,72.556,14.02,109.208,5695
17/13:16:12,10.71,2.89,104.98,72.534,14.02,109.208,5696
17/13:16:12,10.73,2.9,104.97,72.457,14.02,109.23,5697
17/13:16:13,10.8,2.9,105.0,72.457,14.02,109.241,5698
17/13:16:14,10.88,2.91,104.99,72.468,14.02,109.263,5699
17/13:16:15,10.82,2.9,104.98,72.314,14.01,109.285,5700
17/13:16:15,10.88,2.89,104.99,72.358,14.01,109.296,5701
17/13:16:16,10.83,2.89,105.0,72.336,14.01,109.307,5702
17/13:16:16,10.8,2.89,104.99,72.292,14.01,109.318,5703
17/13:16:17,10.81,2.89,104.99,72.204,14.01,109.329,5704
17/13:16:17,10.69,2.88,105.0,72.127,14.01,109.34,5705
17/13:16:18,10.79,2.88,104.99,72.171,14.01,109.351,5706
17/13:16:18,10.62,2.88,104.99,72.149,14.01,109.362,5707
17/13:16:19,10.81,2.89,104.98,72.171,14.01,109.373,5708
17/13:16:20,10.91,2.91,104.98,72.116,14.0,109.395,5709
17/13:16:20,10.98,2.92,104.96,72.083,14.0,109.406,5710
17/13:16:21,11.1,2.92,104.94,72.061,14.0,109.417,5711
17/13:16:22,11.33,2.92,104.91,72.083,14.0,109.428,5712
17/13:16:23,11.54,2.91,104.89,72.204,14.0,109.45,5713
17/13:16:23,11.55,2.91,104.87,72.171,14.0,109.45,5714
17/13:16:24,11.68,2.89,104.86,72.149,13.99,109.461,5715
17/13:16:24,11.69,2.89,104.83,72.072,13.99,109.472,5716
17/13:16:25,11.64,2.88,104.84,72.028,13.99,109.483,5717
17/13:16:25,11.76,2.88,104.85,72.149,13.99,109.494,5718
17/13:16:26,11.66,2.88,104.84,72.116,13.99,109.505,5719
17/13:16:26,11.76,2.89,104.84,72.127,13.99,109.516,5720
17/13:16:27,11.7,2.89,104.84,72.094,13.99,109.516,5721
17/13:16:27,11.75,2.89,104.85,72.116,13.99,109.527,5722
17/13:16:28,11.79,2.9,104.85,72.105,13.98,109.549,5723
17/13:16:29,11.76,2.9,104.85,72.028,13.98,109.56,5724
17/13:16:29,11.85,2.9,104.85,71.929,13.98,109.571,5725
17/13:16:30,11.89,2.9,104.84,71.852,13.98,109.593,5726
17/13:16:30,11.79,2.9,104.82,71.775,13.98,109.604,5727
17/13:16:31,11.84,2.9,104.81,71.83,13.98,109.615,5728
17/13:16:31,11.85,2.9,104.81,71.786,13.98,109.626,5729
17/13:16:32,11.88,2.89,104.8,71.797,13.97,109.637,5730
17/13:16:33,11.79,2.87,104.8,71.786,13.97,109.659,5731
17/13:16:34,11.74,2.87,104.8,71.709,13.97,109.681,5732
17/13:16:35,11.69,2.85,104.81,71.665,13.97,109.681,5733
17/13:16:35,11.73,2.85,104.8,71.665,13.97,109.692,5734
17/13:16:36,11.69,2.85,104.81,71.665,13.96,109.703,5735
17/13:16:37,11.73,2.86,104.81,71.698,13.96,109.714,5736
17/13:16:37,11.68,2.86,104.8,71.731,13.96,109.736,5737
17/13:16:38,11.8,2.87,104.8,71.676,13.96,109.747,5738
17/13:16:39,11.74,2.88,104.79,71.522,13.96,109.769,5739
17/13:16:39,11.79,2.89,104.79,71.533,13.96,109.78,5740
17/13:16:40,11.68,2.88,104.78,71.61,13.95,109.791,5741
17/13:16:40,11.74,2.89,104.77,71.654,13.95,109.802,5742
17/13:16:42,11.65,2.89,104.8,71.577,13.95,109.824,5743
17/13:16:42,11.66,2.88,104.8,71.687,13.95,109.835,5744
17/13:16:43,11.59,2.88,104.79,71.731,13.95,109.846,5745
17/13:16:43,11.65,2.88,104.78,71.742,13.95,109.857,5746
17/13:16:44,11.62,2.88,104.79,71.731,13.94,109.868,5747
17/13:16:44,11.67,2.89,104.78,71.731,13.94,109.879,5748
17/13:16:45,11.78,2.89,104.79,71.797,13.94,109.879,5749
17/13:16:45,11.77,2.9,104.78,71.731,13.94,109.901,5750
17/13:16:46,11.83,2.9,104.75,71.72,13.94,109.901,5751
17/13:16:46,11.95,2.92,104.77,71.753,13.94,109.912,5752
17/13:16:47,11.91,2.93,104.78,71.786,13.94,109.923,5753
17/13:16:48,11.87,2.9,104.77,71.995,13.93,109.945,5754
17/13:16:48,11.84,2.89,104.77,72.039,13.93,109.956,5755
17/13:16:49,11.89,2.89,104.79,72.116,13.93,109.967,5756
17/13:16:49,11.86,2.89,104.77,72.094,13.93,109.978,5757
17/13:16:50,11.96,2.88,104.77,72.171,13.93,109.989,5758
17/13:16:50,11.98,2.88,104.75,72.226,13.93,110.0,5759
17/13:16:51,12.26,2.87,104.72,72.369,13.93,110.011,5760
17/13:16:51,12.45,2.89,104.7,72.534,13.93,110.022,5761
17/13:16:52,12.7,2.89,104.68,72.677,13.92,110.033,5762
17/13:16:53,13.28,2.87,104.61,72.963,13.92,110.055,5763
17/13:16:55,13.97,2.88,104.53,73.513,13.92,110.088,5764
17/13:16:55,14.09,2.87,104.52,73.667,13.91,110.099,5765
17/13:16:56,14.19,2.86,104.51,73.788,13.91,110.11,5766
17/13:16:56,14.14,2.87,104.5,73.986,13.91,110.121,5767
17/13:16:57,14.21,2.88,104.49,74.195,13.91,110.132,5768
17/13:16:57,14.2,2.89,104.49,74.382,13.91,110.143,5769
17/13:16:58,14.17,2.89,104.48,74.569,13.91,110.154,5770
17/13:16:58,14.25,2.89,104.47,74.679,13.9,110.165,5771
17/13:16:59,14.13,2.88,104.48,74.811,13.9,110.176,5772
17/13:16:59,14.13,2.89,104.48,74.899,13.9,110.187,5773
17/13:17:00,14.13,2.89,104.47,75.053,13.9,110.198,5774
17/13:17:00,14.21,2.88,104.47,75.229,13.9,110.209,5775
17/13:17:01,14.1,2.87,104.47,75.35,13.9,110.22,5776
17/13:17:01,14.24,2.88,104.46,75.46,13.89,110.231,5777
17/13:17:03,14.03,2.88,104.43,75.878,13.89,110.253,5778
17/13:17:03,14.14,2.89,104.43,75.955,13.89,110.264,5779
17/13:17:04,14.25,2.88,104.43,76.098,13.89,110.275,5780
17/13:17:04,14.19,2.88,104.42,76.285,13.89,110.286,5781
17/13:17:05,14.18,2.89,104.41,76.45,13.88,110.297,5782
17/13:17:05,14.08,2.89,104.43,76.615,13.88,110.308,5783
17/13:17:06,14.18,2.88,104.43,76.791,13.88,110.308,5784
17/13:17:06,14.28,2.89,104.44,77.022,13.88,110.33,5785
17/13:17:07,14.38,2.89,104.42,77.209,13.88,110.341,5786
17/13:17:07,14.27,2.89,104.42,77.352,13.88,110.352,5787
17/13:17:08,14.03,2.9,104.42,77.418,13.87,110.363,5788
17/13:17:08,13.96,2.89,104.43,77.594,13.87,110.374,5789
17/13:17:09,14.21,2.88,104.44,77.803,13.87,110.385,5790
17/13:17:09,14.39,2.88,104.44,77.935,13.87,110.396,5791
17/13:17:10,14.39,2.87,104.43,78.111,13.87,110.407,5792
17/13:17:10,14.44,2.88,104.4,78.287,13.87,110.418,5793
17/13:17:11,14.55,2.88,104.42,78.474,13.86,110.429,5794
17/13:17:12,14.85,2.87,104.39,78.793,13.86,110.451,5795
17/13:17:13,15.01,2.86,104.38,78.936,13.86,110.462,5796
17/13:17:13,14.77,2.86,104.39,79.123,13.86,110.473,5797
17/13:17:14,14.43,2.88,104.41,79.266,13.86,110.484,5798
17/13:17:15,13.79,2.87,104.5,79.574,13.85,110.517,5799
17/13:17:16,13.45,2.87,104.57,79.871,13.85,110.539,5800
17/13:17:17,12.82,2.73,104.66,80.014,13.85,110.561,5801
17/13:17:17,12.28,2.6,104.71,80.047,13.84,110.572,5802
17/13:17:18,11.64,2.46,104.76,80.091,13.84,110.583,5803
17/13:17:18,10.96,2.34,104.81,80.256,13.84,110.594,5804
17/13:17:19,10.45,2.26,104.84,80.377,13.84,110.605,5805
17/13:17:20,9.6,2.24,104.86,80.443,13.84,110.616,5806
17/13:17:20,9.36,2.28,104.86,80.498,13.84,110.627,5807
17/13:17:21,9.4,2.42,104.83,80.63,13.84,110.649,5808
17/13:17:22,9.66,2.54,104.79,80.839,13.84,110.66,5809
17/13:17:22,10.05,2.67,104.75,80.96,13.83,110.671,5810
17/13:17:23,10.61,2.82,104.73,80.927,13.83,110.682,5811
17/13:17:23,10.86,2.84,104.72,80.982,13.83,110.693,5812
17/13:17:24,10.88,2.85,104.76,81.268,13.83,110.726,5813
17/13:17:25,10.81,2.86,104.79,81.433,13.83,110.737,5814
17/13:17:25,10.74,2.87,104.8,81.477,13.83,110.748,5815
17/13:17:26,10.45,2.87,104.8,81.51,13.83,110.759,5816
17/13:17:26,10.15,2.87,104.8,81.543,13.82,110.77,5817
17/13:17:27,9.9,2.87,104.83,81.686,13.82,110.792,5818
17/13:17:28,9.75,2.87,104.83,81.708,13.82,110.803,5819
17/13:17:28,9.56,2.87,104.82,81.818,13.82,110.814,5820
17/13:17:29,9.65,2.87,104.83,81.972,13.82,110.825,5821
17/13:17:29,9.82,2.87,104.82,82.049,13.82,110.836,5822
17/13:17:30,9.87,2.86,104.82,82.016,13.82,110.858,5823
17/13:17:31,9.66,2.86,104.82,82.324,13.82,110.88,5824
17/13:17:31,9.67,2.86,104.81,82.379,13.81,110.891,5825
17/13:17:32,10.04,2.86,104.84,82.357,13.81,110.902,5826
17/13:17:33,10.15,2.87,104.84,82.467,13.81,110.924,5827
17/13:17:33,9.94,2.87,104.86,82.577,13.81,110.935,5828
17/13:17:34,10.04,2.87,104.86,82.72,13.81,110.946,5829
17/13:17:35,10.19,2.87,104.87,82.841,13.81,110.957,5830
17/13:17:35,10.19,2.87,104.87,82.929,13.81,110.968,5831
17/13:17:36,9.85,2.87,104.88,83.006,13.81,110.979,5832
17/13:17:37,9.21,2.86,104.92,83.171,13.8,111.023,5833
17/13:17:38,8.9,2.86,104.96,83.182,13.8,111.034,5834
17/13:17:39,8.5,2.86,104.98,83.27,13.8,111.045,5835
17/13:17:40,7.38,2.7,105.09,83.369,13.8,111.078,5836
17/13:17:40,7.03,2.59,105.15,83.391,13.8,111.089,5837
17/13:17:41,5.76,2.32,105.24,83.38,13.8,111.122,5838
17/13:17:42,5.8,2.28,105.26,83.38,13.8,111.133,5839
17/13:17:44,5.62,2.31,105.28,83.501,13.8,111.166,5840
17/13:17:44,5.97,2.45,105.24,83.545,13.79,111.177,5841
17/13:17:45,6.61,2.7,105.18,83.655,13.79,111.21,5842
17/13:17:46,6.82,2.84,105.11,83.688,13.79,111.232,5843
17/13:17:47,6.99,2.85,105.16,83.809,13.79,111.254,5844
17/13:17:48,6.94,2.84,105.15,83.82,13.79,111.265,5845
17/13:17:48,7.06,2.85,105.15,83.798,13.79,111.276,5846
17/13:17:49,7.08,2.85,105.15,83.82,13.79,111.287,5847
17/13:17:49,7.14,2.85,105.16,83.831,13.79,111.298,5848
17/13:17:50,7.14,2.84,105.18,83.908,13.79,111.331,5849
17/13:17:52,7.11,2.83,105.16,83.754,13.79,111.353,5850
17/13:17:52,7.12,2.84,105.16,83.908,13.79,111.375,5851
17/13:17:54,6.89,2.83,105.15,83.842,13.78,111.397,5852
17/13:17:54,6.92,2.83,105.17,83.798,13.78,111.408,5853
17/13:17:55,6.63,2.83,105.21,83.798,13.78,111.43,5854
17/13:17:55,6.3,2.83,105.24,83.732,13.78,111.441,5855
17/13:17:56,6.31,2.83,105.26,83.655,13.78,111.452,5856
17/13:17:56,5.92,2.84,105.28,83.501,13.78,111.463,5857
17/13:17:57,5.63,2.84,105.34,83.468,13.78,111.485,5858
17/13:17:58,5.35,2.84,105.38,83.358,13.78,111.496,5859
17/13:17:59,5.12,2.84,105.36,83.336,13.78,111.518,5860
17/13:18:00,5.04,2.84,105.39,83.292,13.78,111.551,5861
17/13:18:01,5.02,2.83,105.4,83.259,13.78,111.562,5862
17/13:18:02,5.02,2.83,105.44,83.171,13.78,111.584,5863
17/13:18:03,5.1,2.82,105.44,82.951,13.78,111.606,5864
17/13:18:03,5.07,2.82,105.44,82.885,13.78,111.617,5865
17/13:18:04,4.99,2.82,105.44,82.852,13.78,111.628,5866
17/13:18:05,5.33,2.82,105.4,82.654,13.78,111.661,5867
17/13:18:05,5.13,2.82,105.4,82.544,13.77,111.672,5868
17/13:18:07,5.51,2.81,105.41,82.357,13.77,111.705,5869
17/13:18:08,5.27,2.81,105.4,82.302,13.77,111.716,5870
17/13:18:08,5.01,2.81,105.41,82.324,13.77,111.727,5871
17/13:18:09,4.94,2.8,105.41,82.115,13.77,111.76,5872
17/13:18:10,4.89,2.8,105.42,82.049,13.77,111.771,5873
17/13:18:10,4.95,2.8,105.44,81.939,13.77,111.782,5874
17/13:18:11,4.88,2.8,105.45,81.785,13.77,111.804,5875
17/13:18:11,4.83,2.79,105.46,81.653,13.77,111.815,5876
17/13:18:12,4.88,2.79,105.46,81.631,13.77,111.826,5877
17/13:18:13,5.02,2.8,105.46,81.763,13.77,111.837,5878
17/13:18:13,5.34,2.8,105.47,81.741,13.77,111.848,5879
17/13:18:14,5.37,2.8,105.47,81.609,13.77,111.859,5880
17/13:18:14,5.11,2.8,105.47,81.488,13.77,111.87,5881
17/13:18:15,4.85,2.81,105.45,81.466,13.77,111.881,5882
17/13:18:15,4.89,2.81,105.45,81.422,13.77,111.892,5883
17/13:18:16,5.11,2.82,105.45,81.312,13.77,111.903,5884
17/13:18:16,5.34,2.82,105.44,81.246,13.77,111.914,5885
17/13:18:17,5.39,2.83,105.45,81.18,13.77,111.925,5886
17/13:18:17,5.11,2.83,105.45,81.169,13.77,111.947,5887
17/13:18:18,5.07,2.83,105.45,81.114,13.77,111.958,5888
17/13:18:18,5.07,2.83,105.47,81.004,13.77,111.969,5889
17/13:18:19,5.05,2.83,105.47,80.949,13.77,111.98,5890
17/13:18:20,4.98,2.82,105.47,80.883,13.77,112.002,5891
17/13:18:21,5.12,2.83,105.47,80.63,13.76,112.024,5892
17/13:18:22,5.38,2.83,105.47,80.509,13.76,112.035,5893
17/13:18:22,5.41,2.83,105.47,80.344,13.76,112.046,5894
17/13:18:23,5.45,2.83,105.46,80.212,13.76,112.057,5895
17/13:18:23,5.5,2.83,105.47,80.146,13.76,112.068,5896
17/13:18:24,5.41,2.83,105.48,80.102,13.76,112.079,5897
17/13:18:24,5.21,2.84,105.48,80.025,13.76,112.101,5898
17/13:18:25,5.15,2.84,105.48,79.893,13.76,112.112,5899
17/13:18:26,5.4,2.83,105.49,79.772,13.76,112.134,5900
17/13:18:27,6.06,2.83,105.47,79.629,13.76,112.156,5901
17/13:18:27,6.31,2.83,105.47,79.563,13.76,112.167,5902
17/13:18:29,6.59,2.83,105.5,79.42,13.76,112.189,5903
17/13:18:29,6.44,2.83,105.51,79.288,13.76,112.2,5904
17/13:18:29,6.23,2.84,105.5,79.277,13.76,112.211,5905
17/13:18:30,6.18,2.83,105.49,79.277,13.76,112.222,5906
17/13:18:30,6.02,2.84,105.48,79.123,13.76,112.233,5907
17/13:18:31,5.92,2.85,105.49,78.969,13.76,112.255,5908
17/13:18:32,5.87,2.85,105.48,78.881,13.76,112.266,5909
17/13:18:33,5.71,2.85,105.47,78.727,13.75,112.277,5910
17/13:18:34,5.79,2.85,105.51,78.309,13.75,112.321,5911
17/13:18:35,5.76,2.86,105.52,78.265,13.75,112.332,5912
17/13:18:35,5.67,2.85,105.51,78.166,13.75,112.343,5913
17/13:18:36,5.5,2.85,105.52,77.869,13.75,112.365,5914
17/13:18:37,5.56,2.85,105.51,77.715,13.75,112.376,5915
17/13:18:37,5.4,2.84,105.51,77.495,13.75,112.387,5916
17/13:18:38,5.21,2.84,105.52,77.286,13.75,112.398,5917
17/13:18:38,5.04,2.83,105.51,77.176,13.75,112.409,5918
17/13:18:39,4.75,2.83,105.51,76.835,13.75,112.431,5919
17/13:18:40,4.94,2.83,105.5,76.736,13.75,112.442,5920
17/13:18:41,5.08,2.83,105.49,76.637,13.75,112.453,5921
17/13:18:41,5.18,2.83,105.5,76.461,13.75,112.464,5922
17/13:18:41,5.43,2.83,105.5,76.296,13.75,112.475,5923
17/13:18:42,5.56,2.83,105.49,76.175,13.75,112.486,5924
17/13:18:42,5.49,2.84,105.49,76.12,13.75,112.497,5925
17/13:18:43,5.48,2.84,105.51,75.933,13.75,112.508,5926
17/13:18:43,5.52,2.84,105.52,75.757,13.75,112.508,5927
17/13:18:44,5.25,2.84,105.52,75.735,13.75,112.53,5928
17/13:18:45,5.14,2.83,105.52,75.658,13.75,112.541,5929
17/13:18:46,5.13,2.84,105.51,75.416,13.75,112.563,5930
17/13:18:46,4.91,2.84,105.52,75.317,13.75,112.574,5931
17/13:18:47,5.09,2.84,105.51,75.196,13.74,112.585,5932
17/13:18:48,5.0,2.84,105.49,75.097,13.74,112.607,5933
17/13:18:48,5.22,2.84,105.51,74.932,13.74,112.618,5934
17/13:18:49,5.24,2.84,105.5,74.745,13.74,112.629,5935
17/13:18:49,5.11,2.84,105.52,74.547,13.74,112.64,5936
17/13:18:50,5.3,2.84,105.54,74.283,13.74,112.662,5937
17/13:18:52,5.27,2.84,105.55,74.03,13.74,112.684,5938
17/13:18:52,5.19,2.84,105.52,73.821,13.74,112.695,5939
17/13:18:53,5.25,2.84,105.5,73.293,13.74,112.728,5940
17/13:18:54,5.26,2.83,105.48,73.128,13.74,112.739,5941
17/13:18:55,5.15,2.83,105.49,72.93,13.74,112.75,5942
17/13:18:56,5.25,2.83,105.5,72.622,13.74,112.772,5943
17/13:18:56,5.3,2.83,105.51,72.413,13.74,112.783,5944
17/13:18:57,5.27,2.83,105.52,72.204,13.74,112.794,5945
17/13:18:57,5.15,2.82,105.54,72.072,13.74,112.805,5946
17/13:18:58,5.27,2.83,105.54,71.874,13.74,112.805,5947
17/13:18:58,5.23,2.83,105.53,71.643,13.74,112.816,5948
17/13:18:59,5.21,2.83,105.52,71.533,13.74,112.816,5949
17/13:18:59,5.18,2.83,105.52,71.335,13.74,112.827,5950
17/13:19:00,5.1,2.83,105.5,71.115,13.74,112.849,5951
17/13:19:01,5.22,2.83,105.51,70.763,13.74,112.871,5952
17/13:19:01,5.19,2.83,105.5,70.587,13.73,112.882,5953
17/13:19:02,5.15,2.82,105.5,70.422,13.73,112.893,5954
17/13:19:03,5.2,2.82,105.52,70.015,13.73,112.915,5955
17/13:19:04,5.11,2.82,105.52,69.883,13.73,112.926,5956
17/13:19:04,5.22,2.82,105.54,69.696,13.73,112.937,5957
17/13:19:05,5.12,2.82,105.54,69.498,13.73,112.948,5958
17/13:19:05,5.02,2.82,105.54,69.333,13.73,112.959,5959
17/13:19:06,5.11,2.82,105.55,69.168,13.73,112.97,5960
17/13:19:06,5.13,2.83,105.55,68.992,13.73,112.97,5961
17/13:19:07,5.17,2.83,105.55,68.783,13.73,112.981,5962
17/13:19:08,5.18,2.83,105.56,68.497,13.73,113.003,5963
17/13:19:08,5.16,2.83,105.56,68.266,13.73,113.014,5964
17/13:19:09,5.22,2.84,105.56,68.079,13.73,113.025,5965
17/13:19:09,5.31,2.83,105.56,67.87,13.73,113.036,5966
17/13:19:10,5.32,2.83,105.56,67.683,13.73,113.047,5967
17/13:19:11,5.21,2.83,105.55,67.496,13.73,113.058,5968
17/13:19:11,5.2,2.82,105.54,67.353,13.73,113.069,5969
17/13:19:12,5.2,2.83,105.53,67.155,13.73,113.069,5970
17/13:19:12,5.15,2.83,105.53,66.946,13.73,113.08,5971
17/13:19:13,5.15,2.82,105.52,66.858,13.73,113.091,5972
17/13:19:13,5.16,2.82,105.52,66.836,13.73,113.102,5973
17/13:19:14,5.16,2.82,105.51,66.704,13.73,113.113,5974
17/13:19:14,5.15,2.82,105.51,66.539,13.73,113.124,5975
17/13:19:15,5.19,2.81,105.53,66.429,13.73,113.135,5976
17/13:19:15,5.19,2.82,105.52,66.22,13.73,113.146,5977
17/13:19:16,5.19,2.82,105.53,65.989,13.73,113.157,5978
17/13:19:17,5.24,2.83,105.53,65.725,13.72,113.168,5979
17/13:19:17,5.21,2.83,105.53,65.593,13.72,113.179,5980
17/13:19:18,5.18,2.83,105.55,65.483,13.72,113.19,5981
17/13:19:18,5.2,2.84,105.56,65.373,13.72,113.201,5982
17/13:19:19,5.19,2.85,105.56,65.208,13.72,113.212,5983
17/13:19:19,5.13,2.85,105.56,65.076,13.72,113.223,5984
17/13:19:20,5.2,2.85,105.56,64.933,13.72,113.234,5985
17/13:19:20,5.21,2.86,105.56,64.79,13.72,113.234,5986
17/13:19:21,5.35,2.86,105.54,64.658,13.72,113.245,5987
17/13:19:22,5.84,2.88,105.5,64.504,13.72,113.267,5988
17/13:19:23,6.3,2.87,105.44,64.251,13.72,113.289,5989
17/13:19:24,6.55,2.88,105.42,64.416,13.72,113.3,5990
17/13:19:24,6.77,2.88,105.39,64.57,13.72,113.3,5991
17/13:19:25,6.97,2.88,105.37,64.57,13.72,113.311,5992
17/13:19:26,7.17,2.88,105.36,64.823,13.72,113.333,5993
17/13:19:26,7.32,2.86,105.33,64.933,13.72,113.344,5994
17/13:19:27,7.44,2.86,105.3,65.043,13.72,113.355,5995
17/13:19:27,7.62,2.85,105.28,65.186,13.72,113.366,5996
17/13:19:29,7.98,2.84,105.22,65.516,13.71,113.388,5997
17/13:19:31,8.17,2.84,105.18,65.648,13.71,113.421,5998
17/13:19:31,8.13,2.85,105.19,65.901,13.71,113.432,5999
17/13:19:32,8.07,2.85,105.2,66.011,13.71,113.432,6000
17/13:19:33,8.11,2.86,105.2,66.077,13.71,113.454,6001
17/13:19:33,7.99,2.87,105.2,66.154,13.71,113.465,6002
17/13:19:34,7.97,2.86,105.19,66.209,13.71,113.476,6003
17/13:19:34,7.99,2.86,105.2,66.187,13.71,113.487,6004
17/13:19:35,7.97,2.85,105.2,66.286,13.7,113.498,6005
17/13:19:35,8.01,2.85,105.21,66.385,13.7,113.509,6006
17/13:19:36,8.08,2.86,105.21,66.473,13.7,113.52,6007
17/13:19:36,8.06,2.85,105.22,66.451,13.7,113.52,6008
17/13:19:37,8.14,2.83,105.21,66.484,13.7,113.531,6009
17/13:19:37,8.32,2.83,105.21,66.517,13.7,113.542,6010
17/13:19:38,8.41,2.83,105.19,66.572,13.7,113.553,6011
17/13:19:38,8.54,2.82,105.19,66.649,13.7,113.564,6012
17/13:19:39,8.66,2.82,105.17,66.77,13.7,113.575,6013
17/13:19:40,8.92,2.81,105.13,66.99,13.7,113.597,6014
17/13:19:40,9.05,2.81,105.1,67.001,13.7,113.608,6015
17/13:19:41,9.13,2.81,105.09,67.023,13.69,113.608,6016
17/13:19:41,9.17,2.81,105.08,67.089,13.69,113.608,6017
17/13:19:42,9.28,2.81,105.07,67.199,13.69,113.63,6018
17/13:19:42,9.4,2.82,105.06,67.254,13.69,113.641,6019
17/13:19:43,9.52,2.81,105.05,67.386,13.69,113.652,6020
17/13:19:44,9.63,2.81,105.04,67.397,13.69,113.663,6021
17/13:19:44,9.71,2.8,105.04,67.573,13.69,113.674,6022
17/13:19:45,9.85,2.8,105.02,67.749,13.69,113.685,6023
17/13:19:45,9.98,2.8,105.01,67.804,13.69,113.696,6024
17/13:19:46,10.08,2.8,104.99,67.881,13.69,113.696,6025
17/13:19:46,10.17,2.79,104.97,68.002,13.68,113.707,6026
17/13:19:47,10.2,2.8,104.97,68.079,13.68,113.718,6027
17/13:19:47,10.22,2.8,104.96,68.2,13.68,113.729,6028
17/13:19:48,10.23,2.8,104.96,68.365,13.68,113.74,6029
17/13:19:48,10.22,2.8,104.96,68.508,13.68,113.751,6030
17/13:19:49,10.24,2.81,104.94,68.629,13.68,113.762,6031
17/13:19:49,10.28,2.81,104.94,68.739,13.68,113.773,6032
17/13:19:50,10.28,2.8,104.95,68.849,13.68,113.784,6033
17/13:19:50,10.25,2.81,104.95,68.97,13.68,113.795,6034
17/13:19:51,10.28,2.82,104.95,69.091,13.67,113.806,6035
17/13:19:52,10.28,2.81,104.95,69.168,13.67,113.806,6036
17/13:19:52,10.22,2.81,104.93,69.223,13.67,113.817,6037
17/13:19:53,10.22,2.82,104.93,69.421,13.67,113.828,6038
17/13:19:53,10.22,2.82,104.93,69.729,13.67,113.839,6039
17/13:19:54,10.22,2.81,104.92,69.85,13.67,113.85,6040
17/13:19:54,10.23,2.82,104.93,69.905,13.67,113.861,6041
17/13:19:55,10.17,2.81,104.91,70.026,13.67,113.872,6042
17/13:19:55,10.18,2.82,104.9,70.213,13.67,113.883,6043
17/13:19:56,10.14,2.82,104.89,70.312,13.66,113.894,6044
17/13:19:56,10.12,2.82,104.89,70.4,13.66,113.905,6045
17/13:19:57,10.14,2.82,104.89,70.532,13.66,113.916,6046
17/13:19:58,10.12,2.81,104.89,70.631,13.66,113.927,6047
17/13:19:58,10.18,2.81,104.87,70.708,13.66,113.949,6048
17/13:19:59,10.25,2.82,104.88,70.84,13.66,113.949,6049
17/13:19:59,10.24,2.82,104.87,71.049,13.66,113.96,6050
17/13:20:00,10.15,2.82,104.87,71.159,13.66,113.971,6051
17/13:20:01,10.24,2.83,104.88,71.39,13.65,113.993,6052
17/13:20:02,10.13,2.83,104.88,71.544,13.65,114.004,6053
17/13:20:02,10.18,2.83,104.9,71.665,13.65,114.015,6054
17/13:20:03,10.28,2.83,104.88,71.885,13.65,114.026,6055
17/13:20:03,10.22,2.83,104.89,71.995,13.65,114.037,6056
17/13:20:04,10.28,2.82,104.9,72.028,13.65,114.048,6057
17/13:20:04,10.21,2.82,104.9,72.094,13.65,114.059,6058
17/13:20:05,10.28,2.82,104.9,72.259,13.65,114.07,6059
17/13:20:05,10.17,2.82,104.9,72.292,13.65,114.081,6060
17/13:20:06,10.16,2.83,104.89,72.336,13.64,114.092,6061
17/13:20:06,10.3,2.82,104.9,72.457,13.64,114.103,6062
17/13:20:07,10.2,2.82,104.9,72.688,13.64,114.125,6063
17/13:20:08,10.18,2.82,104.89,72.721,13.64,114.136,6064
17/13:20:08,10.22,2.83,104.89,72.831,13.64,114.147,6065
17/13:20:09,10.27,2.83,104.88,72.908,13.64,114.158,6066
17/13:20:09,10.25,2.82,104.87,72.996,13.64,114.158,6067
17/13:20:10,10.2,2.82,104.86,73.073,13.64,114.18,6068
17/13:20:10,10.06,2.83,104.85,73.216,13.63,114.18,6069
17/13:20:11,10.17,2.83,104.85,73.326,13.63,114.191,6070
17/13:20:12,10.12,2.83,104.84,73.403,13.63,114.202,6071
17/13:20:12,10.17,2.84,104.84,73.502,13.63,114.213,6072
17/13:20:13,10.07,2.83,104.84,73.59,13.63,114.224,6073
17/13:20:13,10.05,2.83,104.84,73.722,13.63,114.235,6074
17/13:20:14,10.1,2.83,104.85,73.854,13.63,114.246,6075
17/13:20:14,10.04,2.83,104.85,73.942,13.63,114.257,6076
17/13:20:15,10.27,2.83,104.84,74.008,13.63,114.268,6077
17/13:20:15,10.06,2.82,104.85,74.041,13.62,114.279,6078
17/13:20:16,10.15,2.82,104.83,74.151,13.62,114.29,6079
17/13:20:16,10.0,2.81,104.83,74.217,13.62,114.301,6080
17/13:20:17,10.0,2.83,104.81,74.514,13.62,114.323,6081
17/13:20:18,10.17,2.83,104.82,74.525,13.62,114.334,6082
17/13:20:18,10.11,2.83,104.84,74.558,13.62,114.345,6083
17/13:20:20,10.06,2.84,104.83,74.877,13.62,114.378,6084
17/13:20:21,10.31,2.84,104.84,74.91,13.61,114.389,6085
17/13:20:21,10.17,2.83,104.84,74.866,13.61,114.4,6086
17/13:20:21,10.28,2.84,104.84,74.855,13.61,114.411,6087
17/13:20:22,10.26,2.84,104.84,74.91,13.61,114.422,6088
17/13:20:22,10.2,2.84,104.83,74.987,13.61,114.433,6089
17/13:20:23,10.16,2.84,104.82,74.987,13.61,114.444,6090
17/13:20:24,10.25,2.84,104.83,75.086,13.61,114.455,6091
17/13:20:24,10.33,2.85,104.82,75.229,13.61,114.466,6092
17/13:20:25,10.12,2.85,104.84,75.273,13.61,114.477,6093
17/13:20:25,10.38,2.85,104.83,75.273,13.6,114.488,6094
17/13:20:26,10.3,2.84,104.84,75.372,13.6,114.499,6095
17/13:20:26,10.22,2.84,104.83,75.427,13.6,114.51,6096
17/13:20:27,10.34,2.84,104.84,75.482,13.6,114.521,6097
17/13:20:27,10.22,2.84,104.84,75.471,13.6,114.532,6098
17/13:20:28,10.26,2.84,104.84,75.603,13.6,114.554,6099
17/13:20:29,10.12,2.85,104.83,75.647,13.6,114.576,6100
17/13:20:30,10.23,2.85,104.82,75.669,13.59,114.587,6101
17/13:20:30,10.1,2.85,104.83,75.768,13.59,114.598,6102
17/13:20:31,10.06,2.86,104.83,75.735,13.59,114.609,6103
17/13:20:31,10.13,2.86,104.82,75.735,13.59,114.62,6104
17/13:20:32,9.87,2.86,104.81,75.79,13.59,114.631,6105
17/13:20:33,10.08,2.86,104.79,75.779,13.59,114.653,6106
17/13:20:34,9.97,2.86,104.79,75.735,13.59,114.675,6107
17/13:20:34,9.94,2.86,104.78,75.757,13.58,114.686,6108
17/13:20:35,10.03,2.86,104.79,75.691,13.58,114.697,6109
17/13:20:36,10.2,2.86,104.79,75.68,13.58,114.708,6110
17/13:20:37,10.16,2.86,104.79,75.603,13.58,114.73,6111
17/13:20:37,10.3,2.86,104.78,75.647,13.58,114.741,6112
17/13:20:38,10.19,2.85,104.78,75.537,13.58,114.763,6113
17/13:20:39,10.42,2.85,104.76,75.493,13.58,114.774,6114
17/13:20:39,10.16,2.84,104.76,75.559,13.58,114.785,6115
17/13:20:40,10.09,2.84,104.77,75.68,13.57,114.796,6116
17/13:20:41,10.17,2.84,104.76,75.614,13.57,114.818,6117
17/13:20:41,10.06,2.83,104.76,75.504,13.57,114.829,6118
17/13:20:42,10.1,2.84,104.76,75.306,13.57,114.84,6119
17/13:20:42,10.23,2.84,104.76,75.24,13.57,114.851,6120
17/13:20:43,10.07,2.85,104.77,75.196,13.57,114.862,6121
17/13:20:44,10.05,2.86,104.78,75.13,13.57,114.873,6122
17/13:20:44,10.25,2.87,104.79,75.13,13.56,114.895,6123
17/13:20:45,10.09,2.87,104.79,75.075,13.56,114.906,6124
17/13:20:46,10.25,2.87,104.78,74.877,13.56,114.928,6125
17/13:20:47,10.01,2.87,104.78,74.932,13.56,114.939,6126
17/13:20:47,10.1,2.87,104.78,74.888,13.56,114.95,6127
17/13:20:48,10.17,2.86,104.77,74.822,13.56,114.961,6128
17/13:20:48,9.94,2.85,104.77,74.745,13.56,114.972,6129
17/13:20:49,10.1,2.86,104.78,74.778,13.56,114.983,6130
17/13:20:49,10.12,2.87,104.77,74.789,13.55,114.994,6131
17/13:20:50,9.94,2.87,104.77,74.789,13.55,115.005,6132
17/13:20:51,10.08,2.88,104.79,74.778,13.55,115.016,6133
17/13:20:51,10.08,2.87,104.8,74.635,13.55,115.027,6134
17/13:20:52,10.11,2.88,104.81,74.657,13.55,115.049,6135
17/13:20:52,10.04,2.88,104.81,74.723,13.55,115.06,6136
17/13:20:54,10.08,2.88,104.78,74.789,13.55,115.082,6137
17/13:20:55,10.16,2.87,104.77,74.767,13.54,115.104,6138
17/13:20:55,10.22,2.87,104.76,74.811,13.54,115.115,6139
17/13:20:56,10.12,2.87,104.77,74.877,13.54,115.126,6140
17/13:20:56,10.18,2.86,104.78,74.866,13.54,115.137,6141
17/13:20:57,10.19,2.85,104.76,74.866,13.54,115.148,6142
17/13:20:58,10.19,2.85,104.78,74.811,13.54,115.159,6143
17/13:20:58,10.18,2.86,104.79,74.756,13.54,115.181,6144
17/13:20:59,10.12,2.85,104.78,74.789,13.54,115.192,6145
17/13:20:59,10.11,2.85,104.77,74.767,13.53,115.203,6146
17/13:21:00,10.13,2.85,104.76,74.69,13.53,115.214,6147
17/13:21:00,10.1,2.85,104.76,74.613,13.53,115.225,6148
17/13:21:01,10.34,2.86,104.75,74.602,13.53,115.236,6149
17/13:21:01,10.17,2.85,104.74,74.525,13.53,115.247,6150
17/13:21:02,10.24,2.85,104.76,74.448,13.53,115.258,6151
17/13:21:03,10.13,2.84,104.76,74.415,13.53,115.28,6152
17/13:21:04,10.28,2.84,104.76,74.481,13.53,115.291,6153
17/13:21:04,10.16,2.85,104.76,74.448,13.52,115.313,6154
17/13:21:05,10.12,2.85,104.75,74.371,13.52,115.324,6155
17/13:21:06,10.17,2.86,104.75,74.404,13.52,115.335,6156
17/13:21:06,10.08,2.86,104.73,74.459,13.52,115.346,6157
17/13:21:07,10.13,2.88,104.74,74.382,13.52,115.357,6158
17/13:21:07,10.2,2.88,104.74,74.36,13.52,115.368,6159
17/13:21:08,10.09,2.88,104.74,74.316,13.52,115.379,6160
17/13:21:09,10.15,2.88,104.72,74.437,13.51,115.401,6161
17/13:21:09,10.06,2.88,104.73,74.415,13.51,115.412,6162
17/13:21:10,10.05,2.88,104.72,74.382,13.51,115.423,6163
17/13:21:12,10.1,2.86,104.71,74.47,13.51,115.467,6164
17/13:21:12,10.08,2.86,104.72,74.393,13.51,115.478,6165
17/13:21:13,10.26,2.87,104.72,74.382,13.51,115.489,6166
17/13:21:14,10.18,2.87,104.74,74.272,13.5,115.511,6167
17/13:21:15,10.15,2.87,104.73,74.25,13.5,115.522,6168
17/13:21:15,10.05,2.88,104.73,74.261,13.5,115.533,6169
17/13:21:16,10.22,2.87,104.74,74.283,13.5,115.544,6170
17/13:21:16,10.02,2.88,104.74,74.294,13.5,115.555,6171
17/13:21:17,10.16,2.88,104.74,74.228,13.5,115.566,6172
17/13:21:18,10.06,2.88,104.74,74.085,13.5,115.577,6173
17/13:21:18,10.1,2.88,104.73,74.074,13.5,115.599,6174
17/13:21:19,10.0,2.88,104.75,74.008,13.49,115.61,6175
17/13:21:20,10.2,2.88,104.73,73.898,13.49,115.643,6176
17/13:21:21,10.09,2.88,104.74,73.766,13.49,115.654,6177
17/13:21:22,10.15,2.88,104.73,73.733,13.49,115.665,6178
17/13:21:22,10.16,2.88,104.71,73.689,13.49,115.676,6179
17/13:21:23,10.09,2.87,104.7,73.568,13.49,115.687,6180
17/13:21:23,10.16,2.87,104.71,73.535,13.49,115.698,6181
17/13:21:24,10.2,2.87,104.7,73.535,13.48,115.709,6182
17/13:21:25,10.11,2.87,104.7,73.48,13.48,115.72,6183
17/13:21:25,10.21,2.87,104.68,73.436,13.48,115.731,6184
17/13:21:26,10.15,2.86,104.68,73.381,13.48,115.742,6185
17/13:21:26,10.21,2.87,104.68,73.337,13.48,115.753,6186
17/13:21:27,10.11,2.87,104.69,73.227,13.48,115.764,6187
17/13:21:27,10.26,2.86,104.69,73.205,13.48,115.775,6188
17/13:21:28,10.11,2.86,104.69,73.172,13.48,115.786,6189
17/13:21:28,10.19,2.87,104.68,73.106,13.48,115.797,6190
17/13:21:29,10.14,2.87,104.69,73.051,13.47,115.808,6191
17/13:21:29,10.22,2.87,104.69,73.04,13.47,115.808,6192
17/13:21:30,10.12,2.87,104.68,73.04,13.47,115.83,6193
17/13:21:30,10.19,2.87,104.69,73.007,13.47,115.841,6194
17/13:21:31,10.1,2.87,104.68,72.886,13.47,115.852,6195
17/13:21:31,10.1,2.86,104.69,72.864,13.47,115.863,6196
17/13:21:32,10.14,2.86,104.69,72.82,13.47,115.874,6197
17/13:21:32,10.15,2.86,104.69,72.754,13.47,115.885,6198
17/13:21:33,10.22,2.87,104.68,72.743,13.47,115.896,6199
17/13:21:34,10.14,2.86,104.7,72.71,13.46,115.907,6200
17/13:21:34,10.26,2.87,104.71,72.589,13.46,115.918,6201
17/13:21:35,10.16,2.86,104.69,72.545,13.46,115.929,6202
17/13:21:35,10.33,2.86,104.69,72.589,13.46,115.94,6203
17/13:21:36,10.25,2.87,104.69,72.534,13.46,115.951,6204
17/13:21:36,10.24,2.87,104.68,72.369,13.46,115.962,6205
17/13:21:37,10.18,2.86,104.68,72.259,13.46,115.962,6206
17/13:21:37,10.13,2.85,104.7,72.259,13.46,115.984,6207
17/13:21:38,10.2,2.86,104.67,72.16,13.46,115.984,6208
17/13:21:38,10.05,2.84,104.68,72.116,13.45,115.995,6209
17/13:21:39,10.1,2.85,104.68,72.127,13.45,116.006,6210
17/13:21:39,10.07,2.85,104.68,72.116,13.45,116.017,6211
17/13:21:40,10.15,2.85,104.67,72.094,13.45,116.039,6212
17/13:21:41,10.15,2.86,104.65,71.962,13.45,116.061,6213
17/13:21:42,10.16,2.87,104.66,71.995,13.45,116.083,6214
17/13:21:43,10.2,2.87,104.68,72.006,13.45,116.094,6215
17/13:21:44,10.22,2.86,104.67,71.94,13.43,116.116,6216
17/13:21:45,10.22,2.86,104.66,71.918,13.43,116.127,6217
17/13:21:46,10.27,2.87,104.66,71.984,13.43,116.149,6218
17/13:21:46,10.18,2.85,104.65,72.006,13.43,116.16,6219
17/13:21:47,9.75,2.85,104.66,71.962,13.43,116.171,6220
17/13:21:47,8.51,2.85,104.79,71.808,13.43,116.182,6221
17/13:21:48,7.28,2.85,104.9,71.533,13.43,116.193,6222
17/13:21:48,6.43,2.86,105.0,71.192,13.43,116.204,6223
17/13:21:49,6.39,2.86,105.04,70.983,13.43,116.204,6224
17/13:21:49,6.43,2.86,105.04,70.917,13.42,116.215,6225
17/13:21:50,6.38,2.87,105.05,71.005,13.42,116.237,6226
17/13:21:51,6.89,2.87,105.03,70.906,13.42,116.248,6227
17/13:21:51,8.17,2.87,104.91,70.994,13.42,116.259,6228
17/13:21:52,9.47,2.87,104.81,71.071,13.42,116.27,6229
17/13:21:53,10.19,2.87,104.69,71.137,13.42,116.303,6230
17/13:21:54,10.22,2.86,104.68,71.159,13.42,116.314,6231
17/13:21:54,10.31,2.86,104.66,71.214,13.42,116.325,6232
17/13:21:55,10.4,2.87,104.65,71.313,13.42,116.336,6233
17/13:21:56,10.46,2.86,104.63,71.335,13.42,116.347,6234
17/13:21:56,10.48,2.86,104.63,71.39,13.42,116.358,6235
17/13:21:57,10.62,2.86,104.61,71.379,13.42,116.369,6236
17/13:21:57,10.67,2.86,104.6,71.412,13.42,116.38,6237
17/13:21:58,10.7,2.86,104.6,71.401,13.42,116.38,6238
17/13:21:59,10.76,2.87,104.6,71.379,13.42,116.391,6239
17/13:22:00,10.83,2.88,104.57,71.357,13.41,116.424,6240
17/13:22:00,10.84,2.88,104.57,71.401,13.41,116.435,6241
17/13:22:01,10.99,2.88,104.56,71.489,13.41,116.446,6242
17/13:22:02,11.3,2.89,104.51,71.544,13.41,116.468,6243
17/13:22:02,11.4,2.88,104.49,71.588,13.41,116.479,6244
17/13:22:03,11.61,2.86,104.47,71.72,13.41,116.49,6245
17/13:22:03,11.65,2.86,104.46,71.786,13.41,116.501,6246
17/13:22:05,11.89,2.86,104.44,72.006,13.4,116.534,6247
17/13:22:06,11.94,2.85,104.45,72.006,13.4,116.556,6248
17/13:22:07,12.05,2.86,104.47,71.951,13.4,116.567,6249
17/13:22:07,12.12,2.87,104.47,72.083,13.4,116.578,6250
17/13:22:08,12.0,2.87,104.44,72.215,13.4,116.589,6251
17/13:22:09,12.02,2.87,104.45,72.38,13.39,116.6,6252
17/13:22:09,12.09,2.88,104.45,72.479,13.39,116.611,6253
17/13:22:10,12.13,2.87,104.44,72.501,13.39,116.622,6254
17/13:22:10,12.07,2.87,104.44,72.578,13.39,116.633,6255
17/13:22:11,12.05,2.88,104.41,72.721,13.39,116.655,6256
17/13:22:12,12.01,2.88,104.42,72.787,13.38,116.666,6257
17/13:22:12,11.93,2.88,104.41,72.853,13.38,116.677,6258
17/13:22:13,11.87,2.88,104.39,73.04,13.38,116.699,6259
17/13:22:14,11.92,2.88,104.37,73.084,13.38,116.71,6260
17/13:22:15,11.86,2.87,104.39,73.172,13.38,116.732,6261
17/13:22:15,11.87,2.87,104.39,73.293,13.38,116.743,6262
17/13:22:16,11.98,2.87,104.4,73.37,13.37,116.754,6263
17/13:22:17,12.04,2.86,104.4,73.348,13.37,116.765,6264
17/13:22:17,12.04,2.86,104.4,73.414,13.37,116.776,6265
17/13:22:18,12.14,2.86,104.41,73.524,13.37,116.787,6266
17/13:22:18,12.08,2.86,104.42,73.689,13.37,116.798,6267
17/13:22:19,12.17,2.85,104.4,73.81,13.37,116.809,6268
17/13:22:19,12.09,2.85,104.39,73.788,13.37,116.82,6269
17/13:22:20,12.22,2.85,104.39,73.766,13.36,116.831,6270
17/13:22:21,12.15,2.85,104.39,73.931,13.36,116.853,6271
17/13:22:22,11.91,2.82,104.38,74.107,13.36,116.886,6272
17/13:22:23,11.93,2.82,104.38,74.184,13.36,116.897,6273
17/13:22:24,12.03,2.82,104.38,74.261,13.35,116.908,6274
17/13:22:24,12.02,2.83,104.38,74.459,13.35,116.93,6275
17/13:22:25,12.06,2.84,104.38,74.602,13.35,116.941,6276
17/13:22:26,12.04,2.85,104.39,74.723,13.35,116.952,6277
17/13:22:26,11.93,2.85,104.4,74.745,13.35,116.963,6278
17/13:22:27,11.9,2.87,104.39,74.932,13.35,116.985,6279
17/13:22:28,12.02,2.88,104.38,75.064,13.34,117.007,6280
17/13:22:30,12.05,2.87,104.37,75.394,13.34,117.04,6281
17/13:22:30,12.0,2.86,104.36,75.57,13.34,117.051,6282
17/13:22:31,12.27,2.86,104.36,75.702,13.33,117.073,6283
17/13:22:32,11.95,2.85,104.35,75.713,13.33,117.084,6284
17/13:22:33,11.89,2.84,104.35,75.999,13.33,117.117,6285
17/13:22:34,11.92,2.83,104.35,76.098,13.33,117.128,6286
17/13:22:35,11.97,2.82,104.32,76.472,13.33,117.15,6287
17/13:22:36,11.98,2.82,104.34,76.593,13.32,117.161,6288
17/13:22:36,12.15,2.81,104.34,76.67,13.32,117.172,6289
17/13:22:37,12.09,2.82,104.32,76.791,13.32,117.183,6290
17/13:22:37,12.14,2.8,104.31,76.945,13.32,117.194,6291
17/13:22:38,12.12,2.8,104.32,77.0,13.32,117.205,6292
17/13:22:38,12.12,2.8,104.32,77.044,13.32,117.216,6293
17/13:22:40,12.01,2.8,104.33,77.528,13.31,117.249,6294
17/13:22:40,11.79,2.8,104.33,77.572,13.31,117.26,6295
17/13:22:41,11.64,2.8,104.35,77.605,13.31,117.271,6296
17/13:22:42,11.85,2.8,104.34,77.858,13.31,117.293,6297
17/13:22:42,11.89,2.8,104.34,78.023,13.31,117.304,6298
17/13:22:43,12.12,2.82,104.33,78.177,13.31,117.315,6299
17/13:22:44,12.25,2.81,104.32,78.408,13.3,117.326,6300
17/13:22:44,12.17,2.81,104.32,78.551,13.3,117.337,6301
17/13:22:44,12.25,2.81,104.32,78.661,13.3,117.348,6302
17/13:22:45,12.3,2.82,104.31,78.716,13.3,117.359,6303
17/13:22:46,12.15,2.81,104.3,78.848,13.3,117.37,6304
17/13:22:46,11.9,2.81,104.3,78.936,13.3,117.381,6305
17/13:22:47,11.64,2.81,104.3,79.002,13.3,117.392,6306
17/13:22:47,11.38,2.8,104.28,79.167,13.29,117.403,6307
17/13:22:48,11.28,2.8,104.31,79.398,13.29,117.414,6308
17/13:22:49,11.22,2.8,104.33,79.783,13.29,117.447,6309
17/13:22:49,10.89,2.8,104.37,79.959,13.29,117.458,6310
17/13:22:50,10.65,2.81,104.41,80.102,13.29,117.469,6311
17/13:22:50,10.13,2.65,104.5,80.19,13.29,117.48,6312
17/13:22:51,9.6,2.5,104.57,80.223,13.29,117.491,6313
17/13:22:52,8.27,2.17,104.8,80.322,13.28,117.513,6314
17/13:22:52,7.39,2.05,104.91,80.289,13.28,117.524,6315
17/13:22:53,7.03,2.05,104.98,80.278,13.28,117.535,6316
17/13:22:53,6.97,2.05,105.04,80.212,13.28,117.546,6317
17/13:22:54,6.74,2.06,105.07,80.157,13.28,117.557,6318
17/13:22:55,6.69,2.22,105.04,80.08,13.28,117.568,6319
17/13:22:56,6.68,2.55,104.99,80.069,13.28,117.601,6320
17/13:22:57,7.16,2.84,104.83,80.179,13.28,117.623,6321
17/13:22:57,7.16,2.84,104.78,80.256,13.28,117.634,6322
17/13:22:58,6.86,2.84,104.76,80.355,13.28,117.656,6323
17/13:22:59,6.8,2.84,104.75,80.355,13.28,117.667,6324
17/13:23:00,6.56,2.84,104.76,80.245,13.27,117.689,6325
17/13:23:00,6.42,2.84,104.81,80.267,13.27,117.7,6326
17/13:23:01,6.09,2.85,104.84,80.322,13.27,117.711,6327
17/13:23:01,5.91,2.84,104.86,80.388,13.27,117.722,6328
17/13:23:03,6.56,2.85,104.9,80.498,13.27,117.755,6329
17/13:23:04,7.0,2.85,104.93,80.586,13.27,117.777,6330
17/13:23:04,6.88,2.85,104.91,80.498,13.27,117.799,6331
17/13:23:05,6.68,2.84,104.92,80.586,13.27,117.81,6332
17/13:23:06,6.52,2.84,104.93,80.718,13.27,117.821,6333
17/13:23:06,6.24,2.84,104.95,80.674,13.27,117.832,6334
17/13:23:07,5.83,2.83,104.96,80.773,13.27,117.843,6335
17/13:23:07,5.56,2.82,104.95,80.828,13.27,117.854,6336
17/13:23:08,5.41,2.82,104.97,80.784,13.27,117.865,6337
17/13:23:08,5.56,2.82,104.97,80.663,13.27,117.876,6338
17/13:23:09,5.68,2.83,105.0,80.663,13.27,117.887,6339
17/13:23:09,5.69,2.83,105.01,80.608,13.26,117.898,6340
17/13:23:10,5.64,2.84,105.03,80.553,13.26,117.909,6341
17/13:23:11,5.69,2.83,105.04,80.597,13.26,117.92,6342
17/13:23:11,5.54,2.84,105.07,80.806,13.26,117.942,6343
17/13:23:12,5.3,2.84,105.06,80.828,13.26,117.953,6344
17/13:23:12,5.18,2.84,105.06,80.795,13.26,117.975,6345
17/13:23:13,5.45,2.84,105.06,80.806,13.26,117.986,6346
17/13:23:14,5.92,2.85,105.05,80.85,13.26,118.008,6347
17/13:23:14,5.91,2.86,105.04,80.751,13.26,118.008,6348
17/13:23:15,5.99,2.86,105.04,80.685,13.26,118.03,6349
17/13:23:15,5.86,2.87,105.04,80.652,13.26,118.041,6350
17/13:23:16,5.73,2.87,105.05,80.773,13.26,118.052,6351
17/13:23:17,5.52,2.86,105.04,80.784,13.26,118.063,6352
17/13:23:17,5.21,2.86,105.03,80.795,13.26,118.074,6353
17/13:23:18,4.96,2.86,105.03,80.795,13.26,118.085,6354
17/13:23:18,4.94,2.85,105.03,80.861,13.26,118.096,6355
17/13:23:19,5.07,2.85,105.02,80.872,13.26,118.107,6356
17/13:23:19,5.11,2.84,105.04,80.817,13.26,118.118,6357
17/13:23:20,5.5,2.83,105.03,80.762,13.26,118.14,6358
17/13:23:20,5.86,2.83,105.03,80.762,13.26,118.151,6359
17/13:23:22,6.28,2.83,105.05,80.839,13.26,118.173,6360
17/13:23:22,6.73,2.84,105.07,80.861,13.25,118.195,6361
17/13:23:23,6.77,2.83,105.07,80.762,13.25,118.206,6362
17/13:23:23,6.5,2.83,105.07,80.729,13.25,118.217,6363
17/13:23:24,6.11,2.82,105.1,80.773,13.25,118.228,6364
17/13:23:25,5.83,2.82,105.07,80.795,13.25,118.239,6365
17/13:23:25,5.63,2.82,105.07,80.839,13.25,118.25,6366
17/13:23:26,5.51,2.82,105.07,80.861,13.25,118.261,6367
17/13:23:26,5.38,2.82,105.06,80.828,13.25,118.272,6368
17/13:23:26,5.41,2.83,105.06,80.773,13.25,118.294,6369
17/13:23:27,5.54,2.84,105.06,80.751,13.25,118.305,6370
17/13:23:28,5.59,2.86,105.06,80.696,13.25,118.316,6371
17/13:23:29,5.63,2.87,105.06,80.751,13.25,118.327,6372
17/13:23:30,5.8,2.87,105.07,80.784,13.25,118.36,6373
17/13:23:30,5.92,2.86,105.08,80.729,13.25,118.371,6374
17/13:23:31,5.81,2.86,105.08,80.685,13.25,118.382,6375
17/13:23:32,5.52,2.85,105.08,80.509,13.25,118.404,6376
17/13:23:32,5.53,2.83,105.09,80.487,13.25,118.415,6377
17/13:23:33,5.45,2.82,105.1,80.465,13.25,118.426,6378
17/13:23:33,5.37,2.82,105.1,80.476,13.25,118.437,6379
17/13:23:34,5.22,2.82,105.08,80.465,13.25,118.448,6380
17/13:23:35,5.0,2.82,105.09,80.531,13.24,118.47,6381
17/13:23:35,5.04,2.82,105.09,80.487,13.24,118.481,6382
17/13:23:36,5.33,2.81,105.08,80.355,13.24,118.492,6383
17/13:23:36,5.62,2.83,105.07,80.256,13.24,118.503,6384
17/13:23:37,5.81,2.84,105.06,80.135,13.24,118.514,6385
17/13:23:38,5.86,2.85,105.06,80.003,13.24,118.536,6386
17/13:23:38,5.8,2.85,105.08,80.003,13.24,118.547,6387
17/13:23:39,5.66,2.85,105.08,79.981,13.24,118.558,6388
17/13:23:39,5.35,2.85,105.08,79.948,13.24,118.569,6389
17/13:23:40,5.0,2.86,105.08,79.904,13.24,118.58,6390
17/13:23:40,4.77,2.86,105.1,79.86,13.24,118.591,6391
17/13:23:42,4.78,2.85,105.11,79.761,13.24,118.635,6392
17/13:23:42,4.84,2.85,105.11,79.706,13.24,118.646,6393
17/13:23:43,5.01,2.85,105.11,79.64,13.24,118.657,6394
17/13:23:43,5.12,2.85,105.11,79.552,13.24,118.668,6395
17/13:23:44,5.24,2.85,105.11,79.475,13.24,118.679,6396
17/13:23:45,5.45,2.84,105.11,79.42,13.24,118.69,6397
17/13:23:45,5.96,2.85,105.11,79.42,13.24,118.712,6398
17/13:23:46,6.24,2.85,105.11,79.332,13.24,118.734,6399
17/13:23:47,6.24,2.85,105.11,79.288,13.24,118.745,6400
17/13:23:48,6.24,2.85,105.1,79.134,13.24,118.756,6401
17/13:23:48,6.11,2.85,105.11,79.057,13.23,118.767,6402
17/13:23:49,6.03,2.86,105.11,78.936,13.23,118.778,6403
17/13:23:49,6.01,2.85,105.12,78.958,13.23,118.789,6404
17/13:23:50,5.91,2.85,105.11,78.892,13.23,118.8,6405
17/13:23:50,5.99,2.85,105.1,78.815,13.23,118.811,6406
17/13:23:51,6.14,2.85,105.11,78.87,13.23,118.822,6407
17/13:23:52,6.31,2.85,105.1,78.859,13.23,118.855,6408
17/13:23:52,6.36,2.85,105.09,78.716,13.23,118.866,6409
17/13:23:53,6.16,2.85,105.1,78.551,13.23,118.877,6410
17/13:23:54,6.21,2.85,105.1,78.43,13.23,118.888,6411
17/13:23:54,6.25,2.85,105.1,78.342,13.23,118.899,6412
17/13:23:56,6.19,2.84,105.1,78.199,13.23,118.943,6413
17/13:23:56,6.11,2.83,105.11,78.122,13.23,118.954,6414
17/13:23:57,6.1,2.83,105.12,77.99,13.23,118.965,6415
17/13:23:58,6.1,2.82,105.1,77.891,13.23,118.976,6416
17/13:23:58,5.98,2.82,105.1,77.88,13.23,118.987,6417
17/13:23:59,5.74,2.82,105.1,77.814,13.22,118.998,6418
17/13:24:00,5.47,2.82,105.11,77.517,13.22,119.02,6419
17/13:24:01,5.8,2.8,105.09,77.242,13.22,119.053,6420
17/13:24:02,5.73,2.81,105.1,77.088,13.22,119.064,6421
17/13:24:02,5.56,2.8,105.09,77.055,13.22,119.075,6422
17/13:24:03,5.49,2.8,105.09,76.912,13.22,119.086,6423
17/13:24:03,5.54,2.81,105.09,76.813,13.22,119.097,6424
17/13:24:04,5.85,2.81,105.09,76.747,13.22,119.108,6425
17/13:24:05,5.98,2.82,105.09,76.637,13.22,119.108,6426
17/13:24:05,5.77,2.81,105.09,76.549,13.22,119.13,6427
17/13:24:06,5.49,2.81,105.07,76.439,13.22,119.141,6428
17/13:24:06,5.59,2.82,105.08,76.263,13.22,119.152,6429
17/13:24:06,5.78,2.82,105.09,76.153,13.22,119.163,6430
17/13:24:07,5.81,2.81,105.09,76.12,13.22,119.174,6431
17/13:24:08,5.7,2.81,105.09,75.988,13.22,119.185,6432
17/13:24:08,5.55,2.81,105.09,75.812,13.22,119.196,6433
17/13:24:09,5.47,2.8,105.09,75.768,13.22,119.207,6434
17/13:24:09,5.54,2.8,105.09,75.658,13.22,119.218,6435
17/13:24:10,5.56,2.8,105.1,75.207,13.22,119.24,6436
17/13:24:11,5.44,2.81,105.1,75.031,13.22,119.251,6437
17/13:24:11,5.67,2.81,105.1,74.811,13.21,119.262,6438
17/13:24:12,5.67,2.81,105.1,74.723,13.21,119.273,6439
17/13:24:13,5.72,2.81,105.1,74.58,13.21,119.284,6440
17/13:24:13,5.93,2.82,105.11,74.459,13.21,119.295,6441
17/13:24:13,5.85,2.83,105.11,74.316,13.21,119.306,6442
17/13:24:14,5.8,2.83,105.12,74.162,13.21,119.317,6443
17/13:24:14,5.79,2.83,105.12,74.063,13.21,119.328,6444
17/13:24:15,5.85,2.84,105.13,73.975,13.21,119.339,6445
17/13:24:16,5.75,2.84,105.13,73.7,13.21,119.361,6446
17/13:24:17,5.79,2.84,105.13,73.535,13.21,119.372,6447
17/13:24:17,5.63,2.85,105.12,73.403,13.21,119.383,6448
17/13:24:18,5.8,2.84,105.13,73.315,13.21,119.394,6449
17/13:24:18,5.64,2.83,105.13,73.117,13.21,119.405,6450
17/13:24:19,5.66,2.8,105.15,72.798,13.21,119.416,6451
17/13:24:20,4.83,2.62,105.23,72.71,13.21,119.427,6452
17/13:24:20,4.17,2.47,105.32,72.501,13.21,119.449,6453
17/13:24:21,3.57,2.35,105.41,72.028,13.21,119.471,6454
17/13:24:22,3.51,2.36,105.42,71.962,13.21,119.482,6455
17/13:24:23,3.44,2.35,105.41,71.665,13.21,119.504,6456
17/13:24:24,5.24,2.74,105.24,71.368,13.21,119.537,6457
17/13:24:25,5.75,2.83,105.17,71.192,13.21,119.537,6458
17/13:24:26,5.72,2.84,105.16,71.06,13.2,119.559,6459
17/13:24:26,5.76,2.83,105.15,71.016,13.2,119.559,6460
17/13:24:27,5.73,2.84,105.13,70.939,13.2,119.57,6461
17/13:24:27,5.79,2.83,105.12,70.895,13.2,119.581,6462
17/13:24:28,5.79,2.83,105.12,70.763,13.2,119.603,6463
17/13:24:29,5.83,2.84,105.12,70.631,13.2,119.614,6464
17/13:24:29,5.83,2.84,105.11,70.565,13.2,119.625,6465
17/13:24:30,6.05,2.84,105.1,70.477,13.2,119.636,6466
17/13:24:30,6.43,2.84,105.08,70.4,13.2,119.647,6467
17/13:24:31,6.76,2.83,105.06,70.433,13.2,119.658,6468
17/13:24:31,7.26,2.85,105.02,70.499,13.2,119.669,6469
17/13:24:32,7.88,2.83,104.95,70.499,13.2,119.68,6470
17/13:24:33,9.19,2.83,104.8,70.697,13.2,119.702,6471
17/13:24:33,10.01,2.84,104.73,70.763,13.2,119.713,6472
17/13:24:34,10.6,2.84,104.66,70.84,13.2,119.713,6473
17/13:24:35,11.5,2.84,104.54,71.016,13.19,119.735,6474
17/13:24:36,12.12,2.85,104.46,71.368,13.19,119.757,6475
17/13:24:36,12.25,2.86,104.45,71.511,13.19,119.768,6476
17/13:24:37,12.3,2.86,104.42,71.654,13.19,119.779,6477
17/13:24:38,11.86,2.71,104.46,71.753,13.19,119.79,6478
17/13:24:39,10.48,2.22,104.65,72.083,13.18,119.823,6479
17/13:24:40,10.12,2.06,104.7,72.149,13.18,119.834,6480
17/13:24:40,9.52,1.91,104.76,72.16,13.18,119.845,6481
17/13:24:41,9.22,1.75,104.82,72.237,13.18,119.856,6482
17/13:24:41,8.88,1.68,104.85,72.281,13.18,119.867,6483
17/13:24:42,9.36,1.81,104.81,72.325,13.18,119.878,6484
17/13:24:43,10.34,2.14,104.68,72.523,13.17,119.9,6485
17/13:24:43,10.81,2.31,104.61,72.611,13.17,119.911,6486
17/13:24:44,11.25,2.49,104.53,72.732,13.17,119.922,6487
17/13:24:44,11.73,2.63,104.47,72.743,13.17,119.933,6488
17/13:24:45,12.13,2.82,104.4,72.754,13.17,119.944,6489
17/13:24:46,12.23,2.85,104.37,72.897,13.17,119.955,6490
17/13:24:47,12.22,2.85,104.37,72.996,13.16,119.966,6491
17/13:24:47,12.16,2.86,104.36,73.106,13.16,119.977,6492
17/13:24:48,12.26,2.87,104.36,73.304,13.16,119.988,6493
17/13:24:48,12.32,2.86,104.36,73.381,13.16,120.01,6494
17/13:24:49,12.35,2.87,104.37,73.425,13.16,120.021,6495
17/13:24:50,12.24,2.87,104.37,73.469,13.16,120.032,6496
17/13:24:50,12.36,2.86,104.37,73.535,13.16,120.043,6497
17/13:24:51,12.24,2.86,104.36,73.667,13.14,120.054,6498
17/13:24:51,12.37,2.86,104.37,73.733,13.14,120.065,6499
17/13:24:52,12.26,2.84,104.35,73.821,13.14,120.076,6500
17/13:24:52,12.2,2.84,104.35,73.898,13.14,120.087,6501
17/13:24:53,12.18,2.85,104.35,73.975,13.14,120.098,6502
17/13:24:54,12.17,2.84,104.35,74.096,13.14,120.109,6503
17/13:24:54,12.34,2.83,104.34,74.173,13.14,120.12,6504
17/13:24:56,12.25,2.81,104.32,74.349,13.14,120.153,6505
17/13:24:56,12.28,2.83,104.31,74.448,13.14,120.164,6506
17/13:24:57,12.32,2.82,104.31,74.569,13.14,120.186,6507
17/13:24:57,12.27,2.83,104.3,74.657,13.14,120.197,6508
17/13:24:58,12.33,2.83,104.28,74.712,13.13,120.208,6509
17/13:24:59,12.35,2.83,104.28,74.734,13.13,120.208,6510
17/13:24:59,12.19,2.83,104.28,74.833,13.13,120.23,6511
17/13:25:00,12.26,2.83,104.28,74.965,13.13,120.241,6512
17/13:25:00,12.28,2.81,104.3,75.053,13.13,120.252,6513
17/13:25:01,12.08,2.82,104.3,75.064,13.13,120.263,6514
17/13:25:01,12.26,2.81,104.28,75.108,13.13,120.274,6515
17/13:25:02,12.34,2.81,104.28,75.207,13.12,120.285,6516
17/13:25:02,12.12,2.81,104.28,75.273,13.12,120.296,6517
17/13:25:03,12.3,2.82,104.27,75.273,13.12,120.307,6518
17/13:25:04,12.19,2.82,104.26,75.35,13.12,120.329,6519
17/13:25:05,12.33,2.81,104.25,75.394,13.12,120.34,6520
17/13:25:05,12.18,2.82,104.23,75.592,13.11,120.362,6521
17/13:25:06,12.14,2.83,104.23,75.603,13.11,120.373,6522
17/13:25:07,12.37,2.83,104.22,75.592,13.11,120.384,6523
17/13:25:08,12.26,2.82,104.24,75.812,13.11,120.417,6524
17/13:25:09,12.32,2.83,104.24,75.944,13.11,120.428,6525
17/13:25:10,12.31,2.82,104.24,75.966,13.1,120.45,6526
17/13:25:11,12.47,2.82,104.24,76.01,13.1,120.461,6527
17/13:25:11,12.17,2.82,104.24,76.23,13.1,120.483,6528
17/13:25:12,12.17,2.83,104.24,76.23,13.1,120.494,6529
17/13:25:12,12.22,2.83,104.23,76.241,13.1,120.505,6530
17/13:25:13,12.16,2.83,104.23,76.329,13.1,120.516,6531
17/13:25:13,12.12,2.83,104.23,76.483,13.09,120.516,6532
17/13:25:14,12.06,2.83,104.24,76.56,13.09,120.527,6533
17/13:25:15,11.95,2.83,104.23,76.505,13.09,120.549,6534
17/13:25:15,12.07,2.83,104.23,76.56,13.09,120.56,6535
17/13:25:15,12.15,2.82,104.23,76.659,13.09,120.571,6536
17/13:25:16,12.21,2.82,104.23,76.791,13.09,120.582,6537
17/13:25:17,11.83,2.81,104.2,76.912,13.08,120.604,6538
17/13:25:18,11.95,2.82,104.22,77.011,13.08,120.615,6539
17/13:25:18,12.35,2.82,104.2,77.143,13.08,120.626,6540
17/13:25:19,12.44,2.82,104.19,77.341,13.08,120.637,6541
17/13:25:19,12.3,2.82,104.19,77.462,13.08,120.648,6542
17/13:25:20,12.24,2.82,104.19,77.572,13.08,120.67,6543
17/13:25:20,12.18,2.82,104.18,77.616,13.08,120.67,6544
17/13:25:21,12.23,2.82,104.19,77.693,13.07,120.681,6545
17/13:25:21,12.35,2.83,104.2,77.748,13.07,120.692,6546
17/13:25:22,12.44,2.83,104.19,77.869,13.07,120.714,6547
17/13:25:23,12.32,2.84,104.19,78.023,13.07,120.725,6548
17/13:25:23,11.95,2.84,104.19,78.254,13.07,120.747,6549
17/13:25:24,10.49,2.84,104.33,78.166,13.07,120.758,6550
17/13:25:25,8.88,2.85,104.51,77.935,13.07,120.769,6551
17/13:25:25,7.55,2.84,104.65,77.649,13.06,120.78,6552
17/13:25:26,5.72,2.83,104.8,77.363,13.06,120.791,6553
17/13:25:26,4.15,2.83,104.94,77.022,13.06,120.802,6554
17/13:25:27,1.1,2.82,105.28,76.483,13.06,120.824,6555
17/13:25:28,0.42,2.82,105.39,76.043,13.06,120.835,6556
17/13:25:28,2.09,2.82,105.28,75.845,13.06,120.846,6557
17/13:25:29,3.89,2.82,105.11,75.944,13.06,120.857,6558
17/13:25:29,5.54,2.83,104.97,75.988,13.06,120.868,6559
17/13:25:30,7.01,2.83,104.84,76.087,13.06,120.879,6560
17/13:25:30,8.38,2.83,104.68,76.164,13.06,120.89,6561
17/13:25:31,11.46,2.83,104.4,76.296,13.06,120.912,6562
17/13:25:32,12.34,2.82,104.24,76.648,13.06,120.934,6563
17/13:25:33,12.21,2.82,104.24,76.802,13.06,120.945,6564
17/13:25:33,12.14,2.82,104.23,76.956,13.06,120.956,6565
17/13:25:35,12.5,2.81,104.23,77.264,13.05,120.978,6566
17/13:25:35,12.61,2.8,104.23,77.462,13.05,120.989,6567
17/13:25:36,12.4,2.79,104.22,77.594,13.05,121.0,6568
17/13:25:36,12.21,2.8,104.22,77.737,13.05,121.011,6569
17/13:25:36,12.1,2.79,104.21,77.979,13.05,121.022,6570
17/13:25:38,12.09,2.78,104.2,78.232,13.04,121.044,6571
17/13:25:38,12.08,2.78,104.18,78.474,13.04,121.055,6572
17/13:25:39,12.07,2.79,104.18,78.716,13.04,121.066,6573
17/13:25:39,12.11,2.78,104.17,78.881,13.04,121.077,6574
17/13:25:41,12.24,2.79,104.16,79.31,13.04,121.099,6575
17/13:25:41,12.56,2.8,104.16,79.728,13.03,121.132,6576
17/13:25:42,12.6,2.79,104.16,79.904,13.03,121.143,6577
17/13:25:43,12.57,2.79,104.15,80.245,13.03,121.165,6578
17/13:25:44,12.85,2.79,104.14,80.586,13.03,121.187,6579
17/13:25:45,12.87,2.79,104.13,80.751,13.03,121.198,6580
17/13:25:45,12.83,2.78,104.13,80.927,13.02,121.209,6581
17/13:25:46,12.99,2.8,104.13,81.158,13.02,121.231,6582
17/13:25:46,12.75,2.8,104.13,81.334,13.02,121.242,6583
17/13:25:47,12.49,2.8,104.15,81.554,13.02,121.253,6584
17/13:25:47,12.39,2.8,104.15,81.807,13.02,121.275,6585
17/13:25:48,12.51,2.81,104.16,82.093,13.02,121.286,6586
17/13:25:49,12.36,2.81,104.15,82.291,13.01,121.297,6587
17/13:25:49,12.24,2.81,104.16,82.412,13.01,121.308,6588
17/13:25:50,12.08,2.81,104.16,82.698,13.01,121.308,6589
17/13:25:50,12.07,2.8,104.16,82.896,13.01,121.33,6590
17/13:25:51,12.12,2.79,104.15,83.05,13.01,121.341,6591
17/13:25:51,12.12,2.8,104.14,83.149,13.01,121.352,6592
17/13:25:52,12.09,2.79,104.14,83.38,13.01,121.363,6593
17/13:25:53,12.05,2.79,104.14,83.71,13.0,121.374,6594
17/13:25:53,12.05,2.79,104.14,83.996,13.0,121.385,6595
17/13:25:54,12.25,2.8,104.13,84.425,13.0,121.418,6596
17/13:25:55,12.02,2.8,104.13,84.557,13.0,121.429,6597
17/13:25:55,12.08,2.8,104.12,84.733,13.0,121.44,6598
17/13:25:56,12.14,2.8,104.11,85.041,12.99,121.462,6599
17/13:25:57,12.18,2.8,104.11,85.217,12.99,121.473,6600
17/13:25:57,12.21,2.81,104.1,85.316,12.99,121.484,6601
17/13:25:58,12.12,2.8,104.12,85.459,12.99,121.506,6602
17/13:25:58,12.1,2.8,104.12,85.635,12.99,121.517,6603
17/13:25:59,12.15,2.8,104.11,85.745,12.99,121.528,6604
17/13:25:59,12.14,2.81,104.11,85.899,12.99,121.539,6605
17/13:26:00,12.05,2.81,104.11,86.009,12.99,121.55,6606
17/13:26:01,11.87,2.79,104.12,86.273,12.98,121.572,6607
17/13:26:02,11.2,2.79,104.18,86.251,12.98,121.594,6608
17/13:26:02,9.88,2.8,104.31,86.075,12.98,121.616,6609
17/13:26:03,9.27,2.8,104.38,85.987,12.98,121.616,6610
17/13:26:04,8.52,2.79,104.47,85.91,12.98,121.627,6611
17/13:26:04,7.61,2.68,104.56,85.789,12.98,121.649,6612
17/13:26:05,6.01,2.51,104.7,85.701,12.98,121.66,6613
17/13:26:05,5.0,2.34,104.84,85.503,12.98,121.682,6614
17/13:26:06,4.32,2.15,104.91,85.316,12.97,121.693,6615
17/13:26:06,4.18,2.16,104.94,85.096,12.97,121.704,6616
17/13:26:07,4.0,2.15,104.94,84.975,12.97,121.715,6617
17/13:26:07,4.14,2.15,104.94,84.81,12.97,121.726,6618
17/13:26:08,4.02,2.14,104.95,84.634,12.97,121.737,6619
17/13:26:08,4.38,2.25,104.92,84.513,12.97,121.748,6620
17/13:26:09,5.03,2.43,104.86,84.293,12.97,121.759,6621
17/13:26:09,5.37,2.6,104.8,84.007,12.97,121.77,6622
17/13:26:10,5.99,2.78,104.75,83.743,12.97,121.792,6623
17/13:26:10,6.03,2.78,104.74,83.589,12.97,121.803,6624
17/13:26:11,5.94,2.79,104.75,83.314,12.97,121.814,6625
17/13:26:12,5.73,2.79,104.76,83.094,12.97,121.825,6626
17/13:26:12,5.83,2.81,104.78,82.632,12.97,121.847,6627
17/13:26:13,5.74,2.8,104.78,82.357,12.97,121.858,6628
17/13:26:13,5.81,2.8,104.78,82.192,12.97,121.869,6629
17/13:26:14,5.86,2.8,104.8,82.071,12.97,121.88,6630
17/13:26:14,5.95,2.8,104.81,81.818,12.97,121.902,6631
17/13:26:15,5.98,2.8,104.81,81.554,12.97,121.913,6632
17/13:26:15,5.87,2.8,104.8,81.323,12.97,121.924,6633
17/13:26:16,5.68,2.79,104.81,81.18,12.97,121.935,6634
17/13:26:17,5.5,2.79,104.81,80.883,12.97,121.946,6635
17/13:26:17,5.67,2.8,104.82,80.542,12.97,121.957,6636
17/13:26:18,6.0,2.8,104.84,79.992,12.96,121.979,6637
17/13:26:19,6.04,2.8,104.83,79.684,12.96,121.99,6638
17/13:26:19,6.4,2.79,104.84,79.398,12.96,122.001,6639
17/13:26:20,6.75,2.8,104.85,79.123,12.96,122.012,6640
17/13:26:20,7.08,2.81,104.84,78.837,12.96,122.023,6641
17/13:26:21,7.45,2.81,104.82,78.573,12.96,122.034,6642
17/13:26:21,7.69,2.8,104.8,78.32,12.96,122.045,6643
17/13:26:22,7.52,2.8,104.73,77.891,12.96,122.067,6644
17/13:26:23,7.34,2.8,104.71,77.561,12.96,122.078,6645
17/13:26:23,7.25,2.81,104.68,77.297,12.96,122.1,6646
17/13:26:24,7.45,2.8,104.65,77.088,12.96,122.111,6647
17/13:26:24,7.53,2.81,104.63,76.857,12.96,122.122,6648
17/13:26:25,7.38,2.81,104.63,76.615,12.96,122.133,6649
17/13:26:26,7.95,2.82,104.62,76.263,12.96,122.155,6650
17/13:26:27,8.09,2.82,104.61,76.153,12.95,122.166,6651
17/13:26:28,8.43,2.83,104.6,75.548,12.95,122.188,6652
17/13:26:28,8.33,2.83,104.6,75.372,12.95,122.199,6653
17/13:26:29,8.21,2.83,104.59,75.218,12.95,122.21,6654
17/13:26:29,8.46,2.84,104.59,75.042,12.95,122.221,6655
17/13:26:30,8.23,2.84,104.59,74.844,12.95,122.232,6656
17/13:26:30,8.1,2.86,104.6,74.624,12.95,122.243,6657
17/13:26:31,8.27,2.85,104.6,74.47,12.95,122.254,6658
17/13:26:32,8.21,2.84,104.56,73.964,12.95,122.265,6659
17/13:26:32,8.13,2.84,104.56,73.788,12.95,122.287,6660
17/13:26:33,8.33,2.84,104.56,73.579,12.94,122.298,6661
17/13:26:33,8.14,2.84,104.54,73.348,12.94,122.298,6662
17/13:26:34,8.33,2.83,104.52,73.227,12.94,122.32,6663
17/13:26:34,8.15,2.83,104.51,73.062,12.94,122.32,6664
17/13:26:35,8.21,2.83,104.51,72.776,12.94,122.331,6665
17/13:26:36,8.56,2.83,104.49,72.391,12.94,122.353,6666
17/13:26:36,8.76,2.84,104.48,72.27,12.94,122.364,6667
17/13:26:37,8.94,2.84,104.47,72.182,12.94,122.375,6668
17/13:26:38,9.18,2.83,104.47,72.05,12.94,122.386,6669
17/13:26:38,9.3,2.83,104.45,71.984,12.94,122.397,6670
17/13:26:39,9.65,2.83,104.43,71.896,12.94,122.408,6671
17/13:26:39,9.69,2.81,104.39,71.808,12.93,122.408,6672
17/13:26:40,9.87,2.82,104.39,71.731,12.93,122.43,6673
17/13:26:40,9.76,2.82,104.38,71.599,12.93,122.441,6674
17/13:26:41,9.87,2.82,104.37,71.5,12.93,122.452,6675
17/13:26:41,9.78,2.82,104.36,71.445,12.93,122.463,6676
17/13:26:42,9.76,2.82,104.35,71.291,12.93,122.485,6677
17/13:26:43,9.73,2.84,104.37,71.192,12.93,122.496,6678
17/13:26:43,9.73,2.84,104.37,71.016,12.93,122.507,6679
17/13:26:44,9.67,2.84,104.38,70.994,12.93,122.518,6680
17/13:26:45,9.83,2.83,104.38,70.95,12.92,122.529,6681
17/13:26:45,10.07,2.82,104.36,70.862,12.92,122.54,6682
17/13:26:46,10.23,2.82,104.36,70.873,12.92,122.551,6683
17/13:26:47,10.31,2.81,104.36,70.95,12.92,122.562,6684
17/13:26:47,10.44,2.82,104.34,70.884,12.92,122.573,6685
17/13:26:48,10.74,2.8,104.32,70.906,12.92,122.595,6686
17/13:26:49,10.69,2.81,104.31,70.862,12.92,122.606,6687
17/13:26:49,10.78,2.81,104.31,70.818,12.91,122.617,6688
17/13:26:50,10.7,2.81,104.32,70.884,12.91,122.628,6689
17/13:26:50,10.74,2.81,104.3,70.928,12.91,122.639,6690
17/13:26:51,10.84,2.81,104.28,70.895,12.91,122.65,6691
17/13:26:51,10.75,2.81,104.27,70.895,12.91,122.661,6692
17/13:26:52,10.72,2.82,104.27,70.95,12.91,122.672,6693
17/13:26:53,10.79,2.82,104.26,70.972,12.91,122.683,6694
17/13:26:53,10.71,2.82,104.26,71.148,12.9,122.705,6695
17/13:26:54,10.76,2.83,104.24,71.214,12.9,122.716,6696
17/13:26:54,10.75,2.82,104.24,71.291,12.9,122.716,6697
17/13:26:55,10.71,2.82,104.27,71.335,12.9,122.716,6698
17/13:26:57,10.72,2.81,104.28,71.379,12.9,122.76,6699
17/13:26:57,10.77,2.81,104.27,71.445,12.9,122.771,6700
17/13:26:58,10.84,2.81,104.26,71.533,12.9,122.782,6701
17/13:26:58,10.72,2.8,104.26,71.621,12.89,122.793,6702
17/13:26:59,10.77,2.8,104.24,71.698,12.89,122.804,6703
17/13:26:59,10.81,2.8,104.21,71.698,12.89,122.815,6704
17/13:27:01,10.8,2.81,104.21,71.874,12.89,122.848,6705
17/13:27:01,10.8,2.8,104.21,71.984,12.89,122.859,6706
17/13:27:02,10.78,2.8,104.21,72.028,12.89,122.87,6707
17/13:27:02,10.82,2.82,104.22,72.105,12.88,122.881,6708
17/13:27:03,10.83,2.81,104.23,72.182,12.88,122.892,6709
17/13:27:04,10.86,2.82,104.23,72.27,12.88,122.903,6710
17/13:27:05,10.67,2.81,104.23,72.545,12.88,122.936,6711
17/13:27:06,10.72,2.81,104.22,72.677,12.88,122.947,6712
17/13:27:06,10.68,2.81,104.2,72.787,12.88,122.969,6713
17/13:27:07,10.66,2.81,104.21,72.754,12.87,122.969,6714
17/13:27:08,10.71,2.81,104.21,72.754,12.87,122.98,6715
17/13:27:08,10.81,2.81,104.22,72.765,12.87,122.991,6716
17/13:27:09,10.75,2.8,104.2,72.831,12.87,123.002,6717
17/13:27:09,10.86,2.8,104.2,72.908,12.87,123.013,6718
17/13:27:10,10.83,2.81,104.21,72.908,12.87,123.024,6719
17/13:27:11,10.9,2.83,104.22,72.908,12.87,123.046,6720
17/13:27:12,10.84,2.82,104.19,72.908,12.86,123.068,6721
17/13:27:12,10.74,2.83,104.18,72.886,12.86,123.079,6722
17/13:27:13,10.79,2.84,104.19,72.886,12.86,123.09,6723
17/13:27:14,10.67,2.83,104.19,72.886,12.86,123.101,6724
17/13:27:14,10.71,2.83,104.19,72.908,12.86,123.123,6725
17/13:27:15,10.81,2.82,104.18,72.963,12.86,123.134,6726
17/13:27:15,10.77,2.83,104.19,72.963,12.86,123.145,6727
17/13:27:16,10.8,2.82,104.19,72.996,12.85,123.156,6728
17/13:27:17,10.81,2.82,104.2,73.029,12.85,123.167,6729
17/13:27:17,10.87,2.82,104.19,73.073,12.85,123.178,6730
17/13:27:18,10.84,2.82,104.19,73.095,12.85,123.189,6731
17/13:27:18,10.81,2.83,104.19,73.128,12.85,123.2,6732
17/13:27:19,10.76,2.83,104.2,73.051,12.85,123.211,6733
17/13:27:19,10.76,2.83,104.22,73.095,12.85,123.222,6734
17/13:27:20,10.78,2.84,104.21,73.15,12.85,123.233,6735
17/13:27:20,10.77,2.84,104.22,73.139,12.84,123.244,6736
17/13:27:21,10.89,2.84,104.21,73.139,12.84,123.266,6737
17/13:27:22,10.83,2.85,104.2,73.117,12.84,123.266,6738
17/13:27:23,10.89,2.86,104.19,73.106,12.84,123.288,6739
17/13:27:24,10.9,2.86,104.17,73.106,12.84,123.299,6740
17/13:27:24,10.78,2.86,104.17,73.051,12.84,123.321,6741
17/13:27:25,10.81,2.86,104.17,73.018,12.84,123.321,6742
17/13:27:25,10.74,2.86,104.17,73.062,12.83,123.332,6743
17/13:27:26,10.76,2.86,104.18,73.084,12.83,123.343,6744
17/13:27:26,10.82,2.86,104.16,73.04,12.83,123.354,6745
17/13:27:27,10.92,2.85,104.16,73.139,12.83,123.376,6746
17/13:27:28,11.01,2.85,104.16,73.172,12.83,123.398,6747
17/13:27:29,10.94,2.84,104.17,73.227,12.83,123.409,6748
17/13:27:29,10.95,2.84,104.17,73.205,12.82,123.42,6749
17/13:27:30,10.98,2.83,104.17,73.205,12.82,123.431,6750
17/13:27:31,10.94,2.84,104.17,73.139,12.82,123.442,6751
17/13:27:31,10.91,2.84,104.18,73.249,12.82,123.453,6752
17/13:27:32,10.85,2.84,104.17,73.293,12.82,123.464,6753
17/13:27:32,10.85,2.86,104.18,73.216,12.82,123.486,6754
17/13:27:33,10.88,2.86,104.17,73.227,12.82,123.497,6755
17/13:27:34,10.86,2.87,104.17,73.271,12.82,123.508,6756
17/13:27:34,10.71,2.87,104.17,73.458,12.81,123.53,6757
17/13:27:35,10.64,2.86,104.17,73.403,12.81,123.541,6758
17/13:27:36,10.64,2.85,104.16,73.392,12.81,123.563,6759
17/13:27:37,10.81,2.85,104.16,73.392,12.81,123.585,6760
17/13:27:38,10.71,2.85,104.15,73.315,12.81,123.596,6761
17/13:27:38,10.86,2.85,104.15,73.271,12.8,123.607,6762
17/13:27:39,10.88,2.86,104.16,73.128,12.8,123.629,6763
17/13:27:40,10.78,2.86,104.16,73.128,12.8,123.64,6764
17/13:27:41,10.85,2.85,104.14,73.073,12.8,123.662,6765
17/13:27:41,10.79,2.85,104.14,72.93,12.8,123.662,6766
17/13:27:43,10.79,2.85,104.14,72.798,12.8,123.684,6767
17/13:27:44,10.92,2.84,104.13,72.666,12.79,123.717,6768
17/13:27:44,10.86,2.85,104.14,72.578,12.79,123.728,6769
17/13:27:45,10.88,2.84,104.14,72.446,12.79,123.739,6770
17/13:27:46,10.81,2.85,104.14,72.336,12.79,123.75,6771
17/13:27:46,10.87,2.84,104.15,72.226,12.79,123.761,6772
17/13:27:46,10.79,2.83,104.14,72.204,12.79,123.772,6773
17/13:27:47,10.93,2.84,104.15,72.16,12.78,123.783,6774
17/13:27:48,10.86,2.83,104.16,72.072,12.78,123.805,6775
17/13:27:49,10.79,2.83,104.14,72.017,12.78,123.816,6776
17/13:27:50,10.86,2.83,104.14,71.907,12.78,123.816,6777
17/13:27:50,10.76,2.82,104.12,71.72,12.78,123.849,6778
17/13:27:51,10.88,2.83,104.13,71.731,12.78,123.86,6779
17/13:27:51,10.78,2.83,104.11,71.72,12.78,123.871,6780
17/13:27:52,10.87,2.85,104.11,71.654,12.77,123.882,6781
17/13:27:53,10.78,2.84,104.12,71.357,12.77,123.904,6782
17/13:27:53,10.8,2.84,104.12,71.324,12.77,123.915,6783
17/13:27:54,10.82,2.84,104.13,71.302,12.77,123.926,6784
17/13:27:55,10.82,2.86,104.11,71.28,12.77,123.937,6785
17/13:27:56,10.85,2.86,104.11,71.192,12.77,123.948,6786
17/13:27:56,10.83,2.85,104.12,71.192,12.76,123.959,6787
17/13:27:57,10.81,2.86,104.13,71.17,12.76,123.981,6788
17/13:27:58,10.76,2.87,104.1,71.214,12.76,123.992,6789
17/13:27:58,10.76,2.87,104.11,71.236,12.76,124.003,6790
17/13:27:59,10.81,2.87,104.12,71.181,12.76,124.014,6791
17/13:27:59,10.77,2.87,104.12,71.137,12.76,124.025,6792
17/13:28:00,10.75,2.87,104.12,71.115,12.76,124.036,6793
17/13:28:00,10.83,2.87,104.11,71.049,12.76,124.047,6794
17/13:28:01,10.8,2.88,104.11,71.071,12.75,124.058,6795
17/13:28:01,10.72,2.87,104.12,71.06,12.75,124.069,6796
17/13:28:02,10.66,2.87,104.12,71.005,12.75,124.091,6797
17/13:28:03,10.72,2.86,104.11,71.126,12.75,124.102,6798
17/13:28:05,10.63,2.86,104.11,71.203,12.74,124.135,6799
17/13:28:06,10.7,2.86,104.11,71.225,12.74,124.146,6800
17/13:28:06,10.68,2.86,104.11,71.236,12.74,124.157,6801
17/13:28:06,10.69,2.86,104.12,71.236,12.74,124.168,6802
17/13:28:07,10.74,2.86,104.13,71.247,12.74,124.179,6803
17/13:28:08,10.72,2.86,104.11,71.28,12.74,124.19,6804
17/13:28:08,10.79,2.85,104.11,71.39,12.74,124.201,6805
17/13:28:09,10.85,2.85,104.11,71.467,12.74,124.212,6806
17/13:28:09,10.8,2.84,104.09,71.379,12.74,124.223,6807
17/13:28:10,10.84,2.84,104.07,71.401,12.73,124.234,6808
17/13:28:10,10.79,2.84,104.06,71.313,12.73,124.245,6809
17/13:28:11,10.77,2.83,104.06,71.258,12.73,124.256,6810
17/13:28:12,10.77,2.82,104.07,71.313,12.73,124.278,6811
17/13:28:12,10.78,2.82,104.07,71.335,12.73,124.289,6812
17/13:28:13,10.74,2.82,104.07,71.335,12.73,124.3,6813
17/13:28:13,10.74,2.81,104.08,71.313,12.73,124.3,6814
17/13:28:15,10.73,2.81,104.06,71.313,12.72,124.333,6815
17/13:28:16,10.61,2.82,104.05,71.346,12.72,124.355,6816
17/13:28:17,10.13,2.54,104.11,71.324,12.72,124.377,6817
17/13:28:18,9.8,2.37,104.16,71.291,12.72,124.388,6818
17/13:28:19,9.14,2.0,104.24,71.28,12.71,124.41,6819
17/13:28:19,8.88,1.84,104.32,71.291,12.71,124.421,6820
17/13:28:20,8.66,1.67,104.37,71.258,12.71,124.432,6821
17/13:28:20,8.39,1.48,104.42,71.192,12.71,124.443,6822
17/13:28:21,8.37,1.46,104.43,71.181,12.71,124.454,6823
17/13:28:21,8.46,1.46,104.42,71.236,12.71,124.465,6824
17/13:28:22,8.5,1.48,104.4,71.214,12.71,124.476,6825
17/13:28:23,8.56,1.49,104.39,71.247,12.71,124.487,6826
17/13:28:23,8.45,1.53,104.38,71.302,12.71,124.498,6827
17/13:28:24,8.53,1.59,104.37,71.346,12.7,124.509,6828
17/13:28:25,8.8,1.77,104.32,71.313,12.7,124.52,6829
17/13:28:25,9.07,1.94,104.28,71.28,12.7,124.531,6830
17/13:28:26,9.39,2.11,104.25,71.39,12.7,124.542,6831
17/13:28:26,9.85,2.43,104.21,71.412,12.7,124.564,6832
17/13:28:27,10.18,2.56,104.17,71.478,12.7,124.575,6833
17/13:28:29,10.77,2.82,104.08,71.72,12.69,124.608,6834
17/13:28:29,10.69,2.82,104.07,71.764,12.69,124.608,6835
17/13:28:30,10.67,2.82,104.05,71.83,12.69,124.63,6836
17/13:28:31,10.63,2.82,104.04,71.896,12.69,124.641,6837
17/13:28:32,10.5,2.61,104.1,71.962,12.69,124.674,6838
17/13:28:32,10.11,2.41,104.15,72.006,12.69,124.685,6839
17/13:28:33,9.74,2.25,104.2,72.127,12.69,124.696,6840
17/13:28:35,9.11,1.76,104.32,72.204,12.68,124.718,6841
17/13:28:35,8.7,1.56,104.35,72.193,12.68,124.729,6842
17/13:28:36,8.46,1.43,104.38,72.314,12.68,124.74,6843
17/13:28:37,8.96,1.82,104.28,72.501,12.68,124.762,6844
17/13:28:37,9.65,2.01,104.22,72.622,12.68,124.773,6845
17/13:28:38,9.95,2.2,104.16,72.699,12.68,124.784,6846
17/13:28:38,10.6,2.36,104.11,72.798,12.67,124.795,6847
17/13:28:39,10.97,2.51,104.03,73.007,12.67,124.806,6848
17/13:28:39,11.46,2.72,103.97,73.26,12.67,124.817,6849
17/13:28:40,11.85,2.82,103.94,73.414,12.67,124.828,6850
17/13:28:40,12.05,2.82,103.91,73.535,12.67,124.839,6851
17/13:28:41,12.25,2.82,103.89,73.634,12.67,124.85,6852
17/13:28:43,11.96,2.81,103.9,74.052,12.66,124.883,6853
17/13:28:44,12.0,2.8,103.89,74.635,12.66,124.916,6854
17/13:28:45,11.84,2.81,103.89,74.8,12.66,124.916,6855
17/13:28:45,11.79,2.79,103.88,74.888,12.66,124.927,6856
17/13:28:45,11.9,2.79,103.86,74.987,12.66,124.949,6857
17/13:28:46,11.89,2.8,103.85,75.064,12.65,124.96,6858
17/13:28:46,11.85,2.8,103.86,75.174,12.65,124.971,6859
17/13:28:47,11.87,2.8,103.85,75.295,12.65,124.982,6860
17/13:28:48,11.94,2.81,103.84,75.493,12.65,124.993,6861
17/13:28:48,11.8,2.81,103.84,75.691,12.65,125.004,6862
17/13:28:49,11.87,2.82,103.83,75.823,12.65,125.015,6863
17/13:28:49,12.14,2.83,103.83,75.856,12.65,125.026,6864
17/13:28:50,12.12,2.83,103.82,76.043,12.65,125.037,6865
17/13:28:50,12.14,2.83,103.82,76.285,12.64,125.048,6866
17/13:28:51,12.0,2.82,103.82,76.439,12.64,125.059,6867
17/13:28:52,12.19,2.81,103.81,76.648,12.64,125.081,6868
17/13:28:52,12.31,2.81,103.82,76.802,12.64,125.092,6869
17/13:28:53,12.18,2.8,103.83,76.934,12.64,125.103,6870
17/13:28:53,11.91,2.8,103.83,77.099,12.64,125.114,6871
17/13:28:54,11.88,2.8,103.83,77.176,12.63,125.125,6872
17/13:28:54,12.18,2.8,103.83,77.286,12.63,125.136,6873
17/13:28:55,12.28,2.8,103.82,77.429,12.63,125.147,6874
17/13:28:56,12.11,2.8,103.82,77.594,12.63,125.158,6875
17/13:28:56,11.91,2.8,103.83,77.715,12.63,125.169,6876
17/13:28:57,11.86,2.81,103.81,77.814,12.63,125.18,6877
17/13:28:57,12.06,2.82,103.81,77.88,12.63,125.191,6878
17/13:28:58,12.14,2.81,103.81,78.023,12.62,125.202,6879
17/13:28:59,11.9,2.82,103.81,78.276,12.62,125.224,6880
17/13:28:59,11.86,2.82,103.82,78.298,12.62,125.235,6881
17/13:29:00,11.86,2.81,103.82,78.32,12.62,125.246,6882
17/13:29:00,11.83,2.81,103.83,78.474,12.62,125.257,6883
17/13:29:01,11.84,2.81,103.82,78.617,12.62,125.268,6884
17/13:29:01,11.71,2.8,103.83,78.727,12.62,125.279,6885
17/13:29:02,11.69,2.8,103.83,78.848,12.61,125.301,6886
17/13:29:03,12.08,2.8,103.84,79.068,12.61,125.323,6887
17/13:29:04,12.36,2.8,103.84,79.123,12.61,125.334,6888
17/13:29:04,12.68,2.8,103.84,79.266,12.61,125.345,6889
17/13:29:06,13.52,2.8,103.83,79.673,12.6,125.389,6890
17/13:29:07,13.39,2.8,103.82,79.761,12.6,125.4,6891
17/13:29:07,13.18,2.8,103.81,79.849,12.6,125.411,6892
17/13:29:08,13.0,2.82,103.81,79.992,12.6,125.422,6893
17/13:29:08,12.81,2.82,103.79,80.135,12.6,125.433,6894
17/13:29:09,12.5,2.82,103.79,80.289,12.59,125.455,6895
17/13:29:10,12.06,2.82,103.79,80.564,12.59,125.477,6896
17/13:29:11,11.99,2.82,103.79,80.718,12.59,125.488,6897
17/13:29:11,12.05,2.82,103.8,80.916,12.59,125.499,6898
17/13:29:11,12.09,2.82,103.81,80.982,12.59,125.51,6899
17/13:29:12,12.12,2.82,103.79,81.026,12.59,125.521,6900
17/13:29:12,12.14,2.82,103.79,81.103,12.59,125.532,6901
17/13:29:13,12.2,2.82,103.8,81.18,12.58,125.543,6902
17/13:29:13,12.24,2.81,103.79,81.334,12.58,125.554,6903
17/13:29:14,12.35,2.81,103.78,81.444,12.58,125.565,6904
17/13:29:15,12.15,2.8,103.78,81.499,12.58,125.587,6905
17/13:29:16,12.01,2.79,103.76,81.565,12.58,125.598,6906
17/13:29:16,11.92,2.79,103.77,81.686,12.58,125.62,6907
17/13:29:17,11.99,2.78,103.75,81.763,12.57,125.631,6908
17/13:29:17,12.2,2.78,103.73,81.807,12.57,125.642,6909
17/13:29:18,12.37,2.79,103.73,81.818,12.57,125.653,6910
17/13:29:18,12.36,2.79,103.76,81.84,12.57,125.664,6911
17/13:29:19,12.11,2.79,103.77,81.84,12.57,125.675,6912
17/13:29:19,12.11,2.78,103.76,81.95,12.57,125.686,6913
17/13:29:20,12.24,2.8,103.75,82.071,12.57,125.697,6914
17/13:29:20,12.49,2.8,103.76,82.104,12.56,125.708,6915
17/13:29:21,12.42,2.81,103.78,82.093,12.56,125.708,6916
17/13:29:22,12.0,2.82,103.77,82.225,12.56,125.752,6917
17/13:29:22,12.15,2.82,103.74,82.324,12.56,125.763,6918
17/13:29:23,12.38,2.83,103.74,82.346,12.56,125.774,6919
17/13:29:24,12.44,2.83,103.74,82.368,12.56,125.785,6920
17/13:29:24,11.91,2.82,103.75,82.467,12.55,125.796,6921
17/13:29:25,10.92,2.82,103.82,82.423,12.55,125.807,6922
17/13:29:25,10.6,2.82,103.88,82.269,12.55,125.818,6923
17/13:29:26,9.97,2.82,103.95,82.071,12.55,125.829,6924
17/13:29:27,8.48,2.81,104.09,81.884,12.55,125.851,6925
17/13:29:27,7.9,2.81,104.14,81.829,12.55,125.873,6926
17/13:29:28,7.54,2.81,104.21,81.653,12.55,125.884,6927
17/13:29:28,7.6,2.82,104.24,81.532,12.55,125.895,6928
17/13:29:29,7.98,2.83,104.22,81.4,12.55,125.906,6929
17/13:29:30,7.77,2.83,104.22,81.301,12.55,125.917,6930
17/13:29:30,7.78,2.85,104.19,81.103,12.54,125.939,6931
17/13:29:31,8.22,2.85,104.21,80.905,12.54,125.961,6932
17/13:29:33,8.39,2.84,104.22,80.487,12.54,125.994,6933
17/13:29:34,8.61,2.85,104.22,80.454,12.54,126.005,6934
17/13:29:34,8.84,2.85,104.22,80.476,12.54,126.016,6935
17/13:29:35,9.02,2.85,104.2,80.377,12.54,126.027,6936
17/13:29:35,8.87,2.85,104.19,80.333,12.54,126.049,6937
17/13:29:36,8.52,2.86,104.16,80.19,12.53,126.071,6938
17/13:29:37,8.44,2.86,104.15,80.19,12.53,126.082,6939
17/13:29:37,8.41,2.86,104.15,80.08,12.53,126.093,6940
17/13:29:38,8.39,2.86,104.14,79.926,12.53,126.104,6941
17/13:29:38,8.24,2.85,104.15,79.827,12.53,126.115,6942
17/13:29:39,8.15,2.84,104.13,79.816,12.53,126.126,6943
17/13:29:39,8.27,2.84,104.11,79.728,12.53,126.137,6944
17/13:29:40,8.4,2.84,104.1,79.651,12.53,126.148,6945
17/13:29:41,8.49,2.84,104.1,79.618,12.53,126.159,6946
17/13:29:42,8.83,2.84,104.05,79.662,12.53,126.192,6947
17/13:29:42,9.09,2.84,104.03,79.673,12.52,126.214,6948
17/13:29:43,9.27,2.84,104.03,79.607,12.52,126.225,6949
17/13:29:44,9.47,2.84,104.02,79.508,12.52,126.247,6950
17/13:29:45,9.49,2.84,104.01,79.442,12.52,126.258,6951
17/13:29:45,9.55,2.84,104.0,79.431,12.52,126.269,6952
17/13:29:46,9.82,2.86,104.02,79.508,12.52,126.291,6953
17/13:29:47,9.89,2.86,104.02,79.574,12.52,126.302,6954
17/13:29:47,9.88,2.86,103.99,79.486,12.52,126.313,6955
17/13:29:48,10.0,2.87,103.98,79.409,12.51,126.335,6956
17/13:29:49,10.09,2.87,103.97,79.431,12.51,126.346,6957
17/13:29:49,10.13,2.88,103.96,79.376,12.51,126.357,6958
17/13:29:50,10.15,2.88,103.96,79.376,12.51,126.368,6959
17/13:29:51,10.15,2.87,103.96,79.376,12.51,126.379,6960
17/13:29:51,10.34,2.88,103.97,79.332,12.51,126.401,6961
17/13:29:51,10.47,2.88,103.97,79.266,12.51,126.412,6962
17/13:29:52,10.44,2.87,103.95,79.332,12.51,126.423,6963
17/13:29:52,10.51,2.89,103.95,79.288,12.51,126.434,6964
17/13:29:53,10.43,2.87,103.95,79.211,12.5,126.445,6965
17/13:29:54,10.21,2.87,103.91,79.211,12.5,126.467,6966
17/13:29:55,9.75,2.85,103.89,79.31,12.5,126.489,6967
17/13:29:56,9.74,2.85,103.9,79.376,12.5,126.5,6968
17/13:29:56,9.62,2.85,103.9,79.42,12.5,126.511,6969
17/13:29:57,9.63,2.83,103.91,79.332,12.5,126.522,6970
17/13:29:57,9.71,2.83,103.9,79.178,12.5,126.533,6971
17/13:29:58,9.78,2.83,103.89,79.189,12.49,126.544,6972
17/13:29:58,9.8,2.83,103.89,79.134,12.49,126.555,6973
17/13:29:59,9.88,2.83,103.9,79.134,12.49,126.566,6974
17/13:30:01,9.98,2.83,103.9,78.87,12.49,126.61,6975
17/13:30:02,9.9,2.81,103.9,78.881,12.49,126.621,6976
17/13:30:02,9.87,2.81,103.92,78.914,12.49,126.643,6977
17/13:30:03,9.82,2.8,103.92,78.87,12.49,126.654,6978
17/13:30:03,9.75,2.8,103.93,78.859,12.48,126.665,6979
17/13:30:04,9.72,2.81,103.93,78.782,12.48,126.676,6980
17/13:30:05,10.06,2.81,103.93,78.782,12.48,126.698,6981
17/13:30:05,10.36,2.82,103.94,78.782,12.48,126.709,6982
17/13:30:06,10.54,2.83,103.92,78.727,12.48,126.72,6983
17/13:30:06,10.76,2.84,103.89,78.694,12.48,126.731,6984
17/13:30:07,10.89,2.85,103.88,78.661,12.48,126.742,6985
17/13:30:07,11.02,2.85,103.85,78.628,12.48,126.753,6986
17/13:30:08,11.18,2.85,103.82,78.65,12.47,126.764,6987
17/13:30:09,11.15,2.86,103.79,78.683,12.47,126.775,6988
17/13:30:10,11.13,2.86,103.76,78.485,12.47,126.797,6989
17/13:30:10,11.32,2.86,103.75,78.408,12.47,126.808,6990
17/13:30:11,11.55,2.86,103.75,78.397,12.47,126.808,6991
17/13:30:11,11.85,2.86,103.75,78.408,12.47,126.83,6992
17/13:30:12,12.09,2.87,103.77,78.397,12.47,126.841,6993
17/13:30:12,12.33,2.87,103.78,78.397,12.46,126.863,6994
17/13:30:13,12.42,2.87,103.78,78.397,12.46,126.874,6995
17/13:30:13,12.48,2.87,103.77,78.441,12.46,126.885,6996
17/13:30:14,12.17,2.86,103.78,78.331,12.46,126.907,6997
17/13:30:15,11.88,2.85,103.77,78.353,12.46,126.918,6998
17/13:30:15,11.62,2.84,103.77,78.287,12.46,126.929,6999
17/13:30:16,11.17,2.84,103.76,78.023,12.45,126.951,7000
17/13:30:17,11.33,2.86,103.77,78.089,12.45,126.973,7001
17/13:30:18,11.52,2.86,103.77,77.946,12.45,126.984,7002
17/13:30:19,11.74,2.88,103.77,77.803,12.45,127.006,7003
17/13:30:20,11.76,2.89,103.75,77.781,12.45,127.017,7004
17/13:30:20,11.8,2.88,103.75,77.682,12.43,127.028,7005
17/13:30:21,11.9,2.88,103.76,77.616,12.43,127.039,7006
17/13:30:22,12.0,2.88,103.75,77.418,12.43,127.061,7007
17/13:30:23,11.84,2.87,103.74,77.308,12.43,127.083,7008
17/13:30:23,11.83,2.87,103.74,77.374,12.43,127.094,7009
17/13:30:24,11.88,2.87,103.74,77.286,12.42,127.105,7010
17/13:30:24,11.84,2.88,103.74,77.198,12.42,127.116,7011
17/13:30:26,11.57,2.87,103.74,77.044,12.42,127.149,7012
17/13:30:27,11.72,2.88,103.74,76.824,12.42,127.171,7013
17/13:30:27,11.82,2.88,103.75,76.846,12.42,127.193,7014
17/13:30:28,11.82,2.88,103.73,76.791,12.42,127.204,7015
17/13:30:29,11.51,2.89,103.72,76.736,12.42,127.215,7016
17/13:30:30,11.62,2.89,103.72,76.67,12.42,127.237,7017
17/13:30:30,11.86,2.88,103.71,76.692,12.42,127.248,7018
17/13:30:31,11.83,2.88,103.71,76.692,12.42,127.259,7019
17/13:30:31,11.68,2.87,103.72,76.582,12.42,127.27,7020
17/13:30:32,11.98,2.86,103.71,76.516,12.41,127.292,7021
17/13:30:33,11.96,2.85,103.73,76.516,12.41,127.314,7022
17/13:30:34,11.76,2.85,103.72,76.439,12.41,127.325,7023
17/13:30:35,11.9,2.87,103.72,76.406,12.41,127.347,7024
17/13:30:35,11.79,2.87,103.7,76.373,12.41,127.358,7025
17/13:30:36,11.57,2.87,103.71,76.274,12.4,127.38,7026
17/13:30:37,11.73,2.87,103.71,76.274,12.4,127.391,7027
17/13:30:38,11.62,2.87,103.7,76.296,12.4,127.413,7028
17/13:30:39,11.61,2.87,103.68,76.208,12.4,127.424,7029
17/13:30:39,11.72,2.89,103.7,76.263,12.4,127.435,7030
17/13:30:40,11.72,2.88,103.7,76.23,12.4,127.446,7031
17/13:30:40,11.69,2.88,103.7,76.175,12.39,127.457,7032
17/13:30:41,11.69,2.88,103.7,76.208,12.39,127.468,7033
17/13:30:41,11.63,2.88,103.7,76.23,12.39,127.479,7034
17/13:30:42,11.66,2.89,103.72,76.186,12.39,127.49,7035
17/13:30:42,11.87,2.89,103.73,76.142,12.39,127.501,7036
17/13:30:43,11.75,2.89,103.73,76.153,12.39,127.512,7037
17/13:30:43,11.67,2.89,103.71,76.087,12.39,127.523,7038
17/13:30:44,11.69,2.89,103.71,76.076,12.39,127.534,7039
17/13:30:44,11.72,2.9,103.71,76.12,12.38,127.545,7040
17/13:30:45,11.75,2.89,103.72,76.12,12.38,127.556,7041
17/13:30:45,11.76,2.89,103.72,76.032,12.38,127.567,7042
17/13:30:46,11.82,2.89,103.7,75.988,12.38,127.578,7043
17/13:30:46,11.71,2.88,103.7,75.944,12.38,127.589,7044
17/13:30:47,11.82,2.87,103.7,76.087,12.38,127.611,7045
17/13:30:48,11.97,2.87,103.69,76.065,12.37,127.622,7046
17/13:30:49,12.27,2.88,103.62,76.098,12.37,127.644,7047
17/13:30:50,12.4,2.88,103.61,76.087,12.37,127.655,7048
17/13:30:50,12.63,2.89,103.59,76.032,12.37,127.677,7049
17/13:30:51,12.65,2.89,103.56,76.032,12.37,127.688,7050
17/13:30:52,12.69,2.9,103.56,75.966,12.36,127.699,7051
17/13:30:52,12.83,2.9,103.56,76.021,12.36,127.71,7052
17/13:30:53,12.8,2.9,103.56,76.087,12.36,127.721,7053
17/13:30:53,12.81,2.9,103.59,76.109,12.36,127.732,7054
17/13:30:56,12.7,2.91,103.56,76.23,12.35,127.787,7055
17/13:30:57,12.61,2.9,103.55,76.274,12.35,127.809,7056
17/13:30:59,12.71,2.89,103.53,76.318,12.34,127.853,7057
17/13:31:00,12.73,2.89,103.52,76.384,12.34,127.864,7058
17/13:31:00,12.63,2.89,103.53,76.439,12.34,127.875,7059
17/13:31:01,12.69,2.89,103.53,76.483,12.34,127.897,7060
17/13:31:02,12.69,2.9,103.54,76.494,12.34,127.908,7061
17/13:31:02,12.73,2.89,103.53,76.461,12.34,127.908,7062
17/13:31:03,12.74,2.89,103.52,76.483,12.33,127.93,7063
17/13:31:03,12.68,2.89,103.51,76.483,12.33,127.941,7064
17/13:31:04,12.72,2.89,103.51,76.483,12.33,127.963,7065
17/13:31:05,12.64,2.9,103.49,76.505,12.33,127.974,7066
17/13:31:05,12.74,2.9,103.49,76.615,12.33,127.985,7067
17/13:31:06,12.83,2.9,103.48,76.736,12.33,128.007,7068
17/13:31:06,12.82,2.9,103.5,76.78,12.32,128.018,7069
17/13:31:07,12.49,2.89,103.51,76.813,12.32,128.04,7070
17/13:31:08,12.63,2.89,103.5,76.857,12.32,128.051,7071
17/13:31:09,12.8,2.89,103.51,76.967,12.32,128.062,7072
17/13:31:09,12.77,2.89,103.51,77.066,12.32,128.073,7073
17/13:31:10,12.56,2.89,103.51,77.11,12.32,128.084,7074
17/13:31:11,12.99,2.89,103.5,77.209,12.31,128.106,7075
17/13:31:11,13.17,2.89,103.49,77.33,12.31,128.117,7076
17/13:31:12,13.04,2.87,103.5,77.363,12.31,128.128,7077
17/13:31:12,12.86,2.88,103.5,77.308,12.31,128.139,7078
17/13:31:13,12.7,2.87,103.51,77.253,12.31,128.15,7079
17/13:31:13,12.69,2.87,103.51,77.418,12.31,128.161,7080
17/13:31:14,12.82,2.88,103.52,77.583,12.3,128.172,7081
17/13:31:14,11.71,2.6,103.63,77.792,12.3,128.183,7082
17/13:31:15,10.07,2.28,103.79,77.814,12.3,128.194,7083
17/13:31:15,8.59,1.92,103.94,77.671,12.3,128.205,7084
17/13:31:16,7.11,1.61,104.08,77.594,12.3,128.216,7085
17/13:31:16,6.64,1.43,104.17,77.506,12.3,128.216,7086
17/13:31:17,6.74,1.42,104.16,77.418,12.3,128.227,7087
17/13:31:17,6.73,1.42,104.17,77.517,12.3,128.249,7088
17/13:31:18,6.59,1.4,104.15,77.616,12.3,128.26,7089
17/13:31:18,7.72,1.72,104.01,77.616,12.3,128.271,7090
17/13:31:19,9.26,2.04,103.85,77.627,12.29,128.282,7091
17/13:31:20,12.27,2.72,103.53,77.803,12.29,128.304,7092
17/13:31:21,12.93,2.84,103.46,77.869,12.29,128.315,7093
17/13:31:22,12.82,2.84,103.44,78.089,12.29,128.348,7094
17/13:31:22,12.85,2.84,103.48,78.111,12.29,128.359,7095
17/13:31:23,12.9,2.83,103.47,78.133,12.28,128.37,7096
17/13:31:23,12.73,2.83,103.48,78.199,12.28,128.381,7097
17/13:31:24,12.27,2.81,103.46,78.287,12.28,128.403,7098
17/13:31:25,12.01,2.81,103.45,78.43,12.28,128.414,7099
17/13:31:25,11.9,2.81,103.45,78.507,12.28,128.425,7100
17/13:31:26,11.94,2.81,103.46,78.573,12.28,128.436,7101
17/13:31:27,12.14,2.82,103.46,78.716,12.27,128.458,7102
17/13:31:27,12.27,2.83,103.45,78.859,12.27,128.469,7103
17/13:31:28,12.5,2.84,103.47,79.024,12.27,128.48,7104
17/13:31:29,12.8,2.86,103.46,79.057,12.27,128.491,7105
17/13:31:29,13.21,2.88,103.47,79.354,12.27,128.513,7106
17/13:31:30,13.31,2.87,103.46,79.365,12.26,128.524,7107
17/13:31:31,13.28,2.88,103.45,79.453,12.26,128.535,7108
17/13:31:31,13.25,2.87,103.45,79.541,12.26,128.546,7109
17/13:31:32,13.19,2.87,103.46,79.629,12.26,128.557,7110
17/13:31:32,13.12,2.86,103.46,79.662,12.26,128.568,7111
17/13:31:33,12.84,2.85,103.48,79.64,12.26,128.59,7112
17/13:31:33,12.66,2.84,103.48,79.695,12.26,128.601,7113
17/13:31:34,11.98,2.65,103.55,79.816,12.25,128.612,7114
17/13:31:34,10.47,2.28,103.73,79.871,12.25,128.623,7115
17/13:31:35,8.99,1.96,103.88,79.816,12.25,128.634,7116
17/13:31:35,7.83,1.65,104.02,79.695,12.25,128.645,7117
17/13:31:36,6.62,1.28,104.22,79.574,12.25,128.667,7118
17/13:31:37,6.75,1.28,104.23,79.442,12.25,128.678,7119
17/13:31:37,6.86,1.28,104.24,79.464,12.25,128.689,7120
17/13:31:38,7.66,1.5,104.18,79.541,12.25,128.7,7121
17/13:31:38,9.21,1.83,104.02,79.64,12.25,128.711,7122
17/13:31:39,10.59,2.17,103.86,79.695,12.24,128.722,7123
17/13:31:40,11.78,2.54,103.73,79.75,12.24,128.733,7124
17/13:31:40,12.86,2.86,103.57,79.794,12.24,128.744,7125
17/13:31:41,12.43,2.86,103.55,79.904,12.24,128.766,7126
17/13:31:42,12.1,2.85,103.54,80.047,12.24,128.788,7127
17/13:31:44,11.15,2.84,103.54,80.267,12.23,128.832,7128
17/13:31:45,10.99,2.83,103.54,80.267,12.23,128.854,7129
17/13:31:46,11.03,2.83,103.54,80.311,12.23,128.865,7130
17/13:31:46,11.22,2.84,103.55,80.41,12.23,128.876,7131
17/13:31:47,11.46,2.84,103.56,80.641,12.22,128.898,7132
17/13:31:47,11.42,2.84,103.55,80.685,12.22,128.909,7133
17/13:31:48,11.44,2.83,103.56,80.806,12.22,128.92,7134
17/13:31:49,11.28,2.83,103.55,81.004,12.22,128.931,7135
17/13:31:49,11.16,2.83,103.54,81.125,12.22,128.953,7136
17/13:31:50,10.85,2.82,103.55,81.191,12.22,128.964,7137
17/13:31:50,10.5,2.81,103.55,81.246,12.22,128.975,7138
17/13:31:51,8.43,2.38,103.73,81.301,12.22,128.997,7139
17/13:31:52,5.75,1.76,104.05,81.268,12.21,129.008,7140
17/13:31:53,4.77,1.45,104.21,81.169,12.21,129.03,7141
17/13:31:53,4.77,1.45,104.24,80.905,12.21,129.041,7142
17/13:31:55,5.06,1.46,104.25,80.707,12.21,129.063,7143
17/13:31:55,5.66,1.64,104.22,80.608,12.21,129.074,7144
17/13:31:56,7.8,2.25,103.95,80.608,12.21,129.107,7145
17/13:31:57,8.83,2.56,103.81,80.663,12.21,129.118,7146
17/13:31:57,9.66,2.81,103.7,80.806,12.21,129.129,7147
17/13:31:58,9.81,2.81,103.69,80.795,12.21,129.14,7148
17/13:31:58,9.86,2.82,103.71,80.839,12.21,129.151,7149
17/13:31:59,9.81,2.81,103.72,80.861,12.2,129.162,7150
17/13:32:00,9.78,2.82,103.72,80.828,12.2,129.184,7151
17/13:32:00,9.75,2.81,103.72,80.718,12.2,129.195,7152
17/13:32:01,9.84,2.82,103.74,80.751,12.2,129.206,7153
17/13:32:01,9.84,2.82,103.74,80.784,12.2,129.217,7154
17/13:32:02,9.61,2.82,103.75,80.652,12.2,129.228,7155
17/13:32:03,9.42,2.81,103.75,80.63,12.2,129.25,7156
17/13:32:03,9.53,2.82,103.74,80.586,12.2,129.272,7157
17/13:32:04,9.6,2.82,103.74,80.608,12.19,129.283,7158
17/13:32:04,9.68,2.83,103.73,80.597,12.19,129.294,7159
17/13:32:05,9.68,2.83,103.73,80.454,12.19,129.305,7160
17/13:32:06,9.81,2.83,103.73,80.355,12.19,129.316,7161
17/13:32:06,10.15,2.83,103.74,80.267,12.19,129.327,7162
17/13:32:07,10.06,2.82,103.74,80.146,12.19,129.36,7163
17/13:32:08,9.97,2.81,103.75,80.102,12.19,129.371,7164
17/13:32:09,9.89,2.81,103.7,80.014,12.18,129.393,7165
17/13:32:10,9.7,2.81,103.67,80.036,12.18,129.415,7166
17/13:32:11,9.92,2.82,103.63,79.992,12.18,129.426,7167
17/13:32:12,10.7,2.82,103.61,79.937,12.18,129.459,7168
17/13:32:13,11.28,2.82,103.6,79.904,12.18,129.481,7169
17/13:32:13,11.41,2.83,103.62,79.816,12.18,129.492,7170
17/13:32:14,11.39,2.85,103.61,79.805,12.17,129.503,7171
17/13:32:14,11.28,2.83,103.62,79.794,12.17,129.514,7172
17/13:32:15,11.1,2.83,103.63,79.816,12.17,129.525,7173
17/13:32:15,10.94,2.83,103.63,79.86,12.17,129.536,7174
17/13:32:16,10.83,2.84,103.63,79.882,12.17,129.547,7175
17/13:32:16,10.7,2.83,103.62,79.816,12.17,129.558,7176
17/13:32:17,10.62,2.82,103.61,79.805,12.17,129.569,7177
17/13:32:18,10.63,2.82,103.61,79.739,12.17,129.58,7178
17/13:32:18,10.65,2.8,103.6,79.772,12.16,129.591,7179
17/13:32:19,10.7,2.8,103.6,79.739,12.16,129.602,7180
17/13:32:19,10.69,2.81,103.57,79.761,12.16,129.613,7181
17/13:32:20,10.71,2.8,103.56,79.684,12.16,129.624,7182
17/13:32:20,10.53,2.79,103.56,79.717,12.16,129.646,7183
17/13:32:21,10.45,2.8,103.57,79.739,12.16,129.657,7184
17/13:32:21,10.36,2.79,103.56,79.75,12.16,129.668,7185
17/13:32:22,10.3,2.8,103.56,79.761,12.16,129.679,7186
17/13:32:22,10.38,2.79,103.55,79.816,12.16,129.69,7187
17/13:32:23,10.55,2.79,103.53,79.849,12.14,129.701,7188
17/13:32:23,10.7,2.79,103.51,79.805,12.14,129.712,7189
17/13:32:24,10.85,2.8,103.5,79.827,12.14,129.723,7190
17/13:32:24,10.98,2.8,103.48,79.816,12.14,129.734,7191
17/13:32:25,11.08,2.8,103.46,79.75,12.14,129.745,7192
17/13:32:26,11.52,2.8,103.45,79.904,12.14,129.767,7193
17/13:32:26,11.55,2.81,103.44,79.816,12.14,129.778,7194
17/13:32:27,11.48,2.82,103.43,79.86,12.14,129.789,7195
17/13:32:27,11.53,2.82,103.42,79.915,12.14,129.8,7196
17/13:32:28,11.52,2.81,103.41,79.937,12.14,129.811,7197
17/13:32:29,11.56,2.81,103.4,80.003,12.14,129.822,7198
17/13:32:29,11.57,2.81,103.39,80.036,12.14,129.833,7199
17/13:32:30,11.7,2.81,103.38,80.047,12.14,129.855,7200
17/13:32:31,11.93,2.79,103.39,80.069,12.14,129.877,7201
17/13:32:32,12.46,2.79,103.38,80.003,12.13,129.899,7202
17/13:32:33,170.35,214.97,251.37,139.018,84.93,59.664,7203
17/13:32:33,12.73,2.82,103.4,80.003,12.13,129.932,7204
17/13:32:34,12.78,2.83,103.41,79.959,12.13,129.943,7205
17/13:32:34,12.69,2.83,103.4,79.992,12.13,129.954,7206
17/13:32:35,12.34,2.84,103.39,80.179,12.12,129.965,7207
17/13:32:35,12.07,2.83,103.39,80.289,12.12,129.976,7208
17/13:32:36,11.88,2.82,103.4,80.256,12.12,129.987,7209
17/13:32:37,11.81,2.8,103.39,80.234,12.12,130.009,7210
17/13:32:38,11.99,2.81,103.38,80.245,12.12,130.02,7211
17/13:32:38,12.09,2.82,103.38,80.223,12.12,130.031,7212
17/13:32:39,12.69,2.82,103.39,80.234,12.11,130.064,7213
17/13:32:39,12.95,2.83,103.39,80.157,12.11,130.075,7214
17/13:32:41,13.42,2.84,103.37,80.102,12.11,130.097,7215
17/13:32:41,13.54,2.85,103.38,80.124,12.11,130.108,7216
17/13:32:42,13.55,2.85,103.39,80.069,12.11,130.108,7217
17/13:32:42,13.52,2.86,103.4,80.036,12.1,130.13,7218
17/13:32:43,13.46,2.86,103.42,79.992,12.1,130.141,7219
17/13:32:44,13.48,2.86,103.42,79.849,12.1,130.163,7220
17/13:32:44,13.31,2.86,103.42,79.805,12.1,130.174,7221
17/13:32:45,13.08,2.85,103.41,79.761,12.1,130.185,7222
17/13:32:46,12.26,2.84,103.41,79.717,12.09,130.229,7223
17/13:32:47,12.04,2.84,103.41,79.706,12.09,130.24,7224
17/13:32:48,11.8,2.84,103.4,79.629,12.09,130.251,7225
17/13:32:48,11.67,2.84,103.4,79.453,12.09,130.262,7226
17/13:32:49,11.61,2.84,103.41,79.398,12.09,130.273,7227
17/13:32:49,11.56,2.83,103.4,79.365,12.09,130.284,7228
17/13:32:50,11.79,2.83,103.41,79.288,12.08,130.295,7229
17/13:32:50,12.02,2.84,103.4,79.211,12.08,130.306,7230
17/13:32:51,12.16,2.84,103.37,79.222,12.08,130.317,7231
17/13:32:51,12.38,2.84,103.36,79.211,12.08,130.328,7232
17/13:32:52,12.73,2.83,103.33,79.189,12.08,130.35,7233
17/13:32:53,13.01,2.85,103.32,79.013,12.08,130.361,7234
17/13:32:53,13.0,2.85,103.3,78.947,12.07,130.372,7235
17/13:32:54,12.87,2.84,103.28,78.892,12.07,130.383,7236
17/13:32:54,12.86,2.85,103.27,78.837,12.07,130.394,7237
17/13:32:55,12.87,2.86,103.26,78.848,12.07,130.405,7238
17/13:32:56,12.94,2.86,103.25,78.716,12.07,130.416,7239
17/13:32:57,13.17,2.87,103.25,78.551,12.07,130.449,7240
17/13:32:57,13.46,2.87,103.24,78.529,12.06,130.46,7241
17/13:32:57,13.81,2.88,103.23,78.496,12.06,130.471,7242
17/13:32:58,14.06,2.88,103.22,78.551,12.06,130.482,7243
17/13:32:59,14.2,2.88,103.21,78.65,12.06,130.493,7244
17/13:32:59,14.27,2.88,103.2,78.551,12.06,130.504,7245
17/13:33:00,14.1,2.87,103.19,78.364,12.05,130.526,7246
17/13:33:01,13.94,2.86,103.18,78.265,12.05,130.537,7247
17/13:33:02,13.52,2.87,103.18,78.166,12.05,130.559,7248
17/13:33:02,13.53,2.88,103.19,78.133,12.05,130.57,7249
17/13:33:03,13.7,2.88,103.19,78.111,12.05,130.581,7250
17/13:33:03,13.79,2.88,103.18,78.166,12.04,130.592,7251
17/13:33:04,13.87,2.88,103.16,78.155,12.04,130.603,7252
17/13:33:05,14.04,2.89,103.14,78.089,12.04,130.614,7253
17/13:33:06,14.39,2.87,103.1,78.045,12.04,130.647,7254
17/13:33:07,14.35,2.86,103.09,78.012,12.03,130.658,7255
17/13:33:07,14.37,2.86,103.08,77.946,12.03,130.669,7256
17/13:33:08,14.48,2.85,103.05,77.924,12.03,130.68,7257
17/13:33:08,14.74,2.85,103.03,77.935,12.03,130.691,7258
17/13:33:09,15.82,2.86,102.96,78.177,12.02,130.724,7259
17/13:33:10,16.44,2.85,102.9,78.221,12.02,130.757,7260
17/13:33:11,16.61,2.84,102.86,78.287,12.02,130.768,7261
17/13:33:12,16.72,2.84,102.84,78.364,12.02,130.779,7262
17/13:33:13,16.53,2.83,102.81,78.452,12.01,130.801,7263
17/13:33:13,16.34,2.83,102.8,78.507,12.01,130.812,7264
17/13:33:14,16.24,2.83,102.81,78.617,12.01,130.823,7265
17/13:33:14,16.14,2.84,102.81,78.65,12.01,130.834,7266
17/13:33:15,16.11,2.85,102.79,78.617,12.0,130.845,7267
17/13:33:16,16.46,2.85,102.8,78.881,12.0,130.867,7268
17/13:33:16,16.74,2.83,102.79,78.936,12.0,130.878,7269
17/13:33:17,16.98,2.83,102.8,78.826,12.0,130.889,7270
17/13:33:17,17.15,2.84,102.8,78.826,11.99,130.9,7271
17/13:33:18,17.36,2.84,102.79,78.903,11.99,130.911,7272
17/13:33:18,17.6,2.82,102.79,79.002,11.99,130.922,7273
17/13:33:19,17.68,2.83,102.77,79.09,11.99,130.933,7274
17/13:33:20,17.65,2.84,102.76,79.2,11.98,130.955,7275
17/13:33:21,17.49,2.85,102.76,79.277,11.98,130.966,7276
17/13:33:21,17.33,2.85,102.74,79.354,11.98,130.977,7277
17/13:33:22,17.07,2.86,102.73,79.541,11.97,131.01,7278
17/13:33:23,17.22,2.87,102.71,79.629,11.97,131.021,7279
17/13:33:24,17.26,2.87,102.72,79.827,11.97,131.043,7280
17/13:33:25,17.36,2.85,102.72,79.827,11.97,131.054,7281
17/13:33:25,17.52,2.87,102.71,79.937,11.96,131.065,7282
17/13:33:26,17.4,2.87,102.72,79.959,11.96,131.087,7283
17/13:33:26,17.47,2.87,102.71,80.058,11.96,131.098,7284
17/13:33:27,17.34,2.9,102.71,80.146,11.96,131.109,7285
17/13:33:27,17.24,2.9,102.7,80.245,11.95,131.12,7286
17/13:33:28,17.06,2.89,102.69,80.366,11.95,131.131,7287
17/13:33:29,17.0,2.9,102.7,80.41,11.95,131.142,7288
17/13:33:29,16.99,2.89,102.68,80.476,11.95,131.153,7289
17/13:33:30,17.01,2.87,102.68,80.476,11.94,131.164,7290
17/13:33:30,17.01,2.86,102.67,80.531,11.94,131.175,7291
17/13:33:31,16.61,2.86,102.68,80.586,11.94,131.197,7292
17/13:33:31,16.39,2.83,102.7,80.751,11.94,131.208,7293
17/13:33:32,16.14,2.82,102.72,80.773,11.94,131.208,7294
17/13:33:32,15.94,2.82,102.73,80.718,11.93,131.23,7295
17/13:33:33,15.38,2.84,102.76,80.784,11.93,131.252,7296
17/13:33:34,15.22,2.85,102.78,80.916,11.93,131.263,7297
17/13:33:35,15.24,2.87,102.79,80.916,11.93,131.274,7298
17/13:33:35,15.47,2.87,102.79,80.894,11.93,131.285,7299
17/13:33:35,15.5,2.88,102.79,80.982,11.92,131.296,7300
17/13:33:36,15.49,2.89,102.78,81.191,11.92,131.318,7301
17/13:33:37,15.55,2.88,102.79,81.202,11.92,131.329,7302
17/13:33:37,15.65,2.88,102.79,81.158,11.92,131.34,7303
17/13:33:38,15.56,2.88,102.78,81.202,11.91,131.362,7304
17/13:33:39,15.27,2.88,102.79,81.114,11.91,131.373,7305
17/13:33:40,14.89,2.86,102.81,81.07,11.91,131.395,7306
17/13:33:41,15.03,2.86,102.85,81.235,11.91,131.417,7307
17/13:33:41,14.95,2.86,102.85,81.246,11.9,131.428,7308
17/13:33:42,13.81,2.7,102.94,81.235,11.9,131.45,7309
17/13:33:43,12.48,2.5,103.05,81.279,11.9,131.461,7310
17/13:33:44,10.01,2.03,103.27,81.158,11.9,131.483,7311
17/13:33:44,8.64,1.78,103.38,81.081,11.89,131.494,7312
17/13:33:45,8.15,1.7,103.41,80.916,11.89,131.516,7313
17/13:33:46,8.07,1.69,103.45,80.916,11.89,131.527,7314
17/13:33:47,9.08,1.91,103.39,80.784,11.89,131.549,7315
17/13:33:47,10.17,2.1,103.3,80.74,11.89,131.56,7316
17/13:33:48,11.01,2.32,103.22,80.729,11.89,131.571,7317
17/13:33:48,11.91,2.54,103.12,80.74,11.89,131.582,7318
17/13:33:49,12.97,2.81,103.04,80.74,11.89,131.593,7319
17/13:33:49,12.79,2.82,103.03,80.74,11.88,131.604,7320
17/13:33:50,12.57,2.81,103.04,80.762,11.88,131.615,7321
17/13:33:50,12.44,2.8,103.06,80.718,11.88,131.626,7322
17/13:33:51,12.66,2.8,103.05,80.553,11.88,131.637,7323
17/13:33:51,12.86,2.81,103.04,80.41,11.88,131.659,7324
17/13:33:52,12.94,2.81,103.04,80.377,11.88,131.67,7325
17/13:33:52,12.9,2.82,103.05,80.366,11.88,131.681,7326
17/13:33:53,12.78,2.83,103.05,80.41,11.87,131.692,7327
17/13:33:54,12.79,2.83,103.06,80.344,11.87,131.703,7328
17/13:33:54,12.9,2.83,103.03,80.267,11.87,131.714,7329
17/13:33:55,12.72,2.84,103.02,80.333,11.87,131.725,7330
17/13:33:55,12.42,2.84,103.02,80.344,11.87,131.736,7331
17/13:33:56,12.27,2.84,103.02,80.355,11.87,131.747,7332
17/13:33:56,12.27,2.84,103.03,80.311,11.87,131.758,7333
17/13:33:57,12.44,2.84,103.04,80.344,11.86,131.78,7334
17/13:33:58,12.52,2.82,103.02,80.333,11.86,131.791,7335
17/13:33:59,12.68,2.83,103.03,80.322,11.86,131.813,7336
17/13:33:59,12.96,2.83,103.03,80.366,11.86,131.824,7337
17/13:34:00,13.18,2.83,103.01,80.3,11.86,131.846,7338
17/13:34:00,13.49,2.83,102.99,80.245,11.85,131.868,7339
17/13:34:01,13.43,2.82,103.01,80.201,11.85,131.879,7340
17/13:34:02,13.27,2.83,103.04,80.201,11.85,131.89,7341
17/13:34:02,12.89,2.82,103.06,80.234,11.85,131.901,7342
17/13:34:03,12.2,2.82,103.1,80.256,11.84,131.923,7343
17/13:34:04,11.71,2.81,103.17,80.124,11.84,131.945,7344
17/13:34:05,11.32,2.82,103.19,80.135,11.84,131.956,7345
17/13:34:05,11.16,2.83,103.19,80.102,11.84,131.967,7346
17/13:34:06,11.04,2.82,103.19,80.003,11.84,131.978,7347
17/13:34:06,10.93,2.81,103.19,79.97,11.84,131.989,7348
17/13:34:07,10.69,2.81,103.2,80.025,11.84,132.0,7349
17/13:34:08,10.5,2.8,103.2,80.025,11.83,132.022,7350
17/13:34:08,10.3,2.81,103.2,80.025,11.83,132.044,7351
17/13:34:10,10.18,2.8,103.19,80.113,11.83,132.066,7352
17/13:34:10,10.16,2.8,103.19,80.113,11.83,132.077,7353
17/13:34:11,10.21,2.8,103.18,80.036,11.83,132.088,7354
17/13:34:11,10.22,2.8,103.17,80.025,11.83,132.099,7355
17/13:34:12,10.31,2.8,103.16,80.102,11.83,132.11,7356
17/13:34:12,10.34,2.79,103.17,80.091,11.83,132.121,7357
17/13:34:13,10.34,2.79,103.16,80.036,11.82,132.132,7358
17/13:34:13,10.28,2.78,103.16,79.959,11.82,132.143,7359
17/13:34:14,10.34,2.78,103.16,79.992,11.82,132.154,7360
17/13:34:15,10.38,2.77,103.16,79.981,11.82,132.165,7361
17/13:34:15,10.31,2.76,103.19,80.025,11.82,132.187,7362
17/13:34:16,10.25,2.76,103.2,80.014,11.82,132.198,7363
17/13:34:17,10.27,2.76,103.21,79.882,11.82,132.22,7364
17/13:34:17,10.28,2.74,103.23,79.794,11.82,132.231,7365
17/13:34:18,10.34,2.76,103.24,79.816,11.81,132.242,7366
17/13:34:18,10.41,2.76,103.23,79.816,11.81,132.253,7367
17/13:34:19,10.55,2.76,103.22,79.816,11.81,132.264,7368
17/13:34:19,10.7,2.76,103.22,79.728,11.81,132.275,7369
17/13:34:20,10.73,2.78,103.25,79.508,11.81,132.297,7370
17/13:34:21,10.62,2.77,103.24,79.486,11.81,132.308,7371
17/13:34:21,10.51,2.78,103.24,79.376,11.81,132.308,7372
17/13:34:22,10.39,2.77,103.25,79.266,11.8,132.33,7373
17/13:34:22,10.24,2.77,103.27,79.222,11.8,132.341,7374
17/13:34:23,9.87,2.77,103.28,79.2,11.8,132.352,7375
17/13:34:24,9.53,2.77,103.28,79.035,11.8,132.374,7376
17/13:34:25,9.4,2.77,103.3,78.815,11.8,132.396,7377
17/13:34:26,9.39,2.77,103.3,78.694,11.8,132.418,7378
17/13:34:26,9.57,2.77,103.3,78.485,11.8,132.418,7379
17/13:34:27,9.76,2.77,103.31,78.353,11.8,132.429,7380
17/13:34:27,10.01,2.77,103.3,78.375,11.79,132.451,7381
17/13:34:28,10.34,2.77,103.28,78.331,11.79,132.473,7382
17/13:34:29,10.41,2.77,103.28,78.155,11.79,132.484,7383
17/13:34:29,10.47,2.77,103.27,78.001,11.79,132.495,7384
17/13:34:30,10.42,2.77,103.28,77.858,11.79,132.506,7385
17/13:34:30,10.21,2.78,103.28,77.803,11.79,132.517,7386
17/13:34:31,9.94,2.77,103.27,77.704,11.79,132.528,7387
17/13:34:31,9.75,2.78,103.28,77.682,11.79,132.539,7388
17/13:34:32,9.83,2.77,103.28,77.616,11.78,132.55,7389
17/13:34:32,9.76,2.77,103.27,77.561,11.78,132.561,7390
17/13:34:33,9.68,2.79,103.27,77.473,11.78,132.583,7391
17/13:34:34,9.79,2.8,103.27,77.308,11.78,132.594,7392
17/13:34:35,10.37,2.81,103.27,77.187,11.78,132.616,7393
17/13:34:35,10.42,2.81,103.27,77.154,11.78,132.616,7394
17/13:34:36,10.27,2.82,103.28,77.011,11.78,132.627,7395
17/13:34:36,10.2,2.82,103.28,76.945,11.78,132.649,7396
17/13:34:37,10.21,2.82,103.3,76.967,11.77,132.66,7397
17/13:34:37,10.44,2.83,103.3,76.945,11.77,132.671,7398
17/13:34:38,10.41,2.83,103.3,76.769,11.77,132.682,7399
17/13:34:39,10.16,2.82,103.3,76.648,11.77,132.693,7400
17/13:34:39,9.97,2.82,103.3,76.527,11.77,132.704,7401
17/13:34:40,10.08,2.82,103.31,76.461,11.77,132.715,7402
17/13:34:40,10.21,2.82,103.3,76.373,11.77,132.726,7403
17/13:34:41,10.19,2.82,103.3,76.307,11.77,132.737,7404
17/13:34:41,10.08,2.82,103.28,76.274,11.77,132.748,7405
17/13:34:42,10.16,2.82,103.28,76.131,11.76,132.77,7406
17/13:34:43,10.16,2.82,103.28,76.032,11.76,132.781,7407
17/13:34:44,10.07,2.81,103.27,75.911,11.76,132.792,7408
17/13:34:44,10.04,2.81,103.28,75.779,11.76,132.803,7409
17/13:34:45,10.04,2.82,103.28,75.592,11.76,132.825,7410
17/13:34:45,10.14,2.82,103.28,75.581,11.76,132.836,7411
17/13:34:46,10.18,2.81,103.27,75.581,11.76,132.847,7412
17/13:34:48,10.27,2.82,103.24,75.042,11.75,132.891,7413
17/13:34:48,10.21,2.81,103.24,74.998,11.75,132.902,7414
17/13:34:49,10.26,2.82,103.24,74.932,11.75,132.913,7415
17/13:34:50,10.41,2.82,103.25,74.811,11.75,132.924,7416
17/13:34:50,10.24,2.81,103.24,74.756,11.75,132.935,7417
17/13:34:51,10.28,2.82,103.23,74.69,11.75,132.946,7418
17/13:34:51,10.56,2.82,103.23,74.657,11.74,132.957,7419
17/13:34:52,10.45,2.82,103.23,74.657,11.74,132.968,7420
17/13:34:52,10.46,2.81,103.24,74.624,11.74,132.979,7421
17/13:34:53,10.6,2.82,103.25,74.558,11.74,132.99,7422
17/13:34:54,10.65,2.81,103.22,74.47,11.74,133.012,7423
17/13:34:54,10.71,2.82,103.23,74.382,11.74,133.023,7424
17/13:34:55,10.76,2.82,103.25,74.327,11.74,133.034,7425
17/13:34:55,10.63,2.83,103.24,74.272,11.74,133.045,7426
17/13:34:56,10.97,2.83,103.24,74.217,11.73,133.056,7427
17/13:34:58,11.56,2.84,103.17,74.063,11.73,133.111,7428
17/13:34:59,11.6,2.84,103.15,74.074,11.73,133.122,7429
17/13:35:00,11.72,2.83,103.14,74.03,11.73,133.133,7430
17/13:35:01,11.52,2.84,103.13,74.041,11.72,133.155,7431
17/13:35:02,11.42,2.81,103.14,74.052,11.72,133.177,7432
17/13:35:02,11.51,2.81,103.14,74.063,11.72,133.188,7433
17/13:35:03,11.39,2.81,103.13,74.008,11.72,133.199,7434
17/13:35:03,11.6,2.82,103.13,73.898,11.72,133.21,7435
17/13:35:04,11.53,2.82,103.14,73.887,11.72,133.221,7436
17/13:35:04,11.67,2.82,103.15,73.865,11.71,133.232,7437
17/13:35:05,11.59,2.83,103.17,73.799,11.71,133.243,7438
17/13:35:06,11.67,2.84,103.14,73.898,11.71,133.265,7439
17/13:35:07,11.57,2.84,103.14,73.865,11.71,133.276,7440
17/13:35:07,11.7,2.84,103.15,73.898,11.71,133.287,7441
17/13:35:08,11.47,2.83,103.15,73.931,11.71,133.298,7442
17/13:35:08,11.69,2.83,103.13,73.953,11.7,133.309,7443
17/13:35:09,11.6,2.83,103.12,73.942,11.7,133.32,7444
17/13:35:09,11.89,2.83,103.09,73.876,11.7,133.331,7445
17/13:35:10,11.89,2.81,103.08,73.843,11.7,133.342,7446
17/13:35:10,12.11,2.82,103.06,73.876,11.7,133.353,7447
17/13:35:11,12.21,2.82,103.04,73.898,11.7,133.364,7448
17/13:35:11,12.39,2.83,103.01,73.898,11.7,133.375,7449
17/13:35:12,12.57,2.82,103.0,73.81,11.7,133.386,7450
17/13:35:12,12.52,2.83,102.98,73.799,11.69,133.397,7451
17/13:35:13,12.75,2.83,102.98,73.909,11.69,133.408,7452
17/13:35:13,12.64,2.82,102.97,74.008,11.69,133.408,7453
17/13:35:14,12.7,2.82,102.97,74.008,11.69,133.43,7454
17/13:35:14,12.63,2.82,102.98,74.008,11.69,133.441,7455
17/13:35:15,12.74,2.81,102.98,74.063,11.69,133.452,7456
17/13:35:15,12.62,2.81,102.97,74.085,11.69,133.463,7457
17/13:35:16,12.73,2.81,102.97,74.129,11.68,133.474,7458
17/13:35:16,12.67,2.81,102.97,74.184,11.68,133.485,7459
17/13:35:17,12.61,2.81,102.96,74.217,11.68,133.496,7460
17/13:35:18,12.48,2.81,102.96,74.239,11.68,133.507,7461
17/13:35:18,12.51,2.81,102.96,74.261,11.68,133.507,7462
17/13:35:19,12.6,2.84,102.96,74.305,11.68,133.529,7463
17/13:35:19,12.48,2.82,102.96,74.305,11.68,133.54,7464
17/13:35:20,12.6,2.83,102.96,74.393,11.67,133.54,7465
17/13:35:21,12.77,2.84,102.97,74.58,11.67,133.573,7466
17/13:35:22,12.74,2.84,102.96,74.591,11.67,133.584,7467
17/13:35:23,12.86,2.84,102.97,74.569,11.67,133.606,7468
17/13:35:24,12.9,2.84,102.95,74.646,11.66,133.617,7469
17/13:35:24,12.84,2.85,102.94,74.701,11.66,133.639,7470
17/13:35:25,12.67,2.84,102.94,74.745,11.66,133.65,7471
17/13:35:26,12.83,2.84,102.93,74.767,11.66,133.672,7472
17/13:35:27,12.65,2.85,102.93,74.734,11.65,133.683,7473
17/13:35:27,12.62,2.86,102.94,74.745,11.65,133.705,7474
17/13:35:28,12.56,2.85,102.92,74.734,11.65,133.716,7475
17/13:35:28,12.6,2.85,102.94,74.756,11.65,133.716,7476
17/13:35:29,12.56,2.86,102.93,74.767,11.65,133.727,7477
17/13:35:30,12.48,2.85,102.95,74.756,11.65,133.749,7478
17/13:35:31,12.64,2.86,102.92,74.701,11.64,133.782,7479
17/13:35:32,12.75,2.84,102.93,74.745,11.64,133.793,7480
17/13:35:32,12.69,2.84,102.94,74.745,11.64,133.804,7481
17/13:35:33,12.8,2.84,102.93,74.657,11.64,133.815,7482
17/13:35:34,12.81,2.84,102.92,74.679,11.63,133.837,7483
17/13:35:34,12.89,2.84,102.93,74.679,11.63,133.848,7484
17/13:35:35,12.92,2.84,102.92,74.778,11.63,133.859,7485
17/13:35:36,12.88,2.84,102.91,74.8,11.63,133.881,7486
17/13:35:36,12.9,2.85,102.92,74.8,11.63,133.892,7487
17/13:35:38,12.91,2.85,102.93,74.855,11.62,133.914,7488
17/13:35:38,12.86,2.85,102.92,74.888,11.62,133.925,7489
17/13:35:39,12.77,2.84,102.93,74.932,11.62,133.936,7490
17/13:35:39,12.8,2.84,102.92,74.998,11.62,133.947,7491
17/13:35:40,12.73,2.83,102.93,74.998,11.62,133.958,7492
17/13:35:40,12.7,2.82,102.93,74.954,11.62,133.969,7493
17/13:35:41,12.77,2.83,102.93,75.02,11.62,133.98,7494
17/13:35:42,12.62,2.82,102.92,74.976,11.61,134.002,7495
17/13:35:43,12.66,2.82,102.91,74.965,11.61,134.024,7496
17/13:35:44,12.75,2.82,102.9,74.987,11.61,134.035,7497
17/13:35:45,12.77,2.81,102.9,75.042,11.61,134.057,7498
17/13:35:46,12.72,2.82,102.89,75.207,11.6,134.09,7499
17/13:35:46,12.88,2.83,102.91,75.24,11.6,134.101,7500
17/13:35:48,12.56,2.83,102.92,75.339,11.6,134.123,7501
17/13:35:48,12.6,2.84,102.92,75.284,11.6,134.134,7502
17/13:35:49,12.46,2.84,102.91,75.273,11.59,134.145,7503
17/13:35:49,12.38,2.84,102.91,75.251,11.59,134.156,7504
17/13:35:50,12.54,2.83,102.91,75.24,11.59,134.167,7505
17/13:35:50,12.41,2.82,102.9,75.218,11.59,134.178,7506
17/13:35:51,12.18,2.82,102.89,75.163,11.59,134.189,7507
17/13:35:51,12.36,2.82,102.88,75.108,11.59,134.2,7508
17/13:35:52,12.2,2.81,102.88,75.185,11.58,134.222,7509
17/13:35:53,12.36,2.8,102.87,75.141,11.58,134.233,7510
17/13:35:53,12.27,2.8,102.87,75.086,11.58,134.244,7511
17/13:35:54,12.23,2.8,102.85,75.163,11.58,134.255,7512
17/13:35:54,12.35,2.79,102.88,75.229,11.58,134.266,7513
17/13:35:55,12.32,2.79,102.86,75.185,11.58,134.277,7514
17/13:35:56,12.3,2.81,102.88,75.163,11.57,134.299,7515
17/13:35:56,12.34,2.81,102.88,75.097,11.57,134.31,7516
17/13:35:57,12.24,2.81,102.89,75.097,11.57,134.321,7517
17/13:35:58,12.2,2.81,102.88,75.141,11.57,134.332,7518
17/13:35:58,12.23,2.82,102.89,75.108,11.57,134.343,7519
17/13:35:59,12.3,2.83,102.91,75.009,11.57,134.354,7520
17/13:35:59,12.08,2.84,102.88,74.976,11.56,134.376,7521
17/13:36:00,12.26,2.84,102.89,74.998,11.56,134.387,7522
17/13:36:01,12.15,2.84,102.89,75.086,11.56,134.409,7523
17/13:36:02,12.19,2.83,102.9,75.086,11.56,134.42,7524
17/13:36:02,12.2,2.83,102.88,75.042,11.56,134.431,7525
17/13:36:03,12.22,2.83,102.9,75.009,11.56,134.442,7526
17/13:36:04,12.43,2.81,102.91,75.009,11.55,134.453,7527
17/13:36:04,12.49,2.81,102.91,74.954,11.55,134.475,7528
17/13:36:05,12.61,2.81,102.91,74.899,11.55,134.486,7529
17/13:36:07,12.37,2.81,102.91,74.855,11.54,134.53,7530
17/13:36:08,12.15,2.82,102.91,74.723,11.54,134.552,7531
17/13:36:08,12.11,2.83,102.9,74.8,11.54,134.563,7532
17/13:36:09,12.06,2.82,102.89,74.888,11.54,134.574,7533
17/13:36:10,12.32,2.82,102.9,74.8,11.54,134.585,7534
17/13:36:10,12.12,2.82,102.89,74.778,11.54,134.596,7535
17/13:36:11,12.33,2.83,102.89,74.734,11.54,134.607,7536
17/13:36:11,12.35,2.83,102.89,74.745,11.53,134.618,7537
17/13:36:12,12.41,2.82,102.88,74.745,11.53,134.64,7538
17/13:36:13,12.26,2.81,102.89,74.734,11.53,134.651,7539
17/13:36:14,12.28,2.83,102.87,74.657,11.53,134.673,7540
17/13:36:14,12.3,2.83,102.86,74.69,11.53,134.684,7541
17/13:36:15,12.3,2.84,102.86,74.756,11.52,134.695,7542
17/13:36:16,12.31,2.85,102.87,74.778,11.52,134.706,7543
17/13:36:16,12.32,2.85,102.88,74.866,11.52,134.728,7544
17/13:36:18,12.35,2.82,102.88,75.031,11.52,134.761,7545
17/13:36:18,12.34,2.83,102.89,75.097,11.51,134.772,7546
17/13:36:19,12.25,2.81,102.87,75.097,11.51,134.783,7547
17/13:36:20,12.34,2.81,102.85,75.13,11.51,134.794,7548
17/13:36:20,12.17,2.8,102.83,75.24,11.51,134.805,7549
17/13:36:21,12.27,2.81,102.84,75.262,11.51,134.816,7550
17/13:36:22,12.25,2.82,102.84,75.394,11.51,134.827,7551
17/13:36:22,12.37,2.81,102.84,75.449,11.5,134.849,7552
17/13:36:24,12.14,2.81,102.85,75.658,11.5,134.871,7553
17/13:36:24,12.26,2.81,102.88,75.867,11.5,134.893,7554
17/13:36:25,12.33,2.79,102.85,76.109,11.5,134.915,7555
17/13:36:26,12.54,2.8,102.84,76.351,11.49,134.926,7556
17/13:36:26,12.67,2.8,102.81,76.582,11.49,134.937,7557
17/13:36:27,12.88,2.8,102.79,76.725,11.49,134.948,7558
17/13:36:27,13.16,2.8,102.77,76.901,11.49,134.959,7559
17/13:36:28,12.76,2.66,102.8,77.11,11.49,134.97,7560
17/13:36:30,9.89,2.05,103.04,77.682,11.48,135.003,7561
17/13:36:31,8.87,1.9,103.11,77.946,11.48,135.025,7562
17/13:36:32,8.87,1.9,103.09,78.243,11.48,135.047,7563
17/13:36:32,9.37,2.04,103.04,78.496,11.48,135.058,7564
17/13:36:33,10.4,2.22,102.94,78.749,11.48,135.069,7565
17/13:36:34,11.54,2.45,102.84,79.068,11.48,135.08,7566
17/13:36:34,13.66,2.81,102.66,79.684,11.47,135.102,7567
17/13:36:35,13.68,2.81,102.64,79.959,11.47,135.124,7568
17/13:36:36,13.77,2.81,102.64,80.729,11.47,135.146,7569
17/13:36:38,12.41,2.8,102.75,81.62,11.46,135.179,7570
17/13:36:38,11.38,2.8,102.84,81.752,11.46,135.19,7571
17/13:36:39,8.1,2.46,103.19,81.763,11.46,135.212,7572
17/13:36:39,6.25,2.41,103.36,81.631,11.46,135.223,7573
17/13:36:40,4.54,2.35,103.52,81.378,11.46,135.234,7574
17/13:36:41,3.1,2.18,103.66,81.367,11.46,135.245,7575
17/13:36:41,1.83,2.0,103.78,81.268,11.46,135.256,7576
17/13:36:42,0.31,1.69,103.98,81.125,11.46,135.289,7577
17/13:36:43,0.08,1.78,104.01,81.268,11.46,135.3,7578
17/13:36:44,0.11,2.06,104.02,81.521,11.46,135.322,7579
17/13:36:44,0.12,2.14,104.03,81.565,11.46,135.333,7580
17/13:36:45,0.14,2.32,104.09,81.565,11.46,135.344,7581
17/13:36:45,0.16,2.51,104.12,81.576,11.46,135.355,7582
17/13:36:47,0.19,2.77,104.11,81.708,11.46,135.377,7583
17/13:36:47,0.19,2.77,104.12,81.741,11.46,135.388,7584
17/13:36:48,0.19,2.76,104.13,81.752,11.46,135.399,7585
17/13:36:48,0.19,2.76,104.15,81.818,11.46,135.432,7586
17/13:36:50,0.18,2.76,104.17,82.016,11.46,135.454,7587
17/13:36:51,0.19,2.75,104.17,82.17,11.47,135.476,7588
17/13:36:52,0.19,2.75,104.19,82.489,11.47,135.509,7589
17/13:36:53,0.19,2.75,104.2,82.621,11.47,135.531,7590
17/13:36:54,0.19,2.76,104.21,82.764,11.47,135.553,7591
17/13:36:54,0.19,2.76,104.21,82.841,11.47,135.564,7592
17/13:36:55,0.19,2.77,104.24,83.083,11.47,135.586,7593
17/13:36:56,0.19,2.77,104.24,83.215,11.47,135.597,7594
17/13:36:57,0.19,2.77,104.24,83.325,11.47,135.608,7595
17/13:36:57,0.19,2.78,104.25,83.589,11.47,135.63,7596
17/13:36:58,0.19,2.78,104.25,83.633,11.47,135.641,7597
17/13:36:58,0.19,2.78,104.26,83.71,11.47,135.663,7598
17/13:36:59,0.19,2.78,104.26,83.787,11.47,135.674,7599
17/13:37:00,0.19,2.79,104.27,83.908,11.47,135.696,7600
17/13:37:01,0.19,2.79,104.28,83.897,11.47,135.707,7601
17/13:37:01,0.19,2.79,104.28,83.941,11.47,135.718,7602
17/13:37:02,0.19,2.78,104.28,83.908,11.47,135.729,7603
17/13:37:02,0.19,2.78,104.3,83.831,11.47,135.74,7604
17/13:37:03,0.19,2.78,104.3,83.864,11.47,135.751,7605
17/13:37:03,0.2,2.78,104.3,83.82,11.47,135.762,7606
17/13:37:04,0.2,2.77,104.31,83.688,11.47,135.784,7607
17/13:37:04,0.2,2.77,104.31,83.622,11.47,135.795,7608
17/13:37:05,0.2,2.77,104.31,83.578,11.48,135.806,7609
17/13:37:06,0.19,2.77,104.32,83.501,11.48,135.828,7610
17/13:37:07,0.19,2.77,104.32,83.446,11.48,135.839,7611
17/13:37:07,0.19,2.77,104.33,83.27,11.48,135.85,7612
17/13:37:08,0.19,2.77,104.34,83.116,11.48,135.883,7613
17/13:37:08,0.2,2.77,104.34,82.918,11.48,135.894,7614
17/13:37:09,0.2,2.77,104.35,82.643,11.48,135.905,7615
17/13:37:10,0.2,2.77,104.35,82.511,11.48,135.916,7616
17/13:37:10,0.2,2.77,104.35,82.478,11.48,135.916,7617
17/13:37:11,0.19,2.77,104.36,82.28,11.48,135.927,7618
17/13:37:11,0.19,2.77,104.36,82.093,11.48,135.949,7619
17/13:37:12,0.19,2.77,104.36,81.939,11.48,135.96,7620
17/13:37:12,0.19,2.77,104.36,81.73,11.48,135.971,7621
17/13:37:13,0.19,2.77,104.37,81.554,11.48,135.982,7622
17/13:37:13,0.19,2.77,104.37,81.411,11.48,135.993,7623
17/13:37:14,0.19,2.77,104.37,81.246,11.48,136.004,7624
17/13:37:15,0.18,2.66,104.4,81.07,11.48,136.015,7625
17/13:37:15,0.15,2.42,104.44,80.762,11.48,136.037,7626
17/13:37:15,0.13,2.21,104.48,80.388,11.48,136.048,7627
17/13:37:16,0.1,1.95,104.53,80.19,11.48,136.059,7628
17/13:37:17,0.1,1.94,104.55,79.728,11.48,136.081,7629
17/13:37:18,0.1,1.94,104.54,79.541,11.48,136.092,7630
17/13:37:18,0.19,2.22,104.49,79.112,11.48,136.114,7631
17/13:37:19,0.34,2.46,104.45,78.859,11.48,136.125,7632
17/13:37:20,1.44,2.73,104.35,78.749,11.48,136.136,7633
17/13:37:20,2.83,2.77,104.23,78.716,11.48,136.147,7634
17/13:37:21,4.57,2.77,104.09,78.793,11.48,136.158,7635
17/13:37:22,8.14,2.81,103.72,78.98,11.48,136.18,7636
17/13:37:22,10.01,2.81,103.54,79.156,11.48,136.191,7637
17/13:37:23,11.71,2.81,103.34,79.354,11.48,136.202,7638
17/13:37:23,13.39,2.81,103.17,79.53,11.48,136.224,7639
17/13:37:24,13.82,2.82,103.06,79.629,11.48,136.235,7640
17/13:37:25,13.95,2.81,103.0,79.706,11.48,136.246,7641
17/13:37:25,13.96,2.81,102.98,79.871,11.47,136.257,7642
17/13:37:25,13.8,2.81,102.98,79.937,11.47,136.268,7643
17/13:37:27,13.37,2.8,103.02,80.124,11.47,136.29,7644
17/13:37:27,13.02,2.79,103.06,80.19,11.47,136.301,7645
17/13:37:28,12.83,2.8,103.08,80.278,11.47,136.312,7646
17/13:37:28,12.88,2.81,103.11,80.322,11.47,136.323,7647
17/13:37:29,12.7,2.81,103.13,80.421,11.46,136.334,7648
17/13:37:29,12.48,2.81,103.14,80.443,11.46,136.345,7649
17/13:37:30,12.26,2.81,103.16,80.476,11.46,136.356,7650
17/13:37:30,12.01,2.79,103.18,80.608,11.46,136.367,7651
17/13:37:31,11.65,2.79,103.19,80.729,11.46,136.378,7652
17/13:37:31,11.43,2.79,103.19,80.861,11.46,136.389,7653
17/13:37:32,11.15,2.79,103.19,81.004,11.46,136.4,7654
17/13:37:33,10.82,2.79,103.19,81.147,11.45,136.433,7655
17/13:37:34,10.88,2.81,103.2,81.169,11.45,136.455,7656
17/13:37:35,10.92,2.81,103.22,81.191,11.45,136.466,7657
17/13:37:35,10.61,2.81,103.25,81.323,11.45,136.488,7658
17/13:37:36,10.34,2.8,103.27,81.433,11.45,136.499,7659
17/13:37:37,9.94,2.8,103.28,81.389,11.45,136.51,7660
17/13:37:38,8.91,2.8,103.38,81.334,11.43,136.532,7661
17/13:37:38,8.52,2.79,103.4,81.29,11.43,136.543,7662
17/13:37:39,8.28,2.79,103.44,81.312,11.43,136.565,7663
17/13:37:39,7.67,2.79,103.51,81.147,11.43,136.587,7664
17/13:37:41,7.3,2.79,103.55,81.136,11.43,136.609,7665
17/13:37:41,7.32,2.8,103.56,81.081,11.43,136.62,7666
17/13:37:42,7.54,2.8,103.59,81.026,11.43,136.631,7667
17/13:37:42,7.4,2.8,103.61,80.883,11.43,136.642,7668
17/13:37:43,7.11,2.79,103.6,80.872,11.43,136.653,7669
17/13:37:44,7.05,2.8,103.6,80.971,11.43,136.675,7670
17/13:37:45,6.99,2.8,103.62,80.795,11.42,136.686,7671
17/13:37:45,6.37,2.79,103.62,80.641,11.42,136.708,7672
17/13:37:46,6.13,2.79,103.62,80.509,11.42,136.73,7673
17/13:37:46,6.14,2.79,103.62,80.421,11.42,136.741,7674
17/13:37:47,6.53,2.79,103.64,80.135,11.42,136.763,7675
17/13:37:48,6.64,2.79,103.66,79.959,11.42,136.774,7676
17/13:37:49,6.72,2.79,103.65,79.816,11.42,136.785,7677
17/13:37:49,7.1,2.78,103.65,79.673,11.42,136.807,7678
17/13:37:50,7.3,2.78,103.66,79.695,11.42,136.818,7679
17/13:37:51,7.33,2.77,103.67,79.607,11.42,136.829,7680
17/13:37:51,7.27,2.78,103.69,79.486,11.42,136.84,7681
17/13:37:52,7.26,2.77,103.69,79.387,11.42,136.851,7682
17/13:37:53,7.6,2.77,103.69,79.266,11.42,136.873,7683
17/13:37:54,7.81,2.79,103.68,79.266,11.42,136.906,7684
17/13:37:54,7.83,2.78,103.67,79.233,11.42,136.917,7685
17/13:37:55,7.8,2.79,103.65,79.211,11.42,136.928,7686
17/13:37:55,7.84,2.79,103.65,79.123,11.42,136.939,7687
17/13:37:57,7.75,2.79,103.63,78.991,11.42,136.961,7688
17/13:37:57,7.77,2.79,103.62,78.892,11.42,136.972,7689
17/13:37:58,7.62,2.79,103.63,78.903,11.42,136.983,7690
17/13:37:58,7.47,2.79,103.63,78.936,11.42,136.994,7691
17/13:37:59,7.3,2.79,103.62,79.013,11.42,137.016,7692
17/13:38:00,7.11,2.8,103.6,78.991,11.41,137.027,7693
17/13:38:01,7.04,2.8,103.6,79.024,11.41,137.049,7694
17/13:38:01,6.79,2.8,103.6,78.969,11.41,137.06,7695
17/13:38:02,6.64,2.79,103.59,78.936,11.41,137.071,7696
17/13:38:03,6.28,2.78,103.6,78.859,11.41,137.093,7697
17/13:38:03,6.08,2.77,103.61,78.815,11.41,137.104,7698
17/13:38:05,5.83,2.75,103.6,78.76,11.41,137.126,7699
17/13:38:05,6.25,2.75,103.59,78.826,11.41,137.159,7700
17/13:38:06,6.96,2.76,103.57,78.859,11.41,137.181,7701
17/13:38:07,7.36,2.77,103.56,78.87,11.41,137.192,7702
17/13:38:08,7.77,2.77,103.55,78.925,11.41,137.214,7703
17/13:38:09,7.78,2.78,103.54,79.024,11.4,137.236,7704
17/13:38:10,7.68,2.79,103.53,79.101,11.4,137.247,7705
17/13:38:10,7.52,2.79,103.53,79.156,11.4,137.258,7706
17/13:38:11,7.38,2.79,103.49,79.233,11.4,137.28,7707
17/13:38:12,7.46,2.79,103.47,79.431,11.4,137.302,7708
17/13:38:13,7.47,2.8,103.46,79.497,11.4,137.313,7709
17/13:38:13,7.44,2.8,103.47,79.541,11.4,137.324,7710
17/13:38:14,7.44,2.79,103.51,79.585,11.4,137.346,7711
17/13:38:15,7.42,2.8,103.53,79.596,11.4,137.357,7712
17/13:38:16,7.41,2.8,103.56,79.563,11.4,137.368,7713
17/13:38:16,7.47,2.79,103.56,79.508,11.4,137.379,7714
17/13:38:17,7.45,2.79,103.59,79.563,11.4,137.39,7715
17/13:38:18,7.34,2.78,103.59,79.706,11.39,137.434,7716
17/13:38:18,7.11,2.78,103.57,79.717,11.39,137.445,7717
17/13:38:19,6.88,2.77,103.57,79.794,11.39,137.456,7718
17/13:38:19,6.69,2.77,103.59,79.926,11.39,137.467,7719
17/13:38:20,6.47,2.78,103.59,79.926,11.39,137.478,7720
17/13:38:22,6.67,2.79,103.63,79.97,11.39,137.511,7721
17/13:38:23,7.19,2.78,103.65,79.981,11.39,137.533,7722
17/13:38:23,7.32,2.79,103.66,79.904,11.39,137.544,7723
17/13:38:24,7.28,2.79,103.66,79.915,11.39,137.555,7724
17/13:38:25,7.01,2.78,103.65,79.948,11.38,137.577,7725
17/13:38:25,6.67,2.79,103.63,79.959,11.38,137.599,7726
17/13:38:26,6.06,2.78,103.62,80.036,11.38,137.621,7727
17/13:38:27,5.88,2.78,103.6,80.113,11.38,137.632,7728
17/13:38:27,5.71,2.77,103.6,80.135,11.38,137.643,7729
17/13:38:28,5.67,2.76,103.57,80.091,11.38,137.654,7730
17/13:38:28,5.59,2.76,103.59,80.036,11.38,137.665,7731
17/13:38:29,5.6,2.77,103.6,79.981,11.38,137.676,7732
17/13:38:30,5.67,2.76,103.62,79.948,11.38,137.687,7733
17/13:38:30,5.78,2.77,103.63,79.871,11.38,137.698,7734
17/13:38:31,5.82,2.77,103.64,79.761,11.38,137.709,7735
17/13:38:33,5.54,2.77,103.71,79.398,11.38,137.753,7736
17/13:38:34,5.11,2.74,103.74,79.167,11.38,137.786,7737
17/13:38:34,4.9,2.75,103.74,79.046,11.38,137.797,7738
17/13:38:35,4.69,2.73,103.73,78.914,11.38,137.808,7739
17/13:38:35,4.53,2.73,103.73,78.76,11.38,137.808,7740
17/13:38:36,4.56,2.74,103.76,78.606,11.38,137.83,7741
17/13:38:37,4.68,2.74,103.76,78.408,11.38,137.841,7742
17/13:38:37,4.97,2.74,103.76,78.298,11.38,137.852,7743
17/13:38:38,5.22,2.76,103.76,78.265,11.38,137.863,7744
17/13:38:38,5.41,2.78,103.75,78.243,11.37,137.885,7745
17/13:38:39,5.41,2.77,103.76,78.21,11.37,137.896,7746
17/13:38:39,5.35,2.77,103.75,78.111,11.37,137.907,7747
17/13:38:40,5.19,2.77,103.75,77.858,11.37,137.918,7748
17/13:38:40,5.01,2.77,103.76,77.561,11.37,137.929,7749
17/13:38:41,4.96,2.78,103.76,77.341,11.37,137.94,7750
17/13:38:42,4.83,2.78,103.77,77.33,11.37,137.951,7751
17/13:38:42,4.69,2.78,103.78,77.132,11.37,137.962,7752
17/13:38:43,4.64,2.78,103.78,76.901,11.37,137.973,7753
17/13:38:44,4.92,2.79,103.8,76.582,11.37,137.995,7754
17/13:38:44,4.91,2.78,103.8,76.428,11.37,138.006,7755
17/13:38:45,5.0,2.78,103.79,76.197,11.37,138.017,7756
17/13:38:45,5.03,2.77,103.79,76.021,11.37,138.028,7757
17/13:38:46,5.02,2.77,103.78,75.812,11.37,138.039,7758
17/13:38:46,5.05,2.77,103.78,75.603,11.37,138.05,7759
17/13:38:47,5.28,2.77,103.8,75.383,11.37,138.061,7760
17/13:38:47,5.32,2.77,103.79,75.207,11.37,138.072,7761
17/13:38:48,5.28,2.77,103.79,75.053,11.37,138.083,7762
17/13:38:49,5.34,2.77,103.8,74.624,11.37,138.105,7763
17/13:38:50,6.14,2.77,103.75,74.36,11.37,138.116,7764
17/13:38:51,6.53,2.77,103.72,74.294,11.37,138.127,7765
17/13:38:51,6.86,2.77,103.68,74.118,11.37,138.149,7766
17/13:38:52,7.09,2.76,103.65,74.008,11.36,138.16,7767
17/13:38:52,7.64,2.76,103.6,73.887,11.36,138.171,7768
17/13:38:53,7.98,2.76,103.56,73.711,11.36,138.182,7769
17/13:38:53,8.26,2.77,103.51,73.469,11.36,138.193,7770
17/13:38:54,8.28,2.77,103.5,73.392,11.36,138.204,7771
17/13:38:54,8.28,2.77,103.48,73.326,11.36,138.215,7772
17/13:38:55,8.4,2.78,103.45,73.249,11.36,138.226,7773
17/13:38:56,8.39,2.79,103.44,72.93,11.36,138.248,7774
17/13:38:57,8.28,2.79,103.46,72.743,11.36,138.259,7775
17/13:38:57,8.32,2.8,103.45,72.523,11.36,138.27,7776
17/13:38:58,8.31,2.8,103.43,72.336,11.36,138.281,7777
17/13:38:58,8.24,2.8,103.42,72.226,11.36,138.292,7778
17/13:38:59,8.27,2.79,103.43,72.072,11.35,138.303,7779
17/13:38:59,8.19,2.79,103.44,71.874,11.35,138.314,7780
17/13:38:59,8.35,2.79,103.43,71.742,11.35,138.325,7781
17/13:39:00,8.31,2.79,103.42,71.577,11.35,138.336,7782
17/13:39:01,8.2,2.78,103.41,71.478,11.35,138.347,7783
17/13:39:01,8.28,2.78,103.41,71.335,11.35,138.347,7784
17/13:39:02,8.25,2.77,103.44,71.071,11.35,138.369,7785
17/13:39:02,8.25,2.76,103.43,70.961,11.35,138.369,7786
17/13:39:03,8.21,2.76,103.43,70.862,11.35,138.38,7787
17/13:39:03,8.19,2.76,103.42,70.642,11.35,138.391,7788
17/13:39:04,8.12,2.75,103.42,70.51,11.35,138.402,7789
17/13:39:04,8.1,2.75,103.41,70.279,11.35,138.413,7790
17/13:39:05,8.17,2.75,103.41,70.015,11.34,138.424,7791
17/13:39:06,8.15,2.75,103.41,69.795,11.34,138.435,7792
17/13:39:06,8.17,2.76,103.38,69.784,11.34,138.446,7793
17/13:39:07,8.27,2.77,103.38,69.487,11.34,138.468,7794
17/13:39:08,8.32,2.77,103.38,69.256,11.34,138.479,7795
17/13:39:08,8.37,2.76,103.37,69.168,11.34,138.49,7796
17/13:39:09,8.32,2.76,103.36,69.025,11.34,138.501,7797
17/13:39:09,8.34,2.76,103.36,68.849,11.34,138.512,7798
17/13:39:10,8.3,2.75,103.37,68.684,11.34,138.512,7799
17/13:39:10,8.36,2.75,103.36,68.574,11.34,138.523,7800
17/13:39:11,8.35,2.74,103.37,68.398,11.34,138.534,7801
17/13:39:11,8.35,2.74,103.37,68.123,11.33,138.545,7802
17/13:39:12,8.34,2.73,103.36,67.991,11.33,138.556,7803
17/13:39:12,8.32,2.74,103.37,67.793,11.33,138.567,7804
17/13:39:13,8.33,2.74,103.37,67.716,11.33,138.578,7805
17/13:39:13,8.33,2.74,103.37,67.65,11.33,138.589,7806
17/13:39:14,8.34,2.75,103.36,67.485,11.33,138.6,7807
17/13:39:14,8.28,2.75,103.38,67.287,11.33,138.611,7808
17/13:39:15,8.26,2.76,103.38,67.034,11.33,138.611,7809
17/13:39:15,8.24,2.76,103.36,66.902,11.33,138.622,7810
17/13:39:16,8.22,2.76,103.38,66.792,11.33,138.633,7811
17/13:39:17,8.23,2.76,103.38,66.737,11.33,138.644,7812
17/13:39:18,8.28,2.77,103.38,66.352,11.32,138.677,7813
17/13:39:18,8.33,2.76,103.37,66.187,11.32,138.688,7814
17/13:39:19,8.32,2.76,103.37,66.055,11.32,138.699,7815
17/13:39:20,8.28,2.76,103.37,65.879,11.32,138.699,7816
17/13:39:20,8.26,2.77,103.36,65.758,11.32,138.71,7817
17/13:39:21,8.27,2.77,103.35,65.681,11.32,138.721,7818
17/13:39:21,8.35,2.77,103.34,65.615,11.32,138.732,7819
17/13:39:22,8.4,2.77,103.34,65.461,11.32,138.743,7820
17/13:39:23,8.65,2.78,103.3,65.186,11.32,138.765,7821
17/13:39:23,8.64,2.71,103.3,65.12,11.32,138.776,7822
17/13:39:24,7.81,2.48,103.38,64.988,11.32,138.776,7823
17/13:39:25,6.88,2.2,103.48,64.933,11.31,138.787,7824
17/13:39:25,4.65,1.72,103.68,64.625,11.31,138.809,7825
17/13:39:26,4.64,1.68,103.7,64.273,11.31,138.831,7826
17/13:39:27,6.03,1.92,103.59,64.13,11.31,138.842,7827
17/13:39:28,7.25,2.14,103.46,64.13,11.31,138.853,7828
17/13:39:29,8.4,2.38,103.35,64.097,11.31,138.864,7829
17/13:39:29,10.08,2.63,103.22,64.086,11.31,138.875,7830
17/13:39:30,10.98,2.79,103.1,64.075,11.31,138.886,7831
17/13:39:30,11.17,2.78,103.07,64.042,11.31,138.897,7832
17/13:39:31,11.25,2.76,103.05,64.031,11.3,138.908,7833
17/13:39:32,11.28,2.76,103.04,64.064,11.3,138.908,7834
17/13:39:32,11.26,2.74,103.05,64.108,11.3,138.93,7835
17/13:39:33,11.26,2.75,103.05,64.086,11.3,138.941,7836
17/13:39:33,11.27,2.76,103.05,64.009,11.3,138.952,7837
17/13:39:34,11.35,2.76,103.05,64.042,11.3,138.963,7838
17/13:39:35,11.39,2.76,103.05,64.152,11.3,138.974,7839
17/13:39:35,11.3,2.77,103.03,64.163,11.29,138.985,7840
17/13:39:36,11.3,2.79,103.03,64.163,11.29,138.996,7841
17/13:39:37,11.27,2.8,103.03,64.075,11.29,139.007,7842
17/13:39:37,11.31,2.79,103.01,64.075,11.29,139.018,7843
17/13:39:38,11.3,2.79,103.0,64.042,11.29,139.029,7844
17/13:39:38,11.28,2.78,103.0,63.976,11.29,139.029,7845
17/13:39:39,11.27,2.79,103.0,63.91,11.29,139.04,7846
17/13:39:40,11.26,2.79,103.01,64.009,11.28,139.062,7847
17/13:39:40,11.23,2.78,103.01,63.943,11.28,139.073,7848
17/13:39:41,11.31,2.79,103.0,63.965,11.28,139.095,7849
17/13:39:42,11.32,2.79,103.0,63.866,11.28,139.095,7850
17/13:39:42,11.28,2.8,102.99,63.899,11.28,139.106,7851
17/13:39:43,11.28,2.79,102.99,63.877,11.28,139.117,7852
17/13:39:43,11.4,2.8,102.99,63.91,11.28,139.128,7853
17/13:39:44,11.41,2.79,102.99,63.976,11.27,139.139,7854
17/13:39:45,11.36,2.79,102.99,63.987,11.27,139.15,7855
17/13:39:45,11.34,2.79,102.99,64.02,11.27,139.15,7856
17/13:39:45,11.28,2.78,102.99,63.932,11.27,139.161,7857
17/13:39:46,11.37,2.78,102.99,63.921,11.27,139.172,7858
17/13:39:47,11.35,2.78,102.99,64.031,11.27,139.194,7859
17/13:39:47,11.26,2.78,102.99,64.064,11.27,139.205,7860
17/13:39:48,11.27,2.78,103.0,64.13,11.26,139.205,7861
17/13:39:49,11.34,2.8,102.98,64.086,11.26,139.216,7862
17/13:39:49,11.37,2.79,102.97,64.218,11.26,139.216,7863
17/13:39:50,11.36,2.8,102.96,64.306,11.26,139.227,7864
17/13:39:50,11.3,2.8,102.94,64.251,11.26,139.249,7865
17/13:39:51,11.3,2.79,102.94,64.273,11.26,139.26,7866
17/13:39:51,11.27,2.79,102.94,64.339,11.26,139.271,7867
17/13:39:52,11.28,2.78,102.95,64.537,11.26,139.271,7868
17/13:39:52,11.25,2.77,102.94,64.614,11.25,139.282,7869
17/13:39:53,11.24,2.78,102.94,64.559,11.25,139.304,7870
17/13:39:54,11.22,2.78,102.94,64.603,11.25,139.315,7871
17/13:39:55,11.23,2.79,102.94,64.614,11.25,139.326,7872
17/13:39:56,11.23,2.79,102.93,64.449,11.25,139.337,7873
17/13:39:56,11.25,2.78,102.92,64.526,11.25,139.348,7874
17/13:39:57,11.28,2.78,102.92,64.647,11.24,139.359,7875
17/13:39:57,11.24,2.79,102.92,64.669,11.24,139.37,7876
17/13:39:58,11.23,2.78,102.91,64.625,11.24,139.381,7877
17/13:39:59,11.26,2.77,102.92,64.812,11.24,139.414,7878
17/13:40:00,11.22,2.78,102.91,64.878,11.24,139.425,7879
17/13:40:01,11.21,2.78,102.91,64.823,11.23,139.436,7880
17/13:40:02,11.44,2.77,102.88,64.823,11.23,139.458,7881
17/13:40:02,11.57,2.78,102.87,64.977,11.23,139.469,7882
17/13:40:03,11.79,2.79,102.85,65.175,11.23,139.48,7883
17/13:40:04,11.96,2.81,102.84,65.186,11.23,139.491,7884
17/13:40:05,12.05,2.8,102.83,65.241,11.22,139.502,7885
17/13:40:05,12.13,2.8,102.81,65.384,11.22,139.513,7886
17/13:40:05,12.16,2.79,102.79,65.472,11.22,139.524,7887
17/13:40:06,12.16,2.79,102.79,65.472,11.22,139.535,7888
17/13:40:07,12.23,2.79,102.76,65.45,11.22,139.535,7889
17/13:40:07,12.24,2.78,102.76,65.494,11.22,139.546,7890
17/13:40:08,12.31,2.76,102.74,65.593,11.22,139.557,7891
17/13:40:08,12.39,2.75,102.72,65.604,11.22,139.568,7892
17/13:40:09,12.51,2.74,102.7,65.736,11.21,139.579,7893
17/13:40:09,12.68,2.74,102.69,66.011,11.21,139.59,7894
17/13:40:09,12.87,2.74,102.7,66.077,11.21,139.601,7895
17/13:40:10,12.96,2.75,102.69,66.176,11.21,139.612,7896
17/13:40:11,13.03,2.75,102.67,66.308,11.21,139.612,7897
17/13:40:12,13.34,2.75,102.66,66.561,11.2,139.634,7898
17/13:40:12,13.39,2.75,102.67,66.627,11.2,139.645,7899
17/13:40:13,13.34,2.77,102.67,66.726,11.2,139.656,7900
17/13:40:13,13.25,2.76,102.64,66.88,11.2,139.667,7901
17/13:40:14,13.28,2.76,102.63,67.056,11.2,139.678,7902
17/13:40:14,13.31,2.76,102.63,67.133,11.2,139.689,7903
17/13:40:15,13.33,2.75,102.63,67.144,11.2,139.7,7904
17/13:40:16,13.3,2.78,102.64,67.243,11.19,139.7,7905
17/13:40:16,13.23,2.78,102.64,67.342,11.19,139.711,7906
17/13:40:16,13.26,2.78,102.63,67.397,11.19,139.722,7907
17/13:40:17,13.24,2.78,102.64,67.463,11.19,139.733,7908
17/13:40:18,13.27,2.78,102.62,67.573,11.19,139.744,7909
17/13:40:18,13.28,2.77,102.62,67.606,11.19,139.755,7910
17/13:40:18,13.38,2.77,102.6,67.705,11.18,139.766,7911
17/13:40:19,13.45,2.78,102.6,67.914,11.18,139.777,7912
17/13:40:20,13.71,2.76,102.59,68.013,11.18,139.799,7913
17/13:40:21,13.75,2.77,102.59,68.167,11.18,139.799,7914
17/13:40:21,13.76,2.76,102.57,68.266,11.18,139.81,7915
17/13:40:22,13.84,2.75,102.57,68.343,11.17,139.821,7916
17/13:40:22,13.87,2.75,102.56,68.442,11.17,139.832,7917
17/13:40:23,13.84,2.74,102.56,68.563,11.17,139.843,7918
17/13:40:23,13.83,2.74,102.56,68.673,11.17,139.854,7919
17/13:40:24,13.76,2.76,102.54,68.761,11.17,139.865,7920
17/13:40:24,13.83,2.74,102.53,68.893,11.17,139.876,7921
17/13:40:25,13.91,2.73,102.53,68.981,11.17,139.887,7922
17/13:40:25,13.87,2.74,102.53,69.124,11.16,139.898,7923
17/13:40:26,13.87,2.75,102.52,69.311,11.16,139.909,7924
17/13:40:27,13.84,2.75,102.53,69.366,11.16,139.909,7925
17/13:40:27,13.9,2.74,102.51,69.399,11.16,139.92,7926
17/13:40:27,13.89,2.74,102.52,69.454,11.16,139.931,7927
17/13:40:28,13.88,2.74,102.53,69.597,11.16,139.942,7928
17/13:40:29,13.83,2.73,102.53,69.663,11.14,139.953,7929
17/13:40:29,13.82,2.72,102.53,69.751,11.14,139.964,7930
17/13:40:30,13.87,2.71,102.52,69.861,11.14,139.975,7931
17/13:40:31,13.89,2.71,102.51,70.213,11.14,139.997,7932
17/13:40:31,13.88,2.72,102.53,70.279,11.14,140.008,7933
17/13:40:32,13.9,2.72,102.53,70.323,11.14,140.008,7934
17/13:40:33,13.61,2.74,102.53,70.807,11.14,140.052,7935
17/13:40:34,13.41,2.75,102.54,70.873,11.14,140.063,7936
17/13:40:35,13.25,2.75,102.55,70.972,11.14,140.063,7937
17/13:40:35,12.99,2.75,102.57,71.126,11.13,140.085,7938
17/13:40:37,12.76,2.77,102.61,71.599,11.13,140.118,7939
17/13:40:38,12.76,2.77,102.61,71.709,11.13,140.129,7940
17/13:40:38,12.77,2.78,102.6,71.775,11.13,140.14,7941
17/13:40:39,12.68,2.77,102.6,71.863,11.12,140.151,7942
17/13:40:39,12.67,2.77,102.6,71.918,11.12,140.162,7943
17/13:40:40,12.56,2.76,102.59,72.028,11.12,140.184,7944
17/13:40:41,12.52,2.76,102.6,72.182,11.12,140.195,7945
17/13:40:42,12.32,2.75,102.6,72.248,11.12,140.217,7946
17/13:40:42,12.22,2.74,102.62,72.226,11.11,140.228,7947
17/13:40:43,12.25,2.76,102.63,72.325,11.11,140.239,7948
17/13:40:43,12.18,2.76,102.65,72.402,11.11,140.25,7949
17/13:40:44,12.01,2.78,102.66,72.424,11.11,140.272,7950
17/13:40:45,11.8,2.77,102.65,72.435,11.11,140.283,7951
17/13:40:45,11.91,2.77,102.66,72.545,11.11,140.294,7952
17/13:40:46,11.74,2.77,102.67,72.578,11.1,140.305,7953
17/13:40:47,11.69,2.75,102.69,72.567,11.1,140.316,7954
17/13:40:47,11.51,2.74,102.7,72.633,11.1,140.316,7955
17/13:40:48,11.47,2.74,102.72,72.666,11.1,140.327,7956
17/13:40:49,11.27,2.73,102.73,72.644,11.1,140.349,7957
17/13:40:49,11.21,2.73,102.74,72.633,11.1,140.36,7958
17/13:40:50,11.1,2.73,102.76,72.688,11.1,140.371,7959
17/13:40:51,10.94,2.75,102.76,72.655,11.09,140.393,7960
17/13:40:51,10.84,2.75,102.76,72.622,11.09,140.404,7961
17/13:40:52,10.83,2.76,102.77,72.633,11.09,140.415,7962
17/13:40:53,10.56,2.76,102.79,72.556,11.09,140.437,7963
17/13:40:53,10.43,2.76,102.8,72.479,11.09,140.448,7964
17/13:40:54,10.2,2.77,102.81,72.49,11.09,140.459,7965
17/13:40:54,10.13,2.76,102.82,72.556,11.08,140.47,7966
17/13:40:55,9.91,2.76,102.84,72.501,11.08,140.481,7967
17/13:40:55,9.84,2.77,102.86,72.512,11.08,140.492,7968
17/13:40:56,9.66,2.76,102.87,72.435,11.08,140.503,7969
17/13:40:57,9.64,2.77,102.86,72.336,11.08,140.514,7970
17/13:40:57,9.7,2.77,102.88,72.259,11.08,140.525,7971
17/13:40:58,9.59,2.77,102.89,72.292,11.08,140.536,7972
17/13:40:58,9.69,2.77,102.89,72.314,11.08,140.547,7973
17/13:40:59,9.56,2.77,102.89,72.281,11.08,140.558,7974
17/13:40:59,9.6,2.77,102.88,72.259,11.08,140.569,7975
17/13:41:00,9.66,2.76,102.88,72.281,11.07,140.58,7976
17/13:41:00,9.62,2.76,102.88,72.325,11.07,140.58,7977
17/13:41:01,9.74,2.76,102.88,72.314,11.07,140.602,7978
17/13:41:01,9.64,2.75,102.87,72.314,11.07,140.602,7979
17/13:41:02,9.73,2.76,102.87,72.358,11.07,140.613,7980
17/13:41:03,9.76,2.75,102.87,72.413,11.07,140.635,7981
17/13:41:03,9.78,2.74,102.89,72.391,11.07,140.646,7982
17/13:41:04,9.79,2.74,102.88,72.38,11.07,140.668,7983
17/13:41:05,9.71,2.73,102.88,72.523,11.06,140.679,7984
17/13:41:06,9.59,2.73,102.9,72.545,11.06,140.701,7985
17/13:41:07,9.62,2.74,102.91,72.556,11.06,140.712,7986
17/13:41:07,9.45,2.74,102.92,72.6,11.06,140.723,7987
17/13:41:08,9.52,2.75,102.91,72.611,11.06,140.734,7988
17/13:41:08,9.38,2.75,102.94,72.666,11.06,140.745,7989
17/13:41:09,9.36,2.76,102.94,72.71,11.06,140.756,7990
17/13:41:09,9.26,2.76,102.94,72.732,11.06,140.767,7991
17/13:41:10,9.28,2.76,102.94,72.776,11.06,140.778,7992
17/13:41:11,9.25,2.75,102.92,72.798,11.05,140.8,7993
17/13:41:11,9.28,2.75,102.91,72.864,11.05,140.811,7994
17/13:41:12,9.22,2.74,102.9,72.952,11.05,140.822,7995
17/13:41:12,9.23,2.74,102.87,72.93,11.05,140.833,7996
17/13:41:13,9.2,2.75,102.88,72.996,11.05,140.855,7997
17/13:41:14,9.17,2.75,102.89,73.051,11.05,140.877,7998
17/13:41:15,9.18,2.76,102.89,73.117,11.05,140.888,7999
17/13:41:17,8.71,2.76,102.98,73.084,11.04,140.921,8000
17/13:41:18,8.56,2.77,103.01,73.04,11.04,140.932,8001
17/13:41:18,8.26,2.77,103.02,72.941,11.04,140.954,8002
17/13:41:19,8.08,2.77,103.05,72.897,11.04,140.965,8003
17/13:41:20,7.91,2.78,103.04,72.842,11.04,140.976,8004
17/13:41:20,7.79,2.78,103.04,72.765,11.04,140.987,8005
17/13:41:21,7.84,2.77,103.04,72.655,11.04,140.998,8006
17/13:41:21,7.82,2.78,103.03,72.611,11.04,141.009,8007
17/13:41:22,7.81,2.77,103.04,72.567,11.04,141.02,8008
17/13:41:22,7.81,2.77,103.05,72.534,11.03,141.031,8009
17/13:41:23,7.7,2.76,103.05,72.501,11.03,141.042,8010
17/13:41:23,7.69,2.76,103.07,72.446,11.03,141.053,8011
17/13:41:24,7.68,2.76,103.08,72.336,11.03,141.064,8012
17/13:41:25,7.14,2.76,103.14,72.16,11.03,141.097,8013
17/13:41:27,6.73,2.77,103.17,72.083,11.03,141.108,8014
17/13:41:27,6.3,2.76,103.21,71.786,11.03,141.141,8015
17/13:41:29,6.06,2.76,103.24,71.731,11.03,141.163,8016
17/13:41:29,5.87,2.76,103.25,71.632,11.03,141.174,8017
17/13:41:30,5.86,2.76,103.26,71.588,11.03,141.174,8018
17/13:41:30,5.87,2.75,103.26,71.533,11.03,141.185,8019
17/13:41:31,6.15,2.75,103.24,71.489,11.02,141.196,8020
17/13:41:31,6.54,2.75,103.21,71.489,11.02,141.207,8021
17/13:41:32,6.92,2.75,103.19,71.5,11.02,141.218,8022
17/13:41:32,6.66,2.63,103.2,71.588,11.02,141.229,8023
17/13:41:33,6.22,2.44,103.24,71.643,11.02,141.24,8024
17/13:41:33,5.79,2.27,103.26,71.643,11.02,141.251,8025
17/13:41:34,5.67,2.14,103.27,71.687,11.02,141.262,8026
17/13:41:35,5.55,2.0,103.27,71.742,11.02,141.273,8027
17/13:41:35,5.82,1.9,103.24,71.885,11.02,141.295,8028
17/13:41:36,6.36,1.93,103.2,71.995,11.02,141.306,8029
17/13:41:36,7.45,2.08,103.1,72.149,11.02,141.317,8030
17/13:41:37,8.66,2.22,103.02,72.215,11.02,141.328,8031
17/13:41:38,9.68,2.37,102.9,72.336,11.02,141.339,8032
17/13:41:39,11.28,2.65,102.77,72.688,11.01,141.361,8033
17/13:41:39,11.76,2.75,102.7,72.798,11.01,141.372,8034
17/13:41:40,11.78,2.73,102.7,72.875,11.01,141.372,8035
17/13:41:40,11.7,2.73,102.68,72.963,11.01,141.394,8036
17/13:41:41,11.86,2.74,102.68,73.095,11.01,141.394,8037
17/13:41:41,11.68,2.73,102.67,73.15,11.01,141.405,8038
17/13:41:42,11.69,2.73,102.68,73.293,11.01,141.416,8039
17/13:41:42,11.61,2.74,102.68,73.326,11.01,141.416,8040
17/13:41:43,11.52,2.74,102.69,73.458,11.0,141.427,8041
17/13:41:43,11.43,2.73,102.69,73.546,11.0,141.449,8042
17/13:41:44,11.37,2.74,102.7,73.689,11.0,141.46,8043
17/13:41:44,11.27,2.74,102.69,73.766,11.0,141.471,8044
17/13:41:45,11.15,2.73,102.71,73.942,11.0,141.482,8045
17/13:41:45,11.09,2.74,102.7,74.14,11.0,141.493,8046
17/13:41:46,11.09,2.75,102.71,74.228,11.0,141.504,8047
17/13:41:46,11.03,2.75,102.72,74.283,10.99,141.515,8048
17/13:41:48,8.52,2.25,102.92,74.448,10.99,141.559,8049
17/13:41:49,7.95,2.09,102.99,74.459,10.99,141.57,8050
17/13:41:49,8.12,2.09,102.97,74.459,10.99,141.581,8051
17/13:41:50,8.05,2.08,102.98,74.492,10.99,141.592,8052
17/13:41:51,8.23,2.1,102.97,74.536,10.99,141.603,8053
17/13:41:51,8.8,2.24,102.91,74.668,10.99,141.614,8054
17/13:41:52,9.51,2.39,102.86,74.877,10.99,141.625,8055
17/13:41:52,10.21,2.52,102.81,74.998,10.98,141.636,8056
17/13:41:53,10.86,2.65,102.74,75.13,10.98,141.647,8057
17/13:41:53,11.19,2.76,102.69,75.273,10.98,141.658,8058
17/13:41:54,11.08,2.76,102.68,75.328,10.98,141.669,8059
17/13:41:54,11.24,2.76,102.66,75.405,10.98,141.68,8060
17/13:41:55,11.13,2.76,102.65,75.471,10.98,141.691,8061
17/13:41:57,11.22,2.75,102.65,75.779,10.97,141.724,8062
17/13:41:57,11.28,2.76,102.67,75.966,10.97,141.746,8063
17/13:41:58,11.36,2.77,102.68,76.12,10.97,141.757,8064
17/13:41:59,11.27,2.76,102.7,76.175,10.97,141.779,8065
17/13:42:00,11.42,2.76,102.69,76.252,10.97,141.79,8066
17/13:42:00,11.28,2.76,102.69,76.285,10.97,141.801,8067
17/13:42:01,11.32,2.77,102.7,76.285,10.96,141.812,8068
17/13:42:01,11.51,2.77,102.69,76.208,10.96,141.823,8069
17/13:42:02,11.32,2.77,102.68,76.186,10.96,141.834,8070
17/13:42:02,11.08,2.77,102.68,76.164,10.96,141.845,8071
17/13:42:03,11.17,2.79,102.68,76.175,10.96,141.856,8072
17/13:42:03,11.28,2.8,102.68,76.241,10.96,141.867,8073
17/13:42:04,11.05,2.8,102.69,76.274,10.96,141.878,8074
17/13:42:04,10.97,2.79,102.7,76.263,10.96,141.889,8075
17/13:42:05,10.96,2.79,102.7,76.208,10.95,141.9,8076
17/13:42:06,10.76,2.79,102.7,76.186,10.95,141.933,8077
17/13:42:07,10.69,2.78,102.71,76.252,10.95,141.944,8078
17/13:42:08,10.56,2.77,102.69,76.285,10.95,141.966,8079
17/13:42:09,10.51,2.77,102.68,76.285,10.95,141.977,8080
17/13:42:09,10.51,2.77,102.69,76.208,10.94,141.988,8081
17/13:42:10,10.56,2.78,102.7,76.307,10.94,142.021,8082
17/13:42:11,10.75,2.78,102.67,76.23,10.94,142.021,8083
17/13:42:12,10.94,2.79,102.66,76.186,10.94,142.043,8084
17/13:42:12,11.03,2.79,102.65,76.285,10.94,142.065,8085
17/13:42:13,11.12,2.78,102.65,76.329,10.94,142.076,8086
17/13:42:13,11.07,2.79,102.64,76.329,10.94,142.087,8087
17/13:42:14,11.19,2.77,102.63,76.406,10.93,142.109,8088
17/13:42:15,11.06,2.77,102.63,76.34,10.93,142.12,8089
17/13:42:15,11.01,2.76,102.62,76.241,10.93,142.131,8090
17/13:42:16,11.03,2.76,102.62,76.186,10.93,142.142,8091
17/13:42:16,11.0,2.77,102.62,76.175,10.93,142.153,8092
17/13:42:17,11.2,2.77,102.62,76.142,10.93,142.164,8093
17/13:42:17,11.21,2.77,102.61,76.164,10.93,142.175,8094
17/13:42:18,11.19,2.77,102.62,76.23,10.92,142.186,8095
17/13:42:19,11.21,2.78,102.62,76.307,10.92,142.197,8096
17/13:42:19,11.22,2.78,102.62,76.274,10.92,142.208,8097
17/13:42:20,11.19,2.78,102.63,76.285,10.92,142.208,8098
17/13:42:21,11.44,2.78,102.63,76.329,10.92,142.241,8099
17/13:42:21,11.24,2.78,102.63,76.263,10.92,142.252,8100
17/13:42:22,11.3,2.78,102.63,76.351,10.92,142.263,8101
17/13:42:22,11.34,2.78,102.61,76.472,10.91,142.274,8102
17/13:42:23,11.36,2.79,102.61,76.516,10.91,142.285,8103
17/13:42:23,11.25,2.79,102.6,76.494,10.91,142.296,8104
17/13:42:24,11.16,2.79,102.61,76.516,10.91,142.307,8105
17/13:42:24,11.25,2.78,102.61,76.549,10.91,142.318,8106
17/13:42:25,11.27,2.78,102.6,76.637,10.91,142.34,8107
17/13:42:26,11.05,2.77,102.61,76.593,10.91,142.351,8108
17/13:42:27,11.0,2.78,102.61,76.549,10.9,142.362,8109
17/13:42:27,11.19,2.78,102.62,76.56,10.9,142.373,8110
17/13:42:28,11.36,2.78,102.61,76.67,10.9,142.384,8111
17/13:42:28,11.22,2.78,102.61,76.736,10.9,142.395,8112
17/13:42:29,10.96,2.79,102.6,76.714,10.9,142.406,8113
17/13:42:29,10.94,2.78,102.6,76.659,10.9,142.417,8114
17/13:42:30,11.17,2.79,102.59,76.747,10.9,142.428,8115
17/13:42:30,11.37,2.8,102.59,76.78,10.9,142.439,8116
17/13:42:31,11.32,2.79,102.6,76.813,10.89,142.45,8117
17/13:42:31,10.82,2.78,102.61,76.758,10.89,142.461,8118
17/13:42:32,10.35,2.78,102.64,76.582,10.89,142.472,8119
17/13:42:32,10.26,2.79,102.66,76.516,10.89,142.483,8120
17/13:42:33,10.21,2.79,102.69,76.483,10.89,142.494,8121
17/13:42:33,9.86,2.79,102.71,76.483,10.89,142.505,8122
17/13:42:34,8.99,2.73,102.76,76.428,10.89,142.516,8123
17/13:42:35,7.65,2.46,102.91,76.329,10.89,142.527,8124
17/13:42:35,7.14,2.34,102.96,76.23,10.89,142.549,8125
17/13:42:36,6.59,2.22,103.0,76.087,10.88,142.56,8126
17/13:42:36,6.31,2.14,103.04,75.966,10.88,142.571,8127
17/13:42:37,6.07,2.14,103.05,75.944,10.88,142.582,8128
17/13:42:38,6.08,2.14,103.06,75.713,10.88,142.593,8129
17/13:42:38,6.42,2.23,103.05,75.548,10.88,142.604,8130
17/13:42:39,6.72,2.36,103.01,75.493,10.88,142.615,8131
17/13:42:39,6.98,2.49,102.99,75.383,10.88,142.626,8132
17/13:42:40,7.61,2.62,102.96,75.284,10.88,142.637,8133
17/13:42:40,8.15,2.78,102.92,75.229,10.88,142.648,8134
17/13:42:41,7.94,2.78,102.92,75.152,10.88,142.659,8135
17/13:42:41,8.27,2.78,102.92,75.108,10.88,142.67,8136
17/13:42:42,8.21,2.78,102.93,75.064,10.88,142.681,8137
17/13:42:42,8.09,2.78,102.93,75.042,10.88,142.692,8138
17/13:42:43,8.43,2.78,102.92,74.866,10.87,142.714,8139
17/13:42:44,8.35,2.78,102.92,74.767,10.87,142.725,8140
17/13:42:44,8.68,2.78,102.9,74.745,10.87,142.736,8141
17/13:42:45,8.74,2.78,102.89,74.789,10.87,142.747,8142
17/13:42:45,8.7,2.78,102.87,74.756,10.87,142.758,8143
17/13:42:46,8.98,2.78,102.87,74.679,10.87,142.769,8144
17/13:42:46,9.11,2.77,102.84,74.558,10.87,142.78,8145
17/13:42:47,9.28,2.76,102.82,74.525,10.87,142.791,8146
17/13:42:47,9.38,2.77,102.81,74.58,10.87,142.802,8147
17/13:42:48,9.51,2.76,102.79,74.569,10.87,142.813,8148
17/13:42:48,9.66,2.76,102.78,74.569,10.87,142.824,8149
17/13:42:49,9.86,2.76,102.77,74.503,10.86,142.846,8150
17/13:42:50,10.0,2.75,102.75,74.426,10.86,142.857,8151
17/13:42:51,10.07,2.75,102.75,74.404,10.86,142.868,8152
17/13:42:51,10.06,2.75,102.73,74.393,10.86,142.879,8153
17/13:42:52,10.14,2.74,102.73,74.404,10.86,142.89,8154
17/13:42:52,10.05,2.74,102.72,74.371,10.86,142.901,8155
17/13:42:53,10.14,2.74,102.71,74.36,10.86,142.912,8156
17/13:42:53,10.31,2.74,102.68,74.437,10.86,142.923,8157
17/13:42:54,10.48,2.75,102.67,74.503,10.85,142.934,8158
17/13:42:54,10.55,2.75,102.66,74.635,10.85,142.945,8159
17/13:42:55,10.7,2.76,102.65,74.635,10.85,142.956,8160
17/13:42:55,10.97,2.76,102.64,74.657,10.85,142.967,8161
17/13:42:56,11.13,2.77,102.61,74.668,10.85,142.978,8162
17/13:42:57,11.22,2.77,102.59,74.701,10.85,143.0,8163
17/13:42:57,11.26,2.77,102.59,74.855,10.85,143.011,8164
17/13:42:59,11.28,2.76,102.57,74.987,10.84,143.033,8165
17/13:42:59,11.13,2.75,102.56,75.031,10.84,143.044,8166
17/13:43:00,11.13,2.74,102.59,75.262,10.84,143.077,8167
17/13:43:01,10.84,2.75,102.62,75.295,10.84,143.088,8168
17/13:43:02,10.97,2.75,102.62,75.295,10.84,143.099,8169
17/13:43:02,10.96,2.75,102.62,75.416,10.84,143.11,8170
17/13:43:03,10.9,2.74,102.62,75.471,10.83,143.121,8171
17/13:43:03,11.23,2.73,102.6,75.559,10.83,143.132,8172
17/13:43:04,10.94,2.65,102.61,75.713,10.83,143.143,8173
17/13:43:04,10.41,2.5,102.66,75.834,10.83,143.154,8174
17/13:43:05,10.03,2.33,102.7,76.065,10.83,143.165,8175
17/13:43:06,9.05,2.0,102.76,76.329,10.83,143.187,8176
17/13:43:07,8.55,1.82,102.82,76.373,10.83,143.198,8177
17/13:43:07,7.97,1.63,102.9,76.527,10.83,143.209,8178
17/13:43:08,7.45,1.5,102.95,76.637,10.82,143.22,8179
17/13:43:09,8.21,1.61,102.9,76.846,10.82,143.242,8180
17/13:43:09,8.18,1.64,102.91,77.011,10.82,143.253,8181
17/13:43:10,8.28,1.68,102.9,77.22,10.82,143.264,8182
17/13:43:10,9.38,1.93,102.78,77.583,10.82,143.286,8183
17/13:43:11,10.46,2.21,102.64,78.089,10.82,143.308,8184
17/13:43:12,10.64,2.28,102.61,78.342,10.81,143.308,8185
17/13:43:13,11.16,2.41,102.55,78.54,10.81,143.33,8186
17/13:43:13,11.78,2.54,102.48,78.826,10.81,143.341,8187
17/13:43:14,12.31,2.69,102.43,79.134,10.81,143.352,8188
17/13:43:14,12.48,2.78,102.4,79.464,10.81,143.363,8189
17/13:43:15,12.28,2.77,102.39,80.091,10.81,143.385,8190
17/13:43:16,12.28,2.77,102.39,80.399,10.81,143.407,8191
17/13:43:16,12.28,2.77,102.39,80.718,10.8,143.418,8192
17/13:43:17,12.46,2.78,102.4,81.048,10.8,143.429,8193
17/13:43:18,12.56,2.77,102.39,81.345,10.8,143.44,8194
17/13:43:18,12.59,2.78,102.38,81.862,10.8,143.462,8195
17/13:43:19,12.87,2.78,102.4,82.456,10.8,143.484,8196
17/13:43:20,12.98,2.78,102.4,82.709,10.79,143.495,8197
17/13:43:21,12.79,2.77,102.4,82.984,10.79,143.506,8198
17/13:43:21,12.65,2.77,102.39,83.358,10.79,143.528,8199
17/13:43:22,12.56,2.77,102.39,83.776,10.79,143.539,8200
17/13:43:22,12.69,2.77,102.39,84.04,10.79,143.55,8201
17/13:43:23,12.64,2.77,102.39,84.227,10.79,143.561,8202
17/13:43:23,12.63,2.76,102.38,84.579,10.78,143.572,8203
17/13:43:24,12.44,2.77,102.37,84.898,10.78,143.583,8204
17/13:43:24,12.54,2.76,102.36,85.239,10.78,143.594,8205
17/13:43:25,12.7,2.76,102.37,85.536,10.78,143.605,8206
17/13:43:25,12.67,2.76,102.37,85.855,10.78,143.616,8207
17/13:43:26,12.61,2.76,102.36,86.273,10.78,143.627,8208
17/13:43:27,12.54,2.75,102.35,86.669,10.78,143.649,8209
17/13:43:27,12.63,2.75,102.34,86.955,10.77,143.66,8210
17/13:43:28,12.28,2.74,102.39,87.879,10.77,143.682,8211
17/13:43:28,11.59,2.74,102.45,88.099,10.77,143.693,8212
17/13:43:30,9.81,2.73,102.6,88.506,10.77,143.726,8213
17/13:43:31,7.43,2.72,102.84,88.77,10.77,143.748,8214
17/13:43:31,5.93,2.72,103.01,88.803,10.77,143.759,8215
17/13:43:32,4.35,2.72,103.15,88.825,10.77,143.781,8216
17/13:43:32,3.26,2.72,103.26,88.737,10.77,143.792,8217
17/13:43:33,2.45,2.71,103.36,88.671,10.77,143.803,8218
17/13:43:33,1.37,2.71,103.47,88.649,10.77,143.814,8219
17/13:43:34,0.44,2.71,103.59,88.517,10.77,143.825,8220
17/13:43:34,0.18,2.53,103.67,88.473,10.77,143.836,8221
17/13:43:36,0.13,2.15,103.82,88.473,10.77,143.88,8222
17/13:43:37,0.14,2.15,103.83,88.407,10.77,143.891,8223
17/13:43:37,0.13,2.15,103.84,88.33,10.77,143.902,8224
17/13:43:38,0.13,2.15,103.85,88.231,10.77,143.913,8225
17/13:43:38,0.13,2.15,103.87,88.198,10.77,143.935,8226
17/13:43:39,0.14,2.36,103.82,88.176,10.77,143.946,8227
17/13:43:39,0.17,2.55,103.76,88.121,10.77,143.957,8228
17/13:43:40,0.19,2.71,103.73,87.967,10.77,143.979,8229
17/13:43:41,0.19,2.71,103.74,87.879,10.77,143.99,8230
17/13:43:42,0.19,2.71,103.74,87.747,10.77,144.023,8231
17/13:43:44,0.2,2.71,103.75,87.395,10.77,144.089,8232
17/13:43:45,0.2,2.71,103.75,87.351,10.77,144.1,8233
17/13:43:45,0.2,2.7,103.76,87.307,10.77,144.111,8234
17/13:43:46,0.2,2.7,103.76,87.241,10.77,144.122,8235
17/13:43:46,0.19,2.7,103.77,87.098,10.77,144.133,8236
17/13:43:47,0.19,2.7,103.78,86.966,10.77,144.144,8237
17/13:43:48,0.19,2.7,103.79,86.724,10.77,144.177,8238
17/13:43:50,0.19,2.71,103.8,86.163,10.78,144.221,8239
17/13:43:51,0.19,2.71,103.8,85.965,10.78,144.232,8240
17/13:43:51,0.19,2.71,103.8,85.811,10.78,144.243,8241
17/13:43:52,0.19,2.7,103.81,85.492,10.78,144.276,8242
17/13:43:53,0.19,2.7,103.82,85.283,10.78,144.287,8243
17/13:43:53,0.19,2.7,103.83,85.096,10.78,144.298,8244
17/13:43:54,0.19,2.7,103.84,84.854,10.78,144.309,8245
17/13:43:54,0.19,2.71,103.84,84.755,10.78,144.32,8246
17/13:43:55,0.19,2.72,103.85,84.568,10.78,144.331,8247
17/13:43:55,0.19,2.72,103.85,84.348,10.78,144.353,8248
17/13:43:56,0.19,2.72,103.85,83.963,10.78,144.364,8249
17/13:43:57,0.19,2.73,103.86,83.809,10.78,144.375,8250
17/13:43:57,0.19,2.74,103.86,83.446,10.78,144.397,8251
17/13:43:58,0.19,2.74,103.87,83.171,10.78,144.408,8252
17/13:43:59,0.19,2.73,103.87,82.918,10.78,144.408,8253
17/13:43:59,0.19,2.73,103.88,82.621,10.78,144.441,8254
17/13:44:00,0.19,2.73,103.88,82.423,10.78,144.452,8255
17/13:44:01,0.19,2.73,103.91,81.741,10.78,144.496,8256
17/13:44:03,0.2,2.73,103.91,81.367,10.78,144.518,8257
17/13:44:04,0.21,2.72,103.92,80.564,10.79,144.551,8258
17/13:44:05,0.23,2.71,103.92,80.344,10.79,144.562,8259
17/13:44:05,0.3,2.71,103.91,80.201,10.79,144.573,8260
17/13:44:07,2.04,2.71,103.78,79.849,10.79,144.595,8261
17/13:44:07,4.82,2.72,103.54,80.069,10.79,144.617,8262
17/13:44:08,6.18,2.73,103.39,80.179,10.79,144.628,8263
17/13:44:08,7.87,2.74,103.22,80.3,10.79,144.65,8264
17/13:44:09,9.42,2.74,103.08,80.421,10.78,144.661,8265
17/13:44:10,10.84,2.74,102.95,80.454,10.78,144.672,8266
17/13:44:10,11.43,2.74,102.86,80.542,10.78,144.683,8267
17/13:44:11,11.57,2.74,102.81,80.718,10.78,144.694,8268
17/13:44:11,11.75,2.74,102.77,80.927,10.78,144.705,8269
17/13:44:12,11.94,2.74,102.76,81.169,10.78,144.716,8270
17/13:44:12,12.16,2.73,102.74,81.345,10.78,144.716,8271
17/13:44:13,12.46,2.73,102.72,81.521,10.78,144.727,8272
17/13:44:14,11.79,2.73,102.7,81.895,10.77,144.76,8273
17/13:44:15,11.5,2.72,102.69,82.071,10.77,144.771,8274
17/13:44:15,11.65,2.73,102.73,82.17,10.77,144.804,8275
17/13:44:16,11.24,2.73,102.76,82.192,10.77,144.815,8276
17/13:44:16,10.64,2.73,102.79,82.225,10.77,144.826,8277
17/13:44:17,10.22,2.74,102.82,82.269,10.77,144.837,8278
17/13:44:17,10.34,2.74,102.84,82.39,10.76,144.848,8279
17/13:44:18,10.43,2.74,102.85,82.478,10.76,144.859,8280
17/13:44:19,10.2,2.74,102.86,82.467,10.76,144.87,8281
17/13:44:19,9.9,2.74,102.86,82.511,10.76,144.881,8282
17/13:44:20,9.87,2.74,102.85,82.566,10.76,144.903,8283
17/13:44:21,9.7,2.73,102.85,82.621,10.76,144.914,8284
17/13:44:21,9.45,2.73,102.86,82.654,10.76,144.936,8285
17/13:44:22,9.1,2.73,102.87,82.753,10.76,144.947,8286
17/13:44:22,8.34,2.53,102.96,82.797,10.75,144.958,8287
17/13:44:23,7.5,2.32,103.04,82.863,10.75,144.969,8288
17/13:44:23,6.74,2.11,103.13,82.863,10.75,144.98,8289
17/13:44:24,5.81,1.87,103.23,82.808,10.75,144.991,8290
17/13:44:24,5.91,1.83,103.26,82.731,10.75,145.002,8291
17/13:44:25,6.01,1.83,103.26,82.698,10.75,145.013,8292
17/13:44:26,5.81,1.83,103.27,82.72,10.75,145.024,8293
17/13:44:26,5.93,1.95,103.21,82.643,10.75,145.035,8294
17/13:44:27,6.71,2.17,103.16,82.599,10.75,145.057,8295
17/13:44:27,8.11,2.64,103.02,82.621,10.75,145.079,8296
17/13:44:28,8.19,2.74,102.99,82.489,10.75,145.09,8297
17/13:44:28,7.81,2.74,103.01,82.522,10.75,145.101,8298
17/13:44:29,7.72,2.74,103.02,82.687,10.75,145.112,8299
17/13:44:29,7.95,2.74,103.02,82.676,10.75,145.123,8300
17/13:44:30,7.9,2.74,103.03,82.445,10.74,145.134,8301
17/13:44:31,7.65,2.73,103.02,82.39,10.74,145.156,8302
17/13:44:32,7.62,2.73,103.0,82.412,10.74,145.178,8303
17/13:44:32,7.64,2.73,103.0,82.39,10.74,145.189,8304
17/13:44:33,7.64,2.74,103.0,82.335,10.74,145.2,8305
17/13:44:33,7.61,2.74,102.99,82.247,10.74,145.211,8306
17/13:44:34,7.62,2.74,103.0,82.203,10.74,145.222,8307
17/13:44:35,7.75,2.73,103.0,82.126,10.74,145.233,8308
17/13:44:35,7.45,2.73,103.02,81.972,10.74,145.255,8309
17/13:44:36,7.46,2.73,103.03,81.906,10.74,145.277,8310
17/13:44:37,7.49,2.73,103.03,81.796,10.74,145.288,8311
17/13:44:38,7.47,2.73,103.05,81.73,10.73,145.31,8312
17/13:44:38,7.27,2.74,103.04,81.708,10.73,145.332,8313
17/13:44:39,7.59,2.74,103.05,81.664,10.73,145.343,8314
17/13:44:40,7.86,2.74,103.04,81.587,10.73,145.354,8315
17/13:44:40,7.73,2.74,103.04,81.554,10.73,145.365,8316
17/13:44:41,7.49,2.73,103.04,81.521,10.73,145.376,8317
17/13:44:41,7.64,2.73,103.04,81.51,10.73,145.387,8318
17/13:44:42,7.86,2.73,103.03,81.422,10.73,145.398,8319
17/13:44:42,7.98,2.72,103.05,81.334,10.73,145.409,8320
17/13:44:43,7.96,2.73,103.04,81.279,10.73,145.42,8321
17/13:44:43,8.06,2.73,103.04,81.147,10.73,145.431,8322
17/13:44:44,8.21,2.73,103.02,81.092,10.73,145.442,8323
17/13:44:44,8.22,2.73,103.02,81.015,10.72,145.464,8324
17/13:44:45,8.14,2.73,103.0,80.971,10.72,145.475,8325
17/13:44:46,7.81,2.73,103.01,80.872,10.72,145.497,8326
17/13:44:46,7.76,2.73,102.99,80.773,10.72,145.508,8327
17/13:44:47,7.76,2.72,102.99,80.751,10.72,145.508,8328
17/13:44:48,7.68,2.73,102.98,80.344,10.72,145.552,8329
17/13:44:49,7.96,2.72,102.99,80.322,10.72,145.563,8330
17/13:44:50,7.99,2.73,102.99,80.311,10.72,145.574,8331
17/13:44:50,7.95,2.72,102.99,80.19,10.72,145.585,8332
17/13:44:51,7.84,2.72,103.0,80.069,10.72,145.596,8333
17/13:44:51,7.51,2.72,103.0,80.091,10.71,145.607,8334
17/13:44:52,7.21,2.72,103.0,80.113,10.71,145.629,8335
17/13:44:52,7.11,2.71,102.99,80.091,10.71,145.64,8336
17/13:44:53,7.07,2.71,102.99,80.058,10.71,145.651,8337
17/13:44:53,6.89,2.72,102.98,79.992,10.71,145.662,8338
17/13:44:54,6.92,2.72,102.98,79.849,10.71,145.673,8339
17/13:44:54,6.86,2.74,102.97,79.585,10.71,145.684,8340
17/13:44:55,6.84,2.74,102.98,79.486,10.71,145.695,8341
17/13:44:56,7.2,2.76,103.0,79.244,10.71,145.717,8342
17/13:44:56,7.54,2.77,102.99,79.244,10.71,145.728,8343
17/13:44:57,8.09,2.77,102.97,79.442,10.71,145.75,8344
17/13:44:58,8.46,2.77,102.96,79.42,10.71,145.761,8345
17/13:44:59,8.88,2.77,102.94,79.255,10.71,145.772,8346
17/13:44:59,9.26,2.77,102.91,79.079,10.7,145.794,8347
17/13:45:00,9.17,2.76,102.88,79.079,10.7,145.805,8348
17/13:45:01,9.02,2.76,102.88,78.936,10.7,145.816,8349
17/13:45:01,8.88,2.76,102.87,78.815,10.7,145.827,8350
17/13:45:02,8.71,2.76,102.86,78.694,10.7,145.849,8351
17/13:45:02,8.46,2.75,102.87,78.639,10.7,145.86,8352
17/13:45:03,8.21,2.75,102.88,78.529,10.7,145.871,8353
17/13:45:03,8.19,2.76,102.86,78.408,10.7,145.882,8354
17/13:45:04,8.16,2.77,102.86,78.287,10.7,145.893,8355
17/13:45:04,8.22,2.77,102.87,78.199,10.7,145.904,8356
17/13:45:05,8.36,2.77,102.88,78.166,10.69,145.915,8357
17/13:45:05,8.71,2.77,102.88,78.155,10.69,145.926,8358
17/13:45:06,9.08,2.77,102.86,78.078,10.69,145.937,8359
17/13:45:07,9.74,2.78,102.83,77.957,10.69,145.959,8360
17/13:45:08,10.06,2.77,102.8,77.869,10.69,145.981,8361
17/13:45:08,10.07,2.77,102.79,77.715,10.69,145.992,8362
17/13:45:09,9.97,2.77,102.76,77.539,10.69,146.003,8363
17/13:45:10,9.77,2.78,102.74,77.297,10.68,146.025,8364
17/13:45:11,9.54,2.78,102.73,77.275,10.68,146.036,8365
17/13:45:11,9.33,2.78,102.73,77.22,10.68,146.047,8366
17/13:45:12,9.24,2.77,102.74,77.22,10.68,146.058,8367
17/13:45:12,9.34,2.76,102.74,77.143,10.68,146.069,8368
17/13:45:13,9.65,2.77,102.73,77.033,10.68,146.08,8369
17/13:45:13,9.85,2.77,102.72,76.989,10.68,146.091,8370
17/13:45:14,9.75,2.76,102.73,77.0,10.68,146.102,8371
17/13:45:14,9.56,2.75,102.73,77.0,10.68,146.113,8372
17/13:45:15,9.75,2.75,102.74,76.912,10.68,146.124,8373
17/13:45:16,10.0,2.75,102.71,76.67,10.67,146.157,8374
17/13:45:17,9.69,2.74,102.72,76.516,10.67,146.168,8375
17/13:45:18,9.93,2.75,102.71,76.384,10.67,146.201,8376
17/13:45:18,10.02,2.75,102.72,76.351,10.67,146.212,8377
17/13:45:19,9.56,2.75,102.7,76.373,10.67,146.223,8378
17/13:45:20,9.63,2.75,102.7,76.329,10.67,146.245,8379
17/13:45:21,9.84,2.76,102.7,76.285,10.66,146.256,8380
17/13:45:21,9.91,2.76,102.7,76.274,10.66,146.267,8381
17/13:45:22,9.83,2.75,102.7,76.164,10.66,146.278,8382
17/13:45:22,9.76,2.76,102.69,76.109,10.66,146.289,8383
17/13:45:23,9.77,2.76,102.7,76.021,10.66,146.3,8384
17/13:45:23,9.86,2.77,102.69,75.911,10.66,146.311,8385
17/13:45:24,10.05,2.76,102.71,75.834,10.66,146.322,8386
17/13:45:24,9.85,2.76,102.71,75.647,10.66,146.333,8387
17/13:45:26,9.89,2.78,102.71,75.416,10.65,146.366,8388
17/13:45:26,9.78,2.79,102.72,75.405,10.65,146.377,8389
17/13:45:27,9.78,2.79,102.71,75.328,10.65,146.388,8390
17/13:45:28,9.93,2.78,102.71,75.251,10.65,146.399,8391
17/13:45:28,9.76,2.79,102.71,75.185,10.65,146.41,8392
17/13:45:29,9.66,2.79,102.72,75.075,10.65,146.421,8393
17/13:45:30,9.79,2.79,102.7,74.888,10.65,146.443,8394
17/13:45:30,9.69,2.79,102.68,74.877,10.65,146.454,8395
17/13:45:31,9.82,2.79,102.69,74.811,10.64,146.465,8396
17/13:45:32,9.76,2.79,102.69,74.723,10.64,146.487,8397
17/13:45:33,9.87,2.79,102.68,74.723,10.64,146.509,8398
17/13:45:34,9.85,2.78,102.69,74.536,10.64,146.531,8399
17/13:45:35,9.86,2.79,102.69,74.47,10.64,146.553,8400
17/13:45:35,9.79,2.79,102.69,74.415,10.63,146.564,8401
17/13:45:36,9.83,2.79,102.68,74.261,10.63,146.586,8402
17/13:45:37,9.86,2.79,102.68,74.195,10.63,146.597,8403
17/13:45:37,9.8,2.8,102.69,74.162,10.63,146.597,8404
17/13:45:38,9.87,2.8,102.69,74.118,10.63,146.608,8405
17/13:45:38,9.79,2.8,102.69,74.074,10.63,146.608,8406
17/13:45:39,9.69,2.8,102.67,73.986,10.63,146.63,8407
17/13:45:40,9.89,2.8,102.66,73.975,10.63,146.641,8408
17/13:45:40,9.67,2.8,102.65,73.953,10.63,146.652,8409
17/13:45:41,9.89,2.8,102.66,74.008,10.62,146.663,8410
17/13:45:41,9.66,2.8,102.64,73.953,10.62,146.674,8411
17/13:45:42,9.93,2.8,102.63,73.931,10.62,146.685,8412
17/13:45:43,10.32,2.8,102.61,73.865,10.62,146.718,8413
17/13:45:44,10.45,2.8,102.6,73.876,10.62,146.729,8414
17/13:45:44,10.71,2.81,102.56,73.909,10.62,146.74,8415
17/13:45:46,11.28,2.79,102.52,73.975,10.61,146.773,8416
17/13:45:46,11.62,2.79,102.5,73.986,10.61,146.784,8417
17/13:45:47,11.59,2.79,102.47,74.008,10.61,146.795,8418
17/13:45:47,11.7,2.79,102.46,73.997,10.61,146.806,8419
17/13:45:48,11.72,2.79,102.45,73.942,10.61,146.817,8420
17/13:45:49,11.92,2.81,102.44,73.942,10.6,146.85,8421
17/13:45:50,11.86,2.81,102.43,73.975,10.6,146.861,8422
17/13:45:51,11.97,2.82,102.44,73.964,10.6,146.872,8423
17/13:45:51,12.03,2.81,102.43,73.887,10.6,146.883,8424
17/13:45:52,11.91,2.8,102.43,73.678,10.6,146.905,8425
17/13:45:53,11.83,2.8,102.42,73.689,10.6,146.916,8426
17/13:45:53,11.87,2.8,102.41,73.656,10.59,146.916,8427
17/13:45:54,11.72,2.79,102.4,73.612,10.59,146.927,8428
17/13:45:55,11.6,2.77,102.4,73.788,10.59,146.96,8429
17/13:45:55,11.57,2.78,102.39,73.865,10.59,146.971,8430
17/13:45:56,11.53,2.78,102.41,73.986,10.59,146.982,8431
17/13:45:57,11.64,2.77,102.41,74.118,10.59,147.004,8432
17/13:45:57,11.62,2.77,102.4,74.173,10.58,147.015,8433
17/13:45:58,11.75,2.79,102.41,74.272,10.58,147.026,8434
17/13:45:58,11.79,2.79,102.4,74.228,10.58,147.037,8435
17/13:45:59,11.8,2.8,102.41,74.129,10.58,147.048,8436
17/13:45:59,11.85,2.81,102.39,73.997,10.58,147.059,8437
17/13:46:00,11.82,2.82,102.41,73.997,10.58,147.07,8438
17/13:46:01,11.92,2.81,102.41,73.997,10.58,147.081,8439
17/13:46:02,11.92,2.81,102.39,74.008,10.57,147.103,8440
17/13:46:02,11.83,2.8,102.38,73.964,10.57,147.114,8441
17/13:46:03,12.02,2.8,102.38,73.931,10.57,147.125,8442
17/13:46:03,11.89,2.8,102.37,73.975,10.57,147.136,8443
17/13:46:04,12.1,2.79,102.36,73.975,10.57,147.147,8444
17/13:46:04,11.94,2.79,102.34,73.876,10.57,147.158,8445
17/13:46:05,12.0,2.79,102.34,73.854,10.56,147.18,8446
17/13:46:06,12.24,2.79,102.33,73.953,10.56,147.18,8447
17/13:46:06,12.13,2.79,102.33,74.041,10.56,147.191,8448
17/13:46:07,12.09,2.79,102.33,74.063,10.56,147.213,8449
17/13:46:08,12.19,2.79,102.33,74.063,10.56,147.213,8450
17/13:46:08,12.15,2.78,102.32,74.008,10.56,147.224,8451
17/13:46:09,12.23,2.78,102.34,74.008,10.56,147.235,8452
17/13:46:09,12.25,2.79,102.34,74.008,10.55,147.246,8453
17/13:46:10,12.32,2.79,102.32,73.898,10.55,147.257,8454
17/13:46:10,12.31,2.79,102.32,73.821,10.55,147.279,8455
17/13:46:11,12.21,2.79,102.32,73.843,10.55,147.29,8456
17/13:46:12,12.26,2.79,102.32,73.843,10.55,147.301,8457
17/13:46:12,12.23,2.8,102.33,73.821,10.55,147.312,8458
17/13:46:13,12.34,2.8,102.32,73.832,10.55,147.323,8459
17/13:46:13,12.27,2.79,102.32,73.81,10.54,147.334,8460
17/13:46:14,12.25,2.78,102.33,73.832,10.54,147.345,8461
17/13:46:15,12.2,2.8,102.33,73.942,10.54,147.367,8462
17/13:46:15,12.35,2.81,102.33,73.909,10.54,147.378,8463
17/13:46:16,12.2,2.82,102.34,73.931,10.54,147.389,8464
17/13:46:16,12.32,2.81,102.33,73.975,10.54,147.4,8465
17/13:46:17,12.22,2.8,102.32,74.041,10.53,147.411,8466
17/13:46:18,12.28,2.79,102.33,74.008,10.53,147.433,8467
17/13:46:18,12.16,2.78,102.34,74.041,10.53,147.444,8468
17/13:46:19,12.28,2.78,102.33,74.008,10.53,147.455,8469
17/13:46:20,12.26,2.78,102.33,74.041,10.53,147.466,8470
17/13:46:20,12.25,2.78,102.32,74.195,10.53,147.477,8471
17/13:46:21,12.23,2.79,102.34,74.272,10.52,147.488,8472
17/13:46:21,12.16,2.79,102.34,74.316,10.52,147.499,8473
17/13:46:22,12.27,2.8,102.33,74.382,10.52,147.51,8474
17/13:46:22,12.25,2.8,102.31,74.459,10.52,147.521,8475
17/13:46:23,12.25,2.8,102.28,74.514,10.52,147.532,8476
17/13:46:23,12.24,2.79,102.3,74.58,10.52,147.543,8477
17/13:46:24,12.15,2.78,102.28,74.591,10.52,147.554,8478
17/13:46:24,12.34,2.77,102.28,74.613,10.51,147.565,8479
17/13:46:25,12.31,2.77,102.28,74.668,10.51,147.576,8480
17/13:46:26,12.28,2.76,102.28,74.734,10.51,147.587,8481
17/13:46:26,12.21,2.77,102.28,74.888,10.51,147.609,8482
17/13:46:27,12.23,2.77,102.3,74.899,10.51,147.62,8483
17/13:46:27,12.22,2.77,102.28,74.965,10.51,147.631,8484
17/13:46:28,12.21,2.78,102.28,75.009,10.5,147.642,8485
17/13:46:28,12.07,2.78,102.28,75.042,10.5,147.653,8486
17/13:46:29,12.16,2.79,102.28,75.108,10.5,147.664,8487
17/13:46:30,12.2,2.79,102.28,75.207,10.5,147.675,8488
17/13:46:30,11.99,2.79,102.27,75.207,10.5,147.686,8489
17/13:46:31,12.22,2.79,102.27,75.262,10.5,147.697,8490
17/13:46:31,12.19,2.79,102.27,75.416,10.5,147.708,8491
17/13:46:32,12.05,2.79,102.27,75.405,10.5,147.708,8492
17/13:46:33,12.31,2.8,102.28,75.416,10.49,147.741,8493
17/13:46:34,12.38,2.8,102.28,75.405,10.49,147.763,8494
17/13:46:35,12.06,2.79,102.28,75.339,10.49,147.785,8495
17/13:46:35,12.17,2.8,102.28,75.306,10.49,147.796,8496
17/13:46:36,12.04,2.8,102.26,75.35,10.48,147.818,8497
17/13:46:37,12.05,2.79,102.26,75.372,10.48,147.829,8498
17/13:46:37,12.16,2.8,102.25,75.46,10.48,147.84,8499
17/13:46:38,11.98,2.79,102.25,75.394,10.48,147.851,8500
17/13:46:39,12.15,2.79,102.24,75.46,10.48,147.862,8501
17/13:46:39,12.27,2.8,102.25,75.548,10.48,147.873,8502
17/13:46:40,12.04,2.8,102.24,75.581,10.47,147.884,8503
17/13:46:40,12.3,2.81,102.24,75.724,10.47,147.906,8504
17/13:46:41,12.23,2.83,102.24,75.735,10.47,147.917,8505
17/13:46:42,12.3,2.82,102.25,75.856,10.47,147.928,8506
17/13:46:42,12.22,2.83,102.24,75.955,10.47,147.939,8507
17/13:46:43,12.04,2.83,102.23,75.955,10.47,147.95,8508
17/13:46:43,12.25,2.83,102.22,76.021,10.46,147.961,8509
17/13:46:44,12.28,2.83,102.22,76.241,10.46,147.972,8510
17/13:46:44,12.07,2.83,102.23,76.373,10.46,147.983,8511
17/13:46:45,12.2,2.82,102.22,76.516,10.46,148.005,8512
17/13:46:46,12.23,2.82,102.22,76.659,10.46,148.016,8513
17/13:46:46,12.24,2.82,102.22,76.824,10.46,148.016,8514
17/13:46:47,12.25,2.81,102.22,76.934,10.45,148.027,8515
17/13:46:48,12.07,2.81,102.22,77.176,10.45,148.06,8516
17/13:46:49,12.28,2.81,102.22,77.286,10.45,148.071,8517
17/13:46:49,12.3,2.81,102.22,77.385,10.45,148.082,8518
17/13:46:50,12.1,2.81,102.21,77.484,10.45,148.093,8519
17/13:46:50,12.03,2.81,102.21,77.616,10.45,148.104,8520
17/13:46:51,11.96,2.81,102.22,77.704,10.45,148.115,8521
17/13:46:51,11.97,2.81,102.22,77.759,10.43,148.126,8522
17/13:46:52,11.98,2.81,102.23,77.869,10.43,148.137,8523
17/13:46:53,11.85,2.8,102.24,78.265,10.43,148.159,8524
17/13:46:53,11.97,2.8,102.24,78.397,10.43,148.17,8525
17/13:46:54,12.07,2.8,102.24,78.518,10.43,148.181,8526
17/13:46:55,11.89,2.8,102.27,78.65,10.42,148.203,8527
17/13:46:55,11.56,2.8,102.3,78.76,10.42,148.225,8528
17/13:46:56,11.15,2.8,102.34,78.749,10.42,148.236,8529
17/13:46:56,10.66,2.79,102.36,78.716,10.42,148.247,8530
17/13:46:57,10.16,2.79,102.4,78.76,10.42,148.258,8531
17/13:46:58,9.74,2.79,102.43,78.76,10.42,148.269,8532
17/13:46:58,9.23,2.79,102.49,78.925,10.42,148.291,8533
17/13:46:59,9.18,2.8,102.51,78.991,10.42,148.302,8534
17/13:47:00,9.61,2.8,102.51,78.925,10.42,148.324,8535
17/13:47:01,10.12,2.8,102.5,79.233,10.42,148.346,8536
17/13:47:02,10.31,2.81,102.5,79.277,10.42,148.357,8537
17/13:47:02,10.45,2.81,102.48,79.321,10.42,148.368,8538
17/13:47:03,10.59,2.8,102.49,79.354,10.42,148.379,8539
17/13:47:03,10.63,2.81,102.48,79.486,10.42,148.39,8540
17/13:47:04,10.69,2.81,102.47,79.552,10.42,148.401,8541
17/13:47:05,10.61,2.81,102.47,79.475,10.41,148.412,8542
17/13:47:05,10.34,2.81,102.48,79.464,10.41,148.434,8543
17/13:47:05,10.18,2.81,102.48,79.497,10.41,148.445,8544
17/13:47:06,10.06,2.8,102.5,79.574,10.41,148.456,8545
17/13:47:07,10.02,2.81,102.5,79.64,10.41,148.478,8546
17/13:47:07,10.03,2.81,102.52,79.717,10.41,148.489,8547
17/13:47:08,10.02,2.81,102.53,79.728,10.41,148.5,8548
17/13:47:08,10.0,2.81,102.55,79.739,10.41,148.511,8549
17/13:47:09,9.96,2.81,102.56,79.805,10.41,148.522,8550
17/13:47:10,9.93,2.81,102.56,79.904,10.4,148.544,8551
17/13:47:10,9.88,2.8,102.56,79.882,10.4,148.555,8552
17/13:47:11,9.8,2.8,102.56,79.904,10.4,148.566,8553
17/13:47:12,9.71,2.81,102.56,79.926,10.4,148.577,8554
17/13:47:13,9.59,2.81,102.55,80.102,10.4,148.599,8555
17/13:47:13,9.72,2.81,102.56,80.025,10.4,148.61,8556
17/13:47:14,9.67,2.81,102.56,79.981,10.4,148.632,8557
17/13:47:14,9.48,2.8,102.6,79.948,10.39,148.643,8558
17/13:47:16,8.86,2.81,102.62,80.091,10.39,148.665,8559
17/13:47:16,8.55,2.8,102.62,80.124,10.39,148.676,8560
17/13:47:17,7.88,2.79,102.66,80.08,10.39,148.698,8561
17/13:47:17,7.56,2.79,102.66,80.124,10.39,148.709,8562
17/13:47:18,7.41,2.79,102.64,80.201,10.39,148.731,8563
17/13:47:19,7.59,2.79,102.63,80.212,10.39,148.742,8564
17/13:47:20,7.69,2.8,102.64,80.256,10.39,148.753,8565
17/13:47:21,8.07,2.81,102.62,80.113,10.39,148.775,8566
17/13:47:21,8.39,2.81,102.62,80.08,10.38,148.786,8567
17/13:47:22,8.67,2.81,102.62,79.992,10.38,148.808,8568
17/13:47:23,9.03,2.82,102.63,80.025,10.38,148.83,8569
17/13:47:23,9.21,2.81,102.64,80.08,10.38,148.841,8570
17/13:47:24,9.28,2.81,102.64,79.981,10.38,148.852,8571
17/13:47:24,9.26,2.81,102.66,79.948,10.38,148.863,8572
17/13:47:25,9.04,2.8,102.65,79.948,10.38,148.874,8573
17/13:47:26,8.74,2.8,102.66,79.948,10.38,148.885,8574
17/13:47:26,8.47,2.79,102.66,79.959,10.38,148.896,8575
17/13:47:27,8.27,2.79,102.67,79.882,10.38,148.907,8576
17/13:47:27,8.0,2.79,102.66,79.86,10.37,148.918,8577
17/13:47:27,7.74,2.79,102.65,79.871,10.37,148.929,8578
17/13:47:28,7.72,2.78,102.65,79.959,10.37,148.94,8579
17/13:47:29,7.89,2.78,102.64,80.047,10.37,148.951,8580
17/13:47:29,8.04,2.78,102.64,80.003,10.37,148.962,8581
17/13:47:30,8.06,2.78,102.62,80.003,10.37,148.984,8582
17/13:47:31,8.13,2.77,102.62,80.069,10.37,149.006,8583
17/13:47:32,8.01,2.77,102.63,80.135,10.37,149.039,8584
17/13:47:33,8.04,2.77,102.64,80.19,10.37,149.05,8585
17/13:47:34,8.57,2.77,102.63,80.234,10.36,149.083,8586
17/13:47:35,8.75,2.78,102.64,80.201,10.36,149.094,8587
17/13:47:36,9.0,2.78,102.64,80.091,10.36,149.116,8588
17/13:47:36,9.14,2.79,102.63,80.124,10.36,149.116,8589
17/13:47:37,9.26,2.79,102.64,80.069,10.36,149.127,8590
17/13:47:37,9.26,2.78,102.65,80.003,10.36,149.149,8591
17/13:47:38,9.35,2.8,102.68,79.981,10.36,149.182,8592
17/13:47:39,9.15,2.79,102.68,79.948,10.36,149.193,8593
17/13:47:40,9.09,2.79,102.68,79.97,10.35,149.204,8594
17/13:47:40,8.86,2.8,102.68,79.948,10.35,149.215,8595
17/13:47:41,8.5,2.81,102.68,79.937,10.35,149.226,8596
17/13:47:41,8.25,2.81,102.67,79.794,10.35,149.237,8597
17/13:47:42,7.98,2.81,102.65,79.805,10.35,149.248,8598
17/13:47:43,7.46,2.79,102.64,79.783,10.35,149.27,8599
17/13:47:43,7.41,2.79,102.64,79.783,10.35,149.281,8600
17/13:47:44,7.32,2.79,102.63,79.75,10.35,149.292,8601
17/13:47:44,7.32,2.77,102.65,79.728,10.35,149.303,8602
17/13:47:45,7.37,2.77,102.64,79.64,10.35,149.314,8603
17/13:47:46,7.32,2.77,102.64,79.64,10.35,149.336,8604
17/13:47:47,7.54,2.78,102.62,79.662,10.34,149.358,8605
17/13:47:48,7.83,2.79,102.62,79.772,10.34,149.391,8606
17/13:47:49,8.02,2.79,102.61,79.761,10.34,149.402,8607
17/13:47:49,8.21,2.79,102.63,79.761,10.34,149.413,8608
17/13:47:50,8.46,2.79,102.63,79.684,10.34,149.424,8609
17/13:47:50,8.77,2.8,102.64,79.673,10.34,149.435,8610
17/13:47:51,9.02,2.8,102.65,79.728,10.34,149.446,8611
17/13:47:51,9.15,2.81,102.66,79.75,10.34,149.457,8612
17/13:47:52,9.12,2.81,102.66,79.684,10.34,149.479,8613
17/13:47:53,8.64,2.81,102.66,79.684,10.33,149.501,8614
17/13:47:54,7.96,2.81,102.65,79.651,10.33,149.523,8615
17/13:47:55,7.6,2.8,102.66,79.618,10.33,149.534,8616
17/13:47:55,7.4,2.81,102.65,79.607,10.33,149.545,8617
17/13:47:56,7.28,2.8,102.64,79.607,10.33,149.556,8618
17/13:47:57,7.28,2.79,102.63,79.563,10.33,149.567,8619
17/13:47:57,7.32,2.8,102.63,79.552,10.33,149.589,8620
17/13:47:58,7.49,2.8,102.62,79.508,10.33,149.611,8621
17/13:47:58,7.51,2.8,102.62,79.354,10.33,149.622,8622
17/13:47:59,7.64,2.81,102.62,79.255,10.33,149.633,8623
17/13:47:59,7.71,2.8,102.63,79.321,10.33,149.644,8624
17/13:48:01,7.86,2.81,102.64,79.299,10.32,149.666,8625
17/13:48:02,8.08,2.8,102.65,79.222,10.32,149.688,8626
17/13:48:02,8.15,2.79,102.64,79.277,10.32,149.699,8627
17/13:48:03,8.28,2.79,102.65,79.211,10.32,149.71,8628
17/13:48:03,8.35,2.78,102.64,79.046,10.32,149.721,8629
17/13:48:04,8.42,2.78,102.63,78.936,10.32,149.743,8630
17/13:48:05,8.43,2.79,102.63,78.837,10.32,149.754,8631
17/13:48:06,8.28,2.8,102.62,78.76,10.32,149.776,8632
17/13:48:06,8.23,2.8,102.63,78.727,10.32,149.787,8633
17/13:48:07,8.13,2.8,102.63,78.606,10.31,149.809,8634
17/13:48:08,7.74,2.79,102.65,78.375,10.31,149.831,8635
17/13:48:09,7.64,2.79,102.65,78.287,10.31,149.842,8636
17/13:48:09,7.56,2.79,102.66,78.21,10.31,149.853,8637
17/13:48:10,7.71,2.79,102.66,78.089,10.31,149.864,8638
17/13:48:10,7.93,2.79,102.66,78.001,10.31,149.875,8639
17/13:48:11,8.18,2.8,102.64,77.902,10.31,149.886,8640
17/13:48:11,8.32,2.79,102.64,77.825,10.31,149.897,8641
17/13:48:12,8.48,2.8,102.63,77.748,10.31,149.908,8642
17/13:48:12,8.64,2.8,102.61,77.671,10.31,149.908,8643
17/13:48:13,8.52,2.8,102.61,77.352,10.3,149.941,8644
17/13:48:14,8.41,2.79,102.63,77.154,10.3,149.963,8645
17/13:48:15,8.15,2.79,102.65,77.0,10.3,149.974,8646
17/13:48:15,7.94,2.79,102.66,76.846,10.3,149.985,8647
17/13:48:16,8.06,2.79,102.68,76.681,10.3,149.996,8648
17/13:48:17,8.34,2.78,102.66,76.505,10.3,150.018,8649
17/13:48:17,8.37,2.78,102.63,76.373,10.3,150.029,8650
17/13:48:18,8.34,2.78,102.63,76.263,10.3,150.04,8651
17/13:48:19,8.37,2.78,102.61,76.087,10.3,150.062,8652
17/13:48:20,8.4,2.78,102.59,75.966,10.3,150.073,8653
17/13:48:20,8.38,2.78,102.59,75.867,10.29,150.084,8654
17/13:48:21,8.31,2.78,102.59,75.801,10.29,150.095,8655
17/13:48:21,8.28,2.78,102.6,75.68,10.29,150.106,8656
17/13:48:22,8.42,2.78,102.62,75.504,10.29,150.128,8657
17/13:48:23,8.19,2.77,102.63,75.405,10.29,150.139,8658
17/13:48:23,8.05,2.77,102.64,75.295,10.29,150.15,8659
17/13:48:24,8.26,2.78,102.64,75.218,10.29,150.161,8660
17/13:48:24,8.15,2.78,102.63,75.196,10.29,150.172,8661
17/13:48:25,7.98,2.77,102.63,75.108,10.29,150.183,8662
17/13:48:26,8.28,2.78,102.64,74.899,10.29,150.205,8663
17/13:48:26,8.03,2.77,102.63,74.734,10.28,150.216,8664
17/13:48:27,8.22,2.77,102.62,74.547,10.28,150.216,8665
17/13:48:27,8.28,2.77,102.61,74.514,10.28,150.227,8666
17/13:48:28,8.16,2.76,102.61,74.481,10.28,150.249,8667
17/13:48:28,8.21,2.76,102.61,74.415,10.28,150.26,8668
17/13:48:29,8.23,2.76,102.61,74.316,10.28,150.271,8669
17/13:48:30,8.27,2.76,102.6,74.118,10.28,150.282,8670
17/13:48:30,8.15,2.77,102.6,73.898,10.28,150.293,8671
17/13:48:31,8.25,2.77,102.6,73.81,10.28,150.304,8672
17/13:48:31,8.22,2.78,102.6,73.7,10.28,150.315,8673
17/13:48:32,8.35,2.78,102.61,73.601,10.28,150.326,8674
17/13:48:32,8.26,2.77,102.6,73.568,10.28,150.337,8675
17/13:48:33,8.28,2.78,102.6,73.535,10.28,150.348,8676
17/13:48:34,8.27,2.77,102.59,73.282,10.27,150.381,8677
17/13:48:35,8.17,2.78,102.6,73.216,10.27,150.392,8678
17/13:48:35,8.11,2.78,102.61,73.194,10.27,150.403,8679
17/13:48:36,8.16,2.78,102.59,73.084,10.27,150.414,8680
17/13:48:37,8.13,2.78,102.6,72.908,10.27,150.436,8681
17/13:48:37,8.15,2.78,102.61,72.886,10.27,150.447,8682
17/13:48:38,8.15,2.78,102.61,72.886,10.27,150.458,8683
17/13:48:39,8.33,2.78,102.59,72.831,10.27,150.469,8684
17/13:48:39,8.57,2.77,102.56,72.897,10.27,150.48,8685
17/13:48:40,8.82,2.77,102.55,72.886,10.26,150.491,8686
17/13:48:40,8.98,2.77,102.53,72.864,10.26,150.502,8687
17/13:48:41,9.19,2.78,102.51,72.787,10.26,150.513,8688
17/13:48:41,9.32,2.77,102.49,72.809,10.26,150.513,8689
17/13:48:42,9.56,2.78,102.47,72.765,10.26,150.535,8690
17/13:48:42,9.79,2.78,102.46,72.732,10.26,150.535,8691
17/13:48:43,9.79,2.78,102.47,72.655,10.26,150.546,8692
17/13:48:43,9.75,2.78,102.46,72.699,10.26,150.557,8693
17/13:48:44,9.68,2.79,102.46,72.545,10.26,150.579,8694
17/13:48:45,9.66,2.78,102.46,72.435,10.25,150.601,8695
17/13:48:46,9.75,2.77,102.46,72.336,10.25,150.612,8696
17/13:48:46,9.65,2.77,102.43,72.314,10.25,150.623,8697
17/13:48:47,9.76,2.77,102.43,72.226,10.25,150.634,8698
17/13:48:48,9.71,2.76,102.44,72.127,10.25,150.656,8699
17/13:48:49,9.69,2.77,102.45,71.984,10.25,150.678,8700
17/13:48:50,9.77,2.77,102.45,71.94,10.25,150.689,8701
17/13:48:50,9.61,2.78,102.45,71.907,10.24,150.7,8702
17/13:48:51,9.76,2.77,102.46,71.863,10.24,150.711,8703
17/13:48:51,9.66,2.76,102.46,71.786,10.24,150.722,8704
17/13:48:52,9.7,2.76,102.44,71.731,10.24,150.744,8705
17/13:48:53,9.61,2.76,102.45,71.687,10.24,150.755,8706
17/13:48:54,9.63,2.76,102.45,71.709,10.24,150.766,8707
17/13:48:54,9.72,2.76,102.45,71.72,10.24,150.788,8708
17/13:48:55,9.7,2.76,102.44,71.632,10.24,150.788,8709
17/13:48:55,9.67,2.77,102.44,71.61,10.23,150.799,8710
17/13:48:56,9.8,2.77,102.44,71.599,10.23,150.81,8711
17/13:48:57,9.69,2.77,102.44,71.533,10.23,150.821,8712
17/13:48:57,9.74,2.77,102.43,71.489,10.23,150.843,8713
17/13:48:58,9.71,2.77,102.42,71.489,10.23,150.854,8714
17/13:48:58,9.75,2.77,102.42,71.522,10.23,150.865,8715
17/13:48:59,9.67,2.78,102.43,71.511,10.23,150.876,8716
17/13:48:59,9.75,2.79,102.43,71.632,10.23,150.887,8717
17/13:49:00,9.7,2.78,102.43,71.676,10.22,150.898,8718
17/13:49:01,9.72,2.79,102.42,71.665,10.22,150.92,8719
17/13:49:02,9.73,2.79,102.41,71.709,10.22,150.931,8720
17/13:49:02,9.79,2.79,102.41,71.786,10.22,150.942,8721
17/13:49:03,9.73,2.79,102.42,71.775,10.22,150.953,8722
17/13:49:03,9.64,2.78,102.42,71.808,10.22,150.964,8723
17/13:49:04,9.6,2.77,102.42,71.907,10.22,150.986,8724
17/13:49:05,9.74,2.77,102.44,71.929,10.22,150.997,8725
17/13:49:05,9.68,2.77,102.45,71.94,10.21,150.997,8726
17/13:49:06,9.59,2.76,102.46,71.984,10.21,151.008,8727
17/13:49:06,9.64,2.76,102.46,71.995,10.21,151.008,8728
17/13:49:07,9.59,2.76,102.46,71.962,10.21,151.03,8729
17/13:49:07,9.73,2.76,102.45,72.094,10.21,151.041,8730
17/13:49:08,9.82,2.77,102.45,72.171,10.21,151.052,8731
17/13:49:09,9.72,2.77,102.46,72.149,10.21,151.063,8732
17/13:49:09,9.87,2.77,102.42,72.182,10.21,151.074,8733
17/13:49:10,9.91,2.77,102.41,72.193,10.21,151.085,8734
17/13:49:10,9.77,2.77,102.4,72.215,10.21,151.096,8735
17/13:49:11,9.82,2.77,102.39,72.303,10.2,151.107,8736
17/13:49:11,9.67,2.78,102.39,72.38,10.2,151.118,8737
17/13:49:12,9.52,2.78,102.37,72.446,10.2,151.14,8738
17/13:49:13,9.66,2.78,102.35,72.479,10.2,151.151,8739
17/13:49:13,9.6,2.77,102.37,72.49,10.2,151.162,8740
17/13:49:14,9.54,2.78,102.36,72.578,10.2,151.173,8741
17/13:49:15,9.66,2.77,102.39,72.666,10.2,151.195,8742
17/13:49:15,9.64,2.77,102.4,72.622,10.2,151.206,8743
17/13:49:16,9.66,2.77,102.38,72.688,10.19,151.217,8744
17/13:49:16,9.68,2.77,102.39,72.721,10.19,151.228,8745
17/13:49:17,9.62,2.77,102.38,72.787,10.19,151.239,8746
17/13:49:18,9.63,2.78,102.38,72.82,10.19,151.25,8747
17/13:49:18,9.65,2.78,102.38,72.908,10.19,151.261,8748
17/13:49:19,9.69,2.78,102.36,73.062,10.19,151.283,8749
17/13:49:20,9.71,2.78,102.36,73.084,10.19,151.294,8750
17/13:49:21,9.73,2.79,102.37,73.139,10.19,151.305,8751
17/13:49:21,9.73,2.78,102.39,73.106,10.18,151.316,8752
17/13:49:22,9.71,2.78,102.39,73.095,10.18,151.316,8753
17/13:49:23,9.71,2.78,102.37,73.095,10.18,151.349,8754
17/13:49:23,9.67,2.78,102.38,73.172,10.18,151.36,8755
17/13:49:24,9.67,2.78,102.39,73.172,10.18,151.371,8756
17/13:49:24,9.71,2.78,102.38,73.205,10.18,151.382,8757
17/13:49:25,9.7,2.79,102.38,73.194,10.18,151.393,8758
17/13:49:25,9.88,2.79,102.37,73.227,10.18,151.404,8759
17/13:49:26,9.84,2.8,102.37,73.26,10.17,151.415,8760
17/13:49:26,10.1,2.81,102.37,73.337,10.17,151.426,8761
17/13:49:27,10.06,2.8,102.36,73.392,10.17,151.437,8762
17/13:49:28,10.22,2.79,102.34,73.469,10.17,151.448,8763
17/13:49:28,10.4,2.79,102.31,73.568,10.17,151.47,8764
17/13:49:29,10.3,2.77,102.28,73.623,10.17,151.481,8765
17/13:49:30,10.47,2.77,102.28,73.678,10.17,151.492,8766
17/13:49:30,10.39,2.76,102.27,73.722,10.17,151.503,8767
17/13:49:32,10.56,2.77,102.27,73.843,10.16,151.547,8768
17/13:49:33,10.66,2.77,102.26,73.854,10.16,151.558,8769
17/13:49:33,10.55,2.77,102.26,73.909,10.16,151.569,8770
17/13:49:34,10.64,2.78,102.25,73.997,10.16,151.58,8771
17/13:49:35,10.74,2.77,102.25,74.096,10.16,151.602,8772
17/13:49:35,10.87,2.77,102.25,74.239,10.14,151.602,8773
17/13:49:36,10.63,2.78,102.24,74.349,10.14,151.624,8774
17/13:49:36,10.8,2.78,102.23,74.426,10.14,151.635,8775
17/13:49:38,10.77,2.77,102.24,74.701,10.14,151.657,8776
17/13:49:39,10.81,2.77,102.25,74.866,10.14,151.679,8777
17/13:49:39,10.74,2.78,102.24,74.943,10.14,151.69,8778
17/13:49:40,10.76,2.77,102.25,75.042,10.14,151.701,8779
17/13:49:41,10.73,2.77,102.25,75.064,10.14,151.712,8780
17/13:49:41,10.79,2.77,102.25,75.152,10.14,151.723,8781
17/13:49:42,10.69,2.77,102.24,75.24,10.14,151.734,8782
17/13:49:42,10.67,2.77,102.25,75.339,10.14,151.745,8783
17/13:49:43,10.85,2.78,102.24,75.394,10.14,151.756,8784
17/13:49:44,10.8,2.78,102.25,75.416,10.14,151.778,8785
17/13:49:44,10.84,2.78,102.24,75.493,10.13,151.789,8786
17/13:49:45,10.64,2.78,102.25,75.482,10.13,151.811,8787
17/13:49:46,10.85,2.78,102.26,75.427,10.13,151.822,8788
17/13:49:46,10.73,2.78,102.27,75.471,10.13,151.833,8789
17/13:49:47,10.7,2.77,102.28,75.548,10.13,151.844,8790
17/13:49:48,10.65,2.77,102.27,75.68,10.13,151.855,8791
17/13:49:49,10.77,2.76,102.26,75.724,10.12,151.888,8792
17/13:49:49,10.64,2.76,102.27,75.768,10.12,151.899,8793
17/13:49:50,10.52,2.75,102.26,75.768,10.12,151.91,8794
17/13:49:50,10.57,2.75,102.26,75.856,10.12,151.932,8795
17/13:49:52,10.55,2.76,102.22,75.944,10.12,151.954,8796
17/13:49:53,10.61,2.76,102.22,75.955,10.12,151.976,8797
17/13:49:53,10.63,2.75,102.22,76.021,10.12,151.987,8798
17/13:49:54,10.57,2.75,102.19,76.142,10.11,151.987,8799
17/13:49:54,10.57,2.75,102.17,76.208,10.11,151.998,8800
17/13:49:55,10.63,2.76,102.17,76.285,10.11,152.02,8801
17/13:49:55,10.68,2.76,102.18,76.362,10.11,152.031,8802
17/13:49:56,10.76,2.76,102.2,76.395,10.11,152.031,8803
17/13:49:56,10.77,2.75,102.2,76.417,10.11,152.053,8804
17/13:49:57,10.72,2.77,102.21,76.483,10.11,152.064,8805
17/13:49:57,10.85,2.77,102.21,76.604,10.11,152.075,8806
17/13:49:58,10.89,2.78,102.24,76.67,10.1,152.086,8807
17/13:49:59,10.92,2.79,102.24,76.725,10.1,152.097,8808
17/13:49:59,10.67,2.79,102.23,76.692,10.1,152.108,8809
17/13:50:00,10.95,2.81,102.21,76.813,10.1,152.13,8810
17/13:50:00,11.07,2.81,102.21,76.868,10.1,152.141,8811
17/13:50:01,10.89,2.81,102.21,76.912,10.1,152.152,8812
17/13:50:02,10.6,2.81,102.22,76.956,10.1,152.163,8813
17/13:50:02,10.64,2.8,102.24,76.923,10.1,152.174,8814
17/13:50:03,10.79,2.8,102.24,76.857,10.09,152.185,8815
17/13:50:03,10.47,2.79,102.26,77.11,10.09,152.207,8816
17/13:50:04,10.12,2.78,102.27,77.077,10.09,152.218,8817
17/13:50:05,9.79,2.78,102.3,77.077,10.09,152.24,8818
17/13:50:06,9.99,2.78,102.3,77.121,10.09,152.251,8819
17/13:50:06,10.05,2.77,102.28,77.198,10.09,152.262,8820
17/13:50:07,9.95,2.77,102.26,77.264,10.09,152.273,8821
17/13:50:07,9.83,2.78,102.27,77.198,10.08,152.284,8822
17/13:50:08,9.81,2.77,102.27,77.099,10.08,152.295,8823
17/13:50:08,9.78,2.77,102.27,77.055,10.08,152.306,8824
17/13:50:09,9.96,2.77,102.26,77.033,10.08,152.317,8825
17/13:50:09,10.05,2.77,102.26,77.176,10.08,152.328,8826
17/13:50:10,9.88,2.78,102.25,77.165,10.08,152.339,8827
17/13:50:10,9.6,2.77,102.26,77.132,10.08,152.35,8828
17/13:50:11,9.52,2.77,102.28,77.132,10.08,152.361,8829
17/13:50:12,9.97,2.79,102.28,77.143,10.07,152.383,8830
17/13:50:13,10.11,2.79,102.28,77.22,10.07,152.394,8831
17/13:50:13,9.95,2.79,102.28,77.297,10.07,152.405,8832
17/13:50:14,9.81,2.78,102.28,77.286,10.07,152.416,8833
17/13:50:14,9.75,2.79,102.31,77.242,10.07,152.416,8834
17/13:50:15,10.2,2.8,102.31,77.231,10.07,152.449,8835
17/13:50:16,10.1,2.8,102.31,77.242,10.07,152.46,8836
17/13:50:16,9.82,2.79,102.31,77.176,10.07,152.471,8837
17/13:50:17,9.75,2.79,102.31,76.989,10.07,152.482,8838
17/13:50:17,9.92,2.78,102.31,76.923,10.06,152.493,8839
17/13:50:18,10.02,2.79,102.32,77.022,10.06,152.504,8840
17/13:50:18,10.09,2.78,102.28,77.022,10.06,152.515,8841
17/13:50:19,9.87,2.77,102.27,76.978,10.06,152.526,8842
17/13:50:20,9.96,2.77,102.27,76.934,10.06,152.559,8843
17/13:50:21,10.02,2.78,102.26,76.923,10.06,152.559,8844
17/13:50:21,9.99,2.77,102.26,76.923,10.06,152.57,8845
17/13:50:22,9.75,2.78,102.25,76.846,10.06,152.592,8846
17/13:50:22,9.86,2.78,102.24,76.813,10.05,152.603,8847
17/13:50:23,9.75,2.79,102.27,76.923,10.05,152.636,8848
17/13:50:24,9.7,2.8,102.27,76.901,10.05,152.647,8849
17/13:50:25,9.93,2.8,102.27,76.934,10.05,152.658,8850
17/13:50:25,10.13,2.79,102.26,77.011,10.05,152.669,8851
17/13:50:26,9.98,2.79,102.27,76.978,10.05,152.691,8852
17/13:50:27,9.85,2.79,102.26,76.923,10.05,152.702,8853
17/13:50:28,10.06,2.79,102.26,76.923,10.04,152.713,8854
17/13:50:28,10.3,2.78,102.24,77.077,10.04,152.735,8855
17/13:50:29,10.06,2.78,102.25,77.066,10.04,152.746,8856
17/13:50:29,9.84,2.78,102.26,76.989,10.04,152.757,8857
17/13:50:30,9.83,2.77,102.26,76.879,10.04,152.768,8858
17/13:50:30,9.96,2.78,102.26,76.879,10.04,152.779,8859
17/13:50:32,7.51,2.77,102.46,76.725,10.04,152.801,8860
17/13:50:32,6.2,2.78,102.56,76.285,10.04,152.812,8861
17/13:50:33,3.85,2.77,102.83,75.427,10.03,152.834,8862
17/13:50:34,2.7,2.77,102.95,75.042,10.03,152.845,8863
17/13:50:35,0.39,2.77,103.21,74.294,10.03,152.867,8864
17/13:50:36,0.18,2.77,103.26,73.634,10.04,152.889,8865
17/13:50:36,0.18,2.77,103.27,73.304,10.04,152.9,8866
17/13:50:37,0.18,2.77,103.27,72.963,10.04,152.911,8867
17/13:50:37,0.18,2.77,103.28,72.6,10.04,152.922,8868
17/13:50:38,0.19,2.76,103.3,72.292,10.04,152.933,8869
17/13:50:38,0.19,2.76,103.31,71.984,10.04,152.944,8870
17/13:50:39,0.19,2.75,103.32,71.577,10.04,152.955,8871
17/13:50:39,0.19,2.75,103.32,71.258,10.04,152.966,8872
17/13:50:40,0.19,2.75,103.32,70.895,10.04,152.977,8873
17/13:50:41,0.19,2.75,103.33,70.587,10.04,152.977,8874
17/13:50:41,0.19,2.75,103.35,69.971,10.04,152.999,8875
17/13:50:42,0.2,2.75,103.35,69.597,10.04,153.01,8876
17/13:50:43,0.28,2.75,103.34,69.289,10.04,153.021,8877
17/13:50:43,1.06,2.74,103.3,69.069,10.04,153.032,8878
17/13:50:44,2.38,2.75,103.2,69.025,10.04,153.043,8879
17/13:50:44,3.69,2.75,103.07,69.157,10.04,153.054,8880
17/13:50:45,5.17,2.75,102.94,69.179,10.04,153.065,8881
17/13:50:45,6.63,2.76,102.8,69.234,10.04,153.076,8882
17/13:50:46,7.92,2.76,102.65,69.278,10.04,153.087,8883
17/13:50:46,9.44,2.77,102.53,69.377,10.04,153.098,8884
17/13:50:47,10.9,2.77,102.4,69.531,10.04,153.109,8885
17/13:50:48,11.53,2.78,102.28,69.806,10.03,153.12,8886
17/13:50:49,11.65,2.79,102.23,70.092,10.03,153.142,8887
17/13:50:49,11.73,2.8,102.21,70.224,10.03,153.153,8888
17/13:50:50,11.76,2.8,102.2,70.411,10.03,153.164,8889
17/13:50:51,11.73,2.81,102.17,70.62,10.03,153.186,8890
17/13:50:51,11.67,2.81,102.16,70.73,10.03,153.197,8891
17/13:50:52,11.64,2.81,102.16,70.928,10.02,153.208,8892
17/13:50:53,11.63,2.82,102.16,71.016,10.02,153.208,8893
17/13:50:53,11.66,2.82,102.16,71.093,10.02,153.23,8894
17/13:50:54,11.72,2.82,102.15,71.335,10.02,153.252,8895
17/13:50:55,11.76,2.82,102.13,71.478,10.02,153.263,8896
17/13:50:55,11.77,2.81,102.13,71.72,10.02,153.274,8897
17/13:50:56,11.93,2.8,102.11,71.874,10.02,153.274,8898
17/13:50:56,12.03,2.8,102.11,72.039,10.01,153.296,8899
17/13:50:57,12.16,2.79,102.12,72.193,10.01,153.296,8900
17/13:50:58,12.16,2.78,102.1,72.534,10.01,153.318,8901
17/13:50:58,12.08,2.79,102.11,72.666,10.01,153.329,8902
17/13:50:59,11.97,2.79,102.1,72.743,10.01,153.34,8903
17/13:51:00,11.98,2.8,102.1,72.908,10.01,153.351,8904
17/13:51:00,11.91,2.8,102.1,73.062,10.0,153.362,8905
17/13:51:01,11.81,2.8,102.08,73.304,10.0,153.373,8906
17/13:51:01,11.67,2.81,102.09,73.447,10.0,153.384,8907
17/13:51:02,11.67,2.81,102.09,73.59,10.0,153.395,8908
17/13:51:02,11.74,2.81,102.09,73.7,10.0,153.406,8909
17/13:51:03,11.79,2.8,102.1,74.096,10.0,153.428,8910
17/13:51:04,11.74,2.8,102.1,74.382,10.0,153.439,8911
17/13:51:05,11.7,2.79,102.1,74.932,9.99,153.472,8912
17/13:51:06,11.74,2.77,102.09,75.493,9.99,153.494,8913
17/13:51:07,11.65,2.76,102.1,75.68,9.99,153.516,8914
17/13:51:08,11.67,2.77,102.09,75.889,9.98,153.516,8915
17/13:51:08,11.48,2.76,102.1,76.12,9.98,153.527,8916
17/13:51:09,11.38,2.74,102.11,76.296,9.98,153.549,8917
17/13:51:09,11.39,2.75,102.12,76.483,9.98,153.56,8918
17/13:51:10,11.4,2.75,102.11,76.78,9.98,153.571,8919
17/13:51:11,11.48,2.76,102.12,77.198,9.98,153.593,8920
17/13:51:12,11.01,2.76,102.14,77.616,9.97,153.626,8921
17/13:51:13,11.16,2.77,102.15,77.737,9.97,153.637,8922
17/13:51:14,11.25,2.77,102.13,77.99,9.97,153.648,8923
17/13:51:14,11.21,2.77,102.13,78.188,9.97,153.659,8924
17/13:51:14,11.35,2.77,102.14,78.485,9.97,153.67,8925
17/13:51:15,11.57,2.77,102.15,78.694,9.97,153.681,8926
17/13:51:16,12.11,2.77,102.14,79.255,9.96,153.703,8927
17/13:51:17,12.33,2.77,102.14,79.497,9.96,153.714,8928
17/13:51:17,12.46,2.76,102.14,79.662,9.96,153.736,8929
17/13:51:18,12.42,2.75,102.11,79.992,9.96,153.747,8930
17/13:51:18,12.42,2.75,102.11,80.146,9.96,153.758,8931
17/13:51:19,12.18,2.75,102.09,80.553,9.96,153.78,8932
17/13:51:21,11.3,2.73,102.1,81.048,9.95,153.813,8933
17/13:51:21,11.08,2.73,102.11,81.246,9.95,153.824,8934
17/13:51:22,10.95,2.74,102.09,81.433,9.95,153.835,8935
17/13:51:23,11.01,2.74,102.09,81.587,9.95,153.857,8936
17/13:51:24,10.98,2.74,102.1,81.609,9.95,153.868,8937
17/13:51:24,11.01,2.74,102.1,81.807,9.94,153.89,8938
17/13:51:25,11.13,2.75,102.09,82.016,9.94,153.901,8939
17/13:51:25,11.41,2.75,102.09,82.17,9.94,153.912,8940
17/13:51:26,11.33,2.76,102.1,82.335,9.94,153.934,8941
17/13:51:27,11.12,2.75,102.09,82.5,9.94,153.945,8942
17/13:51:28,11.23,2.77,102.09,82.61,9.94,153.967,8943
17/13:51:28,11.21,2.78,102.09,82.764,9.93,153.978,8944
17/13:51:30,11.2,2.79,102.08,82.687,9.93,154.0,8945
17/13:51:30,11.11,2.79,102.08,82.764,9.93,154.022,8946
17/13:51:31,11.18,2.79,102.07,82.885,9.93,154.033,8947
17/13:51:32,11.12,2.8,102.08,83.028,9.93,154.055,8948
17/13:51:32,10.98,2.79,102.08,83.072,9.93,154.066,8949
17/13:51:33,11.14,2.79,102.07,83.204,9.92,154.077,8950
17/13:51:33,11.21,2.79,102.06,83.204,9.92,154.088,8951
17/13:51:34,10.97,2.8,102.07,83.204,9.92,154.099,8952
17/13:51:34,11.16,2.79,102.06,83.259,9.92,154.11,8953
17/13:51:35,11.28,2.8,102.06,83.281,9.92,154.121,8954
17/13:51:35,11.12,2.8,102.06,83.237,9.92,154.143,8955
17/13:51:36,11.43,2.8,102.05,83.248,9.92,154.165,8956
17/13:51:37,11.26,2.8,102.05,83.204,9.92,154.176,8957
17/13:51:37,11.13,2.79,102.05,83.215,9.91,154.187,8958
17/13:51:38,11.38,2.78,102.05,83.292,9.91,154.198,8959
17/13:51:38,11.4,2.79,102.06,83.303,9.91,154.209,8960
17/13:51:39,11.22,2.79,102.05,83.149,9.91,154.242,8961
17/13:51:40,11.39,2.78,102.05,83.072,9.91,154.253,8962
17/13:51:41,11.21,2.78,102.05,82.929,9.9,154.275,8963
17/13:51:42,11.42,2.78,102.05,82.951,9.9,154.286,8964
17/13:51:42,11.3,2.78,102.05,82.885,9.9,154.297,8965
17/13:51:42,11.03,2.77,102.06,82.83,9.9,154.308,8966
17/13:51:43,10.88,2.78,102.08,82.797,9.9,154.308,8967
17/13:51:44,10.76,2.78,102.11,82.687,9.9,154.33,8968
17/13:51:44,10.26,2.78,102.15,82.544,9.9,154.341,8969
17/13:51:45,9.95,2.78,102.17,82.379,9.9,154.363,8970
17/13:51:45,9.45,2.64,102.25,82.236,9.9,154.374,8971
17/13:51:46,8.78,2.46,102.35,82.148,9.89,154.385,8972
17/13:51:47,8.2,2.28,102.44,81.917,9.89,154.396,8973
17/13:51:47,7.03,1.93,102.6,81.4,9.89,154.418,8974
17/13:51:48,6.64,1.79,102.67,81.092,9.89,154.44,8975
17/13:51:49,6.8,1.79,102.66,80.806,9.89,154.451,8976
17/13:51:49,7.2,1.96,102.59,80.553,9.89,154.462,8977
17/13:51:50,7.46,2.16,102.51,80.355,9.89,154.473,8978
17/13:51:51,7.97,2.32,102.47,80.08,9.89,154.484,8979
17/13:51:51,8.57,2.48,102.4,79.882,9.89,154.495,8980
17/13:51:52,9.26,2.65,102.32,79.64,9.89,154.506,8981
17/13:51:52,9.68,2.78,102.27,79.365,9.88,154.528,8982
17/13:51:53,9.8,2.78,102.27,79.178,9.88,154.539,8983
17/13:51:54,10.02,2.78,102.28,78.562,9.88,154.572,8984
17/13:51:55,9.59,2.77,102.27,78.078,9.88,154.594,8985
17/13:51:56,9.26,2.77,102.27,77.693,9.88,154.605,8986
17/13:51:56,8.94,2.61,102.34,77.506,9.88,154.616,8987
17/13:51:57,8.67,2.44,102.41,77.407,9.88,154.616,8988
17/13:51:57,8.26,2.24,102.48,77.176,9.87,154.627,8989
17/13:51:58,7.57,2.07,102.55,76.912,9.87,154.649,8990
17/13:51:58,7.4,2.06,102.57,76.626,9.87,154.66,8991
17/13:51:59,7.46,2.07,102.59,76.318,9.87,154.671,8992
17/13:51:59,7.66,2.08,102.59,75.988,9.87,154.682,8993
17/13:52:00,7.79,2.24,102.54,75.449,9.87,154.704,8994
17/13:52:01,8.05,2.44,102.46,75.185,9.87,154.715,8995
17/13:52:01,8.28,2.61,102.4,74.954,9.87,154.726,8996
17/13:52:02,8.7,2.79,102.32,74.712,9.87,154.737,8997
17/13:52:03,8.75,2.8,102.3,74.514,9.87,154.748,8998
17/13:52:03,8.71,2.8,102.3,74.272,9.87,154.759,8999
17/13:52:04,8.56,2.8,102.3,73.975,9.86,154.77,9000
17/13:52:04,8.68,2.8,102.3,73.722,9.86,154.781,9001
17/13:52:05,8.65,2.8,102.3,73.48,9.86,154.792,9002
17/13:52:05,8.66,2.8,102.31,73.172,9.86,154.803,9003
17/13:52:06,8.75,2.8,102.31,72.963,9.86,154.814,9004
17/13:52:06,8.88,2.79,102.32,72.787,9.86,154.825,9005
17/13:52:08,8.86,2.77,102.32,72.05,9.86,154.858,9006
17/13:52:08,8.79,2.77,102.32,71.764,9.86,154.869,9007
17/13:52:09,8.8,2.77,102.31,71.533,9.86,154.88,9008
17/13:52:09,8.66,2.77,102.31,71.335,12.41,154.891,9009
17/13:52:10,8.67,2.77,102.31,71.104,12.41,154.891,9010
17/13:52:10,8.55,2.78,102.32,70.895,12.41,154.913,9011
17/13:52:11,8.56,2.77,102.32,70.708,12.41,154.913,9012
17/13:52:11,8.65,2.78,102.32,70.499,12.41,154.924,9013
17/13:52:12,8.72,2.79,102.3,70.037,12.41,154.946,9014
17/13:52:13,8.75,2.8,102.31,69.784,12.41,154.957,9015
17/13:52:14,8.8,2.8,102.3,69.608,12.41,154.968,9016
17/13:52:14,8.82,2.8,102.28,69.41,12.41,154.979,9017
17/13:52:15,8.87,2.79,102.3,69.003,12.41,155.001,9018
17/13:52:17,8.8,2.78,102.32,68.53,12.4,155.034,9019
17/13:52:18,8.81,2.77,102.32,68.211,12.4,155.045,9020
17/13:52:19,8.69,2.77,102.31,67.441,12.4,155.078,9021
17/13:52:20,8.66,2.76,102.3,67.232,12.4,155.089,9022
17/13:52:21,8.61,2.76,102.3,66.957,12.4,155.1,9023
17/13:52:21,8.61,2.76,102.28,66.616,12.4,155.111,9024
17/13:52:22,8.68,2.77,102.27,66.154,12.39,155.133,9025
17/13:52:23,8.77,2.76,102.28,65.714,12.39,155.144,9026
17/13:52:24,8.8,2.77,102.28,65.34,12.39,155.166,9027
17/13:52:25,8.76,2.77,102.3,65.087,12.39,155.177,9028
17/13:52:26,8.81,2.79,102.34,64.636,12.39,155.199,9029
17/13:52:27,8.8,2.79,102.33,64.405,12.39,155.21,9030
17/13:52:27,8.69,2.8,102.33,64.196,12.38,155.221,9031
17/13:52:28,8.71,2.8,102.32,64.009,12.38,155.232,9032
17/13:52:29,8.69,2.82,102.32,63.657,12.38,155.254,9033
17/13:52:30,8.72,2.82,102.31,63.415,12.38,155.265,9034
17/13:52:31,8.69,2.81,102.32,63.085,12.38,155.287,9035
17/13:52:32,8.84,2.81,102.31,63.008,12.38,155.298,9036
17/13:52:32,8.82,2.81,102.3,62.667,12.38,155.32,9037
17/13:52:33,8.85,2.81,102.3,62.458,12.38,155.32,9038
17/13:52:34,8.8,2.8,102.28,61.996,12.37,155.342,9039
17/13:52:35,8.83,2.8,102.28,61.886,12.37,155.353,9040
17/13:52:35,8.72,2.8,102.28,61.82,12.37,155.364,9041
17/13:52:36,8.73,2.8,102.28,61.699,12.37,155.375,9042
17/13:52:37,8.66,2.8,102.31,61.413,12.37,155.386,9043
17/13:52:37,8.72,2.8,102.31,61.303,12.37,155.397,9044
17/13:52:39,8.75,2.82,102.33,61.072,12.37,155.408,9045
17/13:52:39,8.78,2.82,102.33,60.885,12.37,155.408,9046
17/13:52:40,8.85,2.81,102.33,60.665,12.36,155.441,9047
17/13:52:41,8.8,2.78,102.32,60.412,12.36,155.463,9048
17/13:52:41,8.78,2.78,102.31,60.28,12.36,155.463,9049
17/13:52:42,8.77,2.77,102.3,60.148,12.36,155.474,9050
17/13:52:43,8.78,2.77,102.31,60.005,12.36,155.485,9051
17/13:52:43,8.75,2.76,102.31,59.818,12.36,155.496,9052
17/13:52:44,8.82,2.76,102.32,59.609,12.36,155.507,9053
17/13:52:44,8.81,2.77,102.31,59.477,12.36,155.507,9054
17/13:52:45,8.8,2.79,102.32,59.334,12.36,155.518,9055
17/13:52:46,8.89,2.79,102.32,59.015,12.35,155.54,9056
17/13:52:46,8.8,2.79,102.28,58.861,12.35,155.54,9057
17/13:52:47,8.81,2.79,102.28,58.652,12.35,155.551,9058
17/13:52:48,8.7,2.79,102.28,58.465,12.35,155.573,9059
17/13:52:48,8.68,2.78,102.28,58.399,12.35,155.584,9060
17/13:52:49,8.67,2.76,102.28,58.289,12.35,155.584,9061
17/13:52:49,8.64,2.76,102.28,58.212,12.35,155.595,9062
17/13:52:50,8.56,2.75,102.32,58.058,12.35,155.617,9063
17/13:52:51,8.52,2.75,102.32,57.97,12.35,155.617,9064
17/13:52:51,8.53,2.75,102.32,57.827,12.34,155.628,9065
17/13:52:52,8.56,2.75,102.32,57.728,12.34,155.639,9066
17/13:52:54,8.57,2.76,102.28,57.508,12.34,155.661,9067
17/13:52:54,8.64,2.77,102.27,57.42,12.34,155.672,9068
17/13:52:55,8.69,2.76,102.25,57.299,12.34,155.683,9069
17/13:52:55,8.66,2.77,102.25,57.222,12.34,155.694,9070
17/13:52:56,8.72,2.77,102.26,57.046,12.34,155.705,9071
17/13:52:57,8.72,2.77,102.26,56.782,12.33,155.716,9072
17/13:52:58,8.78,2.78,102.27,56.705,12.33,155.716,9073
17/13:52:58,8.74,2.78,102.27,56.639,12.33,155.727,9074
17/13:52:59,8.82,2.79,102.28,56.43,12.33,155.76,9075
17/13:53:00,8.83,2.79,102.28,56.265,12.33,155.771,9076
17/13:53:01,8.83,2.79,102.28,56.078,12.33,155.782,9077
17/13:53:02,8.85,2.79,102.28,55.957,12.33,155.793,9078
17/13:53:02,8.79,2.79,102.28,55.88,12.33,155.793,9079
17/13:53:03,8.51,2.65,102.33,55.847,12.33,155.804,9080
17/13:53:03,8.11,2.48,102.37,55.726,12.33,155.815,9081
17/13:53:04,7.75,2.31,102.46,55.671,12.32,155.826,9082
17/13:53:04,7.27,2.11,102.51,55.495,12.32,155.826,9083
17/13:53:05,6.73,1.92,102.57,55.308,12.32,155.837,9084
17/13:53:06,5.55,1.42,102.75,54.945,12.32,155.859,9085
17/13:53:07,5.61,1.45,102.77,54.846,12.32,155.87,9086
17/13:53:07,6.0,1.6,102.7,54.714,12.32,155.881,9087
17/13:53:08,6.3,1.77,102.63,54.637,12.32,155.881,9088
17/13:53:08,6.84,1.92,102.57,54.549,12.32,155.892,9089
17/13:53:09,7.56,2.22,102.44,54.461,12.32,155.914,9090
17/13:53:10,8.03,2.37,102.4,54.395,12.32,155.914,9091
17/13:53:11,8.31,2.51,102.35,54.351,12.32,155.925,9092
17/13:53:11,8.71,2.63,102.3,54.131,12.31,155.936,9093
17/13:53:12,8.74,2.64,102.28,54.054,12.31,155.947,9094
17/13:53:12,8.75,2.64,102.28,54.065,12.31,155.958,9095
17/13:53:13,8.77,2.64,102.28,54.043,12.31,155.969,9096
17/13:53:14,8.76,2.64,102.28,53.966,12.31,155.969,9097
17/13:53:15,8.8,2.63,102.27,53.746,12.31,155.991,9098
17/13:53:15,8.79,2.63,102.28,53.702,12.31,155.991,9099
17/13:53:16,8.82,2.63,102.27,53.669,12.31,156.002,9100
17/13:53:16,8.83,2.62,102.27,53.57,12.31,156.013,9101
17/13:53:17,8.82,2.62,102.28,53.449,12.3,156.024,9102
17/13:53:17,8.85,2.63,102.28,53.383,12.3,156.024,9103
17/13:53:18,8.88,2.64,102.27,53.361,12.3,156.035,9104
17/13:53:18,8.79,2.64,102.27,53.284,12.3,156.046,9105
17/13:53:19,8.83,2.63,102.27,53.218,12.3,156.046,9106
17/13:53:19,8.85,2.64,102.26,53.086,12.3,156.057,9107
17/13:53:20,8.83,2.65,102.26,52.998,12.3,156.068,9108
17/13:53:21,8.79,2.67,102.27,52.976,12.3,156.079,9109
17/13:53:22,8.81,2.72,102.28,52.866,12.3,156.09,9110
17/13:53:22,8.74,2.73,102.28,52.877,12.3,156.101,9111
17/13:53:23,8.74,2.75,102.28,52.734,12.29,156.101,9112
17/13:53:23,8.71,2.8,102.28,52.404,12.29,156.123,9113
17/13:53:24,8.69,2.82,102.3,52.349,12.29,156.123,9114
17/13:53:25,8.65,2.8,102.28,52.316,12.29,156.134,9115
17/13:53:25,8.63,2.8,102.3,52.272,12.29,156.145,9116
17/13:53:27,8.73,2.81,102.32,52.008,12.29,156.167,9117
17/13:53:28,8.72,2.8,102.32,52.008,12.29,156.178,9118
17/13:53:28,8.78,2.81,102.31,51.865,12.28,156.189,9119
17/13:53:29,8.88,2.81,102.32,51.821,12.28,156.2,9120
17/13:53:30,8.91,2.81,102.28,51.744,12.28,156.211,9121
17/13:53:30,8.81,2.8,102.28,51.667,12.28,156.222,9122
17/13:53:31,8.83,2.79,102.27,51.601,12.28,156.222,9123
17/13:53:32,8.75,2.79,102.27,51.557,12.28,156.233,9124
17/13:53:32,8.82,2.8,102.26,51.447,12.28,156.244,9125
17/13:53:33,8.73,2.79,102.26,51.26,12.28,156.244,9126
17/13:53:33,8.69,2.79,102.24,51.172,12.28,156.255,9127
17/13:53:34,8.71,2.79,102.24,51.161,12.28,156.266,9128
17/13:53:34,8.64,2.79,102.24,51.161,12.27,156.277,9129
17/13:53:35,8.73,2.79,102.24,51.084,12.27,156.288,9130
17/13:53:36,8.74,2.78,102.24,50.864,12.27,156.299,9131
17/13:53:36,8.65,2.79,102.25,50.754,12.27,156.299,9132
17/13:53:37,8.51,2.78,102.26,50.732,12.27,156.321,9133
17/13:53:38,8.5,2.78,102.27,50.732,12.27,156.321,9134
17/13:53:38,8.56,2.77,102.26,50.633,12.27,156.332,9135
17/13:53:39,8.56,2.77,102.26,50.534,12.27,156.343,9136
17/13:53:40,8.53,2.77,102.28,50.468,12.27,156.343,9137
17/13:53:40,8.6,2.76,102.26,50.325,12.26,156.365,9138
17/13:53:41,8.67,2.77,102.26,50.226,12.26,156.365,9139
17/13:53:42,8.69,2.77,102.27,50.182,12.26,156.376,9140
17/13:53:42,8.81,2.77,102.27,50.215,12.26,156.387,9141
17/13:53:43,8.72,2.77,102.28,50.149,12.26,156.387,9142
17/13:53:43,8.71,2.77,102.28,50.039,12.26,156.398,9143
17/13:53:44,8.72,2.77,102.27,49.951,12.26,156.409,9144
17/13:53:44,8.69,2.76,102.27,49.94,12.26,156.409,9145
17/13:53:45,8.65,2.76,102.26,49.929,12.26,156.42,9146
17/13:53:45,8.72,2.76,102.26,49.83,12.26,156.431,9147
17/13:53:46,8.64,2.76,102.25,49.808,12.26,156.431,9148
17/13:53:46,8.64,2.76,102.22,49.786,12.25,156.442,9149
17/13:53:47,8.75,2.76,102.22,49.731,12.25,156.453,9150
17/13:53:48,8.74,2.76,102.24,49.621,12.25,156.464,9151
17/13:53:48,8.8,2.76,102.25,49.632,12.25,156.475,9152
17/13:53:49,8.79,2.75,102.25,49.588,12.25,156.475,9153
17/13:53:49,8.82,2.77,102.25,49.445,12.25,156.486,9154
17/13:53:50,8.86,2.77,102.26,49.357,12.25,156.497,9155
17/13:53:51,8.79,2.77,102.27,49.39,12.25,156.497,9156
17/13:53:51,8.79,2.75,102.27,49.61,12.25,156.508,9157
17/13:53:52,8.75,2.77,102.27,49.621,12.25,156.508,9158
17/13:53:52,8.76,2.78,102.27,49.5,12.24,156.53,9159
17/13:53:53,8.75,2.77,102.27,49.445,12.24,156.53,9160
17/13:53:54,8.74,2.76,102.25,49.324,12.24,156.541,9161
17/13:53:54,8.77,2.76,102.25,49.39,12.24,156.552,9162
17/13:53:55,8.83,2.77,102.23,49.357,12.24,156.563,9163
17/13:53:55,8.84,2.77,102.23,49.39,12.24,156.574,9164
17/13:53:56,8.83,2.76,102.23,49.346,12.24,156.574,9165
17/13:53:57,8.77,2.77,102.23,49.225,12.24,156.585,9166
17/13:53:58,8.75,2.77,102.23,49.379,12.24,156.596,9167
17/13:53:58,8.76,2.79,102.23,49.357,12.23,156.607,9168
17/13:53:59,8.62,2.78,102.24,49.28,12.23,156.618,9169
17/13:53:59,8.66,2.79,102.23,49.203,12.23,156.618,9170
17/13:54:00,8.67,2.79,102.22,49.159,12.23,156.629,9171
17/13:54:01,8.83,2.79,102.21,49.137,12.23,156.651,9172
17/13:54:02,8.8,2.78,102.21,49.071,12.23,156.662,9173
17/13:54:02,8.89,2.77,102.22,49.016,12.23,156.662,9174
17/13:54:03,8.86,2.77,102.21,49.005,12.23,156.673,9175
17/13:54:04,8.91,2.77,102.23,48.95,12.23,156.684,9176
17/13:54:04,8.86,2.76,102.23,48.917,12.22,156.684,9177
17/13:54:05,8.84,2.76,102.23,48.873,12.22,156.695,9178
17/13:54:05,8.76,2.75,102.23,48.873,12.22,156.706,9179
17/13:54:06,8.74,2.76,102.24,48.873,12.22,156.706,9180
17/13:54:06,8.63,2.76,102.24,48.851,12.22,156.717,9181
17/13:54:07,8.64,2.76,102.25,48.862,12.22,156.717,9182
17/13:54:07,8.7,2.76,102.25,48.895,12.22,156.728,9183
17/13:54:08,8.65,2.76,102.25,48.895,12.22,156.739,9184
17/13:54:08,8.66,2.77,102.25,48.84,12.22,156.739,9185
17/13:54:09,8.61,2.78,102.24,48.851,12.22,156.75,9186
17/13:54:09,8.66,2.78,102.24,48.84,12.22,156.761,9187
17/13:54:11,8.65,2.79,102.24,48.576,12.21,156.772,9188
17/13:54:11,8.64,2.8,102.24,48.532,12.21,156.783,9189
17/13:54:12,8.67,2.8,102.24,48.543,12.21,156.783,9190
17/13:54:12,8.6,2.8,102.22,48.565,12.21,156.794,9191
17/13:54:13,8.6,2.8,102.23,48.565,12.21,156.805,9192
17/13:54:13,8.67,2.8,102.22,48.532,12.21,156.805,9193
17/13:54:14,8.7,2.8,102.23,48.477,12.21,156.816,9194
17/13:54:14,8.74,2.79,102.23,48.422,12.21,156.816,9195
17/13:54:15,8.79,2.79,102.23,48.323,12.21,156.816,9196
17/13:54:15,8.8,2.8,102.21,48.213,12.21,156.827,9197
17/13:54:16,8.81,2.8,102.21,48.125,12.2,156.849,9198
17/13:54:17,8.85,2.8,102.21,48.114,12.2,156.86,9199
17/13:54:17,8.8,2.79,102.23,48.147,12.2,156.86,9200
17/13:54:18,8.79,2.8,102.21,48.114,12.2,156.871,9201
17/13:54:18,8.74,2.8,102.21,48.004,12.2,156.882,9202
17/13:54:19,8.71,2.79,102.22,47.883,12.2,156.893,9203
17/13:54:20,8.65,2.79,102.22,47.916,12.2,156.904,9204
17/13:54:20,8.68,2.78,102.24,47.982,12.2,156.904,9205
17/13:54:21,8.72,2.79,102.24,47.894,12.2,156.915,9206
17/13:54:22,8.79,2.79,102.25,47.894,12.19,156.926,9207
17/13:54:22,8.79,2.78,102.25,47.982,12.19,156.937,9208
17/13:54:23,8.81,2.79,102.26,48.114,12.19,156.937,9209
17/13:54:23,8.83,2.79,102.26,48.169,12.19,156.948,9210
17/13:54:24,8.83,2.79,102.25,48.092,12.19,156.959,9211
17/13:54:25,8.84,2.79,102.26,48.103,12.19,156.959,9212
17/13:54:26,8.76,2.79,102.25,48.158,12.19,156.981,9213
17/13:54:27,8.73,2.78,102.24,48.213,12.19,156.992,9214
17/13:54:27,8.73,2.78,102.23,48.301,12.19,156.992,9215
17/13:54:28,8.75,2.78,102.23,48.334,12.19,157.003,9216
17/13:54:28,8.72,2.78,102.22,48.334,12.18,157.014,9217
17/13:54:29,8.75,2.77,102.22,48.301,12.18,157.014,9218
17/13:54:30,8.74,2.77,102.22,48.279,12.18,157.036,9219
17/13:54:30,8.74,2.76,102.22,48.367,12.18,157.036,9220
17/13:54:31,8.75,2.76,102.24,48.422,12.18,157.047,9221
17/13:54:31,8.69,2.75,102.24,48.4,12.18,157.058,9222
17/13:54:32,8.77,2.74,102.24,48.499,12.18,157.069,9223
17/13:54:33,8.64,2.73,102.23,48.631,12.18,157.08,9224
17/13:54:34,8.62,2.73,102.23,48.675,12.18,157.08,9225
17/13:54:34,8.66,2.73,102.23,48.774,12.17,157.091,9226
17/13:54:35,8.66,2.74,102.24,48.906,12.17,157.091,9227
17/13:54:35,8.65,2.74,102.23,48.928,12.17,157.102,9228
17/13:54:36,8.63,2.77,102.22,48.972,12.17,157.113,9229
17/13:54:37,8.66,2.79,102.22,49.06,12.17,157.124,9230
17/13:54:38,8.73,2.81,102.23,49.302,12.17,157.135,9231
17/13:54:38,8.66,2.81,102.23,49.302,12.17,157.146,9232
17/13:54:39,8.71,2.8,102.23,49.357,12.17,157.157,9233
17/13:54:40,8.69,2.79,102.23,49.478,12.17,157.168,9234
17/13:54:40,8.67,2.78,102.23,49.632,12.16,157.179,9235
17/13:54:41,8.73,2.78,102.24,49.841,12.16,157.179,9236
17/13:54:41,8.65,2.77,102.22,49.863,12.16,157.19,9237
17/13:54:42,8.66,2.78,102.21,49.951,12.16,157.201,9238
17/13:54:43,8.65,2.78,102.21,50.204,12.16,157.212,9239
17/13:54:43,8.65,2.79,102.23,50.292,12.16,157.223,9240
17/13:54:44,8.7,2.78,102.24,50.391,12.16,157.223,9241
17/13:54:44,8.73,2.78,102.23,50.413,12.16,157.234,9242
17/13:54:45,8.71,2.78,102.22,50.457,12.16,157.245,9243
17/13:54:46,8.82,2.77,102.23,50.71,12.15,157.267,9244
17/13:54:49,8.66,2.78,102.22,51.106,12.15,157.289,9245
17/13:54:49,8.68,2.77,102.22,51.348,12.15,157.3,9246
17/13:54:50,8.63,2.78,102.22,51.48,12.15,157.311,9247
17/13:54:50,8.67,2.77,102.22,51.557,12.15,157.311,9248
17/13:54:51,8.64,2.78,102.22,51.612,12.15,157.322,9249
17/13:54:52,8.78,2.79,102.22,51.744,12.15,157.333,9250
17/13:54:52,8.83,2.79,102.21,51.931,12.14,157.333,9251
17/13:54:53,8.94,2.78,102.22,52.085,12.14,157.344,9252
17/13:54:53,8.92,2.78,102.2,52.162,12.14,157.355,9253
17/13:54:54,8.96,2.78,102.21,52.272,12.14,157.355,9254
17/13:54:55,9.04,2.77,102.21,52.778,12.14,157.377,9255
17/13:54:55,8.98,2.77,102.21,52.91,12.14,157.388,9256
17/13:54:56,8.95,2.77,102.22,52.987,12.14,157.399,9257
17/13:54:57,8.88,2.78,102.21,53.13,12.14,157.41,9258
17/13:54:57,8.82,2.78,102.2,53.218,12.14,157.41,9259
17/13:54:58,8.75,2.79,102.2,53.35,12.14,157.421,9260
17/13:54:58,8.73,2.8,102.2,53.504,12.14,157.432,9261
17/13:54:59,8.73,2.8,102.19,53.636,12.14,157.443,9262
17/13:55:00,8.75,2.8,102.2,53.999,12.14,157.454,9263
17/13:55:01,8.77,2.8,102.2,54.274,12.14,157.465,9264
17/13:55:01,8.72,2.8,102.21,54.373,12.14,157.476,9265
17/13:55:02,8.73,2.79,102.2,54.516,12.14,157.487,9266
17/13:55:03,8.66,2.78,102.2,54.626,12.14,157.498,9267
17/13:55:04,8.62,2.78,102.2,54.901,12.14,157.509,9268
17/13:55:04,8.7,2.77,102.2,55.132,12.12,157.52,9269
17/13:55:05,8.71,2.77,102.2,55.462,12.12,157.531,9270
17/13:55:06,8.79,2.77,102.2,55.583,12.12,157.542,9271
17/13:55:06,8.76,2.77,102.21,55.704,12.12,157.553,9272
17/13:55:07,8.74,2.77,102.2,55.814,12.12,157.553,9273
17/13:55:07,8.75,2.77,102.2,55.979,12.12,157.564,9274
17/13:55:08,8.66,2.77,102.22,56.353,12.12,157.586,9275
17/13:55:09,8.66,2.76,102.21,56.54,12.12,157.586,9276
17/13:55:09,8.63,2.76,102.2,56.749,12.12,157.597,9277
17/13:55:10,8.67,2.76,102.2,56.958,12.11,157.608,9278
17/13:55:10,8.71,2.77,102.19,57.123,12.11,157.608,9279
17/13:55:11,8.7,2.77,102.2,57.321,12.11,157.608,9280
17/13:55:11,8.7,2.77,102.19,57.596,12.11,157.63,9281
17/13:55:12,8.74,2.77,102.18,57.772,12.11,157.641,9282
17/13:55:13,8.67,2.78,102.19,57.981,12.11,157.652,9283
17/13:55:13,8.61,2.78,102.2,58.179,12.11,157.652,9284
17/13:55:14,8.66,2.79,102.2,58.355,12.11,157.663,9285
17/13:55:14,8.59,2.79,102.19,58.509,12.11,157.674,9286
17/13:55:15,8.62,2.78,102.2,58.773,12.11,157.685,9287
17/13:55:15,8.6,2.77,102.2,59.026,12.11,157.696,9288
17/13:55:16,8.6,2.77,102.22,59.202,12.11,157.696,9289
17/13:55:17,8.67,2.77,102.21,59.62,12.1,157.718,9290
17/13:55:17,8.77,2.77,102.18,59.774,12.1,157.729,9291
17/13:55:18,8.79,2.77,102.19,59.961,12.1,157.74,9292
17/13:55:18,8.78,2.77,102.19,60.126,12.1,157.74,9293
17/13:55:19,8.74,2.77,102.17,60.302,12.1,157.751,9294
17/13:55:20,8.84,2.76,102.16,60.731,12.1,157.773,9295
17/13:55:20,8.78,2.76,102.18,60.885,12.1,157.784,9296
17/13:55:22,8.71,2.76,102.2,61.27,12.1,157.795,9297
17/13:55:22,8.68,2.75,102.21,61.534,12.09,157.806,9298
17/13:55:23,8.72,2.74,102.22,61.765,12.09,157.817,9299
17/13:55:23,8.71,2.75,102.22,62.04,12.09,157.828,9300
17/13:55:24,8.68,2.76,102.22,62.249,12.09,157.828,9301
17/13:55:24,8.72,2.76,102.23,62.513,12.09,157.839,9302
17/13:55:25,8.74,2.77,102.22,62.744,12.09,157.85,9303
17/13:55:26,8.79,2.77,102.2,63.173,12.09,157.872,9304
17/13:55:26,8.74,2.77,102.19,63.316,12.09,157.883,9305
17/13:55:27,8.68,2.78,102.19,63.734,12.09,157.894,9306
17/13:55:28,8.67,2.78,102.2,64.02,12.08,157.905,9307
17/13:55:28,8.66,2.77,102.19,64.24,12.08,157.916,9308
17/13:55:29,8.66,2.77,102.19,64.449,12.08,157.916,9309
17/13:55:30,8.62,2.77,102.19,64.57,12.08,157.927,9310
17/13:55:30,8.7,2.78,102.19,64.867,12.08,157.949,9311
17/13:55:31,8.69,2.77,102.18,64.999,12.08,157.96,9312
17/13:55:32,8.68,2.77,102.16,65.307,12.08,157.982,9313
17/13:55:32,8.69,2.77,102.16,65.549,12.08,157.993,9314
17/13:55:33,8.6,2.76,102.17,65.846,12.08,158.015,9315
17/13:55:34,8.61,2.77,102.17,65.989,12.07,158.026,9316
17/13:55:35,8.68,2.79,102.17,66.066,12.07,158.026,9317
17/13:55:35,8.68,2.79,102.17,66.143,12.07,158.037,9318
17/13:55:36,8.67,2.79,102.16,66.275,12.07,158.048,9319
17/13:55:37,8.74,2.78,102.18,66.33,12.07,158.07,9320
17/13:55:37,8.78,2.78,102.19,66.385,12.07,158.081,9321
17/13:55:38,8.73,2.77,102.17,66.583,12.07,158.103,9322
17/13:55:39,8.71,2.78,102.17,66.627,12.07,158.103,9323
17/13:55:40,8.63,2.77,102.16,66.704,12.06,158.125,9324
17/13:55:40,8.64,2.77,102.16,66.781,12.06,158.136,9325
17/13:55:41,8.67,2.77,102.17,66.814,12.06,158.147,9326
17/13:55:41,8.64,2.77,102.16,66.847,12.06,158.158,9327
17/13:55:42,8.66,2.78,102.17,66.924,12.06,158.169,9328
17/13:55:43,8.7,2.77,102.17,66.99,12.06,158.18,9329
17/13:55:43,8.69,2.77,102.17,67.045,12.06,158.18,9330
17/13:55:44,8.69,2.78,102.17,67.122,12.06,158.191,9331
17/13:55:44,8.74,2.78,102.16,67.155,12.06,158.202,9332
17/13:55:45,8.69,2.78,102.15,67.177,12.06,158.213,9333
17/13:55:46,8.72,2.77,102.12,67.254,12.06,158.235,9334
17/13:55:46,8.8,2.77,102.15,67.375,12.05,158.257,9335
17/13:55:47,8.76,2.76,102.14,67.342,12.05,158.268,9336
17/13:55:48,8.79,2.77,102.14,67.364,12.05,158.279,9337
17/13:55:48,8.76,2.77,102.14,67.408,12.05,158.29,9338
17/13:55:49,8.78,2.77,102.15,67.386,12.05,158.29,9339
17/13:55:49,8.82,2.77,102.16,67.353,12.05,158.301,9340
17/13:55:50,8.72,2.77,102.17,67.397,12.05,158.312,9341
17/13:55:50,8.69,2.77,102.16,67.452,12.05,158.323,9342
17/13:55:51,8.72,2.77,102.16,67.496,12.05,158.334,9343
17/13:55:51,8.67,2.79,102.17,67.408,12.05,158.345,9344
17/13:55:52,8.62,2.79,102.17,67.397,12.04,158.356,9345
17/13:55:53,8.62,2.78,102.18,67.276,12.04,158.378,9346
17/13:55:54,8.57,2.79,102.18,67.265,12.04,158.389,9347
17/13:55:54,8.52,2.78,102.17,67.342,12.04,158.4,9348
17/13:55:55,8.57,2.77,102.18,67.353,12.04,158.411,9349
17/13:55:56,8.64,2.76,102.16,67.265,12.04,158.422,9350
17/13:55:56,8.67,2.76,102.17,67.221,12.04,158.433,9351
17/13:55:57,8.67,2.76,102.18,67.254,12.04,158.444,9352
17/13:55:58,8.77,2.75,102.15,67.232,12.04,158.466,9353
17/13:55:58,8.74,2.75,102.15,67.188,12.03,158.477,9354
17/13:55:59,8.78,2.76,102.16,67.177,12.03,158.477,9355
17/13:55:59,8.71,2.76,102.16,67.111,12.03,158.488,9356
17/13:56:00,8.72,2.76,102.15,67.144,12.03,158.499,9357
17/13:56:00,8.72,2.76,102.15,67.111,12.03,158.51,9358
17/13:56:01,8.77,2.76,102.16,66.99,12.03,158.521,9359
17/13:56:02,8.83,2.77,102.16,67.012,12.03,158.532,9360
17/13:56:02,8.78,2.76,102.16,66.99,12.03,158.543,9361
17/13:56:03,8.81,2.76,102.15,66.968,12.03,158.554,9362
17/13:56:04,8.77,2.76,102.15,66.693,12.03,158.565,9363
17/13:56:04,8.83,2.77,102.12,66.715,12.02,158.587,9364
17/13:56:05,8.82,2.76,102.12,66.704,12.02,158.598,9365
17/13:56:06,8.83,2.77,102.1,66.671,12.02,158.609,9366
17/13:56:06,8.85,2.77,102.12,66.66,12.02,158.62,9367
17/13:56:07,8.82,2.77,102.12,66.616,12.02,158.631,9368
17/13:56:07,8.82,2.77,102.12,66.583,12.02,158.642,9369
17/13:56:08,8.82,2.76,102.12,66.594,12.02,158.642,9370
17/13:56:08,8.77,2.77,102.14,66.506,12.02,158.653,9371
17/13:56:09,8.68,2.77,102.14,66.429,12.02,158.664,9372
17/13:56:09,8.65,2.77,102.16,66.374,12.02,158.675,9373
17/13:56:10,8.59,2.77,102.16,66.297,12.01,158.686,9374
17/13:56:10,8.53,2.77,102.16,66.33,12.01,158.697,9375
17/13:56:11,8.39,2.77,102.17,66.308,12.01,158.708,9376
17/13:56:12,8.2,2.78,102.18,66.22,12.01,158.708,9377
17/13:56:12,8.0,2.78,102.2,66.066,12.01,158.708,9378
17/13:56:13,7.84,2.78,102.22,65.956,12.01,158.73,9379
17/13:56:13,7.56,2.78,102.25,65.846,12.01,158.741,9380
17/13:56:14,7.14,2.78,102.28,65.725,12.01,158.752,9381
17/13:56:14,6.66,2.78,102.33,65.56,12.01,158.763,9382
17/13:56:15,6.22,2.78,102.38,65.395,12.01,158.774,9383
17/13:56:15,5.33,2.78,102.48,65.01,12.01,158.796,9384
17/13:56:16,4.5,2.78,102.56,64.735,12.01,158.796,9385
17/13:56:17,2.83,2.77,102.73,64.163,12.01,158.818,9386
17/13:56:18,1.55,2.77,102.88,63.415,12.01,158.84,9387
17/13:56:19,1.01,2.77,102.93,63.151,12.01,158.851,9388
17/13:56:19,0.48,2.77,102.99,62.865,12.01,158.851,9389
17/13:56:20,0.18,2.71,103.06,62.568,12.01,158.862,9390
17/13:56:20,0.16,2.52,103.12,62.359,12.01,158.873,9391
17/13:56:21,0.13,2.34,103.17,62.084,12.01,158.884,9392
17/13:56:21,0.11,2.18,103.23,61.776,12.01,158.895,9393
17/13:56:22,0.06,1.86,103.31,61.237,12.01,158.906,9394
17/13:56:23,0.04,1.71,103.37,60.907,12.01,158.917,9395
17/13:56:24,0.01,1.56,103.42,60.676,12.01,158.928,9396
17/13:56:24,0.01,1.59,103.42,60.016,12.01,158.95,9397
17/13:56:25,0.04,1.76,103.38,59.741,12.01,158.95,9398
17/13:56:26,0.06,1.93,103.34,59.444,12.01,158.961,9399
17/13:56:26,0.1,2.14,103.3,59.081,12.01,158.972,9400
17/13:56:27,0.12,2.3,103.25,58.883,12.01,158.983,9401
17/13:56:27,0.14,2.45,103.21,58.597,12.01,158.994,9402
17/13:56:28,0.17,2.61,103.18,58.234,12.01,158.994,9403
17/13:56:28,0.19,2.77,103.14,57.948,12.01,159.005,9404
17/13:56:29,0.19,2.77,103.16,57.288,12.01,159.016,9405
17/13:56:30,0.19,2.77,103.15,56.925,12.01,159.016,9406
17/13:56:30,0.19,2.77,103.16,56.628,12.01,159.027,9407
17/13:56:31,0.19,2.76,103.16,56.364,12.01,159.049,9408
17/13:56:31,0.19,2.76,103.17,56.155,12.01,159.06,9409
17/13:56:32,0.18,2.76,103.17,55.891,12.01,159.06,9410
17/13:56:33,0.19,2.76,103.18,55.517,12.01,159.071,9411
17/13:56:33,0.18,2.76,103.18,55.286,12.02,159.082,9412
17/13:56:34,0.18,2.75,103.19,54.978,12.02,159.093,9413
17/13:56:34,0.18,2.75,103.2,54.659,12.02,159.093,9414
17/13:56:35,0.18,2.75,103.2,54.45,12.02,159.104,9415
17/13:56:35,0.18,2.75,103.21,54.208,12.02,159.115,9416
17/13:56:36,0.18,2.75,103.21,53.933,12.02,159.115,9417
17/13:56:36,0.18,2.75,103.21,53.68,12.02,159.126,9418
17/13:56:37,0.18,2.75,103.21,53.416,12.02,159.137,9419
17/13:56:37,0.18,2.76,103.21,52.965,12.02,159.148,9420
17/13:56:38,0.18,2.76,103.22,52.767,12.02,159.159,9421
17/13:56:39,0.18,2.76,103.21,52.602,12.02,159.17,9422
17/13:56:39,0.18,2.76,103.21,52.437,12.02,159.17,9423
17/13:56:40,0.18,2.76,103.21,52.217,12.02,159.181,9424
17/13:56:41,0.16,2.76,103.21,51.722,12.02,159.192,9425
17/13:56:41,0.14,2.73,102.69,49.709,12.02,159.203,9426
17/13:56:42,0.11,2.66,102.02,43.109,12.02,159.214,9427
17/13:56:42,0.09,2.56,101.12,38.621,12.02,159.214,9428
17/13:56:43,0.07,2.33,99.41,33.44,12.02,159.225,9429
17/13:56:44,0.05,2.04,98.46,27.225,12.02,159.225,9430
17/13:56:44,0.03,1.77,97.32,23.606,12.02,159.236,9431
17/13:56:45,0.01,1.53,95.51,24.266,12.02,159.236,9432
17/13:56:45,0.0,1.3,94.39,23.298,12.02,159.236,9433
17/13:56:46,0.0,1.08,93.33,22.715,12.02,159.236,9434
17/13:56:46,0.0,1.1,93.13,25.41,12.02,159.247,9435
17/13:56:47,0.0,1.09,93.44,29.073,12.02,159.247,9436
17/13:56:47,0.0,1.28,94.93,33.528,12.02,159.258,9437
17/13:56:48,0.0,1.56,95.71,37.466,12.02,159.258,9438
17/13:56:48,0.01,1.85,96.87,39.501,12.02,159.269,9439
17/13:56:49,0.01,2.08,98.85,39.556,12.02,159.269,9440
17/13:56:49,0.02,2.36,99.88,39.49,12.02,159.28,9441
17/13:56:50,0.02,2.56,101.66,39.358,12.03,159.28,9442
17/13:56:51,0.03,2.65,103.14,38.995,12.03,159.291,9443
17/13:56:51,0.03,2.47,103.51,38.885,12.03,159.302,9444
17/13:56:52,0.02,2.31,103.56,38.72,12.03,159.302,9445
17/13:56:52,0.02,2.15,103.62,38.61,12.03,159.313,9446
17/13:56:53,0.02,2.02,103.66,38.5,12.03,159.313,9447
17/13:56:54,0.01,2.02,103.64,38.346,12.03,159.324,9448
17/13:56:54,0.02,2.02,103.64,38.17,12.03,159.324,9449
17/13:56:55,0.02,2.02,103.64,38.027,12.03,159.335,9450
17/13:56:55,0.02,2.13,103.6,37.994,12.03,159.335,9451
17/13:56:56,0.02,2.14,103.61,38.104,12.03,159.346,9452
17/13:56:56,0.02,2.14,103.61,37.895,12.03,159.346,9453
17/13:56:57,0.02,2.13,103.61,37.686,12.03,159.357,9454
17/13:56:57,0.02,2.14,103.61,37.411,12.03,159.368,9455
17/13:56:58,0.02,2.14,103.61,37.29,12.03,159.368,9456
17/13:56:59,0.02,2.14,103.6,37.213,12.03,159.379,9457
17/13:56:59,0.02,2.22,103.57,37.125,12.03,159.379,9458
17/13:57:00,0.03,2.38,103.53,36.96,12.03,159.39,9459
17/13:57:00,0.03,2.56,103.47,36.828,12.03,159.39,9460
17/13:57:01,0.04,2.71,103.43,36.729,12.03,159.401,9461
17/13:57:01,0.04,2.74,103.41,36.608,12.03,159.401,9462
17/13:57:03,0.04,2.75,103.42,36.509,12.03,159.412,9463
17/13:57:03,0.04,2.75,103.42,36.465,12.03,159.423,9464
17/13:57:04,0.04,2.75,103.43,36.344,12.03,159.423,9465
17/13:57:05,0.04,2.75,103.44,36.223,12.03,159.434,9466
17/13:57:05,0.03,2.75,103.44,36.168,12.04,159.445,9467
17/13:57:06,0.03,2.75,103.44,36.047,12.04,159.456,9468
17/13:57:07,0.03,2.75,103.44,35.981,12.04,159.456,9469
17/13:57:07,0.03,2.75,103.46,35.926,12.04,159.467,9470
17/13:57:08,0.03,2.75,103.45,35.739,12.04,159.467,9471
17/13:57:09,0.03,2.75,103.45,35.728,12.04,159.478,9472
17/13:57:10,0.04,2.74,103.46,35.607,12.04,159.489,9473
17/13:57:11,0.03,2.73,103.43,34.958,12.04,159.5,9474
17/13:57:12,0.03,2.73,103.45,33.803,12.04,159.511,9475
17/13:57:13,0.02,2.67,103.12,32.186,12.04,159.511,9476
17/13:57:13,0.02,2.59,102.02,28.127,12.04,159.522,9477
17/13:57:14,0.01,2.52,101.04,24.805,12.04,159.522,9478
17/13:57:14,0.01,2.47,100.28,24.508,12.04,159.522,9479
17/13:57:15,0.0,2.42,99.67,24.816,12.04,159.533,9480
17/13:57:15,0.0,2.38,99.23,24.541,12.04,159.533,9481
17/13:57:16,0.0,2.38,99.34,24.211,12.04,159.533,9482
17/13:57:16,0.0,2.36,99.16,23.507,12.04,159.544,9483
17/13:57:17,0.0,2.4,99.44,22.539,12.04,159.544,9484
17/13:57:17,0.0,2.47,100.53,21.648,12.04,159.544,9485
17/13:57:18,0.0,2.55,101.57,20.625,12.04,159.544,9486
17/13:57:18,0.0,2.59,102.4,19.855,12.04,159.555,9487
17/13:57:19,0.0,2.66,103.43,18.491,12.04,159.555,9488
17/13:57:20,0.0,2.66,103.43,17.875,12.05,159.555,9489
17/13:57:21,0.0,2.69,103.85,16.962,12.05,159.566,9490
17/13:57:22,0.0,2.7,103.91,16.676,12.05,159.566,9491
17/13:57:22,0.0,2.7,103.91,16.379,12.05,159.566,9492
17/13:57:23,0.0,2.72,103.84,15.928,12.05,159.577,9493
17/13:57:23,0.0,2.73,103.8,15.444,12.05,159.577,9494
17/13:57:24,0.0,2.74,103.78,15.103,12.05,159.577,9495
17/13:57:24,0.0,2.76,103.73,15.004,12.05,159.577,9496
17/13:57:26,0.0,2.8,103.63,13.222,12.05,159.588,9497
17/13:57:26,0.0,2.81,103.62,11.209,12.05,159.588,9498
17/13:57:27,0.0,2.81,103.63,10.681,12.05,159.588,9499
17/13:57:28,0.0,2.81,103.61,10.208,12.05,159.588,9500
17/13:57:28,0.01,2.8,103.62,9.812,12.05,159.588,9501
17/13:57:29,0.01,2.79,103.61,9.405,12.05,159.599,9502
17/13:57:29,0.01,2.77,103.61,9.009,12.05,159.599,9503
17/13:57:30,0.02,2.76,103.6,8.767,12.05,159.599,9504
17/13:57:30,0.02,2.75,103.59,8.382,12.05,159.599,9505
17/13:57:31,0.03,2.75,103.57,8.008,12.05,159.599,9506
17/13:57:31,0.03,2.75,103.57,7.645,12.05,159.599,9507
17/13:57:32,0.04,2.74,103.56,6.941,12.05,159.599,9508
17/13:57:33,0.49,2.74,103.53,6.941,12.06,159.599,9509
17/13:57:33,1.06,2.74,103.48,7.205,12.06,159.61,9510
17/13:57:34,1.59,2.74,103.42,7.733,12.06,159.61,9511
17/13:57:35,2.54,2.71,103.33,8.514,12.06,159.61,9512
17/13:57:36,3.08,2.72,103.28,8.833,12.06,159.61,9513
17/13:57:36,3.48,2.72,103.23,8.965,12.06,159.61,9514
17/13:57:37,3.93,2.71,103.19,8.943,12.06,159.61,9515
17/13:57:38,3.16,2.72,103.25,8.723,12.06,159.61,9516
17/13:57:38,2.65,2.71,103.28,8.371,12.06,159.621,9517
17/13:57:39,2.18,2.73,103.34,8.074,12.06,159.621,9518
17/13:57:39,1.72,2.73,103.37,7.876,12.06,159.621,9519
17/13:57:41,0.28,2.71,103.52,7.711,12.06,159.621,9520
17/13:57:41,0.14,2.7,103.54,7.48,12.06,159.621,9521
17/13:57:43,0.14,2.69,103.56,7.183,12.06,159.621,9522
17/13:57:43,0.14,2.69,103.56,7.172,12.06,159.621,9523
17/13:57:44,0.14,2.68,103.56,7.194,12.06,159.632,9524
17/13:57:44,0.14,2.68,103.56,7.128,12.06,159.632,9525
17/13:57:45,0.12,2.44,103.66,6.864,12.06,159.632,9526
