Time,Current1,Current2,Voltage,Speed,SOC,Distance,2
18/12:46:12,0.03,2.42,105.76,0.033,10.31,0.0,3
18/12:46:12,0.03,2.49,105.77,0.022,10.31,0.0,4
18/12:46:12,0.03,2.55,105.78,0.0,10.32,0.0,5
18/12:46:13,0.03,2.61,105.8,0.0,10.32,0.0,6
18/12:46:14,0.03,2.72,105.81,0.022,10.32,0.0,7
18/12:46:14,0.03,2.78,105.82,0.022,10.32,0.0,8
18/12:46:15,0.03,2.79,105.83,0.0,10.32,0.0,9
18/12:46:15,0.03,2.81,105.83,0.011,10.32,0.0,10
18/12:46:16,0.03,2.83,105.84,0.011,10.32,0.0,11
18/12:46:17,0.03,2.85,105.83,0.022,10.32,0.0,12
18/12:46:17,0.03,2.88,105.84,0.011,10.32,0.0,13
18/12:46:18,0.03,2.86,105.83,0.011,10.32,0.0,14
18/12:46:18,0.03,2.87,105.84,0.022,10.32,0.0,15
18/12:46:19,0.03,2.88,105.84,0.022,10.32,0.0,16
18/12:46:20,0.03,2.88,105.84,0.022,10.32,0.0,17
18/12:46:20,0.03,2.86,105.83,0.011,10.32,0.0,18
18/12:46:21,0.03,2.86,105.83,0.0,10.32,0.0,19
18/12:46:21,0.03,2.87,105.84,0.011,10.32,0.0,20
18/12:46:22,0.03,2.91,105.84,0.011,10.32,0.0,21
18/12:46:23,0.03,2.91,105.83,0.011,10.32,0.0,22
18/12:46:23,0.03,2.92,105.84,0.022,10.32,0.0,23
18/12:46:24,0.03,2.95,105.84,0.022,10.32,0.0,24
18/12:46:24,0.03,2.96,105.85,0.011,10.32,0.0,25
18/12:46:24,0.03,2.98,105.86,0.011,10.32,0.0,26
18/12:46:25,0.03,2.98,105.86,0.011,10.32,0.0,27
18/12:46:26,0.03,2.98,105.86,0.022,10.33,0.0,28
18/12:46:26,0.03,2.98,105.86,0.033,10.33,0.0,29
18/12:46:27,0.03,2.98,105.85,0.033,10.33,0.0,30
18/12:46:27,0.03,2.98,105.85,0.011,10.33,0.0,31
18/12:46:28,0.03,2.97,105.85,0.0,10.33,0.0,32
18/12:46:28,0.03,2.96,105.85,0.011,10.33,0.0,33
18/12:46:29,0.03,2.96,105.85,0.011,10.33,0.0,34
18/12:46:29,0.03,2.97,105.85,0.011,10.33,0.0,35
18/12:46:30,0.03,2.97,105.85,0.022,10.33,0.0,36
18/12:46:31,0.03,2.97,105.85,0.0,10.33,0.0,37
18/12:46:31,0.03,2.97,105.85,0.011,10.33,0.0,38
18/12:46:32,0.04,2.97,105.86,0.011,10.33,0.0,39
18/12:46:32,0.03,2.95,105.85,0.011,10.33,0.0,40
18/12:46:33,0.03,2.91,105.85,0.011,10.33,0.0,41
18/12:46:34,0.03,2.85,105.85,0.022,10.33,0.0,42
18/12:46:34,0.03,2.81,105.85,0.033,10.33,0.0,43
18/12:46:35,0.03,2.77,105.85,0.022,10.33,0.0,44
18/12:46:36,0.03,2.76,105.85,0.011,10.33,0.0,45
18/12:46:36,0.03,2.76,105.85,0.011,10.33,0.0,46
18/12:46:37,0.03,2.79,105.85,0.033,10.33,0.0,47
18/12:46:37,0.03,2.85,105.86,0.022,10.33,0.0,48
18/12:46:38,0.03,2.9,105.86,0.011,10.33,0.0,49
18/12:46:38,0.03,2.94,105.86,0.011,10.34,0.0,50
18/12:46:39,0.03,2.98,105.86,0.022,10.34,0.0,51
18/12:46:39,0.03,2.98,105.86,0.022,10.34,0.0,52
18/12:46:40,0.03,3.0,105.87,0.022,10.34,0.0,53
18/12:46:40,0.03,3.02,105.86,0.022,10.34,0.0,54
18/12:46:41,0.03,3.05,105.86,0.033,10.34,0.0,55
18/12:46:41,0.03,3.08,105.87,0.033,10.34,0.0,56
18/12:46:42,0.03,3.13,105.87,0.033,10.34,0.0,57
18/12:46:43,0.03,3.26,105.89,0.022,10.34,0.0,58
18/12:46:44,0.03,3.34,105.9,0.011,10.34,0.0,59
18/12:46:44,0.03,3.43,105.91,0.011,10.34,0.0,60
18/12:46:45,0.03,3.49,105.92,0.022,10.34,0.0,61
18/12:46:45,0.03,3.56,105.93,0.022,10.34,0.0,62
18/12:46:45,0.03,3.63,105.94,0.0,10.34,0.0,63
18/12:46:46,0.03,3.71,105.95,0.011,10.34,0.0,64
18/12:46:47,0.03,3.78,105.95,0.011,10.34,0.0,65
18/12:46:47,0.03,3.83,105.96,0.022,10.34,0.0,66
18/12:46:48,0.02,3.86,105.96,0.022,10.34,0.0,67
18/12:46:48,0.03,3.88,105.97,0.011,10.34,0.0,68
18/12:46:49,0.03,3.9,105.98,0.011,10.35,0.0,69
18/12:46:50,0.03,3.9,105.98,0.011,10.35,0.0,70
18/12:46:50,0.02,3.86,105.98,0.011,10.35,0.0,71
18/12:46:51,0.02,3.81,105.98,0.022,10.35,0.0,72
18/12:46:51,0.02,3.74,105.97,0.011,10.35,0.0,73
18/12:46:53,0.02,3.62,105.95,0.011,10.35,0.0,74
18/12:46:53,0.03,3.56,105.95,0.0,10.35,0.0,75
18/12:46:53,0.02,3.51,105.94,0.0,10.35,0.0,76
18/12:46:54,0.02,3.47,105.94,0.011,10.35,0.0,77
18/12:46:55,0.02,3.44,105.93,0.011,10.35,0.0,78
18/12:46:55,0.02,3.42,105.92,0.011,10.35,0.0,79
18/12:46:56,0.02,3.42,105.93,0.022,10.35,0.0,80
18/12:46:56,0.03,3.42,105.93,0.022,10.35,0.0,81
18/12:46:57,0.03,3.44,105.93,0.011,10.35,0.0,82
18/12:46:57,0.03,3.44,105.93,0.011,10.35,0.0,83
18/12:46:58,0.03,3.41,105.92,0.022,10.35,0.0,84
18/12:46:59,0.03,3.4,105.92,0.011,10.35,0.0,85
18/12:46:59,0.03,3.4,105.93,0.0,10.35,0.0,86
18/12:47:00,0.03,3.4,105.93,0.011,10.36,0.0,87
18/12:47:01,0.02,3.41,105.93,0.011,10.36,0.0,88
18/12:47:01,0.03,3.44,105.94,0.022,10.36,0.0,89
18/12:47:02,0.03,3.45,105.93,0.033,10.36,0.0,90
18/12:47:02,0.03,3.45,105.93,0.033,10.36,0.0,91
18/12:47:03,0.03,3.46,105.93,0.033,10.36,0.0,92
18/12:47:04,0.02,3.46,105.94,0.022,10.36,0.0,93
18/12:47:04,0.02,3.46,105.93,0.011,10.36,0.0,94
18/12:47:04,0.02,3.45,105.93,0.011,10.36,0.0,95
18/12:47:05,0.02,3.45,105.94,0.022,10.36,0.0,96
18/12:47:06,0.02,3.45,105.94,0.022,10.36,0.0,97
18/12:47:06,0.02,3.42,105.94,0.022,10.36,0.0,98
18/12:47:06,0.02,3.37,105.95,0.011,10.36,0.0,99
18/12:47:07,0.03,3.32,105.94,0.011,10.36,0.0,100
18/12:47:08,0.03,3.21,105.93,0.022,10.36,0.0,101
18/12:47:09,0.03,3.15,105.93,0.011,10.36,0.0,102
18/12:47:09,0.03,3.08,105.92,0.022,10.36,0.0,103
18/12:47:10,0.03,3.03,105.92,0.022,10.36,0.0,104
18/12:47:10,0.03,3.01,105.9,0.022,10.36,0.0,105
18/12:47:11,0.03,3.05,105.91,0.011,10.37,0.0,106
18/12:47:12,0.02,3.09,105.91,0.011,10.37,0.0,107
18/12:47:12,0.02,3.14,105.92,0.011,10.37,0.0,108
18/12:47:12,0.02,3.19,105.92,0.022,10.37,0.0,109
18/12:47:13,0.02,3.23,105.93,0.022,10.37,0.0,110
18/12:47:13,0.03,3.28,105.93,0.022,10.37,0.0,111
18/12:47:14,0.03,3.32,105.94,0.022,10.37,0.0,112
18/12:47:15,0.03,3.35,105.96,0.011,10.37,0.0,113
18/12:47:15,0.03,3.34,105.95,0.0,10.37,0.0,114
18/12:47:15,0.03,3.26,105.93,0.011,10.37,0.0,115
18/12:47:16,0.03,3.16,105.92,0.022,10.37,0.0,116
18/12:47:17,0.03,3.06,105.92,0.011,10.37,0.0,117
18/12:47:17,0.02,2.96,105.9,0.022,10.37,0.0,118
18/12:47:18,0.03,2.84,105.9,0.022,10.37,0.0,119
18/12:47:18,0.03,2.74,105.88,0.033,10.37,0.0,120
18/12:47:19,0.03,2.64,105.88,0.033,10.37,0.0,121
18/12:47:19,0.03,2.57,105.88,0.011,10.37,0.0,122
18/12:47:20,0.03,2.57,105.88,0.0,10.37,0.0,123
18/12:47:21,0.03,2.59,105.88,0.011,10.37,0.0,124
18/12:47:21,0.03,2.68,105.9,0.011,10.37,0.0,125
18/12:47:22,0.03,2.72,105.9,0.0,10.37,0.0,126
18/12:47:22,0.02,2.75,105.9,0.0,10.37,0.0,127
18/12:47:23,0.02,2.78,105.9,0.011,10.38,0.0,128
18/12:47:24,0.02,2.79,105.89,0.011,10.38,0.0,129
18/12:47:24,0.02,2.81,105.9,0.011,10.38,0.0,130
18/12:47:24,0.02,2.81,105.91,0.011,10.38,0.0,131
18/12:47:25,0.02,2.82,105.91,0.0,10.38,0.0,132
18/12:47:26,0.02,2.84,105.9,0.011,10.38,0.0,133
18/12:47:27,0.03,2.9,105.92,0.022,10.38,0.0,134
18/12:47:27,0.03,2.94,105.92,0.011,10.38,0.0,135
18/12:47:28,0.03,2.97,105.93,0.011,10.38,0.0,136
18/12:47:29,0.03,2.98,105.91,0.0,10.38,0.0,137
18/12:47:29,0.03,2.93,105.92,0.011,10.38,0.0,138
18/12:47:30,0.02,2.88,105.92,0.011,10.38,0.0,139
18/12:47:31,0.02,2.82,105.91,0.011,10.38,0.0,140
18/12:47:31,0.02,2.75,105.9,0.011,10.38,0.0,141
18/12:47:31,0.02,2.68,105.89,0.0,10.38,0.0,142
18/12:47:32,0.02,2.61,105.88,0.011,10.38,0.0,143
18/12:47:33,0.02,2.57,105.88,0.011,10.38,0.0,144
18/12:47:33,0.02,2.57,105.87,0.022,10.38,0.0,145
18/12:47:34,0.02,2.56,105.86,0.022,10.38,0.0,146
18/12:47:34,0.03,2.61,105.86,0.022,10.38,0.0,147
18/12:47:35,0.03,2.64,105.87,0.022,10.38,0.0,148
18/12:47:36,0.03,2.72,105.88,0.011,10.38,0.0,149
18/12:47:37,0.03,2.72,105.89,0.011,10.39,0.0,150
18/12:47:37,0.02,2.75,105.89,0.011,10.39,0.0,151
18/12:47:38,0.02,2.78,105.9,0.011,10.39,0.0,152
18/12:47:38,0.02,2.79,105.9,0.011,10.39,0.0,153
18/12:47:39,0.02,2.79,105.91,0.011,10.39,0.0,154
18/12:47:40,0.02,2.79,105.91,0.0,10.39,0.0,155
18/12:47:41,0.02,2.84,105.91,0.011,10.39,0.0,156
18/12:47:41,0.02,2.87,105.92,0.011,10.39,0.0,157
18/12:47:42,0.02,2.9,105.93,0.011,10.39,0.0,158
18/12:47:42,0.02,2.92,105.93,0.011,10.39,0.0,159
18/12:47:43,0.02,2.95,105.93,0.011,10.39,0.0,160
18/12:47:44,0.02,2.99,105.93,0.022,10.39,0.0,161
18/12:47:45,0.02,2.99,105.93,0.011,10.39,0.0,162
18/12:47:46,0.02,2.99,105.92,0.033,10.39,0.0,163
18/12:47:46,0.02,2.99,105.91,0.033,10.39,0.0,164
18/12:47:47,0.02,2.99,105.91,0.022,10.39,0.0,165
18/12:47:47,0.02,2.99,105.92,0.0,10.39,0.0,166
18/12:47:48,0.02,2.98,105.92,0.0,10.39,0.0,167
18/12:47:49,0.02,2.98,105.92,0.0,10.39,0.0,168
18/12:47:49,0.03,2.98,105.93,0.011,10.4,0.0,169
18/12:47:50,0.03,2.97,105.93,0.022,10.4,0.0,170
18/12:47:50,0.03,2.97,105.93,0.011,10.4,0.0,171
18/12:47:51,0.03,2.97,105.93,0.011,10.4,0.0,172
18/12:47:51,0.03,2.97,105.92,0.011,10.4,0.0,173
18/12:47:52,0.03,2.96,105.94,0.011,10.4,0.0,174
18/12:47:52,0.03,2.96,105.94,0.011,10.4,0.0,175
18/12:47:53,0.03,2.97,105.94,0.011,10.4,0.0,176
18/12:47:54,0.03,2.97,105.94,0.011,10.4,0.0,177
18/12:47:54,0.02,2.97,105.94,0.0,10.4,0.0,178
18/12:47:55,0.02,2.97,105.93,0.011,10.4,0.0,179
18/12:47:55,0.02,2.93,105.93,0.011,10.4,0.0,180
18/12:47:57,0.02,2.91,105.92,0.022,10.4,0.0,181
18/12:47:58,0.02,2.91,105.92,0.011,10.4,0.0,182
18/12:47:59,0.03,2.91,105.94,0.022,10.4,0.0,183
18/12:47:59,0.03,2.93,105.95,0.044,10.4,0.0,184
18/12:48:00,0.03,2.96,105.95,0.033,10.4,0.0,185
18/12:48:00,0.03,2.98,105.96,0.011,10.4,0.0,186
18/12:48:01,0.03,2.98,105.95,0.022,10.4,0.0,187
18/12:48:01,0.03,2.98,105.96,0.033,10.4,0.0,188
18/12:48:02,0.02,2.98,105.95,0.033,10.41,0.0,189
18/12:48:03,0.02,2.98,105.95,0.022,10.41,0.0,190
18/12:48:03,0.02,2.97,105.94,0.022,10.41,0.0,191
18/12:48:04,0.02,2.98,105.94,0.033,10.41,0.0,192
18/12:48:05,0.01,2.74,105.98,0.033,10.41,0.0,193
18/12:48:05,0.01,2.53,106.02,0.022,10.41,0.0,194
18/12:48:06,0.01,2.26,106.07,0.011,10.41,0.0,195
18/12:48:07,0.01,1.95,106.11,0.022,10.41,0.0,196
18/12:48:07,0.01,1.71,106.14,0.033,10.41,0.0,197
18/12:48:08,0.0,1.41,106.19,0.033,10.41,0.0,198
18/12:48:08,0.0,1.05,106.25,0.022,10.41,0.0,199
18/12:48:09,0.0,0.73,106.3,0.022,10.41,0.0,200
18/12:48:09,0.0,0.94,106.28,0.022,10.41,0.0,201
18/12:48:10,0.01,1.13,106.24,0.011,10.41,0.0,202
18/12:48:10,0.01,1.4,106.2,0.011,10.41,0.0,203
18/12:48:11,0.01,1.67,106.16,0.022,10.41,0.0,204
18/12:48:11,0.02,1.93,106.11,0.011,10.41,0.0,205
18/12:48:12,0.02,2.31,106.05,0.011,10.41,0.0,206
18/12:48:12,0.02,2.62,105.99,0.011,10.41,0.0,207
18/12:48:13,0.03,2.85,105.94,0.011,10.41,0.0,208
18/12:48:13,0.03,2.84,105.93,0.011,10.41,0.0,209
18/12:48:14,0.03,2.84,105.92,0.0,10.41,0.0,210
18/12:48:15,0.03,2.83,105.92,0.011,10.41,0.0,211
18/12:48:15,0.03,2.83,105.93,0.033,10.41,0.0,212
18/12:48:16,0.02,2.78,105.93,0.022,10.41,0.0,213
18/12:48:17,0.02,2.73,105.93,0.011,10.41,0.0,214
18/12:48:17,0.02,2.68,105.92,0.011,10.41,0.0,215
18/12:48:18,0.02,2.64,105.9,0.022,10.41,0.0,216
18/12:48:18,0.02,2.6,105.92,0.022,10.42,0.0,217
18/12:48:19,0.02,2.6,105.92,0.022,10.42,0.0,218
18/12:48:19,0.02,2.61,105.91,0.011,10.42,0.0,219
18/12:48:20,0.02,2.62,105.91,0.011,10.42,0.0,220
18/12:48:20,0.02,2.68,105.92,0.022,10.42,0.0,221
18/12:48:21,0.02,2.72,105.93,0.022,10.42,0.0,222
18/12:48:21,0.02,2.77,105.94,0.011,10.42,0.0,223
18/12:48:22,0.02,2.81,105.95,0.022,10.42,0.0,224
18/12:48:22,0.02,2.84,105.95,0.022,10.42,0.0,225
18/12:48:23,0.02,2.62,105.98,0.022,10.42,0.0,226
18/12:48:23,0.02,2.38,106.02,0.011,10.42,0.0,227
18/12:48:24,0.01,2.15,106.05,0.011,10.42,0.0,228
18/12:48:24,0.01,1.95,106.06,0.0,10.42,0.0,229
18/12:48:25,0.01,1.91,106.07,0.0,10.42,0.0,230
18/12:48:26,0.01,1.9,106.08,0.011,10.42,0.0,231
18/12:48:26,0.01,1.86,106.07,0.011,10.42,0.0,232
18/12:48:27,0.01,1.86,106.06,0.011,10.42,0.0,233
18/12:48:27,0.01,2.12,106.03,0.011,10.42,0.0,234
18/12:48:28,0.01,2.35,106.0,0.022,10.42,0.0,235
18/12:48:28,0.02,2.56,105.97,0.011,10.42,0.0,236
18/12:48:29,0.02,2.74,105.95,0.011,10.42,0.0,237
18/12:48:29,0.02,2.8,105.95,0.011,10.42,0.0,238
18/12:48:30,0.02,2.7,105.94,0.011,10.42,0.0,239
18/12:48:31,0.01,2.5,105.97,0.011,10.42,0.0,240
18/12:48:31,0.01,2.27,105.99,0.011,10.42,0.0,241
18/12:48:32,0.01,2.09,106.0,0.011,10.42,0.0,242
18/12:48:32,0.01,1.92,106.02,0.011,10.42,0.0,243
18/12:48:33,0.0,1.72,106.04,0.011,10.42,0.0,244
18/12:48:33,0.0,1.61,106.05,0.011,10.42,0.0,245
18/12:48:34,0.0,1.54,106.05,0.011,10.42,0.0,246
18/12:48:35,0.01,1.81,105.99,0.0,10.43,0.0,247
18/12:48:35,0.02,1.93,105.95,0.011,10.43,0.0,248
18/12:48:36,0.02,2.01,105.93,0.011,10.43,0.0,249
18/12:48:36,0.02,1.97,105.92,0.0,10.43,0.0,250
18/12:48:37,0.02,1.92,105.9,0.0,10.43,0.0,251
18/12:48:37,0.02,1.86,105.91,0.0,10.43,0.0,252
18/12:48:38,0.01,1.93,105.92,0.0,10.43,0.0,253
18/12:48:38,0.01,2.02,105.94,0.011,10.43,0.0,254
18/12:48:39,0.01,2.1,105.95,0.011,10.43,0.0,255
18/12:48:40,0.01,2.17,105.95,0.011,10.43,0.0,256
18/12:48:40,0.01,2.3,105.96,0.011,10.43,0.0,257
18/12:48:41,0.02,2.52,105.95,0.011,10.43,0.0,258
18/12:48:41,0.02,2.64,105.95,0.0,10.43,0.0,259
18/12:48:41,0.03,2.71,105.94,0.0,10.43,0.0,260
18/12:48:42,0.02,2.65,105.93,0.011,10.43,0.0,261
18/12:48:43,0.03,2.56,105.92,0.022,10.43,0.0,262
18/12:48:43,0.02,2.5,105.92,0.011,10.43,0.0,263
18/12:48:44,0.02,2.46,105.92,0.011,10.43,0.0,264
18/12:48:44,0.02,2.43,105.92,0.0,10.43,0.0,265
18/12:48:45,0.03,2.41,105.92,0.011,10.43,0.0,266
18/12:48:46,0.03,2.56,105.93,0.011,10.43,0.0,267
18/12:48:47,0.03,2.64,105.93,0.022,10.43,0.0,268
18/12:48:47,0.03,2.76,105.94,0.022,10.43,0.0,269
18/12:48:48,0.03,2.78,105.94,0.022,10.43,0.0,270
18/12:48:48,0.03,2.8,105.94,0.011,10.43,0.0,271
18/12:48:49,0.02,2.8,105.94,0.011,10.43,0.0,272
18/12:48:49,0.02,2.8,105.94,0.011,10.43,0.0,273
18/12:48:50,0.02,2.8,105.95,0.011,10.44,0.0,274
18/12:48:51,0.03,2.79,105.95,0.011,10.44,0.0,275
18/12:48:51,0.03,2.78,105.96,0.011,10.44,0.0,276
18/12:48:52,0.03,2.78,105.96,0.0,10.44,0.0,277
18/12:48:52,0.02,2.77,105.97,0.0,10.44,0.0,278
18/12:48:53,0.02,2.76,105.97,0.011,10.44,0.0,279
18/12:48:53,0.02,2.76,105.98,0.022,10.44,0.0,280
18/12:48:54,0.03,2.76,105.98,0.022,10.44,0.0,281
18/12:48:54,0.03,2.77,105.97,0.011,10.44,0.0,282
18/12:48:55,0.02,2.79,105.97,0.022,10.44,0.0,283
18/12:48:56,0.02,2.79,105.97,0.022,10.44,0.0,284
18/12:48:56,0.03,2.8,105.97,0.022,10.44,0.0,285
18/12:48:57,0.03,2.8,105.97,0.022,10.44,0.0,286
18/12:48:58,0.03,2.78,105.96,0.011,10.44,0.0,287
18/12:48:58,0.02,2.7,105.96,0.011,10.44,0.0,288
18/12:48:59,0.02,2.66,105.95,0.0,10.44,0.0,289
18/12:49:00,0.02,2.62,105.95,0.0,10.44,0.0,290
18/12:49:00,0.02,2.61,105.94,0.0,10.44,0.0,291
18/12:49:01,0.02,2.59,105.94,0.033,10.44,0.0,292
18/12:49:02,0.02,2.6,105.95,0.022,10.44,0.0,293
18/12:49:02,0.02,2.63,105.95,0.011,10.44,0.0,294
18/12:49:03,0.02,2.67,105.94,0.011,10.44,0.0,295
18/12:49:03,0.02,2.7,105.96,0.022,10.44,0.0,296
18/12:49:04,0.03,2.73,105.96,0.011,10.45,0.0,297
18/12:49:05,0.03,2.72,105.97,0.011,10.45,0.0,298
18/12:49:05,0.03,2.71,105.97,0.033,10.45,0.0,299
18/12:49:06,0.02,2.71,105.97,0.022,10.45,0.0,300
18/12:49:06,0.02,2.72,105.97,0.011,10.45,0.0,301
18/12:49:07,0.02,2.72,105.97,0.022,10.45,0.0,302
18/12:49:08,0.02,2.73,105.97,0.033,10.45,0.0,303
18/12:49:08,0.02,2.73,105.96,0.022,10.45,0.0,304
18/12:49:09,0.02,2.76,105.95,0.0,10.45,0.0,305
18/12:49:09,0.02,2.76,105.96,0.0,10.45,0.0,306
18/12:49:10,0.02,2.75,105.97,0.011,10.45,0.0,307
18/12:49:10,0.02,2.75,105.96,0.011,10.45,0.0,308
18/12:49:11,0.02,2.74,105.96,0.011,10.45,0.0,309
18/12:49:12,0.02,2.74,105.98,0.0,10.45,0.0,310
18/12:49:12,0.02,2.73,105.97,0.011,10.45,0.0,311
18/12:49:13,0.02,2.73,105.98,0.022,10.45,0.0,312
18/12:49:14,0.02,2.72,105.98,0.033,10.45,0.0,313
18/12:49:14,0.03,2.73,105.96,0.022,10.45,0.0,314
18/12:49:15,0.02,2.73,105.97,0.033,10.45,0.0,315
18/12:49:16,0.02,2.73,105.97,0.033,10.45,0.0,316
18/12:49:17,0.02,2.74,105.97,0.011,10.45,0.0,317
18/12:49:17,0.02,2.75,105.96,0.0,10.46,0.0,318
18/12:49:18,0.03,2.76,105.97,0.011,10.46,0.0,319
18/12:49:18,0.03,2.76,105.98,0.011,10.46,0.0,320
18/12:49:20,0.03,2.77,105.97,0.0,10.46,0.0,321
18/12:49:20,0.03,2.77,105.96,0.0,10.46,0.0,322
18/12:49:21,0.03,2.76,105.96,0.0,10.46,0.0,323
18/12:49:21,0.03,2.76,105.96,0.011,10.46,0.0,324
18/12:49:22,0.03,2.77,105.95,0.011,10.46,0.0,325
18/12:49:22,0.03,2.77,105.95,0.011,10.46,0.0,326
18/12:49:23,0.02,2.75,105.95,0.022,10.46,0.0,327
18/12:49:24,0.02,2.68,105.94,0.022,10.46,0.0,328
18/12:49:24,0.02,2.61,105.94,0.011,10.46,0.0,329
18/12:49:25,0.02,2.54,105.93,0.011,10.46,0.0,330
18/12:49:26,0.02,2.46,105.93,0.022,10.46,0.0,331
18/12:49:26,0.02,2.31,105.92,0.011,10.46,0.0,332
18/12:49:27,0.02,2.3,105.92,0.011,10.46,0.0,333
18/12:49:27,0.02,2.32,105.93,0.011,10.46,0.0,334
18/12:49:28,0.02,2.4,105.94,0.011,10.46,0.0,335
18/12:49:28,0.02,2.47,105.94,0.011,10.46,0.0,336
18/12:49:29,0.02,2.55,105.94,0.011,10.46,0.0,337
18/12:49:30,0.02,2.63,105.95,0.011,10.46,0.0,338
18/12:49:31,0.02,2.77,105.97,0.022,10.46,0.0,339
18/12:49:31,0.02,2.77,105.98,0.022,10.46,0.0,340
18/12:49:32,0.02,2.75,105.97,0.011,10.47,0.0,341
18/12:49:32,0.02,2.74,105.98,0.011,10.47,0.0,342
18/12:49:33,0.02,2.73,105.98,0.011,10.47,0.0,343
18/12:49:33,0.02,2.73,105.98,0.011,10.47,0.0,344
18/12:49:34,0.02,2.73,105.98,0.011,10.47,0.0,345
18/12:49:34,0.02,2.73,105.97,0.011,10.47,0.0,346
18/12:49:35,0.02,2.72,105.97,0.011,10.47,0.0,347
18/12:49:36,0.02,2.74,105.97,0.011,10.47,0.0,348
18/12:49:37,0.02,2.71,105.96,0.011,10.47,0.0,349
18/12:49:37,0.02,2.64,105.95,0.0,10.47,0.0,350
18/12:49:37,0.02,2.56,105.94,0.011,10.47,0.0,351
18/12:49:38,0.02,2.5,105.94,0.0,10.47,0.0,352
18/12:49:38,0.02,2.44,105.93,0.0,10.47,0.0,353
18/12:49:39,0.02,2.35,105.93,0.0,10.47,0.0,354
18/12:49:39,0.02,2.03,105.98,0.0,10.47,0.0,355
18/12:49:40,0.02,1.69,106.02,0.0,10.47,0.0,356
18/12:49:41,0.01,1.38,106.11,0.0,10.47,0.0,357
18/12:49:41,0.01,1.1,106.17,0.011,10.47,0.0,358
18/12:49:42,0.01,0.9,106.21,0.011,10.47,0.0,359
18/12:49:42,0.01,0.98,106.22,0.011,10.47,0.0,360
18/12:49:43,0.01,1.05,106.22,0.011,10.47,0.0,361
18/12:49:43,0.01,1.23,106.22,0.077,10.47,0.0,362
18/12:49:44,0.02,1.55,106.18,0.11,10.47,0.0,363
18/12:49:44,0.02,1.73,106.16,0.11,10.47,0.0,364
18/12:49:45,0.02,1.82,106.11,0.011,10.47,0.0,365
18/12:49:45,0.02,1.83,106.08,0.0,10.47,0.0,366
18/12:49:46,0.02,1.73,106.09,0.011,10.47,0.0,367
18/12:49:46,0.01,1.38,106.12,0.022,10.47,0.0,368
18/12:49:47,0.01,1.23,106.14,0.011,10.47,0.0,369
18/12:49:48,0.01,1.22,106.14,0.011,10.47,0.0,370
18/12:49:48,0.01,1.22,106.13,0.011,10.47,0.0,371
18/12:49:49,0.01,1.39,106.12,0.011,10.47,0.0,372
18/12:49:49,0.02,1.98,106.07,0.0,10.47,0.0,373
18/12:49:50,0.02,2.3,106.04,0.022,10.47,0.0,374
18/12:49:51,0.03,2.65,106.01,0.033,10.48,0.0,375
18/12:49:51,0.03,2.79,105.99,0.022,10.48,0.0,376
18/12:49:52,0.03,2.79,106.0,0.022,10.48,0.0,377
18/12:49:53,0.03,2.79,105.99,0.011,10.48,0.0,378
18/12:49:54,0.03,2.79,105.99,0.011,10.48,0.0,379
18/12:49:54,0.03,2.79,105.97,0.022,10.48,0.0,380
18/12:49:54,0.03,2.8,105.97,0.022,10.48,0.0,381
18/12:49:55,0.02,2.8,105.97,0.011,10.48,0.0,382
18/12:49:55,0.03,2.8,105.98,0.011,10.48,0.0,383
18/12:49:56,0.02,2.79,105.98,0.022,10.48,0.0,384
18/12:49:56,0.03,2.79,105.97,0.022,10.48,0.0,385
18/12:49:57,0.03,2.79,105.98,0.066,10.48,0.0,386
18/12:49:57,0.03,2.79,105.98,0.066,10.48,0.0,387
18/12:49:58,0.03,2.79,105.98,0.022,10.48,0.0,388
18/12:49:59,0.03,2.79,105.99,0.022,10.48,0.0,389
18/12:50:00,0.03,2.79,105.99,0.0,10.48,0.0,390
18/12:50:00,0.02,2.72,106.01,0.0,10.48,0.0,391
18/12:50:01,0.02,2.6,106.08,0.011,10.48,0.0,392
18/12:50:02,0.01,2.37,106.2,0.528,10.48,0.0,393
18/12:50:02,0.01,2.25,106.26,1.254,10.48,0.0,394
18/12:50:03,0.01,2.26,106.26,2.09,10.48,0.0,395
18/12:50:03,0.02,2.27,106.26,2.97,10.48,0.0,396
18/12:50:05,0.02,2.28,106.26,3.388,10.48,0.0,397
18/12:50:05,0.02,2.38,106.22,3.564,10.48,0.0,398
18/12:50:06,0.02,2.55,106.15,3.641,10.49,0.0,399
18/12:50:06,0.02,2.68,106.08,3.652,10.49,0.0,400
18/12:50:06,0.02,2.8,106.03,3.432,10.49,0.0,401
18/12:50:06,0.02,2.86,106.01,3.124,10.49,0.011,402
18/12:50:08,0.02,2.87,106.0,2.2,10.49,0.011,403
18/12:50:09,0.03,2.86,106.0,1.067,10.49,0.011,404
18/12:50:10,0.03,2.86,106.0,0.528,10.49,0.011,405
18/12:50:10,0.03,2.86,105.99,0.264,10.49,0.011,406
18/12:50:11,0.03,2.85,105.99,0.66,10.49,0.011,407
18/12:50:11,0.03,2.84,105.98,1.089,10.49,0.011,408
18/12:50:12,0.03,2.83,105.99,1.441,10.49,0.011,409
18/12:50:12,0.03,2.81,105.99,2.145,10.49,0.011,410
18/12:50:13,0.03,2.74,106.01,3.08,10.49,0.011,411
18/12:50:13,0.03,2.67,106.04,4.136,10.49,0.011,412
18/12:50:14,0.02,2.66,106.05,7.051,10.49,0.011,413
18/12:50:15,0.02,2.67,106.05,8.954,10.49,0.011,414
18/12:50:15,0.02,2.68,106.06,11.033,10.49,0.011,415
18/12:50:16,0.02,2.69,106.06,13.024,10.49,0.011,416
18/12:50:16,0.03,2.72,106.05,14.74,10.49,0.022,417
18/12:50:17,0.04,2.81,106.02,16.588,10.49,0.022,418
18/12:50:17,0.08,2.88,106.0,18.051,10.49,0.022,419
18/12:50:18,0.09,2.89,105.99,18.942,10.5,0.022,420
18/12:50:19,0.09,2.88,105.99,19.393,10.5,0.022,421
18/12:50:19,0.09,2.86,105.98,19.767,10.5,0.033,422
18/12:50:20,0.09,2.83,105.98,19.976,10.5,0.033,423
18/12:50:20,0.09,2.81,105.98,20.086,10.5,0.033,424
18/12:50:21,0.08,2.79,105.96,20.185,10.5,0.044,425
18/12:50:21,0.06,2.76,106.0,20.152,10.5,0.044,426
18/12:50:22,0.03,2.75,106.05,19.734,10.5,0.044,427
18/12:50:22,0.02,2.73,106.11,19.107,10.5,0.044,428
18/12:50:23,0.02,2.72,106.15,18.513,10.5,0.055,429
18/12:50:23,0.01,2.72,106.16,18.139,10.5,0.055,430
18/12:50:24,0.01,2.72,106.16,17.875,10.5,0.055,431
18/12:50:24,0.01,2.72,106.17,17.974,10.5,0.055,432
18/12:50:25,0.01,2.74,106.18,18.029,10.5,0.066,433
18/12:50:26,0.01,2.76,106.16,18.194,10.5,0.066,434
18/12:50:26,0.42,2.76,106.08,17.721,10.5,0.066,435
18/12:50:26,1.95,2.77,105.92,17.457,10.5,0.066,436
18/12:50:27,2.09,2.74,105.86,17.71,10.5,0.077,437
18/12:50:28,2.11,2.73,105.84,17.974,10.5,0.077,438
18/12:50:28,2.13,2.73,105.84,17.853,10.5,0.077,439
18/12:50:29,2.32,2.7,105.82,17.765,10.5,0.077,440
18/12:50:29,3.39,2.65,105.74,17.688,10.5,0.077,441
18/12:50:30,4.51,2.64,105.64,18.249,10.5,0.088,442
18/12:50:30,4.38,2.63,105.61,19.03,10.5,0.088,443
18/12:50:31,3.47,2.63,105.68,19.503,10.5,0.088,444
18/12:50:31,4.03,2.63,105.65,19.624,10.5,0.088,445
18/12:50:32,5.12,2.59,105.52,19.778,10.5,0.099,446
18/12:50:33,5.63,2.6,105.48,19.987,10.5,0.099,447
18/12:50:33,5.69,2.57,105.46,20.273,10.5,0.11,448
18/12:50:34,6.56,2.53,105.37,21.263,10.5,0.11,449
18/12:50:35,7.2,2.53,105.3,22.099,10.5,0.11,450
18/12:50:36,7.21,2.52,105.26,22.561,10.5,0.121,451
18/12:50:36,7.12,2.53,105.27,22.814,10.5,0.121,452
18/12:50:36,7.1,2.52,105.27,23.045,10.5,0.121,453
18/12:50:37,6.68,2.51,105.28,23.331,10.49,0.132,454
18/12:50:37,6.12,2.53,105.31,23.595,10.49,0.132,455
18/12:50:38,5.27,2.52,105.37,23.914,10.49,0.132,456
18/12:50:39,4.74,2.53,105.41,24.233,10.49,0.143,457
18/12:50:40,4.33,2.52,105.46,24.827,10.49,0.143,458
18/12:50:40,4.35,2.52,105.46,24.97,10.49,0.143,459
18/12:50:41,4.28,2.51,105.46,25.256,10.49,0.154,460
18/12:50:42,4.23,2.49,105.44,25.96,10.49,0.165,461
18/12:50:43,4.25,2.5,105.45,26.587,10.49,0.176,462
18/12:50:44,4.14,2.5,105.45,26.873,10.49,0.176,463
18/12:50:44,3.72,2.51,105.49,27.016,10.49,0.176,464
18/12:50:45,3.22,2.52,105.53,26.961,10.49,0.187,465
18/12:50:45,2.67,2.51,105.57,26.884,10.49,0.187,466
18/12:50:46,1.71,2.51,105.71,26.752,10.49,0.198,467
18/12:50:47,1.14,2.51,105.76,26.444,10.49,0.198,468
18/12:50:48,0.63,2.52,105.82,26.268,10.49,0.198,469
18/12:50:48,0.32,2.52,105.86,26.202,10.49,0.209,470
18/12:50:49,0.17,2.52,105.87,26.191,10.49,0.209,471
18/12:50:49,0.17,2.51,105.88,26.037,10.49,0.209,472
18/12:50:50,0.17,2.51,105.88,25.982,10.49,0.22,473
18/12:50:50,0.17,2.51,105.89,25.949,10.49,0.22,474
18/12:50:51,0.17,2.5,105.9,26.136,10.49,0.231,475
18/12:50:52,0.17,2.51,105.9,26.213,10.49,0.231,476
18/12:50:52,0.16,2.51,105.91,26.136,10.49,0.242,477
18/12:50:53,0.16,2.52,105.91,26.059,10.49,0.242,478
18/12:50:54,0.15,2.53,105.92,26.015,10.49,0.242,479
18/12:50:54,0.13,2.42,105.96,26.004,10.49,0.253,480
18/12:50:56,0.11,2.28,106.01,25.718,10.5,0.264,481
18/12:50:56,0.11,2.27,106.01,25.63,10.5,0.264,482
18/12:50:56,0.11,2.26,106.01,25.553,10.5,0.264,483
18/12:50:57,0.11,2.27,106.0,25.487,10.5,0.275,484
18/12:50:57,0.12,2.27,106.0,25.399,10.5,0.275,485
18/12:50:58,0.14,2.4,105.95,25.278,10.5,0.275,486
18/12:50:58,0.16,2.5,105.92,25.19,10.5,0.286,487
18/12:51:00,0.5,2.53,105.9,24.992,10.5,0.286,488
18/12:51:00,1.41,2.51,105.83,25.047,10.5,0.297,489
18/12:51:01,2.31,2.39,105.74,25.509,10.5,0.297,490
18/12:51:01,3.26,2.31,105.64,25.927,10.5,0.297,491
18/12:51:02,4.1,2.3,105.54,26.422,10.5,0.308,492
18/12:51:02,5.0,2.31,105.47,27.071,10.5,0.308,493
18/12:51:03,6.15,2.32,105.33,28.083,10.5,0.308,494
18/12:51:03,7.05,2.32,105.24,28.6,10.5,0.308,495
18/12:51:04,7.23,2.34,105.2,29.04,10.5,0.308,496
18/12:51:04,7.23,2.4,105.19,29.348,10.5,0.308,497
18/12:51:05,7.25,2.56,105.21,29.425,10.49,0.33,498
18/12:51:05,7.28,2.59,105.21,29.403,10.49,0.33,499
18/12:51:06,7.36,2.57,105.2,29.403,10.49,0.341,500
18/12:51:06,7.57,2.56,105.17,29.359,10.49,0.341,501
18/12:51:07,8.13,2.57,105.13,29.491,10.49,0.341,502
18/12:51:08,8.59,2.55,105.09,29.854,10.49,0.352,503
18/12:51:08,9.08,2.51,105.01,30.305,10.49,0.352,504
18/12:51:09,9.57,2.49,104.96,30.866,10.49,0.363,505
18/12:51:09,10.02,2.49,104.9,31.35,10.49,0.363,506
18/12:51:10,10.11,2.5,104.87,32.021,10.49,0.363,507
18/12:51:10,9.81,2.49,104.87,32.472,10.49,0.374,508
18/12:51:11,9.32,2.5,104.9,32.846,10.48,0.374,509
18/12:51:11,8.73,2.5,104.95,33.044,10.48,0.385,510
18/12:51:12,8.51,2.5,104.98,33.264,10.48,0.385,511
18/12:51:12,8.39,2.5,104.99,33.594,10.48,0.396,512
18/12:51:14,8.05,2.51,105.02,35.079,10.48,0.407,513
18/12:51:14,8.53,2.5,104.98,35.453,10.48,0.418,514
18/12:51:15,9.0,2.49,104.91,35.827,10.48,0.418,515
18/12:51:15,9.2,2.5,104.86,36.3,10.48,0.418,516
18/12:51:16,9.25,2.51,104.85,36.685,10.48,0.429,517
18/12:51:17,9.27,2.5,104.84,37.169,10.47,0.429,518
18/12:51:17,9.37,2.49,104.83,37.51,10.47,0.44,519
18/12:51:18,9.48,2.46,104.82,37.928,10.47,0.44,520
18/12:51:18,9.52,2.47,104.79,38.324,10.47,0.451,521
18/12:51:19,9.56,2.46,104.78,38.775,10.47,0.451,522
18/12:51:19,9.64,2.47,104.79,39.105,10.47,0.462,523
18/12:51:20,9.76,2.48,104.78,39.556,10.47,0.462,524
18/12:51:20,9.8,2.48,104.78,40.106,10.47,0.473,525
18/12:51:21,9.86,2.47,104.77,40.557,10.47,0.473,526
18/12:51:21,9.9,2.48,104.77,40.898,10.46,0.484,527
18/12:51:22,9.87,2.5,104.76,41.294,10.46,0.495,528
18/12:51:22,9.63,2.5,104.79,41.657,10.46,0.495,529
18/12:51:23,9.35,2.52,104.82,41.954,10.46,0.506,530
18/12:51:23,9.01,2.52,104.85,42.185,10.46,0.506,531
18/12:51:24,8.38,2.52,104.9,42.493,10.46,0.517,532
18/12:51:25,7.9,2.53,104.92,42.702,10.46,0.528,533
18/12:51:26,7.6,2.53,104.95,42.999,10.46,0.539,534
18/12:51:26,7.25,2.51,104.99,43.395,10.46,0.55,535
18/12:51:27,7.25,2.5,105.0,43.516,10.46,0.55,536
18/12:51:28,7.25,2.48,105.0,43.923,10.45,0.561,537
18/12:51:29,7.14,2.48,105.01,44.088,10.45,0.572,538
18/12:51:29,7.11,2.48,105.0,44.187,10.45,0.583,539
18/12:51:30,7.09,2.48,104.99,44.341,10.45,0.583,540
18/12:51:30,7.08,2.48,104.98,44.473,10.45,0.594,541
18/12:51:31,7.04,2.49,104.98,44.616,10.45,0.594,542
18/12:51:31,6.98,2.49,104.97,44.737,10.45,0.605,543
18/12:51:32,6.57,2.49,105.0,44.869,10.45,0.616,544
18/12:51:32,6.02,2.49,105.05,44.869,10.45,0.616,545
18/12:51:33,5.32,2.49,105.11,44.781,10.45,0.616,546
18/12:51:33,4.47,2.49,105.2,44.528,10.45,0.616,547
18/12:51:34,3.76,2.49,105.28,44.396,10.45,0.627,548
18/12:51:34,3.07,2.49,105.36,44.242,10.45,0.649,549
18/12:51:35,2.22,2.5,105.43,43.934,10.45,0.649,550
18/12:51:35,1.66,2.5,105.5,43.659,10.45,0.66,551
18/12:51:36,1.32,2.5,105.55,43.516,10.45,0.66,552
18/12:51:36,1.15,2.5,105.56,43.395,10.45,0.671,553
18/12:51:37,1.1,2.48,105.59,43.296,10.45,0.671,554
18/12:51:38,1.07,2.48,105.59,42.977,10.45,0.682,555
18/12:51:38,1.04,2.47,105.61,42.768,10.45,0.693,556
18/12:51:38,1.03,2.46,105.62,42.636,10.45,0.693,557
18/12:51:40,1.94,2.45,105.56,42.57,10.45,0.704,558
18/12:51:40,2.5,2.43,105.52,42.636,10.45,0.715,559
18/12:51:41,3.03,2.43,105.46,42.658,10.45,0.715,560
18/12:51:41,3.63,2.42,105.41,42.702,10.45,0.726,561
18/12:51:42,4.68,2.43,105.28,42.713,10.45,0.737,562
18/12:51:43,5.26,2.43,105.24,42.713,10.45,0.748,563
18/12:51:43,5.41,2.43,105.2,42.867,10.45,0.748,564
18/12:51:44,5.42,2.42,105.18,42.944,10.45,0.759,565
18/12:51:44,5.4,2.43,105.17,42.966,10.45,0.759,566
18/12:51:45,5.4,2.42,105.17,43.076,10.45,0.77,567
18/12:51:45,5.38,2.42,105.17,43.109,10.45,0.781,568
18/12:51:46,5.35,2.4,105.17,43.197,10.44,0.781,569
18/12:51:47,5.36,2.4,105.16,43.208,10.44,0.792,570
18/12:51:47,5.32,2.41,105.16,43.274,10.44,0.792,571
18/12:51:48,5.31,2.4,105.16,43.395,10.44,0.803,572
18/12:51:48,5.27,2.4,105.17,43.483,10.44,0.814,573
18/12:51:50,5.28,2.44,105.17,43.67,10.44,0.825,574
18/12:51:50,5.3,2.47,105.17,43.681,10.44,0.836,575
18/12:51:51,5.33,2.48,105.18,43.714,10.44,0.836,576
18/12:51:51,5.31,2.49,105.18,43.758,10.44,0.847,577
18/12:51:52,5.35,2.5,105.19,43.89,10.44,0.858,578
18/12:51:53,5.36,2.53,105.18,44.011,10.44,0.869,579
18/12:51:54,5.33,2.53,105.17,44.286,10.44,0.88,580
18/12:51:55,5.31,2.53,105.16,44.297,10.44,0.891,581
18/12:51:56,5.33,2.53,105.15,44.341,10.44,0.891,582
18/12:51:56,5.37,2.54,105.15,44.363,10.44,0.902,583
18/12:51:57,5.34,2.53,105.14,44.418,10.44,0.913,584
18/12:51:57,5.37,2.5,105.16,44.374,10.44,0.913,585
18/12:51:58,5.36,2.49,105.16,44.429,10.44,0.924,586
18/12:51:58,5.37,2.48,105.16,44.528,10.44,0.924,587
18/12:51:59,5.37,2.48,105.16,44.616,10.43,0.935,588
18/12:51:59,5.38,2.47,105.17,44.583,10.43,0.946,589
18/12:52:00,5.32,2.46,105.15,44.539,10.43,0.946,590
18/12:52:00,5.04,2.46,105.16,44.451,10.43,0.957,591
18/12:52:01,4.68,2.47,105.2,44.341,10.43,0.957,592
18/12:52:01,4.34,2.47,105.23,44.242,10.43,0.968,593
18/12:52:02,4.01,2.47,105.27,44.165,10.43,0.979,594
18/12:52:02,3.9,2.46,105.28,44.011,10.43,0.979,595
18/12:52:03,3.88,2.46,105.28,43.923,10.43,0.99,596
18/12:52:03,3.84,2.46,105.3,43.923,10.43,0.99,597
18/12:52:04,3.78,2.46,105.32,43.89,10.43,1.001,598
18/12:52:04,4.01,2.45,105.31,43.868,10.43,1.012,599
18/12:52:05,4.31,2.44,105.27,43.835,10.43,1.012,600
18/12:52:06,4.57,2.43,105.24,43.835,10.43,1.023,601
18/12:52:06,4.84,2.43,105.21,43.78,10.43,1.023,602
18/12:52:06,4.9,2.44,105.2,43.67,10.43,1.034,603
18/12:52:07,4.84,2.43,105.21,43.67,10.43,1.034,604
18/12:52:08,4.84,2.43,105.21,43.681,10.43,1.045,605
18/12:52:08,4.87,2.42,105.2,43.67,10.43,1.056,606
18/12:52:09,4.83,2.42,105.2,43.67,10.43,1.056,607
18/12:52:09,4.84,2.43,105.2,43.67,10.43,1.067,608
18/12:52:10,4.81,2.42,105.19,43.67,10.43,1.067,609
18/12:52:11,4.81,2.44,105.2,43.615,10.43,1.078,610
18/12:52:11,4.84,2.44,105.19,43.604,10.43,1.089,611
18/12:52:12,4.83,2.45,105.18,43.516,10.43,1.1,612
18/12:52:13,4.38,2.46,105.2,43.373,10.43,1.111,613
18/12:52:14,3.81,2.47,105.25,43.087,10.43,1.122,614
18/12:52:14,3.27,2.44,105.31,42.79,10.42,1.133,615
18/12:52:15,2.59,2.42,105.36,42.614,10.42,1.133,616
18/12:52:15,2.02,2.41,105.43,42.416,10.42,1.144,617
18/12:52:16,1.46,2.39,105.48,42.13,10.42,1.144,618
18/12:52:17,0.82,2.38,105.54,41.679,10.43,1.155,619
18/12:52:17,0.16,2.36,105.63,41.107,10.43,1.166,620
18/12:52:18,0.16,2.31,105.63,40.821,10.43,1.166,621
18/12:52:18,0.16,2.33,105.64,40.447,10.43,1.177,622
18/12:52:20,0.17,2.33,105.65,39.853,10.43,1.188,623
18/12:52:21,0.68,2.35,105.64,39.05,10.43,1.21,624
18/12:52:22,1.56,2.38,105.56,38.907,10.43,1.21,625
18/12:52:22,2.37,2.33,105.5,38.973,10.43,1.221,626
18/12:52:23,3.16,2.34,105.41,39.094,10.43,1.221,627
18/12:52:23,3.99,2.36,105.34,39.171,10.43,1.232,628
18/12:52:24,4.78,2.37,105.28,39.347,10.43,1.232,629
18/12:52:24,5.49,2.38,105.18,39.435,10.43,1.243,630
18/12:52:26,5.8,2.36,105.1,39.622,10.43,1.254,631
18/12:52:26,5.01,2.3,105.17,39.435,10.43,1.254,632
18/12:52:27,3.49,2.26,105.35,38.918,10.42,1.265,633
18/12:52:28,2.71,2.18,105.42,38.797,10.42,1.276,634
18/12:52:28,1.97,2.11,105.5,38.665,10.42,1.276,635
18/12:52:28,1.13,2.03,105.56,38.478,10.42,1.287,636
18/12:52:29,0.56,1.96,105.66,38.236,10.42,1.287,637
18/12:52:30,0.42,1.93,105.7,38.17,10.43,1.298,638
18/12:52:30,0.54,1.93,105.7,37.961,10.43,1.298,639
18/12:52:31,1.08,1.93,105.67,37.961,10.43,1.309,640
18/12:52:31,1.54,1.93,105.61,38.027,10.43,1.309,641
18/12:52:32,2.07,1.93,105.56,38.17,10.43,1.32,642
18/12:52:32,2.69,1.95,105.47,38.335,10.43,1.32,643
18/12:52:33,3.52,2.02,105.37,38.445,10.43,1.331,644
18/12:52:33,4.63,2.12,105.26,38.61,10.43,1.331,645
18/12:52:34,5.6,2.17,105.15,38.786,10.42,1.342,646
18/12:52:35,6.68,2.31,104.99,39.028,10.42,1.353,647
18/12:52:35,7.1,2.4,104.95,39.16,10.42,1.364,648
18/12:52:36,7.51,2.46,104.91,39.292,10.42,1.364,649
18/12:52:36,7.71,2.49,104.9,39.358,10.42,1.375,650
18/12:52:37,7.73,2.5,104.89,39.49,10.42,1.375,651
18/12:52:38,7.67,2.5,104.88,39.622,10.42,1.386,652
18/12:52:38,7.67,2.51,104.87,39.743,10.42,1.386,653
18/12:52:39,7.74,2.52,104.88,39.864,10.42,1.397,654
18/12:52:39,7.67,2.5,104.87,39.963,10.42,1.397,655
18/12:52:40,7.65,2.49,104.87,40.007,10.42,1.408,656
18/12:52:40,7.68,2.48,104.86,40.095,10.42,1.408,657
18/12:52:41,7.71,2.5,104.86,40.216,10.42,1.408,658
18/12:52:41,7.89,2.48,104.85,40.348,10.41,1.408,659
18/12:52:42,8.0,2.45,104.85,40.491,10.41,1.43,660
18/12:52:42,7.99,2.44,104.84,40.557,10.41,1.43,661
18/12:52:43,8.11,2.42,104.8,40.799,10.41,1.441,662
18/12:52:44,8.36,2.44,104.76,41.008,10.41,1.463,663
18/12:52:45,8.46,2.43,104.74,41.14,10.41,1.463,664
18/12:52:45,8.43,2.42,104.74,41.261,10.41,1.474,665
18/12:52:46,8.45,2.43,104.72,41.448,10.41,1.474,666
18/12:52:46,8.49,2.44,104.72,41.635,10.41,1.485,667
18/12:52:47,8.5,2.44,104.72,41.69,10.4,1.485,668
18/12:52:48,8.59,2.44,104.73,41.767,10.4,1.496,669
18/12:52:48,8.6,2.44,104.73,41.921,10.4,1.496,670
18/12:52:49,8.56,2.44,104.71,42.031,10.4,1.507,671
18/12:52:49,8.62,2.44,104.71,42.185,10.4,1.518,672
18/12:52:50,8.62,2.45,104.71,42.394,10.4,1.518,673
18/12:52:50,8.62,2.47,104.72,42.625,10.4,1.529,674
18/12:52:51,8.59,2.48,104.72,42.867,10.4,1.529,675
18/12:52:52,8.26,2.49,104.75,43.021,10.4,1.54,676
18/12:52:54,6.16,2.48,104.94,42.856,10.39,1.573,677
18/12:52:54,5.68,2.47,104.99,42.724,10.39,1.573,678
18/12:52:55,5.24,2.46,105.04,42.603,10.39,1.584,679
18/12:52:55,4.64,2.45,105.09,42.592,10.39,1.584,680
18/12:52:56,4.38,2.45,105.12,42.658,10.39,1.595,681
18/12:52:57,4.35,2.44,105.13,42.592,10.39,1.595,682
18/12:52:57,4.23,2.44,105.15,42.493,10.39,1.606,683
18/12:52:57,4.1,2.44,105.15,42.482,10.39,1.617,684
18/12:52:59,3.75,2.43,105.2,42.328,10.39,1.628,685
18/12:53:00,3.54,2.43,105.23,42.097,10.39,1.639,686
18/12:53:00,3.42,2.42,105.23,41.987,10.39,1.639,687
18/12:53:01,3.36,2.43,105.24,41.844,10.39,1.65,688
18/12:53:01,3.36,2.42,105.23,41.745,10.39,1.661,689
18/12:53:02,3.32,2.42,105.22,41.679,10.39,1.661,690
18/12:53:02,3.32,2.41,105.21,41.624,10.39,1.672,691
18/12:53:03,3.34,2.42,105.21,41.525,10.39,1.672,692
18/12:53:03,3.3,2.42,105.21,41.393,10.39,1.683,693
18/12:53:04,3.42,2.41,105.2,41.217,10.39,1.683,694
18/12:53:04,3.67,2.42,105.17,41.305,10.39,1.694,695
18/12:53:05,3.89,2.42,105.15,41.217,10.39,1.694,696
18/12:53:06,4.26,2.43,105.13,41.261,10.39,1.705,697
18/12:53:06,4.68,2.44,105.1,41.349,10.39,1.705,698
18/12:53:07,5.03,2.44,105.07,41.47,10.39,1.716,699
18/12:53:07,5.44,2.44,105.03,41.547,10.39,1.716,700
18/12:53:08,5.91,2.42,104.97,41.58,10.39,1.716,701
18/12:53:08,6.03,2.42,104.96,41.679,10.39,1.727,702
18/12:53:09,6.16,2.41,104.94,41.822,10.39,1.727,703
18/12:53:09,6.27,2.41,104.93,41.899,10.39,1.749,704
18/12:53:10,6.32,2.4,104.93,41.921,10.39,1.749,705
18/12:53:10,6.23,2.39,104.93,42.064,10.38,1.76,706
18/12:53:11,6.28,2.4,104.94,42.174,10.38,1.76,707
18/12:53:11,6.31,2.4,104.94,42.273,10.38,1.771,708
18/12:53:12,6.31,2.42,104.94,42.339,10.38,1.782,709
18/12:53:13,6.39,2.43,104.94,42.449,10.38,1.782,710
18/12:53:14,7.01,2.42,104.86,42.999,10.38,1.804,711
18/12:53:14,7.23,2.41,104.84,43.131,10.38,1.804,712
18/12:53:15,7.63,2.42,104.78,43.373,10.38,1.826,713
18/12:53:16,7.88,2.43,104.76,43.527,10.38,1.826,714
18/12:53:16,7.71,2.38,104.76,43.78,10.38,1.837,715
18/12:53:17,7.45,2.33,104.79,44.011,10.38,1.837,716
18/12:53:18,7.17,2.28,104.81,44.198,10.37,1.848,717
18/12:53:19,6.89,2.21,104.81,44.396,10.37,1.859,718
18/12:53:20,6.93,2.21,104.82,44.693,10.37,1.87,719
18/12:53:20,7.09,2.22,104.81,44.891,10.37,1.881,720
18/12:53:21,7.5,2.27,104.75,45.078,10.37,1.881,721
18/12:53:21,7.92,2.33,104.71,45.309,10.37,1.892,722
18/12:53:22,8.32,2.39,104.68,45.551,10.37,1.903,723
18/12:53:23,8.62,2.45,104.62,45.727,10.37,1.903,724
18/12:53:23,8.75,2.42,104.61,46.101,10.37,1.925,725
18/12:53:24,8.82,2.41,104.59,46.387,10.37,1.925,726
18/12:53:25,8.98,2.39,104.56,46.695,10.36,1.936,727
18/12:53:25,9.11,2.39,104.55,46.937,10.36,1.936,728
18/12:53:25,9.15,2.35,104.55,47.179,10.36,1.947,729
18/12:53:26,8.99,2.28,104.55,47.498,10.36,1.958,730
18/12:53:26,8.78,2.23,104.59,47.817,10.36,1.958,731
18/12:53:27,8.68,2.19,104.61,48.048,10.36,1.969,732
18/12:53:28,8.44,2.14,104.62,48.257,10.36,1.969,733
18/12:53:28,8.23,2.1,104.65,48.4,10.36,1.98,734
18/12:53:29,7.82,2.05,104.68,48.675,10.36,1.991,735
18/12:53:30,7.3,2.0,104.7,49.247,10.36,2.002,736
18/12:53:31,7.54,2.07,104.67,49.654,10.35,2.013,737
18/12:53:31,7.92,2.12,104.62,49.808,10.35,2.024,738
18/12:53:32,8.28,2.19,104.57,50.017,10.35,2.035,739
18/12:53:32,8.65,2.24,104.54,50.204,10.35,2.035,740
18/12:53:33,9.5,2.37,104.48,50.424,10.35,2.057,741
18/12:53:34,9.84,2.42,104.45,50.589,10.35,2.057,742
18/12:53:34,10.14,2.46,104.42,50.776,10.35,2.068,743
18/12:53:35,10.22,2.44,104.42,51.029,10.35,2.079,744
18/12:53:35,9.88,2.39,104.45,51.26,10.34,2.079,745
18/12:53:36,9.52,2.34,104.47,51.546,10.34,2.09,746
18/12:53:36,9.2,2.3,104.49,51.667,10.34,2.101,747
18/12:53:37,9.15,2.3,104.48,51.744,10.34,2.112,748
18/12:53:37,9.15,2.28,104.46,51.843,10.34,2.112,749
18/12:53:38,9.22,2.28,104.46,51.942,10.34,2.123,750
18/12:53:39,9.16,2.28,104.47,52.03,10.34,2.134,751
18/12:53:39,9.16,2.31,104.45,52.239,10.34,2.134,752
18/12:53:40,9.43,2.35,104.42,52.371,10.34,2.145,753
18/12:53:40,9.84,2.4,104.38,52.547,10.34,2.156,754
18/12:53:41,10.14,2.44,104.36,52.778,10.33,2.156,755
18/12:53:41,10.21,2.45,104.35,52.954,10.33,2.167,756
18/12:53:42,10.28,2.46,104.33,52.954,10.33,2.178,757
18/12:53:44,10.37,2.41,104.3,53.427,10.33,2.211,758
18/12:53:45,10.32,2.36,104.28,53.559,10.33,2.211,759
18/12:53:45,10.36,2.36,104.3,53.658,10.32,2.222,760
18/12:53:45,10.23,2.37,104.27,53.845,10.32,2.233,761
18/12:53:46,10.2,2.37,104.3,54.043,10.32,2.233,762
18/12:53:46,10.19,2.37,104.28,54.109,10.32,2.244,763
18/12:53:47,10.2,2.38,104.28,54.208,10.32,2.255,764
18/12:53:48,10.26,2.48,104.28,54.384,10.32,2.266,765
18/12:53:49,9.73,2.51,104.34,54.527,10.32,2.288,766
18/12:53:50,9.55,2.51,104.37,54.516,10.31,2.288,767
18/12:53:50,9.34,2.51,104.4,54.45,10.31,2.299,768
18/12:53:51,9.01,2.52,104.42,54.571,10.31,2.31,769
18/12:53:51,8.77,2.51,104.44,54.681,10.31,2.321,770
18/12:53:52,8.6,2.54,104.47,54.659,10.31,2.332,771
18/12:53:53,8.72,2.54,104.47,54.791,10.31,2.343,772
18/12:53:53,8.84,2.53,104.45,54.89,10.31,2.343,773
18/12:53:54,8.99,2.54,104.44,55.066,10.31,2.354,774
18/12:53:54,9.11,2.53,104.42,55.154,10.31,2.365,775
18/12:53:55,9.26,2.52,104.41,55.187,10.31,2.376,776
18/12:53:56,9.33,2.53,104.39,55.242,10.3,2.376,777
18/12:53:56,9.23,2.53,104.38,55.44,10.3,2.387,778
18/12:53:56,9.07,2.54,104.42,55.495,10.3,2.398,779
18/12:53:57,8.91,2.54,104.43,55.484,10.3,2.409,780
18/12:53:58,8.66,2.52,104.45,55.55,10.3,2.409,781
18/12:53:58,8.44,2.51,104.46,55.616,10.3,2.42,782
18/12:53:59,8.25,2.52,104.48,55.693,10.3,2.431,783
18/12:53:59,8.04,2.52,104.49,55.825,10.3,2.442,784
18/12:54:00,7.88,2.5,104.52,55.935,10.3,2.442,785
18/12:54:00,7.88,2.49,104.5,55.946,10.3,2.453,786
18/12:54:01,7.81,2.49,104.5,55.946,10.3,2.464,787
18/12:54:01,7.79,2.5,104.51,56.045,10.29,2.475,788
18/12:54:02,7.82,2.5,104.5,56.221,10.29,2.475,789
18/12:54:02,7.83,2.51,104.51,56.276,10.29,2.486,790
18/12:54:03,7.91,2.51,104.5,56.408,10.29,2.497,791
18/12:54:03,7.86,2.51,104.5,56.452,10.29,2.508,792
18/12:54:04,7.85,2.5,104.5,56.529,10.29,2.508,793
18/12:54:04,7.83,2.51,104.51,56.584,10.29,2.508,794
18/12:54:05,7.82,2.5,104.51,56.617,10.29,2.53,795
18/12:54:05,7.8,2.49,104.51,56.672,10.29,2.541,796
18/12:54:06,7.81,2.49,104.51,56.661,10.29,2.541,797
18/12:54:06,7.8,2.49,104.49,56.672,10.29,2.552,798
18/12:54:07,7.75,2.49,104.51,56.716,10.29,2.563,799
18/12:54:08,7.86,2.49,104.5,56.694,10.29,2.574,800
18/12:54:08,7.83,2.5,104.49,56.617,10.28,2.574,801
18/12:54:09,7.87,2.51,104.5,56.496,10.28,2.585,802
18/12:54:09,7.9,2.52,104.5,56.353,10.28,2.596,803
18/12:54:10,7.96,2.52,104.48,56.144,10.28,2.607,804
18/12:54:11,7.9,2.52,104.48,56.034,10.28,2.618,805
18/12:54:11,7.92,2.52,104.47,55.847,10.28,2.629,806
18/12:54:12,7.91,2.52,104.48,55.231,10.28,2.64,807
18/12:54:13,7.88,2.53,104.47,55.033,10.28,2.651,808
18/12:54:14,7.88,2.53,104.46,54.791,10.28,2.662,809
18/12:54:14,7.91,2.52,104.46,54.571,10.28,2.662,810
18/12:54:14,7.92,2.53,104.47,54.351,10.27,2.673,811
18/12:54:15,7.92,2.55,104.48,54.065,10.27,2.684,812
18/12:54:16,7.94,2.56,104.47,53.064,10.27,2.706,813
18/12:54:17,7.97,2.55,104.47,52.668,10.27,2.717,814
18/12:54:18,7.96,2.56,104.47,52.415,10.27,2.728,815
18/12:54:18,7.93,2.56,104.47,52.118,10.27,2.728,816
18/12:54:19,7.98,2.56,104.47,51.436,10.27,2.75,817
18/12:54:20,8.04,2.57,104.47,51.04,10.27,2.75,818
18/12:54:20,7.98,2.56,104.45,50.71,10.27,2.761,819
18/12:54:21,7.98,2.56,104.45,50.369,10.27,2.772,820
18/12:54:21,7.96,2.56,104.46,50.105,10.26,2.772,821
18/12:54:22,7.93,2.56,104.46,49.852,10.26,2.783,822
18/12:54:23,7.96,2.56,104.46,49.258,10.26,2.794,823
18/12:54:23,7.94,2.55,104.46,49.049,10.26,2.805,824
18/12:54:24,7.94,2.54,104.48,48.807,10.26,2.816,825
18/12:54:24,7.98,2.55,104.48,48.543,10.26,2.816,826
18/12:54:25,8.0,2.54,104.47,48.356,10.26,2.816,827
18/12:54:26,8.28,2.53,104.45,48.169,10.26,2.827,828
18/12:54:26,8.85,2.53,104.41,48.081,10.26,2.827,829
18/12:54:27,9.38,2.53,104.37,48.18,10.26,2.849,830
18/12:54:27,9.88,2.53,104.31,48.235,10.26,2.849,831
18/12:54:28,10.63,2.56,104.23,48.323,10.25,2.86,832
18/12:54:28,11.08,2.55,104.15,48.444,10.25,2.871,833
18/12:54:29,11.37,2.55,104.11,48.477,10.25,2.871,834
18/12:54:29,11.54,2.56,104.07,48.543,10.25,2.882,835
18/12:54:30,11.55,2.56,104.07,48.697,10.25,2.893,836
18/12:54:30,11.47,2.56,104.07,48.796,10.25,2.893,837
18/12:54:31,11.28,2.56,104.06,48.84,10.25,2.904,838
18/12:54:31,11.15,2.54,104.08,48.873,10.24,2.915,839
18/12:54:32,10.97,2.54,104.1,49.093,10.24,2.915,840
18/12:54:32,10.93,2.56,104.11,49.247,10.24,2.926,841
18/12:54:33,11.0,2.54,104.1,49.401,10.24,2.937,842
18/12:54:33,11.13,2.55,104.11,49.456,10.24,2.937,843
18/12:54:34,11.14,2.56,104.1,49.621,10.24,2.948,844
18/12:54:35,11.2,2.57,104.08,50.072,10.24,2.959,845
18/12:54:35,11.2,2.56,104.06,50.259,10.23,2.97,846
18/12:54:37,11.33,2.57,104.05,50.721,10.23,2.992,847
18/12:54:38,11.33,2.51,104.07,51.337,10.23,3.003,848
18/12:54:39,11.4,2.5,104.06,51.667,10.23,3.014,849
18/12:54:39,11.43,2.48,104.07,51.876,10.23,3.025,850
18/12:54:40,11.4,2.49,104.07,52.074,10.22,3.025,851
18/12:54:40,11.38,2.49,104.07,52.393,10.22,3.036,852
18/12:54:41,11.43,2.47,104.05,52.624,10.22,3.047,853
18/12:54:41,11.33,2.47,104.05,52.932,10.22,3.047,854
18/12:54:42,11.08,2.48,104.07,53.306,10.22,3.058,855
18/12:54:43,10.94,2.48,104.07,53.482,10.22,3.069,856
18/12:54:44,9.87,2.48,104.14,54.208,10.21,3.091,857
18/12:54:44,9.32,2.47,104.18,54.439,10.21,3.102,858
18/12:54:45,8.05,2.47,104.31,54.483,10.21,3.102,859
18/12:54:45,6.81,2.47,104.43,54.34,10.21,3.113,860
18/12:54:46,5.47,2.48,104.54,54.296,10.21,3.124,861
18/12:54:47,4.27,2.48,104.65,54.131,10.21,3.124,862
18/12:54:48,2.14,2.47,104.89,54.01,10.21,3.146,863
18/12:54:48,1.09,2.48,104.98,53.933,10.21,3.157,864
18/12:54:49,0.39,2.48,105.07,53.68,10.21,3.157,865
18/12:54:49,0.51,2.49,105.08,53.658,10.21,3.168,866
18/12:54:50,1.66,2.49,105.0,53.812,10.21,3.179,867
18/12:54:50,2.45,2.5,104.92,54.175,10.21,3.19,868
18/12:54:51,3.19,2.5,104.86,54.406,10.21,3.19,869
18/12:54:51,3.92,2.5,104.8,54.659,10.21,3.201,870
18/12:54:52,4.25,2.51,104.77,54.857,10.21,3.212,871
18/12:54:52,4.5,2.52,104.75,55.022,10.21,3.212,872
18/12:54:53,4.78,2.53,104.72,55.033,10.21,3.223,873
18/12:54:53,4.76,2.53,104.71,55.187,10.21,3.234,874
18/12:54:54,4.19,2.53,104.76,55.385,10.21,3.245,875
18/12:54:54,4.01,2.54,104.81,55.572,10.21,3.245,876
18/12:54:55,3.87,2.53,104.81,55.682,10.21,3.256,877
18/12:54:55,4.06,2.53,104.81,55.957,10.21,3.267,878
18/12:54:56,4.66,2.53,104.74,56.254,10.21,3.278,879
18/12:54:56,5.21,2.51,104.7,56.43,10.21,3.278,880
18/12:54:57,5.32,2.51,104.68,56.595,10.21,3.289,881
18/12:54:57,5.35,2.5,104.69,56.793,10.21,3.3,882
18/12:54:58,5.33,2.5,104.69,56.859,10.21,3.311,883
18/12:54:59,5.12,2.49,104.69,57.024,10.21,3.311,884
18/12:54:59,4.65,2.44,104.73,57.145,10.21,3.322,885
18/12:55:00,3.92,2.37,104.82,57.277,10.21,3.333,886
18/12:55:01,2.44,2.22,104.97,57.321,10.21,3.344,887
18/12:55:01,1.95,2.16,105.01,57.299,10.21,3.355,888
18/12:55:02,1.54,2.08,105.06,57.211,10.21,3.366,889
18/12:55:02,1.04,2.01,105.12,57.211,10.21,3.377,890
18/12:55:03,0.6,1.95,105.16,57.167,10.21,3.377,891
18/12:55:03,0.83,1.99,105.15,57.09,10.21,3.388,892
18/12:55:04,1.16,2.06,105.11,57.035,10.21,3.399,893
18/12:55:04,1.61,2.14,105.06,56.958,10.21,3.41,894
18/12:55:05,1.96,2.22,105.02,56.958,10.21,3.421,895
18/12:55:06,2.48,2.28,104.99,56.958,10.21,3.421,896
18/12:55:06,2.88,2.37,104.95,56.914,10.21,3.432,897
18/12:55:06,3.28,2.44,104.88,56.859,10.21,3.443,898
18/12:55:07,3.85,2.51,104.83,56.804,10.21,3.454,899
18/12:55:08,4.28,2.53,104.8,56.76,10.21,3.454,900
18/12:55:08,4.5,2.51,104.78,56.793,10.21,3.465,901
18/12:55:09,4.37,2.42,104.8,56.914,10.21,3.476,902
18/12:55:09,4.27,2.34,104.82,56.991,10.21,3.487,903
18/12:55:10,4.19,2.27,104.83,56.914,10.2,3.487,904
18/12:55:10,4.09,2.18,104.85,56.837,10.2,3.498,905
18/12:55:11,3.96,2.1,104.88,56.815,10.2,3.509,906
18/12:55:11,3.64,2.04,104.91,56.793,10.2,3.52,907
18/12:55:12,3.19,1.96,104.96,56.782,10.2,3.52,908
18/12:55:12,3.01,1.95,104.98,56.727,10.2,3.531,909
18/12:55:13,3.04,1.97,104.97,56.705,10.2,3.542,910
18/12:55:14,3.17,2.0,104.94,56.661,10.2,3.553,911
18/12:55:14,3.49,2.07,104.9,56.606,10.2,3.553,912
18/12:55:15,3.93,2.16,104.85,56.54,10.2,3.564,913
18/12:55:15,4.84,2.32,104.77,56.507,10.2,3.586,914
18/12:55:16,5.23,2.41,104.71,56.518,10.2,3.586,915
18/12:55:16,5.82,2.48,104.65,56.518,10.2,3.597,916
18/12:55:17,6.24,2.54,104.6,56.551,10.2,3.608,917
18/12:55:18,6.43,2.56,104.56,56.496,10.2,3.608,918
18/12:55:18,6.44,2.56,104.56,56.474,10.2,3.608,919
18/12:55:19,6.45,2.57,104.56,56.441,10.2,3.63,920
18/12:55:19,6.45,2.57,104.56,56.408,10.2,3.641,921
18/12:55:20,6.41,2.57,104.56,56.43,10.2,3.652,922
18/12:55:21,6.38,2.57,104.57,56.408,10.2,3.663,923
18/12:55:21,6.41,2.57,104.57,56.463,10.2,3.674,924
18/12:55:22,6.42,2.56,104.59,56.452,10.2,3.685,925
18/12:55:23,5.42,2.55,104.66,56.287,10.19,3.707,926
18/12:55:24,3.92,2.53,104.81,55.748,10.19,3.718,927
18/12:55:25,2.89,2.52,104.91,55.462,10.19,3.729,928
18/12:55:25,2.15,2.52,104.98,55.143,10.19,3.74,929
18/12:55:26,1.4,2.52,105.06,54.879,10.19,3.74,930
18/12:55:27,0.59,2.51,105.14,54.516,10.19,3.751,931
18/12:55:27,0.17,2.5,105.2,54.186,10.19,3.762,932
18/12:55:28,0.17,2.5,105.22,53.944,10.19,3.773,933
18/12:55:28,0.17,2.49,105.23,53.669,10.19,3.773,934
18/12:55:29,0.16,2.48,105.23,53.383,10.19,3.784,935
18/12:55:29,0.14,2.4,105.26,53.053,10.2,3.795,936
18/12:55:30,0.12,2.3,105.3,52.789,10.2,3.795,937
18/12:55:30,0.09,2.22,105.34,52.591,10.2,3.806,938
18/12:55:31,0.07,2.16,105.39,52.283,10.2,3.817,939
18/12:55:32,0.06,2.13,105.4,51.964,10.2,3.828,940
18/12:55:32,0.06,2.14,105.4,51.634,10.2,3.828,941
18/12:55:32,0.06,2.15,105.41,51.271,10.2,3.839,942
18/12:55:33,0.08,2.22,105.39,51.018,10.2,3.85,943
18/12:55:33,0.1,2.3,105.37,50.754,10.2,3.85,944
18/12:55:34,0.12,2.37,105.35,50.347,10.2,3.861,945
18/12:55:34,0.14,2.44,105.31,50.017,10.2,3.872,946
18/12:55:35,0.16,2.51,105.28,49.698,10.2,3.872,947
18/12:55:35,0.16,2.52,105.27,49.335,10.2,3.883,948
18/12:55:36,0.16,2.53,105.27,48.983,10.2,3.894,949
18/12:55:36,0.18,2.53,105.27,48.697,10.2,3.894,950
18/12:55:37,0.24,2.53,105.26,48.389,10.2,3.905,951
18/12:55:38,0.95,2.53,105.22,48.18,10.2,3.905,952
18/12:55:38,2.13,2.54,105.09,48.158,10.2,3.916,953
18/12:55:39,3.51,2.55,104.98,48.29,10.2,3.916,954
18/12:55:39,4.83,2.55,104.87,48.598,10.2,3.916,955
18/12:55:40,6.04,2.55,104.74,48.851,10.2,3.927,956
18/12:55:40,7.27,2.54,104.62,48.983,10.2,3.949,957
18/12:55:41,8.64,2.52,104.5,49.126,10.2,3.949,958
18/12:55:42,10.45,2.5,104.28,49.907,10.19,3.971,959
18/12:55:43,10.41,2.5,104.28,50.116,10.19,3.982,960
18/12:55:44,10.3,2.5,104.25,50.534,10.19,3.993,961
18/12:55:44,10.24,2.5,104.23,50.809,10.19,4.004,962
18/12:55:45,10.2,2.52,104.24,50.952,10.19,4.015,963
18/12:55:45,10.05,2.52,104.24,51.073,10.19,4.015,964
18/12:55:46,9.96,2.53,104.24,51.282,10.19,4.026,965
18/12:55:46,9.9,2.54,104.24,51.524,10.19,4.037,966
18/12:55:47,9.85,2.55,104.24,51.678,10.17,4.037,967
18/12:55:47,9.76,2.56,104.25,51.909,10.17,4.048,968
18/12:55:48,9.56,2.56,104.25,52.041,10.17,4.059,969
18/12:55:49,9.37,2.55,104.27,52.14,10.17,4.059,970
18/12:55:49,9.12,2.55,104.28,52.382,10.17,4.07,971
18/12:55:50,8.88,2.55,104.31,52.569,10.17,4.081,972
18/12:55:50,8.66,2.55,104.33,52.712,10.17,4.081,973
18/12:55:51,8.41,2.52,104.35,52.701,10.17,4.092,974
18/12:55:51,8.11,2.51,104.38,52.811,10.17,4.103,975
18/12:55:53,7.86,2.5,104.42,53.141,10.16,4.125,976
18/12:55:53,7.89,2.5,104.41,53.251,10.16,4.136,977
18/12:55:54,7.93,2.51,104.41,53.57,10.16,4.147,978
18/12:55:55,7.91,2.51,104.42,53.658,10.16,4.158,979
18/12:55:56,7.77,2.5,104.42,53.724,10.16,4.169,980
18/12:55:56,7.53,2.5,104.44,53.724,10.16,4.169,981
18/12:55:56,7.31,2.51,104.47,53.647,10.16,4.18,982
18/12:55:57,7.11,2.51,104.48,53.636,10.16,4.191,983
18/12:55:57,6.79,2.5,104.49,53.669,10.16,4.191,984
18/12:55:59,6.25,2.51,104.54,53.603,10.16,4.213,985
18/12:55:59,6.01,2.51,104.56,53.581,10.16,4.224,986
18/12:56:00,5.98,2.51,104.59,53.504,10.16,4.235,987
18/12:56:01,5.98,2.5,104.56,53.46,10.16,4.246,988
18/12:56:01,5.96,2.49,104.57,53.493,10.16,4.246,989
18/12:56:02,5.97,2.5,104.57,53.537,10.16,4.257,990
18/12:56:02,5.92,2.5,104.59,53.548,10.16,4.268,991
18/12:56:03,5.91,2.5,104.59,53.559,10.16,4.279,992
18/12:56:03,5.9,2.5,104.6,53.482,10.16,4.279,993
18/12:56:04,5.87,2.51,104.59,53.427,10.16,4.29,994
18/12:56:04,5.86,2.51,104.57,53.427,10.16,4.301,995
18/12:56:05,5.85,2.52,104.57,53.35,10.16,4.301,996
18/12:56:06,6.27,2.52,104.53,53.35,10.16,4.323,997
18/12:56:07,6.52,2.52,104.52,53.471,10.16,4.334,998
18/12:56:07,6.78,2.52,104.48,53.592,10.16,4.334,999
18/12:56:08,7.06,2.5,104.46,53.68,10.16,4.345,1000
18/12:56:09,7.57,2.53,104.43,53.779,10.16,4.356,1001
18/12:56:09,7.63,2.53,104.43,53.9,10.16,4.367,1002
18/12:56:10,7.51,2.54,104.44,53.9,10.15,4.378,1003
18/12:56:11,7.12,2.52,104.48,53.834,10.15,4.389,1004
18/12:56:12,6.78,2.53,104.49,53.856,10.15,4.411,1005
18/12:56:12,6.49,2.53,104.52,53.845,10.15,4.411,1006
18/12:56:13,6.37,2.51,104.54,53.79,10.15,4.422,1007
18/12:56:13,6.66,2.52,104.52,53.823,10.15,4.433,1008
18/12:56:14,6.95,2.52,104.49,53.889,10.15,4.444,1009
18/12:56:14,7.18,2.52,104.48,53.922,10.15,4.444,1010
18/12:56:15,7.41,2.54,104.43,54.274,10.15,4.466,1011
18/12:56:16,7.49,2.54,104.41,54.307,10.15,4.466,1012
18/12:56:17,7.77,2.55,104.37,54.318,10.15,4.488,1013
18/12:56:18,7.51,2.55,104.38,54.23,10.14,4.499,1014
18/12:56:19,7.51,2.56,104.37,54.406,10.14,4.521,1015
18/12:56:20,7.77,2.56,104.38,54.615,10.14,4.532,1016
18/12:56:21,7.95,2.56,104.37,54.714,10.14,4.543,1017
18/12:56:21,7.94,2.56,104.34,54.835,10.14,4.554,1018
18/12:56:22,7.92,2.55,104.33,54.912,10.14,4.554,1019
18/12:56:22,7.86,2.55,104.33,54.989,10.14,4.565,1020
18/12:56:23,7.82,2.54,104.33,55.022,10.14,4.576,1021
18/12:56:23,7.79,2.54,104.35,55.077,10.14,4.587,1022
18/12:56:25,7.65,2.53,104.4,55.517,10.13,4.62,1023
18/12:56:26,7.88,2.53,104.39,55.561,10.13,4.62,1024
18/12:56:27,8.09,2.55,104.37,55.748,10.13,4.631,1025
18/12:56:27,8.13,2.55,104.37,55.88,10.13,4.642,1026
18/12:56:28,8.27,2.55,104.34,56.078,10.13,4.653,1027
18/12:56:29,8.28,2.57,104.33,56.287,10.13,4.664,1028
18/12:56:31,7.84,2.62,104.34,56.386,10.12,4.697,1029
18/12:56:32,7.86,2.61,104.33,56.408,10.12,4.708,1030
18/12:56:32,7.93,2.57,104.32,56.43,10.12,4.708,1031
18/12:56:33,7.94,2.56,104.32,56.529,10.12,4.73,1032
18/12:56:33,7.96,2.57,104.32,56.639,10.12,4.741,1033
18/12:56:34,7.95,2.57,104.31,56.661,10.12,4.752,1034
18/12:56:35,7.96,2.56,104.32,56.76,10.12,4.752,1035
18/12:56:35,7.97,2.57,104.32,56.837,10.12,4.763,1036
18/12:56:36,7.96,2.57,104.32,56.914,10.12,4.774,1037
18/12:56:36,7.92,2.59,104.32,57.134,10.12,4.785,1038
18/12:56:37,7.9,2.57,104.34,57.167,10.12,4.796,1039
18/12:56:38,7.86,2.56,104.32,57.222,10.11,4.807,1040
18/12:56:38,7.93,2.56,104.32,57.244,10.11,4.818,1041
18/12:56:39,7.95,2.55,104.3,57.321,10.11,4.829,1042
18/12:56:40,7.95,2.56,104.31,57.343,10.11,4.84,1043
18/12:56:40,7.98,2.56,104.31,57.299,10.11,4.851,1044
18/12:56:41,7.97,2.56,104.32,57.288,10.11,4.851,1045
18/12:56:41,7.94,2.56,104.3,57.354,10.11,4.862,1046
18/12:56:42,7.94,2.6,104.3,57.497,10.11,4.873,1047
18/12:56:42,7.96,2.6,104.3,57.574,10.11,4.884,1048
18/12:56:43,7.94,2.61,104.3,57.574,10.11,4.884,1049
18/12:56:43,7.89,2.61,104.3,57.53,10.11,4.895,1050
18/12:56:44,7.93,2.61,104.3,57.508,10.1,4.917,1051
18/12:56:45,7.91,2.61,104.28,57.53,10.1,4.917,1052
18/12:56:45,7.91,2.61,104.28,57.552,10.1,4.928,1053
18/12:56:46,7.89,2.59,104.28,57.618,10.1,4.939,1054
18/12:56:47,7.9,2.59,104.28,57.75,10.1,4.95,1055
18/12:56:48,7.89,2.57,104.28,57.783,10.1,4.961,1056
18/12:56:48,7.88,2.56,104.27,57.739,10.1,4.972,1057
18/12:56:49,7.83,2.56,104.27,57.706,10.1,4.983,1058
18/12:56:50,7.86,2.56,104.27,57.706,10.1,4.994,1059
18/12:56:50,7.82,2.57,104.26,57.772,10.1,5.005,1060
18/12:56:51,7.88,2.56,104.26,57.794,10.09,5.016,1061
18/12:56:51,7.82,2.56,104.25,57.761,10.09,5.016,1062
18/12:56:52,7.85,2.56,104.26,57.695,10.09,5.027,1063
18/12:56:53,7.87,2.56,104.26,57.695,10.09,5.049,1064
18/12:56:53,7.89,2.56,104.27,57.739,10.09,5.06,1065
18/12:56:54,7.82,2.56,104.28,57.739,10.09,5.071,1066
18/12:56:55,7.82,2.56,104.28,57.728,10.09,5.082,1067
18/12:56:55,7.82,2.55,104.28,57.816,10.09,5.093,1068
18/12:56:56,7.82,2.55,104.28,57.827,10.09,5.104,1069
18/12:56:57,7.89,2.56,104.3,57.783,10.09,5.115,1070
18/12:56:58,7.85,2.56,104.28,57.794,10.08,5.126,1071
18/12:56:58,7.84,2.56,104.28,57.816,10.08,5.137,1072
18/12:56:59,7.94,2.57,104.28,57.86,10.08,5.148,1073
18/12:57:00,7.97,2.56,104.28,57.849,10.08,5.159,1074
18/12:57:01,8.01,2.57,104.28,57.805,10.08,5.17,1075
18/12:57:01,7.96,2.57,104.28,57.794,10.08,5.17,1076
18/12:57:02,8.07,2.56,104.28,57.816,10.08,5.192,1077
18/12:57:03,8.04,2.59,104.28,57.915,10.08,5.214,1078
18/12:57:03,8.02,2.59,104.27,57.915,10.08,5.214,1079
18/12:57:04,7.96,2.6,104.28,57.871,10.07,5.225,1080
18/12:57:04,7.9,2.6,104.28,57.948,10.07,5.236,1081
18/12:57:05,7.9,2.6,104.26,57.97,10.07,5.247,1082
18/12:57:06,7.88,2.61,104.27,57.937,10.07,5.247,1083
18/12:57:07,7.77,2.6,104.25,58.036,10.07,5.28,1084
18/12:57:08,7.79,2.6,104.25,58.069,10.07,5.291,1085
18/12:57:08,7.82,2.6,104.24,58.058,10.07,5.291,1086
18/12:57:09,7.8,2.59,104.23,58.014,10.07,5.302,1087
18/12:57:09,7.81,2.57,104.24,57.981,10.07,5.313,1088
18/12:57:10,7.86,2.59,104.22,58.047,10.07,5.324,1089
18/12:57:10,7.89,2.59,104.24,58.08,10.07,5.324,1090
18/12:57:11,7.84,2.57,104.23,58.157,10.06,5.335,1091
18/12:57:11,7.86,2.59,104.23,58.19,10.06,5.346,1092
18/12:57:12,7.81,2.6,104.2,58.245,10.06,5.357,1093
18/12:57:12,7.77,2.61,104.21,58.333,10.06,5.357,1094
18/12:57:13,7.79,2.63,104.23,58.454,10.06,5.368,1095
18/12:57:14,7.51,2.64,104.24,58.498,10.06,5.379,1096
18/12:57:15,6.6,2.63,104.3,58.465,10.06,5.401,1097
18/12:57:15,6.25,2.63,104.34,58.399,10.06,5.401,1098
18/12:57:17,5.18,2.61,104.46,58.278,10.06,5.434,1099
18/12:57:17,4.86,2.6,104.48,58.179,10.06,5.434,1100
18/12:57:17,4.87,2.6,104.49,58.08,10.06,5.445,1101
18/12:57:18,4.87,2.59,104.5,58.069,10.06,5.456,1102
18/12:57:19,4.95,2.57,104.5,57.959,10.06,5.467,1103
18/12:57:20,4.94,2.59,104.5,57.871,10.06,5.478,1104
18/12:57:20,4.98,2.57,104.5,57.816,10.06,5.489,1105
18/12:57:21,4.96,2.57,104.51,57.761,10.06,5.5,1106
18/12:57:22,4.91,2.57,104.52,57.673,10.05,5.511,1107
18/12:57:23,4.82,2.57,104.54,57.662,10.05,5.533,1108
18/12:57:23,4.84,2.6,104.54,57.607,10.05,5.544,1109
18/12:57:24,4.81,2.6,104.55,57.64,10.05,5.544,1110
18/12:57:25,4.84,2.6,104.56,57.629,10.05,5.555,1111
18/12:57:25,4.88,2.6,104.56,57.552,10.05,5.566,1112
18/12:57:25,4.86,2.6,104.56,57.53,10.05,5.577,1113
18/12:57:26,4.91,2.59,104.55,57.552,10.05,5.588,1114
18/12:57:27,4.9,2.6,104.55,57.574,10.05,5.588,1115
18/12:57:27,4.86,2.57,104.55,57.508,10.05,5.599,1116
18/12:57:28,4.88,2.57,104.56,57.387,10.05,5.61,1117
18/12:57:28,4.91,2.57,104.56,57.332,10.05,5.621,1118
18/12:57:29,4.91,2.59,104.55,57.343,10.05,5.621,1119
18/12:57:30,4.94,2.6,104.56,57.222,10.05,5.643,1120
18/12:57:31,4.96,2.61,104.56,57.101,10.05,5.654,1121
18/12:57:32,4.96,2.61,104.55,56.98,10.05,5.676,1122
18/12:57:32,4.93,2.62,104.55,56.936,10.05,5.687,1123
18/12:57:33,4.96,2.62,104.55,56.881,10.05,5.687,1124
18/12:57:33,4.93,2.62,104.54,56.892,10.05,5.698,1125
18/12:57:34,4.94,2.61,104.54,56.848,10.05,5.709,1126
18/12:57:35,4.94,2.62,104.55,56.76,10.05,5.72,1127
18/12:57:35,4.87,2.62,104.56,56.749,10.05,5.72,1128
18/12:57:35,4.91,2.62,104.56,56.727,10.05,5.731,1129
18/12:57:36,4.9,2.62,104.57,56.705,10.04,5.742,1130
18/12:57:36,4.85,2.61,104.57,56.661,10.04,5.753,1131
18/12:57:37,4.82,2.59,104.59,56.617,10.04,5.753,1132
18/12:57:38,4.81,2.59,104.59,56.573,10.04,5.764,1133
18/12:57:39,4.82,2.57,104.6,56.463,10.04,5.786,1134
18/12:57:39,4.82,2.57,104.59,56.474,10.04,5.786,1135
18/12:57:40,4.81,2.56,104.57,56.452,10.04,5.797,1136
18/12:57:40,4.84,2.56,104.56,56.408,10.04,5.808,1137
18/12:57:41,4.83,2.56,104.57,56.397,10.04,5.808,1138
18/12:57:41,4.84,2.56,104.56,56.375,10.04,5.808,1139
18/12:57:42,4.87,2.56,104.56,56.298,10.04,5.83,1140
18/12:57:42,4.87,2.56,104.54,56.331,10.04,5.841,1141
18/12:57:43,4.85,2.56,104.55,56.276,10.04,5.852,1142
18/12:57:43,4.85,2.56,104.54,56.232,10.04,5.852,1143
18/12:57:44,4.83,2.56,104.54,56.232,10.04,5.863,1144
18/12:57:45,4.82,2.56,104.55,56.265,10.04,5.885,1145
18/12:57:45,4.83,2.56,104.56,56.21,10.04,5.885,1146
18/12:57:46,4.83,2.55,104.56,56.133,10.04,5.896,1147
18/12:57:46,4.84,2.56,104.57,56.122,10.04,5.907,1148
18/12:57:48,4.84,2.56,104.61,56.155,10.04,5.918,1149
18/12:57:49,4.84,2.56,104.6,56.1,10.04,5.94,1150
18/12:57:50,4.82,2.59,104.6,56.1,10.04,5.951,1151
18/12:57:51,4.81,2.61,104.59,55.946,10.04,5.973,1152
18/12:57:51,5.12,2.61,104.56,56.078,10.04,5.973,1153
18/12:57:52,5.56,2.61,104.52,55.99,10.03,5.984,1154
18/12:57:52,6.07,2.62,104.48,56.089,10.03,5.995,1155
18/12:57:53,6.61,2.63,104.44,56.287,10.03,6.006,1156
18/12:57:54,7.6,2.62,104.32,56.54,10.03,6.017,1157
18/12:57:54,8.15,2.63,104.28,56.65,10.03,6.028,1158
18/12:57:55,8.43,2.62,104.24,56.848,10.03,6.039,1159
18/12:57:55,8.22,2.61,104.26,56.892,10.03,6.039,1160
18/12:57:56,7.65,2.61,104.28,56.837,10.03,6.05,1161
18/12:57:57,7.26,2.6,104.34,56.749,10.03,6.061,1162
18/12:57:57,6.52,2.59,104.4,56.76,10.03,6.072,1163
18/12:57:58,6.28,2.57,104.43,56.749,10.03,6.083,1164
18/12:58:00,6.09,2.6,104.44,56.782,10.03,6.105,1165
18/12:58:00,6.99,2.59,104.37,56.903,10.02,6.116,1166
18/12:58:01,7.78,2.6,104.27,57.266,10.02,6.127,1167
18/12:58:02,7.97,2.6,104.23,57.387,10.02,6.149,1168
18/12:58:02,8.06,2.61,104.22,57.365,10.02,6.149,1169
18/12:58:03,8.18,2.6,104.21,57.387,10.02,6.16,1170
18/12:58:03,8.21,2.6,104.2,57.442,10.02,6.171,1171
18/12:58:04,8.14,2.61,104.19,57.475,10.02,6.182,1172
18/12:58:05,7.85,2.61,104.24,57.486,10.02,6.193,1173
18/12:58:05,7.76,2.61,104.24,57.618,10.02,6.204,1174
18/12:58:06,7.82,2.6,104.24,57.783,10.02,6.215,1175
18/12:58:06,7.81,2.6,104.25,57.871,10.01,6.215,1176
18/12:58:07,7.79,2.59,104.25,58.003,10.01,6.226,1177
18/12:58:08,7.8,2.57,104.25,58.069,10.01,6.237,1178
18/12:58:08,7.79,2.57,104.25,58.135,10.01,6.248,1179
18/12:58:09,7.87,2.57,104.22,58.135,10.01,6.248,1180
18/12:58:10,7.89,2.57,104.21,58.201,10.01,6.259,1181
18/12:58:10,7.93,2.59,104.23,58.443,10.01,6.281,1182
18/12:58:11,7.9,2.59,104.22,58.608,10.01,6.303,1183
18/12:58:12,7.85,2.6,104.21,58.707,10.01,6.303,1184
18/12:58:13,7.85,2.6,104.23,58.718,10.01,6.314,1185
18/12:58:13,7.82,2.59,104.22,58.828,10.01,6.325,1186
18/12:58:14,7.79,2.57,104.22,58.916,10.0,6.336,1187
18/12:58:14,7.82,2.59,104.23,58.949,10.0,6.347,1188
18/12:58:15,7.79,2.59,104.21,59.103,10.0,6.347,1189
18/12:58:15,7.79,2.59,104.21,59.246,10.0,6.358,1190
18/12:58:16,7.82,2.59,104.22,59.323,10.0,6.369,1191
18/12:58:16,7.83,2.59,104.23,59.356,10.0,6.38,1192
18/12:58:17,7.88,2.6,104.21,59.4,10.0,6.38,1193
18/12:58:17,7.84,2.62,104.23,59.51,10.0,6.391,1194
18/12:58:18,7.91,2.63,104.22,59.554,10.0,6.402,1195
18/12:58:18,7.91,2.63,104.22,59.642,10.0,6.413,1196
18/12:58:19,7.93,2.63,104.23,59.708,10.0,6.424,1197
18/12:58:20,7.94,2.65,104.24,59.807,10.0,6.435,1198
18/12:58:20,8.0,2.65,104.22,59.862,9.99,6.446,1199
18/12:58:21,7.95,2.66,104.19,59.961,9.99,6.457,1200
18/12:58:22,7.95,2.65,104.17,60.06,9.99,6.468,1201
18/12:58:23,7.93,2.66,104.16,60.06,9.99,6.479,1202
18/12:58:23,7.9,2.66,104.16,60.115,9.99,6.49,1203
18/12:58:24,7.91,2.66,104.16,60.126,9.99,6.501,1204
18/12:58:24,7.88,2.65,104.16,60.192,9.99,6.512,1205
18/12:58:25,7.87,2.64,104.16,60.269,9.99,6.512,1206
18/12:58:26,7.83,2.63,104.19,60.324,9.99,6.534,1207
18/12:58:26,7.85,2.63,104.18,60.357,9.99,6.545,1208
18/12:58:27,7.85,2.61,104.19,60.401,9.99,6.556,1209
18/12:58:27,7.88,2.6,104.18,60.489,9.98,6.556,1210
18/12:58:28,7.87,2.6,104.18,60.5,9.98,6.567,1211
18/12:58:29,7.91,2.6,104.17,60.5,9.98,6.589,1212
18/12:58:29,7.99,2.59,104.17,60.445,9.98,6.6,1213
18/12:58:30,7.97,2.59,104.17,60.478,9.98,6.6,1214
18/12:58:30,8.04,2.57,104.17,60.544,9.98,6.611,1215
18/12:58:31,8.05,2.59,104.19,60.621,9.98,6.633,1216
18/12:58:32,8.04,2.57,104.17,60.544,9.98,6.644,1217
18/12:58:32,8.03,2.56,104.16,60.456,9.98,6.644,1218
18/12:58:33,8.03,2.56,104.16,60.434,9.98,6.655,1219
18/12:58:33,8.0,2.56,104.14,60.423,9.97,6.666,1220
18/12:58:34,8.04,2.56,104.13,60.368,9.97,6.677,1221
18/12:58:35,8.01,2.56,104.13,60.357,9.97,6.688,1222
18/12:58:35,8.11,2.57,104.09,60.346,9.97,6.688,1223
18/12:58:36,8.02,2.59,104.07,60.434,9.97,6.699,1224
18/12:58:36,8.06,2.59,104.08,60.412,9.97,6.71,1225
18/12:58:37,8.04,2.6,104.08,60.324,9.97,6.721,1226
18/12:58:37,8.03,2.61,104.1,60.28,9.97,6.732,1227
18/12:58:38,8.01,2.61,104.1,60.269,9.97,6.732,1228
18/12:58:39,7.92,2.62,104.11,60.225,9.97,6.754,1229
18/12:58:39,7.93,2.62,104.15,60.225,9.97,6.765,1230
18/12:58:40,7.91,2.62,104.15,60.302,9.97,6.776,1231
18/12:58:41,7.89,2.63,104.14,60.236,9.96,6.787,1232
18/12:58:41,7.89,2.62,104.15,60.214,9.96,6.798,1233
18/12:58:43,7.88,2.61,104.16,60.258,9.96,6.82,1234
18/12:58:43,7.88,2.63,104.13,60.28,9.96,6.831,1235
18/12:58:45,7.84,2.63,104.12,60.302,9.96,6.853,1236
18/12:58:45,7.79,2.64,104.12,60.291,9.96,6.864,1237
18/12:58:46,7.85,2.65,104.13,60.335,9.96,6.864,1238
18/12:58:47,7.86,2.66,104.11,60.258,9.96,6.886,1239
18/12:58:48,7.85,2.65,104.1,60.28,9.95,6.897,1240
18/12:58:48,7.83,2.65,104.11,60.28,9.95,6.908,1241
18/12:58:50,7.91,2.63,104.07,60.126,9.95,6.941,1242
18/12:58:50,7.94,2.63,104.09,60.126,9.95,6.952,1243
18/12:58:51,7.93,2.64,104.11,60.181,9.95,6.952,1244
18/12:58:51,7.97,2.64,104.12,60.137,9.95,6.963,1245
18/12:58:52,7.94,2.63,104.12,60.148,9.95,6.974,1246
18/12:58:53,7.96,2.64,104.13,60.192,9.95,6.985,1247
18/12:58:53,7.97,2.63,104.15,60.148,9.95,6.996,1248
18/12:58:53,7.98,2.63,104.13,60.082,9.95,6.996,1249
18/12:58:54,7.92,2.63,104.11,60.148,9.94,7.007,1250
18/12:58:55,7.9,2.63,104.1,60.126,9.94,7.029,1251
18/12:58:56,7.86,2.64,104.1,60.071,9.94,7.04,1252
18/12:58:56,7.81,2.64,104.1,60.093,9.94,7.04,1253
18/12:58:57,7.83,2.64,104.1,60.071,9.94,7.051,1254
18/12:58:57,7.78,2.65,104.08,60.016,9.94,7.062,1255
18/12:58:58,7.75,2.65,104.1,59.95,9.94,7.073,1256
18/12:58:58,7.68,2.66,104.1,59.961,9.94,7.073,1257
18/12:58:59,7.75,2.67,104.09,59.939,9.94,7.084,1258
18/12:58:59,7.82,2.67,104.08,59.917,9.94,7.095,1259
18/12:59:00,7.85,2.66,104.06,59.862,9.94,7.106,1260
18/12:59:00,7.86,2.65,104.06,59.796,9.94,7.117,1261
18/12:59:01,7.85,2.65,104.07,59.774,9.93,7.128,1262
18/12:59:02,7.87,2.65,104.06,59.73,9.93,7.128,1263
18/12:59:02,7.89,2.64,104.06,59.785,9.93,7.139,1264
18/12:59:03,7.91,2.64,104.05,59.785,9.93,7.15,1265
18/12:59:03,7.94,2.63,104.06,59.807,9.93,7.161,1266
18/12:59:03,7.92,2.63,104.07,59.807,9.93,7.161,1267
18/12:59:04,7.9,2.64,104.08,59.84,9.93,7.172,1268
18/12:59:05,7.9,2.64,104.08,59.84,9.93,7.183,1269
18/12:59:06,7.99,2.64,104.09,59.708,9.93,7.205,1270
18/12:59:06,8.01,2.65,104.09,59.708,9.93,7.205,1271
18/12:59:08,7.95,2.64,104.08,59.609,9.92,7.227,1272
18/12:59:09,7.94,2.63,104.05,59.444,9.92,7.26,1273
18/12:59:10,7.91,2.63,104.03,59.268,9.92,7.271,1274
18/12:59:11,7.82,2.63,104.03,59.268,9.92,7.282,1275
18/12:59:11,7.84,2.63,104.03,59.202,9.92,7.293,1276
18/12:59:12,7.88,2.63,104.03,59.081,9.92,7.293,1277
18/12:59:12,7.89,2.64,104.03,58.927,9.92,7.304,1278
18/12:59:12,7.9,2.63,104.02,58.828,9.92,7.315,1279
18/12:59:13,7.88,2.62,104.02,58.773,9.92,7.326,1280
18/12:59:13,7.85,2.61,104.01,58.784,9.92,7.337,1281
18/12:59:14,7.41,2.56,104.06,58.861,9.91,7.337,1282
18/12:59:15,6.62,2.47,104.13,58.916,9.91,7.359,1283
18/12:59:16,6.23,2.42,104.17,58.872,9.91,7.37,1284
18/12:59:17,5.36,2.35,104.27,58.773,9.91,7.381,1285
18/12:59:17,5.38,2.35,104.27,58.718,9.91,7.392,1286
18/12:59:18,5.34,2.37,104.28,58.674,9.91,7.403,1287
18/12:59:18,5.85,2.42,104.24,58.718,9.91,7.414,1288
18/12:59:19,6.28,2.47,104.21,58.784,9.91,7.414,1289
18/12:59:20,7.1,2.57,104.13,58.905,9.91,7.436,1290
18/12:59:20,7.65,2.63,104.09,58.982,9.91,7.447,1291
18/12:59:21,7.83,2.66,104.06,58.993,9.91,7.447,1292
18/12:59:21,7.86,2.66,104.05,58.971,9.91,7.458,1293
18/12:59:22,7.44,2.61,104.09,59.081,9.91,7.469,1294
18/12:59:23,6.88,2.56,104.14,59.125,9.91,7.48,1295
18/12:59:23,6.44,2.5,104.17,59.103,9.9,7.491,1296
18/12:59:23,5.87,2.45,104.22,59.015,9.9,7.491,1297
18/12:59:25,4.48,2.32,104.32,58.96,9.9,7.524,1298
18/12:59:26,4.5,2.33,104.34,58.839,9.9,7.535,1299
18/12:59:27,5.05,2.38,104.3,58.85,9.9,7.546,1300
18/12:59:27,5.56,2.42,104.26,58.828,9.9,7.557,1301
18/12:59:28,6.0,2.45,104.22,58.784,9.9,7.568,1302
18/12:59:28,6.49,2.47,104.2,58.773,9.9,7.568,1303
18/12:59:29,7.0,2.52,104.15,58.751,9.9,7.579,1304
18/12:59:29,7.5,2.56,104.11,58.652,9.9,7.59,1305
18/12:59:30,7.45,2.56,104.12,58.729,9.9,7.601,1306
18/12:59:31,6.46,2.47,104.2,58.861,9.9,7.612,1307
18/12:59:31,5.95,2.43,104.23,58.883,9.9,7.623,1308
18/12:59:32,5.5,2.38,104.27,58.894,9.9,7.634,1309
18/12:59:33,4.46,2.28,104.35,58.872,9.88,7.645,1310
18/12:59:34,4.03,2.23,104.4,58.828,9.88,7.656,1311
18/12:59:35,4.22,2.23,104.41,58.773,9.88,7.678,1312
18/12:59:35,4.3,2.22,104.4,58.762,9.88,7.678,1313
18/12:59:36,4.32,2.22,104.41,58.795,9.88,7.689,1314
18/12:59:37,4.77,2.23,104.38,58.74,9.88,7.711,1315
18/12:59:38,6.15,2.31,104.24,58.685,9.88,7.722,1316
18/12:59:38,6.88,2.35,104.17,58.784,9.88,7.733,1317
18/12:59:39,7.61,2.38,104.08,58.861,9.88,7.744,1318
18/12:59:40,8.38,2.43,103.99,59.004,9.88,7.755,1319
18/12:59:40,9.12,2.48,103.91,59.191,9.88,7.766,1320
18/12:59:40,9.99,2.53,103.84,59.301,9.88,7.766,1321
18/12:59:41,10.23,2.56,103.79,59.411,9.88,7.777,1322
18/12:59:42,10.07,2.57,103.8,59.455,9.88,7.788,1323
18/12:59:43,9.39,2.63,103.86,59.389,9.88,7.799,1324
18/12:59:43,8.95,2.65,103.9,59.279,9.88,7.81,1325
18/12:59:43,8.34,2.67,103.94,59.213,9.88,7.821,1326
18/12:59:44,7.9,2.69,103.97,59.213,9.88,7.832,1327
18/12:59:44,7.5,2.7,104.0,59.257,9.88,7.843,1328
18/12:59:45,7.38,2.7,104.02,59.279,9.88,7.843,1329
18/12:59:46,7.35,2.7,104.02,59.257,9.88,7.854,1330
18/12:59:47,7.1,2.7,104.05,59.114,9.88,7.876,1331
18/12:59:47,7.06,2.69,104.04,59.048,9.88,7.876,1332
18/12:59:48,7.18,2.68,104.06,58.861,9.88,7.898,1333
18/12:59:49,7.24,2.68,104.08,58.806,9.87,7.909,1334
18/12:59:49,7.16,2.7,104.09,58.773,9.87,7.92,1335
18/12:59:50,7.07,2.71,104.07,58.696,9.87,7.931,1336
18/12:59:51,7.16,2.72,104.07,58.74,9.87,7.942,1337
18/12:59:51,7.14,2.73,104.07,58.729,9.87,7.953,1338
18/12:59:52,7.05,2.73,104.07,58.63,9.87,7.953,1339
18/12:59:53,7.0,2.73,104.06,58.641,9.87,7.975,1340
18/12:59:55,7.35,2.7,104.05,58.443,9.87,7.997,1341
18/12:59:56,7.62,2.71,104.03,58.333,9.87,8.008,1342
18/12:59:56,7.77,2.7,104.01,58.289,9.87,8.03,1343
18/12:59:57,7.89,2.69,104.0,58.289,9.86,8.041,1344
18/12:59:57,7.96,2.69,104.01,58.3,9.86,8.041,1345
18/12:59:58,7.98,2.69,104.01,58.311,9.86,8.052,1346
18/12:59:59,7.95,2.69,104.0,58.256,9.86,8.074,1347
18/12:59:59,7.95,2.7,104.0,58.223,9.86,8.074,1348
18/13:00:00,7.88,2.7,104.0,58.223,9.86,8.085,1349
18/13:00:01,7.96,2.71,104.0,58.212,9.86,8.107,1350
18/13:00:02,7.99,2.71,103.97,58.157,9.86,8.107,1351
18/13:00:02,8.02,2.72,103.99,58.08,9.86,8.129,1352
18/13:00:03,7.98,2.72,103.98,58.135,9.86,8.14,1353
18/13:00:03,7.97,2.72,103.97,58.168,9.85,8.151,1354
18/13:00:04,7.98,2.71,103.98,58.135,9.85,8.151,1355
18/13:00:04,7.95,2.71,103.98,58.069,9.85,8.162,1356
18/13:00:05,7.88,2.71,103.99,57.871,9.85,8.184,1357
18/13:00:06,7.88,2.69,103.99,57.739,9.85,8.184,1358
18/13:00:07,7.85,2.68,103.98,57.794,9.85,8.195,1359
18/13:00:07,7.87,2.67,103.96,57.882,9.85,8.206,1360
18/13:00:08,7.9,2.66,103.96,57.904,9.85,8.217,1361
18/13:00:09,7.9,2.62,103.92,57.904,9.85,8.239,1362
18/13:00:10,7.94,2.63,103.9,57.904,9.85,8.25,1363
18/13:00:11,7.96,2.62,103.91,57.948,9.84,8.261,1364
18/13:00:12,7.86,2.62,103.95,57.86,9.84,8.283,1365
18/13:00:13,7.87,2.63,103.94,57.816,9.84,8.294,1366
18/13:00:13,7.93,2.63,103.95,57.772,9.84,8.305,1367
18/13:00:14,7.9,2.64,103.97,57.75,9.84,8.316,1368
18/13:00:15,7.9,2.63,103.97,57.772,9.84,8.316,1369
18/13:00:15,7.92,2.62,103.95,57.717,9.84,8.316,1370
18/13:00:16,7.89,2.63,103.95,57.651,9.84,8.327,1371
18/13:00:16,7.92,2.64,103.96,57.684,9.84,8.349,1372
18/13:00:17,7.9,2.63,103.96,57.706,9.84,8.349,1373
18/13:00:17,7.9,2.63,103.96,57.706,9.83,8.36,1374
18/13:00:17,7.87,2.63,103.95,57.695,9.83,8.371,1375
18/13:00:18,7.88,2.64,103.94,57.662,9.83,8.382,1376
18/13:00:19,7.91,2.64,103.95,57.706,9.83,8.393,1377
18/13:00:19,7.95,2.65,103.95,57.717,9.83,8.393,1378
18/13:00:21,7.95,2.65,103.94,57.618,9.83,8.426,1379
18/13:00:21,7.97,2.64,103.96,57.64,9.83,8.426,1380
18/13:00:22,7.93,2.63,103.96,57.706,9.83,8.437,1381
18/13:00:23,7.88,2.61,103.98,57.717,9.83,8.448,1382
18/13:00:23,7.83,2.61,103.96,57.739,9.83,8.459,1383
18/13:00:24,7.88,2.62,103.95,57.772,9.82,8.47,1384
18/13:00:24,7.86,2.61,103.95,57.794,9.82,8.481,1385
18/13:00:25,7.87,2.62,103.95,57.882,9.82,8.503,1386
18/13:00:26,7.88,2.63,103.95,57.948,9.82,8.503,1387
18/13:00:27,7.9,2.63,103.95,57.937,9.82,8.525,1388
18/13:00:28,7.91,2.63,103.95,57.992,9.82,8.536,1389
18/13:00:28,8.01,2.62,103.94,58.047,9.82,8.536,1390
18/13:00:28,8.19,2.63,103.92,58.091,9.82,8.547,1391
18/13:00:29,8.44,2.63,103.9,58.146,9.82,8.558,1392
18/13:00:29,8.56,2.64,103.88,58.278,9.82,8.569,1393
18/13:00:30,8.7,2.62,103.88,58.344,9.81,8.569,1394
18/13:00:31,8.8,2.6,103.86,58.476,9.81,8.591,1395
18/13:00:32,8.91,2.6,103.83,58.487,9.81,8.602,1396
18/13:00:32,8.7,2.59,103.85,58.542,9.81,8.613,1397
18/13:00:33,8.54,2.57,103.86,58.586,9.81,8.613,1398
18/13:00:33,8.46,2.57,103.86,58.597,9.81,8.624,1399
18/13:00:34,8.25,2.56,103.87,58.641,9.81,8.635,1400
18/13:00:34,8.28,2.56,103.86,58.674,9.81,8.646,1401
18/13:00:35,8.47,2.56,103.86,58.674,9.81,8.646,1402
18/13:00:36,8.56,2.56,103.85,58.707,9.81,8.657,1403
18/13:00:36,8.74,2.55,103.84,58.806,9.81,8.668,1404
18/13:00:36,8.93,2.55,103.85,58.949,9.8,8.679,1405
18/13:00:38,9.16,2.56,103.8,59.158,9.8,8.69,1406
18/13:00:38,9.32,2.56,103.78,59.257,9.8,8.701,1407
18/13:00:39,9.53,2.57,103.76,59.433,9.8,8.712,1408
18/13:00:39,9.51,2.59,103.75,59.565,9.8,8.723,1409
18/13:00:39,9.51,2.62,103.74,59.565,9.8,8.723,1410
18/13:00:40,9.46,2.63,103.75,59.576,9.8,8.734,1411
18/13:00:41,9.38,2.64,103.74,59.62,9.8,8.745,1412
18/13:00:42,9.14,2.65,103.76,59.84,9.79,8.767,1413
18/13:00:42,9.0,2.64,103.78,59.917,9.79,8.767,1414
18/13:00:43,8.91,2.64,103.79,59.917,9.79,8.778,1415
18/13:00:43,8.78,2.64,103.81,59.884,9.79,8.789,1416
18/13:00:44,8.62,2.65,103.82,59.862,9.79,8.8,1417
18/13:00:45,8.39,2.64,103.82,59.95,9.79,8.811,1418
18/13:00:45,8.44,2.63,103.82,60.016,9.79,8.822,1419
18/13:00:46,8.46,2.63,103.82,60.049,9.79,8.833,1420
18/13:00:46,8.48,2.64,103.83,60.071,9.79,8.844,1421
18/13:00:47,8.44,2.65,103.83,60.104,9.79,8.855,1422
18/13:00:48,8.45,2.65,103.81,60.137,9.78,8.855,1423
18/13:00:48,8.41,2.64,103.81,60.159,9.78,8.866,1424
18/13:00:49,8.4,2.65,103.81,60.247,9.78,8.877,1425
18/13:00:49,8.37,2.65,103.82,60.236,9.78,8.888,1426
18/13:00:50,8.36,2.64,103.81,60.346,9.78,8.899,1427
18/13:00:51,8.33,2.64,103.81,60.346,9.78,8.91,1428
18/13:00:51,8.28,2.63,103.81,60.401,9.78,8.921,1429
18/13:00:52,8.35,2.62,103.81,60.445,9.78,8.932,1430
18/13:00:52,8.43,2.62,103.82,60.434,9.78,8.943,1431
18/13:00:53,8.46,2.61,103.82,60.434,9.78,8.943,1432
18/13:00:53,8.42,2.6,103.82,60.533,9.78,8.954,1433
18/13:00:54,8.44,2.57,103.82,60.533,9.77,8.965,1434
18/13:00:54,8.39,2.57,103.82,60.566,9.77,8.976,1435
18/13:00:55,8.44,2.57,103.81,60.577,9.77,8.987,1436
18/13:00:56,8.43,2.57,103.81,60.61,9.77,8.987,1437
18/13:00:56,8.46,2.57,103.82,60.709,9.77,8.998,1438
18/13:00:56,8.39,2.57,103.81,60.665,9.77,9.009,1439
18/13:00:57,8.35,2.57,103.81,60.643,9.77,9.02,1440
18/13:00:58,8.34,2.59,103.81,60.731,9.77,9.031,1441
18/13:00:58,8.35,2.61,103.81,60.775,9.77,9.031,1442
18/13:00:58,8.36,2.61,103.81,60.786,9.77,9.042,1443
18/13:00:59,8.35,2.61,103.82,60.786,9.77,9.053,1444
18/13:01:00,8.32,2.62,103.8,60.841,9.76,9.064,1445
18/13:01:01,8.39,2.61,103.82,60.973,9.76,9.086,1446
18/13:01:01,8.41,2.62,103.8,60.984,9.76,9.086,1447
18/13:01:02,8.46,2.62,103.79,61.006,9.76,9.097,1448
18/13:01:02,8.44,2.62,103.79,61.05,9.76,9.108,1449
18/13:01:03,8.48,2.62,103.78,61.061,9.76,9.108,1450
18/13:01:03,8.47,2.61,103.79,61.006,9.76,9.108,1451
18/13:01:04,8.62,2.61,103.78,61.006,9.76,9.13,1452
18/13:01:05,8.82,2.63,103.75,61.083,9.76,9.152,1453
18/13:01:05,8.95,2.62,103.75,61.127,9.76,9.163,1454
18/13:01:06,9.06,2.62,103.74,61.204,9.75,9.174,1455
18/13:01:07,9.23,2.62,103.73,61.325,9.75,9.174,1456
18/13:01:07,9.34,2.63,103.72,61.435,9.75,9.185,1457
18/13:01:08,9.53,2.63,103.7,61.534,9.75,9.207,1458
18/13:01:09,9.5,2.63,103.7,61.578,9.75,9.218,1459
18/13:01:09,9.61,2.63,103.7,61.622,9.75,9.218,1460
18/13:01:10,9.57,2.63,103.69,61.688,9.75,9.229,1461
18/13:01:10,9.44,2.63,103.7,61.743,9.75,9.24,1462
18/13:01:11,9.16,2.62,103.71,61.721,9.74,9.262,1463
18/13:01:12,8.98,2.63,103.74,61.71,9.74,9.273,1464
18/13:01:12,8.78,2.63,103.74,61.633,9.74,9.273,1465
18/13:01:13,8.66,2.62,103.76,61.611,9.74,9.284,1466
18/13:01:13,8.56,2.62,103.76,61.699,9.74,9.295,1467
18/13:01:14,8.57,2.62,103.74,61.798,9.74,9.306,1468
18/13:01:14,8.61,2.62,103.74,61.842,9.74,9.317,1469
18/13:01:15,8.7,2.63,103.73,61.864,9.74,9.317,1470
18/13:01:15,8.77,2.64,103.72,61.908,9.74,9.328,1471
18/13:01:16,8.85,2.64,103.72,62.007,9.74,9.339,1472
18/13:01:17,8.93,2.65,103.72,62.095,9.73,9.361,1473
18/13:01:18,8.95,2.66,103.74,62.128,9.73,9.372,1474
18/13:01:19,8.9,2.66,103.72,62.26,9.73,9.383,1475
18/13:01:19,8.93,2.65,103.73,62.348,9.73,9.394,1476
18/13:01:20,9.01,2.64,103.73,62.392,9.73,9.416,1477
18/13:01:22,8.98,2.65,103.73,62.711,9.73,9.427,1478
18/13:01:22,9.04,2.65,103.73,62.81,9.73,9.449,1479
18/13:01:23,9.01,2.65,103.73,62.865,9.72,9.46,1480
18/13:01:23,9.0,2.64,103.73,62.92,9.72,9.471,1481
18/13:01:24,8.95,2.65,103.74,62.876,9.72,9.471,1482
18/13:01:24,8.91,2.65,103.74,62.832,9.72,9.482,1483
18/13:01:25,8.9,2.65,103.74,62.898,9.72,9.493,1484
18/13:01:26,8.92,2.64,103.73,62.876,9.72,9.515,1485
18/13:01:26,8.91,2.64,103.73,62.854,9.72,9.526,1486
18/13:01:27,8.93,2.63,103.73,62.92,9.72,9.537,1487
18/13:01:28,8.89,2.64,103.71,62.986,9.72,9.537,1488
18/13:01:28,8.85,2.63,103.7,63.052,9.71,9.548,1489
18/13:01:29,8.88,2.63,103.69,63.063,9.71,9.559,1490
18/13:01:29,8.91,2.63,103.69,63.041,9.71,9.57,1491
18/13:01:30,8.88,2.63,103.71,63.107,9.71,9.581,1492
18/13:01:30,8.91,2.64,103.7,63.25,9.71,9.592,1493
18/13:01:31,8.89,2.64,103.68,63.283,9.71,9.603,1494
18/13:01:32,8.95,2.65,103.7,63.415,9.71,9.625,1495
18/13:01:33,8.95,2.64,103.71,63.481,9.71,9.636,1496
18/13:01:34,8.93,2.65,103.72,63.591,9.7,9.647,1497
18/13:01:34,8.94,2.65,103.7,63.602,9.7,9.658,1498
18/13:01:35,8.93,2.65,103.72,63.657,9.7,9.669,1499
18/13:01:35,8.88,2.65,103.72,63.646,9.7,9.68,1500
18/13:01:36,8.93,2.66,103.72,63.668,9.7,9.691,1501
18/13:01:37,8.89,2.66,103.72,63.745,9.7,9.702,1502
18/13:01:37,8.89,2.66,103.7,63.712,9.7,9.713,1503
18/13:01:38,8.84,2.66,103.69,63.613,9.7,9.713,1504
18/13:01:38,8.9,2.64,103.67,63.58,9.7,9.735,1505
18/13:01:39,8.94,2.62,103.67,63.602,9.7,9.746,1506
18/13:01:39,8.94,2.61,103.66,63.624,9.69,9.757,1507
18/13:01:40,8.92,2.56,103.66,63.69,9.69,9.768,1508
18/13:01:40,8.91,2.55,103.65,63.712,9.69,9.768,1509
18/13:01:41,8.93,2.52,103.64,63.723,9.69,9.779,1510
18/13:01:42,8.93,2.49,103.6,63.767,9.69,9.801,1511
18/13:01:43,8.88,2.47,103.61,63.635,9.69,9.812,1512
18/13:01:43,8.86,2.47,103.6,63.58,9.69,9.823,1513
18/13:01:44,8.86,2.46,103.61,63.69,9.69,9.823,1514
18/13:01:45,8.87,2.47,103.62,63.866,9.69,9.845,1515
18/13:01:45,8.89,2.47,103.62,63.822,9.68,9.856,1516
18/13:01:46,8.91,2.46,103.65,63.723,9.68,9.867,1517
18/13:01:46,8.94,2.46,103.65,63.701,9.68,9.878,1518
18/13:01:47,8.93,2.46,103.66,63.767,9.68,9.878,1519
18/13:01:48,8.98,2.47,103.66,63.624,9.68,9.9,1520
18/13:01:49,8.97,2.48,103.65,63.624,9.68,9.922,1521
18/13:01:49,8.94,2.47,103.65,63.679,9.68,9.933,1522
18/13:01:50,8.95,2.47,103.62,63.756,9.68,9.944,1523
18/13:01:51,9.0,2.47,103.62,63.866,9.67,9.955,1524
18/13:01:51,9.0,2.47,103.61,63.91,9.67,9.955,1525
18/13:01:52,9.02,2.46,103.62,63.844,9.67,9.966,1526
18/13:01:53,9.02,2.45,103.62,63.767,9.67,9.988,1527
18/13:01:54,9.0,2.46,103.62,63.745,9.67,10.01,1528
18/13:01:54,8.96,2.46,103.63,63.701,9.67,10.01,1529
18/13:01:55,8.91,2.46,103.62,63.723,9.67,10.021,1530
18/13:01:56,8.88,2.47,103.62,63.646,9.67,10.043,1531
18/13:01:56,8.89,2.47,103.63,63.679,9.66,10.054,1532
18/13:01:57,8.9,2.47,103.63,63.635,9.66,10.065,1533
18/13:01:57,8.88,2.46,103.62,63.613,9.66,10.065,1534
18/13:01:58,8.87,2.46,103.64,63.536,9.66,10.076,1535
18/13:01:58,8.88,2.46,103.63,63.536,9.66,10.087,1536
18/13:01:59,8.87,2.47,103.62,63.558,9.66,10.098,1537
18/13:01:59,8.94,2.47,103.61,63.591,9.66,10.109,1538
18/13:02:00,9.01,2.47,103.59,63.679,9.66,10.12,1539
18/13:02:01,9.0,2.47,103.56,63.767,9.66,10.131,1540
18/13:02:01,8.97,2.47,103.56,63.723,9.66,10.131,1541
18/13:02:02,9.04,2.47,103.56,63.602,9.65,10.153,1542
18/13:02:03,9.03,2.47,103.55,63.635,9.65,10.164,1543
18/13:02:03,8.97,2.47,103.56,63.613,9.65,10.175,1544
18/13:02:04,8.99,2.46,103.59,63.58,9.65,10.186,1545
18/13:02:04,8.94,2.47,103.6,63.547,9.65,10.186,1546
18/13:02:05,8.91,2.47,103.6,63.569,9.65,10.197,1547
18/13:02:06,8.87,2.47,103.59,63.635,9.65,10.208,1548
18/13:02:06,8.89,2.47,103.59,63.712,9.65,10.23,1549
18/13:02:07,8.88,2.47,103.6,63.723,9.64,10.241,1550
18/13:02:07,8.88,2.46,103.59,63.8,9.64,10.252,1551
18/13:02:08,8.92,2.47,103.57,63.767,9.64,10.252,1552
18/13:02:09,8.94,2.46,103.57,63.789,9.64,10.263,1553
18/13:02:10,8.98,2.44,103.57,63.745,9.64,10.285,1554
18/13:02:11,8.98,2.43,103.56,63.778,9.64,10.296,1555
18/13:02:12,8.92,2.44,103.55,63.844,9.64,10.318,1556
18/13:02:12,8.98,2.45,103.56,63.833,9.64,10.329,1557
18/13:02:13,9.0,2.46,103.56,63.701,9.63,10.34,1558
18/13:02:13,8.99,2.46,103.56,63.745,9.63,10.351,1559
18/13:02:14,8.97,2.47,103.56,63.723,9.63,10.362,1560
18/13:02:14,8.99,2.47,103.56,63.646,9.63,10.362,1561
18/13:02:15,9.02,2.46,103.59,63.569,9.63,10.373,1562
18/13:02:15,9.07,2.46,103.57,63.624,9.63,10.384,1563
18/13:02:16,9.0,2.46,103.57,63.646,9.63,10.395,1564
18/13:02:16,8.94,2.46,103.56,63.591,9.63,10.406,1565
18/13:02:17,8.87,2.46,103.56,63.613,9.63,10.417,1566
18/13:02:18,8.91,2.46,103.56,63.624,9.63,10.428,1567
18/13:02:18,8.91,2.46,103.57,63.679,9.62,10.428,1568
18/13:02:19,8.94,2.47,103.57,63.701,9.62,10.439,1569
18/13:02:19,8.9,2.47,103.55,63.745,9.62,10.45,1570
18/13:02:20,8.86,2.47,103.55,63.701,9.62,10.461,1571
18/13:02:20,8.89,2.46,103.54,63.679,9.62,10.472,1572
18/13:02:21,8.88,2.45,103.54,63.69,9.62,10.483,1573
18/13:02:21,8.98,2.45,103.54,63.668,9.62,10.483,1574
18/13:02:22,8.96,2.44,103.54,63.679,9.62,10.494,1575
18/13:02:22,8.96,2.43,103.54,63.734,9.62,10.505,1576
18/13:02:23,8.89,2.43,103.54,63.844,9.62,10.516,1577
18/13:02:23,8.97,2.42,103.55,63.921,9.62,10.516,1578
18/13:02:24,9.0,2.42,103.54,63.8,9.61,10.527,1579
18/13:02:24,8.99,2.43,103.55,63.756,9.61,10.549,1580
18/13:02:25,8.94,2.43,103.55,63.822,9.61,10.549,1581
18/13:02:25,8.94,2.43,103.54,63.844,9.61,10.56,1582
18/13:02:26,8.96,2.43,103.53,63.811,9.61,10.571,1583
18/13:02:26,8.98,2.42,103.54,63.877,9.61,10.582,1584
18/13:02:27,8.97,2.42,103.53,63.91,9.61,10.593,1585
18/13:02:28,8.91,2.42,103.54,63.822,9.61,10.604,1586
18/13:02:28,8.92,2.41,103.55,63.822,9.61,10.615,1587
18/13:02:29,8.89,2.41,103.54,63.888,9.6,10.626,1588
18/13:02:30,8.85,2.42,103.54,64.042,9.6,10.648,1589
18/13:02:31,8.91,2.42,103.54,64.02,9.6,10.659,1590
18/13:02:31,8.89,2.42,103.54,64.02,9.6,10.67,1591
18/13:02:31,8.93,2.43,103.53,64.064,9.6,10.67,1592
18/13:02:32,8.93,2.43,103.53,64.163,9.6,10.681,1593
18/13:02:33,8.98,2.44,103.53,64.097,9.6,10.692,1594
18/13:02:33,8.98,2.43,103.53,64.141,9.6,10.703,1595
18/13:02:34,9.05,2.44,103.53,64.141,9.6,10.714,1596
18/13:02:34,9.0,2.45,103.54,64.163,9.6,10.725,1597
18/13:02:35,9.07,2.46,103.53,64.196,9.59,10.725,1598
18/13:02:35,9.06,2.47,103.53,64.152,9.59,10.736,1599
18/13:02:36,8.85,2.47,103.52,64.152,9.59,10.747,1600
18/13:02:36,8.75,2.47,103.53,64.141,9.59,10.758,1601
18/13:02:37,8.6,2.46,103.54,64.097,9.59,10.78,1602
18/13:02:38,8.47,2.45,103.56,64.108,9.59,10.791,1603
18/13:02:40,8.26,2.43,103.59,64.251,9.59,10.813,1604
18/13:02:40,8.25,2.42,103.6,64.174,9.59,10.824,1605
18/13:02:40,8.16,2.43,103.61,63.998,9.58,10.835,1606
18/13:02:41,8.07,2.43,103.6,63.91,9.58,10.846,1607
18/13:02:42,7.94,2.45,103.59,64.042,9.58,10.857,1608
18/13:02:42,7.83,2.45,103.6,63.943,9.58,10.868,1609
18/13:02:43,7.76,2.46,103.6,63.91,9.58,10.879,1610
18/13:02:44,7.77,2.47,103.59,63.756,9.58,10.901,1611
18/13:02:45,7.8,2.48,103.59,63.668,9.58,10.912,1612
18/13:02:46,7.84,2.48,103.59,63.58,9.58,10.923,1613
18/13:02:46,7.92,2.47,103.6,63.591,9.58,10.934,1614
18/13:02:47,8.0,2.47,103.6,63.635,9.57,10.945,1615
18/13:02:47,7.99,2.46,103.61,63.613,9.57,10.956,1616
18/13:02:49,7.98,2.46,103.62,63.459,9.57,10.978,1617
18/13:02:49,8.0,2.46,103.62,63.36,9.57,10.978,1618
18/13:02:49,8.0,2.46,103.62,63.36,9.57,10.989,1619
18/13:02:50,7.96,2.46,103.63,63.305,9.57,11.0,1620
18/13:02:51,7.95,2.47,103.62,63.173,9.57,11.011,1621
18/13:02:51,7.97,2.48,103.61,63.074,9.57,11.022,1622
18/13:02:51,8.0,2.48,103.61,63.008,9.57,11.033,1623
18/13:02:52,7.95,2.48,103.6,63.052,9.57,11.033,1624
18/13:02:53,7.95,2.48,103.6,63.074,9.57,11.044,1625
18/13:02:53,7.95,2.48,103.59,63.041,9.57,11.055,1626
18/13:02:54,7.91,2.48,103.59,62.964,9.56,11.066,1627
18/13:02:54,7.93,2.46,103.57,62.953,9.56,11.077,1628
18/13:02:55,7.92,2.46,103.59,62.964,9.56,11.088,1629
18/13:02:56,7.93,2.46,103.61,62.898,9.56,11.088,1630
18/13:02:57,7.88,2.44,103.64,62.909,9.56,11.121,1631
18/13:02:57,7.88,2.44,103.63,62.909,9.56,11.132,1632
18/13:02:58,7.95,2.46,103.62,62.843,9.56,11.143,1633
18/13:02:59,7.9,2.46,103.61,62.733,9.56,11.143,1634
18/13:02:59,7.94,2.46,103.61,62.733,9.56,11.154,1635
18/13:02:59,7.96,2.46,103.59,62.744,9.56,11.165,1636
18/13:03:00,7.93,2.45,103.59,62.645,9.55,11.176,1637
18/13:03:00,7.95,2.45,103.57,62.601,9.55,11.187,1638
18/13:03:01,7.98,2.44,103.56,62.59,9.55,11.187,1639
18/13:03:02,7.92,2.44,103.59,62.557,9.55,11.198,1640
18/13:03:02,7.92,2.43,103.61,62.601,9.55,11.209,1641
18/13:03:03,7.79,2.41,103.63,62.645,9.55,11.22,1642
18/13:03:03,7.18,2.28,103.68,62.678,9.55,11.231,1643
18/13:03:04,6.78,2.22,103.72,62.755,9.55,11.242,1644
18/13:03:04,6.36,2.13,103.77,62.744,9.55,11.253,1645
18/13:03:05,5.91,2.05,103.81,62.799,9.55,11.253,1646
18/13:03:05,5.54,2.0,103.87,62.755,9.55,11.264,1647
18/13:03:06,5.13,1.95,103.9,62.623,9.55,11.275,1648
18/13:03:06,4.73,1.89,103.95,62.535,9.55,11.286,1649
18/13:03:07,4.59,1.87,103.96,62.601,9.55,11.297,1650
18/13:03:07,4.69,1.9,103.95,62.601,9.55,11.308,1651
18/13:03:08,4.67,1.91,103.95,62.645,9.55,11.308,1652
18/13:03:08,4.95,2.0,103.91,62.491,9.54,11.308,1653
18/13:03:09,5.5,2.09,103.86,62.227,9.54,11.33,1654
18/13:03:09,5.84,2.15,103.8,62.194,9.54,11.341,1655
18/13:03:10,6.18,2.21,103.74,62.282,9.54,11.352,1656
18/13:03:10,6.63,2.27,103.71,62.304,9.54,11.363,1657
18/13:03:11,7.44,2.42,103.64,62.227,9.54,11.374,1658
18/13:03:12,7.8,2.5,103.6,62.26,9.54,11.385,1659
18/13:03:13,7.78,2.5,103.6,62.26,9.54,11.396,1660
18/13:03:13,7.81,2.5,103.61,62.117,9.54,11.407,1661
18/13:03:13,7.89,2.5,103.61,62.051,9.54,11.407,1662
18/13:03:14,7.87,2.49,103.61,62.062,9.54,11.418,1663
18/13:03:15,7.94,2.49,103.63,62.139,9.54,11.429,1664
18/13:03:16,7.96,2.48,103.6,62.15,9.53,11.451,1665
18/13:03:16,8.0,2.47,103.61,62.084,9.53,11.462,1666
18/13:03:17,7.91,2.47,103.62,62.051,9.53,11.462,1667
18/13:03:18,7.91,2.47,103.6,62.117,9.53,11.484,1668
18/13:03:18,7.85,2.46,103.57,62.15,9.53,11.495,1669
18/13:03:20,7.79,2.47,103.57,62.15,9.53,11.517,1670
18/13:03:21,7.83,2.47,103.57,62.205,9.53,11.528,1671
18/13:03:21,7.81,2.47,103.57,62.249,9.53,11.539,1672
18/13:03:21,7.78,2.47,103.56,62.249,9.53,11.55,1673
18/13:03:22,7.83,2.47,103.6,62.293,9.53,11.561,1674
18/13:03:22,7.82,2.48,103.6,62.205,9.52,11.561,1675
18/13:03:24,7.81,2.48,103.6,62.128,9.52,11.594,1676
18/13:03:25,7.87,2.48,103.59,62.117,9.52,11.605,1677
18/13:03:25,7.91,2.48,103.57,62.128,9.52,11.616,1678
18/13:03:26,7.89,2.48,103.56,62.249,9.52,11.616,1679
18/13:03:26,7.88,2.48,103.56,62.348,9.52,11.616,1680
18/13:03:27,7.88,2.47,103.57,62.326,9.52,11.627,1681
18/13:03:27,7.91,2.47,103.57,62.249,9.52,11.649,1682
18/13:03:28,7.88,2.48,103.56,62.271,9.52,11.66,1683
18/13:03:29,7.91,2.48,103.56,62.348,9.52,11.671,1684
18/13:03:29,7.93,2.47,103.57,62.282,9.51,11.671,1685
18/13:03:30,7.97,2.46,103.62,62.326,9.51,11.693,1686
18/13:03:30,7.96,2.47,103.62,62.304,9.51,11.704,1687
18/13:03:31,7.95,2.48,103.62,62.293,9.51,11.715,1688
18/13:03:31,7.99,2.47,103.63,62.337,9.51,11.715,1689
18/13:03:32,7.98,2.46,103.63,62.425,9.51,11.726,1690
18/13:03:33,7.98,2.47,103.64,62.425,9.51,11.737,1691
18/13:03:34,8.01,2.48,103.61,62.436,9.51,11.759,1692
18/13:03:34,7.98,2.48,103.57,62.458,9.51,11.77,1693
18/13:03:35,7.95,2.47,103.59,62.447,9.51,11.77,1694
18/13:03:35,7.96,2.47,103.57,62.469,9.51,11.781,1695
18/13:03:36,7.95,2.47,103.57,62.447,9.5,11.792,1696
18/13:03:36,7.97,2.47,103.56,62.403,9.5,11.803,1697
18/13:03:37,7.94,2.46,103.57,62.392,9.5,11.814,1698
18/13:03:37,7.88,2.47,103.56,62.425,9.5,11.825,1699
18/13:03:38,7.91,2.47,103.56,62.447,9.5,11.825,1700
18/13:03:38,7.91,2.46,103.56,62.359,9.5,11.836,1701
18/13:03:39,7.88,2.47,103.56,62.403,9.5,11.847,1702
18/13:03:40,7.9,2.47,103.55,62.48,9.5,11.869,1703
18/13:03:40,7.87,2.48,103.56,62.502,9.5,11.88,1704
18/13:03:41,7.92,2.48,103.56,62.623,9.5,11.88,1705
18/13:03:41,7.91,2.48,103.56,62.667,9.5,11.891,1706
18/13:03:42,7.91,2.48,103.56,62.7,9.49,11.902,1707
18/13:03:43,7.88,2.48,103.56,62.755,9.49,11.913,1708
18/13:03:43,7.95,2.48,103.56,62.799,9.49,11.924,1709
18/13:03:43,7.95,2.48,103.56,62.832,9.49,11.935,1710
18/13:03:44,7.93,2.49,103.56,62.854,9.49,11.935,1711
18/13:03:45,7.93,2.49,103.56,62.898,9.49,11.946,1712
18/13:03:46,7.93,2.47,103.56,63.052,9.49,11.968,1713
18/13:03:46,7.91,2.48,103.56,63.096,9.49,11.979,1714
18/13:03:47,7.93,2.49,103.57,63.206,9.49,11.99,1715
18/13:03:47,7.86,2.49,103.57,63.129,9.49,11.99,1716
18/13:03:48,7.86,2.49,103.57,63.129,9.49,12.001,1717
18/13:03:48,7.88,2.5,103.57,63.173,9.48,12.012,1718
18/13:03:49,7.87,2.51,103.57,63.261,9.48,12.023,1719
18/13:03:49,7.87,2.51,103.57,63.393,9.48,12.034,1720
18/13:03:50,7.86,2.52,103.56,63.47,9.48,12.045,1721
18/13:03:50,7.92,2.51,103.57,63.547,9.48,12.045,1722
18/13:03:51,7.94,2.5,103.56,63.624,9.48,12.056,1723
18/13:03:51,7.97,2.5,103.57,63.789,9.48,12.067,1724
18/13:03:52,7.91,2.5,103.57,63.866,9.48,12.078,1725
18/13:03:53,7.88,2.49,103.57,63.8,9.48,12.089,1726
18/13:03:54,7.84,2.5,103.55,63.844,9.48,12.111,1727
18/13:03:55,7.82,2.51,103.54,63.976,9.48,12.122,1728
18/13:03:56,7.8,2.51,103.52,64.108,9.47,12.144,1729
18/13:03:56,7.83,2.52,103.51,64.086,9.47,12.155,1730
18/13:03:57,7.88,2.52,103.52,64.097,9.47,12.166,1731
18/13:03:57,7.87,2.51,103.53,64.042,9.47,12.166,1732
18/13:03:58,7.87,2.5,103.52,64.141,9.47,12.177,1733
18/13:03:58,7.9,2.51,103.53,64.24,9.47,12.188,1734
18/13:03:59,7.95,2.51,103.53,64.207,9.47,12.199,1735
18/13:04:01,7.92,2.5,103.54,64.317,9.47,12.232,1736
18/13:04:01,7.95,2.48,103.54,64.416,9.47,12.232,1737
18/13:04:02,7.99,2.5,103.55,64.548,9.46,12.254,1738
18/13:04:03,7.99,2.49,103.55,64.614,9.46,12.265,1739
18/13:04:03,7.91,2.48,103.55,64.702,9.46,12.276,1740
18/13:04:03,7.94,2.48,103.55,64.691,9.46,12.287,1741
18/13:04:04,7.9,2.49,103.55,64.669,9.46,12.298,1742
18/13:04:05,7.79,2.49,103.55,64.658,9.46,12.298,1743
18/13:04:06,7.8,2.48,103.56,64.724,9.46,12.32,1744
18/13:04:06,7.84,2.47,103.55,64.724,9.46,12.331,1745
18/13:04:07,7.85,2.47,103.56,64.735,9.46,12.342,1746
18/13:04:09,7.9,2.49,103.56,64.746,9.46,12.353,1747
18/13:04:10,7.98,2.49,103.56,64.845,9.45,12.397,1748
18/13:04:10,7.93,2.5,103.57,64.889,9.45,12.408,1749
18/13:04:11,7.97,2.5,103.56,64.922,9.45,12.408,1750
18/13:04:11,7.94,2.48,103.56,64.878,9.45,12.408,1751
18/13:04:12,7.96,2.49,103.56,64.823,9.45,12.43,1752
18/13:04:12,7.94,2.49,103.54,64.823,9.45,12.441,1753
18/13:04:13,7.91,2.49,103.54,64.834,9.45,12.452,1754
18/13:04:13,7.91,2.48,103.54,64.9,9.45,12.463,1755
18/13:04:14,7.91,2.48,103.54,64.933,9.45,12.474,1756
18/13:04:14,7.87,2.48,103.53,64.9,9.45,12.474,1757
18/13:04:15,7.85,2.48,103.52,64.911,9.44,12.485,1758
18/13:04:16,7.86,2.49,103.52,64.889,9.44,12.496,1759
18/13:04:16,7.89,2.49,103.52,64.999,9.44,12.518,1760
18/13:04:18,7.89,2.49,103.53,64.933,9.44,12.54,1761
18/13:04:18,7.89,2.48,103.52,64.933,9.44,12.54,1762
18/13:04:19,7.93,2.49,103.52,64.911,9.44,12.562,1763
18/13:04:20,7.9,2.48,103.52,64.944,9.44,12.573,1764
18/13:04:20,7.88,2.48,103.52,65.021,9.44,12.584,1765
18/13:04:21,7.8,2.47,103.52,65.087,9.44,12.595,1766
18/13:04:22,7.83,2.48,103.49,65.131,9.43,12.617,1767
18/13:04:23,7.82,2.47,103.5,65.054,9.43,12.628,1768
18/13:04:24,7.84,2.46,103.5,64.988,9.43,12.65,1769
18/13:04:25,7.94,2.47,103.51,65.153,9.43,12.672,1770
18/13:04:26,7.97,2.48,103.52,65.12,9.43,12.683,1771
18/13:04:27,7.96,2.49,103.51,65.098,9.43,12.705,1772
18/13:04:27,7.92,2.47,103.51,65.076,9.43,12.716,1773
18/13:04:29,7.91,2.44,103.5,65.142,9.42,12.727,1774
18/13:04:29,7.91,2.42,103.49,65.131,9.42,12.749,1775
18/13:04:30,7.91,2.4,103.49,65.208,9.42,12.76,1776
18/13:04:30,7.92,2.37,103.49,65.175,9.42,12.76,1777
18/13:04:31,7.92,2.36,103.48,65.23,9.42,12.771,1778
18/13:04:31,7.98,2.35,103.5,65.252,9.42,12.782,1779
18/13:04:32,7.97,2.35,103.5,65.274,9.42,12.793,1780
18/13:04:33,7.94,2.35,103.51,65.329,9.42,12.804,1781
18/13:04:33,7.95,2.35,103.51,65.329,9.42,12.815,1782
18/13:04:34,7.93,2.36,103.51,65.296,9.42,12.826,1783
18/13:04:34,7.95,2.36,103.5,65.23,9.42,12.837,1784
18/13:04:34,7.94,2.36,103.49,65.384,9.41,12.837,1785
18/13:04:35,7.95,2.36,103.5,65.351,9.41,12.848,1786
18/13:04:36,7.95,2.35,103.5,65.175,9.41,12.87,1787
18/13:04:37,7.96,2.35,103.49,65.23,9.41,12.881,1788
18/13:04:37,7.98,2.34,103.5,65.274,9.41,12.892,1789
18/13:04:38,7.97,2.34,103.5,65.23,9.41,12.903,1790
18/13:04:38,7.96,2.33,103.5,65.186,9.41,12.903,1791
18/13:04:39,7.97,2.34,103.49,65.208,9.41,12.914,1792
18/13:04:39,7.94,2.32,103.47,65.329,9.41,12.925,1793
18/13:04:40,7.95,2.33,103.46,65.34,9.41,12.936,1794
18/13:04:40,7.91,2.33,103.46,65.241,9.41,12.947,1795
18/13:04:41,7.92,2.32,103.46,65.186,9.4,12.969,1796
18/13:04:42,7.9,2.33,103.46,65.12,9.4,12.98,1797
18/13:04:43,7.92,2.34,103.46,65.263,9.4,13.002,1798
18/13:04:44,7.91,2.35,103.48,65.307,9.4,13.013,1799
18/13:04:45,7.88,2.37,103.47,65.263,9.4,13.024,1800
18/13:04:45,7.9,2.38,103.45,65.263,9.4,13.035,1801
18/13:04:46,7.88,2.38,103.47,65.252,9.4,13.046,1802
18/13:04:46,7.9,2.39,103.48,65.164,9.4,13.046,1803
18/13:04:47,8.0,2.39,103.47,65.252,9.4,13.057,1804
18/13:04:47,8.0,2.37,103.47,65.373,9.39,13.068,1805
18/13:04:48,8.01,2.36,103.46,65.417,9.39,13.079,1806
18/13:04:49,7.95,2.34,103.44,65.362,9.39,13.101,1807
18/13:04:49,7.94,2.34,103.43,65.417,9.39,13.112,1808
18/13:04:50,7.95,2.34,103.43,65.461,9.39,13.112,1809
18/13:04:51,7.86,2.34,103.42,65.472,9.39,13.134,1810
18/13:04:51,7.88,2.34,103.42,65.45,9.39,13.145,1811
18/13:04:52,7.83,2.35,103.43,65.45,9.39,13.156,1812
18/13:04:52,7.91,2.36,103.44,65.373,9.39,13.167,1813
18/13:04:53,7.91,2.37,103.44,65.45,9.39,13.178,1814
18/13:04:53,7.91,2.36,103.45,65.439,9.38,13.189,1815
18/13:04:55,7.98,2.34,103.45,65.285,9.38,13.211,1816
18/13:04:56,8.01,2.33,103.46,65.329,9.38,13.222,1817
18/13:04:57,7.92,2.32,103.46,65.34,9.38,13.255,1818
18/13:04:58,7.96,2.33,103.47,65.351,9.38,13.255,1819
18/13:04:58,7.97,2.33,103.46,65.472,9.38,13.266,1820
18/13:04:59,7.9,2.33,103.48,65.406,9.38,13.277,1821
18/13:04:59,7.91,2.33,103.48,65.274,9.38,13.288,1822
18/13:05:00,7.87,2.32,103.47,65.208,9.37,13.299,1823
18/13:05:01,7.93,2.31,103.48,65.296,9.37,13.321,1824
18/13:05:02,7.94,2.28,103.47,65.208,9.37,13.343,1825
18/13:05:03,7.92,2.3,103.44,65.087,9.37,13.354,1826
18/13:05:03,7.91,2.31,103.44,65.087,9.37,13.365,1827
18/13:05:04,7.91,2.32,103.44,64.977,9.37,13.376,1828
18/13:05:04,7.89,2.32,103.42,64.988,9.37,13.387,1829
18/13:05:05,7.91,2.32,103.43,65.01,9.37,13.398,1830
18/13:05:06,7.89,2.32,103.42,64.933,9.37,13.409,1831
18/13:05:07,7.95,2.33,103.43,64.812,9.36,13.42,1832
18/13:05:07,8.02,2.34,103.42,64.812,9.36,13.431,1833
18/13:05:08,8.02,2.34,103.42,64.779,9.36,13.442,1834
18/13:05:08,7.97,2.34,103.42,64.79,9.36,13.453,1835
18/13:05:09,7.94,2.34,103.43,64.757,9.36,13.464,1836
18/13:05:09,7.96,2.35,103.42,64.779,9.36,13.475,1837
18/13:05:10,8.02,2.35,103.42,64.713,9.36,13.486,1838
18/13:05:11,7.94,2.36,103.4,64.658,9.36,13.497,1839
18/13:05:11,7.96,2.35,103.4,64.669,9.36,13.508,1840
18/13:05:13,7.97,2.36,103.38,64.592,9.35,13.541,1841
18/13:05:14,7.89,2.35,103.37,64.592,9.35,13.541,1842
18/13:05:15,7.81,2.35,103.39,64.515,9.35,13.574,1843
18/13:05:16,7.79,2.35,103.4,64.526,9.35,13.585,1844
18/13:05:16,7.83,2.35,103.4,64.482,9.35,13.607,1845
18/13:05:17,7.77,2.35,103.4,64.482,9.35,13.607,1846
18/13:05:18,7.85,2.34,103.41,64.526,9.35,13.629,1847
18/13:05:19,7.82,2.34,103.42,64.526,9.35,13.64,1848
18/13:05:20,7.88,2.33,103.4,64.526,9.34,13.662,1849
18/13:05:20,7.88,2.34,103.4,64.515,9.34,13.673,1850
18/13:05:21,7.91,2.33,103.39,64.581,9.34,13.673,1851
18/13:05:22,7.93,2.34,103.39,64.559,9.34,13.706,1852
18/13:05:23,7.91,2.33,103.39,64.515,9.34,13.717,1853
18/13:05:23,7.89,2.33,103.38,64.592,9.34,13.728,1854
18/13:05:24,7.9,2.33,103.4,64.603,9.34,13.739,1855
18/13:05:25,7.87,2.32,103.4,64.603,9.34,13.75,1856
18/13:05:25,7.86,2.32,103.4,64.658,9.33,13.761,1857
18/13:05:26,7.86,2.32,103.4,64.779,9.33,13.772,1858
18/13:05:27,7.89,2.31,103.41,64.834,9.33,13.783,1859
18/13:05:27,7.92,2.32,103.39,64.779,9.33,13.794,1860
18/13:05:28,7.89,2.33,103.4,64.79,9.33,13.805,1861
18/13:05:28,7.88,2.33,103.4,64.801,9.33,13.805,1862
18/13:05:29,7.91,2.31,103.39,64.757,9.33,13.816,1863
18/13:05:30,7.93,2.31,103.38,64.79,9.33,13.816,1864
18/13:05:30,7.92,2.3,103.37,64.878,9.33,13.849,1865
18/13:05:31,7.84,2.3,103.36,64.911,9.33,13.86,1866
18/13:05:32,7.79,2.26,103.37,64.955,9.32,13.871,1867
18/13:05:33,7.8,2.26,103.37,64.977,9.32,13.882,1868
18/13:05:33,7.88,2.28,103.39,65.032,9.32,13.904,1869
18/13:05:34,7.89,2.28,103.37,65.01,9.32,13.915,1870
18/13:05:34,7.88,2.28,103.38,65.01,9.32,13.926,1871
18/13:05:35,7.86,2.31,103.37,64.999,9.32,13.937,1872
18/13:05:35,7.87,2.32,103.37,65.032,9.32,13.937,1873
18/13:05:36,7.91,2.32,103.39,65.021,9.32,13.948,1874
18/13:05:37,7.9,2.31,103.4,65.032,9.32,13.959,1875
18/13:05:37,7.87,2.31,103.4,64.999,9.32,13.97,1876
18/13:05:38,7.85,2.3,103.39,65.12,9.32,13.981,1877
18/13:05:38,7.86,2.28,103.4,65.131,9.31,13.992,1878
18/13:05:39,7.91,2.28,103.4,65.054,9.31,14.003,1879
18/13:05:39,7.93,2.28,103.41,65.021,9.31,14.014,1880
18/13:05:40,7.93,2.28,103.4,65.054,9.31,14.014,1881
18/13:05:40,7.95,2.28,103.38,65.087,9.31,14.025,1882
18/13:05:41,7.93,2.3,103.38,65.065,9.31,14.036,1883
18/13:05:41,7.89,2.31,103.38,65.065,9.31,14.047,1884
18/13:05:42,7.94,2.32,103.38,65.032,9.31,14.058,1885
18/13:05:42,7.89,2.31,103.39,65.021,9.31,14.069,1886
18/13:05:43,8.01,2.32,103.39,65.032,9.31,14.08,1887
18/13:05:43,7.98,2.32,103.38,65.142,9.31,14.08,1888
18/13:05:44,7.99,2.32,103.38,65.131,9.31,14.091,1889
18/13:05:44,7.98,2.32,103.38,65.12,9.3,14.102,1890
18/13:05:45,8.0,2.32,103.38,65.087,9.3,14.113,1891
18/13:05:46,7.98,2.32,103.38,65.098,9.3,14.124,1892
18/13:05:46,8.0,2.32,103.37,65.208,9.3,14.135,1893
18/13:05:47,7.93,2.33,103.36,65.186,9.3,14.157,1894
18/13:05:48,7.88,2.33,103.37,65.23,9.3,14.157,1895
18/13:05:48,7.88,2.33,103.37,65.252,9.3,14.168,1896
18/13:05:49,7.83,2.33,103.35,65.208,9.3,14.179,1897
18/13:05:50,7.93,2.31,103.35,65.274,9.3,14.201,1898
18/13:05:50,7.91,2.32,103.36,65.208,9.3,14.212,1899
18/13:05:51,7.9,2.33,103.36,65.285,9.29,14.223,1900
18/13:05:52,7.92,2.33,103.35,65.263,9.29,14.245,1901
18/13:05:53,7.91,2.34,103.36,65.263,9.29,14.256,1902
18/13:05:54,7.91,2.35,103.35,65.285,9.29,14.267,1903
18/13:05:54,7.89,2.35,103.35,65.252,9.29,14.278,1904
18/13:05:54,7.89,2.34,103.35,65.208,9.29,14.289,1905
18/13:05:55,7.93,2.33,103.36,65.12,9.29,14.3,1906
18/13:05:56,7.89,2.33,103.36,65.065,9.29,14.3,1907
18/13:05:56,7.88,2.33,103.38,65.087,9.29,14.311,1908
18/13:05:57,7.83,2.33,103.39,65.164,9.29,14.322,1909
18/13:05:57,7.85,2.33,103.39,65.252,9.28,14.333,1910
18/13:05:58,7.78,2.33,103.4,65.252,9.28,14.344,1911
18/13:05:58,7.86,2.34,103.4,65.186,9.28,14.355,1912
18/13:05:59,7.89,2.35,103.4,65.164,9.28,14.366,1913
18/13:05:59,7.92,2.35,103.4,65.186,9.28,14.366,1914
18/13:06:00,7.99,2.35,103.4,65.329,9.28,14.377,1915
18/13:06:00,7.98,2.35,103.39,65.208,9.28,14.388,1916
18/13:06:01,8.0,2.35,103.4,65.087,9.28,14.399,1917
18/13:06:02,8.03,2.34,103.37,65.087,9.28,14.421,1918
18/13:06:02,7.99,2.34,103.37,65.131,9.28,14.432,1919
18/13:06:03,7.94,2.33,103.35,65.142,9.28,14.432,1920
18/13:06:04,7.93,2.33,103.34,65.131,9.28,14.443,1921
18/13:06:04,8.0,2.32,103.35,65.142,9.27,14.465,1922
18/13:06:06,8.01,2.32,103.34,65.076,9.27,14.476,1923
18/13:06:06,7.88,2.32,103.35,64.966,9.27,14.498,1924
18/13:06:07,7.89,2.31,103.34,64.922,9.27,14.509,1925
18/13:06:07,7.89,2.31,103.35,64.944,9.27,14.509,1926
18/13:06:08,7.91,2.3,103.34,64.944,9.27,14.52,1927
18/13:06:08,7.89,2.3,103.35,64.944,9.27,14.531,1928
18/13:06:09,7.85,2.3,103.35,64.999,9.27,14.542,1929
18/13:06:10,7.86,2.28,103.36,65.131,9.26,14.564,1930
18/13:06:10,7.94,2.28,103.36,65.076,9.26,14.575,1931
18/13:06:11,7.94,2.28,103.36,65.054,9.26,14.575,1932
18/13:06:12,7.94,2.3,103.38,64.988,9.26,14.586,1933
18/13:06:12,7.9,2.31,103.38,65.021,9.26,14.597,1934
18/13:06:13,7.89,2.31,103.37,64.933,9.26,14.608,1935
18/13:06:13,7.92,2.31,103.38,64.999,9.26,14.608,1936
18/13:06:13,7.94,2.32,103.38,65.032,9.26,14.63,1937
18/13:06:14,7.89,2.33,103.36,64.999,9.26,14.641,1938
18/13:06:15,7.9,2.33,103.35,65.043,9.26,14.652,1939
18/13:06:16,7.85,2.33,103.32,65.175,9.26,14.663,1940
18/13:06:16,7.87,2.33,103.31,65.186,9.26,14.674,1941
18/13:06:17,7.89,2.33,103.32,65.098,9.25,14.685,1942
18/13:06:17,7.86,2.33,103.32,65.087,9.25,14.696,1943
18/13:06:18,7.84,2.32,103.32,64.966,9.25,14.707,1944
18/13:06:18,7.88,2.32,103.32,65.01,9.25,14.718,1945
18/13:06:19,7.86,2.32,103.34,65.021,9.25,14.718,1946
18/13:06:19,7.89,2.32,103.33,65.054,9.25,14.729,1947
18/13:06:20,7.94,2.32,103.36,65.087,9.25,14.74,1948
18/13:06:20,7.98,2.32,103.36,65.153,9.25,14.751,1949
18/13:06:21,7.91,2.32,103.34,65.153,9.25,14.773,1950
18/13:06:22,7.93,2.32,103.33,65.131,9.25,14.795,1951
18/13:06:23,7.86,2.32,103.33,65.076,9.24,14.795,1952
18/13:06:23,7.79,2.33,103.33,65.131,9.24,14.806,1953
18/13:06:24,7.73,2.32,103.32,65.131,9.24,14.817,1954
18/13:06:25,7.77,2.32,103.33,65.098,9.24,14.828,1955
18/13:06:25,7.84,2.32,103.33,65.01,9.24,14.839,1956
18/13:06:26,7.93,2.32,103.34,64.878,9.24,14.85,1957
18/13:06:27,7.8,2.33,103.34,64.889,9.24,14.861,1958
18/13:06:27,7.86,2.33,103.33,64.955,9.24,14.872,1959
18/13:06:28,7.91,2.33,103.33,64.944,9.24,14.883,1960
18/13:06:28,7.99,2.32,103.31,64.878,9.24,14.894,1961
18/13:06:29,8.0,2.31,103.32,64.812,9.24,14.905,1962
18/13:06:29,7.97,2.32,103.31,64.823,9.23,14.916,1963
18/13:06:30,7.96,2.31,103.3,64.746,9.23,14.916,1964
18/13:06:30,7.94,2.31,103.3,64.713,9.23,14.916,1965
18/13:06:31,7.97,2.3,103.31,64.757,9.23,14.927,1966
18/13:06:32,7.95,2.3,103.31,64.669,9.23,14.949,1967
18/13:06:32,7.98,2.3,103.3,64.548,9.23,14.96,1968
18/13:06:33,7.98,2.32,103.32,64.449,9.23,14.982,1969
18/13:06:34,8.02,2.32,103.33,64.416,9.23,14.993,1970
18/13:06:34,8.0,2.31,103.32,64.394,9.23,14.993,1971
18/13:06:35,7.95,2.28,103.33,64.361,9.23,15.015,1972
18/13:06:36,7.94,2.28,103.34,64.295,9.22,15.026,1973
18/13:06:36,7.88,2.28,103.34,64.24,9.22,15.037,1974
18/13:06:37,7.89,2.28,103.33,64.174,9.22,15.048,1975
18/13:06:37,7.87,2.28,103.33,64.262,9.22,15.059,1976
18/13:06:38,7.83,2.28,103.32,64.218,9.22,15.059,1977
18/13:06:38,7.81,2.28,103.33,64.163,9.22,15.07,1978
18/13:06:39,7.81,2.28,103.31,64.262,9.22,15.092,1979
18/13:06:40,7.78,2.28,103.3,64.295,9.22,15.103,1980
18/13:06:40,7.82,2.28,103.3,64.35,9.22,15.114,1981
18/13:06:41,7.8,2.28,103.28,64.504,9.22,15.125,1982
18/13:06:42,7.82,2.3,103.28,64.559,9.22,15.125,1983
18/13:06:42,7.85,2.31,103.27,64.471,9.21,15.136,1984
18/13:06:42,7.94,2.32,103.27,64.339,9.21,15.147,1985
18/13:06:44,7.92,2.34,103.28,64.317,9.21,15.169,1986
18/13:06:44,7.92,2.38,103.28,64.394,9.21,15.191,1987
18/13:06:45,7.95,2.39,103.3,64.383,9.21,15.191,1988
18/13:06:46,8.02,2.4,103.32,64.394,9.21,15.202,1989
18/13:06:46,8.05,2.41,103.33,64.383,9.21,15.213,1990
18/13:06:47,7.92,2.45,103.33,64.361,9.21,15.235,1991
18/13:06:48,7.9,2.46,103.33,64.328,9.21,15.246,1992
18/13:06:49,7.88,2.46,103.28,64.284,9.2,15.257,1993
18/13:06:49,7.79,2.47,103.28,64.251,9.2,15.268,1994
18/13:06:50,7.71,2.46,103.3,64.306,9.2,15.29,1995
18/13:06:51,7.81,2.46,103.28,64.174,9.2,15.301,1996
18/13:06:52,7.86,2.46,103.28,64.218,9.2,15.323,1997
18/13:06:53,7.92,2.46,103.3,64.306,9.2,15.323,1998
18/13:06:54,7.92,2.45,103.28,64.229,9.2,15.345,1999
18/13:06:54,7.98,2.46,103.28,64.24,9.2,15.356,2000
18/13:06:56,7.92,2.46,103.28,64.207,9.19,15.378,2001
18/13:06:56,7.91,2.45,103.28,64.196,9.19,15.389,2002
18/13:06:56,7.97,2.45,103.28,64.174,9.19,15.4,2003
18/13:06:57,8.0,2.45,103.28,64.13,9.19,15.411,2004
18/13:06:58,8.04,2.44,103.27,64.009,9.19,15.422,2005
18/13:06:58,8.07,2.44,103.28,63.943,9.19,15.433,2006
18/13:06:59,8.06,2.43,103.28,63.932,9.19,15.444,2007
18/13:07:00,7.99,2.44,103.28,63.976,9.19,15.455,2008
18/13:07:01,7.97,2.45,103.27,63.976,9.19,15.477,2009
18/13:07:01,7.95,2.46,103.28,63.921,9.17,15.488,2010
18/13:07:02,7.91,2.46,103.28,63.822,9.17,15.499,2011
18/13:07:02,7.89,2.44,103.28,63.811,9.17,15.51,2012
18/13:07:05,8.02,2.42,103.28,63.657,9.17,15.543,2013
18/13:07:05,8.04,2.41,103.3,63.635,9.17,15.554,2014
18/13:07:06,8.0,2.4,103.28,63.602,9.17,15.565,2015
18/13:07:06,7.98,2.42,103.28,63.536,9.17,15.565,2016
18/13:07:07,8.03,2.43,103.28,63.415,9.17,15.576,2017
18/13:07:08,7.99,2.44,103.25,63.283,9.16,15.598,2018
18/13:07:09,7.93,2.44,103.23,63.206,9.16,15.62,2019
18/13:07:09,7.94,2.44,103.24,63.162,9.16,15.62,2020
18/13:07:10,7.97,2.44,103.23,63.14,9.16,15.631,2021
18/13:07:11,7.94,2.44,103.24,63.173,9.16,15.642,2022
18/13:07:12,7.91,2.43,103.23,63.008,9.16,15.664,2023
18/13:07:13,7.9,2.41,103.25,62.788,9.16,15.686,2024
18/13:07:13,7.91,2.42,103.24,62.832,9.16,15.697,2025
18/13:07:14,7.9,2.42,103.25,62.832,9.16,15.708,2026
18/13:07:15,7.93,2.42,103.26,62.7,9.16,15.708,2027
18/13:07:15,7.94,2.42,103.26,62.59,9.16,15.73,2028
18/13:07:16,7.98,2.42,103.28,62.557,9.16,15.73,2029
18/13:07:16,7.95,2.43,103.28,62.557,9.16,15.741,2030
18/13:07:17,7.94,2.44,103.28,62.469,9.16,15.752,2031
18/13:07:17,7.93,2.45,103.28,62.348,9.16,15.763,2032
18/13:07:18,7.91,2.45,103.28,62.326,9.16,15.774,2033
18/13:07:18,7.95,2.45,103.28,62.26,9.16,15.785,2034
18/13:07:19,7.67,2.45,103.3,62.095,9.16,15.785,2035
18/13:07:20,6.54,2.44,103.38,61.776,9.16,15.807,2036
18/13:07:20,6.18,2.44,103.44,61.534,9.16,15.818,2037
18/13:07:21,5.76,2.43,103.49,61.347,9.16,15.829,2038
18/13:07:22,5.17,2.43,103.54,61.105,9.15,15.829,2039
18/13:07:22,4.31,2.43,103.61,60.61,9.15,15.851,2040
18/13:07:23,4.36,2.44,103.64,60.401,9.15,15.862,2041
18/13:07:23,4.34,2.45,103.63,60.17,9.15,15.873,2042
18/13:07:25,4.33,2.46,103.62,59.664,9.15,15.884,2043
18/13:07:26,4.34,2.46,103.61,59.169,9.15,15.906,2044
18/13:07:26,4.14,2.45,103.64,58.608,9.15,15.917,2045
18/13:07:27,3.94,2.45,103.63,58.421,9.15,15.928,2046
18/13:07:28,3.75,2.43,103.65,57.97,9.15,15.95,2047
18/13:07:29,3.61,2.44,103.65,57.728,9.15,15.961,2048
18/13:07:30,3.41,2.45,103.7,57.277,9.15,15.972,2049
18/13:07:30,3.41,2.46,103.7,56.826,9.15,15.983,2050
18/13:07:31,3.45,2.46,103.71,56.342,9.15,15.994,2051
18/13:07:32,3.45,2.47,103.73,56.034,9.15,15.994,2052
18/13:07:32,3.46,2.47,103.73,55.473,9.15,16.016,2053
18/13:07:33,3.92,2.47,103.71,55.242,9.15,16.016,2054
18/13:07:34,5.57,2.46,103.54,55.099,9.15,16.027,2055
18/13:07:35,7.4,2.45,103.37,55.286,9.15,16.049,2056
18/13:07:36,8.26,2.45,103.26,55.253,9.15,16.06,2057
18/13:07:36,9.1,2.45,103.19,55.352,9.15,16.071,2058
18/13:07:37,10.01,2.44,103.11,55.473,9.15,16.082,2059
18/13:07:37,10.5,2.45,103.05,55.616,9.14,16.082,2060
18/13:07:38,10.52,2.47,103.04,55.693,9.14,16.093,2061
18/13:07:38,10.54,2.48,103.04,55.77,9.14,16.104,2062
18/13:07:39,10.54,2.5,103.03,55.858,9.14,16.115,2063
18/13:07:39,10.28,2.51,103.05,55.913,9.14,16.115,2064
18/13:07:40,9.85,2.51,103.09,55.924,9.14,16.126,2065
18/13:07:40,9.49,2.52,103.12,55.869,9.14,16.137,2066
18/13:07:41,9.16,2.52,103.16,55.715,9.14,16.148,2067
18/13:07:41,8.56,2.52,103.2,55.704,9.14,16.148,2068
18/13:07:42,8.21,2.52,103.24,55.715,9.13,16.159,2069
18/13:07:42,7.78,2.5,103.28,55.616,9.13,16.17,2070
18/13:07:43,7.48,2.49,103.32,55.693,9.13,16.181,2071
18/13:07:44,7.68,2.48,103.31,55.616,9.13,16.181,2072
18/13:07:44,7.93,2.48,103.28,55.605,9.13,16.192,2073
18/13:07:45,8.21,2.48,103.28,55.66,9.13,16.203,2074
18/13:07:46,8.66,2.46,103.22,55.792,9.13,16.214,2075
18/13:07:47,8.93,2.47,103.17,55.737,9.13,16.236,2076
18/13:07:47,8.97,2.46,103.17,55.781,9.13,16.247,2077
18/13:07:48,8.72,2.46,103.18,55.836,9.12,16.247,2078
18/13:07:48,8.45,2.46,103.2,55.803,9.12,16.258,2079
18/13:07:49,8.26,2.46,103.22,55.748,9.12,16.269,2080
18/13:07:49,8.15,2.47,103.23,55.627,9.12,16.269,2081
18/13:07:50,8.08,2.46,103.25,55.682,9.12,16.291,2082
18/13:07:51,7.85,2.48,103.26,55.594,9.12,16.302,2083
18/13:07:52,7.86,2.48,103.26,55.528,9.12,16.313,2084
18/13:07:53,7.65,2.47,103.28,55.528,9.12,16.335,2085
18/13:07:53,7.52,2.48,103.3,55.407,9.12,16.335,2086
18/13:07:54,7.51,2.48,103.3,55.363,9.11,16.346,2087
18/13:07:55,7.49,2.47,103.33,55.385,9.11,16.357,2088
18/13:07:56,7.44,2.48,103.31,55.352,9.11,16.379,2089
18/13:07:57,7.41,2.47,103.3,55.407,9.11,16.39,2090
18/13:07:57,7.49,2.47,103.3,55.341,9.11,16.39,2091
18/13:07:58,7.46,2.46,103.28,55.33,9.11,16.401,2092
18/13:07:58,7.46,2.45,103.3,55.308,9.11,16.412,2093
18/13:07:59,7.43,2.46,103.3,55.187,9.11,16.423,2094
18/13:08:00,7.4,2.46,103.31,55.165,9.11,16.434,2095
18/13:08:03,7.39,2.46,103.31,54.956,9.1,16.478,2096
18/13:08:04,7.39,2.45,103.28,54.923,9.1,16.489,2097
18/13:08:04,7.47,2.46,103.28,54.824,9.1,16.5,2098
18/13:08:04,7.43,2.47,103.28,54.78,9.1,16.511,2099
18/13:08:05,7.45,2.47,103.28,54.758,9.1,16.511,2100
18/13:08:05,7.5,2.48,103.28,54.659,9.1,16.522,2101
18/13:08:06,7.48,2.48,103.27,54.615,9.1,16.533,2102
18/13:08:07,7.51,2.47,103.28,54.56,9.1,16.533,2103
18/13:08:07,7.47,2.47,103.28,54.516,9.1,16.544,2104
18/13:08:08,7.39,2.46,103.28,54.373,9.1,16.566,2105
18/13:08:09,7.45,2.46,103.28,54.318,9.09,16.566,2106
18/13:08:10,7.42,2.45,103.28,54.241,9.09,16.588,2107
18/13:08:10,7.42,2.45,103.28,54.076,9.09,16.599,2108
18/13:08:11,7.43,2.47,103.27,53.999,9.09,16.599,2109
18/13:08:11,7.42,2.47,103.27,54.065,9.09,16.61,2110
18/13:08:12,7.44,2.46,103.26,54.186,9.09,16.621,2111
18/13:08:13,7.46,2.45,103.25,54.12,9.09,16.621,2112
18/13:08:14,7.43,2.47,103.26,53.944,9.09,16.643,2113
18/13:08:14,7.47,2.47,103.28,53.878,9.09,16.654,2114
18/13:08:14,7.51,2.47,103.27,54.043,9.09,16.654,2115
18/13:08:15,7.57,2.48,103.26,53.966,9.09,16.665,2116
18/13:08:16,7.66,2.48,103.25,53.801,9.08,16.676,2117
18/13:08:16,7.78,2.49,103.23,53.878,9.08,16.687,2118
18/13:08:17,7.86,2.49,103.22,53.867,9.08,16.698,2119
18/13:08:17,7.99,2.5,103.2,53.911,9.08,16.709,2120
18/13:08:18,7.97,2.49,103.2,53.878,9.08,16.709,2121
18/13:08:19,7.99,2.49,103.21,53.779,9.08,16.72,2122
18/13:08:19,7.98,2.47,103.2,53.845,9.08,16.731,2123
18/13:08:20,7.96,2.46,103.21,53.988,9.08,16.742,2124
18/13:08:21,7.94,2.47,103.21,53.922,9.08,16.753,2125
18/13:08:21,7.94,2.47,103.21,53.834,9.08,16.764,2126
18/13:08:22,7.95,2.45,103.21,53.801,9.07,16.775,2127
18/13:08:23,7.98,2.46,103.21,53.878,9.07,16.786,2128
18/13:08:24,7.97,2.47,103.21,53.856,9.07,16.797,2129
18/13:08:24,7.91,2.47,103.21,53.812,9.07,16.808,2130
18/13:08:25,7.96,2.46,103.21,53.856,9.07,16.808,2131
18/13:08:25,7.96,2.46,103.2,53.845,9.07,16.808,2132
18/13:08:26,7.91,2.46,103.18,53.812,9.07,16.83,2133
18/13:08:26,7.88,2.46,103.19,53.9,9.07,16.841,2134
18/13:08:27,7.96,2.47,103.18,53.911,9.07,16.841,2135
18/13:08:28,7.92,2.45,103.18,53.966,9.07,16.852,2136
18/13:08:28,7.92,2.45,103.18,54.164,9.07,16.863,2137
18/13:08:29,7.98,2.45,103.19,54.241,9.06,16.874,2138
18/13:08:29,7.9,2.46,103.18,54.34,9.06,16.874,2139
18/13:08:30,7.91,2.46,103.17,54.318,9.06,16.885,2140
18/13:08:30,7.96,2.45,103.2,54.307,9.06,16.896,2141
18/13:08:31,7.97,2.45,103.2,54.241,9.06,16.896,2142
18/13:08:31,7.93,2.45,103.21,54.351,9.06,16.907,2143
18/13:08:32,7.96,2.46,103.21,54.241,9.06,16.929,2144
18/13:08:33,8.0,2.47,103.2,54.252,9.06,16.929,2145
18/13:08:33,8.03,2.47,103.21,54.296,9.06,16.94,2146
18/13:08:34,8.0,2.47,103.21,54.296,9.06,16.951,2147
18/13:08:34,7.99,2.49,103.2,54.34,9.06,16.951,2148
18/13:08:35,8.02,2.48,103.2,54.461,9.05,16.973,2149
18/13:08:36,8.0,2.47,103.19,54.472,9.05,16.984,2150
18/13:08:36,8.03,2.47,103.19,54.472,9.05,16.984,2151
18/13:08:37,8.0,2.47,103.19,54.549,9.05,16.995,2152
18/13:08:37,8.01,2.47,103.17,54.615,9.05,17.006,2153
18/13:08:38,7.99,2.47,103.17,54.692,9.05,17.006,2154
18/13:08:39,7.96,2.47,103.17,54.681,9.05,17.017,2155
18/13:08:39,7.94,2.49,103.18,54.714,9.05,17.028,2156
18/13:08:40,7.5,2.37,103.21,54.934,9.05,17.039,2157
18/13:08:41,7.4,2.34,103.23,54.945,9.05,17.05,2158
18/13:08:41,7.44,2.34,103.23,54.934,9.05,17.061,2159
18/13:08:42,7.41,2.34,103.22,54.923,9.04,17.072,2160
18/13:08:42,7.45,2.33,103.24,54.956,9.04,17.072,2161
18/13:08:43,7.49,2.33,103.22,54.923,9.04,17.083,2162
18/13:08:44,7.51,2.33,103.22,54.901,9.04,17.094,2163
18/13:08:45,7.84,2.5,103.19,54.901,9.04,17.105,2164
18/13:08:45,8.35,2.52,103.15,55.055,9.04,17.116,2165
18/13:08:46,8.64,2.51,103.13,55.099,9.04,17.116,2166
18/13:08:47,8.85,2.53,103.11,55.187,9.04,17.127,2167
18/13:08:47,9.0,2.52,103.09,55.308,9.04,17.149,2168
18/13:08:47,9.15,2.52,103.07,55.429,9.04,17.16,2169
18/13:08:48,9.36,2.52,103.05,55.473,9.03,17.16,2170
18/13:08:49,9.42,2.52,103.03,55.484,9.03,17.171,2171
18/13:08:49,9.25,2.52,103.03,55.539,9.03,17.182,2172
18/13:08:50,9.02,2.52,103.05,55.484,9.03,17.193,2173
18/13:08:50,8.86,2.53,103.05,55.539,9.03,17.193,2174
18/13:08:51,8.71,2.52,103.07,55.495,9.03,17.204,2175
18/13:08:51,8.66,2.52,103.09,55.484,9.03,17.215,2176
18/13:08:52,8.59,2.52,103.1,55.649,9.03,17.215,2177
18/13:08:52,8.54,2.53,103.11,55.682,9.03,17.226,2178
18/13:08:53,8.47,2.53,103.12,55.759,9.03,17.248,2179
18/13:08:55,8.56,2.52,103.15,55.88,9.02,17.27,2180
18/13:08:56,8.53,2.52,103.12,55.902,9.02,17.281,2181
18/13:08:57,8.55,2.51,103.12,55.968,9.02,17.292,2182
18/13:08:57,8.61,2.5,103.12,55.781,9.02,17.303,2183
18/13:08:57,8.56,2.49,103.13,55.682,9.02,17.314,2184
18/13:08:58,8.53,2.51,103.12,55.792,9.02,17.314,2185
18/13:08:59,8.5,2.51,103.11,56.023,9.02,17.325,2186
18/13:08:59,8.51,2.52,103.1,56.177,9.02,17.336,2187
18/13:09:00,8.48,2.51,103.11,56.243,9.01,17.347,2188
18/13:09:01,8.49,2.51,103.09,56.364,9.01,17.358,2189
18/13:09:01,8.47,2.51,103.1,56.353,9.01,17.369,2190
18/13:09:02,8.16,2.38,103.13,56.584,9.01,17.38,2191
18/13:09:03,7.92,2.28,103.15,56.65,9.01,17.391,2192
18/13:09:03,7.54,2.15,103.2,56.65,9.01,17.402,2193
18/13:09:04,7.24,2.05,103.23,56.683,9.01,17.413,2194
18/13:09:04,6.95,1.95,103.28,56.705,9.01,17.413,2195
18/13:09:05,6.6,1.82,103.33,56.705,9.01,17.424,2196
18/13:09:06,6.44,1.78,103.35,56.727,9.01,17.435,2197
18/13:09:06,6.6,1.82,103.34,56.749,9.0,17.446,2198
18/13:09:07,6.84,1.93,103.31,56.749,9.0,17.457,2199
18/13:09:07,7.07,2.04,103.25,56.782,9.0,17.457,2200
18/13:09:08,7.66,2.25,103.16,56.914,9.0,17.479,2201
18/13:09:09,7.95,2.36,103.12,56.903,9.0,17.49,2202
18/13:09:09,8.27,2.48,103.07,56.903,9.0,17.49,2203
18/13:09:10,8.31,2.49,103.05,56.87,9.0,17.501,2204
18/13:09:10,8.24,2.49,103.05,56.87,9.0,17.512,2205
18/13:09:11,8.3,2.5,103.04,56.914,9.0,17.523,2206
18/13:09:11,8.35,2.52,103.06,56.892,9.0,17.523,2207
18/13:09:12,8.34,2.52,103.07,56.881,9.0,17.534,2208
18/13:09:12,8.07,2.52,103.1,56.859,8.99,17.545,2209
18/13:09:13,7.68,2.52,103.14,56.716,8.99,17.545,2210
18/13:09:14,6.28,2.52,103.28,56.452,8.99,17.567,2211
18/13:09:14,5.21,2.52,103.39,56.133,8.99,17.578,2212
18/13:09:15,4.26,2.52,103.51,55.77,8.99,17.589,2213
18/13:09:15,3.08,2.51,103.61,55.473,8.99,17.589,2214
18/13:09:16,2.19,2.5,103.71,55.176,8.99,17.6,2215
18/13:09:17,1.4,2.5,103.79,54.857,8.99,17.611,2216
18/13:09:17,0.78,2.5,103.85,54.527,8.99,17.611,2217
18/13:09:18,0.18,2.43,103.92,54.241,8.99,17.622,2218
18/13:09:18,0.14,2.35,103.96,53.988,8.99,17.633,2219
18/13:09:19,0.12,2.28,103.99,53.757,8.99,17.644,2220
18/13:09:19,0.11,2.25,104.0,53.427,8.99,17.644,2221
18/13:09:20,0.14,2.25,104.0,52.668,8.99,17.666,2222
18/13:09:21,0.2,2.25,104.0,52.261,8.99,17.666,2223
18/13:09:21,0.4,2.25,104.0,51.887,8.99,17.677,2224
18/13:09:22,1.05,2.32,103.93,51.766,8.99,17.688,2225
18/13:09:22,1.76,2.4,103.84,51.788,8.99,17.688,2226
18/13:09:23,2.59,2.47,103.76,51.755,8.99,17.699,2227
18/13:09:23,3.41,2.5,103.69,51.777,8.99,17.71,2228
18/13:09:24,4.1,2.5,103.62,51.667,8.99,17.721,2229
18/13:09:25,5.38,2.51,103.49,51.502,8.99,17.732,2230
18/13:09:26,5.54,2.51,103.45,51.458,8.99,17.743,2231
18/13:09:26,4.56,2.49,103.55,51.216,8.99,17.754,2232
18/13:09:27,3.93,2.49,103.59,50.908,8.99,17.765,2233
18/13:09:28,3.84,2.49,103.57,50.655,8.99,17.765,2234
18/13:09:28,4.04,2.49,103.57,50.556,8.99,17.776,2235
18/13:09:29,4.62,2.47,103.54,50.71,8.99,17.787,2236
18/13:09:30,5.24,2.49,103.47,50.633,8.99,17.798,2237
18/13:09:30,5.97,2.49,103.4,50.666,8.99,17.809,2238
18/13:09:31,6.72,2.49,103.32,50.721,8.99,17.809,2239
18/13:09:31,7.28,2.49,103.26,50.732,8.99,17.82,2240
18/13:09:32,8.36,2.51,103.17,50.996,8.99,17.831,2241
18/13:09:33,8.96,2.51,103.1,51.337,8.99,17.842,2242
18/13:09:33,9.42,2.54,103.05,51.535,8.99,17.853,2243
18/13:09:34,9.89,2.51,103.01,51.832,8.98,17.853,2244
18/13:09:34,10.38,2.5,102.95,52.107,8.98,17.864,2245
18/13:09:35,10.86,2.5,102.9,52.36,8.98,17.875,2246
18/13:09:35,11.22,2.5,102.85,52.679,8.98,17.875,2247
18/13:09:36,11.35,2.47,102.83,52.987,8.98,17.886,2248
18/13:09:36,11.38,2.47,102.83,53.174,8.98,17.897,2249
18/13:09:37,11.31,2.45,102.84,53.339,8.98,17.908,2250
18/13:09:38,11.16,2.42,102.85,53.559,8.98,17.908,2251
18/13:09:38,11.04,2.44,102.87,53.647,8.97,17.908,2252
18/13:09:39,10.91,2.44,102.89,53.878,8.97,17.93,2253
18/13:09:39,10.6,2.42,102.9,54.12,8.97,17.93,2254
18/13:09:40,10.36,2.43,102.94,54.186,8.97,17.941,2255
18/13:09:40,10.2,2.41,102.96,54.318,8.97,17.952,2256
18/13:09:41,10.06,2.43,102.97,54.505,8.97,17.963,2257
18/13:09:42,9.96,2.44,102.96,54.945,8.97,17.974,2258
18/13:09:43,9.95,2.45,102.94,55.363,8.96,17.996,2259
18/13:09:44,9.97,2.43,102.91,55.616,8.96,18.007,2260
18/13:09:45,9.92,2.46,102.88,56.232,8.96,18.029,2261
18/13:09:46,9.9,2.45,102.88,56.353,8.96,18.04,2262
18/13:09:46,9.89,2.45,102.89,56.518,8.96,18.051,2263
18/13:09:47,9.85,2.46,102.89,56.76,8.96,18.051,2264
18/13:09:48,9.82,2.47,102.9,56.958,8.95,18.062,2265
18/13:09:48,9.85,2.46,102.92,57.068,8.95,18.073,2266
18/13:09:49,9.83,2.46,102.93,57.156,8.95,18.084,2267
18/13:09:49,9.89,2.46,102.92,57.299,8.95,18.095,2268
18/13:09:50,9.86,2.46,102.92,57.398,8.95,18.095,2269
18/13:09:50,9.91,2.48,102.92,57.563,8.95,18.106,2270
18/13:09:51,9.92,2.49,102.94,57.97,8.95,18.128,2271
18/13:09:52,9.96,2.5,102.94,58.168,8.95,18.128,2272
18/13:09:52,9.94,2.52,102.94,58.256,8.94,18.139,2273
18/13:09:53,9.93,2.53,102.94,58.399,8.94,18.15,2274
18/13:09:53,9.89,2.54,102.94,58.52,8.94,18.161,2275
18/13:09:54,9.92,2.55,102.92,58.63,8.94,18.161,2276
18/13:09:55,9.98,2.54,102.91,58.762,8.94,18.172,2277
18/13:09:56,9.93,2.54,102.88,59.125,8.94,18.194,2278
18/13:09:56,9.93,2.52,102.88,59.323,8.94,18.205,2279
18/13:09:57,10.0,2.52,102.86,59.587,8.93,18.216,2280
18/13:09:57,9.97,2.51,102.86,59.73,8.93,18.216,2281
18/13:09:58,9.9,2.48,102.87,59.851,8.93,18.227,2282
18/13:09:59,9.88,2.48,102.87,59.939,8.93,18.249,2283
18/13:09:59,9.89,2.46,102.88,60.082,8.93,18.249,2284
18/13:10:00,9.88,2.46,102.87,60.247,8.93,18.26,2285
18/13:10:00,9.92,2.45,102.88,60.379,8.93,18.271,2286
18/13:10:01,9.86,2.44,102.87,60.544,8.93,18.282,2287
18/13:10:01,9.86,2.42,102.88,60.665,8.93,18.293,2288
18/13:10:02,9.9,2.42,102.88,60.731,8.92,18.293,2289
18/13:10:02,9.94,2.43,102.88,60.852,8.92,18.304,2290
18/13:10:03,9.88,2.44,102.86,61.039,8.92,18.315,2291
18/13:10:03,9.88,2.44,102.85,61.215,8.92,18.326,2292
18/13:10:04,9.87,2.45,102.86,61.336,8.92,18.337,2293
18/13:10:05,9.86,2.46,102.84,61.468,8.92,18.337,2294
18/13:10:05,9.9,2.46,102.85,61.611,8.92,18.348,2295
18/13:10:05,9.8,2.47,102.86,61.732,8.92,18.359,2296
18/13:10:06,9.78,2.47,102.85,61.831,8.92,18.37,2297
18/13:10:06,9.8,2.46,102.84,61.908,8.91,18.381,2298
18/13:10:07,9.84,2.45,102.84,62.161,8.91,18.392,2299
18/13:10:08,9.85,2.45,102.82,62.293,8.91,18.403,2300
18/13:10:09,9.9,2.44,102.81,62.48,8.91,18.414,2301
18/13:10:09,9.92,2.44,102.81,62.579,8.91,18.425,2302
18/13:10:10,9.94,2.43,102.8,62.612,8.91,18.436,2303
18/13:10:11,9.89,2.43,102.79,62.92,8.91,18.447,2304
18/13:10:11,9.88,2.44,102.79,63.074,8.91,18.458,2305
18/13:10:12,9.91,2.43,102.79,63.151,8.9,18.469,2306
18/13:10:13,9.83,2.45,102.81,63.261,8.9,18.491,2307
18/13:10:14,9.83,2.44,102.81,63.327,8.9,18.502,2308
18/13:10:14,9.86,2.45,102.81,63.47,8.9,18.513,2309
18/13:10:15,9.92,2.44,102.82,63.591,8.9,18.524,2310
18/13:10:16,9.99,2.44,102.82,63.657,8.9,18.535,2311
18/13:10:16,9.99,2.45,102.82,63.745,8.9,18.546,2312
18/13:10:17,9.9,2.45,102.82,64.031,8.88,18.557,2313
18/13:10:18,9.93,2.45,102.83,64.086,8.88,18.568,2314
18/13:10:18,9.98,2.45,102.84,64.141,8.88,18.579,2315
18/13:10:19,9.92,2.45,102.82,64.24,8.88,18.59,2316
18/13:10:19,9.92,2.46,102.83,64.383,8.88,18.601,2317
18/13:10:20,9.81,2.45,102.83,64.427,8.88,18.612,2318
18/13:10:20,9.78,2.46,102.83,64.493,8.88,18.623,2319
18/13:10:21,9.81,2.45,102.82,64.482,8.88,18.623,2320
18/13:10:21,9.85,2.46,102.82,64.504,8.88,18.634,2321
18/13:10:22,9.84,2.47,102.82,64.493,8.88,18.645,2322
18/13:10:22,9.86,2.46,102.81,64.537,8.88,18.656,2323
18/13:10:23,9.83,2.48,102.82,64.581,8.88,18.667,2324
18/13:10:23,9.84,2.48,102.79,64.669,8.88,18.678,2325
18/13:10:24,9.84,2.49,102.79,64.801,8.88,18.689,2326
18/13:10:25,9.85,2.49,102.77,64.944,8.88,18.7,2327
18/13:10:26,9.92,2.48,102.76,65.065,8.87,18.722,2328
18/13:10:27,9.89,2.48,102.76,65.164,8.87,18.733,2329
18/13:10:27,9.92,2.47,102.76,65.164,8.87,18.744,2330
18/13:10:28,9.9,2.47,102.77,65.076,8.87,18.755,2331
18/13:10:28,9.91,2.47,102.75,65.285,8.87,18.766,2332
18/13:10:29,9.93,2.46,102.77,65.439,8.87,18.766,2333
18/13:10:29,9.96,2.47,102.78,65.571,8.87,18.777,2334
18/13:10:30,9.9,2.47,102.78,65.582,8.87,18.788,2335
18/13:10:30,9.85,2.47,102.78,65.571,8.87,18.799,2336
18/13:10:31,9.91,2.47,102.79,65.549,8.86,18.81,2337
18/13:10:31,9.9,2.47,102.78,65.604,8.86,18.821,2338
18/13:10:32,9.91,2.45,102.79,65.714,8.86,18.832,2339
18/13:10:33,9.93,2.44,102.77,65.802,8.86,18.843,2340
18/13:10:33,9.9,2.41,102.76,65.802,8.86,18.854,2341
18/13:10:34,9.91,2.42,102.76,65.813,8.86,18.865,2342
18/13:10:35,9.92,2.41,102.76,65.714,8.86,18.876,2343
18/13:10:35,9.95,2.4,102.74,65.791,8.86,18.887,2344
18/13:10:35,9.94,2.4,102.76,66.0,8.85,18.898,2345
18/13:10:36,10.0,2.41,102.75,66.055,8.85,18.909,2346
18/13:10:37,9.94,2.45,102.77,66.088,8.85,18.931,2347
18/13:10:38,10.0,2.45,102.77,66.143,8.85,18.942,2348
18/13:10:39,9.98,2.46,102.77,66.099,8.85,18.953,2349
18/13:10:39,9.97,2.47,102.81,66.066,8.85,18.964,2350
18/13:10:40,9.95,2.47,102.78,66.154,8.84,18.986,2351
18/13:10:41,9.96,2.48,102.77,66.242,8.84,18.997,2352
18/13:10:41,9.98,2.5,102.76,66.352,8.84,18.997,2353
18/13:10:42,10.01,2.49,102.75,66.407,8.84,19.008,2354
18/13:10:42,9.98,2.47,102.74,66.473,8.84,19.008,2355
18/13:10:43,9.99,2.48,102.74,66.484,8.84,19.03,2356
18/13:10:44,9.98,2.48,102.73,66.506,8.84,19.041,2357
18/13:10:45,10.01,2.49,102.76,66.594,8.84,19.063,2358
18/13:10:45,10.06,2.49,102.76,66.594,8.83,19.074,2359
18/13:10:46,10.02,2.46,102.75,66.517,8.83,19.074,2360
18/13:10:47,10.03,2.44,102.76,66.429,8.83,19.096,2361
18/13:10:47,10.05,2.44,102.75,66.352,8.83,19.107,2362
18/13:10:48,10.01,2.44,102.74,66.374,8.83,19.118,2363
18/13:10:48,10.0,2.42,102.75,66.374,8.83,19.129,2364
18/13:10:49,9.95,2.4,102.72,66.451,8.83,19.151,2365
18/13:10:50,9.89,2.41,102.72,66.451,8.82,19.151,2366
18/13:10:50,9.92,2.42,102.72,66.396,8.82,19.162,2367
18/13:10:51,9.88,2.43,102.72,66.407,8.82,19.173,2368
18/13:10:51,9.83,2.4,102.72,66.352,8.82,19.184,2369
18/13:10:52,9.81,2.39,102.72,66.33,8.82,19.195,2370
18/13:10:53,9.88,2.37,102.71,66.407,8.82,19.206,2371
18/13:10:53,9.87,2.36,102.72,66.451,8.82,19.217,2372
18/13:10:53,9.82,2.36,102.73,66.484,8.82,19.228,2373
18/13:10:54,9.88,2.34,102.74,66.506,8.82,19.239,2374
18/13:10:54,9.88,2.31,102.73,66.484,8.81,19.239,2375
18/13:10:55,9.89,2.3,102.73,66.451,8.81,19.25,2376
18/13:10:56,9.94,2.3,102.72,66.462,8.81,19.261,2377
18/13:10:56,9.95,2.3,102.71,66.473,8.81,19.272,2378
18/13:10:57,9.91,2.3,102.71,66.506,8.81,19.283,2379
18/13:10:57,9.96,2.31,102.71,66.583,8.81,19.294,2380
18/13:10:58,9.98,2.31,102.7,66.594,8.81,19.316,2381
18/13:10:59,10.02,2.32,102.68,66.737,8.8,19.316,2382
18/13:11:00,10.03,2.32,102.7,66.627,8.8,19.327,2383
18/13:11:00,9.98,2.33,102.71,66.572,8.8,19.349,2384
18/13:11:01,9.96,2.33,102.72,66.451,8.8,19.36,2385
18/13:11:01,9.94,2.33,102.71,66.44,8.8,19.371,2386
18/13:11:02,9.96,2.33,102.71,66.506,8.8,19.382,2387
18/13:11:02,9.98,2.34,102.71,66.55,8.8,19.393,2388
18/13:11:03,9.96,2.35,102.71,66.55,8.8,19.404,2389
18/13:11:03,9.96,2.35,102.72,66.506,8.8,19.404,2390
18/13:11:04,9.93,2.35,102.71,66.473,8.79,19.415,2391
18/13:11:05,9.95,2.36,102.7,66.44,8.79,19.426,2392
18/13:11:05,10.05,2.36,102.7,66.44,8.79,19.437,2393
18/13:11:05,10.0,2.36,102.7,66.44,8.79,19.448,2394
18/13:11:06,10.04,2.36,102.69,66.352,8.79,19.459,2395
18/13:11:07,10.04,2.37,102.68,66.374,8.79,19.47,2396
18/13:11:07,10.03,2.38,102.69,66.308,8.79,19.481,2397
18/13:11:07,9.99,2.39,102.7,66.308,8.79,19.481,2398
18/13:11:08,9.94,2.4,102.72,66.264,8.79,19.492,2399
18/13:11:09,9.94,2.42,102.72,66.286,8.78,19.503,2400
18/13:11:10,9.89,2.51,102.71,66.231,8.78,19.536,2401
18/13:11:11,9.86,2.54,102.7,66.176,8.78,19.558,2402
18/13:11:12,9.92,2.56,102.7,66.187,8.78,19.569,2403
18/13:11:12,10.12,2.56,102.67,66.242,8.78,19.569,2404
18/13:11:13,10.12,2.59,102.67,66.242,8.78,19.58,2405
18/13:11:13,10.07,2.57,102.67,66.231,8.77,19.591,2406
18/13:11:14,10.09,2.56,102.69,66.242,8.77,19.602,2407
18/13:11:14,9.9,2.51,102.7,66.253,8.77,19.613,2408
18/13:11:15,9.7,2.42,102.73,66.242,8.77,19.624,2409
18/13:11:15,9.39,2.34,102.75,66.286,8.77,19.635,2410
18/13:11:16,9.04,2.26,102.79,66.231,8.77,19.646,2411
18/13:11:16,8.74,2.17,102.82,66.121,8.77,19.646,2412
18/13:11:17,8.5,2.06,102.87,66.044,8.77,19.657,2413
18/13:11:18,8.23,1.98,102.89,66.044,8.77,19.668,2414
18/13:11:19,8.43,2.05,102.86,65.846,8.76,19.701,2415
18/13:11:20,8.96,2.17,102.81,65.604,8.76,19.723,2416
18/13:11:21,9.2,2.26,102.78,65.505,8.76,19.723,2417
18/13:11:21,9.48,2.34,102.74,65.516,8.76,19.734,2418
18/13:11:22,9.72,2.45,102.69,65.494,8.76,19.745,2419
18/13:11:22,9.91,2.49,102.66,65.494,8.76,19.756,2420
18/13:11:23,9.96,2.48,102.66,65.439,8.76,19.767,2421
18/13:11:23,10.05,2.48,102.65,65.45,8.75,19.778,2422
18/13:11:24,10.05,2.49,102.66,65.483,8.75,19.789,2423
18/13:11:24,10.04,2.51,102.66,65.439,8.75,19.8,2424
18/13:11:25,10.08,2.51,102.66,65.494,8.75,19.8,2425
18/13:11:26,10.06,2.51,102.66,65.406,8.75,19.822,2426
18/13:11:27,10.03,2.54,102.66,65.505,8.75,19.833,2427
18/13:11:27,10.02,2.55,102.65,65.593,8.75,19.844,2428
18/13:11:28,9.99,2.54,102.66,65.527,8.75,19.855,2429
18/13:11:29,10.03,2.52,102.66,65.582,8.74,19.877,2430
18/13:11:29,9.99,2.52,102.67,65.582,8.74,19.877,2431
18/13:11:30,10.03,2.53,102.66,65.626,8.74,19.899,2432
18/13:11:31,9.97,2.51,102.66,65.659,8.74,19.91,2433
18/13:11:32,9.97,2.53,102.69,65.835,8.74,19.932,2434
18/13:11:32,9.95,2.54,102.67,65.879,8.74,19.943,2435
18/13:11:33,9.97,2.55,102.68,65.879,8.73,19.954,2436
18/13:11:34,9.98,2.56,102.67,65.846,8.73,19.965,2437
18/13:11:35,9.98,2.56,102.67,65.868,8.73,19.976,2438
18/13:11:36,10.04,2.56,102.68,65.956,8.73,20.009,2439
18/13:11:37,10.04,2.57,102.69,65.835,8.73,20.02,2440
18/13:11:37,10.02,2.57,102.68,65.747,8.73,20.031,2441
18/13:11:38,9.96,2.59,102.66,65.56,8.72,20.042,2442
18/13:11:39,10.0,2.62,102.66,65.461,8.72,20.064,2443
18/13:11:40,9.97,2.61,102.67,65.494,8.72,20.075,2444
18/13:11:40,9.94,2.63,102.67,65.395,8.72,20.086,2445
18/13:11:41,9.9,2.65,102.67,65.296,8.72,20.097,2446
18/13:11:41,9.88,2.67,102.67,65.285,8.72,20.097,2447
18/13:11:43,9.97,2.74,102.68,65.241,8.71,20.13,2448
18/13:11:44,10.04,2.75,102.69,65.395,8.71,20.141,2449
18/13:11:44,10.07,2.78,102.68,65.417,8.71,20.152,2450
18/13:11:44,10.03,2.77,102.66,65.45,8.71,20.163,2451
18/13:11:45,10.04,2.76,102.66,65.494,8.71,20.163,2452
18/13:11:45,10.05,2.75,102.66,65.604,8.71,20.174,2453
18/13:11:46,9.98,2.75,102.66,65.648,8.71,20.185,2454
18/13:11:46,9.98,2.74,102.66,65.692,8.71,20.196,2455
18/13:11:47,9.93,2.73,102.66,65.813,8.71,20.207,2456
18/13:11:48,9.9,2.72,102.65,65.868,8.7,20.218,2457
18/13:11:48,9.89,2.72,102.66,65.912,8.7,20.229,2458
18/13:11:49,9.95,2.72,102.67,65.868,8.7,20.24,2459
18/13:11:49,10.0,2.73,102.67,65.923,8.7,20.24,2460
18/13:11:50,9.95,2.72,102.66,66.088,8.7,20.251,2461
18/13:11:50,9.95,2.71,102.66,66.187,8.7,20.262,2462
18/13:11:52,9.96,2.71,102.66,66.242,8.7,20.295,2463
18/13:11:53,10.0,2.71,102.65,66.352,8.7,20.306,2464
18/13:11:53,9.98,2.71,102.66,66.418,8.69,20.317,2465
18/13:11:53,9.93,2.7,102.65,66.572,8.69,20.328,2466
18/13:11:54,9.97,2.69,102.66,66.704,8.69,20.328,2467
18/13:11:54,9.98,2.69,102.65,66.737,8.69,20.339,2468
18/13:11:55,9.97,2.69,102.65,66.781,8.69,20.35,2469
18/13:11:55,9.93,2.7,102.64,66.869,8.69,20.361,2470
18/13:11:56,10.02,2.71,102.63,66.902,8.69,20.383,2471
18/13:11:57,10.01,2.73,102.62,67.012,8.69,20.394,2472
18/13:11:58,10.06,2.74,102.65,66.968,8.68,20.405,2473
18/13:11:58,10.02,2.75,102.65,67.012,8.68,20.416,2474
18/13:11:59,10.01,2.76,102.65,67.056,8.68,20.416,2475
18/13:11:59,10.03,2.76,102.64,67.122,8.68,20.416,2476
18/13:12:00,10.06,2.76,102.65,67.155,8.68,20.427,2477
18/13:12:00,10.02,2.77,102.65,67.243,8.68,20.449,2478
18/13:12:01,10.06,2.77,102.64,67.276,8.68,20.471,2479
18/13:12:02,10.04,2.76,102.61,67.221,8.68,20.482,2480
18/13:12:02,10.05,2.75,102.61,67.254,8.67,20.493,2481
18/13:12:03,10.01,2.75,102.61,67.408,8.67,20.504,2482
18/13:12:04,9.97,2.75,102.6,67.452,8.67,20.515,2483
18/13:12:04,9.96,2.75,102.6,67.408,8.67,20.515,2484
18/13:12:04,9.98,2.75,102.61,67.397,8.67,20.526,2485
18/13:12:05,9.94,2.75,102.61,67.43,8.67,20.537,2486
18/13:12:05,9.92,2.76,102.6,67.529,8.67,20.548,2487
18/13:12:06,9.91,2.77,102.61,67.562,8.67,20.559,2488
18/13:12:07,9.98,2.79,102.62,67.628,8.67,20.57,2489
18/13:12:07,10.0,2.8,102.63,67.672,8.67,20.581,2490
18/13:12:08,9.97,2.81,102.63,67.771,8.66,20.592,2491
18/13:12:08,9.93,2.83,102.63,67.804,8.66,20.603,2492
18/13:12:09,9.85,2.85,102.64,67.804,8.66,20.603,2493
18/13:12:09,9.88,2.84,102.65,67.903,8.66,20.614,2494
18/13:12:10,9.92,2.82,102.65,68.101,8.66,20.636,2495
18/13:12:11,9.9,2.79,102.64,68.035,8.66,20.647,2496
18/13:12:11,9.92,2.75,102.64,68.046,8.66,20.658,2497
18/13:12:12,9.97,2.64,102.63,68.145,8.66,20.669,2498
18/13:12:12,9.95,2.51,102.63,68.255,8.65,20.68,2499
18/13:12:13,9.93,2.36,102.57,68.42,8.65,20.691,2500
18/13:12:14,9.91,2.07,102.56,68.453,8.65,20.713,2501
18/13:12:15,9.96,1.93,102.56,68.409,8.65,20.713,2502
18/13:12:16,9.97,1.59,102.5,68.816,8.65,20.746,2503
18/13:12:16,9.92,1.57,102.5,68.959,8.65,20.757,2504
18/13:12:17,9.78,1.48,102.54,68.926,8.64,20.768,2505
18/13:12:18,9.49,1.37,102.56,68.937,8.64,20.779,2506
18/13:12:18,9.39,1.32,102.56,68.915,8.64,20.79,2507
18/13:12:19,9.28,1.3,102.56,68.827,8.64,20.801,2508
18/13:12:19,9.24,1.31,102.57,68.871,8.64,20.812,2509
18/13:12:20,9.28,1.35,102.56,68.915,8.64,20.823,2510
18/13:12:20,9.31,1.4,102.56,69.036,8.64,20.823,2511
18/13:12:21,9.66,1.64,102.52,69.069,8.63,20.845,2512
18/13:12:22,9.98,1.81,102.5,69.212,8.63,20.856,2513
18/13:12:23,10.06,2.04,102.51,69.388,8.63,20.878,2514
18/13:12:23,10.12,2.17,102.51,69.421,8.63,20.889,2515
18/13:12:24,10.14,2.27,102.54,69.52,8.63,20.911,2516
18/13:12:25,10.13,2.25,102.54,69.542,8.63,20.922,2517
18/13:12:26,10.09,2.22,102.55,69.553,8.63,20.933,2518
18/13:12:26,10.24,2.17,102.54,69.542,8.62,20.944,2519
18/13:12:27,10.19,2.11,102.53,69.498,8.62,20.944,2520
18/13:12:28,10.19,1.99,102.5,69.575,8.62,20.966,2521
18/13:12:29,10.16,1.97,102.49,69.63,8.62,20.977,2522
18/13:12:29,10.17,2.05,102.48,69.674,8.62,20.999,2523
18/13:12:30,10.26,2.14,102.48,69.685,8.62,21.01,2524
18/13:12:30,10.07,2.24,102.5,69.674,8.61,21.021,2525
18/13:12:31,9.98,2.35,102.51,69.729,8.61,21.032,2526
18/13:12:32,10.02,2.56,102.55,69.894,8.61,21.054,2527
18/13:12:33,9.95,2.66,102.57,70.004,8.61,21.076,2528
18/13:12:34,9.91,2.69,102.57,70.015,8.61,21.087,2529
18/13:12:34,9.82,2.73,102.56,70.147,8.61,21.098,2530
18/13:12:36,9.83,2.73,102.56,70.18,8.6,21.12,2531
18/13:12:36,9.84,2.73,102.56,70.29,8.6,21.131,2532
18/13:12:37,9.88,2.71,102.56,70.444,8.6,21.153,2533
18/13:12:38,9.88,2.71,102.57,70.543,8.6,21.164,2534
18/13:12:38,9.92,2.72,102.57,70.576,8.6,21.175,2535
18/13:12:39,9.91,2.71,102.59,70.653,8.6,21.186,2536
18/13:12:39,9.85,2.71,102.6,70.708,8.6,21.197,2537
18/13:12:40,9.9,2.7,102.62,70.785,8.6,21.208,2538
18/13:12:40,9.82,2.7,102.63,70.785,8.59,21.208,2539
18/13:12:41,9.88,2.7,102.63,70.851,8.59,21.23,2540
18/13:12:41,9.96,2.69,102.62,70.873,8.59,21.241,2541
18/13:12:42,10.05,2.7,102.61,71.016,8.59,21.252,2542
18/13:12:43,10.05,2.7,102.6,71.115,8.59,21.263,2543
18/13:12:43,10.04,2.71,102.59,71.115,8.59,21.263,2544
18/13:12:44,10.21,2.72,102.56,71.225,8.59,21.285,2545
18/13:12:45,10.17,2.73,102.56,71.335,8.59,21.296,2546
18/13:12:45,9.99,2.75,102.55,71.478,8.58,21.318,2547
18/13:12:46,10.1,2.75,102.54,71.533,8.58,21.329,2548
18/13:12:47,9.92,2.74,102.54,71.566,8.58,21.34,2549
18/13:12:48,9.91,2.73,102.55,71.643,8.58,21.362,2550
18/13:12:48,9.83,2.74,102.55,71.72,8.58,21.373,2551
18/13:12:49,9.91,2.73,102.56,71.764,8.58,21.384,2552
18/13:12:50,9.85,2.71,102.56,71.852,8.57,21.406,2553
18/13:12:50,9.96,2.69,102.56,71.896,8.57,21.417,2554
18/13:12:51,9.9,2.68,102.56,71.907,8.57,21.428,2555
18/13:12:51,10.05,2.68,102.56,71.918,8.57,21.439,2556
18/13:12:52,9.93,2.67,102.56,71.907,8.57,21.45,2557
18/13:12:52,9.96,2.69,102.55,71.951,8.57,21.461,2558
18/13:12:53,9.96,2.68,102.56,71.973,8.57,21.472,2559
18/13:12:53,9.9,2.71,102.56,72.039,8.57,21.472,2560
18/13:12:54,9.98,2.72,102.55,71.973,8.57,21.494,2561
18/13:12:55,9.98,2.73,102.54,71.907,8.57,21.494,2562
18/13:12:55,9.85,2.74,102.53,72.061,8.56,21.516,2563
18/13:12:56,9.86,2.73,102.53,72.006,8.56,21.516,2564
18/13:12:57,9.84,2.66,102.53,72.017,8.56,21.527,2565
18/13:12:57,9.95,2.56,102.51,72.05,8.56,21.549,2566
18/13:12:58,9.93,2.36,102.5,71.995,8.56,21.56,2567
18/13:12:59,10.03,2.04,102.48,71.896,8.56,21.582,2568
18/13:12:59,9.96,1.9,102.47,71.885,8.56,21.593,2569
18/13:13:00,10.06,1.86,102.45,71.863,8.55,21.604,2570
18/13:13:00,10.0,1.85,102.44,71.83,8.55,21.615,2571
18/13:13:01,9.98,1.95,102.45,71.841,8.55,21.626,2572
18/13:13:01,10.12,2.06,102.47,71.852,8.55,21.637,2573
18/13:13:02,10.0,2.35,102.51,71.808,8.55,21.659,2574
18/13:13:03,9.97,2.44,102.52,71.852,8.55,21.67,2575
18/13:13:04,10.02,2.5,102.52,71.929,8.55,21.681,2576
18/13:13:04,10.02,2.48,102.51,71.885,8.54,21.692,2577
18/13:13:05,10.05,2.37,102.49,71.764,8.54,21.703,2578
18/13:13:06,9.97,2.27,102.47,71.764,8.54,21.714,2579
18/13:13:07,10.06,2.0,102.43,71.863,8.54,21.736,2580
18/13:13:07,10.01,1.9,102.41,71.874,8.54,21.747,2581
18/13:13:08,10.14,1.83,102.41,71.841,8.54,21.758,2582
18/13:13:08,10.06,1.76,102.43,71.852,8.54,21.769,2583
18/13:13:09,10.02,1.7,102.41,71.841,8.53,21.78,2584
18/13:13:09,9.89,1.63,102.41,71.808,8.53,21.791,2585
18/13:13:10,9.81,1.56,102.4,71.874,8.53,21.802,2586
18/13:13:11,9.96,1.5,102.4,71.929,8.53,21.813,2587
18/13:13:11,9.8,1.42,102.41,71.951,8.53,21.824,2588
18/13:13:11,9.98,1.34,102.4,71.984,8.53,21.835,2589
18/13:13:12,9.83,1.23,102.39,71.962,8.53,21.846,2590
18/13:13:13,9.85,1.0,102.38,71.94,8.52,21.868,2591
18/13:13:14,10.0,0.93,102.37,71.929,8.52,21.879,2592
18/13:13:14,9.99,0.88,102.34,71.896,8.52,21.901,2593
18/13:13:15,10.09,0.89,102.34,71.841,8.52,21.912,2594
18/13:13:16,9.99,0.95,102.34,71.852,8.52,21.934,2595
18/13:13:17,10.04,1.01,102.32,71.83,8.51,21.956,2596
18/13:13:18,9.92,1.04,102.33,71.841,8.51,21.956,2597
18/13:13:19,8.82,0.87,102.43,71.907,8.51,21.989,2598
18/13:13:20,8.38,0.8,102.47,71.896,8.51,22.0,2599
18/13:13:20,8.15,0.72,102.48,71.907,8.51,22.011,2600
18/13:13:21,7.66,0.65,102.52,71.852,8.51,22.022,2601
18/13:13:22,7.65,0.61,102.52,71.753,8.5,22.044,2602
18/13:13:22,7.94,0.66,102.48,71.742,8.5,22.055,2603
18/13:13:23,8.45,0.71,102.45,71.753,8.5,22.066,2604
18/13:13:24,8.66,0.76,102.42,71.731,8.5,22.077,2605
18/13:13:25,9.53,0.88,102.37,71.599,8.5,22.099,2606
18/13:13:25,10.02,0.98,102.35,71.621,8.5,22.11,2607
18/13:13:26,10.05,1.05,102.33,71.654,8.49,22.121,2608
18/13:13:26,10.01,1.12,102.35,71.676,8.49,22.132,2609
18/13:13:27,9.86,1.28,102.34,71.5,8.49,22.154,2610
18/13:13:28,10.02,1.37,102.33,71.467,8.49,22.165,2611
18/13:13:28,9.82,1.37,102.33,71.467,8.49,22.176,2612
18/13:13:29,9.94,1.31,102.32,71.533,8.49,22.176,2613
18/13:13:29,9.9,1.23,102.31,71.566,8.49,22.187,2614
18/13:13:30,9.92,1.11,102.3,71.698,8.48,22.198,2615
18/13:13:30,9.99,1.0,102.28,71.775,8.48,22.209,2616
18/13:13:31,9.99,0.87,102.28,71.808,8.48,22.22,2617
18/13:13:31,10.09,0.75,102.27,71.852,8.48,22.231,2618
18/13:13:32,10.01,0.62,102.26,71.951,8.48,22.242,2619
18/13:13:32,10.02,0.56,102.25,72.061,8.48,22.253,2620
18/13:13:33,9.87,0.56,102.25,72.116,8.48,22.264,2621
18/13:13:34,9.94,0.55,102.24,72.204,8.47,22.275,2622
18/13:13:34,9.96,0.54,102.23,72.226,8.47,22.286,2623
18/13:13:34,9.86,0.53,102.24,72.193,8.47,22.297,2624
18/13:13:35,9.86,0.51,102.26,72.259,8.47,22.308,2625
18/13:13:36,9.91,0.5,102.26,72.27,8.47,22.33,2626
18/13:13:37,9.88,0.49,102.26,72.237,8.47,22.341,2627
18/13:13:37,9.87,0.49,102.26,72.248,8.47,22.352,2628
18/13:13:38,9.94,0.48,102.26,72.303,8.46,22.363,2629
18/13:13:38,9.92,0.47,102.25,72.369,8.46,22.374,2630
18/13:13:39,10.05,0.48,102.23,72.424,8.46,22.396,2631
18/13:13:40,10.03,0.48,102.23,72.413,8.46,22.407,2632
18/13:13:40,10.08,0.5,102.23,72.468,8.46,22.418,2633
18/13:13:41,10.04,0.5,102.23,72.49,8.46,22.429,2634
18/13:13:42,10.13,0.51,102.22,72.49,8.45,22.429,2635
18/13:13:42,10.03,0.51,102.22,72.534,8.45,22.451,2636
18/13:13:42,10.1,0.52,102.19,72.567,8.45,22.451,2637
18/13:13:43,9.98,0.51,102.2,72.578,8.45,22.462,2638
18/13:13:44,10.06,0.5,102.19,72.523,8.45,22.473,2639
18/13:13:44,10.03,0.5,102.2,72.479,8.45,22.495,2640
18/13:13:45,9.91,0.5,102.19,72.6,8.44,22.506,2641
18/13:13:46,9.91,0.49,102.21,72.776,8.44,22.528,2642
18/13:13:47,9.95,0.48,102.24,72.809,8.44,22.539,2643
18/13:13:48,9.9,0.5,102.23,72.853,8.44,22.561,2644
18/13:13:48,9.98,0.51,102.23,72.886,8.44,22.572,2645
18/13:13:49,9.8,0.51,102.23,72.941,8.43,22.583,2646
18/13:13:50,9.98,0.53,102.24,73.084,8.43,22.616,2647
18/13:13:51,9.83,0.54,102.23,73.051,8.43,22.616,2648
18/13:13:51,9.84,0.56,102.22,73.073,8.43,22.627,2649
18/13:13:52,9.93,0.55,102.21,73.117,8.43,22.649,2650
18/13:13:53,10.03,0.57,102.2,73.084,8.42,22.671,2651
18/13:13:54,9.8,0.62,102.18,72.93,8.42,22.682,2652
18/13:13:54,9.82,0.74,102.19,72.754,8.42,22.704,2653
18/13:13:55,9.92,0.79,102.2,72.699,8.42,22.715,2654
18/13:13:56,9.86,0.84,102.22,72.666,8.42,22.726,2655
18/13:13:57,9.87,0.9,102.25,72.677,8.41,22.737,2656
18/13:13:58,9.91,0.89,102.23,72.721,8.41,22.77,2657
18/13:13:58,9.92,0.88,102.21,72.743,8.41,22.77,2658
18/13:13:59,9.91,0.93,102.21,72.853,8.41,22.781,2659
18/13:13:59,9.95,1.01,102.22,72.908,8.41,22.792,2660
18/13:14:00,9.89,1.16,102.22,72.864,8.41,22.803,2661
18/13:14:01,9.92,1.34,102.23,72.864,8.41,22.814,2662
18/13:14:01,9.97,1.73,102.28,73.018,8.4,22.836,2663
18/13:14:03,9.98,2.06,102.31,73.029,8.4,22.858,2664
18/13:14:03,9.86,2.18,102.34,73.084,8.4,22.869,2665
18/13:14:04,10.0,2.22,102.34,73.084,8.4,22.88,2666
18/13:14:04,9.82,2.19,102.34,73.084,8.4,22.891,2667
18/13:14:05,9.99,2.09,102.34,73.04,8.4,22.902,2668
18/13:14:05,9.78,1.96,102.33,72.985,8.39,22.913,2669
18/13:14:06,9.91,1.8,102.31,72.996,8.39,22.924,2670
18/13:14:06,9.84,1.64,102.31,73.04,8.39,22.935,2671
18/13:14:07,9.88,1.46,102.3,73.018,8.39,22.946,2672
18/13:14:07,10.0,1.28,102.27,72.985,8.39,22.957,2673
18/13:14:08,10.13,1.03,102.23,73.04,8.39,22.979,2674
18/13:14:09,9.96,0.96,102.22,73.018,8.39,22.99,2675
18/13:14:10,10.11,0.89,102.2,73.018,8.38,23.001,2676
18/13:14:10,10.05,0.87,102.19,73.051,8.38,23.023,2677
18/13:14:11,10.02,0.89,102.18,73.095,8.38,23.034,2678
18/13:14:11,9.89,0.96,102.21,73.128,8.38,23.045,2679
18/13:14:12,10.08,1.09,102.21,73.161,8.38,23.056,2680
18/13:14:12,9.83,1.25,102.24,73.161,8.38,23.067,2681
18/13:14:13,10.02,1.45,102.25,73.183,8.37,23.078,2682
18/13:14:14,9.92,1.61,102.27,73.172,8.37,23.089,2683
18/13:14:14,9.98,1.77,102.27,73.128,8.37,23.089,2684
18/13:14:15,10.0,1.9,102.28,73.15,8.37,23.1,2685
18/13:14:15,9.88,2.07,102.31,73.183,8.37,23.111,2686
18/13:14:16,10.04,2.17,102.31,73.194,8.37,23.122,2687
18/13:14:16,9.91,2.22,102.32,73.15,8.37,23.133,2688
18/13:14:17,10.07,2.25,102.32,73.15,8.37,23.144,2689
18/13:14:17,10.01,2.27,102.32,73.15,8.37,23.155,2690
18/13:14:18,10.09,2.38,102.34,73.106,8.36,23.177,2691
18/13:14:19,9.92,2.47,102.35,73.172,8.36,23.188,2692
18/13:14:20,10.08,2.54,102.36,73.183,8.36,23.199,2693
18/13:14:20,10.07,2.59,102.37,73.128,8.36,23.221,2694
18/13:14:21,9.93,2.6,102.38,73.15,8.36,23.232,2695
18/13:14:21,10.02,2.63,102.38,73.04,8.36,23.243,2696
18/13:14:22,9.88,2.63,102.37,73.018,8.36,23.254,2697
18/13:14:23,9.93,2.61,102.37,73.029,8.35,23.265,2698
18/13:14:23,9.84,2.57,102.36,73.029,8.35,23.276,2699
18/13:14:23,9.94,2.55,102.36,72.996,8.35,23.287,2700
18/13:14:24,9.87,2.53,102.35,72.952,8.35,23.298,2701
18/13:14:24,9.91,2.53,102.37,72.952,8.35,23.309,2702
18/13:14:25,9.8,2.5,102.36,72.974,8.35,23.32,2703
18/13:14:26,9.89,2.47,102.36,72.996,8.35,23.331,2704
18/13:14:26,9.9,2.45,102.36,73.051,8.35,23.353,2705
18/13:14:27,9.87,2.46,102.37,73.029,8.34,23.364,2706
18/13:14:28,9.9,2.49,102.38,72.996,8.34,23.375,2707
18/13:14:28,9.92,2.52,102.38,72.996,8.34,23.386,2708
18/13:14:29,9.82,2.56,102.39,73.073,8.34,23.397,2709
18/13:14:30,9.87,2.64,102.39,72.798,8.34,23.408,2710
18/13:14:30,9.96,2.67,102.39,72.688,8.34,23.408,2711
18/13:14:31,9.86,2.68,102.39,72.633,8.34,23.43,2712
18/13:14:32,9.77,2.68,102.4,72.765,8.34,23.452,2713
18/13:14:32,9.92,2.68,102.39,72.765,8.33,23.463,2714
18/13:14:33,9.78,2.66,102.39,72.754,8.33,23.474,2715
18/13:14:33,9.92,2.67,102.38,72.699,8.33,23.485,2716
18/13:14:34,9.85,2.67,102.38,72.501,8.33,23.496,2717
18/13:14:35,9.97,2.68,102.37,72.292,8.33,23.507,2718
18/13:14:35,9.96,2.7,102.37,72.193,8.33,23.518,2719
18/13:14:36,10.02,2.71,102.37,72.127,8.33,23.529,2720
18/13:14:36,9.96,2.71,102.36,72.072,8.33,23.54,2721
18/13:14:37,9.98,2.72,102.36,72.05,8.33,23.551,2722
18/13:14:37,10.06,2.73,102.36,72.028,8.32,23.562,2723
18/13:14:38,9.93,2.72,102.37,71.929,8.32,23.573,2724
18/13:14:38,9.97,2.71,102.38,71.863,8.32,23.584,2725
18/13:14:39,9.99,2.7,102.36,71.786,8.32,23.595,2726
18/13:14:39,9.9,2.69,102.36,71.709,8.32,23.606,2727
18/13:14:40,10.05,2.66,102.36,71.456,8.32,23.628,2728
18/13:14:41,10.06,2.64,102.37,71.434,8.32,23.639,2729
18/13:14:41,10.07,2.63,102.35,71.467,8.32,23.65,2730
18/13:14:43,10.0,2.62,102.36,71.379,8.31,23.672,2731
18/13:14:44,10.04,2.62,102.35,71.412,8.31,23.683,2732
18/13:14:44,9.99,2.63,102.36,71.39,8.31,23.694,2733
18/13:14:45,9.88,2.62,102.37,71.236,8.31,23.705,2734
18/13:14:45,9.99,2.61,102.37,71.17,8.31,23.716,2735
18/13:14:46,9.92,2.6,102.38,71.148,8.31,23.716,2736
18/13:14:46,9.89,2.59,102.38,71.192,8.31,23.727,2737
18/13:14:47,9.93,2.6,102.36,71.192,8.3,23.76,2738
18/13:14:48,10.03,2.57,102.37,71.159,8.3,23.771,2739
18/13:14:49,10.0,2.57,102.36,71.06,8.3,23.793,2740
18/13:14:49,10.05,2.59,102.36,70.983,8.3,23.804,2741
18/13:14:50,10.0,2.59,102.34,70.95,8.3,23.815,2742
18/13:14:51,10.03,2.59,102.36,70.939,8.3,23.826,2743
18/13:14:51,9.95,2.57,102.36,70.906,8.3,23.837,2744
18/13:14:51,10.01,2.57,102.37,70.884,8.3,23.837,2745
18/13:14:52,9.91,2.57,102.35,70.862,8.29,23.848,2746
18/13:14:52,9.95,2.57,102.34,70.84,8.29,23.859,2747
18/13:14:53,9.96,2.59,102.34,70.73,8.29,23.87,2748
18/13:14:53,9.92,2.59,102.34,70.686,8.29,23.881,2749
18/13:14:54,9.94,2.57,102.36,70.697,8.29,23.892,2750
18/13:14:54,9.91,2.57,102.35,70.708,8.29,23.903,2751
18/13:14:55,9.84,2.56,102.36,70.642,8.29,23.914,2752
18/13:14:55,9.79,2.56,102.35,70.62,8.29,23.925,2753
18/13:14:56,9.81,2.55,102.37,70.642,8.29,23.936,2754
18/13:14:57,9.86,2.55,102.37,70.565,8.28,23.958,2755
18/13:14:58,9.8,2.55,102.36,70.598,8.28,23.969,2756
18/13:14:59,9.81,2.54,102.34,70.642,8.28,23.98,2757
18/13:14:59,9.82,2.55,102.34,70.697,8.28,24.002,2758
18/13:15:00,9.91,2.55,102.34,70.708,8.28,24.002,2759
18/13:15:00,9.91,2.56,102.34,70.708,8.28,24.013,2760
18/13:15:01,9.83,2.55,102.35,70.73,8.28,24.024,2761
18/13:15:01,9.92,2.54,102.35,70.752,8.27,24.035,2762
18/13:15:02,9.97,2.54,102.36,70.686,8.27,24.046,2763
18/13:15:03,10.03,2.54,102.36,70.708,8.27,24.079,2764
18/13:15:04,9.92,2.53,102.37,70.73,8.27,24.09,2765
18/13:15:05,9.91,2.55,102.36,70.741,8.27,24.112,2766
18/13:15:06,9.89,2.54,102.36,70.785,8.27,24.123,2767
18/13:15:06,9.9,2.55,102.37,70.796,8.27,24.134,2768
18/13:15:07,9.88,2.55,102.36,70.818,8.26,24.156,2769
18/13:15:08,9.99,2.56,102.35,70.774,8.26,24.156,2770
18/13:15:08,9.99,2.56,102.34,70.686,8.26,24.178,2771
18/13:15:09,10.1,2.56,102.35,70.697,8.26,24.189,2772
18/13:15:10,9.93,2.56,102.34,70.763,8.26,24.2,2773
18/13:15:11,9.85,2.56,102.36,70.741,8.25,24.233,2774
18/13:15:12,9.88,2.56,102.38,70.708,8.25,24.244,2775
18/13:15:12,9.92,2.56,102.37,70.697,8.25,24.255,2776
18/13:15:13,9.83,2.56,102.38,70.675,8.25,24.266,2777
18/13:15:14,9.89,2.56,102.36,70.576,8.25,24.288,2778
18/13:15:14,9.82,2.55,102.34,70.51,8.25,24.299,2779
18/13:15:15,9.89,2.55,102.34,70.477,8.25,24.321,2780
18/13:15:16,9.78,2.53,102.33,70.411,8.24,24.321,2781
18/13:15:16,9.83,2.53,102.34,70.367,8.24,24.332,2782
18/13:15:17,9.94,2.53,102.33,70.345,8.24,24.343,2783
18/13:15:17,9.87,2.54,102.34,70.268,8.24,24.354,2784
18/13:15:18,9.84,2.55,102.33,70.169,8.24,24.365,2785
18/13:15:19,9.93,2.56,102.33,70.07,8.24,24.376,2786
18/13:15:19,9.93,2.56,102.32,69.905,8.24,24.387,2787
18/13:15:19,9.93,2.56,102.32,69.861,8.24,24.398,2788
18/13:15:20,9.95,2.56,102.32,69.883,8.24,24.409,2789
18/13:15:21,9.98,2.56,102.32,69.828,8.23,24.42,2790
18/13:15:21,9.87,2.56,102.32,69.828,8.23,24.431,2791
18/13:15:22,9.87,2.55,102.31,69.839,8.23,24.442,2792
18/13:15:22,10.01,2.54,102.32,69.806,8.23,24.453,2793
18/13:15:23,9.9,2.55,102.32,69.696,8.23,24.464,2794
18/13:15:24,9.94,2.54,102.31,69.707,8.23,24.475,2795
18/13:15:24,9.97,2.56,102.32,69.575,8.23,24.486,2796
18/13:15:25,10.0,2.56,102.31,69.157,8.23,24.497,2797
18/13:15:25,10.0,2.56,102.31,69.047,8.23,24.508,2798
18/13:15:26,9.98,2.57,102.3,69.113,8.22,24.508,2799
18/13:15:27,10.02,2.57,102.3,68.97,8.22,24.53,2800
18/13:15:27,10.0,2.59,102.32,68.574,8.22,24.552,2801
18/13:15:28,10.06,2.59,102.32,68.552,8.22,24.563,2802
18/13:15:29,9.97,2.56,102.32,68.541,8.22,24.574,2803
18/13:15:29,9.94,2.56,102.34,68.541,8.22,24.585,2804
18/13:15:29,9.94,2.56,102.33,68.453,8.22,24.585,2805
18/13:15:30,10.1,2.56,102.34,68.387,8.22,24.596,2806
18/13:15:31,10.04,2.56,102.34,68.387,8.21,24.607,2807
18/13:15:31,10.01,2.56,102.35,68.277,8.21,24.618,2808
18/13:15:32,9.99,2.56,102.33,68.244,8.21,24.629,2809
18/13:15:32,10.01,2.56,102.33,68.156,8.21,24.64,2810
18/13:15:33,10.01,2.56,102.33,67.958,8.21,24.662,2811
18/13:15:34,9.88,2.56,102.32,67.804,8.21,24.684,2812
18/13:15:35,9.9,2.56,102.32,67.76,8.21,24.684,2813
18/13:15:35,9.91,2.56,102.3,67.683,8.2,24.695,2814
18/13:15:36,9.93,2.56,102.31,67.639,8.2,24.706,2815
18/13:15:37,9.87,2.56,102.32,67.661,8.2,24.717,2816
18/13:15:37,9.9,2.55,102.3,67.65,8.2,24.728,2817
18/13:15:38,9.94,2.56,102.3,67.661,8.2,24.739,2818
18/13:15:38,9.93,2.55,102.31,67.705,8.2,24.75,2819
18/13:15:39,9.96,2.55,102.33,67.705,8.2,24.761,2820
18/13:15:39,9.96,2.54,102.32,67.65,8.2,24.772,2821
18/13:15:40,9.88,2.54,102.33,67.595,8.2,24.783,2822
18/13:15:40,9.89,2.54,102.32,67.518,8.19,24.783,2823
18/13:15:41,9.92,2.56,102.32,67.408,8.19,24.805,2824
18/13:15:42,9.98,2.56,102.33,67.21,8.19,24.816,2825
18/13:15:42,9.95,2.56,102.32,66.957,8.19,24.816,2826
18/13:15:43,9.93,2.57,102.31,66.88,8.19,24.827,2827
18/13:15:43,9.9,2.59,102.31,66.726,8.19,24.849,2828
18/13:15:45,9.97,2.6,102.28,66.308,8.19,24.86,2829
18/13:15:46,9.95,2.59,102.3,66.022,8.17,24.893,2830
18/13:15:46,9.98,2.57,102.28,66.033,8.17,24.904,2831
18/13:15:47,9.99,2.57,102.28,65.923,8.17,24.915,2832
18/13:15:47,9.97,2.56,102.28,65.835,8.17,24.926,2833
18/13:15:48,9.93,2.56,102.28,65.824,8.17,24.937,2834
18/13:15:49,9.92,2.56,102.28,65.802,8.17,24.948,2835
18/13:15:49,9.89,2.56,102.28,65.758,8.17,24.948,2836
18/13:15:50,9.87,2.56,102.28,65.857,8.16,24.97,2837
18/13:15:51,9.88,2.55,102.28,65.725,8.16,24.981,2838
18/13:15:51,9.91,2.53,102.27,65.582,8.16,24.992,2839
18/13:15:52,9.89,2.54,102.27,65.56,8.16,25.003,2840
18/13:15:52,9.89,2.54,102.28,65.604,8.16,25.014,2841
18/13:15:53,9.91,2.55,102.28,65.428,8.16,25.025,2842
18/13:15:54,9.9,2.55,102.28,65.285,8.16,25.036,2843
18/13:15:55,9.84,2.56,102.28,65.285,8.16,25.047,2844
18/13:15:55,9.89,2.56,102.28,65.142,8.16,25.058,2845
18/13:15:56,9.88,2.55,102.28,64.801,8.16,25.08,2846
18/13:15:56,9.9,2.55,102.28,64.625,8.16,25.091,2847
18/13:15:57,9.91,2.54,102.28,64.526,8.16,25.091,2848
18/13:15:57,10.0,2.54,102.27,64.416,8.16,25.102,2849
18/13:15:58,10.34,2.54,102.26,64.295,8.16,25.113,2850
18/13:15:58,10.78,2.54,102.22,64.284,8.16,25.124,2851
18/13:15:59,11.16,2.54,102.17,64.24,8.16,25.135,2852
18/13:15:59,11.56,2.54,102.14,64.284,8.15,25.146,2853
18/13:16:00,11.87,2.54,102.11,64.251,8.15,25.157,2854
18/13:16:01,12.22,2.55,102.07,64.262,8.15,25.157,2855
18/13:16:01,12.65,2.55,102.05,64.262,8.15,25.168,2856
18/13:16:02,12.91,2.54,102.01,64.317,8.15,25.179,2857
18/13:16:02,12.75,2.54,101.98,64.416,8.15,25.19,2858
18/13:16:03,12.57,2.53,102.0,64.328,8.15,25.201,2859
18/13:16:03,12.31,2.52,102.02,64.317,8.14,25.212,2860
18/13:16:05,11.32,2.5,102.08,64.097,8.14,25.234,2861
18/13:16:05,11.05,2.48,102.11,63.921,8.14,25.245,2862
18/13:16:06,10.85,2.48,102.15,63.844,8.14,25.256,2863
18/13:16:07,10.81,2.47,102.18,63.811,8.14,25.267,2864
18/13:16:07,10.77,2.45,102.17,63.69,8.13,25.278,2865
18/13:16:08,10.86,2.46,102.17,63.503,8.13,25.289,2866
18/13:16:09,11.02,2.46,102.16,63.283,8.13,25.311,2867
18/13:16:10,11.07,2.47,102.16,63.118,8.13,25.322,2868
18/13:16:10,11.03,2.49,102.15,62.997,8.13,25.333,2869
18/13:16:11,11.06,2.5,102.13,62.898,8.13,25.333,2870
18/13:16:11,11.03,2.5,102.14,62.81,8.12,25.344,2871
18/13:16:12,11.01,2.5,102.15,62.755,8.12,25.355,2872
18/13:16:12,11.0,2.5,102.14,62.656,8.12,25.366,2873
18/13:16:13,11.05,2.51,102.14,62.59,8.12,25.377,2874
18/13:16:13,11.01,2.51,102.14,62.458,8.12,25.388,2875
18/13:16:14,10.97,2.51,102.13,62.37,8.12,25.388,2876
18/13:16:15,10.96,2.52,102.14,62.381,8.12,25.399,2877
18/13:16:15,10.99,2.55,102.15,62.337,8.12,25.41,2878
18/13:16:16,11.01,2.59,102.16,62.194,8.11,25.443,2879
18/13:16:17,11.05,2.61,102.17,62.183,8.11,25.443,2880
18/13:16:17,11.09,2.63,102.18,62.183,8.11,25.454,2881
18/13:16:18,11.06,2.64,102.17,62.15,8.11,25.465,2882
18/13:16:19,11.06,2.67,102.14,62.271,8.11,25.487,2883
18/13:16:20,11.0,2.68,102.15,62.249,8.1,25.498,2884
18/13:16:20,10.99,2.68,102.14,62.139,8.1,25.498,2885
18/13:16:21,10.96,2.69,102.12,62.062,8.1,25.52,2886
18/13:16:22,10.97,2.7,102.11,61.908,8.1,25.531,2887
18/13:16:23,11.03,2.7,102.13,61.787,8.1,25.553,2888
18/13:16:23,11.02,2.69,102.13,61.732,8.1,25.553,2889
18/13:16:24,11.07,2.69,102.15,61.644,8.1,25.564,2890
18/13:16:25,11.05,2.69,102.14,61.611,8.09,25.575,2891
18/13:16:25,11.09,2.71,102.16,61.622,8.09,25.586,2892
18/13:16:25,11.08,2.7,102.15,61.655,8.09,25.597,2893
18/13:16:26,10.99,2.71,102.15,61.655,8.09,25.597,2894
18/13:16:27,11.02,2.7,102.14,61.688,8.09,25.608,2895
18/13:16:28,10.9,2.7,102.13,61.578,8.09,25.63,2896
18/13:16:28,10.93,2.7,102.12,61.512,8.09,25.641,2897
18/13:16:29,10.97,2.69,102.09,61.402,8.08,25.652,2898
18/13:16:30,11.0,2.7,102.1,61.292,8.08,25.663,2899
18/13:16:31,11.0,2.72,102.11,61.127,8.08,25.685,2900
18/13:16:31,11.03,2.73,102.12,61.127,8.08,25.696,2901
18/13:16:32,11.12,2.74,102.13,61.083,8.08,25.696,2902
18/13:16:32,11.08,2.74,102.12,60.973,8.08,25.707,2903
18/13:16:33,11.05,2.72,102.12,60.995,8.07,25.718,2904
18/13:16:34,10.92,2.66,102.14,60.951,8.07,25.74,2905
18/13:16:34,11.01,2.6,102.13,60.896,8.07,25.74,2906
18/13:16:35,11.0,2.52,102.13,60.808,8.07,25.751,2907
18/13:16:36,10.9,2.27,102.1,60.786,8.07,25.773,2908
18/13:16:37,10.9,2.03,102.08,60.808,8.06,25.784,2909
18/13:16:37,10.91,1.93,102.05,60.764,8.06,25.795,2910
18/13:16:38,10.86,1.82,102.06,60.72,8.06,25.806,2911
18/13:16:39,10.93,1.73,102.05,60.643,8.06,25.817,2912
18/13:16:39,10.91,1.73,102.05,60.621,8.06,25.828,2913
18/13:16:40,11.0,1.76,102.05,60.709,8.06,25.839,2914
18/13:16:41,11.04,1.65,102.05,60.577,8.05,25.861,2915
18/13:16:42,11.01,1.56,102.02,60.676,8.05,25.872,2916
18/13:16:43,10.99,1.53,102.0,60.698,8.05,25.883,2917
18/13:16:43,11.0,1.47,102.0,60.72,8.05,25.894,2918
18/13:16:44,10.94,1.47,101.98,60.775,8.05,25.916,2919
18/13:16:45,10.92,1.53,101.99,60.808,8.04,25.916,2920
18/13:16:45,10.89,1.6,102.0,60.841,8.04,25.916,2921
18/13:16:46,10.93,1.71,102.01,60.83,8.04,25.927,2922
18/13:16:47,10.92,1.77,102.02,60.786,8.04,25.949,2923
18/13:16:48,10.96,1.93,102.03,60.808,8.04,25.971,2924
18/13:16:49,10.96,2.08,102.04,60.808,8.03,25.993,2925
18/13:16:50,11.01,2.16,102.04,60.797,8.03,26.004,2926
18/13:16:50,11.05,2.27,102.06,60.786,8.03,26.015,2927
18/13:16:52,10.57,2.14,102.11,60.885,8.03,26.037,2928
18/13:16:53,9.96,1.87,102.21,60.841,8.02,26.059,2929
18/13:16:53,9.71,1.72,102.24,60.775,8.02,26.059,2930
18/13:16:54,9.65,1.67,102.23,60.742,8.02,26.07,2931
18/13:16:54,9.6,1.62,102.23,60.786,8.02,26.081,2932
18/13:16:55,9.65,1.56,102.21,60.731,8.02,26.092,2933
18/13:16:56,10.11,1.65,102.16,60.797,8.02,26.114,2934
18/13:16:57,10.43,1.7,102.1,60.841,8.02,26.114,2935
18/13:16:57,10.72,1.77,102.03,60.852,8.01,26.125,2936
18/13:16:58,11.03,1.64,101.94,61.006,8.01,26.147,2937
18/13:16:58,10.97,1.53,101.93,61.116,8.01,26.147,2938
18/13:16:59,10.93,1.41,101.92,61.182,8.01,26.158,2939
18/13:17:00,10.88,1.22,101.9,61.226,8.01,26.18,2940
18/13:17:01,10.93,1.14,101.9,61.336,8.0,26.191,2941
18/13:17:01,10.84,1.12,101.92,61.424,8.0,26.202,2942
18/13:17:02,10.84,1.13,101.93,61.622,8.0,26.213,2943
18/13:17:03,10.86,1.14,101.94,61.622,8.0,26.224,2944
18/13:17:04,10.88,1.16,101.92,61.644,8.0,26.235,2945
18/13:17:04,10.87,1.24,101.91,61.787,7.99,26.246,2946
18/13:17:05,10.86,1.26,101.91,61.864,7.99,26.257,2947
18/13:17:05,10.84,1.26,101.91,61.93,7.99,26.268,2948
18/13:17:06,10.82,1.27,101.92,62.04,7.99,26.279,2949
18/13:17:06,10.89,1.28,101.92,62.073,7.99,26.29,2950
18/13:17:07,10.89,1.31,101.93,62.095,7.99,26.301,2951
18/13:17:08,10.93,1.43,101.96,62.183,7.98,26.312,2952
18/13:17:09,10.74,1.52,101.99,62.271,7.98,26.323,2953
18/13:17:09,9.74,1.56,102.05,62.194,7.98,26.334,2954
18/13:17:09,8.48,1.63,102.18,61.941,7.98,26.345,2955
18/13:17:10,7.21,1.64,102.32,61.677,7.98,26.345,2956
18/13:17:11,5.72,1.62,102.44,61.259,7.98,26.356,2957
18/13:17:11,4.14,1.55,102.59,60.808,7.98,26.367,2958
18/13:17:12,2.84,1.45,102.71,60.412,7.98,26.378,2959
18/13:17:13,0.5,1.17,99.79,25.355,7.98,26.389,2960
18/13:17:13,0.19,1.07,97.64,2.233,7.98,26.389,2961
18/13:17:14,0.09,1.0,95.82,0.748,7.98,26.389,2962
18/13:17:15,0.05,0.98,91.9,3.52,7.98,26.4,2963
18/13:17:16,0.02,1.0,89.8,4.653,7.98,26.4,2964
18/13:17:16,0.0,1.04,87.85,6.281,7.98,26.4,2965
18/13:17:16,0.0,1.13,87.24,7.81,7.98,26.4,2966
18/13:17:17,0.0,1.22,87.4,10.439,7.98,26.4,2967
18/13:17:17,0.0,1.3,87.63,13.849,7.98,26.4,2968
18/13:17:18,0.0,1.38,88.14,15.642,7.98,26.4,2969
18/13:17:18,0.0,1.46,88.87,18.689,7.98,26.4,2970
18/13:17:19,0.0,1.56,89.7,21.78,7.98,26.411,2971
18/13:17:20,0.0,1.63,90.7,22.704,7.98,26.411,2972
18/13:17:20,0.0,1.7,91.91,23.529,7.98,26.411,2973
18/13:17:21,0.0,1.8,93.16,24.629,7.98,26.422,2974
18/13:17:21,0.0,1.94,95.69,26.213,7.98,26.422,2975
18/13:17:22,0.0,2.05,97.49,26.983,7.98,26.422,2976
18/13:17:23,0.01,2.17,99.0,26.939,7.98,26.433,2977
18/13:17:23,0.02,2.28,101.47,26.268,7.98,26.433,2978
18/13:17:24,0.02,2.31,102.43,25.916,7.98,26.444,2979
18/13:17:24,0.03,2.28,103.22,25.674,7.98,26.444,2980
18/13:17:25,0.03,2.21,103.51,25.344,7.98,26.444,2981
18/13:17:26,0.03,2.01,103.33,24.508,7.98,26.455,2982
18/13:17:26,0.02,1.91,103.15,23.21,7.98,26.455,2983
18/13:17:27,0.02,1.83,103.09,21.659,7.98,26.466,2984
18/13:17:28,0.01,1.74,103.12,20.625,7.98,26.466,2985
18/13:17:28,0.01,1.68,103.16,19.624,7.98,26.466,2986
18/13:17:29,0.01,1.61,103.18,18.425,7.99,26.466,2987
18/13:17:29,0.01,1.55,103.18,17.864,7.99,26.477,2988
18/13:17:30,1.11,1.42,103.27,17.182,7.99,26.477,2989
18/13:17:31,2.33,1.37,103.28,17.435,7.99,26.477,2990
18/13:17:31,4.11,1.25,103.11,18.172,7.99,26.488,2991
18/13:17:32,6.1,1.23,102.91,19.008,7.98,26.488,2992
18/13:17:32,7.68,1.24,102.7,20.031,7.98,26.488,2993
18/13:17:33,9.33,1.24,102.48,20.922,7.98,26.488,2994
18/13:17:34,12.77,1.28,102.18,22.671,7.98,26.499,2995
18/13:17:35,13.41,1.31,102.1,23.529,7.98,26.499,2996
18/13:17:35,13.28,1.37,102.09,24.178,7.98,26.51,2997
18/13:17:35,11.94,1.46,102.19,24.607,7.97,26.51,2998
18/13:17:36,10.45,1.49,102.31,24.772,7.97,26.51,2999
18/13:17:36,9.57,1.51,102.41,24.783,7.97,26.521,3000
18/13:17:37,9.21,1.53,102.47,24.893,7.97,26.521,3001
18/13:17:37,8.73,1.53,102.48,25.212,7.97,26.521,3002
18/13:17:39,8.37,1.42,102.53,26.708,7.97,26.532,3003
18/13:17:39,9.18,1.28,102.46,27.126,7.97,26.543,3004
18/13:17:40,9.84,1.15,102.38,27.654,7.96,26.543,3005
18/13:17:41,10.09,0.99,102.32,28.171,7.96,26.543,3006
18/13:17:41,9.73,0.82,102.31,28.545,7.96,26.554,3007
18/13:17:42,9.31,0.69,102.33,28.963,7.96,26.554,3008
18/13:17:42,8.84,0.59,102.33,29.37,7.96,26.565,3009
18/13:17:43,8.56,0.49,102.35,29.755,7.96,26.565,3010
18/13:17:44,8.02,0.4,102.37,30.558,7.96,26.576,3011
18/13:17:44,8.42,0.45,102.34,30.954,7.95,26.576,3012
18/13:17:45,8.75,0.52,102.32,31.405,7.95,26.587,3013
18/13:17:46,9.56,0.68,102.28,32.252,7.95,26.587,3014
18/13:17:46,10.03,0.77,102.24,32.659,7.95,26.598,3015
18/13:17:47,10.42,0.89,102.2,33.033,7.95,26.598,3016
18/13:17:47,11.03,1.01,102.15,33.418,7.95,26.609,3017
18/13:17:48,12.18,1.05,102.06,33.935,7.95,26.609,3018
18/13:17:48,12.75,1.08,101.99,34.584,7.94,26.62,3019
18/13:17:49,13.26,1.07,101.9,35.178,7.94,26.62,3020
18/13:17:50,13.93,1.09,101.85,35.816,7.94,26.631,3021
18/13:17:50,14.3,1.07,101.8,36.355,7.94,26.631,3022
18/13:17:50,14.69,1.06,101.74,36.894,7.94,26.642,3023
18/13:17:51,15.12,1.04,101.71,37.367,7.93,26.642,3024
18/13:17:52,14.66,0.98,101.71,37.774,7.93,26.642,3025
18/13:17:52,13.75,0.94,101.8,38.016,7.93,26.653,3026
18/13:17:53,13.01,0.91,101.86,38.247,7.93,26.664,3027
18/13:17:53,12.23,0.88,101.91,38.5,7.93,26.664,3028
18/13:17:54,11.44,0.81,101.97,38.72,7.93,26.675,3029
18/13:17:54,10.92,0.74,102.0,38.852,7.92,26.675,3030
18/13:17:55,10.44,0.68,102.04,39.127,7.92,26.686,3031
18/13:17:55,10.66,0.67,102.03,39.578,7.92,26.686,3032
18/13:17:56,11.64,0.63,101.91,40.205,7.92,26.697,3033
18/13:17:56,12.79,0.63,101.78,40.755,7.92,26.697,3034
18/13:17:58,15.15,0.68,101.54,41.888,7.91,26.708,3035
18/13:17:58,16.33,0.68,101.41,42.57,7.91,26.708,3036
18/13:17:59,18.41,0.67,101.18,43.802,7.91,26.73,3037
18/13:18:00,18.82,0.62,101.15,44.308,7.9,26.741,3038
18/13:18:01,18.83,0.57,101.11,45.485,7.9,26.752,3039
18/13:18:01,18.39,0.57,101.15,45.837,7.9,26.752,3040
18/13:18:01,17.88,0.56,101.18,46.156,7.88,26.763,3041
18/13:18:02,17.47,0.56,101.21,46.508,7.88,26.774,3042
18/13:18:03,17.12,0.56,101.25,46.849,7.88,26.774,3043
18/13:18:04,16.0,0.59,101.34,47.608,7.88,26.785,3044
18/13:18:04,15.44,0.56,101.4,47.872,7.88,26.796,3045
18/13:18:05,15.23,0.57,101.42,48.158,7.88,26.807,3046
18/13:18:05,15.32,0.56,101.42,48.466,7.88,26.807,3047
18/13:18:06,15.41,0.59,101.43,48.84,7.87,26.818,3048
18/13:18:07,15.36,0.57,101.44,49.082,7.87,26.829,3049
18/13:18:07,15.23,0.57,101.43,49.324,7.87,26.829,3050
18/13:18:07,15.27,0.57,101.41,49.577,7.87,26.84,3051
18/13:18:08,15.3,0.56,101.42,49.797,7.87,26.851,3052
18/13:18:08,15.27,0.57,101.41,50.083,7.86,26.851,3053
18/13:18:09,15.2,0.56,101.4,50.38,7.86,26.862,3054
18/13:18:09,15.16,0.54,101.39,50.721,7.86,26.873,3055
18/13:18:11,15.27,0.55,101.36,51.26,7.86,26.884,3056
18/13:18:11,15.26,0.56,101.37,51.535,7.85,26.895,3057
18/13:18:12,15.22,0.56,101.37,51.788,7.85,26.895,3058
18/13:18:12,15.3,0.57,101.36,52.129,7.85,26.906,3059
18/13:18:13,15.28,0.57,101.36,52.415,7.85,26.917,3060
18/13:18:13,15.33,0.6,101.37,52.701,7.84,26.917,3061
18/13:18:14,15.43,0.62,101.37,52.932,7.84,26.928,3062
18/13:18:14,15.38,0.63,101.36,53.163,7.84,26.939,3063
18/13:18:15,15.34,0.64,101.37,53.361,7.84,26.95,3064
18/13:18:15,15.25,0.67,101.36,53.724,7.84,26.95,3065
18/13:18:16,15.28,0.67,101.36,53.911,7.83,26.961,3066
18/13:18:16,15.32,0.67,101.36,54.098,7.83,26.972,3067
18/13:18:17,15.31,0.69,101.35,54.362,7.83,26.972,3068
18/13:18:18,15.22,0.71,101.33,54.714,7.83,26.994,3069
18/13:18:18,15.33,0.75,101.34,54.846,7.82,27.005,3070
18/13:18:19,15.25,0.76,101.33,55.077,7.82,27.005,3071
18/13:18:20,15.28,0.8,101.33,55.264,7.82,27.016,3072
18/13:18:20,15.34,0.91,101.34,55.308,7.82,27.016,3073
18/13:18:21,15.42,1.04,101.34,55.715,7.81,27.027,3074
18/13:18:22,15.46,1.11,101.36,56.133,7.81,27.06,3075
18/13:18:23,15.42,1.15,101.36,56.32,7.81,27.06,3076
18/13:18:23,15.52,1.24,101.37,56.441,7.8,27.071,3077
18/13:18:24,15.53,1.35,101.38,56.551,7.8,27.082,3078
18/13:18:25,15.44,1.49,101.38,56.903,7.8,27.093,3079
18/13:18:26,15.25,1.55,101.39,57.266,7.79,27.115,3080
18/13:18:26,15.11,1.53,101.38,57.563,7.79,27.126,3081
18/13:18:27,14.73,1.48,101.42,57.75,7.79,27.126,3082
18/13:18:28,14.18,1.39,101.45,57.849,7.79,27.137,3083
18/13:18:28,12.75,1.14,101.55,57.86,7.78,27.159,3084
18/13:18:29,11.9,1.02,101.64,57.816,7.78,27.17,3085
18/13:18:30,10.95,0.93,101.71,57.739,7.78,27.17,3086
18/13:18:30,9.91,0.87,101.8,57.585,7.78,27.181,3087
18/13:18:31,8.99,0.83,101.89,57.398,7.78,27.192,3088
18/13:18:31,8.65,0.78,101.93,57.343,7.78,27.203,3089
18/13:18:32,8.12,0.71,102.0,57.156,7.77,27.214,3090
18/13:18:33,8.28,0.69,102.01,57.057,7.77,27.225,3091
18/13:18:33,8.32,0.68,102.0,57.035,7.77,27.236,3092
18/13:18:34,8.28,0.68,102.0,56.969,7.77,27.236,3093
18/13:18:34,8.28,0.68,102.01,56.969,7.77,27.247,3094
18/13:18:35,8.22,0.68,102.02,56.826,7.77,27.269,3095
18/13:18:36,8.11,0.67,102.03,56.837,7.77,27.269,3096
18/13:18:36,7.93,0.67,102.04,56.848,7.77,27.28,3097
18/13:18:37,7.69,0.67,102.05,56.826,7.77,27.291,3098
18/13:18:38,7.62,0.66,102.07,56.782,7.76,27.302,3099
18/13:18:38,7.62,0.66,102.1,56.716,7.76,27.302,3100
18/13:18:39,7.61,0.65,102.11,56.672,7.76,27.313,3101
18/13:18:39,7.65,0.65,102.11,56.628,7.76,27.324,3102
18/13:18:40,7.68,0.65,102.1,56.573,7.76,27.335,3103
18/13:18:40,7.66,0.65,102.09,56.529,7.76,27.335,3104
18/13:18:41,7.72,0.64,102.09,56.452,7.76,27.346,3105
18/13:18:42,7.67,0.64,102.08,56.397,7.76,27.368,3106
18/13:18:42,7.65,0.64,102.06,56.43,7.75,27.379,3107
18/13:18:43,7.68,0.64,102.06,56.397,7.75,27.39,3108
18/13:18:44,7.67,0.65,102.06,56.353,7.75,27.401,3109
18/13:18:45,7.68,0.66,102.08,56.199,7.75,27.412,3110
18/13:18:45,7.66,0.67,102.05,56.133,7.75,27.423,3111
18/13:18:46,7.64,0.67,102.05,56.111,7.75,27.434,3112
18/13:18:47,7.48,0.62,102.06,56.111,7.75,27.434,3113
18/13:18:47,7.13,0.54,102.14,56.144,7.75,27.445,3114
18/13:18:48,6.78,0.45,102.2,56.133,7.74,27.456,3115
18/13:18:48,6.46,0.36,102.23,56.1,7.74,27.467,3116
18/13:18:49,6.16,0.28,102.27,56.111,7.74,27.467,3117
18/13:18:49,5.88,0.18,102.32,56.067,7.74,27.478,3118
18/13:18:49,5.59,0.1,102.35,55.979,7.74,27.489,3119
18/13:18:50,5.35,0.02,102.4,55.935,7.74,27.5,3120
18/13:18:51,5.37,0.01,102.39,55.913,7.74,27.5,3121
18/13:18:51,5.35,0.01,102.39,55.913,7.74,27.511,3122
18/13:18:52,5.42,0.01,102.37,55.803,7.74,27.522,3123
18/13:18:52,5.42,0.01,102.36,55.77,7.74,27.533,3124
18/13:18:53,5.55,0.01,102.37,55.814,7.74,27.533,3125
18/13:18:53,5.56,0.01,102.36,55.814,7.74,27.544,3126
18/13:18:54,5.65,0.01,102.35,55.66,7.73,27.555,3127
18/13:18:55,5.7,0.01,102.35,55.671,7.73,27.566,3128
18/13:18:56,5.75,0.01,102.34,55.528,7.73,27.577,3129
18/13:18:56,5.7,0.01,102.35,55.517,7.73,27.588,3130
18/13:18:56,5.78,0.05,102.33,55.627,7.73,27.588,3131
18/13:18:57,5.97,0.14,102.28,55.616,7.73,27.599,3132
18/13:18:57,6.22,0.24,102.27,55.594,7.73,27.61,3133
18/13:18:58,6.38,0.34,102.23,55.726,7.73,27.621,3134
18/13:18:58,6.61,0.44,102.21,55.748,7.73,27.632,3135
18/13:18:59,6.82,0.54,102.19,55.737,7.73,27.632,3136
18/13:18:59,7.08,0.64,102.15,55.825,7.73,27.643,3137
18/13:19:00,7.8,0.75,102.09,55.979,7.72,27.654,3138
18/13:19:01,8.23,0.78,102.06,56.067,7.72,27.654,3139
18/13:19:01,8.55,0.78,102.01,56.166,7.72,27.665,3140
18/13:19:02,9.27,0.76,101.95,56.463,7.72,27.687,3141
18/13:19:03,9.34,0.76,101.92,56.551,7.72,27.687,3142
18/13:19:03,9.08,0.74,101.95,56.573,7.72,27.698,3143
18/13:19:04,8.64,0.74,101.96,56.551,7.72,27.709,3144
18/13:19:04,8.18,0.73,102.03,56.54,7.71,27.72,3145
18/13:19:05,7.59,0.75,102.09,56.485,7.71,27.72,3146
18/13:19:06,7.07,0.78,102.14,56.43,7.71,27.731,3147
18/13:19:06,6.28,0.9,102.25,56.243,7.71,27.753,3148
18/13:19:07,6.22,0.95,102.27,56.155,7.71,27.753,3149
18/13:19:08,6.6,1.01,102.25,56.089,7.71,27.775,3150
18/13:19:09,6.92,1.03,102.21,56.078,7.71,27.786,3151
18/13:19:09,7.22,1.03,102.18,56.111,7.71,27.786,3152
18/13:19:10,7.56,1.01,102.16,56.199,7.71,27.797,3153
18/13:19:10,7.82,0.96,102.13,56.287,7.7,27.808,3154
18/13:19:11,7.88,0.9,102.1,56.265,7.7,27.808,3155
18/13:19:11,7.88,0.87,102.09,56.232,7.7,27.808,3156
18/13:19:12,7.59,0.85,102.11,56.155,7.7,27.841,3157
18/13:19:13,7.41,0.86,102.14,56.177,7.7,27.852,3158
18/13:19:13,7.23,0.88,102.16,56.221,7.7,27.852,3159
18/13:19:14,7.04,0.89,102.18,56.144,7.7,27.863,3160
18/13:19:14,6.88,0.91,102.19,56.045,7.7,27.874,3161
18/13:19:15,6.85,0.92,102.22,56.089,7.7,27.885,3162
18/13:19:16,6.85,0.91,102.24,56.122,7.69,27.896,3163
18/13:19:17,6.91,0.91,102.23,56.111,7.69,27.907,3164
18/13:19:17,6.89,0.9,102.24,56.078,7.69,27.918,3165
18/13:19:17,7.05,0.86,102.22,56.089,7.69,27.918,3166
18/13:19:18,7.34,0.84,102.19,56.078,7.69,27.929,3167
18/13:19:18,7.63,0.83,102.16,56.089,7.69,27.94,3168
18/13:19:19,7.81,0.82,102.13,56.1,7.69,27.951,3169
18/13:19:20,7.93,0.81,102.11,56.122,7.69,27.951,3170
18/13:19:20,8.04,0.81,102.09,56.1,7.69,27.962,3171
18/13:19:20,8.12,0.8,102.09,56.133,7.69,27.973,3172
18/13:19:21,8.23,0.78,102.08,56.21,7.68,27.984,3173
18/13:19:22,7.7,0.77,102.1,56.287,7.68,27.995,3174
18/13:19:23,7.45,0.76,102.13,56.243,7.68,28.006,3175
18/13:19:23,7.4,0.75,102.15,56.298,7.68,28.006,3176
18/13:19:24,7.49,0.75,102.13,56.353,7.68,28.017,3177
18/13:19:24,7.64,0.75,102.12,56.386,7.68,28.028,3178
18/13:19:25,8.07,0.76,102.07,56.518,7.68,28.039,3179
18/13:19:27,8.83,0.75,102.03,56.683,7.67,28.061,3180
18/13:19:27,9.28,0.78,101.96,56.749,7.67,28.072,3181
18/13:19:28,9.22,0.81,101.97,56.793,7.67,28.083,3182
18/13:19:28,9.16,0.84,101.97,56.804,7.67,28.094,3183
18/13:19:29,9.02,0.89,101.99,56.749,7.67,28.105,3184
18/13:19:30,9.13,0.99,101.97,56.848,7.67,28.116,3185
18/13:19:30,9.2,1.05,101.97,57.013,7.66,28.116,3186
18/13:19:31,9.19,1.11,101.94,57.079,7.66,28.127,3187
18/13:19:32,9.36,1.19,101.94,57.134,7.66,28.149,3188
18/13:19:33,9.78,1.34,101.91,57.376,7.66,28.16,3189
18/13:19:33,9.94,1.42,101.9,57.42,7.66,28.171,3190
18/13:19:34,9.92,1.46,101.9,57.442,7.66,28.182,3191
18/13:19:34,9.92,1.46,101.91,57.53,7.66,28.182,3192
18/13:19:35,9.97,1.46,101.92,57.552,7.65,28.193,3193
18/13:19:35,9.95,1.44,101.93,57.651,7.65,28.204,3194
18/13:19:36,9.95,1.41,101.94,57.684,7.65,28.215,3195
18/13:19:37,10.0,1.39,101.94,57.783,7.65,28.215,3196
18/13:19:37,10.01,1.38,101.94,57.915,7.65,28.226,3197
18/13:19:38,10.03,1.36,101.94,58.025,7.65,28.237,3198
18/13:19:38,10.0,1.34,101.93,58.124,7.65,28.248,3199
18/13:19:38,10.09,1.35,101.93,58.19,7.65,28.248,3200
18/13:19:39,10.05,1.36,101.92,58.223,7.64,28.259,3201
18/13:19:40,10.06,1.41,101.92,58.278,7.64,28.27,3202
18/13:19:40,10.02,1.42,101.92,58.388,7.64,28.281,3203
18/13:19:41,10.0,1.41,101.92,58.454,7.64,28.292,3204
18/13:19:41,9.99,1.4,101.92,58.498,7.64,28.292,3205
18/13:19:42,10.02,1.4,101.91,58.586,7.64,28.303,3206
18/13:19:42,10.03,1.44,101.92,58.63,7.64,28.314,3207
18/13:19:43,9.95,1.54,101.93,58.729,7.64,28.325,3208
18/13:19:43,9.95,1.67,101.95,58.795,7.63,28.325,3209
18/13:19:44,10.0,1.79,101.95,58.729,7.63,28.336,3210
18/13:19:44,9.96,1.94,101.95,58.729,7.63,28.347,3211
18/13:19:45,9.94,2.1,101.96,58.795,7.63,28.358,3212
18/13:19:45,9.89,2.25,101.98,58.872,7.63,28.369,3213
18/13:19:46,9.95,2.39,101.99,58.949,7.63,28.369,3214
18/13:19:46,9.9,2.53,102.01,59.059,7.63,28.38,3215
18/13:19:47,9.88,2.62,102.02,59.147,7.63,28.391,3216
18/13:19:48,9.88,2.7,102.03,59.312,7.63,28.402,3217
18/13:19:48,9.84,2.78,102.05,59.51,7.62,28.413,3218
18/13:19:49,9.9,2.72,102.04,59.576,7.62,28.424,3219
18/13:19:49,9.85,2.6,102.02,59.697,7.62,28.435,3220
18/13:19:51,9.89,2.21,101.99,59.873,7.62,28.457,3221
18/13:19:51,9.93,2.03,101.97,59.928,7.62,28.457,3222
18/13:19:52,9.88,1.8,101.95,60.126,7.62,28.468,3223
18/13:19:53,9.95,1.19,101.88,60.357,7.61,28.49,3224
18/13:19:54,9.96,1.04,101.86,60.489,7.61,28.512,3225
18/13:19:55,9.95,0.99,101.84,60.588,7.61,28.523,3226
18/13:19:55,9.94,0.93,101.83,60.698,7.61,28.534,3227
18/13:19:56,9.93,0.88,101.82,60.808,7.61,28.534,3228
18/13:19:56,9.92,0.84,101.82,60.929,7.6,28.545,3229
18/13:19:57,9.95,0.82,101.8,61.116,7.6,28.556,3230
18/13:19:57,9.91,0.8,101.8,61.248,7.6,28.567,3231
18/13:19:58,9.92,0.79,101.8,61.303,7.6,28.578,3232
18/13:19:59,9.94,0.78,101.81,61.457,7.6,28.589,3233
18/13:19:59,9.94,0.76,101.81,61.754,7.6,28.6,3234
18/13:20:01,9.99,0.75,101.82,62.183,7.59,28.633,3235
18/13:20:02,9.96,0.76,101.82,62.403,7.59,28.644,3236
18/13:20:03,10.01,0.78,101.83,62.535,7.59,28.655,3237
18/13:20:03,10.01,0.83,101.83,62.667,7.59,28.666,3238
18/13:20:04,9.98,0.91,101.84,62.766,7.59,28.677,3239
18/13:20:04,9.98,1.05,101.85,62.843,7.58,28.688,3240
18/13:20:05,10.0,1.26,101.88,62.964,7.58,28.688,3241
18/13:20:05,9.98,1.5,101.89,63.14,7.58,28.699,3242
18/13:20:06,9.96,1.75,101.92,63.261,7.58,28.71,3243
18/13:20:06,9.95,1.98,101.94,63.47,7.58,28.721,3244
18/13:20:07,9.93,2.27,101.96,63.69,7.58,28.732,3245
18/13:20:08,9.92,2.61,101.99,63.921,7.58,28.743,3246
18/13:20:09,9.88,2.71,101.99,64.042,7.58,28.754,3247
18/13:20:09,9.87,2.75,101.99,64.207,7.57,28.765,3248
18/13:20:09,9.9,2.76,102.0,64.317,7.57,28.776,3249
18/13:20:10,9.92,2.75,101.99,64.515,7.57,28.787,3250
18/13:20:10,9.89,2.75,101.98,64.746,7.57,28.798,3251
18/13:20:11,9.86,2.76,102.0,64.955,7.57,28.809,3252
18/13:20:12,9.91,2.77,102.0,65.241,7.57,28.82,3253
18/13:20:12,9.9,2.76,102.0,65.461,7.57,28.82,3254
18/13:20:13,9.96,2.73,102.01,65.703,7.57,28.842,3255
18/13:20:14,9.99,2.72,102.0,65.945,7.56,28.853,3256
18/13:20:14,9.98,2.72,102.0,66.198,7.56,28.864,3257
18/13:20:15,10.01,2.7,102.0,66.374,7.56,28.886,3258
18/13:20:16,9.99,2.7,101.98,66.572,7.56,28.886,3259
18/13:20:16,9.96,2.7,101.98,66.77,7.56,28.897,3260
18/13:20:17,9.91,2.69,101.99,67.012,7.56,28.908,3261
18/13:20:17,9.9,2.69,102.01,67.276,7.56,28.908,3262
18/13:20:18,9.88,2.69,102.01,67.463,7.56,28.93,3263
18/13:20:18,9.85,2.68,102.01,67.694,7.55,28.941,3264
18/13:20:19,9.89,2.67,102.01,67.947,7.55,28.952,3265
18/13:20:20,9.92,2.65,102.02,68.31,7.55,28.974,3266
18/13:20:21,9.93,2.65,102.01,68.552,7.55,28.985,3267
18/13:20:21,9.95,2.64,102.0,68.673,7.55,28.996,3268
18/13:20:22,10.02,2.64,101.98,68.717,7.55,28.996,3269
18/13:20:22,10.04,2.64,101.99,68.871,7.55,29.007,3270
18/13:20:23,10.06,2.63,101.99,69.058,7.55,29.018,3271
18/13:20:24,9.93,2.61,101.99,69.575,7.54,29.051,3272
18/13:20:25,9.98,2.59,101.97,69.773,7.54,29.062,3273
18/13:20:27,9.92,2.59,101.99,70.312,7.54,29.106,3274
18/13:20:27,9.98,2.57,101.99,70.521,7.54,29.117,3275
18/13:20:28,10.01,2.59,101.97,70.675,7.54,29.128,3276
18/13:20:28,9.91,2.57,101.97,70.829,7.53,29.128,3277
18/13:20:29,9.97,2.57,101.99,70.95,7.53,29.139,3278
18/13:20:29,9.93,2.57,101.99,71.06,7.53,29.15,3279
18/13:20:30,9.81,2.57,101.98,71.225,7.53,29.161,3280
18/13:20:31,9.62,2.54,101.97,71.412,7.53,29.183,3281
18/13:20:32,9.04,2.36,102.04,71.808,7.53,29.205,3282
18/13:20:33,8.93,2.26,102.07,71.995,7.53,29.216,3283
18/13:20:33,8.56,2.18,102.09,72.149,7.53,29.216,3284
18/13:20:34,8.15,1.99,102.16,72.501,7.52,29.249,3285
18/13:20:35,7.84,1.86,102.21,72.611,7.52,29.26,3286
18/13:20:35,8.08,1.92,102.21,72.71,7.52,29.271,3287
18/13:20:36,8.33,2.01,102.17,72.754,7.52,29.282,3288
18/13:20:36,8.52,2.09,102.13,72.809,7.52,29.293,3289
18/13:20:37,8.83,2.19,102.11,72.897,7.52,29.304,3290
18/13:20:38,9.44,2.34,102.04,73.15,7.52,29.326,3291
18/13:20:39,9.61,2.45,102.0,73.26,7.52,29.337,3292
18/13:20:39,9.94,2.55,101.96,73.326,7.51,29.348,3293
18/13:20:39,9.9,2.54,101.95,73.381,7.51,29.359,3294
18/13:20:40,9.91,2.53,101.95,73.458,7.51,29.37,3295
18/13:20:41,10.07,2.53,101.94,73.491,7.51,29.37,3296
18/13:20:41,9.89,2.52,101.95,73.612,7.51,29.392,3297
18/13:20:41,10.04,2.52,101.96,73.821,7.51,29.392,3298
18/13:20:42,9.88,2.52,101.95,74.008,7.51,29.403,3299
18/13:20:43,9.89,2.49,101.94,74.294,7.51,29.425,3300
18/13:20:44,9.91,2.47,101.94,74.569,7.5,29.447,3301
18/13:20:45,9.87,2.47,101.94,74.723,7.5,29.458,3302
18/13:20:45,9.9,2.47,101.93,74.855,7.5,29.469,3303
18/13:20:46,10.02,2.45,101.92,74.811,7.5,29.491,3304
18/13:20:47,10.13,2.46,101.93,74.976,7.5,29.502,3305
18/13:20:47,9.95,2.46,101.94,75.218,7.5,29.513,3306
18/13:20:48,10.1,2.46,101.94,75.394,7.5,29.524,3307
18/13:20:49,9.68,2.34,101.97,75.713,7.49,29.546,3308
18/13:20:49,9.44,2.26,102.01,75.768,7.49,29.557,3309
18/13:20:50,9.31,2.15,102.06,75.768,7.49,29.568,3310
18/13:20:51,8.83,2.06,102.07,75.834,7.49,29.579,3311
18/13:20:51,8.86,2.04,102.07,75.779,7.49,29.601,3312
18/13:20:52,8.81,2.04,102.08,75.9,7.49,29.612,3313
18/13:20:53,8.72,2.16,102.06,76.12,7.49,29.634,3314
18/13:20:54,8.72,2.25,102.05,76.043,7.48,29.645,3315
18/13:20:55,8.31,2.43,102.08,76.01,7.48,29.667,3316
18/13:20:55,7.87,2.45,102.13,76.021,7.48,29.689,3317
18/13:20:56,7.13,2.45,102.19,75.966,7.48,29.689,3318
18/13:20:57,6.6,2.45,102.24,75.823,7.48,29.7,3319
18/13:20:57,6.28,2.45,102.32,75.812,7.48,29.733,3320
18/13:20:58,6.04,2.44,102.35,75.823,7.48,29.744,3321
18/13:20:59,5.87,2.43,102.38,75.79,7.48,29.755,3322
18/13:20:59,6.14,2.42,102.39,75.79,7.48,29.777,3323
18/13:21:00,6.26,2.41,102.39,75.834,7.48,29.788,3324
18/13:21:01,5.84,2.4,102.4,75.713,7.48,29.799,3325
18/13:21:02,5.87,2.4,102.38,75.647,7.47,29.821,3326
18/13:21:02,6.15,2.4,102.39,75.68,7.47,29.832,3327
18/13:21:03,6.1,2.4,102.39,75.68,7.47,29.843,3328
18/13:21:03,5.82,2.39,102.37,75.625,7.47,29.843,3329
18/13:21:04,5.77,2.4,102.38,75.636,7.47,29.865,3330
18/13:21:04,5.97,2.4,102.37,75.691,7.47,29.876,3331
18/13:21:05,6.2,2.44,102.37,75.735,7.47,29.887,3332
18/13:21:06,6.14,2.5,102.39,75.581,7.47,29.909,3333
18/13:21:06,6.1,2.53,102.39,75.559,7.47,29.92,3334
18/13:21:07,6.12,2.56,102.4,75.592,7.47,29.92,3335
18/13:21:07,6.19,2.59,102.4,75.493,7.47,29.942,3336
18/13:21:08,6.21,2.62,102.41,75.449,7.47,29.953,3337
18/13:21:08,6.15,2.63,102.43,75.482,7.47,29.964,3338
18/13:21:09,5.85,2.61,102.42,75.57,7.47,29.986,3339
18/13:21:10,5.79,2.61,102.43,75.548,7.47,29.997,3340
18/13:21:11,5.8,2.6,102.42,75.504,7.47,30.008,3341
18/13:21:11,5.66,2.61,102.42,75.537,7.47,30.03,3342
18/13:21:13,5.74,2.63,102.44,75.592,7.46,30.052,3343
18/13:21:13,5.79,2.65,102.43,75.636,7.46,30.063,3344
18/13:21:15,5.83,2.66,102.43,75.636,7.46,30.085,3345
18/13:21:15,5.92,2.65,102.43,75.658,7.46,30.107,3346
18/13:21:16,5.88,2.65,102.41,75.614,7.46,30.118,3347
18/13:21:16,5.74,2.63,102.42,75.757,7.46,30.129,3348
18/13:21:17,5.7,2.63,102.42,75.768,7.46,30.14,3349
18/13:21:18,5.78,2.62,102.43,75.724,7.46,30.162,3350
18/13:21:18,5.78,2.63,102.44,75.823,7.46,30.173,3351
18/13:21:19,5.77,2.63,102.45,75.922,7.46,30.184,3352
18/13:21:19,5.8,2.62,102.45,75.966,7.46,30.195,3353
18/13:21:20,5.65,2.64,102.46,75.955,7.46,30.206,3354
18/13:21:21,5.73,2.64,102.46,75.955,7.46,30.217,3355
18/13:21:22,5.44,2.64,102.49,75.779,7.46,30.25,3356
18/13:21:23,5.16,2.62,102.52,75.812,7.46,30.261,3357
18/13:21:23,4.9,2.62,102.54,75.746,7.46,30.272,3358
18/13:21:24,4.69,2.62,102.56,75.768,7.45,30.283,3359
18/13:21:24,4.64,2.6,102.59,75.79,7.45,30.294,3360
18/13:21:25,4.52,2.6,102.61,75.867,7.45,30.305,3361
18/13:21:25,4.48,2.6,102.63,75.922,7.45,30.316,3362
18/13:21:26,4.26,2.59,102.63,75.955,7.45,30.327,3363
18/13:21:27,4.24,2.59,102.63,76.01,7.45,30.349,3364
18/13:21:27,4.24,2.59,102.65,76.065,7.45,30.36,3365
18/13:21:28,4.4,2.6,102.65,76.054,7.45,30.371,3366
18/13:21:28,4.48,2.6,102.65,76.032,7.45,30.382,3367
18/13:21:29,4.4,2.59,102.64,75.944,7.45,30.393,3368
18/13:21:29,4.36,2.59,102.64,75.768,7.45,30.404,3369
18/13:21:30,4.43,2.59,102.66,75.57,7.45,30.415,3370
18/13:21:31,4.43,2.59,102.66,75.526,7.45,30.426,3371
18/13:21:31,4.41,2.59,102.66,75.746,7.45,30.437,3372
18/13:21:32,4.03,2.48,102.62,76.351,7.45,30.47,3373
18/13:21:33,4.15,2.25,102.61,76.571,7.45,30.481,3374
18/13:21:34,4.46,2.07,102.59,76.791,7.45,30.492,3375
18/13:21:34,4.66,1.92,102.56,77.077,7.45,30.503,3376
18/13:21:35,4.56,1.89,102.56,77.396,7.45,30.514,3377
18/13:21:35,4.49,1.88,102.56,77.517,7.45,30.525,3378
18/13:21:36,4.42,1.84,102.56,77.693,7.45,30.536,3379
18/13:21:37,4.46,1.94,102.57,78.023,7.45,30.558,3380
18/13:21:37,4.18,2.19,102.61,78.166,7.45,30.569,3381
18/13:21:38,3.93,2.35,102.62,78.342,7.45,30.58,3382
18/13:21:39,3.74,2.38,102.63,78.54,7.45,30.591,3383
18/13:21:39,3.74,2.32,102.64,78.595,7.45,30.613,3384
18/13:21:40,3.85,2.33,102.64,78.628,7.45,30.624,3385
18/13:21:41,3.93,2.34,102.65,78.628,7.45,30.635,3386
18/13:21:41,3.87,2.34,102.64,78.65,7.45,30.646,3387
18/13:21:42,3.47,2.3,102.7,78.749,7.44,30.657,3388
18/13:21:42,2.99,2.26,102.74,78.705,7.44,30.668,3389
18/13:21:43,2.56,2.24,102.79,78.639,7.44,30.69,3390
18/13:21:43,2.19,2.2,102.84,78.573,7.44,30.701,3391
18/13:21:44,1.62,2.13,102.89,78.507,7.44,30.712,3392
18/13:21:45,0.23,1.98,103.03,78.144,7.45,30.745,3393
18/13:21:46,0.19,1.99,103.03,78.078,7.45,30.756,3394
18/13:21:46,0.2,2.03,103.04,77.935,7.45,30.767,3395
18/13:21:47,0.2,2.03,103.04,77.77,7.45,30.778,3396
18/13:21:47,0.2,1.97,103.04,77.693,7.45,30.789,3397
18/13:21:48,0.2,1.88,103.03,77.616,7.45,30.8,3398
18/13:21:48,0.2,1.78,103.03,77.572,7.45,30.811,3399
18/13:21:49,0.2,1.69,103.02,77.517,7.45,30.822,3400
18/13:21:49,0.21,1.62,103.02,77.451,7.45,30.833,3401
18/13:21:50,0.21,1.61,103.03,77.429,7.45,30.844,3402
18/13:21:50,0.21,1.63,103.04,77.308,7.45,30.855,3403
18/13:21:51,0.22,1.7,103.06,77.132,7.45,30.866,3404
18/13:21:52,0.23,1.84,103.07,76.967,7.45,30.877,3405
18/13:21:52,0.25,1.95,103.09,76.824,7.45,30.888,3406
18/13:21:53,0.24,1.93,103.1,76.736,7.45,30.91,3407
18/13:21:54,0.24,1.64,103.07,76.384,7.45,30.932,3408
18/13:21:55,0.23,1.43,103.05,76.01,7.45,30.943,3409
18/13:21:55,0.22,1.19,103.02,75.845,7.45,30.954,3410
18/13:21:57,0.2,0.82,102.99,75.614,7.45,30.976,3411
18/13:21:57,0.19,0.75,102.98,75.449,7.45,30.987,3412
18/13:21:57,0.19,0.7,102.97,75.306,7.45,30.998,3413
18/13:21:58,0.19,0.65,102.97,75.24,7.45,31.009,3414
18/13:21:59,0.21,0.59,102.98,75.031,7.45,31.031,3415
18/13:22:00,0.23,0.56,102.99,74.965,7.45,31.042,3416
18/13:22:00,0.28,0.55,102.99,74.877,7.45,31.053,3417
18/13:22:01,0.36,0.55,102.98,74.8,7.45,31.064,3418
18/13:22:02,0.69,0.52,102.96,74.481,7.45,31.086,3419
18/13:22:02,1.22,0.5,102.92,74.36,7.45,31.097,3420
18/13:22:03,1.84,0.5,102.86,74.294,7.45,31.108,3421
18/13:22:03,2.26,0.49,102.8,74.283,7.45,31.108,3422
18/13:22:04,2.75,0.48,102.75,74.228,7.45,31.13,3423
18/13:22:04,3.36,0.47,102.69,74.173,7.45,31.141,3424
18/13:22:05,3.91,0.46,102.63,74.184,7.45,31.152,3425
18/13:22:05,4.42,0.46,102.59,74.184,7.45,31.163,3426
18/13:22:06,4.4,0.45,102.56,74.162,7.45,31.174,3427
18/13:22:07,4.06,0.45,102.57,74.074,7.45,31.185,3428
18/13:22:07,3.8,0.44,102.62,73.92,7.45,31.207,3429
18/13:22:08,3.56,0.44,102.63,73.788,7.45,31.218,3430
18/13:22:08,3.28,0.44,102.66,73.656,7.44,31.229,3431
18/13:22:09,3.27,0.45,102.67,73.579,7.44,31.24,3432
18/13:22:09,3.42,0.44,102.65,73.48,7.44,31.251,3433
18/13:22:10,3.72,0.44,102.62,73.414,7.44,31.262,3434
18/13:22:10,4.1,0.44,102.59,73.381,7.44,31.273,3435
18/13:22:11,4.33,0.43,102.55,73.392,7.44,31.284,3436
18/13:22:12,4.68,0.43,102.52,73.458,7.44,31.295,3437
18/13:22:12,5.31,0.43,102.44,73.304,7.44,31.317,3438
18/13:22:13,5.18,0.42,102.43,73.161,7.44,31.328,3439
18/13:22:13,5.21,0.42,102.42,73.139,7.44,31.339,3440
18/13:22:14,5.25,0.42,102.42,73.15,7.44,31.35,3441
18/13:22:15,5.16,0.42,102.42,73.084,7.44,31.361,3442
18/13:22:15,5.35,0.42,102.41,72.996,7.44,31.372,3443
18/13:22:16,5.21,0.42,102.41,72.864,7.44,31.372,3444
18/13:22:16,5.43,0.43,102.41,72.754,7.44,31.394,3445
18/13:22:17,5.3,0.44,102.41,72.611,7.43,31.394,3446
18/13:22:18,5.42,0.44,102.43,72.413,7.43,31.416,3447
18/13:22:18,5.41,0.45,102.43,72.336,7.43,31.416,3448
18/13:22:19,5.44,0.45,102.42,72.226,7.43,31.427,3449
18/13:22:20,5.36,0.45,102.43,72.116,7.43,31.449,3450
18/13:22:20,5.44,0.46,102.43,72.017,7.43,31.46,3451
18/13:22:20,5.39,0.44,102.43,71.94,7.43,31.471,3452
18/13:22:21,5.41,0.44,102.43,71.863,7.43,31.482,3453
18/13:22:21,5.38,0.45,102.41,71.676,7.43,31.493,3454
18/13:22:22,5.32,0.44,102.4,71.599,7.43,31.504,3455
18/13:22:23,5.32,0.44,102.39,71.533,7.43,31.515,3456
18/13:22:23,5.31,0.46,102.38,71.401,7.43,31.537,3457
18/13:22:24,5.46,0.46,102.38,71.357,7.42,31.548,3458
18/13:22:25,5.39,0.47,102.38,71.214,7.42,31.559,3459
18/13:22:25,5.4,0.47,102.38,71.06,7.42,31.57,3460
18/13:22:26,5.71,0.47,102.36,71.016,7.42,31.581,3461
18/13:22:26,6.07,0.49,102.34,70.928,7.42,31.592,3462
18/13:22:27,7.14,0.49,102.23,70.906,7.42,31.614,3463
18/13:22:28,8.17,0.51,102.12,70.983,7.42,31.625,3464
18/13:22:29,8.7,0.53,102.07,71.005,7.42,31.636,3465
18/13:22:30,10.6,0.56,101.88,71.214,7.41,31.658,3466
18/13:22:31,11.32,0.59,101.8,71.489,7.41,31.68,3467
18/13:22:31,11.77,0.62,101.77,71.731,7.41,31.691,3468
18/13:22:32,11.77,0.63,101.75,71.885,7.41,31.702,3469
18/13:22:33,11.75,0.64,101.74,72.006,7.41,31.713,3470
18/13:22:34,11.21,0.63,101.78,72.039,7.4,31.735,3471
18/13:22:34,11.15,0.63,101.77,72.105,7.4,31.746,3472
18/13:22:35,10.85,0.61,101.78,72.259,7.4,31.757,3473
18/13:22:35,10.89,0.57,101.78,72.38,7.4,31.768,3474
18/13:22:36,10.62,0.56,101.79,72.457,7.4,31.779,3475
18/13:22:36,10.91,0.55,101.76,72.611,7.39,31.79,3476
18/13:22:37,11.1,0.54,101.73,72.699,7.39,31.801,3477
18/13:22:37,11.27,0.53,101.7,72.71,7.39,31.812,3478
18/13:22:38,11.36,0.53,101.67,72.809,7.39,31.823,3479
18/13:22:38,11.4,0.52,101.68,72.908,7.39,31.823,3480
18/13:22:39,11.22,0.52,101.69,73.073,7.39,31.845,3481
18/13:22:40,10.76,0.51,101.72,73.051,7.38,31.856,3482
18/13:22:41,10.25,0.5,101.78,73.018,7.38,31.867,3483
18/13:22:41,9.72,0.5,101.81,73.117,7.38,31.878,3484
18/13:22:42,9.06,0.5,101.89,73.183,7.38,31.889,3485
18/13:22:42,7.53,0.49,102.02,73.051,7.38,31.911,3486
18/13:22:43,6.61,0.49,102.07,73.007,7.38,31.922,3487
18/13:22:44,6.18,0.48,102.13,72.974,7.38,31.933,3488
18/13:22:44,5.83,0.48,102.16,72.908,7.37,31.944,3489
18/13:22:45,5.62,0.48,102.19,72.853,7.37,31.955,3490
18/13:22:45,5.41,0.47,102.21,72.82,7.37,31.966,3491
18/13:22:46,5.28,0.48,102.22,72.809,7.37,31.977,3492
18/13:22:46,5.36,0.49,102.22,72.787,7.37,31.988,3493
18/13:22:47,5.17,0.48,102.23,72.71,7.37,31.999,3494
18/13:22:47,5.37,0.49,102.22,72.71,7.37,32.01,3495
18/13:22:48,5.49,0.5,102.23,72.633,7.37,32.032,3496
18/13:22:50,5.45,0.51,102.24,72.501,7.37,32.065,3497
18/13:22:51,5.52,0.5,102.24,72.446,7.37,32.087,3498
18/13:22:51,5.5,0.49,102.26,72.402,7.36,32.098,3499
18/13:22:52,5.49,0.49,102.25,72.391,7.36,32.109,3500
18/13:22:53,5.5,0.49,102.26,72.446,7.36,32.12,3501
18/13:22:53,5.53,0.5,102.25,72.512,7.36,32.12,3502
18/13:22:54,5.47,0.51,102.24,72.523,7.36,32.131,3503
18/13:22:54,5.38,0.51,102.23,72.545,7.36,32.142,3504
18/13:22:55,5.35,0.52,102.26,72.589,7.36,32.164,3505
18/13:22:56,5.41,0.52,102.26,72.501,7.36,32.175,3506
18/13:22:56,5.32,0.53,102.26,72.424,7.36,32.186,3507
18/13:22:57,5.36,0.53,102.26,72.391,7.36,32.197,3508
18/13:22:57,5.21,0.53,102.27,72.391,7.36,32.208,3509
18/13:22:58,5.37,0.53,102.28,72.391,7.36,32.208,3510
18/13:22:58,5.28,0.54,102.28,72.303,7.36,32.23,3511
18/13:22:59,5.46,0.54,102.3,72.314,7.35,32.241,3512
18/13:22:59,5.36,0.55,102.3,72.391,7.35,32.252,3513
18/13:23:00,5.43,0.56,102.28,72.501,7.35,32.263,3514
18/13:23:00,5.28,0.56,102.28,72.457,7.35,32.274,3515
18/13:23:01,5.3,0.56,102.3,72.424,7.35,32.285,3516
18/13:23:01,5.23,0.56,102.28,72.424,7.35,32.296,3517
18/13:23:02,4.94,0.56,102.31,72.402,7.35,32.307,3518
18/13:23:03,4.47,0.57,102.36,72.325,7.35,32.329,3519
18/13:23:04,4.13,0.57,102.38,72.325,7.35,32.34,3520
18/13:23:05,3.77,0.57,102.44,72.27,7.35,32.362,3521
18/13:23:05,3.55,0.59,102.47,72.281,7.35,32.373,3522
18/13:23:06,3.43,0.59,102.5,72.303,7.35,32.384,3523
18/13:23:06,3.42,0.59,102.5,72.38,7.35,32.395,3524
18/13:23:07,3.32,0.59,102.5,72.424,7.35,32.395,3525
18/13:23:07,3.39,0.59,102.5,72.457,7.35,32.417,3526
18/13:23:09,3.37,0.59,102.5,72.457,7.34,32.439,3527
18/13:23:09,3.47,0.59,102.5,72.479,7.34,32.45,3528
18/13:23:10,3.32,0.63,102.49,72.49,7.34,32.461,3529
18/13:23:11,3.36,0.82,102.5,72.545,7.34,32.483,3530
18/13:23:11,3.45,1.07,102.54,72.468,7.34,32.494,3531
18/13:23:12,3.27,1.33,102.56,72.435,7.34,32.505,3532
18/13:23:13,3.38,1.57,102.59,72.446,7.34,32.516,3533
18/13:23:13,3.33,1.82,102.63,72.424,7.34,32.516,3534
18/13:23:14,3.33,1.95,102.65,72.435,7.34,32.527,3535
18/13:23:14,3.28,1.98,102.66,72.424,7.34,32.549,3536
18/13:23:15,3.34,1.95,102.66,72.424,7.34,32.56,3537
18/13:23:15,3.32,1.81,102.64,72.468,7.34,32.571,3538
18/13:23:16,3.33,1.53,102.62,72.49,7.34,32.582,3539
18/13:23:16,3.27,1.28,102.61,72.479,7.34,32.593,3540
18/13:23:18,2.69,0.74,102.61,72.402,7.34,32.626,3541
18/13:23:18,2.55,0.69,102.62,72.303,7.34,32.637,3542
18/13:23:19,2.23,0.66,102.63,72.237,7.34,32.648,3543
18/13:23:19,2.08,0.66,102.65,72.094,7.34,32.659,3544
18/13:23:20,1.84,0.64,102.67,72.028,7.34,32.67,3545
18/13:23:21,1.57,0.63,102.68,71.929,7.34,32.681,3546
18/13:23:21,1.54,0.62,102.69,71.907,7.34,32.692,3547
18/13:23:23,1.49,0.6,102.69,71.907,7.34,32.714,3548
18/13:23:23,1.48,0.59,102.7,71.863,7.34,32.725,3549
18/13:23:24,0.97,0.4,102.78,71.775,7.34,32.758,3550
18/13:23:25,0.81,0.32,102.81,71.676,7.34,32.769,3551
18/13:23:26,0.63,0.25,102.85,71.555,7.34,32.78,3552
18/13:23:27,0.26,0.1,102.92,71.423,7.34,32.802,3553
18/13:23:27,0.09,0.03,102.95,71.39,7.34,32.813,3554
18/13:23:28,0.0,0.0,102.97,71.324,7.34,32.824,3555
18/13:23:29,0.0,0.0,102.97,71.236,7.34,32.835,3556
18/13:23:29,0.0,0.0,102.98,71.104,7.34,32.846,3557
18/13:23:29,0.0,0.0,102.98,70.972,7.34,32.857,3558
18/13:23:30,0.0,0.0,102.99,70.873,7.34,32.868,3559
18/13:23:31,0.0,0.0,102.99,70.807,7.34,32.879,3560
18/13:23:31,0.26,0.12,102.94,70.741,7.34,32.89,3561
18/13:23:32,0.4,0.2,102.93,70.642,7.34,32.901,3562
18/13:23:33,0.56,0.28,102.91,70.62,7.34,32.912,3563
18/13:23:34,0.85,0.42,102.87,70.466,7.34,32.934,3564
18/13:23:34,0.92,0.45,102.85,70.356,7.34,32.945,3565
18/13:23:35,0.77,0.38,102.87,70.268,7.34,32.967,3566
18/13:23:36,0.62,0.31,102.89,70.158,7.34,32.978,3567
18/13:23:36,0.46,0.23,102.91,70.048,7.34,32.989,3568
18/13:23:37,0.31,0.15,102.94,70.048,7.34,33.0,3569
18/13:23:37,0.21,0.11,102.94,69.927,7.34,33.011,3570
18/13:23:38,0.21,0.12,102.95,69.696,7.34,33.022,3571
18/13:23:38,0.35,0.19,102.94,69.509,7.34,33.022,3572
18/13:23:39,0.49,0.3,102.92,69.366,7.34,33.033,3573
18/13:23:40,0.81,0.61,102.91,69.179,7.34,33.055,3574
18/13:23:40,0.95,0.78,102.9,69.146,7.34,33.066,3575
18/13:23:41,1.1,0.98,102.89,68.926,7.34,33.077,3576
18/13:23:42,1.21,1.15,102.88,68.761,7.34,33.088,3577
18/13:23:42,2.05,1.38,102.84,68.717,7.34,33.11,3578
18/13:23:43,2.72,1.51,102.79,68.816,7.34,33.121,3579
18/13:23:43,3.43,1.65,102.74,68.893,7.33,33.132,3580
18/13:23:44,4.57,1.91,102.65,69.069,7.33,33.143,3581
18/13:23:45,5.19,2.05,102.6,69.124,7.33,33.154,3582
18/13:23:46,5.74,2.19,102.56,69.212,7.33,33.165,3583
18/13:23:46,5.89,2.35,102.55,69.234,7.33,33.176,3584
18/13:23:47,5.86,2.47,102.56,69.344,7.33,33.187,3585
18/13:23:47,5.8,2.57,102.57,69.399,7.33,33.198,3586
18/13:23:48,5.73,2.62,102.59,69.487,7.33,33.209,3587
18/13:23:48,5.65,2.64,102.59,69.432,7.33,33.22,3588
18/13:23:49,5.69,2.64,102.6,69.432,7.33,33.231,3589
18/13:23:50,5.74,2.62,102.57,69.498,7.33,33.242,3590
18/13:23:50,5.89,2.57,102.57,69.531,7.33,33.253,3591
18/13:23:51,5.95,2.47,102.55,69.564,7.33,33.264,3592
18/13:23:52,5.92,2.44,102.53,69.586,7.33,33.297,3593
18/13:23:53,5.89,2.44,102.54,69.608,7.33,33.308,3594
18/13:23:53,5.93,2.45,102.53,69.63,7.33,33.308,3595
18/13:23:54,5.87,2.49,102.53,69.586,7.33,33.33,3596
18/13:23:55,5.85,2.54,102.53,69.553,7.32,33.341,3597
18/13:23:55,5.94,2.59,102.53,69.564,7.32,33.352,3598
18/13:23:56,6.14,2.62,102.51,69.542,7.32,33.363,3599
18/13:23:56,6.65,2.62,102.47,69.575,7.32,33.374,3600
18/13:23:57,6.95,2.62,102.44,69.564,7.32,33.385,3601
18/13:23:57,7.17,2.61,102.4,69.531,7.32,33.396,3602
18/13:23:58,7.55,2.61,102.38,69.586,7.32,33.407,3603
18/13:23:58,7.95,2.61,102.34,69.597,7.32,33.407,3604
18/13:23:59,8.17,2.61,102.31,69.597,7.32,33.418,3605
18/13:23:59,8.38,2.61,102.28,69.608,7.32,33.429,3606
18/13:24:00,8.44,2.6,102.28,69.674,7.32,33.44,3607
18/13:24:00,8.38,2.61,102.27,69.718,7.32,33.451,3608
18/13:24:01,8.31,2.61,102.26,69.718,7.32,33.462,3609
18/13:24:02,8.48,2.6,102.27,69.718,7.32,33.473,3610
18/13:24:02,8.72,2.59,102.24,69.773,7.31,33.484,3611
18/13:24:02,8.79,2.59,102.22,69.784,7.31,33.495,3612
18/13:24:03,9.0,2.59,102.22,69.773,7.31,33.506,3613
18/13:24:04,9.27,2.57,102.2,69.74,7.31,33.517,3614
18/13:24:04,9.57,2.59,102.17,69.806,7.31,33.528,3615
18/13:24:05,10.35,2.57,102.09,69.883,7.31,33.539,3616
18/13:24:06,10.62,2.57,102.05,69.971,7.31,33.55,3617
18/13:24:06,10.76,2.57,102.02,70.169,7.31,33.561,3618
18/13:24:07,11.03,2.57,102.0,70.257,7.31,33.572,3619
18/13:24:07,11.16,2.56,101.96,70.279,7.3,33.583,3620
18/13:24:08,11.38,2.56,101.92,70.345,7.3,33.594,3621
18/13:24:08,11.38,2.56,101.91,70.444,7.3,33.605,3622
18/13:24:09,11.37,2.56,101.9,70.565,7.3,33.616,3623
18/13:24:10,11.49,2.55,101.88,70.642,7.3,33.627,3624
18/13:24:10,11.43,2.54,101.86,70.697,7.3,33.649,3625
18/13:24:11,11.48,2.52,101.86,70.774,7.29,33.66,3626
18/13:24:14,11.56,2.51,101.86,70.994,7.29,33.715,3627
18/13:24:14,11.17,2.45,101.88,71.027,7.29,33.715,3628
18/13:24:15,10.42,2.34,101.94,71.126,7.28,33.737,3629
18/13:24:16,9.96,2.28,101.95,71.104,7.28,33.748,3630
18/13:24:16,9.78,2.22,101.98,71.181,7.28,33.759,3631
18/13:24:17,9.48,2.18,101.98,71.357,7.28,33.781,3632
18/13:24:18,9.56,2.18,101.98,71.412,7.28,33.792,3633
18/13:24:18,9.91,2.23,101.94,71.357,7.28,33.803,3634
18/13:24:20,10.66,2.34,101.91,71.357,7.28,33.825,3635
18/13:24:20,11.02,2.37,101.87,71.39,7.27,33.836,3636
18/13:24:20,11.34,2.43,101.82,71.401,7.27,33.847,3637
18/13:24:21,11.33,2.46,101.8,71.423,7.27,33.858,3638
18/13:24:21,11.48,2.45,101.8,71.456,7.27,33.869,3639
18/13:24:22,11.53,2.44,101.8,71.456,7.27,33.88,3640
18/13:24:22,11.79,2.44,101.77,71.599,7.27,33.891,3641
18/13:24:23,11.87,2.43,101.75,71.654,7.27,33.902,3642
18/13:24:24,12.11,2.43,101.72,71.764,7.26,33.913,3643
18/13:24:24,12.22,2.44,101.72,71.852,7.26,33.913,3644
18/13:24:25,12.38,2.43,101.7,71.984,7.26,33.924,3645
18/13:24:25,12.59,2.44,101.68,72.028,7.26,33.935,3646
18/13:24:26,12.73,2.43,101.66,72.127,7.26,33.946,3647
18/13:24:26,12.78,2.42,101.63,72.193,7.26,33.957,3648
18/13:24:27,12.73,2.42,101.65,72.259,7.26,33.968,3649
18/13:24:28,13.04,2.43,101.61,72.512,7.25,33.99,3650
18/13:24:28,13.19,2.42,101.6,72.611,7.25,34.001,3651
18/13:24:29,13.39,2.41,101.59,72.699,7.25,34.012,3652
18/13:24:30,13.65,2.42,101.55,72.864,7.25,34.034,3653
18/13:24:30,13.8,2.43,101.53,72.93,7.24,34.045,3654
18/13:24:31,13.86,2.43,101.52,73.073,7.24,34.056,3655
18/13:24:31,13.91,2.43,101.49,73.183,7.24,34.067,3656
18/13:24:32,13.85,2.44,101.49,73.293,7.24,34.078,3657
18/13:24:33,13.95,2.43,101.47,73.392,7.24,34.089,3658
18/13:24:33,13.86,2.44,101.48,73.524,7.24,34.1,3659
18/13:24:34,13.99,2.43,101.49,73.689,7.23,34.111,3660
18/13:24:34,13.93,2.42,101.49,73.887,7.23,34.133,3661
18/13:24:35,14.01,2.43,101.49,73.92,7.23,34.144,3662
18/13:24:36,13.95,2.4,101.51,74.283,7.23,34.166,3663
18/13:24:37,14.0,2.4,101.5,74.36,7.22,34.177,3664
18/13:24:37,14.0,2.41,101.49,74.393,7.22,34.188,3665
18/13:24:38,13.84,2.42,101.48,74.47,7.22,34.199,3666
18/13:24:38,13.91,2.41,101.48,74.536,7.22,34.21,3667
18/13:24:39,13.89,2.42,101.49,74.602,7.22,34.221,3668
18/13:24:40,13.92,2.41,101.46,74.767,7.21,34.243,3669
18/13:24:40,13.67,2.41,101.48,74.822,7.21,34.254,3670
18/13:24:41,13.3,2.41,101.52,74.91,7.21,34.265,3671
18/13:24:41,13.22,2.41,101.52,74.921,7.21,34.276,3672
18/13:24:42,13.02,2.4,101.53,75.042,7.21,34.287,3673
18/13:24:42,12.64,2.38,101.56,74.998,7.21,34.298,3674
18/13:24:43,12.32,2.38,101.57,74.998,7.2,34.309,3675
18/13:24:44,12.22,2.38,101.62,75.042,7.2,34.32,3676
18/13:24:44,11.86,2.37,101.63,75.053,7.2,34.331,3677
18/13:24:45,11.83,2.37,101.63,75.218,7.2,34.353,3678
18/13:24:46,11.8,2.35,101.63,75.317,7.2,34.364,3679
18/13:24:46,11.53,2.35,101.65,75.251,7.2,34.375,3680
18/13:24:47,11.18,2.35,101.68,75.141,7.19,34.386,3681
18/13:24:47,11.02,2.35,101.7,75.053,7.19,34.397,3682
18/13:24:48,10.7,2.34,101.72,75.053,7.19,34.408,3683
18/13:24:48,10.32,2.35,101.77,75.031,7.19,34.408,3684
18/13:24:49,9.89,2.33,101.83,74.8,7.19,34.441,3685
18/13:24:50,9.53,2.34,101.85,74.833,7.19,34.452,3686
18/13:24:50,9.38,2.33,101.86,74.833,7.19,34.463,3687
18/13:24:51,9.54,2.34,101.85,74.844,7.19,34.474,3688
18/13:24:51,9.41,2.35,101.84,74.91,7.17,34.485,3689
18/13:24:52,9.34,2.35,101.85,74.833,7.17,34.496,3690
18/13:24:53,9.48,2.35,101.84,74.734,7.17,34.518,3691
18/13:24:54,9.24,2.35,101.85,74.712,7.17,34.518,3692
18/13:24:54,9.38,2.36,101.85,74.635,7.17,34.54,3693
18/13:24:55,9.36,2.36,101.86,74.492,7.17,34.551,3694
18/13:24:56,9.44,2.37,101.87,74.305,7.17,34.562,3695
18/13:24:56,9.51,2.37,101.87,74.294,7.17,34.584,3696
18/13:24:57,9.31,2.38,101.86,74.294,7.16,34.584,3697
18/13:24:57,9.47,2.39,101.86,74.217,7.16,34.595,3698
18/13:24:58,9.85,2.38,101.85,74.14,7.16,34.606,3699
18/13:24:58,9.86,2.38,101.83,74.085,7.16,34.617,3700
18/13:24:59,10.01,2.38,101.81,74.052,7.16,34.628,3701
18/13:24:59,10.39,2.37,101.78,74.118,7.16,34.639,3702
18/13:25:00,10.49,2.35,101.75,74.184,7.16,34.65,3703
18/13:25:00,10.73,2.35,101.73,74.239,7.16,34.661,3704
18/13:25:01,10.93,2.33,101.71,74.261,7.16,34.672,3705
18/13:25:01,10.79,2.34,101.69,74.228,7.16,34.683,3706
18/13:25:02,10.77,2.35,101.69,74.206,7.16,34.694,3707
18/13:25:02,10.95,2.36,101.69,74.184,7.16,34.705,3708
18/13:25:03,10.79,2.36,101.68,74.228,7.16,34.716,3709
18/13:25:03,10.78,2.36,101.67,74.261,7.16,34.716,3710
18/13:25:04,10.77,2.36,101.66,74.25,7.16,34.727,3711
18/13:25:04,10.89,2.36,101.67,74.294,7.16,34.749,3712
18/13:25:06,11.01,2.35,101.7,74.503,7.15,34.771,3713
18/13:25:06,11.09,2.34,101.7,74.58,7.15,34.782,3714
18/13:25:07,10.98,2.34,101.72,74.646,7.15,34.804,3715
18/13:25:08,11.15,2.34,101.72,74.756,7.15,34.815,3716
18/13:25:08,10.97,2.34,101.73,74.833,7.15,34.826,3717
18/13:25:09,10.9,2.33,101.73,74.767,7.15,34.837,3718
18/13:25:10,10.95,2.32,101.71,74.789,7.14,34.859,3719
18/13:25:10,10.84,2.32,101.7,74.877,7.14,34.87,3720
18/13:25:11,11.12,2.31,101.69,74.888,7.14,34.881,3721
18/13:25:11,11.06,2.3,101.68,74.921,7.14,34.892,3722
18/13:25:12,10.95,2.28,101.68,74.888,7.14,34.903,3723
18/13:25:13,11.16,2.27,101.67,74.833,7.14,34.925,3724
18/13:25:14,11.11,2.28,101.65,74.943,7.13,34.947,3725
18/13:25:15,10.96,2.27,101.66,74.987,7.13,34.969,3726
18/13:25:16,10.8,2.22,101.66,75.13,7.13,34.991,3727
18/13:25:17,10.33,2.14,101.73,75.053,7.13,35.013,3728
18/13:25:18,10.26,2.13,101.75,75.108,7.12,35.024,3729
18/13:25:18,10.11,2.1,101.74,75.108,7.12,35.035,3730
18/13:25:19,10.27,2.08,101.73,75.174,7.12,35.046,3731
18/13:25:19,10.19,2.07,101.72,75.251,7.12,35.057,3732
18/13:25:20,10.1,2.04,101.73,75.251,7.12,35.068,3733
18/13:25:20,10.28,2.08,101.71,75.053,7.12,35.079,3734
18/13:25:21,10.66,2.1,101.67,75.02,7.12,35.09,3735
18/13:25:21,10.72,2.11,101.63,75.031,7.12,35.101,3736
18/13:25:22,10.86,2.09,101.64,75.031,7.11,35.112,3737
18/13:25:22,11.09,2.09,101.63,74.987,7.11,35.123,3738
18/13:25:23,10.85,2.1,101.63,75.108,7.11,35.145,3739
18/13:25:24,11.11,2.12,101.63,75.13,7.11,35.156,3740
18/13:25:25,11.11,2.15,101.64,75.141,7.11,35.167,3741
18/13:25:25,10.94,2.18,101.64,75.13,7.11,35.178,3742
18/13:25:26,11.1,2.21,101.64,75.064,7.11,35.189,3743
18/13:25:26,11.03,2.24,101.64,75.064,7.1,35.2,3744
18/13:25:27,11.05,2.28,101.63,75.086,7.1,35.222,3745
18/13:25:28,11.02,2.28,101.64,75.086,7.1,35.233,3746
18/13:25:28,10.81,2.28,101.65,75.009,7.1,35.244,3747
18/13:25:29,10.95,2.28,101.63,75.009,7.1,35.255,3748
18/13:25:29,11.02,2.28,101.62,75.086,7.1,35.266,3749
18/13:25:30,10.92,2.3,101.63,75.031,7.1,35.277,3750
18/13:25:30,11.05,2.31,101.63,74.932,7.09,35.288,3751
18/13:25:31,10.95,2.32,101.63,74.855,7.09,35.299,3752
18/13:25:31,10.9,2.33,101.65,74.855,7.09,35.31,3753
18/13:25:32,10.76,2.33,101.66,74.855,7.09,35.321,3754
18/13:25:33,10.34,2.34,101.7,74.525,7.09,35.343,3755
18/13:25:34,9.97,2.33,101.75,74.404,7.09,35.354,3756
18/13:25:35,9.21,2.3,101.82,74.118,7.08,35.376,3757
18/13:25:35,9.19,2.28,101.85,74.008,7.08,35.387,3758
18/13:25:36,8.91,2.27,101.85,73.821,7.08,35.409,3759
18/13:25:37,8.88,2.24,101.85,73.601,7.08,35.431,3760
18/13:25:38,9.1,2.23,101.84,73.535,7.08,35.442,3761
18/13:25:38,9.18,2.23,101.83,73.436,7.08,35.453,3762
18/13:25:39,9.4,2.22,101.81,73.414,7.08,35.464,3763
18/13:25:39,9.3,2.22,101.78,73.315,7.08,35.475,3764
18/13:25:40,9.4,2.22,101.77,73.172,7.07,35.497,3765
18/13:25:41,9.63,2.22,101.77,73.095,7.07,35.508,3766
18/13:25:42,9.55,2.22,101.77,72.985,7.07,35.508,3767
18/13:25:42,9.74,2.22,101.75,72.908,7.07,35.53,3768
18/13:25:42,9.78,2.22,101.74,72.798,7.07,35.541,3769
18/13:25:43,9.99,2.24,101.72,72.798,7.07,35.552,3770
18/13:25:44,10.2,2.24,101.72,72.677,7.07,35.552,3771
18/13:25:44,10.39,2.25,101.7,72.721,7.07,35.563,3772
18/13:25:45,11.34,2.26,101.6,72.578,7.06,35.585,3773
18/13:25:46,11.87,2.28,101.56,72.501,7.06,35.596,3774
18/13:25:46,12.06,2.3,101.54,72.402,7.06,35.607,3775
18/13:25:47,12.67,2.28,101.47,72.512,7.06,35.629,3776
18/13:25:48,13.04,2.28,101.44,72.567,7.06,35.64,3777
18/13:25:49,13.1,2.28,101.42,72.633,7.05,35.651,3778
18/13:25:49,12.98,2.28,101.42,72.622,7.05,35.673,3779
18/13:25:50,12.63,2.28,101.45,72.49,7.05,35.684,3780
18/13:25:51,12.45,2.28,101.46,72.479,7.05,35.695,3781
18/13:25:51,11.82,2.3,101.51,72.248,7.04,35.717,3782
18/13:25:53,11.28,2.28,101.56,72.182,7.04,35.739,3783
18/13:25:53,11.05,2.27,101.56,72.061,7.04,35.75,3784
18/13:25:54,10.95,2.28,101.56,72.006,7.04,35.761,3785
18/13:25:54,11.0,2.28,101.57,71.962,7.04,35.772,3786
18/13:25:55,10.99,2.3,101.56,71.951,7.04,35.783,3787
18/13:25:55,11.06,2.31,101.56,71.863,7.04,35.794,3788
18/13:25:56,11.01,2.3,101.56,71.797,7.03,35.805,3789
18/13:25:57,10.96,2.32,101.55,71.632,7.03,35.816,3790
18/13:25:57,11.04,2.33,101.54,71.599,7.03,35.816,3791
18/13:25:58,10.95,2.32,101.55,71.478,7.03,35.827,3792
18/13:25:58,11.02,2.31,101.54,71.445,7.03,35.849,3793
18/13:25:59,11.0,2.28,101.54,71.423,7.03,35.86,3794
18/13:25:59,11.03,2.28,101.54,71.379,7.03,35.871,3795
18/13:26:00,11.14,2.28,101.53,71.291,7.02,35.882,3796
18/13:26:00,11.0,2.28,101.53,71.203,7.02,35.893,3797
18/13:26:01,10.93,2.27,101.55,71.049,7.02,35.915,3798
18/13:26:02,11.02,2.28,101.55,71.049,7.02,35.926,3799
18/13:26:03,10.98,2.28,101.56,70.928,7.02,35.937,3800
18/13:26:04,10.96,2.28,101.57,70.818,7.02,35.959,3801
18/13:26:04,10.85,2.28,101.57,70.752,7.01,35.97,3802
18/13:26:05,10.96,2.28,101.6,70.631,7.01,35.992,3803
18/13:26:06,10.99,2.28,101.59,70.565,7.01,35.992,3804
18/13:26:06,10.99,2.27,101.6,70.576,7.01,36.014,3805
18/13:26:07,10.96,2.27,101.57,70.565,7.01,36.014,3806
18/13:26:07,11.05,2.28,101.56,70.51,7.01,36.025,3807
18/13:26:08,11.05,2.28,101.57,70.389,7.01,36.036,3808
18/13:26:09,10.95,2.28,101.57,70.268,7.0,36.058,3809
18/13:26:09,10.95,2.26,101.57,70.191,7.0,36.069,3810
18/13:26:10,11.01,2.25,101.57,70.114,7.0,36.08,3811
18/13:26:10,11.07,2.25,101.56,70.092,7.0,36.091,3812
18/13:26:11,11.07,2.26,101.56,70.059,7.0,36.102,3813
18/13:26:11,11.09,2.25,101.56,70.07,7.0,36.113,3814
18/13:26:12,10.98,2.25,101.56,70.092,6.99,36.124,3815
18/13:26:13,11.01,2.26,101.56,70.037,6.99,36.135,3816
18/13:26:13,11.12,2.27,101.55,69.883,6.99,36.146,3817
18/13:26:14,11.04,2.31,101.55,69.751,6.99,36.157,3818
18/13:26:15,11.02,2.32,101.56,69.751,6.99,36.168,3819
18/13:26:15,10.87,2.32,101.55,69.751,6.99,36.179,3820
18/13:26:16,10.95,2.33,101.56,69.696,6.99,36.19,3821
18/13:26:16,11.02,2.33,101.54,69.608,6.98,36.201,3822
18/13:26:17,11.01,2.33,101.54,69.553,6.98,36.212,3823
18/13:26:17,10.91,2.33,101.55,69.498,6.98,36.223,3824
18/13:26:18,11.06,2.34,101.55,69.443,6.98,36.234,3825
18/13:26:18,11.04,2.34,101.54,69.344,6.98,36.245,3826
18/13:26:19,11.02,2.33,101.54,69.289,6.98,36.256,3827
18/13:26:19,11.07,2.33,101.54,69.267,6.98,36.267,3828
18/13:26:20,11.09,2.33,101.53,69.234,6.98,36.278,3829
18/13:26:21,11.12,2.33,101.54,69.179,6.97,36.278,3830
18/13:26:21,11.09,2.33,101.54,69.08,6.97,36.289,3831
18/13:26:21,11.12,2.33,101.53,69.025,6.97,36.3,3832
18/13:26:22,11.11,2.32,101.54,68.959,6.97,36.311,3833
18/13:26:23,11.06,2.34,101.54,68.728,6.97,36.333,3834
18/13:26:23,10.97,2.33,101.55,68.662,6.97,36.344,3835
18/13:26:24,11.0,2.33,101.54,68.552,6.97,36.355,3836
18/13:26:24,11.19,2.32,101.54,68.442,6.96,36.366,3837
18/13:26:26,11.8,2.32,101.49,68.497,6.96,36.388,3838
18/13:26:27,12.56,2.31,101.38,68.299,6.96,36.399,3839
18/13:26:27,13.0,2.32,101.34,68.321,6.96,36.41,3840
18/13:26:28,13.42,2.32,101.3,68.365,6.96,36.421,3841
18/13:26:28,13.78,2.32,101.27,68.354,6.95,36.432,3842
18/13:26:29,13.89,2.31,101.25,68.42,6.95,36.443,3843
18/13:26:30,13.85,2.31,101.24,68.42,6.95,36.454,3844
18/13:26:30,14.06,2.3,101.22,68.409,6.95,36.465,3845
18/13:26:30,14.08,2.3,101.22,68.42,6.95,36.476,3846
18/13:26:31,14.12,2.3,101.22,68.464,6.95,36.487,3847
18/13:26:32,14.22,2.3,101.22,68.42,6.94,36.498,3848
18/13:26:33,14.36,2.33,101.16,68.574,6.94,36.52,3849
18/13:26:33,14.32,2.33,101.16,68.508,6.94,36.531,3850
18/13:26:34,14.32,2.33,101.15,68.563,6.93,36.542,3851
18/13:26:35,14.39,2.34,101.14,68.607,6.93,36.553,3852
18/13:26:35,14.43,2.34,101.14,68.596,6.93,36.564,3853
18/13:26:36,14.49,2.34,101.12,68.706,6.93,36.575,3854
18/13:26:36,14.47,2.33,101.11,68.75,6.93,36.586,3855
18/13:26:37,14.51,2.32,101.11,68.717,6.92,36.608,3856
18/13:26:38,14.48,2.31,101.11,68.618,6.92,36.608,3857
18/13:26:38,14.55,2.33,101.09,68.585,6.92,36.608,3858
18/13:26:39,14.61,2.31,101.09,68.508,6.92,36.63,3859
18/13:26:39,14.77,2.31,101.09,68.486,6.92,36.641,3860
18/13:26:40,14.79,2.31,101.09,68.464,6.91,36.652,3861
18/13:26:40,14.96,2.3,101.09,68.508,6.91,36.663,3862
18/13:26:41,14.94,2.31,101.09,68.596,6.91,36.674,3863
18/13:26:42,15.1,2.3,101.09,68.695,6.91,36.696,3864
18/13:26:42,15.16,2.31,101.08,68.739,6.91,36.707,3865
18/13:26:43,15.11,2.3,101.06,68.684,6.9,36.718,3866
18/13:26:43,14.93,2.3,101.06,68.662,6.9,36.729,3867
18/13:26:44,14.94,2.3,101.06,68.695,6.9,36.74,3868
18/13:26:45,14.85,2.31,101.06,68.618,6.9,36.74,3869
18/13:26:46,14.88,2.32,101.04,68.684,6.88,36.762,3870
18/13:26:46,14.93,2.32,101.03,68.706,6.88,36.773,3871
18/13:26:47,14.85,2.31,101.03,68.684,6.88,36.784,3872
18/13:26:47,14.9,2.32,101.04,68.585,6.88,36.795,3873
18/13:26:48,15.06,2.32,101.04,68.607,6.88,36.806,3874
18/13:26:48,15.08,2.33,101.02,68.651,6.88,36.817,3875
18/13:26:49,15.08,2.34,101.03,68.563,6.88,36.828,3876
18/13:26:49,15.01,2.34,101.01,68.563,6.88,36.839,3877
18/13:26:50,14.99,2.34,101.01,68.585,6.88,36.85,3878
18/13:26:50,15.0,2.36,101.02,68.508,6.88,36.85,3879
18/13:26:51,15.03,2.35,101.0,68.376,6.88,36.861,3880
18/13:26:51,15.0,2.35,100.97,68.288,6.87,36.872,3881
18/13:26:52,15.05,2.34,100.96,68.233,6.87,36.883,3882
18/13:26:53,15.08,2.32,100.97,68.266,6.87,36.894,3883
18/13:26:53,15.09,2.3,100.95,68.244,6.87,36.905,3884
18/13:26:54,15.06,2.28,100.96,68.145,6.87,36.916,3885
18/13:26:54,15.14,2.26,100.96,68.112,6.86,36.916,3886
18/13:26:55,15.24,2.26,100.94,68.002,6.86,36.927,3887
18/13:26:55,15.27,2.25,100.94,67.87,6.86,36.949,3888
18/13:26:56,15.28,2.25,100.95,67.782,6.86,36.949,3889
18/13:26:57,15.2,2.25,100.93,67.76,6.85,36.971,3890
18/13:26:58,15.18,2.26,100.92,67.716,6.85,36.993,3891
18/13:26:59,14.95,2.25,100.92,67.529,6.85,37.026,3892
18/13:27:00,14.94,2.24,100.92,67.397,6.84,37.037,3893
18/13:27:01,14.86,2.26,100.92,67.177,6.84,37.048,3894
18/13:27:02,14.9,2.26,100.92,67.045,6.84,37.059,3895
18/13:27:03,14.89,2.25,100.91,66.77,6.83,37.081,3896
18/13:27:03,14.91,2.25,100.9,66.66,6.83,37.092,3897
18/13:27:03,14.98,2.26,100.91,66.55,6.83,37.103,3898
18/13:27:05,14.95,2.26,100.9,66.396,6.83,37.125,3899
18/13:27:05,15.03,2.24,100.89,66.308,6.82,37.136,3900
18/13:27:06,15.11,2.23,100.88,66.231,6.82,37.136,3901
18/13:27:06,15.15,2.25,100.89,66.121,6.82,37.147,3902
18/13:27:07,15.12,2.25,100.89,65.945,6.82,37.169,3903
18/13:27:08,15.12,2.24,100.88,65.89,6.82,37.18,3904
18/13:27:08,15.16,2.24,100.88,65.769,6.81,37.191,3905
18/13:27:09,15.09,2.24,100.88,65.659,6.81,37.213,3906
18/13:27:10,14.99,2.25,100.87,65.604,6.81,37.213,3907
18/13:27:10,15.01,2.22,100.85,65.516,6.81,37.224,3908
18/13:27:11,14.96,2.19,100.86,65.296,6.8,37.246,3909
18/13:27:12,14.98,2.18,100.86,65.142,6.8,37.257,3910
18/13:27:13,15.08,2.2,100.88,65.01,6.8,37.279,3911
18/13:27:13,15.14,2.21,100.87,64.823,6.79,37.29,3912
18/13:27:14,15.1,2.21,100.87,64.779,6.79,37.29,3913
18/13:27:15,15.28,2.23,100.87,64.559,6.79,37.312,3914
18/13:27:17,15.25,2.23,100.86,64.218,6.79,37.334,3915
18/13:27:17,15.16,2.23,100.85,64.064,6.78,37.345,3916
18/13:27:18,15.16,2.21,100.84,63.954,6.78,37.356,3917
18/13:27:18,15.1,2.2,100.85,63.921,6.78,37.367,3918
18/13:27:19,15.06,2.19,100.86,63.745,6.78,37.378,3919
18/13:27:19,15.11,2.18,100.86,63.547,6.77,37.389,3920
18/13:27:20,15.17,2.17,100.84,63.69,6.77,37.4,3921
18/13:27:21,15.15,2.19,100.84,63.679,6.77,37.4,3922
18/13:27:21,15.2,2.19,100.85,63.701,6.77,37.411,3923
18/13:27:23,15.26,2.22,100.85,63.536,6.76,37.444,3924
18/13:27:23,15.21,2.21,100.86,63.426,6.76,37.466,3925
18/13:27:24,15.11,2.22,100.85,63.448,6.76,37.466,3926
18/13:27:24,15.03,2.21,100.85,63.481,6.75,37.477,3927
18/13:27:25,15.02,2.21,100.84,63.481,6.75,37.488,3928
18/13:27:25,15.01,2.2,100.82,63.525,6.75,37.499,3929
18/13:27:26,14.96,2.19,100.82,63.569,6.75,37.51,3930
18/13:27:27,14.91,2.2,100.8,63.536,6.75,37.521,3931
18/13:27:27,14.89,2.2,100.79,63.459,6.75,37.532,3932
18/13:27:28,14.87,2.22,100.78,63.448,6.74,37.532,3933
18/13:27:28,14.93,2.19,100.77,63.536,6.74,37.543,3934
18/13:27:29,15.0,2.2,100.77,63.558,6.74,37.554,3935
18/13:27:29,14.94,2.2,100.76,63.536,6.74,37.565,3936
18/13:27:30,14.89,2.21,100.77,63.514,6.74,37.576,3937
18/13:27:31,14.84,2.2,100.76,63.525,6.73,37.587,3938
18/13:27:31,14.87,2.17,100.76,63.492,6.73,37.587,3939
18/13:27:31,14.83,2.17,100.76,63.613,6.73,37.598,3940
18/13:27:32,14.81,2.15,100.75,63.701,6.73,37.609,3941
18/13:27:32,14.77,2.16,100.76,63.712,6.73,37.62,3942
18/13:27:33,14.72,2.15,100.76,63.701,6.72,37.631,3943
18/13:27:34,14.85,2.17,100.75,63.833,6.72,37.653,3944
18/13:27:35,14.83,2.16,100.74,63.954,6.72,37.653,3945
18/13:27:36,14.84,2.18,100.77,64.152,6.72,37.675,3946
18/13:27:36,14.82,2.16,100.78,64.262,6.71,37.686,3947
18/13:27:37,14.8,2.15,100.79,64.328,6.71,37.697,3948
18/13:27:37,14.86,2.14,100.78,64.339,6.71,37.708,3949
18/13:27:38,14.9,2.14,100.77,64.46,6.71,37.708,3950
18/13:27:38,14.88,2.13,100.77,64.614,6.71,37.708,3951
18/13:27:39,14.97,2.13,100.79,64.702,6.7,37.73,3952
18/13:27:40,14.73,2.04,100.8,64.713,6.7,37.741,3953
18/13:27:40,14.18,1.92,100.85,64.878,6.7,37.763,3954
18/13:27:41,13.91,1.86,100.87,64.966,6.7,37.774,3955
18/13:27:42,13.65,1.78,100.9,65.043,6.7,37.774,3956
18/13:27:42,13.24,1.67,100.95,65.208,6.69,37.785,3957
18/13:27:42,12.86,1.59,100.97,65.472,6.69,37.796,3958
18/13:27:43,12.91,1.61,100.96,65.505,6.69,37.807,3959
18/13:27:44,13.15,1.71,100.92,65.593,6.69,37.818,3960
18/13:27:44,13.46,1.82,100.89,65.736,6.69,37.829,3961
18/13:27:45,13.77,1.88,100.86,65.901,6.69,37.84,3962
18/13:27:46,14.37,2.05,100.79,66.022,6.68,37.862,3963
18/13:27:46,14.73,2.15,100.74,66.187,6.68,37.862,3964
18/13:27:47,14.9,2.21,100.72,66.352,6.68,37.873,3965
18/13:27:47,14.95,2.2,100.71,66.495,6.68,37.884,3966
18/13:27:48,15.02,2.18,100.72,66.748,6.67,37.895,3967
18/13:27:49,14.93,2.2,100.72,66.946,6.67,37.906,3968
18/13:27:49,14.98,2.21,100.71,66.957,6.67,37.917,3969
18/13:27:50,14.97,2.16,100.71,67.111,6.67,37.939,3970
18/13:27:50,14.92,2.16,100.72,67.199,6.66,37.939,3971
18/13:27:52,14.86,2.16,100.72,67.397,6.66,37.972,3972
18/13:27:52,14.34,2.14,100.76,67.386,6.66,37.983,3973
18/13:27:53,12.56,2.09,100.93,67.32,6.65,38.005,3974
18/13:27:54,11.54,2.02,101.04,67.254,6.65,38.016,3975
18/13:27:55,10.44,1.94,101.14,67.177,6.65,38.016,3976
18/13:27:55,9.3,1.87,101.22,67.243,6.65,38.027,3977
18/13:27:56,8.09,1.8,101.35,67.177,6.65,38.027,3978
18/13:27:56,7.76,1.8,101.41,67.056,6.65,38.049,3979
18/13:27:57,7.73,1.81,101.43,67.056,6.65,38.06,3980
18/13:27:57,7.87,1.83,101.41,67.122,6.65,38.071,3981
18/13:27:58,8.2,2.0,101.4,66.968,6.64,38.093,3982
18/13:27:59,8.08,2.07,101.43,66.858,6.64,38.104,3983
18/13:28:00,7.73,2.18,101.46,66.44,6.64,38.115,3984
18/13:28:00,6.94,2.18,101.52,66.308,6.64,38.126,3985
18/13:28:02,5.51,2.18,101.68,65.681,6.64,38.148,3986
18/13:28:03,4.56,2.18,101.78,65.142,6.64,38.17,3987
18/13:28:03,4.28,2.18,101.8,65.021,6.64,38.181,3988
18/13:28:05,4.09,2.21,101.86,64.449,6.64,38.203,3989
18/13:28:06,4.03,2.21,101.89,63.987,6.64,38.225,3990
18/13:28:06,4.03,2.21,101.92,63.723,6.64,38.236,3991
18/13:28:07,3.99,2.23,101.94,63.547,6.64,38.247,3992
18/13:28:08,3.94,2.23,101.95,63.184,6.64,38.258,3993
18/13:28:09,4.35,2.22,101.94,62.843,6.64,38.28,3994
18/13:28:09,4.49,2.21,101.91,62.7,6.64,38.291,3995
18/13:28:10,4.64,2.21,101.89,62.546,6.63,38.302,3996
18/13:28:10,4.86,2.21,101.87,62.502,6.63,38.313,3997
18/13:28:11,5.1,2.2,101.86,62.403,6.63,38.313,3998
18/13:28:12,4.86,2.2,101.88,62.304,6.63,38.324,3999
18/13:28:12,4.37,2.2,101.94,62.051,6.63,38.335,4000
18/13:28:13,2.93,2.21,102.08,61.226,6.63,38.357,4001
18/13:28:13,2.25,2.21,102.15,60.918,6.63,38.357,4002
18/13:28:14,1.52,2.2,102.22,60.533,6.63,38.368,4003
18/13:28:15,0.92,2.19,102.3,60.148,6.63,38.379,4004
18/13:28:15,0.25,2.19,102.37,59.818,6.63,38.39,4005
18/13:28:16,0.19,2.19,102.4,59.081,6.63,38.401,4006
18/13:28:17,0.19,2.19,102.42,58.355,6.63,38.423,4007
18/13:28:18,0.19,2.19,102.42,57.948,6.63,38.434,4008
18/13:28:18,0.19,2.19,102.43,57.563,6.63,38.445,4009
18/13:28:19,0.19,2.2,102.44,57.189,6.64,38.445,4010
18/13:28:19,0.19,2.2,102.45,56.815,6.64,38.456,4011
18/13:28:20,0.19,2.2,102.45,56.485,6.64,38.467,4012
18/13:28:21,0.2,2.2,102.47,55.396,6.64,38.489,4013
18/13:28:22,0.23,2.19,102.48,55.088,6.64,38.5,4014
18/13:28:23,0.3,2.2,102.49,54.725,6.64,38.511,4015
18/13:28:24,1.54,2.2,102.4,54.208,6.64,38.522,4016
18/13:28:24,2.53,2.2,102.31,53.999,6.64,38.533,4017
18/13:28:25,3.53,2.19,102.23,53.867,6.64,38.533,4018
18/13:28:25,4.49,2.18,102.14,53.977,6.64,38.544,4019
18/13:28:26,5.48,2.19,102.08,53.933,6.64,38.555,4020
18/13:28:26,6.31,2.19,101.98,53.669,6.64,38.566,4021
18/13:28:27,7.21,2.19,101.89,53.537,6.64,38.566,4022
18/13:28:27,7.65,2.19,101.83,53.559,6.63,38.577,4023
18/13:28:28,7.62,2.19,101.83,53.537,6.63,38.588,4024
18/13:28:28,7.59,2.19,101.82,53.416,6.63,38.588,4025
18/13:28:29,7.63,2.19,101.81,53.339,6.63,38.599,4026
18/13:28:30,7.59,2.2,101.77,53.229,6.63,38.621,4027
18/13:28:30,7.59,2.2,101.78,53.097,6.63,38.621,4028
18/13:28:31,7.54,2.2,101.78,53.108,6.63,38.632,4029
18/13:28:31,7.56,2.19,101.79,53.053,6.63,38.643,4030
18/13:28:32,7.6,2.19,101.78,52.877,6.63,38.654,4031
18/13:28:33,7.66,2.2,101.77,52.745,6.63,38.665,4032
18/13:28:33,7.68,2.2,101.79,52.668,6.63,38.665,4033
18/13:28:34,7.69,2.2,101.78,52.58,6.62,38.676,4034
18/13:28:35,7.73,2.2,101.79,52.514,6.62,38.687,4035
18/13:28:36,7.78,2.21,101.78,52.272,6.62,38.698,4036
18/13:28:36,7.93,2.21,101.76,52.074,6.62,38.709,4037
18/13:28:37,8.35,2.21,101.72,51.931,6.62,38.72,4038
18/13:28:37,8.91,2.17,101.66,52.041,6.62,38.72,4039
18/13:28:38,9.7,2.16,101.57,52.261,6.62,38.731,4040
18/13:28:39,10.62,2.13,101.47,52.36,6.62,38.742,4041
18/13:28:39,12.28,2.07,101.31,52.745,6.61,38.753,4042
18/13:28:40,12.77,2.0,101.25,52.943,6.61,38.764,4043
18/13:28:41,13.22,1.92,101.19,53.152,6.61,38.775,4044
18/13:28:41,13.32,1.86,101.18,53.273,6.61,38.775,4045
18/13:28:42,12.98,1.73,101.17,53.57,6.61,38.797,4046
18/13:28:43,12.46,1.61,101.19,53.823,6.6,38.797,4047
18/13:28:43,12.45,1.63,101.18,53.922,6.6,38.808,4048
18/13:28:44,12.76,1.73,101.14,53.999,6.6,38.808,4049
18/13:28:45,13.22,1.88,101.1,54.23,6.6,38.83,4050
18/13:28:45,13.33,1.97,101.08,54.439,6.6,38.841,4051
18/13:28:46,13.57,2.08,101.07,54.516,6.59,38.852,4052
18/13:28:46,13.9,2.15,101.06,54.681,6.59,38.852,4053
18/13:28:47,14.11,2.28,101.04,55.055,6.59,38.874,4054
18/13:28:48,14.14,2.28,101.03,55.253,6.59,38.885,4055
18/13:28:49,14.16,2.27,101.01,55.528,6.58,38.896,4056
18/13:28:51,14.11,2.2,101.0,55.792,6.58,38.918,4057
18/13:28:51,14.11,2.21,101.01,55.902,6.58,38.929,4058
18/13:28:52,14.1,2.2,100.99,55.99,6.58,38.94,4059
18/13:28:52,14.16,2.2,101.01,56.034,6.57,38.951,4060
18/13:28:53,14.24,2.2,101.01,56.133,6.57,38.951,4061
18/13:28:53,14.21,2.21,101.01,56.298,6.57,38.962,4062
18/13:28:54,14.14,2.21,101.0,56.43,6.57,38.973,4063
18/13:28:55,13.59,2.05,101.04,56.705,6.56,38.984,4064
18/13:28:55,13.3,1.97,101.08,56.782,6.56,38.995,4065
18/13:28:56,12.94,1.89,101.1,56.826,6.56,39.006,4066
18/13:28:56,12.68,1.8,101.11,56.892,6.56,39.017,4067
18/13:28:57,12.34,1.73,101.14,57.046,6.56,39.017,4068
18/13:28:57,12.3,1.7,101.14,57.112,6.56,39.028,4069
18/13:28:58,12.41,1.71,101.13,57.079,6.56,39.039,4070
18/13:28:58,12.73,1.81,101.09,56.947,6.55,39.05,4071
18/13:28:59,12.85,1.91,101.06,57.013,6.55,39.05,4072
18/13:28:59,13.18,2.01,101.03,57.112,6.55,39.061,4073
18/13:29:00,13.56,2.08,100.99,57.288,6.55,39.072,4074
18/13:29:00,13.78,2.19,100.96,57.387,6.55,39.083,4075
18/13:29:01,14.07,2.25,100.92,57.508,6.55,39.083,4076
18/13:29:02,14.0,2.26,100.94,57.607,6.54,39.094,4077
18/13:29:02,14.01,2.27,100.93,57.651,6.54,39.105,4078
18/13:29:03,13.95,2.25,100.93,57.706,6.54,39.116,4079
18/13:29:03,14.01,2.26,100.91,57.772,6.54,39.116,4080
18/13:29:04,14.03,2.24,100.91,57.882,6.54,39.116,4081
18/13:29:04,14.37,2.23,100.88,58.036,6.54,39.127,4082
18/13:29:05,14.98,2.21,100.84,58.223,6.53,39.149,4083
18/13:29:05,15.5,2.22,100.79,58.41,6.53,39.16,4084
18/13:29:06,15.92,2.21,100.73,58.652,6.53,39.16,4085
18/13:29:06,15.93,2.18,100.71,58.806,6.53,39.171,4086
18/13:29:07,15.92,2.1,100.72,58.982,6.53,39.182,4087
18/13:29:07,15.92,2.02,100.73,59.29,6.52,39.193,4088
18/13:29:08,15.76,1.97,100.73,59.466,6.52,39.193,4089
18/13:29:08,15.3,1.89,100.76,59.554,6.52,39.204,4090
18/13:29:09,14.44,1.79,100.8,59.686,6.52,39.215,4091
18/13:29:09,13.85,1.69,100.86,59.84,6.52,39.226,4092
18/13:29:10,13.36,1.63,100.9,59.972,6.51,39.237,4093
18/13:29:12,13.06,1.55,100.9,60.269,6.51,39.259,4094
18/13:29:12,13.24,1.61,100.89,60.478,6.51,39.27,4095
18/13:29:13,13.83,1.78,100.82,60.764,6.5,39.281,4096
18/13:29:14,14.23,1.88,100.81,60.896,6.5,39.292,4097
18/13:29:14,14.6,1.93,100.78,61.061,6.5,39.303,4098
18/13:29:15,14.77,2.05,100.75,61.16,6.5,39.314,4099
18/13:29:15,15.04,2.14,100.73,61.281,6.5,39.325,4100
18/13:29:16,15.16,2.23,100.7,61.556,6.49,39.336,4101
18/13:29:17,15.03,2.25,100.72,61.644,6.49,39.347,4102
18/13:29:17,14.81,2.23,100.72,61.743,6.49,39.358,4103
18/13:29:18,14.12,2.23,100.75,61.864,6.48,39.38,4104
18/13:29:19,13.9,2.21,100.79,61.908,6.48,39.38,4105
18/13:29:20,13.53,2.21,100.82,61.985,6.48,39.391,4106
18/13:29:20,13.33,2.22,100.84,62.051,6.48,39.402,4107
18/13:29:20,13.12,2.24,100.86,61.952,6.48,39.413,4108
18/13:29:21,12.44,2.14,100.91,61.974,6.48,39.424,4109
18/13:29:22,11.89,2.07,100.96,62.084,6.47,39.435,4110
18/13:29:22,11.49,1.97,101.03,62.04,6.47,39.435,4111
18/13:29:23,11.3,1.89,101.07,61.963,6.47,39.446,4112
18/13:29:23,11.28,1.89,101.04,61.908,6.47,39.457,4113
18/13:29:24,11.28,1.88,101.04,61.974,6.47,39.479,4114
18/13:29:25,11.44,1.92,101.02,61.963,6.47,39.479,4115
18/13:29:25,11.81,2.01,100.97,61.864,6.47,39.49,4116
18/13:29:26,12.42,2.08,100.91,61.996,6.46,39.501,4117
18/13:29:26,13.02,2.2,100.86,62.128,6.46,39.512,4118
18/13:29:27,13.23,2.25,100.82,62.183,6.46,39.523,4119
18/13:29:28,13.65,2.27,100.82,62.128,6.46,39.545,4120
18/13:29:29,13.79,2.26,100.82,62.029,6.45,39.556,4121
18/13:29:30,13.69,2.26,100.83,62.062,6.45,39.567,4122
18/13:29:30,13.48,2.27,100.82,62.051,6.45,39.578,4123
18/13:29:31,12.9,2.25,100.86,61.996,6.45,39.6,4124
18/13:29:32,12.66,2.25,100.88,61.963,6.44,39.611,4125
18/13:29:32,12.48,2.25,100.89,62.007,6.44,39.622,4126
18/13:29:33,12.28,2.24,100.91,61.952,6.44,39.633,4127
18/13:29:34,12.09,2.24,100.94,61.875,6.44,39.633,4128
18/13:29:35,12.17,2.22,100.95,61.875,6.44,39.655,4129
18/13:29:36,12.42,2.2,100.9,61.897,6.43,39.677,4130
18/13:29:36,12.56,2.19,100.88,61.908,6.43,39.688,4131
18/13:29:37,12.63,2.19,100.86,62.007,6.43,39.688,4132
18/13:29:38,12.77,2.19,100.84,61.93,6.43,39.699,4133
18/13:29:38,12.96,2.18,100.82,61.831,6.43,39.721,4134
18/13:29:39,12.93,2.2,100.82,61.875,6.42,39.732,4135
18/13:29:40,13.01,2.2,100.84,61.886,6.42,39.743,4136
18/13:29:41,13.02,2.2,100.85,62.128,6.42,39.765,4137
18/13:29:41,13.03,2.2,100.85,62.227,6.42,39.776,4138
18/13:29:42,12.98,2.19,100.86,62.249,6.42,39.787,4139
18/13:29:43,12.87,2.21,100.85,62.304,6.41,39.787,4140
18/13:29:43,12.93,2.21,100.85,62.359,6.41,39.798,4141
18/13:29:44,12.92,2.21,100.86,62.326,6.41,39.809,4142
18/13:29:44,12.89,2.21,100.84,62.293,6.41,39.82,4143
18/13:29:45,12.86,2.2,100.84,62.304,6.41,39.831,4144
18/13:29:45,12.95,2.2,100.83,62.304,6.41,39.831,4145
18/13:29:46,12.91,2.21,100.83,62.37,6.4,39.842,4146
18/13:29:46,12.97,2.21,100.81,62.425,6.4,39.853,4147
18/13:29:47,13.05,2.21,100.81,62.403,6.4,39.864,4148
18/13:29:47,13.01,2.2,100.82,62.392,6.4,39.875,4149
18/13:29:48,13.05,2.2,100.82,62.293,6.4,39.886,4150
18/13:29:49,13.0,2.22,100.81,62.249,6.39,39.897,4151
18/13:29:49,12.94,2.22,100.8,62.194,6.39,39.908,4152
18/13:29:50,12.96,2.23,100.8,62.315,6.39,39.908,4153
18/13:29:50,12.91,2.23,100.81,62.436,6.39,39.93,4154
18/13:29:51,12.93,2.23,100.8,62.491,6.39,39.941,4155
18/13:29:51,12.91,2.25,100.79,62.535,6.39,39.941,4156
18/13:29:52,12.9,2.24,100.79,62.513,6.39,39.952,4157
18/13:29:53,12.91,2.25,100.81,62.59,6.38,39.974,4158
18/13:29:54,12.92,2.24,100.8,62.601,6.38,39.985,4159
18/13:29:54,12.84,2.25,100.8,62.634,6.38,39.996,4160
18/13:29:55,12.82,2.25,100.78,62.722,6.38,39.996,4161
18/13:29:55,12.81,2.23,100.8,62.755,6.38,40.007,4162
18/13:29:56,12.85,2.23,100.79,62.931,6.37,40.029,4163
18/13:29:57,12.86,2.21,100.79,63.063,6.37,40.04,4164
18/13:29:57,12.81,2.19,100.77,63.162,6.37,40.051,4165
18/13:29:58,12.88,2.19,100.79,63.184,6.37,40.062,4166
18/13:29:59,12.99,2.19,100.78,63.239,6.36,40.084,4167
18/13:30:00,12.97,2.2,100.76,63.415,6.36,40.106,4168
18/13:30:01,13.04,2.21,100.75,63.525,6.36,40.117,4169
18/13:30:02,13.13,2.22,100.75,63.448,6.36,40.117,4170
18/13:30:03,13.05,2.22,100.75,63.536,6.35,40.139,4171
18/13:30:03,13.0,2.23,100.75,63.635,6.35,40.15,4172
18/13:30:03,12.95,2.23,100.75,63.734,6.35,40.161,4173
18/13:30:04,12.97,2.23,100.75,63.822,6.35,40.161,4174
18/13:30:05,13.0,2.21,100.74,63.954,6.35,40.172,4175
18/13:30:05,12.99,2.2,100.74,64.13,6.35,40.183,4176
18/13:30:06,12.95,2.19,100.73,64.339,6.34,40.194,4177
18/13:30:06,12.98,2.18,100.73,64.46,6.34,40.205,4178
18/13:30:07,13.0,2.18,100.72,64.548,6.34,40.216,4179
18/13:30:07,13.0,2.16,100.72,64.691,6.34,40.216,4180
18/13:30:08,12.97,2.18,100.72,64.79,6.34,40.216,4181
18/13:30:08,12.93,2.16,100.74,64.922,6.34,40.227,4182
18/13:30:09,12.88,2.17,100.75,65.142,6.33,40.249,4183
18/13:30:09,12.85,2.17,100.74,65.208,6.33,40.26,4184
18/13:30:10,12.83,2.21,100.75,65.263,6.33,40.282,4185
18/13:30:12,12.86,2.2,100.74,65.428,6.33,40.304,4186
18/13:30:12,12.92,2.21,100.73,65.56,6.32,40.315,4187
18/13:30:13,12.98,2.2,100.73,65.615,6.32,40.326,4188
18/13:30:14,12.92,2.2,100.7,65.736,6.32,40.348,4189
18/13:30:15,12.9,2.18,100.71,65.78,6.32,40.359,4190
18/13:30:16,12.91,2.16,100.72,65.978,6.31,40.37,4191
18/13:30:16,12.87,2.18,100.73,66.033,6.31,40.381,4192
18/13:30:17,12.88,2.19,100.71,66.132,6.31,40.392,4193
18/13:30:19,13.03,2.23,100.7,66.44,6.3,40.436,4194
18/13:30:19,12.98,2.25,100.69,66.528,6.3,40.447,4195
18/13:30:20,12.94,2.27,100.71,66.616,6.3,40.447,4196
18/13:30:21,12.91,2.25,100.73,66.704,6.3,40.469,4197
18/13:30:21,12.84,2.25,100.72,66.715,6.3,40.48,4198
18/13:30:22,12.86,2.25,100.72,66.726,6.3,40.491,4199
18/13:30:23,12.84,2.25,100.73,66.979,6.29,40.513,4200
18/13:30:24,12.99,2.23,100.74,67.023,6.29,40.524,4201
18/13:30:24,12.99,2.24,100.71,67.111,6.29,40.535,4202
18/13:30:25,12.93,2.26,100.7,67.089,6.29,40.546,4203
18/13:30:25,13.0,2.26,100.7,67.177,6.29,40.546,4204
18/13:30:27,13.02,2.25,100.71,67.375,6.28,40.579,4205
18/13:30:28,13.02,2.25,100.69,67.375,6.28,40.601,4206
18/13:30:28,13.05,2.24,100.69,67.386,6.28,40.612,4207
18/13:30:29,13.06,2.22,100.7,67.474,6.28,40.623,4208
18/13:30:30,13.04,2.2,100.7,67.595,6.27,40.623,4209
18/13:30:30,13.02,2.19,100.67,67.672,6.27,40.634,4210
18/13:30:30,12.93,2.19,100.67,67.683,6.27,40.645,4211
18/13:30:31,12.72,2.18,100.67,67.683,6.27,40.656,4212
18/13:30:32,12.45,2.19,100.69,67.793,6.27,40.678,4213
18/13:30:33,12.26,2.19,100.71,67.848,6.26,40.7,4214
18/13:30:33,12.26,2.2,100.71,67.749,6.26,40.711,4215
18/13:30:34,12.13,2.2,100.73,67.705,6.26,40.722,4216
18/13:30:35,12.12,2.21,100.74,67.694,6.26,40.733,4217
18/13:30:35,12.21,2.21,100.75,67.617,6.26,40.733,4218
18/13:30:36,12.33,2.22,100.75,67.562,6.26,40.744,4219
18/13:30:36,12.42,2.21,100.74,67.573,6.25,40.755,4220
18/13:30:37,12.55,2.22,100.74,67.617,6.25,40.766,4221
18/13:30:37,12.61,2.22,100.73,67.617,6.25,40.777,4222
18/13:30:38,12.65,2.22,100.73,67.595,6.25,40.788,4223
18/13:30:38,12.69,2.23,100.71,67.595,6.25,40.799,4224
18/13:30:39,12.77,2.25,100.7,67.551,6.25,40.81,4225
18/13:30:40,12.89,2.21,100.68,67.639,6.24,40.821,4226
18/13:30:41,12.95,2.2,100.67,67.749,6.24,40.843,4227
18/13:30:42,12.91,2.21,100.67,67.837,6.24,40.865,4228
18/13:30:42,12.97,2.19,100.68,67.793,6.24,40.876,4229
18/13:30:43,12.88,2.19,100.66,67.815,6.23,40.887,4230
18/13:30:44,12.81,2.21,100.67,67.826,6.23,40.898,4231
18/13:30:44,12.65,2.22,100.68,67.793,6.23,40.909,4232
18/13:30:45,12.57,2.23,100.68,67.76,6.23,40.92,4233
18/13:30:47,12.48,2.23,100.69,67.694,6.22,40.953,4234
18/13:30:47,12.5,2.23,100.68,67.65,6.22,40.964,4235
18/13:30:48,12.56,2.22,100.68,67.617,6.22,40.975,4236
18/13:30:48,12.64,2.22,100.69,67.606,6.22,40.986,4237
18/13:30:50,12.68,2.21,100.7,67.529,6.22,41.008,4238
18/13:30:50,12.69,2.21,100.7,67.463,6.21,41.008,4239
18/13:30:51,12.66,2.22,100.7,67.518,6.21,41.03,4240
18/13:30:51,12.66,2.22,100.72,67.496,6.21,41.041,4241
18/13:30:52,12.61,2.22,100.7,67.441,6.21,41.063,4242
18/13:30:53,12.55,2.23,100.68,67.397,6.2,41.074,4243
18/13:30:54,12.5,2.22,100.68,67.375,6.2,41.085,4244
18/13:30:54,12.5,2.23,100.69,67.342,6.2,41.096,4245
18/13:30:55,12.49,2.22,100.71,67.386,6.2,41.118,4246
18/13:30:56,12.48,2.23,100.71,67.408,6.2,41.118,4247
18/13:30:56,12.49,2.23,100.69,67.507,6.2,41.129,4248
18/13:30:57,12.49,2.23,100.7,67.496,6.19,41.14,4249
18/13:30:58,12.48,2.25,100.7,67.474,6.19,41.151,4250
18/13:30:59,12.52,2.25,100.67,67.551,6.19,41.173,4251
18/13:30:59,12.56,2.25,100.65,67.562,6.19,41.184,4252
18/13:31:00,12.52,2.28,100.65,67.683,6.17,41.206,4253
18/13:31:00,12.47,2.28,100.67,67.727,6.17,41.206,4254
18/13:31:01,12.53,2.26,100.66,67.782,6.17,41.217,4255
18/13:31:02,12.49,2.25,100.66,67.716,6.17,41.228,4256
18/13:31:03,12.53,2.24,100.67,67.705,6.17,41.25,4257
18/13:31:03,12.45,2.25,100.68,67.606,6.17,41.261,4258
18/13:31:04,12.46,2.25,100.68,67.683,6.16,41.283,4259
18/13:31:05,12.52,2.25,100.69,67.683,6.16,41.294,4260
18/13:31:05,12.56,2.28,100.69,67.683,6.16,41.305,4261
18/13:31:06,12.59,2.28,100.69,67.716,6.16,41.305,4262
18/13:31:06,12.56,2.28,100.67,67.749,6.16,41.316,4263
18/13:31:07,12.5,2.28,100.68,67.727,6.16,41.316,4264
18/13:31:08,12.49,2.24,100.68,67.749,6.16,41.349,4265
18/13:31:09,12.56,2.22,100.65,67.771,6.16,41.371,4266
18/13:31:09,12.52,2.22,100.65,67.848,6.16,41.382,4267
18/13:31:10,12.54,2.21,100.63,67.859,6.16,41.393,4268
18/13:31:10,12.54,2.23,100.63,67.892,6.15,41.393,4269
18/13:31:11,12.56,2.22,100.63,67.892,6.15,41.404,4270
18/13:31:11,12.57,2.23,100.63,67.98,6.15,41.415,4271
18/13:31:12,12.55,2.22,100.62,68.046,6.15,41.426,4272
18/13:31:13,12.57,2.23,100.63,68.013,6.15,41.437,4273
18/13:31:13,12.5,2.23,100.62,67.98,6.15,41.448,4274
18/13:31:14,12.52,2.23,100.65,68.002,6.14,41.47,4275
18/13:31:14,12.55,2.23,100.64,68.024,6.14,41.481,4276
18/13:31:15,12.48,2.22,100.64,67.991,6.14,41.492,4277
18/13:31:16,12.44,2.24,100.63,67.969,6.14,41.503,4278
18/13:31:16,12.49,2.24,100.64,67.969,6.14,41.503,4279
18/13:31:17,12.46,2.25,100.64,67.958,6.14,41.514,4280
18/13:31:17,12.49,2.25,100.64,67.936,6.14,41.525,4281
18/13:31:18,12.49,2.26,100.63,67.925,6.13,41.536,4282
18/13:31:18,12.41,2.25,100.63,67.903,6.13,41.547,4283
18/13:31:19,12.35,2.25,100.64,67.903,6.13,41.558,4284
18/13:31:20,12.31,2.25,100.64,67.969,6.13,41.569,4285
18/13:31:20,12.37,2.25,100.64,68.024,6.13,41.58,4286
18/13:31:21,12.44,2.26,100.62,68.046,6.13,41.591,4287
18/13:31:21,12.47,2.24,100.62,68.068,6.12,41.602,4288
18/13:31:21,12.35,2.24,100.61,68.101,6.12,41.602,4289
18/13:31:22,12.31,2.25,100.61,68.101,6.12,41.613,4290
18/13:31:23,12.34,2.25,100.6,68.112,6.12,41.624,4291
18/13:31:23,12.4,2.25,100.57,68.046,6.12,41.635,4292
18/13:31:23,12.4,2.27,100.59,67.98,6.12,41.646,4293
18/13:31:24,12.31,2.27,100.57,68.002,6.12,41.657,4294
18/13:31:25,12.33,2.26,100.6,68.002,6.11,41.668,4295
18/13:31:25,12.42,2.26,100.56,68.013,6.11,41.679,4296
18/13:31:26,12.63,2.25,100.57,67.958,6.11,41.69,4297
18/13:31:26,12.72,2.24,100.56,67.969,6.11,41.701,4298
18/13:31:28,13.28,2.21,100.53,68.145,6.11,41.723,4299
18/13:31:29,13.4,2.22,100.5,68.31,6.1,41.745,4300
18/13:31:29,13.28,2.23,100.52,68.387,6.1,41.756,4301
18/13:31:30,13.13,2.22,100.53,68.332,6.1,41.767,4302
18/13:31:30,13.05,2.21,100.53,68.343,6.1,41.778,4303
18/13:31:31,12.81,2.24,100.56,68.409,6.09,41.8,4304
18/13:31:32,12.69,2.24,100.56,68.365,6.09,41.811,4305
18/13:31:32,12.62,2.23,100.57,68.442,6.09,41.811,4306
18/13:31:33,12.69,2.23,100.56,68.563,6.09,41.822,4307
18/13:31:34,12.8,2.24,100.56,68.64,6.09,41.833,4308
18/13:31:34,12.87,2.25,100.56,68.585,6.09,41.844,4309
18/13:31:35,12.91,2.24,100.56,68.508,6.08,41.855,4310
18/13:31:35,13.04,2.24,100.55,68.64,6.08,41.866,4311
18/13:31:36,13.12,2.24,100.54,68.805,6.08,41.888,4312
18/13:31:37,13.08,2.24,100.52,68.772,6.08,41.899,4313
18/13:31:37,13.1,2.24,100.51,68.75,6.08,41.91,4314
18/13:31:38,13.14,2.23,100.51,68.816,6.07,41.921,4315
18/13:31:39,13.14,2.23,100.5,68.948,6.07,41.932,4316
18/13:31:39,13.06,2.24,100.5,69.003,6.07,41.943,4317
18/13:31:40,13.08,2.23,100.49,69.036,6.07,41.954,4318
18/13:31:41,13.0,2.23,100.48,69.135,6.07,41.965,4319
18/13:31:41,13.01,2.23,100.49,69.245,6.07,41.976,4320
18/13:31:41,12.93,2.22,100.5,69.3,6.06,41.987,4321
18/13:31:42,12.95,2.24,100.5,69.366,6.06,41.998,4322
18/13:31:43,12.97,2.24,100.5,69.289,6.06,42.009,4323
18/13:31:43,12.93,2.24,100.49,69.289,6.06,42.02,4324
18/13:31:44,12.87,2.25,100.51,69.443,6.06,42.042,4325
18/13:31:45,12.76,2.25,100.52,69.443,6.05,42.064,4326
18/13:31:46,12.65,2.25,100.5,69.487,6.05,42.064,4327
18/13:31:46,12.62,2.24,100.51,69.443,6.05,42.075,4328
18/13:31:47,12.63,2.25,100.51,69.487,6.05,42.086,4329
18/13:31:47,12.64,2.24,100.5,69.696,6.05,42.097,4330
18/13:31:48,12.93,2.23,100.48,69.74,6.04,42.108,4331
18/13:31:49,12.99,2.23,100.46,69.773,6.04,42.13,4332
18/13:31:49,13.1,2.24,100.45,69.861,6.04,42.141,4333
18/13:31:50,13.46,2.24,100.44,70.07,6.04,42.163,4334
18/13:31:51,13.46,2.25,100.44,70.202,6.04,42.174,4335
18/13:31:51,13.37,2.26,100.43,70.268,6.03,42.185,4336
18/13:31:52,13.15,2.26,100.44,70.389,6.03,42.196,4337
18/13:31:53,13.09,2.25,100.46,70.499,6.03,42.196,4338
18/13:31:53,13.05,2.26,100.48,70.51,6.03,42.207,4339
18/13:31:54,12.95,2.25,100.48,70.532,6.03,42.218,4340
18/13:31:54,12.54,2.25,100.52,70.532,6.03,42.229,4341
18/13:31:55,12.03,2.25,100.56,70.521,6.02,42.24,4342
18/13:31:55,11.19,2.24,100.62,70.554,6.02,42.251,4343
18/13:31:56,10.67,2.24,100.69,70.554,6.02,42.262,4344
18/13:31:57,9.55,2.24,100.8,70.29,6.02,42.284,4345
18/13:31:57,8.99,2.23,100.85,70.147,6.02,42.295,4346
18/13:31:58,8.39,2.23,100.92,70.004,6.02,42.306,4347
18/13:31:58,8.02,2.22,100.95,69.916,6.02,42.317,4348
18/13:31:59,7.89,2.21,100.97,69.872,6.02,42.328,4349
18/13:32:00,8.05,2.2,100.97,69.839,6.01,42.339,4350
18/13:32:00,8.0,2.2,100.97,69.839,6.01,42.339,4351
18/13:32:01,7.97,2.2,100.97,69.674,6.01,42.361,4352
18/13:32:02,7.98,2.2,100.97,69.608,6.01,42.372,4353
18/13:32:02,7.88,2.2,100.97,69.564,6.01,42.383,4354
18/13:32:03,7.95,2.2,100.98,69.531,6.01,42.394,4355
18/13:32:03,7.96,2.21,100.99,69.498,6.01,42.405,4356
18/13:32:04,7.92,2.21,100.99,69.41,6.01,42.416,4357
18/13:32:04,7.91,2.21,100.99,69.377,6.01,42.416,4358
18/13:32:05,7.94,2.21,101.0,69.377,6.01,42.427,4359
18/13:32:05,7.97,2.21,101.02,69.344,6.01,42.449,4360
18/13:32:06,8.02,2.22,101.02,69.366,6.0,42.46,4361
18/13:32:06,8.09,2.21,101.03,69.311,6.0,42.46,4362
18/13:32:07,8.1,2.21,101.03,69.311,6.0,42.471,4363
18/13:32:07,8.16,2.21,101.03,69.267,6.0,42.482,4364
18/13:32:08,8.16,2.21,101.03,69.146,6.0,42.504,4365
18/13:32:10,8.01,2.22,101.03,68.959,6.0,42.537,4366
18/13:32:10,8.06,2.21,101.05,68.937,6.0,42.548,4367
18/13:32:11,8.08,2.21,101.04,68.981,6.0,42.559,4368
18/13:32:11,8.18,2.2,101.01,69.003,6.0,42.57,4369
18/13:32:12,8.32,2.2,101.01,68.97,5.99,42.581,4370
18/13:32:12,8.43,2.2,101.0,69.003,5.99,42.592,4371
18/13:32:13,8.55,2.19,100.98,69.058,5.99,42.592,4372
18/13:32:14,8.73,2.19,100.97,69.102,5.99,42.603,4373
18/13:32:14,8.91,2.2,100.96,69.124,5.99,42.625,4374
18/13:32:15,8.98,2.19,100.96,69.014,5.99,42.636,4375
18/13:32:16,8.89,2.19,100.96,68.992,5.99,42.658,4376
18/13:32:18,9.09,2.2,100.93,69.267,5.98,42.691,4377
18/13:32:18,9.16,2.2,100.91,69.443,5.98,42.702,4378
18/13:32:19,9.19,2.2,100.9,69.542,5.98,42.702,4379
18/13:32:20,9.38,2.19,100.89,69.674,5.98,42.713,4380
18/13:32:20,9.28,2.19,100.92,69.806,5.98,42.735,4381
18/13:32:21,9.13,2.19,100.95,69.85,5.98,42.746,4382
18/13:32:21,8.99,2.19,100.95,69.872,5.98,42.757,4383
18/13:32:23,8.63,2.18,100.96,70.037,5.97,42.779,4384
18/13:32:23,8.51,2.2,101.0,70.158,5.97,42.801,4385
18/13:32:24,8.43,2.25,101.04,70.004,5.97,42.812,4386
18/13:32:24,8.31,2.28,101.04,69.916,5.97,42.823,4387
18/13:32:25,8.45,2.32,101.04,69.883,5.97,42.834,4388
18/13:32:26,8.49,2.36,101.05,69.982,5.97,42.845,4389
18/13:32:26,8.43,2.4,101.06,69.993,5.97,42.856,4390
18/13:32:27,8.5,2.43,101.07,70.026,5.97,42.856,4391
18/13:32:27,8.51,2.46,101.07,70.015,5.97,42.867,4392
18/13:32:28,8.4,2.44,101.05,70.081,5.97,42.878,4393
18/13:32:28,8.47,2.44,101.05,70.235,5.96,42.889,4394
18/13:32:29,8.56,2.44,101.05,70.191,5.96,42.9,4395
18/13:32:29,8.49,2.43,101.05,70.246,5.96,42.911,4396
18/13:32:30,8.48,2.43,101.06,70.312,5.96,42.922,4397
18/13:32:30,8.48,2.42,101.05,70.29,5.96,42.933,4398
18/13:32:31,8.48,2.42,101.06,70.29,5.96,42.944,4399
18/13:32:31,8.47,2.42,101.06,70.268,5.96,42.955,4400
18/13:32:32,8.57,2.42,101.06,70.312,5.96,42.966,4401
18/13:32:32,8.46,2.41,101.06,70.323,5.96,42.977,4402
18/13:32:34,8.5,2.4,101.07,70.4,5.96,42.988,4403
18/13:32:34,8.53,2.4,101.06,70.477,5.95,43.01,4404
18/13:32:34,8.49,2.4,101.05,70.444,5.95,43.01,4405
18/13:32:36,8.42,2.39,101.03,70.466,5.95,43.032,4406
18/13:32:36,8.47,2.4,101.04,70.51,5.95,43.043,4407
18/13:32:37,8.48,2.4,101.04,70.488,5.95,43.054,4408
18/13:32:37,8.45,2.4,101.03,70.477,5.95,43.065,4409
18/13:32:38,8.43,2.4,101.03,70.477,5.95,43.076,4410
18/13:32:38,8.42,2.4,101.04,70.488,5.95,43.087,4411
18/13:32:39,8.43,2.39,101.06,70.4,5.95,43.109,4412
18/13:32:40,8.48,2.4,101.05,70.389,5.94,43.131,4413
18/13:32:41,8.49,2.4,101.06,70.345,5.94,43.142,4414
18/13:32:42,8.49,2.4,101.08,70.4,5.94,43.164,4415
18/13:32:42,8.45,2.4,101.07,70.334,5.94,43.164,4416
18/13:32:43,8.4,2.39,101.04,70.191,5.94,43.186,4417
18/13:32:44,8.4,2.39,101.05,70.092,5.94,43.197,4418
18/13:32:45,8.41,2.38,101.05,70.103,5.94,43.208,4419
18/13:32:45,8.38,2.38,101.04,70.081,5.94,43.208,4420
18/13:32:46,8.35,2.37,101.04,70.07,5.93,43.23,4421
18/13:32:46,8.33,2.38,101.04,70.114,5.93,43.241,4422
18/13:32:47,8.4,2.38,101.08,69.993,5.93,43.263,4423
18/13:32:48,8.41,2.39,101.1,69.817,5.93,43.285,4424
18/13:32:49,8.38,2.4,101.09,69.806,5.93,43.296,4425
18/13:32:50,8.51,2.42,101.1,69.641,5.93,43.307,4426
18/13:32:50,8.46,2.41,101.08,69.608,5.93,43.318,4427
18/13:32:51,8.41,2.42,101.07,69.542,5.93,43.329,4428
18/13:32:51,8.47,2.42,101.05,69.399,5.93,43.34,4429
18/13:32:52,8.52,2.42,101.04,69.234,5.92,43.351,4430
18/13:32:52,8.5,2.42,101.04,69.135,5.92,43.362,4431
18/13:32:53,8.36,2.41,101.04,69.025,5.92,43.373,4432
18/13:32:54,8.41,2.42,101.04,68.827,5.92,43.395,4433
18/13:32:55,8.54,2.4,101.05,68.552,5.92,43.417,4434
18/13:32:56,8.53,2.4,101.05,68.585,5.92,43.428,4435
18/13:32:56,8.64,2.4,101.05,68.53,5.92,43.428,4436
18/13:32:57,8.57,2.4,101.02,68.442,5.92,43.439,4437
18/13:32:58,8.72,2.37,101.03,68.167,5.91,43.461,4438
18/13:32:59,8.3,2.25,101.05,67.914,5.91,43.483,4439
18/13:32:59,7.98,2.19,101.07,67.815,5.91,43.494,4440
18/13:33:00,7.83,2.15,101.08,67.716,5.91,43.505,4441
18/13:33:01,7.62,2.09,101.12,67.353,5.91,43.516,4442
18/13:33:01,7.64,2.1,101.12,67.155,5.91,43.527,4443
18/13:33:02,7.76,2.15,101.11,66.99,5.91,43.527,4444
18/13:33:02,8.03,2.21,101.08,66.836,5.91,43.549,4445
18/13:33:03,8.28,2.27,101.06,66.682,5.91,43.56,4446
18/13:33:04,8.57,2.32,101.04,66.616,5.9,43.571,4447
18/13:33:04,8.87,2.37,101.01,66.495,5.9,43.582,4448
18/13:33:05,9.3,2.42,100.94,66.462,5.9,43.593,4449
18/13:33:05,9.57,2.42,100.92,66.462,5.9,43.604,4450
18/13:33:06,9.85,2.42,100.9,66.385,5.9,43.615,4451
18/13:33:06,10.13,2.41,100.85,66.308,5.9,43.615,4452
18/13:33:07,10.31,2.42,100.82,66.341,5.9,43.626,4453
18/13:33:07,10.56,2.4,100.8,66.297,5.9,43.637,4454
18/13:33:08,11.05,2.41,100.77,66.066,5.88,43.659,4455
18/13:33:09,11.34,2.41,100.76,65.89,5.88,43.681,4456
18/13:33:10,11.43,2.41,100.75,65.923,5.88,43.692,4457
18/13:33:10,11.56,2.42,100.75,65.945,5.88,43.692,4458
18/13:33:11,11.7,2.41,100.73,65.989,5.88,43.703,4459
18/13:33:11,11.8,2.41,100.73,65.978,5.88,43.714,4460
18/13:33:12,11.88,2.41,100.71,65.967,5.88,43.725,4461
18/13:33:12,11.91,2.41,100.69,65.956,5.88,43.736,4462
18/13:33:14,11.92,2.4,100.67,66.011,5.88,43.758,4463
18/13:33:14,12.16,2.39,100.68,66.033,5.88,43.769,4464
18/13:33:15,12.26,2.4,100.65,65.879,5.88,43.78,4465
18/13:33:16,12.35,2.41,100.64,65.956,5.88,43.791,4466
18/13:33:16,12.46,2.4,100.64,65.956,5.87,43.802,4467
18/13:33:16,12.49,2.41,100.64,65.967,5.87,43.813,4468
18/13:33:17,12.54,2.4,100.62,65.967,5.87,43.824,4469
18/13:33:18,12.59,2.39,100.62,65.923,5.87,43.835,4470
18/13:33:18,12.48,2.39,100.6,65.857,5.87,43.846,4471
18/13:33:19,12.46,2.39,100.57,65.868,5.87,43.846,4472
18/13:33:20,12.48,2.38,100.56,65.835,5.86,43.868,4473
18/13:33:20,12.48,2.39,100.56,65.791,5.86,43.879,4474
18/13:33:21,12.67,2.39,100.54,65.813,5.86,43.89,4475
18/13:33:21,12.95,2.42,100.5,65.868,5.86,43.901,4476
18/13:33:22,13.0,2.41,100.49,66.011,5.86,43.912,4477
18/13:33:23,13.21,2.46,100.5,66.121,5.85,43.923,4478
18/13:33:23,13.28,2.43,100.49,66.143,5.85,43.934,4479
18/13:33:24,13.28,2.45,100.49,66.198,5.85,43.945,4480
18/13:33:24,13.19,2.46,100.45,66.209,5.85,43.956,4481
18/13:33:25,12.92,2.47,100.47,66.242,5.85,43.967,4482
18/13:33:26,12.72,2.47,100.5,66.297,5.85,43.978,4483
18/13:33:26,12.67,2.47,100.48,66.286,5.85,43.989,4484
18/13:33:27,12.59,2.46,100.47,66.242,5.84,44.0,4485
18/13:33:28,12.44,2.45,100.48,66.396,5.84,44.011,4486
18/13:33:28,12.45,2.44,100.49,66.418,5.84,44.022,4487
18/13:33:29,12.53,2.44,100.5,66.506,5.84,44.033,4488
18/13:33:29,12.52,2.44,100.5,66.539,5.84,44.044,4489
18/13:33:30,12.51,2.43,100.5,66.539,5.83,44.055,4490
18/13:33:30,12.51,2.43,100.51,66.539,5.83,44.066,4491
18/13:33:31,12.5,2.44,100.5,66.539,5.83,44.077,4492
18/13:33:31,12.45,2.44,100.51,66.572,5.83,44.088,4493
18/13:33:33,12.52,2.44,100.48,66.616,5.83,44.099,4494
18/13:33:33,12.57,2.44,100.45,66.715,5.83,44.11,4495
18/13:33:33,12.61,2.43,100.43,66.726,5.82,44.121,4496
18/13:33:34,12.74,2.45,100.44,66.627,5.82,44.132,4497
18/13:33:35,12.94,2.47,100.41,66.539,5.82,44.154,4498
18/13:33:36,13.0,2.47,100.41,66.44,5.82,44.176,4499
18/13:33:37,12.99,2.46,100.43,66.495,5.81,44.187,4500
18/13:33:38,12.96,2.45,100.43,66.572,5.81,44.198,4501
18/13:33:39,12.92,2.43,100.44,66.649,5.81,44.22,4502
18/13:33:39,12.93,2.44,100.43,66.715,5.81,44.231,4503
18/13:33:40,12.93,2.43,100.42,66.858,5.8,44.253,4504
18/13:33:41,12.92,2.44,100.41,66.77,5.8,44.253,4505
18/13:33:41,12.97,2.43,100.41,66.726,5.8,44.264,4506
18/13:33:42,12.95,2.44,100.41,66.737,5.8,44.275,4507
18/13:33:42,12.97,2.41,100.41,66.781,5.8,44.286,4508
18/13:33:43,12.94,2.4,100.41,66.902,5.8,44.308,4509
18/13:33:44,12.94,2.42,100.4,66.88,5.79,44.308,4510
18/13:33:45,12.92,2.41,100.41,66.781,5.79,44.33,4511
18/13:33:45,12.96,2.39,100.39,67.001,5.79,44.341,4512
18/13:33:46,12.93,2.41,100.39,66.946,5.79,44.352,4513
18/13:33:47,12.92,2.41,100.37,67.089,5.79,44.363,4514
18/13:33:47,12.95,2.42,100.36,67.089,5.78,44.374,4515
18/13:33:48,12.96,2.42,100.36,67.089,5.78,44.385,4516
18/13:33:48,12.99,2.42,100.35,67.144,5.78,44.396,4517
18/13:33:49,13.03,2.43,100.35,67.265,5.78,44.407,4518
18/13:33:49,13.04,2.43,100.33,67.221,5.78,44.418,4519
18/13:33:50,13.03,2.44,100.33,67.353,5.78,44.429,4520
18/13:33:50,13.08,2.43,100.32,67.386,5.77,44.429,4521
18/13:33:51,13.0,2.43,100.32,67.408,5.77,44.44,4522
18/13:33:51,13.01,2.43,100.32,67.408,5.77,44.451,4523
18/13:33:52,12.97,2.43,100.33,67.452,5.77,44.462,4524
18/13:33:53,12.91,2.43,100.31,67.529,5.77,44.473,4525
18/13:33:53,12.9,2.43,100.32,67.573,5.77,44.484,4526
18/13:33:54,12.93,2.42,100.33,67.672,5.77,44.495,4527
18/13:33:55,12.94,2.42,100.35,67.826,5.76,44.517,4528
18/13:33:55,13.08,2.43,100.33,68.002,5.76,44.528,4529
18/13:33:57,13.14,2.44,100.35,68.024,5.76,44.55,4530
18/13:33:57,13.14,2.44,100.35,67.991,5.75,44.561,4531
18/13:33:58,13.05,2.44,100.34,67.936,5.75,44.572,4532
18/13:33:59,12.94,2.43,100.32,67.991,5.75,44.594,4533
18/13:33:59,12.94,2.42,100.32,67.98,5.75,44.605,4534
18/13:34:00,12.9,2.38,100.33,67.947,5.75,44.616,4535
18/13:34:01,12.92,2.36,100.3,68.013,5.74,44.616,4536
18/13:34:01,12.85,2.36,100.28,68.035,5.74,44.627,4537
18/13:34:02,12.91,2.37,100.3,68.167,5.74,44.649,4538
18/13:34:03,12.93,2.37,100.3,68.178,5.74,44.66,4539
18/13:34:04,12.98,2.39,100.3,68.255,5.73,44.693,4540
18/13:34:05,12.91,2.4,100.28,68.255,5.73,44.704,4541
18/13:34:05,12.95,2.41,100.3,68.288,5.73,44.715,4542
18/13:34:06,13.03,2.41,100.3,68.354,5.73,44.726,4543
18/13:34:06,13.02,2.4,100.28,68.365,5.73,44.726,4544
18/13:34:07,12.98,2.41,100.27,68.376,5.73,44.737,4545
18/13:34:07,12.97,2.4,100.26,68.409,5.73,44.748,4546
18/13:34:08,12.93,2.41,100.22,68.508,5.72,44.77,4547
18/13:34:09,13.05,2.41,100.22,68.684,5.72,44.792,4548
18/13:34:10,12.99,2.44,100.24,68.739,5.72,44.803,4549
18/13:34:12,12.98,2.43,100.23,68.871,5.71,44.836,4550
18/13:34:12,12.99,2.43,100.24,68.893,5.71,44.847,4551
18/13:34:13,12.93,2.43,100.25,68.959,5.71,44.858,4552
18/13:34:15,12.94,2.42,100.26,69.267,5.7,44.902,4553
18/13:34:16,12.98,2.42,100.26,69.212,5.7,44.913,4554
18/13:34:16,13.02,2.41,100.26,69.234,5.7,44.924,4555
18/13:34:17,13.02,2.4,100.25,69.201,5.7,44.935,4556
18/13:34:17,12.87,2.4,100.25,69.223,5.7,44.946,4557
18/13:34:18,12.78,2.4,100.26,69.289,5.69,44.957,4558
18/13:34:18,12.7,2.4,100.26,69.245,5.69,44.968,4559
18/13:34:19,12.62,2.39,100.25,69.278,5.69,44.968,4560
18/13:34:19,12.66,2.38,100.25,69.322,5.69,44.979,4561
18/13:34:20,12.63,2.38,100.25,69.289,5.69,44.99,4562
18/13:34:21,12.55,2.37,100.25,69.41,5.69,45.012,4563
18/13:34:22,12.88,2.36,100.19,69.542,5.68,45.045,4564
18/13:34:23,12.95,2.35,100.19,69.542,5.68,45.056,4565
18/13:34:23,12.96,2.36,100.2,69.608,5.68,45.067,4566
18/13:34:24,12.97,2.34,100.19,69.674,5.68,45.078,4567
18/13:34:25,13.04,2.36,100.17,69.839,5.67,45.089,4568
18/13:34:26,12.98,2.35,100.18,69.916,5.67,45.1,4569
18/13:34:26,12.95,2.36,100.19,69.993,5.67,45.111,4570
18/13:34:27,13.07,2.35,100.18,70.158,5.67,45.133,4571
18/13:34:28,13.09,2.36,100.15,70.433,5.66,45.155,4572
18/13:34:29,13.18,2.36,100.17,70.455,5.66,45.166,4573
18/13:34:30,13.14,2.37,100.16,70.686,5.66,45.188,4574
18/13:34:31,13.09,2.36,100.13,70.807,5.66,45.21,4575
18/13:34:32,13.04,2.37,100.12,70.84,5.65,45.221,4576
18/13:34:33,12.91,2.35,100.13,71.016,5.65,45.243,4577
18/13:34:33,12.85,2.34,100.13,71.005,5.65,45.254,4578
18/13:34:33,12.86,2.35,100.12,71.005,5.65,45.254,4579
18/13:34:34,12.85,2.34,100.12,71.082,5.65,45.265,4580
18/13:34:34,12.77,2.35,100.14,71.115,5.64,45.276,4581
18/13:34:35,12.9,2.33,100.15,71.148,5.64,45.287,4582
18/13:34:36,12.79,2.34,100.14,71.126,5.64,45.298,4583
18/13:34:36,12.83,2.36,100.13,71.17,5.64,45.309,4584
18/13:34:36,12.91,2.34,100.13,71.159,5.64,45.32,4585
18/13:34:37,12.88,2.35,100.1,71.258,5.64,45.331,4586
18/13:34:38,12.96,2.37,100.09,71.39,5.64,45.342,4587
18/13:34:38,12.95,2.37,100.11,71.434,5.63,45.353,4588
18/13:34:39,13.03,2.39,100.09,71.544,5.63,45.375,4589
18/13:34:40,13.06,2.37,100.1,71.489,5.63,45.386,4590
18/13:34:40,13.13,2.36,100.11,71.478,5.63,45.397,4591
18/13:34:41,13.07,2.38,100.1,71.588,5.63,45.408,4592
18/13:34:41,13.06,2.37,100.12,71.621,5.62,45.408,4593
18/13:34:42,12.93,2.34,100.12,71.665,5.62,45.43,4594
18/13:34:42,13.01,2.33,100.1,71.709,5.62,45.441,4595
18/13:34:43,12.92,2.33,100.09,71.852,5.62,45.452,4596
18/13:34:44,12.96,2.32,100.1,71.885,5.62,45.452,4597
18/13:34:44,12.89,2.33,100.1,71.929,5.62,45.474,4598
18/13:34:45,12.88,2.33,100.08,71.929,5.61,45.474,4599
18/13:34:45,12.82,2.33,100.08,71.984,5.61,45.485,4600
18/13:34:46,12.85,2.34,100.09,72.105,5.61,45.496,4601
18/13:34:46,12.89,2.37,100.09,72.182,5.61,45.507,4602
18/13:34:47,12.9,2.38,100.1,72.204,5.61,45.518,4603
18/13:34:47,12.88,2.38,100.1,72.182,5.61,45.529,4604
18/13:34:48,12.81,2.4,100.11,72.226,5.61,45.54,4605
18/13:34:48,12.9,2.4,100.1,72.281,5.6,45.551,4606
18/13:34:49,12.87,2.41,100.11,72.347,5.6,45.562,4607
18/13:34:49,12.95,2.41,100.09,72.413,5.6,45.573,4608
18/13:34:50,12.89,2.4,100.08,72.457,5.6,45.584,4609
18/13:34:50,13.03,2.39,100.08,72.578,5.6,45.595,4610
18/13:34:51,12.89,2.38,100.07,72.644,5.6,45.606,4611
18/13:34:52,13.01,2.37,100.05,72.809,5.59,45.628,4612
18/13:34:52,12.93,2.35,100.05,72.831,5.59,45.639,4613
18/13:34:53,13.01,2.33,100.05,72.842,5.59,45.65,4614
18/13:34:54,12.93,2.3,100.05,72.864,5.59,45.661,4615
18/13:34:54,13.05,2.28,100.04,72.897,5.59,45.672,4616
18/13:34:54,12.86,2.27,100.03,72.908,5.59,45.683,4617
18/13:34:55,13.02,2.27,100.03,72.952,5.58,45.694,4618
18/13:34:56,13.11,2.23,100.03,73.139,5.58,45.716,4619
18/13:34:57,13.02,2.24,100.04,73.172,5.58,45.716,4620
18/13:34:57,13.04,2.24,100.03,73.216,5.58,45.727,4621
18/13:34:58,13.06,2.24,100.03,73.381,5.58,45.749,4622
18/13:34:59,13.06,2.25,100.04,73.546,5.57,45.76,4623
18/13:34:59,12.86,2.24,100.02,73.59,5.57,45.771,4624
18/13:35:00,12.87,2.25,100.01,73.667,5.57,45.793,4625
18/13:35:00,12.81,2.25,100.02,73.733,5.57,45.793,4626
18/13:35:01,12.83,2.23,100.02,73.777,5.57,45.804,4627
18/13:35:01,12.88,2.23,100.01,73.799,5.56,45.815,4628
18/13:35:02,12.84,2.21,100.0,73.854,5.56,45.826,4629
18/13:35:03,12.91,2.2,99.99,73.865,5.56,45.837,4630
18/13:35:03,12.98,2.2,99.98,73.909,5.56,45.848,4631
18/13:35:03,12.98,2.2,99.98,73.964,5.56,45.859,4632
18/13:35:04,13.02,2.19,99.98,73.953,5.56,45.87,4633
18/13:35:04,12.87,2.2,99.97,74.008,5.56,45.881,4634
18/13:35:05,12.86,2.21,99.96,74.008,5.55,45.892,4635
18/13:35:05,12.85,2.21,99.96,74.03,5.55,45.903,4636
18/13:35:06,12.86,2.22,99.95,74.151,5.55,45.914,4637
18/13:35:07,12.75,2.22,99.95,74.195,5.55,45.925,4638
18/13:35:08,12.77,2.08,99.93,74.305,5.55,45.947,4639
18/13:35:08,12.76,2.09,99.92,74.404,5.54,45.958,4640
18/13:35:09,12.72,2.05,99.92,74.426,5.54,45.98,4641
18/13:35:10,12.77,1.99,99.9,74.459,5.54,45.991,4642
18/13:35:10,12.83,2.0,99.9,74.448,5.54,46.002,4643
18/13:35:11,12.96,2.12,99.9,74.459,5.54,46.013,4644
18/13:35:11,12.96,2.15,99.91,74.514,5.54,46.024,4645
18/13:35:12,12.94,2.16,99.91,74.547,5.53,46.035,4646
18/13:35:12,12.97,2.15,99.91,74.536,5.53,46.046,4647
18/13:35:13,13.04,2.15,99.89,74.591,5.53,46.057,4648
18/13:35:14,12.96,2.2,99.89,74.646,5.53,46.068,4649
18/13:35:14,12.88,2.28,99.93,74.624,5.53,46.079,4650
18/13:35:15,12.59,2.28,99.93,74.877,5.52,46.101,4651
18/13:35:16,12.86,2.28,99.93,74.877,5.52,46.123,4652
18/13:35:17,12.76,2.28,99.92,74.998,5.52,46.134,4653
18/13:35:17,12.72,2.3,99.91,75.141,5.52,46.145,4654
18/13:35:17,12.74,2.31,99.9,75.141,5.52,46.156,4655
18/13:35:18,12.87,2.3,99.88,75.108,5.51,46.167,4656
18/13:35:19,12.98,2.28,99.88,75.372,5.51,46.189,4657
18/13:35:20,12.89,2.28,99.87,75.427,5.51,46.2,4658
18/13:35:20,12.78,2.28,99.88,75.394,5.51,46.211,4659
18/13:35:21,12.91,2.3,99.88,75.361,5.51,46.222,4660
18/13:35:21,12.99,2.28,99.89,75.471,5.51,46.233,4661
18/13:35:22,12.94,2.27,99.91,75.416,5.5,46.244,4662
18/13:35:22,12.96,2.27,99.9,75.35,5.5,46.255,4663
18/13:35:23,12.91,2.26,99.89,75.35,5.5,46.266,4664
18/13:35:24,13.06,2.27,99.88,75.405,5.5,46.288,4665
18/13:35:25,13.09,2.27,99.88,75.416,5.5,46.299,4666
18/13:35:26,12.81,2.24,99.88,75.614,5.49,46.321,4667
18/13:35:26,12.93,2.25,99.87,75.603,5.49,46.332,4668
18/13:35:26,12.95,2.25,99.89,75.702,5.49,46.343,4669
18/13:35:27,12.92,2.25,99.86,75.823,5.49,46.354,4670
18/13:35:28,12.89,2.23,99.86,75.856,5.49,46.365,4671
18/13:35:29,12.95,2.23,99.86,75.834,5.48,46.387,4672
18/13:35:29,12.98,2.21,99.84,75.955,5.48,46.398,4673
18/13:35:30,12.95,2.2,99.83,76.054,5.48,46.42,4674
18/13:35:31,12.79,2.19,99.84,76.032,5.48,46.431,4675
18/13:35:32,12.82,2.22,99.84,76.131,5.47,46.453,4676
18/13:35:32,12.63,2.23,99.85,76.23,5.47,46.464,4677
18/13:35:33,12.52,2.24,99.85,76.318,5.47,46.475,4678
18/13:35:34,12.6,2.25,99.88,76.318,5.47,46.486,4679
18/13:35:34,12.71,2.27,99.87,76.439,5.47,46.497,4680
18/13:35:35,12.86,2.28,99.87,76.472,5.47,46.508,4681
18/13:35:35,13.09,2.27,99.85,76.516,5.46,46.508,4682
18/13:35:36,12.98,2.26,99.83,76.505,5.46,46.541,4683
18/13:35:37,13.23,2.26,99.83,76.527,5.46,46.552,4684
18/13:35:38,13.43,2.27,99.83,76.604,5.46,46.574,4685
18/13:35:38,13.14,2.27,99.82,76.692,5.46,46.585,4686
18/13:35:39,12.84,2.26,99.82,76.791,5.45,46.596,4687
18/13:35:39,12.75,2.26,99.83,76.791,5.45,46.607,4688
18/13:35:40,12.82,2.27,99.83,76.901,5.45,46.618,4689
18/13:35:42,12.78,2.25,99.8,77.396,5.44,46.662,4690
18/13:35:42,12.82,2.26,99.79,77.44,5.44,46.673,4691
18/13:35:43,12.91,2.26,99.79,77.44,5.44,46.684,4692
18/13:35:43,12.92,2.25,99.79,77.451,5.44,46.695,4693
18/13:35:45,12.55,2.26,99.78,77.528,5.44,46.728,4694
18/13:35:45,12.44,2.26,99.78,77.66,5.43,46.739,4695
18/13:35:46,12.55,2.27,99.78,77.693,5.43,46.761,4696
18/13:35:47,12.87,2.28,99.78,77.836,5.43,46.783,4697
18/13:35:48,12.96,2.28,99.78,77.968,5.43,46.794,4698
18/13:35:48,13.11,2.28,99.78,78.089,5.43,46.805,4699
18/13:35:49,13.21,2.28,99.78,78.177,5.42,46.816,4700
18/13:35:50,13.12,2.28,99.77,78.276,5.42,46.827,4701
18/13:35:50,12.95,2.28,99.76,78.397,5.42,46.849,4702
18/13:35:51,12.81,2.28,99.75,78.518,5.42,46.86,4703
18/13:35:52,12.62,2.28,99.74,78.705,5.41,46.882,4704
18/13:35:52,12.54,2.27,99.74,78.76,5.41,46.893,4705
18/13:35:53,12.53,2.27,99.73,78.815,5.41,46.904,4706
18/13:35:54,12.45,2.28,99.73,78.925,5.41,46.915,4707
18/13:35:54,12.49,2.31,99.73,79.002,5.41,46.926,4708
18/13:35:54,12.56,2.3,99.74,79.057,5.41,46.937,4709
18/13:35:55,11.96,2.28,99.79,79.156,5.4,46.959,4710
18/13:35:56,11.81,2.3,99.83,79.211,5.4,46.97,4711
18/13:35:57,11.66,2.3,99.87,79.178,5.4,46.981,4712
18/13:35:57,11.51,2.28,99.91,79.189,5.4,47.003,4713
18/13:35:58,11.32,2.28,99.95,79.189,5.4,47.014,4714
18/13:35:58,11.12,2.26,99.97,79.266,5.4,47.025,4715
18/13:35:59,10.72,2.27,99.99,79.266,5.4,47.036,4716
18/13:36:01,10.46,2.24,100.0,79.431,5.39,47.08,4717
18/13:36:01,10.19,2.23,100.01,79.453,5.39,47.091,4718
18/13:36:02,9.87,2.22,100.01,79.442,5.39,47.102,4719
18/13:36:02,9.38,2.22,100.03,79.475,5.39,47.113,4720
18/13:36:03,8.98,2.21,100.08,79.475,5.39,47.124,4721
18/13:36:04,7.52,2.21,100.15,79.178,5.38,47.157,4722
18/13:36:06,6.78,2.22,100.24,79.09,5.38,47.19,4723
18/13:36:07,6.87,2.22,100.25,79.123,5.38,47.201,4724
18/13:36:07,6.97,2.23,100.26,79.134,5.38,47.212,4725
18/13:36:08,7.16,2.24,100.27,79.068,5.38,47.223,4726
18/13:36:08,7.41,2.23,100.28,79.024,5.38,47.245,4727
18/13:36:09,7.6,2.24,100.31,79.002,5.38,47.256,4728
18/13:36:10,7.31,2.23,100.37,78.98,5.38,47.278,4729
18/13:36:10,7.09,2.23,100.38,78.87,5.38,47.289,4730
18/13:36:11,6.54,2.22,100.45,78.672,5.37,47.311,4731
18/13:36:12,6.16,2.22,100.46,78.595,5.37,47.322,4732
18/13:36:12,5.89,2.23,100.49,78.551,5.37,47.333,4733
18/13:36:13,5.55,2.22,100.5,78.463,5.37,47.344,4734
18/13:36:14,5.43,2.23,100.5,78.386,5.37,47.355,4735
18/13:36:14,5.4,2.23,100.5,78.254,5.37,47.366,4736
18/13:36:15,5.28,2.21,100.5,78.111,5.37,47.388,4737
18/13:36:16,5.11,2.2,100.51,77.924,5.37,47.399,4738
18/13:36:16,4.94,2.18,100.52,77.814,5.37,47.41,4739
18/13:36:17,4.81,2.15,100.52,77.726,5.37,47.421,4740
18/13:36:17,4.81,2.12,100.52,77.528,5.37,47.432,4741
18/13:36:18,4.94,2.11,100.54,77.374,5.37,47.443,4742
18/13:36:18,5.19,2.11,100.56,77.374,5.37,47.454,4743
18/13:36:19,5.31,2.1,100.56,77.297,5.37,47.465,4744
18/13:36:20,5.44,2.08,100.57,76.835,5.37,47.487,4745
18/13:36:20,5.72,2.08,100.57,76.626,5.37,47.498,4746
18/13:36:21,5.88,2.11,100.6,76.351,5.37,47.509,4747
18/13:36:21,5.74,2.11,100.59,76.208,5.37,47.531,4748
18/13:36:22,5.67,2.11,100.59,75.966,5.36,47.531,4749
18/13:36:22,5.67,2.11,100.6,75.735,5.36,47.542,4750
18/13:36:23,5.57,2.1,100.6,75.416,5.36,47.575,4751
18/13:36:24,5.51,2.1,100.6,75.24,5.36,47.586,4752
18/13:36:24,5.51,2.1,100.6,74.954,5.36,47.586,4753
18/13:36:25,5.49,2.09,100.59,74.778,5.36,47.608,4754
18/13:36:26,5.5,2.09,100.6,74.602,5.36,47.63,4755
18/13:36:27,5.55,2.08,100.57,74.426,5.36,47.63,4756
18/13:36:28,6.04,2.09,100.57,74.316,5.36,47.652,4757
18/13:36:28,5.93,2.09,100.57,74.294,5.36,47.663,4758
18/13:36:29,5.99,2.1,100.57,74.195,5.36,47.674,4759
18/13:36:29,6.23,2.1,100.59,74.118,5.36,47.685,4760
18/13:36:30,6.43,2.1,100.57,73.986,5.36,47.707,4761
18/13:36:32,6.56,2.09,100.56,73.931,5.35,47.729,4762
18/13:36:32,7.24,2.08,100.49,73.997,5.35,47.751,4763
18/13:36:34,8.0,2.08,100.39,73.997,5.35,47.784,4764
18/13:36:34,8.24,2.08,100.37,73.964,5.35,47.795,4765
18/13:36:35,8.42,2.08,100.34,73.997,5.35,47.806,4766
18/13:36:36,8.57,2.09,100.31,73.942,5.35,47.817,4767
18/13:36:36,8.61,2.09,100.32,73.953,5.35,47.828,4768
18/13:36:37,8.81,2.09,100.3,74.008,5.35,47.839,4769
18/13:36:37,8.86,2.09,100.28,74.008,5.35,47.85,4770
18/13:36:37,8.97,2.09,100.26,74.096,5.34,47.861,4771
18/13:36:38,9.19,2.09,100.24,74.316,5.34,47.883,4772
18/13:36:40,9.52,2.09,100.2,74.382,5.34,47.905,4773
18/13:36:40,9.5,2.09,100.22,74.448,5.34,47.916,4774
18/13:36:41,9.32,2.09,100.22,74.448,5.34,47.916,4775
18/13:36:42,9.55,2.11,100.21,74.624,5.34,47.949,4776
18/13:36:42,9.34,2.13,100.2,74.69,5.33,47.96,4777
18/13:36:43,9.48,2.15,100.21,74.723,5.33,47.971,4778
18/13:36:44,9.53,2.18,100.22,74.833,5.33,47.982,4779
18/13:36:44,9.56,2.23,100.2,74.833,5.33,48.004,4780
18/13:36:45,9.62,2.25,100.21,74.855,5.33,48.015,4781
18/13:36:45,9.44,2.27,100.21,74.954,5.33,48.026,4782
18/13:36:46,9.6,2.28,100.21,74.954,5.33,48.037,4783
18/13:36:46,9.77,2.28,100.2,75.053,5.33,48.048,4784
18/13:36:48,9.43,2.26,100.21,75.229,5.32,48.07,4785
18/13:36:48,9.55,2.25,100.19,75.251,5.32,48.081,4786
18/13:36:49,9.56,2.25,100.19,75.328,5.32,48.092,4787
18/13:36:49,9.54,2.24,100.17,75.46,5.32,48.103,4788
18/13:36:50,9.49,2.23,100.19,75.504,5.32,48.114,4789
18/13:36:50,9.39,2.21,100.2,75.559,5.32,48.125,4790
18/13:36:51,9.48,2.22,100.2,75.537,5.32,48.136,4791
18/13:36:51,9.49,2.21,100.2,75.559,5.32,48.147,4792
18/13:36:52,9.37,2.21,100.22,75.581,5.31,48.169,4793
18/13:36:53,9.39,2.21,100.23,75.658,5.31,48.18,4794
18/13:36:53,9.51,2.22,100.24,75.79,5.31,48.191,4795
18/13:36:55,9.38,2.22,100.19,75.834,5.31,48.224,4796
18/13:36:55,9.55,2.22,100.19,75.922,5.31,48.235,4797
18/13:36:56,9.66,2.23,100.18,76.065,5.31,48.246,4798
18/13:36:57,9.56,2.21,100.16,76.043,5.31,48.257,4799
18/13:36:57,9.13,2.21,100.17,75.955,5.3,48.268,4800
18/13:36:58,8.91,2.2,100.19,75.889,5.3,48.279,4801
18/13:36:58,8.95,2.2,100.22,75.889,5.3,48.29,4802
18/13:36:59,8.84,2.2,100.23,75.922,5.3,48.301,4803
18/13:37:00,8.28,2.18,100.28,75.79,5.3,48.334,4804
18/13:37:01,8.17,2.18,100.3,75.779,5.3,48.345,4805
18/13:37:02,7.95,2.17,100.3,75.801,5.3,48.367,4806
18/13:37:02,7.81,2.17,100.32,75.68,5.3,48.378,4807
18/13:37:03,7.82,2.17,100.33,75.636,5.29,48.389,4808
18/13:37:03,7.79,2.18,100.35,75.559,5.29,48.4,4809
18/13:37:04,7.71,2.17,100.35,75.449,5.29,48.411,4810
18/13:37:05,7.54,2.19,100.37,75.416,5.29,48.422,4811
18/13:37:05,7.5,2.19,100.36,75.405,5.29,48.433,4812
18/13:37:06,7.64,2.2,100.35,75.042,5.29,48.455,4813
18/13:37:06,7.61,2.21,100.36,75.064,5.29,48.466,4814
18/13:37:07,7.56,2.22,100.36,75.031,5.29,48.477,4815
18/13:37:08,7.54,2.22,100.37,74.921,5.29,48.488,4816
18/13:37:08,7.52,2.22,100.36,74.855,5.29,48.499,4817
18/13:37:09,7.52,2.23,100.34,74.789,5.29,48.51,4818
18/13:37:09,7.62,2.23,100.32,74.679,5.29,48.521,4819
18/13:37:10,7.92,2.23,100.28,74.547,5.28,48.543,4820
18/13:37:11,7.87,2.21,100.27,74.459,5.28,48.554,4821
18/13:37:11,8.17,2.22,100.26,74.393,5.28,48.565,4822
18/13:37:12,8.28,2.22,100.23,74.404,5.28,48.587,4823
18/13:37:14,8.71,2.21,100.24,74.349,5.28,48.609,4824
18/13:37:14,8.55,2.21,100.23,74.261,5.28,48.62,4825
18/13:37:14,8.8,2.2,100.22,74.228,5.28,48.631,4826
18/13:37:15,8.97,2.21,100.21,74.272,5.28,48.642,4827
18/13:37:16,9.14,2.21,100.19,74.316,5.27,48.653,4828
18/13:37:16,9.53,2.21,100.16,74.294,5.27,48.664,4829
18/13:37:17,9.82,2.22,100.11,74.349,5.27,48.675,4830
18/13:37:17,9.87,2.21,100.08,74.36,5.27,48.686,4831
18/13:37:18,10.4,2.22,100.05,74.349,5.27,48.697,4832
18/13:37:18,10.61,2.22,100.01,74.393,5.27,48.708,4833
18/13:37:19,10.59,2.21,99.99,74.503,5.27,48.708,4834
18/13:37:20,11.08,2.19,99.96,74.635,5.26,48.741,4835
18/13:37:20,11.0,2.19,99.94,74.712,5.26,48.752,4836
18/13:37:21,11.14,2.19,99.94,74.756,5.26,48.763,4837
18/13:37:22,10.94,2.19,99.93,74.877,5.26,48.785,4838
18/13:37:22,11.01,2.19,99.93,74.921,5.26,48.796,4839
18/13:37:23,11.3,2.19,99.91,74.976,5.26,48.807,4840
18/13:37:23,11.08,2.2,99.9,75.207,5.26,48.818,4841
18/13:37:24,10.97,2.2,99.9,75.295,5.25,48.829,4842
18/13:37:25,10.96,2.2,99.91,75.284,5.25,48.851,4843
18/13:37:26,10.98,2.2,99.91,75.35,5.25,48.862,4844
18/13:37:27,10.88,2.19,99.9,75.482,5.25,48.884,4845
18/13:37:27,10.74,2.18,99.9,75.614,5.25,48.895,4846
18/13:37:29,10.84,2.19,99.87,75.944,5.24,48.928,4847
18/13:37:30,10.74,2.2,99.85,75.955,5.24,48.95,4848
18/13:37:30,10.9,2.19,99.87,75.955,5.24,48.961,4849
18/13:37:31,10.95,2.2,99.86,76.043,5.24,48.972,4850
18/13:37:31,11.01,2.21,99.86,76.12,5.24,48.983,4851
18/13:37:32,11.08,2.2,99.84,76.12,5.24,48.994,4852
18/13:37:33,11.05,2.2,99.85,76.23,5.23,49.005,4853
18/13:37:33,11.0,2.19,99.86,76.318,5.23,49.016,4854
18/13:37:34,10.89,2.18,99.86,76.384,5.23,49.027,4855
18/13:37:34,10.79,2.18,99.87,76.406,5.23,49.049,4856
18/13:37:35,10.77,2.17,99.9,76.461,5.23,49.06,4857
18/13:37:35,10.53,2.17,99.92,76.45,5.23,49.071,4858
18/13:37:36,10.09,2.16,99.95,76.472,5.22,49.082,4859
18/13:37:37,9.66,2.16,99.97,76.483,5.22,49.093,4860
18/13:37:37,9.36,2.16,99.98,76.362,5.22,49.104,4861
18/13:37:38,9.12,2.16,100.01,76.318,5.22,49.115,4862
18/13:37:38,8.8,2.16,100.03,76.505,5.22,49.126,4863
18/13:37:39,8.52,2.16,100.04,76.516,5.22,49.137,4864
18/13:37:39,8.24,2.16,100.04,76.428,5.22,49.148,4865
18/13:37:40,7.87,2.16,100.06,76.329,5.22,49.159,4866
18/13:37:40,7.7,2.16,100.08,76.274,5.22,49.17,4867
18/13:37:41,7.72,2.15,100.13,76.131,5.22,49.192,4868
18/13:37:42,7.49,2.14,100.15,76.076,5.21,49.203,4869
18/13:37:43,6.82,2.14,100.2,75.955,5.21,49.225,4870
18/13:37:44,6.88,2.13,100.21,75.867,5.21,49.236,4871
18/13:37:44,7.04,2.14,100.23,75.823,5.21,49.247,4872
18/13:37:45,6.91,2.13,100.23,75.757,5.21,49.258,4873
18/13:37:45,6.65,2.13,100.23,75.658,5.21,49.269,4874
18/13:37:46,6.75,2.13,100.23,75.537,5.21,49.28,4875
18/13:37:46,6.93,2.13,100.24,75.427,5.21,49.291,4876
18/13:37:47,6.96,2.13,100.21,75.405,5.21,49.302,4877
18/13:37:47,6.78,2.12,100.25,75.174,5.21,49.324,4878
18/13:37:48,6.97,2.11,100.26,75.152,5.21,49.335,4879
18/13:37:49,7.26,2.11,100.26,74.778,5.2,49.357,4880
18/13:37:50,7.03,2.11,100.26,74.635,5.2,49.368,4881
18/13:37:51,7.11,2.13,100.27,74.25,5.2,49.39,4882
18/13:37:51,7.09,2.14,100.26,74.03,5.2,49.401,4883
18/13:37:52,6.97,2.15,100.25,73.942,5.2,49.412,4884
18/13:37:52,7.01,2.16,100.24,73.832,5.2,49.423,4885
18/13:37:53,6.88,2.17,100.24,73.733,5.2,49.434,4886
18/13:37:54,6.82,2.17,100.25,73.458,5.2,49.456,4887
18/13:37:56,6.97,2.14,100.25,73.216,5.2,49.489,4888
18/13:37:56,6.93,2.13,100.26,73.205,5.2,49.5,4889
18/13:37:57,7.52,2.13,100.23,73.172,5.19,49.522,4890
18/13:37:58,7.66,2.15,100.2,73.216,5.19,49.533,4891
18/13:37:58,8.12,2.16,100.13,73.271,5.19,49.544,4892
18/13:37:59,8.71,2.16,100.09,73.326,5.19,49.555,4893
18/13:37:59,9.08,2.16,100.05,73.348,5.19,49.566,4894
18/13:38:00,9.71,2.17,99.99,73.436,5.19,49.577,4895
18/13:38:00,10.09,2.17,99.94,73.557,5.19,49.588,4896
18/13:38:01,10.54,2.17,99.9,73.667,5.19,49.599,4897
18/13:38:01,10.64,2.17,99.86,73.799,5.19,49.61,4898
18/13:38:02,10.86,2.16,99.85,73.942,5.17,49.621,4899
18/13:38:03,10.97,2.16,99.84,74.008,5.17,49.632,4900
18/13:38:03,11.17,2.16,99.79,74.316,5.17,49.654,4901
18/13:38:04,11.27,2.16,99.77,74.426,5.17,49.665,4902
18/13:38:05,11.62,2.17,99.75,74.569,5.17,49.676,4903
18/13:38:05,11.62,2.17,99.74,74.811,5.17,49.687,4904
18/13:38:06,11.78,2.18,99.74,75.053,5.16,49.698,4905
18/13:38:06,12.14,2.18,99.71,75.185,5.16,49.698,4906
18/13:38:07,11.99,2.18,99.7,75.306,5.16,49.72,4907
18/13:38:07,11.89,2.19,99.7,75.449,5.16,49.731,4908
18/13:38:08,12.02,2.19,99.7,75.504,5.16,49.742,4909
18/13:38:09,11.74,2.19,99.7,75.702,5.16,49.764,4910
18/13:38:09,11.72,2.19,99.69,75.834,5.16,49.764,4911
18/13:38:10,11.36,2.19,99.7,75.966,5.16,49.797,4912
18/13:38:11,11.23,2.18,99.7,76.054,5.16,49.808,4913
18/13:38:12,10.84,2.17,99.72,76.076,5.16,49.83,4914
18/13:38:12,10.57,2.15,99.74,76.098,5.16,49.841,4915
18/13:38:13,10.35,2.15,99.77,76.197,5.16,49.852,4916
18/13:38:14,9.95,2.15,99.81,76.197,5.15,49.863,4917
18/13:38:14,9.21,2.14,99.86,75.955,5.15,49.885,4918
18/13:38:15,8.96,2.14,99.91,75.878,5.15,49.896,4919
18/13:38:16,8.03,2.14,99.98,75.779,5.15,49.918,4920
18/13:38:17,7.77,2.15,100.02,75.713,5.15,49.929,4921
18/13:38:17,7.43,2.15,100.05,75.691,5.15,49.94,4922
18/13:38:18,7.11,2.15,100.08,75.68,5.15,49.951,4923
18/13:38:18,7.03,2.15,100.1,75.581,5.15,49.962,4924
18/13:38:19,6.84,2.15,100.12,75.405,5.15,49.973,4925
18/13:38:20,6.69,2.15,100.17,75.229,5.14,49.995,4926
18/13:38:20,6.69,2.15,100.17,75.108,5.14,50.006,4927
18/13:38:21,6.45,2.14,100.19,75.009,5.14,50.028,4928
18/13:38:22,6.62,2.15,100.17,74.866,5.14,50.039,4929
18/13:38:22,6.38,2.15,100.17,74.778,5.14,50.05,4930
18/13:38:23,6.31,2.16,100.18,74.767,5.14,50.061,4931
18/13:38:23,6.53,2.17,100.18,74.712,5.14,50.072,4932
18/13:38:24,6.36,2.16,100.18,74.657,5.14,50.083,4933
18/13:38:25,6.17,2.16,100.19,74.547,5.14,50.083,4934
18/13:38:26,6.5,2.17,100.17,74.448,5.14,50.116,4935
18/13:38:26,6.31,2.17,100.17,74.305,5.14,50.116,4936
18/13:38:27,6.49,2.17,100.16,74.228,5.14,50.116,4937
18/13:38:28,6.37,2.17,100.13,74.162,5.13,50.149,4938
18/13:38:28,6.66,2.17,100.12,74.107,5.13,50.16,4939
18/13:38:29,6.72,2.17,100.1,74.063,5.13,50.171,4940
18/13:38:29,6.57,2.17,100.11,73.964,5.13,50.182,4941
18/13:38:30,6.75,2.16,100.14,73.876,5.13,50.193,4942
18/13:38:30,6.96,2.17,100.13,73.766,5.13,50.204,4943
18/13:38:31,7.21,2.16,100.12,73.7,5.13,50.215,4944
18/13:38:32,7.55,2.16,100.1,73.689,5.13,50.226,4945
18/13:38:32,8.32,2.16,100.03,73.7,5.13,50.248,4946
18/13:38:33,8.74,2.17,99.98,73.656,5.13,50.259,4947
18/13:38:33,9.15,2.17,99.94,73.722,5.13,50.27,4948
18/13:38:34,9.42,2.17,99.89,73.744,5.13,50.281,4949
18/13:38:34,9.69,2.17,99.87,73.711,5.12,50.292,4950
18/13:38:35,9.94,2.17,99.83,73.7,5.12,50.303,4951
18/13:38:36,10.34,2.17,99.77,73.788,5.12,50.325,4952
18/13:38:37,10.68,2.18,99.74,74.063,5.12,50.347,4953
18/13:38:37,11.06,2.17,99.71,74.217,5.12,50.358,4954
18/13:38:38,11.62,2.18,99.65,74.305,5.12,50.369,4955
18/13:38:39,11.92,2.18,99.6,74.448,5.11,50.38,4956
18/13:38:39,12.04,2.18,99.57,74.503,5.11,50.391,4957
18/13:38:41,12.47,2.19,99.52,74.635,5.11,50.424,4958
18/13:38:41,12.66,2.18,99.5,74.701,5.11,50.435,4959
18/13:38:42,12.28,2.18,99.5,74.811,5.11,50.446,4960
18/13:38:42,12.0,2.17,99.53,74.745,5.1,50.457,4961
18/13:38:43,12.13,2.18,99.54,74.723,5.1,50.468,4962
18/13:38:44,11.9,2.17,99.52,74.8,5.1,50.49,4963
18/13:38:44,11.98,2.17,99.51,74.789,5.1,50.501,4964
18/13:38:45,12.04,2.17,99.5,74.745,5.1,50.512,4965
18/13:38:46,11.91,2.17,99.49,74.866,5.1,50.523,4966
18/13:38:46,11.93,2.17,99.48,74.855,5.09,50.534,4967
18/13:38:47,11.97,2.16,99.47,74.756,5.09,50.556,4968
18/13:38:47,11.94,2.16,99.48,74.855,5.09,50.567,4969
18/13:38:49,11.95,2.17,99.49,74.998,5.09,50.589,4970
18/13:38:49,11.81,2.16,99.48,75.086,5.08,50.6,4971
18/13:38:50,11.79,2.16,99.49,75.086,5.08,50.611,4972
18/13:38:50,12.04,2.16,99.49,75.086,5.08,50.622,4973
18/13:38:51,11.97,2.17,99.48,75.13,5.08,50.633,4974
18/13:38:51,11.87,2.16,99.48,75.196,5.08,50.644,4975
18/13:38:52,11.85,2.16,99.47,75.185,5.08,50.655,4976
18/13:38:53,12.09,2.16,99.44,75.152,5.07,50.677,4977
18/13:38:54,12.16,2.18,99.42,75.295,5.07,50.699,4978
18/13:38:54,12.03,2.17,99.4,75.251,5.07,50.71,4979
18/13:38:55,12.11,2.19,99.4,75.383,5.07,50.732,4980
18/13:38:56,12.24,2.19,99.4,75.427,5.07,50.743,4981
18/13:38:56,11.98,2.19,99.4,75.526,5.06,50.754,4982
18/13:38:57,12.1,2.18,99.4,75.636,5.06,50.765,4983
18/13:38:58,12.22,2.18,99.41,75.636,5.06,50.776,4984
18/13:38:58,12.04,2.18,99.42,75.636,5.06,50.787,4985
18/13:38:59,11.95,2.17,99.42,75.647,5.06,50.798,4986
18/13:38:59,11.97,2.17,99.41,75.647,5.06,50.809,4987
18/13:39:00,11.87,2.17,99.4,75.658,5.06,50.82,4988
18/13:39:01,11.63,2.17,99.4,75.691,5.05,50.842,4989
18/13:39:02,11.23,2.17,99.42,75.405,5.05,50.864,4990
18/13:39:02,11.28,2.17,99.43,75.46,5.05,50.875,4991
18/13:39:03,11.22,2.16,99.45,75.482,5.05,50.886,4992
18/13:39:03,11.04,2.16,99.46,75.35,5.05,50.897,4993
18/13:39:04,10.87,2.15,99.46,75.24,5.05,50.908,4994
18/13:39:04,10.91,2.15,99.46,75.24,5.04,50.908,4995
18/13:39:05,10.91,2.14,99.46,75.273,5.04,50.93,4996
18/13:39:06,10.93,2.14,99.46,75.196,5.04,50.941,4997
18/13:39:06,10.73,2.12,99.45,75.086,5.04,50.963,4998
18/13:39:07,10.38,2.08,99.48,75.108,5.04,50.974,4999
18/13:39:08,10.49,2.08,99.49,74.866,5.04,50.996,5000
18/13:39:08,10.36,2.08,99.49,74.844,5.03,51.007,5001
18/13:39:09,10.52,2.09,99.5,74.855,5.03,51.029,5002
18/13:39:11,10.51,2.15,99.46,74.668,5.03,51.051,5003
18/13:39:11,11.02,2.18,99.45,74.679,5.03,51.062,5004
18/13:39:12,10.86,2.18,99.43,74.756,5.03,51.073,5005
18/13:39:12,10.89,2.19,99.43,74.657,5.03,51.084,5006
18/13:39:13,11.09,2.21,99.42,74.635,5.02,51.095,5007
18/13:39:13,11.0,2.2,99.41,74.668,5.02,51.106,5008
18/13:39:14,10.77,2.2,99.41,74.668,5.02,51.117,5009
18/13:39:15,10.99,2.2,99.41,74.679,5.02,51.128,5010
18/13:39:15,10.8,2.2,99.38,74.635,5.02,51.15,5011
18/13:39:16,10.99,2.2,99.36,74.503,5.01,51.172,5012
18/13:39:17,10.8,2.19,99.35,74.47,5.01,51.183,5013
18/13:39:18,10.92,2.18,99.35,74.415,5.01,51.194,5014
18/13:39:18,11.08,2.19,99.34,74.426,5.01,51.205,5015
18/13:39:19,10.88,2.18,99.34,74.327,5.01,51.216,5016
18/13:39:19,11.09,2.18,99.34,74.283,5.01,51.227,5017
18/13:39:20,10.92,2.17,99.33,74.217,5.01,51.249,5018
18/13:39:21,11.28,2.16,99.33,74.195,5.0,51.271,5019
18/13:39:22,11.19,2.16,99.32,74.25,5.0,51.282,5020
18/13:39:22,11.41,2.15,99.31,74.305,5.0,51.282,5021
18/13:39:23,11.48,2.14,99.28,74.349,5.0,51.304,5022
18/13:39:24,11.56,2.15,99.27,74.294,5.0,51.326,5023
18/13:39:25,11.34,2.15,99.26,74.206,4.99,51.337,5024
18/13:39:25,11.63,2.16,99.25,74.129,4.99,51.348,5025
18/13:39:26,11.44,2.16,99.25,74.118,4.99,51.37,5026
18/13:39:27,11.65,2.16,99.25,74.184,4.99,51.381,5027
18/13:39:28,11.7,2.17,99.25,74.261,4.99,51.392,5028
18/13:39:28,11.6,2.16,99.24,74.184,4.99,51.403,5029
18/13:39:29,11.86,2.16,99.21,74.074,4.98,51.414,5030
18/13:39:29,12.04,2.16,99.2,74.008,4.98,51.425,5031
18/13:39:31,12.06,2.15,99.16,73.843,4.98,51.458,5032
18/13:39:31,12.22,2.16,99.16,73.821,4.98,51.469,5033
18/13:39:32,12.31,2.16,99.13,73.788,4.98,51.48,5034
18/13:39:32,12.43,2.17,99.11,73.832,4.97,51.491,5035
18/13:39:33,12.61,2.15,99.09,73.876,4.97,51.502,5036
18/13:39:34,12.91,2.1,99.06,73.942,4.97,51.524,5037
18/13:39:34,12.81,2.01,99.08,74.041,4.97,51.535,5038
18/13:39:35,12.71,1.94,99.1,74.14,4.97,51.546,5039
18/13:39:36,12.39,1.82,99.14,74.173,4.96,51.557,5040
18/13:39:36,12.19,1.73,99.17,74.195,4.96,51.568,5041
18/13:39:37,12.04,1.66,99.19,74.239,4.96,51.579,5042
18/13:39:38,11.57,1.57,99.23,74.25,4.96,51.601,5043
18/13:39:39,12.18,1.73,99.16,74.217,4.96,51.623,5044
18/13:39:39,12.27,1.79,99.09,74.239,4.95,51.634,5045
18/13:39:40,12.7,1.89,99.07,74.239,4.95,51.645,5046
18/13:39:40,13.1,2.0,99.02,74.316,4.95,51.656,5047
18/13:39:41,13.31,2.08,98.98,74.349,4.95,51.667,5048
18/13:39:41,13.81,2.16,98.93,74.404,4.95,51.678,5049
18/13:39:42,13.93,2.17,98.88,74.679,4.94,51.7,5050
18/13:39:43,14.18,2.18,98.88,74.778,4.94,51.711,5051
18/13:39:43,14.4,2.18,98.86,74.921,4.94,51.722,5052
18/13:39:44,14.36,2.18,98.82,75.02,4.94,51.733,5053
18/13:39:46,14.44,2.18,98.8,75.273,4.93,51.766,5054
18/13:39:46,14.3,2.18,98.82,75.339,4.93,51.777,5055
18/13:39:47,14.33,2.18,98.82,75.284,4.93,51.788,5056
18/13:39:47,13.74,2.17,98.8,75.427,4.93,51.81,5057
18/13:39:48,13.65,2.18,98.8,75.46,4.92,51.821,5058
18/13:39:49,13.36,2.16,98.81,75.317,4.92,51.843,5059
18/13:39:49,12.83,2.16,98.85,75.306,4.92,51.854,5060
18/13:39:50,12.36,2.15,98.87,75.163,4.92,51.865,5061
18/13:39:50,11.93,2.15,98.92,75.064,4.92,51.876,5062
18/13:39:51,11.5,2.15,98.97,75.053,4.91,51.887,5063
18/13:39:52,11.05,2.15,99.02,74.987,4.91,51.898,5064
18/13:39:52,10.81,2.15,99.06,74.833,4.91,51.909,5065
18/13:39:53,10.1,2.15,99.12,74.789,4.91,51.92,5066
18/13:39:53,9.53,2.15,99.19,74.657,4.91,51.931,5067
18/13:39:54,9.56,2.15,99.21,74.492,4.91,51.942,5068
18/13:39:54,9.15,2.15,99.24,74.327,4.91,51.953,5069
18/13:39:55,8.86,2.14,99.27,74.206,4.91,51.964,5070
18/13:39:55,8.8,2.14,99.32,74.074,4.91,51.975,5071
18/13:39:56,8.08,2.14,99.38,73.689,4.9,51.997,5072
18/13:39:57,8.1,2.14,99.39,73.557,4.9,52.008,5073
18/13:39:58,7.85,2.14,99.4,73.359,4.9,52.008,5074
18/13:39:58,7.53,2.14,99.42,73.205,4.9,52.03,5075
18/13:39:59,7.36,2.14,99.44,73.018,4.9,52.041,5076
18/13:40:00,6.86,2.15,99.48,72.468,4.9,52.063,5077
18/13:40:00,6.73,2.15,99.5,72.336,4.9,52.074,5078
18/13:40:01,6.43,2.15,99.53,72.16,4.9,52.074,5079
18/13:40:01,6.34,2.15,99.56,71.907,4.9,52.085,5080
18/13:40:02,6.36,2.15,99.56,71.676,4.9,52.096,5081
18/13:40:02,6.45,2.15,99.57,71.489,4.9,52.107,5082
18/13:40:03,6.41,2.14,99.56,71.335,4.9,52.118,5083
18/13:40:03,6.47,2.13,99.56,71.159,4.88,52.129,5084
18/13:40:04,6.45,2.13,99.56,70.796,4.88,52.151,5085
18/13:40:05,6.37,2.14,99.56,70.532,4.88,52.162,5086
18/13:40:06,6.47,2.14,99.55,70.378,4.88,52.173,5087
18/13:40:07,6.68,2.16,99.53,70.092,4.88,52.195,5088
18/13:40:07,7.03,2.16,99.5,70.004,4.88,52.206,5089
18/13:40:08,7.56,2.18,99.48,69.916,4.88,52.217,5090
18/13:40:08,8.05,2.18,99.44,69.872,4.88,52.228,5091
18/13:40:09,8.65,2.18,99.4,69.795,4.88,52.239,5092
18/13:40:09,9.71,2.19,99.28,69.707,4.88,52.25,5093
18/13:40:11,10.2,2.19,99.21,69.531,4.88,52.272,5094
18/13:40:12,10.01,2.18,99.2,69.366,4.88,52.294,5095
18/13:40:13,9.75,2.18,99.22,69.355,4.88,52.316,5096
18/13:40:14,9.51,2.17,99.25,69.113,4.88,52.327,5097
18/13:40:14,9.46,2.17,99.25,69.113,4.88,52.349,5098
18/13:40:15,9.48,2.17,99.23,68.992,4.87,52.36,5099
18/13:40:15,9.48,2.17,99.23,68.915,4.87,52.36,5100
18/13:40:16,9.46,2.18,99.23,68.871,4.87,52.371,5101
18/13:40:16,9.51,2.18,99.23,68.805,4.87,52.382,5102
18/13:40:17,9.5,2.17,99.23,68.706,4.87,52.393,5103
18/13:40:17,9.5,2.17,99.22,68.739,4.87,52.404,5104
18/13:40:18,9.5,2.17,99.22,68.662,4.87,52.415,5105
18/13:40:19,9.76,2.17,99.21,68.64,4.87,52.437,5106
18/13:40:19,10.06,2.16,99.18,68.673,4.86,52.448,5107
18/13:40:20,10.43,2.15,99.15,68.541,4.86,52.459,5108
18/13:40:21,10.77,2.15,99.12,68.486,4.86,52.47,5109
18/13:40:21,11.06,2.15,99.08,68.508,4.86,52.481,5110
18/13:40:22,11.3,2.15,99.05,68.585,4.86,52.481,5111
18/13:40:22,11.57,2.15,99.02,68.64,4.86,52.492,5112
18/13:40:23,12.08,2.16,98.97,68.75,4.86,52.514,5113
18/13:40:24,12.01,2.17,98.96,68.772,4.85,52.525,5114
18/13:40:24,12.01,2.16,98.92,68.86,4.85,52.536,5115
18/13:40:25,12.05,2.17,98.89,68.915,4.85,52.547,5116
18/13:40:25,12.03,2.17,98.88,68.97,4.85,52.558,5117
18/13:40:26,12.21,2.18,98.86,69.036,4.85,52.569,5118
18/13:40:27,12.41,2.19,98.78,69.124,4.84,52.602,5119
18/13:40:28,12.56,2.18,98.77,69.223,4.84,52.602,5120
18/13:40:29,12.64,2.19,98.79,69.245,4.84,52.613,5121
18/13:40:30,12.91,2.19,98.77,69.344,4.84,52.635,5122
18/13:40:30,12.97,2.17,98.77,69.388,4.84,52.646,5123
18/13:40:31,13.0,2.15,98.77,69.388,4.83,52.657,5124
18/13:40:32,12.98,2.16,98.77,69.432,4.83,52.679,5125
18/13:40:32,12.94,2.16,98.76,69.443,4.83,52.69,5126
18/13:40:33,12.95,2.15,98.75,69.421,4.83,52.701,5127
18/13:40:34,12.88,2.15,98.73,69.608,4.82,52.723,5128
18/13:40:35,12.96,2.16,98.73,69.663,4.82,52.734,5129
18/13:40:36,12.94,2.16,98.73,69.916,4.82,52.745,5130
18/13:40:36,13.05,2.2,98.72,70.07,4.82,52.767,5131
18/13:40:37,13.05,2.2,98.71,70.092,4.81,52.778,5132
18/13:40:38,13.06,2.2,98.72,70.125,4.81,52.789,5133
18/13:40:38,13.0,2.2,98.71,70.224,4.81,52.8,5134
18/13:40:39,12.98,2.2,98.71,70.367,4.81,52.811,5135
18/13:40:39,13.03,2.2,98.71,70.477,4.81,52.822,5136
18/13:40:40,12.95,2.19,98.7,70.664,4.81,52.844,5137
18/13:40:41,12.98,2.19,98.71,70.708,4.8,52.855,5138
18/13:40:41,12.95,2.21,98.7,70.961,4.8,52.877,5139
18/13:40:42,12.9,2.2,98.7,71.093,4.8,52.888,5140
18/13:40:43,13.08,2.21,98.69,71.17,4.8,52.888,5141
18/13:40:43,12.96,2.2,98.68,71.258,4.8,52.899,5142
18/13:40:44,12.99,2.2,98.67,71.423,4.79,52.91,5143
18/13:40:44,12.91,2.2,98.67,71.566,4.79,52.921,5144
18/13:40:45,12.98,2.19,98.66,71.665,4.79,52.932,5145
18/13:40:45,12.86,2.19,98.65,71.797,4.79,52.943,5146
18/13:40:46,12.89,2.18,98.64,71.951,4.79,52.954,5147
18/13:40:46,12.9,2.16,98.63,72.028,4.79,52.965,5148
18/13:40:47,12.93,2.15,98.63,72.116,4.78,52.976,5149
18/13:40:47,13.0,2.16,98.63,72.083,4.78,52.987,5150
18/13:40:48,13.0,2.16,98.63,72.127,4.78,52.998,5151
18/13:40:49,12.82,2.14,98.62,72.292,4.78,53.02,5152
18/13:40:50,12.49,2.14,98.65,72.215,4.78,53.031,5153
18/13:40:50,12.11,2.12,98.69,72.182,4.78,53.042,5154
18/13:40:51,11.77,2.14,98.72,72.16,4.77,53.053,5155
18/13:40:51,11.28,2.15,98.74,72.215,4.77,53.064,5156
18/13:40:52,10.25,2.16,98.82,72.182,4.77,53.086,5157
18/13:40:53,9.68,2.16,98.87,72.061,4.77,53.097,5158
18/13:40:54,9.09,2.17,98.97,71.852,4.77,53.108,5159
18/13:40:55,8.47,2.18,99.01,71.665,4.76,53.13,5160
18/13:40:55,8.12,2.18,99.05,71.489,4.76,53.141,5161
18/13:40:56,7.6,2.17,99.09,71.28,4.76,53.152,5162
18/13:40:56,7.35,2.16,99.12,71.104,4.76,53.163,5163
18/13:40:57,6.92,2.15,99.16,70.983,4.76,53.174,5164
18/13:40:57,6.8,2.15,99.18,70.906,4.76,53.185,5165
18/13:40:58,6.43,2.15,99.2,70.73,4.76,53.196,5166
18/13:40:58,6.11,2.14,99.24,70.554,4.76,53.207,5167
18/13:40:59,5.91,2.15,99.26,70.433,4.76,53.218,5168
18/13:41:00,5.82,2.15,99.28,70.257,4.76,53.229,5169
18/13:41:00,5.77,2.14,99.3,70.092,4.76,53.24,5170
18/13:41:01,5.74,2.14,99.3,69.894,4.76,53.251,5171
18/13:41:02,5.38,2.05,99.34,69.729,4.76,53.273,5172
18/13:41:02,5.0,1.96,99.38,69.564,4.76,53.284,5173
18/13:41:03,4.95,1.92,99.38,69.3,4.76,53.284,5174
18/13:41:03,4.99,1.92,99.4,69.069,4.76,53.295,5175
18/13:41:05,5.07,1.92,99.38,68.486,4.75,53.328,5176
18/13:41:05,5.22,1.94,99.36,68.277,4.75,53.339,5177
18/13:41:06,5.69,2.02,99.35,68.145,4.75,53.35,5178
18/13:41:07,6.27,2.14,99.27,67.804,4.75,53.372,5179
18/13:41:08,6.27,2.14,99.27,67.628,4.75,53.383,5180
18/13:41:08,6.34,2.14,99.28,67.408,4.75,53.394,5181
18/13:41:09,6.45,2.12,99.28,66.935,4.75,53.416,5182
18/13:41:10,6.47,2.12,99.28,66.704,4.75,53.416,5183
18/13:41:11,6.1,2.06,99.32,66.308,4.75,53.449,5184
18/13:41:12,5.52,1.94,99.37,66.066,4.75,53.471,5185
18/13:41:13,5.69,1.95,99.36,65.769,4.74,53.471,5186
18/13:41:13,5.85,1.96,99.35,65.56,4.74,53.482,5187
18/13:41:14,6.0,1.96,99.34,65.439,4.74,53.493,5188
18/13:41:14,6.14,1.96,99.33,65.296,4.74,53.504,5189
18/13:41:15,6.5,1.96,99.32,65.362,4.74,53.515,5190
18/13:41:15,7.22,2.03,99.26,65.45,4.74,53.526,5191
18/13:41:17,8.81,2.17,99.12,65.197,4.74,53.548,5192
18/13:41:17,9.26,2.18,99.07,65.12,4.74,53.548,5193
18/13:41:17,9.61,2.19,99.02,65.329,4.74,53.559,5194
18/13:41:18,9.89,2.19,98.99,65.318,4.74,53.57,5195
18/13:41:18,10.16,2.19,98.96,65.373,4.74,53.581,5196
18/13:41:19,10.35,2.19,98.94,65.351,4.73,53.592,5197
18/13:41:20,10.5,2.17,98.91,65.208,4.73,53.603,5198
18/13:41:20,10.77,2.17,98.87,65.164,4.73,53.614,5199
18/13:41:21,10.72,2.17,98.85,65.252,4.73,53.614,5200
18/13:41:22,10.14,2.15,98.9,65.34,4.73,53.636,5201
18/13:41:22,10.01,2.15,98.91,65.318,4.73,53.647,5202
18/13:41:23,9.73,2.15,98.93,65.34,4.72,53.669,5203
18/13:41:24,9.39,2.14,98.96,65.142,4.72,53.68,5204
18/13:41:24,9.05,2.13,99.01,65.131,4.72,53.691,5205
18/13:41:25,8.8,2.12,99.02,65.153,4.72,53.691,5206
18/13:41:25,8.85,2.11,99.01,65.087,4.72,53.702,5207
18/13:41:26,8.95,2.11,98.98,65.043,4.72,53.713,5208
18/13:41:27,9.34,2.1,98.92,65.01,4.72,53.735,5209
18/13:41:27,9.62,2.1,98.9,64.944,4.72,53.746,5210
18/13:41:28,9.85,2.09,98.88,64.933,4.72,53.757,5211
18/13:41:29,10.05,2.09,98.85,64.9,4.71,53.757,5212
18/13:41:29,10.6,2.08,98.8,65.065,4.71,53.779,5213
18/13:41:31,10.93,2.1,98.76,65.186,4.71,53.801,5214
18/13:41:31,10.71,2.09,98.77,65.142,4.71,53.812,5215
18/13:41:32,10.18,2.1,98.81,65.087,4.71,53.823,5216
18/13:41:33,9.84,2.12,98.84,65.065,4.7,53.834,5217
18/13:41:33,9.46,2.13,98.87,64.977,4.7,53.845,5218
18/13:41:34,9.08,2.13,98.91,64.911,4.7,53.856,5219
18/13:41:34,8.57,2.13,98.96,64.79,4.7,53.867,5220
18/13:41:35,8.15,2.12,99.02,64.658,4.7,53.878,5221
18/13:41:35,7.85,2.13,99.05,64.493,4.7,53.889,5222
18/13:41:36,7.48,2.13,99.08,64.383,4.7,53.889,5223
18/13:41:37,6.87,2.12,99.16,64.262,4.7,53.9,5224
18/13:41:37,6.3,2.12,99.2,63.976,4.7,53.911,5225
18/13:41:37,5.71,2.11,99.26,63.591,4.7,53.922,5226
18/13:41:38,5.18,2.12,99.33,63.316,4.7,53.933,5227
18/13:41:38,4.86,2.12,99.36,63.151,4.7,53.944,5228
18/13:41:39,4.28,2.12,99.4,62.81,4.69,53.955,5229
18/13:41:40,3.96,2.12,99.44,62.557,4.69,53.966,5230
18/13:41:41,3.86,2.13,99.46,62.26,4.69,53.977,5231
18/13:41:42,3.48,2.13,99.51,61.721,4.69,53.999,5232
18/13:41:42,3.05,2.12,99.54,61.479,4.69,54.01,5233
18/13:41:43,2.26,2.12,99.66,60.918,4.69,54.021,5234
18/13:41:44,2.01,2.13,99.69,60.687,4.69,54.032,5235
18/13:41:45,1.81,2.12,99.72,60.401,4.69,54.043,5236
18/13:41:45,1.61,2.12,99.76,59.895,4.69,54.054,5237
18/13:41:46,1.59,2.12,99.79,59.587,4.69,54.065,5238
18/13:41:46,2.08,2.13,99.74,59.334,4.69,54.076,5239
18/13:41:47,3.79,2.14,99.62,59.158,4.69,54.098,5240
18/13:41:48,4.67,2.14,99.54,59.191,4.69,54.098,5241
18/13:41:49,5.59,2.14,99.44,59.235,4.69,54.109,5242
18/13:41:49,6.74,2.14,99.33,59.235,4.69,54.12,5243
18/13:41:50,7.61,2.14,99.23,59.235,4.69,54.131,5244
18/13:41:50,8.43,2.15,99.14,59.246,4.69,54.131,5245
18/13:41:51,8.93,2.15,99.09,59.246,4.69,54.142,5246
18/13:41:51,9.22,2.15,99.05,59.29,4.69,54.153,5247
18/13:41:52,9.33,2.14,99.01,59.312,4.69,54.164,5248
18/13:41:53,9.72,2.14,98.97,59.422,4.69,54.175,5249
18/13:41:53,9.77,2.11,98.96,59.488,4.68,54.186,5250
18/13:41:54,9.59,2.04,98.94,59.609,4.68,54.197,5251
18/13:41:54,9.41,1.96,98.95,59.708,4.68,54.208,5252
18/13:41:55,9.18,1.89,98.95,59.84,4.68,54.208,5253
18/13:41:55,8.99,1.82,98.95,59.994,4.68,54.208,5254
18/13:41:56,8.82,1.76,98.95,60.082,4.68,54.23,5255
18/13:41:56,8.56,1.68,98.97,60.225,4.68,54.241,5256
18/13:41:57,8.3,1.62,98.97,60.313,4.68,54.252,5257
18/13:41:57,8.19,1.56,98.97,60.423,4.68,54.252,5258
18/13:41:58,8.25,1.59,98.97,60.467,4.67,54.263,5259
18/13:42:00,8.42,1.64,98.92,60.896,4.67,54.296,5260
18/13:42:00,8.46,1.64,98.94,60.973,4.67,54.296,5261
18/13:42:01,8.77,1.68,98.91,61.061,4.67,54.307,5262
18/13:42:02,9.55,1.83,98.83,61.237,4.67,54.329,5263
18/13:42:02,10.19,1.91,98.78,61.303,4.67,54.34,5264
18/13:42:03,10.87,1.97,98.72,61.402,4.67,54.351,5265
18/13:42:03,11.52,2.02,98.66,61.567,4.66,54.351,5266
18/13:42:04,12.83,2.17,98.52,61.831,4.66,54.373,5267
18/13:42:05,13.52,2.17,98.44,62.293,4.66,54.395,5268
18/13:42:07,14.01,2.2,98.36,62.634,4.65,54.406,5269
18/13:42:07,14.01,2.19,98.34,62.777,4.65,54.417,5270
18/13:42:08,13.95,2.17,98.31,63.173,4.65,54.439,5271
18/13:42:09,13.79,2.14,98.31,63.789,4.64,54.461,5272
18/13:42:10,13.44,2.03,98.35,64.064,4.64,54.472,5273
18/13:42:10,13.15,1.95,98.37,64.229,4.64,54.483,5274
18/13:42:11,13.11,1.92,98.37,64.295,4.64,54.494,5275
18/13:42:12,13.11,1.92,98.37,64.537,4.64,54.516,5276
18/13:42:13,13.19,1.91,98.34,64.933,4.63,54.516,5277
18/13:42:14,13.88,1.94,98.27,65.065,4.63,54.527,5278
18/13:42:15,15.15,2.13,98.13,65.571,4.63,54.56,5279
18/13:42:15,15.63,2.14,98.08,65.681,4.62,54.571,5280
18/13:42:16,16.06,2.14,98.05,65.879,4.62,54.582,5281
18/13:42:16,16.61,2.14,97.97,66.132,4.62,54.593,5282
18/13:42:17,17.22,2.16,97.9,66.286,4.62,54.593,5283
18/13:42:18,18.07,2.17,97.81,66.627,4.61,54.615,5284
18/13:42:18,18.28,2.13,97.76,66.88,4.61,54.626,5285
18/13:42:19,18.5,2.12,97.73,67.078,4.61,54.637,5286
18/13:42:20,18.72,2.13,97.69,67.298,4.61,54.648,5287
18/13:42:20,18.85,2.12,97.65,67.474,4.6,54.659,5288
18/13:42:20,18.87,2.13,97.64,67.694,4.6,54.67,5289
18/13:42:21,18.28,2.11,97.66,68.222,4.6,54.692,5290
18/13:42:22,17.9,2.09,97.7,68.387,4.59,54.692,5291
18/13:42:23,17.3,2.11,97.76,68.508,4.59,54.703,5292
18/13:42:23,16.7,2.1,97.8,68.508,4.59,54.714,5293
18/13:42:24,15.55,2.12,97.89,68.717,4.59,54.736,5294
18/13:42:25,14.97,2.1,97.93,68.772,4.58,54.747,5295
18/13:42:25,14.51,2.13,97.99,68.816,4.58,54.758,5296
18/13:42:26,14.15,2.13,98.01,68.926,4.58,54.769,5297
18/13:42:26,13.98,2.12,98.0,69.036,4.58,54.78,5298
18/13:42:27,14.0,2.14,97.99,69.036,4.58,54.791,5299
18/13:42:28,13.99,2.14,98.0,69.058,4.58,54.802,5300
18/13:42:28,13.97,2.14,97.99,69.047,4.57,54.802,5301
18/13:42:28,13.97,2.16,97.99,69.08,4.57,54.813,5302
18/13:42:29,13.98,2.15,98.0,69.047,4.57,54.824,5303
18/13:42:29,13.92,2.15,98.0,69.135,4.57,54.835,5304
18/13:42:30,13.73,2.14,98.01,69.201,4.57,54.846,5305
18/13:42:31,12.77,2.14,98.09,69.179,4.56,54.868,5306
18/13:42:32,12.21,2.15,98.15,69.08,4.56,54.879,5307
18/13:42:32,11.7,2.15,98.23,68.959,4.56,54.89,5308
18/13:42:33,10.86,2.14,98.28,68.882,4.56,54.901,5309
18/13:42:33,10.0,2.15,98.37,68.673,4.56,54.912,5310
18/13:42:34,9.27,2.15,98.45,68.486,4.56,54.912,5311
18/13:42:35,8.39,2.15,98.55,68.123,4.55,54.945,5312
18/13:42:36,9.06,2.15,98.48,68.057,4.55,54.967,5313
18/13:42:38,10.48,2.17,98.36,68.321,4.55,54.989,5314
18/13:42:38,11.22,2.18,98.28,68.398,4.55,55.0,5315
18/13:42:38,11.79,2.18,98.24,68.475,4.55,55.011,5316
18/13:42:39,12.39,2.19,98.18,68.563,4.55,55.022,5317
18/13:42:40,12.64,2.12,98.14,68.717,4.54,55.022,5318
18/13:42:40,12.47,2.04,98.15,68.805,4.54,55.033,5319
18/13:42:41,12.16,1.98,98.16,68.926,4.54,55.044,5320
18/13:42:41,11.74,1.93,98.14,68.981,4.54,55.055,5321
18/13:42:42,11.37,1.86,98.17,69.069,4.54,55.066,5322
18/13:42:42,11.08,1.78,98.2,69.124,4.54,55.077,5323
18/13:42:43,10.73,1.71,98.21,69.245,4.54,55.088,5324
18/13:42:43,10.62,1.67,98.22,69.355,4.53,55.099,5325
18/13:42:44,11.35,1.85,98.15,69.531,4.53,55.121,5326
18/13:42:45,11.77,1.89,98.14,69.564,4.53,55.132,5327
18/13:42:45,12.08,1.96,98.12,69.586,4.53,55.132,5328
18/13:42:46,12.53,2.03,98.08,69.674,4.53,55.143,5329
18/13:42:46,12.94,2.11,98.03,69.74,4.53,55.154,5330
18/13:42:47,13.15,2.16,98.01,69.806,4.52,55.165,5331
18/13:42:47,12.98,2.15,98.02,69.861,4.52,55.176,5332
18/13:42:48,12.55,2.14,98.05,69.96,4.52,55.187,5333
18/13:42:49,11.87,2.14,98.13,70.026,4.52,55.209,5334
18/13:42:49,11.31,2.14,98.15,69.982,4.52,55.22,5335
18/13:42:50,10.78,2.14,98.2,69.883,4.52,55.231,5336
18/13:42:51,10.32,2.13,98.24,69.784,4.51,55.242,5337
18/13:42:51,9.96,2.14,98.28,69.729,4.51,55.253,5338
18/13:42:52,9.68,2.14,98.28,69.707,4.51,55.264,5339
18/13:42:52,9.62,2.16,98.28,69.707,4.51,55.275,5340
18/13:42:53,9.67,2.15,98.28,69.63,4.51,55.286,5341
18/13:42:54,9.88,2.15,98.28,69.476,4.51,55.308,5342
18/13:42:55,9.96,2.16,98.28,69.377,4.5,55.308,5343
18/13:42:55,10.01,2.16,98.28,69.322,4.5,55.33,5344
18/13:42:56,9.96,2.15,98.3,69.201,4.5,55.341,5345
18/13:42:56,9.99,2.15,98.3,69.19,4.5,55.352,5346
18/13:42:57,10.12,2.16,98.28,69.146,4.5,55.363,5347
18/13:42:57,10.17,2.16,98.28,69.135,4.5,55.374,5348
18/13:42:58,10.24,2.16,98.24,69.08,4.5,55.385,5349
18/13:42:58,10.37,2.16,98.23,69.08,4.5,55.396,5350
18/13:42:59,10.59,2.14,98.22,69.124,4.5,55.396,5351
18/13:42:59,10.66,2.13,98.22,69.124,4.49,55.418,5352
18/13:43:01,10.99,2.12,98.17,69.223,4.49,55.429,5353
18/13:43:01,11.12,2.1,98.16,69.223,4.49,55.44,5354
18/13:43:02,11.2,2.1,98.16,69.3,4.49,55.451,5355
18/13:43:03,11.21,2.1,98.12,69.476,4.48,55.484,5356
18/13:43:04,11.19,2.09,98.13,69.531,4.48,55.495,5357
18/13:43:04,11.05,2.09,98.14,69.564,4.48,55.506,5358
18/13:43:05,10.76,2.09,98.15,69.542,4.48,55.528,5359
18/13:43:06,10.6,2.09,98.16,69.608,4.48,55.528,5360
18/13:43:06,10.44,2.09,98.17,69.663,4.48,55.539,5361
18/13:43:07,10.4,2.09,98.2,69.652,4.47,55.561,5362
18/13:43:08,10.37,2.1,98.2,69.652,4.47,55.572,5363
18/13:43:09,10.33,2.1,98.2,69.608,4.47,55.583,5364
18/13:43:10,10.36,2.11,98.21,69.63,4.47,55.616,5365
18/13:43:11,10.41,2.11,98.21,69.718,4.47,55.616,5366
18/13:43:11,10.47,2.1,98.2,69.74,4.47,55.627,5367
18/13:43:12,10.39,2.09,98.18,69.63,4.46,55.66,5368
18/13:43:12,10.45,2.08,98.17,69.663,4.46,55.66,5369
18/13:43:13,10.47,2.09,98.17,69.707,4.46,55.671,5370
18/13:43:14,10.34,2.08,98.16,69.652,4.46,55.693,5371
18/13:43:15,10.45,2.09,98.16,69.608,4.46,55.704,5372
18/13:43:15,10.31,2.08,98.16,69.663,4.46,55.715,5373
18/13:43:16,10.28,2.08,98.17,69.751,4.46,55.726,5374
18/13:43:16,10.41,2.08,98.17,69.696,4.45,55.737,5375
18/13:43:17,10.44,2.09,98.16,69.509,4.45,55.748,5376
18/13:43:17,10.38,2.09,98.16,69.377,4.45,55.759,5377
18/13:43:18,10.42,2.11,98.15,69.19,4.45,55.77,5378
18/13:43:19,10.49,2.09,98.14,69.234,4.45,55.792,5379
18/13:43:20,10.47,2.09,98.14,69.19,4.45,55.803,5380
18/13:43:21,10.43,2.06,98.16,69.179,4.44,55.814,5381
18/13:43:21,10.42,2.04,98.16,69.124,4.44,55.825,5382
18/13:43:22,10.43,2.03,98.15,69.091,4.44,55.836,5383
18/13:43:22,10.37,1.99,98.15,69.08,4.44,55.847,5384
18/13:43:23,10.38,1.98,98.15,69.069,4.44,55.858,5385
18/13:43:23,10.38,1.97,98.14,69.058,4.44,55.869,5386
18/13:43:24,10.47,1.96,98.15,69.08,4.44,55.88,5387
18/13:43:24,10.51,1.97,98.14,69.146,4.44,55.891,5388
18/13:43:25,10.52,1.96,98.13,69.223,4.43,55.902,5389
18/13:43:25,10.53,1.97,98.13,69.234,4.43,55.913,5390
18/13:43:26,10.61,1.96,98.11,69.256,4.43,55.913,5391
18/13:43:26,10.68,1.98,98.12,69.3,4.43,55.924,5392
18/13:43:27,10.79,1.99,98.11,69.355,4.43,55.935,5393
18/13:43:27,10.89,2.02,98.11,69.377,4.43,55.946,5394
18/13:43:28,10.83,2.04,98.09,69.454,4.43,55.957,5395
18/13:43:29,10.9,2.05,98.08,69.586,4.43,55.968,5396
18/13:43:29,11.04,2.08,98.06,69.608,4.42,55.979,5397
18/13:43:30,10.97,2.11,98.05,69.553,4.42,56.001,5398
18/13:43:30,10.83,2.12,98.05,69.575,4.42,56.012,5399
18/13:43:31,10.84,2.12,98.06,69.575,4.42,56.023,5400
18/13:43:32,10.76,2.11,98.06,69.52,4.42,56.034,5401
18/13:43:32,10.72,2.1,98.07,69.564,4.42,56.045,5402
18/13:43:33,10.74,2.09,98.07,69.608,4.41,56.056,5403
18/13:43:33,10.75,2.08,98.07,69.652,4.41,56.056,5404
18/13:43:34,10.9,2.07,98.04,69.773,4.41,56.078,5405
18/13:43:35,11.24,2.05,98.02,69.85,4.41,56.089,5406
18/13:43:35,11.45,2.05,97.99,69.894,4.41,56.1,5407
18/13:43:36,12.0,2.06,97.93,70.059,4.41,56.122,5408
18/13:43:37,12.16,2.06,97.9,70.18,4.4,56.133,5409
18/13:43:37,12.41,2.06,97.88,70.323,4.4,56.144,5410
18/13:43:38,12.65,2.06,97.87,70.444,4.4,56.155,5411
18/13:43:39,12.57,2.06,97.85,70.697,4.4,56.177,5412
18/13:43:39,12.48,2.06,97.84,70.785,4.4,56.188,5413
18/13:43:40,12.43,2.05,97.85,70.895,4.39,56.199,5414
18/13:43:41,12.12,2.03,97.88,71.016,4.39,56.21,5415
18/13:43:42,11.97,2.04,97.88,71.137,4.39,56.221,5416
18/13:43:42,11.82,2.03,97.88,71.17,4.39,56.232,5417
18/13:43:42,11.95,2.02,97.87,71.269,4.39,56.243,5418
18/13:43:43,11.98,2.02,97.87,71.302,4.39,56.254,5419
18/13:43:44,12.04,2.03,97.86,71.269,4.38,56.265,5420
18/13:43:44,12.24,2.05,97.86,71.291,4.38,56.276,5421
18/13:43:45,12.28,2.05,97.84,71.335,4.38,56.287,5422
18/13:43:45,12.38,2.05,97.82,71.456,4.38,56.298,5423
18/13:43:46,12.62,2.06,97.8,71.588,4.38,56.309,5424
18/13:43:46,12.63,2.07,97.78,71.698,4.38,56.32,5425
18/13:43:47,12.86,2.08,97.76,71.775,4.38,56.331,5426
18/13:43:47,12.92,2.08,97.73,71.808,4.37,56.342,5427
18/13:43:48,13.07,2.07,97.71,71.885,4.37,56.353,5428
18/13:43:49,13.33,2.06,97.68,72.061,4.37,56.375,5429
18/13:43:49,13.56,2.06,97.66,72.105,4.37,56.375,5430
18/13:43:50,13.5,2.06,97.65,72.226,4.37,56.397,5431
18/13:43:50,13.56,2.06,97.65,72.336,4.36,56.397,5432
18/13:43:51,13.57,2.05,97.65,72.325,4.36,56.408,5433
18/13:43:52,13.62,2.07,97.65,72.347,4.36,56.43,5434
18/13:43:53,13.6,2.08,97.65,72.413,4.36,56.441,5435
18/13:43:53,13.62,2.09,97.65,72.413,4.36,56.452,5436
18/13:43:54,13.61,2.08,97.65,72.512,4.35,56.463,5437
18/13:43:54,13.63,2.08,97.64,72.622,4.35,56.474,5438
18/13:43:55,13.51,2.08,97.64,72.699,4.35,56.485,5439
18/13:43:55,13.56,2.08,97.63,72.765,4.35,56.496,5440
18/13:43:56,13.63,2.1,97.63,72.842,4.35,56.507,5441
18/13:43:56,13.6,2.07,97.63,72.897,4.35,56.518,5442
18/13:43:57,13.64,2.07,97.6,72.886,4.34,56.529,5443
18/13:43:58,13.79,2.1,97.56,72.985,4.34,56.551,5444
18/13:43:58,13.9,2.12,97.56,73.029,4.34,56.562,5445
18/13:43:59,14.0,2.13,97.55,73.15,4.34,56.573,5446
18/13:44:00,14.15,2.14,97.51,73.216,4.33,56.595,5447
18/13:44:00,14.22,2.14,97.5,73.293,4.33,56.606,5448
18/13:44:01,14.42,2.13,97.47,73.392,4.33,56.617,5449
18/13:44:02,14.54,2.11,97.44,73.491,4.33,56.639,5450
18/13:44:03,14.35,2.1,97.43,73.535,4.32,56.65,5451
18/13:44:03,14.44,2.1,97.44,73.568,4.32,56.661,5452
18/13:44:04,14.17,2.08,97.45,73.689,4.32,56.683,5453
18/13:44:05,13.88,2.07,97.46,73.667,4.32,56.694,5454
18/13:44:06,13.41,2.08,97.52,73.623,4.31,56.716,5455
18/13:44:07,12.95,2.06,97.59,73.601,4.31,56.716,5456
18/13:44:08,12.57,2.06,97.6,73.601,4.31,56.749,5457
18/13:44:08,12.47,2.08,97.6,73.546,4.31,56.76,5458
18/13:44:09,12.49,2.09,97.57,73.557,4.3,56.782,5459
18/13:44:10,12.46,2.07,97.55,73.579,4.3,56.804,5460
18/13:44:11,12.49,2.08,97.55,73.601,4.3,56.815,5461
18/13:44:11,12.43,2.1,97.55,73.656,4.3,56.826,5462
18/13:44:12,12.43,2.08,97.54,73.645,4.29,56.848,5463
18/13:44:13,12.56,2.1,97.54,73.733,4.29,56.859,5464
18/13:44:13,12.54,2.08,97.52,73.755,4.29,56.87,5465
18/13:44:14,12.47,2.09,97.52,73.755,4.29,56.881,5466
18/13:44:15,12.73,2.11,97.51,73.766,4.29,56.892,5467
18/13:44:16,12.76,2.1,97.5,73.81,4.28,56.925,5468
18/13:44:17,12.73,2.09,97.5,73.92,4.28,56.936,5469
18/13:44:17,12.79,2.09,97.5,74.008,4.28,56.947,5470
18/13:44:18,12.72,2.1,97.5,74.063,4.28,56.958,5471
18/13:44:19,12.62,2.09,97.48,74.096,4.28,56.98,5472
18/13:44:20,12.61,2.09,97.47,74.349,4.27,57.002,5473
18/13:44:21,12.67,2.08,97.47,74.327,4.27,57.024,5474
18/13:44:21,12.65,2.07,97.48,74.382,4.27,57.035,5475
18/13:44:22,12.66,2.07,97.48,74.426,4.27,57.046,5476
18/13:44:22,12.65,2.08,97.48,74.448,4.26,57.057,5477
18/13:44:23,12.72,2.08,97.48,74.47,4.26,57.068,5478
18/13:44:24,12.76,2.07,97.48,74.536,4.26,57.079,5479
18/13:44:24,12.6,2.07,97.48,74.624,4.26,57.09,5480
18/13:44:25,12.63,2.08,97.46,74.635,4.26,57.101,5481
18/13:44:25,12.57,2.07,97.45,74.635,4.26,57.112,5482
18/13:44:26,12.48,2.08,97.45,74.613,4.26,57.123,5483
18/13:44:26,12.56,2.07,97.43,74.723,4.25,57.134,5484
18/13:44:27,12.37,2.06,97.43,74.778,4.25,57.145,5485
18/13:44:27,12.44,2.06,97.43,74.877,4.25,57.156,5486
18/13:44:28,12.62,2.07,97.41,75.02,4.25,57.178,5487
18/13:44:29,12.49,2.07,97.44,75.031,4.25,57.189,5488
18/13:44:29,12.56,2.08,97.44,75.108,4.24,57.2,5489
18/13:44:31,12.48,2.09,97.43,75.504,4.24,57.244,5490
18/13:44:32,12.32,2.08,97.42,75.603,4.24,57.255,5491
18/13:44:32,12.31,2.08,97.42,75.691,4.24,57.266,5492
18/13:44:33,12.42,2.08,97.41,75.746,4.23,57.277,5493
18/13:44:33,12.56,2.07,97.41,75.79,4.23,57.288,5494
18/13:44:34,12.63,2.07,97.41,75.878,4.23,57.299,5495
18/13:44:35,12.68,2.07,97.42,75.911,4.23,57.31,5496
18/13:44:35,12.62,2.06,97.41,75.944,4.23,57.321,5497
18/13:44:35,12.51,2.07,97.39,76.032,4.23,57.332,5498
18/13:44:36,12.73,2.08,97.39,76.153,4.22,57.343,5499
18/13:44:36,12.89,2.07,97.38,76.307,4.22,57.354,5500
18/13:44:37,12.84,2.08,97.39,76.428,4.22,57.365,5501
18/13:44:38,12.66,2.1,97.38,76.483,4.22,57.376,5502
18/13:44:38,12.54,2.1,97.39,76.472,4.22,57.387,5503
18/13:44:39,12.66,2.12,97.39,76.516,4.22,57.398,5504
18/13:44:39,12.94,2.15,97.39,76.505,4.22,57.409,5505
18/13:44:40,12.93,2.16,97.4,76.626,4.21,57.42,5506
18/13:44:40,12.69,2.14,97.38,76.802,4.21,57.431,5507
18/13:44:41,12.61,2.15,97.4,76.769,4.21,57.442,5508
18/13:44:41,12.72,2.14,97.4,76.747,4.21,57.453,5509
18/13:44:42,13.05,2.13,97.37,76.868,4.21,57.475,5510
18/13:44:43,12.7,2.11,97.38,77.022,4.2,57.486,5511
18/13:44:43,11.99,2.08,97.42,77.022,4.2,57.497,5512
18/13:44:44,11.41,2.09,97.47,76.945,4.2,57.508,5513
18/13:44:44,10.89,2.09,97.52,76.835,4.2,57.508,5514
18/13:44:45,10.48,2.08,97.56,76.736,4.2,57.53,5515
18/13:44:45,10.06,2.09,97.61,76.67,4.2,57.541,5516
18/13:44:46,9.54,2.08,97.66,76.604,4.2,57.552,5517
18/13:44:47,9.14,2.08,97.7,76.527,4.2,57.563,5518
18/13:44:47,8.84,2.09,97.73,76.45,4.19,57.574,5519
18/13:44:48,8.71,2.08,97.72,76.318,4.19,57.585,5520
18/13:44:48,8.8,2.07,97.74,76.197,4.19,57.596,5521
18/13:44:49,9.01,2.08,97.76,76.142,4.19,57.607,5522
18/13:44:49,8.99,2.08,97.77,76.142,4.19,57.618,5523
18/13:44:50,8.14,2.07,97.79,75.889,4.19,57.64,5524
18/13:44:52,8.53,2.07,97.82,75.735,4.19,57.673,5525
18/13:44:52,8.63,2.07,97.79,75.603,4.17,57.684,5526
18/13:44:53,8.68,2.07,97.76,75.493,4.17,57.695,5527
18/13:44:54,9.61,2.08,97.71,75.482,4.17,57.717,5528
18/13:44:55,9.97,2.08,97.67,75.504,4.17,57.728,5529
18/13:44:55,9.85,2.07,97.67,75.416,4.17,57.75,5530
18/13:44:56,9.91,2.08,97.67,75.284,4.17,57.761,5531
18/13:44:57,9.75,2.07,97.67,75.108,4.17,57.772,5532
18/13:44:57,9.43,2.07,97.7,74.965,4.16,57.783,5533
18/13:44:58,9.14,2.07,97.71,74.833,4.16,57.794,5534
18/13:44:58,9.02,2.06,97.72,74.855,4.16,57.805,5535
18/13:44:59,8.97,2.07,97.73,74.8,4.16,57.816,5536
18/13:45:00,9.3,2.06,97.7,74.602,4.16,57.827,5537
18/13:45:01,9.55,2.06,97.69,74.415,4.16,57.86,5538
18/13:45:01,9.93,2.06,97.66,74.426,4.16,57.871,5539
18/13:45:02,9.92,2.06,97.65,74.393,4.16,57.882,5540
18/13:45:03,10.04,2.07,97.65,74.393,4.16,57.893,5541
18/13:45:03,10.09,2.08,97.64,74.36,4.16,57.904,5542
18/13:45:03,9.93,2.08,97.64,74.283,4.16,57.915,5543
18/13:45:04,10.4,2.1,97.61,74.206,4.16,57.937,5544
18/13:45:05,10.26,2.1,97.59,74.228,4.16,57.948,5545
18/13:45:06,10.56,2.1,97.57,74.195,4.16,57.959,5546
18/13:45:06,10.68,2.09,97.55,74.151,4.15,57.981,5547
18/13:45:07,10.89,2.1,97.53,74.14,4.15,57.992,5548
18/13:45:08,10.89,2.1,97.52,74.118,4.15,58.003,5549
18/13:45:08,10.96,2.1,97.51,74.085,4.15,58.014,5550
18/13:45:09,11.13,2.09,97.5,74.074,4.15,58.025,5551
18/13:45:09,11.4,2.09,97.47,74.085,4.15,58.036,5552
18/13:45:10,11.94,2.1,97.42,74.041,4.14,58.058,5553
18/13:45:11,12.09,2.09,97.39,74.041,4.14,58.069,5554
18/13:45:12,12.45,2.09,97.35,74.162,4.14,58.08,5555
18/13:45:12,12.76,2.09,97.3,74.206,4.14,58.102,5556
18/13:45:13,12.95,2.1,97.27,74.239,4.14,58.113,5557
18/13:45:13,12.96,2.11,97.26,74.217,4.14,58.124,5558
18/13:45:14,12.87,2.11,97.26,74.217,4.13,58.135,5559
18/13:45:14,13.0,2.11,97.25,74.283,4.13,58.146,5560
18/13:45:15,12.96,2.12,97.26,74.305,4.13,58.157,5561
18/13:45:16,12.91,2.12,97.25,74.228,4.13,58.168,5562
18/13:45:17,12.81,2.1,97.26,74.272,4.12,58.201,5563
18/13:45:18,13.02,2.1,97.25,74.305,4.12,58.212,5564
18/13:45:18,13.04,2.1,97.23,74.316,4.12,58.223,5565
18/13:45:19,12.85,2.08,97.23,74.36,4.12,58.234,5566
18/13:45:19,12.95,2.07,97.21,74.371,4.12,58.245,5567
18/13:45:20,13.09,2.08,97.2,74.437,4.12,58.256,5568
18/13:45:20,12.94,2.08,97.19,74.448,4.11,58.256,5569
18/13:45:21,13.06,2.09,97.16,74.591,4.11,58.289,5570
18/13:45:22,12.77,2.09,97.15,74.613,4.11,58.311,5571
18/13:45:23,12.93,2.09,97.15,74.646,4.11,58.322,5572
18/13:45:24,12.88,2.08,97.15,74.712,4.1,58.355,5573
18/13:45:25,12.83,2.08,97.16,74.756,4.1,58.355,5574
18/13:45:26,13.04,2.08,97.17,74.756,4.1,58.377,5575
18/13:45:27,12.98,2.08,97.16,74.811,4.1,58.388,5576
18/13:45:27,12.89,2.08,97.15,74.877,4.09,58.399,5577
18/13:45:28,13.13,2.08,97.14,74.877,4.09,58.41,5578
18/13:45:28,13.16,2.09,97.12,74.877,4.09,58.421,5579
18/13:45:30,13.09,2.07,97.13,74.943,4.09,58.454,5580
18/13:45:30,12.95,2.07,97.13,75.009,4.08,58.465,5581
18/13:45:31,12.86,2.06,97.14,75.141,4.08,58.476,5582
18/13:45:31,12.93,2.06,97.14,75.108,4.08,58.487,5583
18/13:45:32,12.99,2.06,97.15,74.921,4.08,58.498,5584
18/13:45:33,12.9,2.06,97.15,75.031,4.08,58.509,5585
18/13:45:34,12.79,2.05,97.09,75.229,4.07,58.542,5586
18/13:45:34,12.6,2.04,97.09,75.207,4.07,58.553,5587
18/13:45:35,12.73,2.05,97.09,75.196,4.07,58.564,5588
18/13:45:36,12.81,2.06,97.08,75.196,4.07,58.575,5589
18/13:45:36,12.5,2.06,97.09,75.141,4.07,58.586,5590
18/13:45:37,12.56,2.06,97.1,75.108,4.07,58.597,5591
18/13:45:37,12.68,2.08,97.09,75.174,4.06,58.608,5592
18/13:45:38,12.56,2.07,97.1,75.207,4.06,58.608,5593
18/13:45:39,12.52,2.08,97.11,75.174,4.06,58.63,5594
18/13:45:40,12.53,2.09,97.09,75.163,4.06,58.663,5595
18/13:45:40,12.66,2.08,97.1,75.163,4.05,58.674,5596
18/13:45:41,12.56,2.09,97.09,75.108,4.05,58.685,5597
18/13:45:41,12.38,2.09,97.09,75.009,4.05,58.696,5598
18/13:45:42,12.44,2.1,97.09,75.042,4.05,58.707,5599
18/13:45:43,12.38,2.11,97.08,74.954,4.05,58.74,5600
18/13:45:44,12.56,2.12,97.07,74.954,4.04,58.751,5601
18/13:45:45,12.42,2.1,97.06,75.02,4.04,58.762,5602
18/13:45:45,12.56,2.1,97.07,74.954,4.04,58.773,5603
18/13:45:46,12.61,2.08,97.06,74.965,4.04,58.784,5604
18/13:45:47,12.61,2.09,97.04,74.833,4.04,58.806,5605
18/13:45:47,12.59,2.09,97.04,74.91,4.03,58.817,5606
18/13:45:48,12.33,2.08,97.03,74.866,4.03,58.828,5607
18/13:45:48,12.38,2.08,97.04,74.811,4.03,58.839,5608
18/13:45:49,12.3,2.08,97.01,74.921,4.03,58.861,5609
18/13:45:50,12.27,2.08,97.0,74.888,4.03,58.872,5610
18/13:45:50,12.52,2.08,97.0,74.811,4.03,58.883,5611
18/13:45:51,12.44,2.08,97.01,74.877,4.02,58.894,5612
18/13:45:52,12.36,2.07,97.01,74.877,4.02,58.905,5613
18/13:45:53,12.43,2.08,96.99,74.866,4.02,58.916,5614
18/13:45:53,12.32,2.08,97.01,75.031,4.02,58.927,5615
18/13:45:54,12.28,2.08,97.01,75.053,4.02,58.949,5616
18/13:45:54,11.85,2.08,97.05,75.163,4.01,58.971,5617
18/13:45:55,11.44,2.07,97.07,75.152,4.01,58.982,5618
18/13:45:56,11.42,2.08,97.1,75.185,4.01,58.993,5619
18/13:45:56,10.88,2.08,97.13,75.218,4.01,59.004,5620
18/13:45:57,9.87,2.07,97.24,74.943,4.01,59.026,5621
18/13:45:58,9.69,2.07,97.3,74.877,4.01,59.037,5622
18/13:45:58,9.41,2.07,97.3,74.921,4.0,59.048,5623
18/13:45:59,9.21,2.06,97.32,74.932,4.0,59.059,5624
18/13:45:59,9.39,2.08,97.34,74.844,4.0,59.07,5625
18/13:46:00,9.2,2.08,97.36,75.009,4.0,59.092,5626
18/13:46:01,9.51,2.08,97.36,74.998,4.0,59.103,5627
18/13:46:01,9.48,2.08,97.33,74.987,4.0,59.114,5628
18/13:46:02,9.44,2.08,97.32,74.943,4.0,59.125,5629
18/13:46:02,9.47,2.08,97.34,74.954,4.0,59.136,5630
18/13:46:03,8.68,1.99,97.37,75.02,3.99,59.158,5631
18/13:46:04,8.42,1.92,97.42,75.042,3.99,59.169,5632
18/13:46:04,7.82,1.83,97.46,75.086,3.99,59.18,5633
18/13:46:05,7.14,1.75,97.48,75.064,3.99,59.191,5634
18/13:46:06,6.94,1.68,97.52,74.987,3.99,59.202,5635
18/13:46:07,5.94,1.48,97.59,74.998,3.99,59.224,5636
18/13:46:07,5.85,1.42,97.6,74.965,3.99,59.235,5637
18/13:46:08,5.57,1.42,97.61,75.064,3.99,59.246,5638
18/13:46:08,5.68,1.42,97.62,75.086,3.99,59.257,5639
18/13:46:09,5.79,1.42,97.62,75.141,3.99,59.268,5640
18/13:46:10,5.53,1.41,97.64,75.152,3.99,59.29,5641
18/13:46:10,5.9,1.46,97.64,75.108,3.98,59.301,5642
18/13:46:11,6.5,1.63,97.57,74.998,3.98,59.323,5643
18/13:46:12,7.13,1.7,97.55,75.053,3.98,59.334,5644
18/13:46:12,7.27,1.78,97.52,75.053,3.98,59.345,5645
18/13:46:13,7.49,1.85,97.48,75.02,3.98,59.356,5646
18/13:46:13,8.0,1.93,97.47,75.02,3.98,59.367,5647
18/13:46:14,8.42,2.01,97.44,75.152,3.98,59.378,5648
18/13:46:15,8.39,2.03,97.43,75.185,3.98,59.389,5649
18/13:46:15,8.54,2.03,97.43,75.053,3.98,59.411,5650
18/13:46:17,8.34,2.02,97.43,75.009,3.97,59.433,5651
18/13:46:17,8.43,2.01,97.43,74.943,3.97,59.444,5652
18/13:46:18,8.49,2.01,97.42,75.009,3.97,59.455,5653
18/13:46:18,8.36,2.0,97.42,75.097,3.97,59.466,5654
18/13:46:19,8.25,1.99,97.41,75.009,3.97,59.477,5655
18/13:46:21,8.5,1.95,97.44,74.954,3.97,59.521,5656
18/13:46:23,8.39,1.97,97.41,74.921,3.96,59.565,5657
18/13:46:23,8.13,1.97,97.42,74.822,3.96,59.576,5658
18/13:46:24,8.34,1.98,97.42,74.734,3.96,59.587,5659
18/13:46:24,8.43,1.98,97.43,74.723,3.96,59.598,5660
18/13:46:25,8.17,1.99,97.42,74.712,3.96,59.609,5661
18/13:46:25,8.39,1.98,97.41,74.613,3.96,59.62,5662
18/13:46:26,8.39,1.98,97.42,74.536,3.96,59.631,5663
18/13:46:26,8.2,1.97,97.43,74.558,3.96,59.642,5664
18/13:46:27,8.44,1.96,97.44,74.503,3.96,59.653,5665
18/13:46:28,8.54,1.97,97.42,74.525,3.95,59.664,5666
18/13:46:28,8.35,1.97,97.43,74.547,3.95,59.675,5667
18/13:46:29,8.7,1.99,97.43,74.448,3.95,59.686,5668
18/13:46:29,8.75,2.01,97.43,74.371,3.95,59.697,5669
18/13:46:30,8.77,2.03,97.44,74.349,3.95,59.708,5670
18/13:46:31,8.94,2.07,97.42,74.327,3.95,59.73,5671
18/13:46:32,8.93,2.12,97.42,74.393,3.95,59.752,5672
18/13:46:33,8.83,2.13,97.42,74.327,3.94,59.774,5673
18/13:46:33,8.8,2.13,97.4,74.283,3.94,59.785,5674
18/13:46:34,8.89,2.13,97.37,74.228,3.94,59.807,5675
18/13:46:35,9.03,2.12,97.38,74.195,3.94,59.818,5676
18/13:46:36,9.38,2.11,97.36,74.25,3.94,59.84,5677
18/13:46:37,9.41,2.1,97.34,74.195,3.94,59.862,5678
18/13:46:38,9.69,2.11,97.32,74.294,3.93,59.873,5679
18/13:46:39,9.88,2.12,97.31,74.305,3.93,59.884,5680
18/13:46:39,9.96,2.12,97.28,74.36,3.93,59.906,5681
18/13:46:40,9.89,2.11,97.27,74.327,3.93,59.906,5682
18/13:46:40,9.97,2.12,97.25,74.349,3.93,59.917,5683
18/13:46:41,10.0,2.12,97.25,74.349,3.93,59.928,5684
18/13:46:41,9.92,2.12,97.25,74.316,3.93,59.939,5685
18/13:46:42,9.93,2.11,97.26,74.459,3.93,59.961,5686
18/13:46:43,9.83,2.12,97.26,74.514,3.92,59.972,5687
18/13:46:43,9.99,2.12,97.26,74.591,3.92,59.983,5688
18/13:46:44,9.9,2.12,97.26,74.58,3.92,59.994,5689
18/13:46:44,9.99,2.12,97.26,74.58,3.92,60.005,5690
18/13:46:45,10.03,2.12,97.26,74.712,3.92,60.016,5691
18/13:46:46,9.81,2.12,97.27,74.679,3.92,60.016,5692
18/13:46:47,10.04,2.12,97.26,74.602,3.92,60.049,5693
18/13:46:47,9.77,2.12,97.27,74.591,3.91,60.06,5694
18/13:46:48,9.94,2.13,97.26,74.569,3.91,60.071,5695
18/13:46:48,10.02,2.13,97.25,74.635,3.91,60.082,5696
18/13:46:49,9.83,2.12,97.24,74.657,3.91,60.093,5697
18/13:46:49,9.91,2.13,97.21,74.58,3.91,60.104,5698
18/13:46:50,9.92,2.12,97.19,74.635,3.91,60.115,5699
18/13:46:50,9.73,2.12,97.19,74.712,3.91,60.126,5700
18/13:46:51,9.93,2.12,97.18,74.723,3.91,60.137,5701
18/13:46:51,10.02,2.12,97.18,74.734,3.91,60.148,5702
18/13:46:52,9.98,2.1,97.18,74.778,3.9,60.17,5703
18/13:46:53,10.0,2.1,97.19,74.811,3.9,60.181,5704
18/13:46:53,10.07,2.1,97.19,74.833,3.9,60.192,5705
18/13:46:54,10.07,2.1,97.21,74.855,3.9,60.203,5706
18/13:46:54,9.92,2.1,97.2,74.844,3.9,60.214,5707
18/13:46:55,9.86,2.09,97.2,74.822,3.9,60.225,5708
18/13:46:56,9.8,2.1,97.19,74.822,3.9,60.247,5709
18/13:46:56,9.86,2.1,97.19,74.811,3.88,60.258,5710
18/13:46:57,9.84,2.1,97.19,74.855,3.88,60.269,5711
18/13:46:58,9.81,2.1,97.19,74.921,3.88,60.28,5712
18/13:46:58,9.97,2.1,97.18,74.987,3.88,60.291,5713
18/13:46:59,9.98,2.1,97.17,74.987,3.88,60.302,5714
18/13:46:59,10.01,2.09,97.16,74.987,3.88,60.313,5715
18/13:47:00,10.26,2.08,97.15,75.009,3.88,60.324,5716
18/13:47:00,10.05,2.08,97.14,75.031,3.88,60.335,5717
18/13:47:01,9.87,2.08,97.16,75.02,3.88,60.357,5718
18/13:47:02,9.23,2.08,97.22,74.932,3.88,60.379,5719
18/13:47:03,8.69,2.08,97.25,74.921,3.88,60.401,5720
18/13:47:04,8.67,2.09,97.27,74.855,3.88,60.412,5721
18/13:47:04,8.6,2.09,97.28,74.745,3.88,60.423,5722
18/13:47:05,8.65,2.1,97.3,74.679,3.88,60.434,5723
18/13:47:05,8.86,2.09,97.28,74.624,3.88,60.445,5724
18/13:47:06,8.92,2.08,97.28,74.602,3.87,60.456,5725
18/13:47:07,9.01,2.08,97.27,74.668,3.87,60.467,5726
18/13:47:07,9.09,2.07,97.26,74.668,3.87,60.478,5727
18/13:47:07,9.18,2.07,97.26,74.657,3.87,60.489,5728
18/13:47:08,9.03,2.07,97.24,74.58,3.87,60.5,5729
18/13:47:08,9.06,2.08,97.25,74.492,3.87,60.511,5730
18/13:47:09,8.96,2.07,97.24,74.426,3.87,60.522,5731
18/13:47:09,8.93,2.07,97.24,74.349,3.87,60.533,5732
18/13:47:11,8.99,2.08,97.25,74.327,3.87,60.555,5733
18/13:47:12,9.0,2.08,97.26,74.272,3.86,60.588,5734
18/13:47:13,8.99,2.07,97.27,74.217,3.86,60.599,5735
18/13:47:14,9.18,2.06,97.23,74.074,3.86,60.621,5736
18/13:47:14,9.3,2.06,97.22,74.008,3.86,60.632,5737
18/13:47:15,9.41,2.05,97.19,73.997,3.86,60.643,5738
18/13:47:15,9.6,2.05,97.16,73.909,3.86,60.654,5739
18/13:47:16,9.75,2.04,97.14,73.876,3.85,60.665,5740
18/13:47:17,10.51,2.04,97.06,73.667,3.85,60.687,5741
18/13:47:17,10.87,2.05,97.03,73.645,3.85,60.698,5742
18/13:47:18,11.47,2.04,96.96,73.755,3.85,60.709,5743
18/13:47:19,12.0,2.05,96.91,73.788,3.85,60.731,5744
18/13:47:20,12.14,2.05,96.88,73.81,3.85,60.731,5745
18/13:47:20,12.5,2.06,96.84,73.942,3.84,60.742,5746
18/13:47:21,12.64,2.06,96.8,74.041,3.84,60.753,5747
18/13:47:21,12.82,2.07,96.77,74.118,3.84,60.764,5748
18/13:47:22,13.06,2.06,96.74,74.118,3.84,60.775,5749
18/13:47:22,13.07,2.07,96.7,74.151,3.84,60.786,5750
18/13:47:23,13.03,2.07,96.69,74.195,3.84,60.797,5751
18/13:47:23,13.17,2.07,96.69,74.228,3.83,60.808,5752
18/13:47:24,13.33,2.07,96.67,74.316,3.83,60.808,5753
18/13:47:24,13.28,2.05,96.66,74.349,3.83,60.83,5754
18/13:47:25,13.43,2.04,96.65,74.393,3.83,60.841,5755
18/13:47:26,13.48,2.05,96.64,74.448,3.83,60.852,5756
18/13:47:26,13.53,2.04,96.63,74.525,3.82,60.874,5757
18/13:47:27,13.57,2.04,96.63,74.657,3.82,60.885,5758
18/13:47:28,13.36,2.04,96.62,74.701,3.82,60.896,5759
18/13:47:28,13.33,2.03,96.62,74.624,3.82,60.907,5760
18/13:47:29,13.22,2.04,96.61,74.701,3.82,60.918,5761
18/13:47:29,12.97,2.03,96.62,74.789,3.82,60.929,5762
18/13:47:30,13.21,2.04,96.59,74.866,3.81,60.951,5763
18/13:47:31,13.2,2.06,96.56,74.976,3.81,60.973,5764
18/13:47:32,13.33,2.05,96.55,75.031,3.81,60.995,5765
18/13:47:33,13.56,2.05,96.54,74.976,3.8,61.006,5766
18/13:47:34,13.41,2.06,96.54,75.086,3.8,61.028,5767
18/13:47:34,13.28,2.05,96.55,74.998,3.8,61.039,5768
18/13:47:35,13.28,2.04,96.56,75.02,3.8,61.05,5769
18/13:47:37,12.73,2.04,96.62,74.921,3.79,61.083,5770
18/13:47:37,12.19,2.05,96.64,74.921,3.79,61.094,5771
18/13:47:37,11.91,2.05,96.66,74.767,3.79,61.105,5772
18/13:47:38,11.9,2.04,96.69,74.657,3.79,61.116,5773
18/13:47:38,11.56,2.03,96.7,74.657,3.79,61.116,5774
18/13:47:39,11.38,2.03,96.72,74.525,3.79,61.127,5775
18/13:47:39,11.5,2.05,96.72,74.47,3.78,61.149,5776
18/13:47:40,11.36,2.05,96.72,74.437,3.78,61.16,5777
18/13:47:41,11.13,2.05,96.74,74.426,3.78,61.171,5778
18/13:47:41,11.23,2.06,96.75,74.316,3.78,61.182,5779
18/13:47:43,11.2,2.08,96.72,74.316,3.78,61.215,5780
18/13:47:43,11.1,2.07,96.69,74.316,3.78,61.226,5781
18/13:47:44,11.06,2.07,96.69,74.272,3.77,61.237,5782
18/13:47:44,11.15,2.07,96.69,74.151,3.77,61.248,5783
18/13:47:45,11.06,2.06,96.66,74.14,3.77,61.259,5784
18/13:47:45,11.27,2.06,96.65,74.118,3.77,61.27,5785
18/13:47:46,11.43,2.04,96.63,74.03,3.77,61.292,5786
18/13:47:47,11.42,2.05,96.63,73.997,3.76,61.314,5787
18/13:47:48,11.46,2.05,96.62,73.986,3.76,61.325,5788
18/13:47:49,11.49,2.04,96.63,73.942,3.76,61.336,5789
18/13:47:49,11.45,2.04,96.63,73.942,3.76,61.347,5790
18/13:47:50,11.28,2.05,96.63,73.92,3.76,61.369,5791
18/13:47:50,11.35,2.05,96.64,73.92,3.76,61.38,5792
18/13:47:51,11.38,2.05,96.64,73.986,3.76,61.391,5793
18/13:47:52,11.41,2.04,96.63,73.997,3.75,61.402,5794
18/13:47:52,11.5,2.04,96.62,73.997,3.75,61.413,5795
18/13:47:53,11.7,2.04,96.6,74.096,3.75,61.424,5796
18/13:47:54,12.09,2.04,96.57,74.162,3.75,61.446,5797
18/13:47:55,12.19,2.04,96.53,74.184,3.74,61.468,5798
18/13:47:55,12.47,2.04,96.52,74.173,3.74,61.479,5799
18/13:47:56,12.57,2.04,96.5,74.25,3.74,61.49,5800
18/13:47:56,12.71,2.05,96.49,74.228,3.74,61.501,5801
18/13:47:57,12.87,2.06,96.48,74.283,3.74,61.512,5802
18/13:47:57,12.87,2.07,96.46,74.327,3.74,61.512,5803
18/13:47:58,13.01,2.07,96.44,74.393,3.74,61.523,5804
18/13:47:59,13.11,2.07,96.43,74.437,3.73,61.534,5805
18/13:47:59,12.95,2.08,96.41,74.459,3.73,61.545,5806
18/13:48:00,13.08,2.09,96.4,74.503,3.73,61.556,5807
18/13:48:00,12.91,2.08,96.38,74.602,3.73,61.578,5808
18/13:48:01,12.99,2.08,96.39,74.613,3.73,61.589,5809
18/13:48:01,12.91,2.08,96.38,74.756,3.72,61.6,5810
18/13:48:02,12.76,2.07,96.37,74.888,3.72,61.611,5811
18/13:48:03,12.84,2.07,96.36,74.987,3.72,61.622,5812
18/13:48:03,12.83,2.07,96.37,75.02,3.72,61.633,5813
18/13:48:04,12.84,2.05,96.38,75.108,3.72,61.644,5814
18/13:48:05,12.76,2.06,96.37,75.273,3.71,61.666,5815
18/13:48:05,12.87,2.06,96.37,75.317,3.71,61.677,5816
18/13:48:06,12.94,2.06,96.36,75.383,3.71,61.688,5817
18/13:48:07,12.87,2.06,96.35,75.394,3.71,61.699,5818
18/13:48:07,13.03,2.05,96.35,75.416,3.71,61.71,5819
18/13:48:07,12.88,2.07,96.34,75.548,3.71,61.721,5820
18/13:48:08,12.86,2.06,96.34,75.581,3.71,61.732,5821
18/13:48:09,13.0,2.07,96.34,75.581,3.7,61.743,5822
18/13:48:09,12.76,2.08,96.33,75.57,3.7,61.754,5823
18/13:48:10,12.8,2.08,96.35,75.537,3.7,61.776,5824
18/13:48:11,12.65,2.08,96.36,75.548,3.7,61.787,5825
18/13:48:11,12.49,2.08,96.37,75.581,3.7,61.798,5826
18/13:48:12,12.44,2.09,96.37,75.603,3.69,61.809,5827
18/13:48:13,12.17,2.06,96.36,75.724,3.69,61.831,5828
18/13:48:13,12.0,2.06,96.37,75.768,3.69,61.842,5829
18/13:48:14,11.95,2.06,96.39,75.768,3.69,61.853,5830
18/13:48:15,11.5,2.05,96.41,75.724,3.69,61.875,5831
18/13:48:16,11.22,2.04,96.44,75.702,3.68,61.897,5832
18/13:48:16,11.05,2.05,96.47,75.68,3.68,61.908,5833
18/13:48:17,10.97,2.05,96.5,75.636,3.68,61.908,5834
18/13:48:18,10.82,2.05,96.52,75.526,3.68,61.93,5835
18/13:48:18,10.17,2.06,96.56,75.24,3.68,61.952,5836
18/13:48:19,10.27,2.06,96.57,75.163,3.68,61.963,5837
18/13:48:19,10.24,2.07,96.57,75.163,3.67,61.974,5838
18/13:48:20,9.87,2.06,96.57,75.031,3.67,61.996,5839
18/13:48:21,9.86,2.05,96.56,74.943,3.67,62.007,5840
18/13:48:22,9.83,2.05,96.57,74.866,3.67,62.018,5841
18/13:48:22,9.93,2.05,96.56,74.789,3.67,62.029,5842
18/13:48:23,9.95,2.05,96.56,74.657,3.67,62.04,5843
18/13:48:23,9.74,2.05,96.56,74.602,3.67,62.051,5844
18/13:48:24,10.02,2.06,96.56,74.558,3.66,62.073,5845
18/13:48:25,9.87,2.07,96.56,74.503,3.66,62.084,5846
18/13:48:25,10.14,2.08,96.55,74.47,3.66,62.095,5847
18/13:48:26,10.36,2.07,96.54,74.448,3.66,62.106,5848
18/13:48:26,10.39,2.07,96.54,74.426,3.66,62.117,5849
18/13:48:28,10.91,2.06,96.5,74.36,3.66,62.15,5850
18/13:48:28,11.09,2.07,96.48,74.393,3.65,62.161,5851
18/13:48:30,10.97,2.08,96.48,74.316,3.65,62.183,5852
18/13:48:31,10.98,2.08,96.44,74.316,3.65,62.205,5853
18/13:48:31,10.94,2.07,96.44,74.294,3.65,62.216,5854
18/13:48:32,11.07,2.07,96.44,74.261,3.65,62.216,5855
18/13:48:34,11.0,2.04,96.43,74.239,3.64,62.271,5856
18/13:48:34,10.9,2.04,96.45,74.184,3.64,62.282,5857
18/13:48:35,11.09,2.05,96.45,74.14,3.64,62.293,5858
18/13:48:35,11.0,2.06,96.43,74.173,3.64,62.304,5859
18/13:48:36,11.11,2.06,96.43,74.162,3.63,62.326,5860
18/13:48:37,10.82,2.05,96.41,74.129,3.63,62.348,5861
18/13:48:38,11.0,2.06,96.38,74.14,3.63,62.37,5862
18/13:48:39,11.07,2.05,96.38,74.107,3.63,62.392,5863
18/13:48:40,10.99,2.05,96.39,74.074,3.62,62.403,5864
18/13:48:41,10.95,2.05,96.38,73.997,3.62,62.414,5865
18/13:48:41,11.05,2.04,96.38,74.008,3.62,62.425,5866
18/13:48:42,10.93,2.04,96.38,73.997,3.62,62.447,5867
18/13:48:43,11.04,2.04,96.37,73.986,3.62,62.458,5868
18/13:48:43,10.94,2.04,96.36,73.997,3.62,62.469,5869
18/13:48:44,11.05,2.04,96.37,74.008,3.62,62.48,5870
18/13:48:44,11.09,2.05,96.36,73.975,3.61,62.491,5871
18/13:48:45,11.1,2.05,96.36,73.931,3.61,62.502,5872
18/13:48:45,11.26,2.05,96.35,73.92,3.61,62.513,5873
18/13:48:46,11.33,2.06,96.34,73.898,3.61,62.524,5874
18/13:48:46,11.39,2.06,96.33,73.843,3.61,62.535,5875
18/13:48:47,11.41,2.06,96.33,73.799,3.61,62.546,5876
18/13:48:48,11.52,2.05,96.31,73.656,3.6,62.568,5877
18/13:48:49,11.56,2.04,96.3,73.656,3.6,62.579,5878
18/13:48:49,11.61,2.04,96.3,73.689,3.6,62.59,5879
18/13:48:50,11.45,2.05,96.28,73.634,3.6,62.601,5880
18/13:48:50,11.54,2.04,96.28,73.59,3.6,62.612,5881
18/13:48:51,11.52,2.03,96.27,73.568,3.6,62.612,5882
18/13:48:51,11.57,2.04,96.27,73.546,3.6,62.623,5883
18/13:48:52,11.74,2.04,96.24,73.546,3.59,62.634,5884
18/13:48:53,11.93,2.05,96.21,73.524,3.59,62.667,5885
18/13:48:55,12.44,2.03,96.17,73.689,3.59,62.7,5886
18/13:48:55,12.46,2.03,96.16,73.711,3.58,62.711,5887
18/13:48:56,12.56,2.03,96.14,73.733,3.58,62.722,5888
18/13:48:56,12.66,2.02,96.12,73.755,3.58,62.733,5889
18/13:48:57,12.66,2.02,96.11,73.799,3.58,62.744,5890
18/13:48:58,12.76,2.01,96.07,73.887,3.58,62.766,5891
18/13:48:58,12.96,2.01,96.07,73.953,3.58,62.777,5892
18/13:48:59,12.99,2.02,96.07,73.997,3.57,62.788,5893
18/13:49:00,12.66,2.03,96.09,74.008,3.57,62.81,5894
18/13:49:01,12.35,2.03,96.11,73.964,3.57,62.821,5895
18/13:49:02,11.47,2.04,96.16,73.689,3.57,62.843,5896
18/13:49:03,10.6,2.05,96.25,73.403,3.56,62.865,5897
18/13:49:03,10.06,2.04,96.28,73.26,3.56,62.876,5898
18/13:49:04,9.56,2.04,96.35,72.985,3.56,62.898,5899
18/13:49:05,9.55,2.05,96.37,72.864,3.56,62.909,5900
18/13:49:05,9.47,2.04,96.37,72.732,3.56,62.92,5901
18/13:49:06,9.47,2.04,96.39,72.622,3.56,62.931,5902
18/13:49:06,9.59,2.03,96.38,72.523,3.56,62.942,5903
18/13:49:07,9.49,2.03,96.37,72.424,3.55,62.953,5904
18/13:49:07,9.55,2.04,96.37,72.325,3.55,62.964,5905
18/13:49:08,9.54,2.06,96.38,72.215,3.55,62.975,5906
18/13:49:08,9.55,2.06,96.39,72.05,3.55,62.986,5907
18/13:49:09,9.57,2.08,96.39,71.72,3.55,62.997,5908
18/13:49:10,9.67,2.09,96.39,71.566,3.55,63.008,5909
18/13:49:10,9.55,2.11,96.4,71.434,3.55,63.008,5910
18/13:49:11,9.59,2.11,96.41,71.258,3.55,63.03,5911
18/13:49:11,9.74,2.11,96.39,71.06,3.54,63.041,5912
18/13:49:12,9.62,2.11,96.36,70.774,3.54,63.052,5913
18/13:49:13,9.78,2.11,96.35,70.477,3.54,63.063,5914
18/13:49:13,9.77,2.12,96.35,70.147,3.54,63.074,5915
18/13:49:14,9.85,2.12,96.33,69.608,3.54,63.096,5916
18/13:49:15,9.95,2.13,96.34,69.333,3.54,63.107,5917
18/13:49:15,10.03,2.12,96.33,68.992,3.54,63.118,5918
18/13:49:16,9.97,2.1,96.34,68.728,3.54,63.129,5919
18/13:49:17,10.31,2.1,96.34,68.2,3.53,63.14,5920
18/13:49:18,10.59,2.09,96.28,67.639,3.53,63.162,5921
18/13:49:18,10.73,2.08,96.25,67.386,3.53,63.173,5922
18/13:49:19,10.85,2.08,96.25,67.254,3.53,63.184,5923
18/13:49:19,10.97,2.09,96.22,66.99,3.53,63.195,5924
18/13:49:20,11.2,2.1,96.17,66.506,3.53,63.206,5925
18/13:49:20,11.39,2.11,96.14,66.099,3.52,63.217,5926
18/13:49:21,11.62,2.12,96.14,65.912,3.52,63.217,5927
18/13:49:22,11.8,2.14,96.14,65.703,3.52,63.228,5928
18/13:49:22,11.95,2.14,96.12,65.34,3.52,63.239,5929
18/13:49:23,12.35,2.14,96.06,64.724,3.52,63.261,5930
18/13:49:24,12.42,2.13,96.05,64.416,3.52,63.272,5931
18/13:49:24,12.43,2.12,96.05,64.141,3.51,63.283,5932
18/13:49:25,12.5,2.12,96.03,63.943,3.51,63.294,5933
18/13:49:25,12.55,2.11,96.01,63.712,3.51,63.294,5934
18/13:49:26,12.72,2.1,95.99,63.47,3.51,63.305,5935
18/13:49:26,12.85,2.08,95.97,63.052,3.51,63.316,5936
18/13:49:28,13.0,2.08,95.94,62.26,3.5,63.349,5937
18/13:49:28,13.12,2.09,95.93,61.886,3.5,63.349,5938
18/13:49:29,13.17,2.08,95.92,61.622,3.5,63.36,5939
18/13:49:30,13.16,2.08,95.9,61.347,3.5,63.371,5940
18/13:49:31,13.01,2.1,95.89,60.775,3.49,63.393,5941
18/13:49:31,13.06,2.1,95.88,60.555,3.49,63.393,5942
18/13:49:31,13.01,2.08,95.88,60.269,3.49,63.404,5943
18/13:49:32,12.98,2.08,95.87,60.049,3.49,63.415,5944
18/13:49:34,12.93,2.09,95.87,59.345,3.49,63.437,5945
18/13:49:34,12.91,2.1,95.87,59.147,3.48,63.448,5946
18/13:49:35,12.95,2.08,95.86,58.971,3.48,63.459,5947
18/13:49:35,12.97,2.12,95.86,58.773,3.48,63.47,5948
18/13:49:36,12.95,2.12,95.84,58.63,3.48,63.481,5949
18/13:49:36,13.05,2.13,95.84,58.586,3.48,63.481,5950
18/13:49:37,13.08,2.14,95.82,58.531,3.48,63.492,5951
18/13:49:37,13.15,2.13,95.81,58.388,3.47,63.503,5952
18/13:49:38,13.14,2.11,95.82,58.234,3.47,63.514,5953
18/13:49:39,13.15,2.13,95.83,58.289,3.47,63.514,5954
18/13:49:39,13.11,2.12,95.81,58.267,3.47,63.525,5955
18/13:49:39,13.12,2.09,95.82,58.234,3.47,63.536,5956
18/13:49:40,13.11,2.08,95.82,58.201,3.47,63.547,5957
18/13:49:40,12.98,2.07,95.82,58.212,3.46,63.558,5958
18/13:49:41,13.04,2.08,95.81,58.212,3.46,63.558,5959
18/13:49:42,13.06,2.09,95.81,58.135,3.46,63.569,5960
18/13:49:42,12.99,2.1,95.78,58.212,3.46,63.591,5961
18/13:49:43,13.01,2.1,95.78,58.179,3.46,63.591,5962
18/13:49:44,12.89,2.09,95.78,58.146,3.45,63.613,5963
18/13:49:45,12.93,2.1,95.76,58.245,3.45,63.624,5964
18/13:49:45,12.77,2.07,95.76,58.399,3.45,63.635,5965
18/13:49:46,12.77,2.07,95.76,58.52,3.45,63.646,5966
18/13:49:47,12.65,2.07,95.77,58.718,3.44,63.668,5967
18/13:49:48,12.08,2.12,95.81,58.839,3.44,63.679,5968
18/13:49:49,11.59,2.12,95.85,58.85,3.44,63.69,5969
18/13:49:49,11.22,2.13,95.9,58.861,3.44,63.701,5970
18/13:49:50,9.96,2.12,96.02,58.916,3.44,63.712,5971
18/13:49:51,9.26,2.11,96.08,58.905,3.43,63.723,5972
18/13:49:51,8.79,2.09,96.14,58.85,3.43,63.734,5973
18/13:49:52,8.33,2.08,96.19,58.927,3.43,63.745,5974
18/13:49:53,8.08,2.06,96.24,58.927,3.43,63.745,5975
18/13:49:53,7.78,2.06,96.25,58.883,3.43,63.756,5976
18/13:49:54,7.55,2.05,96.28,58.916,3.43,63.767,5977
18/13:49:54,7.45,2.06,96.31,58.993,3.43,63.778,5978
18/13:49:55,7.4,2.05,96.32,59.136,3.43,63.778,5979
18/13:49:55,7.39,2.05,96.32,59.29,3.43,63.789,5980
18/13:49:56,7.35,2.05,96.33,59.455,3.43,63.8,5981
18/13:49:56,7.36,2.05,96.34,59.653,3.43,63.811,5982
18/13:49:58,7.55,2.04,96.33,59.928,3.42,63.833,5983
18/13:49:58,7.61,2.03,96.32,60.104,3.42,63.844,5984
18/13:49:59,7.9,2.04,96.28,60.28,3.42,63.855,5985
18/13:50:00,8.45,2.05,96.27,60.863,3.42,63.866,5986
18/13:50:00,8.64,2.05,96.24,61.193,3.42,63.877,5987
18/13:50:01,8.85,2.06,96.22,61.457,3.42,63.888,5988
18/13:50:02,9.02,2.06,96.21,61.765,3.42,63.899,5989
18/13:50:02,9.23,2.06,96.18,62.139,3.42,63.91,5990
18/13:50:02,9.36,2.07,96.17,62.469,3.41,63.921,5991
18/13:50:03,9.4,2.06,96.18,62.744,3.41,63.921,5992
18/13:50:04,9.41,2.06,96.16,63.151,3.41,63.932,5993
18/13:50:04,9.31,2.06,96.15,63.404,3.41,63.943,5994
18/13:50:05,9.26,2.07,96.14,64.152,3.41,63.965,5995
18/13:50:06,9.19,2.05,96.13,64.757,3.41,63.987,5996
18/13:50:07,9.15,2.05,96.12,65.131,3.41,63.987,5997
18/13:50:07,9.12,2.04,96.13,65.582,3.41,63.998,5998
18/13:50:08,9.12,2.04,96.12,66.022,3.4,64.009,5999
18/13:50:08,9.19,2.02,96.13,66.308,3.4,64.02,6000
18/13:50:09,9.22,2.02,96.13,66.737,3.4,64.031,6001
18/13:50:10,9.2,2.02,96.12,67.133,3.4,64.042,6002
18/13:50:10,9.32,2.0,96.11,68.123,3.4,64.064,6003
18/13:50:11,9.32,2.0,96.09,68.475,3.4,64.064,6004
18/13:50:11,9.35,2.0,96.1,68.761,3.4,64.075,6005
18/13:50:12,9.34,2.0,96.08,69.487,3.39,64.097,6006
18/13:50:13,9.28,1.99,96.08,69.828,3.39,64.108,6007
18/13:50:14,9.31,1.99,96.1,70.356,3.39,64.13,6008
18/13:50:15,9.24,2.0,96.09,70.62,3.39,64.141,6009
18/13:50:15,9.14,2.0,96.12,70.862,3.39,64.152,6010
18/13:50:16,8.96,2.01,96.12,71.148,3.39,64.163,6011
18/13:50:16,8.78,2.02,96.16,71.357,3.39,64.174,6012
18/13:50:17,8.56,2.02,96.2,71.643,3.39,64.196,6013
18/13:50:18,8.5,2.02,96.2,71.775,3.38,64.207,6014
18/13:50:18,8.32,2.03,96.22,71.907,3.38,64.218,6015
18/13:50:19,8.44,2.03,96.24,72.072,3.38,64.229,6016
18/13:50:19,8.38,2.03,96.23,72.16,3.38,64.229,6017
18/13:50:20,8.53,2.03,96.23,72.347,3.38,64.24,6018
18/13:50:21,8.78,2.03,96.2,72.457,3.38,64.251,6019
18/13:50:21,9.13,2.05,96.17,72.644,3.38,64.273,6020
18/13:50:22,9.2,2.06,96.15,72.765,3.38,64.284,6021
18/13:50:24,9.49,2.07,96.09,72.875,3.37,64.317,6022
18/13:50:25,9.5,2.07,96.09,72.952,3.37,64.339,6023
18/13:50:26,9.42,2.06,96.08,73.073,3.37,64.361,6024
18/13:50:26,9.47,2.05,96.08,73.007,3.37,64.372,6025
18/13:50:27,9.47,2.04,96.07,72.897,3.37,64.394,6026
18/13:50:28,9.34,2.05,96.08,72.798,3.36,64.405,6027
18/13:50:28,9.44,2.04,96.08,72.666,3.36,64.416,6028
18/13:50:29,9.67,2.04,96.07,72.6,3.36,64.427,6029
18/13:50:30,9.62,2.04,96.07,72.523,3.36,64.449,6030
18/13:50:31,9.78,2.05,96.06,72.413,3.36,64.46,6031
18/13:50:31,9.94,2.04,96.04,72.182,3.36,64.482,6032
18/13:50:32,10.01,2.04,96.02,72.094,3.36,64.493,6033
18/13:50:33,10.12,2.05,96.01,72.017,3.35,64.504,6034
18/13:50:34,10.14,2.05,95.99,71.885,3.35,64.526,6035
18/13:50:34,10.2,2.05,95.98,71.775,3.35,64.526,6036
18/13:50:35,10.23,2.04,95.97,71.533,3.35,64.537,6037
18/13:50:35,10.33,2.03,95.96,71.467,3.35,64.548,6038
18/13:50:36,10.47,2.04,95.95,71.368,3.35,64.559,6039
18/13:50:37,10.42,2.05,95.94,71.115,3.34,64.581,6040
18/13:50:38,10.53,2.05,95.93,70.895,3.34,64.603,6041
18/13:50:38,10.51,2.04,95.92,70.774,3.34,64.614,6042
18/13:50:39,10.56,2.05,95.9,70.675,3.34,64.625,6043
18/13:50:40,10.67,2.05,95.89,70.642,3.34,64.636,6044
18/13:50:40,10.65,2.06,95.88,70.598,3.34,64.647,6045
18/13:50:41,10.82,2.05,95.84,70.466,3.33,64.669,6046
18/13:50:42,10.81,2.05,95.84,70.334,3.33,64.68,6047
18/13:50:43,10.97,2.06,95.82,70.136,3.33,64.702,6048
18/13:50:44,11.04,2.05,95.83,69.993,3.33,64.713,6049
18/13:50:44,11.11,2.05,95.81,69.96,3.33,64.724,6050
18/13:50:45,11.2,2.05,95.8,69.894,3.33,64.735,6051
18/13:50:46,11.26,2.05,95.81,69.828,3.32,64.757,6052
18/13:50:46,11.28,2.03,95.8,69.707,3.32,64.768,6053
18/13:50:47,11.37,2.04,95.78,69.685,3.32,64.779,6054
18/13:50:47,11.56,2.04,95.76,69.674,3.32,64.79,6055
18/13:50:48,11.72,2.04,95.74,69.674,3.32,64.801,6056
18/13:50:48,11.79,2.03,95.73,69.663,3.32,64.812,6057
18/13:50:49,12.19,2.04,95.66,69.608,3.31,64.834,6058
18/13:50:50,12.34,2.05,95.63,69.586,3.31,64.834,6059
18/13:50:51,12.33,2.07,95.61,69.454,3.31,64.856,6060
18/13:50:51,12.19,2.07,95.62,69.355,3.31,64.867,6061
18/13:50:52,11.93,2.07,95.6,69.311,3.3,64.878,6062
18/13:50:52,11.66,2.08,95.62,69.278,3.3,64.889,6063
18/13:50:54,11.14,2.07,95.69,69.278,3.3,64.911,6064
18/13:50:54,11.06,2.06,95.7,69.267,3.3,64.922,6065
18/13:50:55,11.03,2.07,95.71,69.135,3.3,64.933,6066
18/13:50:55,11.04,2.06,95.71,69.025,3.3,64.944,6067
18/13:50:56,11.08,2.06,95.71,68.959,3.3,64.955,6068
18/13:50:56,11.23,2.05,95.7,68.97,3.29,64.966,6069
18/13:50:57,11.3,2.05,95.67,69.025,3.29,64.966,6070
18/13:50:57,11.41,2.06,95.66,69.036,3.29,64.977,6071
18/13:50:58,11.42,2.06,95.64,69.025,3.29,64.988,6072
18/13:50:59,11.41,2.06,95.63,69.025,3.29,64.999,6073
18/13:50:59,11.39,2.07,95.63,68.959,3.29,65.01,6074
18/13:51:00,11.4,2.08,95.63,68.541,3.28,65.032,6075
18/13:51:01,11.44,2.07,95.64,68.387,3.28,65.054,6076
18/13:51:01,11.46,2.06,95.63,68.442,3.28,65.065,6077
18/13:51:02,11.45,2.07,95.61,68.387,3.28,65.076,6078
18/13:51:03,11.47,2.06,95.59,68.376,3.28,65.076,6079
18/13:51:03,11.49,2.06,95.59,68.42,3.27,65.098,6080
18/13:51:04,11.35,2.06,95.59,68.497,3.27,65.109,6081
18/13:51:05,11.31,2.06,95.59,68.618,3.27,65.12,6082
18/13:51:05,11.37,2.08,95.57,68.673,3.27,65.131,6083
18/13:51:06,11.32,2.08,95.61,68.882,3.27,65.153,6084
18/13:51:07,11.39,2.08,95.59,68.882,3.27,65.164,6085
18/13:51:08,11.34,2.08,95.56,68.981,3.26,65.186,6086
18/13:51:08,11.48,2.1,95.55,69.124,3.26,65.186,6087
18/13:51:09,11.64,2.11,95.56,69.289,3.26,65.197,6088
18/13:51:10,11.82,2.11,95.55,69.322,3.26,65.208,6089
18/13:51:11,12.05,2.11,95.55,69.608,3.26,65.241,6090
18/13:51:11,12.11,2.12,95.54,69.751,3.25,65.252,6091
18/13:51:12,12.16,2.12,95.54,69.872,3.25,65.263,6092
18/13:51:13,12.12,2.09,95.5,70.092,3.25,65.285,6093
18/13:51:14,12.1,2.08,95.49,70.235,3.25,65.296,6094
18/13:51:14,12.11,2.08,95.48,70.444,3.25,65.307,6095
18/13:51:15,11.99,2.08,95.47,70.697,3.25,65.318,6096
18/13:51:15,11.61,2.08,95.49,70.84,3.24,65.318,6097
18/13:51:16,11.17,2.08,95.53,70.895,3.24,65.329,6098
18/13:51:17,10.56,2.07,95.59,71.016,3.24,65.351,6099
18/13:51:17,10.32,2.08,95.59,71.016,3.24,65.362,6100
18/13:51:18,10.18,2.08,95.61,71.016,3.24,65.373,6101
18/13:51:18,10.12,2.07,95.62,71.137,3.24,65.384,6102
18/13:51:19,9.99,2.06,95.62,71.148,3.24,65.395,6103
18/13:51:20,10.54,2.06,95.59,71.401,3.23,65.417,6104
18/13:51:20,10.64,2.08,95.56,71.599,3.23,65.428,6105
18/13:51:21,10.82,2.08,95.55,71.797,3.23,65.439,6106
18/13:51:22,10.84,2.08,95.54,72.094,3.23,65.45,6107
18/13:51:22,10.78,2.08,95.53,72.259,3.23,65.461,6108
18/13:51:23,10.77,2.09,95.53,72.424,3.23,65.472,6109
18/13:51:23,10.8,2.1,95.51,72.49,3.23,65.483,6110
18/13:51:24,10.86,2.1,95.5,72.611,3.22,65.494,6111
18/13:51:24,10.89,2.1,95.5,72.765,3.22,65.505,6112
18/13:51:25,11.25,2.11,95.47,73.139,3.22,65.516,6113
18/13:51:26,11.28,2.11,95.47,73.326,3.22,65.527,6114
18/13:51:26,11.56,2.12,95.44,73.502,3.22,65.549,6115
18/13:51:27,11.55,2.12,95.44,73.645,3.22,65.56,6116
18/13:51:28,11.68,2.12,95.42,73.876,3.21,65.571,6117
18/13:51:28,11.82,2.13,95.41,73.997,3.21,65.593,6118
18/13:51:29,11.67,2.13,95.42,74.129,3.21,65.604,6119
18/13:51:29,11.57,2.13,95.44,74.195,3.21,65.604,6120
18/13:51:30,11.68,2.14,95.43,74.195,3.21,65.615,6121
18/13:51:30,11.5,2.14,95.44,74.239,3.21,65.626,6122
18/13:51:31,11.66,2.14,95.43,74.25,3.2,65.637,6123
18/13:51:32,11.47,2.14,95.42,74.349,3.2,65.648,6124
18/13:51:32,11.62,2.14,95.43,74.492,3.2,65.659,6125
18/13:51:33,11.64,2.14,95.41,74.624,3.2,65.67,6126
18/13:51:34,11.87,2.14,95.37,74.877,3.2,65.692,6127
18/13:51:34,11.78,2.12,95.37,74.943,3.2,65.703,6128
18/13:51:35,12.03,2.12,95.35,75.042,3.19,65.714,6129
18/13:51:35,11.92,2.12,95.33,75.097,3.19,65.725,6130
18/13:51:36,11.96,2.12,95.34,75.108,3.19,65.736,6131
18/13:51:36,11.76,2.12,95.34,75.24,3.19,65.747,6132
18/13:51:37,11.48,2.11,95.35,75.328,3.19,65.769,6133
18/13:51:38,11.34,2.11,95.36,75.295,3.19,65.78,6134
18/13:51:38,11.22,2.11,95.38,75.273,3.17,65.791,6135
18/13:51:39,11.16,2.11,95.4,75.24,3.17,65.813,6136
18/13:51:39,11.16,2.1,95.42,75.306,3.17,65.813,6137
18/13:51:40,10.96,2.1,95.42,75.361,3.17,65.824,6138
18/13:51:41,11.13,2.09,95.44,75.207,3.17,65.857,6139
18/13:51:42,11.06,2.09,95.43,75.174,3.17,65.868,6140
18/13:51:42,11.01,2.09,95.43,75.229,3.17,65.868,6141
18/13:51:43,10.91,2.08,95.42,75.251,3.16,65.879,6142
18/13:51:43,10.81,2.09,95.42,75.218,3.16,65.901,6143
18/13:51:44,10.79,2.09,95.42,75.229,3.16,65.901,6144
18/13:51:44,10.74,2.08,95.41,75.273,3.16,65.912,6145
18/13:51:45,10.82,2.09,95.4,75.273,3.16,65.934,6146
18/13:51:45,10.86,2.1,95.39,75.24,3.16,65.945,6147
18/13:51:46,10.74,2.1,95.4,75.152,3.16,65.956,6148
18/13:51:47,10.82,2.1,95.39,75.075,3.16,65.978,6149
18/13:51:47,10.92,2.1,95.38,74.965,3.16,65.989,6150
18/13:51:48,10.87,2.11,95.37,74.822,3.16,65.989,6151
18/13:51:48,10.94,2.11,95.37,74.8,3.16,66.0,6152
18/13:51:49,11.01,2.1,95.36,74.756,3.16,66.022,6153
18/13:51:50,10.7,2.1,95.34,74.613,3.16,66.033,6154
18/13:51:50,10.96,2.1,95.35,74.58,3.15,66.055,6155
18/13:51:51,11.02,2.09,95.35,74.624,3.15,66.055,6156
18/13:51:51,10.76,2.09,95.35,74.657,3.15,66.066,6157
18/13:51:52,10.8,2.08,95.35,74.591,3.15,66.077,6158
18/13:51:53,11.02,2.09,95.35,74.58,3.15,66.088,6159
18/13:51:53,10.84,2.09,95.35,74.558,3.15,66.099,6160
18/13:51:54,10.84,2.1,95.37,74.492,3.15,66.11,6161
18/13:51:55,10.78,2.1,95.36,74.393,3.14,66.132,6162
18/13:51:55,10.75,2.09,95.34,74.294,3.14,66.143,6163
18/13:51:56,10.94,2.1,95.35,74.217,3.14,66.154,6164
18/13:51:56,10.8,2.1,95.34,74.283,3.14,66.165,6165
18/13:51:57,10.79,2.09,95.33,74.25,3.14,66.176,6166
18/13:51:57,10.9,2.09,95.31,74.217,3.14,66.187,6167
18/13:51:58,10.94,2.09,95.31,74.173,3.14,66.198,6168
18/13:51:58,10.84,2.09,95.31,74.052,3.14,66.209,6169
18/13:51:59,10.88,2.1,95.28,73.953,3.13,66.231,6170
18/13:52:00,11.23,2.1,95.27,74.085,3.13,66.253,6171
18/13:52:02,11.65,2.09,95.19,74.184,3.13,66.286,6172
18/13:52:03,11.85,2.1,95.15,74.25,3.12,66.308,6173
18/13:52:04,12.11,2.1,95.15,74.349,3.12,66.308,6174
18/13:52:04,12.03,2.1,95.14,74.404,3.12,66.33,6175
18/13:52:05,12.05,2.1,95.13,74.393,3.12,66.341,6176
18/13:52:05,12.06,2.11,95.13,74.448,3.12,66.352,6177
18/13:52:06,11.87,2.1,95.12,74.426,3.12,66.363,6178
18/13:52:06,12.01,2.1,95.13,74.382,3.11,66.374,6179
18/13:52:07,12.02,2.1,95.12,74.382,3.11,66.385,6180
18/13:52:07,11.89,2.08,95.11,74.36,3.11,66.396,6181
18/13:52:08,12.04,2.08,95.12,74.349,3.11,66.407,6182
18/13:52:09,12.09,2.08,95.11,74.349,3.11,66.418,6183
18/13:52:09,11.94,2.07,95.1,74.371,3.11,66.429,6184
18/13:52:10,12.16,2.07,95.1,74.316,3.11,66.44,6185
18/13:52:10,12.23,2.08,95.09,74.25,3.1,66.451,6186
18/13:52:11,12.23,2.07,95.08,74.184,3.1,66.473,6187
18/13:52:12,12.38,2.09,95.07,74.305,3.1,66.484,6188
18/13:52:12,12.28,2.09,95.03,74.382,3.1,66.495,6189
18/13:52:13,12.53,2.09,95.02,74.36,3.1,66.506,6190
18/13:52:13,12.7,2.1,95.01,74.426,3.1,66.517,6191
18/13:52:14,12.71,2.09,94.98,74.448,3.09,66.539,6192
18/13:52:16,12.92,2.09,94.93,74.569,3.09,66.572,6193
18/13:52:16,12.84,2.08,94.93,74.734,3.09,66.583,6194
18/13:52:17,12.81,2.08,94.92,74.723,3.08,66.594,6195
18/13:52:17,13.01,2.09,94.94,74.767,3.08,66.605,6196
18/13:52:18,13.01,2.08,94.93,74.877,3.08,66.616,6197
18/13:52:18,12.92,2.08,94.94,74.943,3.08,66.616,6198
18/13:52:19,13.16,2.09,94.94,74.987,3.08,66.627,6199
18/13:52:20,13.11,2.08,94.93,75.053,3.08,66.649,6200
18/13:52:20,12.97,2.08,94.91,75.075,3.07,66.66,6201
18/13:52:21,13.03,2.07,94.91,74.965,3.07,66.682,6202
18/13:52:22,12.94,2.08,94.88,75.207,3.07,66.704,6203
18/13:52:23,12.98,2.07,94.88,75.196,3.07,66.715,6204
18/13:52:23,13.01,2.07,94.88,75.24,3.06,66.726,6205
18/13:52:24,12.97,2.07,94.88,75.196,3.06,66.748,6206
18/13:52:25,12.99,2.07,94.88,75.108,3.06,66.759,6207
18/13:52:25,12.96,2.07,94.88,75.185,3.06,66.77,6208
18/13:52:26,12.88,2.06,94.87,75.295,3.06,66.781,6209
18/13:52:26,12.85,2.05,94.88,75.361,3.06,66.792,6210
18/13:52:27,12.95,2.06,94.88,75.405,3.05,66.803,6211
18/13:52:28,12.67,2.06,94.88,75.416,3.05,66.825,6212
18/13:52:28,12.6,2.05,94.88,75.427,3.05,66.836,6213
18/13:52:29,12.52,2.05,94.89,75.526,3.05,66.847,6214
18/13:52:29,12.28,2.05,94.89,75.603,3.05,66.858,6215
18/13:52:30,12.03,2.05,94.89,75.647,3.04,66.869,6216
18/13:52:30,11.77,2.06,94.91,75.57,3.04,66.88,6217
18/13:52:31,11.57,2.05,94.92,75.471,3.04,66.891,6218
18/13:52:31,11.42,2.06,94.95,75.493,3.04,66.902,6219
18/13:52:32,11.27,2.06,94.96,75.482,3.04,66.913,6220
18/13:52:33,11.13,2.07,94.99,75.427,3.04,66.924,6221
18/13:52:33,11.08,2.07,95.0,75.361,3.04,66.935,6222
18/13:52:34,11.06,2.07,95.01,75.284,3.03,66.946,6223
18/13:52:34,11.02,2.07,95.01,75.295,3.03,66.957,6224
18/13:52:35,10.98,2.07,95.01,75.251,3.03,66.968,6225
18/13:52:35,10.97,2.07,95.0,75.251,3.03,66.979,6226
18/13:52:36,10.95,2.07,95.0,75.317,3.03,66.99,6227
18/13:52:36,10.96,2.07,95.01,75.339,3.03,67.001,6228
18/13:52:37,10.95,2.07,95.01,75.284,3.03,67.012,6229
18/13:52:37,10.86,2.07,95.0,75.218,3.03,67.023,6230
18/13:52:38,10.8,2.07,95.0,75.174,3.02,67.034,6231
18/13:52:38,11.07,2.08,95.0,75.163,3.02,67.045,6232
18/13:52:39,11.12,2.08,94.99,75.097,3.02,67.056,6233
18/13:52:39,10.89,2.07,94.98,75.02,3.02,67.067,6234
18/13:52:40,10.8,2.07,94.96,74.954,3.02,67.078,6235
18/13:52:41,11.07,2.07,94.96,74.965,3.02,67.089,6236
18/13:52:42,10.88,2.07,94.95,75.009,3.01,67.111,6237
18/13:52:42,10.95,2.05,94.95,74.701,3.01,67.133,6238
18/13:52:43,10.8,2.04,94.95,74.668,3.01,67.144,6239
18/13:52:44,10.9,2.04,94.96,74.503,3.01,67.166,6240
18/13:52:45,10.82,2.03,94.95,74.316,3.01,67.188,6241
18/13:52:46,10.9,2.03,94.95,74.305,3.0,67.199,6242
18/13:52:46,10.83,2.03,94.94,74.239,3.0,67.21,6243
18/13:52:47,10.86,2.03,94.96,74.151,3.0,67.221,6244
18/13:52:47,10.87,2.04,94.96,74.162,3.0,67.232,6245
18/13:52:48,10.92,2.04,94.96,74.118,3.0,67.243,6246
18/13:52:48,11.06,2.04,94.95,74.03,3.0,67.254,6247
18/13:52:49,10.94,2.05,94.96,73.942,3.0,67.265,6248
18/13:52:50,10.99,2.05,94.98,73.931,3.0,67.265,6249
18/13:52:50,11.06,2.05,94.98,73.942,2.99,67.287,6250
18/13:52:51,11.01,2.04,94.98,73.854,2.99,67.287,6251
18/13:52:51,10.96,2.05,94.96,73.689,2.99,67.298,6252
18/13:52:52,10.98,2.05,94.96,73.634,2.99,67.32,6253
18/13:52:52,10.93,2.05,94.96,73.568,2.99,67.32,6254
18/13:52:52,10.91,2.05,94.97,73.568,2.99,67.331,6255
18/13:52:54,10.85,2.05,94.96,73.425,2.98,67.353,6256
18/13:52:55,10.96,2.08,94.94,73.216,2.98,67.375,6257
18/13:52:56,10.9,2.08,94.94,73.161,2.98,67.386,6258
18/13:52:56,10.86,2.07,94.92,73.084,2.98,67.408,6259
18/13:52:57,11.08,2.07,94.89,72.941,2.98,67.43,6260
18/13:52:58,11.31,2.07,94.88,72.908,2.97,67.441,6261
18/13:52:58,11.34,2.07,94.86,72.908,2.97,67.452,6262
18/13:53:00,11.8,2.07,94.82,72.82,2.97,67.474,6263
18/13:53:00,12.21,2.07,94.81,72.776,2.97,67.496,6264
18/13:53:01,12.23,2.06,94.78,72.721,2.97,67.507,6265
18/13:53:02,12.43,2.07,94.78,72.699,2.96,67.518,6266
18/13:53:03,12.47,2.06,94.72,72.534,2.96,67.54,6267
18/13:53:03,12.46,2.08,94.72,72.479,2.96,67.551,6268
18/13:53:04,12.54,2.07,94.7,72.446,2.96,67.562,6269
18/13:53:06,12.92,2.07,94.63,72.358,2.95,67.595,6270
18/13:53:06,13.22,2.09,94.61,72.457,2.95,67.617,6271
18/13:53:07,13.41,2.07,94.59,72.446,2.95,67.628,6272
18/13:53:08,13.55,2.11,94.56,72.611,2.95,67.639,6273
18/13:53:08,13.38,2.13,94.56,72.666,2.94,67.65,6274
18/13:53:09,13.24,2.13,94.55,72.666,2.94,67.661,6275
18/13:53:09,12.87,2.03,94.57,72.721,2.94,67.672,6276
18/13:53:10,12.5,1.93,94.62,72.721,2.94,67.683,6277
18/13:53:11,12.05,1.8,94.65,72.754,2.94,67.694,6278
18/13:53:11,11.0,1.55,94.77,72.677,2.93,67.716,6279
18/13:53:12,10.59,1.43,94.8,72.699,2.93,67.716,6280
18/13:53:13,10.44,1.31,94.84,72.699,2.93,67.727,6281
18/13:53:13,10.03,1.19,94.89,72.644,2.93,67.749,6282
18/13:53:14,10.01,1.19,94.91,72.589,2.93,67.76,6283
18/13:53:14,9.84,1.18,94.9,72.589,2.93,67.771,6284
18/13:53:16,9.93,1.16,94.9,72.699,2.92,67.804,6285
18/13:53:16,10.17,1.26,94.86,72.479,2.92,67.815,6286
18/13:53:17,10.49,1.36,94.82,72.38,2.92,67.826,6287
18/13:53:17,10.75,1.48,94.77,72.336,2.92,67.837,6288
18/13:53:18,11.11,1.57,94.73,72.347,2.92,67.848,6289
18/13:53:18,11.39,1.7,94.68,72.336,2.92,67.859,6290
18/13:53:20,12.35,2.09,94.55,72.105,2.91,67.892,6291
18/13:53:20,12.35,2.11,94.55,71.94,2.91,67.892,6292
18/13:53:21,12.32,2.13,94.55,71.907,2.91,67.903,6293
18/13:53:22,12.39,2.14,94.54,71.984,2.91,67.925,6294
18/13:53:23,12.4,2.13,94.56,72.006,2.91,67.936,6295
18/13:53:23,12.28,2.08,94.57,72.028,2.9,67.947,6296
18/13:53:24,12.11,1.97,94.6,72.028,2.9,67.958,6297
18/13:53:24,11.84,1.84,94.63,72.05,2.9,67.969,6298
18/13:53:25,11.25,1.6,94.69,72.017,2.9,67.991,6299
18/13:53:26,10.99,1.5,94.71,72.006,2.9,68.002,6300
18/13:53:26,10.67,1.4,94.74,71.951,2.9,68.013,6301
18/13:53:27,10.49,1.32,94.77,71.885,2.88,68.024,6302
18/13:53:28,10.21,1.28,94.78,71.852,2.88,68.035,6303
18/13:53:29,10.14,1.28,94.79,71.764,2.88,68.057,6304
18/13:53:29,10.07,1.33,94.77,71.72,2.88,68.068,6305
18/13:53:30,10.06,1.32,94.78,71.643,2.88,68.079,6306
18/13:53:30,10.0,1.31,94.78,71.577,2.88,68.09,6307
18/13:53:31,10.02,1.3,94.79,71.555,2.88,68.101,6308
18/13:53:31,9.82,1.28,94.78,71.61,2.88,68.112,6309
18/13:53:32,10.13,1.41,94.73,71.522,2.88,68.134,6310
18/13:53:33,10.59,1.52,94.69,71.412,2.88,68.145,6311
18/13:53:33,10.91,1.6,94.66,71.357,2.88,68.145,6312
18/13:53:34,11.57,1.81,94.59,71.258,2.88,68.167,6313
18/13:53:35,12.26,2.0,94.51,71.258,2.87,68.189,6314
18/13:53:36,12.44,2.09,94.48,71.247,2.87,68.2,6315
18/13:53:36,12.66,2.08,94.47,71.28,2.87,68.211,6316
18/13:53:37,12.79,2.08,94.45,71.28,2.87,68.222,6317
18/13:53:38,12.81,2.08,94.43,71.269,2.87,68.233,6318
18/13:53:38,13.17,2.11,94.37,71.269,2.86,68.255,6319
18/13:53:39,13.35,2.11,94.35,71.236,2.86,68.266,6320
18/13:53:40,13.46,2.13,94.31,71.379,2.86,68.288,6321
18/13:53:40,13.42,2.14,94.31,71.368,2.86,68.299,6322
18/13:53:41,13.23,2.16,94.31,71.412,2.85,68.31,6323
18/13:53:42,13.2,2.15,94.33,71.423,2.85,68.321,6324
18/13:53:42,12.95,2.14,94.35,71.357,2.85,68.332,6325
18/13:53:43,12.86,2.13,94.37,71.335,2.85,68.343,6326
18/13:53:43,12.8,2.13,94.39,71.379,2.85,68.343,6327
18/13:53:44,12.5,2.12,94.39,71.401,2.85,68.354,6328
18/13:53:44,12.54,2.11,94.42,71.368,2.85,68.365,6329
18/13:53:45,12.4,2.11,94.42,71.346,2.84,68.376,6330
18/13:53:45,12.46,2.11,94.42,71.39,2.84,68.387,6331
18/13:53:46,12.31,2.11,94.41,71.313,2.84,68.398,6332
18/13:53:47,12.39,2.11,94.4,71.291,2.84,68.409,6333
18/13:53:47,12.19,2.11,94.4,71.39,2.84,68.431,6334
18/13:53:48,12.35,2.11,94.41,71.39,2.83,68.442,6335
18/13:53:48,12.33,2.11,94.38,71.434,2.83,68.453,6336
18/13:53:49,12.48,2.1,94.36,71.478,2.83,68.464,6337
18/13:53:50,12.56,2.09,94.35,71.467,2.83,68.475,6338
18/13:53:50,12.56,2.1,94.34,71.489,2.83,68.486,6339
18/13:53:51,12.84,2.1,94.33,71.456,2.83,68.497,6340
18/13:53:51,12.79,2.09,94.31,71.346,2.83,68.508,6341
18/13:53:52,12.96,2.09,94.27,71.346,2.82,68.53,6342
18/13:53:53,12.81,2.09,94.25,71.324,2.82,68.53,6343
18/13:53:53,12.84,2.1,94.24,71.302,2.82,68.541,6344
18/13:53:54,12.82,2.12,94.25,71.258,2.82,68.552,6345
18/13:53:54,12.93,2.11,94.25,71.269,2.82,68.563,6346
18/13:53:55,12.88,2.1,94.26,71.258,2.81,68.574,6347
18/13:53:56,12.91,2.1,94.25,71.258,2.81,68.596,6348
18/13:53:56,12.81,2.1,94.25,71.203,2.81,68.607,6349
18/13:53:57,12.96,2.1,94.25,71.236,2.81,68.618,6350
18/13:53:57,12.91,2.1,94.25,71.236,2.81,68.629,6351
18/13:53:58,12.9,2.09,94.25,71.192,2.8,68.64,6352
18/13:53:58,12.9,2.09,94.23,71.192,2.8,68.651,6353
18/13:53:59,12.87,2.09,94.23,71.137,2.8,68.662,6354
18/13:53:59,12.79,2.11,94.22,71.027,2.8,68.673,6355
18/13:54:00,12.95,2.13,94.22,71.082,2.8,68.684,6356
18/13:54:00,12.86,2.12,94.21,71.17,2.8,68.695,6357
18/13:54:01,12.9,2.1,94.2,71.192,2.8,68.706,6358
18/13:54:02,12.95,2.1,94.19,71.137,2.79,68.706,6359
18/13:54:02,12.83,2.1,94.19,71.082,2.79,68.728,6360
18/13:54:03,12.74,2.11,94.19,71.027,2.79,68.728,6361
18/13:54:03,12.59,2.1,94.2,71.005,2.79,68.739,6362
18/13:54:04,12.39,2.08,94.22,70.972,2.79,68.75,6363
18/13:54:04,12.28,2.09,94.24,70.917,2.79,68.761,6364
18/13:54:05,11.94,2.1,94.26,70.895,2.78,68.772,6365
18/13:54:05,11.89,2.11,94.27,70.928,2.78,68.783,6366
18/13:54:06,11.55,2.11,94.31,70.84,2.78,68.805,6367
18/13:54:07,11.55,2.11,94.33,70.785,2.78,68.816,6368
18/13:54:07,11.51,2.11,94.33,70.653,2.78,68.816,6369
18/13:54:08,11.5,2.11,94.33,70.598,2.78,68.827,6370
18/13:54:08,11.45,2.1,94.32,70.576,2.77,68.849,6371
18/13:54:09,11.54,2.1,94.33,70.51,2.77,68.86,6372
18/13:54:10,11.48,2.1,94.32,70.312,2.77,68.871,6373
18/13:54:11,11.47,2.1,94.3,70.125,2.77,68.893,6374
18/13:54:11,11.45,2.1,94.28,70.015,2.77,68.893,6375
18/13:54:12,11.48,2.09,94.3,69.916,2.77,68.904,6376
18/13:54:12,11.46,2.1,94.28,69.806,2.77,68.915,6377
18/13:54:13,11.28,2.1,94.28,69.806,2.76,68.926,6378
18/13:54:13,11.18,2.11,94.3,69.74,2.76,68.937,6379
18/13:54:14,11.0,2.11,94.34,69.63,2.76,68.948,6380
18/13:54:14,10.79,2.11,94.36,69.531,2.76,68.959,6381
18/13:54:15,10.66,2.1,94.38,69.454,2.76,68.97,6382
18/13:54:15,10.32,2.11,94.41,69.344,2.76,68.981,6383
18/13:54:16,9.89,2.12,94.45,69.234,2.76,68.992,6384
18/13:54:16,9.66,2.13,94.47,69.168,2.75,69.003,6385
18/13:54:18,9.16,2.1,94.51,68.959,2.75,69.025,6386
18/13:54:19,9.01,2.11,94.53,68.882,2.75,69.036,6387
18/13:54:19,8.92,2.1,94.54,68.783,2.75,69.058,6388
18/13:54:20,8.92,2.1,94.55,68.728,2.75,69.069,6389
18/13:54:20,8.94,2.1,94.55,68.651,2.75,69.08,6390
18/13:54:21,8.9,2.1,94.56,68.541,2.75,69.091,6391
18/13:54:22,8.87,2.11,94.57,68.387,2.74,69.102,6392
18/13:54:22,8.8,2.12,94.59,68.288,2.74,69.113,6393
18/13:54:23,8.91,2.11,94.57,68.2,2.74,69.124,6394
18/13:54:23,9.08,2.11,94.57,68.079,2.74,69.135,6395
18/13:54:24,9.27,2.11,94.56,68.024,2.74,69.135,6396
18/13:54:24,9.42,2.12,94.56,67.991,2.74,69.146,6397
18/13:54:25,9.52,2.12,94.54,67.837,2.74,69.157,6398
18/13:54:25,9.66,2.13,94.52,67.815,2.74,69.168,6399
18/13:54:26,9.86,2.12,94.5,67.771,2.74,69.179,6400
18/13:54:27,10.37,2.1,94.46,67.694,2.73,69.19,6401
18/13:54:27,11.13,2.12,94.36,67.837,2.73,69.212,6402
18/13:54:28,11.46,2.12,94.33,67.947,2.73,69.223,6403
18/13:54:29,11.74,2.12,94.28,68.024,2.73,69.234,6404
18/13:54:29,12.01,2.12,94.25,68.024,2.73,69.234,6405
18/13:54:30,12.37,2.11,94.22,68.101,2.73,69.245,6406
18/13:54:31,12.66,2.14,94.16,68.222,2.72,69.267,6407
18/13:54:31,12.55,2.13,94.17,68.244,2.72,69.278,6408
18/13:54:32,12.47,2.12,94.18,68.255,2.72,69.289,6409
18/13:54:32,12.39,2.12,94.17,68.343,2.72,69.3,6410
18/13:54:33,12.41,2.11,94.16,68.398,2.72,69.311,6411
18/13:54:33,12.51,2.11,94.16,68.409,2.72,69.322,6412
18/13:54:34,12.71,2.11,94.13,68.508,2.71,69.333,6413
18/13:54:34,12.87,2.11,94.1,68.662,2.71,69.344,6414
18/13:54:35,13.0,2.11,94.07,68.695,2.71,69.344,6415
18/13:54:35,13.08,2.11,94.05,68.728,2.71,69.355,6416
18/13:54:36,13.13,2.11,94.03,68.816,2.71,69.366,6417
18/13:54:36,13.18,2.12,94.02,68.893,2.71,69.377,6418
18/13:54:37,13.28,2.12,94.01,68.981,2.7,69.388,6419
18/13:54:37,13.28,2.12,94.01,69.047,2.7,69.399,6420
18/13:54:38,13.1,2.11,94.03,69.135,2.7,69.41,6421
18/13:54:38,13.01,2.11,94.04,69.157,2.7,69.421,6422
18/13:54:39,12.92,2.12,94.04,69.201,2.7,69.432,6423
18/13:54:40,12.96,2.11,94.03,69.256,2.7,69.443,6424
18/13:54:40,12.93,2.11,94.03,69.311,2.7,69.454,6425
18/13:54:41,12.96,2.11,94.02,69.333,2.69,69.465,6426
18/13:54:41,12.96,2.12,93.99,69.388,2.69,69.476,6427
18/13:54:42,12.96,2.14,93.97,69.531,2.69,69.487,6428
18/13:54:43,12.92,2.14,93.97,69.476,2.69,69.498,6429
18/13:54:43,12.94,2.14,93.96,69.377,2.69,69.509,6430
18/13:54:44,12.93,2.15,93.96,69.377,2.68,69.531,6431
18/13:54:45,12.89,2.14,93.97,69.355,2.68,69.542,6432
18/13:54:45,12.87,2.15,93.97,69.388,2.68,69.553,6433
18/13:54:46,12.96,2.15,93.97,69.344,2.68,69.564,6434
18/13:54:46,12.91,2.13,93.96,69.322,2.68,69.575,6435
18/13:54:47,12.9,2.12,93.96,69.432,2.67,69.597,6436
18/13:54:48,12.86,2.14,93.96,69.41,2.67,69.597,6437
18/13:54:49,12.85,2.14,93.95,69.41,2.67,69.608,6438
18/13:54:49,12.87,2.15,93.94,69.498,2.67,69.608,6439
18/13:54:50,13.0,2.14,93.94,69.531,2.67,69.63,6440
18/13:54:50,12.92,2.14,93.94,69.52,2.67,69.641,6441
18/13:54:51,12.9,2.16,93.94,69.575,2.66,69.652,6442
18/13:54:51,13.01,2.17,93.94,69.63,2.66,69.663,6443
18/13:54:52,13.04,2.16,93.92,69.674,2.66,69.674,6444
18/13:54:52,13.0,2.16,93.91,69.74,2.66,69.685,6445
18/13:54:53,12.93,2.14,93.9,69.817,2.66,69.696,6446
18/13:54:53,13.0,2.14,93.89,69.883,2.66,69.707,6447
18/13:54:54,12.98,2.15,93.89,69.883,2.65,69.718,6448
18/13:54:54,12.88,2.15,93.87,69.971,2.65,69.718,6449
18/13:54:55,12.91,2.14,93.85,70.07,2.65,69.729,6450
18/13:54:55,12.96,2.15,93.85,70.103,2.65,69.74,6451
18/13:54:56,12.95,2.15,93.85,70.092,2.65,69.751,6452
18/13:54:56,12.95,2.14,93.86,70.147,2.65,69.762,6453
18/13:54:57,12.98,2.13,93.87,70.158,2.64,69.773,6454
18/13:54:58,12.97,2.13,93.85,70.202,2.64,69.795,6455
18/13:54:58,13.02,2.13,93.87,70.202,2.64,69.806,6456
18/13:54:59,12.93,2.12,93.87,70.235,2.64,69.817,6457
18/13:55:00,12.93,2.12,93.86,70.323,2.64,69.828,6458
18/13:55:00,12.92,2.1,93.85,70.345,2.63,69.839,6459
18/13:55:01,12.88,2.11,93.86,70.4,2.63,69.85,6460
18/13:55:02,12.89,2.11,93.85,70.444,2.63,69.872,6461
18/13:55:02,12.8,2.11,93.83,70.543,2.63,69.883,6462
18/13:55:03,12.8,2.1,93.82,70.62,2.63,69.883,6463
18/13:55:03,12.75,2.12,93.81,70.609,2.63,69.894,6464
18/13:55:05,12.72,2.15,93.78,70.565,2.62,69.916,6465
18/13:55:06,12.7,2.15,93.76,70.631,2.62,69.949,6466
18/13:55:06,12.71,2.16,93.77,70.664,2.62,69.96,6467
18/13:55:07,12.71,2.16,93.76,70.653,2.61,69.971,6468
18/13:55:07,12.74,2.16,93.76,70.631,2.61,69.982,6469
18/13:55:08,12.69,2.16,93.76,70.653,2.61,69.993,6470
18/13:55:09,12.78,2.15,93.77,70.62,2.61,70.004,6471
18/13:55:09,12.79,2.15,93.77,70.664,2.61,70.015,6472
18/13:55:09,12.84,2.15,93.77,70.708,2.61,70.026,6473
18/13:55:10,12.95,2.15,93.77,70.664,2.61,70.037,6474
18/13:55:11,12.96,2.15,93.76,70.686,2.6,70.048,6475
18/13:55:12,12.98,2.14,93.75,70.697,2.6,70.059,6476
18/13:55:12,12.95,2.15,93.73,70.675,2.6,70.081,6477
18/13:55:13,12.91,2.15,93.72,70.697,2.6,70.092,6478
18/13:55:14,12.88,2.15,93.73,70.73,2.59,70.103,6479
18/13:55:14,12.78,2.14,93.72,70.73,2.59,70.114,6480
18/13:55:15,12.81,2.15,93.7,70.774,2.59,70.125,6481
18/13:55:15,12.87,2.16,93.7,70.741,2.59,70.136,6482
18/13:55:16,12.89,2.17,93.69,70.708,2.59,70.147,6483
18/13:55:16,12.93,2.17,93.69,70.741,2.59,70.158,6484
18/13:55:17,12.91,2.15,93.68,70.752,2.58,70.169,6485
18/13:55:17,13.02,2.15,93.68,70.73,2.58,70.18,6486
18/13:55:18,12.96,2.15,93.66,70.686,2.58,70.191,6487
18/13:55:19,13.0,2.14,93.67,70.708,2.58,70.213,6488
18/13:55:19,13.01,2.14,93.66,70.697,2.58,70.213,6489
18/13:55:20,13.04,2.13,93.67,70.653,2.58,70.224,6490
18/13:55:20,12.97,2.14,93.67,70.631,2.57,70.235,6491
18/13:55:21,12.99,2.14,93.65,70.598,2.57,70.246,6492
18/13:55:22,12.96,2.13,93.66,70.609,2.57,70.257,6493
18/13:55:22,13.01,2.14,93.66,70.631,2.57,70.268,6494
18/13:55:23,13.03,2.14,93.64,70.587,2.57,70.279,6495
18/13:55:23,12.93,2.13,93.63,70.642,2.57,70.29,6496
18/13:55:24,12.9,2.13,93.62,70.675,2.56,70.301,6497
18/13:55:25,12.9,2.11,93.61,70.565,2.56,70.323,6498
18/13:55:25,12.86,2.12,93.6,70.576,2.56,70.334,6499
18/13:55:26,12.9,2.12,93.57,70.565,2.56,70.345,6500
18/13:55:26,12.92,2.12,93.59,70.521,2.56,70.356,6501
18/13:55:27,12.9,2.12,93.6,70.554,2.55,70.367,6502
18/13:55:27,12.93,2.14,93.59,70.576,2.55,70.378,6503
18/13:55:28,12.97,2.13,93.59,70.444,2.55,70.378,6504
18/13:55:28,12.99,2.14,93.6,70.422,2.55,70.389,6505
18/13:55:29,13.04,2.14,93.59,70.4,2.55,70.4,6506
18/13:55:29,13.08,2.13,93.59,70.422,2.55,70.411,6507
18/13:55:30,13.02,2.13,93.6,70.367,2.54,70.422,6508
18/13:55:30,12.95,2.13,93.57,70.213,2.54,70.433,6509
18/13:55:31,13.03,2.12,93.56,70.114,2.54,70.444,6510
18/13:55:32,13.05,2.12,93.56,70.015,2.54,70.455,6511
18/13:55:33,12.98,2.15,93.54,69.729,2.54,70.488,6512
18/13:55:34,12.91,2.14,93.54,69.608,2.53,70.499,6513
18/13:55:34,12.91,2.14,93.51,69.564,2.53,70.51,6514
18/13:55:35,13.03,2.14,93.52,69.344,2.53,70.521,6515
18/13:55:36,12.92,2.14,93.51,69.245,2.53,70.532,6516
18/13:55:36,12.98,2.13,93.51,69.179,2.53,70.543,6517
18/13:55:37,13.0,2.13,93.52,69.124,2.52,70.554,6518
18/13:55:38,13.02,2.14,93.52,69.025,2.52,70.576,6519
18/13:55:39,13.02,2.14,93.52,68.981,2.52,70.587,6520
18/13:55:39,13.03,2.15,93.51,68.904,2.52,70.609,6521
18/13:55:40,13.08,2.14,93.5,68.816,2.51,70.62,6522
18/13:55:41,13.07,2.15,93.49,68.662,2.51,70.631,6523
18/13:55:42,13.01,2.15,93.49,68.739,2.51,70.653,6524
18/13:55:43,13.04,2.16,93.48,68.706,2.51,70.664,6525
18/13:55:43,12.92,2.17,93.49,68.739,2.5,70.675,6526
18/13:55:44,12.95,2.18,93.48,68.662,2.5,70.686,6527
18/13:55:44,12.94,2.18,93.49,68.651,2.5,70.697,6528
18/13:55:45,13.0,2.18,93.49,68.596,2.5,70.708,6529
18/13:55:45,12.94,2.18,93.49,68.497,2.5,70.708,6530
18/13:55:46,12.91,2.18,93.47,68.486,2.5,70.741,6531
18/13:55:47,12.91,2.17,93.46,68.365,2.49,70.752,6532
18/13:55:48,12.91,2.18,93.46,68.354,2.49,70.763,6533
18/13:55:48,12.87,2.17,93.44,68.332,2.49,70.774,6534
18/13:55:49,12.79,2.18,93.42,68.321,2.49,70.785,6535
18/13:55:50,12.81,2.18,93.4,68.343,2.48,70.807,6536
18/13:55:51,12.85,2.19,93.39,68.398,2.48,70.818,6537
18/13:55:51,12.91,2.19,93.38,68.398,2.48,70.829,6538
18/13:55:51,12.85,2.19,93.37,68.343,2.48,70.84,6539
18/13:55:53,12.82,2.19,93.38,68.277,2.48,70.862,6540
18/13:55:53,12.87,2.18,93.39,68.255,2.47,70.862,6541
18/13:55:54,12.9,2.18,93.39,68.31,2.47,70.873,6542
18/13:55:54,12.89,2.19,93.39,68.321,2.47,70.884,6543
18/13:55:55,12.9,2.19,93.39,68.244,2.47,70.906,6544
18/13:55:56,12.85,2.18,93.38,68.211,2.47,70.917,6545
18/13:55:57,12.9,2.18,93.39,68.222,2.46,70.939,6546
18/13:55:57,12.87,2.18,93.39,68.2,2.46,70.95,6547
18/13:55:58,12.83,2.17,93.39,68.09,2.46,70.961,6548
18/13:55:59,12.84,2.17,93.39,68.079,2.46,70.972,6549
18/13:55:59,12.9,2.17,93.38,67.991,2.46,70.983,6550
18/13:56:01,12.97,2.18,93.37,67.859,2.45,71.005,6551
18/13:56:01,13.0,2.19,93.36,67.848,2.45,71.016,6552
18/13:56:01,12.98,2.18,93.34,67.782,2.45,71.016,6553
18/13:56:02,12.95,2.18,93.35,67.771,2.45,71.027,6554
18/13:56:02,12.88,2.19,93.35,67.749,2.45,71.049,6555
18/13:56:03,12.82,2.18,93.34,67.793,2.45,71.049,6556
18/13:56:04,12.88,2.21,93.32,67.76,2.44,71.06,6557
18/13:56:05,12.81,2.21,93.32,67.65,2.44,71.082,6558
18/13:56:05,12.87,2.21,93.32,67.606,2.44,71.093,6559
18/13:56:06,12.85,2.23,93.33,67.54,2.44,71.104,6560
18/13:56:06,12.92,2.21,93.31,67.573,2.44,71.115,6561
18/13:56:07,12.98,2.22,93.3,67.65,2.43,71.126,6562
18/13:56:07,12.98,2.23,93.31,67.628,2.43,71.137,6563
18/13:56:08,12.98,2.21,93.31,67.661,2.43,71.148,6564
18/13:56:08,13.02,2.23,93.3,67.672,2.43,71.148,6565
18/13:56:09,13.06,2.24,93.31,67.694,2.43,71.159,6566
18/13:56:09,13.0,2.22,93.3,67.716,2.43,71.17,6567
18/13:56:10,13.02,2.23,93.28,67.782,2.42,71.181,6568
18/13:56:10,12.92,2.24,93.3,67.716,2.42,71.192,6569
18/13:56:11,12.87,2.23,93.3,67.628,2.42,71.203,6570
18/13:56:12,12.9,2.23,93.3,67.584,2.42,71.214,6571
18/13:56:12,12.87,2.22,93.28,67.562,2.42,71.225,6572
18/13:56:13,12.92,2.2,93.27,67.518,2.42,71.236,6573
18/13:56:13,12.88,2.18,93.26,67.408,2.42,71.247,6574
18/13:56:14,12.93,2.19,93.26,67.32,2.41,71.258,6575
18/13:56:14,12.91,2.18,93.25,67.298,2.41,71.258,6576
18/13:56:15,12.93,2.17,93.24,67.331,2.41,71.28,6577
18/13:56:16,12.96,2.17,93.24,67.309,2.41,71.302,6578
18/13:56:17,12.91,2.18,93.24,67.254,2.4,71.313,6579
18/13:56:17,12.9,2.18,93.24,67.232,2.4,71.324,6580
18/13:56:18,12.91,2.17,93.23,67.287,2.4,71.335,6581
18/13:56:18,12.89,2.16,93.24,67.287,2.4,71.346,6582
18/13:56:19,12.86,2.16,93.24,67.265,2.4,71.346,6583
18/13:56:19,12.86,2.17,93.24,67.309,2.4,71.357,6584
18/13:56:20,12.92,2.16,93.24,67.309,2.39,71.368,6585
18/13:56:20,12.91,2.16,93.24,67.375,2.39,71.379,6586
18/13:56:21,12.89,2.17,93.23,67.386,2.39,71.39,6587
18/13:56:21,12.9,2.16,93.23,67.408,2.39,71.401,6588
18/13:56:22,12.83,2.17,93.23,67.485,2.39,71.412,6589
18/13:56:23,12.84,2.17,93.23,67.595,2.39,71.423,6590
18/13:56:23,12.83,2.16,93.21,67.661,2.38,71.445,6591
18/13:56:24,12.74,2.17,93.21,67.716,2.38,71.445,6592
18/13:56:25,12.7,2.16,93.2,67.826,2.38,71.456,6593
18/13:56:26,12.68,2.17,93.18,67.98,2.38,71.478,6594
18/13:56:26,12.73,2.18,93.18,68.013,2.38,71.489,6595
18/13:56:27,12.73,2.2,93.17,68.145,2.37,71.5,6596
18/13:56:28,12.66,2.18,93.17,68.354,2.37,71.522,6597
18/13:56:28,12.44,2.11,93.18,68.53,2.37,71.533,6598
18/13:56:29,12.43,2.06,93.21,68.662,2.37,71.533,6599
18/13:56:29,12.38,1.98,93.22,68.75,2.37,71.544,6600
18/13:56:30,12.26,1.9,93.23,68.739,2.37,71.555,6601
18/13:56:31,12.09,1.85,93.24,68.849,2.36,71.566,6602
18/13:56:31,12.0,1.79,93.26,68.97,2.36,71.577,6603
18/13:56:32,11.87,1.74,93.26,69.113,2.36,71.588,6604
18/13:56:32,11.98,1.73,93.26,69.179,2.36,71.599,6605
18/13:56:33,12.15,1.86,93.22,69.278,2.36,71.621,6606
18/13:56:34,12.48,2.02,93.16,69.388,2.35,71.643,6607
18/13:56:34,12.64,2.06,93.13,69.454,2.35,71.654,6608
18/13:56:35,12.83,2.1,93.11,69.575,2.35,71.654,6609
18/13:56:36,12.87,2.16,93.09,69.685,2.35,71.676,6610
18/13:56:36,12.88,2.17,93.09,69.883,2.35,71.676,6611
18/13:56:37,12.97,2.17,93.09,70.147,2.35,71.687,6612
18/13:56:37,13.02,2.17,93.08,70.268,2.34,71.698,6613
18/13:56:38,13.0,2.16,93.08,70.323,2.34,71.709,6614
18/13:56:38,13.03,2.16,93.09,70.488,2.34,71.72,6615
18/13:56:39,13.06,2.16,93.1,70.609,2.34,71.731,6616
18/13:56:39,12.98,2.15,93.1,70.686,2.34,71.742,6617
18/13:56:40,12.98,2.13,93.1,70.906,2.34,71.753,6618
18/13:56:40,13.01,2.13,93.1,71.049,2.33,71.764,6619
18/13:56:41,12.88,2.11,93.09,71.181,2.33,71.775,6620
18/13:56:42,12.83,2.12,93.09,71.555,2.33,71.797,6621
18/13:56:43,12.9,2.1,93.09,71.687,2.33,71.808,6622
18/13:56:43,12.79,2.11,93.08,71.753,2.33,71.808,6623
18/13:56:44,12.89,2.13,93.06,71.841,2.32,71.83,6624
18/13:56:44,12.84,2.13,93.04,71.94,2.32,71.83,6625
18/13:56:45,12.87,2.13,93.04,72.127,2.32,71.852,6626
18/13:56:46,12.85,2.14,93.01,72.237,2.32,71.863,6627
18/13:56:46,12.87,2.12,93.01,72.325,2.32,71.874,6628
18/13:56:47,12.86,2.13,92.99,72.369,2.31,71.885,6629
18/13:56:47,12.85,2.12,93.0,72.424,2.31,71.896,6630
18/13:56:48,12.89,2.12,93.01,72.567,2.31,71.907,6631
18/13:56:48,12.88,2.11,93.01,72.677,2.31,71.918,6632
18/13:56:49,12.84,2.11,92.99,72.787,2.31,71.929,6633
18/13:56:49,12.84,2.09,92.99,72.952,2.31,71.94,6634
18/13:56:50,12.83,2.09,93.0,73.073,2.31,71.951,6635
18/13:56:51,12.91,2.1,92.98,73.249,2.3,71.973,6636
18/13:56:52,12.88,2.08,92.97,73.359,2.3,71.984,6637
18/13:56:52,12.96,2.07,92.97,73.491,2.3,71.995,6638
18/13:56:53,13.04,2.07,92.98,73.821,2.3,72.017,6639
18/13:56:54,13.17,2.1,92.98,73.986,2.29,72.028,6640
18/13:56:54,13.15,2.08,92.96,74.063,2.29,72.039,6641
18/13:56:55,13.36,2.09,92.95,74.184,2.29,72.05,6642
18/13:56:55,12.98,2.08,92.97,74.371,2.29,72.061,6643
18/13:56:56,12.65,2.1,93.0,74.503,2.29,72.072,6644
18/13:56:56,12.28,2.09,93.03,74.514,2.29,72.083,6645
18/13:56:57,11.95,2.09,93.05,74.613,2.28,72.094,6646
18/13:56:57,11.56,2.09,93.08,74.679,2.28,72.105,6647
18/13:56:58,11.24,2.08,93.11,74.679,2.28,72.116,6648
18/13:56:59,10.46,2.09,93.19,74.8,2.28,72.127,6649
18/13:57:00,10.41,2.09,93.21,74.8,2.28,72.149,6650
18/13:57:01,10.3,2.09,93.21,74.789,2.28,72.171,6651
18/13:57:01,10.36,2.09,93.21,74.778,2.27,72.182,6652
18/13:57:02,10.55,2.1,93.22,74.778,2.27,72.193,6653
18/13:57:02,10.36,2.09,93.22,74.921,2.27,72.204,6654
18/13:57:03,10.37,2.09,93.22,75.009,2.27,72.215,6655
18/13:57:03,10.38,2.09,93.22,75.009,2.27,72.226,6656
18/13:57:04,10.46,2.09,93.23,74.91,2.27,72.237,6657
18/13:57:04,10.54,2.09,93.22,74.844,2.27,72.248,6658
18/13:57:05,10.41,2.09,93.23,74.833,2.27,72.259,6659
18/13:57:05,10.14,2.09,93.27,74.833,2.26,72.27,6660
18/13:57:06,9.36,2.09,93.31,74.756,2.26,72.281,6661
18/13:57:06,8.8,2.08,93.37,74.624,2.26,72.292,6662
18/13:57:07,7.85,2.07,93.48,74.437,2.26,72.314,6663
18/13:57:08,6.77,2.07,93.62,74.096,2.26,72.336,6664
18/13:57:09,6.11,2.07,93.66,74.008,2.26,72.347,6665
18/13:57:09,5.95,2.06,93.7,73.964,2.26,72.358,6666
18/13:57:10,6.01,2.07,93.72,73.854,2.26,72.369,6667
18/13:57:10,5.99,2.06,93.73,73.766,2.26,72.38,6668
18/13:57:11,5.93,2.06,93.74,73.656,2.26,72.402,6669
18/13:57:12,5.99,2.07,93.75,73.601,2.25,72.413,6670
18/13:57:13,5.84,2.06,93.76,73.425,2.25,72.424,6671
18/13:57:13,5.95,2.05,93.79,73.348,2.25,72.435,6672
18/13:57:14,5.89,2.06,93.79,73.326,2.25,72.435,6673
18/13:57:15,5.9,2.07,93.81,73.161,2.25,72.457,6674
18/13:57:16,5.98,2.05,93.8,72.754,2.25,72.479,6675
18/13:57:17,5.8,2.05,93.81,72.633,2.25,72.49,6676
18/13:57:17,5.76,2.06,93.8,72.325,2.25,72.512,6677
18/13:57:18,5.9,2.06,93.81,72.303,2.25,72.523,6678
18/13:57:18,5.87,2.06,93.82,72.127,2.25,72.534,6679
18/13:57:19,5.88,2.06,93.82,71.951,2.25,72.545,6680
18/13:57:19,5.94,2.08,93.84,71.852,2.25,72.556,6681
18/13:57:20,5.85,2.09,93.85,71.808,2.25,72.567,6682
18/13:57:21,6.01,2.09,93.89,71.599,2.24,72.6,6683
18/13:57:22,5.86,2.09,93.9,71.511,2.24,72.611,6684
18/13:57:23,6.08,2.09,93.89,71.368,2.24,72.622,6685
18/13:57:23,5.94,2.08,93.93,71.159,2.24,72.633,6686
18/13:57:24,5.98,2.08,93.93,71.093,2.24,72.644,6687
18/13:57:24,5.96,2.08,93.93,70.983,2.24,72.655,6688
18/13:57:25,6.0,2.07,93.92,70.752,2.24,72.666,6689
18/13:57:26,5.9,2.06,93.92,70.477,2.24,72.688,6690
18/13:57:27,5.83,2.07,93.92,70.312,2.24,72.699,6691
18/13:57:27,5.93,2.07,93.91,70.202,2.24,72.71,6692
18/13:57:28,5.9,2.05,93.91,70.004,2.24,72.732,6693
18/13:57:29,5.95,2.05,93.92,69.839,2.24,72.743,6694
18/13:57:29,5.82,2.05,93.93,69.696,2.24,72.754,6695
18/13:57:30,5.8,2.05,93.93,69.564,2.24,72.765,6696
18/13:57:30,5.94,2.06,93.93,69.487,2.23,72.776,6697
18/13:57:31,5.88,2.06,93.93,69.377,2.23,72.787,6698
18/13:57:31,5.77,2.07,93.92,69.256,2.23,72.798,6699
18/13:57:32,5.87,2.08,93.94,69.113,2.23,72.798,6700
18/13:57:32,5.8,2.09,93.93,69.025,2.23,72.809,6701
18/13:57:33,5.77,2.1,93.93,68.849,2.23,72.82,6702
18/13:57:33,5.81,2.1,93.94,68.717,2.23,72.831,6703
18/13:57:34,5.94,2.1,93.94,68.508,2.23,72.842,6704
18/13:57:34,6.57,2.1,93.9,68.255,2.23,72.853,6705
18/13:57:35,6.93,2.09,93.85,68.112,2.23,72.864,6706
18/13:57:36,7.24,2.1,93.82,68.035,2.23,72.875,6707
18/13:57:37,8.34,2.09,93.7,68.035,2.23,72.897,6708
18/13:57:37,8.81,2.09,93.64,68.035,2.23,72.908,6709
18/13:57:38,9.21,2.1,93.56,67.98,2.23,72.908,6710
18/13:57:38,9.31,2.09,93.55,67.958,2.22,72.908,6711
18/13:57:39,9.28,2.09,93.55,67.892,2.22,72.93,6712
18/13:57:39,9.3,2.1,93.55,67.881,2.22,72.941,6713
18/13:57:40,9.46,2.09,93.52,67.826,2.22,72.952,6714
18/13:57:40,9.72,2.09,93.49,67.826,2.22,72.963,6715
18/13:57:41,10.04,2.09,93.46,67.859,2.22,72.974,6716
18/13:57:41,10.28,2.09,93.44,67.936,2.22,72.985,6717
18/13:57:42,10.52,2.09,93.43,67.947,2.22,72.996,6718
18/13:57:42,10.78,2.08,93.4,68.002,2.22,73.007,6719
18/13:57:43,11.06,2.08,93.34,68.046,2.21,73.018,6720
18/13:57:44,11.84,2.07,93.28,68.057,2.21,73.029,6721
18/13:57:45,12.15,2.07,93.24,68.068,2.21,73.04,6722
18/13:57:45,12.32,2.08,93.2,68.233,2.21,73.051,6723
18/13:57:46,12.61,2.09,93.16,68.431,2.21,73.062,6724
18/13:57:46,12.99,2.09,93.12,68.552,2.21,73.073,6725
18/13:57:47,13.28,2.1,93.06,68.607,2.2,73.084,6726
18/13:57:47,13.56,2.1,93.03,68.662,2.2,73.095,6727
18/13:57:48,13.92,2.12,92.95,68.827,2.2,73.117,6728
18/13:57:49,14.03,2.11,92.91,68.981,2.19,73.128,6729
18/13:57:50,14.06,2.09,92.9,69.025,2.19,73.139,6730
18/13:57:50,13.83,2.09,92.91,69.124,2.19,73.15,6731
18/13:57:51,12.6,2.09,93.0,69.113,2.19,73.161,6732
18/13:57:51,11.26,2.09,93.11,68.937,2.19,73.172,6733
18/13:57:52,9.55,2.09,93.3,68.695,2.19,73.183,6734
18/13:57:52,7.82,2.04,93.47,68.31,2.19,73.194,6735
18/13:57:53,5.53,1.99,93.68,67.859,2.19,73.205,6736
18/13:57:54,2.04,1.92,94.01,66.858,2.17,73.216,6737
18/13:57:54,0.75,1.83,93.63,63.294,2.17,73.216,6738
18/13:57:55,0.12,1.68,92.07,46.651,2.17,73.227,6739
18/13:57:56,0.01,1.56,90.18,29.579,2.19,73.249,6740
18/13:57:56,0.0,1.43,88.59,19.569,2.19,73.249,6741
18/13:57:57,0.0,1.28,85.33,18.678,2.19,73.26,6742
18/13:57:58,0.0,1.2,83.13,19.624,2.19,73.26,6743
18/13:57:58,0.0,1.15,81.73,21.098,2.19,73.26,6744
18/13:57:59,0.0,1.15,80.84,19.745,2.19,73.26,6745
18/13:57:59,0.0,1.21,80.85,19.932,2.19,73.271,6746
18/13:58:00,0.0,1.24,81.16,18.392,2.19,73.271,6747
18/13:58:00,0.0,1.24,81.02,17.171,2.19,73.271,6748
18/13:58:01,0.0,1.35,82.44,26.499,2.19,73.271,6749
18/13:58:01,0.0,1.45,84.44,40.59,2.19,73.282,6750
18/13:58:02,0.01,1.57,86.22,52.591,2.19,73.282,6751
18/13:58:03,0.02,1.66,88.05,52.569,2.19,73.293,6752
18/13:58:03,0.02,1.75,89.86,52.261,2.19,73.304,6753
18/13:58:04,0.03,1.86,91.6,52.041,2.19,73.315,6754
18/13:58:04,0.05,1.96,93.13,51.821,2.19,73.315,6755
18/13:58:05,0.06,2.07,94.97,51.601,2.19,73.326,6756
18/13:58:05,0.09,2.08,95.02,51.315,2.19,73.337,6757
18/13:58:06,1.56,2.1,94.93,51.15,2.19,73.337,6758
18/13:58:06,4.32,2.11,94.66,51.348,2.19,73.348,6759
18/13:58:07,7.39,2.07,94.31,51.986,2.19,73.359,6760
18/13:58:07,9.45,2.05,94.07,52.525,2.19,73.359,6761
18/13:58:08,11.42,2.06,93.89,52.987,2.19,73.37,6762
18/13:58:08,13.0,2.06,93.68,53.306,2.17,73.381,6763
18/13:58:09,13.59,2.06,93.56,53.339,2.17,73.381,6764
18/13:58:09,13.45,2.05,93.53,53.13,2.17,73.392,6765
18/13:58:10,10.69,2.03,93.71,52.789,2.17,73.403,6766
18/13:58:11,5.48,2.08,94.25,52.228,2.17,73.414,6767
18/13:58:12,4.48,2.07,94.39,52.041,2.17,73.425,6768
18/13:58:12,4.4,2.04,94.4,51.942,2.17,73.436,6769
18/13:58:13,4.56,2.04,94.4,52.173,2.17,73.436,6770
18/13:58:13,5.71,2.05,94.31,52.459,2.17,73.447,6771
18/13:58:14,7.34,2.05,94.17,52.69,2.17,73.458,6772
18/13:58:14,8.72,2.08,94.01,52.899,2.17,73.458,6773
18/13:58:15,10.17,2.08,93.84,53.097,2.16,73.469,6774
18/13:58:15,11.78,2.1,93.68,53.339,2.16,73.48,6775
18/13:58:16,12.28,2.1,93.57,53.603,2.16,73.48,6776
18/13:58:16,11.76,2.12,93.6,53.834,2.16,73.491,6777
18/13:58:17,10.74,2.11,93.67,53.867,2.16,73.502,6778
18/13:58:17,9.99,2.11,93.74,53.669,2.16,73.513,6779
18/13:58:18,9.34,2.12,93.8,53.603,2.16,73.513,6780
18/13:58:18,9.05,2.11,93.83,53.757,2.16,73.524,6781
18/13:58:19,9.04,2.1,93.83,53.944,2.16,73.535,6782
18/13:58:19,9.11,2.11,93.82,54.164,2.16,73.535,6783
18/13:58:20,9.2,2.12,93.81,54.34,2.16,73.546,6784
18/13:58:20,10.08,2.14,93.74,54.604,2.16,73.557,6785
18/13:58:21,11.18,2.14,93.63,54.824,2.16,73.568,6786
18/13:58:22,12.88,2.14,93.42,55.374,2.16,73.579,6787
18/13:58:22,13.21,2.13,93.34,55.671,2.16,73.59,6788
18/13:58:23,13.24,2.12,93.31,55.836,2.15,73.601,6789
18/13:58:24,12.72,2.11,93.33,56.221,2.15,73.612,6790
18/13:58:24,12.46,2.11,93.33,56.32,2.15,73.623,6791
18/13:58:26,11.21,2.11,93.41,56.76,2.14,73.645,6792
18/13:58:27,11.14,2.12,93.42,56.87,2.14,73.656,6793
18/13:58:27,11.4,2.14,93.4,57.035,2.14,73.667,6794
18/13:58:28,11.8,2.14,93.35,57.233,2.14,73.667,6795
18/13:58:28,12.5,2.16,93.28,57.497,2.14,73.678,6796
18/13:58:29,13.17,2.14,93.2,57.728,2.14,73.689,6797
18/13:58:29,13.85,2.14,93.12,57.959,2.14,73.7,6798
18/13:58:30,14.82,2.14,93.0,58.454,2.13,73.711,6799
18/13:58:31,14.96,2.15,92.97,58.707,2.13,73.722,6800
18/13:58:31,14.56,2.13,92.98,58.85,2.13,73.733,6801
18/13:58:32,14.04,2.14,93.02,58.971,2.13,73.744,6802
18/13:58:33,13.21,2.14,93.09,59.092,2.12,73.744,6803
18/13:58:33,11.63,2.16,93.21,59.224,2.12,73.766,6804
18/13:58:34,11.25,2.15,93.26,59.246,2.12,73.777,6805
18/13:58:35,10.94,2.17,93.28,59.279,2.12,73.777,6806
18/13:58:35,12.06,2.18,93.16,59.554,2.12,73.799,6807
18/13:58:36,12.8,2.17,93.08,59.741,2.11,73.81,6808
18/13:58:37,13.32,2.13,93.0,60.005,2.11,73.821,6809
18/13:58:37,13.92,2.13,92.95,60.181,2.11,73.821,6810
18/13:58:38,14.32,2.13,92.9,60.291,2.11,73.832,6811
18/13:58:38,14.28,2.11,92.86,60.39,2.11,73.843,6812
18/13:58:39,13.61,2.09,92.9,60.489,2.11,73.854,6813
18/13:58:39,12.56,2.07,92.99,60.511,2.1,73.865,6814
18/13:58:40,11.78,2.07,93.07,60.511,2.1,73.865,6815
18/13:58:40,11.65,2.08,93.1,60.5,2.1,73.876,6816
18/13:58:41,12.44,2.07,93.0,60.83,2.1,73.898,6817
18/13:58:42,13.0,2.1,92.91,61.094,2.1,73.909,6818
18/13:58:42,13.38,2.1,92.88,61.358,2.1,73.909,6819
18/13:58:43,13.78,2.11,92.83,61.523,2.09,73.92,6820
18/13:58:44,14.09,2.11,92.78,61.578,2.09,73.931,6821
18/13:58:44,13.48,2.08,92.81,61.578,2.09,73.942,6822
18/13:58:45,11.15,2.09,92.98,61.347,2.09,73.953,6823
18/13:58:46,7.51,2.09,93.39,60.764,2.09,73.964,6824
18/13:58:46,7.97,2.09,93.4,60.753,2.09,73.975,6825
18/13:58:47,9.87,2.08,93.23,61.391,2.08,73.997,6826
18/13:58:48,11.12,2.09,93.11,61.798,2.08,74.008,6827
18/13:58:48,12.99,2.09,92.94,62.117,2.08,74.008,6828
18/13:58:49,14.8,2.09,92.73,62.249,2.08,74.008,6829
18/13:58:49,15.9,2.08,92.6,62.304,2.08,74.03,6830
18/13:58:50,14.73,2.07,92.63,62.15,2.08,74.041,6831
18/13:58:50,12.3,2.06,92.84,61.809,2.07,74.052,6832
18/13:58:51,9.84,2.07,93.07,61.523,2.07,74.052,6833
18/13:58:51,6.82,2.07,93.34,61.149,2.07,74.063,6834
18/13:58:52,5.16,2.07,93.55,60.808,2.07,74.074,6835
18/13:58:53,4.73,2.06,93.64,60.698,2.07,74.085,6836
18/13:58:53,4.6,2.06,93.68,60.654,2.07,74.096,6837
18/13:58:54,5.44,2.06,93.64,60.687,2.07,74.107,6838
18/13:58:54,7.05,2.06,93.49,60.786,2.07,74.107,6839
18/13:58:55,8.69,2.06,93.31,60.94,2.07,74.118,6840
18/13:58:55,10.89,2.07,93.12,61.16,2.07,74.129,6841
18/13:58:56,14.21,2.05,92.75,61.655,2.06,74.151,6842
18/13:58:57,14.62,2.06,92.67,61.787,2.06,74.151,6843
18/13:58:57,14.57,2.06,92.64,61.985,2.06,74.162,6844
18/13:58:58,14.28,2.07,92.65,61.952,2.06,74.173,6845
18/13:58:58,13.99,2.08,92.66,61.963,2.06,74.184,6846
18/13:58:59,13.52,2.09,92.69,61.985,2.05,74.195,6847
18/13:58:59,12.73,2.08,92.75,62.062,2.05,74.206,6848
18/13:59:00,11.97,2.1,92.83,62.128,2.05,74.206,6849
18/13:59:00,11.68,2.1,92.86,62.128,2.05,74.217,6850
18/13:59:01,11.51,2.11,92.88,62.194,2.05,74.228,6851
18/13:59:02,12.1,2.09,92.81,62.425,2.05,74.25,6852
18/13:59:02,12.6,2.09,92.78,62.546,2.04,74.261,6853
18/13:59:03,12.82,2.1,92.72,62.612,2.04,74.261,6854
18/13:59:04,12.93,2.1,92.67,62.733,2.04,74.272,6855
18/13:59:04,12.94,2.1,92.65,62.788,2.04,74.283,6856
18/13:59:04,12.7,2.11,92.66,62.81,2.04,74.294,6857
18/13:59:05,12.56,2.11,92.67,62.843,2.04,74.305,6858
18/13:59:06,12.4,2.12,92.67,62.854,2.04,74.305,6859
18/13:59:06,12.13,2.13,92.7,62.887,2.03,74.316,6860
18/13:59:07,11.71,2.13,92.72,62.953,2.03,74.316,6861
18/13:59:07,11.62,2.11,92.75,62.986,2.03,74.327,6862
18/13:59:08,11.56,2.11,92.78,62.92,2.03,74.349,6863
18/13:59:09,11.48,2.12,92.78,62.942,2.03,74.371,6864
18/13:59:10,11.54,2.12,92.77,63.041,2.03,74.371,6865
18/13:59:10,11.55,2.13,92.78,63.118,2.02,74.382,6866
18/13:59:11,11.5,2.13,92.76,63.118,2.02,74.404,6867
18/13:59:12,11.5,2.15,92.76,63.228,2.02,74.415,6868
18/13:59:13,11.45,2.14,92.75,63.283,2.02,74.437,6869
18/13:59:14,11.39,2.14,92.75,63.272,2.01,74.448,6870
18/13:59:14,11.42,2.13,92.73,63.393,2.01,74.47,6871
18/13:59:15,11.43,2.12,92.73,63.525,2.01,74.481,6872
18/13:59:16,11.38,2.11,92.73,63.624,2.01,74.481,6873
18/13:59:16,11.4,2.11,92.72,63.591,2.01,74.492,6874
18/13:59:17,11.42,2.11,92.7,63.602,2.0,74.514,6875
18/13:59:18,11.42,2.12,92.69,63.646,2.0,74.525,6876
18/13:59:18,11.69,2.12,92.67,63.701,2.0,74.536,6877
18/13:59:19,12.0,2.11,92.63,63.8,2.0,74.547,6878
18/13:59:19,12.23,2.11,92.61,63.976,2.0,74.547,6879
18/13:59:20,12.56,2.1,92.56,64.097,2.0,74.558,6880
18/13:59:21,12.96,2.11,92.53,64.306,1.99,74.58,6881
18/13:59:21,13.06,2.11,92.52,64.372,1.99,74.591,6882
18/13:59:22,13.15,2.11,92.51,64.493,1.99,74.602,6883
18/13:59:23,12.94,2.11,92.49,64.581,1.99,74.613,6884
18/13:59:23,12.73,2.12,92.5,64.625,1.99,74.613,6885
18/13:59:24,12.64,2.14,92.51,64.691,1.99,74.624,6886
18/13:59:24,12.35,2.13,92.53,64.823,1.98,74.635,6887
18/13:59:24,12.37,2.14,92.53,64.944,1.98,74.646,6888
18/13:59:25,12.36,2.14,92.52,64.933,1.98,74.657,6889
18/13:59:26,12.34,2.13,92.5,64.933,1.98,74.668,6890
18/13:59:26,12.49,2.14,92.49,64.977,1.98,74.679,6891
18/13:59:27,12.83,2.16,92.45,65.362,1.98,74.69,6892
18/13:59:28,12.89,2.15,92.44,65.494,1.97,74.701,6893
18/13:59:28,12.94,2.13,92.41,65.494,1.97,74.712,6894
18/13:59:29,13.01,2.13,92.39,65.725,1.97,74.734,6895
18/13:59:30,13.07,2.13,92.38,65.857,1.97,74.745,6896
18/13:59:30,12.94,2.11,92.38,65.934,1.97,74.745,6897
18/13:59:31,12.79,2.11,92.38,66.099,1.96,74.767,6898
18/13:59:32,12.83,2.1,92.37,66.143,1.96,74.778,6899
18/13:59:32,12.87,2.11,92.38,66.231,1.96,74.789,6900
18/13:59:33,12.93,2.12,92.36,66.396,1.96,74.811,6901
18/13:59:34,12.95,2.13,92.36,66.473,1.96,74.822,6902
18/13:59:35,12.96,2.13,92.36,66.561,1.95,74.822,6903
18/13:59:35,12.96,2.13,92.35,66.583,1.95,74.833,6904
18/13:59:36,12.98,2.14,92.32,66.66,1.95,74.844,6905
18/13:59:36,13.02,2.15,92.31,66.726,1.95,74.855,6906
18/13:59:37,12.97,2.16,92.31,66.66,1.95,74.866,6907
18/13:59:37,13.03,2.15,92.31,66.605,1.95,74.877,6908
18/13:59:38,12.97,2.12,92.32,66.726,1.94,74.888,6909
18/13:59:39,13.02,2.15,92.3,67.045,1.94,74.91,6910
18/13:59:39,13.06,2.15,92.3,67.111,1.94,74.921,6911
18/13:59:40,13.09,2.15,92.3,67.199,1.94,74.921,6912
18/13:59:41,13.06,2.15,92.28,67.507,1.93,74.943,6913
18/13:59:41,13.05,2.17,92.3,67.529,1.93,74.954,6914
18/13:59:42,13.06,2.19,92.28,67.518,1.93,74.965,6915
18/13:59:43,13.09,2.19,92.28,67.551,1.93,74.976,6916
18/13:59:44,12.97,2.19,92.27,67.716,1.93,74.998,6917
18/13:59:44,12.81,2.19,92.27,67.716,1.93,74.998,6918
18/13:59:45,12.83,2.19,92.26,67.749,1.92,75.009,6919
18/13:59:45,12.73,2.19,92.25,67.804,1.92,75.02,6920
18/13:59:46,12.75,2.19,92.27,67.991,1.92,75.042,6921
18/13:59:47,12.7,2.17,92.26,68.079,1.92,75.053,6922
18/13:59:47,12.71,2.17,92.25,68.145,1.92,75.064,6923
18/13:59:48,12.77,2.16,92.25,68.145,1.91,75.075,6924
18/13:59:48,12.8,2.16,92.25,68.167,1.91,75.086,6925
18/13:59:49,12.81,2.15,92.24,68.2,1.91,75.097,6926
18/13:59:49,12.88,2.14,92.25,68.222,1.91,75.108,6927
18/13:59:50,12.82,2.15,92.22,68.453,1.91,75.108,6928
18/13:59:51,12.81,2.16,92.22,68.596,1.9,75.13,6929
18/13:59:52,12.86,2.15,92.21,68.607,1.9,75.141,6930
18/13:59:52,12.87,2.16,92.19,68.574,1.9,75.152,6931
18/13:59:53,12.92,2.15,92.18,68.937,1.9,75.174,6932
18/13:59:54,13.02,2.15,92.17,69.069,1.9,75.185,6933
18/13:59:54,13.01,2.16,92.16,69.124,1.9,75.196,6934
18/13:59:55,13.03,2.14,92.15,69.168,1.88,75.207,6935
18/13:59:55,13.02,2.14,92.15,69.234,1.88,75.218,6936
18/13:59:56,13.07,2.14,92.16,69.344,1.88,75.218,6937
18/13:59:56,13.06,2.14,92.16,69.388,1.88,75.229,6938
18/13:59:57,13.06,2.14,92.15,69.476,1.88,75.24,6939
18/13:59:57,12.94,2.14,92.14,69.542,1.88,75.251,6940
18/13:59:58,12.98,2.12,92.14,69.575,1.88,75.262,6941
18/13:59:59,12.92,2.12,92.13,69.63,1.88,75.284,6942
18/13:59:59,12.94,2.12,92.12,69.784,1.88,75.295,6943
18/14:00:00,12.89,2.11,92.11,69.861,1.88,75.306,6944
18/14:00:01,12.92,2.13,92.1,69.828,1.88,75.317,6945
18/14:00:01,12.87,2.15,92.1,69.883,1.87,75.339,6946
18/14:00:02,12.88,2.16,92.12,69.839,1.87,75.35,6947
18/14:00:02,12.88,2.16,92.1,69.828,1.87,75.35,6948
18/14:00:03,12.85,2.16,92.09,69.861,1.87,75.361,6949
18/14:00:04,12.85,2.15,92.08,69.883,1.87,75.372,6950
18/14:00:04,12.86,2.13,92.09,69.971,1.87,75.383,6951
18/14:00:04,12.85,2.12,92.07,70.048,1.86,75.394,6952
18/14:00:05,12.86,2.11,92.06,70.048,1.86,75.405,6953
18/14:00:05,12.84,2.08,92.06,70.147,1.86,75.416,6954
18/14:00:06,12.81,2.07,92.03,70.136,1.86,75.416,6955
18/14:00:07,12.9,2.07,92.03,70.103,1.86,75.427,6956
18/14:00:07,12.89,2.06,92.04,70.081,1.86,75.449,6957
18/14:00:07,12.83,2.05,92.02,70.103,1.85,75.46,6958
18/14:00:09,12.9,2.06,92.01,70.169,1.85,75.482,6959
18/14:00:09,12.83,2.05,92.0,70.147,1.85,75.482,6960
18/14:00:10,12.87,2.08,91.99,70.191,1.85,75.493,6961
18/14:00:10,12.95,2.06,91.98,70.213,1.85,75.504,6962
18/14:00:11,12.9,2.04,91.97,70.279,1.84,75.526,6963
18/14:00:12,12.92,2.04,91.97,70.312,1.84,75.537,6964
18/14:00:13,12.78,2.05,91.98,70.455,1.84,75.559,6965
18/14:00:13,12.71,2.06,91.96,70.488,1.84,75.57,6966
18/14:00:14,12.74,2.06,91.97,70.499,1.84,75.581,6967
18/14:00:15,12.55,2.06,91.99,70.499,1.83,75.592,6968
18/14:00:15,12.56,2.07,91.98,70.543,1.83,75.603,6969
18/14:00:15,12.76,2.08,91.97,70.609,1.83,75.614,6970
18/14:00:16,12.67,2.07,91.95,70.697,1.83,75.625,6971
18/14:00:16,12.72,2.07,91.95,70.741,1.83,75.636,6972
18/14:00:17,12.79,2.06,91.95,70.763,1.83,75.636,6973
18/14:00:18,12.85,2.05,91.95,70.884,1.82,75.647,6974
18/14:00:18,12.89,2.05,91.95,70.895,1.82,75.658,6975
18/14:00:19,12.97,2.04,91.94,70.994,1.82,75.669,6976
18/14:00:19,13.01,2.05,91.94,71.016,1.82,75.68,6977
18/14:00:20,12.9,2.04,91.93,71.071,1.82,75.691,6978
18/14:00:21,12.82,2.04,91.94,71.104,1.81,75.713,6979
18/14:00:21,12.72,2.04,91.93,71.093,1.81,75.724,6980
18/14:00:22,12.79,2.04,91.92,71.137,1.81,75.735,6981
18/14:00:22,12.82,2.04,91.93,71.126,1.81,75.746,6982
18/14:00:23,12.7,2.03,91.93,71.28,1.81,75.768,6983
18/14:00:24,12.98,2.01,91.93,71.368,1.8,75.79,6984
18/14:00:25,12.83,2.01,91.92,71.346,1.8,75.801,6985
18/14:00:25,12.95,2.01,91.91,71.412,1.8,75.801,6986
18/14:00:27,12.81,1.99,91.88,71.401,1.8,75.823,6987
18/14:00:27,12.96,1.99,91.88,71.401,1.8,75.834,6988
18/14:00:28,12.81,2.0,91.88,71.412,1.79,75.856,6989
18/14:00:29,12.8,2.0,91.88,71.423,1.79,75.867,6990
18/14:00:29,12.85,2.02,91.86,71.423,1.79,75.878,6991
18/14:00:30,12.94,2.04,91.86,71.368,1.79,75.889,6992
18/14:00:30,12.81,2.04,91.86,71.39,1.79,75.9,6993
18/14:00:31,12.9,2.02,91.87,71.522,1.78,75.911,6994
18/14:00:31,12.78,2.04,91.87,71.511,1.78,75.922,6995
18/14:00:32,12.82,2.04,91.86,71.522,1.78,75.933,6996
18/14:00:32,12.9,2.04,91.87,71.522,1.78,75.944,6997
18/14:00:33,12.82,2.04,91.86,71.533,1.78,75.955,6998
18/14:00:33,12.85,2.03,91.86,71.5,1.78,75.966,6999
18/14:00:34,12.76,2.01,91.85,71.445,1.77,75.977,7000
18/14:00:34,12.91,2.01,91.85,71.456,1.77,75.988,7001
18/14:00:35,12.79,2.01,91.83,71.357,1.77,75.999,7002
18/14:00:35,12.92,2.01,91.83,71.302,1.77,75.999,7003
18/14:00:36,12.9,2.0,91.82,71.225,1.77,76.021,7004
18/14:00:37,12.87,2.0,91.8,71.148,1.77,76.021,7005
18/14:00:37,13.01,1.99,91.79,71.049,1.77,76.032,7006
18/14:00:38,12.98,1.99,91.78,70.895,1.76,76.043,7007
18/14:00:38,13.0,2.0,91.78,70.873,1.76,76.054,7008
18/14:00:39,12.96,2.02,91.78,70.851,1.76,76.065,7009
18/14:00:39,13.0,2.02,91.76,70.818,1.76,76.076,7010
18/14:00:40,12.92,2.02,91.75,70.741,1.76,76.087,7011
18/14:00:40,12.94,2.02,91.76,70.609,1.76,76.098,7012
18/14:00:41,12.97,2.02,91.75,70.51,1.75,76.109,7013
18/14:00:41,12.88,2.03,91.76,70.521,1.75,76.12,7014
18/14:00:42,12.94,2.03,91.76,70.532,1.75,76.131,7015
18/14:00:42,12.95,2.04,91.76,70.433,1.75,76.142,7016
18/14:00:43,12.98,2.03,91.76,70.4,1.75,76.153,7017
18/14:00:44,13.04,2.06,91.79,70.323,1.74,76.175,7018
18/14:00:44,13.05,2.08,91.78,70.257,1.74,76.175,7019
18/14:00:46,12.97,2.07,91.76,70.07,1.74,76.208,7020
18/14:00:47,13.01,2.05,91.76,70.004,1.74,76.208,7021
18/14:00:47,12.96,2.05,91.74,70.037,1.73,76.23,7022
18/14:00:48,12.92,2.04,91.73,70.048,1.73,76.241,7023
18/14:00:48,12.95,2.03,91.72,70.004,1.73,76.252,7024
18/14:00:49,12.83,2.02,91.71,70.004,1.73,76.274,7025
18/14:00:50,12.91,2.02,91.71,70.004,1.73,76.285,7026
18/14:00:50,12.86,2.01,91.7,70.037,1.73,76.296,7027
18/14:00:51,12.89,2.01,91.69,69.982,1.72,76.307,7028
18/14:00:51,12.91,2.0,91.69,69.916,1.72,76.318,7029
18/14:00:52,12.87,2.0,91.69,69.916,1.72,76.329,7030
18/14:00:52,12.97,2.0,91.68,69.905,1.72,76.329,7031
18/14:00:53,13.08,1.99,91.69,69.883,1.72,76.34,7032
18/14:00:53,12.95,1.98,91.69,69.861,1.72,76.351,7033
18/14:00:54,12.97,1.99,91.68,69.883,1.71,76.373,7034
18/14:00:55,12.98,2.0,91.68,69.905,1.71,76.384,7035
18/14:00:55,12.94,1.99,91.68,69.96,1.71,76.395,7036
18/14:00:56,13.01,2.0,91.68,69.971,1.71,76.406,7037
18/14:00:57,12.96,2.0,91.68,69.872,1.71,76.417,7038
18/14:00:57,12.91,2.0,91.66,69.817,1.7,76.428,7039
18/14:00:58,12.95,2.0,91.66,69.916,1.7,76.45,7040
18/14:00:58,12.96,1.99,91.67,69.971,1.7,76.461,7041
18/14:00:59,12.94,1.99,91.66,69.905,1.7,76.461,7042
18/14:01:00,13.06,2.0,91.67,69.817,1.7,76.472,7043
18/14:01:00,13.02,2.0,91.66,69.872,1.69,76.483,7044
18/14:01:01,12.97,2.02,91.66,69.916,1.69,76.494,7045
18/14:01:01,12.87,2.01,91.67,69.949,1.69,76.505,7046
18/14:01:02,12.9,2.01,91.65,69.993,1.69,76.516,7047
18/14:01:03,12.87,2.02,91.63,69.993,1.69,76.527,7048
18/14:01:04,12.91,2.03,91.63,69.982,1.68,76.549,7049
18/14:01:04,12.92,2.02,91.62,69.894,1.68,76.56,7050
18/14:01:05,12.86,2.03,91.61,69.861,1.68,76.571,7051
18/14:01:05,13.15,2.01,91.59,69.817,1.68,76.593,7052
18/14:01:07,12.96,1.99,91.6,69.729,1.67,76.615,7053
18/14:01:08,12.94,1.99,91.6,69.685,1.67,76.626,7054
18/14:01:09,12.65,1.99,91.63,69.564,1.67,76.648,7055
18/14:01:10,12.14,2.0,91.66,69.553,1.66,76.681,7056
18/14:01:11,12.3,2.01,91.65,69.63,1.66,76.692,7057
18/14:01:12,12.75,2.02,91.61,69.641,1.66,76.714,7058
18/14:01:13,13.25,2.02,91.55,69.74,1.66,76.736,7059
18/14:01:14,13.56,2.01,91.49,69.828,1.65,76.747,7060
18/14:01:15,13.55,2.02,91.48,69.828,1.65,76.769,7061
18/14:01:16,13.04,2.01,91.5,69.828,1.65,76.791,7062
18/14:01:16,12.89,2.01,91.52,69.74,1.64,76.802,7063
18/14:01:17,12.53,2.01,91.54,69.729,1.64,76.813,7064
18/14:01:18,12.28,2.01,91.56,69.674,1.64,76.824,7065
18/14:01:18,12.17,2.02,91.56,69.685,1.64,76.835,7066
18/14:01:19,12.12,2.01,91.59,69.663,1.64,76.846,7067
18/14:01:19,12.08,2.03,91.6,69.652,1.64,76.857,7068
18/14:01:20,11.81,2.05,91.59,69.487,1.63,76.879,7069
18/14:01:21,11.89,2.06,91.6,69.366,1.63,76.879,7070
18/14:01:21,12.14,2.05,91.59,69.311,1.63,76.89,7071
18/14:01:22,12.68,2.04,91.54,69.344,1.63,76.912,7072
18/14:01:23,12.89,2.02,91.51,69.311,1.63,76.923,7073
18/14:01:23,13.04,2.02,91.48,69.267,1.63,76.934,7074
18/14:01:24,13.18,2.0,91.46,69.267,1.62,76.945,7075
18/14:01:25,13.28,2.0,91.45,69.289,1.62,76.956,7076
18/14:01:25,13.42,2.0,91.43,69.256,1.62,76.967,7077
18/14:01:25,13.31,2.0,91.43,69.179,1.62,76.978,7078
18/14:01:26,12.93,2.03,91.43,69.124,1.62,77.0,7079
18/14:01:27,12.81,2.03,91.43,69.036,1.61,77.0,7080
18/14:01:28,12.73,2.05,91.44,68.97,1.61,77.011,7081
18/14:01:28,12.84,2.05,91.42,68.904,1.61,77.022,7082
18/14:01:29,12.95,2.06,91.4,68.816,1.61,77.033,7083
18/14:01:29,12.99,2.06,91.39,68.827,1.61,77.044,7084
18/14:01:30,13.0,2.06,91.39,68.827,1.61,77.055,7085
18/14:01:30,13.04,2.05,91.38,68.849,1.6,77.066,7086
18/14:01:31,13.34,2.04,91.37,68.816,1.6,77.088,7087
18/14:01:32,13.39,2.02,91.35,68.651,1.6,77.11,7088
18/14:01:33,13.41,2.0,91.35,68.574,1.6,77.11,7089
18/14:01:33,13.5,2.0,91.33,68.508,1.59,77.121,7090
18/14:01:34,13.56,1.99,91.32,68.453,1.59,77.132,7091
18/14:01:35,13.57,1.99,91.31,68.376,1.59,77.143,7092
18/14:01:35,13.5,2.0,91.3,68.288,1.59,77.154,7093
18/14:01:36,13.51,2.01,91.3,68.288,1.59,77.165,7094
18/14:01:36,13.56,2.01,91.28,68.277,1.59,77.176,7095
18/14:01:36,13.5,2.01,91.3,68.255,1.58,77.187,7096
18/14:01:37,13.55,2.0,91.32,68.233,1.58,77.198,7097
18/14:01:37,13.57,2.01,91.32,68.266,1.58,77.209,7098
18/14:01:38,13.5,2.03,91.31,68.31,1.58,77.209,7099
18/14:01:39,13.49,2.03,91.32,68.255,1.58,77.22,7100
18/14:01:40,13.56,2.04,91.32,67.947,1.57,77.242,7101
18/14:01:40,13.56,2.04,91.32,67.848,1.57,77.253,7102
18/14:01:41,13.61,2.04,91.31,67.804,1.57,77.264,7103
18/14:01:41,13.56,2.05,91.3,67.749,1.57,77.275,7104
18/14:01:42,13.48,2.05,91.28,67.705,1.57,77.286,7105
18/14:01:43,13.28,2.05,91.31,67.617,1.57,77.297,7106
18/14:01:43,12.9,2.05,91.34,67.309,1.56,77.308,7107
18/14:01:44,12.78,2.05,91.35,67.144,1.56,77.308,7108
18/14:01:45,12.67,2.04,91.36,67.078,1.56,77.341,7109
18/14:01:46,12.56,2.03,91.37,67.045,1.56,77.352,7110
18/14:01:46,12.48,2.02,91.39,67.056,1.55,77.363,7111
18/14:01:47,12.78,2.03,91.36,66.869,1.55,77.385,7112
18/14:01:47,12.86,2.01,91.33,66.781,1.55,77.396,7113
18/14:01:48,12.82,2.02,91.32,66.737,1.55,77.396,7114
18/14:01:49,12.77,2.02,91.31,66.671,1.55,77.407,7115
18/14:01:49,12.8,2.03,91.28,66.671,1.54,77.418,7116
18/14:01:51,12.93,2.02,91.27,66.55,1.54,77.451,7117
18/14:01:51,12.86,2.01,91.26,66.473,1.54,77.462,7118
18/14:01:52,12.85,2.01,91.26,66.451,1.54,77.473,7119
18/14:01:52,12.87,2.02,91.26,66.473,1.54,77.484,7120
18/14:01:53,12.8,2.02,91.26,66.429,1.53,77.484,7121
18/14:01:53,12.87,2.01,91.26,66.385,1.53,77.495,7122
18/14:01:54,12.81,2.01,91.24,66.363,1.53,77.506,7123
18/14:01:54,12.84,2.01,91.24,66.308,1.53,77.517,7124
18/14:01:55,12.99,2.02,91.24,66.286,1.53,77.539,7125
18/14:01:56,13.01,2.03,91.24,66.275,1.52,77.55,7126
18/14:01:56,13.01,2.01,91.23,66.231,1.52,77.561,7127
18/14:01:57,13.0,2.01,91.22,66.209,1.52,77.572,7128
18/14:01:58,12.97,2.02,91.23,66.198,1.52,77.572,7129
18/14:01:58,13.01,2.02,91.24,66.209,1.52,77.583,7130
18/14:01:59,12.99,2.02,91.23,66.154,1.51,77.605,7131
18/14:02:00,12.93,2.02,91.22,66.077,1.51,77.616,7132
18/14:02:00,12.95,2.03,91.21,66.011,1.51,77.616,7133
18/14:02:01,12.92,2.02,91.22,65.813,1.51,77.649,7134
18/14:02:02,12.98,2.02,91.21,65.758,1.51,77.649,7135
18/14:02:02,12.94,2.02,91.2,65.692,1.5,77.66,7136
18/14:02:03,12.98,2.02,91.21,65.615,1.5,77.671,7137
18/14:02:03,13.01,2.02,91.19,65.615,1.5,77.682,7138
18/14:02:04,13.05,2.02,91.19,65.692,1.5,77.693,7139
18/14:02:05,13.06,2.02,91.18,65.703,1.5,77.704,7140
18/14:02:05,13.05,2.01,91.19,65.67,1.5,77.715,7141
18/14:02:06,13.05,2.03,91.17,65.692,1.5,77.726,7142
18/14:02:06,13.07,2.02,91.16,65.604,1.49,77.726,7143
18/14:02:07,13.15,2.01,91.15,65.56,1.49,77.737,7144
18/14:02:07,13.1,2.01,91.15,65.527,1.49,77.748,7145
18/14:02:08,13.1,2.01,91.15,65.483,1.49,77.759,7146
18/14:02:08,13.06,2.0,91.16,65.384,1.49,77.77,7147
18/14:02:09,13.08,2.0,91.16,65.318,1.49,77.781,7148
18/14:02:10,13.09,2.0,91.14,65.285,1.48,77.803,7149
18/14:02:11,13.1,2.0,91.15,65.197,1.48,77.814,7150
18/14:02:11,13.08,1.99,91.14,65.142,1.48,77.825,7151
18/14:02:12,13.05,1.99,91.14,65.043,1.48,77.836,7152
18/14:02:12,13.08,2.0,91.12,64.944,1.47,77.847,7153
18/14:02:13,13.08,2.0,91.12,64.966,1.47,77.858,7154
18/14:02:13,13.06,2.0,91.12,64.944,1.47,77.869,7155
18/14:02:14,13.02,2.0,91.12,64.911,1.47,77.869,7156
18/14:02:15,12.84,2.0,91.1,64.834,1.47,77.891,7157
18/14:02:16,12.86,2.01,91.1,64.834,1.46,77.902,7158
18/14:02:16,12.74,1.99,91.09,64.878,1.46,77.913,7159
18/14:02:17,12.74,2.0,91.08,64.845,1.46,77.935,7160
18/14:02:18,12.8,2.01,91.08,64.702,1.46,77.946,7161
18/14:02:19,12.84,2.02,91.07,64.614,1.45,77.957,7162
18/14:02:19,12.82,2.0,91.06,64.57,1.45,77.968,7163
18/14:02:20,12.86,2.0,91.06,64.504,1.45,77.979,7164
18/14:02:20,12.84,2.0,91.06,64.471,1.45,77.99,7165
18/14:02:21,12.9,2.0,91.09,64.394,1.45,78.001,7166
18/14:02:21,13.04,2.0,91.09,64.449,1.45,78.001,7167
18/14:02:22,12.97,2.01,91.07,64.416,1.44,78.012,7168
18/14:02:22,12.99,2.01,91.08,64.427,1.44,78.023,7169
18/14:02:23,12.96,2.0,91.1,64.372,1.44,78.034,7170
18/14:02:23,13.01,2.0,91.1,64.372,1.44,78.045,7171
18/14:02:24,12.99,2.0,91.1,64.383,1.44,78.056,7172
18/14:02:24,13.05,2.0,91.1,64.383,1.44,78.067,7173
18/14:02:25,13.05,2.01,91.08,64.361,1.44,78.067,7174
18/14:02:26,12.99,2.01,91.07,64.273,1.43,78.089,7175
18/14:02:27,12.9,2.01,91.06,64.218,1.43,78.1,7176
18/14:02:27,12.99,2.02,91.04,64.251,1.43,78.111,7177
18/14:02:28,12.98,2.04,91.03,64.207,1.43,78.122,7178
18/14:02:29,12.93,2.07,91.02,64.196,1.42,78.133,7179
18/14:02:29,12.89,2.06,91.01,64.141,1.42,78.144,7180
18/14:02:30,12.98,2.06,91.0,64.108,1.42,78.155,7181
18/14:02:30,12.94,2.07,90.99,64.031,1.42,78.166,7182
18/14:02:31,12.95,2.07,90.99,64.064,1.42,78.177,7183
18/14:02:31,12.94,2.05,90.97,64.086,1.42,78.188,7184
18/14:02:32,12.93,2.05,90.97,64.097,1.41,78.199,7185
18/14:02:32,12.97,2.05,90.97,64.086,1.41,78.199,7186
18/14:02:33,12.97,2.05,90.95,64.108,1.41,78.21,7187
18/14:02:33,12.98,2.06,90.95,64.108,1.41,78.221,7188
18/14:02:34,13.05,2.08,90.96,64.174,1.41,78.243,7189
18/14:02:35,13.07,2.09,90.95,64.097,1.4,78.254,7190
18/14:02:35,13.07,2.08,90.97,64.031,1.4,78.254,7191
18/14:02:36,13.04,2.1,90.96,64.053,1.4,78.276,7192
18/14:02:37,13.01,2.1,90.97,64.086,1.4,78.287,7193
18/14:02:38,12.96,2.09,90.96,64.02,1.4,78.298,7194
18/14:02:38,13.0,2.07,90.96,63.976,1.4,78.309,7195
18/14:02:39,12.99,2.07,90.96,63.987,1.39,78.32,7196
18/14:02:40,12.91,2.06,90.94,63.976,1.39,78.331,7197
18/14:02:40,12.95,2.06,90.95,63.943,1.39,78.342,7198
18/14:02:41,12.97,2.06,90.92,64.053,1.39,78.364,7199
18/14:02:42,12.97,2.06,90.94,64.152,1.38,78.375,7200
18/14:02:42,12.94,2.05,90.92,64.163,1.38,78.386,7201
18/14:02:43,12.89,2.05,90.91,64.196,1.38,78.386,7202
18/14:02:43,12.83,2.06,90.92,64.152,1.38,78.397,7203
18/14:02:44,12.87,2.08,90.91,64.185,1.38,78.408,7204
18/14:02:44,12.95,2.09,90.9,64.174,1.38,78.408,7205
18/14:02:45,12.93,2.08,90.91,64.097,1.37,78.43,7206
18/14:02:46,12.82,2.08,90.9,64.075,1.37,78.441,7207
18/14:02:46,12.77,2.09,90.89,64.042,1.37,78.441,7208
18/14:02:47,12.8,2.1,90.91,63.954,1.37,78.452,7209
18/14:02:47,12.79,2.09,90.91,63.954,1.37,78.463,7210
18/14:02:47,12.88,2.07,90.91,63.987,1.37,78.474,7211
18/14:02:48,12.85,2.05,90.9,63.998,1.36,78.485,7212
18/14:02:49,12.82,2.05,90.91,63.954,1.36,78.496,7213
18/14:02:49,12.82,2.07,90.89,63.943,1.36,78.507,7214
18/14:02:50,12.83,2.06,90.9,63.866,1.36,78.507,7215
18/14:02:51,13.0,2.07,90.89,63.679,1.36,78.529,7216
18/14:02:52,12.89,2.09,90.87,63.437,1.35,78.562,7217
18/14:02:54,12.85,2.08,90.85,63.206,1.35,78.584,7218
18/14:02:55,12.75,2.06,90.84,63.085,1.35,78.595,7219
18/14:02:55,12.69,2.07,90.81,62.964,1.34,78.617,7220
18/14:02:57,12.55,2.0,90.81,62.986,1.34,78.628,7221
18/14:02:57,12.34,1.95,90.82,63.008,1.34,78.639,7222
18/14:02:58,12.17,1.91,90.84,63.008,1.34,78.65,7223
18/14:02:58,12.08,1.87,90.86,62.986,1.33,78.661,7224
18/14:02:59,11.91,1.82,90.89,62.986,1.33,78.672,7225
18/14:02:59,11.66,1.79,90.91,62.986,1.33,78.683,7226
18/14:03:00,11.69,1.81,90.91,62.865,1.33,78.683,7227
18/14:03:00,11.75,1.85,90.91,62.865,1.33,78.694,7228
18/14:03:01,11.93,1.92,90.9,62.887,1.33,78.705,7229
18/14:03:01,12.16,1.99,90.86,62.832,1.33,78.716,7230
18/14:03:02,12.44,2.05,90.84,62.766,1.32,78.716,7231
18/14:03:03,12.93,2.23,90.77,62.733,1.32,78.749,7232
18/14:03:04,12.87,2.24,90.76,62.799,1.32,78.76,7233
18/14:03:04,12.91,2.21,90.76,62.876,1.32,78.771,7234
18/14:03:05,12.91,2.2,90.75,63.008,1.32,78.782,7235
18/14:03:06,12.89,2.19,90.77,63.151,1.31,78.793,7236
18/14:03:06,12.83,2.18,90.77,63.349,1.31,78.793,7237
18/14:03:07,12.82,2.15,90.79,63.635,1.31,78.826,7238
18/14:03:08,12.84,2.13,90.78,63.723,1.31,78.837,7239
18/14:03:09,12.87,2.15,90.78,63.635,1.3,78.848,7240
18/14:03:09,13.02,2.16,90.76,63.789,1.3,78.848,7241
18/14:03:10,13.06,2.18,90.75,63.954,1.3,78.859,7242
18/14:03:10,12.95,2.18,90.74,63.987,1.3,78.87,7243
18/14:03:12,12.88,2.2,90.72,64.229,1.29,78.903,7244
18/14:03:13,12.84,2.21,90.72,64.405,1.29,78.914,7245
18/14:03:14,12.82,2.21,90.72,64.504,1.29,78.925,7246
18/14:03:15,12.9,2.18,90.73,64.779,1.29,78.947,7247
18/14:03:16,12.93,2.16,90.72,64.966,1.28,78.98,7248
18/14:03:16,12.9,2.15,90.72,65.021,1.28,78.98,7249
18/14:03:17,12.85,2.16,90.72,65.12,1.28,78.991,7250
18/14:03:18,12.91,2.17,90.71,65.131,1.28,79.002,7251
18/14:03:18,12.98,2.18,90.71,65.296,1.28,79.013,7252
18/14:03:19,12.97,2.19,90.72,65.494,1.27,79.024,7253
18/14:03:19,13.01,2.2,90.7,65.78,1.27,79.046,7254
18/14:03:20,13.02,2.2,90.7,65.879,1.27,79.057,7255
18/14:03:21,13.03,2.2,90.7,66.0,1.27,79.057,7256
18/14:03:21,13.07,2.18,90.7,66.209,1.27,79.068,7257
18/14:03:22,13.02,2.14,90.69,66.495,1.26,79.09,7258
18/14:03:23,13.01,2.15,90.69,66.572,1.26,79.101,7259
18/14:03:24,12.97,2.15,90.69,66.737,1.26,79.123,7260
18/14:03:24,12.92,2.15,90.69,66.858,1.26,79.134,7261
18/14:03:25,12.96,2.17,90.67,66.924,1.26,79.134,7262
18/14:03:26,12.79,2.18,90.66,67.056,1.25,79.156,7263
18/14:03:26,12.78,2.2,90.66,67.144,1.25,79.167,7264
18/14:03:27,12.79,2.18,90.65,67.32,1.25,79.189,7265
18/14:03:28,12.77,2.18,90.65,67.463,1.25,79.2,7266
18/14:03:28,12.81,2.18,90.64,67.507,1.24,79.211,7267
18/14:03:29,12.84,2.17,90.65,67.573,1.24,79.222,7268
18/14:03:30,13.03,2.18,90.65,67.837,1.24,79.233,7269
18/14:03:31,12.99,2.18,90.64,67.903,1.24,79.244,7270
18/14:03:31,12.9,2.18,90.62,68.035,1.24,79.255,7271
18/14:03:32,12.95,2.18,90.61,68.211,1.23,79.266,7272
18/14:03:32,12.95,2.17,90.6,68.453,1.23,79.277,7273
18/14:03:33,13.03,2.17,90.56,68.607,1.23,79.299,7274
18/14:03:34,12.9,2.17,90.56,68.728,1.23,79.31,7275
18/14:03:35,12.89,2.16,90.55,68.948,1.23,79.332,7276
18/14:03:35,12.92,2.16,90.55,69.003,1.22,79.332,7277
18/14:03:36,12.94,2.16,90.56,69.091,1.22,79.343,7278
18/14:03:36,12.89,2.16,90.56,69.157,1.22,79.354,7279
18/14:03:37,12.92,2.16,90.56,69.267,1.22,79.365,7280
18/14:03:38,12.94,2.15,90.56,69.366,1.22,79.376,7281
18/14:03:39,12.97,2.15,90.56,69.487,1.21,79.398,7282
18/14:03:39,13.01,2.14,90.56,69.542,1.21,79.409,7283
18/14:03:40,13.03,2.13,90.56,69.608,1.21,79.42,7284
18/14:03:40,13.01,2.14,90.54,69.751,1.21,79.431,7285
18/14:03:41,13.04,2.14,90.53,69.905,1.21,79.453,7286
18/14:03:42,13.01,2.1,90.51,70.037,1.2,79.464,7287
18/14:03:43,12.95,2.1,90.52,70.048,1.2,79.475,7288
18/14:03:43,13.0,2.1,90.52,70.07,1.2,79.486,7289
18/14:03:45,13.02,2.08,90.5,70.268,1.2,79.508,7290
18/14:03:45,12.96,2.07,90.5,70.356,1.19,79.53,7291
18/14:03:46,12.92,2.08,90.5,70.4,1.19,79.541,7292
18/14:03:48,12.87,2.09,90.47,70.587,1.19,79.574,7293
18/14:03:48,12.94,2.1,90.46,70.675,1.19,79.585,7294
18/14:03:49,12.79,2.08,90.46,70.752,1.17,79.607,7295
18/14:03:50,12.79,2.09,90.47,70.829,1.17,79.618,7296
18/14:03:50,12.85,2.08,90.47,70.961,1.17,79.618,7297
18/14:03:51,12.81,2.07,90.46,71.027,1.17,79.629,7298
18/14:03:51,12.83,2.07,90.46,71.115,1.17,79.64,7299
18/14:03:52,12.8,2.08,90.47,71.159,1.16,79.651,7300
18/14:03:53,12.9,2.09,90.45,71.39,1.16,79.673,7301
18/14:03:53,12.85,2.09,90.46,71.522,1.16,79.684,7302
18/14:03:54,12.87,2.09,90.44,71.632,1.16,79.695,7303
18/14:03:55,12.89,2.09,90.43,71.676,1.16,79.706,7304
18/14:03:56,12.97,2.07,90.42,71.687,1.16,79.728,7305
18/14:03:57,13.02,2.03,90.41,71.676,1.16,79.75,7306
18/14:03:57,13.08,2.02,90.37,71.808,1.16,79.772,7307
18/14:03:58,12.99,2.01,90.38,71.885,1.16,79.783,7308
18/14:03:59,13.0,2.02,90.36,71.907,1.15,79.794,7309
18/14:04:00,12.95,2.02,90.36,71.918,1.15,79.816,7310
18/14:04:00,12.89,2.02,90.36,71.918,1.15,79.816,7311
18/14:04:01,12.83,2.01,90.35,71.907,1.15,79.816,7312
18/14:04:02,12.91,2.01,90.36,71.973,1.15,79.827,7313
18/14:04:02,12.94,2.0,90.36,72.061,1.14,79.86,7314
18/14:04:03,12.86,1.98,90.35,72.094,1.14,79.871,7315
18/14:04:04,12.9,1.98,90.35,72.27,1.14,79.893,7316
18/14:04:05,12.95,1.99,90.34,72.523,1.13,79.915,7317
18/14:04:05,12.91,1.99,90.33,72.501,1.13,79.926,7318
18/14:04:06,12.97,1.99,90.32,72.468,1.13,79.937,7319
18/14:04:07,12.92,1.99,90.32,72.534,1.13,79.948,7320
18/14:04:07,12.9,1.99,90.32,72.666,1.13,79.959,7321
18/14:04:08,12.78,1.98,90.32,72.743,1.13,79.97,7322
18/14:04:08,12.91,1.98,90.31,72.787,1.12,79.981,7323
18/14:04:09,12.77,1.97,90.31,72.842,1.12,79.992,7324
18/14:04:09,12.97,1.99,90.3,72.93,1.12,80.003,7325
18/14:04:10,12.86,2.0,90.31,73.018,1.12,80.014,7326
18/14:04:10,12.98,2.0,90.3,73.029,1.12,80.025,7327
18/14:04:11,12.79,2.0,90.31,73.128,1.12,80.036,7328
18/14:04:11,12.97,2.01,90.3,73.205,1.12,80.047,7329
18/14:04:12,12.88,2.01,90.3,73.282,1.11,80.058,7330
18/14:04:12,13.03,2.01,90.28,73.304,1.11,80.069,7331
18/14:04:13,12.91,2.01,90.28,73.359,1.11,80.08,7332
18/14:04:13,12.99,2.0,90.28,73.436,1.11,80.091,7333
18/14:04:14,12.87,2.0,90.28,73.458,1.11,80.102,7334
18/14:04:14,12.51,2.0,90.32,73.447,1.11,80.102,7335
18/14:04:15,12.04,2.0,90.36,73.436,1.1,80.124,7336
18/14:04:15,10.95,2.0,90.43,73.326,1.1,80.135,7337
18/14:04:16,9.56,2.0,90.59,73.095,1.1,80.135,7338
18/14:04:17,7.78,2.0,90.76,72.754,1.1,80.157,7339
18/14:04:17,4.55,1.99,91.12,72.149,1.1,80.168,7340
18/14:04:18,3.2,1.99,91.3,71.852,1.1,80.179,7341
18/14:04:18,1.77,1.98,91.45,71.456,1.1,80.19,7342
18/14:04:19,0.79,1.98,91.57,71.005,1.1,80.201,7343
18/14:04:19,0.16,1.96,91.68,70.389,1.1,80.212,7344
18/14:04:20,0.13,1.94,91.45,68.046,1.1,80.223,7345
18/14:04:21,0.1,1.91,91.32,67.078,1.1,80.234,7346
18/14:04:21,0.08,1.9,91.08,65.472,1.1,80.245,7347
18/14:04:22,0.03,1.83,90.67,65.637,1.1,80.267,7348
18/14:04:23,0.0,1.81,90.57,64.482,1.1,80.267,7349
18/14:04:23,0.0,1.8,90.28,63.096,1.1,80.278,7350
18/14:04:24,0.0,1.78,90.04,62.964,1.1,80.289,7351
18/14:04:25,0.0,1.77,89.69,58.916,1.1,80.311,7352
18/14:04:25,0.0,1.75,89.4,58.377,1.1,80.322,7353
18/14:04:26,0.0,1.76,89.13,55.847,1.1,80.322,7354
18/14:04:26,0.0,1.73,89.05,55.594,1.1,80.333,7355
18/14:04:27,0.0,1.71,89.04,56.661,1.1,80.344,7356
18/14:04:28,0.0,1.73,88.98,54.637,1.1,80.355,7357
18/14:04:28,0.0,1.7,88.75,54.032,1.1,80.355,7358
18/14:04:29,0.0,1.72,88.89,53.834,1.1,80.366,7359
18/14:04:29,0.0,1.69,88.53,52.921,1.1,80.377,7360
18/14:04:30,0.0,1.68,89.17,52.91,1.1,80.377,7361
18/14:04:30,0.0,1.69,88.69,51.337,1.1,80.388,7362
18/14:04:31,0.0,1.67,88.77,51.678,1.1,80.399,7363
18/14:04:31,0.0,1.68,88.84,49.764,1.1,80.399,7364
18/14:04:32,0.0,1.68,88.62,49.478,1.1,80.41,7365
18/14:04:32,0.0,1.68,89.02,48.576,1.1,80.421,7366
18/14:04:33,0.0,1.65,88.25,48.708,1.11,80.421,7367
18/14:04:33,0.0,1.62,88.31,44.066,1.11,80.432,7368
18/14:04:34,0.0,1.52,86.98,37.169,1.11,80.443,7369
18/14:04:35,0.0,1.53,86.27,34.067,1.11,80.454,7370
18/14:04:36,0.0,1.44,85.05,32.604,1.11,80.454,7371
18/14:04:36,0.0,1.38,83.32,19.393,1.11,80.465,7372
18/14:04:37,0.0,1.37,82.48,5.94,1.11,80.465,7373
18/14:04:37,0.0,1.38,81.88,0.22,1.11,80.465,7374
18/14:04:38,0.0,1.34,81.08,3.432,1.11,80.465,7375
18/14:04:39,0.0,1.25,79.74,11.308,1.11,80.465,7376
18/14:04:40,0.0,1.27,79.52,14.52,1.11,80.465,7377
18/14:04:40,0.0,1.28,80.56,19.151,1.11,80.476,7378
18/14:04:41,0.0,1.34,81.95,21.494,1.11,80.476,7379
18/14:04:41,0.0,1.39,83.38,22.154,1.11,80.476,7380
18/14:04:42,0.0,1.61,86.65,20.713,1.11,80.487,7381
18/14:04:43,0.0,1.85,89.69,19.976,1.11,80.487,7382
18/14:04:44,0.0,1.95,90.99,19.316,1.11,80.498,7383
18/14:04:45,0.0,2.04,92.0,18.128,1.11,80.498,7384
18/14:04:45,0.0,2.15,93.03,16.225,1.11,80.498,7385
18/14:04:46,0.0,2.17,93.34,15.301,1.11,80.498,7386
18/14:04:46,0.0,2.19,93.51,14.575,1.11,80.509,7387
18/14:04:47,0.0,2.22,93.67,13.915,1.11,80.509,7388
18/14:04:48,0.0,2.23,93.72,13.376,1.11,80.509,7389
18/14:04:48,0.0,2.22,93.66,12.881,1.11,80.509,7390
18/14:04:49,0.0,2.22,93.61,12.397,1.11,80.509,7391
18/14:04:49,0.0,2.22,93.56,12.045,1.11,80.52,7392
18/14:04:50,0.01,2.22,93.5,11.187,1.11,80.52,7393
18/14:04:51,0.01,2.22,93.5,10.659,1.11,80.52,7394
18/14:04:51,0.01,2.22,93.49,10.098,1.11,80.52,7395
18/14:04:52,0.02,2.22,93.5,9.152,1.11,80.52,7396
18/14:04:53,0.02,2.22,93.5,8.646,1.11,80.52,7397
18/14:04:53,0.02,2.21,93.5,8.25,1.11,80.531,7398
18/14:04:54,0.02,2.2,93.5,7.733,1.12,80.531,7399
18/14:04:55,0.02,2.19,93.49,7.161,1.12,80.531,7400
18/14:04:55,0.03,2.19,93.48,6.655,1.12,80.531,7401
18/14:04:56,0.03,2.18,93.49,6.248,1.12,80.531,7402
18/14:04:56,0.03,2.17,93.49,5.731,1.12,80.531,7403
18/14:04:57,0.03,2.17,93.48,5.291,1.12,80.531,7404
18/14:04:57,0.04,2.17,93.48,4.95,1.12,80.531,7405
18/14:04:58,0.04,2.16,93.48,4.664,1.12,80.531,7406
18/14:04:58,0.04,2.15,93.5,4.037,1.12,80.531,7407
18/14:05:00,0.05,2.14,93.5,3.443,1.12,80.531,7408
18/14:05:00,0.05,2.14,93.51,3.146,1.12,80.542,7409
18/14:05:01,0.06,2.14,93.51,2.97,1.12,80.542,7410
18/14:05:01,0.05,2.14,93.52,2.596,1.12,80.542,7411
18/14:05:02,0.05,2.13,93.54,2.398,1.12,80.542,7412
18/14:05:03,0.05,2.13,93.54,2.288,1.12,80.542,7413
18/14:05:03,0.05,2.13,93.54,2.244,1.12,80.542,7414
18/14:05:04,0.04,2.12,93.54,2.475,1.12,80.542,7415
18/14:05:04,0.05,2.11,93.52,2.629,1.12,80.542,7416
18/14:05:05,0.05,2.1,93.53,2.673,1.12,80.542,7417
18/14:05:05,0.05,2.09,93.53,2.629,1.12,80.542,7418
18/14:05:06,0.04,2.09,93.52,2.541,1.12,80.542,7419
18/14:05:07,0.04,2.09,93.52,2.387,1.12,80.542,7420
18/14:05:07,0.04,2.09,93.52,2.024,1.12,80.542,7421
18/14:05:07,0.04,2.09,93.53,1.749,1.12,80.542,7422
18/14:05:08,0.04,2.09,93.53,1.551,1.12,80.542,7423
18/14:05:08,0.04,2.11,93.53,1.232,1.12,80.542,7424
18/14:05:09,0.04,2.11,93.54,0.759,1.12,80.542,7425
18/14:05:10,0.04,2.12,93.55,0.407,1.12,80.542,7426
18/14:05:10,0.04,2.13,93.56,0.517,1.12,80.542,7427
18/14:05:11,0.04,2.13,93.56,0.187,1.12,80.542,7428
18/14:05:12,0.04,2.13,93.56,0.077,1.13,80.542,7429
18/14:05:12,0.04,2.13,93.56,0.033,1.13,80.542,7430
18/14:05:13,0.05,2.12,93.56,0.022,1.13,80.542,7431
18/14:05:14,0.05,2.13,93.56,0.011,1.13,80.542,7432
18/14:05:14,0.04,1.99,93.59,0.011,1.13,80.542,7433
18/14:05:15,0.04,1.81,93.61,0.011,1.13,80.542,7434
18/14:05:16,0.03,1.65,93.64,0.011,1.13,80.542,7435
18/14:05:16,0.02,1.33,93.69,0.0,1.13,80.542,7436
18/14:05:17,0.01,1.2,93.71,0.0,1.13,80.542,7437
18/14:05:18,0.02,1.18,93.71,0.011,1.13,80.542,7438
18/14:05:19,0.02,1.34,93.7,0.011,1.13,80.542,7439
18/14:05:19,0.02,1.49,93.69,0.011,1.13,80.542,7440
18/14:05:20,0.03,1.65,93.67,0.011,1.13,80.542,7441
18/14:05:20,0.03,1.83,93.64,0.022,1.13,80.542,7442
18/14:05:21,0.04,1.98,93.62,0.022,1.13,80.542,7443
18/14:05:22,0.04,2.07,93.62,0.0,1.13,80.542,7444
18/14:05:22,0.04,2.01,93.62,0.0,1.13,80.542,7445
18/14:05:23,0.03,1.87,93.64,0.011,1.13,80.542,7446
18/14:05:23,0.03,1.69,93.65,0.022,1.13,80.542,7447
18/14:05:24,0.02,1.56,93.67,0.011,1.13,80.542,7448
18/14:05:25,0.01,1.26,93.71,0.0,1.13,80.542,7449
18/14:05:26,0.0,1.0,93.74,0.011,1.13,80.542,7450
18/14:05:26,0.0,0.98,93.75,0.011,1.13,80.542,7451
18/14:05:27,0.0,1.07,93.75,0.011,1.13,80.542,7452
18/14:05:27,0.01,1.21,93.74,0.022,1.13,80.542,7453
18/14:05:28,0.02,1.34,93.73,0.022,1.13,80.542,7454
18/14:05:29,0.03,1.62,93.71,0.022,1.13,80.542,7455
18/14:05:30,0.03,1.75,93.71,0.022,1.13,80.542,7456
18/14:05:30,0.04,1.89,93.7,0.022,1.13,80.542,7457
18/14:05:31,0.04,2.02,93.69,0.011,1.13,80.542,7458
18/14:05:31,0.04,2.07,93.68,0.011,1.13,80.542,7459
18/14:05:32,0.04,2.07,93.7,0.011,1.13,80.542,7460
18/14:05:33,0.04,2.08,93.7,0.011,1.13,80.542,7461
18/14:05:33,0.04,2.08,93.7,0.011,1.13,80.542,7462
18/14:05:34,0.04,2.1,93.7,0.022,1.14,80.542,7463
18/14:05:35,0.05,2.12,93.71,0.011,1.14,80.542,7464
18/14:05:36,0.05,2.12,93.71,0.022,1.14,80.542,7465
18/14:05:37,0.04,2.13,93.7,0.011,1.14,80.542,7466
18/14:05:37,0.04,2.13,93.7,0.033,1.14,80.542,7467
18/14:05:38,0.04,2.13,93.71,0.033,1.14,80.542,7468
18/14:05:39,0.05,2.12,93.72,0.011,1.14,80.542,7469
18/14:05:40,0.04,2.09,93.73,0.011,1.14,80.542,7470
18/14:05:41,0.05,2.08,93.74,0.682,1.14,80.542,7471
18/14:05:42,0.05,2.1,93.75,1.496,1.14,80.542,7472
18/14:05:42,0.05,2.11,93.74,1.243,1.14,80.542,7473
18/14:05:43,0.05,2.12,93.75,0.352,1.14,80.542,7474
18/14:05:44,0.05,2.15,93.75,0.198,1.14,80.542,7475
18/14:05:44,0.05,2.14,93.76,0.099,1.14,80.542,7476
18/14:05:45,0.04,2.13,93.76,0.077,1.14,80.542,7477
18/14:05:46,0.04,2.07,93.77,0.825,1.14,80.542,7478
18/14:05:46,0.04,2.07,93.77,1.408,1.14,80.542,7479
18/14:05:47,0.04,2.1,93.79,2.464,1.14,80.542,7480
18/14:05:48,0.04,2.11,93.79,2.497,1.14,80.542,7481
18/14:05:49,0.05,2.14,93.8,2.387,1.14,80.542,7482
18/14:05:49,0.05,2.18,93.8,2.068,1.14,80.542,7483
18/14:05:50,0.05,2.21,93.81,1.826,1.14,80.542,7484
18/14:05:50,0.05,2.24,93.82,1.562,1.14,80.542,7485
18/14:05:51,0.05,2.25,93.82,0.803,1.14,80.542,7486
18/14:05:51,0.04,2.24,93.83,0.297,1.14,80.542,7487
18/14:05:52,0.05,2.24,93.83,0.165,1.14,80.542,7488
18/14:05:52,0.05,2.21,93.83,0.132,1.15,80.542,7489
18/14:05:54,0.05,2.18,93.85,0.022,1.15,80.542,7490
18/14:05:55,0.06,2.17,93.86,0.0,1.15,80.542,7491
18/14:05:56,0.06,2.16,93.85,0.011,1.15,80.542,7492
18/14:05:57,0.05,2.12,93.88,0.011,1.15,80.542,7493
18/14:05:57,0.04,1.94,93.95,0.0,1.15,80.542,7494
18/14:05:58,0.03,1.85,93.97,0.0,1.15,80.542,7495
18/14:05:59,0.03,1.78,93.99,0.011,1.15,80.542,7496
18/14:06:00,0.01,1.54,94.03,0.011,1.15,80.542,7497
18/14:06:00,0.01,1.38,94.06,0.011,1.15,80.542,7498
18/14:06:01,0.0,1.22,94.09,0.011,1.15,80.542,7499
18/14:06:02,0.01,1.05,94.1,0.011,1.15,80.542,7500
18/14:06:03,0.01,1.05,94.07,0.011,1.15,80.542,7501
18/14:06:03,0.02,1.1,94.06,0.011,1.15,80.542,7502
18/14:06:04,0.02,1.28,94.03,0.011,1.15,80.542,7503
18/14:06:04,0.03,1.46,94.0,0.011,1.15,80.542,7504
18/14:06:05,0.04,1.63,93.96,0.011,1.15,80.542,7505
18/14:06:05,0.04,1.81,93.94,0.022,1.15,80.542,7506
18/14:06:06,0.05,2.13,93.9,0.022,1.15,80.542,7507
18/14:06:07,0.05,2.19,93.91,0.011,1.15,80.542,7508
18/14:06:08,0.05,2.19,93.92,0.011,1.15,80.542,7509
18/14:06:08,0.04,2.19,93.92,0.011,1.15,80.542,7510
18/14:06:09,0.04,2.19,93.93,0.011,1.15,80.542,7511
18/14:06:09,0.03,2.02,93.97,0.011,1.15,80.542,7512
18/14:06:10,0.03,1.78,94.03,0.011,1.15,80.542,7513
18/14:06:10,0.03,1.51,94.12,0.011,1.15,80.542,7514
18/14:06:11,0.02,1.21,94.19,0.011,1.15,80.542,7515
18/14:06:11,0.01,0.94,94.27,0.011,1.15,80.542,7516
18/14:06:12,0.01,0.56,94.37,0.011,1.15,80.542,7517
18/14:06:13,0.01,0.59,94.36,0.011,1.15,80.542,7518
18/14:06:13,0.02,0.76,94.33,0.022,1.15,80.542,7519
18/14:06:14,0.02,1.02,94.26,0.022,1.15,80.542,7520
18/14:06:14,0.03,1.37,94.18,0.011,1.15,80.542,7521
18/14:06:15,0.03,1.64,94.11,0.022,1.15,80.542,7522
18/14:06:15,0.04,1.9,94.05,0.022,1.15,80.542,7523
18/14:06:16,0.04,2.19,93.98,0.022,1.16,80.542,7524
18/14:06:17,0.04,2.22,93.98,0.011,1.16,80.542,7525
18/14:06:17,0.04,2.22,93.99,0.022,1.16,80.542,7526
18/14:06:18,0.04,2.22,93.99,0.022,1.16,80.542,7527
18/14:06:18,0.04,2.22,93.99,0.022,1.16,80.542,7528
18/14:06:19,0.03,2.23,94.0,0.011,1.16,80.542,7529
18/14:06:20,0.04,2.23,94.0,0.011,1.16,80.542,7530
18/14:06:21,0.04,2.23,94.01,0.022,1.16,80.542,7531
18/14:06:21,0.04,2.24,94.01,0.011,1.16,80.542,7532
18/14:06:22,0.03,1.85,94.05,0.0,1.16,80.542,7533
18/14:06:23,0.03,1.59,94.03,0.0,1.16,80.542,7534
18/14:06:23,0.02,1.32,94.01,0.0,1.16,80.542,7535
18/14:06:24,0.02,1.15,94.05,0.0,1.16,80.542,7536
18/14:06:25,0.01,1.06,94.08,0.011,1.16,80.542,7537
18/14:06:25,0.01,0.98,94.11,0.011,1.16,80.542,7538
18/14:06:26,0.0,0.81,94.18,0.011,1.16,80.542,7539
18/14:06:26,0.0,0.86,94.17,0.011,1.16,80.542,7540
18/14:06:27,0.0,0.98,94.22,0.011,1.16,80.542,7541
18/14:06:28,0.01,1.41,94.21,0.022,1.16,80.542,7542
18/14:06:29,0.02,1.61,94.17,0.011,1.16,80.542,7543
18/14:06:30,0.03,1.73,94.14,0.011,1.16,80.542,7544
18/14:06:30,0.03,1.94,94.12,0.011,1.16,80.542,7545
18/14:06:31,0.04,2.16,94.11,0.033,1.16,80.542,7546
18/14:06:31,0.04,2.33,94.1,0.033,1.16,80.542,7547
18/14:06:32,0.04,2.36,94.1,0.022,1.16,80.542,7548
18/14:06:32,0.04,2.37,94.12,0.033,1.16,80.542,7549
18/14:06:33,0.05,2.38,94.12,0.022,1.16,80.542,7550
18/14:06:34,0.05,2.38,94.13,0.022,1.16,80.542,7551
18/14:06:35,0.05,2.38,94.13,0.022,1.16,80.542,7552
18/14:06:35,0.05,2.38,94.13,0.022,1.16,80.542,7553
18/14:06:36,0.04,2.28,94.16,0.011,1.16,80.542,7554
18/14:06:37,0.04,2.11,94.12,0.011,1.16,80.542,7555
18/14:06:37,0.03,1.96,94.08,0.0,1.16,80.542,7556
18/14:06:38,0.03,1.81,94.07,0.0,1.16,80.542,7557
18/14:06:38,0.02,1.69,94.08,0.0,1.16,80.542,7558
18/14:06:39,0.02,1.56,94.05,0.0,1.16,80.542,7559
18/14:06:39,0.01,1.47,94.09,0.0,1.16,80.542,7560
18/14:06:40,0.0,1.44,94.14,0.011,1.16,80.542,7561
18/14:06:40,0.0,1.56,94.16,0.011,1.16,80.542,7562
18/14:06:41,0.01,1.86,94.25,0.011,1.16,80.542,7563
18/14:06:42,0.02,1.99,94.28,0.011,1.16,80.542,7564
18/14:06:42,0.02,2.16,94.28,0.011,1.16,80.542,7565
18/14:06:43,0.03,2.27,94.27,0.0,1.16,80.542,7566
18/14:06:43,0.03,2.32,94.24,0.011,1.16,80.542,7567
18/14:06:44,0.04,2.36,94.21,0.033,1.16,80.542,7568
18/14:06:45,0.04,2.4,94.18,0.022,1.16,80.542,7569
18/14:06:45,0.04,2.4,94.18,0.011,1.16,80.542,7570
18/14:06:46,0.04,2.39,94.19,0.011,1.16,80.542,7571
18/14:06:46,0.04,2.39,94.19,0.022,1.16,80.542,7572
18/14:06:47,0.04,2.4,94.18,0.022,1.16,80.542,7573
